#B	Created:	11.08.2025 14:47:57
##	Version	SeaStar	9.59
#5	Field separation:	0
#2	Date & Time:	1
#6	Decimal point:	,
#7	Date def.:	dd.mm.yyyy	.
#8	Time def.:	:
##	Axis	0	Temperature(°C)	clRed	FALSE
##	Axis	1	Pressure(Bar)	clBlue	FALSE
##	Axis	2	Angle(°)	clGreen	FALSE
##	Axis	3	EAL	clSkyBlue	FALSE
##	Axis	4	Roll(°)	$00404080	FALSE
##	Series	0	Temp(°C)	clRed	0	Temp(°C)	2
##	Series	1	Press(Bar)	clBlue	1	Press(Bar)	2
##	Series	2	Tilt-X(°)	clGreen	2	Tilt-X(°)	1
##	Series	3	Tilt-Y(°)	$00404080	2	Tilt-Y(°)	1
##	Series	4	Tilt-Z(°)	$00FF0080	2	Tilt-Z(°)	1
##	Series	5	EAL	clSkyBlue	3	EAL	0
##	Series	6	Roll(°)	$00404080	4	Roll(°)	1
##	Recorder	72	DST tilt	1173
##	Chart	72H1173DAT	
#D	Data:	3515	11.08.2025 13:48:00	11.08.2025 14:46:34
1	11.08.2025 13:48:00,000	27,74	4,79	9,3	-44,8	36,0	0	-50,0
2	11.08.2025 13:48:01,000	27,74	4,79	9,0	-44,8	36,3	0	-49,8
3	11.08.2025 13:48:02,000	27,72	4,79	8,9	-44,7	36,3	0	-49,7
4	11.08.2025 13:48:03,000	27,72	4,76	8,6	-45,0	36,4	0	-49,8
5	11.08.2025 13:48:04,000	27,72	4,79	8,4	-44,6	36,9	0	-49,3
6	11.08.2025 13:48:05,000	27,72	4,76	8,1	-45,2	36,7	0	-49,7
7	11.08.2025 13:48:06,000	27,72	4,79	8,0	-45,2	36,8	0	-49,6
8	11.08.2025 13:48:07,000	27,72	4,76	8,0	-45,2	36,7	0	-49,7
9	11.08.2025 13:48:08,000	27,72	4,79	8,3	-45,0	36,7	0	-49,6
10	11.08.2025 13:48:09,000	27,69	4,76	8,6	-44,9	36,5	0	-49,7
11	11.08.2025 13:48:10,000	27,69	4,76	8,3	-45,1	36,6	0	-49,7
12	11.08.2025 13:48:11,000	27,69	4,76	8,3	-45,1	36,5	0	-49,8
13	11.08.2025 13:48:12,000	27,69	4,79	8,6	-44,8	36,5	0	-49,6
14	11.08.2025 13:48:13,000	27,69	4,79	8,8	-44,6	36,6	0	-49,5
15	11.08.2025 13:48:14,000	27,69	4,79	8,6	-45,0	36,4	0	-49,8
16	11.08.2025 13:48:15,000	27,69	4,79	8,4	-45,2	36,4	0	-49,9
17	11.08.2025 13:48:16,000	27,69	4,76	8,4	-44,9	36,8	0	-49,5
18	11.08.2025 13:48:17,000	27,66	4,78	8,4	-44,9	36,7	0	-49,6
19	11.08.2025 13:48:18,000	27,66	4,76	8,4	-45,5	36,1	0	-50,2
20	11.08.2025 13:48:19,000	27,66	4,78	8,5	-44,9	36,6	0	-49,7
21	11.08.2025 13:48:20,000	27,66	4,76	8,6	-44,8	36,6	0	-49,5
22	11.08.2025 13:48:21,000	27,66	4,76	8,8	-44,9	36,3	0	-49,8
23	11.08.2025 13:48:22,000	27,66	4,78	8,8	-44,8	36,4	0	-49,7
24	11.08.2025 13:48:23,000	27,66	4,78	8,7	-44,9	36,3	0	-49,8
25	11.08.2025 13:48:24,000	27,66	4,78	8,7	-45,0	36,4	0	-49,8
26	11.08.2025 13:48:25,000	27,63	4,76	8,4	-44,9	36,7	0	-49,6
27	11.08.2025 13:48:26,000	27,63	4,76	8,5	-44,9	36,6	0	-49,6
28	11.08.2025 13:48:27,000	27,63	4,78	8,4	-45,2	36,4	0	-49,9
29	11.08.2025 13:48:28,000	27,63	4,76	8,3	-45,3	36,5	0	-49,9
30	11.08.2025 13:48:29,000	27,63	4,78	7,8	-45,4	36,8	0	-49,8
31	11.08.2025 13:48:30,000	27,63	4,76	7,6	-45,5	36,9	0	-49,7
32	11.08.2025 13:48:31,000	27,63	4,76	8,2	-45,0	36,8	0	-49,6
33	11.08.2025 13:48:32,000	27,60	4,78	8,6	-45,2	36,3	0	-50,0
34	11.08.2025 13:48:33,000	27,60	4,78	8,5	-45,2	36,2	0	-50,0
35	11.08.2025 13:48:34,000	27,60	4,78	8,4	-45,2	36,4	0	-49,9
36	11.08.2025 13:48:35,000	27,60	4,75	8,5	-45,0	36,6	0	-49,7
37	11.08.2025 13:48:36,000	27,60	4,78	8,9	-44,6	36,6	0	-49,5
38	11.08.2025 13:48:37,000	27,60	4,78	8,7	-45,1	36,2	0	-49,9
39	11.08.2025 13:48:38,000	27,60	4,78	8,5	-44,9	36,6	0	-49,7
40	11.08.2025 13:48:39,000	27,60	4,75	8,3	-44,9	36,8	0	-49,5
41	11.08.2025 13:48:40,000	27,60	4,75	8,3	-45,4	36,3	0	-50,0
42	11.08.2025 13:48:41,000	27,57	4,75	8,8	-44,8	36,4	0	-49,7
43	11.08.2025 13:48:42,000	27,57	4,77	8,8	-45,1	36,1	0	-50,0
44	11.08.2025 13:48:43,000	27,57	4,75	8,6	-44,9	36,4	0	-49,7
45	11.08.2025 13:48:44,000	27,57	4,77	8,7	-44,9	36,4	0	-49,8
46	11.08.2025 13:48:45,000	27,57	4,77	8,6	-45,0	36,3	0	-49,8
47	11.08.2025 13:48:46,000	27,57	4,75	8,8	-44,8	36,4	0	-49,7
48	11.08.2025 13:48:47,000	27,57	4,77	8,4	-45,0	36,6	0	-49,7
49	11.08.2025 13:48:48,000	27,57	4,77	7,8	-45,5	36,7	0	-49,9
50	11.08.2025 13:48:49,000	27,54	4,75	7,0	-46,1	36,9	0	-50,1
51	11.08.2025 13:48:50,000	27,54	4,75	6,2	-46,4	37,4	0	-49,9
52	11.08.2025 13:48:51,000	27,54	4,77	5,6	-46,4	38,0	0	-49,5
53	11.08.2025 13:48:52,000	27,54	4,77	5,2	-47,0	37,7	0	-49,9
54	11.08.2025 13:48:53,000	27,54	4,77	4,8	-47,4	37,8	0	-50,1
55	11.08.2025 13:48:54,000	27,54	4,75	4,6	-47,0	38,4	0	-49,5
56	11.08.2025 13:48:55,000	27,54	4,77	4,5	-47,6	38,0	0	-50,1
57	11.08.2025 13:48:56,000	27,54	4,75	4,3	-47,4	38,3	0	-49,8
58	11.08.2025 13:48:57,000	27,54	4,77	5,2	-47,0	37,8	0	-49,9
59	11.08.2025 13:48:58,000	27,51	4,77	5,5	-46,8	37,7	0	-49,9
60	11.08.2025 13:48:59,000	27,51	4,74	5,6	-47,0	37,4	0	-50,1
61	11.08.2025 13:49:00,000	27,51	4,74	5,9	-46,5	37,6	0	-49,8
62	11.08.2025 13:49:01,000	27,51	4,77	5,7	-46,8	37,5	0	-50,0
63	11.08.2025 13:49:02,000	27,51	4,77	5,3	-47,0	37,7	0	-50,0
64	11.08.2025 13:49:03,000	27,51	4,74	5,1	-46,4	38,5	0	-49,2
65	11.08.2025 13:49:04,000	27,51	4,74	4,8	-47,2	38,0	0	-49,9
66	11.08.2025 13:49:05,000	27,51	4,74	4,9	-47,0	38,1	0	-49,7
67	11.08.2025 13:49:06,000	27,51	4,74	6,3	-45,8	38,0	0	-49,2
68	11.08.2025 13:49:07,000	27,48	4,74	6,5	-46,4	37,1	0	-50,1
69	11.08.2025 13:49:08,000	27,48	4,74	7,0	-45,9	37,1	0	-49,8
70	11.08.2025 13:49:09,000	27,48	4,74	7,8	-45,3	36,9	0	-49,6
71	11.08.2025 13:49:10,000	27,48	4,77	8,5	-45,2	36,2	0	-50,0
72	11.08.2025 13:49:11,000	27,48	4,77	8,3	-45,3	36,4	0	-50,0
73	11.08.2025 13:49:12,000	27,48	4,74	8,7	-45,0	36,3	0	-49,8
74	11.08.2025 13:49:13,000	27,48	4,77	7,5	-45,7	36,8	0	-49,9
75	11.08.2025 13:49:14,000	27,48	4,74	6,4	-46,6	37,0	0	-50,2
76	11.08.2025 13:49:15,000	27,48	4,77	5,2	-46,9	37,9	0	-49,8
77	11.08.2025 13:49:16,000	27,48	4,74	3,9	-48,2	37,9	0	-50,4
78	11.08.2025 13:49:17,000	27,48	4,74	3,0	-48,5	38,5	0	-50,2
79	11.08.2025 13:49:18,000	27,45	4,76	2,4	-48,3	39,3	0	-49,7
80	11.08.2025 13:49:19,000	27,45	4,76	2,7	-48,6	38,7	0	-50,1
81	11.08.2025 13:49:20,000	27,45	4,76	2,4	-48,8	38,8	0	-50,2
82	11.08.2025 13:49:21,000	27,45	4,76	3,0	-48,2	38,8	0	-49,9
83	11.08.2025 13:49:22,000	27,45	4,76	3,2	-48,0	38,8	0	-49,7
84	11.08.2025 13:49:23,000	27,45	4,74	2,9	-48,7	38,4	0	-50,4
85	11.08.2025 13:49:24,000	27,45	4,74	3,3	-48,0	38,7	0	-49,9
86	11.08.2025 13:49:25,000	27,45	4,76	2,9	-48,7	38,4	0	-50,3
87	11.08.2025 13:49:26,000	27,45	4,74	3,1	-47,8	39,0	0	-49,5
88	11.08.2025 13:49:27,000	27,42	4,74	2,5	-48,5	39,0	0	-49,9
89	11.08.2025 13:49:28,000	27,42	4,74	2,5	-48,3	39,2	0	-49,7
90	11.08.2025 13:49:29,000	27,42	4,76	2,1	-48,8	39,1	0	-49,9
91	11.08.2025 13:49:30,000	27,42	4,76	2,2	-49,1	38,8	0	-50,3
92	11.08.2025 13:49:31,000	27,42	4,76	2,1	-48,7	39,2	0	-49,8
93	11.08.2025 13:49:32,000	27,42	4,74	2,0	-49,0	39,0	0	-50,1
94	11.08.2025 13:49:33,000	27,42	4,76	1,9	-49,2	38,9	0	-50,2
95	11.08.2025 13:49:34,000	27,42	4,76	2,0	-49,4	38,7	0	-50,5
96	11.08.2025 13:49:35,000	27,42	4,74	2,1	-48,8	39,1	0	-50,0
97	11.08.2025 13:49:36,000	27,42	4,74	2,4	-48,7	38,9	0	-50,1
98	11.08.2025 13:49:37,000	27,42	4,74	3,1	-48,2	38,8	0	-49,9
99	11.08.2025 13:49:38,000	27,42	4,76	3,5	-48,2	38,4	0	-50,1
100	11.08.2025 13:49:39,000	27,40	4,73	3,9	-47,5	38,6	0	-49,7
101	11.08.2025 13:49:40,000	27,40	4,76	4,3	-47,5	38,2	0	-49,9
102	11.08.2025 13:49:41,000	27,40	4,76	4,8	-47,0	38,1	0	-49,7
103	11.08.2025 13:49:42,000	27,40	4,76	5,2	-46,9	37,9	0	-49,8
104	11.08.2025 13:49:43,000	27,40	4,73	5,6	-46,5	37,9	0	-49,6
105	11.08.2025 13:49:44,000	27,40	4,76	6,1	-46,2	37,7	0	-49,6
106	11.08.2025 13:49:45,000	27,40	4,73	6,2	-46,2	37,6	0	-49,7
107	11.08.2025 13:49:46,000	27,40	4,73	6,3	-46,1	37,6	0	-49,6
108	11.08.2025 13:49:47,000	27,40	4,73	6,2	-46,2	37,6	0	-49,6
109	11.08.2025 13:49:48,000	27,40	4,73	6,1	-46,2	37,7	0	-49,6
110	11.08.2025 13:49:49,000	27,40	4,76	5,9	-46,3	37,8	0	-49,6
111	11.08.2025 13:49:50,000	27,40	4,73	5,7	-46,4	37,9	0	-49,6
112	11.08.2025 13:49:51,000	27,37	4,73	5,7	-46,2	38,1	0	-49,3
113	11.08.2025 13:49:52,000	27,37	4,75	5,7	-46,3	38,0	0	-49,5
114	11.08.2025 13:49:53,000	27,37	4,73	5,7	-46,5	37,8	0	-49,7
115	11.08.2025 13:49:54,000	27,37	4,73	5,8	-46,3	37,9	0	-49,6
116	11.08.2025 13:49:55,000	27,37	4,75	5,7	-46,3	38,0	0	-49,5
117	11.08.2025 13:49:56,000	27,37	4,75	5,6	-46,2	38,1	0	-49,3
118	11.08.2025 13:49:57,000	27,37	4,73	5,5	-46,5	38,0	0	-49,5
119	11.08.2025 13:49:58,000	27,37	4,75	5,2	-46,5	38,3	0	-49,4
120	11.08.2025 13:49:59,000	27,37	4,75	5,4	-46,5	38,1	0	-49,5
121	11.08.2025 13:50:00,000	27,37	4,73	5,6	-46,3	38,1	0	-49,4
122	11.08.2025 13:50:01,000	27,37	4,73	6,0	-46,2	37,8	0	-49,5
123	11.08.2025 13:50:02,000	27,34	4,75	6,2	-46,5	37,2	0	-50,0
124	11.08.2025 13:50:03,000	27,34	4,75	5,2	-48,9	35,9	0	-52,0
125	11.08.2025 13:50:04,000	27,34	4,73	-2,5	-34,8	52,7	0	-35,8
126	11.08.2025 13:50:05,000	27,34	4,73	-3,7	-28,1	58,2	0	-29,3
127	11.08.2025 13:50:06,000	27,34	4,75	-4,4	-25,9	59,7	0	-27,2
128	11.08.2025 13:50:07,000	27,34	4,73	-6,1	-11,5	72,4	0	-12,2
129	11.08.2025 13:50:08,000	27,34	4,75	-7,1	-10,3	72,6	0	-11,0
130	11.08.2025 13:50:09,000	27,34	4,73	-5,9	-10,3	73,8	0	-10,9
131	11.08.2025 13:50:10,000	27,34	4,75	-5,7	-10,4	73,9	0	-11,0
132	11.08.2025 13:50:11,000	27,34	4,75	-5,6	-10,3	74,1	0	-10,9
133	11.08.2025 13:50:12,000	27,34	4,75	-5,3	-10,7	74,0	0	-11,3
134	11.08.2025 13:50:13,000	27,34	4,73	-3,1	-3,9	83,0	0	-4,0
135	11.08.2025 13:50:14,000	27,34	4,73	2,0	12,7	75,3	0	13,0
136	11.08.2025 13:50:15,000	27,31	4,75	5,4	14,6	70,0	0	15,4
137	11.08.2025 13:50:16,000	27,31	4,72	3,3	15,7	71,0	0	16,2
138	11.08.2025 13:50:17,000	27,31	4,75	1,6	17,8	70,6	0	18,1
139	11.08.2025 13:50:18,000	27,31	4,72	6,3	14,9	68,8	0	15,9
140	11.08.2025 13:50:19,000	27,31	4,75	5,0	15,0	70,1	0	15,8
141	11.08.2025 13:50:20,000	27,31	4,72	5,8	13,5	70,7	0	14,3
142	11.08.2025 13:50:21,000	27,31	4,75	6,2	13,6	70,2	0	14,4
143	11.08.2025 13:50:22,000	27,31	4,75	6,3	13,1	70,6	0	13,9
144	11.08.2025 13:50:23,000	27,31	4,75	7,0	12,7	70,3	0	13,5
145	11.08.2025 13:50:24,000	27,31	4,72	6,7	13,3	70,0	0	14,2
146	11.08.2025 13:50:25,000	27,31	4,75	6,2	13,6	70,2	0	14,4
147	11.08.2025 13:50:26,000	27,31	4,72	6,0	14,1	69,9	0	15,0
148	11.08.2025 13:50:27,000	27,28	4,72	8,4	12,4	69,2	0	13,5
149	11.08.2025 13:50:28,000	27,28	4,75	8,5	11,0	70,6	0	11,8
150	11.08.2025 13:50:29,000	27,28	4,72	10,4	9,7	69,9	0	10,6
151	11.08.2025 13:50:30,000	27,28	4,72	11,0	9,1	69,9	0	9,9
152	11.08.2025 13:50:31,000	27,28	4,75	12,1	8,8	69,0	0	9,7
153	11.08.2025 13:50:32,000	27,28	4,72	11,5	8,7	69,8	0	9,5
154	11.08.2025 13:50:33,000	27,28	4,72	11,0	7,9	71,1	0	8,5
155	11.08.2025 13:50:34,000	27,28	4,75	13,3	7,2	69,5	0	7,9
156	11.08.2025 13:50:35,000	27,28	4,75	11,4	11,2	67,3	0	12,4
157	11.08.2025 13:50:36,000	27,28	4,72	11,8	10,8	67,4	0	12,0
158	11.08.2025 13:50:37,000	27,28	4,72	12,8	9,3	68,0	0	10,2
159	11.08.2025 13:50:38,000	27,28	4,72	12,2	9,2	68,6	0	10,1
160	11.08.2025 13:50:39,000	27,28	4,75	12,4	9,2	68,3	0	10,2
161	11.08.2025 13:50:40,000	27,25	4,74	11,4	10,4	68,1	0	11,5
162	11.08.2025 13:50:41,000	27,25	4,74	10,9	10,9	68,2	0	12,0
163	11.08.2025 13:50:42,000	27,25	4,72	11,1	11,1	67,8	0	12,2
164	11.08.2025 13:50:43,000	27,25	4,74	10,7	10,3	69,0	0	11,2
165	11.08.2025 13:50:44,000	27,25	4,72	12,3	9,7	68,0	0	10,7
166	11.08.2025 13:50:45,000	27,25	4,72	11,0	10,1	68,8	0	11,1
167	11.08.2025 13:50:46,000	27,25	4,74	11,3	10,6	68,1	0	11,7
168	11.08.2025 13:50:47,000	27,25	4,72	11,2	9,9	68,9	0	10,9
169	11.08.2025 13:50:48,000	27,25	4,74	12,5	9,4	68,0	0	10,4
170	11.08.2025 13:50:49,000	27,25	4,74	11,1	9,9	68,9	0	10,9
171	11.08.2025 13:50:50,000	27,25	4,74	11,0	10,9	68,1	0	12,0
172	11.08.2025 13:50:51,000	27,25	4,74	10,3	11,7	68,0	0	12,9
173	11.08.2025 13:50:52,000	27,25	4,74	10,5	11,5	68,0	0	12,6
174	11.08.2025 13:50:53,000	27,25	4,74	10,1	11,9	68,0	0	13,0
175	11.08.2025 13:50:54,000	27,22	4,72	10,4	11,7	67,9	0	12,8
176	11.08.2025 13:50:55,000	27,22	4,74	13,0	10,3	66,7	0	11,4
177	11.08.2025 13:50:56,000	27,22	4,72	14,0	9,8	66,2	0	10,9
178	11.08.2025 13:50:57,000	27,22	4,72	14,6	9,2	66,2	0	10,3
179	11.08.2025 13:50:58,000	27,22	4,74	14,1	10,2	65,7	0	11,4
180	11.08.2025 13:50:59,000	27,22	4,74	14,3	10,1	65,6	0	11,3
181	11.08.2025 13:51:00,000	27,22	4,74	14,0	10,0	66,0	0	11,2
182	11.08.2025 13:51:01,000	27,22	4,74	14,4	9,6	66,0	0	10,8
183	11.08.2025 13:51:02,000	27,22	4,72	14,0	9,7	66,3	0	10,8
184	11.08.2025 13:51:03,000	27,22	4,72	12,4	13,3	64,4	0	14,9
185	11.08.2025 13:51:04,000	27,22	4,74	13,3	10,9	65,8	0	12,2
186	11.08.2025 13:51:05,000	27,22	4,74	12,8	10,8	66,4	0	12,0
187	11.08.2025 13:51:06,000	27,22	4,74	14,9	9,1	65,9	0	10,2
188	11.08.2025 13:51:07,000	27,22	4,74	15,8	8,2	66,0	0	9,2
189	11.08.2025 13:51:08,000	27,22	4,74	15,5	8,8	65,7	0	9,9
190	11.08.2025 13:51:09,000	27,22	4,74	14,5	9,5	65,9	0	10,7
191	11.08.2025 13:51:10,000	27,19	4,74	14,9	9,6	65,5	0	10,7
192	11.08.2025 13:51:11,000	27,19	4,74	15,3	8,7	65,9	0	9,8
193	11.08.2025 13:51:12,000	27,19	4,74	15,1	9,0	65,9	0	10,1
194	11.08.2025 13:51:13,000	27,19	4,74	17,6	7,2	65,2	0	8,1
195	11.08.2025 13:51:14,000	27,19	4,71	17,3	5,7	67,0	0	6,3
196	11.08.2025 13:51:15,000	27,19	4,74	16,4	5,7	67,9	0	6,3
197	11.08.2025 13:51:16,000	27,19	4,74	16,8	6,0	67,2	0	6,7
198	11.08.2025 13:51:17,000	27,19	4,76	15,4	7,8	66,7	0	8,7
199	11.08.2025 13:51:18,000	27,19	4,74	17,3	5,4	67,3	0	5,9
200	11.08.2025 13:51:19,000	27,19	4,74	16,5	6,2	67,3	0	6,9
201	11.08.2025 13:51:20,000	27,19	4,74	16,6	5,8	67,6	0	6,4
202	11.08.2025 13:51:21,000	27,19	4,71	16,8	5,9	67,3	0	6,5
203	11.08.2025 13:51:22,000	27,19	4,74	16,2	6,5	67,4	0	7,2
204	11.08.2025 13:51:23,000	27,19	4,74	16,3	6,6	67,1	0	7,4
205	11.08.2025 13:51:24,000	27,19	4,74	16,5	5,9	67,6	0	6,5
206	11.08.2025 13:51:25,000	27,19	4,74	15,5	8,2	66,4	0	9,2
207	11.08.2025 13:51:26,000	27,19	4,74	15,6	7,6	66,8	0	8,5
208	11.08.2025 13:51:27,000	27,16	4,73	15,8	8,2	66,0	0	9,2
209	11.08.2025 13:51:28,000	27,16	4,73	16,2	7,6	66,1	0	8,5
210	11.08.2025 13:51:29,000	27,16	4,73	16,1	7,6	66,2	0	8,6
211	11.08.2025 13:51:30,000	27,16	4,73	14,4	11,3	64,2	0	12,8
212	11.08.2025 13:51:31,000	27,16	4,76	10,4	20,1	59,5	0	22,4
213	11.08.2025 13:51:32,000	27,16	4,73	9,5	29,4	51,1	0	32,7
214	11.08.2025 13:51:33,000	27,16	4,73	10,9	8,3	-70,8	0	171,0
215	11.08.2025 13:51:34,000	27,16	4,73	20,7	10,3	-59,0	1	167,8
216	11.08.2025 13:51:35,000	27,16	4,73	18,4	44,5	-27,1	1	123,5
217	11.08.2025 13:51:36,000	26,73	4,86	8,0	66,1	-15,9	1	107,2
218	11.08.2025 13:51:37,000	26,09	4,94	-8,5	49,6	31,9	0	54,8
219	11.08.2025 13:51:38,000	25,62	5,03	-13,7	43,5	32,8	0	51,5
220	11.08.2025 13:51:39,000	25,27	5,05	-22,3	10,5	57,2	0	12,7
221	11.08.2025 13:51:40,000	25,01	5,04	3,7	25,8	60,5	0	26,9
222	11.08.2025 13:51:41,000	24,87	5,05	1,2	7,0	81,8	0	7,1
223	11.08.2025 13:51:42,000	24,78	5,05	-1,6	5,9	82,5	0	6,0
224	11.08.2025 13:51:43,000	24,69	5,08	10,9	-2,5	76,6	0	-2,7
225	11.08.2025 13:51:44,000	24,64	5,10	18,3	-0,6	71,1	0	-0,6
226	11.08.2025 13:51:45,000	24,55	5,09	21,3	-5,3	63,4	0	-6,1
227	11.08.2025 13:51:46,000	24,49	5,09	21,3	-16,5	52,2	0	-20,5
228	11.08.2025 13:51:47,000	24,43	5,08	26,8	-17,4	45,8	0	-23,3
229	11.08.2025 13:51:48,000	24,40	5,06	29,7	-21,3	38,9	0	-30,6
230	11.08.2025 13:51:49,000	24,40	5,03	27,5	-21,0	41,5	0	-29,0
231	11.08.2025 13:51:50,000	24,35	5,03	26,1	-24,8	39,1	0	-34,1
232	11.08.2025 13:51:51,000	24,32	5,02	23,5	-22,0	44,4	0	-28,8
233	11.08.2025 13:51:52,000	24,23	5,04	22,5	-11,1	56,4	0	-13,4
234	11.08.2025 13:51:53,000	24,17	5,06	19,6	-9,5	60,8	0	-11,1
235	11.08.2025 13:51:54,000	24,11	5,08	20,1	-6,4	63,5	0	-7,3
236	11.08.2025 13:51:55,000	24,08	5,07	25,2	-0,9	63,9	0	-1,0
237	11.08.2025 13:51:56,000	24,08	5,10	19,9	6,0	64,1	0	6,8
238	11.08.2025 13:51:57,000	24,03	5,07	16,7	9,7	63,6	0	11,1
239	11.08.2025 13:51:58,000	23,97	5,08	11,7	15,1	63,2	0	16,9
240	11.08.2025 13:51:59,000	23,94	5,11	13,3	19,7	57,0	0	22,6
241	11.08.2025 13:52:00,000	23,85	5,12	15,0	20,3	54,7	0	23,8
242	11.08.2025 13:52:01,000	23,74	5,16	14,1	18,7	57,1	0	21,6
243	11.08.2025 13:52:02,000	23,68	5,15	13,5	16,7	59,8	0	19,1
244	11.08.2025 13:52:03,000	23,65	5,17	13,8	17,7	58,5	0	20,3
245	11.08.2025 13:52:04,000	23,62	5,19	13,0	17,8	59,2	0	20,3
246	11.08.2025 13:52:05,000	23,59	5,19	11,2	18,4	60,4	0	20,6
247	11.08.2025 13:52:06,000	23,53	5,21	12,5	17,5	59,9	0	19,9
248	11.08.2025 13:52:07,000	23,47	5,23	9,5	17,3	63,2	0	19,0
249	11.08.2025 13:52:08,000	23,44	5,25	7,4	14,9	67,7	0	16,1
250	11.08.2025 13:52:09,000	23,42	5,27	7,2	18,0	64,8	0	19,4
251	11.08.2025 13:52:10,000	23,36	5,26	6,9	17,4	65,7	0	18,7
252	11.08.2025 13:52:11,000	23,33	5,26	6,5	15,2	68,3	0	16,2
253	11.08.2025 13:52:12,000	23,33	5,28	6,0	16,0	68,0	0	17,0
254	11.08.2025 13:52:13,000	23,33	5,26	7,5	13,6	68,9	0	14,6
255	11.08.2025 13:52:14,000	23,33	5,26	7,3	14,1	68,6	0	15,2
256	11.08.2025 13:52:15,000	23,33	5,28	6,1	11,8	72,1	0	12,6
257	11.08.2025 13:52:16,000	23,36	5,26	8,5	11,0	70,5	0	11,9
258	11.08.2025 13:52:17,000	23,36	5,28	9,8	8,8	71,4	0	9,5
259	11.08.2025 13:52:18,000	23,36	5,28	8,9	5,7	75,4	0	6,1
260	11.08.2025 13:52:19,000	23,33	5,28	10,6	1,9	77,5	0	2,0
261	11.08.2025 13:52:20,000	23,30	5,30	7,8	2,7	79,5	0	2,8
262	11.08.2025 13:52:21,000	23,27	5,30	7,0	-1,3	81,7	0	-1,3
263	11.08.2025 13:52:22,000	23,27	5,30	4,0	-4,9	81,1	0	-5,1
264	11.08.2025 13:52:23,000	23,27	5,30	0,1	-6,0	83,9	0	-6,0
265	11.08.2025 13:52:24,000	23,30	5,33	-2,1	-7,0	80,9	0	-7,1
266	11.08.2025 13:52:25,000	23,30	5,33	-6,0	-9,9	74,1	0	-10,5
267	11.08.2025 13:52:26,000	23,30	5,35	-6,3	-9,4	74,2	0	-10,0
268	11.08.2025 13:52:27,000	23,33	5,33	-6,6	-5,5	77,8	0	-5,8
269	11.08.2025 13:52:28,000	23,33	5,35	-7,0	-2,1	80,9	0	-2,2
270	11.08.2025 13:52:29,000	23,33	5,35	-7,0	3,0	80,1	0	3,1
271	11.08.2025 13:52:30,000	23,33	5,38	-7,1	9,6	73,3	0	10,3
272	11.08.2025 13:52:31,000	23,33	5,40	-6,3	12,9	70,8	0	13,8
273	11.08.2025 13:52:32,000	23,36	5,38	-5,0	19,7	65,3	0	20,8
274	11.08.2025 13:52:33,000	23,36	5,40	-4,3	24,3	61,5	0	25,4
275	11.08.2025 13:52:34,000	23,36	5,40	-3,6	28,3	58,1	0	29,5
276	11.08.2025 13:52:35,000	23,36	5,40	-3,1	31,3	55,6	0	32,4
277	11.08.2025 13:52:36,000	23,36	5,43	-3,0	34,3	52,8	0	35,4
278	11.08.2025 13:52:37,000	23,36	5,43	-4,0	35,9	50,1	0	37,5
279	11.08.2025 13:52:38,000	23,36	5,45	-3,3	37,4	49,3	0	38,9
280	11.08.2025 13:52:39,000	23,36	5,47	-3,3	39,1	47,6	0	40,6
281	11.08.2025 13:52:40,000	23,27	5,49	-3,6	41,6	44,8	0	43,3
282	11.08.2025 13:52:41,000	23,12	5,50	-3,5	41,9	44,6	0	43,6
283	11.08.2025 13:52:42,000	23,07	5,52	-3,6	36,9	49,5	0	38,4
284	11.08.2025 13:52:43,000	23,01	5,51	-3,7	35,1	51,2	0	36,6
285	11.08.2025 13:52:44,000	23,01	5,53	-4,2	33,3	52,6	0	34,9
286	11.08.2025 13:52:45,000	22,95	5,62	-4,9	27,9	57,1	0	29,5
287	11.08.2025 13:52:46,000	22,80	5,61	-5,2	22,5	62,4	0	23,8
288	11.08.2025 13:52:47,000	22,66	5,64	-7,9	15,3	66,8	0	16,6
289	11.08.2025 13:52:48,000	22,54	5,65	-9,8	9,3	70,9	0	10,1
290	11.08.2025 13:52:49,000	22,48	5,67	-11,8	4,6	73,6	0	4,9
291	11.08.2025 13:52:50,000	22,43	5,67	-14,1	0,0	75,9	0	0,0
292	11.08.2025 13:52:51,000	22,43	5,67	-15,4	-3,6	71,0	0	-3,8
293	11.08.2025 13:52:52,000	22,40	5,69	-16,1	-6,3	67,6	0	-7,0
294	11.08.2025 13:52:53,000	22,40	5,71	-17,3	-8,4	64,4	0	-9,5
295	11.08.2025 13:52:54,000	22,40	5,71	-17,8	-11,2	61,0	0	-13,0
296	11.08.2025 13:52:55,000	22,37	5,71	-18,5	-14,4	57,1	0	-17,1
297	11.08.2025 13:52:56,000	22,37	5,73	-19,1	-16,3	54,5	0	-19,7
298	11.08.2025 13:52:57,000	22,37	5,75	-19,5	-18,7	51,8	0	-22,9
299	11.08.2025 13:52:58,000	22,34	5,77	-20,4	-20,4	49,2	0	-25,4
300	11.08.2025 13:52:59,000	22,28	5,79	-20,9	-22,8	46,3	0	-28,8
301	11.08.2025 13:53:00,000	22,25	5,79	-20,9	-23,8	45,3	0	-30,3
302	11.08.2025 13:53:01,000	22,22	5,81	-21,1	-26,1	42,8	0	-33,5
303	11.08.2025 13:53:02,000	22,16	5,85	-21,7	-27,4	40,9	0	-35,5
304	11.08.2025 13:53:03,000	22,11	5,89	-21,9	-28,3	39,8	0	-36,9
305	11.08.2025 13:53:04,000	21,99	5,91	-22,8	-29,8	37,4	0	-39,6
306	11.08.2025 13:53:05,000	21,87	5,92	-23,6	-31,4	34,9	0	-42,4
307	11.08.2025 13:53:06,000	21,84	5,92	-25,1	-34,6	30,3	0	-48,3
308	11.08.2025 13:53:07,000	21,81	5,91	-26,4	-35,6	28,0	0	-50,9
309	11.08.2025 13:53:08,000	21,76	5,95	-26,9	-36,5	26,6	0	-52,7
310	11.08.2025 13:53:09,000	21,70	5,95	-27,8	-37,0	25,3	0	-54,2
311	11.08.2025 13:53:10,000	21,67	5,95	-27,7	-37,5	24,8	0	-55,0
312	11.08.2025 13:53:11,000	21,64	5,99	-27,8	-36,7	25,5	0	-53,9
313	11.08.2025 13:53:12,000	21,61	6,01	-27,9	-36,6	25,5	0	-53,8
314	11.08.2025 13:53:13,000	21,55	6,00	-28,1	-36,2	25,6	0	-53,4
315	11.08.2025 13:53:14,000	21,52	6,03	-28,6	-36,0	25,4	0	-53,5
316	11.08.2025 13:53:15,000	21,46	6,04	-29,2	-35,6	25,2	0	-53,5
317	11.08.2025 13:53:16,000	21,43	6,06	-29,9	-33,9	26,2	0	-51,3
318	11.08.2025 13:53:17,000	21,41	6,09	-27,7	-33,5	28,8	0	-48,8
319	11.08.2025 13:53:18,000	21,38	6,13	-28,5	-31,7	29,8	0	-46,5
320	11.08.2025 13:53:19,000	21,32	6,15	-27,0	-30,2	32,8	0	-43,0
321	11.08.2025 13:53:20,000	21,26	6,19	-26,1	-27,0	36,9	0	-37,4
322	11.08.2025 13:53:21,000	21,23	6,21	-23,8	-25,4	40,8	0	-33,8
323	11.08.2025 13:53:22,000	21,17	6,20	-23,6	-26,5	39,9	0	-35,3
324	11.08.2025 13:53:23,000	21,14	6,25	-22,8	-24,6	42,5	0	-32,2
325	11.08.2025 13:53:24,000	21,11	6,27	-23,2	-23,4	43,5	0	-30,6
326	11.08.2025 13:53:25,000	21,03	6,28	-23,1	-20,8	46,1	0	-26,9
327	11.08.2025 13:53:26,000	20,97	6,35	-22,5	-17,3	50,3	0	-21,8
328	11.08.2025 13:53:27,000	20,88	6,39	-21,8	-15,6	52,7	0	-19,3
329	11.08.2025 13:53:28,000	20,79	6,43	-21,4	-13,4	55,3	0	-16,3
330	11.08.2025 13:53:29,000	20,73	6,44	-21,0	-9,1	59,9	0	-10,7
331	11.08.2025 13:53:30,000	20,67	6,46	-20,7	-8,6	60,7	0	-10,1
332	11.08.2025 13:53:31,000	20,62	6,50	-21,6	-6,2	62,1	0	-7,2
333	11.08.2025 13:53:32,000	20,56	6,52	-21,9	-8,0	60,1	0	-9,4
334	11.08.2025 13:53:33,000	20,47	6,54	-22,6	-9,9	57,5	0	-11,9
335	11.08.2025 13:53:34,000	20,38	6,57	-22,7	-10,2	57,1	0	-12,3
336	11.08.2025 13:53:35,000	20,32	6,62	-23,2	-11,5	55,3	0	-14,1
337	11.08.2025 13:53:36,000	20,26	6,63	-22,0	-11,8	56,3	0	-14,3
338	11.08.2025 13:53:37,000	20,17	6,65	-13,1	-7,8	69,0	0	-8,6
339	11.08.2025 13:53:38,000	20,06	6,71	-10,2	-11,7	68,1	0	-12,8
340	11.08.2025 13:53:39,000	19,88	6,74	-8,5	-13,6	67,9	0	-14,7
341	11.08.2025 13:53:40,000	19,73	6,72	-7,2	-14,2	68,5	0	-15,3
342	11.08.2025 13:53:41,000	19,62	6,71	-6,3	-15,1	68,6	0	-16,1
343	11.08.2025 13:53:42,000	19,56	6,71	-5,8	-16,5	67,7	0	-17,5
344	11.08.2025 13:53:43,000	19,50	6,72	-5,4	-17,3	67,2	0	-18,3
345	11.08.2025 13:53:44,000	19,41	6,74	-4,5	-17,7	67,8	0	-18,5
346	11.08.2025 13:53:45,000	19,32	6,75	-4,0	-17,9	68,0	0	-18,7
347	11.08.2025 13:53:46,000	19,23	6,77	-3,7	-18,0	68,3	0	-18,7
348	11.08.2025 13:53:47,000	19,17	6,79	-3,1	-18,7	68,2	0	-19,3
349	11.08.2025 13:53:48,000	19,08	6,80	-3,0	-18,9	68,2	0	-19,5
350	11.08.2025 13:53:49,000	19,00	6,82	-2,9	-19,8	67,3	0	-20,5
351	11.08.2025 13:53:50,000	18,91	6,81	-1,4	-20,5	68,1	0	-20,8
352	11.08.2025 13:53:51,000	18,82	6,82	1,6	-22,4	66,1	0	-22,8
353	11.08.2025 13:53:52,000	18,76	6,82	3,3	-28,0	58,8	0	-29,0
354	11.08.2025 13:53:53,000	18,67	6,83	-11,1	-28,3	50,5	0	-32,1
355	11.08.2025 13:53:54,000	18,58	6,90	-16,1	-30,3	43,6	0	-36,6
356	11.08.2025 13:53:55,000	18,49	6,91	-18,7	-29,2	42,1	0	-36,5
357	11.08.2025 13:53:56,000	18,40	6,90	-20,9	-33,0	36,2	0	-42,8
358	11.08.2025 13:53:57,000	18,34	6,92	-24,0	-35,5	30,5	0	-48,7
359	11.08.2025 13:53:58,000	18,28	6,94	-24,1	-36,9	29,0	0	-50,8
360	11.08.2025 13:53:59,000	18,22	6,93	-22,5	-39,2	28,2	0	-52,8
361	11.08.2025 13:54:00,000	18,13	6,92	-20,9	-40,6	28,5	0	-53,3
362	11.08.2025 13:54:01,000	18,08	6,94	-20,7	-42,9	26,5	0	-56,2
363	11.08.2025 13:54:02,000	17,99	6,96	-20,7	-44,7	24,6	0	-58,8
364	11.08.2025 13:54:03,000	17,87	6,97	-18,9	-50,8	20,3	0	-65,1
365	11.08.2025 13:54:04,000	17,72	6,95	-24,0	-56,1	9,9	0	-77,9
366	11.08.2025 13:54:05,000	17,54	6,94	-22,6	-60,7	6,8	0	-82,1
367	11.08.2025 13:54:06,000	17,42	7,00	-29,9	-55,0	-5,1	1	-96,3
368	11.08.2025 13:54:07,000	17,09	7,01	-23,9	-59,1	-7,0	0	-98,3
369	11.08.2025 13:54:08,000	16,79	7,00	-25,4	-56,4	-8,3	0	-100,1
370	11.08.2025 13:54:09,000	16,64	7,01	-23,3	-59,7	-7,1	0	-98,4
371	11.08.2025 13:54:10,000	16,55	6,98	-23,6	-59,0	-7,4	0	-98,8
372	11.08.2025 13:54:11,000	16,49	7,00	-20,2	-63,6	-6,2	0	-97,0
373	11.08.2025 13:54:12,000	16,46	7,00	-19,0	-65,7	-5,3	0	-95,9
374	11.08.2025 13:54:13,000	16,40	6,99	-18,6	-64,9	-6,5	0	-97,4
375	11.08.2025 13:54:14,000	16,40	6,97	-17,3	-67,4	-5,3	0	-95,9
376	11.08.2025 13:54:15,000	16,33	6,94	-17,3	-66,5	-6,2	0	-96,9
377	11.08.2025 13:54:16,000	16,27	6,98	-16,3	-67,9	-5,8	0	-96,4
378	11.08.2025 13:54:17,000	16,21	6,97	-16,8	-66,5	-6,7	0	-97,5
379	11.08.2025 13:54:18,000	16,15	6,97	-13,8	-71,2	-5,0	0	-95,4
380	11.08.2025 13:54:19,000	16,09	6,98	-13,2	-72,2	-4,6	0	-95,0
381	11.08.2025 13:54:20,000	16,03	7,00	-13,3	-72,8	-3,9	0	-94,2
382	11.08.2025 13:54:21,000	15,97	7,00	-13,6	-71,8	-4,7	0	-95,0
383	11.08.2025 13:54:22,000	15,94	6,97	-13,7	-72,7	-3,5	0	-93,8
384	11.08.2025 13:54:23,000	15,91	6,97	-11,8	-75,4	-2,8	0	-92,9
385	11.08.2025 13:54:24,000	15,91	6,97	-12,6	-73,5	-3,8	0	-94,1
386	11.08.2025 13:54:25,000	15,88	6,92	-13,2	-73,6	-3,2	0	-93,4
387	11.08.2025 13:54:26,000	15,88	6,92	-11,7	-76,6	-1,7	0	-91,7
388	11.08.2025 13:54:27,000	15,88	6,94	-14,6	-72,8	-2,6	0	-92,8
389	11.08.2025 13:54:28,000	15,88	6,94	-14,7	-73,2	-2,1	0	-92,3
390	11.08.2025 13:54:29,000	15,91	6,92	-15,7	-72,7	-1,6	0	-91,7
391	11.08.2025 13:54:30,000	15,91	6,92	-16,6	-73,1	-0,4	0	-90,4
392	11.08.2025 13:54:31,000	15,91	6,90	-16,7	-70,7	-2,5	0	-92,7
393	11.08.2025 13:54:32,000	15,91	6,92	-13,9	-74,6	-1,5	0	-91,5
394	11.08.2025 13:54:33,000	15,91	6,92	-12,1	-77,3	-0,6	0	-90,7
395	11.08.2025 13:54:34,000	15,88	6,96	-11,2	-77,1	-1,8	0	-91,8
396	11.08.2025 13:54:35,000	15,82	6,98	-10,6	-78,6	-0,8	0	-90,8
397	11.08.2025 13:54:36,000	15,73	6,97	-13,4	-74,9	-1,7	0	-91,7
398	11.08.2025 13:54:37,000	15,67	6,99	-14,1	-75,2	-0,7	0	-90,8
399	11.08.2025 13:54:38,000	15,61	7,01	-11,4	-76,6	2,0	0	-87,9
400	11.08.2025 13:54:39,000	15,58	7,00	-13,5	-74,5	2,0	0	-87,9
401	11.08.2025 13:54:40,000	15,55	7,03	-11,2	-76,1	2,7	0	-87,2
402	11.08.2025 13:54:41,000	15,48	7,04	-3,9	-85,5	0,6	0	-89,4
403	11.08.2025 13:54:42,000	15,45	7,04	-0,8	-82,6	6,7	0	-83,3
404	11.08.2025 13:54:43,000	15,42	7,01	-3,1	-74,2	12,8	0	-76,8
405	11.08.2025 13:54:44,000	15,39	7,03	-2,8	-73,1	14,1	0	-75,5
406	11.08.2025 13:54:45,000	15,39	7,03	-3,7	-70,5	15,8	0	-73,6
407	11.08.2025 13:54:46,000	15,36	7,08	-5,0	-66,9	18,1	0	-70,9
408	11.08.2025 13:54:47,000	15,27	7,09	-9,0	-57,7	23,3	0	-64,3
409	11.08.2025 13:54:48,000	15,21	7,13	-11,2	-55,2	23,5	0	-63,4
410	11.08.2025 13:54:49,000	15,15	7,13	-14,1	-51,6	24,3	0	-61,6
411	11.08.2025 13:54:50,000	15,12	7,15	-15,8	-49,2	25,0	0	-60,2
412	11.08.2025 13:54:51,000	15,03	7,14	-16,7	-48,3	25,0	0	-59,8
413	11.08.2025 13:54:52,000	14,96	7,16	-17,6	-47,0	25,4	0	-59,0
414	11.08.2025 13:54:53,000	14,93	7,15	-18,8	-46,0	25,2	0	-58,8
415	11.08.2025 13:54:54,000	14,90	7,15	-18,5	-46,2	25,3	0	-58,8
416	11.08.2025 13:54:55,000	14,90	7,17	-18,5	-46,4	25,1	0	-59,0
417	11.08.2025 13:54:56,000	14,87	7,17	-18,1	-46,2	25,7	0	-58,4
418	11.08.2025 13:54:57,000	14,84	7,15	-20,9	-44,0	25,1	0	-58,0
419	11.08.2025 13:54:58,000	14,81	7,19	-20,8	-44,4	24,8	0	-58,4
420	11.08.2025 13:54:59,000	14,78	7,23	-20,8	-44,6	24,6	0	-58,7
421	11.08.2025 13:55:00,000	14,72	7,27	-20,5	-45,4	24,2	0	-59,4
422	11.08.2025 13:55:01,000	14,60	7,31	-20,6	-45,5	23,8	0	-59,8
423	11.08.2025 13:55:02,000	14,50	7,32	-20,9	-45,8	23,2	0	-60,5
424	11.08.2025 13:55:03,000	14,35	7,33	-20,7	-46,6	22,7	0	-61,4
425	11.08.2025 13:55:04,000	14,26	7,37	-20,9	-47,1	22,0	0	-62,2
426	11.08.2025 13:55:05,000	14,19	7,39	-21,6	-46,7	21,7	0	-62,4
427	11.08.2025 13:55:06,000	14,13	7,41	-21,2	-47,5	21,3	0	-63,1
428	11.08.2025 13:55:07,000	14,10	7,40	-21,5	-47,7	20,8	0	-63,6
429	11.08.2025 13:55:08,000	14,07	7,45	-21,6	-47,5	20,9	0	-63,4
430	11.08.2025 13:55:09,000	13,98	7,48	-22,4	-46,9	20,7	0	-63,5
431	11.08.2025 13:55:10,000	13,95	7,48	-22,6	-46,2	21,2	0	-62,8
432	11.08.2025 13:55:11,000	13,88	7,50	-23,3	-45,1	21,6	0	-61,8
433	11.08.2025 13:55:12,000	13,82	7,49	-23,8	-44,0	22,2	0	-60,9
434	11.08.2025 13:55:13,000	13,76	7,53	-23,7	-44,5	21,8	0	-61,4
435	11.08.2025 13:55:14,000	13,73	7,53	-25,2	-43,2	21,6	0	-61,2
436	11.08.2025 13:55:15,000	13,70	7,57	-24,6	-43,5	21,9	0	-60,9
437	11.08.2025 13:55:16,000	13,67	7,62	-25,2	-43,9	20,9	0	-62,1
438	11.08.2025 13:55:17,000	13,54	7,63	-25,3	-44,0	20,7	0	-62,4
439	11.08.2025 13:55:18,000	13,48	7,62	-25,8	-43,6	20,6	0	-62,3
440	11.08.2025 13:55:19,000	13,42	7,66	-26,3	-43,3	20,4	0	-62,4
441	11.08.2025 13:55:20,000	13,35	7,66	-26,9	-43,2	19,9	0	-62,9
442	11.08.2025 13:55:21,000	13,29	7,70	-27,3	-43,1	19,6	0	-63,3
443	11.08.2025 13:55:22,000	13,23	7,74	-27,1	-43,9	19,0	0	-64,2
444	11.08.2025 13:55:23,000	13,20	7,74	-27,6	-43,5	18,9	0	-64,2
445	11.08.2025 13:55:24,000	13,13	7,75	-25,6	-47,8	16,5	0	-68,4
446	11.08.2025 13:55:25,000	13,10	7,77	-24,8	-50,2	14,9	0	-70,9
447	11.08.2025 13:55:26,000	13,01	7,84	-20,4	-56,2	13,4	0	-73,9
448	11.08.2025 13:55:27,000	12,94	7,85	-17,3	-59,4	13,3	0	-74,5
449	11.08.2025 13:55:28,000	12,91	7,90	-14,1	-60,8	15,1	0	-72,8
450	11.08.2025 13:55:29,000	12,88	7,92	-11,9	-59,9	18,3	0	-69,4
451	11.08.2025 13:55:30,000	12,85	7,91	-11,3	-57,5	21,3	0	-66,0
452	11.08.2025 13:55:31,000	12,82	7,93	-11,1	-56,4	22,5	0	-64,7
453	11.08.2025 13:55:32,000	12,82	7,93	-12,1	-56,0	21,9	0	-65,1
454	11.08.2025 13:55:33,000	12,82	7,96	-13,4	-55,3	21,3	0	-65,5
455	11.08.2025 13:55:34,000	12,79	7,96	-14,3	-54,2	21,5	0	-64,9
456	11.08.2025 13:55:35,000	12,79	7,98	-14,0	-53,9	22,1	0	-64,3
457	11.08.2025 13:55:36,000	12,79	7,98	-13,9	-53,1	23,0	0	-63,2
458	11.08.2025 13:55:37,000	12,79	8,03	-13,6	-52,2	24,1	0	-61,9
459	11.08.2025 13:55:38,000	12,79	8,03	-13,9	-51,6	24,5	0	-61,4
460	11.08.2025 13:55:39,000	12,79	8,05	-15,8	-49,9	24,3	0	-61,0
461	11.08.2025 13:55:40,000	12,79	8,05	-16,3	-49,5	24,2	0	-61,0
462	11.08.2025 13:55:41,000	12,79	8,10	-17,4	-48,0	24,5	0	-60,2
463	11.08.2025 13:55:42,000	12,79	8,10	-17,1	-47,8	25,1	0	-59,5
464	11.08.2025 13:55:43,000	12,79	8,14	-17,4	-47,5	25,1	0	-59,5
465	11.08.2025 13:55:44,000	12,76	8,14	-17,6	-47,9	24,5	0	-60,1
466	11.08.2025 13:55:45,000	12,76	8,19	-18,0	-47,5	24,5	0	-59,9
467	11.08.2025 13:55:46,000	12,76	8,19	-18,1	-48,0	23,9	0	-60,8
468	11.08.2025 13:55:47,000	12,76	8,21	-18,4	-47,5	24,1	0	-60,4
469	11.08.2025 13:55:48,000	12,72	8,25	-17,6	-48,5	23,9	0	-60,9
470	11.08.2025 13:55:49,000	12,69	8,28	-18,3	-48,8	22,9	0	-61,9
471	11.08.2025 13:55:50,000	12,69	8,30	-18,6	-48,4	23,0	0	-61,7
472	11.08.2025 13:55:51,000	12,66	8,32	-19,5	-47,7	22,8	0	-61,7
473	11.08.2025 13:55:52,000	12,63	8,34	-20,3	-47,0	22,7	0	-61,5
474	11.08.2025 13:55:53,000	12,57	8,38	-19,9	-47,9	22,2	0	-62,3
475	11.08.2025 13:55:54,000	12,53	8,40	-19,7	-48,5	21,7	0	-63,0
476	11.08.2025 13:55:55,000	12,47	8,42	-20,2	-48,4	21,4	0	-63,3
477	11.08.2025 13:55:56,000	12,41	8,46	-20,4	-48,8	20,8	0	-64,1
478	11.08.2025 13:55:57,000	12,38	8,50	-19,4	-50,0	20,6	0	-64,5
479	11.08.2025 13:55:58,000	12,31	8,52	-20,3	-50,1	19,6	0	-65,6
480	11.08.2025 13:55:59,000	12,28	8,56	-19,9	-50,4	19,7	0	-65,7
481	11.08.2025 13:56:00,000	12,25	8,58	-20,3	-51,0	18,7	0	-66,8
482	11.08.2025 13:56:01,000	12,18	8,60	-20,4	-51,2	18,3	0	-67,3
483	11.08.2025 13:56:02,000	12,09	8,66	-20,8	-51,4	17,8	0	-68,0
484	11.08.2025 13:56:03,000	11,96	8,70	-21,3	-51,3	17,4	0	-68,3
485	11.08.2025 13:56:04,000	11,87	8,71	-21,7	-51,1	17,2	0	-68,5
486	11.08.2025 13:56:05,000	11,80	8,78	-22,5	-50,1	17,4	0	-68,0
487	11.08.2025 13:56:06,000	11,67	8,81	-22,7	-50,6	16,6	0	-69,0
488	11.08.2025 13:56:07,000	11,55	8,82	-23,7	-49,4	16,8	0	-68,5
489	11.08.2025 13:56:08,000	11,48	8,81	-24,1	-49,2	16,7	0	-68,6
490	11.08.2025 13:56:09,000	11,45	8,83	-24,6	-49,0	16,3	0	-68,9
491	11.08.2025 13:56:10,000	11,42	8,85	-23,7	-49,5	16,9	0	-68,4
492	11.08.2025 13:56:11,000	11,38	8,90	-24,5	-49,4	16,1	0	-69,3
493	11.08.2025 13:56:12,000	11,38	8,92	-24,2	-49,6	16,2	0	-69,2
494	11.08.2025 13:56:13,000	11,35	8,97	-24,1	-50,3	15,6	0	-70,1
495	11.08.2025 13:56:14,000	11,32	8,99	-24,8	-49,7	15,4	0	-70,2
496	11.08.2025 13:56:15,000	11,29	9,01	-25,1	-49,5	15,3	0	-70,2
497	11.08.2025 13:56:16,000	11,26	9,03	-25,7	-49,1	15,2	0	-70,3
498	11.08.2025 13:56:17,000	11,16	9,09	-25,6	-49,4	15,0	0	-70,6
499	11.08.2025 13:56:18,000	11,09	9,10	-26,3	-48,7	15,0	0	-70,5
500	11.08.2025 13:56:19,000	11,03	9,15	-24,7	-51,4	13,9	0	-72,4
501	11.08.2025 13:56:20,000	10,96	9,16	-23,4	-53,9	12,8	0	-74,2
502	11.08.2025 13:56:21,000	10,93	9,18	-21,3	-56,1	12,7	0	-74,7
503	11.08.2025 13:56:22,000	10,90	9,25	-20,2	-57,3	12,6	0	-75,0
504	11.08.2025 13:56:23,000	10,87	9,25	-19,3	-57,9	12,9	0	-74,7
505	11.08.2025 13:56:24,000	10,80	9,26	-17,8	-59,1	13,1	0	-74,6
506	11.08.2025 13:56:25,000	10,77	9,28	-16,7	-59,0	14,3	0	-73,3
507	11.08.2025 13:56:26,000	10,77	9,33	-16,3	-58,6	15,0	0	-72,4
508	11.08.2025 13:56:27,000	10,74	9,35	-15,6	-58,2	16,2	0	-71,1
509	11.08.2025 13:56:28,000	10,70	9,40	-14,4	-57,7	17,9	0	-69,3
510	11.08.2025 13:56:29,000	10,67	9,39	-14,1	-56,7	19,2	0	-67,7
511	11.08.2025 13:56:30,000	10,64	9,44	-13,6	-55,7	20,7	0	-66,1
512	11.08.2025 13:56:31,000	10,64	9,46	-14,1	-55,7	20,2	0	-66,6
513	11.08.2025 13:56:32,000	10,61	9,48	-14,8	-54,3	20,9	0	-65,5
514	11.08.2025 13:56:33,000	10,57	9,52	-15,0	-54,1	20,8	0	-65,6
515	11.08.2025 13:56:34,000	10,51	9,54	-15,9	-52,6	21,5	0	-64,5
516	11.08.2025 13:56:35,000	10,44	9,60	-15,7	-52,1	22,2	0	-63,6
517	11.08.2025 13:56:36,000	10,38	9,62	-15,9	-50,8	23,3	0	-62,2
518	11.08.2025 13:56:37,000	10,34	9,62	-16,3	-49,9	23,8	0	-61,4
519	11.08.2025 13:56:38,000	10,31	9,66	-16,1	-49,6	24,3	0	-60,9
520	11.08.2025 13:56:39,000	10,28	9,68	-16,1	-49,2	24,7	0	-60,4
521	11.08.2025 13:56:40,000	10,21	9,70	-16,4	-48,2	25,4	0	-59,4
522	11.08.2025 13:56:41,000	10,18	9,74	-16,4	-47,8	25,8	0	-59,0
523	11.08.2025 13:56:42,000	10,11	9,76	-17,3	-46,1	26,6	0	-57,5
524	11.08.2025 13:56:43,000	10,05	9,78	-17,9	-44,5	27,6	0	-56,0
525	11.08.2025 13:56:44,000	9,98	9,82	-18,3	-44,1	27,6	0	-55,8
526	11.08.2025 13:56:45,000	9,95	9,84	-18,7	-43,0	28,3	0	-54,7
527	11.08.2025 13:56:46,000	9,88	9,88	-19,3	-41,4	29,3	0	-53,1
528	11.08.2025 13:56:47,000	9,85	9,90	-18,9	-42,6	28,6	0	-54,3
529	11.08.2025 13:56:48,000	9,82	9,94	-19,0	-42,6	28,4	0	-54,5
530	11.08.2025 13:56:49,000	9,75	9,94	-19,5	-42,3	28,2	0	-54,4
531	11.08.2025 13:56:50,000	9,69	9,98	-19,2	-43,2	27,6	0	-55,4
532	11.08.2025 13:56:51,000	9,65	10,00	-19,8	-43,1	27,1	0	-55,8
533	11.08.2025 13:56:52,000	9,59	10,01	-19,1	-44,1	26,8	0	-56,5
534	11.08.2025 13:56:53,000	9,52	10,05	-19,7	-44,6	25,7	0	-57,7
535	11.08.2025 13:56:54,000	9,49	10,10	-19,7	-44,8	25,4	0	-58,0
536	11.08.2025 13:56:55,000	9,42	10,11	-19,6	-45,8	24,6	0	-59,2
537	11.08.2025 13:56:56,000	9,35	10,13	-20,0	-45,8	24,2	0	-59,6
538	11.08.2025 13:56:57,000	9,29	10,17	-20,4	-45,7	23,9	0	-59,8
539	11.08.2025 13:56:58,000	9,25	10,21	-20,7	-46,2	23,1	0	-60,8
540	11.08.2025 13:56:59,000	9,19	10,18	-21,2	-45,6	23,2	0	-60,4
541	11.08.2025 13:57:00,000	9,12	10,25	-21,1	-46,8	22,1	0	-62,0
542	11.08.2025 13:57:01,000	9,05	10,29	-21,4	-46,8	21,8	0	-62,3
543	11.08.2025 13:57:02,000	8,99	10,30	-21,6	-47,0	21,4	0	-62,8
544	11.08.2025 13:57:03,000	8,92	10,35	-21,4	-47,3	21,3	0	-63,0
545	11.08.2025 13:57:04,000	8,85	10,36	-21,7	-47,3	21,0	0	-63,3
546	11.08.2025 13:57:05,000	8,82	10,38	-21,9	-47,8	20,3	0	-64,2
547	11.08.2025 13:57:06,000	8,78	10,40	-21,9	-47,9	20,2	0	-64,3
548	11.08.2025 13:57:07,000	8,78	10,45	-22,1	-48,0	19,9	0	-64,7
549	11.08.2025 13:57:08,000	8,75	10,45	-21,3	-49,3	19,4	0	-65,6
550	11.08.2025 13:57:09,000	8,68	10,49	-23,4	-46,3	20,3	0	-63,7
551	11.08.2025 13:57:10,000	8,58	10,52	-26,5	-40,6	22,8	0	-58,7
552	11.08.2025 13:57:11,000	8,48	10,54	-26,7	-42,1	21,2	0	-61,1
553	11.08.2025 13:57:12,000	8,41	10,58	-26,4	-42,5	21,0	0	-61,5
554	11.08.2025 13:57:13,000	8,34	10,59	-24,6	-43,8	21,6	0	-61,4
555	11.08.2025 13:57:14,000	8,28	10,61	-16,9	-54,7	18,4	0	-68,1
556	11.08.2025 13:57:15,000	8,24	10,63	-13,7	-50,0	26,3	0	-59,3
557	11.08.2025 13:57:16,000	8,21	10,67	-13,8	-37,2	38,9	0	-44,0
558	11.08.2025 13:57:17,000	8,21	10,67	-11,7	-30,4	47,9	0	-34,7
559	11.08.2025 13:57:18,000	8,17	10,69	-8,2	-29,8	52,0	0	-32,7
560	11.08.2025 13:57:19,000	8,17	10,72	-8,7	-29,7	51,5	0	-32,8
561	11.08.2025 13:57:20,000	8,17	10,74	-8,2	-31,0	50,9	0	-34,0
562	11.08.2025 13:57:21,000	8,14	10,76	-6,7	-32,0	51,4	0	-34,5
563	11.08.2025 13:57:22,000	8,14	10,76	-7,1	-31,4	51,5	0	-34,0
564	11.08.2025 13:57:23,000	8,17	10,79	-8,3	-30,8	50,8	0	-33,9
565	11.08.2025 13:57:24,000	8,17	10,81	-8,5	-30,8	50,6	0	-34,0
566	11.08.2025 13:57:25,000	8,21	10,84	-8,8	-30,0	51,2	0	-33,1
567	11.08.2025 13:57:26,000	8,21	10,84	-8,9	-29,5	51,6	0	-32,6
568	11.08.2025 13:57:27,000	8,17	10,83	-9,4	-28,7	51,8	0	-32,0
569	11.08.2025 13:57:28,000	8,11	10,90	-9,8	-28,0	52,3	0	-31,2
570	11.08.2025 13:57:29,000	8,00	10,96	-10,0	-26,9	53,1	0	-30,1
571	11.08.2025 13:57:30,000	7,93	10,97	-10,4	-26,7	52,9	0	-30,0
572	11.08.2025 13:57:31,000	7,87	10,97	-10,5	-26,2	53,3	0	-29,4
573	11.08.2025 13:57:32,000	7,83	10,99	-10,8	-26,1	53,1	0	-29,4
574	11.08.2025 13:57:33,000	7,83	11,01	-11,2	-25,6	53,2	0	-29,0
575	11.08.2025 13:57:34,000	7,83	11,03	-11,6	-25,3	53,1	0	-28,7
576	11.08.2025 13:57:35,000	7,83	11,06	-11,8	-25,0	53,2	0	-28,5
577	11.08.2025 13:57:36,000	7,83	11,06	-11,7	-24,2	54,1	0	-27,5
578	11.08.2025 13:57:37,000	7,83	11,08	-12,4	-23,6	54,0	0	-27,0
579	11.08.2025 13:57:38,000	7,83	11,11	-12,9	-23,2	53,9	0	-26,7
580	11.08.2025 13:57:39,000	7,83	11,11	-13,0	-22,7	54,2	0	-26,2
581	11.08.2025 13:57:40,000	7,83	11,15	-13,5	-22,3	54,2	0	-25,8
582	11.08.2025 13:57:41,000	7,83	11,18	-13,6	-22,0	54,4	0	-25,5
583	11.08.2025 13:57:42,000	7,83	11,20	-13,7	-21,5	54,8	0	-24,9
584	11.08.2025 13:57:43,000	7,83	11,22	-14,2	-20,9	54,9	0	-24,3
585	11.08.2025 13:57:44,000	7,83	11,25	-14,4	-20,4	55,1	0	-23,8
586	11.08.2025 13:57:45,000	7,83	11,27	-15,3	-20,7	53,9	0	-24,4
587	11.08.2025 13:57:46,000	7,83	11,29	-16,6	-21,4	52,0	0	-25,6
588	11.08.2025 13:57:47,000	7,80	11,31	-18,2	-20,7	51,1	0	-25,2
589	11.08.2025 13:57:48,000	7,80	11,34	-18,9	-20,1	51,0	0	-24,5
590	11.08.2025 13:57:49,000	7,80	11,36	-19,3	-19,1	51,6	0	-23,4
591	11.08.2025 13:57:50,000	7,83	11,39	-19,3	-18,5	52,1	0	-22,6
592	11.08.2025 13:57:51,000	7,83	11,43	-19,9	-17,4	52,7	0	-21,3
593	11.08.2025 13:57:52,000	7,83	11,43	-18,8	-17,8	53,5	0	-21,5
594	11.08.2025 13:57:53,000	7,83	11,48	-18,7	-17,8	53,5	0	-21,6
595	11.08.2025 13:57:54,000	7,83	11,48	-16,5	-18,3	55,1	0	-21,7
596	11.08.2025 13:57:55,000	7,83	11,48	-13,9	-19,9	56,2	0	-23,0
597	11.08.2025 13:57:56,000	7,83	11,48	-9,6	-26,1	54,3	0	-29,0
598	11.08.2025 13:57:57,000	7,83	11,51	-6,2	-26,9	56,8	0	-28,9
599	11.08.2025 13:57:58,000	7,87	11,51	-4,2	-27,8	58,0	0	-29,2
600	11.08.2025 13:57:59,000	7,87	11,51	-2,3	-28,8	58,9	0	-29,5
601	11.08.2025 13:58:00,000	7,83	11,51	-0,6	-25,2	64,2	0	-25,4
602	11.08.2025 13:58:01,000	7,83	11,51	-4,9	-24,8	60,4	0	-26,1
603	11.08.2025 13:58:02,000	7,80	11,53	-3,7	-27,4	58,9	0	-28,6
604	11.08.2025 13:58:03,000	7,69	11,54	-1,7	-25,9	62,4	0	-26,4
605	11.08.2025 13:58:04,000	7,56	11,59	-1,8	-25,7	62,5	0	-26,2
606	11.08.2025 13:58:05,000	7,38	11,60	-3,0	-26,5	60,5	0	-27,4
607	11.08.2025 13:58:06,000	7,25	11,56	0,4	-24,4	65,2	0	-24,5
608	11.08.2025 13:58:07,000	7,14	11,60	-3,5	-25,1	61,4	0	-26,1
609	11.08.2025 13:58:08,000	7,07	11,59	-1,3	-26,2	62,6	0	-26,5
610	11.08.2025 13:58:09,000	6,97	11,58	-1,3	-25,4	63,3	0	-25,7
611	11.08.2025 13:58:10,000	6,90	11,57	-0,6	-25,4	64,0	0	-25,6
612	11.08.2025 13:58:11,000	6,83	11,59	-2,0	-25,5	62,5	0	-26,1
613	11.08.2025 13:58:12,000	6,79	11,61	1,1	-22,1	66,8	0	-22,4
614	11.08.2025 13:58:13,000	6,72	11,58	-2,7	-23,1	64,1	0	-23,8
615	11.08.2025 13:58:14,000	6,65	11,57	1,2	-25,9	62,8	0	-26,3
616	11.08.2025 13:58:15,000	6,62	11,57	-3,4	-23,2	63,4	0	-24,1
617	11.08.2025 13:58:16,000	6,58	11,57	-5,3	-24,3	60,4	0	-25,7
618	11.08.2025 13:58:17,000	6,55	11,56	-4,0	-21,5	64,5	0	-22,4
619	11.08.2025 13:58:18,000	6,55	11,59	3,6	-23,7	62,8	0	-24,6
620	11.08.2025 13:58:19,000	6,51	11,53	-4,2	-21,7	64,1	0	-22,7
621	11.08.2025 13:58:20,000	6,51	11,53	-3,5	-21,4	65,1	0	-22,2
622	11.08.2025 13:58:21,000	6,48	11,53	-1,1	-25,3	63,6	0	-25,6
623	11.08.2025 13:58:22,000	6,48	11,53	-2,4	-22,3	65,3	0	-22,9
624	11.08.2025 13:58:23,000	6,48	11,51	2,0	-22,6	65,4	0	-23,1
625	11.08.2025 13:58:24,000	6,48	11,53	-4,1	-26,3	59,6	0	-27,5
626	11.08.2025 13:58:25,000	6,48	11,51	1,5	-26,6	61,9	0	-27,1
627	11.08.2025 13:58:26,000	6,48	11,53	6,1	-17,1	66,8	1	-18,2
628	11.08.2025 13:58:27,000	6,48	11,51	-1,2	-26,0	62,8	0	-26,4
629	11.08.2025 13:58:28,000	6,48	11,48	-2,7	-19,8	67,6	0	-20,4
630	11.08.2025 13:58:29,000	6,48	11,51	-1,9	-23,3	64,8	0	-23,8
631	11.08.2025 13:58:30,000	6,48	11,48	-2,3	-24,4	63,4	0	-25,0
632	11.08.2025 13:58:31,000	6,44	11,48	0,7	-23,9	65,5	0	-24,0
633	11.08.2025 13:58:32,000	6,44	11,48	-5,0	-18,9	66,1	0	-20,0
634	11.08.2025 13:58:33,000	6,44	11,48	-3,7	-22,2	64,0	0	-23,1
635	11.08.2025 13:58:34,000	6,44	11,48	-4,5	-21,4	64,0	0	-22,5
636	11.08.2025 13:58:35,000	6,41	11,48	-4,5	-24,5	61,0	0	-25,8
637	11.08.2025 13:58:36,000	6,37	11,47	-3,2	-23,9	62,8	0	-24,8
638	11.08.2025 13:58:37,000	6,37	11,45	-1,4	-22,9	65,7	0	-23,3
639	11.08.2025 13:58:38,000	6,37	11,45	-4,4	-20,6	65,0	0	-21,6
640	11.08.2025 13:58:39,000	6,37	11,47	-2,8	-20,6	66,6	0	-21,2
641	11.08.2025 13:58:40,000	6,34	11,45	-3,4	-23,3	63,3	0	-24,2
642	11.08.2025 13:58:41,000	6,34	11,45	-2,5	-21,3	66,2	0	-21,9
643	11.08.2025 13:58:42,000	6,34	11,47	-2,9	-21,5	65,6	0	-22,2
644	11.08.2025 13:58:43,000	6,30	11,47	-3,3	-21,4	65,3	0	-22,2
645	11.08.2025 13:58:44,000	6,30	11,44	-2,1	-22,3	65,6	0	-22,8
646	11.08.2025 13:58:45,000	6,30	11,44	3,3	-21,8	64,9	0	-22,6
647	11.08.2025 13:58:46,000	6,30	11,42	0,9	-21,3	67,8	0	-21,5
648	11.08.2025 13:58:47,000	6,30	11,47	-2,8	-22,2	65,0	0	-22,9
649	11.08.2025 13:58:48,000	6,30	11,44	-1,4	-25,3	63,3	0	-25,7
650	11.08.2025 13:58:49,000	6,30	11,44	-4,1	-21,9	64,0	0	-22,9
651	11.08.2025 13:58:50,000	6,30	11,42	-2,9	-24,1	63,0	0	-24,9
652	11.08.2025 13:58:51,000	6,30	11,42	-3,5	-20,2	66,3	0	-21,0
653	11.08.2025 13:58:52,000	6,30	11,44	-2,2	-23,5	64,4	0	-24,0
654	11.08.2025 13:58:53,000	6,27	11,44	0,3	-22,5	67,2	1	-22,5
655	11.08.2025 13:58:54,000	6,27	11,44	-1,1	-22,8	66,1	0	-23,1
656	11.08.2025 13:58:55,000	6,27	11,44	-4,7	-21,3	64,0	0	-22,4
657	11.08.2025 13:58:56,000	6,27	11,41	-4,0	-22,1	63,9	0	-23,1
658	11.08.2025 13:58:57,000	6,27	11,44	1,9	-23,4	64,8	0	-23,8
659	11.08.2025 13:58:58,000	6,27	11,44	3,8	-24,2	62,0	1	-25,2
660	11.08.2025 13:58:59,000	6,27	11,41	-4,6	-22,9	62,5	0	-24,1
661	11.08.2025 13:59:00,000	6,23	11,41	-3,8	-22,8	63,4	0	-23,7
662	11.08.2025 13:59:01,000	6,23	11,41	-3,8	-20,6	65,5	0	-21,5
663	11.08.2025 13:59:02,000	6,19	11,41	0,7	-21,0	68,3	0	-21,1
664	11.08.2025 13:59:03,000	6,19	11,41	-4,7	-16,2	69,1	0	-17,0
665	11.08.2025 13:59:04,000	6,19	11,41	-1,1	-19,1	69,8	0	-19,3
666	11.08.2025 13:59:05,000	6,16	11,43	-2,0	-20,5	67,5	0	-20,9
667	11.08.2025 13:59:06,000	6,16	11,43	-3,6	-22,9	63,4	0	-23,9
668	11.08.2025 13:59:07,000	6,12	11,40	-1,7	-20,7	67,6	0	-21,1
669	11.08.2025 13:59:08,000	6,12	11,40	-1,6	-20,0	68,3	0	-20,4
670	11.08.2025 13:59:09,000	6,12	11,40	-0,8	-17,5	71,7	0	-17,7
671	11.08.2025 13:59:10,000	6,12	11,40	-1,3	-17,8	70,9	0	-18,0
672	11.08.2025 13:59:11,000	6,09	11,42	2,0	-19,0	69,0	0	-19,4
673	11.08.2025 13:59:12,000	6,09	11,40	-0,7	-23,8	65,5	0	-24,0
674	11.08.2025 13:59:13,000	6,05	11,39	-1,1	-23,3	65,6	0	-23,5
675	11.08.2025 13:59:14,000	6,05	11,39	-1,9	-22,4	65,7	0	-22,9
676	11.08.2025 13:59:15,000	6,02	11,39	-1,4	-22,1	66,5	0	-22,4
677	11.08.2025 13:59:16,000	6,02	11,39	-0,1	-23,3	66,6	0	-23,4
678	11.08.2025 13:59:17,000	6,02	11,39	-6,3	-22,2	61,6	0	-23,7
679	11.08.2025 13:59:18,000	6,02	11,39	-2,6	-26,1	61,3	0	-26,9
680	11.08.2025 13:59:19,000	5,98	11,39	0,0	-19,0	71,0	0	-19,0
681	11.08.2025 13:59:20,000	5,98	11,41	4,5	-16,5	69,0	0	-17,3
682	11.08.2025 13:59:21,000	5,95	11,38	3,7	-18,0	68,2	0	-18,8
683	11.08.2025 13:59:22,000	5,95	11,38	-2,3	-21,5	66,2	0	-22,0
684	11.08.2025 13:59:23,000	5,91	11,38	8,7	-21,2	60,1	0	-23,3
685	11.08.2025 13:59:24,000	5,87	11,40	-0,8	-23,6	65,6	0	-23,8
686	11.08.2025 13:59:25,000	5,87	11,40	-4,6	-23,3	62,1	0	-24,5
687	11.08.2025 13:59:26,000	5,84	11,37	3,7	-19,1	67,2	0	-19,9
688	11.08.2025 13:59:27,000	5,80	11,39	1,0	-22,4	66,6	0	-22,7
689	11.08.2025 13:59:28,000	5,80	11,39	0,6	-21,3	68,1	0	-21,4
690	11.08.2025 13:59:29,000	5,80	11,39	-3,2	-22,7	64,0	0	-23,6
691	11.08.2025 13:59:30,000	5,77	11,36	1,6	-14,1	74,4	1	-14,3
692	11.08.2025 13:59:31,000	5,77	11,39	0,1	-23,1	66,8	0	-23,2
693	11.08.2025 13:59:32,000	5,73	11,38	-4,4	-19,0	66,6	0	-19,9
694	11.08.2025 13:59:33,000	5,73	11,38	-3,1	-22,1	64,8	0	-22,9
695	11.08.2025 13:59:34,000	5,70	11,38	0,1	-21,6	68,3	0	-21,6
696	11.08.2025 13:59:35,000	5,70	11,38	0,8	-21,5	67,8	0	-21,6
697	11.08.2025 13:59:36,000	5,70	11,38	7,3	-16,8	65,8	0	-18,2
698	11.08.2025 13:59:37,000	5,66	11,38	4,2	-19,7	66,0	0	-20,7
699	11.08.2025 13:59:38,000	5,66	11,38	-1,0	-22,7	66,3	0	-23,0
700	11.08.2025 13:59:39,000	5,62	11,37	-2,8	-22,5	64,7	0	-23,2
701	11.08.2025 13:59:40,000	5,62	11,37	4,1	-19,1	66,8	0	-19,9
702	11.08.2025 13:59:41,000	5,59	11,37	-2,3	-21,7	66,0	0	-22,3
703	11.08.2025 13:59:42,000	5,59	11,37	-4,4	-21,2	64,3	0	-22,3
704	11.08.2025 13:59:43,000	5,59	11,39	2,6	-22,4	65,0	0	-23,1
705	11.08.2025 13:59:44,000	5,55	11,36	-2,6	-21,5	65,9	0	-22,1
706	11.08.2025 13:59:45,000	5,52	11,38	-0,5	-25,0	64,5	0	-25,1
707	11.08.2025 13:59:46,000	5,52	11,38	-1,1	-25,8	63,2	0	-26,1
708	11.08.2025 13:59:47,000	5,48	11,36	-0,8	-23,2	65,9	0	-23,4
709	11.08.2025 13:59:48,000	5,48	11,38	-2,2	-23,6	64,2	0	-24,2
710	11.08.2025 13:59:49,000	5,48	11,36	-2,8	-26,7	60,5	0	-27,5
711	11.08.2025 13:59:50,000	5,44	11,38	-3,6	-21,2	65,2	0	-22,1
712	11.08.2025 13:59:51,000	5,44	11,38	5,5	-15,3	69,1	0	-16,2
713	11.08.2025 13:59:52,000	5,44	11,38	-0,6	-22,0	67,4	0	-22,1
714	11.08.2025 13:59:53,000	5,41	11,37	3,7	-17,7	68,6	0	-18,4
715	11.08.2025 13:59:54,000	5,41	11,37	-4,1	-20,5	65,5	0	-21,4
716	11.08.2025 13:59:55,000	5,41	11,37	2,5	-15,3	72,2	0	-15,7
717	11.08.2025 13:59:56,000	5,37	11,37	-1,3	-23,8	64,8	0	-24,2
718	11.08.2025 13:59:57,000	5,37	11,37	-0,2	-16,0	73,8	1	-16,0
719	11.08.2025 13:59:58,000	5,34	11,37	-3,3	-22,3	64,4	0	-23,1
720	11.08.2025 13:59:59,000	5,34	11,37	-2,3	-24,1	63,6	0	-24,7
721	11.08.2025 14:00:00,000	5,30	11,36	-2,9	-26,6	60,5	0	-27,5
722	11.08.2025 14:00:01,000	5,30	11,36	-2,8	-25,9	61,3	0	-26,7
723	11.08.2025 14:00:02,000	5,30	11,36	-0,9	-23,3	65,8	0	-23,5
724	11.08.2025 14:00:03,000	5,26	11,38	-5,6	-18,2	66,2	1	-19,3
725	11.08.2025 14:00:04,000	5,26	11,36	-4,0	-21,7	64,2	0	-22,7
726	11.08.2025 14:00:05,000	5,26	11,36	-0,4	-24,5	65,1	0	-24,6
727	11.08.2025 14:00:06,000	5,26	11,33	1,0	-24,7	64,3	0	-25,0
728	11.08.2025 14:00:07,000	5,23	11,33	-7,5	-20,2	62,4	0	-21,8
729	11.08.2025 14:00:08,000	5,23	11,35	-1,0	-23,7	65,2	0	-24,0
730	11.08.2025 14:00:09,000	5,23	11,35	-1,6	-26,8	61,6	0	-27,3
731	11.08.2025 14:00:10,000	5,23	11,35	-2,9	-24,0	63,1	0	-24,8
732	11.08.2025 14:00:11,000	5,19	11,33	-2,8	-23,4	63,7	0	-24,2
733	11.08.2025 14:00:12,000	5,19	11,33	-2,2	-26,4	61,4	0	-27,0
734	11.08.2025 14:00:13,000	5,19	11,33	-1,3	-24,8	63,9	0	-25,2
735	11.08.2025 14:00:14,000	5,16	11,32	-2,0	-24,2	63,8	0	-24,7
736	11.08.2025 14:00:15,000	5,16	11,32	-2,5	-24,8	62,7	0	-25,5
737	11.08.2025 14:00:16,000	5,16	11,35	-3,8	-23,3	62,9	0	-24,3
738	11.08.2025 14:00:17,000	5,12	11,32	-1,9	-26,0	62,1	0	-26,5
739	11.08.2025 14:00:18,000	5,12	11,34	4,0	-18,0	68,0	0	-18,8
740	11.08.2025 14:00:19,000	5,08	11,34	-3,1	-24,1	62,8	0	-24,9
741	11.08.2025 14:00:20,000	5,08	11,34	-2,5	-24,5	63,0	0	-25,2
742	11.08.2025 14:00:21,000	5,08	11,34	-2,0	-24,6	63,4	0	-25,2
743	11.08.2025 14:00:22,000	5,05	11,31	-0,3	-27,2	62,5	0	-27,3
744	11.08.2025 14:00:23,000	5,05	11,34	-0,2	-23,7	66,1	0	-23,8
745	11.08.2025 14:00:24,000	5,05	11,31	0,5	-23,9	65,7	0	-24,0
746	11.08.2025 14:00:25,000	5,01	11,31	1,7	-25,7	62,6	0	-26,2
747	11.08.2025 14:00:26,000	5,01	11,31	-4,3	-25,3	60,4	0	-26,6
748	11.08.2025 14:00:27,000	5,01	11,31	-0,3	-24,7	65,0	0	-24,8
749	11.08.2025 14:00:28,000	4,97	11,30	-3,3	-26,1	60,7	0	-27,0
750	11.08.2025 14:00:29,000	4,97	11,33	-3,6	-27,9	58,4	0	-29,1
751	11.08.2025 14:00:30,000	4,97	11,33	-3,2	-21,5	65,3	0	-22,3
752	11.08.2025 14:00:31,000	4,94	11,35	2,7	-20,9	66,5	0	-21,5
753	11.08.2025 14:00:32,000	4,94	11,35	-0,6	-26,1	63,3	0	-26,2
754	11.08.2025 14:00:33,000	4,94	11,32	-3,5	-23,4	63,1	0	-24,4
755	11.08.2025 14:00:34,000	4,90	11,32	-0,4	-24,4	65,2	0	-24,5
756	11.08.2025 14:00:35,000	4,90	11,32	-4,1	-22,8	63,1	0	-23,9
757	11.08.2025 14:00:36,000	4,90	11,32	-2,5	-25,9	61,6	0	-26,6
758	11.08.2025 14:00:37,000	4,90	11,32	0,0	-21,6	68,4	0	-21,6
759	11.08.2025 14:00:38,000	4,87	11,34	1,4	-13,8	74,9	0	-14,0
760	11.08.2025 14:00:39,000	4,87	11,32	-1,6	-23,9	64,5	0	-24,3
761	11.08.2025 14:00:40,000	4,87	11,34	-3,8	-22,4	63,8	0	-23,4
762	11.08.2025 14:00:41,000	4,87	11,32	1,0	-21,7	67,3	0	-21,9
763	11.08.2025 14:00:42,000	4,83	11,31	-2,0	-21,7	66,3	0	-22,1
764	11.08.2025 14:00:43,000	4,83	11,31	-4,6	-22,8	62,7	0	-23,9
765	11.08.2025 14:00:44,000	4,83	11,31	-1,2	-19,8	69,0	0	-20,0
766	11.08.2025 14:00:45,000	4,83	11,31	-4,4	-24,0	61,6	0	-25,2
767	11.08.2025 14:00:46,000	4,79	11,31	1,5	-23,1	65,4	0	-23,5
768	11.08.2025 14:00:47,000	4,79	11,31	1,7	-22,5	65,8	0	-23,0
769	11.08.2025 14:00:48,000	4,79	11,31	1,2	-20,3	68,5	0	-20,6
770	11.08.2025 14:00:49,000	4,79	11,31	-2,8	-21,3	66,0	0	-21,9
771	11.08.2025 14:00:50,000	4,79	11,31	0,0	-19,3	70,6	0	-19,4
772	11.08.2025 14:00:51,000	4,79	11,31	0,1	-23,1	66,8	0	-23,1
773	11.08.2025 14:00:52,000	4,76	11,30	-5,4	-22,5	62,1	0	-23,8
774	11.08.2025 14:00:53,000	4,76	11,30	-2,7	-21,1	66,2	0	-21,7
775	11.08.2025 14:00:54,000	4,76	11,30	1,5	-25,5	63,0	0	-25,9
776	11.08.2025 14:00:55,000	4,76	11,30	-1,5	-20,7	67,8	0	-21,0
777	11.08.2025 14:00:56,000	4,72	11,30	-1,7	-18,1	70,2	0	-18,4
778	11.08.2025 14:00:57,000	4,72	11,28	2,1	-21,0	66,9	0	-21,5
779	11.08.2025 14:00:58,000	4,72	11,30	-8,5	-24,2	57,3	0	-26,5
780	11.08.2025 14:00:59,000	4,72	11,30	-1,2	-27,2	61,6	1	-27,6
781	11.08.2025 14:01:00,000	4,72	11,30	-4,3	-21,1	64,6	0	-22,1
782	11.08.2025 14:01:01,000	4,72	11,30	-0,4	-22,4	67,2	0	-22,5
783	11.08.2025 14:01:02,000	4,68	11,30	-3,3	-21,9	64,8	0	-22,7
784	11.08.2025 14:01:03,000	4,68	11,30	-1,5	-22,8	65,7	0	-23,2
785	11.08.2025 14:01:04,000	4,68	11,30	-1,0	-19,9	69,0	0	-20,2
786	11.08.2025 14:01:05,000	4,68	11,30	-0,6	-21,8	67,6	0	-22,0
787	11.08.2025 14:01:06,000	4,68	11,30	2,1	-18,9	69,0	0	-19,4
788	11.08.2025 14:01:07,000	4,68	11,30	1,5	-20,5	68,0	0	-20,9
789	11.08.2025 14:01:08,000	4,68	11,30	-1,4	-21,9	66,7	0	-22,2
790	11.08.2025 14:01:09,000	4,65	11,29	-1,8	-21,7	66,5	0	-22,1
791	11.08.2025 14:01:10,000	4,65	11,29	-2,2	-24,3	63,5	0	-24,9
792	11.08.2025 14:01:11,000	4,65	11,27	-1,5	-26,4	62,1	0	-26,8
793	11.08.2025 14:01:12,000	4,65	11,29	-2,4	-23,1	64,5	0	-23,7
794	11.08.2025 14:01:13,000	4,65	11,29	1,6	-20,6	67,8	0	-21,0
795	11.08.2025 14:01:14,000	4,65	11,29	1,0	-24,3	64,8	0	-24,5
796	11.08.2025 14:01:15,000	4,65	11,27	-2,1	-19,1	68,8	0	-19,6
797	11.08.2025 14:01:16,000	4,65	11,29	-3,8	-23,9	62,2	0	-24,9
798	11.08.2025 14:01:17,000	4,65	11,29	-2,1	-25,6	62,3	0	-26,2
799	11.08.2025 14:01:18,000	4,61	11,27	-1,9	-26,7	61,4	0	-27,2
800	11.08.2025 14:01:19,000	4,61	11,27	-2,3	-23,1	64,6	0	-23,7
801	11.08.2025 14:01:20,000	4,61	11,29	-0,3	-26,4	63,4	0	-26,4
802	11.08.2025 14:01:21,000	4,61	11,29	-3,7	-23,6	62,7	0	-24,6
803	11.08.2025 14:01:22,000	4,61	11,29	-2,9	-22,5	64,6	0	-23,2
804	11.08.2025 14:01:23,000	4,61	11,27	-4,4	-24,8	60,8	0	-26,0
805	11.08.2025 14:01:24,000	4,61	11,27	-3,0	-21,0	66,0	0	-21,7
806	11.08.2025 14:01:25,000	4,61	11,27	-3,1	-23,4	63,5	0	-24,2
807	11.08.2025 14:01:26,000	4,61	11,27	-2,6	-27,2	60,2	0	-28,0
808	11.08.2025 14:01:27,000	4,57	11,26	-7,1	-24,2	58,7	0	-26,2
809	11.08.2025 14:01:28,000	4,57	11,26	5,3	-20,9	63,8	0	-22,1
810	11.08.2025 14:01:29,000	4,57	11,26	-3,8	-19,9	66,3	0	-20,8
811	11.08.2025 14:01:30,000	4,57	11,26	-6,9	-24,9	58,1	0	-26,9
812	11.08.2025 14:01:31,000	4,57	11,26	-4,5	-13,9	71,6	0	-14,5
813	11.08.2025 14:01:32,000	4,54	11,23	-1,7	-21,6	66,6	0	-22,0
814	11.08.2025 14:01:33,000	4,54	11,26	-2,6	-24,5	62,8	0	-25,3
815	11.08.2025 14:01:34,000	4,50	11,25	-6,7	-20,2	63,1	0	-21,7
816	11.08.2025 14:01:35,000	4,50	11,28	-5,0	-26,7	58,2	0	-28,3
817	11.08.2025 14:01:36,000	4,50	11,25	-1,1	-22,3	66,6	0	-22,6
818	11.08.2025 14:01:37,000	4,46	11,25	-3,0	-22,6	64,3	0	-23,4
819	11.08.2025 14:01:38,000	4,46	11,25	-3,7	-25,2	61,1	0	-26,2
820	11.08.2025 14:01:39,000	4,46	11,25	-4,7	-19,7	65,6	0	-20,7
821	11.08.2025 14:01:40,000	4,46	11,25	0,2	-25,0	64,8	0	-25,1
822	11.08.2025 14:01:41,000	4,43	11,27	-5,8	-23,9	60,3	0	-25,5
823	11.08.2025 14:01:42,000	4,43	11,25	-4,4	-25,5	60,1	0	-26,7
824	11.08.2025 14:01:43,000	4,43	11,25	-1,7	-24,1	64,2	0	-24,5
825	11.08.2025 14:01:44,000	4,43	11,25	-1,2	-30,7	58,2	0	-31,1
826	11.08.2025 14:01:45,000	4,43	11,25	-7,8	-23,1	59,1	0	-25,2
827	11.08.2025 14:01:46,000	4,43	11,25	-5,2	-22,9	61,9	0	-24,2
828	11.08.2025 14:01:47,000	4,43	11,25	-2,1	-24,6	63,3	0	-25,2
829	11.08.2025 14:01:48,000	4,43	11,25	-2,3	-27,3	60,4	0	-28,0
830	11.08.2025 14:01:49,000	4,39	11,24	-2,4	-24,1	63,5	0	-24,8
831	11.08.2025 14:01:50,000	4,39	11,24	-4,2	-26,5	59,3	0	-27,8
832	11.08.2025 14:01:51,000	4,39	11,24	-1,8	-26,4	61,9	0	-26,9
833	11.08.2025 14:01:52,000	4,39	11,24	-1,4	-26,3	62,3	0	-26,7
834	11.08.2025 14:01:53,000	4,39	11,27	-4,8	-27,0	58,2	0	-28,5
835	11.08.2025 14:01:54,000	4,39	11,24	-2,5	-26,6	61,0	0	-27,3
836	11.08.2025 14:01:55,000	4,39	11,24	-0,4	-26,3	63,4	0	-26,4
837	11.08.2025 14:01:56,000	4,35	11,24	-2,5	-23,4	64,0	0	-24,1
838	11.08.2025 14:01:57,000	4,35	11,24	-3,9	-21,9	64,2	0	-22,9
839	11.08.2025 14:01:58,000	4,35	11,24	-1,2	-24,0	64,8	0	-24,3
840	11.08.2025 14:01:59,000	4,35	11,26	-1,5	-23,7	64,8	0	-24,1
841	11.08.2025 14:02:00,000	4,35	11,26	1,3	-22,9	65,8	0	-23,2
842	11.08.2025 14:02:01,000	4,35	11,24	-4,5	-19,0	66,5	0	-20,0
843	11.08.2025 14:02:02,000	4,35	11,24	-3,2	-20,2	66,5	0	-21,0
844	11.08.2025 14:02:03,000	4,32	11,23	0,5	-22,8	66,7	0	-22,9
845	11.08.2025 14:02:04,000	4,32	11,23	-0,1	-23,9	66,0	0	-23,9
846	11.08.2025 14:02:05,000	4,32	11,23	-0,7	-26,1	63,2	0	-26,3
847	11.08.2025 14:02:06,000	4,32	11,23	-0,2	-26,9	62,9	0	-26,9
848	11.08.2025 14:02:07,000	4,32	11,23	-3,2	-25,8	60,9	0	-26,8
849	11.08.2025 14:02:08,000	4,32	11,23	-0,8	-30,6	58,6	0	-30,9
850	11.08.2025 14:02:09,000	4,32	11,23	0,3	-26,6	63,1	0	-26,7
851	11.08.2025 14:02:10,000	4,32	11,23	-1,1	-27,6	61,3	0	-27,9
852	11.08.2025 14:02:11,000	4,32	11,23	-1,2	-23,9	64,9	0	-24,2
853	11.08.2025 14:02:12,000	4,28	11,23	-2,6	-26,3	61,1	0	-27,0
854	11.08.2025 14:02:13,000	4,28	11,21	0,0	-25,9	64,1	0	-25,9
855	11.08.2025 14:02:14,000	4,28	11,23	-3,3	-25,5	61,2	0	-26,4
856	11.08.2025 14:02:15,000	4,28	11,23	1,4	-28,5	60,1	0	-28,9
857	11.08.2025 14:02:16,000	4,28	11,23	-1,6	-28,8	59,5	0	-29,4
858	11.08.2025 14:02:17,000	4,28	11,23	-3,0	-28,4	58,6	0	-29,3
859	11.08.2025 14:02:18,000	4,28	11,23	-1,2	-26,9	61,9	0	-27,3
860	11.08.2025 14:02:19,000	4,28	11,23	-0,3	-26,8	62,9	0	-26,9
861	11.08.2025 14:02:20,000	4,28	11,23	-2,0	-24,6	63,4	0	-25,1
862	11.08.2025 14:02:21,000	4,24	11,23	-1,3	-26,7	62,0	0	-27,1
863	11.08.2025 14:02:22,000	4,24	11,20	-0,8	-22,7	66,5	0	-22,9
864	11.08.2025 14:02:23,000	4,24	11,20	-3,4	-26,0	60,7	0	-26,9
865	11.08.2025 14:02:24,000	4,24	11,23	-2,8	-27,5	59,7	0	-28,4
866	11.08.2025 14:02:25,000	4,24	11,23	-1,1	-27,3	61,6	0	-27,6
867	11.08.2025 14:02:26,000	4,24	11,20	-1,0	-27,3	61,7	0	-27,6
868	11.08.2025 14:02:27,000	4,20	11,22	-2,1	-28,2	59,7	0	-28,9
869	11.08.2025 14:02:28,000	4,20	11,22	-4,0	-28,0	58,0	0	-29,3
870	11.08.2025 14:02:29,000	4,20	11,20	1,2	-27,3	61,5	0	-27,6
871	11.08.2025 14:02:30,000	4,20	11,20	-1,9	-29,0	59,1	0	-29,6
872	11.08.2025 14:02:31,000	4,20	11,20	-1,1	-26,8	62,1	0	-27,1
873	11.08.2025 14:02:32,000	4,20	11,20	-5,1	-26,8	58,1	0	-28,3
874	11.08.2025 14:02:33,000	4,17	11,20	-3,8	-27,3	58,8	0	-28,5
875	11.08.2025 14:02:34,000	4,17	11,20	-2,0	-25,1	62,9	0	-25,6
876	11.08.2025 14:02:35,000	4,17	11,22	0,4	-25,2	64,4	0	-25,3
877	11.08.2025 14:02:36,000	4,17	11,22	-4,6	-24,3	61,1	0	-25,5
878	11.08.2025 14:02:37,000	4,17	11,22	-3,3	-25,9	60,8	0	-26,9
879	11.08.2025 14:02:38,000	4,13	11,22	-5,8	-27,0	57,2	0	-28,8
880	11.08.2025 14:02:39,000	4,13	11,19	-0,6	-26,1	63,3	0	-26,2
881	11.08.2025 14:02:40,000	4,13	11,19	-3,0	-27,4	59,6	0	-28,3
882	11.08.2025 14:02:41,000	4,13	11,22	-0,7	-28,9	60,4	0	-29,1
883	11.08.2025 14:02:42,000	4,13	11,22	-2,5	-23,9	63,6	0	-24,6
884	11.08.2025 14:02:43,000	4,09	11,19	-4,7	-27,5	57,8	0	-29,0
885	11.08.2025 14:02:44,000	4,09	11,21	-0,7	-28,1	61,2	0	-28,3
886	11.08.2025 14:02:45,000	4,09	11,21	1,6	-26,6	61,9	0	-27,0
887	11.08.2025 14:02:46,000	4,09	11,19	0,4	-26,6	63,1	0	-26,7
888	11.08.2025 14:02:47,000	4,09	11,21	-2,1	-21,4	66,6	0	-21,9
889	11.08.2025 14:02:48,000	4,09	11,23	8,5	-29,3	52,1	0	-32,3
890	11.08.2025 14:02:49,000	4,06	11,18	-7,1	-27,3	55,7	0	-29,5
891	11.08.2025 14:02:50,000	4,06	11,21	1,7	-34,9	53,4	0	-35,5
892	11.08.2025 14:02:51,000	4,06	11,21	-1,2	-34,6	54,1	0	-35,1
893	11.08.2025 14:02:52,000	4,06	11,23	-4,2	-33,5	52,3	0	-35,1
894	11.08.2025 14:02:53,000	4,06	11,18	-2,8	-34,9	52,3	0	-36,0
895	11.08.2025 14:02:54,000	4,02	11,20	-0,1	-34,5	55,4	0	-34,5
896	11.08.2025 14:02:55,000	4,02	11,20	-1,4	-31,2	57,4	0	-31,7
897	11.08.2025 14:02:56,000	4,02	11,20	0,6	-33,7	55,7	0	-34,0
898	11.08.2025 14:02:57,000	4,02	11,20	-3,4	-28,7	57,8	0	-29,9
899	11.08.2025 14:02:58,000	4,02	11,20	-0,4	-30,0	59,6	0	-30,1
900	11.08.2025 14:02:59,000	3,98	11,20	-1,9	-38,2	49,9	0	-39,0
901	11.08.2025 14:03:00,000	3,98	11,18	-3,1	-32,0	54,9	0	-33,1
902	11.08.2025 14:03:01,000	3,98	11,20	-3,3	-28,8	57,8	0	-29,9
903	11.08.2025 14:03:02,000	3,98	11,20	-0,6	-31,0	58,4	0	-31,2
904	11.08.2025 14:03:03,000	3,98	11,20	-3,5	-28,0	58,6	0	-29,0
905	11.08.2025 14:03:04,000	3,95	11,20	-6,3	-32,6	51,1	0	-35,0
906	11.08.2025 14:03:05,000	3,95	11,20	-0,2	-29,7	60,1	0	-29,8
907	11.08.2025 14:03:06,000	3,95	11,20	-4,2	-31,8	54,0	0	-33,3
908	11.08.2025 14:03:07,000	3,95	11,20	-2,4	-26,3	61,3	0	-27,0
909	11.08.2025 14:03:08,000	3,95	11,20	-3,5	-26,4	60,1	0	-27,4
910	11.08.2025 14:03:09,000	3,91	11,19	-6,1	-27,6	56,3	0	-29,5
911	11.08.2025 14:03:10,000	3,91	11,19	-2,8	-32,0	55,2	0	-33,0
912	11.08.2025 14:03:11,000	3,91	11,19	-6,8	-37,5	45,6	0	-40,6
913	11.08.2025 14:03:12,000	3,91	11,19	-2,1	-35,3	52,6	0	-36,2
914	11.08.2025 14:03:13,000	3,91	11,19	-2,3	-36,7	51,0	0	-37,7
915	11.08.2025 14:03:14,000	3,91	11,19	-2,9	-36,6	50,6	0	-37,8
916	11.08.2025 14:03:15,000	3,87	11,19	-0,3	-36,4	53,3	0	-36,5
917	11.08.2025 14:03:16,000	3,87	11,19	-0,7	-34,0	55,3	0	-34,3
918	11.08.2025 14:03:17,000	3,87	11,21	-2,5	-34,3	53,2	0	-35,2
919	11.08.2025 14:03:18,000	3,87	11,19	0,0	-35,2	54,8	0	-35,2
920	11.08.2025 14:03:19,000	3,87	11,19	-0,8	-34,9	54,3	0	-35,2
921	11.08.2025 14:03:20,000	3,83	11,16	1,4	-33,5	55,1	1	-34,0
922	11.08.2025 14:03:21,000	3,83	11,18	3,5	-33,5	53,1	1	-34,8
923	11.08.2025 14:03:22,000	3,83	11,18	-4,0	-41,8	44,2	0	-43,7
924	11.08.2025 14:03:23,000	3,83	11,18	-0,5	-33,9	55,6	0	-34,1
925	11.08.2025 14:03:24,000	3,83	11,18	1,4	-39,2	49,4	0	-39,8
926	11.08.2025 14:03:25,000	3,80	11,18	-1,2	-35,2	53,6	0	-35,7
927	11.08.2025 14:03:26,000	3,80	11,20	-1,2	-37,5	51,3	0	-38,0
928	11.08.2025 14:03:27,000	3,80	11,18	-1,6	-39,9	48,5	0	-40,7
929	11.08.2025 14:03:28,000	3,80	11,18	-2,5	-35,3	52,2	0	-36,3
930	11.08.2025 14:03:29,000	3,80	11,20	1,1	-36,7	52,2	0	-37,1
931	11.08.2025 14:03:30,000	3,76	11,20	1,2	-34,8	54,0	0	-35,3
932	11.08.2025 14:03:31,000	3,76	11,18	-0,4	-40,8	48,7	0	-41,0
933	11.08.2025 14:03:32,000	3,76	11,18	-7,3	-29,6	53,2	0	-32,1
934	11.08.2025 14:03:33,000	3,76	11,20	2,4	-35,0	52,7	0	-35,9
935	11.08.2025 14:03:34,000	3,76	11,18	-1,6	-30,9	57,6	0	-31,4
936	11.08.2025 14:03:35,000	3,72	11,17	3,5	-32,8	53,7	0	-34,1
937	11.08.2025 14:03:36,000	3,72	11,17	-0,4	-30,4	59,3	0	-30,5
938	11.08.2025 14:03:37,000	3,72	11,17	-1,9	-31,7	56,4	0	-32,4
939	11.08.2025 14:03:38,000	3,72	11,20	3,0	-33,3	53,7	0	-34,4
940	11.08.2025 14:03:39,000	3,72	11,20	-2,0	-31,7	56,2	0	-32,5
941	11.08.2025 14:03:40,000	3,72	11,20	9,8	-35,4	44,8	0	-39,6
942	11.08.2025 14:03:41,000	3,68	11,17	0,5	-30,6	58,9	0	-30,8
943	11.08.2025 14:03:42,000	3,68	11,17	5,5	-17,0	67,5	1	-18,0
944	11.08.2025 14:03:43,000	3,68	11,17	-1,3	-24,1	64,6	0	-24,4
945	11.08.2025 14:03:44,000	3,68	11,19	3,1	-19,4	67,5	0	-20,0
946	11.08.2025 14:03:45,000	3,68	11,17	-3,1	-24,9	62,0	0	-25,8
947	11.08.2025 14:03:46,000	3,68	11,17	5,6	-19,4	65,0	0	-20,6
948	11.08.2025 14:03:47,000	3,65	11,16	3,3	-15,9	70,8	1	-16,5
949	11.08.2025 14:03:48,000	3,65	11,19	3,3	-18,5	68,2	0	-19,2
950	11.08.2025 14:03:49,000	3,65	11,16	3,3	-12,9	73,8	0	-13,3
951	11.08.2025 14:03:50,000	3,65	11,16	4,7	-11,7	73,5	0	-12,3
952	11.08.2025 14:03:51,000	3,65	11,16	2,2	-9,3	78,5	0	-9,5
953	11.08.2025 14:03:52,000	3,65	11,16	5,5	-7,0	77,5	0	-7,3
954	11.08.2025 14:03:53,000	3,61	11,14	4,7	-3,8	81,5	0	-3,9
955	11.08.2025 14:03:54,000	3,61	11,14	7,1	-3,9	79,0	0	-4,0
956	11.08.2025 14:03:55,000	3,61	11,11	7,0	-4,5	78,5	0	-4,8
957	11.08.2025 14:03:56,000	3,61	11,11	7,7	-3,2	79,1	0	-3,3
958	11.08.2025 14:03:57,000	3,61	11,09	8,1	-2,7	79,2	0	-2,8
959	11.08.2025 14:03:58,000	3,61	11,07	9,6	-1,6	78,8	0	-1,7
960	11.08.2025 14:03:59,000	3,57	11,06	10,6	-0,6	78,7	0	-0,6
961	11.08.2025 14:04:00,000	3,57	11,04	13,5	-1,6	74,8	0	-1,7
962	11.08.2025 14:04:01,000	3,57	11,04	14,1	-1,6	74,3	0	-1,7
963	11.08.2025 14:04:02,000	3,57	11,02	12,9	-0,3	76,8	0	-0,3
964	11.08.2025 14:04:03,000	3,57	11,02	14,5	0,8	74,7	0	0,8
965	11.08.2025 14:04:04,000	3,57	10,99	14,7	2,6	72,6	0	2,8
966	11.08.2025 14:04:05,000	3,53	10,99	14,1	2,6	73,3	0	2,8
967	11.08.2025 14:04:06,000	3,53	10,99	14,9	1,5	73,6	0	1,6
968	11.08.2025 14:04:07,000	3,53	10,96	15,9	-0,7	73,4	0	-0,7
969	11.08.2025 14:04:08,000	3,53	10,96	17,5	-1,8	70,7	0	-2,0
970	11.08.2025 14:04:09,000	3,53	10,94	18,6	-2,8	68,7	0	-3,0
971	11.08.2025 14:04:10,000	3,53	10,92	18,1	-3,0	68,9	0	-3,2
972	11.08.2025 14:04:11,000	3,53	10,89	15,7	-5,1	69,2	0	-5,6
973	11.08.2025 14:04:12,000	3,50	10,89	13,5	-5,3	71,2	0	-5,7
974	11.08.2025 14:04:13,000	3,50	10,87	12,7	-4,4	72,8	0	-4,7
975	11.08.2025 14:04:14,000	3,50	10,84	9,8	-4,8	75,4	0	-5,1
976	11.08.2025 14:04:15,000	3,50	10,82	7,3	-5,3	77,3	0	-5,6
977	11.08.2025 14:04:16,000	3,50	10,82	7,3	-5,8	76,9	0	-6,1
978	11.08.2025 14:04:17,000	3,46	10,81	7,2	-5,5	77,4	0	-5,8
979	11.08.2025 14:04:18,000	3,46	10,77	7,0	-5,0	78,0	0	-5,3
980	11.08.2025 14:04:19,000	3,46	10,77	6,2	-4,8	79,1	0	-5,0
981	11.08.2025 14:04:20,000	3,46	10,77	5,9	-3,1	81,0	0	-3,2
982	11.08.2025 14:04:21,000	3,46	10,72	5,5	-2,8	81,7	0	-2,9
983	11.08.2025 14:04:22,000	3,46	10,72	5,3	-2,3	82,4	0	-2,3
984	11.08.2025 14:04:23,000	3,46	10,70	4,7	-0,9	84,4	0	-0,9
985	11.08.2025 14:04:24,000	3,42	10,69	5,1	-0,1	84,7	0	-0,1
986	11.08.2025 14:04:25,000	3,42	10,67	4,7	0,5	84,7	0	0,6
987	11.08.2025 14:04:26,000	3,42	10,67	4,7	2,1	83,2	0	2,2
988	11.08.2025 14:04:27,000	3,42	10,65	6,9	1,6	81,5	0	1,7
989	11.08.2025 14:04:28,000	3,42	10,65	5,2	1,6	83,2	0	1,7
990	11.08.2025 14:04:29,000	3,38	10,64	4,5	1,3	84,2	0	1,3
991	11.08.2025 14:04:30,000	3,38	10,64	8,0	-1,7	80,4	0	-1,7
992	11.08.2025 14:04:31,000	3,38	10,64	8,6	-2,1	79,2	0	-2,2
993	11.08.2025 14:04:32,000	3,38	10,64	9,6	-4,2	76,2	0	-4,4
994	11.08.2025 14:04:33,000	3,38	10,62	12,1	-3,7	74,3	0	-3,9
995	11.08.2025 14:04:34,000	3,38	10,60	11,0	-3,7	75,2	0	-4,0
996	11.08.2025 14:04:35,000	3,38	10,60	10,8	-5,0	74,2	0	-5,3
997	11.08.2025 14:04:36,000	3,35	10,59	10,4	-3,9	75,6	0	-4,2
998	11.08.2025 14:04:37,000	3,35	10,57	10,6	-4,0	75,4	0	-4,3
999	11.08.2025 14:04:38,000	3,35	10,57	10,8	-4,2	75,1	0	-4,4
1000	11.08.2025 14:04:39,000	3,35	10,54	10,7	-2,7	76,6	0	-2,8
1001	11.08.2025 14:04:40,000	3,35	10,54	11,1	-2,9	76,0	0	-3,0
1002	11.08.2025 14:04:41,000	3,35	10,52	10,8	-1,9	77,2	0	-2,0
1003	11.08.2025 14:04:42,000	3,31	10,52	11,0	-2,5	76,5	0	-2,7
1004	11.08.2025 14:04:43,000	3,31	10,49	12,1	-1,8	76,1	0	-1,8
1005	11.08.2025 14:04:44,000	3,31	10,49	12,5	-0,6	76,9	0	-0,6
1006	11.08.2025 14:04:45,000	3,31	10,49	12,7	-0,6	76,7	0	-0,6
1007	11.08.2025 14:04:46,000	3,31	10,47	13,0	-0,3	76,7	0	-0,3
1008	11.08.2025 14:04:47,000	3,31	10,47	12,3	-0,7	77,0	0	-0,7
1009	11.08.2025 14:04:48,000	3,31	10,45	12,9	-0,4	76,8	0	-0,4
1010	11.08.2025 14:04:49,000	3,27	10,44	13,7	-1,1	75,2	0	-1,2
1011	11.08.2025 14:04:50,000	3,27	10,42	12,8	-1,5	75,7	0	-1,5
1012	11.08.2025 14:04:51,000	3,27	10,42	13,6	-1,5	74,9	0	-1,6
1013	11.08.2025 14:04:52,000	3,27	10,40	13,8	-2,0	74,2	0	-2,1
1014	11.08.2025 14:04:53,000	3,27	10,40	15,4	-3,0	71,6	0	-3,2
1015	11.08.2025 14:04:54,000	3,27	10,40	14,5	-2,5	73,0	0	-2,6
1016	11.08.2025 14:04:55,000	3,23	10,39	11,9	-4,0	74,1	0	-4,2
1017	11.08.2025 14:04:56,000	3,23	10,37	14,8	-3,8	71,4	0	-4,1
1018	11.08.2025 14:04:57,000	3,23	10,37	15,0	-4,0	71,0	0	-4,4
1019	11.08.2025 14:04:58,000	3,23	10,37	14,4	-4,5	71,1	0	-4,9
1020	11.08.2025 14:04:59,000	3,23	10,37	14,5	-4,9	70,6	0	-5,4
1021	11.08.2025 14:05:00,000	3,23	10,34	14,4	-5,3	70,2	0	-5,8
1022	11.08.2025 14:05:01,000	3,20	10,34	12,3	-5,5	72,2	0	-5,9
1023	11.08.2025 14:05:02,000	3,20	10,34	15,2	-6,9	67,9	0	-7,6
1024	11.08.2025 14:05:03,000	3,20	10,32	14,0	-6,3	69,8	0	-6,9
1025	11.08.2025 14:05:04,000	3,20	10,32	13,4	-7,2	69,3	0	-7,9
1026	11.08.2025 14:05:05,000	3,20	10,32	13,1	-7,9	69,0	0	-8,7
1027	11.08.2025 14:05:06,000	3,20	10,32	13,3	-8,2	68,5	0	-9,0
1028	11.08.2025 14:05:07,000	3,20	10,29	13,3	-8,4	68,3	0	-9,3
1029	11.08.2025 14:05:08,000	3,16	10,29	12,5	-9,6	67,9	0	-10,6
1030	11.08.2025 14:05:09,000	3,16	10,29	13,1	-10,0	66,9	0	-11,1
1031	11.08.2025 14:05:10,000	3,16	10,27	12,1	-10,8	67,1	0	-12,0
1032	11.08.2025 14:05:11,000	3,16	10,27	11,0	-12,1	66,8	0	-13,4
1033	11.08.2025 14:05:12,000	3,16	10,27	11,1	-13,1	65,9	0	-14,5
1034	11.08.2025 14:05:13,000	3,16	10,24	11,3	-14,1	64,6	0	-15,7
1035	11.08.2025 14:05:14,000	3,16	10,24	10,2	-14,6	65,2	0	-16,1
1036	11.08.2025 14:05:15,000	3,12	10,21	10,0	-15,7	64,3	0	-17,3
1037	11.08.2025 14:05:16,000	3,12	10,21	8,6	-17,2	64,2	0	-18,8
1038	11.08.2025 14:05:17,000	3,12	10,21	9,6	-18,1	62,3	0	-20,0
1039	11.08.2025 14:05:18,000	3,12	10,21	11,0	-19,8	59,2	0	-22,2
1040	11.08.2025 14:05:19,000	3,12	10,21	9,2	-22,2	58,7	0	-24,4
1041	11.08.2025 14:05:20,000	3,12	10,19	8,8	-23,5	57,7	0	-25,9
1042	11.08.2025 14:05:21,000	3,12	10,19	11,3	-23,5	55,2	0	-26,6
1043	11.08.2025 14:05:22,000	3,12	10,19	11,9	-23,1	55,0	0	-26,2
1044	11.08.2025 14:05:23,000	3,12	10,19	13,4	-23,9	52,8	0	-27,6
1045	11.08.2025 14:05:24,000	3,08	10,19	13,9	-23,7	52,4	0	-27,6
1046	11.08.2025 14:05:25,000	3,08	10,19	13,5	-25,4	51,2	0	-29,5
1047	11.08.2025 14:05:26,000	3,08	10,16	12,5	-27,1	50,4	0	-31,2
1048	11.08.2025 14:05:27,000	3,08	10,14	12,6	-28,6	48,8	0	-33,0
1049	11.08.2025 14:05:28,000	3,08	10,14	12,6	-30,7	46,7	0	-35,5
1050	11.08.2025 14:05:29,000	3,08	10,12	11,8	-31,6	46,6	0	-36,2
1051	11.08.2025 14:05:30,000	3,08	10,12	11,9	-33,1	45,0	0	-38,0
1052	11.08.2025 14:05:31,000	3,08	10,09	11,9	-34,6	43,4	0	-39,9
1053	11.08.2025 14:05:32,000	3,08	10,07	12,2	-35,5	42,2	0	-41,1
1054	11.08.2025 14:05:33,000	3,08	10,07	11,8	-36,4	41,9	0	-41,8
1055	11.08.2025 14:05:34,000	3,04	10,04	12,1	-37,4	40,5	0	-43,2
1056	11.08.2025 14:05:35,000	3,04	10,02	12,6	-38,0	39,4	0	-44,2
1057	11.08.2025 14:05:36,000	3,04	9,99	12,8	-37,8	39,4	0	-44,1
1058	11.08.2025 14:05:37,000	3,04	9,99	13,7	-39,1	37,2	0	-46,1
1059	11.08.2025 14:05:38,000	3,04	9,97	13,4	-39,0	37,5	0	-45,9
1060	11.08.2025 14:05:39,000	3,04	9,97	13,5	-39,8	36,8	0	-46,8
1061	11.08.2025 14:05:40,000	3,04	9,95	13,9	-39,7	36,4	0	-47,1
1062	11.08.2025 14:05:41,000	3,01	9,94	14,6	-40,2	35,2	0	-48,0
1063	11.08.2025 14:05:42,000	3,01	9,94	15,5	-40,0	34,5	0	-48,4
1064	11.08.2025 14:05:43,000	3,01	9,90	15,1	-40,6	34,3	0	-48,9
1065	11.08.2025 14:05:44,000	3,01	9,92	15,0	-40,7	34,2	0	-49,0
1066	11.08.2025 14:05:45,000	3,01	9,90	15,5	-40,3	34,1	0	-48,9
1067	11.08.2025 14:05:46,000	3,01	9,87	16,3	-40,4	33,3	0	-49,5
1068	11.08.2025 14:05:47,000	3,01	9,85	16,4	-40,1	33,5	0	-49,2
1069	11.08.2025 14:05:48,000	3,01	9,85	15,8	-41,5	32,7	0	-50,5
1070	11.08.2025 14:05:49,000	2,97	9,82	16,4	-41,2	32,4	0	-50,5
1071	11.08.2025 14:05:50,000	2,97	9,80	17,5	-40,8	31,7	0	-50,9
1072	11.08.2025 14:05:51,000	2,97	9,80	17,0	-41,1	31,9	0	-50,9
1073	11.08.2025 14:05:52,000	2,97	9,77	17,6	-40,8	31,6	0	-51,0
1074	11.08.2025 14:05:53,000	2,97	9,77	16,9	-41,8	31,2	0	-51,8
1075	11.08.2025 14:05:54,000	2,97	9,75	18,2	-41,2	30,6	0	-51,9
1076	11.08.2025 14:05:55,000	2,97	9,75	17,6	-40,9	31,5	0	-51,1
1077	11.08.2025 14:05:56,000	2,93	9,72	17,8	-41,7	30,5	0	-52,3
1078	11.08.2025 14:05:57,000	2,93	9,70	17,9	-41,3	30,9	0	-51,8
1079	11.08.2025 14:05:58,000	2,93	9,70	16,9	-42,2	30,8	0	-52,3
1080	11.08.2025 14:05:59,000	2,93	9,68	17,3	-42,3	30,3	0	-52,7
1081	11.08.2025 14:06:00,000	2,93	9,68	17,3	-41,8	30,8	0	-52,1
1082	11.08.2025 14:06:01,000	2,93	9,65	17,7	-41,8	30,4	0	-52,4
1083	11.08.2025 14:06:02,000	2,93	9,63	18,5	-41,6	29,9	0	-52,7
1084	11.08.2025 14:06:03,000	2,93	9,61	18,7	-41,2	30,2	0	-52,3
1085	11.08.2025 14:06:04,000	2,89	9,60	18,1	-41,4	30,5	0	-52,1
1086	11.08.2025 14:06:05,000	2,89	9,58	18,6	-41,3	30,1	0	-52,4
1087	11.08.2025 14:06:06,000	2,89	9,55	16,6	-42,8	30,6	0	-52,8
1088	11.08.2025 14:06:07,000	2,89	9,53	18,7	-41,3	30,0	0	-52,5
1089	11.08.2025 14:06:08,000	2,89	9,53	19,3	-40,5	30,2	0	-51,9
1090	11.08.2025 14:06:09,000	2,89	9,51	19,3	-40,6	30,2	0	-51,9
1091	11.08.2025 14:06:10,000	2,89	9,48	17,8	-42,1	30,1	0	-52,8
1092	11.08.2025 14:06:11,000	2,85	9,48	18,8	-42,7	28,6	0	-54,3
1093	11.08.2025 14:06:12,000	2,85	9,46	18,2	-41,9	30,0	0	-52,8
1094	11.08.2025 14:06:13,000	2,85	9,46	17,4	-41,6	31,0	0	-51,9
1095	11.08.2025 14:06:14,000	2,85	9,43	20,7	-39,6	29,7	0	-51,8
1096	11.08.2025 14:06:15,000	2,85	9,41	17,2	-41,0	31,8	0	-50,9
1097	11.08.2025 14:06:16,000	2,85	9,41	17,8	-40,7	31,5	0	-51,0
1098	11.08.2025 14:06:17,000	2,85	9,36	17,8	-41,2	31,0	0	-51,6
1099	11.08.2025 14:06:18,000	2,85	9,36	17,3	-41,3	31,4	0	-51,4
1100	11.08.2025 14:06:19,000	2,82	9,33	17,2	-41,6	31,2	0	-51,7
1101	11.08.2025 14:06:20,000	2,82	9,29	17,9	-40,8	31,3	0	-51,2
1102	11.08.2025 14:06:21,000	2,82	9,29	17,0	-40,6	32,4	0	-50,3
1103	11.08.2025 14:06:22,000	2,82	9,26	17,6	-40,6	31,7	0	-50,7
1104	11.08.2025 14:06:23,000	2,82	9,22	18,2	-39,7	32,1	0	-50,0
1105	11.08.2025 14:06:24,000	2,82	9,19	18,3	-40,0	31,7	0	-50,4
1106	11.08.2025 14:06:25,000	2,82	9,17	18,6	-39,4	32,0	0	-49,8
1107	11.08.2025 14:06:26,000	2,78	9,14	18,1	-40,2	31,7	0	-50,5
1108	11.08.2025 14:06:27,000	2,78	9,10	17,9	-40,0	32,0	0	-50,2
1109	11.08.2025 14:06:28,000	2,78	9,07	20,2	-39,0	30,8	0	-50,6
1110	11.08.2025 14:06:29,000	2,78	9,05	19,4	-39,7	31,0	0	-50,8
1111	11.08.2025 14:06:30,000	2,78	9,02	18,6	-39,8	31,6	0	-50,4
1112	11.08.2025 14:06:31,000	2,78	9,00	20,5	-39,4	30,1	0	-51,3
1113	11.08.2025 14:06:32,000	2,78	8,98	22,3	-38,6	29,1	0	-51,7
1114	11.08.2025 14:06:33,000	2,78	8,95	19,6	-41,3	29,1	0	-53,2
1115	11.08.2025 14:06:34,000	2,74	8,90	21,1	-37,4	31,5	0	-49,1
1116	11.08.2025 14:06:35,000	2,74	8,90	17,4	-42,2	30,4	0	-52,6
1117	11.08.2025 14:06:36,000	2,74	8,88	25,4	-35,8	28,8	0	-50,2
1118	11.08.2025 14:06:37,000	2,74	8,88	22,5	-39,9	27,6	0	-53,7
1119	11.08.2025 14:06:38,000	2,74	8,83	21,8	-38,0	30,1	0	-50,5
1120	11.08.2025 14:06:39,000	2,74	8,83	24,6	-40,4	25,0	0	-56,4
1121	11.08.2025 14:06:40,000	2,74	8,79	24,4	-38,9	26,7	0	-54,0
1122	11.08.2025 14:06:41,000	2,70	8,76	25,1	-39,2	25,6	0	-55,2
1123	11.08.2025 14:06:42,000	2,70	8,71	25,6	-39,5	24,9	0	-56,0
1124	11.08.2025 14:06:43,000	2,70	8,69	25,9	-38,6	25,5	0	-54,9
1125	11.08.2025 14:06:44,000	2,70	8,64	25,5	-39,9	24,6	0	-56,5
1126	11.08.2025 14:06:45,000	2,70	8,62	25,7	-40,0	24,3	0	-56,9
1127	11.08.2025 14:06:46,000	2,70	8,57	26,0	-40,1	24,0	0	-57,2
1128	11.08.2025 14:06:47,000	2,70	8,52	26,4	-39,7	23,9	0	-57,1
1129	11.08.2025 14:06:48,000	2,66	8,50	25,3	-40,0	24,7	0	-56,5
1130	11.08.2025 14:06:49,000	2,66	8,45	25,1	-40,4	24,5	0	-56,9
1131	11.08.2025 14:06:50,000	2,66	8,42	26,2	-39,9	23,9	0	-57,3
1132	11.08.2025 14:06:51,000	2,66	8,38	27,3	-39,4	23,3	0	-57,6
1133	11.08.2025 14:06:52,000	2,66	8,33	26,9	-39,9	23,2	0	-57,9
1134	11.08.2025 14:06:53,000	2,66	8,31	26,3	-39,9	23,8	0	-57,4
1135	11.08.2025 14:06:54,000	2,66	8,26	25,9	-41,1	23,0	0	-58,7
1136	11.08.2025 14:06:55,000	2,66	8,21	26,4	-40,0	23,6	0	-57,6
1137	11.08.2025 14:06:56,000	2,63	8,16	26,7	-39,8	23,4	0	-57,6
1138	11.08.2025 14:06:57,000	2,63	8,14	31,0	-35,9	23,2	0	-55,7
1139	11.08.2025 14:06:58,000	2,63	8,11	30,5	-36,3	23,2	0	-55,9
1140	11.08.2025 14:06:59,000	2,63	8,07	29,3	-40,4	20,3	0	-61,3
1141	11.08.2025 14:07:00,000	2,63	8,07	28,8	-38,3	22,9	0	-57,4
1142	11.08.2025 14:07:01,000	2,63	8,09	27,2	-45,4	17,4	0	-66,6
1143	11.08.2025 14:07:02,000	2,63	8,07	25,4	-49,4	15,1	0	-70,4
1144	11.08.2025 14:07:03,000	2,63	8,07	22,8	-53,6	13,6	0	-73,2
1145	11.08.2025 14:07:04,000	2,63	8,07	19,5	-61,9	8,6	0	-80,0
1146	11.08.2025 14:07:05,000	2,63	8,07	12,1	-74,3	3,7	0	-86,1
1147	11.08.2025 14:07:06,000	2,63	8,07	2,9	-77,8	9,3	0	-80,5
1148	11.08.2025 14:07:07,000	2,63	8,09	4,7	-58,2	27,1	0	-61,5
1149	11.08.2025 14:07:08,000	2,63	8,07	7,6	-48,1	34,3	0	-52,6
1150	11.08.2025 14:07:09,000	2,63	8,09	10,7	-43,9	35,4	0	-49,9
1151	11.08.2025 14:07:10,000	2,63	8,09	12,5	-45,1	32,4	0	-52,5
1152	11.08.2025 14:07:11,000	2,63	8,11	14,7	-45,9	29,4	0	-55,1
1153	11.08.2025 14:07:12,000	2,63	8,09	16,8	-45,4	27,9	0	-56,2
1154	11.08.2025 14:07:13,000	2,63	8,11	18,6	-43,2	28,2	0	-54,8
1155	11.08.2025 14:07:14,000	2,63	8,11	19,7	-43,6	26,7	0	-56,4
1156	11.08.2025 14:07:15,000	2,63	8,14	20,4	-44,2	25,4	0	-57,8
1157	11.08.2025 14:07:16,000	2,63	8,16	20,2	-45,1	24,8	0	-58,8
1158	11.08.2025 14:07:17,000	2,63	8,16	20,3	-45,6	24,0	0	-59,7
1159	11.08.2025 14:07:18,000	2,63	8,16	19,3	-46,9	23,8	0	-60,4
1160	11.08.2025 14:07:19,000	2,63	8,19	18,5	-48,1	23,3	0	-61,3
1161	11.08.2025 14:07:20,000	2,63	8,19	18,3	-48,0	23,7	0	-60,9
1162	11.08.2025 14:07:21,000	2,63	8,21	17,3	-48,8	23,9	0	-61,0
1163	11.08.2025 14:07:22,000	2,63	8,21	17,0	-49,1	24,0	0	-61,0
1164	11.08.2025 14:07:23,000	2,63	8,23	15,5	-49,6	24,8	0	-60,5
1165	11.08.2025 14:07:24,000	2,63	8,23	14,8	-49,1	26,1	0	-59,1
1166	11.08.2025 14:07:25,000	2,63	8,23	14,3	-49,7	26,1	0	-59,4
1167	11.08.2025 14:07:26,000	2,63	8,23	13,3	-49,5	27,2	0	-58,4
1168	11.08.2025 14:07:27,000	2,63	8,26	13,4	-48,8	27,8	0	-57,6
1169	11.08.2025 14:07:28,000	2,63	8,26	12,3	-48,5	29,2	0	-56,4
1170	11.08.2025 14:07:29,000	2,63	8,28	12,0	-47,8	30,2	0	-55,3
1171	11.08.2025 14:07:30,000	2,63	8,28	11,0	-49,9	29,1	0	-57,0
1172	11.08.2025 14:07:31,000	2,63	8,28	-0,8	-56,7	32,5	0	-57,2
1173	11.08.2025 14:07:32,000	2,59	8,25	-8,3	-43,9	37,8	0	-48,4
1174	11.08.2025 14:07:33,000	2,59	8,25	-5,2	-35,5	49,3	0	-37,6
1175	11.08.2025 14:07:34,000	2,59	8,23	-0,4	-29,7	60,0	0	-29,8
1176	11.08.2025 14:07:35,000	2,59	8,20	3,7	-22,5	63,8	0	-23,4
1177	11.08.2025 14:07:36,000	2,59	8,18	5,3	-19,4	65,3	0	-20,5
1178	11.08.2025 14:07:37,000	2,59	8,13	7,1	-18,9	64,0	0	-20,4
1179	11.08.2025 14:07:38,000	2,59	8,11	12,5	-10,0	67,5	0	-11,1
1180	11.08.2025 14:07:39,000	2,59	8,09	8,6	-14,5	66,9	0	-15,8
1181	11.08.2025 14:07:40,000	2,59	8,06	7,4	-15,7	66,9	0	-16,9
1182	11.08.2025 14:07:41,000	2,59	8,04	8,0	-14,7	67,3	0	-15,9
1183	11.08.2025 14:07:42,000	2,59	8,04	10,1	-12,2	67,7	0	-13,4
1184	11.08.2025 14:07:43,000	2,59	7,97	8,4	-12,0	69,6	0	-13,0
1185	11.08.2025 14:07:44,000	2,59	7,97	9,9	-11,9	68,2	0	-13,0
1186	11.08.2025 14:07:45,000	2,59	7,95	12,2	-10,1	67,8	0	-11,1
1187	11.08.2025 14:07:46,000	2,59	7,95	13,0	-8,1	68,9	0	-8,9
1188	11.08.2025 14:07:47,000	2,59	7,92	14,4	-6,3	69,3	0	-6,9
1189	11.08.2025 14:07:48,000	2,59	7,90	15,4	-5,2	69,4	0	-5,7
1190	11.08.2025 14:07:49,000	2,59	7,88	15,1	-4,5	70,5	0	-4,8
1191	11.08.2025 14:07:50,000	2,59	7,88	15,5	-4,8	69,6	0	-5,3
1192	11.08.2025 14:07:51,000	2,59	7,85	14,3	-5,3	70,4	0	-5,8
1193	11.08.2025 14:07:52,000	2,59	7,83	13,6	-6,3	70,1	0	-6,8
1194	11.08.2025 14:07:53,000	2,59	7,80	14,7	-6,1	69,2	0	-6,7
1195	11.08.2025 14:07:54,000	2,59	7,78	13,7	-6,4	69,9	0	-7,0
1196	11.08.2025 14:07:55,000	2,59	7,76	13,8	-5,9	70,2	0	-6,5
1197	11.08.2025 14:07:56,000	2,59	7,76	14,4	-5,3	70,4	0	-5,7
1198	11.08.2025 14:07:57,000	2,59	7,76	13,1	-4,2	72,7	0	-4,5
1199	11.08.2025 14:07:58,000	2,59	7,73	15,6	-1,2	73,2	0	-1,3
1200	11.08.2025 14:07:59,000	2,59	7,76	14,3	-0,6	75,1	0	-0,6
1201	11.08.2025 14:08:00,000	2,59	7,73	13,2	-1,1	75,6	0	-1,2
1202	11.08.2025 14:08:01,000	2,59	7,73	13,8	-2,2	74,0	0	-2,3
1203	11.08.2025 14:08:02,000	2,63	7,74	12,6	-3,2	74,2	0	-3,4
1204	11.08.2025 14:08:03,000	2,63	7,76	10,6	-6,2	73,1	0	-6,7
1205	11.08.2025 14:08:04,000	2,63	7,76	8,8	-8,1	73,1	0	-8,7
1206	11.08.2025 14:08:05,000	2,63	7,79	8,4	-10,2	71,4	0	-11,0
1207	11.08.2025 14:08:06,000	2,63	7,76	7,0	-12,4	70,6	0	-13,3
1208	11.08.2025 14:08:07,000	2,63	7,76	7,5	-12,7	69,7	0	-13,7
1209	11.08.2025 14:08:08,000	2,63	7,79	7,2	-14,2	68,5	0	-15,3
1210	11.08.2025 14:08:09,000	2,63	7,76	7,4	-14,6	68,0	0	-15,7
1211	11.08.2025 14:08:10,000	2,63	7,79	5,7	-14,5	69,9	0	-15,3
1212	11.08.2025 14:08:11,000	2,63	7,79	6,2	-13,8	70,0	0	-14,7
1213	11.08.2025 14:08:12,000	2,63	7,79	6,9	-11,7	71,3	0	-12,5
1214	11.08.2025 14:08:13,000	2,63	7,79	8,2	-10,4	71,4	0	-11,2
1215	11.08.2025 14:08:14,000	2,63	7,79	8,7	-7,6	73,7	0	-8,1
1216	11.08.2025 14:08:15,000	2,63	7,81	8,4	-7,4	74,3	0	-7,8
1217	11.08.2025 14:08:16,000	2,63	7,79	11,0	-4,8	74,2	0	-5,1
1218	11.08.2025 14:08:17,000	2,63	7,76	11,4	-6,9	71,7	0	-7,5
1219	11.08.2025 14:08:18,000	2,63	7,76	10,7	-4,6	74,7	0	-4,9
1220	11.08.2025 14:08:19,000	2,63	7,74	12,5	-2,8	74,7	0	-3,0
1221	11.08.2025 14:08:20,000	2,63	7,71	11,8	-4,4	73,8	0	-4,6
1222	11.08.2025 14:08:21,000	2,63	7,69	12,0	-6,5	71,4	0	-7,1
1223	11.08.2025 14:08:22,000	2,63	7,67	9,6	-10,1	70,2	0	-11,0
1224	11.08.2025 14:08:23,000	2,63	7,62	8,0	-10,8	71,2	0	-11,6
1225	11.08.2025 14:08:24,000	2,66	7,62	9,8	-9,5	70,7	0	-10,3
1226	11.08.2025 14:08:25,000	2,66	7,58	8,7	-11,2	70,1	0	-12,1
1227	11.08.2025 14:08:26,000	2,66	7,58	7,6	-15,4	67,1	0	-16,6
1228	11.08.2025 14:08:27,000	2,66	7,55	9,0	-10,3	70,7	0	-11,1
1229	11.08.2025 14:08:28,000	2,66	7,53	12,1	-9,2	68,7	0	-10,2
1230	11.08.2025 14:08:29,000	2,66	7,51	11,6	-13,5	64,9	0	-15,0
1231	11.08.2025 14:08:30,000	2,66	7,48	8,3	-15,4	66,3	0	-16,7
1232	11.08.2025 14:08:31,000	2,66	7,46	9,0	-13,7	67,3	0	-14,9
1233	11.08.2025 14:08:32,000	2,66	7,46	1,4	-20,0	68,6	0	-20,4
1234	11.08.2025 14:08:33,000	2,70	7,42	5,0	-21,3	63,8	0	-22,5
1235	11.08.2025 14:08:34,000	2,70	7,39	5,6	-21,3	63,1	0	-22,6
1236	11.08.2025 14:08:35,000	2,70	7,37	5,0	-21,7	63,3	0	-22,9
1237	11.08.2025 14:08:36,000	2,74	7,37	2,2	-26,6	61,2	0	-27,2
1238	11.08.2025 14:08:37,000	2,74	7,33	2,8	-29,1	58,0	0	-30,1
1239	11.08.2025 14:08:38,000	2,74	7,30	-0,6	-30,2	59,2	0	-30,4
1240	11.08.2025 14:08:39,000	2,74	7,28	0,5	-30,6	58,9	0	-30,8
1241	11.08.2025 14:08:40,000	2,78	7,26	-1,9	-28,1	60,1	0	-28,7
1242	11.08.2025 14:08:41,000	2,78	7,24	-0,8	-25,0	64,2	0	-25,3
1243	11.08.2025 14:08:42,000	2,78	7,21	-0,2	-23,7	66,1	0	-23,7
1244	11.08.2025 14:08:43,000	2,78	7,21	1,5	-22,6	65,8	0	-23,0
1245	11.08.2025 14:08:44,000	2,78	7,17	3,8	-24,3	61,8	0	-25,4
1246	11.08.2025 14:08:45,000	2,82	7,15	5,9	-25,0	59,1	0	-26,7
1247	11.08.2025 14:08:46,000	2,82	7,15	7,9	-28,1	53,9	0	-30,7
1248	11.08.2025 14:08:47,000	2,82	7,12	8,0	-32,8	49,3	0	-35,9
1249	11.08.2025 14:08:48,000	2,82	7,08	10,1	-34,2	45,7	0	-38,4
1250	11.08.2025 14:08:49,000	2,82	7,08	7,4	-37,6	45,0	0	-40,9
1251	11.08.2025 14:08:50,000	2,82	7,05	7,4	-39,9	42,7	0	-43,4
1252	11.08.2025 14:08:51,000	2,82	7,05	7,4	-41,0	41,6	0	-44,7
1253	11.08.2025 14:08:52,000	2,82	7,03	5,9	-42,1	42,1	0	-45,0
1254	11.08.2025 14:08:53,000	2,85	7,01	5,2	-41,6	43,2	0	-44,2
1255	11.08.2025 14:08:54,000	2,85	7,01	2,8	-41,2	46,0	0	-42,5
1256	11.08.2025 14:08:55,000	2,85	6,99	1,2	-40,7	48,1	0	-41,2
1257	11.08.2025 14:08:56,000	2,85	6,99	2,5	-38,0	49,5	0	-39,1
1258	11.08.2025 14:08:57,000	2,85	6,96	1,4	-35,8	52,7	0	-36,4
1259	11.08.2025 14:08:58,000	2,85	6,94	1,1	-34,1	54,7	0	-34,6
1260	11.08.2025 14:08:59,000	2,85	6,94	3,1	-31,4	55,5	0	-32,5
1261	11.08.2025 14:09:00,000	2,89	6,92	5,1	-29,7	55,2	0	-31,5
1262	11.08.2025 14:09:01,000	2,89	6,87	7,5	-29,9	52,6	0	-32,5
1263	11.08.2025 14:09:02,000	2,89	6,87	9,1	-31,6	49,2	0	-35,1
1264	11.08.2025 14:09:03,000	2,89	6,83	11,6	-32,1	46,3	0	-36,7
1265	11.08.2025 14:09:04,000	2,89	6,83	11,6	-30,9	47,4	0	-35,4
1266	11.08.2025 14:09:05,000	2,89	6,80	-5,2	-47,2	37,6	0	-50,1
1267	11.08.2025 14:09:06,000	2,93	6,78	-4,8	-44,2	41,0	0	-46,7
1268	11.08.2025 14:09:07,000	2,97	6,76	-7,4	-41,1	41,5	0	-44,8
1269	11.08.2025 14:09:08,000	2,97	6,74	-7,2	-33,7	49,0	0	-36,6
1270	11.08.2025 14:09:09,000	3,01	6,72	-5,4	-27,6	57,0	0	-29,3
1271	11.08.2025 14:09:10,000	3,01	6,70	-2,7	-22,7	64,6	0	-23,4
1272	11.08.2025 14:09:11,000	3,01	6,67	-3,7	-22,6	63,7	0	-23,6
1273	11.08.2025 14:09:12,000	3,01	6,65	-1,8	-20,8	67,4	0	-21,3
1274	11.08.2025 14:09:13,000	3,04	6,61	-2,0	-19,9	68,0	0	-20,4
1275	11.08.2025 14:09:14,000	3,04	6,61	-2,7	-19,2	68,0	0	-19,8
1276	11.08.2025 14:09:15,000	3,04	6,56	-4,0	-19,9	66,2	0	-20,7
1277	11.08.2025 14:09:16,000	3,08	6,56	-3,2	-17,2	69,6	0	-17,8
1278	11.08.2025 14:09:17,000	3,08	6,52	-1,7	-13,5	74,8	0	-13,8
1279	11.08.2025 14:09:18,000	3,08	6,49	-3,5	-12,3	74,2	0	-12,7
1280	11.08.2025 14:09:19,000	3,08	6,47	-0,5	-9,8	79,6	0	-9,9
1281	11.08.2025 14:09:20,000	3,08	6,45	5,9	-5,1	79,0	0	-5,3
1282	11.08.2025 14:09:21,000	3,12	6,45	8,1	-5,8	76,2	0	-6,1
1283	11.08.2025 14:09:22,000	3,12	6,40	15,2	-5,7	69,2	0	-6,2
1284	11.08.2025 14:09:23,000	3,16	6,41	23,0	-4,7	62,3	0	-5,4
1285	11.08.2025 14:09:24,000	3,16	6,38	29,8	-2,9	57,4	0	-3,4
1286	11.08.2025 14:09:25,000	3,23	6,34	32,7	-3,2	54,0	0	-4,0
1287	11.08.2025 14:09:26,000	3,27	6,32	32,8	-6,1	51,1	0	-8,0
1288	11.08.2025 14:09:27,000	3,31	6,31	38,5	-1,1	50,4	0	-1,5
1289	11.08.2025 14:09:28,000	3,35	6,31	41,0	-0,8	48,3	0	-1,0
1290	11.08.2025 14:09:29,000	3,38	6,27	39,9	-1,7	48,4	0	-2,3
1291	11.08.2025 14:09:30,000	3,42	6,29	42,3	-0,8	46,8	0	-1,1
1292	11.08.2025 14:09:31,000	3,50	6,25	44,0	0,1	45,8	0	0,2
1293	11.08.2025 14:09:32,000	3,57	6,22	41,6	-1,0	47,4	0	-1,3
1294	11.08.2025 14:09:33,000	3,65	6,20	43,0	0,3	46,7	0	0,4
1295	11.08.2025 14:09:34,000	3,72	6,16	38,7	2,2	49,1	0	3,0
1296	11.08.2025 14:09:35,000	3,80	6,17	36,8	-4,1	49,1	0	-5,5
1297	11.08.2025 14:09:36,000	3,87	6,15	38,6	-4,2	47,2	0	-5,8
1298	11.08.2025 14:09:37,000	3,95	6,16	39,0	-3,9	47,1	0	-5,4
1299	11.08.2025 14:09:38,000	3,98	6,14	38,2	-6,1	45,7	0	-8,6
1300	11.08.2025 14:09:39,000	4,06	6,15	37,0	-6,8	46,2	0	-9,5
1301	11.08.2025 14:09:40,000	4,09	6,15	36,7	-8,1	45,1	0	-11,5
1302	11.08.2025 14:09:41,000	4,13	6,11	34,6	-11,0	44,4	0	-15,6
1303	11.08.2025 14:09:42,000	4,17	6,14	39,7	-9,5	40,8	0	-14,4
1304	11.08.2025 14:09:43,000	4,20	6,14	42,4	-8,9	38,6	0	-14,2
1305	11.08.2025 14:09:44,000	4,24	6,12	45,4	-8,5	36,1	0	-14,2
1306	11.08.2025 14:09:45,000	4,28	6,13	47,0	-7,1	35,9	0	-12,0
1307	11.08.2025 14:09:46,000	4,28	6,10	48,7	-7,3	34,0	0	-12,9
1308	11.08.2025 14:09:47,000	4,32	6,08	49,0	-7,8	33,2	0	-14,0
1309	11.08.2025 14:09:48,000	4,35	6,06	50,6	-7,0	32,4	0	-12,9
1310	11.08.2025 14:09:49,000	4,43	6,05	50,2	-7,2	32,6	0	-13,1
1311	11.08.2025 14:09:50,000	4,50	6,01	49,6	-8,6	31,7	0	-16,1
1312	11.08.2025 14:09:51,000	4,57	5,99	51,7	-7,9	30,5	0	-15,2
1313	11.08.2025 14:09:52,000	4,61	5,97	49,8	-10,1	30,2	0	-19,3
1314	11.08.2025 14:09:53,000	4,68	5,98	51,8	-8,8	29,4	0	-17,4
1315	11.08.2025 14:09:54,000	4,72	5,94	55,5	-7,3	27,1	0	-15,8
1316	11.08.2025 14:09:55,000	4,79	5,90	55,8	-8,0	26,3	0	-17,5
1317	11.08.2025 14:09:56,000	4,87	5,91	57,4	-7,3	25,3	0	-16,6
1318	11.08.2025 14:09:57,000	4,90	5,89	58,6	-6,5	24,9	0	-15,1
1319	11.08.2025 14:09:58,000	5,01	5,85	62,6	-5,4	22,0	0	-15,1
1320	11.08.2025 14:09:59,000	5,08	5,81	68,3	-5,1	16,6	0	-15,1
1321	11.08.2025 14:10:00,000	5,16	5,77	71,5	-1,7	16,8	0	-15,1
1322	11.08.2025 14:10:01,000	5,19	5,77	71,7	-2,0	16,3	0	-15,1
1323	11.08.2025 14:10:02,000	5,23	5,75	71,8	-2,6	15,6	0	-15,1
1324	11.08.2025 14:10:03,000	5,23	5,73	69,3	-4,7	16,0	0	-15,1
1325	11.08.2025 14:10:04,000	5,26	5,66	69,1	-5,0	15,9	0	-15,1
1326	11.08.2025 14:10:05,000	5,34	5,63	67,3	-6,4	16,3	0	-15,1
1327	11.08.2025 14:10:06,000	5,41	5,63	65,7	-8,3	16,0	0	-15,1
1328	11.08.2025 14:10:07,000	5,48	5,59	65,9	-8,0	16,1	0	-15,1
1329	11.08.2025 14:10:08,000	5,52	5,57	66,7	-8,4	14,9	0	-15,1
1330	11.08.2025 14:10:09,000	5,59	5,56	67,4	-7,9	14,7	0	-15,1
1331	11.08.2025 14:10:10,000	5,66	5,52	68,8	-6,6	14,6	0	-15,1
1332	11.08.2025 14:10:11,000	5,70	5,50	68,0	-6,8	15,2	0	-15,1
1333	11.08.2025 14:10:12,000	5,73	5,45	64,4	-7,9	17,7	0	-15,1
1334	11.08.2025 14:10:13,000	5,77	5,48	66,4	-7,6	16,0	0	-15,1
1335	11.08.2025 14:10:14,000	5,84	5,44	61,7	-12,7	15,6	0	-15,1
1336	11.08.2025 14:10:15,000	5,95	5,43	60,9	-14,7	14,3	0	-15,1
1337	11.08.2025 14:10:16,000	6,02	5,39	60,2	-16,6	13,2	0	-15,1
1338	11.08.2025 14:10:17,000	6,05	5,37	60,2	-16,9	12,8	0	-15,1
1339	11.08.2025 14:10:18,000	6,09	5,33	56,0	-21,9	12,1	0	-60,5
1340	11.08.2025 14:10:19,000	6,23	5,25	53,1	-25,6	11,3	0	-65,6
1341	11.08.2025 14:10:20,000	6,44	5,20	49,4	-30,4	10,3	0	-70,4
1342	11.08.2025 14:10:21,000	6,55	5,19	50,4	-28,4	11,2	0	-67,7
1343	11.08.2025 14:10:22,000	6,62	5,12	56,6	-22,2	11,1	0	-62,9
1344	11.08.2025 14:10:23,000	6,69	5,11	64,3	-15,7	10,0	0	-62,9
1345	11.08.2025 14:10:24,000	6,72	5,11	64,7	-12,5	12,8	0	-62,9
1346	11.08.2025 14:10:25,000	6,72	5,06	55,2	-18,2	16,6	0	-47,6
1347	11.08.2025 14:10:26,000	6,79	5,07	49,2	-23,6	17,2	0	-53,5
1348	11.08.2025 14:10:27,000	6,93	4,90	40,6	-28,5	20,8	0	-53,2
1349	11.08.2025 14:10:28,000	7,42	4,85	48,9	-21,5	19,7	0	-47,3
1350	11.08.2025 14:10:29,000	7,69	4,79	49,4	-21,6	19,0	0	-48,4
1351	11.08.2025 14:10:30,000	7,93	4,81	44,0	-27,1	18,9	0	-54,3
1352	11.08.2025 14:10:31,000	8,07	4,85	46,5	-26,6	16,9	0	-56,8
1353	11.08.2025 14:10:32,000	8,14	4,83	55,8	-24,7	9,5	0	-68,4
1354	11.08.2025 14:10:33,000	8,28	4,78	36,2	-43,0	10,8	0	-74,3
1355	11.08.2025 14:10:34,000	8,41	4,67	35,3	-45,6	9,1	0	-77,3
1356	11.08.2025 14:10:35,000	8,68	4,65	34,8	-41,6	13,5	0	-70,2
1357	11.08.2025 14:10:36,000	8,95	4,59	31,7	-46,5	11,7	0	-73,9
1358	11.08.2025 14:10:37,000	9,22	4,47	34,6	-43,3	12,2	0	-72,6
1359	11.08.2025 14:10:38,000	9,45	4,42	27,8	-52,2	10,0	0	-77,3
1360	11.08.2025 14:10:39,000	9,78	4,34	34,5	-44,0	11,5	0	-73,6
1361	11.08.2025 14:10:40,000	10,05	4,37	42,0	-26,7	21,3	0	-50,9
1362	11.08.2025 14:10:41,000	10,21	4,36	42,9	-40,4	6,7	0	-79,7
1363	11.08.2025 14:10:42,000	10,31	4,32	32,2	-50,5	7,3	0	-80,4
1364	11.08.2025 14:10:43,000	10,38	4,31	24,0	-56,5	9,5	0	-78,5
1365	11.08.2025 14:10:44,000	10,44	4,31	19,2	-68,0	-2,8	0	-93,1
1366	11.08.2025 14:10:45,000	10,54	4,42	19,9	-63,2	6,9	0	-82,1
1367	11.08.2025 14:10:46,000	10,67	4,31	25,9	-41,9	22,2	0	-59,9
1368	11.08.2025 14:10:47,000	10,77	4,34	19,8	-39,2	31,0	0	-50,5
1369	11.08.2025 14:10:48,000	10,80	4,37	7,0	-60,6	22,4	0	-65,9
1370	11.08.2025 14:10:49,000	10,83	4,35	-0,3	-55,2	34,5	0	-55,4
1371	11.08.2025 14:10:50,000	10,96	4,22	5,3	-70,4	14,3	1	-74,9
1372	11.08.2025 14:10:51,000	11,22	4,20	9,4	-49,0	31,6	0	-54,8
1373	11.08.2025 14:10:52,000	11,45	4,22	10,8	-60,4	18,8	0	-68,9
1374	11.08.2025 14:10:53,000	11,64	4,22	10,2	-62,9	16,9	0	-71,3
1375	11.08.2025 14:10:54,000	11,80	4,24	-11,4	-75,8	2,8	0	-87,0
1376	11.08.2025 14:10:55,000	11,93	4,23	-0,5	-78,5	11,0	0	-78,9
1377	11.08.2025 14:10:56,000	11,96	4,23	0,7	-89,0	0,3	0	-89,7
1378	11.08.2025 14:10:57,000	11,99	4,23	-10,3	-69,8	9,9	0	-79,2
1379	11.08.2025 14:10:58,000	11,99	4,26	-6,5	-72,3	11,3	0	-78,0
1380	11.08.2025 14:10:59,000	11,99	4,28	-7,5	-77,7	-4,8	0	-95,0
1381	11.08.2025 14:11:00,000	12,03	4,23	-8,7	-63,2	-18,1	0	-109,8
1382	11.08.2025 14:11:01,000	12,06	4,21	2,5	-84,7	-2,8	1	-92,9
1383	11.08.2025 14:11:02,000	12,25	4,28	17,5	-63,6	-8,9	0	-100,2
1384	11.08.2025 14:11:03,000	12,22	4,37	24,2	-53,3	-12,5	0	-105,6
1385	11.08.2025 14:11:04,000	12,06	4,43	23,2	-50,8	-16,0	1	-110,2
1386	11.08.2025 14:11:05,000	11,93	4,48	22,4	-45,3	-22,3	0	-118,7
1387	11.08.2025 14:11:06,000	11,74	4,49	23,5	-61,2	-5,3	0	-96,1
1388	11.08.2025 14:11:07,000	11,58	4,47	27,3	-62,5	0,2	0	-89,8
1389	11.08.2025 14:11:08,000	11,42	4,53	23,3	-50,9	-15,8	0	-109,9
1390	11.08.2025 14:11:09,000	11,29	4,56	37,8	-29,2	-23,0	0	-128,8
1391	11.08.2025 14:11:10,000	11,13	4,59	78,8	-0,3	-10,9	1	-128,8
1392	11.08.2025 14:11:11,000	10,96	4,60	41,8	-40,8	-7,4	0	-101,4
1393	11.08.2025 14:11:12,000	10,83	4,63	38,5	-40,6	-10,9	0	-106,5
1394	11.08.2025 14:11:13,000	10,67	4,66	36,3	-38,8	-15,0	0	-112,8
1395	11.08.2025 14:11:14,000	10,51	4,65	27,1	-52,1	-10,8	0	-103,7
1396	11.08.2025 14:11:15,000	10,38	4,68	35,8	-38,2	16,0	0	-65,5
1397	11.08.2025 14:11:16,000	10,25	4,67	33,9	-45,3	10,8	1	-74,9
1398	11.08.2025 14:11:17,000	10,11	4,68	51,3	-32,7	-6,0	0	-101,0
1399	11.08.2025 14:11:18,000	9,98	4,71	82,5	-1,0	6,4	0	-101,0
1400	11.08.2025 14:11:19,000	9,88	4,73	78,4	1,8	9,8	0	-101,0
1401	11.08.2025 14:11:20,000	9,78	4,74	79,4	0,8	9,7	1	-101,0
1402	11.08.2025 14:11:21,000	9,65	4,75	76,9	-3,4	9,7	0	-101,0
1403	11.08.2025 14:11:22,000	9,55	4,76	67,7	-13,2	9,1	1	-101,0
1404	11.08.2025 14:11:23,000	9,45	4,78	19,6	-1,8	68,5	0	-2,0
1405	11.08.2025 14:11:24,000	9,39	4,75	-1,5	-8,4	80,2	0	-8,5
1406	11.08.2025 14:11:25,000	9,32	4,76	-4,9	-10,7	74,4	0	-11,3
1407	11.08.2025 14:11:26,000	9,25	4,76	-6,7	-11,5	71,8	0	-12,3
1408	11.08.2025 14:11:27,000	9,19	4,75	-3,2	-13,3	73,5	0	-13,7
1409	11.08.2025 14:11:28,000	9,12	4,77	-10,3	-6,0	73,7	0	-6,4
1410	11.08.2025 14:11:29,000	9,05	4,76	-7,5	-10,2	72,3	0	-10,9
1411	11.08.2025 14:11:30,000	9,02	4,76	-5,4	-9,1	75,5	0	-9,6
1412	11.08.2025 14:11:31,000	8,95	4,75	-4,6	-11,5	73,9	0	-12,1
1413	11.08.2025 14:11:32,000	8,92	4,77	-4,1	-9,7	76,2	0	-10,1
1414	11.08.2025 14:11:33,000	8,85	4,76	-2,6	-13,4	74,0	0	-13,8
1415	11.08.2025 14:11:34,000	8,82	4,74	-8,5	-13,3	68,2	0	-14,5
1416	11.08.2025 14:11:35,000	8,78	4,76	-53,5	8,0	-28,5	0	163,6
1417	11.08.2025 14:11:36,000	8,78	4,76	-7,0	13,1	-69,8	0	165,9
1418	11.08.2025 14:11:37,000	8,78	4,78	-7,0	12,7	-70,3	0	166,4
1419	11.08.2025 14:11:38,000	8,75	4,75	-6,7	12,7	-70,6	0	166,5
1420	11.08.2025 14:11:39,000	8,72	4,77	-6,8	13,0	-70,2	0	166,2
1421	11.08.2025 14:11:40,000	8,68	4,77	-6,9	12,7	-70,4	0	166,4
1422	11.08.2025 14:11:41,000	8,65	4,77	-7,0	12,7	-70,3	0	166,5
1423	11.08.2025 14:11:42,000	8,62	4,76	-7,3	12,2	-70,5	0	166,9
1424	11.08.2025 14:11:43,000	8,58	4,76	-7,3	12,4	-70,4	0	166,7
1425	11.08.2025 14:11:44,000	8,58	4,76	-1,3	-78,0	-10,6	0	-100,8
1426	11.08.2025 14:11:45,000	8,55	4,78	2,3	-82,7	-5,0	0	-95,1
1427	11.08.2025 14:11:46,000	8,55	4,78	-0,9	-78,6	-10,6	0	-100,7
1428	11.08.2025 14:11:47,000	8,55	4,78	-1,2	-78,3	-10,5	0	-100,6
1429	11.08.2025 14:11:48,000	8,51	4,75	-1,1	-78,4	-10,5	0	-100,6
1430	11.08.2025 14:11:49,000	8,51	4,78	-1,1	-78,3	-10,6	0	-100,7
1431	11.08.2025 14:11:50,000	8,48	4,77	-1,1	-78,4	-10,6	0	-100,7
1432	11.08.2025 14:11:51,000	8,48	4,80	-0,9	-78,6	-10,5	0	-100,6
1433	11.08.2025 14:11:52,000	8,45	4,77	-1,2	-78,1	-10,7	0	-100,9
1434	11.08.2025 14:11:53,000	8,45	4,79	-1,0	-78,3	-10,7	0	-100,8
1435	11.08.2025 14:11:54,000	8,41	4,79	-1,1	-78,3	-10,6	0	-100,8
1436	11.08.2025 14:11:55,000	8,41	4,79	-1,1	-78,2	-10,7	0	-100,8
1437	11.08.2025 14:11:56,000	8,38	4,79	-1,2	-78,1	-10,7	0	-100,8
1438	11.08.2025 14:11:57,000	8,38	4,79	-1,2	-78,2	-10,7	0	-100,8
1439	11.08.2025 14:11:58,000	8,34	4,78	-1,1	-78,2	-10,6	0	-100,8
1440	11.08.2025 14:11:59,000	8,34	4,78	-1,2	-78,0	-10,7	0	-100,9
1441	11.08.2025 14:12:00,000	8,31	4,78	-1,0	-78,3	-10,7	0	-100,8
1442	11.08.2025 14:12:01,000	8,31	4,78	-1,2	-78,2	-10,6	0	-100,8
1443	11.08.2025 14:12:02,000	8,28	4,80	-1,1	-78,2	-10,7	0	-100,8
1444	11.08.2025 14:12:03,000	8,28	4,80	-1,1	-78,2	-10,7	0	-100,9
1445	11.08.2025 14:12:04,000	8,28	4,80	-1,3	-78,1	-10,6	0	-100,8
1446	11.08.2025 14:12:05,000	8,28	4,80	-1,1	-78,2	-10,8	0	-100,9
1447	11.08.2025 14:12:06,000	8,28	4,80	-1,1	-78,2	-10,7	0	-100,9
1448	11.08.2025 14:12:07,000	8,24	4,80	-1,1	-78,2	-10,7	0	-100,8
1449	11.08.2025 14:12:08,000	8,24	4,80	-1,2	-78,1	-10,8	0	-100,9
1450	11.08.2025 14:12:09,000	8,24	4,80	-1,2	-77,9	-10,9	0	-101,0
1451	11.08.2025 14:12:10,000	8,24	4,80	-1,2	-78,0	-10,8	0	-100,9
1452	11.08.2025 14:12:11,000	8,24	4,80	-1,3	-78,0	-10,7	0	-100,8
1453	11.08.2025 14:12:12,000	8,24	4,80	-1,1	-78,1	-10,8	0	-100,9
1454	11.08.2025 14:12:13,000	8,24	4,82	-1,1	-78,1	-10,8	0	-100,9
1455	11.08.2025 14:12:14,000	8,24	4,80	-1,4	-78,0	-10,6	0	-100,7
1456	11.08.2025 14:12:15,000	8,24	4,80	-1,0	-78,2	-10,8	0	-101,0
1457	11.08.2025 14:12:16,000	8,21	4,82	-1,1	-78,1	-10,8	0	-100,9
1458	11.08.2025 14:12:17,000	8,21	4,77	-1,4	-77,9	-10,7	0	-100,9
1459	11.08.2025 14:12:18,000	8,21	4,79	-1,2	-77,9	-10,8	0	-101,0
1460	11.08.2025 14:12:19,000	8,21	4,79	-1,3	-77,8	-10,9	0	-101,0
1461	11.08.2025 14:12:20,000	8,21	4,79	-1,5	-77,5	-11,0	0	-101,1
1462	11.08.2025 14:12:21,000	8,21	4,79	-1,2	-77,9	-10,9	0	-101,1
1463	11.08.2025 14:12:22,000	8,21	4,77	-1,3	-77,9	-10,8	0	-100,9
1464	11.08.2025 14:12:23,000	8,21	4,79	-1,4	-77,9	-10,7	0	-100,9
1465	11.08.2025 14:12:24,000	8,21	4,79	-1,1	-78,0	-10,9	0	-101,0
1466	11.08.2025 14:12:25,000	8,21	4,79	-1,1	-78,0	-10,8	0	-101,0
1467	11.08.2025 14:12:26,000	8,21	4,79	-1,3	-78,0	-10,7	0	-100,9
1468	11.08.2025 14:12:27,000	8,21	4,79	-1,1	-78,0	-10,9	0	-101,0
1469	11.08.2025 14:12:28,000	8,21	4,77	-1,2	-77,9	-10,9	0	-101,0
1470	11.08.2025 14:12:29,000	8,21	4,79	-1,3	-77,9	-10,8	0	-101,0
1471	11.08.2025 14:12:30,000	8,21	4,79	-1,2	-78,0	-10,7	0	-100,9
1472	11.08.2025 14:12:31,000	8,21	4,79	-1,3	-77,6	-11,1	0	-101,2
1473	11.08.2025 14:12:32,000	8,21	4,82	-1,2	-78,0	-10,8	0	-101,0
1474	11.08.2025 14:12:33,000	8,21	4,79	-1,4	-78,0	-10,6	0	-100,8
1475	11.08.2025 14:12:34,000	8,21	4,79	-1,2	-77,9	-10,9	0	-101,1
1476	11.08.2025 14:12:35,000	8,24	4,80	-1,1	-77,8	-11,0	0	-101,1
1477	11.08.2025 14:12:36,000	8,21	4,79	-1,4	-77,8	-10,8	0	-101,0
1478	11.08.2025 14:12:37,000	8,24	4,80	-1,3	-77,8	-10,9	0	-101,1
1479	11.08.2025 14:12:38,000	8,24	4,80	-1,3	-77,8	-10,9	0	-101,0
1480	11.08.2025 14:12:39,000	8,24	4,80	-1,3	-77,8	-10,9	0	-101,1
1481	11.08.2025 14:12:40,000	8,24	4,80	-1,2	-78,1	-10,7	0	-100,9
1482	11.08.2025 14:12:41,000	8,24	4,80	-1,3	-78,0	-10,8	0	-100,9
1483	11.08.2025 14:12:42,000	8,24	4,80	-1,0	-78,1	-10,9	0	-101,0
1484	11.08.2025 14:12:43,000	8,24	4,80	-1,2	-78,0	-10,8	0	-100,9
1485	11.08.2025 14:12:44,000	8,24	4,80	-1,3	-77,9	-10,8	0	-101,0
1486	11.08.2025 14:12:45,000	8,24	4,80	-1,2	-78,0	-10,8	0	-101,0
1487	11.08.2025 14:12:46,000	8,24	4,80	-1,2	-77,9	-10,8	0	-101,0
1488	11.08.2025 14:12:47,000	8,24	4,82	-1,2	-78,0	-10,8	0	-101,0
1489	11.08.2025 14:12:48,000	8,28	4,80	-1,4	-77,8	-10,8	0	-101,0
1490	11.08.2025 14:12:49,000	8,28	4,80	-1,2	-77,9	-10,9	0	-101,1
1491	11.08.2025 14:12:50,000	8,28	4,80	-1,1	-78,1	-10,8	0	-100,9
1492	11.08.2025 14:12:51,000	8,28	4,80	-1,1	-78,1	-10,7	0	-100,9
1493	11.08.2025 14:12:52,000	8,28	4,80	-1,2	-78,0	-10,8	0	-100,9
1494	11.08.2025 14:12:53,000	8,31	4,80	-1,3	-77,8	-10,9	0	-101,0
1495	11.08.2025 14:12:54,000	8,31	4,80	-1,2	-77,8	-11,0	0	-101,1
1496	11.08.2025 14:12:55,000	8,31	4,80	-1,2	-78,0	-10,8	0	-100,9
1497	11.08.2025 14:12:56,000	8,31	4,80	-1,2	-77,9	-10,8	0	-101,0
1498	11.08.2025 14:12:57,000	8,34	4,81	-1,2	-78,0	-10,9	0	-101,0
1499	11.08.2025 14:12:58,000	8,34	4,81	-1,3	-77,9	-10,8	0	-101,0
1500	11.08.2025 14:12:59,000	8,34	4,78	-1,3	-77,8	-10,9	0	-101,1
1501	11.08.2025 14:13:00,000	8,34	4,81	-1,2	-77,9	-10,9	0	-101,1
1502	11.08.2025 14:13:01,000	8,38	4,79	-1,3	-78,0	-10,7	0	-100,9
1503	11.08.2025 14:13:02,000	8,38	4,81	-1,3	-77,9	-10,8	0	-101,0
1504	11.08.2025 14:13:03,000	8,38	4,81	-1,2	-78,0	-10,9	0	-101,0
1505	11.08.2025 14:13:04,000	8,38	4,81	-1,2	-78,0	-10,8	0	-100,9
1506	11.08.2025 14:13:05,000	8,41	4,81	-1,2	-78,1	-10,7	0	-100,9
1507	11.08.2025 14:13:06,000	8,41	4,79	-1,1	-77,9	-10,9	0	-101,1
1508	11.08.2025 14:13:07,000	8,41	4,79	-1,3	-77,9	-10,8	0	-101,0
1509	11.08.2025 14:13:08,000	8,41	4,81	-1,2	-77,9	-10,9	0	-101,1
1510	11.08.2025 14:13:09,000	8,45	4,79	-1,3	-77,9	-10,8	0	-101,0
1511	11.08.2025 14:13:10,000	8,45	4,79	-1,3	-77,9	-10,8	0	-101,0
1512	11.08.2025 14:13:11,000	8,45	4,79	-1,1	-78,1	-10,8	0	-100,9
1513	11.08.2025 14:13:12,000	8,48	4,80	-1,2	-78,0	-10,8	0	-101,0
1514	11.08.2025 14:13:13,000	8,48	4,80	-1,3	-77,9	-10,8	0	-101,0
1515	11.08.2025 14:13:14,000	8,48	4,80	-1,2	-77,9	-10,9	0	-101,0
1516	11.08.2025 14:13:15,000	8,48	4,80	-1,3	-77,8	-11,0	0	-101,1
1517	11.08.2025 14:13:16,000	8,51	4,80	-1,3	-77,9	-10,9	0	-101,0
1518	11.08.2025 14:13:17,000	8,51	4,80	-1,3	-77,9	-10,8	0	-101,0
1519	11.08.2025 14:13:18,000	8,51	4,80	-1,2	-77,8	-11,0	0	-101,1
1520	11.08.2025 14:13:19,000	8,51	4,80	-1,2	-77,9	-10,9	0	-101,1
1521	11.08.2025 14:13:20,000	8,55	4,78	-1,2	-77,9	-10,8	0	-101,0
1522	11.08.2025 14:13:21,000	8,55	4,80	-1,2	-78,1	-10,7	0	-100,9
1523	11.08.2025 14:13:22,000	8,55	4,80	-1,1	-77,8	-11,0	0	-101,2
1524	11.08.2025 14:13:23,000	8,58	4,81	-1,3	-77,8	-10,9	0	-101,1
1525	11.08.2025 14:13:24,000	8,58	4,81	-1,5	-77,7	-10,7	0	-100,9
1526	11.08.2025 14:13:25,000	8,58	4,81	-1,4	-77,4	-11,2	0	-101,3
1527	11.08.2025 14:13:26,000	8,62	4,81	-1,3	-77,7	-11,0	0	-101,1
1528	11.08.2025 14:13:27,000	8,62	4,81	-1,5	-77,6	-10,9	0	-101,1
1529	11.08.2025 14:13:28,000	8,62	4,79	-1,3	-77,7	-11,0	0	-101,1
1530	11.08.2025 14:13:29,000	8,65	4,79	-1,3	-77,8	-10,9	0	-101,1
1531	11.08.2025 14:13:30,000	8,65	4,79	-1,2	-77,9	-10,9	0	-101,1
1532	11.08.2025 14:13:31,000	8,65	4,79	-1,3	-77,8	-10,9	0	-101,1
1533	11.08.2025 14:13:32,000	8,68	4,82	-1,4	-77,7	-10,9	0	-101,1
1534	11.08.2025 14:13:33,000	8,68	4,79	-1,3	-77,7	-11,0	0	-101,2
1535	11.08.2025 14:13:34,000	8,72	4,80	-1,3	-77,7	-11,0	0	-101,2
1536	11.08.2025 14:13:35,000	8,72	4,80	-1,4	-77,7	-10,9	0	-101,1
1537	11.08.2025 14:13:36,000	8,72	4,80	-1,4	-77,7	-10,9	0	-101,1
1538	11.08.2025 14:13:37,000	8,75	4,80	-1,2	-77,6	-11,2	0	-101,3
1539	11.08.2025 14:13:38,000	8,75	4,80	-1,4	-77,8	-10,9	0	-101,0
1540	11.08.2025 14:13:39,000	8,78	4,80	-1,3	-77,8	-10,9	0	-101,1
1541	11.08.2025 14:13:40,000	8,78	4,80	-1,2	-77,7	-11,0	0	-101,2
1542	11.08.2025 14:13:41,000	8,78	4,80	-1,4	-77,7	-10,9	0	-101,0
1543	11.08.2025 14:13:42,000	8,78	4,78	-1,3	-77,6	-11,1	0	-101,3
1544	11.08.2025 14:13:43,000	8,82	4,81	-1,4	-77,6	-11,0	0	-101,2
1545	11.08.2025 14:13:44,000	8,82	4,81	-1,5	-77,7	-10,9	0	-101,0
1546	11.08.2025 14:13:45,000	8,85	4,81	-1,3	-77,7	-11,1	0	-101,2
1547	11.08.2025 14:13:46,000	8,85	4,81	-1,3	-77,7	-11,0	0	-101,2
1548	11.08.2025 14:13:47,000	8,85	4,81	-1,4	-77,8	-10,8	0	-101,0
1549	11.08.2025 14:13:48,000	8,88	4,79	-1,2	-77,9	-10,9	0	-101,0
1550	11.08.2025 14:13:49,000	8,88	4,79	-1,1	-77,8	-11,1	0	-101,2
1551	11.08.2025 14:13:50,000	8,92	4,79	-1,4	-77,7	-10,9	0	-101,0
1552	11.08.2025 14:13:51,000	8,92	4,79	-1,5	-77,6	-10,9	0	-101,1
1553	11.08.2025 14:13:52,000	8,92	4,79	-1,4	-77,3	-11,3	0	-101,4
1554	11.08.2025 14:13:53,000	8,95	4,80	-1,5	-77,5	-11,0	0	-101,2
1555	11.08.2025 14:13:54,000	8,95	4,80	-1,5	-77,7	-10,8	0	-101,0
1556	11.08.2025 14:13:55,000	8,99	4,78	-1,3	-77,6	-11,1	0	-101,3
1557	11.08.2025 14:13:56,000	8,99	4,78	-1,3	-77,7	-11,0	0	-101,2
1558	11.08.2025 14:13:57,000	9,02	4,80	-1,3	-77,9	-10,9	0	-101,0
1559	11.08.2025 14:13:58,000	9,02	4,80	-1,3	-77,8	-10,9	0	-101,1
1560	11.08.2025 14:13:59,000	9,05	4,81	-1,4	-77,7	-11,0	0	-101,1
1561	11.08.2025 14:14:00,000	9,05	4,81	-1,4	-77,4	-11,2	0	-101,4
1562	11.08.2025 14:14:01,000	9,05	4,81	-1,5	-77,4	-11,1	0	-101,3
1563	11.08.2025 14:14:02,000	9,09	4,79	-1,4	-77,8	-10,8	0	-100,9
1564	11.08.2025 14:14:03,000	9,09	4,81	-1,2	-77,8	-11,0	0	-101,1
1565	11.08.2025 14:14:04,000	9,12	4,79	-1,2	-77,7	-11,1	0	-101,2
1566	11.08.2025 14:14:05,000	9,12	4,79	-1,3	-77,8	-10,9	0	-101,0
1567	11.08.2025 14:14:06,000	9,15	4,79	-1,4	-77,6	-11,1	0	-101,2
1568	11.08.2025 14:14:07,000	9,15	4,79	-1,2	-77,7	-11,1	0	-101,2
1569	11.08.2025 14:14:08,000	9,19	4,80	-1,3	-77,7	-11,0	0	-101,2
1570	11.08.2025 14:14:09,000	9,19	4,80	-1,4	-77,6	-11,0	0	-101,2
1571	11.08.2025 14:14:10,000	9,22	4,80	-1,2	-78,1	-10,7	0	-100,8
1572	11.08.2025 14:14:11,000	9,22	4,80	-1,2	-77,8	-11,0	0	-101,1
1573	11.08.2025 14:14:12,000	9,22	4,80	-1,3	-77,7	-10,9	0	-101,1
1574	11.08.2025 14:14:13,000	9,25	4,80	-1,3	-77,9	-10,8	0	-101,0
1575	11.08.2025 14:14:14,000	9,25	4,78	-1,3	-77,8	-11,0	0	-101,1
1576	11.08.2025 14:14:15,000	9,29	4,81	-1,2	-77,7	-11,1	0	-101,2
1577	11.08.2025 14:14:16,000	9,29	4,81	-1,3	-77,8	-10,9	0	-101,1
1578	11.08.2025 14:14:17,000	9,32	4,79	-1,4	-77,7	-10,9	0	-101,1
1579	11.08.2025 14:14:18,000	9,32	4,79	-1,4	-77,6	-11,0	0	-101,2
1580	11.08.2025 14:14:19,000	9,32	4,81	-1,4	-77,5	-11,1	0	-101,2
1581	11.08.2025 14:14:20,000	9,35	4,79	-1,4	-77,5	-11,0	0	-101,2
1582	11.08.2025 14:14:21,000	9,35	4,79	-1,3	-77,7	-11,0	0	-101,1
1583	11.08.2025 14:14:22,000	9,35	4,79	-1,3	-77,8	-10,9	0	-101,0
1584	11.08.2025 14:14:23,000	9,39	4,79	-1,3	-77,7	-11,0	0	-101,2
1585	11.08.2025 14:14:24,000	9,39	4,79	-1,3	-77,6	-11,1	0	-101,2
1586	11.08.2025 14:14:25,000	9,42	4,80	-1,3	-77,7	-11,0	0	-101,2
1587	11.08.2025 14:14:26,000	9,45	4,80	-1,4	-77,7	-10,9	0	-101,1
1588	11.08.2025 14:14:27,000	9,45	4,80	-1,5	-77,6	-10,9	0	-101,1
1589	11.08.2025 14:14:28,000	9,45	4,80	-1,3	-77,5	-11,2	0	-101,4
1590	11.08.2025 14:14:29,000	9,49	4,80	-1,4	-77,6	-11,0	0	-101,2
1591	11.08.2025 14:14:30,000	9,49	4,80	-1,4	-77,8	-10,8	0	-101,0
1592	11.08.2025 14:14:31,000	9,52	4,78	-1,3	-77,7	-11,0	0	-101,2
1593	11.08.2025 14:14:32,000	9,52	4,78	-1,3	-77,7	-11,0	0	-101,1
1594	11.08.2025 14:14:33,000	9,55	4,79	-1,4	-77,7	-10,9	0	-101,1
1595	11.08.2025 14:14:34,000	9,55	4,79	-1,3	-77,8	-10,9	0	-101,1
1596	11.08.2025 14:14:35,000	9,59	4,79	-1,4	-77,6	-11,0	0	-101,2
1597	11.08.2025 14:14:36,000	9,59	4,79	-1,3	-77,5	-11,1	0	-101,3
1598	11.08.2025 14:14:37,000	9,62	4,79	-1,5	-77,5	-11,0	0	-101,2
1599	11.08.2025 14:14:38,000	9,62	4,79	-1,4	-77,6	-11,0	0	-101,2
1600	11.08.2025 14:14:39,000	9,62	4,79	-1,3	-77,7	-11,1	0	-101,2
1601	11.08.2025 14:14:40,000	9,65	4,80	-1,2	-77,8	-11,0	0	-101,2
1602	11.08.2025 14:14:41,000	9,65	4,80	-1,4	-77,7	-10,9	0	-101,0
1603	11.08.2025 14:14:42,000	9,69	4,80	-1,3	-77,6	-11,1	0	-101,2
1604	11.08.2025 14:14:43,000	9,69	4,80	-1,3	-77,7	-11,0	0	-101,2
1605	11.08.2025 14:14:44,000	9,72	4,80	-1,4	-77,6	-11,0	0	-101,1
1606	11.08.2025 14:14:45,000	9,72	4,80	-1,5	-77,5	-11,0	0	-101,2
1607	11.08.2025 14:14:46,000	9,72	4,80	-1,6	-77,3	-11,1	0	-101,3
1608	11.08.2025 14:14:47,000	9,75	4,78	-1,4	-77,3	-11,2	0	-101,4
1609	11.08.2025 14:14:48,000	9,75	4,78	-1,4	-77,5	-11,1	0	-101,2
1610	11.08.2025 14:14:49,000	9,78	4,79	-1,6	-77,5	-11,0	0	-101,2
1611	11.08.2025 14:14:50,000	9,78	4,79	-1,4	-77,6	-11,0	0	-101,2
1612	11.08.2025 14:14:51,000	9,82	4,79	-1,1	-77,7	-11,2	0	-101,3
1613	11.08.2025 14:14:52,000	9,82	4,79	-1,3	-77,8	-10,9	0	-101,0
1614	11.08.2025 14:14:53,000	9,85	4,79	-1,3	-77,8	-10,9	0	-101,0
1615	11.08.2025 14:14:54,000	9,85	4,79	-1,4	-77,5	-11,2	0	-101,3
1616	11.08.2025 14:14:55,000	9,85	4,79	-1,4	-77,4	-11,2	0	-101,4
1617	11.08.2025 14:14:56,000	9,88	4,77	-1,5	-77,4	-11,1	0	-101,2
1618	11.08.2025 14:14:57,000	9,88	4,77	-1,5	-77,4	-11,1	0	-101,3
1619	11.08.2025 14:14:58,000	9,92	4,78	-1,3	-77,5	-11,1	0	-101,3
1620	11.08.2025 14:14:59,000	9,92	4,78	-1,3	-77,7	-11,0	0	-101,2
1621	11.08.2025 14:15:00,000	9,95	4,78	-1,4	-77,6	-11,0	0	-101,2
1622	11.08.2025 14:15:01,000	9,95	4,80	-1,3	-77,6	-11,1	0	-101,2
1623	11.08.2025 14:15:02,000	9,98	4,81	-1,3	-77,7	-11,0	0	-101,2
1624	11.08.2025 14:15:03,000	9,98	4,78	-1,4	-77,5	-11,2	0	-101,3
1625	11.08.2025 14:15:04,000	10,02	4,79	-1,6	-77,4	-11,0	0	-101,2
1626	11.08.2025 14:15:05,000	10,02	4,79	-1,6	-77,3	-11,1	0	-101,3
1627	11.08.2025 14:15:06,000	10,05	4,79	-1,3	-77,6	-11,1	0	-101,3
1628	11.08.2025 14:15:07,000	10,05	4,79	-1,3	-77,6	-11,1	0	-101,2
1629	11.08.2025 14:15:08,000	10,08	4,79	-1,4	-77,9	-10,8	0	-100,9
1630	11.08.2025 14:15:09,000	10,08	4,79	-1,2	-77,7	-11,1	0	-101,2
1631	11.08.2025 14:15:10,000	10,11	4,80	-1,2	-77,6	-11,2	0	-101,4
1632	11.08.2025 14:15:11,000	10,11	4,80	-1,4	-77,6	-10,9	0	-101,1
1633	11.08.2025 14:15:12,000	10,15	4,80	-1,4	-77,6	-11,0	0	-101,1
1634	11.08.2025 14:15:13,000	10,15	4,78	-1,3	-77,5	-11,2	0	-101,3
1635	11.08.2025 14:15:14,000	10,18	4,78	-1,5	-77,3	-11,2	0	-101,4
1636	11.08.2025 14:15:15,000	10,18	4,78	-1,4	-77,5	-11,1	0	-101,3
1637	11.08.2025 14:15:16,000	10,21	4,78	-1,4	-77,5	-11,2	0	-101,3
1638	11.08.2025 14:15:17,000	10,21	4,81	-1,3	-77,6	-11,1	0	-101,3
1639	11.08.2025 14:15:18,000	10,25	4,79	-1,3	-77,6	-11,1	0	-101,3
1640	11.08.2025 14:15:19,000	10,25	4,79	-1,4	-77,4	-11,2	0	-101,4
1641	11.08.2025 14:15:20,000	10,28	4,79	-1,5	-77,3	-11,3	0	-101,5
1642	11.08.2025 14:15:21,000	10,28	4,79	-1,3	-77,4	-11,3	0	-101,4
1643	11.08.2025 14:15:22,000	10,31	4,82	-1,4	-77,3	-11,3	0	-101,4
1644	11.08.2025 14:15:23,000	10,31	4,79	-1,3	-77,4	-11,3	0	-101,4
1645	11.08.2025 14:15:24,000	10,34	4,77	-1,3	-77,3	-11,4	0	-101,5
1646	11.08.2025 14:15:25,000	10,34	4,80	-1,4	-77,4	-11,3	0	-101,4
1647	11.08.2025 14:15:26,000	10,34	4,80	-1,2	-77,4	-11,3	0	-101,5
1648	11.08.2025 14:15:27,000	10,38	4,78	-1,1	-77,4	-11,5	0	-101,6
1649	11.08.2025 14:15:28,000	10,38	4,78	-1,4	-77,3	-11,3	0	-101,4
1650	11.08.2025 14:15:29,000	10,41	4,80	-1,5	-77,1	-11,4	0	-101,5
1651	11.08.2025 14:15:30,000	10,41	4,78	-1,3	-77,1	-11,6	0	-101,7
1652	11.08.2025 14:15:31,000	10,41	4,80	-1,5	-77,3	-11,3	0	-101,5
1653	11.08.2025 14:15:32,000	10,44	4,78	-1,3	-77,2	-11,5	0	-101,6
1654	11.08.2025 14:15:33,000	10,44	4,78	-1,3	-77,3	-11,3	0	-101,5
1655	11.08.2025 14:15:34,000	10,48	4,79	-1,4	-77,2	-11,4	0	-101,5
1656	11.08.2025 14:15:35,000	10,48	4,79	-1,3	-77,2	-11,5	0	-101,7
1657	11.08.2025 14:15:36,000	10,51	4,79	-1,4	-77,4	-11,3	0	-101,4
1658	11.08.2025 14:15:37,000	10,51	4,79	-1,5	-77,2	-11,4	0	-101,6
1659	11.08.2025 14:15:38,000	10,54	4,77	-1,3	-77,2	-11,5	0	-101,7
1660	11.08.2025 14:15:39,000	10,54	4,79	-1,4	-77,2	-11,4	0	-101,6
1661	11.08.2025 14:15:40,000	10,57	4,80	-1,4	-77,2	-11,4	0	-101,6
1662	11.08.2025 14:15:41,000	10,57	4,80	-1,5	-77,2	-11,3	0	-101,5
1663	11.08.2025 14:15:42,000	10,61	4,80	-1,5	-77,1	-11,3	0	-101,5
1664	11.08.2025 14:15:43,000	10,61	4,78	-1,5	-77,0	-11,5	0	-101,6
1665	11.08.2025 14:15:44,000	10,64	4,80	-1,6	-77,2	-11,2	0	-101,4
1666	11.08.2025 14:15:45,000	10,64	4,78	-1,5	-77,2	-11,3	0	-101,4
1667	11.08.2025 14:15:46,000	10,67	4,81	-1,5	-77,1	-11,4	0	-101,5
1668	11.08.2025 14:15:47,000	10,67	4,81	-1,5	-77,1	-11,4	0	-101,6
1669	11.08.2025 14:15:48,000	10,70	4,79	-1,5	-77,4	-11,1	0	-101,3
1670	11.08.2025 14:15:49,000	10,70	4,79	-1,2	-77,7	-11,1	0	-101,3
1671	11.08.2025 14:15:50,000	10,74	4,79	-1,2	-77,6	-11,2	0	-101,3
1672	11.08.2025 14:15:51,000	10,74	4,79	-1,3	-77,5	-11,2	0	-101,4
1673	11.08.2025 14:15:52,000	10,77	4,79	-1,3	-77,5	-11,2	0	-101,3
1674	11.08.2025 14:15:53,000	10,77	4,79	-1,5	-77,2	-11,3	0	-101,5
1675	11.08.2025 14:15:54,000	10,80	4,79	-1,6	-77,0	-11,5	0	-101,7
1676	11.08.2025 14:15:55,000	10,80	4,79	-1,6	-77,1	-11,3	0	-101,5
1677	11.08.2025 14:15:56,000	10,83	4,80	-1,5	-77,2	-11,3	0	-101,5
1678	11.08.2025 14:15:57,000	10,83	4,77	-1,4	-77,4	-11,2	0	-101,4
1679	11.08.2025 14:15:58,000	10,87	4,80	-1,4	-77,4	-11,2	0	-101,4
1680	11.08.2025 14:15:59,000	10,87	4,80	-1,2	-77,6	-11,2	0	-101,4
1681	11.08.2025 14:16:00,000	10,90	4,80	-1,4	-77,5	-11,1	0	-101,3
1682	11.08.2025 14:16:01,000	10,90	4,80	-1,3	-77,4	-11,3	0	-101,5
1683	11.08.2025 14:16:02,000	10,90	4,80	-1,4	-77,3	-11,3	0	-101,5
1684	11.08.2025 14:16:03,000	10,93	4,78	-1,6	-76,8	-11,5	0	-101,7
1685	11.08.2025 14:16:04,000	10,93	4,78	-1,2	-76,7	-12,0	0	-102,2
1686	11.08.2025 14:16:05,000	10,96	4,79	-1,4	-76,5	-12,1	0	-102,3
1687	11.08.2025 14:16:06,000	10,96	4,79	-1,2	-76,7	-12,0	0	-102,2
1688	11.08.2025 14:16:07,000	10,96	4,79	-1,4	-76,9	-11,7	0	-101,9
1689	11.08.2025 14:16:08,000	11,00	4,79	-1,5	-76,8	-11,7	0	-101,9
1690	11.08.2025 14:16:09,000	11,00	4,79	-1,1	-76,6	-12,2	0	-102,4
1691	11.08.2025 14:16:10,000	11,03	4,79	-1,2	-76,8	-12,0	0	-102,1
1692	11.08.2025 14:16:11,000	11,03	4,79	-1,5	-76,7	-11,8	0	-102,0
1693	11.08.2025 14:16:12,000	11,06	4,80	-1,5	-76,6	-11,9	0	-102,1
1694	11.08.2025 14:16:13,000	11,06	4,80	-1,1	-76,9	-11,9	0	-102,1
1695	11.08.2025 14:16:14,000	11,09	4,78	-1,1	-77,0	-11,9	0	-102,0
1696	11.08.2025 14:16:15,000	11,09	4,80	-1,0	-77,5	-11,5	0	-101,6
1697	11.08.2025 14:16:16,000	11,13	4,80	-0,7	-77,5	-11,7	0	-101,8
1698	11.08.2025 14:16:17,000	11,13	4,80	-0,6	-77,7	-11,7	0	-101,8
1699	11.08.2025 14:16:18,000	11,16	4,78	-0,6	-78,0	-11,4	0	-101,5
1700	11.08.2025 14:16:19,000	11,16	4,81	-0,6	-78,0	-11,4	0	-101,4
1701	11.08.2025 14:16:20,000	11,19	4,79	-0,6	-77,9	-11,5	0	-101,6
1702	11.08.2025 14:16:21,000	11,19	4,79	-0,5	-78,1	-11,4	0	-101,5
1703	11.08.2025 14:16:22,000	11,22	4,79	-0,7	-78,2	-11,1	0	-101,2
1704	11.08.2025 14:16:23,000	11,22	4,79	-0,5	-78,3	-11,1	0	-101,2
1705	11.08.2025 14:16:24,000	11,22	4,79	-0,2	-78,6	-11,1	0	-101,2
1706	11.08.2025 14:16:25,000	11,26	4,79	-0,3	-78,6	-11,0	0	-101,1
1707	11.08.2025 14:16:26,000	11,26	4,79	-0,2	-78,7	-11,0	0	-101,1
1708	11.08.2025 14:16:27,000	11,29	4,80	-0,2	-78,6	-11,2	0	-101,2
1709	11.08.2025 14:16:28,000	11,29	4,80	0,1	-78,9	-11,0	0	-101,1
1710	11.08.2025 14:16:29,000	11,32	4,80	0,0	-79,1	-10,9	0	-100,9
1711	11.08.2025 14:16:30,000	11,32	4,80	0,0	-79,1	-10,9	0	-100,9
1712	11.08.2025 14:16:31,000	11,35	4,78	0,3	-79,0	-10,7	0	-100,7
1713	11.08.2025 14:16:32,000	11,35	4,78	0,4	-78,8	-10,8	0	-100,8
1714	11.08.2025 14:16:33,000	11,38	4,76	0,4	-79,0	-10,6	0	-100,6
1715	11.08.2025 14:16:34,000	11,38	4,81	0,2	-79,3	-10,5	0	-100,5
1716	11.08.2025 14:16:35,000	11,42	4,79	0,0	-79,2	-10,8	0	-100,8
1717	11.08.2025 14:16:36,000	11,42	4,79	-0,4	-78,5	-11,1	0	-101,1
1718	11.08.2025 14:16:37,000	11,45	4,79	-0,5	-78,6	-10,9	0	-101,0
1719	11.08.2025 14:16:38,000	11,45	4,79	-0,6	-78,4	-11,0	0	-101,1
1720	11.08.2025 14:16:39,000	11,48	4,79	-0,6	-78,5	-10,9	0	-101,0
1721	11.08.2025 14:16:40,000	11,48	4,79	-0,6	-77,6	-11,7	0	-101,8
1722	11.08.2025 14:16:41,000	11,51	4,77	-0,8	-77,5	-11,7	0	-101,8
1723	11.08.2025 14:16:42,000	11,51	4,80	-0,8	-77,8	-11,4	0	-101,5
1724	11.08.2025 14:16:43,000	11,55	4,77	-0,3	-78,8	-10,9	0	-100,9
1725	11.08.2025 14:16:44,000	11,55	4,77	0,9	-78,7	-10,4	0	-100,5
1726	11.08.2025 14:16:45,000	11,58	4,78	1,5	-79,1	-9,4	0	-99,5
1727	11.08.2025 14:16:46,000	11,58	4,78	1,4	-79,4	-9,2	0	-99,3
1728	11.08.2025 14:16:47,000	11,61	4,78	1,1	-79,2	-9,7	0	-99,8
1729	11.08.2025 14:16:48,000	11,61	4,78	0,2	-79,2	-10,6	0	-100,6
1730	11.08.2025 14:16:49,000	11,64	4,78	-0,6	-78,2	-11,2	0	-101,2
1731	11.08.2025 14:16:50,000	11,64	4,78	-1,1	-77,5	-11,4	0	-101,5
1732	11.08.2025 14:16:51,000	11,67	4,79	-1,3	-77,3	-11,4	0	-101,6
1733	11.08.2025 14:16:52,000	11,67	4,76	-1,1	-77,6	-11,3	0	-101,4
1734	11.08.2025 14:16:53,000	11,71	4,79	-0,6	-78,3	-11,1	0	-101,2
1735	11.08.2025 14:16:54,000	11,71	4,77	0,2	-79,3	-10,4	0	-100,5
1736	11.08.2025 14:16:55,000	11,74	4,79	1,5	-79,0	-9,5	0	-99,6
1737	11.08.2025 14:16:56,000	11,77	4,80	2,8	-78,5	-8,7	0	-99,0
1738	11.08.2025 14:16:57,000	11,77	4,77	3,6	-78,3	-8,1	0	-98,4
1739	11.08.2025 14:16:58,000	11,80	4,80	3,5	-78,5	-7,9	0	-98,2
1740	11.08.2025 14:16:59,000	11,80	4,80	2,8	-78,6	-8,6	0	-98,9
1741	11.08.2025 14:17:00,000	11,83	4,78	1,6	-78,9	-9,5	0	-99,7
1742	11.08.2025 14:17:01,000	11,83	4,78	0,3	-79,3	-10,4	0	-100,4
1743	11.08.2025 14:17:02,000	11,87	4,78	-0,4	-79,0	-10,6	0	-100,7
1744	11.08.2025 14:17:03,000	11,87	4,78	-0,5	-78,8	-10,7	0	-100,7
1745	11.08.2025 14:17:04,000	11,90	4,79	-0,2	-79,6	-10,2	0	-100,2
1746	11.08.2025 14:17:05,000	11,90	4,79	0,4	-79,3	-10,3	0	-100,4
1747	11.08.2025 14:17:06,000	11,93	4,77	0,4	-79,4	-10,2	0	-100,2
1748	11.08.2025 14:17:07,000	11,93	4,79	0,2	-79,9	-10,0	0	-100,0
1749	11.08.2025 14:17:08,000	11,96	4,77	-0,3	-79,2	-10,6	0	-100,6
1750	11.08.2025 14:17:09,000	11,96	4,77	-0,8	-78,7	-10,5	0	-100,6
1751	11.08.2025 14:17:10,000	11,96	4,79	-1,3	-77,9	-10,8	0	-101,0
1752	11.08.2025 14:17:11,000	11,99	4,77	-1,8	-77,0	-11,2	0	-101,4
1753	11.08.2025 14:17:12,000	12,03	4,78	-2,0	-76,8	-11,2	0	-101,5
1754	11.08.2025 14:17:13,000	12,03	4,78	-2,2	-76,7	-11,1	0	-101,3
1755	11.08.2025 14:17:14,000	12,06	4,78	-2,3	-76,2	-11,5	0	-101,8
1756	11.08.2025 14:17:15,000	12,06	4,78	-2,2	-76,9	-10,9	0	-101,2
1757	11.08.2025 14:17:16,000	12,09	4,78	-2,0	-76,9	-11,1	0	-101,4
1758	11.08.2025 14:17:17,000	12,09	4,76	-2,0	-76,7	-11,3	0	-101,5
1759	11.08.2025 14:17:18,000	12,12	4,78	-1,9	-77,1	-11,0	0	-101,2
1760	11.08.2025 14:17:19,000	12,12	4,76	-1,6	-77,7	-10,7	0	-100,9
1761	11.08.2025 14:17:20,000	12,15	4,79	-1,5	-77,7	-10,7	0	-100,9
1762	11.08.2025 14:17:21,000	12,15	4,76	-1,5	-77,5	-11,0	0	-101,1
1763	11.08.2025 14:17:22,000	12,18	4,77	-1,6	-77,5	-10,9	0	-101,1
1764	11.08.2025 14:17:23,000	12,18	4,79	-1,6	-77,8	-10,7	0	-100,8
1765	11.08.2025 14:17:24,000	12,22	4,79	-1,5	-78,1	-10,4	0	-100,6
1766	11.08.2025 14:17:25,000	12,22	4,77	-1,1	-78,1	-10,8	0	-100,9
1767	11.08.2025 14:17:26,000	12,25	4,80	-1,2	-78,3	-10,5	0	-100,6
1768	11.08.2025 14:17:27,000	12,25	4,77	-1,2	-78,4	-10,4	0	-100,5
1769	11.08.2025 14:17:28,000	12,28	4,78	-1,1	-78,3	-10,6	0	-100,7
1770	11.08.2025 14:17:29,000	12,28	4,78	-1,3	-77,9	-10,8	0	-101,0
1771	11.08.2025 14:17:30,000	12,31	4,78	-1,5	-78,0	-10,5	0	-100,7
1772	11.08.2025 14:17:31,000	12,31	4,76	-1,5	-77,6	-10,8	0	-101,0
1773	11.08.2025 14:17:32,000	12,34	4,78	-1,8	-77,3	-11,0	0	-101,2
1774	11.08.2025 14:17:33,000	12,34	4,78	-1,7	-77,5	-10,7	0	-100,9
1775	11.08.2025 14:17:34,000	12,38	4,79	-1,6	-77,6	-10,8	0	-101,0
1776	11.08.2025 14:17:35,000	12,38	4,76	-1,6	-77,6	-10,8	0	-101,0
1777	11.08.2025 14:17:36,000	12,41	4,79	-1,7	-77,6	-10,7	0	-100,9
1778	11.08.2025 14:17:37,000	12,41	4,79	-1,5	-77,8	-10,8	0	-100,9
1779	11.08.2025 14:17:38,000	12,44	4,77	-1,3	-78,1	-10,6	0	-100,8
1780	11.08.2025 14:17:39,000	12,44	4,77	-1,1	-78,5	-10,4	0	-100,5
1781	11.08.2025 14:17:40,000	12,47	4,80	-1,1	-78,6	-10,3	0	-100,4
1782	11.08.2025 14:17:41,000	12,47	4,80	-1,3	-78,1	-10,6	0	-100,8
1783	11.08.2025 14:17:42,000	12,50	4,78	-1,2	-78,3	-10,5	0	-100,6
1784	11.08.2025 14:17:43,000	12,50	4,78	-1,2	-78,3	-10,5	0	-100,6
1785	11.08.2025 14:17:44,000	12,53	4,78	-1,4	-77,9	-10,7	0	-100,9
1786	11.08.2025 14:17:45,000	12,53	4,78	-1,5	-77,6	-10,8	0	-101,0
1787	11.08.2025 14:17:46,000	12,57	4,76	-1,6	-77,7	-10,7	0	-100,9
1788	11.08.2025 14:17:47,000	12,57	4,78	-1,7	-77,4	-10,9	0	-101,1
1789	11.08.2025 14:17:48,000	12,60	4,78	-1,6	-77,6	-10,9	0	-101,0
1790	11.08.2025 14:17:49,000	12,60	4,76	-1,9	-77,3	-10,8	0	-101,0
1791	11.08.2025 14:17:50,000	12,63	4,79	-1,9	-77,5	-10,6	0	-100,8
1792	11.08.2025 14:17:51,000	12,63	4,79	-1,8	-77,2	-11,0	0	-101,2
1793	11.08.2025 14:17:52,000	12,66	4,77	-1,9	-77,3	-10,8	0	-101,0
1794	11.08.2025 14:17:53,000	12,66	4,77	-1,9	-77,5	-10,6	0	-100,8
1795	11.08.2025 14:17:54,000	12,69	4,77	-1,8	-77,2	-11,0	0	-101,2
1796	11.08.2025 14:17:55,000	12,69	4,77	-1,7	-77,5	-10,9	0	-101,1
1797	11.08.2025 14:17:56,000	12,69	4,77	-1,3	-77,9	-10,8	0	-100,9
1798	11.08.2025 14:17:57,000	12,72	4,77	-1,2	-78,3	-10,6	0	-100,7
1799	11.08.2025 14:17:58,000	12,72	4,77	-1,3	-78,4	-10,3	0	-100,5
1800	11.08.2025 14:17:59,000	12,76	4,78	-1,1	-78,1	-10,8	0	-100,9
1801	11.08.2025 14:18:00,000	12,79	4,78	-1,2	-78,1	-10,7	0	-100,8
1802	11.08.2025 14:18:01,000	12,79	4,78	-1,1	-78,2	-10,6	0	-100,7
1803	11.08.2025 14:18:02,000	12,82	4,78	-1,3	-78,1	-10,6	0	-100,7
1804	11.08.2025 14:18:03,000	12,82	4,78	-1,2	-78,0	-10,8	0	-100,9
1805	11.08.2025 14:18:04,000	12,82	4,76	-1,1	-78,1	-10,8	0	-100,9
1806	11.08.2025 14:18:05,000	12,85	4,76	-1,2	-78,4	-10,4	0	-100,5
1807	11.08.2025 14:18:06,000	12,88	4,79	-1,2	-78,0	-10,8	0	-101,0
1808	11.08.2025 14:18:07,000	12,88	4,79	-1,4	-77,6	-11,0	0	-101,1
1809	11.08.2025 14:18:08,000	12,88	4,77	-1,5	-77,7	-10,7	0	-100,9
1810	11.08.2025 14:18:09,000	12,91	4,77	-1,4	-77,9	-10,7	0	-100,9
1811	11.08.2025 14:18:10,000	12,91	4,77	-1,5	-77,8	-10,7	0	-100,8
1812	11.08.2025 14:18:11,000	12,94	4,77	-1,4	-78,1	-10,5	0	-100,6
1813	11.08.2025 14:18:12,000	12,94	4,77	-1,3	-78,1	-10,6	0	-100,7
1814	11.08.2025 14:18:13,000	12,94	4,77	-1,1	-78,1	-10,8	0	-100,9
1815	11.08.2025 14:18:14,000	12,98	4,78	-1,2	-78,2	-10,6	0	-100,7
1816	11.08.2025 14:18:15,000	12,98	4,78	-1,1	-78,2	-10,7	0	-100,8
1817	11.08.2025 14:18:16,000	12,98	4,78	-1,1	-78,2	-10,6	0	-100,8
1818	11.08.2025 14:18:17,000	13,01	4,78	-1,5	-77,5	-11,0	0	-101,2
1819	11.08.2025 14:18:18,000	13,01	4,75	-1,7	-77,4	-10,9	0	-101,1
1820	11.08.2025 14:18:19,000	13,04	4,78	-1,6	-77,8	-10,6	0	-100,8
1821	11.08.2025 14:18:20,000	13,04	4,78	-1,7	-77,5	-10,7	0	-100,9
1822	11.08.2025 14:18:21,000	13,07	4,78	-1,7	-77,1	-11,1	0	-101,3
1823	11.08.2025 14:18:22,000	13,07	4,76	-1,7	-77,3	-11,0	0	-101,2
1824	11.08.2025 14:18:23,000	13,10	4,79	-1,6	-77,7	-10,7	0	-100,9
1825	11.08.2025 14:18:24,000	13,10	4,76	-1,5	-77,7	-10,8	0	-100,9
1826	11.08.2025 14:18:25,000	13,13	4,77	-1,4	-77,9	-10,7	0	-100,8
1827	11.08.2025 14:18:26,000	13,13	4,77	-1,1	-78,4	-10,5	0	-100,6
1828	11.08.2025 14:18:27,000	13,16	4,77	-1,0	-78,6	-10,5	0	-100,6
1829	11.08.2025 14:18:28,000	13,16	4,77	-0,9	-78,2	-10,9	0	-101,0
1830	11.08.2025 14:18:29,000	13,20	4,77	-0,9	-78,7	-10,4	0	-100,5
1831	11.08.2025 14:18:30,000	13,20	4,75	-1,0	-78,3	-10,7	0	-100,8
1832	11.08.2025 14:18:31,000	13,23	4,78	-1,3	-77,7	-11,0	0	-101,1
1833	11.08.2025 14:18:32,000	13,23	4,75	-1,5	-77,5	-10,9	0	-101,1
1834	11.08.2025 14:18:33,000	13,26	4,76	-1,7	-77,6	-10,7	0	-100,9
1835	11.08.2025 14:18:34,000	13,26	4,76	-1,7	-77,4	-10,9	0	-101,1
1836	11.08.2025 14:18:35,000	13,29	4,76	-1,7	-77,2	-11,1	0	-101,3
1837	11.08.2025 14:18:36,000	13,32	4,79	-2,0	-77,0	-11,0	0	-101,3
1838	11.08.2025 14:18:37,000	13,32	4,76	-1,6	-77,7	-10,7	0	-100,9
1839	11.08.2025 14:18:38,000	13,35	4,77	-1,5	-77,7	-10,8	0	-101,0
1840	11.08.2025 14:18:39,000	13,35	4,77	-1,7	-77,3	-11,1	0	-101,3
1841	11.08.2025 14:18:40,000	13,38	4,77	-1,9	-77,0	-11,1	0	-101,3
1842	11.08.2025 14:18:41,000	13,38	4,77	-2,2	-77,1	-10,7	0	-101,0
1843	11.08.2025 14:18:42,000	13,42	4,75	-1,8	-77,3	-10,8	0	-101,0
1844	11.08.2025 14:18:43,000	13,42	4,77	-1,6	-77,3	-11,1	0	-101,3
1845	11.08.2025 14:18:44,000	13,45	4,75	-1,7	-77,5	-10,8	0	-101,0
1846	11.08.2025 14:18:45,000	13,45	4,75	-1,5	-77,8	-10,7	0	-100,9
1847	11.08.2025 14:18:46,000	13,48	4,75	-1,1	-78,4	-10,5	0	-100,6
1848	11.08.2025 14:18:47,000	13,48	4,78	-1,0	-78,4	-10,6	0	-100,7
1849	11.08.2025 14:18:48,000	13,48	4,78	-1,1	-78,2	-10,6	0	-100,8
1850	11.08.2025 14:18:49,000	13,51	4,78	-1,3	-78,1	-10,6	0	-100,8
1851	11.08.2025 14:18:50,000	13,51	4,78	-1,1	-78,5	-10,4	0	-100,5
1852	11.08.2025 14:18:51,000	13,54	4,76	-1,2	-78,0	-10,8	0	-100,9
1853	11.08.2025 14:18:52,000	13,54	4,76	-1,5	-77,9	-10,7	0	-100,8
1854	11.08.2025 14:18:53,000	13,57	4,74	-1,7	-76,9	-11,4	0	-101,6
1855	11.08.2025 14:18:54,000	13,57	4,76	-1,9	-77,1	-11,0	0	-101,2
1856	11.08.2025 14:18:55,000	13,60	4,77	-1,6	-76,9	-11,5	0	-101,7
1857	11.08.2025 14:18:56,000	13,60	4,77	-1,7	-77,2	-11,0	0	-101,3
1858	11.08.2025 14:18:57,000	13,63	4,77	-1,8	-77,5	-10,6	0	-100,8
1859	11.08.2025 14:18:58,000	13,63	4,77	-1,7	-77,5	-10,8	0	-101,0
1860	11.08.2025 14:18:59,000	13,67	4,77	-1,6	-77,6	-10,8	0	-100,9
1861	11.08.2025 14:19:00,000	13,67	4,77	-1,6	-77,8	-10,7	0	-100,9
1862	11.08.2025 14:19:01,000	13,70	4,75	-1,1	-78,2	-10,6	0	-100,8
1863	11.08.2025 14:19:02,000	13,70	4,78	-1,1	-78,5	-10,5	0	-100,6
1864	11.08.2025 14:19:03,000	13,73	4,75	-1,2	-77,9	-10,9	0	-101,0
1865	11.08.2025 14:19:04,000	13,73	4,75	-1,6	-77,7	-10,7	0	-100,9
1866	11.08.2025 14:19:05,000	13,73	4,75	-1,4	-77,7	-10,9	0	-101,1
1867	11.08.2025 14:19:06,000	13,76	4,76	-1,6	-77,7	-10,7	0	-100,8
1868	11.08.2025 14:19:07,000	13,79	4,76	-1,5	-77,8	-10,6	0	-100,8
1869	11.08.2025 14:19:08,000	13,79	4,76	-1,4	-77,8	-10,8	0	-100,9
1870	11.08.2025 14:19:09,000	13,79	4,76	-1,6	-77,6	-10,8	0	-101,0
1871	11.08.2025 14:19:10,000	13,82	4,76	-1,6	-77,7	-10,6	0	-100,8
1872	11.08.2025 14:19:11,000	13,82	4,76	-1,4	-77,7	-10,8	0	-101,0
1873	11.08.2025 14:19:12,000	13,85	4,74	-1,4	-78,1	-10,5	0	-100,7
1874	11.08.2025 14:19:13,000	13,85	4,74	-1,0	-78,6	-10,4	0	-100,5
1875	11.08.2025 14:19:14,000	13,88	4,77	-0,3	-79,6	-10,1	0	-100,2
1876	11.08.2025 14:19:15,000	13,88	4,77	-0,1	-80,0	-9,9	0	-99,9
1877	11.08.2025 14:19:16,000	13,91	4,77	0,2	-80,0	-9,8	0	-99,8
1878	11.08.2025 14:19:17,000	13,91	4,75	0,1	-80,0	-9,9	0	-99,9
1879	11.08.2025 14:19:18,000	13,95	4,75	-0,3	-79,5	-10,2	0	-100,2
1880	11.08.2025 14:19:19,000	13,95	4,78	-0,4	-79,4	-10,2	0	-100,3
1881	11.08.2025 14:19:20,000	13,95	4,75	-0,7	-78,9	-10,4	0	-100,5
1882	11.08.2025 14:19:21,000	13,98	4,76	-1,3	-78,1	-10,6	0	-100,7
1883	11.08.2025 14:19:22,000	13,98	4,76	-1,6	-77,5	-10,9	0	-101,1
1884	11.08.2025 14:19:23,000	14,01	4,76	-1,8	-77,1	-11,0	0	-101,2
1885	11.08.2025 14:19:24,000	14,01	4,76	-1,9	-77,3	-10,8	0	-101,0
1886	11.08.2025 14:19:25,000	14,01	4,76	-1,6	-77,3	-11,0	0	-101,2
1887	11.08.2025 14:19:26,000	14,04	4,76	-1,4	-78,0	-10,6	0	-100,8
1888	11.08.2025 14:19:27,000	14,07	4,76	-1,5	-77,9	-10,6	0	-100,8
1889	11.08.2025 14:19:28,000	14,07	4,76	-1,4	-77,8	-10,7	0	-100,9
1890	11.08.2025 14:19:29,000	14,07	4,74	-1,3	-78,0	-10,6	0	-100,8
1891	11.08.2025 14:19:30,000	14,10	4,77	-1,7	-77,5	-10,8	0	-101,0
1892	11.08.2025 14:19:31,000	14,10	4,74	-1,4	-77,7	-10,9	0	-101,0
1893	11.08.2025 14:19:32,000	14,13	4,75	-1,5	-77,7	-10,7	0	-100,9
1894	11.08.2025 14:19:33,000	14,13	4,75	-1,7	-77,7	-10,6	0	-100,8
1895	11.08.2025 14:19:34,000	14,16	4,75	-1,8	-77,2	-10,9	0	-101,2
1896	11.08.2025 14:19:35,000	14,16	4,75	-1,8	-77,1	-11,1	0	-101,3
1897	11.08.2025 14:19:36,000	14,19	4,73	-2,0	-77,0	-11,0	0	-101,2
1898	11.08.2025 14:19:37,000	14,19	4,75	-1,8	-77,2	-11,0	0	-101,2
1899	11.08.2025 14:19:38,000	14,22	4,76	-1,7	-77,7	-10,6	0	-100,8
1900	11.08.2025 14:19:39,000	14,22	4,76	-1,5	-77,8	-10,7	0	-100,9
1901	11.08.2025 14:19:40,000	14,26	4,76	-1,2	-77,9	-10,9	0	-101,0
1902	11.08.2025 14:19:41,000	14,26	4,74	-1,1	-78,2	-10,7	0	-100,8
1903	11.08.2025 14:19:42,000	14,29	4,76	-0,9	-78,5	-10,6	0	-100,7
1904	11.08.2025 14:19:43,000	14,29	4,76	-0,7	-78,5	-10,7	0	-100,8
1905	11.08.2025 14:19:44,000	14,32	4,74	-0,9	-78,6	-10,5	0	-100,6
1906	11.08.2025 14:19:45,000	14,32	4,74	-1,1	-78,2	-10,7	0	-100,8
1907	11.08.2025 14:19:46,000	14,32	4,74	-1,4	-77,8	-10,9	0	-101,0
1908	11.08.2025 14:19:47,000	14,35	4,75	-1,4	-77,5	-11,1	0	-101,3
1909	11.08.2025 14:19:48,000	14,35	4,75	-1,7	-77,3	-11,0	0	-101,2
1910	11.08.2025 14:19:49,000	14,38	4,75	-1,6	-77,7	-10,7	0	-100,9
1911	11.08.2025 14:19:50,000	14,38	4,75	-1,4	-77,8	-10,7	0	-100,9
1912	11.08.2025 14:19:51,000	14,41	4,75	-1,5	-78,0	-10,6	0	-100,7
1913	11.08.2025 14:19:52,000	14,41	4,75	-1,5	-77,5	-11,0	0	-101,2
1914	11.08.2025 14:19:53,000	14,41	4,75	-1,6	-77,5	-10,9	0	-101,1
1915	11.08.2025 14:19:54,000	14,44	4,75	-1,6	-77,5	-10,8	0	-101,0
1916	11.08.2025 14:19:55,000	14,44	4,75	-1,5	-77,8	-10,7	0	-100,9
1917	11.08.2025 14:19:56,000	14,44	4,75	-1,6	-77,4	-11,0	0	-101,2
1918	11.08.2025 14:19:57,000	14,47	4,73	-1,7	-77,6	-10,7	0	-100,9
1919	11.08.2025 14:19:58,000	14,47	4,76	-1,6	-77,4	-10,9	0	-101,1
1920	11.08.2025 14:19:59,000	14,50	4,76	-1,4	-77,7	-10,9	0	-101,0
1921	11.08.2025 14:20:00,000	14,50	4,76	-1,6	-77,5	-10,9	0	-101,1
1922	11.08.2025 14:20:01,000	14,50	4,76	-1,7	-77,2	-11,1	0	-101,3
1923	11.08.2025 14:20:02,000	14,53	4,74	-1,6	-77,8	-10,6	0	-100,8
1924	11.08.2025 14:20:03,000	14,53	4,76	-1,4	-77,8	-10,8	0	-100,9
1925	11.08.2025 14:20:04,000	14,56	4,77	-1,3	-78,0	-10,7	0	-100,9
1926	11.08.2025 14:20:05,000	14,56	4,77	-1,7	-77,3	-11,0	0	-101,2
1927	11.08.2025 14:20:06,000	14,60	4,77	-1,8	-77,2	-10,9	0	-101,2
1928	11.08.2025 14:20:07,000	14,60	4,75	-1,7	-77,4	-10,9	0	-101,1
1929	11.08.2025 14:20:08,000	14,63	4,75	-1,9	-77,3	-10,8	0	-101,1
1930	11.08.2025 14:20:09,000	14,63	4,75	-1,9	-77,2	-10,9	0	-101,1
1931	11.08.2025 14:20:10,000	14,66	4,75	-2,0	-77,0	-11,0	0	-101,2
1932	11.08.2025 14:20:11,000	14,66	4,75	-2,1	-77,0	-10,9	0	-101,1
1933	11.08.2025 14:20:12,000	14,69	4,73	-2,5	-77,1	-10,4	0	-100,7
1934	11.08.2025 14:20:13,000	14,69	4,75	-2,8	-76,9	-10,4	0	-100,7
1935	11.08.2025 14:20:14,000	14,69	4,75	-2,4	-77,6	-10,0	0	-100,3
1936	11.08.2025 14:20:15,000	14,72	4,76	-1,2	-79,7	-9,1	0	-99,2
1937	11.08.2025 14:20:16,000	14,72	4,76	0,6	-80,9	-8,5	0	-98,6
1938	11.08.2025 14:20:17,000	14,75	4,74	2,3	-80,1	-7,7	0	-97,9
1939	11.08.2025 14:20:18,000	14,75	4,76	3,2	-79,5	-7,2	0	-97,5
1940	11.08.2025 14:20:19,000	14,78	4,76	3,5	-79,3	-7,2	0	-97,4
1941	11.08.2025 14:20:20,000	14,78	4,74	4,0	-79,2	-6,8	0	-97,1
1942	11.08.2025 14:20:21,000	14,81	4,74	4,1	-78,8	-7,1	0	-97,4
1943	11.08.2025 14:20:22,000	14,81	4,74	3,8	-78,8	-7,4	0	-97,7
1944	11.08.2025 14:20:23,000	14,81	4,74	3,8	-78,8	-7,4	0	-97,7
1945	11.08.2025 14:20:24,000	14,84	4,75	3,1	-79,3	-7,6	0	-97,8
1946	11.08.2025 14:20:25,000	14,84	4,75	3,0	-79,0	-7,9	0	-98,1
1947	11.08.2025 14:20:26,000	14,87	4,75	3,0	-78,7	-8,3	0	-98,5
1948	11.08.2025 14:20:27,000	14,87	4,75	2,2	-79,7	-8,1	0	-98,2
1949	11.08.2025 14:20:28,000	14,90	4,75	2,6	-79,3	-8,1	0	-98,3
1950	11.08.2025 14:20:29,000	14,90	4,75	1,4	-81,0	-7,6	0	-97,7
1951	11.08.2025 14:20:30,000	14,93	4,76	1,7	-78,9	-9,4	0	-99,6
1952	11.08.2025 14:20:31,000	14,93	4,73	1,0	-79,1	-9,9	0	-100,0
1953	11.08.2025 14:20:32,000	14,96	4,76	0,6	-79,2	-10,2	0	-100,3
1954	11.08.2025 14:20:33,000	14,96	4,73	-0,3	-79,7	-10,0	0	-100,0
1955	11.08.2025 14:20:34,000	14,99	4,76	-0,1	-79,4	-10,5	0	-100,5
1956	11.08.2025 14:20:35,000	14,99	4,74	-0,4	-79,9	-9,8	0	-99,8
1957	11.08.2025 14:20:36,000	14,99	4,74	-0,2	-79,3	-10,4	0	-100,5
1958	11.08.2025 14:20:37,000	15,03	4,74	-0,5	-79,5	-10,0	0	-100,1
1959	11.08.2025 14:20:38,000	15,06	4,74	-0,4	-79,3	-10,3	0	-100,4
1960	11.08.2025 14:20:39,000	15,06	4,74	-0,9	-78,6	-10,5	0	-100,6
1961	11.08.2025 14:20:40,000	15,09	4,75	-0,8	-78,8	-10,3	0	-100,4
1962	11.08.2025 14:20:41,000	15,09	4,75	-1,1	-78,6	-10,4	0	-100,5
1963	11.08.2025 14:20:42,000	15,12	4,73	-0,9	-78,5	-10,5	0	-100,6
1964	11.08.2025 14:20:43,000	15,12	4,75	-0,8	-79,2	-10,0	0	-100,1
1965	11.08.2025 14:20:44,000	15,15	4,75	-0,4	-79,4	-10,2	0	-100,2
1966	11.08.2025 14:20:45,000	15,15	4,73	0,0	-79,3	-10,7	0	-100,7
1967	11.08.2025 14:20:46,000	15,15	4,75	0,1	-79,5	-10,5	0	-100,5
1968	11.08.2025 14:20:47,000	15,18	4,76	-0,2	-78,6	-11,2	0	-101,2
1969	11.08.2025 14:20:48,000	15,18	4,76	-0,7	-77,7	-11,6	0	-101,7
1970	11.08.2025 14:20:49,000	15,21	4,74	-1,3	-77,5	-11,3	0	-101,4
1971	11.08.2025 14:20:50,000	15,21	4,74	-0,9	-77,5	-11,5	0	-101,6
1972	11.08.2025 14:20:51,000	15,24	4,74	-0,7	-77,9	-11,4	0	-101,5
1973	11.08.2025 14:20:52,000	15,24	4,74	-0,4	-78,5	-11,1	0	-101,1
1974	11.08.2025 14:20:53,000	15,27	4,74	-0,2	-78,8	-11,0	0	-101,0
1975	11.08.2025 14:20:54,000	15,27	4,74	-0,1	-78,7	-11,2	0	-101,2
1976	11.08.2025 14:20:55,000	15,30	4,74	-0,1	-78,9	-11,0	0	-101,0
1977	11.08.2025 14:20:56,000	15,30	4,77	-0,8	-78,1	-11,1	0	-101,2
1978	11.08.2025 14:20:57,000	15,33	4,75	-0,9	-77,5	-11,6	0	-101,7
1979	11.08.2025 14:20:58,000	15,33	4,75	-1,0	-77,3	-11,7	0	-101,8
1980	11.08.2025 14:20:59,000	15,33	4,75	-1,2	-77,3	-11,4	0	-101,6
1981	11.08.2025 14:21:00,000	15,36	4,73	-0,9	-77,7	-11,4	0	-101,5
1982	11.08.2025 14:21:01,000	15,36	4,75	-0,6	-77,9	-11,4	0	-101,5
1983	11.08.2025 14:21:02,000	15,39	4,73	-0,6	-78,2	-11,3	0	-101,3
1984	11.08.2025 14:21:03,000	15,39	4,73	-0,7	-78,1	-11,2	0	-101,3
1985	11.08.2025 14:21:04,000	15,42	4,76	-0,5	-78,1	-11,4	0	-101,5
1986	11.08.2025 14:21:05,000	15,42	4,73	-0,8	-77,9	-11,3	0	-101,4
1987	11.08.2025 14:21:06,000	15,42	4,76	-0,9	-77,9	-11,2	0	-101,3
1988	11.08.2025 14:21:07,000	15,45	4,74	-0,9	-77,6	-11,4	0	-101,6
1989	11.08.2025 14:21:08,000	15,45	4,74	-0,9	-77,7	-11,4	0	-101,5
1990	11.08.2025 14:21:09,000	15,48	4,74	-0,6	-78,2	-11,2	0	-101,3
1991	11.08.2025 14:21:10,000	15,48	4,76	-0,6	-78,2	-11,2	0	-101,3
1992	11.08.2025 14:21:11,000	15,48	4,74	-0,5	-78,4	-11,1	0	-101,1
1993	11.08.2025 14:21:12,000	15,51	4,74	-0,5	-78,3	-11,2	0	-101,3
1994	11.08.2025 14:21:13,000	15,51	4,72	-0,7	-78,0	-11,3	0	-101,4
1995	11.08.2025 14:21:14,000	15,55	4,74	-0,7	-78,1	-11,3	0	-101,4
1996	11.08.2025 14:21:15,000	15,55	4,74	-0,6	-78,1	-11,3	0	-101,3
1997	11.08.2025 14:21:16,000	15,58	4,75	-0,7	-78,0	-11,3	0	-101,4
1998	11.08.2025 14:21:17,000	15,58	4,75	-0,7	-78,0	-11,4	0	-101,5
1999	11.08.2025 14:21:18,000	15,58	4,72	-0,6	-78,1	-11,3	0	-101,4
2000	11.08.2025 14:21:19,000	15,61	4,75	-0,7	-78,1	-11,2	0	-101,3
2001	11.08.2025 14:21:20,000	15,64	4,73	-0,5	-78,1	-11,4	0	-101,5
2002	11.08.2025 14:21:21,000	15,64	4,73	-0,7	-78,2	-11,1	0	-101,2
2003	11.08.2025 14:21:22,000	15,67	4,76	-0,7	-77,9	-11,4	0	-101,5
2004	11.08.2025 14:21:23,000	15,67	4,73	-0,7	-77,8	-11,4	0	-101,5
2005	11.08.2025 14:21:24,000	15,67	4,73	-0,8	-78,2	-11,0	0	-101,1
2006	11.08.2025 14:21:25,000	15,70	4,74	-0,6	-78,2	-11,3	0	-101,4
2007	11.08.2025 14:21:26,000	15,70	4,74	-0,6	-78,1	-11,3	0	-101,4
2008	11.08.2025 14:21:27,000	15,73	4,76	-0,8	-78,1	-11,1	0	-101,2
2009	11.08.2025 14:21:28,000	15,73	4,74	-0,9	-77,8	-11,3	0	-101,4
2010	11.08.2025 14:21:29,000	15,76	4,74	-0,6	-77,7	-11,7	0	-101,8
2011	11.08.2025 14:21:30,000	15,76	4,74	-0,9	-77,9	-11,1	0	-101,3
2012	11.08.2025 14:21:31,000	15,79	4,74	-1,1	-77,6	-11,3	0	-101,5
2013	11.08.2025 14:21:32,000	15,79	4,74	-0,7	-77,6	-11,7	0	-101,8
2014	11.08.2025 14:21:33,000	15,79	4,72	-1,1	-77,6	-11,4	0	-101,5
2015	11.08.2025 14:21:34,000	15,82	4,75	-1,0	-77,8	-11,3	0	-101,4
2016	11.08.2025 14:21:35,000	15,82	4,75	-0,9	-77,7	-11,5	0	-101,6
2017	11.08.2025 14:21:36,000	15,85	4,73	-1,0	-77,6	-11,4	0	-101,5
2018	11.08.2025 14:21:37,000	15,85	4,75	-0,9	-77,6	-11,5	0	-101,6
2019	11.08.2025 14:21:38,000	15,85	4,73	-1,1	-77,5	-11,5	0	-101,6
2020	11.08.2025 14:21:39,000	15,88	4,71	-1,1	-77,5	-11,3	0	-101,5
2021	11.08.2025 14:21:40,000	15,91	4,76	-1,0	-77,3	-11,7	0	-101,8
2022	11.08.2025 14:21:41,000	15,91	4,76	-1,1	-77,4	-11,5	0	-101,6
2023	11.08.2025 14:21:42,000	15,91	4,73	-1,1	-77,4	-11,4	0	-101,6
2024	11.08.2025 14:21:43,000	15,94	4,74	-1,1	-77,4	-11,6	0	-101,7
2025	11.08.2025 14:21:44,000	15,94	4,71	-1,0	-77,7	-11,3	0	-101,4
2026	11.08.2025 14:21:45,000	15,94	4,71	-1,0	-77,4	-11,5	0	-101,7
2027	11.08.2025 14:21:46,000	15,97	4,74	-0,9	-77,6	-11,5	0	-101,6
2028	11.08.2025 14:21:47,000	15,97	4,71	-1,0	-77,6	-11,4	0	-101,5
2029	11.08.2025 14:21:48,000	16,00	4,72	-1,1	-77,3	-11,5	0	-101,7
2030	11.08.2025 14:21:49,000	16,00	4,74	-1,0	-77,3	-11,7	0	-101,8
2031	11.08.2025 14:21:50,000	16,03	4,72	-1,1	-77,3	-11,6	0	-101,7
2032	11.08.2025 14:21:51,000	16,03	4,74	-1,3	-77,2	-11,5	0	-101,7
2033	11.08.2025 14:21:52,000	16,03	4,74	-1,2	-77,1	-11,7	0	-101,8
2034	11.08.2025 14:21:53,000	16,06	4,72	-1,1	-77,2	-11,6	0	-101,8
2035	11.08.2025 14:21:54,000	16,06	4,72	-1,3	-77,3	-11,4	0	-101,6
2036	11.08.2025 14:21:55,000	16,09	4,73	-1,2	-77,3	-11,5	0	-101,7
2037	11.08.2025 14:21:56,000	16,09	4,73	-1,1	-77,2	-11,7	0	-101,8
2038	11.08.2025 14:21:57,000	16,12	4,71	-1,1	-77,5	-11,4	0	-101,6
2039	11.08.2025 14:21:58,000	16,12	4,73	-1,2	-77,3	-11,5	0	-101,6
2040	11.08.2025 14:21:59,000	16,12	4,73	-1,0	-77,2	-11,7	0	-101,9
2041	11.08.2025 14:22:00,000	16,15	4,73	-1,2	-77,5	-11,4	0	-101,5
2042	11.08.2025 14:22:01,000	16,15	4,73	-1,3	-77,3	-11,4	0	-101,6
2043	11.08.2025 14:22:02,000	16,18	4,71	-1,1	-77,1	-11,8	0	-101,9
2044	11.08.2025 14:22:03,000	16,18	4,71	-1,2	-77,2	-11,6	0	-101,7
2045	11.08.2025 14:22:04,000	16,18	4,74	-1,3	-77,3	-11,4	0	-101,5
2046	11.08.2025 14:22:05,000	16,21	4,74	-1,0	-77,3	-11,7	0	-101,8
2047	11.08.2025 14:22:06,000	16,21	4,74	-1,1	-77,4	-11,6	0	-101,7
2048	11.08.2025 14:22:07,000	16,21	4,74	-1,1	-77,6	-11,4	0	-101,5
2049	11.08.2025 14:22:08,000	16,24	4,74	-0,9	-77,7	-11,4	0	-101,5
2050	11.08.2025 14:22:09,000	16,24	4,72	-1,1	-77,4	-11,6	0	-101,7
2051	11.08.2025 14:22:10,000	16,27	4,72	-1,0	-77,5	-11,5	0	-101,7
2052	11.08.2025 14:22:11,000	16,27	4,72	-1,1	-77,5	-11,3	0	-101,5
2053	11.08.2025 14:22:12,000	16,30	4,75	-1,1	-77,3	-11,6	0	-101,8
2054	11.08.2025 14:22:13,000	16,30	4,72	-0,9	-77,6	-11,5	0	-101,6
2055	11.08.2025 14:22:14,000	16,33	4,75	-1,1	-77,8	-11,2	0	-101,3
2056	11.08.2025 14:22:15,000	16,33	4,73	-0,9	-77,5	-11,6	0	-101,7
2057	11.08.2025 14:22:16,000	16,33	4,73	-0,7	-77,6	-11,7	0	-101,8
2058	11.08.2025 14:22:17,000	16,37	4,73	-1,1	-77,8	-11,2	0	-101,3
2059	11.08.2025 14:22:18,000	16,40	4,71	-1,0	-77,5	-11,6	0	-101,7
2060	11.08.2025 14:22:19,000	16,40	4,71	-0,8	-77,6	-11,6	0	-101,7
2061	11.08.2025 14:22:20,000	16,40	4,73	-1,1	-77,5	-11,4	0	-101,5
2062	11.08.2025 14:22:21,000	16,43	4,74	-1,1	-77,3	-11,6	0	-101,7
2063	11.08.2025 14:22:22,000	16,43	4,71	-1,0	-77,6	-11,4	0	-101,5
2064	11.08.2025 14:22:23,000	16,43	4,74	-1,0	-77,4	-11,6	0	-101,8
2065	11.08.2025 14:22:24,000	16,46	4,71	-0,9	-77,7	-11,4	0	-101,5
2066	11.08.2025 14:22:25,000	16,46	4,71	-0,9	-77,9	-11,2	0	-101,3
2067	11.08.2025 14:22:26,000	16,46	4,74	-0,9	-77,5	-11,7	0	-101,8
2068	11.08.2025 14:22:27,000	16,49	4,72	-1,1	-77,4	-11,5	0	-101,6
2069	11.08.2025 14:22:28,000	16,49	4,72	-1,1	-77,3	-11,6	0	-101,7
2070	11.08.2025 14:22:29,000	16,52	4,72	-1,0	-77,4	-11,6	0	-101,7
2071	11.08.2025 14:22:30,000	16,52	4,72	-1,1	-77,6	-11,4	0	-101,5
2072	11.08.2025 14:22:31,000	16,52	4,72	-1,1	-77,4	-11,5	0	-101,6
2073	11.08.2025 14:22:32,000	16,55	4,72	-1,0	-77,6	-11,4	0	-101,6
2074	11.08.2025 14:22:33,000	16,55	4,72	-0,8	-77,6	-11,6	0	-101,7
2075	11.08.2025 14:22:34,000	16,58	4,73	-1,0	-77,6	-11,4	0	-101,5
2076	11.08.2025 14:22:35,000	16,58	4,73	-1,1	-77,6	-11,3	0	-101,5
2077	11.08.2025 14:22:36,000	16,58	4,70	-0,9	-77,4	-11,8	0	-101,9
2078	11.08.2025 14:22:37,000	16,61	4,71	-0,9	-77,7	-11,4	0	-101,5
2079	11.08.2025 14:22:38,000	16,61	4,73	-1,2	-77,5	-11,3	0	-101,5
2080	11.08.2025 14:22:39,000	16,64	4,71	-1,0	-77,4	-11,6	0	-101,7
2081	11.08.2025 14:22:40,000	16,64	4,71	-0,9	-77,5	-11,5	0	-101,6
2082	11.08.2025 14:22:41,000	16,64	4,73	-1,1	-77,6	-11,3	0	-101,4
2083	11.08.2025 14:22:42,000	16,67	4,74	-0,9	-77,6	-11,5	0	-101,6
2084	11.08.2025 14:22:43,000	16,70	4,71	-0,9	-77,5	-11,7	0	-101,8
2085	11.08.2025 14:22:44,000	16,70	4,71	-1,1	-77,6	-11,4	0	-101,5
2086	11.08.2025 14:22:45,000	16,70	4,74	-1,1	-77,5	-11,4	0	-101,6
2087	11.08.2025 14:22:46,000	16,73	4,74	-1,1	-77,2	-11,7	0	-101,8
2088	11.08.2025 14:22:47,000	16,73	4,72	-1,1	-77,4	-11,5	0	-101,6
2089	11.08.2025 14:22:48,000	16,76	4,72	-1,0	-77,6	-11,4	0	-101,5
2090	11.08.2025 14:22:49,000	16,76	4,74	-1,1	-77,5	-11,5	0	-101,6
2091	11.08.2025 14:22:50,000	16,76	4,72	-0,9	-77,7	-11,5	0	-101,6
2092	11.08.2025 14:22:51,000	16,79	4,72	-0,9	-77,4	-11,7	0	-101,8
2093	11.08.2025 14:22:52,000	16,79	4,72	-1,0	-77,7	-11,3	0	-101,4
2094	11.08.2025 14:22:53,000	16,79	4,72	-1,0	-77,6	-11,5	0	-101,6
2095	11.08.2025 14:22:54,000	16,82	4,73	-1,0	-77,4	-11,5	0	-101,7
2096	11.08.2025 14:22:55,000	16,82	4,73	-1,1	-77,5	-11,4	0	-101,5
2097	11.08.2025 14:22:56,000	16,85	4,73	-1,2	-77,4	-11,4	0	-101,5
2098	11.08.2025 14:22:57,000	16,85	4,73	-0,9	-77,5	-11,6	0	-101,7
2099	11.08.2025 14:22:58,000	16,85	4,73	-0,8	-77,7	-11,5	0	-101,6
2100	11.08.2025 14:22:59,000	16,88	4,73	-1,1	-77,7	-11,2	0	-101,3
2101	11.08.2025 14:23:00,000	16,88	4,73	-0,9	-77,4	-11,7	0	-101,8
2102	11.08.2025 14:23:01,000	16,88	4,71	-0,9	-77,4	-11,7	0	-101,9
2103	11.08.2025 14:23:02,000	16,91	4,74	-1,3	-77,5	-11,3	0	-101,4
2104	11.08.2025 14:23:03,000	16,91	4,74	-1,2	-77,2	-11,6	0	-101,8
2105	11.08.2025 14:23:04,000	16,94	4,74	-0,9	-77,4	-11,6	0	-101,8
2106	11.08.2025 14:23:05,000	16,97	4,72	-1,1	-77,5	-11,4	0	-101,5
2107	11.08.2025 14:23:06,000	16,97	4,74	-1,0	-77,4	-11,6	0	-101,7
2108	11.08.2025 14:23:07,000	16,97	4,72	-0,9	-77,5	-11,6	0	-101,7
2109	11.08.2025 14:23:08,000	17,00	4,74	-0,9	-77,7	-11,4	0	-101,5
2110	11.08.2025 14:23:09,000	17,00	4,72	-0,9	-77,7	-11,4	0	-101,5
2111	11.08.2025 14:23:10,000	17,03	4,72	-0,8	-77,7	-11,5	0	-101,6
2112	11.08.2025 14:23:11,000	17,03	4,72	-0,9	-77,6	-11,5	0	-101,6
2113	11.08.2025 14:23:12,000	17,03	4,72	-1,2	-77,4	-11,5	0	-101,6
2114	11.08.2025 14:23:13,000	17,06	4,73	-1,1	-77,4	-11,5	0	-101,7
2115	11.08.2025 14:23:14,000	17,06	4,75	-1,1	-77,3	-11,5	0	-101,7
2116	11.08.2025 14:23:15,000	17,09	4,73	-0,9	-77,5	-11,6	0	-101,7
2117	11.08.2025 14:23:16,000	17,09	4,71	-0,9	-77,9	-11,2	0	-101,3
2118	11.08.2025 14:23:17,000	17,12	4,73	-1,0	-77,7	-11,4	0	-101,5
2119	11.08.2025 14:23:18,000	17,12	4,71	-0,6	-77,8	-11,6	0	-101,7
2120	11.08.2025 14:23:19,000	17,12	4,73	-0,8	-77,9	-11,3	0	-101,4
2121	11.08.2025 14:23:20,000	17,15	4,73	-1,0	-77,7	-11,3	0	-101,5
2122	11.08.2025 14:23:21,000	17,15	4,73	-0,9	-77,5	-11,7	0	-101,8
2123	11.08.2025 14:23:22,000	17,15	4,73	-1,0	-77,6	-11,4	0	-101,6
2124	11.08.2025 14:23:23,000	17,18	4,71	-0,9	-77,5	-11,6	0	-101,7
2125	11.08.2025 14:23:24,000	17,18	4,74	-0,8	-77,7	-11,4	0	-101,5
2126	11.08.2025 14:23:25,000	17,18	4,71	-0,9	-77,9	-11,2	0	-101,3
2127	11.08.2025 14:23:26,000	17,21	4,74	-0,9	-77,7	-11,4	0	-101,5
2128	11.08.2025 14:23:27,000	17,21	4,74	-0,8	-77,9	-11,3	0	-101,4
2129	11.08.2025 14:23:28,000	17,21	4,72	-0,9	-77,6	-11,5	0	-101,7
2130	11.08.2025 14:23:29,000	17,24	4,74	-1,0	-77,6	-11,4	0	-101,6
2131	11.08.2025 14:23:30,000	17,24	4,72	-1,0	-77,6	-11,5	0	-101,6
2132	11.08.2025 14:23:31,000	17,24	4,72	-1,1	-77,2	-11,7	0	-101,8
2133	11.08.2025 14:23:32,000	17,24	4,72	-1,0	-77,3	-11,7	0	-101,8
2134	11.08.2025 14:23:33,000	17,27	4,75	-1,3	-77,2	-11,5	0	-101,7
2135	11.08.2025 14:23:34,000	17,27	4,70	-1,1	-77,3	-11,6	0	-101,7
2136	11.08.2025 14:23:35,000	17,27	4,75	-0,9	-77,5	-11,6	0	-101,7
2137	11.08.2025 14:23:36,000	17,30	4,73	-0,8	-77,7	-11,5	0	-101,6
2138	11.08.2025 14:23:37,000	17,30	4,73	-0,9	-77,8	-11,2	0	-101,3
2139	11.08.2025 14:23:38,000	17,30	4,73	-0,9	-77,7	-11,5	0	-101,6
2140	11.08.2025 14:23:39,000	17,30	4,73	-0,9	-77,5	-11,6	0	-101,7
2141	11.08.2025 14:23:40,000	17,33	4,73	-1,3	-77,2	-11,5	0	-101,7
2142	11.08.2025 14:23:41,000	17,33	4,73	-1,4	-77,0	-11,6	0	-101,8
2143	11.08.2025 14:23:42,000	17,33	4,73	-1,1	-77,1	-11,7	0	-101,9
2144	11.08.2025 14:23:43,000	17,36	4,73	-1,1	-77,5	-11,5	0	-101,6
2145	11.08.2025 14:23:44,000	17,36	4,73	-1,0	-77,5	-11,5	0	-101,6
2146	11.08.2025 14:23:45,000	17,36	4,73	-0,8	-77,7	-11,5	0	-101,6
2147	11.08.2025 14:23:46,000	17,39	4,73	-0,9	-77,7	-11,4	0	-101,5
2148	11.08.2025 14:23:47,000	17,39	4,73	-0,9	-77,5	-11,6	0	-101,7
2149	11.08.2025 14:23:48,000	17,39	4,73	-1,1	-77,6	-11,3	0	-101,5
2150	11.08.2025 14:23:49,000	17,39	4,73	-1,1	-77,3	-11,6	0	-101,7
2151	11.08.2025 14:23:50,000	17,42	4,74	-1,1	-77,2	-11,8	0	-101,9
2152	11.08.2025 14:23:51,000	17,42	4,74	-1,1	-77,6	-11,3	0	-101,5
2153	11.08.2025 14:23:52,000	17,45	4,74	-1,0	-77,4	-11,5	0	-101,7
2154	11.08.2025 14:23:53,000	17,45	4,72	-0,9	-77,6	-11,6	0	-101,7
2155	11.08.2025 14:23:54,000	17,45	4,72	-1,1	-77,4	-11,5	0	-101,7
2156	11.08.2025 14:23:55,000	17,48	4,72	-1,1	-77,4	-11,5	0	-101,7
2157	11.08.2025 14:23:56,000	17,48	4,72	-1,0	-77,5	-11,5	0	-101,6
2158	11.08.2025 14:23:57,000	17,48	4,72	-1,1	-77,3	-11,6	0	-101,7
2159	11.08.2025 14:23:58,000	17,51	4,72	-0,9	-77,6	-11,6	0	-101,7
2160	11.08.2025 14:23:59,000	17,51	4,72	-0,8	-78,0	-11,2	0	-101,3
2161	11.08.2025 14:24:00,000	17,51	4,72	-0,7	-77,9	-11,4	0	-101,5
2162	11.08.2025 14:24:01,000	17,54	4,73	-0,6	-78,2	-11,3	0	-101,3
2163	11.08.2025 14:24:02,000	17,54	4,73	-0,9	-77,8	-11,3	0	-101,4
2164	11.08.2025 14:24:03,000	17,54	4,73	-1,1	-77,3	-11,6	0	-101,7
2165	11.08.2025 14:24:04,000	17,57	4,73	-1,1	-77,2	-11,7	0	-101,8
2166	11.08.2025 14:24:05,000	17,57	4,73	-1,6	-76,8	-11,6	0	-101,8
2167	11.08.2025 14:24:06,000	17,60	4,73	-1,5	-76,7	-11,7	0	-101,9
2168	11.08.2025 14:24:07,000	17,60	4,71	-1,2	-76,9	-11,9	0	-102,0
2169	11.08.2025 14:24:08,000	17,60	4,73	-1,3	-77,3	-11,4	0	-101,6
2170	11.08.2025 14:24:09,000	17,60	4,71	-0,9	-77,5	-11,5	0	-101,7
2171	11.08.2025 14:24:10,000	17,63	4,73	-0,7	-77,8	-11,5	0	-101,6
2172	11.08.2025 14:24:11,000	17,63	4,71	-0,9	-77,7	-11,4	0	-101,5
2173	11.08.2025 14:24:12,000	17,66	4,71	-1,0	-77,4	-11,6	0	-101,7
2174	11.08.2025 14:24:13,000	17,66	4,71	-1,2	-77,1	-11,7	0	-101,9
2175	11.08.2025 14:24:14,000	17,66	4,74	-1,4	-76,9	-11,7	0	-101,9
2176	11.08.2025 14:24:15,000	17,66	4,74	-1,4	-76,9	-11,7	0	-101,9
2177	11.08.2025 14:24:16,000	17,69	4,72	-1,3	-77,1	-11,5	0	-101,7
2178	11.08.2025 14:24:17,000	17,69	4,72	-1,1	-77,2	-11,7	0	-101,8
2179	11.08.2025 14:24:18,000	17,69	4,74	-1,0	-77,5	-11,5	0	-101,6
2180	11.08.2025 14:24:19,000	17,72	4,74	-0,9	-77,8	-11,3	0	-101,4
2181	11.08.2025 14:24:20,000	17,72	4,72	-0,9	-77,5	-11,6	0	-101,7
2182	11.08.2025 14:24:21,000	17,75	4,72	-1,1	-77,3	-11,6	0	-101,7
2183	11.08.2025 14:24:22,000	17,75	4,72	-1,3	-77,0	-11,6	0	-101,8
2184	11.08.2025 14:24:23,000	17,75	4,72	-1,4	-76,8	-11,7	0	-101,9
2185	11.08.2025 14:24:24,000	17,78	4,72	-1,4	-77,0	-11,7	0	-101,8
2186	11.08.2025 14:24:25,000	17,78	4,70	-1,3	-77,0	-11,7	0	-101,8
2187	11.08.2025 14:24:26,000	17,78	4,70	-1,1	-77,2	-11,7	0	-101,9
2188	11.08.2025 14:24:27,000	17,81	4,70	-0,9	-77,7	-11,4	0	-101,5
2189	11.08.2025 14:24:28,000	17,81	4,73	-0,9	-77,6	-11,5	0	-101,6
2190	11.08.2025 14:24:29,000	17,81	4,73	-1,0	-77,6	-11,5	0	-101,6
2191	11.08.2025 14:24:30,000	17,84	4,73	-1,1	-77,3	-11,6	0	-101,7
2192	11.08.2025 14:24:31,000	17,84	4,73	-1,3	-77,1	-11,6	0	-101,8
2193	11.08.2025 14:24:32,000	17,84	4,73	-1,3	-77,0	-11,7	0	-101,8
2194	11.08.2025 14:24:33,000	17,84	4,73	-1,3	-77,0	-11,7	0	-101,9
2195	11.08.2025 14:24:34,000	17,87	4,71	-1,4	-77,1	-11,6	0	-101,7
2196	11.08.2025 14:24:35,000	17,87	4,71	-1,0	-77,4	-11,6	0	-101,7
2197	11.08.2025 14:24:36,000	17,87	4,71	-1,0	-77,6	-11,4	0	-101,6
2198	11.08.2025 14:24:37,000	17,90	4,74	-0,9	-77,6	-11,5	0	-101,6
2199	11.08.2025 14:24:38,000	17,90	4,71	-1,0	-77,6	-11,4	0	-101,5
2200	11.08.2025 14:24:39,000	17,90	4,71	-1,1	-77,3	-11,6	0	-101,7
2201	11.08.2025 14:24:40,000	17,93	4,74	-1,1	-77,2	-11,7	0	-101,9
2202	11.08.2025 14:24:41,000	17,93	4,72	-1,4	-77,0	-11,6	0	-101,8
2203	11.08.2025 14:24:42,000	17,93	4,72	-1,5	-76,9	-11,5	0	-101,7
2204	11.08.2025 14:24:43,000	17,96	4,72	-1,3	-76,9	-11,8	0	-102,0
2205	11.08.2025 14:24:44,000	17,96	4,74	-1,1	-77,3	-11,6	0	-101,8
2206	11.08.2025 14:24:45,000	17,96	4,72	-1,0	-77,8	-11,2	0	-101,3
2207	11.08.2025 14:24:46,000	17,99	4,72	-0,8	-77,5	-11,7	0	-101,8
2208	11.08.2025 14:24:47,000	17,99	4,72	-1,0	-77,6	-11,4	0	-101,5
2209	11.08.2025 14:24:48,000	18,02	4,72	-1,1	-77,4	-11,5	0	-101,7
2210	11.08.2025 14:24:49,000	18,02	4,70	-1,0	-77,2	-11,7	0	-101,9
2211	11.08.2025 14:24:50,000	18,02	4,72	-1,2	-77,4	-11,4	0	-101,6
2212	11.08.2025 14:24:51,000	18,05	4,73	-1,3	-77,1	-11,6	0	-101,8
2213	11.08.2025 14:24:52,000	18,05	4,70	-1,3	-77,1	-11,7	0	-101,8
2214	11.08.2025 14:24:53,000	18,08	4,71	-1,0	-77,4	-11,7	0	-101,8
2215	11.08.2025 14:24:54,000	18,08	4,73	-1,1	-77,4	-11,5	0	-101,6
2216	11.08.2025 14:24:55,000	18,08	4,71	-1,2	-77,4	-11,4	0	-101,5
2217	11.08.2025 14:24:56,000	18,11	4,73	-1,0	-77,1	-11,9	0	-102,0
2218	11.08.2025 14:24:57,000	18,11	4,71	-1,4	-77,0	-11,6	0	-101,8
2219	11.08.2025 14:24:58,000	18,11	4,73	-1,5	-77,0	-11,5	0	-101,6
2220	11.08.2025 14:24:59,000	18,13	4,71	-1,4	-76,7	-11,8	0	-102,0
2221	11.08.2025 14:25:00,000	18,13	4,71	-1,4	-76,9	-11,7	0	-101,9
2222	11.08.2025 14:25:01,000	18,13	4,71	-1,2	-77,1	-11,7	0	-101,8
2223	11.08.2025 14:25:02,000	18,13	4,71	-1,2	-77,2	-11,7	0	-101,8
2224	11.08.2025 14:25:03,000	18,16	4,74	-1,1	-77,4	-11,4	0	-101,6
2225	11.08.2025 14:25:04,000	18,16	4,72	-1,2	-77,2	-11,7	0	-101,8
2226	11.08.2025 14:25:05,000	18,16	4,72	-1,1	-77,2	-11,6	0	-101,8
2227	11.08.2025 14:25:06,000	18,19	4,72	-1,2	-77,3	-11,5	0	-101,7
2228	11.08.2025 14:25:07,000	18,19	4,72	-1,3	-77,0	-11,8	0	-101,9
2229	11.08.2025 14:25:08,000	18,19	4,72	-1,3	-77,0	-11,7	0	-101,9
2230	11.08.2025 14:25:09,000	18,22	4,72	-1,3	-77,1	-11,5	0	-101,7
2231	11.08.2025 14:25:10,000	18,22	4,72	-1,4	-77,0	-11,6	0	-101,8
2232	11.08.2025 14:25:11,000	18,22	4,70	-1,1	-77,2	-11,7	0	-101,8
2233	11.08.2025 14:25:12,000	18,25	4,72	-1,1	-77,5	-11,4	0	-101,5
2234	11.08.2025 14:25:13,000	18,25	4,72	-1,1	-77,4	-11,5	0	-101,6
2235	11.08.2025 14:25:14,000	18,25	4,72	-1,0	-77,3	-11,7	0	-101,8
2236	11.08.2025 14:25:15,000	18,25	4,72	-1,2	-77,2	-11,6	0	-101,7
2237	11.08.2025 14:25:16,000	18,28	4,73	-1,4	-77,0	-11,6	0	-101,8
2238	11.08.2025 14:25:17,000	18,28	4,73	-1,2	-77,0	-11,8	0	-101,9
2239	11.08.2025 14:25:18,000	18,28	4,73	-1,1	-77,2	-11,7	0	-101,9
2240	11.08.2025 14:25:19,000	18,31	4,73	-1,3	-77,3	-11,4	0	-101,5
2241	11.08.2025 14:25:20,000	18,31	4,71	-1,1	-77,2	-11,7	0	-101,9
2242	11.08.2025 14:25:21,000	18,31	4,71	-0,9	-77,5	-11,6	0	-101,7
2243	11.08.2025 14:25:22,000	18,31	4,71	-1,1	-77,4	-11,5	0	-101,7
2244	11.08.2025 14:25:23,000	18,34	4,71	-1,2	-77,3	-11,5	0	-101,6
2245	11.08.2025 14:25:24,000	18,34	4,71	-1,1	-77,1	-11,8	0	-101,9
2246	11.08.2025 14:25:25,000	18,34	4,71	-1,2	-77,2	-11,6	0	-101,8
2247	11.08.2025 14:25:26,000	18,34	4,71	-1,4	-77,0	-11,6	0	-101,8
2248	11.08.2025 14:25:27,000	18,37	4,74	-1,1	-77,2	-11,6	0	-101,8
2249	11.08.2025 14:25:28,000	18,37	4,74	-1,1	-77,4	-11,5	0	-101,6
2250	11.08.2025 14:25:29,000	18,37	4,71	-1,1	-77,3	-11,5	0	-101,7
2251	11.08.2025 14:25:30,000	18,40	4,71	-1,2	-77,3	-11,5	0	-101,6
2252	11.08.2025 14:25:31,000	18,40	4,71	-1,1	-77,1	-11,7	0	-101,9
2253	11.08.2025 14:25:32,000	18,40	4,71	-1,3	-77,0	-11,7	0	-101,8
2254	11.08.2025 14:25:33,000	18,43	4,72	-1,4	-76,9	-11,7	0	-101,9
2255	11.08.2025 14:25:34,000	18,43	4,74	-1,5	-76,7	-11,8	0	-102,0
2256	11.08.2025 14:25:35,000	18,43	4,72	-1,5	-76,6	-11,8	0	-102,0
2257	11.08.2025 14:25:36,000	18,43	4,72	-1,5	-76,8	-11,7	0	-101,9
2258	11.08.2025 14:25:37,000	18,46	4,72	-1,4	-77,1	-11,6	0	-101,7
2259	11.08.2025 14:25:38,000	18,46	4,72	-1,0	-77,3	-11,7	0	-101,8
2260	11.08.2025 14:25:39,000	18,46	4,72	-0,9	-77,5	-11,5	0	-101,7
2261	11.08.2025 14:25:40,000	18,46	4,72	-1,0	-77,6	-11,4	0	-101,6
2262	11.08.2025 14:25:41,000	18,49	4,72	-1,0	-77,5	-11,5	0	-101,7
2263	11.08.2025 14:25:42,000	18,49	4,70	-1,3	-77,0	-11,7	0	-101,9
2264	11.08.2025 14:25:43,000	18,52	4,73	-1,4	-76,8	-11,8	0	-102,0
2265	11.08.2025 14:25:44,000	18,52	4,73	-1,6	-76,6	-11,7	0	-102,0
2266	11.08.2025 14:25:45,000	18,52	4,73	-1,5	-76,5	-12,0	0	-102,2
2267	11.08.2025 14:25:46,000	18,55	4,71	-1,1	-77,2	-11,6	0	-101,8
2268	11.08.2025 14:25:47,000	18,55	4,73	-1,1	-77,5	-11,4	0	-101,5
2269	11.08.2025 14:25:48,000	18,55	4,73	-0,9	-77,7	-11,5	0	-101,6
2270	11.08.2025 14:25:49,000	18,55	4,73	-0,8	-77,7	-11,5	0	-101,6
2271	11.08.2025 14:25:50,000	18,58	4,71	-1,0	-77,5	-11,5	0	-101,6
2272	11.08.2025 14:25:51,000	18,58	4,71	-1,1	-77,2	-11,6	0	-101,8
2273	11.08.2025 14:25:52,000	18,58	4,73	-1,5	-76,7	-11,8	0	-102,0
2274	11.08.2025 14:25:53,000	18,61	4,73	-1,6	-76,7	-11,7	0	-101,9
2275	11.08.2025 14:25:54,000	18,61	4,71	-1,4	-76,7	-11,9	0	-102,1
2276	11.08.2025 14:25:55,000	18,61	4,73	-1,3	-77,0	-11,7	0	-101,8
2277	11.08.2025 14:25:56,000	18,64	4,69	-1,0	-77,4	-11,6	0	-101,7
2278	11.08.2025 14:25:57,000	18,64	4,71	-0,9	-77,6	-11,5	0	-101,6
2279	11.08.2025 14:25:58,000	18,64	4,71	-0,9	-77,7	-11,4	0	-101,5
2280	11.08.2025 14:25:59,000	18,67	4,72	-1,0	-77,5	-11,5	0	-101,7
2281	11.08.2025 14:26:00,000	18,67	4,72	-1,3	-77,1	-11,7	0	-101,8
2282	11.08.2025 14:26:01,000	18,67	4,72	-1,3	-77,0	-11,7	0	-101,9
2283	11.08.2025 14:26:02,000	18,67	4,72	-1,4	-76,8	-11,8	0	-101,9
2284	11.08.2025 14:26:03,000	18,70	4,72	-1,4	-76,9	-11,7	0	-101,9
2285	11.08.2025 14:26:04,000	18,70	4,72	-1,3	-77,2	-11,5	0	-101,7
2286	11.08.2025 14:26:05,000	18,70	4,72	-1,1	-77,2	-11,7	0	-101,9
2287	11.08.2025 14:26:06,000	18,73	4,72	-0,9	-77,5	-11,6	0	-101,7
2288	11.08.2025 14:26:07,000	18,73	4,72	-1,0	-77,5	-11,4	0	-101,6
2289	11.08.2025 14:26:08,000	18,73	4,72	-1,1	-77,3	-11,6	0	-101,8
2290	11.08.2025 14:26:09,000	18,76	4,73	-1,2	-77,0	-11,8	0	-101,9
2291	11.08.2025 14:26:10,000	18,76	4,73	-1,5	-76,9	-11,6	0	-101,8
2292	11.08.2025 14:26:11,000	18,76	4,70	-1,4	-76,8	-11,8	0	-102,0
2293	11.08.2025 14:26:12,000	18,79	4,70	-1,2	-77,0	-11,8	0	-101,9
2294	11.08.2025 14:26:13,000	18,79	4,70	-1,3	-77,3	-11,4	0	-101,6
2295	11.08.2025 14:26:14,000	18,79	4,73	-1,1	-77,2	-11,7	0	-101,9
2296	11.08.2025 14:26:15,000	18,79	4,70	-1,0	-77,4	-11,6	0	-101,7
2297	11.08.2025 14:26:16,000	18,79	4,70	-1,1	-77,5	-11,5	0	-101,6
2298	11.08.2025 14:26:17,000	18,82	4,71	-1,2	-77,1	-11,7	0	-101,8
2299	11.08.2025 14:26:18,000	18,82	4,71	-1,2	-77,0	-11,7	0	-101,9
2300	11.08.2025 14:26:19,000	18,82	4,71	-1,2	-77,1	-11,8	0	-101,9
2301	11.08.2025 14:26:20,000	18,82	4,68	-1,4	-77,1	-11,5	0	-101,7
2302	11.08.2025 14:26:21,000	18,85	4,71	-1,4	-77,1	-11,6	0	-101,7
2303	11.08.2025 14:26:22,000	18,85	4,73	-1,1	-77,0	-11,9	0	-102,0
2304	11.08.2025 14:26:23,000	18,88	4,71	-1,1	-77,4	-11,5	0	-101,6
2305	11.08.2025 14:26:24,000	18,88	4,71	-1,1	-77,4	-11,5	0	-101,7
2306	11.08.2025 14:26:25,000	18,88	4,69	-1,0	-77,4	-11,6	0	-101,8
2307	11.08.2025 14:26:26,000	18,88	4,71	-1,0	-77,4	-11,7	0	-101,8
2308	11.08.2025 14:26:27,000	18,91	4,69	-1,3	-77,1	-11,6	0	-101,8
2309	11.08.2025 14:26:28,000	18,91	4,72	-1,4	-77,1	-11,6	0	-101,7
2310	11.08.2025 14:26:29,000	18,91	4,72	-1,2	-77,0	-11,8	0	-101,9
2311	11.08.2025 14:26:30,000	18,94	4,70	-1,2	-77,2	-11,6	0	-101,8
2312	11.08.2025 14:26:31,000	18,94	4,70	-1,2	-77,0	-11,8	0	-102,0
2313	11.08.2025 14:26:32,000	18,94	4,72	-1,1	-77,3	-11,6	0	-101,7
2314	11.08.2025 14:26:33,000	18,97	4,70	-1,0	-77,4	-11,6	0	-101,8
2315	11.08.2025 14:26:34,000	18,97	4,72	-1,0	-77,5	-11,5	0	-101,7
2316	11.08.2025 14:26:35,000	18,97	4,70	-1,2	-77,3	-11,5	0	-101,7
2317	11.08.2025 14:26:36,000	18,97	4,67	-1,3	-77,0	-11,7	0	-101,8
2318	11.08.2025 14:26:37,000	19,00	4,72	-1,2	-77,1	-11,7	0	-101,8
2319	11.08.2025 14:26:38,000	19,00	4,70	-1,2	-77,2	-11,6	0	-101,7
2320	11.08.2025 14:26:39,000	19,03	4,70	-1,3	-77,1	-11,6	0	-101,8
2321	11.08.2025 14:26:40,000	19,03	4,70	-1,1	-77,3	-11,6	0	-101,8
2322	11.08.2025 14:26:41,000	19,03	4,73	-1,1	-77,4	-11,5	0	-101,7
2323	11.08.2025 14:26:42,000	19,03	4,70	-0,9	-77,4	-11,7	0	-101,8
2324	11.08.2025 14:26:43,000	19,05	4,71	-1,0	-77,5	-11,5	0	-101,7
2325	11.08.2025 14:26:44,000	19,05	4,71	-1,2	-77,2	-11,6	0	-101,7
2326	11.08.2025 14:26:45,000	19,08	4,73	-1,3	-77,1	-11,6	0	-101,7
2327	11.08.2025 14:26:46,000	19,08	4,71	-1,2	-77,1	-11,7	0	-101,8
2328	11.08.2025 14:26:47,000	19,08	4,69	-1,4	-77,1	-11,5	0	-101,7
2329	11.08.2025 14:26:48,000	19,08	4,71	-1,2	-77,0	-11,8	0	-101,9
2330	11.08.2025 14:26:49,000	19,11	4,69	-1,0	-77,4	-11,6	0	-101,7
2331	11.08.2025 14:26:50,000	19,11	4,71	-1,1	-77,5	-11,4	0	-101,6
2332	11.08.2025 14:26:51,000	19,11	4,71	-1,1	-77,3	-11,6	0	-101,7
2333	11.08.2025 14:26:52,000	19,14	4,72	-1,0	-77,4	-11,6	0	-101,8
2334	11.08.2025 14:26:53,000	19,14	4,72	-1,2	-77,2	-11,6	0	-101,7
2335	11.08.2025 14:26:54,000	19,14	4,72	-1,2	-77,1	-11,7	0	-101,8
2336	11.08.2025 14:26:55,000	19,17	4,69	-1,1	-77,2	-11,6	0	-101,8
2337	11.08.2025 14:26:56,000	19,17	4,69	-1,3	-77,2	-11,6	0	-101,8
2338	11.08.2025 14:26:57,000	19,17	4,72	-1,2	-77,1	-11,7	0	-101,9
2339	11.08.2025 14:26:58,000	19,17	4,69	-1,1	-77,4	-11,5	0	-101,6
2340	11.08.2025 14:26:59,000	19,20	4,72	-1,1	-77,4	-11,6	0	-101,7
2341	11.08.2025 14:27:00,000	19,20	4,70	-1,1	-77,3	-11,6	0	-101,8
2342	11.08.2025 14:27:01,000	19,20	4,70	-1,2	-77,3	-11,5	0	-101,6
2343	11.08.2025 14:27:02,000	19,20	4,70	-1,1	-77,2	-11,6	0	-101,8
2344	11.08.2025 14:27:03,000	19,23	4,72	-1,3	-77,0	-11,7	0	-101,9
2345	11.08.2025 14:27:04,000	19,23	4,72	-1,2	-77,0	-11,8	0	-101,9
2346	11.08.2025 14:27:05,000	19,23	4,70	-1,3	-77,1	-11,6	0	-101,8
2347	11.08.2025 14:27:06,000	19,23	4,70	-1,2	-77,2	-11,6	0	-101,7
2348	11.08.2025 14:27:07,000	19,26	4,73	-0,9	-77,2	-11,9	0	-102,0
2349	11.08.2025 14:27:08,000	19,26	4,70	-1,3	-77,3	-11,4	0	-101,6
2350	11.08.2025 14:27:09,000	19,26	4,70	-1,2	-77,2	-11,5	0	-101,7
2351	11.08.2025 14:27:10,000	19,26	4,70	-1,0	-77,2	-11,8	0	-101,9
2352	11.08.2025 14:27:11,000	19,26	4,70	-1,2	-77,1	-11,7	0	-101,8
2353	11.08.2025 14:27:12,000	19,29	4,73	-1,5	-77,0	-11,5	0	-101,7
2354	11.08.2025 14:27:13,000	19,29	4,71	-1,4	-76,6	-11,9	0	-102,1
2355	11.08.2025 14:27:14,000	19,29	4,71	-1,4	-76,8	-11,8	0	-101,9
2356	11.08.2025 14:27:15,000	19,29	4,68	-1,3	-76,9	-11,9	0	-102,0
2357	11.08.2025 14:27:16,000	19,32	4,69	-1,3	-76,7	-12,0	0	-102,2
2358	11.08.2025 14:27:17,000	19,32	4,73	-0,9	-76,4	-12,7	0	-102,9
2359	11.08.2025 14:27:18,000	19,32	4,71	-0,9	-75,6	-13,5	0	-103,6
2360	11.08.2025 14:27:19,000	19,35	4,74	-0,9	-75,1	-14,0	0	-104,1
2361	11.08.2025 14:27:20,000	19,35	4,69	-1,6	-74,9	-13,5	0	-103,7
2362	11.08.2025 14:27:21,000	19,35	4,71	-2,5	-73,9	-13,6	0	-104,0
2363	11.08.2025 14:27:22,000	19,35	4,71	-1,8	-74,4	-13,8	0	-104,0
2364	11.08.2025 14:27:23,000	19,35	4,71	-1,2	-75,6	-13,2	0	-103,4
2365	11.08.2025 14:27:24,000	19,38	4,69	-0,2	-77,4	-12,4	0	-102,4
2366	11.08.2025 14:27:25,000	19,38	4,71	0,9	-77,6	-11,5	0	-101,6
2367	11.08.2025 14:27:26,000	19,38	4,71	2,0	-77,1	-10,9	0	-101,1
2368	11.08.2025 14:27:27,000	19,41	4,72	2,4	-77,1	-10,5	0	-100,7
2369	11.08.2025 14:27:28,000	19,41	4,72	2,1	-77,2	-10,7	0	-100,9
2370	11.08.2025 14:27:29,000	19,41	4,72	1,0	-78,0	-11,0	0	-101,1
2371	11.08.2025 14:27:30,000	19,44	4,72	0,1	-78,0	-11,9	0	-101,9
2372	11.08.2025 14:27:31,000	19,44	4,72	-0,3	-78,1	-11,7	0	-101,7
2373	11.08.2025 14:27:32,000	19,44	4,70	0,1	-78,4	-11,5	0	-101,5
2374	11.08.2025 14:27:33,000	19,44	4,72	1,2	-78,1	-10,7	0	-100,9
2375	11.08.2025 14:27:34,000	19,47	4,70	2,0	-77,8	-10,2	0	-100,4
2376	11.08.2025 14:27:35,000	19,47	4,70	2,1	-77,7	-10,2	0	-100,4
2377	11.08.2025 14:27:36,000	19,47	4,70	1,8	-77,9	-10,4	0	-100,6
2378	11.08.2025 14:27:37,000	19,47	4,70	1,0	-78,5	-10,5	0	-100,6
2379	11.08.2025 14:27:38,000	19,50	4,73	0,3	-78,3	-11,4	0	-101,4
2380	11.08.2025 14:27:39,000	19,50	4,70	-0,7	-78,0	-11,3	0	-101,4
2381	11.08.2025 14:27:40,000	19,50	4,73	-1,5	-76,3	-12,2	0	-102,4
2382	11.08.2025 14:27:41,000	19,50	4,73	-2,2	-75,7	-12,1	0	-102,4
2383	11.08.2025 14:27:42,000	19,53	4,71	-2,5	-75,4	-12,1	0	-102,4
2384	11.08.2025 14:27:43,000	19,53	4,71	-2,8	-74,8	-12,4	0	-102,7
2385	11.08.2025 14:27:44,000	19,53	4,71	-2,9	-74,4	-12,6	0	-103,0
2386	11.08.2025 14:27:45,000	19,56	4,71	-2,8	-74,8	-12,4	0	-102,8
2387	11.08.2025 14:27:46,000	19,56	4,71	-2,6	-75,3	-12,1	0	-102,4
2388	11.08.2025 14:27:47,000	19,56	4,73	-2,3	-75,7	-12,0	0	-102,3
2389	11.08.2025 14:27:48,000	19,56	4,71	-2,2	-75,9	-11,9	0	-102,1
2390	11.08.2025 14:27:49,000	19,59	4,71	-1,9	-76,0	-12,1	0	-102,4
2391	11.08.2025 14:27:50,000	19,59	4,69	-1,9	-76,7	-11,4	0	-101,7
2392	11.08.2025 14:27:51,000	19,59	4,71	-1,8	-76,9	-11,4	0	-101,6
2393	11.08.2025 14:27:52,000	19,62	4,69	-1,8	-76,3	-11,9	0	-102,1
2394	11.08.2025 14:27:53,000	19,62	4,71	-1,9	-76,5	-11,6	0	-101,9
2395	11.08.2025 14:27:54,000	19,62	4,71	-1,6	-77,0	-11,5	0	-101,7
2396	11.08.2025 14:27:55,000	19,65	4,72	-1,5	-77,2	-11,3	0	-101,5
2397	11.08.2025 14:27:56,000	19,65	4,69	-1,5	-77,0	-11,5	0	-101,7
2398	11.08.2025 14:27:57,000	19,65	4,72	-1,5	-77,1	-11,4	0	-101,5
2399	11.08.2025 14:27:58,000	19,65	4,69	-1,4	-77,1	-11,5	0	-101,7
2400	11.08.2025 14:27:59,000	19,67	4,70	-1,3	-77,5	-11,2	0	-101,3
2401	11.08.2025 14:28:00,000	19,67	4,72	-1,4	-77,5	-11,1	0	-101,2
2402	11.08.2025 14:28:01,000	19,67	4,70	-1,5	-77,7	-10,9	0	-101,0
2403	11.08.2025 14:28:02,000	19,67	4,72	-1,6	-77,3	-11,1	0	-101,3
2404	11.08.2025 14:28:03,000	19,70	4,72	-1,5	-77,0	-11,4	0	-101,6
2405	11.08.2025 14:28:04,000	19,70	4,70	-1,5	-77,1	-11,4	0	-101,6
2406	11.08.2025 14:28:05,000	19,70	4,70	-1,5	-77,5	-11,0	0	-101,2
2407	11.08.2025 14:28:06,000	19,70	4,70	-1,6	-77,2	-11,2	0	-101,4
2408	11.08.2025 14:28:07,000	19,73	4,70	-1,5	-77,2	-11,2	0	-101,4
2409	11.08.2025 14:28:08,000	19,73	4,70	-1,5	-77,1	-11,4	0	-101,6
2410	11.08.2025 14:28:09,000	19,73	4,73	-1,8	-77,0	-11,1	0	-101,4
2411	11.08.2025 14:28:10,000	19,73	4,70	-1,8	-76,9	-11,4	0	-101,6
2412	11.08.2025 14:28:11,000	19,73	4,70	-2,0	-76,7	-11,2	0	-101,5
2413	11.08.2025 14:28:12,000	19,76	4,70	-1,8	-76,7	-11,4	0	-101,7
2414	11.08.2025 14:28:13,000	19,76	4,70	-2,0	-76,8	-11,2	0	-101,4
2415	11.08.2025 14:28:14,000	19,76	4,70	-1,7	-76,9	-11,4	0	-101,6
2416	11.08.2025 14:28:15,000	19,76	4,70	-1,7	-76,8	-11,5	0	-101,7
2417	11.08.2025 14:28:16,000	19,79	4,68	-1,7	-77,1	-11,2	0	-101,4
2418	11.08.2025 14:28:17,000	19,79	4,71	-1,9	-76,8	-11,3	0	-101,6
2419	11.08.2025 14:28:18,000	19,79	4,71	-1,9	-77,0	-11,1	0	-101,3
2420	11.08.2025 14:28:19,000	19,79	4,71	-2,0	-76,8	-11,2	0	-101,4
2421	11.08.2025 14:28:20,000	19,82	4,71	-2,1	-76,7	-11,2	0	-101,4
2422	11.08.2025 14:28:21,000	19,82	4,71	-2,0	-76,5	-11,5	0	-101,8
2423	11.08.2025 14:28:22,000	19,82	4,69	-2,0	-76,9	-11,1	0	-101,4
2424	11.08.2025 14:28:23,000	19,82	4,71	-1,8	-76,9	-11,3	0	-101,5
2425	11.08.2025 14:28:24,000	19,85	4,71	-1,7	-77,2	-11,1	0	-101,3
2426	11.08.2025 14:28:25,000	19,85	4,69	-1,7	-77,0	-11,3	0	-101,5
2427	11.08.2025 14:28:26,000	19,85	4,67	-1,9	-76,7	-11,4	0	-101,7
2428	11.08.2025 14:28:27,000	19,88	4,72	-2,0	-77,2	-10,9	0	-101,1
2429	11.08.2025 14:28:28,000	19,88	4,72	-1,9	-76,5	-11,6	0	-101,9
2430	11.08.2025 14:28:29,000	19,88	4,69	-2,0	-76,8	-11,2	0	-101,4
2431	11.08.2025 14:28:30,000	19,88	4,69	-2,0	-76,7	-11,2	0	-101,5
2432	11.08.2025 14:28:31,000	19,91	4,70	-2,0	-76,8	-11,2	0	-101,4
2433	11.08.2025 14:28:32,000	19,91	4,70	-2,1	-76,8	-11,1	0	-101,4
2434	11.08.2025 14:28:33,000	19,91	4,70	-2,1	-76,7	-11,2	0	-101,5
2435	11.08.2025 14:28:34,000	19,94	4,72	-2,1	-76,6	-11,3	0	-101,5
2436	11.08.2025 14:28:35,000	19,94	4,70	-2,1	-76,5	-11,4	0	-101,6
2437	11.08.2025 14:28:36,000	19,94	4,70	-2,0	-76,9	-11,2	0	-101,4
2438	11.08.2025 14:28:37,000	19,94	4,72	-2,0	-76,8	-11,2	0	-101,4
2439	11.08.2025 14:28:38,000	19,97	4,72	-1,9	-77,1	-11,0	0	-101,2
2440	11.08.2025 14:28:39,000	19,97	4,70	-2,0	-76,8	-11,2	0	-101,5
2441	11.08.2025 14:28:40,000	19,97	4,70	-1,9	-76,7	-11,3	0	-101,6
2442	11.08.2025 14:28:41,000	19,97	4,70	-2,0	-76,7	-11,3	0	-101,6
2443	11.08.2025 14:28:42,000	20,00	4,73	-2,3	-76,5	-11,2	0	-101,5
2444	11.08.2025 14:28:43,000	20,00	4,70	-2,0	-76,4	-11,6	0	-101,8
2445	11.08.2025 14:28:44,000	20,00	4,68	-2,3	-76,3	-11,3	0	-101,6
2446	11.08.2025 14:28:45,000	20,00	4,70	-2,0	-76,8	-11,2	0	-101,4
2447	11.08.2025 14:28:46,000	20,03	4,71	-2,1	-76,7	-11,3	0	-101,5
2448	11.08.2025 14:28:47,000	20,03	4,71	-1,9	-77,0	-11,1	0	-101,3
2449	11.08.2025 14:28:48,000	20,03	4,71	-1,9	-76,5	-11,6	0	-101,8
2450	11.08.2025 14:28:49,000	20,03	4,71	-1,9	-77,1	-11,0	0	-101,2
2451	11.08.2025 14:28:50,000	20,03	4,71	-1,8	-76,8	-11,4	0	-101,6
2452	11.08.2025 14:28:51,000	20,06	4,71	-2,0	-76,8	-11,2	0	-101,5
2453	11.08.2025 14:28:52,000	20,06	4,69	-1,8	-76,9	-11,3	0	-101,5
2454	11.08.2025 14:28:53,000	20,06	4,71	-2,0	-76,7	-11,3	0	-101,5
2455	11.08.2025 14:28:54,000	20,09	4,71	-1,8	-77,1	-11,1	0	-101,3
2456	11.08.2025 14:28:55,000	20,09	4,71	-1,8	-76,7	-11,5	0	-101,7
2457	11.08.2025 14:28:56,000	20,09	4,69	-1,9	-77,1	-10,9	0	-101,2
2458	11.08.2025 14:28:57,000	20,09	4,71	-1,9	-77,0	-11,1	0	-101,3
2459	11.08.2025 14:28:58,000	20,12	4,69	-1,9	-77,0	-11,1	0	-101,3
2460	11.08.2025 14:28:59,000	20,12	4,69	-1,9	-77,1	-11,0	0	-101,2
2461	11.08.2025 14:29:00,000	20,12	4,69	-1,8	-77,1	-11,0	0	-101,3
2462	11.08.2025 14:29:01,000	20,12	4,71	-1,8	-77,1	-11,1	0	-101,4
2463	11.08.2025 14:29:02,000	20,15	4,72	-1,9	-77,0	-11,1	0	-101,4
2464	11.08.2025 14:29:03,000	20,15	4,69	-1,7	-77,4	-10,9	0	-101,1
2465	11.08.2025 14:29:04,000	20,15	4,69	-1,8	-76,8	-11,5	0	-101,7
2466	11.08.2025 14:29:05,000	20,15	4,69	-2,0	-76,9	-11,2	0	-101,4
2467	11.08.2025 14:29:06,000	20,15	4,67	-1,9	-76,6	-11,5	0	-101,7
2468	11.08.2025 14:29:07,000	20,17	4,72	-1,9	-76,8	-11,3	0	-101,5
2469	11.08.2025 14:29:08,000	20,17	4,70	-2,3	-76,4	-11,4	0	-101,6
2470	11.08.2025 14:29:09,000	20,17	4,67	-2,5	-76,0	-11,4	0	-101,8
2471	11.08.2025 14:29:10,000	20,17	4,70	-2,6	-76,2	-11,2	0	-101,5
2472	11.08.2025 14:29:11,000	20,20	4,70	-2,7	-75,9	-11,5	0	-101,8
2473	11.08.2025 14:29:12,000	20,20	4,70	-2,5	-76,2	-11,3	0	-101,6
2474	11.08.2025 14:29:13,000	20,20	4,70	-2,4	-76,1	-11,5	0	-101,8
2475	11.08.2025 14:29:14,000	20,20	4,70	-2,2	-76,6	-11,2	0	-101,4
2476	11.08.2025 14:29:15,000	20,20	4,70	-2,1	-76,7	-11,2	0	-101,4
2477	11.08.2025 14:29:16,000	20,23	4,70	-2,0	-76,8	-11,1	0	-101,4
2478	11.08.2025 14:29:17,000	20,23	4,73	-2,2	-76,7	-11,2	0	-101,4
2479	11.08.2025 14:29:18,000	20,23	4,70	-2,0	-76,8	-11,2	0	-101,4
2480	11.08.2025 14:29:19,000	20,23	4,70	-2,1	-76,5	-11,4	0	-101,6
2481	11.08.2025 14:29:20,000	20,23	4,70	-2,0	-76,7	-11,3	0	-101,6
2482	11.08.2025 14:29:21,000	20,26	4,71	-1,9	-77,1	-11,1	0	-101,3
2483	11.08.2025 14:29:22,000	20,26	4,71	-2,0	-76,6	-11,4	0	-101,7
2484	11.08.2025 14:29:23,000	20,26	4,71	-2,0	-76,8	-11,2	0	-101,4
2485	11.08.2025 14:29:24,000	20,26	4,71	-2,2	-76,6	-11,2	0	-101,5
2486	11.08.2025 14:29:25,000	20,29	4,68	-2,2	-76,4	-11,4	0	-101,6
2487	11.08.2025 14:29:26,000	20,29	4,68	-2,2	-76,3	-11,5	0	-101,7
2488	11.08.2025 14:29:27,000	20,29	4,71	-2,1	-76,4	-11,4	0	-101,7
2489	11.08.2025 14:29:28,000	20,29	4,71	-1,8	-77,2	-11,1	0	-101,3
2490	11.08.2025 14:29:29,000	20,32	4,71	-1,8	-76,8	-11,4	0	-101,7
2491	11.08.2025 14:29:30,000	20,32	4,69	-2,0	-77,0	-11,0	0	-101,2
2492	11.08.2025 14:29:31,000	20,32	4,69	-1,9	-76,8	-11,2	0	-101,5
2493	11.08.2025 14:29:32,000	20,32	4,69	-2,1	-76,7	-11,2	0	-101,4
2494	11.08.2025 14:29:33,000	20,32	4,69	-2,0	-76,6	-11,4	0	-101,6
2495	11.08.2025 14:29:34,000	20,35	4,69	-2,1	-76,7	-11,2	0	-101,4
2496	11.08.2025 14:29:35,000	20,38	4,60	-2,0	-76,5	-11,5	0	-101,7
2497	11.08.2025 14:29:36,000	20,41	4,58	-2,2	-76,4	-11,4	0	-101,7
2498	11.08.2025 14:29:37,000	20,44	4,60	-2,0	-76,7	-11,3	0	-101,6
2499	11.08.2025 14:29:38,000	20,44	4,60	-2,2	-76,4	-11,4	0	-101,7
2500	11.08.2025 14:29:39,000	20,44	4,60	-2,0	-77,1	-10,9	0	-101,1
2501	11.08.2025 14:29:40,000	20,47	4,61	-2,0	-76,9	-11,1	0	-101,3
2502	11.08.2025 14:29:41,000	20,47	4,58	-2,0	-76,8	-11,2	0	-101,4
2503	11.08.2025 14:29:42,000	20,47	4,61	-2,2	-76,4	-11,4	0	-101,7
2504	11.08.2025 14:29:43,000	20,50	4,59	-2,3	-76,4	-11,4	0	-101,6
2505	11.08.2025 14:29:44,000	20,50	4,61	-2,0	-76,9	-11,1	0	-101,3
2506	11.08.2025 14:29:45,000	20,50	4,59	-2,1	-76,8	-11,1	0	-101,4
2507	11.08.2025 14:29:46,000	20,50	4,59	-2,0	-76,8	-11,2	0	-101,4
2508	11.08.2025 14:29:47,000	20,50	4,59	-2,2	-76,5	-11,3	0	-101,5
2509	11.08.2025 14:29:48,000	20,53	4,59	-2,1	-77,0	-11,0	0	-101,2
2510	11.08.2025 14:29:49,000	20,53	4,61	-1,8	-76,7	-11,5	0	-101,7
2511	11.08.2025 14:29:50,000	20,53	4,59	-2,0	-76,9	-11,1	0	-101,4
2512	11.08.2025 14:29:51,000	20,56	4,62	-1,9	-76,5	-11,6	0	-101,8
2513	11.08.2025 14:29:52,000	20,56	4,59	-2,0	-76,8	-11,2	0	-101,5
2514	11.08.2025 14:29:53,000	20,56	4,59	-2,1	-76,7	-11,2	0	-101,4
2515	11.08.2025 14:29:54,000	20,56	4,59	-2,0	-76,3	-11,6	0	-101,9
2516	11.08.2025 14:29:55,000	20,59	4,62	-2,0	-77,1	-10,9	0	-101,2
2517	11.08.2025 14:29:56,000	20,59	4,57	-1,9	-76,5	-11,6	0	-101,8
2518	11.08.2025 14:29:57,000	20,59	4,62	-1,8	-77,2	-11,0	0	-101,2
2519	11.08.2025 14:29:58,000	20,59	4,62	-2,0	-76,8	-11,2	0	-101,5
2520	11.08.2025 14:29:59,000	20,62	4,62	-2,0	-76,7	-11,3	0	-101,5
2521	11.08.2025 14:30:00,000	20,62	4,62	-2,1	-76,9	-11,0	0	-101,2
2522	11.08.2025 14:30:01,000	20,62	4,62	-2,2	-76,7	-11,1	0	-101,4
2523	11.08.2025 14:30:02,000	20,62	4,60	-2,1	-76,7	-11,3	0	-101,5
2524	11.08.2025 14:30:03,000	20,62	4,62	-2,3	-76,1	-11,6	0	-101,9
2525	11.08.2025 14:30:04,000	20,64	4,62	-2,2	-76,8	-11,0	0	-101,3
2526	11.08.2025 14:30:05,000	20,64	4,65	-1,9	-76,7	-11,4	0	-101,6
2527	11.08.2025 14:30:06,000	20,64	4,62	-2,0	-76,9	-11,2	0	-101,4
2528	11.08.2025 14:30:07,000	20,64	4,62	-1,9	-77,0	-11,2	0	-101,4
2529	11.08.2025 14:30:08,000	20,64	4,65	-2,1	-76,7	-11,1	0	-101,4
2530	11.08.2025 14:30:09,000	20,67	4,63	-1,9	-76,9	-11,2	0	-101,4
2531	11.08.2025 14:30:10,000	20,67	4,60	-2,1	-76,6	-11,3	0	-101,6
2532	11.08.2025 14:30:11,000	20,67	4,60	-2,1	-76,8	-11,0	0	-101,3
2533	11.08.2025 14:30:12,000	20,67	4,63	-2,1	-76,5	-11,4	0	-101,6
2534	11.08.2025 14:30:13,000	20,67	4,63	-2,4	-76,4	-11,2	0	-101,5
2535	11.08.2025 14:30:14,000	20,67	4,60	-2,3	-76,5	-11,2	0	-101,5
2536	11.08.2025 14:30:15,000	20,70	4,61	-2,4	-76,3	-11,2	0	-101,5
2537	11.08.2025 14:30:16,000	20,70	4,61	-2,2	-76,6	-11,2	0	-101,5
2538	11.08.2025 14:30:17,000	20,70	4,63	-2,0	-76,7	-11,4	0	-101,6
2539	11.08.2025 14:30:18,000	20,70	4,63	-1,7	-77,4	-10,9	0	-101,1
2540	11.08.2025 14:30:19,000	20,70	4,61	-1,5	-77,3	-11,2	0	-101,4
2541	11.08.2025 14:30:20,000	20,70	4,61	-1,5	-77,9	-10,6	0	-100,8
2542	11.08.2025 14:30:21,000	20,70	4,63	-1,6	-77,3	-11,1	0	-101,3
2543	11.08.2025 14:30:22,000	20,73	4,61	-1,8	-77,3	-10,9	0	-101,1
2544	11.08.2025 14:30:23,000	20,73	4,63	-2,0	-77,0	-11,1	0	-101,3
2545	11.08.2025 14:30:24,000	20,73	4,61	-2,0	-76,7	-11,3	0	-101,6
2546	11.08.2025 14:30:25,000	20,73	4,61	-1,9	-76,7	-11,3	0	-101,6
2547	11.08.2025 14:30:26,000	20,73	4,61	-2,2	-76,4	-11,4	0	-101,7
2548	11.08.2025 14:30:27,000	20,76	4,64	-2,1	-76,8	-11,1	0	-101,4
2549	11.08.2025 14:30:28,000	20,76	4,61	-2,1	-76,6	-11,2	0	-101,5
2550	11.08.2025 14:30:29,000	20,76	4,64	-2,1	-76,9	-11,1	0	-101,3
2551	11.08.2025 14:30:30,000	20,76	4,64	-2,0	-76,8	-11,2	0	-101,4
2552	11.08.2025 14:30:31,000	20,76	4,61	-2,2	-76,5	-11,3	0	-101,6
2553	11.08.2025 14:30:32,000	20,79	4,64	-1,9	-76,8	-11,3	0	-101,6
2554	11.08.2025 14:30:33,000	20,79	4,64	-2,1	-76,3	-11,5	0	-101,8
2555	11.08.2025 14:30:34,000	20,79	4,64	-2,1	-77,1	-10,9	0	-101,1
2556	11.08.2025 14:30:35,000	20,79	4,64	-2,2	-76,3	-11,5	0	-101,8
2557	11.08.2025 14:30:36,000	20,79	4,64	-2,3	-76,7	-11,1	0	-101,3
2558	11.08.2025 14:30:37,000	20,79	4,62	-2,5	-76,1	-11,5	0	-101,8
2559	11.08.2025 14:30:38,000	20,82	4,62	-2,5	-76,3	-11,2	0	-101,5
2560	11.08.2025 14:30:39,000	20,82	4,62	-2,3	-76,2	-11,6	0	-101,8
2561	11.08.2025 14:30:40,000	20,82	4,64	-2,3	-76,0	-11,7	0	-102,0
2562	11.08.2025 14:30:41,000	20,82	4,62	-2,2	-76,3	-11,5	0	-101,8
2563	11.08.2025 14:30:42,000	20,82	4,62	-2,4	-76,3	-11,3	0	-101,6
2564	11.08.2025 14:30:43,000	20,85	4,62	-2,5	-76,3	-11,2	0	-101,5
2565	11.08.2025 14:30:44,000	20,85	4,62	-2,5	-76,1	-11,4	0	-101,7
2566	11.08.2025 14:30:45,000	20,85	4,64	-2,5	-76,1	-11,4	0	-101,7
2567	11.08.2025 14:30:46,000	20,85	4,64	-2,4	-76,2	-11,4	0	-101,7
2568	11.08.2025 14:30:47,000	20,85	4,64	-2,4	-76,0	-11,6	0	-101,9
2569	11.08.2025 14:30:48,000	20,88	4,65	-2,3	-76,4	-11,2	0	-101,5
2570	11.08.2025 14:30:49,000	20,88	4,62	-2,1	-76,2	-11,7	0	-102,0
2571	11.08.2025 14:30:50,000	20,88	4,62	-2,1	-76,8	-11,2	0	-101,4
2572	11.08.2025 14:30:51,000	20,88	4,62	-2,0	-76,9	-11,1	0	-101,3
2573	11.08.2025 14:30:52,000	20,91	4,65	-1,8	-77,0	-11,2	0	-101,4
2574	11.08.2025 14:30:53,000	20,91	4,63	-1,7	-77,3	-11,0	0	-101,2
2575	11.08.2025 14:30:54,000	20,91	4,63	-1,8	-76,9	-11,2	0	-101,4
2576	11.08.2025 14:30:55,000	20,91	4,63	-1,8	-77,1	-11,1	0	-101,3
2577	11.08.2025 14:30:56,000	20,94	4,63	-1,6	-77,2	-11,2	0	-101,4
2578	11.08.2025 14:30:57,000	20,94	4,63	-1,6	-76,9	-11,5	0	-101,7
2579	11.08.2025 14:30:58,000	20,94	4,63	-1,8	-77,0	-11,3	0	-101,5
2580	11.08.2025 14:30:59,000	20,94	4,63	-1,8	-77,4	-10,8	0	-101,1
2581	11.08.2025 14:31:00,000	20,94	4,63	-1,9	-76,8	-11,3	0	-101,6
2582	11.08.2025 14:31:01,000	20,97	4,63	-2,2	-76,7	-11,2	0	-101,4
2583	11.08.2025 14:31:02,000	20,97	4,63	-2,3	-76,0	-11,7	0	-102,0
2584	11.08.2025 14:31:03,000	20,97	4,63	-2,3	-76,1	-11,6	0	-101,9
2585	11.08.2025 14:31:04,000	20,97	4,63	-2,5	-75,9	-11,5	0	-101,8
2586	11.08.2025 14:31:05,000	20,97	4,63	-2,5	-75,7	-11,8	0	-102,1
2587	11.08.2025 14:31:06,000	21,00	4,63	-2,6	-75,9	-11,5	0	-101,8
2588	11.08.2025 14:31:07,000	21,00	4,63	-2,7	-75,6	-11,7	0	-102,1
2589	11.08.2025 14:31:08,000	21,00	4,63	-2,6	-75,9	-11,5	0	-101,8
2590	11.08.2025 14:31:09,000	21,00	4,63	-2,3	-76,1	-11,6	0	-101,9
2591	11.08.2025 14:31:10,000	21,00	4,61	-2,5	-76,3	-11,3	0	-101,5
2592	11.08.2025 14:31:11,000	21,03	4,64	-2,2	-76,6	-11,2	0	-101,4
2593	11.08.2025 14:31:12,000	21,03	4,61	-2,1	-76,4	-11,5	0	-101,8
2594	11.08.2025 14:31:13,000	21,03	4,61	-1,9	-76,9	-11,2	0	-101,4
2595	11.08.2025 14:31:14,000	21,03	4,64	-1,9	-77,0	-11,1	0	-101,3
2596	11.08.2025 14:31:15,000	21,03	4,64	-1,8	-77,2	-11,0	0	-101,2
2597	11.08.2025 14:31:16,000	21,05	4,62	-2,0	-76,7	-11,4	0	-101,6
2598	11.08.2025 14:31:17,000	21,05	4,64	-2,0	-76,6	-11,4	0	-101,7
2599	11.08.2025 14:31:18,000	21,05	4,64	-2,5	-76,1	-11,4	0	-101,7
2600	11.08.2025 14:31:19,000	21,05	4,64	-2,6	-75,9	-11,5	0	-101,8
2601	11.08.2025 14:31:20,000	21,05	4,64	-2,7	-75,7	-11,6	0	-101,9
2602	11.08.2025 14:31:21,000	21,08	4,64	-2,8	-75,5	-11,7	0	-102,0
2603	11.08.2025 14:31:22,000	21,08	4,64	-2,8	-76,1	-11,2	0	-101,5
2604	11.08.2025 14:31:23,000	21,08	4,64	-2,6	-75,6	-11,8	0	-102,1
2605	11.08.2025 14:31:24,000	21,08	4,64	-2,5	-76,0	-11,5	0	-101,8
2606	11.08.2025 14:31:25,000	21,08	4,64	-2,2	-76,3	-11,5	0	-101,8
2607	11.08.2025 14:31:26,000	21,11	4,62	-2,2	-76,6	-11,2	0	-101,5
2608	11.08.2025 14:31:27,000	21,11	4,65	-2,0	-76,8	-11,2	0	-101,4
2609	11.08.2025 14:31:28,000	21,11	4,62	-2,1	-76,5	-11,4	0	-101,7
2610	11.08.2025 14:31:29,000	21,11	4,62	-1,9	-77,0	-11,1	0	-101,3
2611	11.08.2025 14:31:30,000	21,11	4,65	-1,9	-76,8	-11,3	0	-101,5
2612	11.08.2025 14:31:31,000	21,14	4,65	-1,9	-77,0	-11,1	0	-101,3
2613	11.08.2025 14:31:32,000	21,14	4,63	-1,9	-76,6	-11,5	0	-101,7
2614	11.08.2025 14:31:33,000	21,14	4,65	-1,8	-77,2	-11,0	0	-101,2
2615	11.08.2025 14:31:34,000	21,14	4,63	-1,9	-77,1	-11,1	0	-101,3
2616	11.08.2025 14:31:35,000	21,14	4,63	-1,9	-76,6	-11,5	0	-101,7
2617	11.08.2025 14:31:36,000	21,14	4,65	-2,1	-76,7	-11,2	0	-101,4
2618	11.08.2025 14:31:37,000	21,17	4,63	-2,1	-76,6	-11,3	0	-101,6
2619	11.08.2025 14:31:38,000	21,17	4,63	-2,1	-76,5	-11,4	0	-101,6
2620	11.08.2025 14:31:39,000	21,17	4,63	-2,3	-76,3	-11,4	0	-101,7
2621	11.08.2025 14:31:40,000	21,17	4,63	-2,2	-76,5	-11,3	0	-101,6
2622	11.08.2025 14:31:41,000	21,17	4,63	-2,3	-76,2	-11,5	0	-101,8
2623	11.08.2025 14:31:42,000	21,17	4,63	-2,3	-76,3	-11,4	0	-101,7
2624	11.08.2025 14:31:43,000	21,20	4,63	-2,1	-76,7	-11,2	0	-101,5
2625	11.08.2025 14:31:44,000	21,20	4,63	-2,0	-76,9	-11,1	0	-101,4
2626	11.08.2025 14:31:45,000	21,20	4,63	-2,0	-76,7	-11,3	0	-101,5
2627	11.08.2025 14:31:46,000	21,20	4,63	-2,0	-76,6	-11,4	0	-101,7
2628	11.08.2025 14:31:47,000	21,20	4,65	-1,9	-76,9	-11,2	0	-101,5
2629	11.08.2025 14:31:48,000	21,23	4,63	-2,1	-76,8	-11,0	0	-101,3
2630	11.08.2025 14:31:49,000	21,23	4,63	-2,0	-76,7	-11,3	0	-101,5
2631	11.08.2025 14:31:50,000	21,23	4,63	-2,0	-76,6	-11,4	0	-101,6
2632	11.08.2025 14:31:51,000	21,23	4,63	-2,2	-76,4	-11,3	0	-101,6
2633	11.08.2025 14:31:52,000	21,23	4,63	-2,2	-76,4	-11,4	0	-101,7
2634	11.08.2025 14:31:53,000	21,23	4,63	-2,3	-76,1	-11,6	0	-101,9
2635	11.08.2025 14:31:54,000	21,26	4,64	-2,3	-76,7	-11,0	0	-101,3
2636	11.08.2025 14:31:55,000	21,26	4,64	-2,2	-76,3	-11,5	0	-101,7
2637	11.08.2025 14:31:56,000	21,26	4,64	-2,0	-76,7	-11,3	0	-101,5
2638	11.08.2025 14:31:57,000	21,26	4,64	-2,1	-76,3	-11,6	0	-101,9
2639	11.08.2025 14:31:58,000	21,26	4,66	-2,1	-77,0	-10,9	0	-101,1
2640	11.08.2025 14:31:59,000	21,29	4,64	-2,2	-76,4	-11,4	0	-101,7
2641	11.08.2025 14:32:00,000	21,29	4,64	-2,4	-76,4	-11,3	0	-101,5
2642	11.08.2025 14:32:01,000	21,29	4,64	-2,3	-76,7	-11,0	0	-101,2
2643	11.08.2025 14:32:02,000	21,29	4,64	-2,4	-76,0	-11,6	0	-101,9
2644	11.08.2025 14:32:03,000	21,29	4,64	-2,3	-76,5	-11,2	0	-101,5
2645	11.08.2025 14:32:04,000	21,32	4,64	-2,3	-76,6	-11,1	0	-101,4
2646	11.08.2025 14:32:05,000	21,32	4,64	-2,0	-76,6	-11,4	0	-101,6
2647	11.08.2025 14:32:06,000	21,32	4,64	-2,0	-76,4	-11,6	0	-101,8
2648	11.08.2025 14:32:07,000	21,32	4,62	-2,1	-76,6	-11,3	0	-101,6
2649	11.08.2025 14:32:08,000	21,32	4,64	-1,9	-76,6	-11,5	0	-101,7
2650	11.08.2025 14:32:09,000	21,35	4,65	-2,2	-76,6	-11,1	0	-101,4
2651	11.08.2025 14:32:10,000	21,35	4,62	-2,0	-76,7	-11,3	0	-101,5
2652	11.08.2025 14:32:11,000	21,35	4,65	-2,1	-76,8	-11,1	0	-101,4
2653	11.08.2025 14:32:12,000	21,35	4,62	-2,0	-76,6	-11,4	0	-101,7
2654	11.08.2025 14:32:13,000	21,35	4,65	-2,0	-76,6	-11,3	0	-101,6
2655	11.08.2025 14:32:14,000	21,35	4,65	-2,0	-77,0	-11,0	0	-101,2
2656	11.08.2025 14:32:15,000	21,38	4,65	-2,1	-76,4	-11,5	0	-101,7
2657	11.08.2025 14:32:16,000	21,38	4,62	-2,0	-76,9	-11,1	0	-101,3
2658	11.08.2025 14:32:17,000	21,38	4,65	-1,9	-76,8	-11,3	0	-101,5
2659	11.08.2025 14:32:18,000	21,38	4,65	-1,9	-76,9	-11,2	0	-101,4
2660	11.08.2025 14:32:19,000	21,38	4,65	-1,7	-77,5	-10,8	0	-101,0
2661	11.08.2025 14:32:20,000	21,41	4,65	-1,6	-77,1	-11,3	0	-101,5
2662	11.08.2025 14:32:21,000	21,41	4,65	-1,6	-77,3	-11,1	0	-101,3
2663	11.08.2025 14:32:22,000	21,41	4,65	-1,7	-77,2	-11,1	0	-101,3
2664	11.08.2025 14:32:23,000	21,41	4,65	-1,8	-77,2	-11,0	0	-101,3
2665	11.08.2025 14:32:24,000	21,41	4,65	-1,9	-77,0	-11,1	0	-101,3
2666	11.08.2025 14:32:25,000	21,43	4,63	-1,8	-77,1	-11,1	0	-101,3
2667	11.08.2025 14:32:26,000	21,43	4,63	-1,8	-77,3	-11,0	0	-101,2
2668	11.08.2025 14:32:27,000	21,43	4,63	-1,7	-76,7	-11,7	0	-101,9
2669	11.08.2025 14:32:28,000	21,43	4,63	-1,7	-77,2	-11,1	0	-101,3
2670	11.08.2025 14:32:29,000	21,46	4,63	-1,7	-77,1	-11,2	0	-101,4
2671	11.08.2025 14:32:30,000	21,46	4,63	-1,8	-77,4	-10,8	0	-101,0
2672	11.08.2025 14:32:31,000	21,46	4,63	-1,8	-76,8	-11,4	0	-101,6
2673	11.08.2025 14:32:32,000	21,46	4,63	-2,2	-76,5	-11,3	0	-101,6
2674	11.08.2025 14:32:33,000	21,46	4,63	-1,9	-76,7	-11,3	0	-101,6
2675	11.08.2025 14:32:34,000	21,46	4,63	-2,0	-76,8	-11,2	0	-101,5
2676	11.08.2025 14:32:35,000	21,49	4,64	-1,9	-76,7	-11,4	0	-101,6
2677	11.08.2025 14:32:36,000	21,49	4,64	-2,0	-76,5	-11,5	0	-101,7
2678	11.08.2025 14:32:37,000	21,49	4,64	-2,1	-76,5	-11,3	0	-101,6
2679	11.08.2025 14:32:38,000	21,49	4,61	-2,1	-76,5	-11,4	0	-101,7
2680	11.08.2025 14:32:39,000	21,49	4,64	-1,9	-76,9	-11,2	0	-101,4
2681	11.08.2025 14:32:40,000	21,49	4,64	-2,0	-76,8	-11,2	0	-101,5
2682	11.08.2025 14:32:41,000	21,52	4,61	-1,9	-77,2	-10,9	0	-101,1
2683	11.08.2025 14:32:42,000	21,52	4,64	-1,9	-76,9	-11,2	0	-101,4
2684	11.08.2025 14:32:43,000	21,52	4,66	-1,8	-77,3	-10,9	0	-101,1
2685	11.08.2025 14:32:44,000	21,52	4,64	-1,8	-76,9	-11,3	0	-101,6
2686	11.08.2025 14:32:45,000	21,52	4,64	-1,9	-77,1	-10,9	0	-101,2
2687	11.08.2025 14:32:46,000	21,55	4,64	-1,8	-77,4	-10,8	0	-101,1
2688	11.08.2025 14:32:47,000	21,55	4,64	-1,8	-77,1	-11,1	0	-101,3
2689	11.08.2025 14:32:48,000	21,55	4,64	-1,8	-77,2	-11,0	0	-101,2
2690	11.08.2025 14:32:49,000	21,55	4,64	-1,8	-77,1	-11,2	0	-101,4
2691	11.08.2025 14:32:50,000	21,55	4,64	-2,0	-76,9	-11,1	0	-101,3
2692	11.08.2025 14:32:51,000	21,58	4,64	-2,1	-76,6	-11,3	0	-101,6
2693	11.08.2025 14:32:52,000	21,58	4,64	-2,1	-76,6	-11,3	0	-101,6
2694	11.08.2025 14:32:53,000	21,58	4,62	-2,1	-76,7	-11,2	0	-101,4
2695	11.08.2025 14:32:54,000	21,58	4,64	-2,0	-76,5	-11,4	0	-101,7
2696	11.08.2025 14:32:55,000	21,58	4,64	-2,1	-76,6	-11,3	0	-101,6
2697	11.08.2025 14:32:56,000	21,61	4,62	-1,9	-76,6	-11,5	0	-101,7
2698	11.08.2025 14:32:57,000	21,61	4,65	-1,9	-77,1	-11,0	0	-101,2
2699	11.08.2025 14:32:58,000	21,61	4,65	-1,7	-77,1	-11,2	0	-101,4
2700	11.08.2025 14:32:59,000	21,61	4,65	-1,7	-77,2	-11,0	0	-101,3
2701	11.08.2025 14:33:00,000	21,61	4,62	-1,6	-77,5	-10,9	0	-101,1
2702	11.08.2025 14:33:01,000	21,61	4,62	-1,5	-77,2	-11,3	0	-101,4
2703	11.08.2025 14:33:02,000	21,64	4,65	-1,5	-77,4	-11,0	0	-101,2
2704	11.08.2025 14:33:03,000	21,64	4,63	-1,7	-77,3	-11,0	0	-101,2
2705	11.08.2025 14:33:04,000	21,64	4,63	-1,6	-77,5	-10,9	0	-101,1
2706	11.08.2025 14:33:05,000	21,64	4,63	-1,9	-76,9	-11,3	0	-101,5
2707	11.08.2025 14:33:06,000	21,64	4,63	-2,0	-77,0	-11,0	0	-101,2
2708	11.08.2025 14:33:07,000	21,64	4,63	-2,0	-76,9	-11,0	0	-101,3
2709	11.08.2025 14:33:08,000	21,67	4,63	-2,0	-76,7	-11,3	0	-101,6
2710	11.08.2025 14:33:09,000	21,67	4,63	-1,9	-77,1	-11,1	0	-101,3
2711	11.08.2025 14:33:10,000	21,67	4,63	-1,8	-76,8	-11,4	0	-101,6
2712	11.08.2025 14:33:11,000	21,67	4,65	-1,9	-76,7	-11,3	0	-101,6
2713	11.08.2025 14:33:12,000	21,67	4,63	-2,1	-76,6	-11,3	0	-101,5
2714	11.08.2025 14:33:13,000	21,70	4,63	-2,0	-77,0	-11,1	0	-101,3
2715	11.08.2025 14:33:14,000	21,70	4,63	-2,1	-76,5	-11,4	0	-101,7
2716	11.08.2025 14:33:15,000	21,70	4,66	-2,4	-76,4	-11,3	0	-101,5
2717	11.08.2025 14:33:16,000	21,70	4,63	-2,3	-76,2	-11,5	0	-101,8
2718	11.08.2025 14:33:17,000	21,70	4,63	-2,2	-76,4	-11,4	0	-101,7
2719	11.08.2025 14:33:18,000	21,73	4,63	-2,0	-76,6	-11,4	0	-101,7
2720	11.08.2025 14:33:19,000	21,73	4,63	-2,1	-76,7	-11,3	0	-101,5
2721	11.08.2025 14:33:20,000	21,73	4,66	-2,0	-76,8	-11,3	0	-101,5
2722	11.08.2025 14:33:21,000	21,73	4,63	-2,0	-76,6	-11,4	0	-101,6
2723	11.08.2025 14:33:22,000	21,73	4,63	-2,1	-76,4	-11,5	0	-101,8
2724	11.08.2025 14:33:23,000	21,76	4,64	-2,0	-76,7	-11,3	0	-101,5
2725	11.08.2025 14:33:24,000	21,76	4,64	-2,0	-76,6	-11,4	0	-101,7
2726	11.08.2025 14:33:25,000	21,76	4,64	-2,1	-76,9	-11,1	0	-101,3
2727	11.08.2025 14:33:26,000	21,76	4,64	-1,9	-76,6	-11,4	0	-101,7
2728	11.08.2025 14:33:27,000	21,76	4,64	-2,2	-76,8	-11,1	0	-101,3
2729	11.08.2025 14:33:28,000	21,76	4,64	-2,1	-76,6	-11,3	0	-101,6
2730	11.08.2025 14:33:29,000	21,79	4,64	-1,9	-76,8	-11,3	0	-101,6
2731	11.08.2025 14:33:30,000	21,79	4,64	-2,0	-76,6	-11,4	0	-101,6
2732	11.08.2025 14:33:31,000	21,79	4,64	-1,7	-77,0	-11,2	0	-101,4
2733	11.08.2025 14:33:32,000	21,79	4,64	-1,6	-77,2	-11,2	0	-101,4
2734	11.08.2025 14:33:33,000	21,79	4,62	-1,7	-77,6	-10,7	0	-100,9
2735	11.08.2025 14:33:34,000	21,81	4,64	-1,5	-77,9	-10,6	0	-100,8
2736	11.08.2025 14:33:35,000	21,81	4,62	-1,8	-77,2	-11,0	0	-101,2
2737	11.08.2025 14:33:36,000	21,81	4,64	-1,9	-77,2	-10,9	0	-101,1
2738	11.08.2025 14:33:37,000	21,81	4,64	-1,9	-76,5	-11,6	0	-101,9
2739	11.08.2025 14:33:38,000	21,81	4,62	-2,2	-76,5	-11,3	0	-101,6
2740	11.08.2025 14:33:39,000	21,84	4,65	-2,2	-76,4	-11,3	0	-101,6
2741	11.08.2025 14:33:40,000	21,84	4,65	-2,3	-76,3	-11,5	0	-101,8
2742	11.08.2025 14:33:41,000	21,84	4,65	-2,2	-76,3	-11,5	0	-101,7
2743	11.08.2025 14:33:42,000	21,84	4,65	-2,4	-76,2	-11,3	0	-101,6
2744	11.08.2025 14:33:43,000	21,84	4,65	-2,3	-76,4	-11,3	0	-101,6
2745	11.08.2025 14:33:44,000	21,84	4,62	-2,2	-75,9	-11,8	0	-102,1
2746	11.08.2025 14:33:45,000	21,87	4,62	-2,3	-76,5	-11,2	0	-101,5
2747	11.08.2025 14:33:46,000	21,87	4,62	-2,0	-76,4	-11,6	0	-101,8
2748	11.08.2025 14:33:47,000	21,87	4,62	-2,1	-76,9	-11,0	0	-101,3
2749	11.08.2025 14:33:48,000	21,87	4,67	-1,7	-77,3	-11,0	0	-101,2
2750	11.08.2025 14:33:49,000	21,87	4,65	-1,7	-76,9	-11,3	0	-101,5
2751	11.08.2025 14:33:50,000	21,87	4,62	-1,7	-77,7	-10,6	0	-100,8
2752	11.08.2025 14:33:51,000	21,90	4,65	-1,8	-76,8	-11,4	0	-101,6
2753	11.08.2025 14:33:52,000	21,90	4,65	-1,4	-77,5	-11,1	0	-101,3
2754	11.08.2025 14:33:53,000	21,90	4,65	-1,7	-77,0	-11,3	0	-101,5
2755	11.08.2025 14:33:54,000	21,90	4,63	-1,4	-77,5	-11,0	0	-101,2
2756	11.08.2025 14:33:55,000	21,90	4,65	-1,7	-77,2	-11,1	0	-101,3
2757	11.08.2025 14:33:56,000	21,90	4,63	-1,7	-77,1	-11,2	0	-101,4
2758	11.08.2025 14:33:57,000	21,93	4,65	-1,8	-77,2	-11,0	0	-101,2
2759	11.08.2025 14:33:58,000	21,93	4,63	-2,0	-76,7	-11,4	0	-101,6
2760	11.08.2025 14:33:59,000	21,93	4,65	-1,7	-77,3	-11,0	0	-101,2
2761	11.08.2025 14:34:00,000	21,93	4,63	-1,7	-77,0	-11,3	0	-101,5
2762	11.08.2025 14:34:01,000	21,96	4,63	-1,8	-77,3	-11,0	0	-101,2
2763	11.08.2025 14:34:02,000	21,96	4,63	-1,7	-77,1	-11,3	0	-101,5
2764	11.08.2025 14:34:03,000	21,96	4,63	-1,8	-77,4	-10,8	0	-101,1
2765	11.08.2025 14:34:04,000	21,96	4,61	-1,6	-77,3	-11,0	0	-101,2
2766	11.08.2025 14:34:05,000	21,96	4,63	-1,8	-76,9	-11,3	0	-101,5
2767	11.08.2025 14:34:06,000	21,96	4,63	-1,5	-77,4	-11,1	0	-101,2
2768	11.08.2025 14:34:07,000	21,96	4,63	-1,8	-77,0	-11,3	0	-101,5
2769	11.08.2025 14:34:08,000	21,99	4,64	-1,6	-77,4	-11,0	0	-101,2
2770	11.08.2025 14:34:09,000	21,99	4,64	-1,7	-77,1	-11,1	0	-101,4
2771	11.08.2025 14:34:10,000	21,99	4,64	-2,1	-76,9	-11,0	0	-101,2
2772	11.08.2025 14:34:11,000	21,99	4,61	-1,9	-76,9	-11,1	0	-101,4
2773	11.08.2025 14:34:12,000	21,99	4,64	-2,1	-76,6	-11,3	0	-101,5
2774	11.08.2025 14:34:13,000	22,02	4,64	-1,9	-77,3	-10,8	0	-101,0
2775	11.08.2025 14:34:14,000	22,02	4,64	-1,7	-76,9	-11,4	0	-101,7
2776	11.08.2025 14:34:15,000	22,02	4,62	-1,6	-77,3	-11,1	0	-101,3
2777	11.08.2025 14:34:16,000	22,02	4,64	-1,9	-76,9	-11,2	0	-101,4
2778	11.08.2025 14:34:17,000	22,02	4,64	-1,7	-77,0	-11,3	0	-101,5
2779	11.08.2025 14:34:18,000	22,02	4,64	-2,1	-76,9	-11,1	0	-101,3
2780	11.08.2025 14:34:19,000	22,05	4,64	-1,8	-76,9	-11,2	0	-101,4
2781	11.08.2025 14:34:20,000	22,05	4,62	-2,0	-76,7	-11,4	0	-101,6
2782	11.08.2025 14:34:21,000	22,05	4,67	-1,9	-76,8	-11,3	0	-101,5
2783	11.08.2025 14:34:22,000	22,05	4,64	-1,9	-76,6	-11,4	0	-101,7
2784	11.08.2025 14:34:23,000	22,05	4,64	-1,7	-76,8	-11,5	0	-101,7
2785	11.08.2025 14:34:24,000	22,05	4,64	-1,7	-77,2	-11,1	0	-101,3
2786	11.08.2025 14:34:25,000	22,08	4,64	-1,7	-77,1	-11,2	0	-101,4
2787	11.08.2025 14:34:26,000	22,08	4,64	-1,9	-76,8	-11,3	0	-101,5
2788	11.08.2025 14:34:27,000	22,08	4,64	-1,8	-77,0	-11,2	0	-101,5
2789	11.08.2025 14:34:28,000	22,08	4,64	-1,9	-76,7	-11,4	0	-101,6
2790	11.08.2025 14:34:29,000	22,08	4,67	-1,8	-77,2	-10,9	0	-101,2
2791	11.08.2025 14:34:30,000	22,08	4,64	-1,7	-77,0	-11,3	0	-101,5
2792	11.08.2025 14:34:31,000	22,08	4,64	-1,9	-76,9	-11,2	0	-101,4
2793	11.08.2025 14:34:32,000	22,08	4,64	-2,0	-76,7	-11,3	0	-101,6
2794	11.08.2025 14:34:33,000	22,11	4,65	-1,9	-76,8	-11,3	0	-101,5
2795	11.08.2025 14:34:34,000	22,11	4,65	-1,9	-76,8	-11,3	0	-101,5
2796	11.08.2025 14:34:35,000	22,11	4,65	-2,0	-76,7	-11,3	0	-101,5
2797	11.08.2025 14:34:36,000	22,11	4,65	-1,9	-76,7	-11,4	0	-101,6
2798	11.08.2025 14:34:37,000	22,11	4,65	-1,9	-76,7	-11,4	0	-101,6
2799	11.08.2025 14:34:38,000	22,11	4,65	-1,7	-76,8	-11,5	0	-101,7
2800	11.08.2025 14:34:39,000	22,11	4,65	-1,9	-77,1	-11,0	0	-101,2
2801	11.08.2025 14:34:40,000	22,14	4,65	-1,8	-77,0	-11,2	0	-101,4
2802	11.08.2025 14:34:41,000	22,14	4,65	-1,7	-77,2	-11,1	0	-101,3
2803	11.08.2025 14:34:42,000	22,14	4,65	-1,9	-77,2	-10,9	0	-101,1
2804	11.08.2025 14:34:43,000	22,14	4,65	-1,6	-77,4	-11,0	0	-101,2
2805	11.08.2025 14:34:44,000	22,14	4,65	-1,8	-76,9	-11,3	0	-101,5
2806	11.08.2025 14:34:45,000	22,14	4,65	-1,8	-77,1	-11,1	0	-101,3
2807	11.08.2025 14:34:46,000	22,14	4,63	-2,1	-76,6	-11,2	0	-101,5
2808	11.08.2025 14:34:47,000	22,16	4,65	-2,0	-76,6	-11,5	0	-101,7
2809	11.08.2025 14:34:48,000	22,16	4,65	-2,2	-76,5	-11,3	0	-101,5
2810	11.08.2025 14:34:49,000	22,16	4,68	-2,2	-76,5	-11,4	0	-101,6
2811	11.08.2025 14:34:50,000	22,16	4,63	-2,4	-76,2	-11,5	0	-101,7
2812	11.08.2025 14:34:51,000	22,16	4,65	-2,2	-76,1	-11,7	0	-102,0
2813	11.08.2025 14:34:52,000	22,19	4,66	-2,4	-76,3	-11,3	0	-101,6
2814	11.08.2025 14:34:53,000	22,19	4,66	-2,3	-76,2	-11,5	0	-101,8
2815	11.08.2025 14:34:54,000	22,19	4,63	-2,3	-76,3	-11,4	0	-101,7
2816	11.08.2025 14:34:55,000	22,19	4,63	-2,3	-76,7	-11,0	0	-101,3
2817	11.08.2025 14:34:56,000	22,19	4,63	-2,1	-76,4	-11,5	0	-101,8
2818	11.08.2025 14:34:57,000	22,19	4,63	-2,0	-76,3	-11,7	0	-101,9
2819	11.08.2025 14:34:58,000	22,19	4,66	-1,9	-76,8	-11,3	0	-101,5
2820	11.08.2025 14:34:59,000	22,22	4,66	-1,8	-76,9	-11,3	0	-101,5
2821	11.08.2025 14:35:00,000	22,22	4,66	-2,0	-76,5	-11,5	0	-101,7
2822	11.08.2025 14:35:01,000	22,22	4,66	-1,8	-77,1	-11,1	0	-101,3
2823	11.08.2025 14:35:02,000	22,22	4,66	-1,7	-77,2	-11,0	0	-101,2
2824	11.08.2025 14:35:03,000	22,22	4,66	-1,5	-77,2	-11,2	0	-101,4
2825	11.08.2025 14:35:04,000	22,22	4,66	-2,1	-76,9	-11,1	0	-101,3
2826	11.08.2025 14:35:05,000	22,25	4,64	-1,7	-76,9	-11,4	0	-101,7
2827	11.08.2025 14:35:06,000	22,25	4,64	-1,8	-77,3	-10,9	0	-101,1
2828	11.08.2025 14:35:07,000	22,25	4,64	-1,0	-78,1	-10,9	0	-101,0
2829	11.08.2025 14:35:08,000	22,25	4,66	-0,8	-78,7	-10,5	0	-100,5
2830	11.08.2025 14:35:09,000	22,25	4,66	-0,1	-79,4	-10,4	0	-100,5
2831	11.08.2025 14:35:10,000	22,25	4,64	0,0	-79,8	-10,2	0	-100,2
2832	11.08.2025 14:35:11,000	22,25	4,66	0,3	-79,1	-10,6	0	-100,6
2833	11.08.2025 14:35:12,000	22,28	4,64	-0,2	-79,3	-10,5	0	-100,5
2834	11.08.2025 14:35:13,000	22,28	4,64	-0,7	-78,7	-10,6	0	-100,7
2835	11.08.2025 14:35:14,000	22,28	4,64	-1,2	-77,3	-11,5	0	-101,6
2836	11.08.2025 14:35:15,000	22,28	4,64	-1,9	-77,0	-11,1	0	-101,3
2837	11.08.2025 14:35:16,000	22,28	4,64	-2,2	-76,3	-11,4	0	-101,7
2838	11.08.2025 14:35:17,000	22,28	4,66	-2,3	-76,4	-11,3	0	-101,6
2839	11.08.2025 14:35:18,000	22,31	4,62	-2,5	-76,0	-11,5	0	-101,8
2840	11.08.2025 14:35:19,000	22,31	4,64	-2,2	-76,4	-11,4	0	-101,7
2841	11.08.2025 14:35:20,000	22,31	4,64	-2,0	-76,3	-11,7	0	-101,9
2842	11.08.2025 14:35:21,000	22,31	4,64	-2,1	-77,0	-11,0	0	-101,2
2843	11.08.2025 14:35:22,000	22,31	4,64	-1,7	-76,7	-11,6	0	-101,8
2844	11.08.2025 14:35:23,000	22,31	4,64	-1,9	-77,1	-11,0	0	-101,2
2845	11.08.2025 14:35:24,000	22,31	4,62	-1,7	-77,3	-11,0	0	-101,2
2846	11.08.2025 14:35:25,000	22,34	4,65	-1,8	-77,1	-11,1	0	-101,3
2847	11.08.2025 14:35:26,000	22,34	4,65	-1,9	-76,9	-11,2	0	-101,5
2848	11.08.2025 14:35:27,000	22,34	4,65	-2,1	-76,8	-11,2	0	-101,4
2849	11.08.2025 14:35:28,000	22,34	4,65	-1,9	-77,0	-11,1	0	-101,3
2850	11.08.2025 14:35:29,000	22,34	4,65	-2,1	-76,5	-11,4	0	-101,7
2851	11.08.2025 14:35:30,000	22,37	4,65	-2,0	-76,8	-11,2	0	-101,5
2852	11.08.2025 14:35:31,000	22,37	4,65	-1,9	-76,7	-11,3	0	-101,6
2853	11.08.2025 14:35:32,000	22,37	4,65	-2,2	-76,8	-11,0	0	-101,3
2854	11.08.2025 14:35:33,000	22,37	4,65	-1,9	-76,6	-11,5	0	-101,8
2855	11.08.2025 14:35:34,000	22,37	4,65	-2,1	-76,7	-11,2	0	-101,5
2856	11.08.2025 14:35:35,000	22,37	4,63	-1,9	-76,7	-11,4	0	-101,6
2857	11.08.2025 14:35:36,000	22,40	4,63	-1,9	-76,8	-11,2	0	-101,5
2858	11.08.2025 14:35:37,000	22,40	4,65	-1,7	-77,0	-11,2	0	-101,4
2859	11.08.2025 14:35:38,000	22,40	4,65	-1,8	-76,9	-11,3	0	-101,5
2860	11.08.2025 14:35:39,000	22,40	4,65	-1,9	-76,9	-11,2	0	-101,5
2861	11.08.2025 14:35:40,000	22,40	4,63	-2,0	-76,6	-11,3	0	-101,6
2862	11.08.2025 14:35:41,000	22,43	4,65	-2,1	-76,4	-11,6	0	-101,8
2863	11.08.2025 14:35:42,000	22,43	4,65	-2,0	-76,5	-11,5	0	-101,8
2864	11.08.2025 14:35:43,000	22,43	4,63	-1,9	-76,8	-11,3	0	-101,5
2865	11.08.2025 14:35:44,000	22,43	4,65	-1,8	-76,6	-11,6	0	-101,8
2866	11.08.2025 14:35:45,000	22,43	4,63	-1,9	-76,6	-11,5	0	-101,7
2867	11.08.2025 14:35:46,000	22,43	4,65	-1,9	-77,2	-10,9	0	-101,1
2868	11.08.2025 14:35:47,000	22,43	4,65	-1,6	-77,2	-11,1	0	-101,3
2869	11.08.2025 14:35:48,000	22,46	4,66	-1,7	-77,0	-11,3	0	-101,5
2870	11.08.2025 14:35:49,000	22,46	4,63	-1,6	-77,1	-11,3	0	-101,5
2871	11.08.2025 14:35:50,000	22,46	4,66	-1,8	-76,7	-11,5	0	-101,7
2872	11.08.2025 14:35:51,000	22,46	4,63	-1,8	-77,1	-11,1	0	-101,3
2873	11.08.2025 14:35:52,000	22,46	4,66	-1,9	-77,0	-11,1	0	-101,3
2874	11.08.2025 14:35:53,000	22,46	4,66	-2,0	-76,7	-11,3	0	-101,5
2875	11.08.2025 14:35:54,000	22,46	4,63	-1,9	-76,7	-11,4	0	-101,6
2876	11.08.2025 14:35:55,000	22,48	4,66	-2,2	-76,5	-11,4	0	-101,6
2877	11.08.2025 14:35:56,000	22,48	4,66	-2,0	-76,6	-11,4	0	-101,6
2878	11.08.2025 14:35:57,000	22,48	4,64	-2,0	-76,6	-11,4	0	-101,6
2879	11.08.2025 14:35:58,000	22,48	4,64	-2,0	-76,7	-11,3	0	-101,5
2880	11.08.2025 14:35:59,000	22,48	4,64	-2,0	-76,8	-11,2	0	-101,4
2881	11.08.2025 14:36:00,000	22,48	4,64	-1,8	-76,8	-11,4	0	-101,6
2882	11.08.2025 14:36:01,000	22,51	4,64	-1,9	-76,6	-11,5	0	-101,7
2883	11.08.2025 14:36:02,000	22,51	4,66	-2,1	-76,6	-11,4	0	-101,6
2884	11.08.2025 14:36:03,000	22,51	4,66	-2,0	-76,7	-11,3	0	-101,6
2885	11.08.2025 14:36:04,000	22,51	4,64	-2,0	-76,4	-11,6	0	-101,8
2886	11.08.2025 14:36:05,000	22,51	4,64	-1,8	-77,3	-10,9	0	-101,1
2887	11.08.2025 14:36:06,000	22,51	4,64	-1,7	-76,7	-11,6	0	-101,8
2888	11.08.2025 14:36:07,000	22,51	4,66	-1,8	-76,9	-11,3	0	-101,5
2889	11.08.2025 14:36:08,000	22,54	4,64	-1,8	-76,7	-11,6	0	-101,8
2890	11.08.2025 14:36:09,000	22,54	4,64	-1,9	-76,8	-11,4	0	-101,6
2891	11.08.2025 14:36:10,000	22,54	4,67	-1,9	-77,1	-11,0	0	-101,2
2892	11.08.2025 14:36:11,000	22,54	4,64	-2,0	-76,8	-11,3	0	-101,5
2893	11.08.2025 14:36:12,000	22,54	4,64	-2,1	-76,5	-11,4	0	-101,7
2894	11.08.2025 14:36:13,000	22,54	4,64	-2,1	-76,5	-11,4	0	-101,6
2895	11.08.2025 14:36:14,000	22,54	4,64	-2,0	-76,6	-11,4	0	-101,6
2896	11.08.2025 14:36:15,000	22,54	4,67	-2,0	-77,1	-10,9	0	-101,2
2897	11.08.2025 14:36:16,000	22,54	4,64	-2,1	-76,8	-11,2	0	-101,4
2898	11.08.2025 14:36:17,000	22,57	4,65	-1,8	-76,9	-11,3	0	-101,5
2899	11.08.2025 14:36:18,000	22,57	4,62	-2,0	-76,6	-11,4	0	-101,6
2900	11.08.2025 14:36:19,000	22,57	4,62	-1,8	-76,9	-11,3	0	-101,5
2901	11.08.2025 14:36:20,000	22,57	4,65	-2,0	-77,3	-10,7	0	-100,9
2902	11.08.2025 14:36:21,000	22,57	4,65	-1,9	-76,7	-11,4	0	-101,6
2903	11.08.2025 14:36:22,000	22,57	4,65	-1,8	-77,2	-10,9	0	-101,2
2904	11.08.2025 14:36:23,000	22,57	4,65	-1,6	-76,9	-11,5	0	-101,7
2905	11.08.2025 14:36:24,000	22,57	4,65	-1,9	-76,8	-11,3	0	-101,5
2906	11.08.2025 14:36:25,000	22,60	4,65	-1,8	-76,9	-11,4	0	-101,6
2907	11.08.2025 14:36:26,000	22,60	4,65	-1,9	-77,4	-10,7	0	-100,9
2908	11.08.2025 14:36:27,000	22,60	4,65	-1,9	-76,6	-11,6	0	-101,8
2909	11.08.2025 14:36:28,000	22,60	4,65	-2,0	-76,6	-11,5	0	-101,7
2910	11.08.2025 14:36:29,000	22,60	4,65	-2,2	-76,3	-11,4	0	-101,7
2911	11.08.2025 14:36:30,000	22,60	4,65	-1,9	-77,0	-11,1	0	-101,3
2912	11.08.2025 14:36:31,000	22,60	4,65	-2,0	-76,7	-11,3	0	-101,5
2913	11.08.2025 14:36:32,000	22,63	4,65	-2,1	-76,7	-11,2	0	-101,5
2914	11.08.2025 14:36:33,000	22,63	4,63	-2,0	-76,6	-11,5	0	-101,7
2915	11.08.2025 14:36:34,000	22,63	4,63	-2,2	-76,5	-11,3	0	-101,6
2916	11.08.2025 14:36:35,000	22,63	4,65	-1,9	-76,5	-11,6	0	-101,8
2917	11.08.2025 14:36:36,000	22,63	4,63	-2,1	-76,8	-11,1	0	-101,3
2918	11.08.2025 14:36:37,000	22,63	4,63	-2,1	-76,7	-11,2	0	-101,4
2919	11.08.2025 14:36:38,000	22,66	4,65	-1,9	-76,9	-11,2	0	-101,4
2920	11.08.2025 14:36:39,000	22,66	4,65	-2,0	-76,7	-11,3	0	-101,6
2921	11.08.2025 14:36:40,000	22,66	4,65	-2,1	-76,5	-11,4	0	-101,6
2922	11.08.2025 14:36:41,000	22,66	4,63	-2,0	-77,0	-11,0	0	-101,3
2923	11.08.2025 14:36:42,000	22,66	4,65	-1,9	-76,8	-11,3	0	-101,6
2924	11.08.2025 14:36:43,000	22,66	4,63	-2,1	-76,8	-11,1	0	-101,4
2925	11.08.2025 14:36:44,000	22,66	4,63	-2,0	-76,8	-11,2	0	-101,4
2926	11.08.2025 14:36:45,000	22,69	4,63	-1,8	-76,7	-11,5	0	-101,7
2927	11.08.2025 14:36:46,000	22,69	4,66	-1,8	-77,4	-10,9	0	-101,1
2928	11.08.2025 14:36:47,000	22,69	4,66	-1,7	-77,4	-10,9	0	-101,1
2929	11.08.2025 14:36:48,000	22,69	4,66	-1,7	-77,1	-11,2	0	-101,4
2930	11.08.2025 14:36:49,000	22,69	4,63	-2,3	-77,4	-10,3	0	-100,5
2931	11.08.2025 14:36:50,000	22,69	4,63	-2,0	-76,6	-11,3	0	-101,6
2932	11.08.2025 14:36:51,000	22,69	4,63	-1,9	-76,2	-11,9	0	-102,1
2933	11.08.2025 14:36:52,000	22,72	4,66	-2,2	-76,4	-11,3	0	-101,6
2934	11.08.2025 14:36:53,000	22,72	4,64	-2,4	-76,1	-11,6	0	-101,8
2935	11.08.2025 14:36:54,000	22,72	4,64	-2,3	-76,4	-11,3	0	-101,6
2936	11.08.2025 14:36:55,000	22,72	4,64	-2,4	-75,6	-11,9	0	-102,2
2937	11.08.2025 14:36:56,000	22,72	4,64	-2,2	-76,7	-11,1	0	-101,4
2938	11.08.2025 14:36:57,000	22,72	4,64	-2,3	-76,3	-11,4	0	-101,6
2939	11.08.2025 14:36:58,000	22,72	4,64	-2,0	-76,7	-11,2	0	-101,5
2940	11.08.2025 14:36:59,000	22,72	4,64	-2,1	-76,6	-11,3	0	-101,5
2941	11.08.2025 14:37:00,000	22,75	4,64	-2,1	-76,7	-11,2	0	-101,4
2942	11.08.2025 14:37:01,000	22,75	4,64	-1,9	-76,7	-11,4	0	-101,6
2943	11.08.2025 14:37:02,000	22,75	4,64	-2,0	-76,9	-11,1	0	-101,3
2944	11.08.2025 14:37:03,000	22,75	4,64	-1,8	-77,0	-11,2	0	-101,4
2945	11.08.2025 14:37:04,000	22,75	4,66	-2,0	-77,0	-10,9	0	-101,2
2946	11.08.2025 14:37:05,000	22,75	4,64	-1,6	-76,8	-11,6	0	-101,8
2947	11.08.2025 14:37:06,000	22,75	4,64	-2,0	-77,1	-10,8	0	-101,1
2948	11.08.2025 14:37:07,000	22,78	4,64	-1,7	-76,7	-11,6	0	-101,8
2949	11.08.2025 14:37:08,000	22,78	4,64	-1,7	-77,2	-11,1	0	-101,3
2950	11.08.2025 14:37:09,000	22,78	4,64	-1,9	-76,9	-11,2	0	-101,5
2951	11.08.2025 14:37:10,000	22,78	4,64	-1,9	-76,5	-11,5	0	-101,8
2952	11.08.2025 14:37:11,000	22,78	4,64	-2,1	-76,3	-11,6	0	-101,8
2953	11.08.2025 14:37:12,000	22,78	4,64	-2,0	-76,5	-11,5	0	-101,7
2954	11.08.2025 14:37:13,000	22,78	4,64	-2,1	-76,4	-11,5	0	-101,7
2955	11.08.2025 14:37:14,000	22,78	4,64	-2,0	-76,9	-11,1	0	-101,3
2956	11.08.2025 14:37:15,000	22,80	4,64	-1,8	-77,0	-11,2	0	-101,4
2957	11.08.2025 14:37:16,000	22,80	4,64	-2,2	-76,9	-11,0	0	-101,2
2958	11.08.2025 14:37:17,000	22,80	4,62	-1,8	-76,8	-11,3	0	-101,6
2959	11.08.2025 14:37:18,000	22,80	4,62	-1,8	-77,0	-11,2	0	-101,4
2960	11.08.2025 14:37:19,000	22,80	4,64	-2,0	-76,8	-11,2	0	-101,5
2961	11.08.2025 14:37:20,000	22,80	4,67	-1,9	-76,9	-11,2	0	-101,4
2962	11.08.2025 14:37:21,000	22,80	4,64	-1,8	-77,0	-11,2	0	-101,4
2963	11.08.2025 14:37:22,000	22,83	4,65	-1,8	-76,7	-11,5	0	-101,7
2964	11.08.2025 14:37:23,000	22,83	4,65	-2,1	-76,8	-11,1	0	-101,3
2965	11.08.2025 14:37:24,000	22,83	4,65	-1,9	-77,0	-11,1	0	-101,3
2966	11.08.2025 14:37:25,000	22,83	4,65	-1,9	-76,9	-11,2	0	-101,5
2967	11.08.2025 14:37:26,000	22,83	4,65	-1,9	-77,3	-10,8	0	-101,0
2968	11.08.2025 14:37:27,000	22,83	4,65	-1,5	-77,0	-11,4	0	-101,6
2969	11.08.2025 14:37:28,000	22,83	4,65	-1,4	-77,7	-10,8	0	-101,0
2970	11.08.2025 14:37:29,000	22,83	4,65	-1,3	-77,9	-10,9	0	-101,0
2971	11.08.2025 14:37:30,000	22,86	4,65	-1,3	-77,7	-11,1	0	-101,2
2972	11.08.2025 14:37:31,000	22,86	4,65	-1,3	-77,8	-10,8	0	-101,0
2973	11.08.2025 14:37:32,000	22,86	4,65	-1,6	-77,3	-11,1	0	-101,3
2974	11.08.2025 14:37:33,000	22,86	4,65	-1,8	-77,0	-11,2	0	-101,4
2975	11.08.2025 14:37:34,000	22,86	4,63	-1,7	-77,1	-11,3	0	-101,5
2976	11.08.2025 14:37:35,000	22,86	4,65	-1,8	-77,2	-11,0	0	-101,2
2977	11.08.2025 14:37:36,000	22,86	4,65	-1,9	-76,5	-11,6	0	-101,8
2978	11.08.2025 14:37:37,000	22,86	4,65	-2,1	-76,7	-11,2	0	-101,5
2979	11.08.2025 14:37:38,000	22,89	4,65	-2,0	-76,3	-11,7	0	-101,9
2980	11.08.2025 14:37:39,000	22,89	4,65	-2,0	-76,4	-11,5	0	-101,8
2981	11.08.2025 14:37:40,000	22,89	4,65	-2,2	-76,6	-11,2	0	-101,5
2982	11.08.2025 14:37:41,000	22,89	4,65	-2,0	-76,8	-11,2	0	-101,4
2983	11.08.2025 14:37:42,000	22,89	4,65	-2,1	-77,0	-10,9	0	-101,2
2984	11.08.2025 14:37:43,000	22,89	4,63	-2,0	-76,3	-11,7	0	-101,9
2985	11.08.2025 14:37:44,000	22,89	4,63	-2,0	-76,9	-11,1	0	-101,4
2986	11.08.2025 14:37:45,000	22,89	4,65	-1,7	-76,9	-11,4	0	-101,6
2987	11.08.2025 14:37:46,000	22,92	4,66	-1,9	-77,4	-10,7	0	-100,9
2988	11.08.2025 14:37:47,000	22,92	4,63	-1,7	-77,2	-11,1	0	-101,3
2989	11.08.2025 14:37:48,000	22,92	4,66	-1,5	-77,4	-11,0	0	-101,2
2990	11.08.2025 14:37:49,000	22,92	4,66	-1,9	-76,7	-11,4	0	-101,7
2991	11.08.2025 14:37:50,000	22,92	4,63	-1,4	-77,6	-10,9	0	-101,1
2992	11.08.2025 14:37:51,000	22,92	4,63	-1,6	-77,6	-10,8	0	-101,0
2993	11.08.2025 14:37:52,000	22,92	4,66	-1,6	-77,8	-10,6	0	-100,8
2994	11.08.2025 14:37:53,000	22,92	4,66	-1,7	-76,4	-11,9	0	-102,1
2995	11.08.2025 14:37:54,000	22,95	4,63	-1,9	-77,1	-11,1	0	-101,3
2996	11.08.2025 14:37:55,000	22,95	4,63	-1,8	-76,5	-11,7	0	-101,9
2997	11.08.2025 14:37:56,000	22,95	4,66	-2,1	-76,7	-11,2	0	-101,5
2998	11.08.2025 14:37:57,000	22,95	4,63	-2,1	-76,5	-11,4	0	-101,6
2999	11.08.2025 14:37:58,000	22,95	4,63	-2,2	-76,4	-11,4	0	-101,7
3000	11.08.2025 14:37:59,000	22,95	4,63	-2,3	-76,0	-11,7	0	-102,0
3001	11.08.2025 14:38:00,000	22,95	4,63	-2,0	-76,6	-11,4	0	-101,6
3002	11.08.2025 14:38:01,000	22,95	4,66	-1,8	-77,2	-11,0	0	-101,2
3003	11.08.2025 14:38:02,000	22,98	4,64	-1,9	-77,2	-10,9	0	-101,1
3004	11.08.2025 14:38:03,000	22,98	4,66	-1,6	-77,1	-11,2	0	-101,4
3005	11.08.2025 14:38:04,000	22,98	4,64	-1,5	-77,4	-11,1	0	-101,3
3006	11.08.2025 14:38:05,000	22,98	4,66	-1,5	-77,4	-11,1	0	-101,3
3007	11.08.2025 14:38:06,000	22,98	4,66	-1,5	-77,4	-11,1	0	-101,3
3008	11.08.2025 14:38:07,000	22,98	4,66	-1,5	-77,5	-11,0	0	-101,2
3009	11.08.2025 14:38:08,000	22,98	4,64	-1,7	-77,2	-11,2	0	-101,4
3010	11.08.2025 14:38:09,000	22,98	4,64	-1,7	-77,3	-11,1	0	-101,3
3011	11.08.2025 14:38:10,000	22,98	4,64	-1,6	-77,3	-11,1	0	-101,3
3012	11.08.2025 14:38:11,000	23,01	4,64	-1,7	-77,0	-11,2	0	-101,4
3013	11.08.2025 14:38:12,000	23,01	4,64	-1,6	-77,2	-11,2	0	-101,4
3014	11.08.2025 14:38:13,000	23,01	4,64	-1,7	-77,8	-10,4	0	-100,6
3015	11.08.2025 14:38:14,000	23,01	4,64	-1,7	-77,3	-11,0	0	-101,2
3016	11.08.2025 14:38:15,000	23,01	4,64	-1,8	-76,6	-11,6	0	-101,8
3017	11.08.2025 14:38:16,000	23,01	4,66	-2,1	-76,8	-11,1	0	-101,4
3018	11.08.2025 14:38:17,000	23,01	4,64	-1,5	-77,2	-11,3	0	-101,5
3019	11.08.2025 14:38:18,000	23,01	4,64	-1,6	-77,3	-11,2	0	-101,4
3020	11.08.2025 14:38:19,000	23,01	4,64	-1,9	-77,0	-11,1	0	-101,3
3021	11.08.2025 14:38:20,000	23,04	4,64	-1,7	-77,0	-11,2	0	-101,4
3022	11.08.2025 14:38:21,000	23,04	4,64	-1,6	-77,3	-11,1	0	-101,3
3023	11.08.2025 14:38:22,000	23,04	4,64	-2,2	-76,7	-11,1	0	-101,3
3024	11.08.2025 14:38:23,000	23,04	4,64	-2,1	-76,4	-11,5	0	-101,8
3025	11.08.2025 14:38:24,000	23,04	4,64	-2,2	-76,1	-11,7	0	-102,0
3026	11.08.2025 14:38:25,000	23,04	4,64	-2,2	-76,2	-11,5	0	-101,8
3027	11.08.2025 14:38:26,000	23,04	4,64	-2,0	-76,8	-11,2	0	-101,4
3028	11.08.2025 14:38:27,000	23,04	4,64	-2,1	-76,1	-11,8	0	-102,1
3029	11.08.2025 14:38:28,000	23,07	4,65	-2,2	-76,6	-11,2	0	-101,4
3030	11.08.2025 14:38:29,000	23,07	4,65	-2,3	-76,3	-11,4	0	-101,7
3031	11.08.2025 14:38:30,000	23,07	4,65	-2,0	-76,8	-11,2	0	-101,4
3032	11.08.2025 14:38:31,000	23,07	4,62	-2,0	-76,5	-11,5	0	-101,7
3033	11.08.2025 14:38:32,000	23,07	4,65	-2,1	-76,9	-11,1	0	-101,3
3034	11.08.2025 14:38:33,000	23,07	4,65	-1,7	-76,9	-11,4	0	-101,6
3035	11.08.2025 14:38:34,000	23,07	4,65	-1,7	-77,5	-10,8	0	-101,0
3036	11.08.2025 14:38:35,000	23,07	4,65	-1,5	-77,1	-11,4	0	-101,6
3037	11.08.2025 14:38:36,000	23,10	4,65	-1,7	-77,0	-11,4	0	-101,6
3038	11.08.2025 14:38:37,000	23,10	4,67	-1,7	-77,2	-11,1	0	-101,3
3039	11.08.2025 14:38:38,000	23,10	4,65	-1,7	-76,9	-11,3	0	-101,5
3040	11.08.2025 14:38:39,000	23,10	4,65	-2,0	-77,2	-10,8	0	-101,0
3041	11.08.2025 14:38:40,000	23,10	4,62	-2,0	-76,0	-12,0	0	-102,3
3042	11.08.2025 14:38:41,000	23,10	4,65	-2,3	-76,3	-11,4	0	-101,7
3043	11.08.2025 14:38:42,000	23,10	4,65	-2,3	-76,0	-11,8	0	-102,1
3044	11.08.2025 14:38:43,000	23,10	4,65	-2,3	-76,2	-11,5	0	-101,8
3045	11.08.2025 14:38:44,000	23,10	4,65	-1,8	-77,0	-11,2	0	-101,4
3046	11.08.2025 14:38:45,000	23,12	4,65	-2,0	-77,2	-10,8	0	-101,0
3047	11.08.2025 14:38:46,000	23,12	4,65	-1,8	-76,9	-11,3	0	-101,5
3048	11.08.2025 14:38:47,000	23,12	4,63	-1,9	-76,8	-11,3	0	-101,5
3049	11.08.2025 14:38:48,000	23,12	4,63	-2,0	-76,6	-11,4	0	-101,6
3050	11.08.2025 14:38:49,000	23,12	4,63	-1,9	-77,0	-11,1	0	-101,3
3051	11.08.2025 14:38:50,000	23,12	4,65	-2,1	-76,4	-11,4	0	-101,7
3052	11.08.2025 14:38:51,000	23,12	4,65	-2,3	-76,7	-11,1	0	-101,3
3053	11.08.2025 14:38:52,000	23,12	4,65	-2,1	-76,4	-11,5	0	-101,8
3054	11.08.2025 14:38:53,000	23,15	4,63	-2,4	-76,0	-11,5	0	-101,8
3055	11.08.2025 14:38:54,000	23,15	4,65	-2,0	-76,4	-11,5	0	-101,8
3056	11.08.2025 14:38:55,000	23,15	4,63	-2,2	-76,9	-11,0	0	-101,2
3057	11.08.2025 14:38:56,000	23,15	4,63	-1,9	-76,3	-11,8	0	-102,1
3058	11.08.2025 14:38:57,000	23,15	4,65	-2,1	-76,6	-11,3	0	-101,5
3059	11.08.2025 14:38:58,000	23,15	4,63	-2,1	-77,0	-10,9	0	-101,1
3060	11.08.2025 14:38:59,000	23,15	4,65	-2,0	-76,6	-11,4	0	-101,7
3061	11.08.2025 14:39:00,000	23,15	4,63	-2,0	-76,7	-11,3	0	-101,6
3062	11.08.2025 14:39:01,000	23,15	4,65	-1,9	-77,0	-11,1	0	-101,3
3063	11.08.2025 14:39:02,000	23,18	4,63	-1,5	-77,1	-11,4	0	-101,6
3064	11.08.2025 14:39:03,000	23,18	4,63	-1,6	-76,9	-11,4	0	-101,6
3065	11.08.2025 14:39:04,000	23,18	4,63	-1,7	-77,1	-11,2	0	-101,4
3066	11.08.2025 14:39:05,000	23,18	4,63	-1,4	-77,7	-10,9	0	-101,1
3067	11.08.2025 14:39:06,000	23,18	4,63	-1,7	-76,9	-11,4	0	-101,6
3068	11.08.2025 14:39:07,000	23,18	4,66	-1,6	-77,3	-11,1	0	-101,3
3069	11.08.2025 14:39:08,000	23,18	4,66	-2,0	-76,9	-11,1	0	-101,4
3070	11.08.2025 14:39:09,000	23,18	4,63	-2,2	-76,7	-11,2	0	-101,4
3071	11.08.2025 14:39:10,000	23,21	4,64	-2,3	-76,1	-11,6	0	-101,9
3072	11.08.2025 14:39:11,000	23,21	4,64	-2,6	-75,8	-11,6	0	-101,9
3073	11.08.2025 14:39:12,000	23,21	4,61	-2,6	-75,9	-11,4	0	-101,8
3074	11.08.2025 14:39:13,000	23,21	4,64	-2,5	-75,6	-11,9	0	-102,2
3075	11.08.2025 14:39:14,000	23,21	4,64	-2,5	-76,0	-11,6	0	-101,9
3076	11.08.2025 14:39:15,000	23,21	4,66	-2,3	-76,1	-11,6	0	-101,9
3077	11.08.2025 14:39:16,000	23,21	4,66	-2,1	-76,4	-11,5	0	-101,7
3078	11.08.2025 14:39:17,000	23,21	4,64	-2,1	-76,8	-11,2	0	-101,4
3079	11.08.2025 14:39:18,000	23,24	4,64	-2,0	-76,6	-11,3	0	-101,6
3080	11.08.2025 14:39:19,000	23,24	4,64	-1,9	-76,5	-11,6	0	-101,8
3081	11.08.2025 14:39:20,000	23,24	4,66	-1,7	-77,2	-11,1	0	-101,3
3082	11.08.2025 14:39:21,000	23,24	4,64	-1,7	-76,9	-11,4	0	-101,6
3083	11.08.2025 14:39:22,000	23,24	4,64	-1,7	-77,2	-11,1	0	-101,3
3084	11.08.2025 14:39:23,000	23,24	4,64	-1,6	-77,3	-11,1	0	-101,3
3085	11.08.2025 14:39:24,000	23,24	4,64	-1,6	-77,4	-10,9	0	-101,1
3086	11.08.2025 14:39:25,000	23,24	4,64	-1,4	-77,4	-11,2	0	-101,4
3087	11.08.2025 14:39:26,000	23,24	4,64	-1,2	-77,8	-11,0	0	-101,1
3088	11.08.2025 14:39:27,000	23,24	4,64	-1,4	-77,9	-10,8	0	-100,9
3089	11.08.2025 14:39:28,000	23,27	4,67	-1,4	-77,4	-11,2	0	-101,4
3090	11.08.2025 14:39:29,000	23,27	4,64	-1,5	-77,7	-10,8	0	-101,0
3091	11.08.2025 14:39:30,000	23,27	4,64	-1,4	-77,5	-11,1	0	-101,3
3092	11.08.2025 14:39:31,000	23,27	4,64	-1,4	-77,3	-11,3	0	-101,4
3093	11.08.2025 14:39:32,000	23,27	4,67	-1,4	-77,8	-10,8	0	-101,0
3094	11.08.2025 14:39:33,000	23,27	4,64	-1,6	-77,3	-11,1	0	-101,3
3095	11.08.2025 14:39:34,000	23,27	4,64	-1,5	-77,4	-11,0	0	-101,2
3096	11.08.2025 14:39:35,000	23,30	4,64	-1,9	-76,8	-11,3	0	-101,6
3097	11.08.2025 14:39:36,000	23,30	4,64	-1,8	-77,2	-11,0	0	-101,2
3098	11.08.2025 14:39:37,000	23,30	4,64	-1,7	-76,9	-11,4	0	-101,6
3099	11.08.2025 14:39:38,000	23,30	4,62	-1,8	-77,3	-10,9	0	-101,1
3100	11.08.2025 14:39:39,000	23,30	4,64	-2,0	-76,8	-11,3	0	-101,5
3101	11.08.2025 14:39:40,000	23,30	4,64	-2,0	-86,4	-1,6	0	-91,6
3102	11.08.2025 14:39:41,000	23,30	4,62	-20,8	42,9	26,3	1	56,4
3103	11.08.2025 14:39:42,000	23,30	4,62	18,8	-10,4	60,8	0	-12,1
3104	11.08.2025 14:39:43,000	23,33	4,55	24,8	-17,8	47,4	0	-23,3
3105	11.08.2025 14:39:44,000	23,33	4,60	26,7	-29,2	34,2	1	-41,2
3106	11.08.2025 14:39:45,000	23,33	4,60	34,7	-29,1	26,2	0	-47,7
3107	11.08.2025 14:39:46,000	23,33	4,60	24,7	-11,3	54,0	0	-14,0
3108	11.08.2025 14:39:47,000	23,33	4,62	34,0	-10,5	45,5	0	-14,7
3109	11.08.2025 14:39:48,000	23,33	4,60	9,3	-18,4	62,2	0	-20,3
3110	11.08.2025 14:39:49,000	23,36	4,60	28,6	31,9	29,5	0	46,9
3111	11.08.2025 14:39:50,000	23,36	4,63	25,0	5,2	59,8	1	6,1
3112	11.08.2025 14:39:51,000	23,36	4,63	61,2	17,4	11,4	1	6,1
3113	11.08.2025 14:39:52,000	23,39	4,63	39,4	42,4	8,2	0	77,9
3114	11.08.2025 14:39:53,000	23,39	4,63	30,8	0,8	58,4	1	0,9
3115	11.08.2025 14:39:54,000	23,39	4,63	55,0	-18,0	17,0	0	-46,5
3116	11.08.2025 14:39:55,000	23,39	4,56	-5,6	-7,9	76,5	1	-8,3
3117	11.08.2025 14:39:56,000	23,39	4,61	9,3	30,2	50,5	1	33,5
3118	11.08.2025 14:39:57,000	23,39	4,61	30,1	31,1	28,8	0	46,9
3119	11.08.2025 14:39:58,000	23,36	4,60	30,3	26,8	33,0	0	39,9
3120	11.08.2025 14:39:59,000	23,36	4,63	30,3	4,9	54,8	0	6,0
3121	11.08.2025 14:40:00,000	23,36	4,63	23,1	-23,4	43,6	1	-30,5
3122	11.08.2025 14:40:01,000	23,36	4,65	-11,6	-41,6	36,8	1	-47,8
3123	11.08.2025 14:40:02,000	23,36	4,65	20,9	-29,2	39,9	0	-37,6
3124	11.08.2025 14:40:03,000	23,36	4,63	53,6	-21,5	15,0	0	-54,7
3125	11.08.2025 14:40:04,000	23,36	4,65	44,2	-32,5	13,4	0	-66,4
3126	11.08.2025 14:40:05,000	23,39	4,68	32,5	-29,3	28,2	0	-46,0
3127	11.08.2025 14:40:06,000	23,39	4,65	18,5	18,9	52,6	1	23,0
3128	11.08.2025 14:40:07,000	23,39	4,63	24,9	-27,8	37,2	0	-38,0
3129	11.08.2025 14:40:08,000	23,39	4,63	0,2	-78,0	-11,8	0	-101,8
3130	11.08.2025 14:40:09,000	23,39	4,63	-1,0	-68,6	20,4	0	-69,4
3131	11.08.2025 14:40:10,000	23,39	4,63	3,2	-67,7	19,2	0	-70,2
3132	11.08.2025 14:40:11,000	23,39	4,63	13,8	-59,7	16,5	0	-71,1
3133	11.08.2025 14:40:12,000	23,42	4,63	9,5	-60,5	20,0	1	-67,9
3134	11.08.2025 14:40:13,000	23,42	4,63	0,1	-64,1	25,8	0	-64,1
3135	11.08.2025 14:40:14,000	23,42	4,63	-21,3	-33,6	35,2	0	-43,9
3136	11.08.2025 14:40:15,000	23,42	4,66	1,0	77,2	-11,8	0	101,9
3137	11.08.2025 14:40:16,000	23,42	4,63	1,3	77,2	-11,5	0	101,6
3138	11.08.2025 14:40:17,000	23,42	4,63	1,1	78,0	-10,9	0	101,0
3139	11.08.2025 14:40:18,000	23,42	4,63	1,0	78,7	-10,3	0	100,4
3140	11.08.2025 14:40:19,000	23,42	4,63	1,1	78,0	-10,9	0	101,0
3141	11.08.2025 14:40:20,000	23,42	4,63	0,7	78,9	-10,4	0	100,5
3142	11.08.2025 14:40:21,000	23,42	4,63	1,0	78,9	-10,2	0	100,3
3143	11.08.2025 14:40:22,000	23,42	4,66	0,9	79,2	-9,9	0	100,0
3144	11.08.2025 14:40:23,000	23,42	4,63	1,0	79,7	-9,3	0	99,4
3145	11.08.2025 14:40:24,000	23,42	4,66	0,9	79,2	-9,9	0	100,0
3146	11.08.2025 14:40:25,000	23,42	4,66	1,0	79,7	-9,3	0	99,4
3147	11.08.2025 14:40:26,000	23,42	4,63	1,1	78,9	-9,9	0	100,1
3148	11.08.2025 14:40:27,000	23,42	4,63	1,2	79,2	-9,6	0	99,8
3149	11.08.2025 14:40:28,000	23,42	4,63	1,3	78,9	-9,8	0	99,9
3150	11.08.2025 14:40:29,000	23,42	4,63	1,6	78,6	-9,8	0	100,0
3151	11.08.2025 14:40:30,000	23,42	4,66	1,2	79,0	-9,7	0	99,9
3152	11.08.2025 14:40:31,000	23,42	4,63	1,0	78,7	-10,3	0	100,4
3153	11.08.2025 14:40:32,000	23,44	4,66	1,4	78,2	-10,4	0	100,6
3154	11.08.2025 14:40:33,000	23,44	4,66	1,0	78,9	-10,1	0	100,2
3155	11.08.2025 14:40:34,000	23,44	4,63	0,9	79,3	-9,8	0	99,9
3156	11.08.2025 14:40:35,000	23,44	4,66	0,8	79,5	-9,7	0	99,8
3157	11.08.2025 14:40:36,000	23,44	4,66	0,2	80,0	-9,8	0	99,8
3158	11.08.2025 14:40:37,000	23,44	4,66	0,6	79,5	-10,0	0	100,0
3159	11.08.2025 14:40:38,000	23,44	4,63	0,3	79,3	-10,3	0	100,4
3160	11.08.2025 14:40:39,000	23,44	4,63	0,6	79,7	-9,7	0	99,8
3161	11.08.2025 14:40:40,000	23,44	4,63	0,8	80,1	-9,2	0	99,3
3162	11.08.2025 14:40:41,000	23,44	4,63	1,2	79,9	-8,8	0	99,0
3163	11.08.2025 14:40:42,000	23,44	4,66	1,6	79,3	-9,2	0	99,3
3164	11.08.2025 14:40:43,000	23,44	4,63	1,6	79,4	-9,0	0	99,2
3165	11.08.2025 14:40:44,000	23,44	4,63	1,3	79,6	-9,1	0	99,2
3166	11.08.2025 14:40:45,000	23,44	4,63	1,5	78,8	-9,7	0	99,8
3167	11.08.2025 14:40:46,000	23,44	4,66	1,1	80,0	-8,9	0	99,0
3168	11.08.2025 14:40:47,000	23,47	4,66	1,3	79,6	-9,1	0	99,2
3169	11.08.2025 14:40:48,000	23,47	4,64	0,6	79,9	-9,4	0	99,5
3170	11.08.2025 14:40:49,000	23,47	4,64	0,9	80,1	-9,0	0	99,1
3171	11.08.2025 14:40:50,000	23,47	4,64	0,8	79,8	-9,4	0	99,5
3172	11.08.2025 14:40:51,000	23,47	4,66	1,0	79,7	-9,3	0	99,4
3173	11.08.2025 14:40:52,000	23,47	4,64	1,5	79,3	-9,3	0	99,4
3174	11.08.2025 14:40:53,000	23,47	4,66	1,9	78,9	-9,3	0	99,4
3175	11.08.2025 14:40:54,000	23,47	4,64	2,7	78,1	-9,2	0	99,5
3176	11.08.2025 14:40:55,000	23,47	4,66	2,3	78,7	-9,0	0	99,3
3177	11.08.2025 14:40:56,000	23,47	4,64	1,8	80,2	-8,0	0	98,2
3178	11.08.2025 14:40:57,000	23,47	4,64	2,0	79,0	-9,0	0	99,2
3179	11.08.2025 14:40:58,000	23,47	4,64	1,1	79,5	-9,3	0	99,5
3180	11.08.2025 14:40:59,000	23,47	4,64	1,7	78,8	-9,6	0	99,7
3181	11.08.2025 14:41:00,000	23,47	4,64	0,8	80,3	-9,0	0	99,1
3182	11.08.2025 14:41:01,000	23,47	4,64	0,9	79,9	-9,2	0	99,3
3183	11.08.2025 14:41:02,000	23,47	4,64	0,7	80,3	-8,9	0	99,0
3184	11.08.2025 14:41:03,000	23,47	4,64	0,9	79,5	-9,6	0	99,7
3185	11.08.2025 14:41:04,000	23,50	4,64	0,6	80,1	-9,3	0	99,4
3186	11.08.2025 14:41:05,000	23,50	4,64	0,5	87,3	-2,2	0	92,2
3187	11.08.2025 14:41:06,000	23,50	4,64	-17,2	-55,5	17,4	0	-69,4
3188	11.08.2025 14:41:07,000	23,50	4,64	-65,1	-16,1	-8,7	0	-69,4
3189	11.08.2025 14:41:08,000	23,50	4,64	-51,9	4,0	-34,1	0	172,9
3190	11.08.2025 14:41:09,000	23,50	4,64	-52,6	3,8	-33,6	1	173,0
3191	11.08.2025 14:41:10,000	23,53	4,64	-62,0	3,4	-24,7	0	171,9
3192	11.08.2025 14:41:11,000	23,53	4,64	-64,7	2,3	-23,0	0	171,9
3193	11.08.2025 14:41:12,000	23,53	4,67	-65,0	1,6	-23,4	0	171,9
3194	11.08.2025 14:41:13,000	23,53	4,64	-64,8	2,0	-23,2	1	171,9
3195	11.08.2025 14:41:14,000	23,53	4,64	-52,2	2,1	-35,7	0	176,3
3196	11.08.2025 14:41:15,000	23,53	4,64	-54,2	-0,2	-35,6	1	-179,7
3197	11.08.2025 14:41:16,000	23,53	4,64	-55,9	0,6	-33,5	0	179,0
3198	11.08.2025 14:41:17,000	23,53	4,64	-58,0	-1,5	-30,5	0	-177,0
3199	11.08.2025 14:41:18,000	23,53	4,64	-54,5	-0,7	-34,8	0	-178,7
3200	11.08.2025 14:41:19,000	23,53	4,67	-58,1	0,3	-31,6	0	179,5
3201	11.08.2025 14:41:20,000	23,50	4,66	-56,5	-1,4	-32,1	0	-177,3
3202	11.08.2025 14:41:21,000	23,50	4,66	-56,0	-1,6	-32,4	0	-177,0
3203	11.08.2025 14:41:22,000	23,47	4,66	-56,4	-1,6	-32,0	0	-177,1
3204	11.08.2025 14:41:23,000	23,47	4,66	-56,7	-1,6	-31,8	0	-177,0
3205	11.08.2025 14:41:24,000	23,47	4,66	-55,7	-2,4	-31,9	0	-175,5
3206	11.08.2025 14:41:25,000	23,47	4,66	-55,5	-2,1	-32,4	0	-176,1
3207	11.08.2025 14:41:26,000	23,47	4,66	-55,7	-1,6	-32,7	0	-177,1
3208	11.08.2025 14:41:27,000	23,44	4,66	-56,0	-1,9	-32,1	0	-176,4
3209	11.08.2025 14:41:28,000	23,44	4,66	-55,7	-0,4	-33,9	0	-179,3
3210	11.08.2025 14:41:29,000	23,44	4,68	-56,5	0,1	-33,4	0	179,8
3211	11.08.2025 14:41:30,000	23,44	4,68	-56,1	-3,1	-30,8	0	-173,9
3212	11.08.2025 14:41:31,000	23,44	4,66	-54,6	-1,9	-33,6	0	-176,6
3213	11.08.2025 14:41:32,000	23,44	4,68	-55,1	-2,3	-32,6	0	-175,7
3214	11.08.2025 14:41:33,000	23,42	4,68	-56,3	-1,7	-32,1	0	-176,9
3215	11.08.2025 14:41:34,000	23,42	4,68	-55,3	-2,1	-32,6	0	-176,0
3216	11.08.2025 14:41:35,000	23,42	4,68	-55,1	-1,7	-33,1	0	-176,8
3217	11.08.2025 14:41:36,000	23,42	4,68	-56,1	-0,2	-33,7	0	-179,6
3218	11.08.2025 14:41:37,000	23,42	4,68	-54,9	-1,5	-33,5	0	-177,2
3219	11.08.2025 14:41:38,000	23,42	4,70	-55,6	-2,0	-32,4	0	-176,2
3220	11.08.2025 14:41:39,000	23,39	4,68	-56,2	-1,8	-32,0	1	-176,5
3221	11.08.2025 14:41:40,000	23,39	4,68	-57,8	-0,5	-31,8	0	-179,1
3222	11.08.2025 14:41:41,000	23,39	4,68	-53,8	4,8	-31,4	1	170,9
3223	11.08.2025 14:41:42,000	23,42	4,68	-50,0	3,9	-36,1	0	173,4
3224	11.08.2025 14:41:43,000	23,42	4,68	-49,4	2,8	-37,8	0	175,4
3225	11.08.2025 14:41:44,000	23,42	4,66	-50,0	4,6	-35,3	0	172,0
3226	11.08.2025 14:41:45,000	23,42	4,66	-49,0	3,5	-37,5	0	174,2
3227	11.08.2025 14:41:46,000	23,42	4,68	-48,6	4,2	-37,2	0	173,0
3228	11.08.2025 14:41:47,000	23,42	4,68	-43,9	5,4	-40,7	0	171,7
3229	11.08.2025 14:41:48,000	23,42	4,68	-47,7	4,6	-37,7	0	172,5
3230	11.08.2025 14:41:49,000	23,42	4,68	-47,6	5,0	-37,4	0	171,8
3231	11.08.2025 14:41:50,000	23,42	4,66	-45,1	5,3	-39,6	0	171,7
3232	11.08.2025 14:41:51,000	23,44	4,68	-48,2	4,1	-37,7	0	173,2
3233	11.08.2025 14:41:52,000	23,44	4,68	-48,2	4,8	-37,0	0	172,1
3234	11.08.2025 14:41:53,000	23,44	4,66	-50,8	4,7	-34,5	0	171,6
3235	11.08.2025 14:41:54,000	23,44	4,68	-47,5	3,2	-39,3	0	175,0
3236	11.08.2025 14:41:55,000	23,44	4,66	-50,7	4,2	-35,2	0	172,8
3237	11.08.2025 14:41:56,000	23,44	4,66	-49,3	5,6	-35,1	0	170,3
3238	11.08.2025 14:41:57,000	23,44	4,68	-49,5	3,3	-37,1	0	174,5
3239	11.08.2025 14:41:58,000	23,44	4,68	-50,7	3,6	-35,7	0	173,8
3240	11.08.2025 14:41:59,000	23,44	4,68	-41,6	5,3	-43,1	0	172,3
3241	11.08.2025 14:42:00,000	23,47	4,66	-47,5	4,7	-37,7	0	172,2
3242	11.08.2025 14:42:01,000	23,47	4,66	-42,5	5,4	-42,1	0	171,9
3243	11.08.2025 14:42:02,000	23,47	4,66	-44,4	4,6	-41,0	0	172,9
3244	11.08.2025 14:42:03,000	23,47	4,66	-46,8	5,5	-37,7	0	171,0
3245	11.08.2025 14:42:04,000	23,47	4,66	-48,5	3,1	-38,4	1	174,9
3246	11.08.2025 14:42:05,000	23,50	4,66	-22,8	-47,9	-19,3	1	-114,7
3247	11.08.2025 14:42:06,000	23,50	4,66	1,9	-73,2	-15,0	0	-105,3
3248	11.08.2025 14:42:07,000	23,50	4,66	2,1	-73,0	-14,9	0	-105,3
3249	11.08.2025 14:42:08,000	23,50	4,66	1,9	-73,5	-14,7	0	-105,0
3250	11.08.2025 14:42:09,000	23,50	4,66	2,0	-73,2	-14,7	0	-105,1
3251	11.08.2025 14:42:10,000	23,50	4,66	2,1	-73,1	-14,8	0	-105,1
3252	11.08.2025 14:42:11,000	23,50	4,66	2,0	-73,4	-14,6	0	-104,9
3253	11.08.2025 14:42:12,000	23,50	4,66	1,9	-73,2	-14,9	0	-105,2
3254	11.08.2025 14:42:13,000	23,50	4,64	2,4	-73,0	-14,6	0	-105,0
3255	11.08.2025 14:42:14,000	23,50	4,66	2,0	-73,2	-14,8	0	-105,1
3256	11.08.2025 14:42:15,000	23,50	4,66	2,3	-73,3	-14,5	0	-104,8
3257	11.08.2025 14:42:16,000	23,53	4,67	2,3	-72,9	-14,7	0	-105,1
3258	11.08.2025 14:42:17,000	23,53	4,67	2,1	-72,8	-15,1	0	-105,4
3259	11.08.2025 14:42:18,000	23,53	4,67	2,7	-72,9	-14,4	0	-104,8
3260	11.08.2025 14:42:19,000	23,53	4,67	2,0	-72,9	-15,1	0	-105,4
3261	11.08.2025 14:42:20,000	23,53	4,64	2,0	-73,4	-14,6	0	-104,9
3262	11.08.2025 14:42:21,000	23,53	4,67	1,7	-73,3	-15,0	0	-105,3
3263	11.08.2025 14:42:22,000	23,53	4,64	1,6	-73,5	-15,0	0	-105,2
3264	11.08.2025 14:42:23,000	23,53	4,67	1,3	-73,4	-15,3	0	-105,6
3265	11.08.2025 14:42:24,000	23,53	4,67	1,2	-73,6	-15,2	0	-105,4
3266	11.08.2025 14:42:25,000	23,53	4,64	1,5	-73,6	-14,9	0	-105,1
3267	11.08.2025 14:42:26,000	23,53	4,67	1,7	-73,3	-15,1	0	-105,3
3268	11.08.2025 14:42:27,000	23,53	4,64	1,8	-73,0	-15,1	0	-105,4
3269	11.08.2025 14:42:28,000	23,53	4,67	2,1	-73,1	-14,7	0	-105,1
3270	11.08.2025 14:42:29,000	23,53	4,67	2,0	-73,2	-14,8	0	-105,1
3271	11.08.2025 14:42:30,000	23,56	4,65	2,3	-73,1	-14,6	0	-105,0
3272	11.08.2025 14:42:31,000	23,56	4,67	2,5	-73,1	-14,4	0	-104,8
3273	11.08.2025 14:42:32,000	23,56	4,67	2,3	-73,0	-14,7	0	-105,1
3274	11.08.2025 14:42:33,000	23,56	4,67	2,5	-73,0	-14,5	0	-104,9
3275	11.08.2025 14:42:34,000	23,56	4,67	2,1	-73,3	-14,6	0	-104,9
3276	11.08.2025 14:42:35,000	23,56	4,65	2,3	-73,2	-14,5	0	-104,9
3277	11.08.2025 14:42:36,000	23,56	4,67	2,3	-72,8	-14,9	0	-105,2
3278	11.08.2025 14:42:37,000	23,56	4,65	2,2	-73,1	-14,8	0	-105,1
3279	11.08.2025 14:42:38,000	23,56	4,67	2,0	-72,9	-15,0	0	-105,4
3280	11.08.2025 14:42:39,000	23,56	4,67	2,2	-73,1	-14,7	0	-105,0
3281	11.08.2025 14:42:40,000	23,56	4,67	1,7	-73,2	-15,0	0	-105,3
3282	11.08.2025 14:42:41,000	23,56	4,67	1,7	-73,1	-15,2	0	-105,5
3283	11.08.2025 14:42:42,000	23,56	4,65	2,2	-73,1	-14,7	0	-105,0
3284	11.08.2025 14:42:43,000	23,56	4,67	2,0	-72,9	-15,2	0	-105,5
3285	11.08.2025 14:42:44,000	23,56	4,67	1,7	-73,2	-15,1	0	-105,4
3286	11.08.2025 14:42:45,000	23,59	4,65	2,2	-73,3	-14,6	0	-104,9
3287	11.08.2025 14:42:46,000	23,59	4,65	2,4	-73,0	-14,6	0	-105,0
3288	11.08.2025 14:42:47,000	23,59	4,67	1,9	-73,0	-15,0	0	-105,4
3289	11.08.2025 14:42:48,000	23,59	4,65	2,2	-73,1	-14,7	0	-105,0
3290	11.08.2025 14:42:49,000	23,59	4,67	1,9	-73,0	-15,0	0	-105,3
3291	11.08.2025 14:42:50,000	23,59	4,67	1,7	-73,4	-14,9	0	-105,2
3292	11.08.2025 14:42:51,000	23,59	4,67	1,8	-73,2	-15,0	0	-105,3
3293	11.08.2025 14:42:52,000	23,59	4,65	2,0	-73,3	-14,7	0	-105,0
3294	11.08.2025 14:42:53,000	23,59	4,65	1,8	-73,2	-15,1	0	-105,3
3295	11.08.2025 14:42:54,000	23,59	4,65	1,5	-73,4	-15,1	0	-105,3
3296	11.08.2025 14:42:55,000	23,59	4,65	1,9	-73,3	-14,8	0	-105,1
3297	11.08.2025 14:42:56,000	23,59	4,65	2,0	-73,1	-14,9	0	-105,2
3298	11.08.2025 14:42:57,000	23,59	4,65	1,7	-73,1	-15,2	0	-105,5
3299	11.08.2025 14:42:58,000	23,59	4,65	2,1	-73,2	-14,7	0	-105,0
3300	11.08.2025 14:42:59,000	23,59	4,65	2,2	-72,9	-14,9	0	-105,3
3301	11.08.2025 14:43:00,000	23,59	4,65	2,0	-72,9	-15,1	0	-105,5
3302	11.08.2025 14:43:01,000	23,59	4,65	2,1	-73,3	-14,6	0	-105,0
3303	11.08.2025 14:43:02,000	23,59	4,67	2,1	-73,3	-14,6	0	-105,0
3304	11.08.2025 14:43:03,000	23,62	4,65	1,6	-73,1	-15,3	0	-105,6
3305	11.08.2025 14:43:04,000	23,62	4,63	2,3	-73,4	-14,2	0	-104,6
3306	11.08.2025 14:43:05,000	23,62	4,68	1,4	-72,9	-15,6	0	-105,9
3307	11.08.2025 14:43:06,000	23,62	4,65	1,9	-73,6	-14,5	0	-104,8
3308	11.08.2025 14:43:07,000	23,62	4,65	1,6	-73,2	-15,2	0	-105,5
3309	11.08.2025 14:43:08,000	23,62	4,65	1,7	-73,1	-15,2	0	-105,5
3310	11.08.2025 14:43:09,000	23,62	4,65	2,4	-73,3	-14,3	0	-104,7
3311	11.08.2025 14:43:10,000	23,62	4,68	1,9	-72,6	-15,5	0	-105,8
3312	11.08.2025 14:43:11,000	23,62	4,68	2,7	-73,1	-14,2	0	-104,6
3313	11.08.2025 14:43:12,000	23,62	4,68	2,4	-72,6	-15,0	0	-105,4
3314	11.08.2025 14:43:13,000	23,62	4,65	2,5	-72,7	-14,8	0	-105,2
3315	11.08.2025 14:43:14,000	23,62	4,65	2,6	-73,0	-14,4	0	-104,8
3316	11.08.2025 14:43:15,000	23,62	4,65	2,3	-73,0	-14,6	0	-105,0
3317	11.08.2025 14:43:16,000	23,62	4,65	2,3	-72,7	-15,1	0	-105,4
3318	11.08.2025 14:43:17,000	23,62	4,65	2,1	-73,1	-14,8	0	-105,1
3319	11.08.2025 14:43:18,000	23,62	4,65	2,2	-73,2	-14,6	0	-104,9
3320	11.08.2025 14:43:19,000	23,62	4,65	2,2	-73,1	-14,7	0	-105,1
3321	11.08.2025 14:43:20,000	23,62	4,65	1,9	-73,1	-15,0	0	-105,3
3322	11.08.2025 14:43:21,000	23,65	4,68	2,2	-73,2	-14,7	0	-105,0
3323	11.08.2025 14:43:22,000	23,65	4,65	2,1	-72,9	-15,0	0	-105,3
3324	11.08.2025 14:43:23,000	23,65	4,65	2,0	-73,4	-14,6	0	-104,9
3325	11.08.2025 14:43:24,000	23,65	4,65	2,0	-72,9	-15,1	0	-105,4
3326	11.08.2025 14:43:25,000	23,65	4,68	2,3	-73,1	-14,6	0	-105,0
3327	11.08.2025 14:43:26,000	23,65	4,65	2,0	-72,9	-15,1	0	-105,4
3328	11.08.2025 14:43:27,000	23,65	4,65	2,1	-72,9	-15,0	0	-105,4
3329	11.08.2025 14:43:28,000	23,65	4,65	2,3	-73,1	-14,6	0	-105,0
3330	11.08.2025 14:43:29,000	23,65	4,65	2,4	-72,8	-14,8	0	-105,2
3331	11.08.2025 14:43:30,000	23,65	4,65	2,2	-73,2	-14,5	0	-104,9
3332	11.08.2025 14:43:31,000	23,65	4,65	2,1	-72,9	-15,0	0	-105,3
3333	11.08.2025 14:43:32,000	23,65	4,65	2,1	-73,0	-15,0	0	-105,3
3334	11.08.2025 14:43:33,000	23,65	4,65	1,9	-73,3	-14,8	0	-105,1
3335	11.08.2025 14:43:34,000	23,65	4,68	2,1	-73,2	-14,7	0	-105,0
3336	11.08.2025 14:43:35,000	23,65	4,65	2,2	-72,9	-14,9	0	-105,2
3337	11.08.2025 14:43:36,000	23,65	4,65	2,4	-73,2	-14,4	0	-104,7
3338	11.08.2025 14:43:37,000	23,65	4,68	1,4	-73,2	-15,3	0	-105,6
3339	11.08.2025 14:43:38,000	23,68	4,66	2,0	-73,3	-14,7	0	-105,0
3340	11.08.2025 14:43:39,000	23,68	4,66	1,2	-72,5	-16,3	0	-106,5
3341	11.08.2025 14:43:40,000	23,68	4,66	2,0	-72,6	-15,4	0	-105,8
3342	11.08.2025 14:43:41,000	23,68	4,66	2,4	-72,7	-14,9	0	-105,3
3343	11.08.2025 14:43:42,000	23,68	4,66	2,1	-72,3	-15,6	0	-105,9
3344	11.08.2025 14:43:43,000	23,68	4,66	2,1	-72,6	-15,4	0	-105,7
3345	11.08.2025 14:43:44,000	23,68	4,66	2,1	-72,3	-15,6	0	-106,0
3346	11.08.2025 14:43:45,000	23,68	4,66	2,6	-72,2	-15,2	0	-105,6
3347	11.08.2025 14:43:46,000	23,68	4,66	2,5	-72,3	-15,3	0	-105,7
3348	11.08.2025 14:43:47,000	23,68	4,66	2,7	-72,3	-15,0	0	-105,5
3349	11.08.2025 14:43:48,000	23,68	4,66	3,0	-72,1	-14,9	0	-105,4
3350	11.08.2025 14:43:49,000	23,68	4,66	2,4	-72,2	-15,4	0	-105,8
3351	11.08.2025 14:43:50,000	23,68	4,66	2,6	-72,4	-15,0	0	-105,4
3352	11.08.2025 14:43:51,000	23,71	4,66	2,8	-71,9	-15,3	0	-105,8
3353	11.08.2025 14:43:52,000	23,71	4,66	2,8	-72,1	-15,1	0	-105,5
3354	11.08.2025 14:43:53,000	23,71	4,66	2,6	-72,4	-15,0	0	-105,5
3355	11.08.2025 14:43:54,000	23,71	4,66	2,4	-72,1	-15,5	0	-105,9
3356	11.08.2025 14:43:55,000	23,71	4,66	2,1	-72,3	-15,6	0	-106,0
3357	11.08.2025 14:43:56,000	23,71	4,66	2,6	-70,8	-16,6	0	-107,1
3358	11.08.2025 14:43:57,000	23,71	4,66	2,6	-70,2	-17,1	0	-107,6
3359	11.08.2025 14:43:58,000	23,71	4,64	2,7	-70,2	-17,1	0	-107,6
3360	11.08.2025 14:43:59,000	23,71	4,64	2,8	-69,9	-17,3	0	-107,8
3361	11.08.2025 14:44:00,000	23,71	4,66	2,4	-70,5	-17,1	0	-107,5
3362	11.08.2025 14:44:01,000	23,71	4,64	2,0	-75,1	-12,9	0	-103,2
3363	11.08.2025 14:44:02,000	23,71	4,66	3,2	-73,2	-13,6	0	-104,0
3364	11.08.2025 14:44:03,000	23,71	4,66	2,6	-72,2	-15,2	0	-105,6
3365	11.08.2025 14:44:04,000	23,74	4,64	2,6	-72,4	-15,0	0	-105,4
3366	11.08.2025 14:44:05,000	23,74	4,64	2,9	-72,1	-15,0	0	-105,5
3367	11.08.2025 14:44:06,000	23,74	4,66	2,6	-71,9	-15,5	0	-106,0
3368	11.08.2025 14:44:07,000	23,74	4,66	3,1	-72,2	-14,7	0	-105,2
3369	11.08.2025 14:44:08,000	23,74	4,64	2,8	-71,7	-15,4	0	-105,9
3370	11.08.2025 14:44:09,000	23,74	4,64	2,9	-72,1	-15,0	0	-105,5
3371	11.08.2025 14:44:10,000	23,74	4,66	2,8	-72,5	-14,8	0	-105,2
3372	11.08.2025 14:44:11,000	23,74	4,64	3,0	-71,9	-15,2	0	-105,7
3373	11.08.2025 14:44:12,000	23,74	4,64	2,9	-72,1	-14,9	0	-105,4
3374	11.08.2025 14:44:13,000	23,74	4,66	2,9	-71,9	-15,2	0	-105,7
3375	11.08.2025 14:44:14,000	23,74	4,66	3,4	-71,9	-14,7	0	-105,2
3376	11.08.2025 14:44:15,000	23,74	4,66	3,5	-71,6	-14,9	0	-105,5
3377	11.08.2025 14:44:16,000	23,74	4,66	3,4	-71,8	-14,8	0	-105,4
3378	11.08.2025 14:44:17,000	23,74	4,66	3,3	-71,8	-14,9	0	-105,4
3379	11.08.2025 14:44:18,000	23,76	4,64	3,6	-71,7	-14,7	0	-105,3
3380	11.08.2025 14:44:19,000	23,76	4,64	3,1	-71,8	-15,1	0	-105,6
3381	11.08.2025 14:44:20,000	23,76	4,64	3,2	-72,0	-14,8	0	-105,3
3382	11.08.2025 14:44:21,000	23,76	4,67	3,0	-72,4	-14,6	0	-105,1
3383	11.08.2025 14:44:22,000	23,76	4,64	2,6	-72,0	-15,4	0	-105,8
3384	11.08.2025 14:44:23,000	23,76	4,67	2,7	-72,1	-15,2	0	-105,7
3385	11.08.2025 14:44:24,000	23,76	4,64	2,9	-72,3	-14,9	0	-105,3
3386	11.08.2025 14:44:25,000	23,76	4,64	2,7	-72,0	-15,4	0	-105,8
3387	11.08.2025 14:44:26,000	23,76	4,64	2,9	-72,0	-15,1	0	-105,6
3388	11.08.2025 14:44:27,000	23,76	4,64	2,8	-72,1	-15,0	0	-105,5
3389	11.08.2025 14:44:28,000	23,76	4,64	3,3	-72,1	-14,6	0	-105,1
3390	11.08.2025 14:44:29,000	23,76	4,64	3,0	-71,6	-15,3	0	-105,8
3391	11.08.2025 14:44:30,000	23,76	4,64	3,2	-71,9	-15,0	0	-105,5
3392	11.08.2025 14:44:31,000	23,76	4,64	3,4	-71,9	-14,7	0	-105,2
3393	11.08.2025 14:44:32,000	23,76	4,64	3,3	-71,7	-15,0	0	-105,5
3394	11.08.2025 14:44:33,000	23,76	4,64	3,3	-72,0	-14,7	0	-105,2
3395	11.08.2025 14:44:34,000	23,76	4,67	3,5	-71,8	-14,7	0	-105,2
3396	11.08.2025 14:44:35,000	23,76	4,67	3,2	-71,6	-15,2	0	-105,7
3397	11.08.2025 14:44:36,000	23,79	4,64	2,9	-72,1	-15,0	0	-105,5
3398	11.08.2025 14:44:37,000	23,79	4,64	3,1	-72,0	-14,9	0	-105,4
3399	11.08.2025 14:44:38,000	23,79	4,67	2,9	-72,0	-15,0	0	-105,5
3400	11.08.2025 14:44:39,000	23,79	4,67	2,6	-72,2	-15,3	0	-105,7
3401	11.08.2025 14:44:40,000	23,79	4,64	2,7	-72,3	-15,0	0	-105,4
3402	11.08.2025 14:44:41,000	23,79	4,67	2,6	-72,1	-15,3	0	-105,7
3403	11.08.2025 14:44:42,000	23,79	4,64	2,5	-72,0	-15,5	0	-105,9
3404	11.08.2025 14:44:43,000	23,79	4,67	2,9	-72,1	-15,0	0	-105,5
3405	11.08.2025 14:44:44,000	23,79	4,64	2,4	-72,4	-15,2	0	-105,6
3406	11.08.2025 14:44:45,000	23,79	4,64	2,7	-72,0	-15,3	0	-105,7
3407	11.08.2025 14:44:46,000	23,79	4,64	2,6	-72,2	-15,2	0	-105,7
3408	11.08.2025 14:44:47,000	23,79	4,64	3,0	-71,9	-15,1	0	-105,6
3409	11.08.2025 14:44:48,000	23,79	4,67	3,5	-71,6	-14,9	0	-105,4
3410	11.08.2025 14:44:49,000	23,79	4,67	3,4	-71,8	-14,8	0	-105,3
3411	11.08.2025 14:44:50,000	23,82	4,65	3,5	-71,8	-14,6	0	-105,2
3412	11.08.2025 14:44:51,000	23,82	4,67	3,9	-71,3	-14,8	0	-105,4
3413	11.08.2025 14:44:52,000	23,82	4,65	3,6	-71,5	-14,9	0	-105,4
3414	11.08.2025 14:44:53,000	23,82	4,65	3,5	-71,8	-14,7	0	-105,2
3415	11.08.2025 14:44:54,000	23,82	4,65	3,2	-71,9	-14,9	0	-105,4
3416	11.08.2025 14:44:55,000	23,82	4,65	2,8	-71,9	-15,3	0	-105,8
3417	11.08.2025 14:44:56,000	23,82	4,65	3,0	-71,9	-15,0	0	-105,5
3418	11.08.2025 14:44:57,000	23,82	4,65	3,1	-71,8	-15,1	0	-105,6
3419	11.08.2025 14:44:58,000	23,82	4,65	2,5	-72,0	-15,5	0	-105,9
3420	11.08.2025 14:44:59,000	23,82	4,65	2,7	-72,0	-15,2	0	-105,7
3421	11.08.2025 14:45:00,000	23,82	4,67	2,9	-72,1	-14,9	0	-105,4
3422	11.08.2025 14:45:01,000	23,82	4,65	2,9	-71,9	-15,3	0	-105,7
3423	11.08.2025 14:45:02,000	23,82	4,65	3,0	-71,7	-15,3	0	-105,8
3424	11.08.2025 14:45:03,000	23,82	4,65	2,7	-72,1	-15,2	0	-105,6
3425	11.08.2025 14:45:04,000	23,82	4,65	2,8	-72,2	-15,0	0	-105,5
3426	11.08.2025 14:45:05,000	23,85	4,65	2,7	-72,1	-15,3	0	-105,7
3427	11.08.2025 14:45:06,000	23,85	4,65	3,0	-72,0	-15,0	0	-105,5
3428	11.08.2025 14:45:07,000	23,85	4,65	3,0	-72,2	-14,8	0	-105,3
3429	11.08.2025 14:45:08,000	23,85	4,65	2,8	-71,7	-15,4	0	-105,9
3430	11.08.2025 14:45:09,000	23,85	4,65	2,9	-72,0	-15,1	0	-105,5
3431	11.08.2025 14:45:10,000	23,85	4,65	2,8	-72,1	-15,0	0	-105,5
3432	11.08.2025 14:45:11,000	23,85	4,65	3,2	-71,9	-14,9	0	-105,4
3433	11.08.2025 14:45:12,000	23,85	4,65	3,1	-72,1	-14,8	0	-105,3
3434	11.08.2025 14:45:13,000	23,85	4,65	3,4	-71,9	-14,7	0	-105,2
3435	11.08.2025 14:45:14,000	23,85	4,65	3,0	-71,9	-15,1	0	-105,6
3436	11.08.2025 14:45:15,000	23,85	4,63	3,4	-71,7	-14,9	0	-105,4
3437	11.08.2025 14:45:16,000	23,85	4,65	3,2	-72,0	-14,9	0	-105,4
3438	11.08.2025 14:45:17,000	23,85	4,65	3,4	-71,7	-14,9	0	-105,4
3439	11.08.2025 14:45:18,000	23,85	4,65	3,1	-71,8	-15,2	0	-105,7
3440	11.08.2025 14:45:19,000	23,88	4,65	3,0	-71,6	-15,3	0	-105,8
3441	11.08.2025 14:45:20,000	23,88	4,65	2,8	-72,2	-15,0	0	-105,5
3442	11.08.2025 14:45:21,000	23,88	4,65	3,2	-72,1	-14,7	0	-105,2
3443	11.08.2025 14:45:22,000	23,88	4,63	2,5	-71,8	-15,6	0	-106,1
3444	11.08.2025 14:45:23,000	23,88	4,63	2,8	-72,4	-14,9	0	-105,3
3445	11.08.2025 14:45:24,000	23,88	4,65	2,9	-71,8	-15,3	0	-105,8
3446	11.08.2025 14:45:25,000	23,88	4,68	2,8	-72,0	-15,3	0	-105,7
3447	11.08.2025 14:45:26,000	23,88	4,65	2,7	-72,2	-15,1	0	-105,5
3448	11.08.2025 14:45:27,000	23,88	4,68	3,3	-71,9	-14,8	0	-105,3
3449	11.08.2025 14:45:28,000	23,88	4,65	2,9	-71,7	-15,4	0	-105,9
3450	11.08.2025 14:45:29,000	23,88	4,65	3,1	-72,1	-14,8	0	-105,3
3451	11.08.2025 14:45:30,000	23,88	4,65	2,8	-71,6	-15,5	0	-106,0
3452	11.08.2025 14:45:31,000	23,88	4,65	3,1	-71,9	-15,0	0	-105,5
3453	11.08.2025 14:45:32,000	23,88	4,65	2,8	-72,1	-15,1	0	-105,6
3454	11.08.2025 14:45:33,000	23,91	4,66	3,2	-71,9	-14,9	0	-105,4
3455	11.08.2025 14:45:34,000	23,91	4,68	3,1	-71,8	-15,1	0	-105,6
3456	11.08.2025 14:45:35,000	23,91	4,66	2,9	-71,9	-15,2	0	-105,6
3457	11.08.2025 14:45:36,000	23,91	4,66	3,2	-72,1	-14,7	0	-105,2
3458	11.08.2025 14:45:37,000	23,91	4,66	2,8	-72,0	-15,2	0	-105,7
3459	11.08.2025 14:45:38,000	23,91	4,66	3,1	-71,8	-15,2	0	-105,7
3460	11.08.2025 14:45:39,000	23,91	4,66	2,8	-72,1	-15,2	0	-105,6
3461	11.08.2025 14:45:40,000	23,91	4,66	3,0	-71,7	-15,3	0	-105,8
3462	11.08.2025 14:45:41,000	23,91	4,66	3,2	-72,2	-14,6	0	-105,1
3463	11.08.2025 14:45:42,000	23,91	4,66	2,8	-71,7	-15,5	0	-105,9
3464	11.08.2025 14:45:43,000	23,91	4,63	3,1	-71,9	-15,0	0	-105,5
3465	11.08.2025 14:45:44,000	23,91	4,66	3,3	-71,9	-14,8	0	-105,3
3466	11.08.2025 14:45:45,000	23,94	4,66	3,1	-71,4	-15,5	0	-106,0
3467	11.08.2025 14:45:46,000	23,94	4,66	3,3	-72,0	-14,8	0	-105,3
3468	11.08.2025 14:45:47,000	23,94	4,64	3,2	-71,4	-15,4	0	-106,0
3469	11.08.2025 14:45:48,000	23,94	4,66	3,1	-71,9	-15,1	0	-105,6
3470	11.08.2025 14:45:49,000	23,94	4,66	2,7	-72,3	-14,9	0	-105,4
3471	11.08.2025 14:45:50,000	23,94	4,64	2,8	-71,7	-15,5	0	-106,0
3472	11.08.2025 14:45:51,000	23,94	4,66	2,3	-72,2	-15,4	0	-105,8
3473	11.08.2025 14:45:52,000	23,94	4,66	2,6	-72,2	-15,2	0	-105,6
3474	11.08.2025 14:45:53,000	23,94	4,66	2,7	-72,0	-15,3	0	-105,8
3475	11.08.2025 14:45:54,000	23,94	4,66	2,9	-71,9	-15,2	0	-105,7
3476	11.08.2025 14:45:55,000	23,94	4,66	3,0	-72,0	-15,0	0	-105,5
3477	11.08.2025 14:45:56,000	23,94	4,64	2,8	-71,9	-15,2	0	-105,7
3478	11.08.2025 14:45:57,000	23,94	4,66	3,1	-71,9	-15,0	0	-105,5
3479	11.08.2025 14:45:58,000	23,94	4,66	2,8	-72,1	-15,2	0	-105,6
3480	11.08.2025 14:45:59,000	23,94	4,66	3,1	-71,8	-15,0	0	-105,5
3481	11.08.2025 14:46:00,000	23,94	4,64	3,2	-71,9	-14,9	0	-105,5
3482	11.08.2025 14:46:01,000	23,94	4,66	3,0	-71,7	-15,2	0	-105,7
3483	11.08.2025 14:46:02,000	23,97	4,64	3,3	-71,7	-15,0	0	-105,5
3484	11.08.2025 14:46:03,000	23,97	4,66	3,4	-71,7	-14,9	0	-105,4
3485	11.08.2025 14:46:04,000	23,97	4,64	1,7	-73,5	-14,8	0	-105,1
3486	11.08.2025 14:46:05,000	23,97	4,66	-11,0	-37,2	41,8	0	-42,3
3487	11.08.2025 14:46:06,000	23,97	4,61	-70,0	-14,0	-6,0	0	-42,3
3488	11.08.2025 14:46:07,000	24,03	4,57	-39,7	-5,0	45,3	0	-7,1
3489	11.08.2025 14:46:08,000	24,11	4,56	2,7	51,4	35,9	1	53,0
3490	11.08.2025 14:46:09,000	24,20	4,61	-41,4	28,9	19,8	1	54,7
3491	11.08.2025 14:46:10,000	24,23	4,64	-35,3	26,7	27,9	0	43,9
3492	11.08.2025 14:46:11,000	24,29	4,65	-13,6	43,2	33,2	1	51,1
3493	11.08.2025 14:46:12,000	24,32	4,67	-65,6	2,6	21,7	0	51,1
3494	11.08.2025 14:46:13,000	24,32	4,67	7,1	-29,5	53,4	1	-32,0
3495	11.08.2025 14:46:14,000	24,35	4,58	-4,6	-27,9	57,5	1	-29,4
3496	11.08.2025 14:46:15,000	24,58	4,51	-24,3	15,4	50,3	0	19,6
3497	11.08.2025 14:46:16,000	24,90	4,47	-22,5	13,6	53,9	0	16,7
3498	11.08.2025 14:46:17,000	25,19	4,45	-21,8	-8,0	60,1	1	-9,4
3499	11.08.2025 14:46:18,000	25,42	4,54	-11,2	-33,1	-45,6	0	-142,3
3500	11.08.2025 14:46:19,000	25,51	4,55	3,7	-30,6	-55,8	0	-148,1
3501	11.08.2025 14:46:20,000	25,51	4,57	4,9	-30,1	-55,1	0	-148,3
3502	11.08.2025 14:46:21,000	25,48	4,60	6,7	-29,0	-54,3	0	-148,7
3503	11.08.2025 14:46:22,000	25,48	4,60	6,6	-28,7	-54,7	0	-149,1
3504	11.08.2025 14:46:23,000	25,48	4,62	7,3	-27,2	-55,5	0	-150,5
3505	11.08.2025 14:46:24,000	25,48	4,62	7,3	-29,0	-53,7	0	-148,6
3506	11.08.2025 14:46:25,000	25,51	4,62	0,3	-42,1	-47,6	0	-137,7
3507	11.08.2025 14:46:26,000	25,51	4,60	-41,0	20,2	28,8	0	35,8
3508	11.08.2025 14:46:27,000	25,62	4,59	5,1	81,8	3,2	0	86,7
3509	11.08.2025 14:46:28,000	25,71	4,57	-4,1	-31,6	-54,3	0	-146,9
3510	11.08.2025 14:46:29,000	25,77	4,55	5,5	-27,1	-57,3	0	-151,2
3511	11.08.2025 14:46:30,000	25,83	4,58	-0,8	-87,4	1,7	1	-88,2
3512	11.08.2025 14:46:31,000	25,88	4,59	-3,3	1,1	-85,7	1	178,9
3513	11.08.2025 14:46:32,000	25,91	4,57	0,0	-30,5	-59,5	1	-149,5
3514	11.08.2025 14:46:33,000	25,97	4,55	-37,1	38,6	-14,2	0	111,8
3515	11.08.2025 14:46:34,000	26,06	4,58	-85,0	-3,4	1,6	0	111,8
