#B	Created:	04.08.2025 06:20:21
##	Version	SeaStar	9.59
#5	Field separation:	0
#2	Date & Time:	1
#6	Decimal point:	,
#7	Date def.:	dd.mm.yyyy	.
#8	Time def.:	:
##	Axis	0	Temperature(°C)	clRed	FALSE
##	Axis	1	Pressure(Bar)	clBlue	FALSE
##	Axis	2	Angle(°)	clGreen	FALSE
##	Axis	3	EAL	clSkyBlue	FALSE
##	Axis	4	Roll(°)	$00404080	FALSE
##	Series	0	Temp(°C)	clRed	0	Temp(°C)	2
##	Series	1	Press(Bar)	clBlue	1	Press(Bar)	2
##	Series	2	Tilt-X(°)	clGreen	2	Tilt-X(°)	1
##	Series	3	Tilt-Y(°)	$00404080	2	Tilt-Y(°)	1
##	Series	4	Tilt-Z(°)	$00FF0080	2	Tilt-Z(°)	1
##	Series	5	EAL	clSkyBlue	3	EAL	0
##	Series	6	Roll(°)	$00404080	4	Roll(°)	1
##	Recorder	42	DST tilt	1173
##	Chart	42H1173DAT	
#D	Data:	2659	04.08.2025 05:35:00	04.08.2025 06:19:18
1	04.08.2025 05:35:00,000	22,57	4,69	66,8	-19,8	3,3	0	-80,2
2	04.08.2025 05:35:01,000	22,57	4,72	66,2	-20,5	3,3	0	-80,2
3	04.08.2025 05:35:02,000	22,57	4,69	66,0	-21,2	2,8	0	-80,2
4	04.08.2025 05:35:03,000	22,57	4,72	66,4	-20,4	3,2	0	-80,2
5	04.08.2025 05:35:04,000	22,57	4,69	66,3	-20,9	2,8	0	-80,2
6	04.08.2025 05:35:05,000	22,57	4,69	65,9	-21,1	3,1	0	-80,2
7	04.08.2025 05:35:06,000	22,57	4,69	66,6	-20,1	3,3	0	-80,2
8	04.08.2025 05:35:07,000	22,54	4,71	66,1	-20,5	3,4	0	-80,2
9	04.08.2025 05:35:08,000	22,54	4,69	66,5	-20,7	2,8	0	-80,2
10	04.08.2025 05:35:09,000	22,54	4,69	66,9	-20,5	2,6	0	-80,2
11	04.08.2025 05:35:10,000	22,54	4,69	66,3	-20,6	3,1	0	-80,2
12	04.08.2025 05:35:11,000	22,54	4,69	66,5	-20,2	3,3	0	-80,2
13	04.08.2025 05:35:12,000	22,54	4,69	66,4	-20,6	3,1	0	-80,2
14	04.08.2025 05:35:13,000	22,54	4,71	66,1	-20,9	3,1	0	-80,2
15	04.08.2025 05:35:14,000	22,54	4,69	66,8	-19,7	3,6	0	-80,2
16	04.08.2025 05:35:15,000	22,54	4,71	66,7	-20,1	3,2	0	-80,2
17	04.08.2025 05:35:16,000	22,54	4,69	66,5	-20,2	3,3	0	-80,2
18	04.08.2025 05:35:17,000	22,54	4,71	66,7	-19,8	3,5	0	-80,2
19	04.08.2025 05:35:18,000	22,51	4,69	66,0	-21,0	3,1	0	-80,2
20	04.08.2025 05:35:19,000	22,51	4,69	66,9	-20,9	2,2	0	-80,2
21	04.08.2025 05:35:20,000	22,51	4,69	67,6	-19,3	3,1	0	-80,2
22	04.08.2025 05:35:21,000	22,51	4,71	66,7	-20,5	2,8	0	-80,2
23	04.08.2025 05:35:22,000	22,51	4,71	65,9	-20,7	3,4	0	-80,2
24	04.08.2025 05:35:23,000	22,51	4,71	66,2	-20,7	3,1	0	-80,2
25	04.08.2025 05:35:24,000	22,51	4,71	66,7	-20,0	3,2	0	-80,2
26	04.08.2025 05:35:25,000	22,51	4,69	66,2	-20,6	3,2	0	-80,2
27	04.08.2025 05:35:26,000	22,51	4,71	66,1	-20,7	3,3	0	-80,2
28	04.08.2025 05:35:27,000	22,48	4,71	66,0	-20,8	3,2	0	-80,2
29	04.08.2025 05:35:28,000	22,48	4,68	66,3	-21,0	2,7	0	-80,2
30	04.08.2025 05:35:29,000	22,48	4,68	67,5	-19,6	3,0	0	-80,2
31	04.08.2025 05:35:30,000	22,48	4,68	65,8	-21,1	3,1	0	-80,2
32	04.08.2025 05:35:31,000	22,48	4,71	66,0	-22,1	1,9	0	-80,2
33	04.08.2025 05:35:32,000	22,48	4,71	65,0	-22,6	2,3	0	-80,2
34	04.08.2025 05:35:33,000	22,48	4,71	67,2	-20,4	2,4	0	-80,2
35	04.08.2025 05:35:34,000	22,48	4,71	66,6	-20,1	3,3	0	-80,2
36	04.08.2025 05:35:35,000	22,46	4,70	69,2	-18,3	2,5	0	-80,2
37	04.08.2025 05:35:36,000	22,46	4,70	66,2	-17,3	6,5	0	-80,2
38	04.08.2025 05:35:37,000	22,46	4,70	2,7	-24,3	63,0	0	-25,1
39	04.08.2025 05:35:38,000	22,46	4,70	-6,5	-12,6	70,9	0	-13,5
40	04.08.2025 05:35:39,000	22,46	4,70	-7,3	-13,5	69,2	0	-14,5
41	04.08.2025 05:35:40,000	22,46	4,70	-1,3	-6,3	82,4	0	-6,4
42	04.08.2025 05:35:41,000	22,46	4,68	41,2	19,3	-29,6	1	146,0
43	04.08.2025 05:35:42,000	22,46	4,70	29,2	-42,1	-18,6	0	-116,0
44	04.08.2025 05:35:43,000	22,22	4,75	51,1	-38,8	-0,1	0	-90,1
45	04.08.2025 05:35:44,000	21,43	4,84	39,6	-30,8	19,7	0	-56,4
46	04.08.2025 05:35:45,000	20,79	4,97	45,5	-12,7	31,8	0	-22,9
47	04.08.2025 05:35:46,000	20,50	4,96	44,7	-17,6	27,7	0	-33,2
48	04.08.2025 05:35:47,000	20,32	4,97	62,1	-8,1	19,7	0	-33,2
49	04.08.2025 05:35:48,000	20,20	5,01	77,1	2,4	10,5	0	-33,2
50	04.08.2025 05:35:49,000	20,03	4,99	56,9	11,5	21,6	0	28,6
51	04.08.2025 05:35:50,000	19,91	5,02	32,4	13,3	44,3	1	18,7
52	04.08.2025 05:35:51,000	19,82	5,09	61,9	6,8	21,3	1	18,7
53	04.08.2025 05:35:52,000	19,70	5,05	39,7	-9,2	41,1	0	-13,9
54	04.08.2025 05:35:53,000	19,62	5,02	39,3	-5,5	45,3	0	-7,7
55	04.08.2025 05:35:54,000	19,53	5,01	31,7	-12,4	46,0	0	-17,0
56	04.08.2025 05:35:55,000	19,47	4,96	34,2	-8,4	47,4	0	-11,4
57	04.08.2025 05:35:56,000	19,38	4,95	31,5	-6,4	52,2	0	-8,1
58	04.08.2025 05:35:57,000	19,32	4,99	33,9	-2,6	53,6	0	-3,2
59	04.08.2025 05:35:58,000	19,26	4,99	33,4	-7,4	49,3	0	-9,8
60	04.08.2025 05:35:59,000	19,23	4,98	35,5	-3,6	51,0	0	-4,6
61	04.08.2025 05:36:00,000	19,20	5,00	30,7	-3,3	56,0	0	-4,0
62	04.08.2025 05:36:01,000	19,11	5,02	50,8	2,9	36,3	0	4,9
63	04.08.2025 05:36:02,000	19,05	5,04	44,6	-4,7	40,7	0	-7,2
64	04.08.2025 05:36:03,000	19,05	5,04	55,3	-0,3	34,4	0	-0,5
65	04.08.2025 05:36:04,000	19,00	5,05	71,5	3,1	15,3	0	-0,5
66	04.08.2025 05:36:05,000	19,00	5,10	82,5	-2,1	5,4	0	-0,5
67	04.08.2025 05:36:06,000	18,97	5,12	78,0	-4,0	8,0	0	-0,5
68	04.08.2025 05:36:07,000	18,85	5,13	80,2	-3,8	6,0	0	-0,5
69	04.08.2025 05:36:08,000	18,79	5,15	84,6	-4,7	-0,7	0	-0,5
70	04.08.2025 05:36:09,000	18,73	5,19	72,6	-7,8	9,7	0	-0,5
71	04.08.2025 05:36:10,000	18,67	5,19	63,7	-9,4	16,9	0	-0,5
72	04.08.2025 05:36:11,000	18,61	5,20	64,3	-9,4	16,3	0	-0,5
73	04.08.2025 05:36:12,000	18,58	5,23	72,4	-6,6	11,0	0	-0,5
74	04.08.2025 05:36:13,000	18,55	5,20	69,9	-5,7	14,3	0	-0,5
75	04.08.2025 05:36:14,000	18,55	5,20	61,2	-9,8	19,0	0	-0,5
76	04.08.2025 05:36:15,000	18,52	5,22	57,8	-14,3	17,9	0	-38,9
77	04.08.2025 05:36:16,000	18,49	5,24	60,4	-13,3	16,3	0	-38,9
78	04.08.2025 05:36:17,000	18,46	5,21	58,1	-10,3	21,6	0	-25,9
79	04.08.2025 05:36:18,000	18,49	5,19	56,6	-7,3	26,1	0	-16,2
80	04.08.2025 05:36:19,000	18,49	5,19	59,4	-7,6	23,1	0	-18,7
81	04.08.2025 05:36:20,000	18,52	5,20	63,3	-4,7	22,0	0	-18,7
82	04.08.2025 05:36:21,000	18,52	5,22	66,9	-1,2	21,9	0	-18,7
83	04.08.2025 05:36:22,000	18,55	5,20	61,3	1,7	27,1	0	3,6
84	04.08.2025 05:36:23,000	18,52	5,17	58,5	6,5	25,0	0	15,0
85	04.08.2025 05:36:24,000	18,52	5,17	54,9	9,1	25,9	0	20,0
86	04.08.2025 05:36:25,000	18,52	5,15	58,8	-0,9	30,3	0	-1,7
87	04.08.2025 05:36:26,000	18,55	5,15	45,5	7,2	37,4	0	11,7
88	04.08.2025 05:36:27,000	18,55	5,15	53,8	1,1	35,1	0	1,9
89	04.08.2025 05:36:28,000	18,55	5,15	58,5	1,5	30,0	0	2,9
90	04.08.2025 05:36:29,000	18,58	5,13	59,3	5,9	24,8	0	13,9
91	04.08.2025 05:36:30,000	18,58	5,13	62,5	5,8	21,7	0	13,9
92	04.08.2025 05:36:31,000	18,58	5,13	60,9	4,9	24,2	0	11,8
93	04.08.2025 05:36:32,000	18,58	5,11	54,6	-0,6	34,8	0	-1,1
94	04.08.2025 05:36:33,000	18,61	5,09	43,2	4,1	42,8	0	6,0
95	04.08.2025 05:36:34,000	18,61	5,09	50,0	-3,6	36,4	0	-6,0
96	04.08.2025 05:36:35,000	18,61	5,09	53,7	2,8	33,5	0	5,1
97	04.08.2025 05:36:36,000	18,61	5,11	52,6	4,2	33,3	0	7,6
98	04.08.2025 05:36:37,000	18,61	5,09	54,0	3,8	32,2	0	7,1
99	04.08.2025 05:36:38,000	18,64	5,11	54,1	7,7	28,2	0	15,8
100	04.08.2025 05:36:39,000	18,64	5,11	58,1	9,5	22,5	0	23,4
101	04.08.2025 05:36:40,000	18,55	5,15	58,3	3,8	27,9	0	8,2
102	04.08.2025 05:36:41,000	18,46	5,17	45,2	6,0	38,8	0	9,5
103	04.08.2025 05:36:42,000	18,43	5,16	52,0	-1,8	36,2	0	-3,0
104	04.08.2025 05:36:43,000	18,40	5,18	57,9	-1,6	30,5	0	-3,1
105	04.08.2025 05:36:44,000	18,40	5,21	62,9	2,6	24,5	0	6,3
106	04.08.2025 05:36:45,000	18,40	5,21	64,1	4,9	21,0	0	6,3
107	04.08.2025 05:36:46,000	18,40	5,21	62,7	3,6	23,6	0	6,3
108	04.08.2025 05:36:47,000	18,40	5,21	56,6	-2,8	30,6	0	-5,4
109	04.08.2025 05:36:48,000	18,40	5,21	57,0	-2,6	30,4	0	-5,2
110	04.08.2025 05:36:49,000	18,40	5,26	61,3	5,0	23,7	0	12,3
111	04.08.2025 05:36:50,000	18,34	5,30	64,8	1,7	23,5	0	12,3
112	04.08.2025 05:36:51,000	18,28	5,27	63,2	3,0	23,7	0	12,3
113	04.08.2025 05:36:52,000	18,25	5,29	64,1	5,9	20,0	0	12,3
114	04.08.2025 05:36:53,000	18,22	5,29	67,6	2,3	20,1	0	12,3
115	04.08.2025 05:36:54,000	18,19	5,28	66,2	2,0	21,8	0	12,3
116	04.08.2025 05:36:55,000	18,16	5,30	64,1	6,3	19,6	0	12,3
117	04.08.2025 05:36:56,000	18,16	5,30	63,5	4,0	22,6	0	12,3
118	04.08.2025 05:36:57,000	18,13	5,28	64,8	2,7	22,5	0	12,3
119	04.08.2025 05:36:58,000	18,13	5,28	64,2	3,5	22,4	0	12,3
120	04.08.2025 05:36:59,000	18,13	5,28	67,0	1,2	21,7	0	12,3
121	04.08.2025 05:37:00,000	18,11	5,27	67,2	0,5	22,3	0	12,3
122	04.08.2025 05:37:01,000	18,11	5,27	67,2	0,7	22,1	0	12,3
123	04.08.2025 05:37:02,000	18,11	5,27	66,2	1,6	22,2	0	12,3
124	04.08.2025 05:37:03,000	18,11	5,30	64,3	2,6	23,1	0	12,3
125	04.08.2025 05:37:04,000	18,13	5,30	64,2	2,6	23,2	0	12,3
126	04.08.2025 05:37:05,000	18,11	5,30	63,3	0,7	26,0	0	1,6
127	04.08.2025 05:37:06,000	18,08	5,32	63,0	3,0	24,0	0	7,3
128	04.08.2025 05:37:07,000	18,08	5,34	63,1	5,8	21,1	0	7,3
129	04.08.2025 05:37:08,000	18,05	5,39	63,1	6,7	20,2	0	7,3
130	04.08.2025 05:37:09,000	17,96	5,40	63,4	2,0	24,6	0	4,8
131	04.08.2025 05:37:10,000	17,93	5,42	59,8	2,8	27,5	0	6,0
132	04.08.2025 05:37:11,000	17,90	5,42	58,8	10,5	20,7	0	27,3
133	04.08.2025 05:37:12,000	17,84	5,48	61,9	10,4	17,8	0	27,3
134	04.08.2025 05:37:13,000	17,78	5,52	61,5	7,1	21,5	0	27,3
135	04.08.2025 05:37:14,000	17,69	5,52	64,1	1,9	24,0	0	27,3
136	04.08.2025 05:37:15,000	17,66	5,56	60,2	11,9	17,9	0	27,3
137	04.08.2025 05:37:16,000	17,54	5,62	60,4	14,4	15,2	0	27,3
138	04.08.2025 05:37:17,000	17,39	5,65	63,8	6,6	19,6	0	27,3
139	04.08.2025 05:37:18,000	17,24	5,66	64,6	2,5	22,8	0	27,3
140	04.08.2025 05:37:19,000	17,18	5,65	60,6	10,6	18,8	0	27,3
141	04.08.2025 05:37:20,000	17,12	5,70	59,8	15,8	14,4	0	27,3
142	04.08.2025 05:37:21,000	17,00	5,73	61,5	8,9	19,6	0	27,3
143	04.08.2025 05:37:22,000	16,88	5,74	64,2	5,1	20,7	0	27,3
144	04.08.2025 05:37:23,000	16,79	5,76	63,0	9,8	17,3	0	27,3
145	04.08.2025 05:37:24,000	16,76	5,78	62,1	14,5	13,4	0	27,3
146	04.08.2025 05:37:25,000	16,61	5,86	62,1	13,2	14,7	0	27,3
147	04.08.2025 05:37:26,000	16,49	5,87	65,7	7,2	17,1	0	27,3
148	04.08.2025 05:37:27,000	16,33	5,88	63,9	8,9	17,2	0	27,3
149	04.08.2025 05:37:28,000	16,24	5,87	61,7	13,5	14,7	0	27,3
150	04.08.2025 05:37:29,000	16,15	5,98	62,6	11,5	15,8	0	27,3
151	04.08.2025 05:37:30,000	15,94	5,98	62,2	9,6	18,2	0	27,3
152	04.08.2025 05:37:31,000	15,82	6,02	60,6	12,5	16,9	0	27,3
153	04.08.2025 05:37:32,000	15,70	6,08	59,9	13,1	17,0	0	27,3
154	04.08.2025 05:37:33,000	15,61	6,07	59,3	12,4	18,3	0	27,3
155	04.08.2025 05:37:34,000	15,48	6,13	60,2	12,6	17,2	0	27,3
156	04.08.2025 05:37:35,000	15,39	6,12	61,1	12,2	16,8	0	27,3
157	04.08.2025 05:37:36,000	15,33	6,13	62,4	10,9	16,7	0	27,3
158	04.08.2025 05:37:37,000	15,27	6,18	61,1	8,3	20,7	0	27,3
159	04.08.2025 05:37:38,000	15,27	6,18	61,8	8,1	20,1	0	27,3
160	04.08.2025 05:37:39,000	15,27	6,22	65,9	8,8	15,4	0	27,3
161	04.08.2025 05:37:40,000	15,21	6,24	64,7	7,4	17,9	0	27,3
162	04.08.2025 05:37:41,000	15,21	6,26	63,1	5,7	21,2	0	27,3
163	04.08.2025 05:37:42,000	15,18	6,28	60,7	6,3	23,0	0	15,8
164	04.08.2025 05:37:43,000	15,12	6,30	60,3	4,6	25,1	0	10,7
165	04.08.2025 05:37:44,000	15,09	6,30	64,8	-0,8	24,4	0	10,7
166	04.08.2025 05:37:45,000	15,09	6,30	59,5	1,2	29,3	0	2,4
167	04.08.2025 05:37:46,000	15,09	6,32	56,2	-2,2	31,6	0	-4,2
168	04.08.2025 05:37:47,000	15,09	6,30	54,0	-3,7	32,3	0	-6,9
169	04.08.2025 05:37:48,000	15,12	6,30	54,6	-3,4	32,0	0	-6,5
170	04.08.2025 05:37:49,000	15,12	6,33	56,9	1,3	31,8	0	2,5
171	04.08.2025 05:37:50,000	15,15	6,33	56,2	2,9	30,9	0	5,7
172	04.08.2025 05:37:51,000	15,18	6,33	55,4	-1,9	32,7	0	-3,5
173	04.08.2025 05:37:52,000	15,21	6,33	53,1	-1,6	35,3	0	-2,8
174	04.08.2025 05:37:53,000	15,24	6,36	56,1	2,4	31,4	0	4,6
175	04.08.2025 05:37:54,000	15,24	6,36	56,6	2,3	31,1	0	4,4
176	04.08.2025 05:37:55,000	15,24	6,36	51,6	-2,0	36,4	0	-3,3
177	04.08.2025 05:37:56,000	15,21	6,36	45,6	-3,0	41,3	1	-4,6
178	04.08.2025 05:37:57,000	15,21	6,36	56,4	3,2	30,4	0	6,4
179	04.08.2025 05:37:58,000	15,24	6,41	62,2	5,6	22,1	0	6,4
180	04.08.2025 05:37:59,000	15,24	6,43	65,3	3,5	21,2	0	6,4
181	04.08.2025 05:38:00,000	15,21	6,48	65,8	-1,7	22,5	0	6,4
182	04.08.2025 05:38:01,000	15,09	6,51	62,5	-3,4	24,0	0	-8,4
183	04.08.2025 05:38:02,000	14,96	6,55	63,8	-2,9	23,4	0	-8,4
184	04.08.2025 05:38:03,000	14,75	6,55	62,8	-3,8	23,4	0	-8,4
185	04.08.2025 05:38:04,000	14,56	6,55	58,5	-4,3	27,2	0	-9,2
186	04.08.2025 05:38:05,000	14,50	6,52	55,4	-5,6	29,0	0	-11,4
187	04.08.2025 05:38:06,000	14,44	6,52	53,7	-6,9	29,4	0	-13,8
188	04.08.2025 05:38:07,000	14,38	6,54	48,1	-4,7	37,2	0	-7,8
189	04.08.2025 05:38:08,000	14,19	6,52	43,1	-4,9	42,1	0	-7,3
190	04.08.2025 05:38:09,000	14,01	6,48	33,3	-11,0	45,7	0	-15,3
191	04.08.2025 05:38:10,000	13,88	6,46	35,3	-7,9	46,8	0	-10,9
192	04.08.2025 05:38:11,000	13,79	6,48	46,1	-4,8	39,0	0	-7,7
193	04.08.2025 05:38:12,000	13,73	6,50	33,3	-13,7	43,0	0	-19,6
194	04.08.2025 05:38:13,000	13,70	6,47	33,6	-12,8	43,6	0	-18,2
195	04.08.2025 05:38:14,000	13,60	6,46	30,9	-13,9	45,2	0	-19,2
196	04.08.2025 05:38:15,000	13,54	6,45	33,5	-12,5	44,0	0	-17,6
197	04.08.2025 05:38:16,000	13,51	6,47	36,5	-10,5	43,0	0	-15,2
198	04.08.2025 05:38:17,000	13,48	6,42	33,3	-12,2	44,5	0	-17,2
199	04.08.2025 05:38:18,000	13,51	6,40	32,0	-12,6	45,4	0	-17,5
200	04.08.2025 05:38:19,000	13,54	6,43	32,9	-11,0	46,1	0	-15,2
201	04.08.2025 05:38:20,000	13,57	6,39	32,0	-12,6	45,4	0	-17,5
202	04.08.2025 05:38:21,000	13,60	6,39	34,6	-9,1	46,3	0	-12,5
203	04.08.2025 05:38:22,000	13,63	6,39	38,0	-7,1	45,0	0	-10,0
204	04.08.2025 05:38:23,000	13,67	6,37	30,0	-12,3	47,7	0	-16,5
205	04.08.2025 05:38:24,000	13,70	6,33	39,4	-4,8	45,7	0	-6,8
206	04.08.2025 05:38:25,000	13,70	6,35	33,7	-11,0	45,3	0	-15,4
207	04.08.2025 05:38:26,000	13,70	6,35	28,3	-12,7	49,0	0	-16,7
208	04.08.2025 05:38:27,000	13,67	6,35	32,4	-7,9	49,7	0	-10,5
209	04.08.2025 05:38:28,000	13,63	6,34	31,3	-9,4	49,3	0	-12,5
210	04.08.2025 05:38:29,000	13,67	6,35	32,5	-8,7	48,8	0	-11,7
211	04.08.2025 05:38:30,000	13,67	6,32	31,1	-10,2	48,7	0	-13,6
212	04.08.2025 05:38:31,000	13,70	6,33	33,3	-5,8	50,9	0	-7,5
213	04.08.2025 05:38:32,000	13,70	6,30	31,0	-8,9	50,1	0	-11,6
214	04.08.2025 05:38:33,000	13,70	6,33	33,3	-8,2	48,5	0	-11,0
215	04.08.2025 05:38:34,000	13,70	6,33	29,1	-10,1	50,8	0	-13,1
216	04.08.2025 05:38:35,000	13,70	6,30	32,9	-5,5	51,6	0	-7,1
217	04.08.2025 05:38:36,000	13,67	6,32	38,1	-4,7	47,2	0	-6,4
218	04.08.2025 05:38:37,000	13,70	6,33	32,1	-11,1	46,7	0	-15,2
219	04.08.2025 05:38:38,000	13,70	6,33	32,9	-8,4	48,7	0	-11,2
220	04.08.2025 05:38:39,000	13,67	6,32	36,0	-4,8	49,2	0	-6,4
221	04.08.2025 05:38:40,000	13,67	6,32	32,7	-8,6	48,7	0	-11,5
222	04.08.2025 05:38:41,000	13,67	6,32	28,0	-12,1	49,9	0	-15,8
223	04.08.2025 05:38:42,000	13,67	6,32	41,6	0,0	48,4	0	0,0
224	04.08.2025 05:38:43,000	13,63	6,34	34,2	-8,8	47,0	0	-12,1
225	04.08.2025 05:38:44,000	13,63	6,37	39,8	-2,4	47,8	0	-3,3
226	04.08.2025 05:38:45,000	13,67	6,35	35,1	-4,8	50,2	0	-6,3
227	04.08.2025 05:38:46,000	13,63	6,34	31,8	-10,9	47,3	0	-14,8
228	04.08.2025 05:38:47,000	13,60	6,37	42,3	-1,5	46,2	0	-2,1
229	04.08.2025 05:38:48,000	13,60	6,37	34,9	-3,8	51,3	0	-4,9
230	04.08.2025 05:38:49,000	13,54	6,38	30,4	-8,3	51,3	0	-10,7
231	04.08.2025 05:38:50,000	13,48	6,40	29,9	-9,1	50,9	0	-11,9
232	04.08.2025 05:38:51,000	13,45	6,42	29,9	-10,3	49,9	0	-13,4
233	04.08.2025 05:38:52,000	13,38	6,41	28,5	-9,9	51,6	0	-12,8
234	04.08.2025 05:38:53,000	13,32	6,46	31,1	-6,7	52,1	0	-8,6
235	04.08.2025 05:38:54,000	13,10	6,48	28,3	-10,0	51,7	0	-12,8
236	04.08.2025 05:38:55,000	12,98	6,52	27,9	-10,2	52,0	0	-13,0
237	04.08.2025 05:38:56,000	12,88	6,51	27,2	-10,5	52,3	0	-13,4
238	04.08.2025 05:38:57,000	12,79	6,54	27,7	-11,2	51,1	0	-14,4
239	04.08.2025 05:38:58,000	12,69	6,53	26,4	-9,8	53,8	0	-12,3
240	04.08.2025 05:38:59,000	12,60	6,55	31,4	-5,7	52,9	0	-7,2
241	04.08.2025 05:39:00,000	12,50	6,56	31,6	-8,2	50,2	0	-10,8
242	04.08.2025 05:39:01,000	12,47	6,58	30,4	-8,6	51,0	0	-11,2
243	04.08.2025 05:39:02,000	12,47	6,58	34,4	-3,1	52,5	0	-4,0
244	04.08.2025 05:39:03,000	12,47	6,56	28,5	-7,7	53,8	0	-9,7
245	04.08.2025 05:39:04,000	12,47	6,61	37,8	-2,9	49,3	0	-3,8
246	04.08.2025 05:39:05,000	12,47	6,61	29,8	-10,3	49,9	0	-13,5
247	04.08.2025 05:39:06,000	12,47	6,63	29,1	-10,0	50,9	0	-12,9
248	04.08.2025 05:39:07,000	12,47	6,63	34,7	-4,0	51,4	0	-5,1
249	04.08.2025 05:39:08,000	12,47	6,65	31,9	-7,5	50,6	0	-9,8
250	04.08.2025 05:39:09,000	12,47	6,65	37,1	-3,8	49,0	0	-5,1
251	04.08.2025 05:39:10,000	12,47	6,68	33,9	-6,3	49,8	0	-8,3
252	04.08.2025 05:39:11,000	12,47	6,70	31,0	-8,7	50,3	0	-11,3
253	04.08.2025 05:39:12,000	12,47	6,70	28,3	-10,4	51,3	0	-13,4
254	04.08.2025 05:39:13,000	12,41	6,72	37,3	-5,4	47,2	0	-7,4
255	04.08.2025 05:39:14,000	12,38	6,71	32,2	-8,4	49,4	0	-11,2
256	04.08.2025 05:39:15,000	12,38	6,74	32,3	-7,3	50,3	0	-9,6
257	04.08.2025 05:39:16,000	12,41	6,77	38,6	-3,9	47,5	0	-5,3
258	04.08.2025 05:39:17,000	12,34	6,76	32,7	-9,3	48,0	0	-12,5
259	04.08.2025 05:39:18,000	12,34	6,76	28,4	-8,9	52,7	0	-11,3
260	04.08.2025 05:39:19,000	12,18	6,86	37,8	-5,3	46,9	0	-7,3
261	04.08.2025 05:39:20,000	11,96	6,86	40,5	-3,0	46,5	0	-4,1
262	04.08.2025 05:39:21,000	11,93	6,88	34,8	-8,3	46,9	0	-11,4
263	04.08.2025 05:39:22,000	11,90	6,88	33,2	-9,4	47,3	0	-12,9
264	04.08.2025 05:39:23,000	11,83	6,90	37,0	-7,7	45,2	0	-10,9
265	04.08.2025 05:39:24,000	11,77	6,94	38,9	-7,2	43,9	0	-10,4
266	04.08.2025 05:39:25,000	11,74	6,96	39,4	-5,5	45,1	0	-7,7
267	04.08.2025 05:39:26,000	11,55	7,03	36,3	-7,4	46,3	0	-10,3
268	04.08.2025 05:39:27,000	11,35	7,01	35,6	-8,7	45,7	0	-12,2
269	04.08.2025 05:39:28,000	11,19	7,04	37,2	-7,9	44,9	0	-11,3
270	04.08.2025 05:39:29,000	11,03	7,10	40,5	-6,4	43,1	0	-9,4
271	04.08.2025 05:39:30,000	10,87	7,13	33,0	-10,6	46,4	0	-14,6
272	04.08.2025 05:39:31,000	10,77	7,12	31,1	-10,2	48,7	0	-13,6
273	04.08.2025 05:39:32,000	10,67	7,13	39,4	-5,2	45,4	0	-7,3
274	04.08.2025 05:39:33,000	10,61	7,17	39,4	-6,7	43,9	0	-9,7
275	04.08.2025 05:39:34,000	10,61	7,17	28,0	-11,5	50,5	0	-14,9
276	04.08.2025 05:39:35,000	10,61	7,20	39,7	-4,9	45,4	0	-6,9
277	04.08.2025 05:39:36,000	10,61	7,22	39,7	-4,4	45,9	0	-6,2
278	04.08.2025 05:39:37,000	10,51	7,24	37,6	-5,0	47,4	0	-6,8
279	04.08.2025 05:39:38,000	10,44	7,28	42,1	-1,8	46,0	0	-2,5
280	04.08.2025 05:39:39,000	10,38	7,29	42,8	-3,6	43,6	0	-5,3
281	04.08.2025 05:39:40,000	10,34	7,31	40,8	-4,6	44,6	0	-6,6
282	04.08.2025 05:39:41,000	10,25	7,33	41,0	-4,2	44,7	0	-6,1
283	04.08.2025 05:39:42,000	10,25	7,35	42,8	-2,0	45,2	0	-2,9
284	04.08.2025 05:39:43,000	10,21	7,35	40,6	-2,7	46,7	0	-3,7
285	04.08.2025 05:39:44,000	10,21	7,37	43,4	-1,8	44,8	0	-2,6
286	04.08.2025 05:39:45,000	10,21	7,39	40,9	-2,4	46,7	0	-3,3
287	04.08.2025 05:39:46,000	10,18	7,37	42,3	-0,6	47,1	0	-0,8
288	04.08.2025 05:39:47,000	10,18	7,37	40,2	-4,6	45,2	0	-6,5
289	04.08.2025 05:39:48,000	10,21	7,39	40,8	-3,5	45,7	0	-4,9
290	04.08.2025 05:39:49,000	10,15	7,46	35,8	-4,1	50,1	0	-5,4
291	04.08.2025 05:39:50,000	10,08	7,45	39,9	-1,9	48,2	0	-2,5
292	04.08.2025 05:39:51,000	10,08	7,47	37,7	-3,3	49,0	0	-4,4
293	04.08.2025 05:39:52,000	10,08	7,47	34,7	-7,0	48,3	0	-9,5
294	04.08.2025 05:39:53,000	10,11	7,50	39,2	-0,4	50,4	0	-0,5
295	04.08.2025 05:39:54,000	10,11	7,52	36,8	-2,1	51,1	0	-2,8
296	04.08.2025 05:39:55,000	10,08	7,52	31,2	-7,0	51,8	0	-9,0
297	04.08.2025 05:39:56,000	10,08	7,55	38,5	0,9	50,6	0	1,1
298	04.08.2025 05:39:57,000	10,05	7,54	30,4	-10,2	49,3	0	-13,5
299	04.08.2025 05:39:58,000	10,02	7,59	34,2	-6,0	49,7	0	-8,0
300	04.08.2025 05:39:59,000	10,02	7,59	39,0	0,1	50,9	0	0,1
301	04.08.2025 05:40:00,000	10,02	7,63	30,8	-7,6	51,6	0	-9,8
302	04.08.2025 05:40:01,000	9,92	7,65	40,9	-0,5	48,6	0	-0,7
303	04.08.2025 05:40:02,000	9,65	7,71	31,3	-8,9	49,8	0	-11,7
304	04.08.2025 05:40:03,000	9,52	7,77	34,5	-6,3	49,2	0	-8,4
305	04.08.2025 05:40:04,000	9,42	7,76	37,9	-1,4	50,7	0	-1,8
306	04.08.2025 05:40:05,000	9,39	7,76	29,1	-9,7	51,1	0	-12,6
307	04.08.2025 05:40:06,000	9,39	7,78	35,5	-3,9	50,6	0	-5,1
308	04.08.2025 05:40:07,000	9,39	7,78	38,4	-0,9	50,7	0	-1,2
309	04.08.2025 05:40:08,000	9,32	7,82	35,4	-4,6	50,0	0	-6,1
310	04.08.2025 05:40:09,000	9,25	7,84	39,9	-2,5	47,6	0	-3,4
311	04.08.2025 05:40:10,000	9,22	7,86	29,6	-10,2	50,2	0	-13,3
312	04.08.2025 05:40:11,000	9,25	7,89	35,6	-3,3	51,1	0	-4,3
313	04.08.2025 05:40:12,000	9,22	7,88	26,9	-11,5	51,6	0	-14,7
314	04.08.2025 05:40:13,000	9,22	7,91	31,8	-8,6	49,6	0	-11,4
315	04.08.2025 05:40:14,000	9,25	7,93	40,8	1,3	47,9	0	1,8
316	04.08.2025 05:40:15,000	9,22	7,95	32,4	-6,6	51,0	0	-8,6
317	04.08.2025 05:40:16,000	9,22	7,95	34,1	-8,1	47,7	0	-11,0
318	04.08.2025 05:40:17,000	9,25	7,98	28,3	-11,8	49,8	0	-15,5
319	04.08.2025 05:40:18,000	9,25	7,98	27,8	-10,2	52,0	0	-13,1
320	04.08.2025 05:40:19,000	9,25	8,00	29,6	-9,7	50,8	0	-12,5
321	04.08.2025 05:40:20,000	9,19	8,07	40,0	-0,7	49,3	0	-0,9
322	04.08.2025 05:40:21,000	9,12	8,06	32,8	-8,6	48,6	0	-11,5
323	04.08.2025 05:40:22,000	9,09	8,08	27,5	-11,6	51,0	0	-14,9
324	04.08.2025 05:40:23,000	9,09	8,13	36,0	-4,7	49,3	0	-6,2
325	04.08.2025 05:40:24,000	8,92	8,13	31,4	-8,3	50,3	0	-10,9
326	04.08.2025 05:40:25,000	8,85	8,13	32,1	-22,1	35,8	0	-33,2
327	04.08.2025 05:40:26,000	8,78	8,19	31,7	-3,6	54,6	0	-4,5
328	04.08.2025 05:40:27,000	8,68	8,20	34,1	-7,2	48,7	0	-9,6
329	04.08.2025 05:40:28,000	8,65	8,22	36,5	-3,1	50,3	0	-4,1
330	04.08.2025 05:40:29,000	8,51	8,26	36,4	-3,6	50,0	0	-4,8
331	04.08.2025 05:40:30,000	8,41	8,27	37,6	-4,2	48,3	0	-5,6
332	04.08.2025 05:40:31,000	8,41	8,27	39,5	-5,4	45,1	0	-7,6
333	04.08.2025 05:40:32,000	8,41	8,27	40,7	-3,4	45,9	0	-4,8
334	04.08.2025 05:40:33,000	8,45	8,30	42,4	-0,7	46,9	0	-0,9
335	04.08.2025 05:40:34,000	8,48	8,30	41,3	-4,4	44,3	0	-6,3
336	04.08.2025 05:40:35,000	8,51	8,28	42,5	-5,0	42,5	0	-7,5
337	04.08.2025 05:40:36,000	8,51	8,33	42,7	-3,6	43,7	0	-5,3
338	04.08.2025 05:40:37,000	8,51	8,33	42,3	-5,7	42,0	0	-8,5
339	04.08.2025 05:40:38,000	8,51	8,35	45,2	-6,8	38,0	0	-11,0
340	04.08.2025 05:40:39,000	8,51	8,37	45,0	-5,1	39,9	0	-7,9
341	04.08.2025 05:40:40,000	8,48	8,39	42,0	-2,3	45,7	0	-3,2
342	04.08.2025 05:40:41,000	8,48	8,42	42,5	-7,3	40,1	0	-11,4
343	04.08.2025 05:40:42,000	8,48	8,44	47,5	-7,2	35,3	0	-12,3
344	04.08.2025 05:40:43,000	8,48	8,47	45,4	-7,6	37,1	0	-12,5
345	04.08.2025 05:40:44,000	8,38	8,48	43,7	-5,9	40,5	0	-9,0
346	04.08.2025 05:40:45,000	8,28	8,52	44,1	-8,0	37,9	0	-12,8
347	04.08.2025 05:40:46,000	8,14	8,57	47,8	-8,3	33,9	0	-14,7
348	04.08.2025 05:40:47,000	8,07	8,59	46,8	-9,1	34,0	0	-16,0
349	04.08.2025 05:40:48,000	8,00	8,61	45,1	-8,5	36,4	0	-14,1
350	04.08.2025 05:40:49,000	8,00	8,63	47,6	-8,0	34,4	0	-13,9
351	04.08.2025 05:40:50,000	8,00	8,65	47,8	-9,2	33,0	0	-16,6
352	04.08.2025 05:40:51,000	7,97	8,67	47,0	-7,4	35,5	0	-12,7
353	04.08.2025 05:40:52,000	7,93	8,72	46,6	-8,3	35,1	0	-14,2
354	04.08.2025 05:40:53,000	7,87	8,73	48,7	-9,5	31,8	0	-17,5
355	04.08.2025 05:40:54,000	7,80	8,77	49,1	-8,0	32,8	0	-14,6
356	04.08.2025 05:40:55,000	7,73	8,79	46,3	-8,2	35,6	0	-13,8
357	04.08.2025 05:40:56,000	7,69	8,81	48,5	-9,5	32,0	0	-17,4
358	04.08.2025 05:40:57,000	7,69	8,86	55,2	-6,8	28,1	0	-14,1
359	04.08.2025 05:40:58,000	7,66	8,90	53,1	-7,5	29,4	0	-15,0
360	04.08.2025 05:40:59,000	7,66	8,92	47,2	-9,2	33,7	0	-16,2
361	04.08.2025 05:41:00,000	7,59	8,92	50,9	-8,6	30,5	0	-16,5
362	04.08.2025 05:41:01,000	7,52	8,96	27,5	-11,2	51,3	1	-14,4
363	04.08.2025 05:41:02,000	7,45	8,95	12,0	-15,1	62,9	0	-16,9
364	04.08.2025 05:41:03,000	7,49	8,93	-0,8	-17,5	71,7	0	-17,7
365	04.08.2025 05:41:04,000	7,49	8,95	-3,3	-9,5	77,2	0	-9,8
366	04.08.2025 05:41:05,000	7,49	8,95	-3,5	-11,7	74,7	0	-12,2
367	04.08.2025 05:41:06,000	7,45	8,95	-0,4	-9,5	80,0	1	-9,6
368	04.08.2025 05:41:07,000	7,38	8,97	-5,7	-9,0	75,3	0	-9,5
369	04.08.2025 05:41:08,000	7,32	8,96	-2,9	-11,5	75,6	0	-11,9
370	04.08.2025 05:41:09,000	7,28	8,95	1,1	-8,7	80,2	0	-8,8
371	04.08.2025 05:41:10,000	7,25	8,95	-5,5	-9,4	75,2	0	-9,8
372	04.08.2025 05:41:11,000	7,21	8,97	-2,1	-6,7	81,2	0	-6,9
373	04.08.2025 05:41:12,000	7,18	8,97	-5,6	-12,7	71,8	0	-13,4
374	04.08.2025 05:41:13,000	7,11	8,96	-1,9	-10,6	77,5	0	-10,8
375	04.08.2025 05:41:14,000	7,07	8,98	3,1	-9,7	77,2	0	-10,0
376	04.08.2025 05:41:15,000	7,00	8,95	-3,4	-10,5	76,1	0	-10,9
377	04.08.2025 05:41:16,000	6,93	8,97	-5,8	-9,1	75,1	0	-9,6
378	04.08.2025 05:41:17,000	6,86	8,98	-4,1	-13,3	72,6	0	-13,8
379	04.08.2025 05:41:18,000	6,83	8,98	-8,0	-16,7	65,3	0	-18,1
380	04.08.2025 05:41:19,000	6,76	8,95	-3,9	-8,3	77,8	0	-8,6
381	04.08.2025 05:41:20,000	6,72	8,94	-7,9	-9,6	72,6	0	-10,2
382	04.08.2025 05:41:21,000	6,69	8,96	-5,7	-12,1	72,2	0	-12,8
383	04.08.2025 05:41:22,000	6,65	8,96	2,4	-10,8	76,7	0	-11,1
384	04.08.2025 05:41:23,000	6,62	8,93	-6,6	-10,3	73,1	0	-10,9
385	04.08.2025 05:41:24,000	6,58	8,95	-6,2	-13,7	70,1	0	-14,6
386	04.08.2025 05:41:25,000	6,58	8,93	-4,4	-10,9	74,8	0	-11,3
387	04.08.2025 05:41:26,000	6,58	8,95	-2,1	-11,7	76,2	0	-12,0
388	04.08.2025 05:41:27,000	6,55	8,95	0,0	-7,5	82,4	0	-7,6
389	04.08.2025 05:41:28,000	6,51	8,95	-5,8	-12,6	71,6	0	-13,4
390	04.08.2025 05:41:29,000	6,51	8,92	-1,4	-9,4	79,2	0	-9,5
391	04.08.2025 05:41:30,000	6,48	8,92	-2,2	-9,2	78,5	0	-9,5
392	04.08.2025 05:41:31,000	6,48	8,92	-2,7	-6,5	80,8	0	-6,7
393	04.08.2025 05:41:32,000	6,48	8,92	-2,4	-11,0	76,6	0	-11,3
394	04.08.2025 05:41:33,000	6,48	8,92	-4,4	-12,2	73,4	0	-12,7
395	04.08.2025 05:41:34,000	6,44	8,92	-2,3	-11,5	76,1	0	-11,8
396	04.08.2025 05:41:35,000	6,44	8,92	-11,7	-14,9	63,5	0	-16,6
397	04.08.2025 05:41:36,000	6,44	8,92	-5,1	-13,8	71,1	0	-14,5
398	04.08.2025 05:41:37,000	6,41	8,91	-0,1	-13,9	76,0	0	-13,9
399	04.08.2025 05:41:38,000	6,41	8,91	-0,1	-11,0	78,9	0	-11,0
400	04.08.2025 05:41:39,000	6,37	8,91	0,2	-9,1	80,7	0	-9,1
401	04.08.2025 05:41:40,000	6,37	8,91	-4,9	-10,1	75,0	0	-10,6
402	04.08.2025 05:41:41,000	6,37	8,88	-2,6	-14,2	73,1	0	-14,7
403	04.08.2025 05:41:42,000	6,34	8,88	-2,8	-8,8	78,4	0	-9,0
404	04.08.2025 05:41:43,000	6,34	8,90	-4,7	-13,6	71,6	0	-14,3
405	04.08.2025 05:41:44,000	6,30	8,90	-5,6	-12,7	71,7	0	-13,5
406	04.08.2025 05:41:45,000	6,30	8,88	-4,1	-11,9	74,1	0	-12,4
407	04.08.2025 05:41:46,000	6,30	8,90	-0,2	-13,0	76,8	0	-13,0
408	04.08.2025 05:41:47,000	6,27	8,90	-1,0	-11,3	77,8	0	-11,4
409	04.08.2025 05:41:48,000	6,27	8,90	-5,5	-11,5	73,1	0	-12,1
410	04.08.2025 05:41:49,000	6,27	8,90	-2,2	-12,1	75,6	0	-12,4
411	04.08.2025 05:41:50,000	6,23	8,89	-6,5	-14,3	69,2	0	-15,3
412	04.08.2025 05:41:51,000	6,23	8,87	-3,8	-13,0	73,3	0	-13,5
413	04.08.2025 05:41:52,000	6,23	8,87	-5,0	-12,3	72,8	0	-12,9
414	04.08.2025 05:41:53,000	6,23	8,87	-5,9	-12,7	71,5	0	-13,4
415	04.08.2025 05:41:54,000	6,19	8,87	-3,1	-9,1	77,8	0	-9,3
416	04.08.2025 05:41:55,000	6,16	8,89	-5,6	-11,3	73,1	0	-11,9
417	04.08.2025 05:41:56,000	6,16	8,86	-6,0	-13,1	70,9	0	-13,9
418	04.08.2025 05:41:57,000	6,12	8,88	-2,3	-12,6	75,2	0	-12,9
419	04.08.2025 05:41:58,000	6,12	8,88	-6,9	-7,7	75,4	0	-8,1
420	04.08.2025 05:41:59,000	6,09	8,88	-4,1	-12,7	73,2	0	-13,2
421	04.08.2025 05:42:00,000	6,09	8,88	-3,2	-9,4	77,4	0	-9,7
422	04.08.2025 05:42:01,000	6,05	8,88	-3,8	-11,5	74,7	0	-12,0
423	04.08.2025 05:42:02,000	6,05	8,88	-7,0	-9,9	73,1	0	-10,6
424	04.08.2025 05:42:03,000	6,05	8,88	-4,9	-10,7	74,5	0	-11,2
425	04.08.2025 05:42:04,000	6,02	8,85	-2,5	-11,9	75,6	0	-12,2
426	04.08.2025 05:42:05,000	6,02	8,87	-1,6	-13,9	74,4	0	-14,2
427	04.08.2025 05:42:06,000	6,02	8,87	-2,9	-13,8	73,3	0	-14,2
428	04.08.2025 05:42:07,000	6,02	8,87	-4,1	-14,0	71,9	0	-14,6
429	04.08.2025 05:42:08,000	6,02	8,87	-5,5	-10,8	73,7	0	-11,4
430	04.08.2025 05:42:09,000	5,98	8,87	-3,1	-11,6	75,3	0	-12,0
431	04.08.2025 05:42:10,000	5,95	8,86	-10,1	-12,9	66,9	0	-14,2
432	04.08.2025 05:42:11,000	5,95	8,86	-2,3	-7,5	80,1	0	-7,7
433	04.08.2025 05:42:12,000	5,95	8,86	-4,9	-12,0	73,1	1	-12,6
434	04.08.2025 05:42:13,000	5,91	8,88	-0,4	-10,7	78,9	0	-10,7
435	04.08.2025 05:42:14,000	5,91	8,86	-3,6	-12,6	73,8	0	-13,1
436	04.08.2025 05:42:15,000	5,91	8,86	-3,8	-11,8	74,5	0	-12,2
437	04.08.2025 05:42:16,000	5,87	8,86	-4,7	-12,5	72,8	0	-13,1
438	04.08.2025 05:42:17,000	5,87	8,86	-7,2	-14,6	68,2	0	-15,7
439	04.08.2025 05:42:18,000	5,87	8,86	-11,8	-11,9	66,3	0	-13,2
440	04.08.2025 05:42:19,000	5,84	8,88	0,9	-9,3	79,7	0	-9,4
441	04.08.2025 05:42:20,000	5,84	8,85	-2,9	-10,7	76,4	0	-11,0
442	04.08.2025 05:42:21,000	5,80	8,87	-2,1	-10,3	77,6	0	-10,6
443	04.08.2025 05:42:22,000	5,80	8,85	-3,0	-8,2	78,8	0	-8,4
444	04.08.2025 05:42:23,000	5,80	8,87	-0,6	-12,7	76,7	0	-12,8
445	04.08.2025 05:42:24,000	5,80	8,85	1,2	-8,5	80,2	0	-8,6
446	04.08.2025 05:42:25,000	5,80	8,85	-0,3	-13,1	76,6	0	-13,1
447	04.08.2025 05:42:26,000	5,77	8,85	-8,0	-6,4	75,6	0	-6,8
448	04.08.2025 05:42:27,000	5,77	8,85	0,7	-11,3	78,1	0	-11,4
449	04.08.2025 05:42:28,000	5,77	8,85	-1,4	-10,2	78,4	0	-10,3
450	04.08.2025 05:42:29,000	5,77	8,85	-5,0	-10,6	74,3	0	-11,2
451	04.08.2025 05:42:30,000	5,77	8,87	-2,1	-9,1	78,8	0	-9,3
452	04.08.2025 05:42:31,000	5,73	8,84	-3,4	-11,4	75,2	0	-11,8
453	04.08.2025 05:42:32,000	5,73	8,82	-3,5	-11,3	75,2	0	-11,7
454	04.08.2025 05:42:33,000	5,73	8,84	-4,4	-12,6	73,1	0	-13,2
455	04.08.2025 05:42:34,000	5,73	8,84	-1,5	-9,2	79,3	0	-9,4
456	04.08.2025 05:42:35,000	5,73	8,84	-2,2	-11,6	76,2	0	-11,9
457	04.08.2025 05:42:36,000	5,73	8,82	-6,3	-13,4	70,3	0	-14,2
458	04.08.2025 05:42:37,000	5,73	8,82	-5,3	-13,8	71,0	0	-14,5
459	04.08.2025 05:42:38,000	5,73	8,82	-9,6	-10,9	69,5	0	-11,8
460	04.08.2025 05:42:39,000	5,73	8,84	-3,9	-13,8	72,3	0	-14,4
461	04.08.2025 05:42:40,000	5,70	8,81	-1,3	-12,3	76,4	0	-12,5
462	04.08.2025 05:42:41,000	5,70	8,84	-5,8	-12,0	72,2	0	-12,7
463	04.08.2025 05:42:42,000	5,70	8,84	-5,4	-13,6	70,9	0	-14,4
464	04.08.2025 05:42:43,000	5,70	8,84	-3,1	-14,9	72,1	0	-15,4
465	04.08.2025 05:42:44,000	5,70	8,81	-4,6	-13,3	72,1	0	-13,9
466	04.08.2025 05:42:45,000	5,70	8,81	-5,4	-10,3	74,3	0	-10,8
467	04.08.2025 05:42:46,000	5,70	8,81	-7,3	-12,2	70,5	0	-13,1
468	04.08.2025 05:42:47,000	5,66	8,81	-3,1	-10,1	76,7	0	-10,5
469	04.08.2025 05:42:48,000	5,66	8,81	-6,5	-11,3	72,2	0	-12,0
470	04.08.2025 05:42:49,000	5,66	8,83	-5,4	-11,3	73,3	0	-11,9
471	04.08.2025 05:42:50,000	5,66	8,81	-4,0	-9,1	76,9	0	-9,5
472	04.08.2025 05:42:51,000	5,66	8,81	-4,0	-10,4	75,6	0	-10,8
473	04.08.2025 05:42:52,000	5,66	8,79	-2,3	-13,6	74,1	0	-13,9
474	04.08.2025 05:42:53,000	5,66	8,81	-5,6	-10,1	74,3	0	-10,7
475	04.08.2025 05:42:54,000	5,66	8,81	-3,9	-13,8	72,3	0	-14,4
476	04.08.2025 05:42:55,000	5,66	8,81	-4,2	-16,9	68,9	0	-17,6
477	04.08.2025 05:42:56,000	5,66	8,79	-1,7	-11,1	77,2	0	-11,3
478	04.08.2025 05:42:57,000	5,66	8,81	-1,4	-11,9	76,7	0	-12,0
479	04.08.2025 05:42:58,000	5,66	8,81	-5,3	-14,0	70,7	0	-14,8
480	04.08.2025 05:42:59,000	5,66	8,81	-4,5	-10,1	75,4	0	-10,5
481	04.08.2025 05:43:00,000	5,62	8,81	1,0	-11,0	77,9	0	-11,2
482	04.08.2025 05:43:01,000	5,62	8,81	-5,5	-12,0	72,5	0	-12,7
483	04.08.2025 05:43:02,000	5,62	8,81	-7,1	-10,7	72,2	0	-11,4
484	04.08.2025 05:43:03,000	5,62	8,81	-2,2	-9,0	78,8	0	-9,2
485	04.08.2025 05:43:04,000	5,62	8,81	-3,7	-11,2	75,1	0	-11,7
486	04.08.2025 05:43:05,000	5,62	8,81	-6,9	-9,9	73,3	0	-10,5
487	04.08.2025 05:43:06,000	5,62	8,78	-1,7	-13,2	75,1	0	-13,5
488	04.08.2025 05:43:07,000	5,62	8,81	-1,6	-14,8	73,6	0	-15,1
489	04.08.2025 05:43:08,000	5,62	8,78	-4,2	-11,5	74,3	0	-12,0
490	04.08.2025 05:43:09,000	5,62	8,78	-2,5	-11,6	75,9	0	-11,9
491	04.08.2025 05:43:10,000	5,62	8,78	-5,2	-11,8	73,0	0	-12,4
492	04.08.2025 05:43:11,000	5,62	8,81	-7,0	-14,0	69,0	0	-15,0
493	04.08.2025 05:43:12,000	5,62	8,81	-4,1	-9,4	76,5	0	-9,8
494	04.08.2025 05:43:13,000	5,62	8,78	0,7	-11,5	77,8	1	-11,6
495	04.08.2025 05:43:14,000	5,62	8,78	-2,5	-10,5	77,0	0	-10,8
496	04.08.2025 05:43:15,000	5,62	8,78	2,0	-17,5	70,5	0	-17,8
497	04.08.2025 05:43:16,000	5,62	8,81	2,7	-8,2	79,1	0	-8,5
498	04.08.2025 05:43:17,000	5,62	8,78	-1,0	-8,7	80,3	0	-8,8
499	04.08.2025 05:43:18,000	5,62	8,78	-5,2	-8,5	76,3	0	-8,9
500	04.08.2025 05:43:19,000	5,62	8,78	-1,6	-10,8	77,6	0	-11,0
501	04.08.2025 05:43:20,000	5,62	8,78	2,9	-9,0	78,1	0	-9,2
502	04.08.2025 05:43:21,000	5,62	8,76	-7,4	-13,0	69,6	0	-14,0
503	04.08.2025 05:43:22,000	5,62	8,78	-9,4	-8,9	71,7	0	-9,6
504	04.08.2025 05:43:23,000	5,62	8,76	4,3	-13,1	72,6	1	-13,7
505	04.08.2025 05:43:24,000	5,62	8,78	-0,6	-1,0	88,4	0	-1,0
506	04.08.2025 05:43:25,000	5,62	8,76	-2,2	-15,8	72,0	0	-16,1
507	04.08.2025 05:43:26,000	5,62	8,76	-1,0	-7,7	81,2	0	-7,8
508	04.08.2025 05:43:27,000	5,62	8,76	-10,1	-10,2	69,7	0	-11,2
509	04.08.2025 05:43:28,000	5,62	8,76	-7,4	-10,6	71,9	0	-11,4
510	04.08.2025 05:43:29,000	5,66	8,76	-0,7	-12,5	76,8	0	-12,6
511	04.08.2025 05:43:30,000	5,66	8,76	-4,2	-9,2	76,6	0	-9,6
512	04.08.2025 05:43:31,000	5,66	8,76	-6,8	-9,1	74,1	0	-9,7
513	04.08.2025 05:43:32,000	5,66	8,76	-2,8	-5,0	82,2	0	-5,1
514	04.08.2025 05:43:33,000	5,66	8,76	-1,4	-12,0	76,7	0	-12,1
515	04.08.2025 05:43:34,000	5,66	8,76	-16,7	-13,7	59,6	0	-16,0
516	04.08.2025 05:43:35,000	5,66	8,74	-5,1	-4,8	80,1	1	-5,0
517	04.08.2025 05:43:36,000	5,66	8,74	-6,0	-15,2	68,7	0	-16,2
518	04.08.2025 05:43:37,000	5,66	8,76	-4,9	-7,9	77,2	0	-8,3
519	04.08.2025 05:43:38,000	5,66	8,74	-5,1	-9,3	75,7	0	-9,7
520	04.08.2025 05:43:39,000	5,66	8,74	-5,3	-16,1	68,6	0	-17,0
521	04.08.2025 05:43:40,000	5,66	8,74	-7,0	-8,8	74,2	0	-9,3
522	04.08.2025 05:43:41,000	5,66	8,76	0,4	-8,9	80,7	0	-9,0
523	04.08.2025 05:43:42,000	5,66	8,74	-2,3	-10,4	77,3	0	-10,7
524	04.08.2025 05:43:43,000	5,66	8,76	-3,3	-10,7	76,1	0	-11,0
525	04.08.2025 05:43:44,000	5,66	8,74	-5,3	-11,9	72,8	0	-12,5
526	04.08.2025 05:43:45,000	5,66	8,74	-5,5	-6,9	77,6	0	-7,3
527	04.08.2025 05:43:46,000	5,66	8,74	-5,0	-9,2	75,8	0	-9,6
528	04.08.2025 05:43:47,000	5,66	8,74	-0,9	-6,4	82,7	0	-6,4
529	04.08.2025 05:43:48,000	5,66	8,76	-2,7	-9,0	78,3	0	-9,3
530	04.08.2025 05:43:49,000	5,66	8,76	-2,0	-8,3	79,7	0	-8,5
531	04.08.2025 05:43:50,000	5,66	8,76	-5,0	-11,9	73,1	0	-12,5
532	04.08.2025 05:43:51,000	5,66	8,76	-8,2	-6,3	75,4	0	-6,7
533	04.08.2025 05:43:52,000	5,66	8,74	-1,5	-4,6	83,8	0	-4,7
534	04.08.2025 05:43:53,000	5,66	8,74	-3,7	-12,8	73,4	0	-13,3
535	04.08.2025 05:43:54,000	5,66	8,76	-1,9	-7,8	80,3	0	-7,9
536	04.08.2025 05:43:55,000	5,66	8,74	-6,7	-10,5	72,8	0	-11,1
537	04.08.2025 05:43:56,000	5,66	8,72	-8,7	-10,0	71,3	0	-10,7
538	04.08.2025 05:43:57,000	5,66	8,74	-5,8	-11,9	72,3	0	-12,6
539	04.08.2025 05:43:58,000	5,66	8,76	1,8	-7,3	80,9	0	-7,4
540	04.08.2025 05:43:59,000	5,66	8,74	-5,4	-8,9	75,7	0	-9,3
541	04.08.2025 05:44:00,000	5,66	8,76	-2,6	-9,7	77,6	0	-10,0
542	04.08.2025 05:44:01,000	5,62	8,74	-5,8	-11,0	73,2	0	-11,6
543	04.08.2025 05:44:02,000	5,62	8,74	-5,7	-7,7	76,6	0	-8,1
544	04.08.2025 05:44:03,000	5,62	8,74	-3,3	-9,4	77,4	0	-9,7
545	04.08.2025 05:44:04,000	5,62	8,74	-3,8	-9,9	76,3	0	-10,3
546	04.08.2025 05:44:05,000	5,62	8,74	-2,2	-10,8	76,9	0	-11,1
547	04.08.2025 05:44:06,000	5,62	8,76	-9,0	-14,9	66,1	0	-16,2
548	04.08.2025 05:44:07,000	5,62	8,71	-3,2	-9,3	77,6	0	-9,6
549	04.08.2025 05:44:08,000	5,62	8,74	-2,3	-12,0	75,6	0	-12,3
550	04.08.2025 05:44:09,000	5,62	8,74	-8,1	-9,0	72,9	0	-9,6
551	04.08.2025 05:44:10,000	5,59	8,76	-3,8	-8,7	77,5	0	-9,0
552	04.08.2025 05:44:11,000	5,59	8,73	0,5	-7,6	81,9	0	-7,6
553	04.08.2025 05:44:12,000	5,59	8,73	-4,2	-12,4	73,4	0	-12,9
554	04.08.2025 05:44:13,000	5,59	8,73	-5,1	-11,3	73,6	0	-11,9
555	04.08.2025 05:44:14,000	5,59	8,71	-6,7	-8,5	74,8	0	-8,9
556	04.08.2025 05:44:15,000	5,59	8,76	0,5	-6,7	82,8	0	-6,7
557	04.08.2025 05:44:16,000	5,59	8,73	-2,2	-12,3	75,5	0	-12,6
558	04.08.2025 05:44:17,000	5,59	8,73	-6,7	-9,7	73,5	0	-10,3
559	04.08.2025 05:44:18,000	5,59	8,76	-7,5	-7,9	74,6	0	-8,4
560	04.08.2025 05:44:19,000	5,59	8,73	-0,6	-8,2	81,3	0	-8,2
561	04.08.2025 05:44:20,000	5,55	8,75	0,6	-9,6	79,8	0	-9,7
562	04.08.2025 05:44:21,000	5,55	8,73	-4,1	-9,0	76,9	0	-9,3
563	04.08.2025 05:44:22,000	5,55	8,75	-1,9	-9,3	78,9	0	-9,5
564	04.08.2025 05:44:23,000	5,55	8,73	-3,0	-15,1	71,9	0	-15,6
565	04.08.2025 05:44:24,000	5,55	8,73	-3,1	-13,7	73,3	0	-14,1
566	04.08.2025 05:44:25,000	5,55	8,73	-6,1	-7,4	76,4	0	-7,8
567	04.08.2025 05:44:26,000	5,55	8,73	-3,9	-10,9	75,2	0	-11,4
568	04.08.2025 05:44:27,000	5,52	8,75	-2,1	-11,7	76,1	0	-12,0
569	04.08.2025 05:44:28,000	5,52	8,75	-1,5	-14,4	74,1	0	-14,7
570	04.08.2025 05:44:29,000	5,52	8,73	-4,7	-10,8	74,5	0	-11,3
571	04.08.2025 05:44:30,000	5,52	8,73	-5,0	-13,1	71,9	0	-13,8
572	04.08.2025 05:44:31,000	5,52	8,70	-0,4	-11,2	78,3	0	-11,3
573	04.08.2025 05:44:32,000	5,52	8,73	-3,1	-10,6	76,3	0	-10,9
574	04.08.2025 05:44:33,000	5,52	8,73	-6,0	-9,1	74,8	0	-9,6
575	04.08.2025 05:44:34,000	5,52	8,75	-3,8	-9,0	77,2	0	-9,3
576	04.08.2025 05:44:35,000	5,52	8,73	1,2	-7,1	81,8	0	-7,2
577	04.08.2025 05:44:36,000	5,52	8,75	0,3	-10,7	79,0	0	-10,8
578	04.08.2025 05:44:37,000	5,52	8,73	-3,6	-7,9	78,5	0	-8,2
579	04.08.2025 05:44:38,000	5,48	8,75	-5,4	-10,0	74,5	0	-10,5
580	04.08.2025 05:44:39,000	5,48	8,75	-2,7	-9,1	78,3	0	-9,3
581	04.08.2025 05:44:40,000	5,48	8,72	-1,4	-9,2	79,4	0	-9,3
582	04.08.2025 05:44:41,000	5,48	8,72	-3,5	-9,4	77,0	0	-9,8
583	04.08.2025 05:44:42,000	5,48	8,75	-6,7	-10,6	72,7	0	-11,3
584	04.08.2025 05:44:43,000	5,48	8,75	-1,8	-12,6	75,6	0	-12,8
585	04.08.2025 05:44:44,000	5,48	8,75	-5,4	-12,3	72,3	0	-13,0
586	04.08.2025 05:44:45,000	5,48	8,75	0,4	-9,4	80,2	0	-9,4
587	04.08.2025 05:44:46,000	5,48	8,75	-6,4	-13,4	70,2	0	-14,2
588	04.08.2025 05:44:47,000	5,48	8,75	-4,4	-9,3	76,3	0	-9,7
589	04.08.2025 05:44:48,000	5,48	8,75	1,0	-9,5	79,4	0	-9,6
590	04.08.2025 05:44:49,000	5,44	8,72	-9,4	-9,7	70,9	0	-10,5
591	04.08.2025 05:44:50,000	5,44	8,74	-5,6	-9,8	74,6	0	-10,3
592	04.08.2025 05:44:51,000	5,44	8,74	-2,3	-8,5	79,2	0	-8,7
593	04.08.2025 05:44:52,000	5,44	8,72	-4,6	-10,4	75,0	0	-10,9
594	04.08.2025 05:44:53,000	5,44	8,72	-6,0	-9,1	74,9	0	-9,6
595	04.08.2025 05:44:54,000	5,44	8,74	-3,4	-8,6	78,0	0	-8,9
596	04.08.2025 05:44:55,000	5,44	8,74	-3,5	-12,0	74,5	0	-12,4
597	04.08.2025 05:44:56,000	5,44	8,72	-4,5	-9,6	75,9	0	-10,0
598	04.08.2025 05:44:57,000	5,44	8,74	-3,2	-7,8	79,0	0	-8,0
599	04.08.2025 05:44:58,000	5,44	8,74	-1,4	-11,6	77,0	0	-11,8
600	04.08.2025 05:44:59,000	5,44	8,74	-5,0	-8,8	76,2	0	-9,2
601	04.08.2025 05:45:00,000	5,44	8,72	-4,5	-9,7	75,8	0	-10,1
602	04.08.2025 05:45:01,000	5,44	8,74	-5,8	-8,8	75,4	0	-9,3
603	04.08.2025 05:45:02,000	5,44	8,74	-4,1	-13,1	72,7	0	-13,7
604	04.08.2025 05:45:03,000	5,41	8,74	2,0	-12,7	75,3	0	-13,0
605	04.08.2025 05:45:04,000	5,41	8,71	-3,1	-11,0	75,9	0	-11,4
606	04.08.2025 05:45:05,000	5,41	8,71	-4,7	-13,0	72,2	0	-13,7
607	04.08.2025 05:45:06,000	5,41	8,74	-4,3	-11,3	74,4	0	-11,8
608	04.08.2025 05:45:07,000	5,41	8,71	-1,9	-10,5	77,6	0	-10,7
609	04.08.2025 05:45:08,000	5,41	8,74	-9,6	-12,7	67,7	0	-13,9
610	04.08.2025 05:45:09,000	5,41	8,76	2,5	-8,0	79,5	0	-8,2
611	04.08.2025 05:45:10,000	5,41	8,74	-3,5	-7,1	79,4	0	-7,3
612	04.08.2025 05:45:11,000	5,41	8,74	-0,9	-7,0	82,1	0	-7,0
613	04.08.2025 05:45:12,000	5,41	8,74	-2,6	-12,9	74,5	0	-13,2
614	04.08.2025 05:45:13,000	5,41	8,74	-4,0	-10,5	75,4	0	-11,0
615	04.08.2025 05:45:14,000	5,41	8,74	-1,3	-9,8	78,9	0	-9,9
616	04.08.2025 05:45:15,000	5,37	8,71	-5,2	-13,0	71,8	0	-13,7
617	04.08.2025 05:45:16,000	5,37	8,73	-6,0	-12,3	71,7	0	-13,1
618	04.08.2025 05:45:17,000	5,37	8,73	-5,5	-9,9	74,6	0	-10,4
619	04.08.2025 05:45:18,000	5,37	8,73	-5,2	-9,3	75,5	0	-9,8
620	04.08.2025 05:45:19,000	5,37	8,71	-2,3	-8,7	79,0	0	-8,9
621	04.08.2025 05:45:20,000	5,37	8,71	-3,3	-6,9	79,7	0	-7,1
622	04.08.2025 05:45:21,000	5,37	8,71	-1,8	-5,6	82,6	0	-5,7
623	04.08.2025 05:45:22,000	5,37	8,73	-2,5	-6,9	80,6	0	-7,1
624	04.08.2025 05:45:23,000	5,37	8,73	-6,0	-7,8	76,3	0	-8,2
625	04.08.2025 05:45:24,000	5,37	8,71	-9,5	-8,7	71,8	0	-9,3
626	04.08.2025 05:45:25,000	5,37	8,73	-1,6	-14,7	73,7	0	-15,0
627	04.08.2025 05:45:26,000	5,37	8,71	-1,6	-12,2	76,2	0	-12,5
628	04.08.2025 05:45:27,000	5,37	8,73	-6,6	-9,1	74,2	0	-9,7
629	04.08.2025 05:45:28,000	5,37	8,71	-6,3	-10,6	73,1	0	-11,2
630	04.08.2025 05:45:29,000	5,37	8,71	-7,6	-1,5	81,0	0	-1,5
631	04.08.2025 05:45:30,000	5,37	8,73	-5,0	-11,1	74,0	0	-11,6
632	04.08.2025 05:45:31,000	5,37	8,73	-0,6	-12,3	77,1	0	-12,4
633	04.08.2025 05:45:32,000	5,37	8,73	-6,0	-11,1	72,9	0	-11,8
634	04.08.2025 05:45:33,000	5,37	8,73	3,0	-8,1	78,9	0	-8,3
635	04.08.2025 05:45:34,000	5,37	8,71	-10,0	-10,3	69,7	0	-11,2
636	04.08.2025 05:45:35,000	5,37	8,73	-2,4	-5,9	81,7	0	-6,1
637	04.08.2025 05:45:36,000	5,37	8,73	-9,1	-10,4	70,5	0	-11,2
638	04.08.2025 05:45:37,000	5,37	8,73	-9,9	-7,9	72,2	0	-8,5
639	04.08.2025 05:45:38,000	5,34	8,71	-4,3	-9,2	76,5	0	-9,6
640	04.08.2025 05:45:39,000	5,34	8,71	-2,1	-10,2	77,7	0	-10,4
641	04.08.2025 05:45:40,000	5,34	8,73	-1,4	-12,2	76,4	0	-12,4
642	04.08.2025 05:45:41,000	5,34	8,71	-6,7	-8,4	74,9	0	-8,9
643	04.08.2025 05:45:42,000	5,34	8,73	-3,2	-7,0	79,8	0	-7,2
644	04.08.2025 05:45:43,000	5,34	8,73	-3,0	-9,5	77,5	0	-9,8
645	04.08.2025 05:45:44,000	5,34	8,71	-0,1	-7,4	82,5	0	-7,4
646	04.08.2025 05:45:45,000	5,34	8,71	-2,0	-8,7	79,3	0	-8,9
647	04.08.2025 05:45:46,000	5,34	8,73	5,5	-10,4	74,1	0	-10,9
648	04.08.2025 05:45:47,000	5,34	8,71	-7,9	-14,5	67,6	0	-15,7
649	04.08.2025 05:45:48,000	5,34	8,73	0,7	-7,3	82,0	0	-7,3
650	04.08.2025 05:45:49,000	5,34	8,73	-1,3	-14,1	74,6	0	-14,3
651	04.08.2025 05:45:50,000	5,34	8,71	-2,9	-8,3	78,8	0	-8,5
652	04.08.2025 05:45:51,000	5,34	8,71	-3,7	-9,5	76,8	0	-9,9
653	04.08.2025 05:45:52,000	5,34	8,71	-0,4	-11,9	77,7	0	-12,0
654	04.08.2025 05:45:53,000	5,34	8,73	-6,2	-7,3	76,5	0	-7,7
655	04.08.2025 05:45:54,000	5,34	8,71	-8,3	-11,3	70,4	0	-12,2
656	04.08.2025 05:45:55,000	5,34	8,71	5,1	-8,4	76,6	0	-8,7
657	04.08.2025 05:45:56,000	5,30	8,70	-7,5	-10,4	72,2	0	-11,1
658	04.08.2025 05:45:57,000	5,30	8,70	-12,3	-6,8	70,9	0	-7,4
659	04.08.2025 05:45:58,000	5,30	8,70	1,3	-8,1	80,6	0	-8,2
660	04.08.2025 05:45:59,000	5,30	8,70	-4,8	-10,9	74,3	0	-11,5
661	04.08.2025 05:46:00,000	5,30	8,70	5,4	-8,3	76,4	0	-8,7
662	04.08.2025 05:46:01,000	5,30	8,70	-7,0	-12,5	70,5	0	-13,4
663	04.08.2025 05:46:02,000	5,30	8,70	-3,2	-7,8	78,9	0	-8,1
664	04.08.2025 05:46:03,000	5,30	8,70	-7,7	-9,7	72,6	0	-10,3
665	04.08.2025 05:46:04,000	5,30	8,70	-8,5	-13,3	68,2	0	-14,5
666	04.08.2025 05:46:05,000	5,30	8,70	-5,3	-10,2	74,5	0	-10,8
667	04.08.2025 05:46:06,000	5,30	8,70	-3,7	-13,3	72,9	0	-13,9
668	04.08.2025 05:46:07,000	5,30	8,70	2,9	-13,9	73,2	0	-14,3
669	04.08.2025 05:46:08,000	5,30	8,68	-6,2	-11,2	72,6	0	-11,9
670	04.08.2025 05:46:09,000	5,30	8,70	-6,2	-12,5	71,2	0	-13,3
671	04.08.2025 05:46:10,000	5,30	8,70	0,1	-14,0	75,9	0	-14,0
672	04.08.2025 05:46:11,000	5,30	8,70	-4,7	-11,9	73,3	0	-12,5
673	04.08.2025 05:46:12,000	5,30	8,70	-6,0	-11,6	72,4	0	-12,2
674	04.08.2025 05:46:13,000	5,30	8,70	-10,3	-12,5	67,2	0	-13,7
675	04.08.2025 05:46:14,000	5,30	8,70	-0,7	-13,5	75,8	0	-13,6
676	04.08.2025 05:46:15,000	5,30	8,70	-0,4	-8,9	80,7	0	-8,9
677	04.08.2025 05:46:16,000	5,30	8,68	2,8	-10,0	77,2	0	-10,3
678	04.08.2025 05:46:17,000	5,30	8,70	6,3	-13,3	70,4	0	-14,2
679	04.08.2025 05:46:18,000	5,30	8,70	-16,4	-8,5	65,1	0	-9,5
680	04.08.2025 05:46:19,000	5,30	8,70	-0,3	-8,3	81,4	1	-8,3
681	04.08.2025 05:46:20,000	5,26	8,70	-9,1	-7,7	73,2	0	-8,3
682	04.08.2025 05:46:21,000	5,26	8,70	-1,4	-15,1	73,5	0	-15,3
683	04.08.2025 05:46:22,000	5,26	8,70	-8,0	-12,3	69,7	0	-13,2
684	04.08.2025 05:46:23,000	5,26	8,70	-1,1	-9,8	79,1	1	-9,9
685	04.08.2025 05:46:24,000	5,26	8,70	1,8	-10,8	77,4	1	-11,0
686	04.08.2025 05:46:25,000	5,26	8,70	1,2	-11,0	77,8	1	-11,2
687	04.08.2025 05:46:26,000	5,26	8,70	-1,6	-15,3	73,1	0	-15,6
688	04.08.2025 05:46:27,000	5,26	8,70	0,0	-7,2	82,8	1	-7,2
689	04.08.2025 05:46:28,000	5,26	8,70	8,5	-9,6	72,0	1	-10,3
690	04.08.2025 05:46:29,000	5,26	8,68	24,1	-9,1	56,8	0	-11,0
691	04.08.2025 05:46:30,000	5,26	8,68	29,2	-7,7	53,2	0	-9,7
692	04.08.2025 05:46:31,000	5,26	8,68	29,4	-11,0	49,7	0	-14,4
693	04.08.2025 05:46:32,000	5,26	8,63	30,4	-9,5	50,1	0	-12,4
694	04.08.2025 05:46:33,000	5,26	8,63	31,6	-8,2	50,2	0	-10,7
695	04.08.2025 05:46:34,000	5,23	8,58	31,6	-10,1	48,3	0	-13,6
696	04.08.2025 05:46:35,000	5,23	8,55	32,2	-8,7	49,1	0	-11,5
697	04.08.2025 05:46:36,000	5,23	8,51	30,9	-9,3	49,7	0	-12,3
698	04.08.2025 05:46:37,000	5,23	8,48	29,6	-9,7	50,7	0	-12,6
699	04.08.2025 05:46:38,000	5,23	8,46	31,0	-11,2	47,8	0	-15,0
700	04.08.2025 05:46:39,000	5,23	8,41	31,4	-11,6	47,0	0	-15,8
701	04.08.2025 05:46:40,000	5,23	8,39	31,0	-11,3	47,7	0	-15,3
702	04.08.2025 05:46:41,000	5,23	8,34	35,2	-12,9	41,9	0	-18,8
703	04.08.2025 05:46:42,000	5,23	8,32	35,8	-9,9	44,4	0	-14,0
704	04.08.2025 05:46:43,000	5,23	8,30	34,6	-9,7	45,7	0	-13,5
705	04.08.2025 05:46:44,000	5,23	8,27	33,0	-10,3	46,7	0	-14,1
706	04.08.2025 05:46:45,000	5,23	8,22	33,9	-11,8	44,3	0	-16,6
707	04.08.2025 05:46:46,000	5,23	8,22	34,9	-7,0	48,1	0	-9,5
708	04.08.2025 05:46:47,000	5,23	8,20	34,8	-8,3	46,9	0	-11,4
709	04.08.2025 05:46:48,000	5,23	8,18	35,3	-10,3	44,4	0	-14,7
710	04.08.2025 05:46:49,000	5,23	8,15	38,6	-12,1	39,3	0	-18,6
711	04.08.2025 05:46:50,000	5,23	8,15	38,4	-7,0	44,6	0	-10,0
712	04.08.2025 05:46:51,000	5,23	8,13	38,7	-8,1	43,2	0	-11,9
713	04.08.2025 05:46:52,000	5,23	8,08	37,4	-10,1	42,5	0	-14,8
714	04.08.2025 05:46:53,000	5,19	8,10	39,6	-12,2	38,3	0	-19,1
715	04.08.2025 05:46:54,000	5,19	8,08	41,6	-11,4	37,0	0	-18,5
716	04.08.2025 05:46:55,000	5,19	8,08	41,0	-8,0	41,0	0	-12,2
717	04.08.2025 05:46:56,000	5,19	8,06	40,8	-8,8	40,3	0	-13,5
718	04.08.2025 05:46:57,000	5,19	8,06	37,8	-12,0	40,2	0	-18,2
719	04.08.2025 05:46:58,000	5,19	8,06	41,6	-11,1	37,2	0	-17,9
720	04.08.2025 05:46:59,000	5,19	8,06	44,8	-5,4	39,9	0	-8,4
721	04.08.2025 05:47:00,000	5,19	8,06	41,2	-9,4	39,4	0	-14,6
722	04.08.2025 05:47:01,000	5,19	8,03	37,2	-12,6	40,1	0	-19,0
723	04.08.2025 05:47:02,000	5,19	8,03	42,5	-10,3	37,2	0	-16,7
724	04.08.2025 05:47:03,000	5,19	8,06	47,3	2,1	40,6	0	3,2
725	04.08.2025 05:47:04,000	5,19	8,06	45,5	-2,0	42,5	0	-3,0
726	04.08.2025 05:47:05,000	5,19	8,06	39,0	-9,9	41,2	0	-14,9
727	04.08.2025 05:47:06,000	5,19	8,06	43,7	-9,2	37,1	0	-15,1
728	04.08.2025 05:47:07,000	5,19	8,08	48,4	2,7	39,0	0	4,2
729	04.08.2025 05:47:08,000	5,19	8,10	47,3	0,3	42,4	0	0,5
730	04.08.2025 05:47:09,000	5,19	8,06	39,0	-9,3	41,7	0	-13,8
731	04.08.2025 05:47:10,000	5,19	8,08	43,6	-8,3	38,1	0	-13,4
732	04.08.2025 05:47:11,000	5,19	8,10	49,0	3,0	38,0	0	4,9
733	04.08.2025 05:47:12,000	5,16	8,10	46,3	1,7	42,0	0	2,6
734	04.08.2025 05:47:13,000	5,16	8,08	39,4	-7,5	43,1	0	-10,9
735	04.08.2025 05:47:14,000	5,16	8,10	45,8	-6,4	37,8	0	-10,3
736	04.08.2025 05:47:15,000	5,16	8,12	50,8	0,3	38,9	0	0,5
737	04.08.2025 05:47:16,000	5,16	8,10	41,9	2,8	45,3	0	3,9
738	04.08.2025 05:47:17,000	5,16	8,10	40,6	-6,0	43,5	0	-8,7
739	04.08.2025 05:47:18,000	5,16	8,10	44,2	-5,1	40,7	0	-7,8
740	04.08.2025 05:47:19,000	5,16	8,12	48,2	-0,2	41,6	0	-0,3
741	04.08.2025 05:47:20,000	5,16	8,10	42,1	3,3	44,7	0	4,7
742	04.08.2025 05:47:21,000	5,16	8,10	44,2	-4,1	41,7	0	-6,2
743	04.08.2025 05:47:22,000	5,16	8,10	43,3	-4,6	42,1	0	-6,9
744	04.08.2025 05:47:23,000	5,16	8,10	46,7	-2,8	40,5	0	-4,3
745	04.08.2025 05:47:24,000	5,16	8,10	46,3	-1,3	42,4	0	-1,9
746	04.08.2025 05:47:25,000	5,16	8,12	43,8	-1,8	44,4	0	-2,6
747	04.08.2025 05:47:26,000	5,16	8,10	43,8	-1,8	44,4	0	-2,6
748	04.08.2025 05:47:27,000	5,16	8,08	45,0	0,1	45,0	0	0,1
749	04.08.2025 05:47:28,000	5,16	8,10	45,5	0,2	44,3	0	0,3
750	04.08.2025 05:47:29,000	5,16	8,08	45,2	0,4	44,4	0	0,6
751	04.08.2025 05:47:30,000	5,16	8,08	42,1	2,0	45,9	0	2,8
752	04.08.2025 05:47:31,000	5,16	8,05	42,9	-0,7	46,4	0	-1,0
753	04.08.2025 05:47:32,000	5,16	8,05	45,4	0,6	44,1	0	0,8
754	04.08.2025 05:47:33,000	5,16	8,05	45,5	0,4	44,1	0	0,6
755	04.08.2025 05:47:34,000	5,16	8,03	41,7	0,3	48,0	0	0,4
756	04.08.2025 05:47:35,000	5,16	8,01	43,1	1,3	45,5	0	1,9
757	04.08.2025 05:47:36,000	5,16	8,03	44,6	3,8	41,6	0	5,7
758	04.08.2025 05:47:37,000	5,16	8,01	45,3	2,8	42,0	0	4,2
759	04.08.2025 05:47:38,000	5,16	7,98	41,9	3,0	45,1	0	4,3
760	04.08.2025 05:47:39,000	5,16	7,98	45,0	-0,1	44,9	0	-0,2
761	04.08.2025 05:47:40,000	5,16	7,98	45,7	0,6	43,8	0	0,8
762	04.08.2025 05:47:41,000	5,16	7,98	45,5	-0,3	44,2	0	-0,4
763	04.08.2025 05:47:42,000	5,16	7,96	42,6	1,3	46,2	0	1,7
764	04.08.2025 05:47:43,000	5,16	7,91	42,7	-0,2	47,0	0	-0,3
765	04.08.2025 05:47:44,000	5,16	7,93	44,8	-0,1	45,1	0	-0,1
766	04.08.2025 05:47:45,000	5,16	7,91	45,9	0,4	43,7	0	0,6
767	04.08.2025 05:47:46,000	5,16	7,89	39,2	2,0	48,8	0	2,7
768	04.08.2025 05:47:47,000	5,16	7,89	40,6	8,1	41,3	0	12,2
769	04.08.2025 05:47:48,000	5,12	7,93	45,8	10,5	33,7	0	18,4
770	04.08.2025 05:47:49,000	5,16	7,96	53,5	6,4	30,1	0	12,6
771	04.08.2025 05:47:50,000	5,16	7,96	58,0	0,2	31,8	0	0,4
772	04.08.2025 05:47:51,000	5,12	7,93	46,5	-3,7	39,8	0	-5,8
773	04.08.2025 05:47:52,000	5,12	7,93	43,2	0,8	46,0	0	1,1
774	04.08.2025 05:47:53,000	5,12	7,88	48,2	1,4	40,3	0	2,2
775	04.08.2025 05:47:54,000	5,12	7,86	50,2	2,6	37,2	0	4,2
776	04.08.2025 05:47:55,000	5,12	7,84	43,3	1,3	45,4	0	1,8
777	04.08.2025 05:47:56,000	5,12	7,81	43,7	2,3	44,0	0	3,4
778	04.08.2025 05:47:57,000	5,12	7,79	49,7	0,7	39,6	0	1,0
779	04.08.2025 05:47:58,000	5,12	7,77	51,2	0,3	38,5	0	0,5
780	04.08.2025 05:47:59,000	5,12	7,74	45,8	-0,5	43,8	0	-0,7
781	04.08.2025 05:48:00,000	5,12	7,70	45,5	0,4	44,0	0	0,6
782	04.08.2025 05:48:01,000	5,12	7,67	50,0	0,2	39,7	0	0,4
783	04.08.2025 05:48:02,000	5,12	7,67	50,7	0,0	39,3	0	0,0
784	04.08.2025 05:48:03,000	5,12	7,65	48,4	-0,3	41,4	0	-0,4
785	04.08.2025 05:48:04,000	5,12	7,60	47,0	1,1	42,0	0	1,6
786	04.08.2025 05:48:05,000	5,12	7,58	48,6	0,9	40,4	0	1,4
787	04.08.2025 05:48:06,000	5,12	7,55	51,0	0,4	38,5	0	0,7
788	04.08.2025 05:48:07,000	5,12	7,53	51,9	-0,5	37,7	0	-0,7
789	04.08.2025 05:48:08,000	5,12	7,51	48,8	1,1	40,1	0	1,7
790	04.08.2025 05:48:09,000	5,12	7,44	47,8	-0,3	41,9	0	-0,5
791	04.08.2025 05:48:10,000	5,12	7,44	50,7	1,4	37,9	0	2,2
792	04.08.2025 05:48:11,000	5,12	7,39	51,1	1,2	37,7	0	1,9
793	04.08.2025 05:48:12,000	5,12	7,37	48,9	1,2	39,9	0	1,9
794	04.08.2025 05:48:13,000	5,12	7,32	47,1	2,7	40,2	0	4,2
795	04.08.2025 05:48:14,000	5,12	7,30	46,9	3,4	39,8	0	5,3
796	04.08.2025 05:48:15,000	5,12	7,27	48,9	2,7	38,4	0	4,4
797	04.08.2025 05:48:16,000	5,12	7,23	49,4	1,7	38,9	0	2,7
798	04.08.2025 05:48:17,000	5,12	7,23	49,1	2,8	38,2	0	4,5
799	04.08.2025 05:48:18,000	5,16	7,18	47,1	2,8	40,1	0	4,4
800	04.08.2025 05:48:19,000	5,16	7,14	48,0	2,5	39,5	0	4,0
801	04.08.2025 05:48:20,000	5,16	7,11	50,3	0,5	39,2	0	0,8
802	04.08.2025 05:48:21,000	5,16	7,09	51,0	1,2	37,8	0	2,0
803	04.08.2025 05:48:22,000	5,16	7,04	49,0	2,4	38,6	0	3,9
804	04.08.2025 05:48:23,000	5,16	6,99	48,2	1,0	40,8	0	1,5
805	04.08.2025 05:48:24,000	5,16	6,97	48,0	-1,6	40,5	0	-2,4
806	04.08.2025 05:48:25,000	5,16	6,95	48,7	-2,1	39,3	0	-3,3
807	04.08.2025 05:48:26,000	5,16	6,90	51,0	-0,1	38,9	0	-0,2
808	04.08.2025 05:48:27,000	5,16	6,88	49,0	-0,7	40,3	0	-1,1
809	04.08.2025 05:48:28,000	5,16	6,81	44,5	-4,4	41,1	0	-6,8
810	04.08.2025 05:48:29,000	5,16	6,78	48,6	-2,4	39,0	0	-3,8
811	04.08.2025 05:48:30,000	5,16	6,76	49,5	1,2	39,3	0	1,9
812	04.08.2025 05:48:31,000	5,16	6,69	47,6	-2,6	39,8	0	-4,1
813	04.08.2025 05:48:32,000	5,16	6,69	46,3	-2,5	41,2	0	-3,7
814	04.08.2025 05:48:33,000	5,16	6,64	46,8	-2,1	41,1	0	-3,2
815	04.08.2025 05:48:34,000	5,16	6,62	47,6	0,8	41,6	0	1,2
816	04.08.2025 05:48:35,000	5,16	6,55	38,9	6,3	44,8	1	9,0
817	04.08.2025 05:48:36,000	5,16	6,55	47,2	9,1	33,6	0	16,1
818	04.08.2025 05:48:37,000	5,16	6,59	49,9	7,0	33,0	0	12,8
819	04.08.2025 05:48:38,000	5,19	6,60	48,9	9,3	31,8	0	17,3
820	04.08.2025 05:48:39,000	5,19	6,57	56,5	0,0	33,5	0	0,0
821	04.08.2025 05:48:40,000	5,19	6,60	61,7	-1,6	26,7	0	-3,5
822	04.08.2025 05:48:41,000	5,19	6,60	59,6	-3,3	27,1	0	-7,2
823	04.08.2025 05:48:42,000	5,19	6,57	57,2	-4,9	27,9	0	-10,3
824	04.08.2025 05:48:43,000	5,19	6,57	56,1	-6,6	27,2	0	-14,3
825	04.08.2025 05:48:44,000	5,19	6,57	54,3	-8,1	27,5	0	-17,1
826	04.08.2025 05:48:45,000	5,23	6,55	51,9	-9,2	28,9	0	-18,4
827	04.08.2025 05:48:46,000	5,23	6,55	52,2	-10,3	27,4	0	-21,4
828	04.08.2025 05:48:47,000	5,23	6,53	51,7	-11,4	26,8	0	-23,9
829	04.08.2025 05:48:48,000	5,23	6,51	48,3	-12,2	29,5	0	-23,5
830	04.08.2025 05:48:49,000	5,23	6,48	45,5	-12,2	32,3	0	-21,8
831	04.08.2025 05:48:50,000	5,23	6,48	46,6	-11,3	32,0	0	-20,5
832	04.08.2025 05:48:51,000	5,26	6,49	48,1	-11,9	30,0	0	-22,6
833	04.08.2025 05:48:52,000	5,26	6,49	48,3	-12,3	29,4	0	-23,7
834	04.08.2025 05:48:53,000	5,26	6,46	43,1	-12,2	34,6	0	-20,7
835	04.08.2025 05:48:54,000	5,26	6,42	41,9	-12,5	35,7	0	-20,6
836	04.08.2025 05:48:55,000	5,30	6,40	46,4	-6,7	36,9	0	-11,2
837	04.08.2025 05:48:56,000	5,30	6,37	48,9	-4,3	36,8	0	-7,3
838	04.08.2025 05:48:57,000	5,34	6,33	42,8	-6,8	40,4	0	-10,5
839	04.08.2025 05:48:58,000	5,37	6,29	47,8	-0,8	41,4	0	-1,2
840	04.08.2025 05:48:59,000	5,37	6,26	49,8	-1,0	39,2	0	-1,6
841	04.08.2025 05:49:00,000	5,41	6,24	50,5	-0,9	38,6	0	-1,4
842	04.08.2025 05:49:01,000	5,44	6,20	45,1	-5,5	39,3	0	-8,7
843	04.08.2025 05:49:02,000	5,44	6,20	48,5	-5,8	35,8	0	-9,8
844	04.08.2025 05:49:03,000	5,48	6,18	48,0	-4,5	37,5	0	-7,4
845	04.08.2025 05:49:04,000	5,48	6,13	42,5	-4,6	42,9	0	-6,8
846	04.08.2025 05:49:05,000	5,52	6,11	45,2	-3,3	41,5	0	-4,9
847	04.08.2025 05:49:06,000	5,52	6,09	48,7	-3,8	37,5	0	-6,2
848	04.08.2025 05:49:07,000	5,55	6,07	46,5	-2,8	40,6	0	-4,4
849	04.08.2025 05:49:08,000	5,59	6,03	46,8	-2,7	40,6	0	-4,1
850	04.08.2025 05:49:09,000	5,62	6,03	47,6	-1,7	40,7	0	-2,6
851	04.08.2025 05:49:10,000	5,66	5,99	47,3	-1,9	40,8	0	-3,0
852	04.08.2025 05:49:11,000	5,70	5,97	47,2	-1,3	41,5	0	-2,0
853	04.08.2025 05:49:12,000	5,70	5,97	48,2	-1,5	40,3	0	-2,3
854	04.08.2025 05:49:13,000	5,73	5,95	47,4	-0,4	42,2	0	-0,6
855	04.08.2025 05:49:14,000	5,77	5,91	44,4	-2,1	43,6	0	-3,0
856	04.08.2025 05:49:15,000	5,77	5,88	46,8	-4,0	39,2	0	-6,3
857	04.08.2025 05:49:16,000	5,80	5,89	50,2	-0,3	39,5	0	-0,5
858	04.08.2025 05:49:17,000	5,80	5,89	52,3	0,5	37,1	0	0,9
859	04.08.2025 05:49:18,000	5,84	5,87	45,8	-5,0	39,2	0	-8,0
860	04.08.2025 05:49:19,000	5,84	5,87	45,5	-4,8	39,6	0	-7,6
861	04.08.2025 05:49:20,000	5,87	5,82	44,8	-4,7	40,5	0	-7,2
862	04.08.2025 05:49:21,000	5,91	5,80	43,8	-4,1	42,0	0	-6,2
863	04.08.2025 05:49:22,000	5,95	5,78	45,8	-5,4	38,8	0	-8,6
864	04.08.2025 05:49:23,000	5,95	5,76	44,5	-4,4	41,1	0	-6,7
865	04.08.2025 05:49:24,000	5,98	5,74	42,4	-4,4	43,2	0	-6,5
866	04.08.2025 05:49:25,000	6,02	5,72	42,6	-5,7	41,7	0	-8,6
867	04.08.2025 05:49:26,000	6,02	5,70	46,2	-4,2	39,6	0	-6,6
868	04.08.2025 05:49:27,000	6,05	5,68	46,4	-3,4	40,3	0	-5,2
869	04.08.2025 05:49:28,000	6,09	5,68	46,6	-1,1	42,3	0	-1,6
870	04.08.2025 05:49:29,000	6,12	5,64	46,5	2,7	40,8	0	4,2
871	04.08.2025 05:49:30,000	6,16	5,64	47,5	1,8	40,6	0	2,8
872	04.08.2025 05:49:31,000	6,19	5,62	43,4	0,6	45,9	0	0,9
873	04.08.2025 05:49:32,000	6,19	5,57	41,9	-3,6	44,6	0	-5,1
874	04.08.2025 05:49:33,000	6,23	5,55	37,6	-8,0	44,4	0	-11,4
875	04.08.2025 05:49:34,000	6,27	5,53	39,7	-8,0	42,3	0	-11,8
876	04.08.2025 05:49:35,000	6,30	5,51	41,8	-4,3	43,8	0	-6,3
877	04.08.2025 05:49:36,000	6,34	5,47	33,8	-12,2	44,0	0	-17,3
878	04.08.2025 05:49:37,000	6,37	5,47	36,0	-9,6	44,4	0	-13,7
879	04.08.2025 05:49:38,000	6,41	5,48	43,0	-5,5	41,6	0	-8,3
880	04.08.2025 05:49:39,000	6,44	5,43	32,3	-14,2	43,5	0	-20,1
881	04.08.2025 05:49:40,000	6,51	5,42	35,9	-8,3	45,8	0	-11,6
882	04.08.2025 05:49:41,000	6,58	5,38	38,0	-5,4	46,6	0	-7,4
883	04.08.2025 05:49:42,000	6,65	5,36	33,4	-12,2	44,4	0	-17,2
884	04.08.2025 05:49:43,000	6,72	5,35	37,6	-6,7	45,8	0	-9,4
885	04.08.2025 05:49:44,000	6,83	5,33	42,1	-2,7	45,2	0	-3,9
886	04.08.2025 05:49:45,000	6,93	5,32	33,6	-10,8	45,6	0	-15,0
887	04.08.2025 05:49:46,000	7,00	5,28	36,1	-10,0	44,0	0	-14,3
888	04.08.2025 05:49:47,000	7,14	5,29	42,2	-5,8	42,1	0	-8,6
889	04.08.2025 05:49:48,000	7,21	5,23	32,0	-14,9	43,1	0	-21,1
890	04.08.2025 05:49:49,000	7,32	5,22	36,9	-6,5	46,6	0	-9,0
891	04.08.2025 05:49:50,000	7,42	5,21	41,6	-2,8	45,7	0	-3,9
892	04.08.2025 05:49:51,000	7,49	5,19	37,1	-7,9	45,0	0	-11,2
893	04.08.2025 05:49:52,000	7,59	5,20	35,6	-8,4	46,0	0	-11,7
894	04.08.2025 05:49:53,000	7,66	5,16	38,2	-5,9	45,9	0	-8,2
895	04.08.2025 05:49:54,000	7,73	5,14	41,3	-3,0	45,7	0	-4,2
896	04.08.2025 05:49:55,000	7,76	5,12	45,1	-1,8	43,1	0	-2,6
897	04.08.2025 05:49:56,000	7,83	5,08	40,1	-7,4	42,5	0	-10,9
898	04.08.2025 05:49:57,000	7,90	5,07	44,7	-3,3	42,0	0	-5,0
899	04.08.2025 05:49:58,000	7,93	5,05	47,0	-3,0	40,0	0	-4,6
900	04.08.2025 05:49:59,000	7,97	5,03	47,3	-2,0	40,7	0	-3,0
901	04.08.2025 05:50:00,000	8,00	4,98	47,9	-3,7	38,4	0	-6,0
902	04.08.2025 05:50:01,000	8,04	4,96	44,2	-2,9	43,0	0	-4,2
903	04.08.2025 05:50:02,000	8,07	4,94	41,5	-5,2	43,3	0	-7,6
904	04.08.2025 05:50:03,000	8,14	4,90	41,5	-6,8	41,7	0	-10,2
905	04.08.2025 05:50:04,000	8,21	4,89	42,0	-6,5	41,5	0	-9,8
906	04.08.2025 05:50:05,000	8,28	4,87	42,6	-4,7	42,7	0	-6,9
907	04.08.2025 05:50:06,000	8,34	4,85	39,4	-2,8	47,9	0	-3,7
908	04.08.2025 05:50:07,000	8,41	4,84	38,0	-2,7	49,2	0	-3,6
909	04.08.2025 05:50:08,000	8,45	4,82	36,7	-10,7	42,5	0	-15,7
910	04.08.2025 05:50:09,000	8,51	4,78	35,3	-10,9	43,8	0	-15,6
911	04.08.2025 05:50:10,000	8,58	4,78	36,2	-11,2	42,6	0	-16,3
912	04.08.2025 05:50:11,000	8,65	4,77	39,2	-7,7	43,1	0	-11,3
913	04.08.2025 05:50:12,000	8,72	4,77	41,1	-5,4	43,5	0	-7,9
914	04.08.2025 05:50:13,000	8,78	4,76	31,7	-8,9	49,4	0	-11,8
915	04.08.2025 05:50:14,000	8,82	4,71	38,7	-4,6	46,7	0	-6,4
916	04.08.2025 05:50:15,000	8,88	4,72	38,9	-3,7	47,4	0	-5,0
917	04.08.2025 05:50:16,000	8,95	4,73	39,6	-10,0	40,4	0	-15,2
918	04.08.2025 05:50:17,000	8,99	4,73	41,6	-6,3	42,0	0	-9,5
919	04.08.2025 05:50:18,000	9,02	4,71	47,1	-2,8	40,0	0	-4,4
920	04.08.2025 05:50:19,000	9,05	4,67	37,7	-2,7	49,6	0	-3,6
921	04.08.2025 05:50:20,000	9,09	4,65	35,7	5,8	48,5	0	7,8
922	04.08.2025 05:50:21,000	9,12	4,67	41,2	3,1	45,6	0	4,4
923	04.08.2025 05:50:22,000	9,15	4,65	41,0	8,9	40,1	0	13,8
924	04.08.2025 05:50:23,000	9,19	4,63	28,9	-2,9	58,3	0	-3,4
925	04.08.2025 05:50:24,000	9,25	4,64	37,0	-11,4	41,6	0	-16,9
926	04.08.2025 05:50:25,000	9,29	4,62	41,5	-3,0	45,4	0	-4,3
927	04.08.2025 05:50:26,000	9,32	4,62	44,8	-3,3	41,8	0	-5,0
928	04.08.2025 05:50:27,000	9,35	4,63	42,3	-10,2	37,5	0	-16,5
929	04.08.2025 05:50:28,000	9,39	4,61	41,9	-6,2	41,9	0	-9,3
930	04.08.2025 05:50:29,000	9,42	4,61	36,9	-10,5	42,7	0	-15,3
931	04.08.2025 05:50:30,000	9,45	4,59	39,4	-6,3	44,3	0	-9,1
932	04.08.2025 05:50:31,000	9,52	4,60	40,9	-8,1	41,0	0	-12,2
933	04.08.2025 05:50:32,000	9,55	4,60	42,0	-3,6	44,3	0	-5,2
934	04.08.2025 05:50:33,000	9,59	4,63	43,8	0,3	45,9	0	0,4
935	04.08.2025 05:50:34,000	9,62	4,61	33,2	0,7	56,2	0	0,8
936	04.08.2025 05:50:35,000	9,65	4,61	39,0	-0,2	50,8	0	-0,3
937	04.08.2025 05:50:36,000	9,69	4,61	42,1	1,8	46,2	0	2,4
938	04.08.2025 05:50:37,000	9,75	4,62	41,5	3,3	45,2	0	4,7
939	04.08.2025 05:50:38,000	9,78	4,60	41,6	2,4	46,0	0	3,4
940	04.08.2025 05:50:39,000	9,78	4,60	34,5	-5,9	49,6	0	-7,8
941	04.08.2025 05:50:40,000	9,82	4,60	37,7	-4,7	47,6	0	-6,4
942	04.08.2025 05:50:41,000	9,85	4,61	45,4	-3,9	40,7	0	-6,0
943	04.08.2025 05:50:42,000	9,85	4,58	33,0	-4,7	52,3	0	-6,0
944	04.08.2025 05:50:43,000	9,88	4,56	36,7	-4,4	48,9	0	-5,8
945	04.08.2025 05:50:44,000	9,92	4,54	43,1	-1,3	45,6	0	-1,8
946	04.08.2025 05:50:45,000	9,95	4,57	45,6	0,2	44,2	0	0,3
947	04.08.2025 05:50:46,000	9,98	4,55	40,7	1,2	48,1	0	1,6
948	04.08.2025 05:50:47,000	10,05	4,53	32,5	-2,9	54,6	0	-3,6
949	04.08.2025 05:50:48,000	10,08	4,49	25,9	-1,8	62,3	0	-2,1
950	04.08.2025 05:50:49,000	10,18	4,47	31,3	-5,6	53,1	0	-7,1
951	04.08.2025 05:50:50,000	10,34	4,51	36,2	-0,1	53,7	0	-0,1
952	04.08.2025 05:50:51,000	10,41	4,52	35,7	-4,7	49,6	0	-6,3
953	04.08.2025 05:50:52,000	10,51	4,55	35,0	-5,3	49,7	0	-7,0
954	04.08.2025 05:50:53,000	10,61	4,54	29,1	-10,9	50,1	1	-14,2
955	04.08.2025 05:50:54,000	10,67	4,55	33,9	-12,1	44,1	0	-17,1
956	04.08.2025 05:50:55,000	10,70	4,53	34,9	-10,3	44,8	0	-14,5
957	04.08.2025 05:50:56,000	10,74	4,51	30,7	-11,8	47,5	0	-15,9
958	04.08.2025 05:50:57,000	10,77	4,53	36,1	-9,0	44,9	0	-12,7
959	04.08.2025 05:50:58,000	10,77	4,51	34,2	-10,0	45,8	0	-13,9
960	04.08.2025 05:50:59,000	10,80	4,51	33,0	-10,2	46,8	0	-14,0
961	04.08.2025 05:51:00,000	10,83	4,52	21,3	-14,6	54,0	0	-18,0
962	04.08.2025 05:51:01,000	10,87	4,52	39,7	0,1	50,2	0	0,1
963	04.08.2025 05:51:02,000	10,93	4,50	30,8	-1,0	58,2	0	-1,2
964	04.08.2025 05:51:03,000	11,00	4,51	31,9	-1,3	56,8	0	-1,6
965	04.08.2025 05:51:04,000	11,03	4,49	29,8	-2,0	58,1	0	-2,4
966	04.08.2025 05:51:05,000	11,09	4,57	40,4	1,2	48,3	0	1,6
967	04.08.2025 05:51:06,000	11,16	4,55	30,0	-1,4	58,7	0	-1,6
968	04.08.2025 05:51:07,000	11,22	4,51	37,9	-9,1	43,1	0	-13,2
969	04.08.2025 05:51:08,000	11,29	4,47	39,2	-3,6	47,2	1	-5,0
970	04.08.2025 05:51:09,000	11,29	4,47	29,1	-3,9	57,0	0	-4,7
971	04.08.2025 05:51:10,000	11,32	4,45	27,0	-6,0	57,0	0	-7,2
972	04.08.2025 05:51:11,000	11,38	4,48	37,6	1,5	50,8	0	2,0
973	04.08.2025 05:51:12,000	11,45	4,44	34,7	5,8	49,5	0	7,7
974	04.08.2025 05:51:13,000	11,48	4,46	33,8	-2,6	53,6	0	-3,3
975	04.08.2025 05:51:14,000	11,51	4,44	26,1	-8,5	55,3	0	-10,5
976	04.08.2025 05:51:15,000	11,58	4,43	26,5	-11,3	52,2	0	-14,4
977	04.08.2025 05:51:16,000	11,61	4,41	17,9	-9,8	62,3	1	-11,3
978	04.08.2025 05:51:17,000	11,64	4,41	30,5	-12,0	47,5	1	-16,2
979	04.08.2025 05:51:18,000	11,67	4,46	34,4	-8,3	47,3	1	-11,3
980	04.08.2025 05:51:19,000	11,71	4,39	18,9	10,1	61,0	1	11,7
981	04.08.2025 05:51:20,000	11,74	4,39	18,7	-12,2	59,1	0	-14,3
982	04.08.2025 05:51:21,000	11,77	4,44	32,4	-11,2	46,4	0	-15,3
983	04.08.2025 05:51:22,000	11,87	4,45	40,4	-7,3	42,3	0	-10,8
984	04.08.2025 05:51:23,000	11,93	4,44	38,5	-6,5	45,1	1	-9,1
985	04.08.2025 05:51:24,000	11,96	4,39	32,9	-4,9	52,1	1	-6,3
986	04.08.2025 05:51:25,000	12,03	4,38	26,4	-2,6	60,9	0	-3,0
987	04.08.2025 05:51:26,000	12,09	4,36	16,2	15,2	58,5	1	17,8
988	04.08.2025 05:51:27,000	12,12	4,34	33,3	-17,1	39,6	1	-25,2
989	04.08.2025 05:51:28,000	12,18	4,37	20,3	-16,5	53,3	1	-20,2
990	04.08.2025 05:51:29,000	12,22	4,39	35,9	-1,2	52,9	0	-1,5
991	04.08.2025 05:51:30,000	12,31	4,38	36,6	4,9	48,5	0	6,6
992	04.08.2025 05:51:31,000	12,44	4,32	22,6	-14,5	52,8	0	-18,1
993	04.08.2025 05:51:32,000	12,66	4,27	38,7	-26,9	24,4	1	-47,6
994	04.08.2025 05:51:33,000	12,91	4,25	20,4	23,2	46,4	0	29,2
995	04.08.2025 05:51:34,000	13,04	4,26	45,0	-5,1	39,9	0	-7,9
996	04.08.2025 05:51:35,000	13,10	4,22	31,7	21,7	36,6	0	32,2
997	04.08.2025 05:51:36,000	13,07	4,27	37,7	23,7	28,7	0	40,1
998	04.08.2025 05:51:37,000	13,13	4,30	50,5	8,4	31,2	0	15,8
999	04.08.2025 05:51:38,000	13,23	4,31	42,9	-13,1	34,0	0	-22,4
1000	04.08.2025 05:51:39,000	13,32	4,27	18,9	31,5	39,6	0	39,6
1001	04.08.2025 05:51:40,000	13,32	4,27	62,8	14,5	12,7	1	39,6
1002	04.08.2025 05:51:41,000	13,38	4,27	62,9	18,9	8,2	0	39,6
1003	04.08.2025 05:51:42,000	13,38	4,35	63,8	16,3	9,9	1	39,6
1004	04.08.2025 05:51:43,000	13,26	4,38	56,5	21,8	11,7	0	61,2
1005	04.08.2025 05:51:44,000	13,13	4,39	52,6	13,7	23,7	1	30,6
1006	04.08.2025 05:51:45,000	12,98	4,40	53,1	17,9	19,0	1	43,4
1007	04.08.2025 05:51:46,000	12,88	4,41	57,7	21,5	10,9	0	62,7
1008	04.08.2025 05:51:47,000	12,76	4,45	55,4	27,9	6,7	1	75,8
1009	04.08.2025 05:51:48,000	12,63	4,46	57,1	29,2	-3,7	0	97,5
1010	04.08.2025 05:51:49,000	12,53	4,47	52,6	31,1	-6,2	0	101,9
1011	04.08.2025 05:51:50,000	12,47	4,49	48,5	28,6	-12,9	1	115,1
1012	04.08.2025 05:51:51,000	12,41	4,46	57,5	18,4	14,2	0	52,1
1013	04.08.2025 05:51:52,000	12,31	4,47	49,7	16,7	23,6	0	35,9
1014	04.08.2025 05:51:53,000	12,25	4,49	52,2	23,3	14,5	0	57,4
1015	04.08.2025 05:51:54,000	12,22	4,49	53,5	20,7	15,8	0	52,4
1016	04.08.2025 05:51:55,000	12,15	4,48	66,7	11,3	12,0	0	52,4
1017	04.08.2025 05:51:56,000	12,09	4,50	75,9	4,8	9,3	0	52,4
1018	04.08.2025 05:51:57,000	12,06	4,52	60,3	18,1	11,5	1	52,4
1019	04.08.2025 05:51:58,000	12,03	4,49	-2,6	5,0	82,4	0	5,1
1020	04.08.2025 05:51:59,000	11,96	4,51	-15,8	0,1	74,1	0	0,1
1021	04.08.2025 05:52:00,000	11,96	4,51	-11,6	1,3	77,1	0	1,3
1022	04.08.2025 05:52:01,000	11,93	4,51	-11,8	-4,8	73,4	0	-5,1
1023	04.08.2025 05:52:02,000	11,90	4,53	-12,2	-3,3	74,5	0	-3,5
1024	04.08.2025 05:52:03,000	11,87	4,52	-11,7	-4,0	74,3	0	-4,3
1025	04.08.2025 05:52:04,000	11,87	4,52	-8,6	-4,4	77,0	0	-4,6
1026	04.08.2025 05:52:05,000	11,83	4,54	-6,8	-5,2	78,0	0	-5,4
1027	04.08.2025 05:52:06,000	11,80	4,54	-7,1	-6,0	76,9	0	-6,3
1028	04.08.2025 05:52:07,000	11,80	4,54	-5,6	-4,4	79,9	0	-4,6
1029	04.08.2025 05:52:08,000	11,77	4,54	-17,9	-4,4	67,7	0	-4,9
1030	04.08.2025 05:52:09,000	11,74	4,54	-67,8	5,5	-16,7	0	-4,9
1031	04.08.2025 05:52:10,000	11,74	4,54	3,1	-67,5	-19,4	0	-110,0
1032	04.08.2025 05:52:11,000	11,74	4,54	3,5	-67,4	-19,1	0	-109,8
1033	04.08.2025 05:52:12,000	11,71	4,56	4,2	-67,0	-18,8	0	-109,7
1034	04.08.2025 05:52:13,000	11,71	4,56	3,6	-68,3	-18,1	0	-108,8
1035	04.08.2025 05:52:14,000	11,67	4,55	3,3	-68,5	-18,1	0	-108,8
1036	04.08.2025 05:52:15,000	11,67	4,55	3,7	-67,9	-18,4	0	-109,2
1037	04.08.2025 05:52:16,000	11,64	4,57	4,4	-67,7	-17,8	0	-108,7
1038	04.08.2025 05:52:17,000	11,64	4,55	5,1	-65,6	-19,3	0	-110,4
1039	04.08.2025 05:52:18,000	11,61	4,55	4,3	-63,1	-22,6	0	-113,6
1040	04.08.2025 05:52:19,000	11,61	4,57	3,2	-64,0	-22,7	0	-113,6
1041	04.08.2025 05:52:20,000	11,58	4,57	2,7	-64,2	-23,1	0	-113,8
1042	04.08.2025 05:52:21,000	11,58	4,57	4,0	-63,8	-22,2	0	-113,2
1043	04.08.2025 05:52:22,000	11,55	4,56	4,9	-63,5	-21,6	0	-112,8
1044	04.08.2025 05:52:23,000	11,55	4,56	4,8	-62,3	-22,9	0	-114,1
1045	04.08.2025 05:52:24,000	11,55	4,59	3,6	-63,0	-23,4	0	-114,3
1046	04.08.2025 05:52:25,000	11,55	4,56	2,4	-65,0	-22,6	0	-113,2
1047	04.08.2025 05:52:26,000	11,51	4,56	3,4	-64,9	-21,7	0	-112,5
1048	04.08.2025 05:52:27,000	11,51	4,56	4,8	-62,9	-22,3	0	-113,5
1049	04.08.2025 05:52:28,000	11,51	4,56	4,9	-62,5	-22,7	0	-113,9
1050	04.08.2025 05:52:29,000	11,51	4,58	3,8	-63,6	-22,5	0	-113,5
1051	04.08.2025 05:52:30,000	11,51	4,56	3,1	-64,5	-22,4	0	-113,2
1052	04.08.2025 05:52:31,000	11,48	4,58	3,2	-65,2	-21,6	0	-112,4
1053	04.08.2025 05:52:32,000	11,48	4,56	4,4	-64,1	-21,6	0	-112,6
1054	04.08.2025 05:52:33,000	11,48	4,58	4,8	-61,9	-23,3	0	-114,6
1055	04.08.2025 05:52:34,000	11,48	4,56	3,9	-63,6	-22,5	0	-113,4
1056	04.08.2025 05:52:35,000	11,48	4,56	3,0	-67,4	-19,7	0	-110,3
1057	04.08.2025 05:52:36,000	11,48	4,58	3,4	-66,6	-20,0	0	-110,8
1058	04.08.2025 05:52:37,000	11,48	4,56	3,6	-63,4	-23,0	0	-113,9
1059	04.08.2025 05:52:38,000	11,48	4,56	4,2	-64,9	-20,9	0	-111,9
1060	04.08.2025 05:52:39,000	11,45	4,58	3,8	-66,6	-19,7	0	-110,5
1061	04.08.2025 05:52:40,000	11,45	4,58	3,6	-64,6	-21,8	0	-112,7
1062	04.08.2025 05:52:41,000	11,45	4,55	1,9	-63,4	-24,7	0	-115,2
1063	04.08.2025 05:52:42,000	11,45	4,58	0,8	-64,4	-24,8	0	-115,0
1064	04.08.2025 05:52:43,000	11,45	4,55	0,1	-64,3	-25,5	0	-115,6
1065	04.08.2025 05:52:44,000	11,45	4,58	0,0	-64,3	-25,7	0	-115,7
1066	04.08.2025 05:52:45,000	11,45	4,58	0,6	-64,3	-25,1	0	-115,3
1067	04.08.2025 05:52:46,000	11,45	4,55	0,5	-66,3	-23,2	0	-113,3
1068	04.08.2025 05:52:47,000	11,45	4,58	1,2	-66,0	-22,8	0	-113,1
1069	04.08.2025 05:52:48,000	11,45	4,58	1,3	-66,5	-22,2	0	-112,5
1070	04.08.2025 05:52:49,000	11,45	4,58	0,9	-66,1	-23,0	0	-113,2
1071	04.08.2025 05:52:50,000	11,45	4,58	1,1	-66,0	-22,9	0	-113,2
1072	04.08.2025 05:52:51,000	11,45	4,58	0,2	-65,7	-24,1	0	-114,2
1073	04.08.2025 05:52:52,000	11,45	4,55	-1,0	-65,1	-23,9	0	-114,2
1074	04.08.2025 05:52:53,000	11,45	4,58	-1,6	-64,9	-23,5	0	-113,9
1075	04.08.2025 05:52:54,000	11,45	4,55	-0,2	-64,7	-25,1	0	-115,2
1076	04.08.2025 05:52:55,000	11,45	4,55	-2,5	-62,1	-25,4	0	-116,1
1077	04.08.2025 05:52:56,000	11,48	4,56	-4,0	-61,0	-25,0	0	-116,1
1078	04.08.2025 05:52:57,000	11,48	4,58	-2,4	-63,0	-24,7	0	-115,3
1079	04.08.2025 05:52:58,000	11,48	4,56	-0,1	-65,2	-24,7	0	-114,7
1080	04.08.2025 05:52:59,000	11,48	4,58	-1,9	-63,2	-24,8	0	-115,3
1081	04.08.2025 05:53:00,000	11,48	4,56	-4,2	-60,2	-25,6	0	-116,8
1082	04.08.2025 05:53:01,000	11,48	4,58	-2,7	-62,0	-25,2	0	-116,0
1083	04.08.2025 05:53:02,000	11,48	4,58	-2,3	-63,6	-24,1	0	-114,7
1084	04.08.2025 05:53:03,000	11,48	4,58	-1,4	-63,6	-25,0	0	-115,4
1085	04.08.2025 05:53:04,000	11,48	4,58	-2,5	-62,1	-25,4	0	-116,1
1086	04.08.2025 05:53:05,000	11,48	4,58	-4,3	-60,1	-25,6	0	-116,9
1087	04.08.2025 05:53:06,000	11,48	4,58	-3,7	-61,7	-24,6	0	-115,6
1088	04.08.2025 05:53:07,000	11,48	4,58	-3,2	-61,7	-25,0	0	-116,0
1089	04.08.2025 05:53:08,000	11,48	4,56	-2,4	-62,5	-25,1	0	-115,8
1090	04.08.2025 05:53:09,000	11,48	4,58	-1,6	-63,4	-25,1	0	-115,5
1091	04.08.2025 05:53:10,000	11,48	4,56	-0,7	-64,3	-24,9	0	-115,1
1092	04.08.2025 05:53:11,000	11,48	4,56	0,4	-66,8	-22,9	0	-112,9
1093	04.08.2025 05:53:12,000	11,48	4,58	2,7	-63,9	-23,4	0	-114,1
1094	04.08.2025 05:53:13,000	11,48	4,58	2,5	-64,9	-22,6	0	-113,2
1095	04.08.2025 05:53:14,000	11,48	4,56	3,8	-65,9	-20,3	0	-111,2
1096	04.08.2025 05:53:15,000	11,48	4,56	5,1	-64,0	-20,9	0	-112,1
1097	04.08.2025 05:53:16,000	11,51	4,58	4,1	-64,1	-21,7	0	-112,7
1098	04.08.2025 05:53:17,000	11,51	4,58	3,4	-65,1	-21,5	0	-112,3
1099	04.08.2025 05:53:18,000	11,51	4,58	3,1	-63,5	-23,4	0	-114,2
1100	04.08.2025 05:53:19,000	11,51	4,58	-1,0	-65,5	-23,5	0	-113,7
1101	04.08.2025 05:53:20,000	11,51	4,58	0,3	-63,5	-26,2	0	-116,3
1102	04.08.2025 05:53:21,000	11,51	4,58	-2,7	-63,4	-23,9	0	-114,6
1103	04.08.2025 05:53:22,000	11,51	4,58	0,4	-63,4	-26,2	0	-116,3
1104	04.08.2025 05:53:23,000	11,51	4,58	0,5	-65,6	-23,9	0	-114,0
1105	04.08.2025 05:53:24,000	11,51	4,56	0,7	-65,9	-23,4	0	-113,6
1106	04.08.2025 05:53:25,000	11,55	4,59	4,5	-61,2	-24,3	0	-115,6
1107	04.08.2025 05:53:26,000	11,55	4,56	1,2	-67,3	-21,5	0	-111,8
1108	04.08.2025 05:53:27,000	11,55	4,59	1,1	-64,5	-24,4	0	-114,7
1109	04.08.2025 05:53:28,000	11,55	4,59	1,5	-62,9	-25,6	0	-116,0
1110	04.08.2025 05:53:29,000	11,55	4,56	-1,4	-66,3	-22,3	0	-112,6
1111	04.08.2025 05:53:30,000	11,55	4,59	0,9	-62,9	-26,3	0	-116,5
1112	04.08.2025 05:53:31,000	11,55	4,56	0,4	-65,9	-23,8	0	-113,9
1113	04.08.2025 05:53:32,000	11,55	4,59	1,8	-64,1	-24,1	0	-114,5
1114	04.08.2025 05:53:33,000	11,58	4,59	1,8	-66,4	-21,8	0	-112,3
1115	04.08.2025 05:53:34,000	11,58	4,57	4,8	-61,7	-23,5	0	-114,8
1116	04.08.2025 05:53:35,000	11,58	4,59	3,9	-65,9	-20,1	0	-111,0
1117	04.08.2025 05:53:36,000	11,58	4,57	3,9	-65,0	-21,0	0	-112,0
1118	04.08.2025 05:53:37,000	11,58	4,59	6,2	-62,0	-21,9	0	-113,4
1119	04.08.2025 05:53:38,000	11,58	4,59	4,7	-64,9	-20,3	0	-111,4
1120	04.08.2025 05:53:39,000	11,61	4,59	5,0	-64,0	-21,0	0	-112,2
1121	04.08.2025 05:53:40,000	11,61	4,59	6,2	-62,5	-21,3	0	-112,8
1122	04.08.2025 05:53:41,000	11,61	4,59	4,2	-66,6	-19,2	0	-110,1
1123	04.08.2025 05:53:42,000	11,61	4,59	6,3	-62,3	-21,4	0	-112,9
1124	04.08.2025 05:53:43,000	11,61	4,59	4,8	-64,9	-20,2	0	-111,3
1125	04.08.2025 05:53:44,000	11,61	4,59	4,4	-64,4	-21,2	0	-112,2
1126	04.08.2025 05:53:45,000	11,61	4,57	6,1	-62,2	-21,7	0	-113,2
1127	04.08.2025 05:53:46,000	11,64	4,57	3,2	-66,7	-20,2	0	-110,9
1128	04.08.2025 05:53:47,000	11,64	4,57	5,6	-61,8	-22,7	0	-114,1
1129	04.08.2025 05:53:48,000	11,64	4,60	5,0	-64,7	-20,4	0	-111,5
1130	04.08.2025 05:53:49,000	11,64	4,57	4,1	-64,7	-21,3	0	-112,2
1131	04.08.2025 05:53:50,000	11,64	4,57	6,3	-62,1	-21,6	0	-113,1
1132	04.08.2025 05:53:51,000	11,64	4,57	4,4	-65,3	-20,3	0	-111,3
1133	04.08.2025 05:53:52,000	11,67	4,58	4,5	-64,3	-21,1	0	-112,2
1134	04.08.2025 05:53:53,000	11,67	4,58	5,3	-62,3	-22,4	0	-113,8
1135	04.08.2025 05:53:54,000	11,67	4,58	4,6	-65,8	-19,6	0	-110,6
1136	04.08.2025 05:53:55,000	11,67	4,58	4,9	-63,1	-22,0	0	-113,2
1137	04.08.2025 05:53:56,000	11,67	4,58	5,6	-63,2	-21,2	0	-112,5
1138	04.08.2025 05:53:57,000	11,71	4,58	4,6	-64,7	-20,7	0	-111,7
1139	04.08.2025 05:53:58,000	11,71	4,58	5,2	-62,9	-22,0	0	-113,2
1140	04.08.2025 05:53:59,000	11,71	4,58	5,3	-63,6	-21,1	0	-112,4
1141	04.08.2025 05:54:00,000	11,71	4,58	3,1	-66,0	-21,0	0	-111,7
1142	04.08.2025 05:54:01,000	11,71	4,58	6,3	-61,4	-22,4	0	-113,9
1143	04.08.2025 05:54:02,000	11,71	4,58	2,9	-68,4	-18,7	0	-109,3
1144	04.08.2025 05:54:03,000	11,74	4,58	5,4	-60,1	-24,5	0	-116,0
1145	04.08.2025 05:54:04,000	11,74	4,61	4,0	-65,6	-20,4	0	-111,3
1146	04.08.2025 05:54:05,000	11,74	4,58	4,4	-63,6	-22,0	0	-113,1
1147	04.08.2025 05:54:06,000	11,74	4,58	4,1	-64,0	-22,0	0	-113,0
1148	04.08.2025 05:54:07,000	11,74	4,58	5,1	-62,9	-22,1	0	-113,3
1149	04.08.2025 05:54:08,000	11,77	4,59	3,9	-64,5	-21,6	0	-112,5
1150	04.08.2025 05:54:09,000	11,77	4,59	4,0	-64,3	-21,6	0	-112,6
1151	04.08.2025 05:54:10,000	11,77	4,56	5,2	-62,0	-22,8	0	-114,1
1152	04.08.2025 05:54:11,000	11,77	4,59	3,6	-66,6	-19,8	0	-110,6
1153	04.08.2025 05:54:12,000	11,77	4,59	5,6	-62,1	-22,3	0	-113,7
1154	04.08.2025 05:54:13,000	11,80	4,59	4,4	-65,1	-20,5	0	-111,5
1155	04.08.2025 05:54:14,000	11,80	4,59	5,7	-63,7	-20,7	0	-112,0
1156	04.08.2025 05:54:15,000	11,80	4,59	5,7	-62,8	-21,4	0	-112,8
1157	04.08.2025 05:54:16,000	11,80	4,59	5,0	-64,7	-20,3	0	-111,4
1158	04.08.2025 05:54:17,000	11,80	4,59	6,2	-62,3	-21,6	0	-113,1
1159	04.08.2025 05:54:18,000	11,83	4,59	4,7	-64,8	-20,5	0	-111,6
1160	04.08.2025 05:54:19,000	11,83	4,59	5,0	-63,8	-21,2	0	-112,4
1161	04.08.2025 05:54:20,000	11,83	4,57	6,0	-62,6	-21,5	0	-112,9
1162	04.08.2025 05:54:21,000	11,83	4,57	3,4	-66,5	-20,2	0	-110,9
1163	04.08.2025 05:54:22,000	11,87	4,57	6,1	-61,6	-22,3	0	-113,9
1164	04.08.2025 05:54:23,000	11,87	4,60	5,4	-64,5	-20,0	0	-111,2
1165	04.08.2025 05:54:24,000	11,87	4,60	3,8	-63,8	-22,4	0	-113,3
1166	04.08.2025 05:54:25,000	11,87	4,60	6,5	-62,7	-20,9	0	-112,4
1167	04.08.2025 05:54:26,000	11,87	4,57	3,7	-64,5	-21,8	0	-112,7
1168	04.08.2025 05:54:27,000	11,90	4,60	4,3	-64,4	-21,3	0	-112,4
1169	04.08.2025 05:54:28,000	11,90	4,57	5,4	-62,0	-22,6	0	-113,9
1170	04.08.2025 05:54:29,000	11,90	4,57	3,2	-66,2	-20,6	0	-111,3
1171	04.08.2025 05:54:30,000	11,90	4,57	4,9	-62,0	-23,0	0	-114,3
1172	04.08.2025 05:54:31,000	11,93	4,58	4,1	-64,3	-21,6	0	-112,6
1173	04.08.2025 05:54:32,000	11,93	4,58	4,0	-63,6	-22,4	0	-113,4
1174	04.08.2025 05:54:33,000	11,93	4,58	5,3	-62,7	-21,9	0	-113,2
1175	04.08.2025 05:54:34,000	11,93	4,58	2,9	-66,4	-20,7	0	-111,4
1176	04.08.2025 05:54:35,000	11,93	4,58	5,5	-62,5	-22,0	0	-113,3
1177	04.08.2025 05:54:36,000	11,93	4,58	4,2	-65,1	-20,7	0	-111,6
1178	04.08.2025 05:54:37,000	11,93	4,60	5,6	-63,3	-21,1	0	-112,4
1179	04.08.2025 05:54:38,000	11,96	4,58	4,2	-65,0	-20,8	0	-111,8
1180	04.08.2025 05:54:39,000	11,96	4,58	6,1	-62,6	-21,3	0	-112,8
1181	04.08.2025 05:54:40,000	11,96	4,58	4,0	-64,8	-21,2	0	-112,1
1182	04.08.2025 05:54:41,000	11,96	4,58	5,3	-63,3	-21,4	0	-112,6
1183	04.08.2025 05:54:42,000	11,96	4,58	5,0	-62,7	-22,3	0	-113,6
1184	04.08.2025 05:54:43,000	11,99	4,56	4,3	-65,0	-20,7	0	-111,7
1185	04.08.2025 05:54:44,000	11,99	4,58	5,0	-61,4	-23,6	0	-114,9
1186	04.08.2025 05:54:45,000	11,99	4,58	4,5	-63,1	-22,4	0	-113,6
1187	04.08.2025 05:54:46,000	11,99	4,58	5,1	-61,9	-23,1	0	-114,4
1188	04.08.2025 05:54:47,000	11,99	4,58	4,0	-63,9	-22,0	0	-113,0
1189	04.08.2025 05:54:48,000	11,99	4,58	4,9	-62,0	-23,1	0	-114,3
1190	04.08.2025 05:54:49,000	12,03	4,59	4,6	-63,4	-22,0	0	-113,1
1191	04.08.2025 05:54:50,000	12,03	4,59	3,4	-65,8	-20,8	0	-111,6
1192	04.08.2025 05:54:51,000	12,03	4,59	5,8	-61,6	-22,6	0	-114,1
1193	04.08.2025 05:54:52,000	12,03	4,59	3,4	-65,6	-21,0	0	-111,8
1194	04.08.2025 05:54:53,000	12,06	4,59	4,3	-62,1	-23,7	0	-114,8
1195	04.08.2025 05:54:54,000	12,06	4,57	2,7	-63,2	-24,1	0	-114,8
1196	04.08.2025 05:54:55,000	12,06	4,59	2,7	-62,8	-24,5	0	-115,3
1197	04.08.2025 05:54:56,000	12,06	4,57	0,3	-65,6	-24,1	0	-114,2
1198	04.08.2025 05:54:57,000	12,06	4,59	1,8	-60,0	-28,2	0	-118,8
1199	04.08.2025 05:54:58,000	12,09	4,57	2,2	-63,5	-24,2	0	-114,8
1200	04.08.2025 05:54:59,000	12,09	4,57	1,6	-62,6	-25,7	0	-116,2
1201	04.08.2025 05:55:00,000	12,09	4,57	5,1	-55,5	-29,4	0	-121,1
1202	04.08.2025 05:55:01,000	12,09	4,59	5,6	-55,9	-28,5	0	-120,3
1203	04.08.2025 05:55:02,000	12,09	4,57	3,6	-61,5	-24,9	0	-115,9
1204	04.08.2025 05:55:03,000	12,12	4,57	5,6	-55,5	-28,9	0	-120,8
1205	04.08.2025 05:55:04,000	12,12	4,60	6,4	-56,1	-27,5	0	-119,5
1206	04.08.2025 05:55:05,000	12,12	4,60	4,7	-58,1	-27,1	0	-118,6
1207	04.08.2025 05:55:06,000	12,12	4,57	3,8	-59,4	-26,8	0	-117,9
1208	04.08.2025 05:55:07,000	12,15	4,60	6,3	-55,2	-28,5	0	-120,5
1209	04.08.2025 05:55:08,000	12,15	4,58	6,1	-56,3	-27,7	0	-119,6
1210	04.08.2025 05:55:09,000	12,15	4,58	4,6	-59,9	-25,6	0	-116,9
1211	04.08.2025 05:55:10,000	12,15	4,58	6,0	-58,2	-25,8	0	-117,5
1212	04.08.2025 05:55:11,000	12,15	4,60	6,9	-55,5	-27,6	0	-119,8
1213	04.08.2025 05:55:12,000	12,18	4,58	5,9	-57,3	-26,8	0	-118,6
1214	04.08.2025 05:55:13,000	12,18	4,58	4,7	-60,3	-25,0	0	-116,3
1215	04.08.2025 05:55:14,000	12,18	4,58	5,3	-57,9	-26,8	0	-118,4
1216	04.08.2025 05:55:15,000	12,18	4,58	7,1	-54,5	-28,4	0	-120,7
1217	04.08.2025 05:55:16,000	12,18	4,58	5,6	-57,4	-27,0	0	-118,8
1218	04.08.2025 05:55:17,000	12,22	4,58	3,1	-61,3	-25,6	0	-116,5
1219	04.08.2025 05:55:18,000	12,22	4,58	6,0	-58,1	-25,9	0	-117,6
1220	04.08.2025 05:55:19,000	12,22	4,58	7,8	-54,4	-27,8	0	-120,3
1221	04.08.2025 05:55:20,000	12,22	4,58	4,3	-59,3	-26,5	0	-117,7
1222	04.08.2025 05:55:21,000	12,25	4,59	4,3	-61,3	-24,4	0	-115,6
1223	04.08.2025 05:55:22,000	12,25	4,59	6,0	-57,2	-26,8	0	-118,7
1224	04.08.2025 05:55:23,000	12,25	4,56	6,8	-54,8	-28,4	0	-120,7
1225	04.08.2025 05:55:24,000	12,25	4,59	4,5	-59,8	-25,6	0	-116,9
1226	04.08.2025 05:55:25,000	12,28	4,59	3,7	-61,4	-24,9	0	-115,9
1227	04.08.2025 05:55:26,000	12,28	4,59	6,9	-55,5	-27,6	0	-119,8
1228	04.08.2025 05:55:27,000	12,28	4,59	6,0	-56,1	-27,9	0	-119,8
1229	04.08.2025 05:55:28,000	12,28	4,59	4,3	-61,2	-24,5	0	-115,7
1230	04.08.2025 05:55:29,000	12,28	4,59	5,6	-58,4	-26,1	0	-117,7
1231	04.08.2025 05:55:30,000	12,31	4,57	5,8	-56,6	-27,7	0	-119,5
1232	04.08.2025 05:55:31,000	12,31	4,57	6,5	-57,8	-25,7	0	-117,6
1233	04.08.2025 05:55:32,000	12,31	4,57	4,5	-59,1	-26,3	0	-117,7
1234	04.08.2025 05:55:33,000	12,31	4,57	5,6	-58,5	-25,9	0	-117,5
1235	04.08.2025 05:55:34,000	12,31	4,57	6,3	-57,1	-26,6	0	-118,5
1236	04.08.2025 05:55:35,000	12,34	4,60	6,0	-57,9	-26,1	0	-117,9
1237	04.08.2025 05:55:36,000	12,34	4,57	5,0	-58,8	-26,2	0	-117,7
1238	04.08.2025 05:55:37,000	12,34	4,57	6,0	-58,5	-25,6	0	-117,3
1239	04.08.2025 05:55:38,000	12,38	4,57	6,6	-56,7	-26,7	0	-118,7
1240	04.08.2025 05:55:39,000	12,38	4,57	4,8	-58,5	-26,7	0	-118,2
1241	04.08.2025 05:55:40,000	12,38	4,57	5,0	-60,1	-24,9	0	-116,3
1242	04.08.2025 05:55:41,000	12,41	4,55	8,0	-55,7	-26,4	0	-118,8
1243	04.08.2025 05:55:42,000	12,41	4,58	4,9	-58,0	-27,1	0	-118,6
1244	04.08.2025 05:55:43,000	12,44	4,58	4,0	-60,6	-25,4	0	-116,5
1245	04.08.2025 05:55:44,000	12,44	4,58	7,1	-56,8	-26,1	0	-118,2
1246	04.08.2025 05:55:45,000	12,44	4,58	5,6	-57,2	-27,2	0	-118,9
1247	04.08.2025 05:55:46,000	12,44	4,56	4,8	-58,8	-26,4	0	-117,9
1248	04.08.2025 05:55:47,000	12,44	4,56	5,5	-58,9	-25,6	0	-117,2
1249	04.08.2025 05:55:48,000	12,44	4,58	6,8	-57,3	-25,9	0	-117,9
1250	04.08.2025 05:55:49,000	12,44	4,58	5,6	-57,7	-26,7	0	-118,4
1251	04.08.2025 05:55:50,000	12,44	4,58	5,8	-58,6	-25,6	0	-117,3
1252	04.08.2025 05:55:51,000	12,44	4,58	6,1	-57,9	-25,9	0	-117,8
1253	04.08.2025 05:55:52,000	12,44	4,58	4,2	-58,6	-27,3	0	-118,6
1254	04.08.2025 05:55:53,000	12,47	4,56	6,2	-57,3	-26,5	0	-118,4
1255	04.08.2025 05:55:54,000	12,47	4,58	6,4	-57,9	-25,7	0	-117,6
1256	04.08.2025 05:55:55,000	12,47	4,58	4,9	-58,5	-26,5	0	-118,0
1257	04.08.2025 05:55:56,000	12,47	4,56	4,5	-58,6	-27,0	0	-118,3
1258	04.08.2025 05:55:57,000	12,50	4,59	7,6	-57,1	-25,3	0	-117,5
1259	04.08.2025 05:55:58,000	12,50	4,56	6,2	-58,1	-25,7	0	-117,6
1260	04.08.2025 05:55:59,000	12,50	4,56	4,2	-59,1	-26,7	0	-118,0
1261	04.08.2025 05:56:00,000	12,53	4,59	6,4	-57,4	-26,2	0	-118,1
1262	04.08.2025 05:56:01,000	12,53	4,57	6,0	-57,7	-26,3	0	-118,1
1263	04.08.2025 05:56:02,000	12,53	4,57	5,8	-58,6	-25,5	0	-117,2
1264	04.08.2025 05:56:03,000	12,57	4,55	5,4	-57,8	-26,8	0	-118,4
1265	04.08.2025 05:56:04,000	12,57	4,57	5,3	-57,9	-26,8	0	-118,4
1266	04.08.2025 05:56:05,000	12,57	4,57	5,5	-58,6	-25,8	0	-117,5
1267	04.08.2025 05:56:06,000	12,60	4,57	6,8	-57,4	-25,8	0	-117,8
1268	04.08.2025 05:56:07,000	12,60	4,57	5,5	-57,7	-26,8	0	-118,5
1269	04.08.2025 05:56:08,000	12,60	4,57	4,4	-58,9	-26,8	0	-118,1
1270	04.08.2025 05:56:09,000	12,60	4,57	6,8	-58,3	-24,9	0	-116,9
1271	04.08.2025 05:56:10,000	12,63	4,58	6,1	-57,5	-26,4	0	-118,2
1272	04.08.2025 05:56:11,000	12,63	4,58	5,2	-57,8	-27,0	0	-118,6
1273	04.08.2025 05:56:12,000	12,66	4,58	5,3	-58,5	-26,2	0	-117,8
1274	04.08.2025 05:56:13,000	12,66	4,56	6,0	-58,7	-25,2	0	-117,0
1275	04.08.2025 05:56:14,000	12,66	4,58	7,0	-57,5	-25,5	0	-117,6
1276	04.08.2025 05:56:15,000	12,69	4,56	5,6	-56,9	-27,5	0	-119,2
1277	04.08.2025 05:56:16,000	12,69	4,56	4,4	-58,9	-26,6	0	-118,0
1278	04.08.2025 05:56:17,000	12,69	4,56	5,8	-59,3	-24,9	0	-116,5
1279	04.08.2025 05:56:18,000	12,72	4,56	6,6	-56,8	-26,6	0	-118,7
1280	04.08.2025 05:56:19,000	12,72	4,56	5,9	-56,8	-27,3	0	-119,1
1281	04.08.2025 05:56:20,000	12,72	4,56	4,9	-59,7	-25,4	0	-116,9
1282	04.08.2025 05:56:21,000	12,72	4,56	5,5	-59,3	-25,1	0	-116,7
1283	04.08.2025 05:56:22,000	12,76	4,59	7,3	-55,9	-26,9	0	-119,1
1284	04.08.2025 05:56:23,000	12,76	4,57	5,8	-57,4	-26,8	0	-118,6
1285	04.08.2025 05:56:24,000	12,76	4,57	4,4	-59,8	-25,8	0	-117,1
1286	04.08.2025 05:56:25,000	12,79	4,57	5,6	-58,6	-25,9	0	-117,5
1287	04.08.2025 05:56:26,000	12,79	4,57	6,2	-56,9	-27,0	0	-118,9
1288	04.08.2025 05:56:27,000	12,79	4,57	6,3	-56,8	-26,8	0	-118,8
1289	04.08.2025 05:56:28,000	12,79	4,57	4,9	-60,0	-25,1	0	-116,5
1290	04.08.2025 05:56:29,000	12,79	4,57	4,4	-59,1	-26,5	0	-117,8
1291	04.08.2025 05:56:30,000	12,79	4,57	6,3	-56,1	-27,6	0	-119,6
1292	04.08.2025 05:56:31,000	12,82	4,57	6,8	-57,3	-25,9	0	-117,9
1293	04.08.2025 05:56:32,000	12,82	4,57	4,5	-59,3	-26,2	0	-117,5
1294	04.08.2025 05:56:33,000	12,82	4,57	4,6	-59,0	-26,4	0	-117,7
1295	04.08.2025 05:56:34,000	12,85	4,57	7,2	-56,6	-26,3	0	-118,4
1296	04.08.2025 05:56:35,000	12,85	4,55	6,0	-57,4	-26,6	0	-118,5
1297	04.08.2025 05:56:36,000	12,88	4,58	4,3	-59,4	-26,2	0	-117,5
1298	04.08.2025 05:56:37,000	12,88	4,55	5,4	-58,3	-26,4	0	-118,0
1299	04.08.2025 05:56:38,000	12,91	4,56	6,9	-56,9	-26,2	0	-118,3
1300	04.08.2025 05:56:39,000	12,91	4,56	5,8	-57,9	-26,4	0	-118,1
1301	04.08.2025 05:56:40,000	12,94	4,56	5,3	-59,0	-25,8	0	-117,3
1302	04.08.2025 05:56:41,000	12,94	4,56	5,8	-57,6	-26,6	0	-118,4
1303	04.08.2025 05:56:42,000	12,94	4,56	5,8	-57,8	-26,4	0	-118,2
1304	04.08.2025 05:56:43,000	12,94	4,56	5,1	-58,9	-25,9	0	-117,4
1305	04.08.2025 05:56:44,000	12,94	4,56	5,8	-56,6	-27,6	0	-119,4
1306	04.08.2025 05:56:45,000	12,94	4,56	5,1	-58,2	-26,6	0	-118,2
1307	04.08.2025 05:56:46,000	12,94	4,58	5,6	-59,5	-24,9	0	-116,4
1308	04.08.2025 05:56:47,000	12,98	4,56	6,2	-56,7	-27,1	0	-119,0
1309	04.08.2025 05:56:48,000	12,98	4,56	6,1	-57,4	-26,5	0	-118,4
1310	04.08.2025 05:56:49,000	12,98	4,59	5,3	-59,1	-25,5	0	-117,1
1311	04.08.2025 05:56:50,000	12,98	4,56	5,8	-57,7	-26,4	0	-118,2
1312	04.08.2025 05:56:51,000	12,98	4,56	5,4	-57,7	-26,9	0	-118,5
1313	04.08.2025 05:56:52,000	12,98	4,59	5,8	-58,3	-25,9	0	-117,6
1314	04.08.2025 05:56:53,000	12,98	4,56	5,8	-57,7	-26,5	0	-118,3
1315	04.08.2025 05:56:54,000	12,98	4,56	4,7	-58,2	-27,1	0	-118,6
1316	04.08.2025 05:56:55,000	12,98	4,59	5,9	-58,5	-25,6	0	-117,3
1317	04.08.2025 05:56:56,000	12,98	4,56	6,1	-57,8	-26,1	0	-117,9
1318	04.08.2025 05:56:57,000	13,01	4,59	5,8	-56,7	-27,5	0	-119,3
1319	04.08.2025 05:56:58,000	13,01	4,57	4,7	-59,2	-26,0	0	-117,4
1320	04.08.2025 05:56:59,000	13,01	4,57	5,5	-59,3	-25,2	0	-116,8
1321	04.08.2025 05:57:00,000	13,01	4,57	6,7	-55,8	-27,5	0	-119,6
1322	04.08.2025 05:57:01,000	13,01	4,57	5,9	-57,2	-26,9	0	-118,7
1323	04.08.2025 05:57:02,000	13,01	4,57	4,4	-60,5	-25,1	0	-116,3
1324	04.08.2025 05:57:03,000	13,04	4,57	5,8	-58,1	-26,1	0	-117,8
1325	04.08.2025 05:57:04,000	13,04	4,57	6,4	-55,7	-27,9	0	-120,0
1326	04.08.2025 05:57:05,000	13,04	4,57	5,6	-57,9	-26,5	0	-118,2
1327	04.08.2025 05:57:06,000	13,04	4,57	4,6	-60,2	-25,2	0	-116,5
1328	04.08.2025 05:57:07,000	13,07	4,57	5,2	-58,2	-26,6	0	-118,2
1329	04.08.2025 05:57:08,000	13,07	4,57	6,2	-55,3	-28,5	0	-120,5
1330	04.08.2025 05:57:09,000	13,07	4,55	5,8	-58,6	-25,6	0	-117,3
1331	04.08.2025 05:57:10,000	13,07	4,57	5,2	-59,8	-24,9	0	-116,4
1332	04.08.2025 05:57:11,000	13,07	4,57	5,1	-57,5	-27,4	0	-119,0
1333	04.08.2025 05:57:12,000	13,10	4,58	6,2	-56,7	-27,1	0	-119,0
1334	04.08.2025 05:57:13,000	13,10	4,55	5,8	-58,0	-26,3	0	-118,0
1335	04.08.2025 05:57:14,000	13,10	4,55	5,2	-59,2	-25,6	0	-117,2
1336	04.08.2025 05:57:15,000	13,10	4,58	5,3	-58,0	-26,8	0	-118,4
1337	04.08.2025 05:57:16,000	13,10	4,58	5,9	-57,1	-27,0	0	-118,8
1338	04.08.2025 05:57:17,000	13,10	4,58	5,4	-57,9	-26,8	0	-118,4
1339	04.08.2025 05:57:18,000	13,13	4,58	4,9	-58,7	-26,4	0	-117,9
1340	04.08.2025 05:57:19,000	13,13	4,58	6,0	-58,2	-25,8	0	-117,6
1341	04.08.2025 05:57:20,000	13,13	4,58	5,7	-57,1	-27,1	0	-118,9
1342	04.08.2025 05:57:21,000	13,13	4,56	5,2	-58,1	-26,7	0	-118,3
1343	04.08.2025 05:57:22,000	13,13	4,58	5,4	-58,3	-26,2	0	-117,8
1344	04.08.2025 05:57:23,000	13,13	4,56	5,7	-58,1	-26,2	0	-117,9
1345	04.08.2025 05:57:24,000	13,13	4,58	5,6	-57,5	-26,9	0	-118,6
1346	04.08.2025 05:57:25,000	13,16	4,58	5,5	-57,5	-27,0	0	-118,7
1347	04.08.2025 05:57:26,000	13,16	4,58	4,4	-59,2	-26,4	0	-117,7
1348	04.08.2025 05:57:27,000	13,16	4,56	6,0	-58,1	-26,0	0	-117,7
1349	04.08.2025 05:57:28,000	13,16	4,58	6,8	-56,8	-26,5	0	-118,5
1350	04.08.2025 05:57:29,000	13,16	4,58	5,0	-57,7	-27,3	0	-118,8
1351	04.08.2025 05:57:30,000	13,20	4,59	4,9	-59,4	-25,8	0	-117,2
1352	04.08.2025 05:57:31,000	13,20	4,59	5,5	-58,6	-25,9	0	-117,5
1353	04.08.2025 05:57:32,000	13,20	4,56	6,5	-56,4	-27,1	0	-119,2
1354	04.08.2025 05:57:33,000	13,20	4,56	6,0	-56,9	-27,1	0	-119,0
1355	04.08.2025 05:57:34,000	13,20	4,56	4,6	-60,1	-25,3	0	-116,6
1356	04.08.2025 05:57:35,000	13,20	4,59	5,2	-59,3	-25,5	0	-117,0
1357	04.08.2025 05:57:36,000	13,20	4,56	8,0	-54,6	-27,3	0	-119,9
1358	04.08.2025 05:57:37,000	13,23	4,56	5,8	-57,2	-27,1	0	-118,9
1359	04.08.2025 05:57:38,000	13,23	4,56	3,4	-61,8	-24,8	0	-115,8
1360	04.08.2025 05:57:39,000	13,23	4,56	6,0	-58,0	-26,0	0	-117,8
1361	04.08.2025 05:57:40,000	13,23	4,56	7,1	-55,0	-28,0	0	-120,3
1362	04.08.2025 05:57:41,000	13,23	4,56	5,5	-57,9	-26,6	0	-118,3
1363	04.08.2025 05:57:42,000	13,23	4,56	4,7	-60,5	-24,8	0	-116,1
1364	04.08.2025 05:57:43,000	13,26	4,57	5,9	-58,3	-25,8	0	-117,5
1365	04.08.2025 05:57:44,000	13,26	4,57	7,0	-55,7	-27,3	0	-119,5
1366	04.08.2025 05:57:45,000	13,26	4,57	6,5	-57,0	-26,5	0	-118,5
1367	04.08.2025 05:57:46,000	13,26	4,57	4,8	-60,4	-24,8	0	-116,2
1368	04.08.2025 05:57:47,000	13,29	4,57	4,8	-58,8	-26,4	0	-117,8
1369	04.08.2025 05:57:48,000	13,29	4,57	7,3	-55,6	-27,1	0	-119,4
1370	04.08.2025 05:57:49,000	13,29	4,57	6,7	-57,2	-26,0	0	-118,0
1371	04.08.2025 05:57:50,000	13,29	4,57	4,6	-59,4	-26,0	0	-117,3
1372	04.08.2025 05:57:51,000	13,29	4,57	4,5	-59,2	-26,3	0	-117,7
1373	04.08.2025 05:57:52,000	13,29	4,57	6,9	-56,4	-26,7	0	-118,8
1374	04.08.2025 05:57:53,000	13,29	4,57	6,8	-56,6	-26,6	0	-118,7
1375	04.08.2025 05:57:54,000	13,32	4,55	4,9	-59,4	-25,7	0	-117,1
1376	04.08.2025 05:57:55,000	13,32	4,57	5,2	-59,1	-25,7	0	-117,2
1377	04.08.2025 05:57:56,000	13,32	4,57	6,6	-56,6	-26,8	0	-118,9
1378	04.08.2025 05:57:57,000	13,35	4,58	6,6	-57,0	-26,4	0	-118,4
1379	04.08.2025 05:57:58,000	13,35	4,58	5,6	-58,7	-25,7	0	-117,4
1380	04.08.2025 05:57:59,000	13,35	4,58	4,6	-59,0	-26,4	0	-117,8
1381	04.08.2025 05:58:00,000	13,38	4,56	5,7	-57,5	-26,8	0	-118,6
1382	04.08.2025 05:58:01,000	13,38	4,58	6,6	-56,9	-26,5	0	-118,5
1383	04.08.2025 05:58:02,000	13,38	4,58	6,0	-57,9	-26,0	0	-117,8
1384	04.08.2025 05:58:03,000	13,38	4,56	4,5	-59,0	-26,5	0	-117,8
1385	04.08.2025 05:58:04,000	13,38	4,56	6,2	-58,0	-25,8	0	-117,7
1386	04.08.2025 05:58:05,000	13,38	4,56	7,0	-56,7	-26,3	0	-118,4
1387	04.08.2025 05:58:06,000	13,38	4,56	6,3	-57,5	-26,2	0	-118,1
1388	04.08.2025 05:58:07,000	13,42	4,58	4,5	-59,2	-26,3	0	-117,7
1389	04.08.2025 05:58:08,000	13,42	4,56	5,5	-58,5	-26,0	0	-117,6
1390	04.08.2025 05:58:09,000	13,42	4,56	7,0	-56,3	-26,7	0	-118,9
1391	04.08.2025 05:58:10,000	13,42	4,56	5,8	-57,4	-26,7	0	-118,5
1392	04.08.2025 05:58:11,000	13,42	4,56	3,8	-60,1	-26,1	0	-117,2
1393	04.08.2025 05:58:12,000	13,45	4,56	6,4	-57,5	-26,1	0	-118,0
1394	04.08.2025 05:58:13,000	13,45	4,56	7,1	-56,0	-26,9	0	-119,1
1395	04.08.2025 05:58:14,000	13,45	4,59	4,8	-59,1	-26,1	0	-117,5
1396	04.08.2025 05:58:15,000	13,45	4,56	5,3	-58,9	-25,8	0	-117,3
1397	04.08.2025 05:58:16,000	13,45	4,59	6,8	-56,5	-26,7	0	-118,8
1398	04.08.2025 05:58:17,000	13,45	4,56	6,6	-57,6	-25,9	0	-117,8
1399	04.08.2025 05:58:18,000	13,45	4,59	4,5	-59,4	-26,0	0	-117,4
1400	04.08.2025 05:58:19,000	13,45	4,56	5,5	-57,2	-27,3	0	-119,0
1401	04.08.2025 05:58:20,000	13,48	4,57	6,8	-57,0	-26,1	0	-118,2
1402	04.08.2025 05:58:21,000	13,48	4,57	5,7	-58,7	-25,6	0	-117,2
1403	04.08.2025 05:58:22,000	13,48	4,57	5,0	-58,0	-27,0	0	-118,5
1404	04.08.2025 05:58:23,000	13,48	4,57	6,0	-57,3	-26,6	0	-118,5
1405	04.08.2025 05:58:24,000	13,48	4,57	6,3	-58,1	-25,6	0	-117,4
1406	04.08.2025 05:58:25,000	13,48	4,57	6,5	-57,5	-26,0	0	-117,9
1407	04.08.2025 05:58:26,000	13,51	4,57	5,0	-58,1	-26,9	0	-118,5
1408	04.08.2025 05:58:27,000	13,51	4,57	4,9	-58,7	-26,5	0	-117,9
1409	04.08.2025 05:58:28,000	13,51	4,57	6,6	-57,0	-26,4	0	-118,4
1410	04.08.2025 05:58:29,000	13,51	4,55	6,1	-57,4	-26,5	0	-118,3
1411	04.08.2025 05:58:30,000	13,54	4,55	4,7	-58,8	-26,5	0	-117,9
1412	04.08.2025 05:58:31,000	13,54	4,57	5,5	-58,4	-26,1	0	-117,7
1413	04.08.2025 05:58:32,000	13,54	4,57	6,9	-56,4	-26,7	0	-118,8
1414	04.08.2025 05:58:33,000	13,54	4,55	5,5	-58,2	-26,2	0	-117,9
1415	04.08.2025 05:58:34,000	13,54	4,57	4,7	-59,1	-26,2	0	-117,6
1416	04.08.2025 05:58:35,000	13,54	4,57	6,1	-56,6	-27,3	0	-119,2
1417	04.08.2025 05:58:36,000	13,54	4,55	6,2	-57,0	-26,8	0	-118,7
1418	04.08.2025 05:58:37,000	13,57	4,55	4,6	-60,0	-25,4	0	-116,7
1419	04.08.2025 05:58:38,000	13,57	4,58	5,3	-58,1	-26,6	0	-118,2
1420	04.08.2025 05:58:39,000	13,57	4,58	7,0	-55,8	-27,2	0	-119,4
1421	04.08.2025 05:58:40,000	13,57	4,58	5,9	-57,7	-26,3	0	-118,1
1422	04.08.2025 05:58:41,000	13,60	4,58	4,1	-60,0	-25,9	0	-117,1
1423	04.08.2025 05:58:42,000	13,60	4,58	5,5	-58,0	-26,5	0	-118,1
1424	04.08.2025 05:58:43,000	13,60	4,55	7,2	-55,5	-27,3	0	-119,5
1425	04.08.2025 05:58:44,000	13,60	4,55	5,6	-58,0	-26,4	0	-118,1
1426	04.08.2025 05:58:45,000	13,63	4,58	4,3	-59,7	-26,0	0	-117,3
1427	04.08.2025 05:58:46,000	13,63	4,58	5,5	-58,0	-26,5	0	-118,2
1428	04.08.2025 05:58:47,000	13,63	4,56	7,5	-55,2	-27,3	0	-119,7
1429	04.08.2025 05:58:48,000	13,63	4,56	5,6	-58,6	-25,9	0	-117,5
1430	04.08.2025 05:58:49,000	13,63	4,58	3,7	-60,5	-25,8	0	-116,9
1431	04.08.2025 05:58:50,000	13,63	4,56	6,7	-56,3	-27,0	0	-119,1
1432	04.08.2025 05:58:51,000	13,67	4,56	6,7	-56,2	-27,1	0	-119,2
1433	04.08.2025 05:58:52,000	13,67	4,56	4,6	-59,7	-25,7	0	-117,0
1434	04.08.2025 05:58:53,000	13,67	4,56	4,8	-59,3	-25,9	0	-117,3
1435	04.08.2025 05:58:54,000	13,67	4,56	6,8	-55,4	-27,8	0	-120,0
1436	04.08.2025 05:58:55,000	13,67	4,56	6,1	-57,2	-26,7	0	-118,5
1437	04.08.2025 05:58:56,000	13,70	4,59	5,2	-60,3	-24,5	0	-115,9
1438	04.08.2025 05:58:57,000	13,70	4,56	5,1	-58,1	-26,8	0	-118,3
1439	04.08.2025 05:58:58,000	13,70	4,56	7,2	-54,7	-28,1	0	-120,4
1440	04.08.2025 05:58:59,000	13,70	4,56	5,8	-58,5	-25,8	0	-117,4
1441	04.08.2025 05:59:00,000	13,70	4,56	4,2	-60,7	-25,1	0	-116,3
1442	04.08.2025 05:59:01,000	13,73	4,57	6,3	-56,9	-26,9	0	-118,8
1443	04.08.2025 05:59:02,000	13,73	4,57	6,7	-55,6	-27,7	0	-119,9
1444	04.08.2025 05:59:03,000	13,73	4,57	4,9	-58,8	-26,4	0	-117,8
1445	04.08.2025 05:59:04,000	13,73	4,57	4,3	-60,2	-25,5	0	-116,7
1446	04.08.2025 05:59:05,000	13,73	4,57	6,3	-56,7	-27,0	0	-118,9
1447	04.08.2025 05:59:06,000	13,76	4,57	6,6	-55,9	-27,5	0	-119,6
1448	04.08.2025 05:59:07,000	13,76	4,55	4,7	-59,2	-26,2	0	-117,6
1449	04.08.2025 05:59:08,000	13,76	4,57	5,4	-59,4	-25,2	0	-116,8
1450	04.08.2025 05:59:09,000	13,76	4,57	7,0	-55,9	-27,1	0	-119,2
1451	04.08.2025 05:59:10,000	13,76	4,55	5,6	-57,1	-27,3	0	-119,1
1452	04.08.2025 05:59:11,000	13,76	4,57	4,8	-59,6	-25,6	0	-117,0
1453	04.08.2025 05:59:12,000	13,79	4,57	5,6	-58,0	-26,4	0	-118,1
1454	04.08.2025 05:59:13,000	13,79	4,55	6,5	-56,2	-27,3	0	-119,3
1455	04.08.2025 05:59:14,000	13,79	4,55	5,2	-58,1	-26,7	0	-118,3
1456	04.08.2025 05:59:15,000	13,82	4,55	5,4	-59,2	-25,5	0	-117,0
1457	04.08.2025 05:59:16,000	13,82	4,55	5,7	-57,7	-26,7	0	-118,4
1458	04.08.2025 05:59:17,000	13,82	4,55	6,9	-56,6	-26,5	0	-118,6
1459	04.08.2025 05:59:18,000	13,82	4,55	5,5	-58,4	-26,1	0	-117,7
1460	04.08.2025 05:59:19,000	13,85	4,58	4,5	-58,9	-26,7	0	-118,0
1461	04.08.2025 05:59:20,000	13,85	4,56	6,2	-57,1	-26,7	0	-118,6
1462	04.08.2025 05:59:21,000	13,85	4,56	5,7	-57,5	-26,8	0	-118,5
1463	04.08.2025 05:59:22,000	13,85	4,58	4,7	-58,2	-27,1	0	-118,5
1464	04.08.2025 05:59:23,000	13,85	4,56	5,7	-58,1	-26,2	0	-117,9
1465	04.08.2025 05:59:24,000	13,85	4,58	6,0	-57,7	-26,3	0	-118,1
1466	04.08.2025 05:59:25,000	13,88	4,56	5,6	-57,8	-26,6	0	-118,3
1467	04.08.2025 05:59:26,000	13,88	4,56	6,3	-57,8	-25,9	0	-117,8
1468	04.08.2025 05:59:27,000	13,88	4,58	5,5	-57,7	-26,8	0	-118,4
1469	04.08.2025 05:59:28,000	13,88	4,56	5,1	-58,3	-26,6	0	-118,1
1470	04.08.2025 05:59:29,000	13,88	4,56	5,9	-57,4	-26,7	0	-118,5
1471	04.08.2025 05:59:30,000	13,91	4,54	5,9	-57,2	-27,0	0	-118,8
1472	04.08.2025 05:59:31,000	13,91	4,54	5,2	-58,4	-26,4	0	-117,9
1473	04.08.2025 05:59:32,000	13,91	4,56	5,6	-58,6	-25,9	0	-117,5
1474	04.08.2025 05:59:33,000	13,91	4,56	6,5	-56,6	-26,8	0	-118,9
1475	04.08.2025 05:59:34,000	13,91	4,56	6,1	-57,1	-26,8	0	-118,7
1476	04.08.2025 05:59:35,000	13,95	4,56	4,1	-60,1	-25,8	0	-117,0
1477	04.08.2025 05:59:36,000	13,95	4,56	5,7	-58,0	-26,3	0	-118,1
1478	04.08.2025 05:59:37,000	13,95	4,56	7,3	-55,3	-27,4	0	-119,7
1479	04.08.2025 05:59:38,000	13,95	4,56	4,5	-58,8	-26,8	0	-118,1
1480	04.08.2025 05:59:39,000	13,95	4,59	4,3	-60,0	-25,7	0	-116,9
1481	04.08.2025 05:59:40,000	13,95	4,56	6,6	-56,9	-26,5	0	-118,5
1482	04.08.2025 05:59:41,000	13,95	4,56	6,8	-55,8	-27,4	0	-119,5
1483	04.08.2025 05:59:42,000	13,95	4,56	4,2	-59,0	-26,8	0	-118,1
1484	04.08.2025 05:59:43,000	13,95	4,56	4,1	-59,8	-26,1	0	-117,3
1485	04.08.2025 05:59:44,000	13,98	4,54	6,8	-56,6	-26,6	0	-118,7
1486	04.08.2025 05:59:45,000	13,98	4,54	6,0	-56,3	-27,7	0	-119,6
1487	04.08.2025 05:59:46,000	13,98	4,57	4,6	-59,1	-26,3	0	-117,6
1488	04.08.2025 05:59:47,000	13,98	4,57	5,6	-58,7	-25,7	0	-117,3
1489	04.08.2025 05:59:48,000	13,98	4,54	5,7	-57,6	-26,7	0	-118,4
1490	04.08.2025 05:59:49,000	13,98	4,54	5,9	-56,0	-28,0	0	-119,9
1491	04.08.2025 05:59:50,000	13,98	4,57	5,3	-58,2	-26,5	0	-118,1
1492	04.08.2025 05:59:51,000	14,01	4,57	4,3	-59,5	-26,2	0	-117,5
1493	04.08.2025 05:59:52,000	14,01	4,55	6,5	-57,1	-26,5	0	-118,4
1494	04.08.2025 05:59:53,000	14,01	4,57	5,9	-56,5	-27,5	0	-119,4
1495	04.08.2025 05:59:54,000	14,01	4,57	4,8	-58,4	-26,8	0	-118,3
1496	04.08.2025 05:59:55,000	14,01	4,55	5,1	-59,3	-25,5	0	-117,0
1497	04.08.2025 05:59:56,000	14,01	4,57	5,8	-57,4	-26,8	0	-118,6
1498	04.08.2025 05:59:57,000	14,01	4,57	6,0	-56,5	-27,5	0	-119,4
1499	04.08.2025 05:59:58,000	14,04	4,57	5,5	-58,4	-26,1	0	-117,7
1500	04.08.2025 05:59:59,000	14,04	4,55	5,1	-59,0	-25,9	0	-117,3
1501	04.08.2025 06:00:00,000	14,04	4,55	5,7	-57,4	-26,9	0	-118,6
1502	04.08.2025 06:00:01,000	14,04	4,57	5,6	-56,7	-27,7	0	-119,5
1503	04.08.2025 06:00:02,000	14,04	4,55	5,7	-58,4	-26,0	0	-117,6
1504	04.08.2025 06:00:03,000	14,04	4,55	5,0	-58,7	-26,3	0	-117,8
1505	04.08.2025 06:00:04,000	14,07	4,58	5,3	-57,7	-27,0	0	-118,6
1506	04.08.2025 06:00:05,000	14,07	4,55	6,2	-56,4	-27,3	0	-119,3
1507	04.08.2025 06:00:06,000	14,07	4,55	5,0	-58,7	-26,3	0	-117,8
1508	04.08.2025 06:00:07,000	14,07	4,55	5,5	-58,7	-25,9	0	-117,5
1509	04.08.2025 06:00:08,000	14,07	4,55	6,1	-56,7	-27,2	0	-119,1
1510	04.08.2025 06:00:09,000	14,07	4,58	5,5	-57,5	-27,0	0	-118,7
1511	04.08.2025 06:00:10,000	14,07	4,58	5,1	-59,0	-25,9	0	-117,4
1512	04.08.2025 06:00:11,000	14,07	4,55	6,5	-57,4	-26,1	0	-118,1
1513	04.08.2025 06:00:12,000	14,10	4,56	5,3	-56,8	-27,9	0	-119,6
1514	04.08.2025 06:00:13,000	14,10	4,58	4,7	-58,7	-26,6	0	-118,0
1515	04.08.2025 06:00:14,000	14,10	4,56	6,1	-58,2	-25,7	0	-117,5
1516	04.08.2025 06:00:15,000	14,13	4,56	5,6	-57,9	-26,5	0	-118,2
1517	04.08.2025 06:00:16,000	14,13	4,56	4,4	-59,5	-26,2	0	-117,5
1518	04.08.2025 06:00:17,000	14,13	4,56	5,2	-59,3	-25,5	0	-117,0
1519	04.08.2025 06:00:18,000	14,13	4,56	6,4	-58,5	-25,1	0	-117,0
1520	04.08.2025 06:00:19,000	14,13	4,56	6,3	-59,0	-24,7	0	-116,4
1521	04.08.2025 06:00:20,000	14,13	4,56	6,6	-58,6	-24,8	0	-116,6
1522	04.08.2025 06:00:21,000	14,16	4,56	6,5	-58,3	-25,1	0	-117,0
1523	04.08.2025 06:00:22,000	14,16	4,56	5,9	-60,1	-24,0	0	-115,6
1524	04.08.2025 06:00:23,000	14,16	4,56	5,9	-59,1	-25,0	0	-116,7
1525	04.08.2025 06:00:24,000	14,16	4,56	3,9	-60,1	-25,9	0	-117,1
1526	04.08.2025 06:00:25,000	14,16	4,56	4,1	-59,6	-26,3	0	-117,6
1527	04.08.2025 06:00:26,000	14,16	4,56	4,7	-59,0	-26,4	0	-117,8
1528	04.08.2025 06:00:27,000	14,16	4,56	2,5	-60,2	-27,2	0	-118,0
1529	04.08.2025 06:00:28,000	14,16	4,54	1,7	-59,6	-28,7	0	-119,2
1530	04.08.2025 06:00:29,000	14,16	4,56	3,3	-58,3	-28,4	0	-119,5
1531	04.08.2025 06:00:30,000	14,16	4,56	2,7	-59,5	-27,8	0	-118,6
1532	04.08.2025 06:00:31,000	14,19	4,57	1,1	-59,8	-29,1	0	-119,5
1533	04.08.2025 06:00:32,000	14,19	4,57	1,7	-58,6	-29,8	0	-120,3
1534	04.08.2025 06:00:33,000	14,19	4,57	2,2	-58,1	-29,7	0	-120,5
1535	04.08.2025 06:00:34,000	14,19	4,59	2,4	-59,0	-28,6	0	-119,4
1536	04.08.2025 06:00:35,000	14,19	4,57	1,1	-59,4	-29,4	0	-119,8
1537	04.08.2025 06:00:36,000	14,19	4,54	0,7	-58,6	-30,7	0	-120,9
1538	04.08.2025 06:00:37,000	14,19	4,57	2,8	-57,6	-29,7	0	-120,6
1539	04.08.2025 06:00:38,000	14,19	4,57	2,0	-58,9	-29,1	0	-119,8
1540	04.08.2025 06:00:39,000	14,19	4,57	0,7	-59,2	-30,1	0	-120,3
1541	04.08.2025 06:00:40,000	14,19	4,57	-0,4	-57,8	-31,8	0	-121,9
1542	04.08.2025 06:00:41,000	14,19	4,57	0,1	-57,5	-32,4	0	-122,4
1543	04.08.2025 06:00:42,000	14,19	4,57	0,9	-58,2	-30,9	0	-121,2
1544	04.08.2025 06:00:43,000	14,22	4,57	0,4	-58,9	-30,7	0	-120,8
1545	04.08.2025 06:00:44,000	14,22	4,57	0,0	-58,8	-31,2	0	-121,2
1546	04.08.2025 06:00:45,000	14,22	4,57	1,5	-57,8	-30,7	0	-121,2
1547	04.08.2025 06:00:46,000	14,22	4,57	2,3	-57,9	-29,8	0	-120,6
1548	04.08.2025 06:00:47,000	14,22	4,57	2,0	-59,0	-29,1	0	-119,7
1549	04.08.2025 06:00:48,000	14,22	4,57	1,1	-58,9	-29,9	0	-120,3
1550	04.08.2025 06:00:49,000	14,26	4,57	0,2	-58,5	-31,3	0	-121,4
1551	04.08.2025 06:00:50,000	14,26	4,55	0,3	-58,2	-31,6	0	-121,6
1552	04.08.2025 06:00:51,000	14,26	4,55	0,9	-58,7	-30,4	0	-120,7
1553	04.08.2025 06:00:52,000	14,26	4,57	3,0	-58,4	-28,6	0	-119,6
1554	04.08.2025 06:00:53,000	14,26	4,57	4,8	-57,6	-27,6	0	-119,2
1555	04.08.2025 06:00:54,000	14,26	4,57	5,5	-57,8	-26,7	0	-118,4
1556	04.08.2025 06:00:55,000	14,26	4,57	5,2	-58,0	-26,8	0	-118,4
1557	04.08.2025 06:00:56,000	14,26	4,57	4,2	-57,6	-28,2	0	-119,6
1558	04.08.2025 06:00:57,000	14,26	4,55	2,0	-58,1	-29,9	0	-120,6
1559	04.08.2025 06:00:58,000	14,29	4,57	0,0	-58,2	-31,8	0	-121,8
1560	04.08.2025 06:00:59,000	14,29	4,57	-1,3	-55,7	-33,0	0	-123,4
1561	04.08.2025 06:01:00,000	14,29	4,55	-0,9	-57,0	-32,1	0	-122,4
1562	04.08.2025 06:01:01,000	14,29	4,57	0,9	-58,3	-30,8	0	-121,1
1563	04.08.2025 06:01:02,000	14,29	4,57	4,2	-57,6	-28,3	0	-119,6
1564	04.08.2025 06:01:03,000	14,29	4,57	5,5	-57,5	-27,0	0	-118,7
1565	04.08.2025 06:01:04,000	14,29	4,55	5,5	-58,3	-26,1	0	-117,8
1566	04.08.2025 06:01:05,000	14,29	4,57	7,2	-57,2	-25,6	0	-117,7
1567	04.08.2025 06:01:06,000	14,32	4,58	7,6	-57,4	-25,1	0	-117,2
1568	04.08.2025 06:01:07,000	14,32	4,58	6,8	-57,4	-25,8	0	-117,8
1569	04.08.2025 06:01:08,000	14,32	4,58	6,5	-57,4	-26,1	0	-118,1
1570	04.08.2025 06:01:09,000	14,32	4,58	6,2	-57,7	-26,1	0	-117,9
1571	04.08.2025 06:01:10,000	14,32	4,58	6,0	-57,1	-26,9	0	-118,8
1572	04.08.2025 06:01:11,000	14,32	4,58	5,5	-57,6	-26,9	0	-118,6
1573	04.08.2025 06:01:12,000	14,32	4,58	6,0	-56,9	-27,1	0	-118,9
1574	04.08.2025 06:01:13,000	14,32	4,55	5,6	-57,0	-27,4	0	-119,2
1575	04.08.2025 06:01:14,000	14,32	4,55	5,0	-57,1	-27,9	0	-119,5
1576	04.08.2025 06:01:15,000	14,32	4,58	4,9	-57,6	-27,5	0	-119,0
1577	04.08.2025 06:01:16,000	14,35	4,56	5,1	-57,4	-27,6	0	-119,2
1578	04.08.2025 06:01:17,000	14,35	4,58	4,8	-56,9	-28,4	0	-119,9
1579	04.08.2025 06:01:18,000	14,35	4,58	3,5	-57,4	-29,1	0	-120,3
1580	04.08.2025 06:01:19,000	14,35	4,56	3,6	-57,6	-28,9	0	-120,0
1581	04.08.2025 06:01:20,000	14,35	4,56	4,1	-57,3	-28,6	0	-119,9
1582	04.08.2025 06:01:21,000	14,35	4,58	3,6	-57,0	-29,5	0	-120,7
1583	04.08.2025 06:01:22,000	14,35	4,56	3,8	-57,6	-28,6	0	-119,8
1584	04.08.2025 06:01:23,000	14,38	4,58	5,4	-57,8	-26,7	0	-118,4
1585	04.08.2025 06:01:24,000	14,38	4,58	6,0	-57,3	-26,7	0	-118,5
1586	04.08.2025 06:01:25,000	14,38	4,58	6,3	-57,1	-26,7	0	-118,6
1587	04.08.2025 06:01:26,000	14,38	4,58	6,7	-57,0	-26,3	0	-118,3
1588	04.08.2025 06:01:27,000	14,38	4,58	6,2	-56,5	-27,3	0	-119,2
1589	04.08.2025 06:01:28,000	14,38	4,56	4,8	-57,1	-28,0	0	-119,6
1590	04.08.2025 06:01:29,000	14,38	4,56	5,0	-57,5	-27,5	0	-119,1
1591	04.08.2025 06:01:30,000	14,38	4,56	5,2	-57,9	-26,8	0	-118,4
1592	04.08.2025 06:01:31,000	14,41	4,56	5,8	-57,1	-27,1	0	-118,9
1593	04.08.2025 06:01:32,000	14,38	4,56	6,1	-57,0	-26,9	0	-118,8
1594	04.08.2025 06:01:33,000	14,41	4,56	5,8	-57,4	-26,8	0	-118,6
1595	04.08.2025 06:01:34,000	14,41	4,59	6,2	-56,6	-27,1	0	-119,1
1596	04.08.2025 06:01:35,000	14,41	4,56	5,7	-56,6	-27,6	0	-119,4
1597	04.08.2025 06:01:36,000	14,41	4,56	5,0	-57,4	-27,5	0	-119,1
1598	04.08.2025 06:01:37,000	14,41	4,56	5,5	-57,4	-27,1	0	-118,8
1599	04.08.2025 06:01:38,000	14,41	4,56	5,8	-57,2	-27,1	0	-118,8
1600	04.08.2025 06:01:39,000	14,41	4,59	5,5	-57,5	-27,1	0	-118,8
1601	04.08.2025 06:01:40,000	14,41	4,56	5,3	-56,7	-28,0	0	-119,7
1602	04.08.2025 06:01:41,000	14,44	4,57	4,4	-56,4	-29,2	0	-120,6
1603	04.08.2025 06:01:42,000	14,44	4,57	3,8	-57,1	-29,1	0	-120,3
1604	04.08.2025 06:01:43,000	14,44	4,57	4,4	-56,9	-28,7	0	-120,1
1605	04.08.2025 06:01:44,000	14,44	4,57	3,8	-57,0	-29,2	0	-120,4
1606	04.08.2025 06:01:45,000	14,44	4,57	3,8	-57,9	-28,3	0	-119,5
1607	04.08.2025 06:01:46,000	14,44	4,57	5,2	-56,8	-27,9	0	-119,6
1608	04.08.2025 06:01:47,000	14,44	4,59	6,1	-56,8	-27,0	0	-118,9
1609	04.08.2025 06:01:48,000	14,44	4,57	5,8	-57,8	-26,4	0	-118,2
1610	04.08.2025 06:01:49,000	14,44	4,57	6,9	-56,8	-26,3	0	-118,4
1611	04.08.2025 06:01:50,000	14,47	4,57	6,1	-56,6	-27,3	0	-119,2
1612	04.08.2025 06:01:51,000	14,47	4,57	5,9	-58,1	-26,0	0	-117,7
1613	04.08.2025 06:01:52,000	14,47	4,57	6,1	-56,5	-27,4	0	-119,3
1614	04.08.2025 06:01:53,000	14,47	4,57	5,8	-56,1	-28,1	0	-119,9
1615	04.08.2025 06:01:54,000	14,47	4,57	3,9	-57,7	-28,5	0	-119,7
1616	04.08.2025 06:01:55,000	14,47	4,57	3,6	-57,6	-28,8	0	-120,0
1617	04.08.2025 06:01:56,000	14,47	4,57	5,3	-56,4	-28,3	0	-120,0
1618	04.08.2025 06:01:57,000	14,47	4,59	4,8	-56,9	-28,3	0	-119,8
1619	04.08.2025 06:01:58,000	14,47	4,55	4,4	-57,3	-28,3	0	-119,8
1620	04.08.2025 06:01:59,000	14,50	4,57	5,3	-57,1	-27,6	0	-119,3
1621	04.08.2025 06:02:00,000	14,50	4,57	5,4	-57,4	-27,3	0	-119,0
1622	04.08.2025 06:02:01,000	14,50	4,57	5,0	-57,3	-27,7	0	-119,3
1623	04.08.2025 06:02:02,000	14,50	4,57	5,8	-56,5	-27,7	0	-119,5
1624	04.08.2025 06:02:03,000	14,50	4,57	4,8	-56,8	-28,4	0	-120,0
1625	04.08.2025 06:02:04,000	14,50	4,57	3,8	-56,8	-29,4	0	-120,7
1626	04.08.2025 06:02:05,000	14,50	4,57	4,3	-57,3	-28,4	0	-119,8
1627	04.08.2025 06:02:06,000	14,50	4,57	5,1	-57,9	-27,0	0	-118,5
1628	04.08.2025 06:02:07,000	14,53	4,55	6,0	-57,6	-26,4	0	-118,2
1629	04.08.2025 06:02:08,000	14,53	4,58	6,1	-56,9	-27,0	0	-118,9
1630	04.08.2025 06:02:09,000	14,53	4,55	6,0	-56,8	-27,2	0	-119,0
1631	04.08.2025 06:02:10,000	14,53	4,55	4,7	-58,1	-27,3	0	-118,7
1632	04.08.2025 06:02:11,000	14,53	4,58	6,3	-56,6	-27,1	0	-119,1
1633	04.08.2025 06:02:12,000	14,53	4,58	5,3	-56,5	-28,2	0	-119,9
1634	04.08.2025 06:02:13,000	14,53	4,58	4,6	-58,0	-27,4	0	-118,8
1635	04.08.2025 06:02:14,000	14,53	4,58	4,9	-58,1	-27,0	0	-118,5
1636	04.08.2025 06:02:15,000	14,56	4,55	5,0	-56,7	-28,3	0	-120,0
1637	04.08.2025 06:02:16,000	14,56	4,58	4,3	-57,0	-28,7	0	-120,1
1638	04.08.2025 06:02:17,000	14,56	4,58	4,1	-56,6	-29,3	0	-120,6
1639	04.08.2025 06:02:18,000	14,56	4,55	3,6	-57,7	-28,8	0	-119,9
1640	04.08.2025 06:02:19,000	14,56	4,58	4,6	-56,7	-28,7	0	-120,2
1641	04.08.2025 06:02:20,000	14,56	4,55	5,3	-57,2	-27,4	0	-119,1
1642	04.08.2025 06:02:21,000	14,56	4,58	5,7	-57,5	-26,8	0	-118,6
1643	04.08.2025 06:02:22,000	14,56	4,55	7,1	-57,4	-25,5	0	-117,6
1644	04.08.2025 06:02:23,000	14,56	4,55	6,8	-57,5	-25,7	0	-117,7
1645	04.08.2025 06:02:24,000	14,56	4,58	7,7	-57,3	-25,0	0	-117,2
1646	04.08.2025 06:02:25,000	14,60	4,56	7,6	-56,5	-26,0	0	-118,2
1647	04.08.2025 06:02:26,000	14,60	4,58	6,1	-56,5	-27,5	0	-119,4
1648	04.08.2025 06:02:27,000	14,60	4,56	5,3	-56,5	-28,1	0	-119,8
1649	04.08.2025 06:02:28,000	14,60	4,56	4,9	-57,1	-27,9	0	-119,5
1650	04.08.2025 06:02:29,000	14,60	4,56	4,3	-57,6	-28,1	0	-119,5
1651	04.08.2025 06:02:30,000	14,60	4,56	5,8	-57,3	-26,9	0	-118,7
1652	04.08.2025 06:02:31,000	14,60	4,56	5,4	-56,8	-27,8	0	-119,5
1653	04.08.2025 06:02:32,000	14,60	4,56	5,2	-57,1	-27,6	0	-119,3
1654	04.08.2025 06:02:33,000	14,63	4,56	4,9	-56,4	-28,7	0	-120,3
1655	04.08.2025 06:02:34,000	14,63	4,56	3,9	-57,1	-29,0	0	-120,3
1656	04.08.2025 06:02:35,000	14,63	4,56	5,1	-57,7	-27,1	0	-118,7
1657	04.08.2025 06:02:36,000	14,63	4,56	5,9	-56,5	-27,5	0	-119,4
1658	04.08.2025 06:02:37,000	14,63	4,56	5,7	-56,7	-27,6	0	-119,4
1659	04.08.2025 06:02:38,000	14,63	4,56	5,1	-57,2	-27,6	0	-119,2
1660	04.08.2025 06:02:39,000	14,66	4,56	4,7	-56,8	-28,5	0	-120,0
1661	04.08.2025 06:02:40,000	14,66	4,56	4,7	-56,7	-28,6	0	-120,2
1662	04.08.2025 06:02:41,000	14,66	4,56	4,3	-57,7	-28,1	0	-119,4
1663	04.08.2025 06:02:42,000	14,66	4,56	5,8	-57,4	-26,8	0	-118,6
1664	04.08.2025 06:02:43,000	14,66	4,56	6,4	-58,2	-25,4	0	-117,3
1665	04.08.2025 06:02:44,000	14,66	4,56	6,4	-56,8	-26,8	0	-118,8
1666	04.08.2025 06:02:45,000	14,66	4,56	6,0	-56,0	-28,0	0	-119,9
1667	04.08.2025 06:02:46,000	14,69	4,54	5,4	-56,8	-27,8	0	-119,6
1668	04.08.2025 06:02:47,000	14,69	4,57	5,5	-58,0	-26,4	0	-118,1
1669	04.08.2025 06:02:48,000	14,69	4,57	5,2	-56,9	-28,0	0	-119,6
1670	04.08.2025 06:02:49,000	14,69	4,57	5,4	-56,1	-28,5	0	-120,3
1671	04.08.2025 06:02:50,000	14,69	4,54	4,3	-57,5	-28,3	0	-119,7
1672	04.08.2025 06:02:51,000	14,69	4,54	4,7	-57,3	-28,0	0	-119,5
1673	04.08.2025 06:02:52,000	14,69	4,57	5,5	-56,9	-27,6	0	-119,4
1674	04.08.2025 06:02:53,000	14,69	4,54	6,1	-57,1	-26,8	0	-118,7
1675	04.08.2025 06:02:54,000	14,69	4,57	6,3	-56,8	-26,9	0	-118,9
1676	04.08.2025 06:02:55,000	14,69	4,54	6,8	-57,2	-26,0	0	-118,1
1677	04.08.2025 06:02:56,000	14,69	4,54	7,0	-56,5	-26,5	0	-118,7
1678	04.08.2025 06:02:57,000	14,72	4,57	5,8	-56,0	-28,2	0	-120,0
1679	04.08.2025 06:02:58,000	14,72	4,57	4,3	-57,2	-28,5	0	-119,9
1680	04.08.2025 06:02:59,000	14,72	4,55	4,5	-57,5	-27,9	0	-119,4
1681	04.08.2025 06:03:00,000	14,72	4,57	5,7	-57,1	-27,2	0	-118,9
1682	04.08.2025 06:03:01,000	14,72	4,55	6,1	-56,6	-27,3	0	-119,2
1683	04.08.2025 06:03:02,000	14,72	4,57	6,0	-57,7	-26,3	0	-118,1
1684	04.08.2025 06:03:03,000	14,72	4,55	6,8	-57,2	-26,0	0	-118,0
1685	04.08.2025 06:03:04,000	14,75	4,55	7,5	-55,8	-26,7	0	-119,1
1686	04.08.2025 06:03:05,000	14,75	4,55	6,0	-55,9	-28,1	0	-120,1
1687	04.08.2025 06:03:06,000	14,75	4,55	5,1	-56,5	-28,4	0	-120,1
1688	04.08.2025 06:03:07,000	14,75	4,57	5,3	-57,0	-27,7	0	-119,3
1689	04.08.2025 06:03:08,000	14,75	4,57	5,1	-57,1	-27,8	0	-119,4
1690	04.08.2025 06:03:09,000	14,75	4,55	4,7	-57,0	-28,3	0	-119,9
1691	04.08.2025 06:03:10,000	14,75	4,55	5,6	-57,3	-27,1	0	-118,8
1692	04.08.2025 06:03:11,000	14,75	4,57	4,9	-57,7	-27,4	0	-118,9
1693	04.08.2025 06:03:12,000	14,75	4,55	5,3	-57,0	-27,7	0	-119,4
1694	04.08.2025 06:03:13,000	14,78	4,55	4,6	-56,4	-29,0	0	-120,5
1695	04.08.2025 06:03:14,000	14,78	4,55	4,2	-57,2	-28,6	0	-120,0
1696	04.08.2025 06:03:15,000	14,78	4,55	3,9	-56,7	-29,3	0	-120,6
1697	04.08.2025 06:03:16,000	14,78	4,55	4,5	-57,7	-27,8	0	-119,2
1698	04.08.2025 06:03:17,000	14,78	4,55	5,9	-56,5	-27,6	0	-119,5
1699	04.08.2025 06:03:18,000	14,78	4,55	6,4	-57,2	-26,5	0	-118,4
1700	04.08.2025 06:03:19,000	14,78	4,55	6,0	-57,9	-26,1	0	-117,9
1701	04.08.2025 06:03:20,000	14,78	4,58	6,9	-56,4	-26,7	0	-118,8
1702	04.08.2025 06:03:21,000	14,81	4,56	6,6	-57,6	-25,8	0	-117,8
1703	04.08.2025 06:03:22,000	14,81	4,56	6,2	-57,2	-26,6	0	-118,4
1704	04.08.2025 06:03:23,000	14,81	4,56	6,0	-56,4	-27,6	0	-119,5
1705	04.08.2025 06:03:24,000	14,81	4,56	5,2	-56,4	-28,4	0	-120,1
1706	04.08.2025 06:03:25,000	14,81	4,56	3,9	-57,1	-29,0	0	-120,3
1707	04.08.2025 06:03:26,000	14,81	4,56	4,3	-56,5	-29,2	0	-120,6
1708	04.08.2025 06:03:27,000	14,81	4,56	4,3	-57,4	-28,3	0	-119,7
1709	04.08.2025 06:03:28,000	14,81	4,53	4,3	-57,1	-28,6	0	-120,0
1710	04.08.2025 06:03:29,000	14,81	4,58	4,4	-56,9	-28,7	0	-120,2
1711	04.08.2025 06:03:30,000	14,81	4,56	3,9	-57,3	-28,8	0	-120,1
1712	04.08.2025 06:03:31,000	14,84	4,56	4,5	-56,9	-28,5	0	-120,0
1713	04.08.2025 06:03:32,000	14,84	4,56	5,1	-57,1	-27,8	0	-119,4
1714	04.08.2025 06:03:33,000	14,84	4,56	5,2	-57,6	-27,2	0	-118,8
1715	04.08.2025 06:03:34,000	14,84	4,56	6,0	-57,0	-27,0	0	-118,9
1716	04.08.2025 06:03:35,000	14,84	4,56	7,3	-56,6	-26,1	0	-118,3
1717	04.08.2025 06:03:36,000	14,84	4,53	6,2	-57,2	-26,5	0	-118,4
1718	04.08.2025 06:03:37,000	14,84	4,56	6,6	-56,8	-26,7	0	-118,7
1719	04.08.2025 06:03:38,000	14,84	4,56	6,5	-57,2	-26,3	0	-118,2
1720	04.08.2025 06:03:39,000	14,87	4,54	6,5	-56,9	-26,6	0	-118,6
1721	04.08.2025 06:03:40,000	14,87	4,56	6,1	-56,8	-27,1	0	-119,0
1722	04.08.2025 06:03:41,000	14,87	4,56	5,7	-57,0	-27,4	0	-119,1
1723	04.08.2025 06:03:42,000	14,87	4,56	4,4	-57,4	-28,2	0	-119,6
1724	04.08.2025 06:03:43,000	14,87	4,58	4,2	-57,5	-28,3	0	-119,7
1725	04.08.2025 06:03:44,000	14,87	4,54	5,1	-56,9	-28,0	0	-119,6
1726	04.08.2025 06:03:45,000	14,87	4,56	4,5	-56,5	-29,0	0	-120,5
1727	04.08.2025 06:03:46,000	14,87	4,56	4,3	-57,8	-27,9	0	-119,3
1728	04.08.2025 06:03:47,000	14,87	4,56	5,8	-57,7	-26,5	0	-118,2
1729	04.08.2025 06:03:48,000	14,87	4,56	6,4	-57,0	-26,6	0	-118,6
1730	04.08.2025 06:03:49,000	14,87	4,56	5,3	-56,2	-28,5	0	-120,2
1731	04.08.2025 06:03:50,000	14,90	4,54	4,6	-56,8	-28,6	0	-120,1
1732	04.08.2025 06:03:51,000	14,90	4,56	4,9	-56,9	-28,1	0	-119,7
1733	04.08.2025 06:03:52,000	14,90	4,56	4,9	-57,6	-27,5	0	-119,0
1734	04.08.2025 06:03:53,000	14,90	4,56	5,2	-57,1	-27,7	0	-119,4
1735	04.08.2025 06:03:54,000	14,90	4,59	6,7	-56,2	-27,1	0	-119,2
1736	04.08.2025 06:03:55,000	14,90	4,56	5,7	-57,1	-27,2	0	-119,0
1737	04.08.2025 06:03:56,000	14,90	4,56	4,8	-57,4	-27,8	0	-119,3
1738	04.08.2025 06:03:57,000	14,90	4,56	4,6	-56,5	-29,0	0	-120,5
1739	04.08.2025 06:03:58,000	14,93	4,54	4,2	-57,5	-28,3	0	-119,7
1740	04.08.2025 06:03:59,000	14,93	4,54	4,4	-57,7	-27,9	0	-119,3
1741	04.08.2025 06:04:00,000	14,93	4,57	5,4	-56,6	-28,0	0	-119,7
1742	04.08.2025 06:04:01,000	14,93	4,54	6,3	-58,0	-25,7	0	-117,5
1743	04.08.2025 06:04:02,000	14,93	4,54	6,5	-57,2	-26,3	0	-118,3
1744	04.08.2025 06:04:03,000	14,93	4,57	6,3	-56,3	-27,4	0	-119,4
1745	04.08.2025 06:04:04,000	14,93	4,57	6,0	-57,0	-27,0	0	-118,8
1746	04.08.2025 06:04:05,000	14,93	4,57	6,1	-57,6	-26,3	0	-118,2
1747	04.08.2025 06:04:06,000	14,93	4,57	6,3	-56,4	-27,4	0	-119,3
1748	04.08.2025 06:04:07,000	14,93	4,57	5,7	-56,1	-28,2	0	-120,1
1749	04.08.2025 06:04:08,000	14,93	4,54	4,3	-56,3	-29,4	0	-120,8
1750	04.08.2025 06:04:09,000	14,93	4,57	4,1	-57,4	-28,5	0	-119,8
1751	04.08.2025 06:04:10,000	14,96	4,55	4,2	-56,9	-28,9	0	-120,3
1752	04.08.2025 06:04:11,000	14,96	4,57	4,7	-57,1	-28,2	0	-119,7
1753	04.08.2025 06:04:12,000	14,96	4,57	5,2	-57,6	-27,2	0	-118,8
1754	04.08.2025 06:04:13,000	14,96	4,57	6,4	-56,0	-27,6	0	-119,7
1755	04.08.2025 06:04:14,000	14,96	4,57	5,9	-56,2	-27,9	0	-119,7
1756	04.08.2025 06:04:15,000	14,96	4,55	5,5	-56,9	-27,5	0	-119,3
1757	04.08.2025 06:04:16,000	14,96	4,57	6,0	-56,6	-27,5	0	-119,3
1758	04.08.2025 06:04:17,000	14,96	4,55	5,2	-56,6	-28,2	0	-119,9
1759	04.08.2025 06:04:18,000	14,96	4,55	6,5	-56,7	-26,8	0	-118,8
1760	04.08.2025 06:04:19,000	14,96	4,55	6,1	-57,0	-27,0	0	-118,8
1761	04.08.2025 06:04:20,000	14,96	4,55	5,8	-56,7	-27,5	0	-119,3
1762	04.08.2025 06:04:21,000	14,96	4,55	5,8	-56,2	-27,9	0	-119,8
1763	04.08.2025 06:04:22,000	14,99	4,55	4,3	-56,5	-29,2	0	-120,7
1764	04.08.2025 06:04:23,000	14,99	4,55	4,7	-52,8	-32,5	0	-124,3
1765	04.08.2025 06:04:24,000	14,99	4,55	4,8	-52,3	-32,9	0	-124,8
1766	04.08.2025 06:04:25,000	14,99	4,55	4,8	-51,5	-33,6	0	-125,5
1767	04.08.2025 06:04:26,000	14,99	4,55	2,0	-8,8	-79,3	1	-171,0
1768	04.08.2025 06:04:27,000	14,99	4,53	3,9	82,5	-3,6	1	93,7
1769	04.08.2025 06:04:28,000	14,99	4,50	5,7	71,5	12,7	0	76,5
1770	04.08.2025 06:04:29,000	14,99	4,53	12,6	-11,0	66,4	0	-12,2
1771	04.08.2025 06:04:30,000	15,03	4,51	10,2	-45,3	34,5	1	-51,1
1772	04.08.2025 06:04:31,000	15,03	4,53	9,3	-17,1	63,7	0	-18,8
1773	04.08.2025 06:04:32,000	15,06	4,53	-20,5	-18,6	50,9	0	-23,1
1774	04.08.2025 06:04:33,000	15,06	4,53	-21,0	-16,7	52,3	0	-20,6
1775	04.08.2025 06:04:34,000	15,06	4,53	-20,7	-15,0	54,2	0	-18,4
1776	04.08.2025 06:04:35,000	15,06	4,53	-20,4	-15,8	53,8	0	-19,3
1777	04.08.2025 06:04:36,000	15,06	4,53	-20,0	-15,4	54,6	0	-18,7
1778	04.08.2025 06:04:37,000	15,06	4,53	-20,5	-14,5	54,9	0	-17,7
1779	04.08.2025 06:04:38,000	15,06	4,53	-21,4	-14,7	54,0	0	-18,0
1780	04.08.2025 06:04:39,000	15,06	4,53	-21,0	-13,1	56,0	0	-15,8
1781	04.08.2025 06:04:40,000	15,09	4,54	-20,6	-11,0	58,4	0	-13,1
1782	04.08.2025 06:04:41,000	15,09	4,56	-20,7	-11,4	57,9	0	-13,6
1783	04.08.2025 06:04:42,000	15,09	4,54	-19,9	-11,1	59,1	0	-13,1
1784	04.08.2025 06:04:43,000	15,09	4,56	-20,3	-12,9	56,7	0	-15,5
1785	04.08.2025 06:04:44,000	15,09	4,54	-21,6	-13,2	55,2	0	-16,1
1786	04.08.2025 06:04:45,000	15,09	4,54	-21,0	-13,6	55,3	0	-16,6
1787	04.08.2025 06:04:46,000	15,09	4,56	-20,9	-13,7	55,4	0	-16,7
1788	04.08.2025 06:04:47,000	15,09	4,56	-20,9	-13,3	55,8	0	-16,1
1789	04.08.2025 06:04:48,000	15,09	4,56	-21,5	-12,3	56,2	0	-14,8
1790	04.08.2025 06:04:49,000	15,09	4,54	-21,0	-11,1	57,9	0	-13,2
1791	04.08.2025 06:04:50,000	15,09	4,54	-20,0	-11,6	58,3	0	-13,8
1792	04.08.2025 06:04:51,000	15,09	4,56	-19,2	-12,3	58,5	0	-14,5
1793	04.08.2025 06:04:52,000	15,09	4,56	-21,1	-13,4	55,5	0	-16,2
1794	04.08.2025 06:04:53,000	15,12	4,54	-21,8	-13,2	55,1	0	-16,1
1795	04.08.2025 06:04:54,000	15,12	4,56	-20,1	-11,8	58,1	0	-14,0
1796	04.08.2025 06:04:55,000	15,12	4,54	-20,6	-11,3	58,1	0	-13,5
1797	04.08.2025 06:04:56,000	15,12	4,54	-20,8	-10,9	58,3	0	-13,0
1798	04.08.2025 06:04:57,000	15,12	4,54	-19,8	-11,2	59,1	0	-13,2
1799	04.08.2025 06:04:58,000	15,12	4,54	-20,6	-12,6	56,8	0	-15,1
1800	04.08.2025 06:04:59,000	15,12	4,56	-21,0	-12,6	56,3	0	-15,2
1801	04.08.2025 06:05:00,000	15,12	4,56	-20,1	-13,2	56,8	0	-15,8
1802	04.08.2025 06:05:01,000	15,12	4,54	-20,6	-13,6	55,8	0	-16,4
1803	04.08.2025 06:05:02,000	15,12	4,54	-20,9	-13,7	55,4	0	-16,7
1804	04.08.2025 06:05:03,000	15,12	4,56	-21,3	-12,9	55,9	0	-15,6
1805	04.08.2025 06:05:04,000	15,12	4,54	-21,5	-13,4	55,1	0	-16,3
1806	04.08.2025 06:05:05,000	15,12	4,54	-20,8	-11,9	57,3	0	-14,3
1807	04.08.2025 06:05:06,000	15,15	4,54	-19,9	-9,9	60,2	0	-11,6
1808	04.08.2025 06:05:07,000	15,15	4,54	-20,7	-11,3	58,0	0	-13,4
1809	04.08.2025 06:05:08,000	15,15	4,54	-20,5	-12,3	57,3	0	-14,7
1810	04.08.2025 06:05:09,000	15,15	4,54	-20,1	-12,3	57,6	0	-14,7
1811	04.08.2025 06:05:10,000	15,15	4,54	-21,1	-12,9	56,0	0	-15,6
1812	04.08.2025 06:05:11,000	15,15	4,54	-20,8	-12,6	56,6	0	-15,1
1813	04.08.2025 06:05:12,000	15,15	4,54	-20,3	-12,1	57,5	0	-14,5
1814	04.08.2025 06:05:13,000	15,15	4,54	-21,0	-11,7	57,3	0	-14,0
1815	04.08.2025 06:05:14,000	15,15	4,54	-20,8	-11,9	57,3	0	-14,2
1816	04.08.2025 06:05:15,000	15,15	4,54	-19,8	-12,6	57,6	0	-15,1
1817	04.08.2025 06:05:16,000	15,18	4,54	-20,2	-12,7	57,1	0	-15,2
1818	04.08.2025 06:05:17,000	15,18	4,54	-21,3	-12,0	56,7	0	-14,5
1819	04.08.2025 06:05:18,000	15,18	4,54	-21,3	-12,9	55,8	0	-15,6
1820	04.08.2025 06:05:19,000	15,18	4,57	-19,8	-11,9	58,3	0	-14,1
1821	04.08.2025 06:05:20,000	15,18	4,57	-20,5	-11,5	58,0	0	-13,7
1822	04.08.2025 06:05:21,000	15,18	4,54	-21,1	-12,2	56,7	0	-14,8
1823	04.08.2025 06:05:22,000	15,18	4,54	-20,7	-13,2	56,1	0	-16,0
1824	04.08.2025 06:05:23,000	15,18	4,54	-20,8	-13,9	55,3	0	-16,9
1825	04.08.2025 06:05:24,000	15,18	4,54	-21,3	-13,8	54,9	0	-16,9
1826	04.08.2025 06:05:25,000	15,18	4,54	-21,0	-13,2	55,7	0	-16,1
1827	04.08.2025 06:05:26,000	15,18	4,54	-20,6	-11,9	57,5	0	-14,3
1828	04.08.2025 06:05:27,000	15,18	4,54	-20,4	-12,2	57,4	0	-14,6
1829	04.08.2025 06:05:28,000	15,21	4,55	-20,3	-12,4	57,4	0	-14,8
1830	04.08.2025 06:05:29,000	15,21	4,55	-20,3	-11,9	57,8	0	-14,2
1831	04.08.2025 06:05:30,000	15,21	4,55	-20,5	-11,0	58,5	0	-13,1
1832	04.08.2025 06:05:31,000	15,21	4,55	-20,4	-10,4	59,2	0	-12,4
1833	04.08.2025 06:05:32,000	15,21	4,55	-20,4	-10,4	59,1	0	-12,3
1834	04.08.2025 06:05:33,000	15,21	4,55	-20,1	-11,5	58,4	0	-13,6
1835	04.08.2025 06:05:34,000	15,21	4,55	-19,7	-12,8	57,5	0	-15,3
1836	04.08.2025 06:05:35,000	15,21	4,55	-21,2	-13,1	55,6	0	-16,0
1837	04.08.2025 06:05:36,000	15,21	4,55	-20,6	-12,3	57,1	0	-14,8
1838	04.08.2025 06:05:37,000	15,21	4,55	-20,8	-12,5	56,8	0	-15,0
1839	04.08.2025 06:05:38,000	15,24	4,55	-21,0	-12,2	56,9	0	-14,6
1840	04.08.2025 06:05:39,000	15,24	4,55	-20,5	-12,2	57,3	0	-14,6
1841	04.08.2025 06:05:40,000	15,24	4,57	-21,0	-12,6	56,4	0	-15,2
1842	04.08.2025 06:05:41,000	15,24	4,55	-19,8	-12,3	57,9	0	-14,7
1843	04.08.2025 06:05:42,000	15,24	4,55	-20,1	-12,0	57,8	0	-14,3
1844	04.08.2025 06:05:43,000	15,24	4,55	-20,8	-12,3	56,9	0	-14,7
1845	04.08.2025 06:05:44,000	15,24	4,55	-20,4	-11,0	58,6	0	-13,0
1846	04.08.2025 06:05:45,000	15,24	4,55	-20,0	-8,3	61,7	0	-9,6
1847	04.08.2025 06:05:46,000	15,24	4,55	-19,7	-8,9	61,4	0	-10,4
1848	04.08.2025 06:05:47,000	15,24	4,55	-20,2	-10,9	58,9	0	-12,9
1849	04.08.2025 06:05:48,000	15,24	4,55	-19,9	-10,9	59,2	0	-12,9
1850	04.08.2025 06:05:49,000	15,27	4,53	-20,1	-11,9	58,0	0	-14,1
1851	04.08.2025 06:05:50,000	15,27	4,55	-21,0	-13,1	56,0	0	-15,8
1852	04.08.2025 06:05:51,000	15,27	4,55	-20,7	-13,9	55,4	0	-16,9
1853	04.08.2025 06:05:52,000	15,27	4,55	-20,7	-13,9	55,4	0	-16,9
1854	04.08.2025 06:05:53,000	15,27	4,53	-21,8	-14,4	53,9	0	-17,7
1855	04.08.2025 06:05:54,000	15,27	4,55	-20,8	-12,3	56,9	0	-14,9
1856	04.08.2025 06:05:55,000	15,27	4,55	-20,6	-12,4	57,0	0	-14,9
1857	04.08.2025 06:05:56,000	15,27	4,55	-21,1	-11,9	57,0	0	-14,3
1858	04.08.2025 06:05:57,000	15,27	4,53	-20,6	-12,9	56,4	0	-15,6
1859	04.08.2025 06:05:58,000	15,30	4,56	-20,1	-12,6	57,3	0	-15,1
1860	04.08.2025 06:05:59,000	15,30	4,53	-20,4	-11,9	57,8	0	-14,2
1861	04.08.2025 06:06:00,000	15,30	4,56	-20,8	-11,1	58,1	0	-13,2
1862	04.08.2025 06:06:01,000	15,30	4,56	-20,9	-11,9	57,2	0	-14,3
1863	04.08.2025 06:06:02,000	15,30	4,53	-20,0	-11,9	58,2	0	-14,1
1864	04.08.2025 06:06:03,000	15,30	4,56	-20,8	-11,5	57,7	0	-13,7
1865	04.08.2025 06:06:04,000	15,30	4,56	-20,7	-9,9	59,5	0	-11,6
1866	04.08.2025 06:06:05,000	15,30	4,56	-20,1	-12,1	57,8	0	-14,4
1867	04.08.2025 06:06:06,000	15,30	4,53	-20,4	-12,3	57,3	0	-14,8
1868	04.08.2025 06:06:07,000	15,30	4,53	-20,4	-13,2	56,4	0	-15,9
1869	04.08.2025 06:06:08,000	15,30	4,56	-21,1	-13,5	55,3	0	-16,5
1870	04.08.2025 06:06:09,000	15,30	4,56	-20,2	-13,3	56,5	0	-16,0
1871	04.08.2025 06:06:10,000	15,33	4,56	-20,5	-12,7	56,8	0	-15,3
1872	04.08.2025 06:06:11,000	15,33	4,56	-21,1	-10,3	58,6	0	-12,2
1873	04.08.2025 06:06:12,000	15,33	4,56	-19,8	-9,7	60,5	0	-11,3
1874	04.08.2025 06:06:13,000	15,33	4,54	-19,2	-9,8	61,0	0	-11,4
1875	04.08.2025 06:06:14,000	15,33	4,56	-19,5	-9,1	61,3	0	-10,6
1876	04.08.2025 06:06:15,000	15,33	4,54	-20,6	-11,2	58,2	0	-13,3
1877	04.08.2025 06:06:16,000	15,33	4,56	-19,9	-13,6	56,5	0	-16,3
1878	04.08.2025 06:06:17,000	15,33	4,56	-20,9	-13,5	55,5	0	-16,4
1879	04.08.2025 06:06:18,000	15,33	4,54	-21,6	-12,8	55,6	0	-15,6
1880	04.08.2025 06:06:19,000	15,33	4,54	-20,8	-12,9	56,2	0	-15,6
1881	04.08.2025 06:06:20,000	15,33	4,54	-20,0	-12,9	57,0	0	-15,5
1882	04.08.2025 06:06:21,000	15,36	4,51	-20,5	-13,5	56,0	0	-16,3
1883	04.08.2025 06:06:22,000	15,36	4,56	-21,3	-12,1	56,5	0	-14,7
1884	04.08.2025 06:06:23,000	15,36	4,56	-19,8	-10,2	60,1	0	-11,9
1885	04.08.2025 06:06:24,000	15,36	4,54	-19,4	-9,7	61,0	0	-11,3
1886	04.08.2025 06:06:25,000	15,36	4,54	-19,8	-10,4	59,8	0	-12,2
1887	04.08.2025 06:06:26,000	15,36	4,56	-20,3	-11,7	57,9	0	-14,0
1888	04.08.2025 06:06:27,000	15,36	4,54	-20,6	-12,3	57,1	0	-14,7
1889	04.08.2025 06:06:28,000	15,36	4,54	-20,5	-12,2	57,3	0	-14,6
1890	04.08.2025 06:06:29,000	15,36	4,54	-21,0	-12,2	56,8	0	-14,7
1891	04.08.2025 06:06:30,000	15,36	4,54	-20,7	-12,1	57,2	0	-14,5
1892	04.08.2025 06:06:31,000	15,36	4,54	-20,7	-11,5	57,8	0	-13,7
1893	04.08.2025 06:06:32,000	15,36	4,54	-20,2	-10,2	59,6	0	-12,1
1894	04.08.2025 06:06:33,000	15,36	4,54	-19,9	-9,7	60,4	0	-11,4
1895	04.08.2025 06:06:34,000	15,39	4,54	-20,4	-11,9	57,7	0	-14,2
1896	04.08.2025 06:06:35,000	15,39	4,54	-20,2	-12,5	57,3	0	-15,0
1897	04.08.2025 06:06:36,000	15,39	4,54	-21,1	-12,5	56,5	0	-15,1
1898	04.08.2025 06:06:37,000	15,39	4,54	-21,0	-12,5	56,5	0	-15,1
1899	04.08.2025 06:06:38,000	15,39	4,54	-20,2	-13,6	56,2	0	-16,4
1900	04.08.2025 06:06:39,000	15,39	4,54	-21,0	-13,8	55,2	0	-16,8
1901	04.08.2025 06:06:40,000	15,39	4,54	-21,7	-12,1	56,2	0	-14,6
1902	04.08.2025 06:06:41,000	15,39	4,54	-20,2	-11,2	58,6	0	-13,3
1903	04.08.2025 06:06:42,000	15,39	4,56	-20,2	-11,1	58,7	0	-13,1
1904	04.08.2025 06:06:43,000	15,39	4,54	-19,8	-9,7	60,5	0	-11,3
1905	04.08.2025 06:06:44,000	15,39	4,54	-20,4	-11,0	58,6	0	-13,0
1906	04.08.2025 06:06:45,000	15,42	4,54	-20,4	-11,8	57,9	0	-14,1
1907	04.08.2025 06:06:46,000	15,42	4,54	-20,0	-12,4	57,6	0	-14,8
1908	04.08.2025 06:06:47,000	15,42	4,54	-20,2	-11,8	58,0	0	-14,1
1909	04.08.2025 06:06:48,000	15,42	4,54	-21,1	-12,1	56,8	0	-14,6
1910	04.08.2025 06:06:49,000	15,42	4,54	-20,5	-12,0	57,5	0	-14,3
1911	04.08.2025 06:06:50,000	15,42	4,54	-20,1	-11,1	58,8	0	-13,2
1912	04.08.2025 06:06:51,000	15,42	4,54	-20,6	-10,4	59,0	0	-12,3
1913	04.08.2025 06:06:52,000	15,42	4,54	-20,3	-10,6	59,1	0	-12,5
1914	04.08.2025 06:06:53,000	15,42	4,54	-20,1	-11,8	58,1	0	-14,0
1915	04.08.2025 06:06:54,000	15,42	4,54	-20,4	-12,9	56,8	0	-15,5
1916	04.08.2025 06:06:55,000	15,42	4,54	-21,1	-13,3	55,6	0	-16,2
1917	04.08.2025 06:06:56,000	15,42	4,57	-21,0	-12,9	56,0	0	-15,6
1918	04.08.2025 06:06:57,000	15,42	4,54	-20,6	-12,6	56,8	0	-15,2
1919	04.08.2025 06:06:58,000	15,42	4,54	-21,3	-12,3	56,5	0	-14,8
1920	04.08.2025 06:06:59,000	15,42	4,54	-21,0	-11,6	57,4	0	-13,9
1921	04.08.2025 06:07:00,000	15,45	4,55	-20,2	-11,7	58,2	0	-13,9
1922	04.08.2025 06:07:01,000	15,45	4,55	-20,1	-12,1	57,9	0	-14,4
1923	04.08.2025 06:07:02,000	15,45	4,52	-20,9	-11,3	57,8	0	-13,5
1924	04.08.2025 06:07:03,000	15,45	4,55	-20,4	-12,2	57,4	0	-14,6
1925	04.08.2025 06:07:04,000	15,45	4,55	-21,1	-11,9	56,9	0	-14,4
1926	04.08.2025 06:07:05,000	15,45	4,55	-19,7	-11,0	59,4	0	-12,9
1927	04.08.2025 06:07:06,000	15,45	4,55	-20,6	-10,8	58,6	0	-12,8
1928	04.08.2025 06:07:07,000	15,45	4,55	-20,8	-10,0	59,2	0	-11,9
1929	04.08.2025 06:07:08,000	15,45	4,55	-19,9	-10,8	59,3	0	-12,8
1930	04.08.2025 06:07:09,000	15,45	4,55	-19,7	-11,7	58,6	0	-13,9
1931	04.08.2025 06:07:10,000	15,45	4,55	-20,5	-11,9	57,6	0	-14,2
1932	04.08.2025 06:07:11,000	15,45	4,52	-21,1	-13,3	55,7	0	-16,1
1933	04.08.2025 06:07:12,000	15,45	4,52	-20,6	-13,2	56,2	0	-15,9
1934	04.08.2025 06:07:13,000	15,45	4,55	-21,2	-12,8	55,9	0	-15,5
1935	04.08.2025 06:07:14,000	15,48	4,55	-21,3	-12,1	56,6	0	-14,6
1936	04.08.2025 06:07:15,000	15,48	4,55	-20,4	-11,5	58,1	0	-13,7
1937	04.08.2025 06:07:16,000	15,48	4,55	-19,8	-9,9	60,3	0	-11,6
1938	04.08.2025 06:07:17,000	15,48	4,53	-20,4	-9,9	59,7	0	-11,6
1939	04.08.2025 06:07:18,000	15,48	4,55	-20,2	-10,8	59,0	0	-12,8
1940	04.08.2025 06:07:19,000	15,48	4,55	-19,5	-12,2	58,3	0	-14,5
1941	04.08.2025 06:07:20,000	15,48	4,55	-20,8	-13,1	56,2	0	-15,8
1942	04.08.2025 06:07:21,000	15,48	4,55	-21,7	-14,7	53,6	0	-18,1
1943	04.08.2025 06:07:22,000	15,48	4,53	-21,3	-13,7	55,0	0	-16,8
1944	04.08.2025 06:07:23,000	15,48	4,55	-20,5	-12,4	57,0	0	-14,9
1945	04.08.2025 06:07:24,000	15,48	4,55	-21,5	-11,2	57,3	0	-13,5
1946	04.08.2025 06:07:25,000	15,48	4,55	-19,9	-10,4	59,6	0	-12,3
1947	04.08.2025 06:07:26,000	15,48	4,55	-19,8	-11,7	58,5	0	-13,8
1948	04.08.2025 06:07:27,000	15,51	4,53	-20,5	-11,7	57,8	0	-13,9
1949	04.08.2025 06:07:28,000	15,51	4,55	-20,7	-11,5	57,8	0	-13,7
1950	04.08.2025 06:07:29,000	15,51	4,55	-20,3	-11,1	58,6	0	-13,2
1951	04.08.2025 06:07:30,000	15,51	4,53	-19,7	-11,8	58,5	0	-14,0
1952	04.08.2025 06:07:31,000	15,51	4,55	-20,4	-11,5	58,1	0	-13,7
1953	04.08.2025 06:07:32,000	15,51	4,55	-20,9	-11,3	57,7	0	-13,5
1954	04.08.2025 06:07:33,000	15,51	4,55	-19,6	-10,6	59,8	0	-12,4
1955	04.08.2025 06:07:34,000	15,51	4,55	-19,6	-10,3	60,1	0	-12,1
1956	04.08.2025 06:07:35,000	15,51	4,53	-20,5	-10,2	59,3	0	-12,1
1957	04.08.2025 06:07:36,000	15,51	4,55	-20,4	-10,9	58,7	0	-13,0
1958	04.08.2025 06:07:37,000	15,51	4,55	-20,0	-11,9	58,2	0	-14,1
1959	04.08.2025 06:07:38,000	15,55	4,56	-20,7	-12,3	57,0	0	-14,8
1960	04.08.2025 06:07:39,000	15,55	4,56	-21,2	-12,2	56,6	0	-14,7
1961	04.08.2025 06:07:40,000	15,55	4,56	-20,6	-13,4	56,0	0	-16,2
1962	04.08.2025 06:07:41,000	15,55	4,56	-20,9	-13,1	56,0	0	-15,8
1963	04.08.2025 06:07:42,000	15,55	4,53	-21,1	-13,1	55,8	0	-15,9
1964	04.08.2025 06:07:43,000	15,55	4,53	-21,1	-11,6	57,3	0	-14,0
1965	04.08.2025 06:07:44,000	15,55	4,53	-20,5	-12,9	56,7	0	-15,5
1966	04.08.2025 06:07:45,000	15,55	4,56	-20,4	-12,9	56,7	0	-15,5
1967	04.08.2025 06:07:46,000	15,55	4,56	-20,4	-12,8	56,9	0	-15,3
1968	04.08.2025 06:07:47,000	15,55	4,56	-20,7	-12,1	57,2	0	-14,6
1969	04.08.2025 06:07:48,000	15,55	4,53	-20,7	-10,7	58,6	0	-12,7
1970	04.08.2025 06:07:49,000	15,55	4,53	-20,7	-11,1	58,3	0	-13,2
1971	04.08.2025 06:07:50,000	15,55	4,56	-20,1	-11,5	58,4	0	-13,7
1972	04.08.2025 06:07:51,000	15,58	4,56	-20,7	-12,3	57,0	0	-14,7
1973	04.08.2025 06:07:52,000	15,58	4,56	-20,5	-11,4	58,1	0	-13,6
1974	04.08.2025 06:07:53,000	15,58	4,54	-20,4	-10,8	58,9	0	-12,8
1975	04.08.2025 06:07:54,000	15,58	4,56	-20,4	-11,9	57,7	0	-14,3
1976	04.08.2025 06:07:55,000	15,58	4,56	-20,8	-11,8	57,4	0	-14,1
1977	04.08.2025 06:07:56,000	15,58	4,54	-21,7	-12,9	55,4	0	-15,7
1978	04.08.2025 06:07:57,000	15,58	4,54	-20,8	-12,2	57,1	0	-14,6
1979	04.08.2025 06:07:58,000	15,58	4,54	-20,3	-13,1	56,6	0	-15,7
1980	04.08.2025 06:07:59,000	15,58	4,54	-20,0	-12,8	57,2	0	-15,3
1981	04.08.2025 06:08:00,000	15,58	4,54	-21,2	-12,5	56,3	0	-15,1
1982	04.08.2025 06:08:01,000	15,58	4,54	-20,8	-10,9	58,3	0	-13,0
1983	04.08.2025 06:08:02,000	15,58	4,54	-20,5	-10,8	58,7	0	-12,8
1984	04.08.2025 06:08:03,000	15,61	4,56	-19,8	-11,4	58,8	0	-13,5
1985	04.08.2025 06:08:04,000	15,61	4,56	-20,3	-11,6	58,1	0	-13,8
1986	04.08.2025 06:08:05,000	15,61	4,54	-20,6	-11,1	58,3	0	-13,2
1987	04.08.2025 06:08:06,000	15,61	4,54	-20,4	-11,8	57,8	0	-14,1
1988	04.08.2025 06:08:07,000	15,61	4,54	-20,5	-10,5	59,0	0	-12,5
1989	04.08.2025 06:08:08,000	15,61	4,54	-20,6	-10,6	58,8	0	-12,5
1990	04.08.2025 06:08:09,000	15,61	4,54	-20,3	-10,9	58,8	0	-12,9
1991	04.08.2025 06:08:10,000	15,61	4,54	-19,8	-10,8	59,4	0	-12,7
1992	04.08.2025 06:08:11,000	15,61	4,54	-19,5	-11,2	59,3	0	-13,2
1993	04.08.2025 06:08:12,000	15,61	4,56	-19,9	-12,2	57,8	0	-14,6
1994	04.08.2025 06:08:13,000	15,61	4,52	-20,6	-13,9	55,5	0	-16,8
1995	04.08.2025 06:08:14,000	15,61	4,54	-22,5	-14,1	53,4	0	-17,4
1996	04.08.2025 06:08:15,000	15,61	4,54	-21,3	-13,5	55,2	0	-16,4
1997	04.08.2025 06:08:16,000	15,64	4,54	-20,4	-12,9	56,6	0	-15,6
1998	04.08.2025 06:08:17,000	15,64	4,54	-20,0	-12,0	57,9	0	-14,3
1999	04.08.2025 06:08:18,000	15,64	4,54	-20,8	-12,0	57,2	0	-14,4
2000	04.08.2025 06:08:19,000	15,64	4,54	-21,1	-11,6	57,2	0	-14,0
2001	04.08.2025 06:08:20,000	15,64	4,54	-20,6	-11,0	58,5	0	-13,0
2002	04.08.2025 06:08:21,000	15,64	4,54	-20,5	-10,6	58,9	0	-12,6
2003	04.08.2025 06:08:22,000	15,64	4,54	-19,9	-10,7	59,4	0	-12,6
2004	04.08.2025 06:08:23,000	15,64	4,54	-19,6	-11,3	59,1	0	-13,4
2005	04.08.2025 06:08:24,000	15,64	4,54	-20,5	-12,3	57,2	0	-14,7
2006	04.08.2025 06:08:25,000	15,64	4,54	-21,1	-11,8	57,1	0	-14,2
2007	04.08.2025 06:08:26,000	15,64	4,54	-20,9	-12,7	56,4	0	-15,3
2008	04.08.2025 06:08:27,000	15,64	4,54	-21,1	-12,3	56,6	0	-14,8
2009	04.08.2025 06:08:28,000	15,67	4,54	-20,7	-12,4	56,9	0	-14,9
2010	04.08.2025 06:08:29,000	15,67	4,52	-20,1	-13,3	56,6	0	-16,0
2011	04.08.2025 06:08:30,000	15,67	4,54	-20,9	-13,0	56,1	0	-15,8
2012	04.08.2025 06:08:31,000	15,67	4,54	-21,5	-11,5	57,0	0	-13,9
2013	04.08.2025 06:08:32,000	15,67	4,54	-21,2	-11,9	56,9	0	-14,3
2014	04.08.2025 06:08:33,000	15,67	4,57	-20,9	-11,8	57,3	0	-14,1
2015	04.08.2025 06:08:34,000	15,67	4,54	-19,8	-11,5	58,7	0	-13,6
2016	04.08.2025 06:08:35,000	15,67	4,57	-20,0	-12,1	58,0	0	-14,4
2017	04.08.2025 06:08:36,000	15,67	4,54	-20,2	-11,8	58,0	0	-14,1
2018	04.08.2025 06:08:37,000	15,67	4,54	-21,4	-10,9	57,7	0	-13,0
2019	04.08.2025 06:08:38,000	15,67	4,54	-20,8	-10,1	59,1	0	-12,0
2020	04.08.2025 06:08:39,000	15,67	4,54	-20,3	-11,3	58,4	0	-13,5
2021	04.08.2025 06:08:40,000	15,67	4,52	-19,9	-11,6	58,5	0	-13,8
2022	04.08.2025 06:08:41,000	15,67	4,54	-20,5	-13,6	55,8	0	-16,5
2023	04.08.2025 06:08:42,000	15,67	4,54	-20,9	-13,7	55,4	0	-16,6
2024	04.08.2025 06:08:43,000	15,70	4,55	-21,4	-12,1	56,5	0	-14,6
2025	04.08.2025 06:08:44,000	15,70	4,55	-20,5	-10,7	58,8	0	-12,7
2026	04.08.2025 06:08:45,000	15,70	4,55	-21,1	-12,0	57,0	0	-14,4
2027	04.08.2025 06:08:46,000	15,70	4,55	-20,2	-11,6	58,2	0	-13,8
2028	04.08.2025 06:08:47,000	15,70	4,55	-20,1	-11,4	58,5	0	-13,5
2029	04.08.2025 06:08:48,000	15,70	4,55	-20,0	-10,7	59,3	0	-12,6
2030	04.08.2025 06:08:49,000	15,70	4,55	-20,8	-10,6	58,7	0	-12,5
2031	04.08.2025 06:08:50,000	15,70	4,55	-20,6	-11,4	58,0	0	-13,6
2032	04.08.2025 06:08:51,000	15,70	4,55	-21,1	-11,6	57,3	0	-13,9
2033	04.08.2025 06:08:52,000	15,70	4,52	-20,6	-12,3	57,1	0	-14,7
2034	04.08.2025 06:08:53,000	15,70	4,55	-20,7	-12,7	56,6	0	-15,4
2035	04.08.2025 06:08:54,000	15,70	4,55	-20,6	-12,2	57,1	0	-14,7
2036	04.08.2025 06:08:55,000	15,73	4,55	-21,0	-12,1	56,9	0	-14,5
2037	04.08.2025 06:08:56,000	15,73	4,53	-20,6	-12,2	57,2	0	-14,6
2038	04.08.2025 06:08:57,000	15,73	4,53	-21,2	-13,0	55,8	0	-15,8
2039	04.08.2025 06:08:58,000	15,73	4,55	-20,6	-13,4	56,0	0	-16,1
2040	04.08.2025 06:08:59,000	15,73	4,53	-20,3	-14,1	55,6	0	-17,1
2041	04.08.2025 06:09:00,000	15,73	4,53	-20,9	-12,5	56,7	0	-15,0
2042	04.08.2025 06:09:01,000	15,73	4,55	-20,5	-11,2	58,3	0	-13,4
2043	04.08.2025 06:09:02,000	15,73	4,55	-20,9	-9,9	59,2	0	-11,8
2044	04.08.2025 06:09:03,000	15,73	4,53	-20,1	-9,0	60,9	0	-10,4
2045	04.08.2025 06:09:04,000	15,73	4,55	-19,3	-9,1	61,5	0	-10,6
2046	04.08.2025 06:09:05,000	15,73	4,53	-20,2	-10,6	59,3	0	-12,5
2047	04.08.2025 06:09:06,000	15,73	4,55	-20,1	-11,8	58,1	0	-14,1
2048	04.08.2025 06:09:07,000	15,73	4,55	-20,3	-12,5	57,2	0	-15,0
2049	04.08.2025 06:09:08,000	15,73	4,53	-20,6	-12,4	57,0	0	-14,9
2050	04.08.2025 06:09:09,000	15,73	4,53	-21,2	-13,1	55,7	0	-15,9
2051	04.08.2025 06:09:10,000	15,76	4,53	-21,5	-13,3	55,2	0	-16,2
2052	04.08.2025 06:09:11,000	15,76	4,53	-20,6	-13,1	56,3	0	-15,8
2053	04.08.2025 06:09:12,000	15,76	4,55	-20,4	-13,1	56,5	0	-15,8
2054	04.08.2025 06:09:13,000	15,76	4,55	-20,4	-11,6	58,0	0	-13,8
2055	04.08.2025 06:09:14,000	15,76	4,55	-20,1	-11,2	58,7	0	-13,3
2056	04.08.2025 06:09:15,000	15,76	4,55	-20,3	-11,3	58,4	0	-13,5
2057	04.08.2025 06:09:16,000	15,76	4,53	-20,9	-11,9	57,2	0	-14,3
2058	04.08.2025 06:09:17,000	15,76	4,53	-20,8	-11,5	57,7	0	-13,8
2059	04.08.2025 06:09:18,000	15,76	4,55	-20,5	-11,0	58,6	0	-13,0
2060	04.08.2025 06:09:19,000	15,76	4,55	-19,6	-11,3	59,1	0	-13,3
2061	04.08.2025 06:09:20,000	15,76	4,55	-20,5	-10,9	58,6	0	-12,9
2062	04.08.2025 06:09:21,000	15,79	4,56	-20,5	-11,2	58,3	0	-13,3
2063	04.08.2025 06:09:22,000	15,79	4,56	-21,1	-11,3	57,6	0	-13,5
2064	04.08.2025 06:09:23,000	15,79	4,56	-20,8	-11,3	57,9	0	-13,5
2065	04.08.2025 06:09:24,000	15,79	4,56	-20,3	-12,0	57,7	0	-14,4
2066	04.08.2025 06:09:25,000	15,79	4,56	-20,5	-12,9	56,6	0	-15,6
2067	04.08.2025 06:09:26,000	15,79	4,56	-21,3	-13,3	55,3	0	-16,2
2068	04.08.2025 06:09:27,000	15,79	4,56	-21,4	-14,0	54,6	0	-17,2
2069	04.08.2025 06:09:28,000	15,79	4,56	-21,7	-14,0	54,2	0	-17,2
2070	04.08.2025 06:09:29,000	15,79	4,56	-20,6	-14,3	55,1	0	-17,4
2071	04.08.2025 06:09:30,000	15,79	4,56	-21,0	-13,4	55,6	0	-16,3
2072	04.08.2025 06:09:31,000	15,79	4,56	-20,6	-11,9	57,5	0	-14,2
2073	04.08.2025 06:09:32,000	15,79	4,56	-20,3	-10,0	59,7	0	-11,8
2074	04.08.2025 06:09:33,000	15,79	4,56	-20,5	-8,9	60,6	0	-10,5
2075	04.08.2025 06:09:34,000	15,79	4,56	-19,9	-8,1	62,0	0	-9,4
2076	04.08.2025 06:09:35,000	15,79	4,56	-19,5	-9,2	61,3	0	-10,7
2077	04.08.2025 06:09:36,000	15,79	4,56	-20,7	-10,7	58,6	0	-12,8
2078	04.08.2025 06:09:37,000	15,82	4,54	-19,1	-11,3	59,5	0	-13,3
2079	04.08.2025 06:09:38,000	15,82	4,54	-20,4	-12,2	57,4	0	-14,6
2080	04.08.2025 06:09:39,000	15,82	4,56	-21,4	-12,8	55,8	0	-15,5
2081	04.08.2025 06:09:40,000	15,82	4,56	-20,9	-13,0	56,2	0	-15,7
2082	04.08.2025 06:09:41,000	15,82	4,56	-21,1	-11,3	57,6	0	-13,6
2083	04.08.2025 06:09:42,000	15,82	4,54	-20,3	-11,6	58,1	0	-13,8
2084	04.08.2025 06:09:43,000	15,82	4,54	-20,4	-12,5	57,1	0	-14,9
2085	04.08.2025 06:09:44,000	15,82	4,56	-19,9	-11,7	58,4	0	-13,9
2086	04.08.2025 06:09:45,000	15,82	4,56	-20,8	-11,5	57,7	0	-13,8
2087	04.08.2025 06:09:46,000	15,82	4,54	-20,8	-11,1	58,1	0	-13,3
2088	04.08.2025 06:09:47,000	15,82	4,54	-20,1	-10,2	59,7	0	-12,0
2089	04.08.2025 06:09:48,000	15,82	4,54	-20,3	-11,9	57,8	0	-14,1
2090	04.08.2025 06:09:49,000	15,82	4,56	-20,2	-11,9	57,9	0	-14,2
2091	04.08.2025 06:09:50,000	15,82	4,54	-19,7	-10,3	60,0	0	-12,1
2092	04.08.2025 06:09:51,000	15,85	4,56	-20,7	-10,6	58,8	0	-12,5
2093	04.08.2025 06:09:52,000	15,85	4,54	-20,2	-11,1	58,8	0	-13,1
2094	04.08.2025 06:09:53,000	15,85	4,54	-20,7	-11,5	57,8	0	-13,8
2095	04.08.2025 06:09:54,000	15,85	4,56	-20,5	-12,4	57,1	0	-14,8
2096	04.08.2025 06:09:55,000	15,85	4,54	-20,3	-12,9	56,8	0	-15,5
2097	04.08.2025 06:09:56,000	15,85	4,54	-20,3	-12,7	57,1	0	-15,2
2098	04.08.2025 06:09:57,000	15,85	4,54	-21,2	-12,2	56,6	0	-14,7
2099	04.08.2025 06:09:58,000	15,85	4,54	-20,4	-10,7	58,9	0	-12,7
2100	04.08.2025 06:09:59,000	15,85	4,54	-21,0	-10,4	58,6	0	-12,4
2101	04.08.2025 06:10:00,000	15,85	4,54	-20,5	-11,2	58,3	0	-13,3
2102	04.08.2025 06:10:01,000	15,85	4,54	-19,8	-12,2	57,9	0	-14,6
2103	04.08.2025 06:10:02,000	15,85	4,56	-20,7	-13,4	55,9	0	-16,2
2104	04.08.2025 06:10:03,000	15,85	4,56	-20,4	-13,9	55,7	0	-16,9
2105	04.08.2025 06:10:04,000	15,85	4,54	-21,3	-13,5	55,2	0	-16,5
2106	04.08.2025 06:10:05,000	15,88	4,54	-21,4	-11,1	57,6	0	-13,3
2107	04.08.2025 06:10:06,000	15,88	4,54	-20,7	-11,7	57,5	0	-14,0
2108	04.08.2025 06:10:07,000	15,88	4,54	-20,6	-12,2	57,2	0	-14,7
2109	04.08.2025 06:10:08,000	15,88	4,54	-20,4	-12,1	57,5	0	-14,4
2110	04.08.2025 06:10:09,000	15,88	4,54	-20,4	-12,6	57,0	0	-15,1
2111	04.08.2025 06:10:10,000	15,88	4,54	-20,3	-12,0	57,7	0	-14,4
2112	04.08.2025 06:10:11,000	15,88	4,54	-21,2	-12,1	56,7	0	-14,6
2113	04.08.2025 06:10:12,000	15,88	4,54	-21,1	-11,3	57,6	0	-13,6
2114	04.08.2025 06:10:13,000	15,88	4,54	-20,0	-11,1	58,9	0	-13,1
2115	04.08.2025 06:10:14,000	15,88	4,54	-20,6	-10,6	58,8	0	-12,6
2116	04.08.2025 06:10:15,000	15,88	4,54	-19,7	-10,0	60,4	0	-11,7
2117	04.08.2025 06:10:16,000	15,88	4,54	-19,3	-11,3	59,4	0	-13,3
2118	04.08.2025 06:10:17,000	15,88	4,57	-20,4	-12,4	57,2	0	-14,8
2119	04.08.2025 06:10:18,000	15,88	4,54	-21,2	-13,1	55,7	0	-15,9
2120	04.08.2025 06:10:19,000	15,88	4,54	-21,4	-13,4	55,2	0	-16,4
2121	04.08.2025 06:10:20,000	15,91	4,57	-20,1	-12,3	57,6	0	-14,8
2122	04.08.2025 06:10:21,000	15,91	4,54	-20,8	-12,5	56,7	0	-15,0
2123	04.08.2025 06:10:22,000	15,91	4,54	-20,9	-12,8	56,3	0	-15,5
2124	04.08.2025 06:10:23,000	15,91	4,54	-20,7	-12,5	56,8	0	-15,1
2125	04.08.2025 06:10:24,000	15,91	4,57	-21,5	-12,4	56,1	0	-15,0
2126	04.08.2025 06:10:25,000	15,91	4,57	-20,8	-11,8	57,4	0	-14,1
2127	04.08.2025 06:10:26,000	15,91	4,54	-20,6	-11,3	58,1	0	-13,5
2128	04.08.2025 06:10:27,000	15,91	4,54	-19,7	-10,9	59,4	0	-12,8
2129	04.08.2025 06:10:28,000	15,91	4,57	-20,0	-11,9	58,1	0	-14,2
2130	04.08.2025 06:10:29,000	15,91	4,54	-20,2	-11,8	58,0	0	-14,0
2131	04.08.2025 06:10:30,000	15,91	4,54	-20,6	-12,0	57,4	0	-14,3
2132	04.08.2025 06:10:31,000	15,91	4,54	-20,8	-11,9	57,3	0	-14,3
2133	04.08.2025 06:10:32,000	15,91	4,54	-20,9	-12,4	56,7	0	-14,9
2134	04.08.2025 06:10:33,000	15,91	4,57	-20,1	-12,0	57,8	0	-14,3
2135	04.08.2025 06:10:34,000	15,91	4,54	-20,7	-12,1	57,2	0	-14,5
2136	04.08.2025 06:10:35,000	15,91	4,54	-20,5	-12,0	57,5	0	-14,3
2137	04.08.2025 06:10:36,000	15,91	4,54	-20,9	-12,0	57,1	0	-14,4
2138	04.08.2025 06:10:37,000	15,91	4,54	-21,2	-11,8	57,0	0	-14,2
2139	04.08.2025 06:10:38,000	15,91	4,54	-20,9	-12,6	56,5	0	-15,3
2140	04.08.2025 06:10:39,000	15,91	4,54	-20,6	-12,3	57,0	0	-14,8
2141	04.08.2025 06:10:40,000	15,94	4,55	-20,5	-11,1	58,4	0	-13,2
2142	04.08.2025 06:10:41,000	15,94	4,55	-20,0	-10,9	59,1	0	-12,9
2143	04.08.2025 06:10:42,000	15,94	4,55	-20,1	-10,3	59,6	0	-12,1
2144	04.08.2025 06:10:43,000	15,94	4,55	-20,5	-10,7	58,8	0	-12,7
2145	04.08.2025 06:10:44,000	15,94	4,55	-20,4	-12,3	57,3	0	-14,7
2146	04.08.2025 06:10:45,000	15,94	4,55	-20,7	-12,6	56,6	0	-15,2
2147	04.08.2025 06:10:46,000	15,94	4,55	-20,0	-12,6	57,3	0	-15,1
2148	04.08.2025 06:10:47,000	15,94	4,55	-20,7	-13,6	55,8	0	-16,4
2149	04.08.2025 06:10:48,000	15,94	4,55	-21,1	-13,2	55,7	0	-16,0
2150	04.08.2025 06:10:49,000	15,94	4,55	-21,4	-13,2	55,4	0	-16,1
2151	04.08.2025 06:10:50,000	15,94	4,55	-21,0	-11,8	57,3	0	-14,1
2152	04.08.2025 06:10:51,000	15,94	4,52	-20,5	-10,4	59,1	0	-12,3
2153	04.08.2025 06:10:52,000	15,94	4,52	-19,2	-10,2	60,5	0	-11,9
2154	04.08.2025 06:10:53,000	15,94	4,57	-20,0	-9,9	60,1	0	-11,6
2155	04.08.2025 06:10:54,000	15,94	4,55	-20,2	-9,5	60,2	0	-11,2
2156	04.08.2025 06:10:55,000	15,94	4,52	-19,9	-10,7	59,4	0	-12,6
2157	04.08.2025 06:10:56,000	15,97	4,53	-20,7	-12,3	57,0	0	-14,8
2158	04.08.2025 06:10:57,000	15,97	4,53	-20,9	-13,7	55,4	0	-16,6
2159	04.08.2025 06:10:58,000	15,97	4,55	-21,1	-14,6	54,4	0	-17,8
2160	04.08.2025 06:10:59,000	15,97	4,55	-21,2	-14,5	54,3	0	-17,7
2161	04.08.2025 06:11:00,000	15,97	4,55	-20,9	-13,1	55,9	0	-15,9
2162	04.08.2025 06:11:01,000	15,97	4,55	-20,7	-12,4	56,9	0	-14,9
2163	04.08.2025 06:11:02,000	15,97	4,55	-21,2	-12,4	56,4	0	-15,0
2164	04.08.2025 06:11:03,000	15,97	4,55	-20,3	-11,9	57,8	0	-14,1
2165	04.08.2025 06:11:04,000	15,97	4,55	-20,5	-10,8	58,7	0	-12,8
2166	04.08.2025 06:11:05,000	15,97	4,55	-19,8	-10,9	59,3	0	-12,8
2167	04.08.2025 06:11:06,000	15,97	4,55	-19,2	-10,8	60,0	0	-12,7
2168	04.08.2025 06:11:07,000	15,97	4,55	-20,6	-10,7	58,7	0	-12,7
2169	04.08.2025 06:11:08,000	15,97	4,55	-20,6	-11,6	57,8	0	-13,8
2170	04.08.2025 06:11:09,000	15,97	4,55	-20,9	-11,1	58,0	0	-13,2
2171	04.08.2025 06:11:10,000	15,97	4,55	-21,1	-11,3	57,6	0	-13,6
2172	04.08.2025 06:11:11,000	15,97	4,53	-20,2	-11,4	58,4	0	-13,5
2173	04.08.2025 06:11:12,000	16,00	4,55	-20,4	-12,9	56,7	0	-15,5
2174	04.08.2025 06:11:13,000	16,00	4,55	-20,5	-12,4	57,1	0	-14,9
2175	04.08.2025 06:11:14,000	16,00	4,55	-20,8	-12,1	57,1	0	-14,5
2176	04.08.2025 06:11:15,000	16,00	4,55	-20,6	-12,3	57,1	0	-14,8
2177	04.08.2025 06:11:16,000	16,00	4,55	-20,2	-11,5	58,3	0	-13,7
2178	04.08.2025 06:11:17,000	16,00	4,55	-20,3	-11,4	58,3	0	-13,5
2179	04.08.2025 06:11:18,000	16,00	4,55	-19,7	-11,9	58,4	0	-14,1
2180	04.08.2025 06:11:19,000	16,00	4,55	-20,9	-12,4	56,7	0	-14,9
2181	04.08.2025 06:11:20,000	16,00	4,55	-21,1	-11,5	57,4	0	-13,8
2182	04.08.2025 06:11:21,000	16,00	4,53	-21,0	-11,9	57,2	0	-14,2
2183	04.08.2025 06:11:22,000	16,00	4,55	-20,5	-11,0	58,5	0	-13,0
2184	04.08.2025 06:11:23,000	16,00	4,55	-20,3	-11,1	58,5	0	-13,2
2185	04.08.2025 06:11:24,000	16,00	4,55	-20,1	-11,7	58,2	0	-13,9
2186	04.08.2025 06:11:25,000	16,00	4,53	-20,2	-12,4	57,4	0	-14,8
2187	04.08.2025 06:11:26,000	16,00	4,53	-20,4	-11,7	57,9	0	-14,0
2188	04.08.2025 06:11:27,000	16,00	4,53	-21,0	-12,7	56,3	0	-15,3
2189	04.08.2025 06:11:28,000	16,00	4,55	-20,7	-12,8	56,5	0	-15,5
2190	04.08.2025 06:11:29,000	16,03	4,53	-19,7	-11,4	58,9	0	-13,4
2191	04.08.2025 06:11:30,000	16,03	4,53	-20,9	-11,3	57,8	0	-13,5
2192	04.08.2025 06:11:31,000	16,03	4,56	-20,1	-10,7	59,2	0	-12,7
2193	04.08.2025 06:11:32,000	16,03	4,56	-20,5	-9,7	59,8	0	-11,4
2194	04.08.2025 06:11:33,000	16,03	4,53	-20,4	-10,0	59,6	0	-11,8
2195	04.08.2025 06:11:34,000	16,03	4,53	-20,3	-11,3	58,4	0	-13,4
2196	04.08.2025 06:11:35,000	16,03	4,56	-19,8	-12,8	57,5	0	-15,3
2197	04.08.2025 06:11:36,000	16,03	4,56	-20,3	-13,2	56,5	0	-15,8
2198	04.08.2025 06:11:37,000	16,03	4,56	-21,3	-11,9	56,8	0	-14,3
2199	04.08.2025 06:11:38,000	16,03	4,53	-20,2	-11,5	58,3	0	-13,7
2200	04.08.2025 06:11:39,000	16,03	4,53	-20,5	-11,2	58,3	0	-13,3
2201	04.08.2025 06:11:40,000	16,03	4,53	-21,0	-11,6	57,5	0	-13,9
2202	04.08.2025 06:11:41,000	16,03	4,53	-20,2	-11,8	58,0	0	-14,1
2203	04.08.2025 06:11:42,000	16,03	4,53	-20,6	-12,7	56,7	0	-15,3
2204	04.08.2025 06:11:43,000	16,03	4,56	-20,7	-12,6	56,6	0	-15,2
2205	04.08.2025 06:11:44,000	16,03	4,53	-20,8	-12,6	56,6	0	-15,1
2206	04.08.2025 06:11:45,000	16,06	4,56	-21,1	-13,3	55,5	0	-16,2
2207	04.08.2025 06:11:46,000	16,06	4,54	-21,1	-13,5	55,4	0	-16,4
2208	04.08.2025 06:11:47,000	16,06	4,56	-21,1	-13,8	55,1	0	-16,8
2209	04.08.2025 06:11:48,000	16,06	4,54	-20,8	-14,5	54,7	0	-17,7
2210	04.08.2025 06:11:49,000	16,06	4,54	-20,7	-13,5	55,8	0	-16,3
2211	04.08.2025 06:11:50,000	16,06	4,54	-21,0	-11,9	57,1	0	-14,3
2212	04.08.2025 06:11:51,000	16,06	4,56	-20,5	-12,1	57,4	0	-14,5
2213	04.08.2025 06:11:52,000	16,06	4,56	-20,6	-10,8	58,6	0	-12,8
2214	04.08.2025 06:11:53,000	16,06	4,56	-20,2	-9,4	60,4	0	-11,0
2215	04.08.2025 06:11:54,000	16,06	4,54	-19,6	-9,0	61,4	0	-10,5
2216	04.08.2025 06:11:55,000	16,06	4,56	-20,0	-9,9	60,2	0	-11,6
2217	04.08.2025 06:11:56,000	16,06	4,54	-18,9	-9,2	61,8	0	-10,7
2218	04.08.2025 06:11:57,000	16,06	4,54	-20,1	-11,2	58,7	0	-13,3
2219	04.08.2025 06:11:58,000	16,06	4,54	-20,8	-13,6	55,6	0	-16,5
2220	04.08.2025 06:11:59,000	16,06	4,54	-21,3	-13,2	55,5	0	-16,0
2221	04.08.2025 06:12:00,000	16,09	4,56	-21,4	-12,9	55,8	0	-15,6
2222	04.08.2025 06:12:01,000	16,09	4,56	-20,1	-12,8	57,1	0	-15,3
2223	04.08.2025 06:12:02,000	16,09	4,54	-20,3	-11,0	58,7	0	-13,1
2224	04.08.2025 06:12:03,000	16,09	4,54	-20,4	-11,2	58,4	0	-13,3
2225	04.08.2025 06:12:04,000	16,09	4,54	-20,5	-11,4	58,0	0	-13,6
2226	04.08.2025 06:12:05,000	16,09	4,54	-20,0	-10,8	59,3	0	-12,7
2227	04.08.2025 06:12:06,000	16,09	4,54	-20,3	-11,3	58,3	0	-13,5
2228	04.08.2025 06:12:07,000	16,09	4,54	-20,8	-12,0	57,2	0	-14,4
2229	04.08.2025 06:12:08,000	16,09	4,54	-19,9	-12,8	57,3	0	-15,3
2230	04.08.2025 06:12:09,000	16,09	4,54	-21,0	-12,5	56,5	0	-15,1
2231	04.08.2025 06:12:10,000	16,09	4,56	-21,3	-11,7	57,0	0	-14,0
2232	04.08.2025 06:12:11,000	16,09	4,54	-20,7	-11,5	57,7	0	-13,8
2233	04.08.2025 06:12:12,000	16,09	4,54	-20,9	-11,6	57,5	0	-13,9
2234	04.08.2025 06:12:13,000	16,09	4,54	-19,8	-12,4	57,8	0	-14,8
2235	04.08.2025 06:12:14,000	16,09	4,54	-20,6	-13,3	56,1	0	-16,1
2236	04.08.2025 06:12:15,000	16,09	4,54	-20,8	-13,1	56,1	0	-15,9
2237	04.08.2025 06:12:16,000	16,09	4,54	-20,7	-11,6	57,7	0	-13,9
2238	04.08.2025 06:12:17,000	16,09	4,54	-21,2	-11,4	57,4	0	-13,6
2239	04.08.2025 06:12:18,000	16,12	4,54	-19,7	-11,3	59,0	0	-13,3
2240	04.08.2025 06:12:19,000	16,12	4,54	-20,3	-11,6	58,1	0	-13,8
2241	04.08.2025 06:12:20,000	16,12	4,54	-20,8	-12,7	56,4	0	-15,4
2242	04.08.2025 06:12:21,000	16,12	4,54	-20,2	-13,2	56,6	0	-15,8
2243	04.08.2025 06:12:22,000	16,12	4,54	-19,8	-12,3	57,9	0	-14,6
2244	04.08.2025 06:12:23,000	16,12	4,57	-21,7	-12,6	55,7	0	-15,3
2245	04.08.2025 06:12:24,000	16,12	4,54	-20,3	-12,1	57,5	0	-14,5
2246	04.08.2025 06:12:25,000	16,12	4,54	-20,7	-12,1	57,3	0	-14,5
2247	04.08.2025 06:12:26,000	16,12	4,54	-20,4	-11,2	58,4	0	-13,3
2248	04.08.2025 06:12:27,000	16,12	4,54	-20,0	-11,3	58,8	0	-13,3
2249	04.08.2025 06:12:28,000	16,12	4,54	-20,1	-12,2	57,8	0	-14,5
2250	04.08.2025 06:12:29,000	16,12	4,54	-21,2	-12,0	56,7	0	-14,5
2251	04.08.2025 06:12:30,000	16,12	4,52	-20,3	-11,2	58,5	0	-13,3
2252	04.08.2025 06:12:31,000	16,12	4,54	-20,4	-12,0	57,6	0	-14,3
2253	04.08.2025 06:12:32,000	16,12	4,57	-20,3	-11,3	58,4	0	-13,4
2254	04.08.2025 06:12:33,000	16,12	4,54	-19,6	-10,5	59,8	0	-12,4
2255	04.08.2025 06:12:34,000	16,12	4,54	-19,9	-11,6	58,6	0	-13,7
2256	04.08.2025 06:12:35,000	16,12	4,54	-20,3	-10,8	58,9	0	-12,8
2257	04.08.2025 06:12:36,000	16,15	4,54	-20,4	-10,6	59,0	0	-12,5
2258	04.08.2025 06:12:37,000	16,15	4,54	-20,4	-10,9	58,7	0	-13,0
2259	04.08.2025 06:12:38,000	16,15	4,54	-20,5	-10,4	59,1	0	-12,3
2260	04.08.2025 06:12:39,000	16,15	4,54	-20,0	-11,0	59,0	0	-13,0
2261	04.08.2025 06:12:40,000	16,15	4,54	-19,7	-11,6	58,7	0	-13,7
2262	04.08.2025 06:12:41,000	16,15	4,54	-20,6	-13,3	56,1	0	-16,0
2263	04.08.2025 06:12:42,000	16,15	4,54	-20,5	-13,5	56,0	0	-16,2
2264	04.08.2025 06:12:43,000	16,15	4,54	-21,5	-14,4	54,1	0	-17,6
2265	04.08.2025 06:12:44,000	16,15	4,54	-21,1	-13,4	55,5	0	-16,3
2266	04.08.2025 06:12:45,000	16,15	4,54	-20,6	-12,3	57,1	0	-14,7
2267	04.08.2025 06:12:46,000	16,15	4,54	-21,3	-11,7	57,1	0	-14,0
2268	04.08.2025 06:12:47,000	16,15	4,54	-19,9	-10,9	59,3	0	-12,8
2269	04.08.2025 06:12:48,000	16,15	4,54	-20,2	-10,6	59,3	0	-12,5
2270	04.08.2025 06:12:49,000	16,15	4,54	-20,8	-11,4	57,8	0	-13,6
2271	04.08.2025 06:12:50,000	16,15	4,54	-20,3	-12,3	57,4	0	-14,7
2272	04.08.2025 06:12:51,000	16,15	4,54	-20,6	-12,9	56,5	0	-15,6
2273	04.08.2025 06:12:52,000	16,15	4,54	-20,5	-12,9	56,6	0	-15,5
2274	04.08.2025 06:12:53,000	16,15	4,54	-21,0	-11,8	57,2	0	-14,1
2275	04.08.2025 06:12:54,000	16,18	4,57	-20,5	-11,5	58,0	0	-13,7
2276	04.08.2025 06:12:55,000	16,18	4,55	-20,9	-10,9	58,2	0	-13,0
2277	04.08.2025 06:12:56,000	16,18	4,55	-19,9	-9,6	60,5	0	-11,3
2278	04.08.2025 06:12:57,000	16,18	4,55	-19,6	-10,5	59,9	0	-12,3
2279	04.08.2025 06:12:58,000	16,18	4,55	-19,8	-11,8	58,4	0	-14,0
2280	04.08.2025 06:12:59,000	16,18	4,55	-19,8	-11,8	58,4	0	-14,0
2281	04.08.2025 06:13:00,000	16,18	4,55	-20,9	-12,2	56,9	0	-14,6
2282	04.08.2025 06:13:01,000	16,18	4,55	-21,0	-12,2	56,8	0	-14,6
2283	04.08.2025 06:13:02,000	16,18	4,57	-20,9	-11,4	57,7	0	-13,7
2284	04.08.2025 06:13:03,000	16,18	4,55	-20,0	-10,4	59,6	0	-12,2
2285	04.08.2025 06:13:04,000	16,18	4,55	-19,8	-11,0	59,2	0	-13,0
2286	04.08.2025 06:13:05,000	16,18	4,55	-20,3	-10,9	58,8	0	-13,0
2287	04.08.2025 06:13:06,000	16,18	4,55	-20,0	-11,6	58,5	0	-13,7
2288	04.08.2025 06:13:07,000	16,18	4,57	-20,4	-12,6	57,0	0	-15,1
2289	04.08.2025 06:13:08,000	16,18	4,55	-21,4	-13,0	55,6	0	-15,8
2290	04.08.2025 06:13:09,000	16,18	4,55	-20,8	-12,0	57,2	0	-14,4
2291	04.08.2025 06:13:10,000	16,18	4,55	-20,8	-13,1	56,1	0	-15,8
2292	04.08.2025 06:13:11,000	16,21	4,55	-20,3	-13,1	56,6	0	-15,8
2293	04.08.2025 06:13:12,000	16,21	4,57	-20,5	-12,4	57,0	0	-14,9
2294	04.08.2025 06:13:13,000	16,21	4,55	-21,1	-12,5	56,4	0	-15,1
2295	04.08.2025 06:13:14,000	16,21	4,55	-20,6	-12,2	57,1	0	-14,7
2296	04.08.2025 06:13:15,000	16,21	4,55	-20,4	-10,3	59,3	0	-12,2
2297	04.08.2025 06:13:16,000	16,21	4,55	-20,0	-8,8	61,2	0	-10,2
2298	04.08.2025 06:13:17,000	16,21	4,55	-18,7	-8,6	62,7	0	-9,9
2299	04.08.2025 06:13:18,000	16,21	4,53	-18,9	-8,9	62,2	0	-10,3
2300	04.08.2025 06:13:19,000	16,21	4,55	-19,4	-9,8	60,8	0	-11,4
2301	04.08.2025 06:13:20,000	16,21	4,55	-20,8	-12,0	57,3	0	-14,4
2302	04.08.2025 06:13:21,000	16,21	4,55	-21,2	-13,8	55,0	0	-16,8
2303	04.08.2025 06:13:22,000	16,21	4,55	-21,1	-15,0	53,9	0	-18,4
2304	04.08.2025 06:13:23,000	16,21	4,55	-21,7	-15,0	53,3	0	-18,5
2305	04.08.2025 06:13:24,000	16,21	4,55	-20,8	-13,7	55,4	0	-16,7
2306	04.08.2025 06:13:25,000	16,21	4,53	-20,4	-11,7	57,9	0	-14,0
2307	04.08.2025 06:13:26,000	16,21	4,55	-20,5	-10,9	58,6	0	-12,9
2308	04.08.2025 06:13:27,000	16,21	4,55	-20,0	-10,5	59,5	0	-12,4
2309	04.08.2025 06:13:28,000	16,21	4,55	-19,5	-10,4	60,2	0	-12,2
2310	04.08.2025 06:13:29,000	16,21	4,53	-20,5	-11,0	58,5	0	-13,1
2311	04.08.2025 06:13:30,000	16,21	4,53	-19,5	-10,6	59,9	0	-12,4
2312	04.08.2025 06:13:31,000	16,24	4,55	-19,5	-11,9	58,6	0	-14,1
2313	04.08.2025 06:13:32,000	16,24	4,53	-21,4	-13,2	55,4	0	-16,1
2314	04.08.2025 06:13:33,000	16,24	4,53	-21,4	-13,6	54,9	0	-16,6
2315	04.08.2025 06:13:34,000	16,24	4,55	-21,2	-14,4	54,3	0	-17,7
2316	04.08.2025 06:13:35,000	16,24	4,53	-20,5	-13,6	55,9	0	-16,5
2317	04.08.2025 06:13:36,000	16,24	4,55	-20,9	-12,7	56,3	0	-15,4
2318	04.08.2025 06:13:37,000	16,24	4,53	-18,3	-12,4	59,3	0	-14,6
2319	04.08.2025 06:13:38,000	16,24	4,55	-19,5	-9,5	61,0	0	-11,1
2320	04.08.2025 06:13:39,000	16,24	4,55	-20,5	-10,3	59,1	0	-12,2
2321	04.08.2025 06:13:40,000	16,24	4,55	-19,5	-9,7	60,8	0	-11,4
2322	04.08.2025 06:13:41,000	16,24	4,53	-19,7	-9,5	60,8	0	-11,1
2323	04.08.2025 06:13:42,000	16,24	4,53	-20,4	-11,0	58,6	0	-13,0
2324	04.08.2025 06:13:43,000	16,24	4,53	-19,3	-11,9	58,8	0	-14,0
2325	04.08.2025 06:13:44,000	16,24	4,53	-20,3	-13,3	56,3	0	-16,1
2326	04.08.2025 06:13:45,000	16,24	4,55	-21,3	-13,0	55,7	0	-15,7
2327	04.08.2025 06:13:46,000	16,24	4,53	-21,0	-13,3	55,8	0	-16,1
2328	04.08.2025 06:13:47,000	16,24	4,53	-21,6	-13,7	54,7	0	-16,8
2329	04.08.2025 06:13:48,000	16,24	4,55	-20,7	-11,8	57,5	0	-14,2
2330	04.08.2025 06:13:49,000	16,27	4,53	-19,8	-11,6	58,6	0	-13,8
2331	04.08.2025 06:13:50,000	16,27	4,56	-20,4	-11,9	57,7	0	-14,2
2332	04.08.2025 06:13:51,000	16,27	4,53	-20,3	-11,4	58,3	0	-13,5
2333	04.08.2025 06:13:52,000	16,27	4,53	-20,4	-11,6	58,0	0	-13,8
2334	04.08.2025 06:13:53,000	16,27	4,53	-19,9	-11,9	58,3	0	-14,1
2335	04.08.2025 06:13:54,000	16,27	4,56	-20,5	-10,8	58,6	0	-12,9
2336	04.08.2025 06:13:55,000	16,27	4,56	-20,2	-10,8	59,0	0	-12,7
2337	04.08.2025 06:13:56,000	16,27	4,56	-19,6	-11,4	59,0	0	-13,5
2338	04.08.2025 06:13:57,000	16,27	4,56	-19,8	-12,5	57,7	0	-14,9
2339	04.08.2025 06:13:58,000	16,27	4,56	-20,6	-13,8	55,6	0	-16,7
2340	04.08.2025 06:13:59,000	16,27	4,53	-22,0	-13,5	54,6	0	-16,5
2341	04.08.2025 06:14:00,000	16,27	4,53	-20,9	-12,9	56,3	0	-15,5
2342	04.08.2025 06:14:01,000	16,27	4,56	-20,5	-11,8	57,7	0	-14,1
2343	04.08.2025 06:14:02,000	16,27	4,56	-21,0	-12,0	57,0	0	-14,5
2344	04.08.2025 06:14:03,000	16,27	4,56	-19,6	-12,4	58,0	0	-14,7
2345	04.08.2025 06:14:04,000	16,27	4,53	-20,3	-11,5	58,3	0	-13,6
2346	04.08.2025 06:14:05,000	16,27	4,53	-21,0	-11,6	57,3	0	-14,0
2347	04.08.2025 06:14:06,000	16,27	4,56	-20,3	-11,2	58,5	0	-13,3
2348	04.08.2025 06:14:07,000	16,27	4,56	-19,7	-10,4	59,9	0	-12,2
2349	04.08.2025 06:14:08,000	16,27	4,56	-19,7	-10,5	59,8	0	-12,4
2350	04.08.2025 06:14:09,000	16,27	4,56	-20,0	-9,5	60,5	0	-11,1
2351	04.08.2025 06:14:10,000	16,27	4,53	-19,8	-9,8	60,4	0	-11,5
2352	04.08.2025 06:14:11,000	16,30	4,56	-19,8	-10,8	59,4	0	-12,7
2353	04.08.2025 06:14:12,000	16,30	4,56	-20,0	-11,4	58,6	0	-13,5
2354	04.08.2025 06:14:13,000	16,30	4,56	-21,2	-12,8	55,9	0	-15,5
2355	04.08.2025 06:14:14,000	16,30	4,54	-20,2	-11,4	58,5	0	-13,5
2356	04.08.2025 06:14:15,000	16,30	4,54	-19,7	-11,3	59,0	0	-13,4
2357	04.08.2025 06:14:16,000	16,30	4,56	-20,3	-11,4	58,4	0	-13,5
2358	04.08.2025 06:14:17,000	16,30	4,56	-19,9	-11,5	58,6	0	-13,6
2359	04.08.2025 06:14:18,000	16,30	4,56	-21,0	-11,7	57,2	0	-14,1
2360	04.08.2025 06:14:19,000	16,30	4,56	-20,4	-12,0	57,6	0	-14,3
2361	04.08.2025 06:14:20,000	16,30	4,54	-20,5	-12,5	57,0	0	-15,0
2362	04.08.2025 06:14:21,000	16,30	4,54	-20,3	-12,9	56,8	0	-15,5
2363	04.08.2025 06:14:22,000	16,30	4,56	-19,8	-13,7	56,4	0	-16,5
2364	04.08.2025 06:14:23,000	16,30	4,54	-20,9	-13,6	55,5	0	-16,5
2365	04.08.2025 06:14:24,000	16,30	4,54	-21,3	-11,3	57,5	0	-13,5
2366	04.08.2025 06:14:25,000	16,30	4,54	-20,8	-10,4	58,9	0	-12,3
2367	04.08.2025 06:14:26,000	16,30	4,54	-19,1	-9,2	61,7	0	-10,7
2368	04.08.2025 06:14:27,000	16,30	4,54	-19,4	-9,1	61,5	0	-10,5
2369	04.08.2025 06:14:28,000	16,30	4,54	-19,4	-10,0	60,6	0	-11,7
2370	04.08.2025 06:14:29,000	16,30	4,54	-20,1	-12,3	57,6	0	-14,8
2371	04.08.2025 06:14:30,000	16,30	4,54	-20,2	-12,3	57,5	0	-14,7
2372	04.08.2025 06:14:31,000	16,33	4,54	-20,8	-12,8	56,4	0	-15,5
2373	04.08.2025 06:14:32,000	16,33	4,54	-21,2	-13,0	55,8	0	-15,8
2374	04.08.2025 06:14:33,000	16,33	4,54	-20,3	-12,3	57,3	0	-14,8
2375	04.08.2025 06:14:34,000	16,33	4,54	-19,5	-11,3	59,2	0	-13,3
2376	04.08.2025 06:14:35,000	16,33	4,54	-20,0	-11,2	58,8	0	-13,3
2377	04.08.2025 06:14:36,000	16,33	4,54	-20,4	-10,7	58,9	0	-12,7
2378	04.08.2025 06:14:37,000	16,33	4,54	-20,3	-9,6	60,1	0	-11,3
2379	04.08.2025 06:14:38,000	16,33	4,54	-19,1	-9,5	61,4	0	-11,0
2380	04.08.2025 06:14:39,000	16,33	4,52	-19,4	-11,4	59,2	0	-13,4
2381	04.08.2025 06:14:40,000	16,33	4,54	-19,9	-11,8	58,3	0	-14,1
2382	04.08.2025 06:14:41,000	16,33	4,56	-19,9	-10,9	59,1	0	-12,9
2383	04.08.2025 06:14:42,000	16,33	4,54	-19,7	-10,7	59,6	0	-12,6
2384	04.08.2025 06:14:43,000	16,33	4,54	-20,4	-10,8	58,8	0	-12,8
2385	04.08.2025 06:14:44,000	16,33	4,54	-20,5	-10,9	58,6	0	-12,9
2386	04.08.2025 06:14:45,000	16,33	4,54	-19,9	-11,2	58,9	0	-13,2
2387	04.08.2025 06:14:46,000	16,33	4,54	-20,2	-12,4	57,4	0	-14,9
2388	04.08.2025 06:14:47,000	16,33	4,54	-19,3	-12,2	58,6	0	-14,4
2389	04.08.2025 06:14:48,000	16,33	4,54	-21,1	-12,4	56,5	0	-15,0
2390	04.08.2025 06:14:49,000	16,33	4,54	-20,6	-12,2	57,3	0	-14,6
2391	04.08.2025 06:14:50,000	16,33	4,54	-19,9	-11,2	58,8	0	-13,3
2392	04.08.2025 06:14:51,000	16,33	4,54	-21,2	-11,5	57,3	0	-13,8
2393	04.08.2025 06:14:52,000	16,33	4,54	-20,2	-10,9	58,9	0	-12,9
2394	04.08.2025 06:14:53,000	16,37	4,54	-19,4	-9,9	60,7	0	-11,5
2395	04.08.2025 06:14:54,000	16,37	4,54	-19,6	-10,9	59,5	0	-12,8
2396	04.08.2025 06:14:55,000	16,37	4,54	-19,6	-11,6	58,9	0	-13,7
2397	04.08.2025 06:14:56,000	16,37	4,54	-20,5	-11,4	58,2	0	-13,5
2398	04.08.2025 06:14:57,000	16,37	4,54	-20,4	-11,1	58,6	0	-13,1
2399	04.08.2025 06:14:58,000	16,37	4,54	-19,7	-11,6	58,7	0	-13,8
2400	04.08.2025 06:14:59,000	16,37	4,54	-20,1	-12,2	57,7	0	-14,6
2401	04.08.2025 06:15:00,000	16,37	4,54	-20,1	-11,9	58,0	0	-14,2
2402	04.08.2025 06:15:01,000	16,37	4,54	-20,7	-11,4	58,0	0	-13,6
2403	04.08.2025 06:15:02,000	16,37	4,54	-19,8	-11,5	58,7	0	-13,6
2404	04.08.2025 06:15:03,000	16,37	4,54	-20,6	-11,9	57,4	0	-14,3
2405	04.08.2025 06:15:04,000	16,37	4,54	-21,1	-12,2	56,7	0	-14,7
2406	04.08.2025 06:15:05,000	16,37	4,54	-20,1	-13,8	56,1	0	-16,7
2407	04.08.2025 06:15:06,000	16,37	4,54	-20,3	-12,9	56,8	0	-15,5
2408	04.08.2025 06:15:07,000	16,37	4,54	-21,0	-13,1	55,9	0	-15,9
2409	04.08.2025 06:15:08,000	16,37	4,54	-20,0	-12,4	57,6	0	-14,8
2410	04.08.2025 06:15:09,000	16,37	4,52	-20,3	-10,9	58,9	0	-12,9
2411	04.08.2025 06:15:10,000	16,37	4,54	-20,3	-10,4	59,3	0	-12,3
2412	04.08.2025 06:15:11,000	16,37	4,54	-19,9	-9,8	60,3	0	-11,5
2413	04.08.2025 06:15:12,000	16,37	4,54	-19,3	-9,8	60,9	0	-11,5
2414	04.08.2025 06:15:13,000	16,37	4,54	-19,7	-9,5	60,8	0	-11,1
2415	04.08.2025 06:15:14,000	16,37	4,52	-51,4	18,3	20,3	1	42,2
2416	04.08.2025 06:15:15,000	16,40	4,54	9,1	33,9	-46,9	1	142,3
2417	04.08.2025 06:15:16,000	16,40	4,52	-35,2	50,0	4,8	0	83,7
2418	04.08.2025 06:15:17,000	16,40	4,54	-35,1	50,2	4,8	0	83,8
2419	04.08.2025 06:15:18,000	16,40	4,52	-33,2	51,5	5,2	0	83,3
2420	04.08.2025 06:15:19,000	16,40	4,52	-34,4	49,5	6,0	0	82,0
2421	04.08.2025 06:15:20,000	16,40	4,54	-33,4	51,0	5,7	0	82,6
2422	04.08.2025 06:15:21,000	16,40	4,54	-32,0	52,5	5,6	0	82,9
2423	04.08.2025 06:15:22,000	16,40	4,54	-32,1	52,7	5,1	0	83,5
2424	04.08.2025 06:15:23,000	16,40	4,52	-30,9	54,4	4,7	0	84,2
2425	04.08.2025 06:15:24,000	16,40	4,54	-29,9	55,3	4,9	0	84,0
2426	04.08.2025 06:15:25,000	16,40	4,54	-29,5	56,7	3,8	0	85,4
2427	04.08.2025 06:15:26,000	16,40	4,54	-29,9	55,9	4,2	0	84,9
2428	04.08.2025 06:15:27,000	16,40	4,57	-29,5	56,0	4,5	0	84,5
2429	04.08.2025 06:15:28,000	16,40	4,54	-29,5	56,8	3,7	0	85,5
2430	04.08.2025 06:15:29,000	16,40	4,54	-30,2	54,9	4,9	0	83,9
2431	04.08.2025 06:15:30,000	16,40	4,54	-30,2	54,5	5,4	0	83,3
2432	04.08.2025 06:15:31,000	16,40	4,52	-31,0	52,9	6,1	0	82,2
2433	04.08.2025 06:15:32,000	16,40	4,54	-32,0	52,3	5,7	0	82,7
2434	04.08.2025 06:15:33,000	16,40	4,52	-30,8	54,2	5,0	0	83,8
2435	04.08.2025 06:15:34,000	16,40	4,52	-30,2	54,2	5,6	0	83,1
2436	04.08.2025 06:15:35,000	16,40	4,54	-30,9	54,2	4,9	0	83,9
2437	04.08.2025 06:15:36,000	16,40	4,52	-29,3	56,0	4,7	0	84,3
2438	04.08.2025 06:15:37,000	16,40	4,54	-29,7	55,4	5,0	0	83,9
2439	04.08.2025 06:15:38,000	16,40	4,54	-29,4	55,3	5,2	0	83,6
2440	04.08.2025 06:15:39,000	16,40	4,52	-29,3	56,2	4,5	0	84,5
2441	04.08.2025 06:15:40,000	16,40	4,52	-29,5	55,5	5,0	0	83,8
2442	04.08.2025 06:15:41,000	16,43	4,52	-29,4	55,0	5,6	0	83,1
2443	04.08.2025 06:15:42,000	16,43	4,52	-30,2	54,7	5,2	0	83,6
2444	04.08.2025 06:15:43,000	16,43	4,52	-29,5	55,4	5,0	0	83,8
2445	04.08.2025 06:15:44,000	16,43	4,55	-29,7	54,5	5,8	0	82,8
2446	04.08.2025 06:15:45,000	16,43	4,55	-28,9	55,8	5,2	0	83,6
2447	04.08.2025 06:15:46,000	16,43	4,55	-28,7	55,6	5,7	0	83,0
2448	04.08.2025 06:15:47,000	16,43	4,52	-29,5	55,1	5,4	0	83,3
2449	04.08.2025 06:15:48,000	16,43	4,55	-26,7	61,8	1,6	0	88,2
2450	04.08.2025 06:15:49,000	16,43	4,55	-21,1	66,7	-2,2	0	92,4
2451	04.08.2025 06:15:50,000	16,43	4,55	-21,7	66,9	-1,4	0	91,5
2452	04.08.2025 06:15:51,000	16,43	4,52	-22,6	66,3	-1,1	0	91,2
2453	04.08.2025 06:15:52,000	16,43	4,52	-23,0	66,1	-0,9	0	91,0
2454	04.08.2025 06:15:53,000	16,43	4,55	-24,4	65,4	-0,2	0	90,3
2455	04.08.2025 06:15:54,000	16,43	4,52	-24,0	65,6	-0,4	0	90,4
2456	04.08.2025 06:15:55,000	16,43	4,55	-24,7	64,7	0,6	0	89,4
2457	04.08.2025 06:15:56,000	16,43	4,52	-25,2	64,4	0,4	0	89,6
2458	04.08.2025 06:15:57,000	16,43	4,55	-23,0	65,8	-1,2	0	91,3
2459	04.08.2025 06:15:58,000	16,43	4,52	-23,4	66,2	-0,4	0	90,5
2460	04.08.2025 06:15:59,000	16,43	4,52	-22,5	66,1	-1,4	0	91,5
2461	04.08.2025 06:16:00,000	16,43	4,52	-21,0	66,7	-2,3	0	92,6
2462	04.08.2025 06:16:01,000	16,43	4,52	-20,9	66,7	-2,4	0	92,6
2463	04.08.2025 06:16:02,000	16,43	4,52	-21,4	67,1	-1,4	0	91,6
2464	04.08.2025 06:16:03,000	16,43	4,52	-22,1	67,2	-0,7	0	90,7
2465	04.08.2025 06:16:04,000	16,43	4,52	-23,6	66,1	0,3	0	89,7
2466	04.08.2025 06:16:05,000	16,43	4,52	-23,2	66,3	-0,6	0	90,6
2467	04.08.2025 06:16:06,000	16,43	4,52	-22,0	66,0	-2,0	0	92,2
2468	04.08.2025 06:16:07,000	16,46	4,55	-20,5	67,9	-1,6	0	91,7
2469	04.08.2025 06:16:08,000	16,46	4,53	-18,7	69,2	-2,1	0	92,3
2470	04.08.2025 06:16:09,000	16,46	4,53	-18,6	69,1	-2,3	0	92,5
2471	04.08.2025 06:16:10,000	16,46	4,53	-18,4	69,3	-2,3	0	92,5
2472	04.08.2025 06:16:11,000	16,46	4,55	-20,1	68,8	-1,1	0	91,2
2473	04.08.2025 06:16:12,000	16,46	4,53	-20,5	69,1	-0,4	0	90,5
2474	04.08.2025 06:16:13,000	16,46	4,53	-21,0	68,5	-0,4	0	90,5
2475	04.08.2025 06:16:14,000	16,46	4,53	-22,4	67,0	-0,7	0	90,7
2476	04.08.2025 06:16:15,000	16,46	4,53	-21,1	67,8	-1,1	0	91,2
2477	04.08.2025 06:16:16,000	16,46	4,53	-20,2	69,6	-0,2	0	90,2
2478	04.08.2025 06:16:17,000	16,46	4,55	-21,3	67,9	-0,8	0	90,9
2479	04.08.2025 06:16:18,000	16,46	4,53	-21,5	67,8	-0,7	0	90,8
2480	04.08.2025 06:16:19,000	16,46	4,53	-20,8	67,9	-1,3	0	91,4
2481	04.08.2025 06:16:20,000	16,46	4,55	-19,8	68,7	-1,5	0	91,6
2482	04.08.2025 06:16:21,000	16,46	4,53	-50,8	10,7	-28,5	0	158,7
2483	04.08.2025 06:16:22,000	16,46	4,53	-44,7	6,6	-38,7	0	169,5
2484	04.08.2025 06:16:23,000	16,46	4,55	-44,9	9,7	-35,4	0	163,6
2485	04.08.2025 06:16:24,000	16,46	4,55	-53,9	4,4	-31,7	0	171,6
2486	04.08.2025 06:16:25,000	16,46	4,53	-47,3	0,1	-42,6	0	179,9
2487	04.08.2025 06:16:26,000	16,49	4,55	-44,0	-2,0	-44,0	0	-177,1
2488	04.08.2025 06:16:27,000	16,49	4,53	-45,5	-0,4	-44,1	0	-179,4
2489	04.08.2025 06:16:28,000	16,49	4,55	-66,0	-4,8	-19,2	1	-179,4
2490	04.08.2025 06:16:29,000	16,49	4,53	-66,8	-10,7	-12,5	1	-179,4
2491	04.08.2025 06:16:30,000	16,49	4,53	-64,3	-11,4	-14,4	0	-179,4
2492	04.08.2025 06:16:31,000	16,49	4,53	-67,4	-8,4	-14,2	0	-179,4
2493	04.08.2025 06:16:32,000	16,49	4,53	-65,4	-8,8	-15,8	0	-179,4
2494	04.08.2025 06:16:33,000	16,49	4,53	-64,1	-10,8	-15,0	0	-179,4
2495	04.08.2025 06:16:34,000	16,49	4,53	-64,8	-10,8	-14,4	0	-179,4
2496	04.08.2025 06:16:35,000	16,49	4,53	-71,8	-2,4	-15,9	0	-179,4
2497	04.08.2025 06:16:36,000	16,49	4,53	-76,2	-0,5	-13,3	0	-179,4
2498	04.08.2025 06:16:37,000	16,49	4,53	-72,5	-1,2	-16,3	0	-179,4
2499	04.08.2025 06:16:38,000	16,52	4,53	-72,5	0,5	-17,0	0	-179,4
2500	04.08.2025 06:16:39,000	16,52	4,53	-79,3	-6,7	-4,1	0	-179,4
2501	04.08.2025 06:16:40,000	16,52	4,53	-58,9	0,6	-30,5	0	178,9
2502	04.08.2025 06:16:41,000	16,52	4,53	-62,2	-5,3	-22,5	1	178,9
2503	04.08.2025 06:16:42,000	16,52	4,53	2,9	71,4	-15,6	1	106,1
2504	04.08.2025 06:16:43,000	16,52	4,53	0,6	84,2	5,2	0	84,8
2505	04.08.2025 06:16:44,000	16,52	4,53	0,6	83,5	5,9	0	84,1
2506	04.08.2025 06:16:45,000	16,52	4,53	1,0	82,0	7,0	0	83,0
2507	04.08.2025 06:16:46,000	16,52	4,53	1,7	82,1	6,2	0	83,7
2508	04.08.2025 06:16:47,000	16,52	4,53	2,8	80,0	7,1	0	82,7
2509	04.08.2025 06:16:48,000	16,52	4,53	2,9	78,2	8,8	0	80,9
2510	04.08.2025 06:16:49,000	16,52	4,53	4,9	78,5	6,6	0	83,2
2511	04.08.2025 06:16:50,000	16,52	4,53	2,1	80,1	7,7	0	82,1
2512	04.08.2025 06:16:51,000	16,52	4,53	2,6	78,1	9,3	0	80,4
2513	04.08.2025 06:16:52,000	16,52	4,53	2,5	79,6	7,9	0	81,9
2514	04.08.2025 06:16:53,000	16,52	4,53	2,5	79,6	7,9	0	81,9
2515	04.08.2025 06:16:54,000	16,52	4,53	1,2	80,2	8,6	0	81,3
2516	04.08.2025 06:16:55,000	16,52	4,53	1,9	82,1	6,1	0	83,8
2517	04.08.2025 06:16:56,000	16,52	4,53	2,1	80,4	7,5	0	82,4
2518	04.08.2025 06:16:57,000	16,52	4,53	0,9	81,7	7,4	0	82,5
2519	04.08.2025 06:16:58,000	16,55	4,54	0,9	83,5	5,5	0	84,4
2520	04.08.2025 06:16:59,000	16,55	4,54	0,8	81,7	7,6	0	82,4
2521	04.08.2025 06:17:00,000	16,55	4,54	0,2	83,8	6,0	0	84,0
2522	04.08.2025 06:17:01,000	16,55	4,54	0,6	83,8	5,5	0	84,4
2523	04.08.2025 06:17:02,000	16,55	4,54	1,5	82,2	6,3	0	83,6
2524	04.08.2025 06:17:03,000	16,55	4,54	1,8	81,1	7,0	0	82,8
2525	04.08.2025 06:17:04,000	16,55	4,54	2,8	79,7	7,5	0	82,3
2526	04.08.2025 06:17:05,000	16,55	4,54	2,4	80,4	7,3	0	82,6
2527	04.08.2025 06:17:06,000	16,55	4,54	2,9	79,4	7,7	0	82,1
2528	04.08.2025 06:17:07,000	16,55	4,54	1,0	81,7	7,3	0	82,6
2529	04.08.2025 06:17:08,000	16,55	4,54	-0,7	82,5	6,7	0	83,2
2530	04.08.2025 06:17:09,000	16,55	4,54	-0,3	84,5	5,2	0	84,7
2531	04.08.2025 06:17:10,000	16,55	4,54	0,2	84,1	5,6	0	84,4
2532	04.08.2025 06:17:11,000	16,55	4,54	1,7	80,8	7,4	0	82,4
2533	04.08.2025 06:17:12,000	16,55	4,54	3,3	77,9	8,8	0	80,9
2534	04.08.2025 06:17:13,000	16,55	4,54	3,6	77,5	9,0	0	80,7
2535	04.08.2025 06:17:14,000	16,55	4,54	2,6	78,9	8,5	0	81,3
2536	04.08.2025 06:17:15,000	16,55	4,54	0,8	81,2	8,1	0	81,9
2537	04.08.2025 06:17:16,000	16,55	4,51	0,6	83,1	6,3	0	83,7
2538	04.08.2025 06:17:17,000	16,55	4,54	0,4	83,4	6,2	0	83,8
2539	04.08.2025 06:17:18,000	16,58	4,54	0,9	84,0	5,2	0	84,8
2540	04.08.2025 06:17:19,000	16,58	4,54	0,5	82,8	6,7	0	83,2
2541	04.08.2025 06:17:20,000	16,58	4,54	0,2	83,7	6,1	0	83,9
2542	04.08.2025 06:17:21,000	16,58	4,52	0,1	84,5	5,4	0	84,6
2543	04.08.2025 06:17:22,000	16,58	4,54	0,6	82,4	7,0	0	82,9
2544	04.08.2025 06:17:23,000	16,58	4,54	1,7	82,1	6,2	0	83,7
2545	04.08.2025 06:17:24,000	16,58	4,54	1,3	81,2	7,5	0	82,4
2546	04.08.2025 06:17:25,000	16,58	4,54	-0,5	83,5	6,0	0	84,0
2547	04.08.2025 06:17:26,000	16,58	4,52	-0,1	83,4	6,5	0	83,5
2548	04.08.2025 06:17:27,000	16,58	4,54	0,5	84,5	5,0	0	85,0
2549	04.08.2025 06:17:28,000	16,58	4,54	1,1	82,4	6,4	0	83,5
2550	04.08.2025 06:17:29,000	16,58	4,54	0,8	82,3	6,9	0	83,0
2551	04.08.2025 06:17:30,000	16,58	4,54	1,3	81,6	7,2	0	82,7
2552	04.08.2025 06:17:31,000	16,58	4,54	2,2	80,1	7,7	0	82,1
2553	04.08.2025 06:17:32,000	16,58	4,54	2,1	79,5	8,4	0	81,4
2554	04.08.2025 06:17:33,000	16,58	4,54	2,7	78,7	8,7	0	81,1
2555	04.08.2025 06:17:34,000	16,58	4,54	2,3	79,2	8,6	0	81,2
2556	04.08.2025 06:17:35,000	16,58	4,54	2,1	79,6	8,3	0	81,5
2557	04.08.2025 06:17:36,000	16,58	4,54	2,0	79,7	8,3	0	81,5
2558	04.08.2025 06:17:37,000	16,58	4,54	2,3	80,2	7,5	0	82,3
2559	04.08.2025 06:17:38,000	16,58	4,54	2,5	79,8	7,7	0	82,2
2560	04.08.2025 06:17:39,000	16,58	4,54	0,5	81,7	7,8	0	82,2
2561	04.08.2025 06:17:40,000	16,58	4,54	0,9	83,0	6,1	0	83,8
2562	04.08.2025 06:17:41,000	16,58	4,54	1,2	82,5	6,3	0	83,6
2563	04.08.2025 06:17:42,000	16,58	4,54	0,4	82,8	6,8	0	83,2
2564	04.08.2025 06:17:43,000	16,58	4,54	1,0	82,4	6,6	0	83,3
2565	04.08.2025 06:17:44,000	16,58	4,54	1,7	81,2	7,1	0	82,7
2566	04.08.2025 06:17:45,000	16,61	4,52	-0,3	82,7	6,9	0	83,0
2567	04.08.2025 06:17:46,000	16,58	4,54	1,2	81,9	6,9	0	83,0
2568	04.08.2025 06:17:47,000	16,61	4,54	2,2	80,7	7,2	0	82,7
2569	04.08.2025 06:17:48,000	16,61	4,52	2,4	79,3	8,4	0	81,4
2570	04.08.2025 06:17:49,000	16,61	4,54	1,3	80,2	8,5	0	81,4
2571	04.08.2025 06:17:50,000	16,61	4,52	1,9	80,5	7,6	0	82,2
2572	04.08.2025 06:17:51,000	16,61	4,54	2,8	80,2	7,0	0	82,9
2573	04.08.2025 06:17:52,000	16,61	4,52	0,4	82,2	7,4	0	82,6
2574	04.08.2025 06:17:53,000	16,61	4,54	-0,8	83,4	5,8	0	84,2
2575	04.08.2025 06:17:54,000	16,61	4,52	1,1	82,7	6,2	0	83,7
2576	04.08.2025 06:17:55,000	16,61	4,54	1,9	82,0	6,1	0	83,8
2577	04.08.2025 06:17:56,000	16,61	4,52	0,8	81,6	7,6	0	82,3
2578	04.08.2025 06:17:57,000	16,61	4,54	1,0	82,8	6,2	0	83,7
2579	04.08.2025 06:17:58,000	16,61	4,54	0,6	82,6	6,8	0	83,1
2580	04.08.2025 06:17:59,000	16,61	4,52	0,2	84,3	5,5	0	84,5
2581	04.08.2025 06:18:00,000	16,61	4,52	0,5	83,3	6,2	0	83,7
2582	04.08.2025 06:18:01,000	16,61	4,54	0,7	81,9	7,4	0	82,6
2583	04.08.2025 06:18:02,000	16,61	4,54	1,1	81,6	7,3	0	82,6
2584	04.08.2025 06:18:03,000	16,61	4,54	1,9	80,8	7,3	0	82,6
2585	04.08.2025 06:18:04,000	16,61	4,54	3,3	78,0	8,7	0	81,0
2586	04.08.2025 06:18:05,000	16,61	4,54	3,1	78,5	8,4	0	81,3
2587	04.08.2025 06:18:06,000	16,61	4,54	2,5	78,9	8,7	0	81,1
2588	04.08.2025 06:18:07,000	16,61	4,54	2,0	79,4	8,6	0	81,2
2589	04.08.2025 06:18:08,000	16,61	4,54	1,4	81,4	7,1	0	82,7
2590	04.08.2025 06:18:09,000	16,64	4,54	1,5	82,2	6,3	0	83,6
2591	04.08.2025 06:18:10,000	16,64	4,52	0,9	82,0	7,1	0	82,9
2592	04.08.2025 06:18:11,000	16,64	4,52	0,4	83,2	6,4	0	83,6
2593	04.08.2025 06:18:12,000	16,64	4,54	0,2	84,6	5,2	0	84,8
2594	04.08.2025 06:18:13,000	16,64	4,54	0,2	83,4	6,4	0	83,6
2595	04.08.2025 06:18:14,000	16,64	4,52	-0,5	82,5	7,0	0	82,9
2596	04.08.2025 06:18:15,000	16,64	4,54	0,5	84,6	5,0	0	85,0
2597	04.08.2025 06:18:16,000	16,64	4,54	2,0	81,1	7,0	0	82,9
2598	04.08.2025 06:18:17,000	16,64	4,52	1,8	81,0	7,2	0	82,7
2599	04.08.2025 06:18:18,000	16,64	4,54	2,3	79,5	8,2	0	81,6
2600	04.08.2025 06:18:19,000	16,64	4,54	1,5	79,7	8,9	0	81,0
2601	04.08.2025 06:18:20,000	16,64	4,54	1,1	81,6	7,3	0	82,6
2602	04.08.2025 06:18:21,000	16,64	4,52	1,4	81,8	6,8	0	83,1
2603	04.08.2025 06:18:22,000	16,64	4,52	0,8	81,9	7,2	0	82,7
2604	04.08.2025 06:18:23,000	16,64	4,52	1,6	81,0	7,5	0	82,4
2605	04.08.2025 06:18:24,000	16,64	4,52	1,8	80,2	8,1	0	81,8
2606	04.08.2025 06:18:25,000	16,64	4,52	2,5	79,9	7,6	0	82,2
2607	04.08.2025 06:18:26,000	16,64	4,54	2,0	80,1	7,9	0	81,9
2608	04.08.2025 06:18:27,000	16,64	4,54	0,8	80,8	8,4	0	81,5
2609	04.08.2025 06:18:28,000	16,64	4,52	0,3	83,6	6,1	0	83,9
2610	04.08.2025 06:18:29,000	16,64	4,52	1,0	82,6	6,4	0	83,6
2611	04.08.2025 06:18:30,000	16,64	4,52	0,7	83,1	6,2	0	83,8
2612	04.08.2025 06:18:31,000	16,64	4,52	0,4	83,5	6,0	0	83,9
2613	04.08.2025 06:18:32,000	16,67	4,55	0,2	84,0	5,8	0	84,2
2614	04.08.2025 06:18:33,000	16,67	4,55	0,4	82,3	7,2	0	82,7
2615	04.08.2025 06:18:34,000	16,67	4,55	0,8	84,0	5,3	0	84,7
2616	04.08.2025 06:18:35,000	16,67	4,52	1,3	82,1	6,6	0	83,3
2617	04.08.2025 06:18:36,000	16,67	4,52	0,5	82,6	6,9	0	83,1
2618	04.08.2025 06:18:37,000	16,67	4,52	-0,1	84,3	5,6	0	84,4
2619	04.08.2025 06:18:38,000	16,67	4,52	-0,7	82,6	6,7	0	83,2
2620	04.08.2025 06:18:39,000	16,67	4,52	0,7	83,2	6,1	0	83,8
2621	04.08.2025 06:18:40,000	16,67	4,52	2,6	79,6	7,9	0	81,9
2622	04.08.2025 06:18:41,000	16,67	4,55	3,2	78,4	8,4	0	81,3
2623	04.08.2025 06:18:42,000	16,67	4,52	3,8	77,1	9,1	0	80,6
2624	04.08.2025 06:18:43,000	16,67	4,52	2,2	78,3	9,5	0	80,3
2625	04.08.2025 06:18:44,000	16,67	4,52	0,8	82,3	6,9	0	83,0
2626	04.08.2025 06:18:45,000	16,67	4,52	1,0	82,5	6,5	0	83,4
2627	04.08.2025 06:18:46,000	16,67	4,52	0,4	84,1	5,5	0	84,5
2628	04.08.2025 06:18:47,000	16,67	4,52	-0,2	84,2	5,6	0	84,4
2629	04.08.2025 06:18:48,000	16,67	4,52	-0,1	77,9	-12,0	1	102,0
2630	04.08.2025 06:18:49,000	16,67	4,55	2,9	49,8	37,3	0	51,5
2631	04.08.2025 06:18:50,000	16,70	4,53	-21,7	22,7	45,6	0	29,0
2632	04.08.2025 06:18:51,000	16,70	4,55	-36,4	7,7	45,8	0	10,8
2633	04.08.2025 06:18:52,000	16,70	4,53	-33,1	-6,1	50,8	0	-7,9
2634	04.08.2025 06:18:53,000	16,70	4,53	-37,6	-22,9	29,5	0	-38,5
2635	04.08.2025 06:18:54,000	16,70	4,67	-17,8	-40,7	31,5	0	-51,0
2636	04.08.2025 06:18:55,000	16,70	4,71	-8,3	-41,9	39,8	0	-46,2
2637	04.08.2025 06:18:56,000	16,70	4,71	-11,8	-50,3	27,9	0	-58,1
2638	04.08.2025 06:18:57,000	16,70	4,69	-6,3	-60,4	23,3	0	-65,0
2639	04.08.2025 06:18:58,000	16,70	4,71	-4,5	-84,6	-0,9	0	-90,9
2640	04.08.2025 06:18:59,000	16,73	4,72	-7,2	-59,2	23,6	0	-64,4
2641	04.08.2025 06:19:00,000	16,73	4,74	-8,1	-58,0	23,9	0	-63,9
2642	04.08.2025 06:19:01,000	16,73	4,74	-8,6	-53,0	28,4	0	-58,7
2643	04.08.2025 06:19:02,000	16,73	4,72	-28,8	-50,9	10,3	0	-76,7
2644	04.08.2025 06:19:03,000	16,73	4,72	3,4	-61,5	25,1	0	-64,0
2645	04.08.2025 06:19:04,000	16,73	4,74	-17,6	-22,8	49,6	0	-27,7
2646	04.08.2025 06:19:05,000	16,73	4,74	-12,1	-35,8	42,1	0	-41,2
2647	04.08.2025 06:19:06,000	16,76	4,74	-31,3	-53,0	5,7	0	-82,7
2648	04.08.2025 06:19:07,000	16,82	4,68	-16,5	-66,7	-6,8	0	-97,6
2649	04.08.2025 06:19:08,000	16,97	4,69	-48,2	-36,3	-5,5	0	-99,2
2650	04.08.2025 06:19:09,000	17,12	4,68	-1,0	-22,7	-66,2	0	-157,0
2651	04.08.2025 06:19:10,000	17,30	4,66	-41,0	21,7	-27,3	1	140,9
2652	04.08.2025 06:19:11,000	17,45	4,55	-80,2	-7,8	-2,0	0	140,9
2653	04.08.2025 06:19:12,000	17,63	4,62	3,0	5,0	-82,0	1	174,8
2654	04.08.2025 06:19:13,000	17,78	4,58	5,3	-66,8	-17,9	0	-109,0
2655	04.08.2025 06:19:14,000	17,93	4,53	14,7	16,2	-59,1	1	161,3
2656	04.08.2025 06:19:15,000	18,19	4,53	34,2	-40,5	-15,2	0	-112,4
2657	04.08.2025 06:19:16,000	18,46	4,53	33,9	9,1	47,0	0	12,4
2658	04.08.2025 06:19:17,000	18,67	4,53	-32,5	18,9	38,7	1	27,9
2659	04.08.2025 06:19:18,000	18,82	4,66	-83,1	4,4	-2,5	0	27,9
