#B	Created:	04.08.2025 07:02:52
##	Version	SeaStar	9.59
#5	Field separation:	0
#2	Date & Time:	1
#6	Decimal point:	,
#7	Date def.:	dd.mm.yyyy	.
#8	Time def.:	:
##	Axis	0	Temperature(°C)	clRed	FALSE
##	Axis	1	Pressure(Bar)	clBlue	FALSE
##	Axis	2	Angle(°)	clGreen	FALSE
##	Axis	3	EAL	clSkyBlue	FALSE
##	Axis	4	Roll(°)	$00404080	FALSE
##	Series	0	Temp(°C)	clRed	0	Temp(°C)	2
##	Series	1	Press(Bar)	clBlue	1	Press(Bar)	2
##	Series	2	Tilt-X(°)	clGreen	2	Tilt-X(°)	1
##	Series	3	Tilt-Y(°)	$00404080	2	Tilt-Y(°)	1
##	Series	4	Tilt-Z(°)	$00FF0080	2	Tilt-Z(°)	1
##	Series	5	EAL	clSkyBlue	3	EAL	0
##	Series	6	Roll(°)	$00404080	4	Roll(°)	1
##	Recorder	43	DST tilt	1173
##	Chart	43H1173DAT	
#D	Data:	1628	04.08.2025 06:35:00	04.08.2025 07:02:07
1	04.08.2025 06:35:00,000	20,35	4,71	15,4	47,3	27,3	0	57,4
2	04.08.2025 06:35:01,000	20,35	4,71	15,2	47,5	27,3	0	57,5
3	04.08.2025 06:35:02,000	20,35	4,69	14,6	47,7	27,8	0	57,2
4	04.08.2025 06:35:03,000	20,35	4,69	14,4	47,9	27,8	0	57,3
5	04.08.2025 06:35:04,000	20,32	4,69	14,9	47,8	27,3	0	57,7
6	04.08.2025 06:35:05,000	20,32	4,69	14,6	48,1	27,4	0	57,7
7	04.08.2025 06:35:06,000	20,32	4,71	15,1	47,0	27,9	0	56,8
8	04.08.2025 06:35:07,000	20,32	4,71	15,3	47,4	27,3	0	57,5
9	04.08.2025 06:35:08,000	20,32	4,71	16,0	46,4	27,6	0	56,8
10	04.08.2025 06:35:09,000	20,32	4,69	17,4	45,3	27,3	0	56,5
11	04.08.2025 06:35:10,000	20,32	4,69	17,9	45,2	27,0	0	56,8
12	04.08.2025 06:35:11,000	20,29	4,71	18,3	44,5	27,2	0	56,3
13	04.08.2025 06:35:12,000	20,29	4,68	17,7	45,2	27,1	0	56,7
14	04.08.2025 06:35:13,000	20,29	4,71	17,4	45,6	27,1	0	56,9
15	04.08.2025 06:35:14,000	20,29	4,71	15,8	46,3	27,9	0	56,5
16	04.08.2025 06:35:15,000	20,29	4,71	15,5	46,4	28,1	0	56,4
17	04.08.2025 06:35:16,000	20,26	4,68	14,6	48,1	27,3	0	57,8
18	04.08.2025 06:35:17,000	20,26	4,68	14,3	48,0	27,7	0	57,4
19	04.08.2025 06:35:18,000	20,26	4,68	13,9	48,5	27,5	0	57,7
20	04.08.2025 06:35:19,000	20,26	4,71	14,3	48,3	27,4	0	57,7
21	04.08.2025 06:35:20,000	20,26	4,71	14,6	47,8	27,7	0	57,3
22	04.08.2025 06:35:21,000	20,26	4,68	15,5	47,0	27,5	0	57,1
23	04.08.2025 06:35:22,000	20,26	4,71	16,1	46,2	27,8	0	56,6
24	04.08.2025 06:35:23,000	20,23	4,68	16,8	46,3	27,0	0	57,3
25	04.08.2025 06:35:24,000	20,23	4,68	16,4	46,3	27,3	0	57,0
26	04.08.2025 06:35:25,000	20,23	4,68	15,6	46,8	27,6	0	57,0
27	04.08.2025 06:35:26,000	20,23	4,70	15,5	46,7	27,8	0	56,8
28	04.08.2025 06:35:27,000	20,23	4,68	14,8	47,7	27,5	0	57,5
29	04.08.2025 06:35:28,000	20,23	4,68	14,9	47,7	27,4	0	57,6
30	04.08.2025 06:35:29,000	20,23	4,68	15,1	47,2	27,7	0	57,1
31	04.08.2025 06:35:30,000	20,20	4,70	15,3	47,3	27,4	0	57,4
32	04.08.2025 06:35:31,000	20,20	4,70	16,7	46,3	27,0	0	57,3
33	04.08.2025 06:35:32,000	20,20	4,70	15,4	47,1	27,5	0	57,1
34	04.08.2025 06:35:33,000	20,20	4,70	14,8	47,4	27,8	0	57,1
35	04.08.2025 06:35:34,000	20,20	4,70	15,1	47,2	27,6	0	57,1
36	04.08.2025 06:35:35,000	20,20	4,70	15,4	47,1	27,5	0	57,2
37	04.08.2025 06:35:36,000	20,20	4,70	14,8	47,5	27,7	0	57,2
38	04.08.2025 06:35:37,000	20,20	4,70	14,7	47,9	27,4	0	57,6
39	04.08.2025 06:35:38,000	20,20	4,70	15,7	47,0	27,3	0	57,3
40	04.08.2025 06:35:39,000	20,17	4,70	15,0	47,4	27,6	0	57,3
41	04.08.2025 06:35:40,000	20,17	4,70	14,1	47,9	28,0	0	57,1
42	04.08.2025 06:35:41,000	20,17	4,67	14,7	48,2	27,0	0	58,0
43	04.08.2025 06:35:42,000	20,17	4,70	17,1	46,2	26,7	0	57,5
44	04.08.2025 06:35:43,000	20,17	4,70	18,7	43,9	27,4	0	55,9
45	04.08.2025 06:35:44,000	20,17	4,70	15,6	46,7	27,7	0	56,9
46	04.08.2025 06:35:45,000	20,17	4,70	14,3	48,0	27,7	0	57,4
47	04.08.2025 06:35:46,000	20,15	4,67	13,8	48,6	27,6	0	57,7
48	04.08.2025 06:35:47,000	20,15	4,67	13,3	48,7	27,9	0	57,5
49	04.08.2025 06:35:48,000	20,15	4,67	13,8	48,1	28,1	0	57,1
50	04.08.2025 06:35:49,000	20,15	4,67	14,9	47,7	27,4	0	57,6
51	04.08.2025 06:35:50,000	20,15	4,67	16,5	46,5	26,9	0	57,5
52	04.08.2025 06:35:51,000	20,15	4,69	17,1	45,2	27,7	0	56,3
53	04.08.2025 06:35:52,000	20,15	4,69	17,0	45,9	27,1	0	57,1
54	04.08.2025 06:35:53,000	20,15	4,69	18,1	45,3	26,6	0	57,1
55	04.08.2025 06:35:54,000	20,12	4,69	17,2	45,2	27,7	0	56,2
56	04.08.2025 06:35:55,000	20,12	4,69	15,8	46,3	28,0	0	56,5
57	04.08.2025 06:35:56,000	20,12	4,69	15,2	47,2	27,6	0	57,1
58	04.08.2025 06:35:57,000	20,12	4,71	14,3	48,0	27,7	0	57,4
59	04.08.2025 06:35:58,000	20,12	4,69	13,2	49,2	27,6	0	58,0
60	04.08.2025 06:35:59,000	20,12	4,69	14,7	48,1	27,2	0	57,8
61	04.08.2025 06:36:00,000	20,12	4,69	15,6	47,1	27,3	0	57,4
62	04.08.2025 06:36:01,000	20,12	4,69	15,2	47,5	27,4	0	57,4
63	04.08.2025 06:36:02,000	20,09	4,69	16,0	46,7	27,3	0	57,2
64	04.08.2025 06:36:03,000	20,09	4,69	14,9	46,8	28,3	0	56,4
65	04.08.2025 06:36:04,000	20,09	4,69	14,0	48,2	27,9	0	57,3
66	04.08.2025 06:36:05,000	20,09	4,69	14,2	48,6	27,2	0	58,0
67	04.08.2025 06:36:06,000	20,09	4,69	15,4	47,0	27,6	0	57,0
68	04.08.2025 06:36:07,000	20,09	4,67	15,7	46,8	27,5	0	57,0
69	04.08.2025 06:36:08,000	20,09	4,69	16,6	46,2	27,2	0	57,1
70	04.08.2025 06:36:09,000	20,09	4,69	17,0	45,6	27,3	0	56,7
71	04.08.2025 06:36:10,000	20,09	4,69	14,9	47,1	28,0	0	56,8
72	04.08.2025 06:36:11,000	20,06	4,69	13,7	48,2	28,1	0	57,1
73	04.08.2025 06:36:12,000	20,06	4,69	13,9	48,7	27,4	0	57,9
74	04.08.2025 06:36:13,000	20,06	4,69	14,3	48,6	27,1	0	58,1
75	04.08.2025 06:36:14,000	20,06	4,69	14,6	47,6	27,8	0	57,2
76	04.08.2025 06:36:15,000	20,06	4,69	16,0	46,4	27,6	0	56,8
77	04.08.2025 06:36:16,000	20,06	4,69	16,1	47,0	26,9	0	57,7
78	04.08.2025 06:36:17,000	20,06	4,69	17,5	45,8	26,7	0	57,4
79	04.08.2025 06:36:18,000	20,06	4,71	17,7	44,9	27,4	0	56,3
80	04.08.2025 06:36:19,000	20,06	4,69	16,6	45,8	27,5	0	56,6
81	04.08.2025 06:36:20,000	20,03	4,68	15,8	46,4	27,7	0	56,7
82	04.08.2025 06:36:21,000	20,03	4,68	16,0	46,6	27,4	0	57,0
83	04.08.2025 06:36:22,000	20,03	4,68	17,4	45,6	27,1	0	56,9
84	04.08.2025 06:36:23,000	20,03	4,68	18,6	44,4	26,9	0	56,5
85	04.08.2025 06:36:24,000	20,03	4,68	19,8	43,7	26,5	0	56,6
86	04.08.2025 06:36:25,000	20,03	4,68	21,6	42,4	26,0	0	56,4
87	04.08.2025 06:36:26,000	20,03	4,68	23,0	41,1	25,9	0	55,9
88	04.08.2025 06:36:27,000	20,03	4,68	21,8	41,8	26,3	0	55,9
89	04.08.2025 06:36:28,000	20,03	4,68	22,1	41,8	26,0	0	56,1
90	04.08.2025 06:36:29,000	20,03	4,68	22,4	41,6	26,1	0	55,9
91	04.08.2025 06:36:30,000	20,00	4,68	21,9	42,0	26,1	0	56,1
92	04.08.2025 06:36:31,000	20,00	4,68	21,7	41,8	26,4	0	55,8
93	04.08.2025 06:36:32,000	20,00	4,70	21,2	42,5	26,3	0	56,2
94	04.08.2025 06:36:33,000	20,00	4,68	19,6	43,9	26,5	0	56,7
95	04.08.2025 06:36:34,000	20,00	4,68	17,6	45,9	26,4	0	57,6
96	04.08.2025 06:36:35,000	20,00	4,68	17,0	46,9	26,2	0	58,2
97	04.08.2025 06:36:36,000	20,00	4,68	16,6	46,7	26,7	0	57,7
98	04.08.2025 06:36:37,000	20,00	4,66	16,0	47,2	26,8	0	57,8
99	04.08.2025 06:36:38,000	20,00	4,68	16,7	47,0	26,4	0	58,1
100	04.08.2025 06:36:39,000	19,97	4,70	17,4	45,9	26,7	0	57,3
101	04.08.2025 06:36:40,000	19,97	4,70	18,2	45,2	26,5	0	57,2
102	04.08.2025 06:36:41,000	19,97	4,68	18,6	45,0	26,4	0	57,3
103	04.08.2025 06:36:42,000	19,97	4,68	18,4	45,2	26,4	0	57,3
104	04.08.2025 06:36:43,000	19,97	4,68	17,0	46,4	26,6	0	57,7
105	04.08.2025 06:36:44,000	19,97	4,68	14,9	48,5	26,6	0	58,5
106	04.08.2025 06:36:45,000	19,97	4,68	13,6	49,8	26,6	0	59,0
107	04.08.2025 06:36:46,000	19,97	4,68	13,4	49,5	27,1	0	58,5
108	04.08.2025 06:36:47,000	19,97	4,68	14,1	48,6	27,3	0	57,9
109	04.08.2025 06:36:48,000	19,97	4,68	16,2	46,6	27,3	0	57,1
110	04.08.2025 06:36:49,000	19,97	4,68	17,4	46,0	26,6	0	57,5
111	04.08.2025 06:36:50,000	19,94	4,67	18,6	44,6	26,8	0	56,7
112	04.08.2025 06:36:51,000	19,94	4,70	18,7	44,7	26,5	0	57,0
113	04.08.2025 06:36:52,000	19,94	4,70	18,6	45,6	25,9	0	58,0
114	04.08.2025 06:36:53,000	19,94	4,67	18,0	45,7	26,4	0	57,6
115	04.08.2025 06:36:54,000	19,94	4,70	17,0	46,1	26,8	0	57,4
116	04.08.2025 06:36:55,000	19,94	4,70	16,3	47,0	26,7	0	57,8
117	04.08.2025 06:36:56,000	19,94	4,67	16,1	46,9	27,0	0	57,5
118	04.08.2025 06:36:57,000	19,94	4,67	16,3	46,5	27,3	0	57,1
119	04.08.2025 06:36:58,000	19,94	4,70	16,8	46,0	27,2	0	57,0
120	04.08.2025 06:36:59,000	19,94	4,67	17,4	46,5	26,1	0	58,1
121	04.08.2025 06:37:00,000	19,94	4,67	16,3	47,2	26,5	0	58,1
122	04.08.2025 06:37:01,000	19,91	4,67	16,3	47,0	26,7	0	57,9
123	04.08.2025 06:37:02,000	19,91	4,70	15,6	47,8	26,5	0	58,3
124	04.08.2025 06:37:03,000	19,91	4,70	15,4	48,1	26,5	0	58,4
125	04.08.2025 06:37:04,000	19,91	4,70	15,4	47,5	27,0	0	57,8
126	04.08.2025 06:37:05,000	19,91	4,67	15,6	46,8	27,6	0	57,0
127	04.08.2025 06:37:06,000	19,91	4,70	16,5	47,0	26,6	0	57,9
128	04.08.2025 06:37:07,000	19,91	4,67	17,4	45,9	26,7	0	57,3
129	04.08.2025 06:37:08,000	19,91	4,70	17,3	45,9	26,8	0	57,3
130	04.08.2025 06:37:09,000	19,91	4,67	16,3	47,1	26,6	0	57,9
131	04.08.2025 06:37:10,000	19,91	4,70	15,5	47,6	27,0	0	57,8
132	04.08.2025 06:37:11,000	19,91	4,70	15,3	48,0	26,7	0	58,2
133	04.08.2025 06:37:12,000	19,91	4,70	15,0	47,9	27,1	0	57,9
134	04.08.2025 06:37:13,000	19,88	4,69	15,4	47,6	27,0	0	57,8
135	04.08.2025 06:37:14,000	19,88	4,67	16,3	46,7	26,9	0	57,5
136	04.08.2025 06:37:15,000	19,88	4,67	17,1	46,5	26,5	0	57,8
137	04.08.2025 06:37:16,000	19,88	4,67	16,8	46,7	26,5	0	57,8
138	04.08.2025 06:37:17,000	19,88	4,69	16,5	46,7	26,8	0	57,6
139	04.08.2025 06:37:18,000	19,88	4,69	16,8	46,6	26,6	0	57,7
140	04.08.2025 06:37:19,000	19,88	4,69	15,9	47,5	26,6	0	58,1
141	04.08.2025 06:37:20,000	19,88	4,69	15,9	47,5	26,6	0	58,1
142	04.08.2025 06:37:21,000	19,88	4,67	15,9	47,1	27,1	0	57,6
143	04.08.2025 06:37:22,000	19,88	4,67	16,7	46,6	26,8	0	57,6
144	04.08.2025 06:37:23,000	19,88	4,69	18,3	45,4	26,4	0	57,4
145	04.08.2025 06:37:24,000	19,85	4,69	19,2	44,7	26,2	0	57,3
146	04.08.2025 06:37:25,000	19,85	4,67	21,6	42,4	26,1	0	56,3
147	04.08.2025 06:37:26,000	19,85	4,69	22,7	41,0	26,2	0	55,6
148	04.08.2025 06:37:27,000	19,85	4,69	22,8	41,2	25,9	0	55,9
149	04.08.2025 06:37:28,000	19,85	4,69	22,8	41,0	26,3	0	55,5
150	04.08.2025 06:37:29,000	19,85	4,67	21,5	42,0	26,5	0	55,8
151	04.08.2025 06:37:30,000	19,85	4,69	20,6	42,8	26,6	0	56,0
152	04.08.2025 06:37:31,000	19,85	4,69	19,7	43,6	26,7	0	56,4
153	04.08.2025 06:37:32,000	19,85	4,69	19,2	44,4	26,5	0	56,9
154	04.08.2025 06:37:33,000	19,85	4,69	17,3	46,0	26,7	0	57,4
155	04.08.2025 06:37:34,000	19,85	4,69	16,1	47,6	26,3	0	58,4
156	04.08.2025 06:37:35,000	19,85	4,69	14,8	48,5	26,7	0	58,4
157	04.08.2025 06:37:36,000	19,85	4,67	15,3	47,2	27,4	0	57,3
158	04.08.2025 06:37:37,000	19,85	4,67	15,6	47,5	27,0	0	57,8
159	04.08.2025 06:37:38,000	19,82	4,66	14,7	48,5	26,8	0	58,4
160	04.08.2025 06:37:39,000	19,82	4,69	14,0	49,4	26,6	0	58,8
161	04.08.2025 06:37:40,000	19,82	4,66	13,2	49,7	27,1	0	58,6
162	04.08.2025 06:37:41,000	19,82	4,66	13,6	49,6	26,8	0	58,7
163	04.08.2025 06:37:42,000	19,82	4,69	14,7	49,1	26,2	0	59,1
164	04.08.2025 06:37:43,000	19,82	4,66	14,7	48,3	27,0	0	58,1
165	04.08.2025 06:37:44,000	19,82	4,66	15,5	47,8	26,7	0	58,2
166	04.08.2025 06:37:45,000	19,82	4,69	16,1	47,8	26,1	0	58,7
167	04.08.2025 06:37:46,000	19,82	4,69	15,7	47,8	26,4	0	58,4
168	04.08.2025 06:37:47,000	19,82	4,69	15,4	47,6	27,0	0	57,9
169	04.08.2025 06:37:48,000	19,82	4,66	16,1	47,3	26,5	0	58,1
170	04.08.2025 06:37:49,000	19,82	4,69	17,6	45,6	26,8	0	57,2
171	04.08.2025 06:37:50,000	19,82	4,69	18,3	44,7	26,9	0	56,7
172	04.08.2025 06:37:51,000	19,82	4,69	19,2	44,4	26,4	0	57,0
173	04.08.2025 06:37:52,000	19,79	4,68	18,8	45,1	26,1	0	57,6
174	04.08.2025 06:37:53,000	19,79	4,68	17,7	46,4	25,9	0	58,3
175	04.08.2025 06:37:54,000	19,79	4,68	16,2	47,2	26,7	0	57,9
176	04.08.2025 06:37:55,000	19,79	4,68	16,4	47,0	26,7	0	57,8
177	04.08.2025 06:37:56,000	19,79	4,66	16,4	47,1	26,5	0	58,1
178	04.08.2025 06:37:57,000	19,79	4,68	15,9	47,6	26,4	0	58,3
179	04.08.2025 06:37:58,000	19,79	4,68	15,0	48,3	26,6	0	58,4
180	04.08.2025 06:37:59,000	19,79	4,68	14,8	48,8	26,5	0	58,7
181	04.08.2025 06:38:00,000	19,79	4,66	15,7	47,7	26,6	0	58,2
182	04.08.2025 06:38:01,000	19,79	4,68	17,4	46,1	26,5	0	57,7
183	04.08.2025 06:38:02,000	19,79	4,68	18,6	45,0	26,4	0	57,2
184	04.08.2025 06:38:03,000	19,79	4,66	19,4	44,5	26,2	0	57,2
185	04.08.2025 06:38:04,000	19,79	4,68	19,3	44,0	26,8	0	56,4
186	04.08.2025 06:38:05,000	19,79	4,68	17,9	45,6	26,5	0	57,4
187	04.08.2025 06:38:06,000	19,76	4,66	15,9	47,9	26,2	0	58,6
188	04.08.2025 06:38:07,000	19,76	4,66	14,4	49,6	26,1	0	59,4
189	04.08.2025 06:38:08,000	19,76	4,68	13,2	50,3	26,5	0	59,3
190	04.08.2025 06:38:09,000	19,76	4,68	14,2	48,4	27,5	0	57,8
191	04.08.2025 06:38:10,000	19,76	4,68	17,2	45,8	27,0	0	57,1
192	04.08.2025 06:38:11,000	19,76	4,66	18,0	45,9	26,0	0	58,0
193	04.08.2025 06:38:12,000	19,76	4,68	18,0	45,4	26,6	0	57,3
194	04.08.2025 06:38:13,000	19,76	4,68	17,1	46,6	26,3	0	58,0
195	04.08.2025 06:38:14,000	19,76	4,68	15,7	48,6	25,7	0	59,3
196	04.08.2025 06:38:15,000	19,76	4,68	15,1	48,8	26,0	0	59,1
197	04.08.2025 06:38:16,000	19,76	4,66	15,2	47,9	26,9	0	58,0
198	04.08.2025 06:38:17,000	19,76	4,68	16,3	47,3	26,4	0	58,2
199	04.08.2025 06:38:18,000	19,76	4,68	16,2	47,3	26,5	0	58,1
200	04.08.2025 06:38:19,000	19,76	4,68	16,0	47,7	26,2	0	58,5
201	04.08.2025 06:38:20,000	19,76	4,68	14,8	48,7	26,5	0	58,7
202	04.08.2025 06:38:21,000	19,76	4,70	13,6	49,7	26,7	0	58,9
203	04.08.2025 06:38:22,000	19,76	4,66	14,7	49,1	26,2	0	59,0
204	04.08.2025 06:38:23,000	19,76	4,68	16,2	47,0	26,8	0	57,7
205	04.08.2025 06:38:24,000	19,73	4,68	17,6	45,9	26,5	0	57,6
206	04.08.2025 06:38:25,000	19,73	4,68	18,3	45,7	26,0	0	57,9
207	04.08.2025 06:38:26,000	19,73	4,68	18,1	45,9	26,0	0	58,0
208	04.08.2025 06:38:27,000	19,73	4,68	17,3	46,0	26,7	0	57,4
209	04.08.2025 06:38:28,000	19,73	4,68	17,6	46,2	26,1	0	58,0
210	04.08.2025 06:38:29,000	19,73	4,68	18,4	45,2	26,4	0	57,3
211	04.08.2025 06:38:30,000	19,73	4,68	18,5	44,9	26,6	0	57,1
212	04.08.2025 06:38:31,000	19,73	4,68	18,1	46,0	25,9	0	58,1
213	04.08.2025 06:38:32,000	19,73	4,68	16,8	46,2	27,0	0	57,2
214	04.08.2025 06:38:33,000	19,73	4,68	16,6	45,6	27,9	0	56,2
215	04.08.2025 06:38:34,000	19,73	4,68	16,6	46,0	27,3	0	56,9
216	04.08.2025 06:38:35,000	19,73	4,68	16,4	46,8	26,7	0	57,7
217	04.08.2025 06:38:36,000	19,73	4,68	15,9	46,9	27,2	0	57,4
218	04.08.2025 06:38:37,000	19,73	4,68	15,6	47,2	27,2	0	57,4
219	04.08.2025 06:38:38,000	19,73	4,68	15,4	47,9	26,7	0	58,2
220	04.08.2025 06:38:39,000	19,73	4,68	15,4	47,3	27,2	0	57,5
221	04.08.2025 06:38:40,000	19,73	4,68	16,1	46,8	27,1	0	57,4
222	04.08.2025 06:38:41,000	19,73	4,68	16,4	47,1	26,5	0	58,1
223	04.08.2025 06:38:42,000	19,73	4,68	16,1	47,7	26,1	0	58,6
224	04.08.2025 06:38:43,000	19,70	4,68	15,9	47,4	26,7	0	58,0
225	04.08.2025 06:38:44,000	19,73	4,68	16,0	46,9	27,1	0	57,4
226	04.08.2025 06:38:45,000	19,70	4,70	16,6	47,2	26,1	0	58,4
227	04.08.2025 06:38:46,000	19,70	4,68	16,5	47,3	26,1	0	58,4
228	04.08.2025 06:38:47,000	19,70	4,68	16,1	47,2	26,7	0	57,9
229	04.08.2025 06:38:48,000	19,70	4,68	15,6	47,8	26,6	0	58,2
230	04.08.2025 06:38:49,000	19,70	4,68	16,4	47,7	25,9	0	58,8
231	04.08.2025 06:38:50,000	19,70	4,68	17,2	46,6	26,2	0	58,1
232	04.08.2025 06:38:51,000	19,70	4,68	17,1	46,5	26,4	0	57,9
233	04.08.2025 06:38:52,000	19,70	4,68	16,2	47,9	25,9	0	58,9
234	04.08.2025 06:38:53,000	19,70	4,68	15,9	48,3	25,7	0	59,2
235	04.08.2025 06:38:54,000	19,70	4,68	16,6	46,6	26,8	0	57,6
236	04.08.2025 06:38:55,000	19,70	4,68	17,2	46,5	26,3	0	57,9
237	04.08.2025 06:38:56,000	19,70	4,70	17,2	47,6	25,3	0	59,3
238	04.08.2025 06:38:57,000	19,70	4,68	16,7	47,3	26,0	0	58,6
239	04.08.2025 06:38:58,000	19,70	4,68	16,5	46,7	26,7	0	57,7
240	04.08.2025 06:38:59,000	19,70	4,70	16,5	47,3	26,2	0	58,3
241	04.08.2025 06:39:00,000	19,67	4,67	16,9	47,5	25,6	0	58,9
242	04.08.2025 06:39:01,000	19,67	4,67	16,6	47,9	25,5	0	59,2
243	04.08.2025 06:39:02,000	19,67	4,70	16,1	47,7	26,2	0	58,5
244	04.08.2025 06:39:03,000	19,67	4,67	16,9	47,0	26,2	0	58,3
245	04.08.2025 06:39:04,000	19,67	4,67	17,6	47,4	25,0	0	59,5
246	04.08.2025 06:39:05,000	19,67	4,70	17,3	53,1	19,7	0	66,4
247	04.08.2025 06:39:06,000	19,67	4,70	16,3	53,1	20,6	0	65,5
248	04.08.2025 06:39:07,000	19,67	4,70	17,8	50,7	21,6	0	63,9
249	04.08.2025 06:39:08,000	19,67	4,67	19,1	51,0	19,9	0	65,7
250	04.08.2025 06:39:09,000	19,67	4,67	17,5	53,3	19,2	0	67,0
251	04.08.2025 06:39:10,000	19,67	4,70	16,3	52,8	20,9	0	65,2
252	04.08.2025 06:39:11,000	19,67	4,67	17,2	51,5	21,3	0	64,3
253	04.08.2025 06:39:12,000	19,67	4,70	18,5	51,7	19,9	0	65,8
254	04.08.2025 06:39:13,000	19,67	4,67	18,5	52,5	19,0	0	67,0
255	04.08.2025 06:39:14,000	19,67	4,67	16,9	53,4	19,6	0	66,5
256	04.08.2025 06:39:15,000	19,67	4,70	27,2	-16,1	46,7	1	-21,4
257	04.08.2025 06:39:16,000	19,67	4,67	77,9	-11,9	0,2	1	-21,4
258	04.08.2025 06:39:17,000	19,65	4,69	64,6	-21,5	-3,9	0	-21,4
259	04.08.2025 06:39:18,000	19,65	4,69	64,2	-9,2	-16,6	1	-21,4
260	04.08.2025 06:39:19,000	19,65	4,69	11,4	-28,9	-49,8	1	-147,2
261	04.08.2025 06:39:20,000	19,65	4,67	9,6	24,6	-55,8	0	152,6
262	04.08.2025 06:39:21,000	19,65	4,67	19,3	17,0	-53,7	1	159,4
263	04.08.2025 06:39:22,000	19,65	4,67	0,6	44,1	-45,3	0	135,6
264	04.08.2025 06:39:23,000	19,59	4,76	76,4	7,6	6,0	0	135,6
265	04.08.2025 06:39:24,000	19,47	4,82	55,0	-14,7	20,2	0	-36,4
266	04.08.2025 06:39:25,000	19,44	4,81	31,4	-13,0	45,5	0	-18,0
267	04.08.2025 06:39:26,000	19,38	4,83	39,5	-13,2	37,3	0	-20,9
268	04.08.2025 06:39:27,000	19,35	4,88	44,5	-16,9	28,6	0	-31,4
269	04.08.2025 06:39:28,000	19,35	4,88	35,7	-10,0	44,3	0	-14,2
270	04.08.2025 06:39:29,000	19,32	4,90	38,1	-13,9	38,1	0	-21,6
271	04.08.2025 06:39:30,000	19,32	4,87	47,5	-10,8	31,7	0	-19,8
272	04.08.2025 06:39:31,000	19,32	4,85	47,6	-9,2	33,2	0	-16,4
273	04.08.2025 06:39:32,000	19,32	4,85	33,3	-13,0	43,7	0	-18,4
274	04.08.2025 06:39:33,000	19,32	4,85	35,4	-1,6	53,0	0	-2,0
275	04.08.2025 06:39:34,000	19,32	4,85	40,2	-1,9	47,9	0	-2,6
276	04.08.2025 06:39:35,000	19,29	4,85	35,2	-11,2	43,6	0	-16,0
277	04.08.2025 06:39:36,000	19,23	4,84	34,8	-8,7	46,6	0	-12,0
278	04.08.2025 06:39:37,000	19,23	4,84	34,5	-7,5	48,0	0	-10,1
279	04.08.2025 06:39:38,000	19,23	4,84	31,9	-8,0	50,1	0	-10,6
280	04.08.2025 06:39:39,000	19,23	4,84	31,0	-6,2	52,8	0	-7,8
281	04.08.2025 06:39:40,000	19,23	4,84	25,8	-5,9	58,3	0	-7,0
282	04.08.2025 06:39:41,000	19,23	4,89	58,8	-1,0	30,2	0	-2,0
283	04.08.2025 06:39:42,000	19,23	4,87	34,3	-5,5	50,3	0	-7,2
284	04.08.2025 06:39:43,000	19,23	4,89	34,1	-8,8	47,1	0	-12,0
285	04.08.2025 06:39:44,000	19,23	4,91	37,9	-9,2	42,9	0	-13,4
286	04.08.2025 06:39:45,000	19,23	4,96	44,2	-7,0	38,8	0	-11,1
287	04.08.2025 06:39:46,000	19,23	5,01	48,4	-6,2	35,4	0	-10,6
288	04.08.2025 06:39:47,000	19,26	4,96	38,0	-2,5	49,4	0	-3,4
289	04.08.2025 06:39:48,000	19,23	4,96	47,6	-0,2	42,1	0	-0,4
290	04.08.2025 06:39:49,000	19,20	5,00	47,1	-2,4	40,6	0	-3,6
291	04.08.2025 06:39:50,000	19,08	4,99	44,5	-5,1	40,4	0	-7,9
292	04.08.2025 06:39:51,000	18,94	5,05	40,8	-9,0	40,2	0	-13,9
293	04.08.2025 06:39:52,000	18,79	5,03	48,0	-8,0	33,9	0	-14,2
294	04.08.2025 06:39:53,000	18,73	5,03	44,7	-11,6	33,7	0	-20,2
295	04.08.2025 06:39:54,000	18,70	4,98	32,5	-10,2	47,3	0	-13,9
296	04.08.2025 06:39:55,000	18,61	5,02	38,5	-2,3	49,3	0	-3,0
297	04.08.2025 06:39:56,000	18,55	5,01	35,1	-12,2	42,7	0	-17,6
298	04.08.2025 06:39:57,000	18,49	5,03	55,8	-3,2	31,0	0	-6,2
299	04.08.2025 06:39:58,000	18,49	5,01	34,5	-9,0	46,6	0	-12,4
300	04.08.2025 06:39:59,000	18,46	5,03	40,1	-8,0	41,9	0	-12,0
301	04.08.2025 06:40:00,000	18,40	5,04	37,5	-10,7	41,8	0	-15,9
302	04.08.2025 06:40:01,000	18,34	5,04	32,0	-19,7	38,4	0	-28,9
303	04.08.2025 06:40:02,000	18,28	5,06	49,6	-9,1	31,3	0	-17,1
304	04.08.2025 06:40:03,000	18,25	5,10	51,2	-14,8	24,0	0	-32,2
305	04.08.2025 06:40:04,000	18,22	5,10	57,1	-13,8	19,1	0	-36,0
306	04.08.2025 06:40:05,000	18,19	5,12	61,6	-10,9	17,5	0	-36,0
307	04.08.2025 06:40:06,000	18,19	5,12	60,6	-10,6	18,8	0	-36,0
308	04.08.2025 06:40:07,000	18,22	5,12	58,4	-8,9	22,7	0	-22,0
309	04.08.2025 06:40:08,000	18,22	5,10	60,1	-4,1	25,8	0	-9,5
310	04.08.2025 06:40:09,000	18,22	5,14	67,6	-2,3	20,1	0	-9,5
311	04.08.2025 06:40:10,000	18,22	5,14	61,4	-3,4	25,2	0	-7,9
312	04.08.2025 06:40:11,000	18,22	5,17	59,5	-2,6	27,9	0	-5,5
313	04.08.2025 06:40:12,000	18,22	5,17	65,3	1,6	23,1	0	-5,5
314	04.08.2025 06:40:13,000	18,22	5,17	64,7	2,2	23,1	0	-5,5
315	04.08.2025 06:40:14,000	18,22	5,21	67,9	-0,8	21,3	0	-5,5
316	04.08.2025 06:40:15,000	18,22	5,21	68,0	-3,2	18,8	0	-5,5
317	04.08.2025 06:40:16,000	18,22	5,24	67,9	-4,8	17,2	0	-5,5
318	04.08.2025 06:40:17,000	18,22	5,26	67,7	-5,6	16,7	0	-5,5
319	04.08.2025 06:40:18,000	18,22	5,26	65,3	-9,0	15,8	0	-5,5
320	04.08.2025 06:40:19,000	18,22	5,26	68,8	-8,5	12,7	0	-5,5
321	04.08.2025 06:40:20,000	18,22	5,29	69,2	-7,1	13,7	0	-5,5
322	04.08.2025 06:40:21,000	18,22	5,31	71,0	-4,2	14,8	0	-5,5
323	04.08.2025 06:40:22,000	18,22	5,31	66,7	-6,5	16,7	0	-5,5
324	04.08.2025 06:40:23,000	18,11	5,37	70,0	-5,3	14,6	0	-5,5
325	04.08.2025 06:40:24,000	18,02	5,38	71,8	-3,6	14,6	0	-5,5
326	04.08.2025 06:40:25,000	17,96	5,40	68,3	-4,2	17,6	0	-5,5
327	04.08.2025 06:40:26,000	17,84	5,44	67,9	-4,1	18,0	0	-5,5
328	04.08.2025 06:40:27,000	17,75	5,43	68,7	-3,3	18,0	0	-5,5
329	04.08.2025 06:40:28,000	17,72	5,47	73,6	-2,5	13,9	0	-5,5
330	04.08.2025 06:40:29,000	17,66	5,44	68,7	-4,5	16,8	0	-5,5
331	04.08.2025 06:40:30,000	17,57	5,48	65,3	-7,0	17,7	0	-5,5
332	04.08.2025 06:40:31,000	17,51	5,52	67,9	-5,1	17,0	0	-5,5
333	04.08.2025 06:40:32,000	17,48	5,52	69,8	-2,8	17,4	0	-5,5
334	04.08.2025 06:40:33,000	17,45	5,52	69,3	-3,2	17,5	0	-5,5
335	04.08.2025 06:40:34,000	17,45	5,56	68,2	-3,9	17,9	0	-5,5
336	04.08.2025 06:40:35,000	17,42	5,56	66,8	-4,9	18,3	0	-5,5
337	04.08.2025 06:40:36,000	17,42	5,56	70,2	-5,9	13,9	0	-5,5
338	04.08.2025 06:40:37,000	17,42	5,58	70,0	-5,5	14,5	0	-5,5
339	04.08.2025 06:40:38,000	17,39	5,60	65,3	-6,4	18,2	0	-5,5
340	04.08.2025 06:40:39,000	17,33	5,62	66,9	-6,8	16,3	0	-5,5
341	04.08.2025 06:40:40,000	17,09	5,67	71,7	-6,5	11,8	0	-5,5
342	04.08.2025 06:40:41,000	16,94	5,68	66,1	-9,6	14,3	0	-5,5
343	04.08.2025 06:40:42,000	16,85	5,69	61,6	-12,1	16,2	0	-5,5
344	04.08.2025 06:40:43,000	16,82	5,71	67,5	-10,1	12,5	0	-5,5
345	04.08.2025 06:40:44,000	16,76	5,73	70,2	-10,0	9,8	0	-5,5
346	04.08.2025 06:40:45,000	16,73	5,73	63,4	-13,3	13,3	0	-5,5
347	04.08.2025 06:40:46,000	16,70	5,75	60,6	-15,3	14,1	0	-5,5
348	04.08.2025 06:40:47,000	16,67	5,77	64,6	-14,3	11,1	0	-5,5
349	04.08.2025 06:40:48,000	16,61	5,81	65,2	-14,7	10,2	0	-5,5
350	04.08.2025 06:40:49,000	16,58	5,83	60,9	-16,7	12,4	0	-5,5
351	04.08.2025 06:40:50,000	16,55	5,85	63,5	-15,1	11,4	0	-5,5
352	04.08.2025 06:40:51,000	16,52	5,87	67,2	-12,6	10,1	0	-5,5
353	04.08.2025 06:40:52,000	16,49	5,85	63,5	-14,3	12,2	0	-5,5
354	04.08.2025 06:40:53,000	16,37	5,93	61,9	-14,5	13,5	0	-5,5
355	04.08.2025 06:40:54,000	16,27	5,97	67,4	-12,5	10,1	0	-5,5
356	04.08.2025 06:40:55,000	16,21	5,96	66,2	-12,3	11,5	0	-5,5
357	04.08.2025 06:40:56,000	16,09	5,97	63,5	-13,5	13,0	0	-5,5
358	04.08.2025 06:40:57,000	16,00	6,01	65,7	-12,5	11,9	0	-5,5
359	04.08.2025 06:40:58,000	15,94	6,01	66,7	-12,3	11,0	0	-5,5
360	04.08.2025 06:40:59,000	15,94	6,05	66,4	-11,8	11,8	0	-5,5
361	04.08.2025 06:41:00,000	15,91	6,05	66,8	-11,7	11,5	0	-5,5
362	04.08.2025 06:41:01,000	15,88	6,09	68,3	-11,0	10,7	0	-5,5
363	04.08.2025 06:41:02,000	15,85	6,11	63,5	-11,2	15,4	0	-5,5
364	04.08.2025 06:41:03,000	15,67	6,14	62,1	-10,6	17,3	0	-5,5
365	04.08.2025 06:41:04,000	15,61	6,16	61,9	-9,2	18,9	0	-5,5
366	04.08.2025 06:41:05,000	15,55	6,16	64,9	-6,7	18,4	0	-5,5
367	04.08.2025 06:41:06,000	15,55	6,16	63,6	-6,3	20,1	0	-5,5
368	04.08.2025 06:41:07,000	15,55	6,18	63,7	-5,2	21,1	0	-5,5
369	04.08.2025 06:41:08,000	15,55	6,16	64,6	-4,0	21,5	0	-5,5
370	04.08.2025 06:41:09,000	15,55	6,16	55,9	-5,0	29,1	0	-10,1
371	04.08.2025 06:41:10,000	15,55	6,16	59,7	-3,5	26,9	0	-7,6
372	04.08.2025 06:41:11,000	15,55	6,16	59,2	-3,8	27,0	0	-8,2
373	04.08.2025 06:41:12,000	15,55	6,18	56,2	-4,0	29,8	0	-8,0
374	04.08.2025 06:41:13,000	15,51	6,18	63,5	0,0	26,5	0	-0,1
375	04.08.2025 06:41:14,000	15,45	6,22	67,1	2,8	20,1	0	-0,1
376	04.08.2025 06:41:15,000	15,39	6,23	66,9	1,2	21,9	0	-0,1
377	04.08.2025 06:41:16,000	15,36	6,23	63,5	-0,5	26,0	0	-1,2
378	04.08.2025 06:41:17,000	15,33	6,25	65,8	1,6	22,6	0	-1,2
379	04.08.2025 06:41:18,000	15,33	6,28	68,2	3,3	18,5	0	-1,2
380	04.08.2025 06:41:19,000	15,33	6,28	66,0	2,0	22,0	0	-1,2
381	04.08.2025 06:41:20,000	15,33	6,30	65,2	0,9	23,9	0	-1,2
382	04.08.2025 06:41:21,000	15,30	6,30	67,1	1,4	21,5	0	-1,2
383	04.08.2025 06:41:22,000	15,30	6,32	69,5	0,9	19,7	0	-1,2
384	04.08.2025 06:41:23,000	15,30	6,34	67,3	-1,4	21,3	0	-1,2
385	04.08.2025 06:41:24,000	15,24	6,36	68,6	-1,0	20,4	0	-1,2
386	04.08.2025 06:41:25,000	15,12	6,40	67,9	-1,6	20,5	0	-1,2
387	04.08.2025 06:41:26,000	15,03	6,41	66,3	-2,2	21,5	0	-1,2
388	04.08.2025 06:41:27,000	14,99	6,43	64,0	-2,6	23,3	0	-1,2
389	04.08.2025 06:41:28,000	14,96	6,45	60,1	-4,1	25,7	0	-9,4
390	04.08.2025 06:41:29,000	14,96	6,40	52,9	-5,1	32,0	0	-9,5
391	04.08.2025 06:41:30,000	14,93	6,42	52,0	-6,0	32,0	0	-11,2
392	04.08.2025 06:41:31,000	14,93	6,40	51,8	-5,1	33,1	0	-9,3
393	04.08.2025 06:41:32,000	14,93	6,42	52,6	-4,8	32,6	0	-8,9
394	04.08.2025 06:41:33,000	14,96	6,43	49,9	-5,9	34,2	0	-10,5
395	04.08.2025 06:41:34,000	14,96	6,40	49,7	-5,7	34,6	0	-10,0
396	04.08.2025 06:41:35,000	14,99	6,41	54,1	-3,0	32,9	0	-5,5
397	04.08.2025 06:41:36,000	14,99	6,43	57,4	-1,2	31,4	0	-2,3
398	04.08.2025 06:41:37,000	14,99	6,45	50,8	-5,0	34,2	0	-8,9
399	04.08.2025 06:41:38,000	14,96	6,43	47,8	-5,1	37,1	0	-8,5
400	04.08.2025 06:41:39,000	14,96	6,45	55,9	-1,2	32,9	0	-2,3
401	04.08.2025 06:41:40,000	14,96	6,47	54,1	-2,7	33,2	0	-4,9
402	04.08.2025 06:41:41,000	14,93	6,45	45,3	-8,3	36,4	0	-13,8
403	04.08.2025 06:41:42,000	14,93	6,47	59,2	-6,3	24,5	0	-14,8
404	04.08.2025 06:41:43,000	14,90	6,49	68,2	-1,7	20,0	0	-14,8
405	04.08.2025 06:41:44,000	14,87	6,54	67,2	-3,7	19,1	0	-14,8
406	04.08.2025 06:41:45,000	14,66	6,59	62,8	-6,6	20,6	0	-14,8
407	04.08.2025 06:41:46,000	14,47	6,62	65,3	-5,4	19,3	0	-14,8
408	04.08.2025 06:41:47,000	14,38	6,61	64,5	-6,4	19,0	0	-14,8
409	04.08.2025 06:41:48,000	14,32	6,60	58,2	-8,0	23,8	0	-19,0
410	04.08.2025 06:41:49,000	14,29	6,60	56,0	-8,7	25,4	0	-19,5
411	04.08.2025 06:41:50,000	14,29	6,60	58,4	-7,0	24,5	0	-16,5
412	04.08.2025 06:41:51,000	14,29	6,60	56,8	-9,4	23,8	0	-22,0
413	04.08.2025 06:41:52,000	14,26	6,57	43,7	-12,1	34,2	0	-20,7
414	04.08.2025 06:41:53,000	14,19	6,52	36,4	-10,5	43,1	0	-15,3
415	04.08.2025 06:41:54,000	14,04	6,50	40,5	-7,2	42,3	0	-10,8
416	04.08.2025 06:41:55,000	13,98	6,52	42,2	-17,6	30,2	0	-31,2
417	04.08.2025 06:41:56,000	13,91	6,56	44,1	-17,7	28,1	0	-33,1
418	04.08.2025 06:41:57,000	13,85	6,53	42,1	-16,9	31,0	0	-29,7
419	04.08.2025 06:41:58,000	13,79	6,55	41,6	-21,1	27,3	0	-38,2
420	04.08.2025 06:41:59,000	13,76	6,47	37,0	-11,7	41,3	0	-17,4
421	04.08.2025 06:42:00,000	13,76	6,52	45,3	-13,6	31,2	0	-24,6
422	04.08.2025 06:42:01,000	13,67	6,54	47,2	-12,3	30,6	0	-22,9
423	04.08.2025 06:42:02,000	13,63	6,51	47,1	-11,6	31,3	0	-21,3
424	04.08.2025 06:42:03,000	13,60	6,48	44,9	-12,7	32,4	0	-22,5
425	04.08.2025 06:42:04,000	13,63	6,49	45,3	-13,2	31,5	0	-23,9
426	04.08.2025 06:42:05,000	13,63	6,49	45,9	-13,0	31,1	0	-23,8
427	04.08.2025 06:42:06,000	13,63	6,49	47,1	-10,3	32,6	0	-18,5
428	04.08.2025 06:42:07,000	13,63	6,46	46,5	-10,5	33,0	0	-18,7
429	04.08.2025 06:42:08,000	13,60	6,48	46,3	-10,6	33,1	0	-18,7
430	04.08.2025 06:42:09,000	13,54	6,48	46,9	-9,4	33,7	0	-16,5
431	04.08.2025 06:42:10,000	13,54	6,48	44,6	-11,0	34,4	0	-18,9
432	04.08.2025 06:42:11,000	13,51	6,47	44,5	-11,6	33,9	0	-20,1
433	04.08.2025 06:42:12,000	13,48	6,47	45,1	-10,8	34,1	0	-18,6
434	04.08.2025 06:42:13,000	13,48	6,47	46,9	-9,8	33,3	0	-17,5
435	04.08.2025 06:42:14,000	13,48	6,45	44,9	-10,7	34,3	0	-18,5
436	04.08.2025 06:42:15,000	13,48	6,47	43,7	-11,0	35,2	0	-18,6
437	04.08.2025 06:42:16,000	13,45	6,47	44,7	-10,8	34,6	0	-18,4
438	04.08.2025 06:42:17,000	13,48	6,47	44,8	-11,4	33,9	0	-19,7
439	04.08.2025 06:42:18,000	13,48	6,42	43,9	-11,1	35,1	0	-18,7
440	04.08.2025 06:42:19,000	13,48	6,45	43,8	-11,0	35,2	0	-18,5
441	04.08.2025 06:42:20,000	13,48	6,45	44,8	-10,3	34,9	0	-17,6
442	04.08.2025 06:42:21,000	13,48	6,45	43,6	-11,0	35,4	0	-18,4
443	04.08.2025 06:42:22,000	13,45	6,44	42,5	-10,6	36,9	0	-17,2
444	04.08.2025 06:42:23,000	13,42	6,46	42,3	-11,6	36,1	0	-19,2
445	04.08.2025 06:42:24,000	13,32	6,46	44,7	-11,2	34,1	0	-19,3
446	04.08.2025 06:42:25,000	13,26	6,45	44,9	-10,0	35,1	0	-17,1
447	04.08.2025 06:42:26,000	13,20	6,47	42,4	-8,9	38,8	0	-14,0
448	04.08.2025 06:42:27,000	13,13	6,46	43,0	-8,7	38,3	0	-13,9
449	04.08.2025 06:42:28,000	13,10	6,48	43,1	-8,6	38,3	0	-13,7
450	04.08.2025 06:42:29,000	13,10	6,48	40,8	-13,8	35,4	0	-22,7
451	04.08.2025 06:42:30,000	13,07	6,48	40,8	-14,7	34,4	0	-24,5
452	04.08.2025 06:42:31,000	13,01	6,49	37,3	-20,2	32,5	0	-33,0
453	04.08.2025 06:42:32,000	12,98	6,49	35,6	-19,4	35,0	0	-30,4
454	04.08.2025 06:42:33,000	12,94	6,51	41,3	-12,1	36,6	0	-19,6
455	04.08.2025 06:42:34,000	12,91	6,51	44,0	-11,6	34,4	0	-19,8
456	04.08.2025 06:42:35,000	12,91	6,53	43,9	-11,2	34,9	0	-18,9
457	04.08.2025 06:42:36,000	12,91	6,53	42,3	-12,6	35,1	0	-21,0
458	04.08.2025 06:42:37,000	12,94	6,54	42,7	-11,9	35,4	0	-19,8
459	04.08.2025 06:42:38,000	12,94	6,58	44,3	-11,2	34,4	0	-19,3
460	04.08.2025 06:42:39,000	12,91	6,58	42,1	-12,4	35,5	0	-20,6
461	04.08.2025 06:42:40,000	12,82	6,59	45,4	-11,2	33,4	0	-19,7
462	04.08.2025 06:42:41,000	12,76	6,61	44,1	-11,9	34,0	0	-20,4
463	04.08.2025 06:42:42,000	12,69	6,61	43,2	-10,6	36,2	0	-17,5
464	04.08.2025 06:42:43,000	12,66	6,60	43,0	-10,7	36,4	0	-17,6
465	04.08.2025 06:42:44,000	12,63	6,62	43,5	-12,1	34,4	0	-20,6
466	04.08.2025 06:42:45,000	12,57	6,62	44,0	-11,7	34,4	0	-19,9
467	04.08.2025 06:42:46,000	12,47	6,63	43,7	-11,6	34,7	0	-19,6
468	04.08.2025 06:42:47,000	12,41	6,67	43,4	-11,7	34,9	0	-19,8
469	04.08.2025 06:42:48,000	12,34	6,69	41,6	-13,5	34,9	0	-22,4
470	04.08.2025 06:42:49,000	12,28	6,71	42,2	-12,7	35,1	0	-21,2
471	04.08.2025 06:42:50,000	12,25	6,70	43,0	-12,6	34,4	0	-21,4
472	04.08.2025 06:42:51,000	12,25	6,70	43,1	-12,5	34,3	0	-21,3
473	04.08.2025 06:42:52,000	12,25	6,73	41,7	-12,9	35,4	0	-21,3
474	04.08.2025 06:42:53,000	12,25	6,73	41,8	-13,1	35,1	0	-21,7
475	04.08.2025 06:42:54,000	12,25	6,75	42,1	-13,1	34,8	0	-22,0
476	04.08.2025 06:42:55,000	12,22	6,75	42,9	-8,5	38,6	0	-13,4
477	04.08.2025 06:42:56,000	12,18	6,77	39,9	-10,6	39,5	0	-16,5
478	04.08.2025 06:42:57,000	12,15	6,79	41,7	-12,6	35,7	0	-20,8
479	04.08.2025 06:42:58,000	12,12	6,81	43,1	-12,0	34,9	0	-20,2
480	04.08.2025 06:42:59,000	12,09	6,83	41,0	-11,5	37,5	0	-18,4
481	04.08.2025 06:43:00,000	12,09	6,83	38,7	-13,7	37,6	0	-21,5
482	04.08.2025 06:43:01,000	12,06	6,82	39,8	-12,8	37,4	0	-20,3
483	04.08.2025 06:43:02,000	12,03	6,84	39,8	-12,4	37,8	0	-19,5
484	04.08.2025 06:43:03,000	12,06	6,87	42,2	-9,7	38,1	0	-15,6
485	04.08.2025 06:43:04,000	11,96	6,89	40,5	-13,4	36,1	0	-21,8
486	04.08.2025 06:43:05,000	11,93	6,91	41,9	-13,1	35,0	0	-21,9
487	04.08.2025 06:43:06,000	11,93	6,91	40,6	-15,4	34,0	0	-25,7
488	04.08.2025 06:43:07,000	11,93	6,91	40,2	-12,2	37,6	0	-19,4
489	04.08.2025 06:43:08,000	11,90	6,95	40,6	-13,7	35,7	0	-22,4
490	04.08.2025 06:43:09,000	11,83	6,97	39,0	-18,0	33,0	0	-29,9
491	04.08.2025 06:43:10,000	11,77	6,98	40,2	-13,4	36,4	0	-21,6
492	04.08.2025 06:43:11,000	11,77	7,01	40,5	-11,2	38,3	0	-17,7
493	04.08.2025 06:43:12,000	11,74	7,03	37,2	-17,0	35,8	0	-26,9
494	04.08.2025 06:43:13,000	11,74	7,05	41,4	-15,4	33,3	0	-26,1
495	04.08.2025 06:43:14,000	11,74	7,05	39,1	-12,7	38,2	0	-19,9
496	04.08.2025 06:43:15,000	11,74	7,08	38,7	-12,7	38,5	0	-19,8
497	04.08.2025 06:43:16,000	11,74	7,10	40,7	-12,9	36,3	0	-21,0
498	04.08.2025 06:43:17,000	11,71	7,10	39,5	-17,2	33,3	0	-28,6
499	04.08.2025 06:43:18,000	11,71	7,12	42,4	-13,7	33,8	0	-23,4
500	04.08.2025 06:43:19,000	11,74	7,12	39,9	-18,0	32,1	0	-30,5
501	04.08.2025 06:43:20,000	11,74	7,15	41,4	-12,7	35,9	0	-20,8
502	04.08.2025 06:43:21,000	11,74	7,17	39,7	-12,5	37,9	0	-19,7
503	04.08.2025 06:43:22,000	11,74	7,19	40,6	-16,5	32,9	0	-27,8
504	04.08.2025 06:43:23,000	11,67	7,23	38,2	-15,9	35,8	0	-25,5
505	04.08.2025 06:43:24,000	11,58	7,22	38,9	-13,1	38,0	0	-20,5
506	04.08.2025 06:43:25,000	11,58	7,25	40,1	-14,0	35,9	0	-22,8
507	04.08.2025 06:43:26,000	11,51	7,29	38,9	-17,1	34,0	0	-28,0
508	04.08.2025 06:43:27,000	11,45	7,28	40,3	-11,6	38,2	0	-18,2
509	04.08.2025 06:43:28,000	11,42	7,33	38,3	-15,8	35,9	0	-25,3
510	04.08.2025 06:43:29,000	11,35	7,37	38,2	-16,4	35,3	0	-26,4
511	04.08.2025 06:43:30,000	11,09	7,43	40,7	-12,0	37,3	0	-19,2
512	04.08.2025 06:43:31,000	10,96	7,45	36,0	-17,7	36,3	0	-27,5
513	04.08.2025 06:43:32,000	10,93	7,44	41,3	-12,8	35,9	0	-21,0
514	04.08.2025 06:43:33,000	10,93	7,47	37,6	-18,9	33,4	0	-30,8
515	04.08.2025 06:43:34,000	10,93	7,49	37,4	-13,2	39,3	0	-20,2
516	04.08.2025 06:43:35,000	10,87	7,51	36,3	-13,6	40,1	0	-20,5
517	04.08.2025 06:43:36,000	10,80	7,52	37,9	-16,9	35,2	0	-27,1
518	04.08.2025 06:43:37,000	10,83	7,53	35,1	-18,4	36,5	0	-28,4
519	04.08.2025 06:43:38,000	10,74	7,54	38,0	-8,7	43,2	0	-12,7
520	04.08.2025 06:43:39,000	10,67	7,58	32,5	-19,5	38,0	0	-29,0
521	04.08.2025 06:43:40,000	10,64	7,60	41,6	-11,1	37,3	0	-17,8
522	04.08.2025 06:43:41,000	10,61	7,60	37,4	-15,0	37,6	0	-23,3
523	04.08.2025 06:43:42,000	10,61	7,64	37,6	-12,5	39,9	0	-18,9
524	04.08.2025 06:43:43,000	10,61	7,64	35,3	-17,3	37,4	0	-26,4
525	04.08.2025 06:43:44,000	10,61	7,67	38,7	-13,0	38,3	0	-20,3
526	04.08.2025 06:43:45,000	10,51	7,71	37,4	-16,1	36,5	0	-25,4
527	04.08.2025 06:43:46,000	10,38	7,74	36,3	-16,7	37,0	0	-26,0
528	04.08.2025 06:43:47,000	10,31	7,76	37,2	-13,0	39,9	0	-19,6
529	04.08.2025 06:43:48,000	10,28	7,78	33,6	-20,1	36,3	0	-30,5
530	04.08.2025 06:43:49,000	10,25	7,80	37,8	-17,0	35,1	0	-27,3
531	04.08.2025 06:43:50,000	10,25	7,82	36,4	-17,0	36,6	0	-26,5
532	04.08.2025 06:43:51,000	10,21	7,84	36,1	-15,3	38,6	0	-23,4
533	04.08.2025 06:43:52,000	10,21	7,84	34,7	-14,6	40,6	0	-21,6
534	04.08.2025 06:43:53,000	10,15	7,90	37,9	-14,2	37,9	0	-22,1
535	04.08.2025 06:43:54,000	9,95	7,93	36,1	-17,3	36,6	0	-26,9
536	04.08.2025 06:43:55,000	9,85	7,95	31,8	-19,5	38,7	0	-28,6
537	04.08.2025 06:43:56,000	9,72	7,96	37,3	-11,7	40,9	0	-17,6
538	04.08.2025 06:43:57,000	9,69	8,00	34,8	-17,0	38,2	0	-25,7
539	04.08.2025 06:43:58,000	9,65	8,02	37,6	-13,2	39,1	0	-20,3
540	04.08.2025 06:43:59,000	9,59	8,04	34,4	-16,3	39,3	0	-24,3
541	04.08.2025 06:44:00,000	9,52	8,08	32,5	-16,8	40,7	0	-24,4
542	04.08.2025 06:44:01,000	9,52	8,08	37,1	-11,2	41,6	0	-16,7
543	04.08.2025 06:44:02,000	9,52	8,10	35,8	-16,0	38,2	0	-24,4
544	04.08.2025 06:44:03,000	9,52	8,12	34,4	-15,0	40,6	0	-22,1
545	04.08.2025 06:44:04,000	9,55	8,17	34,5	-14,1	41,4	0	-20,6
546	04.08.2025 06:44:05,000	9,52	8,15	33,2	-13,9	42,9	0	-19,8
547	04.08.2025 06:44:06,000	9,52	8,17	35,6	-13,9	40,6	0	-20,6
548	04.08.2025 06:44:07,000	9,52	8,22	32,8	-15,8	41,3	0	-22,9
549	04.08.2025 06:44:08,000	9,39	8,23	33,1	-13,5	43,3	0	-19,2
550	04.08.2025 06:44:09,000	9,35	8,22	25,6	-22,6	41,7	0	-30,6
551	04.08.2025 06:44:10,000	9,29	8,31	36,3	-9,5	44,2	0	-13,6
552	04.08.2025 06:44:11,000	9,19	8,33	26,2	-24,1	39,8	0	-33,0
553	04.08.2025 06:44:12,000	9,12	8,39	33,4	-15,6	41,0	0	-22,8
554	04.08.2025 06:44:13,000	9,02	8,40	32,4	-25,4	32,3	0	-38,9
555	04.08.2025 06:44:14,000	8,85	8,43	26,7	-17,7	45,6	0	-23,7
556	04.08.2025 06:44:15,000	8,62	8,41	29,6	-15,1	45,3	0	-20,6
557	04.08.2025 06:44:16,000	8,48	8,42	29,9	-16,1	44,0	0	-22,3
558	04.08.2025 06:44:17,000	8,34	8,45	33,1	-12,8	44,0	0	-18,1
559	04.08.2025 06:44:18,000	8,28	8,49	36,9	-7,8	45,3	0	-11,0
560	04.08.2025 06:44:19,000	8,11	8,50	34,6	-9,7	45,7	0	-13,5
561	04.08.2025 06:44:20,000	7,97	8,48	34,1	-11,5	44,4	0	-16,2
562	04.08.2025 06:44:21,000	7,93	8,50	38,0	-13,1	38,9	0	-20,3
563	04.08.2025 06:44:22,000	7,90	8,57	41,2	-11,8	37,0	0	-19,0
564	04.08.2025 06:44:23,000	7,87	8,57	39,6	-9,3	41,1	0	-14,1
565	04.08.2025 06:44:24,000	7,80	8,56	37,3	-10,4	42,3	0	-15,2
566	04.08.2025 06:44:25,000	7,73	8,58	43,3	-15,1	31,6	0	-26,6
567	04.08.2025 06:44:26,000	7,66	8,59	45,6	-13,2	31,2	0	-24,0
568	04.08.2025 06:44:27,000	7,59	8,59	41,8	-11,5	36,7	0	-18,8
569	04.08.2025 06:44:28,000	7,59	8,61	41,3	-13,9	34,8	0	-23,1
570	04.08.2025 06:44:29,000	7,59	8,63	47,0	-14,6	28,4	0	-28,2
571	04.08.2025 06:44:30,000	7,59	8,68	48,4	-13,8	27,8	0	-27,3
572	04.08.2025 06:44:31,000	7,56	8,68	45,6	-15,1	29,3	0	-28,2
573	04.08.2025 06:44:32,000	7,56	8,68	45,4	-14,6	30,0	0	-27,0
574	04.08.2025 06:44:33,000	7,52	8,70	48,2	-14,3	27,5	0	-28,3
575	04.08.2025 06:44:34,000	7,49	8,72	50,6	-14,2	25,2	0	-30,1
576	04.08.2025 06:44:35,000	7,49	8,74	48,0	-14,8	27,2	0	-29,4
577	04.08.2025 06:44:36,000	7,45	8,76	46,7	-15,9	27,4	0	-30,9
578	04.08.2025 06:44:37,000	7,45	8,76	49,1	-15,6	25,3	0	-32,4
579	04.08.2025 06:44:38,000	7,49	8,81	51,4	-14,2	24,4	0	-30,9
580	04.08.2025 06:44:39,000	7,49	8,83	48,5	-15,3	26,2	0	-31,0
581	04.08.2025 06:44:40,000	7,52	8,84	47,9	-16,3	25,8	0	-33,0
582	04.08.2025 06:44:41,000	7,52	8,86	53,4	-12,5	24,1	0	-28,0
583	04.08.2025 06:44:42,000	7,52	8,89	49,6	-13,9	26,6	0	-28,3
584	04.08.2025 06:44:43,000	7,45	8,93	47,1	-15,7	27,2	0	-30,9
585	04.08.2025 06:44:44,000	7,45	8,93	57,4	-12,5	20,1	0	-32,3
586	04.08.2025 06:44:45,000	7,45	8,97	57,3	-12,3	20,5	0	-31,3
587	04.08.2025 06:44:46,000	7,49	9,00	48,5	-14,8	26,8	0	-29,7
588	04.08.2025 06:44:47,000	7,52	9,00	50,6	-15,4	24,0	0	-33,4
589	04.08.2025 06:44:48,000	7,56	9,05	57,7	-12,3	20,0	0	-32,0
590	04.08.2025 06:44:49,000	7,56	9,08	54,5	-13,0	22,4	0	-30,7
591	04.08.2025 06:44:50,000	7,49	9,09	52,0	-14,5	23,5	0	-32,1
592	04.08.2025 06:44:51,000	7,45	9,11	45,0	-16,2	28,8	0	-30,2
593	04.08.2025 06:44:52,000	7,45	9,16	18,8	-26,1	45,2	0	-32,4
594	04.08.2025 06:44:53,000	7,35	9,15	1,5	-34,6	53,9	0	-35,2
595	04.08.2025 06:44:54,000	7,28	9,14	-2,5	-34,6	52,9	0	-35,6
596	04.08.2025 06:44:55,000	7,25	9,14	-7,3	-26,7	55,9	0	-29,0
597	04.08.2025 06:44:56,000	7,25	9,14	1,1	-25,3	63,6	0	-25,6
598	04.08.2025 06:44:57,000	7,21	9,16	-5,4	-23,4	61,2	0	-24,8
599	04.08.2025 06:44:58,000	7,14	9,18	-0,1	-28,2	61,7	0	-28,2
600	04.08.2025 06:44:59,000	7,07	9,17	-5,5	-27,0	57,4	0	-28,7
601	04.08.2025 06:45:00,000	7,04	9,17	-2,2	-26,1	61,8	0	-26,7
602	04.08.2025 06:45:01,000	7,00	9,16	-1,1	-34,5	54,4	0	-34,9
603	04.08.2025 06:45:02,000	6,97	9,16	-6,6	-24,5	58,9	0	-26,3
604	04.08.2025 06:45:03,000	6,93	9,15	1,2	-27,6	61,2	0	-28,0
605	04.08.2025 06:45:04,000	6,90	9,15	-15,8	-20,6	53,6	1	-24,3
606	04.08.2025 06:45:05,000	6,90	9,17	-4,9	-22,2	63,0	0	-23,4
607	04.08.2025 06:45:06,000	6,86	9,17	-0,8	-32,4	56,8	0	-32,7
608	04.08.2025 06:45:07,000	6,86	9,15	-1,6	-23,3	65,1	0	-23,7
609	04.08.2025 06:45:08,000	6,83	9,12	-10,3	-16,5	63,2	0	-18,3
610	04.08.2025 06:45:09,000	6,83	9,12	-1,3	-23,2	65,5	0	-23,5
611	04.08.2025 06:45:10,000	6,79	9,12	-6,4	-24,7	58,8	0	-26,5
612	04.08.2025 06:45:11,000	6,76	9,14	-3,7	-24,2	62,1	0	-25,2
613	04.08.2025 06:45:12,000	6,76	9,11	-4,6	-26,5	58,9	0	-27,9
614	04.08.2025 06:45:13,000	6,76	9,11	-8,4	-28,2	53,4	0	-30,9
615	04.08.2025 06:45:14,000	6,72	9,11	-9,4	-20,4	60,2	0	-22,6
616	04.08.2025 06:45:15,000	6,72	9,11	-3,7	-31,7	54,6	0	-33,1
617	04.08.2025 06:45:16,000	6,69	9,11	-2,0	-26,8	61,2	0	-27,4
618	04.08.2025 06:45:17,000	6,69	9,11	-2,4	-32,2	55,4	0	-33,1
619	04.08.2025 06:45:18,000	6,62	9,12	-6,0	-23,5	60,6	0	-25,1
620	04.08.2025 06:45:19,000	6,58	9,14	-5,2	-26,6	58,3	0	-28,1
621	04.08.2025 06:45:20,000	6,58	9,12	-2,6	-26,8	60,6	0	-27,6
622	04.08.2025 06:45:21,000	6,55	9,11	-7,8	-25,1	57,2	0	-27,3
623	04.08.2025 06:45:22,000	6,55	9,11	-2,4	-28,6	59,1	0	-29,3
624	04.08.2025 06:45:23,000	6,55	9,11	-5,3	-27,0	57,7	0	-28,6
625	04.08.2025 06:45:24,000	6,51	9,11	-9,7	-27,5	52,8	0	-30,7
626	04.08.2025 06:45:25,000	6,51	9,11	-7,5	-25,8	56,7	0	-28,0
627	04.08.2025 06:45:26,000	6,48	9,08	-12,8	-23,0	54,2	0	-26,5
628	04.08.2025 06:45:27,000	6,44	9,10	-4,4	-26,6	59,0	0	-28,0
629	04.08.2025 06:45:28,000	6,44	9,13	-9,3	-21,6	59,1	0	-23,8
630	04.08.2025 06:45:29,000	6,41	9,10	-7,0	-27,9	55,1	0	-30,1
631	04.08.2025 06:45:30,000	6,41	9,10	-12,9	-22,2	54,8	0	-25,5
632	04.08.2025 06:45:31,000	6,41	9,10	-4,4	-22,7	62,9	0	-23,8
633	04.08.2025 06:45:32,000	6,37	9,10	-0,2	-24,9	64,9	0	-25,0
634	04.08.2025 06:45:33,000	6,37	9,07	-2,3	-21,7	66,0	0	-22,3
635	04.08.2025 06:45:34,000	6,37	9,10	-6,7	-23,9	59,4	0	-25,7
636	04.08.2025 06:45:35,000	6,37	9,10	-0,1	-31,6	58,4	0	-31,6
637	04.08.2025 06:45:36,000	6,37	9,07	3,8	-27,6	58,6	0	-28,8
638	04.08.2025 06:45:37,000	6,37	9,07	-11,7	-21,4	56,9	0	-24,2
639	04.08.2025 06:45:38,000	6,37	9,07	-12,6	-24,5	52,9	0	-28,2
640	04.08.2025 06:45:39,000	6,37	9,07	-6,1	-26,3	57,6	0	-28,1
641	04.08.2025 06:45:40,000	6,37	9,07	-10,1	-23,6	56,4	0	-26,3
642	04.08.2025 06:45:41,000	6,37	9,07	-7,3	-20,9	61,8	0	-22,6
643	04.08.2025 06:45:42,000	6,37	9,07	-12,2	-24,1	53,7	0	-27,6
644	04.08.2025 06:45:43,000	6,34	9,07	-9,3	-23,8	56,9	0	-26,4
645	04.08.2025 06:45:44,000	6,34	9,07	-6,3	-23,4	60,4	0	-25,0
646	04.08.2025 06:45:45,000	6,34	9,07	0,2	-28,3	61,5	0	-28,4
647	04.08.2025 06:45:46,000	6,30	9,04	-4,2	-25,1	60,7	0	-26,3
648	04.08.2025 06:45:47,000	6,30	9,07	-4,7	-25,4	59,9	0	-26,8
649	04.08.2025 06:45:48,000	6,30	9,07	-3,0	-25,3	61,6	0	-26,2
650	04.08.2025 06:45:49,000	6,30	9,07	-4,7	-25,6	59,8	0	-26,9
651	04.08.2025 06:45:50,000	6,30	9,07	-3,2	-23,7	63,1	0	-24,6
652	04.08.2025 06:45:51,000	6,30	9,07	-5,5	-24,8	59,7	0	-26,3
653	04.08.2025 06:45:52,000	6,30	9,07	-0,9	-26,2	62,9	0	-26,5
654	04.08.2025 06:45:53,000	6,30	9,04	-11,1	-20,3	58,5	0	-22,8
655	04.08.2025 06:45:54,000	6,30	9,07	-5,0	-27,1	57,9	0	-28,6
656	04.08.2025 06:45:55,000	6,27	9,04	0,3	-27,0	62,7	0	-27,1
657	04.08.2025 06:45:56,000	6,27	9,04	-5,4	-27,2	57,4	0	-28,9
658	04.08.2025 06:45:57,000	6,27	9,04	-9,1	-15,8	65,2	0	-17,3
659	04.08.2025 06:45:58,000	6,27	9,04	-4,5	-24,8	60,7	0	-26,1
660	04.08.2025 06:45:59,000	6,27	9,04	-7,6	-21,2	61,2	0	-23,0
661	04.08.2025 06:46:00,000	6,27	9,06	0,7	-23,7	65,6	0	-23,9
662	04.08.2025 06:46:01,000	6,27	9,06	-9,3	-22,8	58,0	0	-25,2
663	04.08.2025 06:46:02,000	6,23	9,03	8,4	-28,8	52,9	0	-31,6
664	04.08.2025 06:46:03,000	6,19	9,03	1,4	-17,7	70,9	0	-18,0
665	04.08.2025 06:46:04,000	6,19	9,05	-6,0	-26,2	57,7	0	-28,0
666	04.08.2025 06:46:05,000	6,19	9,05	2,3	-27,2	60,4	0	-28,0
667	04.08.2025 06:46:06,000	6,16	9,05	-5,3	-24,3	60,4	0	-25,7
668	04.08.2025 06:46:07,000	6,16	9,05	-8,5	-26,8	54,7	0	-29,4
669	04.08.2025 06:46:08,000	6,16	9,05	-6,9	-21,9	61,1	0	-23,6
670	04.08.2025 06:46:09,000	6,12	9,05	4,5	-29,9	55,7	0	-31,4
671	04.08.2025 06:46:10,000	6,12	9,05	-5,2	-28,5	56,3	0	-30,2
672	04.08.2025 06:46:11,000	6,12	9,02	-4,9	-23,4	61,7	0	-24,7
673	04.08.2025 06:46:12,000	6,12	9,05	-5,7	-22,7	61,6	0	-24,1
674	04.08.2025 06:46:13,000	6,09	9,02	-1,5	-29,4	59,1	0	-29,9
675	04.08.2025 06:46:14,000	6,09	9,04	-6,7	-20,9	62,4	0	-22,4
676	04.08.2025 06:46:15,000	6,09	9,02	-3,0	-22,2	64,8	0	-22,9
677	04.08.2025 06:46:16,000	6,09	9,04	-10,6	-25,8	53,6	0	-29,1
678	04.08.2025 06:46:17,000	6,09	9,04	-4,9	-25,9	59,2	0	-27,3
679	04.08.2025 06:46:18,000	6,05	9,04	-2,6	-27,5	59,8	0	-28,3
680	04.08.2025 06:46:19,000	6,05	9,02	-8,7	-23,5	57,8	0	-25,8
681	04.08.2025 06:46:20,000	6,05	9,04	-5,3	-26,6	58,1	0	-28,2
682	04.08.2025 06:46:21,000	6,05	9,02	5,9	-22,5	61,5	0	-24,0
683	04.08.2025 06:46:22,000	6,02	9,04	-4,9	-20,9	64,2	0	-22,0
684	04.08.2025 06:46:23,000	6,02	9,04	-6,2	-22,4	61,4	0	-23,9
685	04.08.2025 06:46:24,000	6,02	9,04	-1,6	-23,3	65,1	0	-23,7
686	04.08.2025 06:46:25,000	5,98	9,03	-7,3	-24,5	58,2	0	-26,5
687	04.08.2025 06:46:26,000	5,98	9,03	-4,0	-24,4	61,6	0	-25,5
688	04.08.2025 06:46:27,000	5,95	9,03	-1,8	-27,9	60,3	0	-28,5
689	04.08.2025 06:46:28,000	5,95	9,03	7,6	-25,0	57,4	0	-27,2
690	04.08.2025 06:46:29,000	5,95	9,03	-7,0	-22,6	60,4	0	-24,4
691	04.08.2025 06:46:30,000	5,91	9,03	-4,6	-26,3	59,2	0	-27,6
692	04.08.2025 06:46:31,000	5,91	9,03	-6,4	-23,0	60,6	0	-24,7
693	04.08.2025 06:46:32,000	5,87	9,02	-10,5	-18,8	60,7	0	-21,0
694	04.08.2025 06:46:33,000	5,87	9,04	-7,8	-25,9	56,3	0	-28,2
695	04.08.2025 06:46:34,000	5,84	9,02	-9,2	-31,9	48,9	0	-35,5
696	04.08.2025 06:46:35,000	5,80	9,04	-8,3	-26,9	54,8	1	-29,5
697	04.08.2025 06:46:36,000	5,80	9,04	-4,4	-30,2	55,4	1	-31,7
698	04.08.2025 06:46:37,000	5,77	9,01	9,7	-17,7	62,6	1	-19,6
699	04.08.2025 06:46:38,000	5,77	9,01	-8,1	-27,0	54,9	0	-29,6
700	04.08.2025 06:46:39,000	5,73	9,03	6,0	-23,5	60,5	1	-25,0
701	04.08.2025 06:46:40,000	5,73	9,01	-1,5	-25,9	62,5	1	-26,4
702	04.08.2025 06:46:41,000	5,70	9,03	10,5	-26,9	52,7	0	-30,2
703	04.08.2025 06:46:42,000	5,66	9,02	-11,0	-23,1	55,9	0	-26,0
704	04.08.2025 06:46:43,000	5,66	9,02	-5,1	-22,8	62,1	0	-24,1
705	04.08.2025 06:46:44,000	5,66	9,02	1,7	-34,2	54,0	1	-34,9
706	04.08.2025 06:46:45,000	5,62	9,02	-10,0	-26,1	53,9	0	-29,2
707	04.08.2025 06:46:46,000	5,62	9,00	-0,5	-21,6	67,9	0	-21,7
708	04.08.2025 06:46:47,000	5,62	9,00	2,6	-29,4	58,0	1	-30,3
709	04.08.2025 06:46:48,000	5,59	9,02	1,5	-31,0	57,5	0	-31,5
710	04.08.2025 06:46:49,000	5,59	9,02	3,8	-23,3	62,9	0	-24,3
711	04.08.2025 06:46:50,000	5,59	8,99	0,2	-29,9	59,9	1	-30,0
712	04.08.2025 06:46:51,000	5,59	8,99	-9,5	-9,6	70,9	1	-10,4
713	04.08.2025 06:46:52,000	5,55	9,01	0,2	-9,7	80,1	0	-9,7
714	04.08.2025 06:46:53,000	5,52	8,98	6,1	-4,7	79,2	0	-4,9
715	04.08.2025 06:46:54,000	5,52	9,01	2,3	-14,0	73,8	0	-14,3
716	04.08.2025 06:46:55,000	5,48	9,00	2,0	-3,7	84,2	0	-3,8
717	04.08.2025 06:46:56,000	5,48	9,00	-3,1	-10,0	76,9	1	-10,4
718	04.08.2025 06:46:57,000	5,48	9,00	4,6	0,9	84,4	1	0,9
719	04.08.2025 06:46:58,000	5,48	8,98	8,2	-1,1	80,6	0	-1,2
720	04.08.2025 06:46:59,000	5,48	8,96	6,1	-6,3	77,6	1	-6,6
721	04.08.2025 06:47:00,000	5,48	9,00	3,6	-7,9	78,5	0	-8,2
722	04.08.2025 06:47:01,000	5,48	8,98	-0,2	-10,3	79,5	0	-10,4
723	04.08.2025 06:47:02,000	5,48	9,00	-3,8	-6,7	79,5	0	-7,0
724	04.08.2025 06:47:03,000	5,48	9,00	8,2	-7,7	74,1	0	-8,2
725	04.08.2025 06:47:04,000	5,44	8,98	0,6	0,2	89,2	0	0,2
726	04.08.2025 06:47:05,000	5,44	8,98	2,3	-2,8	84,9	0	-2,8
727	04.08.2025 06:47:06,000	5,44	8,98	-2,6	-10,5	77,0	1	-10,8
728	04.08.2025 06:47:07,000	5,44	9,00	1,8	-17,6	70,7	0	-17,9
729	04.08.2025 06:47:08,000	5,44	9,00	-1,2	-22,7	66,0	0	-23,0
730	04.08.2025 06:47:09,000	5,44	8,98	-5,7	-22,8	61,4	0	-24,3
731	04.08.2025 06:47:10,000	5,41	8,97	3,0	-20,0	67,0	1	-20,7
732	04.08.2025 06:47:11,000	5,41	8,97	6,0	-17,9	66,1	0	-19,1
733	04.08.2025 06:47:12,000	5,41	8,97	-5,1	-24,0	60,9	1	-25,4
734	04.08.2025 06:47:13,000	5,37	8,97	-0,1	-21,3	68,5	0	-21,4
735	04.08.2025 06:47:14,000	5,37	8,97	-6,8	-24,0	59,2	0	-25,9
736	04.08.2025 06:47:15,000	5,34	8,99	0,3	-16,0	73,8	0	-16,0
737	04.08.2025 06:47:16,000	5,34	8,97	-5,3	-27,9	56,8	0	-29,6
738	04.08.2025 06:47:17,000	5,34	8,97	-10,0	-22,7	57,3	0	-25,3
739	04.08.2025 06:47:18,000	5,30	8,96	-2,2	-24,4	63,4	0	-25,0
740	04.08.2025 06:47:19,000	5,30	8,96	-9,2	-22,9	57,9	1	-25,3
741	04.08.2025 06:47:20,000	5,30	8,99	-2,3	-29,2	58,6	0	-29,9
742	04.08.2025 06:47:21,000	5,30	8,96	4,8	-15,8	69,4	0	-16,6
743	04.08.2025 06:47:22,000	5,30	8,96	0,3	-27,6	62,1	0	-27,7
744	04.08.2025 06:47:23,000	5,30	8,94	4,8	-20,0	65,2	1	-21,0
745	04.08.2025 06:47:24,000	5,30	8,96	-5,4	-27,1	57,5	0	-28,8
746	04.08.2025 06:47:25,000	5,26	8,98	2,3	-24,1	63,6	0	-24,8
747	04.08.2025 06:47:26,000	5,26	8,96	-3,9	-11,4	74,7	0	-11,8
748	04.08.2025 06:47:27,000	5,26	8,96	-8,3	-23,3	58,4	1	-25,5
749	04.08.2025 06:47:28,000	5,26	8,93	1,9	-28,3	59,8	0	-28,9
750	04.08.2025 06:47:29,000	5,26	8,93	-9,4	-17,2	63,4	0	-19,0
751	04.08.2025 06:47:30,000	5,23	8,93	-4,3	-29,9	55,8	0	-31,4
752	04.08.2025 06:47:31,000	5,23	8,93	8,0	-30,6	51,3	0	-33,5
753	04.08.2025 06:47:32,000	5,23	8,93	-9,5	-29,5	51,0	0	-32,8
754	04.08.2025 06:47:33,000	5,23	8,93	-4,9	-23,7	61,3	0	-25,0
755	04.08.2025 06:47:34,000	5,19	8,95	5,6	-31,7	52,7	1	-33,8
756	04.08.2025 06:47:35,000	5,19	8,93	6,2	-39,2	44,7	1	-42,0
757	04.08.2025 06:47:36,000	5,16	8,92	7,6	-29,7	52,7	0	-32,3
758	04.08.2025 06:47:37,000	5,16	8,95	-2,1	-35,2	52,7	0	-36,0
759	04.08.2025 06:47:38,000	5,16	8,92	4,2	-28,2	57,7	1	-29,5
760	04.08.2025 06:47:39,000	5,16	8,92	6,7	-31,9	51,4	1	-34,4
761	04.08.2025 06:47:40,000	5,16	8,88	11,2	-41,5	37,2	1	-47,5
762	04.08.2025 06:47:41,000	5,16	8,90	14,5	15,0	60,5	0	17,2
763	04.08.2025 06:47:42,000	5,08	8,89	18,5	-25,2	46,3	1	-31,1
764	04.08.2025 06:47:43,000	5,05	8,89	2,1	-49,1	38,8	1	-50,3
765	04.08.2025 06:47:44,000	5,01	8,88	11,1	-48,8	30,1	0	-55,8
766	04.08.2025 06:47:45,000	4,97	8,88	4,5	-40,4	45,1	1	-42,6
767	04.08.2025 06:47:46,000	4,94	8,90	4,0	-19,2	66,7	1	-20,1
768	04.08.2025 06:47:47,000	4,90	8,87	-4,9	-18,7	66,4	0	-19,7
769	04.08.2025 06:47:48,000	4,90	8,90	24,3	2,8	62,9	1	3,2
770	04.08.2025 06:47:49,000	4,90	8,87	2,4	-17,2	70,4	0	-17,6
771	04.08.2025 06:47:50,000	4,90	8,87	-0,5	-16,7	72,8	0	-16,8
772	04.08.2025 06:47:51,000	4,87	8,87	6,5	-21,8	61,8	0	-23,3
773	04.08.2025 06:47:52,000	4,87	8,92	-3,6	-22,1	64,3	1	-23,0
774	04.08.2025 06:47:53,000	4,87	8,89	-11,6	-34,3	44,1	1	-39,3
775	04.08.2025 06:47:54,000	4,87	8,89	-2,1	-33,2	54,7	0	-34,0
776	04.08.2025 06:47:55,000	4,87	8,82	14,9	-8,1	67,0	1	-9,0
777	04.08.2025 06:47:56,000	4,87	8,87	0,7	-28,7	60,6	1	-28,9
778	04.08.2025 06:47:57,000	4,83	8,89	-6,6	-29,7	53,7	1	-31,9
779	04.08.2025 06:47:58,000	4,83	8,89	2,6	-13,1	74,3	1	-13,5
780	04.08.2025 06:47:59,000	4,79	8,88	-4,2	-21,6	64,2	1	-22,6
781	04.08.2025 06:48:00,000	4,79	8,84	-3,8	-30,2	56,0	1	-31,5
782	04.08.2025 06:48:01,000	4,79	8,84	-7,5	-26,3	56,2	0	-28,6
783	04.08.2025 06:48:02,000	4,79	8,86	-7,0	-25,5	57,5	0	-27,5
784	04.08.2025 06:48:03,000	4,76	8,86	-5,8	-24,0	60,2	0	-25,6
785	04.08.2025 06:48:04,000	4,76	8,86	-6,1	-25,4	58,6	0	-27,1
786	04.08.2025 06:48:05,000	4,76	8,83	-3,0	-1,6	85,5	0	-1,6
787	04.08.2025 06:48:06,000	4,76	8,86	4,8	-20,9	64,3	0	-22,0
788	04.08.2025 06:48:07,000	4,76	8,86	-7,6	-30,0	52,4	1	-32,7
789	04.08.2025 06:48:08,000	4,76	8,86	19,0	-17,1	53,9	1	-20,7
790	04.08.2025 06:48:09,000	4,72	8,85	14,3	-12,9	62,8	0	-14,7
791	04.08.2025 06:48:10,000	4,72	8,83	0,8	-45,3	44,0	1	-45,7
792	04.08.2025 06:48:11,000	4,72	8,85	-0,7	-43,6	45,7	0	-44,0
793	04.08.2025 06:48:12,000	4,68	8,85	3,7	-28,9	57,4	0	-30,1
794	04.08.2025 06:48:13,000	4,68	8,85	2,5	-24,6	63,0	1	-25,3
795	04.08.2025 06:48:14,000	4,68	8,85	2,6	-28,9	58,6	1	-29,7
796	04.08.2025 06:48:15,000	4,68	8,87	3,9	-26,5	59,6	0	-27,7
797	04.08.2025 06:48:16,000	4,68	8,83	-17,5	-25,9	46,6	0	-31,6
798	04.08.2025 06:48:17,000	4,68	8,83	1,2	-19,0	69,8	0	-19,3
799	04.08.2025 06:48:18,000	4,65	8,82	-8,6	-25,2	56,2	1	-27,7
800	04.08.2025 06:48:19,000	4,65	8,82	4,6	-33,3	52,1	1	-35,1
801	04.08.2025 06:48:20,000	4,65	8,82	-1,5	-11,3	77,2	0	-11,5
802	04.08.2025 06:48:21,000	4,61	8,84	-1,6	-27,5	60,9	0	-28,0
803	04.08.2025 06:48:22,000	4,61	8,84	-3,9	-20,7	65,4	0	-21,6
804	04.08.2025 06:48:23,000	4,61	8,84	3,5	-22,5	63,9	1	-23,4
805	04.08.2025 06:48:24,000	4,61	8,84	0,3	-20,1	69,6	1	-20,1
806	04.08.2025 06:48:25,000	4,61	8,80	-18,3	-4,8	67,0	1	-5,3
807	04.08.2025 06:48:26,000	4,57	8,81	-1,5	-21,4	67,1	1	-21,8
808	04.08.2025 06:48:27,000	4,57	8,84	1,7	-28,0	60,3	0	-28,6
809	04.08.2025 06:48:28,000	4,54	8,83	-1,9	-21,7	66,5	0	-22,1
810	04.08.2025 06:48:29,000	4,54	8,83	4,6	-27,4	58,0	0	-28,9
811	04.08.2025 06:48:30,000	4,54	8,81	13,9	-18,9	57,2	1	-21,8
812	04.08.2025 06:48:31,000	4,54	8,83	12,1	-27,8	50,1	0	-31,9
813	04.08.2025 06:48:32,000	4,54	8,81	3,4	-23,8	62,8	1	-24,7
814	04.08.2025 06:48:33,000	4,54	8,83	3,7	-29,3	57,0	1	-30,5
815	04.08.2025 06:48:34,000	4,54	8,79	-19,4	-15,5	55,1	0	-18,8
816	04.08.2025 06:48:35,000	4,50	8,83	-11,2	-4,9	73,9	1	-5,2
817	04.08.2025 06:48:36,000	4,50	8,83	-5,9	-22,4	61,7	0	-23,9
818	04.08.2025 06:48:37,000	4,50	8,83	-8,2	-32,4	49,4	0	-35,5
819	04.08.2025 06:48:38,000	4,50	8,83	-3,8	-23,4	62,8	0	-24,4
820	04.08.2025 06:48:39,000	4,50	8,83	-0,1	-23,0	66,9	0	-23,0
821	04.08.2025 06:48:40,000	4,46	8,83	5,6	-26,5	57,9	0	-28,2
822	04.08.2025 06:48:41,000	4,46	8,83	1,0	-36,4	52,6	0	-36,8
823	04.08.2025 06:48:42,000	4,46	8,80	-7,7	-23,5	58,8	0	-25,6
824	04.08.2025 06:48:43,000	4,46	8,80	-5,5	-31,0	53,5	0	-32,9
825	04.08.2025 06:48:44,000	4,46	8,80	-5,1	-21,8	63,1	0	-23,0
826	04.08.2025 06:48:45,000	4,46	8,80	16,6	-16,2	57,2	1	-19,1
827	04.08.2025 06:48:46,000	4,43	8,80	-3,7	-26,6	59,8	0	-27,6
828	04.08.2025 06:48:47,000	4,43	8,82	-0,6	-20,2	69,1	1	-20,4
829	04.08.2025 06:48:48,000	4,39	8,82	9,2	-18,0	62,7	0	-19,8
830	04.08.2025 06:48:49,000	4,39	8,82	-11,5	-24,6	53,9	0	-28,0
831	04.08.2025 06:48:50,000	4,39	8,82	-4,2	-21,4	64,4	0	-22,4
832	04.08.2025 06:48:51,000	4,39	8,80	-7,1	-26,6	56,3	0	-28,8
833	04.08.2025 06:48:52,000	4,39	8,80	1,1	-28,8	60,0	0	-29,2
834	04.08.2025 06:48:53,000	4,39	8,80	-7,9	-29,4	52,7	1	-32,1
835	04.08.2025 06:48:54,000	4,39	8,80	-1,9	-20,3	67,9	1	-20,7
836	04.08.2025 06:48:55,000	4,35	8,79	-5,7	-31,3	53,0	1	-33,3
837	04.08.2025 06:48:56,000	4,35	8,79	-3,3	-23,6	63,1	0	-24,4
838	04.08.2025 06:48:57,000	4,35	8,79	-9,1	-18,7	62,3	0	-20,5
839	04.08.2025 06:48:58,000	4,35	8,82	8,8	-11,9	69,3	1	-12,9
840	04.08.2025 06:48:59,000	4,35	8,79	-17,3	-19,1	53,6	0	-22,9
841	04.08.2025 06:49:00,000	4,35	8,79	-13,8	-24,6	51,6	0	-28,7
842	04.08.2025 06:49:01,000	4,35	8,82	3,6	-31,1	55,3	0	-32,4
843	04.08.2025 06:49:02,000	4,35	8,79	-7,7	-22,4	60,0	0	-24,3
844	04.08.2025 06:49:03,000	4,32	8,79	-5,3	-16,7	68,0	1	-17,6
845	04.08.2025 06:49:04,000	4,32	8,79	1,8	-27,7	60,4	0	-28,3
846	04.08.2025 06:49:05,000	4,32	8,79	-2,7	-21,2	66,1	0	-21,9
847	04.08.2025 06:49:06,000	4,32	8,79	-5,9	-15,0	69,1	0	-15,9
848	04.08.2025 06:49:07,000	4,32	8,81	-3,5	-30,5	56,0	0	-31,8
849	04.08.2025 06:49:08,000	4,32	8,79	-4,2	-27,9	57,9	1	-29,2
850	04.08.2025 06:49:09,000	4,32	8,81	-5,6	-20,1	64,3	0	-21,4
851	04.08.2025 06:49:10,000	4,32	8,79	7,5	-23,0	59,5	1	-24,9
852	04.08.2025 06:49:11,000	4,28	8,81	-3,0	-31,4	55,6	0	-32,5
853	04.08.2025 06:49:12,000	4,28	8,81	3,1	-18,4	68,5	1	-19,0
854	04.08.2025 06:49:13,000	4,28	8,78	-10,6	-20,3	59,1	0	-22,7
855	04.08.2025 06:49:14,000	4,28	8,81	-2,6	-45,1	42,3	0	-46,4
856	04.08.2025 06:49:15,000	4,28	8,78	-3,4	-24,9	61,7	1	-25,9
857	04.08.2025 06:49:16,000	4,28	8,78	-1,5	-22,3	66,2	0	-22,7
858	04.08.2025 06:49:17,000	4,28	8,81	5,7	-37,4	46,9	0	-40,0
859	04.08.2025 06:49:18,000	4,28	8,81	-16,6	-17,1	56,3	1	-20,2
860	04.08.2025 06:49:19,000	4,28	8,78	11,1	-43,3	35,6	1	-49,4
861	04.08.2025 06:49:20,000	4,28	8,78	2,9	-20,6	66,5	0	-21,2
862	04.08.2025 06:49:21,000	4,28	8,78	-6,0	-24,0	60,0	0	-25,6
863	04.08.2025 06:49:22,000	4,28	8,81	12,3	-26,7	51,0	1	-30,6
864	04.08.2025 06:49:23,000	4,28	8,76	-1,7	-27,0	61,2	0	-27,6
865	04.08.2025 06:49:24,000	4,24	8,80	-0,5	-27,8	61,7	0	-28,0
866	04.08.2025 06:49:25,000	4,24	8,80	-13,0	-9,6	67,4	0	-10,7
867	04.08.2025 06:49:26,000	4,24	8,80	-2,3	-20,8	66,9	0	-21,3
868	04.08.2025 06:49:27,000	4,24	8,80	-4,9	-19,8	65,3	0	-20,9
869	04.08.2025 06:49:28,000	4,24	8,80	3,7	-20,8	65,4	0	-21,7
870	04.08.2025 06:49:29,000	4,24	8,80	4,5	-22,4	63,1	0	-23,6
871	04.08.2025 06:49:30,000	4,24	8,80	-4,9	-15,2	69,9	0	-16,0
872	04.08.2025 06:49:31,000	4,24	8,78	-3,6	-25,9	60,6	0	-26,9
873	04.08.2025 06:49:32,000	4,24	8,76	7,9	-29,9	52,2	0	-32,7
874	04.08.2025 06:49:33,000	4,24	8,78	-2,9	-27,2	59,8	0	-28,2
875	04.08.2025 06:49:34,000	4,24	8,76	-3,4	-22,3	64,4	0	-23,1
876	04.08.2025 06:49:35,000	4,24	8,78	5,8	-21,8	62,4	0	-23,2
877	04.08.2025 06:49:36,000	4,24	8,76	1,7	-25,8	62,5	0	-26,3
878	04.08.2025 06:49:37,000	4,24	8,78	-2,5	-22,1	65,4	0	-22,8
879	04.08.2025 06:49:38,000	4,24	8,76	0,7	-25,3	64,1	0	-25,4
880	04.08.2025 06:49:39,000	4,24	8,76	-14,6	-14,7	60,7	0	-16,9
881	04.08.2025 06:49:40,000	4,20	8,78	-6,5	-30,2	53,3	0	-32,5
882	04.08.2025 06:49:41,000	4,20	8,78	1,1	-23,8	65,1	0	-24,1
883	04.08.2025 06:49:42,000	4,20	8,78	12,5	-15,1	62,4	0	-17,1
884	04.08.2025 06:49:43,000	4,20	8,80	5,1	-64,7	20,2	1	-68,7
885	04.08.2025 06:49:44,000	4,20	8,78	6,3	-29,7	54,0	1	-31,9
886	04.08.2025 06:49:45,000	4,20	8,80	1,5	-36,1	52,4	0	-36,7
887	04.08.2025 06:49:46,000	4,20	8,78	-0,7	-28,9	60,4	0	-29,1
888	04.08.2025 06:49:47,000	4,17	8,77	-15,4	-27,3	47,3	1	-32,5
889	04.08.2025 06:49:48,000	4,20	8,78	-1,9	-20,6	67,5	1	-21,0
890	04.08.2025 06:49:49,000	4,17	8,77	-1,2	-25,3	63,5	1	-25,6
891	04.08.2025 06:49:50,000	4,17	8,77	12,3	-23,4	54,3	0	-26,8
892	04.08.2025 06:49:51,000	4,17	8,75	-12,5	-15,3	62,2	0	-17,3
893	04.08.2025 06:49:52,000	4,17	8,75	-2,7	-16,8	70,4	0	-17,3
894	04.08.2025 06:49:53,000	4,17	8,75	-2,5	-21,6	66,0	0	-22,2
895	04.08.2025 06:49:54,000	4,17	8,77	-3,3	-22,3	64,4	0	-23,1
896	04.08.2025 06:49:55,000	4,17	8,80	12,9	-15,5	61,6	0	-17,5
897	04.08.2025 06:49:56,000	4,17	8,77	-4,8	-25,1	60,1	0	-26,5
898	04.08.2025 06:49:57,000	4,17	8,75	11,2	-19,6	59,3	1	-22,0
899	04.08.2025 06:49:58,000	4,17	8,77	-18,2	-22,5	49,3	0	-27,5
900	04.08.2025 06:49:59,000	4,17	8,77	-9,7	-27,7	52,6	0	-30,9
901	04.08.2025 06:50:00,000	4,17	8,77	-5,1	-22,8	62,1	0	-24,1
902	04.08.2025 06:50:01,000	4,17	8,75	2,6	-23,6	63,8	0	-24,3
903	04.08.2025 06:50:02,000	4,13	8,74	4,5	-18,0	67,5	0	-18,9
904	04.08.2025 06:50:03,000	4,13	8,74	1,4	-27,2	61,4	0	-27,6
905	04.08.2025 06:50:04,000	4,13	8,72	4,2	-24,4	61,4	1	-25,5
906	04.08.2025 06:50:05,000	4,13	8,77	-8,3	-22,6	59,1	0	-24,7
907	04.08.2025 06:50:06,000	4,13	8,77	-17,8	-21,3	50,9	0	-25,9
908	04.08.2025 06:50:07,000	4,13	8,77	9,7	-48,0	32,3	0	-53,9
909	04.08.2025 06:50:08,000	4,13	8,74	30,5	-9,8	49,7	1	-12,9
910	04.08.2025 06:50:09,000	4,09	8,72	3,6	-15,4	71,0	1	-16,0
911	04.08.2025 06:50:10,000	4,09	8,76	-8,1	-28,0	53,9	1	-30,6
912	04.08.2025 06:50:11,000	4,09	8,74	-5,0	-15,3	69,8	0	-16,1
913	04.08.2025 06:50:12,000	4,09	8,72	11,0	-21,3	57,7	0	-23,9
914	04.08.2025 06:50:13,000	4,09	8,74	-8,8	-36,5	44,7	1	-40,4
915	04.08.2025 06:50:14,000	4,09	8,74	13,4	-10,0	66,5	0	-11,2
916	04.08.2025 06:50:15,000	4,06	8,74	2,8	-18,1	69,1	0	-18,7
917	04.08.2025 06:50:16,000	4,06	8,74	-0,3	-18,6	71,1	0	-18,7
918	04.08.2025 06:50:17,000	4,06	8,74	9,7	-19,1	61,1	1	-21,2
919	04.08.2025 06:50:18,000	4,06	8,74	5,5	-17,1	67,5	1	-18,1
920	04.08.2025 06:50:19,000	4,06	8,71	3,5	-11,4	75,1	1	-11,8
921	04.08.2025 06:50:20,000	4,06	8,74	3,3	-34,9	51,8	0	-36,2
922	04.08.2025 06:50:21,000	4,02	8,73	14,0	-19,4	56,6	1	-22,4
923	04.08.2025 06:50:22,000	4,02	8,71	23,1	-25,0	41,9	0	-32,9
924	04.08.2025 06:50:23,000	4,02	8,69	23,6	-23,5	43,0	0	-30,9
925	04.08.2025 06:50:24,000	4,02	8,66	24,7	-25,4	39,9	0	-34,3
926	04.08.2025 06:50:25,000	4,02	8,66	27,4	-25,1	37,5	0	-35,2
927	04.08.2025 06:50:26,000	3,98	8,61	27,0	-21,8	41,3	0	-29,9
928	04.08.2025 06:50:27,000	3,98	8,59	25,6	-22,9	41,6	0	-30,9
929	04.08.2025 06:50:28,000	3,98	8,56	26,7	-23,1	40,2	0	-31,9
930	04.08.2025 06:50:29,000	3,98	8,54	27,2	-22,8	40,0	0	-31,6
931	04.08.2025 06:50:30,000	3,95	8,51	29,3	-23,4	37,4	0	-33,6
932	04.08.2025 06:50:31,000	3,95	8,47	28,0	-23,3	38,7	0	-32,8
933	04.08.2025 06:50:32,000	3,95	8,42	27,3	-24,1	38,7	0	-33,6
934	04.08.2025 06:50:33,000	3,95	8,40	27,4	-22,9	39,7	0	-31,8
935	04.08.2025 06:50:34,000	3,95	8,35	27,0	-21,1	41,9	0	-29,0
936	04.08.2025 06:50:35,000	3,95	8,30	30,6	-20,6	38,8	0	-29,8
937	04.08.2025 06:50:36,000	3,98	8,28	30,1	-20,5	39,4	0	-29,4
938	04.08.2025 06:50:37,000	3,95	8,25	31,1	-21,2	37,7	0	-31,1
939	04.08.2025 06:50:38,000	3,98	8,24	31,2	-17,6	41,2	0	-25,1
940	04.08.2025 06:50:39,000	3,98	8,19	31,5	-18,0	40,5	0	-26,0
941	04.08.2025 06:50:40,000	3,98	8,16	33,3	-20,5	36,2	0	-31,1
942	04.08.2025 06:50:41,000	3,98	8,14	34,4	-19,8	35,8	0	-30,5
943	04.08.2025 06:50:42,000	3,98	8,14	34,5	-17,6	37,9	0	-26,7
944	04.08.2025 06:50:43,000	3,98	8,12	31,8	-19,5	38,7	0	-28,6
945	04.08.2025 06:50:44,000	3,98	8,09	33,0	-18,3	38,6	0	-27,2
946	04.08.2025 06:50:45,000	3,98	8,09	38,3	-20,0	31,7	0	-33,3
947	04.08.2025 06:50:46,000	3,98	8,07	36,0	-18,6	35,4	0	-29,3
948	04.08.2025 06:50:47,000	3,98	8,07	34,7	-21,9	33,4	0	-34,4
949	04.08.2025 06:50:48,000	3,98	8,05	37,8	-18,4	33,8	0	-29,9
950	04.08.2025 06:50:49,000	3,98	8,05	37,2	-18,6	34,2	0	-29,9
951	04.08.2025 06:50:50,000	3,98	8,05	35,0	-19,4	35,6	0	-30,1
952	04.08.2025 06:50:51,000	3,98	8,05	37,0	-20,1	32,9	0	-32,6
953	04.08.2025 06:50:52,000	4,02	8,07	34,9	-14,0	41,1	0	-20,6
954	04.08.2025 06:50:53,000	4,02	8,05	39,0	-21,2	29,8	0	-36,2
955	04.08.2025 06:50:54,000	4,02	8,05	36,3	-16,3	37,4	0	-25,2
956	04.08.2025 06:50:55,000	4,02	8,05	37,9	-19,5	32,5	0	-32,2
957	04.08.2025 06:50:56,000	4,02	8,05	35,3	-13,2	41,5	0	-19,4
958	04.08.2025 06:50:57,000	4,02	8,07	41,4	-14,4	34,3	0	-24,1
959	04.08.2025 06:50:58,000	4,02	8,12	45,3	-10,1	34,6	0	-17,4
960	04.08.2025 06:50:59,000	4,02	8,10	41,4	-17,0	31,6	0	-29,5
961	04.08.2025 06:51:00,000	4,02	8,12	42,1	-12,4	35,4	0	-20,6
962	04.08.2025 06:51:01,000	4,02	8,12	43,7	-11,2	35,2	0	-18,8
963	04.08.2025 06:51:02,000	4,02	8,12	40,7	-14,6	34,7	0	-24,2
964	04.08.2025 06:51:03,000	4,06	8,15	41,1	-12,7	36,2	0	-20,7
965	04.08.2025 06:51:04,000	4,06	8,17	41,4	-10,4	38,2	0	-16,6
966	04.08.2025 06:51:05,000	4,06	8,15	41,5	-14,6	33,9	0	-24,6
967	04.08.2025 06:51:06,000	4,06	8,17	41,2	-13,2	35,6	0	-21,7
968	04.08.2025 06:51:07,000	4,06	8,17	41,1	-11,9	37,0	0	-19,2
969	04.08.2025 06:51:08,000	4,06	8,22	40,5	-10,7	38,8	0	-16,8
970	04.08.2025 06:51:09,000	4,06	8,22	41,2	-11,1	37,6	0	-17,8
971	04.08.2025 06:51:10,000	4,06	8,22	39,6	-9,4	41,0	0	-14,1
972	04.08.2025 06:51:11,000	4,06	8,22	40,1	-16,8	33,2	0	-28,1
973	04.08.2025 06:51:12,000	4,06	8,24	39,7	-12,7	37,6	0	-20,1
974	04.08.2025 06:51:13,000	4,02	8,22	39,8	-8,5	41,7	0	-12,8
975	04.08.2025 06:51:14,000	4,02	8,24	40,0	-13,5	36,5	0	-21,7
976	04.08.2025 06:51:15,000	4,02	8,24	38,9	-15,2	35,9	0	-24,4
977	04.08.2025 06:51:16,000	4,02	8,24	40,6	-11,9	37,5	0	-18,9
978	04.08.2025 06:51:17,000	4,02	8,26	38,5	-8,2	43,2	0	-12,0
979	04.08.2025 06:51:18,000	4,02	8,26	31,6	-14,1	44,3	0	-19,6
980	04.08.2025 06:51:19,000	4,02	8,29	41,8	-3,0	45,3	0	-4,2
981	04.08.2025 06:51:20,000	4,02	8,33	49,5	-10,3	30,2	0	-19,7
982	04.08.2025 06:51:21,000	4,02	8,31	46,8	-7,1	36,1	0	-12,0
983	04.08.2025 06:51:22,000	4,02	8,29	40,6	-12,9	36,5	0	-20,9
984	04.08.2025 06:51:23,000	4,02	8,26	38,1	-13,7	38,1	0	-21,4
985	04.08.2025 06:51:24,000	4,02	8,26	41,5	-13,0	35,6	0	-21,4
986	04.08.2025 06:51:25,000	4,02	8,29	44,2	-11,1	34,7	0	-18,9
987	04.08.2025 06:51:26,000	4,02	8,26	37,9	-13,4	38,7	0	-20,6
988	04.08.2025 06:51:27,000	4,02	8,24	36,3	-13,4	40,3	0	-20,1
989	04.08.2025 06:51:28,000	4,02	8,26	40,6	-14,5	34,9	0	-23,9
990	04.08.2025 06:51:29,000	4,02	8,24	41,4	-12,7	35,9	0	-20,8
991	04.08.2025 06:51:30,000	4,02	8,24	39,0	-13,4	37,6	0	-21,1
992	04.08.2025 06:51:31,000	4,02	8,19	34,8	-12,9	42,3	0	-18,7
993	04.08.2025 06:51:32,000	4,02	8,19	38,2	-13,9	37,8	0	-21,8
994	04.08.2025 06:51:33,000	4,02	8,19	41,3	-13,9	34,7	0	-23,2
995	04.08.2025 06:51:34,000	4,02	8,17	40,4	-12,1	37,5	0	-19,3
996	04.08.2025 06:51:35,000	3,98	8,12	35,6	-12,0	42,5	0	-17,4
997	04.08.2025 06:51:36,000	3,98	8,09	37,4	-14,9	37,8	0	-23,1
998	04.08.2025 06:51:37,000	3,98	8,09	40,9	-13,5	35,5	0	-22,2
999	04.08.2025 06:51:38,000	3,98	8,09	39,0	-12,2	38,8	0	-18,9
1000	04.08.2025 06:51:39,000	3,98	8,05	38,6	-12,8	38,6	0	-20,0
1001	04.08.2025 06:51:40,000	3,98	8,02	38,2	-12,1	39,7	0	-18,5
1002	04.08.2025 06:51:41,000	3,98	8,00	38,8	-13,2	38,1	0	-20,6
1003	04.08.2025 06:51:42,000	3,98	7,98	37,1	-11,8	41,1	0	-17,7
1004	04.08.2025 06:51:43,000	3,98	7,95	37,0	-13,3	39,7	0	-20,2
1005	04.08.2025 06:51:44,000	3,98	7,95	37,8	-9,2	43,1	0	-13,4
1006	04.08.2025 06:51:45,000	3,98	7,95	44,4	-0,1	45,5	0	-0,1
1007	04.08.2025 06:51:46,000	4,02	7,96	42,5	-5,5	42,0	0	-8,3
1008	04.08.2025 06:51:47,000	4,02	7,93	41,8	-6,7	41,5	0	-10,2
1009	04.08.2025 06:51:48,000	4,02	7,89	41,9	-6,8	41,3	0	-10,3
1010	04.08.2025 06:51:49,000	4,02	7,86	42,0	-5,7	42,2	0	-8,6
1011	04.08.2025 06:51:50,000	4,02	7,84	44,1	-8,0	37,9	0	-12,9
1012	04.08.2025 06:51:51,000	4,06	7,80	42,0	-7,0	41,1	0	-10,6
1013	04.08.2025 06:51:52,000	4,06	7,80	40,3	-8,8	40,9	0	-13,4
1014	04.08.2025 06:51:53,000	4,06	7,75	42,0	-8,5	39,5	0	-13,3
1015	04.08.2025 06:51:54,000	4,09	7,73	41,5	-11,0	37,5	0	-17,7
1016	04.08.2025 06:51:55,000	4,09	7,68	41,2	-10,3	38,5	0	-16,2
1017	04.08.2025 06:51:56,000	4,09	7,66	40,3	-11,8	37,9	0	-18,8
1018	04.08.2025 06:51:57,000	4,13	7,62	43,8	-12,1	34,1	0	-20,8
1019	04.08.2025 06:51:58,000	4,17	7,60	42,9	-12,3	34,8	0	-20,7
1020	04.08.2025 06:51:59,000	4,17	7,57	41,2	-13,5	35,3	0	-22,3
1021	04.08.2025 06:52:00,000	4,17	7,55	42,1	-14,1	33,9	0	-23,8
1022	04.08.2025 06:52:01,000	4,20	7,53	43,2	-14,9	31,9	0	-26,2
1023	04.08.2025 06:52:02,000	4,20	7,48	42,5	-14,5	33,0	0	-24,9
1024	04.08.2025 06:52:03,000	4,20	7,46	41,0	-14,0	35,1	0	-23,1
1025	04.08.2025 06:52:04,000	4,28	7,42	41,7	-16,2	32,1	0	-28,0
1026	04.08.2025 06:52:05,000	4,32	7,40	41,6	-15,8	32,6	0	-27,0
1027	04.08.2025 06:52:06,000	4,35	7,38	41,4	-15,2	33,4	0	-25,8
1028	04.08.2025 06:52:07,000	4,43	7,32	40,0	-15,1	35,0	0	-24,7
1029	04.08.2025 06:52:08,000	4,57	7,31	40,5	-14,6	34,9	0	-24,1
1030	04.08.2025 06:52:09,000	4,68	7,25	37,1	-16,6	36,3	0	-26,2
1031	04.08.2025 06:52:10,000	4,87	7,25	43,6	-14,0	32,4	0	-24,6
1032	04.08.2025 06:52:11,000	4,94	7,18	38,8	-14,4	36,7	0	-23,0
1033	04.08.2025 06:52:12,000	4,97	7,16	41,5	-15,9	32,6	0	-27,2
1034	04.08.2025 06:52:13,000	5,05	7,15	43,9	-15,1	31,0	0	-27,0
1035	04.08.2025 06:52:14,000	5,12	7,13	42,5	-13,5	34,1	0	-22,9
1036	04.08.2025 06:52:15,000	5,16	7,11	43,4	-14,5	32,1	0	-25,5
1037	04.08.2025 06:52:16,000	5,19	7,09	42,8	-11,7	35,6	0	-19,4
1038	04.08.2025 06:52:17,000	5,26	7,05	41,1	-12,8	36,1	0	-20,9
1039	04.08.2025 06:52:18,000	5,30	7,01	43,2	-13,5	33,3	0	-23,4
1040	04.08.2025 06:52:19,000	5,37	6,99	43,6	-14,0	32,4	0	-24,5
1041	04.08.2025 06:52:20,000	5,41	6,95	41,4	-12,4	36,3	0	-20,2
1042	04.08.2025 06:52:21,000	5,44	6,93	42,3	-13,8	33,9	0	-23,4
1043	04.08.2025 06:52:22,000	5,48	6,89	43,3	-12,7	34,1	0	-21,7
1044	04.08.2025 06:52:23,000	5,55	6,87	45,0	-12,3	32,7	0	-21,8
1045	04.08.2025 06:52:24,000	5,59	6,85	41,7	-10,8	37,6	0	-17,3
1046	04.08.2025 06:52:25,000	5,62	6,78	44,1	-11,0	34,9	0	-18,7
1047	04.08.2025 06:52:26,000	5,87	6,74	45,3	-10,9	33,8	0	-19,1
1048	04.08.2025 06:52:27,000	6,05	6,69	45,4	-9,4	35,2	0	-16,0
1049	04.08.2025 06:52:28,000	6,16	6,67	42,8	-9,3	38,0	0	-14,8
1050	04.08.2025 06:52:29,000	6,34	6,60	44,7	-9,5	35,8	0	-16,0
1051	04.08.2025 06:52:30,000	6,44	6,61	46,7	-7,9	35,4	0	-13,4
1052	04.08.2025 06:52:31,000	6,48	6,57	47,1	-5,2	37,7	0	-8,6
1053	04.08.2025 06:52:32,000	6,51	6,52	37,0	-4,5	48,6	1	-6,0
1054	04.08.2025 06:52:33,000	6,51	6,55	45,6	1,4	43,0	0	2,1
1055	04.08.2025 06:52:34,000	6,51	6,59	50,6	3,9	35,4	0	6,8
1056	04.08.2025 06:52:35,000	6,55	6,62	56,3	-1,6	32,1	0	-3,1
1057	04.08.2025 06:52:36,000	6,55	6,60	61,8	-0,8	27,4	0	-1,8
1058	04.08.2025 06:52:37,000	6,55	6,60	63,9	-0,5	25,6	0	-1,2
1059	04.08.2025 06:52:38,000	6,55	6,60	62,5	-0,9	26,6	0	-2,0
1060	04.08.2025 06:52:39,000	6,55	6,60	59,4	-2,2	28,3	0	-4,7
1061	04.08.2025 06:52:40,000	6,55	6,60	62,9	-2,1	25,1	0	-4,8
1062	04.08.2025 06:52:41,000	6,55	6,60	63,3	-2,5	24,2	0	-4,8
1063	04.08.2025 06:52:42,000	6,55	6,57	57,3	-4,7	28,0	0	-9,9
1064	04.08.2025 06:52:43,000	6,55	6,55	55,6	-6,4	28,0	0	-13,4
1065	04.08.2025 06:52:44,000	6,55	6,57	59,7	-5,3	25,0	0	-12,4
1066	04.08.2025 06:52:45,000	6,55	6,57	60,6	-5,1	24,3	0	-12,3
1067	04.08.2025 06:52:46,000	6,58	6,53	55,2	-6,9	27,8	0	-14,6
1068	04.08.2025 06:52:47,000	6,58	6,51	54,0	-8,7	27,2	0	-18,5
1069	04.08.2025 06:52:48,000	6,58	6,53	57,6	-7,9	24,5	0	-18,3
1070	04.08.2025 06:52:49,000	6,58	6,51	57,9	-7,6	24,5	0	-17,7
1071	04.08.2025 06:52:50,000	6,58	6,51	54,3	-8,2	27,5	0	-17,3
1072	04.08.2025 06:52:51,000	6,58	6,48	53,6	-8,8	27,6	0	-18,5
1073	04.08.2025 06:52:52,000	6,58	6,44	51,2	-10,2	28,7	0	-20,3
1074	04.08.2025 06:52:53,000	6,58	6,41	48,5	-12,0	29,5	0	-23,0
1075	04.08.2025 06:52:54,000	6,58	6,39	47,2	-13,1	29,7	0	-24,8
1076	04.08.2025 06:52:55,000	6,62	6,35	46,6	-14,6	28,9	0	-27,7
1077	04.08.2025 06:52:56,000	6,65	6,30	45,5	-12,4	32,1	0	-22,3
1078	04.08.2025 06:52:57,000	6,69	6,26	43,4	-13,0	33,5	0	-22,5
1079	04.08.2025 06:52:58,000	6,86	6,21	43,9	-13,7	32,3	0	-24,2
1080	04.08.2025 06:52:59,000	7,11	6,18	40,2	-8,1	41,7	0	-12,1
1081	04.08.2025 06:53:00,000	7,21	6,15	42,7	-11,4	36,0	0	-18,8
1082	04.08.2025 06:53:01,000	7,28	6,13	38,6	-8,3	43,1	0	-12,1
1083	04.08.2025 06:53:02,000	7,28	6,11	45,5	-11,5	33,0	0	-20,4
1084	04.08.2025 06:53:03,000	7,28	6,11	40,3	-6,7	43,0	0	-9,9
1085	04.08.2025 06:53:04,000	7,32	6,04	43,5	-9,3	37,2	0	-15,1
1086	04.08.2025 06:53:05,000	7,38	6,00	46,2	-10,0	33,8	0	-17,6
1087	04.08.2025 06:53:06,000	7,49	5,99	42,7	-6,2	41,1	0	-9,4
1088	04.08.2025 06:53:07,000	7,63	5,96	44,4	-9,9	35,7	0	-16,7
1089	04.08.2025 06:53:08,000	7,69	5,94	44,9	-9,9	35,1	0	-16,9
1090	04.08.2025 06:53:09,000	7,69	5,94	46,6	-9,1	34,3	0	-15,8
1091	04.08.2025 06:53:10,000	7,69	5,92	43,7	-8,5	37,7	0	-13,8
1092	04.08.2025 06:53:11,000	7,69	5,89	44,4	-10,8	34,8	0	-18,4
1093	04.08.2025 06:53:12,000	7,66	5,89	44,4	-11,2	34,5	0	-19,1
1094	04.08.2025 06:53:13,000	7,69	5,85	43,6	-12,0	34,3	0	-20,6
1095	04.08.2025 06:53:14,000	7,83	5,79	45,1	-10,5	34,3	0	-18,2
1096	04.08.2025 06:53:15,000	8,00	5,81	40,0	-5,7	44,3	0	-8,2
1097	04.08.2025 06:53:16,000	8,07	5,77	41,9	-12,1	36,0	0	-19,9
1098	04.08.2025 06:53:17,000	8,14	5,73	40,4	-13,2	36,4	0	-21,3
1099	04.08.2025 06:53:18,000	8,21	5,71	43,7	-12,1	34,3	0	-20,6
1100	04.08.2025 06:53:19,000	8,24	5,67	38,6	-7,2	44,2	0	-10,3
1101	04.08.2025 06:53:20,000	8,34	5,65	41,5	-11,2	37,3	0	-18,1
1102	04.08.2025 06:53:21,000	8,41	5,64	38,2	-12,2	39,6	0	-18,6
1103	04.08.2025 06:53:22,000	8,55	5,58	44,2	-13,3	32,5	0	-23,4
1104	04.08.2025 06:53:23,000	8,78	5,58	41,3	-9,1	39,6	0	-14,1
1105	04.08.2025 06:53:24,000	8,95	5,55	39,6	-11,4	39,1	0	-17,6
1106	04.08.2025 06:53:25,000	9,02	5,56	39,8	-14,5	35,8	0	-23,5
1107	04.08.2025 06:53:26,000	9,05	5,54	35,9	-15,6	38,5	0	-23,8
1108	04.08.2025 06:53:27,000	9,12	5,50	39,4	-13,2	37,4	0	-21,0
1109	04.08.2025 06:53:28,000	9,25	5,46	39,7	-15,2	35,1	0	-24,8
1110	04.08.2025 06:53:29,000	9,42	5,43	38,6	-13,0	38,3	0	-20,3
1111	04.08.2025 06:53:30,000	9,52	5,44	39,8	-14,6	35,6	0	-23,8
1112	04.08.2025 06:53:31,000	9,59	5,43	39,0	-15,2	35,8	0	-24,5
1113	04.08.2025 06:53:32,000	9,72	5,39	38,8	-14,7	36,5	0	-23,4
1114	04.08.2025 06:53:33,000	9,72	5,39	35,8	-8,7	45,5	0	-12,2
1115	04.08.2025 06:53:34,000	9,75	5,40	40,4	-16,4	33,2	0	-27,7
1116	04.08.2025 06:53:35,000	9,75	5,35	36,8	-12,9	40,3	0	-19,5
1117	04.08.2025 06:53:36,000	9,75	5,35	40,3	-14,3	35,3	0	-23,5
1118	04.08.2025 06:53:37,000	9,72	5,34	36,9	-11,5	41,7	0	-16,9
1119	04.08.2025 06:53:38,000	9,72	5,30	40,2	-16,2	33,6	0	-27,1
1120	04.08.2025 06:53:39,000	9,72	5,30	34,7	-10,9	44,4	0	-15,5
1121	04.08.2025 06:53:40,000	9,72	5,30	41,7	-15,9	32,4	0	-27,4
1122	04.08.2025 06:53:41,000	9,69	5,27	38,7	-12,3	39,0	0	-19,0
1123	04.08.2025 06:53:42,000	9,72	5,30	38,6	-14,6	36,8	0	-23,1
1124	04.08.2025 06:53:43,000	9,92	5,22	40,6	-18,1	31,3	0	-31,2
1125	04.08.2025 06:53:44,000	10,15	5,22	39,4	-13,0	37,5	0	-20,6
1126	04.08.2025 06:53:45,000	10,28	5,19	42,0	-14,5	33,5	0	-24,7
1127	04.08.2025 06:53:46,000	10,34	5,17	43,7	-16,3	30,0	0	-29,6
1128	04.08.2025 06:53:47,000	10,38	5,15	41,4	-18,0	30,6	0	-31,5
1129	04.08.2025 06:53:48,000	10,38	5,13	40,5	-18,5	31,0	0	-31,9
1130	04.08.2025 06:53:49,000	10,34	5,10	39,9	-19,2	30,9	0	-33,0
1131	04.08.2025 06:53:50,000	10,44	5,11	41,4	-17,8	30,9	0	-31,0
1132	04.08.2025 06:53:51,000	10,44	5,14	42,5	-17,6	29,9	0	-31,5
1133	04.08.2025 06:53:52,000	10,41	5,08	41,8	-16,2	31,9	0	-28,1
1134	04.08.2025 06:53:53,000	10,38	5,06	43,2	-17,1	29,6	0	-31,0
1135	04.08.2025 06:53:54,000	10,38	5,06	43,4	-17,8	28,8	0	-32,6
1136	04.08.2025 06:53:55,000	10,38	5,01	44,4	-12,8	32,8	0	-22,6
1137	04.08.2025 06:53:56,000	10,41	4,99	42,9	-12,2	34,8	0	-20,6
1138	04.08.2025 06:53:57,000	10,44	4,95	43,1	-13,8	33,1	0	-23,8
1139	04.08.2025 06:53:58,000	10,51	4,93	45,7	-10,3	34,0	0	-17,9
1140	04.08.2025 06:53:59,000	10,64	4,92	43,9	-11,4	34,7	0	-19,3
1141	04.08.2025 06:54:00,000	10,74	4,88	37,9	-14,7	37,5	0	-22,9
1142	04.08.2025 06:54:01,000	10,80	4,89	38,8	-13,0	38,2	0	-20,4
1143	04.08.2025 06:54:02,000	10,87	4,90	42,1	-14,6	33,3	0	-25,0
1144	04.08.2025 06:54:03,000	10,90	4,83	39,5	-16,5	34,0	0	-27,2
1145	04.08.2025 06:54:04,000	10,93	4,81	39,6	-14,1	36,3	0	-22,8
1146	04.08.2025 06:54:05,000	10,96	4,79	39,5	-12,7	37,9	0	-19,9
1147	04.08.2025 06:54:06,000	11,00	4,77	35,9	-16,2	37,9	0	-24,8
1148	04.08.2025 06:54:07,000	11,09	4,75	37,6	-15,8	36,6	0	-25,0
1149	04.08.2025 06:54:08,000	11,19	4,76	37,4	-14,1	38,5	0	-21,7
1150	04.08.2025 06:54:09,000	11,29	4,73	34,8	-9,9	45,3	0	-14,0
1151	04.08.2025 06:54:10,000	11,38	4,71	35,5	-10,3	44,1	0	-14,8
1152	04.08.2025 06:54:11,000	11,61	4,64	31,6	-16,6	41,8	0	-23,7
1153	04.08.2025 06:54:12,000	11,80	4,59	34,6	-13,3	42,2	0	-19,2
1154	04.08.2025 06:54:13,000	12,03	4,54	32,8	-15,8	41,4	0	-22,8
1155	04.08.2025 06:54:14,000	12,25	4,54	31,9	-18,7	39,5	0	-27,2
1156	04.08.2025 06:54:15,000	12,41	4,48	35,2	-11,9	42,9	0	-17,2
1157	04.08.2025 06:54:16,000	12,60	4,50	25,9	-19,7	44,4	0	-26,3
1158	04.08.2025 06:54:17,000	12,76	4,49	28,8	-22,1	39,1	0	-31,3
1159	04.08.2025 06:54:18,000	12,91	4,46	35,8	-13,1	41,0	0	-19,5
1160	04.08.2025 06:54:19,000	12,98	4,47	32,2	-16,4	41,4	0	-23,5
1161	04.08.2025 06:54:20,000	13,04	4,48	30,2	-18,8	40,9	0	-26,7
1162	04.08.2025 06:54:21,000	13,07	4,50	33,7	-14,9	41,4	0	-21,7
1163	04.08.2025 06:54:22,000	13,13	4,49	40,0	-7,3	42,7	0	-10,8
1164	04.08.2025 06:54:23,000	13,26	4,45	26,0	-14,6	49,4	0	-18,9
1165	04.08.2025 06:54:24,000	13,42	4,47	34,8	-8,6	46,6	0	-11,9
1166	04.08.2025 06:54:25,000	13,51	4,47	32,5	-15,2	42,3	0	-21,7
1167	04.08.2025 06:54:26,000	13,51	4,45	29,3	-13,7	47,0	0	-18,4
1168	04.08.2025 06:54:27,000	13,57	4,46	24,9	-16,6	48,5	0	-21,5
1169	04.08.2025 06:54:28,000	13,60	4,46	27,9	-13,4	48,6	0	-17,7
1170	04.08.2025 06:54:29,000	13,63	4,49	33,4	-13,9	42,7	0	-20,0
1171	04.08.2025 06:54:30,000	13,67	4,49	31,8	-21,0	37,2	0	-31,1
1172	04.08.2025 06:54:31,000	13,70	4,49	32,1	-17,9	40,0	0	-26,0
1173	04.08.2025 06:54:32,000	13,67	4,49	33,9	-12,3	43,8	0	-17,5
1174	04.08.2025 06:54:33,000	13,70	4,49	34,6	-7,4	48,0	0	-10,1
1175	04.08.2025 06:54:34,000	13,73	4,50	28,9	-16,0	45,1	0	-21,8
1176	04.08.2025 06:54:35,000	13,76	4,48	27,3	-20,5	42,1	0	-28,2
1177	04.08.2025 06:54:36,000	13,85	4,46	22,8	-20,5	46,7	0	-26,4
1178	04.08.2025 06:54:37,000	13,98	4,45	37,7	-4,4	47,9	0	-6,0
1179	04.08.2025 06:54:38,000	14,01	4,50	35,6	-18,1	36,3	0	-28,1
1180	04.08.2025 06:54:39,000	14,01	4,50	26,9	-21,6	41,5	0	-29,6
1181	04.08.2025 06:54:40,000	13,98	4,50	24,3	-23,9	41,7	1	-31,9
1182	04.08.2025 06:54:41,000	14,01	4,48	36,9	-9,3	43,8	0	-13,4
1183	04.08.2025 06:54:42,000	14,01	4,48	39,1	-10,4	40,6	1	-15,7
1184	04.08.2025 06:54:43,000	14,04	4,48	26,4	-25,0	38,6	0	-34,5
1185	04.08.2025 06:54:44,000	14,07	4,46	32,5	-18,6	39,0	0	-27,3
1186	04.08.2025 06:54:45,000	14,07	4,46	38,9	-10,6	40,5	0	-16,1
1187	04.08.2025 06:54:46,000	14,07	4,51	29,5	-21,9	38,6	0	-31,3
1188	04.08.2025 06:54:47,000	14,07	4,48	25,4	-16,0	48,6	0	-20,8
1189	04.08.2025 06:54:48,000	14,16	4,44	24,5	-13,9	51,6	1	-17,6
1190	04.08.2025 06:54:49,000	14,26	4,45	23,6	-15,6	50,9	0	-19,7
1191	04.08.2025 06:54:50,000	14,29	4,48	30,9	-13,9	45,2	0	-19,2
1192	04.08.2025 06:54:51,000	14,32	4,48	20,2	-16,3	53,5	0	-19,9
1193	04.08.2025 06:54:52,000	14,35	4,49	34,0	-10,3	45,7	0	-14,3
1194	04.08.2025 06:54:53,000	14,38	4,49	31,8	-14,7	43,5	0	-20,7
1195	04.08.2025 06:54:54,000	14,41	4,49	28,7	-19,7	41,6	0	-27,4
1196	04.08.2025 06:54:55,000	14,41	4,47	35,0	-12,4	42,5	0	-18,0
1197	04.08.2025 06:54:56,000	14,44	4,47	19,3	-27,4	43,4	0	-34,3
1198	04.08.2025 06:54:57,000	14,44	4,45	30,6	-22,5	36,9	0	-32,9
1199	04.08.2025 06:54:58,000	14,47	4,48	34,7	-12,4	43,0	0	-17,8
1200	04.08.2025 06:54:59,000	14,47	4,48	28,4	-16,5	45,1	0	-22,4
1201	04.08.2025 06:55:00,000	14,50	4,48	23,3	-22,6	44,1	0	-29,5
1202	04.08.2025 06:55:01,000	14,53	4,48	28,4	-21,4	40,2	1	-30,0
1203	04.08.2025 06:55:02,000	14,56	4,48	39,3	-7,3	43,4	0	-10,6
1204	04.08.2025 06:55:03,000	14,60	4,42	36,2	-5,9	47,9	0	-8,0
1205	04.08.2025 06:55:04,000	14,63	4,47	27,1	-13,4	49,5	0	-17,5
1206	04.08.2025 06:55:05,000	14,63	4,47	21,8	-20,9	47,3	0	-26,6
1207	04.08.2025 06:55:06,000	14,63	4,47	27,0	-17,8	45,2	0	-23,9
1208	04.08.2025 06:55:07,000	14,63	4,44	35,8	-3,0	51,2	1	-3,9
1209	04.08.2025 06:55:08,000	14,66	4,42	21,6	-16,3	52,1	0	-20,3
1210	04.08.2025 06:55:09,000	14,69	4,45	20,6	-18,4	51,0	0	-22,8
1211	04.08.2025 06:55:10,000	14,72	4,45	26,4	-15,9	47,7	0	-20,9
1212	04.08.2025 06:55:11,000	14,81	4,44	20,3	-18,3	51,4	0	-22,6
1213	04.08.2025 06:55:12,000	14,84	4,44	20,9	-22,9	46,2	0	-29,0
1214	04.08.2025 06:55:13,000	14,87	4,44	27,4	-23,6	39,0	0	-32,9
1215	04.08.2025 06:55:14,000	14,90	4,45	28,4	-23,8	37,8	0	-33,8
1216	04.08.2025 06:55:15,000	14,90	4,45	22,8	-15,0	52,2	0	-18,7
1217	04.08.2025 06:55:16,000	14,90	4,45	35,4	-16,2	38,5	1	-24,5
1218	04.08.2025 06:55:17,000	14,93	4,43	19,2	-36,2	34,6	0	-46,1
1219	04.08.2025 06:55:18,000	14,93	4,45	22,1	-34,2	33,7	0	-45,4
1220	04.08.2025 06:55:19,000	14,93	4,40	23,0	-19,5	47,5	0	-25,0
1221	04.08.2025 06:55:20,000	14,93	4,45	19,8	-31,9	38,3	1	-40,7
1222	04.08.2025 06:55:21,000	14,93	4,40	21,8	-44,0	24,1	1	-58,9
1223	04.08.2025 06:55:22,000	14,96	4,41	18,6	-44,0	27,4	0	-56,0
1224	04.08.2025 06:55:23,000	14,96	4,41	29,1	-30,5	30,4	0	-45,0
1225	04.08.2025 06:55:24,000	14,96	4,45	28,5	-25,9	35,6	1	-37,3
1226	04.08.2025 06:55:25,000	14,99	4,41	18,8	-49,7	21,6	1	-63,5
1227	04.08.2025 06:55:26,000	15,03	4,44	33,4	-22,3	34,3	1	-34,3
1228	04.08.2025 06:55:27,000	15,03	4,44	30,3	-20,3	39,3	1	-29,2
1229	04.08.2025 06:55:28,000	15,06	4,46	31,1	-20,2	38,7	1	-29,3
1230	04.08.2025 06:55:29,000	15,09	4,44	38,1	-22,2	29,7	1	-37,5
1231	04.08.2025 06:55:30,000	15,09	4,42	31,1	-38,4	20,6	0	-60,0
1232	04.08.2025 06:55:31,000	15,12	4,42	33,0	-21,6	35,4	1	-32,8
1233	04.08.2025 06:55:32,000	15,12	4,40	15,9	-39,4	34,7	1	-48,0
1234	04.08.2025 06:55:33,000	15,15	4,40	41,5	-18,5	30,1	1	-32,5
1235	04.08.2025 06:55:34,000	15,18	4,38	42,7	-11,1	36,2	0	-18,3
1236	04.08.2025 06:55:35,000	15,21	4,38	48,3	-12,0	29,7	0	-22,9
1237	04.08.2025 06:55:36,000	15,27	4,39	41,3	-45,2	-3,5	0	-95,0
1238	04.08.2025 06:55:37,000	15,24	4,43	53,0	-26,4	10,6	0	-67,3
1239	04.08.2025 06:55:38,000	15,27	4,46	54,3	-15,4	20,3	1	-37,6
1240	04.08.2025 06:55:39,000	15,27	4,44	27,7	-44,9	17,4	0	-66,5
1241	04.08.2025 06:55:40,000	15,30	4,44	16,4	-47,6	26,0	0	-58,7
1242	04.08.2025 06:55:41,000	15,30	4,44	59,2	-28,9	1,9	0	-86,1
1243	04.08.2025 06:55:42,000	15,33	4,44	52,7	-31,4	-5,9	0	-101,3
1244	04.08.2025 06:55:43,000	15,39	4,42	30,8	-55,9	-3,3	0	-94,0
1245	04.08.2025 06:55:44,000	15,39	4,45	36,7	-36,0	17,3	0	-62,8
1246	04.08.2025 06:55:45,000	15,39	4,45	71,3	-10,5	8,1	0	-62,8
1247	04.08.2025 06:55:46,000	15,42	4,43	69,6	-17,7	-2,7	0	-62,8
1248	04.08.2025 06:55:47,000	15,45	4,43	64,2	-21,3	-4,5	0	-62,8
1249	04.08.2025 06:55:48,000	15,42	4,45	66,5	-19,7	3,8	0	-62,8
1250	04.08.2025 06:55:49,000	15,36	4,47	79,7	-2,5	7,9	0	-62,8
1251	04.08.2025 06:55:50,000	15,27	4,48	71,2	7,9	10,9	0	-62,8
1252	04.08.2025 06:55:51,000	15,18	4,52	57,1	-0,9	32,1	0	-1,6
1253	04.08.2025 06:55:52,000	15,09	4,51	21,9	23,9	44,2	1	30,7
1254	04.08.2025 06:55:53,000	14,99	4,55	60,3	15,8	13,9	1	30,7
1255	04.08.2025 06:55:54,000	14,93	4,54	58,9	18,3	12,8	1	54,6
1256	04.08.2025 06:55:55,000	14,87	4,56	57,1	17,8	15,1	0	49,6
1257	04.08.2025 06:55:56,000	14,78	4,58	47,5	41,6	0,9	0	88,6
1258	04.08.2025 06:55:57,000	14,75	4,57	49,7	23,6	16,7	0	54,2
1259	04.08.2025 06:55:58,000	14,69	4,59	54,1	19,7	16,2	0	50,4
1260	04.08.2025 06:55:59,000	14,63	4,58	54,3	25,2	10,5	0	66,8
1261	04.08.2025 06:56:00,000	14,60	4,58	62,5	19,1	8,4	1	66,8
1262	04.08.2025 06:56:01,000	14,53	4,60	70,2	8,8	11,0	1	66,8
1263	04.08.2025 06:56:02,000	14,50	4,60	77,2	3,8	8,9	0	66,8
1264	04.08.2025 06:56:03,000	14,47	4,57	80,1	-2,1	7,8	0	66,8
1265	04.08.2025 06:56:04,000	14,44	4,59	77,8	1,8	10,3	0	66,8
1266	04.08.2025 06:56:05,000	14,41	4,59	11,7	-14,4	63,9	0	-16,1
1267	04.08.2025 06:56:06,000	14,38	4,61	-10,1	-15,6	64,4	0	-17,2
1268	04.08.2025 06:56:07,000	14,35	4,58	-10,3	-17,1	62,6	0	-19,0
1269	04.08.2025 06:56:08,000	14,32	4,58	-6,2	-19,6	64,1	0	-21,0
1270	04.08.2025 06:56:09,000	14,32	4,60	-8,3	-20,3	61,4	0	-22,2
1271	04.08.2025 06:56:10,000	14,29	4,60	-7,9	-22,1	60,0	0	-24,1
1272	04.08.2025 06:56:11,000	14,29	4,60	-8,6	-20,5	60,8	0	-22,5
1273	04.08.2025 06:56:12,000	14,26	4,62	-8,7	-19,7	61,6	0	-21,6
1274	04.08.2025 06:56:13,000	14,26	4,64	-7,1	-21,3	61,7	0	-22,9
1275	04.08.2025 06:56:14,000	14,22	4,62	-5,5	-23,4	61,1	0	-24,8
1276	04.08.2025 06:56:15,000	14,22	4,64	-4,8	-20,9	64,3	0	-22,1
1277	04.08.2025 06:56:16,000	14,19	4,64	-3,4	-23,4	63,1	0	-24,3
1278	04.08.2025 06:56:17,000	14,19	4,64	-22,0	34,1	-33,9	1	134,8
1279	04.08.2025 06:56:18,000	14,16	4,63	-43,2	8,0	-38,9	0	167,4
1280	04.08.2025 06:56:19,000	14,16	4,61	8,5	24,8	-56,6	0	152,7
1281	04.08.2025 06:56:20,000	14,16	4,63	8,6	24,8	-56,6	0	152,8
1282	04.08.2025 06:56:21,000	14,13	4,63	9,4	27,2	-53,4	0	149,8
1283	04.08.2025 06:56:22,000	14,10	4,63	8,3	25,0	-56,7	0	152,6
1284	04.08.2025 06:56:23,000	14,10	4,63	8,2	24,3	-57,6	0	153,5
1285	04.08.2025 06:56:24,000	14,10	4,60	8,8	27,6	-53,6	0	149,6
1286	04.08.2025 06:56:25,000	14,07	4,60	8,0	25,7	-56,4	0	152,0
1287	04.08.2025 06:56:26,000	14,07	4,62	7,1	24,7	-58,2	0	153,3
1288	04.08.2025 06:56:27,000	14,07	4,62	8,1	27,1	-54,8	0	150,4
1289	04.08.2025 06:56:28,000	14,04	4,62	7,4	26,6	-56,0	0	151,1
1290	04.08.2025 06:56:29,000	14,04	4,62	7,1	25,1	-57,8	0	152,8
1291	04.08.2025 06:56:30,000	14,04	4,62	8,0	24,5	-57,6	0	153,3
1292	04.08.2025 06:56:31,000	14,01	4,62	8,2	26,1	-55,7	0	151,4
1293	04.08.2025 06:56:32,000	14,01	4,62	7,0	26,1	-56,9	0	151,8
1294	04.08.2025 06:56:33,000	14,01	4,62	7,0	24,3	-58,6	0	153,7
1295	04.08.2025 06:56:34,000	13,98	4,61	8,0	27,2	-54,8	0	150,3
1296	04.08.2025 06:56:35,000	13,98	4,61	7,3	27,3	-55,3	0	150,3
1297	04.08.2025 06:56:36,000	13,98	4,64	6,0	24,0	-59,9	0	154,3
1298	04.08.2025 06:56:37,000	13,95	4,61	6,7	26,5	-56,8	0	151,5
1299	04.08.2025 06:56:38,000	13,95	4,61	7,0	28,7	-54,3	0	149,0
1300	04.08.2025 06:56:39,000	13,95	4,61	6,5	25,5	-57,9	0	152,6
1301	04.08.2025 06:56:40,000	13,95	4,64	-53,1	24,6	12,3	0	62,8
1302	04.08.2025 06:56:41,000	13,95	4,64	-22,0	15,9	52,1	1	19,8
1303	04.08.2025 06:56:42,000	13,95	4,64	6,8	65,9	17,2	0	71,5
1304	04.08.2025 06:56:43,000	13,95	4,64	2,4	69,7	18,0	0	71,6
1305	04.08.2025 06:56:44,000	13,95	4,66	2,9	69,1	18,0	0	71,5
1306	04.08.2025 06:56:45,000	13,95	4,64	6,6	66,2	17,1	0	71,6
1307	04.08.2025 06:56:46,000	13,91	4,66	3,9	67,9	18,2	0	71,0
1308	04.08.2025 06:56:47,000	13,91	4,63	3,9	69,0	17,1	0	72,2
1309	04.08.2025 06:56:48,000	13,91	4,66	4,4	67,6	18,0	0	71,1
1310	04.08.2025 06:56:49,000	13,91	4,66	3,6	67,9	18,6	0	70,7
1311	04.08.2025 06:56:50,000	13,91	4,66	5,3	67,3	17,3	0	71,7
1312	04.08.2025 06:56:51,000	13,91	4,63	4,7	68,2	17,1	0	72,0
1313	04.08.2025 06:56:52,000	13,88	4,63	1,6	69,3	19,2	0	70,5
1314	04.08.2025 06:56:53,000	13,88	4,65	4,8	67,1	18,1	0	70,9
1315	04.08.2025 06:56:54,000	13,88	4,63	5,2	69,0	15,8	0	73,3
1316	04.08.2025 06:56:55,000	13,88	4,65	2,4	69,5	18,0	0	71,5
1317	04.08.2025 06:56:56,000	13,88	4,65	3,3	68,8	17,8	0	71,5
1318	04.08.2025 06:56:57,000	13,88	4,65	4,5	69,8	15,7	0	73,5
1319	04.08.2025 06:56:58,000	13,88	4,65	4,0	69,6	16,4	0	72,9
1320	04.08.2025 06:56:59,000	13,88	4,65	2,9	69,4	17,7	0	71,7
1321	04.08.2025 06:57:00,000	13,85	4,63	3,9	69,2	16,9	0	72,4
1322	04.08.2025 06:57:01,000	13,85	4,65	3,3	69,9	16,8	0	72,6
1323	04.08.2025 06:57:02,000	13,85	4,65	4,0	68,5	17,5	0	71,7
1324	04.08.2025 06:57:03,000	13,85	4,65	3,4	68,6	18,0	0	71,4
1325	04.08.2025 06:57:04,000	13,85	4,65	3,8	68,2	17,9	0	71,3
1326	04.08.2025 06:57:05,000	13,85	4,63	4,5	69,4	16,1	0	73,1
1327	04.08.2025 06:57:06,000	13,85	4,65	3,2	68,3	18,5	0	70,8
1328	04.08.2025 06:57:07,000	13,85	4,65	3,9	67,7	18,4	0	70,8
1329	04.08.2025 06:57:08,000	13,85	4,65	5,1	68,5	16,3	0	72,8
1330	04.08.2025 06:57:09,000	13,85	4,65	3,5	68,2	18,2	0	71,0
1331	04.08.2025 06:57:10,000	13,85	4,65	4,1	67,7	18,2	0	71,0
1332	04.08.2025 06:57:11,000	13,85	4,65	4,9	66,9	18,2	0	70,8
1333	04.08.2025 06:57:12,000	13,85	4,65	4,4	66,4	19,2	0	69,9
1334	04.08.2025 06:57:13,000	13,82	4,65	3,8	67,2	19,0	0	70,2
1335	04.08.2025 06:57:14,000	13,82	4,65	5,6	65,9	18,5	0	70,4
1336	04.08.2025 06:57:15,000	13,82	4,65	4,6	65,9	19,5	0	69,5
1337	04.08.2025 06:57:16,000	13,85	4,65	4,4	65,4	20,2	0	68,8
1338	04.08.2025 06:57:17,000	13,82	4,65	6,0	66,1	17,9	0	71,0
1339	04.08.2025 06:57:18,000	13,82	4,65	4,5	64,9	20,6	0	68,4
1340	04.08.2025 06:57:19,000	13,82	4,67	4,8	64,0	21,2	0	67,7
1341	04.08.2025 06:57:20,000	13,85	4,65	6,5	65,7	17,8	0	71,0
1342	04.08.2025 06:57:21,000	13,85	4,65	4,1	66,1	19,7	0	69,4
1343	04.08.2025 06:57:22,000	13,85	4,65	4,7	63,6	21,7	0	67,2
1344	04.08.2025 06:57:23,000	13,85	4,63	6,5	65,5	18,0	0	70,7
1345	04.08.2025 06:57:24,000	13,85	4,65	4,9	66,7	18,4	0	70,6
1346	04.08.2025 06:57:25,000	13,85	4,67	3,7	66,1	20,2	0	68,9
1347	04.08.2025 06:57:26,000	13,85	4,65	5,7	63,6	20,8	0	67,9
1348	04.08.2025 06:57:27,000	13,85	4,65	5,6	66,0	18,4	0	70,5
1349	04.08.2025 06:57:28,000	13,85	4,65	4,4	66,7	18,9	0	70,2
1350	04.08.2025 06:57:29,000	13,85	4,65	4,8	64,6	20,5	0	68,4
1351	04.08.2025 06:57:30,000	13,85	4,65	5,1	67,7	17,2	0	71,9
1352	04.08.2025 06:57:31,000	13,85	4,65	4,4	70,3	15,3	0	74,0
1353	04.08.2025 06:57:32,000	13,85	4,65	3,2	69,7	17,1	0	72,3
1354	04.08.2025 06:57:33,000	13,85	4,65	5,1	67,7	17,2	0	71,8
1355	04.08.2025 06:57:34,000	13,85	4,65	5,0	67,6	17,4	0	71,7
1356	04.08.2025 06:57:35,000	13,85	4,63	5,3	65,8	19,0	0	69,9
1357	04.08.2025 06:57:36,000	13,85	4,65	6,1	63,4	20,5	0	68,1
1358	04.08.2025 06:57:37,000	13,85	4,67	4,6	65,6	19,8	0	69,2
1359	04.08.2025 06:57:38,000	13,85	4,65	6,3	66,6	17,1	0	71,8
1360	04.08.2025 06:57:39,000	13,85	4,63	3,8	68,2	18,0	0	71,3
1361	04.08.2025 06:57:40,000	13,85	4,65	3,9	71,8	14,3	0	75,1
1362	04.08.2025 06:57:41,000	13,85	4,63	4,3	71,4	14,2	0	75,1
1363	04.08.2025 06:57:42,000	13,88	4,65	3,3	73,4	13,3	0	76,2
1364	04.08.2025 06:57:43,000	13,88	4,65	4,2	72,0	13,8	0	75,6
1365	04.08.2025 06:57:44,000	13,88	4,63	4,1	71,2	14,7	0	74,7
1366	04.08.2025 06:57:45,000	13,88	4,65	4,6	70,4	15,1	0	74,2
1367	04.08.2025 06:57:46,000	13,88	4,63	4,2	70,3	15,5	0	73,8
1368	04.08.2025 06:57:47,000	13,88	4,63	4,7	70,3	15,0	0	74,3
1369	04.08.2025 06:57:48,000	13,88	4,63	4,4	72,4	13,1	0	76,3
1370	04.08.2025 06:57:49,000	13,88	4,63	3,9	70,1	16,0	0	73,3
1371	04.08.2025 06:57:50,000	13,88	4,65	4,8	70,3	14,9	0	74,3
1372	04.08.2025 06:57:51,000	13,88	4,65	4,6	71,8	13,6	0	75,8
1373	04.08.2025 06:57:52,000	13,91	4,63	3,2	71,3	15,5	0	73,9
1374	04.08.2025 06:57:53,000	13,91	4,63	4,6	71,6	13,8	0	75,5
1375	04.08.2025 06:57:54,000	13,91	4,63	5,2	69,8	15,0	0	74,2
1376	04.08.2025 06:57:55,000	13,91	4,63	4,9	69,4	15,7	0	73,5
1377	04.08.2025 06:57:56,000	13,91	4,66	4,9	68,2	17,0	0	72,2
1378	04.08.2025 06:57:57,000	13,91	4,66	-6,7	52,1	-31,2	1	123,7
1379	04.08.2025 06:57:58,000	13,91	4,63	-48,5	11,5	-29,9	0	158,0
1380	04.08.2025 06:57:59,000	13,95	4,66	1,4	-69,3	-19,3	0	-109,6
1381	04.08.2025 06:58:00,000	13,95	4,66	2,6	-65,9	-21,5	0	-112,1
1382	04.08.2025 06:58:01,000	13,95	4,66	2,7	-63,5	-23,8	0	-114,5
1383	04.08.2025 06:58:02,000	13,95	4,66	2,6	-63,8	-23,6	0	-114,2
1384	04.08.2025 06:58:03,000	13,95	4,64	2,9	-66,7	-20,4	0	-111,1
1385	04.08.2025 06:58:04,000	13,95	4,66	1,6	-65,0	-23,4	0	-113,8
1386	04.08.2025 06:58:05,000	13,95	4,66	2,9	-65,3	-21,8	0	-112,5
1387	04.08.2025 06:58:06,000	13,95	4,64	2,9	-66,2	-20,9	0	-111,6
1388	04.08.2025 06:58:07,000	13,95	4,64	2,0	-65,6	-22,5	0	-113,0
1389	04.08.2025 06:58:08,000	13,95	4,64	2,7	-66,2	-21,1	0	-111,7
1390	04.08.2025 06:58:09,000	13,95	4,64	2,4	-66,3	-21,2	0	-111,8
1391	04.08.2025 06:58:10,000	13,95	4,66	2,7	-66,0	-21,3	0	-111,9
1392	04.08.2025 06:58:11,000	13,95	4,64	2,0	-66,6	-21,4	0	-111,8
1393	04.08.2025 06:58:12,000	13,98	4,69	2,6	-66,1	-21,3	0	-111,9
1394	04.08.2025 06:58:13,000	13,98	4,64	3,1	-64,1	-22,9	0	-113,7
1395	04.08.2025 06:58:14,000	13,98	4,64	2,8	-63,7	-23,5	0	-114,2
1396	04.08.2025 06:58:15,000	13,98	4,66	2,6	-62,1	-25,3	0	-116,0
1397	04.08.2025 06:58:16,000	13,98	4,66	2,5	-62,5	-25,0	0	-115,7
1398	04.08.2025 06:58:17,000	13,98	4,66	3,1	-63,8	-23,1	0	-113,9
1399	04.08.2025 06:58:18,000	13,98	4,66	2,1	-63,0	-24,9	0	-115,5
1400	04.08.2025 06:58:19,000	13,98	4,66	3,1	-63,3	-23,7	0	-114,5
1401	04.08.2025 06:58:20,000	13,98	4,64	2,6	-64,0	-23,4	0	-114,1
1402	04.08.2025 06:58:21,000	13,98	4,64	2,6	-64,6	-22,8	0	-113,4
1403	04.08.2025 06:58:22,000	13,98	4,66	2,5	-64,3	-23,2	0	-113,8
1404	04.08.2025 06:58:23,000	13,98	4,64	3,1	-65,0	-21,9	0	-112,6
1405	04.08.2025 06:58:24,000	13,98	4,66	2,4	-63,9	-23,7	0	-114,3
1406	04.08.2025 06:58:25,000	14,01	4,66	2,7	-64,3	-23,0	0	-113,7
1407	04.08.2025 06:58:26,000	14,01	4,64	3,0	-62,8	-24,2	0	-115,0
1408	04.08.2025 06:58:27,000	14,01	4,66	2,6	-61,0	-26,4	0	-117,2
1409	04.08.2025 06:58:28,000	14,01	4,66	2,7	-63,0	-24,3	0	-115,0
1410	04.08.2025 06:58:29,000	14,01	4,64	2,2	-63,3	-24,6	0	-115,1
1411	04.08.2025 06:58:30,000	14,01	4,66	3,8	-63,4	-22,9	0	-113,8
1412	04.08.2025 06:58:31,000	14,01	4,64	2,7	-62,7	-24,6	0	-115,4
1413	04.08.2025 06:58:32,000	14,01	4,66	2,3	-63,9	-23,8	0	-114,4
1414	04.08.2025 06:58:33,000	14,01	4,64	2,2	-64,7	-23,0	0	-113,6
1415	04.08.2025 06:58:34,000	14,01	4,64	2,1	-65,9	-22,0	0	-112,5
1416	04.08.2025 06:58:35,000	14,01	4,66	3,7	-64,3	-22,0	0	-112,9
1417	04.08.2025 06:58:36,000	14,04	4,67	2,8	-62,8	-24,4	0	-115,2
1418	04.08.2025 06:58:37,000	14,04	4,64	2,2	-60,9	-26,9	0	-117,5
1419	04.08.2025 06:58:38,000	14,04	4,64	2,7	-63,3	-24,0	0	-114,7
1420	04.08.2025 06:58:39,000	14,04	4,67	2,3	-64,5	-23,2	0	-113,8
1421	04.08.2025 06:58:40,000	14,04	4,64	3,0	-64,2	-22,9	0	-113,6
1422	04.08.2025 06:58:41,000	14,04	4,64	2,6	-63,7	-23,7	0	-114,4
1423	04.08.2025 06:58:42,000	14,04	4,67	2,7	-63,6	-23,7	0	-114,4
1424	04.08.2025 06:58:43,000	14,07	4,67	2,8	-64,9	-22,3	0	-113,0
1425	04.08.2025 06:58:44,000	14,07	4,65	3,1	-62,5	-24,4	0	-115,2
1426	04.08.2025 06:58:45,000	14,07	4,65	2,6	-62,9	-24,5	0	-115,2
1427	04.08.2025 06:58:46,000	14,07	4,67	2,5	-64,2	-23,3	0	-114,0
1428	04.08.2025 06:58:47,000	14,07	4,65	2,7	-64,2	-23,1	0	-113,8
1429	04.08.2025 06:58:48,000	14,07	4,65	2,9	-62,7	-24,4	0	-115,2
1430	04.08.2025 06:58:49,000	14,07	4,67	2,5	-63,0	-24,4	0	-115,1
1431	04.08.2025 06:58:50,000	14,07	4,65	2,2	-64,5	-23,3	0	-113,9
1432	04.08.2025 06:58:51,000	14,10	4,65	3,2	-63,9	-22,9	0	-113,7
1433	04.08.2025 06:58:52,000	14,10	4,65	-40,2	-11,6	-38,3	0	-161,8
1434	04.08.2025 06:58:53,000	14,10	4,63	-51,1	8,7	-30,2	1	163,1
1435	04.08.2025 06:58:54,000	14,10	4,65	-59,2	5,1	-25,8	1	168,5
1436	04.08.2025 06:58:55,000	14,13	4,68	-53,6	9,4	-27,1	0	160,2
1437	04.08.2025 06:58:56,000	14,13	4,63	-53,7	8,2	-28,1	0	163,0
1438	04.08.2025 06:58:57,000	14,13	4,65	-50,3	10,4	-29,3	1	159,6
1439	04.08.2025 06:58:58,000	14,16	4,63	-55,3	8,1	-26,6	0	162,4
1440	04.08.2025 06:58:59,000	14,16	4,66	-49,2	9,5	-31,3	0	162,3
1441	04.08.2025 06:59:00,000	14,16	4,66	-52,2	8,9	-28,9	0	162,1
1442	04.08.2025 06:59:01,000	14,19	4,64	-53,1	9,4	-27,6	0	160,5
1443	04.08.2025 06:59:02,000	14,19	4,64	-52,3	9,0	-28,7	1	161,9
1444	04.08.2025 06:59:03,000	14,19	4,64	-56,0	7,7	-26,4	0	163,2
1445	04.08.2025 06:59:04,000	14,19	4,66	-53,2	9,1	-27,7	0	161,1
1446	04.08.2025 06:59:05,000	14,19	4,64	-53,1	8,7	-28,2	1	162,1
1447	04.08.2025 06:59:06,000	14,22	4,64	-55,4	7,7	-26,9	1	163,4
1448	04.08.2025 06:59:07,000	14,22	4,64	-53,8	8,1	-28,1	1	163,2
1449	04.08.2025 06:59:08,000	14,22	4,64	-52,4	8,8	-28,8	1	162,3
1450	04.08.2025 06:59:09,000	14,22	4,64	-53,6	9,1	-27,3	1	160,9
1451	04.08.2025 06:59:10,000	14,26	4,64	-53,6	8,9	-27,4	0	161,3
1452	04.08.2025 06:59:11,000	14,26	4,64	-53,8	7,1	-29,1	0	165,6
1453	04.08.2025 06:59:12,000	14,26	4,64	-51,9	8,3	-29,8	0	163,7
1454	04.08.2025 06:59:13,000	14,26	4,64	-54,5	7,6	-27,9	1	164,2
1455	04.08.2025 06:59:14,000	14,29	4,65	-51,1	11,3	-27,6	0	156,9
1456	04.08.2025 06:59:15,000	14,29	4,65	-55,1	8,1	-26,7	0	162,5
1457	04.08.2025 06:59:16,000	14,29	4,65	-54,2	8,2	-27,6	1	162,7
1458	04.08.2025 06:59:17,000	14,29	4,65	-53,6	7,3	-29,1	0	165,2
1459	04.08.2025 06:59:18,000	14,29	4,65	-53,1	9,8	-27,1	0	159,4
1460	04.08.2025 06:59:19,000	14,32	4,62	-83,6	0,7	-5,6	0	159,4
1461	04.08.2025 06:59:20,000	14,32	4,62	-43,0	-11,1	-36,0	0	-161,6
1462	04.08.2025 06:59:21,000	14,32	4,65	-0,8	26,1	-63,2	0	153,7
1463	04.08.2025 06:59:22,000	14,32	4,65	-2,0	25,2	-62,9	0	154,3
1464	04.08.2025 06:59:23,000	14,32	4,65	-2,1	26,8	-61,0	0	152,5
1465	04.08.2025 06:59:24,000	14,32	4,65	-0,9	26,1	-63,0	0	153,6
1466	04.08.2025 06:59:25,000	14,32	4,65	-3,9	25,8	-60,3	0	153,1
1467	04.08.2025 06:59:26,000	14,32	4,65	-1,2	27,5	-61,3	0	152,1
1468	04.08.2025 06:59:27,000	14,32	4,65	-3,2	26,1	-60,7	0	153,0
1469	04.08.2025 06:59:28,000	14,32	4,65	-1,2	26,7	-62,1	0	152,9
1470	04.08.2025 06:59:29,000	14,32	4,62	-1,9	27,5	-60,6	0	151,9
1471	04.08.2025 06:59:30,000	14,35	4,65	-4,1	26,1	-59,8	0	152,7
1472	04.08.2025 06:59:31,000	14,35	4,65	-1,2	26,1	-62,7	0	153,5
1473	04.08.2025 06:59:32,000	14,35	4,65	-1,3	25,9	-62,8	0	153,7
1474	04.08.2025 06:59:33,000	14,35	4,65	-1,5	27,1	-61,3	0	152,4
1475	04.08.2025 06:59:34,000	14,35	4,67	-3,2	26,4	-60,3	0	152,6
1476	04.08.2025 06:59:35,000	14,35	4,63	-1,0	25,9	-63,1	0	153,9
1477	04.08.2025 06:59:36,000	14,35	4,63	-0,9	26,3	-62,8	0	153,4
1478	04.08.2025 06:59:37,000	14,35	4,63	-3,4	26,6	-60,0	0	152,4
1479	04.08.2025 06:59:38,000	14,35	4,65	-1,6	26,3	-62,1	0	153,2
1480	04.08.2025 06:59:39,000	14,35	4,65	-1,0	26,5	-62,6	0	153,3
1481	04.08.2025 06:59:40,000	14,35	4,65	-2,6	25,8	-61,6	0	153,5
1482	04.08.2025 06:59:41,000	14,35	4,65	-1,4	26,2	-62,4	0	153,4
1483	04.08.2025 06:59:42,000	14,35	4,65	-0,9	26,6	-62,6	0	153,2
1484	04.08.2025 06:59:43,000	14,35	4,65	-2,3	26,1	-61,6	0	153,2
1485	04.08.2025 06:59:44,000	14,38	4,63	-2,5	25,7	-61,8	0	153,6
1486	04.08.2025 06:59:45,000	14,38	4,65	-1,6	26,0	-62,4	0	153,6
1487	04.08.2025 06:59:46,000	14,38	4,65	-1,4	27,5	-61,1	0	152,0
1488	04.08.2025 06:59:47,000	14,38	4,65	-2,1	27,6	-60,3	0	151,8
1489	04.08.2025 06:59:48,000	14,38	4,65	-2,1	25,9	-62,0	0	153,5
1490	04.08.2025 06:59:49,000	14,38	4,65	-2,2	24,8	-63,0	0	154,6
1491	04.08.2025 06:59:50,000	14,38	4,65	-0,6	26,2	-63,1	0	153,6
1492	04.08.2025 06:59:51,000	14,38	4,65	-1,7	26,4	-61,9	0	153,1
1493	04.08.2025 06:59:52,000	14,38	4,65	-2,5	26,9	-60,6	0	152,4
1494	04.08.2025 06:59:53,000	14,38	4,65	-1,7	26,9	-61,4	0	152,6
1495	04.08.2025 06:59:54,000	14,38	4,65	-1,9	25,1	-63,0	0	154,4
1496	04.08.2025 06:59:55,000	14,38	4,65	-0,8	25,7	-63,5	0	154,1
1497	04.08.2025 06:59:56,000	14,38	4,65	-1,8	25,6	-62,6	0	153,9
1498	04.08.2025 06:59:57,000	14,41	4,66	-0,9	25,3	-63,8	0	154,4
1499	04.08.2025 06:59:58,000	14,41	4,66	-1,5	26,9	-61,6	0	152,7
1500	04.08.2025 06:59:59,000	14,41	4,63	-3,2	28,4	-58,3	0	150,5
1501	04.08.2025 07:00:00,000	14,41	4,66	-2,6	26,0	-61,3	0	153,2
1502	04.08.2025 07:00:01,000	14,41	4,66	-2,9	25,8	-61,3	0	153,4
1503	04.08.2025 07:00:02,000	14,41	4,66	-2,2	27,1	-60,7	0	152,2
1504	04.08.2025 07:00:03,000	14,41	4,63	-3,2	28,1	-58,7	0	150,9
1505	04.08.2025 07:00:04,000	14,41	4,63	-2,5	29,0	-58,5	0	150,2
1506	04.08.2025 07:00:05,000	14,41	4,63	-5,0	28,5	-56,6	0	149,9
1507	04.08.2025 07:00:06,000	14,44	4,66	-5,0	28,7	-56,3	0	149,6
1508	04.08.2025 07:00:07,000	14,44	4,66	-3,6	29,8	-56,6	0	148,9
1509	04.08.2025 07:00:08,000	14,44	4,66	-4,7	30,6	-54,6	0	147,7
1510	04.08.2025 07:00:09,000	14,44	4,66	-5,9	30,4	-53,8	0	147,5
1511	04.08.2025 07:00:10,000	14,44	4,64	-5,5	29,8	-54,6	0	148,3
1512	04.08.2025 07:00:11,000	14,44	4,66	-4,0	30,3	-55,7	0	148,3
1513	04.08.2025 07:00:12,000	14,44	4,66	-3,9	29,3	-56,8	0	149,4
1514	04.08.2025 07:00:13,000	14,44	4,66	-4,3	27,7	-58,0	0	150,9
1515	04.08.2025 07:00:14,000	14,44	4,66	-2,7	27,1	-60,2	0	152,1
1516	04.08.2025 07:00:15,000	14,44	4,66	-2,5	26,5	-60,9	0	152,7
1517	04.08.2025 07:00:16,000	14,44	4,64	-0,7	27,0	-62,3	0	152,8
1518	04.08.2025 07:00:17,000	14,47	4,66	-1,8	25,6	-62,6	0	153,9
1519	04.08.2025 07:00:18,000	14,47	4,64	-2,9	25,4	-61,8	0	153,8
1520	04.08.2025 07:00:19,000	14,47	4,66	-0,2	27,0	-62,8	0	153,0
1521	04.08.2025 07:00:20,000	14,47	4,66	-2,8	24,4	-62,8	0	154,8
1522	04.08.2025 07:00:21,000	14,47	4,64	-0,2	26,5	-63,3	0	153,5
1523	04.08.2025 07:00:22,000	14,47	4,64	-2,8	25,3	-61,9	0	153,9
1524	04.08.2025 07:00:23,000	14,47	4,64	-0,6	27,1	-62,3	0	152,7
1525	04.08.2025 07:00:24,000	14,47	4,64	-2,4	26,0	-61,6	0	153,3
1526	04.08.2025 07:00:25,000	14,47	4,64	-5,5	27,3	-57,2	0	151,0
1527	04.08.2025 07:00:26,000	14,47	4,64	-2,0	30,7	-57,4	0	148,7
1528	04.08.2025 07:00:27,000	14,47	4,66	-4,7	29,1	-56,2	0	149,3
1529	04.08.2025 07:00:28,000	14,50	4,64	-6,6	28,2	-55,2	0	149,7
1530	04.08.2025 07:00:29,000	14,50	4,64	-2,8	31,1	-56,0	0	147,9
1531	04.08.2025 07:00:30,000	14,50	4,64	-5,7	29,1	-55,2	0	148,9
1532	04.08.2025 07:00:31,000	14,50	4,64	-4,2	28,4	-57,4	0	150,2
1533	04.08.2025 07:00:32,000	14,50	4,64	-3,0	28,5	-58,6	0	150,6
1534	04.08.2025 07:00:33,000	14,50	4,67	-3,4	26,5	-60,1	0	152,5
1535	04.08.2025 07:00:34,000	14,50	4,67	-1,9	27,4	-60,7	0	152,0
1536	04.08.2025 07:00:35,000	14,50	4,64	-1,8	27,3	-60,9	0	152,2
1537	04.08.2025 07:00:36,000	14,50	4,67	-3,3	24,4	-62,3	0	154,7
1538	04.08.2025 07:00:37,000	14,53	4,65	0,1	27,0	-63,0	0	153,0
1539	04.08.2025 07:00:38,000	14,53	4,65	-0,1	25,3	-64,6	0	154,7
1540	04.08.2025 07:00:39,000	14,53	4,65	-3,1	22,5	-64,4	0	156,7
1541	04.08.2025 07:00:40,000	14,53	4,67	1,6	25,9	-62,5	0	153,6
1542	04.08.2025 07:00:41,000	14,53	4,65	-0,4	23,2	-66,4	0	156,7
1543	04.08.2025 07:00:42,000	14,53	4,67	0,6	24,5	-64,9	0	155,3
1544	04.08.2025 07:00:43,000	14,53	4,67	0,6	22,1	-67,3	0	157,8
1545	04.08.2025 07:00:44,000	14,53	4,65	2,3	20,2	-67,5	0	159,3
1546	04.08.2025 07:00:45,000	14,53	4,65	2,2	19,4	-68,4	0	160,1
1547	04.08.2025 07:00:46,000	14,56	4,65	2,2	18,3	-69,5	0	161,2
1548	04.08.2025 07:00:47,000	14,56	4,65	3,4	19,9	-66,7	0	159,4
1549	04.08.2025 07:00:48,000	14,56	4,65	1,6	20,1	-68,3	0	159,5
1550	04.08.2025 07:00:49,000	14,56	4,67	-0,1	21,7	-68,2	0	158,3
1551	04.08.2025 07:00:50,000	14,56	4,65	2,2	23,4	-64,4	0	156,0
1552	04.08.2025 07:00:51,000	14,56	4,65	-3,3	21,7	-65,0	0	157,5
1553	04.08.2025 07:00:52,000	14,56	4,65	1,0	25,2	-63,8	0	154,6
1554	04.08.2025 07:00:53,000	14,56	4,65	-0,5	24,7	-64,8	0	155,1
1555	04.08.2025 07:00:54,000	14,56	4,65	-2,8	23,0	-64,2	0	156,3
1556	04.08.2025 07:00:55,000	14,60	4,65	0,3	25,2	-64,5	0	154,7
1557	04.08.2025 07:00:56,000	14,60	4,65	-0,7	25,5	-63,8	0	154,3
1558	04.08.2025 07:00:57,000	14,60	4,65	-2,0	24,4	-63,6	0	155,1
1559	04.08.2025 07:00:58,000	14,60	4,65	-1,3	25,9	-62,8	0	153,7
1560	04.08.2025 07:00:59,000	14,60	4,65	-0,4	25,6	-64,0	0	154,3
1561	04.08.2025 07:01:00,000	14,60	4,65	-3,9	24,8	-61,4	0	154,2
1562	04.08.2025 07:01:01,000	14,60	4,65	0,5	25,9	-63,5	0	153,9
1563	04.08.2025 07:01:02,000	14,63	4,63	-2,1	25,5	-62,4	0	153,9
1564	04.08.2025 07:01:03,000	14,63	4,65	-2,1	24,7	-63,2	0	154,7
1565	04.08.2025 07:01:04,000	14,63	4,63	1,5	25,0	-63,5	0	154,6
1566	04.08.2025 07:01:05,000	14,63	4,63	-1,4	24,8	-63,8	0	154,8
1567	04.08.2025 07:01:06,000	14,63	4,65	-1,2	24,4	-64,4	0	155,3
1568	04.08.2025 07:01:07,000	14,63	4,65	0,1	25,4	-64,5	0	154,6
1569	04.08.2025 07:01:08,000	14,63	4,65	-1,3	25,6	-63,2	0	154,1
1570	04.08.2025 07:01:09,000	14,63	4,65	-2,0	25,0	-63,0	0	154,4
1571	04.08.2025 07:01:10,000	14,63	4,63	-0,4	24,9	-64,7	0	155,0
1572	04.08.2025 07:01:11,000	14,66	4,63	-0,4	25,6	-64,1	0	154,3
1573	04.08.2025 07:01:12,000	14,66	4,63	-2,6	23,8	-63,7	0	155,6
1574	04.08.2025 07:01:13,000	14,66	4,63	-0,1	26,6	-63,3	0	153,4
1575	04.08.2025 07:01:14,000	14,66	4,63	0,6	24,3	-65,1	0	155,6
1576	04.08.2025 07:01:15,000	14,66	4,63	-4,0	24,3	-61,7	0	154,6
1577	04.08.2025 07:01:16,000	14,66	4,63	0,0	27,3	-62,7	0	152,7
1578	04.08.2025 07:01:17,000	14,66	4,63	0,4	25,6	-64,0	0	154,3
1579	04.08.2025 07:01:18,000	14,66	4,63	-5,5	23,7	-60,8	0	154,9
1580	04.08.2025 07:01:19,000	14,66	4,63	1,6	25,9	-62,5	0	153,7
1581	04.08.2025 07:01:20,000	14,69	4,64	-0,7	24,9	-64,4	0	154,9
1582	04.08.2025 07:01:21,000	14,69	4,66	-4,9	22,8	-62,3	0	155,9
1583	04.08.2025 07:01:22,000	14,69	4,64	2,3	25,6	-62,1	0	153,7
1584	04.08.2025 07:01:23,000	14,69	4,64	-0,8	24,4	-64,8	0	155,4
1585	04.08.2025 07:01:24,000	14,69	4,64	-2,8	22,7	-64,6	0	156,6
1586	04.08.2025 07:01:25,000	14,69	4,64	1,6	25,9	-62,5	0	153,6
1587	04.08.2025 07:01:26,000	14,69	4,61	-2,6	23,8	-63,6	0	155,5
1588	04.08.2025 07:01:27,000	14,69	4,64	-0,8	24,7	-64,5	0	155,1
1589	04.08.2025 07:01:28,000	14,69	4,61	-0,6	24,9	-64,4	0	154,9
1590	04.08.2025 07:01:29,000	14,69	4,64	-0,9	24,8	-64,3	0	154,9
1591	04.08.2025 07:01:30,000	14,72	4,64	-0,1	25,4	-64,4	0	154,5
1592	04.08.2025 07:01:31,000	14,72	4,64	-1,9	23,5	-64,6	0	156,0
1593	04.08.2025 07:01:32,000	14,72	4,64	1,1	25,3	-63,6	0	154,4
1594	04.08.2025 07:01:33,000	14,72	4,62	-1,3	24,1	-64,6	0	155,5
1595	04.08.2025 07:01:34,000	14,72	4,64	-0,2	24,6	-65,3	0	155,4
1596	04.08.2025 07:01:35,000	14,72	4,64	-1,0	24,6	-64,4	0	155,1
1597	04.08.2025 07:01:36,000	14,72	4,64	-0,1	25,1	-64,9	0	154,9
1598	04.08.2025 07:01:37,000	14,75	4,62	0,5	23,8	-65,7	0	156,1
1599	04.08.2025 07:01:38,000	14,75	4,64	-2,3	24,1	-63,6	0	155,3
1600	04.08.2025 07:01:39,000	14,75	4,62	1,4	24,8	-63,9	0	154,8
1601	04.08.2025 07:01:40,000	14,75	4,64	-1,4	24,3	-64,3	0	155,3
1602	04.08.2025 07:01:41,000	14,75	4,64	23,4	6,6	-59,9	0	172,2
1603	04.08.2025 07:01:42,000	14,75	4,60	15,4	-36,5	-38,1	0	-136,0
1604	04.08.2025 07:01:43,000	14,75	4,62	23,2	-25,5	-41,3	0	-146,4
1605	04.08.2025 07:01:44,000	14,78	4,62	20,0	8,4	-61,6	0	170,2
1606	04.08.2025 07:01:45,000	14,78	4,60	18,1	-0,2	71,7	0	-0,2
1607	04.08.2025 07:01:46,000	14,78	4,65	20,0	22,5	47,5	0	28,2
1608	04.08.2025 07:01:47,000	14,81	4,67	14,8	14,0	61,2	0	16,0
1609	04.08.2025 07:01:48,000	14,81	4,67	19,2	26,5	44,3	0	33,2
1610	04.08.2025 07:01:49,000	14,81	4,70	-8,1	20,8	61,1	0	22,6
1611	04.08.2025 07:01:50,000	14,81	4,70	-5,8	13,6	70,6	0	14,4
1612	04.08.2025 07:01:51,000	14,81	4,67	0,9	11,1	78,0	0	11,2
1613	04.08.2025 07:01:52,000	14,84	4,70	-24,8	9,3	55,9	1	11,4
1614	04.08.2025 07:01:53,000	14,84	4,68	37,6	31,4	-21,1	0	124,9
1615	04.08.2025 07:01:54,000	14,93	4,64	46,8	0,1	-43,1	0	179,8
1616	04.08.2025 07:01:55,000	15,12	4,56	60,8	26,7	2,5	0	84,4
1617	04.08.2025 07:01:56,000	15,39	4,54	-14,8	60,0	15,2	0	72,5
1618	04.08.2025 07:01:57,000	15,67	4,47	-34,3	31,0	24,8	0	50,6
1619	04.08.2025 07:01:58,000	15,88	4,57	0,7	48,5	40,8	0	48,9
1620	04.08.2025 07:01:59,000	16,03	4,58	4,1	-22,5	63,4	0	-23,5
1621	04.08.2025 07:02:00,000	16,21	4,53	-8,8	46,4	-34,9	0	128,6
1622	04.08.2025 07:02:01,000	16,40	4,47	-3,7	45,9	-40,4	0	132,1
1623	04.08.2025 07:02:02,000	16,58	4,54	-8,2	-22,4	-59,4	0	-155,6
1624	04.08.2025 07:02:03,000	16,76	4,49	-18,5	-7,8	-63,7	1	-171,1
1625	04.08.2025 07:02:04,000	16,97	4,55	-24,4	-15,2	-50,4	0	-160,6
1626	04.08.2025 07:02:05,000	17,06	4,54	9,7	33,0	-47,3	1	143,1
1627	04.08.2025 07:02:06,000	17,21	4,55	-6,9	62,3	-20,8	0	112,4
1628	04.08.2025 07:02:07,000	17,33	4,56	-48,4	31,8	9,8	0	71,9
