#B	Created:	03.08.2025 12:01:39
##	Version	SeaStar	9.59
#5	Field separation:	0
#2	Date & Time:	1
#6	Decimal point:	,
#7	Date def.:	dd.mm.yyyy	.
#8	Time def.:	:
##	Axis	0	Temperature(°C)	clRed	FALSE
##	Axis	1	Pressure(Bar)	clBlue	FALSE
##	Axis	2	Angle(°)	clGreen	FALSE
##	Axis	3	EAL	clSkyBlue	FALSE
##	Axis	4	Roll(°)	$00404080	FALSE
##	Series	0	Temp(°C)	clRed	0	Temp(°C)	2
##	Series	1	Press(Bar)	clBlue	1	Press(Bar)	2
##	Series	2	Tilt-X(°)	clGreen	2	Tilt-X(°)	1
##	Series	3	Tilt-Y(°)	$00404080	2	Tilt-Y(°)	1
##	Series	4	Tilt-Z(°)	$00FF0080	2	Tilt-Z(°)	1
##	Series	5	EAL	clSkyBlue	3	EAL	0
##	Series	6	Roll(°)	$00404080	4	Roll(°)	1
##	Recorder	37	DST tilt	1173
##	Chart	37H1173DAT	
#D	Data:	1674	03.08.2025 11:33:00	03.08.2025 12:00:53
1	03.08.2025 11:33:00,000	22,60	4,58	0,5	-1,2	-88,4	0	-178,8
2	03.08.2025 11:33:01,000	22,60	4,60	0,8	-1,6	-87,6	0	-178,4
3	03.08.2025 11:33:02,000	22,57	4,60	2,4	-1,7	-85,8	0	-178,3
4	03.08.2025 11:33:03,000	22,57	4,62	3,9	-1,0	-85,2	0	-179,0
5	03.08.2025 11:33:04,000	22,57	4,60	4,1	-1,0	-84,9	0	-179,0
6	03.08.2025 11:33:05,000	22,57	4,57	2,9	-1,1	-86,0	0	-178,9
7	03.08.2025 11:33:06,000	22,57	4,60	1,4	-1,2	-87,4	0	-178,7
8	03.08.2025 11:33:07,000	22,57	4,57	0,5	-1,4	-88,1	0	-178,6
9	03.08.2025 11:33:08,000	22,57	4,60	1,7	-1,1	-87,1	0	-178,9
10	03.08.2025 11:33:09,000	22,54	4,60	2,6	-1,4	-86,0	0	-178,5
11	03.08.2025 11:33:10,000	22,54	4,60	2,9	-2,1	-85,0	0	-177,8
12	03.08.2025 11:33:11,000	22,54	4,60	2,8	-2,3	-84,9	0	-177,7
13	03.08.2025 11:33:12,000	22,54	4,57	1,9	-1,6	-86,5	0	-178,4
14	03.08.2025 11:33:13,000	22,54	4,60	2,6	-0,9	-86,5	0	-179,1
15	03.08.2025 11:33:14,000	22,54	4,60	3,0	-1,2	-85,9	0	-178,8
16	03.08.2025 11:33:15,000	22,51	4,59	2,8	-2,3	-84,9	0	-177,6
17	03.08.2025 11:33:16,000	22,51	4,59	1,5	-2,2	-86,3	0	-177,8
18	03.08.2025 11:33:17,000	22,51	4,59	1,8	-1,4	-86,7	0	-178,6
19	03.08.2025 11:33:18,000	22,51	4,59	3,0	-1,0	-86,1	0	-179,0
20	03.08.2025 11:33:19,000	22,51	4,59	4,4	-0,9	-84,7	0	-179,1
21	03.08.2025 11:33:20,000	22,51	4,57	3,9	-1,2	-84,8	0	-178,7
22	03.08.2025 11:33:21,000	22,48	4,59	2,7	-1,2	-86,1	0	-178,8
23	03.08.2025 11:33:22,000	22,48	4,59	1,9	-1,4	-86,7	0	-178,6
24	03.08.2025 11:33:23,000	22,48	4,59	2,3	-1,5	-86,2	0	-178,5
25	03.08.2025 11:33:24,000	22,48	4,59	3,1	-1,1	-85,8	0	-178,9
26	03.08.2025 11:33:25,000	22,48	4,59	4,3	-0,9	-84,8	0	-179,1
27	03.08.2025 11:33:26,000	22,48	4,59	3,4	-0,9	-85,6	0	-179,1
28	03.08.2025 11:33:27,000	22,46	4,59	1,1	-1,5	-87,4	0	-178,5
29	03.08.2025 11:33:28,000	22,46	4,59	1,6	-1,3	-87,0	0	-178,6
30	03.08.2025 11:33:29,000	22,46	4,59	3,0	-1,2	-85,8	0	-178,7
31	03.08.2025 11:33:30,000	22,46	4,61	3,7	-0,8	-85,4	0	-179,1
32	03.08.2025 11:33:31,000	22,46	4,59	3,7	-0,9	-85,4	0	-179,1
33	03.08.2025 11:33:32,000	22,43	4,58	2,1	-1,4	-86,5	0	-178,6
34	03.08.2025 11:33:33,000	22,43	4,61	0,5	-1,6	-87,9	0	-178,4
35	03.08.2025 11:33:34,000	22,43	4,58	1,9	-1,0	-87,1	0	-179,0
36	03.08.2025 11:33:35,000	22,43	4,58	4,9	-0,5	-84,6	0	-179,5
37	03.08.2025 11:33:36,000	22,43	4,61	4,8	-0,4	-84,7	0	-179,6
38	03.08.2025 11:33:37,000	22,43	4,58	2,7	-1,4	-85,9	0	-178,6
39	03.08.2025 11:33:38,000	22,40	4,60	0,6	-1,9	-87,5	0	-178,1
40	03.08.2025 11:33:39,000	22,40	4,60	1,6	-1,1	-87,3	0	-178,9
41	03.08.2025 11:33:40,000	22,40	4,60	3,6	-1,6	-84,9	0	-178,4
42	03.08.2025 11:33:41,000	22,40	4,58	4,7	-1,8	-83,5	0	-178,2
43	03.08.2025 11:33:42,000	22,40	4,58	3,9	-2,6	-83,6	0	-177,4
44	03.08.2025 11:33:43,000	22,37	4,58	1,4	-4,1	-84,5	0	-175,8
45	03.08.2025 11:33:44,000	22,37	4,58	-0,9	-3,5	-85,6	0	-176,4
46	03.08.2025 11:33:45,000	22,37	4,58	1,2	-5,0	-83,9	0	-175,0
47	03.08.2025 11:33:46,000	22,37	4,58	1,3	-8,7	-80,0	0	-171,2
48	03.08.2025 11:33:47,000	22,37	4,58	8,1	-6,8	-75,2	0	-172,8
49	03.08.2025 11:33:48,000	22,37	4,58	6,8	-16,4	-66,8	0	-162,4
50	03.08.2025 11:33:49,000	22,34	4,58	2,9	-38,4	-48,6	0	-140,3
51	03.08.2025 11:33:50,000	22,34	4,58	7,9	-34,2	-47,9	0	-142,6
52	03.08.2025 11:33:51,000	22,34	4,58	7,6	-24,5	-57,9	0	-153,4
53	03.08.2025 11:33:52,000	22,34	4,60	7,7	-22,1	-60,2	0	-156,0
54	03.08.2025 11:33:53,000	22,34	4,60	4,6	-9,3	-76,1	0	-170,3
55	03.08.2025 11:33:54,000	22,31	4,60	5,7	-10,7	-73,6	0	-168,7
56	03.08.2025 11:33:55,000	22,31	4,57	-0,3	-6,0	-83,7	1	-174,0
57	03.08.2025 11:33:56,000	22,31	4,60	14,0	-5,3	-70,8	1	-174,3
58	03.08.2025 11:33:57,000	22,31	4,57	-63,0	26,6	0,4	1	89,0
59	03.08.2025 11:33:58,000	22,28	4,55	-46,2	41,0	-2,8	0	94,3
60	03.08.2025 11:33:59,000	21,58	4,76	68,2	0,7	21,1	1	94,3
61	03.08.2025 11:34:00,000	21,23	4,80	16,0	34,1	39,9	0	41,3
62	03.08.2025 11:34:01,000	21,05	4,83	33,4	11,1	45,6	0	15,4
63	03.08.2025 11:34:02,000	20,94	4,89	46,4	5,6	37,9	0	9,2
64	03.08.2025 11:34:03,000	20,88	4,91	66,8	0,2	23,1	0	9,2
65	03.08.2025 11:34:04,000	20,82	4,92	65,8	1,7	22,5	0	9,2
66	03.08.2025 11:34:05,000	20,76	4,89	53,0	4,5	32,5	0	8,3
67	03.08.2025 11:34:06,000	20,76	4,87	53,9	12,4	23,7	1	28,2
68	03.08.2025 11:34:07,000	20,73	4,80	31,5	25,7	32,8	0	38,9
69	03.08.2025 11:34:08,000	20,70	4,70	20,5	44,5	24,9	1	58,4
70	03.08.2025 11:34:09,000	20,64	4,67	21,8	26,0	42,2	0	33,7
71	03.08.2025 11:34:10,000	20,59	4,71	40,6	3,9	45,5	0	5,5
72	03.08.2025 11:34:11,000	20,53	4,75	47,5	17,5	24,9	1	35,7
73	03.08.2025 11:34:12,000	20,50	4,73	37,0	13,0	39,9	0	19,7
74	03.08.2025 11:34:13,000	20,47	4,75	33,1	15,3	41,6	0	22,2
75	03.08.2025 11:34:14,000	20,47	4,73	35,7	2,6	51,7	0	3,3
76	03.08.2025 11:34:15,000	20,44	4,77	34,5	8,9	46,6	0	12,3
77	03.08.2025 11:34:16,000	20,41	4,79	53,7	-2,9	33,4	0	-5,3
78	03.08.2025 11:34:17,000	20,41	4,84	63,6	-1,2	25,2	0	-2,7
79	03.08.2025 11:34:18,000	20,38	4,86	44,0	11,9	34,1	0	20,4
80	03.08.2025 11:34:19,000	20,35	4,83	47,4	7,2	35,3	0	12,4
81	03.08.2025 11:34:20,000	20,35	4,86	49,2	2,7	38,1	0	4,3
82	03.08.2025 11:34:21,000	20,32	4,85	47,0	5,5	37,5	0	9,0
83	03.08.2025 11:34:22,000	20,32	4,85	44,9	-2,0	43,1	0	-2,9
84	03.08.2025 11:34:23,000	20,32	4,85	43,8	8,1	38,1	0	13,1
85	03.08.2025 11:34:24,000	20,32	4,81	33,7	16,5	39,8	0	24,3
86	03.08.2025 11:34:25,000	20,26	4,75	26,0	10,7	53,4	1	13,4
87	03.08.2025 11:34:26,000	20,20	4,77	22,9	-3,6	63,5	1	-4,1
88	03.08.2025 11:34:27,000	20,20	4,79	47,9	9,7	32,4	0	17,7
89	03.08.2025 11:34:28,000	20,17	4,79	32,6	10,9	46,5	0	15,0
90	03.08.2025 11:34:29,000	20,15	4,79	27,8	9,2	52,9	0	11,7
91	03.08.2025 11:34:30,000	20,12	4,81	34,3	4,2	51,6	0	5,4
92	03.08.2025 11:34:31,000	20,12	4,83	46,1	5,5	38,4	0	8,9
93	03.08.2025 11:34:32,000	20,09	4,85	47,0	4,4	38,7	0	7,0
94	03.08.2025 11:34:33,000	20,09	4,85	52,5	3,2	34,3	0	5,7
95	03.08.2025 11:34:34,000	20,09	4,88	52,7	6,1	31,1	0	11,8
96	03.08.2025 11:34:35,000	20,09	4,88	52,6	-4,7	32,7	0	-8,7
97	03.08.2025 11:34:36,000	20,09	4,90	60,0	-2,5	27,6	0	-5,3
98	03.08.2025 11:34:37,000	20,06	4,92	58,2	-5,0	26,8	0	-11,0
99	03.08.2025 11:34:38,000	20,06	4,92	56,7	-5,7	27,6	0	-12,2
100	03.08.2025 11:34:39,000	20,06	4,90	47,8	-2,3	39,8	0	-3,6
101	03.08.2025 11:34:40,000	20,03	4,89	34,8	6,2	49,0	1	8,3
102	03.08.2025 11:34:41,000	20,03	4,89	59,2	1,9	28,9	0	4,0
103	03.08.2025 11:34:42,000	20,00	4,94	54,4	-5,8	29,8	0	-11,6
104	03.08.2025 11:34:43,000	20,00	4,94	57,2	-3,3	29,5	0	-6,8
105	03.08.2025 11:34:44,000	20,00	4,96	57,4	-7,7	24,9	0	-17,7
106	03.08.2025 11:34:45,000	19,97	4,98	59,2	-9,4	21,4	0	-24,3
107	03.08.2025 11:34:46,000	19,97	5,01	59,5	-9,1	21,4	0	-23,5
108	03.08.2025 11:34:47,000	19,97	5,03	56,3	-7,6	26,1	0	-16,8
109	03.08.2025 11:34:48,000	19,97	5,03	55,7	-6,5	27,8	0	-13,7
110	03.08.2025 11:34:49,000	19,97	5,05	64,0	-4,9	21,1	0	-13,7
111	03.08.2025 11:34:50,000	19,97	5,08	64,6	-5,4	20,0	0	-13,7
112	03.08.2025 11:34:51,000	19,97	5,05	61,1	-3,3	25,6	0	-7,5
113	03.08.2025 11:34:52,000	19,94	5,03	54,1	0,5	35,4	0	1,0
114	03.08.2025 11:34:53,000	19,94	5,00	57,2	1,8	31,0	0	3,5
115	03.08.2025 11:34:54,000	19,94	5,05	65,7	-0,1	24,2	0	3,5
116	03.08.2025 11:34:55,000	19,94	5,05	59,9	4,3	25,8	0	9,7
117	03.08.2025 11:34:56,000	19,94	5,03	50,6	8,8	30,6	0	16,8
118	03.08.2025 11:34:57,000	19,94	5,03	53,5	8,6	27,8	0	17,9
119	03.08.2025 11:34:58,000	19,94	5,05	58,2	10,4	21,5	0	26,3
120	03.08.2025 11:34:59,000	19,97	5,08	58,6	11,8	19,5	0	31,6
121	03.08.2025 11:35:00,000	19,97	5,08	56,6	11,1	22,3	0	27,0
122	03.08.2025 11:35:01,000	19,97	5,05	53,0	12,1	24,9	0	26,7
123	03.08.2025 11:35:02,000	19,97	5,05	54,2	13,2	22,6	0	30,8
124	03.08.2025 11:35:03,000	19,94	5,07	55,7	15,5	18,8	0	39,8
125	03.08.2025 11:35:04,000	19,94	5,07	56,0	16,9	17,1	0	44,6
126	03.08.2025 11:35:05,000	19,94	5,07	55,4	16,1	18,5	0	41,1
127	03.08.2025 11:35:06,000	19,94	5,07	55,5	14,8	19,7	0	37,3
128	03.08.2025 11:35:07,000	19,94	5,07	54,3	15,0	20,7	0	36,3
129	03.08.2025 11:35:08,000	19,94	5,07	56,2	15,5	18,3	0	40,4
130	03.08.2025 11:35:09,000	19,94	5,07	54,8	15,1	20,1	0	37,3
131	03.08.2025 11:35:10,000	19,94	5,07	51,2	14,8	24,0	0	32,3
132	03.08.2025 11:35:11,000	19,94	5,05	51,1	12,4	26,5	0	25,8
133	03.08.2025 11:35:12,000	19,94	5,03	49,2	13,5	27,3	0	27,1
134	03.08.2025 11:35:13,000	19,94	5,05	48,0	18,1	23,9	0	37,7
135	03.08.2025 11:35:14,000	19,94	5,05	48,6	15,6	25,8	0	31,9
136	03.08.2025 11:35:15,000	19,94	5,07	53,7	15,9	20,4	0	38,2
137	03.08.2025 11:35:16,000	19,94	5,07	54,0	16,0	20,0	0	38,9
138	03.08.2025 11:35:17,000	19,94	5,07	53,5	15,7	20,7	0	37,5
139	03.08.2025 11:35:18,000	19,94	5,10	53,3	19,7	17,0	0	48,9
140	03.08.2025 11:35:19,000	19,91	5,09	56,3	19,7	13,9	0	54,5
141	03.08.2025 11:35:20,000	19,88	5,12	55,2	17,4	17,4	0	44,9
142	03.08.2025 11:35:21,000	19,85	5,16	53,5	14,3	22,2	0	33,2
143	03.08.2025 11:35:22,000	19,82	5,16	52,9	17,3	19,8	0	41,3
144	03.08.2025 11:35:23,000	19,82	5,18	56,2	20,2	13,6	0	55,6
145	03.08.2025 11:35:24,000	19,76	5,20	56,1	17,3	16,7	0	46,0
146	03.08.2025 11:35:25,000	19,76	5,25	55,1	15,2	19,7	0	38,0
147	03.08.2025 11:35:26,000	19,73	5,27	55,5	15,7	18,8	0	40,0
148	03.08.2025 11:35:27,000	19,73	5,29	59,5	16,5	14,0	0	40,0
149	03.08.2025 11:35:28,000	19,70	5,33	59,7	15,8	14,5	0	40,0
150	03.08.2025 11:35:29,000	19,70	5,33	57,0	14,8	18,2	0	39,3
151	03.08.2025 11:35:30,000	19,70	5,36	56,8	14,0	19,2	0	36,4
152	03.08.2025 11:35:31,000	19,67	5,38	59,1	15,2	15,7	0	36,4
153	03.08.2025 11:35:32,000	19,67	5,42	59,3	14,6	16,0	0	36,4
154	03.08.2025 11:35:33,000	19,67	5,45	56,7	14,4	18,9	0	37,5
155	03.08.2025 11:35:34,000	19,67	5,47	55,7	15,4	18,8	0	39,6
156	03.08.2025 11:35:35,000	19,67	5,47	56,7	15,3	18,0	0	40,6
157	03.08.2025 11:35:36,000	19,65	5,52	56,7	17,5	15,9	0	47,6
158	03.08.2025 11:35:37,000	19,62	5,56	57,6	16,1	16,3	0	44,7
159	03.08.2025 11:35:38,000	19,56	5,58	57,9	13,6	18,5	0	36,5
160	03.08.2025 11:35:39,000	19,56	5,60	56,8	13,1	20,1	0	33,5
161	03.08.2025 11:35:40,000	19,53	5,60	58,6	14,3	17,1	0	40,0
162	03.08.2025 11:35:41,000	19,50	5,64	60,0	15,7	14,3	0	40,0
163	03.08.2025 11:35:42,000	19,41	5,68	59,3	12,6	18,1	0	40,0
164	03.08.2025 11:35:43,000	19,29	5,69	58,3	12,1	19,5	0	32,2
165	03.08.2025 11:35:44,000	19,20	5,71	58,2	12,7	19,1	0	34,0
166	03.08.2025 11:35:45,000	19,11	5,75	58,6	13,9	17,5	0	38,6
167	03.08.2025 11:35:46,000	19,03	5,79	59,3	15,2	15,5	0	38,6
168	03.08.2025 11:35:47,000	18,88	5,84	58,1	13,5	18,5	0	36,3
169	03.08.2025 11:35:48,000	18,73	5,85	55,7	13,0	21,3	0	31,8
170	03.08.2025 11:35:49,000	18,61	5,86	55,0	15,9	19,1	0	39,9
171	03.08.2025 11:35:50,000	18,49	5,92	55,7	15,9	18,4	0	41,1
172	03.08.2025 11:35:51,000	18,31	5,93	52,6	13,1	24,3	0	29,0
173	03.08.2025 11:35:52,000	18,16	5,94	48,5	12,7	28,8	0	24,7
174	03.08.2025 11:35:53,000	18,08	5,95	49,3	13,1	27,6	0	26,2
175	03.08.2025 11:35:54,000	18,05	5,95	53,5	18,4	18,1	0	45,3
176	03.08.2025 11:35:55,000	17,93	6,06	53,8	17,3	18,9	0	42,5
177	03.08.2025 11:35:56,000	17,66	6,10	53,2	18,0	18,8	0	43,7
178	03.08.2025 11:35:57,000	17,57	6,12	54,9	20,3	14,8	0	53,5
179	03.08.2025 11:35:58,000	17,42	6,15	55,9	19,6	14,5	0	53,1
180	03.08.2025 11:35:59,000	17,27	6,16	53,3	17,4	19,3	0	42,1
181	03.08.2025 11:36:00,000	17,12	6,17	55,8	18,8	15,4	0	50,5
182	03.08.2025 11:36:01,000	17,09	6,19	58,7	18,5	12,8	0	55,1
183	03.08.2025 11:36:02,000	17,09	6,21	56,1	16,7	17,1	0	44,4
184	03.08.2025 11:36:03,000	16,85	6,26	55,9	14,9	19,1	0	38,2
185	03.08.2025 11:36:04,000	16,73	6,27	60,5	13,1	16,5	0	38,2
186	03.08.2025 11:36:05,000	16,70	6,29	65,3	10,0	14,7	0	38,2
187	03.08.2025 11:36:06,000	16,70	6,31	61,1	10,0	18,9	0	38,2
188	03.08.2025 11:36:07,000	16,67	6,33	57,2	11,3	21,5	0	28,3
189	03.08.2025 11:36:08,000	16,58	6,30	52,1	9,6	28,3	0	19,4
190	03.08.2025 11:36:09,000	16,58	6,28	50,6	10,3	29,1	0	20,2
191	03.08.2025 11:36:10,000	16,55	6,30	51,1	9,6	29,3	0	19,0
192	03.08.2025 11:36:11,000	16,55	6,30	49,2	10,8	30,0	0	20,6
193	03.08.2025 11:36:12,000	16,55	6,30	46,0	13,0	30,9	0	23,9
194	03.08.2025 11:36:13,000	16,55	6,28	45,4	12,9	31,7	0	23,2
195	03.08.2025 11:36:14,000	16,55	6,28	49,1	11,2	29,7	0	21,5
196	03.08.2025 11:36:15,000	16,58	6,26	48,5	13,2	28,3	0	26,0
197	03.08.2025 11:36:16,000	16,58	6,26	45,6	14,4	30,0	0	26,7
198	03.08.2025 11:36:17,000	16,58	6,28	45,4	14,5	30,1	0	26,7
199	03.08.2025 11:36:18,000	16,52	6,32	49,0	14,4	26,5	0	29,3
200	03.08.2025 11:36:19,000	16,52	6,34	50,1	12,4	27,5	0	25,0
201	03.08.2025 11:36:20,000	16,49	6,32	44,8	14,9	30,4	0	27,1
202	03.08.2025 11:36:21,000	16,46	6,31	45,8	10,9	33,3	0	19,3
203	03.08.2025 11:36:22,000	16,43	6,29	43,4	11,1	35,5	0	18,5
204	03.08.2025 11:36:23,000	16,40	6,31	52,2	13,9	23,9	0	30,7
205	03.08.2025 11:36:24,000	16,33	6,35	57,5	11,4	21,2	0	28,7
206	03.08.2025 11:36:25,000	16,27	6,37	56,9	9,2	23,9	0	21,7
207	03.08.2025 11:36:26,000	16,18	6,36	55,7	7,2	27,1	0	15,4
208	03.08.2025 11:36:27,000	16,12	6,35	56,6	5,6	27,8	0	11,9
209	03.08.2025 11:36:28,000	16,03	6,37	56,5	6,0	27,5	0	12,9
210	03.08.2025 11:36:29,000	15,91	6,38	53,9	6,1	30,0	0	12,1
211	03.08.2025 11:36:30,000	15,51	6,43	48,7	7,0	34,4	0	12,3
212	03.08.2025 11:36:31,000	15,18	6,43	43,1	6,5	40,4	0	10,0
213	03.08.2025 11:36:32,000	15,03	6,39	45,0	7,7	37,2	0	12,7
214	03.08.2025 11:36:33,000	14,99	6,38	45,8	4,8	39,4	0	7,6
215	03.08.2025 11:36:34,000	14,96	6,38	45,2	6,0	38,9	0	9,5
216	03.08.2025 11:36:35,000	14,96	6,36	38,9	7,7	43,4	0	11,2
217	03.08.2025 11:36:36,000	14,96	6,29	33,6	8,2	48,2	0	11,0
218	03.08.2025 11:36:37,000	14,63	6,37	36,2	6,3	47,5	0	8,6
219	03.08.2025 11:36:38,000	14,35	6,39	38,7	10,0	41,3	0	14,9
220	03.08.2025 11:36:39,000	14,26	6,36	38,3	8,8	42,9	0	12,9
221	03.08.2025 11:36:40,000	14,19	6,35	39,4	7,5	43,1	0	10,9
222	03.08.2025 11:36:41,000	14,16	6,33	37,8	5,1	47,1	0	7,0
223	03.08.2025 11:36:42,000	14,13	6,32	33,6	4,7	51,8	0	6,0
224	03.08.2025 11:36:43,000	14,07	6,32	33,3	5,2	51,5	0	6,7
225	03.08.2025 11:36:44,000	14,01	6,31	34,7	4,4	50,9	0	5,7
226	03.08.2025 11:36:45,000	13,98	6,28	33,8	4,8	51,4	0	6,2
227	03.08.2025 11:36:46,000	13,95	6,30	35,5	5,5	48,9	0	7,4
228	03.08.2025 11:36:47,000	13,95	6,28	32,0	3,6	54,4	0	4,4
229	03.08.2025 11:36:48,000	13,91	6,28	34,7	5,5	49,8	0	7,3
230	03.08.2025 11:36:49,000	13,88	6,28	36,3	5,2	48,5	0	7,0
231	03.08.2025 11:36:50,000	13,82	6,25	34,4	4,9	50,7	0	6,4
232	03.08.2025 11:36:51,000	13,82	6,25	32,4	4,7	52,9	0	5,9
233	03.08.2025 11:36:52,000	13,79	6,27	33,9	4,3	51,8	0	5,5
234	03.08.2025 11:36:53,000	13,79	6,24	38,5	7,1	44,4	0	10,2
235	03.08.2025 11:36:54,000	13,82	6,25	44,6	2,2	43,1	0	3,2
236	03.08.2025 11:36:55,000	13,85	6,25	47,7	0,1	42,2	0	0,2
237	03.08.2025 11:36:56,000	13,88	6,23	45,3	6,5	38,2	0	10,4
238	03.08.2025 11:36:57,000	13,91	6,23	44,3	5,2	40,5	0	8,0
239	03.08.2025 11:36:58,000	13,91	6,23	44,1	7,3	38,6	0	11,6
240	03.08.2025 11:36:59,000	13,95	6,23	44,1	9,2	36,6	0	15,3
241	03.08.2025 11:37:00,000	13,95	6,21	44,3	10,3	35,4	0	17,4
242	03.08.2025 11:37:01,000	13,95	6,21	44,4	11,6	34,0	0	20,1
243	03.08.2025 11:37:02,000	13,95	6,21	40,4	15,1	34,5	0	25,0
244	03.08.2025 11:37:03,000	13,95	6,21	39,2	15,0	35,8	0	24,2
245	03.08.2025 11:37:04,000	13,95	6,23	42,0	15,0	33,0	0	25,7
246	03.08.2025 11:37:05,000	13,95	6,21	39,6	17,0	33,4	0	28,4
247	03.08.2025 11:37:06,000	13,95	6,23	38,9	15,4	35,7	0	24,8
248	03.08.2025 11:37:07,000	13,88	6,28	41,9	15,6	32,5	0	26,9
249	03.08.2025 11:37:08,000	13,82	6,29	41,0	15,2	33,8	0	25,5
250	03.08.2025 11:37:09,000	13,79	6,27	40,8	15,3	33,9	0	25,7
251	03.08.2025 11:37:10,000	13,79	6,29	39,7	14,6	35,7	0	23,7
252	03.08.2025 11:37:11,000	13,79	6,31	38,4	15,2	36,4	0	24,2
253	03.08.2025 11:37:12,000	13,76	6,29	37,9	14,4	37,7	0	22,4
254	03.08.2025 11:37:13,000	13,73	6,31	36,4	12,9	40,7	0	19,3
255	03.08.2025 11:37:14,000	13,70	6,30	42,5	14,6	32,9	0	25,1
256	03.08.2025 11:37:15,000	13,70	6,33	35,7	11,2	43,1	0	16,2
257	03.08.2025 11:37:16,000	13,70	6,35	34,9	11,6	43,5	0	16,7
258	03.08.2025 11:37:17,000	13,70	6,35	36,3	13,1	40,7	0	19,5
259	03.08.2025 11:37:18,000	13,70	6,37	35,9	12,9	41,1	0	19,1
260	03.08.2025 11:37:19,000	13,70	6,40	34,2	10,3	45,5	0	14,4
261	03.08.2025 11:37:20,000	13,63	6,42	33,9	9,1	47,0	0	12,4
262	03.08.2025 11:37:21,000	13,54	6,45	36,7	10,5	42,8	0	15,3
263	03.08.2025 11:37:22,000	13,29	6,50	32,5	6,4	51,2	0	8,2
264	03.08.2025 11:37:23,000	13,07	6,50	31,0	6,8	52,2	0	8,7
265	03.08.2025 11:37:24,000	12,94	6,56	31,0	5,4	53,6	0	6,8
266	03.08.2025 11:37:25,000	12,82	6,55	32,1	5,7	52,3	0	7,2
267	03.08.2025 11:37:26,000	12,63	6,60	29,8	4,5	55,7	0	5,6
268	03.08.2025 11:37:27,000	12,41	6,62	31,3	5,9	52,8	0	7,5
269	03.08.2025 11:37:28,000	12,25	6,63	33,3	4,4	52,3	0	5,6
270	03.08.2025 11:37:29,000	12,18	6,65	33,0	6,8	50,3	0	8,9
271	03.08.2025 11:37:30,000	12,15	6,65	30,4	5,4	54,2	0	6,7
272	03.08.2025 11:37:31,000	12,09	6,66	29,7	5,4	54,9	0	6,6
273	03.08.2025 11:37:32,000	11,99	6,65	30,2	4,9	54,9	0	6,0
274	03.08.2025 11:37:33,000	11,90	6,67	30,4	5,1	54,5	0	6,3
275	03.08.2025 11:37:34,000	11,77	6,73	32,0	5,8	52,2	0	7,4
276	03.08.2025 11:37:35,000	11,67	6,72	36,9	8,1	45,0	0	11,4
277	03.08.2025 11:37:36,000	11,64	6,74	37,8	11,1	41,1	0	16,6
278	03.08.2025 11:37:37,000	11,67	6,74	39,8	-0,1	50,1	0	-0,1
279	03.08.2025 11:37:38,000	11,67	6,76	40,4	12,0	37,7	0	19,0
280	03.08.2025 11:37:39,000	11,64	6,76	42,2	11,3	36,5	0	18,5
281	03.08.2025 11:37:40,000	11,67	6,74	41,3	13,0	35,8	0	21,3
282	03.08.2025 11:37:41,000	11,71	6,77	40,8	13,6	35,6	0	22,4
283	03.08.2025 11:37:42,000	11,74	6,79	40,9	15,2	33,9	0	25,4
284	03.08.2025 11:37:43,000	11,74	6,82	39,8	14,9	35,3	0	24,3
285	03.08.2025 11:37:44,000	11,74	6,82	38,0	15,5	36,5	0	24,6
286	03.08.2025 11:37:45,000	11,67	6,83	36,9	14,6	38,6	0	22,3
287	03.08.2025 11:37:46,000	11,64	6,83	40,2	13,7	36,1	0	22,2
288	03.08.2025 11:37:47,000	11,64	6,85	36,2	14,0	39,8	0	21,1
289	03.08.2025 11:37:48,000	11,64	6,85	35,1	14,1	40,8	0	20,9
290	03.08.2025 11:37:49,000	11,64	6,88	34,2	12,0	43,8	0	17,2
291	03.08.2025 11:37:50,000	11,61	6,90	34,2	13,0	42,7	0	18,8
292	03.08.2025 11:37:51,000	11,58	6,92	35,7	16,3	38,0	0	24,9
293	03.08.2025 11:37:52,000	11,51	6,94	33,4	12,9	43,7	0	18,3
294	03.08.2025 11:37:53,000	11,48	6,96	32,5	10,1	47,4	0	13,7
295	03.08.2025 11:37:54,000	11,45	7,00	31,6	9,9	48,5	0	13,2
296	03.08.2025 11:37:55,000	11,38	6,99	29,9	8,7	51,4	0	11,2
297	03.08.2025 11:37:56,000	11,22	7,09	30,3	9,1	50,5	0	11,9
298	03.08.2025 11:37:57,000	10,96	7,07	28,7	9,4	51,9	0	12,1
299	03.08.2025 11:37:58,000	10,80	7,12	30,9	7,8	51,4	0	10,0
300	03.08.2025 11:37:59,000	10,64	7,13	32,3	7,9	49,8	0	10,4
301	03.08.2025 11:38:00,000	10,51	7,12	32,5	9,4	48,1	0	12,6
302	03.08.2025 11:38:01,000	10,38	7,15	32,4	7,5	50,1	0	9,8
303	03.08.2025 11:38:02,000	10,25	7,19	31,0	6,7	52,3	0	8,6
304	03.08.2025 11:38:03,000	10,18	7,20	31,9	-3,2	54,8	0	-4,0
305	03.08.2025 11:38:04,000	10,08	7,19	39,4	2,6	48,0	0	3,5
306	03.08.2025 11:38:05,000	10,08	7,24	44,9	0,8	44,4	0	1,1
307	03.08.2025 11:38:06,000	10,11	7,24	42,1	7,2	40,7	0	10,9
308	03.08.2025 11:38:07,000	10,11	7,24	43,7	9,0	37,2	0	14,7
309	03.08.2025 11:38:08,000	10,11	7,24	43,8	9,1	37,1	0	14,8
310	03.08.2025 11:38:09,000	10,15	7,27	43,4	10,1	36,6	0	16,5
311	03.08.2025 11:38:10,000	10,18	7,30	42,2	10,8	36,9	0	17,6
312	03.08.2025 11:38:11,000	10,18	7,32	42,4	12,3	35,3	0	20,5
313	03.08.2025 11:38:12,000	10,21	7,35	44,0	12,1	33,9	0	20,9
314	03.08.2025 11:38:13,000	10,15	7,36	43,3	12,8	33,8	0	22,0
315	03.08.2025 11:38:14,000	9,95	7,39	40,9	14,8	34,3	0	24,6
316	03.08.2025 11:38:15,000	9,85	7,38	40,5	15,3	34,2	0	25,4
317	03.08.2025 11:38:16,000	9,75	7,42	39,6	16,6	33,9	0	27,4
318	03.08.2025 11:38:17,000	9,69	7,43	40,3	14,7	35,0	0	24,2
319	03.08.2025 11:38:18,000	9,65	7,45	40,5	15,7	33,8	0	26,2
320	03.08.2025 11:38:19,000	9,69	7,48	41,1	12,8	36,1	0	20,9
321	03.08.2025 11:38:20,000	9,65	7,48	41,0	14,0	35,0	0	23,2
322	03.08.2025 11:38:21,000	9,69	7,51	41,5	13,6	34,9	0	22,6
323	03.08.2025 11:38:22,000	9,72	7,53	38,5	15,6	35,8	0	25,0
324	03.08.2025 11:38:23,000	9,72	7,56	39,6	14,3	36,2	0	23,0
325	03.08.2025 11:38:24,000	9,72	7,56	40,8	13,5	35,8	0	22,0
326	03.08.2025 11:38:25,000	9,69	7,60	39,1	14,9	36,1	0	23,9
327	03.08.2025 11:38:26,000	9,62	7,64	38,2	15,3	36,5	0	24,3
328	03.08.2025 11:38:27,000	9,45	7,65	39,0	14,8	36,2	0	23,7
329	03.08.2025 11:38:28,000	9,39	7,64	39,2	14,8	36,0	0	23,9
330	03.08.2025 11:38:29,000	9,35	7,66	36,8	16,0	37,2	0	24,9
331	03.08.2025 11:38:30,000	9,35	7,68	35,6	16,1	38,2	0	24,6
332	03.08.2025 11:38:31,000	9,35	7,71	37,3	17,0	35,6	0	27,1
333	03.08.2025 11:38:32,000	9,29	7,72	37,2	15,0	37,8	0	23,2
334	03.08.2025 11:38:33,000	9,19	7,78	38,2	16,3	35,5	0	26,2
335	03.08.2025 11:38:34,000	9,12	7,78	35,6	15,3	39,1	0	23,1
336	03.08.2025 11:38:35,000	9,09	7,80	35,4	15,9	38,7	0	24,0
337	03.08.2025 11:38:36,000	9,09	7,80	36,7	17,1	36,2	0	26,9
338	03.08.2025 11:38:37,000	9,09	7,84	35,1	15,5	39,4	0	23,3
339	03.08.2025 11:38:38,000	9,05	7,84	34,6	15,8	39,6	0	23,5
340	03.08.2025 11:38:39,000	9,09	7,87	37,8	15,5	36,7	0	24,5
341	03.08.2025 11:38:40,000	9,09	7,89	37,4	18,4	34,2	0	29,6
342	03.08.2025 11:38:41,000	9,09	7,92	36,0	16,2	37,8	0	24,9
343	03.08.2025 11:38:42,000	9,09	7,92	35,6	17,5	36,9	0	27,0
344	03.08.2025 11:38:43,000	9,05	7,94	34,3	15,9	39,8	0	23,7
345	03.08.2025 11:38:44,000	9,05	7,96	37,2	17,7	35,1	0	28,2
346	03.08.2025 11:38:45,000	9,05	7,98	36,6	15,8	37,6	0	24,4
347	03.08.2025 11:38:46,000	9,05	8,03	34,0	15,4	40,6	0	22,7
348	03.08.2025 11:38:47,000	9,02	8,03	35,6	17,5	36,9	0	27,1
349	03.08.2025 11:38:48,000	9,02	8,05	32,9	14,4	42,7	0	20,5
350	03.08.2025 11:38:49,000	8,99	8,09	34,0	14,8	41,2	0	21,6
351	03.08.2025 11:38:50,000	8,92	8,13	36,2	15,3	38,5	0	23,3
352	03.08.2025 11:38:51,000	8,62	8,15	35,8	14,6	39,6	0	22,0
353	03.08.2025 11:38:52,000	8,48	8,18	32,6	13,2	44,2	0	18,6
354	03.08.2025 11:38:53,000	8,41	8,20	37,0	18,5	34,5	0	29,7
355	03.08.2025 11:38:54,000	8,31	8,24	33,5	13,3	43,2	0	19,0
356	03.08.2025 11:38:55,000	8,17	8,29	34,2	12,8	43,1	0	18,3
357	03.08.2025 11:38:56,000	8,00	8,25	35,7	16,1	38,2	0	24,5
358	03.08.2025 11:38:57,000	7,93	8,25	30,6	13,0	46,3	0	17,8
359	03.08.2025 11:38:58,000	7,87	8,26	30,0	10,9	49,1	0	14,4
360	03.08.2025 11:38:59,000	7,80	8,33	35,2	12,4	42,3	0	18,1
361	03.08.2025 11:39:00,000	7,69	8,31	33,3	13,3	43,4	0	18,9
362	03.08.2025 11:39:01,000	7,63	8,35	34,2	11,7	44,1	0	16,6
363	03.08.2025 11:39:02,000	7,56	8,39	31,4	10,0	48,6	0	13,3
364	03.08.2025 11:39:03,000	7,56	8,39	30,3	9,9	49,8	0	13,0
365	03.08.2025 11:39:04,000	7,52	8,41	35,8	14,9	39,2	0	22,6
366	03.08.2025 11:39:05,000	7,49	8,41	34,6	12,1	43,2	0	17,4
367	03.08.2025 11:39:06,000	7,45	8,43	32,1	8,1	49,8	0	10,7
368	03.08.2025 11:39:07,000	7,42	8,45	31,6	9,5	48,9	0	12,6
369	03.08.2025 11:39:08,000	7,38	8,49	35,5	12,5	42,1	0	18,2
370	03.08.2025 11:39:09,000	7,32	8,51	33,0	8,4	48,5	0	11,3
371	03.08.2025 11:39:10,000	7,28	8,53	30,2	6,7	53,1	0	8,4
372	03.08.2025 11:39:11,000	7,28	8,55	29,0	6,9	54,2	0	8,6
373	03.08.2025 11:39:12,000	7,14	8,59	31,4	7,3	51,3	0	9,4
374	03.08.2025 11:39:13,000	6,97	8,62	36,9	13,9	39,2	0	21,3
375	03.08.2025 11:39:14,000	6,86	8,63	35,0	7,3	47,6	0	9,9
376	03.08.2025 11:39:15,000	6,86	8,63	35,1	11,8	43,2	0	17,0
377	03.08.2025 11:39:16,000	6,86	8,65	29,8	6,6	53,6	0	8,3
378	03.08.2025 11:39:17,000	6,86	8,68	31,7	7,5	50,8	0	9,8
379	03.08.2025 11:39:18,000	6,76	8,74	33,0	8,0	49,0	0	10,6
380	03.08.2025 11:39:19,000	6,58	8,74	30,8	5,9	53,3	0	7,5
381	03.08.2025 11:39:20,000	6,51	8,76	30,5	6,7	52,9	0	8,5
382	03.08.2025 11:39:21,000	6,51	8,78	34,9	13,0	42,1	0	18,9
383	03.08.2025 11:39:22,000	6,44	8,80	32,9	9,4	47,6	0	12,8
384	03.08.2025 11:39:23,000	6,41	8,79	36,7	13,6	39,7	0	20,6
385	03.08.2025 11:39:24,000	6,41	8,79	36,7	15,2	38,1	0	23,4
386	03.08.2025 11:39:25,000	6,34	8,86	31,7	9,0	49,4	0	11,9
387	03.08.2025 11:39:26,000	6,30	8,88	36,8	12,0	41,2	0	17,9
388	03.08.2025 11:39:27,000	6,30	8,90	33,7	10,7	45,6	0	14,9
389	03.08.2025 11:39:28,000	6,30	8,90	30,3	11,4	48,3	0	15,2
390	03.08.2025 11:39:29,000	6,23	8,92	33,5	10,6	45,9	0	14,6
391	03.08.2025 11:39:30,000	6,19	8,96	32,5	12,6	44,9	0	17,6
392	03.08.2025 11:39:31,000	6,12	9,00	33,4	14,2	42,4	0	20,4
393	03.08.2025 11:39:32,000	6,05	8,97	29,9	8,9	51,2	0	11,5
394	03.08.2025 11:39:33,000	6,02	9,06	35,4	9,9	44,7	0	14,0
395	03.08.2025 11:39:34,000	5,95	9,08	31,0	6,6	52,4	0	8,5
396	03.08.2025 11:39:35,000	5,91	9,07	26,2	6,5	57,3	0	7,8
397	03.08.2025 11:39:36,000	5,80	9,11	29,4	5,3	55,3	0	6,5
398	03.08.2025 11:39:37,000	5,66	9,14	30,2	7,4	52,4	0	9,5
399	03.08.2025 11:39:38,000	5,52	9,15	28,0	6,2	55,8	0	7,7
400	03.08.2025 11:39:39,000	5,41	9,18	29,2	5,7	55,1	0	7,0
401	03.08.2025 11:39:40,000	5,34	9,18	30,3	6,0	53,7	0	7,6
402	03.08.2025 11:39:41,000	5,26	9,22	28,6	6,3	55,1	0	7,8
403	03.08.2025 11:39:42,000	5,16	9,28	26,5	5,8	57,7	0	7,0
404	03.08.2025 11:39:43,000	5,05	9,24	26,1	4,6	59,3	0	5,5
405	03.08.2025 11:39:44,000	5,01	9,28	28,8	4,5	56,7	0	5,5
406	03.08.2025 11:39:45,000	4,94	9,30	30,0	6,4	53,6	0	8,0
407	03.08.2025 11:39:46,000	4,87	9,34	27,7	6,4	55,9	0	7,8
408	03.08.2025 11:39:47,000	4,79	9,33	29,2	2,4	58,4	0	2,9
409	03.08.2025 11:39:48,000	4,72	9,35	37,2	-0,2	52,6	0	-0,3
410	03.08.2025 11:39:49,000	4,72	9,35	32,0	-3,2	54,8	0	-4,0
411	03.08.2025 11:39:50,000	4,76	9,38	31,1	11,7	47,2	0	15,9
412	03.08.2025 11:39:51,000	4,76	9,40	34,6	14,3	41,1	0	20,9
413	03.08.2025 11:39:52,000	4,83	9,38	32,2	15,5	42,3	0	22,1
414	03.08.2025 11:39:53,000	4,83	9,41	30,5	16,6	42,9	0	23,3
415	03.08.2025 11:39:54,000	4,87	9,41	34,8	17,3	37,9	0	26,3
416	03.08.2025 11:39:55,000	4,87	9,46	36,6	15,6	37,8	0	24,1
417	03.08.2025 11:39:56,000	4,87	9,48	36,4	16,8	36,7	0	26,2
418	03.08.2025 11:39:57,000	4,83	9,48	32,2	14,6	43,2	0	20,7
419	03.08.2025 11:39:58,000	4,83	9,48	33,1	17,3	39,6	0	25,4
420	03.08.2025 11:39:59,000	4,79	9,52	39,5	14,0	36,6	0	22,4
421	03.08.2025 11:40:00,000	4,76	9,54	41,5	11,8	36,7	0	19,1
422	03.08.2025 11:40:01,000	4,79	9,54	36,2	13,5	40,3	0	20,2
423	03.08.2025 11:40:02,000	4,72	9,58	33,5	15,7	40,8	0	22,9
424	03.08.2025 11:40:03,000	4,68	9,58	38,1	13,1	38,8	0	20,2
425	03.08.2025 11:40:04,000	4,68	9,58	43,2	9,6	37,3	0	15,6
426	03.08.2025 11:40:05,000	4,68	9,63	41,0	12,7	36,3	0	20,7
427	03.08.2025 11:40:06,000	4,68	9,63	38,2	14,3	37,4	0	22,5
428	03.08.2025 11:40:07,000	4,68	9,65	35,2	12,0	42,8	0	17,4
429	03.08.2025 11:40:08,000	4,72	9,68	41,6	12,8	35,6	0	21,1
430	03.08.2025 11:40:09,000	4,65	9,72	43,0	10,6	36,4	0	17,4
431	03.08.2025 11:40:10,000	4,57	9,71	40,6	10,2	39,2	0	15,9
432	03.08.2025 11:40:11,000	4,57	9,73	39,6	14,2	36,3	0	22,8
433	03.08.2025 11:40:12,000	4,65	9,76	39,0	10,6	40,4	0	16,1
434	03.08.2025 11:40:13,000	4,65	9,76	43,8	8,8	37,4	0	14,3
435	03.08.2025 11:40:14,000	4,68	9,79	43,5	8,9	37,6	0	14,4
436	03.08.2025 11:40:15,000	4,68	9,79	39,2	10,6	40,2	0	16,2
437	03.08.2025 11:40:16,000	4,72	9,82	39,5	11,7	38,8	0	18,3
438	03.08.2025 11:40:17,000	4,76	9,85	45,2	6,4	38,4	0	10,2
439	03.08.2025 11:40:18,000	4,79	9,87	46,1	6,4	37,5	0	10,5
440	03.08.2025 11:40:19,000	4,72	9,91	41,3	8,0	40,6	0	12,3
441	03.08.2025 11:40:20,000	4,65	9,93	43,2	7,3	39,5	0	11,4
442	03.08.2025 11:40:21,000	4,61	9,97	48,1	5,0	36,9	0	8,3
443	03.08.2025 11:40:22,000	4,54	10,01	49,0	4,7	36,4	0	7,9
444	03.08.2025 11:40:23,000	4,50	10,01	42,9	7,2	39,9	0	11,1
445	03.08.2025 11:40:24,000	4,46	10,05	44,6	4,7	40,7	0	7,2
446	03.08.2025 11:40:25,000	4,46	10,10	50,2	4,0	35,8	0	6,9
447	03.08.2025 11:40:26,000	4,46	10,12	49,2	4,6	36,2	0	7,8
448	03.08.2025 11:40:27,000	4,39	10,14	45,5	5,7	38,7	0	9,2
449	03.08.2025 11:40:28,000	4,35	10,18	47,0	5,1	37,9	0	8,2
450	03.08.2025 11:40:29,000	4,35	10,23	50,5	3,9	35,7	0	6,6
451	03.08.2025 11:40:30,000	4,35	10,20	49,4	4,3	36,3	0	7,3
452	03.08.2025 11:40:31,000	4,35	10,25	47,2	5,2	37,6	0	8,5
453	03.08.2025 11:40:32,000	4,32	10,27	45,7	5,2	39,1	0	8,3
454	03.08.2025 11:40:33,000	4,32	10,32	49,1	3,3	37,6	0	5,4
455	03.08.2025 11:40:34,000	4,28	10,38	53,2	4,4	32,4	0	8,2
456	03.08.2025 11:40:35,000	4,28	10,38	50,5	5,9	33,6	0	10,6
457	03.08.2025 11:40:36,000	4,28	10,41	43,1	7,2	39,7	0	11,2
458	03.08.2025 11:40:37,000	4,28	10,45	47,1	7,0	35,9	0	11,8
459	03.08.2025 11:40:38,000	4,28	10,50	53,9	7,4	28,7	0	15,1
460	03.08.2025 11:40:39,000	4,17	10,51	56,8	8,4	24,8	0	19,3
461	03.08.2025 11:40:40,000	4,13	10,51	47,2	8,5	34,3	0	14,9
462	03.08.2025 11:40:41,000	4,17	10,54	39,3	9,5	41,2	0	14,3
463	03.08.2025 11:40:42,000	4,20	10,59	52,6	8,5	28,9	0	17,1
464	03.08.2025 11:40:43,000	4,20	10,66	58,1	9,6	22,3	0	23,8
465	03.08.2025 11:40:44,000	4,09	10,65	48,9	9,7	31,4	0	18,1
466	03.08.2025 11:40:45,000	4,09	10,65	39,5	10,9	39,6	0	16,8
467	03.08.2025 11:40:46,000	4,09	10,67	47,9	8,7	33,4	0	15,5
468	03.08.2025 11:40:47,000	4,13	10,70	47,8	5,6	36,7	0	9,3
469	03.08.2025 11:40:48,000	4,13	10,72	36,9	9,7	43,4	0	14,1
470	03.08.2025 11:40:49,000	4,13	10,72	23,0	5,6	61,4	1	6,5
471	03.08.2025 11:40:50,000	4,06	10,74	-3,8	6,1	80,1	1	6,3
472	03.08.2025 11:40:51,000	3,98	10,73	3,5	2,0	84,5	1	2,0
473	03.08.2025 11:40:52,000	3,95	10,75	1,5	13,4	75,1	1	13,6
474	03.08.2025 11:40:53,000	3,95	10,75	4,4	11,3	74,3	0	11,8
475	03.08.2025 11:40:54,000	3,91	10,74	-3,3	3,5	83,2	1	3,6
476	03.08.2025 11:40:55,000	3,91	10,63	0,3	-7,8	81,9	1	-7,8
477	03.08.2025 11:40:56,000	3,91	10,72	2,5	-3,6	83,9	0	-3,7
478	03.08.2025 11:40:57,000	3,91	10,72	8,2	-2,7	79,0	0	-2,8
479	03.08.2025 11:40:58,000	3,87	10,72	6,8	1,7	81,5	0	1,8
480	03.08.2025 11:40:59,000	3,76	10,75	26,3	3,3	60,4	0	3,9
481	03.08.2025 11:41:00,000	3,65	10,72	-4,5	5,1	80,3	1	5,3
482	03.08.2025 11:41:01,000	3,61	10,74	-10,6	4,9	74,5	0	5,2
483	03.08.2025 11:41:02,000	3,61	10,74	-3,1	8,7	78,2	0	8,9
484	03.08.2025 11:41:03,000	3,61	10,71	2,5	5,5	82,0	1	5,6
485	03.08.2025 11:41:04,000	3,57	10,69	6,1	13,0	70,9	0	13,8
486	03.08.2025 11:41:05,000	3,57	10,73	7,7	2,9	79,4	0	3,0
487	03.08.2025 11:41:06,000	3,53	10,73	-2,6	3,3	84,1	0	3,4
488	03.08.2025 11:41:07,000	3,50	10,70	-2,1	7,0	80,9	0	7,1
489	03.08.2025 11:41:08,000	3,46	10,70	-1,8	3,7	84,5	0	3,7
490	03.08.2025 11:41:09,000	3,46	10,70	-4,0	3,8	82,2	0	3,9
491	03.08.2025 11:41:10,000	3,42	10,72	-10,5	1,6	77,9	0	1,7
492	03.08.2025 11:41:11,000	3,42	10,72	2,2	3,3	84,4	0	3,4
493	03.08.2025 11:41:12,000	3,38	10,71	-8,4	10,7	70,9	0	11,5
494	03.08.2025 11:41:13,000	3,38	10,71	-5,8	6,9	77,4	0	7,2
495	03.08.2025 11:41:14,000	3,38	10,69	-1,8	10,1	78,1	0	10,3
496	03.08.2025 11:41:15,000	3,35	10,69	1,7	1,0	87,3	1	1,0
497	03.08.2025 11:41:16,000	3,35	10,71	-6,7	4,3	79,0	0	4,5
498	03.08.2025 11:41:17,000	3,31	10,70	0,2	6,1	83,7	0	6,1
499	03.08.2025 11:41:18,000	3,31	10,68	0,1	6,1	83,8	0	6,1
500	03.08.2025 11:41:19,000	3,27	10,68	-4,3	7,4	78,3	0	7,7
501	03.08.2025 11:41:20,000	3,27	10,68	-0,6	8,5	80,9	0	8,6
502	03.08.2025 11:41:21,000	3,23	10,67	-16,4	5,7	67,9	0	6,3
503	03.08.2025 11:41:22,000	3,20	10,67	-10,3	9,7	70,0	0	10,5
504	03.08.2025 11:41:23,000	3,16	10,67	-3,9	2,8	83,2	0	2,9
505	03.08.2025 11:41:24,000	3,12	10,68	12,3	-3,6	74,1	1	-3,9
506	03.08.2025 11:41:25,000	3,12	10,66	8,6	-2,4	78,9	0	-2,5
507	03.08.2025 11:41:26,000	3,08	10,70	10,4	-1,4	78,2	0	-1,5
508	03.08.2025 11:41:27,000	3,04	10,68	6,4	3,2	80,3	0	3,3
509	03.08.2025 11:41:28,000	3,04	10,68	-3,6	16,1	70,2	0	16,7
510	03.08.2025 11:41:29,000	3,01	10,67	-11,8	9,0	69,3	0	9,9
511	03.08.2025 11:41:30,000	3,01	10,65	-4,5	11,0	74,5	0	11,5
512	03.08.2025 11:41:31,000	3,04	10,68	-2,6	12,6	74,8	0	12,9
513	03.08.2025 11:41:32,000	3,04	10,68	-0,2	2,1	87,7	0	2,1
514	03.08.2025 11:41:33,000	3,01	10,65	-6,8	3,2	80,0	0	3,3
515	03.08.2025 11:41:34,000	3,01	10,65	-6,7	-1,1	82,2	0	-1,1
516	03.08.2025 11:41:35,000	2,97	10,67	-7,9	5,1	77,0	1	5,3
517	03.08.2025 11:41:36,000	2,97	10,67	8,0	3,1	78,9	1	3,2
518	03.08.2025 11:41:37,000	2,93	10,66	3,1	-2,2	84,7	0	-2,3
519	03.08.2025 11:41:38,000	2,93	10,64	2,5	9,9	77,6	0	10,2
520	03.08.2025 11:41:39,000	2,89	10,66	-2,3	5,7	81,9	1	5,9
521	03.08.2025 11:41:40,000	2,89	10,66	5,1	4,6	80,3	0	4,8
522	03.08.2025 11:41:41,000	2,89	10,64	-4,6	2,4	83,0	0	2,5
523	03.08.2025 11:41:42,000	2,89	10,64	-1,2	4,7	84,1	0	4,8
524	03.08.2025 11:41:43,000	2,89	10,64	-1,7	7,4	81,0	0	7,5
525	03.08.2025 11:41:44,000	2,89	10,64	-0,6	2,7	86,7	0	2,7
526	03.08.2025 11:41:45,000	2,89	10,64	-2,5	10,4	77,1	0	10,7
527	03.08.2025 11:41:46,000	2,89	10,61	-2,6	3,6	83,7	0	3,7
528	03.08.2025 11:41:47,000	2,85	10,61	-6,2	1,7	82,2	0	1,7
529	03.08.2025 11:41:48,000	2,85	10,61	-2,1	9,4	78,5	0	9,6
530	03.08.2025 11:41:49,000	2,85	10,63	-2,3	13,4	74,4	0	13,7
531	03.08.2025 11:41:50,000	2,82	10,61	-11,6	7,3	71,1	0	7,9
532	03.08.2025 11:41:51,000	2,82	10,63	0,4	6,3	83,3	0	6,3
533	03.08.2025 11:41:52,000	2,78	10,62	1,5	4,2	84,3	0	4,3
534	03.08.2025 11:41:53,000	2,78	10,60	-7,3	9,7	73,0	0	10,3
535	03.08.2025 11:41:54,000	2,74	10,62	-13,9	0,7	75,4	0	0,7
536	03.08.2025 11:41:55,000	2,74	10,64	5,7	-0,3	84,0	0	-0,3
537	03.08.2025 11:41:56,000	2,70	10,59	3,4	6,0	80,6	0	6,2
538	03.08.2025 11:41:57,000	2,70	10,62	-4,6	10,7	74,7	0	11,2
539	03.08.2025 11:41:58,000	2,70	10,62	-16,8	5,8	67,4	0	6,4
540	03.08.2025 11:41:59,000	2,66	10,61	-6,6	7,5	75,9	0	7,9
541	03.08.2025 11:42:00,000	2,66	10,61	0,8	0,7	88,4	0	0,8
542	03.08.2025 11:42:01,000	2,66	10,59	-1,7	9,4	78,9	0	9,6
543	03.08.2025 11:42:02,000	2,63	10,61	-3,7	11,3	75,0	0	11,7
544	03.08.2025 11:42:03,000	2,63	10,61	-3,4	9,5	77,2	0	9,8
545	03.08.2025 11:42:04,000	2,59	10,58	-1,1	6,2	82,7	0	6,3
546	03.08.2025 11:42:05,000	2,59	10,60	-8,8	1,7	79,5	0	1,7
547	03.08.2025 11:42:06,000	2,59	10,60	-8,6	-19,1	62,4	0	-20,9
548	03.08.2025 11:42:07,000	2,55	10,60	-1,4	-5,0	83,6	1	-5,1
549	03.08.2025 11:42:08,000	2,55	10,58	-4,0	-4,1	81,9	0	-4,2
550	03.08.2025 11:42:09,000	2,55	10,60	-5,7	-3,4	80,9	0	-3,5
551	03.08.2025 11:42:10,000	2,55	10,58	-10,3	3,8	75,9	0	4,0
552	03.08.2025 11:42:11,000	2,55	10,60	-3,3	2,4	84,3	0	2,5
553	03.08.2025 11:42:12,000	2,55	10,60	3,5	-5,4	81,1	1	-5,6
554	03.08.2025 11:42:13,000	2,55	10,58	-1,0	4,9	84,1	0	5,0
555	03.08.2025 11:42:14,000	2,55	10,58	-1,1	2,0	87,0	1	2,0
556	03.08.2025 11:42:15,000	2,51	10,55	29,7	3,9	56,4	1	4,8
557	03.08.2025 11:42:16,000	2,55	10,55	18,0	19,1	52,9	0	23,1
558	03.08.2025 11:42:17,000	2,51	10,57	1,5	-15,8	72,7	1	-16,1
559	03.08.2025 11:42:18,000	2,47	10,57	6,3	5,7	78,0	1	5,9
560	03.08.2025 11:42:19,000	2,43	10,54	20,2	14,8	55,0	1	18,0
561	03.08.2025 11:42:20,000	2,39	10,58	5,4	1,9	82,7	1	1,9
562	03.08.2025 11:42:21,000	2,36	10,58	15,2	0,3	74,5	0	0,3
563	03.08.2025 11:42:22,000	2,36	10,60	-4,9	1,1	84,0	0	1,1
564	03.08.2025 11:42:23,000	2,32	10,60	-2,7	-0,5	86,8	0	-0,5
565	03.08.2025 11:42:24,000	2,32	10,60	15,3	7,8	66,8	0	8,7
566	03.08.2025 11:42:25,000	2,36	10,60	-7,1	14,0	68,9	0	15,0
567	03.08.2025 11:42:26,000	2,36	10,58	-5,2	10,5	74,3	0	11,1
568	03.08.2025 11:42:27,000	2,36	10,58	-6,1	-1,9	82,0	1	-1,9
569	03.08.2025 11:42:28,000	2,36	10,60	3,6	4,4	82,0	0	4,5
570	03.08.2025 11:42:29,000	2,36	10,58	-10,4	10,8	68,8	0	11,8
571	03.08.2025 11:42:30,000	2,36	10,58	3,3	11,0	75,7	1	11,3
572	03.08.2025 11:42:31,000	2,39	10,58	5,1	16,6	68,3	0	17,5
573	03.08.2025 11:42:32,000	2,39	10,51	-5,5	-17,1	67,4	0	-18,1
574	03.08.2025 11:42:33,000	2,39	10,56	1,2	1,4	87,5	0	1,4
575	03.08.2025 11:42:34,000	2,39	10,56	-0,9	1,7	87,3	0	1,8
576	03.08.2025 11:42:35,000	2,36	10,56	1,8	0,0	88,2	0	0,0
577	03.08.2025 11:42:36,000	2,36	10,56	-2,2	-2,7	85,2	0	-2,7
578	03.08.2025 11:42:37,000	2,36	10,56	-0,7	8,6	80,7	0	8,6
579	03.08.2025 11:42:38,000	2,36	10,58	0,7	10,7	78,6	1	10,7
580	03.08.2025 11:42:39,000	2,32	10,55	-3,8	9,5	76,7	0	9,8
581	03.08.2025 11:42:40,000	2,32	10,58	4,0	-8,2	77,8	1	-8,5
582	03.08.2025 11:42:41,000	2,32	10,55	-7,9	-17,9	64,2	1	-19,4
583	03.08.2025 11:42:42,000	2,28	10,55	1,4	15,4	73,2	0	15,6
584	03.08.2025 11:42:43,000	2,28	10,55	-0,8	6,1	83,2	0	6,1
585	03.08.2025 11:42:44,000	2,24	10,54	2,5	15,2	72,4	0	15,6
586	03.08.2025 11:42:45,000	2,24	10,57	-3,6	3,5	83,0	1	3,6
587	03.08.2025 11:42:46,000	2,20	10,56	-16,6	-0,4	73,0	0	-0,4
588	03.08.2025 11:42:47,000	2,20	10,56	0,1	-1,3	88,6	0	-1,3
589	03.08.2025 11:42:48,000	2,20	10,56	3,7	-10,2	76,1	0	-10,5
590	03.08.2025 11:42:49,000	2,20	10,56	8,4	-14,3	67,3	1	-15,5
591	03.08.2025 11:42:50,000	2,16	10,56	-1,1	-2,0	86,9	0	-2,0
592	03.08.2025 11:42:51,000	2,16	10,58	16,0	24,7	49,3	1	29,6
593	03.08.2025 11:42:52,000	2,12	10,53	7,4	6,8	75,8	1	7,2
594	03.08.2025 11:42:53,000	2,09	10,53	7,9	-1,1	81,0	1	-1,1
595	03.08.2025 11:42:54,000	2,09	10,55	13,4	-6,6	70,1	1	-7,2
596	03.08.2025 11:42:55,000	2,09	10,53	1,5	2,2	86,3	0	2,3
597	03.08.2025 11:42:56,000	2,05	10,57	9,8	-11,5	68,7	0	-12,6
598	03.08.2025 11:42:57,000	2,05	10,48	-13,8	-1,3	74,9	0	-1,3
599	03.08.2025 11:42:58,000	2,01	10,52	-4,7	-3,5	81,7	1	-3,7
600	03.08.2025 11:42:59,000	2,01	10,54	-14,1	1,8	74,1	0	1,9
601	03.08.2025 11:43:00,000	2,01	10,57	-6,3	6,5	77,2	0	6,9
602	03.08.2025 11:43:01,000	2,01	10,54	-8,3	2,3	79,5	1	2,4
603	03.08.2025 11:43:02,000	2,01	10,52	5,7	3,1	81,1	0	3,2
604	03.08.2025 11:43:03,000	2,01	10,54	-0,7	-2,9	86,4	1	-3,0
605	03.08.2025 11:43:04,000	2,01	10,52	3,4	6,1	80,5	1	6,3
606	03.08.2025 11:43:05,000	2,01	10,57	-2,9	-4,0	83,1	1	-4,0
607	03.08.2025 11:43:06,000	1,97	10,51	33,7	-0,9	55,5	0	-1,1
608	03.08.2025 11:43:07,000	1,97	10,51	-9,3	3,4	77,3	0	3,6
609	03.08.2025 11:43:08,000	1,97	10,56	4,7	10,5	74,7	0	11,0
610	03.08.2025 11:43:09,000	1,93	10,53	-0,3	-10,0	79,6	0	-10,1
611	03.08.2025 11:43:10,000	1,93	10,53	8,8	0,4	80,8	1	0,4
612	03.08.2025 11:43:11,000	1,93	10,51	9,5	3,1	77,4	1	3,2
613	03.08.2025 11:43:12,000	1,93	10,49	-5,1	-2,0	82,9	1	-2,0
614	03.08.2025 11:43:13,000	1,93	10,53	29,8	-3,3	56,9	0	-4,0
615	03.08.2025 11:43:14,000	1,93	10,51	3,1	-11,7	75,2	0	-12,1
616	03.08.2025 11:43:15,000	1,93	10,53	-1,2	7,9	80,9	0	8,0
617	03.08.2025 11:43:16,000	1,89	10,51	-7,3	0,3	82,4	1	0,3
618	03.08.2025 11:43:17,000	1,89	10,48	-5,0	6,9	78,1	0	7,2
619	03.08.2025 11:43:18,000	1,89	10,51	-18,8	2,1	69,1	0	2,3
620	03.08.2025 11:43:19,000	1,89	10,51	5,6	4,2	80,2	1	4,4
621	03.08.2025 11:43:20,000	1,89	10,51	3,9	12,8	73,3	0	13,3
622	03.08.2025 11:43:21,000	1,89	10,51	-4,7	-0,6	84,7	1	-0,6
623	03.08.2025 11:43:22,000	1,89	10,53	-2,8	-0,8	86,4	1	-0,8
624	03.08.2025 11:43:23,000	1,89	10,53	6,4	7,3	76,2	1	7,7
625	03.08.2025 11:43:24,000	1,85	10,48	-7,9	-2,9	79,2	0	-3,0
626	03.08.2025 11:43:25,000	1,85	10,48	4,8	-0,4	84,7	1	-0,4
627	03.08.2025 11:43:26,000	1,85	10,50	7,1	15,3	67,5	0	16,5
628	03.08.2025 11:43:27,000	1,85	10,53	-4,4	7,2	78,4	0	7,5
629	03.08.2025 11:43:28,000	1,85	10,53	0,8	4,5	84,7	0	4,6
630	03.08.2025 11:43:29,000	1,81	10,52	-8,1	9,7	72,3	0	10,3
631	03.08.2025 11:43:30,000	1,81	10,50	-6,1	10,1	73,8	0	10,7
632	03.08.2025 11:43:31,000	1,81	10,50	-6,6	7,7	75,7	0	8,2
633	03.08.2025 11:43:32,000	1,81	10,50	-3,5	5,9	80,6	0	6,0
634	03.08.2025 11:43:33,000	1,81	10,47	-2,7	5,7	81,6	0	5,9
635	03.08.2025 11:43:34,000	1,81	10,50	-0,6	-0,9	88,4	1	-0,9
636	03.08.2025 11:43:35,000	1,81	10,50	-0,9	-4,1	85,0	1	-4,1
637	03.08.2025 11:43:36,000	1,77	10,49	-8,6	2,8	78,6	0	2,9
638	03.08.2025 11:43:37,000	1,77	10,49	-7,2	-8,3	74,5	0	-8,8
639	03.08.2025 11:43:38,000	1,77	10,49	16,4	-16,3	57,3	1	-19,2
640	03.08.2025 11:43:39,000	1,77	10,52	5,9	-6,6	77,5	0	-6,9
641	03.08.2025 11:43:40,000	1,77	10,52	-5,7	-5,6	78,7	0	-5,8
642	03.08.2025 11:43:41,000	1,77	10,52	3,9	3,0	83,1	0	3,1
643	03.08.2025 11:43:42,000	1,77	10,52	-0,3	-9,2	80,5	0	-9,3
644	03.08.2025 11:43:43,000	1,77	10,52	-8,8	11,4	69,7	1	12,4
645	03.08.2025 11:43:44,000	1,77	10,52	10,2	4,5	75,3	0	4,8
646	03.08.2025 11:43:45,000	1,77	10,40	-0,6	1,3	88,1	0	1,3
647	03.08.2025 11:43:46,000	1,77	10,52	-2,5	-7,4	80,1	0	-7,6
648	03.08.2025 11:43:47,000	1,74	10,49	3,0	17,3	69,7	0	17,8
649	03.08.2025 11:43:48,000	1,74	10,51	13,9	20,0	56,0	0	23,2
650	03.08.2025 11:43:49,000	1,70	10,51	-1,5	38,0	50,5	1	38,6
651	03.08.2025 11:43:50,000	1,70	10,51	-7,3	11,5	71,2	0	12,3
652	03.08.2025 11:43:51,000	1,70	10,51	0,1	0,3	89,6	1	0,3
653	03.08.2025 11:43:52,000	1,70	10,51	0,7	6,8	82,5	0	6,9
654	03.08.2025 11:43:53,000	1,66	10,50	-21,5	6,7	61,8	1	7,8
655	03.08.2025 11:43:54,000	1,66	10,50	-4,7	4,3	81,1	0	4,4
656	03.08.2025 11:43:55,000	1,66	10,53	-2,6	8,7	78,7	0	9,0
657	03.08.2025 11:43:56,000	1,62	10,50	5,7	6,3	78,0	0	6,6
658	03.08.2025 11:43:57,000	1,62	10,50	0,5	1,3	88,1	0	1,3
659	03.08.2025 11:43:58,000	1,62	10,50	-4,1	15,9	70,0	0	16,6
660	03.08.2025 11:43:59,000	1,62	10,50	-11,1	0,8	78,1	0	0,8
661	03.08.2025 11:44:00,000	1,62	10,50	8,0	6,4	75,6	1	6,8
662	03.08.2025 11:44:01,000	1,58	10,47	14,1	13,0	62,9	1	14,8
663	03.08.2025 11:44:02,000	1,58	10,50	-0,8	8,0	81,1	0	8,1
664	03.08.2025 11:44:03,000	1,58	10,50	-7,4	5,9	76,7	0	6,2
665	03.08.2025 11:44:04,000	1,58	10,50	-5,3	11,6	73,1	0	12,2
666	03.08.2025 11:44:05,000	1,58	10,50	-3,2	13,1	73,7	1	13,5
667	03.08.2025 11:44:06,000	1,54	10,49	-3,1	-0,4	86,5	1	-0,4
668	03.08.2025 11:44:07,000	1,54	10,49	2,4	7,3	80,3	1	7,5
669	03.08.2025 11:44:08,000	1,54	10,49	-1,5	4,3	84,2	0	4,4
670	03.08.2025 11:44:09,000	1,54	10,49	0,0	10,9	79,1	0	10,9
671	03.08.2025 11:44:10,000	1,54	10,49	-3,6	3,0	83,4	0	3,0
672	03.08.2025 11:44:11,000	1,54	10,49	5,1	-2,8	82,1	1	-2,9
673	03.08.2025 11:44:12,000	1,54	10,54	7,3	-3,4	79,3	1	-3,5
674	03.08.2025 11:44:13,000	1,54	10,45	-17,0	0,2	72,8	1	0,2
675	03.08.2025 11:44:14,000	1,54	10,49	4,6	4,7	80,6	0	4,9
676	03.08.2025 11:44:15,000	1,54	10,49	2,6	5,1	82,3	0	5,3
677	03.08.2025 11:44:16,000	1,54	10,47	-17,8	2,9	69,3	0	3,2
678	03.08.2025 11:44:17,000	1,54	10,49	2,5	-1,6	85,9	0	-1,6
679	03.08.2025 11:44:18,000	1,54	10,45	-10,7	4,0	75,3	1	4,2
680	03.08.2025 11:44:19,000	1,54	10,47	-2,6	-15,6	71,8	0	-16,0
681	03.08.2025 11:44:20,000	1,54	10,47	4,5	-12,2	73,2	0	-12,8
682	03.08.2025 11:44:21,000	1,54	10,49	11,5	-3,7	74,7	1	-4,0
683	03.08.2025 11:44:22,000	1,54	10,49	42,9	9,1	38,0	0	14,6
684	03.08.2025 11:44:23,000	1,54	10,42	-5,9	1,4	82,7	1	1,5
685	03.08.2025 11:44:24,000	1,50	10,49	4,7	7,7	77,6	1	8,0
686	03.08.2025 11:44:25,000	1,50	10,49	3,8	13,1	73,2	1	13,6
687	03.08.2025 11:44:26,000	1,50	10,44	9,8	-2,2	78,0	1	-2,3
688	03.08.2025 11:44:27,000	1,50	10,46	0,3	1,0	88,7	1	1,0
689	03.08.2025 11:44:28,000	1,50	10,49	6,6	1,8	81,6	1	1,9
690	03.08.2025 11:44:29,000	1,50	10,44	8,1	-5,4	76,5	1	-5,7
691	03.08.2025 11:44:30,000	1,46	10,48	-3,3	-5,0	81,7	0	-5,1
692	03.08.2025 11:44:31,000	1,46	10,46	-6,0	0,8	83,2	1	0,8
693	03.08.2025 11:44:32,000	1,46	10,46	3,5	-4,9	81,5	0	-5,1
694	03.08.2025 11:44:33,000	1,46	10,46	7,2	5,1	77,7	0	5,4
695	03.08.2025 11:44:34,000	1,46	10,44	1,4	5,0	83,6	1	5,0
696	03.08.2025 11:44:35,000	1,46	10,44	13,8	0,1	76,1	1	0,1
697	03.08.2025 11:44:36,000	1,46	10,48	6,1	-4,9	79,0	1	-5,1
698	03.08.2025 11:44:37,000	1,46	10,48	4,0	-9,8	76,2	1	-10,2
699	03.08.2025 11:44:38,000	1,46	10,46	12,4	5,5	72,1	0	5,9
700	03.08.2025 11:44:39,000	1,42	10,46	-6,7	-2,8	80,5	1	-2,9
701	03.08.2025 11:44:40,000	1,42	10,48	8,6	-0,6	80,8	1	-0,7
702	03.08.2025 11:44:41,000	1,42	10,48	-3,0	-12,5	74,4	1	-12,9
703	03.08.2025 11:44:42,000	1,42	10,46	0,6	7,9	81,5	0	8,0
704	03.08.2025 11:44:43,000	1,42	10,46	8,0	20,9	61,1	0	22,8
705	03.08.2025 11:44:44,000	1,42	10,43	6,9	8,2	74,9	1	8,6
706	03.08.2025 11:44:45,000	1,42	10,43	24,0	18,1	47,9	1	23,4
707	03.08.2025 11:44:46,000	1,42	10,43	4,3	19,8	66,0	1	20,7
708	03.08.2025 11:44:47,000	1,42	10,46	-1,3	-10,0	78,7	0	-10,1
709	03.08.2025 11:44:48,000	1,42	10,46	7,4	-3,0	79,6	1	-3,1
710	03.08.2025 11:44:49,000	1,42	10,43	-3,8	-3,8	82,4	1	-3,9
711	03.08.2025 11:44:50,000	1,42	10,46	1,8	-0,2	88,0	0	-0,2
712	03.08.2025 11:44:51,000	1,42	10,46	6,2	19,7	64,0	0	21,1
713	03.08.2025 11:44:52,000	1,42	10,43	8,3	-11,5	70,2	1	-12,4
714	03.08.2025 11:44:53,000	1,38	10,43	11,2	-1,2	77,6	1	-1,2
715	03.08.2025 11:44:54,000	1,38	10,40	17,0	-11,2	61,8	1	-12,9
716	03.08.2025 11:44:55,000	1,38	10,43	2,9	16,5	70,6	1	17,0
717	03.08.2025 11:44:56,000	1,38	10,43	13,4	-6,6	70,0	1	-7,2
718	03.08.2025 11:44:57,000	1,38	10,43	10,7	-9,5	69,8	0	-10,3
719	03.08.2025 11:44:58,000	1,34	10,42	7,1	5,3	77,6	0	5,5
720	03.08.2025 11:44:59,000	1,34	10,42	14,5	-1,6	73,9	1	-1,7
721	03.08.2025 11:45:00,000	1,30	10,44	6,6	-9,2	74,1	1	-9,8
722	03.08.2025 11:45:01,000	1,30	10,42	37,1	-1,9	51,0	1	-2,4
723	03.08.2025 11:45:02,000	1,30	10,37	-11,8	51,9	26,3	0	60,0
724	03.08.2025 11:45:03,000	1,30	10,40	8,3	-2,5	79,2	1	-2,6
725	03.08.2025 11:45:04,000	1,30	10,42	-1,4	-0,5	88,0	0	-0,5
726	03.08.2025 11:45:05,000	1,30	10,42	-8,7	1,8	79,5	0	1,9
727	03.08.2025 11:45:06,000	1,30	10,42	17,5	6,5	66,0	0	7,3
728	03.08.2025 11:45:07,000	1,30	10,42	4,0	-2,2	83,9	1	-2,2
729	03.08.2025 11:45:08,000	1,30	10,44	19,7	4,1	66,2	1	4,5
730	03.08.2025 11:45:09,000	1,30	10,40	10,4	-7,6	72,0	1	-8,2
731	03.08.2025 11:45:10,000	1,26	10,39	-3,9	5,9	80,2	1	6,1
732	03.08.2025 11:45:11,000	1,26	10,42	-7,7	-5,5	76,8	0	-5,8
733	03.08.2025 11:45:12,000	1,26	10,42	7,4	7,7	74,9	1	8,2
734	03.08.2025 11:45:13,000	1,26	10,44	12,3	-3,1	74,6	1	-3,3
735	03.08.2025 11:45:14,000	1,26	10,39	14,4	-1,6	73,9	0	-1,7
736	03.08.2025 11:45:15,000	1,26	10,44	15,9	4,5	69,6	0	4,9
737	03.08.2025 11:45:16,000	1,26	10,42	7,4	10,3	72,3	0	11,0
738	03.08.2025 11:45:17,000	1,26	10,44	-1,9	-2,5	85,5	1	-2,6
739	03.08.2025 11:45:18,000	1,26	10,46	-0,2	4,5	85,3	0	4,5
740	03.08.2025 11:45:19,000	1,26	10,42	16,8	-3,8	69,3	1	-4,2
741	03.08.2025 11:45:20,000	1,26	10,46	-1,9	8,0	80,0	0	8,2
742	03.08.2025 11:45:21,000	1,26	10,42	-5,0	6,3	78,7	0	6,6
743	03.08.2025 11:45:22,000	1,26	10,44	5,6	0,4	84,0	0	0,4
744	03.08.2025 11:45:23,000	1,22	10,43	9,8	-1,7	78,5	0	-1,7
745	03.08.2025 11:45:24,000	1,22	10,53	0,1	-4,0	85,9	1	-4,0
746	03.08.2025 11:45:25,000	1,22	10,46	-1,4	0,3	88,3	0	0,3
747	03.08.2025 11:45:26,000	1,22	10,46	8,3	-17,0	64,6	1	-18,5
748	03.08.2025 11:45:27,000	1,22	10,46	-6,8	4,0	79,2	0	4,1
749	03.08.2025 11:45:28,000	1,22	10,43	-8,7	7,7	73,7	0	8,2
750	03.08.2025 11:45:29,000	1,22	10,43	35,4	1,8	52,8	1	2,2
751	03.08.2025 11:45:30,000	1,22	10,43	20,9	-2,0	67,0	1	-2,2
752	03.08.2025 11:45:31,000	1,22	10,43	-9,4	-9,1	71,5	0	-9,8
753	03.08.2025 11:45:32,000	1,22	10,43	2,2	5,0	82,9	0	5,1
754	03.08.2025 11:45:33,000	1,22	10,46	5,5	-5,1	79,4	0	-5,3
755	03.08.2025 11:45:34,000	1,22	10,43	9,2	-3,7	77,1	0	-3,9
756	03.08.2025 11:45:35,000	1,22	10,43	-5,3	-5,2	79,5	1	-5,4
757	03.08.2025 11:45:36,000	1,22	10,48	-8,3	2,0	79,7	1	2,1
758	03.08.2025 11:45:37,000	1,22	10,46	-8,2	-6,7	75,1	1	-7,1
759	03.08.2025 11:45:38,000	1,22	10,48	-4,2	8,6	77,2	0	8,9
760	03.08.2025 11:45:39,000	1,22	10,46	3,6	1,4	85,0	0	1,4
761	03.08.2025 11:45:40,000	1,22	10,46	-15,7	-2,7	71,6	0	-2,9
762	03.08.2025 11:45:41,000	1,22	10,46	12,5	-1,0	76,5	1	-1,0
763	03.08.2025 11:45:42,000	1,22	10,43	14,2	1,0	74,8	1	1,1
764	03.08.2025 11:45:43,000	1,22	10,46	-0,3	7,7	82,1	1	7,7
765	03.08.2025 11:45:44,000	1,22	10,46	-6,5	6,0	77,6	1	6,3
766	03.08.2025 11:45:45,000	1,22	10,46	-13,7	-2,6	73,7	0	-2,8
767	03.08.2025 11:45:46,000	1,18	10,48	40,7	14,1	35,3	0	23,1
768	03.08.2025 11:45:47,000	1,18	10,48	-0,1	10,8	79,1	0	10,8
769	03.08.2025 11:45:48,000	1,18	10,48	10,9	-4,0	75,1	0	-4,3
770	03.08.2025 11:45:49,000	1,18	10,48	20,9	8,3	60,8	0	9,8
771	03.08.2025 11:45:50,000	1,18	10,48	-1,8	4,4	83,8	1	4,5
772	03.08.2025 11:45:51,000	1,18	10,45	-16,6	-4,2	69,2	1	-4,6
773	03.08.2025 11:45:52,000	1,18	10,48	12,8	1,1	76,1	0	1,1
774	03.08.2025 11:45:53,000	1,18	10,48	11,7	3,0	75,3	1	3,1
775	03.08.2025 11:45:54,000	1,18	10,50	28,4	-0,9	60,7	0	-1,0
776	03.08.2025 11:45:55,000	1,18	10,62	39,3	5,2	45,5	0	7,3
777	03.08.2025 11:45:56,000	1,18	10,45	11,7	-1,5	76,8	1	-1,5
778	03.08.2025 11:45:57,000	1,14	10,45	7,3	-0,6	82,1	0	-0,6
779	03.08.2025 11:45:58,000	1,14	10,45	1,8	-9,5	78,7	1	-9,7
780	03.08.2025 11:45:59,000	1,14	10,43	12,5	3,0	74,5	0	3,2
781	03.08.2025 11:46:00,000	1,14	10,45	-15,8	1,3	72,8	1	1,4
782	03.08.2025 11:46:01,000	1,14	10,47	-0,3	6,3	83,4	0	6,3
783	03.08.2025 11:46:02,000	1,14	10,45	-1,9	2,0	86,2	1	2,0
784	03.08.2025 11:46:03,000	1,14	10,50	2,7	5,0	82,3	1	5,1
785	03.08.2025 11:46:04,000	1,14	10,47	-4,7	-1,2	84,1	0	-1,2
786	03.08.2025 11:46:05,000	1,14	10,47	-1,5	-0,7	87,8	1	-0,7
787	03.08.2025 11:46:06,000	1,11	10,47	9,9	6,1	74,0	0	6,5
788	03.08.2025 11:46:07,000	1,11	10,47	20,2	13,3	56,5	0	16,0
789	03.08.2025 11:46:08,000	1,11	10,45	28,7	17,6	43,7	0	24,2
790	03.08.2025 11:46:09,000	1,11	10,45	27,9	13,7	48,4	0	18,1
791	03.08.2025 11:46:10,000	1,11	10,40	26,1	11,7	52,3	0	14,8
792	03.08.2025 11:46:11,000	1,11	10,37	31,4	13,9	44,7	0	19,3
793	03.08.2025 11:46:12,000	1,11	10,35	30,1	11,8	48,1	0	15,8
794	03.08.2025 11:46:13,000	1,11	10,33	30,0	13,4	46,5	0	18,2
795	03.08.2025 11:46:14,000	1,11	10,28	30,5	12,9	46,6	0	17,5
796	03.08.2025 11:46:15,000	1,11	10,26	29,7	14,3	46,0	0	19,4
797	03.08.2025 11:46:16,000	1,11	10,21	30,5	12,2	47,3	0	16,4
798	03.08.2025 11:46:17,000	1,11	10,16	31,8	10,4	47,8	0	14,0
799	03.08.2025 11:46:18,000	1,11	10,12	32,1	10,1	47,8	0	13,7
800	03.08.2025 11:46:19,000	1,11	10,09	33,2	7,2	49,6	0	9,5
801	03.08.2025 11:46:20,000	1,11	10,02	32,0	6,6	51,3	0	8,6
802	03.08.2025 11:46:21,000	1,11	10,00	34,6	3,7	51,7	0	4,8
803	03.08.2025 11:46:22,000	1,11	9,93	34,6	3,9	51,4	0	5,1
804	03.08.2025 11:46:23,000	1,11	9,88	32,9	4,1	53,0	0	5,2
805	03.08.2025 11:46:24,000	1,11	9,83	33,1	3,8	53,1	0	4,8
806	03.08.2025 11:46:25,000	1,07	9,78	33,4	2,9	53,7	0	3,7
807	03.08.2025 11:46:26,000	1,07	9,76	34,3	0,9	54,7	0	1,2
808	03.08.2025 11:46:27,000	1,07	9,69	33,7	-1,0	55,3	0	-1,3
809	03.08.2025 11:46:28,000	1,07	9,64	33,4	0,7	55,8	0	0,9
810	03.08.2025 11:46:29,000	1,07	9,59	35,2	-0,6	54,2	0	-0,7
811	03.08.2025 11:46:30,000	1,11	9,55	37,9	-2,4	49,7	0	-3,2
812	03.08.2025 11:46:31,000	1,11	9,50	32,6	2,6	54,9	0	3,2
813	03.08.2025 11:46:32,000	1,11	9,46	30,2	3,0	56,8	0	3,6
814	03.08.2025 11:46:33,000	1,11	9,41	27,4	7,6	55,0	0	9,4
815	03.08.2025 11:46:34,000	1,14	9,37	28,8	7,2	54,0	0	8,9
816	03.08.2025 11:46:35,000	1,14	9,34	28,9	5,8	55,3	0	7,2
817	03.08.2025 11:46:36,000	1,14	9,30	28,2	4,9	57,0	0	5,9
818	03.08.2025 11:46:37,000	1,14	9,25	29,6	5,0	55,3	0	6,2
819	03.08.2025 11:46:38,000	1,14	9,23	28,0	6,3	55,7	0	7,7
820	03.08.2025 11:46:39,000	1,14	9,20	30,1	4,2	55,7	0	5,1
821	03.08.2025 11:46:40,000	1,14	9,16	29,5	3,9	56,6	0	4,7
822	03.08.2025 11:46:41,000	1,14	9,13	30,4	4,4	55,2	0	5,4
823	03.08.2025 11:46:42,000	1,14	9,11	26,1	6,2	57,7	0	7,4
824	03.08.2025 11:46:43,000	1,14	9,08	25,6	8,8	55,6	0	10,7
825	03.08.2025 11:46:44,000	1,14	9,08	38,7	-3,4	48,0	0	-4,6
826	03.08.2025 11:46:45,000	1,14	9,06	36,9	6,9	46,2	0	9,6
827	03.08.2025 11:46:46,000	1,14	9,06	41,8	9,2	39,0	0	14,5
828	03.08.2025 11:46:47,000	1,14	9,04	33,4	8,5	48,1	0	11,5
829	03.08.2025 11:46:48,000	1,14	9,01	37,2	8,2	44,6	0	11,7
830	03.08.2025 11:46:49,000	1,14	8,99	37,9	9,4	42,7	0	13,8
831	03.08.2025 11:46:50,000	1,14	8,97	29,4	9,9	50,7	0	12,9
832	03.08.2025 11:46:51,000	1,14	8,97	27,7	8,6	53,7	0	10,8
833	03.08.2025 11:46:52,000	1,14	8,94	34,2	13,2	42,6	0	19,0
834	03.08.2025 11:46:53,000	1,14	8,92	36,6	9,8	43,6	0	14,2
835	03.08.2025 11:46:54,000	1,18	8,92	31,0	9,0	50,0	0	11,8
836	03.08.2025 11:46:55,000	1,14	8,92	29,8	11,1	49,1	0	14,7
837	03.08.2025 11:46:56,000	1,18	8,90	37,6	16,5	36,0	0	26,1
838	03.08.2025 11:46:57,000	1,18	8,92	34,1	9,8	46,1	0	13,6
839	03.08.2025 11:46:58,000	1,18	8,90	33,0	11,1	45,9	0	15,3
840	03.08.2025 11:46:59,000	1,18	8,88	30,4	12,1	47,5	0	16,2
841	03.08.2025 11:47:00,000	1,18	8,88	37,0	16,5	36,5	0	25,9
842	03.08.2025 11:47:01,000	1,18	8,85	36,7	12,3	41,1	0	18,2
843	03.08.2025 11:47:02,000	1,18	8,88	35,2	13,1	41,8	0	19,2
844	03.08.2025 11:47:03,000	1,22	8,88	33,7	16,8	39,5	0	24,9
845	03.08.2025 11:47:04,000	1,22	8,86	34,7	12,0	43,3	0	17,3
846	03.08.2025 11:47:05,000	1,22	8,83	37,1	13,9	39,0	0	21,2
847	03.08.2025 11:47:06,000	1,22	8,86	35,2	13,8	41,1	0	20,3
848	03.08.2025 11:47:07,000	1,22	8,86	32,6	15,4	42,0	0	22,1
849	03.08.2025 11:47:08,000	1,22	8,83	35,4	15,6	39,0	0	23,5
850	03.08.2025 11:47:09,000	1,22	8,86	36,9	15,1	38,0	0	23,3
851	03.08.2025 11:47:10,000	1,26	8,86	35,5	15,8	38,6	0	24,0
852	03.08.2025 11:47:11,000	1,26	8,84	34,1	16,5	39,4	0	24,5
853	03.08.2025 11:47:12,000	1,26	8,84	35,3	16,6	38,2	0	25,2
854	03.08.2025 11:47:13,000	1,26	8,84	36,0	16,1	37,9	0	24,7
855	03.08.2025 11:47:14,000	1,26	8,82	36,2	16,2	37,6	0	25,1
856	03.08.2025 11:47:15,000	1,26	8,82	35,0	15,3	39,7	0	22,9
857	03.08.2025 11:47:16,000	1,26	8,84	34,7	17,0	38,4	0	25,6
858	03.08.2025 11:47:17,000	1,26	8,82	35,0	17,3	37,7	0	26,3
859	03.08.2025 11:47:18,000	1,30	8,82	35,3	17,5	37,3	0	26,8
860	03.08.2025 11:47:19,000	1,30	8,82	37,0	16,1	36,9	0	25,2
861	03.08.2025 11:47:20,000	1,30	8,82	34,2	17,3	38,5	0	26,0
862	03.08.2025 11:47:21,000	1,30	8,80	32,7	17,1	40,2	0	25,0
863	03.08.2025 11:47:22,000	1,30	8,80	36,1	15,9	38,0	0	24,5
864	03.08.2025 11:47:23,000	1,30	8,80	36,7	17,0	36,3	0	26,7
865	03.08.2025 11:47:24,000	1,30	8,80	34,7	10,9	44,5	0	15,4
866	03.08.2025 11:47:25,000	1,30	8,77	29,8	13,9	46,2	0	18,9
867	03.08.2025 11:47:26,000	1,34	8,80	29,8	12,9	47,3	0	17,4
868	03.08.2025 11:47:27,000	1,34	8,78	32,5	14,0	43,5	0	19,7
869	03.08.2025 11:47:28,000	1,34	8,75	30,9	15,3	43,8	0	21,4
870	03.08.2025 11:47:29,000	1,38	8,76	31,0	16,0	43,1	0	22,5
871	03.08.2025 11:47:30,000	1,38	8,78	30,6	15,4	44,1	0	21,4
872	03.08.2025 11:47:31,000	1,38	8,76	34,4	17,5	38,1	0	26,4
873	03.08.2025 11:47:32,000	1,38	8,73	36,6	16,0	37,4	0	24,8
874	03.08.2025 11:47:33,000	1,38	8,73	35,4	14,5	40,0	0	21,7
875	03.08.2025 11:47:34,000	1,38	8,71	30,9	14,2	44,9	0	19,6
876	03.08.2025 11:47:35,000	1,38	8,71	30,9	16,7	42,4	0	23,6
877	03.08.2025 11:47:36,000	1,38	8,69	38,4	16,6	35,0	0	26,8
878	03.08.2025 11:47:37,000	1,38	8,69	38,1	15,4	36,5	0	24,4
879	03.08.2025 11:47:38,000	1,42	8,67	33,0	16,8	40,2	0	24,6
880	03.08.2025 11:47:39,000	1,42	8,67	31,6	17,1	41,4	0	24,4
881	03.08.2025 11:47:40,000	1,42	8,67	37,9	17,4	34,7	0	28,1
882	03.08.2025 11:47:41,000	1,42	8,67	38,0	16,7	35,3	0	26,8
883	03.08.2025 11:47:42,000	1,42	8,64	33,8	17,3	38,9	0	25,9
884	03.08.2025 11:47:43,000	1,42	8,62	34,8	15,4	39,8	0	23,0
885	03.08.2025 11:47:44,000	1,42	8,62	36,0	15,1	38,9	0	22,9
886	03.08.2025 11:47:45,000	1,42	8,60	33,5	15,0	41,5	0	21,8
887	03.08.2025 11:47:46,000	1,46	8,58	32,1	19,0	39,0	0	27,8
888	03.08.2025 11:47:47,000	1,46	8,55	36,2	16,1	37,8	0	24,7
889	03.08.2025 11:47:48,000	1,46	8,55	38,4	15,3	36,2	0	24,5
890	03.08.2025 11:47:49,000	1,50	8,56	35,0	15,4	39,6	0	23,0
891	03.08.2025 11:47:50,000	1,50	8,51	32,1	18,2	39,7	0	26,6
892	03.08.2025 11:47:51,000	1,50	8,51	33,8	16,5	39,7	0	24,4
893	03.08.2025 11:47:52,000	1,54	8,52	42,2	15,5	32,3	0	26,8
894	03.08.2025 11:47:53,000	1,54	8,49	38,9	15,2	35,9	0	24,5
895	03.08.2025 11:47:54,000	1,54	8,45	31,4	17,0	41,5	0	24,3
896	03.08.2025 11:47:55,000	1,54	8,45	33,8	18,0	38,2	0	27,0
897	03.08.2025 11:47:56,000	1,54	8,42	42,2	14,4	33,3	0	24,7
898	03.08.2025 11:47:57,000	1,58	8,43	39,9	15,6	34,5	0	25,7
899	03.08.2025 11:47:58,000	1,58	8,38	33,5	16,8	39,7	0	24,9
900	03.08.2025 11:47:59,000	1,62	8,36	35,1	13,6	41,3	0	20,0
901	03.08.2025 11:48:00,000	1,66	8,34	43,9	8,0	38,1	0	12,8
902	03.08.2025 11:48:01,000	1,66	8,34	41,3	9,0	39,6	0	14,0
903	03.08.2025 11:48:02,000	1,66	8,32	38,3	8,4	43,3	0	12,2
904	03.08.2025 11:48:03,000	1,70	8,30	37,0	9,6	43,5	0	13,8
905	03.08.2025 11:48:04,000	1,70	8,27	40,4	7,6	42,0	0	11,4
906	03.08.2025 11:48:05,000	1,70	8,25	41,2	12,2	36,6	0	19,7
907	03.08.2025 11:48:06,000	1,74	8,25	37,9	16,8	35,2	0	27,0
908	03.08.2025 11:48:07,000	1,74	8,23	37,8	17,3	34,9	0	27,9
909	03.08.2025 11:48:08,000	1,74	8,21	36,8	17,5	35,7	0	27,6
910	03.08.2025 11:48:09,000	1,77	8,19	38,5	17,2	34,3	0	28,0
911	03.08.2025 11:48:10,000	1,77	8,19	39,4	16,7	33,9	0	27,6
912	03.08.2025 11:48:11,000	1,77	8,16	35,4	16,3	38,2	0	24,8
913	03.08.2025 11:48:12,000	1,81	8,12	33,3	16,2	40,5	0	23,6
914	03.08.2025 11:48:13,000	1,85	8,10	34,5	16,1	39,4	0	24,0
915	03.08.2025 11:48:14,000	1,89	8,08	39,0	15,8	35,2	0	25,6
916	03.08.2025 11:48:15,000	1,93	8,06	38,4	15,6	36,0	0	24,9
917	03.08.2025 11:48:16,000	1,93	8,04	34,3	14,7	40,9	0	21,7
918	03.08.2025 11:48:17,000	1,97	8,02	38,1	13,5	38,4	0	20,9
919	03.08.2025 11:48:18,000	2,01	8,00	39,0	14,2	36,8	0	22,7
920	03.08.2025 11:48:19,000	2,01	7,98	37,7	14,3	38,0	0	22,2
921	03.08.2025 11:48:20,000	2,05	7,98	38,5	14,7	36,8	0	23,3
922	03.08.2025 11:48:21,000	2,09	7,94	39,3	15,3	35,3	0	24,9
923	03.08.2025 11:48:22,000	2,09	7,92	37,8	13,9	38,3	0	21,5
924	03.08.2025 11:48:23,000	2,09	7,87	37,4	15,6	37,0	0	24,5
925	03.08.2025 11:48:24,000	2,12	7,85	38,7	15,6	35,7	0	25,1
926	03.08.2025 11:48:25,000	2,12	7,85	39,3	15,1	35,6	0	24,5
927	03.08.2025 11:48:26,000	2,16	7,83	39,4	14,4	36,3	0	23,1
928	03.08.2025 11:48:27,000	2,16	7,78	38,0	15,4	36,7	0	24,3
929	03.08.2025 11:48:28,000	2,20	7,76	37,1	13,7	39,2	0	20,9
930	03.08.2025 11:48:29,000	2,20	7,74	40,7	10,6	38,7	0	16,7
931	03.08.2025 11:48:30,000	2,24	7,70	41,1	11,7	37,2	0	18,8
932	03.08.2025 11:48:31,000	2,28	7,70	34,2	14,7	41,2	0	21,5
933	03.08.2025 11:48:32,000	2,32	7,68	36,1	18,4	35,5	0	29,0
934	03.08.2025 11:48:33,000	2,32	7,66	38,5	16,0	35,5	0	25,8
935	03.08.2025 11:48:34,000	2,36	7,64	37,8	7,6	44,6	0	10,8
936	03.08.2025 11:48:35,000	2,47	7,58	42,5	19,1	28,5	0	34,6
937	03.08.2025 11:48:36,000	2,63	7,55	33,4	12,9	43,7	0	18,2
938	03.08.2025 11:48:37,000	2,74	7,54	39,4	14,3	36,3	0	23,0
939	03.08.2025 11:48:38,000	2,82	7,50	36,9	14,5	38,6	0	22,2
940	03.08.2025 11:48:39,000	2,89	7,44	32,0	16,5	41,5	0	23,7
941	03.08.2025 11:48:40,000	2,93	7,42	30,1	12,2	47,6	0	16,4
942	03.08.2025 11:48:41,000	3,01	7,43	37,7	9,7	42,6	0	14,2
943	03.08.2025 11:48:42,000	3,08	7,39	35,5	11,3	43,3	0	16,2
944	03.08.2025 11:48:43,000	3,12	7,34	30,2	13,0	46,8	0	17,7
945	03.08.2025 11:48:44,000	3,16	7,32	31,1	8,6	50,3	0	11,3
946	03.08.2025 11:48:45,000	3,20	7,33	36,7	8,7	44,6	0	12,4
947	03.08.2025 11:48:46,000	3,23	7,29	33,8	8,7	47,5	0	11,8
948	03.08.2025 11:48:47,000	3,27	7,24	29,5	10,8	49,7	0	14,1
949	03.08.2025 11:48:48,000	3,35	7,23	32,7	8,6	48,7	0	11,5
950	03.08.2025 11:48:49,000	3,38	7,18	36,5	8,5	45,0	0	12,0
951	03.08.2025 11:48:50,000	3,42	7,16	35,4	9,4	45,3	0	13,2
952	03.08.2025 11:48:51,000	3,46	7,12	30,7	10,2	49,1	0	13,6
953	03.08.2025 11:48:52,000	3,50	7,10	34,9	10,2	44,9	0	14,4
954	03.08.2025 11:48:53,000	3,57	7,06	35,9	8,2	45,9	0	11,5
955	03.08.2025 11:48:54,000	3,61	7,02	35,2	9,6	45,2	0	13,5
956	03.08.2025 11:48:55,000	3,65	7,00	35,4	10,9	43,7	0	15,6
957	03.08.2025 11:48:56,000	3,68	6,98	34,0	11,4	44,6	0	16,1
958	03.08.2025 11:48:57,000	3,72	6,94	37,2	10,8	42,0	0	16,0
959	03.08.2025 11:48:58,000	3,76	6,89	36,7	10,1	43,3	0	14,6
960	03.08.2025 11:48:59,000	3,80	6,87	37,9	10,9	41,2	0	16,3
961	03.08.2025 11:49:00,000	3,83	6,85	41,7	11,7	36,7	0	19,0
962	03.08.2025 11:49:01,000	3,87	6,81	35,7	13,6	40,6	0	20,3
963	03.08.2025 11:49:02,000	3,87	6,79	35,3	14,0	40,7	0	20,7
964	03.08.2025 11:49:03,000	3,91	6,77	40,0	12,9	37,1	0	20,7
965	03.08.2025 11:49:04,000	3,95	6,75	44,2	14,5	31,3	0	25,9
966	03.08.2025 11:49:05,000	3,98	6,71	40,7	12,2	37,2	0	19,5
967	03.08.2025 11:49:06,000	4,09	6,65	36,8	14,1	39,1	0	21,5
968	03.08.2025 11:49:07,000	4,20	6,64	35,8	14,9	39,3	0	22,5
969	03.08.2025 11:49:08,000	4,24	6,59	41,9	14,3	33,8	0	24,2
970	03.08.2025 11:49:09,000	4,32	6,58	44,8	12,3	32,9	0	21,7
971	03.08.2025 11:49:10,000	4,35	6,56	39,0	13,3	37,7	0	21,0
972	03.08.2025 11:49:11,000	4,39	6,49	36,7	17,5	35,8	0	27,6
973	03.08.2025 11:49:12,000	4,43	6,52	42,5	16,2	31,3	0	28,5
974	03.08.2025 11:49:13,000	4,46	6,47	44,0	14,3	31,7	0	25,5
975	03.08.2025 11:49:14,000	4,50	6,41	41,1	14,0	34,8	0	23,3
976	03.08.2025 11:49:15,000	4,54	6,39	40,7	15,3	34,0	0	25,7
977	03.08.2025 11:49:16,000	4,57	6,37	42,7	16,0	31,3	0	28,2
978	03.08.2025 11:49:17,000	4,61	6,33	43,4	12,6	34,0	0	21,5
979	03.08.2025 11:49:18,000	4,68	6,31	41,9	9,2	38,9	0	14,5
980	03.08.2025 11:49:19,000	4,72	6,27	41,9	8,7	39,4	0	13,5
981	03.08.2025 11:49:20,000	4,76	6,22	41,0	14,3	34,7	0	23,7
982	03.08.2025 11:49:21,000	4,83	6,25	52,0	10,5	27,5	0	21,6
983	03.08.2025 11:49:22,000	4,90	6,24	48,6	8,7	32,7	0	15,8
984	03.08.2025 11:49:23,000	4,97	6,27	46,6	16,9	26,5	0	33,4
985	03.08.2025 11:49:24,000	5,01	6,30	51,9	16,0	22,1	0	36,4
986	03.08.2025 11:49:25,000	5,01	6,30	50,6	18,2	21,1	0	41,0
987	03.08.2025 11:49:26,000	5,01	6,30	48,2	14,3	27,4	0	28,5
988	03.08.2025 11:49:27,000	5,01	6,30	49,4	17,2	23,4	0	36,8
989	03.08.2025 11:49:28,000	5,01	6,30	50,0	18,9	21,1	0	42,1
990	03.08.2025 11:49:29,000	5,05	6,32	50,9	17,3	21,7	0	38,9
991	03.08.2025 11:49:30,000	5,05	6,30	48,3	15,5	26,2	0	31,3
992	03.08.2025 11:49:31,000	5,12	6,28	48,1	16,2	25,7	0	32,8
993	03.08.2025 11:49:32,000	5,16	6,26	49,1	18,0	22,8	0	38,7
994	03.08.2025 11:49:33,000	5,19	6,27	50,5	16,7	22,8	0	36,7
995	03.08.2025 11:49:34,000	5,26	6,25	50,5	13,2	26,3	1	27,4
996	03.08.2025 11:49:35,000	5,30	6,19	44,8	10,8	34,3	0	18,6
997	03.08.2025 11:49:36,000	5,34	6,21	47,5	15,2	27,3	0	29,9
998	03.08.2025 11:49:37,000	5,34	6,24	46,9	17,2	25,9	0	34,2
999	03.08.2025 11:49:38,000	5,34	6,21	42,8	18,3	28,9	0	33,2
1000	03.08.2025 11:49:39,000	5,34	6,19	42,1	17,0	30,9	0	29,9
1001	03.08.2025 11:49:40,000	5,34	6,19	44,9	12,9	32,1	0	23,1
1002	03.08.2025 11:49:41,000	5,37	6,17	45,1	16,5	28,3	0	31,2
1003	03.08.2025 11:49:42,000	5,41	6,20	46,3	17,6	26,1	0	34,8
1004	03.08.2025 11:49:43,000	5,44	6,18	44,6	14,1	31,3	0	25,4
1005	03.08.2025 11:49:44,000	5,44	6,15	47,2	12,1	30,7	0	22,6
1006	03.08.2025 11:49:45,000	5,44	6,18	45,4	17,0	27,6	0	32,6
1007	03.08.2025 11:49:46,000	5,44	6,18	43,0	19,2	27,9	0	35,3
1008	03.08.2025 11:49:47,000	5,44	6,15	43,9	18,2	27,9	0	34,0
1009	03.08.2025 11:49:48,000	5,44	6,18	43,3	17,8	28,9	0	32,5
1010	03.08.2025 11:49:49,000	5,44	6,15	40,2	19,0	30,7	0	32,8
1011	03.08.2025 11:49:50,000	5,44	6,15	43,8	18,1	28,1	0	33,6
1012	03.08.2025 11:49:51,000	5,44	6,15	46,6	18,6	24,8	0	37,4
1013	03.08.2025 11:49:52,000	5,48	6,16	43,6	18,0	28,4	0	33,1
1014	03.08.2025 11:49:53,000	5,48	6,13	40,1	19,6	30,4	0	33,8
1015	03.08.2025 11:49:54,000	5,52	6,11	45,4	17,5	27,1	0	33,6
1016	03.08.2025 11:49:55,000	5,52	6,14	46,4	18,4	25,2	0	36,6
1017	03.08.2025 11:49:56,000	5,52	6,14	46,0	16,9	27,1	0	32,7
1018	03.08.2025 11:49:57,000	5,52	6,11	44,4	18,6	27,0	0	35,3
1019	03.08.2025 11:49:58,000	5,52	6,11	44,7	18,4	26,9	0	35,2
1020	03.08.2025 11:49:59,000	5,52	6,11	44,5	17,7	27,8	0	33,3
1021	03.08.2025 11:50:00,000	5,52	6,14	47,5	17,7	24,9	0	35,9
1022	03.08.2025 11:50:01,000	5,52	6,14	48,1	17,6	24,4	0	36,3
1023	03.08.2025 11:50:02,000	5,55	6,12	46,0	17,9	26,2	0	35,0
1024	03.08.2025 11:50:03,000	5,55	6,12	42,4	18,7	28,9	0	33,8
1025	03.08.2025 11:50:04,000	5,55	6,12	44,6	18,1	27,3	0	34,2
1026	03.08.2025 11:50:05,000	5,55	6,14	49,8	18,0	22,2	0	39,4
1027	03.08.2025 11:50:06,000	5,59	6,12	47,2	17,0	25,8	0	34,1
1028	03.08.2025 11:50:07,000	5,62	6,13	42,3	18,1	29,6	0	32,5
1029	03.08.2025 11:50:08,000	5,66	6,11	44,5	15,5	30,1	0	28,3
1030	03.08.2025 11:50:09,000	5,66	6,13	47,7	17,3	25,0	0	35,3
1031	03.08.2025 11:50:10,000	5,70	6,13	50,3	16,7	23,0	0	36,5
1032	03.08.2025 11:50:11,000	5,73	6,11	46,2	15,1	28,7	0	28,6
1033	03.08.2025 11:50:12,000	5,80	6,10	40,8	15,7	33,5	0	26,4
1034	03.08.2025 11:50:13,000	5,80	6,10	47,0	15,1	27,9	0	29,4
1035	03.08.2025 11:50:14,000	5,87	6,10	49,8	16,4	23,8	0	35,1
1036	03.08.2025 11:50:15,000	5,91	6,11	49,5	14,8	25,7	0	30,7
1037	03.08.2025 11:50:16,000	5,98	6,09	44,9	14,2	30,8	0	25,9
1038	03.08.2025 11:50:17,000	5,98	6,09	43,0	16,8	30,2	0	30,1
1039	03.08.2025 11:50:18,000	6,02	6,10	49,8	16,0	24,2	0	34,0
1040	03.08.2025 11:50:19,000	6,05	6,10	50,3	15,8	23,9	0	34,0
1041	03.08.2025 11:50:20,000	6,09	6,10	45,1	15,0	29,8	0	27,8
1042	03.08.2025 11:50:21,000	6,09	6,10	47,3	15,9	26,9	0	31,3
1043	03.08.2025 11:50:22,000	6,12	6,11	52,5	15,1	22,4	0	34,5
1044	03.08.2025 11:50:23,000	6,12	6,11	48,0	15,1	27,0	0	30,0
1045	03.08.2025 11:50:24,000	6,16	6,11	46,5	15,6	27,9	0	30,1
1046	03.08.2025 11:50:25,000	6,19	6,11	50,7	15,4	23,9	0	33,3
1047	03.08.2025 11:50:26,000	6,19	6,14	50,8	15,6	23,6	0	34,1
1048	03.08.2025 11:50:27,000	6,19	6,14	48,0	15,4	26,6	0	31,0
1049	03.08.2025 11:50:28,000	6,19	6,14	46,8	16,6	26,6	0	32,7
1050	03.08.2025 11:50:29,000	6,19	6,14	48,8	16,3	24,9	0	33,8
1051	03.08.2025 11:50:30,000	6,19	6,14	49,6	16,0	24,4	0	33,8
1052	03.08.2025 11:50:31,000	6,19	6,14	48,8	16,1	25,1	0	33,4
1053	03.08.2025 11:50:32,000	6,23	6,14	48,1	15,9	26,0	0	32,2
1054	03.08.2025 11:50:33,000	6,23	6,14	46,4	16,1	27,5	0	31,2
1055	03.08.2025 11:50:34,000	6,30	6,15	47,8	16,5	25,8	0	33,3
1056	03.08.2025 11:50:35,000	6,30	6,15	49,2	17,0	23,8	0	36,0
1057	03.08.2025 11:50:36,000	6,30	6,15	46,7	17,2	26,1	0	34,1
1058	03.08.2025 11:50:37,000	6,30	6,15	45,1	17,4	27,6	0	33,0
1059	03.08.2025 11:50:38,000	6,30	6,15	42,2	18,7	29,1	0	33,7
1060	03.08.2025 11:50:39,000	6,34	6,15	45,8	17,3	26,8	0	33,6
1061	03.08.2025 11:50:40,000	6,37	6,13	48,7	16,8	24,6	0	34,9
1062	03.08.2025 11:50:41,000	6,41	6,14	41,1	19,3	29,6	0	34,0
1063	03.08.2025 11:50:42,000	6,44	6,12	37,8	20,6	31,6	0	34,1
1064	03.08.2025 11:50:43,000	6,48	6,14	43,2	19,0	27,8	0	35,2
1065	03.08.2025 11:50:44,000	6,55	6,13	44,0	19,4	26,7	0	36,6
1066	03.08.2025 11:50:45,000	6,58	6,13	41,1	20,9	28,0	0	37,4
1067	03.08.2025 11:50:46,000	6,58	6,13	38,2	22,6	29,2	0	38,5
1068	03.08.2025 11:50:47,000	6,58	6,13	40,2	22,8	27,1	0	40,5
1069	03.08.2025 11:50:48,000	6,55	6,13	40,2	24,0	25,8	0	43,1
1070	03.08.2025 11:50:49,000	6,55	6,13	39,7	25,6	24,7	0	45,9
1071	03.08.2025 11:50:50,000	6,55	6,13	38,2	27,5	24,3	0	48,2
1072	03.08.2025 11:50:51,000	6,55	6,13	38,7	27,1	24,2	0	47,9
1073	03.08.2025 11:50:52,000	6,58	6,13	40,2	28,1	21,8	0	51,6
1074	03.08.2025 11:50:53,000	6,58	6,11	39,1	30,1	20,8	0	54,5
1075	03.08.2025 11:50:54,000	6,72	6,07	36,5	32,1	21,4	0	55,3
1076	03.08.2025 11:50:55,000	6,90	6,07	38,2	30,8	21,0	0	54,8
1077	03.08.2025 11:50:56,000	6,97	6,08	36,9	32,2	20,9	0	55,9
1078	03.08.2025 11:50:57,000	7,00	6,06	37,2	30,7	22,0	0	53,4
1079	03.08.2025 11:50:58,000	7,07	6,04	36,0	32,9	21,0	0	56,2
1080	03.08.2025 11:50:59,000	7,11	6,02	34,7	30,7	24,6	0	50,6
1081	03.08.2025 11:51:00,000	7,11	6,02	36,5	28,4	25,1	0	48,2
1082	03.08.2025 11:51:01,000	7,14	5,98	38,2	25,9	25,9	0	45,1
1083	03.08.2025 11:51:02,000	7,14	5,95	37,7	26,4	25,9	0	45,5
1084	03.08.2025 11:51:03,000	7,21	5,91	38,1	25,4	26,5	0	43,9
1085	03.08.2025 11:51:04,000	7,32	5,90	38,2	23,0	28,8	0	39,2
1086	03.08.2025 11:51:05,000	7,38	5,86	38,4	22,1	29,5	0	37,5
1087	03.08.2025 11:51:06,000	7,45	5,87	39,2	21,6	29,2	0	37,3
1088	03.08.2025 11:51:07,000	7,49	5,85	39,6	21,1	29,3	0	36,6
1089	03.08.2025 11:51:08,000	7,56	5,83	38,6	22,7	28,7	0	38,9
1090	03.08.2025 11:51:09,000	7,59	5,83	37,3	25,4	27,3	0	43,2
1091	03.08.2025 11:51:10,000	7,66	5,79	37,9	25,1	27,0	0	43,2
1092	03.08.2025 11:51:11,000	7,69	5,80	39,7	24,8	25,5	0	44,2
1093	03.08.2025 11:51:12,000	7,69	5,77	37,5	24,8	27,7	0	42,2
1094	03.08.2025 11:51:13,000	7,73	5,75	37,1	23,0	29,9	0	38,3
1095	03.08.2025 11:51:14,000	7,80	5,76	36,1	21,7	32,1	0	35,1
1096	03.08.2025 11:51:15,000	7,90	5,70	33,9	22,9	33,2	0	35,7
1097	03.08.2025 11:51:16,000	7,97	5,73	45,3	18,2	26,5	0	35,1
1098	03.08.2025 11:51:17,000	8,04	5,72	41,2	17,1	31,7	0	29,5
1099	03.08.2025 11:51:18,000	8,11	5,70	36,1	15,3	38,6	0	23,4
1100	03.08.2025 11:51:19,000	8,58	5,54	35,5	14,0	40,4	0	20,9
1101	03.08.2025 11:51:20,000	8,99	5,53	38,3	10,5	41,2	0	15,7
1102	03.08.2025 11:51:21,000	9,22	5,46	38,0	8,4	43,6	0	12,2
1103	03.08.2025 11:51:22,000	9,62	5,45	29,4	9,5	51,1	0	12,4
1104	03.08.2025 11:51:23,000	9,92	5,41	34,4	11,2	44,4	0	15,9
1105	03.08.2025 11:51:24,000	10,15	5,43	37,8	9,4	42,7	0	13,8
1106	03.08.2025 11:51:25,000	10,34	5,38	37,9	12,6	39,5	0	19,3
1107	03.08.2025 11:51:26,000	10,51	5,40	38,0	15,6	36,4	0	24,7
1108	03.08.2025 11:51:27,000	10,64	5,39	43,6	15,2	31,3	0	27,0
1109	03.08.2025 11:51:28,000	10,67	5,42	43,5	14,7	31,8	0	25,9
1110	03.08.2025 11:51:29,000	10,67	5,39	41,1	15,9	33,0	0	27,0
1111	03.08.2025 11:51:30,000	10,70	5,40	43,2	14,8	32,0	0	26,0
1112	03.08.2025 11:51:31,000	10,74	5,40	48,0	11,6	30,4	0	21,9
1113	03.08.2025 11:51:32,000	10,80	5,34	44,2	13,6	32,2	0	24,0
1114	03.08.2025 11:51:33,000	11,00	5,31	41,0	14,0	35,0	0	23,1
1115	03.08.2025 11:51:34,000	11,13	5,32	44,7	13,2	32,1	0	23,6
1116	03.08.2025 11:51:35,000	11,38	5,30	46,0	11,3	32,7	0	20,1
1117	03.08.2025 11:51:36,000	11,67	5,26	44,5	11,0	34,4	0	18,9
1118	03.08.2025 11:51:37,000	11,80	5,22	41,1	11,7	37,2	0	18,8
1119	03.08.2025 11:51:38,000	11,87	5,21	43,9	9,1	37,0	0	14,9
1120	03.08.2025 11:51:39,000	11,93	5,19	46,6	7,9	35,5	0	13,4
1121	03.08.2025 11:51:40,000	12,03	5,25	44,5	9,3	36,2	0	15,5
1122	03.08.2025 11:51:41,000	12,06	5,20	43,5	10,7	35,7	0	17,9
1123	03.08.2025 11:51:42,000	12,06	5,18	44,8	9,1	36,1	0	15,2
1124	03.08.2025 11:51:43,000	12,18	5,14	45,7	9,1	35,2	0	15,5
1125	03.08.2025 11:51:44,000	12,44	5,12	45,9	9,6	34,5	0	16,7
1126	03.08.2025 11:51:45,000	12,53	5,11	45,9	10,8	33,2	0	19,1
1127	03.08.2025 11:51:46,000	12,63	5,05	47,2	8,2	34,6	0	14,3
1128	03.08.2025 11:51:47,000	12,88	5,05	42,2	11,7	36,1	0	19,2
1129	03.08.2025 11:51:48,000	13,07	5,04	46,1	9,5	34,4	0	16,5
1130	03.08.2025 11:51:49,000	13,07	5,04	45,2	11,5	33,3	0	20,2
1131	03.08.2025 11:51:50,000	13,07	5,02	35,1	19,3	35,6	0	30,0
1132	03.08.2025 11:51:51,000	13,07	4,95	38,3	13,4	38,3	0	20,8
1133	03.08.2025 11:51:52,000	13,10	4,98	40,5	11,9	37,7	0	18,9
1134	03.08.2025 11:51:53,000	13,26	4,94	40,9	12,8	36,3	0	20,7
1135	03.08.2025 11:51:54,000	13,35	5,00	36,7	16,6	36,7	0	25,9
1136	03.08.2025 11:51:55,000	13,38	4,98	34,6	17,6	37,8	0	26,6
1137	03.08.2025 11:51:56,000	13,38	4,93	37,8	14,4	37,8	0	22,5
1138	03.08.2025 11:51:57,000	13,38	4,93	38,8	13,7	37,5	0	21,5
1139	03.08.2025 11:51:58,000	13,51	4,92	41,9	12,5	35,7	0	20,6
1140	03.08.2025 11:51:59,000	13,67	4,89	38,8	13,8	37,4	0	21,8
1141	03.08.2025 11:52:00,000	13,67	4,84	37,3	12,4	40,3	0	18,7
1142	03.08.2025 11:52:01,000	13,76	4,85	37,4	12,6	40,0	0	19,1
1143	03.08.2025 11:52:02,000	13,82	4,86	35,1	14,1	40,8	0	20,9
1144	03.08.2025 11:52:03,000	13,82	4,83	35,9	13,0	41,1	0	19,2
1145	03.08.2025 11:52:04,000	13,79	4,83	45,0	9,4	35,6	0	15,9
1146	03.08.2025 11:52:05,000	13,79	4,83	40,0	14,4	35,6	0	23,5
1147	03.08.2025 11:52:06,000	13,79	4,81	37,9	16,9	35,2	0	27,1
1148	03.08.2025 11:52:07,000	13,82	4,81	41,8	15,2	33,0	0	26,1
1149	03.08.2025 11:52:08,000	13,82	4,81	43,4	17,2	29,3	0	31,4
1150	03.08.2025 11:52:09,000	13,82	4,81	43,9	16,9	29,2	0	31,1
1151	03.08.2025 11:52:10,000	13,79	4,81	39,9	21,2	28,9	0	37,1
1152	03.08.2025 11:52:11,000	13,82	4,79	44,5	19,3	26,2	0	36,9
1153	03.08.2025 11:52:12,000	13,85	4,77	44,5	18,4	27,1	0	34,9
1154	03.08.2025 11:52:13,000	13,95	4,73	39,6	20,8	29,6	0	36,0
1155	03.08.2025 11:52:14,000	14,04	4,71	41,0	20,8	28,2	0	37,1
1156	03.08.2025 11:52:15,000	14,16	4,68	35,3	29,3	25,4	0	48,7
1157	03.08.2025 11:52:16,000	14,32	4,70	43,2	22,3	24,5	0	42,6
1158	03.08.2025 11:52:17,000	14,41	4,68	41,6	22,2	26,2	0	40,7
1159	03.08.2025 11:52:18,000	14,44	4,66	38,0	24,6	27,4	0	42,2
1160	03.08.2025 11:52:19,000	14,44	4,66	41,0	22,2	26,8	0	40,0
1161	03.08.2025 11:52:20,000	14,41	4,66	40,7	21,3	27,9	0	38,0
1162	03.08.2025 11:52:21,000	14,44	4,64	44,2	20,7	25,1	0	39,9
1163	03.08.2025 11:52:22,000	14,47	4,64	41,3	20,0	28,7	0	35,6
1164	03.08.2025 11:52:23,000	14,53	4,62	40,3	17,9	31,8	0	30,6
1165	03.08.2025 11:52:24,000	14,50	4,57	39,4	17,2	33,3	0	28,7
1166	03.08.2025 11:52:25,000	14,47	4,57	40,0	14,7	35,3	0	24,1
1167	03.08.2025 11:52:26,000	14,60	4,56	37,4	18,9	33,7	0	30,7
1168	03.08.2025 11:52:27,000	14,63	4,56	35,4	17,7	37,0	0	27,2
1169	03.08.2025 11:52:28,000	14,66	4,52	38,1	18,4	33,6	0	30,0
1170	03.08.2025 11:52:29,000	14,66	4,54	39,2	18,7	32,1	0	31,3
1171	03.08.2025 11:52:30,000	14,66	4,54	41,4	15,9	32,8	0	27,1
1172	03.08.2025 11:52:31,000	14,66	4,52	41,0	16,3	32,7	0	27,7
1173	03.08.2025 11:52:32,000	14,78	4,48	35,4	15,1	39,5	0	22,7
1174	03.08.2025 11:52:33,000	14,87	4,49	35,0	17,7	37,3	0	27,1
1175	03.08.2025 11:52:34,000	14,90	4,52	38,7	15,4	36,0	0	24,6
1176	03.08.2025 11:52:35,000	14,90	4,49	26,3	11,0	52,8	0	13,9
1177	03.08.2025 11:52:36,000	14,96	4,41	29,7	20,2	40,1	0	28,7
1178	03.08.2025 11:52:37,000	15,21	4,38	33,6	18,4	38,0	0	27,5
1179	03.08.2025 11:52:38,000	15,36	4,33	35,6	14,3	40,1	0	21,4
1180	03.08.2025 11:52:39,000	15,48	4,41	44,4	9,9	35,8	0	16,5
1181	03.08.2025 11:52:40,000	15,48	4,39	35,7	13,0	41,2	0	19,3
1182	03.08.2025 11:52:41,000	15,51	4,34	24,3	8,9	56,9	0	10,7
1183	03.08.2025 11:52:42,000	15,64	4,31	25,9	13,8	50,3	0	17,7
1184	03.08.2025 11:52:43,000	15,76	4,32	30,9	6,8	52,3	0	8,7
1185	03.08.2025 11:52:44,000	15,85	4,35	38,6	12,4	39,0	0	19,2
1186	03.08.2025 11:52:45,000	15,85	4,33	32,0	14,0	44,0	0	19,7
1187	03.08.2025 11:52:46,000	15,91	4,31	27,3	13,1	49,6	0	17,0
1188	03.08.2025 11:52:47,000	16,00	4,29	28,2	12,7	49,1	0	16,6
1189	03.08.2025 11:52:48,000	16,03	4,32	36,8	14,0	39,2	0	21,4
1190	03.08.2025 11:52:49,000	16,06	4,32	33,2	16,0	40,8	0	23,3
1191	03.08.2025 11:52:50,000	16,06	4,32	28,8	15,5	45,7	0	21,0
1192	03.08.2025 11:52:51,000	16,12	4,31	25,2	11,5	53,2	1	14,4
1193	03.08.2025 11:52:52,000	16,18	4,31	24,4	12,4	53,2	0	15,5
1194	03.08.2025 11:52:53,000	16,21	4,32	26,2	15,1	48,7	0	19,7
1195	03.08.2025 11:52:54,000	16,27	4,30	29,3	13,1	47,6	0	17,5
1196	03.08.2025 11:52:55,000	16,30	4,30	34,6	14,0	41,5	0	20,5
1197	03.08.2025 11:52:56,000	16,37	4,31	22,9	16,6	50,5	0	21,0
1198	03.08.2025 11:52:57,000	16,33	4,30	27,4	9,8	52,8	1	12,4
1199	03.08.2025 11:52:58,000	16,37	4,28	23,2	10,0	56,8	0	12,1
1200	03.08.2025 11:52:59,000	16,40	4,31	32,9	18,3	38,8	0	27,1
1201	03.08.2025 11:53:00,000	16,40	4,31	43,3	17,9	28,8	0	32,8
1202	03.08.2025 11:53:01,000	16,40	4,33	44,0	24,6	21,4	0	48,7
1203	03.08.2025 11:53:02,000	16,40	4,33	38,4	23,6	28,0	0	40,5
1204	03.08.2025 11:53:03,000	16,43	4,29	27,0	15,6	47,4	0	20,6
1205	03.08.2025 11:53:04,000	16,46	4,32	32,2	17,5	40,3	0	25,5
1206	03.08.2025 11:53:05,000	16,52	4,32	33,4	9,1	47,5	1	12,4
1207	03.08.2025 11:53:06,000	16,52	4,34	24,5	9,7	55,8	0	11,9
1208	03.08.2025 11:53:07,000	16,55	4,30	26,0	8,0	56,1	0	9,7
1209	03.08.2025 11:53:08,000	16,58	4,28	19,8	11,8	58,4	0	14,0
1210	03.08.2025 11:53:09,000	16,61	4,35	36,6	17,7	35,6	0	28,0
1211	03.08.2025 11:53:10,000	16,67	4,34	31,5	15,1	43,5	0	21,2
1212	03.08.2025 11:53:11,000	16,67	4,31	26,6	16,1	47,3	0	21,3
1213	03.08.2025 11:53:12,000	16,70	4,32	34,0	23,3	32,7	1	36,4
1214	03.08.2025 11:53:13,000	16,73	4,25	26,1	29,7	34,2	0	41,6
1215	03.08.2025 11:53:14,000	16,70	4,27	29,9	24,0	36,1	0	35,0
1216	03.08.2025 11:53:15,000	16,70	4,27	23,4	19,9	46,6	0	25,8
1217	03.08.2025 11:53:16,000	16,76	4,27	24,9	19,4	45,6	0	25,6
1218	03.08.2025 11:53:17,000	16,79	4,25	28,6	20,4	40,9	0	28,6
1219	03.08.2025 11:53:18,000	16,85	4,24	24,5	21,6	43,9	1	28,6
1220	03.08.2025 11:53:19,000	16,85	4,21	22,0	26,7	41,3	1	34,7
1221	03.08.2025 11:53:20,000	16,88	4,24	19,8	26,8	43,4	0	33,8
1222	03.08.2025 11:53:21,000	16,97	4,25	32,8	22,5	34,7	1	34,3
1223	03.08.2025 11:53:22,000	17,00	4,27	27,0	5,4	57,6	0	6,5
1224	03.08.2025 11:53:23,000	17,00	4,25	33,2	17,8	39,0	1	26,4
1225	03.08.2025 11:53:24,000	16,97	4,22	25,6	20,2	44,1	0	27,0
1226	03.08.2025 11:53:25,000	16,97	4,22	10,3	22,7	57,0	0	25,3
1227	03.08.2025 11:53:26,000	17,00	4,25	15,6	18,3	56,2	0	21,4
1228	03.08.2025 11:53:27,000	17,06	4,30	42,2	17,1	30,7	0	30,2
1229	03.08.2025 11:53:28,000	17,06	4,33	33,7	7,5	48,7	0	10,1
1230	03.08.2025 11:53:29,000	17,06	4,30	37,3	3,0	49,7	1	4,0
1231	03.08.2025 11:53:30,000	17,09	4,26	33,0	19,1	37,9	0	28,5
1232	03.08.2025 11:53:31,000	17,09	4,26	18,3	7,7	64,0	1	8,7
1233	03.08.2025 11:53:32,000	17,15	4,31	74,4	6,6	9,0	0	8,7
1234	03.08.2025 11:53:33,000	17,15	4,29	66,0	15,5	-8,5	0	8,7
1235	03.08.2025 11:53:34,000	17,15	4,31	59,1	22,4	8,6	0	68,6
1236	03.08.2025 11:53:35,000	17,12	4,29	59,1	-18,2	12,7	1	68,6
1237	03.08.2025 11:53:36,000	17,12	4,26	66,3	-12,1	11,7	1	68,6
1238	03.08.2025 11:53:37,000	17,12	4,29	68,3	-4,4	17,3	0	68,6
1239	03.08.2025 11:53:38,000	17,09	4,33	63,2	-2,4	24,5	1	-5,7
1240	03.08.2025 11:53:39,000	17,09	4,31	35,8	7,8	46,4	1	10,9
1241	03.08.2025 11:53:40,000	17,09	4,33	64,4	-3,8	21,9	0	10,9
1242	03.08.2025 11:53:41,000	17,15	4,29	66,9	-18,9	-4,2	0	10,9
1243	03.08.2025 11:53:42,000	17,18	4,27	66,5	-6,7	16,8	1	10,9
1244	03.08.2025 11:53:43,000	17,18	4,31	73,9	9,9	6,2	0	10,9
1245	03.08.2025 11:53:44,000	17,12	4,36	77,3	7,1	5,6	0	10,9
1246	03.08.2025 11:53:45,000	17,00	4,39	80,1	1,3	8,6	0	10,9
1247	03.08.2025 11:53:46,000	16,88	4,40	81,0	-0,7	8,3	0	10,9
1248	03.08.2025 11:53:47,000	16,76	4,41	79,1	-1,4	9,5	0	10,9
1249	03.08.2025 11:53:48,000	16,64	4,43	67,3	8,3	14,4	0	10,9
1250	03.08.2025 11:53:49,000	16,55	4,42	34,2	8,8	46,9	0	12,1
1251	03.08.2025 11:53:50,000	16,43	4,41	23,9	14,9	51,2	1	18,8
1252	03.08.2025 11:53:51,000	16,37	4,47	22,2	27,8	40,0	0	36,4
1253	03.08.2025 11:53:52,000	16,27	4,49	22,0	24,0	44,1	0	30,9
1254	03.08.2025 11:53:53,000	16,21	4,48	68,3	-21,0	-0,7	0	30,9
1255	03.08.2025 11:53:54,000	16,15	4,47	60,7	-19,5	-9,8	0	30,9
1256	03.08.2025 11:53:55,000	16,09	4,49	50,0	-36,2	3,8	1	-83,6
1257	03.08.2025 11:53:56,000	16,06	4,49	40,8	-44,7	4,5	0	-83,5
1258	03.08.2025 11:53:57,000	16,00	4,48	33,8	-54,8	1,4	0	-88,3
1259	03.08.2025 11:53:58,000	15,97	4,48	44,3	-44,3	1,4	0	-88,0
1260	03.08.2025 11:53:59,000	15,91	4,47	22,0	-28,0	39,9	0	-36,6
1261	03.08.2025 11:54:00,000	15,88	4,49	-9,5	13,9	66,5	0	15,3
1262	03.08.2025 11:54:01,000	15,85	4,49	-14,6	18,0	57,4	0	20,8
1263	03.08.2025 11:54:02,000	15,82	4,51	-15,2	15,9	59,0	0	18,4
1264	03.08.2025 11:54:03,000	15,79	4,51	-15,0	12,5	62,4	0	14,3
1265	03.08.2025 11:54:04,000	15,76	4,51	-12,4	8,9	68,7	0	9,8
1266	03.08.2025 11:54:05,000	15,73	4,50	-11,9	9,1	69,0	0	10,0
1267	03.08.2025 11:54:06,000	15,70	4,50	-12,6	9,5	67,9	0	10,5
1268	03.08.2025 11:54:07,000	15,67	4,50	-14,1	6,2	69,7	0	6,8
1269	03.08.2025 11:54:08,000	15,67	4,52	-14,6	6,3	69,1	0	7,0
1270	03.08.2025 11:54:09,000	15,64	4,52	-13,1	8,5	68,4	0	9,4
1271	03.08.2025 11:54:10,000	15,61	4,52	-11,2	8,8	70,0	0	9,6
1272	03.08.2025 11:54:11,000	15,58	4,51	-47,3	11,6	31,0	1	21,6
1273	03.08.2025 11:54:12,000	15,55	4,51	-41,3	-14,4	-34,2	1	-155,8
1274	03.08.2025 11:54:13,000	15,55	4,51	5,0	-14,4	-70,6	0	-164,9
1275	03.08.2025 11:54:14,000	15,51	4,51	5,1	-13,2	-71,7	0	-166,1
1276	03.08.2025 11:54:15,000	15,51	4,51	4,2	-12,3	-73,4	0	-167,1
1277	03.08.2025 11:54:16,000	15,48	4,50	4,5	-13,0	-72,4	0	-166,4
1278	03.08.2025 11:54:17,000	15,45	4,50	5,0	-13,8	-71,1	0	-165,4
1279	03.08.2025 11:54:18,000	15,45	4,52	3,5	-15,8	-70,7	1	-163,6
1280	03.08.2025 11:54:19,000	15,42	4,52	2,7	-14,0	-73,3	0	-165,6
1281	03.08.2025 11:54:20,000	15,42	4,52	2,5	-13,7	-73,8	0	-165,9
1282	03.08.2025 11:54:21,000	15,42	4,52	3,5	-13,5	-72,9	0	-166,0
1283	03.08.2025 11:54:22,000	15,42	4,52	4,3	-13,2	-72,4	0	-166,2
1284	03.08.2025 11:54:23,000	15,39	4,52	4,0	-13,0	-73,0	0	-166,4
1285	03.08.2025 11:54:24,000	15,39	4,52	4,0	-14,3	-71,7	0	-165,1
1286	03.08.2025 11:54:25,000	15,36	4,51	3,8	-14,6	-71,7	0	-164,9
1287	03.08.2025 11:54:26,000	15,36	4,51	3,4	-13,0	-73,6	0	-166,6
1288	03.08.2025 11:54:27,000	15,33	4,51	3,2	-12,6	-74,2	0	-166,9
1289	03.08.2025 11:54:28,000	15,33	4,51	3,9	-13,5	-72,7	0	-166,0
1290	03.08.2025 11:54:29,000	15,33	4,51	4,5	-14,0	-71,6	0	-165,4
1291	03.08.2025 11:54:30,000	15,33	4,51	4,5	-14,3	-71,2	0	-165,0
1292	03.08.2025 11:54:31,000	15,30	4,53	3,6	-13,3	-73,1	0	-166,2
1293	03.08.2025 11:54:32,000	15,30	4,51	2,5	-12,6	-74,9	0	-167,0
1294	03.08.2025 11:54:33,000	15,30	4,53	3,7	-13,3	-73,0	0	-166,2
1295	03.08.2025 11:54:34,000	15,30	4,51	5,2	-14,0	-70,8	0	-165,3
1296	03.08.2025 11:54:35,000	15,30	4,53	4,3	-13,6	-72,1	0	-165,8
1297	03.08.2025 11:54:36,000	15,27	4,53	2,7	-12,9	-74,4	0	-166,8
1298	03.08.2025 11:54:37,000	15,27	4,53	3,0	-13,3	-73,7	0	-166,3
1299	03.08.2025 11:54:38,000	15,27	4,53	4,4	-14,3	-71,3	0	-165,1
1300	03.08.2025 11:54:39,000	15,27	4,53	4,8	-13,0	-72,2	0	-166,3
1301	03.08.2025 11:54:40,000	15,24	4,53	3,3	-12,3	-74,4	0	-167,3
1302	03.08.2025 11:54:41,000	15,24	4,53	3,1	-13,3	-73,6	0	-166,3
1303	03.08.2025 11:54:42,000	15,24	4,53	4,0	-14,8	-71,3	0	-164,6
1304	03.08.2025 11:54:43,000	15,24	4,53	4,3	-13,8	-71,9	0	-165,6
1305	03.08.2025 11:54:44,000	15,24	4,53	4,8	-11,6	-73,6	0	-167,8
1306	03.08.2025 11:54:45,000	15,24	4,53	3,5	-12,5	-74,0	0	-167,0
1307	03.08.2025 11:54:46,000	15,24	4,53	2,4	-14,8	-72,9	0	-164,9
1308	03.08.2025 11:54:47,000	15,21	4,52	3,3	-14,5	-72,2	0	-165,0
1309	03.08.2025 11:54:48,000	15,21	4,52	4,6	-12,4	-73,0	0	-167,0
1310	03.08.2025 11:54:49,000	15,21	4,52	4,7	-12,2	-73,2	0	-167,3
1311	03.08.2025 11:54:50,000	15,21	4,52	3,3	-14,2	-72,5	0	-165,3
1312	03.08.2025 11:54:51,000	15,21	4,52	2,3	-14,1	-73,6	0	-165,6
1313	03.08.2025 11:54:52,000	15,21	4,52	3,8	-12,6	-73,6	0	-166,9
1314	03.08.2025 11:54:53,000	15,21	4,50	5,0	-12,8	-72,2	0	-166,6
1315	03.08.2025 11:54:54,000	15,21	4,52	4,4	-14,1	-71,5	0	-165,3
1316	03.08.2025 11:54:55,000	15,21	4,52	3,2	-13,8	-72,9	0	-165,7
1317	03.08.2025 11:54:56,000	15,21	4,52	2,3	-12,7	-75,0	0	-167,0
1318	03.08.2025 11:54:57,000	15,21	4,52	3,2	-12,3	-74,5	0	-167,3
1319	03.08.2025 11:54:58,000	15,21	4,50	4,6	-14,4	-71,1	0	-164,9
1320	03.08.2025 11:54:59,000	15,21	4,52	5,1	-14,6	-70,3	0	-164,6
1321	03.08.2025 11:55:00,000	15,21	4,50	3,4	-11,8	-74,8	0	-167,7
1322	03.08.2025 11:55:01,000	15,21	4,50	1,6	-11,9	-76,6	0	-167,9
1323	03.08.2025 11:55:02,000	15,21	4,50	3,8	-14,9	-71,3	0	-164,5
1324	03.08.2025 11:55:03,000	15,24	4,53	6,0	-14,6	-69,4	0	-164,5
1325	03.08.2025 11:55:04,000	15,24	4,53	4,8	-11,6	-73,6	0	-167,8
1326	03.08.2025 11:55:05,000	15,24	4,53	2,3	-11,5	-76,3	0	-168,3
1327	03.08.2025 11:55:06,000	15,24	4,50	2,4	-15,2	-72,4	0	-164,4
1328	03.08.2025 11:55:07,000	15,24	4,53	5,1	-14,7	-70,2	0	-164,5
1329	03.08.2025 11:55:08,000	15,24	4,50	6,1	-11,4	-72,5	0	-167,9
1330	03.08.2025 11:55:09,000	15,24	4,50	3,5	-11,9	-74,6	0	-167,7
1331	03.08.2025 11:55:10,000	15,27	4,51	1,6	-14,7	-73,8	0	-165,1
1332	03.08.2025 11:55:11,000	15,27	4,48	2,8	-14,7	-72,5	0	-164,9
1333	03.08.2025 11:55:12,000	15,27	4,51	5,5	-12,9	-71,6	0	-166,4
1334	03.08.2025 11:55:13,000	15,27	4,51	5,1	-12,1	-72,9	0	-167,3
1335	03.08.2025 11:55:14,000	15,27	4,51	2,8	-12,4	-74,9	0	-167,2
1336	03.08.2025 11:55:15,000	15,30	4,51	2,9	-14,4	-72,7	0	-165,1
1337	03.08.2025 11:55:16,000	15,30	4,53	4,8	-14,7	-70,5	0	-164,6
1338	03.08.2025 11:55:17,000	15,30	4,51	4,7	-12,2	-73,2	0	-167,3
1339	03.08.2025 11:55:18,000	15,30	4,49	2,8	-11,6	-75,6	0	-168,0
1340	03.08.2025 11:55:19,000	15,30	4,51	3,6	-14,3	-72,2	0	-165,2
1341	03.08.2025 11:55:20,000	15,30	4,51	4,0	-14,6	-71,4	0	-164,8
1342	03.08.2025 11:55:21,000	15,30	4,53	4,0	-12,9	-73,1	0	-166,6
1343	03.08.2025 11:55:22,000	15,30	4,51	4,2	-12,0	-73,8	0	-167,4
1344	03.08.2025 11:55:23,000	15,30	4,51	3,6	-13,1	-73,3	0	-166,4
1345	03.08.2025 11:55:24,000	15,33	4,51	3,3	-14,4	-72,3	0	-165,1
1346	03.08.2025 11:55:25,000	15,33	4,51	4,6	-13,3	-72,1	0	-166,1
1347	03.08.2025 11:55:26,000	15,33	4,51	4,1	-12,4	-73,4	0	-167,0
1348	03.08.2025 11:55:27,000	15,33	4,51	4,5	-12,6	-72,8	0	-166,8
1349	03.08.2025 11:55:28,000	15,33	4,54	4,3	-13,5	-72,3	0	-165,9
1350	03.08.2025 11:55:29,000	15,36	4,49	3,5	-13,4	-73,1	0	-166,1
1351	03.08.2025 11:55:30,000	15,36	4,51	3,3	-13,2	-73,5	0	-166,4
1352	03.08.2025 11:55:31,000	15,36	4,51	-67,5	5,6	-16,9	1	-166,4
1353	03.08.2025 11:55:32,000	15,36	4,51	-61,3	-5,1	-23,6	0	-167,4
1354	03.08.2025 11:55:33,000	15,39	4,49	-51,4	-9,1	-29,5	1	-162,0
1355	03.08.2025 11:55:34,000	15,39	4,52	-52,6	-8,2	-29,2	0	-163,6
1356	03.08.2025 11:55:35,000	15,39	4,52	-56,1	-6,6	-27,3	0	-165,9
1357	03.08.2025 11:55:36,000	15,39	4,52	-48,7	-11,0	-30,3	1	-159,0
1358	03.08.2025 11:55:37,000	15,39	4,52	-51,5	18,0	-20,5	0	138,6
1359	03.08.2025 11:55:38,000	15,39	4,52	-13,6	62,3	-14,1	0	106,0
1360	03.08.2025 11:55:39,000	15,42	4,52	-16,3	-46,5	27,2	0	-57,1
1361	03.08.2025 11:55:40,000	15,42	4,52	-4,1	-77,4	8,5	0	-81,2
1362	03.08.2025 11:55:41,000	15,42	4,52	-4,0	-75,7	10,3	0	-79,3
1363	03.08.2025 11:55:42,000	15,42	4,52	-3,1	-76,9	10,0	0	-79,7
1364	03.08.2025 11:55:43,000	15,42	4,54	-3,4	-77,7	8,9	0	-80,8
1365	03.08.2025 11:55:44,000	15,42	4,54	-3,4	-77,4	9,2	0	-80,5
1366	03.08.2025 11:55:45,000	15,42	4,54	-3,9	-75,7	10,4	0	-79,2
1367	03.08.2025 11:55:46,000	15,42	4,54	-5,0	-74,8	10,2	0	-79,4
1368	03.08.2025 11:55:47,000	15,42	4,52	-3,5	-77,0	9,6	0	-80,1
1369	03.08.2025 11:55:48,000	15,42	4,52	-1,5	-79,0	9,5	0	-80,3
1370	03.08.2025 11:55:49,000	15,42	4,54	-4,8	-75,5	9,7	0	-79,9
1371	03.08.2025 11:55:50,000	15,42	4,52	-6,1	-74,6	9,3	0	-80,1
1372	03.08.2025 11:55:51,000	15,42	4,54	-2,3	-77,1	10,6	0	-79,2
1373	03.08.2025 11:55:52,000	15,42	4,52	-2,4	-76,5	11,1	0	-78,6
1374	03.08.2025 11:55:53,000	15,42	4,54	-4,9	-76,8	8,3	0	-81,3
1375	03.08.2025 11:55:54,000	15,42	4,54	-4,6	-77,3	8,1	0	-81,6
1376	03.08.2025 11:55:55,000	15,42	4,52	-3,1	-76,4	10,5	0	-79,1
1377	03.08.2025 11:55:56,000	15,42	4,52	-3,0	-75,2	11,7	0	-77,9
1378	03.08.2025 11:55:57,000	15,42	4,54	-4,5	-76,2	9,3	0	-80,3
1379	03.08.2025 11:55:58,000	15,42	4,52	-4,1	-78,0	7,9	0	-81,8
1380	03.08.2025 11:55:59,000	15,42	4,52	-2,5	-78,1	9,4	0	-80,3
1381	03.08.2025 11:56:00,000	15,42	4,52	-4,3	-74,4	11,3	0	-78,2
1382	03.08.2025 11:56:01,000	15,42	4,52	-4,6	-75,3	10,1	0	-79,5
1383	03.08.2025 11:56:02,000	15,42	4,52	-2,8	-78,9	8,3	0	-81,5
1384	03.08.2025 11:56:03,000	15,42	4,54	-3,1	-76,8	10,1	0	-79,6
1385	03.08.2025 11:56:04,000	15,42	4,54	-4,6	-75,3	10,1	0	-79,5
1386	03.08.2025 11:56:05,000	15,42	4,52	-3,7	-76,9	9,4	0	-80,3
1387	03.08.2025 11:56:06,000	15,45	4,52	-3,5	-78,2	8,3	0	-81,4
1388	03.08.2025 11:56:07,000	15,45	4,52	-2,1	-77,6	10,4	0	-79,4
1389	03.08.2025 11:56:08,000	15,45	4,55	-4,1	-76,3	9,6	0	-80,0
1390	03.08.2025 11:56:09,000	15,45	4,52	-5,3	-76,3	8,4	0	-81,2
1391	03.08.2025 11:56:10,000	15,45	4,55	-1,7	-78,8	9,5	0	-80,4
1392	03.08.2025 11:56:11,000	15,45	4,55	-2,6	-77,4	10,0	0	-79,7
1393	03.08.2025 11:56:12,000	15,45	4,55	-5,8	-74,2	10,1	0	-79,4
1394	03.08.2025 11:56:13,000	15,45	4,55	-3,8	-77,0	9,3	0	-80,4
1395	03.08.2025 11:56:14,000	15,45	4,55	-1,9	-79,8	8,4	0	-81,5
1396	03.08.2025 11:56:15,000	15,45	4,55	-2,9	-76,8	10,3	0	-79,4
1397	03.08.2025 11:56:16,000	15,45	4,55	-4,8	-76,4	8,8	0	-80,8
1398	03.08.2025 11:56:17,000	15,45	4,55	-4,2	-77,2	8,6	0	-81,1
1399	03.08.2025 11:56:18,000	15,45	4,52	-1,8	-77,5	10,7	0	-79,1
1400	03.08.2025 11:56:19,000	15,48	4,53	-3,6	-75,9	10,5	0	-79,1
1401	03.08.2025 11:56:20,000	15,48	4,55	-5,8	-75,9	8,4	0	-81,2
1402	03.08.2025 11:56:21,000	15,48	4,53	-2,4	-78,8	8,8	0	-81,0
1403	03.08.2025 11:56:22,000	15,48	4,53	-2,4	-77,1	10,5	0	-79,3
1404	03.08.2025 11:56:23,000	15,48	4,53	-4,5	-76,0	9,5	0	-80,1
1405	03.08.2025 11:56:24,000	15,48	4,53	-3,3	-77,8	9,0	0	-80,7
1406	03.08.2025 11:56:25,000	15,48	4,53	-3,5	-78,3	8,3	0	-81,5
1407	03.08.2025 11:56:26,000	15,48	4,55	-3,1	-77,3	9,6	0	-80,1
1408	03.08.2025 11:56:27,000	15,48	4,55	-2,4	-78,1	9,4	0	-80,3
1409	03.08.2025 11:56:28,000	15,51	4,53	-4,4	-77,0	8,6	0	-81,0
1410	03.08.2025 11:56:29,000	15,51	4,53	-4,5	-75,4	10,1	0	-79,5
1411	03.08.2025 11:56:30,000	15,51	4,53	-2,6	-77,9	9,5	0	-80,2
1412	03.08.2025 11:56:31,000	15,51	4,53	-2,6	-79,3	8,1	0	-81,7
1413	03.08.2025 11:56:32,000	15,51	4,53	-4,1	-76,6	9,3	0	-80,3
1414	03.08.2025 11:56:33,000	15,51	4,55	-4,0	-76,5	9,5	0	-80,1
1415	03.08.2025 11:56:34,000	15,51	4,53	-2,5	-78,1	9,4	0	-80,3
1416	03.08.2025 11:56:35,000	15,51	4,53	-3,4	-77,8	8,9	0	-80,8
1417	03.08.2025 11:56:36,000	15,51	4,53	-4,1	-77,2	8,7	0	-81,0
1418	03.08.2025 11:56:37,000	15,51	4,53	-3,4	-76,6	10,0	0	-79,7
1419	03.08.2025 11:56:38,000	15,55	4,53	-2,1	-79,4	8,5	0	-81,3
1420	03.08.2025 11:56:39,000	15,55	4,56	-4,0	-77,7	8,3	0	-81,4
1421	03.08.2025 11:56:40,000	15,55	4,53	-3,8	-77,0	9,2	0	-80,5
1422	03.08.2025 11:56:41,000	15,55	4,56	-2,1	-78,5	9,4	0	-80,4
1423	03.08.2025 11:56:42,000	15,55	4,56	-3,4	-77,9	8,7	0	-81,0
1424	03.08.2025 11:56:43,000	15,55	4,53	-3,7	-77,6	8,6	0	-81,1
1425	03.08.2025 11:56:44,000	15,55	4,53	-3,4	-77,4	9,2	0	-80,5
1426	03.08.2025 11:56:45,000	15,55	4,53	-3,1	-77,4	9,5	0	-80,2
1427	03.08.2025 11:56:46,000	15,55	4,56	-2,4	-79,0	8,6	0	-81,2
1428	03.08.2025 11:56:47,000	15,55	4,53	-3,8	-77,4	8,8	0	-80,9
1429	03.08.2025 11:56:48,000	15,58	4,54	-4,2	-76,3	9,5	0	-80,1
1430	03.08.2025 11:56:49,000	15,58	4,54	-1,8	-79,9	8,3	0	-81,5
1431	03.08.2025 11:56:50,000	15,58	4,54	-3,3	-77,4	9,2	0	-80,5
1432	03.08.2025 11:56:51,000	15,58	4,54	-4,0	-76,5	9,5	0	-80,2
1433	03.08.2025 11:56:52,000	15,58	4,54	-2,5	-79,1	8,4	0	-81,4
1434	03.08.2025 11:56:53,000	15,58	4,54	-3,2	-77,8	9,0	0	-80,7
1435	03.08.2025 11:56:54,000	15,58	4,56	-4,0	-77,1	8,9	0	-80,8
1436	03.08.2025 11:56:55,000	15,61	4,54	-3,0	-77,6	9,4	0	-80,3
1437	03.08.2025 11:56:56,000	15,61	4,56	-2,6	-78,1	9,3	0	-80,5
1438	03.08.2025 11:56:57,000	15,61	4,54	-3,2	-78,9	7,9	0	-81,9
1439	03.08.2025 11:56:58,000	15,61	4,54	-4,9	-75,7	9,4	0	-80,2
1440	03.08.2025 11:56:59,000	15,61	4,54	-2,9	-77,0	10,0	0	-79,7
1441	03.08.2025 11:57:00,000	15,61	4,54	-1,4	-79,5	9,1	0	-80,8
1442	03.08.2025 11:57:01,000	15,61	4,54	-3,9	-78,0	8,1	0	-81,6
1443	03.08.2025 11:57:02,000	15,61	4,54	-5,2	-76,4	8,4	0	-81,2
1444	03.08.2025 11:57:03,000	15,64	4,54	-41,3	-11,9	-36,8	1	-160,8
1445	03.08.2025 11:57:04,000	15,64	4,54	-49,2	-9,1	-31,6	0	-163,0
1446	03.08.2025 11:57:05,000	15,64	4,54	-54,6	-6,1	-29,3	0	-167,6
1447	03.08.2025 11:57:06,000	15,64	4,54	-55,0	-7,3	-27,7	1	-164,5
1448	03.08.2025 11:57:07,000	15,67	4,52	-52,0	-7,7	-30,3	1	-165,1
1449	03.08.2025 11:57:08,000	15,67	4,54	-63,3	-2,1	-24,6	0	-175,0
1450	03.08.2025 11:57:09,000	15,67	4,54	-47,9	-14,2	-27,9	0	-152,1
1451	03.08.2025 11:57:10,000	15,67	4,54	-54,0	-5,8	-30,2	1	-168,6
1452	03.08.2025 11:57:11,000	15,67	4,54	-55,3	-6,0	-28,7	0	-167,7
1453	03.08.2025 11:57:12,000	15,70	4,52	-55,0	-6,1	-28,8	1	-167,4
1454	03.08.2025 11:57:13,000	15,70	4,55	-52,0	-7,0	-31,0	1	-166,6
1455	03.08.2025 11:57:14,000	15,70	4,55	-52,4	-6,4	-31,3	1	-167,9
1456	03.08.2025 11:57:15,000	15,70	4,55	-56,2	-6,7	-27,1	0	-165,5
1457	03.08.2025 11:57:16,000	15,70	4,52	-51,8	-7,2	-31,0	1	-166,3
1458	03.08.2025 11:57:17,000	15,73	4,53	-51,2	-6,7	-32,1	0	-167,5
1459	03.08.2025 11:57:18,000	15,73	4,53	-52,2	-7,1	-30,7	1	-166,3
1460	03.08.2025 11:57:19,000	15,73	4,53	-55,6	-8,8	-25,6	0	-160,5
1461	03.08.2025 11:57:20,000	15,73	4,53	-54,0	-6,5	-29,4	0	-166,9
1462	03.08.2025 11:57:21,000	15,76	4,53	-56,0	-8,0	-26,0	0	-162,3
1463	03.08.2025 11:57:22,000	15,76	4,53	-50,7	-5,7	-33,6	0	-169,7
1464	03.08.2025 11:57:23,000	15,76	4,53	-54,3	-6,9	-28,9	0	-166,0
1465	03.08.2025 11:57:24,000	15,76	4,51	-54,6	-6,6	-28,8	0	-166,6
1466	03.08.2025 11:57:25,000	15,79	4,53	-52,3	-7,8	-29,8	0	-164,6
1467	03.08.2025 11:57:26,000	15,79	4,53	-55,4	-6,3	-28,2	0	-166,8
1468	03.08.2025 11:57:27,000	15,79	4,53	-53,4	-6,9	-29,7	0	-166,3
1469	03.08.2025 11:57:28,000	15,79	4,53	-31,1	-25,3	-33,7	1	-142,1
1470	03.08.2025 11:57:29,000	15,82	4,51	-5,6	-16,7	-67,7	0	-162,3
1471	03.08.2025 11:57:30,000	15,82	4,51	-3,0	-17,1	-70,0	0	-162,4
1472	03.08.2025 11:57:31,000	15,82	4,54	-0,9	-15,7	-73,4	0	-164,1
1473	03.08.2025 11:57:32,000	15,82	4,54	-3,8	-17,7	-68,5	0	-161,6
1474	03.08.2025 11:57:33,000	15,82	4,51	-5,6	-16,3	-68,1	0	-162,8
1475	03.08.2025 11:57:34,000	15,82	4,54	-4,4	-15,1	-70,5	0	-164,2
1476	03.08.2025 11:57:35,000	15,82	4,54	-1,4	-18,5	-70,0	0	-161,2
1477	03.08.2025 11:57:36,000	15,85	4,54	-2,8	-18,3	-68,9	0	-161,1
1478	03.08.2025 11:57:37,000	15,85	4,54	-6,2	-15,3	-68,5	0	-163,7
1479	03.08.2025 11:57:38,000	15,85	4,52	-4,6	-15,9	-69,5	0	-163,4
1480	03.08.2025 11:57:39,000	15,85	4,52	-0,8	-19,2	-70,0	0	-160,6
1481	03.08.2025 11:57:40,000	15,85	4,54	-3,2	-16,4	-70,4	0	-163,0
1482	03.08.2025 11:57:41,000	15,85	4,54	-5,4	-13,0	-71,6	0	-166,3
1483	03.08.2025 11:57:42,000	15,85	4,54	-2,6	-17,6	-69,8	0	-161,9
1484	03.08.2025 11:57:43,000	15,85	4,54	-1,5	-20,1	-68,5	0	-159,6
1485	03.08.2025 11:57:44,000	15,85	4,54	-4,8	-14,5	-70,7	0	-164,7
1486	03.08.2025 11:57:45,000	15,88	4,52	-6,5	-14,2	-69,2	0	-164,8
1487	03.08.2025 11:57:46,000	15,88	4,54	-1,6	-20,1	-68,3	0	-159,5
1488	03.08.2025 11:57:47,000	15,88	4,54	-0,4	-19,3	-70,3	0	-160,6
1489	03.08.2025 11:57:48,000	15,88	4,54	-6,7	-13,8	-69,5	0	-165,2
1490	03.08.2025 11:57:49,000	15,88	4,54	-5,9	-14,5	-69,6	0	-164,6
1491	03.08.2025 11:57:50,000	15,88	4,54	0,2	-18,7	-71,1	0	-161,2
1492	03.08.2025 11:57:51,000	15,88	4,54	-1,2	-18,4	-70,5	0	-161,4
1493	03.08.2025 11:57:52,000	15,88	4,52	-6,4	-14,9	-68,7	0	-164,1
1494	03.08.2025 11:57:53,000	15,91	4,54	-5,3	-14,3	-70,5	0	-164,9
1495	03.08.2025 11:57:54,000	15,91	4,52	-0,4	-18,6	-71,0	0	-161,3
1496	03.08.2025 11:57:55,000	15,91	4,54	-1,6	-17,8	-70,6	0	-161,9
1497	03.08.2025 11:57:56,000	15,91	4,52	-5,7	-14,8	-69,5	0	-164,3
1498	03.08.2025 11:57:57,000	15,91	4,54	-4,4	-16,3	-69,3	0	-162,9
1499	03.08.2025 11:57:58,000	15,91	4,54	-2,4	-16,6	-71,0	0	-162,9
1500	03.08.2025 11:57:59,000	15,91	4,54	-2,2	-17,1	-70,7	0	-162,5
1501	03.08.2025 11:58:00,000	15,91	4,54	-4,1	-17,2	-68,8	0	-162,1
1502	03.08.2025 11:58:01,000	15,91	4,54	-4,3	-15,3	-70,4	0	-164,0
1503	03.08.2025 11:58:02,000	15,91	4,52	-3,3	-15,3	-71,4	0	-164,2
1504	03.08.2025 11:58:03,000	15,91	4,54	-2,2	-18,3	-69,4	0	-161,2
1505	03.08.2025 11:58:04,000	15,91	4,52	-2,7	-17,1	-70,2	0	-162,4
1506	03.08.2025 11:58:05,000	15,91	4,52	-5,1	-14,6	-70,3	0	-164,6
1507	03.08.2025 11:58:06,000	15,91	4,52	-3,6	-16,6	-69,8	0	-162,8
1508	03.08.2025 11:58:07,000	15,94	4,52	-1,7	-17,6	-70,7	0	-162,1
1509	03.08.2025 11:58:08,000	15,94	4,55	-3,5	-15,1	-71,4	0	-164,3
1510	03.08.2025 11:58:09,000	15,94	4,52	-3,8	-16,6	-69,6	0	-162,7
1511	03.08.2025 11:58:10,000	15,94	4,52	-2,6	-17,2	-70,2	0	-162,3
1512	03.08.2025 11:58:11,000	15,94	4,55	-4,9	-15,0	-70,1	0	-164,2
1513	03.08.2025 11:58:12,000	15,94	4,55	-3,1	-16,7	-70,2	0	-162,7
1514	03.08.2025 11:58:13,000	15,94	4,52	0,0	-17,3	-72,7	0	-162,7
1515	03.08.2025 11:58:14,000	15,94	4,52	-5,2	-15,0	-69,8	0	-164,2
1516	03.08.2025 11:58:15,000	15,94	4,55	-5,5	-16,1	-68,4	0	-163,0
1517	03.08.2025 11:58:16,000	15,97	4,53	-0,9	-17,4	-71,7	0	-162,4
1518	03.08.2025 11:58:17,000	15,97	4,53	-1,6	-15,5	-72,9	0	-164,2
1519	03.08.2025 11:58:18,000	15,97	4,53	-5,9	-18,2	-65,9	0	-160,7
1520	03.08.2025 11:58:19,000	15,97	4,53	-5,5	-16,4	-68,1	0	-162,6
1521	03.08.2025 11:58:20,000	15,97	4,55	-2,0	-15,9	-72,2	0	-163,8
1522	03.08.2025 11:58:21,000	15,97	4,55	-1,2	-18,0	-70,8	0	-161,8
1523	03.08.2025 11:58:22,000	15,97	4,53	-5,4	-16,8	-67,8	0	-162,2
1524	03.08.2025 11:58:23,000	16,00	4,53	-5,9	-15,6	-68,5	0	-163,4
1525	03.08.2025 11:58:24,000	16,00	4,53	-1,4	-16,2	-72,4	0	-163,5
1526	03.08.2025 11:58:25,000	16,00	4,53	-0,6	-18,7	-70,8	0	-161,2
1527	03.08.2025 11:58:26,000	16,00	4,53	-6,3	-15,1	-68,6	0	-163,9
1528	03.08.2025 11:58:27,000	16,00	4,53	-4,8	-15,4	-69,8	0	-163,8
1529	03.08.2025 11:58:28,000	16,00	4,53	0,3	-17,9	-71,8	0	-162,0
1530	03.08.2025 11:58:29,000	16,00	4,55	-2,9	-15,6	-71,5	0	-163,9
1531	03.08.2025 11:58:30,000	16,00	4,53	-6,1	-14,9	-69,0	0	-164,2
1532	03.08.2025 11:58:31,000	16,00	4,53	-3,5	-18,6	-67,9	0	-160,7
1533	03.08.2025 11:58:32,000	16,03	4,53	0,1	-16,8	-73,1	0	-163,1
1534	03.08.2025 11:58:33,000	16,03	4,53	-4,7	-12,8	-72,5	0	-166,6
1535	03.08.2025 11:58:34,000	16,03	4,53	-5,3	-16,6	-68,1	0	-162,5
1536	03.08.2025 11:58:35,000	16,03	4,53	-0,5	-20,6	-68,9	0	-159,3
1537	03.08.2025 11:58:36,000	16,03	4,53	-3,1	-15,3	-71,6	0	-164,2
1538	03.08.2025 11:58:37,000	16,03	4,53	-6,1	-12,7	-71,2	0	-166,5
1539	03.08.2025 11:58:38,000	16,03	4,53	-3,2	-18,7	-68,1	0	-160,6
1540	03.08.2025 11:58:39,000	16,03	4,53	-1,6	-21,0	-67,4	0	-158,6
1541	03.08.2025 11:58:40,000	16,06	4,54	-5,2	-14,8	-70,0	0	-164,4
1542	03.08.2025 11:58:41,000	16,06	4,54	-4,2	-13,5	-72,3	0	-165,9
1543	03.08.2025 11:58:42,000	16,06	4,54	-0,5	-16,4	-73,1	0	-163,5
1544	03.08.2025 11:58:43,000	16,06	4,54	-2,4	-18,8	-68,9	0	-160,8
1545	03.08.2025 11:58:44,000	16,06	4,54	-5,2	-14,8	-70,0	0	-164,4
1546	03.08.2025 11:58:45,000	16,06	4,54	-3,2	-14,8	-72,0	0	-164,7
1547	03.08.2025 11:58:46,000	16,06	4,51	-1,1	-18,4	-70,5	0	-161,4
1548	03.08.2025 11:58:47,000	16,09	4,54	-4,3	-17,1	-68,6	0	-162,1
1549	03.08.2025 11:58:48,000	16,09	4,54	-5,9	-15,5	-68,6	0	-163,5
1550	03.08.2025 11:58:49,000	16,09	4,54	-2,0	-17,0	-71,1	0	-162,7
1551	03.08.2025 11:58:50,000	16,09	4,54	-1,9	-17,4	-70,7	0	-162,2
1552	03.08.2025 11:58:51,000	16,09	4,54	-4,2	-15,8	-70,0	0	-163,5
1553	03.08.2025 11:58:52,000	16,09	4,54	-4,8	-14,5	-70,7	0	-164,8
1554	03.08.2025 11:58:53,000	16,09	4,52	-1,6	-16,2	-72,2	0	-163,5
1555	03.08.2025 11:58:54,000	16,09	4,54	-0,9	-17,6	-71,5	0	-162,2
1556	03.08.2025 11:58:55,000	16,09	4,54	-4,4	-16,1	-69,5	0	-163,1
1557	03.08.2025 11:58:56,000	16,12	4,54	-6,0	-14,1	-69,9	0	-165,0
1558	03.08.2025 11:58:57,000	16,12	4,54	-1,8	-17,1	-71,1	0	-162,5
1559	03.08.2025 11:58:58,000	16,12	4,54	0,9	-18,3	-70,7	0	-161,5
1560	03.08.2025 11:58:59,000	16,12	4,54	-5,7	-15,1	-69,2	0	-164,0
1561	03.08.2025 11:59:00,000	16,12	4,54	-6,2	-13,3	-70,5	0	-165,9
1562	03.08.2025 11:59:01,000	16,12	4,52	0,1	-17,6	-72,2	0	-162,3
1563	03.08.2025 11:59:02,000	16,12	4,52	0,7	-18,8	-70,5	0	-161,1
1564	03.08.2025 11:59:03,000	16,12	4,52	-6,6	-13,5	-69,9	0	-165,6
1565	03.08.2025 11:59:04,000	16,15	4,52	-6,1	-13,8	-70,1	0	-165,3
1566	03.08.2025 11:59:05,000	16,15	4,54	1,6	-19,7	-68,7	0	-159,9
1567	03.08.2025 11:59:06,000	16,15	4,54	-1,5	-17,6	-70,9	0	-162,1
1568	03.08.2025 11:59:07,000	16,15	4,54	-7,7	-12,9	-69,4	0	-166,2
1569	03.08.2025 11:59:08,000	16,15	4,52	-3,3	-16,7	-70,0	0	-162,7
1570	03.08.2025 11:59:09,000	16,15	4,54	0,3	-18,5	-71,2	0	-161,5
1571	03.08.2025 11:59:10,000	16,15	4,52	-3,8	-15,7	-70,5	0	-163,7
1572	03.08.2025 11:59:11,000	16,15	4,54	-5,2	-14,5	-70,3	0	-164,7
1573	03.08.2025 11:59:12,000	16,15	4,52	-2,9	-17,7	-69,4	0	-161,8
1574	03.08.2025 11:59:13,000	16,18	4,55	-2,5	-17,1	-70,4	0	-162,4
1575	03.08.2025 11:59:14,000	16,18	4,52	-4,0	-15,4	-70,6	0	-163,9
1576	03.08.2025 11:59:15,000	16,18	4,52	-3,5	-15,9	-70,6	0	-163,5
1577	03.08.2025 11:59:16,000	16,18	4,52	-2,2	-17,3	-70,5	0	-162,3
1578	03.08.2025 11:59:17,000	16,18	4,52	-4,1	-16,5	-69,4	0	-162,8
1579	03.08.2025 11:59:18,000	16,18	4,52	-4,6	-15,1	-70,2	0	-164,1
1580	03.08.2025 11:59:19,000	16,18	4,52	-2,1	-17,3	-70,6	0	-162,3
1581	03.08.2025 11:59:20,000	16,21	4,53	-1,7	-16,8	-71,5	0	-162,9
1582	03.08.2025 11:59:21,000	16,21	4,53	-5,2	-14,7	-70,1	0	-164,5
1583	03.08.2025 11:59:22,000	16,21	4,53	-4,0	-16,5	-69,5	0	-162,8
1584	03.08.2025 11:59:23,000	16,21	4,53	-1,6	-18,2	-70,2	0	-161,5
1585	03.08.2025 11:59:24,000	16,21	4,55	-3,1	-15,0	-71,9	0	-164,5
1586	03.08.2025 11:59:25,000	16,21	4,53	-4,3	-14,9	-70,8	0	-164,4
1587	03.08.2025 11:59:26,000	16,21	4,55	-3,2	-17,1	-69,7	0	-162,3
1588	03.08.2025 11:59:27,000	16,21	4,53	-2,7	-16,2	-71,2	0	-163,3
1589	03.08.2025 11:59:28,000	16,21	4,53	-2,2	-16,6	-71,2	0	-163,0
1590	03.08.2025 11:59:29,000	16,24	4,53	-4,2	-15,5	-70,3	0	-163,8
1591	03.08.2025 11:59:30,000	16,24	4,53	-4,0	-15,6	-70,4	0	-163,7
1592	03.08.2025 11:59:31,000	16,24	4,53	-2,0	-16,8	-71,2	0	-162,8
1593	03.08.2025 11:59:32,000	16,24	4,53	-3,0	-16,5	-70,5	0	-163,0
1594	03.08.2025 11:59:33,000	16,24	4,53	-3,5	-15,3	-71,2	0	-164,1
1595	03.08.2025 11:59:34,000	16,24	4,53	-2,7	-15,1	-72,2	0	-164,5
1596	03.08.2025 11:59:35,000	16,24	4,55	-3,1	-17,3	-69,5	0	-162,1
1597	03.08.2025 11:59:36,000	16,27	4,53	-4,4	-16,6	-68,9	0	-162,6
1598	03.08.2025 11:59:37,000	16,27	4,53	-2,1	-15,5	-72,4	0	-164,2
1599	03.08.2025 11:59:38,000	16,27	4,53	-2,0	-15,2	-72,8	0	-164,5
1600	03.08.2025 11:59:39,000	16,27	4,53	-4,4	-17,2	-68,4	0	-162,0
1601	03.08.2025 11:59:40,000	16,27	4,53	-4,0	-16,6	-69,4	0	-162,7
1602	03.08.2025 11:59:41,000	16,27	4,53	-3,9	-15,4	-70,7	0	-163,9
1603	03.08.2025 11:59:42,000	16,27	4,53	-1,2	-16,4	-72,3	0	-163,4
1604	03.08.2025 11:59:43,000	16,27	4,53	-1,9	-17,9	-70,2	0	-161,7
1605	03.08.2025 11:59:44,000	16,27	4,53	-7,2	-15,3	-67,4	0	-163,5
1606	03.08.2025 11:59:45,000	16,30	4,54	-4,8	-16,6	-68,7	0	-162,6
1607	03.08.2025 11:59:46,000	16,30	4,54	1,1	-17,6	-71,3	0	-162,1
1608	03.08.2025 11:59:47,000	16,30	4,54	-2,0	-14,3	-73,7	0	-165,4
1609	03.08.2025 11:59:48,000	16,30	4,54	-6,0	-15,1	-68,9	0	-163,9
1610	03.08.2025 11:59:49,000	16,30	4,54	-4,6	-17,2	-68,3	0	-162,0
1611	03.08.2025 11:59:50,000	16,30	4,54	-2,4	-16,9	-70,7	0	-162,6
1612	03.08.2025 11:59:51,000	16,30	4,51	-1,6	-17,0	-71,4	0	-162,7
1613	03.08.2025 11:59:52,000	16,33	4,54	-4,3	-16,0	-69,7	0	-163,3
1614	03.08.2025 11:59:53,000	16,33	4,54	-5,9	-16,3	-67,8	0	-162,7
1615	03.08.2025 11:59:54,000	16,33	4,54	-4,2	-17,1	-68,7	0	-162,1
1616	03.08.2025 11:59:55,000	16,33	4,54	-0,4	-17,3	-72,4	0	-162,7
1617	03.08.2025 11:59:56,000	16,33	4,54	-1,7	-15,7	-72,6	0	-164,0
1618	03.08.2025 11:59:57,000	16,33	4,52	-6,4	-14,1	-69,5	0	-165,0
1619	03.08.2025 11:59:58,000	16,33	4,54	-4,1	-16,7	-69,2	0	-162,5
1620	03.08.2025 11:59:59,000	16,33	4,54	-0,3	-18,1	-71,7	0	-161,9
1621	03.08.2025 12:00:00,000	16,33	4,54	-3,5	-16,1	-70,4	0	-163,3
1622	03.08.2025 12:00:01,000	16,37	4,54	-5,3	-15,2	-69,5	0	-164,0
1623	03.08.2025 12:00:02,000	16,37	4,52	-3,4	-16,9	-69,7	0	-162,5
1624	03.08.2025 12:00:03,000	16,37	4,54	-3,0	-16,9	-70,1	0	-162,5
1625	03.08.2025 12:00:04,000	16,37	4,54	-3,1	-16,0	-70,9	0	-163,5
1626	03.08.2025 12:00:05,000	16,37	4,52	-2,5	-16,6	-70,9	0	-162,9
1627	03.08.2025 12:00:06,000	16,37	4,54	-4,5	-15,4	-70,1	0	-163,9
1628	03.08.2025 12:00:07,000	16,37	4,54	-3,3	-14,8	-72,0	0	-164,7
1629	03.08.2025 12:00:08,000	16,40	4,54	-0,6	-19,0	-70,4	0	-160,9
1630	03.08.2025 12:00:09,000	16,40	4,54	-3,9	-16,3	-69,7	0	-163,0
1631	03.08.2025 12:00:10,000	16,40	4,54	-3,8	-15,4	-70,7	0	-163,9
1632	03.08.2025 12:00:11,000	16,40	4,54	-2,3	-16,6	-71,1	0	-163,0
1633	03.08.2025 12:00:12,000	16,40	4,54	-1,1	-17,9	-71,0	0	-161,9
1634	03.08.2025 12:00:13,000	16,40	4,54	-3,5	-17,0	-69,4	0	-162,3
1635	03.08.2025 12:00:14,000	16,40	4,52	-4,4	-15,4	-70,2	0	-163,9
1636	03.08.2025 12:00:15,000	16,40	4,54	-2,0	-16,4	-71,6	0	-163,2
1637	03.08.2025 12:00:16,000	16,40	4,54	-1,4	-17,8	-70,8	0	-161,9
1638	03.08.2025 12:00:17,000	16,40	4,52	-3,4	-17,7	-68,9	0	-161,6
1639	03.08.2025 12:00:18,000	16,43	4,55	-22,8	-27,2	-40,1	1	-144,2
1640	03.08.2025 12:00:19,000	16,43	4,52	-19,7	-60,6	-9,7	0	-101,4
1641	03.08.2025 12:00:20,000	16,43	4,55	-34,4	-45,1	10,6	0	-75,1
1642	03.08.2025 12:00:21,000	16,43	4,52	-16,2	-12,2	61,5	0	-14,1
1643	03.08.2025 12:00:22,000	16,43	4,55	-43,7	-25,2	21,1	1	-49,7
1644	03.08.2025 12:00:23,000	16,46	4,67	-16,3	-32,4	41,3	1	-39,4
1645	03.08.2025 12:00:24,000	16,46	4,67	-9,4	-28,6	52,1	0	-31,8
1646	03.08.2025 12:00:25,000	16,46	4,69	-21,3	-37,8	30,9	0	-49,8
1647	03.08.2025 12:00:26,000	16,46	4,69	1,8	-35,3	52,9	0	-36,0
1648	03.08.2025 12:00:27,000	16,46	4,69	-3,8	-55,6	-30,7	0	-122,0
1649	03.08.2025 12:00:28,000	16,49	4,69	3,1	-69,5	17,4	0	-72,0
1650	03.08.2025 12:00:29,000	16,49	4,69	-3,4	-53,1	33,5	0	-55,2
1651	03.08.2025 12:00:30,000	16,49	4,72	-8,4	-53,4	28,2	0	-59,0
1652	03.08.2025 12:00:31,000	16,49	4,72	-19,5	-43,7	26,8	0	-56,3
1653	03.08.2025 12:00:32,000	16,49	4,69	-25,0	-41,2	23,8	0	-57,9
1654	03.08.2025 12:00:33,000	16,52	4,70	25,8	-23,3	40,9	1	-31,7
1655	03.08.2025 12:00:34,000	16,55	4,65	4,0	-44,3	41,7	0	-46,3
1656	03.08.2025 12:00:35,000	16,73	4,60	-6,3	-63,8	19,8	0	-68,8
1657	03.08.2025 12:00:36,000	16,88	4,59	-25,3	-34,5	-30,2	1	-131,7
1658	03.08.2025 12:00:37,000	17,15	4,62	-15,8	-11,3	-63,0	0	-167,1
1659	03.08.2025 12:00:38,000	17,36	4,64	-31,1	-9,4	-49,5	0	-167,6
1660	03.08.2025 12:00:39,000	17,51	4,58	-81,2	-3,6	5,2	0	-167,6
1661	03.08.2025 12:00:40,000	17,66	4,57	-47,0	-20,2	-22,8	0	-138,3
1662	03.08.2025 12:00:41,000	17,81	4,59	-27,8	-27,3	-34,9	1	-141,1
1663	03.08.2025 12:00:42,000	17,93	4,53	-36,5	7,2	-46,3	1	169,9
1664	03.08.2025 12:00:43,000	18,16	4,50	-32,9	-35,6	-21,5	1	-122,5
1665	03.08.2025 12:00:44,000	18,40	4,39	-10,5	-64,9	-14,5	1	-106,1
1666	03.08.2025 12:00:45,000	18,76	4,42	-13,4	-41,0	-35,6	0	-131,7
1667	03.08.2025 12:00:46,000	19,08	4,38	-23,8	52,6	13,6	1	72,9
1668	03.08.2025 12:00:47,000	19,35	4,41	-14,7	7,5	67,8	0	8,3
1669	03.08.2025 12:00:48,000	19,65	4,39	-15,9	-7,3	-66,8	0	-171,8
1670	03.08.2025 12:00:49,000	19,85	4,38	-3,8	63,3	-22,9	1	113,9
1671	03.08.2025 12:00:50,000	20,00	4,37	20,1	20,8	49,1	0	25,9
1672	03.08.2025 12:00:51,000	20,17	4,41	23,2	1,3	65,5	0	1,5
1673	03.08.2025 12:00:52,000	20,32	4,41	-10,8	-31,6	47,6	1	-35,8
1674	03.08.2025 12:00:53,000	20,41	4,44	-84,8	-0,8	4,4	0	-35,8
