#B	Created:	01.09.2025 14:24:08
##	Version	SeaStar	9.59
#5	Field separation:	0
#2	Date & Time:	1
#6	Decimal point:	,
#7	Date def.:	dd.mm.yyyy	.
#8	Time def.:	:
##	Axis	0	Temperature(°C)	clRed	FALSE
##	Axis	1	Pressure(Bar)	clBlue	FALSE
##	Axis	2	Angle(°)	clGreen	FALSE
##	Axis	3	EAL	clSkyBlue	FALSE
##	Axis	4	Roll(°)	$00404080	FALSE
##	Series	0	Temp(°C)	clRed	0	Temp(°C)	2
##	Series	1	Press(Bar)	clBlue	1	Press(Bar)	2
##	Series	2	Tilt-X(°)	clGreen	2	Tilt-X(°)	1
##	Series	3	Tilt-Y(°)	$00404080	2	Tilt-Y(°)	1
##	Series	4	Tilt-Z(°)	$00FF0080	2	Tilt-Z(°)	1
##	Series	5	EAL	clSkyBlue	3	EAL	0
##	Series	6	Roll(°)	$00404080	4	Roll(°)	1
##	Recorder	19	DST tilt	1174
##	Chart	19H1174DAT	
#D	Data:	3527	01.09.2025 13:24:00	01.09.2025 14:22:46
1	01.09.2025 13:24:00,000	21,73	-0,21	-0,9	1,4	87,8	0	1,4
2	01.09.2025 13:24:01,000	21,70	-0,23	0,8	1,7	87,5	0	1,7
3	01.09.2025 13:24:02,000	21,70	-0,21	-4,9	1,8	83,3	0	1,8
4	01.09.2025 13:24:03,000	21,70	-0,21	-2,4	1,1	86,5	0	1,1
5	01.09.2025 13:24:04,000	21,67	-0,23	2,5	1,6	85,8	0	1,7
6	01.09.2025 13:24:05,000	21,67	-0,23	-5,6	1,4	83,0	0	1,5
7	01.09.2025 13:24:06,000	21,64	-0,21	-3,5	1,4	85,1	0	1,4
8	01.09.2025 13:24:07,000	21,64	-0,23	2,0	2,5	85,5	0	2,5
9	01.09.2025 13:24:08,000	21,64	-0,21	-3,1	3,6	83,3	0	3,7
10	01.09.2025 13:24:09,000	21,64	-0,23	-3,9	1,4	84,7	0	1,5
11	01.09.2025 13:24:10,000	21,61	-0,21	-1,1	4,0	84,9	0	4,0
12	01.09.2025 13:24:11,000	21,61	-0,21	0,8	2,4	86,8	0	2,4
13	01.09.2025 13:24:12,000	21,61	-0,21	-5,3	0,6	84,1	0	0,6
14	01.09.2025 13:24:13,000	21,61	-0,21	-0,1	1,8	88,1	0	1,8
15	01.09.2025 13:24:14,000	21,58	-0,21	-2,0	3,0	85,0	0	3,1
16	01.09.2025 13:24:15,000	21,58	-0,21	-2,7	-0,5	86,8	0	-0,5
17	01.09.2025 13:24:16,000	21,58	-0,21	-2,5	0,4	87,1	0	0,4
18	01.09.2025 13:24:17,000	21,58	-0,21	-1,9	4,3	83,7	0	4,4
19	01.09.2025 13:24:18,000	21,55	-0,21	-1,1	0,5	88,4	0	0,5
20	01.09.2025 13:24:19,000	21,55	-0,23	-2,9	3,1	84,0	0	3,2
21	01.09.2025 13:24:20,000	21,55	-0,21	42,2	-31,2	16,6	0	-60,8
22	01.09.2025 13:24:21,000	21,55	-0,23	86,4	-3,4	-0,2	1	-60,8
23	01.09.2025 13:24:22,000	21,52	-0,23	84,8	4,5	-0,7	0	-60,8
24	01.09.2025 13:24:23,000	21,52	-0,23	82,7	5,9	-1,5	0	-60,8
25	01.09.2025 13:24:24,000	21,52	-0,23	87,1	2,2	-0,7	0	-60,8
26	01.09.2025 13:24:25,000	21,52	-0,23	88,3	0,6	-1,2	0	-60,8
27	01.09.2025 13:24:26,000	21,52	-0,23	27,0	25,0	38,0	0	34,9
28	01.09.2025 13:24:27,000	21,52	-0,23	15,5	30,5	44,1	0	36,5
29	01.09.2025 13:24:28,000	21,49	-0,21	-6,2	-0,8	83,0	1	-0,8
30	01.09.2025 13:24:29,000	21,49	-0,21	-1,8	1,9	86,3	0	1,9
31	01.09.2025 13:24:30,000	21,49	-0,21	-3,9	1,2	84,9	0	1,3
32	01.09.2025 13:24:31,000	21,49	-0,23	-2,3	0,6	87,2	0	0,6
33	01.09.2025 13:24:32,000	21,46	-0,21	-2,9	2,5	84,7	0	2,5
34	01.09.2025 13:24:33,000	21,46	-0,21	-3,0	3,3	83,7	0	3,4
35	01.09.2025 13:24:34,000	21,46	-0,21	-2,2	-1,5	86,3	0	-1,5
36	01.09.2025 13:24:35,000	21,46	-0,21	-2,3	3,0	84,8	0	3,0
37	01.09.2025 13:24:36,000	21,46	-0,23	-1,2	1,4	87,4	0	1,4
38	01.09.2025 13:24:37,000	21,46	-0,21	-1,0	0,1	88,9	0	0,1
39	01.09.2025 13:24:38,000	21,44	-0,23	-0,3	10,0	79,7	0	10,0
40	01.09.2025 13:24:39,000	21,44	-0,26	-7,8	8,9	73,3	0	9,5
41	01.09.2025 13:24:40,000	21,44	-0,26	3,8	-8,0	78,2	0	-8,3
42	01.09.2025 13:24:41,000	21,44	-0,23	-2,6	1,1	86,3	0	1,2
43	01.09.2025 13:24:42,000	21,44	-0,23	-5,7	2,1	82,2	0	2,1
44	01.09.2025 13:24:43,000	21,41	-0,23	1,1	1,6	87,3	0	1,6
45	01.09.2025 13:24:44,000	21,41	-0,26	-5,4	-1,3	83,3	0	-1,3
46	01.09.2025 13:24:45,000	21,41	-0,26	-3,4	-4,1	82,5	0	-4,2
47	01.09.2025 13:24:46,000	21,41	-0,23	0,6	-0,2	89,3	0	-0,2
48	01.09.2025 13:24:47,000	21,41	-0,26	-4,7	-0,3	85,1	0	-0,3
49	01.09.2025 13:24:48,000	21,41	-0,26	-1,1	-0,2	88,6	0	-0,2
50	01.09.2025 13:24:49,000	21,41	-0,23	-3,0	0,2	86,8	0	0,2
51	01.09.2025 13:24:50,000	21,38	-0,23	-3,0	0,5	86,5	0	0,5
52	01.09.2025 13:24:51,000	21,38	-0,26	-0,9	0,0	89,1	0	0,0
53	01.09.2025 13:24:52,000	21,38	-0,26	-2,1	-0,7	87,1	0	-0,7
54	01.09.2025 13:24:53,000	21,38	-0,26	3,3	0,3	86,4	0	0,3
55	01.09.2025 13:24:54,000	21,38	-0,26	-27,6	1,2	61,3	1	1,3
56	01.09.2025 13:24:55,000	21,38	-0,23	2,4	84,9	2,7	1	87,3
57	01.09.2025 13:24:56,000	21,38	-0,26	5,9	73,5	10,6	0	78,8
58	01.09.2025 13:24:57,000	21,38	-0,26	-11,3	-7,3	71,4	1	-7,9
59	01.09.2025 13:24:58,000	21,35	-0,23	-3,3	2,1	84,7	1	2,1
60	01.09.2025 13:24:59,000	21,35	-0,26	-9,5	1,2	79,3	0	1,3
61	01.09.2025 13:25:00,000	21,35	-0,26	-1,5	0,3	88,2	0	0,3
62	01.09.2025 13:25:01,000	21,35	-0,23	-1,8	0,2	88,0	0	0,2
63	01.09.2025 13:25:02,000	21,35	-0,26	-3,3	-1,2	85,6	0	-1,2
64	01.09.2025 13:25:03,000	21,35	-0,26	1,3	1,2	87,5	0	1,2
65	01.09.2025 13:25:04,000	21,35	-0,26	-5,5	0,5	84,0	0	0,5
66	01.09.2025 13:25:05,000	21,35	-0,26	-1,1	0,5	88,4	0	0,6
67	01.09.2025 13:25:06,000	21,32	-0,26	-1,3	2,0	86,7	0	2,1
68	01.09.2025 13:25:07,000	21,32	-0,26	-3,9	-0,1	86,1	0	-0,1
69	01.09.2025 13:25:08,000	21,32	-0,26	-1,6	1,7	86,7	0	1,7
70	01.09.2025 13:25:09,000	21,32	-0,26	0,3	0,9	88,8	0	0,9
71	01.09.2025 13:25:10,000	21,32	-0,26	-4,6	1,9	83,5	0	2,0
72	01.09.2025 13:25:11,000	21,32	-0,26	-2,0	1,0	87,0	0	1,0
73	01.09.2025 13:25:12,000	21,32	-0,26	0,7	1,7	87,5	0	1,7
74	01.09.2025 13:25:13,000	21,29	-0,26	-4,0	1,2	84,8	0	1,3
75	01.09.2025 13:25:14,000	21,29	-0,26	-0,6	1,8	87,6	0	1,8
76	01.09.2025 13:25:15,000	21,29	-0,23	-2,2	1,3	86,5	0	1,4
77	01.09.2025 13:25:16,000	21,29	-0,26	-2,0	4,1	83,9	0	4,2
78	01.09.2025 13:25:17,000	21,29	-0,28	-1,5	-0,7	87,9	0	-0,7
79	01.09.2025 13:25:18,000	21,29	-0,23	19,8	-66,5	-3,7	1	-94,1
80	01.09.2025 13:25:19,000	21,29	-0,26	41,5	-47,1	1,4	0	-88,0
81	01.09.2025 13:25:20,000	21,29	-0,26	86,8	-0,7	2,4	1	-88,0
82	01.09.2025 13:25:21,000	21,29	-0,26	76,1	-12,3	1,6	1	-88,0
83	01.09.2025 13:25:22,000	21,26	-0,26	58,3	-16,2	15,5	0	-46,3
84	01.09.2025 13:25:23,000	21,26	-0,26	76,2	8,2	5,6	0	-46,3
85	01.09.2025 13:25:24,000	21,26	-0,26	70,1	-2,5	17,5	0	-46,3
86	01.09.2025 13:25:25,000	21,26	-0,26	74,5	-2,2	13,3	0	-46,3
87	01.09.2025 13:25:26,000	21,26	-0,26	73,8	-3,5	12,7	0	-46,3
88	01.09.2025 13:25:27,000	21,26	-0,26	58,1	-2,0	29,9	0	-3,9
89	01.09.2025 13:25:28,000	21,26	-0,23	72,7	-0,2	17,2	0	-3,9
90	01.09.2025 13:25:29,000	21,26	-0,26	75,4	3,4	11,2	0	-3,9
91	01.09.2025 13:25:30,000	21,26	-0,26	61,1	12,7	16,2	0	-3,9
92	01.09.2025 13:25:31,000	21,23	-0,26	28,0	55,0	-7,0	0	98,7
93	01.09.2025 13:25:32,000	21,23	-0,26	33,0	52,0	5,1	0	83,5
94	01.09.2025 13:25:33,000	21,23	-0,26	38,8	39,4	11,7	0	71,9
95	01.09.2025 13:25:34,000	21,23	-0,26	37,4	52,4	0,1	0	89,8
96	01.09.2025 13:25:35,000	21,23	-0,26	34,2	50,6	5,2	0	83,2
97	01.09.2025 13:25:36,000	21,23	-0,28	36,2	46,2	7,6	0	79,4
98	01.09.2025 13:25:37,000	21,23	-0,26	36,4	49,3	4,3	0	84,3
99	01.09.2025 13:25:38,000	21,23	-0,26	33,3	52,9	3,8	0	85,1
100	01.09.2025 13:25:39,000	21,23	-0,23	36,8	51,2	2,0	0	87,4
101	01.09.2025 13:25:40,000	21,23	-0,26	28,5	57,8	3,7	0	85,6
102	01.09.2025 13:25:41,000	21,23	-0,28	30,3	57,4	2,3	0	87,2
103	01.09.2025 13:25:42,000	21,20	-0,26	31,9	55,6	2,5	0	87,0
104	01.09.2025 13:25:43,000	21,20	-0,26	31,9	54,6	3,6	0	85,6
105	01.09.2025 13:25:44,000	21,20	-0,26	31,3	56,9	1,8	0	87,8
106	01.09.2025 13:25:45,000	21,20	-0,28	29,8	58,0	2,3	0	87,3
107	01.09.2025 13:25:46,000	21,20	-0,26	33,0	53,6	3,4	0	85,7
108	01.09.2025 13:25:47,000	21,20	-0,26	31,4	56,1	2,5	0	87,0
109	01.09.2025 13:25:48,000	21,20	-0,26	29,3	59,0	1,6	0	88,1
110	01.09.2025 13:25:49,000	21,20	-0,26	34,2	51,6	4,2	0	84,6
111	01.09.2025 13:25:50,000	21,20	-0,26	31,0	57,6	1,4	0	88,3
112	01.09.2025 13:25:51,000	21,20	-0,28	30,7	56,7	2,7	0	86,8
113	01.09.2025 13:25:52,000	21,17	-0,26	32,6	54,7	2,6	0	86,8
114	01.09.2025 13:25:53,000	21,17	-0,26	31,4	56,4	2,2	0	87,3
115	01.09.2025 13:25:54,000	21,17	-0,26	32,5	55,9	1,6	0	88,0
116	01.09.2025 13:25:55,000	21,17	-0,26	31,1	56,0	2,8	0	86,5
117	01.09.2025 13:25:56,000	21,17	-0,26	32,4	55,9	1,8	0	87,9
118	01.09.2025 13:25:57,000	21,17	-0,26	31,8	56,3	1,9	0	87,6
119	01.09.2025 13:25:58,000	21,17	-0,26	31,8	55,6	2,6	0	86,8
120	01.09.2025 13:25:59,000	21,17	-0,26	30,2	58,0	1,9	0	87,8
121	01.09.2025 13:26:00,000	21,17	-0,26	34,1	53,3	2,6	0	86,7
122	01.09.2025 13:26:01,000	21,17	-0,26	30,9	55,8	3,3	0	86,0
123	01.09.2025 13:26:02,000	21,17	-0,26	30,3	58,4	1,3	0	88,5
124	01.09.2025 13:26:03,000	21,17	-0,23	31,6	55,9	2,5	0	87,0
125	01.09.2025 13:26:04,000	21,17	-0,26	34,4	52,2	3,4	0	85,7
126	01.09.2025 13:26:05,000	21,14	-0,28	27,9	59,5	2,7	0	86,9
127	01.09.2025 13:26:06,000	21,14	-0,26	31,4	56,1	2,5	0	86,9
128	01.09.2025 13:26:07,000	21,14	-0,26	32,8	52,7	4,5	0	84,3
129	01.09.2025 13:26:08,000	21,14	-0,28	31,7	57,0	1,3	0	88,4
130	01.09.2025 13:26:09,000	21,14	-0,23	29,2	59,3	1,4	0	88,3
131	01.09.2025 13:26:10,000	21,14	-0,26	33,7	52,4	3,9	0	85,0
132	01.09.2025 13:26:11,000	21,14	-0,26	32,1	55,9	2,0	0	87,6
133	01.09.2025 13:26:12,000	21,14	-0,26	30,6	57,7	1,8	0	87,9
134	01.09.2025 13:26:13,000	21,14	-0,28	32,3	54,8	2,8	0	86,5
135	01.09.2025 13:26:14,000	21,14	-0,26	33,7	54,6	1,7	0	87,9
136	01.09.2025 13:26:15,000	21,14	-0,23	29,3	60,3	0,5	0	89,5
137	01.09.2025 13:26:16,000	21,14	-0,26	33,8	51,4	4,9	0	83,7
138	01.09.2025 13:26:17,000	21,14	-0,26	31,4	56,7	1,9	0	87,7
139	01.09.2025 13:26:18,000	21,14	-0,26	29,0	58,8	2,2	0	87,4
140	01.09.2025 13:26:19,000	21,11	-0,28	37,1	49,6	3,4	0	85,6
141	01.09.2025 13:26:20,000	21,11	-0,30	30,1	58,0	1,9	1	87,7
142	01.09.2025 13:26:21,000	21,11	-0,28	27,7	59,3	3,0	0	86,5
143	01.09.2025 13:26:22,000	21,11	-0,28	35,9	48,9	5,1	0	83,2
144	01.09.2025 13:26:23,000	21,11	-0,28	30,0	57,2	2,8	1	86,6
145	01.09.2025 13:26:24,000	21,11	-0,28	29,7	57,8	2,6	0	86,9
146	01.09.2025 13:26:25,000	21,11	-0,28	33,0	52,4	4,5	0	84,2
147	01.09.2025 13:26:26,000	21,11	-0,30	31,7	55,3	3,0	0	86,3
148	01.09.2025 13:26:27,000	21,11	-0,30	29,3	56,7	4,1	0	85,1
149	01.09.2025 13:26:28,000	21,11	-0,28	31,8	53,7	4,6	0	84,3
150	01.09.2025 13:26:29,000	21,11	-0,28	30,5	57,5	1,9	0	87,7
151	01.09.2025 13:26:30,000	21,11	-0,30	32,4	51,2	6,4	0	81,7
152	01.09.2025 13:26:31,000	21,11	-0,28	31,0	56,3	2,7	0	86,7
153	01.09.2025 13:26:32,000	21,11	-0,28	29,5	59,6	0,8	0	89,0
154	01.09.2025 13:26:33,000	21,11	-0,28	33,9	48,2	7,8	0	79,4
155	01.09.2025 13:26:34,000	21,11	-0,28	31,7	56,8	1,5	1	88,2
156	01.09.2025 13:26:35,000	21,08	-0,30	28,0	58,4	3,6	0	85,7
157	01.09.2025 13:26:36,000	21,11	-0,30	33,6	51,3	5,2	0	83,3
158	01.09.2025 13:26:37,000	21,08	-0,28	29,5	58,0	2,5	0	87,0
159	01.09.2025 13:26:38,000	21,08	-0,28	30,7	53,5	5,8	0	82,7
160	01.09.2025 13:26:39,000	21,08	-0,28	31,3	54,0	4,6	0	84,2
161	01.09.2025 13:26:40,000	21,08	-0,28	27,8	57,5	4,7	0	84,4
162	01.09.2025 13:26:41,000	21,08	-0,28	32,8	52,3	4,9	0	83,7
163	01.09.2025 13:26:42,000	21,08	-0,28	31,6	53,4	5,1	0	83,6
164	01.09.2025 13:26:43,000	21,08	-0,28	28,7	57,5	3,7	0	85,5
165	01.09.2025 13:26:44,000	21,08	-0,28	30,8	55,1	4,2	0	84,8
166	01.09.2025 13:26:45,000	21,08	-0,28	33,3	51,2	5,5	0	82,8
167	01.09.2025 13:26:46,000	21,08	-0,30	29,1	57,7	3,3	0	86,1
168	01.09.2025 13:26:47,000	21,08	-0,28	32,7	53,0	4,3	0	84,6
169	01.09.2025 13:26:48,000	21,08	-0,28	31,7	53,2	5,1	0	83,5
170	01.09.2025 13:26:49,000	21,08	-0,28	30,2	56,3	3,5	0	85,8
171	01.09.2025 13:26:50,000	21,08	-0,28	30,8	55,4	3,7	0	85,4
172	01.09.2025 13:26:51,000	21,08	-0,30	30,1	53,6	6,3	0	82,0
173	01.09.2025 13:26:52,000	21,08	-0,28	31,2	53,7	5,1	0	83,6
174	01.09.2025 13:26:53,000	21,08	-0,28	28,3	57,0	4,6	0	84,4
175	01.09.2025 13:26:54,000	21,08	-0,28	34,3	52,5	3,2	0	85,9
176	01.09.2025 13:26:55,000	21,08	-0,28	30,7	55,8	3,6	0	85,6
177	01.09.2025 13:26:56,000	21,05	-0,28	33,1	56,4	-0,4	0	90,5
178	01.09.2025 13:26:57,000	21,05	-0,30	35,5	54,5	0,0	0	90,0
179	01.09.2025 13:26:58,000	21,05	-0,28	33,2	54,6	-2,2	0	92,8
180	01.09.2025 13:26:59,000	21,05	-0,30	33,6	55,2	-1,2	0	91,5
181	01.09.2025 13:27:00,000	21,05	-0,28	32,4	55,6	2,0	0	87,6
182	01.09.2025 13:27:01,000	21,05	-0,30	35,0	52,4	2,6	0	86,7
183	01.09.2025 13:27:02,000	21,05	-0,30	29,8	59,0	1,2	0	88,6
184	01.09.2025 13:27:03,000	21,05	-0,28	31,3	52,9	5,9	0	82,6
185	01.09.2025 13:27:04,000	21,05	-0,28	32,4	51,7	5,9	0	82,4
186	01.09.2025 13:27:05,000	21,05	-0,28	28,8	58,8	2,4	0	87,2
187	01.09.2025 13:27:06,000	21,05	-0,30	28,9	54,3	6,8	0	81,5
188	01.09.2025 13:27:07,000	21,05	-0,30	33,7	51,3	5,0	0	83,5
189	01.09.2025 13:27:08,000	21,05	-0,28	27,9	59,1	3,0	0	86,5
190	01.09.2025 13:27:09,000	21,05	-0,28	31,5	52,1	6,4	0	81,8
191	01.09.2025 13:27:10,000	21,05	-0,30	30,9	54,1	5,0	0	83,8
192	01.09.2025 13:27:11,000	21,05	-0,30	31,0	53,9	5,1	0	83,6
193	01.09.2025 13:27:12,000	21,05	-0,30	29,0	56,8	4,2	0	84,9
194	01.09.2025 13:27:13,000	21,05	-0,30	32,5	51,6	5,9	0	82,3
195	01.09.2025 13:27:14,000	21,05	-0,28	30,4	54,5	5,1	0	83,7
196	01.09.2025 13:27:15,000	21,05	-0,30	28,7	56,4	4,9	0	84,0
197	01.09.2025 13:27:16,000	21,05	-0,28	31,3	53,5	5,2	0	83,5
198	01.09.2025 13:27:17,000	21,05	-0,28	30,6	52,1	7,3	0	80,6
199	01.09.2025 13:27:18,000	21,05	-0,30	29,2	57,2	3,7	0	85,6
200	01.09.2025 13:27:19,000	21,03	-0,30	30,5	53,4	6,1	0	82,3
201	01.09.2025 13:27:20,000	21,05	-0,28	31,6	52,2	6,3	0	82,0
202	01.09.2025 13:27:21,000	21,03	-0,28	29,2	55,7	5,1	0	83,8
203	01.09.2025 13:27:22,000	21,03	-0,28	29,4	55,6	4,9	0	83,9
204	01.09.2025 13:27:23,000	21,03	-0,30	31,7	52,7	5,6	0	82,8
205	01.09.2025 13:27:24,000	21,03	-0,28	30,3	51,2	8,5	0	79,0
206	01.09.2025 13:27:25,000	21,03	-0,28	28,0	57,6	4,4	0	84,7
207	01.09.2025 13:27:26,000	21,03	-0,30	29,2	53,7	7,1	0	81,1
208	01.09.2025 13:27:27,000	21,03	-0,30	34,3	49,4	6,3	0	81,7
209	01.09.2025 13:27:28,000	21,03	-0,30	26,9	58,0	5,2	0	83,8
210	01.09.2025 13:27:29,000	21,03	-0,28	31,1	52,4	6,6	0	81,6
211	01.09.2025 13:27:30,000	21,03	-0,30	31,8	52,3	5,8	0	82,5
212	01.09.2025 13:27:31,000	21,03	-0,28	27,3	56,3	6,4	0	82,1
213	01.09.2025 13:27:32,000	21,03	-0,28	31,4	52,3	6,3	0	81,9
214	01.09.2025 13:27:33,000	21,03	-0,28	30,6	54,2	5,2	0	83,5
215	01.09.2025 13:27:34,000	21,03	-0,30	29,8	54,5	5,6	0	83,0
216	01.09.2025 13:27:35,000	21,03	-0,30	28,8	54,3	6,9	0	81,4
217	01.09.2025 13:27:36,000	21,03	-0,28	33,0	51,9	5,1	0	83,5
218	01.09.2025 13:27:37,000	21,03	-0,30	29,1	54,4	6,5	0	81,8
219	01.09.2025 13:27:38,000	21,03	-0,30	28,7	55,6	5,7	0	83,0
220	01.09.2025 13:27:39,000	21,03	-0,30	31,0	52,3	6,8	0	81,4
221	01.09.2025 13:27:40,000	21,00	-0,30	31,6	52,5	6,0	0	82,4
222	01.09.2025 13:27:41,000	21,00	-0,30	27,1	57,6	5,3	0	83,6
223	01.09.2025 13:27:42,000	21,00	-0,30	30,9	52,0	7,1	0	80,9
224	01.09.2025 13:27:43,000	21,00	-0,30	31,5	51,7	6,9	0	81,1
225	01.09.2025 13:27:44,000	21,00	-0,30	26,3	59,0	4,7	0	84,4
226	01.09.2025 13:27:45,000	21,00	-0,28	31,5	50,7	7,8	0	79,8
227	01.09.2025 13:27:46,000	21,00	-0,30	32,1	51,8	6,0	0	82,3
228	01.09.2025 13:27:47,000	21,00	-0,30	26,7	58,1	5,2	0	83,8
229	01.09.2025 13:27:48,000	21,00	-0,28	30,4	53,7	5,9	0	82,5
230	01.09.2025 13:27:49,000	21,00	-0,28	32,3	51,1	6,6	0	81,4
231	01.09.2025 13:27:50,000	21,00	-0,28	27,4	57,4	5,1	0	83,8
232	01.09.2025 13:27:51,000	21,00	-0,30	28,0	56,0	6,0	0	82,7
233	01.09.2025 13:27:52,000	21,00	-0,28	34,1	47,7	8,2	0	78,8
234	01.09.2025 13:27:53,000	21,00	-0,28	28,5	55,6	5,9	1	82,8
235	01.09.2025 13:27:54,000	21,00	-0,30	26,9	57,6	5,4	0	83,5
236	01.09.2025 13:27:55,000	21,00	-0,28	32,0	50,0	8,0	0	79,5
237	01.09.2025 13:27:56,000	21,00	-0,30	31,4	52,8	5,8	0	82,7
238	01.09.2025 13:27:57,000	21,00	-0,30	27,2	57,2	5,6	0	83,2
239	01.09.2025 13:27:58,000	21,00	-0,28	29,1	55,5	5,4	0	83,4
240	01.09.2025 13:27:59,000	21,00	-0,28	34,6	47,5	7,9	0	79,3
241	01.09.2025 13:28:00,000	20,97	-0,30	28,1	57,6	4,3	1	84,8
242	01.09.2025 13:28:01,000	20,97	-0,30	27,3	56,6	6,1	0	82,6
243	01.09.2025 13:28:02,000	20,97	-0,30	35,9	47,6	6,5	0	81,2
244	01.09.2025 13:28:03,000	20,97	-0,30	29,2	55,7	5,1	1	83,8
245	01.09.2025 13:28:04,000	20,97	-0,28	26,8	58,4	4,8	0	84,3
246	01.09.2025 13:28:05,000	20,97	-0,28	33,0	48,6	8,4	0	78,7
247	01.09.2025 13:28:06,000	20,97	-0,30	31,3	53,9	4,8	0	84,0
248	01.09.2025 13:28:07,000	20,97	-0,28	26,7	57,9	5,4	0	83,6
249	01.09.2025 13:28:08,000	20,97	-0,28	31,8	50,8	7,3	0	80,5
250	01.09.2025 13:28:09,000	20,97	-0,30	29,9	51,2	8,9	0	78,5
251	01.09.2025 13:28:10,000	20,97	-0,28	27,8	57,0	5,2	0	83,7
252	01.09.2025 13:28:11,000	20,97	-0,30	29,6	52,4	7,9	0	79,9
253	01.09.2025 13:28:12,000	20,97	-0,30	29,7	51,5	8,8	0	78,7
254	01.09.2025 13:28:13,000	20,97	-0,30	27,9	55,7	6,4	0	82,1
255	01.09.2025 13:28:14,000	20,97	-0,28	30,2	53,0	6,8	0	81,4
256	01.09.2025 13:28:15,000	20,97	-0,28	28,1	53,5	8,4	0	79,4
257	01.09.2025 13:28:16,000	20,97	-0,28	29,7	54,1	6,1	0	82,3
258	01.09.2025 13:28:17,000	20,97	-0,30	30,8	51,6	7,6	0	80,2
259	01.09.2025 13:28:18,000	20,97	-0,28	26,4	58,9	4,6	0	84,5
260	01.09.2025 13:28:19,000	20,97	-0,30	32,1	49,1	8,8	0	78,3
261	01.09.2025 13:28:20,000	20,94	-0,28	29,4	53,8	6,8	0	81,5
262	01.09.2025 13:28:21,000	20,94	-0,30	28,7	55,1	6,2	0	82,3
263	01.09.2025 13:28:22,000	20,94	-0,30	29,7	51,9	8,3	0	79,3
264	01.09.2025 13:28:23,000	20,94	-0,30	29,8	53,5	6,6	0	81,7
265	01.09.2025 13:28:24,000	20,94	-0,28	29,6	54,4	5,9	0	82,6
266	01.09.2025 13:28:25,000	20,94	-0,30	28,7	54,4	6,9	0	81,4
267	01.09.2025 13:28:26,000	20,94	-0,30	31,1	50,4	8,5	0	78,9
268	01.09.2025 13:28:27,000	20,94	-0,30	29,1	57,0	3,9	0	85,3
269	01.09.2025 13:28:28,000	20,94	-0,30	31,2	51,5	7,4	0	80,5
270	01.09.2025 13:28:29,000	20,94	-0,28	30,1	52,4	7,5	0	80,4
271	01.09.2025 13:28:30,000	20,94	-0,28	30,7	53,3	6,1	0	82,3
272	01.09.2025 13:28:31,000	20,94	-0,30	27,2	57,7	5,1	0	83,8
273	01.09.2025 13:28:32,000	20,94	-0,28	33,0	48,0	9,0	0	77,9
274	01.09.2025 13:28:33,000	20,94	-0,28	28,8	54,1	7,0	1	81,2
275	01.09.2025 13:28:34,000	20,94	-0,32	26,6	57,8	5,6	0	83,3
276	01.09.2025 13:28:35,000	20,94	-0,30	31,9	47,9	10,2	0	76,2
277	01.09.2025 13:28:36,000	20,94	-0,28	29,1	55,9	5,0	0	83,9
278	01.09.2025 13:28:37,000	20,94	-0,28	28,5	53,5	8,0	0	79,9
279	01.09.2025 13:28:38,000	20,94	-0,30	30,5	51,4	8,1	0	79,5
280	01.09.2025 13:28:39,000	20,94	-0,28	28,2	56,2	5,6	0	83,2
281	01.09.2025 13:28:40,000	20,94	-0,28	31,1	51,0	7,9	0	79,7
282	01.09.2025 13:28:41,000	20,91	-0,30	28,7	55,0	6,3	0	82,2
283	01.09.2025 13:28:42,000	20,91	-0,28	28,9	54,4	6,7	0	81,7
284	01.09.2025 13:28:43,000	20,91	-0,28	32,3	51,1	6,6	0	81,4
285	01.09.2025 13:28:44,000	20,91	-0,30	27,9	55,8	6,3	0	82,3
286	01.09.2025 13:28:45,000	20,91	-0,30	29,7	53,6	6,7	0	81,6
287	01.09.2025 13:28:46,000	20,91	-0,30	31,4	51,1	7,5	0	80,3
288	01.09.2025 13:28:47,000	20,91	-0,28	28,4	54,5	7,1	0	81,2
289	01.09.2025 13:28:48,000	20,91	-0,30	28,7	54,4	6,9	0	81,4
290	01.09.2025 13:28:49,000	20,91	-0,30	30,8	51,8	7,5	0	80,4
291	01.09.2025 13:28:50,000	20,91	-0,28	28,7	53,5	7,8	0	80,2
292	01.09.2025 13:28:51,000	20,91	-0,30	29,2	53,7	7,1	0	81,1
293	01.09.2025 13:28:52,000	20,91	-0,30	29,4	54,0	6,6	0	81,8
294	01.09.2025 13:28:53,000	20,91	-0,30	30,4	51,0	8,6	0	78,8
295	01.09.2025 13:28:54,000	20,91	-0,28	28,2	54,8	7,0	0	81,4
296	01.09.2025 13:28:55,000	20,91	-0,28	29,4	53,4	7,2	0	80,9
297	01.09.2025 13:28:56,000	20,91	-0,28	29,9	51,4	8,7	0	78,8
298	01.09.2025 13:28:57,000	20,91	-0,30	28,3	53,8	7,9	0	80,1
299	01.09.2025 13:28:58,000	20,91	-0,28	29,7	53,5	6,8	0	81,4
300	01.09.2025 13:28:59,000	20,91	-0,28	29,8	51,7	8,4	0	79,1
301	01.09.2025 13:29:00,000	20,91	-0,30	28,3	56,0	5,7	0	83,1
302	01.09.2025 13:29:01,000	20,88	-0,30	32,1	49,8	8,1	0	79,3
303	01.09.2025 13:29:02,000	20,88	-0,30	29,1	54,8	6,1	0	82,4
304	01.09.2025 13:29:03,000	20,88	-0,30	28,2	53,9	7,8	0	80,2
305	01.09.2025 13:29:04,000	20,88	-0,30	32,0	51,0	7,0	0	80,9
306	01.09.2025 13:29:05,000	20,88	-0,30	28,6	54,2	7,2	0	81,0
307	01.09.2025 13:29:06,000	20,88	-0,30	29,7	54,1	6,2	0	82,3
308	01.09.2025 13:29:07,000	20,88	-0,30	29,7	52,2	8,1	0	79,7
309	01.09.2025 13:29:08,000	20,88	-0,30	30,2	52,8	7,0	0	81,2
310	01.09.2025 13:29:09,000	20,88	-0,30	28,6	54,6	6,8	0	81,5
311	01.09.2025 13:29:10,000	20,88	-0,30	29,1	53,0	7,9	0	80,0
312	01.09.2025 13:29:11,000	20,88	-0,28	31,0	50,9	8,1	0	79,5
313	01.09.2025 13:29:12,000	20,88	-0,28	28,5	54,9	6,6	0	81,8
314	01.09.2025 13:29:13,000	20,88	-0,28	28,9	53,7	7,4	0	80,7
315	01.09.2025 13:29:14,000	20,88	-0,28	30,4	51,1	8,5	0	79,0
316	01.09.2025 13:29:15,000	20,88	-0,30	29,0	54,0	7,0	0	81,3
317	01.09.2025 13:29:16,000	20,88	-0,28	27,9	55,1	7,0	0	81,3
318	01.09.2025 13:29:17,000	20,88	-0,30	32,9	49,7	7,5	0	80,1
319	01.09.2025 13:29:18,000	20,88	-0,30	29,9	53,7	6,3	0	82,1
320	01.09.2025 13:29:19,000	20,88	-0,30	27,2	56,5	6,3	0	82,3
321	01.09.2025 13:29:20,000	20,88	-0,30	33,5	51,1	5,4	0	83,0
322	01.09.2025 13:29:21,000	20,88	-0,30	30,2	52,9	6,8	0	81,3
323	01.09.2025 13:29:22,000	20,85	-0,28	27,2	57,2	5,6	0	83,3
324	01.09.2025 13:29:23,000	20,85	-0,30	32,2	50,2	7,6	0	80,0
325	01.09.2025 13:29:24,000	20,85	-0,30	30,8	52,3	6,9	0	81,2
326	01.09.2025 13:29:25,000	20,85	-0,28	26,6	57,9	5,5	0	83,4
327	01.09.2025 13:29:26,000	20,85	-0,30	32,9	49,6	7,5	0	80,1
328	01.09.2025 13:29:27,000	20,85	-0,30	28,6	54,0	7,4	0	80,8
329	01.09.2025 13:29:28,000	20,85	-0,30	31,0	53,1	5,9	0	82,6
330	01.09.2025 13:29:29,000	20,85	-0,30	28,9	53,5	7,6	0	80,4
331	01.09.2025 13:29:30,000	20,85	-0,28	29,9	53,3	6,7	0	81,5
332	01.09.2025 13:29:31,000	20,85	-0,30	29,9	52,1	7,9	0	79,9
333	01.09.2025 13:29:32,000	20,85	-0,30	26,9	55,6	7,4	0	80,9
334	01.09.2025 13:29:33,000	20,85	-0,28	31,9	50,8	7,2	0	80,6
335	01.09.2025 13:29:34,000	20,85	-0,28	29,2	53,3	7,5	0	80,5
336	01.09.2025 13:29:35,000	20,85	-0,30	27,3	56,8	5,9	0	82,9
337	01.09.2025 13:29:36,000	20,85	-0,28	32,3	49,3	8,4	0	78,8
338	01.09.2025 13:29:37,000	20,85	-0,28	29,1	54,8	6,1	0	82,4
339	01.09.2025 13:29:38,000	20,85	-0,30	29,4	55,2	5,4	0	83,3
340	01.09.2025 13:29:39,000	20,85	-0,30	33,4	49,8	6,9	0	80,9
341	01.09.2025 13:29:40,000	20,85	-0,30	28,3	56,5	5,2	0	83,6
342	01.09.2025 13:29:41,000	20,85	-0,30	30,9	50,7	8,4	0	79,1
343	01.09.2025 13:29:42,000	20,82	-0,30	30,8	53,1	6,0	0	82,3
344	01.09.2025 13:29:43,000	20,82	-0,28	28,0	55,3	6,7	0	81,7
345	01.09.2025 13:29:44,000	20,82	-0,28	30,9	50,4	8,7	0	78,6
346	01.09.2025 13:29:45,000	20,82	-0,30	29,1	55,1	5,8	0	82,8
347	01.09.2025 13:29:46,000	20,82	-0,30	28,5	52,9	8,6	0	79,1
348	01.09.2025 13:29:47,000	20,82	-0,28	31,0	51,1	7,9	0	79,7
349	01.09.2025 13:29:48,000	20,82	-0,30	26,9	54,3	8,8	0	79,1
350	01.09.2025 13:29:49,000	20,82	-0,28	28,5	52,8	8,6	0	79,1
351	01.09.2025 13:29:50,000	20,82	-0,28	29,9	51,2	9,0	0	78,4
352	01.09.2025 13:29:51,000	20,82	-0,30	28,2	54,3	7,5	0	80,7
353	01.09.2025 13:29:52,000	20,82	-0,28	30,3	52,8	7,0	0	81,2
354	01.09.2025 13:29:53,000	20,82	-0,28	31,0	53,2	5,8	0	82,6
355	01.09.2025 13:29:54,000	20,82	-0,30	31,8	54,4	3,9	0	85,2
356	01.09.2025 13:29:55,000	20,82	-0,30	29,6	53,4	7,0	0	81,2
357	01.09.2025 13:29:56,000	20,82	-0,30	33,0	53,5	3,5	0	85,6
358	01.09.2025 13:29:57,000	20,82	-0,30	29,5	54,3	6,2	0	82,3
359	01.09.2025 13:29:58,000	20,82	-0,28	29,0	54,3	6,6	0	81,7
360	01.09.2025 13:29:59,000	20,82	-0,30	31,8	51,2	7,0	0	80,9
361	01.09.2025 13:30:00,000	20,82	-0,30	29,0	54,8	6,2	0	82,3
362	01.09.2025 13:30:01,000	20,82	-0,30	28,5	54,0	7,5	0	80,7
363	01.09.2025 13:30:02,000	20,82	-0,28	31,3	50,8	7,9	0	79,8
364	01.09.2025 13:30:03,000	20,79	-0,30	30,6	54,3	5,1	0	83,6
365	01.09.2025 13:30:04,000	20,79	-0,30	28,9	54,4	6,6	0	81,7
366	01.09.2025 13:30:05,000	20,79	-0,28	31,2	51,9	6,9	0	81,1
367	01.09.2025 13:30:06,000	20,79	-0,30	32,1	51,3	6,6	0	81,4
368	01.09.2025 13:30:07,000	20,79	-0,28	27,6	55,8	6,6	0	81,9
369	01.09.2025 13:30:08,000	20,79	-0,28	29,7	53,7	6,6	0	81,7
370	01.09.2025 13:30:09,000	20,79	-0,30	31,3	49,6	9,1	0	78,0
371	01.09.2025 13:30:10,000	20,79	-0,28	27,8	55,4	6,8	0	81,6
372	01.09.2025 13:30:11,000	20,79	-0,28	29,6	52,8	7,6	0	80,3
373	01.09.2025 13:30:12,000	20,79	-0,30	30,7	51,7	7,7	0	80,1
374	01.09.2025 13:30:13,000	20,79	-0,28	28,5	53,4	8,1	0	79,8
375	01.09.2025 13:30:14,000	20,79	-0,30	30,5	53,2	6,4	0	82,0
376	01.09.2025 13:30:15,000	20,79	-0,30	27,7	55,3	6,9	0	81,4
377	01.09.2025 13:30:16,000	20,79	-0,28	31,9	49,2	8,9	0	78,2
378	01.09.2025 13:30:17,000	20,79	-0,28	30,2	53,4	6,4	0	81,9
379	01.09.2025 13:30:18,000	20,79	-0,28	26,1	57,4	6,5	0	82,1
380	01.09.2025 13:30:19,000	20,79	-0,30	31,1	48,7	10,3	0	76,3
381	01.09.2025 13:30:20,000	20,79	-0,30	32,6	51,2	6,2	1	82,0
382	01.09.2025 13:30:21,000	20,79	-0,30	24,7	59,0	6,3	0	82,5
383	01.09.2025 13:30:22,000	20,76	-0,32	31,3	48,3	10,4	1	76,1
384	01.09.2025 13:30:23,000	20,76	-0,32	32,2	49,8	8,0	1	79,4
385	01.09.2025 13:30:24,000	20,76	-0,32	25,2	57,8	7,0	0	81,6
386	01.09.2025 13:30:25,000	20,76	-0,32	28,2	52,5	9,3	0	78,2
387	01.09.2025 13:30:26,000	20,76	-0,30	31,9	48,1	10,0	0	76,5
388	01.09.2025 13:30:27,000	20,76	-0,30	28,1	53,6	8,3	1	79,6
389	01.09.2025 13:30:28,000	20,76	-0,32	25,2	57,0	7,8	0	80,5
390	01.09.2025 13:30:29,000	20,76	-0,32	30,6	48,2	11,2	0	75,0
391	01.09.2025 13:30:30,000	20,76	-0,30	31,0	51,1	7,9	0	79,7
392	01.09.2025 13:30:31,000	20,76	-0,32	24,5	57,9	7,6	0	80,8
393	01.09.2025 13:30:32,000	20,76	-0,32	28,4	50,7	10,9	1	75,9
394	01.09.2025 13:30:33,000	20,76	-0,30	32,6	48,2	9,2	0	77,6
395	01.09.2025 13:30:34,000	20,76	-0,30	24,9	57,8	7,3	0	81,3
396	01.09.2025 13:30:35,000	20,76	-0,30	30,2	50,2	9,6	1	77,4
397	01.09.2025 13:30:36,000	20,76	-0,32	30,2	49,8	10,0	0	76,8
398	01.09.2025 13:30:37,000	20,76	-0,30	27,4	54,8	7,9	0	80,2
399	01.09.2025 13:30:38,000	20,76	-0,32	28,9	53,0	8,2	0	79,7
400	01.09.2025 13:30:39,000	20,76	-0,30	30,1	50,8	9,1	0	78,2
401	01.09.2025 13:30:40,000	20,76	-0,30	27,5	53,2	9,3	0	78,2
402	01.09.2025 13:30:41,000	20,76	-0,30	29,2	52,7	8,1	0	79,7
403	01.09.2025 13:30:42,000	20,76	-0,30	28,5	51,3	10,2	0	76,9
404	01.09.2025 13:30:43,000	20,76	-0,30	28,5	53,0	8,5	0	79,3
405	01.09.2025 13:30:44,000	20,73	-0,30	28,0	52,0	10,0	0	77,2
406	01.09.2025 13:30:45,000	20,73	-0,32	30,2	51,7	8,1	0	79,6
407	01.09.2025 13:30:46,000	20,73	-0,32	27,9	54,1	8,0	0	80,0
408	01.09.2025 13:30:47,000	20,73	-0,32	29,0	51,8	9,2	0	78,2
409	01.09.2025 13:30:48,000	20,73	-0,30	29,8	51,7	8,4	0	79,2
410	01.09.2025 13:30:49,000	20,73	-0,32	28,4	52,8	8,8	0	78,8
411	01.09.2025 13:30:50,000	20,73	-0,32	28,4	51,9	9,6	0	77,7
412	01.09.2025 13:30:51,000	20,73	-0,30	28,3	52,7	9,0	0	78,6
413	01.09.2025 13:30:52,000	20,73	-0,32	30,4	50,9	8,7	0	78,7
414	01.09.2025 13:30:53,000	20,73	-0,30	27,3	53,0	9,8	0	77,7
415	01.09.2025 13:30:54,000	20,73	-0,32	27,7	52,7	9,6	0	77,8
416	01.09.2025 13:30:55,000	20,73	-0,30	30,1	49,1	10,8	0	75,7
417	01.09.2025 13:30:56,000	20,73	-0,30	27,5	54,3	8,2	0	79,8
418	01.09.2025 13:30:57,000	20,73	-0,30	28,5	50,8	10,8	0	76,1
419	01.09.2025 13:30:58,000	20,73	-0,30	28,8	52,0	9,2	0	78,2
420	01.09.2025 13:30:59,000	20,73	-0,30	28,0	52,6	9,4	0	78,0
421	01.09.2025 13:31:00,000	20,73	-0,32	29,8	50,8	9,3	0	77,9
422	01.09.2025 13:31:01,000	20,70	-0,32	26,6	54,2	9,2	0	78,6
423	01.09.2025 13:31:02,000	20,73	-0,30	29,9	50,3	9,8	0	77,2
424	01.09.2025 13:31:03,000	20,70	-0,30	29,7	51,2	9,0	0	78,3
425	01.09.2025 13:31:04,000	20,70	-0,32	27,1	55,0	7,9	0	80,2
426	01.09.2025 13:31:05,000	20,70	-0,30	29,7	51,3	9,0	0	78,4
427	01.09.2025 13:31:06,000	20,70	-0,32	29,5	51,2	9,3	0	78,0
428	01.09.2025 13:31:07,000	20,70	-0,32	28,6	52,5	8,8	0	78,8
429	01.09.2025 13:31:08,000	20,70	-0,30	28,0	53,2	8,8	0	78,9
430	01.09.2025 13:31:09,000	20,70	-0,32	30,9	49,9	9,1	0	78,0
431	01.09.2025 13:31:10,000	20,70	-0,32	28,7	53,2	8,1	0	79,8
432	01.09.2025 13:31:11,000	20,70	-0,30	26,9	54,5	8,6	0	79,3
433	01.09.2025 13:31:12,000	20,70	-0,30	32,3	47,4	10,2	0	76,1
434	01.09.2025 13:31:13,000	20,70	-0,30	27,2	55,7	7,1	0	81,3
435	01.09.2025 13:31:14,000	20,70	-0,30	29,5	50,5	10,1	0	76,9
436	01.09.2025 13:31:15,000	20,70	-0,30	30,1	51,1	8,8	0	78,6
437	01.09.2025 13:31:16,000	20,70	-0,32	26,2	54,3	9,5	0	78,1
438	01.09.2025 13:31:17,000	20,70	-0,32	30,2	50,2	9,7	0	77,4
439	01.09.2025 13:31:18,000	20,70	-0,30	28,8	52,8	8,5	0	79,3
440	01.09.2025 13:31:19,000	20,70	-0,32	27,5	52,9	9,7	0	77,8
441	01.09.2025 13:31:20,000	20,70	-0,32	30,2	51,4	8,4	0	79,1
442	01.09.2025 13:31:21,000	20,70	-0,30	28,8	51,6	9,6	0	77,7
443	01.09.2025 13:31:22,000	20,67	-0,32	27,6	54,4	8,0	0	80,1
444	01.09.2025 13:31:23,000	20,67	-0,32	30,1	50,0	9,9	0	77,0
445	01.09.2025 13:31:24,000	20,67	-0,32	29,9	52,7	7,4	0	80,6
446	01.09.2025 13:31:25,000	20,67	-0,30	27,6	52,9	9,5	0	78,0
447	01.09.2025 13:31:26,000	20,67	-0,30	29,3	51,4	9,3	0	78,0
448	01.09.2025 13:31:27,000	20,67	-0,30	29,4	51,9	8,8	0	78,7
449	01.09.2025 13:31:28,000	20,67	-0,30	27,8	53,0	9,1	0	78,4
450	01.09.2025 13:31:29,000	20,67	-0,32	29,7	50,5	9,8	0	77,3
451	01.09.2025 13:31:30,000	20,67	-0,32	29,0	51,4	9,6	0	77,7
452	01.09.2025 13:31:31,000	20,67	-0,30	27,5	54,7	7,8	0	80,3
453	01.09.2025 13:31:32,000	20,67	-0,30	28,5	51,0	10,5	0	76,4
454	01.09.2025 13:31:33,000	20,67	-0,30	30,2	51,1	8,6	0	78,8
455	01.09.2025 13:31:34,000	20,67	-0,32	27,8	52,7	9,5	0	77,9
456	01.09.2025 13:31:35,000	20,67	-0,32	29,0	52,7	8,2	0	79,5
457	01.09.2025 13:31:36,000	20,67	-0,32	28,9	51,5	9,5	0	77,8
458	01.09.2025 13:31:37,000	20,67	-0,30	30,2	50,6	9,2	0	78,0
459	01.09.2025 13:31:38,000	20,67	-0,32	28,2	53,1	8,7	0	79,0
460	01.09.2025 13:31:39,000	20,67	-0,32	27,2	56,2	6,6	0	82,0
461	01.09.2025 13:31:40,000	20,67	-0,32	32,6	46,2	11,2	0	74,6
462	01.09.2025 13:31:41,000	20,67	-0,32	28,2	56,2	5,7	0	83,1
463	01.09.2025 13:31:42,000	20,67	-0,30	28,4	53,4	8,2	0	79,7
464	01.09.2025 13:31:43,000	20,64	-0,32	31,0	49,3	9,7	0	77,1
465	01.09.2025 13:31:44,000	20,64	-0,30	29,9	52,1	8,0	0	79,8
466	01.09.2025 13:31:45,000	20,64	-0,32	25,6	56,5	7,9	0	80,4
467	01.09.2025 13:31:46,000	20,64	-0,32	31,9	47,8	10,3	0	76,1
468	01.09.2025 13:31:47,000	20,64	-0,32	28,8	52,5	8,7	0	78,9
469	01.09.2025 13:31:48,000	20,64	-0,32	27,4	53,7	8,9	0	78,8
470	01.09.2025 13:31:49,000	20,64	-0,32	29,6	50,8	9,6	0	77,5
471	01.09.2025 13:31:50,000	20,64	-0,32	27,9	53,7	8,4	0	79,5
472	01.09.2025 13:31:51,000	20,64	-0,30	30,3	50,5	9,2	0	77,9
473	01.09.2025 13:31:52,000	20,64	-0,30	28,4	54,3	7,4	0	80,8
474	01.09.2025 13:31:53,000	20,64	-0,32	28,4	51,8	9,8	0	77,5
475	01.09.2025 13:31:54,000	20,64	-0,30	31,9	48,8	9,3	0	77,6
476	01.09.2025 13:31:55,000	20,64	-0,30	26,5	55,4	8,0	0	80,1
477	01.09.2025 13:31:56,000	20,64	-0,30	28,1	52,3	9,7	1	77,7
478	01.09.2025 13:31:57,000	20,64	-0,30	32,2	47,7	10,2	0	76,3
479	01.09.2025 13:31:58,000	20,64	-0,30	26,1	57,3	6,6	0	82,0
480	01.09.2025 13:31:59,000	20,64	-0,30	28,0	51,5	10,5	0	76,6
481	01.09.2025 13:32:00,000	20,64	-0,30	31,0	49,2	9,8	0	77,0
482	01.09.2025 13:32:01,000	20,64	-0,32	28,5	53,7	7,8	0	80,2
483	01.09.2025 13:32:02,000	20,61	-0,32	26,6	54,9	8,5	0	79,5
484	01.09.2025 13:32:03,000	20,61	-0,30	29,7	49,1	11,3	0	75,1
485	01.09.2025 13:32:04,000	20,61	-0,30	29,9	50,6	9,5	0	77,7
486	01.09.2025 13:32:05,000	20,61	-0,30	26,7	55,7	7,7	0	80,6
487	01.09.2025 13:32:06,000	20,61	-0,32	28,8	50,7	10,5	0	76,4
488	01.09.2025 13:32:07,000	20,61	-0,30	31,4	50,0	8,6	0	78,7
489	01.09.2025 13:32:08,000	20,61	-0,30	27,5	54,8	7,7	0	80,4
490	01.09.2025 13:32:09,000	20,61	-0,30	29,7	52,0	8,3	0	79,4
491	01.09.2025 13:32:10,000	20,61	-0,30	29,1	52,3	8,6	0	79,0
492	01.09.2025 13:32:11,000	20,61	-0,30	31,6	49,5	8,9	0	78,3
493	01.09.2025 13:32:12,000	20,61	-0,30	27,6	55,2	7,3	0	81,0
494	01.09.2025 13:32:13,000	20,61	-0,30	28,2	52,5	9,3	0	78,1
495	01.09.2025 13:32:14,000	20,61	-0,30	31,9	48,1	10,1	0	76,5
496	01.09.2025 13:32:15,000	20,61	-0,30	27,6	56,2	6,2	0	82,4
497	01.09.2025 13:32:16,000	20,61	-0,30	28,9	50,8	10,3	0	76,6
498	01.09.2025 13:32:17,000	20,61	-0,30	30,0	50,8	9,3	0	78,0
499	01.09.2025 13:32:18,000	20,61	-0,30	28,8	52,1	9,1	0	78,4
500	01.09.2025 13:32:19,000	20,61	-0,32	27,2	53,7	9,1	0	78,6
501	01.09.2025 13:32:20,000	20,61	-0,30	29,9	50,1	10,0	0	77,0
502	01.09.2025 13:32:21,000	20,61	-0,30	29,0	51,7	9,3	0	78,1
503	01.09.2025 13:32:22,000	20,61	-0,30	27,0	54,2	8,7	0	79,1
504	01.09.2025 13:32:23,000	20,61	-0,32	30,7	49,1	10,2	0	76,5
505	01.09.2025 13:32:24,000	20,61	-0,32	30,4	51,2	8,4	0	79,1
506	01.09.2025 13:32:25,000	20,61	-0,30	27,4	55,5	7,1	0	81,3
507	01.09.2025 13:32:26,000	20,58	-0,30	30,2	50,6	9,2	0	78,0
508	01.09.2025 13:32:27,000	20,58	-0,30	31,7	49,7	8,6	0	78,6
509	01.09.2025 13:32:28,000	20,58	-0,32	26,6	56,2	7,2	0	81,2
510	01.09.2025 13:32:29,000	20,58	-0,32	30,0	50,7	9,2	0	78,0
511	01.09.2025 13:32:30,000	20,58	-0,32	30,2	50,0	9,8	0	77,2
512	01.09.2025 13:32:31,000	20,58	-0,30	27,9	54,1	8,0	0	79,9
513	01.09.2025 13:32:32,000	20,58	-0,30	28,3	52,4	9,3	0	78,2
514	01.09.2025 13:32:33,000	20,58	-0,32	30,5	49,6	9,9	0	76,9
515	01.09.2025 13:32:34,000	20,58	-0,30	28,0	54,1	7,9	0	80,1
516	01.09.2025 13:32:35,000	20,58	-0,32	29,4	51,7	8,9	0	78,6
517	01.09.2025 13:32:36,000	20,58	-0,30	29,9	50,4	9,7	0	77,3
518	01.09.2025 13:32:37,000	20,58	-0,30	28,6	54,3	7,1	0	81,1
519	01.09.2025 13:32:38,000	20,58	-0,30	28,1	52,0	9,9	0	77,4
520	01.09.2025 13:32:39,000	20,58	-0,30	32,7	48,7	8,6	0	78,5
521	01.09.2025 13:32:40,000	20,58	-0,30	27,5	53,5	9,0	0	78,7
522	01.09.2025 13:32:41,000	20,58	-0,30	27,9	54,2	7,9	0	80,1
523	01.09.2025 13:32:42,000	20,58	-0,30	32,0	47,0	11,0	0	75,1
524	01.09.2025 13:32:43,000	20,58	-0,32	27,2	54,3	8,5	0	79,4
525	01.09.2025 13:32:44,000	20,58	-0,30	30,3	50,5	9,2	0	77,9
526	01.09.2025 13:32:45,000	20,58	-0,32	29,3	51,9	8,7	0	78,8
527	01.09.2025 13:32:46,000	20,58	-0,32	29,2	51,1	9,7	0	77,5
528	01.09.2025 13:32:47,000	20,58	-0,30	27,3	53,9	8,8	0	79,0
529	01.09.2025 13:32:48,000	20,58	-0,30	31,4	49,2	9,4	0	77,5
530	01.09.2025 13:32:49,000	20,58	-0,30	27,6	54,4	7,9	0	80,1
531	01.09.2025 13:32:50,000	20,58	-0,30	27,6	52,6	9,8	0	77,5
532	01.09.2025 13:32:51,000	20,58	-0,30	31,6	50,2	8,2	0	79,2
533	01.09.2025 13:32:52,000	20,58	-0,30	25,2	57,4	7,4	0	81,1
534	01.09.2025 13:32:53,000	20,58	-0,32	32,1	48,2	9,7	0	76,9
535	01.09.2025 13:32:54,000	20,58	-0,30	28,9	52,6	8,6	0	79,1
536	01.09.2025 13:32:55,000	20,58	-0,30	25,7	55,1	9,2	0	78,6
537	01.09.2025 13:32:56,000	20,58	-0,32	32,2	48,3	9,6	0	77,1
538	01.09.2025 13:32:57,000	20,56	-0,32	28,1	54,3	7,6	0	80,5
539	01.09.2025 13:32:58,000	20,56	-0,32	28,2	51,3	10,5	0	76,5
540	01.09.2025 13:32:59,000	20,56	-0,32	30,7	50,8	8,4	0	79,1
541	01.09.2025 13:33:00,000	20,56	-0,32	26,5	54,4	9,1	0	78,7
542	01.09.2025 13:33:01,000	20,56	-0,32	32,3	47,2	10,5	0	75,7
543	01.09.2025 13:33:02,000	20,56	-0,30	28,1	53,6	8,2	0	79,6
544	01.09.2025 13:33:03,000	20,56	-0,32	26,0	55,1	8,9	0	79,0
545	01.09.2025 13:33:04,000	20,56	-0,32	33,1	47,1	9,8	0	76,6
546	01.09.2025 13:33:05,000	20,56	-0,32	27,1	54,1	8,8	1	79,0
547	01.09.2025 13:33:06,000	20,56	-0,30	25,4	56,1	8,5	0	79,6
548	01.09.2025 13:33:07,000	20,56	-0,30	31,9	45,9	12,2	0	73,2
549	01.09.2025 13:33:08,000	20,56	-0,30	29,1	52,6	8,3	1	79,4
550	01.09.2025 13:33:09,000	20,56	-0,32	24,4	57,2	8,4	0	79,8
551	01.09.2025 13:33:10,000	20,56	-0,30	30,9	47,6	11,4	1	74,6
552	01.09.2025 13:33:11,000	20,56	-0,30	31,7	49,7	8,6	1	78,6
553	01.09.2025 13:33:12,000	20,56	-0,32	25,2	56,1	8,7	0	79,4
554	01.09.2025 13:33:13,000	20,56	-0,30	28,5	51,6	9,9	1	77,3
555	01.09.2025 13:33:14,000	20,56	-0,30	31,4	47,4	11,2	0	74,8
556	01.09.2025 13:33:15,000	20,56	-0,30	26,8	55,0	8,1	0	79,9
557	01.09.2025 13:33:16,000	20,53	-0,30	28,9	51,7	9,4	0	77,9
558	01.09.2025 13:33:17,000	20,56	-0,30	28,9	50,4	10,8	0	76,0
559	01.09.2025 13:33:18,000	20,53	-0,30	29,5	50,7	9,8	0	77,2
560	01.09.2025 13:33:19,000	20,53	-0,30	25,9	56,1	8,0	0	80,2
561	01.09.2025 13:33:20,000	20,53	-0,30	31,5	46,9	11,6	0	74,3
562	01.09.2025 13:33:21,000	20,53	-0,30	29,8	51,9	8,3	0	79,3
563	01.09.2025 13:33:22,000	20,53	-0,30	26,2	55,1	8,7	0	79,3
564	01.09.2025 13:33:23,000	20,53	-0,32	31,2	48,0	10,8	0	75,5
565	01.09.2025 13:33:24,000	20,53	-0,30	29,4	51,8	8,8	0	78,7
566	01.09.2025 13:33:25,000	20,53	-0,30	28,5	52,5	9,0	0	78,5
567	01.09.2025 13:33:26,000	20,53	-0,32	28,3	51,9	9,8	0	77,4
568	01.09.2025 13:33:27,000	20,53	-0,30	30,0	51,5	8,5	0	79,1
569	01.09.2025 13:33:28,000	20,53	-0,32	28,8	51,4	9,8	0	77,4
570	01.09.2025 13:33:29,000	20,53	-0,28	29,1	52,7	8,2	0	79,6
571	01.09.2025 13:33:30,000	20,53	-0,30	28,2	52,1	9,7	0	77,6
572	01.09.2025 13:33:31,000	20,53	-0,30	30,2	50,3	9,5	0	77,6
573	01.09.2025 13:33:32,000	20,53	-0,32	26,8	53,9	9,3	0	78,3
574	01.09.2025 13:33:33,000	20,53	-0,30	29,1	50,8	10,2	0	76,8
575	01.09.2025 13:33:34,000	20,53	-0,30	28,5	50,7	10,8	0	76,0
576	01.09.2025 13:33:35,000	20,53	-0,30	26,9	54,2	8,9	0	78,9
577	01.09.2025 13:33:36,000	20,53	-0,30	29,9	49,9	10,2	0	76,6
578	01.09.2025 13:33:37,000	20,53	-0,32	29,0	51,8	9,1	0	78,3
579	01.09.2025 13:33:38,000	20,53	-0,30	27,5	52,2	10,3	0	76,9
580	01.09.2025 13:33:39,000	20,50	-0,30	28,9	51,7	9,4	0	78,0
581	01.09.2025 13:33:40,000	20,50	-0,30	30,1	50,4	9,5	0	77,6
582	01.09.2025 13:33:41,000	20,50	-0,30	27,1	53,3	9,7	0	77,8
583	01.09.2025 13:33:42,000	20,50	-0,30	28,4	51,6	10,1	0	77,1
584	01.09.2025 13:33:43,000	20,50	-0,30	30,4	49,3	10,3	0	76,3
585	01.09.2025 13:33:44,000	20,50	-0,32	27,5	53,4	9,1	0	78,5
586	01.09.2025 13:33:45,000	20,50	-0,32	28,0	50,7	11,3	0	75,4
587	01.09.2025 13:33:46,000	20,50	-0,32	30,6	49,8	9,7	0	77,3
588	01.09.2025 13:33:47,000	20,50	-0,30	26,6	53,5	9,9	0	77,5
589	01.09.2025 13:33:48,000	20,50	-0,30	29,6	49,9	10,5	0	76,2
590	01.09.2025 13:33:49,000	20,50	-0,32	28,5	51,1	10,4	0	76,5
591	01.09.2025 13:33:50,000	20,50	-0,32	27,7	51,7	10,6	0	76,4
592	01.09.2025 13:33:51,000	20,50	-0,32	30,2	49,0	10,8	0	75,7
593	01.09.2025 13:33:52,000	20,50	-0,32	28,6	51,3	10,1	0	77,0
594	01.09.2025 13:33:53,000	20,50	-0,32	30,9	52,7	6,4	0	81,9
595	01.09.2025 13:33:54,000	20,50	-0,32	32,3	54,0	3,7	0	85,4
596	01.09.2025 13:33:55,000	20,50	-0,30	33,9	53,5	2,6	0	86,7
597	01.09.2025 13:33:56,000	20,50	-0,30	36,6	52,9	-0,4	0	90,5
598	01.09.2025 13:33:57,000	20,50	-0,32	31,1	49,2	-9,7	0	102,8
599	01.09.2025 13:33:58,000	20,47	-0,30	35,9	52,4	1,8	0	87,8
600	01.09.2025 13:33:59,000	20,47	-0,30	35,0	51,8	-3,1	0	94,0
601	01.09.2025 13:34:00,000	20,47	-0,30	34,1	52,2	-3,7	0	94,7
602	01.09.2025 13:34:01,000	20,47	-0,30	33,2	55,2	-1,6	0	91,9
603	01.09.2025 13:34:02,000	20,47	-0,32	35,2	54,7	0,1	0	89,9
604	01.09.2025 13:34:03,000	20,47	-0,32	34,3	54,1	1,6	0	88,1
605	01.09.2025 13:34:04,000	20,47	-0,30	32,9	55,6	1,5	0	88,1
606	01.09.2025 13:34:05,000	20,47	-0,32	33,2	55,5	1,2	0	88,5
607	01.09.2025 13:34:06,000	20,47	-0,32	32,3	53,4	4,2	0	84,7
608	01.09.2025 13:34:07,000	20,47	-0,30	32,8	55,9	1,2	0	88,5
609	01.09.2025 13:34:08,000	20,47	-0,30	32,4	55,7	2,0	0	87,6
610	01.09.2025 13:34:09,000	20,47	-0,30	30,8	52,6	6,6	0	81,6
611	01.09.2025 13:34:10,000	20,47	-0,32	31,2	54,0	4,8	0	84,0
612	01.09.2025 13:34:11,000	20,47	-0,30	31,1	55,0	3,9	0	85,2
613	01.09.2025 13:34:12,000	20,47	-0,30	31,9	54,9	3,1	0	86,1
614	01.09.2025 13:34:13,000	20,47	-0,30	29,9	48,7	11,4	0	74,9
615	01.09.2025 13:34:14,000	20,47	-0,30	31,7	52,8	5,5	0	83,0
616	01.09.2025 13:34:15,000	20,47	-0,32	30,6	54,3	5,1	0	83,6
617	01.09.2025 13:34:16,000	20,47	-0,30	29,8	53,2	7,0	0	81,1
618	01.09.2025 13:34:17,000	20,47	-0,30	33,6	56,0	0,4	0	89,6
619	01.09.2025 13:34:18,000	20,47	-0,32	32,8	54,4	2,8	0	86,6
620	01.09.2025 13:34:19,000	20,47	-0,30	31,4	53,1	5,5	0	83,1
621	01.09.2025 13:34:20,000	20,44	-0,32	33,4	55,5	1,2	0	88,6
622	01.09.2025 13:34:21,000	20,44	-0,32	32,8	51,5	5,7	0	82,6
623	01.09.2025 13:34:22,000	20,44	-0,34	31,2	46,3	12,5	0	72,9
624	01.09.2025 13:34:23,000	20,44	-0,32	24,7	19,2	46,1	0	25,1
625	01.09.2025 13:34:24,000	20,44	-0,32	8,0	-7,1	74,9	0	-7,5
626	01.09.2025 13:34:25,000	20,44	-0,34	9,9	-21,3	58,9	0	-23,6
627	01.09.2025 13:34:26,000	20,44	-0,32	6,8	-28,3	54,9	0	-30,5
628	01.09.2025 13:34:27,000	20,44	-0,32	13,9	-15,4	60,8	0	-17,5
629	01.09.2025 13:34:28,000	20,44	-0,32	17,3	-12,3	60,3	0	-14,4
630	01.09.2025 13:34:29,000	20,44	-0,34	10,4	-25,4	54,2	0	-28,5
631	01.09.2025 13:34:30,000	20,44	-0,32	12,9	-24,5	52,6	0	-28,2
632	01.09.2025 13:34:31,000	20,44	-0,34	15,7	-18,6	55,7	0	-21,9
633	01.09.2025 13:34:32,000	20,44	-0,32	15,5	-16,6	57,9	0	-19,3
634	01.09.2025 13:34:33,000	20,44	-0,32	12,7	-6,1	71,3	0	-6,6
635	01.09.2025 13:34:34,000	20,44	-0,32	24,5	-6,7	58,9	0	-7,9
636	01.09.2025 13:34:35,000	20,44	-0,34	48,1	24,7	17,1	1	54,7
637	01.09.2025 13:34:36,000	20,44	-0,32	17,5	-27,5	45,0	0	-33,7
638	01.09.2025 13:34:37,000	20,44	-0,32	19,9	-20,7	49,4	0	-25,7
639	01.09.2025 13:34:38,000	20,44	-0,32	17,9	-22,0	50,1	0	-26,8
640	01.09.2025 13:34:39,000	20,41	-0,32	47,5	3,0	39,6	0	4,7
641	01.09.2025 13:34:40,000	20,44	-0,32	20,8	-27,0	42,1	0	-34,6
642	01.09.2025 13:34:41,000	20,41	-0,34	17,6	-21,5	50,9	0	-26,0
643	01.09.2025 13:34:42,000	20,41	-0,32	19,3	-30,5	40,2	0	-38,5
644	01.09.2025 13:34:43,000	20,41	-0,32	33,2	-13,3	43,5	0	-18,8
645	01.09.2025 13:34:44,000	20,41	-0,34	28,4	-20,3	41,3	0	-28,3
646	01.09.2025 13:34:45,000	20,41	-0,32	28,4	-18,3	43,2	0	-25,2
647	01.09.2025 13:34:46,000	20,41	-0,32	16,8	-29,2	44,0	0	-35,5
648	01.09.2025 13:34:47,000	20,41	-0,32	14,8	-28,0	47,3	0	-33,1
649	01.09.2025 13:34:48,000	20,41	-0,34	25,4	-22,2	42,4	0	-29,8
650	01.09.2025 13:34:49,000	20,41	-0,34	29,1	-24,1	36,9	0	-34,6
651	01.09.2025 13:34:50,000	20,41	-0,34	19,1	-28,4	42,5	0	-35,6
652	01.09.2025 13:34:51,000	20,41	-0,34	15,9	-29,6	44,5	0	-35,6
653	01.09.2025 13:34:52,000	20,41	-0,34	16,4	-27,2	46,3	0	-32,9
654	01.09.2025 13:34:53,000	20,41	-0,32	19,1	-25,1	45,7	0	-31,3
655	01.09.2025 13:34:54,000	20,41	-0,34	18,2	-30,4	41,4	0	-37,8
656	01.09.2025 13:34:55,000	20,41	-0,32	17,7	-28,7	43,6	0	-35,4
657	01.09.2025 13:34:56,000	20,41	-0,32	19,6	-26,9	43,5	0	-33,8
658	01.09.2025 13:34:57,000	20,41	-0,34	27,7	-24,9	37,4	0	-35,2
659	01.09.2025 13:34:58,000	20,38	-0,32	15,7	-27,3	47,1	0	-32,6
660	01.09.2025 13:34:59,000	20,38	-0,32	15,3	-25,2	49,4	0	-30,0
661	01.09.2025 13:35:00,000	20,38	-0,32	17,5	-26,7	45,9	0	-32,6
662	01.09.2025 13:35:01,000	20,38	-0,32	27,0	-29,0	34,0	0	-41,1
663	01.09.2025 13:35:02,000	20,38	-0,32	16,1	-27,5	46,4	0	-33,1
664	01.09.2025 13:35:03,000	20,38	-0,34	14,5	-23,5	52,0	0	-27,5
665	01.09.2025 13:35:04,000	20,38	-0,34	14,7	-24,2	51,0	0	-28,5
666	01.09.2025 13:35:05,000	20,38	-0,34	18,1	-30,7	41,2	0	-38,1
667	01.09.2025 13:35:06,000	20,38	-0,32	18,1	-29,1	42,9	0	-36,0
668	01.09.2025 13:35:07,000	20,38	-0,32	25,3	-22,5	42,1	0	-30,3
669	01.09.2025 13:35:08,000	20,38	-0,32	27,1	-18,7	44,3	0	-25,3
670	01.09.2025 13:35:09,000	20,38	-0,32	20,5	-29,7	39,8	0	-38,1
671	01.09.2025 13:35:10,000	20,38	-0,34	20,5	-26,8	42,7	0	-34,2
672	01.09.2025 13:35:11,000	20,38	-0,32	15,5	-23,8	50,7	0	-28,3
673	01.09.2025 13:35:12,000	20,38	-0,34	14,1	-24,1	51,8	0	-28,2
674	01.09.2025 13:35:13,000	20,38	-0,32	31,7	-12,9	45,5	0	-17,8
675	01.09.2025 13:35:14,000	20,38	-0,32	19,7	-23,3	47,0	0	-29,0
676	01.09.2025 13:35:15,000	20,38	-0,32	13,9	-23,3	52,8	0	-27,1
677	01.09.2025 13:35:16,000	20,35	-0,32	13,1	-22,3	54,6	0	-25,7
678	01.09.2025 13:35:17,000	20,35	-0,34	23,9	-18,3	47,8	0	-23,7
679	01.09.2025 13:35:18,000	20,35	-0,34	24,4	-9,9	55,7	0	-12,1
680	01.09.2025 13:35:19,000	20,35	-0,32	20,4	-16,9	52,6	0	-20,8
681	01.09.2025 13:35:20,000	20,35	-0,34	18,0	-15,1	56,9	0	-18,0
682	01.09.2025 13:35:21,000	20,35	-0,32	27,1	-8,9	54,0	0	-11,1
683	01.09.2025 13:35:22,000	20,35	-0,32	36,4	-2,0	51,7	0	-2,5
684	01.09.2025 13:35:23,000	20,35	-0,32	17,8	-15,5	56,7	0	-18,4
685	01.09.2025 13:35:24,000	20,35	-0,34	16,3	-15,1	58,6	0	-17,6
686	01.09.2025 13:35:25,000	20,35	-0,34	16,2	-17,4	56,4	0	-20,4
687	01.09.2025 13:35:26,000	20,35	-0,34	19,9	-13,7	56,4	0	-16,4
688	01.09.2025 13:35:27,000	20,35	-0,34	22,0	-11,4	56,6	0	-13,8
689	01.09.2025 13:35:28,000	20,35	-0,32	17,8	-16,4	55,9	0	-19,5
690	01.09.2025 13:35:29,000	20,35	-0,32	17,7	-16,8	55,5	0	-20,0
691	01.09.2025 13:35:30,000	20,35	-0,32	16,2	-17,4	56,3	0	-20,5
692	01.09.2025 13:35:31,000	20,35	-0,32	14,8	-16,7	58,5	0	-19,4
693	01.09.2025 13:35:32,000	20,35	-0,34	20,8	-13,6	55,6	0	-16,5
694	01.09.2025 13:35:33,000	20,35	-0,34	21,3	-16,4	52,3	0	-20,3
695	01.09.2025 13:35:34,000	20,35	-0,34	17,9	-20,0	52,1	0	-24,2
696	01.09.2025 13:35:35,000	20,35	-0,32	15,6	-18,0	56,5	0	-21,0
697	01.09.2025 13:35:36,000	20,35	-0,34	13,6	-17,4	59,0	0	-19,9
698	01.09.2025 13:35:37,000	20,35	-0,32	17,2	-16,4	56,5	0	-19,4
699	01.09.2025 13:35:38,000	20,35	-0,32	21,3	-15,7	53,0	0	-19,4
700	01.09.2025 13:35:39,000	20,35	-0,34	17,3	-18,9	53,8	0	-22,6
701	01.09.2025 13:35:40,000	20,35	-0,32	16,8	-17,9	55,4	0	-21,2
702	01.09.2025 13:35:41,000	20,32	-0,34	17,4	-17,3	55,3	0	-20,6
703	01.09.2025 13:35:42,000	20,32	-0,32	25,8	-9,6	54,6	0	-11,9
704	01.09.2025 13:35:43,000	20,32	-0,32	15,0	-20,1	54,9	0	-23,5
705	01.09.2025 13:35:44,000	20,32	-0,34	14,7	-18,5	56,8	0	-21,5
706	01.09.2025 13:35:45,000	20,32	-0,34	16,3	-16,5	57,2	0	-19,4
707	01.09.2025 13:35:46,000	20,32	-0,32	16,2	-17,6	56,2	0	-20,7
708	01.09.2025 13:35:47,000	20,32	-0,32	16,9	-20,1	53,0	0	-24,1
709	01.09.2025 13:35:48,000	20,32	-0,34	18,9	-17,6	53,5	0	-21,3
710	01.09.2025 13:35:49,000	20,32	-0,32	15,8	-16,5	57,7	0	-19,3
711	01.09.2025 13:35:50,000	20,32	-0,32	12,1	-17,2	60,7	0	-19,4
712	01.09.2025 13:35:51,000	20,32	-0,32	12,6	-21,8	55,6	0	-24,9
713	01.09.2025 13:35:52,000	20,32	-0,32	28,2	-13,1	48,7	0	-17,3
714	01.09.2025 13:35:53,000	20,32	-0,32	3,1	-4,7	82,2	0	-4,8
715	01.09.2025 13:35:54,000	20,32	-0,34	-2,5	2,3	85,2	0	2,3
716	01.09.2025 13:35:55,000	20,32	-0,32	1,1	5,1	83,8	0	5,1
717	01.09.2025 13:35:56,000	20,32	-0,32	15,8	19,7	-54,5	1	156,7
718	01.09.2025 13:35:57,000	20,08	-0,34	67,6	13,6	8,8	0	156,7
719	01.09.2025 13:35:58,000	19,91	-0,26	43,8	5,5	40,7	0	8,4
720	01.09.2025 13:35:59,000	19,82	-0,32	46,8	-2,5	40,7	0	-3,9
721	01.09.2025 13:36:00,000	19,73	-0,34	27,9	-8,0	54,1	0	-10,1
722	01.09.2025 13:36:01,000	19,67	-0,32	36,2	-11,2	42,6	0	-16,4
723	01.09.2025 13:36:02,000	19,64	-0,30	38,0	-8,9	43,1	0	-13,0
724	01.09.2025 13:36:03,000	19,61	-0,26	47,6	-2,3	40,2	0	-3,5
725	01.09.2025 13:36:04,000	19,55	-0,26	46,6	-8,1	35,3	0	-13,8
726	01.09.2025 13:36:05,000	19,52	-0,23	50,7	-5,4	33,9	0	-9,6
727	01.09.2025 13:36:06,000	19,52	-0,23	46,1	-4,9	39,0	0	-7,8
728	01.09.2025 13:36:07,000	19,46	-0,21	37,6	-5,5	46,9	0	-7,6
729	01.09.2025 13:36:08,000	19,46	-0,21	35,1	-12,8	42,1	1	-18,7
730	01.09.2025 13:36:09,000	19,44	-0,23	38,3	-11,0	40,7	0	-16,6
731	01.09.2025 13:36:10,000	19,44	-0,19	38,5	-5,5	46,0	1	-7,7
732	01.09.2025 13:36:11,000	19,41	-0,19	38,5	-8,3	43,2	0	-12,0
733	01.09.2025 13:36:12,000	19,41	-0,19	46,9	-5,1	38,0	0	-8,2
734	01.09.2025 13:36:13,000	19,38	-0,17	43,7	-6,7	39,6	0	-10,4
735	01.09.2025 13:36:14,000	19,38	-0,12	50,9	-4,9	34,2	0	-8,7
736	01.09.2025 13:36:15,000	19,35	-0,14	45,4	-4,2	40,4	0	-6,5
737	01.09.2025 13:36:16,000	19,35	-0,14	36,5	-7,2	46,3	0	-10,0
738	01.09.2025 13:36:17,000	19,35	-0,14	45,1	-9,0	35,9	0	-15,1
739	01.09.2025 13:36:18,000	19,32	-0,12	46,5	-8,8	34,7	0	-15,2
740	01.09.2025 13:36:19,000	19,32	-0,12	41,3	-4,4	44,3	0	-6,3
741	01.09.2025 13:36:20,000	19,32	-0,12	36,6	-4,6	48,8	0	-6,2
742	01.09.2025 13:36:21,000	19,29	-0,08	41,2	-13,2	35,6	0	-21,7
743	01.09.2025 13:36:22,000	19,29	-0,08	40,1	-11,9	38,0	0	-18,8
744	01.09.2025 13:36:23,000	19,29	-0,10	30,2	-17,9	41,9	1	-25,2
745	01.09.2025 13:36:24,000	19,26	-0,10	47,2	-6,1	36,7	0	-10,2
746	01.09.2025 13:36:25,000	19,26	-0,05	46,1	-17,6	26,3	0	-34,5
747	01.09.2025 13:36:26,000	19,23	-0,01	54,8	-15,0	20,2	0	-36,9
748	01.09.2025 13:36:27,000	19,23	-0,01	50,3	-10,6	29,1	0	-20,8
749	01.09.2025 13:36:28,000	19,23	-0,03	47,0	-10,9	32,1	0	-19,9
750	01.09.2025 13:36:29,000	19,23	-0,01	58,9	-9,7	21,4	0	-24,9
751	01.09.2025 13:36:30,000	19,20	0,01	59,3	-9,6	21,2	0	-24,8
752	01.09.2025 13:36:31,000	19,20	0,01	57,7	-7,9	24,4	0	-18,4
753	01.09.2025 13:36:32,000	19,23	0,01	55,0	-8,5	26,4	0	-18,6
754	01.09.2025 13:36:33,000	19,20	0,01	54,5	-7,9	27,6	0	-16,6
755	01.09.2025 13:36:34,000	19,23	0,01	47,7	-9,0	33,3	0	-16,0
756	01.09.2025 13:36:35,000	19,23	0,01	55,4	-7,2	27,4	0	-15,4
757	01.09.2025 13:36:36,000	19,17	0,03	56,4	-6,7	27,0	0	-14,4
758	01.09.2025 13:36:37,000	19,17	0,03	58,3	-5,9	25,9	0	-13,3
759	01.09.2025 13:36:38,000	19,17	0,06	62,0	-5,3	22,7	0	-13,3
760	01.09.2025 13:36:39,000	19,17	0,06	62,2	-1,7	26,1	0	-3,9
761	01.09.2025 13:36:40,000	19,17	0,03	62,2	-0,7	27,1	0	-1,5
762	01.09.2025 13:36:41,000	19,17	0,06	60,4	-0,3	29,2	0	-0,7
763	01.09.2025 13:36:42,000	19,17	0,08	63,8	-1,7	24,5	0	-4,0
764	01.09.2025 13:36:43,000	19,17	0,10	60,6	-6,0	23,4	0	-14,8
765	01.09.2025 13:36:44,000	19,17	0,08	54,5	-9,6	25,9	0	-21,1
766	01.09.2025 13:36:45,000	19,17	0,08	51,1	-14,1	24,8	0	-30,3
767	01.09.2025 13:36:46,000	19,17	0,12	53,2	-16,0	20,8	0	-37,8
768	01.09.2025 13:36:47,000	19,17	0,15	51,6	-15,9	22,4	0	-35,8
769	01.09.2025 13:36:48,000	19,14	0,15	48,7	-17,8	23,5	0	-37,6
770	01.09.2025 13:36:49,000	19,14	0,15	50,3	-18,3	21,4	0	-40,7
771	01.09.2025 13:36:50,000	19,14	0,17	53,0	-18,6	18,4	0	-45,2
772	01.09.2025 13:36:51,000	19,14	0,17	53,6	-16,3	20,1	0	-39,4
773	01.09.2025 13:36:52,000	19,14	0,19	56,5	-16,1	17,4	0	-42,9
774	01.09.2025 13:36:53,000	19,14	0,19	59,3	-14,7	16,0	0	-42,9
775	01.09.2025 13:36:54,000	19,11	0,19	64,0	-8,3	17,7	0	-42,9
776	01.09.2025 13:36:55,000	19,11	0,17	62,3	-8,5	19,2	0	-42,9
777	01.09.2025 13:36:56,000	19,08	0,17	58,2	-15,4	16,4	0	-43,3
778	01.09.2025 13:36:57,000	19,05	0,21	58,5	-16,8	14,7	0	-48,8
779	01.09.2025 13:36:58,000	19,05	0,21	60,7	-13,1	16,2	0	-48,8
780	01.09.2025 13:36:59,000	19,05	0,21	63,8	-7,8	18,4	0	-48,8
781	01.09.2025 13:37:00,000	19,02	0,19	60,2	-9,1	20,7	0	-48,8
782	01.09.2025 13:37:01,000	19,02	0,21	64,7	-11,1	14,1	0	-48,8
783	01.09.2025 13:37:02,000	18,99	0,23	62,6	-11,8	15,6	0	-48,8
784	01.09.2025 13:37:03,000	18,99	0,21	66,1	-3,8	20,2	0	-48,8
785	01.09.2025 13:37:04,000	18,99	0,21	62,9	-8,1	19,0	0	-48,8
786	01.09.2025 13:37:05,000	18,99	0,23	57,7	-17,7	14,5	0	-50,5
787	01.09.2025 13:37:06,000	18,99	0,26	63,7	-11,2	15,1	0	-50,5
788	01.09.2025 13:37:07,000	18,96	0,23	64,6	-5,9	19,6	0	-50,5
789	01.09.2025 13:37:08,000	18,96	0,26	63,0	-9,7	17,3	0	-50,5
790	01.09.2025 13:37:09,000	18,96	0,30	58,2	-18,1	13,7	0	-52,6
791	01.09.2025 13:37:10,000	18,93	0,32	60,2	-15,8	14,0	0	-52,6
792	01.09.2025 13:37:11,000	18,93	0,30	60,0	-9,8	20,2	0	-52,6
793	01.09.2025 13:37:12,000	18,93	0,32	58,3	-12,9	18,8	0	-34,7
794	01.09.2025 13:37:13,000	18,93	0,35	56,5	-19,4	14,1	0	-53,7
795	01.09.2025 13:37:14,000	18,93	0,37	59,6	-15,6	14,8	0	-53,7
796	01.09.2025 13:37:15,000	18,90	0,39	58,0	-13,2	18,8	0	-35,3
797	01.09.2025 13:37:16,000	18,90	0,37	54,8	-15,8	19,4	0	-39,3
798	01.09.2025 13:37:17,000	18,90	0,43	56,0	-20,6	13,4	0	-56,5
799	01.09.2025 13:37:18,000	18,90	0,43	54,6	-17,3	18,1	0	-43,8
800	01.09.2025 13:37:19,000	18,90	0,46	54,5	-16,5	19,0	0	-41,1
801	01.09.2025 13:37:20,000	18,90	0,48	55,7	-15,1	19,2	0	-38,3
802	01.09.2025 13:37:21,000	18,90	0,50	60,2	-13,2	16,6	0	-38,3
803	01.09.2025 13:37:22,000	18,90	0,50	57,3	-12,5	20,1	0	-32,3
804	01.09.2025 13:37:23,000	18,90	0,52	57,9	-9,0	23,1	0	-21,9
805	01.09.2025 13:37:24,000	18,90	0,52	59,2	-6,6	24,2	0	-15,7
806	01.09.2025 13:37:25,000	18,90	0,52	57,8	-6,7	25,4	0	-15,3
807	01.09.2025 13:37:26,000	18,90	0,54	66,6	-1,9	21,5	0	-15,3
808	01.09.2025 13:37:27,000	18,90	0,54	64,6	1,9	23,5	0	-15,3
809	01.09.2025 13:37:28,000	18,90	0,57	59,7	5,5	24,9	0	12,8
810	01.09.2025 13:37:29,000	18,90	0,57	57,2	7,5	25,3	0	17,2
811	01.09.2025 13:37:30,000	18,87	0,59	55,4	11,8	22,8	0	27,9
812	01.09.2025 13:37:31,000	18,87	0,61	57,3	11,6	21,1	0	29,2
813	01.09.2025 13:37:32,000	18,87	0,63	54,2	13,3	22,4	0	31,2
814	01.09.2025 13:37:33,000	18,84	0,65	52,4	15,4	22,3	0	35,1
815	01.09.2025 13:37:34,000	18,84	0,63	49,5	10,6	29,8	0	20,5
816	01.09.2025 13:37:35,000	18,84	0,63	36,9	11,9	41,2	0	17,8
817	01.09.2025 13:37:36,000	18,81	0,61	33,3	13,2	43,5	0	18,7
818	01.09.2025 13:37:37,000	18,81	0,58	29,3	16,9	43,8	0	23,3
819	01.09.2025 13:37:38,000	18,81	0,61	42,5	17,8	29,6	0	32,0
820	01.09.2025 13:37:39,000	18,78	0,65	50,0	14,1	25,9	0	29,4
821	01.09.2025 13:37:40,000	18,78	0,67	49,2	16,5	24,3	0	34,9
822	01.09.2025 13:37:41,000	18,75	0,71	55,9	18,1	16,0	0	48,5
823	01.09.2025 13:37:42,000	18,75	0,76	56,9	14,3	18,7	0	37,7
824	01.09.2025 13:37:43,000	18,72	0,73	51,5	11,9	26,6	0	24,8
825	01.09.2025 13:37:44,000	18,72	0,76	55,5	13,4	21,1	0	32,9
826	01.09.2025 13:37:45,000	18,72	0,80	61,4	13,0	15,6	0	32,9
827	01.09.2025 13:37:46,000	18,72	0,82	59,9	10,7	19,4	0	32,9
828	01.09.2025 13:37:47,000	18,72	0,80	55,5	8,3	26,2	0	18,2
829	01.09.2025 13:37:48,000	18,72	0,82	57,7	8,4	23,9	0	19,9
830	01.09.2025 13:37:49,000	18,72	0,84	61,8	8,5	19,7	0	19,9
831	01.09.2025 13:37:50,000	18,72	0,87	59,1	6,4	24,5	0	15,1
832	01.09.2025 13:37:51,000	18,72	0,89	57,0	4,3	28,8	0	8,8
833	01.09.2025 13:37:52,000	18,72	0,87	53,4	2,0	34,7	0	3,5
834	01.09.2025 13:37:53,000	18,69	0,89	52,7	1,3	36,0	0	2,2
835	01.09.2025 13:37:54,000	18,63	0,88	50,2	-0,4	39,4	0	-0,6
836	01.09.2025 13:37:55,000	18,52	0,90	49,3	-1,9	38,8	0	-3,0
837	01.09.2025 13:37:56,000	18,40	0,91	50,1	-1,1	38,7	0	-1,8
838	01.09.2025 13:37:57,000	18,34	0,91	48,5	-1,9	39,6	0	-3,0
839	01.09.2025 13:37:58,000	18,28	0,90	48,1	-3,5	38,5	0	-5,6
840	01.09.2025 13:37:59,000	18,25	0,92	50,4	-3,4	36,3	0	-5,7
841	01.09.2025 13:38:00,000	18,22	0,92	49,6	-2,5	37,9	0	-4,0
842	01.09.2025 13:38:01,000	18,16	0,94	46,9	-3,3	39,8	0	-5,2
843	01.09.2025 13:38:02,000	18,13	0,92	47,7	-3,8	38,5	0	-6,2
844	01.09.2025 13:38:03,000	18,10	0,96	50,0	-2,5	37,5	0	-4,2
845	01.09.2025 13:38:04,000	18,07	0,94	50,3	-2,2	37,5	0	-3,7
846	01.09.2025 13:38:05,000	18,04	1,00	55,3	-6,3	28,4	0	-13,2
847	01.09.2025 13:38:06,000	18,01	1,00	52,2	-7,7	30,1	0	-15,1
848	01.09.2025 13:38:07,000	18,01	1,02	55,3	-4,9	29,8	0	-9,7
849	01.09.2025 13:38:08,000	17,98	1,04	55,6	-3,8	30,6	0	-7,5
850	01.09.2025 13:38:09,000	17,95	1,04	56,4	-4,2	29,4	0	-8,5
851	01.09.2025 13:38:10,000	17,92	1,06	52,5	-6,2	31,2	0	-11,9
852	01.09.2025 13:38:11,000	17,92	1,06	50,5	-7,1	32,4	0	-13,1
853	01.09.2025 13:38:12,000	17,89	1,06	48,8	-6,8	34,4	0	-11,9
854	01.09.2025 13:38:13,000	17,83	1,08	45,3	-6,0	38,7	0	-9,7
855	01.09.2025 13:38:14,000	17,80	1,05	43,7	-5,6	40,8	0	-8,5
856	01.09.2025 13:38:15,000	17,80	1,03	39,3	-5,5	45,2	0	-7,8
857	01.09.2025 13:38:16,000	17,77	1,00	37,6	-4,8	47,6	0	-6,6
858	01.09.2025 13:38:17,000	17,77	1,00	35,7	-6,6	47,7	0	-9,0
859	01.09.2025 13:38:18,000	17,74	1,05	28,7	-13,3	48,0	0	-17,6
860	01.09.2025 13:38:19,000	17,71	1,02	32,3	-11,4	46,3	0	-15,6
861	01.09.2025 13:38:20,000	17,68	1,00	30,4	-12,5	47,2	0	-16,9
862	01.09.2025 13:38:21,000	17,68	1,00	29,5	-11,3	49,1	0	-15,0
863	01.09.2025 13:38:22,000	17,68	1,00	35,1	-6,8	48,1	0	-9,2
864	01.09.2025 13:38:23,000	17,65	1,00	33,8	-8,9	47,3	0	-12,2
865	01.09.2025 13:38:24,000	17,62	0,99	34,9	-7,9	47,3	0	-10,7
866	01.09.2025 13:38:25,000	17,62	0,99	28,7	-13,5	47,8	0	-18,0
867	01.09.2025 13:38:26,000	17,62	0,99	33,1	-11,9	45,0	0	-16,6
868	01.09.2025 13:38:27,000	17,62	0,99	37,4	-7,0	45,6	0	-9,8
869	01.09.2025 13:38:28,000	17,59	1,01	34,8	-10,1	45,2	0	-14,1
870	01.09.2025 13:38:29,000	17,56	1,01	31,4	-13,1	45,4	0	-18,1
871	01.09.2025 13:38:30,000	17,53	1,01	33,8	-9,6	46,6	0	-13,2
872	01.09.2025 13:38:31,000	17,50	1,01	37,5	-7,3	45,2	0	-10,3
873	01.09.2025 13:38:32,000	17,50	1,03	33,4	-11,0	45,6	0	-15,2
874	01.09.2025 13:38:33,000	17,47	1,01	32,3	-14,3	43,4	0	-20,3
875	01.09.2025 13:38:34,000	17,47	1,05	37,6	-9,4	43,1	0	-13,7
876	01.09.2025 13:38:35,000	17,44	1,05	37,6	-9,5	42,8	0	-14,0
877	01.09.2025 13:38:36,000	17,44	1,05	37,1	-10,5	42,4	0	-15,4
878	01.09.2025 13:38:37,000	17,44	1,05	37,8	-10,4	41,8	0	-15,4
879	01.09.2025 13:38:38,000	17,44	1,03	38,4	-9,5	42,1	0	-14,0
880	01.09.2025 13:38:39,000	17,44	1,03	36,7	-8,8	44,6	0	-12,5
881	01.09.2025 13:38:40,000	17,41	1,05	38,6	-8,4	43,1	0	-12,2
882	01.09.2025 13:38:41,000	17,38	1,07	40,5	-6,8	42,7	0	-10,1
883	01.09.2025 13:38:42,000	17,38	1,07	41,0	-7,4	41,6	0	-11,1
884	01.09.2025 13:38:43,000	17,35	1,07	39,9	-7,1	43,0	0	-10,4
885	01.09.2025 13:38:44,000	17,35	1,09	37,1	-6,9	46,0	0	-9,6
886	01.09.2025 13:38:45,000	17,35	1,09	39,9	-5,9	44,3	0	-8,5
887	01.09.2025 13:38:46,000	17,32	1,11	38,6	-5,8	45,6	0	-8,2
888	01.09.2025 13:38:47,000	17,29	1,08	37,2	-6,8	45,9	0	-9,5
889	01.09.2025 13:38:48,000	17,29	1,13	37,3	-8,6	44,1	0	-12,3
890	01.09.2025 13:38:49,000	17,26	1,13	38,8	-6,1	45,1	0	-8,6
891	01.09.2025 13:38:50,000	17,23	1,12	36,7	-6,4	46,9	0	-8,9
892	01.09.2025 13:38:51,000	17,23	1,15	35,7	-6,1	48,2	0	-8,3
893	01.09.2025 13:38:52,000	17,23	1,15	34,1	-9,0	46,9	0	-12,3
894	01.09.2025 13:38:53,000	17,20	1,15	33,3	-8,8	47,9	0	-11,8
895	01.09.2025 13:38:54,000	17,20	1,15	35,5	-7,4	47,1	0	-10,2
896	01.09.2025 13:38:55,000	17,20	1,19	35,5	-6,9	47,6	0	-9,3
897	01.09.2025 13:38:56,000	17,17	1,19	35,4	-7,7	46,8	0	-10,7
898	01.09.2025 13:38:57,000	17,17	1,23	35,8	-6,1	48,1	0	-8,2
899	01.09.2025 13:38:58,000	17,17	1,23	31,4	-9,7	48,9	0	-12,8
900	01.09.2025 13:38:59,000	17,14	1,23	30,2	-10,8	49,0	0	-14,3
901	01.09.2025 13:39:00,000	17,11	1,23	31,5	-9,2	49,3	0	-12,2
902	01.09.2025 13:39:01,000	17,11	1,25	34,1	-4,9	50,9	0	-6,4
903	01.09.2025 13:39:02,000	17,11	1,25	34,0	-6,4	49,6	0	-8,5
904	01.09.2025 13:39:03,000	17,05	1,31	33,4	-6,9	49,7	0	-9,1
905	01.09.2025 13:39:04,000	16,96	1,33	31,2	-11,1	47,8	0	-14,9
906	01.09.2025 13:39:05,000	16,84	1,34	32,8	-8,9	48,3	0	-12,0
907	01.09.2025 13:39:06,000	16,72	1,40	36,5	-6,2	47,3	0	-8,5
908	01.09.2025 13:39:07,000	16,63	1,40	36,0	-7,9	46,1	0	-11,1
909	01.09.2025 13:39:08,000	16,54	1,50	31,6	-10,0	48,4	0	-13,5
910	01.09.2025 13:39:09,000	16,33	1,47	32,7	-9,7	47,7	0	-13,1
911	01.09.2025 13:39:10,000	16,27	1,44	35,6	-7,5	46,9	0	-10,3
912	01.09.2025 13:39:11,000	16,23	1,46	37,0	-7,9	45,1	0	-11,2
913	01.09.2025 13:39:12,000	16,20	1,48	33,4	-7,2	49,4	0	-9,6
914	01.09.2025 13:39:13,000	16,17	1,48	31,3	-8,5	50,1	0	-11,2
915	01.09.2025 13:39:14,000	16,05	1,52	32,1	-9,5	48,4	0	-12,8
916	01.09.2025 13:39:15,000	15,90	1,64	34,3	-7,1	48,6	0	-9,5
917	01.09.2025 13:39:16,000	15,63	1,58	33,0	-8,9	48,1	0	-12,1
918	01.09.2025 13:39:17,000	15,54	1,57	31,8	-9,8	48,4	0	-13,1
919	01.09.2025 13:39:18,000	15,44	1,59	29,3	-9,2	51,5	0	-11,8
920	01.09.2025 13:39:19,000	15,41	1,61	32,4	-6,6	50,9	0	-8,6
921	01.09.2025 13:39:20,000	15,38	1,58	31,2	-7,5	51,2	0	-9,8
922	01.09.2025 13:39:21,000	15,38	1,63	29,8	-8,9	51,3	0	-11,5
923	01.09.2025 13:39:22,000	15,32	1,65	31,0	-7,4	51,6	0	-9,6
924	01.09.2025 13:39:23,000	15,29	1,67	28,5	-8,7	52,7	0	-11,1
925	01.09.2025 13:39:24,000	15,26	1,66	27,9	-8,2	53,8	0	-10,3
926	01.09.2025 13:39:25,000	15,26	1,69	28,4	-8,1	53,5	0	-10,2
927	01.09.2025 13:39:26,000	15,20	1,68	27,6	-7,3	55,1	0	-9,0
928	01.09.2025 13:39:27,000	15,14	1,74	28,4	-7,1	54,4	0	-8,9
929	01.09.2025 13:39:28,000	15,05	1,76	29,8	-5,8	54,4	0	-7,2
930	01.09.2025 13:39:29,000	14,98	1,78	28,0	-6,9	55,1	0	-8,5
931	01.09.2025 13:39:30,000	14,86	1,79	26,8	-7,4	55,7	0	-9,1
932	01.09.2025 13:39:31,000	14,74	1,83	30,3	-4,8	54,9	0	-5,9
933	01.09.2025 13:39:32,000	14,58	1,86	27,5	-7,0	55,5	0	-8,6
934	01.09.2025 13:39:33,000	14,43	1,88	28,3	-6,0	55,6	0	-7,4
935	01.09.2025 13:39:34,000	14,34	1,89	29,2	-6,6	54,1	0	-8,3
936	01.09.2025 13:39:35,000	14,21	1,95	27,0	-9,5	53,5	0	-11,9
937	01.09.2025 13:39:36,000	14,12	1,94	27,7	-8,6	53,6	0	-10,9
938	01.09.2025 13:39:37,000	14,00	1,96	26,8	-9,3	53,9	0	-11,7
939	01.09.2025 13:39:38,000	13,90	1,98	28,0	-6,9	55,1	0	-8,5
940	01.09.2025 13:39:39,000	13,84	1,97	25,5	-7,5	56,9	0	-9,1
941	01.09.2025 13:39:40,000	13,78	2,01	28,3	-10,1	51,6	0	-12,9
942	01.09.2025 13:39:41,000	13,69	2,01	26,0	-14,3	49,7	0	-18,5
943	01.09.2025 13:39:42,000	13,65	2,07	28,8	-12,9	48,4	0	-17,1
944	01.09.2025 13:39:43,000	13,59	2,09	29,5	-14,5	46,0	0	-19,7
945	01.09.2025 13:39:44,000	13,59	2,09	31,6	-12,9	45,5	0	-17,8
946	01.09.2025 13:39:45,000	13,53	2,22	28,0	-16,4	45,6	0	-22,1
947	01.09.2025 13:39:46,000	13,31	2,20	33,7	-9,2	47,1	0	-12,5
948	01.09.2025 13:39:47,000	13,15	2,24	34,3	-10,3	45,4	0	-14,4
949	01.09.2025 13:39:48,000	13,12	2,24	30,0	-14,5	45,5	0	-19,9
950	01.09.2025 13:39:49,000	13,00	2,23	29,8	-13,6	46,6	0	-18,4
951	01.09.2025 13:39:50,000	12,87	2,35	31,1	-11,3	47,6	0	-15,2
952	01.09.2025 13:39:51,000	12,78	2,35	27,4	-17,4	45,1	0	-23,5
953	01.09.2025 13:39:52,000	12,65	2,32	32,6	-10,3	47,2	0	-14,0
954	01.09.2025 13:39:53,000	12,55	2,38	29,9	-9,6	50,5	0	-12,5
955	01.09.2025 13:39:54,000	12,46	2,39	31,9	-9,0	49,2	0	-11,9
956	01.09.2025 13:39:55,000	12,36	2,39	25,7	-16,8	47,6	0	-21,9
957	01.09.2025 13:39:56,000	12,36	2,45	30,9	-11,7	47,4	0	-15,8
958	01.09.2025 13:39:57,000	12,33	2,45	25,9	-13,5	50,6	0	-17,3
959	01.09.2025 13:39:58,000	12,30	2,47	24,8	-11,4	53,8	0	-14,2
960	01.09.2025 13:39:59,000	12,21	2,49	27,5	-9,9	52,6	0	-12,6
961	01.09.2025 13:40:00,000	12,14	2,51	25,2	-13,3	51,6	0	-16,8
962	01.09.2025 13:40:01,000	12,11	2,50	27,7	-12,4	49,9	0	-16,1
963	01.09.2025 13:40:02,000	12,11	2,53	26,7	-12,5	50,8	0	-16,0
964	01.09.2025 13:40:03,000	12,11	2,50	24,3	-11,1	54,6	0	-13,7
965	01.09.2025 13:40:04,000	12,14	2,53	25,3	-11,3	53,4	0	-14,2
966	01.09.2025 13:40:05,000	12,14	2,55	24,9	-10,5	54,6	0	-13,1
967	01.09.2025 13:40:06,000	12,14	2,60	26,0	-10,6	53,3	0	-13,4
968	01.09.2025 13:40:07,000	11,95	2,74	25,5	-9,8	54,6	0	-12,2
969	01.09.2025 13:40:08,000	11,69	2,77	24,3	-11,4	54,3	0	-14,1
970	01.09.2025 13:40:09,000	11,57	2,74	25,7	-10,5	53,8	0	-13,1
971	01.09.2025 13:40:10,000	11,53	2,76	26,4	-9,6	54,0	0	-12,0
972	01.09.2025 13:40:11,000	11,34	2,79	28,1	-8,0	53,9	0	-10,0
973	01.09.2025 13:40:12,000	11,15	2,82	26,8	-6,5	56,7	0	-7,9
974	01.09.2025 13:40:13,000	10,99	2,83	28,0	-6,0	56,0	0	-7,4
975	01.09.2025 13:40:14,000	10,82	2,87	27,2	-9,3	53,5	0	-11,7
976	01.09.2025 13:40:15,000	10,73	2,88	33,7	-5,1	51,2	0	-6,6
977	01.09.2025 13:40:16,000	10,63	2,92	29,8	-5,5	54,6	0	-6,9
978	01.09.2025 13:40:17,000	10,50	2,98	23,9	-7,8	58,2	0	-9,4
979	01.09.2025 13:40:18,000	10,34	2,99	25,3	-8,8	55,9	1	-10,7
980	01.09.2025 13:40:19,000	10,20	2,98	33,5	-7,7	48,8	0	-10,3
981	01.09.2025 13:40:20,000	10,07	2,97	26,9	-13,6	49,5	0	-17,7
982	01.09.2025 13:40:21,000	10,04	2,97	27,8	-14,0	48,2	0	-18,5
983	01.09.2025 13:40:22,000	9,97	3,01	25,7	-13,2	51,2	0	-16,8
984	01.09.2025 13:40:23,000	9,97	3,01	25,0	-13,9	51,2	0	-17,6
985	01.09.2025 13:40:24,000	9,94	3,08	33,7	-8,6	47,7	0	-11,6
986	01.09.2025 13:40:25,000	9,81	3,25	26,7	-16,9	46,4	0	-22,4
987	01.09.2025 13:40:26,000	9,61	3,14	32,6	-13,8	43,6	0	-19,6
988	01.09.2025 13:40:27,000	9,54	3,14	30,7	-14,6	44,8	0	-20,1
989	01.09.2025 13:40:28,000	9,44	3,20	31,1	-10,5	48,5	0	-14,0
990	01.09.2025 13:40:29,000	9,15	3,18	31,8	-8,2	50,0	0	-10,7
991	01.09.2025 13:40:30,000	9,04	3,26	31,3	-8,4	50,3	0	-10,9
992	01.09.2025 13:40:31,000	8,94	3,24	33,3	-8,0	48,7	0	-10,7
993	01.09.2025 13:40:32,000	8,91	3,23	33,7	-7,7	48,6	0	-10,4
994	01.09.2025 13:40:33,000	8,84	3,25	36,6	-4,4	49,0	0	-5,9
995	01.09.2025 13:40:34,000	8,81	3,29	37,3	-3,1	49,6	0	-4,1
996	01.09.2025 13:40:35,000	8,68	3,28	38,7	-4,0	47,3	0	-5,5
997	01.09.2025 13:40:36,000	8,64	3,28	38,5	-4,3	47,3	0	-5,8
998	01.09.2025 13:40:37,000	8,57	3,32	43,0	-1,9	45,1	0	-2,7
999	01.09.2025 13:40:38,000	8,47	3,36	41,1	-0,8	48,1	0	-1,1
1000	01.09.2025 13:40:39,000	8,34	3,37	41,5	-2,2	46,3	0	-3,1
1001	01.09.2025 13:40:40,000	8,24	3,39	45,3	-2,2	42,5	0	-3,3
1002	01.09.2025 13:40:41,000	8,17	3,43	47,2	-0,7	42,1	0	-1,0
1003	01.09.2025 13:40:42,000	8,10	3,49	41,6	1,1	47,3	0	1,5
1004	01.09.2025 13:40:43,000	7,96	3,46	44,9	-1,2	43,9	0	-1,7
1005	01.09.2025 13:40:44,000	7,86	3,50	48,6	1,4	40,1	0	2,1
1006	01.09.2025 13:40:45,000	7,72	3,56	48,5	-0,6	40,9	0	-0,9
1007	01.09.2025 13:40:46,000	7,65	3,51	46,1	1,1	42,8	0	1,7
1008	01.09.2025 13:40:47,000	7,62	3,53	46,6	0,6	42,8	0	0,9
1009	01.09.2025 13:40:48,000	7,52	3,54	49,2	1,8	39,0	0	2,9
1010	01.09.2025 13:40:49,000	7,41	3,58	50,0	1,6	38,4	0	2,5
1011	01.09.2025 13:40:50,000	7,41	3,58	49,1	1,3	39,6	0	2,1
1012	01.09.2025 13:40:51,000	7,41	3,63	48,5	1,3	40,2	0	2,0
1013	01.09.2025 13:40:52,000	7,41	3,63	49,4	1,8	38,8	0	2,9
1014	01.09.2025 13:40:53,000	7,41	3,67	48,4	2,0	39,6	0	3,2
1015	01.09.2025 13:40:54,000	7,45	3,67	46,6	2,0	41,4	0	3,0
1016	01.09.2025 13:40:55,000	7,45	3,72	52,5	1,9	35,6	0	3,3
1017	01.09.2025 13:40:56,000	7,41	3,74	54,2	1,9	34,0	0	3,3
1018	01.09.2025 13:40:57,000	7,38	3,74	45,4	1,3	43,3	0	2,0
1019	01.09.2025 13:40:58,000	7,34	3,76	46,8	3,0	40,1	0	4,7
1020	01.09.2025 13:40:59,000	7,24	3,84	53,9	3,4	32,7	0	6,3
1021	01.09.2025 13:41:00,000	7,07	3,90	52,4	2,1	35,6	0	3,6
1022	01.09.2025 13:41:01,000	7,03	3,89	47,4	2,3	40,2	0	3,6
1023	01.09.2025 13:41:02,000	7,03	3,92	49,3	1,8	38,8	0	2,9
1024	01.09.2025 13:41:03,000	6,93	3,95	49,9	2,2	37,9	0	3,5
1025	01.09.2025 13:41:04,000	6,89	3,93	48,7	4,1	37,2	0	6,7
1026	01.09.2025 13:41:05,000	6,86	3,97	52,3	3,7	33,9	0	6,7
1027	01.09.2025 13:41:06,000	6,86	3,99	52,0	2,1	35,9	0	3,5
1028	01.09.2025 13:41:07,000	6,82	4,02	45,8	2,5	41,7	0	3,7
1029	01.09.2025 13:41:08,000	6,82	4,06	48,5	2,5	39,0	0	3,9
1030	01.09.2025 13:41:09,000	6,79	4,10	53,1	3,9	33,1	0	7,1
1031	01.09.2025 13:41:10,000	6,75	4,12	50,8	3,2	36,0	0	5,4
1032	01.09.2025 13:41:11,000	6,75	4,17	46,3	2,8	40,9	0	4,3
1033	01.09.2025 13:41:12,000	6,79	4,17	49,9	2,5	37,7	0	4,1
1034	01.09.2025 13:41:13,000	6,79	4,19	53,1	2,0	34,9	0	3,5
1035	01.09.2025 13:41:14,000	6,75	4,21	50,3	1,4	38,3	0	2,3
1036	01.09.2025 13:41:15,000	6,75	4,26	48,0	2,4	39,6	0	3,7
1037	01.09.2025 13:41:16,000	6,75	4,26	49,9	3,4	36,7	0	5,7
1038	01.09.2025 13:41:17,000	6,72	4,32	49,8	2,3	38,0	0	3,7
1039	01.09.2025 13:41:18,000	6,68	4,34	51,3	0,2	38,5	0	0,4
1040	01.09.2025 13:41:19,000	6,68	4,39	57,3	0,7	32,0	0	1,3
1041	01.09.2025 13:41:20,000	6,68	4,41	55,8	0,3	34,0	0	0,5
1042	01.09.2025 13:41:21,000	6,68	4,41	45,5	-1,0	43,5	0	-1,4
1043	01.09.2025 13:41:22,000	6,65	4,45	47,6	-1,2	41,2	0	-1,8
1044	01.09.2025 13:41:23,000	6,40	4,55	62,7	-0,7	26,6	0	-1,6
1045	01.09.2025 13:41:24,000	6,19	4,58	55,7	-0,1	34,2	0	-0,2
1046	01.09.2025 13:41:25,000	6,12	4,53	43,8	-0,2	46,1	0	-0,2
1047	01.09.2025 13:41:26,000	5,98	4,61	49,1	2,1	38,9	0	3,3
1048	01.09.2025 13:41:27,000	5,87	4,63	59,9	1,7	28,3	0	3,6
1049	01.09.2025 13:41:28,000	5,80	4,62	53,4	0,6	36,0	0	1,0
1050	01.09.2025 13:41:29,000	5,84	4,62	33,4	1,8	54,7	1	2,3
1051	01.09.2025 13:41:30,000	5,80	4,64	16,7	0,1	73,2	1	0,1
1052	01.09.2025 13:41:31,000	5,73	4,64	0,6	5,1	84,3	0	5,1
1053	01.09.2025 13:41:32,000	5,69	4,64	7,3	25,6	57,0	1	27,8
1054	01.09.2025 13:41:33,000	5,69	4,61	-0,2	-4,2	85,6	0	-4,2
1055	01.09.2025 13:41:34,000	5,69	4,61	-1,5	-4,1	84,4	0	-4,1
1056	01.09.2025 13:41:35,000	5,69	4,64	11,1	5,9	73,0	0	6,4
1057	01.09.2025 13:41:36,000	5,69	4,61	-7,0	-5,9	77,1	0	-6,2
1058	01.09.2025 13:41:37,000	5,69	4,61	-0,8	-5,7	83,5	1	-5,7
1059	01.09.2025 13:41:38,000	5,69	4,64	6,5	-6,3	77,2	1	-6,6
1060	01.09.2025 13:41:39,000	5,69	4,59	4,2	0,8	85,0	0	0,8
1061	01.09.2025 13:41:40,000	5,69	4,57	-3,0	-10,0	76,9	1	-10,4
1062	01.09.2025 13:41:41,000	5,66	4,61	5,6	-5,5	78,9	0	-5,8
1063	01.09.2025 13:41:42,000	5,66	4,61	-3,3	-12,6	74,1	1	-13,1
1064	01.09.2025 13:41:43,000	5,62	4,65	-7,8	-2,6	79,6	0	-2,7
1065	01.09.2025 13:41:44,000	5,62	4,63	-1,7	3,3	85,0	0	3,4
1066	01.09.2025 13:41:45,000	5,66	4,61	-8,4	-2,8	78,7	0	-2,9
1067	01.09.2025 13:41:46,000	5,69	4,61	1,7	-3,0	85,3	0	-3,1
1068	01.09.2025 13:41:47,000	5,69	4,61	14,9	-6,6	68,5	0	-7,3
1069	01.09.2025 13:41:48,000	5,66	4,63	-4,2	0,2	85,6	0	0,2
1070	01.09.2025 13:41:49,000	5,62	4,61	-1,2	-2,1	86,8	1	-2,1
1071	01.09.2025 13:41:50,000	5,59	4,58	-13,4	-8,8	67,8	0	-9,8
1072	01.09.2025 13:41:51,000	5,55	4,61	-25,7	-10,9	53,4	1	-13,7
1073	01.09.2025 13:41:52,000	5,55	4,61	2,5	-4,4	83,0	1	-4,5
1074	01.09.2025 13:41:53,000	5,51	4,60	1,8	-5,1	83,1	0	-5,2
1075	01.09.2025 13:41:54,000	5,51	4,63	4,1	-4,7	81,2	0	-4,9
1076	01.09.2025 13:41:55,000	5,51	4,63	4,4	-11,3	74,4	0	-11,8
1077	01.09.2025 13:41:56,000	5,51	4,60	0,6	-11,3	78,1	0	-11,4
1078	01.09.2025 13:41:57,000	5,51	4,63	0,3	-11,3	78,4	0	-11,3
1079	01.09.2025 13:41:58,000	5,48	4,62	1,5	-12,1	76,5	0	-12,2
1080	01.09.2025 13:41:59,000	5,37	4,59	-5,0	-15,4	69,6	0	-16,2
1081	01.09.2025 13:42:00,000	5,26	4,63	4,3	-18,3	67,4	0	-19,2
1082	01.09.2025 13:42:01,000	5,19	4,63	15,7	-8,4	65,9	1	-9,5
1083	01.09.2025 13:42:02,000	5,19	4,58	11,6	2,5	76,0	0	2,6
1084	01.09.2025 13:42:03,000	5,19	4,60	-7,8	-11,0	71,2	0	-11,8
1085	01.09.2025 13:42:04,000	5,12	4,60	-0,7	-16,4	72,8	0	-16,6
1086	01.09.2025 13:42:05,000	5,08	4,62	0,4	-17,6	71,9	0	-17,7
1087	01.09.2025 13:42:06,000	5,08	4,60	5,3	-15,6	69,1	0	-16,4
1088	01.09.2025 13:42:07,000	5,04	4,57	6,7	-7,6	75,7	1	-8,0
1089	01.09.2025 13:42:08,000	5,04	4,59	-13,4	-4,8	71,9	1	-5,1
1090	01.09.2025 13:42:09,000	5,01	4,59	-6,0	5,2	78,9	0	5,4
1091	01.09.2025 13:42:10,000	4,97	4,59	-4,8	0,3	84,9	0	0,3
1092	01.09.2025 13:42:11,000	4,94	4,59	-11,3	-2,4	76,3	0	-2,6
1093	01.09.2025 13:42:12,000	4,94	4,56	3,0	-2,1	84,9	0	-2,1
1094	01.09.2025 13:42:13,000	4,94	4,56	-10,0	-4,3	75,7	0	-4,5
1095	01.09.2025 13:42:14,000	4,97	4,59	-15,5	-1,4	73,1	0	-1,5
1096	01.09.2025 13:42:15,000	4,94	4,56	-2,3	-4,6	83,0	0	-4,7
1097	01.09.2025 13:42:16,000	4,94	4,56	8,2	-7,4	74,4	1	-7,9
1098	01.09.2025 13:42:17,000	4,90	4,56	-3,0	-5,6	81,4	0	-5,7
1099	01.09.2025 13:42:18,000	4,90	4,56	-5,7	-5,3	78,9	0	-5,6
1100	01.09.2025 13:42:19,000	4,90	4,58	1,6	-11,8	76,6	0	-12,0
1101	01.09.2025 13:42:20,000	4,94	4,56	-1,8	-9,2	78,9	1	-9,4
1102	01.09.2025 13:42:21,000	4,94	4,56	1,8	-3,4	84,8	0	-3,5
1103	01.09.2025 13:42:22,000	4,86	4,56	-6,2	-8,6	75,2	0	-9,0
1104	01.09.2025 13:42:23,000	4,83	4,53	3,0	-5,8	81,2	0	-5,9
1105	01.09.2025 13:42:24,000	4,83	4,56	7,2	-5,7	77,1	0	-6,0
1106	01.09.2025 13:42:25,000	4,83	4,56	4,5	-7,2	78,3	1	-7,5
1107	01.09.2025 13:42:26,000	4,83	4,53	-8,8	0,8	80,4	0	0,8
1108	01.09.2025 13:42:27,000	4,83	4,53	-8,5	-1,5	80,0	0	-1,6
1109	01.09.2025 13:42:28,000	4,83	4,56	3,3	-14,7	72,0	0	-15,2
1110	01.09.2025 13:42:29,000	4,83	4,56	7,0	-9,3	73,7	0	-9,9
1111	01.09.2025 13:42:30,000	4,83	4,56	-2,1	-17,7	70,2	0	-18,1
1112	01.09.2025 13:42:31,000	4,79	4,55	-2,5	-2,0	85,5	1	-2,0
1113	01.09.2025 13:42:32,000	4,79	4,55	-1,2	-8,1	80,7	0	-8,2
1114	01.09.2025 13:42:33,000	4,79	4,55	2,6	-0,6	86,7	1	-0,7
1115	01.09.2025 13:42:34,000	4,79	4,55	-5,3	-9,2	75,5	0	-9,6
1116	01.09.2025 13:42:35,000	4,79	4,55	6,8	-0,1	83,1	1	-0,1
1117	01.09.2025 13:42:36,000	4,75	4,57	3,1	-7,2	79,7	0	-7,4
1118	01.09.2025 13:42:37,000	4,75	4,55	-30,5	0,7	58,8	1	0,8
1119	01.09.2025 13:42:38,000	4,72	4,55	0,2	0,6	89,3	0	0,6
1120	01.09.2025 13:42:39,000	4,68	4,53	-3,5	-2,0	84,5	1	-2,0
1121	01.09.2025 13:42:40,000	4,64	4,55	-2,3	-0,2	87,5	0	-0,2
1122	01.09.2025 13:42:41,000	4,61	4,54	-10,6	0,4	79,0	1	0,4
1123	01.09.2025 13:42:42,000	4,57	4,54	-7,4	3,5	79,0	0	3,7
1124	01.09.2025 13:42:43,000	4,53	4,58	-8,1	-7,0	75,0	0	-7,4
1125	01.09.2025 13:42:44,000	4,53	4,52	-10,3	-7,6	72,1	0	-8,2
1126	01.09.2025 13:42:45,000	4,50	4,54	4,3	-9,1	76,7	0	-9,4
1127	01.09.2025 13:42:46,000	4,50	4,54	-8,2	-12,8	69,0	0	-13,9
1128	01.09.2025 13:42:47,000	4,50	4,54	2,6	-8,8	78,6	0	-9,0
1129	01.09.2025 13:42:48,000	4,50	4,56	10,9	1,7	77,4	0	1,7
1130	01.09.2025 13:42:49,000	4,46	4,53	-16,9	-2,7	70,3	0	-3,0
1131	01.09.2025 13:42:50,000	4,39	4,55	-26,8	1,3	61,9	1	1,5
1132	01.09.2025 13:42:51,000	4,35	4,55	-4,4	-7,6	78,0	1	-7,9
1133	01.09.2025 13:42:52,000	4,35	4,53	-3,1	-0,5	86,4	0	-0,5
1134	01.09.2025 13:42:53,000	4,31	4,55	-3,9	-14,6	71,5	0	-15,2
1135	01.09.2025 13:42:54,000	4,31	4,55	-3,8	-11,6	74,6	0	-12,0
1136	01.09.2025 13:42:55,000	4,31	4,55	7,7	-9,1	73,3	0	-9,7
1137	01.09.2025 13:42:56,000	4,35	4,53	-1,7	-2,5	85,8	0	-2,6
1138	01.09.2025 13:42:57,000	4,35	4,53	4,2	-6,4	79,5	1	-6,6
1139	01.09.2025 13:42:58,000	4,31	4,55	-19,4	2,6	68,0	0	2,9
1140	01.09.2025 13:42:59,000	4,31	4,52	-6,5	-2,3	81,2	0	-2,4
1141	01.09.2025 13:43:00,000	4,31	4,55	8,8	0,4	80,8	0	0,4
1142	01.09.2025 13:43:01,000	4,31	4,55	-3,7	0,3	86,0	1	0,3
1143	01.09.2025 13:43:02,000	4,28	4,54	5,5	2,7	81,8	0	2,8
1144	01.09.2025 13:43:03,000	4,28	4,54	-8,8	-7,7	73,5	0	-8,2
1145	01.09.2025 13:43:04,000	4,24	4,54	1,5	-1,8	86,6	0	-1,8
1146	01.09.2025 13:43:05,000	4,24	4,54	-3,6	-5,4	81,0	0	-5,5
1147	01.09.2025 13:43:06,000	4,24	4,50	9,9	-7,3	72,8	1	-7,8
1148	01.09.2025 13:43:07,000	4,20	4,54	-4,8	-7,1	78,1	1	-7,4
1149	01.09.2025 13:43:08,000	4,20	4,56	-7,6	-6,3	76,2	0	-6,6
1150	01.09.2025 13:43:09,000	4,17	4,54	-2,5	-1,3	86,1	0	-1,4
1151	01.09.2025 13:43:10,000	4,17	4,51	-1,7	-9,6	78,7	0	-9,8
1152	01.09.2025 13:43:11,000	4,17	4,54	-0,4	-7,4	82,2	0	-7,4
1153	01.09.2025 13:43:12,000	4,13	4,51	-5,3	-9,5	75,1	0	-10,0
1154	01.09.2025 13:43:13,000	4,13	4,56	-15,3	1,1	73,6	0	1,2
1155	01.09.2025 13:43:14,000	4,13	4,51	-5,9	-6,9	77,2	0	-7,3
1156	01.09.2025 13:43:15,000	4,13	4,53	-13,2	1,6	75,2	0	1,7
1157	01.09.2025 13:43:16,000	4,13	4,53	-3,4	-0,8	85,8	0	-0,8
1158	01.09.2025 13:43:17,000	4,13	4,49	-7,2	-1,3	81,5	0	-1,3
1159	01.09.2025 13:43:18,000	4,13	4,53	6,8	-3,1	80,0	0	-3,2
1160	01.09.2025 13:43:19,000	4,09	4,53	-1,6	-3,8	84,5	1	-3,9
1161	01.09.2025 13:43:20,000	4,09	4,53	-8,9	4,8	76,3	1	5,1
1162	01.09.2025 13:43:21,000	4,09	4,53	6,1	-1,4	82,6	1	-1,4
1163	01.09.2025 13:43:22,000	4,05	4,51	-9,0	-2,5	78,5	0	-2,6
1164	01.09.2025 13:43:23,000	4,05	4,51	-15,3	-5,9	68,9	1	-6,4
1165	01.09.2025 13:43:24,000	4,02	4,53	5,6	-11,5	73,0	0	-12,1
1166	01.09.2025 13:43:25,000	3,98	4,52	-2,4	-4,8	82,8	0	-4,9
1167	01.09.2025 13:43:26,000	3,98	4,50	-1,3	-5,0	83,7	1	-5,1
1168	01.09.2025 13:43:27,000	3,98	4,52	3,7	-9,3	77,0	1	-9,7
1169	01.09.2025 13:43:28,000	4,02	4,50	-1,2	1,6	87,2	1	1,7
1170	01.09.2025 13:43:29,000	4,02	4,48	0,3	-6,6	83,1	0	-6,6
1171	01.09.2025 13:43:30,000	4,02	4,53	-3,7	11,8	74,5	1	12,2
1172	01.09.2025 13:43:31,000	4,02	4,50	-2,2	-7,8	80,0	0	-8,0
1173	01.09.2025 13:43:32,000	3,98	4,50	-2,7	-8,1	79,2	1	-8,3
1174	01.09.2025 13:43:33,000	3,94	4,54	-9,0	-3,4	77,6	0	-3,6
1175	01.09.2025 13:43:34,000	3,91	4,54	5,3	-8,8	75,9	0	-9,2
1176	01.09.2025 13:43:35,000	3,91	4,52	-1,9	-6,8	81,3	0	-6,9
1177	01.09.2025 13:43:36,000	3,87	4,54	3,4	-1,7	84,9	1	-1,7
1178	01.09.2025 13:43:37,000	3,83	4,51	3,3	-5,7	81,0	0	-5,9
1179	01.09.2025 13:43:38,000	3,83	4,49	3,2	2,4	84,4	0	2,4
1180	01.09.2025 13:43:39,000	3,83	4,51	-6,6	-9,7	73,7	0	-10,2
1181	01.09.2025 13:43:40,000	3,83	4,49	-11,6	-4,2	74,2	1	-4,5
1182	01.09.2025 13:43:41,000	3,83	4,51	-2,2	-17,3	70,4	0	-17,8
1183	01.09.2025 13:43:42,000	3,79	4,51	2,6	-7,7	79,7	0	-7,9
1184	01.09.2025 13:43:43,000	3,79	4,51	-0,1	-9,5	80,4	0	-9,5
1185	01.09.2025 13:43:44,000	3,76	4,51	-3,5	-10,3	76,2	0	-10,7
1186	01.09.2025 13:43:45,000	3,76	4,49	-0,2	-13,6	76,2	0	-13,7
1187	01.09.2025 13:43:46,000	3,72	4,48	-0,6	-14,7	74,8	0	-14,8
1188	01.09.2025 13:43:47,000	3,72	4,53	8,5	-11,3	70,2	0	-12,2
1189	01.09.2025 13:43:48,000	3,72	4,48	-2,0	-10,7	77,3	0	-10,9
1190	01.09.2025 13:43:49,000	3,68	4,48	-0,7	-10,1	79,1	0	-10,2
1191	01.09.2025 13:43:50,000	3,68	4,50	0,6	-11,3	78,2	0	-11,3
1192	01.09.2025 13:43:51,000	3,68	4,48	4,1	-5,3	80,6	0	-5,5
1193	01.09.2025 13:43:52,000	3,68	4,48	-4,9	-11,0	74,1	0	-11,5
1194	01.09.2025 13:43:53,000	3,68	4,48	6,1	-6,7	77,2	0	-7,1
1195	01.09.2025 13:43:54,000	3,68	4,48	3,1	-8,5	78,4	0	-8,7
1196	01.09.2025 13:43:55,000	3,72	4,51	-4,5	-13,6	71,9	0	-14,2
1197	01.09.2025 13:43:56,000	3,72	4,48	4,4	-5,6	80,1	1	-5,8
1198	01.09.2025 13:43:57,000	3,72	4,51	-5,9	-10,6	73,5	0	-11,2
1199	01.09.2025 13:43:58,000	3,72	4,48	2,3	-6,3	81,3	0	-6,5
1200	01.09.2025 13:43:59,000	3,72	4,48	-5,2	-4,2	80,6	0	-4,3
1201	01.09.2025 13:44:00,000	3,72	4,51	9,8	-13,0	67,2	0	-14,2
1202	01.09.2025 13:44:01,000	3,72	4,48	5,3	-11,5	73,2	0	-12,1
1203	01.09.2025 13:44:02,000	3,68	4,48	-10,9	-1,1	78,0	1	-1,1
1204	01.09.2025 13:44:03,000	3,68	4,50	1,5	-4,2	84,3	0	-4,3
1205	01.09.2025 13:44:04,000	3,68	4,48	-10,2	-7,0	72,8	0	-7,5
1206	01.09.2025 13:44:05,000	3,68	4,50	4,5	-11,0	74,5	0	-11,5
1207	01.09.2025 13:44:06,000	3,68	4,48	5,7	-3,1	81,3	0	-3,2
1208	01.09.2025 13:44:07,000	3,68	4,50	3,7	-9,0	77,4	0	-9,3
1209	01.09.2025 13:44:08,000	3,65	4,48	3,4	-18,5	68,1	0	-19,2
1210	01.09.2025 13:44:09,000	3,65	4,48	-3,9	-13,5	72,7	0	-14,0
1211	01.09.2025 13:44:10,000	3,65	4,48	-5,1	-5,9	79,0	0	-6,2
1212	01.09.2025 13:44:11,000	3,61	4,48	4,1	-8,9	77,1	0	-9,2
1213	01.09.2025 13:44:12,000	3,61	4,48	-10,5	-7,3	72,2	0	-7,9
1214	01.09.2025 13:44:13,000	3,57	4,50	2,6	-10,2	77,2	0	-10,5
1215	01.09.2025 13:44:14,000	3,57	4,50	3,3	-9,3	77,3	0	-9,7
1216	01.09.2025 13:44:15,000	3,57	4,50	6,9	-4,8	78,3	0	-5,0
1217	01.09.2025 13:44:16,000	3,53	4,49	-2,4	-10,3	77,4	0	-10,5
1218	01.09.2025 13:44:17,000	3,53	4,49	-6,2	-7,4	76,4	0	-7,7
1219	01.09.2025 13:44:18,000	3,50	4,49	-7,8	-0,5	81,7	1	-0,5
1220	01.09.2025 13:44:19,000	3,50	4,49	12,4	-6,8	70,8	0	-7,4
1221	01.09.2025 13:44:20,000	3,46	4,49	2,3	-4,5	83,2	0	-4,6
1222	01.09.2025 13:44:21,000	3,46	4,49	-1,2	-10,7	78,1	0	-10,9
1223	01.09.2025 13:44:22,000	3,46	4,49	3,3	-8,6	78,1	1	-8,9
1224	01.09.2025 13:44:23,000	3,46	4,49	-3,5	-5,6	80,8	1	-5,8
1225	01.09.2025 13:44:24,000	3,46	4,47	-12,8	-4,8	72,4	0	-5,1
1226	01.09.2025 13:44:25,000	3,46	4,49	-2,3	-2,8	85,0	0	-2,8
1227	01.09.2025 13:44:26,000	3,46	4,51	-5,5	-3,0	81,6	0	-3,1
1228	01.09.2025 13:44:27,000	3,42	4,49	4,2	-1,8	84,0	1	-1,9
1229	01.09.2025 13:44:28,000	3,42	4,46	-2,4	-3,6	84,0	0	-3,7
1230	01.09.2025 13:44:29,000	3,42	4,49	-9,9	-6,8	73,3	0	-7,3
1231	01.09.2025 13:44:30,000	3,42	4,49	7,1	-12,8	70,1	0	-13,7
1232	01.09.2025 13:44:31,000	3,42	4,46	3,5	-8,5	78,0	1	-8,7
1233	01.09.2025 13:44:32,000	3,42	4,49	7,9	-12,1	70,0	0	-13,0
1234	01.09.2025 13:44:33,000	3,42	4,46	13,5	-5,4	71,1	1	-5,8
1235	01.09.2025 13:44:34,000	3,42	4,46	-8,0	-4,1	77,9	1	-4,2
1236	01.09.2025 13:44:35,000	3,42	4,49	6,5	-7,6	76,0	0	-8,0
1237	01.09.2025 13:44:36,000	3,38	4,46	-3,5	-4,9	81,6	0	-5,0
1238	01.09.2025 13:44:37,000	3,38	4,48	2,9	-4,9	82,2	0	-5,0
1239	01.09.2025 13:44:38,000	3,38	4,48	1,2	-0,4	88,4	0	-0,4
1240	01.09.2025 13:44:39,000	3,34	4,48	-1,3	-5,1	83,6	0	-5,2
1241	01.09.2025 13:44:40,000	3,34	4,46	1,1	-9,4	79,5	0	-9,5
1242	01.09.2025 13:44:41,000	3,34	4,48	2,1	-8,4	79,5	1	-8,6
1243	01.09.2025 13:44:42,000	3,34	4,46	-4,2	-10,4	75,4	0	-10,8
1244	01.09.2025 13:44:43,000	3,34	4,50	-0,8	-7,9	81,3	0	-8,0
1245	01.09.2025 13:44:44,000	3,34	4,48	-2,6	-7,6	79,8	0	-7,8
1246	01.09.2025 13:44:45,000	3,34	4,48	-5,1	-9,1	75,7	0	-9,6
1247	01.09.2025 13:44:46,000	3,34	4,46	-0,1	-5,9	84,0	0	-5,9
1248	01.09.2025 13:44:47,000	3,34	4,46	-25,1	-10,5	54,4	1	-13,0
1249	01.09.2025 13:44:48,000	3,34	4,48	-16,3	-11,7	62,0	0	-13,5
1250	01.09.2025 13:44:49,000	3,34	4,48	-3,3	-8,3	78,4	0	-8,5
1251	01.09.2025 13:44:50,000	3,31	4,46	-7,1	-7,6	75,2	0	-8,1
1252	01.09.2025 13:44:51,000	3,31	4,46	1,9	-9,9	78,1	0	-10,1
1253	01.09.2025 13:44:52,000	3,31	4,46	-0,8	-9,4	79,8	1	-9,4
1254	01.09.2025 13:44:53,000	3,31	4,48	-5,5	-3,5	81,0	0	-3,6
1255	01.09.2025 13:44:54,000	3,31	4,48	-1,1	-2,2	86,6	0	-2,3
1256	01.09.2025 13:44:55,000	3,31	4,48	2,1	-12,4	75,5	0	-12,6
1257	01.09.2025 13:44:56,000	3,27	4,48	-3,0	-14,0	73,0	0	-14,5
1258	01.09.2025 13:44:57,000	3,27	4,48	12,5	-20,2	57,3	0	-23,0
1259	01.09.2025 13:44:58,000	3,27	4,48	-5,9	-9,6	74,5	0	-10,2
1260	01.09.2025 13:44:59,000	3,27	4,45	0,8	-14,9	74,3	0	-15,0
1261	01.09.2025 13:45:00,000	3,27	4,45	3,3	-15,8	70,9	0	-16,4
1262	01.09.2025 13:45:01,000	3,27	4,45	-6,1	-5,9	78,0	0	-6,2
1263	01.09.2025 13:45:02,000	3,27	4,45	-2,2	-7,6	80,1	1	-7,8
1264	01.09.2025 13:45:03,000	3,27	4,45	1,3	-8,1	80,6	0	-8,2
1265	01.09.2025 13:45:04,000	3,27	4,48	11,3	-6,9	71,8	0	-7,4
1266	01.09.2025 13:45:05,000	3,27	4,45	-4,9	-2,7	82,4	0	-2,8
1267	01.09.2025 13:45:06,000	3,27	4,48	-4,0	-7,4	78,6	0	-7,6
1268	01.09.2025 13:45:07,000	3,27	4,45	2,3	-9,7	78,0	0	-10,0
1269	01.09.2025 13:45:08,000	3,27	4,48	-6,2	-2,3	81,5	0	-2,4
1270	01.09.2025 13:45:09,000	3,27	4,48	5,3	-10,9	73,8	0	-11,5
1271	01.09.2025 13:45:10,000	3,23	4,47	-6,5	-10,9	72,6	0	-11,6
1272	01.09.2025 13:45:11,000	3,23	4,47	2,9	-13,1	74,1	0	-13,5
1273	01.09.2025 13:45:12,000	3,23	4,47	5,8	-12,1	72,1	0	-12,8
1274	01.09.2025 13:45:13,000	3,23	4,45	8,6	-14,0	67,4	0	-15,2
1275	01.09.2025 13:45:14,000	3,23	4,47	-4,2	-4,0	81,8	0	-4,1
1276	01.09.2025 13:45:15,000	3,23	4,45	-7,3	-5,2	77,6	0	-5,4
1277	01.09.2025 13:45:16,000	3,23	4,45	1,8	-11,7	76,5	1	-11,9
1278	01.09.2025 13:45:17,000	3,23	4,45	1,2	-6,5	82,2	1	-6,6
1279	01.09.2025 13:45:18,000	3,23	4,47	-2,5	-3,2	84,3	1	-3,3
1280	01.09.2025 13:45:19,000	3,23	4,45	-4,0	-0,5	85,5	0	-0,5
1281	01.09.2025 13:45:20,000	3,19	4,45	3,0	-6,2	80,8	1	-6,3
1282	01.09.2025 13:45:21,000	3,19	4,45	0,3	-8,2	81,5	0	-8,3
1283	01.09.2025 13:45:22,000	3,19	4,47	7,6	-9,3	73,0	1	-10,0
1284	01.09.2025 13:45:23,000	3,19	4,47	5,1	0,1	84,8	0	0,1
1285	01.09.2025 13:45:24,000	3,19	4,45	7,4	-8,5	74,1	0	-9,0
1286	01.09.2025 13:45:25,000	3,19	4,47	-2,7	-13,8	73,5	0	-14,2
1287	01.09.2025 13:45:26,000	3,19	4,47	11,8	-16,6	61,6	0	-18,7
1288	01.09.2025 13:45:27,000	3,19	4,47	-3,3	-16,7	69,9	0	-17,3
1289	01.09.2025 13:45:28,000	3,19	4,47	-2,5	-16,6	70,9	0	-17,1
1290	01.09.2025 13:45:29,000	3,16	4,45	3,3	-6,7	80,0	1	-6,9
1291	01.09.2025 13:45:30,000	3,16	4,47	-17,0	0,3	72,7	1	0,3
1292	01.09.2025 13:45:31,000	3,16	4,47	-5,8	-1,3	82,9	1	-1,3
1293	01.09.2025 13:45:32,000	3,16	4,45	-4,2	-3,6	82,2	0	-3,7
1294	01.09.2025 13:45:33,000	3,16	4,47	-2,5	-11,2	76,3	0	-11,5
1295	01.09.2025 13:45:34,000	3,16	4,47	-1,9	-5,3	82,9	0	-5,4
1296	01.09.2025 13:45:35,000	3,16	4,47	-2,9	-15,6	71,4	0	-16,1
1297	01.09.2025 13:45:36,000	3,16	4,45	6,2	-12,1	71,7	0	-12,8
1298	01.09.2025 13:45:37,000	3,12	4,47	3,8	-9,6	76,7	0	-9,9
1299	01.09.2025 13:45:38,000	3,12	4,47	4,4	-8,3	77,4	0	-8,6
1300	01.09.2025 13:45:39,000	3,12	4,44	0,0	-11,2	78,8	0	-11,2
1301	01.09.2025 13:45:40,000	3,08	4,44	-7,1	-22,5	60,3	0	-24,3
1302	01.09.2025 13:45:41,000	3,08	4,46	-1,8	-9,2	79,0	0	-9,4
1303	01.09.2025 13:45:42,000	3,08	4,46	-2,4	-14,6	73,0	0	-15,0
1304	01.09.2025 13:45:43,000	3,08	4,46	3,0	-8,8	78,3	0	-9,0
1305	01.09.2025 13:45:44,000	3,08	4,44	-8,0	-3,6	78,4	0	-3,8
1306	01.09.2025 13:45:45,000	3,08	4,46	-2,2	-6,0	81,8	1	-6,1
1307	01.09.2025 13:45:46,000	3,08	4,44	-3,9	-2,6	83,6	0	-2,6
1308	01.09.2025 13:45:47,000	3,08	4,49	11,5	0,6	77,9	0	0,6
1309	01.09.2025 13:45:48,000	3,04	4,46	-7,9	3,5	78,6	0	3,7
1310	01.09.2025 13:45:49,000	3,00	4,46	-10,8	2,6	76,6	0	2,7
1311	01.09.2025 13:45:50,000	2,97	4,46	-3,5	-1,8	84,8	0	-1,8
1312	01.09.2025 13:45:51,000	2,97	4,46	-0,1	-3,1	86,8	0	-3,1
1313	01.09.2025 13:45:52,000	2,97	4,46	0,8	-4,2	85,0	1	-4,2
1314	01.09.2025 13:45:53,000	2,97	4,43	-0,2	0,9	88,9	0	0,9
1315	01.09.2025 13:45:54,000	2,97	4,46	1,1	-9,0	79,9	0	-9,1
1316	01.09.2025 13:45:55,000	2,97	4,43	-2,8	-13,6	73,6	0	-14,0
1317	01.09.2025 13:45:56,000	2,97	4,43	-1,4	-12,4	76,2	1	-12,6
1318	01.09.2025 13:45:57,000	2,97	4,43	-9,2	-0,4	80,4	0	-0,4
1319	01.09.2025 13:45:58,000	2,97	4,46	-5,8	11,2	73,0	0	11,8
1320	01.09.2025 13:45:59,000	2,97	4,43	0,8	-6,9	82,3	0	-7,0
1321	01.09.2025 13:46:00,000	2,97	4,43	3,8	-13,1	73,1	0	-13,6
1322	01.09.2025 13:46:01,000	2,97	4,43	-3,9	-13,4	72,7	0	-14,0
1323	01.09.2025 13:46:02,000	2,97	4,43	-6,6	-3,5	79,9	0	-3,6
1324	01.09.2025 13:46:03,000	2,97	4,43	-10,2	1,7	78,1	0	1,8
1325	01.09.2025 13:46:04,000	2,97	4,43	7,9	-5,0	77,1	1	-5,3
1326	01.09.2025 13:46:05,000	2,97	4,43	-8,2	-5,9	75,9	1	-6,2
1327	01.09.2025 13:46:06,000	2,97	4,43	-24,5	-7,4	58,1	1	-8,9
1328	01.09.2025 13:46:07,000	2,97	4,43	-3,4	-1,1	85,5	0	-1,1
1329	01.09.2025 13:46:08,000	2,97	4,43	-1,6	-6,9	81,4	0	-7,0
1330	01.09.2025 13:46:09,000	2,97	4,43	-1,4	-14,9	73,7	0	-15,1
1331	01.09.2025 13:46:10,000	2,97	4,43	0,9	-9,8	79,4	0	-9,9
1332	01.09.2025 13:46:11,000	2,97	4,46	3,7	-8,4	77,9	0	-8,7
1333	01.09.2025 13:46:12,000	2,97	4,43	6,0	-16,5	67,5	0	-17,6
1334	01.09.2025 13:46:13,000	2,97	4,43	-6,6	-14,4	69,0	0	-15,4
1335	01.09.2025 13:46:14,000	2,97	4,43	-5,4	-12,6	72,0	0	-13,3
1336	01.09.2025 13:46:15,000	2,97	4,46	0,8	-14,4	74,8	0	-14,5
1337	01.09.2025 13:46:16,000	2,97	4,43	1,8	-8,1	80,2	0	-8,2
1338	01.09.2025 13:46:17,000	2,97	4,43	-6,5	-5,5	78,0	0	-5,8
1339	01.09.2025 13:46:18,000	2,97	4,43	3,0	-10,9	76,1	0	-11,3
1340	01.09.2025 13:46:19,000	2,97	4,43	3,1	-11,5	75,4	0	-11,9
1341	01.09.2025 13:46:20,000	2,97	4,46	-6,6	2,2	81,2	0	2,2
1342	01.09.2025 13:46:21,000	2,97	4,43	0,7	-8,8	80,5	0	-8,8
1343	01.09.2025 13:46:22,000	2,97	4,46	1,7	-15,1	73,2	0	-15,4
1344	01.09.2025 13:46:23,000	2,97	4,46	8,3	-12,9	68,8	0	-13,9
1345	01.09.2025 13:46:24,000	2,97	4,46	7,1	-10,7	72,2	0	-11,4
1346	01.09.2025 13:46:25,000	2,97	4,43	-2,3	-16,4	71,3	0	-16,8
1347	01.09.2025 13:46:26,000	2,97	4,46	-1,9	-3,9	84,2	0	-4,0
1348	01.09.2025 13:46:27,000	2,97	4,43	-1,4	-12,7	75,9	0	-12,9
1349	01.09.2025 13:46:28,000	2,97	4,43	2,6	-16,3	71,1	0	-16,8
1350	01.09.2025 13:46:29,000	2,97	4,43	2,0	-15,8	72,2	0	-16,1
1351	01.09.2025 13:46:30,000	2,93	4,43	2,6	-13,9	73,6	0	-14,2
1352	01.09.2025 13:46:31,000	2,93	4,45	-5,0	3,0	82,0	0	3,1
1353	01.09.2025 13:46:32,000	2,93	4,43	-4,4	-11,8	73,8	0	-12,3
1354	01.09.2025 13:46:33,000	2,93	4,45	6,1	-12,5	71,4	0	-13,3
1355	01.09.2025 13:46:34,000	2,93	4,45	2,2	-7,3	80,4	0	-7,5
1356	01.09.2025 13:46:35,000	2,93	4,45	14,1	-10,9	65,0	0	-12,3
1357	01.09.2025 13:46:36,000	2,93	4,43	0,6	-7,4	82,1	0	-7,4
1358	01.09.2025 13:46:37,000	2,93	4,45	2,4	-7,4	80,2	0	-7,5
1359	01.09.2025 13:46:38,000	2,93	4,45	8,6	-7,5	73,9	1	-8,1
1360	01.09.2025 13:46:39,000	2,93	4,45	2,7	-13,9	73,4	0	-14,3
1361	01.09.2025 13:46:40,000	2,89	4,45	-8,0	-8,6	73,4	0	-9,2
1362	01.09.2025 13:46:41,000	2,89	4,43	1,7	-3,6	84,7	0	-3,6
1363	01.09.2025 13:46:42,000	2,89	4,43	25,0	-2,7	62,3	1	-3,0
1364	01.09.2025 13:46:43,000	2,89	4,43	-3,4	-0,6	86,0	0	-0,6
1365	01.09.2025 13:46:44,000	2,89	4,45	5,7	3,5	80,7	0	3,7
1366	01.09.2025 13:46:45,000	2,85	4,45	5,2	22,0	62,8	0	23,3
1367	01.09.2025 13:46:46,000	2,85	4,45	22,7	4,2	63,2	0	4,7
1368	01.09.2025 13:46:47,000	2,81	4,42	28,1	0,7	61,3	0	0,8
1369	01.09.2025 13:46:48,000	2,81	4,40	27,7	4,0	58,3	0	4,7
1370	01.09.2025 13:46:49,000	2,81	4,38	25,4	5,1	59,5	0	6,0
1371	01.09.2025 13:46:50,000	2,81	4,33	26,8	4,9	58,3	0	5,8
1372	01.09.2025 13:46:51,000	2,78	4,33	27,4	4,4	58,3	0	5,2
1373	01.09.2025 13:46:52,000	2,78	4,31	28,7	5,3	56,0	0	6,5
1374	01.09.2025 13:46:53,000	2,74	4,26	28,1	6,0	55,9	0	7,4
1375	01.09.2025 13:46:54,000	2,74	4,22	28,8	6,3	54,9	0	7,8
1376	01.09.2025 13:46:55,000	2,70	4,19	31,5	5,7	52,9	0	7,2
1377	01.09.2025 13:46:56,000	2,70	4,15	31,5	7,6	50,9	0	9,8
1378	01.09.2025 13:46:57,000	2,70	4,12	31,3	8,2	50,5	0	10,7
1379	01.09.2025 13:46:58,000	2,66	4,10	30,4	8,9	50,8	0	11,5
1380	01.09.2025 13:46:59,000	2,66	4,05	32,1	9,7	48,1	0	13,1
1381	01.09.2025 13:47:00,000	2,66	4,03	28,2	12,3	49,6	0	16,1
1382	01.09.2025 13:47:01,000	2,66	4,01	30,6	9,5	50,0	0	12,4
1383	01.09.2025 13:47:02,000	2,62	3,98	32,7	9,0	48,3	0	12,1
1384	01.09.2025 13:47:03,000	2,62	3,96	35,4	6,7	48,0	0	9,1
1385	01.09.2025 13:47:04,000	2,62	3,94	30,9	8,1	51,0	0	10,5
1386	01.09.2025 13:47:05,000	2,62	3,92	31,0	12,2	46,8	0	16,6
1387	01.09.2025 13:47:06,000	2,62	3,89	34,2	14,0	41,8	0	20,4
1388	01.09.2025 13:47:07,000	2,58	3,87	32,5	10,2	47,2	0	13,9
1389	01.09.2025 13:47:08,000	2,58	3,83	33,8	7,6	48,6	0	10,2
1390	01.09.2025 13:47:09,000	2,58	3,83	34,5	10,9	44,6	0	15,4
1391	01.09.2025 13:47:10,000	2,58	3,83	31,6	15,2	43,2	0	21,4
1392	01.09.2025 13:47:11,000	2,55	3,78	29,4	14,5	46,1	0	19,7
1393	01.09.2025 13:47:12,000	2,55	3,78	28,7	14,2	47,1	0	19,0
1394	01.09.2025 13:47:13,000	2,55	3,76	34,1	10,7	45,2	0	15,0
1395	01.09.2025 13:47:14,000	2,55	3,73	35,5	8,5	45,9	0	11,9
1396	01.09.2025 13:47:15,000	2,55	3,71	27,3	13,2	49,5	0	17,3
1397	01.09.2025 13:47:16,000	2,51	3,73	27,5	16,9	45,5	0	22,8
1398	01.09.2025 13:47:17,000	2,51	3,71	34,0	11,7	44,2	0	16,6
1399	01.09.2025 13:47:18,000	2,51	3,69	31,8	12,0	46,2	0	16,4
1400	01.09.2025 13:47:19,000	2,47	3,66	25,9	14,8	49,3	0	19,2
1401	01.09.2025 13:47:20,000	2,51	3,66	26,7	16,0	47,3	0	21,1
1402	01.09.2025 13:47:21,000	2,51	3,66	33,2	12,3	44,5	0	17,3
1403	01.09.2025 13:47:22,000	2,51	3,66	27,8	16,7	45,4	0	22,6
1404	01.09.2025 13:47:23,000	2,51	3,64	23,8	12,7	53,5	1	15,8
1405	01.09.2025 13:47:24,000	2,47	3,66	34,5	16,3	39,1	0	24,5
1406	01.09.2025 13:47:25,000	2,47	3,71	34,0	17,0	39,0	0	25,4
1407	01.09.2025 13:47:26,000	2,43	3,70	32,1	17,7	40,1	0	25,8
1408	01.09.2025 13:47:27,000	2,43	3,68	41,6	14,0	34,4	0	23,5
1409	01.09.2025 13:47:28,000	2,43	3,68	36,2	17,7	36,1	0	27,7
1410	01.09.2025 13:47:29,000	2,39	3,66	36,7	15,9	37,4	0	24,6
1411	01.09.2025 13:47:30,000	2,39	3,63	35,6	12,1	42,3	0	17,7
1412	01.09.2025 13:47:31,000	2,39	3,61	38,3	8,4	43,3	0	12,2
1413	01.09.2025 13:47:32,000	2,35	3,61	40,9	9,3	39,8	0	14,4
1414	01.09.2025 13:47:33,000	2,35	3,59	41,0	7,1	41,9	0	10,6
1415	01.09.2025 13:47:34,000	2,35	3,56	37,5	4,0	48,5	0	5,4
1416	01.09.2025 13:47:35,000	2,35	3,56	35,6	8,9	45,5	0	12,5
1417	01.09.2025 13:47:36,000	2,35	3,54	40,5	7,4	42,1	0	11,0
1418	01.09.2025 13:47:37,000	2,35	3,52	38,6	6,3	45,1	0	8,9
1419	01.09.2025 13:47:38,000	2,35	3,50	36,1	7,0	46,9	0	9,7
1420	01.09.2025 13:47:39,000	2,35	3,50	34,7	9,7	45,6	0	13,5
1421	01.09.2025 13:47:40,000	2,35	3,47	35,6	9,6	44,8	0	13,6
1422	01.09.2025 13:47:41,000	2,35	3,45	35,5	8,5	46,0	0	11,9
1423	01.09.2025 13:47:42,000	2,35	3,43	34,0	8,6	47,3	0	11,8
1424	01.09.2025 13:47:43,000	2,35	3,41	36,1	8,2	45,7	0	11,5
1425	01.09.2025 13:47:44,000	2,35	3,38	33,4	8,0	48,7	0	10,7
1426	01.09.2025 13:47:45,000	2,35	3,36	37,6	5,2	47,2	0	7,1
1427	01.09.2025 13:47:46,000	2,35	3,34	33,5	12,3	44,1	0	17,4
1428	01.09.2025 13:47:47,000	2,35	3,32	33,0	12,4	44,5	0	17,5
1429	01.09.2025 13:47:48,000	2,35	3,29	31,8	8,7	49,5	0	11,5
1430	01.09.2025 13:47:49,000	2,35	3,27	35,3	9,3	45,3	0	13,1
1431	01.09.2025 13:47:50,000	2,35	3,25	35,6	10,3	44,1	0	14,7
1432	01.09.2025 13:47:51,000	2,35	3,25	29,6	12,5	47,9	0	16,7
1433	01.09.2025 13:47:52,000	2,35	3,23	30,2	13,7	46,0	0	18,7
1434	01.09.2025 13:47:53,000	2,35	3,20	33,8	12,1	44,1	0	17,2
1435	01.09.2025 13:47:54,000	2,35	3,18	35,9	10,1	44,0	0	14,4
1436	01.09.2025 13:47:55,000	2,35	3,16	36,7	8,2	45,1	0	11,6
1437	01.09.2025 13:47:56,000	2,39	3,14	31,4	12,0	46,6	0	16,4
1438	01.09.2025 13:47:57,000	2,39	3,12	30,9	13,1	46,0	0	17,9
1439	01.09.2025 13:47:58,000	2,43	3,07	31,7	13,0	45,2	0	18,1
1440	01.09.2025 13:47:59,000	2,47	3,05	35,6	10,0	44,4	0	14,3
1441	01.09.2025 13:48:00,000	2,51	3,03	27,9	16,0	46,2	0	21,4
1442	01.09.2025 13:48:01,000	2,55	3,04	28,0	14,9	47,1	0	19,9
1443	01.09.2025 13:48:02,000	2,58	2,99	28,5	15,5	46,1	0	20,9
1444	01.09.2025 13:48:03,000	2,62	2,97	34,7	11,8	43,4	0	16,9
1445	01.09.2025 13:48:04,000	2,66	2,95	27,9	14,6	47,5	0	19,4
1446	01.09.2025 13:48:05,000	2,70	2,94	26,3	14,0	49,7	0	18,1
1447	01.09.2025 13:48:06,000	2,74	2,89	27,7	14,7	47,6	0	19,4
1448	01.09.2025 13:48:07,000	2,81	2,88	30,5	15,2	44,3	0	21,1
1449	01.09.2025 13:48:08,000	2,85	2,88	30,0	15,3	44,7	0	21,1
1450	01.09.2025 13:48:09,000	2,89	2,84	27,1	16,5	46,3	0	22,1
1451	01.09.2025 13:48:10,000	2,97	2,82	24,9	17,0	48,1	0	22,0
1452	01.09.2025 13:48:11,000	3,00	2,80	25,5	19,4	45,1	0	25,7
1453	01.09.2025 13:48:12,000	3,00	2,78	32,3	15,0	42,7	0	21,4
1454	01.09.2025 13:48:13,000	3,04	2,76	26,6	16,8	46,6	0	22,3
1455	01.09.2025 13:48:14,000	3,04	2,76	31,2	15,4	43,4	0	21,6
1456	01.09.2025 13:48:15,000	3,04	2,71	30,3	16,8	42,9	0	23,5
1457	01.09.2025 13:48:16,000	3,08	2,71	36,2	13,3	40,5	0	19,9
1458	01.09.2025 13:48:17,000	3,08	2,69	21,1	19,4	49,6	1	24,2
1459	01.09.2025 13:48:18,000	3,08	2,69	34,9	17,3	37,8	0	26,3
1460	01.09.2025 13:48:19,000	3,08	2,74	39,1	16,5	34,3	0	27,1
1461	01.09.2025 13:48:20,000	3,08	2,71	43,8	10,3	35,8	0	17,3
1462	01.09.2025 13:48:21,000	3,08	2,69	36,6	11,6	41,8	0	17,1
1463	01.09.2025 13:48:22,000	3,08	2,65	36,5	15,3	38,2	0	23,5
1464	01.09.2025 13:48:23,000	3,12	2,63	40,4	11,9	37,7	0	19,0
1465	01.09.2025 13:48:24,000	3,12	2,60	38,8	13,8	37,3	0	21,8
1466	01.09.2025 13:48:25,000	3,16	2,58	40,3	9,4	40,3	0	14,3
1467	01.09.2025 13:48:26,000	3,16	2,54	41,1	9,9	39,0	0	15,4
1468	01.09.2025 13:48:27,000	3,16	2,52	43,0	8,8	38,2	0	14,0
1469	01.09.2025 13:48:28,000	3,19	2,47	42,9	8,4	38,7	0	13,2
1470	01.09.2025 13:48:29,000	3,27	2,43	42,4	7,6	40,0	0	11,8
1471	01.09.2025 13:48:30,000	3,34	2,39	43,6	6,8	39,6	0	10,7
1472	01.09.2025 13:48:31,000	3,38	2,37	43,2	6,1	40,7	0	9,3
1473	01.09.2025 13:48:32,000	3,46	2,34	43,3	5,7	41,0	0	8,8
1474	01.09.2025 13:48:33,000	3,50	2,34	42,5	4,4	43,1	0	6,4
1475	01.09.2025 13:48:34,000	3,50	2,27	40,0	5,9	44,2	0	8,5
1476	01.09.2025 13:48:35,000	3,53	2,27	42,9	5,7	41,4	0	8,7
1477	01.09.2025 13:48:36,000	3,57	2,21	42,0	4,1	44,0	0	5,9
1478	01.09.2025 13:48:37,000	3,65	2,19	39,4	4,7	45,9	0	6,5
1479	01.09.2025 13:48:38,000	3,68	2,17	38,5	6,8	44,7	0	9,7
1480	01.09.2025 13:48:39,000	3,72	2,13	38,3	9,0	42,8	0	13,2
1481	01.09.2025 13:48:40,000	3,76	2,09	35,5	10,2	44,3	0	14,5
1482	01.09.2025 13:48:41,000	3,79	2,07	32,5	12,0	45,5	0	16,7
1483	01.09.2025 13:48:42,000	3,79	2,04	34,7	11,3	44,0	0	16,1
1484	01.09.2025 13:48:43,000	3,83	2,00	34,6	11,0	44,4	0	15,5
1485	01.09.2025 13:48:44,000	3,87	1,96	35,4	11,0	43,6	0	15,9
1486	01.09.2025 13:48:45,000	3,94	1,94	39,3	8,1	42,7	0	11,9
1487	01.09.2025 13:48:46,000	3,98	1,88	35,2	7,7	47,1	0	10,5
1488	01.09.2025 13:48:47,000	4,05	1,86	36,9	6,8	46,4	0	9,4
1489	01.09.2025 13:48:48,000	4,13	1,80	36,8	8,2	45,0	0	11,6
1490	01.09.2025 13:48:49,000	4,28	1,72	34,4	13,4	42,2	0	19,5
1491	01.09.2025 13:48:50,000	4,53	1,73	35,7	13,0	41,3	0	19,2
1492	01.09.2025 13:48:51,000	4,64	1,67	33,0	10,1	46,9	0	13,9
1493	01.09.2025 13:48:52,000	4,72	1,66	35,2	7,5	47,3	0	10,3
1494	01.09.2025 13:48:53,000	4,83	1,60	32,9	12,7	44,4	0	17,8
1495	01.09.2025 13:48:54,000	4,97	1,56	32,6	11,8	45,6	0	16,4
1496	01.09.2025 13:48:55,000	5,19	1,51	31,7	13,4	44,9	0	18,7
1497	01.09.2025 13:48:56,000	5,33	1,47	31,5	12,9	45,6	0	17,8
1498	01.09.2025 13:48:57,000	5,44	1,44	32,3	12,1	45,6	0	16,8
1499	01.09.2025 13:48:58,000	5,69	1,41	36,3	10,2	43,5	0	14,8
1500	01.09.2025 13:48:59,000	5,87	1,35	35,0	11,3	43,7	0	16,1
1501	01.09.2025 13:49:00,000	6,01	1,29	30,7	13,9	45,4	0	19,1
1502	01.09.2025 13:49:01,000	6,23	1,26	28,7	15,4	45,9	0	20,8
1503	01.09.2025 13:49:02,000	6,47	1,19	30,0	16,8	43,2	0	23,4
1504	01.09.2025 13:49:03,000	6,68	1,18	31,2	14,2	44,6	0	19,7
1505	01.09.2025 13:49:04,000	6,82	1,17	27,9	16,7	45,4	0	22,5
1506	01.09.2025 13:49:05,000	7,03	1,07	30,0	15,7	44,3	0	21,7
1507	01.09.2025 13:49:06,000	7,21	1,06	25,0	17,6	47,4	0	23,0
1508	01.09.2025 13:49:07,000	7,45	1,05	33,2	17,0	39,8	0	25,1
1509	01.09.2025 13:49:08,000	7,59	1,09	37,8	10,3	41,9	0	15,3
1510	01.09.2025 13:49:09,000	7,69	1,07	42,9	-1,8	45,3	0	-2,6
1511	01.09.2025 13:49:10,000	7,86	1,04	50,6	2,1	37,4	0	3,4
1512	01.09.2025 13:49:11,000	8,00	1,07	48,7	3,4	37,9	0	5,5
1513	01.09.2025 13:49:12,000	8,07	1,05	56,4	-0,1	33,5	0	-0,2
1514	01.09.2025 13:49:13,000	8,13	1,05	60,6	1,5	27,9	0	3,1
1515	01.09.2025 13:49:14,000	8,24	1,04	49,8	2,6	37,6	0	4,3
1516	01.09.2025 13:49:15,000	8,30	1,00	44,3	-1,8	43,9	0	-2,7
1517	01.09.2025 13:49:16,000	8,34	1,00	44,6	-6,5	38,9	0	-10,2
1518	01.09.2025 13:49:17,000	8,37	0,98	45,6	-4,5	39,9	0	-7,0
1519	01.09.2025 13:49:18,000	8,41	0,98	34,8	-8,9	46,3	0	-12,4
1520	01.09.2025 13:49:19,000	8,44	0,99	34,1	-12,8	43,1	0	-18,4
1521	01.09.2025 13:49:20,000	8,51	0,95	36,9	-13,4	39,7	0	-20,4
1522	01.09.2025 13:49:21,000	8,54	0,95	38,0	-9,8	42,2	0	-14,5
1523	01.09.2025 13:49:22,000	8,61	0,91	33,8	-12,6	43,6	0	-17,9
1524	01.09.2025 13:49:23,000	8,68	0,93	39,8	-9,8	40,4	0	-14,9
1525	01.09.2025 13:49:24,000	8,68	0,91	36,3	-12,0	41,8	0	-17,6
1526	01.09.2025 13:49:25,000	8,68	0,91	39,2	-9,9	40,9	0	-15,0
1527	01.09.2025 13:49:26,000	8,71	0,89	39,9	-9,9	40,1	0	-15,2
1528	01.09.2025 13:49:27,000	8,78	0,83	42,6	-6,6	40,8	0	-10,1
1529	01.09.2025 13:49:28,000	8,91	0,77	42,6	-8,4	39,1	0	-13,2
1530	01.09.2025 13:49:29,000	9,11	0,76	44,1	-6,7	39,2	0	-10,6
1531	01.09.2025 13:49:30,000	9,25	0,61	42,4	-6,0	41,7	0	-9,0
1532	01.09.2025 13:49:31,000	9,61	0,64	40,7	-7,6	41,8	0	-11,3
1533	01.09.2025 13:49:32,000	9,74	0,67	45,1	-5,0	39,9	0	-7,7
1534	01.09.2025 13:49:33,000	9,78	0,65	42,7	-4,5	42,8	0	-6,7
1535	01.09.2025 13:49:34,000	9,81	0,54	44,8	-1,7	43,5	0	-2,5
1536	01.09.2025 13:49:35,000	9,91	0,55	43,9	-3,3	42,7	0	-4,9
1537	01.09.2025 13:49:36,000	9,94	0,55	44,2	-1,4	44,4	0	-2,0
1538	01.09.2025 13:49:37,000	10,07	0,45	40,6	-3,2	46,1	0	-4,5
1539	01.09.2025 13:49:38,000	10,37	0,44	37,6	-6,5	46,0	0	-9,1
1540	01.09.2025 13:49:39,000	10,66	0,46	42,7	-4,9	42,4	0	-7,3
1541	01.09.2025 13:49:40,000	10,82	0,41	41,3	-5,1	43,6	0	-7,4
1542	01.09.2025 13:49:41,000	11,05	0,40	39,0	-3,8	47,2	0	-5,2
1543	01.09.2025 13:49:42,000	11,18	0,41	41,8	-3,7	44,6	0	-5,3
1544	01.09.2025 13:49:43,000	11,34	0,32	44,3	-4,0	41,7	0	-6,1
1545	01.09.2025 13:49:44,000	11,53	0,39	41,2	-4,2	44,6	0	-6,0
1546	01.09.2025 13:49:45,000	11,66	0,35	45,0	-1,8	43,2	0	-2,6
1547	01.09.2025 13:49:46,000	11,69	0,38	47,5	-0,6	41,9	0	-0,9
1548	01.09.2025 13:49:47,000	11,66	0,37	39,3	1,1	49,6	0	1,4
1549	01.09.2025 13:49:48,000	11,73	0,32	39,2	5,2	45,6	0	7,3
1550	01.09.2025 13:49:49,000	11,89	0,28	35,5	4,1	50,4	0	5,3
1551	01.09.2025 13:49:50,000	12,01	0,21	33,3	5,0	51,7	0	6,4
1552	01.09.2025 13:49:51,000	12,14	0,19	29,9	8,0	52,1	0	10,2
1553	01.09.2025 13:49:52,000	12,40	0,19	31,7	9,9	48,5	0	13,2
1554	01.09.2025 13:49:53,000	12,62	0,17	31,1	9,9	49,0	0	13,1
1555	01.09.2025 13:49:54,000	12,78	0,15	31,0	7,7	51,3	0	9,9
1556	01.09.2025 13:49:55,000	12,87	0,15	29,5	10,0	50,5	0	13,0
1557	01.09.2025 13:49:56,000	12,96	0,12	30,7	11,4	47,9	0	15,3
1558	01.09.2025 13:49:57,000	13,06	0,12	31,3	8,9	49,7	0	11,8
1559	01.09.2025 13:49:58,000	13,12	0,12	31,4	7,9	50,7	0	10,2
1560	01.09.2025 13:49:59,000	13,18	0,08	30,5	8,0	51,5	0	10,3
1561	01.09.2025 13:50:00,000	13,28	0,06	29,8	8,0	52,2	0	10,2
1562	01.09.2025 13:50:01,000	13,31	0,03	30,7	8,7	50,6	0	11,3
1563	01.09.2025 13:50:02,000	13,34	0,03	31,6	8,2	50,2	0	10,8
1564	01.09.2025 13:50:03,000	13,40	0,01	32,9	8,3	48,8	0	11,1
1565	01.09.2025 13:50:04,000	13,47	0,01	34,3	7,1	48,7	0	9,5
1566	01.09.2025 13:50:05,000	13,47	0,01	34,7	5,4	49,9	0	7,1
1567	01.09.2025 13:50:06,000	13,47	0,01	37,5	3,7	48,8	0	4,9
1568	01.09.2025 13:50:07,000	13,47	0,01	39,6	3,3	47,1	0	4,5
1569	01.09.2025 13:50:08,000	13,53	-0,05	40,3	3,2	46,5	0	4,4
1570	01.09.2025 13:50:09,000	13,56	-0,03	42,4	-1,0	46,6	0	-1,4
1571	01.09.2025 13:50:10,000	13,56	-0,08	39,5	0,5	50,0	0	0,7
1572	01.09.2025 13:50:11,000	13,59	-0,08	41,9	1,3	46,8	0	1,8
1573	01.09.2025 13:50:12,000	13,62	-0,10	43,8	1,5	44,7	0	2,1
1574	01.09.2025 13:50:13,000	13,69	-0,14	43,3	1,2	45,5	0	1,7
1575	01.09.2025 13:50:14,000	13,75	-0,14	42,0	-0,8	47,2	0	-1,0
1576	01.09.2025 13:50:15,000	13,87	-0,19	41,9	-3,7	44,4	0	-5,3
1577	01.09.2025 13:50:16,000	14,12	-0,21	38,0	-6,7	45,2	0	-9,5
1578	01.09.2025 13:50:17,000	14,28	-0,21	35,9	-8,3	45,8	0	-11,5
1579	01.09.2025 13:50:18,000	14,28	-0,23	36,0	-6,2	47,8	0	-8,4
1580	01.09.2025 13:50:19,000	14,24	-0,23	36,2	-4,9	48,9	0	-6,5
1581	01.09.2025 13:50:20,000	14,24	-0,26	40,9	-1,2	47,9	0	-1,6
1582	01.09.2025 13:50:21,000	14,28	-0,26	33,2	-8,4	48,4	0	-11,3
1583	01.09.2025 13:50:22,000	14,31	-0,28	32,5	-10,4	47,1	0	-14,2
1584	01.09.2025 13:50:23,000	14,31	-0,30	29,6	-9,7	50,7	0	-12,6
1585	01.09.2025 13:50:24,000	14,31	-0,34	32,5	-9,4	48,1	0	-12,7
1586	01.09.2025 13:50:25,000	14,34	-0,34	32,8	-3,1	54,0	0	-3,9
1587	01.09.2025 13:50:26,000	14,43	-0,41	25,4	-6,9	57,6	0	-8,3
1588	01.09.2025 13:50:27,000	14,52	-0,41	36,2	-1,9	51,9	0	-2,5
1589	01.09.2025 13:50:28,000	14,65	-0,43	36,4	-2,7	51,0	0	-3,5
1590	01.09.2025 13:50:29,000	14,71	-0,41	40,2	-0,9	48,9	1	-1,1
1591	01.09.2025 13:50:30,000	14,74	-0,43	33,8	-3,4	52,8	0	-4,3
1592	01.09.2025 13:50:31,000	14,74	-0,46	29,0	-6,6	54,4	0	-8,2
1593	01.09.2025 13:50:32,000	14,77	-0,50	32,0	-6,6	51,4	1	-8,6
1594	01.09.2025 13:50:33,000	14,83	-0,46	35,3	-5,0	49,7	0	-6,6
1595	01.09.2025 13:50:34,000	14,83	-0,43	34,6	-7,6	47,9	0	-10,3
1596	01.09.2025 13:50:35,000	14,83	-0,46	28,4	-11,1	50,6	0	-14,3
1597	01.09.2025 13:50:36,000	14,86	-0,48	31,8	-11,0	47,2	0	-15,0
1598	01.09.2025 13:50:37,000	14,92	-0,48	29,7	-12,7	47,6	0	-17,0
1599	01.09.2025 13:50:38,000	14,92	-0,50	36,3	-9,5	44,2	0	-13,6
1600	01.09.2025 13:50:39,000	14,92	-0,52	28,8	-10,9	50,3	0	-14,2
1601	01.09.2025 13:50:40,000	14,95	-0,50	31,0	-9,0	50,0	0	-11,8
1602	01.09.2025 13:50:41,000	14,92	-0,50	40,1	-3,1	46,8	0	-4,3
1603	01.09.2025 13:50:42,000	14,98	-0,50	42,9	0,7	46,3	0	1,0
1604	01.09.2025 13:50:43,000	15,05	-0,52	33,0	2,1	54,9	0	2,5
1605	01.09.2025 13:50:44,000	15,08	-0,52	32,4	-0,3	57,3	0	-0,4
1606	01.09.2025 13:50:45,000	15,08	-0,50	41,0	-1,3	47,7	0	-1,8
1607	01.09.2025 13:50:46,000	15,14	-0,52	38,6	4,2	47,2	0	5,8
1608	01.09.2025 13:50:47,000	15,20	-0,52	38,7	-1,6	49,7	0	-2,1
1609	01.09.2025 13:50:48,000	15,26	-0,54	34,0	-4,7	51,3	0	-6,1
1610	01.09.2025 13:50:49,000	15,29	-0,52	32,7	-3,4	53,9	0	-4,3
1611	01.09.2025 13:50:50,000	15,29	-0,50	29,7	-3,0	57,3	0	-3,6
1612	01.09.2025 13:50:51,000	15,29	-0,57	31,8	-3,0	55,1	0	-3,7
1613	01.09.2025 13:50:52,000	15,38	-0,57	31,2	-3,0	55,8	0	-3,6
1614	01.09.2025 13:50:53,000	15,41	-0,57	32,2	1,9	55,9	0	2,3
1615	01.09.2025 13:50:54,000	15,41	-0,57	30,5	5,8	53,7	0	7,3
1616	01.09.2025 13:50:55,000	15,41	-0,54	34,7	2,5	52,8	0	3,2
1617	01.09.2025 13:50:56,000	15,38	-0,54	37,2	6,5	46,3	0	9,1
1618	01.09.2025 13:50:57,000	15,38	-0,52	37,5	5,3	47,2	0	7,2
1619	01.09.2025 13:50:58,000	15,38	-0,57	32,9	1,8	55,3	0	2,2
1620	01.09.2025 13:50:59,000	15,41	-0,57	34,3	-2,0	53,8	0	-2,4
1621	01.09.2025 13:51:00,000	15,44	-0,52	35,4	-4,5	50,1	0	-6,0
1622	01.09.2025 13:51:01,000	15,47	-0,52	40,4	-2,5	47,1	0	-3,4
1623	01.09.2025 13:51:02,000	15,57	-0,57	35,6	-1,2	53,2	0	-1,5
1624	01.09.2025 13:51:03,000	15,57	-0,57	32,6	-3,5	53,8	0	-4,4
1625	01.09.2025 13:51:04,000	15,60	-0,57	33,4	-9,4	47,2	0	-12,8
1626	01.09.2025 13:51:05,000	15,69	-0,57	36,2	-6,0	47,8	0	-8,1
1627	01.09.2025 13:51:06,000	15,69	-0,54	31,9	-9,5	48,6	0	-12,7
1628	01.09.2025 13:51:07,000	15,66	-0,57	28,2	-7,9	53,9	0	-9,9
1629	01.09.2025 13:51:08,000	15,69	-0,57	24,4	-5,2	60,4	0	-6,1
1630	01.09.2025 13:51:09,000	15,69	-0,59	25,5	2,1	62,3	0	2,4
1631	01.09.2025 13:51:10,000	15,75	-0,59	23,3	5,8	61,0	0	6,7
1632	01.09.2025 13:51:11,000	15,84	-0,57	24,8	5,2	60,1	0	6,1
1633	01.09.2025 13:51:12,000	15,87	-0,54	22,6	6,5	60,9	0	7,6
1634	01.09.2025 13:51:13,000	15,87	-0,52	27,9	8,5	53,7	0	10,6
1635	01.09.2025 13:51:14,000	15,87	-0,54	33,7	6,5	49,8	0	8,6
1636	01.09.2025 13:51:15,000	15,90	-0,59	24,1	6,2	59,8	0	7,3
1637	01.09.2025 13:51:16,000	15,93	-0,59	23,8	8,4	57,8	0	10,1
1638	01.09.2025 13:51:17,000	15,96	-0,59	19,4	4,7	66,0	0	5,2
1639	01.09.2025 13:51:18,000	15,99	-0,59	21,9	2,3	65,7	0	2,6
1640	01.09.2025 13:51:19,000	15,99	-0,59	30,9	-0,1	59,0	0	-0,2
1641	01.09.2025 13:51:20,000	16,05	-0,61	27,2	1,5	61,3	0	1,7
1642	01.09.2025 13:51:21,000	16,05	-0,59	23,9	0,7	65,4	0	0,8
1643	01.09.2025 13:51:22,000	16,08	-0,59	16,9	7,4	65,7	0	8,3
1644	01.09.2025 13:51:23,000	16,14	-0,57	29,2	1,7	59,1	1	2,0
1645	01.09.2025 13:51:24,000	16,17	-0,59	31,3	-2,2	56,5	0	-2,7
1646	01.09.2025 13:51:25,000	16,17	-0,57	33,4	-1,9	54,7	0	-2,4
1647	01.09.2025 13:51:26,000	16,11	-0,54	30,5	4,5	54,9	0	5,6
1648	01.09.2025 13:51:27,000	16,11	-0,52	35,3	8,0	46,7	1	11,0
1649	01.09.2025 13:51:28,000	16,08	-0,59	26,0	4,0	60,0	0	4,7
1650	01.09.2025 13:51:29,000	16,05	-0,57	30,4	1,6	58,0	0	1,9
1651	01.09.2025 13:51:30,000	16,05	-0,61	30,9	4,8	54,2	0	6,0
1652	01.09.2025 13:51:31,000	16,08	-0,57	32,4	2,6	55,0	0	3,2
1653	01.09.2025 13:51:32,000	16,11	-0,57	22,8	1,9	65,2	0	2,1
1654	01.09.2025 13:51:33,000	16,14	-0,57	24,2	14,0	51,8	0	17,6
1655	01.09.2025 13:51:34,000	16,17	-0,61	19,8	7,6	62,6	0	8,8
1656	01.09.2025 13:51:35,000	16,23	-0,61	26,4	8,5	55,1	0	10,6
1657	01.09.2025 13:51:36,000	16,27	-0,61	19,6	9,6	60,8	1	11,2
1658	01.09.2025 13:51:37,000	16,27	-0,59	19,2	8,8	62,0	0	10,2
1659	01.09.2025 13:51:38,000	16,30	-0,61	19,4	6,0	64,6	0	6,8
1660	01.09.2025 13:51:39,000	16,36	-0,63	20,1	-0,7	69,2	0	-0,8
1661	01.09.2025 13:51:40,000	16,39	-0,66	22,4	15,9	51,7	1	19,9
1662	01.09.2025 13:51:41,000	16,39	-0,66	27,5	8,8	53,7	0	11,0
1663	01.09.2025 13:51:42,000	16,39	-0,66	25,8	2,6	61,6	0	2,9
1664	01.09.2025 13:51:43,000	16,42	-0,66	17,3	14,4	58,3	0	16,9
1665	01.09.2025 13:51:44,000	16,45	-0,61	7,7	30,9	51,4	0	33,7
1666	01.09.2025 13:51:45,000	16,45	-0,59	26,4	7,8	55,8	0	9,6
1667	01.09.2025 13:51:46,000	16,45	-0,61	19,5	11,8	58,7	0	14,0
1668	01.09.2025 13:51:47,000	16,48	-0,63	10,7	22,6	56,8	0	25,3
1669	01.09.2025 13:51:48,000	16,48	-0,59	33,6	6,7	49,8	1	8,8
1670	01.09.2025 13:51:49,000	16,48	-0,59	36,7	-7,9	45,4	0	-11,1
1671	01.09.2025 13:51:50,000	16,45	-0,61	30,0	-1,9	58,1	0	-2,2
1672	01.09.2025 13:51:51,000	16,45	-0,66	32,6	-11,6	45,8	0	-16,1
1673	01.09.2025 13:51:52,000	16,48	-0,63	20,9	-3,0	66,1	1	-3,3
1674	01.09.2025 13:51:53,000	16,45	-0,59	27,6	-3,8	58,6	0	-4,5
1675	01.09.2025 13:51:54,000	16,45	-0,57	36,8	3,8	49,4	0	5,1
1676	01.09.2025 13:51:55,000	16,48	-0,54	44,1	-7,1	38,8	0	-11,3
1677	01.09.2025 13:51:56,000	16,51	-0,59	31,9	11,1	47,0	1	15,1
1678	01.09.2025 13:51:57,000	16,54	-0,63	26,9	2,3	60,9	1	2,6
1679	01.09.2025 13:51:58,000	16,51	-0,63	14,2	0,7	75,1	0	0,7
1680	01.09.2025 13:51:59,000	16,54	-0,63	30,8	-1,0	58,2	0	-1,2
1681	01.09.2025 13:52:00,000	16,60	-0,59	32,0	5,4	52,6	0	6,9
1682	01.09.2025 13:52:01,000	16,63	-0,63	38,1	4,6	47,4	0	6,2
1683	01.09.2025 13:52:02,000	16,63	-0,63	32,0	8,0	50,0	0	10,5
1684	01.09.2025 13:52:03,000	16,63	-0,66	35,0	3,3	51,7	0	4,3
1685	01.09.2025 13:52:04,000	16,60	-0,66	46,7	4,2	39,2	0	6,6
1686	01.09.2025 13:52:05,000	16,60	-0,68	47,2	-11,4	31,5	0	-20,9
1687	01.09.2025 13:52:06,000	16,63	-0,72	62,4	3,9	23,7	0	9,7
1688	01.09.2025 13:52:07,000	16,69	-0,70	76,4	-13,4	-0,2	0	9,7
1689	01.09.2025 13:52:08,000	16,72	-0,59	64,1	-22,7	3,1	0	9,7
1690	01.09.2025 13:52:09,000	16,66	-0,59	62,9	-24,0	3,2	0	-82,2
1691	01.09.2025 13:52:10,000	16,54	-0,54	59,8	-26,3	4,0	1	-81,1
1692	01.09.2025 13:52:11,000	16,45	-0,54	64,1	-23,3	2,5	0	-81,1
1693	01.09.2025 13:52:12,000	16,33	-0,57	61,5	-25,9	2,6	0	-84,1
1694	01.09.2025 13:52:13,000	16,23	-0,54	62,5	-24,2	3,3	0	-81,9
1695	01.09.2025 13:52:14,000	16,14	-0,52	62,3	-24,8	2,9	0	-83,0
1696	01.09.2025 13:52:15,000	16,05	-0,54	61,4	-25,4	3,2	1	-82,5
1697	01.09.2025 13:52:16,000	15,96	-0,50	70,2	-16,4	3,4	0	-82,5
1698	01.09.2025 13:52:17,000	15,87	-0,50	73,9	-15,6	0,4	0	-82,5
1699	01.09.2025 13:52:18,000	15,81	-0,50	71,3	-13,4	5,3	0	-82,5
1700	01.09.2025 13:52:19,000	15,72	-0,50	80,1	-4,1	5,8	0	-82,5
1701	01.09.2025 13:52:20,000	15,66	-0,50	55,1	-27,1	7,8	1	-73,4
1702	01.09.2025 13:52:21,000	15,63	-0,50	44,3	-26,9	18,8	1	-54,4
1703	01.09.2025 13:52:22,000	15,57	-0,48	46,6	-33,4	10,0	0	-72,3
1704	01.09.2025 13:52:23,000	15,54	-0,48	31,6	-30,9	27,5	1	-47,9
1705	01.09.2025 13:52:24,000	15,50	-0,48	62,7	-22,3	5,1	0	-47,9
1706	01.09.2025 13:52:25,000	15,44	-0,48	77,2	-10,0	2,8	1	-47,9
1707	01.09.2025 13:52:26,000	15,41	-0,48	79,8	7,3	2,9	0	-47,9
1708	01.09.2025 13:52:27,000	15,38	-0,48	83,4	-0,5	-6,2	1	-47,9
1709	01.09.2025 13:52:28,000	15,35	-0,48	60,1	-28,3	1,6	1	-86,6
1710	01.09.2025 13:52:29,000	15,32	-0,48	62,6	-25,7	1,7	1	-86,1
1711	01.09.2025 13:52:30,000	15,32	-0,46	73,9	-10,6	5,6	0	-86,1
1712	01.09.2025 13:52:31,000	15,29	-0,46	79,7	-5,5	4,7	1	-86,1
1713	01.09.2025 13:52:32,000	15,26	-0,43	81,7	2,0	6,3	1	-86,1
1714	01.09.2025 13:52:33,000	15,23	-0,46	69,9	-16,1	4,0	1	-86,1
1715	01.09.2025 13:52:34,000	15,20	-0,46	9,2	-1,9	78,9	0	-2,0
1716	01.09.2025 13:52:35,000	15,20	-0,46	-4,1	5,6	80,3	0	5,8
1717	01.09.2025 13:52:36,000	15,17	-0,46	-3,6	3,3	83,1	1	3,4
1718	01.09.2025 13:52:37,000	15,17	-0,46	4,2	-1,4	84,5	0	-1,4
1719	01.09.2025 13:52:38,000	15,14	-0,43	0,2	-0,3	89,5	0	-0,3
1720	01.09.2025 13:52:39,000	15,14	-0,46	0,0	-2,2	87,7	0	-2,2
1721	01.09.2025 13:52:40,000	15,11	-0,46	2,5	-3,7	83,8	0	-3,8
1722	01.09.2025 13:52:41,000	15,11	-0,46	1,3	0,5	88,2	0	0,5
1723	01.09.2025 13:52:42,000	15,11	-0,43	2,3	1,5	86,1	0	1,6
1724	01.09.2025 13:52:43,000	15,08	-0,46	2,6	3,0	84,5	0	3,0
1725	01.09.2025 13:52:44,000	15,08	-0,46	5,0	4,1	81,0	0	4,2
1726	01.09.2025 13:52:45,000	15,05	-0,46	-1,4	5,0	83,6	0	5,1
1727	01.09.2025 13:52:46,000	15,05	-0,46	-63,9	-3,5	-22,6	1	5,1
1728	01.09.2025 13:52:47,000	15,05	-0,46	-3,9	-78,5	7,6	0	-82,1
1729	01.09.2025 13:52:48,000	15,01	-0,46	-2,2	-81,9	6,0	0	-83,9
1730	01.09.2025 13:52:49,000	15,01	-0,43	-3,0	-80,8	6,2	0	-83,7
1731	01.09.2025 13:52:50,000	15,01	-0,43	-4,4	-80,7	5,0	0	-84,8
1732	01.09.2025 13:52:51,000	14,98	-0,41	-2,7	-84,3	3,0	0	-86,9
1733	01.09.2025 13:52:52,000	14,98	-0,43	-1,9	-87,2	0,9	0	-89,0
1734	01.09.2025 13:52:53,000	14,95	-0,43	-3,4	-84,3	-2,3	0	-92,4
1735	01.09.2025 13:52:54,000	14,95	-0,43	-3,0	-82,1	-4,9	1	-95,0
1736	01.09.2025 13:52:55,000	14,95	-0,43	-3,0	-84,1	-2,9	0	-92,9
1737	01.09.2025 13:52:56,000	14,92	-0,43	-2,6	-82,2	-5,3	0	-95,4
1738	01.09.2025 13:52:57,000	14,92	-0,43	-2,6	-82,3	-5,1	0	-95,2
1739	01.09.2025 13:52:58,000	14,92	-0,43	-3,7	-82,7	-3,6	0	-93,7
1740	01.09.2025 13:52:59,000	14,89	-0,43	-3,2	-83,5	-3,3	0	-93,3
1741	01.09.2025 13:53:00,000	14,89	-0,41	-3,0	-85,2	-1,8	0	-91,8
1742	01.09.2025 13:53:01,000	14,89	-0,41	-4,3	-85,2	0,5	0	-89,5
1743	01.09.2025 13:53:02,000	14,89	-0,43	-4,1	-81,7	4,2	0	-85,7
1744	01.09.2025 13:53:03,000	14,89	-0,41	-4,1	-81,2	4,7	0	-85,1
1745	01.09.2025 13:53:04,000	14,86	-0,41	-3,3	-82,5	4,2	0	-85,7
1746	01.09.2025 13:53:05,000	14,86	-0,41	-3,0	-83,0	4,0	0	-85,9
1747	01.09.2025 13:53:06,000	14,86	-0,41	-4,2	-80,9	4,9	0	-84,9
1748	01.09.2025 13:53:07,000	14,86	-0,41	-4,6	-78,8	6,7	0	-83,1
1749	01.09.2025 13:53:08,000	14,86	-0,41	-2,4	-81,2	6,4	0	-83,4
1750	01.09.2025 13:53:09,000	14,83	-0,41	-2,5	-83,1	4,4	0	-85,5
1751	01.09.2025 13:53:10,000	14,83	-0,41	-5,4	-81,3	3,3	0	-86,6
1752	01.09.2025 13:53:11,000	14,83	-0,41	-3,9	-80,8	5,3	0	-84,5
1753	01.09.2025 13:53:12,000	14,83	-0,41	-2,2	-81,4	6,3	0	-83,5
1754	01.09.2025 13:53:13,000	14,83	-0,43	-3,1	-80,7	6,3	0	-83,6
1755	01.09.2025 13:53:14,000	14,83	-0,41	-4,0	-81,6	4,4	0	-85,5
1756	01.09.2025 13:53:15,000	14,83	-0,41	-3,2	-82,4	4,5	0	-85,4
1757	01.09.2025 13:53:16,000	14,83	-0,39	-4,0	-80,8	5,2	0	-84,6
1758	01.09.2025 13:53:17,000	14,83	-0,41	-3,4	-80,4	6,2	0	-83,6
1759	01.09.2025 13:53:18,000	14,83	-0,41	-2,8	-81,6	5,7	0	-84,2
1760	01.09.2025 13:53:19,000	14,83	-0,41	-2,9	-82,9	4,2	0	-85,7
1761	01.09.2025 13:53:20,000	14,83	-0,41	-4,0	-81,5	4,4	0	-85,5
1762	01.09.2025 13:53:21,000	14,83	-0,41	-4,3	-80,6	5,0	0	-84,8
1763	01.09.2025 13:53:22,000	14,83	-0,41	-2,1	-81,8	6,1	0	-83,7
1764	01.09.2025 13:53:23,000	14,83	-0,41	-2,3	-82,9	4,8	0	-85,1
1765	01.09.2025 13:53:24,000	14,83	-0,41	-4,0	-82,3	3,7	0	-86,2
1766	01.09.2025 13:53:25,000	14,83	-0,41	-4,2	-80,4	5,4	0	-84,4
1767	01.09.2025 13:53:26,000	14,83	-0,39	-1,7	-83,4	4,9	0	-85,1
1768	01.09.2025 13:53:27,000	14,80	-0,41	0,5	-86,6	2,9	0	-87,1
1769	01.09.2025 13:53:28,000	14,83	-0,41	-1,5	-84,3	4,3	0	-85,7
1770	01.09.2025 13:53:29,000	14,80	-0,41	-3,7	-79,8	6,5	0	-83,3
1771	01.09.2025 13:53:30,000	14,80	-0,41	-2,5	-80,9	6,6	0	-83,3
1772	01.09.2025 13:53:31,000	14,80	-0,41	0,0	-83,3	6,7	0	-83,3
1773	01.09.2025 13:53:32,000	14,80	-0,41	-1,0	-80,2	8,8	0	-81,1
1774	01.09.2025 13:53:33,000	14,80	-0,41	-4,3	-75,7	10,0	0	-79,6
1775	01.09.2025 13:53:34,000	14,80	-0,41	-3,2	-79,3	7,5	0	-82,3
1776	01.09.2025 13:53:35,000	14,80	-0,41	0,4	-81,9	7,7	0	-82,3
1777	01.09.2025 13:53:36,000	14,80	-0,41	-1,1	-76,9	11,9	0	-77,9
1778	01.09.2025 13:53:37,000	14,80	-0,41	-6,2	-75,2	8,6	0	-81,0
1779	01.09.2025 13:53:38,000	14,80	-0,41	-1,8	-81,2	6,9	0	-82,9
1780	01.09.2025 13:53:39,000	14,80	-0,41	2,7	-77,2	10,1	0	-79,6
1781	01.09.2025 13:53:40,000	14,80	-0,41	-4,4	-75,5	10,1	0	-79,5
1782	01.09.2025 13:53:41,000	14,80	-0,41	-6,4	-75,4	8,3	0	-81,3
1783	01.09.2025 13:53:42,000	14,80	-0,41	2,9	-77,5	9,6	0	-80,1
1784	01.09.2025 13:53:43,000	14,80	-0,41	-0,9	-78,2	10,8	0	-79,0
1785	01.09.2025 13:53:44,000	14,80	-0,41	-6,4	-73,9	9,7	0	-79,7
1786	01.09.2025 13:53:45,000	14,83	-0,41	-0,9	-81,2	7,9	0	-82,1
1787	01.09.2025 13:53:46,000	14,83	-0,41	0,4	-81,4	8,2	0	-81,8
1788	01.09.2025 13:53:47,000	14,83	-0,41	-4,3	-78,4	7,3	0	-82,4
1789	01.09.2025 13:53:48,000	14,83	-0,39	-2,6	-82,2	5,2	0	-84,7
1790	01.09.2025 13:53:49,000	14,83	-0,39	-1,3	-84,4	4,4	0	-85,6
1791	01.09.2025 13:53:50,000	14,83	-0,41	-3,7	-80,4	5,9	0	-83,9
1792	01.09.2025 13:53:51,000	14,83	-0,41	-2,0	-84,2	3,8	0	-86,2
1793	01.09.2025 13:53:52,000	14,83	-0,39	-2,7	-83,0	4,3	0	-85,6
1794	01.09.2025 13:53:53,000	14,83	-0,41	-4,4	-80,4	5,2	0	-84,6
1795	01.09.2025 13:53:54,000	14,83	-0,41	-0,2	-86,4	3,5	0	-86,5
1796	01.09.2025 13:53:55,000	14,83	-0,41	-4,5	-82,9	2,6	0	-87,4
1797	01.09.2025 13:53:56,000	14,83	-0,41	-2,4	-84,3	3,4	0	-86,6
1798	01.09.2025 13:53:57,000	14,83	-0,41	-2,9	-83,0	4,1	0	-85,8
1799	01.09.2025 13:53:58,000	14,83	-0,41	-3,2	-82,8	3,9	0	-86,0
1800	01.09.2025 13:53:59,000	14,83	-0,39	-5,5	-80,4	4,2	0	-85,7
1801	01.09.2025 13:54:00,000	14,83	-0,41	-1,8	-83,8	4,4	0	-85,6
1802	01.09.2025 13:54:01,000	14,83	-0,39	0,4	-86,0	3,6	0	-86,4
1803	01.09.2025 13:54:02,000	14,83	-0,41	-9,5	-76,7	3,8	0	-86,0
1804	01.09.2025 13:54:03,000	14,83	-0,41	-0,8	-85,8	3,5	0	-86,5
1805	01.09.2025 13:54:04,000	14,83	-0,41	-0,5	-87,7	1,9	0	-88,1
1806	01.09.2025 13:54:05,000	14,83	-0,41	-6,7	-80,7	2,6	0	-87,3
1807	01.09.2025 13:54:06,000	14,83	-0,41	-3,1	-86,3	-0,6	0	-90,6
1808	01.09.2025 13:54:07,000	14,83	-0,41	-3,3	-84,7	2,0	0	-88,0
1809	01.09.2025 13:54:08,000	14,86	-0,39	0,8	-88,7	-0,5	0	-90,5
1810	01.09.2025 13:54:09,000	14,86	-0,41	-7,6	-82,2	-0,2	0	-90,2
1811	01.09.2025 13:54:10,000	14,86	-0,41	-3,7	-84,6	1,7	0	-88,3
1812	01.09.2025 13:54:11,000	14,86	-0,41	1,1	-88,8	-0,1	0	-90,1
1813	01.09.2025 13:54:12,000	14,86	-0,41	-6,4	-82,5	-1,1	0	-91,1
1814	01.09.2025 13:54:13,000	14,86	-0,39	-5,6	-83,1	-1,3	0	-91,3
1815	01.09.2025 13:54:14,000	14,86	-0,41	-0,3	-89,2	-0,5	0	-90,5
1816	01.09.2025 13:54:15,000	14,86	-0,39	-5,6	-84,0	0,4	0	-89,6
1817	01.09.2025 13:54:16,000	14,86	-0,41	-6,4	-83,2	0,3	0	-89,7
1818	01.09.2025 13:54:17,000	14,86	-0,41	-1,4	-87,1	-1,5	0	-91,5
1819	01.09.2025 13:54:18,000	14,89	-0,39	-2,9	-86,0	1,1	0	-88,9
1820	01.09.2025 13:54:19,000	14,89	-0,41	-5,5	-84,5	0,0	0	-90,0
1821	01.09.2025 13:54:20,000	14,89	-0,41	-4,0	-85,6	0,4	0	-89,6
1822	01.09.2025 13:54:21,000	14,89	-0,41	-1,8	-87,0	-1,2	0	-91,2
1823	01.09.2025 13:54:22,000	14,89	-0,41	-6,3	-82,9	-0,7	0	-90,7
1824	01.09.2025 13:54:23,000	14,89	-0,41	-3,6	-86,2	0,2	0	-89,8
1825	01.09.2025 13:54:24,000	14,89	-0,41	-1,8	-88,2	0,0	0	-90,0
1826	01.09.2025 13:54:25,000	14,89	-0,41	-7,1	-81,1	-1,9	0	-91,9
1827	01.09.2025 13:54:26,000	14,89	-0,39	-3,2	-85,7	-1,1	0	-91,1
1828	01.09.2025 13:54:27,000	14,89	-0,41	-4,7	-84,3	1,0	0	-89,0
1829	01.09.2025 13:54:28,000	14,89	-0,41	-2,4	-87,2	-0,5	0	-90,5
1830	01.09.2025 13:54:29,000	14,89	-0,41	-3,4	-85,8	-0,8	0	-90,8
1831	01.09.2025 13:54:30,000	14,92	-0,41	-4,5	-83,7	1,8	0	-88,1
1832	01.09.2025 13:54:31,000	14,92	-0,43	-2,0	-85,9	2,0	0	-87,9
1833	01.09.2025 13:54:32,000	14,92	-0,41	-4,3	-85,2	0,5	0	-89,5
1834	01.09.2025 13:54:33,000	14,92	-0,43	-3,9	-85,9	-0,2	0	-90,2
1835	01.09.2025 13:54:34,000	14,92	-0,41	-0,4	-88,1	-1,5	0	-91,5
1836	01.09.2025 13:54:35,000	14,92	-0,41	-7,0	-82,0	1,0	0	-88,9
1837	01.09.2025 13:54:36,000	14,92	-0,41	-3,4	-86,4	-0,2	0	-90,2
1838	01.09.2025 13:54:37,000	14,92	-0,41	-2,5	-86,1	-1,5	0	-91,5
1839	01.09.2025 13:54:38,000	14,92	-0,41	-5,6	-83,3	-1,1	0	-91,2
1840	01.09.2025 13:54:39,000	14,92	-0,41	-5,5	-84,3	0,2	0	-89,8
1841	01.09.2025 13:54:40,000	14,92	-0,41	-3,0	-85,7	1,3	0	-88,7
1842	01.09.2025 13:54:41,000	14,95	-0,41	-4,1	-85,3	-0,6	0	-90,6
1843	01.09.2025 13:54:42,000	14,95	-0,41	-6,6	-81,7	1,7	0	-88,3
1844	01.09.2025 13:54:43,000	14,95	-0,43	-2,3	-86,7	-1,0	0	-91,0
1845	01.09.2025 13:54:44,000	14,95	-0,41	-2,7	-87,1	-0,2	0	-90,2
1846	01.09.2025 13:54:45,000	14,95	-0,39	-6,0	-83,7	0,3	0	-89,7
1847	01.09.2025 13:54:46,000	14,95	-0,41	-3,0	-85,8	-1,2	0	-91,2
1848	01.09.2025 13:54:47,000	14,95	-0,41	-1,7	-87,5	-0,8	0	-90,8
1849	01.09.2025 13:54:48,000	14,95	-0,43	-2,7	-87,3	0,1	0	-89,9
1850	01.09.2025 13:54:49,000	14,95	-0,41	-5,1	-84,6	-0,3	0	-90,3
1851	01.09.2025 13:54:50,000	14,95	-0,43	-3,8	-86,0	0,2	0	-89,8
1852	01.09.2025 13:54:51,000	14,98	-0,41	-0,8	-88,4	-0,8	0	-90,8
1853	01.09.2025 13:54:52,000	14,98	-0,41	-7,3	-81,4	-1,3	0	-91,3
1854	01.09.2025 13:54:53,000	14,98	-0,41	-7,0	-81,5	1,5	1	-88,4
1855	01.09.2025 13:54:54,000	14,98	-0,41	2,0	-87,9	0,2	0	-89,8
1856	01.09.2025 13:54:55,000	14,98	-0,41	-5,6	-83,1	-1,2	0	-91,2
1857	01.09.2025 13:54:56,000	14,98	-0,39	-9,2	-80,7	-0,1	1	-90,1
1858	01.09.2025 13:54:57,000	14,98	-0,41	1,1	-87,2	-1,7	0	-91,7
1859	01.09.2025 13:54:58,000	14,98	-0,41	-2,7	-87,1	-0,2	0	-90,2
1860	01.09.2025 13:54:59,000	14,98	-0,41	-7,6	-82,1	-0,4	0	-90,4
1861	01.09.2025 13:55:00,000	14,98	-0,41	-4,4	-84,6	-1,0	0	-91,0
1862	01.09.2025 13:55:01,000	15,01	-0,41	0,0	-89,2	-0,8	0	-90,8
1863	01.09.2025 13:55:02,000	15,01	-0,41	-3,3	-86,2	-0,5	0	-90,5
1864	01.09.2025 13:55:03,000	15,01	-0,41	-6,9	-82,8	-0,3	0	-90,3
1865	01.09.2025 13:55:04,000	15,01	-0,41	-2,4	-86,8	-0,8	0	-90,8
1866	01.09.2025 13:55:05,000	15,01	-0,41	-1,3	-88,3	-0,4	0	-90,4
1867	01.09.2025 13:55:06,000	15,01	-0,41	-7,2	-82,4	0,4	0	-89,6
1868	01.09.2025 13:55:07,000	15,01	-0,39	-3,5	-86,0	-0,5	0	-90,5
1869	01.09.2025 13:55:08,000	15,01	-0,41	-3,5	-85,4	1,2	0	-88,8
1870	01.09.2025 13:55:09,000	15,01	-0,39	-6,0	-82,6	-1,4	0	-91,4
1871	01.09.2025 13:55:10,000	15,01	-0,41	-3,5	-86,4	-0,1	0	-90,1
1872	01.09.2025 13:55:11,000	15,01	-0,41	-1,7	-86,6	1,7	0	-88,3
1873	01.09.2025 13:55:12,000	15,01	-0,41	-6,7	-83,2	0,1	0	-89,9
1874	01.09.2025 13:55:13,000	15,05	-0,41	-3,1	-86,5	0,4	0	-89,6
1875	01.09.2025 13:55:14,000	15,05	-0,39	-2,6	-86,7	0,8	0	-89,2
1876	01.09.2025 13:55:15,000	15,05	-0,41	-6,8	-83,1	-0,1	0	-90,1
1877	01.09.2025 13:55:16,000	15,05	-0,41	-0,7	-87,7	-1,6	0	-91,6
1878	01.09.2025 13:55:17,000	15,05	-0,43	-3,3	-86,4	-0,4	0	-90,4
1879	01.09.2025 13:55:18,000	15,05	-0,41	-5,1	-84,3	0,6	0	-89,4
1880	01.09.2025 13:55:19,000	15,05	-0,41	-4,3	-85,7	0,0	0	-90,0
1881	01.09.2025 13:55:20,000	15,05	-0,41	-2,4	-87,1	-0,5	0	-90,5
1882	01.09.2025 13:55:21,000	15,05	-0,41	-6,6	-82,6	-0,7	0	-90,7
1883	01.09.2025 13:55:22,000	15,05	-0,41	-6,3	-83,1	0,6	0	-89,4
1884	01.09.2025 13:55:23,000	15,08	-0,41	-0,5	-88,3	1,2	0	-88,8
1885	01.09.2025 13:55:24,000	15,08	-0,41	-5,4	-84,4	-0,2	0	-90,2
1886	01.09.2025 13:55:25,000	15,08	-0,41	-8,3	-81,2	0,5	0	-89,5
1887	01.09.2025 13:55:26,000	15,08	-0,41	-0,7	-88,8	0,5	0	-89,5
1888	01.09.2025 13:55:27,000	15,08	-0,41	-1,2	-88,3	-0,5	0	-90,5
1889	01.09.2025 13:55:28,000	15,08	-0,41	-7,3	-82,5	0,2	0	-89,8
1890	01.09.2025 13:55:29,000	15,08	-0,41	-3,6	-84,7	1,7	0	-88,3
1891	01.09.2025 13:55:30,000	15,08	-0,43	0,7	-88,4	-0,8	0	-90,8
1892	01.09.2025 13:55:31,000	15,08	-0,41	-7,2	-82,5	0,3	0	-89,7
1893	01.09.2025 13:55:32,000	15,08	-0,41	-5,1	-84,6	-0,3	0	-90,3
1894	01.09.2025 13:55:33,000	15,08	-0,41	-1,8	-88,0	0,2	0	-89,8
1895	01.09.2025 13:55:34,000	15,08	-0,41	-6,6	-83,3	-0,1	0	-90,1
1896	01.09.2025 13:55:35,000	15,11	-0,39	-6,8	-81,7	1,5	0	-88,4
1897	01.09.2025 13:55:36,000	15,11	-0,41	-2,7	-86,8	-0,5	0	-90,5
1898	01.09.2025 13:55:37,000	15,11	-0,39	-2,6	-87,1	0,3	0	-89,7
1899	01.09.2025 13:55:38,000	15,11	-0,39	-5,7	-83,9	-0,4	0	-90,4
1900	01.09.2025 13:55:39,000	15,11	-0,41	-5,9	-82,5	1,6	0	-88,4
1901	01.09.2025 13:55:40,000	15,11	-0,39	0,4	-88,8	-0,8	0	-90,8
1902	01.09.2025 13:55:41,000	15,11	-0,39	-4,1	-85,4	-0,5	0	-90,5
1903	01.09.2025 13:55:42,000	15,11	-0,39	-6,9	-82,5	0,6	1	-89,4
1904	01.09.2025 13:55:43,000	15,11	-0,39	1,1	-88,6	-0,3	0	-90,3
1905	01.09.2025 13:55:44,000	15,11	-0,39	-3,9	-85,3	-0,8	0	-90,8
1906	01.09.2025 13:55:45,000	15,11	-0,39	-6,1	-83,1	-0,8	0	-90,8
1907	01.09.2025 13:55:46,000	15,14	-0,39	-4,3	-85,2	0,5	0	-89,5
1908	01.09.2025 13:55:47,000	15,14	-0,39	-3,7	-86,2	0,1	0	-89,9
1909	01.09.2025 13:55:48,000	15,14	-0,39	-4,7	-84,6	-0,7	0	-90,7
1910	01.09.2025 13:55:49,000	15,14	-0,39	-7,4	-81,9	0,7	0	-89,3
1911	01.09.2025 13:55:50,000	15,14	-0,39	-2,1	-86,9	0,9	0	-89,1
1912	01.09.2025 13:55:51,000	15,14	-0,39	-4,1	-85,6	-0,3	0	-90,3
1913	01.09.2025 13:55:52,000	15,14	-0,39	-6,2	-83,2	-0,6	0	-90,6
1914	01.09.2025 13:55:53,000	15,14	-0,39	-4,1	-85,9	0,0	0	-90,0
1915	01.09.2025 13:55:54,000	15,14	-0,39	-1,7	-87,7	0,6	0	-89,4
1916	01.09.2025 13:55:55,000	15,14	-0,39	-3,9	-85,5	-0,6	0	-90,6
1917	01.09.2025 13:55:56,000	15,14	-0,39	-5,0	-84,6	-0,4	0	-90,4
1918	01.09.2025 13:55:57,000	15,14	-0,39	-3,8	-85,5	-0,7	0	-90,7
1919	01.09.2025 13:55:58,000	15,17	-0,39	-1,7	-88,1	-0,2	0	-90,2
1920	01.09.2025 13:55:59,000	15,17	-0,39	-6,3	-82,8	-0,9	0	-91,0
1921	01.09.2025 13:56:00,000	15,17	-0,41	-3,7	-85,4	0,9	0	-89,1
1922	01.09.2025 13:56:01,000	15,17	-0,41	-4,1	-85,3	-0,6	0	-90,6
1923	01.09.2025 13:56:02,000	15,17	-0,39	-4,0	-84,1	-2,0	0	-92,0
1924	01.09.2025 13:56:03,000	15,17	-0,39	-5,5	-83,6	0,9	0	-89,1
1925	01.09.2025 13:56:04,000	15,17	-0,39	-3,9	-85,3	0,8	0	-89,2
1926	01.09.2025 13:56:05,000	15,17	-0,39	-1,0	-87,8	-1,2	0	-91,2
1927	01.09.2025 13:56:06,000	15,17	-0,39	-6,3	-82,5	-1,2	0	-91,2
1928	01.09.2025 13:56:07,000	15,17	-0,39	-4,3	-84,6	1,1	0	-88,9
1929	01.09.2025 13:56:08,000	15,17	-0,41	-1,4	-87,4	1,2	0	-88,8
1930	01.09.2025 13:56:09,000	15,17	-0,39	-3,2	-86,6	-0,1	0	-90,1
1931	01.09.2025 13:56:10,000	15,17	-0,39	-6,6	-83,3	0,2	0	-89,8
1932	01.09.2025 13:56:11,000	15,20	-0,41	0,0	-87,9	2,1	0	-87,9
1933	01.09.2025 13:56:12,000	15,20	-0,41	-3,9	-85,4	-0,7	0	-90,7
1934	01.09.2025 13:56:13,000	15,20	-0,41	-6,2	-82,0	-1,9	0	-91,9
1935	01.09.2025 13:56:14,000	15,20	-0,39	-4,1	-85,1	0,8	0	-89,2
1936	01.09.2025 13:56:15,000	15,20	-0,39	-0,9	-87,7	-1,4	0	-91,4
1937	01.09.2025 13:56:16,000	15,20	-0,39	-8,5	-80,4	-1,1	0	-91,2
1938	01.09.2025 13:56:17,000	15,20	-0,39	-3,2	-86,4	0,3	0	-89,7
1939	01.09.2025 13:56:18,000	15,20	-0,39	-1,6	-88,2	0,2	0	-89,8
1940	01.09.2025 13:56:19,000	15,20	-0,39	-5,1	-84,1	-0,7	0	-90,7
1941	01.09.2025 13:56:20,000	15,20	-0,39	-4,5	-85,3	-0,1	0	-90,1
1942	01.09.2025 13:56:21,000	15,20	-0,39	-2,4	-86,8	0,8	0	-89,2
1943	01.09.2025 13:56:22,000	15,20	-0,39	-1,7	-88,1	-0,1	0	-90,1
1944	01.09.2025 13:56:23,000	15,20	-0,39	-7,7	-81,8	0,6	0	-89,4
1945	01.09.2025 13:56:24,000	15,23	-0,39	-3,6	-84,7	1,7	1	-88,3
1946	01.09.2025 13:56:25,000	15,23	-0,39	1,5	-87,1	-1,4	1	-91,4
1947	01.09.2025 13:56:26,000	15,23	-0,41	-9,4	-80,5	0,1	0	-89,9
1948	01.09.2025 13:56:27,000	15,23	-0,39	-3,3	-85,6	1,1	0	-88,9
1949	01.09.2025 13:56:28,000	15,23	-0,39	-2,0	-87,8	-0,1	0	-90,1
1950	01.09.2025 13:56:29,000	15,23	-0,41	-4,1	-85,0	-0,9	0	-90,9
1951	01.09.2025 13:56:30,000	15,23	-0,39	-5,5	-83,5	-1,1	0	-91,1
1952	01.09.2025 13:56:31,000	15,23	-0,41	-4,5	-85,0	-0,4	0	-90,4
1953	01.09.2025 13:56:32,000	15,23	-0,39	2,3	-87,3	0,4	0	-89,6
1954	01.09.2025 13:56:33,000	15,23	-0,41	-8,8	-80,6	-0,6	0	-90,6
1955	01.09.2025 13:56:34,000	15,23	-0,39	-5,8	-83,6	0,6	1	-89,4
1956	01.09.2025 13:56:35,000	15,23	-0,39	1,3	-87,8	-0,9	0	-90,9
1957	01.09.2025 13:56:36,000	15,26	-0,41	-4,0	-84,9	-1,2	0	-91,2
1958	01.09.2025 13:56:37,000	15,26	-0,41	-7,6	-80,7	1,7	1	-88,3
1959	01.09.2025 13:56:38,000	15,26	-0,41	1,4	-88,3	-0,3	0	-90,3
1960	01.09.2025 13:56:39,000	15,26	-0,39	-4,8	-85,0	-0,2	0	-90,2
1961	01.09.2025 13:56:40,000	15,26	-0,39	-7,1	-81,8	1,1	1	-88,9
1962	01.09.2025 13:56:41,000	15,26	-0,39	0,3	-89,3	-0,4	0	-90,4
1963	01.09.2025 13:56:42,000	15,26	-0,39	-6,0	-83,7	-0,3	0	-90,3
1964	01.09.2025 13:56:43,000	15,26	-0,39	-5,9	-82,5	1,6	1	-88,3
1965	01.09.2025 13:56:44,000	15,26	-0,41	0,1	-89,7	0,2	0	-89,8
1966	01.09.2025 13:56:45,000	15,26	-0,39	-7,1	-82,3	-0,6	0	-90,6
1967	01.09.2025 13:56:46,000	15,26	-0,41	-2,1	-86,0	-1,9	0	-91,9
1968	01.09.2025 13:56:47,000	15,26	-0,41	-4,3	-84,7	1,0	0	-88,9
1969	01.09.2025 13:56:48,000	15,26	-0,39	-5,7	-84,2	0,1	0	-89,9
1970	01.09.2025 13:56:49,000	15,26	-0,39	-1,2	-88,6	-0,2	0	-90,2
1971	01.09.2025 13:56:50,000	15,26	-0,41	-3,0	-87,0	-0,1	0	-90,1
1972	01.09.2025 13:56:51,000	15,29	-0,41	-4,3	-84,7	-1,0	0	-91,1
1973	01.09.2025 13:56:52,000	15,29	-0,39	-4,0	-85,5	0,5	0	-89,5
1974	01.09.2025 13:56:53,000	15,29	-0,39	1,0	-88,2	-0,8	0	-90,8
1975	01.09.2025 13:56:54,000	15,29	-0,41	-8,2	-81,8	0,0	0	-90,0
1976	01.09.2025 13:56:55,000	15,29	-0,41	-3,1	-86,5	0,5	1	-89,5
1977	01.09.2025 13:56:56,000	15,29	-0,39	-1,9	-87,2	-0,9	0	-90,9
1978	01.09.2025 13:56:57,000	15,29	-0,41	-5,9	-83,7	-0,4	0	-90,4
1979	01.09.2025 13:56:58,000	15,29	-0,41	-2,9	-86,6	0,4	0	-89,6
1980	01.09.2025 13:56:59,000	15,29	-0,41	-5,4	-84,3	0,3	0	-89,6
1981	01.09.2025 13:57:00,000	15,29	-0,41	-3,1	-86,4	-0,6	0	-90,6
1982	01.09.2025 13:57:01,000	15,29	-0,39	-6,2	-82,8	1,0	0	-89,0
1983	01.09.2025 13:57:02,000	15,29	-0,41	-2,6	-86,5	-0,9	0	-90,9
1984	01.09.2025 13:57:03,000	15,29	-0,39	-2,2	-87,4	-0,4	0	-90,4
1985	01.09.2025 13:57:04,000	15,29	-0,39	-6,1	-83,6	-0,4	0	-90,4
1986	01.09.2025 13:57:05,000	15,32	-0,41	-1,5	-88,4	0,1	0	-89,9
1987	01.09.2025 13:57:06,000	15,32	-0,39	-3,4	-85,0	1,6	0	-88,4
1988	01.09.2025 13:57:07,000	15,32	-0,39	-5,1	-84,6	-0,3	0	-90,3
1989	01.09.2025 13:57:08,000	15,32	-0,39	-3,7	-85,1	-1,1	0	-91,2
1990	01.09.2025 13:57:09,000	15,32	-0,41	-3,9	-85,6	0,6	0	-89,4
1991	01.09.2025 13:57:10,000	15,32	-0,41	-3,3	-86,1	-0,6	0	-90,6
1992	01.09.2025 13:57:11,000	15,32	-0,41	-7,2	-82,3	0,6	0	-89,4
1993	01.09.2025 13:57:12,000	15,32	-0,41	-2,6	-86,7	-0,7	0	-90,7
1994	01.09.2025 13:57:13,000	15,32	-0,39	-2,5	-87,5	0,0	0	-90,0
1995	01.09.2025 13:57:14,000	15,32	-0,37	-6,9	-81,7	-1,4	0	-91,5
1996	01.09.2025 13:57:15,000	15,32	-0,41	-3,6	-86,1	0,2	0	-89,8
1997	01.09.2025 13:57:16,000	15,32	-0,41	-1,5	-88,0	0,5	0	-89,5
1998	01.09.2025 13:57:17,000	15,32	-0,39	-4,7	-84,7	-0,6	0	-90,6
1999	01.09.2025 13:57:18,000	15,32	-0,41	-5,4	-84,2	-0,5	0	-90,5
2000	01.09.2025 13:57:19,000	15,32	-0,41	-2,0	-87,8	0,1	0	-89,9
2001	01.09.2025 13:57:20,000	15,32	-0,41	-3,5	-86,4	0,1	0	-89,9
2002	01.09.2025 13:57:21,000	15,35	-0,39	-5,0	-84,4	-0,6	0	-90,6
2003	01.09.2025 13:57:22,000	15,32	-0,41	-3,5	-85,6	-0,9	0	-90,9
2004	01.09.2025 13:57:23,000	15,32	-0,41	-5,1	-84,3	-0,6	0	-90,6
2005	01.09.2025 13:57:24,000	15,35	-0,41	-4,6	-84,9	-0,5	0	-90,5
2006	01.09.2025 13:57:25,000	15,35	-0,39	-4,8	-84,7	0,5	0	-89,5
2007	01.09.2025 13:57:26,000	15,35	-0,41	-3,2	-86,7	0,1	0	-89,9
2008	01.09.2025 13:57:27,000	15,35	-0,41	-6,8	-82,2	-1,0	0	-91,0
2009	01.09.2025 13:57:28,000	15,35	-0,41	-4,2	-85,6	0,2	0	-89,8
2010	01.09.2025 13:57:29,000	15,35	-0,39	-2,9	-86,0	-1,1	0	-91,1
2011	01.09.2025 13:57:30,000	15,35	-0,41	-3,8	-85,3	0,9	0	-89,1
2012	01.09.2025 13:57:31,000	15,35	-0,39	-5,8	-83,7	0,5	0	-89,5
2013	01.09.2025 13:57:32,000	15,35	-0,41	-1,0	-87,8	1,2	0	-88,8
2014	01.09.2025 13:57:33,000	15,35	-0,39	-6,3	-82,6	-1,1	0	-91,1
2015	01.09.2025 13:57:34,000	15,35	-0,39	-3,7	-85,8	0,5	0	-89,5
2016	01.09.2025 13:57:35,000	15,35	-0,41	-3,6	-85,9	0,6	0	-89,4
2017	01.09.2025 13:57:36,000	15,35	-0,39	-5,9	-83,8	-0,3	0	-90,3
2018	01.09.2025 13:57:37,000	15,35	-0,39	-5,6	-83,0	1,4	0	-88,6
2019	01.09.2025 13:57:38,000	15,35	-0,41	-0,9	-88,0	-1,1	0	-91,1
2020	01.09.2025 13:57:39,000	15,38	-0,39	-7,1	-82,0	0,9	0	-89,1
2021	01.09.2025 13:57:40,000	15,38	-0,41	-1,9	-87,9	0,2	0	-89,8
2022	01.09.2025 13:57:41,000	15,38	-0,39	-4,2	-85,6	-0,2	0	-90,2
2023	01.09.2025 13:57:42,000	15,38	-0,39	-4,3	-85,4	-0,3	0	-90,3
2024	01.09.2025 13:57:43,000	15,38	-0,39	-3,0	-84,9	-2,1	0	-92,2
2025	01.09.2025 13:57:44,000	15,38	-0,39	-2,5	-87,1	-0,3	0	-90,3
2026	01.09.2025 13:57:45,000	15,38	-0,39	-5,3	-84,3	-0,4	0	-90,4
2027	01.09.2025 13:57:46,000	15,38	-0,41	-2,7	-85,8	-1,5	0	-91,5
2028	01.09.2025 13:57:47,000	15,38	-0,41	-4,0	-85,6	-0,5	0	-90,5
2029	01.09.2025 13:57:48,000	15,38	-0,41	-4,4	-85,0	0,6	0	-89,4
2030	01.09.2025 13:57:49,000	15,38	-0,41	-5,3	-84,2	0,5	0	-89,5
2031	01.09.2025 13:57:50,000	15,38	-0,39	-2,5	-85,7	-1,8	0	-91,8
2032	01.09.2025 13:57:51,000	15,38	-0,39	-5,0	-85,0	0,0	0	-90,0
2033	01.09.2025 13:57:52,000	15,38	-0,41	-4,5	-84,2	1,4	0	-88,6
2034	01.09.2025 13:57:53,000	15,38	-0,39	-2,2	-87,6	-0,2	0	-90,2
2035	01.09.2025 13:57:54,000	15,38	-0,41	-4,8	-84,3	0,9	0	-89,1
2036	01.09.2025 13:57:55,000	15,38	-0,39	-1,5	-88,1	-0,4	0	-90,4
2037	01.09.2025 13:57:56,000	15,41	-0,39	-6,6	-82,2	1,3	0	-88,7
2038	01.09.2025 13:57:57,000	15,41	-0,41	-3,8	-86,1	0,1	0	-89,9
2039	01.09.2025 13:57:58,000	15,41	-0,41	-1,8	-86,4	-1,8	0	-91,8
2040	01.09.2025 13:57:59,000	15,41	-0,41	-7,2	-81,8	1,1	0	-88,9
2041	01.09.2025 13:58:00,000	15,41	-0,39	-1,6	-88,3	-0,2	0	-90,2
2042	01.09.2025 13:58:01,000	15,41	-0,39	-5,2	-84,7	-0,1	0	-90,1
2043	01.09.2025 13:58:02,000	15,41	-0,41	-7,9	-81,8	0,3	0	-89,7
2044	01.09.2025 13:58:03,000	15,41	-0,39	-2,3	-86,3	1,4	0	-88,6
2045	01.09.2025 13:58:04,000	15,41	-0,41	-2,4	-87,5	0,1	0	-89,9
2046	01.09.2025 13:58:05,000	15,41	-0,39	-6,6	-81,6	1,8	0	-88,1
2047	01.09.2025 13:58:06,000	15,41	-0,41	-0,8	-88,7	-0,6	0	-90,6
2048	01.09.2025 13:58:07,000	15,41	-0,41	-4,8	-84,4	0,7	0	-89,3
2049	01.09.2025 13:58:08,000	15,41	-0,41	-3,2	-86,4	0,4	0	-89,6
2050	01.09.2025 13:58:09,000	15,41	-0,41	-1,2	-87,0	-1,8	0	-91,8
2051	01.09.2025 13:58:10,000	15,41	-0,41	-6,3	-83,0	-0,7	0	-90,7
2052	01.09.2025 13:58:11,000	15,41	-0,41	-5,0	-83,3	1,7	1	-88,3
2053	01.09.2025 13:58:12,000	15,44	-0,39	0,5	-87,3	-2,3	0	-92,3
2054	01.09.2025 13:58:13,000	15,44	-0,39	-7,7	-82,1	-0,3	0	-90,3
2055	01.09.2025 13:58:14,000	15,44	-0,37	-5,7	-82,9	-1,3	0	-91,4
2056	01.09.2025 13:58:15,000	15,44	-0,39	0,8	-88,6	-0,6	0	-90,6
2057	01.09.2025 13:58:16,000	15,44	-0,39	-7,3	-82,6	0,1	0	-89,9
2058	01.09.2025 13:58:17,000	15,44	-0,39	-5,7	-83,7	0,5	0	-89,5
2059	01.09.2025 13:58:18,000	15,44	-0,37	-3,5	-85,3	-1,2	0	-91,2
2060	01.09.2025 13:58:19,000	15,44	-0,39	-3,0	-86,1	-0,9	0	-90,9
2061	01.09.2025 13:58:20,000	15,44	-0,37	-2,4	-86,9	-0,7	0	-90,7
2062	01.09.2025 13:58:21,000	15,44	-0,37	-4,9	-85,1	0,0	0	-90,0
2063	01.09.2025 13:58:22,000	15,44	-0,39	-1,7	-88,0	0,3	0	-89,7
2064	01.09.2025 13:58:23,000	15,44	-0,37	-5,6	-84,1	-0,3	0	-90,3
2065	01.09.2025 13:58:24,000	15,44	-0,39	-4,2	-85,1	-0,7	0	-90,7
2066	01.09.2025 13:58:25,000	15,44	-0,39	-4,2	-85,6	-0,2	0	-90,2
2067	01.09.2025 13:58:26,000	15,44	-0,37	-5,3	-83,8	-0,9	0	-90,9
2068	01.09.2025 13:58:27,000	15,44	-0,39	-2,4	-87,4	0,2	0	-89,8
2069	01.09.2025 13:58:28,000	15,47	-0,39	-6,8	-82,8	-0,4	0	-90,4
2070	01.09.2025 13:58:29,000	15,47	-0,39	-3,8	-85,7	-0,5	0	-90,5
2071	01.09.2025 13:58:30,000	15,47	-0,39	-3,5	-86,0	0,5	0	-89,5
2072	01.09.2025 13:58:31,000	15,47	-0,39	-7,1	-81,5	-1,4	0	-91,5
2073	01.09.2025 13:58:32,000	15,47	-0,37	-1,3	-87,9	-0,8	0	-90,8
2074	01.09.2025 13:58:33,000	15,47	-0,39	-3,3	-86,6	-0,1	0	-90,1
2075	01.09.2025 13:58:34,000	15,47	-0,39	-5,6	-84,2	-0,2	0	-90,2
2076	01.09.2025 13:58:35,000	15,47	-0,39	-2,0	-85,4	-2,6	0	-92,6
2077	01.09.2025 13:58:36,000	15,47	-0,39	-4,1	-85,8	-0,1	0	-90,1
2078	01.09.2025 13:58:37,000	15,47	-0,39	-5,5	-83,6	-0,9	0	-90,9
2079	01.09.2025 13:58:38,000	15,47	-0,37	-3,9	-85,1	-1,0	0	-91,1
2080	01.09.2025 13:58:39,000	15,47	-0,39	-3,9	-85,9	-0,2	0	-90,2
2081	01.09.2025 13:58:40,000	15,47	-0,39	-5,7	-84,0	0,3	0	-89,7
2082	01.09.2025 13:58:41,000	15,47	-0,39	-3,1	-86,4	-0,5	0	-90,5
2083	01.09.2025 13:58:42,000	15,47	-0,39	-3,9	-85,4	0,7	0	-89,3
2084	01.09.2025 13:58:43,000	15,47	-0,39	-3,4	-85,5	-1,1	0	-91,1
2085	01.09.2025 13:58:44,000	15,50	-0,39	-5,8	-84,1	-0,1	0	-90,1
2086	01.09.2025 13:58:45,000	15,50	-0,39	-2,1	-87,6	-0,3	0	-90,3
2087	01.09.2025 13:58:46,000	15,50	-0,39	-3,9	-85,9	-0,2	0	-90,2
2088	01.09.2025 13:58:47,000	15,50	-0,39	-5,6	-83,5	-0,9	0	-90,9
2089	01.09.2025 13:58:48,000	15,50	-0,39	-2,6	-86,0	1,4	0	-88,6
2090	01.09.2025 13:58:49,000	15,50	-0,41	-4,4	-84,4	-1,2	0	-91,2
2091	01.09.2025 13:58:50,000	15,50	-0,39	-6,3	-83,1	-0,6	0	-90,6
2092	01.09.2025 13:58:51,000	15,50	-0,39	-3,8	-84,7	-1,5	0	-91,5
2093	01.09.2025 13:58:52,000	15,50	-0,39	-5,4	-84,6	-0,1	0	-90,1
2094	01.09.2025 13:58:53,000	15,50	-0,37	-4,2	-83,9	-1,8	0	-91,9
2095	01.09.2025 13:58:54,000	15,50	-0,39	-6,2	-82,5	-1,3	0	-91,4
2096	01.09.2025 13:58:55,000	15,50	-0,39	-4,8	-84,5	0,8	0	-89,2
2097	01.09.2025 13:58:56,000	15,50	-0,39	-0,5	-89,3	0,2	0	-89,8
2098	01.09.2025 13:58:57,000	15,50	-0,37	-5,2	-83,1	-1,7	0	-91,8
2099	01.09.2025 13:58:58,000	15,50	-0,39	-5,1	-84,2	0,7	1	-89,3
2100	01.09.2025 13:58:59,000	15,50	-0,37	-2,7	-86,2	1,2	0	-88,8
2101	01.09.2025 13:59:00,000	15,50	-0,39	-0,7	-87,0	-2,3	0	-92,3
2102	01.09.2025 13:59:01,000	15,54	-0,39	-7,8	-80,9	-1,3	0	-91,3
2103	01.09.2025 13:59:02,000	15,54	-0,39	-4,6	-84,0	1,3	1	-88,6
2104	01.09.2025 13:59:03,000	15,54	-0,37	1,4	-87,1	-1,5	0	-91,5
2105	01.09.2025 13:59:04,000	15,54	-0,37	-9,2	-80,7	-0,2	0	-90,2
2106	01.09.2025 13:59:05,000	15,54	-0,39	-4,8	-83,5	-1,7	0	-91,7
2107	01.09.2025 13:59:06,000	15,54	-0,37	-4,4	-84,0	-1,6	0	-91,7
2108	01.09.2025 13:59:07,000	15,54	-0,39	-2,9	-85,9	1,1	0	-88,9
2109	01.09.2025 13:59:08,000	15,54	-0,39	-3,6	-85,5	-0,9	0	-90,9
2110	01.09.2025 13:59:09,000	15,54	-0,37	-4,4	-84,3	-1,3	0	-91,3
2111	01.09.2025 13:59:10,000	15,54	-0,39	-4,1	-85,3	0,6	0	-89,4
2112	01.09.2025 13:59:11,000	15,54	-0,39	-0,6	-88,9	-0,5	0	-90,5
2113	01.09.2025 13:59:12,000	15,54	-0,39	-4,1	-84,3	-1,6	0	-91,6
2114	01.09.2025 13:59:13,000	15,54	-0,39	-6,9	-82,9	0,2	0	-89,8
2115	01.09.2025 13:59:14,000	15,54	-0,39	-1,9	-86,9	1,1	0	-88,8
2116	01.09.2025 13:59:15,000	15,54	-0,39	-3,1	-86,4	-0,5	0	-90,5
2117	01.09.2025 13:59:16,000	15,54	-0,39	-6,5	-82,4	1,1	0	-88,9
2118	01.09.2025 13:59:17,000	15,54	-0,39	-4,0	-85,6	-0,5	0	-90,5
2119	01.09.2025 13:59:18,000	15,57	-0,39	-2,0	-87,7	0,3	0	-89,7
2120	01.09.2025 13:59:19,000	15,57	-0,39	-6,3	-83,1	0,7	0	-89,3
2121	01.09.2025 13:59:20,000	15,57	-0,39	-2,3	-86,5	-1,2	0	-91,2
2122	01.09.2025 13:59:21,000	15,57	-0,39	-4,6	-84,9	0,5	0	-89,5
2123	01.09.2025 13:59:22,000	15,57	-0,39	-3,2	-86,6	-0,2	0	-90,2
2124	01.09.2025 13:59:23,000	15,57	-0,39	-3,2	-86,4	0,3	0	-89,7
2125	01.09.2025 13:59:24,000	15,57	-0,37	-3,9	-85,0	1,1	0	-88,9
2126	01.09.2025 13:59:25,000	15,57	-0,39	-4,8	-85,2	0,0	0	-90,0
2127	01.09.2025 13:59:26,000	15,57	-0,39	-4,1	-85,2	0,7	0	-89,3
2128	01.09.2025 13:59:27,000	15,57	-0,39	-3,2	-86,4	0,5	0	-89,5
2129	01.09.2025 13:59:28,000	15,57	-0,39	-6,7	-82,6	0,6	0	-89,3
2130	01.09.2025 13:59:29,000	15,57	-0,39	-3,7	-86,0	0,3	0	-89,7
2131	01.09.2025 13:59:30,000	15,57	-0,39	-2,9	-85,9	1,2	0	-88,8
2132	01.09.2025 13:59:31,000	15,57	-0,39	-6,5	-83,1	-0,4	0	-90,4
2133	01.09.2025 13:59:32,000	15,57	-0,39	-4,7	-85,2	0,1	0	-89,9
2134	01.09.2025 13:59:33,000	15,57	-0,39	-1,4	-88,4	0,2	0	-89,8
2135	01.09.2025 13:59:34,000	15,57	-0,39	-2,4	-85,9	-1,7	0	-91,7
2136	01.09.2025 13:59:35,000	15,57	-0,41	-6,3	-83,4	-0,3	0	-90,3
2137	01.09.2025 13:59:36,000	15,57	-0,39	-2,4	-87,2	-0,4	0	-90,4
2138	01.09.2025 13:59:37,000	15,60	-0,39	-3,7	-85,8	-0,5	0	-90,5
2139	01.09.2025 13:59:38,000	15,60	-0,39	-4,8	-84,5	0,7	0	-89,3
2140	01.09.2025 13:59:39,000	15,60	-0,37	-4,8	-84,4	-0,9	0	-90,9
2141	01.09.2025 13:59:40,000	15,60	-0,37	-1,2	-88,1	-0,8	0	-90,8
2142	01.09.2025 13:59:41,000	15,60	-0,39	-8,1	-81,6	-0,3	0	-90,3
2143	01.09.2025 13:59:42,000	15,60	-0,39	-3,8	-85,7	0,5	0	-89,4
2144	01.09.2025 13:59:43,000	15,60	-0,39	-1,7	-87,8	-0,5	0	-90,5
2145	01.09.2025 13:59:44,000	15,60	-0,37	-4,8	-84,0	-1,1	0	-91,2
2146	01.09.2025 13:59:45,000	15,60	-0,39	-4,8	-84,5	0,7	0	-89,3
2147	01.09.2025 13:59:46,000	15,60	-0,39	-3,9	-84,8	1,3	0	-88,7
2148	01.09.2025 13:59:47,000	15,60	-0,39	-1,1	-88,2	-0,8	0	-90,8
2149	01.09.2025 13:59:48,000	15,60	-0,39	-6,8	-82,4	-0,8	0	-90,8
2150	01.09.2025 13:59:49,000	15,60	-0,37	-5,4	-84,2	0,3	1	-89,7
2151	01.09.2025 13:59:50,000	15,60	-0,37	-0,7	-88,0	-1,4	0	-91,4
2152	01.09.2025 13:59:51,000	15,60	-0,39	-6,7	-82,9	-0,4	0	-90,4
2153	01.09.2025 13:59:52,000	15,60	-0,37	-7,8	-81,6	-0,6	0	-90,6
2154	01.09.2025 13:59:53,000	15,60	-0,39	0,7	-87,7	-1,6	0	-91,6
2155	01.09.2025 13:59:54,000	15,63	-0,39	-4,1	-85,3	-0,6	0	-90,6
2156	01.09.2025 13:59:55,000	15,63	-0,37	-8,1	-79,9	2,1	0	-87,9
2157	01.09.2025 13:59:56,000	15,63	-0,39	-1,3	-87,5	-1,2	0	-91,2
2158	01.09.2025 13:59:57,000	15,63	-0,39	-1,2	-88,8	0,0	0	-90,0
2159	01.09.2025 13:59:58,000	15,63	-0,39	-7,6	-81,5	0,8	0	-89,1
2160	01.09.2025 13:59:59,000	15,63	-0,39	-2,5	-86,4	1,2	0	-88,8
2161	01.09.2025 14:00:00,000	15,63	-0,39	-0,8	-88,5	-0,7	0	-90,7
2162	01.09.2025 14:00:01,000	15,63	-0,39	-6,9	-81,6	-1,5	0	-91,5
2163	01.09.2025 14:00:02,000	15,63	-0,39	-4,4	-85,2	-0,4	0	-90,4
2164	01.09.2025 14:00:03,000	15,63	-0,39	-1,1	-87,3	-1,5	0	-91,5
2165	01.09.2025 14:00:04,000	15,63	-0,39	-6,6	-82,8	0,6	0	-89,4
2166	01.09.2025 14:00:05,000	15,63	-0,39	-1,9	-87,0	-1,0	0	-91,0
2167	01.09.2025 14:00:06,000	15,63	-0,39	-8,2	-81,4	-0,4	0	-90,4
2168	01.09.2025 14:00:07,000	15,63	-0,39	-3,8	-85,1	-1,2	0	-91,2
2169	01.09.2025 14:00:08,000	15,63	-0,39	-2,0	-86,9	-1,1	0	-91,1
2170	01.09.2025 14:00:09,000	15,63	-0,39	-5,3	-83,8	0,9	0	-89,1
2171	01.09.2025 14:00:10,000	15,63	-0,39	-3,7	-85,9	-0,4	0	-90,4
2172	01.09.2025 14:00:11,000	15,63	-0,39	-3,9	-85,6	-0,5	0	-90,5
2173	01.09.2025 14:00:12,000	15,63	-0,39	-0,5	-88,6	-0,9	0	-90,9
2174	01.09.2025 14:00:13,000	15,66	-0,39	-7,2	-80,9	1,9	0	-88,1
2175	01.09.2025 14:00:14,000	15,66	-0,39	-3,4	-86,4	-0,3	0	-90,3
2176	01.09.2025 14:00:15,000	15,66	-0,39	-2,0	-87,5	-0,6	0	-90,6
2177	01.09.2025 14:00:16,000	15,66	-0,39	-6,0	-82,9	-1,1	0	-91,1
2178	01.09.2025 14:00:17,000	15,66	-0,39	-6,5	-83,0	0,5	0	-89,5
2179	01.09.2025 14:00:18,000	15,66	-0,39	0,9	-88,8	0,3	0	-89,7
2180	01.09.2025 14:00:19,000	15,66	-0,39	-7,6	-82,0	0,5	0	-89,5
2181	01.09.2025 14:00:20,000	15,66	-0,39	-6,5	-82,8	0,7	0	-89,3
2182	01.09.2025 14:00:21,000	15,66	-0,39	-0,6	-89,1	-0,3	0	-90,3
2183	01.09.2025 14:00:22,000	15,66	-0,41	-2,9	-86,1	1,0	0	-89,0
2184	01.09.2025 14:00:23,000	15,66	-0,39	-4,0	-85,1	-1,0	0	-91,0
2185	01.09.2025 14:00:24,000	15,66	-0,39	-4,2	-85,4	-0,4	0	-90,4
2186	01.09.2025 14:00:25,000	15,66	-0,37	-2,6	-87,2	-0,2	0	-90,2
2187	01.09.2025 14:00:26,000	15,66	-0,39	-2,5	-87,2	-0,3	0	-90,3
2188	01.09.2025 14:00:27,000	15,66	-0,39	-5,2	-82,9	-1,8	0	-91,9
2189	01.09.2025 14:00:28,000	15,66	-0,41	-5,3	-82,9	1,8	0	-88,1
2190	01.09.2025 14:00:29,000	15,69	-0,39	-4,1	-85,1	0,8	0	-89,2
2191	01.09.2025 14:00:30,000	15,69	-0,39	-5,3	-84,0	-0,7	0	-90,7
2192	01.09.2025 14:00:31,000	15,69	-0,39	-3,3	-86,2	-0,5	0	-90,5
2193	01.09.2025 14:00:32,000	15,69	-0,39	-7,8	-80,1	2,0	0	-87,9
2194	01.09.2025 14:00:33,000	15,69	-0,41	-1,5	-88,5	0,0	0	-90,0
2195	01.09.2025 14:00:34,000	15,69	-0,39	-4,8	-85,1	-0,1	0	-90,1
2196	01.09.2025 14:00:35,000	15,69	-0,41	-5,0	-83,8	1,2	0	-88,8
2197	01.09.2025 14:00:36,000	15,69	-0,39	-0,6	-88,0	-1,4	0	-91,4
2198	01.09.2025 14:00:37,000	15,69	-0,39	-3,7	-85,3	-1,0	0	-91,1
2199	01.09.2025 14:00:38,000	15,69	-0,39	-4,5	-84,9	0,6	0	-89,4
2200	01.09.2025 14:00:39,000	15,69	-0,39	-3,4	-86,3	-0,3	0	-90,3
2201	01.09.2025 14:00:40,000	15,69	-0,39	-3,3	-86,2	0,5	0	-89,5
2202	01.09.2025 14:00:41,000	15,69	-0,39	-6,7	-83,0	0,3	0	-89,7
2203	01.09.2025 14:00:42,000	15,69	-0,39	-5,0	-84,9	-0,1	0	-90,1
2204	01.09.2025 14:00:43,000	15,69	-0,39	-2,8	-87,0	0,2	0	-89,8
2205	01.09.2025 14:00:44,000	15,69	-0,39	-5,0	-85,0	0,0	0	-90,0
2206	01.09.2025 14:00:45,000	15,69	-0,39	-5,1	-84,1	0,8	0	-89,2
2207	01.09.2025 14:00:46,000	15,69	-0,39	-4,9	-84,4	0,7	0	-89,3
2208	01.09.2025 14:00:47,000	15,69	-0,39	0,2	-89,1	-0,7	0	-90,7
2209	01.09.2025 14:00:48,000	15,69	-0,39	-6,2	-82,6	1,2	0	-88,8
2210	01.09.2025 14:00:49,000	15,69	-0,39	-4,8	-84,5	0,7	0	-89,3
2211	01.09.2025 14:00:50,000	15,69	-0,39	-1,8	-87,1	-1,1	0	-91,1
2212	01.09.2025 14:00:51,000	15,72	-0,41	-3,5	-84,6	-1,9	0	-92,0
2213	01.09.2025 14:00:52,000	15,72	-0,41	-5,4	-84,5	-0,1	0	-90,1
2214	01.09.2025 14:00:53,000	15,72	-0,39	-4,1	-84,9	1,0	0	-88,9
2215	01.09.2025 14:00:54,000	15,72	-0,39	-3,5	-86,2	0,4	0	-89,6
2216	01.09.2025 14:00:55,000	15,72	-0,39	-6,9	-83,0	0,1	0	-89,9
2217	01.09.2025 14:00:56,000	15,72	-0,39	-3,7	-84,6	1,7	0	-88,2
2218	01.09.2025 14:00:57,000	15,72	-0,39	-1,8	-87,8	-0,5	0	-90,5
2219	01.09.2025 14:00:58,000	15,72	-0,41	-5,8	-83,8	-0,4	0	-90,4
2220	01.09.2025 14:00:59,000	15,72	-0,39	-2,8	-87,0	0,2	0	-89,8
2221	01.09.2025 14:01:00,000	15,72	-0,39	-3,7	-85,3	-1,1	0	-91,1
2222	01.09.2025 14:01:01,000	15,72	-0,39	-2,4	-87,1	0,5	0	-89,5
2223	01.09.2025 14:01:02,000	15,72	-0,39	-1,3	-86,6	-2,2	0	-92,2
2224	01.09.2025 14:01:03,000	15,72	-0,41	-7,3	-81,4	1,3	0	-88,7
2225	01.09.2025 14:01:04,000	15,72	-0,39	-2,8	-87,0	0,1	0	-89,9
2226	01.09.2025 14:01:05,000	15,72	-0,39	-0,9	-88,0	-1,1	1	-91,1
2227	01.09.2025 14:01:06,000	15,72	-0,41	-9,9	-80,0	-0,1	0	-90,1
2228	01.09.2025 14:01:07,000	15,72	-0,39	-4,2	-84,1	1,7	0	-88,3
2229	01.09.2025 14:01:08,000	15,75	-0,41	1,7	-87,7	-0,6	1	-90,6
2230	01.09.2025 14:01:09,000	15,75	-0,41	-7,7	-82,1	-0,3	0	-90,3
2231	01.09.2025 14:01:10,000	15,75	-0,41	-6,0	-83,4	0,5	0	-89,5
2232	01.09.2025 14:01:11,000	15,75	-0,39	0,3	-88,8	-0,9	0	-90,9
2233	01.09.2025 14:01:12,000	15,75	-0,41	-2,8	-86,7	0,5	0	-89,5
2234	01.09.2025 14:01:13,000	15,75	-0,39	-8,0	-80,7	1,3	0	-88,7
2235	01.09.2025 14:01:14,000	15,75	-0,39	0,5	-88,2	-1,4	0	-91,4
2236	01.09.2025 14:01:15,000	15,75	-0,41	-3,4	-86,6	-0,1	0	-90,1
2237	01.09.2025 14:01:16,000	15,75	-0,41	-7,3	-82,3	0,4	0	-89,6
2238	01.09.2025 14:01:17,000	15,75	-0,39	-1,7	-88,3	0,0	0	-90,0
2239	01.09.2025 14:01:18,000	15,75	-0,41	-5,7	-83,1	1,2	0	-88,8
2240	01.09.2025 14:01:19,000	15,75	-0,39	-6,8	-82,5	0,7	0	-89,3
2241	01.09.2025 14:01:20,000	15,75	-0,41	-2,5	-87,3	0,2	0	-89,8
2242	01.09.2025 14:01:21,000	15,75	-0,41	-4,0	-85,8	-0,2	0	-90,2
2243	01.09.2025 14:01:22,000	15,75	-0,41	-5,4	-82,9	1,7	0	-88,3
2244	01.09.2025 14:01:23,000	15,75	-0,39	-0,8	-88,7	0,5	0	-89,5
2245	01.09.2025 14:01:24,000	15,75	-0,41	-6,1	-83,4	0,4	0	-89,6
2246	01.09.2025 14:01:25,000	15,75	-0,39	-2,6	-86,9	0,4	0	-89,6
2247	01.09.2025 14:01:26,000	15,75	-0,41	-3,7	-85,2	-1,2	0	-91,2
2248	01.09.2025 14:01:27,000	15,75	-0,41	-4,7	-83,9	1,4	0	-88,6
2249	01.09.2025 14:01:28,000	15,78	-0,39	-1,4	-87,9	0,7	0	-89,3
2250	01.09.2025 14:01:29,000	15,78	-0,37	-5,2	-83,1	-1,6	0	-91,7
2251	01.09.2025 14:01:30,000	15,78	-0,39	-5,9	-83,5	0,6	1	-89,4
2252	01.09.2025 14:01:31,000	15,78	-0,39	-1,6	-87,7	-0,7	0	-90,7
2253	01.09.2025 14:01:32,000	15,78	-0,37	-5,4	-84,1	-0,5	0	-90,5
2254	01.09.2025 14:01:33,000	15,78	-0,39	-5,0	-84,7	0,3	0	-89,7
2255	01.09.2025 14:01:34,000	15,78	-0,39	-2,8	-86,5	0,7	0	-89,3
2256	01.09.2025 14:01:35,000	15,78	-0,37	-4,0	-85,8	0,2	0	-89,8
2257	01.09.2025 14:01:36,000	15,78	-0,39	-2,0	-87,5	-0,5	0	-90,6
2258	01.09.2025 14:01:37,000	15,78	-0,39	-6,6	-82,3	1,1	0	-88,9
2259	01.09.2025 14:01:38,000	15,78	-0,39	-1,8	-87,9	-0,4	0	-90,4
2260	01.09.2025 14:01:39,000	15,78	-0,37	-3,6	-86,4	0,0	0	-90,0
2261	01.09.2025 14:01:40,000	15,78	-0,39	-3,2	-85,8	1,0	0	-89,0
2262	01.09.2025 14:01:41,000	15,78	-0,37	-5,0	-83,8	-1,2	0	-91,2
2263	01.09.2025 14:01:42,000	15,78	-0,37	-4,2	-84,9	-0,9	0	-90,9
2264	01.09.2025 14:01:43,000	15,78	-0,37	-4,4	-85,1	0,5	0	-89,5
2265	01.09.2025 14:01:44,000	15,78	-0,39	-4,7	-82,6	2,7	0	-87,2
2266	01.09.2025 14:01:45,000	15,78	-0,37	-5,4	-84,1	-0,5	0	-90,5
2267	01.09.2025 14:01:46,000	15,78	-0,39	-4,8	-84,6	-0,6	0	-90,6
2268	01.09.2025 14:01:47,000	15,78	-0,37	-3,8	-85,9	0,4	0	-89,6
2269	01.09.2025 14:01:48,000	15,81	-0,37	-3,2	-85,3	1,4	0	-88,5
2270	01.09.2025 14:01:49,000	15,81	-0,39	-2,5	-86,5	-1,0	0	-91,0
2271	01.09.2025 14:01:50,000	15,81	-0,39	-3,2	-86,2	0,6	0	-89,4
2272	01.09.2025 14:01:51,000	15,81	-0,39	-5,3	-84,0	0,7	0	-89,3
2273	01.09.2025 14:01:52,000	15,81	-0,39	-3,9	-85,8	0,4	0	-89,6
2274	01.09.2025 14:01:53,000	15,81	-0,39	-1,7	-87,3	1,0	0	-89,0
2275	01.09.2025 14:01:54,000	15,81	-0,39	-6,0	-82,8	1,2	0	-88,8
2276	01.09.2025 14:01:55,000	15,81	-0,39	-5,4	-83,8	-0,8	0	-90,8
2277	01.09.2025 14:01:56,000	15,81	-0,37	-2,0	-87,4	0,6	0	-89,4
2278	01.09.2025 14:01:57,000	15,81	-0,37	-7,0	-81,7	1,3	0	-88,6
2279	01.09.2025 14:01:58,000	15,81	-0,39	-1,9	-87,8	0,3	0	-89,7
2280	01.09.2025 14:01:59,000	15,81	-0,39	-3,9	-85,1	-1,0	0	-91,0
2281	01.09.2025 14:02:00,000	15,81	-0,37	-5,4	-83,2	1,4	0	-88,6
2282	01.09.2025 14:02:01,000	15,81	-0,39	-0,2	-87,8	2,0	0	-88,0
2283	01.09.2025 14:02:02,000	15,81	-0,39	-6,3	-83,1	0,5	0	-89,4
2284	01.09.2025 14:02:03,000	15,81	-0,37	-3,8	-85,2	-1,0	0	-91,0
2285	01.09.2025 14:02:04,000	15,81	-0,34	-2,7	-85,6	1,7	0	-88,3
2286	01.09.2025 14:02:05,000	15,81	-0,37	-3,0	-86,4	0,6	0	-89,4
2287	01.09.2025 14:02:06,000	15,81	-0,39	-8,0	-81,5	0,5	0	-89,5
2288	01.09.2025 14:02:07,000	15,81	-0,39	-3,9	-84,5	1,5	0	-88,5
2289	01.09.2025 14:02:08,000	15,81	-0,39	-2,5	-86,4	1,1	0	-88,9
2290	01.09.2025 14:02:09,000	15,81	-0,41	-6,0	-83,9	0,0	0	-90,0
2291	01.09.2025 14:02:10,000	15,81	-0,39	-3,6	-86,2	0,2	0	-89,8
2292	01.09.2025 14:02:11,000	15,81	-0,39	-1,2	-88,7	-0,1	0	-90,1
2293	01.09.2025 14:02:12,000	15,81	-0,39	-3,7	-86,1	0,2	0	-89,8
2294	01.09.2025 14:02:13,000	15,81	-0,39	-4,0	-85,3	-0,7	0	-90,7
2295	01.09.2025 14:02:14,000	15,84	-0,39	-3,5	-85,5	-1,0	0	-91,0
2296	01.09.2025 14:02:15,000	15,84	-0,39	-3,3	-85,9	-0,8	0	-90,8
2297	01.09.2025 14:02:16,000	15,84	-0,39	-6,3	-82,7	1,0	0	-89,0
2298	01.09.2025 14:02:17,000	15,84	-0,39	-5,5	-83,7	0,8	0	-89,1
2299	01.09.2025 14:02:18,000	15,84	-0,39	-1,9	-86,8	-1,3	0	-91,4
2300	01.09.2025 14:02:19,000	15,84	-0,39	-5,8	-83,7	0,6	0	-89,4
2301	01.09.2025 14:02:20,000	15,84	-0,39	-4,0	-84,3	1,7	0	-88,3
2302	01.09.2025 14:02:21,000	15,84	-0,39	-0,9	-88,3	-0,8	0	-90,8
2303	01.09.2025 14:02:22,000	15,84	-0,39	-6,6	-82,5	0,9	0	-89,1
2304	01.09.2025 14:02:23,000	15,84	-0,39	-3,1	-86,0	-0,9	0	-90,9
2305	01.09.2025 14:02:24,000	15,84	-0,39	-1,8	-87,6	-0,7	0	-90,7
2306	01.09.2025 14:02:25,000	15,84	-0,37	-3,6	-85,2	-1,2	0	-91,2
2307	01.09.2025 14:02:26,000	15,84	-0,39	-5,7	-84,2	0,1	1	-89,9
2308	01.09.2025 14:02:27,000	15,84	-0,39	-1,0	-88,1	-0,9	0	-90,9
2309	01.09.2025 14:02:28,000	15,84	-0,37	-5,9	-82,7	-1,4	0	-91,4
2310	01.09.2025 14:02:29,000	15,84	-0,39	-6,9	-82,4	0,7	0	-89,3
2311	01.09.2025 14:02:30,000	15,84	-0,39	-2,8	-87,2	0,1	0	-89,9
2312	01.09.2025 14:02:31,000	15,84	-0,39	-3,1	-86,4	0,5	0	-89,5
2313	01.09.2025 14:02:32,000	15,84	-0,39	-6,0	-83,6	-0,5	0	-90,5
2314	01.09.2025 14:02:33,000	15,84	-0,39	-4,9	-83,6	-1,5	0	-91,6
2315	01.09.2025 14:02:34,000	15,84	-0,37	-2,0	-87,1	-0,9	0	-90,9
2316	01.09.2025 14:02:35,000	15,84	-0,39	-3,6	-85,8	-0,6	0	-90,6
2317	01.09.2025 14:02:36,000	15,84	-0,39	-3,6	-85,5	-0,9	0	-90,9
2318	01.09.2025 14:02:37,000	15,84	-0,37	-4,1	-85,6	0,3	0	-89,7
2319	01.09.2025 14:02:38,000	15,84	-0,39	-2,9	-86,9	-0,3	0	-90,3
2320	01.09.2025 14:02:39,000	15,84	-0,39	-3,9	-85,9	0,3	0	-89,7
2321	01.09.2025 14:02:40,000	15,87	-0,41	-6,5	-81,7	1,9	0	-88,1
2322	01.09.2025 14:02:41,000	15,87	-0,39	-3,9	-85,7	0,4	0	-89,6
2323	01.09.2025 14:02:42,000	15,87	-0,39	-6,1	-82,9	-1,0	0	-91,0
2324	01.09.2025 14:02:43,000	15,87	-0,39	-4,2	-83,6	2,2	0	-87,8
2325	01.09.2025 14:02:44,000	15,87	-0,39	-0,9	-87,9	-1,2	0	-91,2
2326	01.09.2025 14:02:45,000	15,87	-0,39	-6,7	-82,6	0,7	0	-89,3
2327	01.09.2025 14:02:46,000	15,87	-0,39	-1,8	-87,8	-0,5	0	-90,5
2328	01.09.2025 14:02:47,000	15,87	-0,39	-2,1	-87,8	-0,1	0	-90,1
2329	01.09.2025 14:02:48,000	15,87	-0,39	-5,1	-83,9	-1,0	0	-91,0
2330	01.09.2025 14:02:49,000	15,87	-0,39	-3,6	-85,6	-0,8	0	-90,8
2331	01.09.2025 14:02:50,000	15,87	-0,39	-2,6	-86,8	0,6	0	-89,4
2332	01.09.2025 14:02:51,000	15,87	-0,39	-6,1	-83,3	-0,6	0	-90,7
2333	01.09.2025 14:02:52,000	15,87	-0,39	-4,4	-85,4	-0,2	0	-90,2
2334	01.09.2025 14:02:53,000	15,87	-0,39	-5,8	-82,8	1,4	0	-88,5
2335	01.09.2025 14:02:54,000	15,87	-0,39	-2,6	-86,5	-0,8	0	-90,8
2336	01.09.2025 14:02:55,000	15,87	-0,39	-6,3	-81,0	2,7	0	-87,2
2337	01.09.2025 14:02:56,000	15,87	-0,39	-2,5	-86,3	1,2	0	-88,8
2338	01.09.2025 14:02:57,000	15,87	-0,39	-3,5	-85,4	-1,1	0	-91,1
2339	01.09.2025 14:02:58,000	15,87	-0,37	-5,9	-84,1	0,0	0	-90,0
2340	01.09.2025 14:02:59,000	15,87	-0,39	-2,2	-87,6	0,2	0	-89,8
2341	01.09.2025 14:03:00,000	15,87	-0,37	-2,5	-87,2	-0,3	0	-90,3
2342	01.09.2025 14:03:01,000	15,87	-0,39	-5,9	-82,4	-1,7	0	-91,7
2343	01.09.2025 14:03:02,000	15,90	-0,41	-3,6	-86,4	0,0	0	-90,0
2344	01.09.2025 14:03:03,000	15,90	-0,37	-3,4	-86,4	0,2	0	-89,8
2345	01.09.2025 14:03:04,000	15,90	-0,37	-5,5	-82,4	-2,1	0	-92,2
2346	01.09.2025 14:03:05,000	15,90	-0,39	-3,7	-86,1	-0,2	0	-90,2
2347	01.09.2025 14:03:06,000	15,90	-0,39	-5,0	-84,0	1,0	0	-89,0
2348	01.09.2025 14:03:07,000	15,90	-0,39	-3,2	-86,6	0,2	0	-89,8
2349	01.09.2025 14:03:08,000	15,90	-0,39	-3,7	-86,3	0,0	0	-90,0
2350	01.09.2025 14:03:09,000	15,90	-0,39	-2,5	-86,5	-1,0	0	-91,0
2351	01.09.2025 14:03:10,000	15,90	-0,41	-3,8	-85,1	1,0	0	-89,0
2352	01.09.2025 14:03:11,000	15,90	-0,39	-2,9	-85,9	-1,2	0	-91,2
2353	01.09.2025 14:03:12,000	15,90	-0,39	-4,7	-85,0	-0,3	0	-90,3
2354	01.09.2025 14:03:13,000	15,90	-0,39	-3,2	-86,0	-0,8	0	-90,8
2355	01.09.2025 14:03:14,000	15,90	-0,39	-5,1	-84,1	0,8	0	-89,2
2356	01.09.2025 14:03:15,000	15,90	-0,39	-6,1	-83,7	-0,2	0	-90,2
2357	01.09.2025 14:03:16,000	15,90	-0,39	-3,8	-85,3	-0,9	0	-90,9
2358	01.09.2025 14:03:17,000	15,90	-0,39	-3,0	-85,8	1,2	0	-88,8
2359	01.09.2025 14:03:18,000	15,90	-0,39	-6,3	-82,6	1,2	0	-88,8
2360	01.09.2025 14:03:19,000	15,90	-0,39	-2,4	-85,9	-1,7	0	-91,7
2361	01.09.2025 14:03:20,000	15,90	-0,39	-1,9	-87,5	-0,6	0	-90,6
2362	01.09.2025 14:03:21,000	15,93	-0,39	-6,1	-83,5	0,4	0	-89,6
2363	01.09.2025 14:03:22,000	15,93	-0,39	-2,2	-87,3	-0,5	0	-90,5
2364	01.09.2025 14:03:23,000	15,93	-0,39	-1,9	-86,4	-1,7	0	-91,8
2365	01.09.2025 14:03:24,000	15,93	-0,39	-8,4	-81,5	0,1	0	-89,9
2366	01.09.2025 14:03:25,000	15,93	-0,39	-2,7	-86,7	0,7	0	-89,3
2367	01.09.2025 14:03:26,000	15,93	-0,39	-4,1	-85,4	0,5	0	-89,5
2368	01.09.2025 14:03:27,000	15,93	-0,39	-7,4	-81,5	-1,2	0	-91,2
2369	01.09.2025 14:03:28,000	15,93	-0,39	-2,4	-87,1	-0,5	0	-90,5
2370	01.09.2025 14:03:29,000	15,93	-0,39	-3,0	-85,6	1,3	0	-88,7
2371	01.09.2025 14:03:30,000	15,93	-0,39	-5,3	-84,3	0,4	0	-89,6
2372	01.09.2025 14:03:31,000	15,93	-0,39	-2,4	-86,6	1,1	0	-88,9
2373	01.09.2025 14:03:32,000	15,93	-0,39	-3,9	-86,0	-0,1	0	-90,1
2374	01.09.2025 14:03:33,000	15,93	-0,39	-3,8	-85,6	0,6	0	-89,4
2375	01.09.2025 14:03:34,000	15,93	-0,39	-1,8	-87,2	-1,0	0	-91,0
2376	01.09.2025 14:03:35,000	15,93	-0,39	-6,3	-83,2	-0,5	0	-90,5
2377	01.09.2025 14:03:36,000	15,93	-0,41	-2,8	-86,3	0,9	0	-89,1
2378	01.09.2025 14:03:37,000	15,93	-0,39	-4,7	-85,2	0,1	0	-89,9
2379	01.09.2025 14:03:38,000	15,93	-0,41	-6,6	-83,0	0,4	0	-89,6
2380	01.09.2025 14:03:39,000	15,93	-0,39	-5,0	-84,7	0,3	0	-89,7
2381	01.09.2025 14:03:40,000	15,93	-0,39	-1,1	-88,2	0,8	0	-89,2
2382	01.09.2025 14:03:41,000	15,93	-0,39	-6,1	-82,8	1,1	0	-88,9
2383	01.09.2025 14:03:42,000	15,93	-0,41	-4,2	-84,9	0,9	0	-89,1
2384	01.09.2025 14:03:43,000	15,93	-0,39	-1,5	-87,1	1,4	0	-88,6
2385	01.09.2025 14:03:44,000	15,93	-0,39	-4,0	-85,8	0,2	0	-89,8
2386	01.09.2025 14:03:45,000	15,93	-0,39	-5,9	-83,8	-0,4	0	-90,4
2387	01.09.2025 14:03:46,000	15,96	-0,39	-3,4	-85,6	0,9	1	-89,0
2388	01.09.2025 14:03:47,000	15,96	-0,39	-1,2	-87,8	-1,0	0	-91,0
2389	01.09.2025 14:03:48,000	15,96	-0,39	-7,7	-81,2	1,1	0	-88,9
2390	01.09.2025 14:03:49,000	15,96	-0,39	-3,2	-84,8	2,0	0	-87,9
2391	01.09.2025 14:03:50,000	15,96	-0,39	-1,9	-88,0	-0,1	0	-90,1
2392	01.09.2025 14:03:51,000	15,96	-0,39	-6,5	-81,5	2,0	0	-88,0
2393	01.09.2025 14:03:52,000	15,96	-0,41	-2,2	-86,6	1,2	0	-88,8
2394	01.09.2025 14:03:53,000	15,96	-0,41	-3,5	-86,0	0,5	1	-89,5
2395	01.09.2025 14:03:54,000	15,96	-0,39	-5,5	-83,6	0,9	0	-89,1
2396	01.09.2025 14:03:55,000	15,96	-0,39	-1,5	-88,3	-0,2	0	-90,2
2397	01.09.2025 14:03:56,000	15,96	-0,39	-4,6	-83,5	1,9	0	-88,1
2398	01.09.2025 14:03:57,000	15,96	-0,41	-3,9	-85,8	0,2	0	-89,8
2399	01.09.2025 14:03:58,000	15,96	-0,39	-4,1	-85,0	-0,9	0	-90,9
2400	01.09.2025 14:03:59,000	15,96	-0,39	-3,9	-85,6	-0,5	0	-90,5
2401	01.09.2025 14:04:00,000	15,96	-0,39	-4,4	-85,5	-0,1	0	-90,1
2402	01.09.2025 14:04:01,000	15,96	-0,39	-4,7	-84,6	-0,8	0	-90,8
2403	01.09.2025 14:04:02,000	15,96	-0,39	-5,6	-83,7	0,6	0	-89,4
2404	01.09.2025 14:04:03,000	15,96	-0,39	-3,8	-84,7	-1,5	0	-91,6
2405	01.09.2025 14:04:04,000	15,96	-0,39	-5,8	-82,8	1,4	0	-88,5
2406	01.09.2025 14:04:05,000	15,99	-0,39	-2,8	-85,7	1,5	0	-88,5
2407	01.09.2025 14:04:06,000	15,99	-0,39	-4,1	-85,4	-0,5	0	-90,5
2408	01.09.2025 14:04:07,000	15,99	-0,39	-5,0	-84,4	-0,6	0	-90,6
2409	01.09.2025 14:04:08,000	15,99	-0,39	-3,6	-85,6	0,7	0	-89,3
2410	01.09.2025 14:04:09,000	15,99	-0,39	-2,2	-87,4	0,4	0	-89,6
2411	01.09.2025 14:04:10,000	15,99	-0,39	-6,5	-82,3	1,3	0	-88,7
2412	01.09.2025 14:04:11,000	15,99	-0,39	-3,7	-85,7	-0,6	0	-90,6
2413	01.09.2025 14:04:12,000	15,99	-0,39	-4,4	-84,7	-0,9	0	-90,9
2414	01.09.2025 14:04:13,000	15,99	-0,39	-4,8	-84,6	0,6	0	-89,3
2415	01.09.2025 14:04:14,000	15,99	-0,39	-5,5	-83,7	0,8	0	-89,2
2416	01.09.2025 14:04:15,000	15,99	-0,39	-5,2	-84,8	0,0	0	-90,0
2417	01.09.2025 14:04:16,000	15,99	-0,39	-3,9	-85,6	-0,5	0	-90,5
2418	01.09.2025 14:04:17,000	15,99	-0,39	-3,5	-85,7	0,8	0	-89,2
2419	01.09.2025 14:04:18,000	15,99	-0,39	-4,9	-84,5	-0,6	0	-90,6
2420	01.09.2025 14:04:19,000	15,99	-0,39	-5,4	-84,1	0,5	0	-89,5
2421	01.09.2025 14:04:20,000	15,99	-0,39	-1,8	-88,0	0,2	0	-89,8
2422	01.09.2025 14:04:21,000	15,99	-0,39	-6,2	-82,6	1,2	0	-88,8
2423	01.09.2025 14:04:22,000	15,99	-0,39	-3,7	-84,9	-1,4	0	-91,4
2424	01.09.2025 14:04:23,000	15,99	-0,39	-5,5	-83,2	1,3	0	-88,7
2425	01.09.2025 14:04:24,000	15,99	-0,39	-3,8	-84,7	1,4	0	-88,6
2426	01.09.2025 14:04:25,000	15,99	-0,39	-4,8	-83,6	1,6	0	-88,4
2427	01.09.2025 14:04:26,000	15,99	-0,39	-4,3	-85,4	-0,3	0	-90,3
2428	01.09.2025 14:04:27,000	16,02	-0,39	-5,2	-83,1	1,7	0	-88,3
2429	01.09.2025 14:04:28,000	16,02	-0,39	-2,4	-87,5	0,1	0	-89,9
2430	01.09.2025 14:04:29,000	16,02	-0,41	-3,5	-85,5	1,0	0	-89,0
2431	01.09.2025 14:04:30,000	16,02	-0,39	-5,9	-83,7	0,4	0	-89,6
2432	01.09.2025 14:04:31,000	16,02	-0,41	-1,7	-88,3	0,0	0	-90,0
2433	01.09.2025 14:04:32,000	16,02	-0,39	-5,9	-82,8	1,3	0	-88,6
2434	01.09.2025 14:04:33,000	16,02	-0,39	-4,8	-85,1	0,1	0	-89,9
2435	01.09.2025 14:04:34,000	16,02	-0,39	-3,2	-85,6	-1,3	0	-91,3
2436	01.09.2025 14:04:35,000	16,02	-0,39	-5,7	-84,1	0,2	0	-89,8
2437	01.09.2025 14:04:36,000	16,02	-0,39	-5,7	-83,9	-0,4	0	-90,4
2438	01.09.2025 14:04:37,000	16,02	-0,39	-0,7	-89,2	0,1	0	-89,9
2439	01.09.2025 14:04:38,000	16,02	-0,39	-6,9	-82,9	0,2	0	-89,8
2440	01.09.2025 14:04:39,000	16,02	-0,39	-2,1	-87,3	0,6	0	-89,4
2441	01.09.2025 14:04:40,000	16,02	-0,39	-5,7	-82,0	2,2	0	-87,7
2442	01.09.2025 14:04:41,000	16,02	-0,41	-4,3	-85,5	0,2	0	-89,8
2443	01.09.2025 14:04:42,000	16,02	-0,39	-1,1	-87,4	-1,5	0	-91,5
2444	01.09.2025 14:04:43,000	16,02	-0,39	-7,1	-82,6	0,3	0	-89,7
2445	01.09.2025 14:04:44,000	16,02	-0,39	-4,6	-85,1	-0,4	0	-90,4
2446	01.09.2025 14:04:45,000	16,02	-0,39	-1,2	-88,7	0,2	0	-89,8
2447	01.09.2025 14:04:46,000	16,02	-0,41	-6,6	-81,8	1,6	0	-88,3
2448	01.09.2025 14:04:47,000	16,05	-0,39	-3,1	-86,8	0,1	0	-89,9
2449	01.09.2025 14:04:48,000	16,05	-0,41	-4,8	-83,3	1,9	0	-88,1
2450	01.09.2025 14:04:49,000	16,05	-0,41	-3,0	-86,3	0,6	0	-89,4
2451	01.09.2025 14:04:50,000	16,05	-0,39	-4,6	-84,5	0,9	0	-89,1
2452	01.09.2025 14:04:51,000	16,05	-0,39	-3,9	-84,9	1,3	0	-88,7
2453	01.09.2025 14:04:52,000	16,05	-0,41	-3,9	-86,0	0,1	0	-89,9
2454	01.09.2025 14:04:53,000	16,05	-0,41	-3,1	-86,8	0,1	0	-89,9
2455	01.09.2025 14:04:54,000	16,05	-0,39	-5,5	-84,0	0,5	0	-89,5
2456	01.09.2025 14:04:55,000	16,05	-0,39	-4,9	-83,3	1,8	0	-88,1
2457	01.09.2025 14:04:56,000	16,05	-0,41	-2,4	-87,1	0,5	0	-89,5
2458	01.09.2025 14:04:57,000	16,05	-0,39	-7,6	-82,2	-0,2	0	-90,2
2459	01.09.2025 14:04:58,000	16,05	-0,41	-4,4	-85,5	0,1	0	-89,9
2460	01.09.2025 14:04:59,000	16,05	-0,39	0,1	-88,9	-1,0	0	-91,0
2461	01.09.2025 14:05:00,000	16,05	-0,39	-7,7	-81,7	0,6	0	-89,4
2462	01.09.2025 14:05:01,000	16,05	-0,39	-1,8	-87,1	-1,0	0	-91,1
2463	01.09.2025 14:05:02,000	16,05	-0,41	-4,2	-84,6	1,2	0	-88,8
2464	01.09.2025 14:05:03,000	16,05	-0,41	-4,7	-84,8	-0,5	0	-90,5
2465	01.09.2025 14:05:04,000	16,05	-0,39	-4,4	-85,5	0,1	0	-89,9
2466	01.09.2025 14:05:05,000	16,05	-0,41	-5,0	-84,4	0,6	0	-89,4
2467	01.09.2025 14:05:06,000	16,05	-0,39	-2,6	-87,2	-0,3	0	-90,3
2468	01.09.2025 14:05:07,000	16,05	-0,39	-6,0	-83,0	-0,9	0	-91,0
2469	01.09.2025 14:05:08,000	16,05	-0,39	-4,1	-83,9	1,9	0	-88,0
2470	01.09.2025 14:05:09,000	16,05	-0,39	-4,3	-84,8	-0,9	0	-90,9
2471	01.09.2025 14:05:10,000	16,08	-0,39	-4,4	-85,3	-0,3	0	-90,3
2472	01.09.2025 14:05:11,000	16,05	-0,41	-5,1	-84,0	0,9	0	-89,1
2473	01.09.2025 14:05:12,000	16,05	-0,41	-2,5	-87,2	-0,3	0	-90,3
2474	01.09.2025 14:05:13,000	16,08	-0,39	-5,7	-83,9	-0,5	0	-90,5
2475	01.09.2025 14:05:14,000	16,08	-0,39	-2,6	-87,1	-0,3	0	-90,3
2476	01.09.2025 14:05:15,000	16,08	-0,41	-5,9	-82,9	1,2	0	-88,8
2477	01.09.2025 14:05:16,000	16,08	-0,39	-5,1	-84,0	0,9	0	-89,1
2478	01.09.2025 14:05:17,000	16,08	-0,39	-2,1	-86,8	1,1	0	-88,9
2479	01.09.2025 14:05:18,000	16,08	-0,41	-5,4	-83,0	1,7	0	-88,3
2480	01.09.2025 14:05:19,000	16,08	-0,39	-5,0	-82,2	2,9	0	-87,1
2481	01.09.2025 14:05:20,000	16,08	-0,39	-2,8	-85,5	1,7	0	-88,2
2482	01.09.2025 14:05:21,000	16,08	-0,39	-4,8	-84,9	0,3	0	-89,7
2483	01.09.2025 14:05:22,000	16,08	-0,39	-3,6	-86,0	0,4	0	-89,6
2484	01.09.2025 14:05:23,000	16,08	-0,39	-3,9	-85,7	0,4	0	-89,6
2485	01.09.2025 14:05:24,000	16,08	-0,39	-3,1	-86,2	-0,7	0	-90,7
2486	01.09.2025 14:05:25,000	16,08	-0,41	-4,3	-85,3	-0,4	0	-90,4
2487	01.09.2025 14:05:26,000	16,08	-0,39	-1,5	-88,1	-0,4	0	-90,4
2488	01.09.2025 14:05:27,000	16,08	-0,39	-8,5	-81,0	0,5	0	-89,5
2489	01.09.2025 14:05:28,000	16,08	-0,41	-3,4	-85,6	-1,0	0	-91,0
2490	01.09.2025 14:05:29,000	16,08	-0,39	-2,8	-87,1	-0,1	0	-90,1
2491	01.09.2025 14:05:30,000	16,08	-0,41	-7,5	-81,8	0,8	0	-89,2
2492	01.09.2025 14:05:31,000	16,08	-0,39	-3,3	-85,0	-1,6	0	-91,7
2493	01.09.2025 14:05:32,000	16,08	-0,39	-3,3	-85,8	-0,9	0	-90,9
2494	01.09.2025 14:05:33,000	16,08	-0,39	-6,3	-83,6	0,1	0	-89,9
2495	01.09.2025 14:05:34,000	16,08	-0,41	-2,6	-87,1	-0,2	0	-90,2
2496	01.09.2025 14:05:35,000	16,11	-0,37	-3,1	-86,4	-0,5	0	-90,5
2497	01.09.2025 14:05:36,000	16,11	-0,37	-5,5	-84,0	0,5	0	-89,5
2498	01.09.2025 14:05:37,000	16,11	-0,39	-3,5	-86,0	-0,5	0	-90,5
2499	01.09.2025 14:05:38,000	16,11	-0,37	-3,2	-85,3	1,6	0	-88,4
2500	01.09.2025 14:05:39,000	16,11	-0,37	-4,7	-84,6	-0,7	0	-90,7
2501	01.09.2025 14:05:40,000	16,11	-0,37	-6,6	-82,6	0,8	0	-89,2
2502	01.09.2025 14:05:41,000	16,11	-0,39	-0,3	-89,1	-0,5	0	-90,5
2503	01.09.2025 14:05:42,000	16,11	-0,37	-4,4	-85,4	0,2	0	-89,8
2504	01.09.2025 14:05:43,000	16,11	-0,39	-8,2	-79,5	2,3	0	-87,7
2505	01.09.2025 14:05:44,000	16,11	-0,37	-1,0	-88,8	-0,1	0	-90,1
2506	01.09.2025 14:05:45,000	16,11	-0,37	-0,5	-88,8	-0,6	1	-90,6
2507	01.09.2025 14:05:46,000	16,11	-0,39	-8,5	-79,2	2,2	0	-87,7
2508	01.09.2025 14:05:47,000	16,11	-0,37	-1,6	-88,3	0,1	0	-89,9
2509	01.09.2025 14:05:48,000	16,11	-0,39	-2,7	-86,8	0,5	0	-89,5
2510	01.09.2025 14:05:49,000	16,11	-0,39	-6,5	-83,2	-0,3	0	-90,3
2511	01.09.2025 14:05:50,000	16,11	-0,37	-1,7	-87,2	-1,1	0	-91,1
2512	01.09.2025 14:05:51,000	16,11	-0,37	-5,0	-84,9	0,1	0	-89,9
2513	01.09.2025 14:05:52,000	16,11	-0,37	-4,1	-84,2	-1,7	0	-91,7
2514	01.09.2025 14:05:53,000	16,11	-0,39	-3,9	-86,0	-0,2	0	-90,2
2515	01.09.2025 14:05:54,000	16,11	-0,37	-6,1	-83,1	0,9	0	-89,1
2516	01.09.2025 14:05:55,000	16,11	-0,39	-2,9	-86,5	-0,6	0	-90,6
2517	01.09.2025 14:05:56,000	16,11	-0,37	-4,5	-85,2	-0,3	0	-90,3
2518	01.09.2025 14:05:57,000	16,14	-0,37	-5,0	-84,7	-0,4	0	-90,4
2519	01.09.2025 14:05:58,000	16,14	-0,37	-5,3	-84,1	0,6	0	-89,4
2520	01.09.2025 14:05:59,000	16,14	-0,37	-0,2	-89,3	-0,5	0	-90,5
2521	01.09.2025 14:06:00,000	16,14	-0,39	-7,0	-82,8	-0,2	0	-90,2
2522	01.09.2025 14:06:01,000	16,14	-0,39	-3,3	-86,1	-0,5	0	-90,5
2523	01.09.2025 14:06:02,000	16,14	-0,37	-3,6	-84,1	2,3	0	-87,6
2524	01.09.2025 14:06:03,000	16,14	-0,37	-5,9	-84,1	-0,1	0	-90,1
2525	01.09.2025 14:06:04,000	16,14	-0,37	-4,5	-85,4	0,1	0	-89,9
2526	01.09.2025 14:06:05,000	16,14	-0,39	-4,7	-84,4	-0,8	0	-90,8
2527	01.09.2025 14:06:06,000	16,14	-0,39	-6,7	-83,1	0,2	0	-89,8
2528	01.09.2025 14:06:07,000	16,14	-0,39	-1,4	-87,4	1,3	0	-88,7
2529	01.09.2025 14:06:08,000	16,14	-0,37	-4,3	-85,6	0,1	0	-89,9
2530	01.09.2025 14:06:09,000	16,14	-0,39	-6,5	-82,6	-0,9	0	-90,9
2531	01.09.2025 14:06:10,000	16,14	-0,39	-2,5	-87,3	-0,2	0	-90,2
2532	01.09.2025 14:06:11,000	16,14	-0,37	-2,8	-86,8	0,4	0	-89,6
2533	01.09.2025 14:06:12,000	16,14	-0,37	-7,0	-81,8	1,2	0	-88,8
2534	01.09.2025 14:06:13,000	16,14	-0,37	-3,4	-86,5	0,1	0	-89,9
2535	01.09.2025 14:06:14,000	16,14	-0,39	-3,7	-85,8	-0,5	0	-90,5
2536	01.09.2025 14:06:15,000	16,14	-0,37	-6,5	-82,8	0,7	0	-89,3
2537	01.09.2025 14:06:16,000	16,14	-0,39	-1,2	-87,8	1,0	0	-89,0
2538	01.09.2025 14:06:17,000	16,14	-0,37	-4,5	-84,1	1,4	0	-88,5
2539	01.09.2025 14:06:18,000	16,14	-0,39	-7,0	-81,1	1,9	0	-88,1
2540	01.09.2025 14:06:19,000	16,14	-0,37	-0,5	-87,8	-1,7	0	-91,7
2541	01.09.2025 14:06:20,000	16,14	-0,39	-5,2	-83,9	0,9	0	-89,1
2542	01.09.2025 14:06:21,000	16,14	-0,39	-4,5	-84,2	1,4	0	-88,6
2543	01.09.2025 14:06:22,000	16,17	-0,37	-2,1	-86,5	-1,4	0	-91,4
2544	01.09.2025 14:06:23,000	16,17	-0,39	-2,9	-85,8	-1,3	0	-91,4
2545	01.09.2025 14:06:24,000	16,17	-0,37	-5,4	-84,2	0,4	0	-89,6
2546	01.09.2025 14:06:25,000	16,17	-0,39	-3,1	-85,3	-1,6	0	-91,6
2547	01.09.2025 14:06:26,000	16,17	-0,39	-2,8	-85,8	-1,4	0	-91,5
2548	01.09.2025 14:06:27,000	16,17	-0,39	-6,3	-81,9	1,8	0	-88,2
2549	01.09.2025 14:06:28,000	16,17	-0,39	-3,0	-86,2	0,8	0	-89,2
2550	01.09.2025 14:06:29,000	16,17	-0,37	-5,3	-83,9	-0,7	0	-90,7
2551	01.09.2025 14:06:30,000	16,17	-0,39	-5,9	-82,3	1,8	0	-88,2
2552	01.09.2025 14:06:31,000	16,17	-0,39	-3,5	-86,3	0,1	0	-89,9
2553	01.09.2025 14:06:32,000	16,17	-0,37	-5,5	-83,7	-0,8	0	-90,8
2554	01.09.2025 14:06:33,000	16,17	-0,39	-2,0	-87,8	-0,2	0	-90,2
2555	01.09.2025 14:06:34,000	16,17	-0,37	-5,8	-84,2	-0,1	0	-90,1
2556	01.09.2025 14:06:35,000	16,17	-0,39	-4,0	-85,1	0,9	0	-89,1
2557	01.09.2025 14:06:36,000	16,17	-0,39	-3,0	-86,4	-0,7	0	-90,7
2558	01.09.2025 14:06:37,000	16,17	-0,39	-3,4	-85,7	-0,9	0	-90,9
2559	01.09.2025 14:06:38,000	16,17	-0,39	-5,4	-84,6	0,0	0	-90,0
2560	01.09.2025 14:06:39,000	16,17	-0,39	-4,8	-84,1	1,1	0	-88,9
2561	01.09.2025 14:06:40,000	16,17	-0,39	-3,9	-85,8	-0,3	0	-90,3
2562	01.09.2025 14:06:41,000	16,17	-0,39	-6,5	-83,4	0,1	0	-89,9
2563	01.09.2025 14:06:42,000	16,17	-0,39	-2,2	-87,6	-0,1	0	-90,1
2564	01.09.2025 14:06:43,000	16,17	-0,39	-4,4	-85,4	0,2	0	-89,8
2565	01.09.2025 14:06:44,000	16,17	-0,39	-6,8	-81,6	1,5	0	-88,4
2566	01.09.2025 14:06:45,000	16,20	-0,39	-1,2	-87,7	-1,1	0	-91,1
2567	01.09.2025 14:06:46,000	16,20	-0,39	-4,4	-85,4	0,2	0	-89,8
2568	01.09.2025 14:06:47,000	16,20	-0,37	-6,0	-82,1	1,9	0	-88,0
2569	01.09.2025 14:06:48,000	16,20	-0,39	-2,9	-86,4	0,7	0	-89,3
2570	01.09.2025 14:06:49,000	16,20	-0,39	-4,4	-84,6	-1,0	0	-91,0
2571	01.09.2025 14:06:50,000	16,20	-0,37	-5,1	-84,4	0,5	0	-89,5
2572	01.09.2025 14:06:51,000	16,20	-0,39	-6,8	-82,1	1,1	0	-88,9
2573	01.09.2025 14:06:52,000	16,20	-0,39	-1,9	-87,6	0,5	0	-89,5
2574	01.09.2025 14:06:53,000	16,20	-0,39	-2,6	-86,3	-1,0	1	-91,0
2575	01.09.2025 14:06:54,000	16,20	-0,39	-9,0	-80,1	0,9	0	-89,1
2576	01.09.2025 14:06:55,000	16,20	-0,39	-0,1	-89,7	-0,2	0	-90,2
2577	01.09.2025 14:06:56,000	16,20	-0,39	-1,2	-87,2	-1,7	1	-91,7
2578	01.09.2025 14:06:57,000	16,20	-0,39	-9,0	-80,6	-0,4	0	-90,4
2579	01.09.2025 14:06:58,000	16,20	-0,39	-1,3	-88,5	0,2	0	-89,8
2580	01.09.2025 14:06:59,000	16,20	-0,39	-2,8	-87,0	-0,2	0	-90,2
2581	01.09.2025 14:07:00,000	16,20	-0,39	-6,8	-82,7	-0,5	0	-90,5
2582	01.09.2025 14:07:01,000	16,20	-0,39	-4,5	-85,3	-0,2	0	-90,2
2583	01.09.2025 14:07:02,000	16,20	-0,39	-2,4	-87,5	-0,1	0	-90,1
2584	01.09.2025 14:07:03,000	16,20	-0,39	-6,5	-82,9	-0,6	0	-90,6
2585	01.09.2025 14:07:04,000	16,20	-0,39	-5,7	-82,9	1,4	0	-88,5
2586	01.09.2025 14:07:05,000	16,20	-0,39	-1,9	-87,0	1,1	0	-88,9
2587	01.09.2025 14:07:06,000	16,23	-0,37	-5,3	-84,3	0,3	0	-89,7
2588	01.09.2025 14:07:07,000	16,23	-0,39	-3,4	-86,5	-0,1	0	-90,1
2589	01.09.2025 14:07:08,000	16,23	-0,39	-5,3	-84,5	0,3	0	-89,7
2590	01.09.2025 14:07:09,000	16,23	-0,39	-2,8	-87,1	0,2	0	-89,8
2591	01.09.2025 14:07:10,000	16,23	-0,39	-4,3	-84,8	0,9	0	-89,1
2592	01.09.2025 14:07:11,000	16,23	-0,39	-5,2	-83,6	1,2	0	-88,8
2593	01.09.2025 14:07:12,000	16,23	-0,39	-3,3	-85,7	-1,0	0	-91,0
2594	01.09.2025 14:07:13,000	16,23	-0,41	-4,6	-85,3	0,1	0	-89,9
2595	01.09.2025 14:07:14,000	16,23	-0,37	-3,7	-84,9	1,4	0	-88,6
2596	01.09.2025 14:07:15,000	16,23	-0,39	-6,2	-82,5	1,3	0	-88,7
2597	01.09.2025 14:07:16,000	16,23	-0,39	-1,9	-87,1	-0,9	0	-90,9
2598	01.09.2025 14:07:17,000	16,23	-0,37	-3,9	-85,2	0,9	0	-89,1
2599	01.09.2025 14:07:18,000	16,23	-0,39	-6,7	-82,1	1,1	0	-88,8
2600	01.09.2025 14:07:19,000	16,23	-0,39	-2,3	-86,5	1,2	0	-88,8
2601	01.09.2025 14:07:20,000	16,23	-0,39	-3,0	-86,6	-0,4	0	-90,4
2602	01.09.2025 14:07:21,000	16,23	-0,37	-5,0	-84,3	0,7	0	-89,3
2603	01.09.2025 14:07:22,000	16,23	-0,39	-4,7	-85,0	-0,3	0	-90,3
2604	01.09.2025 14:07:23,000	16,23	-0,39	-3,8	-85,2	-1,0	0	-91,0
2605	01.09.2025 14:07:24,000	16,23	-0,39	-4,8	-83,8	-1,4	0	-91,4
2606	01.09.2025 14:07:25,000	16,23	-0,39	-5,1	-84,0	-0,9	0	-90,9
2607	01.09.2025 14:07:26,000	16,23	-0,39	-4,4	-85,5	-0,1	0	-90,1
2608	01.09.2025 14:07:27,000	16,23	-0,39	-4,4	-84,0	-1,6	0	-91,6
2609	01.09.2025 14:07:28,000	16,23	-0,37	-5,5	-84,3	-0,2	0	-90,2
2610	01.09.2025 14:07:29,000	16,27	-0,39	-2,9	-86,9	-0,2	0	-90,2
2611	01.09.2025 14:07:30,000	16,27	-0,41	-4,1	-84,7	1,2	0	-88,8
2612	01.09.2025 14:07:31,000	16,27	-0,39	-5,3	-84,5	-0,3	0	-90,3
2613	01.09.2025 14:07:32,000	16,27	-0,39	-2,3	-87,0	-0,6	0	-90,6
2614	01.09.2025 14:07:33,000	16,27	-0,39	-6,1	-83,0	0,8	0	-89,2
2615	01.09.2025 14:07:34,000	16,27	-0,39	-4,9	-83,6	1,6	0	-88,4
2616	01.09.2025 14:07:35,000	16,27	-0,39	-3,6	-86,0	0,4	0	-89,6
2617	01.09.2025 14:07:36,000	16,27	-0,39	-5,6	-83,7	-0,6	0	-90,6
2618	01.09.2025 14:07:37,000	16,27	-0,39	-5,9	-83,5	0,7	0	-89,3
2619	01.09.2025 14:07:38,000	16,27	-0,39	-2,1	-87,7	0,2	0	-89,8
2620	01.09.2025 14:07:39,000	16,27	-0,39	-2,9	-86,7	-0,5	0	-90,5
2621	01.09.2025 14:07:40,000	16,27	-0,39	-6,0	-83,5	-0,4	0	-90,4
2622	01.09.2025 14:07:41,000	16,27	-0,41	-3,5	-85,9	0,6	0	-89,4
2623	01.09.2025 14:07:42,000	16,27	-0,39	-3,1	-85,5	-1,5	0	-91,5
2624	01.09.2025 14:07:43,000	16,27	-0,39	-2,4	-86,1	-1,5	0	-91,5
2625	01.09.2025 14:07:44,000	16,27	-0,39	-6,2	-82,8	1,0	0	-89,0
2626	01.09.2025 14:07:45,000	16,27	-0,39	-3,8	-85,1	1,1	0	-88,9
2627	01.09.2025 14:07:46,000	16,27	-0,39	-3,2	-86,5	-0,3	0	-90,3
2628	01.09.2025 14:07:47,000	16,27	-0,39	-6,0	-83,5	0,5	0	-89,5
2629	01.09.2025 14:07:48,000	16,27	-0,39	-4,2	-84,0	1,7	0	-88,3
2630	01.09.2025 14:07:49,000	16,27	-0,37	-2,4	-85,6	2,1	0	-87,9
2631	01.09.2025 14:07:50,000	16,27	-0,39	-4,7	-84,1	-1,3	0	-91,3
2632	01.09.2025 14:07:51,000	16,27	-0,39	-6,4	-82,7	-0,9	0	-90,9
2633	01.09.2025 14:07:52,000	16,27	-0,39	-1,8	-87,5	0,7	0	-89,3
2634	01.09.2025 14:07:53,000	16,27	-0,39	-3,4	-86,2	-0,4	0	-90,4
2635	01.09.2025 14:07:54,000	16,30	-0,39	-7,2	-81,8	-1,0	0	-91,0
2636	01.09.2025 14:07:55,000	16,30	-0,39	-2,7	-86,2	-1,1	0	-91,1
2637	01.09.2025 14:07:56,000	16,30	-0,41	-5,2	-84,2	-0,7	0	-90,7
2638	01.09.2025 14:07:57,000	16,30	-0,39	-6,1	-83,0	0,9	0	-89,1
2639	01.09.2025 14:07:58,000	16,30	-0,39	-1,4	-86,6	-2,0	0	-92,1
2640	01.09.2025 14:07:59,000	16,30	-0,39	-5,8	-83,5	0,7	0	-89,3
2641	01.09.2025 14:08:00,000	16,30	-0,39	-5,9	-81,9	2,2	0	-87,8
2642	01.09.2025 14:08:01,000	16,30	-0,37	0,3	-87,8	-1,9	0	-91,9
2643	01.09.2025 14:08:02,000	16,30	-0,39	-7,9	-81,2	0,8	0	-89,2
2644	01.09.2025 14:08:03,000	16,30	-0,39	-2,9	-87,0	0,1	0	-89,9
2645	01.09.2025 14:08:04,000	16,30	-0,39	-1,9	-87,3	-0,9	0	-90,9
2646	01.09.2025 14:08:05,000	16,30	-0,39	-7,3	-81,9	-0,8	0	-90,8
2647	01.09.2025 14:08:06,000	16,30	-0,39	-0,9	-88,0	1,2	0	-88,8
2648	01.09.2025 14:08:07,000	16,30	-0,39	-5,2	-84,4	0,4	0	-89,6
2649	01.09.2025 14:08:08,000	16,30	-0,39	-6,1	-83,8	-0,1	0	-90,1
2650	01.09.2025 14:08:09,000	16,30	-0,39	-2,2	-87,5	-0,3	0	-90,3
2651	01.09.2025 14:08:10,000	16,30	-0,39	-5,5	-84,2	-0,3	0	-90,3
2652	01.09.2025 14:08:11,000	16,30	-0,37	-4,9	-84,3	0,8	0	-89,2
2653	01.09.2025 14:08:12,000	16,30	-0,39	-3,6	-86,2	0,1	0	-89,9
2654	01.09.2025 14:08:13,000	16,30	-0,39	-4,5	-84,8	0,8	0	-89,2
2655	01.09.2025 14:08:14,000	16,30	-0,39	-4,8	-84,8	-0,4	0	-90,4
2656	01.09.2025 14:08:15,000	16,30	-0,39	-1,6	-87,5	-0,9	0	-90,9
2657	01.09.2025 14:08:16,000	16,30	-0,39	-6,6	-81,7	1,7	0	-88,3
2658	01.09.2025 14:08:17,000	16,30	-0,41	-2,8	-87,1	-0,2	0	-90,2
2659	01.09.2025 14:08:18,000	16,30	-0,39	-5,0	-83,8	-1,2	0	-91,3
2660	01.09.2025 14:08:19,000	16,30	-0,39	-4,6	-83,2	2,1	1	-87,8
2661	01.09.2025 14:08:20,000	16,30	-0,39	-1,3	-88,7	-0,1	0	-90,1
2662	01.09.2025 14:08:21,000	16,30	-0,39	-7,5	-81,8	-0,7	0	-90,7
2663	01.09.2025 14:08:22,000	16,30	-0,39	-3,9	-84,4	1,8	0	-88,2
2664	01.09.2025 14:08:23,000	16,30	-0,39	-2,3	-87,3	0,4	0	-89,6
2665	01.09.2025 14:08:24,000	16,33	-0,39	-5,5	-82,4	2,0	0	-87,9
2666	01.09.2025 14:08:25,000	16,33	-0,39	-6,2	-83,2	0,7	0	-89,3
2667	01.09.2025 14:08:26,000	16,33	-0,39	-0,2	-89,5	0,4	0	-89,6
2668	01.09.2025 14:08:27,000	16,33	-0,41	-6,5	-82,6	0,9	0	-89,1
2669	01.09.2025 14:08:28,000	16,33	-0,39	-5,3	-83,6	1,1	0	-88,9
2670	01.09.2025 14:08:29,000	16,33	-0,39	-1,5	-87,1	-1,4	0	-91,4
2671	01.09.2025 14:08:30,000	16,33	-0,41	-5,4	-84,0	0,6	0	-89,4
2672	01.09.2025 14:08:31,000	16,33	-0,39	-5,3	-82,7	2,0	0	-87,9
2673	01.09.2025 14:08:32,000	16,33	-0,39	-1,5	-86,6	1,8	0	-88,2
2674	01.09.2025 14:08:33,000	16,33	-0,39	-7,1	-78,3	4,6	0	-85,2
2675	01.09.2025 14:08:34,000	16,33	-0,41	-4,4	-83,4	2,3	0	-87,7
2676	01.09.2025 14:08:35,000	16,33	-0,39	-0,9	-87,5	1,6	0	-88,3
2677	01.09.2025 14:08:36,000	16,33	-0,41	-7,6	-79,4	3,0	0	-86,9
2678	01.09.2025 14:08:37,000	16,33	-0,39	-2,6	-85,8	1,6	0	-88,4
2679	01.09.2025 14:08:38,000	16,33	-0,39	-3,6	-86,2	0,2	0	-89,8
2680	01.09.2025 14:08:39,000	16,33	-0,41	-4,6	-84,7	-0,7	0	-90,7
2681	01.09.2025 14:08:40,000	16,33	-0,39	-3,6	-85,5	-0,9	0	-90,9
2682	01.09.2025 14:08:41,000	16,33	-0,39	-4,3	-84,7	1,0	0	-89,0
2683	01.09.2025 14:08:42,000	16,33	-0,39	-3,5	-85,4	1,2	0	-88,8
2684	01.09.2025 14:08:43,000	16,33	-0,41	-6,6	-82,8	-0,7	0	-90,7
2685	01.09.2025 14:08:44,000	16,33	-0,41	-5,0	-84,8	0,3	0	-89,7
2686	01.09.2025 14:08:45,000	16,33	-0,39	-4,0	-85,7	0,3	0	-89,7
2687	01.09.2025 14:08:46,000	16,33	-0,41	-3,0	-86,8	0,2	0	-89,8
2688	01.09.2025 14:08:47,000	16,33	-0,39	-3,1	-85,7	1,1	1	-88,9
2689	01.09.2025 14:08:48,000	16,33	-0,39	-5,1	-83,4	1,4	0	-88,5
2690	01.09.2025 14:08:49,000	16,36	-0,41	-3,6	-85,8	0,6	0	-89,4
2691	01.09.2025 14:08:50,000	16,33	-0,41	-4,3	-85,7	0,0	0	-90,0
2692	01.09.2025 14:08:51,000	16,33	-0,39	-5,7	-83,4	1,0	0	-89,0
2693	01.09.2025 14:08:52,000	16,36	-0,39	-3,6	-86,3	-0,1	0	-90,1
2694	01.09.2025 14:08:53,000	16,36	-0,39	-4,7	-84,3	1,0	0	-89,0
2695	01.09.2025 14:08:54,000	16,36	-0,39	-4,5	-84,7	0,8	0	-89,2
2696	01.09.2025 14:08:55,000	16,36	-0,39	-4,8	-83,8	-1,5	0	-91,5
2697	01.09.2025 14:08:56,000	16,36	-0,39	-3,3	-86,5	-0,2	0	-90,2
2698	01.09.2025 14:08:57,000	16,36	-0,41	-5,1	-84,8	0,1	0	-89,9
2699	01.09.2025 14:08:58,000	16,36	-0,39	-3,9	-84,8	-1,2	0	-91,3
2700	01.09.2025 14:08:59,000	16,36	-0,39	-4,9	-84,5	0,6	0	-89,4
2701	01.09.2025 14:09:00,000	16,36	-0,41	-2,6	-87,2	0,3	0	-89,7
2702	01.09.2025 14:09:01,000	16,36	-0,41	-6,6	-82,5	0,9	0	-89,0
2703	01.09.2025 14:09:02,000	16,36	-0,41	-4,3	-84,2	1,6	0	-88,4
2704	01.09.2025 14:09:03,000	16,36	-0,39	-4,7	-85,1	-0,2	0	-90,2
2705	01.09.2025 14:09:04,000	16,36	-0,39	-5,3	-84,0	0,7	0	-89,3
2706	01.09.2025 14:09:05,000	16,36	-0,41	-3,5	-83,8	2,7	0	-87,2
2707	01.09.2025 14:09:06,000	16,36	-0,41	-4,9	-84,1	1,0	0	-89,0
2708	01.09.2025 14:09:07,000	16,36	-0,39	-4,0	-85,8	0,2	0	-89,8
2709	01.09.2025 14:09:08,000	16,36	-0,39	-4,7	-84,2	-1,0	0	-91,0
2710	01.09.2025 14:09:09,000	16,36	-0,39	-4,7	-84,4	-0,9	0	-90,9
2711	01.09.2025 14:09:10,000	16,36	-0,39	-3,0	-86,9	0,1	0	-89,9
2712	01.09.2025 14:09:11,000	16,36	-0,41	-3,1	-86,3	-0,6	0	-90,7
2713	01.09.2025 14:09:12,000	16,36	-0,39	-8,9	-80,9	-0,2	0	-90,2
2714	01.09.2025 14:09:13,000	16,36	-0,39	-3,0	-86,0	-1,0	0	-91,0
2715	01.09.2025 14:09:14,000	16,36	-0,39	-1,5	-87,9	-0,6	0	-90,6
2716	01.09.2025 14:09:15,000	16,36	-0,39	-6,9	-80,7	2,4	0	-87,5
2717	01.09.2025 14:09:16,000	16,36	-0,41	-2,4	-87,2	0,3	0	-89,6
2718	01.09.2025 14:09:17,000	16,39	-0,39	-4,5	-84,7	0,8	0	-89,2
2719	01.09.2025 14:09:18,000	16,39	-0,41	-3,4	-84,9	-1,7	0	-91,7
2720	01.09.2025 14:09:19,000	16,39	-0,39	-4,1	-85,8	-0,2	0	-90,2
2721	01.09.2025 14:09:20,000	16,39	-0,39	-4,2	-85,8	-0,1	0	-90,1
2722	01.09.2025 14:09:21,000	16,39	-0,41	-3,2	-86,7	-0,1	0	-90,1
2723	01.09.2025 14:09:22,000	16,39	-0,41	-4,4	-84,6	-1,0	0	-91,0
2724	01.09.2025 14:09:23,000	16,39	-0,41	-5,1	-84,5	-0,4	0	-90,4
2725	01.09.2025 14:09:24,000	16,39	-0,41	-4,3	-84,5	1,1	0	-88,9
2726	01.09.2025 14:09:25,000	16,39	-0,39	-1,8	-88,2	0,0	0	-90,0
2727	01.09.2025 14:09:26,000	16,39	-0,39	-7,6	-82,0	-0,4	0	-90,4
2728	01.09.2025 14:09:27,000	16,39	-0,39	-4,7	-85,2	0,1	0	-89,9
2729	01.09.2025 14:09:28,000	16,39	-0,41	-0,9	-88,2	0,9	0	-89,1
2730	01.09.2025 14:09:29,000	16,39	-0,39	-5,6	-84,2	-0,2	0	-90,2
2731	01.09.2025 14:09:30,000	16,39	-0,41	-6,0	-81,7	2,3	0	-87,6
2732	01.09.2025 14:09:31,000	16,39	-0,39	-2,4	-87,6	0,0	0	-90,0
2733	01.09.2025 14:09:32,000	16,39	-0,39	-2,6	-87,3	0,1	0	-89,9
2734	01.09.2025 14:09:33,000	16,39	-0,41	-6,2	-83,7	-0,1	0	-90,1
2735	01.09.2025 14:09:34,000	16,39	-0,39	-5,2	-84,6	0,2	0	-89,8
2736	01.09.2025 14:09:35,000	16,39	-0,39	-2,8	-86,9	-0,3	0	-90,3
2737	01.09.2025 14:09:36,000	16,39	-0,41	-5,4	-83,0	-1,6	0	-91,6
2738	01.09.2025 14:09:37,000	16,39	-0,41	-5,8	-83,7	-0,5	0	-90,5
2739	01.09.2025 14:09:38,000	16,39	-0,39	-3,0	-86,2	0,8	0	-89,2
2740	01.09.2025 14:09:39,000	16,42	-0,41	-5,8	-83,5	0,7	0	-89,3
2741	01.09.2025 14:09:40,000	16,42	-0,41	-3,2	-86,2	-0,6	0	-90,6
2742	01.09.2025 14:09:41,000	16,42	-0,39	-3,9	-85,3	0,8	0	-89,2
2743	01.09.2025 14:09:42,000	16,42	-0,41	-4,9	-82,7	2,4	0	-87,5
2744	01.09.2025 14:09:43,000	16,42	-0,39	-4,6	-85,4	0,0	0	-90,0
2745	01.09.2025 14:09:44,000	16,42	-0,39	-2,8	-86,3	-1,0	0	-91,0
2746	01.09.2025 14:09:45,000	16,42	-0,39	-6,9	-82,1	1,0	0	-89,0
2747	01.09.2025 14:09:46,000	16,42	-0,39	-2,6	-85,9	1,6	0	-88,4
2748	01.09.2025 14:09:47,000	16,42	-0,41	-5,5	-84,3	-0,2	0	-90,2
2749	01.09.2025 14:09:48,000	16,42	-0,39	-6,0	-83,5	0,5	0	-89,5
2750	01.09.2025 14:09:49,000	16,42	-0,39	-1,9	-87,7	-0,4	0	-90,4
2751	01.09.2025 14:09:50,000	16,42	-0,41	-5,1	-84,6	0,4	0	-89,6
2752	01.09.2025 14:09:51,000	16,42	-0,39	-5,6	-84,3	0,1	0	-89,9
2753	01.09.2025 14:09:52,000	16,42	-0,39	-2,5	-87,1	0,4	0	-89,6
2754	01.09.2025 14:09:53,000	16,42	-0,39	-2,3	-86,4	-1,3	0	-91,3
2755	01.09.2025 14:09:54,000	16,42	-0,41	-7,5	-80,2	2,2	0	-87,7
2756	01.09.2025 14:09:55,000	16,42	-0,39	-2,4	-86,5	1,1	0	-88,9
2757	01.09.2025 14:09:56,000	16,42	-0,41	-2,7	-85,9	-1,4	0	-91,4
2758	01.09.2025 14:09:57,000	16,42	-0,41	-6,8	-81,8	1,4	0	-88,6
2759	01.09.2025 14:09:58,000	16,42	-0,39	-2,9	-86,2	-0,9	0	-90,9
2760	01.09.2025 14:09:59,000	16,42	-0,39	-5,0	-84,8	0,2	0	-89,8
2761	01.09.2025 14:10:00,000	16,42	-0,41	-4,9	-84,3	0,8	0	-89,2
2762	01.09.2025 14:10:01,000	16,42	-0,41	-3,2	-86,1	-0,7	0	-90,7
2763	01.09.2025 14:10:02,000	16,42	-0,41	-6,0	-83,7	-0,3	0	-90,3
2764	01.09.2025 14:10:03,000	16,45	-0,39	-3,1	-86,6	0,3	0	-89,7
2765	01.09.2025 14:10:04,000	16,45	-0,37	-4,1	-85,8	0,1	0	-89,9
2766	01.09.2025 14:10:05,000	16,45	-0,37	-4,2	-84,7	1,1	0	-88,8
2767	01.09.2025 14:10:06,000	16,45	-0,37	-4,1	-85,2	0,7	0	-89,3
2768	01.09.2025 14:10:07,000	16,45	-0,39	-6,1	-83,8	0,1	0	-89,9
2769	01.09.2025 14:10:08,000	16,45	-0,39	-2,8	-86,9	0,3	0	-89,7
2770	01.09.2025 14:10:09,000	16,45	-0,39	-3,8	-85,6	-0,5	0	-90,5
2771	01.09.2025 14:10:10,000	16,45	-0,39	-7,4	-81,1	1,4	0	-88,5
2772	01.09.2025 14:10:11,000	16,45	-0,37	-2,8	-85,9	1,3	0	-88,7
2773	01.09.2025 14:10:12,000	16,45	-0,39	-4,3	-85,6	-0,2	0	-90,2
2774	01.09.2025 14:10:13,000	16,45	-0,39	-4,8	-85,1	0,1	0	-89,9
2775	01.09.2025 14:10:14,000	16,45	-0,39	-3,6	-86,1	0,3	0	-89,7
2776	01.09.2025 14:10:15,000	16,45	-0,39	-3,8	-86,0	0,2	0	-89,8
2777	01.09.2025 14:10:16,000	16,45	-0,39	-6,3	-83,2	0,5	0	-89,5
2778	01.09.2025 14:10:17,000	16,45	-0,39	-2,6	-84,9	-2,5	0	-92,6
2779	01.09.2025 14:10:18,000	16,45	-0,39	-5,2	-84,8	-0,1	0	-90,1
2780	01.09.2025 14:10:19,000	16,45	-0,37	-5,0	-84,9	0,1	0	-89,9
2781	01.09.2025 14:10:20,000	16,45	-0,37	-4,8	-85,2	-0,1	0	-90,1
2782	01.09.2025 14:10:21,000	16,45	-0,39	-4,4	-85,2	-0,4	0	-90,4
2783	01.09.2025 14:10:22,000	16,45	-0,37	-6,0	-83,4	-0,6	0	-90,6
2784	01.09.2025 14:10:23,000	16,45	-0,39	-2,4	-86,5	-1,1	0	-91,1
2785	01.09.2025 14:10:24,000	16,45	-0,39	-4,8	-85,0	0,2	0	-89,8
2786	01.09.2025 14:10:25,000	16,45	-0,37	-4,0	-85,9	-0,1	0	-90,1
2787	01.09.2025 14:10:26,000	16,48	-0,37	-4,9	-84,2	0,9	0	-89,1
2788	01.09.2025 14:10:27,000	16,45	-0,39	-2,9	-86,9	-0,2	0	-90,2
2789	01.09.2025 14:10:28,000	16,48	-0,37	-5,6	-83,8	-0,6	0	-90,6
2790	01.09.2025 14:10:29,000	16,48	-0,37	-4,8	-84,3	0,9	0	-89,1
2791	01.09.2025 14:10:30,000	16,48	-0,37	-3,5	-85,8	-0,8	0	-90,8
2792	01.09.2025 14:10:31,000	16,48	-0,37	-4,9	-84,4	-0,7	0	-90,7
2793	01.09.2025 14:10:32,000	16,48	-0,39	-5,5	-82,7	-1,8	0	-91,8
2794	01.09.2025 14:10:33,000	16,48	-0,37	-4,0	-84,9	1,1	0	-88,9
2795	01.09.2025 14:10:34,000	16,48	-0,39	-1,6	-87,8	-0,6	0	-90,6
2796	01.09.2025 14:10:35,000	16,48	-0,39	-6,5	-83,1	-0,4	0	-90,4
2797	01.09.2025 14:10:36,000	16,48	-0,39	-3,4	-84,5	2,1	0	-87,9
2798	01.09.2025 14:10:37,000	16,48	-0,39	-4,6	-84,1	1,3	0	-88,7
2799	01.09.2025 14:10:38,000	16,48	-0,39	-2,7	-86,3	-1,0	0	-91,0
2800	01.09.2025 14:10:39,000	16,48	-0,37	-6,2	-82,7	1,1	0	-88,9
2801	01.09.2025 14:10:40,000	16,48	-0,37	-5,7	-80,4	3,9	1	-86,0
2802	01.09.2025 14:10:41,000	16,48	-0,37	1,4	-88,3	-0,4	1	-90,4
2803	01.09.2025 14:10:42,000	16,48	-0,39	-8,4	-80,8	-0,9	0	-90,9
2804	01.09.2025 14:10:43,000	16,48	-0,39	-6,6	-82,0	1,4	1	-88,6
2805	01.09.2025 14:10:44,000	16,48	-0,39	0,6	-88,5	-0,9	0	-90,9
2806	01.09.2025 14:10:45,000	16,48	-0,37	-4,2	-84,6	-1,2	0	-91,2
2807	01.09.2025 14:10:46,000	16,48	-0,39	-6,3	-82,5	1,2	0	-88,8
2808	01.09.2025 14:10:47,000	16,48	-0,37	-3,1	-86,5	0,4	0	-89,6
2809	01.09.2025 14:10:48,000	16,48	-0,39	-3,5	-85,6	-0,9	0	-90,9
2810	01.09.2025 14:10:49,000	16,48	-0,39	-4,7	-84,5	0,8	0	-89,2
2811	01.09.2025 14:10:50,000	16,48	-0,39	-3,6	-85,3	1,1	0	-88,9
2812	01.09.2025 14:10:51,000	16,48	-0,41	-6,9	-81,9	1,2	0	-88,8
2813	01.09.2025 14:10:52,000	16,48	-0,39	-2,6	-86,3	-1,1	0	-91,1
2814	01.09.2025 14:10:53,000	16,51	-0,37	-5,2	-83,1	-1,7	0	-91,7
2815	01.09.2025 14:10:54,000	16,51	-0,37	-7,0	-82,7	0,3	0	-89,7
2816	01.09.2025 14:10:55,000	16,51	-0,39	-1,3	-88,4	0,3	0	-89,7
2817	01.09.2025 14:10:56,000	16,51	-0,37	-4,3	-85,2	0,5	0	-89,5
2818	01.09.2025 14:10:57,000	16,51	-0,39	-6,8	-83,2	0,0	0	-90,0
2819	01.09.2025 14:10:58,000	16,51	-0,39	-3,6	-85,1	1,3	0	-88,7
2820	01.09.2025 14:10:59,000	16,51	-0,39	-0,6	-88,3	1,1	0	-88,9
2821	01.09.2025 14:11:00,000	16,51	-0,37	-7,5	-82,5	0,1	0	-89,9
2822	01.09.2025 14:11:01,000	16,51	-0,39	-5,4	-83,0	-1,7	0	-91,7
2823	01.09.2025 14:11:02,000	16,51	-0,39	-1,0	-88,7	0,2	0	-89,8
2824	01.09.2025 14:11:03,000	16,51	-0,39	5,2	-80,6	4,2	1	-85,6
2825	01.09.2025 14:11:04,000	16,51	-0,39	-4,9	-39,9	45,3	0	-42,2
2826	01.09.2025 14:11:05,000	16,51	-0,37	-34,7	-50,4	-4,9	1	-96,5
2827	01.09.2025 14:11:06,000	16,51	-0,39	22,9	-47,4	19,6	1	-64,8
2828	01.09.2025 14:11:07,000	16,51	-0,41	2,2	5,3	82,5	0	5,4
2829	01.09.2025 14:11:08,000	16,51	-0,41	-0,1	4,3	85,6	0	4,3
2830	01.09.2025 14:11:09,000	16,51	-0,41	0,2	3,6	86,3	0	3,6
2831	01.09.2025 14:11:10,000	16,51	-0,41	1,4	5,6	83,0	0	5,7
2832	01.09.2025 14:11:11,000	16,51	-0,39	0,2	4,0	85,8	0	4,0
2833	01.09.2025 14:11:12,000	16,51	-0,39	-0,1	3,7	86,2	0	3,7
2834	01.09.2025 14:11:13,000	16,51	-0,41	1,3	3,6	85,0	0	3,7
2835	01.09.2025 14:11:14,000	16,51	-0,41	-1,3	3,1	85,6	0	3,1
2836	01.09.2025 14:11:15,000	16,51	-0,41	3,0	4,4	82,6	0	4,5
2837	01.09.2025 14:11:16,000	16,51	-0,39	1,3	1,8	87,0	0	1,8
2838	01.09.2025 14:11:17,000	16,51	-0,39	-1,8	3,5	84,6	0	3,6
2839	01.09.2025 14:11:18,000	16,51	-0,41	3,1	5,8	81,1	0	6,0
2840	01.09.2025 14:11:19,000	16,51	-0,39	1,6	4,1	84,3	0	4,2
2841	01.09.2025 14:11:20,000	16,51	-0,39	-1,6	3,0	85,3	0	3,1
2842	01.09.2025 14:11:21,000	16,51	-0,41	-1,2	6,3	82,5	0	6,3
2843	01.09.2025 14:11:22,000	16,51	-0,39	4,1	6,7	79,2	1	7,0
2844	01.09.2025 14:11:23,000	16,51	-0,39	-1,9	1,8	86,3	0	1,8
2845	01.09.2025 14:11:24,000	16,51	-0,41	-2,7	3,5	83,9	0	3,6
2846	01.09.2025 14:11:25,000	16,51	-0,41	5,8	5,8	78,4	1	6,1
2847	01.09.2025 14:11:26,000	16,54	-0,39	-0,5	2,6	86,9	0	2,6
2848	01.09.2025 14:11:27,000	16,51	-0,41	-3,4	2,4	84,2	1	2,4
2849	01.09.2025 14:11:28,000	16,54	-0,41	3,5	6,0	80,6	0	6,2
2850	01.09.2025 14:11:29,000	16,51	-0,41	1,1	3,7	85,2	0	3,7
2851	01.09.2025 14:11:30,000	16,54	-0,41	-2,6	3,2	84,1	0	3,3
2852	01.09.2025 14:11:31,000	16,54	-0,39	3,9	6,7	79,4	0	6,9
2853	01.09.2025 14:11:32,000	16,54	-0,41	-2,8	5,5	81,8	0	5,6
2854	01.09.2025 14:11:33,000	16,54	-0,41	0,1	6,3	83,6	0	6,3
2855	01.09.2025 14:11:34,000	16,54	-0,39	1,7	5,1	83,2	0	5,2
2856	01.09.2025 14:11:35,000	16,54	-0,41	-1,2	4,4	84,4	0	4,5
2857	01.09.2025 14:11:36,000	16,54	-0,41	-2,0	5,3	82,7	0	5,4
2858	01.09.2025 14:11:37,000	16,54	-0,39	1,6	5,8	82,6	0	5,9
2859	01.09.2025 14:11:38,000	16,54	-0,39	1,9	3,0	85,1	1	3,0
2860	01.09.2025 14:11:39,000	16,54	-0,41	-1,9	1,3	86,9	0	1,3
2861	01.09.2025 14:11:40,000	16,54	-0,39	0,2	5,7	84,1	0	5,7
2862	01.09.2025 14:11:41,000	16,54	-0,41	3,4	9,0	77,7	1	9,3
2863	01.09.2025 14:11:42,000	16,54	-0,39	-3,3	4,7	82,0	0	4,8
2864	01.09.2025 14:11:43,000	16,54	-0,41	-2,2	6,5	81,3	0	6,6
2865	01.09.2025 14:11:44,000	16,54	-0,39	2,9	8,5	78,6	0	8,8
2866	01.09.2025 14:11:45,000	16,54	-0,41	-1,0	7,3	81,7	0	7,4
2867	01.09.2025 14:11:46,000	16,54	-0,41	-3,0	7,1	80,0	0	7,3
2868	01.09.2025 14:11:47,000	16,54	-0,41	-1,1	7,5	81,4	0	7,6
2869	01.09.2025 14:11:48,000	16,54	-0,41	1,7	7,5	80,8	1	7,6
2870	01.09.2025 14:11:49,000	16,54	-0,39	-2,2	4,1	83,7	0	4,2
2871	01.09.2025 14:11:50,000	16,54	-0,39	-0,6	7,1	82,4	0	7,1
2872	01.09.2025 14:11:51,000	16,54	-0,39	1,1	6,6	82,3	0	6,7
2873	01.09.2025 14:11:52,000	16,54	-0,41	0,6	5,2	84,2	0	5,3
2874	01.09.2025 14:11:53,000	16,54	-0,41	0,2	4,2	85,7	0	4,2
2875	01.09.2025 14:11:54,000	16,54	-0,39	1,4	8,7	79,9	0	8,8
2876	01.09.2025 14:11:55,000	16,54	-0,41	0,6	8,2	81,3	0	8,2
2877	01.09.2025 14:11:56,000	16,54	-0,41	-3,9	5,4	80,7	0	5,6
2878	01.09.2025 14:11:57,000	16,54	-0,41	2,9	7,5	79,5	0	7,7
2879	01.09.2025 14:11:58,000	16,54	-0,41	-0,7	6,4	82,9	0	6,4
2880	01.09.2025 14:11:59,000	16,54	-0,41	-2,7	6,4	81,0	0	6,5
2881	01.09.2025 14:12:00,000	16,54	-0,39	1,8	7,2	81,1	0	7,3
2882	01.09.2025 14:12:01,000	16,54	-0,41	-0,7	5,5	83,9	0	5,5
2883	01.09.2025 14:12:02,000	16,54	-0,41	0,3	4,2	85,5	0	4,2
2884	01.09.2025 14:12:03,000	16,54	-0,39	-0,6	6,7	82,8	0	6,7
2885	01.09.2025 14:12:04,000	16,57	-0,41	3,0	6,1	80,9	0	6,3
2886	01.09.2025 14:12:05,000	16,57	-0,41	-3,3	5,4	81,4	0	5,5
2887	01.09.2025 14:12:06,000	16,57	-0,41	0,9	7,9	81,2	0	8,0
2888	01.09.2025 14:12:07,000	16,57	-0,39	1,1	6,3	82,5	0	6,4
2889	01.09.2025 14:12:08,000	16,57	-0,39	-3,1	5,7	81,2	0	5,9
2890	01.09.2025 14:12:09,000	16,57	-0,41	-0,8	8,9	80,3	0	9,0
2891	01.09.2025 14:12:10,000	16,57	-0,41	1,3	7,4	81,4	0	7,4
2892	01.09.2025 14:12:11,000	16,57	-0,41	-3,3	5,4	81,3	0	5,6
2893	01.09.2025 14:12:12,000	16,57	-0,41	0,7	5,8	83,4	0	5,9
2894	01.09.2025 14:12:13,000	16,57	-0,39	-0,3	6,5	83,1	0	6,6
2895	01.09.2025 14:12:14,000	16,57	-0,41	0,4	6,5	83,1	0	6,6
2896	01.09.2025 14:12:15,000	16,57	-0,39	1,6	6,4	82,0	0	6,5
2897	01.09.2025 14:12:16,000	16,57	-0,41	-2,9	5,4	81,8	0	5,5
2898	01.09.2025 14:12:17,000	16,57	-0,41	0,9	7,4	81,7	0	7,5
2899	01.09.2025 14:12:18,000	16,57	-0,39	1,5	7,3	81,2	0	7,4
2900	01.09.2025 14:12:19,000	16,57	-0,39	-2,2	4,2	83,7	0	4,2
2901	01.09.2025 14:12:20,000	16,57	-0,41	1,1	7,3	81,6	0	7,4
2902	01.09.2025 14:12:21,000	16,57	-0,41	0,6	7,8	81,6	0	7,9
2903	01.09.2025 14:12:22,000	16,57	-0,41	-1,0	4,3	84,6	0	4,4
2904	01.09.2025 14:12:23,000	16,57	-0,39	1,8	5,2	83,0	0	5,3
2905	01.09.2025 14:12:24,000	16,57	-0,41	-0,8	6,6	82,5	0	6,7
2906	01.09.2025 14:12:25,000	16,57	-0,41	1,5	7,0	81,4	0	7,2
2907	01.09.2025 14:12:26,000	16,57	-0,41	-0,9	5,4	83,7	0	5,5
2908	01.09.2025 14:12:27,000	16,57	-0,39	-0,4	6,4	83,3	0	6,4
2909	01.09.2025 14:12:28,000	16,57	-0,41	1,5	7,3	81,2	0	7,4
2910	01.09.2025 14:12:29,000	16,57	-0,41	-1,4	5,5	83,1	0	5,6
2911	01.09.2025 14:12:30,000	16,57	-0,41	1,4	6,7	82,0	0	6,8
2912	01.09.2025 14:12:31,000	16,57	-0,41	0,2	5,4	84,3	0	5,4
2913	01.09.2025 14:12:32,000	16,57	-0,41	0,4	6,8	82,8	0	6,9
2914	01.09.2025 14:12:33,000	16,60	-0,41	-0,4	3,7	85,9	0	3,7
2915	01.09.2025 14:12:34,000	16,60	-0,41	1,4	5,1	83,4	0	5,2
2916	01.09.2025 14:12:35,000	16,60	-0,41	0,7	4,5	84,7	0	4,6
2917	01.09.2025 14:12:36,000	16,60	-0,39	-0,4	7,5	82,1	0	7,6
2918	01.09.2025 14:12:37,000	16,60	-0,41	0,6	5,9	83,5	0	6,0
2919	01.09.2025 14:12:38,000	16,60	-0,41	-0,2	6,4	83,4	0	6,4
2920	01.09.2025 14:12:39,000	16,60	-0,41	0,5	7,3	82,2	0	7,3
2921	01.09.2025 14:12:40,000	16,60	-0,41	-2,0	7,8	80,2	0	8,0
2922	01.09.2025 14:12:41,000	16,60	-0,41	-0,7	8,6	80,7	0	8,6
2923	01.09.2025 14:12:42,000	16,60	-0,41	0,0	6,9	83,1	0	6,9
2924	01.09.2025 14:12:43,000	16,60	-0,41	-2,3	6,1	81,7	0	6,2
2925	01.09.2025 14:12:44,000	16,60	-0,41	0,1	8,1	81,8	0	8,1
2926	01.09.2025 14:12:45,000	16,60	-0,41	0,6	5,0	84,4	0	5,0
2927	01.09.2025 14:12:46,000	16,60	-0,41	-0,3	5,8	83,9	0	5,8
2928	01.09.2025 14:12:47,000	16,60	-0,41	1,0	8,1	81,0	0	8,1
2929	01.09.2025 14:12:48,000	16,60	-0,41	-0,6	6,2	83,2	0	6,3
2930	01.09.2025 14:12:49,000	16,60	-0,41	0,2	5,7	84,1	0	5,7
2931	01.09.2025 14:12:50,000	16,60	-0,41	2,6	5,4	81,9	0	5,6
2932	01.09.2025 14:12:51,000	16,60	-0,41	-1,5	6,1	82,4	0	6,2
2933	01.09.2025 14:12:52,000	16,60	-0,41	-1,2	8,0	80,8	0	8,1
2934	01.09.2025 14:12:53,000	16,60	-0,41	1,8	6,8	81,4	0	6,9
2935	01.09.2025 14:12:54,000	16,60	-0,41	-0,1	3,4	86,5	0	3,4
2936	01.09.2025 14:12:55,000	16,60	-0,39	-3,1	5,1	81,9	0	5,2
2937	01.09.2025 14:12:56,000	16,60	-0,39	3,5	8,9	77,6	0	9,2
2938	01.09.2025 14:12:57,000	16,60	-0,41	-1,9	6,0	82,2	0	6,1
2939	01.09.2025 14:12:58,000	16,60	-0,41	-3,8	4,1	82,1	0	4,2
2940	01.09.2025 14:12:59,000	16,60	-0,41	4,0	7,9	78,1	0	8,2
2941	01.09.2025 14:13:00,000	16,60	-0,41	0,0	5,7	84,2	0	5,7
2942	01.09.2025 14:13:01,000	16,60	-0,41	-2,5	6,2	81,3	0	6,3
2943	01.09.2025 14:13:02,000	16,60	-0,39	1,9	6,4	81,8	0	6,5
2944	01.09.2025 14:13:03,000	16,60	-0,41	-0,6	7,4	82,0	0	7,4
2945	01.09.2025 14:13:04,000	16,60	-0,41	-0,2	6,0	83,8	0	6,0
2946	01.09.2025 14:13:05,000	16,60	-0,41	-1,1	4,4	84,6	0	4,4
2947	01.09.2025 14:13:06,000	16,60	-0,41	0,5	6,1	83,3	0	6,2
2948	01.09.2025 14:13:07,000	16,60	-0,41	2,7	7,4	79,8	0	7,6
2949	01.09.2025 14:13:08,000	16,63	-0,41	-2,7	4,2	83,1	0	4,3
2950	01.09.2025 14:13:09,000	16,63	-0,41	1,0	6,8	82,1	0	6,9
2951	01.09.2025 14:13:10,000	16,63	-0,41	2,3	6,2	81,5	0	6,3
2952	01.09.2025 14:13:11,000	16,63	-0,41	-1,9	5,1	83,0	0	5,2
2953	01.09.2025 14:13:12,000	16,63	-0,41	-0,3	6,5	83,2	0	6,5
2954	01.09.2025 14:13:13,000	16,63	-0,41	1,4	8,4	80,2	0	8,6
2955	01.09.2025 14:13:14,000	16,63	-0,41	-1,8	6,9	81,3	0	7,0
2956	01.09.2025 14:13:15,000	16,63	-0,41	-0,4	4,4	85,2	0	4,4
2957	01.09.2025 14:13:16,000	16,63	-0,41	1,2	4,9	83,9	0	5,0
2958	01.09.2025 14:13:17,000	16,63	-0,41	-0,5	8,1	81,4	0	8,2
2959	01.09.2025 14:13:18,000	16,63	-0,41	0,5	6,8	82,7	0	6,8
2960	01.09.2025 14:13:19,000	16,63	-0,41	-2,2	4,3	83,5	0	4,4
2961	01.09.2025 14:13:20,000	16,63	-0,41	1,3	6,3	82,4	0	6,4
2962	01.09.2025 14:13:21,000	16,63	-0,41	1,6	6,5	81,9	0	6,6
2963	01.09.2025 14:13:22,000	16,63	-0,41	-1,2	6,1	82,7	0	6,2
2964	01.09.2025 14:13:23,000	16,63	-0,43	-1,2	7,3	81,5	0	7,4
2965	01.09.2025 14:13:24,000	16,63	-0,41	0,2	6,5	83,3	0	6,6
2966	01.09.2025 14:13:25,000	16,63	-0,41	0,0	6,7	83,3	0	6,7
2967	01.09.2025 14:13:26,000	16,63	-0,41	0,1	6,9	82,9	0	7,0
2968	01.09.2025 14:13:27,000	16,63	-0,41	-0,5	3,5	86,0	0	3,5
2969	01.09.2025 14:13:28,000	16,63	-0,41	0,6	5,9	83,6	0	5,9
2970	01.09.2025 14:13:29,000	16,63	-0,41	0,1	8,1	81,8	0	8,1
2971	01.09.2025 14:13:30,000	16,63	-0,41	0,8	6,2	83,0	0	6,2
2972	01.09.2025 14:13:31,000	16,63	-0,43	-0,6	2,4	87,0	0	2,5
2973	01.09.2025 14:13:32,000	16,63	-0,41	-1,0	7,6	81,4	0	7,6
2974	01.09.2025 14:13:33,000	16,63	-0,41	4,2	6,3	79,5	1	6,6
2975	01.09.2025 14:13:34,000	16,63	-0,41	-5,6	4,1	80,3	0	4,3
2976	01.09.2025 14:13:35,000	16,63	-0,41	1,4	8,5	80,1	0	8,6
2977	01.09.2025 14:13:36,000	16,63	-0,41	1,1	6,4	82,5	0	6,5
2978	01.09.2025 14:13:37,000	16,63	-0,41	-3,8	7,5	78,8	0	7,7
2979	01.09.2025 14:13:38,000	16,63	-0,41	-0,9	8,3	80,8	0	8,4
2980	01.09.2025 14:13:39,000	16,63	-0,41	-0,6	5,8	83,6	0	5,9
2981	01.09.2025 14:13:40,000	16,63	-0,41	-2,4	8,4	79,2	0	8,6
2982	01.09.2025 14:13:41,000	16,63	-0,41	1,3	6,6	82,1	0	6,7
2983	01.09.2025 14:13:42,000	16,63	-0,41	-1,3	3,5	85,2	0	3,6
2984	01.09.2025 14:13:43,000	16,63	-0,39	0,3	6,6	83,0	0	6,7
2985	01.09.2025 14:13:44,000	16,63	-0,41	2,6	6,2	81,2	0	6,3
2986	01.09.2025 14:13:45,000	16,63	-0,41	-1,5	6,1	82,4	0	6,2
2987	01.09.2025 14:13:46,000	16,63	-0,41	-0,4	5,8	83,8	0	5,8
2988	01.09.2025 14:13:47,000	16,63	-0,41	0,7	6,8	82,5	0	6,8
2989	01.09.2025 14:13:48,000	16,63	-0,41	0,2	5,5	84,3	0	5,5
2990	01.09.2025 14:13:49,000	16,63	-0,41	1,0	4,9	84,1	0	4,9
2991	01.09.2025 14:13:50,000	16,63	-0,41	-1,1	7,1	81,8	0	7,2
2992	01.09.2025 14:13:51,000	16,63	-0,41	-2,0	8,1	79,9	0	8,3
2993	01.09.2025 14:13:52,000	16,63	-0,41	1,4	6,4	82,2	0	6,5
2994	01.09.2025 14:13:53,000	16,63	-0,41	-1,2	3,6	85,2	0	3,6
2995	01.09.2025 14:13:54,000	16,63	-0,41	1,5	6,0	82,5	0	6,1
2996	01.09.2025 14:13:55,000	16,63	-0,41	-0,5	6,3	83,2	0	6,4
2997	01.09.2025 14:13:56,000	16,63	-0,39	1,3	7,1	81,6	0	7,2
2998	01.09.2025 14:13:57,000	16,63	-0,41	-0,1	5,1	84,9	0	5,1
2999	01.09.2025 14:13:58,000	16,63	-0,41	-0,4	6,5	83,1	0	6,5
3000	01.09.2025 14:13:59,000	16,63	-0,39	0,9	7,9	81,2	0	8,0
3001	01.09.2025 14:14:00,000	16,63	-0,41	-0,6	6,6	82,7	0	6,7
3002	01.09.2025 14:14:01,000	16,60	-0,39	-1,5	5,1	83,4	0	5,2
3003	01.09.2025 14:14:02,000	16,63	-0,41	0,8	6,4	82,7	0	6,5
3004	01.09.2025 14:14:03,000	16,60	-0,41	1,1	5,0	83,8	0	5,1
3005	01.09.2025 14:14:04,000	16,60	-0,39	-0,6	6,1	83,3	0	6,1
3006	01.09.2025 14:14:05,000	16,60	-0,41	1,6	5,8	82,5	0	5,9
3007	01.09.2025 14:14:06,000	16,60	-0,41	-0,5	6,0	83,5	0	6,1
3008	01.09.2025 14:14:07,000	16,60	-0,41	1,0	7,2	81,8	0	7,2
3009	01.09.2025 14:14:08,000	16,60	-0,41	-1,5	5,6	82,9	0	5,7
3010	01.09.2025 14:14:09,000	16,60	-0,39	1,4	6,0	82,7	0	6,1
3011	01.09.2025 14:14:10,000	16,60	-0,41	1,2	5,6	83,1	0	5,7
3012	01.09.2025 14:14:11,000	16,60	-0,39	-1,9	7,5	80,5	0	7,7
3013	01.09.2025 14:14:12,000	16,60	-0,41	0,2	7,7	82,1	0	7,7
3014	01.09.2025 14:14:13,000	16,60	-0,39	-0,1	5,5	84,3	0	5,6
3015	01.09.2025 14:14:14,000	16,60	-0,39	-1,6	6,0	82,5	0	6,1
3016	01.09.2025 14:14:15,000	16,60	-0,41	0,8	7,1	82,2	0	7,1
3017	01.09.2025 14:14:16,000	16,60	-0,41	-0,5	6,6	82,9	0	6,6
3018	01.09.2025 14:14:17,000	16,60	-0,41	0,2	6,4	83,5	0	6,4
3019	01.09.2025 14:14:18,000	16,60	-0,39	-0,9	6,3	82,8	0	6,4
3020	01.09.2025 14:14:19,000	16,60	-0,39	2,3	6,3	81,4	0	6,4
3021	01.09.2025 14:14:20,000	16,60	-0,41	-1,8	5,7	82,5	0	5,8
3022	01.09.2025 14:14:21,000	16,60	-0,41	0,7	7,0	82,2	0	7,1
3023	01.09.2025 14:14:22,000	16,60	-0,39	-0,2	6,7	83,1	0	6,7
3024	01.09.2025 14:14:23,000	16,60	-0,41	-1,5	5,1	83,4	0	5,2
3025	01.09.2025 14:14:24,000	16,60	-0,41	1,0	6,4	82,6	0	6,5
3026	01.09.2025 14:14:25,000	16,60	-0,39	-2,7	7,7	79,6	0	7,9
3027	01.09.2025 14:14:26,000	16,60	-0,41	1,1	5,2	83,7	0	5,3
3028	01.09.2025 14:14:27,000	16,60	-0,39	1,3	6,4	82,3	0	6,5
3029	01.09.2025 14:14:28,000	16,57	-0,39	-2,2	6,2	81,5	0	6,4
3030	01.09.2025 14:14:29,000	16,57	-0,41	0,9	5,9	83,2	0	5,9
3031	01.09.2025 14:14:30,000	16,57	-0,41	-0,4	5,8	83,8	0	5,8
3032	01.09.2025 14:14:31,000	16,57	-0,41	1,8	5,5	82,7	0	5,6
3033	01.09.2025 14:14:32,000	16,57	-0,39	-1,4	7,1	81,5	0	7,2
3034	01.09.2025 14:14:33,000	16,57	-0,39	-1,9	7,6	80,5	0	7,7
3035	01.09.2025 14:14:34,000	16,57	-0,41	0,9	8,6	80,5	0	8,7
3036	01.09.2025 14:14:35,000	16,57	-0,41	-0,7	6,2	83,1	0	6,2
3037	01.09.2025 14:14:36,000	16,57	-0,41	-1,5	6,5	82,0	0	6,6
3038	01.09.2025 14:14:37,000	16,57	-0,41	-2,0	7,2	80,8	0	7,3
3039	01.09.2025 14:14:38,000	16,57	-0,39	1,6	7,0	81,4	0	7,1
3040	01.09.2025 14:14:39,000	16,57	-0,41	1,1	4,8	84,1	1	4,8
3041	01.09.2025 14:14:40,000	16,57	-0,39	-5,2	4,9	80,0	1	5,0
3042	01.09.2025 14:14:41,000	16,57	-0,39	2,6	7,6	79,8	0	7,8
3043	01.09.2025 14:14:42,000	16,57	-0,39	2,0	6,2	81,9	0	6,3
3044	01.09.2025 14:14:43,000	16,57	-0,39	-3,2	4,6	82,2	0	4,7
3045	01.09.2025 14:14:44,000	16,57	-0,41	0,7	8,5	80,8	0	8,5
3046	01.09.2025 14:14:45,000	16,57	-0,39	-0,7	7,5	81,8	0	7,5
3047	01.09.2025 14:14:46,000	16,57	-0,41	-1,0	7,1	81,8	0	7,2
3048	01.09.2025 14:14:47,000	16,57	-0,41	0,0	5,5	84,5	0	5,5
3049	01.09.2025 14:14:48,000	16,57	-0,41	-1,0	5,6	83,4	0	5,7
3050	01.09.2025 14:14:49,000	16,57	-0,41	0,9	7,5	81,5	0	7,6
3051	01.09.2025 14:14:50,000	16,57	-0,39	0,0	6,3	83,6	0	6,3
3052	01.09.2025 14:14:51,000	16,57	-0,39	0,1	6,9	83,0	0	6,9
3053	01.09.2025 14:14:52,000	16,57	-0,39	-1,6	6,2	82,2	0	6,3
3054	01.09.2025 14:14:53,000	16,57	-0,39	1,8	7,4	80,7	0	7,6
3055	01.09.2025 14:14:54,000	16,57	-0,41	-0,3	5,8	83,8	0	5,9
3056	01.09.2025 14:14:55,000	16,57	-0,39	-0,8	5,9	83,2	0	6,0
3057	01.09.2025 14:14:56,000	16,54	-0,39	0,8	7,8	81,5	0	7,8
3058	01.09.2025 14:14:57,000	16,54	-0,39	0,1	7,3	82,5	0	7,3
3059	01.09.2025 14:14:58,000	16,54	-0,39	-0,6	6,3	83,1	0	6,4
3060	01.09.2025 14:14:59,000	16,54	-0,39	-0,4	6,5	83,0	0	6,6
3061	01.09.2025 14:15:00,000	16,54	-0,39	0,9	6,1	83,1	0	6,1
3062	01.09.2025 14:15:01,000	16,54	-0,41	-0,6	7,0	82,4	0	7,1
3063	01.09.2025 14:15:02,000	16,54	-0,41	2,2	5,9	81,9	0	6,0
3064	01.09.2025 14:15:03,000	16,54	-0,39	-0,9	6,0	83,1	0	6,1
3065	01.09.2025 14:15:04,000	16,54	-0,41	0,5	7,0	82,5	0	7,1
3066	01.09.2025 14:15:05,000	16,54	-0,39	2,3	6,9	80,8	0	7,0
3067	01.09.2025 14:15:06,000	16,54	-0,39	-1,5	4,3	84,2	0	4,4
3068	01.09.2025 14:15:07,000	16,54	-0,41	0,6	6,6	82,9	0	6,6
3069	01.09.2025 14:15:08,000	16,54	-0,39	1,6	6,4	82,1	0	6,5
3070	01.09.2025 14:15:09,000	16,54	-0,41	-0,6	5,1	84,3	0	5,1
3071	01.09.2025 14:15:10,000	16,54	-0,41	0,9	6,5	82,6	0	6,6
3072	01.09.2025 14:15:11,000	16,54	-0,39	-0,4	5,1	84,5	0	5,1
3073	01.09.2025 14:15:12,000	16,54	-0,41	2,0	7,5	80,5	0	7,6
3074	01.09.2025 14:15:13,000	16,54	-0,41	0,6	6,2	83,1	0	6,3
3075	01.09.2025 14:15:14,000	16,54	-0,41	-2,9	4,6	82,5	0	4,8
3076	01.09.2025 14:15:15,000	16,54	-0,39	3,9	8,4	77,7	0	8,7
3077	01.09.2025 14:15:16,000	16,54	-0,39	0,3	4,9	84,9	0	4,9
3078	01.09.2025 14:15:17,000	16,54	-0,39	-0,3	4,2	85,5	0	4,2
3079	01.09.2025 14:15:18,000	16,54	-0,41	0,3	7,7	81,9	0	7,8
3080	01.09.2025 14:15:19,000	16,54	-0,39	1,3	6,4	82,3	0	6,4
3081	01.09.2025 14:15:20,000	16,54	-0,41	-1,0	5,3	83,6	0	5,4
3082	01.09.2025 14:15:21,000	16,54	-0,39	0,1	6,0	84,0	0	6,0
3083	01.09.2025 14:15:22,000	16,54	-0,39	2,0	6,7	81,3	0	6,9
3084	01.09.2025 14:15:23,000	16,54	-0,39	-2,7	6,2	81,1	0	6,4
3085	01.09.2025 14:15:24,000	16,54	-0,41	2,3	5,5	82,2	0	5,6
3086	01.09.2025 14:15:25,000	16,54	-0,39	0,9	6,4	82,7	0	6,5
3087	01.09.2025 14:15:26,000	16,54	-0,41	-1,9	9,0	79,2	0	9,1
3088	01.09.2025 14:15:27,000	16,54	-0,39	0,2	8,2	81,6	0	8,2
3089	01.09.2025 14:15:28,000	16,54	-0,41	0,3	5,2	84,5	0	5,3
3090	01.09.2025 14:15:29,000	16,54	-0,41	-2,0	7,0	80,9	0	7,2
3091	01.09.2025 14:15:30,000	16,54	-0,39	1,9	9,0	79,1	0	9,2
3092	01.09.2025 14:15:31,000	16,54	-0,39	-0,7	4,2	85,0	0	4,3
3093	01.09.2025 14:15:32,000	16,54	-0,39	-1,7	5,6	82,7	0	5,7
3094	01.09.2025 14:15:33,000	16,54	-0,39	3,5	6,6	79,9	0	6,8
3095	01.09.2025 14:15:34,000	16,54	-0,41	-1,7	5,6	82,7	0	5,7
3096	01.09.2025 14:15:35,000	16,54	-0,41	-0,4	7,1	82,5	0	7,1
3097	01.09.2025 14:15:36,000	16,54	-0,39	0,4	7,7	81,8	0	7,8
3098	01.09.2025 14:15:37,000	16,54	-0,41	1,0	7,3	81,7	0	7,4
3099	01.09.2025 14:15:38,000	16,54	-0,41	0,1	5,2	84,7	0	5,2
3100	01.09.2025 14:15:39,000	16,54	-0,41	-1,0	7,7	81,3	0	7,8
3101	01.09.2025 14:15:40,000	16,54	-0,41	2,6	7,2	80,2	0	7,3
3102	01.09.2025 14:15:41,000	16,54	-0,41	0,5	3,9	85,7	0	3,9
3103	01.09.2025 14:15:42,000	16,54	-0,39	-1,7	5,4	82,9	0	5,5
3104	01.09.2025 14:15:43,000	16,54	-0,41	3,0	7,9	79,1	0	8,2
3105	01.09.2025 14:15:44,000	16,54	-0,41	0,4	4,8	84,7	1	4,9
3106	01.09.2025 14:15:45,000	16,54	-0,39	-3,0	5,0	82,0	0	5,2
3107	01.09.2025 14:15:46,000	16,54	-0,41	2,7	7,8	79,5	0	8,1
3108	01.09.2025 14:15:47,000	16,54	-0,39	1,5	6,6	81,9	0	6,7
3109	01.09.2025 14:15:48,000	16,54	-0,41	-3,4	4,5	82,1	0	4,7
3110	01.09.2025 14:15:49,000	16,54	-0,41	1,0	8,7	80,3	0	8,8
3111	01.09.2025 14:15:50,000	16,54	-0,41	1,5	6,7	81,8	0	6,8
3112	01.09.2025 14:15:51,000	16,54	-0,39	-1,5	4,7	83,7	0	4,8
3113	01.09.2025 14:15:52,000	16,54	-0,41	1,7	7,7	80,6	0	7,9
3114	01.09.2025 14:15:53,000	16,54	-0,39	0,2	7,8	82,0	0	7,8
3115	01.09.2025 14:15:54,000	16,54	-0,41	1,4	5,6	83,0	0	5,7
3116	01.09.2025 14:15:55,000	16,54	-0,41	1,5	4,7	83,8	0	4,7
3117	01.09.2025 14:15:56,000	16,54	-0,41	-0,9	7,1	82,0	0	7,1
3118	01.09.2025 14:15:57,000	16,54	-0,41	2,5	7,1	80,4	0	7,3
3119	01.09.2025 14:15:58,000	16,54	-0,39	-1,6	5,8	82,5	0	5,9
3120	01.09.2025 14:15:59,000	16,54	-0,43	3,1	7,5	79,4	0	7,7
3121	01.09.2025 14:16:00,000	16,54	-0,41	0,7	6,3	82,9	0	6,4
3122	01.09.2025 14:16:01,000	16,54	-0,41	-1,1	6,0	82,9	0	6,1
3123	01.09.2025 14:16:02,000	16,54	-0,41	1,0	7,9	81,2	0	7,9
3124	01.09.2025 14:16:03,000	16,54	-0,41	-0,1	7,5	82,5	0	7,5
3125	01.09.2025 14:16:04,000	16,54	-0,41	-1,0	5,3	83,7	0	5,4
3126	01.09.2025 14:16:05,000	16,54	-0,41	0,5	7,1	82,4	0	7,2
3127	01.09.2025 14:16:06,000	16,54	-0,39	0,1	7,5	82,4	0	7,5
3128	01.09.2025 14:16:07,000	16,54	-0,41	0,6	6,3	83,2	0	6,3
3129	01.09.2025 14:16:08,000	16,54	-0,41	-18,0	-0,1	71,8	0	-0,1
3130	01.09.2025 14:16:09,000	16,54	-0,41	-11,9	-8,2	69,9	0	-8,9
3131	01.09.2025 14:16:10,000	16,54	-0,41	-12,8	-0,2	77,0	0	-0,2
3132	01.09.2025 14:16:11,000	16,54	-0,41	-14,5	3,6	71,9	0	3,8
3133	01.09.2025 14:16:12,000	16,51	-0,39	-10,8	0,3	78,9	0	0,3
3134	01.09.2025 14:16:13,000	16,54	-0,41	-13,0	0,6	76,4	0	0,7
3135	01.09.2025 14:16:14,000	16,51	-0,41	-13,1	3,8	73,2	0	4,0
3136	01.09.2025 14:16:15,000	16,54	-0,41	-11,6	1,2	77,2	0	1,3
3137	01.09.2025 14:16:16,000	16,51	-0,41	-12,0	2,9	75,1	0	3,0
3138	01.09.2025 14:16:17,000	16,51	-0,39	-11,8	1,8	76,4	0	1,8
3139	01.09.2025 14:16:18,000	16,51	-0,41	-11,9	1,5	76,6	0	1,6
3140	01.09.2025 14:16:19,000	16,51	-0,41	-12,2	1,7	76,1	0	1,8
3141	01.09.2025 14:16:20,000	16,51	-0,41	-11,3	2,3	76,4	0	2,4
3142	01.09.2025 14:16:21,000	16,54	-0,41	-12,3	1,0	76,7	0	1,0
3143	01.09.2025 14:16:22,000	16,54	-0,39	-13,7	1,7	74,6	0	1,8
3144	01.09.2025 14:16:23,000	16,51	-0,41	-13,6	0,2	76,2	0	0,2
3145	01.09.2025 14:16:24,000	16,51	-0,41	-11,2	1,4	77,4	0	1,5
3146	01.09.2025 14:16:25,000	16,51	-0,41	-12,9	2,2	74,9	0	2,3
3147	01.09.2025 14:16:26,000	16,54	-0,41	-12,2	0,4	77,4	0	0,4
3148	01.09.2025 14:16:27,000	16,51	-0,39	-12,7	1,5	75,7	0	1,6
3149	01.09.2025 14:16:28,000	16,51	-0,41	-11,3	2,8	76,0	0	2,9
3150	01.09.2025 14:16:29,000	16,51	-0,39	-11,0	1,6	77,4	0	1,7
3151	01.09.2025 14:16:30,000	16,51	-0,39	-14,7	-0,1	75,3	0	-0,1
3152	01.09.2025 14:16:31,000	16,51	-0,41	-12,7	1,6	75,7	0	1,7
3153	01.09.2025 14:16:32,000	16,51	-0,41	-11,2	2,6	76,2	0	2,7
3154	01.09.2025 14:16:33,000	16,51	-0,39	-13,0	-0,8	76,3	0	-0,8
3155	01.09.2025 14:16:34,000	16,51	-0,41	-15,6	3,1	71,2	0	3,4
3156	01.09.2025 14:16:35,000	16,51	-0,39	-10,2	1,1	78,6	0	1,2
3157	01.09.2025 14:16:36,000	16,51	-0,41	-10,8	0,5	78,7	0	0,5
3158	01.09.2025 14:16:37,000	16,51	-0,39	-15,2	3,6	71,2	0	3,9
3159	01.09.2025 14:16:38,000	16,51	-0,39	-11,0	1,9	77,2	0	1,9
3160	01.09.2025 14:16:39,000	16,51	-0,41	-11,0	2,3	76,7	0	2,4
3161	01.09.2025 14:16:40,000	16,51	-0,41	-11,6	0,3	78,2	0	0,3
3162	01.09.2025 14:16:41,000	16,51	-0,39	-12,5	2,6	74,9	0	2,7
3163	01.09.2025 14:16:42,000	16,51	-0,41	-13,4	3,5	73,1	0	3,7
3164	01.09.2025 14:16:43,000	16,51	-0,39	-10,6	-1,4	78,1	0	-1,4
3165	01.09.2025 14:16:44,000	16,51	-0,41	-14,5	2,0	73,5	0	2,2
3166	01.09.2025 14:16:45,000	16,51	-0,39	-11,1	0,5	78,4	0	0,5
3167	01.09.2025 14:16:46,000	16,51	-0,41	-13,6	1,6	74,8	0	1,6
3168	01.09.2025 14:16:47,000	16,51	-0,39	-11,1	2,2	76,7	0	2,3
3169	01.09.2025 14:16:48,000	16,51	-0,39	-11,2	3,3	75,6	0	3,4
3170	01.09.2025 14:16:49,000	16,51	-0,41	-13,2	0,4	76,3	0	0,4
3171	01.09.2025 14:16:50,000	16,51	-0,41	-12,0	1,3	76,7	0	1,4
3172	01.09.2025 14:16:51,000	16,51	-0,39	-12,9	4,6	72,6	0	4,9
3173	01.09.2025 14:16:52,000	16,51	-0,41	-8,5	0,1	81,4	0	0,1
3174	01.09.2025 14:16:53,000	16,51	-0,39	-12,9	1,5	75,6	0	1,6
3175	01.09.2025 14:16:54,000	16,51	-0,41	-14,9	5,3	69,9	1	5,7
3176	01.09.2025 14:16:55,000	16,51	-0,39	-9,1	0,0	80,8	0	0,0
3177	01.09.2025 14:16:56,000	16,51	-0,41	-12,5	0,6	76,9	0	0,6
3178	01.09.2025 14:16:57,000	16,51	-0,39	-14,8	5,1	70,1	0	5,5
3179	01.09.2025 14:16:58,000	16,51	-0,39	-10,5	0,3	79,1	0	0,3
3180	01.09.2025 14:16:59,000	16,51	-0,41	-12,1	0,5	77,4	0	0,6
3181	01.09.2025 14:17:00,000	16,51	-0,39	-14,6	3,3	72,1	0	3,5
3182	01.09.2025 14:17:01,000	16,51	-0,39	-9,1	0,2	80,7	0	0,2
3183	01.09.2025 14:17:02,000	16,51	-0,41	-14,1	19,5	-56,3	1	157,4
3184	01.09.2025 14:17:03,000	16,51	-0,41	-56,2	-4,9	-28,8	0	-169,9
3185	01.09.2025 14:17:04,000	16,51	-0,39	-57,0	-2,4	-30,5	0	-175,2
3186	01.09.2025 14:17:05,000	16,51	-0,39	-60,3	-1,8	-27,9	0	-176,1
3187	01.09.2025 14:17:06,000	16,48	-0,41	-59,3	-1,9	-28,8	0	-176,0
3188	01.09.2025 14:17:07,000	16,48	-0,39	-58,7	-3,0	-28,3	0	-173,7
3189	01.09.2025 14:17:08,000	16,48	-0,41	-60,4	-1,6	-28,0	0	-176,6
3190	01.09.2025 14:17:09,000	16,48	-0,39	-59,5	-3,9	-26,6	0	-171,3
3191	01.09.2025 14:17:10,000	16,48	-0,41	-59,4	0,3	-30,3	0	179,4
3192	01.09.2025 14:17:11,000	16,48	-0,41	-56,2	-4,3	-29,5	0	-171,3
3193	01.09.2025 14:17:12,000	16,48	-0,39	-58,6	-1,8	-29,6	0	-176,4
3194	01.09.2025 14:17:13,000	16,48	-0,39	-58,7	-2,7	-28,6	0	-174,4
3195	01.09.2025 14:17:14,000	16,48	-0,39	-58,4	-2,5	-29,1	1	-174,8
3196	01.09.2025 14:17:15,000	16,48	-0,41	-60,0	-2,5	-27,5	0	-174,6
3197	01.09.2025 14:17:16,000	16,48	-0,39	-60,3	-3,5	-26,2	0	-172,2
3198	01.09.2025 14:17:17,000	16,48	-0,39	-56,7	-2,9	-30,4	1	-174,3
3199	01.09.2025 14:17:18,000	16,51	-0,41	-61,3	-1,5	-27,3	1	-176,8
3200	01.09.2025 14:17:19,000	16,51	-0,41	-59,3	-2,2	-28,4	0	-175,3
3201	01.09.2025 14:17:20,000	16,51	-0,41	-53,0	-3,7	-33,3	0	-173,3
3202	01.09.2025 14:17:21,000	16,51	-0,41	-57,8	-2,5	-29,7	1	-174,9
3203	01.09.2025 14:17:22,000	16,51	-0,39	-59,0	-3,2	-27,8	0	-173,1
3204	01.09.2025 14:17:23,000	16,51	-0,41	-57,1	-3,5	-29,4	0	-173,0
3205	01.09.2025 14:17:24,000	16,51	-0,41	-58,2	-2,5	-29,4	0	-175,0
3206	01.09.2025 14:17:25,000	16,51	-0,41	-57,8	-2,8	-29,4	0	-174,3
3207	01.09.2025 14:17:26,000	16,51	-0,41	-59,2	-2,2	-28,6	0	-175,4
3208	01.09.2025 14:17:27,000	16,51	-0,39	-59,5	-2,8	-27,7	0	-174,0
3209	01.09.2025 14:17:28,000	16,51	-0,39	-52,8	-3,4	-33,8	0	-173,9
3210	01.09.2025 14:17:29,000	16,54	-0,41	-58,3	-3,1	-28,6	0	-173,5
3211	01.09.2025 14:17:30,000	16,54	-0,41	-57,8	-3,0	-29,3	1	-173,9
3212	01.09.2025 14:17:31,000	16,54	-0,41	-58,2	-2,5	-29,3	0	-174,9
3213	01.09.2025 14:17:32,000	16,54	-0,41	-58,7	-3,0	-28,4	0	-173,7
3214	01.09.2025 14:17:33,000	16,54	-0,41	-58,6	-2,3	-29,1	0	-175,3
3215	01.09.2025 14:17:34,000	16,54	-0,41	-58,6	-2,7	-28,7	0	-174,3
3216	01.09.2025 14:17:35,000	16,54	-0,41	-58,4	-2,9	-28,7	0	-174,1
3217	01.09.2025 14:17:36,000	16,54	-0,41	-58,2	-3,0	-28,8	0	-173,9
3218	01.09.2025 14:17:37,000	16,54	-0,41	-58,4	-2,8	-28,8	0	-174,2
3219	01.09.2025 14:17:38,000	16,54	-0,39	-57,5	-2,7	-29,8	0	-174,6
3220	01.09.2025 14:17:39,000	16,54	-0,41	-58,6	-2,6	-28,8	0	-174,5
3221	01.09.2025 14:17:40,000	16,54	-0,41	-59,0	-2,6	-28,5	0	-174,7
3222	01.09.2025 14:17:41,000	16,54	-0,41	-58,6	-3,1	-28,4	0	-173,6
3223	01.09.2025 14:17:42,000	16,54	-0,41	-58,3	-2,6	-29,1	0	-174,7
3224	01.09.2025 14:17:43,000	16,54	-0,41	-58,5	-2,6	-28,8	0	-174,5
3225	01.09.2025 14:17:44,000	16,54	-0,41	-57,9	-3,4	-28,7	0	-173,0
3226	01.09.2025 14:17:45,000	16,54	-0,41	-59,1	-2,6	-28,3	1	-174,6
3227	01.09.2025 14:17:46,000	16,54	-0,41	-60,4	-2,4	-27,2	0	-174,8
3228	01.09.2025 14:17:47,000	16,54	-0,39	-57,0	-2,4	-30,6	0	-175,3
3229	01.09.2025 14:17:48,000	16,54	-0,41	-57,4	-3,1	-29,5	0	-173,7
3230	01.09.2025 14:17:49,000	16,54	-0,41	-58,1	-2,2	-29,7	0	-175,5
3231	01.09.2025 14:17:50,000	16,54	-0,41	-58,2	-2,6	-29,2	0	-174,6
3232	01.09.2025 14:17:51,000	16,54	-0,41	-58,7	-2,8	-28,5	0	-174,2
3233	01.09.2025 14:17:52,000	16,57	-0,39	-58,5	-2,9	-28,6	0	-174,0
3234	01.09.2025 14:17:53,000	16,54	-0,39	-58,2	-2,5	-29,2	0	-174,8
3235	01.09.2025 14:17:54,000	16,54	-0,41	-58,4	-2,8	-28,8	0	-174,2
3236	01.09.2025 14:17:55,000	16,57	-0,41	-58,2	-3,1	-28,6	0	-173,5
3237	01.09.2025 14:17:56,000	16,57	-0,41	-56,9	-3,3	-29,8	0	-173,4
3238	01.09.2025 14:17:57,000	16,54	-0,41	-59,0	-2,3	-28,7	0	-175,2
3239	01.09.2025 14:17:58,000	16,57	-0,41	-59,5	-3,0	-27,5	1	-173,5
3240	01.09.2025 14:17:59,000	16,57	-0,41	-58,9	-2,7	-28,4	1	-174,4
3241	01.09.2025 14:18:00,000	16,57	-0,41	-57,3	-2,7	-30,0	0	-174,6
3242	01.09.2025 14:18:01,000	16,57	-0,39	-57,1	-3,7	-29,2	0	-172,4
3243	01.09.2025 14:18:02,000	16,57	-0,39	-57,2	-4,4	-28,4	1	-170,9
3244	01.09.2025 14:18:03,000	16,57	-0,41	-58,8	-3,5	-27,7	0	-172,5
3245	01.09.2025 14:18:04,000	16,57	-0,41	-59,2	-2,2	-28,6	0	-175,3
3246	01.09.2025 14:18:05,000	16,57	-0,41	-59,1	-3,0	-27,9	0	-173,6
3247	01.09.2025 14:18:06,000	16,57	-0,41	-56,5	-2,1	-31,5	0	-176,1
3248	01.09.2025 14:18:07,000	16,57	-0,41	-55,4	-6,8	-27,9	1	-165,8
3249	01.09.2025 14:18:08,000	16,57	-0,39	-59,5	0,1	-30,4	0	179,7
3250	01.09.2025 14:18:09,000	16,57	-0,41	-60,4	0,6	-28,9	0	178,7
3251	01.09.2025 14:18:10,000	16,57	-0,39	-60,0	-0,4	-29,6	0	-179,1
3252	01.09.2025 14:18:11,000	16,57	-0,39	-59,0	-2,4	-28,6	0	-175,1
3253	01.09.2025 14:18:12,000	16,57	-0,41	-78,6	5,6	-5,8	1	-175,1
3254	01.09.2025 14:18:13,000	16,57	-0,41	-2,5	81,6	-5,9	1	96,1
3255	01.09.2025 14:18:14,000	16,57	-0,41	-0,5	82,5	7,0	1	82,9
3256	01.09.2025 14:18:15,000	16,57	-0,41	-2,9	81,8	-5,3	0	95,5
3257	01.09.2025 14:18:16,000	16,57	-0,41	-4,1	81,7	-4,2	0	94,4
3258	01.09.2025 14:18:17,000	16,57	-0,41	-0,6	86,7	2,6	0	87,3
3259	01.09.2025 14:18:18,000	16,57	-0,41	-2,3	85,1	-2,6	0	92,7
3260	01.09.2025 14:18:19,000	16,57	-0,41	-3,7	80,8	-5,5	0	95,7
3261	01.09.2025 14:18:20,000	16,57	-0,41	-1,7	86,2	2,1	0	87,9
3262	01.09.2025 14:18:21,000	16,57	-0,41	0,8	88,6	0,6	0	89,4
3263	01.09.2025 14:18:22,000	16,57	-0,41	-2,2	80,4	-7,4	0	97,5
3264	01.09.2025 14:18:23,000	16,57	-0,41	-0,6	87,0	-2,4	0	92,4
3265	01.09.2025 14:18:24,000	16,57	-0,41	-0,4	89,0	-0,6	0	90,6
3266	01.09.2025 14:18:25,000	16,57	-0,39	-3,9	83,4	-2,7	0	92,8
3267	01.09.2025 14:18:26,000	16,57	-0,41	-0,8	85,1	-4,1	0	94,1
3268	01.09.2025 14:18:27,000	16,57	-0,41	-0,6	89,3	-0,1	0	90,1
3269	01.09.2025 14:18:28,000	16,57	-0,39	-2,6	83,1	-4,2	0	94,3
3270	01.09.2025 14:18:29,000	16,57	-0,41	-2,3	86,8	-0,9	0	90,9
3271	01.09.2025 14:18:30,000	16,57	-0,41	-1,0	88,8	0,2	0	89,8
3272	01.09.2025 14:18:31,000	16,57	-0,41	-1,6	83,7	-4,7	0	94,8
3273	01.09.2025 14:18:32,000	16,57	-0,41	-0,4	87,0	-2,7	0	92,7
3274	01.09.2025 14:18:33,000	16,57	-0,41	-1,6	88,2	-0,2	0	90,2
3275	01.09.2025 14:18:34,000	16,57	-0,41	-0,6	85,1	-4,4	0	94,4
3276	01.09.2025 14:18:35,000	16,57	-0,41	-2,5	84,9	-2,6	0	92,6
3277	01.09.2025 14:18:36,000	16,57	-0,41	-1,9	86,1	-2,0	0	92,0
3278	01.09.2025 14:18:37,000	16,57	-0,41	-1,8	86,1	-2,1	0	92,1
3279	01.09.2025 14:18:38,000	16,57	-0,41	-2,4	86,5	-1,1	0	91,1
3280	01.09.2025 14:18:39,000	16,57	-0,41	-1,2	85,4	-3,4	0	93,4
3281	01.09.2025 14:18:40,000	16,57	-0,41	-0,1	86,5	-3,4	0	93,4
3282	01.09.2025 14:18:41,000	16,57	-0,41	-1,8	88,0	-0,2	0	90,2
3283	01.09.2025 14:18:42,000	16,57	-0,39	-1,9	85,6	-2,6	0	92,6
3284	01.09.2025 14:18:43,000	16,57	-0,39	-1,7	84,9	-3,4	0	93,4
3285	01.09.2025 14:18:44,000	16,57	-0,39	-0,1	86,8	-3,1	0	93,1
3286	01.09.2025 14:18:45,000	16,57	-0,41	-1,4	88,0	0,6	0	89,4
3287	01.09.2025 14:18:46,000	16,57	-0,41	-3,5	81,0	-5,5	0	95,7
3288	01.09.2025 14:18:47,000	16,57	-0,41	-2,5	85,2	-2,3	0	92,3
3289	01.09.2025 14:18:48,000	16,57	-0,41	-1,8	88,0	0,2	0	89,8
3290	01.09.2025 14:18:49,000	16,57	-0,41	-2,1	85,6	-2,3	0	92,3
3291	01.09.2025 14:18:50,000	16,57	-0,41	-2,1	84,1	-3,7	0	93,8
3292	01.09.2025 14:18:51,000	16,57	-0,41	-0,9	87,2	-1,9	0	91,9
3293	01.09.2025 14:18:52,000	16,57	-0,41	-1,1	87,6	-1,3	0	91,3
3294	01.09.2025 14:18:53,000	16,57	-0,41	-0,3	88,1	-1,5	0	91,6
3295	01.09.2025 14:18:54,000	16,57	-0,41	-1,9	82,3	-5,9	0	96,0
3296	01.09.2025 14:18:55,000	16,57	-0,41	0,4	88,8	0,9	0	89,1
3297	01.09.2025 14:18:56,000	16,57	-0,41	-0,1	85,3	-4,7	0	94,7
3298	01.09.2025 14:18:57,000	16,60	-0,41	-2,0	82,4	-5,6	0	95,7
3299	01.09.2025 14:18:58,000	16,60	-0,41	-1,3	87,1	1,6	0	88,4
3300	01.09.2025 14:18:59,000	16,60	-0,41	-1,2	85,9	-2,9	0	92,9
3301	01.09.2025 14:19:00,000	16,60	-0,41	-1,8	82,8	-5,4	0	95,5
3302	01.09.2025 14:19:01,000	16,60	-0,41	0,4	89,2	-0,5	0	90,5
3303	01.09.2025 14:19:02,000	16,60	-0,41	-2,0	87,4	-0,6	0	90,6
3304	01.09.2025 14:19:03,000	16,60	-0,39	-1,8	81,9	-6,3	0	96,4
3305	01.09.2025 14:19:04,000	16,60	-0,41	-1,8	86,0	-2,2	0	92,3
3306	01.09.2025 14:19:05,000	16,60	-0,39	-0,7	86,9	2,3	1	87,7
3307	01.09.2025 14:19:06,000	16,60	-0,41	-1,8	83,8	-4,3	0	94,4
3308	01.09.2025 14:19:07,000	16,60	-0,39	-1,5	83,9	-4,6	0	94,7
3309	01.09.2025 14:19:08,000	16,60	-0,41	-1,4	87,0	-1,6	0	91,6
3310	01.09.2025 14:19:09,000	16,60	-0,41	-0,6	88,7	0,7	0	89,3
3311	01.09.2025 14:19:10,000	16,60	-0,41	-2,8	81,0	-6,1	0	96,3
3312	01.09.2025 14:19:11,000	16,60	-0,41	-2,1	84,2	-3,7	0	93,8
3313	01.09.2025 14:19:12,000	16,60	-0,41	1,3	85,6	3,0	0	86,9
3314	01.09.2025 14:19:13,000	16,60	-0,39	-3,1	82,7	-4,3	0	94,4
3315	01.09.2025 14:19:14,000	16,60	-0,41	-0,8	83,0	-6,2	1	96,2
3316	01.09.2025 14:19:15,000	16,60	-0,41	0,4	86,3	3,3	0	86,6
3317	01.09.2025 14:19:16,000	16,60	-0,41	-1,8	84,5	-3,8	0	93,8
3318	01.09.2025 14:19:17,000	16,60	-0,41	-1,2	84,0	-4,8	0	94,9
3319	01.09.2025 14:19:18,000	16,60	-0,41	0,1	89,8	0,0	0	90,0
3320	01.09.2025 14:19:19,000	16,60	-0,41	-0,4	86,4	-3,2	0	93,2
3321	01.09.2025 14:19:20,000	16,60	-0,41	-2,9	84,8	-2,3	0	92,3
3322	01.09.2025 14:19:21,000	16,60	-0,43	-1,5	84,8	-3,7	0	93,8
3323	01.09.2025 14:19:22,000	16,60	-0,41	-1,1	87,3	-1,6	0	91,6
3324	01.09.2025 14:19:23,000	16,60	-0,41	-1,2	88,7	-0,1	0	90,1
3325	01.09.2025 14:19:24,000	16,60	-0,41	-1,0	83,8	-5,2	0	95,2
3326	01.09.2025 14:19:25,000	16,60	-0,41	-2,0	85,5	-2,4	0	92,5
3327	01.09.2025 14:19:26,000	16,60	-0,41	0,6	88,3	1,1	0	88,9
3328	01.09.2025 14:19:27,000	16,60	-0,41	0,2	85,3	-4,5	0	94,5
3329	01.09.2025 14:19:28,000	16,60	-0,41	-0,2	85,7	-4,1	0	94,1
3330	01.09.2025 14:19:29,000	16,60	-0,41	-1,2	87,2	-1,6	0	91,6
3331	01.09.2025 14:19:30,000	16,60	-0,41	-1,1	85,6	-3,2	0	93,3
3332	01.09.2025 14:19:31,000	16,60	-0,41	-0,2	86,8	-3,0	0	93,0
3333	01.09.2025 14:19:32,000	16,60	-0,41	-2,8	83,8	-3,4	0	93,5
3334	01.09.2025 14:19:33,000	16,60	-0,41	-1,4	86,7	-1,9	0	91,9
3335	01.09.2025 14:19:34,000	16,60	-0,41	-1,5	87,7	-0,8	0	90,8
3336	01.09.2025 14:19:35,000	16,63	-0,41	0,1	85,7	-4,2	0	94,2
3337	01.09.2025 14:19:36,000	16,63	-0,39	0,0	88,0	-2,0	0	92,0
3338	01.09.2025 14:19:37,000	16,60	-0,41	-1,7	85,7	-2,6	0	92,6
3339	01.09.2025 14:19:38,000	16,63	-0,41	-2,5	84,7	-2,9	0	92,9
3340	01.09.2025 14:19:39,000	16,63	-0,41	-0,5	87,3	-2,2	0	92,2
3341	01.09.2025 14:19:40,000	16,63	-0,39	-2,8	86,1	-1,1	0	91,1
3342	01.09.2025 14:19:41,000	16,63	-0,41	-2,0	85,1	-2,9	0	92,9
3343	01.09.2025 14:19:42,000	16,63	-0,39	-1,0	85,3	-3,8	0	93,8
3344	01.09.2025 14:19:43,000	16,63	-0,39	-0,9	88,9	0,2	0	89,8
3345	01.09.2025 14:19:44,000	16,63	-0,39	-2,2	83,2	-4,6	0	94,7
3346	01.09.2025 14:19:45,000	16,63	-0,41	-1,0	87,4	-1,6	0	91,6
3347	01.09.2025 14:19:46,000	16,63	-0,41	-1,2	88,6	0,2	0	89,8
3348	01.09.2025 14:19:47,000	16,63	-0,41	-1,6	81,9	-6,6	1	96,7
3349	01.09.2025 14:19:48,000	16,63	-0,43	-0,1	88,5	1,5	0	88,5
3350	01.09.2025 14:19:49,000	16,63	-0,41	-1,6	86,8	-1,6	0	91,6
3351	01.09.2025 14:19:50,000	16,63	-0,41	-1,9	79,9	-8,2	1	98,4
3352	01.09.2025 14:19:51,000	16,63	-0,41	-1,2	86,9	1,9	0	88,1
3353	01.09.2025 14:19:52,000	16,63	-0,41	-1,2	86,5	-2,3	0	92,3
3354	01.09.2025 14:19:53,000	16,63	-0,41	-2,9	81,9	-5,1	0	95,3
3355	01.09.2025 14:19:54,000	16,63	-0,41	-1,5	87,5	-0,9	0	90,9
3356	01.09.2025 14:19:55,000	16,63	-0,41	-2,2	86,6	-1,1	0	91,1
3357	01.09.2025 14:19:56,000	16,63	-0,41	-3,1	83,7	-3,2	0	93,3
3358	01.09.2025 14:19:57,000	16,63	-0,41	-2,4	87,6	-0,1	0	90,1
3359	01.09.2025 14:19:58,000	16,63	-0,39	-0,4	84,7	-4,9	0	94,9
3360	01.09.2025 14:19:59,000	16,63	-0,41	-0,3	86,7	-3,0	0	93,0
3361	01.09.2025 14:20:00,000	16,63	-0,39	-1,6	84,7	3,7	1	86,3
3362	01.09.2025 14:20:01,000	16,63	-0,41	-1,7	80,7	-7,6	1	97,7
3363	01.09.2025 14:20:02,000	16,63	-0,39	-1,3	87,9	-0,8	0	90,8
3364	01.09.2025 14:20:03,000	16,63	-0,41	-0,8	88,3	0,9	0	89,1
3365	01.09.2025 14:20:04,000	16,66	-0,41	-1,9	82,4	-5,8	0	95,9
3366	01.09.2025 14:20:05,000	16,66	-0,41	-0,8	85,5	-3,6	0	93,7
3367	01.09.2025 14:20:06,000	16,66	-0,41	-0,4	89,4	0,2	0	89,8
3368	01.09.2025 14:20:07,000	16,66	-0,41	-4,0	83,8	-2,2	0	92,3
3369	01.09.2025 14:20:08,000	16,66	-0,41	-1,2	85,1	-3,7	0	93,7
3370	01.09.2025 14:20:09,000	16,66	-0,43	-0,8	86,4	2,8	0	87,1
3371	01.09.2025 14:20:10,000	16,66	-0,41	-2,7	80,9	-6,4	0	96,6
3372	01.09.2025 14:20:11,000	16,66	-0,41	-2,0	87,4	0,6	0	89,4
3373	01.09.2025 14:20:12,000	16,66	-0,41	-0,3	88,3	-1,5	0	91,5
3374	01.09.2025 14:20:13,000	16,66	-0,41	-1,8	82,2	-6,0	0	96,1
3375	01.09.2025 14:20:14,000	16,66	-0,39	-1,1	88,6	-0,3	0	90,3
3376	01.09.2025 14:20:15,000	16,66	-0,41	-1,0	87,4	-1,6	0	91,6
3377	01.09.2025 14:20:16,000	16,66	-0,41	-1,6	82,9	-5,5	0	95,6
3378	01.09.2025 14:20:17,000	16,66	-0,41	-1,5	86,2	-2,3	0	92,3
3379	01.09.2025 14:20:18,000	16,66	-0,43	-0,3	89,1	0,6	0	89,4
3380	01.09.2025 14:20:19,000	16,66	-0,41	-3,0	83,2	-3,7	0	93,8
3381	01.09.2025 14:20:20,000	16,66	-0,39	-2,0	84,1	-4,0	0	94,0
3382	01.09.2025 14:20:21,000	16,66	-0,41	0,2	88,6	1,2	0	88,8
3383	01.09.2025 14:20:22,000	16,66	-0,43	-1,1	86,4	-2,4	0	92,5
3384	01.09.2025 14:20:23,000	16,66	-0,41	-1,6	85,0	-3,4	0	93,4
3385	01.09.2025 14:20:24,000	16,66	-0,41	0,7	86,0	-3,3	0	93,4
3386	01.09.2025 14:20:25,000	16,66	-0,41	-0,7	87,4	-1,9	0	91,9
3387	01.09.2025 14:20:26,000	16,66	-0,41	-3,0	85,4	-1,6	0	91,6
3388	01.09.2025 14:20:27,000	16,66	-0,41	-1,8	85,6	-2,6	0	92,6
3389	01.09.2025 14:20:28,000	16,66	-0,41	-0,9	86,9	-2,3	0	92,3
3390	01.09.2025 14:20:29,000	16,66	-0,41	-0,9	87,8	-1,3	0	91,3
3391	01.09.2025 14:20:30,000	16,69	-0,41	-2,2	85,5	-2,3	0	92,3
3392	01.09.2025 14:20:31,000	16,69	-0,41	-2,6	84,1	-3,2	0	93,3
3393	01.09.2025 14:20:32,000	16,69	-0,41	0,3	89,1	0,6	0	89,4
3394	01.09.2025 14:20:33,000	16,69	-0,41	-1,1	85,5	-3,5	0	93,5
3395	01.09.2025 14:20:34,000	16,69	-0,41	-2,8	86,1	-1,1	0	91,1
3396	01.09.2025 14:20:35,000	16,69	-0,41	-1,4	84,3	-4,3	0	94,3
3397	01.09.2025 14:20:36,000	16,69	-0,43	-1,4	88,2	0,5	0	89,5
3398	01.09.2025 14:20:37,000	16,69	-0,43	-1,3	84,9	-3,8	0	93,8
3399	01.09.2025 14:20:38,000	16,69	-0,41	-0,8	85,4	-3,8	0	93,9
3400	01.09.2025 14:20:39,000	16,69	-0,41	-1,0	88,2	0,7	1	89,3
3401	01.09.2025 14:20:40,000	16,69	-0,41	-2,7	84,2	-3,2	0	93,2
3402	01.09.2025 14:20:41,000	16,69	-0,41	0,3	86,2	-3,5	0	93,5
3403	01.09.2025 14:20:42,000	16,69	-0,41	1,1	87,9	-1,0	0	91,0
3404	01.09.2025 14:20:43,000	16,69	-0,41	-1,5	86,9	-1,7	0	91,7
3405	01.09.2025 14:20:44,000	16,69	-0,41	-1,0	82,7	-6,3	0	96,4
3406	01.09.2025 14:20:45,000	16,69	-0,41	0,1	88,9	-1,0	0	91,0
3407	01.09.2025 14:20:46,000	16,69	-0,41	-2,0	87,6	0,4	1	89,6
3408	01.09.2025 14:20:47,000	16,69	-0,41	-2,0	81,3	-6,7	0	96,9
3409	01.09.2025 14:20:48,000	16,69	-0,41	0,0	88,0	-2,0	0	92,0
3410	01.09.2025 14:20:49,000	16,69	-0,41	-0,3	87,2	2,5	1	87,5
3411	01.09.2025 14:20:50,000	16,69	-0,41	-4,4	79,3	-6,3	0	96,5
3412	01.09.2025 14:20:51,000	16,69	-0,41	-1,9	86,8	-1,3	0	91,3
3413	01.09.2025 14:20:52,000	16,72	-0,41	-1,4	88,4	0,2	0	89,8
3414	01.09.2025 14:20:53,000	16,72	-0,41	-2,8	85,4	-1,9	0	91,9
3415	01.09.2025 14:20:54,000	16,72	-0,41	-3,4	83,8	-2,8	0	92,8
3416	01.09.2025 14:20:55,000	16,72	-0,41	-0,2	87,3	-2,5	0	92,5
3417	01.09.2025 14:20:56,000	16,72	-0,43	-0,2	89,0	-0,8	0	90,8
3418	01.09.2025 14:20:57,000	16,72	-0,41	-0,9	86,2	-3,0	0	93,0
3419	01.09.2025 14:20:58,000	16,72	-0,41	-1,0	82,9	-6,1	0	96,2
3420	01.09.2025 14:20:59,000	16,72	-0,41	-1,0	86,4	2,7	0	87,3
3421	01.09.2025 14:21:00,000	16,72	-0,41	-2,1	86,2	-1,7	0	91,8
3422	01.09.2025 14:21:01,000	16,72	-0,43	-2,9	82,3	-4,8	0	94,9
3423	01.09.2025 14:21:02,000	16,72	-0,43	-0,1	88,3	-1,6	0	91,6
3424	01.09.2025 14:21:03,000	16,72	-0,41	-2,4	84,7	2,9	1	87,1
3425	01.09.2025 14:21:04,000	16,72	-0,41	-2,5	81,3	-6,2	0	96,3
3426	01.09.2025 14:21:05,000	16,72	-0,41	-0,5	85,1	-4,4	1	94,4
3427	01.09.2025 14:21:06,000	16,72	-0,43	-0,2	85,9	3,9	1	86,0
3428	01.09.2025 14:21:07,000	16,72	-0,41	-1,5	83,4	-5,1	0	95,2
3429	01.09.2025 14:21:08,000	16,72	-0,41	-2,0	82,7	-5,3	0	95,4
3430	01.09.2025 14:21:09,000	16,72	-0,41	0,0	89,9	0,0	0	90,0
3431	01.09.2025 14:21:10,000	16,72	-0,41	-1,7	85,3	3,0	1	87,0
3432	01.09.2025 14:21:11,000	16,72	-0,41	-2,3	78,0	-9,7	1	100,0
3433	01.09.2025 14:21:12,000	16,72	-0,41	-1,2	88,5	0,3	0	89,7
3434	01.09.2025 14:21:13,000	16,72	-0,39	-1,5	87,7	0,8	1	89,2
3435	01.09.2025 14:21:14,000	16,75	-0,41	-3,4	81,5	-5,2	0	95,3
3436	01.09.2025 14:21:15,000	16,75	-0,41	-2,3	85,5	2,1	0	87,8
3437	01.09.2025 14:21:16,000	16,75	-0,43	0,1	86,4	-3,6	0	93,6
3438	01.09.2025 14:21:17,000	16,75	-0,41	-0,3	88,9	-0,9	0	90,9
3439	01.09.2025 14:21:18,000	16,75	-0,43	-1,8	86,1	-2,1	0	92,2
3440	01.09.2025 14:21:19,000	16,75	-0,41	-1,3	84,0	-4,7	0	94,8
3441	01.09.2025 14:21:20,000	16,75	-0,41	0,7	89,2	-0,1	0	90,1
3442	01.09.2025 14:21:21,000	16,75	-0,43	-1,2	86,3	-2,5	0	92,5
3443	01.09.2025 14:21:22,000	16,75	-0,41	-4,1	81,6	-4,3	0	94,4
3444	01.09.2025 14:21:23,000	16,75	-0,43	-0,7	88,8	0,5	0	89,5
3445	01.09.2025 14:21:24,000	16,75	-0,41	-1,8	83,8	-4,4	0	94,5
3446	01.09.2025 14:21:25,000	16,75	-0,41	-1,4	87,2	-1,4	0	91,4
3447	01.09.2025 14:21:26,000	16,75	-0,41	-1,7	88,2	-0,1	0	90,1
3448	01.09.2025 14:21:27,000	16,75	-0,41	-3,6	83,6	-2,8	0	92,9
3449	01.09.2025 14:21:28,000	16,75	-0,41	0,0	85,8	-4,2	0	94,2
3450	01.09.2025 14:21:29,000	16,75	-0,41	-0,8	88,5	0,7	0	89,3
3451	01.09.2025 14:21:30,000	16,75	-0,41	-2,1	84,5	-3,4	0	93,4
3452	01.09.2025 14:21:31,000	16,75	-0,41	-1,4	84,9	-3,7	0	93,8
3453	01.09.2025 14:21:32,000	16,75	-0,43	0,0	87,7	-2,2	0	92,2
3454	01.09.2025 14:21:33,000	16,75	-0,41	-1,1	88,3	-0,5	0	90,5
3455	01.09.2025 14:21:34,000	16,75	-0,41	-2,0	83,0	-5,1	0	95,1
3456	01.09.2025 14:21:35,000	16,75	-0,41	-3,6	86,1	0,3	0	89,7
3457	01.09.2025 14:21:36,000	16,78	-0,41	0,0	86,3	-3,7	0	93,7
3458	01.09.2025 14:21:37,000	16,78	-0,39	0,3	86,9	-2,8	0	92,8
3459	01.09.2025 14:21:38,000	16,78	-0,41	-1,4	88,5	0,1	0	89,9
3460	01.09.2025 14:21:39,000	16,78	-0,39	-2,0	83,1	-4,9	0	95,0
3461	01.09.2025 14:21:40,000	16,78	-0,39	-0,3	87,6	-2,1	0	92,1
3462	01.09.2025 14:21:41,000	16,78	-0,39	0,4	88,3	1,4	0	88,6
3463	01.09.2025 14:21:42,000	16,78	-0,39	-3,0	81,9	-5,1	0	95,2
3464	01.09.2025 14:21:43,000	16,78	-0,41	-0,8	85,8	-3,4	0	93,4
3465	01.09.2025 14:21:44,000	16,78	-0,39	-1,3	88,5	0,2	0	89,8
3466	01.09.2025 14:21:45,000	16,78	-0,39	-1,5	88,1	-0,4	0	90,4
3467	01.09.2025 14:21:46,000	16,78	-0,39	-2,3	82,5	-5,3	0	95,4
3468	01.09.2025 14:21:47,000	16,78	-0,41	-1,9	87,8	-0,3	0	90,3
3469	01.09.2025 14:21:48,000	16,78	-0,41	-1,6	87,8	-0,6	0	90,6
3470	01.09.2025 14:21:49,000	16,78	-0,41	-1,7	86,3	-2,0	0	92,0
3471	01.09.2025 14:21:50,000	16,78	-0,39	-0,6	85,8	-3,6	0	93,6
3472	01.09.2025 14:21:51,000	16,78	-0,39	0,4	86,9	-2,7	0	92,7
3473	01.09.2025 14:21:52,000	16,78	-0,41	-0,7	89,0	0,3	0	89,7
3474	01.09.2025 14:21:53,000	16,78	-0,39	-1,8	83,1	-5,1	0	95,2
3475	01.09.2025 14:21:54,000	16,78	-0,39	-0,9	86,5	-2,6	0	92,6
3476	01.09.2025 14:21:55,000	16,78	-0,39	-1,0	89,0	0,0	0	90,0
3477	01.09.2025 14:21:56,000	16,78	-0,39	-2,9	83,3	-3,8	0	93,9
3478	01.09.2025 14:21:57,000	16,78	-0,39	-2,4	85,4	-2,2	0	92,3
3479	01.09.2025 14:21:58,000	16,78	-0,39	0,1	88,5	-1,4	0	91,4
3480	01.09.2025 14:21:59,000	16,78	-0,39	-0,3	88,9	-0,8	0	90,8
3481	01.09.2025 14:22:00,000	16,78	-0,39	-2,0	82,9	-5,1	0	95,2
3482	01.09.2025 14:22:01,000	16,78	-0,39	-0,7	88,6	0,7	0	89,3
3483	01.09.2025 14:22:02,000	16,78	-0,39	0,1	84,8	-5,1	0	95,1
3484	01.09.2025 14:22:03,000	16,81	-0,39	-1,0	85,8	-3,1	0	93,2
3485	01.09.2025 14:22:04,000	16,81	-0,39	-0,9	88,7	-0,4	0	90,4
3486	01.09.2025 14:22:05,000	16,81	-0,39	-2,3	83,5	-4,3	0	94,4
3487	01.09.2025 14:22:06,000	16,81	-0,41	1,1	86,4	-2,5	0	92,5
3488	01.09.2025 14:22:07,000	16,81	-0,41	0,5	88,3	1,2	1	88,8
3489	01.09.2025 14:22:08,000	16,81	-0,39	-2,3	81,7	-6,0	0	96,1
3490	01.09.2025 14:22:09,000	16,81	-0,39	0,6	88,7	-0,7	0	90,7
3491	01.09.2025 14:22:10,000	16,81	-0,39	-2,3	87,6	-0,2	0	90,2
3492	01.09.2025 14:22:11,000	16,81	-0,41	-1,8	85,4	-2,8	0	92,8
3493	01.09.2025 14:22:12,000	16,81	-0,39	0,0	87,0	-3,0	0	93,0
3494	01.09.2025 14:22:13,000	16,81	-0,39	-1,7	87,8	-0,5	0	90,5
3495	01.09.2025 14:22:14,000	16,81	-0,41	-2,1	84,3	-3,7	0	93,7
3496	01.09.2025 14:22:15,000	16,81	-0,39	-1,8	85,8	-2,4	0	92,4
3497	01.09.2025 14:22:16,000	16,81	-0,41	-0,7	88,6	-0,8	0	90,8
3498	01.09.2025 14:22:17,000	16,81	-0,39	-1,9	85,0	-3,1	0	93,1
3499	01.09.2025 14:22:18,000	16,81	-0,41	0,5	84,3	-5,2	0	95,2
3500	01.09.2025 14:22:19,000	16,81	-0,43	42,4	-28,0	19,7	1	-54,2
3501	01.09.2025 14:22:20,000	16,81	-0,43	-64,1	-5,0	20,9	1	-54,2
3502	01.09.2025 14:22:21,000	16,84	-0,41	-57,6	-16,3	16,1	1	-45,2
3503	01.09.2025 14:22:22,000	16,84	-0,41	-55,6	-13,5	20,9	0	-33,2
3504	01.09.2025 14:22:23,000	16,87	-0,41	-10,4	31,2	48,4	1	35,1
3505	01.09.2025 14:22:24,000	16,87	-0,37	-59,0	-17,9	13,2	0	35,1
3506	01.09.2025 14:22:25,000	16,99	-0,32	-51,8	-18,2	20,1	0	-42,3
3507	01.09.2025 14:22:26,000	17,14	-0,26	-51,5	22,1	16,4	1	53,0
3508	01.09.2025 14:22:27,000	17,35	-0,37	-75,0	2,0	13,0	0	53,0
3509	01.09.2025 14:22:28,000	17,53	-0,28	-47,4	1,2	41,4	1	1,8
3510	01.09.2025 14:22:29,000	17,56	-0,34	70,0	-1,8	18,2	1	1,8
3511	01.09.2025 14:22:30,000	17,62	-0,30	21,6	-14,9	53,5	0	-18,3
3512	01.09.2025 14:22:31,000	17,86	-0,32	8,9	-18,3	62,8	0	-20,0
3513	01.09.2025 14:22:32,000	18,19	-0,32	15,1	-18,2	56,7	0	-21,2
3514	01.09.2025 14:22:33,000	18,49	-0,32	-7,3	-7,6	75,1	0	-8,1
3515	01.09.2025 14:22:34,000	18,69	-0,32	-3,3	-76,6	-10,1	1	-100,4
3516	01.09.2025 14:22:35,000	18,69	-0,37	9,3	-57,8	22,9	0	-64,7
3517	01.09.2025 14:22:36,000	18,66	-0,34	15,2	13,8	-60,9	0	164,1
3518	01.09.2025 14:22:37,000	18,63	-0,34	15,3	-26,3	48,5	0	-31,2
3519	01.09.2025 14:22:38,000	18,66	-0,30	14,0	-29,4	-46,6	0	-145,5
3520	01.09.2025 14:22:39,000	18,69	-0,32	17,2	69,6	3,1	0	86,6
3521	01.09.2025 14:22:40,000	18,72	-0,32	9,3	-34,8	45,9	1	-38,8
3522	01.09.2025 14:22:41,000	18,78	-0,30	18,1	16,3	-55,6	1	160,5
3523	01.09.2025 14:22:42,000	18,81	-0,30	19,0	70,5	-0,4	0	90,5
3524	01.09.2025 14:22:43,000	18,87	-0,21	79,9	9,0	-1,0	1	90,5
3525	01.09.2025 14:22:44,000	18,96	-0,37	11,8	77,7	0,5	0	89,5
3526	01.09.2025 14:22:45,000	19,44	-0,32	-40,7	46,1	-3,2	1	94,5
3527	01.09.2025 14:22:46,000	19,67	-0,32	-31,9	34,9	23,2	0	55,1
