#B	Created:	16.07.2025 17:23:53
##	Version	SeaStar	9.59
#5	Field separation:	0
#2	Date & Time:	1
#6	Decimal point:	,
#7	Date def.:	dd.mm.yyyy	.
#8	Time def.:	:
##	Axis	0	Temperature(°C)	clRed	FALSE
##	Axis	1	Pressure(Bar)	clBlue	FALSE
##	Axis	2	Angle(°)	clGreen	FALSE
##	Axis	3	EAL	clSkyBlue	FALSE
##	Axis	4	Roll(°)	$00404080	FALSE
##	Series	0	Temp(°C)	clRed	0	Temp(°C)	2
##	Series	1	Press(Bar)	clBlue	1	Press(Bar)	2
##	Series	2	Tilt-X(°)	clGreen	2	Tilt-X(°)	1
##	Series	3	Tilt-Y(°)	$00404080	2	Tilt-Y(°)	1
##	Series	4	Tilt-Z(°)	$00FF0080	2	Tilt-Z(°)	1
##	Series	5	EAL	clSkyBlue	3	EAL	0
##	Series	6	Roll(°)	$00404080	4	Roll(°)	1
##	Recorder	39	DST tilt	1177
##	Chart	39H1177DAT	
#D	Data:	5031	16.07.2025 15:58:00	16.07.2025 17:21:50
1	16.07.2025 15:58:00,000	23,77	0,49	7,7	-66,6	-15,7	0	-106,9
2	16.07.2025 15:58:01,000	23,77	0,49	8,4	-65,9	-15,7	0	-107,0
3	16.07.2025 15:58:02,000	23,77	0,49	8,0	-60,7	-21,2	0	-113,1
4	16.07.2025 15:58:03,000	23,77	0,49	7,8	-65,3	-16,9	0	-108,3
5	16.07.2025 15:58:04,000	23,77	0,46	8,1	-67,3	-14,6	0	-105,8
6	16.07.2025 15:58:05,000	23,77	0,46	8,6	-62,2	-19,2	0	-111,0
7	16.07.2025 15:58:06,000	23,77	0,49	7,7	-61,7	-20,6	0	-112,3
8	16.07.2025 15:58:07,000	23,77	0,49	8,2	-67,0	-14,8	0	-106,0
9	16.07.2025 15:58:08,000	23,77	0,46	8,1	-65,2	-16,7	0	-108,1
10	16.07.2025 15:58:09,000	23,77	0,49	8,0	-60,7	-21,3	0	-113,2
11	16.07.2025 15:58:10,000	23,75	0,46	7,0	-67,2	-15,8	0	-107,0
12	16.07.2025 15:58:11,000	23,75	0,46	8,8	-65,5	-15,8	0	-107,2
13	16.07.2025 15:58:12,000	23,75	0,46	8,2	-60,5	-21,4	0	-113,3
14	16.07.2025 15:58:13,000	23,75	0,46	8,2	-65,0	-16,8	0	-108,3
15	16.07.2025 15:58:14,000	23,75	0,46	8,8	-66,4	-14,8	0	-106,1
16	16.07.2025 15:58:15,000	23,75	0,46	9,0	-61,0	-20,0	0	-112,0
17	16.07.2025 15:58:16,000	23,75	0,46	8,2	-63,1	-18,7	0	-110,4
18	16.07.2025 15:58:17,000	23,75	0,46	8,8	-66,2	-15,0	0	-106,3
19	16.07.2025 15:58:18,000	23,75	0,46	8,5	-63,1	-18,4	0	-110,1
20	16.07.2025 15:58:19,000	23,75	0,46	8,4	-62,9	-18,7	0	-110,4
21	16.07.2025 15:58:20,000	23,75	0,49	8,1	-64,8	-17,1	0	-108,6
22	16.07.2025 15:58:21,000	23,75	0,46	8,3	-65,0	-16,7	0	-108,1
23	16.07.2025 15:58:22,000	23,75	0,46	8,1	-64,1	-17,8	0	-109,4
24	16.07.2025 15:58:23,000	23,75	0,46	8,9	-61,4	-19,7	0	-111,7
25	16.07.2025 15:58:24,000	23,75	0,46	9,3	-65,3	-15,5	0	-106,9
26	16.07.2025 15:58:25,000	23,75	0,46	9,1	-62,8	-18,0	0	-109,8
27	16.07.2025 15:58:26,000	23,75	0,46	8,8	-62,5	-18,7	0	-110,4
28	16.07.2025 15:58:27,000	23,72	0,46	8,9	-63,9	-17,2	0	-108,8
29	16.07.2025 15:58:28,000	23,72	0,48	8,2	-65,0	-16,8	0	-108,3
30	16.07.2025 15:58:29,000	23,72	0,46	8,2	-62,6	-19,2	0	-110,9
31	16.07.2025 15:58:30,000	23,72	0,46	8,2	-64,6	-17,2	0	-108,8
32	16.07.2025 15:58:31,000	23,72	0,46	8,5	-64,7	-16,7	0	-108,2
33	16.07.2025 15:58:32,000	23,72	0,46	8,0	-63,1	-18,8	0	-110,5
34	16.07.2025 15:58:33,000	23,72	0,48	8,3	-63,8	-17,9	0	-109,5
35	16.07.2025 15:58:34,000	23,72	0,46	9,3	-65,2	-15,5	0	-107,0
36	16.07.2025 15:58:35,000	23,72	0,46	9,3	-60,7	-20,1	0	-112,1
37	16.07.2025 15:58:36,000	23,72	0,46	8,2	-64,6	-17,2	0	-108,7
38	16.07.2025 15:58:37,000	23,72	0,46	9,5	-66,0	-14,5	0	-105,9
39	16.07.2025 15:58:38,000	23,72	0,46	9,3	-59,9	-20,7	0	-112,9
40	16.07.2025 15:58:39,000	23,72	0,46	8,4	-63,6	-18,0	0	-109,7
41	16.07.2025 15:58:40,000	23,72	0,46	9,8	-66,0	-14,3	0	-105,7
42	16.07.2025 15:58:41,000	23,72	0,46	8,7	-61,5	-19,8	0	-111,7
43	16.07.2025 15:58:42,000	23,72	0,46	8,8	-63,3	-17,9	0	-109,6
44	16.07.2025 15:58:43,000	23,72	0,46	8,4	-64,4	-17,2	0	-108,8
45	16.07.2025 15:58:44,000	23,72	0,46	9,3	-64,3	-16,3	0	-107,9
46	16.07.2025 15:58:45,000	23,72	0,46	8,2	-62,6	-19,2	0	-110,9
47	16.07.2025 15:58:46,000	23,69	0,46	8,2	-63,8	-18,0	0	-109,6
48	16.07.2025 15:58:47,000	23,69	0,46	8,5	-65,7	-15,8	0	-107,2
49	16.07.2025 15:58:48,000	23,69	0,48	8,1	-62,3	-19,6	0	-111,4
50	16.07.2025 15:58:49,000	23,69	0,46	8,7	-63,9	-17,4	0	-109,0
51	16.07.2025 15:58:50,000	23,69	0,46	8,6	-65,1	-16,3	0	-107,8
52	16.07.2025 15:58:51,000	23,69	0,46	9,2	-62,4	-18,4	0	-110,3
53	16.07.2025 15:58:52,000	23,69	0,46	8,3	-62,3	-19,4	0	-111,2
54	16.07.2025 15:58:53,000	23,69	0,46	9,3	-66,0	-14,7	0	-106,1
55	16.07.2025 15:58:54,000	23,69	0,46	9,4	-62,9	-17,8	0	-109,5
56	16.07.2025 15:58:55,000	23,69	0,46	9,8	-60,3	-19,9	0	-112,1
57	16.07.2025 15:58:56,000	23,69	0,46	9,2	-65,5	-15,3	0	-106,7
58	16.07.2025 15:58:57,000	23,69	0,46	8,9	-64,4	-16,7	0	-108,3
59	16.07.2025 15:58:58,000	23,69	0,46	8,4	-61,1	-20,5	0	-112,4
60	16.07.2025 15:58:59,000	23,69	0,46	7,9	-65,2	-16,9	0	-108,3
61	16.07.2025 15:59:00,000	23,69	0,46	8,6	-64,8	-16,6	0	-108,1
62	16.07.2025 15:59:01,000	23,66	0,46	8,6	-62,5	-18,9	0	-110,7
63	16.07.2025 15:59:02,000	23,66	0,46	8,3	-63,3	-18,3	0	-110,0
64	16.07.2025 15:59:03,000	23,66	0,46	9,0	-64,6	-16,4	0	-108,0
65	16.07.2025 15:59:04,000	23,66	0,48	8,4	-63,7	-17,9	0	-109,5
66	16.07.2025 15:59:05,000	23,66	0,46	9,2	-62,5	-18,2	0	-110,1
67	16.07.2025 15:59:06,000	23,66	0,46	8,2	-64,3	-17,5	0	-109,0
68	16.07.2025 15:59:07,000	23,66	0,48	9,0	-64,3	-16,7	0	-108,3
69	16.07.2025 15:59:08,000	23,66	0,46	7,8	-62,7	-19,5	0	-111,2
70	16.07.2025 15:59:09,000	23,66	0,46	7,7	-65,1	-17,2	0	-108,6
71	16.07.2025 15:59:10,000	23,66	0,46	9,3	-64,8	-15,9	0	-107,4
72	16.07.2025 15:59:11,000	23,66	0,46	8,6	-61,8	-19,6	0	-111,5
73	16.07.2025 15:59:12,000	23,66	0,46	9,3	-63,9	-16,8	0	-108,5
74	16.07.2025 15:59:13,000	23,66	0,46	8,8	-65,1	-16,1	0	-107,6
75	16.07.2025 15:59:14,000	23,66	0,46	9,1	-61,4	-19,5	0	-111,4
76	16.07.2025 15:59:15,000	23,66	0,46	8,9	-63,2	-18,0	0	-109,7
77	16.07.2025 15:59:16,000	23,66	0,46	9,2	-65,2	-15,6	0	-107,1
78	16.07.2025 15:59:17,000	23,63	0,46	9,4	-63,2	-17,5	0	-109,2
79	16.07.2025 15:59:18,000	23,63	0,46	9,1	-60,4	-20,5	0	-112,6
80	16.07.2025 15:59:19,000	23,63	0,46	9,4	-65,4	-15,3	0	-106,7
81	16.07.2025 15:59:20,000	23,63	0,46	9,9	-63,0	-17,1	0	-108,9
82	16.07.2025 15:59:21,000	23,63	0,46	9,9	-61,2	-18,9	0	-110,9
83	16.07.2025 15:59:22,000	23,63	0,46	9,4	-63,0	-17,6	0	-109,3
84	16.07.2025 15:59:23,000	23,63	0,46	8,8	-64,4	-16,9	0	-108,4
85	16.07.2025 15:59:24,000	23,63	0,46	9,3	-64,0	-16,7	0	-108,3
86	16.07.2025 15:59:25,000	23,63	0,46	9,1	-60,6	-20,3	0	-112,3
87	16.07.2025 15:59:26,000	23,63	0,46	8,3	-64,8	-16,9	0	-108,4
88	16.07.2025 15:59:27,000	23,63	0,46	9,6	-64,5	-15,9	0	-107,5
89	16.07.2025 15:59:28,000	23,63	0,48	8,2	-63,0	-18,7	0	-110,4
90	16.07.2025 15:59:29,000	23,63	0,48	8,2	-62,6	-19,3	0	-111,0
91	16.07.2025 15:59:30,000	23,63	0,46	9,3	-64,6	-16,1	0	-107,7
92	16.07.2025 15:59:31,000	23,60	0,46	8,4	-65,2	-16,4	0	-107,9
93	16.07.2025 15:59:32,000	23,63	0,46	7,8	-61,6	-20,6	0	-112,4
94	16.07.2025 15:59:33,000	23,60	0,46	7,6	-65,6	-16,8	0	-108,2
95	16.07.2025 15:59:34,000	23,60	0,46	8,3	-65,9	-15,8	0	-107,2
96	16.07.2025 15:59:35,000	23,60	0,46	8,4	-61,7	-19,9	0	-111,8
97	16.07.2025 15:59:36,000	23,60	0,46	8,3	-63,6	-18,0	0	-109,7
98	16.07.2025 15:59:37,000	23,60	0,46	9,4	-64,3	-16,3	0	-107,9
99	16.07.2025 15:59:38,000	23,60	0,46	8,8	-64,8	-16,4	0	-107,9
100	16.07.2025 15:59:39,000	23,60	0,44	9,0	-59,7	-21,3	0	-113,5
101	16.07.2025 15:59:40,000	23,60	0,46	8,7	-65,4	-15,8	0	-107,3
102	16.07.2025 15:59:41,000	23,60	0,46	9,3	-64,2	-16,4	0	-108,1
103	16.07.2025 15:59:42,000	23,60	0,46	9,0	-61,2	-19,8	0	-111,7
104	16.07.2025 15:59:43,000	23,60	0,46	8,4	-63,3	-18,3	0	-110,0
105	16.07.2025 15:59:44,000	23,60	0,48	8,4	-66,0	-15,6	0	-107,0
106	16.07.2025 15:59:45,000	23,60	0,46	8,9	-64,2	-16,8	0	-108,4
107	16.07.2025 15:59:46,000	23,60	0,46	8,6	-60,1	-21,3	0	-113,3
108	16.07.2025 15:59:47,000	23,60	0,46	8,1	-65,9	-16,0	0	-107,4
109	16.07.2025 15:59:48,000	23,57	0,44	9,2	-65,0	-15,8	0	-107,3
110	16.07.2025 15:59:49,000	23,57	0,46	8,9	-61,0	-20,0	0	-112,0
111	16.07.2025 15:59:50,000	23,57	0,44	8,0	-64,3	-17,7	0	-109,2
112	16.07.2025 15:59:51,000	23,57	0,44	9,3	-65,4	-15,3	0	-106,7
113	16.07.2025 15:59:52,000	23,57	0,44	9,6	-61,0	-19,4	0	-111,4
114	16.07.2025 15:59:53,000	23,57	0,44	8,9	-62,3	-18,8	0	-110,6
115	16.07.2025 15:59:54,000	23,57	0,44	9,7	-65,6	-14,6	0	-106,1
116	16.07.2025 15:59:55,000	23,57	0,44	9,1	-61,8	-19,1	0	-111,0
117	16.07.2025 15:59:56,000	23,57	0,44	9,2	-62,8	-18,0	0	-109,8
118	16.07.2025 15:59:57,000	23,57	0,44	9,4	-64,7	-15,9	0	-107,5
119	16.07.2025 15:59:58,000	23,57	0,44	9,7	-61,6	-18,6	0	-110,6
120	16.07.2025 15:59:59,000	23,57	0,44	8,9	-63,2	-17,9	0	-109,6
121	16.07.2025 16:00:00,000	23,57	0,44	9,1	-65,4	-15,5	0	-107,0
122	16.07.2025 16:00:01,000	23,54	0,44	9,1	-61,6	-19,3	0	-111,2
123	16.07.2025 16:00:02,000	23,54	0,44	9,0	-63,9	-17,1	0	-108,7
124	16.07.2025 16:00:03,000	23,54	0,44	9,1	-63,0	-17,9	0	-109,7
125	16.07.2025 16:00:04,000	23,54	0,44	8,6	-63,8	-17,6	0	-109,3
126	16.07.2025 16:00:05,000	23,54	0,44	9,1	-63,2	-17,7	0	-109,4
127	16.07.2025 16:00:06,000	23,54	0,44	8,6	-63,5	-17,9	0	-109,5
128	16.07.2025 16:00:07,000	23,54	0,44	8,7	-63,7	-17,6	0	-109,2
129	16.07.2025 16:00:08,000	23,54	0,44	9,3	-62,8	-17,9	0	-109,7
130	16.07.2025 16:00:09,000	23,54	0,44	8,5	-64,0	-17,5	0	-109,1
131	16.07.2025 16:00:10,000	23,54	0,44	8,2	-64,1	-17,8	0	-109,3
132	16.07.2025 16:00:11,000	23,54	0,44	9,4	-61,5	-19,1	0	-111,1
133	16.07.2025 16:00:12,000	23,54	0,44	9,4	-64,3	-16,3	0	-107,9
134	16.07.2025 16:00:13,000	23,54	0,44	10,0	-63,1	-16,9	0	-108,7
135	16.07.2025 16:00:14,000	23,54	0,42	9,2	-61,4	-19,5	0	-111,4
136	16.07.2025 16:00:15,000	23,51	0,44	9,0	-63,2	-17,9	0	-109,6
137	16.07.2025 16:00:16,000	23,51	0,44	9,4	-65,5	-15,1	0	-106,6
138	16.07.2025 16:00:17,000	23,51	0,44	9,4	-61,7	-18,9	0	-110,9
139	16.07.2025 16:00:18,000	23,51	0,44	9,3	-60,8	-19,9	0	-112,0
140	16.07.2025 16:00:19,000	23,51	0,46	9,8	-66,8	-13,4	0	-104,7
141	16.07.2025 16:00:20,000	23,51	0,44	9,5	-61,3	-19,3	1	-111,3
142	16.07.2025 16:00:21,000	23,51	0,44	9,3	-60,7	-20,0	0	-112,1
143	16.07.2025 16:00:22,000	23,51	0,46	9,9	-66,4	-13,6	0	-105,0
144	16.07.2025 16:00:23,000	23,51	0,44	9,6	-61,8	-18,6	0	-110,5
145	16.07.2025 16:00:24,000	23,51	0,44	8,9	-60,9	-20,2	0	-112,2
146	16.07.2025 16:00:25,000	23,51	0,44	10,0	-64,9	-15,1	0	-106,7
147	16.07.2025 16:00:26,000	23,51	0,42	10,0	-62,1	-17,9	0	-109,9
148	16.07.2025 16:00:27,000	23,51	0,44	10,1	-60,4	-19,4	0	-111,6
149	16.07.2025 16:00:28,000	23,48	0,44	10,7	-63,2	-16,1	0	-107,9
150	16.07.2025 16:00:29,000	23,48	0,44	9,8	-64,1	-16,2	0	-107,8
151	16.07.2025 16:00:30,000	23,48	0,46	10,1	-60,5	-19,4	0	-111,6
152	16.07.2025 16:00:31,000	23,48	0,42	10,2	-63,2	-16,6	0	-108,4
153	16.07.2025 16:00:32,000	23,48	0,44	9,6	-62,0	-18,5	0	-110,4
154	16.07.2025 16:00:33,000	23,48	0,44	9,7	-63,6	-16,7	0	-108,4
155	16.07.2025 16:00:34,000	23,48	0,44	9,2	-62,8	-18,1	0	-109,8
156	16.07.2025 16:00:35,000	23,48	0,44	9,5	-61,8	-18,7	0	-110,7
157	16.07.2025 16:00:36,000	23,48	0,44	9,0	-64,2	-16,8	0	-108,4
158	16.07.2025 16:00:37,000	23,48	0,44	9,5	-64,8	-15,7	0	-107,3
159	16.07.2025 16:00:38,000	23,48	0,44	9,1	-60,0	-20,9	0	-113,0
160	16.07.2025 16:00:39,000	23,48	0,44	9,9	-64,1	-16,0	0	-107,7
161	16.07.2025 16:00:40,000	23,48	0,44	10,2	-64,0	-15,8	0	-107,4
162	16.07.2025 16:00:41,000	23,48	0,44	9,9	-60,6	-19,5	0	-111,6
163	16.07.2025 16:00:42,000	23,45	0,44	10,3	-61,7	-18,1	0	-110,1
164	16.07.2025 16:00:43,000	23,45	0,44	10,5	-63,8	-15,8	0	-107,5
165	16.07.2025 16:00:44,000	23,45	0,44	10,8	-61,4	-17,8	0	-109,9
166	16.07.2025 16:00:45,000	23,45	0,44	10,7	-60,0	-19,3	0	-111,6
167	16.07.2025 16:00:46,000	23,45	0,44	10,4	-64,9	-14,7	0	-106,3
168	16.07.2025 16:00:47,000	23,45	0,44	11,3	-61,0	-17,7	0	-109,9
169	16.07.2025 16:00:48,000	23,45	0,44	10,3	-60,3	-19,4	0	-111,6
170	16.07.2025 16:00:49,000	23,45	0,44	10,0	-63,9	-16,0	0	-107,7
171	16.07.2025 16:00:50,000	23,45	0,46	10,4	-63,9	-15,8	0	-107,5
172	16.07.2025 16:00:51,000	23,45	0,44	10,7	-57,8	-21,5	0	-114,1
173	16.07.2025 16:00:52,000	23,45	0,44	9,5	-64,6	-15,9	0	-107,5
174	16.07.2025 16:00:53,000	23,45	0,44	10,6	-64,3	-15,1	0	-106,8
175	16.07.2025 16:00:54,000	23,45	0,46	9,0	-60,1	-20,9	0	-113,0
176	16.07.2025 16:00:55,000	23,45	0,46	8,7	-63,0	-18,4	0	-110,1
177	16.07.2025 16:00:56,000	23,42	0,44	10,0	-67,0	-13,0	0	-104,3
178	16.07.2025 16:00:57,000	23,42	0,44	10,2	-59,8	-20,0	0	-112,2
179	16.07.2025 16:00:58,000	23,42	0,44	9,9	-60,6	-19,5	0	-111,6
180	16.07.2025 16:00:59,000	23,42	0,44	10,2	-65,1	-14,7	0	-106,2
181	16.07.2025 16:01:00,000	23,42	0,44	10,9	-62,2	-16,9	0	-108,8
182	16.07.2025 16:01:01,000	23,42	0,46	10,3	-59,3	-20,3	0	-112,7
183	16.07.2025 16:01:02,000	23,42	0,44	10,4	-63,9	-15,7	0	-107,3
184	16.07.2025 16:01:03,000	23,42	0,46	10,5	-63,1	-16,4	0	-108,3
185	16.07.2025 16:01:04,000	23,42	0,44	10,8	-61,5	-17,7	0	-109,8
186	16.07.2025 16:01:05,000	23,42	0,44	10,2	-60,4	-19,4	0	-111,6
187	16.07.2025 16:01:06,000	23,42	0,44	10,5	-62,6	-16,8	0	-108,7
188	16.07.2025 16:01:07,000	23,42	0,46	10,3	-64,2	-15,5	0	-107,2
189	16.07.2025 16:01:08,000	23,42	0,46	10,8	-60,1	-19,1	0	-111,4
190	16.07.2025 16:01:09,000	23,42	0,46	9,9	-61,5	-18,5	0	-110,5
191	16.07.2025 16:01:10,000	23,42	0,44	9,9	-64,7	-15,4	0	-107,0
192	16.07.2025 16:01:11,000	23,40	0,44	11,1	-61,6	-17,3	0	-109,3
193	16.07.2025 16:01:12,000	23,40	0,46	9,5	-60,8	-19,7	0	-111,7
194	16.07.2025 16:01:13,000	23,40	0,44	9,5	-65,4	-15,1	0	-106,5
195	16.07.2025 16:01:14,000	23,40	0,46	10,5	-61,5	-18,0	0	-110,1
196	16.07.2025 16:01:15,000	23,40	0,46	9,7	-61,7	-18,6	0	-110,5
197	16.07.2025 16:01:16,000	23,40	0,46	10,3	-63,0	-16,7	0	-108,5
198	16.07.2025 16:01:17,000	23,40	0,44	10,3	-62,0	-17,6	0	-109,6
199	16.07.2025 16:01:18,000	23,40	0,46	10,7	-61,6	-17,7	0	-109,8
200	16.07.2025 16:01:19,000	23,40	0,44	10,0	-62,7	-17,3	0	-109,1
201	16.07.2025 16:01:20,000	23,40	0,46	10,0	-62,7	-17,4	0	-109,2
202	16.07.2025 16:01:21,000	23,40	0,44	9,9	-61,9	-18,2	0	-110,1
203	16.07.2025 16:01:22,000	23,40	0,46	10,3	-62,2	-17,5	0	-109,5
204	16.07.2025 16:01:23,000	23,37	0,46	10,2	-62,8	-17,1	0	-108,9
205	16.07.2025 16:01:24,000	23,37	0,46	9,9	-62,5	-17,6	0	-109,4
206	16.07.2025 16:01:25,000	23,37	0,46	9,9	-61,9	-18,2	0	-110,1
207	16.07.2025 16:01:26,000	23,37	0,44	10,1	-62,7	-17,2	0	-109,0
208	16.07.2025 16:01:27,000	23,37	0,46	10,2	-62,6	-17,2	0	-109,1
209	16.07.2025 16:01:28,000	23,37	0,46	10,2	-62,5	-17,3	0	-109,2
210	16.07.2025 16:01:29,000	23,37	0,46	9,1	-61,1	-19,7	0	-111,7
211	16.07.2025 16:01:30,000	23,37	0,46	9,9	-65,1	-15,0	0	-106,6
212	16.07.2025 16:01:31,000	23,37	0,46	10,3	-61,8	-17,9	0	-109,9
213	16.07.2025 16:01:32,000	23,37	0,44	9,1	-61,3	-19,6	0	-111,6
214	16.07.2025 16:01:33,000	23,37	0,44	10,7	-63,1	-16,2	0	-108,0
215	16.07.2025 16:01:34,000	23,37	0,44	10,2	-62,6	-17,1	0	-109,0
216	16.07.2025 16:01:35,000	23,34	0,46	10,6	-60,6	-18,8	0	-111,0
217	16.07.2025 16:01:36,000	23,34	0,46	9,9	-63,0	-17,0	0	-108,8
218	16.07.2025 16:01:37,000	23,34	0,46	10,2	-62,6	-17,2	0	-109,1
219	16.07.2025 16:01:38,000	23,34	0,46	9,8	-62,6	-17,6	0	-109,5
220	16.07.2025 16:01:39,000	23,34	0,44	10,4	-61,7	-17,9	0	-109,9
221	16.07.2025 16:01:40,000	23,34	0,46	10,0	-62,2	-17,8	0	-109,8
222	16.07.2025 16:01:41,000	23,34	0,44	9,5	-63,6	-16,9	0	-108,6
223	16.07.2025 16:01:42,000	23,34	0,44	10,0	-62,0	-18,0	0	-110,0
224	16.07.2025 16:01:43,000	23,34	0,44	10,1	-62,2	-17,7	0	-109,6
225	16.07.2025 16:01:44,000	23,34	0,46	9,6	-62,5	-17,9	0	-109,8
226	16.07.2025 16:01:45,000	23,34	0,46	9,5	-63,9	-16,6	0	-108,3
227	16.07.2025 16:01:46,000	23,34	0,46	9,7	-61,9	-18,4	0	-110,4
228	16.07.2025 16:01:47,000	23,31	0,44	9,3	-62,8	-17,8	0	-109,6
229	16.07.2025 16:01:48,000	23,31	0,44	10,1	-63,1	-16,9	0	-108,7
230	16.07.2025 16:01:49,000	23,31	0,46	8,9	-63,0	-18,1	0	-109,8
231	16.07.2025 16:01:50,000	23,31	0,46	9,7	-61,7	-18,5	0	-110,5
232	16.07.2025 16:01:51,000	23,31	0,46	9,4	-64,6	-16,1	0	-107,6
233	16.07.2025 16:01:52,000	23,31	0,44	9,9	-60,7	-19,4	0	-111,5
234	16.07.2025 16:01:53,000	23,31	0,44	10,2	-62,6	-17,2	0	-109,0
235	16.07.2025 16:01:54,000	23,31	0,44	10,3	-62,8	-16,9	0	-108,7
236	16.07.2025 16:01:55,000	23,31	0,46	10,1	-62,0	-17,9	0	-109,8
237	16.07.2025 16:01:56,000	23,31	0,44	9,2	-62,0	-18,7	0	-110,6
238	16.07.2025 16:01:57,000	23,31	0,46	10,1	-64,0	-16,0	0	-107,6
239	16.07.2025 16:01:58,000	23,31	0,44	9,9	-62,4	-17,7	0	-109,5
240	16.07.2025 16:01:59,000	23,28	0,44	9,2	-61,9	-18,9	0	-110,8
241	16.07.2025 16:02:00,000	23,28	0,44	10,5	-62,8	-16,8	0	-108,6
242	16.07.2025 16:02:01,000	23,28	0,44	10,1	-63,2	-16,8	0	-108,6
243	16.07.2025 16:02:02,000	23,28	0,42	10,0	-61,0	-19,1	0	-111,1
244	16.07.2025 16:02:03,000	23,28	0,42	10,5	-62,6	-16,9	0	-108,7
245	16.07.2025 16:02:04,000	23,28	0,44	11,0	-61,9	-17,1	0	-109,1
246	16.07.2025 16:02:05,000	23,28	0,44	10,4	-60,9	-18,7	0	-110,8
247	16.07.2025 16:02:06,000	23,28	0,44	11,2	-64,2	-14,6	0	-106,3
248	16.07.2025 16:02:07,000	23,28	0,42	10,5	-59,3	-20,1	0	-112,5
249	16.07.2025 16:02:08,000	23,28	0,44	10,1	-61,8	-18,1	0	-110,1
250	16.07.2025 16:02:09,000	23,28	0,42	10,6	-64,6	-14,9	0	-106,5
251	16.07.2025 16:02:10,000	23,25	0,42	10,1	-61,3	-18,6	0	-110,6
252	16.07.2025 16:02:11,000	23,25	0,42	9,8	-60,9	-19,3	0	-111,4
253	16.07.2025 16:02:12,000	23,25	0,44	10,0	-64,9	-15,1	0	-106,6
254	16.07.2025 16:02:13,000	23,25	0,44	10,1	-61,6	-18,2	0	-110,2
255	16.07.2025 16:02:14,000	23,25	0,44	10,2	-61,3	-18,5	0	-110,5
256	16.07.2025 16:02:15,000	23,25	0,44	10,2	-62,2	-17,6	0	-109,6
257	16.07.2025 16:02:16,000	23,25	0,44	10,7	-63,2	-16,2	0	-108,0
258	16.07.2025 16:02:17,000	23,25	0,44	10,8	-61,8	-17,4	0	-109,4
259	16.07.2025 16:02:18,000	23,25	0,42	10,2	-60,3	-19,4	0	-111,6
260	16.07.2025 16:02:19,000	23,25	0,42	10,1	-62,8	-17,1	0	-108,9
261	16.07.2025 16:02:20,000	23,25	0,42	10,8	-63,6	-15,6	0	-107,3
262	16.07.2025 16:02:21,000	23,25	0,44	10,2	-60,3	-19,5	0	-111,7
263	16.07.2025 16:02:22,000	23,22	0,44	9,5	-62,9	-17,5	0	-109,3
264	16.07.2025 16:02:23,000	23,22	0,44	9,7	-63,6	-16,7	0	-108,4
265	16.07.2025 16:02:24,000	23,22	0,44	9,7	-62,8	-17,5	0	-109,3
266	16.07.2025 16:02:25,000	23,22	0,44	9,0	-61,6	-19,4	0	-111,3
267	16.07.2025 16:02:26,000	23,22	0,44	9,7	-64,2	-16,1	0	-107,7
268	16.07.2025 16:02:27,000	23,22	0,42	10,2	-63,0	-16,8	0	-108,6
269	16.07.2025 16:02:28,000	23,22	0,42	10,6	-60,3	-19,1	0	-111,4
270	16.07.2025 16:02:29,000	23,22	0,44	10,7	-62,5	-16,8	0	-108,7
271	16.07.2025 16:02:30,000	23,22	0,42	11,2	-61,7	-17,1	0	-109,1
272	16.07.2025 16:02:31,000	23,22	0,44	10,9	-61,2	-17,9	0	-110,0
273	16.07.2025 16:02:32,000	23,22	0,44	10,5	-61,6	-17,9	0	-109,9
274	16.07.2025 16:02:33,000	23,19	0,44	10,1	-63,0	-16,9	0	-108,7
275	16.07.2025 16:02:34,000	23,19	0,44	10,3	-61,8	-17,9	0	-109,9
276	16.07.2025 16:02:35,000	23,19	0,42	9,7	-61,6	-18,6	0	-110,6
277	16.07.2025 16:02:36,000	23,19	0,44	9,6	-64,5	-15,9	0	-107,5
278	16.07.2025 16:02:37,000	23,19	0,44	8,6	-62,7	-18,8	0	-110,5
279	16.07.2025 16:02:38,000	23,19	0,44	8,4	-63,4	-18,1	0	-109,8
280	16.07.2025 16:02:39,000	23,19	0,42	8,3	-65,7	-16,0	0	-107,4
281	16.07.2025 16:02:40,000	23,19	0,44	8,5	-62,8	-18,7	0	-110,4
282	16.07.2025 16:02:41,000	23,19	0,44	8,3	-63,5	-18,2	0	-109,8
283	16.07.2025 16:02:42,000	23,19	0,44	9,2	-63,7	-17,1	0	-108,8
284	16.07.2025 16:02:43,000	23,19	0,44	9,7	-62,8	-17,5	0	-109,3
285	16.07.2025 16:02:44,000	23,19	0,44	10,4	-61,5	-18,1	0	-110,1
286	16.07.2025 16:02:45,000	23,19	0,46	10,5	-62,5	-17,1	0	-109,0
287	16.07.2025 16:02:46,000	23,16	0,44	10,6	-62,1	-17,3	0	-109,2
288	16.07.2025 16:02:47,000	23,16	0,44	10,8	-60,9	-18,3	0	-110,5
289	16.07.2025 16:02:48,000	23,16	0,44	9,7	-62,5	-17,8	0	-109,6
290	16.07.2025 16:02:49,000	23,16	0,44	10,5	-63,4	-16,1	0	-107,9
291	16.07.2025 16:02:50,000	23,16	0,44	9,7	-61,2	-19,1	0	-111,1
292	16.07.2025 16:02:51,000	23,16	0,44	10,1	-62,2	-17,7	0	-109,6
293	16.07.2025 16:02:52,000	23,16	0,44	10,6	-62,7	-16,7	0	-108,6
294	16.07.2025 16:02:53,000	23,16	0,44	9,6	-62,1	-18,3	0	-110,2
295	16.07.2025 16:02:54,000	23,16	0,44	9,9	-63,1	-17,0	0	-108,8
296	16.07.2025 16:02:55,000	23,16	0,46	9,6	-62,4	-18,0	0	-109,9
297	16.07.2025 16:02:56,000	23,13	0,44	9,6	-62,8	-17,6	0	-109,4
298	16.07.2025 16:02:57,000	23,13	0,44	9,2	-63,7	-17,1	0	-108,8
299	16.07.2025 16:02:58,000	23,13	0,44	10,2	-60,4	-19,3	0	-111,5
300	16.07.2025 16:02:59,000	23,13	0,44	10,3	-62,9	-16,8	0	-108,6
301	16.07.2025 16:03:00,000	23,13	0,44	11,0	-62,4	-16,6	0	-108,5
302	16.07.2025 16:03:01,000	23,13	0,44	10,0	-61,0	-19,1	0	-111,1
303	16.07.2025 16:03:02,000	23,13	0,44	10,2	-64,7	-15,1	0	-106,6
304	16.07.2025 16:03:03,000	23,13	0,44	10,1	-61,2	-18,7	0	-110,8
305	16.07.2025 16:03:04,000	23,13	0,44	9,4	-61,6	-18,9	0	-110,9
306	16.07.2025 16:03:05,000	23,13	0,44	10,7	-64,3	-15,0	0	-106,6
307	16.07.2025 16:03:06,000	23,13	0,44	10,4	-60,9	-18,7	0	-110,8
308	16.07.2025 16:03:07,000	23,13	0,44	10,0	-61,3	-18,7	0	-110,8
309	16.07.2025 16:03:08,000	23,13	0,44	10,0	-64,5	-15,5	0	-107,1
310	16.07.2025 16:03:09,000	23,10	0,44	11,0	-60,2	-18,8	0	-111,1
311	16.07.2025 16:03:10,000	23,10	0,44	10,0	-62,0	-18,0	0	-109,9
312	16.07.2025 16:03:11,000	23,10	0,46	10,7	-63,2	-16,0	0	-107,8
313	16.07.2025 16:03:12,000	23,10	0,44	10,2	-61,9	-17,9	0	-109,8
314	16.07.2025 16:03:13,000	23,10	0,44	11,3	-61,4	-17,4	0	-109,5
315	16.07.2025 16:03:14,000	23,10	0,44	9,2	-62,6	-18,1	0	-109,9
316	16.07.2025 16:03:15,000	23,10	0,46	10,6	-61,3	-18,1	0	-110,1
317	16.07.2025 16:03:16,000	23,10	0,44	10,1	-63,5	-16,3	0	-108,0
318	16.07.2025 16:03:17,000	23,10	0,44	9,8	-62,2	-18,0	0	-109,9
319	16.07.2025 16:03:18,000	23,10	0,46	10,1	-62,0	-17,9	0	-109,9
320	16.07.2025 16:03:19,000	23,10	0,46	9,9	-62,7	-17,4	0	-109,2
321	16.07.2025 16:03:20,000	23,08	0,44	10,5	-63,2	-16,3	0	-108,1
322	16.07.2025 16:03:21,000	23,08	0,44	10,4	-60,5	-19,2	0	-111,3
323	16.07.2025 16:03:22,000	23,08	0,44	10,1	-62,8	-17,1	0	-108,9
324	16.07.2025 16:03:23,000	23,08	0,44	10,3	-62,9	-16,8	0	-108,7
325	16.07.2025 16:03:24,000	23,08	0,44	9,6	-62,4	-17,9	0	-109,8
326	16.07.2025 16:03:25,000	23,08	0,44	10,5	-62,2	-17,4	0	-109,3
327	16.07.2025 16:03:26,000	23,08	0,46	10,1	-61,7	-18,1	0	-110,1
328	16.07.2025 16:03:27,000	23,08	0,44	10,6	-62,2	-17,2	0	-109,1
329	16.07.2025 16:03:28,000	23,08	0,46	10,8	-63,2	-15,9	0	-107,7
330	16.07.2025 16:03:29,000	23,08	0,44	10,6	-59,8	-19,7	0	-112,0
331	16.07.2025 16:03:30,000	23,08	0,44	10,0	-63,4	-16,6	0	-108,4
332	16.07.2025 16:03:31,000	23,08	0,44	10,6	-63,4	-16,0	0	-107,8
333	16.07.2025 16:03:32,000	23,05	0,44	10,3	-59,6	-20,1	0	-112,4
334	16.07.2025 16:03:33,000	23,05	0,46	9,6	-63,4	-17,0	0	-108,7
335	16.07.2025 16:03:34,000	23,05	0,46	10,6	-63,9	-15,4	0	-107,1
336	16.07.2025 16:03:35,000	23,05	0,44	10,7	-60,3	-19,0	0	-111,3
337	16.07.2025 16:03:36,000	23,05	0,44	10,0	-61,0	-19,0	0	-111,1
338	16.07.2025 16:03:37,000	23,05	0,44	10,4	-64,8	-14,7	0	-106,3
339	16.07.2025 16:03:38,000	23,05	0,44	10,8	-61,4	-17,8	0	-109,9
340	16.07.2025 16:03:39,000	23,05	0,46	10,2	-59,6	-20,2	0	-112,5
341	16.07.2025 16:03:40,000	23,05	0,46	10,4	-64,8	-14,8	0	-106,4
342	16.07.2025 16:03:41,000	23,05	0,44	11,0	-62,1	-16,9	0	-108,9
343	16.07.2025 16:03:42,000	23,05	0,44	9,8	-60,0	-20,2	0	-112,3
344	16.07.2025 16:03:43,000	23,05	0,44	10,7	-62,8	-16,5	0	-108,4
345	16.07.2025 16:03:44,000	23,05	0,44	10,3	-64,0	-15,8	0	-107,4
346	16.07.2025 16:03:45,000	23,02	0,44	10,4	-60,3	-19,3	0	-111,5
347	16.07.2025 16:03:46,000	23,02	0,46	10,1	-61,5	-18,3	0	-110,4
348	16.07.2025 16:03:47,000	23,02	0,46	9,8	-65,1	-15,1	0	-106,6
349	16.07.2025 16:03:48,000	23,02	0,44	10,7	-60,8	-18,4	0	-110,6
350	16.07.2025 16:03:49,000	23,02	0,46	9,8	-61,0	-19,2	0	-111,2
351	16.07.2025 16:03:50,000	23,02	0,46	10,3	-64,1	-15,6	0	-107,3
352	16.07.2025 16:03:51,000	23,02	0,44	10,2	-63,2	-16,7	0	-108,4
353	16.07.2025 16:03:52,000	23,02	0,46	10,1	-61,3	-18,6	0	-110,6
354	16.07.2025 16:03:53,000	23,02	0,46	10,6	-60,6	-18,8	0	-111,0
355	16.07.2025 16:03:54,000	23,02	0,44	10,6	-64,3	-15,1	0	-106,7
356	16.07.2025 16:03:55,000	23,02	0,46	10,9	-61,3	-17,8	0	-109,9
357	16.07.2025 16:03:56,000	22,99	0,46	10,2	-60,0	-19,8	0	-112,0
358	16.07.2025 16:03:57,000	22,99	0,46	9,6	-64,8	-15,6	0	-107,1
359	16.07.2025 16:03:58,000	22,99	0,46	10,2	-64,0	-15,9	0	-107,6
360	16.07.2025 16:03:59,000	22,99	0,46	10,2	-59,7	-20,2	0	-112,5
361	16.07.2025 16:04:00,000	22,99	0,46	9,7	-61,9	-18,4	0	-110,4
362	16.07.2025 16:04:01,000	22,99	0,46	10,8	-64,8	-14,4	0	-105,9
363	16.07.2025 16:04:02,000	22,99	0,44	10,2	-61,8	-18,0	0	-110,0
364	16.07.2025 16:04:03,000	22,99	0,44	10,4	-58,7	-21,0	0	-113,4
365	16.07.2025 16:04:04,000	22,99	0,44	10,2	-66,0	-13,8	0	-105,2
366	16.07.2025 16:04:05,000	22,99	0,46	11,6	-61,9	-16,5	1	-108,5
367	16.07.2025 16:04:06,000	22,99	0,46	10,4	-58,6	-21,0	0	-113,5
368	16.07.2025 16:04:07,000	22,99	0,46	9,8	-65,1	-15,0	0	-106,5
369	16.07.2025 16:04:08,000	22,99	0,46	10,4	-64,8	-14,8	0	-106,4
370	16.07.2025 16:04:09,000	22,99	0,44	11,4	-58,0	-20,6	0	-113,2
371	16.07.2025 16:04:10,000	22,96	0,42	9,9	-61,5	-18,6	0	-110,6
372	16.07.2025 16:04:11,000	22,96	0,42	11,0	-65,6	-13,5	0	-104,9
373	16.07.2025 16:04:12,000	22,96	0,44	11,8	-60,1	-18,1	0	-110,4
374	16.07.2025 16:04:13,000	22,96	0,42	10,1	-59,7	-20,2	0	-112,4
375	16.07.2025 16:04:14,000	22,96	0,44	10,9	-65,3	-13,9	0	-105,4
376	16.07.2025 16:04:15,000	22,96	0,44	11,5	-61,9	-16,6	0	-108,6
377	16.07.2025 16:04:16,000	22,96	0,44	10,2	-59,3	-20,5	0	-112,8
378	16.07.2025 16:04:17,000	22,96	0,44	10,9	-63,9	-15,2	0	-106,9
379	16.07.2025 16:04:18,000	22,96	0,44	10,5	-63,3	-16,2	0	-108,0
380	16.07.2025 16:04:19,000	22,96	0,44	10,7	-60,6	-18,7	0	-110,9
381	16.07.2025 16:04:20,000	22,96	0,44	10,2	-61,9	-18,0	0	-109,9
382	16.07.2025 16:04:21,000	22,96	0,44	9,9	-65,0	-15,1	0	-106,6
383	16.07.2025 16:04:22,000	22,96	0,42	11,5	-61,0	-17,6	0	-109,7
384	16.07.2025 16:04:23,000	22,93	0,44	10,1	-60,0	-19,8	0	-112,1
385	16.07.2025 16:04:24,000	22,93	0,42	10,7	-64,8	-14,5	0	-106,1
386	16.07.2025 16:04:25,000	22,93	0,42	10,8	-63,2	-16,0	0	-107,8
387	16.07.2025 16:04:26,000	22,93	0,44	10,8	-58,9	-20,4	0	-112,8
388	16.07.2025 16:04:27,000	22,93	0,42	10,3	-62,4	-17,3	0	-109,2
389	16.07.2025 16:04:28,000	22,93	0,44	11,0	-65,5	-13,6	0	-105,0
390	16.07.2025 16:04:29,000	22,93	0,42	10,5	-58,7	-20,8	0	-113,2
391	16.07.2025 16:04:30,000	22,93	0,44	10,3	-61,2	-18,5	0	-110,6
392	16.07.2025 16:04:31,000	22,93	0,44	11,0	-65,2	-13,8	0	-105,3
393	16.07.2025 16:04:32,000	22,93	0,44	11,3	-60,4	-18,3	0	-110,5
394	16.07.2025 16:04:33,000	22,93	0,44	9,6	-60,1	-20,2	0	-112,4
395	16.07.2025 16:04:34,000	22,93	0,44	9,7	-65,4	-14,9	0	-106,4
396	16.07.2025 16:04:35,000	22,90	0,44	10,5	-64,4	-15,1	0	-106,7
397	16.07.2025 16:04:36,000	22,90	0,44	9,3	-59,2	-21,5	0	-113,7
398	16.07.2025 16:04:37,000	22,90	0,42	9,4	-64,0	-16,6	0	-108,2
399	16.07.2025 16:04:38,000	22,90	0,44	10,0	-65,7	-14,3	0	-105,7
400	16.07.2025 16:04:39,000	22,90	0,44	10,3	-60,0	-19,7	0	-111,9
401	16.07.2025 16:04:40,000	22,90	0,44	9,6	-62,5	-17,9	0	-109,7
402	16.07.2025 16:04:41,000	22,90	0,44	10,2	-64,2	-15,6	0	-107,3
403	16.07.2025 16:04:42,000	22,90	0,42	11,3	-61,8	-16,9	0	-108,9
404	16.07.2025 16:04:43,000	22,90	0,44	10,5	-61,0	-18,5	0	-110,6
405	16.07.2025 16:04:44,000	22,90	0,44	11,3	-61,8	-16,9	0	-109,0
406	16.07.2025 16:04:45,000	22,90	0,44	11,0	-61,6	-17,4	0	-109,5
407	16.07.2025 16:04:46,000	22,90	0,44	11,7	-62,6	-15,6	0	-107,5
408	16.07.2025 16:04:47,000	22,90	0,44	11,7	-59,3	-19,0	0	-111,5
409	16.07.2025 16:04:48,000	22,87	0,42	11,1	-61,2	-17,7	0	-109,8
410	16.07.2025 16:04:49,000	22,87	0,44	10,9	-64,7	-14,4	0	-106,0
411	16.07.2025 16:04:50,000	22,87	0,44	11,0	-59,8	-19,2	0	-111,5
412	16.07.2025 16:04:51,000	22,87	0,44	10,6	-60,5	-18,9	0	-111,1
413	16.07.2025 16:04:52,000	22,87	0,44	11,1	-64,9	-14,0	0	-105,6
414	16.07.2025 16:04:53,000	22,87	0,42	11,4	-61,1	-17,4	0	-109,6
415	16.07.2025 16:04:54,000	22,87	0,44	11,0	-59,0	-20,0	0	-112,5
416	16.07.2025 16:04:55,000	22,87	0,44	10,4	-64,2	-15,4	0	-107,1
417	16.07.2025 16:04:56,000	22,87	0,44	11,4	-63,5	-15,2	0	-106,9
418	16.07.2025 16:04:57,000	22,87	0,44	11,0	-58,8	-20,2	0	-112,7
419	16.07.2025 16:04:58,000	22,87	0,44	9,9	-62,4	-17,7	0	-109,6
420	16.07.2025 16:04:59,000	22,84	0,44	11,1	-65,7	-13,2	0	-104,7
421	16.07.2025 16:05:00,000	22,84	0,44	11,9	-59,2	-19,0	0	-111,4
422	16.07.2025 16:05:01,000	22,84	0,44	10,7	-58,9	-20,4	0	-112,9
423	16.07.2025 16:05:02,000	22,84	0,42	11,3	-64,6	-14,1	0	-105,7
424	16.07.2025 16:05:03,000	22,84	0,44	12,0	-63,5	-14,4	0	-106,2
425	16.07.2025 16:05:04,000	22,84	0,44	10,8	-56,1	-23,2	0	-116,0
426	16.07.2025 16:05:05,000	22,84	0,44	11,0	-63,5	-15,6	1	-107,3
427	16.07.2025 16:05:06,000	22,84	0,44	11,8	-65,3	-12,9	0	-104,4
428	16.07.2025 16:05:07,000	22,84	0,42	11,7	-57,2	-21,1	0	-113,9
429	16.07.2025 16:05:08,000	22,84	0,44	10,9	-60,5	-18,6	0	-110,9
430	16.07.2025 16:05:09,000	22,84	0,46	11,8	-65,0	-13,2	0	-104,7
431	16.07.2025 16:05:10,000	22,84	0,44	12,3	-61,4	-16,2	0	-108,3
432	16.07.2025 16:05:11,000	22,84	0,44	11,2	-57,3	-21,6	0	-114,3
433	16.07.2025 16:05:12,000	22,81	0,44	11,1	-63,5	-15,3	0	-107,1
434	16.07.2025 16:05:13,000	22,81	0,46	11,7	-64,7	-13,6	0	-105,1
435	16.07.2025 16:05:14,000	22,81	0,44	11,4	-57,6	-21,1	0	-113,8
436	16.07.2025 16:05:15,000	22,81	0,46	11,2	-61,2	-17,6	0	-109,7
437	16.07.2025 16:05:16,000	22,81	0,44	11,9	-63,7	-14,4	0	-106,1
438	16.07.2025 16:05:17,000	22,81	0,44	12,3	-60,4	-17,4	0	-109,6
439	16.07.2025 16:05:18,000	22,81	0,44	12,0	-58,9	-19,1	0	-111,6
440	16.07.2025 16:05:19,000	22,81	0,44	12,0	-62,2	-15,9	0	-107,8
441	16.07.2025 16:05:20,000	22,81	0,44	12,5	-62,4	-15,2	0	-107,1
442	16.07.2025 16:05:21,000	22,81	0,44	12,0	-58,1	-19,9	0	-112,6
443	16.07.2025 16:05:22,000	22,81	0,44	10,6	-62,1	-17,3	0	-109,3
444	16.07.2025 16:05:23,000	22,81	0,44	12,0	-63,1	-14,8	0	-106,6
445	16.07.2025 16:05:24,000	22,81	0,44	11,4	-60,9	-17,6	0	-109,8
446	16.07.2025 16:05:25,000	22,78	0,44	11,8	-59,0	-19,2	0	-111,7
447	16.07.2025 16:05:26,000	22,78	0,44	11,9	-62,1	-16,1	0	-108,1
448	16.07.2025 16:05:27,000	22,78	0,44	12,1	-62,4	-15,5	0	-107,4
449	16.07.2025 16:05:28,000	22,78	0,44	11,6	-59,3	-19,1	0	-111,5
450	16.07.2025 16:05:29,000	22,78	0,44	11,5	-60,5	-18,0	0	-110,2
451	16.07.2025 16:05:30,000	22,78	0,44	10,3	-63,9	-15,8	0	-107,5
452	16.07.2025 16:05:31,000	22,78	0,46	11,7	-61,7	-16,6	0	-108,7
453	16.07.2025 16:05:32,000	22,78	0,44	11,4	-59,5	-19,1	0	-111,5
454	16.07.2025 16:05:33,000	22,78	0,44	11,6	-60,9	-17,5	0	-109,7
455	16.07.2025 16:05:34,000	22,78	0,46	11,6	-62,8	-15,6	0	-107,5
456	16.07.2025 16:05:35,000	22,78	0,46	11,9	-61,3	-16,8	0	-108,9
457	16.07.2025 16:05:36,000	22,78	0,46	11,6	-58,7	-19,6	0	-112,2
458	16.07.2025 16:05:37,000	22,75	0,44	11,2	-62,0	-16,8	0	-108,8
459	16.07.2025 16:05:38,000	22,75	0,44	12,1	-62,8	-15,1	0	-107,0
460	16.07.2025 16:05:39,000	22,75	0,44	11,5	-59,3	-19,2	0	-111,7
461	16.07.2025 16:05:40,000	22,75	0,44	12,1	-60,3	-17,7	0	-109,9
462	16.07.2025 16:05:41,000	22,75	0,44	12,8	-62,0	-15,2	0	-107,2
463	16.07.2025 16:05:42,000	22,75	0,44	11,8	-60,2	-18,0	0	-110,3
464	16.07.2025 16:05:43,000	22,75	0,44	12,0	-60,5	-17,5	0	-109,8
465	16.07.2025 16:05:44,000	22,75	0,44	12,2	-60,3	-17,6	0	-109,8
466	16.07.2025 16:05:45,000	22,75	0,46	11,5	-61,9	-16,5	0	-108,5
467	16.07.2025 16:05:46,000	22,75	0,44	11,4	-61,3	-17,2	0	-109,3
468	16.07.2025 16:05:47,000	22,75	0,44	11,0	-60,7	-18,3	0	-110,5
469	16.07.2025 16:05:48,000	22,73	0,44	11,6	-62,1	-16,3	0	-108,3
470	16.07.2025 16:05:49,000	22,73	0,44	11,2	-61,5	-17,3	0	-109,4
471	16.07.2025 16:05:50,000	22,73	0,46	12,2	-59,7	-18,1	0	-110,5
472	16.07.2025 16:05:51,000	22,73	0,44	11,4	-62,0	-16,6	0	-108,6
473	16.07.2025 16:05:52,000	22,73	0,46	11,7	-61,0	-17,3	0	-109,5
474	16.07.2025 16:05:53,000	22,73	0,44	11,4	-61,2	-17,5	0	-109,6
475	16.07.2025 16:05:54,000	22,73	0,46	11,5	-60,9	-17,6	0	-109,8
476	16.07.2025 16:05:55,000	22,73	0,46	11,2	-61,5	-17,3	0	-109,4
477	16.07.2025 16:05:56,000	22,73	0,46	11,8	-61,6	-16,6	0	-108,7
478	16.07.2025 16:05:57,000	22,73	0,46	11,1	-60,3	-18,6	0	-110,8
479	16.07.2025 16:05:58,000	22,73	0,46	11,5	-62,5	-16,1	0	-108,0
480	16.07.2025 16:05:59,000	22,73	0,44	11,6	-61,3	-17,2	0	-109,3
481	16.07.2025 16:06:00,000	22,73	0,46	11,0	-60,2	-18,8	0	-111,1
482	16.07.2025 16:06:01,000	22,73	0,44	11,9	-61,8	-16,3	0	-108,3
483	16.07.2025 16:06:02,000	22,70	0,44	12,5	-60,8	-16,7	0	-108,9
484	16.07.2025 16:06:03,000	22,70	0,44	11,7	-59,5	-18,8	0	-111,2
485	16.07.2025 16:06:04,000	22,70	0,46	11,6	-62,9	-15,5	0	-107,3
486	16.07.2025 16:06:05,000	22,70	0,46	11,9	-61,0	-17,1	0	-109,3
487	16.07.2025 16:06:06,000	22,70	0,44	11,3	-59,9	-18,8	0	-111,1
488	16.07.2025 16:06:07,000	22,70	0,44	10,3	-63,1	-16,6	0	-108,4
489	16.07.2025 16:06:08,000	22,70	0,44	11,8	-62,5	-15,7	0	-107,6
490	16.07.2025 16:06:09,000	22,70	0,44	11,0	-58,9	-20,1	0	-112,5
491	16.07.2025 16:06:10,000	22,70	0,44	10,7	-62,8	-16,5	0	-108,4
492	16.07.2025 16:06:11,000	22,70	0,46	12,7	-62,3	-15,0	0	-107,0
493	16.07.2025 16:06:12,000	22,70	0,44	11,7	-58,6	-19,7	0	-112,2
494	16.07.2025 16:06:13,000	22,70	0,46	11,5	-60,2	-18,3	0	-110,5
495	16.07.2025 16:06:14,000	22,67	0,42	11,4	-64,2	-14,4	0	-106,0
496	16.07.2025 16:06:15,000	22,67	0,44	12,8	-59,2	-18,0	0	-110,5
497	16.07.2025 16:06:16,000	22,67	0,44	10,8	-58,9	-20,3	0	-112,8
498	16.07.2025 16:06:17,000	22,67	0,42	12,5	-63,9	-13,6	0	-105,2
499	16.07.2025 16:06:18,000	22,67	0,44	11,7	-60,1	-18,2	0	-110,6
500	16.07.2025 16:06:19,000	22,67	0,44	11,7	-59,2	-19,1	0	-111,6
501	16.07.2025 16:06:20,000	22,67	0,44	11,7	-63,0	-15,2	0	-107,0
502	16.07.2025 16:06:21,000	22,67	0,44	12,3	-59,8	-17,9	0	-110,3
503	16.07.2025 16:06:22,000	22,67	0,44	11,5	-60,5	-18,0	0	-110,2
504	16.07.2025 16:06:23,000	22,67	0,44	12,1	-61,7	-16,2	0	-108,3
505	16.07.2025 16:06:24,000	22,67	0,44	11,7	-60,3	-18,0	0	-110,3
506	16.07.2025 16:06:25,000	22,67	0,44	12,1	-60,7	-17,2	0	-109,4
507	16.07.2025 16:06:26,000	22,67	0,44	12,2	-61,1	-16,7	0	-108,8
508	16.07.2025 16:06:27,000	22,64	0,44	12,0	-60,3	-17,7	0	-110,0
509	16.07.2025 16:06:28,000	22,64	0,42	11,8	-60,2	-18,0	0	-110,3
510	16.07.2025 16:06:29,000	22,64	0,44	12,2	-60,7	-17,1	0	-109,3
511	16.07.2025 16:06:30,000	22,64	0,42	12,1	-61,3	-16,5	0	-108,7
512	16.07.2025 16:06:31,000	22,64	0,42	12,1	-59,9	-18,0	0	-110,4
513	16.07.2025 16:06:32,000	22,64	0,44	12,3	-60,3	-17,4	0	-109,7
514	16.07.2025 16:06:33,000	22,64	0,42	12,0	-60,5	-17,5	0	-109,7
515	16.07.2025 16:06:34,000	22,64	0,44	12,1	-61,7	-16,2	0	-108,2
516	16.07.2025 16:06:35,000	22,64	0,44	12,3	-59,7	-18,0	0	-110,4
517	16.07.2025 16:06:36,000	22,64	0,42	11,3	-60,6	-18,1	0	-110,3
518	16.07.2025 16:06:37,000	22,64	0,44	11,7	-63,1	-15,2	0	-107,0
519	16.07.2025 16:06:38,000	22,64	0,44	11,9	-59,7	-18,4	0	-110,7
520	16.07.2025 16:06:39,000	22,61	0,44	11,8	-59,4	-18,7	0	-111,2
521	16.07.2025 16:06:40,000	22,61	0,42	12,3	-61,7	-16,0	0	-108,1
522	16.07.2025 16:06:41,000	22,61	0,44	12,4	-61,2	-16,3	0	-108,5
523	16.07.2025 16:06:42,000	22,61	0,44	12,1	-58,5	-19,4	0	-112,0
524	16.07.2025 16:06:43,000	22,61	0,44	12,1	-61,6	-16,3	0	-108,4
525	16.07.2025 16:06:44,000	22,61	0,44	12,6	-61,0	-16,4	0	-108,6
526	16.07.2025 16:06:45,000	22,61	0,44	12,1	-58,7	-19,2	0	-111,7
527	16.07.2025 16:06:46,000	22,61	0,44	12,2	-61,1	-16,8	0	-108,9
528	16.07.2025 16:06:47,000	22,61	0,42	11,7	-62,5	-15,8	0	-107,7
529	16.07.2025 16:06:48,000	22,61	0,44	11,4	-59,0	-19,6	0	-112,1
530	16.07.2025 16:06:49,000	22,61	0,44	11,3	-62,2	-16,4	0	-108,4
531	16.07.2025 16:06:50,000	22,61	0,44	11,8	-62,7	-15,5	0	-107,4
532	16.07.2025 16:06:51,000	22,61	0,44	11,2	-57,8	-21,0	0	-113,6
533	16.07.2025 16:06:52,000	22,58	0,44	10,6	-62,5	-16,9	0	-108,8
534	16.07.2025 16:06:53,000	22,58	0,44	11,5	-64,2	-14,3	0	-106,0
535	16.07.2025 16:06:54,000	22,58	0,44	11,8	-58,2	-20,0	0	-112,6
536	16.07.2025 16:06:55,000	22,58	0,44	11,5	-61,0	-17,5	0	-109,6
537	16.07.2025 16:06:56,000	22,58	0,44	11,9	-62,7	-15,5	0	-107,3
538	16.07.2025 16:06:57,000	22,58	0,44	13,3	-59,4	-17,3	0	-109,7
539	16.07.2025 16:06:58,000	22,58	0,44	12,3	-58,7	-19,1	0	-111,6
540	16.07.2025 16:06:59,000	22,58	0,44	12,4	-61,2	-16,4	0	-108,5
541	16.07.2025 16:07:00,000	22,58	0,44	12,7	-60,9	-16,3	0	-108,5
542	16.07.2025 16:07:01,000	22,58	0,44	11,8	-60,3	-17,9	0	-110,2
543	16.07.2025 16:07:02,000	22,58	0,44	12,3	-59,5	-18,3	0	-110,7
544	16.07.2025 16:07:03,000	22,58	0,46	10,9	-61,9	-17,2	0	-109,2
545	16.07.2025 16:07:04,000	22,58	0,44	11,8	-62,3	-15,9	0	-107,9
546	16.07.2025 16:07:05,000	22,55	0,44	11,7	-60,2	-18,0	0	-110,3
547	16.07.2025 16:07:06,000	22,55	0,44	12,2	-60,2	-17,6	0	-109,9
548	16.07.2025 16:07:07,000	22,55	0,44	11,6	-60,3	-18,1	0	-110,4
549	16.07.2025 16:07:08,000	22,55	0,42	12,5	-62,6	-15,0	0	-106,9
550	16.07.2025 16:07:09,000	22,55	0,44	12,3	-59,5	-18,2	0	-110,6
551	16.07.2025 16:07:10,000	22,55	0,44	11,5	-59,0	-19,5	0	-112,0
552	16.07.2025 16:07:11,000	22,55	0,44	12,1	-63,5	-14,4	0	-106,1
553	16.07.2025 16:07:12,000	22,55	0,44	12,2	-60,8	-17,0	0	-109,2
554	16.07.2025 16:07:13,000	22,55	0,44	12,2	-58,0	-19,8	0	-112,5
555	16.07.2025 16:07:14,000	22,55	0,44	12,7	-60,4	-16,9	0	-109,2
556	16.07.2025 16:07:15,000	22,55	0,44	12,5	-63,0	-14,5	0	-106,4
557	16.07.2025 16:07:16,000	22,55	0,44	12,4	-57,6	-20,0	0	-112,8
558	16.07.2025 16:07:17,000	22,55	0,44	12,0	-61,4	-16,6	0	-108,7
559	16.07.2025 16:07:18,000	22,55	0,44	12,2	-60,9	-16,9	0	-109,1
560	16.07.2025 16:07:19,000	22,52	0,44	12,5	-59,3	-18,3	0	-110,8
561	16.07.2025 16:07:20,000	22,52	0,44	12,5	-60,8	-16,8	0	-109,0
562	16.07.2025 16:07:21,000	22,52	0,44	13,1	-59,0	-17,9	0	-110,5
563	16.07.2025 16:07:22,000	22,52	0,44	12,0	-60,4	-17,6	0	-109,8
564	16.07.2025 16:07:23,000	22,52	0,44	12,3	-61,4	-16,4	0	-108,5
565	16.07.2025 16:07:24,000	22,52	0,42	13,1	-59,7	-17,2	0	-109,6
566	16.07.2025 16:07:25,000	22,52	0,44	12,6	-58,2	-19,2	0	-111,8
567	16.07.2025 16:07:26,000	22,52	0,42	12,6	-61,4	-15,9	0	-108,0
568	16.07.2025 16:07:27,000	22,52	0,44	13,2	-60,6	-16,1	0	-108,4
569	16.07.2025 16:07:28,000	22,52	0,44	13,0	-57,5	-19,5	0	-112,3
570	16.07.2025 16:07:29,000	22,52	0,44	12,3	-61,6	-16,0	0	-108,1
571	16.07.2025 16:07:30,000	22,52	0,44	12,7	-60,1	-17,2	0	-109,5
572	16.07.2025 16:07:31,000	22,52	0,44	12,2	-60,0	-17,7	0	-110,1
573	16.07.2025 16:07:32,000	22,49	0,44	13,1	-59,2	-17,6	0	-110,1
574	16.07.2025 16:07:33,000	22,49	0,44	12,7	-59,9	-17,4	0	-109,8
575	16.07.2025 16:07:34,000	22,49	0,44	12,2	-61,0	-16,8	0	-109,0
576	16.07.2025 16:07:35,000	22,49	0,44	11,1	-61,4	-17,5	0	-109,6
577	16.07.2025 16:07:36,000	22,49	0,44	10,0	-62,3	-17,7	0	-109,6
578	16.07.2025 16:07:37,000	22,49	0,42	9,7	-63,2	-17,1	0	-108,9
579	16.07.2025 16:07:38,000	22,49	0,44	9,7	-62,1	-18,2	0	-110,1
580	16.07.2025 16:07:39,000	22,49	0,42	9,3	-64,0	-16,7	0	-108,3
581	16.07.2025 16:07:40,000	22,49	0,44	10,7	-62,2	-17,1	0	-109,0
582	16.07.2025 16:07:41,000	22,49	0,46	12,0	-59,3	-18,6	0	-111,1
583	16.07.2025 16:07:42,000	22,49	0,44	11,5	-60,7	-17,8	0	-110,0
584	16.07.2025 16:07:43,000	22,49	0,44	12,0	-62,3	-15,7	0	-107,7
585	16.07.2025 16:07:44,000	22,49	0,46	13,1	-58,3	-18,6	0	-111,2
586	16.07.2025 16:07:45,000	22,49	0,44	12,2	-59,8	-18,0	0	-110,4
587	16.07.2025 16:07:46,000	22,49	0,44	11,9	-62,2	-15,9	0	-107,9
588	16.07.2025 16:07:47,000	22,49	0,44	12,8	-60,0	-17,1	0	-109,5
589	16.07.2025 16:07:48,000	22,49	0,44	12,3	-59,4	-18,3	0	-110,8
590	16.07.2025 16:07:49,000	22,49	0,46	11,5	-61,2	-17,4	0	-109,5
591	16.07.2025 16:07:50,000	22,49	0,46	12,4	-61,2	-16,4	0	-108,6
592	16.07.2025 16:07:51,000	22,46	0,44	12,9	-59,7	-17,4	0	-109,8
593	16.07.2025 16:07:52,000	22,46	0,44	12,3	-59,4	-18,3	0	-110,7
594	16.07.2025 16:07:53,000	22,46	0,44	12,3	-60,7	-17,0	0	-109,2
595	16.07.2025 16:07:54,000	22,46	0,44	12,7	-60,5	-16,8	0	-109,1
596	16.07.2025 16:07:55,000	22,46	0,44	12,4	-59,5	-18,1	0	-110,6
597	16.07.2025 16:07:56,000	22,46	0,44	12,6	-60,9	-16,6	0	-108,8
598	16.07.2025 16:07:57,000	22,46	0,44	13,3	-59,0	-17,7	0	-110,2
599	16.07.2025 16:07:58,000	22,46	0,44	12,2	-60,3	-17,5	0	-109,8
600	16.07.2025 16:07:59,000	22,46	0,44	12,9	-60,4	-16,8	0	-109,0
601	16.07.2025 16:08:00,000	22,46	0,44	12,9	-58,8	-18,3	0	-110,8
602	16.07.2025 16:08:01,000	22,46	0,44	12,4	-60,0	-17,5	0	-109,9
603	16.07.2025 16:08:02,000	22,43	0,44	12,7	-60,4	-16,9	0	-109,2
604	16.07.2025 16:08:03,000	22,46	0,44	12,7	-61,1	-16,2	0	-108,4
605	16.07.2025 16:08:04,000	22,43	0,46	12,2	-58,5	-19,4	0	-112,0
606	16.07.2025 16:08:05,000	22,43	0,44	12,2	-61,2	-16,6	0	-108,7
607	16.07.2025 16:08:06,000	22,43	0,44	12,1	-61,1	-16,8	0	-109,0
608	16.07.2025 16:08:07,000	22,43	0,44	12,8	-58,8	-18,4	0	-111,0
609	16.07.2025 16:08:08,000	22,43	0,46	11,8	-60,8	-17,3	0	-109,5
610	16.07.2025 16:08:09,000	22,43	0,44	12,6	-61,2	-16,3	0	-108,4
611	16.07.2025 16:08:10,000	22,43	0,44	12,2	-60,0	-17,8	0	-110,2
612	16.07.2025 16:08:11,000	22,43	0,44	11,8	-59,9	-18,3	0	-110,6
613	16.07.2025 16:08:12,000	22,43	0,44	12,0	-62,0	-16,0	0	-108,0
614	16.07.2025 16:08:13,000	22,43	0,44	12,3	-59,7	-18,0	0	-110,4
615	16.07.2025 16:08:14,000	22,43	0,46	11,2	-60,7	-18,1	0	-110,3
616	16.07.2025 16:08:15,000	22,43	0,44	11,5	-62,4	-16,1	0	-108,0
617	16.07.2025 16:08:16,000	22,43	0,46	11,7	-60,4	-18,0	0	-110,2
618	16.07.2025 16:08:17,000	22,40	0,46	11,8	-60,5	-17,6	0	-109,9
619	16.07.2025 16:08:18,000	22,40	0,44	12,5	-59,8	-17,7	0	-110,1
620	16.07.2025 16:08:19,000	22,40	0,44	11,8	-61,3	-16,9	0	-109,0
621	16.07.2025 16:08:20,000	22,40	0,44	12,6	-60,8	-16,6	0	-108,8
622	16.07.2025 16:08:21,000	22,40	0,44	12,9	-58,7	-18,4	0	-111,0
623	16.07.2025 16:08:22,000	22,40	0,46	11,4	-60,7	-17,8	0	-110,0
624	16.07.2025 16:08:23,000	22,40	0,44	12,2	-62,0	-15,8	0	-107,8
625	16.07.2025 16:08:24,000	22,40	0,44	12,1	-59,6	-18,3	0	-110,7
626	16.07.2025 16:08:25,000	22,40	0,46	12,5	-60,7	-16,8	0	-109,0
627	16.07.2025 16:08:26,000	22,40	0,44	12,4	-59,5	-18,1	0	-110,5
628	16.07.2025 16:08:27,000	22,40	0,46	12,6	-60,3	-17,1	0	-109,4
629	16.07.2025 16:08:28,000	22,40	0,44	13,2	-60,5	-16,4	0	-108,6
630	16.07.2025 16:08:29,000	22,40	0,44	13,4	-58,3	-18,3	0	-110,9
631	16.07.2025 16:08:30,000	22,38	0,42	12,5	-59,8	-17,7	0	-110,1
632	16.07.2025 16:08:31,000	22,38	0,44	12,7	-61,3	-16,1	0	-108,2
633	16.07.2025 16:08:32,000	22,38	0,42	12,1	-60,3	-17,6	0	-109,9
634	16.07.2025 16:08:33,000	22,38	0,44	13,0	-58,6	-18,5	0	-111,1
635	16.07.2025 16:08:34,000	22,38	0,42	11,9	-61,4	-16,7	0	-108,8
636	16.07.2025 16:08:35,000	22,38	0,44	12,7	-60,9	-16,5	0	-108,6
637	16.07.2025 16:08:36,000	22,38	0,42	12,3	-59,2	-18,5	0	-111,0
638	16.07.2025 16:08:37,000	22,38	0,44	13,7	-60,6	-15,7	0	-107,9
639	16.07.2025 16:08:38,000	22,38	0,42	12,9	-58,7	-18,4	0	-111,0
640	16.07.2025 16:08:39,000	22,38	0,42	11,4	-60,9	-17,6	0	-109,8
641	16.07.2025 16:08:40,000	22,38	0,42	13,1	-60,4	-16,5	0	-108,7
642	16.07.2025 16:08:41,000	22,38	0,44	12,0	-60,0	-18,0	0	-110,3
643	16.07.2025 16:08:42,000	22,38	0,42	12,5	-59,8	-17,6	0	-110,0
644	16.07.2025 16:08:43,000	22,38	0,44	13,0	-61,0	-16,0	0	-108,2
645	16.07.2025 16:08:44,000	22,38	0,44	12,2	-59,1	-18,7	0	-111,2
646	16.07.2025 16:08:45,000	22,35	0,46	12,1	-61,2	-16,8	0	-108,9
647	16.07.2025 16:08:46,000	22,35	0,42	12,2	-61,1	-16,7	0	-108,8
648	16.07.2025 16:08:47,000	22,35	0,42	12,7	-58,0	-19,3	0	-112,0
649	16.07.2025 16:08:48,000	22,35	0,44	12,4	-61,2	-16,4	0	-108,6
650	16.07.2025 16:08:49,000	22,35	0,44	13,7	-61,0	-15,2	0	-107,4
651	16.07.2025 16:08:50,000	22,35	0,44	12,8	-56,8	-20,4	0	-113,3
652	16.07.2025 16:08:51,000	22,35	0,42	11,9	-61,3	-16,8	0	-108,9
653	16.07.2025 16:08:52,000	22,35	0,44	13,4	-61,9	-14,7	0	-106,7
654	16.07.2025 16:08:53,000	22,35	0,42	12,9	-58,0	-19,0	0	-111,7
655	16.07.2025 16:08:54,000	22,35	0,44	12,9	-58,9	-18,3	0	-110,8
656	16.07.2025 16:08:55,000	22,35	0,44	12,9	-61,7	-15,4	0	-107,4
657	16.07.2025 16:08:56,000	22,35	0,44	13,3	-59,7	-16,9	0	-109,3
658	16.07.2025 16:08:57,000	22,35	0,42	13,8	-57,7	-18,5	0	-111,4
659	16.07.2025 16:08:58,000	22,35	0,44	12,8	-59,1	-18,1	0	-110,6
660	16.07.2025 16:08:59,000	22,32	0,44	12,9	-62,3	-14,8	0	-106,8
661	16.07.2025 16:09:00,000	22,32	0,44	13,1	-59,2	-17,7	0	-110,2
662	16.07.2025 16:09:01,000	22,32	0,44	12,6	-57,8	-19,5	0	-112,3
663	16.07.2025 16:09:02,000	22,32	0,44	12,5	-61,9	-15,6	0	-107,6
664	16.07.2025 16:09:03,000	22,32	0,44	13,5	-60,5	-16,0	0	-108,2
665	16.07.2025 16:09:04,000	22,32	0,42	13,1	-57,1	-19,7	0	-112,6
666	16.07.2025 16:09:05,000	22,32	0,44	12,6	-60,2	-17,2	0	-109,5
667	16.07.2025 16:09:06,000	22,32	0,44	13,2	-62,1	-14,8	0	-106,7
668	16.07.2025 16:09:07,000	22,32	0,42	12,3	-58,4	-19,4	0	-112,0
669	16.07.2025 16:09:08,000	22,32	0,44	12,4	-59,9	-17,7	0	-110,0
670	16.07.2025 16:09:09,000	22,32	0,44	12,0	-61,1	-16,9	0	-109,0
671	16.07.2025 16:09:10,000	22,32	0,44	11,7	-61,9	-16,4	0	-108,4
672	16.07.2025 16:09:11,000	22,32	0,42	12,7	-58,7	-18,6	0	-111,2
673	16.07.2025 16:09:12,000	22,32	0,44	11,6	-60,8	-17,6	0	-109,8
674	16.07.2025 16:09:13,000	22,32	0,44	13,4	-60,8	-15,8	0	-108,0
675	16.07.2025 16:09:14,000	22,29	0,44	12,7	-58,8	-18,5	0	-111,1
676	16.07.2025 16:09:15,000	22,29	0,44	12,4	-60,1	-17,5	0	-109,8
677	16.07.2025 16:09:16,000	22,29	0,44	13,2	-60,4	-16,4	0	-108,7
678	16.07.2025 16:09:17,000	22,29	0,44	13,3	-59,9	-16,8	0	-109,1
679	16.07.2025 16:09:18,000	22,29	0,44	13,3	-57,5	-19,3	0	-112,1
680	16.07.2025 16:09:19,000	22,29	0,44	12,7	-61,0	-16,3	0	-108,4
681	16.07.2025 16:09:20,000	22,29	0,44	13,4	-60,4	-16,2	0	-108,5
682	16.07.2025 16:09:21,000	22,29	0,42	12,5	-57,5	-20,0	0	-112,8
683	16.07.2025 16:09:22,000	22,29	0,46	12,2	-61,7	-16,1	0	-108,1
684	16.07.2025 16:09:23,000	22,29	0,44	12,8	-61,1	-16,1	0	-108,2
685	16.07.2025 16:09:24,000	22,29	0,44	13,0	-57,9	-19,1	0	-111,8
686	16.07.2025 16:09:25,000	22,29	0,44	12,7	-59,6	-17,7	0	-110,1
687	16.07.2025 16:09:26,000	22,29	0,42	11,9	-62,4	-15,7	0	-107,6
688	16.07.2025 16:09:27,000	22,26	0,44	13,1	-59,3	-17,6	0	-110,1
689	16.07.2025 16:09:28,000	22,26	0,44	12,0	-59,3	-18,7	0	-111,2
690	16.07.2025 16:09:29,000	22,26	0,44	11,6	-61,7	-16,7	0	-108,7
691	16.07.2025 16:09:30,000	22,26	0,44	12,2	-61,2	-16,6	0	-108,7
692	16.07.2025 16:09:31,000	22,26	0,44	12,8	-59,3	-17,9	0	-110,4
693	16.07.2025 16:09:32,000	22,26	0,44	12,8	-58,6	-18,6	0	-111,2
694	16.07.2025 16:09:33,000	22,26	0,44	11,6	-62,3	-16,1	0	-108,0
695	16.07.2025 16:09:34,000	22,26	0,44	13,8	-60,3	-15,9	0	-108,2
696	16.07.2025 16:09:35,000	22,26	0,44	13,2	-57,0	-19,8	0	-112,7
697	16.07.2025 16:09:36,000	22,26	0,44	12,5	-61,3	-16,2	0	-108,4
698	16.07.2025 16:09:37,000	22,26	0,42	13,8	-59,8	-16,4	0	-108,8
699	16.07.2025 16:09:38,000	22,26	0,44	12,6	-58,4	-19,0	0	-111,6
700	16.07.2025 16:09:39,000	22,26	0,44	13,3	-60,9	-15,8	0	-108,0
701	16.07.2025 16:09:40,000	22,23	0,44	13,2	-58,9	-17,9	0	-110,4
702	16.07.2025 16:09:41,000	22,23	0,44	12,4	-60,7	-16,9	0	-109,1
703	16.07.2025 16:09:42,000	22,26	0,44	13,1	-59,6	-17,3	0	-109,7
704	16.07.2025 16:09:43,000	22,23	0,44	13,1	-59,5	-17,4	0	-109,9
705	16.07.2025 16:09:44,000	22,23	0,44	12,7	-59,1	-18,2	0	-110,7
706	16.07.2025 16:09:45,000	22,23	0,44	13,6	-60,9	-15,5	0	-107,7
707	16.07.2025 16:09:46,000	22,23	0,44	14,1	-57,9	-18,0	0	-110,8
708	16.07.2025 16:09:47,000	22,23	0,42	12,8	-59,1	-18,0	0	-110,5
709	16.07.2025 16:09:48,000	22,23	0,44	13,7	-60,8	-15,4	0	-107,6
710	16.07.2025 16:09:49,000	22,23	0,44	13,8	-57,7	-18,5	0	-111,3
711	16.07.2025 16:09:50,000	22,23	0,42	11,8	-60,2	-18,1	0	-110,4
712	16.07.2025 16:09:51,000	22,23	0,46	13,6	-61,0	-15,4	0	-107,5
713	16.07.2025 16:09:52,000	22,23	0,44	12,2	-59,3	-18,4	0	-110,9
714	16.07.2025 16:09:53,000	22,23	0,46	12,3	-60,1	-17,6	0	-110,0
715	16.07.2025 16:09:54,000	22,23	0,44	12,9	-60,9	-16,2	0	-108,4
716	16.07.2025 16:09:55,000	22,23	0,44	12,9	-58,4	-18,7	0	-111,4
717	16.07.2025 16:09:56,000	22,20	0,44	11,7	-61,7	-16,6	0	-108,7
718	16.07.2025 16:09:57,000	22,20	0,44	12,6	-60,7	-16,7	0	-108,9
719	16.07.2025 16:09:58,000	22,20	0,46	11,7	-59,3	-19,0	0	-111,5
720	16.07.2025 16:09:59,000	22,20	0,44	12,4	-61,4	-16,2	0	-108,3
721	16.07.2025 16:10:00,000	22,20	0,44	12,2	-60,8	-17,0	0	-109,3
722	16.07.2025 16:10:01,000	22,20	0,44	12,2	-60,4	-17,4	0	-109,6
723	16.07.2025 16:10:02,000	22,20	0,44	11,9	-58,8	-19,3	0	-111,8
724	16.07.2025 16:10:03,000	22,20	0,44	11,6	-61,9	-16,5	0	-108,5
725	16.07.2025 16:10:04,000	22,20	0,44	14,3	-60,6	-15,1	0	-107,3
726	16.07.2025 16:10:05,000	22,20	0,44	13,3	-56,4	-20,4	0	-113,4
727	16.07.2025 16:10:06,000	22,20	0,44	12,9	-59,8	-17,3	0	-109,6
728	16.07.2025 16:10:07,000	22,20	0,44	13,7	-61,4	-14,9	0	-107,0
729	16.07.2025 16:10:08,000	22,20	0,44	13,2	-58,1	-18,7	0	-111,5
730	16.07.2025 16:10:09,000	22,20	0,44	12,6	-59,6	-17,8	0	-110,3
731	16.07.2025 16:10:10,000	22,20	0,44	13,3	-61,2	-15,5	0	-107,7
732	16.07.2025 16:10:11,000	22,20	0,44	13,7	-58,4	-18,0	0	-110,6
733	16.07.2025 16:10:12,000	22,17	0,42	13,3	-59,5	-17,1	0	-109,6
734	16.07.2025 16:10:13,000	22,17	0,46	13,1	-59,4	-17,5	0	-109,9
735	16.07.2025 16:10:14,000	22,17	0,44	12,9	-59,7	-17,4	0	-109,8
736	16.07.2025 16:10:15,000	22,17	0,44	12,4	-61,1	-16,5	0	-108,7
737	16.07.2025 16:10:16,000	22,17	0,44	12,9	-58,4	-18,7	0	-111,4
738	16.07.2025 16:10:17,000	22,17	0,44	12,4	-60,5	-17,1	0	-109,3
739	16.07.2025 16:10:18,000	22,17	0,44	12,4	-60,9	-16,7	0	-108,8
740	16.07.2025 16:10:19,000	22,17	0,44	12,1	-59,4	-18,5	0	-111,0
741	16.07.2025 16:10:20,000	22,17	0,44	12,8	-60,5	-16,7	0	-108,9
742	16.07.2025 16:10:21,000	22,17	0,44	13,3	-59,7	-17,0	0	-109,4
743	16.07.2025 16:10:22,000	22,17	0,44	13,3	-58,7	-18,0	0	-110,6
744	16.07.2025 16:10:23,000	22,17	0,44	13,7	-59,5	-16,8	0	-109,2
745	16.07.2025 16:10:24,000	22,17	0,44	13,5	-59,0	-17,5	0	-110,1
746	16.07.2025 16:10:25,000	22,17	0,44	12,8	-59,2	-17,9	0	-110,4
747	16.07.2025 16:10:26,000	22,14	0,44	12,7	-60,4	-16,9	0	-109,2
748	16.07.2025 16:10:27,000	22,14	0,44	13,6	-59,8	-16,7	0	-109,1
749	16.07.2025 16:10:28,000	22,14	0,46	12,5	-58,6	-18,9	0	-111,5
750	16.07.2025 16:10:29,000	22,14	0,44	12,8	-60,4	-16,8	0	-109,0
751	16.07.2025 16:10:30,000	22,14	0,44	14,2	-59,3	-16,5	0	-109,0
752	16.07.2025 16:10:31,000	22,14	0,44	12,6	-58,9	-18,5	0	-111,0
753	16.07.2025 16:10:32,000	22,14	0,44	13,2	-60,0	-16,8	0	-109,1
754	16.07.2025 16:10:33,000	22,14	0,46	13,2	-59,7	-17,0	0	-109,4
755	16.07.2025 16:10:34,000	22,14	0,44	12,6	-59,0	-18,4	0	-110,9
756	16.07.2025 16:10:35,000	22,14	0,44	12,5	-60,7	-16,8	0	-109,1
757	16.07.2025 16:10:36,000	22,14	0,44	13,5	-59,8	-16,7	0	-109,1
758	16.07.2025 16:10:37,000	22,14	0,46	12,8	-58,3	-18,9	0	-111,6
759	16.07.2025 16:10:38,000	22,14	0,46	12,4	-61,7	-15,9	0	-108,0
760	16.07.2025 16:10:39,000	22,14	0,44	13,0	-60,6	-16,4	0	-108,6
761	16.07.2025 16:10:40,000	22,14	0,44	12,1	-58,3	-19,7	0	-112,3
762	16.07.2025 16:10:41,000	22,14	0,44	12,0	-61,8	-16,2	0	-108,2
763	16.07.2025 16:10:42,000	22,11	0,44	13,2	-60,4	-16,4	0	-108,7
764	16.07.2025 16:10:43,000	22,11	0,44	12,4	-58,8	-18,8	0	-111,4
765	16.07.2025 16:10:44,000	22,11	0,44	12,7	-59,7	-17,6	0	-110,0
766	16.07.2025 16:10:45,000	22,11	0,44	12,4	-61,1	-16,5	0	-108,7
767	16.07.2025 16:10:46,000	22,11	0,44	13,1	-60,0	-16,9	0	-109,3
768	16.07.2025 16:10:47,000	22,11	0,46	12,6	-57,9	-19,5	0	-112,2
769	16.07.2025 16:10:48,000	22,11	0,44	12,9	-61,5	-15,7	0	-107,7
770	16.07.2025 16:10:49,000	22,11	0,44	14,0	-59,5	-16,5	0	-108,9
771	16.07.2025 16:10:50,000	22,11	0,44	12,6	-58,6	-18,8	0	-111,4
772	16.07.2025 16:10:51,000	22,11	0,44	13,7	-59,8	-16,5	0	-108,9
773	16.07.2025 16:10:52,000	22,11	0,46	12,1	-60,8	-17,1	0	-109,3
774	16.07.2025 16:10:53,000	22,11	0,44	12,7	-60,1	-17,2	0	-109,6
775	16.07.2025 16:10:54,000	22,11	0,44	12,5	-58,6	-18,9	0	-111,5
776	16.07.2025 16:10:55,000	22,08	0,42	12,1	-62,0	-16,0	0	-108,0
777	16.07.2025 16:10:56,000	22,11	0,46	13,6	-60,4	-16,0	0	-108,3
778	16.07.2025 16:10:57,000	22,08	0,42	12,8	-57,5	-19,7	0	-112,5
779	16.07.2025 16:10:58,000	22,08	0,42	12,4	-60,4	-17,2	0	-109,5
780	16.07.2025 16:10:59,000	22,08	0,42	13,2	-62,0	-14,7	0	-106,7
781	16.07.2025 16:11:00,000	22,08	0,44	13,7	-57,0	-19,3	0	-112,3
782	16.07.2025 16:11:01,000	22,08	0,44	12,4	-58,7	-19,0	0	-111,6
783	16.07.2025 16:11:02,000	22,08	0,42	13,6	-62,1	-14,3	0	-106,3
784	16.07.2025 16:11:03,000	22,08	0,44	14,9	-58,8	-16,3	0	-108,9
785	16.07.2025 16:11:04,000	22,08	0,42	12,3	-56,1	-21,6	0	-114,7
786	16.07.2025 16:11:05,000	22,08	0,42	13,4	-61,7	-14,9	0	-106,9
787	16.07.2025 16:11:06,000	22,08	0,44	14,3	-60,5	-15,2	0	-107,4
788	16.07.2025 16:11:07,000	22,08	0,44	13,0	-56,4	-20,6	0	-113,7
789	16.07.2025 16:11:08,000	22,08	0,44	12,5	-60,4	-17,1	0	-109,3
790	16.07.2025 16:11:09,000	22,08	0,42	14,0	-61,3	-14,7	0	-106,8
791	16.07.2025 16:11:10,000	22,08	0,42	14,3	-58,0	-17,7	0	-110,4
792	16.07.2025 16:11:11,000	22,08	0,42	13,0	-57,7	-19,3	0	-112,1
793	16.07.2025 16:11:12,000	22,08	0,44	13,6	-60,5	-15,8	0	-108,0
794	16.07.2025 16:11:13,000	22,05	0,42	14,7	-58,7	-16,6	0	-109,2
795	16.07.2025 16:11:14,000	22,05	0,44	14,0	-56,3	-19,6	0	-112,7
796	16.07.2025 16:11:15,000	22,05	0,44	12,9	-58,1	-18,9	0	-111,6
797	16.07.2025 16:11:16,000	22,05	0,42	13,5	-59,9	-16,5	0	-108,9
798	16.07.2025 16:11:17,000	22,05	0,44	13,8	-58,9	-17,3	0	-109,8
799	16.07.2025 16:11:18,000	22,05	0,42	13,7	-57,3	-19,0	0	-111,9
800	16.07.2025 16:11:19,000	22,05	0,44	13,2	-58,2	-18,6	0	-111,3
801	16.07.2025 16:11:20,000	22,05	0,42	13,8	-60,7	-15,5	0	-107,7
802	16.07.2025 16:11:21,000	22,05	0,42	13,7	-58,8	-17,6	0	-110,2
803	16.07.2025 16:11:22,000	22,05	0,42	13,0	-57,2	-19,7	0	-112,6
804	16.07.2025 16:11:23,000	22,05	0,44	12,5	-60,9	-16,7	0	-108,9
805	16.07.2025 16:11:24,000	22,05	0,44	13,6	-60,3	-16,2	0	-108,5
806	16.07.2025 16:11:25,000	22,05	0,44	13,2	-58,2	-18,6	0	-111,3
807	16.07.2025 16:11:26,000	22,05	0,44	12,6	-58,8	-18,5	0	-111,1
808	16.07.2025 16:11:27,000	22,05	0,44	11,9	-62,0	-16,1	0	-108,1
809	16.07.2025 16:11:28,000	22,05	0,44	10,7	-62,2	-17,1	0	-109,1
810	16.07.2025 16:11:29,000	22,05	0,44	9,5	-61,8	-18,6	0	-110,6
811	16.07.2025 16:11:30,000	22,05	0,44	8,5	-64,5	-17,0	0	-108,5
812	16.07.2025 16:11:31,000	22,02	0,44	9,4	-63,8	-16,9	0	-108,5
813	16.07.2025 16:11:32,000	22,02	0,44	9,3	-63,0	-17,7	0	-109,5
814	16.07.2025 16:11:33,000	22,02	0,42	8,4	-64,2	-17,5	0	-109,0
815	16.07.2025 16:11:34,000	22,02	0,44	8,8	-65,0	-16,2	0	-107,7
816	16.07.2025 16:11:35,000	22,02	0,42	9,0	-63,6	-17,4	0	-109,1
817	16.07.2025 16:11:36,000	22,02	0,44	7,8	-64,5	-17,6	0	-109,1
818	16.07.2025 16:11:37,000	22,02	0,44	8,9	-64,4	-16,6	0	-108,2
819	16.07.2025 16:11:38,000	22,02	0,44	10,3	-63,1	-16,7	0	-108,5
820	16.07.2025 16:11:39,000	22,02	0,42	10,0	-63,4	-16,6	0	-108,4
821	16.07.2025 16:11:40,000	22,02	0,44	9,1	-63,7	-17,2	0	-108,9
822	16.07.2025 16:11:41,000	22,02	0,44	8,9	-63,8	-17,3	0	-109,0
823	16.07.2025 16:11:42,000	22,02	0,44	10,3	-63,0	-16,7	0	-108,5
824	16.07.2025 16:11:43,000	22,02	0,44	11,4	-61,9	-16,7	0	-108,7
825	16.07.2025 16:11:44,000	22,02	0,46	12,9	-60,7	-16,4	0	-108,6
826	16.07.2025 16:11:45,000	22,02	0,44	12,9	-59,8	-17,3	0	-109,6
827	16.07.2025 16:11:46,000	22,02	0,42	12,2	-61,7	-16,1	0	-108,2
828	16.07.2025 16:11:47,000	22,02	0,44	12,7	-60,8	-16,5	0	-108,7
829	16.07.2025 16:11:48,000	22,02	0,44	13,5	-59,0	-17,5	0	-110,0
830	16.07.2025 16:11:49,000	22,02	0,42	13,2	-60,6	-16,2	0	-108,5
831	16.07.2025 16:11:50,000	22,00	0,42	13,2	-61,0	-15,8	0	-108,0
832	16.07.2025 16:11:51,000	22,00	0,44	13,2	-59,7	-17,1	0	-109,5
833	16.07.2025 16:11:52,000	22,00	0,44	13,0	-60,0	-17,1	0	-109,4
834	16.07.2025 16:11:53,000	22,00	0,44	13,3	-60,5	-16,2	0	-108,5
835	16.07.2025 16:11:54,000	22,00	0,44	12,8	-60,6	-16,6	0	-108,8
836	16.07.2025 16:11:55,000	22,00	0,44	13,4	-59,9	-16,6	0	-109,0
837	16.07.2025 16:11:56,000	22,00	0,42	13,0	-60,7	-16,3	0	-108,5
838	16.07.2025 16:11:57,000	22,00	0,44	13,0	-60,2	-16,8	0	-109,2
839	16.07.2025 16:11:58,000	22,00	0,44	13,8	-59,3	-16,8	0	-109,3
840	16.07.2025 16:11:59,000	22,00	0,42	14,1	-59,6	-16,3	0	-108,7
841	16.07.2025 16:12:00,000	22,00	0,44	13,8	-59,8	-16,3	0	-108,7
842	16.07.2025 16:12:01,000	22,00	0,44	14,3	-58,8	-16,9	0	-109,5
843	16.07.2025 16:12:02,000	22,00	0,44	14,9	-58,2	-16,8	0	-109,5
844	16.07.2025 16:12:03,000	22,00	0,42	14,5	-59,3	-16,2	0	-108,6
845	16.07.2025 16:12:04,000	22,00	0,44	14,8	-58,8	-16,5	0	-109,0
846	16.07.2025 16:12:05,000	21,97	0,44	14,6	-58,4	-16,9	0	-109,6
847	16.07.2025 16:12:06,000	22,00	0,44	15,8	-57,5	-16,7	0	-109,5
848	16.07.2025 16:12:07,000	21,97	0,44	16,6	-57,3	-16,1	0	-108,9
849	16.07.2025 16:12:08,000	21,97	0,44	14,5	-59,4	-16,1	0	-108,6
850	16.07.2025 16:12:09,000	21,97	0,46	14,0	-59,0	-17,0	0	-109,6
851	16.07.2025 16:12:10,000	21,97	0,44	15,2	-57,8	-17,0	0	-109,8
852	16.07.2025 16:12:11,000	21,97	0,44	16,8	-56,7	-16,5	0	-109,4
853	16.07.2025 16:12:12,000	21,97	0,44	16,2	-57,5	-16,3	0	-109,1
854	16.07.2025 16:12:13,000	21,97	0,42	14,6	-59,2	-16,2	0	-108,6
855	16.07.2025 16:12:14,000	21,97	0,42	13,5	-59,5	-17,0	0	-109,4
856	16.07.2025 16:12:15,000	21,97	0,44	14,6	-58,3	-17,1	0	-109,8
857	16.07.2025 16:12:16,000	21,97	0,44	15,9	-57,5	-16,6	0	-109,4
858	16.07.2025 16:12:17,000	21,97	0,44	16,3	-57,4	-16,3	0	-109,2
859	16.07.2025 16:12:18,000	21,97	0,46	15,3	-58,5	-16,2	0	-108,9
860	16.07.2025 16:12:19,000	21,97	0,44	13,8	-59,5	-16,7	0	-109,1
861	16.07.2025 16:12:20,000	21,97	0,44	13,2	-59,7	-17,1	0	-109,5
862	16.07.2025 16:12:21,000	21,97	0,44	15,3	-57,9	-16,8	0	-109,6
863	16.07.2025 16:12:22,000	21,97	0,44	16,8	-56,7	-16,4	0	-109,4
864	16.07.2025 16:12:23,000	21,94	0,42	15,8	-58,1	-16,1	0	-108,8
865	16.07.2025 16:12:24,000	21,94	0,44	13,7	-59,4	-16,9	0	-109,4
866	16.07.2025 16:12:25,000	21,94	0,44	13,3	-59,3	-17,4	0	-109,9
867	16.07.2025 16:12:26,000	21,94	0,44	14,0	-58,2	-17,8	0	-110,5
868	16.07.2025 16:12:27,000	21,94	0,44	15,7	-57,4	-16,9	0	-109,7
869	16.07.2025 16:12:28,000	21,94	0,44	16,9	-56,5	-16,6	0	-109,7
870	16.07.2025 16:12:29,000	21,94	0,44	15,2	-58,4	-16,4	0	-109,1
871	16.07.2025 16:12:30,000	21,94	0,44	13,2	-59,8	-17,0	0	-109,3
872	16.07.2025 16:12:31,000	21,94	0,44	15,0	-54,9	-20,1	0	-113,5
873	16.07.2025 16:12:32,000	21,94	0,44	25,6	-33,7	-30,7	1	-132,7
874	16.07.2025 16:12:33,000	21,94	0,44	22,5	-25,1	-42,4	0	-147,3
875	16.07.2025 16:12:34,000	21,94	0,44	20,3	-27,7	-42,0	0	-144,7
876	16.07.2025 16:12:35,000	21,94	0,44	17,3	-31,3	-41,4	0	-141,5
877	16.07.2025 16:12:36,000	21,94	0,44	2,6	16,0	-71,4	0	163,6
878	16.07.2025 16:12:37,000	21,94	0,44	3,0	14,8	-72,2	0	164,7
879	16.07.2025 16:12:38,000	21,94	0,44	2,3	10,3	-77,4	0	169,4
880	16.07.2025 16:12:39,000	21,91	0,42	8,3	12,5	-69,2	0	166,5
881	16.07.2025 16:12:40,000	21,91	0,44	73,7	-16,0	-0,3	1	166,5
882	16.07.2025 16:12:41,000	21,91	0,44	48,4	-39,1	2,5	0	-86,0
883	16.07.2025 16:12:42,000	21,91	0,42	17,7	0,8	-71,5	0	179,2
884	16.07.2025 16:12:43,000	21,91	0,46	4,3	1,3	-84,4	0	178,7
885	16.07.2025 16:12:44,000	21,91	0,44	6,3	2,9	-80,8	0	177,0
886	16.07.2025 16:12:45,000	21,91	0,44	5,5	-1,4	83,1	1	-1,5
887	16.07.2025 16:12:46,000	21,70	0,58	61,7	-8,5	19,9	0	-1,5
888	16.07.2025 16:12:47,000	21,64	0,58	58,9	-0,1	31,0	0	-0,2
889	16.07.2025 16:12:48,000	21,64	0,60	46,3	-5,0	38,7	0	-8,0
890	16.07.2025 16:12:49,000	21,64	0,62	45,4	-4,4	40,2	0	-6,8
891	16.07.2025 16:12:50,000	21,64	0,60	42,1	3,6	44,3	0	5,1
892	16.07.2025 16:12:51,000	21,67	0,62	39,7	-2,2	48,1	0	-3,0
893	16.07.2025 16:12:52,000	21,67	0,62	37,1	0,0	52,9	0	0,0
894	16.07.2025 16:12:53,000	21,67	0,62	39,7	1,2	49,0	0	1,6
895	16.07.2025 16:12:54,000	21,67	0,65	39,7	9,7	40,6	0	14,7
896	16.07.2025 16:12:55,000	21,67	0,67	44,0	0,2	45,8	0	0,2
897	16.07.2025 16:12:56,000	21,67	0,69	54,4	0,2	35,4	0	0,4
898	16.07.2025 16:12:57,000	21,67	0,71	52,9	-4,1	33,0	0	-7,5
899	16.07.2025 16:12:58,000	21,67	0,71	49,8	-0,7	39,5	0	-1,1
900	16.07.2025 16:12:59,000	21,67	0,71	53,6	-0,4	36,0	0	-0,7
901	16.07.2025 16:13:00,000	21,67	0,74	53,7	8,3	28,0	0	17,3
902	16.07.2025 16:13:01,000	21,67	0,74	40,7	-2,8	46,5	0	-3,9
903	16.07.2025 16:13:02,000	21,67	0,74	45,8	4,0	40,2	0	6,2
904	16.07.2025 16:13:03,000	21,67	0,76	38,0	-13,6	38,4	0	-21,1
905	16.07.2025 16:13:04,000	21,67	0,78	59,6	-0,3	30,1	0	-0,5
906	16.07.2025 16:13:05,000	21,67	0,78	42,4	-12,8	34,9	0	-21,4
907	16.07.2025 16:13:06,000	21,64	0,78	50,9	-6,8	32,3	0	-12,6
908	16.07.2025 16:13:07,000	21,67	0,83	60,0	-2,3	27,7	0	-5,0
909	16.07.2025 16:13:08,000	21,64	0,82	56,8	-3,4	29,8	0	-6,7
910	16.07.2025 16:13:09,000	21,67	0,85	57,8	-5,7	26,5	0	-12,6
911	16.07.2025 16:13:10,000	21,64	0,85	61,4	-8,0	20,6	0	-12,6
912	16.07.2025 16:13:11,000	21,64	0,85	61,4	-9,8	18,8	0	-12,6
913	16.07.2025 16:13:12,000	21,64	0,87	60,0	-7,8	22,1	0	-20,0
914	16.07.2025 16:13:13,000	21,67	0,83	55,6	1,4	33,0	0	2,5
915	16.07.2025 16:13:14,000	21,67	0,83	53,0	-6,6	30,4	0	-12,9
916	16.07.2025 16:13:15,000	21,64	0,87	59,6	-9,4	21,0	0	-24,5
917	16.07.2025 16:13:16,000	21,64	0,89	62,1	-13,2	14,7	0	-24,5
918	16.07.2025 16:13:17,000	21,64	0,89	59,4	-13,8	16,8	0	-24,5
919	16.07.2025 16:13:18,000	21,64	0,89	66,4	-7,7	15,9	0	-24,5
920	16.07.2025 16:13:19,000	21,64	0,89	63,2	-11,9	14,9	0	-24,5
921	16.07.2025 16:13:20,000	21,64	0,94	59,2	-18,6	12,1	0	-24,5
922	16.07.2025 16:13:21,000	21,64	0,96	60,5	-17,1	12,5	0	-24,5
923	16.07.2025 16:13:22,000	21,64	0,94	62,8	-14,5	12,8	0	-24,5
924	16.07.2025 16:13:23,000	21,64	0,96	61,0	-15,5	13,5	0	-24,5
925	16.07.2025 16:13:24,000	21,64	0,98	61,8	-15,5	12,7	0	-24,5
926	16.07.2025 16:13:25,000	21,64	0,98	59,6	-19,2	11,1	0	-24,5
927	16.07.2025 16:13:26,000	21,53	1,02	58,9	-18,9	12,2	0	-57,0
928	16.07.2025 16:13:27,000	21,15	1,24	58,6	-17,0	14,4	0	-49,7
929	16.07.2025 16:13:28,000	20,82	1,21	59,5	-16,8	13,7	0	-49,7
930	16.07.2025 16:13:29,000	20,62	1,22	68,2	-11,3	10,5	0	-49,7
931	16.07.2025 16:13:30,000	20,44	1,20	71,0	-8,0	10,9	0	-49,7
932	16.07.2025 16:13:31,000	20,38	1,20	71,6	-5,1	13,3	0	-49,7
933	16.07.2025 16:13:32,000	20,29	1,22	76,4	-2,0	11,6	0	-49,7
934	16.07.2025 16:13:33,000	20,24	1,19	71,5	3,6	14,9	0	-49,7
935	16.07.2025 16:13:34,000	20,21	1,16	63,0	9,1	17,9	0	-49,7
936	16.07.2025 16:13:35,000	20,18	1,18	63,1	10,6	16,3	0	-49,7
937	16.07.2025 16:13:36,000	20,18	1,18	63,5	13,5	13,0	0	-49,7
938	16.07.2025 16:13:37,000	20,18	1,18	62,5	13,9	13,6	0	-49,7
939	16.07.2025 16:13:38,000	20,18	1,18	62,2	14,0	13,7	0	-49,7
940	16.07.2025 16:13:39,000	20,15	1,18	60,0	15,9	14,2	0	-49,7
941	16.07.2025 16:13:40,000	20,15	1,18	62,7	14,3	13,0	0	-49,7
942	16.07.2025 16:13:41,000	20,12	1,20	68,3	10,0	11,7	0	-49,7
943	16.07.2025 16:13:42,000	20,12	1,20	72,9	6,8	10,3	0	-49,7
944	16.07.2025 16:13:43,000	20,12	1,23	72,7	4,9	12,4	0	-49,7
945	16.07.2025 16:13:44,000	20,09	1,22	70,9	3,1	16,0	0	-49,7
946	16.07.2025 16:13:45,000	20,03	1,22	72,8	-2,8	14,4	0	-49,7
947	16.07.2025 16:13:46,000	19,97	1,24	73,1	-6,6	10,3	0	-49,7
948	16.07.2025 16:13:47,000	19,91	1,25	72,8	-6,6	10,5	0	-49,7
949	16.07.2025 16:13:48,000	19,88	1,28	71,0	-6,9	12,0	0	-49,7
950	16.07.2025 16:13:49,000	19,85	1,27	70,4	-7,8	11,8	0	-49,7
951	16.07.2025 16:13:50,000	19,76	1,29	72,1	-6,0	11,9	0	-49,7
952	16.07.2025 16:13:51,000	19,70	1,33	71,9	-7,3	10,9	0	-49,7
953	16.07.2025 16:13:52,000	19,68	1,33	70,3	-8,7	11,0	0	-49,7
954	16.07.2025 16:13:53,000	19,62	1,35	67,4	-11,5	11,1	0	-49,7
955	16.07.2025 16:13:54,000	19,50	1,36	66,4	-14,0	9,6	0	-49,7
956	16.07.2025 16:13:55,000	19,29	1,43	68,3	-12,9	8,9	0	-49,7
957	16.07.2025 16:13:56,000	19,11	1,46	64,3	-12,4	13,3	0	-49,7
958	16.07.2025 16:13:57,000	18,96	1,48	63,4	-14,3	12,3	0	-49,7
959	16.07.2025 16:13:58,000	18,82	1,49	68,3	-14,6	7,2	0	-49,7
960	16.07.2025 16:13:59,000	18,73	1,50	67,1	-12,6	10,3	0	-49,7
961	16.07.2025 16:14:00,000	18,67	1,54	66,0	-11,9	12,1	0	-49,7
962	16.07.2025 16:14:01,000	18,52	1,55	63,9	-12,5	13,6	0	-49,7
963	16.07.2025 16:14:02,000	18,34	1,61	63,4	-14,7	11,9	0	-49,7
964	16.07.2025 16:14:03,000	18,19	1,62	67,0	-13,6	9,4	0	-49,7
965	16.07.2025 16:14:04,000	18,07	1,63	64,3	-14,2	11,4	0	-49,7
966	16.07.2025 16:14:05,000	17,92	1,67	62,2	-14,5	13,3	0	-49,7
967	16.07.2025 16:14:06,000	17,77	1,68	65,2	-13,2	11,6	0	-49,7
968	16.07.2025 16:14:07,000	17,62	1,71	67,0	-10,8	12,2	0	-49,7
969	16.07.2025 16:14:08,000	17,56	1,71	67,9	-8,4	13,7	0	-49,7
970	16.07.2025 16:14:09,000	17,53	1,75	69,3	-7,8	12,9	0	-49,7
971	16.07.2025 16:14:10,000	17,50	1,75	66,6	-8,0	15,5	0	-49,7
972	16.07.2025 16:14:11,000	17,38	1,78	65,7	-8,5	15,8	0	-49,7
973	16.07.2025 16:14:12,000	17,23	1,80	67,7	-8,8	13,5	0	-49,7
974	16.07.2025 16:14:13,000	17,11	1,83	67,8	-8,8	13,4	0	-49,7
975	16.07.2025 16:14:14,000	17,05	1,85	64,9	-10,9	14,2	0	-49,7
976	16.07.2025 16:14:15,000	16,99	1,84	64,3	-10,7	15,0	0	-49,7
977	16.07.2025 16:14:16,000	16,81	1,94	63,1	-11,0	15,9	0	-49,7
978	16.07.2025 16:14:17,000	16,57	1,97	64,9	-12,2	12,9	0	-49,7
979	16.07.2025 16:14:18,000	16,42	1,98	65,5	-13,0	11,5	0	-49,7
980	16.07.2025 16:14:19,000	16,33	2,02	65,2	-12,9	11,8	0	-49,7
981	16.07.2025 16:14:20,000	16,27	2,04	64,2	-12,7	13,1	0	-49,7
982	16.07.2025 16:14:21,000	16,12	2,07	63,9	-12,6	13,5	0	-49,7
983	16.07.2025 16:14:22,000	15,87	2,12	65,1	-11,4	13,5	0	-49,7
984	16.07.2025 16:14:23,000	15,75	2,16	67,3	-10,9	11,8	0	-49,7
985	16.07.2025 16:14:24,000	15,66	2,17	68,2	-10,1	11,8	0	-49,7
986	16.07.2025 16:14:25,000	15,57	2,19	68,1	-8,7	13,3	0	-49,7
987	16.07.2025 16:14:26,000	15,48	2,22	63,4	-8,7	18,0	0	-49,7
988	16.07.2025 16:14:27,000	15,35	2,26	66,9	-8,9	14,1	0	-49,7
989	16.07.2025 16:14:28,000	15,23	2,27	73,4	-8,1	8,5	0	-49,7
990	16.07.2025 16:14:29,000	15,14	2,31	70,8	-8,2	11,0	0	-49,7
991	16.07.2025 16:14:30,000	15,11	2,31	63,6	-10,3	16,1	0	-49,7
992	16.07.2025 16:14:31,000	15,02	2,35	61,4	-10,9	17,7	0	-49,7
993	16.07.2025 16:14:32,000	14,89	2,34	67,3	-11,3	11,4	0	-49,7
994	16.07.2025 16:14:33,000	14,83	2,38	66,7	-11,5	11,8	0	-49,7
995	16.07.2025 16:14:34,000	14,77	2,37	61,9	-11,9	16,3	0	-49,7
996	16.07.2025 16:14:35,000	14,68	2,41	61,8	-12,4	15,8	0	-49,7
997	16.07.2025 16:14:36,000	14,62	2,43	62,5	-13,5	14,0	0	-49,7
998	16.07.2025 16:14:37,000	14,62	2,41	57,0	-9,2	23,7	0	-21,8
999	16.07.2025 16:14:38,000	14,59	2,38	59,0	-10,9	20,1	0	-28,9
1000	16.07.2025 16:14:39,000	14,62	2,43	62,1	-11,8	16,2	0	-28,9
1001	16.07.2025 16:14:40,000	14,62	2,43	62,6	-12,0	15,4	0	-28,9
1002	16.07.2025 16:14:41,000	14,62	2,45	62,2	-11,9	15,8	0	-28,9
1003	16.07.2025 16:14:42,000	14,59	2,45	61,1	-11,2	17,7	0	-28,9
1004	16.07.2025 16:14:43,000	14,59	2,45	60,5	-11,4	18,0	0	-28,9
1005	16.07.2025 16:14:44,000	14,62	2,45	61,0	-10,5	18,6	0	-28,9
1006	16.07.2025 16:14:45,000	14,62	2,47	60,8	-10,0	19,2	0	-28,9
1007	16.07.2025 16:14:46,000	14,65	2,48	64,2	-9,8	16,1	0	-28,9
1008	16.07.2025 16:14:47,000	14,65	2,50	64,1	-9,0	16,9	0	-28,9
1009	16.07.2025 16:14:48,000	14,62	2,52	61,8	-9,2	19,0	0	-28,9
1010	16.07.2025 16:14:49,000	14,59	2,52	58,0	-11,7	20,4	0	-30,3
1011	16.07.2025 16:14:50,000	14,56	2,54	59,3	-11,4	19,3	0	-30,3
1012	16.07.2025 16:14:51,000	14,46	2,57	61,8	-11,1	17,0	0	-30,3
1013	16.07.2025 16:14:52,000	14,37	2,61	60,1	-11,6	18,2	0	-30,3
1014	16.07.2025 16:14:53,000	14,31	2,61	58,7	-9,2	22,2	0	-22,9
1015	16.07.2025 16:14:54,000	14,22	2,65	62,4	-5,9	21,7	0	-22,9
1016	16.07.2025 16:14:55,000	14,12	2,62	60,7	5,9	23,4	0	14,6
1017	16.07.2025 16:14:56,000	14,09	2,61	51,6	12,9	25,5	0	27,6
1018	16.07.2025 16:14:57,000	14,09	2,59	52,0	11,1	26,9	0	23,2
1019	16.07.2025 16:14:58,000	14,06	2,57	51,8	10,4	27,9	0	21,2
1020	16.07.2025 16:14:59,000	14,06	2,57	50,3	10,2	29,5	0	20,0
1021	16.07.2025 16:15:00,000	14,03	2,59	49,6	11,1	29,3	0	21,6
1022	16.07.2025 16:15:01,000	13,97	2,58	52,6	10,1	27,3	0	21,0
1023	16.07.2025 16:15:02,000	13,94	2,60	55,4	8,4	26,2	0	18,4
1024	16.07.2025 16:15:03,000	13,87	2,62	54,7	7,4	27,9	0	15,5
1025	16.07.2025 16:15:04,000	13,84	2,62	55,8	6,1	28,0	0	12,9
1026	16.07.2025 16:15:05,000	13,78	2,61	54,6	8,0	27,3	0	17,0
1027	16.07.2025 16:15:06,000	13,75	2,61	54,8	7,6	27,6	0	16,0
1028	16.07.2025 16:15:07,000	13,75	2,61	56,7	6,3	27,0	0	13,6
1029	16.07.2025 16:15:08,000	13,75	2,63	61,5	5,0	23,5	0	12,3
1030	16.07.2025 16:15:09,000	13,69	2,67	67,1	-4,2	18,7	0	12,3
1031	16.07.2025 16:15:10,000	13,56	2,78	68,0	-7,6	14,4	0	12,3
1032	16.07.2025 16:15:11,000	13,34	2,83	73,5	-5,3	11,1	0	12,3
1033	16.07.2025 16:15:12,000	13,15	2,86	73,8	-7,0	9,2	0	12,3
1034	16.07.2025 16:15:13,000	13,03	2,92	69,6	-6,3	14,1	0	12,3
1035	16.07.2025 16:15:14,000	12,93	2,93	69,0	-6,6	14,4	0	12,3
1036	16.07.2025 16:15:15,000	12,75	2,92	81,3	-3,9	4,8	0	12,3
1037	16.07.2025 16:15:16,000	12,62	2,88	85,8	3,1	-1,1	0	12,3
1038	16.07.2025 16:15:17,000	12,56	2,81	65,0	7,2	17,8	0	12,3
1039	16.07.2025 16:15:18,000	12,43	2,80	69,2	11,3	-9,6	0	12,3
1040	16.07.2025 16:15:19,000	12,40	2,71	63,7	19,0	7,3	0	12,3
1041	16.07.2025 16:15:20,000	12,33	2,73	55,3	14,0	20,7	0	34,3
1042	16.07.2025 16:15:21,000	12,17	2,72	39,6	11,9	38,6	0	18,6
1043	16.07.2025 16:15:22,000	12,08	2,69	68,2	14,9	6,9	0	18,6
1044	16.07.2025 16:15:23,000	12,05	2,66	76,0	7,9	-6,1	0	18,6
1045	16.07.2025 16:15:24,000	12,02	2,73	67,9	1,0	21,1	0	18,6
1046	16.07.2025 16:15:25,000	11,92	2,74	82,5	-0,5	-6,9	0	18,6
1047	16.07.2025 16:15:26,000	11,89	2,74	70,7	-1,4	17,9	0	18,6
1048	16.07.2025 16:15:27,000	11,82	2,73	84,4	0,5	5,2	0	18,6
1049	16.07.2025 16:15:28,000	11,79	2,73	81,4	1,4	7,2	0	18,6
1050	16.07.2025 16:15:29,000	11,76	2,75	66,3	0,9	22,7	0	18,6
1051	16.07.2025 16:15:30,000	11,73	2,75	83,1	3,3	-3,6	0	18,6
1052	16.07.2025 16:15:31,000	11,73	2,73	68,5	1,3	20,2	0	18,6
1053	16.07.2025 16:15:32,000	11,70	2,72	59,0	5,3	25,8	0	12,0
1054	16.07.2025 16:15:33,000	11,66	2,72	67,4	6,2	16,4	0	12,0
1055	16.07.2025 16:15:34,000	11,66	2,72	82,3	3,7	-4,0	0	12,0
1056	16.07.2025 16:15:35,000	11,66	2,72	63,2	3,6	23,2	0	12,0
1057	16.07.2025 16:15:36,000	11,57	2,74	46,8	1,0	42,2	0	1,6
1058	16.07.2025 16:15:37,000	11,47	2,73	46,9	-1,9	41,2	0	-2,8
1059	16.07.2025 16:15:38,000	11,44	2,75	48,7	-3,7	37,6	0	-6,1
1060	16.07.2025 16:15:39,000	11,44	2,73	58,8	5,4	25,8	0	12,2
1061	16.07.2025 16:15:40,000	11,44	2,70	64,5	8,0	17,6	0	12,2
1062	16.07.2025 16:15:41,000	11,47	2,73	70,7	8,9	10,4	0	12,2
1063	16.07.2025 16:15:42,000	11,50	2,71	71,4	10,7	7,9	0	12,2
1064	16.07.2025 16:15:43,000	11,54	2,69	72,2	11,0	6,9	0	12,2
1065	16.07.2025 16:15:44,000	11,54	2,71	76,9	11,1	2,0	0	12,2
1066	16.07.2025 16:15:45,000	11,50	2,71	76,5	10,5	-3,0	0	12,2
1067	16.07.2025 16:15:46,000	11,47	2,71	65,7	11,9	12,3	0	12,2
1068	16.07.2025 16:15:47,000	11,41	2,72	66,8	12,8	10,3	0	12,2
1069	16.07.2025 16:15:48,000	11,37	2,74	75,0	14,2	-0,8	0	12,2
1070	16.07.2025 16:15:49,000	11,37	2,74	65,0	14,8	10,2	0	12,2
1071	16.07.2025 16:15:50,000	11,28	2,80	49,8	8,0	32,2	0	14,8
1072	16.07.2025 16:15:51,000	11,15	2,77	44,1	1,8	44,0	0	2,6
1073	16.07.2025 16:15:52,000	11,08	2,77	40,3	2,5	47,1	0	3,5
1074	16.07.2025 16:15:53,000	11,02	2,76	36,1	-2,7	51,2	0	-3,5
1075	16.07.2025 16:15:54,000	10,99	2,80	44,9	0,9	44,2	0	1,3
1076	16.07.2025 16:15:55,000	10,82	2,84	44,4	-1,7	43,8	0	-2,5
1077	16.07.2025 16:15:56,000	10,76	2,83	43,8	1,1	45,1	0	1,6
1078	16.07.2025 16:15:57,000	10,69	2,83	34,5	-5,2	50,3	0	-6,8
1079	16.07.2025 16:15:58,000	10,66	2,87	31,2	-8,9	49,9	0	-11,7
1080	16.07.2025 16:15:59,000	10,53	2,88	36,4	-5,1	48,5	0	-6,8
1081	16.07.2025 16:16:00,000	10,43	2,90	35,8	-5,8	48,4	0	-7,9
1082	16.07.2025 16:16:01,000	10,40	2,87	40,8	-3,0	46,3	0	-4,1
1083	16.07.2025 16:16:02,000	10,37	2,89	36,6	-5,9	47,5	0	-8,1
1084	16.07.2025 16:16:03,000	10,37	2,89	41,4	-2,1	46,5	0	-2,9
1085	16.07.2025 16:16:04,000	10,37	2,89	43,5	-1,9	44,6	0	-2,6
1086	16.07.2025 16:16:05,000	10,34	2,89	39,5	-1,3	49,2	0	-1,7
1087	16.07.2025 16:16:06,000	10,30	2,91	40,4	-3,7	45,9	0	-5,1
1088	16.07.2025 16:16:07,000	10,27	2,93	44,7	-1,1	44,2	0	-1,6
1089	16.07.2025 16:16:08,000	10,30	2,93	40,7	-3,3	46,0	0	-4,7
1090	16.07.2025 16:16:09,000	10,30	2,93	44,3	1,5	44,2	0	2,2
1091	16.07.2025 16:16:10,000	10,30	2,93	42,0	-2,1	45,8	0	-3,0
1092	16.07.2025 16:16:11,000	10,27	2,95	36,7	-4,9	48,3	0	-6,7
1093	16.07.2025 16:16:12,000	10,27	2,97	45,7	2,7	41,6	0	4,1
1094	16.07.2025 16:16:13,000	10,24	2,97	40,1	-1,3	48,5	0	-1,8
1095	16.07.2025 16:16:14,000	10,24	2,99	36,1	-3,9	49,9	0	-5,2
1096	16.07.2025 16:16:15,000	10,14	3,03	34,9	-3,0	52,1	0	-3,9
1097	16.07.2025 16:16:16,000	10,04	3,00	36,5	-3,1	50,4	0	-4,0
1098	16.07.2025 16:16:17,000	10,01	3,02	36,5	-1,5	52,0	0	-1,9
1099	16.07.2025 16:16:18,000	10,01	3,02	35,2	-2,0	52,8	0	-2,5
1100	16.07.2025 16:16:19,000	9,97	3,06	34,0	-4,8	51,2	0	-6,2
1101	16.07.2025 16:16:20,000	9,84	3,19	33,9	-3,5	52,6	0	-4,4
1102	16.07.2025 16:16:21,000	9,58	3,21	33,2	-4,5	52,3	0	-5,7
1103	16.07.2025 16:16:22,000	9,28	3,26	33,0	-2,6	54,4	0	-3,3
1104	16.07.2025 16:16:23,000	9,01	3,26	34,6	0,2	55,2	0	0,2
1105	16.07.2025 16:16:24,000	8,88	3,27	33,5	-1,8	54,7	0	-2,2
1106	16.07.2025 16:16:25,000	8,78	3,24	33,6	-1,1	55,4	0	-1,3
1107	16.07.2025 16:16:26,000	8,71	3,28	34,5	-0,7	54,8	0	-0,9
1108	16.07.2025 16:16:27,000	8,57	3,27	31,4	-3,1	55,5	0	-3,8
1109	16.07.2025 16:16:28,000	8,47	3,31	34,5	-0,8	54,7	0	-1,0
1110	16.07.2025 16:16:29,000	8,34	3,32	34,3	-2,8	52,8	0	-3,6
1111	16.07.2025 16:16:30,000	8,23	3,36	29,8	-4,0	56,1	0	-4,9
1112	16.07.2025 16:16:31,000	8,10	3,35	33,2	-4,3	52,6	0	-5,4
1113	16.07.2025 16:16:32,000	8,06	3,32	38,0	1,2	50,8	0	1,6
1114	16.07.2025 16:16:33,000	8,00	3,38	39,7	1,9	48,4	0	2,6
1115	16.07.2025 16:16:34,000	7,96	3,36	35,2	2,1	52,7	0	2,7
1116	16.07.2025 16:16:35,000	7,93	3,38	30,0	-3,6	56,4	0	-4,3
1117	16.07.2025 16:16:36,000	7,83	3,39	31,4	-3,6	55,1	0	-4,4
1118	16.07.2025 16:16:37,000	7,76	3,41	35,0	-1,2	53,8	0	-1,5
1119	16.07.2025 16:16:38,000	7,65	3,43	31,1	-3,6	55,3	0	-4,4
1120	16.07.2025 16:16:39,000	7,58	3,44	29,9	-4,8	55,3	0	-6,0
1121	16.07.2025 16:16:40,000	7,55	3,46	35,0	-1,2	53,9	0	-1,4
1122	16.07.2025 16:16:41,000	7,45	3,48	38,3	1,9	49,8	0	2,5
1123	16.07.2025 16:16:42,000	7,38	3,47	33,6	-2,1	54,4	0	-2,5
1124	16.07.2025 16:16:43,000	7,31	3,49	31,4	-2,7	56,0	0	-3,3
1125	16.07.2025 16:16:44,000	7,27	3,53	33,8	-2,2	53,9	0	-2,8
1126	16.07.2025 16:16:45,000	7,17	3,55	33,4	-2,5	54,1	0	-3,1
1127	16.07.2025 16:16:46,000	7,14	3,57	39,8	3,1	47,1	0	4,3
1128	16.07.2025 16:16:47,000	7,07	3,58	37,9	-2,0	50,1	0	-2,7
1129	16.07.2025 16:16:48,000	7,07	3,61	38,5	2,5	48,9	0	3,4
1130	16.07.2025 16:16:49,000	7,03	3,63	37,4	0,4	52,2	0	0,5
1131	16.07.2025 16:16:50,000	7,00	3,62	34,5	-3,2	52,3	0	-4,1
1132	16.07.2025 16:16:51,000	6,96	3,64	39,8	-1,2	49,1	0	-1,5
1133	16.07.2025 16:16:52,000	6,96	3,64	36,9	-7,1	46,1	0	-9,9
1134	16.07.2025 16:16:53,000	6,96	3,66	44,1	-1,0	44,9	0	-1,5
1135	16.07.2025 16:16:54,000	6,96	3,66	40,2	-1,7	48,1	0	-2,3
1136	16.07.2025 16:16:55,000	6,96	3,69	34,0	-4,3	51,7	0	-5,5
1137	16.07.2025 16:16:56,000	6,96	3,71	38,3	-2,0	49,7	0	-2,6
1138	16.07.2025 16:16:57,000	7,00	3,73	39,0	-3,8	47,2	0	-5,2
1139	16.07.2025 16:16:58,000	7,00	3,73	37,9	-2,9	49,2	0	-3,9
1140	16.07.2025 16:16:59,000	7,00	3,80	39,4	-1,9	48,7	0	-2,5
1141	16.07.2025 16:17:00,000	7,00	3,80	37,7	-3,1	49,2	0	-4,1
1142	16.07.2025 16:17:01,000	7,00	3,80	39,5	-2,6	47,9	0	-3,5
1143	16.07.2025 16:17:02,000	7,00	3,80	33,8	-4,5	51,6	0	-5,8
1144	16.07.2025 16:17:03,000	7,00	3,82	38,5	-2,2	49,3	0	-2,9
1145	16.07.2025 16:17:04,000	7,03	3,87	40,6	-1,0	48,4	0	-1,4
1146	16.07.2025 16:17:05,000	7,03	3,87	42,0	-2,7	45,4	0	-3,8
1147	16.07.2025 16:17:06,000	7,03	3,89	42,8	-0,6	46,6	0	-0,8
1148	16.07.2025 16:17:07,000	7,07	3,92	40,9	0,5	48,6	0	0,6
1149	16.07.2025 16:17:08,000	7,07	3,94	36,6	-3,8	49,7	0	-5,0
1150	16.07.2025 16:17:09,000	7,03	3,98	39,3	3,9	46,8	0	5,4
1151	16.07.2025 16:17:10,000	7,00	4,00	39,6	-2,5	47,9	0	-3,3
1152	16.07.2025 16:17:11,000	6,96	4,00	41,9	2,0	46,1	0	2,7
1153	16.07.2025 16:17:12,000	6,93	4,07	42,8	1,1	46,1	0	1,6
1154	16.07.2025 16:17:13,000	6,89	4,06	44,1	1,0	44,9	0	1,4
1155	16.07.2025 16:17:14,000	6,86	4,08	40,8	-0,1	49,1	0	-0,1
1156	16.07.2025 16:17:15,000	6,82	4,10	37,0	-2,1	50,9	0	-2,7
1157	16.07.2025 16:17:16,000	6,79	4,12	38,8	3,1	48,1	0	4,1
1158	16.07.2025 16:17:17,000	6,75	4,14	40,4	-1,9	47,7	0	-2,6
1159	16.07.2025 16:17:18,000	6,72	4,16	42,6	0,3	47,1	0	0,4
1160	16.07.2025 16:17:19,000	6,68	4,18	43,3	2,6	44,2	0	3,7
1161	16.07.2025 16:17:20,000	6,68	4,21	38,1	0,6	51,3	0	0,7
1162	16.07.2025 16:17:21,000	6,65	4,25	33,9	-2,3	53,8	0	-2,9
1163	16.07.2025 16:17:22,000	6,61	4,24	39,5	1,5	49,0	0	2,0
1164	16.07.2025 16:17:23,000	6,54	4,33	39,2	-1,0	49,9	0	-1,3
1165	16.07.2025 16:17:24,000	6,47	4,35	44,0	0,8	45,2	0	1,1
1166	16.07.2025 16:17:25,000	6,40	4,39	43,1	3,8	43,0	0	5,6
1167	16.07.2025 16:17:26,000	6,37	4,38	34,8	-1,2	54,0	0	-1,5
1168	16.07.2025 16:17:27,000	6,30	4,42	39,5	2,5	48,0	0	3,4
1169	16.07.2025 16:17:28,000	6,19	4,44	34,6	-3,8	51,7	0	-4,8
1170	16.07.2025 16:17:29,000	6,08	4,50	37,8	0,8	51,5	0	1,0
1171	16.07.2025 16:17:30,000	6,01	4,49	35,6	-4,4	50,0	0	-5,7
1172	16.07.2025 16:17:31,000	5,94	4,51	41,0	3,2	45,9	0	4,5
1173	16.07.2025 16:17:32,000	5,91	4,55	33,8	-3,2	52,9	0	-4,1
1174	16.07.2025 16:17:33,000	5,87	4,64	34,8	-2,2	53,0	0	-2,8
1175	16.07.2025 16:17:34,000	5,76	4,61	36,4	-1,6	51,9	0	-2,1
1176	16.07.2025 16:17:35,000	5,69	4,60	31,7	-5,1	53,2	0	-6,4
1177	16.07.2025 16:17:36,000	5,69	4,65	35,9	-1,0	53,2	0	-1,2
1178	16.07.2025 16:17:37,000	5,66	4,67	36,4	-5,5	48,0	0	-7,5
1179	16.07.2025 16:17:38,000	5,66	4,69	35,5	-4,6	49,9	0	-6,1
1180	16.07.2025 16:17:39,000	5,66	4,69	36,9	-2,6	50,4	0	-3,4
1181	16.07.2025 16:17:40,000	5,66	4,73	38,9	-2,6	48,5	0	-3,5
1182	16.07.2025 16:17:41,000	5,62	4,73	40,6	-1,2	48,2	0	-1,6
1183	16.07.2025 16:17:42,000	5,58	4,75	41,9	-1,6	46,5	0	-2,2
1184	16.07.2025 16:17:43,000	5,51	4,81	43,6	-4,5	41,8	0	-6,8
1185	16.07.2025 16:17:44,000	5,44	4,85	44,9	-3,7	41,3	0	-5,7
1186	16.07.2025 16:17:45,000	5,41	4,85	44,6	-3,1	42,4	0	-4,5
1187	16.07.2025 16:17:46,000	5,37	4,87	40,0	-0,3	49,8	0	-0,3
1188	16.07.2025 16:17:47,000	5,37	4,87	37,6	3,0	49,4	0	4,0
1189	16.07.2025 16:17:48,000	5,37	4,89	36,2	0,1	53,7	0	0,1
1190	16.07.2025 16:17:49,000	5,37	4,91	31,3	-5,7	53,0	0	-7,3
1191	16.07.2025 16:17:50,000	5,37	4,94	40,7	2,8	46,5	0	3,8
1192	16.07.2025 16:17:51,000	5,37	4,96	35,1	-2,7	52,2	0	-3,4
1193	16.07.2025 16:17:52,000	5,33	4,95	36,3	1,6	52,1	0	2,0
1194	16.07.2025 16:17:53,000	5,33	4,95	36,7	1,7	51,6	0	2,2
1195	16.07.2025 16:17:54,000	5,30	5,02	35,2	-1,2	53,6	0	-1,5
1196	16.07.2025 16:17:55,000	5,30	5,06	36,6	-0,2	53,2	0	-0,2
1197	16.07.2025 16:17:56,000	5,19	5,06	36,9	-0,5	52,6	0	-0,7
1198	16.07.2025 16:17:57,000	5,08	5,11	36,7	-0,1	53,1	0	-0,2
1199	16.07.2025 16:17:58,000	5,01	5,09	33,1	-1,7	55,2	0	-2,1
1200	16.07.2025 16:17:59,000	4,94	5,10	35,4	0,1	54,5	0	0,2
1201	16.07.2025 16:18:00,000	4,90	5,15	35,4	1,5	53,1	0	1,9
1202	16.07.2025 16:18:01,000	4,83	5,16	37,6	0,1	52,3	0	0,1
1203	16.07.2025 16:18:02,000	4,79	5,16	35,6	-0,2	54,2	0	-0,2
1204	16.07.2025 16:18:03,000	4,79	5,16	30,2	-1,1	58,7	0	-1,3
1205	16.07.2025 16:18:04,000	4,75	5,20	33,6	-0,3	56,0	0	-0,4
1206	16.07.2025 16:18:05,000	4,64	5,22	41,3	3,9	44,7	0	5,6
1207	16.07.2025 16:18:06,000	4,61	5,24	41,8	3,8	44,5	0	5,4
1208	16.07.2025 16:18:07,000	4,57	5,26	35,6	3,9	50,5	0	5,1
1209	16.07.2025 16:18:08,000	4,57	5,28	33,0	1,9	55,1	0	2,3
1210	16.07.2025 16:18:09,000	4,50	5,27	34,5	1,7	53,8	0	2,2
1211	16.07.2025 16:18:10,000	4,46	5,29	32,4	3,6	54,0	0	4,5
1212	16.07.2025 16:18:11,000	4,42	5,33	35,4	3,3	51,2	0	4,3
1213	16.07.2025 16:18:12,000	4,39	5,35	41,2	6,6	42,2	0	9,9
1214	16.07.2025 16:18:13,000	4,39	5,35	39,7	6,2	44,1	0	8,9
1215	16.07.2025 16:18:14,000	4,35	5,40	34,8	2,5	52,8	0	3,1
1216	16.07.2025 16:18:15,000	4,31	5,39	34,0	2,9	53,1	0	3,6
1217	16.07.2025 16:18:16,000	4,31	5,39	32,2	1,2	56,5	0	1,5
1218	16.07.2025 16:18:17,000	4,24	5,45	36,1	4,2	49,7	0	5,6
1219	16.07.2025 16:18:18,000	4,20	5,47	42,7	11,4	35,9	0	18,8
1220	16.07.2025 16:18:19,000	4,20	5,47	41,0	10,4	38,6	0	16,4
1221	16.07.2025 16:18:20,000	4,20	5,52	39,9	7,9	42,3	0	11,7
1222	16.07.2025 16:18:21,000	4,13	5,54	35,3	7,0	47,8	0	9,5
1223	16.07.2025 16:18:22,000	4,13	5,54	30,9	5,6	53,4	0	7,1
1224	16.07.2025 16:18:23,000	4,06	5,57	33,7	7,2	49,2	0	9,5
1225	16.07.2025 16:18:24,000	4,02	5,62	38,1	8,9	43,1	0	12,9
1226	16.07.2025 16:18:25,000	3,94	5,63	41,7	10,4	37,9	0	16,6
1227	16.07.2025 16:18:26,000	3,91	5,63	40,8	8,9	40,3	0	13,6
1228	16.07.2025 16:18:27,000	3,91	5,65	39,9	9,8	40,4	0	14,9
1229	16.07.2025 16:18:28,000	3,91	5,68	32,0	2,6	55,3	0	3,2
1230	16.07.2025 16:18:29,000	3,91	5,70	29,7	1,0	59,3	0	1,2
1231	16.07.2025 16:18:30,000	3,87	5,74	31,4	-1,2	57,4	0	-1,5
1232	16.07.2025 16:18:31,000	3,83	5,76	27,7	-3,5	58,8	0	-4,1
1233	16.07.2025 16:18:32,000	3,76	5,78	27,9	-3,8	58,3	0	-4,5
1234	16.07.2025 16:18:33,000	3,72	5,80	34,8	1,8	53,4	0	2,3
1235	16.07.2025 16:18:34,000	3,68	5,82	34,9	1,3	53,8	0	1,6
1236	16.07.2025 16:18:35,000	3,65	5,86	29,5	-4,2	56,3	0	-5,1
1237	16.07.2025 16:18:36,000	3,61	5,88	37,1	5,0	47,9	0	6,7
1238	16.07.2025 16:18:37,000	3,57	5,92	39,2	1,5	49,3	0	2,0
1239	16.07.2025 16:18:38,000	3,57	5,90	39,2	2,5	48,3	0	3,4
1240	16.07.2025 16:18:39,000	3,57	5,94	39,6	5,2	45,2	0	7,4
1241	16.07.2025 16:18:40,000	3,57	5,94	38,8	5,7	45,5	0	8,0
1242	16.07.2025 16:18:41,000	3,57	5,96	38,3	5,2	46,6	0	7,2
1243	16.07.2025 16:18:42,000	3,57	5,99	39,5	5,1	45,4	0	7,2
1244	16.07.2025 16:18:43,000	3,57	6,01	38,7	3,8	47,5	0	5,2
1245	16.07.2025 16:18:44,000	3,57	6,01	41,2	7,9	40,9	0	12,1
1246	16.07.2025 16:18:45,000	3,53	6,03	40,5	5,1	44,4	0	7,3
1247	16.07.2025 16:18:46,000	3,53	6,05	41,0	2,7	46,3	0	3,8
1248	16.07.2025 16:18:47,000	3,53	6,10	41,0	6,0	43,0	0	8,8
1249	16.07.2025 16:18:48,000	3,53	6,10	37,4	6,0	46,6	0	8,3
1250	16.07.2025 16:18:49,000	3,50	6,12	39,2	7,0	43,9	0	10,1
1251	16.07.2025 16:18:50,000	3,50	6,14	37,7	6,2	46,1	0	8,7
1252	16.07.2025 16:18:51,000	3,46	6,13	37,9	10,1	41,9	0	15,0
1253	16.07.2025 16:18:52,000	3,46	6,18	38,9	6,6	44,5	0	9,4
1254	16.07.2025 16:18:53,000	3,46	6,18	39,8	3,0	47,2	0	4,1
1255	16.07.2025 16:18:54,000	3,46	6,22	37,5	7,4	45,1	0	10,4
1256	16.07.2025 16:18:55,000	3,46	6,22	38,1	8,6	43,3	0	12,6
1257	16.07.2025 16:18:56,000	3,42	6,24	37,0	5,2	47,7	0	7,1
1258	16.07.2025 16:18:57,000	3,46	6,27	35,6	5,6	48,8	0	7,4
1259	16.07.2025 16:18:58,000	3,46	6,27	38,2	9,3	42,5	0	13,7
1260	16.07.2025 16:18:59,000	3,46	6,29	38,0	5,6	46,4	0	7,9
1261	16.07.2025 16:19:00,000	3,46	6,34	38,9	8,6	42,4	0	12,8
1262	16.07.2025 16:19:01,000	3,46	6,34	40,0	6,5	43,5	0	9,4
1263	16.07.2025 16:19:02,000	3,46	6,38	36,4	6,0	47,5	0	8,2
1264	16.07.2025 16:19:03,000	3,46	6,38	32,9	5,7	51,4	0	7,3
1265	16.07.2025 16:19:04,000	3,42	6,40	39,0	7,4	43,5	0	10,8
1266	16.07.2025 16:19:05,000	3,42	6,42	39,2	6,3	44,5	0	9,1
1267	16.07.2025 16:19:06,000	3,42	6,45	39,9	4,4	45,8	0	6,1
1268	16.07.2025 16:19:07,000	3,42	6,47	38,8	5,8	45,3	0	8,3
1269	16.07.2025 16:19:08,000	3,42	6,49	39,0	6,9	44,1	0	9,9
1270	16.07.2025 16:19:09,000	3,42	6,51	40,0	5,3	44,6	0	7,6
1271	16.07.2025 16:19:10,000	3,42	6,51	38,9	7,4	43,7	0	10,7
1272	16.07.2025 16:19:11,000	3,42	6,54	38,4	7,4	44,2	0	10,6
1273	16.07.2025 16:19:12,000	3,42	6,58	38,2	6,5	45,3	0	9,1
1274	16.07.2025 16:19:13,000	3,31	6,62	41,2	2,7	46,1	0	3,7
1275	16.07.2025 16:19:14,000	3,23	6,66	40,9	3,9	45,2	0	5,6
1276	16.07.2025 16:19:15,000	3,20	6,65	34,6	5,2	50,1	0	6,9
1277	16.07.2025 16:19:16,000	3,20	6,68	33,4	4,0	52,6	0	5,1
1278	16.07.2025 16:19:17,000	3,20	6,70	34,5	2,2	53,3	0	2,8
1279	16.07.2025 16:19:18,000	3,20	6,72	34,3	2,1	53,6	0	2,7
1280	16.07.2025 16:19:19,000	3,12	6,76	39,1	5,5	45,4	0	7,8
1281	16.07.2025 16:19:20,000	3,04	6,78	41,2	0,6	48,2	0	0,8
1282	16.07.2025 16:19:21,000	3,04	6,78	35,2	4,2	50,6	0	5,5
1283	16.07.2025 16:19:22,000	3,01	6,82	30,5	4,4	55,1	0	5,4
1284	16.07.2025 16:19:23,000	2,97	6,84	31,8	3,2	55,0	0	3,9
1285	16.07.2025 16:19:24,000	2,89	6,85	35,2	4,1	50,7	0	5,3
1286	16.07.2025 16:19:25,000	2,85	6,87	41,1	6,1	42,8	0	9,1
1287	16.07.2025 16:19:26,000	2,78	6,89	38,6	0,1	51,3	0	0,2
1288	16.07.2025 16:19:27,000	2,78	6,91	35,7	6,0	48,2	0	8,2
1289	16.07.2025 16:19:28,000	2,78	6,94	32,7	3,1	54,2	0	3,9
1290	16.07.2025 16:19:29,000	2,74	6,93	31,5	3,4	55,0	0	4,2
1291	16.07.2025 16:19:30,000	2,70	7,00	34,5	5,5	50,1	0	7,2
1292	16.07.2025 16:19:31,000	2,66	7,02	41,7	7,9	40,4	0	12,1
1293	16.07.2025 16:19:32,000	2,59	7,03	41,8	4,1	44,1	0	5,9
1294	16.07.2025 16:19:33,000	2,59	7,06	33,9	4,8	51,4	0	6,2
1295	16.07.2025 16:19:34,000	2,59	7,08	31,7	4,4	53,9	0	5,5
1296	16.07.2025 16:19:35,000	2,59	7,12	34,7	5,3	50,1	0	6,9
1297	16.07.2025 16:19:36,000	2,55	7,10	35,6	5,2	49,2	0	6,9
1298	16.07.2025 16:19:37,000	2,51	7,12	38,2	7,0	44,8	0	9,9
1299	16.07.2025 16:19:38,000	2,51	7,16	39,4	6,1	44,4	0	8,8
1300	16.07.2025 16:19:39,000	2,47	7,18	41,1	10,0	38,9	0	15,6
1301	16.07.2025 16:19:40,000	2,47	7,20	39,1	9,3	41,6	0	13,9
1302	16.07.2025 16:19:41,000	2,47	7,23	35,5	4,9	49,5	0	6,6
1303	16.07.2025 16:19:42,000	2,43	7,27	38,7	8,8	42,5	0	13,0
1304	16.07.2025 16:19:43,000	2,40	7,29	40,8	12,5	36,7	0	20,1
1305	16.07.2025 16:19:44,000	2,36	7,31	41,2	8,7	40,1	0	13,4
1306	16.07.2025 16:19:45,000	2,36	7,33	42,1	9,3	38,6	0	14,8
1307	16.07.2025 16:19:46,000	2,36	7,35	41,4	12,7	35,9	0	20,8
1308	16.07.2025 16:19:47,000	2,36	7,37	35,4	8,5	46,1	0	11,8
1309	16.07.2025 16:19:48,000	2,32	7,39	40,3	13,0	36,7	0	20,9
1310	16.07.2025 16:19:49,000	2,24	7,43	41,8	13,1	35,2	0	21,7
1311	16.07.2025 16:19:50,000	2,24	7,43	43,7	14,5	31,8	0	25,7
1312	16.07.2025 16:19:51,000	2,20	7,45	46,5	15,9	27,6	0	30,7
1313	16.07.2025 16:19:52,000	2,20	7,48	47,3	15,7	27,0	0	31,0
1314	16.07.2025 16:19:53,000	2,24	7,50	47,5	13,9	28,5	0	26,9
1315	16.07.2025 16:19:54,000	2,24	7,52	47,5	13,8	28,7	0	26,6
1316	16.07.2025 16:19:55,000	2,24	7,55	47,2	14,1	28,7	0	27,0
1317	16.07.2025 16:19:56,000	2,24	7,57	49,3	12,9	27,9	0	25,7
1318	16.07.2025 16:19:57,000	2,28	7,59	50,1	12,7	27,2	0	25,8
1319	16.07.2025 16:19:58,000	2,28	7,62	52,6	11,3	26,1	0	24,2
1320	16.07.2025 16:19:59,000	2,24	7,64	52,7	11,9	25,4	0	25,8
1321	16.07.2025 16:20:00,000	2,24	7,68	49,2	12,7	28,1	0	25,3
1322	16.07.2025 16:20:01,000	2,24	7,68	47,5	13,2	29,3	0	25,3
1323	16.07.2025 16:20:02,000	2,24	7,73	46,0	14,3	29,6	0	26,9
1324	16.07.2025 16:20:03,000	2,24	7,77	50,0	13,6	26,3	0	28,1
1325	16.07.2025 16:20:04,000	2,24	7,77	52,7	12,1	25,2	0	26,3
1326	16.07.2025 16:20:05,000	2,24	7,82	51,6	13,0	25,4	0	27,9
1327	16.07.2025 16:20:06,000	2,24	7,84	52,7	13,3	24,0	0	29,7
1328	16.07.2025 16:20:07,000	2,24	7,86	52,1	13,4	24,5	0	29,2
1329	16.07.2025 16:20:08,000	2,24	7,86	52,9	14,2	22,9	0	32,4
1330	16.07.2025 16:20:09,000	2,24	7,91	50,6	15,7	23,7	0	34,0
1331	16.07.2025 16:20:10,000	2,28	7,91	55,6	13,5	21,0	0	33,1
1332	16.07.2025 16:20:11,000	2,28	7,95	61,7	12,5	15,8	0	33,1
1333	16.07.2025 16:20:12,000	2,28	7,98	61,2	13,9	15,0	0	33,1
1334	16.07.2025 16:20:13,000	2,32	8,00	58,9	14,9	16,2	0	33,1
1335	16.07.2025 16:20:14,000	2,28	8,02	57,2	14,8	18,0	0	39,7
1336	16.07.2025 16:20:15,000	2,28	8,04	57,3	14,4	18,3	0	38,3
1337	16.07.2025 16:20:16,000	2,28	8,11	53,0	12,9	24,1	0	28,7
1338	16.07.2025 16:20:17,000	2,24	8,11	51,7	10,6	27,7	0	21,7
1339	16.07.2025 16:20:18,000	2,24	8,15	52,3	8,2	29,5	0	16,3
1340	16.07.2025 16:20:19,000	2,24	8,17	47,6	7,8	34,5	0	13,7
1341	16.07.2025 16:20:20,000	2,24	8,20	45,4	7,7	36,9	0	12,8
1342	16.07.2025 16:20:21,000	2,24	8,20	42,5	6,8	40,7	0	10,4
1343	16.07.2025 16:20:22,000	2,24	8,26	41,1	6,1	42,8	0	9,1
1344	16.07.2025 16:20:23,000	2,24	8,29	41,5	6,3	42,2	0	9,5
1345	16.07.2025 16:20:24,000	2,24	8,33	42,6	3,1	44,3	0	4,5
1346	16.07.2025 16:20:25,000	2,24	8,33	41,6	3,9	44,4	0	5,6
1347	16.07.2025 16:20:26,000	2,24	8,35	39,3	0,0	50,7	0	0,0
1348	16.07.2025 16:20:27,000	2,24	8,40	34,5	-2,0	53,6	0	-2,4
1349	16.07.2025 16:20:28,000	2,24	8,44	34,3	4,3	51,4	0	5,6
1350	16.07.2025 16:20:29,000	2,20	8,46	30,3	-3,6	56,1	0	-4,4
1351	16.07.2025 16:20:30,000	2,20	8,49	38,6	4,5	46,9	0	6,1
1352	16.07.2025 16:20:31,000	2,24	8,51	36,9	-1,9	51,2	0	-2,5
1353	16.07.2025 16:20:32,000	2,24	8,53	32,3	-2,8	54,9	0	-3,4
1354	16.07.2025 16:20:33,000	2,24	8,56	32,4	-1,4	56,2	0	-1,7
1355	16.07.2025 16:20:34,000	2,24	8,58	36,2	5,0	48,8	0	6,6
1356	16.07.2025 16:20:35,000	2,24	8,60	34,0	-2,5	53,5	0	-3,1
1357	16.07.2025 16:20:36,000	2,24	8,62	39,4	4,9	45,7	0	6,9
1358	16.07.2025 16:20:37,000	2,24	8,65	36,0	-2,8	51,1	0	-3,7
1359	16.07.2025 16:20:38,000	2,20	8,69	38,1	1,8	50,1	0	2,3
1360	16.07.2025 16:20:39,000	2,20	8,71	35,1	0,9	54,0	0	1,1
1361	16.07.2025 16:20:40,000	2,20	8,71	32,7	0,3	56,9	0	0,4
1362	16.07.2025 16:20:41,000	2,20	8,76	36,5	-0,1	53,4	0	-0,2
1363	16.07.2025 16:20:42,000	2,20	8,78	37,8	1,4	50,8	0	1,8
1364	16.07.2025 16:20:43,000	2,20	8,80	34,0	0,4	55,6	0	0,4
1365	16.07.2025 16:20:44,000	2,20	8,82	31,5	-1,4	57,0	0	-1,7
1366	16.07.2025 16:20:45,000	2,20	8,87	41,4	4,2	44,4	0	6,1
1367	16.07.2025 16:20:46,000	2,13	8,88	39,5	2,2	48,3	0	2,9
1368	16.07.2025 16:20:47,000	2,09	8,90	37,9	1,6	50,5	0	2,1
1369	16.07.2025 16:20:48,000	2,09	8,95	36,1	0,1	53,8	0	0,1
1370	16.07.2025 16:20:49,000	2,09	8,97	35,8	2,7	51,6	0	3,4
1371	16.07.2025 16:20:50,000	2,09	8,99	35,0	-0,1	54,8	0	-0,1
1372	16.07.2025 16:20:51,000	2,09	9,02	40,4	5,3	44,2	0	7,7
1373	16.07.2025 16:20:52,000	2,05	9,04	42,6	3,7	43,6	0	5,4
1374	16.07.2025 16:20:53,000	2,05	9,06	40,4	3,0	46,7	0	4,1
1375	16.07.2025 16:20:54,000	2,05	9,08	32,9	1,0	56,1	0	1,2
1376	16.07.2025 16:20:55,000	2,05	9,10	32,5	1,4	56,2	0	1,7
1377	16.07.2025 16:20:56,000	2,01	9,12	38,1	6,9	45,1	0	9,7
1378	16.07.2025 16:20:57,000	2,01	9,17	38,4	4,8	46,8	0	6,6
1379	16.07.2025 16:20:58,000	1,97	9,21	39,7	3,6	46,7	0	5,0
1380	16.07.2025 16:20:59,000	1,93	9,21	41,3	5,8	42,9	0	8,6
1381	16.07.2025 16:21:00,000	1,93	9,23	37,8	5,9	46,3	0	8,2
1382	16.07.2025 16:21:01,000	1,93	9,27	34,5	4,7	50,8	0	6,1
1383	16.07.2025 16:21:02,000	1,89	9,27	36,0	7,2	46,8	0	9,9
1384	16.07.2025 16:21:03,000	1,89	9,32	35,7	6,7	47,5	0	9,2
1385	16.07.2025 16:21:04,000	1,85	9,34	39,5	4,5	46,0	0	6,3
1386	16.07.2025 16:21:05,000	1,85	9,36	43,2	7,2	39,6	0	11,3
1387	16.07.2025 16:21:06,000	1,85	9,40	41,9	9,0	39,1	0	14,2
1388	16.07.2025 16:21:07,000	1,85	9,40	37,0	6,7	46,3	0	9,4
1389	16.07.2025 16:21:08,000	1,81	9,42	35,8	5,2	49,0	0	6,9
1390	16.07.2025 16:21:09,000	1,81	9,44	30,9	4,4	54,6	0	5,5
1391	16.07.2025 16:21:10,000	1,81	9,47	33,6	3,6	52,9	0	4,5
1392	16.07.2025 16:21:11,000	1,81	9,51	41,1	8,1	40,9	0	12,3
1393	16.07.2025 16:21:12,000	1,81	9,53	38,9	9,8	41,3	0	14,7
1394	16.07.2025 16:21:13,000	1,81	9,56	35,7	4,9	49,4	0	6,5
1395	16.07.2025 16:21:14,000	1,81	9,58	33,9	5,7	50,4	0	7,5
1396	16.07.2025 16:21:15,000	1,81	9,60	37,4	11,3	41,3	0	16,8
1397	16.07.2025 16:21:16,000	1,85	9,63	35,2	6,4	48,4	0	8,7
1398	16.07.2025 16:21:17,000	1,85	9,65	40,7	11,0	38,4	0	17,3
1399	16.07.2025 16:21:18,000	1,85	9,67	40,5	8,6	41,0	0	13,0
1400	16.07.2025 16:21:19,000	1,85	9,70	37,5	7,8	44,7	0	11,1
1401	16.07.2025 16:21:20,000	1,85	9,74	38,2	9,4	42,4	0	13,8
1402	16.07.2025 16:21:21,000	1,85	9,74	38,3	9,5	42,2	0	14,1
1403	16.07.2025 16:21:22,000	1,85	9,79	32,8	4,6	52,6	0	5,9
1404	16.07.2025 16:21:23,000	1,85	9,81	30,6	3,2	56,2	0	3,9
1405	16.07.2025 16:21:24,000	1,85	9,83	32,8	2,3	54,9	0	2,8
1406	16.07.2025 16:21:25,000	1,85	9,87	37,4	8,4	44,1	0	12,1
1407	16.07.2025 16:21:26,000	1,85	9,90	36,2	5,3	48,5	0	7,2
1408	16.07.2025 16:21:27,000	1,85	9,90	32,0	0,4	57,6	0	0,5
1409	16.07.2025 16:21:28,000	1,81	9,94	29,2	-0,1	60,8	0	-0,1
1410	16.07.2025 16:21:29,000	1,81	9,96	30,2	1,1	58,7	0	1,3
1411	16.07.2025 16:21:30,000	1,81	10,01	30,6	0,7	58,7	0	0,8
1412	16.07.2025 16:21:31,000	1,78	10,03	32,5	0,3	57,2	0	0,4
1413	16.07.2025 16:21:32,000	1,78	10,07	38,2	7,9	43,9	0	11,3
1414	16.07.2025 16:21:33,000	1,78	10,07	31,0	0,0	59,0	0	0,0
1415	16.07.2025 16:21:34,000	1,78	10,12	31,3	0,3	58,4	0	0,3
1416	16.07.2025 16:21:35,000	1,78	10,12	34,5	2,8	52,7	0	3,6
1417	16.07.2025 16:21:36,000	1,78	10,14	36,3	6,9	46,7	0	9,6
1418	16.07.2025 16:21:37,000	1,78	10,16	30,3	1,5	58,1	0	1,8
1419	16.07.2025 16:21:38,000	1,78	10,21	31,1	2,4	56,5	0	2,8
1420	16.07.2025 16:21:39,000	1,78	10,23	36,1	5,8	48,1	0	7,9
1421	16.07.2025 16:21:40,000	1,78	10,25	37,8	7,3	44,9	0	10,4
1422	16.07.2025 16:21:41,000	1,78	10,27	31,1	2,4	56,4	0	2,9
1423	16.07.2025 16:21:42,000	1,78	10,30	31,8	3,5	54,7	0	4,3
1424	16.07.2025 16:21:43,000	1,78	10,32	33,7	5,2	51,1	0	6,7
1425	16.07.2025 16:21:44,000	1,78	10,34	35,8	9,5	44,7	0	13,4
1426	16.07.2025 16:21:45,000	1,78	10,39	35,1	7,3	47,5	0	10,0
1427	16.07.2025 16:21:46,000	1,78	10,41	31,2	6,1	52,7	0	7,8
1428	16.07.2025 16:21:47,000	1,78	10,43	31,9	7,3	50,7	0	9,6
1429	16.07.2025 16:21:48,000	1,78	10,45	30,9	4,2	54,9	0	5,2
1430	16.07.2025 16:21:49,000	1,78	10,48	34,0	7,8	48,2	0	10,5
1431	16.07.2025 16:21:50,000	1,78	10,50	30,5	3,8	55,7	0	4,6
1432	16.07.2025 16:21:51,000	1,78	10,52	31,8	4,6	53,5	0	5,8
1433	16.07.2025 16:21:52,000	1,78	10,57	32,3	4,9	52,8	0	6,2
1434	16.07.2025 16:21:53,000	1,78	10,59	33,3	5,9	50,8	0	7,7
1435	16.07.2025 16:21:54,000	1,78	10,61	29,3	4,1	56,6	0	5,0
1436	16.07.2025 16:21:55,000	1,78	10,66	28,9	2,9	58,2	0	3,4
1437	16.07.2025 16:21:56,000	1,78	10,66	31,7	2,1	56,2	0	2,6
1438	16.07.2025 16:21:57,000	1,78	10,68	30,5	5,3	54,2	0	6,6
1439	16.07.2025 16:21:58,000	1,78	10,70	28,5	3,3	58,2	0	3,9
1440	16.07.2025 16:21:59,000	1,78	10,75	29,0	2,6	58,4	0	3,0
1441	16.07.2025 16:22:00,000	1,78	10,77	26,5	1,4	62,1	0	1,6
1442	16.07.2025 16:22:01,000	1,78	10,77	28,0	2,1	59,9	0	2,4
1443	16.07.2025 16:22:02,000	1,74	10,81	29,0	1,7	59,4	0	1,9
1444	16.07.2025 16:22:03,000	1,74	10,83	28,8	2,3	58,9	0	2,8
1445	16.07.2025 16:22:04,000	1,74	10,85	26,8	2,0	61,2	0	2,3
1446	16.07.2025 16:22:05,000	1,74	10,88	27,6	1,2	61,3	0	1,3
1447	16.07.2025 16:22:06,000	1,74	10,90	28,3	3,1	58,6	0	3,7
1448	16.07.2025 16:22:07,000	1,74	10,94	30,1	1,6	58,3	0	1,8
1449	16.07.2025 16:22:08,000	1,70	10,96	28,0	2,1	59,9	0	2,5
1450	16.07.2025 16:22:09,000	1,70	10,99	27,5	2,9	59,6	0	3,4
1451	16.07.2025 16:22:10,000	1,70	10,99	26,8	0,4	62,9	0	0,4
1452	16.07.2025 16:22:11,000	1,70	11,03	27,3	-0,7	61,9	0	-0,8
1453	16.07.2025 16:22:12,000	1,70	11,05	28,2	-0,7	61,1	0	-0,8
1454	16.07.2025 16:22:13,000	1,70	11,08	22,9	-2,5	64,6	0	-2,8
1455	16.07.2025 16:22:14,000	1,70	11,12	28,8	-2,0	59,2	0	-2,3
1456	16.07.2025 16:22:15,000	1,70	11,14	32,5	2,6	54,9	0	3,2
1457	16.07.2025 16:22:16,000	1,74	11,17	27,8	-1,9	60,3	0	-2,2
1458	16.07.2025 16:22:17,000	1,74	11,19	32,6	0,4	56,9	0	0,5
1459	16.07.2025 16:22:18,000	1,74	11,21	30,2	-1,3	58,5	0	-1,5
1460	16.07.2025 16:22:19,000	1,74	11,21	29,9	-1,2	58,8	0	-1,5
1461	16.07.2025 16:22:20,000	1,74	11,26	34,2	3,6	52,3	0	4,6
1462	16.07.2025 16:22:21,000	1,78	11,28	29,3	-1,4	59,4	0	-1,6
1463	16.07.2025 16:22:22,000	1,78	11,31	28,9	-2,9	58,3	0	-3,4
1464	16.07.2025 16:22:23,000	1,78	11,31	34,9	3,6	51,5	0	4,6
1465	16.07.2025 16:22:24,000	1,78	11,35	30,4	-2,0	57,6	0	-2,4
1466	16.07.2025 16:22:25,000	1,78	11,35	35,0	2,2	52,8	0	2,8
1467	16.07.2025 16:22:26,000	1,78	11,35	35,0	3,6	51,4	0	4,6
1468	16.07.2025 16:22:27,000	1,78	11,40	35,0	9,0	46,1	0	12,5
1469	16.07.2025 16:22:28,000	1,81	11,40	33,6	0,3	56,1	0	0,4
1470	16.07.2025 16:22:29,000	1,81	11,42	35,0	6,1	48,9	0	8,1
1471	16.07.2025 16:22:30,000	1,81	11,47	37,2	6,1	46,6	0	8,5
1472	16.07.2025 16:22:31,000	1,81	11,47	37,3	7,7	45,0	0	10,9
1473	16.07.2025 16:22:32,000	1,81	11,49	36,5	5,5	48,0	0	7,4
1474	16.07.2025 16:22:33,000	1,81	11,51	34,7	2,8	52,5	0	3,6
1475	16.07.2025 16:22:34,000	1,85	11,54	32,6	4,4	52,9	0	5,6
1476	16.07.2025 16:22:35,000	1,85	11,56	36,9	8,5	44,5	0	12,2
1477	16.07.2025 16:22:36,000	1,85	11,58	34,3	4,6	51,1	0	6,0
1478	16.07.2025 16:22:37,000	1,85	11,58	32,8	4,1	53,1	0	5,2
1479	16.07.2025 16:22:38,000	1,85	11,61	34,4	2,2	53,5	0	2,7
1480	16.07.2025 16:22:39,000	1,89	11,61	32,3	3,4	54,3	0	4,2
1481	16.07.2025 16:22:40,000	1,89	11,63	30,3	3,5	56,2	0	4,2
1482	16.07.2025 16:22:41,000	1,89	11,65	32,4	2,6	55,0	0	3,2
1483	16.07.2025 16:22:42,000	1,93	11,68	31,5	1,8	56,7	0	2,1
1484	16.07.2025 16:22:43,000	1,93	11,68	32,0	5,3	52,7	0	6,7
1485	16.07.2025 16:22:44,000	1,93	11,70	31,6	3,4	55,0	0	4,2
1486	16.07.2025 16:22:45,000	1,97	11,73	33,0	1,7	55,3	0	2,1
1487	16.07.2025 16:22:46,000	1,97	11,75	32,0	2,7	55,3	0	3,3
1488	16.07.2025 16:22:47,000	1,97	11,75	28,0	4,3	57,7	0	5,1
1489	16.07.2025 16:22:48,000	1,97	11,77	28,8	3,3	57,9	0	4,0
1490	16.07.2025 16:22:49,000	2,01	11,80	31,6	3,9	54,6	0	4,8
1491	16.07.2025 16:22:50,000	2,01	11,82	30,7	2,7	56,6	0	3,3
1492	16.07.2025 16:22:51,000	2,01	11,84	31,5	4,2	54,2	0	5,3
1493	16.07.2025 16:22:52,000	2,05	11,85	30,6	4,7	54,7	0	5,8
1494	16.07.2025 16:22:53,000	2,05	11,85	30,6	3,1	56,3	0	3,7
1495	16.07.2025 16:22:54,000	2,05	11,87	29,8	4,8	55,4	0	5,9
1496	16.07.2025 16:22:55,000	2,09	11,89	30,1	6,5	53,5	0	8,2
1497	16.07.2025 16:22:56,000	2,09	11,92	31,2	4,5	54,2	0	5,6
1498	16.07.2025 16:22:57,000	2,09	11,92	32,7	7,0	50,3	0	9,1
1499	16.07.2025 16:22:58,000	2,13	11,96	31,3	5,4	53,3	0	6,8
1500	16.07.2025 16:22:59,000	2,13	11,99	30,9	5,4	53,6	0	6,8
1501	16.07.2025 16:23:00,000	2,13	11,99	29,9	6,3	53,8	0	7,9
1502	16.07.2025 16:23:01,000	2,16	12,01	31,0	5,2	53,8	0	6,5
1503	16.07.2025 16:23:02,000	2,16	12,03	30,2	3,6	56,2	0	4,4
1504	16.07.2025 16:23:03,000	2,16	12,06	30,6	4,2	55,2	0	5,1
1505	16.07.2025 16:23:04,000	2,16	12,08	30,9	4,2	55,0	0	5,2
1506	16.07.2025 16:23:05,000	2,20	12,08	30,7	4,4	54,9	0	5,4
1507	16.07.2025 16:23:06,000	2,20	12,10	30,4	6,5	53,2	0	8,2
1508	16.07.2025 16:23:07,000	2,20	12,13	30,7	5,2	54,1	0	6,5
1509	16.07.2025 16:23:08,000	2,20	12,15	31,3	5,8	53,0	0	7,3
1510	16.07.2025 16:23:09,000	2,24	12,15	30,1	3,8	56,1	0	4,6
1511	16.07.2025 16:23:10,000	2,24	12,18	32,9	6,1	50,9	0	8,0
1512	16.07.2025 16:23:11,000	2,24	12,20	32,3	5,7	52,0	0	7,3
1513	16.07.2025 16:23:12,000	2,24	12,22	31,0	4,2	54,9	0	5,2
1514	16.07.2025 16:23:13,000	2,24	12,24	32,4	4,2	53,5	0	5,3
1515	16.07.2025 16:23:14,000	2,28	12,29	29,1	2,0	58,8	0	2,4
1516	16.07.2025 16:23:15,000	2,28	12,29	29,5	5,8	54,6	0	7,3
1517	16.07.2025 16:23:16,000	2,28	12,34	29,7	5,9	54,4	0	7,3
1518	16.07.2025 16:23:17,000	2,28	12,34	29,6	1,1	59,3	0	1,2
1519	16.07.2025 16:23:18,000	2,32	12,38	30,6	-0,6	58,8	0	-0,7
1520	16.07.2025 16:23:19,000	2,32	12,38	28,5	-0,9	60,6	0	-1,1
1521	16.07.2025 16:23:20,000	2,32	12,41	28,9	2,2	58,9	0	2,6
1522	16.07.2025 16:23:21,000	2,32	12,43	29,5	1,2	59,2	0	1,4
1523	16.07.2025 16:23:22,000	2,36	12,48	29,1	-0,1	60,9	0	-0,1
1524	16.07.2025 16:23:23,000	2,36	12,48	28,2	-2,5	59,3	0	-2,9
1525	16.07.2025 16:23:24,000	2,36	12,50	32,9	-0,2	56,9	0	-0,2
1526	16.07.2025 16:23:25,000	2,36	12,52	31,6	-0,6	57,7	0	-0,7
1527	16.07.2025 16:23:26,000	2,36	12,54	33,0	1,2	55,8	0	1,4
1528	16.07.2025 16:23:27,000	2,40	12,57	30,9	1,2	57,9	0	1,5
1529	16.07.2025 16:23:28,000	2,40	12,59	28,4	2,0	59,6	0	2,3
1530	16.07.2025 16:23:29,000	2,40	12,61	29,7	0,5	59,8	0	0,6
1531	16.07.2025 16:23:30,000	2,40	12,61	32,2	-0,1	57,7	0	-0,1
1532	16.07.2025 16:23:31,000	2,40	12,66	33,1	1,9	55,0	0	2,3
1533	16.07.2025 16:23:32,000	2,40	12,66	31,2	2,1	56,7	0	2,5
1534	16.07.2025 16:23:33,000	2,43	12,68	30,2	0,7	59,2	0	0,8
1535	16.07.2025 16:23:34,000	2,43	12,71	28,9	1,5	59,6	0	1,7
1536	16.07.2025 16:23:35,000	2,43	12,73	30,6	3,1	56,3	0	3,7
1537	16.07.2025 16:23:36,000	2,43	12,75	31,0	2,3	56,7	0	2,8
1538	16.07.2025 16:23:37,000	2,43	12,77	31,3	2,1	56,5	0	2,6
1539	16.07.2025 16:23:38,000	2,43	12,80	33,8	2,8	53,4	0	3,5
1540	16.07.2025 16:23:39,000	2,43	12,80	32,8	4,0	53,1	0	5,1
1541	16.07.2025 16:23:40,000	2,47	12,82	29,8	2,8	57,4	0	3,4
1542	16.07.2025 16:23:41,000	2,47	12,85	27,9	1,1	61,0	0	1,3
1543	16.07.2025 16:23:42,000	2,47	12,87	30,4	1,3	58,3	0	1,6
1544	16.07.2025 16:23:43,000	2,47	12,91	30,8	2,0	57,2	0	2,5
1545	16.07.2025 16:23:44,000	2,47	12,91	29,3	-0,4	60,3	0	-0,4
1546	16.07.2025 16:23:45,000	2,51	12,94	31,0	-0,2	58,8	0	-0,3
1547	16.07.2025 16:23:46,000	2,51	12,96	30,7	2,0	57,3	0	2,4
1548	16.07.2025 16:23:47,000	2,51	13,01	29,4	0,7	59,9	0	0,8
1549	16.07.2025 16:23:48,000	2,51	13,03	29,9	1,6	58,5	0	1,9
1550	16.07.2025 16:23:49,000	2,51	13,03	28,6	0,7	60,7	0	0,8
1551	16.07.2025 16:23:50,000	2,55	13,05	29,6	-0,6	59,8	0	-0,7
1552	16.07.2025 16:23:51,000	2,55	13,10	30,8	-0,9	58,3	0	-1,1
1553	16.07.2025 16:23:52,000	2,55	13,10	29,7	0,1	60,3	0	0,1
1554	16.07.2025 16:23:53,000	2,55	13,14	28,2	-1,2	60,6	0	-1,4
1555	16.07.2025 16:23:54,000	2,59	13,15	30,0	-0,2	59,8	0	-0,3
1556	16.07.2025 16:23:55,000	2,59	13,17	27,7	1,5	60,8	0	1,7
1557	16.07.2025 16:23:56,000	2,59	13,19	30,2	4,3	55,5	0	5,3
1558	16.07.2025 16:23:57,000	2,63	13,22	31,2	0,1	58,7	0	0,1
1559	16.07.2025 16:23:58,000	2,63	13,22	30,0	1,0	59,0	0	1,2
1560	16.07.2025 16:23:59,000	2,63	13,26	29,7	-0,5	59,8	0	-0,6
1561	16.07.2025 16:24:00,000	2,63	13,28	30,4	1,9	57,7	0	2,2
1562	16.07.2025 16:24:01,000	2,63	13,31	29,6	4,9	55,5	0	6,0
1563	16.07.2025 16:24:02,000	2,66	13,33	28,3	0,1	61,5	0	0,1
1564	16.07.2025 16:24:03,000	2,66	13,35	30,5	3,0	56,5	0	3,6
1565	16.07.2025 16:24:04,000	2,66	13,38	28,6	3,6	57,8	0	4,3
1566	16.07.2025 16:24:05,000	2,66	13,40	31,1	3,3	55,6	0	4,0
1567	16.07.2025 16:24:06,000	2,66	13,42	32,1	3,6	54,3	0	4,5
1568	16.07.2025 16:24:07,000	2,70	13,45	29,5	3,4	57,1	0	4,0
1569	16.07.2025 16:24:08,000	2,70	13,47	29,8	3,0	57,2	0	3,6
1570	16.07.2025 16:24:09,000	2,70	13,49	29,3	5,5	55,2	0	6,8
1571	16.07.2025 16:24:10,000	2,70	13,51	31,1	4,8	54,1	0	6,0
1572	16.07.2025 16:24:11,000	2,70	13,51	30,3	2,4	57,3	0	2,9
1573	16.07.2025 16:24:12,000	2,74	13,56	30,0	1,8	58,2	0	2,2
1574	16.07.2025 16:24:13,000	2,74	13,56	28,2	0,4	61,4	0	0,5
1575	16.07.2025 16:24:14,000	2,74	13,61	24,4	-1,5	64,1	0	-1,6
1576	16.07.2025 16:24:15,000	2,78	13,61	25,7	-1,7	62,6	0	-2,0
1577	16.07.2025 16:24:16,000	2,78	13,63	26,4	-0,8	62,8	0	-1,0
1578	16.07.2025 16:24:17,000	2,82	13,66	28,3	-0,6	61,1	0	-0,7
1579	16.07.2025 16:24:18,000	2,82	13,70	27,0	-2,0	61,0	0	-2,3
1580	16.07.2025 16:24:19,000	2,82	13,70	28,5	0,4	61,1	0	0,5
1581	16.07.2025 16:24:20,000	2,85	13,73	25,2	-2,6	62,3	0	-2,9
1582	16.07.2025 16:24:21,000	2,85	13,75	27,0	-1,3	61,8	0	-1,4
1583	16.07.2025 16:24:22,000	2,85	13,80	27,9	-2,0	60,1	0	-2,4
1584	16.07.2025 16:24:23,000	2,89	13,80	30,7	-0,3	59,0	0	-0,3
1585	16.07.2025 16:24:24,000	2,89	13,82	29,8	-0,6	59,6	0	-0,7
1586	16.07.2025 16:24:25,000	2,89	13,84	28,1	-1,1	60,8	0	-1,2
1587	16.07.2025 16:24:26,000	2,89	13,87	30,0	1,1	59,0	0	1,2
1588	16.07.2025 16:24:27,000	2,89	13,87	28,7	-1,2	60,1	0	-1,4
1589	16.07.2025 16:24:28,000	2,93	13,89	32,1	3,0	54,9	0	3,7
1590	16.07.2025 16:24:29,000	2,93	13,91	30,5	1,4	58,1	0	1,7
1591	16.07.2025 16:24:30,000	2,97	13,94	29,7	2,8	57,5	0	3,3
1592	16.07.2025 16:24:31,000	2,97	13,94	30,7	5,5	53,8	0	6,9
1593	16.07.2025 16:24:32,000	2,97	13,99	28,5	3,2	58,3	0	3,8
1594	16.07.2025 16:24:33,000	2,97	13,99	28,2	4,7	57,1	0	5,7
1595	16.07.2025 16:24:34,000	3,01	14,01	29,9	1,7	58,4	0	2,0
1596	16.07.2025 16:24:35,000	3,01	14,06	30,6	3,6	55,7	0	4,5
1597	16.07.2025 16:24:36,000	3,01	14,06	30,6	4,2	55,2	0	5,2
1598	16.07.2025 16:24:37,000	3,01	14,06	30,0	3,7	56,4	0	4,4
1599	16.07.2025 16:24:38,000	3,04	14,08	29,3	4,6	56,1	0	5,6
1600	16.07.2025 16:24:39,000	3,04	14,10	31,8	6,2	52,0	0	7,9
1601	16.07.2025 16:24:40,000	3,04	14,13	32,9	6,8	50,3	0	8,9
1602	16.07.2025 16:24:41,000	3,08	14,15	31,9	5,4	52,7	0	6,8
1603	16.07.2025 16:24:42,000	3,08	14,17	30,8	3,9	55,3	0	4,8
1604	16.07.2025 16:24:43,000	3,08	14,17	29,6	6,0	54,4	0	7,4
1605	16.07.2025 16:24:44,000	3,08	14,22	30,8	3,3	56,0	0	4,0
1606	16.07.2025 16:24:45,000	3,12	14,24	30,8	3,7	55,5	0	4,6
1607	16.07.2025 16:24:46,000	3,12	14,24	29,3	4,4	56,3	0	5,3
1608	16.07.2025 16:24:47,000	3,16	14,27	30,8	5,4	53,8	0	6,8
1609	16.07.2025 16:24:48,000	3,16	14,29	28,1	1,0	60,9	0	1,1
1610	16.07.2025 16:24:49,000	3,16	14,31	29,1	4,2	56,7	0	5,0
1611	16.07.2025 16:24:50,000	3,16	14,31	31,2	5,3	53,5	0	6,6
1612	16.07.2025 16:24:51,000	3,20	14,34	30,4	4,8	54,8	0	6,0
1613	16.07.2025 16:24:52,000	3,20	14,38	32,1	5,6	52,4	0	7,1
1614	16.07.2025 16:24:53,000	3,20	14,41	27,9	4,1	58,0	0	4,9
1615	16.07.2025 16:24:54,000	3,23	14,41	29,1	3,0	57,9	0	3,5
1616	16.07.2025 16:24:55,000	3,23	14,43	28,3	2,1	59,6	0	2,5
1617	16.07.2025 16:24:56,000	3,27	14,46	30,4	4,1	55,5	0	5,1
1618	16.07.2025 16:24:57,000	3,27	14,48	28,6	3,5	57,9	0	4,2
1619	16.07.2025 16:24:58,000	3,27	14,50	31,1	6,3	52,6	0	8,0
1620	16.07.2025 16:24:59,000	3,27	14,53	31,9	8,6	49,5	0	11,4
1621	16.07.2025 16:25:00,000	3,27	14,57	30,7	8,0	51,4	0	10,3
1622	16.07.2025 16:25:01,000	3,31	14,57	27,9	4,9	57,2	0	5,9
1623	16.07.2025 16:25:02,000	3,31	14,60	29,6	5,9	54,5	0	7,4
1624	16.07.2025 16:25:03,000	3,31	14,62	31,5	10,1	48,4	0	13,5
1625	16.07.2025 16:25:04,000	3,31	14,64	31,2	6,4	52,4	0	8,1
1626	16.07.2025 16:25:05,000	3,31	14,69	30,6	6,1	53,2	0	7,7
1627	16.07.2025 16:25:06,000	3,35	14,71	28,8	7,2	54,0	0	9,0
1628	16.07.2025 16:25:07,000	3,35	14,73	30,2	5,9	53,9	0	7,4
1629	16.07.2025 16:25:08,000	3,35	14,76	31,2	6,5	52,3	0	8,3
1630	16.07.2025 16:25:09,000	3,35	14,76	32,0	7,9	50,2	0	10,3
1631	16.07.2025 16:25:10,000	3,38	14,80	30,0	6,8	53,1	0	8,6
1632	16.07.2025 16:25:11,000	3,38	14,80	31,0	5,1	53,9	0	6,4
1633	16.07.2025 16:25:12,000	3,42	14,85	30,3	6,1	53,6	0	7,7
1634	16.07.2025 16:25:13,000	3,42	14,87	30,6	4,6	54,9	0	5,6
1635	16.07.2025 16:25:14,000	3,42	14,90	28,3	3,5	58,2	0	4,2
1636	16.07.2025 16:25:15,000	3,42	14,92	28,7	3,5	57,8	0	4,1
1637	16.07.2025 16:25:16,000	3,46	14,94	28,6	2,3	59,1	0	2,8
1638	16.07.2025 16:25:17,000	3,46	14,97	28,8	2,1	59,1	0	2,4
1639	16.07.2025 16:25:18,000	3,50	15,02	27,9	-2,0	60,1	0	-2,3
1640	16.07.2025 16:25:19,000	3,50	15,02	28,3	1,2	60,5	0	1,4
1641	16.07.2025 16:25:20,000	3,50	15,04	29,0	1,8	59,2	0	2,1
1642	16.07.2025 16:25:21,000	3,53	15,06	27,0	-0,7	62,2	0	-0,8
1643	16.07.2025 16:25:22,000	3,53	15,09	27,6	-1,1	61,3	0	-1,3
1644	16.07.2025 16:25:23,000	3,53	15,11	26,4	-0,7	62,9	0	-0,8
1645	16.07.2025 16:25:24,000	3,53	15,13	28,6	0,9	60,4	0	1,1
1646	16.07.2025 16:25:25,000	3,57	15,16	30,5	-1,2	58,2	0	-1,5
1647	16.07.2025 16:25:26,000	3,57	15,18	30,6	0,8	58,6	0	1,0
1648	16.07.2025 16:25:27,000	3,61	15,20	28,8	3,8	57,4	0	4,6
1649	16.07.2025 16:25:28,000	3,61	15,23	26,4	-1,4	62,2	0	-1,6
1650	16.07.2025 16:25:29,000	3,61	15,25	28,7	2,7	58,7	0	3,2
1651	16.07.2025 16:25:30,000	3,65	15,27	27,8	2,6	59,6	0	3,0
1652	16.07.2025 16:25:31,000	3,65	15,30	28,7	0,2	61,1	0	0,2
1653	16.07.2025 16:25:32,000	3,65	15,32	30,2	2,8	57,0	0	3,4
1654	16.07.2025 16:25:33,000	3,68	15,32	28,9	1,3	59,9	0	1,5
1655	16.07.2025 16:25:34,000	3,68	15,34	29,4	3,8	56,8	0	4,6
1656	16.07.2025 16:25:35,000	3,72	15,37	26,8	3,1	60,1	0	3,7
1657	16.07.2025 16:25:36,000	3,72	15,39	27,9	3,2	58,9	0	3,7
1658	16.07.2025 16:25:37,000	3,76	15,42	30,0	5,4	54,6	0	6,7
1659	16.07.2025 16:25:38,000	3,76	15,44	27,2	1,9	60,9	0	2,2
1660	16.07.2025 16:25:39,000	3,76	15,46	29,8	3,9	56,3	0	4,7
1661	16.07.2025 16:25:40,000	3,80	15,49	28,8	6,6	54,6	0	8,3
1662	16.07.2025 16:25:41,000	3,80	15,51	27,7	5,9	56,4	0	7,2
1663	16.07.2025 16:25:42,000	3,83	15,51	28,5	3,0	58,5	0	3,5
1664	16.07.2025 16:25:43,000	3,83	15,56	31,9	6,0	52,1	0	7,7
1665	16.07.2025 16:25:44,000	3,83	15,56	28,2	5,9	55,9	0	7,3
1666	16.07.2025 16:25:45,000	3,87	15,61	26,7	1,9	61,4	0	2,2
1667	16.07.2025 16:25:46,000	3,87	15,61	29,9	7,2	53,0	0	9,1
1668	16.07.2025 16:25:47,000	3,87	15,65	29,1	5,5	55,5	0	6,7
1669	16.07.2025 16:25:48,000	3,91	15,65	29,6	3,3	57,2	0	3,9
1670	16.07.2025 16:25:49,000	3,91	15,68	28,4	3,9	57,7	0	4,7
1671	16.07.2025 16:25:50,000	3,91	15,70	27,3	1,9	60,8	0	2,2
1672	16.07.2025 16:25:51,000	3,91	15,72	29,8	7,2	53,0	0	9,1
1673	16.07.2025 16:25:52,000	3,94	15,72	29,7	3,6	56,7	0	4,4
1674	16.07.2025 16:25:53,000	3,94	15,77	28,8	4,0	57,2	0	4,8
1675	16.07.2025 16:25:54,000	3,98	15,79	32,6	6,4	51,0	0	8,3
1676	16.07.2025 16:25:55,000	3,98	15,82	30,5	6,6	52,9	0	8,4
1677	16.07.2025 16:25:56,000	3,98	15,84	29,3	6,5	54,2	0	8,1
1678	16.07.2025 16:25:57,000	3,98	15,84	29,8	5,2	55,0	0	6,4
1679	16.07.2025 16:25:58,000	4,02	15,89	29,6	6,9	53,4	0	8,8
1680	16.07.2025 16:25:59,000	4,02	15,89	27,5	6,1	56,4	0	7,4
1681	16.07.2025 16:26:00,000	4,06	15,91	28,0	4,8	57,2	0	5,7
1682	16.07.2025 16:26:01,000	4,06	15,96	28,7	6,3	55,0	0	7,8
1683	16.07.2025 16:26:02,000	4,06	15,98	31,0	6,2	52,8	0	7,9
1684	16.07.2025 16:26:03,000	4,09	15,98	31,0	6,2	52,8	0	7,8
1685	16.07.2025 16:26:04,000	4,09	16,03	28,7	5,4	56,0	0	6,6
1686	16.07.2025 16:26:05,000	4,13	16,03	28,4	4,6	57,0	0	5,5
1687	16.07.2025 16:26:06,000	4,13	16,08	29,9	5,7	54,4	0	7,2
1688	16.07.2025 16:26:07,000	4,13	16,08	31,1	6,3	52,6	0	8,0
1689	16.07.2025 16:26:08,000	4,17	16,10	27,4	7,2	55,4	0	8,9
1690	16.07.2025 16:26:09,000	4,17	16,15	28,4	5,2	56,3	0	6,4
1691	16.07.2025 16:26:10,000	4,20	16,15	27,8	5,8	56,4	0	7,1
1692	16.07.2025 16:26:11,000	4,20	16,17	26,5	6,8	56,7	0	8,3
1693	16.07.2025 16:26:12,000	4,20	16,19	28,0	5,3	56,7	0	6,4
1694	16.07.2025 16:26:13,000	4,20	16,22	29,0	6,2	54,8	0	7,6
1695	16.07.2025 16:26:14,000	4,24	16,24	29,2	8,4	52,4	0	10,7
1696	16.07.2025 16:26:15,000	4,24	16,29	28,7	5,6	55,7	0	6,9
1697	16.07.2025 16:26:16,000	4,24	16,26	27,4	6,1	56,5	0	7,4
1698	16.07.2025 16:26:17,000	4,24	16,31	28,2	8,4	53,4	0	10,6
1699	16.07.2025 16:26:18,000	4,24	16,33	26,4	3,2	60,4	0	3,8
1700	16.07.2025 16:26:19,000	4,24	16,35	25,2	0,8	64,0	0	0,9
1701	16.07.2025 16:26:20,000	4,28	16,38	26,5	1,0	62,5	0	1,1
1702	16.07.2025 16:26:21,000	4,28	16,40	26,1	0,3	63,6	0	0,3
1703	16.07.2025 16:26:22,000	4,28	16,45	27,8	-0,1	62,2	0	-0,1
1704	16.07.2025 16:26:23,000	4,31	16,47	27,1	0,1	62,8	0	0,1
1705	16.07.2025 16:26:24,000	4,31	16,50	26,6	0,1	63,3	0	0,1
1706	16.07.2025 16:26:25,000	4,31	16,50	27,0	1,6	61,4	0	1,8
1707	16.07.2025 16:26:26,000	4,35	16,52	27,8	1,8	60,4	0	2,1
1708	16.07.2025 16:26:27,000	4,35	16,57	29,0	2,3	58,7	0	2,7
1709	16.07.2025 16:26:28,000	4,35	16,59	27,8	-0,5	61,7	0	-0,6
1710	16.07.2025 16:26:29,000	4,35	16,61	29,1	0,4	60,5	0	0,5
1711	16.07.2025 16:26:30,000	4,35	16,63	28,7	1,2	60,0	0	1,4
1712	16.07.2025 16:26:31,000	4,35	16,66	27,5	-1,7	60,8	0	-2,0
1713	16.07.2025 16:26:32,000	4,35	16,68	26,5	-2,2	61,3	0	-2,6
1714	16.07.2025 16:26:33,000	4,35	16,70	29,5	1,6	58,9	0	1,9
1715	16.07.2025 16:26:34,000	4,35	16,72	32,9	6,5	50,6	1	8,5
1716	16.07.2025 16:26:35,000	4,35	16,75	30,8	0,6	58,6	0	0,7
1717	16.07.2025 16:26:36,000	4,39	16,75	27,6	-2,2	60,3	0	-2,5
1718	16.07.2025 16:26:37,000	4,39	16,77	28,0	-0,4	61,5	0	-0,5
1719	16.07.2025 16:26:38,000	4,42	16,80	29,0	1,9	59,1	0	2,2
1720	16.07.2025 16:26:39,000	4,42	16,82	27,4	0,1	62,6	0	0,1
1721	16.07.2025 16:26:40,000	4,46	16,84	31,3	2,6	56,2	0	3,1
1722	16.07.2025 16:26:41,000	4,46	16,87	31,3	0,6	58,1	0	0,7
1723	16.07.2025 16:26:42,000	4,46	16,89	29,9	0,7	59,4	0	0,8
1724	16.07.2025 16:26:43,000	4,46	16,89	29,2	2,0	58,8	0	2,4
1725	16.07.2025 16:26:44,000	4,50	16,94	31,6	4,9	53,5	0	6,1
1726	16.07.2025 16:26:45,000	4,50	16,96	30,5	3,7	55,8	0	4,5
1727	16.07.2025 16:26:46,000	4,53	16,98	30,6	5,8	53,6	0	7,3
1728	16.07.2025 16:26:47,000	4,53	17,01	28,5	4,0	57,5	0	4,8
1729	16.07.2025 16:26:48,000	4,53	17,03	33,0	2,2	54,8	0	2,7
1730	16.07.2025 16:26:49,000	4,57	17,03	30,5	2,1	57,4	0	2,5
1731	16.07.2025 16:26:50,000	4,57	17,05	29,5	5,8	54,7	0	7,2
1732	16.07.2025 16:26:51,000	4,57	17,08	28,7	2,2	59,0	0	2,6
1733	16.07.2025 16:26:52,000	4,57	17,12	30,5	4,4	55,1	0	5,4
1734	16.07.2025 16:26:53,000	4,61	17,12	29,5	1,8	58,7	0	2,2
1735	16.07.2025 16:26:54,000	4,61	17,15	30,9	2,8	56,3	0	3,4
1736	16.07.2025 16:26:55,000	4,61	17,19	29,3	2,2	58,5	0	2,7
1737	16.07.2025 16:26:56,000	4,61	17,19	29,0	4,2	56,8	0	5,0
1738	16.07.2025 16:26:57,000	4,64	17,22	29,4	2,5	58,1	0	3,0
1739	16.07.2025 16:26:58,000	4,64	17,24	31,3	5,1	53,6	0	6,4
1740	16.07.2025 16:26:59,000	4,64	17,26	31,0	5,2	53,8	0	6,6
1741	16.07.2025 16:27:00,000	4,68	17,29	29,6	2,3	58,0	0	2,8
1742	16.07.2025 16:27:01,000	4,68	17,33	31,1	2,6	56,2	0	3,2
1743	16.07.2025 16:27:02,000	4,68	17,33	28,7	3,4	57,9	0	4,0
1744	16.07.2025 16:27:03,000	4,68	17,36	30,6	4,4	55,0	0	5,4
1745	16.07.2025 16:27:04,000	4,68	17,38	29,4	2,4	58,3	0	2,8
1746	16.07.2025 16:27:05,000	4,68	17,42	28,4	3,5	58,1	0	4,1
1747	16.07.2025 16:27:06,000	4,72	17,43	28,3	4,4	57,3	0	5,3
1748	16.07.2025 16:27:07,000	4,72	17,47	28,1	3,8	58,2	0	4,5
1749	16.07.2025 16:27:08,000	4,72	17,47	29,1	2,4	58,5	0	2,8
1750	16.07.2025 16:27:09,000	4,72	17,52	30,3	4,0	55,7	0	4,9
1751	16.07.2025 16:27:10,000	4,72	17,54	31,5	4,4	54,1	0	5,5
1752	16.07.2025 16:27:11,000	4,75	17,56	29,0	4,9	56,1	0	5,9
1753	16.07.2025 16:27:12,000	4,75	17,59	28,2	4,5	57,3	0	5,4
1754	16.07.2025 16:27:13,000	4,75	17,61	27,1	4,3	58,6	0	5,1
1755	16.07.2025 16:27:14,000	4,75	17,63	27,7	3,7	58,6	0	4,4
1756	16.07.2025 16:27:15,000	4,75	17,65	29,1	3,3	57,6	0	4,0
1757	16.07.2025 16:27:16,000	4,75	17,70	30,8	2,0	57,3	0	2,4
1758	16.07.2025 16:27:17,000	4,75	17,72	31,4	1,4	57,2	0	1,7
1759	16.07.2025 16:27:18,000	4,79	17,72	28,4	2,2	59,4	0	2,5
1760	16.07.2025 16:27:19,000	4,79	17,75	28,7	2,3	59,0	0	2,7
1761	16.07.2025 16:27:20,000	4,79	17,77	28,1	3,3	58,6	0	3,9
1762	16.07.2025 16:27:21,000	4,83	17,79	31,1	3,0	55,9	0	3,6
1763	16.07.2025 16:27:22,000	4,83	17,82	29,6	1,4	59,0	0	1,6
1764	16.07.2025 16:27:23,000	4,83	17,84	30,3	2,6	57,0	0	3,2
1765	16.07.2025 16:27:24,000	4,83	17,86	31,5	1,8	56,7	0	2,2
1766	16.07.2025 16:27:25,000	4,86	17,89	28,2	2,3	59,5	0	2,7
1767	16.07.2025 16:27:26,000	4,86	17,91	28,4	3,4	58,3	0	4,0
1768	16.07.2025 16:27:27,000	4,86	17,91	30,5	4,2	55,3	0	5,1
1769	16.07.2025 16:27:28,000	4,90	17,93	29,2	-0,1	60,8	0	-0,1
1770	16.07.2025 16:27:29,000	4,90	17,98	28,7	-0,2	61,1	0	-0,2
1771	16.07.2025 16:27:30,000	4,94	18,00	30,8	3,7	55,5	0	4,6
1772	16.07.2025 16:27:31,000	4,94	18,03	29,4	2,5	58,0	0	3,0
1773	16.07.2025 16:27:32,000	4,94	18,05	29,1	0,8	60,1	0	1,0
1774	16.07.2025 16:27:33,000	4,97	18,07	27,6	0,3	62,1	0	0,4
1775	16.07.2025 16:27:34,000	4,97	18,07	26,3	-1,3	62,4	0	-1,4
1776	16.07.2025 16:27:35,000	4,97	18,10	26,8	-0,7	62,5	0	-0,8
1777	16.07.2025 16:27:36,000	5,01	18,14	29,8	-0,1	60,0	0	-0,2
1778	16.07.2025 16:27:37,000	5,01	18,17	26,9	-1,2	61,8	0	-1,4
1779	16.07.2025 16:27:38,000	5,01	18,19	24,9	-2,6	62,5	0	-2,9
1780	16.07.2025 16:27:39,000	5,04	18,22	25,1	-4,7	60,2	0	-5,5
1781	16.07.2025 16:27:40,000	5,04	18,24	28,7	-1,6	59,7	0	-1,9
1782	16.07.2025 16:27:41,000	5,04	18,26	29,2	1,3	59,5	0	1,5
1783	16.07.2025 16:27:42,000	5,08	18,26	29,4	0,9	59,7	0	1,0
1784	16.07.2025 16:27:43,000	5,08	18,31	29,6	0,8	59,6	0	1,0
1785	16.07.2025 16:27:44,000	5,08	18,33	28,4	0,0	61,6	0	0,0
1786	16.07.2025 16:27:45,000	5,08	18,35	26,6	0,6	62,8	0	0,6
1787	16.07.2025 16:27:46,000	5,12	18,38	29,8	5,2	55,0	0	6,4
1788	16.07.2025 16:27:47,000	5,12	18,38	32,8	4,1	53,1	0	5,2
1789	16.07.2025 16:27:48,000	5,15	18,40	30,1	2,7	57,2	0	3,3
1790	16.07.2025 16:27:49,000	5,15	18,43	29,8	4,3	55,9	0	5,2
1791	16.07.2025 16:27:50,000	5,15	18,45	30,1	5,8	54,1	0	7,3
1792	16.07.2025 16:27:51,000	5,15	18,47	31,4	8,1	50,5	0	10,6
1793	16.07.2025 16:27:52,000	5,15	18,47	30,6	6,9	52,5	0	8,8
1794	16.07.2025 16:27:53,000	5,19	18,52	29,4	8,0	52,6	0	10,2
1795	16.07.2025 16:27:54,000	5,19	18,52	27,7	4,2	58,1	0	5,1
1796	16.07.2025 16:27:55,000	5,19	18,54	28,9	6,5	54,6	0	8,0
1797	16.07.2025 16:27:56,000	5,19	18,56	29,6	5,1	55,3	0	6,3
1798	16.07.2025 16:27:57,000	5,23	18,59	29,5	6,1	54,5	0	7,5
1799	16.07.2025 16:27:58,000	5,23	18,61	26,4	5,8	57,9	0	6,9
1800	16.07.2025 16:27:59,000	5,23	18,63	29,4	6,4	54,2	0	8,0
1801	16.07.2025 16:28:00,000	5,23	18,66	27,9	6,4	55,6	0	7,9
1802	16.07.2025 16:28:01,000	5,23	18,68	27,9	6,2	55,9	0	7,6
1803	16.07.2025 16:28:02,000	5,26	18,70	29,8	7,1	53,1	0	9,0
1804	16.07.2025 16:28:03,000	5,26	18,70	25,4	4,6	60,0	0	5,4
1805	16.07.2025 16:28:04,000	5,26	18,75	25,9	5,7	58,4	0	6,7
1806	16.07.2025 16:28:05,000	5,26	18,75	27,5	6,5	55,9	0	8,0
1807	16.07.2025 16:28:06,000	5,26	18,79	27,2	6,3	56,5	0	7,7
1808	16.07.2025 16:28:07,000	5,26	18,79	30,1	5,1	54,7	0	6,4
1809	16.07.2025 16:28:08,000	5,30	18,84	29,0	6,1	54,9	0	7,6
1810	16.07.2025 16:28:09,000	5,30	18,84	27,3	5,6	57,2	0	6,7
1811	16.07.2025 16:28:10,000	5,30	18,86	28,4	7,5	54,1	0	9,3
1812	16.07.2025 16:28:11,000	5,30	18,89	26,6	3,7	59,7	0	4,4
1813	16.07.2025 16:28:12,000	5,30	18,91	29,2	6,1	54,7	0	7,5
1814	16.07.2025 16:28:13,000	5,30	18,93	28,8	5,3	56,0	0	6,5
1815	16.07.2025 16:28:14,000	5,33	18,96	29,6	8,2	52,2	0	10,5
1816	16.07.2025 16:28:15,000	5,33	18,98	27,4	6,1	56,4	0	7,5
1817	16.07.2025 16:28:16,000	5,33	19,00	26,6	4,8	58,6	0	5,7
1818	16.07.2025 16:28:17,000	5,33	19,02	24,7	4,3	61,0	0	4,9
1819	16.07.2025 16:28:18,000	5,33	19,05	26,0	2,0	62,0	0	2,3
1820	16.07.2025 16:28:19,000	5,33	19,07	28,5	2,8	58,7	0	3,3
1821	16.07.2025 16:28:20,000	5,37	19,09	28,1	4,8	57,1	0	5,8
1822	16.07.2025 16:28:21,000	5,37	19,09	27,2	4,9	58,0	0	5,8
1823	16.07.2025 16:28:22,000	5,37	19,14	25,4	3,1	61,5	0	3,6
1824	16.07.2025 16:28:23,000	5,37	19,14	26,2	4,8	59,0	0	5,7
1825	16.07.2025 16:28:24,000	5,37	19,18	26,9	0,8	62,3	0	0,9
1826	16.07.2025 16:28:25,000	5,37	19,21	25,9	4,2	59,9	0	4,9
1827	16.07.2025 16:28:26,000	5,37	19,23	31,1	4,3	54,6	0	5,3
1828	16.07.2025 16:28:27,000	5,37	19,25	27,9	2,5	59,6	0	2,9
1829	16.07.2025 16:28:28,000	5,37	19,25	27,7	4,4	57,9	0	5,2
1830	16.07.2025 16:28:29,000	5,41	19,28	29,3	3,7	57,0	0	4,5
1831	16.07.2025 16:28:30,000	5,41	19,32	27,8	2,9	59,3	0	3,4
1832	16.07.2025 16:28:31,000	5,41	19,34	25,8	0,9	63,4	0	1,0
1833	16.07.2025 16:28:32,000	5,41	19,37	27,9	2,2	59,9	0	2,6
1834	16.07.2025 16:28:33,000	5,41	19,37	28,6	2,5	58,9	0	2,9
1835	16.07.2025 16:28:34,000	5,41	19,41	26,9	2,9	60,1	0	3,4
1836	16.07.2025 16:28:35,000	5,44	19,44	27,5	0,9	61,7	0	1,0
1837	16.07.2025 16:28:36,000	5,44	19,46	24,4	-0,4	65,3	0	-0,4
1838	16.07.2025 16:28:37,000	5,44	19,48	23,6	-1,8	64,6	0	-2,1
1839	16.07.2025 16:28:38,000	5,44	19,50	24,0	-1,0	65,0	0	-1,1
1840	16.07.2025 16:28:39,000	5,44	19,50	25,1	-0,3	64,6	0	-0,3
1841	16.07.2025 16:28:40,000	5,48	19,55	28,3	1,6	60,1	0	1,9
1842	16.07.2025 16:28:41,000	5,48	19,58	28,6	0,8	60,6	0	0,9
1843	16.07.2025 16:28:42,000	5,48	19,60	25,2	-0,7	64,1	0	-0,8
1844	16.07.2025 16:28:43,000	5,48	19,62	25,6	-2,4	62,0	0	-2,7
1845	16.07.2025 16:28:44,000	5,48	19,64	29,0	2,0	59,0	0	2,3
1846	16.07.2025 16:28:45,000	5,48	19,66	27,3	1,6	61,1	0	1,9
1847	16.07.2025 16:28:46,000	5,48	19,69	29,3	0,6	60,1	0	0,7
1848	16.07.2025 16:28:47,000	5,48	19,73	27,8	0,7	61,5	0	0,8
1849	16.07.2025 16:28:48,000	5,51	19,74	26,1	-0,8	63,1	0	-0,9
1850	16.07.2025 16:28:49,000	5,51	19,76	26,8	-1,1	62,2	0	-1,2
1851	16.07.2025 16:28:50,000	5,51	19,78	27,7	-0,8	61,5	0	-0,9
1852	16.07.2025 16:28:51,000	5,51	19,80	28,1	0,6	61,3	0	0,7
1853	16.07.2025 16:28:52,000	5,51	19,83	24,1	-2,5	63,4	0	-2,8
1854	16.07.2025 16:28:53,000	5,51	19,85	25,3	-0,9	63,7	0	-1,1
1855	16.07.2025 16:28:54,000	5,55	19,87	28,3	2,0	59,8	0	2,3
1856	16.07.2025 16:28:55,000	5,55	19,87	25,7	-0,8	63,5	0	-0,9
1857	16.07.2025 16:28:56,000	5,55	19,90	29,4	4,3	56,3	0	5,2
1858	16.07.2025 16:28:57,000	5,55	19,92	26,4	0,5	63,1	0	0,5
1859	16.07.2025 16:28:58,000	5,55	19,94	24,2	-1,1	64,7	0	-1,2
1860	16.07.2025 16:28:59,000	5,55	19,96	24,8	0,6	64,6	0	0,7
1861	16.07.2025 16:29:00,000	5,58	19,99	27,5	0,6	61,8	0	0,7
1862	16.07.2025 16:29:01,000	5,58	20,01	27,3	1,9	60,8	0	2,2
1863	16.07.2025 16:29:02,000	5,58	20,03	25,3	0,4	64,4	0	0,4
1864	16.07.2025 16:29:03,000	5,58	20,03	28,6	4,1	57,2	0	5,0
1865	16.07.2025 16:29:04,000	5,58	20,08	26,2	2,8	61,1	0	3,2
1866	16.07.2025 16:29:05,000	5,58	20,08	27,2	3,0	59,8	0	3,5
1867	16.07.2025 16:29:06,000	5,58	20,10	27,2	3,3	59,5	0	3,9
1868	16.07.2025 16:29:07,000	5,58	20,12	27,6	5,2	57,1	0	6,3
1869	16.07.2025 16:29:08,000	5,58	20,15	28,7	4,9	56,4	0	6,0
1870	16.07.2025 16:29:09,000	5,58	20,15	29,2	2,8	58,0	0	3,4
1871	16.07.2025 16:29:10,000	5,58	20,19	25,2	3,6	61,2	0	4,1
1872	16.07.2025 16:29:11,000	5,58	20,19	26,6	1,7	61,7	0	1,9
1873	16.07.2025 16:29:12,000	5,58	20,21	28,1	4,5	57,4	0	5,4
1874	16.07.2025 16:29:13,000	5,62	20,24	28,8	6,1	55,1	0	7,6
1875	16.07.2025 16:29:14,000	5,62	20,26	27,5	3,1	59,4	0	3,7
1876	16.07.2025 16:29:15,000	5,62	20,28	29,0	4,3	56,7	0	5,3
1877	16.07.2025 16:29:16,000	5,62	20,31	23,5	1,8	64,7	0	2,0
1878	16.07.2025 16:29:17,000	5,62	20,31	25,7	3,6	60,7	0	4,2
1879	16.07.2025 16:29:18,000	5,62	20,35	29,2	4,7	56,1	0	5,8
1880	16.07.2025 16:29:19,000	5,66	20,35	29,0	5,1	55,9	0	6,3
1881	16.07.2025 16:29:20,000	5,66	20,40	29,0	6,5	54,4	0	8,1
1882	16.07.2025 16:29:21,000	5,66	20,40	28,1	3,1	58,8	0	3,6
1883	16.07.2025 16:29:22,000	5,66	20,42	27,5	3,9	58,6	0	4,6
1884	16.07.2025 16:29:23,000	5,66	20,44	26,1	3,7	60,3	0	4,3
1885	16.07.2025 16:29:24,000	5,66	20,47	26,4	4,5	59,1	0	5,3
1886	16.07.2025 16:29:25,000	5,66	20,49	28,5	6,0	55,4	0	7,4
1887	16.07.2025 16:29:26,000	5,66	20,51	29,0	6,1	54,9	0	7,5
1888	16.07.2025 16:29:27,000	5,66	20,53	27,1	3,9	59,0	0	4,6
1889	16.07.2025 16:29:28,000	5,66	20,56	25,4	3,6	61,0	0	4,2
1890	16.07.2025 16:29:29,000	5,69	20,58	26,6	5,1	58,3	0	6,1
1891	16.07.2025 16:29:30,000	5,69	20,58	26,3	4,3	59,5	0	5,0
1892	16.07.2025 16:29:31,000	5,69	20,63	26,5	2,7	60,8	0	3,1
1893	16.07.2025 16:29:32,000	5,69	20,65	27,1	1,5	61,3	0	1,8
1894	16.07.2025 16:29:33,000	5,69	20,67	28,7	4,7	56,7	0	5,7
1895	16.07.2025 16:29:34,000	5,69	20,69	27,2	4,5	58,4	0	5,3
1896	16.07.2025 16:29:35,000	5,69	20,69	23,4	1,6	65,0	0	1,7
1897	16.07.2025 16:29:36,000	5,73	20,72	25,9	3,3	60,8	0	3,8
1898	16.07.2025 16:29:37,000	5,73	20,74	27,4	1,9	60,6	0	2,2
1899	16.07.2025 16:29:38,000	5,73	20,76	26,9	2,9	60,2	0	3,3
1900	16.07.2025 16:29:39,000	5,73	20,79	27,1	0,9	61,9	0	1,1
1901	16.07.2025 16:29:40,000	5,73	20,81	27,5	3,3	59,2	0	3,9
1902	16.07.2025 16:29:41,000	5,73	20,83	24,7	3,0	62,4	0	3,4
1903	16.07.2025 16:29:42,000	5,73	20,85	25,0	3,9	61,1	0	4,5
1904	16.07.2025 16:29:43,000	5,73	20,88	23,3	-0,4	66,3	0	-0,4
1905	16.07.2025 16:29:44,000	5,73	20,90	26,0	0,0	63,9	0	0,0
1906	16.07.2025 16:29:45,000	5,73	20,92	23,8	-1,4	64,8	0	-1,6
1907	16.07.2025 16:29:46,000	5,73	20,94	24,9	-1,4	63,7	0	-1,6
1908	16.07.2025 16:29:47,000	5,73	20,97	23,6	-2,5	63,9	0	-2,8
1909	16.07.2025 16:29:48,000	5,76	21,01	25,2	-2,4	62,4	0	-2,7
1910	16.07.2025 16:29:49,000	5,76	21,01	29,1	2,8	58,1	0	3,3
1911	16.07.2025 16:29:50,000	5,76	21,06	30,7	5,0	54,3	0	6,2
1912	16.07.2025 16:29:51,000	5,76	21,08	32,6	2,2	55,2	0	2,7
1913	16.07.2025 16:29:52,000	5,76	21,08	24,2	-4,3	61,4	0	-5,0
1914	16.07.2025 16:29:53,000	5,73	21,12	34,3	5,0	50,7	0	6,6
1915	16.07.2025 16:29:54,000	5,73	21,15	24,6	-4,8	60,6	0	-5,6
1916	16.07.2025 16:29:55,000	5,76	21,17	29,1	3,8	57,1	0	4,6
1917	16.07.2025 16:29:56,000	5,76	21,19	32,7	6,1	51,2	0	7,9
1918	16.07.2025 16:29:57,000	5,76	21,19	25,7	-3,8	60,5	0	-4,4
1919	16.07.2025 16:29:58,000	5,76	21,24	33,8	4,5	51,6	0	5,8
1920	16.07.2025 16:29:59,000	5,76	21,24	33,7	3,9	52,3	0	5,0
1921	16.07.2025 16:30:00,000	5,76	21,26	28,8	0,6	60,6	0	0,7
1922	16.07.2025 16:30:01,000	5,76	21,28	26,9	-1,9	61,2	0	-2,2
1923	16.07.2025 16:30:02,000	5,76	21,31	28,0	-1,3	60,7	0	-1,5
1924	16.07.2025 16:30:03,000	5,76	21,31	28,0	0,8	61,2	0	0,9
1925	16.07.2025 16:30:04,000	5,76	21,31	29,1	0,7	60,2	0	0,8
1926	16.07.2025 16:30:05,000	5,76	21,35	30,0	0,5	59,5	0	0,6
1927	16.07.2025 16:30:06,000	5,76	21,37	29,5	4,3	56,2	0	5,2
1928	16.07.2025 16:30:07,000	5,80	21,40	26,9	2,5	60,6	0	2,9
1929	16.07.2025 16:30:08,000	5,80	21,40	29,4	1,8	58,9	0	2,1
1930	16.07.2025 16:30:09,000	5,80	21,42	30,6	2,1	57,3	0	2,5
1931	16.07.2025 16:30:10,000	5,80	21,44	30,1	1,7	58,2	0	2,0
1932	16.07.2025 16:30:11,000	5,80	21,44	29,7	-0,3	60,0	0	-0,3
1933	16.07.2025 16:30:12,000	5,80	21,47	29,1	2,3	58,6	0	2,7
1934	16.07.2025 16:30:13,000	5,80	21,47	27,5	0,8	61,7	0	0,9
1935	16.07.2025 16:30:14,000	5,80	21,51	27,9	1,4	60,7	0	1,6
1936	16.07.2025 16:30:15,000	5,80	21,51	28,2	-0,9	60,9	0	-1,0
1937	16.07.2025 16:30:16,000	5,80	21,56	26,8	-1,2	62,0	0	-1,4
1938	16.07.2025 16:30:17,000	5,80	21,56	27,7	-0,6	61,7	0	-0,7
1939	16.07.2025 16:30:18,000	5,80	21,58	28,2	-0,3	61,6	0	-0,3
1940	16.07.2025 16:30:19,000	5,83	21,60	27,1	-0,5	62,5	0	-0,5
1941	16.07.2025 16:30:20,000	5,83	21,60	28,5	2,5	59,0	0	3,0
1942	16.07.2025 16:30:21,000	5,83	21,65	29,2	2,0	58,9	0	2,3
1943	16.07.2025 16:30:22,000	5,83	21,65	27,5	1,7	60,8	0	1,9
1944	16.07.2025 16:30:23,000	5,83	21,67	26,9	4,0	59,2	0	4,7
1945	16.07.2025 16:30:24,000	5,83	21,69	29,3	3,2	57,5	0	3,8
1946	16.07.2025 16:30:25,000	5,83	21,72	30,8	2,7	56,5	0	3,3
1947	16.07.2025 16:30:26,000	5,83	21,74	25,9	2,7	61,4	0	3,1
1948	16.07.2025 16:30:27,000	5,83	21,74	28,3	3,4	58,3	0	4,0
1949	16.07.2025 16:30:28,000	5,83	21,76	25,0	-1,3	63,7	0	-1,5
1950	16.07.2025 16:30:29,000	5,87	21,79	29,8	6,0	54,2	0	7,5
1951	16.07.2025 16:30:30,000	5,87	21,81	27,6	3,1	59,3	0	3,6
1952	16.07.2025 16:30:31,000	5,87	21,81	27,3	2,0	60,6	0	2,4
1953	16.07.2025 16:30:32,000	5,87	21,83	29,5	3,3	57,2	0	4,0
1954	16.07.2025 16:30:33,000	5,87	21,83	30,7	5,9	53,4	0	7,4
1955	16.07.2025 16:30:34,000	5,87	21,88	27,5	1,5	60,9	0	1,7
1956	16.07.2025 16:30:35,000	5,87	21,88	28,7	4,1	57,1	0	5,0
1957	16.07.2025 16:30:36,000	5,91	21,92	30,2	6,0	53,7	0	7,6
1958	16.07.2025 16:30:37,000	5,91	21,92	29,7	7,7	52,7	0	9,7
1959	16.07.2025 16:30:38,000	5,91	21,95	30,2	5,9	53,9	0	7,4
1960	16.07.2025 16:30:39,000	5,91	21,97	28,8	2,9	58,3	0	3,4
1961	16.07.2025 16:30:40,000	5,91	21,99	28,0	5,5	56,5	0	6,7
1962	16.07.2025 16:30:41,000	5,91	21,99	28,4	6,9	54,7	0	8,6
1963	16.07.2025 16:30:42,000	5,91	22,01	27,2	4,6	58,2	0	5,5
1964	16.07.2025 16:30:43,000	5,91	22,04	27,7	6,7	55,6	0	8,2
1965	16.07.2025 16:30:44,000	5,91	22,06	28,1	3,6	58,3	0	4,3
1966	16.07.2025 16:30:45,000	5,91	22,08	26,6	1,7	61,7	0	2,0
1967	16.07.2025 16:30:46,000	5,91	22,10	27,7	3,7	58,6	0	4,4
1968	16.07.2025 16:30:47,000	5,94	22,11	28,9	6,6	54,4	0	8,3
1969	16.07.2025 16:30:48,000	5,94	22,13	30,3	10,2	49,5	0	13,5
1970	16.07.2025 16:30:49,000	5,94	22,15	29,1	6,1	54,8	0	7,6
1971	16.07.2025 16:30:50,000	5,94	22,17	27,3	5,6	57,1	0	6,8
1972	16.07.2025 16:30:51,000	5,94	22,17	28,4	6,0	55,6	0	7,4
1973	16.07.2025 16:30:52,000	5,94	22,22	28,9	5,6	55,5	0	6,9
1974	16.07.2025 16:30:53,000	5,94	22,24	28,5	7,0	54,6	0	8,7
1975	16.07.2025 16:30:54,000	5,94	22,24	28,0	6,4	55,7	0	7,8
1976	16.07.2025 16:30:55,000	5,94	22,29	28,6	6,5	54,9	0	8,1
1977	16.07.2025 16:30:56,000	5,94	22,29	27,4	6,0	56,5	0	7,4
1978	16.07.2025 16:30:57,000	5,94	22,31	28,8	9,1	52,1	0	11,6
1979	16.07.2025 16:30:58,000	5,94	22,31	29,4	7,4	53,3	0	9,3
1980	16.07.2025 16:30:59,000	5,94	22,33	29,4	6,1	54,5	0	7,6
1981	16.07.2025 16:31:00,000	5,94	22,35	28,9	7,0	54,1	0	8,8
1982	16.07.2025 16:31:01,000	5,94	22,40	27,8	6,8	55,3	0	8,4
1983	16.07.2025 16:31:02,000	5,94	22,40	28,4	6,3	55,3	0	7,7
1984	16.07.2025 16:31:03,000	5,94	22,42	28,4	5,6	55,9	0	6,9
1985	16.07.2025 16:31:04,000	5,94	22,44	27,9	3,7	58,4	0	4,4
1986	16.07.2025 16:31:05,000	5,94	22,47	26,1	3,0	60,8	0	3,5
1987	16.07.2025 16:31:06,000	5,94	22,49	25,9	3,8	60,3	0	4,4
1988	16.07.2025 16:31:07,000	5,94	22,49	26,4	2,5	61,0	0	2,9
1989	16.07.2025 16:31:08,000	5,94	22,51	27,0	0,1	63,0	0	0,1
1990	16.07.2025 16:31:09,000	5,98	22,51	26,3	0,7	62,9	0	0,8
1991	16.07.2025 16:31:10,000	5,98	22,56	29,0	5,4	55,6	0	6,7
1992	16.07.2025 16:31:11,000	5,98	22,58	26,8	0,7	62,5	0	0,8
1993	16.07.2025 16:31:12,000	5,98	22,58	28,2	0,3	61,5	0	0,4
1994	16.07.2025 16:31:13,000	5,98	22,60	26,5	0,0	63,5	0	0,0
1995	16.07.2025 16:31:14,000	5,98	22,63	27,9	0,8	61,3	0	0,9
1996	16.07.2025 16:31:15,000	5,98	22,65	29,8	3,5	56,7	0	4,2
1997	16.07.2025 16:31:16,000	5,98	22,67	29,7	5,8	54,5	0	7,2
1998	16.07.2025 16:31:17,000	5,98	22,69	27,8	4,8	57,4	0	5,8
1999	16.07.2025 16:31:18,000	5,98	22,69	30,2	3,9	55,9	0	4,8
2000	16.07.2025 16:31:19,000	5,98	22,72	29,6	4,5	55,9	0	5,5
2001	16.07.2025 16:31:20,000	5,98	22,74	30,5	6,3	53,2	0	8,0
2002	16.07.2025 16:31:21,000	5,98	22,74	30,7	4,3	55,0	0	5,4
2003	16.07.2025 16:31:22,000	5,98	22,76	27,5	5,1	57,4	0	6,1
2004	16.07.2025 16:31:23,000	5,98	22,78	27,9	3,6	58,5	0	4,3
2005	16.07.2025 16:31:24,000	5,98	22,81	30,7	6,0	53,2	0	7,6
2006	16.07.2025 16:31:25,000	6,01	22,83	29,7	7,9	52,4	0	10,1
2007	16.07.2025 16:31:26,000	6,01	22,85	30,3	6,4	53,2	0	8,1
2008	16.07.2025 16:31:27,000	6,01	22,85	30,3	5,2	54,5	0	6,5
2009	16.07.2025 16:31:28,000	6,01	22,88	26,1	5,9	58,0	0	7,1
2010	16.07.2025 16:31:29,000	6,01	22,90	27,8	4,8	57,4	0	5,8
2011	16.07.2025 16:31:30,000	6,01	22,90	28,7	3,6	57,7	0	4,4
2012	16.07.2025 16:31:31,000	6,01	22,92	29,0	7,0	54,0	0	8,8
2013	16.07.2025 16:31:32,000	6,01	22,97	28,7	6,3	54,9	0	7,8
2014	16.07.2025 16:31:33,000	6,01	22,94	28,9	6,9	54,2	0	8,6
2015	16.07.2025 16:31:34,000	6,01	22,97	28,9	4,4	56,7	0	5,3
2016	16.07.2025 16:31:35,000	6,01	23,01	29,8	8,0	52,2	0	10,2
2017	16.07.2025 16:31:36,000	6,01	23,03	29,9	7,1	53,0	0	9,0
2018	16.07.2025 16:31:37,000	6,01	23,06	29,4	6,1	54,5	0	7,6
2019	16.07.2025 16:31:38,000	6,05	23,06	29,3	7,1	53,6	0	9,0
2020	16.07.2025 16:31:39,000	6,05	23,08	27,1	6,5	56,4	0	7,9
2021	16.07.2025 16:31:40,000	6,05	23,10	25,8	4,8	59,4	0	5,7
2022	16.07.2025 16:31:41,000	6,05	23,13	31,6	7,7	50,7	0	10,0
2023	16.07.2025 16:31:42,000	6,05	23,15	29,6	9,6	50,8	0	12,4
2024	16.07.2025 16:31:43,000	6,05	23,15	30,6	7,3	52,1	0	9,4
2025	16.07.2025 16:31:44,000	6,05	23,19	29,6	7,6	52,8	0	9,6
2026	16.07.2025 16:31:45,000	6,05	23,19	26,5	5,7	57,8	0	6,8
2027	16.07.2025 16:31:46,000	6,05	23,22	27,5	6,0	56,5	0	7,3
2028	16.07.2025 16:31:47,000	6,05	23,26	31,7	6,1	52,2	0	7,9
2029	16.07.2025 16:31:48,000	6,05	23,26	30,7	5,0	54,2	0	6,3
2030	16.07.2025 16:31:49,000	6,05	23,28	27,8	5,3	56,9	0	6,4
2031	16.07.2025 16:31:50,000	6,05	23,31	26,5	5,6	57,9	0	6,8
2032	16.07.2025 16:31:51,000	6,08	23,31	26,3	4,2	59,5	0	4,9
2033	16.07.2025 16:31:52,000	6,08	23,35	26,5	4,6	58,9	0	5,5
2034	16.07.2025 16:31:53,000	6,08	23,38	29,6	5,2	55,1	0	6,5
2035	16.07.2025 16:31:54,000	6,08	23,40	31,8	7,7	50,5	0	10,1
2036	16.07.2025 16:31:55,000	6,08	23,40	29,3	7,7	53,0	0	9,7
2037	16.07.2025 16:31:56,000	6,08	23,42	29,0	6,3	54,7	0	7,8
2038	16.07.2025 16:31:57,000	6,08	23,44	26,4	3,9	59,6	0	4,6
2039	16.07.2025 16:31:58,000	6,08	23,47	29,7	6,1	54,3	0	7,6
2040	16.07.2025 16:31:59,000	6,08	23,49	30,1	6,1	53,8	0	7,7
2041	16.07.2025 16:32:00,000	6,08	23,49	28,7	6,1	55,2	0	7,5
2042	16.07.2025 16:32:01,000	6,08	23,51	31,8	8,0	50,2	0	10,5
2043	16.07.2025 16:32:02,000	6,08	23,53	28,2	6,8	55,0	0	8,4
2044	16.07.2025 16:32:03,000	6,08	23,56	26,6	5,6	57,8	0	6,8
2045	16.07.2025 16:32:04,000	6,12	23,58	26,8	4,2	59,0	0	5,0
2046	16.07.2025 16:32:05,000	6,12	23,60	31,2	6,4	52,4	0	8,1
2047	16.07.2025 16:32:06,000	6,12	23,63	30,8	8,2	51,0	0	10,6
2048	16.07.2025 16:32:07,000	6,12	23,65	31,5	8,7	49,9	0	11,4
2049	16.07.2025 16:32:08,000	6,12	23,65	28,9	6,7	54,5	0	8,3
2050	16.07.2025 16:32:09,000	6,12	23,67	27,4	5,4	57,1	0	6,6
2051	16.07.2025 16:32:10,000	6,12	23,69	27,2	6,7	56,1	0	8,2
2052	16.07.2025 16:32:11,000	6,12	23,72	28,1	5,6	56,3	0	6,9
2053	16.07.2025 16:32:12,000	6,12	23,72	29,7	6,2	54,1	0	7,8
2054	16.07.2025 16:32:13,000	6,12	23,76	28,4	6,2	55,4	0	7,7
2055	16.07.2025 16:32:14,000	6,12	23,76	30,2	7,4	52,4	0	9,4
2056	16.07.2025 16:32:15,000	6,12	23,78	27,5	6,8	55,7	0	8,4
2057	16.07.2025 16:32:16,000	6,12	23,81	27,3	6,9	55,9	0	8,4
2058	16.07.2025 16:32:17,000	6,12	23,83	29,0	6,9	54,1	0	8,7
2059	16.07.2025 16:32:18,000	6,12	23,83	31,7	7,0	51,3	0	9,0
2060	16.07.2025 16:32:19,000	6,12	23,85	30,1	8,1	51,8	0	10,4
2061	16.07.2025 16:32:20,000	6,15	23,88	27,5	6,1	56,4	0	7,4
2062	16.07.2025 16:32:21,000	6,15	23,90	29,0	6,7	54,3	0	8,3
2063	16.07.2025 16:32:22,000	6,15	23,92	27,4	5,9	56,7	0	7,2
2064	16.07.2025 16:32:23,000	6,15	23,94	27,2	3,7	59,1	0	4,4
2065	16.07.2025 16:32:24,000	6,15	23,97	35,6	6,3	48,1	0	8,5
2066	16.07.2025 16:32:25,000	6,15	24,01	31,0	-3,8	55,3	0	-4,6
2067	16.07.2025 16:32:26,000	6,15	24,06	39,4	1,4	49,2	0	1,8
2068	16.07.2025 16:32:27,000	6,15	24,08	38,0	-9,1	42,9	0	-13,4
2069	16.07.2025 16:32:28,000	6,15	24,10	34,0	4,3	51,7	0	5,6
2070	16.07.2025 16:32:29,000	6,15	24,12	37,1	5,2	47,7	0	7,1
2071	16.07.2025 16:32:30,000	6,15	24,12	32,0	-6,9	51,1	0	-9,0
2072	16.07.2025 16:32:31,000	6,15	24,15	40,8	4,0	45,2	0	5,6
2073	16.07.2025 16:32:32,000	6,15	24,17	39,7	-3,6	46,7	0	-4,9
2074	16.07.2025 16:32:33,000	6,15	24,21	44,8	-2,8	42,4	0	-4,1
2075	16.07.2025 16:32:34,000	6,15	24,24	47,3	-5,1	37,6	0	-8,4
2076	16.07.2025 16:32:35,000	6,15	24,26	49,0	-7,5	33,5	0	-13,4
2077	16.07.2025 16:32:36,000	6,15	24,30	50,6	-6,1	33,3	0	-11,1
2078	16.07.2025 16:32:37,000	6,15	24,30	51,2	-6,7	32,0	0	-12,6
2079	16.07.2025 16:32:38,000	6,15	24,35	53,0	-9,1	27,9	0	-18,8
2080	16.07.2025 16:32:39,000	6,15	24,37	52,1	-7,6	30,3	0	-14,8
2081	16.07.2025 16:32:40,000	6,12	24,39	52,2	-5,5	32,3	0	-10,1
2082	16.07.2025 16:32:41,000	6,12	24,44	53,1	-10,1	26,8	0	-21,4
2083	16.07.2025 16:32:42,000	6,12	24,46	53,8	-9,2	26,9	0	-19,6
2084	16.07.2025 16:32:43,000	6,12	24,48	51,6	-5,9	32,5	0	-10,8
2085	16.07.2025 16:32:44,000	6,12	24,48	51,3	-4,8	33,9	0	-8,6
2086	16.07.2025 16:32:45,000	6,12	24,53	51,6	-6,6	31,8	0	-12,4
2087	16.07.2025 16:32:46,000	6,12	24,55	51,1	-5,3	33,7	0	-9,5
2088	16.07.2025 16:32:47,000	6,12	24,57	50,8	-2,3	36,9	0	-3,8
2089	16.07.2025 16:32:48,000	6,12	24,59	50,1	-1,2	38,8	0	-1,9
2090	16.07.2025 16:32:49,000	6,12	24,62	49,0	-1,6	39,3	0	-2,5
2091	16.07.2025 16:32:50,000	6,12	24,66	47,6	0,1	42,3	0	0,2
2092	16.07.2025 16:32:51,000	6,12	24,66	44,9	0,3	44,8	0	0,4
2093	16.07.2025 16:32:52,000	6,12	24,71	46,4	-1,8	41,8	0	-2,6
2094	16.07.2025 16:32:53,000	6,12	24,73	45,2	1,8	43,0	0	2,6
2095	16.07.2025 16:32:54,000	6,12	24,75	37,9	1,8	50,3	0	2,3
2096	16.07.2025 16:32:55,000	6,12	24,80	40,9	2,8	46,3	0	3,8
2097	16.07.2025 16:32:56,000	6,12	24,82	41,5	-0,2	48,4	0	-0,2
2098	16.07.2025 16:32:57,000	6,15	24,84	35,6	0,2	54,2	0	0,2
2099	16.07.2025 16:32:58,000	6,15	24,87	35,6	2,1	52,3	0	2,6
2100	16.07.2025 16:32:59,000	6,15	24,89	37,3	5,7	47,0	0	7,9
2101	16.07.2025 16:33:00,000	6,15	24,93	35,2	2,7	52,1	0	3,4
2102	16.07.2025 16:33:01,000	6,15	24,96	36,1	3,6	50,3	0	4,7
2103	16.07.2025 16:33:02,000	6,15	24,98	37,8	4,7	47,5	0	6,5
2104	16.07.2025 16:33:03,000	6,15	25,02	40,0	2,4	47,7	0	3,2
2105	16.07.2025 16:33:04,000	6,15	25,05	36,7	3,9	49,4	0	5,2
2106	16.07.2025 16:33:05,000	6,15	25,07	32,8	5,0	52,2	0	6,4
2107	16.07.2025 16:33:06,000	6,15	25,11	38,8	6,9	44,3	0	9,9
2108	16.07.2025 16:33:07,000	6,15	25,14	42,4	-0,6	47,0	0	-0,8
2109	16.07.2025 16:33:08,000	6,15	25,18	41,3	4,9	43,8	0	7,1
2110	16.07.2025 16:33:09,000	6,15	25,20	38,7	6,7	44,7	0	9,5
2111	16.07.2025 16:33:10,000	6,15	25,23	39,6	2,1	48,2	0	2,9
2112	16.07.2025 16:33:11,000	6,15	25,27	44,8	1,9	43,3	0	2,7
2113	16.07.2025 16:33:12,000	6,19	25,30	48,2	0,9	40,9	0	1,4
2114	16.07.2025 16:33:13,000	6,19	25,32	49,2	0,5	40,3	0	0,8
2115	16.07.2025 16:33:14,000	6,19	25,34	49,9	-0,3	39,7	0	-0,5
2116	16.07.2025 16:33:15,000	6,19	25,39	47,7	2,4	39,9	0	3,8
2117	16.07.2025 16:33:16,000	6,15	25,41	47,2	2,9	39,8	0	4,6
2118	16.07.2025 16:33:17,000	6,19	25,43	51,2	-2,6	36,3	0	-4,3
2119	16.07.2025 16:33:18,000	6,19	25,48	51,9	-3,6	34,5	0	-6,4
2120	16.07.2025 16:33:19,000	6,19	25,50	52,4	-0,8	36,7	0	-1,4
2121	16.07.2025 16:33:20,000	6,19	25,52	49,7	1,9	38,4	0	3,1
2122	16.07.2025 16:33:21,000	6,19	25,57	51,4	-1,2	37,4	0	-1,9
2123	16.07.2025 16:33:22,000	6,19	25,61	52,3	-6,5	31,2	0	-12,4
2124	16.07.2025 16:33:23,000	6,19	25,66	52,7	-5,6	31,7	0	-10,5
2125	16.07.2025 16:33:24,000	6,19	25,66	52,9	-1,9	35,2	0	-3,2
2126	16.07.2025 16:33:25,000	6,19	25,70	52,1	-2,0	35,9	0	-3,5
2127	16.07.2025 16:33:26,000	6,19	25,72	51,6	-6,0	32,5	0	-11,1
2128	16.07.2025 16:33:27,000	6,19	25,75	52,4	-6,3	31,3	0	-12,1
2129	16.07.2025 16:33:28,000	6,19	25,79	52,7	-6,2	31,1	0	-11,8
2130	16.07.2025 16:33:29,000	6,19	25,84	53,0	-5,3	31,7	0	-10,0
2131	16.07.2025 16:33:30,000	6,19	25,86	51,7	-5,3	32,9	0	-9,8
2132	16.07.2025 16:33:31,000	6,19	25,90	52,8	-5,4	31,8	0	-10,2
2133	16.07.2025 16:33:32,000	6,19	25,93	53,4	-7,4	29,2	0	-14,8
2134	16.07.2025 16:33:33,000	6,19	25,97	52,6	-8,3	29,0	0	-16,8
2135	16.07.2025 16:33:34,000	6,19	25,99	54,6	-5,1	30,3	0	-10,2
2136	16.07.2025 16:33:35,000	6,19	26,02	53,7	-3,8	32,5	0	-7,0
2137	16.07.2025 16:33:36,000	6,15	26,06	53,8	-6,0	30,2	0	-11,8
2138	16.07.2025 16:33:37,000	6,19	26,11	54,3	-8,7	27,0	0	-18,6
2139	16.07.2025 16:33:38,000	6,19	26,13	57,7	-5,6	26,7	0	-12,2
2140	16.07.2025 16:33:39,000	6,19	26,15	60,0	-0,3	29,6	0	-0,7
2141	16.07.2025 16:33:40,000	6,19	26,17	59,6	-0,8	29,6	0	-1,7
2142	16.07.2025 16:33:41,000	6,19	26,22	59,2	-3,3	27,5	0	-7,2
2143	16.07.2025 16:33:42,000	6,19	26,26	58,3	-2,6	29,1	0	-5,4
2144	16.07.2025 16:33:43,000	6,23	26,29	59,4	-3,0	27,7	0	-6,4
2145	16.07.2025 16:33:44,000	6,23	26,33	56,2	-6,7	27,1	0	-14,4
2146	16.07.2025 16:33:45,000	6,23	26,38	58,6	-3,5	27,9	0	-7,5
2147	16.07.2025 16:33:46,000	6,23	26,38	58,1	0,7	31,2	0	1,4
2148	16.07.2025 16:33:47,000	6,23	26,42	59,2	-1,7	29,1	0	-3,5
2149	16.07.2025 16:33:48,000	6,23	26,45	57,5	-6,8	25,8	0	-15,2
2150	16.07.2025 16:33:49,000	6,23	26,49	56,5	-5,1	28,5	0	-10,5
2151	16.07.2025 16:33:50,000	6,23	26,54	58,3	-0,4	31,3	0	-0,7
2152	16.07.2025 16:33:51,000	6,23	26,54	55,4	0,9	33,7	0	1,7
2153	16.07.2025 16:33:52,000	6,23	26,58	56,7	-1,3	32,0	0	-2,4
2154	16.07.2025 16:33:53,000	6,23	26,63	55,5	-6,1	28,5	0	-12,6
2155	16.07.2025 16:33:54,000	6,23	26,65	56,4	-6,2	27,4	0	-13,3
2156	16.07.2025 16:33:55,000	6,23	26,67	56,9	-2,3	30,8	0	-4,5
2157	16.07.2025 16:33:56,000	6,23	26,67	55,6	-1,3	33,0	0	-2,5
2158	16.07.2025 16:33:57,000	6,23	26,72	55,3	-4,4	30,3	0	-8,7
2159	16.07.2025 16:33:58,000	6,23	26,72	53,6	-2,7	33,7	0	-4,8
2160	16.07.2025 16:33:59,000	6,23	26,74	28,1	-10,5	51,5	0	-13,5
2161	16.07.2025 16:34:00,000	6,23	26,74	2,7	-27,8	59,5	0	-28,6
2162	16.07.2025 16:34:01,000	6,23	26,74	3,6	-15,8	70,7	0	-16,4
2163	16.07.2025 16:34:02,000	6,23	26,72	-2,0	-13,4	74,6	0	-13,7
2164	16.07.2025 16:34:03,000	6,23	26,74	0,0	4,5	85,5	0	4,5
2165	16.07.2025 16:34:04,000	6,23	26,72	-0,1	9,4	80,5	0	9,4
2166	16.07.2025 16:34:05,000	6,23	26,72	0,3	14,4	75,3	0	14,5
2167	16.07.2025 16:34:06,000	6,23	26,72	-5,5	10,6	73,9	0	11,1
2168	16.07.2025 16:34:07,000	6,23	26,74	-3,5	6,2	80,3	0	6,4
2169	16.07.2025 16:34:08,000	6,23	26,74	0,8	4,7	84,5	0	4,7
2170	16.07.2025 16:34:09,000	6,26	26,72	0,1	7,9	82,0	0	7,9
2171	16.07.2025 16:34:10,000	6,26	26,72	1,8	12,0	76,2	0	12,2
2172	16.07.2025 16:34:11,000	6,26	26,72	0,7	9,4	79,9	0	9,5
2173	16.07.2025 16:34:12,000	6,26	26,70	-0,2	12,7	77,1	0	12,8
2174	16.07.2025 16:34:13,000	6,26	26,70	-0,6	12,3	77,1	0	12,4
2175	16.07.2025 16:34:14,000	6,26	26,70	-1,3	12,0	76,7	0	12,2
2176	16.07.2025 16:34:15,000	6,26	26,70	-0,8	16,6	72,6	0	16,8
2177	16.07.2025 16:34:16,000	6,26	26,70	-1,9	14,7	73,4	0	15,0
2178	16.07.2025 16:34:17,000	6,26	26,72	0,2	14,4	75,4	0	14,4
2179	16.07.2025 16:34:18,000	6,26	26,70	1,4	12,1	76,5	0	12,3
2180	16.07.2025 16:34:19,000	6,26	26,70	0,8	13,1	76,1	0	13,2
2181	16.07.2025 16:34:20,000	6,26	26,70	1,3	12,4	76,3	0	12,6
2182	16.07.2025 16:34:21,000	6,26	26,70	-4,0	8,4	77,6	0	8,8
2183	16.07.2025 16:34:22,000	6,26	26,70	0,1	11,5	78,4	0	11,5
2184	16.07.2025 16:34:23,000	6,26	26,70	1,1	11,8	77,1	0	11,9
2185	16.07.2025 16:34:24,000	6,26	26,70	-1,9	10,7	77,4	0	10,9
2186	16.07.2025 16:34:25,000	6,26	26,70	-3,5	7,2	79,3	0	7,4
2187	16.07.2025 16:34:26,000	6,26	26,70	-2,1	10,5	77,4	0	10,7
2188	16.07.2025 16:34:27,000	6,26	26,70	-2,4	10,7	76,9	0	11,0
2189	16.07.2025 16:34:28,000	6,26	26,70	-1,1	9,8	79,1	0	9,9
2190	16.07.2025 16:34:29,000	6,26	26,70	0,7	12,7	76,7	0	12,7
2191	16.07.2025 16:34:30,000	6,26	26,70	1,3	9,9	78,9	0	10,0
2192	16.07.2025 16:34:31,000	6,26	26,70	-2,4	9,7	77,9	0	10,0
2193	16.07.2025 16:34:32,000	6,26	26,70	-2,5	8,2	79,3	0	8,4
2194	16.07.2025 16:34:33,000	6,26	26,70	0,3	7,2	82,5	0	7,2
2195	16.07.2025 16:34:34,000	6,26	26,67	-1,6	11,2	77,1	0	11,4
2196	16.07.2025 16:34:35,000	6,26	26,67	-2,5	11,1	76,3	0	11,4
2197	16.07.2025 16:34:36,000	6,26	26,67	-3,0	10,2	76,8	0	10,6
2198	16.07.2025 16:34:37,000	6,26	26,70	-0,7	8,3	81,0	0	8,4
2199	16.07.2025 16:34:38,000	6,26	26,67	-2,1	9,7	78,3	0	9,9
2200	16.07.2025 16:34:39,000	6,26	26,70	-2,7	8,3	78,9	0	8,6
2201	16.07.2025 16:34:40,000	6,26	26,70	-2,3	6,3	81,4	0	6,5
2202	16.07.2025 16:34:41,000	6,26	26,67	-3,1	7,7	79,1	0	8,0
2203	16.07.2025 16:34:42,000	6,26	26,67	-2,2	7,8	80,0	0	8,0
2204	16.07.2025 16:34:43,000	6,26	26,70	-1,4	6,6	82,0	0	6,7
2205	16.07.2025 16:34:44,000	6,26	26,70	-3,7	7,7	78,6	0	8,0
2206	16.07.2025 16:34:45,000	6,26	26,70	-1,6	7,6	80,8	0	7,7
2207	16.07.2025 16:34:46,000	6,30	26,70	0,5	10,7	78,8	0	10,8
2208	16.07.2025 16:34:47,000	6,26	26,65	-0,2	8,3	81,5	0	8,3
2209	16.07.2025 16:34:48,000	6,26	26,67	-3,7	5,8	80,5	0	6,0
2210	16.07.2025 16:34:49,000	6,26	26,67	-1,2	8,2	80,6	0	8,3
2211	16.07.2025 16:34:50,000	6,26	26,70	-1,2	7,8	81,0	0	7,9
2212	16.07.2025 16:34:51,000	6,26	26,67	-0,3	10,1	79,6	0	10,1
2213	16.07.2025 16:34:52,000	6,30	26,68	-1,1	7,5	81,4	0	7,6
2214	16.07.2025 16:34:53,000	6,30	26,65	0,9	10,3	78,8	0	10,4
2215	16.07.2025 16:34:54,000	6,30	26,65	-2,0	10,1	77,9	0	10,3
2216	16.07.2025 16:34:55,000	6,26	26,67	-3,4	5,9	80,6	0	6,1
2217	16.07.2025 16:34:56,000	6,30	26,65	0,3	8,7	81,0	0	8,7
2218	16.07.2025 16:34:57,000	6,30	26,65	2,6	8,4	79,0	0	8,6
2219	16.07.2025 16:34:58,000	6,30	26,63	-0,5	9,5	80,1	0	9,5
2220	16.07.2025 16:34:59,000	6,30	26,65	-1,7	7,9	80,3	0	8,1
2221	16.07.2025 16:35:00,000	6,30	26,65	-0,1	11,0	79,0	0	11,0
2222	16.07.2025 16:35:01,000	6,30	26,65	-0,3	9,0	80,7	0	9,0
2223	16.07.2025 16:35:02,000	6,30	26,65	1,6	9,1	79,3	0	9,3
2224	16.07.2025 16:35:03,000	6,30	26,63	-1,0	9,3	79,7	0	9,4
2225	16.07.2025 16:35:04,000	6,30	26,63	-1,7	8,2	80,1	0	8,4
2226	16.07.2025 16:35:05,000	6,30	26,65	-0,6	9,5	79,9	0	9,6
2227	16.07.2025 16:35:06,000	6,30	26,61	-0,9	10,0	79,2	0	10,1
2228	16.07.2025 16:35:07,000	6,30	26,63	-0,1	12,1	77,8	0	12,1
2229	16.07.2025 16:35:08,000	6,30	26,63	0,9	11,2	77,9	0	11,3
2230	16.07.2025 16:35:09,000	6,30	26,63	-1,4	10,7	77,9	0	10,9
2231	16.07.2025 16:35:10,000	6,30	26,61	-3,3	3,8	82,9	0	3,9
2232	16.07.2025 16:35:11,000	6,30	26,63	-2,7	6,5	80,9	0	6,6
2233	16.07.2025 16:35:12,000	6,30	26,63	-2,4	5,8	81,7	0	6,0
2234	16.07.2025 16:35:13,000	6,30	26,61	-0,9	8,9	80,2	0	9,0
2235	16.07.2025 16:35:14,000	6,30	26,61	-2,1	9,7	78,2	0	9,9
2236	16.07.2025 16:35:15,000	6,30	26,61	0,4	12,4	77,2	0	12,4
2237	16.07.2025 16:35:16,000	6,30	26,61	-2,5	7,5	80,0	0	7,7
2238	16.07.2025 16:35:17,000	6,30	26,61	-3,1	10,2	76,8	0	10,5
2239	16.07.2025 16:35:18,000	6,30	26,63	-0,7	10,0	79,3	0	10,1
2240	16.07.2025 16:35:19,000	6,30	26,63	1,1	12,8	76,1	0	13,0
2241	16.07.2025 16:35:20,000	6,30	26,61	-0,6	9,6	79,8	0	9,7
2242	16.07.2025 16:35:21,000	6,30	26,61	-2,2	6,2	81,6	0	6,4
2243	16.07.2025 16:35:22,000	6,30	26,61	-1,2	6,8	82,0	0	6,9
2244	16.07.2025 16:35:23,000	6,30	26,61	-0,7	9,6	79,8	0	9,6
2245	16.07.2025 16:35:24,000	6,30	26,61	-2,2	4,7	83,1	0	4,8
2246	16.07.2025 16:35:25,000	6,30	26,61	-0,3	7,5	82,2	0	7,5
2247	16.07.2025 16:35:26,000	6,30	26,61	-2,6	9,0	78,4	0	9,2
2248	16.07.2025 16:35:27,000	6,30	26,61	-2,5	11,6	75,9	0	11,9
2249	16.07.2025 16:35:28,000	6,30	26,61	1,8	13,4	74,7	0	13,7
2250	16.07.2025 16:35:29,000	6,30	26,61	-1,6	4,8	83,6	0	4,9
2251	16.07.2025 16:35:30,000	6,30	26,59	-1,9	5,1	83,0	0	5,2
2252	16.07.2025 16:35:31,000	6,30	26,59	-1,4	7,1	81,5	0	7,2
2253	16.07.2025 16:35:32,000	6,30	26,61	-1,9	5,6	82,6	0	5,7
2254	16.07.2025 16:35:33,000	6,30	26,61	-1,8	6,1	82,1	0	6,2
2255	16.07.2025 16:35:34,000	6,30	26,59	-0,3	8,0	81,8	0	8,0
2256	16.07.2025 16:35:35,000	6,30	26,59	-1,0	5,5	83,5	0	5,5
2257	16.07.2025 16:35:36,000	6,30	26,59	-2,7	7,2	80,1	0	7,4
2258	16.07.2025 16:35:37,000	6,30	26,59	-1,9	4,5	83,6	0	4,5
2259	16.07.2025 16:35:38,000	6,30	26,59	-2,2	4,4	83,4	0	4,4
2260	16.07.2025 16:35:39,000	6,30	26,59	-3,2	6,5	80,2	0	6,7
2261	16.07.2025 16:35:40,000	6,30	26,59	-2,0	7,5	80,5	0	7,7
2262	16.07.2025 16:35:41,000	6,30	26,59	-2,4	5,2	82,3	0	5,4
2263	16.07.2025 16:35:42,000	6,30	26,59	-1,1	8,3	80,6	0	8,4
2264	16.07.2025 16:35:43,000	6,30	26,59	-1,4	7,0	81,6	0	7,1
2265	16.07.2025 16:35:44,000	6,30	26,56	-2,3	4,8	82,9	0	4,9
2266	16.07.2025 16:35:45,000	6,30	26,59	-1,1	5,6	83,3	0	5,6
2267	16.07.2025 16:35:46,000	6,30	26,59	-0,4	4,4	85,2	0	4,4
2268	16.07.2025 16:35:47,000	6,30	26,56	-0,3	5,8	83,9	0	5,8
2269	16.07.2025 16:35:48,000	6,30	26,59	-2,1	7,4	80,4	0	7,6
2270	16.07.2025 16:35:49,000	6,30	26,59	-3,1	3,9	83,0	0	4,0
2271	16.07.2025 16:35:50,000	6,30	26,56	-2,1	6,3	81,6	0	6,4
2272	16.07.2025 16:35:51,000	6,30	26,56	-1,8	6,5	81,7	0	6,7
2273	16.07.2025 16:35:52,000	6,30	26,59	-3,4	6,4	80,3	0	6,6
2274	16.07.2025 16:35:53,000	6,30	26,56	-2,4	9,7	77,8	0	10,0
2275	16.07.2025 16:35:54,000	6,30	26,56	-2,8	9,0	78,2	0	9,3
2276	16.07.2025 16:35:55,000	6,30	26,56	-1,5	-3,2	85,3	1	-3,2
2277	16.07.2025 16:35:56,000	6,30	26,59	-3,1	5,6	81,3	0	5,7
2278	16.07.2025 16:35:57,000	6,30	26,59	-3,0	6,0	81,0	0	6,1
2279	16.07.2025 16:35:58,000	6,30	26,56	-0,7	3,2	86,1	0	3,2
2280	16.07.2025 16:35:59,000	6,30	26,56	3,1	11,0	75,9	0	11,4
2281	16.07.2025 16:36:00,000	6,30	26,56	-0,5	9,4	80,1	0	9,4
2282	16.07.2025 16:36:01,000	6,30	26,56	-2,1	6,7	81,2	0	6,8
2283	16.07.2025 16:36:02,000	6,30	26,56	-1,8	6,4	81,8	0	6,5
2284	16.07.2025 16:36:03,000	6,30	26,59	-2,6	7,1	80,4	0	7,3
2285	16.07.2025 16:36:04,000	6,30	26,56	-2,5	8,0	79,6	0	8,2
2286	16.07.2025 16:36:05,000	6,30	26,56	-3,1	8,8	78,0	0	9,1
2287	16.07.2025 16:36:06,000	6,30	26,56	-2,8	11,4	75,8	0	11,7
2288	16.07.2025 16:36:07,000	6,30	26,59	-2,3	11,1	76,6	0	11,3
2289	16.07.2025 16:36:08,000	6,30	26,56	-0,4	11,5	78,1	0	11,5
2290	16.07.2025 16:36:09,000	6,30	26,56	-0,2	9,3	80,5	0	9,3
2291	16.07.2025 16:36:10,000	6,30	26,56	0,0	12,7	77,3	0	12,7
2292	16.07.2025 16:36:11,000	6,30	26,56	1,0	12,5	76,5	0	12,6
2293	16.07.2025 16:36:12,000	6,30	26,56	2,0	11,7	76,3	0	11,9
2294	16.07.2025 16:36:13,000	6,30	26,56	-0,4	14,0	75,6	0	14,1
2295	16.07.2025 16:36:14,000	6,30	26,54	-2,8	11,6	75,6	0	11,9
2296	16.07.2025 16:36:15,000	6,30	26,54	-0,8	15,4	73,8	0	15,6
2297	16.07.2025 16:36:16,000	6,30	26,54	0,0	9,9	80,1	0	9,9
2298	16.07.2025 16:36:17,000	6,30	26,56	0,2	13,6	76,2	0	13,7
2299	16.07.2025 16:36:18,000	6,30	26,54	-0,4	12,3	77,3	0	12,4
2300	16.07.2025 16:36:19,000	6,30	26,54	-1,7	8,7	79,6	0	8,9
2301	16.07.2025 16:36:20,000	6,30	26,54	-2,2	7,8	80,0	0	8,0
2302	16.07.2025 16:36:21,000	6,30	26,54	-0,7	6,8	82,4	0	6,9
2303	16.07.2025 16:36:22,000	6,30	26,54	-0,5	8,2	81,4	0	8,2
2304	16.07.2025 16:36:23,000	6,30	26,52	-2,1	7,7	80,1	0	7,9
2305	16.07.2025 16:36:24,000	6,30	26,54	-2,4	6,9	80,7	0	7,1
2306	16.07.2025 16:36:25,000	6,30	26,54	-3,7	5,2	81,1	0	5,4
2307	16.07.2025 16:36:26,000	6,30	26,54	-0,3	8,4	81,3	0	8,5
2308	16.07.2025 16:36:27,000	6,30	26,54	-0,4	5,3	84,3	0	5,3
2309	16.07.2025 16:36:28,000	6,30	26,54	-3,9	3,5	82,6	0	3,6
2310	16.07.2025 16:36:29,000	6,30	26,54	-2,1	5,0	82,9	0	5,1
2311	16.07.2025 16:36:30,000	6,30	26,52	-0,2	5,2	84,6	0	5,2
2312	16.07.2025 16:36:31,000	6,30	26,52	-2,2	5,3	82,5	0	5,4
2313	16.07.2025 16:36:32,000	6,30	26,52	-1,1	6,1	82,8	0	6,2
2314	16.07.2025 16:36:33,000	6,30	26,52	-1,8	3,2	85,0	0	3,2
2315	16.07.2025 16:36:34,000	6,30	26,52	-0,3	7,6	82,1	0	7,6
2316	16.07.2025 16:36:35,000	6,30	26,52	-1,5	7,3	81,2	0	7,4
2317	16.07.2025 16:36:36,000	6,30	26,52	-3,2	7,6	79,1	0	7,9
2318	16.07.2025 16:36:37,000	6,30	26,52	-2,1	7,9	80,0	0	8,1
2319	16.07.2025 16:36:38,000	6,30	26,52	-0,6	6,7	82,7	0	6,7
2320	16.07.2025 16:36:39,000	6,30	26,52	-0,3	5,9	83,8	0	5,9
2321	16.07.2025 16:36:40,000	6,30	26,52	0,1	7,7	82,2	0	7,7
2322	16.07.2025 16:36:41,000	6,30	26,50	0,8	9,5	79,7	0	9,6
2323	16.07.2025 16:36:42,000	6,30	26,52	1,1	11,0	77,9	0	11,2
2324	16.07.2025 16:36:43,000	6,30	26,50	1,5	10,8	77,7	0	11,0
2325	16.07.2025 16:36:44,000	6,30	26,52	-1,2	9,6	79,2	0	9,7
2326	16.07.2025 16:36:45,000	6,30	26,50	-2,2	8,8	79,0	0	9,0
2327	16.07.2025 16:36:46,000	6,30	26,50	-3,2	11,5	75,3	0	11,9
2328	16.07.2025 16:36:47,000	6,30	26,52	7,3	17,3	65,3	0	18,7
2329	16.07.2025 16:36:48,000	6,30	26,50	-0,9	9,4	79,6	0	9,5
2330	16.07.2025 16:36:49,000	6,30	26,50	-1,1	12,0	76,9	0	12,1
2331	16.07.2025 16:36:50,000	6,30	26,50	-0,5	11,1	78,4	0	11,2
2332	16.07.2025 16:36:51,000	6,30	26,50	-3,5	8,3	78,2	0	8,6
2333	16.07.2025 16:36:52,000	6,30	26,50	-0,7	5,4	83,9	0	5,4
2334	16.07.2025 16:36:53,000	6,30	26,50	-2,4	8,7	78,9	0	8,9
2335	16.07.2025 16:36:54,000	6,30	26,50	-2,0	7,7	80,3	0	7,8
2336	16.07.2025 16:36:55,000	6,30	26,50	0,1	10,0	79,9	0	10,0
2337	16.07.2025 16:36:56,000	6,30	26,47	0,2	12,1	77,7	0	12,1
2338	16.07.2025 16:36:57,000	6,30	26,50	-2,0	12,4	75,6	0	12,7
2339	16.07.2025 16:36:58,000	6,30	26,50	-0,3	12,8	76,9	0	12,8
2340	16.07.2025 16:36:59,000	6,30	26,50	-0,3	10,7	79,0	0	10,8
2341	16.07.2025 16:37:00,000	6,30	26,50	-1,3	11,4	77,3	0	11,6
2342	16.07.2025 16:37:01,000	6,30	26,50	10,7	12,1	67,2	0	13,3
2343	16.07.2025 16:37:02,000	6,30	26,50	-2,9	17,2	69,9	0	17,8
2344	16.07.2025 16:37:03,000	6,30	26,47	-3,5	10,3	76,2	0	10,7
2345	16.07.2025 16:37:04,000	6,30	26,50	0,3	9,2	80,5	0	9,2
2346	16.07.2025 16:37:05,000	6,30	26,47	-2,6	9,0	78,5	0	9,2
2347	16.07.2025 16:37:06,000	6,30	26,50	-0,1	7,9	82,0	0	7,9
2348	16.07.2025 16:37:07,000	6,30	26,47	1,3	11,4	77,4	0	11,5
2349	16.07.2025 16:37:08,000	6,30	26,47	1,2	9,7	79,1	0	9,9
2350	16.07.2025 16:37:09,000	6,30	26,47	-0,3	9,4	80,3	0	9,4
2351	16.07.2025 16:37:10,000	6,30	26,45	-1,3	10,0	78,7	0	10,1
2352	16.07.2025 16:37:11,000	6,30	26,47	-0,3	10,1	79,6	0	10,1
2353	16.07.2025 16:37:12,000	6,30	26,47	0,0	13,7	76,3	0	13,7
2354	16.07.2025 16:37:13,000	6,30	26,47	-1,6	14,4	74,0	0	14,7
2355	16.07.2025 16:37:14,000	6,30	26,47	-1,4	14,0	74,6	0	14,3
2356	16.07.2025 16:37:15,000	6,30	26,47	1,4	16,5	72,0	0	16,8
2357	16.07.2025 16:37:16,000	6,30	26,45	0,5	16,1	73,4	0	16,2
2358	16.07.2025 16:37:17,000	6,30	26,47	-0,7	14,6	74,8	0	14,7
2359	16.07.2025 16:37:18,000	6,30	26,47	2,1	10,7	77,2	0	11,0
2360	16.07.2025 16:37:19,000	6,30	26,45	-1,4	13,1	75,5	0	13,3
2361	16.07.2025 16:37:20,000	6,30	26,43	0,2	14,3	75,5	0	14,3
2362	16.07.2025 16:37:21,000	6,30	26,45	-0,5	14,2	75,3	0	14,3
2363	16.07.2025 16:37:22,000	6,30	26,43	-0,5	17,2	72,3	0	17,3
2364	16.07.2025 16:37:23,000	6,30	26,45	1,1	17,2	71,8	0	17,4
2365	16.07.2025 16:37:24,000	6,30	26,43	-0,9	16,5	72,6	0	16,7
2366	16.07.2025 16:37:25,000	6,30	26,45	-0,9	16,0	73,0	0	16,2
2367	16.07.2025 16:37:26,000	6,33	26,43	-0,4	16,1	73,5	0	16,1
2368	16.07.2025 16:37:27,000	6,30	26,45	-3,3	11,7	74,9	0	12,1
2369	16.07.2025 16:37:28,000	6,30	26,45	4,0	9,7	76,3	0	10,1
2370	16.07.2025 16:37:29,000	6,33	26,45	3,1	11,5	75,4	0	11,9
2371	16.07.2025 16:37:30,000	6,33	26,45	1,0	16,7	72,4	0	16,8
2372	16.07.2025 16:37:31,000	6,30	26,43	-1,0	17,2	71,8	0	17,4
2373	16.07.2025 16:37:32,000	6,33	26,43	2,2	15,4	72,4	0	15,7
2374	16.07.2025 16:37:33,000	6,33	26,43	1,0	15,7	73,4	0	15,8
2375	16.07.2025 16:37:34,000	6,33	26,43	0,5	16,4	73,1	0	16,5
2376	16.07.2025 16:37:35,000	6,33	26,43	-0,4	16,8	72,8	0	16,8
2377	16.07.2025 16:37:36,000	6,33	26,43	-0,5	19,9	69,6	0	20,0
2378	16.07.2025 16:37:37,000	6,33	26,43	-0,5	18,3	71,3	0	18,4
2379	16.07.2025 16:37:38,000	6,33	26,43	1,3	15,8	72,9	0	16,0
2380	16.07.2025 16:37:39,000	6,33	26,43	2,5	15,8	71,7	0	16,2
2381	16.07.2025 16:37:40,000	6,33	26,43	-0,2	16,9	72,9	0	17,0
2382	16.07.2025 16:37:41,000	6,33	26,43	0,6	16,4	73,0	0	16,5
2383	16.07.2025 16:37:42,000	6,33	26,41	0,5	14,8	74,7	0	14,9
2384	16.07.2025 16:37:43,000	6,33	26,41	0,2	16,7	73,1	0	16,7
2385	16.07.2025 16:37:44,000	6,33	26,41	1,4	16,5	72,2	0	16,7
2386	16.07.2025 16:37:45,000	6,33	26,41	0,0	16,6	73,4	0	16,6
2387	16.07.2025 16:37:46,000	6,33	26,41	0,9	18,4	70,7	0	18,6
2388	16.07.2025 16:37:47,000	6,33	26,41	0,6	18,2	71,2	0	18,3
2389	16.07.2025 16:37:48,000	6,33	26,41	1,2	19,9	68,9	0	20,2
2390	16.07.2025 16:37:49,000	6,33	26,43	0,9	19,5	69,6	0	19,7
2391	16.07.2025 16:37:50,000	6,33	26,39	1,1	17,4	71,5	0	17,6
2392	16.07.2025 16:37:51,000	6,33	26,39	0,8	17,9	71,3	0	18,0
2393	16.07.2025 16:37:52,000	6,33	26,39	-0,1	17,5	72,4	0	17,5
2394	16.07.2025 16:37:53,000	6,33	26,39	1,2	17,5	71,3	0	17,7
2395	16.07.2025 16:37:54,000	6,33	26,39	-0,8	18,1	71,1	0	18,2
2396	16.07.2025 16:37:55,000	6,33	26,39	-0,7	14,1	75,2	0	14,2
2397	16.07.2025 16:37:56,000	6,33	26,39	1,3	17,2	71,5	0	17,4
2398	16.07.2025 16:37:57,000	6,33	26,39	0,3	17,7	72,0	0	17,8
2399	16.07.2025 16:37:58,000	6,33	26,39	0,5	20,0	69,5	0	20,1
2400	16.07.2025 16:37:59,000	6,33	26,39	-0,5	18,2	71,3	0	18,3
2401	16.07.2025 16:38:00,000	6,33	26,39	1,7	18,0	70,3	0	18,3
2402	16.07.2025 16:38:01,000	6,33	26,39	1,5	17,0	71,5	0	17,3
2403	16.07.2025 16:38:02,000	6,33	26,39	0,1	18,2	71,7	0	18,2
2404	16.07.2025 16:38:03,000	6,33	26,36	0,8	20,1	69,1	0	20,3
2405	16.07.2025 16:38:04,000	6,33	26,36	0,6	17,7	71,7	0	17,8
2406	16.07.2025 16:38:05,000	6,33	26,36	-0,4	19,1	70,4	0	19,2
2407	16.07.2025 16:38:06,000	6,33	26,36	-0,5	17,1	72,4	0	17,2
2408	16.07.2025 16:38:07,000	6,33	26,36	0,1	19,0	70,8	0	19,1
2409	16.07.2025 16:38:08,000	6,33	26,36	0,3	20,0	69,7	0	20,1
2410	16.07.2025 16:38:09,000	6,33	26,39	-0,6	18,6	70,8	0	18,8
2411	16.07.2025 16:38:10,000	6,33	26,39	-1,1	17,8	71,1	0	18,0
2412	16.07.2025 16:38:11,000	6,33	26,39	1,0	16,5	72,6	0	16,6
2413	16.07.2025 16:38:12,000	6,33	26,39	1,6	18,0	70,4	0	18,3
2414	16.07.2025 16:38:13,000	6,33	26,39	0,3	18,6	71,1	0	18,6
2415	16.07.2025 16:38:14,000	6,33	26,36	1,5	18,8	69,6	0	19,2
2416	16.07.2025 16:38:15,000	6,33	26,36	-0,1	18,8	71,1	0	18,8
2417	16.07.2025 16:38:16,000	6,33	26,36	-1,0	19,6	69,5	0	19,8
2418	16.07.2025 16:38:17,000	6,33	26,39	-1,2	18,4	70,3	0	18,7
2419	16.07.2025 16:38:18,000	6,33	26,36	1,4	15,0	73,6	0	15,2
2420	16.07.2025 16:38:19,000	6,33	26,36	2,4	16,9	70,8	0	17,3
2421	16.07.2025 16:38:20,000	6,33	26,36	-0,3	17,4	72,3	0	17,5
2422	16.07.2025 16:38:21,000	6,33	26,36	-0,7	16,8	72,5	0	16,9
2423	16.07.2025 16:38:22,000	6,33	26,36	0,6	17,4	72,1	0	17,5
2424	16.07.2025 16:38:23,000	6,33	26,36	0,1	17,8	72,0	0	17,9
2425	16.07.2025 16:38:24,000	6,33	26,36	0,1	18,4	71,5	0	18,5
2426	16.07.2025 16:38:25,000	6,33	26,36	0,9	16,7	72,4	0	16,9
2427	16.07.2025 16:38:26,000	6,33	26,36	-0,2	15,8	74,0	0	15,8
2428	16.07.2025 16:38:27,000	6,33	26,34	-4,3	5,9	79,8	0	6,1
2429	16.07.2025 16:38:28,000	6,33	26,36	0,9	18,5	70,6	0	18,7
2430	16.07.2025 16:38:29,000	6,33	26,36	-0,2	22,0	67,8	0	22,0
2431	16.07.2025 16:38:30,000	6,33	26,36	1,6	18,4	70,0	0	18,7
2432	16.07.2025 16:38:31,000	6,33	26,34	-0,9	15,5	73,6	0	15,6
2433	16.07.2025 16:38:32,000	6,33	26,34	-0,1	15,6	74,3	0	15,6
2434	16.07.2025 16:38:33,000	6,33	26,34	-0,7	18,7	70,6	0	18,9
2435	16.07.2025 16:38:34,000	6,33	26,36	-0,6	18,2	71,2	0	18,3
2436	16.07.2025 16:38:35,000	6,33	26,34	-0,5	17,6	71,8	0	17,7
2437	16.07.2025 16:38:36,000	6,33	26,34	-1,4	16,9	71,8	0	17,1
2438	16.07.2025 16:38:37,000	6,33	26,39	-0,7	16,8	72,5	0	17,0
2439	16.07.2025 16:38:38,000	6,33	26,36	-0,8	15,0	74,2	0	15,1
2440	16.07.2025 16:38:39,000	6,33	26,34	-1,2	14,5	74,3	0	14,6
2441	16.07.2025 16:38:40,000	6,33	26,34	-0,9	15,8	73,3	0	16,0
2442	16.07.2025 16:38:41,000	6,33	26,34	0,5	14,6	74,9	0	14,7
2443	16.07.2025 16:38:42,000	6,33	26,34	0,6	15,3	74,1	0	15,4
2444	16.07.2025 16:38:43,000	6,33	26,34	-0,5	15,3	74,2	0	15,4
2445	16.07.2025 16:38:44,000	6,33	26,34	-2,1	14,3	73,6	0	14,6
2446	16.07.2025 16:38:45,000	6,33	26,34	-0,8	13,3	75,8	0	13,5
2447	16.07.2025 16:38:46,000	6,33	26,34	-3,1	5,9	81,1	0	6,0
2448	16.07.2025 16:38:47,000	6,33	26,34	0,7	16,8	72,5	0	17,0
2449	16.07.2025 16:38:48,000	6,33	26,34	0,1	18,7	71,3	0	18,7
2450	16.07.2025 16:38:49,000	6,33	26,34	-0,6	18,1	71,3	0	18,2
2451	16.07.2025 16:38:50,000	6,33	26,34	1,0	15,0	74,0	0	15,2
2452	16.07.2025 16:38:51,000	6,33	26,34	0,6	14,5	74,9	0	14,6
2453	16.07.2025 16:38:52,000	6,33	26,34	1,7	16,5	71,8	0	16,8
2454	16.07.2025 16:38:53,000	6,33	26,32	-0,1	18,4	71,5	0	18,4
2455	16.07.2025 16:38:54,000	6,33	26,34	-1,0	19,3	69,6	0	19,6
2456	16.07.2025 16:38:55,000	6,33	26,34	0,1	16,7	73,1	0	16,8
2457	16.07.2025 16:38:56,000	6,33	26,32	1,8	15,3	72,9	0	15,6
2458	16.07.2025 16:38:57,000	6,33	26,34	0,4	16,5	73,2	0	16,5
2459	16.07.2025 16:38:58,000	6,33	26,32	-0,2	15,2	74,6	0	15,2
2460	16.07.2025 16:38:59,000	6,33	26,34	0,9	16,3	72,8	0	16,5
2461	16.07.2025 16:39:00,000	6,33	26,34	-0,4	13,9	75,7	0	14,0
2462	16.07.2025 16:39:01,000	6,33	26,34	-1,9	5,7	82,4	0	5,8
2463	16.07.2025 16:39:02,000	6,33	26,34	0,0	6,5	83,4	0	6,5
2464	16.07.2025 16:39:03,000	6,33	26,32	-0,4	8,2	81,4	0	8,2
2465	16.07.2025 16:39:04,000	6,33	26,32	-1,3	6,2	82,6	0	6,2
2466	16.07.2025 16:39:05,000	6,33	26,32	0,7	10,6	78,7	0	10,7
2467	16.07.2025 16:39:06,000	6,33	26,32	0,5	12,7	76,8	0	12,8
2468	16.07.2025 16:39:07,000	6,33	26,32	0,2	14,8	75,0	0	14,8
2469	16.07.2025 16:39:08,000	6,33	26,32	-0,8	13,2	76,0	0	13,3
2470	16.07.2025 16:39:09,000	6,33	26,32	1,3	13,1	75,6	0	13,3
2471	16.07.2025 16:39:10,000	6,33	26,32	0,3	19,2	70,5	0	19,2
2472	16.07.2025 16:39:11,000	6,33	26,32	3,5	14,4	72,1	0	15,0
2473	16.07.2025 16:39:12,000	6,33	26,32	0,5	13,8	75,7	0	13,9
2474	16.07.2025 16:39:13,000	6,33	26,32	1,8	14,8	73,4	0	15,1
2475	16.07.2025 16:39:14,000	6,33	26,32	4,8	14,6	70,5	0	15,4
2476	16.07.2025 16:39:15,000	6,33	26,32	-0,7	15,5	73,8	0	15,6
2477	16.07.2025 16:39:16,000	6,33	26,32	0,2	9,8	80,0	0	9,8
2478	16.07.2025 16:39:17,000	6,33	26,32	0,1	12,5	77,4	0	12,5
2479	16.07.2025 16:39:18,000	6,33	26,32	0,8	14,2	75,1	0	14,3
2480	16.07.2025 16:39:19,000	6,33	26,32	-0,2	12,4	77,5	0	12,4
2481	16.07.2025 16:39:20,000	6,33	26,32	3,1	8,4	78,5	0	8,6
2482	16.07.2025 16:39:21,000	6,33	26,32	0,7	10,2	79,1	0	10,3
2483	16.07.2025 16:39:22,000	6,33	26,32	1,3	15,3	73,4	0	15,5
2484	16.07.2025 16:39:23,000	6,33	26,30	0,5	10,6	78,8	0	10,7
2485	16.07.2025 16:39:24,000	6,33	26,32	1,7	10,3	78,0	0	10,5
2486	16.07.2025 16:39:25,000	6,33	26,27	-2,4	11,7	75,9	0	12,0
2487	16.07.2025 16:39:26,000	6,33	26,30	1,0	8,5	80,6	0	8,5
2488	16.07.2025 16:39:27,000	6,33	26,30	-0,9	12,1	77,0	0	12,2
2489	16.07.2025 16:39:28,000	6,33	26,30	0,3	10,1	79,5	1	10,1
2490	16.07.2025 16:39:29,000	6,33	26,30	4,5	13,2	72,4	0	13,8
2491	16.07.2025 16:39:30,000	6,33	26,30	-0,6	12,8	76,6	0	12,9
2492	16.07.2025 16:39:31,000	6,33	26,30	0,5	13,8	75,7	0	13,8
2493	16.07.2025 16:39:32,000	6,33	26,30	0,2	8,6	81,2	0	8,7
2494	16.07.2025 16:39:33,000	6,33	26,27	-2,0	8,1	79,8	0	8,3
2495	16.07.2025 16:39:34,000	6,33	26,27	0,9	11,0	78,1	0	11,1
2496	16.07.2025 16:39:35,000	6,33	26,30	-2,7	-1,8	85,5	0	-1,9
2497	16.07.2025 16:39:36,000	6,33	26,27	0,7	10,0	79,3	0	10,0
2498	16.07.2025 16:39:37,000	6,33	26,25	-2,7	7,5	79,8	0	7,7
2499	16.07.2025 16:39:38,000	6,33	26,27	-2,0	7,0	81,1	0	7,1
2500	16.07.2025 16:39:39,000	6,33	26,27	1,2	7,5	81,3	0	7,6
2501	16.07.2025 16:39:40,000	6,33	26,27	1,0	10,3	78,7	0	10,4
2502	16.07.2025 16:39:41,000	6,33	26,27	-1,1	4,7	84,2	1	4,7
2503	16.07.2025 16:39:42,000	6,33	26,25	1,1	11,9	77,0	0	12,0
2504	16.07.2025 16:39:43,000	6,33	26,25	-0,9	11,8	77,3	0	11,9
2505	16.07.2025 16:39:44,000	6,33	26,27	0,8	9,9	79,3	0	10,0
2506	16.07.2025 16:39:45,000	6,33	26,27	10,6	12,9	66,5	0	14,2
2507	16.07.2025 16:39:46,000	6,33	26,27	2,6	10,8	76,7	0	11,1
2508	16.07.2025 16:39:47,000	6,33	26,25	3,9	9,4	76,7	0	9,7
2509	16.07.2025 16:39:48,000	6,33	26,25	2,2	8,6	79,2	0	8,8
2510	16.07.2025 16:39:49,000	6,33	26,25	-0,6	9,9	79,5	0	9,9
2511	16.07.2025 16:39:50,000	6,33	26,25	0,2	11,0	78,8	0	11,0
2512	16.07.2025 16:39:51,000	6,33	26,25	0,1	6,5	83,4	1	6,5
2513	16.07.2025 16:39:52,000	6,33	26,25	0,9	7,3	81,8	0	7,4
2514	16.07.2025 16:39:53,000	6,33	26,25	0,2	12,6	77,2	0	12,6
2515	16.07.2025 16:39:54,000	6,33	26,23	0,7	12,3	77,0	0	12,4
2516	16.07.2025 16:39:55,000	6,33	26,25	-1,0	9,7	79,2	0	9,8
2517	16.07.2025 16:39:56,000	6,33	26,23	-0,9	10,7	78,4	0	10,8
2518	16.07.2025 16:39:57,000	6,33	26,25	0,0	7,7	82,3	0	7,7
2519	16.07.2025 16:39:58,000	6,33	26,23	-0,9	4,4	84,7	0	4,5
2520	16.07.2025 16:39:59,000	6,33	26,23	0,4	-0,2	89,4	0	-0,2
2521	16.07.2025 16:40:00,000	6,33	26,23	2,1	0,1	87,7	0	0,1
2522	16.07.2025 16:40:01,000	6,33	26,21	4,5	-0,7	84,8	0	-0,7
2523	16.07.2025 16:40:02,000	6,33	26,23	9,3	3,2	77,4	0	3,4
2524	16.07.2025 16:40:03,000	6,33	26,23	15,2	3,7	71,1	0	4,0
2525	16.07.2025 16:40:04,000	6,33	26,23	19,7	5,6	64,7	0	6,3
2526	16.07.2025 16:40:05,000	6,33	26,21	24,2	11,0	54,8	0	13,5
2527	16.07.2025 16:40:06,000	6,33	26,21	25,1	10,6	54,3	0	13,2
2528	16.07.2025 16:40:07,000	6,33	26,18	25,8	10,9	53,4	0	13,7
2529	16.07.2025 16:40:08,000	6,33	26,18	24,6	7,9	57,5	0	9,6
2530	16.07.2025 16:40:09,000	6,37	26,19	27,2	8,5	54,3	0	10,6
2531	16.07.2025 16:40:10,000	6,37	26,16	25,6	9,7	54,7	0	12,0
2532	16.07.2025 16:40:11,000	6,33	26,16	27,4	12,2	50,4	0	15,8
2533	16.07.2025 16:40:12,000	6,37	26,14	28,6	10,9	50,4	0	14,2
2534	16.07.2025 16:40:13,000	6,37	26,14	28,2	10,9	50,9	0	14,1
2535	16.07.2025 16:40:14,000	6,37	26,12	28,1	10,2	51,7	0	13,1
2536	16.07.2025 16:40:15,000	6,37	26,12	28,8	9,1	52,1	0	11,6
2537	16.07.2025 16:40:16,000	6,37	26,10	29,3	10,0	50,7	0	13,0
2538	16.07.2025 16:40:17,000	6,37	26,07	30,2	9,8	50,0	0	12,9
2539	16.07.2025 16:40:18,000	6,37	26,07	30,3	11,7	48,1	0	15,6
2540	16.07.2025 16:40:19,000	6,37	26,05	29,7	12,7	47,6	0	17,0
2541	16.07.2025 16:40:20,000	6,37	26,05	30,0	13,1	46,9	0	17,7
2542	16.07.2025 16:40:21,000	6,37	26,03	30,6	10,0	49,3	0	13,3
2543	16.07.2025 16:40:22,000	6,37	26,03	29,3	12,7	48,1	0	16,9
2544	16.07.2025 16:40:23,000	6,37	26,01	29,7	11,4	48,9	0	15,1
2545	16.07.2025 16:40:24,000	6,37	25,98	30,5	10,9	48,6	0	14,5
2546	16.07.2025 16:40:25,000	6,37	25,98	30,0	10,7	49,2	0	14,2
2547	16.07.2025 16:40:26,000	6,37	25,96	30,4	14,3	45,3	0	19,6
2548	16.07.2025 16:40:27,000	6,37	25,96	31,9	14,1	44,0	0	19,8
2549	16.07.2025 16:40:28,000	6,37	25,96	30,9	13,4	45,7	0	18,4
2550	16.07.2025 16:40:29,000	6,37	25,94	30,4	11,2	48,4	0	15,0
2551	16.07.2025 16:40:30,000	6,37	25,92	23,6	6,3	60,1	0	7,4
2552	16.07.2025 16:40:31,000	6,37	25,89	21,5	6,5	61,9	0	7,5
2553	16.07.2025 16:40:32,000	6,37	25,89	22,2	6,9	60,9	0	8,1
2554	16.07.2025 16:40:33,000	6,37	25,87	22,6	6,9	60,6	0	8,0
2555	16.07.2025 16:40:34,000	6,37	25,87	22,1	6,9	61,0	0	8,0
2556	16.07.2025 16:40:35,000	6,37	25,85	21,8	7,1	61,1	0	8,2
2557	16.07.2025 16:40:36,000	6,37	25,85	22,3	4,4	63,3	0	5,1
2558	16.07.2025 16:40:37,000	6,37	25,85	21,4	6,1	62,5	0	7,0
2559	16.07.2025 16:40:38,000	6,37	25,83	21,7	7,2	61,2	0	8,3
2560	16.07.2025 16:40:39,000	6,37	25,83	22,9	5,8	61,3	0	6,7
2561	16.07.2025 16:40:40,000	6,37	25,80	22,5	6,7	60,8	0	7,9
2562	16.07.2025 16:40:41,000	6,37	25,80	24,2	5,2	60,6	0	6,1
2563	16.07.2025 16:40:42,000	6,37	25,78	24,2	6,6	59,2	0	7,9
2564	16.07.2025 16:40:43,000	6,37	25,76	24,0	7,5	58,5	0	8,9
2565	16.07.2025 16:40:44,000	6,37	25,74	21,8	7,1	61,1	0	8,3
2566	16.07.2025 16:40:45,000	6,37	25,74	24,7	5,1	60,2	0	6,0
2567	16.07.2025 16:40:46,000	6,37	25,74	25,8	6,0	58,2	0	7,2
2568	16.07.2025 16:40:47,000	6,37	25,71	25,3	6,8	58,0	0	8,1
2569	16.07.2025 16:40:48,000	6,37	25,69	24,5	7,1	58,4	0	8,5
2570	16.07.2025 16:40:49,000	6,37	25,69	25,6	6,8	57,6	0	8,2
2571	16.07.2025 16:40:50,000	6,37	25,65	26,1	6,4	57,6	0	7,6
2572	16.07.2025 16:40:51,000	6,37	25,67	24,6	8,3	57,0	0	10,1
2573	16.07.2025 16:40:52,000	6,37	25,62	25,5	8,5	56,0	0	10,4
2574	16.07.2025 16:40:53,000	6,37	25,62	25,2	9,4	55,4	0	11,6
2575	16.07.2025 16:40:54,000	6,37	25,60	26,3	7,1	56,6	0	8,7
2576	16.07.2025 16:40:55,000	6,40	25,60	27,4	7,4	55,3	0	9,1
2577	16.07.2025 16:40:56,000	6,37	25,56	26,1	8,6	55,3	0	10,6
2578	16.07.2025 16:40:57,000	6,37	25,53	25,3	10,4	54,3	0	12,9
2579	16.07.2025 16:40:58,000	6,37	25,51	25,5	8,1	56,4	0	9,9
2580	16.07.2025 16:40:59,000	6,37	25,51	26,3	8,9	54,9	0	11,0
2581	16.07.2025 16:41:00,000	6,37	25,49	26,0	8,3	55,6	0	10,3
2582	16.07.2025 16:41:01,000	6,37	25,47	26,7	8,4	54,9	0	10,4
2583	16.07.2025 16:41:02,000	6,40	25,42	26,5	8,9	54,6	0	11,1
2584	16.07.2025 16:41:03,000	6,37	25,42	26,3	8,7	55,0	0	10,8
2585	16.07.2025 16:41:04,000	6,37	25,40	27,4	7,8	54,7	0	9,7
2586	16.07.2025 16:41:05,000	6,37	25,40	25,3	9,6	55,1	0	11,8
2587	16.07.2025 16:41:06,000	6,37	25,35	24,7	9,6	55,6	0	11,8
2588	16.07.2025 16:41:07,000	6,37	25,35	27,5	9,3	53,2	0	11,7
2589	16.07.2025 16:41:08,000	6,37	25,33	27,1	9,6	53,3	0	12,1
2590	16.07.2025 16:41:09,000	6,37	25,31	26,9	9,9	53,2	0	12,4
2591	16.07.2025 16:41:10,000	6,37	25,26	25,4	9,8	54,8	0	12,2
2592	16.07.2025 16:41:11,000	6,37	25,24	27,3	9,3	53,4	0	11,7
2593	16.07.2025 16:41:12,000	6,40	25,22	27,5	10,5	52,1	0	13,3
2594	16.07.2025 16:41:13,000	6,37	25,20	26,0	9,6	54,4	0	12,0
2595	16.07.2025 16:41:14,000	6,40	25,18	27,9	11,4	50,8	0	14,7
2596	16.07.2025 16:41:15,000	6,37	25,17	29,8	10,4	49,8	0	13,6
2597	16.07.2025 16:41:16,000	6,37	25,13	28,4	11,5	50,1	0	14,9
2598	16.07.2025 16:41:17,000	6,37	25,13	29,3	11,1	49,6	0	14,6
2599	16.07.2025 16:41:18,000	6,37	25,08	28,9	11,8	49,3	0	15,5
2600	16.07.2025 16:41:19,000	6,40	25,06	28,0	12,2	49,8	0	15,9
2601	16.07.2025 16:41:20,000	6,37	25,04	28,2	10,8	51,0	0	13,9
2602	16.07.2025 16:41:21,000	6,37	24,99	28,8	12,6	48,5	0	16,7
2603	16.07.2025 16:41:22,000	6,37	24,99	30,5	13,4	46,1	0	18,3
2604	16.07.2025 16:41:23,000	6,37	24,95	28,8	11,4	49,8	0	14,9
2605	16.07.2025 16:41:24,000	6,37	24,93	28,6	12,5	48,9	0	16,5
2606	16.07.2025 16:41:25,000	6,37	24,90	30,0	13,4	46,6	0	18,2
2607	16.07.2025 16:41:26,000	6,37	24,86	28,4	12,7	48,9	0	16,7
2608	16.07.2025 16:41:27,000	6,37	24,84	28,7	14,0	47,3	0	18,8
2609	16.07.2025 16:41:28,000	6,37	24,81	30,4	14,9	44,7	0	20,6
2610	16.07.2025 16:41:29,000	6,37	24,79	28,4	12,5	49,1	0	16,5
2611	16.07.2025 16:41:30,000	6,37	24,77	28,8	14,2	47,0	0	19,1
2612	16.07.2025 16:41:31,000	6,37	24,75	31,2	14,9	43,9	0	20,8
2613	16.07.2025 16:41:32,000	6,37	24,70	28,9	14,0	47,0	0	18,8
2614	16.07.2025 16:41:33,000	6,37	24,66	27,0	13,6	49,4	0	17,8
2615	16.07.2025 16:41:34,000	6,37	24,66	29,4	13,1	47,5	0	17,5
2616	16.07.2025 16:41:35,000	6,37	24,61	29,2	14,6	46,1	0	19,8
2617	16.07.2025 16:41:36,000	6,37	24,59	29,6	14,9	45,5	0	20,3
2618	16.07.2025 16:41:37,000	6,37	24,55	29,7	14,6	45,8	0	19,9
2619	16.07.2025 16:41:38,000	6,37	24,55	28,2	14,2	47,6	0	18,9
2620	16.07.2025 16:41:39,000	6,37	24,52	26,0	15,3	48,7	0	19,9
2621	16.07.2025 16:41:40,000	6,37	24,46	26,6	14,1	49,4	0	18,3
2622	16.07.2025 16:41:41,000	6,37	24,43	26,6	14,2	49,2	0	18,5
2623	16.07.2025 16:41:42,000	6,37	24,41	26,5	12,5	51,0	0	16,0
2624	16.07.2025 16:41:43,000	6,37	24,37	26,2	10,1	53,6	0	12,7
2625	16.07.2025 16:41:44,000	6,37	24,37	25,9	8,4	55,7	0	10,3
2626	16.07.2025 16:41:45,000	6,37	24,32	26,2	10,0	53,8	0	12,5
2627	16.07.2025 16:41:46,000	6,37	24,30	27,8	12,7	49,6	0	16,6
2628	16.07.2025 16:41:47,000	6,37	24,25	29,0	15,0	46,0	0	20,3
2629	16.07.2025 16:41:48,000	6,37	24,23	28,0	13,8	48,2	0	18,3
2630	16.07.2025 16:41:49,000	6,37	24,19	26,7	13,3	50,0	0	17,2
2631	16.07.2025 16:41:50,000	6,37	24,16	28,2	13,3	48,5	0	17,5
2632	16.07.2025 16:41:51,000	6,37	24,14	27,0	12,8	50,2	0	16,6
2633	16.07.2025 16:41:52,000	6,37	24,10	27,3	13,2	49,4	0	17,3
2634	16.07.2025 16:41:53,000	6,37	24,07	26,8	12,2	51,0	0	15,7
2635	16.07.2025 16:41:54,000	6,37	24,03	25,5	13,0	51,5	0	16,5
2636	16.07.2025 16:41:55,000	6,37	24,01	23,1	9,7	57,1	0	11,7
2637	16.07.2025 16:41:56,000	6,37	23,98	23,9	8,1	58,0	0	9,7
2638	16.07.2025 16:41:57,000	6,37	23,94	25,2	10,3	54,4	0	12,8
2639	16.07.2025 16:41:58,000	6,37	23,89	25,1	11,7	53,2	0	14,7
2640	16.07.2025 16:41:59,000	6,37	23,85	23,5	10,5	56,0	0	12,8
2641	16.07.2025 16:42:00,000	6,37	23,83	24,3	12,2	53,5	0	15,2
2642	16.07.2025 16:42:01,000	6,37	23,80	25,6	12,5	51,9	0	15,9
2643	16.07.2025 16:42:02,000	6,37	23,78	24,6	12,2	53,1	0	15,3
2644	16.07.2025 16:42:03,000	6,37	23,74	24,0	13,8	52,2	0	17,4
2645	16.07.2025 16:42:04,000	6,37	23,71	23,9	13,4	52,7	0	16,8
2646	16.07.2025 16:42:05,000	6,37	23,69	24,4	15,6	50,0	0	19,9
2647	16.07.2025 16:42:06,000	6,37	23,65	22,0	14,1	53,9	0	17,4
2648	16.07.2025 16:42:07,000	6,37	23,62	23,7	13,4	52,9	0	16,8
2649	16.07.2025 16:42:08,000	6,37	23,60	21,8	11,4	56,7	0	13,8
2650	16.07.2025 16:42:09,000	6,37	23,58	21,1	10,2	58,7	0	12,1
2651	16.07.2025 16:42:10,000	6,37	23,56	23,4	9,6	56,9	0	11,7
2652	16.07.2025 16:42:11,000	6,37	23,53	25,7	9,5	54,8	0	11,8
2653	16.07.2025 16:42:12,000	6,37	23,51	23,8	8,4	57,8	0	10,1
2654	16.07.2025 16:42:13,000	6,37	23,47	26,5	10,8	52,7	0	13,6
2655	16.07.2025 16:42:14,000	6,37	23,44	26,3	9,1	54,5	0	11,4
2656	16.07.2025 16:42:15,000	6,37	23,42	28,1	10,9	51,0	0	14,1
2657	16.07.2025 16:42:16,000	6,37	23,38	27,6	10,2	52,2	0	13,0
2658	16.07.2025 16:42:17,000	6,37	23,35	27,6	12,2	50,1	0	15,9
2659	16.07.2025 16:42:18,000	6,37	23,31	28,3	12,3	49,4	0	16,1
2660	16.07.2025 16:42:19,000	6,37	23,26	29,1	12,6	48,3	0	16,7
2661	16.07.2025 16:42:20,000	6,37	23,24	28,9	13,5	47,6	0	18,0
2662	16.07.2025 16:42:21,000	6,37	23,17	28,8	13,6	47,6	0	18,2
2663	16.07.2025 16:42:22,000	6,37	23,15	29,4	14,9	45,7	0	20,2
2664	16.07.2025 16:42:23,000	6,37	23,13	27,4	16,4	46,2	0	22,0
2665	16.07.2025 16:42:24,000	6,37	23,08	29,6	16,8	43,7	0	23,2
2666	16.07.2025 16:42:25,000	6,37	23,04	28,0	17,9	44,2	0	24,3
2667	16.07.2025 16:42:26,000	6,37	23,02	29,3	19,9	40,9	0	28,0
2668	16.07.2025 16:42:27,000	6,37	22,97	28,0	18,1	43,9	0	24,7
2669	16.07.2025 16:42:28,000	6,37	22,93	29,1	21,9	39,0	0	31,2
2670	16.07.2025 16:42:29,000	6,37	22,88	26,3	22,0	41,8	0	29,9
2671	16.07.2025 16:42:30,000	6,37	22,86	26,9	24,9	38,2	0	34,7
2672	16.07.2025 16:42:31,000	6,37	22,81	26,6	25,8	37,6	0	35,9
2673	16.07.2025 16:42:32,000	6,37	22,79	26,7	26,2	37,1	0	36,6
2674	16.07.2025 16:42:33,000	6,37	22,77	27,0	23,5	39,5	0	32,6
2675	16.07.2025 16:42:34,000	6,37	22,72	25,9	24,9	39,2	0	34,1
2676	16.07.2025 16:42:35,000	6,37	22,70	25,0	24,8	40,2	0	33,5
2677	16.07.2025 16:42:36,000	6,37	22,68	24,3	21,0	44,7	0	27,6
2678	16.07.2025 16:42:37,000	6,37	22,66	25,7	19,2	45,1	0	25,6
2679	16.07.2025 16:42:38,000	6,37	22,63	24,4	19,1	46,5	0	24,9
2680	16.07.2025 16:42:39,000	6,37	22,61	25,9	17,1	47,1	0	22,4
2681	16.07.2025 16:42:40,000	6,37	22,59	27,1	14,6	48,4	0	19,1
2682	16.07.2025 16:42:41,000	6,37	22,52	27,0	12,9	50,1	0	16,7
2683	16.07.2025 16:42:42,000	6,37	22,50	29,4	9,6	51,0	0	12,4
2684	16.07.2025 16:42:43,000	6,37	22,48	30,5	9,4	50,1	0	12,4
2685	16.07.2025 16:42:44,000	6,37	22,43	30,2	10,8	49,0	0	14,3
2686	16.07.2025 16:42:45,000	6,37	22,41	30,6	10,8	48,6	0	14,3
2687	16.07.2025 16:42:46,000	6,37	22,39	31,1	11,8	47,1	0	15,9
2688	16.07.2025 16:42:47,000	6,37	22,34	31,1	10,7	48,2	0	14,4
2689	16.07.2025 16:42:48,000	6,37	22,32	29,8	12,0	48,2	0	16,0
2690	16.07.2025 16:42:49,000	6,33	22,27	29,5	12,0	48,5	0	15,9
2691	16.07.2025 16:42:50,000	6,33	22,23	31,3	11,8	46,8	0	16,1
2692	16.07.2025 16:42:51,000	6,33	22,20	30,6	13,1	46,3	0	17,8
2693	16.07.2025 16:42:52,000	6,33	22,16	31,5	13,4	45,1	0	18,6
2694	16.07.2025 16:42:53,000	6,33	22,14	30,9	13,7	45,4	0	18,9
2695	16.07.2025 16:42:54,000	6,33	22,09	29,8	15,1	45,2	0	20,6
2696	16.07.2025 16:42:55,000	6,33	22,05	30,0	15,4	44,6	0	21,2
2697	16.07.2025 16:42:56,000	6,33	22,00	30,2	15,6	44,2	0	21,6
2698	16.07.2025 16:42:57,000	6,33	21,98	30,1	15,7	44,1	0	21,8
2699	16.07.2025 16:42:58,000	6,33	21,93	29,3	18,1	42,5	0	25,2
2700	16.07.2025 16:42:59,000	6,33	21,91	30,0	15,1	44,9	0	20,8
2701	16.07.2025 16:43:00,000	6,33	21,87	30,6	16,8	42,6	0	23,7
2702	16.07.2025 16:43:01,000	6,33	21,82	29,7	18,2	42,1	0	25,6
2703	16.07.2025 16:43:02,000	6,33	21,80	29,1	16,9	44,0	0	23,2
2704	16.07.2025 16:43:03,000	6,33	21,75	29,1	18,8	42,2	0	26,2
2705	16.07.2025 16:43:04,000	6,33	21,73	28,6	18,5	43,0	0	25,5
2706	16.07.2025 16:43:05,000	6,30	21,68	28,4	18,4	43,2	0	25,3
2707	16.07.2025 16:43:06,000	6,30	21,66	29,3	18,8	41,9	0	26,3
2708	16.07.2025 16:43:07,000	6,30	21,64	28,1	18,3	43,6	0	25,0
2709	16.07.2025 16:43:08,000	6,30	21,57	27,5	19,2	43,3	0	26,2
2710	16.07.2025 16:43:09,000	6,30	21,55	28,0	19,1	43,0	0	26,2
2711	16.07.2025 16:43:10,000	6,30	21,53	27,4	17,6	44,9	0	23,8
2712	16.07.2025 16:43:11,000	6,30	21,48	24,9	19,1	46,0	0	25,1
2713	16.07.2025 16:43:12,000	6,30	21,48	26,2	20,6	43,2	0	27,8
2714	16.07.2025 16:43:13,000	6,30	21,46	28,3	16,8	45,0	0	22,8
2715	16.07.2025 16:43:14,000	6,30	21,44	27,3	15,0	47,6	0	19,9
2716	16.07.2025 16:43:15,000	6,30	21,41	27,9	13,9	48,1	0	18,4
2717	16.07.2025 16:43:16,000	6,30	21,39	29,5	13,2	47,3	0	17,7
2718	16.07.2025 16:43:17,000	6,30	21,35	29,7	11,4	48,9	0	15,1
2719	16.07.2025 16:43:18,000	6,30	21,32	30,3	10,0	49,7	0	13,1
2720	16.07.2025 16:43:19,000	6,30	21,28	29,5	9,6	51,0	0	12,4
2721	16.07.2025 16:43:20,000	6,30	21,26	30,7	10,7	48,6	0	14,3
2722	16.07.2025 16:43:21,000	6,30	21,23	31,2	10,8	48,1	0	14,5
2723	16.07.2025 16:43:22,000	6,30	21,19	28,5	10,4	51,1	0	13,4
2724	16.07.2025 16:43:23,000	6,30	21,14	30,7	11,3	48,0	0	15,1
2725	16.07.2025 16:43:24,000	6,30	21,14	33,5	11,3	45,2	0	15,8
2726	16.07.2025 16:43:25,000	6,30	21,10	31,4	8,9	49,7	0	11,7
2727	16.07.2025 16:43:26,000	6,30	21,05	29,9	10,8	49,3	0	14,3
2728	16.07.2025 16:43:27,000	6,30	21,03	31,5	9,2	49,3	0	12,2
2729	16.07.2025 16:43:28,000	6,30	20,99	30,6	11,3	48,1	0	15,2
2730	16.07.2025 16:43:29,000	6,30	20,96	31,2	9,6	49,3	0	12,6
2731	16.07.2025 16:43:30,000	6,30	20,92	29,9	13,5	46,6	0	18,3
2732	16.07.2025 16:43:31,000	6,30	20,90	31,0	13,1	45,9	0	18,0
2733	16.07.2025 16:43:32,000	6,30	20,85	30,3	13,6	46,1	0	18,5
2734	16.07.2025 16:43:33,000	6,30	20,81	29,7	13,0	47,3	0	17,5
2735	16.07.2025 16:43:34,000	6,30	20,79	29,6	13,2	47,2	0	17,7
2736	16.07.2025 16:43:35,000	6,30	20,76	29,6	14,2	46,1	0	19,3
2737	16.07.2025 16:43:36,000	6,30	20,70	31,9	13,1	45,0	0	18,2
2738	16.07.2025 16:43:37,000	6,30	20,67	32,0	11,7	46,3	0	16,0
2739	16.07.2025 16:43:38,000	6,30	20,65	31,5	11,7	46,8	0	16,0
2740	16.07.2025 16:43:39,000	6,30	20,61	31,3	11,8	47,0	0	16,0
2741	16.07.2025 16:43:40,000	6,30	20,58	31,6	9,2	49,1	0	12,3
2742	16.07.2025 16:43:41,000	6,26	20,53	30,4	11,3	48,2	0	15,1
2743	16.07.2025 16:43:42,000	6,26	20,51	30,5	10,5	49,0	0	13,9
2744	16.07.2025 16:43:43,000	6,26	20,45	30,9	9,7	49,4	0	12,8
2745	16.07.2025 16:43:44,000	6,26	20,42	30,6	9,1	50,4	0	11,9
2746	16.07.2025 16:43:45,000	6,26	20,40	31,6	8,4	50,0	0	11,0
2747	16.07.2025 16:43:46,000	6,26	20,38	29,9	8,2	52,0	0	10,5
2748	16.07.2025 16:43:47,000	6,26	20,33	29,3	9,7	51,0	0	12,6
2749	16.07.2025 16:43:48,000	6,26	20,29	29,1	8,5	52,4	0	10,8
2750	16.07.2025 16:43:49,000	6,26	20,24	28,9	8,2	52,9	0	10,4
2751	16.07.2025 16:43:50,000	6,23	20,22	28,8	12,2	49,1	0	16,0
2752	16.07.2025 16:43:51,000	6,23	20,20	28,2	14,5	47,2	0	19,4
2753	16.07.2025 16:43:52,000	6,23	20,15	28,8	12,1	49,1	0	16,0
2754	16.07.2025 16:43:53,000	6,23	20,13	29,7	11,6	48,6	0	15,4
2755	16.07.2025 16:43:54,000	6,23	20,11	28,1	12,7	49,2	0	16,7
2756	16.07.2025 16:43:55,000	6,23	20,06	28,2	13,0	48,8	0	17,1
2757	16.07.2025 16:43:56,000	6,23	20,04	30,0	13,6	46,5	0	18,4
2758	16.07.2025 16:43:57,000	6,23	20,02	29,5	13,1	47,4	0	17,6
2759	16.07.2025 16:43:58,000	6,19	19,97	29,4	13,0	47,6	0	17,4
2760	16.07.2025 16:43:59,000	6,19	19,95	28,6	12,2	49,2	0	16,0
2761	16.07.2025 16:44:00,000	6,19	19,90	26,4	12,3	51,3	0	15,7
2762	16.07.2025 16:44:01,000	6,19	19,88	27,5	9,9	52,6	0	12,6
2763	16.07.2025 16:44:02,000	6,15	19,85	26,3	8,6	55,1	0	10,6
2764	16.07.2025 16:44:03,000	6,15	19,83	27,0	7,7	55,3	0	9,5
2765	16.07.2025 16:44:04,000	6,15	19,78	25,4	9,6	55,1	0	11,8
2766	16.07.2025 16:44:05,000	6,15	19,78	27,2	5,0	57,8	0	6,0
2767	16.07.2025 16:44:06,000	6,15	19,74	27,4	3,1	59,5	0	3,6
2768	16.07.2025 16:44:07,000	6,15	19,72	24,3	2,9	62,8	0	3,3
2769	16.07.2025 16:44:08,000	6,15	19,70	21,4	4,2	64,4	0	4,7
2770	16.07.2025 16:44:09,000	6,15	19,67	22,8	2,3	64,9	0	2,6
2771	16.07.2025 16:44:10,000	6,15	19,63	24,0	0,9	65,1	0	1,0
2772	16.07.2025 16:44:11,000	6,15	19,61	26,8	1,3	61,9	0	1,5
2773	16.07.2025 16:44:12,000	6,15	19,58	27,1	2,0	60,9	0	2,3
2774	16.07.2025 16:44:13,000	6,12	19,53	24,7	1,4	64,0	0	1,5
2775	16.07.2025 16:44:14,000	6,12	19,51	24,0	3,1	62,9	0	3,5
2776	16.07.2025 16:44:15,000	6,12	19,44	25,8	2,3	62,0	0	2,6
2777	16.07.2025 16:44:16,000	6,12	19,44	30,8	1,1	58,1	0	1,3
2778	16.07.2025 16:44:17,000	6,12	19,42	30,1	6,0	53,9	0	7,5
2779	16.07.2025 16:44:18,000	6,12	19,40	31,7	6,3	52,0	0	8,1
2780	16.07.2025 16:44:19,000	6,12	19,36	30,7	6,8	52,5	0	8,6
2781	16.07.2025 16:44:20,000	6,12	19,33	30,5	7,7	51,9	0	9,9
2782	16.07.2025 16:44:21,000	6,12	19,31	29,1	10,1	50,8	0	13,1
2783	16.07.2025 16:44:22,000	6,12	19,29	30,7	15,7	43,6	0	22,0
2784	16.07.2025 16:44:23,000	6,12	19,27	31,0	18,3	40,7	0	26,2
2785	16.07.2025 16:44:24,000	6,12	19,24	29,7	14,0	46,3	0	19,0
2786	16.07.2025 16:44:25,000	6,12	19,20	29,6	12,8	47,6	0	17,1
2787	16.07.2025 16:44:26,000	6,12	19,20	28,9	13,3	47,8	0	17,7
2788	16.07.2025 16:44:27,000	6,12	19,15	27,8	12,9	49,3	0	16,9
2789	16.07.2025 16:44:28,000	6,08	19,13	27,3	14,2	48,5	0	18,7
2790	16.07.2025 16:44:29,000	6,08	19,08	25,8	12,8	51,4	0	16,3
2791	16.07.2025 16:44:30,000	6,08	19,04	25,6	11,4	52,9	0	14,4
2792	16.07.2025 16:44:31,000	6,08	19,04	26,6	13,1	50,2	0	16,9
2793	16.07.2025 16:44:32,000	6,08	19,02	25,3	12,3	52,3	0	15,6
2794	16.07.2025 16:44:33,000	6,08	18,97	24,3	11,2	54,5	0	13,9
2795	16.07.2025 16:44:34,000	6,08	18,95	24,8	12,9	52,3	0	16,3
2796	16.07.2025 16:44:35,000	6,08	18,90	24,4	13,1	52,5	0	16,5
2797	16.07.2025 16:44:36,000	6,05	18,90	25,2	13,1	51,7	0	16,7
2798	16.07.2025 16:44:37,000	6,05	18,86	23,8	13,0	53,2	0	16,3
2799	16.07.2025 16:44:38,000	6,05	18,83	24,9	14,7	50,4	0	18,8
2800	16.07.2025 16:44:39,000	6,05	18,81	26,5	14,0	49,6	0	18,1
2801	16.07.2025 16:44:40,000	6,05	18,77	25,9	14,5	49,7	0	18,7
2802	16.07.2025 16:44:41,000	6,05	18,74	25,8	15,4	48,7	0	20,1
2803	16.07.2025 16:44:42,000	6,05	18,70	24,9	13,8	51,2	0	17,6
2804	16.07.2025 16:44:43,000	6,05	18,68	26,7	15,5	47,8	0	20,4
2805	16.07.2025 16:44:44,000	6,01	18,65	26,1	15,3	48,6	0	19,9
2806	16.07.2025 16:44:45,000	6,01	18,61	27,7	15,2	47,0	0	20,3
2807	16.07.2025 16:44:46,000	6,01	18,58	28,3	13,9	47,8	0	18,5
2808	16.07.2025 16:44:47,000	6,01	18,54	27,2	13,6	49,3	0	17,7
2809	16.07.2025 16:44:48,000	6,01	18,52	26,0	14,8	49,2	0	19,3
2810	16.07.2025 16:44:49,000	6,01	18,49	27,1	14,4	48,5	0	18,9
2811	16.07.2025 16:44:50,000	6,01	18,43	27,4	15,6	47,0	0	20,8
2812	16.07.2025 16:44:51,000	6,01	18,40	27,5	14,6	47,9	0	19,3
2813	16.07.2025 16:44:52,000	6,01	18,38	27,9	13,6	48,4	0	18,0
2814	16.07.2025 16:44:53,000	6,01	18,36	28,3	14,4	47,3	0	19,2
2815	16.07.2025 16:44:54,000	5,98	18,31	27,6	15,4	47,0	0	20,6
2816	16.07.2025 16:44:55,000	5,98	18,27	26,9	15,3	47,8	0	20,2
2817	16.07.2025 16:44:56,000	5,98	18,22	27,7	16,3	46,0	0	21,9
2818	16.07.2025 16:44:57,000	5,98	18,20	27,3	17,9	44,8	0	24,2
2819	16.07.2025 16:44:58,000	5,98	18,18	27,1	19,5	43,4	0	26,4
2820	16.07.2025 16:44:59,000	5,98	18,13	27,7	17,8	44,5	0	24,2
2821	16.07.2025 16:45:00,000	5,98	18,13	28,8	18,0	43,1	0	24,9
2822	16.07.2025 16:45:01,000	5,98	18,06	28,5	18,4	43,1	0	25,4
2823	16.07.2025 16:45:02,000	5,98	18,04	26,5	20,6	42,9	0	27,9
2824	16.07.2025 16:45:03,000	5,98	18,00	27,7	20,2	42,1	0	27,9
2825	16.07.2025 16:45:04,000	5,98	17,95	26,8	19,1	44,0	0	25,9
2826	16.07.2025 16:45:05,000	5,98	17,93	27,7	19,6	42,7	0	26,9
2827	16.07.2025 16:45:06,000	5,98	17,88	28,6	21,3	40,1	0	30,0
2828	16.07.2025 16:45:07,000	5,94	17,86	28,7	19,9	41,4	0	27,8
2829	16.07.2025 16:45:08,000	5,94	17,81	28,2	19,7	42,1	0	27,3
2830	16.07.2025 16:45:09,000	5,94	17,77	26,4	21,2	42,4	0	28,8
2831	16.07.2025 16:45:10,000	5,94	17,75	26,3	21,3	42,3	0	29,0
2832	16.07.2025 16:45:11,000	5,94	17,72	29,3	19,5	41,2	0	27,4
2833	16.07.2025 16:45:12,000	5,94	17,70	28,2	22,5	39,3	0	31,6
2834	16.07.2025 16:45:13,000	5,91	17,68	26,5	22,3	41,1	0	30,5
2835	16.07.2025 16:45:14,000	5,91	17,65	26,7	22,0	41,3	0	30,1
2836	16.07.2025 16:45:15,000	5,91	17,63	25,5	20,3	44,2	0	27,1
2837	16.07.2025 16:45:16,000	5,91	17,61	26,0	18,1	45,9	0	24,0
2838	16.07.2025 16:45:17,000	5,87	17,56	26,0	17,5	46,5	0	23,2
2839	16.07.2025 16:45:18,000	5,87	17,56	26,6	15,5	47,9	0	20,4
2840	16.07.2025 16:45:19,000	5,87	17,52	27,8	12,4	49,8	0	16,2
2841	16.07.2025 16:45:20,000	5,87	17,52	29,0	8,7	52,3	0	11,1
2842	16.07.2025 16:45:21,000	5,87	17,49	29,5	7,9	52,7	0	10,0
2843	16.07.2025 16:45:22,000	5,87	17,45	30,4	5,4	54,2	0	6,7
2844	16.07.2025 16:45:23,000	5,87	17,43	30,5	4,4	55,1	0	5,4
2845	16.07.2025 16:45:24,000	5,83	17,40	30,3	5,4	54,3	0	6,7
2846	16.07.2025 16:45:25,000	5,83	17,38	32,8	6,0	51,2	0	7,8
2847	16.07.2025 16:45:26,000	5,83	17,33	31,8	7,1	51,1	0	9,2
2848	16.07.2025 16:45:27,000	5,83	17,31	30,8	9,8	49,4	0	12,9
2849	16.07.2025 16:45:28,000	5,83	17,27	30,6	9,8	49,5	0	13,0
2850	16.07.2025 16:45:29,000	5,83	17,24	31,6	11,8	46,6	0	16,1
2851	16.07.2025 16:45:30,000	5,83	17,22	28,7	8,5	52,8	0	10,8
2852	16.07.2025 16:45:31,000	5,83	17,20	28,0	9,0	53,0	0	11,4
2853	16.07.2025 16:45:32,000	5,80	17,15	28,4	9,8	51,8	0	12,5
2854	16.07.2025 16:45:33,000	5,80	17,13	27,0	8,9	54,1	0	11,1
2855	16.07.2025 16:45:34,000	5,80	17,10	26,2	8,9	55,0	0	11,0
2856	16.07.2025 16:45:35,000	5,76	17,03	24,9	7,9	57,3	0	9,5
2857	16.07.2025 16:45:36,000	5,76	17,01	26,2	8,3	55,5	0	10,2
2858	16.07.2025 16:45:37,000	5,76	16,99	25,3	9,3	55,4	0	11,5
2859	16.07.2025 16:45:38,000	5,73	16,96	24,4	9,1	56,5	0	11,0
2860	16.07.2025 16:45:39,000	5,73	16,94	25,4	9,7	54,9	0	12,0
2861	16.07.2025 16:45:40,000	5,73	16,90	24,9	8,8	56,3	0	10,8
2862	16.07.2025 16:45:41,000	5,73	16,85	24,9	9,3	55,8	0	11,4
2863	16.07.2025 16:45:42,000	5,69	16,83	24,8	10,9	54,3	0	13,5
2864	16.07.2025 16:45:43,000	5,69	16,80	25,5	8,4	56,2	0	10,2
2865	16.07.2025 16:45:44,000	5,69	16,74	24,9	9,7	55,4	0	11,9
2866	16.07.2025 16:45:45,000	5,69	16,71	25,5	11,4	53,1	0	14,3
2867	16.07.2025 16:45:46,000	5,66	16,67	24,1	10,3	55,6	0	12,6
2868	16.07.2025 16:45:47,000	5,66	16,67	24,4	11,6	54,0	0	14,4
2869	16.07.2025 16:45:48,000	5,66	16,62	24,8	11,6	53,6	0	14,4
2870	16.07.2025 16:45:49,000	5,66	16,58	25,4	11,6	52,9	0	14,6
2871	16.07.2025 16:45:50,000	5,66	16,55	26,1	13,0	50,9	0	16,6
2872	16.07.2025 16:45:51,000	5,66	16,51	23,0	11,5	55,5	0	14,1
2873	16.07.2025 16:45:52,000	5,62	16,48	23,9	11,4	54,6	0	14,1
2874	16.07.2025 16:45:53,000	5,62	16,44	25,5	12,8	51,7	0	16,3
2875	16.07.2025 16:45:54,000	5,58	16,41	25,9	13,2	50,8	0	17,0
2876	16.07.2025 16:45:55,000	5,58	16,39	24,3	12,3	53,4	0	15,4
2877	16.07.2025 16:45:56,000	5,58	16,35	25,3	16,1	48,6	0	20,9
2878	16.07.2025 16:45:57,000	5,55	16,30	24,9	14,7	50,4	0	18,8
2879	16.07.2025 16:45:58,000	5,55	16,28	23,9	16,0	50,1	0	20,4
2880	16.07.2025 16:45:59,000	5,55	16,23	24,2	14,9	50,9	0	18,9
2881	16.07.2025 16:46:00,000	5,51	16,21	26,2	17,2	46,5	0	22,8
2882	16.07.2025 16:46:01,000	5,51	16,16	23,8	17,0	49,3	0	21,7
2883	16.07.2025 16:46:02,000	5,51	16,14	25,5	17,4	47,1	0	22,8
2884	16.07.2025 16:46:03,000	5,51	16,09	25,2	16,0	48,9	0	20,7
2885	16.07.2025 16:46:04,000	5,48	16,07	24,9	16,5	48,6	0	21,3
2886	16.07.2025 16:46:05,000	5,48	16,05	24,9	18,6	46,5	0	24,4
2887	16.07.2025 16:46:06,000	5,48	16,02	24,0	16,2	49,9	0	20,6
2888	16.07.2025 16:46:07,000	5,48	16,00	24,9	14,6	50,6	0	18,6
2889	16.07.2025 16:46:08,000	5,48	15,96	27,7	14,3	48,0	0	18,9
2890	16.07.2025 16:46:09,000	5,48	15,93	27,0	12,3	50,7	0	15,8
2891	16.07.2025 16:46:10,000	5,44	15,93	26,2	10,7	53,1	0	13,5
2892	16.07.2025 16:46:11,000	5,44	15,89	24,6	6,7	58,7	0	8,0
2893	16.07.2025 16:46:12,000	5,44	15,86	25,9	5,3	58,8	0	6,3
2894	16.07.2025 16:46:13,000	5,41	15,86	28,5	4,6	56,9	0	5,6
2895	16.07.2025 16:46:14,000	5,41	15,84	28,2	2,0	59,8	0	2,4
2896	16.07.2025 16:46:15,000	5,37	15,81	30,9	0,8	58,3	0	0,9
2897	16.07.2025 16:46:16,000	5,37	15,79	32,1	1,1	56,9	0	1,3
2898	16.07.2025 16:46:17,000	5,33	15,74	28,0	-2,7	59,3	0	-3,2
2899	16.07.2025 16:46:18,000	5,33	15,72	29,2	-1,9	58,9	0	-2,2
2900	16.07.2025 16:46:19,000	5,33	15,68	31,3	-2,1	56,6	0	-2,5
2901	16.07.2025 16:46:20,000	5,33	15,65	30,7	-2,4	56,9	0	-2,9
2902	16.07.2025 16:46:21,000	5,33	15,63	33,0	-0,4	56,6	0	-0,5
2903	16.07.2025 16:46:22,000	5,33	15,59	31,9	1,3	56,8	0	1,5
2904	16.07.2025 16:46:23,000	5,30	15,56	33,0	2,6	54,4	0	3,2
2905	16.07.2025 16:46:24,000	5,30	15,54	33,6	0,2	56,3	0	0,2
2906	16.07.2025 16:46:25,000	5,30	15,49	32,8	-0,5	56,7	0	-0,6
2907	16.07.2025 16:46:26,000	5,26	15,47	32,1	0,3	57,6	0	0,4
2908	16.07.2025 16:46:27,000	5,26	15,42	33,3	1,9	54,8	0	2,4
2909	16.07.2025 16:46:28,000	5,26	15,40	32,8	3,3	53,9	0	4,1
2910	16.07.2025 16:46:29,000	5,26	15,38	31,8	3,5	54,8	0	4,3
2911	16.07.2025 16:46:30,000	5,26	15,33	31,8	2,2	56,1	0	2,6
2912	16.07.2025 16:46:31,000	5,26	15,31	32,5	2,3	55,1	0	2,9
2913	16.07.2025 16:46:32,000	5,26	15,27	33,2	2,0	54,8	0	2,5
2914	16.07.2025 16:46:33,000	5,26	15,22	33,1	1,0	55,8	0	1,2
2915	16.07.2025 16:46:34,000	5,26	15,20	33,5	1,5	55,0	0	1,8
2916	16.07.2025 16:46:35,000	5,26	15,18	32,7	2,7	54,6	0	3,3
2917	16.07.2025 16:46:36,000	5,26	15,15	32,2	7,6	50,3	0	9,9
2918	16.07.2025 16:46:37,000	5,23	15,10	31,6	7,6	50,8	0	9,9
2919	16.07.2025 16:46:38,000	5,23	15,08	29,3	5,5	55,2	0	6,8
2920	16.07.2025 16:46:39,000	5,23	15,06	29,2	6,4	54,4	0	8,0
2921	16.07.2025 16:46:40,000	5,19	15,03	29,8	6,3	53,8	0	8,0
2922	16.07.2025 16:46:41,000	5,15	15,01	28,0	7,4	54,6	0	9,2
2923	16.07.2025 16:46:42,000	5,15	14,99	27,1	7,0	55,9	0	8,6
2924	16.07.2025 16:46:43,000	5,12	14,94	27,7	7,6	54,7	0	9,4
2925	16.07.2025 16:46:44,000	5,12	14,94	27,4	7,4	55,1	0	9,2
2926	16.07.2025 16:46:45,000	5,08	14,87	27,5	8,7	53,8	0	10,9
2927	16.07.2025 16:46:46,000	5,04	14,87	25,9	8,0	56,1	0	9,7
2928	16.07.2025 16:46:47,000	5,01	14,82	25,1	10,0	54,9	0	12,3
2929	16.07.2025 16:46:48,000	4,97	14,77	24,2	10,4	55,4	0	12,8
2930	16.07.2025 16:46:49,000	4,97	14,75	24,4	9,2	56,4	0	11,2
2931	16.07.2025 16:46:50,000	4,94	14,72	23,2	7,5	59,3	0	8,9
2932	16.07.2025 16:46:51,000	4,90	14,70	25,9	8,1	56,0	0	9,9
2933	16.07.2025 16:46:52,000	4,86	14,65	24,2	8,2	57,6	0	9,9
2934	16.07.2025 16:46:53,000	4,83	14,62	22,3	7,9	59,8	0	9,3
2935	16.07.2025 16:46:54,000	4,83	14,60	23,9	6,1	60,0	0	7,2
2936	16.07.2025 16:46:55,000	4,79	14,58	24,0	8,0	58,1	0	9,5
2937	16.07.2025 16:46:56,000	4,79	14,55	21,9	8,3	59,8	0	9,7
2938	16.07.2025 16:46:57,000	4,75	14,51	24,2	8,9	56,9	0	10,8
2939	16.07.2025 16:46:58,000	4,75	14,48	24,1	10,9	54,9	0	13,5
2940	16.07.2025 16:46:59,000	4,72	14,46	24,2	9,9	55,9	0	12,1
2941	16.07.2025 16:47:00,000	4,72	14,44	24,6	10,4	55,0	0	12,8
2942	16.07.2025 16:47:01,000	4,68	14,39	22,4	10,1	57,6	0	12,1
2943	16.07.2025 16:47:02,000	4,68	14,34	24,3	10,4	55,3	0	12,7
2944	16.07.2025 16:47:03,000	4,64	14,34	26,1	13,2	50,7	0	16,9
2945	16.07.2025 16:47:04,000	4,61	14,29	25,2	11,4	53,4	0	14,3
2946	16.07.2025 16:47:05,000	4,61	14,27	25,6	12,3	52,1	0	15,6
2947	16.07.2025 16:47:06,000	4,61	14,25	26,3	12,2	51,5	0	15,5
2948	16.07.2025 16:47:07,000	4,61	14,20	25,3	12,9	51,9	0	16,3
2949	16.07.2025 16:47:08,000	4,57	14,18	24,8	12,9	52,2	0	16,3
2950	16.07.2025 16:47:09,000	4,57	14,16	25,8	12,6	51,5	0	16,1
2951	16.07.2025 16:47:10,000	4,57	14,11	25,8	15,3	48,9	0	19,9
2952	16.07.2025 16:47:11,000	4,57	14,07	26,4	14,0	49,6	0	18,2
2953	16.07.2025 16:47:12,000	4,57	14,07	26,9	12,4	50,7	0	16,0
2954	16.07.2025 16:47:13,000	4,53	14,02	27,5	14,6	47,9	0	19,3
2955	16.07.2025 16:47:14,000	4,53	13,97	27,2	13,8	49,0	0	18,0
2956	16.07.2025 16:47:15,000	4,50	13,95	27,1	15,7	47,2	0	20,8
2957	16.07.2025 16:47:16,000	4,50	13,92	27,4	14,5	48,1	0	19,1
2958	16.07.2025 16:47:17,000	4,46	13,90	28,1	16,3	45,6	0	22,1
2959	16.07.2025 16:47:18,000	4,46	13,88	28,0	14,6	47,5	0	19,4
2960	16.07.2025 16:47:19,000	4,42	13,83	26,8	15,2	48,0	0	20,0
2961	16.07.2025 16:47:20,000	4,39	13,80	27,2	15,6	47,3	0	20,7
2962	16.07.2025 16:47:21,000	4,39	13,78	27,0	12,6	50,4	0	16,3
2963	16.07.2025 16:47:22,000	4,39	13,76	25,4	11,2	53,4	0	14,1
2964	16.07.2025 16:47:23,000	4,35	13,73	29,8	9,4	50,8	0	12,2
2965	16.07.2025 16:47:24,000	4,35	13,71	29,6	5,4	55,0	0	6,7
2966	16.07.2025 16:47:25,000	4,35	13,71	28,8	2,6	58,6	0	3,1
2967	16.07.2025 16:47:26,000	4,31	13,69	29,6	-2,8	57,6	0	-3,4
2968	16.07.2025 16:47:27,000	4,31	13,66	31,0	-3,1	55,9	0	-3,8
2969	16.07.2025 16:47:28,000	4,28	13,66	28,2	-6,6	55,2	0	-8,2
2970	16.07.2025 16:47:29,000	4,28	13,62	31,1	-3,6	55,3	0	-4,4
2971	16.07.2025 16:47:30,000	4,24	13,57	28,9	-7,1	54,0	0	-8,9
2972	16.07.2025 16:47:31,000	4,24	13,55	28,4	-6,3	55,2	0	-7,8
2973	16.07.2025 16:47:32,000	4,24	13,52	30,2	-5,5	54,3	0	-6,8
2974	16.07.2025 16:47:33,000	4,20	13,50	30,6	-4,3	55,1	0	-5,3
2975	16.07.2025 16:47:34,000	4,20	13,45	29,3	-7,4	53,3	0	-9,3
2976	16.07.2025 16:47:35,000	4,20	13,41	30,1	-6,4	53,5	0	-8,0
2977	16.07.2025 16:47:36,000	4,17	13,40	30,9	-5,6	53,5	0	-7,0
2978	16.07.2025 16:47:37,000	4,17	13,38	31,0	-3,9	55,0	0	-4,8
2979	16.07.2025 16:47:38,000	4,13	13,31	30,1	-6,8	53,1	0	-8,6
2980	16.07.2025 16:47:39,000	4,13	13,29	29,9	-4,7	55,4	0	-5,8
2981	16.07.2025 16:47:40,000	4,13	13,27	32,1	-3,8	54,2	0	-4,7
2982	16.07.2025 16:47:41,000	4,13	13,22	30,8	-3,2	56,0	0	-3,9
2983	16.07.2025 16:47:42,000	4,09	13,17	30,7	-4,0	55,3	0	-5,0
2984	16.07.2025 16:47:43,000	4,09	13,17	31,7	-2,9	55,4	0	-3,5
2985	16.07.2025 16:47:44,000	4,06	13,13	33,6	-1,9	54,5	0	-2,3
2986	16.07.2025 16:47:45,000	4,06	13,08	32,3	-0,1	57,6	0	-0,2
2987	16.07.2025 16:47:46,000	4,06	13,04	31,7	-0,4	57,9	0	-0,4
2988	16.07.2025 16:47:47,000	4,02	13,01	33,6	-0,1	56,3	0	-0,1
2989	16.07.2025 16:47:48,000	4,02	12,97	33,3	1,5	55,2	0	1,8
2990	16.07.2025 16:47:49,000	4,02	12,92	32,3	4,2	53,5	0	5,3
2991	16.07.2025 16:47:50,000	4,02	12,90	35,1	2,6	52,2	0	3,3
2992	16.07.2025 16:47:51,000	4,02	12,88	32,4	5,9	51,7	0	7,6
2993	16.07.2025 16:47:52,000	4,02	12,88	32,0	4,3	53,8	0	5,3
2994	16.07.2025 16:47:53,000	3,98	12,81	29,0	4,1	57,0	0	4,9
2995	16.07.2025 16:47:54,000	3,98	12,76	28,6	4,6	56,8	0	5,6
2996	16.07.2025 16:47:55,000	3,98	12,74	29,2	5,5	55,3	0	6,8
2997	16.07.2025 16:47:56,000	3,98	12,69	29,4	3,6	56,9	0	4,4
2998	16.07.2025 16:47:57,000	3,98	12,67	29,5	3,5	57,0	0	4,2
2999	16.07.2025 16:47:58,000	3,98	12,63	28,9	4,6	56,5	0	5,6
3000	16.07.2025 16:47:59,000	3,94	12,62	27,7	4,8	57,5	0	5,8
3001	16.07.2025 16:48:00,000	3,94	12,58	26,9	5,8	57,3	0	7,0
3002	16.07.2025 16:48:01,000	3,94	12,56	27,6	6,3	56,1	0	7,7
3003	16.07.2025 16:48:02,000	3,91	12,51	25,4	6,3	58,4	0	7,5
3004	16.07.2025 16:48:03,000	3,91	12,49	27,2	8,8	54,0	0	11,0
3005	16.07.2025 16:48:04,000	3,91	12,46	26,9	7,9	55,3	0	9,7
3006	16.07.2025 16:48:05,000	3,87	12,41	24,8	9,1	56,1	0	11,1
3007	16.07.2025 16:48:06,000	3,83	12,41	23,5	10,0	56,5	0	12,2
3008	16.07.2025 16:48:07,000	3,80	12,39	24,0	9,5	56,6	0	11,5
3009	16.07.2025 16:48:08,000	3,76	12,32	24,0	10,7	55,3	0	13,2
3010	16.07.2025 16:48:09,000	3,72	12,29	24,7	10,9	54,4	0	13,5
3011	16.07.2025 16:48:10,000	3,72	12,29	25,6	8,7	55,7	0	10,7
3012	16.07.2025 16:48:11,000	3,72	12,25	25,2	10,9	53,9	0	13,6
3013	16.07.2025 16:48:12,000	3,68	12,22	24,9	9,6	55,5	0	11,8
3014	16.07.2025 16:48:13,000	3,68	12,20	25,5	10,7	53,8	0	13,3
3015	16.07.2025 16:48:14,000	3,65	12,17	24,0	12,2	53,8	0	15,1
3016	16.07.2025 16:48:15,000	3,65	12,13	25,5	12,2	52,4	0	15,4
3017	16.07.2025 16:48:16,000	3,65	12,11	26,0	10,5	53,5	0	13,2
3018	16.07.2025 16:48:17,000	3,61	12,06	25,8	9,2	55,0	0	11,3
3019	16.07.2025 16:48:18,000	3,65	12,04	25,5	11,1	53,4	0	13,9
3020	16.07.2025 16:48:19,000	3,65	11,99	26,7	11,7	51,6	0	14,9
3021	16.07.2025 16:48:20,000	3,65	11,97	25,4	10,9	53,7	0	13,6
3022	16.07.2025 16:48:21,000	3,65	11,95	26,3	13,4	50,3	0	17,2
3023	16.07.2025 16:48:22,000	3,61	11,90	25,9	13,7	50,4	0	17,6
3024	16.07.2025 16:48:23,000	3,61	11,88	26,7	12,8	50,5	0	16,5
3025	16.07.2025 16:48:24,000	3,61	11,86	26,1	14,4	49,5	0	18,7
3026	16.07.2025 16:48:25,000	3,61	11,83	26,3	14,3	49,4	0	18,6
3027	16.07.2025 16:48:26,000	3,61	11,81	22,8	13,0	54,2	0	16,0
3028	16.07.2025 16:48:27,000	3,57	11,78	23,3	12,5	54,3	0	15,4
3029	16.07.2025 16:48:28,000	3,57	11,76	23,1	12,3	54,6	0	15,1
3030	16.07.2025 16:48:29,000	3,53	11,74	22,2	8,2	59,7	0	9,6
3031	16.07.2025 16:48:30,000	3,53	11,74	22,1	6,8	61,1	0	7,9
3032	16.07.2025 16:48:31,000	3,50	11,71	22,2	2,6	65,2	0	2,9
3033	16.07.2025 16:48:32,000	3,46	11,71	24,9	0,3	64,8	0	0,3
3034	16.07.2025 16:48:33,000	3,42	11,68	22,7	-3,9	63,4	0	-4,4
3035	16.07.2025 16:48:34,000	3,42	11,66	26,0	-2,4	61,7	0	-2,7
3036	16.07.2025 16:48:35,000	3,42	11,64	28,1	-4,1	57,8	0	-4,9
3037	16.07.2025 16:48:36,000	3,38	11,61	25,7	-6,0	58,2	0	-7,2
3038	16.07.2025 16:48:37,000	3,38	11,59	27,1	-5,7	57,2	0	-6,9
3039	16.07.2025 16:48:38,000	3,35	11,56	28,2	-5,1	56,6	0	-6,2
3040	16.07.2025 16:48:39,000	3,35	11,54	29,3	-4,1	56,6	0	-5,0
3041	16.07.2025 16:48:40,000	3,35	11,50	27,5	-5,7	56,8	0	-6,9
3042	16.07.2025 16:48:41,000	3,31	11,49	29,3	-3,9	56,9	0	-4,7
3043	16.07.2025 16:48:42,000	3,27	11,45	29,4	-2,6	58,0	0	-3,1
3044	16.07.2025 16:48:43,000	3,27	11,45	29,9	-2,3	57,9	0	-2,7
3045	16.07.2025 16:48:44,000	3,27	11,42	31,6	-0,4	58,0	0	-0,5
3046	16.07.2025 16:48:45,000	3,23	11,35	31,5	-0,5	58,0	0	-0,6
3047	16.07.2025 16:48:46,000	3,20	11,35	29,8	-1,1	59,0	0	-1,3
3048	16.07.2025 16:48:47,000	3,20	11,33	30,0	0,6	59,5	0	0,7
3049	16.07.2025 16:48:48,000	3,16	11,30	31,6	1,3	57,2	0	1,5
3050	16.07.2025 16:48:49,000	3,16	11,28	30,9	-0,4	58,7	0	-0,5
3051	16.07.2025 16:48:50,000	3,12	11,23	33,3	0,0	56,7	0	0,0
3052	16.07.2025 16:48:51,000	3,12	11,21	34,0	2,1	53,9	0	2,6
3053	16.07.2025 16:48:52,000	3,08	11,18	32,2	2,3	55,5	0	2,9
3054	16.07.2025 16:48:53,000	3,08	11,14	32,7	1,1	56,2	0	1,3
3055	16.07.2025 16:48:54,000	3,08	11,12	32,7	3,0	54,3	0	3,7
3056	16.07.2025 16:48:55,000	3,08	11,09	33,2	2,6	54,2	0	3,3
3057	16.07.2025 16:48:56,000	3,08	11,07	32,4	2,4	55,2	0	3,0
3058	16.07.2025 16:48:57,000	3,08	11,03	32,2	4,5	53,3	0	5,6
3059	16.07.2025 16:48:58,000	3,08	11,00	33,9	4,8	51,4	0	6,2
3060	16.07.2025 16:48:59,000	3,08	10,98	36,4	1,2	52,4	0	1,6
3061	16.07.2025 16:49:00,000	3,08	10,96	34,6	3,4	52,0	0	4,3
3062	16.07.2025 16:49:01,000	3,04	10,91	33,9	2,0	54,1	0	2,5
3063	16.07.2025 16:49:02,000	3,04	10,89	32,7	5,4	52,0	0	6,9
3064	16.07.2025 16:49:03,000	3,04	10,87	32,1	4,5	53,5	0	5,6
3065	16.07.2025 16:49:04,000	3,04	10,87	32,4	4,7	52,9	0	6,0
3066	16.07.2025 16:49:05,000	3,01	10,82	32,9	7,8	49,3	0	10,4
3067	16.07.2025 16:49:06,000	3,01	10,80	31,7	8,6	49,7	0	11,3
3068	16.07.2025 16:49:07,000	3,01	10,82	32,2	12,3	45,5	0	17,0
3069	16.07.2025 16:49:08,000	3,01	10,80	29,6	9,7	50,7	0	12,7
3070	16.07.2025 16:49:09,000	2,97	10,77	27,3	10,7	52,1	0	13,6
3071	16.07.2025 16:49:10,000	2,97	10,73	26,4	9,8	53,8	0	12,3
3072	16.07.2025 16:49:11,000	2,93	10,72	27,5	11,6	50,9	0	14,9
3073	16.07.2025 16:49:12,000	2,89	10,70	25,5	7,4	57,0	0	9,0
3074	16.07.2025 16:49:13,000	2,85	10,67	26,3	10,3	53,3	0	13,0
3075	16.07.2025 16:49:14,000	2,82	10,67	23,5	9,0	57,5	0	10,8
3076	16.07.2025 16:49:15,000	2,78	10,64	25,0	9,8	55,2	0	12,1
3077	16.07.2025 16:49:16,000	2,74	10,64	24,5	10,6	54,9	0	13,0
3078	16.07.2025 16:49:17,000	2,70	10,62	21,0	8,2	60,8	0	9,6
3079	16.07.2025 16:49:18,000	2,66	10,59	23,4	9,8	56,8	0	11,9
3080	16.07.2025 16:49:19,000	2,66	10,59	26,9	11,3	51,8	0	14,4
3081	16.07.2025 16:49:20,000	2,63	10,56	25,1	7,3	57,6	0	8,8
3082	16.07.2025 16:49:21,000	2,63	10,54	23,5	7,5	59,0	0	8,9
3083	16.07.2025 16:49:22,000	2,59	10,54	23,6	9,5	56,9	0	11,5
3084	16.07.2025 16:49:23,000	2,59	10,49	23,9	9,9	56,2	0	12,1
3085	16.07.2025 16:49:24,000	2,59	10,49	24,3	9,9	55,8	0	12,1
3086	16.07.2025 16:49:25,000	2,59	10,45	25,2	8,8	56,0	0	10,7
3087	16.07.2025 16:49:26,000	2,59	10,47	26,8	8,0	55,2	0	9,9
3088	16.07.2025 16:49:27,000	2,59	10,43	25,5	9,5	55,1	0	11,7
3089	16.07.2025 16:49:28,000	2,59	10,40	23,8	7,8	58,4	0	9,3
3090	16.07.2025 16:49:29,000	2,59	10,40	24,6	8,6	56,8	0	10,4
3091	16.07.2025 16:49:30,000	2,55	10,38	24,2	8,7	57,1	0	10,6
3092	16.07.2025 16:49:31,000	2,55	10,38	25,2	8,1	56,7	0	9,9
3093	16.07.2025 16:49:32,000	2,55	10,33	26,7	8,7	54,5	0	10,9
3094	16.07.2025 16:49:33,000	2,55	10,33	27,6	8,0	54,3	0	10,0
3095	16.07.2025 16:49:34,000	2,55	10,31	26,3	7,2	56,5	0	8,8
3096	16.07.2025 16:49:35,000	2,55	10,27	25,3	8,5	56,2	0	10,4
3097	16.07.2025 16:49:36,000	2,55	10,27	27,2	8,6	54,2	0	10,8
3098	16.07.2025 16:49:37,000	2,55	10,24	27,9	7,8	54,3	0	9,8
3099	16.07.2025 16:49:38,000	2,51	10,22	28,5	9,4	52,1	0	12,0
3100	16.07.2025 16:49:39,000	2,47	10,22	30,6	12,4	47,0	0	16,7
3101	16.07.2025 16:49:40,000	2,47	10,19	30,3	10,9	48,8	0	14,4
3102	16.07.2025 16:49:41,000	2,43	10,17	28,7	9,6	51,7	0	12,3
3103	16.07.2025 16:49:42,000	2,43	10,15	27,3	10,9	51,8	0	13,9
3104	16.07.2025 16:49:43,000	2,43	10,15	28,1	10,8	51,1	0	14,0
3105	16.07.2025 16:49:44,000	2,43	10,12	28,6	11,4	50,0	0	14,9
3106	16.07.2025 16:49:45,000	2,43	10,12	29,4	13,4	47,3	0	17,9
3107	16.07.2025 16:49:46,000	2,40	10,10	29,8	11,4	48,8	0	15,1
3108	16.07.2025 16:49:47,000	2,40	10,07	29,0	12,9	48,2	0	17,1
3109	16.07.2025 16:49:48,000	2,40	10,05	28,0	11,7	50,3	0	15,2
3110	16.07.2025 16:49:49,000	2,40	10,03	28,0	12,1	50,0	0	15,7
3111	16.07.2025 16:49:50,000	2,40	10,03	27,3	13,1	49,6	0	17,1
3112	16.07.2025 16:49:51,000	2,40	9,98	28,1	13,5	48,4	0	17,8
3113	16.07.2025 16:49:52,000	2,36	10,00	28,3	13,7	48,0	0	18,2
3114	16.07.2025 16:49:53,000	2,36	9,98	27,5	13,9	48,6	0	18,3
3115	16.07.2025 16:49:54,000	2,32	9,98	27,6	14,5	47,9	0	19,1
3116	16.07.2025 16:49:55,000	2,32	9,96	27,6	13,1	49,3	0	17,1
3117	16.07.2025 16:49:56,000	2,28	9,93	27,8	14,7	47,5	0	19,5
3118	16.07.2025 16:49:57,000	2,24	9,93	28,4	14,9	46,7	0	20,0
3119	16.07.2025 16:49:58,000	2,20	9,92	27,7	15,8	46,6	0	21,1
3120	16.07.2025 16:49:59,000	2,16	9,90	27,6	15,6	46,8	0	20,8
3121	16.07.2025 16:50:00,000	2,13	9,90	28,3	16,5	45,2	0	22,3
3122	16.07.2025 16:50:01,000	2,13	9,87	27,3	15,7	47,0	0	20,8
3123	16.07.2025 16:50:02,000	2,09	9,87	26,6	15,4	48,0	0	20,2
3124	16.07.2025 16:50:03,000	2,09	9,85	27,2	15,5	47,2	0	20,6
3125	16.07.2025 16:50:04,000	2,05	9,85	27,5	15,8	46,6	0	21,1
3126	16.07.2025 16:50:05,000	2,05	9,82	27,1	17,0	45,9	0	22,8
3127	16.07.2025 16:50:06,000	2,01	9,82	27,6	15,9	46,5	0	21,3
3128	16.07.2025 16:50:07,000	2,01	9,80	27,6	15,9	46,5	0	21,3
3129	16.07.2025 16:50:08,000	2,01	9,77	26,5	17,3	46,2	0	23,0
3130	16.07.2025 16:50:09,000	1,97	9,77	27,7	15,6	46,7	0	20,8
3131	16.07.2025 16:50:10,000	1,97	9,77	24,2	19,4	46,4	0	25,3
3132	16.07.2025 16:50:11,000	1,97	9,77	26,1	19,2	44,7	0	25,7
3133	16.07.2025 16:50:12,000	1,97	9,73	26,2	20,0	43,8	0	26,9
3134	16.07.2025 16:50:13,000	1,93	9,72	25,9	19,3	44,9	0	25,7
3135	16.07.2025 16:50:14,000	1,93	9,72	26,1	19,9	43,9	0	26,8
3136	16.07.2025 16:50:15,000	1,89	9,72	25,5	20,1	44,3	0	26,8
3137	16.07.2025 16:50:16,000	1,85	9,70	25,7	19,7	44,6	0	26,2
3138	16.07.2025 16:50:17,000	1,81	9,67	25,5	18,0	46,5	0	23,7
3139	16.07.2025 16:50:18,000	1,81	9,67	24,6	17,5	47,9	0	22,7
3140	16.07.2025 16:50:19,000	1,78	9,64	24,4	16,1	49,4	0	20,7
3141	16.07.2025 16:50:20,000	1,74	9,62	25,1	16,8	48,1	0	21,9
3142	16.07.2025 16:50:21,000	1,74	9,62	25,8	16,5	47,7	0	21,6
3143	16.07.2025 16:50:22,000	1,70	9,59	24,7	15,5	49,8	0	19,9
3144	16.07.2025 16:50:23,000	1,66	9,57	27,4	18,9	43,7	0	25,7
3145	16.07.2025 16:50:24,000	1,66	9,57	23,5	13,8	52,7	0	17,3
3146	16.07.2025 16:50:25,000	1,62	9,56	25,2	16,8	48,0	0	21,9
3147	16.07.2025 16:50:26,000	1,62	9,52	23,3	16,9	49,8	0	21,5
3148	16.07.2025 16:50:27,000	1,62	9,50	24,7	17,9	47,4	0	23,3
3149	16.07.2025 16:50:28,000	1,58	9,49	24,5	20,6	44,9	0	27,1
3150	16.07.2025 16:50:29,000	1,58	9,47	23,4	20,3	46,3	0	26,3
3151	16.07.2025 16:50:30,000	1,58	9,45	24,4	23,9	41,7	0	31,9
3152	16.07.2025 16:50:31,000	1,58	9,43	24,2	23,0	42,8	0	30,5
3153	16.07.2025 16:50:32,000	1,58	9,38	23,2	25,2	41,6	0	33,2
3154	16.07.2025 16:50:33,000	1,54	9,38	23,1	27,6	39,3	0	36,5
3155	16.07.2025 16:50:34,000	1,54	9,36	22,4	27,8	39,8	0	36,5
3156	16.07.2025 16:50:35,000	1,54	9,33	23,1	29,9	37,0	0	39,9
3157	16.07.2025 16:50:36,000	1,58	9,31	22,5	29,9	37,6	0	39,5
3158	16.07.2025 16:50:37,000	1,58	9,31	23,0	31,9	35,0	0	42,8
3159	16.07.2025 16:50:38,000	1,54	9,29	23,0	28,8	38,2	0	38,3
3160	16.07.2025 16:50:39,000	1,54	9,27	21,0	28,8	40,2	0	37,1
3161	16.07.2025 16:50:40,000	1,54	9,27	21,6	28,7	39,7	0	37,3
3162	16.07.2025 16:50:41,000	1,54	9,24	20,5	26,5	43,0	0	33,8
3163	16.07.2025 16:50:42,000	1,54	9,24	19,4	25,7	44,9	0	32,1
3164	16.07.2025 16:50:43,000	1,54	9,22	20,5	21,4	48,0	0	26,8
3165	16.07.2025 16:50:44,000	1,54	9,22	22,2	16,3	51,5	0	20,4
3166	16.07.2025 16:50:45,000	1,54	9,22	23,8	16,7	49,5	0	21,3
3167	16.07.2025 16:50:46,000	1,54	9,20	24,6	13,6	51,8	0	17,1
3168	16.07.2025 16:50:47,000	1,54	9,18	27,1	9,7	53,2	0	12,2
3169	16.07.2025 16:50:48,000	1,50	9,17	27,0	10,3	52,8	0	13,0
3170	16.07.2025 16:50:49,000	1,50	9,17	28,1	10,4	51,5	0	13,4
3171	16.07.2025 16:50:50,000	1,50	9,17	27,5	10,2	52,3	0	13,0
3172	16.07.2025 16:50:51,000	1,50	9,13	27,7	9,7	52,6	0	12,3
3173	16.07.2025 16:50:52,000	1,46	9,10	28,6	11,0	50,4	0	14,3
3174	16.07.2025 16:50:53,000	1,46	9,10	28,8	11,7	49,5	0	15,3
3175	16.07.2025 16:50:54,000	1,46	9,08	29,6	11,8	48,6	0	15,7
3176	16.07.2025 16:50:55,000	1,46	9,06	29,3	11,8	48,9	0	15,6
3177	16.07.2025 16:50:56,000	1,46	9,04	29,8	11,4	48,8	0	15,1
3178	16.07.2025 16:50:57,000	1,42	9,03	29,4	11,9	48,7	0	15,8
3179	16.07.2025 16:50:58,000	1,42	8,99	29,5	10,7	49,8	0	14,1
3180	16.07.2025 16:50:59,000	1,38	8,96	29,0	11,5	49,5	0	15,1
3181	16.07.2025 16:51:00,000	1,38	8,94	29,6	9,3	51,1	0	12,0
3182	16.07.2025 16:51:01,000	1,38	8,94	30,5	12,4	47,1	0	16,7
3183	16.07.2025 16:51:02,000	1,38	8,92	30,7	10,7	48,5	0	14,3
3184	16.07.2025 16:51:03,000	1,38	8,87	29,0	11,6	49,4	0	15,2
3185	16.07.2025 16:51:04,000	1,34	8,87	29,2	9,9	50,9	0	12,8
3186	16.07.2025 16:51:05,000	1,34	8,85	30,8	10,8	48,4	0	14,5
3187	16.07.2025 16:51:06,000	1,30	8,82	28,5	11,6	50,0	0	15,1
3188	16.07.2025 16:51:07,000	1,30	8,80	29,7	10,2	50,0	0	13,4
3189	16.07.2025 16:51:08,000	1,30	8,78	31,5	10,6	47,9	0	14,3
3190	16.07.2025 16:51:09,000	1,30	8,75	30,3	14,0	45,7	0	19,2
3191	16.07.2025 16:51:10,000	1,30	8,75	30,6	13,3	46,2	0	18,1
3192	16.07.2025 16:51:11,000	1,27	8,73	29,8	12,0	48,2	0	16,0
3193	16.07.2025 16:51:12,000	1,27	8,73	30,0	10,8	49,3	0	14,2
3194	16.07.2025 16:51:13,000	1,23	8,70	30,7	13,3	46,0	0	18,3
3195	16.07.2025 16:51:14,000	1,23	8,70	30,1	13,3	46,7	0	18,0
3196	16.07.2025 16:51:15,000	1,19	8,68	29,7	12,2	48,0	0	16,3
3197	16.07.2025 16:51:16,000	1,19	8,65	30,4	12,8	46,8	0	17,3
3198	16.07.2025 16:51:17,000	1,15	8,63	30,0	12,3	47,7	0	16,4
3199	16.07.2025 16:51:18,000	1,15	8,61	29,4	12,4	48,2	0	16,4
3200	16.07.2025 16:51:19,000	1,15	8,61	31,0	13,8	45,3	0	19,0
3201	16.07.2025 16:51:20,000	1,15	8,58	30,8	13,2	46,0	0	18,0
3202	16.07.2025 16:51:21,000	1,11	8,58	29,6	13,1	47,3	0	17,6
3203	16.07.2025 16:51:22,000	1,11	8,56	29,3	10,7	50,0	0	14,0
3204	16.07.2025 16:51:23,000	1,11	8,56	30,2	13,1	46,7	0	17,8
3205	16.07.2025 16:51:24,000	1,07	8,55	29,9	9,6	50,5	0	12,5
3206	16.07.2025 16:51:25,000	1,07	8,53	30,1	8,9	51,0	0	11,6
3207	16.07.2025 16:51:26,000	1,07	8,51	29,0	10,5	50,5	0	13,6
3208	16.07.2025 16:51:27,000	1,07	8,49	30,2	11,8	48,0	0	15,7
3209	16.07.2025 16:51:28,000	1,07	8,49	29,7	11,5	48,8	0	15,3
3210	16.07.2025 16:51:29,000	1,07	8,46	31,3	9,8	48,9	0	13,1
3211	16.07.2025 16:51:30,000	1,07	8,44	29,6	9,2	51,2	0	11,9
3212	16.07.2025 16:51:31,000	1,07	8,44	30,2	10,4	49,4	0	13,8
3213	16.07.2025 16:51:32,000	1,07	8,42	31,9	8,6	49,5	0	11,4
3214	16.07.2025 16:51:33,000	1,07	8,42	31,6	8,2	50,2	0	10,7
3215	16.07.2025 16:51:34,000	1,07	8,42	31,9	7,6	50,5	0	9,9
3216	16.07.2025 16:51:35,000	1,07	8,37	30,1	10,1	49,8	0	13,2
3217	16.07.2025 16:51:36,000	1,07	8,37	29,5	8,7	51,8	0	11,1
3218	16.07.2025 16:51:37,000	1,07	8,37	31,6	9,0	49,4	0	11,9
3219	16.07.2025 16:51:38,000	1,07	8,37	31,9	8,9	49,2	0	11,8
3220	16.07.2025 16:51:39,000	1,07	8,35	32,2	8,9	48,9	0	11,9
3221	16.07.2025 16:51:40,000	1,07	8,35	30,8	8,1	51,1	0	10,6
3222	16.07.2025 16:51:41,000	1,07	8,33	29,0	9,2	51,8	0	11,8
3223	16.07.2025 16:51:42,000	1,07	8,31	30,0	9,2	50,8	0	11,9
3224	16.07.2025 16:51:43,000	1,07	8,31	30,3	8,8	50,9	0	11,5
3225	16.07.2025 16:51:44,000	1,07	8,28	31,2	8,5	50,3	0	11,2
3226	16.07.2025 16:51:45,000	1,07	8,31	30,4	8,6	51,0	0	11,2
3227	16.07.2025 16:51:46,000	1,07	8,28	30,5	9,4	50,1	0	12,3
3228	16.07.2025 16:51:47,000	1,07	8,26	29,9	8,9	51,2	0	11,5
3229	16.07.2025 16:51:48,000	1,07	8,26	29,9	9,7	50,5	0	12,6
3230	16.07.2025 16:51:49,000	1,07	8,26	30,1	8,5	51,4	0	11,0
3231	16.07.2025 16:51:50,000	1,07	8,24	30,9	7,7	51,3	0	10,0
3232	16.07.2025 16:51:51,000	1,07	8,24	30,2	7,7	52,1	0	9,9
3233	16.07.2025 16:51:52,000	1,07	8,22	29,0	8,5	52,5	0	10,8
3234	16.07.2025 16:51:53,000	1,03	8,21	31,4	7,4	51,1	0	9,6
3235	16.07.2025 16:51:54,000	1,03	8,21	30,1	8,9	51,0	0	11,6
3236	16.07.2025 16:51:55,000	1,03	8,19	29,0	7,7	53,3	0	9,8
3237	16.07.2025 16:51:56,000	1,03	8,19	29,8	7,1	53,1	0	8,9
3238	16.07.2025 16:51:57,000	0,99	8,19	32,1	5,8	52,1	0	7,4
3239	16.07.2025 16:51:58,000	0,99	8,21	31,0	7,5	51,5	0	9,6
3240	16.07.2025 16:51:59,000	0,99	8,17	28,8	6,5	54,7	0	8,1
3241	16.07.2025 16:52:00,000	0,99	8,17	30,7	5,0	54,3	0	6,2
3242	16.07.2025 16:52:01,000	0,99	8,17	31,0	4,7	54,3	0	5,9
3243	16.07.2025 16:52:02,000	0,99	8,14	28,4	6,3	55,2	0	7,8
3244	16.07.2025 16:52:03,000	0,99	8,14	28,3	7,7	54,0	0	9,7
3245	16.07.2025 16:52:04,000	0,99	8,14	30,6	5,0	54,3	0	6,3
3246	16.07.2025 16:52:05,000	0,99	8,14	30,5	6,1	53,4	0	7,6
3247	16.07.2025 16:52:06,000	0,95	8,14	29,2	8,1	52,6	0	10,4
3248	16.07.2025 16:52:07,000	0,95	8,12	30,2	6,0	53,9	0	7,5
3249	16.07.2025 16:52:08,000	0,95	8,12	28,6	17,3	44,0	0	23,8
3250	16.07.2025 16:52:09,000	0,95	8,10	28,6	14,6	46,8	0	19,6
3251	16.07.2025 16:52:10,000	0,95	8,12	28,4	14,8	46,9	0	19,8
3252	16.07.2025 16:52:11,000	0,95	8,10	30,1	13,5	46,4	0	18,3
3253	16.07.2025 16:52:12,000	0,95	8,10	28,5	14,7	46,8	0	19,7
3254	16.07.2025 16:52:13,000	0,95	8,07	29,0	12,2	48,8	0	16,2
3255	16.07.2025 16:52:14,000	0,95	8,07	28,0	14,0	48,0	0	18,5
3256	16.07.2025 16:52:15,000	0,95	8,05	27,9	14,2	47,9	0	18,8
3257	16.07.2025 16:52:16,000	0,95	8,05	28,4	13,9	47,6	0	18,5
3258	16.07.2025 16:52:17,000	0,95	8,05	29,3	13,4	47,3	0	18,0
3259	16.07.2025 16:52:18,000	0,95	8,03	29,2	14,0	46,9	0	18,8
3260	16.07.2025 16:52:19,000	0,95	8,03	28,3	14,4	47,3	0	19,2
3261	16.07.2025 16:52:20,000	0,95	8,01	27,9	13,5	48,6	0	17,8
3262	16.07.2025 16:52:21,000	0,91	8,03	28,5	15,7	45,8	0	21,2
3263	16.07.2025 16:52:22,000	0,91	8,00	28,4	15,2	46,4	0	20,5
3264	16.07.2025 16:52:23,000	0,91	8,00	29,1	15,8	45,1	0	21,6
3265	16.07.2025 16:52:24,000	0,91	8,00	29,9	15,5	44,6	0	21,3
3266	16.07.2025 16:52:25,000	0,91	7,98	28,6	14,9	46,5	0	20,1
3267	16.07.2025 16:52:26,000	0,87	7,98	27,3	12,6	50,1	0	16,4
3268	16.07.2025 16:52:27,000	0,87	7,95	27,8	14,2	47,9	0	18,9
3269	16.07.2025 16:52:28,000	0,87	7,95	28,6	14,7	46,7	0	19,7
3270	16.07.2025 16:52:29,000	0,83	7,95	29,0	13,5	47,5	0	18,0
3271	16.07.2025 16:52:30,000	0,83	7,93	27,1	13,0	49,8	0	16,9
3272	16.07.2025 16:52:31,000	0,83	7,93	28,7	13,4	47,9	0	17,9
3273	16.07.2025 16:52:32,000	0,79	7,93	28,8	14,6	46,5	0	19,7
3274	16.07.2025 16:52:33,000	0,79	7,90	28,9	14,4	46,7	0	19,4
3275	16.07.2025 16:52:34,000	0,79	7,88	27,3	12,3	50,4	0	15,9
3276	16.07.2025 16:52:35,000	0,75	7,90	29,4	13,3	47,4	0	17,8
3277	16.07.2025 16:52:36,000	0,75	7,88	29,3	14,9	45,8	0	20,3
3278	16.07.2025 16:52:37,000	0,71	7,87	28,9	13,2	47,9	0	17,6
3279	16.07.2025 16:52:38,000	0,71	7,85	28,5	13,8	47,7	0	18,3
3280	16.07.2025 16:52:39,000	0,71	7,85	28,1	12,7	49,2	0	16,7
3281	16.07.2025 16:52:40,000	0,67	7,83	28,8	12,8	48,4	0	17,0
3282	16.07.2025 16:52:41,000	0,67	7,80	28,7	13,2	48,1	0	17,5
3283	16.07.2025 16:52:42,000	0,67	7,80	29,7	14,1	46,2	0	19,1
3284	16.07.2025 16:52:43,000	0,63	7,80	30,0	13,9	46,0	0	19,0
3285	16.07.2025 16:52:44,000	0,63	7,78	29,2	13,4	47,5	0	17,9
3286	16.07.2025 16:52:45,000	0,59	7,75	29,4	13,2	47,4	0	17,7
3287	16.07.2025 16:52:46,000	0,59	7,75	28,2	13,7	48,1	0	18,1
3288	16.07.2025 16:52:47,000	0,59	7,75	28,8	12,7	48,6	0	16,8
3289	16.07.2025 16:52:48,000	0,59	7,73	29,3	12,5	48,2	0	16,7
3290	16.07.2025 16:52:49,000	0,59	7,71	30,1	13,2	46,6	0	17,9
3291	16.07.2025 16:52:50,000	0,59	7,71	29,4	12,1	48,5	0	16,0
3292	16.07.2025 16:52:51,000	0,59	7,69	29,8	11,1	49,1	0	14,7
3293	16.07.2025 16:52:52,000	0,59	7,66	29,8	9,0	51,2	0	11,7
3294	16.07.2025 16:52:53,000	0,55	7,66	29,0	11,1	49,9	0	14,5
3295	16.07.2025 16:52:54,000	0,55	7,64	29,8	11,5	48,7	0	15,3
3296	16.07.2025 16:52:55,000	0,55	7,61	31,2	8,9	49,9	0	11,6
3297	16.07.2025 16:52:56,000	0,55	7,59	31,0	8,8	50,2	0	11,5
3298	16.07.2025 16:52:57,000	0,55	7,59	29,6	10,7	49,8	0	14,0
3299	16.07.2025 16:52:58,000	0,55	7,57	29,4	10,3	50,3	0	13,4
3300	16.07.2025 16:52:59,000	0,55	7,55	30,7	7,5	51,8	0	9,6
3301	16.07.2025 16:53:00,000	0,55	7,55	29,4	9,0	51,6	0	11,6
3302	16.07.2025 16:53:01,000	0,55	7,52	30,6	5,5	53,9	0	6,9
3303	16.07.2025 16:53:02,000	0,55	7,50	31,5	5,6	52,8	0	7,2
3304	16.07.2025 16:53:03,000	0,51	7,52	30,5	6,5	53,0	0	8,2
3305	16.07.2025 16:53:04,000	0,51	7,50	29,8	5,3	55,0	0	6,5
3306	16.07.2025 16:53:05,000	0,47	7,47	30,4	3,5	56,2	0	4,2
3307	16.07.2025 16:53:06,000	0,47	7,45	30,9	3,2	55,9	0	3,9
3308	16.07.2025 16:53:07,000	0,43	7,45	29,2	3,2	57,7	0	3,8
3309	16.07.2025 16:53:08,000	0,43	7,43	29,5	2,2	58,3	0	2,7
3310	16.07.2025 16:53:09,000	0,43	7,38	29,7	1,3	59,0	0	1,5
3311	16.07.2025 16:53:10,000	0,39	7,38	30,0	-0,2	59,8	0	-0,2
3312	16.07.2025 16:53:11,000	0,39	7,35	26,7	2,2	61,2	0	2,5
3313	16.07.2025 16:53:12,000	0,39	7,33	31,0	0,6	58,5	0	0,7
3314	16.07.2025 16:53:13,000	0,39	7,33	28,9	0,1	61,0	0	0,2
3315	16.07.2025 16:53:14,000	0,35	7,33	29,7	2,1	58,1	0	2,5
3316	16.07.2025 16:53:15,000	0,35	7,31	30,8	1,7	57,5	0	2,0
3317	16.07.2025 16:53:16,000	0,35	7,26	29,0	1,3	59,7	0	1,5
3318	16.07.2025 16:53:17,000	0,35	7,24	27,4	4,0	58,5	0	4,8
3319	16.07.2025 16:53:18,000	0,35	7,24	29,9	7,1	53,0	0	8,9
3320	16.07.2025 16:53:19,000	0,35	7,24	29,2	6,4	54,4	0	7,9
3321	16.07.2025 16:53:20,000	0,31	7,24	30,6	11,8	47,6	0	15,9
3322	16.07.2025 16:53:21,000	0,35	7,22	30,6	15,3	44,0	0	21,3
3323	16.07.2025 16:53:22,000	0,35	7,19	30,7	14,1	45,2	0	19,4
3324	16.07.2025 16:53:23,000	0,35	7,17	30,6	16,9	42,5	0	23,7
3325	16.07.2025 16:53:24,000	0,35	7,17	30,4	17,6	42,0	0	24,8
3326	16.07.2025 16:53:25,000	0,35	7,15	29,8	16,3	43,8	0	22,6
3327	16.07.2025 16:53:26,000	0,35	7,13	30,1	15,3	44,6	0	21,1
3328	16.07.2025 16:53:27,000	0,35	7,10	29,2	14,2	46,6	0	19,2
3329	16.07.2025 16:53:28,000	0,35	7,10	28,3	15,1	46,5	0	20,3
3330	16.07.2025 16:53:29,000	0,35	7,08	28,4	15,6	46,0	0	21,0
3331	16.07.2025 16:53:30,000	0,35	7,08	27,9	12,8	49,2	0	16,8
3332	16.07.2025 16:53:31,000	0,31	7,03	28,9	11,7	49,3	0	15,4
3333	16.07.2025 16:53:32,000	0,31	7,03	27,6	11,6	50,8	0	15,0
3334	16.07.2025 16:53:33,000	0,31	7,01	28,9	12,6	48,5	0	16,7
3335	16.07.2025 16:53:34,000	0,31	6,99	28,2	11,2	50,6	0	14,6
3336	16.07.2025 16:53:35,000	0,31	6,97	28,4	11,9	49,7	0	15,6
3337	16.07.2025 16:53:36,000	0,31	6,94	30,1	10,1	49,8	0	13,3
3338	16.07.2025 16:53:37,000	0,31	6,94	30,6	10,4	49,0	0	13,8
3339	16.07.2025 16:53:38,000	0,31	6,90	29,7	10,6	49,7	0	13,9
3340	16.07.2025 16:53:39,000	0,31	6,88	29,3	12,0	48,7	0	16,0
3341	16.07.2025 16:53:40,000	0,31	6,85	30,1	11,1	48,8	0	14,7
3342	16.07.2025 16:53:41,000	0,31	6,83	29,7	11,3	49,0	0	15,0
3343	16.07.2025 16:53:42,000	0,31	6,83	31,3	12,4	46,3	0	17,0
3344	16.07.2025 16:53:43,000	0,31	6,79	31,2	12,1	46,7	0	16,5
3345	16.07.2025 16:53:44,000	0,31	6,76	29,9	11,3	48,7	0	15,1
3346	16.07.2025 16:53:45,000	0,35	6,74	30,9	11,7	47,4	0	15,8
3347	16.07.2025 16:53:46,000	0,35	6,72	30,7	11,8	47,6	0	15,8
3348	16.07.2025 16:53:47,000	0,35	6,68	30,3	12,0	47,7	0	16,2
3349	16.07.2025 16:53:48,000	0,35	6,65	32,0	9,0	49,0	0	12,0
3350	16.07.2025 16:53:49,000	0,35	6,63	31,7	10,7	47,6	0	14,5
3351	16.07.2025 16:53:50,000	0,35	6,61	30,5	11,7	47,8	0	15,7
3352	16.07.2025 16:53:51,000	0,35	6,59	30,9	10,6	48,5	0	14,1
3353	16.07.2025 16:53:52,000	0,35	6,54	30,4	9,6	50,0	0	12,6
3354	16.07.2025 16:53:53,000	0,35	6,54	31,0	9,1	50,0	0	11,9
3355	16.07.2025 16:53:54,000	0,35	6,52	31,1	9,5	49,5	0	12,5
3356	16.07.2025 16:53:55,000	0,35	6,50	31,3	9,4	49,2	0	12,5
3357	16.07.2025 16:53:56,000	0,35	6,48	31,4	8,9	49,7	0	11,7
3358	16.07.2025 16:53:57,000	0,35	6,48	30,9	9,1	50,1	0	11,9
3359	16.07.2025 16:53:58,000	0,35	6,43	29,6	8,5	51,9	0	10,9
3360	16.07.2025 16:53:59,000	0,35	6,41	31,4	5,7	52,8	0	7,3
3361	16.07.2025 16:54:00,000	0,35	6,39	30,8	7,0	52,2	0	9,0
3362	16.07.2025 16:54:01,000	0,35	6,36	29,7	8,6	51,7	0	11,1
3363	16.07.2025 16:54:02,000	0,35	6,32	31,7	6,2	52,1	0	7,9
3364	16.07.2025 16:54:03,000	0,39	6,30	31,8	5,2	53,1	0	6,5
3365	16.07.2025 16:54:04,000	0,39	6,28	30,2	5,6	54,2	0	7,0
3366	16.07.2025 16:54:05,000	0,39	6,28	31,1	6,5	52,4	0	8,3
3367	16.07.2025 16:54:06,000	0,39	6,23	29,9	6,2	53,9	0	7,7
3368	16.07.2025 16:54:07,000	0,39	6,21	28,3	6,4	55,3	0	7,9
3369	16.07.2025 16:54:08,000	0,35	6,18	31,4	4,1	54,5	0	5,1
3370	16.07.2025 16:54:09,000	0,35	6,14	28,5	4,0	57,5	0	4,7
3371	16.07.2025 16:54:10,000	0,35	6,14	29,2	5,2	55,6	0	6,4
3372	16.07.2025 16:54:11,000	0,35	6,12	30,6	2,0	57,4	0	2,4
3373	16.07.2025 16:54:12,000	0,35	6,09	32,2	1,9	55,9	0	2,3
3374	16.07.2025 16:54:13,000	0,35	6,07	31,9	1,8	56,2	0	2,2
3375	16.07.2025 16:54:14,000	0,31	6,02	30,1	3,0	57,0	0	3,6
3376	16.07.2025 16:54:15,000	0,31	6,02	30,2	2,7	57,2	0	3,2
3377	16.07.2025 16:54:16,000	0,31	6,00	30,8	1,5	57,7	0	1,8
3378	16.07.2025 16:54:17,000	0,31	5,95	30,9	0,8	58,3	0	1,0
3379	16.07.2025 16:54:18,000	0,31	5,95	31,2	0,6	58,2	0	0,7
3380	16.07.2025 16:54:19,000	0,31	5,93	31,1	-2,1	56,8	0	-2,5
3381	16.07.2025 16:54:20,000	0,31	5,91	30,7	0,2	59,1	0	0,3
3382	16.07.2025 16:54:21,000	0,27	5,86	29,6	0,4	60,1	0	0,4
3383	16.07.2025 16:54:22,000	0,31	5,87	30,9	4,6	54,5	0	5,7
3384	16.07.2025 16:54:23,000	0,31	5,84	29,3	5,4	55,3	0	6,6
3385	16.07.2025 16:54:24,000	0,27	5,82	28,0	7,4	54,6	0	9,2
3386	16.07.2025 16:54:25,000	0,27	5,82	31,2	8,1	50,7	0	10,6
3387	16.07.2025 16:54:26,000	0,27	5,79	31,1	10,9	48,0	0	14,7
3388	16.07.2025 16:54:27,000	0,27	5,77	29,5	12,4	48,0	0	16,6
3389	16.07.2025 16:54:28,000	0,31	5,75	29,2	13,1	47,7	0	17,5
3390	16.07.2025 16:54:29,000	0,31	5,78	32,3	10,7	46,9	0	14,6
3391	16.07.2025 16:54:30,000	0,31	5,73	31,7	11,3	47,0	0	15,4
3392	16.07.2025 16:54:31,000	0,31	5,71	30,6	9,6	49,7	0	12,7
3393	16.07.2025 16:54:32,000	0,31	5,69	30,8	8,0	51,2	0	10,3
3394	16.07.2025 16:54:33,000	0,31	5,69	30,1	7,6	52,3	0	9,7
3395	16.07.2025 16:54:34,000	0,31	5,66	30,4	5,4	54,2	0	6,7
3396	16.07.2025 16:54:35,000	0,31	5,64	28,9	5,9	55,2	0	7,3
3397	16.07.2025 16:54:36,000	0,31	5,62	31,7	5,1	53,2	0	6,5
3398	16.07.2025 16:54:37,000	0,27	5,61	30,3	3,2	56,5	0	3,9
3399	16.07.2025 16:54:38,000	0,27	5,59	30,9	5,4	53,7	0	6,8
3400	16.07.2025 16:54:39,000	0,27	5,59	33,3	3,5	53,2	0	4,4
3401	16.07.2025 16:54:40,000	0,27	5,57	31,0	6,0	53,0	0	7,6
3402	16.07.2025 16:54:41,000	0,27	5,55	31,2	6,2	52,6	0	7,9
3403	16.07.2025 16:54:42,000	0,27	5,55	31,9	4,4	53,6	0	5,6
3404	16.07.2025 16:54:43,000	0,27	5,52	32,5	3,3	54,2	0	4,1
3405	16.07.2025 16:54:44,000	0,27	5,52	32,7	3,0	54,3	0	3,7
3406	16.07.2025 16:54:45,000	0,27	5,48	32,5	2,9	54,5	0	3,6
3407	16.07.2025 16:54:46,000	0,27	5,46	32,8	3,5	53,8	0	4,3
3408	16.07.2025 16:54:47,000	0,27	5,46	31,6	3,8	54,5	0	4,7
3409	16.07.2025 16:54:48,000	0,27	5,46	31,9	3,1	55,0	0	3,8
3410	16.07.2025 16:54:49,000	0,23	5,41	31,6	4,1	54,3	0	5,1
3411	16.07.2025 16:54:50,000	0,23	5,41	30,5	4,0	55,5	0	4,9
3412	16.07.2025 16:54:51,000	0,23	5,39	31,7	2,1	56,2	0	2,6
3413	16.07.2025 16:54:52,000	0,23	5,36	31,8	2,7	55,5	0	3,3
3414	16.07.2025 16:54:53,000	0,23	5,36	32,4	0,9	56,6	0	1,1
3415	16.07.2025 16:54:54,000	0,23	5,34	29,9	2,2	58,0	0	2,6
3416	16.07.2025 16:54:55,000	0,23	5,30	30,6	0,5	58,9	0	0,6
3417	16.07.2025 16:54:56,000	0,23	5,27	31,6	-1,3	57,1	0	-1,5
3418	16.07.2025 16:54:57,000	0,23	5,27	31,1	0,7	58,1	0	0,9
3419	16.07.2025 16:54:58,000	0,23	5,25	29,1	2,2	58,7	0	2,6
3420	16.07.2025 16:54:59,000	0,23	5,23	28,8	1,7	59,5	0	2,0
3421	16.07.2025 16:55:00,000	0,18	5,20	29,3	0,9	59,8	0	1,1
3422	16.07.2025 16:55:01,000	0,23	5,18	30,2	-1,8	58,0	0	-2,1
3423	16.07.2025 16:55:02,000	0,18	5,16	29,3	-2,8	57,9	0	-3,4
3424	16.07.2025 16:55:03,000	0,18	5,14	31,2	-1,2	57,6	0	-1,4
3425	16.07.2025 16:55:04,000	0,23	5,12	29,8	-1,7	58,5	0	-2,0
3426	16.07.2025 16:55:05,000	0,23	5,09	29,2	-2,4	58,4	0	-2,8
3427	16.07.2025 16:55:06,000	0,18	5,07	30,4	-6,4	53,2	0	-8,1
3428	16.07.2025 16:55:07,000	0,18	5,07	26,6	-0,7	62,6	0	-0,8
3429	16.07.2025 16:55:08,000	0,18	5,05	24,7	-1,5	63,7	0	-1,7
3430	16.07.2025 16:55:09,000	0,23	5,00	21,3	1,9	66,8	0	2,1
3431	16.07.2025 16:55:10,000	0,23	4,98	22,8	1,0	66,1	0	1,1
3432	16.07.2025 16:55:11,000	0,23	4,96	23,1	2,1	64,8	0	2,3
3433	16.07.2025 16:55:12,000	0,23	4,94	21,6	1,2	67,2	0	1,3
3434	16.07.2025 16:55:13,000	0,23	4,91	21,4	1,5	67,0	0	1,7
3435	16.07.2025 16:55:14,000	0,23	4,91	24,7	-0,6	64,7	0	-0,7
3436	16.07.2025 16:55:15,000	0,23	4,89	22,1	0,0	67,9	0	0,0
3437	16.07.2025 16:55:16,000	0,27	4,87	19,6	1,1	69,2	0	1,2
3438	16.07.2025 16:55:17,000	0,27	4,83	17,9	1,1	71,0	0	1,2
3439	16.07.2025 16:55:18,000	0,27	4,81	20,1	-1,8	68,1	0	-1,9
3440	16.07.2025 16:55:19,000	0,27	4,81	21,0	-0,8	68,2	0	-0,9
3441	16.07.2025 16:55:20,000	0,27	4,78	20,5	-0,5	69,0	0	-0,6
3442	16.07.2025 16:55:21,000	0,31	4,76	19,3	-0,3	70,5	0	-0,3
3443	16.07.2025 16:55:22,000	0,31	4,74	19,7	-0,5	69,9	0	-0,5
3444	16.07.2025 16:55:23,000	0,31	4,70	20,5	-4,4	65,1	0	-5,0
3445	16.07.2025 16:55:24,000	0,31	4,70	20,0	-1,8	68,2	0	-2,0
3446	16.07.2025 16:55:25,000	0,35	4,68	20,0	-1,6	68,4	0	-1,7
3447	16.07.2025 16:55:26,000	0,35	4,65	20,2	-2,9	66,9	0	-3,2
3448	16.07.2025 16:55:27,000	0,35	4,63	18,9	-0,9	70,1	0	-1,0
3449	16.07.2025 16:55:28,000	0,35	4,61	20,1	-1,6	68,3	0	-1,7
3450	16.07.2025 16:55:29,000	0,39	4,61	20,3	-0,7	69,0	0	-0,8
3451	16.07.2025 16:55:30,000	0,39	4,59	19,5	-1,1	69,4	0	-1,2
3452	16.07.2025 16:55:31,000	0,39	4,55	20,2	1,0	68,8	0	1,0
3453	16.07.2025 16:55:32,000	0,39	4,52	20,5	-2,2	67,3	0	-2,4
3454	16.07.2025 16:55:33,000	0,43	4,50	20,1	-0,6	69,3	0	-0,6
3455	16.07.2025 16:55:34,000	0,43	4,48	21,8	-1,5	66,7	0	-1,7
3456	16.07.2025 16:55:35,000	0,43	4,48	19,4	-1,5	69,1	0	-1,7
3457	16.07.2025 16:55:36,000	0,43	4,41	18,7	-1,9	69,3	0	-2,1
3458	16.07.2025 16:55:37,000	0,47	4,42	21,1	-0,6	68,3	0	-0,6
3459	16.07.2025 16:55:38,000	0,47	4,39	19,0	-1,1	69,9	0	-1,1
3460	16.07.2025 16:55:39,000	0,47	4,37	20,1	-1,2	68,7	0	-1,3
3461	16.07.2025 16:55:40,000	0,51	4,35	19,3	-1,2	69,5	0	-1,3
3462	16.07.2025 16:55:41,000	0,51	4,33	18,5	-2,6	68,9	0	-2,8
3463	16.07.2025 16:55:42,000	0,51	4,31	19,6	-1,4	69,0	0	-1,5
3464	16.07.2025 16:55:43,000	0,51	4,28	20,1	-2,7	67,2	0	-2,9
3465	16.07.2025 16:55:44,000	0,51	4,26	18,3	-2,6	69,1	0	-2,8
3466	16.07.2025 16:55:45,000	0,51	4,26	18,2	-0,4	71,3	0	-0,5
3467	16.07.2025 16:55:46,000	0,55	4,22	18,6	-1,5	69,9	0	-1,7
3468	16.07.2025 16:55:47,000	0,55	4,18	18,2	-4,0	67,8	0	-4,4
3469	16.07.2025 16:55:48,000	0,55	4,15	18,2	-2,6	69,2	0	-2,8
3470	16.07.2025 16:55:49,000	0,55	4,15	19,1	-3,7	67,2	0	-4,1
3471	16.07.2025 16:55:50,000	0,59	4,11	17,5	-2,9	69,5	0	-3,2
3472	16.07.2025 16:55:51,000	0,59	4,11	17,4	-3,4	69,2	0	-3,7
3473	16.07.2025 16:55:52,000	0,63	4,09	17,1	-3,4	69,6	0	-3,7
3474	16.07.2025 16:55:53,000	0,63	4,07	19,4	-3,7	66,9	0	-4,1
3475	16.07.2025 16:55:54,000	0,63	4,02	18,2	-4,1	67,7	0	-4,5
3476	16.07.2025 16:55:55,000	0,67	4,01	17,6	-3,5	69,0	0	-3,8
3477	16.07.2025 16:55:56,000	0,67	4,01	17,6	-3,9	68,5	0	-4,2
3478	16.07.2025 16:55:57,000	0,71	3,99	19,9	-4,3	65,8	0	-4,8
3479	16.07.2025 16:55:58,000	0,71	3,94	17,2	-3,7	69,1	0	-4,1
3480	16.07.2025 16:55:59,000	0,71	3,92	19,6	-4,0	66,5	0	-4,4
3481	16.07.2025 16:56:00,000	0,75	3,90	17,8	-5,2	67,0	0	-5,8
3482	16.07.2025 16:56:01,000	0,75	3,88	18,2	-5,3	66,5	0	-5,9
3483	16.07.2025 16:56:02,000	0,75	3,85	20,5	-5,9	63,6	0	-6,7
3484	16.07.2025 16:56:03,000	0,75	3,83	18,2	-4,6	67,2	0	-5,0
3485	16.07.2025 16:56:04,000	0,75	3,83	19,5	-5,2	65,3	0	-5,8
3486	16.07.2025 16:56:05,000	0,79	3,79	20,2	-5,0	64,8	0	-5,7
3487	16.07.2025 16:56:06,000	0,79	3,79	18,9	-5,5	65,6	0	-6,1
3488	16.07.2025 16:56:07,000	0,79	3,77	19,1	-4,7	66,1	0	-5,3
3489	16.07.2025 16:56:08,000	0,83	3,73	19,9	-5,1	65,0	0	-5,8
3490	16.07.2025 16:56:09,000	0,83	3,73	19,4	-5,9	64,7	0	-6,7
3491	16.07.2025 16:56:10,000	0,87	3,71	18,4	-3,7	68,0	0	-4,0
3492	16.07.2025 16:56:11,000	0,87	3,71	19,1	-3,7	67,2	0	-4,1
3493	16.07.2025 16:56:12,000	0,87	3,71	19,9	-2,8	67,3	0	-3,1
3494	16.07.2025 16:56:13,000	0,87	3,68	19,2	-2,3	68,5	0	-2,5
3495	16.07.2025 16:56:14,000	0,87	3,68	20,8	-2,1	67,0	0	-2,3
3496	16.07.2025 16:56:15,000	0,91	3,66	21,0	-0,2	68,8	0	-0,2
3497	16.07.2025 16:56:16,000	0,91	3,69	22,4	1,1	66,5	0	1,2
3498	16.07.2025 16:56:17,000	0,91	3,66	25,9	-0,1	64,0	0	-0,1
3499	16.07.2025 16:56:18,000	0,91	3,64	30,6	-2,1	57,3	0	-2,5
3500	16.07.2025 16:56:19,000	0,91	3,66	32,3	-0,6	57,2	0	-0,7
3501	16.07.2025 16:56:20,000	0,91	3,64	32,2	0,9	56,9	0	1,0
3502	16.07.2025 16:56:21,000	0,91	3,62	34,7	-0,7	54,7	0	-0,8
3503	16.07.2025 16:56:22,000	0,95	3,60	33,2	1,7	55,0	0	2,1
3504	16.07.2025 16:56:23,000	0,95	3,58	33,7	-0,5	55,8	0	-0,6
3505	16.07.2025 16:56:24,000	0,99	3,58	32,2	0,4	57,4	0	0,4
3506	16.07.2025 16:56:25,000	0,99	3,56	32,3	0,7	57,0	0	0,9
3507	16.07.2025 16:56:26,000	0,99	3,54	30,5	-1,9	57,6	0	-2,2
3508	16.07.2025 16:56:27,000	0,99	3,51	31,3	-3,5	55,2	0	-4,3
3509	16.07.2025 16:56:28,000	1,03	3,49	28,7	0,8	60,5	0	0,9
3510	16.07.2025 16:56:29,000	1,03	3,49	26,4	2,8	60,8	0	3,3
3511	16.07.2025 16:56:30,000	1,03	3,49	29,0	-1,8	59,1	0	-2,2
3512	16.07.2025 16:56:31,000	1,03	3,45	24,4	0,4	65,3	0	0,4
3513	16.07.2025 16:56:32,000	1,03	3,45	28,0	-0,6	61,3	0	-0,7
3514	16.07.2025 16:56:33,000	1,03	3,43	24,4	2,2	63,3	0	2,5
3515	16.07.2025 16:56:34,000	1,03	3,43	29,1	1,2	59,7	0	1,4
3516	16.07.2025 16:56:35,000	1,03	3,40	28,5	-3,0	58,5	0	-3,6
3517	16.07.2025 16:56:36,000	1,03	3,38	29,5	-1,0	59,5	0	-1,2
3518	16.07.2025 16:56:37,000	1,03	3,36	31,4	-4,3	54,3	0	-5,3
3519	16.07.2025 16:56:38,000	1,03	3,34	24,7	4,0	61,3	0	4,7
3520	16.07.2025 16:56:39,000	1,07	3,32	26,0	2,7	61,3	0	3,1
3521	16.07.2025 16:56:40,000	1,07	3,29	26,2	2,6	61,2	0	3,0
3522	16.07.2025 16:56:41,000	1,07	3,27	24,5	4,5	61,0	0	5,2
3523	16.07.2025 16:56:42,000	1,07	3,25	24,9	2,2	62,9	0	2,4
3524	16.07.2025 16:56:43,000	1,07	3,23	24,3	3,6	62,1	0	4,1
3525	16.07.2025 16:56:44,000	1,11	3,21	29,0	-0,6	60,4	0	-0,7
3526	16.07.2025 16:56:45,000	1,11	3,19	23,1	3,9	63,0	0	4,5
3527	16.07.2025 16:56:46,000	1,15	3,17	24,3	3,9	61,8	0	4,5
3528	16.07.2025 16:56:47,000	1,15	3,17	23,4	5,1	61,5	0	5,9
3529	16.07.2025 16:56:48,000	1,15	3,12	25,2	4,2	60,6	0	4,9
3530	16.07.2025 16:56:49,000	1,15	3,08	28,1	-0,3	61,6	0	-0,3
3531	16.07.2025 16:56:50,000	1,19	3,08	24,8	3,2	62,1	0	3,6
3532	16.07.2025 16:56:51,000	1,19	3,06	22,3	4,3	63,4	0	4,9
3533	16.07.2025 16:56:52,000	1,23	3,04	21,3	6,1	62,6	0	7,1
3534	16.07.2025 16:56:53,000	1,27	3,02	26,8	3,0	60,2	0	3,5
3535	16.07.2025 16:56:54,000	1,27	3,00	24,7	4,2	61,1	0	4,9
3536	16.07.2025 16:56:55,000	1,30	2,98	23,4	4,0	62,6	0	4,6
3537	16.07.2025 16:56:56,000	1,34	2,96	26,4	2,2	61,4	0	2,5
3538	16.07.2025 16:56:57,000	1,38	2,96	25,4	4,1	60,5	0	4,8
3539	16.07.2025 16:56:58,000	1,38	2,94	23,9	5,2	60,9	0	6,0
3540	16.07.2025 16:56:59,000	1,42	2,92	26,3	2,4	61,3	0	2,8
3541	16.07.2025 16:57:00,000	1,46	2,90	23,9	3,2	62,8	0	3,7
3542	16.07.2025 16:57:01,000	1,50	2,90	23,4	3,6	63,0	0	4,1
3543	16.07.2025 16:57:02,000	1,50	2,86	22,5	3,4	64,1	0	3,9
3544	16.07.2025 16:57:03,000	1,58	2,84	22,6	1,8	65,6	0	2,0
3545	16.07.2025 16:57:04,000	1,62	2,82	20,4	3,4	66,3	0	3,7
3546	16.07.2025 16:57:05,000	1,66	2,82	20,8	1,5	67,7	0	1,7
3547	16.07.2025 16:57:06,000	1,70	2,80	21,4	2,8	65,8	0	3,1
3548	16.07.2025 16:57:07,000	1,74	2,79	22,9	0,7	66,4	0	0,8
3549	16.07.2025 16:57:08,000	1,74	2,76	22,8	1,8	65,4	0	2,0
3550	16.07.2025 16:57:09,000	1,78	2,77	21,3	2,5	66,2	0	2,8
3551	16.07.2025 16:57:10,000	1,81	2,75	25,0	3,3	61,7	0	3,8
3552	16.07.2025 16:57:11,000	1,81	2,75	33,9	-3,0	53,2	0	-3,7
3553	16.07.2025 16:57:12,000	1,85	2,75	36,9	1,5	51,6	0	1,9
3554	16.07.2025 16:57:13,000	1,85	2,75	35,4	4,3	50,3	0	5,6
3555	16.07.2025 16:57:14,000	1,89	2,71	35,7	3,3	51,0	0	4,2
3556	16.07.2025 16:57:15,000	1,93	2,71	32,5	3,3	54,2	0	4,1
3557	16.07.2025 16:57:16,000	1,97	2,67	35,8	-0,3	53,9	0	-0,4
3558	16.07.2025 16:57:17,000	2,01	2,65	34,8	0,3	55,0	0	0,3
3559	16.07.2025 16:57:18,000	2,01	2,63	32,7	1,8	55,6	0	2,1
3560	16.07.2025 16:57:19,000	2,05	2,59	35,7	-1,4	52,9	0	-1,8
3561	16.07.2025 16:57:20,000	2,13	2,59	31,4	0,3	58,2	0	0,4
3562	16.07.2025 16:57:21,000	2,16	2,57	30,8	-0,1	59,1	0	-0,1
3563	16.07.2025 16:57:22,000	2,20	2,55	26,5	3,6	59,9	0	4,2
3564	16.07.2025 16:57:23,000	2,20	2,53	29,4	1,2	59,4	0	1,4
3565	16.07.2025 16:57:24,000	2,20	2,51	32,1	-0,6	57,3	0	-0,7
3566	16.07.2025 16:57:25,000	2,24	2,51	30,5	1,8	57,8	0	2,1
3567	16.07.2025 16:57:26,000	2,24	2,47	24,0	5,9	60,1	0	7,0
3568	16.07.2025 16:57:27,000	2,28	2,47	29,5	1,7	58,7	0	2,0
3569	16.07.2025 16:57:28,000	2,28	2,42	20,6	3,0	66,4	0	3,4
3570	16.07.2025 16:57:29,000	2,32	2,43	24,8	4,2	61,0	0	4,9
3571	16.07.2025 16:57:30,000	2,32	2,40	25,5	4,5	60,1	0	5,2
3572	16.07.2025 16:57:31,000	2,32	2,40	24,2	3,6	62,2	0	4,1
3573	16.07.2025 16:57:32,000	2,36	2,36	22,3	3,7	64,0	0	4,2
3574	16.07.2025 16:57:33,000	2,43	2,30	21,5	3,8	64,7	0	4,2
3575	16.07.2025 16:57:34,000	2,47	2,30	24,1	3,3	62,6	0	3,8
3576	16.07.2025 16:57:35,000	2,59	2,29	23,8	1,9	64,3	0	2,1
3577	16.07.2025 16:57:36,000	2,63	2,27	24,2	1,9	63,9	0	2,1
3578	16.07.2025 16:57:37,000	2,66	2,25	24,4	3,1	62,5	0	3,5
3579	16.07.2025 16:57:38,000	2,74	2,21	26,0	1,7	62,2	0	2,0
3580	16.07.2025 16:57:39,000	2,82	2,20	23,7	3,6	62,7	0	4,1
3581	16.07.2025 16:57:40,000	2,85	2,15	24,9	1,2	63,9	0	1,4
3582	16.07.2025 16:57:41,000	2,93	2,14	26,2	1,2	62,6	0	1,4
3583	16.07.2025 16:57:42,000	3,01	2,12	23,6	3,7	62,7	0	4,3
3584	16.07.2025 16:57:43,000	3,08	2,06	20,3	5,1	64,6	0	5,7
3585	16.07.2025 16:57:44,000	3,20	2,07	24,3	3,6	62,1	0	4,2
3586	16.07.2025 16:57:45,000	3,27	2,01	27,1	1,5	61,4	0	1,7
3587	16.07.2025 16:57:46,000	3,38	1,99	24,6	2,2	63,2	0	2,5
3588	16.07.2025 16:57:47,000	3,46	1,95	21,7	3,0	65,3	0	3,3
3589	16.07.2025 16:57:48,000	3,57	1,96	23,2	3,4	63,4	0	3,9
3590	16.07.2025 16:57:49,000	3,65	1,90	24,0	1,2	64,8	0	1,4
3591	16.07.2025 16:57:50,000	3,72	1,88	24,3	0,6	65,1	0	0,7
3592	16.07.2025 16:57:51,000	3,80	1,89	24,9	-0,1	65,1	0	-0,1
3593	16.07.2025 16:57:52,000	3,87	1,85	24,4	-1,2	64,4	0	-1,4
3594	16.07.2025 16:57:53,000	3,94	1,81	23,7	-2,6	63,8	0	-2,9
3595	16.07.2025 16:57:54,000	4,06	1,82	26,3	-3,2	60,5	0	-3,7
3596	16.07.2025 16:57:55,000	4,13	1,80	34,4	-13,7	41,9	0	-20,0
3597	16.07.2025 16:57:56,000	4,20	1,83	44,1	-9,7	36,2	0	-16,1
3598	16.07.2025 16:57:57,000	4,20	1,88	44,3	3,7	41,9	0	5,6
3599	16.07.2025 16:57:58,000	4,24	1,92	40,7	17,1	32,1	0	29,3
3600	16.07.2025 16:57:59,000	4,24	1,95	45,3	10,0	34,8	0	17,1
3601	16.07.2025 16:58:00,000	4,24	1,95	49,4	7,6	33,1	0	13,7
3602	16.07.2025 16:58:01,000	4,24	1,97	51,9	5,9	32,2	0	11,0
3603	16.07.2025 16:58:02,000	4,28	1,97	56,6	5,0	28,5	0	10,3
3604	16.07.2025 16:58:03,000	4,28	1,97	53,6	9,3	27,1	1	19,6
3605	16.07.2025 16:58:04,000	4,28	1,95	42,5	8,8	38,7	0	13,9
3606	16.07.2025 16:58:05,000	4,28	1,93	50,1	6,8	33,1	0	12,3
3607	16.07.2025 16:58:06,000	4,35	1,93	49,2	9,0	31,7	0	16,8
3608	16.07.2025 16:58:07,000	4,35	1,93	49,7	7,4	33,0	0	13,4
3609	16.07.2025 16:58:08,000	4,35	1,91	48,3	4,9	36,8	0	8,3
3610	16.07.2025 16:58:09,000	4,39	1,91	48,0	6,2	35,7	0	10,6
3611	16.07.2025 16:58:10,000	4,39	1,91	50,1	6,7	33,1	0	12,2
3612	16.07.2025 16:58:11,000	4,39	1,91	47,6	5,9	36,4	0	9,9
3613	16.07.2025 16:58:12,000	4,39	1,87	47,3	1,5	41,2	0	2,3
3614	16.07.2025 16:58:13,000	4,39	1,87	47,3	2,4	40,3	0	3,7
3615	16.07.2025 16:58:14,000	4,39	1,87	44,2	8,7	37,1	0	14,3
3616	16.07.2025 16:58:15,000	4,39	1,87	43,3	11,1	35,6	0	18,5
3617	16.07.2025 16:58:16,000	4,39	1,87	48,8	5,4	35,8	0	9,2
3618	16.07.2025 16:58:17,000	4,39	1,87	45,9	7,9	36,2	0	13,2
3619	16.07.2025 16:58:18,000	4,39	1,87	46,9	9,1	34,1	0	15,9
3620	16.07.2025 16:58:19,000	4,39	1,87	48,5	8,9	32,6	0	16,2
3621	16.07.2025 16:58:20,000	4,39	1,87	49,7	7,9	32,4	0	14,6
3622	16.07.2025 16:58:21,000	4,42	1,87	48,0	8,5	33,6	0	15,0
3623	16.07.2025 16:58:22,000	4,42	1,85	48,0	8,8	33,2	0	15,7
3624	16.07.2025 16:58:23,000	4,46	1,83	47,0	10,8	32,2	0	19,5
3625	16.07.2025 16:58:24,000	4,50	1,85	48,7	10,1	31,2	0	18,9
3626	16.07.2025 16:58:25,000	4,53	1,86	50,5	8,5	31,0	0	16,2
3627	16.07.2025 16:58:26,000	4,53	1,88	50,1	8,6	31,3	0	16,1
3628	16.07.2025 16:58:27,000	4,53	1,88	48,3	9,7	32,0	0	17,9
3629	16.07.2025 16:58:28,000	4,57	1,86	48,4	9,7	31,9	0	17,8
3630	16.07.2025 16:58:29,000	4,57	1,88	48,7	11,3	30,0	0	21,5
3631	16.07.2025 16:58:30,000	4,61	1,89	50,9	10,7	28,4	0	21,4
3632	16.07.2025 16:58:31,000	4,61	1,89	50,8	10,0	29,1	0	19,8
3633	16.07.2025 16:58:32,000	4,61	1,89	49,4	11,3	29,4	0	21,9
3634	16.07.2025 16:58:33,000	4,64	1,89	49,2	12,0	28,8	0	23,5
3635	16.07.2025 16:58:34,000	4,64	1,91	50,3	11,7	28,0	0	23,5
3636	16.07.2025 16:58:35,000	4,64	1,91	50,9	9,7	29,3	0	19,1
3637	16.07.2025 16:58:36,000	4,68	1,89	49,2	10,4	30,4	0	19,7
3638	16.07.2025 16:58:37,000	4,68	1,89	50,6	7,2	32,2	0	13,4
3639	16.07.2025 16:58:38,000	4,68	1,89	51,6	5,3	33,2	0	9,6
3640	16.07.2025 16:58:39,000	4,68	1,87	50,2	3,9	35,9	0	6,7
3641	16.07.2025 16:58:40,000	4,68	1,85	49,9	4,0	36,1	0	6,8
3642	16.07.2025 16:58:41,000	4,68	1,87	52,1	1,8	36,1	0	3,1
3643	16.07.2025 16:58:42,000	4,68	1,85	51,3	2,1	36,5	0	3,6
3644	16.07.2025 16:58:43,000	4,68	1,82	49,3	2,5	38,1	0	4,1
3645	16.07.2025 16:58:44,000	4,68	1,82	51,0	2,6	36,5	0	4,3
3646	16.07.2025 16:58:45,000	4,72	1,80	52,6	2,8	34,6	0	4,9
3647	16.07.2025 16:58:46,000	4,75	1,81	49,2	6,0	34,8	0	10,4
3648	16.07.2025 16:58:47,000	4,75	1,76	47,3	3,4	39,3	0	5,4
3649	16.07.2025 16:58:48,000	4,79	1,74	52,5	-0,9	36,6	0	-1,5
3650	16.07.2025 16:58:49,000	4,83	1,77	51,5	-1,5	36,9	0	-2,6
3651	16.07.2025 16:58:50,000	4,83	1,77	46,7	-0,8	42,5	0	-1,3
3652	16.07.2025 16:58:51,000	4,83	1,70	47,2	-1,2	41,6	0	-1,9
3653	16.07.2025 16:58:52,000	4,94	1,71	48,5	-6,3	35,1	0	-11,0
3654	16.07.2025 16:58:53,000	5,01	1,69	50,6	-6,0	33,4	0	-10,8
3655	16.07.2025 16:58:54,000	5,04	1,69	47,9	-2,3	39,8	0	-3,6
3656	16.07.2025 16:58:55,000	5,08	1,72	51,1	-6,5	32,4	0	-12,1
3657	16.07.2025 16:58:56,000	5,08	1,72	49,7	-4,9	35,4	0	-8,4
3658	16.07.2025 16:58:57,000	5,08	1,72	49,7	-6,5	33,8	0	-11,6
3659	16.07.2025 16:58:58,000	5,12	1,70	49,9	-5,5	34,6	0	-9,7
3660	16.07.2025 16:58:59,000	5,12	1,70	51,8	-6,1	32,1	0	-11,3
3661	16.07.2025 16:59:00,000	5,15	1,70	51,6	-6,3	32,1	0	-11,8
3662	16.07.2025 16:59:01,000	5,15	1,73	54,4	-8,6	27,0	0	-18,2
3663	16.07.2025 16:59:02,000	5,15	1,75	55,9	-9,2	24,9	0	-20,8
3664	16.07.2025 16:59:03,000	5,15	1,75	54,3	-6,7	29,0	0	-13,7
3665	16.07.2025 16:59:04,000	5,15	1,73	53,9	-3,5	32,6	0	-6,4
3666	16.07.2025 16:59:05,000	5,19	1,71	53,9	-4,6	31,5	0	-8,8
3667	16.07.2025 16:59:06,000	5,19	1,73	53,7	-5,3	31,0	0	-10,1
3668	16.07.2025 16:59:07,000	5,19	1,71	53,3	-3,3	33,4	0	-6,0
3669	16.07.2025 16:59:08,000	5,19	1,71	52,8	-3,3	33,9	0	-6,0
3670	16.07.2025 16:59:09,000	5,19	1,71	53,0	-4,3	32,7	0	-8,0
3671	16.07.2025 16:59:10,000	5,19	1,68	51,2	-2,2	36,6	0	-3,7
3672	16.07.2025 16:59:11,000	5,23	1,66	48,1	-1,7	40,2	0	-2,6
3673	16.07.2025 16:59:12,000	5,23	1,69	50,0	-2,6	37,4	0	-4,3
3674	16.07.2025 16:59:13,000	5,23	1,66	51,6	-3,7	34,7	0	-6,6
3675	16.07.2025 16:59:14,000	5,26	1,67	50,5	-2,4	37,1	0	-4,0
3676	16.07.2025 16:59:15,000	5,26	1,64	46,0	-2,2	41,9	0	-3,3
3677	16.07.2025 16:59:16,000	5,26	1,62	45,1	-3,2	41,6	0	-4,9
3678	16.07.2025 16:59:17,000	5,26	1,62	47,8	0,3	41,9	1	0,4
3679	16.07.2025 16:59:18,000	5,26	1,55	29,8	-10,6	49,5	0	-14,0
3680	16.07.2025 16:59:19,000	5,33	1,47	40,6	-3,8	45,6	0	-5,3
3681	16.07.2025 16:59:20,000	5,44	1,46	41,9	-3,0	45,2	0	-4,2
3682	16.07.2025 16:59:21,000	5,51	1,46	41,7	-2,6	45,7	0	-3,6
3683	16.07.2025 16:59:22,000	5,55	1,42	40,2	-1,9	47,9	0	-2,6
3684	16.07.2025 16:59:23,000	5,58	1,42	42,1	-2,2	45,6	0	-3,2
3685	16.07.2025 16:59:24,000	5,62	1,40	43,5	1,0	45,5	0	1,4
3686	16.07.2025 16:59:25,000	5,66	1,38	43,4	-0,8	45,8	0	-1,1
3687	16.07.2025 16:59:26,000	5,69	1,36	40,5	-0,5	49,1	0	-0,6
3688	16.07.2025 16:59:27,000	5,73	1,34	36,8	-2,2	51,0	0	-2,8
3689	16.07.2025 16:59:28,000	5,80	1,28	44,1	0,0	45,9	0	0,0
3690	16.07.2025 16:59:29,000	5,94	1,27	43,1	1,6	45,3	0	2,2
3691	16.07.2025 16:59:30,000	6,01	1,25	43,4	1,2	45,4	0	1,7
3692	16.07.2025 16:59:31,000	6,05	1,21	34,1	-1,4	54,5	0	-1,8
3693	16.07.2025 16:59:32,000	6,12	1,19	41,7	-0,9	47,4	0	-1,2
3694	16.07.2025 16:59:33,000	6,19	1,20	40,3	-2,1	47,5	0	-2,9
3695	16.07.2025 16:59:34,000	6,26	1,18	40,6	-2,4	47,0	0	-3,3
3696	16.07.2025 16:59:35,000	6,33	1,14	39,1	-4,5	46,4	0	-6,3
3697	16.07.2025 16:59:36,000	6,40	1,06	39,5	-5,7	44,8	0	-8,2
3698	16.07.2025 16:59:37,000	6,58	1,07	40,3	-5,9	43,8	0	-8,6
3699	16.07.2025 16:59:38,000	6,68	1,06	38,1	-5,2	46,7	0	-7,2
3700	16.07.2025 16:59:39,000	6,79	1,02	39,6	-5,5	44,9	0	-7,8
3701	16.07.2025 16:59:40,000	6,86	1,00	36,4	-6,5	47,1	0	-9,0
3702	16.07.2025 16:59:41,000	6,93	1,01	41,2	-6,9	41,9	0	-10,4
3703	16.07.2025 16:59:42,000	7,03	0,99	40,9	-5,2	44,0	0	-7,5
3704	16.07.2025 16:59:43,000	7,10	0,91	34,2	-10,5	45,3	0	-14,7
3705	16.07.2025 16:59:44,000	7,21	0,92	36,7	-10,9	42,4	0	-15,9
3706	16.07.2025 16:59:45,000	7,34	0,93	35,7	-13,3	41,0	0	-19,7
3707	16.07.2025 16:59:46,000	7,41	0,82	42,2	-8,5	39,4	0	-13,2
3708	16.07.2025 16:59:47,000	7,55	0,88	38,9	-8,9	42,2	0	-13,2
3709	16.07.2025 16:59:48,000	7,69	0,84	39,5	-9,5	41,0	0	-14,3
3710	16.07.2025 16:59:49,000	7,83	0,81	38,0	-10,4	41,6	0	-15,5
3711	16.07.2025 16:59:50,000	7,93	0,86	40,8	-6,6	42,6	0	-9,8
3712	16.07.2025 16:59:51,000	8,00	0,82	40,0	-6,4	43,7	0	-9,2
3713	16.07.2025 16:59:52,000	8,06	0,83	39,0	-7,7	43,2	0	-11,3
3714	16.07.2025 16:59:53,000	8,17	0,81	40,8	-6,9	42,3	0	-10,2
3715	16.07.2025 16:59:54,000	8,27	0,71	42,4	-4,9	42,7	0	-7,2
3716	16.07.2025 16:59:55,000	8,47	0,70	35,7	-5,6	48,8	0	-7,4
3717	16.07.2025 16:59:56,000	8,61	0,69	40,5	-3,2	46,3	0	-4,4
3718	16.07.2025 16:59:57,000	8,74	0,65	42,1	-4,0	43,9	0	-5,8
3719	16.07.2025 16:59:58,000	9,01	0,61	40,2	-6,4	43,3	0	-9,4
3720	16.07.2025 16:59:59,000	9,21	0,58	34,4	-8,2	47,4	0	-11,1
3721	16.07.2025 17:00:00,000	9,38	0,59	46,2	-0,3	43,5	0	-0,5
3722	16.07.2025 17:00:01,000	9,51	0,60	41,0	1,7	47,3	0	2,3
3723	16.07.2025 17:00:02,000	9,64	0,57	41,0	-3,3	45,6	0	-4,7
3724	16.07.2025 17:00:03,000	9,74	0,60	38,9	-6,5	44,6	0	-9,3
3725	16.07.2025 17:00:04,000	9,81	0,60	41,7	-4,2	44,2	0	-6,0
3726	16.07.2025 17:00:05,000	9,91	0,56	40,8	-4,6	44,5	0	-6,6
3727	16.07.2025 17:00:06,000	10,01	0,55	39,8	-6,9	43,2	0	-10,1
3728	16.07.2025 17:00:07,000	10,11	0,49	40,3	-8,2	41,4	0	-12,4
3729	16.07.2025 17:00:08,000	10,24	0,50	41,5	-8,2	40,3	0	-12,6
3730	16.07.2025 17:00:09,000	10,34	0,48	45,2	-2,6	42,2	0	-3,9
3731	16.07.2025 17:00:10,000	10,47	0,44	35,7	-10,5	43,8	0	-15,1
3732	16.07.2025 17:00:11,000	10,56	0,46	41,8	-7,2	41,1	0	-10,9
3733	16.07.2025 17:00:12,000	10,69	0,42	39,9	-7,9	42,2	0	-11,8
3734	16.07.2025 17:00:13,000	10,82	0,40	36,3	-10,5	43,3	0	-15,2
3735	16.07.2025 17:00:14,000	10,89	0,42	43,5	-3,7	42,9	0	-5,4
3736	16.07.2025 17:00:15,000	10,95	0,40	38,5	-4,5	47,0	0	-6,2
3737	16.07.2025 17:00:16,000	10,99	0,40	41,0	-0,3	48,7	0	-0,4
3738	16.07.2025 17:00:17,000	10,99	0,40	38,0	3,1	48,9	0	4,2
3739	16.07.2025 17:00:18,000	10,99	0,37	30,1	-2,2	57,7	1	-2,6
3740	16.07.2025 17:00:19,000	11,05	0,31	19,0	-9,7	61,3	0	-11,2
3741	16.07.2025 17:00:20,000	11,15	0,33	29,3	-1,6	59,1	0	-1,8
3742	16.07.2025 17:00:21,000	11,18	0,31	29,3	-1,1	59,6	0	-1,3
3743	16.07.2025 17:00:22,000	11,25	0,31	30,2	4,5	55,4	0	5,5
3744	16.07.2025 17:00:23,000	11,31	0,26	33,2	5,0	51,8	0	6,4
3745	16.07.2025 17:00:24,000	11,34	0,28	30,0	4,9	55,1	0	6,0
3746	16.07.2025 17:00:25,000	11,37	0,22	28,1	-2,0	59,9	0	-2,3
3747	16.07.2025 17:00:26,000	11,44	0,26	28,4	-1,4	60,2	0	-1,6
3748	16.07.2025 17:00:27,000	11,57	0,24	30,7	-5,5	53,8	0	-6,9
3749	16.07.2025 17:00:28,000	11,66	0,22	33,8	-3,8	52,4	1	-4,8
3750	16.07.2025 17:00:29,000	11,86	0,22	31,0	5,7	53,3	0	7,2
3751	16.07.2025 17:00:30,000	11,98	0,24	32,2	10,8	47,1	0	14,6
3752	16.07.2025 17:00:31,000	12,05	0,22	17,5	8,7	63,8	0	9,9
3753	16.07.2025 17:00:32,000	12,11	0,24	28,1	14,3	47,6	0	19,0
3754	16.07.2025 17:00:33,000	12,14	0,22	18,7	14,0	57,3	0	16,6
3755	16.07.2025 17:00:34,000	12,21	0,19	26,0	17,4	46,6	0	23,0
3756	16.07.2025 17:00:35,000	12,24	0,24	27,4	13,1	49,6	0	17,0
3757	16.07.2025 17:00:36,000	12,27	0,26	32,6	9,6	47,8	1	13,0
3758	16.07.2025 17:00:37,000	12,37	0,26	27,2	12,6	50,2	0	16,4
3759	16.07.2025 17:00:38,000	12,40	0,26	27,8	8,6	53,5	0	10,8
3760	16.07.2025 17:00:39,000	12,49	0,24	30,1	4,2	55,7	0	5,1
3761	16.07.2025 17:00:40,000	12,59	0,28	28,9	2,1	59,0	0	2,4
3762	16.07.2025 17:00:41,000	12,65	0,24	29,6	3,7	56,6	0	4,5
3763	16.07.2025 17:00:42,000	12,71	0,24	36,4	-0,2	53,4	0	-0,2
3764	16.07.2025 17:00:43,000	12,75	0,24	31,8	-5,8	52,3	0	-7,5
3765	16.07.2025 17:00:44,000	12,81	0,17	28,3	-7,3	54,4	0	-9,1
3766	16.07.2025 17:00:45,000	12,90	0,19	27,7	-0,7	61,6	0	-0,8
3767	16.07.2025 17:00:46,000	12,97	0,19	32,8	-2,3	54,9	1	-2,8
3768	16.07.2025 17:00:47,000	12,97	0,17	23,0	9,8	57,1	0	11,9
3769	16.07.2025 17:00:48,000	13,03	0,19	28,6	2,3	59,2	0	2,7
3770	16.07.2025 17:00:49,000	13,06	0,19	36,6	-0,5	52,9	0	-0,6
3771	16.07.2025 17:00:50,000	13,09	0,19	26,3	6,7	57,0	0	8,1
3772	16.07.2025 17:00:51,000	13,12	0,19	29,2	6,5	54,3	0	8,2
3773	16.07.2025 17:00:52,000	13,15	0,22	28,8	1,5	59,6	0	1,8
3774	16.07.2025 17:00:53,000	13,19	0,22	30,9	5,1	54,0	0	6,3
3775	16.07.2025 17:00:54,000	13,25	0,22	29,7	5,6	54,7	0	6,9
3776	16.07.2025 17:00:55,000	13,28	0,22	27,4	9,0	53,7	0	11,2
3777	16.07.2025 17:00:56,000	13,37	0,17	23,1	19,1	47,9	0	24,4
3778	16.07.2025 17:00:57,000	13,47	0,17	24,2	9,1	56,7	1	11,1
3779	16.07.2025 17:00:58,000	13,53	0,17	17,8	23,7	48,5	0	29,0
3780	16.07.2025 17:00:59,000	13,59	0,17	25,2	-3,1	61,8	0	-3,5
3781	16.07.2025 17:01:00,000	13,62	0,17	28,3	10,0	51,6	0	12,9
3782	16.07.2025 17:01:01,000	13,66	0,17	17,7	21,2	51,1	0	25,7
3783	16.07.2025 17:01:02,000	13,69	0,17	25,3	14,3	50,4	0	18,4
3784	16.07.2025 17:01:03,000	13,75	0,19	27,4	9,8	52,8	0	12,4
3785	16.07.2025 17:01:04,000	13,78	0,17	29,4	8,6	51,9	0	11,1
3786	16.07.2025 17:01:05,000	13,84	0,22	33,0	-2,5	54,5	0	-3,1
3787	16.07.2025 17:01:06,000	13,84	0,17	26,6	2,5	60,9	0	2,8
3788	16.07.2025 17:01:07,000	13,90	0,17	27,7	2,7	59,6	0	3,1
3789	16.07.2025 17:01:08,000	13,94	0,15	24,5	-2,8	62,7	0	-3,2
3790	16.07.2025 17:01:09,000	13,97	0,13	17,6	17,0	55,4	0	20,3
3791	16.07.2025 17:01:10,000	14,00	0,10	20,9	12,5	56,6	0	15,0
3792	16.07.2025 17:01:11,000	14,09	0,13	20,2	9,6	60,1	1	11,3
3793	16.07.2025 17:01:12,000	14,15	0,13	12,1	33,2	44,7	0	38,3
3794	16.07.2025 17:01:13,000	14,18	0,15	13,5	23,6	52,9	0	27,3
3795	16.07.2025 17:01:14,000	14,18	0,17	18,8	13,3	57,9	0	15,7
3796	16.07.2025 17:01:15,000	14,18	0,15	25,5	2,6	61,8	0	3,0
3797	16.07.2025 17:01:16,000	14,25	0,13	28,4	-1,3	60,3	1	-1,5
3798	16.07.2025 17:01:17,000	14,31	0,10	26,5	-9,8	53,7	1	-12,3
3799	16.07.2025 17:01:18,000	14,34	0,13	10,6	29,3	50,1	1	33,1
3800	16.07.2025 17:01:19,000	14,37	0,10	20,5	14,9	54,6	0	18,1
3801	16.07.2025 17:01:20,000	14,40	0,15	23,1	15,3	51,5	0	19,3
3802	16.07.2025 17:01:21,000	14,40	0,15	32,3	11,3	46,3	0	15,6
3803	16.07.2025 17:01:22,000	14,46	0,15	20,7	21,2	48,1	0	26,6
3804	16.07.2025 17:01:23,000	14,46	0,17	17,0	15,7	57,2	1	18,6
3805	16.07.2025 17:01:24,000	14,49	0,10	22,5	-0,5	67,0	0	-0,6
3806	16.07.2025 17:01:25,000	14,56	0,10	34,2	6,4	49,4	0	8,6
3807	16.07.2025 17:01:26,000	14,59	0,15	35,3	-10,2	44,6	1	-14,4
3808	16.07.2025 17:01:27,000	14,59	0,10	17,8	9,2	63,0	1	10,6
3809	16.07.2025 17:01:28,000	14,65	0,10	12,4	6,3	71,3	1	6,8
3810	16.07.2025 17:01:29,000	14,68	0,08	17,6	0,2	72,2	0	0,2
3811	16.07.2025 17:01:30,000	14,74	0,08	20,3	0,1	69,6	0	0,1
3812	16.07.2025 17:01:31,000	14,77	0,08	37,7	-11,7	40,6	0	-17,7
3813	16.07.2025 17:01:32,000	14,80	0,10	28,8	4,8	56,3	1	5,9
3814	16.07.2025 17:01:33,000	14,83	0,10	19,7	16,4	53,9	1	20,0
3815	16.07.2025 17:01:34,000	14,83	0,13	25,0	15,9	49,1	0	20,5
3816	16.07.2025 17:01:35,000	14,83	0,13	16,7	25,7	47,6	0	31,1
3817	16.07.2025 17:01:36,000	14,86	0,10	25,1	8,2	56,7	1	10,0
3818	16.07.2025 17:01:37,000	14,92	0,08	28,3	1,7	60,1	0	2,0
3819	16.07.2025 17:01:38,000	14,99	0,10	27,6	-8,0	54,5	1	-9,9
3820	16.07.2025 17:01:39,000	15,02	0,10	20,9	-1,3	67,8	0	-1,4
3821	16.07.2025 17:01:40,000	15,02	0,08	20,1	-6,3	63,6	0	-7,2
3822	16.07.2025 17:01:41,000	15,02	0,08	26,7	-12,4	51,0	0	-15,9
3823	16.07.2025 17:01:42,000	15,05	0,10	31,5	-17,3	41,2	0	-24,8
3824	16.07.2025 17:01:43,000	15,05	0,15	20,7	-27,8	41,6	0	-35,6
3825	16.07.2025 17:01:44,000	14,99	0,15	26,4	-11,4	52,2	0	-14,5
3826	16.07.2025 17:01:45,000	14,96	0,15	29,4	-7,9	52,7	0	-10,0
3827	16.07.2025 17:01:46,000	14,96	0,13	36,0	-7,8	46,2	0	-10,8
3828	16.07.2025 17:01:47,000	14,99	0,13	35,0	-7,6	47,4	0	-10,3
3829	16.07.2025 17:01:48,000	14,99	0,10	23,4	3,1	63,5	0	3,5
3830	16.07.2025 17:01:49,000	15,02	0,13	30,2	1,1	58,7	0	1,3
3831	16.07.2025 17:01:50,000	15,02	0,17	28,2	-2,7	59,1	0	-3,2
3832	16.07.2025 17:01:51,000	14,96	0,22	38,1	-6,2	45,7	0	-8,7
3833	16.07.2025 17:01:52,000	14,86	0,22	40,4	-13,7	35,9	0	-22,3
3834	16.07.2025 17:01:53,000	14,74	0,26	57,0	-18,4	14,6	0	-51,2
3835	16.07.2025 17:01:54,000	14,62	0,26	45,6	19,9	-24,5	1	140,5
3836	16.07.2025 17:01:55,000	14,49	0,31	64,4	21,3	4,2	1	140,5
3837	16.07.2025 17:01:56,000	14,40	0,31	52,9	27,7	9,5	0	70,4
3838	16.07.2025 17:01:57,000	14,34	0,33	50,2	30,3	9,5	0	71,8
3839	16.07.2025 17:01:58,000	14,25	0,31	46,5	42,5	1,0	1	88,5
3840	16.07.2025 17:01:59,000	14,18	0,31	43,7	41,0	5,2	0	82,0
3841	16.07.2025 17:02:00,000	14,12	0,33	49,5	32,5	8,0	1	75,4
3842	16.07.2025 17:02:01,000	14,06	0,33	57,9	23,9	8,2	0	70,4
3843	16.07.2025 17:02:02,000	14,00	0,31	62,1	21,3	6,6	0	70,4
3844	16.07.2025 17:02:03,000	13,94	0,33	59,7	23,3	7,0	0	72,9
3845	16.07.2025 17:02:04,000	13,90	0,31	60,1	23,4	6,5	1	74,0
3846	16.07.2025 17:02:05,000	13,87	0,33	58,0	25,2	6,7	0	74,5
3847	16.07.2025 17:02:06,000	13,81	0,33	60,5	22,2	7,3	0	71,3
3848	16.07.2025 17:02:07,000	13,78	0,35	47,8	32,8	9,4	0	73,1
3849	16.07.2025 17:02:08,000	13,72	0,33	39,5	47,3	-3,2	0	94,3
3850	16.07.2025 17:02:09,000	13,69	0,35	56,2	20,4	13,5	0	56,1
3851	16.07.2025 17:02:10,000	13,66	0,33	48,5	30,1	11,4	0	68,2
3852	16.07.2025 17:02:11,000	13,62	0,35	51,8	23,7	14,5	1	58,1
3853	16.07.2025 17:02:12,000	13,59	0,35	80,2	2,3	7,5	0	58,1
3854	16.07.2025 17:02:13,000	13,56	0,35	79,9	-4,4	5,7	0	58,1
3855	16.07.2025 17:02:14,000	13,53	0,37	77,6	-6,7	5,7	0	58,1
3856	16.07.2025 17:02:15,000	13,50	0,37	70,3	13,4	6,3	0	58,1
3857	16.07.2025 17:02:16,000	13,47	0,35	-12,4	5,3	72,3	0	5,7
3858	16.07.2025 17:02:17,000	13,44	0,35	-10,8	1,3	77,9	0	1,4
3859	16.07.2025 17:02:18,000	13,41	0,37	-11,8	1,8	76,4	0	1,8
3860	16.07.2025 17:02:19,000	13,41	0,35	-7,0	6,7	76,2	0	7,1
3861	16.07.2025 17:02:20,000	13,37	0,35	-7,5	0,9	81,6	0	0,9
3862	16.07.2025 17:02:21,000	13,37	0,35	-6,5	0,2	83,3	0	0,2
3863	16.07.2025 17:02:22,000	13,34	0,35	-1,3	3,6	85,1	0	3,7
3864	16.07.2025 17:02:23,000	13,34	0,37	-0,5	1,3	88,2	0	1,3
3865	16.07.2025 17:02:24,000	13,31	0,37	0,1	0,1	89,8	0	0,1
3866	16.07.2025 17:02:25,000	13,31	0,37	-1,6	-0,4	88,1	0	-0,4
3867	16.07.2025 17:02:26,000	13,28	0,40	-48,6	3,4	-38,0	1	174,4
3868	16.07.2025 17:02:27,000	13,28	0,37	-80,5	3,2	-6,3	0	174,4
3869	16.07.2025 17:02:28,000	13,28	0,40	-82,8	2,5	-4,8	0	174,4
3870	16.07.2025 17:02:29,000	13,28	0,37	-82,2	3,3	-4,5	0	174,4
3871	16.07.2025 17:02:30,000	13,25	0,40	-81,4	3,6	-5,0	0	174,4
3872	16.07.2025 17:02:31,000	13,25	0,40	-83,2	2,6	-4,3	0	174,4
3873	16.07.2025 17:02:32,000	13,25	0,40	-82,7	2,1	-5,1	0	174,4
3874	16.07.2025 17:02:33,000	13,22	0,40	-80,4	3,5	-6,1	0	174,4
3875	16.07.2025 17:02:34,000	13,22	0,40	-81,3	3,7	-5,0	0	174,4
3876	16.07.2025 17:02:35,000	13,19	0,40	-84,1	1,7	-4,2	0	174,4
3877	16.07.2025 17:02:36,000	13,19	0,40	-3,5	7,1	79,4	0	7,4
3878	16.07.2025 17:02:37,000	13,15	0,40	-8,5	2,6	78,9	0	2,7
3879	16.07.2025 17:02:38,000	13,15	0,40	-8,2	0,6	81,2	0	0,6
3880	16.07.2025 17:02:39,000	13,15	0,40	-8,2	0,3	81,5	0	0,3
3881	16.07.2025 17:02:40,000	13,15	0,40	-8,8	1,9	79,3	0	2,0
3882	16.07.2025 17:02:41,000	13,12	0,37	-8,2	2,6	79,2	0	2,7
3883	16.07.2025 17:02:42,000	13,12	0,40	-6,9	2,9	80,2	0	3,0
3884	16.07.2025 17:02:43,000	13,12	0,37	-6,3	3,3	80,4	0	3,4
3885	16.07.2025 17:02:44,000	13,12	0,37	-6,9	3,2	79,9	0	3,3
3886	16.07.2025 17:02:45,000	13,12	0,37	-6,7	3,1	80,2	0	3,2
3887	16.07.2025 17:02:46,000	13,09	0,40	-6,3	3,3	80,5	0	3,4
3888	16.07.2025 17:02:47,000	13,09	0,37	-7,0	3,7	79,3	0	3,8
3889	16.07.2025 17:02:48,000	13,09	0,42	-6,4	4,8	78,9	0	5,0
3890	16.07.2025 17:02:49,000	13,09	0,40	-6,2	4,2	79,7	0	4,3
3891	16.07.2025 17:02:50,000	13,06	0,40	-5,5	4,4	80,1	0	4,6
3892	16.07.2025 17:02:51,000	13,06	0,40	-5,4	3,6	81,0	0	3,7
3893	16.07.2025 17:02:52,000	13,06	0,40	-6,8	3,8	79,4	0	3,9
3894	16.07.2025 17:02:53,000	13,06	0,37	-7,5	3,2	79,4	0	3,3
3895	16.07.2025 17:02:54,000	13,06	0,37	-6,5	4,0	79,5	0	4,1
3896	16.07.2025 17:02:55,000	13,06	0,40	-6,5	4,9	78,6	0	5,2
3897	16.07.2025 17:02:56,000	13,06	0,37	-6,5	5,5	78,0	0	5,7
3898	16.07.2025 17:02:57,000	13,06	0,37	-5,9	4,3	79,8	0	4,4
3899	16.07.2025 17:02:58,000	13,06	0,40	-6,2	4,1	79,7	0	4,3
3900	16.07.2025 17:02:59,000	13,06	0,40	-6,2	4,4	79,4	0	4,6
3901	16.07.2025 17:03:00,000	13,06	0,40	-5,3	4,3	80,5	0	4,4
3902	16.07.2025 17:03:01,000	13,06	0,40	-6,0	4,9	79,1	0	5,1
3903	16.07.2025 17:03:02,000	13,06	0,40	-7,2	5,0	77,8	0	5,3
3904	16.07.2025 17:03:03,000	13,06	0,40	-5,7	4,6	79,7	0	4,8
3905	16.07.2025 17:03:04,000	13,03	0,40	-5,9	4,7	79,4	0	4,9
3906	16.07.2025 17:03:05,000	13,03	0,40	-5,8	4,5	79,6	0	4,7
3907	16.07.2025 17:03:06,000	13,03	0,40	-5,0	4,2	80,7	0	4,4
3908	16.07.2025 17:03:07,000	13,03	0,40	-6,0	4,7	79,3	0	4,9
3909	16.07.2025 17:03:08,000	13,06	0,40	-6,3	5,1	78,6	0	5,3
3910	16.07.2025 17:03:09,000	13,06	0,40	-6,2	4,5	79,3	0	4,7
3911	16.07.2025 17:03:10,000	13,06	0,40	-6,2	4,6	79,2	0	4,8
3912	16.07.2025 17:03:11,000	13,06	0,40	-5,7	4,5	79,8	0	4,7
3913	16.07.2025 17:03:12,000	13,06	0,40	-5,1	4,2	80,7	0	4,3
3914	16.07.2025 17:03:13,000	13,06	0,40	-4,9	4,9	80,2	0	5,1
3915	16.07.2025 17:03:14,000	13,06	0,40	-6,7	5,0	78,3	0	5,2
3916	16.07.2025 17:03:15,000	13,06	0,42	-6,1	4,8	79,2	0	5,0
3917	16.07.2025 17:03:16,000	13,06	0,40	-5,3	4,7	80,0	0	4,9
3918	16.07.2025 17:03:17,000	13,06	0,42	-5,7	4,7	79,7	0	4,8
3919	16.07.2025 17:03:18,000	13,06	0,42	-5,8	4,4	79,8	0	4,6
3920	16.07.2025 17:03:19,000	13,06	0,40	-6,0	4,8	79,2	0	5,0
3921	16.07.2025 17:03:20,000	13,06	0,40	-5,5	4,5	80,0	0	4,7
3922	16.07.2025 17:03:21,000	13,06	0,40	-5,3	4,5	80,2	0	4,7
3923	16.07.2025 17:03:22,000	13,06	0,40	-6,3	5,1	78,6	0	5,3
3924	16.07.2025 17:03:23,000	13,06	0,40	-5,4	5,4	79,3	0	5,6
3925	16.07.2025 17:03:24,000	13,06	0,42	-5,6	4,3	80,2	0	4,4
3926	16.07.2025 17:03:25,000	13,06	0,40	-5,6	4,1	80,3	0	4,2
3927	16.07.2025 17:03:26,000	13,06	0,40	-4,8	4,4	80,8	0	4,5
3928	16.07.2025 17:03:27,000	13,06	0,40	-4,7	4,7	80,6	0	4,8
3929	16.07.2025 17:03:28,000	13,06	0,40	-5,6	3,9	80,5	0	4,0
3930	16.07.2025 17:03:29,000	13,06	0,40	-5,6	3,8	80,6	0	3,9
3931	16.07.2025 17:03:30,000	13,06	0,40	-6,4	3,9	79,7	0	4,1
3932	16.07.2025 17:03:31,000	13,06	0,42	-6,1	4,0	80,0	0	4,1
3933	16.07.2025 17:03:32,000	13,09	0,40	-5,1	4,2	80,8	0	4,3
3934	16.07.2025 17:03:33,000	13,09	0,40	-4,9	4,9	80,2	0	5,1
3935	16.07.2025 17:03:34,000	13,09	0,40	-4,0	6,6	79,3	0	6,9
3936	16.07.2025 17:03:35,000	13,09	0,40	-3,4	7,4	79,2	0	7,6
3937	16.07.2025 17:03:36,000	13,09	0,40	-3,0	7,3	79,8	0	7,5
3938	16.07.2025 17:03:37,000	13,09	0,40	-3,3	8,6	78,1	0	8,9
3939	16.07.2025 17:03:38,000	13,09	0,40	-3,0	8,1	78,9	0	8,3
3940	16.07.2025 17:03:39,000	13,12	0,40	-2,2	8,3	79,5	0	8,5
3941	16.07.2025 17:03:40,000	13,12	0,40	-2,1	8,0	79,9	0	8,2
3942	16.07.2025 17:03:41,000	13,12	0,40	-2,4	8,5	79,0	0	8,7
3943	16.07.2025 17:03:42,000	13,15	0,42	-3,4	8,6	78,0	0	8,9
3944	16.07.2025 17:03:43,000	13,15	0,40	-2,3	9,1	78,7	0	9,3
3945	16.07.2025 17:03:44,000	13,15	0,40	-1,5	8,3	80,2	0	8,4
3946	16.07.2025 17:03:45,000	13,15	0,42	-1,4	9,2	79,4	0	9,4
3947	16.07.2025 17:03:46,000	13,15	0,42	-1,5	10,2	78,3	0	10,4
3948	16.07.2025 17:03:47,000	13,19	0,40	-1,7	9,3	79,0	0	9,5
3949	16.07.2025 17:03:48,000	13,19	0,42	-1,8	9,4	78,9	0	9,5
3950	16.07.2025 17:03:49,000	13,19	0,42	-2,6	9,5	77,9	0	9,8
3951	16.07.2025 17:03:50,000	13,19	0,42	-3,0	8,8	78,2	0	9,1
3952	16.07.2025 17:03:51,000	13,19	0,42	-3,0	7,5	79,5	0	7,7
3953	16.07.2025 17:03:52,000	13,19	0,42	-3,2	6,7	80,2	0	6,9
3954	16.07.2025 17:03:53,000	13,22	0,40	-3,0	7,1	79,8	0	7,3
3955	16.07.2025 17:03:54,000	13,22	0,42	-3,3	7,7	79,0	0	7,9
3956	16.07.2025 17:03:55,000	13,22	0,40	-2,6	7,8	79,6	0	8,0
3957	16.07.2025 17:03:56,000	13,22	0,42	-1,0	9,9	79,1	0	10,0
3958	16.07.2025 17:03:57,000	13,22	0,42	0,1	10,5	79,4	0	10,5
3959	16.07.2025 17:03:58,000	13,22	0,40	-1,0	10,7	78,3	0	10,8
3960	16.07.2025 17:03:59,000	13,22	0,42	-1,9	8,7	79,5	0	8,8
3961	16.07.2025 17:04:00,000	13,25	0,40	-2,9	7,2	79,9	0	7,4
3962	16.07.2025 17:04:01,000	13,25	0,42	-2,5	8,8	78,6	0	9,1
3963	16.07.2025 17:04:02,000	13,25	0,40	-1,3	10,5	78,2	0	10,6
3964	16.07.2025 17:04:03,000	13,25	0,42	-0,2	10,8	79,0	0	10,8
3965	16.07.2025 17:04:04,000	13,25	0,42	-0,3	10,8	78,9	0	10,8
3966	16.07.2025 17:04:05,000	13,25	0,40	0,0	12,0	78,0	0	12,0
3967	16.07.2025 17:04:06,000	13,28	0,42	-0,9	10,4	78,8	0	10,5
3968	16.07.2025 17:04:07,000	13,28	0,42	-2,8	8,6	78,6	0	8,9
3969	16.07.2025 17:04:08,000	13,28	0,40	-3,8	7,7	78,5	0	8,0
3970	16.07.2025 17:04:09,000	13,28	0,40	-3,0	8,6	78,4	0	8,8
3971	16.07.2025 17:04:10,000	13,28	0,42	-0,9	9,9	79,2	0	9,9
3972	16.07.2025 17:04:11,000	13,28	0,42	-1,3	10,1	78,6	0	10,2
3973	16.07.2025 17:04:12,000	13,28	0,42	-3,0	9,1	77,9	0	9,4
3974	16.07.2025 17:04:13,000	13,31	0,42	-2,3	9,3	78,4	0	9,5
3975	16.07.2025 17:04:14,000	13,31	0,42	0,3	10,5	79,3	0	10,5
3976	16.07.2025 17:04:15,000	13,31	0,42	-2,3	10,5	77,3	0	10,7
3977	16.07.2025 17:04:16,000	13,31	0,40	-4,7	8,2	77,1	1	8,6
3978	16.07.2025 17:04:17,000	13,31	0,40	-2,1	6,4	81,5	0	6,5
3979	16.07.2025 17:04:18,000	13,31	0,40	-1,7	9,2	79,2	0	9,3
3980	16.07.2025 17:04:19,000	13,34	0,40	-0,8	12,4	76,9	0	12,5
3981	16.07.2025 17:04:20,000	13,34	0,40	1,1	11,6	77,3	0	11,7
3982	16.07.2025 17:04:21,000	13,34	0,42	2,3	12,1	75,6	0	12,4
3983	16.07.2025 17:04:22,000	13,34	0,40	0,2	11,8	78,0	0	11,8
3984	16.07.2025 17:04:23,000	13,34	0,40	-1,6	11,0	77,4	0	11,2
3985	16.07.2025 17:04:24,000	13,37	0,40	-1,2	9,1	79,7	0	9,2
3986	16.07.2025 17:04:25,000	13,37	0,40	-2,5	8,5	79,0	0	8,7
3987	16.07.2025 17:04:26,000	13,37	0,42	-4,0	7,6	78,4	0	7,9
3988	16.07.2025 17:04:27,000	13,37	0,40	-4,1	6,3	79,6	0	6,5
3989	16.07.2025 17:04:28,000	13,37	0,40	-4,5	5,8	79,7	0	6,0
3990	16.07.2025 17:04:29,000	13,41	0,42	-5,6	5,8	78,6	0	6,1
3991	16.07.2025 17:04:30,000	13,41	0,40	-6,2	5,9	77,9	0	6,2
3992	16.07.2025 17:04:31,000	13,41	0,40	-4,3	4,1	81,6	0	4,2
3993	16.07.2025 17:04:32,000	13,41	0,40	-4,3	6,0	79,6	0	6,3
3994	16.07.2025 17:04:33,000	13,44	0,40	-8,5	5,6	76,0	0	5,9
3995	16.07.2025 17:04:34,000	13,44	0,42	-4,5	4,0	81,4	0	4,2
3996	16.07.2025 17:04:35,000	13,44	0,40	-3,2	6,0	80,8	0	6,2
3997	16.07.2025 17:04:36,000	13,44	0,40	-7,3	8,0	74,7	0	8,5
3998	16.07.2025 17:04:37,000	13,44	0,40	-4,7	5,3	80,1	0	5,5
3999	16.07.2025 17:04:38,000	13,44	0,40	-2,5	5,2	82,3	0	5,3
4000	16.07.2025 17:04:39,000	13,44	0,40	-6,9	7,2	75,9	0	7,6
4001	16.07.2025 17:04:40,000	13,47	0,42	-4,8	6,0	79,2	0	6,2
4002	16.07.2025 17:04:41,000	13,47	0,40	-3,3	5,5	81,3	0	5,6
4003	16.07.2025 17:04:42,000	13,47	0,42	-6,2	7,6	76,1	0	8,0
4004	16.07.2025 17:04:43,000	13,47	0,42	-4,4	6,6	79,0	0	6,9
4005	16.07.2025 17:04:44,000	13,47	0,42	-4,1	5,7	80,2	0	5,9
4006	16.07.2025 17:04:45,000	13,50	0,42	-6,8	6,9	76,4	0	7,2
4007	16.07.2025 17:04:46,000	13,50	0,42	-4,2	6,2	79,6	0	6,5
4008	16.07.2025 17:04:47,000	13,50	0,42	-3,8	7,4	78,8	0	7,7
4009	16.07.2025 17:04:48,000	13,50	0,42	-4,9	7,2	77,8	0	7,5
4010	16.07.2025 17:04:49,000	13,50	0,42	-4,3	6,7	79,1	0	6,9
4011	16.07.2025 17:04:50,000	13,50	0,42	-4,1	7,8	78,2	0	8,1
4012	16.07.2025 17:04:51,000	13,53	0,42	-3,7	7,3	79,0	0	7,5
4013	16.07.2025 17:04:52,000	13,53	0,42	-5,7	7,7	76,6	0	8,1
4014	16.07.2025 17:04:53,000	13,53	0,40	-4,3	5,8	79,9	0	6,0
4015	16.07.2025 17:04:54,000	13,53	0,42	-4,4	6,6	79,0	0	6,9
4016	16.07.2025 17:04:55,000	13,53	0,42	-5,7	6,3	78,0	0	6,6
4017	16.07.2025 17:04:56,000	13,56	0,42	-5,2	6,4	78,5	0	6,6
4018	16.07.2025 17:04:57,000	13,56	0,40	-5,5	4,8	79,6	0	5,0
4019	16.07.2025 17:04:58,000	13,56	0,40	-6,5	5,3	78,2	0	5,5
4020	16.07.2025 17:04:59,000	13,56	0,42	-5,6	5,8	78,5	0	6,1
4021	16.07.2025 17:05:00,000	13,56	0,42	-5,7	6,4	77,9	0	6,7
4022	16.07.2025 17:05:01,000	13,59	0,40	-5,9	5,4	78,8	0	5,6
4023	16.07.2025 17:05:02,000	13,59	0,40	-4,8	5,7	79,6	0	5,9
4024	16.07.2025 17:05:03,000	13,59	0,42	-4,5	8,5	76,9	0	8,9
4025	16.07.2025 17:05:04,000	13,59	0,42	-3,5	8,7	77,8	0	9,0
4026	16.07.2025 17:05:05,000	13,59	0,40	-1,2	9,1	79,7	0	9,2
4027	16.07.2025 17:05:06,000	13,59	0,40	-4,2	11,0	74,8	0	11,4
4028	16.07.2025 17:05:07,000	13,62	0,42	-2,3	9,3	78,4	0	9,5
4029	16.07.2025 17:05:08,000	13,62	0,42	-1,6	8,0	80,3	0	8,2
4030	16.07.2025 17:05:09,000	13,62	0,42	-5,8	9,2	75,0	0	9,7
4031	16.07.2025 17:05:10,000	13,62	0,40	-4,6	6,7	78,7	0	6,9
4032	16.07.2025 17:05:11,000	13,66	0,42	-2,3	5,9	81,8	0	6,0
4033	16.07.2025 17:05:12,000	13,66	0,40	-6,0	6,8	77,2	0	7,1
4034	16.07.2025 17:05:13,000	13,66	0,42	-6,5	6,4	77,1	0	6,7
4035	16.07.2025 17:05:14,000	13,66	0,37	-4,2	4,6	81,2	0	4,8
4036	16.07.2025 17:05:15,000	13,69	0,40	-4,4	6,5	79,1	0	6,7
4037	16.07.2025 17:05:16,000	13,69	0,40	-6,5	8,1	75,4	0	8,5
4038	16.07.2025 17:05:17,000	13,69	0,40	-3,1	7,3	79,6	0	7,5
4039	16.07.2025 17:05:18,000	13,69	0,40	-2,5	6,9	80,6	0	7,1
4040	16.07.2025 17:05:19,000	13,69	0,40	-5,0	10,3	74,7	0	10,8
4041	16.07.2025 17:05:20,000	13,72	0,40	-3,0	8,0	79,0	0	8,2
4042	16.07.2025 17:05:21,000	13,72	0,40	-2,2	7,5	80,3	0	7,6
4043	16.07.2025 17:05:22,000	13,72	0,40	-4,4	8,6	76,9	0	9,0
4044	16.07.2025 17:05:23,000	13,72	0,40	-4,6	8,2	77,2	0	8,5
4045	16.07.2025 17:05:24,000	13,72	0,40	-4,4	5,7	79,9	0	5,9
4046	16.07.2025 17:05:25,000	13,75	0,42	-4,5	5,8	79,8	0	6,0
4047	16.07.2025 17:05:26,000	13,75	0,42	-5,1	7,8	77,1	0	8,1
4048	16.07.2025 17:05:27,000	13,75	0,42	-6,7	5,9	77,4	1	6,2
4049	16.07.2025 17:05:28,000	13,75	0,42	-2,5	4,0	83,5	0	4,1
4050	16.07.2025 17:05:29,000	13,75	0,40	-5,7	6,7	77,6	0	7,0
4051	16.07.2025 17:05:30,000	13,75	0,42	-7,4	7,4	75,2	1	7,9
4052	16.07.2025 17:05:31,000	13,75	0,42	-3,4	3,9	82,7	0	4,0
4053	16.07.2025 17:05:32,000	13,78	0,42	-3,0	6,7	80,3	0	6,9
4054	16.07.2025 17:05:33,000	13,78	0,42	-7,6	9,2	73,2	0	9,8
4055	16.07.2025 17:05:34,000	13,78	0,42	-4,1	5,5	80,3	1	5,7
4056	16.07.2025 17:05:35,000	13,78	0,42	-0,8	5,0	84,2	0	5,1
4057	16.07.2025 17:05:36,000	13,81	0,42	-7,0	8,9	74,1	0	9,5
4058	16.07.2025 17:05:37,000	13,81	0,42	-5,3	7,1	77,6	0	7,4
4059	16.07.2025 17:05:38,000	13,81	0,42	-2,9	4,1	83,0	0	4,2
4060	16.07.2025 17:05:39,000	13,81	0,42	-5,1	7,1	77,8	0	7,4
4061	16.07.2025 17:05:40,000	13,84	0,40	-7,1	7,5	75,5	0	7,9
4062	16.07.2025 17:05:41,000	13,84	0,42	-4,7	4,7	80,6	0	4,9
4063	16.07.2025 17:05:42,000	13,84	0,40	-3,4	4,7	81,9	0	4,8
4064	16.07.2025 17:05:43,000	13,87	0,42	-6,7	8,2	75,0	0	8,7
4065	16.07.2025 17:05:44,000	13,87	0,42	-5,8	5,9	78,3	0	6,1
4066	16.07.2025 17:05:45,000	13,87	0,40	-3,5	4,7	81,7	0	4,9
4067	16.07.2025 17:05:46,000	13,87	0,42	-5,3	7,7	77,0	0	8,1
4068	16.07.2025 17:05:47,000	13,90	0,40	-5,9	6,9	77,2	0	7,2
4069	16.07.2025 17:05:48,000	13,90	0,40	-3,7	6,3	80,0	0	6,5
4070	16.07.2025 17:05:49,000	13,90	0,40	-4,8	6,9	78,3	0	7,1
4071	16.07.2025 17:05:50,000	13,90	0,40	-6,2	7,2	76,5	0	7,6
4072	16.07.2025 17:05:51,000	13,90	0,40	-2,6	6,0	81,4	0	6,1
4073	16.07.2025 17:05:52,000	13,94	0,40	-4,7	7,6	77,6	0	8,0
4074	16.07.2025 17:05:53,000	13,94	0,40	-5,1	7,8	77,1	0	8,2
4075	16.07.2025 17:05:54,000	13,94	0,40	-3,3	6,5	80,2	0	6,7
4076	16.07.2025 17:05:55,000	13,94	0,40	-4,2	7,9	77,8	0	8,2
4077	16.07.2025 17:05:56,000	13,97	0,40	-5,0	8,6	76,4	0	9,0
4078	16.07.2025 17:05:57,000	13,97	0,40	-4,6	5,9	79,4	0	6,1
4079	16.07.2025 17:05:58,000	13,97	0,40	-2,5	6,7	80,8	0	6,9
4080	16.07.2025 17:05:59,000	13,97	0,40	-6,1	8,8	75,1	0	9,2
4081	16.07.2025 17:06:00,000	13,97	0,40	-4,1	7,1	78,8	0	7,3
4082	16.07.2025 17:06:01,000	13,97	0,40	-3,3	6,3	80,4	0	6,5
4083	16.07.2025 17:06:02,000	13,97	0,42	-6,2	8,6	75,1	0	9,1
4084	16.07.2025 17:06:03,000	14,00	0,40	-4,1	5,7	80,2	0	5,9
4085	16.07.2025 17:06:04,000	14,00	0,40	-4,0	5,9	80,1	0	6,1
4086	16.07.2025 17:06:05,000	14,00	0,42	-5,7	7,4	76,9	0	7,7
4087	16.07.2025 17:06:06,000	14,00	0,40	-4,4	6,2	79,3	0	6,5
4088	16.07.2025 17:06:07,000	14,00	0,40	-4,0	6,0	80,0	0	6,2
4089	16.07.2025 17:06:08,000	14,03	0,40	-5,8	7,5	76,7	0	7,9
4090	16.07.2025 17:06:09,000	14,03	0,40	-4,7	5,9	79,4	0	6,1
4091	16.07.2025 17:06:10,000	14,03	0,40	-4,3	5,2	80,6	0	5,4
4092	16.07.2025 17:06:11,000	14,03	0,37	-5,3	8,5	76,2	0	8,9
4093	16.07.2025 17:06:12,000	14,03	0,40	-6,0	6,6	77,4	0	7,0
4094	16.07.2025 17:06:13,000	14,06	0,42	-3,6	5,3	81,0	0	5,5
4095	16.07.2025 17:06:14,000	14,06	0,42	-4,6	6,7	78,7	0	7,0
4096	16.07.2025 17:06:15,000	14,06	0,42	-6,8	7,9	75,3	0	8,4
4097	16.07.2025 17:06:16,000	14,06	0,42	-2,9	6,1	81,0	0	6,2
4098	16.07.2025 17:06:17,000	14,06	0,42	-3,8	6,7	79,5	0	7,0
4099	16.07.2025 17:06:18,000	14,09	0,40	-6,7	7,7	75,6	0	8,1
4100	16.07.2025 17:06:19,000	14,09	0,40	-3,8	5,7	80,5	0	5,9
4101	16.07.2025 17:06:20,000	14,09	0,40	-4,5	6,9	78,6	0	7,2
4102	16.07.2025 17:06:21,000	14,12	0,40	-5,8	7,4	76,9	0	7,7
4103	16.07.2025 17:06:22,000	14,12	0,40	-4,9	5,7	79,4	0	5,9
4104	16.07.2025 17:06:23,000	14,12	0,42	-5,0	6,0	79,0	0	6,3
4105	16.07.2025 17:06:24,000	14,15	0,40	-5,1	5,6	79,3	0	5,8
4106	16.07.2025 17:06:25,000	14,15	0,40	-5,5	6,2	78,3	0	6,5
4107	16.07.2025 17:06:26,000	14,15	0,40	-5,2	7,2	77,6	0	7,5
4108	16.07.2025 17:06:27,000	14,18	0,40	-3,8	6,2	80,0	0	6,4
4109	16.07.2025 17:06:28,000	14,18	0,40	-4,3	7,9	77,9	0	8,2
4110	16.07.2025 17:06:29,000	14,18	0,40	-4,8	7,8	77,4	0	8,1
4111	16.07.2025 17:06:30,000	14,18	0,42	-4,7	6,9	78,4	0	7,2
4112	16.07.2025 17:06:31,000	14,18	0,40	-4,9	6,4	78,7	0	6,6
4113	16.07.2025 17:06:32,000	14,22	0,40	-5,3	6,8	77,9	0	7,1
4114	16.07.2025 17:06:33,000	14,22	0,40	-4,4	6,9	78,7	0	7,2
4115	16.07.2025 17:06:34,000	14,22	0,40	-4,6	6,1	79,3	0	6,3
4116	16.07.2025 17:06:35,000	14,22	0,40	-5,2	7,0	77,9	0	7,3
4117	16.07.2025 17:06:36,000	14,22	0,40	-5,3	7,1	77,6	0	7,4
4118	16.07.2025 17:06:37,000	14,22	0,40	-5,0	5,9	79,1	0	6,1
4119	16.07.2025 17:06:38,000	14,25	0,40	-4,9	6,3	78,8	0	6,6
4120	16.07.2025 17:06:39,000	14,25	0,40	-6,4	6,7	76,8	0	7,1
4121	16.07.2025 17:06:40,000	14,25	0,40	-4,5	5,6	80,0	0	5,8
4122	16.07.2025 17:06:41,000	14,25	0,40	-5,3	6,4	78,3	0	6,7
4123	16.07.2025 17:06:42,000	14,25	0,40	-4,9	6,1	79,0	0	6,3
4124	16.07.2025 17:06:43,000	14,28	0,37	-5,9	8,1	76,0	0	8,5
4125	16.07.2025 17:06:44,000	14,28	0,40	-3,7	6,4	79,9	0	6,6
4126	16.07.2025 17:06:45,000	14,28	0,40	-4,9	6,8	78,3	0	7,0
4127	16.07.2025 17:06:46,000	14,28	0,40	-5,6	8,1	76,3	0	8,5
4128	16.07.2025 17:06:47,000	14,28	0,40	-3,7	6,3	80,0	0	6,5
4129	16.07.2025 17:06:48,000	14,28	0,40	-4,2	7,1	78,7	0	7,4
4130	16.07.2025 17:06:49,000	14,31	0,40	-6,4	7,3	76,3	0	7,7
4131	16.07.2025 17:06:50,000	14,31	0,40	-4,4	5,7	80,0	0	5,9
4132	16.07.2025 17:06:51,000	14,31	0,40	-4,4	5,9	79,8	0	6,1
4133	16.07.2025 17:06:52,000	14,31	0,40	-6,9	8,4	74,8	0	8,8
4134	16.07.2025 17:06:53,000	14,31	0,40	-5,0	5,1	79,9	0	5,3
4135	16.07.2025 17:06:54,000	14,34	0,42	-3,5	6,0	80,5	0	6,2
4136	16.07.2025 17:06:55,000	14,34	0,42	-7,4	7,9	74,6	0	8,4
4137	16.07.2025 17:06:56,000	14,34	0,40	-4,4	6,0	79,6	0	6,3
4138	16.07.2025 17:06:57,000	14,34	0,42	-2,8	5,5	81,8	0	5,6
4139	16.07.2025 17:06:58,000	14,37	0,40	-6,5	8,4	75,1	0	8,9
4140	16.07.2025 17:06:59,000	14,37	0,42	-5,0	6,9	78,1	0	7,2
4141	16.07.2025 17:07:00,000	14,37	0,42	-3,6	5,2	81,1	0	5,4
4142	16.07.2025 17:07:01,000	14,37	0,42	-5,6	7,2	77,2	0	7,6
4143	16.07.2025 17:07:02,000	14,40	0,40	-6,6	7,5	75,9	0	7,9
4144	16.07.2025 17:07:03,000	14,40	0,40	-3,8	5,0	81,2	0	5,1
4145	16.07.2025 17:07:04,000	14,40	0,40	-4,2	6,3	79,5	0	6,5
4146	16.07.2025 17:07:05,000	14,40	0,42	-7,3	7,5	75,2	0	7,9
4147	16.07.2025 17:07:06,000	14,43	0,40	-3,5	5,1	81,4	0	5,3
4148	16.07.2025 17:07:07,000	14,43	0,40	-4,1	6,7	79,2	0	6,9
4149	16.07.2025 17:07:08,000	14,43	0,42	-5,9	8,6	75,5	0	9,0
4150	16.07.2025 17:07:09,000	14,43	0,40	-4,3	5,5	80,2	0	5,7
4151	16.07.2025 17:07:10,000	14,43	0,40	-3,8	6,5	79,7	0	6,8
4152	16.07.2025 17:07:11,000	14,43	0,40	-6,2	7,9	75,9	0	8,3
4153	16.07.2025 17:07:12,000	14,43	0,42	-4,7	6,8	78,5	0	7,1
4154	16.07.2025 17:07:13,000	14,46	0,40	-2,4	6,2	81,4	0	6,3
4155	16.07.2025 17:07:14,000	14,46	0,40	-6,3	8,9	74,7	0	9,4
4156	16.07.2025 17:07:15,000	14,46	0,40	-3,7	6,6	79,7	0	6,8
4157	16.07.2025 17:07:16,000	14,46	0,42	-3,0	6,6	80,4	0	6,8
4158	16.07.2025 17:07:17,000	14,46	0,40	-6,0	7,8	76,2	0	8,2
4159	16.07.2025 17:07:18,000	14,46	0,42	-4,9	6,0	79,1	0	6,2
4160	16.07.2025 17:07:19,000	14,49	0,40	-3,9	5,5	80,6	0	5,7
4161	16.07.2025 17:07:20,000	14,49	0,40	-6,6	7,8	75,6	0	8,2
4162	16.07.2025 17:07:21,000	14,49	0,40	-4,7	6,0	79,4	0	6,2
4163	16.07.2025 17:07:22,000	14,49	0,40	-3,1	5,7	81,2	0	5,9
4164	16.07.2025 17:07:23,000	14,49	0,40	-7,1	8,1	74,8	0	8,6
4165	16.07.2025 17:07:24,000	14,52	0,40	-4,7	5,5	79,7	0	5,7
4166	16.07.2025 17:07:25,000	14,52	0,37	-3,5	6,2	80,4	0	6,4
4167	16.07.2025 17:07:26,000	14,52	0,40	-5,4	8,4	76,2	0	8,8
4168	16.07.2025 17:07:27,000	14,52	0,40	-4,8	7,5	77,7	0	7,8
4169	16.07.2025 17:07:28,000	14,56	0,40	-3,7	6,0	80,3	0	6,2
4170	16.07.2025 17:07:29,000	14,56	0,40	-4,6	6,5	78,9	0	6,8
4171	16.07.2025 17:07:30,000	14,56	0,40	-6,0	7,7	76,3	0	8,1
4172	16.07.2025 17:07:31,000	14,56	0,37	-4,8	6,2	78,9	0	6,5
4173	16.07.2025 17:07:32,000	14,59	0,40	-3,5	4,7	81,7	0	4,9
4174	16.07.2025 17:07:33,000	14,59	0,40	-7,5	8,0	74,5	0	8,5
4175	16.07.2025 17:07:34,000	14,59	0,37	-4,7	5,9	79,4	0	6,2
4176	16.07.2025 17:07:35,000	14,59	0,40	-3,9	4,8	81,4	0	4,9
4177	16.07.2025 17:07:36,000	14,59	0,37	-7,4	7,4	75,2	0	7,9
4178	16.07.2025 17:07:37,000	14,59	0,37	-5,3	6,0	78,7	0	6,3
4179	16.07.2025 17:07:38,000	14,62	0,40	-2,6	5,4	82,0	0	5,5
4180	16.07.2025 17:07:39,000	14,62	0,40	-6,8	8,9	74,4	0	9,4
4181	16.07.2025 17:07:40,000	14,62	0,40	-4,5	5,9	79,5	0	6,1
4182	16.07.2025 17:07:41,000	14,62	0,40	-2,7	6,4	80,9	0	6,6
4183	16.07.2025 17:07:42,000	14,62	0,37	-6,2	9,4	74,5	0	9,9
4184	16.07.2025 17:07:43,000	14,62	0,40	-3,4	6,6	80,1	0	6,8
4185	16.07.2025 17:07:44,000	14,62	0,40	-4,1	6,4	79,5	0	6,6
4186	16.07.2025 17:07:45,000	14,65	0,40	-5,9	7,5	76,6	0	7,8
4187	16.07.2025 17:07:46,000	14,65	0,40	-4,6	5,9	79,4	0	6,2
4188	16.07.2025 17:07:47,000	14,65	0,42	-4,6	6,0	79,4	0	6,3
4189	16.07.2025 17:07:48,000	14,65	0,42	-6,5	6,2	77,2	0	6,5
4190	16.07.2025 17:07:49,000	14,65	0,40	-4,8	5,7	79,4	0	6,0
4191	16.07.2025 17:07:50,000	14,68	0,40	-5,2	6,2	78,6	0	6,4
4192	16.07.2025 17:07:51,000	14,68	0,40	-5,0	6,2	78,9	0	6,4
4193	16.07.2025 17:07:52,000	14,68	0,42	-5,1	6,8	78,1	0	7,1
4194	16.07.2025 17:07:53,000	14,68	0,42	-4,2	6,1	79,8	0	6,3
4195	16.07.2025 17:07:54,000	14,68	0,42	-5,2	6,9	77,9	0	7,2
4196	16.07.2025 17:07:55,000	14,68	0,42	-5,6	7,1	77,3	0	7,4
4197	16.07.2025 17:07:56,000	14,68	0,40	-4,3	5,9	79,9	0	6,1
4198	16.07.2025 17:07:57,000	14,68	0,42	-5,1	6,1	78,8	0	6,4
4199	16.07.2025 17:07:58,000	14,68	0,40	-5,5	7,1	77,4	0	7,4
4200	16.07.2025 17:07:59,000	14,71	0,40	-5,1	7,0	77,8	0	7,4
4201	16.07.2025 17:08:00,000	14,71	0,42	-4,5	5,0	80,5	0	5,2
4202	16.07.2025 17:08:01,000	14,71	0,42	-4,0	7,5	78,5	0	7,8
4203	16.07.2025 17:08:02,000	14,71	0,40	-5,8	7,1	77,1	0	7,5
4204	16.07.2025 17:08:03,000	14,71	0,40	-4,3	5,9	79,7	0	6,1
4205	16.07.2025 17:08:04,000	14,74	0,40	-4,9	6,7	78,4	0	7,0
4206	16.07.2025 17:08:05,000	14,74	0,40	-4,3	6,7	79,1	0	6,9
4207	16.07.2025 17:08:06,000	14,74	0,40	-6,2	8,0	75,8	0	8,4
4208	16.07.2025 17:08:07,000	14,74	0,40	-5,2	6,3	78,5	0	6,6
4209	16.07.2025 17:08:08,000	14,74	0,40	-3,9	5,6	80,5	0	5,8
4210	16.07.2025 17:08:09,000	14,74	0,40	-5,0	7,3	77,7	0	7,7
4211	16.07.2025 17:08:10,000	14,74	0,40	-4,8	7,3	78,0	0	7,6
4212	16.07.2025 17:08:11,000	14,77	0,42	-4,3	6,5	79,2	0	6,8
4213	16.07.2025 17:08:12,000	14,77	0,40	-3,1	6,6	80,3	0	6,8
4214	16.07.2025 17:08:13,000	14,77	0,40	-5,5	8,8	75,7	0	9,2
4215	16.07.2025 17:08:14,000	14,77	0,40	-5,5	7,5	77,0	0	7,9
4216	16.07.2025 17:08:15,000	14,77	0,42	-4,0	5,4	80,6	0	5,6
4217	16.07.2025 17:08:16,000	14,77	0,42	-4,4	6,5	79,0	0	6,8
4218	16.07.2025 17:08:17,000	14,80	0,40	-6,5	7,2	76,3	0	7,6
4219	16.07.2025 17:08:18,000	14,80	0,40	-5,3	4,6	80,0	0	4,8
4220	16.07.2025 17:08:19,000	14,80	0,42	-4,0	4,4	81,6	0	4,6
4221	16.07.2025 17:08:20,000	14,80	0,42	-7,9	7,5	74,5	0	8,0
4222	16.07.2025 17:08:21,000	14,80	0,40	-5,1	5,1	79,8	0	5,3
4223	16.07.2025 17:08:22,000	14,80	0,40	-4,3	5,7	80,0	0	5,9
4224	16.07.2025 17:08:23,000	14,83	0,40	-5,8	7,0	77,2	0	7,4
4225	16.07.2025 17:08:24,000	14,83	0,42	-6,5	6,7	76,9	0	7,0
4226	16.07.2025 17:08:25,000	14,83	0,40	-3,5	5,6	80,9	0	5,8
4227	16.07.2025 17:08:26,000	14,83	0,40	-4,8	6,9	78,3	0	7,2
4228	16.07.2025 17:08:27,000	14,86	0,40	-6,1	8,3	75,6	0	8,7
4229	16.07.2025 17:08:28,000	14,86	0,40	-3,0	6,2	80,8	0	6,4
4230	16.07.2025 17:08:29,000	14,86	0,40	-3,8	6,6	79,6	0	6,8
4231	16.07.2025 17:08:30,000	14,86	0,40	-6,1	8,9	75,1	0	9,4
4232	16.07.2025 17:08:31,000	14,86	0,40	-2,8	6,6	80,6	0	6,8
4233	16.07.2025 17:08:32,000	14,86	0,40	-4,5	7,1	78,4	0	7,4
4234	16.07.2025 17:08:33,000	14,86	0,42	-5,1	7,5	77,4	0	7,8
4235	16.07.2025 17:08:34,000	14,89	0,37	-4,9	6,2	78,9	0	6,4
4236	16.07.2025 17:08:35,000	14,89	0,40	-4,7	6,4	78,9	0	6,6
4237	16.07.2025 17:08:36,000	14,89	0,37	-4,4	6,2	79,3	0	6,4
4238	16.07.2025 17:08:37,000	14,89	0,37	-6,1	7,0	77,0	0	7,3
4239	16.07.2025 17:08:38,000	14,92	0,40	-5,6	6,4	78,0	0	6,7
4240	16.07.2025 17:08:39,000	14,92	0,40	-2,9	5,1	82,0	0	5,3
4241	16.07.2025 17:08:40,000	14,92	0,40	-5,9	7,8	76,3	0	8,2
4242	16.07.2025 17:08:41,000	14,92	0,40	-6,2	7,0	76,8	0	7,4
4243	16.07.2025 17:08:42,000	14,92	0,40	-3,8	5,9	80,3	0	6,1
4244	16.07.2025 17:08:43,000	14,92	0,40	-4,7	5,7	79,7	0	5,9
4245	16.07.2025 17:08:44,000	14,96	0,40	-5,8	7,3	76,8	0	7,7
4246	16.07.2025 17:08:45,000	14,96	0,42	-5,4	7,6	77,0	0	8,0
4247	16.07.2025 17:08:46,000	14,96	0,42	-3,3	5,4	81,2	0	5,6
4248	16.07.2025 17:08:47,000	14,96	0,42	-6,0	7,4	76,7	0	7,7
4249	16.07.2025 17:08:48,000	14,96	0,42	-5,6	6,5	77,9	0	6,8
4250	16.07.2025 17:08:49,000	14,99	0,40	-4,6	5,9	79,5	0	6,1
4251	16.07.2025 17:08:50,000	14,99	0,40	-5,9	6,5	77,6	0	6,8
4252	16.07.2025 17:08:51,000	14,99	0,42	-5,1	5,8	79,1	0	6,0
4253	16.07.2025 17:08:52,000	14,99	0,40	-5,4	6,7	77,9	0	7,0
4254	16.07.2025 17:08:53,000	14,99	0,42	-5,6	6,3	78,1	0	6,6
4255	16.07.2025 17:08:54,000	14,99	0,40	-4,2	5,9	79,8	0	6,1
4256	16.07.2025 17:08:55,000	15,02	0,42	-4,5	7,6	77,9	0	7,9
4257	16.07.2025 17:08:56,000	15,02	0,42	-5,9	8,0	76,1	0	8,4
4258	16.07.2025 17:08:57,000	15,02	0,40	-3,0	6,4	80,6	0	6,6
4259	16.07.2025 17:08:58,000	15,02	0,40	-4,2	6,6	79,3	0	6,8
4260	16.07.2025 17:08:59,000	15,02	0,40	-6,5	8,5	75,0	0	9,0
4261	16.07.2025 17:09:00,000	15,02	0,40	-3,9	4,8	81,4	0	4,9
4262	16.07.2025 17:09:01,000	15,02	0,40	-4,6	6,0	79,4	0	6,2
4263	16.07.2025 17:09:02,000	15,02	0,42	-7,3	6,9	75,9	0	7,3
4264	16.07.2025 17:09:03,000	15,05	0,40	-5,0	4,3	80,8	0	4,4
4265	16.07.2025 17:09:04,000	15,05	0,42	-3,8	5,7	80,5	0	5,9
4266	16.07.2025 17:09:05,000	15,05	0,40	-7,7	7,3	75,0	0	7,7
4267	16.07.2025 17:09:06,000	15,05	0,40	-4,1	5,9	80,0	0	6,1
4268	16.07.2025 17:09:07,000	15,05	0,40	-3,8	5,8	80,4	0	6,0
4269	16.07.2025 17:09:08,000	15,05	0,40	-5,7	8,1	76,2	0	8,5
4270	16.07.2025 17:09:09,000	15,05	0,40	-5,0	6,4	78,6	0	6,6
4271	16.07.2025 17:09:10,000	15,08	0,40	-5,0	6,2	78,8	0	6,5
4272	16.07.2025 17:09:11,000	15,08	0,40	-3,6	6,6	79,7	0	6,8
4273	16.07.2025 17:09:12,000	15,08	0,40	-6,4	7,2	76,4	0	7,6
4274	16.07.2025 17:09:13,000	15,08	0,40	-4,4	5,0	80,6	0	5,2
4275	16.07.2025 17:09:14,000	15,08	0,40	-4,1	6,4	79,5	0	6,7
4276	16.07.2025 17:09:15,000	15,08	0,40	-5,4	7,6	77,0	0	8,0
4277	16.07.2025 17:09:16,000	15,08	0,40	-5,6	5,9	78,5	0	6,1
4278	16.07.2025 17:09:17,000	15,11	0,37	-4,3	4,6	81,1	0	4,7
4279	16.07.2025 17:09:18,000	15,11	0,40	-6,7	6,8	76,4	0	7,2
4280	16.07.2025 17:09:19,000	15,11	0,40	-5,1	5,1	79,8	0	5,3
4281	16.07.2025 17:09:20,000	15,11	0,40	-4,2	6,0	79,8	0	6,2
4282	16.07.2025 17:09:21,000	15,11	0,40	-5,0	6,3	78,7	0	6,6
4283	16.07.2025 17:09:22,000	15,14	0,37	-5,2	7,0	77,8	0	7,3
4284	16.07.2025 17:09:23,000	15,14	0,40	-4,0	5,2	80,7	0	5,4
4285	16.07.2025 17:09:24,000	15,14	0,40	-5,5	6,4	78,0	0	6,7
4286	16.07.2025 17:09:25,000	15,14	0,40	-6,5	7,1	76,4	0	7,5
4287	16.07.2025 17:09:26,000	15,14	0,40	-3,0	4,4	82,6	0	4,5
4288	16.07.2025 17:09:27,000	15,17	0,40	-5,6	6,4	78,0	0	6,7
4289	16.07.2025 17:09:28,000	15,17	0,37	-6,5	7,6	75,9	0	8,1
4290	16.07.2025 17:09:29,000	15,17	0,37	-3,0	4,6	82,4	0	4,7
4291	16.07.2025 17:09:30,000	15,17	0,40	-4,5	7,1	78,5	0	7,4
4292	16.07.2025 17:09:31,000	15,17	0,40	-6,4	7,3	76,3	0	7,7
4293	16.07.2025 17:09:32,000	15,17	0,37	-3,6	6,0	80,4	0	6,2
4294	16.07.2025 17:09:33,000	15,17	0,40	-3,6	6,0	80,4	0	6,2
4295	16.07.2025 17:09:34,000	15,17	0,37	-6,3	7,6	76,1	0	8,0
4296	16.07.2025 17:09:35,000	15,20	0,40	-5,4	5,3	79,3	0	5,6
4297	16.07.2025 17:09:36,000	15,20	0,37	-4,1	5,3	80,6	0	5,5
4298	16.07.2025 17:09:37,000	15,20	0,40	-7,1	6,8	76,1	0	7,2
4299	16.07.2025 17:09:38,000	15,20	0,40	-5,9	5,6	78,5	0	5,9
4300	16.07.2025 17:09:39,000	15,20	0,40	-2,7	4,6	82,7	0	4,7
4301	16.07.2025 17:09:40,000	15,20	0,40	-7,0	7,6	75,4	0	8,1
4302	16.07.2025 17:09:41,000	15,23	0,40	-5,9	6,2	77,9	0	6,5
4303	16.07.2025 17:09:42,000	15,23	0,40	-1,8	4,7	83,5	0	4,7
4304	16.07.2025 17:09:43,000	15,23	0,42	-7,1	8,0	74,9	0	8,5
4305	16.07.2025 17:09:44,000	15,23	0,42	-5,4	6,0	78,6	0	6,2
4306	16.07.2025 17:09:45,000	15,23	0,42	-2,8	5,4	81,9	0	5,5
4307	16.07.2025 17:09:46,000	15,23	0,42	-6,3	7,3	76,4	0	7,7
4308	16.07.2025 17:09:47,000	15,23	0,40	-5,6	6,7	77,7	0	7,0
4309	16.07.2025 17:09:48,000	15,23	0,40	-3,7	5,2	81,0	0	5,4
4310	16.07.2025 17:09:49,000	15,26	0,42	-5,1	6,0	78,8	0	6,3
4311	16.07.2025 17:09:50,000	15,26	0,42	-6,3	7,2	76,6	0	7,5
4312	16.07.2025 17:09:51,000	15,26	0,42	-3,9	4,8	81,2	0	5,0
4313	16.07.2025 17:09:52,000	15,26	0,42	-3,9	7,4	78,7	0	7,7
4314	16.07.2025 17:09:53,000	15,26	0,42	-6,6	7,3	76,2	0	7,7
4315	16.07.2025 17:09:54,000	15,29	0,40	-3,4	5,1	81,5	0	5,3
4316	16.07.2025 17:09:55,000	15,29	0,42	-4,2	6,6	79,2	0	6,8
4317	16.07.2025 17:09:56,000	15,29	0,42	-6,5	8,0	75,5	0	8,4
4318	16.07.2025 17:09:57,000	15,29	0,40	-2,9	5,5	81,6	0	5,7
4319	16.07.2025 17:09:58,000	15,29	0,42	-4,8	6,5	78,8	0	6,7
4320	16.07.2025 17:09:59,000	15,29	0,37	-6,2	8,0	75,9	0	8,4
4321	16.07.2025 17:10:00,000	15,32	0,40	-3,5	4,6	81,9	0	4,8
4322	16.07.2025 17:10:01,000	15,32	0,40	-6,0	6,4	77,6	0	6,7
4323	16.07.2025 17:10:02,000	15,32	0,40	-6,5	6,5	77,0	0	6,8
4324	16.07.2025 17:10:03,000	15,32	0,40	-3,9	5,9	80,3	0	6,0
4325	16.07.2025 17:10:04,000	15,32	0,40	-5,0	5,9	79,1	0	6,1
4326	16.07.2025 17:10:05,000	15,32	0,40	-6,8	7,5	75,7	0	7,9
4327	16.07.2025 17:10:06,000	15,35	0,40	-4,0	5,4	80,6	0	5,6
4328	16.07.2025 17:10:07,000	15,35	0,40	-4,5	6,0	79,6	0	6,2
4329	16.07.2025 17:10:08,000	15,35	0,40	-6,6	7,5	75,9	0	7,9
4330	16.07.2025 17:10:09,000	15,35	0,40	-4,5	5,4	80,0	0	5,6
4331	16.07.2025 17:10:10,000	15,35	0,40	-3,6	5,6	80,8	0	5,8
4332	16.07.2025 17:10:11,000	15,35	0,40	-6,3	7,5	76,2	0	7,9
4333	16.07.2025 17:10:12,000	15,35	0,40	-5,1	5,7	79,2	0	6,0
4334	16.07.2025 17:10:13,000	15,35	0,40	-3,8	5,7	80,5	0	5,9
4335	16.07.2025 17:10:14,000	15,35	0,40	-6,3	7,2	76,5	0	7,6
4336	16.07.2025 17:10:15,000	15,35	0,40	-5,1	7,3	77,6	0	7,6
4337	16.07.2025 17:10:16,000	15,38	0,40	-3,0	5,4	81,6	0	5,6
4338	16.07.2025 17:10:17,000	15,38	0,40	-6,7	6,9	76,3	0	7,3
4339	16.07.2025 17:10:18,000	15,38	0,42	-4,5	6,8	78,7	0	7,1
4340	16.07.2025 17:10:19,000	15,38	0,40	-3,5	5,1	81,5	0	5,2
4341	16.07.2025 17:10:20,000	15,38	0,40	-6,8	7,2	76,0	0	7,6
4342	16.07.2025 17:10:21,000	15,38	0,40	-5,9	5,5	78,7	0	5,7
4343	16.07.2025 17:10:22,000	15,38	0,40	-3,6	5,1	81,3	0	5,2
4344	16.07.2025 17:10:23,000	15,42	0,40	-6,3	6,5	77,2	0	6,8
4345	16.07.2025 17:10:24,000	15,42	0,40	-6,4	6,5	77,1	0	6,9
4346	16.07.2025 17:10:25,000	15,42	0,40	-4,1	4,4	81,5	0	4,6
4347	16.07.2025 17:10:26,000	15,42	0,40	-5,9	6,7	77,4	0	7,0
4348	16.07.2025 17:10:27,000	15,42	0,40	-6,8	5,8	77,4	0	6,0
4349	16.07.2025 17:10:28,000	15,42	0,37	-4,3	5,1	80,6	0	5,3
4350	16.07.2025 17:10:29,000	15,42	0,40	-5,6	6,7	77,7	0	7,0
4351	16.07.2025 17:10:30,000	15,42	0,40	-5,5	5,6	79,0	0	5,8
4352	16.07.2025 17:10:31,000	15,45	0,40	-5,5	6,1	78,5	0	6,3
4353	16.07.2025 17:10:32,000	15,45	0,40	-4,6	6,7	78,7	0	6,9
4354	16.07.2025 17:10:33,000	15,45	0,40	-5,0	6,0	79,0	0	6,3
4355	16.07.2025 17:10:34,000	15,45	0,40	-5,0	5,6	79,4	0	5,9
4356	16.07.2025 17:10:35,000	15,45	0,40	-5,9	7,3	76,8	0	7,6
4357	16.07.2025 17:10:36,000	15,45	0,40	-4,7	5,9	79,4	0	6,1
4358	16.07.2025 17:10:37,000	15,48	0,40	-3,4	4,9	81,7	0	5,1
4359	16.07.2025 17:10:38,000	15,48	0,40	-6,6	7,4	76,0	0	7,8
4360	16.07.2025 17:10:39,000	15,48	0,37	-5,9	5,5	78,6	0	5,7
4361	16.07.2025 17:10:40,000	15,48	0,40	-3,9	4,8	81,3	0	5,0
4362	16.07.2025 17:10:41,000	15,48	0,40	-6,8	7,0	76,2	0	7,4
4363	16.07.2025 17:10:42,000	15,48	0,37	-5,1	5,4	79,6	0	5,6
4364	16.07.2025 17:10:43,000	15,48	0,40	-5,6	6,5	77,9	0	6,8
4365	16.07.2025 17:10:44,000	15,48	0,37	-6,0	6,2	77,9	0	6,4
4366	16.07.2025 17:10:45,000	15,51	0,40	-5,2	5,8	79,0	0	6,1
4367	16.07.2025 17:10:46,000	15,51	0,37	-4,9	7,0	78,1	0	7,3
4368	16.07.2025 17:10:47,000	15,51	0,37	-4,4	5,5	80,1	0	5,7
4369	16.07.2025 17:10:48,000	15,51	0,37	-5,2	6,6	78,3	0	6,8
4370	16.07.2025 17:10:49,000	15,51	0,37	-5,1	7,0	77,9	0	7,3
4371	16.07.2025 17:10:50,000	15,51	0,37	-4,9	6,7	78,4	0	6,9
4372	16.07.2025 17:10:51,000	15,54	0,42	-4,1	6,2	79,8	0	6,4
4373	16.07.2025 17:10:52,000	15,54	0,40	-6,1	7,0	77,0	0	7,3
4374	16.07.2025 17:10:53,000	15,54	0,42	-5,9	6,7	77,4	0	7,1
4375	16.07.2025 17:10:54,000	15,54	0,40	-4,0	5,4	80,6	0	5,6
4376	16.07.2025 17:10:55,000	15,54	0,42	-5,4	6,8	77,8	0	7,2
4377	16.07.2025 17:10:56,000	15,54	0,40	-5,9	5,8	78,3	0	6,1
4378	16.07.2025 17:10:57,000	15,54	0,40	-4,7	6,2	79,1	0	6,4
4379	16.07.2025 17:10:58,000	15,57	0,42	-4,8	5,5	79,7	0	5,7
4380	16.07.2025 17:10:59,000	15,57	0,42	-5,5	6,6	77,9	0	6,9
4381	16.07.2025 17:11:00,000	15,57	0,42	-6,4	6,9	76,7	0	7,3
4382	16.07.2025 17:11:01,000	15,57	0,40	-4,0	5,4	80,5	0	5,6
4383	16.07.2025 17:11:02,000	15,57	0,40	-4,4	6,6	79,0	0	6,9
4384	16.07.2025 17:11:03,000	15,57	0,40	-7,3	8,2	74,5	1	8,7
4385	16.07.2025 17:11:04,000	15,57	0,40	-3,1	4,2	82,6	0	4,3
4386	16.07.2025 17:11:05,000	15,57	0,42	-4,1	5,2	80,7	0	5,4
4387	16.07.2025 17:11:06,000	15,60	0,40	-7,8	8,2	74,0	0	8,8
4388	16.07.2025 17:11:07,000	15,60	0,40	-4,5	5,2	80,3	0	5,4
4389	16.07.2025 17:11:08,000	15,60	0,40	-2,8	4,5	82,7	0	4,6
4390	16.07.2025 17:11:09,000	15,60	0,40	-6,8	7,2	75,9	0	7,6
4391	16.07.2025 17:11:10,000	15,60	0,40	-5,4	7,0	77,7	0	7,3
4392	16.07.2025 17:11:11,000	15,60	0,40	-3,6	4,8	81,6	0	4,9
4393	16.07.2025 17:11:12,000	15,63	0,42	-5,2	6,8	78,0	0	7,1
4394	16.07.2025 17:11:13,000	15,63	0,40	-5,9	7,0	77,1	0	7,3
4395	16.07.2025 17:11:14,000	15,63	0,42	-4,9	4,6	80,5	0	4,8
4396	16.07.2025 17:11:15,000	15,63	0,40	-4,8	6,2	79,0	0	6,4
4397	16.07.2025 17:11:16,000	15,63	0,40	-6,2	6,1	77,7	0	6,4
4398	16.07.2025 17:11:17,000	15,63	0,40	-4,7	5,0	80,3	0	5,2
4399	16.07.2025 17:11:18,000	15,66	0,37	-7,1	6,2	76,7	0	6,6
4400	16.07.2025 17:11:19,000	15,66	0,40	-4,5	5,0	80,5	0	5,2
4401	16.07.2025 17:11:20,000	15,66	0,42	-5,6	6,7	77,7	0	7,0
4402	16.07.2025 17:11:21,000	15,66	0,40	-6,5	6,2	77,3	0	6,5
4403	16.07.2025 17:11:22,000	15,66	0,40	-3,5	4,6	81,9	0	4,8
4404	16.07.2025 17:11:23,000	15,66	0,40	-6,2	6,5	77,3	0	6,8
4405	16.07.2025 17:11:24,000	15,66	0,40	-5,7	7,0	77,3	0	7,3
4406	16.07.2025 17:11:25,000	15,69	0,40	-4,5	5,1	80,4	0	5,3
4407	16.07.2025 17:11:26,000	15,69	0,40	-5,8	5,7	78,5	0	5,9
4408	16.07.2025 17:11:27,000	15,69	0,37	-6,0	7,1	76,9	0	7,5
4409	16.07.2025 17:11:28,000	15,72	0,40	-4,6	5,6	79,8	0	5,8
4410	16.07.2025 17:11:29,000	15,72	0,40	-5,5	6,6	77,9	0	6,9
4411	16.07.2025 17:11:30,000	15,72	0,40	-4,7	5,9	79,5	0	6,1
4412	16.07.2025 17:11:31,000	15,72	0,40	-6,0	7,0	77,0	0	7,3
4413	16.07.2025 17:11:32,000	15,72	0,37	-5,7	5,9	78,4	0	6,2
4414	16.07.2025 17:11:33,000	15,72	0,37	-3,9	5,0	81,1	0	5,2
4415	16.07.2025 17:11:34,000	15,75	0,37	-5,4	7,4	77,2	0	7,8
4416	16.07.2025 17:11:35,000	15,75	0,40	-5,8	5,9	78,3	0	6,2
4417	16.07.2025 17:11:36,000	15,75	0,40	-5,2	5,0	79,8	0	5,2
4418	16.07.2025 17:11:37,000	15,75	0,40	-4,6	6,6	78,8	0	6,9
4419	16.07.2025 17:11:38,000	15,75	0,37	-6,0	6,9	77,0	0	7,3
4420	16.07.2025 17:11:39,000	15,75	0,40	-4,5	6,1	79,4	0	6,3
4421	16.07.2025 17:11:40,000	15,78	0,37	-4,8	6,4	78,8	0	6,7
4422	16.07.2025 17:11:41,000	15,78	0,37	-4,8	6,4	78,8	0	6,7
4423	16.07.2025 17:11:42,000	15,78	0,40	-5,1	6,7	78,2	0	7,0
4424	16.07.2025 17:11:43,000	15,78	0,40	-4,9	5,6	79,5	0	5,8
4425	16.07.2025 17:11:44,000	15,78	0,40	-5,1	6,3	78,5	0	6,6
4426	16.07.2025 17:11:45,000	15,78	0,37	-5,7	6,6	77,6	0	6,9
4427	16.07.2025 17:11:46,000	15,78	0,40	-5,5	6,2	78,3	0	6,4
4428	16.07.2025 17:11:47,000	15,78	0,37	-4,3	6,4	79,3	0	6,6
4429	16.07.2025 17:11:48,000	15,81	0,40	-6,0	6,2	77,8	0	6,5
4430	16.07.2025 17:11:49,000	15,81	0,37	-5,5	6,6	77,8	0	6,9
4431	16.07.2025 17:11:50,000	15,81	0,40	-4,9	6,1	79,0	0	6,3
4432	16.07.2025 17:11:51,000	15,81	0,40	-4,8	5,5	79,7	0	5,7
4433	16.07.2025 17:11:52,000	15,81	0,37	-5,2	5,8	78,9	0	6,1
4434	16.07.2025 17:11:53,000	15,81	0,37	-6,0	6,8	77,2	0	7,1
4435	16.07.2025 17:11:54,000	15,81	0,37	-5,3	4,6	80,1	0	4,7
4436	16.07.2025 17:11:55,000	15,81	0,37	-5,0	6,4	78,6	0	6,6
4437	16.07.2025 17:11:56,000	15,81	0,37	-7,4	6,5	76,1	0	6,8
4438	16.07.2025 17:11:57,000	15,84	0,42	-4,8	5,2	80,0	0	5,4
4439	16.07.2025 17:11:58,000	15,84	0,42	-5,2	6,6	78,2	0	6,9
4440	16.07.2025 17:11:59,000	15,84	0,40	-5,8	5,9	78,3	0	6,2
4441	16.07.2025 17:12:00,000	15,84	0,42	-5,5	5,8	78,7	0	6,1
4442	16.07.2025 17:12:01,000	15,84	0,42	-5,8	5,4	78,8	0	5,6
4443	16.07.2025 17:12:02,000	15,84	0,42	-5,5	5,8	78,7	0	6,0
4444	16.07.2025 17:12:03,000	15,84	0,40	-5,4	6,0	78,6	0	6,2
4445	16.07.2025 17:12:04,000	15,84	0,40	-4,8	6,1	79,1	0	6,3
4446	16.07.2025 17:12:05,000	15,84	0,40	-5,6	6,4	78,0	0	6,7
4447	16.07.2025 17:12:06,000	15,84	0,42	-4,9	6,7	78,4	0	7,0
4448	16.07.2025 17:12:07,000	15,84	0,40	-4,5	5,7	79,8	0	6,0
4449	16.07.2025 17:12:08,000	15,84	0,42	-5,6	6,5	77,9	0	6,8
4450	16.07.2025 17:12:09,000	15,84	0,40	-5,4	6,4	78,2	0	6,7
4451	16.07.2025 17:12:10,000	15,87	0,40	-5,5	5,7	78,8	0	5,9
4452	16.07.2025 17:12:11,000	15,87	0,40	-5,3	4,6	80,1	0	4,8
4453	16.07.2025 17:12:12,000	15,87	0,42	-6,2	6,7	77,2	0	7,0
4454	16.07.2025 17:12:13,000	15,87	0,40	-7,5	5,2	77,3	0	5,5
4455	16.07.2025 17:12:14,000	15,87	0,40	-3,4	3,8	82,9	0	3,9
4456	16.07.2025 17:12:15,000	15,87	0,40	-5,8	8,1	76,1	0	8,6
4457	16.07.2025 17:12:16,000	15,90	0,40	-6,9	6,9	76,2	0	7,3
4458	16.07.2025 17:12:17,000	15,90	0,40	-2,4	4,0	83,6	0	4,1
4459	16.07.2025 17:12:18,000	15,90	0,40	-5,6	7,8	76,5	0	8,2
4460	16.07.2025 17:12:19,000	15,90	0,40	-6,3	7,1	76,6	0	7,5
4461	16.07.2025 17:12:20,000	15,90	0,37	-3,3	5,8	80,9	0	6,0
4462	16.07.2025 17:12:21,000	15,93	0,40	-4,7	6,5	78,8	0	6,7
4463	16.07.2025 17:12:22,000	15,93	0,40	-4,9	7,7	77,5	0	8,0
4464	16.07.2025 17:12:23,000	15,93	0,40	-5,2	6,6	78,2	0	6,9
4465	16.07.2025 17:12:24,000	15,93	0,40	-3,9	5,6	80,4	0	5,8
4466	16.07.2025 17:12:25,000	15,93	0,40	-5,3	6,4	78,2	0	6,7
4467	16.07.2025 17:12:26,000	15,96	0,37	-6,2	7,1	76,7	0	7,4
4468	16.07.2025 17:12:27,000	15,96	0,40	-4,4	5,0	80,6	0	5,2
4469	16.07.2025 17:12:28,000	15,96	0,40	-5,3	6,1	78,6	0	6,4
4470	16.07.2025 17:12:29,000	15,96	0,40	-5,2	6,7	78,0	0	7,0
4471	16.07.2025 17:12:30,000	15,96	0,40	-5,3	7,3	77,4	0	7,7
4472	16.07.2025 17:12:31,000	15,96	0,40	-3,7	5,7	80,6	0	5,9
4473	16.07.2025 17:12:32,000	15,96	0,40	-5,1	6,4	78,4	0	6,7
4474	16.07.2025 17:12:33,000	15,96	0,40	-6,5	7,7	75,7	0	8,2
4475	16.07.2025 17:12:34,000	15,96	0,40	-3,5	5,9	80,5	0	6,1
4476	16.07.2025 17:12:35,000	15,96	0,37	-4,5	5,5	80,0	0	5,7
4477	16.07.2025 17:12:36,000	15,99	0,40	-5,8	7,7	76,5	0	8,1
4478	16.07.2025 17:12:37,000	15,99	0,37	-5,4	7,0	77,6	0	7,3
4479	16.07.2025 17:12:38,000	15,99	0,37	-3,9	5,6	80,5	0	5,8
4480	16.07.2025 17:12:39,000	15,99	0,37	-5,3	6,3	78,4	0	6,6
4481	16.07.2025 17:12:40,000	15,99	0,37	-6,1	5,9	77,9	0	6,2
4482	16.07.2025 17:12:41,000	15,99	0,40	-4,7	5,1	80,2	0	5,3
4483	16.07.2025 17:12:42,000	15,99	0,37	-5,7	6,2	78,1	0	6,5
4484	16.07.2025 17:12:43,000	16,02	0,37	-4,6	6,6	78,8	0	6,9
4485	16.07.2025 17:12:44,000	16,02	0,37	-5,7	6,3	78,0	0	6,6
4486	16.07.2025 17:12:45,000	16,02	0,40	-5,3	5,8	78,9	0	6,1
4487	16.07.2025 17:12:46,000	16,02	0,40	-6,3	6,2	77,5	0	6,5
4488	16.07.2025 17:12:47,000	16,02	0,37	-3,8	5,5	80,7	0	5,7
4489	16.07.2025 17:12:48,000	16,02	0,40	-5,4	7,2	77,5	0	7,5
4490	16.07.2025 17:12:49,000	16,02	0,37	-6,7	6,7	76,6	0	7,1
4491	16.07.2025 17:12:50,000	16,02	0,40	-1,3	4,4	84,3	0	4,5
4492	16.07.2025 17:12:51,000	16,02	0,40	-7,0	8,2	74,8	0	8,7
4493	16.07.2025 17:12:52,000	16,02	0,40	-6,1	7,5	76,4	0	7,9
4494	16.07.2025 17:12:53,000	16,06	0,40	-2,4	4,3	83,3	0	4,4
4495	16.07.2025 17:12:54,000	16,06	0,37	-4,7	7,2	78,1	0	7,5
4496	16.07.2025 17:12:55,000	16,06	0,37	-6,7	7,9	75,4	0	8,4
4497	16.07.2025 17:12:56,000	16,06	0,37	-4,3	4,6	81,1	0	4,8
4498	16.07.2025 17:12:57,000	16,06	0,37	-3,5	6,2	80,2	0	6,4
4499	16.07.2025 17:12:58,000	16,06	0,37	-6,6	7,5	75,9	0	7,9
4500	16.07.2025 17:12:59,000	16,06	0,37	-5,5	6,3	78,2	0	6,6
4501	16.07.2025 17:13:00,000	16,09	0,37	-3,4	5,1	81,5	0	5,2
4502	16.07.2025 17:13:01,000	16,09	0,40	-5,0	8,2	76,8	0	8,6
4503	16.07.2025 17:13:02,000	16,09	0,37	-5,8	7,9	76,3	0	8,3
4504	16.07.2025 17:13:03,000	16,09	0,40	-3,2	4,6	82,2	0	4,7
4505	16.07.2025 17:13:04,000	16,09	0,37	-4,5	7,8	77,7	0	8,1
4506	16.07.2025 17:13:05,000	16,09	0,37	-6,2	7,6	76,3	0	8,0
4507	16.07.2025 17:13:06,000	16,09	0,37	-4,2	6,3	79,6	0	6,5
4508	16.07.2025 17:13:07,000	16,09	0,37	-3,9	6,0	80,1	0	6,2
4509	16.07.2025 17:13:08,000	16,12	0,37	-5,1	7,8	77,2	0	8,1
4510	16.07.2025 17:13:09,000	16,12	0,37	-5,5	7,3	77,1	0	7,7
4511	16.07.2025 17:13:10,000	16,12	0,37	-3,3	5,6	81,1	0	5,7
4512	16.07.2025 17:13:11,000	16,12	0,40	-5,0	6,5	78,5	0	6,8
4513	16.07.2025 17:13:12,000	16,12	0,37	-6,8	7,5	75,7	0	7,9
4514	16.07.2025 17:13:13,000	16,12	0,37	-3,5	4,6	81,9	0	4,7
4515	16.07.2025 17:13:14,000	16,12	0,37	-5,4	5,4	79,2	0	5,7
4516	16.07.2025 17:13:15,000	16,12	0,37	-7,2	6,7	76,1	0	7,1
4517	16.07.2025 17:13:16,000	16,12	0,37	-4,6	5,1	80,3	0	5,3
4518	16.07.2025 17:13:17,000	16,15	0,40	-5,4	4,9	79,7	0	5,1
4519	16.07.2025 17:13:18,000	16,15	0,40	-6,3	6,8	76,9	0	7,1
4520	16.07.2025 17:13:19,000	16,15	0,40	-5,6	6,0	78,3	0	6,3
4521	16.07.2025 17:13:20,000	16,15	0,42	-4,4	5,1	80,5	0	5,3
4522	16.07.2025 17:13:21,000	16,15	0,40	-5,5	7,3	77,2	0	7,6
4523	16.07.2025 17:13:22,000	16,15	0,42	-5,0	6,9	78,1	0	7,2
4524	16.07.2025 17:13:23,000	16,15	0,40	-4,9	5,9	79,2	0	6,1
4525	16.07.2025 17:13:24,000	16,18	0,40	-5,3	6,1	78,6	0	6,3
4526	16.07.2025 17:13:25,000	16,18	0,40	-4,7	6,6	78,7	0	6,9
4527	16.07.2025 17:13:26,000	16,18	0,40	-5,1	6,9	78,1	0	7,2
4528	16.07.2025 17:13:27,000	16,18	0,40	-4,4	6,0	79,6	0	6,3
4529	16.07.2025 17:13:28,000	16,18	0,40	-5,5	7,6	77,0	0	7,9
4530	16.07.2025 17:13:29,000	16,18	0,40	-4,0	5,6	80,4	0	5,8
4531	16.07.2025 17:13:30,000	16,18	0,40	-5,4	6,1	78,5	0	6,4
4532	16.07.2025 17:13:31,000	16,21	0,42	-6,1	6,3	77,6	0	6,6
4533	16.07.2025 17:13:32,000	16,21	0,40	-4,3	5,6	80,1	0	5,8
4534	16.07.2025 17:13:33,000	16,21	0,40	-4,9	6,9	78,2	0	7,2
4535	16.07.2025 17:13:34,000	16,21	0,40	-5,7	6,5	77,7	0	6,8
4536	16.07.2025 17:13:35,000	16,21	0,40	-5,1	6,4	78,5	0	6,7
4537	16.07.2025 17:13:36,000	16,24	0,40	-4,4	5,8	79,8	0	6,0
4538	16.07.2025 17:13:37,000	16,24	0,37	-6,3	6,4	77,3	0	6,7
4539	16.07.2025 17:13:38,000	16,24	0,40	-4,5	6,1	79,4	0	6,4
4540	16.07.2025 17:13:39,000	16,24	0,40	-4,8	6,0	79,2	0	6,2
4541	16.07.2025 17:13:40,000	16,24	0,37	-6,2	6,7	77,1	0	7,1
4542	16.07.2025 17:13:41,000	16,24	0,40	-4,4	5,1	80,5	0	5,2
4543	16.07.2025 17:13:42,000	16,27	0,40	-5,2	6,8	77,9	0	7,1
4544	16.07.2025 17:13:43,000	16,27	0,37	-5,9	6,4	77,7	0	6,7
4545	16.07.2025 17:13:44,000	16,27	0,40	-4,4	4,8	80,8	0	5,0
4546	16.07.2025 17:13:45,000	16,27	0,40	-5,2	6,9	77,9	0	7,2
4547	16.07.2025 17:13:46,000	16,27	0,37	-6,3	6,4	77,2	0	6,7
4548	16.07.2025 17:13:47,000	16,27	0,40	-4,4	5,0	80,6	0	5,2
4549	16.07.2025 17:13:48,000	16,27	0,37	-5,6	5,8	78,5	0	6,1
4550	16.07.2025 17:13:49,000	16,27	0,37	-5,7	7,3	77,0	0	7,7
4551	16.07.2025 17:13:50,000	16,27	0,40	-4,2	5,9	79,9	0	6,1
4552	16.07.2025 17:13:51,000	16,27	0,37	-5,0	6,3	78,7	0	6,6
4553	16.07.2025 17:13:52,000	16,27	0,40	-6,0	6,4	77,6	0	6,7
4554	16.07.2025 17:13:53,000	16,27	0,40	-4,6	5,5	79,9	0	5,7
4555	16.07.2025 17:13:54,000	16,30	0,40	-5,5	6,8	77,7	0	7,1
4556	16.07.2025 17:13:55,000	16,30	0,40	-5,7	6,2	78,1	0	6,5
4557	16.07.2025 17:13:56,000	16,30	0,37	-4,3	5,8	79,9	0	6,0
4558	16.07.2025 17:13:57,000	16,30	0,40	-5,9	6,5	77,6	0	6,8
4559	16.07.2025 17:13:58,000	16,30	0,40	-5,4	7,0	77,6	0	7,4
4560	16.07.2025 17:13:59,000	16,30	0,40	-4,3	5,6	80,0	0	5,8
4561	16.07.2025 17:14:00,000	16,30	0,37	-4,6	6,6	78,7	0	6,9
4562	16.07.2025 17:14:01,000	16,30	0,37	-5,4	7,3	77,3	0	7,7
4563	16.07.2025 17:14:02,000	16,30	0,37	-4,4	7,0	78,5	0	7,3
4564	16.07.2025 17:14:03,000	16,30	0,40	-5,2	5,8	79,0	0	6,1
4565	16.07.2025 17:14:04,000	16,30	0,37	-4,5	6,0	79,5	0	6,3
4566	16.07.2025 17:14:05,000	16,33	0,37	-6,2	7,6	76,2	0	8,0
4567	16.07.2025 17:14:06,000	16,33	0,37	-5,2	5,7	79,2	0	5,9
4568	16.07.2025 17:14:07,000	16,33	0,40	-3,6	5,6	80,9	0	5,8
4569	16.07.2025 17:14:08,000	16,33	0,37	-6,2	7,2	76,5	0	7,6
4570	16.07.2025 17:14:09,000	16,33	0,37	-5,8	6,4	77,8	0	6,7
4571	16.07.2025 17:14:10,000	16,33	0,37	-4,2	5,7	80,2	0	5,9
4572	16.07.2025 17:14:11,000	16,33	0,40	-4,5	5,8	79,6	0	6,1
4573	16.07.2025 17:14:12,000	16,33	0,37	-7,5	7,6	74,9	0	8,1
4574	16.07.2025 17:14:13,000	16,33	0,37	-4,4	4,6	81,0	0	4,7
4575	16.07.2025 17:14:14,000	16,36	0,37	-4,3	5,6	80,1	0	5,8
4576	16.07.2025 17:14:15,000	16,36	0,37	-7,6	8,2	74,1	0	8,8
4577	16.07.2025 17:14:16,000	16,36	0,37	-4,4	5,0	80,6	0	5,2
4578	16.07.2025 17:14:17,000	16,36	0,37	-3,4	4,8	81,9	0	4,9
4579	16.07.2025 17:14:18,000	16,36	0,37	-6,3	8,4	75,3	0	8,8
4580	16.07.2025 17:14:19,000	16,36	0,37	-4,8	7,7	77,5	0	8,0
4581	16.07.2025 17:14:20,000	16,36	0,40	-2,0	5,0	83,0	0	5,0
4582	16.07.2025 17:14:21,000	16,39	0,35	-5,6	8,2	76,2	0	8,6
4583	16.07.2025 17:14:22,000	16,39	0,37	-7,3	7,7	75,0	0	8,2
4584	16.07.2025 17:14:23,000	16,39	0,37	-1,6	3,0	85,3	0	3,1
4585	16.07.2025 17:14:24,000	16,39	0,40	-5,9	7,6	76,4	0	8,0
4586	16.07.2025 17:14:25,000	16,39	0,35	-7,2	7,2	75,6	1	7,6
4587	16.07.2025 17:14:26,000	16,39	0,40	-3,0	4,4	82,6	0	4,5
4588	16.07.2025 17:14:27,000	16,39	0,37	-5,2	6,2	78,6	0	6,5
4589	16.07.2025 17:14:28,000	16,39	0,37	-5,3	7,4	77,4	0	7,7
4590	16.07.2025 17:14:29,000	16,39	0,37	-4,8	7,4	77,8	0	7,7
4591	16.07.2025 17:14:30,000	16,39	0,37	-3,5	5,7	80,8	0	5,9
4592	16.07.2025 17:14:31,000	16,42	0,40	-4,3	7,6	78,1	0	7,9
4593	16.07.2025 17:14:32,000	16,42	0,40	-5,8	8,4	75,8	0	8,8
4594	16.07.2025 17:14:33,000	16,42	0,40	-4,0	5,0	81,1	0	5,1
4595	16.07.2025 17:14:34,000	16,42	0,42	-4,8	6,4	78,8	0	6,7
4596	16.07.2025 17:14:35,000	16,42	0,40	-6,7	7,1	76,2	0	7,5
4597	16.07.2025 17:14:36,000	16,42	0,40	-3,4	5,6	81,0	0	5,7
4598	16.07.2025 17:14:37,000	16,42	0,40	-5,7	6,5	77,9	0	6,8
4599	16.07.2025 17:14:38,000	16,42	0,40	-5,4	6,6	78,0	0	6,9
4600	16.07.2025 17:14:39,000	16,42	0,40	-4,2	4,5	81,3	0	4,6
4601	16.07.2025 17:14:40,000	16,42	0,40	-6,0	7,0	77,0	0	7,4
4602	16.07.2025 17:14:41,000	16,45	0,40	-6,4	6,1	77,5	0	6,4
4603	16.07.2025 17:14:42,000	16,45	0,40	-2,5	5,2	82,4	0	5,3
4604	16.07.2025 17:14:43,000	16,45	0,40	-6,3	7,4	76,3	0	7,7
4605	16.07.2025 17:14:44,000	16,45	0,40	-5,2	7,0	77,8	0	7,3
4606	16.07.2025 17:14:45,000	16,45	0,42	-3,4	5,6	81,0	0	5,8
4607	16.07.2025 17:14:46,000	16,45	0,40	-4,7	7,4	77,9	0	7,7
4608	16.07.2025 17:14:47,000	16,45	0,40	-5,2	7,4	77,4	0	7,7
4609	16.07.2025 17:14:48,000	16,45	0,40	-5,3	6,2	78,5	0	6,5
4610	16.07.2025 17:14:49,000	16,45	0,40	-4,6	5,6	79,8	0	5,8
4611	16.07.2025 17:14:50,000	16,45	0,42	-5,9	5,9	78,2	0	6,2
4612	16.07.2025 17:14:51,000	16,45	0,40	-5,8	6,3	77,9	0	6,6
4613	16.07.2025 17:14:52,000	16,48	0,40	-4,7	5,8	79,5	0	6,1
4614	16.07.2025 17:14:53,000	16,48	0,37	-5,3	6,1	78,6	0	6,4
4615	16.07.2025 17:14:54,000	16,48	0,40	-5,2	6,7	78,1	0	7,0
4616	16.07.2025 17:14:55,000	16,48	0,40	-4,9	6,5	78,5	0	6,8
4617	16.07.2025 17:14:56,000	16,48	0,40	-5,1	6,6	78,3	0	6,9
4618	16.07.2025 17:14:57,000	16,48	0,37	-4,3	6,6	79,2	0	6,8
4619	16.07.2025 17:14:58,000	16,51	0,37	-4,7	6,2	79,1	0	6,4
4620	16.07.2025 17:14:59,000	16,51	0,37	-5,0	7,7	77,2	0	8,1
4621	16.07.2025 17:15:00,000	16,51	0,37	-4,2	6,5	79,4	0	6,7
4622	16.07.2025 17:15:01,000	16,51	0,37	-4,3	6,7	79,0	0	7,0
4623	16.07.2025 17:15:02,000	16,51	0,37	-4,5	7,4	78,1	0	7,7
4624	16.07.2025 17:15:03,000	16,51	0,37	-6,0	8,1	75,9	0	8,5
4625	16.07.2025 17:15:04,000	16,51	0,37	-4,3	5,7	80,0	0	5,9
4626	16.07.2025 17:15:05,000	16,51	0,37	-3,6	6,9	79,5	0	7,1
4627	16.07.2025 17:15:06,000	16,54	0,40	-6,6	8,6	74,9	0	9,0
4628	16.07.2025 17:15:07,000	16,54	0,40	-3,8	6,3	79,9	0	6,5
4629	16.07.2025 17:15:08,000	16,54	0,40	-1,9	5,6	82,5	0	5,7
4630	16.07.2025 17:15:09,000	16,54	0,37	-7,3	9,1	73,6	0	9,7
4631	16.07.2025 17:15:10,000	16,54	0,37	-4,0	5,6	80,4	0	5,8
4632	16.07.2025 17:15:11,000	16,54	0,37	-2,4	5,3	82,2	0	5,5
4633	16.07.2025 17:15:12,000	16,57	0,37	-7,4	8,4	74,2	0	9,0
4634	16.07.2025 17:15:13,000	16,57	0,37	-5,1	6,1	78,8	0	6,4
4635	16.07.2025 17:15:14,000	16,57	0,40	-3,3	4,8	81,9	0	4,9
4636	16.07.2025 17:15:15,000	16,57	0,37	-6,6	6,2	77,3	0	6,5
4637	16.07.2025 17:15:16,000	16,57	0,37	-7,4	7,1	75,5	0	7,5
4638	16.07.2025 17:15:17,000	16,57	0,40	-3,1	3,2	83,7	0	3,2
4639	16.07.2025 17:15:18,000	16,57	0,40	-5,3	6,2	78,6	0	6,4
4640	16.07.2025 17:15:19,000	16,57	0,40	-7,5	8,1	74,4	0	8,6
4641	16.07.2025 17:15:20,000	16,57	0,37	-3,1	4,8	82,1	0	4,9
4642	16.07.2025 17:15:21,000	16,57	0,37	-3,7	6,1	80,2	0	6,3
4643	16.07.2025 17:15:22,000	16,60	0,37	-7,0	7,8	75,2	0	8,3
4644	16.07.2025 17:15:23,000	16,60	0,37	-4,1	5,6	80,3	0	5,8
4645	16.07.2025 17:15:24,000	16,60	0,40	-4,8	6,0	79,1	0	6,3
4646	16.07.2025 17:15:25,000	16,60	0,37	-5,5	7,0	77,5	0	7,3
4647	16.07.2025 17:15:26,000	16,60	0,37	-5,2	5,7	79,2	0	5,9
4648	16.07.2025 17:15:27,000	16,60	0,40	-5,5	5,9	78,5	0	6,2
4649	16.07.2025 17:15:28,000	16,60	0,37	-4,6	5,4	80,0	0	5,5
4650	16.07.2025 17:15:29,000	16,60	0,37	-5,1	6,7	78,2	0	7,0
4651	16.07.2025 17:15:30,000	16,63	0,35	-5,9	7,3	76,8	0	7,6
4652	16.07.2025 17:15:31,000	16,63	0,37	-3,7	5,1	81,2	0	5,3
4653	16.07.2025 17:15:32,000	16,63	0,37	-5,9	6,6	77,4	0	7,0
4654	16.07.2025 17:15:33,000	16,63	0,37	-4,9	7,0	78,1	0	7,3
4655	16.07.2025 17:15:34,000	16,63	0,37	-4,9	6,7	78,3	0	7,0
4656	16.07.2025 17:15:35,000	16,63	0,37	-5,1	5,4	79,5	0	5,6
4657	16.07.2025 17:15:36,000	16,63	0,37	-5,8	5,6	78,6	0	5,9
4658	16.07.2025 17:15:37,000	16,63	0,37	-6,8	6,9	76,3	0	7,3
4659	16.07.2025 17:15:38,000	16,63	0,40	-4,4	5,5	80,1	0	5,7
4660	16.07.2025 17:15:39,000	16,66	0,37	-5,4	6,6	78,0	0	6,9
4661	16.07.2025 17:15:40,000	16,66	0,37	-5,8	7,7	76,4	0	8,1
4662	16.07.2025 17:15:41,000	16,66	0,37	-2,4	4,5	83,1	0	4,6
4663	16.07.2025 17:15:42,000	16,66	0,37	-5,9	7,3	76,8	0	7,6
4664	16.07.2025 17:15:43,000	16,66	0,37	-5,5	7,3	77,2	0	7,6
4665	16.07.2025 17:15:44,000	16,66	0,37	-3,6	4,7	81,6	0	4,9
4666	16.07.2025 17:15:45,000	16,66	0,37	-5,7	5,5	78,8	0	5,7
4667	16.07.2025 17:15:46,000	16,66	0,40	-6,9	6,3	76,9	0	6,6
4668	16.07.2025 17:15:47,000	16,66	0,37	-4,9	5,3	79,7	0	5,6
4669	16.07.2025 17:15:48,000	16,69	0,37	-4,9	5,2	79,9	0	5,4
4670	16.07.2025 17:15:49,000	16,69	0,37	-36,4	10,2	-43,5	0	165,4
4671	16.07.2025 17:15:50,000	16,69	0,37	-55,5	-2,8	-31,7	0	-174,7
4672	16.07.2025 17:15:51,000	16,69	0,37	-56,5	-1,9	-31,6	0	-176,4
4673	16.07.2025 17:15:52,000	16,69	0,37	-54,6	-1,5	-33,9	1	-177,4
4674	16.07.2025 17:15:53,000	16,69	0,37	-59,6	-1,8	-28,5	1	-176,2
4675	16.07.2025 17:15:54,000	16,72	0,37	-56,0	-1,2	-32,8	0	-177,8
4676	16.07.2025 17:15:55,000	16,72	0,40	-74,7	-2,9	-12,4	1	-177,8
4677	16.07.2025 17:15:56,000	16,72	0,37	-17,5	-71,4	-1,2	0	-91,2
4678	16.07.2025 17:15:57,000	16,72	0,37	-19,7	-68,6	-1,7	0	-91,9
4679	16.07.2025 17:15:58,000	16,72	0,40	-19,2	-69,4	-1,4	0	-91,5
4680	16.07.2025 17:15:59,000	16,72	0,40	-16,9	-70,8	-2,3	0	-92,5
4681	16.07.2025 17:16:00,000	16,75	0,40	-18,9	-69,7	-1,4	0	-91,5
4682	16.07.2025 17:16:01,000	16,75	0,40	-19,6	-68,0	-2,4	0	-92,6
4683	16.07.2025 17:16:02,000	16,75	0,40	-17,5	-71,6	-0,8	0	-90,9
4684	16.07.2025 17:16:03,000	16,75	0,40	-19,4	-69,1	-1,6	0	-91,7
4685	16.07.2025 17:16:04,000	16,75	0,40	-19,6	-69,1	-1,3	0	-91,4
4686	16.07.2025 17:16:05,000	16,75	0,37	-17,5	-72,2	-0,3	0	-90,3
4687	16.07.2025 17:16:06,000	16,75	0,37	-19,8	-70,1	0,1	0	-89,9
4688	16.07.2025 17:16:07,000	16,75	0,37	-21,1	-68,5	-0,4	0	-90,4
4689	16.07.2025 17:16:08,000	16,75	0,37	-16,7	-72,9	0,4	0	-89,6
4690	16.07.2025 17:16:09,000	16,75	0,40	-18,8	-69,8	-1,4	0	-91,5
4691	16.07.2025 17:16:10,000	16,75	0,40	-18,9	-68,9	-2,2	0	-92,4
4692	16.07.2025 17:16:11,000	16,78	0,40	-18,3	-69,7	-1,9	0	-92,1
4693	16.07.2025 17:16:12,000	16,78	0,40	-18,0	-70,3	-1,7	0	-91,8
4694	16.07.2025 17:16:13,000	16,78	0,40	-18,4	-71,5	-0,1	0	-90,1
4695	16.07.2025 17:16:14,000	16,78	0,40	-19,8	-69,3	-0,9	0	-90,9
4696	16.07.2025 17:16:15,000	16,78	0,37	-18,3	-71,2	0,4	0	-89,5
4697	16.07.2025 17:16:16,000	16,78	0,37	-19,0	-70,8	0,1	0	-89,9
4698	16.07.2025 17:16:17,000	16,78	0,37	-19,4	-70,0	0,6	0	-89,4
4699	16.07.2025 17:16:18,000	16,78	0,40	-18,6	-71,4	-0,1	0	-90,1
4700	16.07.2025 17:16:19,000	16,78	0,40	-20,0	-69,0	-1,0	0	-91,1
4701	16.07.2025 17:16:20,000	16,78	0,40	-17,5	-71,5	-0,9	0	-91,0
4702	16.07.2025 17:16:21,000	16,81	0,40	-17,8	-70,4	-1,8	0	-91,9
4703	16.07.2025 17:16:22,000	16,81	0,40	-21,1	-66,8	-2,2	0	-92,4
4704	16.07.2025 17:16:23,000	16,81	0,40	-16,7	-71,4	1,8	0	-88,0
4705	16.07.2025 17:16:24,000	16,81	0,37	-53,8	2,0	-34,2	0	176,4
4706	16.07.2025 17:16:25,000	16,81	0,37	-52,9	-8,0	-29,2	0	-164,0
4707	16.07.2025 17:16:26,000	16,81	0,40	-49,1	-4,0	-36,8	0	-173,2
4708	16.07.2025 17:16:27,000	16,81	0,40	-49,3	-4,8	-35,9	1	-171,9
4709	16.07.2025 17:16:28,000	16,81	0,37	-54,4	-4,7	-30,9	0	-171,0
4710	16.07.2025 17:16:29,000	16,81	0,37	-49,3	-12,6	-28,1	0	-155,0
4711	16.07.2025 17:16:30,000	16,81	0,40	-56,8	-3,8	-29,4	0	-172,3
4712	16.07.2025 17:16:31,000	16,84	0,37	-56,7	-3,4	-30,0	0	-173,3
4713	16.07.2025 17:16:32,000	16,84	0,37	-56,9	-4,5	-28,6	0	-170,7
4714	16.07.2025 17:16:33,000	16,84	0,37	-57,2	-2,5	-30,4	0	-175,1
4715	16.07.2025 17:16:34,000	16,84	0,37	-56,2	-4,2	-29,7	0	-171,6
4716	16.07.2025 17:16:35,000	16,84	0,40	-56,9	-5,6	-27,5	0	-168,0
4717	16.07.2025 17:16:36,000	16,84	0,40	-57,2	-3,1	-29,7	0	-173,7
4718	16.07.2025 17:16:37,000	16,84	0,40	-58,1	-3,2	-28,6	0	-173,2
4719	16.07.2025 17:16:38,000	16,87	0,40	-55,0	-5,8	-29,2	0	-168,2
4720	16.07.2025 17:16:39,000	16,87	0,37	-55,0	-5,1	-30,0	0	-170,0
4721	16.07.2025 17:16:40,000	16,87	0,37	-55,4	-6,4	-28,2	0	-166,6
4722	16.07.2025 17:16:41,000	16,87	0,40	-55,4	-6,5	-28,0	0	-166,3
4723	16.07.2025 17:16:42,000	16,87	0,37	-55,2	-5,2	-29,6	0	-169,6
4724	16.07.2025 17:16:43,000	16,87	0,37	-54,9	-6,8	-28,3	0	-166,0
4725	16.07.2025 17:16:44,000	16,87	0,37	-55,4	-6,8	-27,8	0	-165,6
4726	16.07.2025 17:16:45,000	16,87	0,40	-54,9	-5,3	-29,7	0	-169,3
4727	16.07.2025 17:16:46,000	16,90	0,37	-55,7	-5,9	-28,4	0	-167,7
4728	16.07.2025 17:16:47,000	16,90	0,37	-55,6	-7,1	-27,3	0	-164,8
4729	16.07.2025 17:16:48,000	16,90	0,37	-57,4	-3,8	-28,8	0	-172,1
4730	16.07.2025 17:16:49,000	16,90	0,40	-56,2	-4,1	-29,6	0	-171,7
4731	16.07.2025 17:16:50,000	16,90	0,37	-57,3	-3,1	-29,6	0	-173,8
4732	16.07.2025 17:16:51,000	16,90	0,37	-54,3	-6,0	-29,7	1	-168,0
4733	16.07.2025 17:16:52,000	16,90	0,37	-52,0	-10,5	-27,5	0	-158,3
4734	16.07.2025 17:16:53,000	16,93	0,37	-48,9	-3,2	-38,0	0	-174,8
4735	16.07.2025 17:16:54,000	16,93	0,37	-53,8	-3,4	-32,8	0	-173,7
4736	16.07.2025 17:16:55,000	16,93	0,37	-49,2	-5,1	-35,7	0	-171,2
4737	16.07.2025 17:16:56,000	16,93	0,37	-52,5	-5,2	-32,2	1	-170,2
4738	16.07.2025 17:16:57,000	16,93	0,37	-53,7	-5,2	-31,1	0	-170,0
4739	16.07.2025 17:16:58,000	16,93	0,37	-50,8	-7,8	-31,4	0	-165,3
4740	16.07.2025 17:16:59,000	16,93	0,37	-54,9	-5,4	-29,8	0	-169,3
4741	16.07.2025 17:17:00,000	16,96	0,37	-52,7	-5,6	-31,7	0	-169,4
4742	16.07.2025 17:17:01,000	16,96	0,37	-50,4	-7,5	-32,1	0	-166,0
4743	16.07.2025 17:17:02,000	16,96	0,35	-59,3	-5,3	-25,4	0	-167,7
4744	16.07.2025 17:17:03,000	16,96	0,37	0,9	65,1	-24,0	1	114,2
4745	16.07.2025 17:17:04,000	16,96	0,37	12,8	69,0	-8,2	1	99,0
4746	16.07.2025 17:17:05,000	16,96	0,37	-17,2	62,6	-10,2	0	101,8
4747	16.07.2025 17:17:06,000	16,96	0,35	6,6	77,1	-6,3	0	96,6
4748	16.07.2025 17:17:07,000	16,99	0,35	11,7	74,6	3,7	0	86,1
4749	16.07.2025 17:17:08,000	16,99	0,35	7,0	81,1	-1,8	0	91,9
4750	16.07.2025 17:17:09,000	16,99	0,35	-29,5	33,0	-27,5	0	130,4
4751	16.07.2025 17:17:10,000	16,99	0,35	11,0	-8,3	-70,7	1	-171,0
4752	16.07.2025 17:17:11,000	16,99	0,37	0,1	-10,6	-79,3	0	-169,4
4753	16.07.2025 17:17:12,000	16,99	0,35	3,3	-8,0	-78,7	0	-171,8
4754	16.07.2025 17:17:13,000	17,02	0,40	0,0	-10,8	-79,2	0	-169,2
4755	16.07.2025 17:17:14,000	17,02	0,37	0,5	-9,1	-80,4	0	-170,9
4756	16.07.2025 17:17:15,000	17,02	0,37	1,7	-9,0	-79,3	0	-170,8
4757	16.07.2025 17:17:16,000	17,02	0,37	1,9	-8,9	-79,2	0	-170,9
4758	16.07.2025 17:17:17,000	17,02	0,37	0,5	-9,7	-79,7	0	-170,2
4759	16.07.2025 17:17:18,000	17,05	0,40	0,2	-9,8	-80,0	0	-170,2
4760	16.07.2025 17:17:19,000	17,05	0,37	2,4	-7,3	-80,3	0	-172,5
4761	16.07.2025 17:17:20,000	17,05	0,40	0,9	-9,4	-79,7	0	-170,5
4762	16.07.2025 17:17:21,000	17,05	0,40	0,6	-9,6	-79,8	0	-170,3
4763	16.07.2025 17:17:22,000	17,05	0,40	1,6	-7,7	-80,7	0	-172,2
4764	16.07.2025 17:17:23,000	17,05	0,37	2,4	-8,7	-78,9	0	-171,1
4765	16.07.2025 17:17:24,000	17,05	0,37	-0,9	-10,6	-78,5	0	-169,3
4766	16.07.2025 17:17:25,000	17,05	0,37	2,6	-7,5	-79,8	0	-172,3
4767	16.07.2025 17:17:26,000	17,05	0,40	1,7	-7,5	-80,8	0	-172,4
4768	16.07.2025 17:17:27,000	17,05	0,37	-1,6	-10,4	-78,0	0	-169,4
4769	16.07.2025 17:17:28,000	17,08	0,40	2,3	-7,1	-80,6	0	-172,7
4770	16.07.2025 17:17:29,000	17,08	0,37	2,1	-7,5	-80,4	0	-172,4
4771	16.07.2025 17:17:30,000	17,08	0,37	-1,0	-10,3	-78,6	0	-169,6
4772	16.07.2025 17:17:31,000	17,08	0,37	3,1	-6,7	-80,2	0	-173,1
4773	16.07.2025 17:17:32,000	17,11	0,37	2,0	-7,4	-80,6	0	-172,5
4774	16.07.2025 17:17:33,000	17,11	0,37	-1,6	-10,3	-78,0	0	-169,5
4775	16.07.2025 17:17:34,000	17,11	0,37	2,5	-7,1	-80,4	0	-172,7
4776	16.07.2025 17:17:35,000	17,11	0,37	2,5	-7,9	-79,6	0	-171,9
4777	16.07.2025 17:17:36,000	17,11	0,37	-0,1	-10,0	-79,9	0	-170,0
4778	16.07.2025 17:17:37,000	17,11	0,37	1,9	-7,9	-80,2	0	-171,9
4779	16.07.2025 17:17:38,000	17,11	0,37	2,4	-8,1	-79,4	0	-171,7
4780	16.07.2025 17:17:39,000	17,11	0,37	0,5	-8,6	-80,9	0	-171,4
4781	16.07.2025 17:17:40,000	17,11	0,37	1,0	-8,4	-80,6	0	-171,5
4782	16.07.2025 17:17:41,000	17,11	0,37	1,4	-7,7	-80,9	0	-172,2
4783	16.07.2025 17:17:42,000	17,14	0,37	1,3	-6,7	-82,0	0	-173,2
4784	16.07.2025 17:17:43,000	17,14	0,37	-0,8	-8,6	-80,6	0	-171,3
4785	16.07.2025 17:17:44,000	17,14	0,37	2,1	-7,7	-80,2	0	-172,1
4786	16.07.2025 17:17:45,000	17,14	0,37	1,2	-7,5	-81,3	0	-172,4
4787	16.07.2025 17:17:46,000	17,14	0,37	0,4	-8,2	-81,4	0	-171,8
4788	16.07.2025 17:17:47,000	17,14	0,37	1,0	-8,0	-81,1	0	-171,9
4789	16.07.2025 17:17:48,000	17,14	0,37	1,0	-7,4	-81,6	0	-172,5
4790	16.07.2025 17:17:49,000	17,17	0,37	0,8	-8,3	-80,9	0	-171,6
4791	16.07.2025 17:17:50,000	17,17	0,37	2,7	-7,4	-79,9	0	-172,4
4792	16.07.2025 17:17:51,000	17,17	0,35	0,8	-9,3	-79,9	0	-170,6
4793	16.07.2025 17:17:52,000	17,17	0,37	1,5	-8,8	-79,7	0	-171,1
4794	16.07.2025 17:17:53,000	17,17	0,37	3,1	-6,6	-80,3	0	-173,2
4795	16.07.2025 17:17:54,000	17,17	0,37	-0,2	-10,4	-79,3	0	-169,6
4796	16.07.2025 17:17:55,000	17,17	0,37	1,8	-8,2	-79,9	0	-171,6
4797	16.07.2025 17:17:56,000	17,20	0,37	3,8	-7,5	-78,7	0	-172,3
4798	16.07.2025 17:17:57,000	17,20	0,37	-1,1	-9,7	-79,2	0	-170,2
4799	16.07.2025 17:17:58,000	17,20	0,35	2,4	-8,0	-79,5	0	-171,8
4800	16.07.2025 17:17:59,000	17,20	0,37	2,4	-7,1	-80,5	0	-172,8
4801	16.07.2025 17:18:00,000	17,20	0,37	0,4	-10,0	-79,6	0	-170,0
4802	16.07.2025 17:18:01,000	17,20	0,35	1,0	-8,4	-80,6	0	-171,5
4803	16.07.2025 17:18:02,000	17,20	0,37	2,9	-6,2	-80,9	0	-173,7
4804	16.07.2025 17:18:03,000	17,20	0,37	0,3	-9,1	-80,6	0	-170,9
4805	16.07.2025 17:18:04,000	17,20	0,35	-0,4	-9,2	-80,4	0	-170,7
4806	16.07.2025 17:18:05,000	17,23	0,37	3,4	-5,5	-81,0	0	-174,3
4807	16.07.2025 17:18:06,000	17,23	0,35	0,6	-8,4	-81,0	0	-171,5
4808	16.07.2025 17:18:07,000	17,23	0,35	-0,4	-9,4	-80,2	0	-170,6
4809	16.07.2025 17:18:08,000	17,23	0,35	3,5	-6,1	-80,3	0	-173,7
4810	16.07.2025 17:18:09,000	17,23	0,37	0,9	-8,6	-80,6	0	-171,4
4811	16.07.2025 17:18:10,000	17,23	0,37	0,0	-9,2	-80,8	0	-170,8
4812	16.07.2025 17:18:11,000	17,26	0,35	3,5	-7,0	-79,5	0	-172,8
4813	16.07.2025 17:18:12,000	17,26	0,37	-0,4	-8,8	-80,8	0	-171,2
4814	16.07.2025 17:18:13,000	17,26	0,37	1,3	-7,4	-81,3	0	-172,5
4815	16.07.2025 17:18:14,000	17,26	0,35	2,1	-6,9	-81,0	0	-172,9
4816	16.07.2025 17:18:15,000	17,26	0,37	0,3	-8,6	-81,0	0	-171,3
4817	16.07.2025 17:18:16,000	17,26	0,37	2,0	-8,2	-79,9	0	-171,7
4818	16.07.2025 17:18:17,000	17,26	0,37	1,7	-7,5	-80,7	0	-172,3
4819	16.07.2025 17:18:18,000	17,26	0,37	1,2	-7,7	-81,1	0	-172,2
4820	16.07.2025 17:18:19,000	17,26	0,37	0,5	-8,4	-81,1	0	-171,6
4821	16.07.2025 17:18:20,000	17,29	0,37	1,0	-7,5	-81,5	0	-172,4
4822	16.07.2025 17:18:21,000	17,29	0,37	2,7	-6,4	-80,9	0	-173,4
4823	16.07.2025 17:18:22,000	17,29	0,35	0,6	-8,9	-80,4	0	-171,0
4824	16.07.2025 17:18:23,000	17,29	0,35	-0,2	-9,3	-80,4	0	-170,6
4825	16.07.2025 17:18:24,000	17,29	0,35	3,7	-6,1	-80,1	0	-173,7
4826	16.07.2025 17:18:25,000	17,29	0,35	1,0	-9,1	-79,9	0	-170,8
4827	16.07.2025 17:18:26,000	17,29	0,35	0,4	-9,3	-80,4	0	-170,7
4828	16.07.2025 17:18:27,000	17,29	0,35	2,5	-7,1	-80,4	0	-172,7
4829	16.07.2025 17:18:28,000	17,29	0,35	2,8	-7,3	-79,9	0	-172,5
4830	16.07.2025 17:18:29,000	17,29	0,35	0,2	-10,3	-79,4	0	-169,6
4831	16.07.2025 17:18:30,000	17,29	0,35	1,1	-8,7	-80,2	0	-171,2
4832	16.07.2025 17:18:31,000	17,32	0,37	3,6	-7,0	-79,4	0	-172,8
4833	16.07.2025 17:18:32,000	17,32	0,37	1,8	-8,5	-79,8	0	-171,4
4834	16.07.2025 17:18:33,000	17,32	0,40	0,4	-9,2	-80,4	0	-170,8
4835	16.07.2025 17:18:34,000	17,32	0,37	2,1	-8,2	-79,8	0	-171,7
4836	16.07.2025 17:18:35,000	17,32	0,37	3,4	-7,8	-78,8	0	-172,0
4837	16.07.2025 17:18:36,000	17,32	0,40	-0,7	-9,7	-79,7	0	-170,3
4838	16.07.2025 17:18:37,000	17,32	0,37	2,4	-7,6	-80,0	0	-172,2
4839	16.07.2025 17:18:38,000	17,35	0,40	1,1	-7,4	-81,6	0	-172,5
4840	16.07.2025 17:18:39,000	17,35	0,37	0,8	-8,3	-80,9	0	-171,7
4841	16.07.2025 17:18:40,000	17,35	0,37	1,8	-8,0	-80,2	0	-171,8
4842	16.07.2025 17:18:41,000	17,35	0,37	1,8	-7,7	-80,5	0	-172,1
4843	16.07.2025 17:18:42,000	17,35	0,37	2,1	-8,5	-79,4	0	-171,3
4844	16.07.2025 17:18:43,000	17,35	0,37	2,0	-8,4	-79,7	0	-171,5
4845	16.07.2025 17:18:44,000	17,35	0,37	1,4	-9,4	-79,3	0	-170,5
4846	16.07.2025 17:18:45,000	17,35	0,37	2,1	-7,4	-80,6	0	-172,5
4847	16.07.2025 17:18:46,000	17,38	0,37	0,9	-7,3	-81,8	0	-172,6
4848	16.07.2025 17:18:47,000	17,38	0,37	0,7	-8,3	-81,0	0	-171,7
4849	16.07.2025 17:18:48,000	17,38	0,37	0,4	-8,2	-81,4	0	-171,7
4850	16.07.2025 17:18:49,000	17,38	0,40	4,5	-2,6	-82,8	0	-177,3
4851	16.07.2025 17:18:50,000	17,38	0,37	-1,2	-7,4	-81,4	0	-172,5
4852	16.07.2025 17:18:51,000	17,38	0,37	2,8	-5,0	-82,2	0	-174,9
4853	16.07.2025 17:18:52,000	17,38	0,37	3,3	-4,5	-82,2	0	-175,4
4854	16.07.2025 17:18:53,000	17,38	0,37	1,1	-6,6	-82,4	0	-173,4
4855	16.07.2025 17:18:54,000	17,41	0,37	1,8	-6,2	-81,9	0	-173,7
4856	16.07.2025 17:18:55,000	17,41	0,37	2,3	-5,7	-82,0	0	-174,2
4857	16.07.2025 17:18:56,000	17,41	0,37	2,8	-3,7	-83,5	0	-176,2
4858	16.07.2025 17:18:57,000	17,41	0,40	0,8	-7,0	-82,2	0	-173,0
4859	16.07.2025 17:18:58,000	17,41	0,37	2,0	-5,5	-82,5	0	-174,4
4860	16.07.2025 17:18:59,000	17,41	0,37	3,0	-4,7	-82,3	0	-175,2
4861	16.07.2025 17:19:00,000	17,44	0,37	1,1	-5,9	-82,9	0	-174,0
4862	16.07.2025 17:19:01,000	17,44	0,37	2,1	-4,6	-83,3	0	-175,3
4863	16.07.2025 17:19:02,000	17,44	0,37	0,9	-6,3	-82,9	0	-173,7
4864	16.07.2025 17:19:03,000	17,44	0,37	3,1	-5,7	-81,2	0	-174,2
4865	16.07.2025 17:19:04,000	17,44	0,37	2,4	-5,6	-82,0	0	-174,3
4866	16.07.2025 17:19:05,000	17,44	0,37	1,1	-7,0	-82,0	0	-173,0
4867	16.07.2025 17:19:06,000	17,44	0,37	3,1	-4,7	-82,2	0	-175,2
4868	16.07.2025 17:19:07,000	17,44	0,37	2,3	-6,0	-81,8	0	-173,9
4869	16.07.2025 17:19:08,000	17,44	0,37	0,5	-5,9	-83,6	0	-174,1
4870	16.07.2025 17:19:09,000	17,47	0,37	2,3	-5,0	-82,7	0	-174,9
4871	16.07.2025 17:19:10,000	17,47	0,37	2,6	-3,8	-83,7	0	-176,1
4872	16.07.2025 17:19:11,000	17,47	0,37	-0,7	-7,1	-82,2	0	-172,8
4873	16.07.2025 17:19:12,000	17,47	0,37	2,5	-5,2	-82,3	0	-174,7
4874	16.07.2025 17:19:13,000	17,47	0,37	3,6	-4,8	-81,6	0	-175,1
4875	16.07.2025 17:19:14,000	17,50	0,35	1,1	-5,0	-84,0	0	-175,0
4876	16.07.2025 17:19:15,000	17,50	0,35	3,3	-3,8	-82,9	0	-176,1
4877	16.07.2025 17:19:16,000	17,50	0,37	3,5	-4,5	-82,0	0	-175,4
4878	16.07.2025 17:19:17,000	17,50	0,37	1,7	-6,1	-82,2	0	-173,8
4879	16.07.2025 17:19:18,000	17,50	0,35	4,1	-3,4	-82,6	0	-176,5
4880	16.07.2025 17:19:19,000	17,50	0,37	2,3	-5,2	-82,5	0	-174,7
4881	16.07.2025 17:19:20,000	17,50	0,35	0,8	-5,9	-83,3	0	-174,0
4882	16.07.2025 17:19:21,000	17,50	0,37	4,7	-1,9	-83,4	0	-178,1
4883	16.07.2025 17:19:22,000	17,50	0,35	3,0	-4,5	-82,5	0	-175,4
4884	16.07.2025 17:19:23,000	17,53	0,35	-1,3	-7,9	-80,8	1	-172,0
4885	16.07.2025 17:19:24,000	17,53	0,35	4,6	-0,9	-84,5	0	-179,1
4886	16.07.2025 17:19:25,000	17,53	0,35	4,1	-2,2	-83,7	0	-177,8
4887	16.07.2025 17:19:26,000	17,53	0,37	-3,6	-9,1	-77,3	1	-170,5
4888	16.07.2025 17:19:27,000	17,53	0,37	4,9	-1,7	-83,4	0	-178,3
4889	16.07.2025 17:19:28,000	17,53	0,37	4,3	-2,8	-82,9	0	-177,1
4890	16.07.2025 17:19:29,000	17,53	0,37	-1,5	-8,8	-79,7	1	-171,1
4891	16.07.2025 17:19:30,000	17,53	0,37	4,5	-2,1	-83,5	0	-177,9
4892	16.07.2025 17:19:31,000	17,53	0,37	4,4	-2,9	-82,7	0	-177,0
4893	16.07.2025 17:19:32,000	17,53	0,37	0,1	-6,8	-83,1	0	-173,2
4894	16.07.2025 17:19:33,000	17,56	0,35	1,9	-3,6	-84,5	0	-176,4
4895	16.07.2025 17:19:34,000	17,56	0,37	4,8	-2,7	-82,5	0	-177,2
4896	16.07.2025 17:19:35,000	17,56	0,35	0,2	-6,3	-83,5	0	-173,7
4897	16.07.2025 17:19:36,000	17,56	0,35	1,2	-4,8	-84,0	0	-175,1
4898	16.07.2025 17:19:37,000	17,56	0,35	4,8	-0,8	-84,4	0	-179,2
4899	16.07.2025 17:19:38,000	17,59	0,37	-0,5	-5,7	-83,8	0	-174,3
4900	16.07.2025 17:19:39,000	17,59	0,35	1,6	-4,4	-84,0	0	-175,5
4901	16.07.2025 17:19:40,000	17,59	0,35	4,5	-2,5	-83,0	0	-177,4
4902	16.07.2025 17:19:41,000	17,59	0,35	-0,1	-5,9	-84,0	0	-174,1
4903	16.07.2025 17:19:42,000	17,59	0,35	3,3	-3,2	-83,5	0	-176,8
4904	16.07.2025 17:19:43,000	17,59	0,37	1,9	-3,9	-84,2	0	-176,0
4905	16.07.2025 17:19:44,000	17,59	0,35	1,3	-4,1	-84,6	0	-175,8
4906	16.07.2025 17:19:45,000	17,59	0,35	1,7	-3,7	-84,6	0	-176,2
4907	16.07.2025 17:19:46,000	17,59	0,35	3,6	-2,8	-83,6	0	-177,1
4908	16.07.2025 17:19:47,000	17,62	0,40	0,6	-5,4	-84,0	0	-174,5
4909	16.07.2025 17:19:48,000	17,62	0,37	1,6	-4,1	-84,3	0	-175,8
4910	16.07.2025 17:19:49,000	17,62	0,37	5,6	-2,6	-81,9	0	-177,3
4911	16.07.2025 17:19:50,000	17,62	0,37	1,5	-6,4	-82,2	0	-173,5
4912	16.07.2025 17:19:51,000	17,62	0,40	0,2	-6,0	-83,8	0	-174,0
4913	16.07.2025 17:19:52,000	17,62	0,37	6,1	-2,1	-81,9	0	-177,9
4914	16.07.2025 17:19:53,000	17,65	0,37	0,2	-4,8	-85,0	0	-175,2
4915	16.07.2025 17:19:54,000	17,65	0,37	-0,1	-5,5	-84,5	0	-174,5
4916	16.07.2025 17:19:55,000	17,65	0,37	2,8	-2,8	-84,4	0	-177,2
4917	16.07.2025 17:19:56,000	17,65	0,37	4,4	-2,8	-82,8	0	-177,1
4918	16.07.2025 17:19:57,000	17,65	0,37	-2,3	-7,1	-80,7	1	-172,8
4919	16.07.2025 17:19:58,000	17,65	0,37	4,4	-2,5	-83,2	0	-177,5
4920	16.07.2025 17:19:59,000	17,65	0,37	4,4	-3,8	-81,8	0	-176,1
4921	16.07.2025 17:20:00,000	17,65	0,37	-2,1	-7,0	-80,9	0	-172,9
4922	16.07.2025 17:20:01,000	17,65	0,37	3,7	-2,5	-83,8	0	-177,4
4923	16.07.2025 17:20:02,000	17,65	0,37	3,4	-3,1	-83,5	0	-176,8
4924	16.07.2025 17:20:03,000	17,68	0,37	-1,1	-3,6	-85,2	0	-176,3
4925	16.07.2025 17:20:04,000	17,68	0,37	2,1	-4,7	-83,2	0	-175,3
4926	16.07.2025 17:20:05,000	17,68	0,37	3,2	-2,0	-84,8	0	-177,9
4927	16.07.2025 17:20:06,000	17,68	0,35	1,3	-3,8	-84,8	0	-176,1
4928	16.07.2025 17:20:07,000	17,68	0,35	-0,3	-5,1	-84,6	0	-174,9
4929	16.07.2025 17:20:08,000	17,68	0,37	4,6	-1,5	-83,9	0	-178,5
4930	16.07.2025 17:20:09,000	17,68	0,37	0,5	-5,0	-84,4	0	-174,9
4931	16.07.2025 17:20:10,000	17,68	0,37	1,2	-4,5	-84,4	0	-175,5
4932	16.07.2025 17:20:11,000	17,71	0,37	3,9	-2,3	-83,7	0	-177,6
4933	16.07.2025 17:20:12,000	17,71	0,37	2,0	-5,1	-82,9	0	-174,9
4934	16.07.2025 17:20:13,000	17,71	0,37	0,3	-5,5	-84,2	0	-174,4
4935	16.07.2025 17:20:14,000	17,71	0,37	4,7	-2,2	-83,1	0	-177,8
4936	16.07.2025 17:20:15,000	17,71	0,37	1,8	-4,6	-83,6	0	-175,4
4937	16.07.2025 17:20:16,000	17,71	0,37	1,5	-4,9	-83,6	0	-175,1
4938	16.07.2025 17:20:17,000	17,74	0,37	4,0	-3,5	-82,5	0	-176,4
4939	16.07.2025 17:20:18,000	17,74	0,37	3,0	-4,9	-82,1	0	-175,0
4940	16.07.2025 17:20:19,000	17,74	0,37	1,7	-5,3	-83,0	0	-174,6
4941	16.07.2025 17:20:20,000	17,74	0,40	3,6	-4,0	-82,5	0	-175,9
4942	16.07.2025 17:20:21,000	17,74	0,37	2,6	-3,3	-84,1	0	-176,6
4943	16.07.2025 17:20:22,000	17,74	0,37	1,1	-4,9	-84,0	0	-175,1
4944	16.07.2025 17:20:23,000	17,74	0,37	1,5	-2,7	-85,8	0	-177,3
4945	16.07.2025 17:20:24,000	17,74	0,37	2,3	-2,8	-84,9	0	-177,2
4946	16.07.2025 17:20:25,000	17,74	0,35	0,5	-3,2	-86,3	0	-176,8
4947	16.07.2025 17:20:26,000	17,74	0,37	1,2	-2,3	-86,5	0	-177,6
4948	16.07.2025 17:20:27,000	17,74	0,35	2,4	-2,5	-85,1	0	-177,4
4949	16.07.2025 17:20:28,000	17,77	0,37	0,3	-4,0	-85,7	0	-176,0
4950	16.07.2025 17:20:29,000	17,77	0,37	2,2	-2,6	-85,2	0	-177,3
4951	16.07.2025 17:20:30,000	17,77	0,37	3,1	-3,6	-83,3	0	-176,3
4952	16.07.2025 17:20:31,000	17,77	0,37	0,7	-4,9	-84,4	0	-175,1
4953	16.07.2025 17:20:32,000	17,77	0,35	3,6	-3,5	-82,9	0	-176,4
4954	16.07.2025 17:20:33,000	17,77	0,35	1,8	-4,2	-84,1	0	-175,8
4955	16.07.2025 17:20:34,000	17,77	0,35	2,0	-3,7	-84,3	0	-176,2
4956	16.07.2025 17:20:35,000	17,77	0,37	2,7	-3,3	-84,0	0	-176,6
4957	16.07.2025 17:20:36,000	17,77	0,37	1,5	-4,2	-84,3	0	-175,7
4958	16.07.2025 17:20:37,000	17,77	0,37	3,3	-3,1	-83,6	0	-176,8
4959	16.07.2025 17:20:38,000	17,77	0,37	0,5	-4,8	-84,8	0	-175,2
4960	16.07.2025 17:20:39,000	17,80	0,37	3,0	-3,1	-84,0	0	-176,9
4961	16.07.2025 17:20:40,000	17,80	0,37	2,6	-2,8	-84,6	0	-177,2
4962	16.07.2025 17:20:41,000	17,80	0,37	0,5	-5,0	-84,5	0	-175,0
4963	16.07.2025 17:20:42,000	17,80	0,35	2,7	-2,9	-84,4	0	-177,0
4964	16.07.2025 17:20:43,000	17,80	0,37	2,6	-2,8	-84,6	0	-177,1
4965	16.07.2025 17:20:44,000	17,80	0,37	0,7	-5,2	-84,1	0	-174,8
4966	16.07.2025 17:20:45,000	17,80	0,37	3,6	-3,1	-83,3	0	-176,8
4967	16.07.2025 17:20:46,000	17,80	0,37	2,5	-3,3	-84,2	0	-176,6
4968	16.07.2025 17:20:47,000	17,83	0,37	0,6	-5,1	-84,3	0	-174,8
4969	16.07.2025 17:20:48,000	17,83	0,37	3,2	-2,8	-84,0	0	-177,1
4970	16.07.2025 17:20:49,000	17,83	0,35	2,6	-2,1	-85,3	0	-177,8
4971	16.07.2025 17:20:50,000	17,83	0,35	0,6	-5,4	-84,0	0	-174,5
4972	16.07.2025 17:20:51,000	17,83	0,37	0,6	-4,0	-85,4	0	-176,0
4973	16.07.2025 17:20:52,000	17,83	0,37	4,7	0,3	-85,1	0	179,7
4974	16.07.2025 17:20:53,000	17,83	0,37	0,6	-5,7	-83,7	0	-174,3
4975	16.07.2025 17:20:54,000	17,83	0,37	0,1	-4,3	-85,7	0	-175,7
4976	16.07.2025 17:20:55,000	17,86	0,35	4,4	-1,7	-84,0	0	-178,3
4977	16.07.2025 17:20:56,000	17,86	0,35	0,8	-5,6	-83,7	0	-174,4
4978	16.07.2025 17:20:57,000	17,86	0,37	2,6	-3,7	-83,7	0	-176,2
4979	16.07.2025 17:20:58,000	17,86	0,37	3,1	-4,3	-82,6	0	-175,6
4980	16.07.2025 17:20:59,000	17,86	0,37	2,0	-5,1	-82,9	0	-174,8
4981	16.07.2025 17:21:00,000	17,86	0,37	4,5	-4,4	-81,0	0	-175,4
4982	16.07.2025 17:21:01,000	17,86	0,37	3,2	-5,5	-81,3	0	-174,3
4983	16.07.2025 17:21:02,000	17,86	0,37	2,8	-4,9	-82,4	0	-175,0
4984	16.07.2025 17:21:03,000	17,86	0,37	2,6	-5,1	-82,4	0	-174,8
4985	16.07.2025 17:21:04,000	17,89	0,35	3,6	-4,3	-82,1	0	-175,6
4986	16.07.2025 17:21:05,000	17,89	0,35	1,5	-2,9	-85,6	0	-177,1
4987	16.07.2025 17:21:06,000	17,89	0,35	1,6	-3,4	-84,9	0	-176,5
4988	16.07.2025 17:21:07,000	17,89	0,35	1,5	-2,3	-86,2	0	-177,7
4989	16.07.2025 17:21:08,000	17,89	0,37	1,4	-2,1	-86,5	0	-177,9
4990	16.07.2025 17:21:09,000	17,89	0,37	-0,5	-3,9	-85,6	0	-176,1
4991	16.07.2025 17:21:10,000	17,89	0,35	2,9	-2,2	-84,9	0	-177,8
4992	16.07.2025 17:21:11,000	17,89	0,35	2,7	-2,4	-84,9	0	-177,5
4993	16.07.2025 17:21:12,000	17,92	0,40	-0,5	-6,4	-83,1	0	-173,5
4994	16.07.2025 17:21:13,000	17,92	0,37	3,5	-1,6	-84,9	0	-178,3
4995	16.07.2025 17:21:14,000	17,92	0,37	3,4	-3,3	-83,4	0	-176,6
4996	16.07.2025 17:21:15,000	17,92	0,37	-1,0	-6,0	-83,1	0	-174,0
4997	16.07.2025 17:21:16,000	17,92	0,37	3,2	-2,3	-84,5	0	-177,7
4998	16.07.2025 17:21:17,000	17,92	0,40	3,2	-1,5	-85,3	0	-178,5
4999	16.07.2025 17:21:18,000	17,92	0,37	-0,2	-5,4	-84,5	0	-174,6
5000	16.07.2025 17:21:19,000	17,92	0,37	0,4	-4,5	-85,0	0	-175,4
5001	16.07.2025 17:21:20,000	17,95	0,37	6,0	-1,3	-82,7	0	-178,7
5002	16.07.2025 17:21:21,000	17,95	0,37	1,5	-6,1	-82,4	0	-173,8
5003	16.07.2025 17:21:22,000	17,95	0,37	0,7	-6,5	-82,8	0	-173,4
5004	16.07.2025 17:21:23,000	17,95	0,37	5,2	-2,3	-82,5	0	-177,7
5005	16.07.2025 17:21:24,000	17,95	0,37	2,5	-3,9	-83,6	0	-176,0
5006	16.07.2025 17:21:25,000	17,95	0,40	-0,4	-5,8	-83,7	0	-174,1
5007	16.07.2025 17:21:26,000	17,95	0,37	2,9	-2,8	-84,4	0	-177,2
5008	16.07.2025 17:21:27,000	17,95	0,37	2,6	-2,5	-84,8	0	-177,4
5009	16.07.2025 17:21:28,000	17,95	0,37	0,7	-2,6	-86,7	0	-177,4
5010	16.07.2025 17:21:29,000	17,95	0,35	7,6	30,3	52,1	0	33,0
5011	16.07.2025 17:21:30,000	17,98	0,35	-10,6	-69,7	9,7	0	-79,5
5012	16.07.2025 17:21:31,000	17,98	0,35	-53,6	5,7	30,7	0	11,2
5013	16.07.2025 17:21:32,000	18,13	0,28	13,3	46,2	30,4	0	54,5
5014	16.07.2025 17:21:33,000	18,28	0,24	-43,0	21,2	25,7	1	40,0
5015	16.07.2025 17:21:34,000	18,46	0,26	-44,6	18,6	26,8	0	35,5
5016	16.07.2025 17:21:35,000	18,52	0,26	-8,2	66,4	15,4	0	73,3
5017	16.07.2025 17:21:36,000	18,52	0,28	-61,1	-0,4	28,6	0	-0,8
5018	16.07.2025 17:21:37,000	18,52	0,31	-12,4	-17,3	60,3	1	-19,6
5019	16.07.2025 17:21:38,000	18,52	0,28	58,6	-14,7	16,7	1	-41,3
5020	16.07.2025 17:21:39,000	18,58	0,26	51,5	-26,8	11,7	1	-65,6
5021	16.07.2025 17:21:40,000	18,70	0,24	50,2	-30,8	-8,9	0	-107,0
5022	16.07.2025 17:21:41,000	18,82	0,22	29,7	-43,4	-16,9	0	-113,5
5023	16.07.2025 17:21:42,000	18,99	0,19	34,4	-36,8	-18,8	0	-118,7
5024	16.07.2025 17:21:43,000	19,23	0,15	32,0	-38,0	-20,0	0	-119,5
5025	16.07.2025 17:21:44,000	19,50	0,13	30,4	-39,4	-20,2	0	-119,0
5026	16.07.2025 17:21:45,000	19,73	0,13	1,9	-55,4	32,7	1	-56,6
5027	16.07.2025 17:21:46,000	20,00	0,15	-0,1	-67,3	22,5	0	-67,4
5028	16.07.2025 17:21:47,000	20,18	0,15	34,1	-39,5	-16,4	0	-114,3
5029	16.07.2025 17:21:48,000	20,26	0,15	5,9	-74,6	9,5	0	-80,0
5030	16.07.2025 17:21:49,000	20,32	0,15	-47,1	-28,4	14,5	0	-62,0
5031	16.07.2025 17:21:50,000	20,41	0,17	-83,0	0,9	-6,0	1	-62,0
