#B	Created:	23.07.2025 19:19:49
##	Version	SeaStar	9.59
#5	Field separation:	0
#2	Date & Time:	1
#6	Decimal point:	,
#7	Date def.:	dd.mm.yyyy	.
#8	Time def.:	:
##	Axis	0	Temperature(°C)	clRed	FALSE
##	Axis	1	Pressure(Bar)	clBlue	FALSE
##	Axis	2	Angle(°)	clGreen	FALSE
##	Axis	3	EAL	clSkyBlue	FALSE
##	Axis	4	Roll(°)	$00404080	FALSE
##	Series	0	Temp(°C)	clRed	0	Temp(°C)	2
##	Series	1	Press(Bar)	clBlue	1	Press(Bar)	2
##	Series	2	Tilt-X(°)	clGreen	2	Tilt-X(°)	1
##	Series	3	Tilt-Y(°)	$00404080	2	Tilt-Y(°)	1
##	Series	4	Tilt-Z(°)	$00FF0080	2	Tilt-Z(°)	1
##	Series	5	EAL	clSkyBlue	3	EAL	0
##	Series	6	Roll(°)	$00404080	4	Roll(°)	1
##	Recorder	73	DST tilt	1177
##	Chart	73H1177DAT	
#D	Data:	2672	23.07.2025 18:34:00	23.07.2025 19:18:31
1	23.07.2025 18:34:00,000	17,53	0,22	68,1	20,5	1,5	0	85,8
2	23.07.2025 18:34:01,000	17,53	0,19	68,1	21,0	-1,0	0	85,8
3	23.07.2025 18:34:02,000	17,53	0,22	65,8	21,8	2,4	0	85,8
4	23.07.2025 18:34:03,000	17,53	0,22	65,4	19,2	5,3	0	85,8
5	23.07.2025 18:34:04,000	17,53	0,19	64,4	21,8	-3,8	0	85,8
6	23.07.2025 18:34:05,000	17,53	0,22	67,6	19,3	3,1	0	85,8
7	23.07.2025 18:34:06,000	17,53	0,19	62,3	20,6	7,0	0	85,8
8	23.07.2025 18:34:07,000	17,53	0,19	67,6	20,7	1,8	0	85,8
9	23.07.2025 18:34:08,000	17,53	0,22	65,0	21,0	-4,1	0	85,8
10	23.07.2025 18:34:09,000	17,53	0,19	62,4	21,7	5,9	0	85,8
11	23.07.2025 18:34:10,000	17,50	0,22	66,8	21,5	1,7	0	85,8
12	23.07.2025 18:34:11,000	17,50	0,22	67,0	19,6	-3,4	0	85,8
13	23.07.2025 18:34:12,000	17,50	0,19	65,2	22,4	2,5	0	85,8
14	23.07.2025 18:34:13,000	17,50	0,22	68,2	21,6	0,2	0	85,8
15	23.07.2025 18:34:14,000	17,50	0,19	65,5	20,3	4,2	0	85,8
16	23.07.2025 18:34:15,000	17,50	0,19	67,2	18,5	-4,3	0	85,8
17	23.07.2025 18:34:16,000	17,50	0,22	64,4	21,8	3,8	0	85,8
18	23.07.2025 18:34:17,000	17,50	0,22	63,5	23,5	3,0	0	85,8
19	23.07.2025 18:34:18,000	17,50	0,22	64,8	20,7	-4,5	0	85,8
20	23.07.2025 18:34:19,000	17,50	0,22	65,6	21,1	3,3	0	85,8
21	23.07.2025 18:34:20,000	17,47	0,19	66,3	21,3	2,4	0	85,8
22	23.07.2025 18:34:21,000	17,47	0,22	66,0	20,9	3,0	0	85,8
23	23.07.2025 18:34:22,000	17,47	0,22	68,2	21,4	-0,4	0	85,8
24	23.07.2025 18:34:23,000	17,47	0,22	69,1	20,8	-0,1	0	85,8
25	23.07.2025 18:34:24,000	17,47	0,19	64,7	23,0	2,3	0	85,8
26	23.07.2025 18:34:25,000	17,47	0,22	67,4	20,8	1,8	0	85,8
27	23.07.2025 18:34:26,000	17,47	0,22	66,4	19,5	-4,1	0	85,8
28	23.07.2025 18:34:27,000	17,47	0,19	63,1	24,4	2,5	0	83,9
29	23.07.2025 18:34:28,000	17,47	0,22	63,1	24,2	2,6	0	83,6
30	23.07.2025 18:34:29,000	17,47	0,22	66,6	22,3	-1,1	0	83,6
31	23.07.2025 18:34:30,000	17,47	0,19	21,5	59,0	-9,5	0	101,2
32	23.07.2025 18:34:31,000	17,44	0,19	5,8	42,9	41,3	0	45,9
33	23.07.2025 18:34:32,000	17,44	0,19	59,5	25,9	4,7	1	79,4
34	23.07.2025 18:34:33,000	17,44	0,19	65,9	21,8	2,3	1	79,4
35	23.07.2025 18:34:34,000	17,44	0,22	33,5	47,9	-8,5	1	101,6
36	23.07.2025 18:34:35,000	17,44	0,22	0,9	23,3	65,8	0	23,5
37	23.07.2025 18:34:36,000	17,44	0,22	-2,7	9,4	77,9	1	9,7
38	23.07.2025 18:34:37,000	17,44	0,22	-4,2	19,4	66,4	0	20,3
39	23.07.2025 18:34:38,000	17,44	0,22	42,5	-11,2	36,2	1	-18,5
40	23.07.2025 18:34:39,000	17,35	0,35	65,3	-3,5	21,2	0	-18,5
41	23.07.2025 18:34:40,000	17,35	0,35	54,5	-10,2	25,2	0	-22,8
42	23.07.2025 18:34:41,000	17,35	0,33	35,8	-2,3	51,9	0	-2,9
43	23.07.2025 18:34:42,000	17,35	0,37	34,9	-0,1	55,0	0	-0,2
44	23.07.2025 18:34:43,000	17,32	0,40	44,3	3,8	41,9	0	5,8
45	23.07.2025 18:34:44,000	17,32	0,42	51,1	3,3	35,6	0	5,7
46	23.07.2025 18:34:45,000	17,32	0,46	44,1	8,3	37,6	0	13,4
47	23.07.2025 18:34:46,000	17,32	0,44	45,9	8,8	35,3	0	14,9
48	23.07.2025 18:34:47,000	17,32	0,48	50,4	4,9	34,7	0	8,7
49	23.07.2025 18:34:48,000	17,32	0,46	47,0	5,2	37,8	0	8,4
50	23.07.2025 18:34:49,000	17,32	0,44	38,7	16,5	34,8	0	26,9
51	23.07.2025 18:34:50,000	17,32	0,42	39,2	10,9	39,9	0	16,7
52	23.07.2025 18:34:51,000	17,32	0,42	44,8	5,1	40,1	0	7,9
53	23.07.2025 18:34:52,000	17,32	0,42	43,6	9,4	36,9	0	15,5
54	23.07.2025 18:34:53,000	17,32	0,42	23,5	37,1	29,4	1	50,6
55	23.07.2025 18:34:54,000	17,32	0,40	37,8	7,4	44,8	0	10,5
56	23.07.2025 18:34:55,000	17,29	0,40	35,4	12,1	42,6	0	17,5
57	23.07.2025 18:34:56,000	17,29	0,44	42,7	8,4	38,9	0	13,2
58	23.07.2025 18:34:57,000	17,29	0,44	47,6	7,3	35,0	0	12,6
59	23.07.2025 18:34:58,000	17,29	0,50	45,9	12,6	31,5	0	22,9
60	23.07.2025 18:34:59,000	17,29	0,52	48,9	13,8	27,3	0	27,7
61	23.07.2025 18:35:00,000	17,29	0,54	52,1	14,0	23,9	0	31,1
62	23.07.2025 18:35:01,000	17,23	0,58	50,2	15,8	24,0	0	33,9
63	23.07.2025 18:35:02,000	17,17	0,62	50,1	16,4	23,5	0	35,5
64	23.07.2025 18:35:03,000	17,11	0,64	57,5	9,1	23,4	0	21,8
65	23.07.2025 18:35:04,000	17,08	0,68	57,6	7,8	24,6	0	18,0
66	23.07.2025 18:35:05,000	17,05	0,66	56,7	4,4	28,9	0	9,0
67	23.07.2025 18:35:06,000	17,02	0,68	55,4	2,7	31,9	0	5,2
68	23.07.2025 18:35:07,000	16,99	0,68	55,4	-2,0	32,6	0	-3,7
69	23.07.2025 18:35:08,000	16,96	0,67	56,0	-3,7	30,3	0	-7,3
70	23.07.2025 18:35:09,000	16,96	0,70	59,2	-1,5	29,4	0	-3,0
71	23.07.2025 18:35:10,000	16,93	0,69	58,7	-0,6	30,7	0	-1,2
72	23.07.2025 18:35:11,000	16,93	0,69	59,3	-2,4	28,4	0	-5,0
73	23.07.2025 18:35:12,000	16,93	0,69	62,1	-2,1	25,8	0	-4,8
74	23.07.2025 18:35:13,000	16,90	0,69	61,1	-3,2	25,7	0	-7,3
75	23.07.2025 18:35:14,000	16,90	0,71	60,7	-5,5	23,8	0	-13,4
76	23.07.2025 18:35:15,000	16,90	0,71	61,9	-7,2	20,9	0	-13,4
77	23.07.2025 18:35:16,000	16,87	0,71	65,8	-5,1	19,1	0	-13,4
78	23.07.2025 18:35:17,000	16,87	0,73	72,2	-3,5	14,3	0	-13,4
79	23.07.2025 18:35:18,000	16,84	0,71	62,2	0,2	27,6	0	0,5
80	23.07.2025 18:35:19,000	16,84	0,69	64,1	1,5	24,4	0	0,5
81	23.07.2025 18:35:20,000	16,84	0,69	67,4	4,4	18,2	0	0,5
82	23.07.2025 18:35:21,000	16,81	0,68	67,4	5,0	17,6	0	0,5
83	23.07.2025 18:35:22,000	16,81	0,68	68,2	4,6	17,2	0	0,5
84	23.07.2025 18:35:23,000	16,81	0,71	68,4	5,0	16,6	0	0,5
85	23.07.2025 18:35:24,000	16,78	0,70	69,0	6,6	14,4	0	0,5
86	23.07.2025 18:35:25,000	16,78	0,70	65,5	7,7	16,8	0	0,5
87	23.07.2025 18:35:26,000	16,78	0,70	65,6	6,9	17,4	0	0,5
88	23.07.2025 18:35:27,000	16,78	0,75	68,7	7,3	14,0	0	0,5
89	23.07.2025 18:35:28,000	16,75	0,75	67,4	7,8	14,8	0	0,5
90	23.07.2025 18:35:29,000	16,75	0,75	65,4	7,8	16,8	0	0,5
91	23.07.2025 18:35:30,000	16,75	0,77	67,5	7,3	15,2	0	0,5
92	23.07.2025 18:35:31,000	16,75	0,79	68,8	9,2	12,0	0	0,5
93	23.07.2025 18:35:32,000	16,75	0,81	69,3	7,5	13,2	0	0,5
94	23.07.2025 18:35:33,000	16,75	0,84	68,9	6,4	14,7	0	0,5
95	23.07.2025 18:35:34,000	16,72	0,83	69,9	7,1	13,1	0	0,5
96	23.07.2025 18:35:35,000	16,69	0,83	69,4	6,6	14,0	0	0,5
97	23.07.2025 18:35:36,000	16,69	0,85	71,1	6,9	12,0	0	0,5
98	23.07.2025 18:35:37,000	16,66	0,87	68,8	7,5	13,7	0	0,5
99	23.07.2025 18:35:38,000	16,63	0,87	66,1	8,6	15,2	0	0,5
100	23.07.2025 18:35:39,000	16,60	0,89	68,5	8,8	12,7	0	0,5
101	23.07.2025 18:35:40,000	16,60	0,92	67,9	10,2	12,0	0	0,5
102	23.07.2025 18:35:41,000	16,57	0,91	66,2	11,5	12,2	0	0,5
103	23.07.2025 18:35:42,000	16,57	0,94	66,3	11,7	12,0	0	0,5
104	23.07.2025 18:35:43,000	16,54	0,98	66,1	11,7	12,1	0	0,5
105	23.07.2025 18:35:44,000	16,54	1,00	66,3	12,1	11,6	0	0,5
106	23.07.2025 18:35:45,000	16,51	0,98	62,9	14,3	12,8	0	0,5
107	23.07.2025 18:35:46,000	16,51	0,98	63,9	14,7	11,4	0	0,5
108	23.07.2025 18:35:47,000	16,51	1,00	62,4	15,4	12,2	0	0,5
109	23.07.2025 18:35:48,000	16,48	1,02	59,8	17,3	12,9	0	0,5
110	23.07.2025 18:35:49,000	16,48	1,04	60,5	18,0	11,5	0	0,5
111	23.07.2025 18:35:50,000	16,45	1,04	58,9	20,2	10,9	0	61,2
112	23.07.2025 18:35:51,000	16,45	1,08	58,7	21,1	10,2	0	63,8
113	23.07.2025 18:35:52,000	16,42	1,08	57,7	20,1	12,2	0	58,3
114	23.07.2025 18:35:53,000	16,39	1,08	59,7	19,0	11,3	0	58,3
115	23.07.2025 18:35:54,000	16,39	1,12	59,6	19,8	10,6	0	58,3
116	23.07.2025 18:35:55,000	16,36	1,14	58,4	19,8	11,8	0	58,7
117	23.07.2025 18:35:56,000	16,36	1,17	58,3	19,8	11,9	0	58,7
118	23.07.2025 18:35:57,000	16,33	1,16	58,9	19,5	11,6	0	58,8
119	23.07.2025 18:35:58,000	16,33	1,19	60,0	19,6	10,4	0	58,8
120	23.07.2025 18:35:59,000	16,33	1,21	58,9	19,0	12,0	0	57,3
121	23.07.2025 18:36:00,000	16,30	1,23	59,1	17,6	13,3	0	57,3
122	23.07.2025 18:36:01,000	16,30	1,27	59,6	19,3	11,2	0	57,3
123	23.07.2025 18:36:02,000	16,27	1,27	60,9	18,1	11,0	0	57,3
124	23.07.2025 18:36:03,000	16,24	1,29	62,3	14,7	13,0	0	57,3
125	23.07.2025 18:36:04,000	16,24	1,32	59,3	16,2	14,4	0	57,3
126	23.07.2025 18:36:05,000	16,21	1,34	60,5	17,8	11,6	0	57,3
127	23.07.2025 18:36:06,000	16,18	1,38	59,9	17,7	12,4	0	57,3
128	23.07.2025 18:36:07,000	16,15	1,38	59,1	16,4	14,5	0	57,3
129	23.07.2025 18:36:08,000	16,09	1,39	57,9	17,6	14,5	0	50,5
130	23.07.2025 18:36:09,000	16,06	1,44	58,6	16,7	14,8	0	48,4
131	23.07.2025 18:36:10,000	16,02	1,46	59,4	16,5	14,1	0	48,4
132	23.07.2025 18:36:11,000	15,96	1,47	58,6	16,6	14,8	0	48,2
133	23.07.2025 18:36:12,000	15,90	1,49	60,3	13,2	16,6	0	48,2
134	23.07.2025 18:36:13,000	15,87	1,51	59,1	15,5	15,4	0	48,2
135	23.07.2025 18:36:14,000	15,84	1,56	60,6	15,7	13,6	0	48,2
136	23.07.2025 18:36:15,000	15,81	1,58	61,4	11,5	17,1	0	48,2
137	23.07.2025 18:36:16,000	15,75	1,59	59,9	12,9	17,2	0	48,2
138	23.07.2025 18:36:17,000	15,72	1,61	60,2	14,4	15,4	0	48,2
139	23.07.2025 18:36:18,000	15,69	1,66	62,3	12,2	15,5	0	48,2
140	23.07.2025 18:36:19,000	15,63	1,67	61,3	11,3	17,4	0	48,2
141	23.07.2025 18:36:20,000	15,60	1,67	59,2	12,5	18,3	0	48,2
142	23.07.2025 18:36:21,000	15,57	1,71	60,3	12,0	17,8	0	48,2
143	23.07.2025 18:36:22,000	15,54	1,73	62,2	6,1	21,7	0	48,2
144	23.07.2025 18:36:23,000	15,51	1,73	57,8	11,1	21,0	0	28,4
145	23.07.2025 18:36:24,000	15,48	1,75	59,7	12,4	17,9	0	28,4
146	23.07.2025 18:36:25,000	15,42	1,82	60,7	9,2	20,1	0	28,4
147	23.07.2025 18:36:26,000	15,35	1,81	59,3	9,1	21,5	0	23,5
148	23.07.2025 18:36:27,000	15,29	1,83	58,3	11,7	19,9	0	30,9
149	23.07.2025 18:36:28,000	15,26	1,85	59,2	11,4	19,5	0	30,7
150	23.07.2025 18:36:29,000	15,23	1,87	63,2	6,8	20,0	0	30,7
151	23.07.2025 18:36:30,000	15,17	1,91	60,8	6,4	22,8	0	16,0
152	23.07.2025 18:36:31,000	15,11	1,90	62,3	7,2	20,5	0	16,0
153	23.07.2025 18:36:32,000	15,11	1,93	61,6	9,2	19,3	0	16,0
154	23.07.2025 18:36:33,000	15,08	1,92	58,5	6,0	25,5	0	13,7
155	23.07.2025 18:36:34,000	15,05	1,94	54,9	9,4	25,7	0	20,7
156	23.07.2025 18:36:35,000	15,02	1,99	58,3	9,5	22,1	0	23,8
157	23.07.2025 18:36:36,000	14,99	1,99	57,8	6,2	26,0	0	13,9
158	23.07.2025 18:36:37,000	14,96	2,01	53,3	6,9	29,8	0	13,6
159	23.07.2025 18:36:38,000	14,92	2,00	55,0	8,0	27,1	0	17,0
160	23.07.2025 18:36:39,000	14,89	2,02	55,9	8,1	26,0	0	18,0
161	23.07.2025 18:36:40,000	14,89	2,05	57,2	3,2	29,5	0	6,6
162	23.07.2025 18:36:41,000	14,89	2,02	47,2	3,2	39,6	0	5,1
163	23.07.2025 18:36:42,000	14,86	2,00	45,6	2,9	41,5	0	4,5
164	23.07.2025 18:36:43,000	14,86	2,00	44,0	3,9	42,0	0	5,9
165	23.07.2025 18:36:44,000	14,86	2,02	40,4	5,8	43,8	0	8,5
166	23.07.2025 18:36:45,000	14,77	2,04	40,2	6,2	43,6	0	9,1
167	23.07.2025 18:36:46,000	14,65	2,09	47,2	-0,8	42,0	0	-1,3
168	23.07.2025 18:36:47,000	14,43	2,08	45,0	3,8	41,2	0	5,8
169	23.07.2025 18:36:48,000	14,31	2,09	45,2	1,9	42,9	0	2,8
170	23.07.2025 18:36:49,000	14,25	2,06	40,6	5,6	43,8	0	8,2
171	23.07.2025 18:36:50,000	14,25	2,06	38,5	7,4	44,2	0	10,6
172	23.07.2025 18:36:51,000	14,22	2,04	39,7	2,3	48,0	0	3,1
173	23.07.2025 18:36:52,000	14,18	2,04	42,3	11,5	36,2	0	18,9
174	23.07.2025 18:36:53,000	14,18	2,08	49,8	9,3	30,9	0	17,7
175	23.07.2025 18:36:54,000	14,15	2,10	54,1	6,9	29,0	0	14,0
176	23.07.2025 18:36:55,000	14,12	2,12	53,9	7,6	28,5	0	15,7
177	23.07.2025 18:36:56,000	14,09	2,12	53,6	7,3	29,1	0	14,7
178	23.07.2025 18:36:57,000	14,06	2,12	44,4	10,1	35,5	0	17,0
179	23.07.2025 18:36:58,000	14,00	2,09	44,5	11,5	34,0	0	19,8
180	23.07.2025 18:36:59,000	13,90	2,11	39,3	-10,5	40,3	0	-16,0
181	23.07.2025 18:37:00,000	13,81	2,10	36,0	4,2	49,8	0	5,6
182	23.07.2025 18:37:01,000	13,69	2,09	42,1	0,7	47,2	0	1,0
183	23.07.2025 18:37:02,000	13,56	2,06	41,2	-2,0	46,8	0	-2,8
184	23.07.2025 18:37:03,000	13,50	2,05	41,9	-3,2	44,9	0	-4,6
185	23.07.2025 18:37:04,000	13,47	2,05	41,3	2,0	46,7	0	2,7
186	23.07.2025 18:37:05,000	13,44	2,00	42,2	0,0	47,8	0	0,0
187	23.07.2025 18:37:06,000	13,44	2,00	42,0	8,9	39,0	0	14,0
188	23.07.2025 18:37:07,000	13,41	1,98	34,9	13,8	41,3	0	20,3
189	23.07.2025 18:37:08,000	13,41	1,93	33,4	14,2	42,4	0	20,4
190	23.07.2025 18:37:09,000	13,41	1,91	37,0	13,2	39,8	0	20,0
191	23.07.2025 18:37:10,000	13,44	1,91	37,1	11,4	41,5	0	16,9
192	23.07.2025 18:37:11,000	13,44	1,91	37,9	11,1	41,0	0	16,7
193	23.07.2025 18:37:12,000	13,44	1,89	39,9	10,5	39,6	0	16,3
194	23.07.2025 18:37:13,000	13,47	1,89	40,5	7,8	41,8	0	11,6
195	23.07.2025 18:37:14,000	13,50	1,87	40,5	7,1	42,4	0	10,5
196	23.07.2025 18:37:15,000	13,50	1,87	42,7	3,3	44,0	0	4,8
197	23.07.2025 18:37:16,000	13,50	1,87	43,2	2,0	44,8	0	2,8
198	23.07.2025 18:37:17,000	13,50	1,89	43,6	0,7	45,7	0	1,0
199	23.07.2025 18:37:18,000	13,50	1,87	44,2	-1,4	44,4	0	-2,0
200	23.07.2025 18:37:19,000	13,50	1,85	42,5	-2,8	44,7	0	-4,0
201	23.07.2025 18:37:20,000	13,50	1,87	44,3	-1,8	43,9	0	-2,6
202	23.07.2025 18:37:21,000	13,53	1,85	42,9	2,5	44,6	0	3,6
203	23.07.2025 18:37:22,000	13,53	1,85	41,7	5,6	42,8	0	8,2
204	23.07.2025 18:37:23,000	13,53	1,87	42,4	5,3	42,2	0	7,9
205	23.07.2025 18:37:24,000	13,56	1,88	43,1	5,1	41,8	0	7,6
206	23.07.2025 18:37:25,000	13,56	1,85	42,7	7,5	39,8	0	11,7
207	23.07.2025 18:37:26,000	13,56	1,88	42,1	4,6	43,3	0	6,7
208	23.07.2025 18:37:27,000	13,56	1,85	34,8	-13,5	41,8	0	-19,6
209	23.07.2025 18:37:28,000	13,56	1,90	27,9	-10,7	51,4	0	-13,7
210	23.07.2025 18:37:29,000	13,53	1,90	30,2	-6,0	53,8	0	-7,6
211	23.07.2025 18:37:30,000	13,53	1,90	36,2	-2,5	51,3	0	-3,3
212	23.07.2025 18:37:31,000	13,50	1,92	31,8	-4,0	54,1	0	-5,0
213	23.07.2025 18:37:32,000	13,50	1,92	34,3	-10,7	45,0	0	-15,0
214	23.07.2025 18:37:33,000	13,47	1,91	36,2	-6,5	47,3	0	-8,9
215	23.07.2025 18:37:34,000	13,47	1,94	34,6	-6,0	49,4	0	-7,9
216	23.07.2025 18:37:35,000	13,44	1,93	35,9	-8,7	45,4	0	-12,2
217	23.07.2025 18:37:36,000	13,44	1,96	32,0	-4,8	53,1	0	-6,1
218	23.07.2025 18:37:37,000	13,41	1,96	33,3	-5,7	51,0	0	-7,4
219	23.07.2025 18:37:38,000	13,41	1,98	38,6	-10,6	40,8	0	-16,1
220	23.07.2025 18:37:39,000	13,37	1,98	37,2	-0,9	51,9	0	-1,1
221	23.07.2025 18:37:40,000	13,37	1,98	31,7	-6,0	52,3	0	-7,7
222	23.07.2025 18:37:41,000	13,37	1,98	27,6	0,0	62,4	0	0,0
223	23.07.2025 18:37:42,000	13,37	1,98	28,8	0,8	60,4	0	0,9
224	23.07.2025 18:37:43,000	13,28	2,04	35,0	-6,0	49,1	0	-8,0
225	23.07.2025 18:37:44,000	13,22	2,05	32,5	-1,4	56,1	0	-1,7
226	23.07.2025 18:37:45,000	13,15	2,03	35,2	-6,1	48,6	0	-8,2
227	23.07.2025 18:37:46,000	13,12	2,05	34,8	-5,9	49,3	0	-7,9
228	23.07.2025 18:37:47,000	13,09	2,09	34,7	-3,9	51,4	0	-5,0
229	23.07.2025 18:37:48,000	13,06	2,09	36,0	-0,9	53,1	0	-1,2
230	23.07.2025 18:37:49,000	13,03	2,11	36,5	-2,2	51,3	0	-2,8
231	23.07.2025 18:37:50,000	12,97	2,12	34,0	-6,4	49,6	0	-8,4
232	23.07.2025 18:37:51,000	12,90	2,14	37,2	-6,8	46,0	0	-9,5
233	23.07.2025 18:37:52,000	12,87	2,16	37,8	-4,1	48,0	0	-5,6
234	23.07.2025 18:37:53,000	12,81	2,16	35,3	-6,5	48,3	0	-8,7
235	23.07.2025 18:37:54,000	12,75	2,24	35,0	-6,0	49,0	0	-8,0
236	23.07.2025 18:37:55,000	12,59	2,23	36,3	-8,0	45,7	0	-11,3
237	23.07.2025 18:37:56,000	12,52	2,25	37,0	-7,6	45,4	0	-10,7
238	23.07.2025 18:37:57,000	12,46	2,29	35,9	-6,2	48,0	0	-8,4
239	23.07.2025 18:37:58,000	12,37	2,33	35,6	-6,4	48,0	0	-8,7
240	23.07.2025 18:37:59,000	12,11	2,40	35,9	-7,7	46,3	0	-10,7
241	23.07.2025 18:38:00,000	11,92	2,34	36,7	-7,2	46,1	0	-10,0
242	23.07.2025 18:38:01,000	11,82	2,42	36,1	-7,0	46,9	0	-9,6
243	23.07.2025 18:38:02,000	11,66	2,38	36,1	-8,2	45,6	0	-11,5
244	23.07.2025 18:38:03,000	11,60	2,38	36,2	-7,3	46,5	0	-10,0
245	23.07.2025 18:38:04,000	11,54	2,44	37,1	-7,3	45,6	0	-10,2
246	23.07.2025 18:38:05,000	11,41	2,48	36,5	-6,8	46,6	0	-9,5
247	23.07.2025 18:38:06,000	11,28	2,51	37,1	-8,5	44,4	0	-12,2
248	23.07.2025 18:38:07,000	11,18	2,51	35,9	-8,5	45,6	0	-12,0
249	23.07.2025 18:38:08,000	11,12	2,55	35,5	-9,5	45,1	0	-13,3
250	23.07.2025 18:38:09,000	10,99	2,56	34,8	-8,4	46,8	0	-11,6
251	23.07.2025 18:38:10,000	10,82	2,66	37,0	-6,6	46,4	0	-9,1
252	23.07.2025 18:38:11,000	10,63	2,62	35,4	-11,1	43,5	0	-15,9
253	23.07.2025 18:38:12,000	10,56	2,68	34,3	-10,8	45,0	0	-15,2
254	23.07.2025 18:38:13,000	10,34	2,73	35,1	-7,1	47,8	0	-9,6
255	23.07.2025 18:38:14,000	10,14	2,72	34,6	-8,3	47,1	0	-11,3
256	23.07.2025 18:38:15,000	9,97	2,75	34,6	-11,8	43,6	0	-16,8
257	23.07.2025 18:38:16,000	9,81	2,74	35,0	-8,8	46,2	0	-12,2
258	23.07.2025 18:38:17,000	9,71	2,75	35,4	-7,6	47,0	0	-10,5
259	23.07.2025 18:38:18,000	9,58	2,79	34,8	-9,2	45,9	0	-12,8
260	23.07.2025 18:38:19,000	9,48	2,78	34,9	-9,3	45,7	0	-13,0
261	23.07.2025 18:38:20,000	9,41	2,77	34,8	-10,3	44,9	0	-14,5
262	23.07.2025 18:38:21,000	9,38	2,82	34,3	-10,9	44,8	0	-15,4
263	23.07.2025 18:38:22,000	9,24	2,81	35,3	-12,7	41,9	0	-18,6
264	23.07.2025 18:38:23,000	9,21	2,80	35,9	-9,3	44,8	0	-13,2
265	23.07.2025 18:38:24,000	9,14	2,84	34,4	-9,9	45,7	0	-13,8
266	23.07.2025 18:38:25,000	9,08	2,84	33,5	-13,2	43,3	0	-18,8
267	23.07.2025 18:38:26,000	9,04	2,86	35,8	-11,7	42,4	0	-17,1
268	23.07.2025 18:38:27,000	8,91	2,89	35,0	-9,8	45,2	0	-13,7
269	23.07.2025 18:38:28,000	8,78	2,95	35,6	-11,2	43,2	0	-16,1
270	23.07.2025 18:38:29,000	8,64	2,96	33,4	-11,4	45,2	0	-16,0
271	23.07.2025 18:38:30,000	8,54	2,93	33,3	-10,0	46,7	0	-13,7
272	23.07.2025 18:38:31,000	8,44	3,01	32,3	-11,0	46,6	0	-15,1
273	23.07.2025 18:38:32,000	8,30	3,03	30,3	-14,5	45,2	0	-19,9
274	23.07.2025 18:38:33,000	8,20	3,02	25,6	-9,8	54,6	0	-12,2
275	23.07.2025 18:38:34,000	8,13	3,06	30,4	-4,2	55,4	0	-5,2
276	23.07.2025 18:38:35,000	8,00	3,07	32,9	-11,2	45,9	0	-15,5
277	23.07.2025 18:38:36,000	7,86	3,06	33,1	-10,5	46,4	0	-14,5
278	23.07.2025 18:38:37,000	7,83	3,03	34,5	-9,1	46,4	0	-12,6
279	23.07.2025 18:38:38,000	7,83	3,10	31,8	-6,6	51,6	0	-8,5
280	23.07.2025 18:38:39,000	7,76	3,10	32,4	-8,6	49,0	0	-11,5
281	23.07.2025 18:38:40,000	7,72	3,09	34,8	-11,1	44,1	0	-15,8
282	23.07.2025 18:38:41,000	7,72	3,07	36,9	-9,0	44,1	0	-12,9
283	23.07.2025 18:38:42,000	7,69	3,09	35,0	-8,3	46,7	0	-11,5
284	23.07.2025 18:38:43,000	7,69	3,09	35,2	-7,9	46,9	0	-10,9
285	23.07.2025 18:38:44,000	7,72	3,12	34,5	-10,1	45,3	0	-14,2
286	23.07.2025 18:38:45,000	7,65	3,22	35,2	-12,0	42,8	0	-17,4
287	23.07.2025 18:38:46,000	7,52	3,17	36,6	-6,1	47,3	0	-8,4
288	23.07.2025 18:38:47,000	7,45	3,19	36,2	-10,7	43,1	0	-15,5
289	23.07.2025 18:38:48,000	7,45	3,23	33,8	-10,5	45,7	0	-14,6
290	23.07.2025 18:38:49,000	7,31	3,24	35,1	-12,1	42,9	0	-17,4
291	23.07.2025 18:38:50,000	7,24	3,28	36,1	-8,4	45,5	0	-11,8
292	23.07.2025 18:38:51,000	7,17	3,28	35,9	-9,2	45,0	0	-13,0
293	23.07.2025 18:38:52,000	7,17	3,25	36,8	-9,6	43,5	0	-13,9
294	23.07.2025 18:38:53,000	7,14	3,32	35,8	-8,3	46,0	0	-11,6
295	23.07.2025 18:38:54,000	7,07	3,34	37,1	-11,1	41,8	0	-16,4
296	23.07.2025 18:38:55,000	7,00	3,35	35,9	-9,3	44,9	0	-13,1
297	23.07.2025 18:38:56,000	6,96	3,35	33,9	-10,0	46,0	0	-13,9
298	23.07.2025 18:38:57,000	7,00	3,35	34,2	-11,5	44,2	0	-16,4
299	23.07.2025 18:38:58,000	7,03	3,33	35,0	-11,9	43,1	0	-17,2
300	23.07.2025 18:38:59,000	6,96	3,42	36,4	-7,9	45,7	0	-11,1
301	23.07.2025 18:39:00,000	6,89	3,41	34,1	-12,0	43,9	0	-17,0
302	23.07.2025 18:39:01,000	6,89	3,41	34,0	-13,7	42,4	0	-19,7
303	23.07.2025 18:39:02,000	6,93	3,44	35,5	-7,8	46,6	0	-10,8
304	23.07.2025 18:39:03,000	6,93	3,46	35,2	-13,4	41,3	0	-19,8
305	23.07.2025 18:39:04,000	6,93	3,50	34,5	-8,9	46,6	0	-12,2
306	23.07.2025 18:39:05,000	6,86	3,57	32,9	-12,7	44,4	0	-17,8
307	23.07.2025 18:39:06,000	6,79	3,56	36,2	-10,2	43,6	0	-14,7
308	23.07.2025 18:39:07,000	6,72	3,58	35,3	-10,6	44,1	0	-15,1
309	23.07.2025 18:39:08,000	6,72	3,60	33,0	-11,3	45,8	0	-15,6
310	23.07.2025 18:39:09,000	6,68	3,71	35,1	-12,8	42,1	0	-18,6
311	23.07.2025 18:39:10,000	6,54	3,68	35,6	-11,6	42,8	0	-16,9
312	23.07.2025 18:39:11,000	6,54	3,65	33,9	-12,5	43,6	0	-17,8
313	23.07.2025 18:39:12,000	6,51	3,76	33,8	-11,4	44,8	0	-16,1
314	23.07.2025 18:39:13,000	6,40	3,71	35,1	-12,8	42,1	0	-18,7
315	23.07.2025 18:39:14,000	6,37	3,71	34,3	-11,9	43,8	0	-17,0
316	23.07.2025 18:39:15,000	6,40	3,71	34,1	-13,3	42,7	0	-19,1
317	23.07.2025 18:39:16,000	6,44	3,74	34,6	-13,7	41,7	0	-20,0
318	23.07.2025 18:39:17,000	6,37	3,80	35,0	-10,4	44,6	0	-14,7
319	23.07.2025 18:39:18,000	6,30	3,79	35,3	-11,4	43,3	0	-16,4
320	23.07.2025 18:39:19,000	6,26	3,79	36,8	-10,6	42,7	0	-15,4
321	23.07.2025 18:39:20,000	6,26	3,81	34,7	-11,8	43,5	0	-16,8
322	23.07.2025 18:39:21,000	6,26	3,84	34,6	-11,1	44,3	0	-15,8
323	23.07.2025 18:39:22,000	6,26	3,88	36,2	-9,9	43,9	0	-14,2
324	23.07.2025 18:39:23,000	6,23	3,88	33,8	-12,5	43,7	0	-17,8
325	23.07.2025 18:39:24,000	6,23	3,90	31,2	-15,1	43,7	0	-21,1
326	23.07.2025 18:39:25,000	6,19	3,94	30,3	-13,8	45,8	0	-18,9
327	23.07.2025 18:39:26,000	6,12	4,00	35,2	-11,4	43,3	0	-16,4
328	23.07.2025 18:39:27,000	6,01	4,00	34,0	-12,8	43,2	0	-18,4
329	23.07.2025 18:39:28,000	5,98	4,02	34,3	-13,8	41,9	0	-20,1
330	23.07.2025 18:39:29,000	5,98	4,02	33,4	-12,4	44,2	0	-17,4
331	23.07.2025 18:39:30,000	5,94	4,13	34,2	-13,0	42,7	0	-18,8
332	23.07.2025 18:39:31,000	5,83	4,09	35,4	-12,1	42,5	0	-17,6
333	23.07.2025 18:39:32,000	5,80	4,11	33,8	-14,5	41,8	0	-21,0
334	23.07.2025 18:39:33,000	5,80	4,11	34,0	-14,2	41,9	0	-20,6
335	23.07.2025 18:39:34,000	5,80	4,14	34,7	-14,3	41,0	0	-21,1
336	23.07.2025 18:39:35,000	5,80	4,18	33,9	-14,3	41,8	0	-20,8
337	23.07.2025 18:39:36,000	5,83	4,16	34,6	-14,6	40,8	0	-21,6
338	23.07.2025 18:39:37,000	5,83	4,18	34,5	-13,5	41,9	0	-19,7
339	23.07.2025 18:39:38,000	5,83	4,23	33,5	-13,3	43,2	0	-18,9
340	23.07.2025 18:39:39,000	5,80	4,25	34,8	-13,6	41,6	0	-20,0
341	23.07.2025 18:39:40,000	5,73	4,33	34,2	-13,8	41,9	0	-20,1
342	23.07.2025 18:39:41,000	5,62	4,33	34,7	-14,2	41,1	0	-20,9
343	23.07.2025 18:39:42,000	5,55	4,36	33,4	-13,8	42,8	0	-19,7
344	23.07.2025 18:39:43,000	5,48	4,40	35,0	-12,3	42,6	0	-17,9
345	23.07.2025 18:39:44,000	5,44	4,38	36,4	-11,0	42,7	0	-16,0
346	23.07.2025 18:39:45,000	5,44	4,40	34,6	-12,0	43,4	0	-17,2
347	23.07.2025 18:39:46,000	5,44	4,40	36,2	-11,2	42,6	0	-16,3
348	23.07.2025 18:39:47,000	5,48	4,43	37,0	-9,3	43,7	0	-13,4
349	23.07.2025 18:39:48,000	5,48	4,45	35,4	-10,7	43,8	0	-15,4
350	23.07.2025 18:39:49,000	5,48	4,47	35,9	-10,0	44,1	0	-14,3
351	23.07.2025 18:39:50,000	5,44	4,49	37,3	-9,0	43,7	0	-13,0
352	23.07.2025 18:39:51,000	5,41	4,53	37,9	-8,0	44,1	0	-11,6
353	23.07.2025 18:39:52,000	5,37	4,58	36,9	-9,9	43,2	0	-14,3
354	23.07.2025 18:39:53,000	5,33	4,60	37,9	-7,5	44,6	0	-10,7
355	23.07.2025 18:39:54,000	5,30	4,61	40,0	-6,1	43,9	0	-8,9
356	23.07.2025 18:39:55,000	5,26	4,63	40,7	-4,6	44,8	0	-6,5
357	23.07.2025 18:39:56,000	5,19	4,67	41,3	-2,8	45,9	0	-3,9
358	23.07.2025 18:39:57,000	5,15	4,67	42,3	-2,2	45,5	0	-3,1
359	23.07.2025 18:39:58,000	5,12	4,69	42,7	-0,9	46,4	0	-1,2
360	23.07.2025 18:39:59,000	5,12	4,74	41,1	-1,7	47,1	0	-2,4
361	23.07.2025 18:40:00,000	5,04	4,77	43,7	-0,1	46,2	0	-0,2
362	23.07.2025 18:40:01,000	4,94	4,81	43,0	1,1	45,9	0	1,5
363	23.07.2025 18:40:02,000	4,90	4,85	42,9	-0,1	47,0	0	-0,2
364	23.07.2025 18:40:03,000	4,83	4,85	42,3	0,8	46,9	0	1,1
365	23.07.2025 18:40:04,000	4,83	4,87	42,3	-2,3	45,4	0	-3,3
366	23.07.2025 18:40:05,000	4,79	4,89	42,5	1,5	46,0	0	2,1
367	23.07.2025 18:40:06,000	4,75	4,91	42,3	1,1	46,7	0	1,4
368	23.07.2025 18:40:07,000	4,75	4,95	42,8	-2,4	44,8	0	-3,4
369	23.07.2025 18:40:08,000	4,75	4,95	42,6	-1,4	46,0	0	-1,9
370	23.07.2025 18:40:09,000	4,75	5,00	42,2	1,1	46,7	0	1,5
371	23.07.2025 18:40:10,000	4,68	5,04	43,4	0,7	46,0	0	0,9
372	23.07.2025 18:40:11,000	4,64	5,06	43,5	0,1	46,4	0	0,1
373	23.07.2025 18:40:12,000	4,57	5,08	42,4	-1,1	46,5	0	-1,5
374	23.07.2025 18:40:13,000	4,57	5,08	41,2	1,4	47,4	0	1,9
375	23.07.2025 18:40:14,000	4,53	5,12	43,3	-2,0	44,7	0	-2,8
376	23.07.2025 18:40:15,000	4,53	5,16	43,7	-3,7	42,6	0	-5,6
377	23.07.2025 18:40:16,000	4,50	5,18	45,8	-2,6	41,6	0	-3,9
378	23.07.2025 18:40:17,000	4,50	5,20	33,0	-17,4	39,5	0	-25,7
379	23.07.2025 18:40:18,000	4,53	5,23	32,4	-12,4	45,1	0	-17,3
380	23.07.2025 18:40:19,000	4,50	5,25	34,6	-15,2	40,3	0	-22,5
381	23.07.2025 18:40:20,000	4,53	5,27	37,1	-16,1	36,8	0	-25,2
382	23.07.2025 18:40:21,000	4,53	5,32	26,6	-10,2	53,2	0	-12,8
383	23.07.2025 18:40:22,000	4,50	5,29	28,9	-13,2	47,9	0	-17,6
384	23.07.2025 18:40:23,000	4,42	5,38	28,2	-12,6	49,2	0	-16,5
385	23.07.2025 18:40:24,000	4,35	5,37	31,2	-13,6	45,2	0	-18,8
386	23.07.2025 18:40:25,000	4,31	5,41	31,3	-11,8	46,9	0	-16,0
387	23.07.2025 18:40:26,000	4,28	5,41	33,3	-12,7	44,0	0	-18,0
388	23.07.2025 18:40:27,000	4,28	5,46	37,2	-8,3	44,5	0	-11,8
389	23.07.2025 18:40:28,000	4,28	5,50	37,7	-2,9	49,4	0	-3,9
390	23.07.2025 18:40:29,000	4,24	5,50	34,8	-3,0	52,2	0	-3,8
391	23.07.2025 18:40:30,000	4,24	5,52	40,9	-1,0	48,1	0	-1,3
392	23.07.2025 18:40:31,000	4,24	5,54	48,3	-0,1	41,6	0	-0,2
393	23.07.2025 18:40:32,000	4,24	5,57	45,4	0,6	44,0	0	0,9
394	23.07.2025 18:40:33,000	4,24	5,57	41,4	-1,4	47,1	0	-1,9
395	23.07.2025 18:40:34,000	4,24	5,59	45,8	-1,3	42,9	0	-1,9
396	23.07.2025 18:40:35,000	4,28	5,64	49,2	1,7	39,0	0	2,7
397	23.07.2025 18:40:36,000	4,28	5,64	50,4	0,7	38,9	0	1,1
398	23.07.2025 18:40:37,000	4,31	5,66	47,5	0,5	42,0	0	0,8
399	23.07.2025 18:40:38,000	4,35	5,69	49,7	1,4	38,9	0	2,3
400	23.07.2025 18:40:39,000	4,35	5,71	52,3	3,3	34,4	0	5,9
401	23.07.2025 18:40:40,000	4,39	5,76	52,0	3,5	34,4	0	6,3
402	23.07.2025 18:40:41,000	4,39	5,78	51,8	3,8	34,4	0	6,8
403	23.07.2025 18:40:42,000	4,39	5,80	54,3	6,6	29,0	0	13,5
404	23.07.2025 18:40:43,000	4,42	5,85	54,8	6,8	28,4	0	14,1
405	23.07.2025 18:40:44,000	4,42	5,87	53,7	6,2	30,1	0	12,3
406	23.07.2025 18:40:45,000	4,42	5,87	55,7	6,5	27,8	0	13,8
407	23.07.2025 18:40:46,000	4,42	5,92	56,3	7,5	26,3	0	16,4
408	23.07.2025 18:40:47,000	4,42	5,94	56,2	7,5	26,3	0	16,6
409	23.07.2025 18:40:48,000	4,46	5,97	56,1	7,2	26,7	0	15,6
410	23.07.2025 18:40:49,000	4,46	5,99	53,4	5,8	30,8	0	11,1
411	23.07.2025 18:40:50,000	4,50	5,99	22,7	15,6	51,7	0	19,6
412	23.07.2025 18:40:51,000	4,50	6,01	2,1	30,0	57,9	0	30,7
413	23.07.2025 18:40:52,000	4,46	6,01	3,3	26,3	60,4	0	27,2
414	23.07.2025 18:40:53,000	4,42	6,03	-1,1	11,7	77,2	1	11,8
415	23.07.2025 18:40:54,000	4,39	6,05	3,4	3,8	82,8	0	3,9
416	23.07.2025 18:40:55,000	4,35	6,05	-1,1	2,8	86,1	1	2,8
417	23.07.2025 18:40:56,000	4,31	6,04	-6,3	6,3	77,4	1	6,6
418	23.07.2025 18:40:57,000	4,28	6,04	2,5	15,5	72,1	0	15,9
419	23.07.2025 18:40:58,000	4,24	6,06	2,5	4,1	83,5	1	4,1
420	23.07.2025 18:40:59,000	4,24	6,04	8,4	-2,9	78,7	0	-3,1
421	23.07.2025 18:41:00,000	4,24	6,04	11,0	13,0	66,1	0	14,3
422	23.07.2025 18:41:01,000	4,20	6,06	-9,7	5,0	75,3	0	5,3
423	23.07.2025 18:41:02,000	4,20	6,04	3,0	3,0	84,1	1	3,0
424	23.07.2025 18:41:03,000	4,17	6,03	0,8	5,4	83,8	0	5,5
425	23.07.2025 18:41:04,000	4,17	6,03	5,7	-0,4	83,9	1	-0,4
426	23.07.2025 18:41:05,000	4,17	6,03	-1,6	6,1	82,3	0	6,2
427	23.07.2025 18:41:06,000	4,17	6,03	6,5	-0,2	83,3	0	-0,2
428	23.07.2025 18:41:07,000	4,13	6,01	7,2	10,9	71,9	1	11,6
429	23.07.2025 18:41:08,000	4,13	6,05	-3,6	6,8	79,6	0	7,0
430	23.07.2025 18:41:09,000	4,09	6,03	4,0	1,3	84,8	1	1,3
431	23.07.2025 18:41:10,000	4,06	6,05	6,3	10,3	73,5	0	10,9
432	23.07.2025 18:41:11,000	4,06	6,02	1,4	2,0	86,6	1	2,1
433	23.07.2025 18:41:12,000	4,02	6,04	6,2	8,4	75,4	1	8,9
434	23.07.2025 18:41:13,000	4,02	6,02	-2,2	6,2	81,6	0	6,3
435	23.07.2025 18:41:14,000	4,02	6,02	10,3	4,5	75,2	1	4,8
436	23.07.2025 18:41:15,000	3,98	6,00	3,7	-1,0	85,3	1	-1,0
437	23.07.2025 18:41:16,000	3,98	6,02	0,9	4,4	84,7	0	4,4
438	23.07.2025 18:41:17,000	3,98	6,02	-0,1	6,0	84,0	1	6,0
439	23.07.2025 18:41:18,000	3,98	6,00	1,6	1,5	86,9	1	1,5
440	23.07.2025 18:41:19,000	3,94	6,02	0,0	7,2	82,7	0	7,2
441	23.07.2025 18:41:20,000	3,94	5,99	-9,9	-5,5	74,5	0	-5,9
442	23.07.2025 18:41:21,000	3,91	5,99	2,5	5,5	82,0	0	5,7
443	23.07.2025 18:41:22,000	3,91	6,01	-7,5	8,7	73,9	0	9,2
444	23.07.2025 18:41:23,000	3,87	6,01	-0,5	0,2	89,3	1	0,2
445	23.07.2025 18:41:24,000	3,87	6,01	0,9	0,2	89,0	0	0,2
446	23.07.2025 18:41:25,000	3,87	6,01	-3,0	5,2	81,7	1	5,4
447	23.07.2025 18:41:26,000	3,83	6,01	1,4	11,6	77,0	0	11,7
448	23.07.2025 18:41:27,000	3,83	6,03	0,9	5,7	83,4	0	5,8
449	23.07.2025 18:41:28,000	3,83	5,98	-0,9	9,9	79,2	1	10,0
450	23.07.2025 18:41:29,000	3,80	5,98	-1,9	2,0	86,1	1	2,1
451	23.07.2025 18:41:30,000	3,80	6,00	-3,3	-0,6	86,1	1	-0,6
452	23.07.2025 18:41:31,000	3,80	6,00	-1,0	2,1	86,9	0	2,1
453	23.07.2025 18:41:32,000	3,76	6,00	-1,8	-1,8	86,4	1	-1,8
454	23.07.2025 18:41:33,000	3,76	6,00	6,8	3,7	79,5	1	3,9
455	23.07.2025 18:41:34,000	3,76	6,00	-7,1	-1,4	81,5	0	-1,5
456	23.07.2025 18:41:35,000	3,72	6,00	-1,2	1,4	87,4	1	1,4
457	23.07.2025 18:41:36,000	3,72	6,00	7,1	10,1	72,8	0	10,8
458	23.07.2025 18:41:37,000	3,72	6,00	-5,6	2,0	82,5	0	2,0
459	23.07.2025 18:41:38,000	3,72	5,98	5,0	3,7	81,2	1	3,9
460	23.07.2025 18:41:39,000	3,68	6,00	-1,9	4,5	83,6	0	4,6
461	23.07.2025 18:41:40,000	3,68	6,00	3,3	3,0	83,7	1	3,1
462	23.07.2025 18:41:41,000	3,68	6,02	-6,5	-2,2	81,3	1	-2,3
463	23.07.2025 18:41:42,000	3,65	5,99	-4,2	0,9	84,9	0	1,0
464	23.07.2025 18:41:43,000	3,65	5,99	1,4	0,7	87,9	0	0,7
465	23.07.2025 18:41:44,000	3,65	5,99	-3,5	0,2	86,2	0	0,2
466	23.07.2025 18:41:45,000	3,65	5,97	-1,2	-9,5	79,4	0	-9,6
467	23.07.2025 18:41:46,000	3,61	6,01	9,3	4,9	75,8	1	5,2
468	23.07.2025 18:41:47,000	3,61	5,99	10,0	4,3	75,8	1	4,5
469	23.07.2025 18:41:48,000	3,61	5,99	5,9	7,6	76,5	1	8,0
470	23.07.2025 18:41:49,000	3,61	5,99	-7,5	0,4	82,1	0	0,4
471	23.07.2025 18:41:50,000	3,57	5,99	-8,2	8,1	73,7	0	8,6
472	23.07.2025 18:41:51,000	3,57	6,01	-0,8	0,7	88,5	0	0,7
473	23.07.2025 18:41:52,000	3,53	6,01	15,6	-9,2	65,2	1	-10,4
474	23.07.2025 18:41:53,000	3,53	6,01	4,1	-1,0	84,8	0	-1,1
475	23.07.2025 18:41:54,000	3,50	6,00	1,2	2,8	86,0	0	2,8
476	23.07.2025 18:41:55,000	3,50	5,98	-3,1	4,0	83,0	0	4,1
477	23.07.2025 18:41:56,000	3,46	5,98	0,7	7,7	81,6	0	7,8
478	23.07.2025 18:41:57,000	3,46	6,00	7,8	-5,2	77,0	1	-5,5
479	23.07.2025 18:41:58,000	3,42	5,97	17,2	4,1	68,8	0	4,4
480	23.07.2025 18:41:59,000	3,42	6,00	-1,3	8,9	79,7	1	9,0
481	23.07.2025 18:42:00,000	3,42	6,00	2,4	6,6	81,0	0	6,7
482	23.07.2025 18:42:01,000	3,38	5,97	-1,7	14,3	74,0	1	14,5
483	23.07.2025 18:42:02,000	3,38	5,97	-0,2	10,1	79,7	0	10,1
484	23.07.2025 18:42:03,000	3,35	5,97	-7,8	7,8	74,4	0	8,3
485	23.07.2025 18:42:04,000	3,35	5,97	-2,0	1,7	86,3	0	1,8
486	23.07.2025 18:42:05,000	3,31	5,97	-6,4	4,0	79,6	0	4,2
487	23.07.2025 18:42:06,000	3,31	5,97	2,7	1,9	85,5	1	1,9
488	23.07.2025 18:42:07,000	3,31	5,97	-0,2	3,5	86,3	1	3,5
489	23.07.2025 18:42:08,000	3,31	5,97	-0,2	5,1	84,7	0	5,1
490	23.07.2025 18:42:09,000	3,27	5,96	-2,0	3,4	84,6	0	3,4
491	23.07.2025 18:42:10,000	3,27	5,99	3,9	6,9	79,2	1	7,2
492	23.07.2025 18:42:11,000	3,27	5,96	-5,0	4,7	80,3	0	4,8
493	23.07.2025 18:42:12,000	3,27	5,96	-6,3	10,9	72,7	0	11,6
494	23.07.2025 18:42:13,000	3,27	5,99	2,6	9,3	78,1	0	9,5
495	23.07.2025 18:42:14,000	3,23	5,96	2,8	7,9	79,3	0	8,1
496	23.07.2025 18:42:15,000	3,23	5,96	0,0	-1,0	89,0	0	-1,0
497	23.07.2025 18:42:16,000	3,23	5,98	-7,1	3,1	79,8	0	3,2
498	23.07.2025 18:42:17,000	3,23	5,96	-1,3	4,5	84,1	0	4,6
499	23.07.2025 18:42:18,000	3,20	5,96	-2,1	5,4	82,5	1	5,5
500	23.07.2025 18:42:19,000	3,20	5,98	0,1	2,3	87,6	0	2,3
501	23.07.2025 18:42:20,000	3,16	5,95	-6,5	7,3	76,2	0	7,7
502	23.07.2025 18:42:21,000	3,12	5,97	4,6	-4,8	80,5	0	-5,0
503	23.07.2025 18:42:22,000	3,12	5,97	-1,5	3,2	85,3	0	3,2
504	23.07.2025 18:42:23,000	3,08	5,97	5,1	1,6	83,3	0	1,6
505	23.07.2025 18:42:24,000	3,04	5,95	1,5	2,4	86,1	0	2,4
506	23.07.2025 18:42:25,000	3,04	5,95	-3,5	2,8	83,6	0	2,9
507	23.07.2025 18:42:26,000	3,04	5,97	-5,6	6,1	78,3	0	6,4
508	23.07.2025 18:42:27,000	3,01	5,96	-1,9	6,2	82,0	1	6,3
509	23.07.2025 18:42:28,000	3,01	5,96	-1,8	5,1	83,1	0	5,2
510	23.07.2025 18:42:29,000	2,97	5,96	-19,8	8,4	61,8	0	9,7
511	23.07.2025 18:42:30,000	2,97	5,96	10,0	0,1	79,9	0	0,1
512	23.07.2025 18:42:31,000	2,93	5,96	-4,4	8,9	76,8	1	9,2
513	23.07.2025 18:42:32,000	2,93	5,96	0,1	12,0	77,9	0	12,1
514	23.07.2025 18:42:33,000	2,89	5,96	-13,2	5,6	71,2	1	6,1
515	23.07.2025 18:42:34,000	2,89	5,93	-9,7	6,7	73,6	0	7,2
516	23.07.2025 18:42:35,000	2,85	5,95	-3,4	8,3	78,3	0	8,6
517	23.07.2025 18:42:36,000	2,85	5,93	-5,6	7,5	76,9	0	7,8
518	23.07.2025 18:42:37,000	2,85	5,93	-7,6	8,6	73,7	0	9,2
519	23.07.2025 18:42:38,000	2,85	5,93	-5,3	4,6	80,2	0	4,8
520	23.07.2025 18:42:39,000	2,82	5,95	-2,1	7,5	80,4	0	7,7
521	23.07.2025 18:42:40,000	2,82	5,93	-2,8	11,9	75,3	0	12,2
522	23.07.2025 18:42:41,000	2,78	5,92	-6,9	10,5	72,6	1	11,2
523	23.07.2025 18:42:42,000	2,78	5,92	2,2	8,5	79,3	0	8,7
524	23.07.2025 18:42:43,000	2,74	5,92	-6,4	7,1	76,4	0	7,5
525	23.07.2025 18:42:44,000	2,74	5,94	-8,6	5,8	75,6	0	6,2
526	23.07.2025 18:42:45,000	2,74	5,92	-3,1	4,3	82,6	0	4,4
527	23.07.2025 18:42:46,000	2,74	5,92	-6,5	8,2	75,3	0	8,7
528	23.07.2025 18:42:47,000	2,74	5,92	-2,5	1,1	86,4	1	1,1
529	23.07.2025 18:42:48,000	2,70	5,90	-6,9	-2,5	80,6	1	-2,5
530	23.07.2025 18:42:49,000	2,70	5,92	-3,3	7,9	78,7	1	8,2
531	23.07.2025 18:42:50,000	2,70	5,92	-2,3	7,2	80,5	0	7,4
532	23.07.2025 18:42:51,000	2,70	5,90	-7,8	4,4	77,8	1	4,6
533	23.07.2025 18:42:52,000	2,66	5,92	-0,7	10,3	79,0	0	10,4
534	23.07.2025 18:42:53,000	2,66	5,92	-6,2	5,7	78,1	0	5,9
535	23.07.2025 18:42:54,000	2,66	5,89	-6,7	7,9	75,4	0	8,4
536	23.07.2025 18:42:55,000	2,66	5,92	1,4	1,2	87,4	0	1,2
537	23.07.2025 18:42:56,000	2,66	5,89	-3,2	8,0	78,8	0	8,2
538	23.07.2025 18:42:57,000	2,66	5,89	-2,4	2,6	85,0	1	2,6
539	23.07.2025 18:42:58,000	2,63	5,89	-1,3	5,6	83,1	0	5,7
540	23.07.2025 18:42:59,000	2,63	5,87	0,2	6,0	83,8	1	6,0
541	23.07.2025 18:43:00,000	2,63	5,89	3,5	15,5	71,0	0	16,1
542	23.07.2025 18:43:01,000	2,63	5,89	-7,0	4,0	79,0	1	4,2
543	23.07.2025 18:43:02,000	2,63	5,89	-8,0	5,7	76,3	0	6,1
544	23.07.2025 18:43:03,000	2,63	5,89	-9,0	0,0	81,0	1	0,0
545	23.07.2025 18:43:04,000	2,63	5,89	0,7	5,9	83,5	0	5,9
546	23.07.2025 18:43:05,000	2,63	5,89	13,8	0,2	76,0	1	0,2
547	23.07.2025 18:43:06,000	2,63	5,87	-1,4	-0,5	88,1	0	-0,5
548	23.07.2025 18:43:07,000	2,59	5,86	1,0	7,6	81,5	0	7,7
549	23.07.2025 18:43:08,000	2,59	5,86	-3,3	2,8	83,9	0	2,9
550	23.07.2025 18:43:09,000	2,59	5,89	-1,8	5,0	83,2	0	5,1
551	23.07.2025 18:43:10,000	2,55	5,91	2,4	10,3	77,3	1	10,6
552	23.07.2025 18:43:11,000	2,55	5,88	-2,4	10,8	76,8	0	11,1
553	23.07.2025 18:43:12,000	2,51	5,88	-4,2	-1,4	84,5	0	-1,4
554	23.07.2025 18:43:13,000	2,51	5,88	-1,9	9,6	78,5	0	9,8
555	23.07.2025 18:43:14,000	2,51	5,88	-1,1	9,4	79,5	0	9,5
556	23.07.2025 18:43:15,000	2,47	5,88	-3,5	1,2	85,3	1	1,2
557	23.07.2025 18:43:16,000	2,47	5,88	-4,1	2,2	83,8	0	2,2
558	23.07.2025 18:43:17,000	2,43	5,87	2,5	2,7	84,8	1	2,8
559	23.07.2025 18:43:18,000	2,43	5,94	3,0	2,8	84,3	1	2,8
560	23.07.2025 18:43:19,000	2,43	5,87	0,4	6,1	83,5	0	6,1
561	23.07.2025 18:43:20,000	2,43	5,90	-0,2	5,4	84,4	0	5,4
562	23.07.2025 18:43:21,000	2,43	5,85	-10,7	4,3	75,0	0	4,6
563	23.07.2025 18:43:22,000	2,43	5,85	-6,4	3,3	80,3	0	3,5
564	23.07.2025 18:43:23,000	2,43	5,85	-4,0	3,3	82,6	0	3,4
565	23.07.2025 18:43:24,000	2,43	5,85	-4,5	3,9	81,6	0	4,0
566	23.07.2025 18:43:25,000	2,43	5,87	-7,6	7,2	75,2	1	7,6
567	23.07.2025 18:43:26,000	2,43	5,87	-12,5	10,3	67,1	0	11,5
568	23.07.2025 18:43:27,000	2,43	5,85	17,8	0,9	71,3	1	1,0
569	23.07.2025 18:43:28,000	2,40	5,85	1,0	2,4	86,6	1	2,4
570	23.07.2025 18:43:29,000	2,40	5,85	-1,0	5,9	83,0	0	6,0
571	23.07.2025 18:43:30,000	2,40	5,83	1,8	0,2	88,0	0	0,2
572	23.07.2025 18:43:31,000	2,40	5,85	-1,8	8,8	79,4	0	9,0
573	23.07.2025 18:43:32,000	2,40	5,85	4,2	-1,8	83,9	0	-1,9
574	23.07.2025 18:43:33,000	2,40	5,85	-10,5	3,5	76,0	1	3,7
575	23.07.2025 18:43:34,000	2,40	5,85	-4,1	7,2	78,7	0	7,4
576	23.07.2025 18:43:35,000	2,36	5,85	-2,5	7,3	80,2	0	7,5
577	23.07.2025 18:43:36,000	2,36	5,85	1,2	5,8	83,0	0	5,9
578	23.07.2025 18:43:37,000	2,36	5,85	-4,0	5,0	81,0	0	5,1
579	23.07.2025 18:43:38,000	2,36	5,85	-2,2	5,2	82,6	0	5,3
580	23.07.2025 18:43:39,000	2,36	5,82	-1,8	9,0	79,2	0	9,2
581	23.07.2025 18:43:40,000	2,32	5,82	-6,3	3,3	80,4	0	3,4
582	23.07.2025 18:43:41,000	2,32	5,84	-1,0	7,0	82,0	0	7,1
583	23.07.2025 18:43:42,000	2,32	5,82	1,2	10,2	78,6	0	10,4
584	23.07.2025 18:43:43,000	2,32	5,82	-1,4	7,7	81,0	0	7,8
585	23.07.2025 18:43:44,000	2,32	5,84	-4,7	6,3	78,9	0	6,6
586	23.07.2025 18:43:45,000	2,32	5,84	-5,8	-1,1	83,0	1	-1,2
587	23.07.2025 18:43:46,000	2,28	5,84	-0,6	4,6	84,8	0	4,6
588	23.07.2025 18:43:47,000	2,28	5,84	1,4	5,7	82,9	0	5,8
589	23.07.2025 18:43:48,000	2,28	5,84	-3,0	5,2	81,8	0	5,3
590	23.07.2025 18:43:49,000	2,28	5,82	-7,5	8,2	74,3	0	8,7
591	23.07.2025 18:43:50,000	2,28	5,82	2,7	0,1	87,2	0	0,1
592	23.07.2025 18:43:51,000	2,28	5,82	-0,6	5,8	83,6	0	5,8
593	23.07.2025 18:43:52,000	2,24	5,81	-13,1	3,4	73,5	0	3,6
594	23.07.2025 18:43:53,000	2,24	5,81	-5,8	5,3	78,9	0	5,5
595	23.07.2025 18:43:54,000	2,24	5,81	-3,5	8,0	78,5	0	8,2
596	23.07.2025 18:43:55,000	2,24	5,81	4,9	5,3	79,8	0	5,5
597	23.07.2025 18:43:56,000	2,24	5,81	-2,0	8,8	79,2	0	9,0
598	23.07.2025 18:43:57,000	2,24	5,81	1,0	4,5	84,4	0	4,6
599	23.07.2025 18:43:58,000	2,24	5,81	-5,7	9,6	74,7	0	10,1
600	23.07.2025 18:43:59,000	2,24	5,81	1,5	2,5	86,1	0	2,5
601	23.07.2025 18:44:00,000	2,24	5,81	-1,7	3,9	84,5	0	3,9
602	23.07.2025 18:44:01,000	2,24	5,81	1,6	6,8	81,6	0	6,9
603	23.07.2025 18:44:02,000	2,20	5,79	3,8	7,7	78,4	0	8,0
604	23.07.2025 18:44:03,000	2,20	5,81	-0,2	6,3	83,4	0	6,3
605	23.07.2025 18:44:04,000	2,20	5,79	-4,2	8,6	77,3	1	8,9
606	23.07.2025 18:44:05,000	2,20	5,81	-2,1	9,4	78,5	0	9,6
607	23.07.2025 18:44:06,000	2,20	5,79	-2,6	3,3	84,0	0	3,4
608	23.07.2025 18:44:07,000	2,20	5,79	3,1	6,4	80,5	0	6,6
609	23.07.2025 18:44:08,000	2,20	5,81	-2,0	7,2	80,8	0	7,4
610	23.07.2025 18:44:09,000	2,16	5,79	-1,9	6,5	81,6	1	6,6
611	23.07.2025 18:44:10,000	2,16	5,79	8,3	4,0	77,7	1	4,2
612	23.07.2025 18:44:11,000	2,16	5,81	-2,5	9,0	78,5	0	9,2
613	23.07.2025 18:44:12,000	2,16	5,79	-2,3	4,4	83,4	0	4,4
614	23.07.2025 18:44:13,000	2,16	5,79	-2,4	4,3	83,3	1	4,4
615	23.07.2025 18:44:14,000	2,16	5,81	-3,1	5,4	81,6	1	5,5
616	23.07.2025 18:44:15,000	2,16	5,79	-4,4	2,7	82,9	0	2,8
617	23.07.2025 18:44:16,000	2,16	5,79	-5,2	7,9	76,8	0	8,3
618	23.07.2025 18:44:17,000	2,13	5,78	3,4	6,3	80,2	0	6,5
619	23.07.2025 18:44:18,000	2,13	5,81	0,3	8,5	81,3	0	8,5
620	23.07.2025 18:44:19,000	2,13	5,78	-4,1	6,8	79,1	0	7,1
621	23.07.2025 18:44:20,000	2,13	5,78	-5,7	9,3	74,9	0	9,8
622	23.07.2025 18:44:21,000	2,13	5,78	-5,9	7,8	76,4	1	8,2
623	23.07.2025 18:44:22,000	2,13	5,78	-0,9	5,2	83,8	0	5,3
624	23.07.2025 18:44:23,000	2,13	5,78	9,9	0,9	79,2	1	0,9
625	23.07.2025 18:44:24,000	2,13	5,78	-5,1	6,0	78,9	0	6,3
626	23.07.2025 18:44:25,000	2,13	5,78	-6,1	6,5	77,4	1	6,8
627	23.07.2025 18:44:26,000	2,13	5,81	-0,7	5,3	83,9	1	5,4
628	23.07.2025 18:44:27,000	2,09	5,78	-6,8	8,6	74,6	0	9,1
629	23.07.2025 18:44:28,000	2,09	5,78	-2,3	4,6	83,1	0	4,7
630	23.07.2025 18:44:29,000	2,09	5,78	-3,9	7,7	78,4	0	8,0
631	23.07.2025 18:44:30,000	2,09	5,78	-2,6	7,4	79,9	0	7,6
632	23.07.2025 18:44:31,000	2,09	5,76	-2,5	3,7	83,8	0	3,8
633	23.07.2025 18:44:32,000	2,09	5,78	1,1	5,2	83,7	1	5,3
634	23.07.2025 18:44:33,000	2,09	5,78	-4,3	5,8	79,9	0	6,0
635	23.07.2025 18:44:34,000	2,09	5,78	1,2	5,2	83,6	0	5,3
636	23.07.2025 18:44:35,000	2,09	5,76	-2,4	7,3	80,3	0	7,5
637	23.07.2025 18:44:36,000	2,09	5,78	1,9	6,7	81,5	0	6,8
638	23.07.2025 18:44:37,000	2,09	5,76	-1,8	5,2	83,0	1	5,3
639	23.07.2025 18:44:38,000	2,09	5,76	0,2	-1,0	88,9	0	-1,0
640	23.07.2025 18:44:39,000	2,09	5,78	-4,3	4,3	81,4	0	4,4
641	23.07.2025 18:44:40,000	2,05	5,75	-0,7	3,4	85,8	0	3,4
642	23.07.2025 18:44:41,000	2,05	5,75	-2,7	6,0	81,3	0	6,2
643	23.07.2025 18:44:42,000	2,05	5,75	-2,3	5,0	82,7	1	5,1
644	23.07.2025 18:44:43,000	2,05	5,75	-2,9	8,4	78,7	0	8,6
645	23.07.2025 18:44:44,000	2,05	5,75	3,7	3,7	82,5	1	3,9
646	23.07.2025 18:44:45,000	2,05	5,75	-4,7	6,8	78,5	0	7,1
647	23.07.2025 18:44:46,000	2,05	5,75	-3,2	5,9	80,9	0	6,1
648	23.07.2025 18:44:47,000	2,05	5,75	-3,3	7,6	79,1	0	7,8
649	23.07.2025 18:44:48,000	2,05	5,75	2,6	5,8	81,6	0	5,9
650	23.07.2025 18:44:49,000	2,05	5,75	-4,5	4,4	81,1	1	4,6
651	23.07.2025 18:44:50,000	2,01	5,75	-6,0	8,1	75,9	0	8,6
652	23.07.2025 18:44:51,000	2,01	5,75	-2,3	7,4	80,3	0	7,6
653	23.07.2025 18:44:52,000	2,01	5,77	0,6	5,8	83,7	1	5,8
654	23.07.2025 18:44:53,000	2,01	5,75	-6,8	6,8	76,4	0	7,2
655	23.07.2025 18:44:54,000	2,01	5,75	-4,9	5,1	80,0	1	5,3
656	23.07.2025 18:44:55,000	2,01	5,75	-2,1	6,1	81,8	0	6,2
657	23.07.2025 18:44:56,000	2,01	5,75	-4,0	9,4	76,6	0	9,8
658	23.07.2025 18:44:57,000	2,01	5,73	-8,7	5,2	76,1	1	5,5
659	23.07.2025 18:44:58,000	2,01	5,75	-1,8	6,6	81,6	1	6,7
660	23.07.2025 18:44:59,000	2,01	5,75	-2,8	8,4	78,8	0	8,6
661	23.07.2025 18:45:00,000	2,01	5,73	-4,8	5,2	80,0	1	5,3
662	23.07.2025 18:45:01,000	2,01	5,75	-4,9	8,0	77,1	0	8,4
663	23.07.2025 18:45:02,000	2,01	5,75	-10,5	10,0	69,5	0	10,9
664	23.07.2025 18:45:03,000	2,01	5,75	-4,0	6,5	79,4	0	6,8
665	23.07.2025 18:45:04,000	1,97	5,75	-6,6	5,4	77,9	0	5,7
666	23.07.2025 18:45:05,000	1,97	5,73	-3,8	6,4	79,8	0	6,7
667	23.07.2025 18:45:06,000	1,97	5,75	-0,7	6,0	83,3	0	6,0
668	23.07.2025 18:45:07,000	1,97	5,75	3,1	6,0	80,9	0	6,2
669	23.07.2025 18:45:08,000	1,97	5,75	-10,1	9,4	70,6	0	10,2
670	23.07.2025 18:45:09,000	1,97	5,75	-2,1	8,7	79,2	1	8,9
671	23.07.2025 18:45:10,000	1,97	5,75	-1,9	5,5	82,7	0	5,6
672	23.07.2025 18:45:11,000	1,97	5,75	1,8	10,1	78,1	1	10,3
673	23.07.2025 18:45:12,000	1,97	5,75	0,1	5,9	84,0	1	6,0
674	23.07.2025 18:45:13,000	1,93	5,75	-0,4	9,1	80,5	0	9,1
675	23.07.2025 18:45:14,000	1,93	5,72	-1,1	5,9	83,0	0	6,0
676	23.07.2025 18:45:15,000	1,93	5,75	1,9	4,3	83,8	0	4,4
677	23.07.2025 18:45:16,000	1,93	5,72	-4,2	7,5	78,3	0	7,8
678	23.07.2025 18:45:17,000	1,93	5,72	-1,3	8,6	80,0	0	8,8
679	23.07.2025 18:45:18,000	1,93	5,72	-2,7	7,5	79,8	0	7,7
680	23.07.2025 18:45:19,000	1,93	5,72	-3,3	6,5	80,3	0	6,6
681	23.07.2025 18:45:20,000	1,93	5,72	-8,7	5,7	75,6	0	6,1
682	23.07.2025 18:45:21,000	1,93	5,72	-5,5	7,9	76,6	0	8,3
683	23.07.2025 18:45:22,000	1,93	5,72	-2,0	8,4	79,6	0	8,6
684	23.07.2025 18:45:23,000	1,93	5,70	0,2	5,4	84,4	0	5,4
685	23.07.2025 18:45:24,000	1,93	5,72	-2,1	4,6	83,3	0	4,7
686	23.07.2025 18:45:25,000	1,93	5,72	-2,1	5,0	82,9	0	5,1
687	23.07.2025 18:45:26,000	1,93	5,72	-11,0	6,3	72,7	0	6,7
688	23.07.2025 18:45:27,000	1,93	5,72	2,6	6,7	80,7	0	6,9
689	23.07.2025 18:45:28,000	1,89	5,72	-1,7	8,1	80,2	0	8,3
690	23.07.2025 18:45:29,000	1,89	5,72	1,7	8,7	79,6	0	8,8
691	23.07.2025 18:45:30,000	1,89	5,70	-2,3	4,0	83,7	0	4,1
692	23.07.2025 18:45:31,000	1,89	5,72	-2,3	1,9	85,8	0	1,9
693	23.07.2025 18:45:32,000	1,89	5,72	-4,2	6,1	79,7	0	6,3
694	23.07.2025 18:45:33,000	1,89	5,72	-5,4	3,5	81,0	0	3,7
695	23.07.2025 18:45:34,000	1,89	5,72	-5,1	5,3	79,7	0	5,5
696	23.07.2025 18:45:35,000	1,89	5,72	-3,0	7,6	79,4	0	7,8
697	23.07.2025 18:45:36,000	1,89	5,72	1,2	4,4	84,4	0	4,5
698	23.07.2025 18:45:37,000	1,89	5,72	-10,2	6,3	73,5	0	6,8
699	23.07.2025 18:45:38,000	1,89	5,72	-4,0	7,2	78,8	1	7,5
700	23.07.2025 18:45:39,000	1,89	5,72	-2,6	5,9	81,5	0	6,1
701	23.07.2025 18:45:40,000	1,89	5,72	-2,8	6,2	81,0	0	6,4
702	23.07.2025 18:45:41,000	1,85	5,69	-2,0	5,2	82,8	0	5,3
703	23.07.2025 18:45:42,000	1,85	5,72	-3,0	6,9	80,0	0	7,1
704	23.07.2025 18:45:43,000	1,85	5,69	-1,0	6,0	83,0	0	6,1
705	23.07.2025 18:45:44,000	1,85	5,69	-0,2	4,2	85,7	0	4,2
706	23.07.2025 18:45:45,000	1,85	5,69	-1,0	2,7	86,4	0	2,7
707	23.07.2025 18:45:46,000	1,85	5,69	-3,1	5,2	81,8	0	5,3
708	23.07.2025 18:45:47,000	1,85	5,69	0,0	6,6	83,4	0	6,6
709	23.07.2025 18:45:48,000	1,85	5,72	-5,2	5,3	79,5	0	5,5
710	23.07.2025 18:45:49,000	1,85	5,72	-0,4	2,7	86,9	0	2,7
711	23.07.2025 18:45:50,000	1,85	5,72	-3,4	6,2	80,4	1	6,4
712	23.07.2025 18:45:51,000	1,85	5,72	-1,8	8,2	80,0	0	8,4
713	23.07.2025 18:45:52,000	1,85	5,72	-7,2	11,4	71,4	0	12,2
714	23.07.2025 18:45:53,000	1,81	5,71	-1,9	9,9	78,2	0	10,1
715	23.07.2025 18:45:54,000	1,81	5,69	-5,4	11,3	73,3	0	11,9
716	23.07.2025 18:45:55,000	1,81	5,71	-1,9	10,0	78,1	1	10,2
717	23.07.2025 18:45:56,000	1,81	5,71	-5,2	6,4	78,3	0	6,7
718	23.07.2025 18:45:57,000	1,81	5,71	0,5	4,7	84,8	0	4,7
719	23.07.2025 18:45:58,000	1,81	5,71	-0,2	5,7	84,1	1	5,7
720	23.07.2025 18:45:59,000	1,81	5,69	0,1	6,1	83,8	0	6,1
721	23.07.2025 18:46:00,000	1,81	5,69	5,9	11,0	73,1	0	11,6
722	23.07.2025 18:46:01,000	1,81	5,69	0,3	5,7	84,0	1	5,7
723	23.07.2025 18:46:02,000	1,81	5,71	5,7	6,3	78,0	1	6,6
724	23.07.2025 18:46:03,000	1,81	5,69	-2,7	8,0	79,3	0	8,2
725	23.07.2025 18:46:04,000	1,81	5,67	0,3	13,2	76,5	0	13,3
726	23.07.2025 18:46:05,000	1,81	5,69	-3,0	7,3	79,7	0	7,5
727	23.07.2025 18:46:06,000	1,81	5,69	14,4	4,7	70,9	1	5,1
728	23.07.2025 18:46:07,000	1,78	5,69	1,8	6,7	81,4	1	6,9
729	23.07.2025 18:46:08,000	1,78	5,69	2,5	11,4	76,1	0	11,7
730	23.07.2025 18:46:09,000	1,78	5,69	-3,0	10,9	76,2	0	11,2
731	23.07.2025 18:46:10,000	1,78	5,71	-1,9	7,5	80,6	0	7,7
732	23.07.2025 18:46:11,000	1,78	5,71	-1,1	8,4	80,5	1	8,5
733	23.07.2025 18:46:12,000	1,74	5,71	-6,3	9,6	74,0	1	10,2
734	23.07.2025 18:46:13,000	1,74	5,69	-2,8	14,8	72,5	0	15,2
735	23.07.2025 18:46:14,000	1,74	5,69	9,5	7,5	72,9	0	8,1
736	23.07.2025 18:46:15,000	1,74	5,71	-0,8	11,6	77,6	0	11,7
737	23.07.2025 18:46:16,000	1,70	5,68	1,5	13,0	75,5	0	13,2
738	23.07.2025 18:46:17,000	1,70	5,68	2,7	8,7	78,6	1	9,0
739	23.07.2025 18:46:18,000	1,70	5,68	9,7	10,7	69,7	1	11,6
740	23.07.2025 18:46:19,000	1,70	5,68	21,2	1,8	67,0	0	1,9
741	23.07.2025 18:46:20,000	1,70	5,66	28,2	-3,2	58,6	0	-3,8
742	23.07.2025 18:46:21,000	1,66	5,66	31,2	-4,1	54,7	0	-5,1
743	23.07.2025 18:46:22,000	1,66	5,63	30,8	-6,4	52,7	0	-8,1
744	23.07.2025 18:46:23,000	1,66	5,61	33,7	-6,1	50,1	0	-8,1
745	23.07.2025 18:46:24,000	1,66	5,59	32,2	-6,6	51,2	0	-8,6
746	23.07.2025 18:46:25,000	1,66	5,59	33,7	-5,4	50,9	0	-7,0
747	23.07.2025 18:46:26,000	1,62	5,56	33,0	-6,2	50,8	0	-8,0
748	23.07.2025 18:46:27,000	1,62	5,54	34,4	-5,1	50,4	0	-6,7
749	23.07.2025 18:46:28,000	1,58	5,52	33,8	-5,8	50,4	0	-7,5
750	23.07.2025 18:46:29,000	1,58	5,49	33,3	-1,6	55,1	0	-2,0
751	23.07.2025 18:46:30,000	1,54	5,45	34,1	-0,6	55,4	0	-0,7
752	23.07.2025 18:46:31,000	1,54	5,42	32,8	0,7	56,4	0	0,9
753	23.07.2025 18:46:32,000	1,54	5,40	34,3	-2,1	53,6	0	-2,6
754	23.07.2025 18:46:33,000	1,54	5,38	34,5	-1,2	54,4	0	-1,5
755	23.07.2025 18:46:34,000	1,50	5,35	36,2	-0,5	53,4	0	-0,6
756	23.07.2025 18:46:35,000	1,50	5,33	36,4	-1,3	52,3	0	-1,7
757	23.07.2025 18:46:36,000	1,50	5,31	38,7	-1,9	49,4	0	-2,6
758	23.07.2025 18:46:37,000	1,50	5,28	37,7	0,5	51,8	0	0,6
759	23.07.2025 18:46:38,000	1,50	5,26	37,7	-1,3	51,1	0	-1,7
760	23.07.2025 18:46:39,000	1,50	5,24	35,8	1,2	53,0	0	1,6
761	23.07.2025 18:46:40,000	1,50	5,24	38,5	-1,6	49,9	0	-2,1
762	23.07.2025 18:46:41,000	1,50	5,22	37,5	-0,8	51,7	0	-1,0
763	23.07.2025 18:46:42,000	1,50	5,19	37,8	-1,5	50,6	0	-2,0
764	23.07.2025 18:46:43,000	1,46	5,19	38,6	-2,9	48,5	0	-3,9
765	23.07.2025 18:46:44,000	1,46	5,17	36,6	-0,1	53,3	0	-0,2
766	23.07.2025 18:46:45,000	1,46	5,15	38,1	-2,4	49,5	0	-3,2
767	23.07.2025 18:46:46,000	1,46	5,12	39,7	-3,7	46,6	0	-5,1
768	23.07.2025 18:46:47,000	1,46	5,12	37,4	-1,8	50,8	0	-2,4
769	23.07.2025 18:46:48,000	1,46	5,12	38,5	-3,3	48,2	0	-4,5
770	23.07.2025 18:46:49,000	1,42	5,10	36,2	0,1	53,7	0	0,1
771	23.07.2025 18:46:50,000	1,42	5,10	37,1	-2,1	50,8	0	-2,7
772	23.07.2025 18:46:51,000	1,42	5,08	37,1	0,5	52,4	0	0,7
773	23.07.2025 18:46:52,000	1,42	5,08	37,5	-0,3	52,3	0	-0,4
774	23.07.2025 18:46:53,000	1,42	5,08	32,5	2,4	55,1	0	3,0
775	23.07.2025 18:46:54,000	1,42	5,08	36,5	-1,5	52,0	0	-1,9
776	23.07.2025 18:46:55,000	1,42	5,08	35,6	-2,9	51,5	0	-3,8
777	23.07.2025 18:46:56,000	1,42	5,08	38,2	-1,5	50,3	0	-2,0
778	23.07.2025 18:46:57,000	1,38	5,07	40,4	-2,7	46,9	0	-3,7
779	23.07.2025 18:46:58,000	1,38	5,10	39,1	-3,3	47,6	0	-4,5
780	23.07.2025 18:46:59,000	1,38	5,10	38,9	-2,0	49,1	0	-2,7
781	23.07.2025 18:47:00,000	1,38	5,10	38,6	-2,2	49,2	0	-2,9
782	23.07.2025 18:47:01,000	1,38	5,10	39,4	-4,1	46,5	0	-5,7
783	23.07.2025 18:47:02,000	1,38	5,07	36,3	1,1	52,6	0	1,4
784	23.07.2025 18:47:03,000	1,38	5,07	38,4	-2,5	49,2	0	-3,3
785	23.07.2025 18:47:04,000	1,34	5,07	36,5	1,4	52,0	0	1,8
786	23.07.2025 18:47:05,000	1,34	5,09	39,8	-0,9	49,3	0	-1,2
787	23.07.2025 18:47:06,000	1,34	5,09	38,9	-3,2	47,9	0	-4,4
788	23.07.2025 18:47:07,000	1,34	5,09	32,9	2,1	55,0	0	2,6
789	23.07.2025 18:47:08,000	1,34	5,09	38,5	-2,8	48,7	0	-3,8
790	23.07.2025 18:47:09,000	1,34	5,09	39,6	-1,6	48,7	0	-2,2
791	23.07.2025 18:47:10,000	1,34	5,09	31,9	3,8	54,3	0	4,8
792	23.07.2025 18:47:11,000	1,34	5,09	36,8	-2,6	50,6	0	-3,4
793	23.07.2025 18:47:12,000	1,34	5,09	33,6	4,1	52,2	0	5,3
794	23.07.2025 18:47:13,000	1,30	5,09	35,8	0,2	54,0	0	0,3
795	23.07.2025 18:47:14,000	1,30	5,09	33,9	2,1	53,9	0	2,6
796	23.07.2025 18:47:15,000	1,30	5,09	38,0	0,1	51,9	0	0,2
797	23.07.2025 18:47:16,000	1,30	5,09	38,3	-0,6	51,1	0	-0,7
798	23.07.2025 18:47:17,000	1,30	5,09	39,4	0,5	50,1	0	0,7
799	23.07.2025 18:47:18,000	1,30	5,11	38,2	2,5	49,3	0	3,3
800	23.07.2025 18:47:19,000	1,30	5,11	41,6	0,1	48,3	0	0,1
801	23.07.2025 18:47:20,000	1,30	5,13	42,0	-0,3	47,7	0	-0,4
802	23.07.2025 18:47:21,000	1,30	5,11	41,3	0,8	47,9	0	1,1
803	23.07.2025 18:47:22,000	1,30	5,09	39,6	0,9	49,6	0	1,1
804	23.07.2025 18:47:23,000	1,30	5,11	41,4	0,6	48,0	0	0,8
805	23.07.2025 18:47:24,000	1,27	5,11	41,9	-0,6	47,5	0	-0,8
806	23.07.2025 18:47:25,000	1,27	5,09	40,9	-1,5	47,6	0	-2,0
807	23.07.2025 18:47:26,000	1,27	5,09	41,6	-0,4	48,0	0	-0,5
808	23.07.2025 18:47:27,000	1,27	5,09	44,6	-1,6	43,7	0	-2,4
809	23.07.2025 18:47:28,000	1,27	5,09	42,9	0,2	46,8	0	0,3
810	23.07.2025 18:47:29,000	1,27	5,09	39,3	1,3	49,3	0	1,7
811	23.07.2025 18:47:30,000	1,27	5,09	41,9	1,0	47,1	0	1,4
812	23.07.2025 18:47:31,000	1,27	5,09	43,6	0,1	46,3	0	0,2
813	23.07.2025 18:47:32,000	1,27	5,06	40,6	2,1	47,3	0	2,9
814	23.07.2025 18:47:33,000	1,27	5,06	39,9	2,2	47,9	0	2,9
815	23.07.2025 18:47:34,000	1,27	5,06	42,5	1,1	46,4	0	1,5
816	23.07.2025 18:47:35,000	1,27	5,06	43,3	1,3	45,4	0	1,8
817	23.07.2025 18:47:36,000	1,27	5,04	39,3	4,0	46,7	0	5,5
818	23.07.2025 18:47:37,000	1,27	5,04	40,8	3,7	45,5	0	5,3
819	23.07.2025 18:47:38,000	1,27	5,02	43,5	1,7	44,8	0	2,5
820	23.07.2025 18:47:39,000	1,27	5,04	43,2	1,6	45,2	0	2,2
821	23.07.2025 18:47:40,000	1,27	5,00	42,4	1,8	45,8	0	2,5
822	23.07.2025 18:47:41,000	1,27	5,00	38,9	2,2	48,8	0	3,0
823	23.07.2025 18:47:42,000	1,27	5,00	43,1	2,7	44,2	0	3,9
824	23.07.2025 18:47:43,000	1,27	4,97	43,8	2,8	43,4	0	4,2
825	23.07.2025 18:47:44,000	1,23	4,97	40,8	4,1	45,1	0	5,8
826	23.07.2025 18:47:45,000	1,23	4,97	39,4	5,6	45,0	0	8,0
827	23.07.2025 18:47:46,000	1,23	4,95	44,6	2,7	42,7	0	4,0
828	23.07.2025 18:47:47,000	1,23	4,95	44,3	2,9	42,9	0	4,2
829	23.07.2025 18:47:48,000	1,23	4,93	39,6	7,4	43,0	0	10,8
830	23.07.2025 18:47:49,000	1,23	4,90	40,4	4,8	44,7	0	6,9
831	23.07.2025 18:47:50,000	1,23	4,93	45,3	2,4	42,3	0	3,6
832	23.07.2025 18:47:51,000	1,23	4,90	43,6	4,0	42,3	0	6,0
833	23.07.2025 18:47:52,000	1,23	4,88	38,5	8,3	43,2	0	12,1
834	23.07.2025 18:47:53,000	1,23	4,86	40,7	6,2	43,2	0	9,1
835	23.07.2025 18:47:54,000	1,23	4,86	44,3	4,6	41,1	0	7,0
836	23.07.2025 18:47:55,000	1,23	4,86	44,4	4,0	41,6	0	6,1
837	23.07.2025 18:47:56,000	1,23	4,86	42,4	7,0	40,6	0	10,7
838	23.07.2025 18:47:57,000	1,23	4,81	41,3	6,0	42,7	0	8,9
839	23.07.2025 18:47:58,000	1,23	4,81	44,4	3,8	41,9	0	5,6
840	23.07.2025 18:47:59,000	1,23	4,79	40,7	7,3	42,0	0	10,9
841	23.07.2025 18:48:00,000	1,23	4,77	40,0	7,3	42,7	0	10,8
842	23.07.2025 18:48:01,000	1,23	4,75	42,6	5,1	42,3	0	7,5
843	23.07.2025 18:48:02,000	1,23	4,75	43,8	3,6	42,6	0	5,4
844	23.07.2025 18:48:03,000	1,23	4,72	42,0	5,3	42,7	0	7,8
845	23.07.2025 18:48:04,000	1,19	4,72	42,2	5,8	42,1	0	8,6
846	23.07.2025 18:48:05,000	1,19	4,70	44,0	5,2	40,7	0	8,0
847	23.07.2025 18:48:06,000	1,19	4,68	40,1	8,7	41,3	0	13,1
848	23.07.2025 18:48:07,000	1,19	4,65	41,8	6,7	41,5	0	10,0
849	23.07.2025 18:48:08,000	1,19	4,65	43,8	5,7	40,5	0	8,7
850	23.07.2025 18:48:09,000	1,19	4,61	43,4	6,2	40,4	0	9,6
851	23.07.2025 18:48:10,000	1,19	4,59	40,3	8,9	40,8	0	13,5
852	23.07.2025 18:48:11,000	1,19	4,59	43,1	7,1	39,8	0	11,0
853	23.07.2025 18:48:12,000	1,19	4,56	42,7	7,3	40,1	0	11,3
854	23.07.2025 18:48:13,000	1,19	4,54	40,7	8,7	40,6	0	13,2
855	23.07.2025 18:48:14,000	1,19	4,52	42,2	8,0	39,8	0	12,4
856	23.07.2025 18:48:15,000	1,19	4,50	41,9	8,2	39,9	0	12,6
857	23.07.2025 18:48:16,000	1,19	4,47	41,6	8,8	39,6	0	13,8
858	23.07.2025 18:48:17,000	1,19	4,45	43,5	7,8	38,7	0	12,4
859	23.07.2025 18:48:18,000	1,19	4,45	40,9	9,9	39,2	0	15,5
860	23.07.2025 18:48:19,000	1,19	4,41	42,0	9,0	39,0	0	14,1
861	23.07.2025 18:48:20,000	1,19	4,41	41,3	10,0	38,7	0	15,7
862	23.07.2025 18:48:21,000	1,19	4,38	42,4	9,2	38,4	0	14,7
863	23.07.2025 18:48:22,000	1,19	4,36	42,1	9,1	38,7	0	14,4
864	23.07.2025 18:48:23,000	1,19	4,34	39,7	10,9	39,4	0	16,9
865	23.07.2025 18:48:24,000	1,19	4,32	42,1	9,8	38,2	0	15,6
866	23.07.2025 18:48:25,000	1,19	4,29	42,4	9,8	37,7	0	15,8
867	23.07.2025 18:48:26,000	1,19	4,25	40,3	10,7	39,1	0	16,6
868	23.07.2025 18:48:27,000	1,19	4,25	41,5	10,0	38,5	0	15,9
869	23.07.2025 18:48:28,000	1,19	4,20	43,3	8,4	38,2	0	13,5
870	23.07.2025 18:48:29,000	1,19	4,18	41,7	9,1	39,2	0	14,3
871	23.07.2025 18:48:30,000	1,19	4,16	41,2	10,4	38,5	0	16,4
872	23.07.2025 18:48:31,000	1,19	4,14	42,3	8,8	38,8	0	14,0
873	23.07.2025 18:48:32,000	1,19	4,11	41,2	10,1	38,7	0	15,9
874	23.07.2025 18:48:33,000	1,19	4,09	42,0	9,1	38,9	0	14,3
875	23.07.2025 18:48:34,000	1,19	4,05	42,1	8,7	39,1	0	13,7
876	23.07.2025 18:48:35,000	1,19	4,02	41,7	9,3	39,0	0	14,6
877	23.07.2025 18:48:36,000	1,19	4,00	43,0	7,8	39,2	0	12,3
878	23.07.2025 18:48:37,000	1,19	3,98	43,1	7,9	39,1	0	12,4
879	23.07.2025 18:48:38,000	1,19	3,96	42,0	7,9	40,1	0	12,2
880	23.07.2025 18:48:39,000	1,15	3,93	41,4	7,9	40,7	0	12,1
881	23.07.2025 18:48:40,000	1,15	3,91	41,4	8,5	40,1	0	13,0
882	23.07.2025 18:48:41,000	1,15	3,89	43,8	6,4	39,7	0	10,1
883	23.07.2025 18:48:42,000	1,15	3,84	42,2	7,5	40,2	0	11,6
884	23.07.2025 18:48:43,000	1,15	3,82	40,2	8,6	41,2	0	13,1
885	23.07.2025 18:48:44,000	1,15	3,80	43,2	5,2	41,7	0	7,8
886	23.07.2025 18:48:45,000	1,15	3,77	44,7	4,4	41,0	0	6,7
887	23.07.2025 18:48:46,000	1,15	3,75	40,8	6,1	43,1	0	9,0
888	23.07.2025 18:48:47,000	1,15	3,73	41,4	5,5	43,1	0	8,1
889	23.07.2025 18:48:48,000	1,15	3,68	42,4	5,7	41,9	0	8,6
890	23.07.2025 18:48:49,000	1,15	3,66	44,8	4,0	41,2	0	6,1
891	23.07.2025 18:48:50,000	1,15	3,64	44,1	5,4	40,5	0	8,3
892	23.07.2025 18:48:51,000	1,15	3,64	41,5	7,9	40,7	0	12,0
893	23.07.2025 18:48:52,000	1,19	3,60	45,4	5,4	39,3	0	8,5
894	23.07.2025 18:48:53,000	1,19	3,55	42,0	7,9	40,1	0	12,3
895	23.07.2025 18:48:54,000	1,19	3,53	38,6	10,4	41,0	0	15,7
896	23.07.2025 18:48:55,000	1,19	3,48	37,6	9,1	43,3	0	13,2
897	23.07.2025 18:48:56,000	1,23	3,44	42,4	4,7	42,9	0	6,9
898	23.07.2025 18:48:57,000	1,23	3,40	43,7	5,0	41,3	0	7,7
899	23.07.2025 18:48:58,000	1,27	3,38	35,4	7,0	47,6	0	9,5
900	23.07.2025 18:48:59,000	1,30	3,36	41,0	4,9	44,0	0	7,1
901	23.07.2025 18:49:00,000	1,30	3,31	44,5	3,2	42,2	0	4,8
902	23.07.2025 18:49:01,000	1,34	3,29	42,6	5,8	41,6	0	8,8
903	23.07.2025 18:49:02,000	1,34	3,27	41,8	4,2	44,0	0	6,0
904	23.07.2025 18:49:03,000	1,34	3,25	45,8	0,9	43,3	0	1,3
905	23.07.2025 18:49:04,000	1,34	3,23	38,6	8,2	43,2	0	12,0
906	23.07.2025 18:49:05,000	1,34	3,18	40,2	6,8	43,0	0	10,0
907	23.07.2025 18:49:06,000	1,38	3,18	42,8	4,9	42,3	0	7,3
908	23.07.2025 18:49:07,000	1,38	3,14	29,6	16,1	44,3	0	22,2
909	23.07.2025 18:49:08,000	1,38	3,12	46,1	0,9	43,0	0	1,3
910	23.07.2025 18:49:09,000	1,38	3,07	35,8	10,6	43,5	0	15,3
911	23.07.2025 18:49:10,000	1,38	3,07	36,8	9,6	43,6	0	13,9
912	23.07.2025 18:49:11,000	1,38	3,03	44,9	-1,6	43,5	0	-2,3
913	23.07.2025 18:49:12,000	1,38	2,98	35,4	9,7	44,9	0	13,7
914	23.07.2025 18:49:13,000	1,38	2,96	38,3	8,4	43,3	0	12,3
915	23.07.2025 18:49:14,000	1,42	2,94	44,4	-1,6	44,0	0	-2,3
916	23.07.2025 18:49:15,000	1,42	2,92	39,7	4,9	45,4	0	6,9
917	23.07.2025 18:49:16,000	1,42	2,87	43,2	1,9	44,9	0	2,7
918	23.07.2025 18:49:17,000	1,42	2,85	43,0	1,7	45,3	1	2,4
919	23.07.2025 18:49:18,000	1,42	2,83	35,7	7,5	46,8	0	10,4
920	23.07.2025 18:49:19,000	1,46	2,81	42,3	-1,0	46,7	0	-1,4
921	23.07.2025 18:49:20,000	1,46	2,79	42,3	0,4	47,3	0	0,6
922	23.07.2025 18:49:21,000	1,46	2,74	43,1	-2,5	44,4	0	-3,6
923	23.07.2025 18:49:22,000	1,46	2,72	33,1	6,9	50,0	0	9,0
924	23.07.2025 18:49:23,000	1,46	2,67	42,5	-0,2	47,3	0	-0,3
925	23.07.2025 18:49:24,000	1,50	2,65	32,3	8,3	49,4	0	11,0
926	23.07.2025 18:49:25,000	1,50	2,61	33,6	4,7	51,7	0	6,0
927	23.07.2025 18:49:26,000	1,50	2,56	30,3	6,5	53,1	0	8,3
928	23.07.2025 18:49:27,000	1,54	2,55	30,8	5,2	54,0	0	6,5
929	23.07.2025 18:49:28,000	1,58	2,48	32,8	3,5	53,6	0	4,4
930	23.07.2025 18:49:29,000	1,62	2,44	32,9	0,9	56,3	0	1,1
931	23.07.2025 18:49:30,000	1,70	2,42	32,3	-5,0	52,7	0	-6,3
932	23.07.2025 18:49:31,000	1,78	2,43	54,7	-4,4	30,9	0	-8,5
933	23.07.2025 18:49:32,000	1,78	2,43	68,4	-5,6	16,0	0	-8,5
934	23.07.2025 18:49:33,000	1,81	2,45	79,8	-4,7	5,5	0	-8,5
935	23.07.2025 18:49:34,000	1,85	2,46	60,7	1,3	28,0	0	2,8
936	23.07.2025 18:49:35,000	1,85	2,46	48,0	9,1	32,9	0	16,5
937	23.07.2025 18:49:36,000	1,85	2,46	44,0	13,2	32,8	0	23,2
938	23.07.2025 18:49:37,000	1,85	2,46	40,4	19,5	30,1	0	33,9
939	23.07.2025 18:49:38,000	1,89	2,46	38,4	24,3	27,3	0	42,0
940	23.07.2025 18:49:39,000	1,89	2,46	49,7	12,6	27,7	0	25,3
941	23.07.2025 18:49:40,000	1,89	2,44	48,2	14,3	27,5	0	28,4
942	23.07.2025 18:49:41,000	1,89	2,42	48,9	12,8	28,2	0	25,3
943	23.07.2025 18:49:42,000	1,89	2,42	48,7	11,8	29,5	0	22,7
944	23.07.2025 18:49:43,000	1,89	2,39	48,9	9,6	31,5	0	17,8
945	23.07.2025 18:49:44,000	1,89	2,37	50,0	6,5	33,5	0	11,7
946	23.07.2025 18:49:45,000	1,89	2,35	50,1	5,0	34,8	0	8,8
947	23.07.2025 18:49:46,000	1,89	2,33	46,9	6,7	36,5	0	11,2
948	23.07.2025 18:49:47,000	1,93	2,31	45,7	6,1	38,3	0	9,8
949	23.07.2025 18:49:48,000	1,93	2,28	43,3	8,0	38,7	0	12,7
950	23.07.2025 18:49:49,000	1,97	2,24	39,9	9,2	40,9	0	13,9
951	23.07.2025 18:49:50,000	2,01	2,22	47,7	1,0	41,3	0	1,6
952	23.07.2025 18:49:51,000	2,05	2,18	39,4	9,2	41,4	0	13,9
953	23.07.2025 18:49:52,000	2,09	2,16	45,7	3,7	40,6	0	5,7
954	23.07.2025 18:49:53,000	2,16	2,17	36,1	10,7	43,2	0	15,5
955	23.07.2025 18:49:54,000	2,16	2,12	40,0	5,9	44,1	0	8,5
956	23.07.2025 18:49:55,000	2,20	2,08	41,3	6,1	42,6	0	9,0
957	23.07.2025 18:49:56,000	2,28	2,09	41,6	5,5	42,8	0	8,1
958	23.07.2025 18:49:57,000	2,36	2,05	34,0	11,5	44,5	0	16,2
959	23.07.2025 18:49:58,000	2,40	2,01	43,1	5,0	41,9	0	7,5
960	23.07.2025 18:49:59,000	2,43	2,01	44,9	5,3	39,9	0	8,2
961	23.07.2025 18:50:00,000	2,47	1,97	40,1	6,6	43,3	0	9,6
962	23.07.2025 18:50:01,000	2,51	1,95	40,4	5,2	44,3	0	7,5
963	23.07.2025 18:50:02,000	2,59	1,86	40,9	5,1	44,0	0	7,3
964	23.07.2025 18:50:03,000	2,78	1,68	41,5	3,2	45,3	0	4,5
965	23.07.2025 18:50:04,000	3,16	1,59	38,3	5,5	46,1	0	7,7
966	23.07.2025 18:50:05,000	3,61	1,54	40,9	2,6	46,5	0	3,6
967	23.07.2025 18:50:06,000	3,94	1,54	37,5	5,6	46,9	0	7,8
968	23.07.2025 18:50:07,000	4,17	1,54	35,0	6,8	48,2	0	9,2
969	23.07.2025 18:50:08,000	4,31	1,50	36,5	5,3	48,2	0	7,2
970	23.07.2025 18:50:09,000	4,50	1,47	41,4	1,3	47,3	0	1,8
971	23.07.2025 18:50:10,000	4,75	1,38	37,3	5,9	46,8	0	8,1
972	23.07.2025 18:50:11,000	5,04	1,36	41,2	3,1	45,6	0	4,4
973	23.07.2025 18:50:12,000	5,23	1,37	34,6	9,1	46,3	0	12,6
974	23.07.2025 18:50:13,000	5,41	1,34	43,4	0,9	45,8	0	1,2
975	23.07.2025 18:50:14,000	5,55	1,35	42,2	1,9	46,0	0	2,6
976	23.07.2025 18:50:15,000	5,66	1,36	36,9	7,1	46,0	0	9,9
977	23.07.2025 18:50:16,000	5,76	1,32	42,3	2,1	45,7	0	2,9
978	23.07.2025 18:50:17,000	5,91	1,27	39,9	4,1	46,0	0	5,7
979	23.07.2025 18:50:18,000	6,05	1,30	46,4	1,6	42,0	0	2,5
980	23.07.2025 18:50:19,000	6,15	1,29	36,8	9,6	43,6	0	13,8
981	23.07.2025 18:50:20,000	6,30	1,27	37,8	7,0	45,2	0	10,0
982	23.07.2025 18:50:21,000	6,40	1,26	42,7	2,6	44,7	0	3,7
983	23.07.2025 18:50:22,000	6,47	1,29	32,5	12,6	44,9	0	17,5
984	23.07.2025 18:50:23,000	6,51	1,29	42,4	4,3	43,4	0	6,2
985	23.07.2025 18:50:24,000	6,61	1,21	41,1	6,2	42,6	0	9,2
986	23.07.2025 18:50:25,000	6,72	1,22	39,2	8,7	42,1	0	12,9
987	23.07.2025 18:50:26,000	6,82	1,16	42,7	6,3	41,0	0	9,7
988	23.07.2025 18:50:27,000	6,96	1,19	41,8	9,0	39,2	0	14,0
989	23.07.2025 18:50:28,000	7,03	1,20	39,9	11,1	39,0	0	17,3
990	23.07.2025 18:50:29,000	7,10	1,13	41,6	9,8	38,6	0	15,4
991	23.07.2025 18:50:30,000	7,27	1,10	40,9	10,1	39,0	0	15,8
992	23.07.2025 18:50:31,000	7,38	1,09	41,0	9,4	39,5	0	14,7
993	23.07.2025 18:50:32,000	7,48	1,10	43,3	7,8	38,9	0	12,3
994	23.07.2025 18:50:33,000	7,55	1,10	44,4	6,5	39,1	0	10,3
995	23.07.2025 18:50:34,000	7,58	1,10	43,0	5,9	41,1	0	8,9
996	23.07.2025 18:50:35,000	7,62	1,11	43,0	5,6	41,4	0	8,5
997	23.07.2025 18:50:36,000	7,62	1,08	41,0	5,9	43,1	0	8,6
998	23.07.2025 18:50:37,000	7,62	1,06	42,3	5,6	42,1	0	8,4
999	23.07.2025 18:50:38,000	7,76	1,01	41,9	5,3	42,8	0	7,9
1000	23.07.2025 18:50:39,000	7,93	1,00	41,8	5,6	42,6	0	8,3
1001	23.07.2025 18:50:40,000	8,03	1,00	43,0	2,8	44,2	0	4,1
1002	23.07.2025 18:50:41,000	8,10	0,96	45,3	1,6	43,0	0	2,4
1003	23.07.2025 18:50:42,000	8,17	0,90	41,2	2,4	46,4	0	3,3
1004	23.07.2025 18:50:43,000	8,30	0,87	38,3	2,6	49,1	0	3,5
1005	23.07.2025 18:50:44,000	8,44	0,88	42,1	0,0	47,9	0	0,0
1006	23.07.2025 18:50:45,000	8,61	0,89	35,8	6,5	47,8	0	8,8
1007	23.07.2025 18:50:46,000	8,71	0,83	31,1	10,0	48,9	0	13,3
1008	23.07.2025 18:50:47,000	8,81	0,82	36,8	3,3	49,9	0	4,3
1009	23.07.2025 18:50:48,000	8,91	0,80	39,4	1,8	48,8	0	2,4
1010	23.07.2025 18:50:49,000	9,04	0,77	32,8	8,3	48,9	0	11,1
1011	23.07.2025 18:50:50,000	9,18	0,73	37,3	4,9	47,8	0	6,6
1012	23.07.2025 18:50:51,000	9,31	0,72	38,4	4,7	46,8	0	6,6
1013	23.07.2025 18:50:52,000	9,41	0,71	42,3	4,7	43,0	0	6,9
1014	23.07.2025 18:50:53,000	9,48	0,71	39,9	4,8	45,2	0	6,9
1015	23.07.2025 18:50:54,000	9,51	0,69	38,4	7,2	44,4	0	10,3
1016	23.07.2025 18:50:55,000	9,61	0,63	40,5	7,0	42,5	0	10,4
1017	23.07.2025 18:50:56,000	9,74	0,62	38,6	9,6	41,8	0	14,3
1018	23.07.2025 18:50:57,000	9,84	0,60	40,8	7,8	41,4	0	11,8
1019	23.07.2025 18:50:58,000	9,94	0,59	46,2	1,5	42,4	0	2,2
1020	23.07.2025 18:50:59,000	9,97	0,59	42,2	5,9	41,9	0	8,9
1021	23.07.2025 18:51:00,000	10,01	0,57	40,9	8,9	40,2	0	13,7
1022	23.07.2025 18:51:01,000	10,07	0,53	41,3	7,7	41,0	0	11,8
1023	23.07.2025 18:51:02,000	10,11	0,53	46,0	0,1	44,0	0	0,1
1024	23.07.2025 18:51:03,000	10,14	0,51	45,4	0,6	44,0	0	0,9
1025	23.07.2025 18:51:04,000	10,20	0,50	45,2	3,2	41,6	1	4,9
1026	23.07.2025 18:51:05,000	10,24	0,48	29,4	25,3	35,2	0	36,9
1027	23.07.2025 18:51:06,000	10,24	0,48	43,7	3,4	42,9	0	4,9
1028	23.07.2025 18:51:07,000	10,30	0,40	42,6	2,6	44,8	0	3,7
1029	23.07.2025 18:51:08,000	10,40	0,40	44,4	-4,9	40,6	0	-7,6
1030	23.07.2025 18:51:09,000	10,47	0,35	42,7	-3,3	43,9	0	-4,8
1031	23.07.2025 18:51:10,000	10,53	0,37	45,2	-6,9	37,9	0	-11,2
1032	23.07.2025 18:51:11,000	10,60	0,33	33,7	14,0	42,3	0	20,3
1033	23.07.2025 18:51:12,000	10,66	0,33	35,8	11,3	42,8	0	16,4
1034	23.07.2025 18:51:13,000	10,69	0,28	37,2	10,2	42,7	0	14,9
1035	23.07.2025 18:51:14,000	10,73	0,26	37,0	8,3	44,6	0	11,9
1036	23.07.2025 18:51:15,000	10,82	0,24	45,9	-4,0	40,1	0	-6,2
1037	23.07.2025 18:51:16,000	10,92	0,19	39,9	5,8	44,3	0	8,4
1038	23.07.2025 18:51:17,000	10,99	0,17	23,9	14,8	51,4	0	18,6
1039	23.07.2025 18:51:18,000	11,05	0,15	35,1	7,4	47,4	0	10,2
1040	23.07.2025 18:51:19,000	11,15	0,17	25,2	14,6	50,3	0	18,7
1041	23.07.2025 18:51:20,000	11,25	0,15	27,3	11,9	50,7	0	15,4
1042	23.07.2025 18:51:21,000	11,31	0,15	34,4	5,8	49,9	0	7,6
1043	23.07.2025 18:51:22,000	11,34	0,13	33,9	1,7	54,4	0	2,2
1044	23.07.2025 18:51:23,000	11,37	0,10	27,7	6,5	55,8	0	7,9
1045	23.07.2025 18:51:24,000	11,41	0,15	37,3	-0,8	51,9	0	-1,0
1046	23.07.2025 18:51:25,000	11,44	0,13	33,5	-1,7	54,7	0	-2,1
1047	23.07.2025 18:51:26,000	11,54	0,08	31,0	-3,8	55,2	0	-4,7
1048	23.07.2025 18:51:27,000	11,57	0,10	30,1	-4,8	55,0	0	-5,9
1049	23.07.2025 18:51:28,000	11,63	0,08	31,8	-7,4	50,9	0	-9,6
1050	23.07.2025 18:51:29,000	11,70	0,10	33,7	-6,7	49,6	0	-8,9
1051	23.07.2025 18:51:30,000	11,73	0,10	37,6	-0,9	51,5	0	-1,2
1052	23.07.2025 18:51:31,000	11,76	0,13	36,3	4,6	49,1	0	6,1
1053	23.07.2025 18:51:32,000	11,79	0,10	35,7	11,3	43,0	0	16,4
1054	23.07.2025 18:51:33,000	11,79	0,15	32,5	12,4	45,2	0	17,2
1055	23.07.2025 18:51:34,000	11,82	0,13	32,7	13,4	44,0	0	18,9
1056	23.07.2025 18:51:35,000	11,82	0,13	27,1	13,4	49,5	0	17,5
1057	23.07.2025 18:51:36,000	11,86	0,13	35,6	10,1	44,4	1	14,3
1058	23.07.2025 18:51:37,000	11,86	0,13	28,5	16,2	45,2	0	22,1
1059	23.07.2025 18:51:38,000	11,89	0,10	34,2	-1,9	53,9	0	-2,4
1060	23.07.2025 18:51:39,000	11,92	0,06	30,1	-9,3	50,6	0	-12,1
1061	23.07.2025 18:51:40,000	11,98	0,06	28,3	-7,9	53,8	0	-9,9
1062	23.07.2025 18:51:41,000	12,08	0,06	26,9	-5,9	57,2	0	-7,2
1063	23.07.2025 18:51:42,000	12,11	0,06	24,7	-3,8	61,5	0	-4,4
1064	23.07.2025 18:51:43,000	12,17	0,06	28,9	-6,5	54,6	0	-8,0
1065	23.07.2025 18:51:44,000	12,24	0,08	34,7	-1,7	53,6	0	-2,1
1066	23.07.2025 18:51:45,000	12,27	0,08	36,5	7,4	46,1	0	10,3
1067	23.07.2025 18:51:46,000	12,33	0,10	32,8	12,1	45,2	0	16,8
1068	23.07.2025 18:51:47,000	12,33	0,10	29,4	8,9	51,7	0	11,5
1069	23.07.2025 18:51:48,000	12,33	0,10	27,1	18,2	44,7	0	24,5
1070	23.07.2025 18:51:49,000	12,37	0,08	26,0	8,9	55,1	0	11,0
1071	23.07.2025 18:51:50,000	12,37	0,10	32,7	8,4	49,0	0	11,2
1072	23.07.2025 18:51:51,000	12,40	0,10	34,1	-3,3	52,6	0	-4,2
1073	23.07.2025 18:51:52,000	12,43	0,06	28,6	-5,8	55,7	0	-7,1
1074	23.07.2025 18:51:53,000	12,46	0,04	29,6	-5,3	55,1	0	-6,5
1075	23.07.2025 18:51:54,000	12,56	0,01	31,3	-2,9	55,8	0	-3,6
1076	23.07.2025 18:51:55,000	12,59	0,08	35,8	5,0	49,2	0	6,7
1077	23.07.2025 18:51:56,000	12,62	0,08	30,5	8,5	51,0	0	11,0
1078	23.07.2025 18:51:57,000	12,65	0,08	26,7	12,2	51,1	0	15,6
1079	23.07.2025 18:51:58,000	12,62	0,08	22,0	13,8	54,2	0	16,9
1080	23.07.2025 18:51:59,000	12,62	0,10	26,1	10,6	53,3	1	13,3
1081	23.07.2025 18:52:00,000	12,59	0,10	34,4	-0,2	55,4	0	-0,2
1082	23.07.2025 18:52:01,000	12,62	0,08	34,1	-4,5	51,5	1	-5,7
1083	23.07.2025 18:52:02,000	12,68	0,06	27,4	6,0	56,6	0	7,2
1084	23.07.2025 18:52:03,000	12,71	0,06	23,4	7,8	58,9	0	9,2
1085	23.07.2025 18:52:04,000	12,75	0,06	30,2	7,3	52,5	0	9,3
1086	23.07.2025 18:52:05,000	12,78	0,06	35,7	8,2	46,1	0	11,5
1087	23.07.2025 18:52:06,000	12,81	0,06	29,9	7,8	52,2	0	10,0
1088	23.07.2025 18:52:07,000	12,84	0,06	29,1	8,5	52,4	0	10,9
1089	23.07.2025 18:52:08,000	12,87	0,08	29,0	14,1	46,9	0	18,9
1090	23.07.2025 18:52:09,000	12,87	0,08	25,6	8,0	56,4	1	9,7
1091	23.07.2025 18:52:10,000	12,87	0,10	28,7	4,0	57,2	1	4,9
1092	23.07.2025 18:52:11,000	12,87	0,08	28,8	7,6	53,7	0	9,5
1093	23.07.2025 18:52:12,000	12,90	0,10	31,1	1,8	57,0	0	2,2
1094	23.07.2025 18:52:13,000	12,93	0,06	28,8	6,5	54,7	0	8,1
1095	23.07.2025 18:52:14,000	12,97	0,08	35,0	13,7	41,3	0	20,2
1096	23.07.2025 18:52:15,000	13,00	0,10	35,2	6,7	48,1	0	9,0
1097	23.07.2025 18:52:16,000	13,00	0,08	36,8	4,9	48,3	0	6,7
1098	23.07.2025 18:52:17,000	13,06	0,06	26,4	11,0	52,6	0	13,9
1099	23.07.2025 18:52:18,000	13,06	0,08	35,4	13,8	40,8	0	20,5
1100	23.07.2025 18:52:19,000	13,09	0,08	32,4	9,4	48,3	0	12,6
1101	23.07.2025 18:52:20,000	13,12	0,08	30,8	12,9	46,3	0	17,6
1102	23.07.2025 18:52:21,000	13,15	0,10	31,3	16,0	42,7	0	22,7
1103	23.07.2025 18:52:22,000	13,15	0,10	28,3	10,3	51,4	0	13,2
1104	23.07.2025 18:52:23,000	13,19	0,08	28,4	6,0	55,6	0	7,4
1105	23.07.2025 18:52:24,000	13,25	0,04	27,9	9,1	53,1	0	11,5
1106	23.07.2025 18:52:25,000	13,28	0,06	32,5	4,5	53,0	0	5,7
1107	23.07.2025 18:52:26,000	13,28	0,06	33,5	7,7	48,8	0	10,3
1108	23.07.2025 18:52:27,000	13,28	0,06	35,9	4,3	49,8	0	5,6
1109	23.07.2025 18:52:28,000	13,31	0,06	30,3	3,0	56,7	0	3,7
1110	23.07.2025 18:52:29,000	13,31	0,06	27,1	6,4	56,5	0	7,8
1111	23.07.2025 18:52:30,000	13,34	0,01	27,9	21,0	41,0	0	29,2
1112	23.07.2025 18:52:31,000	13,37	0,01	34,8	13,4	41,8	0	19,6
1113	23.07.2025 18:52:32,000	13,41	-0,01	24,5	11,8	53,6	0	14,7
1114	23.07.2025 18:52:33,000	13,44	-0,01	19,7	10,4	60,0	0	12,2
1115	23.07.2025 18:52:34,000	13,47	0,01	21,2	9,1	59,7	0	10,7
1116	23.07.2025 18:52:35,000	13,53	0,04	42,1	19,5	28,4	1	35,3
1117	23.07.2025 18:52:36,000	13,56	-0,01	29,9	12,8	47,3	0	17,2
1118	23.07.2025 18:52:37,000	13,59	-0,03	21,3	6,3	62,5	0	7,2
1119	23.07.2025 18:52:38,000	13,62	-0,03	24,8	18,6	46,6	0	24,4
1120	23.07.2025 18:52:39,000	13,66	-0,01	29,8	-3,6	56,5	0	-4,4
1121	23.07.2025 18:52:40,000	13,66	0,01	34,3	4,7	51,1	0	6,0
1122	23.07.2025 18:52:41,000	13,69	0,01	33,8	1,5	54,7	0	1,8
1123	23.07.2025 18:52:42,000	13,69	-0,01	35,1	7,8	47,2	0	10,7
1124	23.07.2025 18:52:43,000	13,72	-0,01	40,3	-0,6	49,1	0	-0,9
1125	23.07.2025 18:52:44,000	13,72	0,01	25,9	5,9	58,1	0	7,1
1126	23.07.2025 18:52:45,000	13,72	0,01	45,3	4,8	39,9	1	7,6
1127	23.07.2025 18:52:46,000	13,75	0,01	29,8	11,4	48,8	1	15,2
1128	23.07.2025 18:52:47,000	13,81	0,01	33,5	28,0	28,5	0	44,6
1129	23.07.2025 18:52:48,000	13,81	0,04	27,5	-6,7	55,8	0	-8,2
1130	23.07.2025 18:52:49,000	13,81	0,06	40,1	25,1	24,8	0	45,3
1131	23.07.2025 18:52:50,000	13,81	0,08	40,5	39,7	9,9	0	74,7
1132	23.07.2025 18:52:51,000	13,81	0,06	50,1	9,9	30,0	1	19,1
1133	23.07.2025 18:52:52,000	13,81	-0,01	20,2	19,5	50,3	1	24,2
1134	23.07.2025 18:52:53,000	13,84	-0,03	27,0	30,8	32,2	0	43,9
1135	23.07.2025 18:52:54,000	13,87	-0,01	48,0	34,0	8,0	1	75,9
1136	23.07.2025 18:52:55,000	13,87	-0,03	60,0	24,8	5,2	0	77,8
1137	23.07.2025 18:52:56,000	13,84	0,04	62,2	24,6	3,2	0	82,3
1138	23.07.2025 18:52:57,000	13,81	0,04	59,7	26,9	3,4	0	82,5
1139	23.07.2025 18:52:58,000	13,75	0,06	50,3	25,5	14,2	0	60,1
1140	23.07.2025 18:52:59,000	13,69	0,08	51,6	34,6	3,8	1	83,3
1141	23.07.2025 18:53:00,000	13,59	0,10	64,1	20,1	-5,7	1	83,3
1142	23.07.2025 18:53:01,000	13,53	0,10	73,3	12,5	-4,2	1	83,3
1143	23.07.2025 18:53:02,000	13,44	0,10	66,9	15,9	-7,2	0	83,3
1144	23.07.2025 18:53:03,000	13,37	0,10	84,6	3,7	-1,7	0	83,3
1145	23.07.2025 18:53:04,000	13,31	0,10	73,0	6,1	10,9	0	83,3
1146	23.07.2025 18:53:05,000	13,28	0,13	49,5	21,9	18,7	0	49,3
1147	23.07.2025 18:53:06,000	13,22	0,15	71,7	12,5	5,8	0	49,3
1148	23.07.2025 18:53:07,000	13,15	0,15	79,4	4,4	6,2	0	49,3
1149	23.07.2025 18:53:08,000	13,12	0,13	76,4	7,3	6,3	0	49,3
1150	23.07.2025 18:53:09,000	13,09	0,15	66,2	18,9	4,9	1	49,3
1151	23.07.2025 18:53:10,000	13,03	0,15	-3,0	9,9	77,1	0	10,2
1152	23.07.2025 18:53:11,000	13,00	0,13	-12,3	8,0	69,6	0	8,8
1153	23.07.2025 18:53:12,000	13,00	0,15	-10,7	12,7	66,5	0	14,0
1154	23.07.2025 18:53:13,000	12,97	0,15	-9,3	11,1	69,7	0	12,0
1155	23.07.2025 18:53:14,000	12,97	0,15	-12,2	10,0	67,8	0	11,1
1156	23.07.2025 18:53:15,000	12,93	0,15	-10,4	9,9	69,7	0	10,8
1157	23.07.2025 18:53:16,000	12,90	0,15	-7,5	5,7	76,8	0	6,0
1158	23.07.2025 18:53:17,000	12,90	0,17	-8,6	8,7	72,6	0	9,4
1159	23.07.2025 18:53:18,000	12,90	0,17	-6,7	9,8	73,5	0	10,4
1160	23.07.2025 18:53:19,000	12,87	0,17	-6,1	9,4	74,5	0	9,9
1161	23.07.2025 18:53:20,000	12,87	0,17	-5,9	8,7	75,3	0	9,2
1162	23.07.2025 18:53:21,000	12,84	0,15	-6,5	9,5	74,1	0	10,0
1163	23.07.2025 18:53:22,000	12,84	0,15	-19,3	8,8	61,9	0	10,2
1164	23.07.2025 18:53:23,000	12,81	0,15	-53,4	-8,4	-28,2	0	-162,6
1165	23.07.2025 18:53:24,000	12,81	0,15	-4,3	-76,2	-9,5	0	-99,9
1166	23.07.2025 18:53:25,000	12,81	0,17	-4,0	-77,0	-8,9	0	-99,3
1167	23.07.2025 18:53:26,000	12,78	0,17	-4,4	-77,5	-8,1	0	-98,4
1168	23.07.2025 18:53:27,000	12,78	0,17	-4,6	-76,8	-8,6	0	-99,0
1169	23.07.2025 18:53:28,000	12,75	0,17	-4,2	-77,3	-8,5	0	-98,8
1170	23.07.2025 18:53:29,000	12,75	0,17	-4,2	-77,2	-8,6	0	-99,0
1171	23.07.2025 18:53:30,000	12,75	0,17	-10,2	-73,2	-6,6	0	-97,1
1172	23.07.2025 18:53:31,000	12,71	0,17	-4,1	-77,7	8,2	0	-81,5
1173	23.07.2025 18:53:32,000	12,71	0,17	-4,0	-78,3	7,7	0	-82,0
1174	23.07.2025 18:53:33,000	12,68	0,19	-3,2	-77,9	8,9	0	-80,8
1175	23.07.2025 18:53:34,000	12,68	0,17	-3,9	-77,5	8,6	0	-81,1
1176	23.07.2025 18:53:35,000	12,68	0,19	-3,5	-77,4	9,2	0	-80,5
1177	23.07.2025 18:53:36,000	12,65	0,17	-2,8	-77,6	9,6	0	-80,1
1178	23.07.2025 18:53:37,000	12,65	0,19	-3,8	-76,6	9,7	0	-80,0
1179	23.07.2025 18:53:38,000	12,62	0,19	-4,0	-76,1	9,8	0	-79,8
1180	23.07.2025 18:53:39,000	12,62	0,19	-2,8	-77,5	9,6	0	-80,1
1181	23.07.2025 18:53:40,000	12,62	0,19	-3,0	-76,9	10,2	0	-79,5
1182	23.07.2025 18:53:41,000	12,62	0,19	-3,5	-77,0	9,5	0	-80,2
1183	23.07.2025 18:53:42,000	12,59	0,19	-3,4	-76,7	9,9	0	-79,8
1184	23.07.2025 18:53:43,000	12,59	0,19	-3,3	-76,3	10,4	0	-79,3
1185	23.07.2025 18:53:44,000	12,59	0,19	-3,3	-76,9	9,8	0	-79,8
1186	23.07.2025 18:53:45,000	12,56	0,19	-3,1	-77,2	9,7	0	-80,0
1187	23.07.2025 18:53:46,000	12,56	0,17	-3,2	-76,6	10,2	0	-79,5
1188	23.07.2025 18:53:47,000	12,56	0,17	-3,3	-76,1	10,5	0	-79,1
1189	23.07.2025 18:53:48,000	12,52	0,19	-3,5	-76,7	9,8	0	-79,8
1190	23.07.2025 18:53:49,000	12,52	0,17	-3,0	-77,7	9,3	0	-80,4
1191	23.07.2025 18:53:50,000	12,52	0,19	-2,9	-77,1	9,9	0	-79,8
1192	23.07.2025 18:53:51,000	12,52	0,17	-4,0	-75,5	10,5	0	-79,1
1193	23.07.2025 18:53:52,000	12,52	0,19	-3,2	-76,3	10,5	0	-79,2
1194	23.07.2025 18:53:53,000	12,49	0,19	-2,3	-78,0	9,7	0	-80,1
1195	23.07.2025 18:53:54,000	12,49	0,19	-3,5	-77,4	9,1	0	-80,6
1196	23.07.2025 18:53:55,000	12,49	0,19	-3,7	-76,2	10,1	0	-79,5
1197	23.07.2025 18:53:56,000	12,49	0,19	-2,4	-77,1	10,5	0	-79,3
1198	23.07.2025 18:53:57,000	12,49	0,19	-2,5	-77,6	9,9	0	-79,8
1199	23.07.2025 18:53:58,000	12,46	0,19	-3,5	-77,4	9,1	0	-80,6
1200	23.07.2025 18:53:59,000	12,46	0,19	-3,4	-76,8	9,8	0	-79,9
1201	23.07.2025 18:54:00,000	12,46	0,19	-2,7	-76,6	10,7	0	-79,0
1202	23.07.2025 18:54:01,000	12,46	0,19	-2,8	-77,2	10,0	0	-79,7
1203	23.07.2025 18:54:02,000	12,46	0,19	-3,0	-76,6	10,3	0	-79,3
1204	23.07.2025 18:54:03,000	12,46	0,19	-3,0	-75,7	11,3	0	-78,3
1205	23.07.2025 18:54:04,000	12,46	0,19	-2,7	-76,9	10,4	0	-79,3
1206	23.07.2025 18:54:05,000	12,43	0,19	-2,7	-77,1	10,1	0	-79,6
1207	23.07.2025 18:54:06,000	12,43	0,19	-3,2	-75,7	11,1	0	-78,5
1208	23.07.2025 18:54:07,000	12,43	0,22	-3,0	-75,6	11,5	0	-78,2
1209	23.07.2025 18:54:08,000	12,43	0,19	-2,1	-77,1	10,9	0	-78,9
1210	23.07.2025 18:54:09,000	12,43	0,19	-2,4	-76,7	10,8	0	-78,9
1211	23.07.2025 18:54:10,000	12,43	0,19	-3,7	-75,3	11,0	0	-78,6
1212	23.07.2025 18:54:11,000	12,43	0,19	-2,8	-75,8	11,4	0	-78,2
1213	23.07.2025 18:54:12,000	12,43	0,19	-1,4	-77,1	11,5	0	-78,3
1214	23.07.2025 18:54:13,000	12,43	0,19	-2,6	-76,0	11,4	0	-78,2
1215	23.07.2025 18:54:14,000	12,43	0,19	-3,9	-75,5	10,7	0	-78,9
1216	23.07.2025 18:54:15,000	12,43	0,19	-1,8	-76,7	11,5	0	-78,3
1217	23.07.2025 18:54:16,000	12,43	0,19	-1,8	-76,2	12,0	0	-77,8
1218	23.07.2025 18:54:17,000	12,43	0,22	-4,0	-75,0	11,1	0	-78,5
1219	23.07.2025 18:54:18,000	12,43	0,19	-2,4	-76,4	11,1	0	-78,6
1220	23.07.2025 18:54:19,000	12,43	0,19	-1,3	-76,7	12,0	0	-77,8
1221	23.07.2025 18:54:20,000	12,43	0,22	-3,2	-74,9	11,9	0	-77,7
1222	23.07.2025 18:54:21,000	12,43	0,19	-3,5	-75,3	11,2	0	-78,4
1223	23.07.2025 18:54:22,000	12,43	0,19	-1,2	-77,3	11,5	0	-78,3
1224	23.07.2025 18:54:23,000	12,43	0,19	-2,5	-75,3	12,1	0	-77,5
1225	23.07.2025 18:54:24,000	12,40	0,19	-3,5	-74,6	11,9	0	-77,6
1226	23.07.2025 18:54:25,000	12,40	0,19	-1,1	-78,2	10,7	0	-79,2
1227	23.07.2025 18:54:26,000	12,43	0,19	-1,8	-77,1	11,1	0	-78,7
1228	23.07.2025 18:54:27,000	12,40	0,19	-2,6	-74,8	12,6	0	-77,0
1229	23.07.2025 18:54:28,000	12,43	0,19	-2,4	-75,9	11,7	0	-78,0
1230	23.07.2025 18:54:29,000	12,43	0,19	-1,1	-76,3	12,6	0	-77,2
1231	23.07.2025 18:54:30,000	12,43	0,22	-1,9	-74,9	13,1	0	-76,6
1232	23.07.2025 18:54:31,000	12,43	0,19	-2,6	-74,8	12,6	0	-77,0
1233	23.07.2025 18:54:32,000	12,43	0,19	-1,7	-75,7	12,6	0	-77,1
1234	23.07.2025 18:54:33,000	12,43	0,19	-1,7	-75,0	13,2	0	-76,5
1235	23.07.2025 18:54:34,000	12,43	0,19	-1,8	-74,0	14,2	0	-75,5
1236	23.07.2025 18:54:35,000	12,43	0,22	-0,9	-74,6	14,5	0	-75,3
1237	23.07.2025 18:54:36,000	12,43	0,19	-1,7	-74,5	13,9	0	-75,9
1238	23.07.2025 18:54:37,000	12,43	0,19	-2,3	-74,0	13,8	0	-75,9
1239	23.07.2025 18:54:38,000	12,43	0,19	-1,2	-75,6	13,2	0	-76,6
1240	23.07.2025 18:54:39,000	12,43	0,19	-1,5	-75,9	12,6	0	-77,2
1241	23.07.2025 18:54:40,000	12,43	0,19	-2,5	-76,2	11,4	0	-78,3
1242	23.07.2025 18:54:41,000	12,43	0,22	-2,9	-76,0	11,2	0	-78,5
1243	23.07.2025 18:54:42,000	12,43	0,19	-1,8	-76,6	11,6	0	-78,1
1244	23.07.2025 18:54:43,000	12,43	0,22	-2,0	-76,8	11,2	0	-78,5
1245	23.07.2025 18:54:44,000	12,43	0,19	-2,5	-75,1	12,4	0	-77,3
1246	23.07.2025 18:54:45,000	12,43	0,19	-2,1	-74,9	13,0	0	-76,7
1247	23.07.2025 18:54:46,000	12,43	0,22	-1,6	-74,4	14,0	0	-75,8
1248	23.07.2025 18:54:47,000	12,43	0,19	-1,6	-74,1	14,2	0	-75,5
1249	23.07.2025 18:54:48,000	12,43	0,19	-1,6	-74,4	14,0	0	-75,8
1250	23.07.2025 18:54:49,000	12,43	0,19	-1,5	-75,7	12,9	0	-76,9
1251	23.07.2025 18:54:50,000	12,43	0,22	-2,4	-75,6	12,0	0	-77,7
1252	23.07.2025 18:54:51,000	12,43	0,19	-2,4	-77,5	10,1	0	-79,6
1253	23.07.2025 18:54:52,000	12,43	0,22	-3,4	-76,8	9,8	0	-79,9
1254	23.07.2025 18:54:53,000	12,43	0,22	-3,0	-78,1	8,8	0	-80,9
1255	23.07.2025 18:54:54,000	12,43	0,22	-3,4	-77,9	8,7	0	-81,0
1256	23.07.2025 18:54:55,000	12,46	0,19	-3,6	-77,9	8,4	0	-81,3
1257	23.07.2025 18:54:56,000	12,46	0,19	-3,3	-78,6	8,1	0	-81,7
1258	23.07.2025 18:54:57,000	12,46	0,22	-4,2	-76,8	8,9	0	-80,7
1259	23.07.2025 18:54:58,000	12,46	0,19	-3,0	-78,7	8,3	0	-81,5
1260	23.07.2025 18:54:59,000	12,46	0,22	-4,4	-76,3	9,3	0	-80,3
1261	23.07.2025 18:55:00,000	12,46	0,19	-3,3	-78,1	8,6	0	-81,1
1262	23.07.2025 18:55:01,000	12,46	0,22	-3,6	-78,0	8,3	0	-81,4
1263	23.07.2025 18:55:02,000	12,46	0,19	-4,5	-76,6	8,8	0	-80,8
1264	23.07.2025 18:55:03,000	12,49	0,19	-3,1	-78,5	8,4	0	-81,4
1265	23.07.2025 18:55:04,000	12,49	0,19	-4,3	-77,9	7,8	0	-81,9
1266	23.07.2025 18:55:05,000	12,49	0,19	-4,3	-77,8	7,9	0	-81,8
1267	23.07.2025 18:55:06,000	12,49	0,19	-4,2	-77,5	8,3	0	-81,4
1268	23.07.2025 18:55:07,000	12,49	0,19	-3,7	-78,0	8,3	0	-81,4
1269	23.07.2025 18:55:08,000	12,49	0,19	-3,8	-76,4	9,8	0	-79,9
1270	23.07.2025 18:55:09,000	12,49	0,19	-3,7	-76,2	10,1	0	-79,5
1271	23.07.2025 18:55:10,000	12,49	0,17	-3,6	-76,0	10,4	0	-79,2
1272	23.07.2025 18:55:11,000	12,49	0,22	-3,5	-75,1	11,4	0	-78,2
1273	23.07.2025 18:55:12,000	12,52	0,22	-3,0	-74,7	12,3	0	-77,3
1274	23.07.2025 18:55:13,000	12,52	0,19	-3,3	-74,2	12,5	0	-77,1
1275	23.07.2025 18:55:14,000	12,52	0,19	-2,7	-73,8	13,4	0	-76,2
1276	23.07.2025 18:55:15,000	12,52	0,19	-3,1	-72,7	14,2	0	-75,3
1277	23.07.2025 18:55:16,000	12,52	0,19	-2,5	-73,7	13,8	0	-75,8
1278	23.07.2025 18:55:17,000	12,52	0,19	-3,2	-73,6	13,2	0	-76,4
1279	23.07.2025 18:55:18,000	12,52	0,19	-3,0	-74,2	12,8	0	-76,8
1280	23.07.2025 18:55:19,000	12,52	0,19	-3,0	-76,2	10,8	0	-78,8
1281	23.07.2025 18:55:20,000	12,56	0,22	-3,8	-76,4	9,8	0	-79,8
1282	23.07.2025 18:55:21,000	12,56	0,19	-4,3	-77,1	8,6	0	-81,0
1283	23.07.2025 18:55:22,000	12,56	0,22	-3,7	-78,0	8,4	0	-81,4
1284	23.07.2025 18:55:23,000	12,56	0,19	-4,4	-77,9	7,7	0	-82,0
1285	23.07.2025 18:55:24,000	12,56	0,19	-4,1	-78,8	7,1	0	-82,6
1286	23.07.2025 18:55:25,000	12,56	0,19	-4,6	-76,9	8,6	0	-81,1
1287	23.07.2025 18:55:26,000	12,56	0,19	-3,5	-78,2	8,3	0	-81,4
1288	23.07.2025 18:55:27,000	12,56	0,19	-4,6	-76,7	8,7	0	-80,9
1289	23.07.2025 18:55:28,000	12,56	0,19	-4,1	-76,6	9,3	0	-80,3
1290	23.07.2025 18:55:29,000	12,59	0,22	-3,3	-77,3	9,4	0	-80,3
1291	23.07.2025 18:55:30,000	12,59	0,22	-4,4	-75,8	9,8	0	-79,8
1292	23.07.2025 18:55:31,000	12,59	0,22	-3,6	-76,8	9,6	0	-80,1
1293	23.07.2025 18:55:32,000	12,59	0,22	-3,8	-77,2	9,0	0	-80,7
1294	23.07.2025 18:55:33,000	12,59	0,22	-4,6	-76,3	9,1	0	-80,5
1295	23.07.2025 18:55:34,000	12,59	0,22	-3,7	-77,5	8,8	0	-80,9
1296	23.07.2025 18:55:35,000	12,59	0,22	-4,4	-76,1	9,5	0	-80,1
1297	23.07.2025 18:55:36,000	12,62	0,22	-4,4	-77,3	8,3	0	-81,4
1298	23.07.2025 18:55:37,000	12,62	0,22	-4,0	-76,9	9,1	0	-80,6
1299	23.07.2025 18:55:38,000	12,62	0,22	-4,0	-77,3	8,7	0	-81,0
1300	23.07.2025 18:55:39,000	12,62	0,19	-4,4	-76,6	9,0	0	-80,6
1301	23.07.2025 18:55:40,000	12,62	0,22	-3,7	-77,4	9,0	0	-80,7
1302	23.07.2025 18:55:41,000	12,62	0,22	-4,4	-77,3	8,3	0	-81,3
1303	23.07.2025 18:55:42,000	12,62	0,22	-3,7	-77,3	9,0	0	-80,7
1304	23.07.2025 18:55:43,000	12,62	0,22	-4,3	-76,7	9,1	0	-80,6
1305	23.07.2025 18:55:44,000	12,62	0,22	-4,0	-77,3	8,7	0	-81,0
1306	23.07.2025 18:55:45,000	12,65	0,22	-3,9	-77,3	8,8	0	-80,9
1307	23.07.2025 18:55:46,000	12,65	0,19	-4,4	-77,0	8,6	0	-81,0
1308	23.07.2025 18:55:47,000	12,65	0,22	-4,2	-76,6	9,2	0	-80,5
1309	23.07.2025 18:55:48,000	12,65	0,19	-3,9	-77,6	8,5	0	-81,2
1310	23.07.2025 18:55:49,000	12,65	0,22	-4,3	-76,6	9,1	0	-80,5
1311	23.07.2025 18:55:50,000	12,65	0,22	-3,7	-77,8	8,4	0	-81,3
1312	23.07.2025 18:55:51,000	12,65	0,22	-5,0	-75,5	9,5	0	-80,0
1313	23.07.2025 18:55:52,000	12,65	0,22	-3,5	-77,5	9,0	0	-80,7
1314	23.07.2025 18:55:53,000	12,68	0,22	-3,8	-78,1	8,1	0	-81,6
1315	23.07.2025 18:55:54,000	12,68	0,22	-5,2	-75,8	9,0	0	-80,6
1316	23.07.2025 18:55:55,000	12,68	0,22	-3,6	-77,5	8,9	0	-80,8
1317	23.07.2025 18:55:56,000	12,68	0,22	-3,6	-78,4	8,0	0	-81,7
1318	23.07.2025 18:55:57,000	12,68	0,22	-5,2	-76,2	8,6	0	-81,0
1319	23.07.2025 18:55:58,000	12,68	0,22	-3,3	-78,0	8,8	0	-80,9
1320	23.07.2025 18:55:59,000	12,68	0,22	-4,1	-76,6	9,3	0	-80,4
1321	23.07.2025 18:56:00,000	12,71	0,22	-4,2	-76,7	9,1	0	-80,5
1322	23.07.2025 18:56:01,000	12,71	0,22	-3,7	-77,7	8,6	0	-81,1
1323	23.07.2025 18:56:02,000	12,71	0,22	-4,5	-76,2	9,3	0	-80,3
1324	23.07.2025 18:56:03,000	12,71	0,19	-4,0	-76,5	9,5	0	-80,1
1325	23.07.2025 18:56:04,000	12,71	0,22	-3,9	-78,2	8,0	0	-81,7
1326	23.07.2025 18:56:05,000	12,71	0,22	-4,2	-76,3	9,4	0	-80,2
1327	23.07.2025 18:56:06,000	12,71	0,19	-4,2	-75,7	10,0	0	-79,6
1328	23.07.2025 18:56:07,000	12,75	0,22	-3,5	-76,7	9,8	0	-79,9
1329	23.07.2025 18:56:08,000	12,75	0,22	-3,9	-76,9	9,2	0	-80,5
1330	23.07.2025 18:56:09,000	12,75	0,22	-4,7	-75,2	10,1	0	-79,4
1331	23.07.2025 18:56:10,000	12,75	0,22	-3,5	-77,4	9,0	0	-80,6
1332	23.07.2025 18:56:11,000	12,75	0,19	-4,0	-76,9	9,1	0	-80,5
1333	23.07.2025 18:56:12,000	12,75	0,19	-4,3	-76,6	9,1	0	-80,6
1334	23.07.2025 18:56:13,000	12,75	0,19	-4,1	-77,1	8,8	0	-80,9
1335	23.07.2025 18:56:14,000	12,75	0,19	-3,8	-77,7	8,5	0	-81,2
1336	23.07.2025 18:56:15,000	12,78	0,19	-4,6	-76,0	9,4	0	-80,2
1337	23.07.2025 18:56:16,000	12,78	0,22	-3,5	-77,9	8,6	0	-81,1
1338	23.07.2025 18:56:17,000	12,78	0,19	-3,7	-77,5	8,8	0	-80,9
1339	23.07.2025 18:56:18,000	12,78	0,19	-5,0	-76,3	8,7	0	-80,9
1340	23.07.2025 18:56:19,000	12,78	0,22	-4,1	-76,7	9,2	0	-80,4
1341	23.07.2025 18:56:20,000	12,78	0,19	-3,5	-77,0	9,5	0	-80,2
1342	23.07.2025 18:56:21,000	12,78	0,22	-4,5	-77,2	8,3	0	-81,3
1343	23.07.2025 18:56:22,000	12,81	0,19	-4,1	-76,0	9,9	0	-79,7
1344	23.07.2025 18:56:23,000	12,81	0,19	-3,6	-77,0	9,4	0	-80,3
1345	23.07.2025 18:56:24,000	12,81	0,19	-4,2	-76,6	9,2	0	-80,5
1346	23.07.2025 18:56:25,000	12,81	0,19	-4,3	-76,0	9,6	0	-80,0
1347	23.07.2025 18:56:26,000	12,81	0,19	-3,8	-77,3	8,9	0	-80,8
1348	23.07.2025 18:56:27,000	12,81	0,22	-4,3	-76,1	9,6	0	-80,0
1349	23.07.2025 18:56:28,000	12,81	0,19	-3,9	-76,9	9,2	0	-80,4
1350	23.07.2025 18:56:29,000	12,81	0,19	-4,5	-76,3	9,2	0	-80,4
1351	23.07.2025 18:56:30,000	12,81	0,19	-3,6	-77,5	8,9	0	-80,8
1352	23.07.2025 18:56:31,000	12,84	0,22	-3,9	-77,4	8,6	0	-81,1
1353	23.07.2025 18:56:32,000	12,84	0,19	-4,5	-76,0	9,5	0	-80,1
1354	23.07.2025 18:56:33,000	12,84	0,19	-3,7	-76,9	9,4	0	-80,3
1355	23.07.2025 18:56:34,000	12,84	0,19	-3,7	-77,6	8,8	0	-80,9
1356	23.07.2025 18:56:35,000	12,84	0,19	-4,2	-76,1	9,7	0	-79,9
1357	23.07.2025 18:56:36,000	12,84	0,19	-4,2	-76,2	9,7	0	-79,9
1358	23.07.2025 18:56:37,000	12,84	0,19	-3,6	-77,1	9,2	0	-80,4
1359	23.07.2025 18:56:38,000	12,87	0,22	-4,2	-76,2	9,6	0	-80,0
1360	23.07.2025 18:56:39,000	12,87	0,22	-3,8	-77,1	9,1	0	-80,6
1361	23.07.2025 18:56:40,000	12,87	0,22	-4,3	-75,6	10,1	0	-79,5
1362	23.07.2025 18:56:41,000	12,87	0,22	-3,4	-77,6	9,0	0	-80,7
1363	23.07.2025 18:56:42,000	12,87	0,22	-4,3	-76,6	9,1	0	-80,5
1364	23.07.2025 18:56:43,000	12,87	0,22	-4,5	-76,4	9,1	0	-80,5
1365	23.07.2025 18:56:44,000	12,87	0,22	-4,0	-77,6	8,4	0	-81,2
1366	23.07.2025 18:56:45,000	12,87	0,22	-4,0	-76,6	9,4	0	-80,2
1367	23.07.2025 18:56:46,000	12,87	0,22	-3,8	-76,7	9,4	0	-80,2
1368	23.07.2025 18:56:47,000	12,87	0,22	-4,2	-76,9	8,9	0	-80,7
1369	23.07.2025 18:56:48,000	12,87	0,22	-4,1	-76,4	9,4	0	-80,2
1370	23.07.2025 18:56:49,000	12,87	0,24	-3,5	-78,3	8,2	0	-81,5
1371	23.07.2025 18:56:50,000	12,87	0,22	-4,9	-76,3	8,8	0	-80,8
1372	23.07.2025 18:56:51,000	12,90	0,22	-3,7	-77,1	9,2	0	-80,4
1373	23.07.2025 18:56:52,000	12,90	0,22	-3,9	-77,4	8,8	0	-80,9
1374	23.07.2025 18:56:53,000	12,90	0,24	-4,3	-76,6	9,1	0	-80,5
1375	23.07.2025 18:56:54,000	12,90	0,22	-4,4	-76,6	9,0	0	-80,7
1376	23.07.2025 18:56:55,000	12,90	0,22	-3,7	-77,2	9,1	0	-80,5
1377	23.07.2025 18:56:56,000	12,90	0,22	-3,9	-76,7	9,4	0	-80,2
1378	23.07.2025 18:56:57,000	12,90	0,22	-4,2	-77,2	8,6	0	-81,0
1379	23.07.2025 18:56:58,000	12,90	0,24	-4,1	-76,9	9,0	0	-80,7
1380	23.07.2025 18:56:59,000	12,90	0,19	-4,3	-75,1	10,6	0	-79,0
1381	23.07.2025 18:57:00,000	12,90	0,22	-3,0	-78,2	8,8	0	-80,9
1382	23.07.2025 18:57:01,000	12,93	0,19	-5,3	-74,5	10,2	0	-79,3
1383	23.07.2025 18:57:02,000	12,93	0,22	-3,5	-76,2	10,2	0	-79,4
1384	23.07.2025 18:57:03,000	12,93	0,22	-3,3	-77,3	9,5	0	-80,2
1385	23.07.2025 18:57:04,000	12,93	0,19	-4,2	-75,8	10,0	0	-79,6
1386	23.07.2025 18:57:05,000	12,93	0,22	-4,5	-76,1	9,3	0	-80,2
1387	23.07.2025 18:57:06,000	12,93	0,22	-3,4	-78,3	8,3	0	-81,4
1388	23.07.2025 18:57:07,000	12,93	0,22	-4,7	-75,9	9,4	0	-80,1
1389	23.07.2025 18:57:08,000	12,93	0,22	-3,7	-76,9	9,4	0	-80,3
1390	23.07.2025 18:57:09,000	12,97	0,22	-3,8	-77,7	8,5	0	-81,2
1391	23.07.2025 18:57:10,000	12,97	0,22	-4,3	-76,1	9,6	0	-80,0
1392	23.07.2025 18:57:11,000	12,97	0,19	-4,4	-76,9	8,8	0	-80,8
1393	23.07.2025 18:57:12,000	12,97	0,22	-3,9	-77,6	8,6	0	-81,1
1394	23.07.2025 18:57:13,000	12,97	0,22	-4,2	-76,8	9,0	0	-80,7
1395	23.07.2025 18:57:14,000	12,97	0,19	-4,2	-76,2	9,6	0	-80,0
1396	23.07.2025 18:57:15,000	12,97	0,19	-4,2	-76,7	9,1	0	-80,5
1397	23.07.2025 18:57:16,000	13,00	0,19	-4,2	-77,6	8,3	0	-81,4
1398	23.07.2025 18:57:17,000	13,00	0,22	-4,4	-77,5	8,1	0	-81,6
1399	23.07.2025 18:57:18,000	13,00	0,22	-4,4	-76,5	9,1	0	-80,5
1400	23.07.2025 18:57:19,000	13,00	0,22	-3,8	-77,3	8,9	0	-80,8
1401	23.07.2025 18:57:20,000	13,00	0,19	-4,1	-76,7	9,2	0	-80,5
1402	23.07.2025 18:57:21,000	13,00	0,19	-4,1	-76,1	9,8	0	-79,8
1403	23.07.2025 18:57:22,000	13,00	0,19	-3,8	-76,2	10,0	0	-79,6
1404	23.07.2025 18:57:23,000	13,00	0,22	-4,0	-75,7	10,3	0	-79,3
1405	23.07.2025 18:57:24,000	13,03	0,19	-3,3	-77,3	9,5	0	-80,2
1406	23.07.2025 18:57:25,000	13,03	0,22	-4,3	-75,7	10,0	0	-79,5
1407	23.07.2025 18:57:26,000	13,03	0,22	-3,8	-76,8	9,4	0	-80,3
1408	23.07.2025 18:57:27,000	13,03	0,22	-3,9	-76,9	9,2	0	-80,5
1409	23.07.2025 18:57:28,000	13,03	0,19	-4,1	-76,7	9,2	0	-80,5
1410	23.07.2025 18:57:29,000	13,03	0,19	-4,3	-76,4	9,2	0	-80,4
1411	23.07.2025 18:57:30,000	13,03	0,22	-4,2	-76,7	9,1	0	-80,6
1412	23.07.2025 18:57:31,000	13,06	0,19	-4,3	-76,4	9,3	0	-80,3
1413	23.07.2025 18:57:32,000	13,06	0,22	-4,0	-76,9	9,1	0	-80,5
1414	23.07.2025 18:57:33,000	13,06	0,22	-4,5	-76,4	9,1	0	-80,5
1415	23.07.2025 18:57:34,000	13,06	0,22	-4,1	-76,6	9,3	0	-80,3
1416	23.07.2025 18:57:35,000	13,06	0,19	-3,8	-77,0	9,2	0	-80,5
1417	23.07.2025 18:57:36,000	13,06	0,19	-4,0	-75,9	10,1	0	-79,5
1418	23.07.2025 18:57:37,000	13,06	0,22	-4,2	-76,6	9,2	0	-80,4
1419	23.07.2025 18:57:38,000	13,06	0,22	-4,1	-77,0	8,8	0	-80,8
1420	23.07.2025 18:57:39,000	13,09	0,19	-4,5	-76,4	9,1	0	-80,5
1421	23.07.2025 18:57:40,000	13,09	0,22	-4,0	-77,0	9,1	0	-80,6
1422	23.07.2025 18:57:41,000	13,09	0,19	-3,7	-75,6	10,7	0	-78,9
1423	23.07.2025 18:57:42,000	13,09	0,19	-3,7	-75,4	10,9	0	-78,7
1424	23.07.2025 18:57:43,000	13,09	0,19	-3,4	-75,0	11,7	0	-77,9
1425	23.07.2025 18:57:44,000	13,09	0,22	-3,3	-74,0	12,8	0	-76,8
1426	23.07.2025 18:57:45,000	13,09	0,19	-3,2	-73,6	13,2	0	-76,3
1427	23.07.2025 18:57:46,000	13,09	0,19	-2,6	-74,3	13,1	0	-76,6
1428	23.07.2025 18:57:47,000	13,12	0,19	-3,0	-73,0	14,0	0	-75,5
1429	23.07.2025 18:57:48,000	13,12	0,19	-3,1	-73,0	13,9	0	-75,6
1430	23.07.2025 18:57:49,000	13,12	0,19	-2,8	-73,6	13,5	0	-76,1
1431	23.07.2025 18:57:50,000	13,12	0,19	-2,9	-74,3	12,8	0	-76,8
1432	23.07.2025 18:57:51,000	13,12	0,19	-3,7	-75,4	10,9	0	-78,7
1433	23.07.2025 18:57:52,000	13,12	0,19	-3,6	-75,6	10,8	0	-78,8
1434	23.07.2025 18:57:53,000	13,12	0,19	-4,2	-76,0	9,7	0	-79,9
1435	23.07.2025 18:57:54,000	13,12	0,19	-3,0	-79,0	7,9	0	-81,8
1436	23.07.2025 18:57:55,000	13,15	0,22	-4,6	-76,5	8,9	0	-80,7
1437	23.07.2025 18:57:56,000	13,15	0,22	-4,1	-77,6	8,3	0	-81,4
1438	23.07.2025 18:57:57,000	13,15	0,22	-3,9	-77,6	8,5	0	-81,2
1439	23.07.2025 18:57:58,000	13,15	0,22	-4,3	-77,5	8,3	0	-81,4
1440	23.07.2025 18:57:59,000	13,15	0,22	-4,2	-76,3	9,5	0	-80,1
1441	23.07.2025 18:58:00,000	13,15	0,24	-3,5	-78,7	7,9	0	-81,9
1442	23.07.2025 18:58:01,000	13,15	0,22	-5,1	-76,8	8,1	0	-81,5
1443	23.07.2025 18:58:02,000	13,19	0,22	-3,8	-77,4	8,9	0	-80,8
1444	23.07.2025 18:58:03,000	13,19	0,22	-3,8	-77,8	8,4	0	-81,3
1445	23.07.2025 18:58:04,000	13,19	0,22	-4,6	-76,7	8,7	0	-80,9
1446	23.07.2025 18:58:05,000	13,19	0,22	-4,3	-77,2	8,5	0	-81,2
1447	23.07.2025 18:58:06,000	13,19	0,22	-4,1	-77,3	8,6	0	-81,1
1448	23.07.2025 18:58:07,000	13,19	0,22	-3,9	-76,2	9,9	0	-79,7
1449	23.07.2025 18:58:08,000	13,19	0,22	-4,4	-76,1	9,5	0	-80,1
1450	23.07.2025 18:58:09,000	13,19	0,19	-3,3	-77,3	9,4	0	-80,3
1451	23.07.2025 18:58:10,000	13,22	0,22	-4,0	-75,8	10,1	0	-79,5
1452	23.07.2025 18:58:11,000	13,22	0,22	-4,5	-76,0	9,5	0	-80,1
1453	23.07.2025 18:58:12,000	13,22	0,22	-4,5	-76,2	9,3	0	-80,3
1454	23.07.2025 18:58:13,000	13,22	0,22	-5,2	-75,3	9,6	0	-79,9
1455	23.07.2025 18:58:14,000	13,22	0,22	-5,4	-75,2	9,4	0	-80,1
1456	23.07.2025 18:58:15,000	13,22	0,22	-5,0	-75,2	9,8	0	-79,7
1457	23.07.2025 18:58:16,000	13,22	0,22	-3,9	-76,7	9,4	0	-80,3
1458	23.07.2025 18:58:17,000	13,22	0,22	-5,4	-74,5	10,1	0	-79,4
1459	23.07.2025 18:58:18,000	13,25	0,22	-4,4	-75,9	9,7	0	-79,9
1460	23.07.2025 18:58:19,000	13,25	0,19	-3,9	-76,8	9,3	0	-80,4
1461	23.07.2025 18:58:20,000	13,25	0,22	-4,6	-75,5	9,8	0	-79,7
1462	23.07.2025 18:58:21,000	13,25	0,22	-4,7	-76,1	9,1	0	-80,4
1463	23.07.2025 18:58:22,000	13,25	0,22	-4,1	-77,8	8,2	0	-81,5
1464	23.07.2025 18:58:23,000	13,25	0,22	-4,1	-77,2	8,6	0	-81,0
1465	23.07.2025 18:58:24,000	13,25	0,22	-4,8	-76,5	8,7	0	-80,9
1466	23.07.2025 18:58:25,000	13,28	0,22	-4,6	-77,9	7,5	0	-82,2
1467	23.07.2025 18:58:26,000	13,28	0,22	-4,0	-80,1	6,0	0	-83,8
1468	23.07.2025 18:58:27,000	13,28	0,22	-4,7	-78,1	7,1	0	-82,6
1469	23.07.2025 18:58:28,000	13,28	0,22	-4,8	-79,4	5,8	0	-84,0
1470	23.07.2025 18:58:29,000	13,28	0,22	-4,8	-79,7	5,5	0	-84,3
1471	23.07.2025 18:58:30,000	13,28	0,22	-4,2	-80,4	5,5	0	-84,4
1472	23.07.2025 18:58:31,000	13,28	0,22	-4,8	-79,2	6,1	0	-83,7
1473	23.07.2025 18:58:32,000	13,28	0,19	-4,6	-80,0	5,4	0	-84,4
1474	23.07.2025 18:58:33,000	13,28	0,19	-3,8	-81,2	4,9	0	-84,9
1475	23.07.2025 18:58:34,000	13,31	0,22	-4,9	-79,1	6,0	0	-83,7
1476	23.07.2025 18:58:35,000	13,31	0,22	-4,5	-80,2	5,2	0	-84,6
1477	23.07.2025 18:58:36,000	13,31	0,19	-4,3	-80,2	5,5	0	-84,3
1478	23.07.2025 18:58:37,000	13,31	0,22	-3,9	-80,2	5,9	0	-83,9
1479	23.07.2025 18:58:38,000	13,31	0,19	-4,7	-79,2	6,2	0	-83,6
1480	23.07.2025 18:58:39,000	13,31	0,22	-4,1	-80,2	5,7	0	-84,1
1481	23.07.2025 18:58:40,000	13,31	0,22	-3,8	-80,7	5,5	0	-84,3
1482	23.07.2025 18:58:41,000	13,31	0,22	-4,4	-79,3	6,3	0	-83,5
1483	23.07.2025 18:58:42,000	13,34	0,19	-4,4	-79,3	6,2	0	-83,5
1484	23.07.2025 18:58:43,000	13,34	0,22	-3,9	-79,7	6,4	0	-83,4
1485	23.07.2025 18:58:44,000	13,34	0,19	-3,5	-80,6	5,9	0	-83,9
1486	23.07.2025 18:58:45,000	13,34	0,19	-5,0	-78,8	6,2	0	-83,5
1487	23.07.2025 18:58:46,000	13,34	0,22	-4,7	-78,6	6,6	0	-83,1
1488	23.07.2025 18:58:47,000	13,34	0,22	-2,7	-80,4	6,9	0	-83,0
1489	23.07.2025 18:58:48,000	13,34	0,19	-4,6	-78,8	6,6	0	-83,1
1490	23.07.2025 18:58:49,000	13,34	0,22	-4,8	-78,0	7,2	0	-82,5
1491	23.07.2025 18:58:50,000	13,37	0,19	-3,9	-78,9	7,2	0	-82,6
1492	23.07.2025 18:58:51,000	13,37	0,22	-4,5	-78,5	7,0	0	-82,7
1493	23.07.2025 18:58:52,000	13,37	0,22	-4,3	-78,0	7,7	0	-82,0
1494	23.07.2025 18:58:53,000	13,37	0,19	-4,1	-77,2	8,7	0	-81,0
1495	23.07.2025 18:58:54,000	13,37	0,19	-4,0	-77,3	8,7	0	-81,0
1496	23.07.2025 18:58:55,000	13,37	0,19	-3,6	-78,3	8,1	0	-81,6
1497	23.07.2025 18:58:56,000	13,37	0,22	-4,0	-77,6	8,4	0	-81,3
1498	23.07.2025 18:58:57,000	13,37	0,19	-4,9	-75,8	9,2	0	-80,3
1499	23.07.2025 18:58:58,000	13,37	0,19	-4,2	-77,8	8,0	0	-81,6
1500	23.07.2025 18:58:59,000	13,41	0,19	-2,5	-79,7	7,8	0	-82,0
1501	23.07.2025 18:59:00,000	13,41	0,19	-3,6	-77,6	8,8	0	-80,9
1502	23.07.2025 18:59:01,000	13,41	0,19	-4,6	-76,4	9,1	0	-80,5
1503	23.07.2025 18:59:02,000	13,41	0,19	-2,9	-78,3	8,8	0	-80,9
1504	23.07.2025 18:59:03,000	13,41	0,19	-2,5	-77,8	9,6	0	-80,1
1505	23.07.2025 18:59:04,000	13,41	0,19	-3,5	-77,2	9,3	0	-80,4
1506	23.07.2025 18:59:05,000	13,41	0,19	-3,8	-76,6	9,6	0	-80,1
1507	23.07.2025 18:59:06,000	13,41	0,19	-3,6	-77,6	8,8	0	-80,9
1508	23.07.2025 18:59:07,000	13,44	0,19	-2,6	-78,8	8,6	0	-81,2
1509	23.07.2025 18:59:08,000	13,44	0,19	-3,0	-77,4	9,6	0	-80,1
1510	23.07.2025 18:59:09,000	13,44	0,19	-4,3	-76,6	9,1	0	-80,5
1511	23.07.2025 18:59:10,000	13,44	0,17	-3,3	-77,9	8,7	0	-81,0
1512	23.07.2025 18:59:11,000	13,44	0,19	-2,7	-78,2	9,1	0	-80,6
1513	23.07.2025 18:59:12,000	13,47	0,22	-3,6	-76,7	9,7	0	-80,0
1514	23.07.2025 18:59:13,000	13,47	0,22	-3,5	-77,4	9,1	0	-80,6
1515	23.07.2025 18:59:14,000	13,47	0,22	-2,4	-78,6	9,0	0	-80,8
1516	23.07.2025 18:59:15,000	13,47	0,19	-4,3	-76,4	9,2	0	-80,4
1517	23.07.2025 18:59:16,000	13,47	0,22	-3,8	-77,8	8,4	0	-81,3
1518	23.07.2025 18:59:17,000	13,50	0,22	-1,9	-80,2	7,9	0	-81,9
1519	23.07.2025 18:59:18,000	13,50	0,19	-3,9	-76,4	9,8	0	-79,9
1520	23.07.2025 18:59:19,000	13,50	0,22	-4,6	-76,9	8,5	0	-81,1
1521	23.07.2025 18:59:20,000	13,50	0,22	-2,5	-78,7	8,8	0	-80,9
1522	23.07.2025 18:59:21,000	13,50	0,22	-2,8	-77,7	9,5	0	-80,2
1523	23.07.2025 18:59:22,000	13,50	0,19	-3,5	-77,5	9,1	0	-80,6
1524	23.07.2025 18:59:23,000	13,50	0,22	-3,7	-77,3	9,1	0	-80,6
1525	23.07.2025 18:59:24,000	13,53	0,19	-3,5	-78,1	8,5	0	-81,2
1526	23.07.2025 18:59:25,000	13,53	0,22	-3,2	-77,9	8,9	0	-80,8
1527	23.07.2025 18:59:26,000	13,53	0,19	-3,3	-78,0	8,7	0	-81,1
1528	23.07.2025 18:59:27,000	13,53	0,22	-3,1	-77,6	9,3	0	-80,4
1529	23.07.2025 18:59:28,000	13,53	0,19	-3,8	-77,0	9,2	0	-80,4
1530	23.07.2025 18:59:29,000	13,53	0,22	-3,7	-77,8	8,4	0	-81,3
1531	23.07.2025 18:59:30,000	13,56	0,19	-2,4	-79,1	8,5	0	-81,3
1532	23.07.2025 18:59:31,000	13,56	0,22	-3,5	-77,6	8,9	0	-80,8
1533	23.07.2025 18:59:32,000	13,56	0,22	-4,0	-76,7	9,3	0	-80,3
1534	23.07.2025 18:59:33,000	13,56	0,22	-3,1	-78,0	8,9	0	-80,9
1535	23.07.2025 18:59:34,000	13,56	0,22	-2,6	-78,6	8,8	0	-80,9
1536	23.07.2025 18:59:35,000	13,56	0,22	-3,7	-77,5	8,8	0	-80,9
1537	23.07.2025 18:59:36,000	13,56	0,19	-4,1	-76,8	9,2	0	-80,5
1538	23.07.2025 18:59:37,000	13,56	0,19	-2,8	-78,6	8,6	0	-81,1
1539	23.07.2025 18:59:38,000	13,56	0,19	-2,9	-77,9	9,2	0	-80,5
1540	23.07.2025 18:59:39,000	13,59	0,22	-3,6	-77,7	8,7	0	-80,9
1541	23.07.2025 18:59:40,000	13,59	0,22	-3,8	-77,7	8,5	0	-81,2
1542	23.07.2025 18:59:41,000	13,59	0,22	-3,3	-78,1	8,7	0	-81,0
1543	23.07.2025 18:59:42,000	13,59	0,19	-3,4	-78,3	8,3	0	-81,4
1544	23.07.2025 18:59:43,000	13,59	0,19	-3,2	-77,1	9,7	0	-80,0
1545	23.07.2025 18:59:44,000	13,59	0,19	-3,3	-77,3	9,4	0	-80,3
1546	23.07.2025 18:59:45,000	13,59	0,19	-3,8	-78,4	7,8	0	-81,9
1547	23.07.2025 18:59:46,000	13,62	0,19	-3,3	-77,3	9,4	0	-80,3
1548	23.07.2025 18:59:47,000	13,62	0,22	-2,8	-77,6	9,6	0	-80,1
1549	23.07.2025 18:59:48,000	13,62	0,19	-3,6	-77,9	8,4	0	-81,3
1550	23.07.2025 18:59:49,000	13,62	0,22	-3,8	-78,3	7,9	0	-81,9
1551	23.07.2025 18:59:50,000	13,62	0,19	-3,1	-77,7	9,2	0	-80,5
1552	23.07.2025 18:59:51,000	13,62	0,19	-3,3	-77,5	9,3	0	-80,4
1553	23.07.2025 18:59:52,000	13,62	0,19	-3,2	-78,0	8,8	0	-80,9
1554	23.07.2025 18:59:53,000	13,62	0,19	-3,6	-77,2	9,2	0	-80,5
1555	23.07.2025 18:59:54,000	13,62	0,19	-3,7	-77,5	8,7	0	-80,9
1556	23.07.2025 18:59:55,000	13,62	0,22	-2,4	-78,8	8,7	0	-81,0
1557	23.07.2025 18:59:56,000	13,62	0,19	-3,3	-77,3	9,4	0	-80,2
1558	23.07.2025 18:59:57,000	13,66	0,19	-4,0	-77,2	8,8	0	-80,9
1559	23.07.2025 18:59:58,000	13,66	0,19	-3,4	-78,0	8,6	0	-81,1
1560	23.07.2025 18:59:59,000	13,66	0,19	-2,8	-78,8	8,5	0	-81,3
1561	23.07.2025 19:00:00,000	13,66	0,19	-3,4	-77,8	8,8	0	-80,9
1562	23.07.2025 19:00:01,000	13,66	0,19	-3,9	-76,9	9,2	0	-80,4
1563	23.07.2025 19:00:02,000	13,66	0,19	-3,4	-77,4	9,2	0	-80,5
1564	23.07.2025 19:00:03,000	13,66	0,19	-2,5	-78,9	8,6	0	-81,2
1565	23.07.2025 19:00:04,000	13,66	0,19	-3,5	-78,3	8,3	0	-81,5
1566	23.07.2025 19:00:05,000	13,66	0,17	-4,4	-75,7	9,9	0	-79,6
1567	23.07.2025 19:00:06,000	13,69	0,22	-3,0	-78,6	8,4	0	-81,4
1568	23.07.2025 19:00:07,000	13,69	0,19	-2,3	-80,2	7,4	0	-82,4
1569	23.07.2025 19:00:08,000	13,69	0,19	-4,3	-76,4	9,3	0	-80,3
1570	23.07.2025 19:00:09,000	13,69	0,19	-4,1	-76,3	9,6	0	-80,0
1571	23.07.2025 19:00:10,000	13,69	0,19	-2,2	-79,6	8,3	0	-81,5
1572	23.07.2025 19:00:11,000	13,69	0,22	-3,1	-78,2	8,7	0	-81,0
1573	23.07.2025 19:00:12,000	13,69	0,22	-4,3	-76,4	9,2	0	-80,4
1574	23.07.2025 19:00:13,000	13,69	0,19	-3,2	-78,3	8,5	0	-81,2
1575	23.07.2025 19:00:14,000	13,69	0,19	-3,0	-78,4	8,5	0	-81,2
1576	23.07.2025 19:00:15,000	13,69	0,19	-3,7	-77,7	8,6	0	-81,1
1577	23.07.2025 19:00:16,000	13,69	0,19	-3,2	-77,9	8,9	0	-80,9
1578	23.07.2025 19:00:17,000	13,72	0,19	-3,4	-78,0	8,6	0	-81,1
1579	23.07.2025 19:00:18,000	13,72	0,19	-3,5	-77,7	8,8	0	-80,9
1580	23.07.2025 19:00:19,000	13,72	0,19	-3,4	-77,5	9,1	0	-80,6
1581	23.07.2025 19:00:20,000	13,72	0,19	-3,0	-78,1	8,9	0	-80,8
1582	23.07.2025 19:00:21,000	13,72	0,19	-3,7	-77,9	8,4	0	-81,3
1583	23.07.2025 19:00:22,000	13,72	0,19	-3,5	-78,3	8,2	0	-81,5
1584	23.07.2025 19:00:23,000	13,72	0,19	-2,9	-77,8	9,4	0	-80,4
1585	23.07.2025 19:00:24,000	13,72	0,22	-4,0	-77,7	8,3	0	-81,4
1586	23.07.2025 19:00:25,000	13,72	0,19	-3,3	-78,1	8,6	0	-81,1
1587	23.07.2025 19:00:26,000	13,75	0,22	-3,2	-78,2	8,6	0	-81,2
1588	23.07.2025 19:00:27,000	13,75	0,22	-3,3	-77,8	8,9	0	-80,8
1589	23.07.2025 19:00:28,000	13,75	0,22	-3,6	-77,0	9,4	0	-80,2
1590	23.07.2025 19:00:29,000	13,75	0,22	-3,7	-77,9	8,4	0	-81,3
1591	23.07.2025 19:00:30,000	13,75	0,19	-2,9	-78,5	8,6	0	-81,1
1592	23.07.2025 19:00:31,000	13,75	0,22	-3,4	-78,4	8,3	0	-81,5
1593	23.07.2025 19:00:32,000	13,75	0,22	-4,0	-77,3	8,6	0	-81,1
1594	23.07.2025 19:00:33,000	13,75	0,24	-3,2	-77,4	9,4	0	-80,3
1595	23.07.2025 19:00:34,000	13,75	0,22	-2,5	-79,2	8,3	0	-81,5
1596	23.07.2025 19:00:35,000	13,75	0,22	-3,7	-77,7	8,5	0	-81,2
1597	23.07.2025 19:00:36,000	13,78	0,22	-4,3	-76,2	9,5	0	-80,1
1598	23.07.2025 19:00:37,000	13,78	0,22	-2,6	-78,6	8,8	0	-81,0
1599	23.07.2025 19:00:38,000	13,78	0,22	-2,8	-78,8	8,4	0	-81,3
1600	23.07.2025 19:00:39,000	13,78	0,22	-3,7	-77,4	9,0	0	-80,7
1601	23.07.2025 19:00:40,000	13,78	0,22	-4,3	-76,7	9,0	0	-80,6
1602	23.07.2025 19:00:41,000	13,78	0,22	-3,1	-79,2	7,6	0	-82,1
1603	23.07.2025 19:00:42,000	13,78	0,22	-2,6	-78,9	8,6	0	-81,2
1604	23.07.2025 19:00:43,000	13,81	0,22	-3,9	-76,5	9,6	0	-80,0
1605	23.07.2025 19:00:44,000	13,81	0,22	-3,7	-77,1	9,2	0	-80,5
1606	23.07.2025 19:00:45,000	13,81	0,22	-3,0	-78,7	8,3	0	-81,4
1607	23.07.2025 19:00:46,000	13,81	0,22	-3,0	-78,5	8,5	0	-81,3
1608	23.07.2025 19:00:47,000	13,81	0,22	-3,7	-76,7	9,5	0	-80,1
1609	23.07.2025 19:00:48,000	13,81	0,22	-3,3	-77,6	9,0	0	-80,7
1610	23.07.2025 19:00:49,000	13,81	0,22	-3,2	-79,0	7,8	0	-81,9
1611	23.07.2025 19:00:50,000	13,81	0,22	-3,8	-78,3	7,9	0	-81,8
1612	23.07.2025 19:00:51,000	13,81	0,22	-3,5	-78,0	8,5	0	-81,2
1613	23.07.2025 19:00:52,000	13,81	0,22	-3,2	-77,7	9,1	0	-80,6
1614	23.07.2025 19:00:53,000	13,81	0,22	-3,0	-77,9	9,1	0	-80,6
1615	23.07.2025 19:00:54,000	13,84	0,22	-3,8	-77,8	8,4	0	-81,3
1616	23.07.2025 19:00:55,000	13,84	0,22	-3,5	-77,2	9,3	0	-80,4
1617	23.07.2025 19:00:56,000	13,84	0,22	-2,6	-78,7	8,7	0	-81,1
1618	23.07.2025 19:00:57,000	13,84	0,22	-3,3	-78,1	8,6	0	-81,1
1619	23.07.2025 19:00:58,000	13,84	0,22	-4,3	-76,9	8,8	0	-80,9
1620	23.07.2025 19:00:59,000	13,84	0,19	-3,1	-78,9	7,9	0	-81,8
1621	23.07.2025 19:01:00,000	13,84	0,19	-2,8	-78,3	8,9	0	-80,8
1622	23.07.2025 19:01:01,000	13,84	0,22	-3,6	-77,6	8,8	0	-80,9
1623	23.07.2025 19:01:02,000	13,87	0,19	-3,5	-77,5	9,0	0	-80,7
1624	23.07.2025 19:01:03,000	13,87	0,19	-3,2	-78,2	8,6	0	-81,2
1625	23.07.2025 19:01:04,000	13,87	0,24	-3,7	-77,3	9,0	0	-80,6
1626	23.07.2025 19:01:05,000	13,87	0,22	-3,2	-78,0	8,8	0	-80,9
1627	23.07.2025 19:01:06,000	13,87	0,19	-3,2	-78,2	8,5	0	-81,2
1628	23.07.2025 19:01:07,000	13,87	0,19	-3,5	-77,7	8,8	0	-80,9
1629	23.07.2025 19:01:08,000	13,87	0,19	-3,5	-78,1	8,4	0	-81,3
1630	23.07.2025 19:01:09,000	13,87	0,22	-3,5	-77,8	8,6	0	-81,1
1631	23.07.2025 19:01:10,000	13,87	0,19	-3,3	-77,5	9,2	0	-80,5
1632	23.07.2025 19:01:11,000	13,87	0,22	-3,0	-78,2	8,7	0	-81,0
1633	23.07.2025 19:01:12,000	13,87	0,22	-3,8	-77,6	8,7	0	-81,0
1634	23.07.2025 19:01:13,000	13,90	0,22	-3,2	-77,3	9,5	0	-80,2
1635	23.07.2025 19:01:14,000	13,90	0,22	-3,1	-79,0	8,0	0	-81,8
1636	23.07.2025 19:01:15,000	13,90	0,19	-3,7	-77,5	8,8	0	-80,9
1637	23.07.2025 19:01:16,000	13,90	0,22	-3,5	-77,1	9,3	0	-80,3
1638	23.07.2025 19:01:17,000	13,90	0,22	-3,3	-79,1	7,7	0	-82,1
1639	23.07.2025 19:01:18,000	13,90	0,22	-3,3	-78,0	8,6	0	-81,1
1640	23.07.2025 19:01:19,000	13,90	0,19	-3,6	-76,4	9,9	0	-79,7
1641	23.07.2025 19:01:20,000	13,90	0,22	-2,8	-78,9	8,3	0	-81,5
1642	23.07.2025 19:01:21,000	13,90	0,19	-3,3	-78,0	8,7	0	-81,0
1643	23.07.2025 19:01:22,000	13,90	0,22	-3,8	-77,3	8,9	0	-80,8
1644	23.07.2025 19:01:23,000	13,94	0,19	-3,1	-77,8	9,0	0	-80,7
1645	23.07.2025 19:01:24,000	13,94	0,19	-3,1	-78,1	8,9	0	-80,9
1646	23.07.2025 19:01:25,000	13,94	0,22	-3,7	-77,1	9,2	0	-80,5
1647	23.07.2025 19:01:26,000	13,94	0,19	-3,3	-78,1	8,6	0	-81,1
1648	23.07.2025 19:01:27,000	13,94	0,22	-2,8	-78,2	9,0	0	-80,7
1649	23.07.2025 19:01:28,000	13,94	0,22	-3,7	-77,4	8,9	0	-80,8
1650	23.07.2025 19:01:29,000	13,94	0,19	-3,4	-77,5	9,1	0	-80,6
1651	23.07.2025 19:01:30,000	13,94	0,19	-2,8	-77,6	9,6	0	-80,2
1652	23.07.2025 19:01:31,000	13,94	0,22	-3,6	-77,9	8,5	0	-81,2
1653	23.07.2025 19:01:32,000	13,94	0,19	-3,7	-77,6	8,7	0	-81,0
1654	23.07.2025 19:01:33,000	13,97	0,19	-2,6	-78,8	8,6	0	-81,1
1655	23.07.2025 19:01:34,000	13,97	0,19	-3,4	-77,8	8,8	0	-80,9
1656	23.07.2025 19:01:35,000	13,97	0,22	-4,1	-76,5	9,4	0	-80,3
1657	23.07.2025 19:01:36,000	13,97	0,22	-3,0	-78,3	8,7	0	-81,0
1658	23.07.2025 19:01:37,000	13,97	0,19	-3,0	-78,9	8,1	0	-81,6
1659	23.07.2025 19:01:38,000	13,97	0,19	-3,5	-77,3	9,2	0	-80,5
1660	23.07.2025 19:01:39,000	13,97	0,19	-3,8	-76,9	9,4	0	-80,3
1661	23.07.2025 19:01:40,000	13,97	0,22	-3,2	-78,3	8,5	0	-81,2
1662	23.07.2025 19:01:41,000	14,00	0,19	-2,9	-78,8	8,3	0	-81,4
1663	23.07.2025 19:01:42,000	14,00	0,19	-3,7	-77,3	9,0	0	-80,7
1664	23.07.2025 19:01:43,000	14,00	0,22	-4,0	-77,0	9,0	0	-80,6
1665	23.07.2025 19:01:44,000	14,00	0,19	-3,2	-77,9	8,8	0	-80,9
1666	23.07.2025 19:01:45,000	14,00	0,22	-2,4	-79,3	8,3	0	-81,5
1667	23.07.2025 19:01:46,000	14,00	0,19	-3,5	-77,7	8,8	0	-80,9
1668	23.07.2025 19:01:47,000	14,00	0,19	-4,2	-76,2	9,5	0	-80,1
1669	23.07.2025 19:01:48,000	14,00	0,19	-3,3	-77,8	8,9	0	-80,8
1670	23.07.2025 19:01:49,000	14,00	0,19	-2,4	-78,9	8,8	0	-81,0
1671	23.07.2025 19:01:50,000	14,00	0,19	-3,5	-77,9	8,6	0	-81,1
1672	23.07.2025 19:01:51,000	14,03	0,19	-4,4	-76,7	8,9	0	-80,7
1673	23.07.2025 19:01:52,000	14,03	0,19	-3,4	-78,3	8,3	0	-81,4
1674	23.07.2025 19:01:53,000	14,03	0,22	-2,6	-78,3	9,1	0	-80,6
1675	23.07.2025 19:01:54,000	14,03	0,19	-3,2	-77,8	9,0	0	-80,7
1676	23.07.2025 19:01:55,000	14,03	0,19	-4,0	-77,4	8,6	0	-81,1
1677	23.07.2025 19:01:56,000	14,03	0,19	-3,6	-77,5	8,9	0	-80,8
1678	23.07.2025 19:01:57,000	14,03	0,19	-2,9	-78,1	9,1	0	-80,7
1679	23.07.2025 19:01:58,000	14,03	0,19	-3,1	-77,8	9,0	0	-80,7
1680	23.07.2025 19:01:59,000	14,03	0,19	-3,7	-77,7	8,6	0	-81,1
1681	23.07.2025 19:02:00,000	14,06	0,22	-3,4	-78,3	8,2	0	-81,5
1682	23.07.2025 19:02:01,000	14,06	0,22	-3,6	-77,5	8,9	0	-80,8
1683	23.07.2025 19:02:02,000	14,06	0,22	-3,5	-76,7	9,8	0	-79,8
1684	23.07.2025 19:02:03,000	14,06	0,22	-2,7	-78,7	8,6	0	-81,2
1685	23.07.2025 19:02:04,000	14,06	0,22	-3,3	-79,1	7,6	0	-82,1
1686	23.07.2025 19:02:05,000	14,06	0,22	-4,3	-76,6	9,1	0	-80,5
1687	23.07.2025 19:02:06,000	14,06	0,22	-3,2	-77,7	9,1	0	-80,6
1688	23.07.2025 19:02:07,000	14,06	0,22	-2,7	-79,2	8,1	0	-81,7
1689	23.07.2025 19:02:08,000	14,09	0,22	-3,7	-77,8	8,4	0	-81,3
1690	23.07.2025 19:02:09,000	14,09	0,22	-3,6	-77,4	9,0	0	-80,7
1691	23.07.2025 19:02:10,000	14,09	0,22	-3,3	-77,5	9,3	0	-80,4
1692	23.07.2025 19:02:11,000	14,09	0,19	-3,1	-78,1	8,8	0	-80,9
1693	23.07.2025 19:02:12,000	14,09	0,22	-2,8	-78,9	8,3	0	-81,4
1694	23.07.2025 19:02:13,000	14,09	0,19	-4,1	-76,5	9,4	0	-80,2
1695	23.07.2025 19:02:14,000	14,09	0,22	-3,7	-77,3	9,0	0	-80,7
1696	23.07.2025 19:02:15,000	14,09	0,22	-2,7	-79,7	7,6	0	-82,2
1697	23.07.2025 19:02:16,000	14,12	0,19	-3,3	-78,3	8,4	0	-81,3
1698	23.07.2025 19:02:17,000	14,12	0,22	-4,0	-76,9	9,1	0	-80,5
1699	23.07.2025 19:02:18,000	14,12	0,22	-3,3	-77,7	8,9	0	-80,8
1700	23.07.2025 19:02:19,000	14,12	0,19	-3,0	-78,3	8,7	0	-81,0
1701	23.07.2025 19:02:20,000	14,12	0,22	-3,3	-77,8	8,9	0	-80,8
1702	23.07.2025 19:02:21,000	14,12	0,19	-3,6	-77,9	8,5	0	-81,2
1703	23.07.2025 19:02:22,000	14,12	0,19	-3,9	-77,4	8,8	0	-80,9
1704	23.07.2025 19:02:23,000	14,12	0,19	-3,0	-78,6	8,4	0	-81,4
1705	23.07.2025 19:02:24,000	14,15	0,19	-3,1	-78,4	8,5	0	-81,3
1706	23.07.2025 19:02:25,000	14,15	0,19	-3,7	-77,6	8,7	0	-81,0
1707	23.07.2025 19:02:26,000	14,15	0,19	-3,7	-77,2	9,0	0	-80,6
1708	23.07.2025 19:02:27,000	14,15	0,19	-3,0	-78,2	8,9	0	-80,8
1709	23.07.2025 19:02:28,000	14,18	0,19	-2,7	-78,8	8,5	0	-81,2
1710	23.07.2025 19:02:29,000	14,18	0,19	-3,7	-77,4	8,9	0	-80,8
1711	23.07.2025 19:02:30,000	14,18	0,19	-4,0	-77,3	8,7	0	-81,0
1712	23.07.2025 19:02:31,000	14,18	0,19	-3,3	-78,1	8,7	0	-81,1
1713	23.07.2025 19:02:32,000	14,18	0,19	-2,8	-78,6	8,6	0	-81,2
1714	23.07.2025 19:02:33,000	14,22	0,19	-3,3	-78,0	8,6	0	-81,1
1715	23.07.2025 19:02:34,000	14,22	0,19	-4,0	-76,8	9,2	0	-80,4
1716	23.07.2025 19:02:35,000	14,22	0,22	-3,9	-77,3	8,8	0	-80,9
1717	23.07.2025 19:02:36,000	14,22	0,22	-3,0	-78,1	8,9	0	-80,8
1718	23.07.2025 19:02:37,000	14,25	0,19	-3,4	-77,5	9,1	0	-80,6
1719	23.07.2025 19:02:38,000	14,25	0,19	-4,7	-76,2	9,1	0	-80,5
1720	23.07.2025 19:02:39,000	14,25	0,19	-3,9	-77,4	8,7	0	-81,0
1721	23.07.2025 19:02:40,000	14,25	0,19	-2,6	-79,2	8,2	0	-81,6
1722	23.07.2025 19:02:41,000	14,25	0,19	-3,7	-77,6	8,7	0	-81,0
1723	23.07.2025 19:02:42,000	14,25	0,19	-4,4	-76,9	8,7	0	-81,0
1724	23.07.2025 19:02:43,000	14,28	0,19	-2,8	-78,7	8,5	0	-81,3
1725	23.07.2025 19:02:44,000	14,28	0,19	-2,9	-78,3	8,8	0	-80,9
1726	23.07.2025 19:02:45,000	14,28	0,19	-3,6	-77,8	8,6	0	-81,1
1727	23.07.2025 19:02:46,000	14,28	0,19	-3,7	-77,5	8,9	0	-80,8
1728	23.07.2025 19:02:47,000	14,28	0,19	-3,1	-78,3	8,6	0	-81,1
1729	23.07.2025 19:02:48,000	14,31	0,19	-3,5	-78,0	8,5	0	-81,2
1730	23.07.2025 19:02:49,000	14,31	0,19	-3,4	-77,6	9,0	0	-80,7
1731	23.07.2025 19:02:50,000	14,31	0,17	-3,1	-78,3	8,6	0	-81,1
1732	23.07.2025 19:02:51,000	14,31	0,19	-3,5	-78,2	8,3	0	-81,4
1733	23.07.2025 19:02:52,000	14,31	0,19	-4,0	-77,2	8,8	0	-80,8
1734	23.07.2025 19:02:53,000	14,31	0,19	-2,8	-78,3	8,9	0	-80,8
1735	23.07.2025 19:02:54,000	14,34	0,22	-2,7	-78,6	8,7	0	-81,1
1736	23.07.2025 19:02:55,000	14,34	0,22	-4,2	-76,8	9,1	0	-80,6
1737	23.07.2025 19:02:56,000	14,34	0,22	-3,9	-77,3	8,8	0	-80,9
1738	23.07.2025 19:02:57,000	14,34	0,22	-2,1	-79,3	8,6	0	-81,2
1739	23.07.2025 19:02:58,000	14,34	0,22	-3,1	-78,2	8,6	0	-81,1
1740	23.07.2025 19:02:59,000	14,37	0,22	-4,6	-76,7	8,7	0	-81,0
1741	23.07.2025 19:03:00,000	14,37	0,22	-3,3	-78,0	8,7	0	-81,0
1742	23.07.2025 19:03:01,000	14,37	0,19	-2,5	-79,3	8,2	0	-81,6
1743	23.07.2025 19:03:02,000	14,37	0,22	-3,6	-77,2	9,2	0	-80,5
1744	23.07.2025 19:03:03,000	14,37	0,22	-3,9	-76,6	9,4	0	-80,2
1745	23.07.2025 19:03:04,000	14,37	0,22	-3,0	-78,6	8,4	0	-81,4
1746	23.07.2025 19:03:05,000	14,37	0,22	-2,8	-79,2	8,0	0	-81,8
1747	23.07.2025 19:03:06,000	14,37	0,19	-4,2	-77,5	8,3	0	-81,4
1748	23.07.2025 19:03:07,000	14,40	0,19	-3,3	-77,8	8,8	0	-80,9
1749	23.07.2025 19:03:08,000	14,40	0,22	-2,9	-78,5	8,6	0	-81,1
1750	23.07.2025 19:03:09,000	14,40	0,22	-3,7	-78,0	8,3	0	-81,4
1751	23.07.2025 19:03:10,000	14,40	0,19	-3,7	-77,9	8,4	0	-81,3
1752	23.07.2025 19:03:11,000	14,40	0,19	-3,0	-78,1	9,0	0	-80,8
1753	23.07.2025 19:03:12,000	14,40	0,19	-3,4	-77,8	8,9	0	-80,8
1754	23.07.2025 19:03:13,000	14,40	0,19	-3,7	-77,7	8,6	0	-81,1
1755	23.07.2025 19:03:14,000	14,40	0,19	-3,4	-78,0	8,6	0	-81,1
1756	23.07.2025 19:03:15,000	14,43	0,19	-2,9	-78,9	8,3	0	-81,5
1757	23.07.2025 19:03:16,000	14,43	0,19	-3,4	-78,0	8,6	0	-81,1
1758	23.07.2025 19:03:17,000	14,43	0,19	-4,4	-76,7	8,9	0	-80,7
1759	23.07.2025 19:03:18,000	14,43	0,19	-3,0	-78,4	8,5	0	-81,2
1760	23.07.2025 19:03:19,000	14,43	0,19	-2,5	-78,8	8,6	0	-81,2
1761	23.07.2025 19:03:20,000	14,43	0,22	-3,7	-78,0	8,3	0	-81,4
1762	23.07.2025 19:03:21,000	14,43	0,19	-4,3	-76,7	9,0	0	-80,6
1763	23.07.2025 19:03:22,000	14,46	0,19	-3,1	-78,1	8,9	0	-80,9
1764	23.07.2025 19:03:23,000	14,46	0,19	-2,1	-79,9	8,0	0	-81,8
1765	23.07.2025 19:03:24,000	14,46	0,19	-4,3	-77,1	8,6	0	-81,1
1766	23.07.2025 19:03:25,000	14,46	0,19	-3,9	-77,5	8,7	0	-81,0
1767	23.07.2025 19:03:26,000	14,46	0,19	-2,7	-79,1	8,2	0	-81,6
1768	23.07.2025 19:03:27,000	14,46	0,19	-3,4	-78,0	8,6	0	-81,2
1769	23.07.2025 19:03:28,000	14,46	0,19	-3,9	-77,5	8,6	0	-81,1
1770	23.07.2025 19:03:29,000	14,49	0,19	-2,8	-78,4	8,8	0	-81,0
1771	23.07.2025 19:03:30,000	14,49	0,19	-3,3	-77,7	9,1	0	-80,7
1772	23.07.2025 19:03:31,000	14,49	0,19	-3,8	-77,4	8,8	0	-80,9
1773	23.07.2025 19:03:32,000	14,49	0,19	-3,1	-78,7	8,2	0	-81,6
1774	23.07.2025 19:03:33,000	14,49	0,19	-3,4	-78,4	8,2	0	-81,5
1775	23.07.2025 19:03:34,000	14,49	0,19	-3,5	-77,3	9,2	0	-80,5
1776	23.07.2025 19:03:35,000	14,49	0,17	-3,2	-78,5	8,3	0	-81,4
1777	23.07.2025 19:03:36,000	14,52	0,19	-3,5	-78,4	8,0	0	-81,7
1778	23.07.2025 19:03:37,000	14,52	0,17	-3,7	-77,1	9,2	0	-80,4
1779	23.07.2025 19:03:38,000	14,52	0,19	-3,1	-78,2	8,7	0	-81,0
1780	23.07.2025 19:03:39,000	14,52	0,19	-2,9	-78,6	8,5	0	-81,2
1781	23.07.2025 19:03:40,000	14,52	0,19	-3,8	-77,5	8,7	0	-80,9
1782	23.07.2025 19:03:41,000	14,52	0,19	-3,5	-77,7	8,8	0	-80,9
1783	23.07.2025 19:03:42,000	14,52	0,19	-3,4	-78,2	8,4	0	-81,3
1784	23.07.2025 19:03:43,000	14,56	0,19	-3,1	-78,8	8,2	0	-81,6
1785	23.07.2025 19:03:44,000	14,56	0,19	-3,5	-77,8	8,6	0	-81,1
1786	23.07.2025 19:03:45,000	14,56	0,19	-3,7	-77,9	8,5	0	-81,2
1787	23.07.2025 19:03:46,000	14,56	0,19	-3,7	-77,6	8,7	0	-81,0
1788	23.07.2025 19:03:47,000	14,56	0,19	-2,8	-79,0	8,2	0	-81,6
1789	23.07.2025 19:03:48,000	14,56	0,19	-2,8	-79,0	8,2	0	-81,6
1790	23.07.2025 19:03:49,000	14,59	0,19	-4,1	-76,7	9,2	0	-80,5
1791	23.07.2025 19:03:50,000	14,59	0,19	-3,9	-76,8	9,2	0	-80,4
1792	23.07.2025 19:03:51,000	14,59	0,17	-2,5	-79,2	8,3	0	-81,5
1793	23.07.2025 19:03:52,000	14,59	0,19	-3,0	-78,6	8,4	0	-81,4
1794	23.07.2025 19:03:53,000	14,59	0,19	-3,9	-77,9	8,2	0	-81,5
1795	23.07.2025 19:03:54,000	14,59	0,19	-3,6	-77,7	8,7	0	-81,0
1796	23.07.2025 19:03:55,000	14,59	0,17	-3,2	-77,9	8,9	0	-80,8
1797	23.07.2025 19:03:56,000	14,62	0,17	-3,1	-78,4	8,5	0	-81,3
1798	23.07.2025 19:03:57,000	14,62	0,17	-3,3	-78,1	8,6	0	-81,1
1799	23.07.2025 19:03:58,000	14,62	0,17	-3,5	-77,6	8,9	0	-80,8
1800	23.07.2025 19:03:59,000	14,62	0,19	-3,7	-77,4	8,9	0	-80,8
1801	23.07.2025 19:04:00,000	14,62	0,17	-3,1	-78,3	8,6	0	-81,1
1802	23.07.2025 19:04:01,000	14,62	0,17	-2,9	-79,0	8,1	0	-81,7
1803	23.07.2025 19:04:02,000	14,62	0,19	-3,9	-77,5	8,7	0	-81,0
1804	23.07.2025 19:04:03,000	14,62	0,17	-3,9	-77,5	8,5	0	-81,1
1805	23.07.2025 19:04:04,000	14,65	0,22	-2,8	-78,8	8,5	0	-81,3
1806	23.07.2025 19:04:05,000	14,65	0,22	-3,2	-78,3	8,5	0	-81,2
1807	23.07.2025 19:04:06,000	14,65	0,19	-3,7	-77,8	8,6	0	-81,1
1808	23.07.2025 19:04:07,000	14,65	0,19	-3,8	-77,1	9,1	0	-80,6
1809	23.07.2025 19:04:08,000	14,65	0,19	-3,7	-77,4	8,9	0	-80,7
1810	23.07.2025 19:04:09,000	14,65	0,19	-3,2	-78,5	8,3	0	-81,5
1811	23.07.2025 19:04:10,000	14,65	0,19	-4,0	-77,0	9,0	0	-80,7
1812	23.07.2025 19:04:11,000	14,65	0,22	-4,6	-76,6	8,9	0	-80,7
1813	23.07.2025 19:04:12,000	14,68	0,19	-2,9	-79,5	7,6	0	-82,2
1814	23.07.2025 19:04:13,000	14,68	0,22	-3,1	-79,0	7,9	0	-81,8
1815	23.07.2025 19:04:14,000	14,68	0,19	-3,8	-77,6	8,6	0	-81,0
1816	23.07.2025 19:04:15,000	14,68	0,19	-3,4	-78,1	8,4	0	-81,3
1817	23.07.2025 19:04:16,000	14,68	0,19	-3,1	-78,7	8,2	0	-81,6
1818	23.07.2025 19:04:17,000	14,68	0,19	-4,1	-77,0	9,0	0	-80,7
1819	23.07.2025 19:04:18,000	14,68	0,19	-2,8	-78,5	8,8	0	-81,0
1820	23.07.2025 19:04:19,000	14,68	0,19	-2,4	-78,7	8,9	0	-80,9
1821	23.07.2025 19:04:20,000	14,68	0,22	-4,5	-77,0	8,6	0	-81,1
1822	23.07.2025 19:04:21,000	14,68	0,19	-3,9	-77,9	8,2	0	-81,5
1823	23.07.2025 19:04:22,000	14,68	0,22	-2,2	-79,7	8,1	0	-81,7
1824	23.07.2025 19:04:23,000	14,68	0,19	-3,1	-78,4	8,5	0	-81,3
1825	23.07.2025 19:04:24,000	14,68	0,22	-4,4	-77,0	8,6	0	-81,0
1826	23.07.2025 19:04:25,000	14,68	0,19	-3,4	-77,6	9,0	0	-80,7
1827	23.07.2025 19:04:26,000	14,68	0,22	-2,7	-78,1	9,2	0	-80,6
1828	23.07.2025 19:04:27,000	14,68	0,19	-2,7	-78,7	8,6	0	-81,1
1829	23.07.2025 19:04:28,000	14,68	0,19	-3,6	-77,5	8,9	0	-80,8
1830	23.07.2025 19:04:29,000	14,68	0,19	-4,2	-77,3	8,4	0	-81,2
1831	23.07.2025 19:04:30,000	14,68	0,22	-3,2	-78,1	8,7	0	-81,0
1832	23.07.2025 19:04:31,000	14,68	0,19	-2,2	-79,1	8,7	0	-81,1
1833	23.07.2025 19:04:32,000	14,68	0,22	-3,6	-78,4	8,0	0	-81,7
1834	23.07.2025 19:04:33,000	14,71	0,19	-4,5	-76,8	8,7	0	-80,9
1835	23.07.2025 19:04:34,000	14,71	0,22	-3,2	-78,1	8,6	0	-81,1
1836	23.07.2025 19:04:35,000	14,71	0,22	-2,3	-78,8	8,9	0	-80,9
1837	23.07.2025 19:04:36,000	14,71	0,19	-3,6	-77,3	9,0	0	-80,6
1838	23.07.2025 19:04:37,000	14,71	0,22	-3,8	-78,2	8,0	0	-81,7
1839	23.07.2025 19:04:38,000	14,71	0,19	-2,8	-79,1	8,1	0	-81,7
1840	23.07.2025 19:04:39,000	14,71	0,22	-2,7	-78,3	9,0	0	-80,7
1841	23.07.2025 19:04:40,000	14,71	0,19	-3,1	-78,7	8,2	0	-81,6
1842	23.07.2025 19:04:41,000	14,71	0,19	-3,2	-78,8	8,0	0	-81,7
1843	23.07.2025 19:04:42,000	14,71	0,19	-3,3	-77,7	9,1	0	-80,7
1844	23.07.2025 19:04:43,000	14,71	0,22	-3,1	-78,7	8,2	0	-81,5
1845	23.07.2025 19:04:44,000	14,71	0,22	-3,0	-78,7	8,3	0	-81,5
1846	23.07.2025 19:04:45,000	14,71	0,19	-3,4	-77,6	9,0	0	-80,7
1847	23.07.2025 19:04:46,000	14,71	0,19	-3,1	-78,9	8,1	0	-81,7
1848	23.07.2025 19:04:47,000	14,71	0,22	-3,1	-79,0	7,9	0	-81,8
1849	23.07.2025 19:04:48,000	14,71	0,19	-3,4	-78,0	8,5	0	-81,2
1850	23.07.2025 19:04:49,000	14,71	0,19	-2,7	-79,4	7,9	0	-81,9
1851	23.07.2025 19:04:50,000	14,74	0,22	-2,8	-78,9	8,3	0	-81,5
1852	23.07.2025 19:04:51,000	14,74	0,17	-2,5	-79,2	8,3	0	-81,5
1853	23.07.2025 19:04:52,000	14,74	0,19	-1,6	-79,9	8,5	0	-81,4
1854	23.07.2025 19:04:53,000	14,74	0,19	-2,2	-80,3	7,5	0	-82,3
1855	23.07.2025 19:04:54,000	14,74	0,22	-2,6	-80,1	7,3	0	-82,5
1856	23.07.2025 19:04:55,000	14,74	0,19	-1,9	-79,2	8,9	0	-80,9
1857	23.07.2025 19:04:56,000	14,74	0,19	-1,4	-79,1	9,5	0	-80,3
1858	23.07.2025 19:04:57,000	14,74	0,19	-1,5	-79,9	8,5	0	-81,3
1859	23.07.2025 19:04:58,000	14,74	0,19	-2,5	-78,7	8,7	0	-81,0
1860	23.07.2025 19:04:59,000	14,74	0,19	-2,2	-77,5	10,3	0	-79,4
1861	23.07.2025 19:05:00,000	14,74	0,19	-2,1	-78,4	9,5	0	-80,3
1862	23.07.2025 19:05:01,000	14,74	0,22	-2,5	-79,2	8,3	0	-81,5
1863	23.07.2025 19:05:02,000	14,74	0,19	-2,7	-80,5	6,8	0	-83,0
1864	23.07.2025 19:05:03,000	14,74	0,19	-3,6	-81,0	5,4	0	-84,4
1865	23.07.2025 19:05:04,000	14,74	0,22	-3,8	-82,2	3,9	0	-85,9
1866	23.07.2025 19:05:05,000	14,74	0,22	-3,8	-84,1	2,2	0	-87,8
1867	23.07.2025 19:05:06,000	14,77	0,19	-3,9	-84,5	1,7	0	-88,3
1868	23.07.2025 19:05:07,000	14,77	0,19	-4,8	-83,3	1,9	0	-88,0
1869	23.07.2025 19:05:08,000	14,77	0,22	-4,6	-83,0	2,3	0	-87,6
1870	23.07.2025 19:05:09,000	14,77	0,19	-3,7	-82,9	3,4	0	-86,5
1871	23.07.2025 19:05:10,000	14,77	0,19	-4,1	-80,8	5,1	0	-84,7
1872	23.07.2025 19:05:11,000	14,77	0,19	-3,7	-79,5	6,8	0	-83,0
1873	23.07.2025 19:05:12,000	14,80	0,22	-3,3	-78,2	8,5	0	-81,3
1874	23.07.2025 19:05:13,000	14,80	0,19	-2,9	-77,5	9,6	0	-80,1
1875	23.07.2025 19:05:14,000	14,80	0,19	-3,4	-77,5	9,1	0	-80,6
1876	23.07.2025 19:05:15,000	14,80	0,19	-3,3	-79,0	7,6	0	-82,1
1877	23.07.2025 19:05:16,000	14,80	0,19	-3,8	-78,7	7,5	0	-82,2
1878	23.07.2025 19:05:17,000	14,80	0,17	-4,2	-77,9	7,9	0	-81,8
1879	23.07.2025 19:05:18,000	14,80	0,19	-3,6	-79,7	6,7	0	-83,1
1880	23.07.2025 19:05:19,000	14,80	0,19	-4,0	-80,1	5,9	0	-83,8
1881	23.07.2025 19:05:20,000	14,83	0,19	-4,9	-78,9	6,2	0	-83,5
1882	23.07.2025 19:05:21,000	14,83	0,19	-4,4	-79,0	6,6	0	-83,1
1883	23.07.2025 19:05:22,000	14,83	0,19	-3,8	-79,3	6,8	0	-82,9
1884	23.07.2025 19:05:23,000	14,83	0,19	-4,6	-78,6	6,9	0	-82,9
1885	23.07.2025 19:05:24,000	14,83	0,17	-4,2	-79,1	6,6	0	-83,1
1886	23.07.2025 19:05:25,000	14,83	0,19	-4,4	-80,1	5,5	0	-84,3
1887	23.07.2025 19:05:26,000	14,83	0,17	-4,6	-79,9	5,5	0	-84,2
1888	23.07.2025 19:05:27,000	14,86	0,17	-4,3	-79,6	6,1	0	-83,7
1889	23.07.2025 19:05:28,000	14,86	0,17	-4,9	-79,5	5,7	0	-84,1
1890	23.07.2025 19:05:29,000	14,86	0,17	-4,6	-80,1	5,3	0	-84,5
1891	23.07.2025 19:05:30,000	14,86	0,17	-4,4	-79,8	5,7	0	-84,1
1892	23.07.2025 19:05:31,000	14,86	0,19	-4,7	-79,1	6,2	0	-83,6
1893	23.07.2025 19:05:32,000	14,86	0,17	-4,8	-78,5	6,7	0	-83,0
1894	23.07.2025 19:05:33,000	14,86	0,17	-4,7	-79,4	5,9	0	-83,8
1895	23.07.2025 19:05:34,000	14,86	0,17	-4,5	-80,4	5,1	0	-84,7
1896	23.07.2025 19:05:35,000	14,86	0,19	-4,8	-80,9	4,2	0	-85,6
1897	23.07.2025 19:05:36,000	14,86	0,17	-5,2	-80,7	4,1	0	-85,8
1898	23.07.2025 19:05:37,000	14,86	0,17	-4,8	-81,1	4,1	0	-85,7
1899	23.07.2025 19:05:38,000	14,86	0,19	-4,7	-80,3	5,0	0	-84,8
1900	23.07.2025 19:05:39,000	14,86	0,19	-4,8	-79,0	6,3	0	-83,5
1901	23.07.2025 19:05:40,000	14,86	0,17	-4,8	-78,8	6,4	0	-83,3
1902	23.07.2025 19:05:41,000	14,86	0,19	-4,7	-79,7	5,6	0	-84,2
1903	23.07.2025 19:05:42,000	14,89	0,19	-5,2	-79,8	5,0	0	-84,8
1904	23.07.2025 19:05:43,000	14,86	0,17	-4,7	-80,5	4,8	0	-85,0
1905	23.07.2025 19:05:44,000	14,89	0,19	-4,7	-79,5	5,8	0	-84,0
1906	23.07.2025 19:05:45,000	14,89	0,19	-4,9	-78,7	6,4	0	-83,3
1907	23.07.2025 19:05:46,000	14,89	0,19	-4,6	-78,4	7,0	0	-82,7
1908	23.07.2025 19:05:47,000	14,89	0,19	-3,9	-77,8	8,3	0	-81,4
1909	23.07.2025 19:05:48,000	14,89	0,19	-3,9	-76,9	9,2	0	-80,5
1910	23.07.2025 19:05:49,000	14,89	0,19	-3,8	-75,9	10,4	0	-79,2
1911	23.07.2025 19:05:50,000	14,89	0,17	-3,8	-74,9	11,3	0	-78,2
1912	23.07.2025 19:05:51,000	14,89	0,19	-3,7	-75,2	11,2	0	-78,4
1913	23.07.2025 19:05:52,000	14,89	0,19	-3,3	-75,2	11,5	0	-78,1
1914	23.07.2025 19:05:53,000	14,89	0,17	-3,6	-75,8	10,7	0	-78,9
1915	23.07.2025 19:05:54,000	14,89	0,17	-3,7	-76,4	9,9	0	-79,7
1916	23.07.2025 19:05:55,000	14,89	0,17	-3,9	-77,2	8,9	0	-80,8
1917	23.07.2025 19:05:56,000	14,89	0,17	-3,9	-78,0	8,1	0	-81,6
1918	23.07.2025 19:05:57,000	14,89	0,17	-4,0	-78,3	7,7	0	-82,0
1919	23.07.2025 19:05:58,000	14,89	0,17	-3,7	-78,7	7,6	0	-82,1
1920	23.07.2025 19:05:59,000	14,92	0,17	-4,0	-77,9	8,1	0	-81,6
1921	23.07.2025 19:06:00,000	14,92	0,17	-4,2	-78,1	7,7	0	-82,0
1922	23.07.2025 19:06:01,000	14,92	0,17	-4,2	-78,5	7,3	0	-82,4
1923	23.07.2025 19:06:02,000	14,92	0,19	-4,2	-79,7	6,1	0	-83,7
1924	23.07.2025 19:06:03,000	14,92	0,15	-45,2	-11,2	-33,6	1	-160,5
1925	23.07.2025 19:06:04,000	14,92	0,17	-47,9	-10,6	-31,5	1	-160,4
1926	23.07.2025 19:06:05,000	14,92	0,17	-43,9	-11,1	-35,1	1	-161,3
1927	23.07.2025 19:06:06,000	14,92	0,17	-43,8	-14,8	-31,4	0	-153,6
1928	23.07.2025 19:06:07,000	14,92	0,19	-39,7	-18,3	-32,0	1	-149,1
1929	23.07.2025 19:06:08,000	14,96	0,19	-46,4	-30,1	-13,5	0	-115,1
1930	23.07.2025 19:06:09,000	14,96	0,19	-3,5	-76,5	10,0	0	-79,7
1931	23.07.2025 19:06:10,000	14,96	0,17	-0,1	-80,8	9,0	0	-81,0
1932	23.07.2025 19:06:11,000	14,96	0,19	0,1	-81,2	8,7	0	-81,3
1933	23.07.2025 19:06:12,000	14,96	0,19	-0,4	-81,1	8,6	0	-81,4
1934	23.07.2025 19:06:13,000	14,96	0,17	-0,3	-81,0	8,7	0	-81,3
1935	23.07.2025 19:06:14,000	14,96	0,19	0,2	-80,0	9,8	0	-80,1
1936	23.07.2025 19:06:15,000	14,96	0,17	0,7	-77,8	11,4	0	-78,5
1937	23.07.2025 19:06:16,000	14,96	0,19	0,8	-77,5	11,7	0	-78,2
1938	23.07.2025 19:06:17,000	14,96	0,19	0,6	-77,7	11,8	0	-78,1
1939	23.07.2025 19:06:18,000	14,99	0,19	0,9	-77,4	11,7	0	-78,2
1940	23.07.2025 19:06:19,000	14,99	0,17	0,8	-77,6	11,5	0	-78,4
1941	23.07.2025 19:06:20,000	14,99	0,19	0,1	-79,2	10,6	0	-79,3
1942	23.07.2025 19:06:21,000	14,99	0,19	0,1	-80,2	9,7	0	-80,3
1943	23.07.2025 19:06:22,000	14,99	0,19	0,1	-80,9	9,0	0	-81,0
1944	23.07.2025 19:06:23,000	14,99	0,19	-0,3	-81,2	8,5	0	-81,5
1945	23.07.2025 19:06:24,000	14,99	0,19	-0,6	-80,7	8,7	0	-81,3
1946	23.07.2025 19:06:25,000	14,99	0,17	0,1	-80,8	9,0	0	-81,0
1947	23.07.2025 19:06:26,000	14,99	0,19	0,5	-79,5	10,1	0	-79,9
1948	23.07.2025 19:06:27,000	14,99	0,19	0,1	-79,1	10,8	0	-79,2
1949	23.07.2025 19:06:28,000	14,99	0,19	0,5	-78,3	11,2	0	-78,7
1950	23.07.2025 19:06:29,000	14,99	0,19	1,2	-77,5	11,3	0	-78,6
1951	23.07.2025 19:06:30,000	14,99	0,17	0,7	-77,9	11,4	0	-78,5
1952	23.07.2025 19:06:31,000	14,99	0,17	0,1	-79,0	10,9	0	-79,1
1953	23.07.2025 19:06:32,000	15,02	0,19	0,4	-79,0	10,6	0	-79,3
1954	23.07.2025 19:06:33,000	15,02	0,19	0,4	-78,9	10,7	0	-79,3
1955	23.07.2025 19:06:34,000	15,02	0,19	0,2	-79,4	10,4	0	-79,6
1956	23.07.2025 19:06:35,000	15,02	0,17	0,1	-79,8	10,0	0	-80,0
1957	23.07.2025 19:06:36,000	15,02	0,19	0,4	-79,7	9,9	0	-80,1
1958	23.07.2025 19:06:37,000	15,02	0,19	-0,4	-79,9	9,7	0	-80,2
1959	23.07.2025 19:06:38,000	15,02	0,19	0,3	-80,7	9,0	0	-81,0
1960	23.07.2025 19:06:39,000	15,02	0,19	0,3	-80,4	9,3	0	-80,6
1961	23.07.2025 19:06:40,000	15,02	0,17	0,2	-79,8	10,0	0	-80,0
1962	23.07.2025 19:06:41,000	15,02	0,17	0,3	-79,7	10,0	0	-80,0
1963	23.07.2025 19:06:42,000	15,02	0,19	0,6	-79,2	10,2	0	-79,8
1964	23.07.2025 19:06:43,000	15,05	0,19	0,5	-77,8	11,7	0	-78,2
1965	23.07.2025 19:06:44,000	15,05	0,17	0,4	-77,7	11,9	0	-78,1
1966	23.07.2025 19:06:45,000	15,05	0,17	0,7	-78,4	11,0	0	-79,0
1967	23.07.2025 19:06:46,000	15,05	0,19	0,4	-78,7	10,8	0	-79,1
1968	23.07.2025 19:06:47,000	15,05	0,19	0,2	-79,6	10,1	0	-79,8
1969	23.07.2025 19:06:48,000	15,05	0,17	0,3	-80,3	9,3	0	-80,6
1970	23.07.2025 19:06:49,000	15,05	0,19	-0,3	-80,5	9,3	0	-80,7
1971	23.07.2025 19:06:50,000	15,05	0,19	0,1	-81,0	8,8	0	-81,1
1972	23.07.2025 19:06:51,000	15,05	0,19	-0,2	-80,3	9,5	0	-80,5
1973	23.07.2025 19:06:52,000	15,05	0,19	0,1	-80,1	9,8	0	-80,2
1974	23.07.2025 19:06:53,000	15,05	0,19	0,9	-78,8	10,3	0	-79,6
1975	23.07.2025 19:06:54,000	15,05	0,17	-0,1	-79,0	10,9	0	-79,1
1976	23.07.2025 19:06:55,000	15,05	0,17	0,4	-78,5	11,1	0	-78,9
1977	23.07.2025 19:06:56,000	15,08	0,19	1,3	-77,3	11,4	0	-78,4
1978	23.07.2025 19:06:57,000	15,08	0,17	0,5	-78,7	10,8	0	-79,1
1979	23.07.2025 19:06:58,000	15,08	0,19	0,3	-79,1	10,7	0	-79,3
1980	23.07.2025 19:06:59,000	15,08	0,19	0,3	-79,3	10,4	0	-79,5
1981	23.07.2025 19:07:00,000	15,08	0,17	0,2	-80,5	9,3	0	-80,7
1982	23.07.2025 19:07:01,000	15,08	0,19	0,4	-80,3	9,3	0	-80,6
1983	23.07.2025 19:07:02,000	15,08	0,19	-0,1	-80,3	9,5	0	-80,5
1984	23.07.2025 19:07:03,000	15,08	0,19	-0,1	-80,3	9,7	0	-80,3
1985	23.07.2025 19:07:04,000	15,08	0,17	0,1	-80,4	9,5	0	-80,5
1986	23.07.2025 19:07:05,000	15,08	0,19	0,2	-80,0	9,8	0	-80,2
1987	23.07.2025 19:07:06,000	15,08	0,19	0,7	-78,5	10,8	0	-79,2
1988	23.07.2025 19:07:07,000	15,08	0,19	0,3	-78,3	11,4	0	-78,6
1989	23.07.2025 19:07:08,000	15,11	0,17	-59,0	-5,1	-25,9	0	-168,4
1990	23.07.2025 19:07:09,000	15,11	0,17	-50,0	-8,3	-31,7	0	-164,6
1991	23.07.2025 19:07:10,000	15,11	0,17	-49,1	-5,4	-35,5	1	-170,8
1992	23.07.2025 19:07:11,000	15,11	0,17	-53,4	-6,1	-30,6	0	-168,2
1993	23.07.2025 19:07:12,000	15,11	0,17	-45,4	-7,4	-37,2	0	-167,8
1994	23.07.2025 19:07:13,000	15,11	0,17	-48,3	-9,2	-32,5	0	-163,3
1995	23.07.2025 19:07:14,000	15,11	0,19	-53,6	-7,8	-28,6	0	-164,0
1996	23.07.2025 19:07:15,000	15,11	0,17	-52,1	-6,8	-31,1	0	-167,0
1997	23.07.2025 19:07:16,000	15,11	0,19	-47,6	-6,7	-35,8	0	-168,6
1998	23.07.2025 19:07:17,000	15,11	0,17	-42,4	-10,4	-37,2	0	-163,2
1999	23.07.2025 19:07:18,000	15,14	0,17	-49,9	-8,7	-31,4	0	-163,7
2000	23.07.2025 19:07:19,000	15,14	0,17	-42,8	-11,1	-36,0	0	-161,6
2001	23.07.2025 19:07:20,000	15,14	0,17	-51,2	-7,0	-31,8	0	-166,9
2002	23.07.2025 19:07:21,000	15,14	0,17	-50,9	-8,6	-30,4	0	-163,4
2003	23.07.2025 19:07:22,000	15,14	0,17	-48,9	-6,1	-35,0	0	-169,4
2004	23.07.2025 19:07:23,000	15,14	0,17	-52,4	-7,6	-30,0	0	-165,0
2005	23.07.2025 19:07:24,000	15,14	0,17	-53,4	-12,6	-24,0	1	-151,6
2006	23.07.2025 19:07:25,000	15,14	0,19	-54,4	-5,9	-29,7	0	-168,3
2007	23.07.2025 19:07:26,000	15,14	0,17	-51,0	-7,8	-31,2	0	-165,2
2008	23.07.2025 19:07:27,000	15,14	0,17	-50,7	-11,3	-28,0	0	-157,2
2009	23.07.2025 19:07:28,000	15,14	0,19	-58,1	-7,4	-24,5	0	-162,7
2010	23.07.2025 19:07:29,000	15,14	0,17	-61,2	-4,0	-24,8	0	-170,6
2011	23.07.2025 19:07:30,000	15,17	0,17	-58,6	-7,7	-23,6	0	-161,4
2012	23.07.2025 19:07:31,000	15,17	0,17	-59,2	-7,2	-23,6	0	-162,5
2013	23.07.2025 19:07:32,000	15,17	0,17	-59,2	-7,5	-23,3	0	-161,7
2014	23.07.2025 19:07:33,000	15,17	0,17	-59,4	-7,9	-22,7	0	-160,4
2015	23.07.2025 19:07:34,000	15,17	0,17	-57,1	-10,0	-22,9	0	-155,9
2016	23.07.2025 19:07:35,000	15,17	0,17	-57,9	-9,2	-22,9	0	-157,7
2017	23.07.2025 19:07:36,000	15,17	0,17	-57,6	-9,7	-22,7	0	-156,4
2018	23.07.2025 19:07:37,000	15,17	0,17	-58,2	-8,3	-23,5	0	-160,1
2019	23.07.2025 19:07:38,000	15,17	0,15	-57,8	-8,5	-23,8	0	-159,8
2020	23.07.2025 19:07:39,000	15,17	0,17	-57,4	-8,1	-24,5	0	-161,0
2021	23.07.2025 19:07:40,000	15,17	0,17	-58,3	-7,4	-24,2	0	-162,4
2022	23.07.2025 19:07:41,000	15,17	0,17	-58,8	-6,3	-24,9	0	-165,3
2023	23.07.2025 19:07:42,000	15,17	0,17	-55,1	-6,3	-28,7	0	-167,1
2024	23.07.2025 19:07:43,000	15,20	0,17	-46,6	-9,2	-34,2	0	-164,0
2025	23.07.2025 19:07:44,000	15,20	0,17	-39,8	-12,0	-38,2	0	-161,2
2026	23.07.2025 19:07:45,000	15,20	0,17	-51,5	-6,6	-32,0	1	-167,7
2027	23.07.2025 19:07:46,000	15,20	0,17	-54,6	-5,9	-29,4	0	-168,1
2028	23.07.2025 19:07:47,000	15,20	0,17	-47,4	-5,7	-36,9	0	-170,5
2029	23.07.2025 19:07:48,000	15,20	0,17	-50,0	-9,8	-30,2	0	-161,2
2030	23.07.2025 19:07:49,000	15,20	0,17	-66,3	-9,7	-14,0	0	-161,2
2031	23.07.2025 19:07:50,000	15,20	0,17	-52,2	28,8	9,0	1	72,0
2032	23.07.2025 19:07:51,000	15,20	0,17	-1,1	85,2	-3,8	0	93,8
2033	23.07.2025 19:07:52,000	15,23	0,19	1,1	84,2	-4,6	0	94,7
2034	23.07.2025 19:07:53,000	15,23	0,17	1,6	83,2	-5,2	0	95,3
2035	23.07.2025 19:07:54,000	15,23	0,19	2,3	82,9	-4,8	0	94,9
2036	23.07.2025 19:07:55,000	15,23	0,19	2,3	82,4	-5,3	0	95,4
2037	23.07.2025 19:07:56,000	15,23	0,19	2,3	82,3	-5,4	0	95,5
2038	23.07.2025 19:07:57,000	15,23	0,19	3,0	81,9	-5,1	0	95,2
2039	23.07.2025 19:07:58,000	15,23	0,19	2,6	82,3	-5,1	0	95,2
2040	23.07.2025 19:07:59,000	15,23	0,17	2,6	81,7	-5,7	0	95,8
2041	23.07.2025 19:08:00,000	15,23	0,17	2,3	82,6	-5,0	0	95,1
2042	23.07.2025 19:08:01,000	15,23	0,17	2,3	82,6	-5,1	0	95,2
2043	23.07.2025 19:08:02,000	15,23	0,17	2,2	82,7	-5,1	0	95,2
2044	23.07.2025 19:08:03,000	15,23	0,19	2,3	82,1	-5,6	0	95,7
2045	23.07.2025 19:08:04,000	15,23	0,17	2,5	82,6	-4,9	0	95,0
2046	23.07.2025 19:08:05,000	15,23	0,19	2,7	82,5	-4,9	0	95,0
2047	23.07.2025 19:08:06,000	15,23	0,17	3,3	81,3	-5,4	0	95,6
2048	23.07.2025 19:08:07,000	15,23	0,19	3,1	81,4	-5,6	0	95,7
2049	23.07.2025 19:08:08,000	15,23	0,17	2,9	82,6	-4,5	0	94,6
2050	23.07.2025 19:08:09,000	15,23	0,19	2,6	82,0	-5,3	0	95,4
2051	23.07.2025 19:08:10,000	15,23	0,19	1,7	82,8	-5,6	0	95,6
2052	23.07.2025 19:08:11,000	15,23	0,19	0,9	83,9	-5,1	0	95,2
2053	23.07.2025 19:08:12,000	15,23	0,19	1,1	84,5	-4,4	0	94,4
2054	23.07.2025 19:08:13,000	15,26	0,17	1,8	83,1	-5,1	0	95,2
2055	23.07.2025 19:08:14,000	15,26	0,19	2,7	82,2	-5,2	0	95,3
2056	23.07.2025 19:08:15,000	15,26	0,17	2,4	82,1	-5,4	0	95,6
2057	23.07.2025 19:08:16,000	15,26	0,19	2,6	82,3	-5,1	0	95,2
2058	23.07.2025 19:08:17,000	15,26	0,19	2,6	82,7	-4,8	0	94,9
2059	23.07.2025 19:08:18,000	15,26	0,17	2,8	81,8	-5,4	0	95,6
2060	23.07.2025 19:08:19,000	15,26	0,19	2,8	81,3	-5,9	0	96,0
2061	23.07.2025 19:08:20,000	15,26	0,19	1,8	83,4	-4,8	0	94,9
2062	23.07.2025 19:08:21,000	15,26	0,19	1,3	83,7	-5,0	0	95,1
2063	23.07.2025 19:08:22,000	15,26	0,19	2,1	82,8	-5,1	0	95,2
2064	23.07.2025 19:08:23,000	15,26	0,19	1,7	83,1	-5,2	0	95,2
2065	23.07.2025 19:08:24,000	15,26	0,19	1,9	82,9	-5,2	0	95,3
2066	23.07.2025 19:08:25,000	15,26	0,19	3,0	82,2	-4,9	0	95,0
2067	23.07.2025 19:08:26,000	15,26	0,17	3,1	82,0	-4,9	0	95,0
2068	23.07.2025 19:08:27,000	15,26	0,17	3,8	80,6	-5,5	0	95,7
2069	23.07.2025 19:08:28,000	15,26	0,17	4,3	80,8	-4,9	0	95,1
2070	23.07.2025 19:08:29,000	15,26	0,17	4,3	81,1	-4,6	0	94,7
2071	23.07.2025 19:08:30,000	15,26	0,17	3,5	81,2	-5,3	0	95,4
2072	23.07.2025 19:08:31,000	15,29	0,17	2,5	81,9	-5,5	0	95,7
2073	23.07.2025 19:08:32,000	15,29	0,19	2,2	82,4	-5,4	0	95,5
2074	23.07.2025 19:08:33,000	15,29	0,19	1,5	83,4	-5,1	0	95,1
2075	23.07.2025 19:08:34,000	15,29	0,19	0,9	83,6	-5,6	0	95,6
2076	23.07.2025 19:08:35,000	15,29	0,17	0,8	84,3	-4,9	0	95,0
2077	23.07.2025 19:08:36,000	15,29	0,17	0,3	84,7	-5,0	0	95,0
2078	23.07.2025 19:08:37,000	15,29	0,19	0,5	83,7	-5,9	0	95,9
2079	23.07.2025 19:08:38,000	15,29	0,19	1,5	83,1	-5,4	0	95,5
2080	23.07.2025 19:08:39,000	15,29	0,19	1,7	83,4	-4,9	0	95,0
2081	23.07.2025 19:08:40,000	15,29	0,19	2,4	82,4	-5,2	0	95,3
2082	23.07.2025 19:08:41,000	15,29	0,19	1,7	82,4	-5,9	0	96,0
2083	23.07.2025 19:08:42,000	15,29	0,19	2,4	82,9	-4,7	0	94,8
2084	23.07.2025 19:08:43,000	15,29	0,17	3,3	82,4	-4,3	0	94,5
2085	23.07.2025 19:08:44,000	15,29	0,17	2,9	81,3	-5,8	0	95,9
2086	23.07.2025 19:08:45,000	15,29	0,17	2,6	81,7	-5,7	0	95,8
2087	23.07.2025 19:08:46,000	15,29	0,19	3,0	82,5	-4,5	0	94,6
2088	23.07.2025 19:08:47,000	15,32	0,19	4,0	80,9	-5,2	0	95,3
2089	23.07.2025 19:08:48,000	15,32	0,19	4,1	80,6	-5,3	0	95,5
2090	23.07.2025 19:08:49,000	15,32	0,19	3,6	81,3	-5,1	0	95,2
2091	23.07.2025 19:08:50,000	15,32	0,17	3,3	81,6	-5,1	0	95,2
2092	23.07.2025 19:08:51,000	15,32	0,19	3,0	81,9	-5,1	0	95,2
2093	23.07.2025 19:08:52,000	15,32	0,19	2,9	81,8	-5,3	0	95,4
2094	23.07.2025 19:08:53,000	15,32	0,17	2,5	82,4	-5,1	0	95,3
2095	23.07.2025 19:08:54,000	15,32	0,19	1,9	83,3	-4,8	0	94,8
2096	23.07.2025 19:08:55,000	15,32	0,17	1,5	83,2	-5,4	0	95,4
2097	23.07.2025 19:08:56,000	15,32	0,17	2,2	82,5	-5,3	0	95,4
2098	23.07.2025 19:08:57,000	15,32	0,19	2,9	82,2	-5,0	0	95,1
2099	23.07.2025 19:08:58,000	15,32	0,19	3,6	80,8	-5,6	0	95,8
2100	23.07.2025 19:08:59,000	15,32	0,19	3,0	81,8	-5,2	0	95,4
2101	23.07.2025 19:09:00,000	15,32	0,19	3,1	82,5	-4,5	0	94,6
2102	23.07.2025 19:09:01,000	15,32	0,19	3,2	81,2	-5,6	0	95,8
2103	23.07.2025 19:09:02,000	15,32	0,17	2,6	82,3	-5,1	0	95,3
2104	23.07.2025 19:09:03,000	15,35	0,17	1,8	83,3	-4,9	0	94,9
2105	23.07.2025 19:09:04,000	15,35	0,17	2,4	82,4	-5,2	0	95,3
2106	23.07.2025 19:09:05,000	15,35	0,19	2,2	82,3	-5,6	0	95,7
2107	23.07.2025 19:09:06,000	15,35	0,19	2,2	82,4	-5,4	0	95,5
2108	23.07.2025 19:09:07,000	15,35	0,19	3,0	82,0	-5,0	0	95,1
2109	23.07.2025 19:09:08,000	15,35	0,17	3,1	81,8	-5,1	0	95,2
2110	23.07.2025 19:09:09,000	15,35	0,19	3,1	81,7	-5,2	0	95,4
2111	23.07.2025 19:09:10,000	15,35	0,19	3,7	81,7	-4,6	0	94,8
2112	23.07.2025 19:09:11,000	15,35	0,17	3,5	81,6	-5,0	0	95,1
2113	23.07.2025 19:09:12,000	15,35	0,17	3,5	81,7	-4,8	0	94,9
2114	23.07.2025 19:09:13,000	15,35	0,17	2,5	82,0	-5,5	0	95,6
2115	23.07.2025 19:09:14,000	15,35	0,17	2,2	82,5	-5,4	0	95,5
2116	23.07.2025 19:09:15,000	15,35	0,17	1,9	82,6	-5,5	0	95,6
2117	23.07.2025 19:09:16,000	15,35	0,17	1,6	83,2	-5,1	0	95,2
2118	23.07.2025 19:09:17,000	15,35	0,17	1,7	82,8	-5,5	0	95,6
2119	23.07.2025 19:09:18,000	15,35	0,17	2,2	82,5	-5,4	0	95,5
2120	23.07.2025 19:09:19,000	15,35	0,17	2,0	82,1	-6,0	0	96,1
2121	23.07.2025 19:09:20,000	15,35	0,17	1,9	83,2	-4,9	0	95,0
2122	23.07.2025 19:09:21,000	15,35	0,19	2,4	83,0	-4,6	0	94,7
2123	23.07.2025 19:09:22,000	15,35	0,17	2,7	81,9	-5,4	0	95,6
2124	23.07.2025 19:09:23,000	15,35	0,19	2,5	82,7	-4,8	0	94,9
2125	23.07.2025 19:09:24,000	15,35	0,17	3,7	81,4	-5,0	0	95,1
2126	23.07.2025 19:09:25,000	15,38	0,17	3,9	80,4	-5,6	0	95,8
2127	23.07.2025 19:09:26,000	15,38	0,17	3,8	81,2	-5,0	0	95,2
2128	23.07.2025 19:09:27,000	15,38	0,17	3,3	81,7	-5,0	0	95,1
2129	23.07.2025 19:09:28,000	15,38	0,17	2,9	81,3	-5,8	0	96,0
2130	23.07.2025 19:09:29,000	15,38	0,17	2,8	82,4	-4,8	0	94,9
2131	23.07.2025 19:09:30,000	15,38	0,19	3,2	81,8	-5,0	0	95,1
2132	23.07.2025 19:09:31,000	15,38	0,17	2,2	82,5	-5,3	0	95,4
2133	23.07.2025 19:09:32,000	15,38	0,17	1,3	83,8	-5,0	0	95,1
2134	23.07.2025 19:09:33,000	15,38	0,17	1,3	84,2	-4,6	0	94,6
2135	23.07.2025 19:09:34,000	15,38	0,17	1,5	82,6	-5,9	0	96,0
2136	23.07.2025 19:09:35,000	15,38	0,17	1,5	82,9	-5,5	0	95,6
2137	23.07.2025 19:09:36,000	15,38	0,19	2,2	82,7	-5,1	0	95,2
2138	23.07.2025 19:09:37,000	15,38	0,17	3,0	82,0	-5,0	0	95,1
2139	23.07.2025 19:09:38,000	15,38	0,17	3,5	81,2	-5,2	0	95,4
2140	23.07.2025 19:09:39,000	15,38	0,19	2,7	81,5	-5,8	0	96,0
2141	23.07.2025 19:09:40,000	15,38	0,17	3,5	81,6	-4,9	0	95,0
2142	23.07.2025 19:09:41,000	15,38	0,17	3,5	81,4	-5,1	0	95,2
2143	23.07.2025 19:09:42,000	15,42	0,17	2,3	82,1	-5,6	0	95,7
2144	23.07.2025 19:09:43,000	15,42	0,19	1,8	82,7	-5,5	0	95,6
2145	23.07.2025 19:09:44,000	15,42	0,17	1,8	83,9	-4,3	0	94,4
2146	23.07.2025 19:09:45,000	15,42	0,17	2,3	82,3	-5,4	0	95,6
2147	23.07.2025 19:09:46,000	15,42	0,17	2,6	81,8	-5,6	0	95,7
2148	23.07.2025 19:09:47,000	15,42	0,15	3,0	81,9	-5,1	0	95,2
2149	23.07.2025 19:09:48,000	15,42	0,17	2,9	82,3	-4,9	0	95,0
2150	23.07.2025 19:09:49,000	15,42	0,17	3,1	81,5	-5,4	0	95,5
2151	23.07.2025 19:09:50,000	15,42	0,17	3,5	81,2	-5,3	0	95,5
2152	23.07.2025 19:09:51,000	15,42	0,17	3,2	82,2	-4,6	0	94,7
2153	23.07.2025 19:09:52,000	15,42	0,17	3,0	81,9	-5,1	0	95,2
2154	23.07.2025 19:09:53,000	15,42	0,17	3,1	81,4	-5,6	0	95,7
2155	23.07.2025 19:09:54,000	15,42	0,17	3,1	81,9	-5,0	0	95,1
2156	23.07.2025 19:09:55,000	15,42	0,15	3,6	81,6	-4,8	0	95,0
2157	23.07.2025 19:09:56,000	15,42	0,17	2,9	81,6	-5,6	0	95,7
2158	23.07.2025 19:09:57,000	15,42	0,17	2,6	82,1	-5,3	0	95,4
2159	23.07.2025 19:09:58,000	15,45	0,17	2,5	82,0	-5,5	0	95,6
2160	23.07.2025 19:09:59,000	15,45	0,17	1,8	82,8	-5,5	0	95,6
2161	23.07.2025 19:10:00,000	15,45	0,17	2,3	82,4	-5,2	0	95,4
2162	23.07.2025 19:10:01,000	15,45	0,17	2,1	82,4	-5,5	0	95,6
2163	23.07.2025 19:10:02,000	15,45	0,15	1,3	83,5	-5,2	0	95,3
2164	23.07.2025 19:10:03,000	15,45	0,17	1,6	83,5	-4,9	0	94,9
2165	23.07.2025 19:10:04,000	15,45	0,17	2,6	81,8	-5,5	0	95,7
2166	23.07.2025 19:10:05,000	15,45	0,15	2,7	82,1	-5,2	0	95,3
2167	23.07.2025 19:10:06,000	15,45	0,17	3,3	81,8	-4,9	0	95,0
2168	23.07.2025 19:10:07,000	15,45	0,15	3,8	81,4	-4,8	0	95,0
2169	23.07.2025 19:10:08,000	15,45	0,17	4,1	80,8	-5,2	0	95,3
2170	23.07.2025 19:10:09,000	15,45	0,17	4,3	80,6	-5,1	0	95,3
2171	23.07.2025 19:10:10,000	15,45	0,17	4,4	80,7	-4,9	0	95,1
2172	23.07.2025 19:10:11,000	15,45	0,15	4,7	80,1	-5,2	0	95,4
2173	23.07.2025 19:10:12,000	15,45	0,15	3,8	80,2	-6,0	0	96,2
2174	23.07.2025 19:10:13,000	15,45	0,15	2,8	82,6	-4,6	0	94,7
2175	23.07.2025 19:10:14,000	15,48	0,15	2,8	82,3	-4,9	0	95,0
2176	23.07.2025 19:10:15,000	15,48	0,17	1,9	82,7	-5,4	0	95,5
2177	23.07.2025 19:10:16,000	15,48	0,17	2,1	82,4	-5,5	0	95,7
2178	23.07.2025 19:10:17,000	15,48	0,17	2,0	82,6	-5,3	0	95,4
2179	23.07.2025 19:10:18,000	15,48	0,17	2,3	82,4	-5,3	0	95,4
2180	23.07.2025 19:10:19,000	15,48	0,17	2,7	82,0	-5,3	0	95,4
2181	23.07.2025 19:10:20,000	15,48	0,17	2,7	82,3	-5,0	0	95,1
2182	23.07.2025 19:10:21,000	15,48	0,17	2,6	82,3	-5,1	0	95,3
2183	23.07.2025 19:10:22,000	15,48	0,17	1,8	82,5	-5,7	0	95,8
2184	23.07.2025 19:10:23,000	15,48	0,17	2,2	82,7	-5,1	0	95,2
2185	23.07.2025 19:10:24,000	15,48	0,17	2,2	82,9	-4,8	0	94,9
2186	23.07.2025 19:10:25,000	15,48	0,15	2,1	82,6	-5,2	0	95,3
2187	23.07.2025 19:10:26,000	15,48	0,17	2,2	82,2	-5,6	0	95,7
2188	23.07.2025 19:10:27,000	15,48	0,17	2,6	82,1	-5,3	0	95,4
2189	23.07.2025 19:10:28,000	15,48	0,15	3,0	81,7	-5,3	0	95,5
2190	23.07.2025 19:10:29,000	15,48	0,17	3,7	81,2	-5,1	0	95,3
2191	23.07.2025 19:10:30,000	15,51	0,15	3,1	81,7	-5,2	0	95,3
2192	23.07.2025 19:10:31,000	15,51	0,17	3,7	81,3	-5,0	0	95,2
2193	23.07.2025 19:10:32,000	15,51	0,17	3,5	81,3	-5,3	0	95,4
2194	23.07.2025 19:10:33,000	15,51	0,17	3,1	81,8	-5,1	0	95,2
2195	23.07.2025 19:10:34,000	15,51	0,17	3,0	81,7	-5,4	0	95,5
2196	23.07.2025 19:10:35,000	15,51	0,17	2,4	82,3	-5,2	0	95,4
2197	23.07.2025 19:10:36,000	15,51	0,17	2,4	82,6	-5,0	0	95,1
2198	23.07.2025 19:10:37,000	15,51	0,17	2,6	82,3	-5,1	0	95,2
2199	23.07.2025 19:10:38,000	15,51	0,15	3,0	81,4	-5,5	0	95,7
2200	23.07.2025 19:10:39,000	15,51	0,17	2,6	82,2	-5,3	0	95,4
2201	23.07.2025 19:10:40,000	15,51	0,17	2,8	82,1	-5,2	0	95,3
2202	23.07.2025 19:10:41,000	15,51	0,15	3,1	81,4	-5,5	0	95,6
2203	23.07.2025 19:10:42,000	15,51	0,15	2,6	82,1	-5,3	0	95,5
2204	23.07.2025 19:10:43,000	15,51	0,15	2,6	82,7	-4,7	0	94,8
2205	23.07.2025 19:10:44,000	15,54	0,19	2,9	81,6	-5,5	0	95,6
2206	23.07.2025 19:10:45,000	15,54	0,19	2,6	82,2	-5,2	0	95,3
2207	23.07.2025 19:10:46,000	15,54	0,19	2,2	82,8	-5,0	0	95,1
2208	23.07.2025 19:10:47,000	15,54	0,17	2,5	82,5	-5,0	0	95,1
2209	23.07.2025 19:10:48,000	15,54	0,19	3,1	81,5	-5,4	0	95,6
2210	23.07.2025 19:10:49,000	15,54	0,19	2,7	81,4	-6,0	0	96,1
2211	23.07.2025 19:10:50,000	15,54	0,17	2,6	82,7	-4,7	0	94,8
2212	23.07.2025 19:10:51,000	15,54	0,17	2,7	81,9	-5,4	0	95,5
2213	23.07.2025 19:10:52,000	15,54	0,19	3,0	81,9	-5,1	0	95,3
2214	23.07.2025 19:10:53,000	15,54	0,19	3,5	81,9	-4,6	0	94,7
2215	23.07.2025 19:10:54,000	15,54	0,17	3,4	81,1	-5,5	0	95,7
2216	23.07.2025 19:10:55,000	15,54	0,17	4,1	80,3	-5,5	0	95,7
2217	23.07.2025 19:10:56,000	15,54	0,17	4,4	81,0	-4,5	0	94,7
2218	23.07.2025 19:10:57,000	15,54	0,19	4,8	80,5	-4,7	0	94,9
2219	23.07.2025 19:10:58,000	15,54	0,17	4,4	79,6	-6,0	0	96,3
2220	23.07.2025 19:10:59,000	15,57	0,17	4,1	80,9	-5,0	0	95,2
2221	23.07.2025 19:11:00,000	15,57	0,19	3,7	81,5	-4,8	0	94,9
2222	23.07.2025 19:11:01,000	15,57	0,19	3,2	81,7	-5,1	0	95,2
2223	23.07.2025 19:11:02,000	15,57	0,17	2,2	82,0	-5,8	0	95,9
2224	23.07.2025 19:11:03,000	15,57	0,19	1,3	84,0	-4,7	0	94,7
2225	23.07.2025 19:11:04,000	15,57	0,17	1,2	84,0	-4,8	0	94,8
2226	23.07.2025 19:11:05,000	15,57	0,17	1,4	82,7	-5,9	0	96,0
2227	23.07.2025 19:11:06,000	15,57	0,17	1,7	82,4	-5,9	0	96,0
2228	23.07.2025 19:11:07,000	15,57	0,17	1,7	83,3	-5,1	0	95,1
2229	23.07.2025 19:11:08,000	15,57	0,17	1,6	83,1	-5,3	0	95,3
2230	23.07.2025 19:11:09,000	15,57	0,17	1,9	82,7	-5,4	0	95,5
2231	23.07.2025 19:11:10,000	15,57	0,17	2,1	82,3	-5,6	0	95,7
2232	23.07.2025 19:11:11,000	15,57	0,17	1,9	83,5	-4,7	0	94,7
2233	23.07.2025 19:11:12,000	15,57	0,17	1,3	83,0	-5,7	0	95,8
2234	23.07.2025 19:11:13,000	15,60	0,19	2,4	82,2	-5,4	0	95,5
2235	23.07.2025 19:11:14,000	15,60	0,17	2,5	82,9	-4,6	0	94,7
2236	23.07.2025 19:11:15,000	15,60	0,19	2,7	81,9	-5,4	0	95,5
2237	23.07.2025 19:11:16,000	15,60	0,17	3,5	80,2	-6,3	0	96,5
2238	23.07.2025 19:11:17,000	15,60	0,17	3,6	81,5	-4,9	0	95,0
2239	23.07.2025 19:11:18,000	15,60	0,17	4,2	80,4	-5,4	0	95,6
2240	23.07.2025 19:11:19,000	15,60	0,17	3,1	80,2	-6,7	0	96,9
2241	23.07.2025 19:11:20,000	15,60	0,17	3,2	81,8	-5,0	0	95,2
2242	23.07.2025 19:11:21,000	15,60	0,17	3,1	82,7	-4,3	0	94,4
2243	23.07.2025 19:11:22,000	15,60	0,17	2,2	81,9	-5,9	0	96,0
2244	23.07.2025 19:11:23,000	15,60	0,17	1,8	82,7	-5,5	0	95,6
2245	23.07.2025 19:11:24,000	15,60	0,17	3,0	82,1	-4,9	0	95,0
2246	23.07.2025 19:11:25,000	15,60	0,17	3,4	80,7	-5,9	0	96,1
2247	23.07.2025 19:11:26,000	15,60	0,17	3,7	80,2	-6,1	0	96,3
2248	23.07.2025 19:11:27,000	15,60	0,17	3,2	81,4	-5,3	0	95,5
2249	23.07.2025 19:11:28,000	15,60	0,19	3,7	81,1	-5,2	0	95,4
2250	23.07.2025 19:11:29,000	15,63	0,17	4,1	79,9	-6,0	0	96,2
2251	23.07.2025 19:11:30,000	15,63	0,17	3,3	80,8	-5,9	0	96,1
2252	23.07.2025 19:11:31,000	15,63	0,17	2,5	83,0	-4,5	0	94,6
2253	23.07.2025 19:11:32,000	15,63	0,17	2,7	81,6	-5,7	0	95,9
2254	23.07.2025 19:11:33,000	15,63	0,17	2,7	81,0	-6,4	0	96,5
2255	23.07.2025 19:11:34,000	15,63	0,17	2,8	82,4	-4,7	0	94,9
2256	23.07.2025 19:11:35,000	15,63	0,17	2,8	81,7	-5,5	0	95,6
2257	23.07.2025 19:11:36,000	15,63	0,17	2,5	81,2	-6,3	0	96,4
2258	23.07.2025 19:11:37,000	15,63	0,17	2,3	81,9	-5,8	0	96,0
2259	23.07.2025 19:11:38,000	15,63	0,17	2,4	83,2	-4,4	0	94,5
2260	23.07.2025 19:11:39,000	15,63	0,17	2,4	81,6	-6,0	0	96,2
2261	23.07.2025 19:11:40,000	15,63	0,17	2,6	81,8	-5,6	0	95,7
2262	23.07.2025 19:11:41,000	15,63	0,17	2,0	82,8	-5,3	0	95,4
2263	23.07.2025 19:11:42,000	15,63	0,17	1,9	82,8	-5,4	0	95,5
2264	23.07.2025 19:11:43,000	15,63	0,19	2,4	81,5	-6,0	0	96,2
2265	23.07.2025 19:11:44,000	15,63	0,17	3,6	81,3	-5,1	0	95,2
2266	23.07.2025 19:11:45,000	15,66	0,19	3,8	81,0	-5,3	0	95,4
2267	23.07.2025 19:11:46,000	15,66	0,17	4,0	79,9	-6,1	0	96,3
2268	23.07.2025 19:11:47,000	15,66	0,17	4,7	79,6	-5,7	0	96,0
2269	23.07.2025 19:11:48,000	15,66	0,17	5,5	79,4	-5,1	0	95,3
2270	23.07.2025 19:11:49,000	15,66	0,17	4,2	80,0	-5,8	0	96,0
2271	23.07.2025 19:11:50,000	15,66	0,17	3,4	80,7	-5,9	0	96,1
2272	23.07.2025 19:11:51,000	15,66	0,17	3,2	81,9	-4,9	0	95,0
2273	23.07.2025 19:11:52,000	15,66	0,17	3,3	81,4	-5,4	0	95,5
2274	23.07.2025 19:11:53,000	15,66	0,17	3,4	80,6	-5,9	0	96,1
2275	23.07.2025 19:11:54,000	15,66	0,17	3,2	81,3	-5,5	0	95,6
2276	23.07.2025 19:11:55,000	15,66	0,17	4,0	80,9	-5,2	0	95,4
2277	23.07.2025 19:11:56,000	15,66	0,17	4,5	79,9	-5,6	0	95,8
2278	23.07.2025 19:11:57,000	15,66	0,17	3,6	80,9	-5,5	0	95,7
2279	23.07.2025 19:11:58,000	15,66	0,17	3,1	81,1	-5,8	0	96,0
2280	23.07.2025 19:11:59,000	15,66	0,17	3,0	81,5	-5,5	0	95,6
2281	23.07.2025 19:12:00,000	15,66	0,17	2,6	82,1	-5,4	0	95,5
2282	23.07.2025 19:12:01,000	15,66	0,17	1,6	82,7	-5,7	0	95,8
2283	23.07.2025 19:12:02,000	15,69	0,17	1,4	83,7	-4,9	0	94,9
2284	23.07.2025 19:12:03,000	15,69	0,17	1,3	82,8	-5,9	0	96,0
2285	23.07.2025 19:12:04,000	15,69	0,17	2,0	82,3	-5,7	0	95,8
2286	23.07.2025 19:12:05,000	15,69	0,17	2,0	82,3	-5,6	0	95,7
2287	23.07.2025 19:12:06,000	15,69	0,15	2,8	81,9	-5,3	0	95,5
2288	23.07.2025 19:12:07,000	15,69	0,17	2,6	81,9	-5,5	0	95,6
2289	23.07.2025 19:12:08,000	15,69	0,17	3,3	80,9	-5,8	0	96,0
2290	23.07.2025 19:12:09,000	15,69	0,17	3,4	81,6	-4,9	0	95,1
2291	23.07.2025 19:12:10,000	15,69	0,17	3,6	80,8	-5,6	0	95,8
2292	23.07.2025 19:12:11,000	15,69	0,17	4,0	80,3	-5,7	0	95,9
2293	23.07.2025 19:12:12,000	15,69	0,17	2,9	81,8	-5,3	0	95,5
2294	23.07.2025 19:12:13,000	15,69	0,17	2,6	82,0	-5,4	0	95,5
2295	23.07.2025 19:12:14,000	15,69	0,17	2,4	82,5	-5,1	0	95,2
2296	23.07.2025 19:12:15,000	15,69	0,17	2,6	82,0	-5,3	0	95,5
2297	23.07.2025 19:12:16,000	15,69	0,17	2,8	81,3	-5,9	0	96,0
2298	23.07.2025 19:12:17,000	15,69	0,17	3,6	80,9	-5,6	0	95,7
2299	23.07.2025 19:12:18,000	15,72	0,17	3,6	80,9	-5,4	0	95,6
2300	23.07.2025 19:12:19,000	15,72	0,17	3,8	80,2	-6,0	0	96,2
2301	23.07.2025 19:12:20,000	15,72	0,17	4,1	80,2	-5,7	0	95,9
2302	23.07.2025 19:12:21,000	15,72	0,17	4,4	80,8	-4,8	0	95,0
2303	23.07.2025 19:12:22,000	15,72	0,15	3,6	80,4	-6,0	0	96,2
2304	23.07.2025 19:12:23,000	15,72	0,17	2,7	81,3	-6,0	0	96,1
2305	23.07.2025 19:12:24,000	15,72	0,17	2,8	82,3	-4,9	0	95,0
2306	23.07.2025 19:12:25,000	15,72	0,15	2,3	82,3	-5,4	0	95,5
2307	23.07.2025 19:12:26,000	15,72	0,17	1,5	82,7	-5,8	0	95,9
2308	23.07.2025 19:12:27,000	15,72	0,17	1,3	83,5	-5,2	0	95,3
2309	23.07.2025 19:12:28,000	15,72	0,17	2,0	82,7	-5,4	0	95,5
2310	23.07.2025 19:12:29,000	15,72	0,17	2,6	81,5	-5,9	0	96,1
2311	23.07.2025 19:12:30,000	15,72	0,17	2,9	81,7	-5,4	0	95,6
2312	23.07.2025 19:12:31,000	15,72	0,15	3,1	82,2	-4,8	0	94,9
2313	23.07.2025 19:12:32,000	15,72	0,17	3,5	80,6	-5,9	0	96,1
2314	23.07.2025 19:12:33,000	15,72	0,17	4,4	80,7	-4,9	0	95,1
2315	23.07.2025 19:12:34,000	15,72	0,17	4,4	80,1	-5,5	0	95,7
2316	23.07.2025 19:12:35,000	15,72	0,17	4,2	79,6	-6,2	0	96,4
2317	23.07.2025 19:12:36,000	15,75	0,17	4,0	80,6	-5,4	0	95,6
2318	23.07.2025 19:12:37,000	15,72	0,17	3,6	81,2	-5,2	0	95,3
2319	23.07.2025 19:12:38,000	15,75	0,15	2,5	82,1	-5,4	0	95,5
2320	23.07.2025 19:12:39,000	15,75	0,17	1,9	81,9	-6,1	0	96,2
2321	23.07.2025 19:12:40,000	15,75	0,17	1,9	83,0	-5,1	0	95,2
2322	23.07.2025 19:12:41,000	15,75	0,17	1,2	83,5	-5,3	0	95,3
2323	23.07.2025 19:12:42,000	15,75	0,17	0,8	83,5	-5,7	0	95,7
2324	23.07.2025 19:12:43,000	15,75	0,15	1,4	83,5	-5,1	0	95,2
2325	23.07.2025 19:12:44,000	15,75	0,15	1,6	83,0	-5,4	0	95,4
2326	23.07.2025 19:12:45,000	15,75	0,15	1,9	82,7	-5,4	0	95,5
2327	23.07.2025 19:12:46,000	15,75	0,17	2,0	82,5	-5,5	0	95,7
2328	23.07.2025 19:12:47,000	15,75	0,17	2,2	82,0	-5,8	0	95,9
2329	23.07.2025 19:12:48,000	15,75	0,15	3,5	81,5	-5,0	0	95,1
2330	23.07.2025 19:12:49,000	15,75	0,15	3,8	80,7	-5,5	0	95,7
2331	23.07.2025 19:12:50,000	15,75	0,15	3,4	81,0	-5,6	0	95,8
2332	23.07.2025 19:12:51,000	15,75	0,15	3,4	81,3	-5,3	0	95,5
2333	23.07.2025 19:12:52,000	15,75	0,15	3,8	81,2	-5,0	0	95,1
2334	23.07.2025 19:12:53,000	15,78	0,17	3,6	79,9	-6,5	0	96,7
2335	23.07.2025 19:12:54,000	15,78	0,15	3,0	81,4	-5,6	0	95,7
2336	23.07.2025 19:12:55,000	15,78	0,15	3,1	82,1	-4,7	0	94,9
2337	23.07.2025 19:12:56,000	15,78	0,15	3,6	80,7	-5,7	0	95,9
2338	23.07.2025 19:12:57,000	15,78	0,15	2,5	81,1	-6,4	0	96,6
2339	23.07.2025 19:12:58,000	15,78	0,17	2,6	82,1	-5,2	0	95,4
2340	23.07.2025 19:12:59,000	15,78	0,15	2,6	82,4	-5,0	0	95,1
2341	23.07.2025 19:13:00,000	15,78	0,17	2,7	81,2	-6,0	0	96,2
2342	23.07.2025 19:13:01,000	15,78	0,15	2,2	82,3	-5,5	0	95,6
2343	23.07.2025 19:13:02,000	15,78	0,17	2,4	82,7	-4,9	0	95,0
2344	23.07.2025 19:13:03,000	15,78	0,17	2,0	82,3	-5,7	0	95,8
2345	23.07.2025 19:13:04,000	15,78	0,15	2,2	82,1	-5,8	0	95,9
2346	23.07.2025 19:13:05,000	15,78	0,17	3,3	81,8	-4,9	0	95,0
2347	23.07.2025 19:13:06,000	15,78	0,17	4,1	79,9	-6,1	0	96,3
2348	23.07.2025 19:13:07,000	15,78	0,17	4,0	80,1	-5,9	0	96,1
2349	23.07.2025 19:13:08,000	15,78	0,15	4,4	80,0	-5,6	0	95,8
2350	23.07.2025 19:13:09,000	15,78	0,15	3,9	80,5	-5,6	0	95,8
2351	23.07.2025 19:13:10,000	15,78	0,17	3,9	80,4	-5,7	0	95,9
2352	23.07.2025 19:13:11,000	15,78	0,17	3,0	81,7	-5,3	0	95,5
2353	23.07.2025 19:13:12,000	15,78	0,17	2,2	82,0	-5,8	0	95,9
2354	23.07.2025 19:13:13,000	15,78	0,17	2,0	82,3	-5,7	0	95,8
2355	23.07.2025 19:13:14,000	15,81	0,15	1,9	82,5	-5,5	0	95,6
2356	23.07.2025 19:13:15,000	15,81	0,17	1,4	83,1	-5,5	0	95,6
2357	23.07.2025 19:13:16,000	15,81	0,17	1,8	82,8	-5,4	0	95,5
2358	23.07.2025 19:13:17,000	15,81	0,17	2,0	82,2	-5,8	0	95,9
2359	23.07.2025 19:13:18,000	15,81	0,15	1,6	82,6	-5,8	0	95,9
2360	23.07.2025 19:13:19,000	15,81	0,15	2,3	82,4	-5,3	0	95,4
2361	23.07.2025 19:13:20,000	15,81	0,15	3,5	81,9	-4,6	0	94,7
2362	23.07.2025 19:13:21,000	15,81	0,17	4,3	80,1	-5,6	0	95,8
2363	23.07.2025 19:13:22,000	15,81	0,15	4,2	79,7	-6,1	0	96,3
2364	23.07.2025 19:13:23,000	15,81	0,15	4,8	79,7	-5,5	0	95,7
2365	23.07.2025 19:13:24,000	15,81	0,15	4,7	79,7	-5,7	0	95,9
2366	23.07.2025 19:13:25,000	15,81	0,15	4,4	80,1	-5,4	0	95,6
2367	23.07.2025 19:13:26,000	15,81	0,15	4,1	80,2	-5,7	0	95,9
2368	23.07.2025 19:13:27,000	15,81	0,15	3,7	80,4	-5,9	0	96,0
2369	23.07.2025 19:13:28,000	15,81	0,15	4,0	80,6	-5,4	0	95,6
2370	23.07.2025 19:13:29,000	15,81	0,17	3,5	80,8	-5,7	0	95,8
2371	23.07.2025 19:13:30,000	15,84	0,17	2,8	81,9	-5,4	0	95,5
2372	23.07.2025 19:13:31,000	15,84	0,17	2,7	81,7	-5,6	0	95,7
2373	23.07.2025 19:13:32,000	15,84	0,17	3,1	82,1	-4,8	0	94,9
2374	23.07.2025 19:13:33,000	15,84	0,17	2,6	81,8	-5,7	0	95,8
2375	23.07.2025 19:13:34,000	15,84	0,19	2,2	81,7	-6,1	0	96,2
2376	23.07.2025 19:13:35,000	15,84	0,19	3,0	81,7	-5,3	0	95,5
2377	23.07.2025 19:13:36,000	15,84	0,17	2,7	82,1	-5,2	0	95,3
2378	23.07.2025 19:13:37,000	15,84	0,17	2,4	82,1	-5,5	0	95,6
2379	23.07.2025 19:13:38,000	15,84	0,17	2,0	81,9	-6,1	0	96,2
2380	23.07.2025 19:13:39,000	15,84	0,17	1,7	83,1	-5,2	0	95,3
2381	23.07.2025 19:13:40,000	15,84	0,17	2,3	82,2	-5,6	0	95,7
2382	23.07.2025 19:13:41,000	15,84	0,17	2,6	81,6	-5,8	0	96,0
2383	23.07.2025 19:13:42,000	15,84	0,17	3,3	81,7	-5,0	0	95,1
2384	23.07.2025 19:13:43,000	15,84	0,17	3,2	81,2	-5,6	0	95,8
2385	23.07.2025 19:13:44,000	15,84	0,17	3,5	81,0	-5,5	0	95,7
2386	23.07.2025 19:13:45,000	15,84	0,17	4,2	80,7	-5,1	0	95,3
2387	23.07.2025 19:13:46,000	15,84	0,17	4,2	79,9	-5,8	0	96,1
2388	23.07.2025 19:13:47,000	15,84	0,17	4,0	79,9	-6,1	0	96,4
2389	23.07.2025 19:13:48,000	15,84	0,17	3,7	81,3	-5,0	0	95,1
2390	23.07.2025 19:13:49,000	15,84	0,17	3,8	80,7	-5,5	0	95,7
2391	23.07.2025 19:13:50,000	15,84	0,17	3,5	80,4	-6,0	0	96,2
2392	23.07.2025 19:13:51,000	15,84	0,17	3,3	81,4	-5,3	0	95,5
2393	23.07.2025 19:13:52,000	15,84	0,17	3,2	81,6	-5,2	0	95,3
2394	23.07.2025 19:13:53,000	15,84	0,17	2,7	81,4	-5,8	0	96,0
2395	23.07.2025 19:13:54,000	15,84	0,17	3,0	81,4	-5,7	0	95,8
2396	23.07.2025 19:13:55,000	15,87	0,19	3,2	81,6	-5,2	0	95,3
2397	23.07.2025 19:13:56,000	15,87	0,19	3,1	81,0	-5,9	0	96,1
2398	23.07.2025 19:13:57,000	15,87	0,17	2,9	81,5	-5,6	0	95,8
2399	23.07.2025 19:13:58,000	15,87	0,17	2,3	82,6	-5,1	0	95,2
2400	23.07.2025 19:13:59,000	15,87	0,17	2,6	81,7	-5,7	0	95,8
2401	23.07.2025 19:14:00,000	15,87	0,17	1,9	82,5	-5,5	0	95,6
2402	23.07.2025 19:14:01,000	15,87	0,17	2,0	82,6	-5,3	0	95,5
2403	23.07.2025 19:14:02,000	15,87	0,17	1,8	82,1	-6,0	0	96,1
2404	23.07.2025 19:14:03,000	15,87	0,17	2,1	82,2	-5,6	0	95,7
2405	23.07.2025 19:14:04,000	15,87	0,17	2,6	82,1	-5,2	0	95,4
2406	23.07.2025 19:14:05,000	15,87	0,17	3,0	81,5	-5,5	0	95,7
2407	23.07.2025 19:14:06,000	15,87	0,19	3,4	81,1	-5,5	0	95,7
2408	23.07.2025 19:14:07,000	15,87	0,17	3,8	80,6	-5,6	0	95,8
2409	23.07.2025 19:14:08,000	15,87	0,17	3,8	80,8	-5,4	0	95,6
2410	23.07.2025 19:14:09,000	15,87	0,17	3,9	80,4	-5,7	0	95,8
2411	23.07.2025 19:14:10,000	15,87	0,17	3,6	80,1	-6,3	0	96,5
2412	23.07.2025 19:14:11,000	15,87	0,17	2,9	82,0	-5,1	0	95,2
2413	23.07.2025 19:14:12,000	15,87	0,15	2,6	82,2	-5,2	0	95,3
2414	23.07.2025 19:14:13,000	15,87	0,17	2,3	81,9	-5,8	0	95,9
2415	23.07.2025 19:14:14,000	15,87	0,17	2,5	82,4	-5,1	0	95,2
2416	23.07.2025 19:14:15,000	15,87	0,17	2,7	81,7	-5,6	0	95,7
2417	23.07.2025 19:14:16,000	15,87	0,17	2,9	81,7	-5,4	0	95,6
2418	23.07.2025 19:14:17,000	15,90	0,17	3,2	81,0	-5,8	0	95,9
2419	23.07.2025 19:14:18,000	15,90	0,17	3,4	81,0	-5,6	0	95,8
2420	23.07.2025 19:14:19,000	15,90	0,17	3,5	81,4	-5,0	0	95,2
2421	23.07.2025 19:14:20,000	15,90	0,17	4,5	80,1	-5,4	0	95,6
2422	23.07.2025 19:14:21,000	15,90	0,17	4,2	80,1	-5,8	0	96,0
2423	23.07.2025 19:14:22,000	15,90	0,17	4,3	80,1	-5,6	0	95,8
2424	23.07.2025 19:14:23,000	15,90	0,17	4,1	80,2	-5,6	0	95,8
2425	23.07.2025 19:14:24,000	15,90	0,17	3,6	81,0	-5,3	0	95,5
2426	23.07.2025 19:14:25,000	15,90	0,17	3,6	81,1	-5,4	0	95,5
2427	23.07.2025 19:14:26,000	15,90	0,17	3,3	81,2	-5,5	0	95,7
2428	23.07.2025 19:14:27,000	15,90	0,17	2,2	82,0	-5,8	0	95,9
2429	23.07.2025 19:14:28,000	15,90	0,17	2,2	82,6	-5,2	0	95,3
2430	23.07.2025 19:14:29,000	15,90	0,15	2,6	81,9	-5,4	0	95,5
2431	23.07.2025 19:14:30,000	15,90	0,17	1,8	82,3	-5,9	0	96,0
2432	23.07.2025 19:14:31,000	15,90	0,17	1,6	82,2	-6,1	0	96,2
2433	23.07.2025 19:14:32,000	15,90	0,17	2,2	82,8	-4,9	0	95,0
2434	23.07.2025 19:14:33,000	15,90	0,17	2,9	82,1	-5,0	0	95,1
2435	23.07.2025 19:14:34,000	15,90	0,17	2,8	81,4	-5,8	0	96,0
2436	23.07.2025 19:14:35,000	15,90	0,17	3,8	81,0	-5,3	0	95,4
2437	23.07.2025 19:14:36,000	15,90	0,17	5,0	79,4	-5,6	0	95,8
2438	23.07.2025 19:14:37,000	15,93	0,17	5,2	79,4	-5,4	0	95,6
2439	23.07.2025 19:14:38,000	15,93	0,17	5,1	79,5	-5,4	0	95,7
2440	23.07.2025 19:14:39,000	15,93	0,17	5,0	79,3	-5,7	0	95,9
2441	23.07.2025 19:14:40,000	15,93	0,17	5,4	78,7	-5,9	0	96,2
2442	23.07.2025 19:14:41,000	15,93	0,17	4,4	79,9	-5,7	0	95,9
2443	23.07.2025 19:14:42,000	15,93	0,17	3,0	81,6	-5,4	0	95,5
2444	23.07.2025 19:14:43,000	15,93	0,15	2,1	82,5	-5,4	0	95,5
2445	23.07.2025 19:14:44,000	15,93	0,17	1,1	83,6	-5,3	0	95,3
2446	23.07.2025 19:14:45,000	15,93	0,17	0,9	83,5	-5,6	0	95,7
2447	23.07.2025 19:14:46,000	15,93	0,17	0,8	84,0	-5,2	0	95,2
2448	23.07.2025 19:14:47,000	15,93	0,15	1,1	83,6	-5,3	0	95,3
2449	23.07.2025 19:14:48,000	15,93	0,17	1,2	82,6	-6,3	0	96,3
2450	23.07.2025 19:14:49,000	15,93	0,17	1,6	82,8	-5,6	0	95,7
2451	23.07.2025 19:14:50,000	15,93	0,17	2,6	82,7	-4,7	0	94,8
2452	23.07.2025 19:14:51,000	15,93	0,17	3,5	80,5	-5,9	0	96,1
2453	23.07.2025 19:14:52,000	15,93	0,17	3,9	80,0	-6,1	0	96,3
2454	23.07.2025 19:14:53,000	15,93	0,15	4,6	80,6	-4,8	0	95,0
2455	23.07.2025 19:14:54,000	15,93	0,17	5,0	79,8	-5,2	0	95,4
2456	23.07.2025 19:14:55,000	15,93	0,17	5,1	78,9	-6,1	0	96,3
2457	23.07.2025 19:14:56,000	15,96	0,15	4,8	79,1	-6,1	0	96,3
2458	23.07.2025 19:14:57,000	15,96	0,17	4,5	80,1	-5,4	0	95,6
2459	23.07.2025 19:14:58,000	15,96	0,17	4,0	80,4	-5,6	0	95,8
2460	23.07.2025 19:14:59,000	15,96	0,17	3,5	80,7	-5,8	0	96,0
2461	23.07.2025 19:15:00,000	15,96	0,15	2,6	82,1	-5,4	0	95,5
2462	23.07.2025 19:15:01,000	15,96	0,17	1,8	82,5	-5,7	0	95,8
2463	23.07.2025 19:15:02,000	15,96	0,17	1,8	83,1	-5,1	0	95,2
2464	23.07.2025 19:15:03,000	15,96	0,15	1,2	83,2	-5,6	0	95,7
2465	23.07.2025 19:15:04,000	15,96	0,17	2,0	83,2	-4,8	0	94,9
2466	23.07.2025 19:15:05,000	15,96	0,17	2,1	82,6	-5,4	0	95,5
2467	23.07.2025 19:15:06,000	15,96	0,17	2,0	82,0	-6,1	0	96,2
2468	23.07.2025 19:15:07,000	15,96	0,15	2,9	82,1	-5,0	0	95,1
2469	23.07.2025 19:15:08,000	15,96	0,17	3,5	81,1	-5,3	0	95,5
2470	23.07.2025 19:15:09,000	15,96	0,17	3,7	80,3	-6,1	0	96,3
2471	23.07.2025 19:15:10,000	15,96	0,15	3,5	80,6	-5,9	0	96,1
2472	23.07.2025 19:15:11,000	15,96	0,17	3,2	81,4	-5,4	0	95,6
2473	23.07.2025 19:15:12,000	15,96	0,17	2,8	81,4	-5,8	0	95,9
2474	23.07.2025 19:15:13,000	15,96	0,17	3,3	81,1	-5,6	0	95,8
2475	23.07.2025 19:15:14,000	15,96	0,15	2,6	81,6	-5,7	0	95,9
2476	23.07.2025 19:15:15,000	15,96	0,15	2,4	82,2	-5,3	0	95,4
2477	23.07.2025 19:15:16,000	15,99	0,17	2,6	81,7	-5,7	0	95,8
2478	23.07.2025 19:15:17,000	15,99	0,17	2,4	82,4	-5,3	0	95,4
2479	23.07.2025 19:15:18,000	15,99	0,17	2,2	82,4	-5,4	0	95,5
2480	23.07.2025 19:15:19,000	15,99	0,17	1,9	82,3	-5,8	0	95,9
2481	23.07.2025 19:15:20,000	15,99	0,17	2,1	82,4	-5,5	0	95,6
2482	23.07.2025 19:15:21,000	15,99	0,17	3,1	81,9	-5,0	0	95,1
2483	23.07.2025 19:15:22,000	15,99	0,15	3,3	81,0	-5,7	0	95,9
2484	23.07.2025 19:15:23,000	15,99	0,15	4,0	80,2	-5,8	0	96,0
2485	23.07.2025 19:15:24,000	15,99	0,15	5,2	79,3	-5,5	0	95,7
2486	23.07.2025 19:15:25,000	15,99	0,15	5,1	78,8	-6,1	0	96,3
2487	23.07.2025 19:15:26,000	15,99	0,15	5,3	79,1	-5,7	0	95,9
2488	23.07.2025 19:15:27,000	15,99	0,17	4,3	80,5	-5,2	0	95,4
2489	23.07.2025 19:15:28,000	15,99	0,17	3,5	80,9	-5,5	0	95,7
2490	23.07.2025 19:15:29,000	15,99	0,15	2,2	81,9	-6,0	0	96,1
2491	23.07.2025 19:15:30,000	15,99	0,15	0,9	82,9	-6,2	0	96,3
2492	23.07.2025 19:15:31,000	15,99	0,17	1,3	84,2	-4,5	0	94,6
2493	23.07.2025 19:15:32,000	15,99	0,15	1,6	83,4	-5,0	0	95,1
2494	23.07.2025 19:15:33,000	15,99	0,15	1,4	82,3	-6,4	0	96,4
2495	23.07.2025 19:15:34,000	16,02	0,17	1,4	82,8	-5,8	0	95,9
2496	23.07.2025 19:15:35,000	16,02	0,17	2,6	82,6	-4,8	0	94,9
2497	23.07.2025 19:15:36,000	16,02	0,17	3,2	81,2	-5,7	0	95,8
2498	23.07.2025 19:15:37,000	16,02	0,15	3,3	80,5	-6,2	0	96,4
2499	23.07.2025 19:15:38,000	16,02	0,17	2,8	81,8	-5,4	0	95,5
2500	23.07.2025 19:15:39,000	16,02	0,17	3,0	81,9	-5,1	0	95,2
2501	23.07.2025 19:15:40,000	16,02	0,15	3,1	81,2	-5,7	0	95,9
2502	23.07.2025 19:15:41,000	16,02	0,15	3,2	81,0	-5,8	0	96,0
2503	23.07.2025 19:15:42,000	16,02	0,17	2,9	81,8	-5,3	0	95,4
2504	23.07.2025 19:15:43,000	16,02	0,17	3,4	81,2	-5,5	0	95,6
2505	23.07.2025 19:15:44,000	16,02	0,15	3,7	80,4	-5,9	0	96,1
2506	23.07.2025 19:15:45,000	16,02	0,15	3,7	80,2	-6,1	0	96,3
2507	23.07.2025 19:15:46,000	16,02	0,17	3,8	80,8	-5,4	0	95,5
2508	23.07.2025 19:15:47,000	16,02	0,17	4,0	80,7	-5,2	0	95,4
2509	23.07.2025 19:15:48,000	16,02	0,15	3,2	80,6	-6,2	0	96,3
2510	23.07.2025 19:15:49,000	16,02	0,17	2,9	81,4	-5,7	0	95,9
2511	23.07.2025 19:15:50,000	16,02	0,15	2,4	82,3	-5,3	0	95,4
2512	23.07.2025 19:15:51,000	16,02	0,15	2,3	82,4	-5,3	0	95,4
2513	23.07.2025 19:15:52,000	16,02	0,17	2,3	82,0	-5,7	0	95,8
2514	23.07.2025 19:15:53,000	16,02	0,17	2,3	82,7	-5,0	0	95,1
2515	23.07.2025 19:15:54,000	16,02	0,17	1,7	82,5	-5,8	0	95,9
2516	23.07.2025 19:15:55,000	16,02	0,15	1,9	82,3	-5,9	0	96,0
2517	23.07.2025 19:15:56,000	16,02	0,15	2,0	82,1	-5,9	0	96,0
2518	23.07.2025 19:15:57,000	16,06	0,17	2,8	82,3	-4,9	0	95,0
2519	23.07.2025 19:15:58,000	16,06	0,15	2,9	81,3	-5,8	0	96,0
2520	23.07.2025 19:15:59,000	16,06	0,17	2,8	80,6	-6,6	0	96,7
2521	23.07.2025 19:16:00,000	16,06	0,15	3,4	81,7	-4,9	0	95,0
2522	23.07.2025 19:16:01,000	16,06	0,15	2,9	81,6	-5,5	0	95,7
2523	23.07.2025 19:16:02,000	16,06	0,15	2,7	81,1	-6,2	0	96,4
2524	23.07.2025 19:16:03,000	16,06	0,17	2,8	81,8	-5,4	0	95,6
2525	23.07.2025 19:16:04,000	16,06	0,15	3,3	81,5	-5,2	0	95,3
2526	23.07.2025 19:16:05,000	16,06	0,17	3,0	81,0	-6,0	0	96,1
2527	23.07.2025 19:16:06,000	16,06	0,15	3,1	81,1	-5,8	0	96,0
2528	23.07.2025 19:16:07,000	16,06	0,15	3,3	81,4	-5,3	0	95,5
2529	23.07.2025 19:16:08,000	16,06	0,15	3,1	81,0	-5,9	0	96,1
2530	23.07.2025 19:16:09,000	16,06	0,17	3,4	81,2	-5,4	0	95,6
2531	23.07.2025 19:16:10,000	16,06	0,15	3,9	80,9	-5,2	0	95,3
2532	23.07.2025 19:16:11,000	16,06	0,15	3,6	80,8	-5,6	0	95,8
2533	23.07.2025 19:16:12,000	16,06	0,15	3,2	81,4	-5,3	0	95,5
2534	23.07.2025 19:16:13,000	16,06	0,15	3,2	81,2	-5,6	0	95,8
2535	23.07.2025 19:16:14,000	16,06	0,15	2,5	82,2	-5,3	0	95,5
2536	23.07.2025 19:16:15,000	16,06	0,15	2,2	82,7	-5,1	0	95,2
2537	23.07.2025 19:16:16,000	16,06	0,15	2,0	82,4	-5,6	0	95,7
2538	23.07.2025 19:16:17,000	16,09	0,15	3,1	81,1	-5,8	0	95,9
2539	23.07.2025 19:16:18,000	16,09	0,15	3,9	80,1	-6,0	0	96,2
2540	23.07.2025 19:16:19,000	16,09	0,15	4,1	80,3	-5,5	0	95,7
2541	23.07.2025 19:16:20,000	16,09	0,15	4,4	80,3	-5,4	0	95,6
2542	23.07.2025 19:16:21,000	16,09	0,15	4,6	79,9	-5,5	0	95,7
2543	23.07.2025 19:16:22,000	16,09	0,15	4,0	80,4	-5,6	0	95,8
2544	23.07.2025 19:16:23,000	16,09	0,15	3,9	81,0	-5,2	0	95,3
2545	23.07.2025 19:16:24,000	16,09	0,15	3,3	81,1	-5,6	0	95,7
2546	23.07.2025 19:16:25,000	16,09	0,15	2,2	82,4	-5,4	0	95,5
2547	23.07.2025 19:16:26,000	16,09	0,15	2,0	82,7	-5,3	0	95,4
2548	23.07.2025 19:16:27,000	16,09	0,15	2,8	82,3	-4,9	0	95,0
2549	23.07.2025 19:16:28,000	16,09	0,15	3,2	81,1	-5,7	0	95,8
2550	23.07.2025 19:16:29,000	16,09	0,15	3,3	80,5	-6,2	0	96,4
2551	23.07.2025 19:16:30,000	16,09	0,17	3,2	80,7	-6,0	0	96,2
2552	23.07.2025 19:16:31,000	16,09	0,15	3,6	81,4	-5,0	0	95,2
2553	23.07.2025 19:16:32,000	16,09	0,15	3,6	81,3	-5,1	0	95,3
2554	23.07.2025 19:16:33,000	16,09	0,15	3,7	80,1	-6,2	0	96,4
2555	23.07.2025 19:16:34,000	16,09	0,15	4,6	80,1	-5,4	0	95,6
2556	23.07.2025 19:16:35,000	16,09	0,17	4,6	80,5	-4,8	0	95,0
2557	23.07.2025 19:16:36,000	16,09	0,15	4,2	80,0	-5,8	0	96,0
2558	23.07.2025 19:16:37,000	16,09	0,15	4,0	80,5	-5,5	0	95,7
2559	23.07.2025 19:16:38,000	16,09	0,15	3,7	81,0	-5,4	0	95,5
2560	23.07.2025 19:16:39,000	16,09	0,15	3,1	82,0	-4,9	0	95,0
2561	23.07.2025 19:16:40,000	16,09	0,15	3,6	80,8	-5,6	0	95,8
2562	23.07.2025 19:16:41,000	16,09	0,15	1,8	82,2	-6,0	0	96,1
2563	23.07.2025 19:16:42,000	16,12	0,15	2,3	82,6	-5,1	0	95,2
2564	23.07.2025 19:16:43,000	16,12	0,17	2,5	81,5	-6,0	0	96,1
2565	23.07.2025 19:16:44,000	16,12	0,17	1,9	82,3	-5,7	0	95,8
2566	23.07.2025 19:16:45,000	16,12	0,17	1,6	83,4	-5,0	0	95,1
2567	23.07.2025 19:16:46,000	16,12	0,15	2,0	82,6	-5,3	0	95,4
2568	23.07.2025 19:16:47,000	16,12	0,15	2,1	82,0	-5,9	0	96,0
2569	23.07.2025 19:16:48,000	16,12	0,17	2,2	82,4	-5,5	0	95,6
2570	23.07.2025 19:16:49,000	16,12	0,17	2,3	82,4	-5,4	0	95,5
2571	23.07.2025 19:16:50,000	16,12	0,15	2,3	82,1	-5,6	0	95,7
2572	23.07.2025 19:16:51,000	16,12	0,17	2,3	82,0	-5,7	0	95,8
2573	23.07.2025 19:16:52,000	16,12	0,15	2,9	81,4	-5,7	0	95,9
2574	23.07.2025 19:16:53,000	16,12	0,15	3,7	81,1	-5,2	0	95,4
2575	23.07.2025 19:16:54,000	16,12	0,15	4,6	79,9	-5,6	0	95,8
2576	23.07.2025 19:16:55,000	16,12	0,17	4,9	79,2	-5,9	0	96,1
2577	23.07.2025 19:16:56,000	16,12	0,15	4,6	79,7	-5,8	0	96,0
2578	23.07.2025 19:16:57,000	16,12	0,15	4,6	79,9	-5,5	0	95,7
2579	23.07.2025 19:16:58,000	16,12	0,15	4,5	80,2	-5,4	0	95,6
2580	23.07.2025 19:16:59,000	16,12	0,15	4,4	79,7	-5,9	0	96,1
2581	23.07.2025 19:17:00,000	16,12	0,15	3,4	81,0	-5,7	0	95,8
2582	23.07.2025 19:17:01,000	16,15	0,17	3,4	81,1	-5,5	0	95,7
2583	23.07.2025 19:17:02,000	16,15	0,17	2,7	82,1	-5,2	0	95,3
2584	23.07.2025 19:17:03,000	16,15	0,17	2,8	81,2	-6,0	0	96,2
2585	23.07.2025 19:17:04,000	16,15	0,17	2,6	82,0	-5,3	0	95,4
2586	23.07.2025 19:17:05,000	16,15	0,17	2,5	81,6	-5,8	0	96,0
2587	23.07.2025 19:17:06,000	16,15	0,17	2,9	81,8	-5,3	0	95,5
2588	23.07.2025 19:17:07,000	16,15	0,17	3,7	81,1	-5,3	0	95,4
2589	23.07.2025 19:17:08,000	16,15	0,17	4,1	79,8	-6,1	0	96,3
2590	23.07.2025 19:17:09,000	16,15	0,17	4,2	80,2	-5,6	0	95,8
2591	23.07.2025 19:17:10,000	16,15	0,17	3,7	81,3	-4,9	0	95,1
2592	23.07.2025 19:17:11,000	16,15	0,17	4,2	80,1	-5,6	0	95,8
2593	23.07.2025 19:17:12,000	16,15	0,17	4,0	79,9	-6,1	0	96,3
2594	23.07.2025 19:17:13,000	16,15	0,19	3,6	81,1	-5,3	0	95,4
2595	23.07.2025 19:17:14,000	16,15	0,17	3,0	81,6	-5,4	0	95,5
2596	23.07.2025 19:17:15,000	16,15	0,17	3,0	80,7	-6,3	0	96,4
2597	23.07.2025 19:17:16,000	16,15	0,17	3,3	81,4	-5,2	0	95,4
2598	23.07.2025 19:17:17,000	16,15	0,17	3,4	81,1	-5,6	0	95,7
2599	23.07.2025 19:17:18,000	16,15	0,17	2,7	81,4	-5,9	0	96,1
2600	23.07.2025 19:17:19,000	16,15	0,17	1,6	82,7	-5,7	0	95,8
2601	23.07.2025 19:17:20,000	16,15	0,17	1,7	83,4	-4,9	0	94,9
2602	23.07.2025 19:17:21,000	16,15	0,17	2,5	82,9	-4,6	0	94,7
2603	23.07.2025 19:17:22,000	16,15	0,15	2,9	80,8	-6,3	0	96,5
2604	23.07.2025 19:17:23,000	16,18	0,17	2,7	81,6	-5,8	0	95,9
2605	23.07.2025 19:17:24,000	16,15	0,17	3,5	81,4	-5,1	0	95,3
2606	23.07.2025 19:17:25,000	16,18	0,17	3,6	80,9	-5,6	0	95,7
2607	23.07.2025 19:17:26,000	16,18	0,17	3,5	81,0	-5,6	0	95,7
2608	23.07.2025 19:17:27,000	16,18	0,17	3,5	80,8	-5,6	0	95,8
2609	23.07.2025 19:17:28,000	16,18	0,17	3,5	80,7	-5,7	0	95,9
2610	23.07.2025 19:17:29,000	16,18	0,17	3,2	81,8	-5,0	0	95,2
2611	23.07.2025 19:17:30,000	16,18	0,17	2,7	81,8	-5,6	0	95,7
2612	23.07.2025 19:17:31,000	16,18	0,17	2,4	82,2	-5,5	0	95,6
2613	23.07.2025 19:17:32,000	16,18	0,17	2,6	82,2	-5,2	0	95,3
2614	23.07.2025 19:17:33,000	16,18	0,17	2,4	82,0	-5,6	0	95,7
2615	23.07.2025 19:17:34,000	16,18	0,17	2,2	82,4	-5,4	0	95,5
2616	23.07.2025 19:17:35,000	16,18	0,17	2,8	82,0	-5,3	0	95,4
2617	23.07.2025 19:17:36,000	16,18	0,17	3,4	80,7	-5,9	0	96,1
2618	23.07.2025 19:17:37,000	16,18	0,17	3,6	80,6	-5,7	0	95,9
2619	23.07.2025 19:17:38,000	16,18	0,17	4,1	80,2	-5,7	0	95,9
2620	23.07.2025 19:17:39,000	16,18	0,17	4,2	80,2	-5,6	0	95,8
2621	23.07.2025 19:17:40,000	16,18	0,17	4,4	80,1	-5,5	0	95,7
2622	23.07.2025 19:17:41,000	16,18	0,17	3,8	80,8	-5,4	0	95,6
2623	23.07.2025 19:17:42,000	16,18	0,17	3,5	80,5	-5,9	0	96,1
2624	23.07.2025 19:17:43,000	16,18	0,19	3,5	80,9	-5,5	0	95,7
2625	23.07.2025 19:17:44,000	16,18	0,17	3,8	81,4	-4,8	0	94,9
2626	23.07.2025 19:17:45,000	16,18	0,17	3,4	80,7	-5,9	0	96,1
2627	23.07.2025 19:17:46,000	16,18	0,17	3,1	81,1	-5,7	0	95,9
2628	23.07.2025 19:17:47,000	16,21	0,17	3,8	80,5	-5,7	0	95,9
2629	23.07.2025 19:17:48,000	16,21	0,17	3,6	80,9	-5,5	0	95,6
2630	23.07.2025 19:17:49,000	16,21	0,17	3,7	80,8	-5,5	0	95,7
2631	23.07.2025 19:17:50,000	16,21	0,17	4,6	79,2	-6,1	0	96,4
2632	23.07.2025 19:17:51,000	16,21	0,17	4,4	80,1	-5,5	0	95,7
2633	23.07.2025 19:17:52,000	16,21	0,17	4,3	80,1	-5,6	0	95,8
2634	23.07.2025 19:17:53,000	16,21	0,17	3,9	80,2	-5,8	0	96,0
2635	23.07.2025 19:17:54,000	16,21	0,17	3,9	80,5	-5,6	0	95,8
2636	23.07.2025 19:17:55,000	16,21	0,17	3,4	81,5	-5,1	0	95,3
2637	23.07.2025 19:17:56,000	16,21	0,17	2,6	82,1	-5,4	0	95,5
2638	23.07.2025 19:17:57,000	16,21	0,17	2,2	82,0	-5,8	0	95,9
2639	23.07.2025 19:17:58,000	16,21	0,17	2,6	82,3	-5,0	0	95,2
2640	23.07.2025 19:17:59,000	16,21	0,17	2,9	81,4	-5,6	0	95,8
2641	23.07.2025 19:18:00,000	16,21	0,17	2,7	81,0	-6,3	0	96,5
2642	23.07.2025 19:18:01,000	16,21	0,15	4,7	69,9	-15,4	0	106,1
2643	23.07.2025 19:18:02,000	16,24	0,13	-30,8	26,1	33,1	0	39,1
2644	23.07.2025 19:18:03,000	16,36	0,13	-51,6	-8,3	30,1	0	-16,2
2645	23.07.2025 19:18:04,000	16,45	0,15	-13,9	29,0	47,1	0	34,1
2646	23.07.2025 19:18:05,000	16,51	0,13	-14,0	55,3	20,7	0	66,0
2647	23.07.2025 19:18:06,000	16,63	0,06	-43,0	22,3	24,7	1	42,3
2648	23.07.2025 19:18:07,000	16,72	0,10	-44,8	14,5	30,8	0	26,2
2649	23.07.2025 19:18:08,000	16,78	0,10	-9,1	50,2	30,7	1	56,0
2650	23.07.2025 19:18:09,000	16,81	0,13	-32,8	0,5	56,7	0	0,7
2651	23.07.2025 19:18:10,000	16,81	0,10	4,5	-8,1	77,5	1	-8,4
2652	23.07.2025 19:18:11,000	16,96	0,04	-28,4	-1,0	60,6	0	-1,1
2653	23.07.2025 19:18:12,000	17,32	0,01	-22,2	11,5	56,2	1	14,0
2654	23.07.2025 19:18:13,000	17,65	-0,01	-25,8	30,8	33,5	0	43,0
2655	23.07.2025 19:18:14,000	17,89	-0,08	-34,1	31,6	24,2	0	51,7
2656	23.07.2025 19:18:15,000	18,16	-0,08	-53,0	11,0	26,0	1	23,6
2657	23.07.2025 19:18:16,000	18,43	-0,14	-12,4	57,3	20,3	0	66,9
2658	23.07.2025 19:18:17,000	18,73	-0,12	30,8	40,4	18,8	0	63,1
2659	23.07.2025 19:18:18,000	18,99	-0,14	26,6	62,1	-1,4	0	91,5
2660	23.07.2025 19:18:19,000	19,26	-0,17	-8,4	23,8	57,8	0	26,1
2661	23.07.2025 19:18:20,000	19,53	-0,17	-11,8	18,8	59,4	0	21,2
2662	23.07.2025 19:18:21,000	19,76	-0,12	-1,2	13,1	75,7	0	13,3
2663	23.07.2025 19:18:22,000	19,91	-0,14	-1,2	-40,5	48,3	1	-41,1
2664	23.07.2025 19:18:23,000	19,97	-0,12	-6,8	-39,7	43,5	0	-43,0
2665	23.07.2025 19:18:24,000	20,00	-0,05	-0,2	17,0	72,7	0	17,1
2666	23.07.2025 19:18:25,000	20,06	-0,03	0,4	63,8	25,7	0	64,1
2667	23.07.2025 19:18:26,000	20,09	-0,03	1,7	-42,8	-45,5	0	-136,4
2668	23.07.2025 19:18:27,000	20,12	-0,03	2,9	75,5	-11,6	1	102,0
2669	23.07.2025 19:18:28,000	20,18	-0,03	-17,0	-70,3	2,7	0	-87,1
2670	23.07.2025 19:18:29,000	20,21	-0,03	12,1	-61,3	16,6	0	-71,3
2671	23.07.2025 19:18:30,000	20,29	-0,03	-4,6	-77,0	8,4	0	-81,2
2672	23.07.2025 19:18:31,000	20,41	-0,05	-57,8	-11,6	20,7	0	-29,7
