#B	Created:	17.09.2025 07:59:41
##	Version	SeaStar	9.59
#5	Field separation:	0
#2	Date & Time:	1
#6	Decimal point:	,
#7	Date def.:	dd.mm.yyyy	.
#8	Time def.:	:
##	Axis	0	Temperature(°C)	clRed	FALSE
##	Axis	1	Pressure(Bar)	clBlue	FALSE
##	Axis	2	Angle(°)	clGreen	FALSE
##	Axis	3	EAL	clSkyBlue	FALSE
##	Axis	4	Roll(°)	$00404080	FALSE
##	Series	0	Temp(°C)	clRed	0	Temp(°C)	2
##	Series	1	Press(Bar)	clBlue	1	Press(Bar)	2
##	Series	2	Tilt-X(°)	clGreen	2	Tilt-X(°)	1
##	Series	3	Tilt-Y(°)	$00404080	2	Tilt-Y(°)	1
##	Series	4	Tilt-Z(°)	$00FF0080	2	Tilt-Z(°)	1
##	Series	5	EAL	clSkyBlue	3	EAL	0
##	Series	6	Roll(°)	$00404080	4	Roll(°)	1
##	Recorder	136	DST tilt	1174
##	Chart	136H1174DAT	
#D	Data:	2499	17.09.2025 07:17:00	17.09.2025 07:58:38
1	17.09.2025 07:17:00,000	17,47	-6,29	34,9	51,0	-4,1	0	95,3
2	17.09.2025 07:17:01,000	17,47	-6,29	33,0	46,3	-10,7	0	104,7
3	17.09.2025 07:17:02,000	17,47	-6,29	35,6	49,8	-4,6	0	96,1
4	17.09.2025 07:17:03,000	17,47	-6,29	33,3	48,8	-7,9	0	100,6
5	17.09.2025 07:17:04,000	17,47	-6,29	33,5	49,8	-6,7	0	98,9
6	17.09.2025 07:17:05,000	17,44	-6,29	32,0	50,8	-7,2	0	99,4
7	17.09.2025 07:17:06,000	17,44	-6,29	31,5	54,2	-4,4	0	95,4
8	17.09.2025 07:17:07,000	17,44	-6,29	33,4	47,9	-8,7	0	101,8
9	17.09.2025 07:17:08,000	17,44	-6,29	32,4	51,8	-5,8	0	97,5
10	17.09.2025 07:17:09,000	17,44	-6,29	33,4	51,1	-5,5	0	97,1
11	17.09.2025 07:17:10,000	17,44	-6,29	31,3	50,4	-8,3	0	100,8
12	17.09.2025 07:17:11,000	17,44	-6,29	33,5	51,7	-4,8	0	96,2
13	17.09.2025 07:17:12,000	17,44	-6,29	33,2	49,2	-7,7	0	100,2
14	17.09.2025 07:17:13,000	17,44	-6,29	32,5	50,5	-7,0	0	99,1
15	17.09.2025 07:17:14,000	17,44	-6,29	33,4	50,8	-5,8	0	97,6
16	17.09.2025 07:17:15,000	17,44	-6,29	34,6	46,2	-9,2	0	102,8
17	17.09.2025 07:17:16,000	17,44	-6,29	32,5	52,6	-4,9	0	96,2
18	17.09.2025 07:17:17,000	17,41	-6,29	32,1	50,3	-7,5	0	99,9
19	17.09.2025 07:17:18,000	17,41	-6,29	32,6	49,0	-8,5	0	101,3
20	17.09.2025 07:17:19,000	17,41	-6,29	34,3	51,8	-3,8	0	94,9
21	17.09.2025 07:17:20,000	17,41	-6,29	31,6	46,2	-12,1	0	106,6
22	17.09.2025 07:17:21,000	17,41	-6,29	33,7	53,5	-2,8	0	93,5
23	17.09.2025 07:17:22,000	17,41	-6,29	33,1	47,5	-9,4	0	102,8
24	17.09.2025 07:17:23,000	17,41	-6,29	32,2	51,2	-6,7	0	98,6
25	17.09.2025 07:17:24,000	17,41	-6,29	32,9	48,4	-8,6	0	101,6
26	17.09.2025 07:17:25,000	17,41	-6,29	32,7	52,2	-5,0	0	96,4
27	17.09.2025 07:17:26,000	17,41	-6,29	33,1	49,0	-7,9	0	100,6
28	17.09.2025 07:17:27,000	17,41	-6,29	32,6	51,8	-5,6	0	97,2
29	17.09.2025 07:17:28,000	17,41	-6,29	33,4	48,9	-7,7	0	100,3
30	17.09.2025 07:17:29,000	17,38	-6,29	30,5	54,6	-4,8	0	96,0
31	17.09.2025 07:17:30,000	17,38	-6,29	33,2	47,9	-8,9	0	102,0
32	17.09.2025 07:17:31,000	17,38	-6,29	32,1	52,3	-5,5	0	97,1
33	17.09.2025 07:17:32,000	17,38	-6,29	33,9	50,5	-5,6	0	97,3
34	17.09.2025 07:17:33,000	17,38	-6,29	30,5	50,9	-8,6	0	101,2
35	17.09.2025 07:17:34,000	17,38	-6,29	33,9	52,0	-4,1	0	95,2
36	17.09.2025 07:17:35,000	17,38	-6,29	31,6	49,6	-8,9	0	101,7
37	17.09.2025 07:17:36,000	17,38	-6,29	32,5	50,2	-7,3	0	99,6
38	17.09.2025 07:17:37,000	17,38	-6,29	31,7	52,5	-5,8	0	97,4
39	17.09.2025 07:17:38,000	17,38	-6,29	33,0	50,0	-7,1	0	99,3
40	17.09.2025 07:17:39,000	17,38	-6,29	32,3	49,5	-8,1	0	100,8
41	17.09.2025 07:17:40,000	17,38	-6,29	32,3	52,4	-5,3	0	96,7
42	17.09.2025 07:17:41,000	17,35	-6,29	32,8	53,2	-4,0	0	95,1
43	17.09.2025 07:17:42,000	17,35	-6,29	31,7	46,5	-11,8	0	106,1
44	17.09.2025 07:17:43,000	17,35	-6,29	31,8	56,6	-1,6	0	91,9
45	17.09.2025 07:17:44,000	17,35	-6,29	30,0	49,4	-10,6	0	104,0
46	17.09.2025 07:17:45,000	17,35	-6,29	30,4	53,4	-6,2	0	97,8
47	17.09.2025 07:17:46,000	17,35	-6,29	31,0	51,4	-7,6	0	99,8
48	17.09.2025 07:17:47,000	17,35	-6,29	30,5	54,0	-5,4	0	96,8
49	17.09.2025 07:17:48,000	17,35	-6,29	33,3	49,5	-7,2	0	99,5
50	17.09.2025 07:17:49,000	17,35	-6,29	31,2	49,1	-9,7	0	102,9
51	17.09.2025 07:17:50,000	17,35	-6,29	34,1	52,1	-3,8	0	94,8
52	17.09.2025 07:17:51,000	17,35	-6,29	30,0	53,1	-6,8	0	98,7
53	17.09.2025 07:17:52,000	17,35	-6,29	32,1	50,9	-7,0	0	99,1
54	17.09.2025 07:17:53,000	17,35	-6,29	31,2	54,3	-4,5	0	95,7
55	17.09.2025 07:17:54,000	17,35	-6,29	31,2	52,8	-6,0	0	97,7
56	17.09.2025 07:17:55,000	17,32	-6,29	30,8	51,7	-7,4	0	99,6
57	17.09.2025 07:17:56,000	17,32	-6,29	32,4	50,8	-6,9	0	99,0
58	17.09.2025 07:17:57,000	17,32	-6,29	32,6	53,2	-4,2	0	95,3
59	17.09.2025 07:17:58,000	17,32	-6,29	32,3	47,9	-9,8	0	103,2
60	17.09.2025 07:17:59,000	17,32	-6,29	32,1	52,4	-5,5	0	97,0
61	17.09.2025 07:18:00,000	17,32	-6,29	32,5	52,1	-5,4	0	96,9
62	17.09.2025 07:18:01,000	17,32	-6,29	32,1	51,2	-6,7	0	98,7
63	17.09.2025 07:18:02,000	17,32	-6,29	29,8	54,4	-5,8	0	97,2
64	17.09.2025 07:18:03,000	17,32	-6,29	31,1	52,2	-6,7	0	98,5
65	17.09.2025 07:18:04,000	17,32	-6,29	31,8	52,2	-6,0	0	97,7
66	17.09.2025 07:18:05,000	17,32	-6,29	31,9	51,8	-6,3	0	98,1
67	17.09.2025 07:18:06,000	17,32	-6,29	30,4	53,1	-6,5	0	98,3
68	17.09.2025 07:18:07,000	17,32	-6,29	32,5	50,0	-7,4	0	99,8
69	17.09.2025 07:18:08,000	17,29	-6,29	33,1	49,8	-7,1	0	99,4
70	17.09.2025 07:18:09,000	17,32	-6,29	33,2	52,8	-4,0	0	95,1
71	17.09.2025 07:18:10,000	17,29	-6,29	30,7	50,5	-8,8	0	101,4
72	17.09.2025 07:18:11,000	17,29	-6,29	33,0	52,8	-4,2	0	95,3
73	17.09.2025 07:18:12,000	17,29	-6,29	31,9	51,8	-6,3	0	98,0
74	17.09.2025 07:18:13,000	17,29	-6,29	31,8	50,5	-7,7	0	100,1
75	17.09.2025 07:18:14,000	17,29	-6,29	33,2	52,6	-4,2	0	95,4
76	17.09.2025 07:18:15,000	17,29	-6,29	31,3	48,6	-10,1	0	103,5
77	17.09.2025 07:18:16,000	17,29	-6,29	34,6	52,8	-2,6	0	93,3
78	17.09.2025 07:18:17,000	17,29	-6,29	30,9	46,2	-12,9	0	107,6
79	17.09.2025 07:18:18,000	17,29	-6,29	33,2	53,9	-2,9	0	93,6
80	17.09.2025 07:18:19,000	17,29	-6,29	31,9	47,3	-10,8	0	104,6
81	17.09.2025 07:18:20,000	17,29	-6,29	32,2	54,3	-3,5	0	94,3
82	17.09.2025 07:18:21,000	17,29	-6,29	31,8	52,4	-5,7	0	97,3
83	17.09.2025 07:18:22,000	17,29	-6,29	31,0	52,6	-6,4	0	98,1
84	17.09.2025 07:18:23,000	17,29	-6,29	31,2	49,6	-9,2	0	102,1
85	17.09.2025 07:18:24,000	17,29	-6,29	34,4	53,5	-2,1	0	92,6
86	17.09.2025 07:18:25,000	17,29	-6,29	29,0	47,6	-13,4	0	107,9
87	17.09.2025 07:18:26,000	17,29	-6,29	34,9	52,2	-2,9	0	93,7
88	17.09.2025 07:18:27,000	17,26	-6,29	32,1	49,6	-8,3	0	100,9
89	17.09.2025 07:18:28,000	17,26	-6,29	32,9	50,5	-6,6	0	98,7
90	17.09.2025 07:18:29,000	17,26	-6,29	30,5	54,3	-5,3	0	96,6
91	17.09.2025 07:18:30,000	17,26	-6,29	34,5	47,3	-8,2	0	101,2
92	17.09.2025 07:18:31,000	17,26	-6,29	31,4	54,0	-4,6	0	95,7
93	17.09.2025 07:18:32,000	17,26	-6,29	33,0	48,6	-8,4	0	101,2
94	17.09.2025 07:18:33,000	17,26	-6,29	32,1	52,0	-5,8	0	97,5
95	17.09.2025 07:18:34,000	17,26	-6,29	33,1	50,5	-6,4	0	98,4
96	17.09.2025 07:18:35,000	17,26	-6,29	33,1	50,3	-6,6	0	98,6
97	17.09.2025 07:18:36,000	17,26	-6,29	32,8	49,6	-7,6	0	100,1
98	17.09.2025 07:18:37,000	17,26	-6,29	33,1	51,2	-5,7	0	97,4
99	17.09.2025 07:18:38,000	17,26	-6,29	31,7	51,8	-6,4	0	98,3
100	17.09.2025 07:18:39,000	17,26	-6,29	30,8	50,8	-8,3	0	100,8
101	17.09.2025 07:18:40,000	17,26	-6,29	32,5	53,8	-3,7	0	94,6
102	17.09.2025 07:18:41,000	17,26	-6,29	30,1	52,4	-7,5	0	99,5
103	17.09.2025 07:18:42,000	17,26	-6,29	31,0	52,7	-6,3	0	98,0
104	17.09.2025 07:18:43,000	17,26	-6,29	31,2	51,4	-7,5	0	99,6
105	17.09.2025 07:18:44,000	17,26	-6,29	32,2	54,9	-2,9	0	93,5
106	17.09.2025 07:18:45,000	17,26	-6,29	30,5	48,6	-11,0	0	104,6
107	17.09.2025 07:18:46,000	17,26	-6,29	31,5	54,4	-4,1	0	95,1
108	17.09.2025 07:18:47,000	17,23	-6,29	32,9	49,7	-7,4	0	99,8
109	17.09.2025 07:18:48,000	17,23	-6,29	32,3	51,5	-6,2	0	98,0
110	17.09.2025 07:18:49,000	17,23	-6,29	33,1	50,8	-6,2	0	98,0
111	17.09.2025 07:18:50,000	17,23	-6,29	32,2	47,0	-10,8	0	104,7
112	17.09.2025 07:18:51,000	17,23	-6,29	36,6	49,7	-3,7	0	94,9
113	17.09.2025 07:18:52,000	17,23	-6,29	34,2	45,9	-9,9	0	103,8
114	17.09.2025 07:18:53,000	17,23	-6,29	34,3	49,5	-6,2	0	98,3
115	17.09.2025 07:18:54,000	17,23	-6,29	35,2	48,9	-5,9	0	97,9
116	17.09.2025 07:18:55,000	17,23	-6,29	35,0	46,0	-9,0	0	102,6
117	17.09.2025 07:18:56,000	17,23	-6,29	34,3	50,3	-5,4	0	97,1
118	17.09.2025 07:18:57,000	17,23	-6,29	36,1	48,9	-5,1	0	96,8
119	17.09.2025 07:18:58,000	17,23	-6,29	33,5	45,5	-11,0	0	105,3
120	17.09.2025 07:18:59,000	17,23	-6,29	34,6	50,9	-4,6	0	95,9
121	17.09.2025 07:19:00,000	17,23	-6,29	35,5	45,8	-8,7	0	102,1
122	17.09.2025 07:19:01,000	17,23	-6,29	35,2	46,2	-8,6	0	101,9
123	17.09.2025 07:19:02,000	17,23	-6,29	36,7	46,0	-7,3	0	100,2
124	17.09.2025 07:19:03,000	17,23	-6,29	36,6	44,1	-9,3	0	103,3
125	17.09.2025 07:19:04,000	17,23	-6,29	38,7	43,7	-7,5	0	100,9
126	17.09.2025 07:19:05,000	17,20	-6,29	37,3	43,9	-8,8	0	102,7
127	17.09.2025 07:19:06,000	17,20	-6,29	38,2	44,0	-7,8	0	101,3
128	17.09.2025 07:19:07,000	17,20	-6,29	35,5	42,9	-11,5	0	106,7
129	17.09.2025 07:19:08,000	17,20	-6,29	37,8	48,0	-4,1	0	95,6
130	17.09.2025 07:19:09,000	17,20	-6,29	32,4	47,1	-10,4	0	104,2
131	17.09.2025 07:19:10,000	17,20	-6,29	36,1	42,6	-11,3	0	106,5
132	17.09.2025 07:19:11,000	17,20	-6,29	39,0	47,9	-3,1	0	94,2
133	17.09.2025 07:19:12,000	17,20	-6,29	37,5	42,2	-10,3	0	105,2
134	17.09.2025 07:19:13,000	17,20	-6,29	37,1	42,5	-10,4	0	105,3
135	17.09.2025 07:19:14,000	17,20	-6,29	36,0	50,0	-3,9	0	95,2
136	17.09.2025 07:19:15,000	17,20	-6,29	34,6	47,7	-7,7	0	100,5
137	17.09.2025 07:19:16,000	17,20	-6,29	34,8	43,7	-11,5	0	106,5
138	17.09.2025 07:19:17,000	17,20	-6,29	37,5	49,3	-3,2	0	94,3
139	17.09.2025 07:19:18,000	17,20	-6,29	35,1	43,3	-11,7	0	106,8
140	17.09.2025 07:19:19,000	17,20	-6,29	35,0	48,2	-6,8	0	99,2
141	17.09.2025 07:19:20,000	17,20	-6,29	34,6	47,1	-8,3	0	101,3
142	17.09.2025 07:19:21,000	17,20	-6,29	34,9	44,8	-10,3	0	104,5
143	17.09.2025 07:19:22,000	17,20	-6,29	36,1	48,0	-5,9	0	98,0
144	17.09.2025 07:19:23,000	17,20	-6,29	32,3	46,1	-11,5	0	105,9
145	17.09.2025 07:19:24,000	17,20	-6,29	37,4	45,6	-7,0	0	99,9
146	17.09.2025 07:19:25,000	17,17	-6,29	32,8	48,3	-8,9	0	102,0
147	17.09.2025 07:19:26,000	17,17	-6,29	34,3	44,7	-11,0	0	105,5
148	17.09.2025 07:19:27,000	17,17	-6,29	34,4	50,1	-5,5	0	97,2
149	17.09.2025 07:19:28,000	17,17	-6,29	30,2	53,5	-6,3	0	97,9
150	17.09.2025 07:19:29,000	17,17	-6,29	30,1	49,2	-10,6	0	104,0
151	17.09.2025 07:19:30,000	17,17	-6,29	31,3	54,2	-4,5	0	95,6
152	17.09.2025 07:19:31,000	17,17	-6,29	28,8	52,7	-8,4	0	100,7
153	17.09.2025 07:19:32,000	17,17	-6,29	28,8	53,3	-7,9	0	100,0
154	17.09.2025 07:19:33,000	17,17	-6,29	29,9	51,4	-8,7	0	101,2
155	17.09.2025 07:19:34,000	17,17	-6,29	32,0	49,1	-8,8	0	101,7
156	17.09.2025 07:19:35,000	17,17	-6,29	35,8	44,8	-9,4	0	103,3
157	17.09.2025 07:19:36,000	17,17	-6,29	34,5	49,4	-6,1	0	98,1
158	17.09.2025 07:19:37,000	17,17	-6,29	34,6	46,5	-8,9	0	102,3
159	17.09.2025 07:19:38,000	17,17	-6,29	34,0	45,2	-10,8	0	105,1
160	17.09.2025 07:19:39,000	17,17	-6,29	31,5	53,4	-5,1	0	96,4
161	17.09.2025 07:19:40,000	17,17	-6,29	31,0	55,5	-3,5	0	94,3
162	17.09.2025 07:19:41,000	17,17	-6,29	27,5	52,1	-10,4	0	103,3
163	17.09.2025 07:19:42,000	17,17	-6,29	29,8	48,6	-11,6	0	105,4
164	17.09.2025 07:19:43,000	17,17	-6,29	33,9	54,1	-2,0	0	92,5
165	17.09.2025 07:19:44,000	17,17	-6,29	28,8	52,5	-8,7	0	101,0
166	17.09.2025 07:19:45,000	17,14	-6,29	28,2	53,6	-8,2	0	100,3
167	17.09.2025 07:19:46,000	17,14	-6,29	29,7	55,2	-5,1	0	96,3
168	17.09.2025 07:19:47,000	17,14	-6,29	28,9	55,1	-6,0	0	97,4
169	17.09.2025 07:19:48,000	17,14	-6,29	27,4	53,7	-8,9	0	101,2
170	17.09.2025 07:19:49,000	17,14	-6,29	33,7	52,6	-3,7	0	94,7
171	17.09.2025 07:19:50,000	17,14	-6,29	31,7	48,4	-9,9	0	103,2
172	17.09.2025 07:19:51,000	17,14	-6,29	32,6	51,9	-5,5	0	97,1
173	17.09.2025 07:19:52,000	17,14	-6,29	34,3	50,0	-5,7	0	97,5
174	17.09.2025 07:19:53,000	17,14	-6,29	31,1	51,2	-7,6	0	99,9
175	17.09.2025 07:19:54,000	17,14	-6,29	28,8	53,6	-7,6	0	99,6
176	17.09.2025 07:19:55,000	17,14	-6,29	33,2	53,4	-3,4	0	94,3
177	17.09.2025 07:19:56,000	17,14	-6,29	30,6	49,2	-10,3	0	103,6
178	17.09.2025 07:19:57,000	17,14	-6,29	30,3	49,3	-10,3	0	103,7
179	17.09.2025 07:19:58,000	17,14	-6,29	32,6	56,4	1,0	0	88,8
180	17.09.2025 07:19:59,000	17,14	-6,29	27,0	51,5	-11,5	0	104,8
181	17.09.2025 07:20:00,000	17,14	-6,29	26,9	51,6	-11,5	0	104,7
182	17.09.2025 07:20:01,000	17,14	-6,29	30,4	55,1	-4,5	0	95,5
183	17.09.2025 07:20:02,000	17,14	-6,29	29,7	55,4	-4,9	0	96,0
184	17.09.2025 07:20:03,000	17,14	-6,29	27,3	56,9	-5,8	0	97,0
185	17.09.2025 07:20:04,000	17,14	-6,29	27,1	51,7	-11,2	0	104,4
186	17.09.2025 07:20:05,000	17,14	-6,29	30,1	52,3	-7,6	0	99,7
187	17.09.2025 07:20:06,000	17,14	-6,29	30,5	56,7	-2,8	0	93,4
188	17.09.2025 07:20:07,000	17,11	-6,29	29,0	52,4	-8,6	0	101,0
189	17.09.2025 07:20:08,000	17,11	-6,29	29,4	48,8	-11,8	0	105,6
190	17.09.2025 07:20:09,000	17,11	-6,29	35,6	50,5	-3,9	0	95,1
191	17.09.2025 07:20:10,000	17,11	-6,29	34,9	48,4	-6,7	0	99,1
192	17.09.2025 07:20:11,000	17,11	-6,29	34,7	46,3	-9,0	0	102,5
193	17.09.2025 07:20:12,000	17,11	-6,29	38,1	43,6	-8,3	0	102,1
194	17.09.2025 07:20:13,000	17,11	-6,29	37,6	43,1	-9,4	0	103,7
195	17.09.2025 07:20:14,000	17,11	-6,29	39,7	47,1	-3,2	0	94,4
196	17.09.2025 07:20:15,000	17,11	-6,29	34,9	43,0	-12,1	0	107,4
197	17.09.2025 07:20:16,000	17,11	-6,29	35,3	46,3	-8,4	0	101,6
198	17.09.2025 07:20:17,000	17,11	-6,29	37,0	49,9	-3,1	0	94,0
199	17.09.2025 07:20:18,000	17,11	-6,29	33,6	45,4	-11,0	0	105,3
200	17.09.2025 07:20:19,000	17,11	-6,29	34,2	47,7	-8,2	0	101,1
201	17.09.2025 07:20:20,000	17,11	-6,29	36,1	51,1	-2,8	0	93,6
202	17.09.2025 07:20:21,000	17,11	-6,29	34,0	44,3	-11,7	0	106,6
203	17.09.2025 07:20:22,000	17,11	-6,29	34,0	46,5	-9,5	0	103,1
204	17.09.2025 07:20:23,000	17,11	-6,29	36,2	48,9	-5,0	0	96,6
205	17.09.2025 07:20:24,000	17,11	-6,29	34,2	51,5	-4,3	0	95,6
206	17.09.2025 07:20:25,000	17,11	-6,29	32,8	46,4	-10,8	0	104,8
207	17.09.2025 07:20:26,000	17,11	-6,29	33,8	46,8	-9,5	0	103,0
208	17.09.2025 07:20:27,000	17,08	-6,29	37,2	49,8	-3,0	0	93,9
209	17.09.2025 07:20:28,000	17,08	-6,29	35,3	47,6	-7,1	0	99,6
210	17.09.2025 07:20:29,000	17,08	-6,29	33,0	48,8	-8,2	0	101,0
211	17.09.2025 07:20:30,000	17,08	-6,29	33,6	51,1	-5,3	0	96,8
212	17.09.2025 07:20:31,000	17,08	-6,29	33,0	51,3	-5,8	0	97,4
213	17.09.2025 07:20:32,000	17,08	-6,29	32,2	51,9	-5,8	0	97,5
214	17.09.2025 07:20:33,000	17,08	-6,29	31,0	51,9	-7,1	0	99,1
215	17.09.2025 07:20:34,000	17,08	-6,29	29,8	55,7	-4,4	0	95,4
216	17.09.2025 07:20:35,000	17,08	-6,29	26,0	57,6	-6,5	0	97,8
217	17.09.2025 07:20:36,000	17,08	-6,29	27,4	56,7	-5,9	0	97,1
218	17.09.2025 07:20:37,000	17,08	-6,29	30,9	52,8	-6,2	0	97,9
219	17.09.2025 07:20:38,000	17,08	-6,29	32,3	50,0	-7,7	0	100,1
220	17.09.2025 07:20:39,000	17,08	-6,29	35,4	47,3	-7,2	0	99,9
221	17.09.2025 07:20:40,000	17,08	-6,29	36,9	46,4	-6,7	0	99,3
222	17.09.2025 07:20:41,000	17,08	-6,29	35,1	49,4	-5,5	0	97,3
223	17.09.2025 07:20:42,000	17,08	-6,29	32,8	53,7	-3,5	0	94,4
224	17.09.2025 07:20:43,000	17,08	-6,29	30,1	52,3	-7,6	0	99,7
225	17.09.2025 07:20:44,000	17,08	-6,29	28,4	56,2	-5,4	0	96,6
226	17.09.2025 07:20:45,000	17,08	-6,29	24,0	59,5	-6,5	0	97,7
227	17.09.2025 07:20:46,000	17,08	-6,29	23,6	57,6	-8,8	0	100,6
228	17.09.2025 07:20:47,000	17,08	-6,29	23,8	58,3	-7,9	0	99,4
229	17.09.2025 07:20:48,000	17,08	-6,29	23,8	53,6	-12,6	0	105,7
230	17.09.2025 07:20:49,000	17,08	-6,29	26,9	55,6	-7,5	0	99,3
231	17.09.2025 07:20:50,000	17,08	-6,29	28,7	57,0	-4,2	0	95,1
232	17.09.2025 07:20:51,000	17,05	-6,29	25,1	53,5	-11,5	0	104,3
233	17.09.2025 07:20:52,000	17,05	-6,29	26,3	53,9	-9,7	0	102,2
234	17.09.2025 07:20:53,000	17,05	-6,29	29,4	51,1	-9,4	0	102,2
235	17.09.2025 07:20:54,000	17,05	-6,29	36,0	48,4	-5,6	0	97,6
236	17.09.2025 07:20:55,000	17,05	-6,29	35,8	42,1	-12,1	0	107,7
237	17.09.2025 07:20:56,000	17,05	-6,29	36,6	43,0	-10,4	0	105,1
238	17.09.2025 07:20:57,000	17,05	-6,29	36,6	45,4	-8,0	0	101,2
239	17.09.2025 07:20:58,000	17,05	-6,29	35,9	46,2	-7,9	0	101,0
240	17.09.2025 07:20:59,000	17,05	-6,29	34,2	45,5	-10,3	0	104,4
241	17.09.2025 07:21:00,000	17,05	-6,29	32,2	46,9	-10,9	0	104,8
242	17.09.2025 07:21:01,000	17,05	-6,29	31,5	55,7	-2,8	0	93,4
243	17.09.2025 07:21:02,000	17,05	-6,29	26,7	50,6	-12,7	0	106,4
244	17.09.2025 07:21:03,000	17,05	-6,29	27,2	51,5	-11,2	0	104,4
245	17.09.2025 07:21:04,000	17,05	-6,29	29,5	56,0	-4,6	0	95,6
246	17.09.2025 07:21:05,000	17,05	-6,29	30,6	52,3	-7,1	0	99,1
247	17.09.2025 07:21:06,000	17,05	-6,29	30,3	47,0	-12,6	0	107,1
248	17.09.2025 07:21:07,000	17,05	-6,29	33,5	50,6	-5,9	0	97,7
249	17.09.2025 07:21:08,000	17,05	-6,29	34,0	49,5	-6,5	0	98,6
250	17.09.2025 07:21:09,000	17,05	-6,29	31,9	44,3	-13,8	0	109,3
251	17.09.2025 07:21:10,000	17,05	-6,29	33,7	51,1	-5,3	0	96,8
252	17.09.2025 07:21:11,000	17,05	-6,29	33,3	52,5	-4,2	0	95,3
253	17.09.2025 07:21:12,000	17,02	-6,29	31,1	47,1	-11,8	0	105,9
254	17.09.2025 07:21:13,000	17,02	-6,29	31,8	48,2	-10,0	0	103,4
255	17.09.2025 07:21:14,000	17,02	-6,29	35,6	50,0	-4,3	0	95,7
256	17.09.2025 07:21:15,000	17,02	-6,29	32,8	47,0	-10,2	0	103,9
257	17.09.2025 07:21:16,000	17,02	-6,29	32,5	48,2	-9,3	0	102,5
258	17.09.2025 07:21:17,000	17,02	-6,29	32,9	49,1	-8,0	0	100,7
259	17.09.2025 07:21:18,000	17,02	-6,29	31,3	51,6	-7,1	0	99,2
260	17.09.2025 07:21:19,000	17,02	-6,29	30,5	50,6	-9,0	0	101,7
261	17.09.2025 07:21:20,000	17,02	-6,29	30,1	50,4	-9,5	0	102,4
262	17.09.2025 07:21:21,000	17,02	-6,29	31,6	52,2	-6,2	0	98,0
263	17.09.2025 07:21:22,000	17,02	-6,29	30,7	48,5	-10,8	0	104,4
264	17.09.2025 07:21:23,000	17,02	-6,29	32,3	49,4	-8,3	0	101,0
265	17.09.2025 07:21:24,000	17,02	-6,29	33,0	47,9	-9,1	0	102,3
266	17.09.2025 07:21:25,000	17,02	-6,29	31,2	48,8	-10,0	0	103,3
267	17.09.2025 07:21:26,000	17,02	-6,29	31,6	51,4	-6,9	0	98,9
268	17.09.2025 07:21:27,000	17,02	-6,29	31,3	49,8	-8,9	0	101,8
269	17.09.2025 07:21:28,000	17,02	-6,29	29,3	50,7	-10,0	0	103,0
270	17.09.2025 07:21:29,000	17,02	-6,29	29,5	55,1	-5,4	0	96,6
271	17.09.2025 07:21:30,000	17,02	-6,29	29,5	50,8	-9,6	0	102,5
272	17.09.2025 07:21:31,000	17,02	-6,29	27,2	53,7	-9,1	0	101,5
273	17.09.2025 07:21:32,000	17,02	-6,29	28,2	55,0	-6,8	0	98,5
274	17.09.2025 07:21:33,000	17,02	-6,29	29,0	52,8	-8,2	0	100,4
275	17.09.2025 07:21:34,000	16,99	-6,29	27,7	52,4	-9,9	0	102,6
276	17.09.2025 07:21:35,000	16,99	-6,29	27,1	55,6	-7,3	0	98,9
277	17.09.2025 07:21:36,000	16,99	-6,29	27,2	54,3	-8,5	0	100,6
278	17.09.2025 07:21:37,000	16,99	-6,29	26,9	53,9	-9,1	0	101,4
279	17.09.2025 07:21:38,000	16,99	-6,29	26,9	56,3	-6,8	0	98,3
280	17.09.2025 07:21:39,000	16,99	-6,29	27,3	54,1	-8,6	0	100,7
281	17.09.2025 07:21:40,000	16,99	-6,29	26,9	52,8	-10,3	0	103,0
282	17.09.2025 07:21:41,000	16,99	-6,29	27,9	56,3	-5,8	0	97,1
283	17.09.2025 07:21:42,000	16,99	-6,29	28,2	53,5	-8,3	0	100,5
284	17.09.2025 07:21:43,000	16,99	-6,29	27,1	52,3	-10,5	0	103,4
285	17.09.2025 07:21:44,000	16,99	-6,29	30,5	55,3	-4,2	0	95,2
286	17.09.2025 07:21:45,000	16,99	-6,29	30,2	50,5	-9,3	0	102,2
287	17.09.2025 07:21:46,000	16,99	-6,29	29,0	48,6	-12,4	0	106,4
288	17.09.2025 07:21:47,000	16,99	-6,29	31,5	52,0	-6,5	0	98,3
289	17.09.2025 07:21:48,000	16,99	-6,29	35,0	50,4	-4,5	0	95,9
290	17.09.2025 07:21:49,000	16,99	-6,29	32,7	46,5	-10,8	0	104,9
291	17.09.2025 07:21:50,000	16,99	-6,29	30,1	50,7	-9,3	0	102,1
292	17.09.2025 07:21:51,000	16,99	-6,29	29,9	54,4	-5,7	0	97,1
293	17.09.2025 07:21:52,000	16,99	-6,29	27,4	52,6	-10,0	0	102,7
294	17.09.2025 07:21:53,000	16,99	-6,29	27,7	56,0	-6,2	0	97,6
295	17.09.2025 07:21:54,000	16,99	-6,29	26,6	53,8	-9,5	0	101,9
296	17.09.2025 07:21:55,000	16,99	-6,29	27,3	53,2	-9,5	0	102,0
297	17.09.2025 07:21:56,000	16,96	-6,29	30,4	55,7	-3,9	0	94,8
298	17.09.2025 07:21:57,000	16,96	-6,29	29,8	50,5	-9,7	0	102,6
299	17.09.2025 07:21:58,000	16,96	-6,29	29,7	48,6	-11,7	0	105,5
300	17.09.2025 07:21:59,000	16,96	-6,29	28,8	54,6	-6,6	0	98,1
301	17.09.2025 07:22:00,000	16,96	-6,29	30,9	54,4	-4,7	0	95,9
302	17.09.2025 07:22:01,000	16,96	-6,29	29,0	50,8	-10,2	0	103,2
303	17.09.2025 07:22:02,000	16,96	-6,29	28,3	52,4	-9,3	0	101,9
304	17.09.2025 07:22:03,000	16,96	-6,29	29,3	55,5	-5,2	0	96,4
305	17.09.2025 07:22:04,000	16,96	-6,29	30,0	53,7	-6,3	0	98,0
306	17.09.2025 07:22:05,000	16,96	-6,29	29,6	52,3	-8,2	0	100,4
307	17.09.2025 07:22:06,000	16,96	-6,29	30,2	53,6	-6,2	0	97,8
308	17.09.2025 07:22:07,000	16,96	-6,29	30,9	55,4	-3,7	0	94,5
309	17.09.2025 07:22:08,000	16,96	-6,29	27,6	53,9	-8,5	0	100,6
310	17.09.2025 07:22:09,000	16,96	-6,29	27,6	55,2	-7,2	0	98,9
311	17.09.2025 07:22:10,000	16,96	-6,29	27,8	56,0	-6,2	0	97,6
312	17.09.2025 07:22:11,000	16,96	-6,29	26,7	55,0	-8,3	0	100,3
313	17.09.2025 07:22:12,000	16,96	-6,29	27,8	57,1	-5,1	0	96,1
314	17.09.2025 07:22:13,000	16,96	-6,29	28,8	52,1	-9,1	0	101,6
315	17.09.2025 07:22:14,000	16,96	-6,29	29,5	51,7	-8,8	0	101,3
316	17.09.2025 07:22:15,000	16,96	-6,29	29,1	53,8	-7,0	0	98,8
317	17.09.2025 07:22:16,000	16,96	-6,29	26,4	53,6	-10,0	0	102,5
318	17.09.2025 07:22:17,000	16,96	-6,29	26,7	53,0	-10,2	0	102,9
319	17.09.2025 07:22:18,000	16,96	-6,29	29,8	49,0	-11,2	0	104,8
320	17.09.2025 07:22:19,000	16,96	-6,29	30,4	48,0	-11,6	0	105,5
321	17.09.2025 07:22:20,000	16,93	-6,29	29,7	51,1	-9,2	0	101,9
322	17.09.2025 07:22:21,000	16,93	-6,29	31,3	54,7	-4,0	0	94,9
323	17.09.2025 07:22:22,000	16,93	-6,29	30,0	54,4	-5,6	0	97,0
324	17.09.2025 07:22:23,000	16,93	-6,29	28,3	58,4	-3,3	0	93,9
325	17.09.2025 07:22:24,000	16,93	-6,29	25,1	59,2	5,7	0	83,3
326	17.09.2025 07:22:25,000	16,93	-6,29	39,9	36,5	-13,6	1	111,9
327	17.09.2025 07:22:26,000	16,93	-6,29	61,5	25,5	3,0	0	83,1
328	17.09.2025 07:22:27,000	16,93	-6,29	59,8	27,1	3,1	0	83,1
329	17.09.2025 07:22:28,000	16,93	-6,29	62,2	25,0	2,8	0	83,4
330	17.09.2025 07:22:29,000	16,93	-6,29	50,9	31,6	7,5	0	75,8
331	17.09.2025 07:22:30,000	16,93	-6,29	48,2	33,0	8,8	0	74,2
332	17.09.2025 07:22:31,000	16,93	-6,29	54,8	27,3	7,9	0	73,1
333	17.09.2025 07:22:32,000	16,93	-6,29	61,0	26,2	2,8	0	83,7
334	17.09.2025 07:22:33,000	16,93	-6,29	60,6	26,6	2,8	0	83,7
335	17.09.2025 07:22:34,000	16,93	-6,29	49,3	34,4	6,3	0	79,0
336	17.09.2025 07:22:35,000	16,93	-6,29	49,0	33,9	7,1	0	77,4
337	17.09.2025 07:22:36,000	16,93	-6,29	60,5	26,2	3,3	0	82,5
338	17.09.2025 07:22:37,000	16,93	-6,29	59,5	27,7	2,8	0	84,0
339	17.09.2025 07:22:38,000	16,93	-6,29	60,4	26,4	3,1	0	83,0
340	17.09.2025 07:22:39,000	16,93	-6,29	61,5	25,9	-2,7	0	96,1
341	17.09.2025 07:22:40,000	16,90	-6,29	61,4	25,6	3,0	0	83,1
342	17.09.2025 07:22:41,000	16,90	-6,29	60,2	26,7	3,1	0	83,2
343	17.09.2025 07:22:42,000	16,90	-6,29	60,2	26,9	2,9	0	83,6
344	17.09.2025 07:22:43,000	16,90	-6,29	51,9	32,8	5,3	0	80,2
345	17.09.2025 07:22:44,000	16,90	-6,29	56,2	28,9	4,8	0	80,1
346	17.09.2025 07:22:45,000	16,90	-6,29	60,6	26,3	3,1	0	82,9
347	17.09.2025 07:22:46,000	16,90	-6,29	59,5	27,7	2,9	0	83,8
348	17.09.2025 07:22:47,000	16,90	-6,29	59,7	27,3	3,0	0	83,4
349	17.09.2025 07:22:48,000	16,90	-6,29	64,2	22,7	3,1	0	83,4
350	17.09.2025 07:22:49,000	16,90	-6,29	61,2	25,7	3,1	0	82,9
351	17.09.2025 07:22:50,000	16,90	-6,29	60,4	26,5	3,1	0	83,1
352	17.09.2025 07:22:51,000	16,90	-6,29	47,1	38,2	4,7	0	82,3
353	17.09.2025 07:22:52,000	16,90	-6,29	52,7	34,1	3,2	0	84,2
354	17.09.2025 07:22:53,000	16,90	-6,29	55,9	30,6	3,5	0	83,1
355	17.09.2025 07:22:54,000	16,90	-6,29	59,5	27,5	3,0	0	83,5
356	17.09.2025 07:22:55,000	16,90	-6,29	56,4	29,6	4,0	0	82,0
357	17.09.2025 07:22:56,000	16,90	-6,29	53,0	32,3	4,7	0	81,2
358	17.09.2025 07:22:57,000	16,90	-6,29	47,4	36,6	6,0	0	80,0
359	17.09.2025 07:22:58,000	16,90	-6,29	46,2	37,7	6,2	0	79,9
360	17.09.2025 07:22:59,000	16,87	-6,29	50,2	35,4	4,5	0	82,3
361	17.09.2025 07:23:00,000	16,87	-6,29	59,4	27,6	3,0	0	83,5
362	17.09.2025 07:23:01,000	16,87	-6,29	51,8	34,2	4,0	0	82,9
363	17.09.2025 07:23:02,000	16,87	-6,29	50,8	35,1	4,1	0	82,8
364	17.09.2025 07:23:03,000	16,87	-6,29	44,8	36,1	9,1	0	74,8
365	17.09.2025 07:23:04,000	16,87	-6,29	32,3	36,9	20,7	0	59,1
366	17.09.2025 07:23:05,000	16,87	-6,29	41,9	41,1	7,0	0	79,3
367	17.09.2025 07:23:06,000	16,87	-6,29	60,8	26,3	2,9	0	83,6
368	17.09.2025 07:23:07,000	16,87	-6,29	60,7	26,5	2,9	0	83,6
369	17.09.2025 07:23:08,000	16,87	-6,29	41,6	41,8	6,6	0	80,1
370	17.09.2025 07:23:09,000	16,87	-6,29	57,6	29,3	3,2	0	83,5
371	17.09.2025 07:23:10,000	16,87	-6,29	60,5	26,6	2,9	0	83,5
372	17.09.2025 07:23:11,000	16,87	-6,29	61,4	25,8	2,8	0	83,5
373	17.09.2025 07:23:12,000	16,87	-6,29	60,8	26,3	2,9	0	83,5
374	17.09.2025 07:23:13,000	16,87	-6,29	52,2	33,9	4,0	0	82,9
375	17.09.2025 07:23:14,000	16,87	-6,29	45,8	40,5	3,7	0	84,3
376	17.09.2025 07:23:15,000	16,87	-6,29	60,9	27,1	2,0	0	85,5
377	17.09.2025 07:23:16,000	16,87	-6,29	60,4	26,9	2,7	0	84,1
378	17.09.2025 07:23:17,000	16,87	-6,29	60,4	26,7	2,9	0	83,7
379	17.09.2025 07:23:18,000	16,87	-6,29	61,1	26,0	2,9	0	83,5
380	17.09.2025 07:23:19,000	16,84	-6,29	48,1	37,4	4,5	0	82,6
381	17.09.2025 07:23:20,000	16,84	-6,29	57,2	28,9	3,9	0	82,0
382	17.09.2025 07:23:21,000	16,84	-6,29	51,1	33,4	5,5	1	80,1
383	17.09.2025 07:23:22,000	16,84	-6,29	21,7	24,3	-43,9	1	148,7
384	17.09.2025 07:23:23,000	16,84	-6,29	74,8	11,8	3,5	1	148,7
385	17.09.2025 07:23:24,000	16,84	-6,29	52,7	4,5	-32,7	1	171,6
386	17.09.2025 07:23:25,000	16,87	-6,29	22,7	34,7	-32,5	1	133,4
387	17.09.2025 07:23:26,000	16,87	-6,29	37,8	24,2	28,0	0	41,2
388	17.09.2025 07:23:27,000	16,87	-6,29	34,3	-6,7	49,0	0	-9,0
389	17.09.2025 07:23:28,000	16,87	-6,29	25,1	-1,3	63,6	0	-1,5
390	17.09.2025 07:23:29,000	16,87	-6,29	31,8	6,1	52,1	0	7,9
391	17.09.2025 07:23:30,000	16,87	-6,29	38,3	13,5	38,3	0	21,0
392	17.09.2025 07:23:31,000	16,87	-6,29	44,8	8,9	36,4	0	14,8
393	17.09.2025 07:23:32,000	16,87	-6,29	45,1	9,4	35,6	0	15,8
394	17.09.2025 07:23:33,000	16,87	-6,29	44,0	9,1	36,9	0	14,9
395	17.09.2025 07:23:34,000	16,87	-6,29	36,3	13,7	40,0	0	20,6
396	17.09.2025 07:23:35,000	16,87	-6,29	30,7	22,1	37,2	0	32,4
397	17.09.2025 07:23:36,000	16,87	-6,29	24,5	8,0	57,5	0	9,7
398	17.09.2025 07:23:37,000	16,87	-6,29	25,9	13,4	50,7	1	17,2
399	17.09.2025 07:23:38,000	16,87	-6,29	44,2	9,3	36,5	1	15,4
400	17.09.2025 07:23:39,000	16,87	-6,29	43,5	7,8	38,7	0	12,4
401	17.09.2025 07:23:40,000	16,87	-6,29	48,0	11,9	30,0	0	22,6
402	17.09.2025 07:23:41,000	16,87	-6,29	42,9	6,5	40,5	0	10,0
403	17.09.2025 07:23:42,000	16,87	-6,29	48,0	4,7	37,3	1	7,8
404	17.09.2025 07:23:43,000	16,87	-6,29	36,8	8,3	45,0	0	11,7
405	17.09.2025 07:23:44,000	16,87	-6,29	37,7	6,5	45,8	0	9,1
406	17.09.2025 07:23:45,000	16,87	-6,29	40,2	8,7	41,1	0	13,1
407	17.09.2025 07:23:46,000	16,87	-6,29	56,9	7,9	25,2	0	17,9
408	17.09.2025 07:23:47,000	16,87	-6,29	37,2	11,9	40,9	0	17,7
409	17.09.2025 07:23:48,000	16,87	-6,29	25,2	20,0	44,8	0	26,5
410	17.09.2025 07:23:49,000	16,90	-6,29	26,0	21,4	42,6	0	28,9
411	17.09.2025 07:23:50,000	16,90	-6,29	34,9	14,8	40,2	0	22,0
412	17.09.2025 07:23:51,000	16,90	-6,29	34,0	16,7	39,4	0	24,7
413	17.09.2025 07:23:52,000	16,90	-6,29	32,4	20,1	37,4	0	29,9
414	17.09.2025 07:23:53,000	16,93	-6,29	27,6	17,0	45,4	0	22,9
415	17.09.2025 07:23:54,000	16,93	-6,29	36,7	8,4	44,9	0	11,9
416	17.09.2025 07:23:55,000	16,93	-6,29	44,1	4,5	41,4	0	6,9
417	17.09.2025 07:23:56,000	16,93	-6,29	47,8	0,2	42,0	0	0,4
418	17.09.2025 07:23:57,000	16,96	-6,29	37,9	-1,0	51,1	0	-1,3
419	17.09.2025 07:23:58,000	16,99	-6,29	30,8	-7,4	51,7	0	-9,6
420	17.09.2025 07:23:59,000	17,02	-6,29	44,6	-8,3	37,0	0	-13,7
421	17.09.2025 07:24:00,000	17,05	-6,29	42,5	2,3	45,1	0	3,3
422	17.09.2025 07:24:01,000	17,08	-6,29	42,0	-1,5	46,5	0	-2,1
423	17.09.2025 07:24:02,000	17,08	-6,29	49,2	0,8	40,0	0	1,2
424	17.09.2025 07:24:03,000	17,11	-6,29	52,3	-1,8	35,9	0	-3,0
425	17.09.2025 07:24:04,000	17,11	-6,29	57,3	-0,4	32,3	0	-0,7
426	17.09.2025 07:24:05,000	17,11	-6,29	52,4	3,0	34,6	0	5,2
427	17.09.2025 07:24:06,000	17,14	-6,29	45,0	7,2	37,8	0	11,7
428	17.09.2025 07:24:07,000	17,17	-6,29	42,1	10,2	37,7	0	16,4
429	17.09.2025 07:24:08,000	17,17	-6,29	39,4	10,5	40,1	0	16,1
430	17.09.2025 07:24:09,000	17,17	-6,29	37,8	8,6	43,6	0	12,5
431	17.09.2025 07:24:10,000	17,17	-6,29	30,6	12,8	46,6	0	17,4
432	17.09.2025 07:24:11,000	17,17	-6,29	30,5	4,7	54,8	0	5,9
433	17.09.2025 07:24:12,000	17,17	-6,29	39,4	5,9	44,8	0	8,3
434	17.09.2025 07:24:13,000	17,17	-6,29	34,8	16,6	38,6	0	25,0
435	17.09.2025 07:24:14,000	17,20	-6,29	37,9	9,9	42,2	0	14,7
436	17.09.2025 07:24:15,000	17,20	-6,29	39,4	9,9	40,7	1	15,0
437	17.09.2025 07:24:16,000	17,20	-6,29	38,0	14,6	37,4	1	22,8
438	17.09.2025 07:24:17,000	17,20	-6,29	31,1	33,8	25,1	0	52,4
439	17.09.2025 07:24:18,000	17,23	-6,29	34,1	18,8	37,1	0	28,6
440	17.09.2025 07:24:19,000	17,23	-6,29	36,8	17,0	36,2	0	26,6
441	17.09.2025 07:24:20,000	17,20	-6,29	32,4	24,5	33,1	0	37,5
442	17.09.2025 07:24:21,000	17,20	-6,29	33,3	21,5	35,2	0	32,8
443	17.09.2025 07:24:22,000	17,20	-6,29	38,6	17,9	33,5	0	29,5
444	17.09.2025 07:24:23,000	17,20	-6,29	38,1	17,0	34,9	0	27,4
445	17.09.2025 07:24:24,000	17,23	-6,29	43,4	12,1	34,5	0	20,6
446	17.09.2025 07:24:25,000	17,23	-6,29	44,2	7,1	38,7	0	11,3
447	17.09.2025 07:24:26,000	17,23	-6,29	42,4	3,8	43,8	0	5,5
448	17.09.2025 07:24:27,000	17,26	-6,29	49,5	-2,3	38,3	0	-3,7
449	17.09.2025 07:24:28,000	17,26	-6,29	57,2	-5,7	27,1	0	-12,4
450	17.09.2025 07:24:29,000	17,26	-6,29	55,1	-1,3	33,6	0	-2,4
451	17.09.2025 07:24:30,000	17,26	-6,29	52,2	-0,9	36,9	0	-1,5
452	17.09.2025 07:24:31,000	17,29	-6,29	54,0	-7,3	28,6	0	-15,0
453	17.09.2025 07:24:32,000	17,29	-6,29	55,4	-10,8	23,8	0	-25,0
454	17.09.2025 07:24:33,000	17,29	-6,29	59,7	-5,4	24,9	0	-12,6
455	17.09.2025 07:24:34,000	17,29	-6,29	57,9	-2,1	30,1	0	-4,1
456	17.09.2025 07:24:35,000	17,29	-6,29	53,5	-7,0	29,5	0	-14,1
457	17.09.2025 07:24:36,000	17,29	-6,29	54,4	-10,7	24,9	0	-24,0
458	17.09.2025 07:24:37,000	17,29	-6,29	58,2	-4,8	26,9	0	-10,6
459	17.09.2025 07:24:38,000	17,32	-6,29	53,7	-2,8	33,5	0	-5,0
460	17.09.2025 07:24:39,000	17,32	-6,29	55,0	-5,6	29,5	0	-11,3
461	17.09.2025 07:24:40,000	17,32	-6,29	57,3	-3,1	29,6	0	-6,2
462	17.09.2025 07:24:41,000	17,32	-6,29	54,0	-1,3	34,6	0	-2,3
463	17.09.2025 07:24:42,000	17,32	-6,29	50,5	-7,0	32,5	0	-13,0
464	17.09.2025 07:24:43,000	17,32	-6,29	54,8	-9,4	25,8	0	-20,6
465	17.09.2025 07:24:44,000	17,32	-6,29	56,2	-4,1	29,7	0	-8,2
466	17.09.2025 07:24:45,000	17,32	-6,29	54,0	-3,1	32,9	0	-5,6
467	17.09.2025 07:24:46,000	17,32	-6,29	54,1	-6,9	29,0	0	-14,0
468	17.09.2025 07:24:47,000	17,35	-6,29	52,8	-7,7	29,5	0	-15,4
469	17.09.2025 07:24:48,000	17,35	-6,29	52,2	-3,6	34,2	0	-6,4
470	17.09.2025 07:24:49,000	17,35	-6,29	49,3	-5,5	35,1	0	-9,6
471	17.09.2025 07:24:50,000	17,35	-6,29	54,2	-5,8	29,9	0	-11,6
472	17.09.2025 07:24:51,000	17,35	-6,29	54,3	-5,0	30,7	0	-9,7
473	17.09.2025 07:24:52,000	17,35	-6,29	50,7	-4,4	34,9	0	-7,7
474	17.09.2025 07:24:53,000	17,35	-6,29	49,3	-6,3	34,4	0	-11,1
475	17.09.2025 07:24:54,000	17,35	-6,29	48,2	-6,1	35,7	0	-10,4
476	17.09.2025 07:24:55,000	17,35	-6,29	50,5	-9,8	29,7	0	-19,2
477	17.09.2025 07:24:56,000	17,35	-6,29	45,5	-8,1	36,4	0	-13,6
478	17.09.2025 07:24:57,000	17,35	-6,29	39,1	-7,9	43,0	0	-11,6
479	17.09.2025 07:24:58,000	17,35	-6,29	44,3	-8,0	37,7	0	-13,0
480	17.09.2025 07:24:59,000	17,35	-6,29	48,1	-8,0	34,0	0	-14,1
481	17.09.2025 07:25:00,000	17,38	-6,29	50,0	-5,1	35,0	0	-8,8
482	17.09.2025 07:25:01,000	17,38	-6,29	51,2	-1,6	37,2	0	-2,6
483	17.09.2025 07:25:02,000	17,38	-6,29	49,6	-3,9	36,5	0	-6,6
484	17.09.2025 07:25:03,000	17,38	-6,29	48,9	-6,1	34,9	0	-10,6
485	17.09.2025 07:25:04,000	17,38	-6,29	49,9	-7,6	32,5	0	-14,0
486	17.09.2025 07:25:05,000	17,38	-6,29	48,9	-3,1	38,0	0	-5,0
487	17.09.2025 07:25:06,000	17,38	-6,29	48,3	-4,6	37,1	0	-7,7
488	17.09.2025 07:25:07,000	17,38	-6,29	54,2	-2,8	33,0	0	-5,1
489	17.09.2025 07:25:08,000	17,41	-6,29	50,7	3,8	35,5	0	6,5
490	17.09.2025 07:25:09,000	17,41	-6,29	52,6	7,0	30,3	0	13,7
491	17.09.2025 07:25:10,000	17,41	-6,29	46,9	8,6	34,5	0	14,9
492	17.09.2025 07:25:11,000	17,41	-6,29	48,1	7,4	34,5	0	13,0
493	17.09.2025 07:25:12,000	17,41	-6,29	47,0	10,0	33,0	0	17,9
494	17.09.2025 07:25:13,000	17,41	-6,29	49,2	12,5	28,3	0	24,7
495	17.09.2025 07:25:14,000	17,41	-6,29	47,8	11,9	30,3	0	22,5
496	17.09.2025 07:25:15,000	17,41	-6,29	39,6	14,9	35,5	0	24,2
497	17.09.2025 07:25:16,000	17,41	-6,29	43,9	14,5	31,5	0	25,9
498	17.09.2025 07:25:17,000	17,44	-6,29	42,8	14,9	32,2	0	26,0
499	17.09.2025 07:25:18,000	17,44	-6,29	35,2	19,2	35,6	0	29,8
500	17.09.2025 07:25:19,000	17,44	-6,29	35,6	17,2	37,2	0	26,5
501	17.09.2025 07:25:20,000	17,44	-6,29	34,3	20,4	35,3	0	31,5
502	17.09.2025 07:25:21,000	17,44	-6,29	40,3	18,1	31,7	0	30,9
503	17.09.2025 07:25:22,000	17,44	-6,29	41,7	14,9	33,4	0	25,3
504	17.09.2025 07:25:23,000	17,44	-6,29	39,3	17,4	33,3	0	28,9
505	17.09.2025 07:25:24,000	17,44	-6,29	41,8	15,5	32,8	0	26,5
506	17.09.2025 07:25:25,000	17,44	-6,29	44,7	13,2	32,1	0	23,4
507	17.09.2025 07:25:26,000	17,44	-6,29	43,5	13,5	33,0	0	23,5
508	17.09.2025 07:25:27,000	17,47	-6,29	38,3	13,8	37,9	0	21,6
509	17.09.2025 07:25:28,000	17,47	-6,29	38,5	12,3	39,2	0	18,9
510	17.09.2025 07:25:29,000	17,47	-6,29	38,5	12,7	38,7	0	19,8
511	17.09.2025 07:25:30,000	17,47	-6,29	36,9	13,7	39,4	0	20,8
512	17.09.2025 07:25:31,000	17,47	-6,29	37,2	10,5	42,3	0	15,5
513	17.09.2025 07:25:32,000	17,47	-6,29	39,3	9,1	41,6	0	13,5
514	17.09.2025 07:25:33,000	17,47	-6,29	39,8	9,1	41,1	0	13,7
515	17.09.2025 07:25:34,000	17,47	-6,29	39,6	7,9	42,6	0	11,6
516	17.09.2025 07:25:35,000	17,47	-6,29	38,0	10,0	42,0	0	14,7
517	17.09.2025 07:25:36,000	17,47	-6,29	37,6	12,6	39,8	0	19,1
518	17.09.2025 07:25:37,000	17,47	-6,29	46,5	7,9	35,6	0	13,5
519	17.09.2025 07:25:38,000	17,47	-6,29	53,6	4,2	32,2	0	7,9
520	17.09.2025 07:25:39,000	17,47	-6,29	55,9	2,6	31,5	0	4,9
521	17.09.2025 07:25:40,000	17,47	-6,29	57,0	1,3	31,7	0	2,5
522	17.09.2025 07:25:41,000	17,47	-6,29	53,7	1,5	34,8	0	2,7
523	17.09.2025 07:25:42,000	17,47	-6,29	53,6	3,4	33,1	0	6,1
524	17.09.2025 07:25:43,000	17,47	-6,29	46,5	4,3	39,2	0	6,8
525	17.09.2025 07:25:44,000	17,47	-6,29	42,4	2,7	44,9	0	3,9
526	17.09.2025 07:25:45,000	17,47	-6,29	43,3	2,9	43,9	0	4,1
527	17.09.2025 07:25:46,000	17,47	-6,29	33,2	-2,2	54,6	0	-2,7
528	17.09.2025 07:25:47,000	17,47	-6,29	32,4	-0,8	56,8	0	-1,0
529	17.09.2025 07:25:48,000	17,47	-6,29	31,0	-2,0	57,0	0	-2,4
530	17.09.2025 07:25:49,000	17,47	-6,29	30,1	-1,3	58,6	0	-1,6
531	17.09.2025 07:25:50,000	17,47	-6,29	26,7	-6,0	57,3	0	-7,3
532	17.09.2025 07:25:51,000	17,47	-6,29	30,8	-3,5	55,8	0	-4,2
533	17.09.2025 07:25:52,000	17,47	-6,29	26,1	-7,5	56,4	0	-9,1
534	17.09.2025 07:25:53,000	17,47	-6,29	25,3	-10,1	54,6	0	-12,5
535	17.09.2025 07:25:54,000	17,47	-6,29	29,2	-7,6	53,2	0	-9,6
536	17.09.2025 07:25:55,000	17,47	-6,29	32,4	-6,8	50,9	0	-8,8
537	17.09.2025 07:25:56,000	17,47	-6,29	33,6	-1,9	54,5	0	-2,4
538	17.09.2025 07:25:57,000	17,47	-6,29	30,9	-5,9	53,3	0	-7,4
539	17.09.2025 07:25:58,000	17,47	-6,29	25,9	-9,9	54,1	0	-12,4
540	17.09.2025 07:25:59,000	17,47	-6,29	27,2	-9,4	53,4	0	-11,9
541	17.09.2025 07:26:00,000	17,47	-6,29	31,3	-4,7	53,9	0	-5,9
542	17.09.2025 07:26:01,000	17,47	-6,29	32,3	-0,4	57,3	0	-0,5
543	17.09.2025 07:26:02,000	17,47	-6,29	33,8	3,3	52,8	1	4,2
544	17.09.2025 07:26:03,000	17,47	-6,29	33,2	0,6	56,2	0	0,8
545	17.09.2025 07:26:04,000	17,47	-6,29	31,5	-0,5	58,0	0	-0,6
546	17.09.2025 07:26:05,000	17,47	-6,29	25,1	-6,0	58,9	0	-7,1
547	17.09.2025 07:26:06,000	17,47	-6,29	24,9	-4,2	60,8	0	-4,9
548	17.09.2025 07:26:07,000	17,47	-6,29	28,7	-3,1	58,2	0	-3,7
549	17.09.2025 07:26:08,000	17,47	-6,29	32,0	1,0	57,0	0	1,2
550	17.09.2025 07:26:09,000	17,47	-6,29	33,3	4,5	52,2	0	5,8
551	17.09.2025 07:26:10,000	17,44	-6,29	35,5	4,1	50,4	0	5,4
552	17.09.2025 07:26:11,000	17,44	-6,29	36,9	5,5	47,6	0	7,5
553	17.09.2025 07:26:12,000	17,44	-6,29	36,9	5,1	48,0	0	6,9
554	17.09.2025 07:26:13,000	17,44	-6,29	34,7	5,6	49,7	0	7,5
555	17.09.2025 07:26:14,000	17,44	-6,29	34,7	12,7	42,6	0	18,4
556	17.09.2025 07:26:15,000	17,44	-6,29	37,8	9,7	42,5	0	14,2
557	17.09.2025 07:26:16,000	17,44	-6,29	33,0	9,0	48,0	0	12,1
558	17.09.2025 07:26:17,000	17,44	-6,29	36,2	12,0	41,8	0	17,6
559	17.09.2025 07:26:18,000	17,44	-6,29	38,1	13,4	38,5	0	20,8
560	17.09.2025 07:26:19,000	17,47	-6,29	34,4	13,5	42,1	0	19,6
561	17.09.2025 07:26:20,000	17,47	-6,29	35,2	13,8	41,1	0	20,3
562	17.09.2025 07:26:21,000	17,44	-6,29	35,3	13,9	40,8	0	20,6
563	17.09.2025 07:26:22,000	17,44	-6,29	37,3	13,1	39,7	0	19,8
564	17.09.2025 07:26:23,000	17,44	-6,29	37,4	13,8	38,8	0	21,2
565	17.09.2025 07:26:24,000	17,44	-6,29	33,1	15,4	41,5	0	22,4
566	17.09.2025 07:26:25,000	17,44	-6,29	34,9	12,6	42,5	0	18,2
567	17.09.2025 07:26:26,000	17,44	-6,29	37,9	11,2	40,9	0	16,8
568	17.09.2025 07:26:27,000	17,44	-6,29	36,9	11,4	41,7	0	16,9
569	17.09.2025 07:26:28,000	17,44	-6,29	34,9	11,3	43,8	0	16,1
570	17.09.2025 07:26:29,000	17,44	-6,29	34,1	10,8	45,1	0	15,1
571	17.09.2025 07:26:30,000	17,44	-6,29	34,0	10,5	45,5	0	14,7
572	17.09.2025 07:26:31,000	17,44	-6,29	35,2	9,4	45,4	0	13,1
573	17.09.2025 07:26:32,000	17,44	-6,29	34,8	8,1	47,2	0	11,0
574	17.09.2025 07:26:33,000	17,44	-6,29	34,1	8,7	47,2	0	11,9
575	17.09.2025 07:26:34,000	17,44	-6,29	33,4	7,3	49,3	0	9,8
576	17.09.2025 07:26:35,000	17,44	-6,29	36,4	6,7	46,9	0	9,2
577	17.09.2025 07:26:36,000	17,44	-6,29	35,5	8,5	46,0	0	11,8
578	17.09.2025 07:26:37,000	17,44	-6,29	31,9	8,7	49,4	0	11,5
579	17.09.2025 07:26:38,000	17,44	-6,29	32,0	6,5	51,4	0	8,4
580	17.09.2025 07:26:39,000	17,44	-6,29	31,7	7,5	50,8	0	9,8
581	17.09.2025 07:26:40,000	17,44	-6,29	32,3	8,1	49,6	0	10,7
582	17.09.2025 07:26:41,000	17,44	-6,29	32,9	5,6	51,5	0	7,3
583	17.09.2025 07:26:42,000	17,41	-6,29	31,2	8,4	50,4	0	11,0
584	17.09.2025 07:26:43,000	17,41	-6,29	30,7	5,4	53,9	0	6,8
585	17.09.2025 07:26:44,000	17,41	-6,29	30,6	5,9	53,5	0	7,4
586	17.09.2025 07:26:45,000	17,41	-6,29	30,8	6,9	52,3	0	8,8
587	17.09.2025 07:26:46,000	17,41	-6,29	29,8	6,2	54,0	0	7,7
588	17.09.2025 07:26:47,000	17,41	-6,29	30,1	6,2	53,8	0	7,7
589	17.09.2025 07:26:48,000	17,41	-6,29	30,2	5,4	54,4	0	6,7
590	17.09.2025 07:26:49,000	17,41	-6,29	30,3	5,8	53,8	0	7,3
591	17.09.2025 07:26:50,000	17,41	-6,29	28,5	6,3	55,2	0	7,7
592	17.09.2025 07:26:51,000	17,41	-6,29	30,8	5,0	54,2	0	6,2
593	17.09.2025 07:26:52,000	17,41	-6,29	30,0	5,1	54,9	0	6,3
594	17.09.2025 07:26:53,000	17,38	-6,29	29,8	5,0	55,3	0	6,1
595	17.09.2025 07:26:54,000	17,38	-6,29	30,9	4,3	54,8	0	5,4
596	17.09.2025 07:26:55,000	17,38	-6,29	32,6	5,0	52,4	0	6,3
597	17.09.2025 07:26:56,000	17,38	-6,29	32,9	5,7	51,4	0	7,4
598	17.09.2025 07:26:57,000	17,38	-6,29	31,6	6,5	51,9	0	8,3
599	17.09.2025 07:26:58,000	17,38	-6,29	32,4	8,3	49,2	0	11,1
600	17.09.2025 07:26:59,000	17,38	-6,29	32,6	5,2	52,2	0	6,6
601	17.09.2025 07:27:00,000	17,38	-6,29	33,2	2,9	53,9	0	3,6
602	17.09.2025 07:27:01,000	17,38	-6,29	32,3	5,2	52,5	0	6,6
603	17.09.2025 07:27:02,000	17,38	-6,29	31,0	6,0	53,0	0	7,6
604	17.09.2025 07:27:03,000	17,35	-6,29	32,0	4,5	53,5	0	5,7
605	17.09.2025 07:27:04,000	17,35	-6,29	33,3	6,7	50,0	0	8,8
606	17.09.2025 07:27:05,000	17,35	-6,29	32,4	7,6	50,0	0	10,0
607	17.09.2025 07:27:06,000	17,35	-6,29	31,9	4,3	53,8	0	5,4
608	17.09.2025 07:27:07,000	17,32	-6,29	30,2	5,2	54,5	0	6,5
609	17.09.2025 07:27:08,000	17,29	-6,29	33,8	4,7	51,5	0	6,1
610	17.09.2025 07:27:09,000	17,20	-6,29	35,7	4,6	49,7	0	6,1
611	17.09.2025 07:27:10,000	17,05	-6,29	35,4	6,2	48,4	0	8,4
612	17.09.2025 07:27:11,000	16,96	-6,29	37,0	6,5	46,5	0	9,1
613	17.09.2025 07:27:12,000	16,87	-6,29	37,2	6,9	45,8	0	9,7
614	17.09.2025 07:27:13,000	16,60	-6,29	39,2	6,7	44,1	0	9,7
615	17.09.2025 07:27:14,000	16,27	-6,29	39,9	7,6	42,4	0	11,3
616	17.09.2025 07:27:15,000	15,96	-6,29	38,2	6,8	45,0	0	9,7
617	17.09.2025 07:27:16,000	15,72	-6,29	37,4	5,0	47,6	0	6,8
618	17.09.2025 07:27:17,000	15,50	-6,29	37,0	6,2	46,8	0	8,6
619	17.09.2025 07:27:18,000	15,38	-6,29	36,3	6,3	47,4	0	8,6
620	17.09.2025 07:27:19,000	15,32	-6,29	34,3	5,1	50,6	0	6,7
621	17.09.2025 07:27:20,000	15,20	-6,29	32,5	3,2	54,3	0	4,0
622	17.09.2025 07:27:21,000	15,08	-6,29	35,9	1,9	52,2	0	2,4
623	17.09.2025 07:27:22,000	15,01	-6,29	33,3	2,1	54,6	0	2,6
624	17.09.2025 07:27:23,000	14,92	-6,29	31,1	3,9	55,1	0	4,7
625	17.09.2025 07:27:24,000	14,86	-6,29	32,0	1,6	56,4	0	2,0
626	17.09.2025 07:27:25,000	14,83	-6,29	34,5	1,4	54,1	0	1,7
627	17.09.2025 07:27:26,000	14,80	-6,29	31,7	1,0	57,3	0	1,2
628	17.09.2025 07:27:27,000	14,71	-6,29	32,1	-1,8	56,1	0	-2,1
629	17.09.2025 07:27:28,000	14,62	-6,29	33,4	-0,7	55,9	0	-0,8
630	17.09.2025 07:27:29,000	14,52	-6,29	29,5	-1,7	58,9	0	-2,0
631	17.09.2025 07:27:30,000	14,49	-6,29	30,0	-1,3	58,7	0	-1,6
632	17.09.2025 07:27:31,000	14,34	-6,29	29,6	-1,4	58,9	0	-1,7
633	17.09.2025 07:27:32,000	14,15	-6,29	26,8	-1,9	61,4	0	-2,2
634	17.09.2025 07:27:33,000	13,97	-6,29	29,1	-0,6	60,3	0	-0,7
635	17.09.2025 07:27:34,000	13,69	-6,29	29,6	-2,1	58,4	0	-2,4
636	17.09.2025 07:27:35,000	13,44	-6,29	27,8	-2,1	60,1	0	-2,4
637	17.09.2025 07:27:36,000	13,25	-6,29	29,1	-0,8	60,1	0	-0,9
638	17.09.2025 07:27:37,000	13,00	-6,29	27,9	-0,1	62,0	0	-0,1
639	17.09.2025 07:27:38,000	12,78	-6,29	25,3	-1,1	63,7	0	-1,2
640	17.09.2025 07:27:39,000	12,59	-6,29	26,7	-1,3	62,0	0	-1,4
641	17.09.2025 07:27:40,000	12,43	-6,29	28,3	0,4	61,3	0	0,4
642	17.09.2025 07:27:41,000	12,24	-6,29	25,9	0,3	63,7	0	0,4
643	17.09.2025 07:27:42,000	12,05	-6,29	27,1	0,4	62,5	0	0,5
644	17.09.2025 07:27:43,000	11,92	-6,29	26,3	2,2	61,5	0	2,5
645	17.09.2025 07:27:44,000	11,79	-6,29	27,6	1,3	61,1	0	1,5
646	17.09.2025 07:27:45,000	11,66	-6,29	29,3	2,9	57,9	0	3,4
647	17.09.2025 07:27:46,000	11,50	-6,29	26,8	2,5	60,7	0	3,0
648	17.09.2025 07:27:47,000	11,37	-6,29	24,8	0,5	64,7	0	0,5
649	17.09.2025 07:27:48,000	11,24	-6,29	30,2	2,0	57,8	0	2,4
650	17.09.2025 07:27:49,000	11,08	-6,29	28,1	1,5	60,4	0	1,7
651	17.09.2025 07:27:50,000	11,02	-6,29	22,7	-1,0	66,3	0	-1,1
652	17.09.2025 07:27:51,000	10,86	-6,29	25,5	-3,2	61,3	0	-3,7
653	17.09.2025 07:27:52,000	10,76	-6,29	28,6	-0,9	60,5	0	-1,1
654	17.09.2025 07:27:53,000	10,66	-6,29	25,5	-1,0	63,5	0	-1,2
655	17.09.2025 07:27:54,000	10,60	-6,29	24,2	-3,0	62,8	0	-3,5
656	17.09.2025 07:27:55,000	10,43	-6,29	25,2	-1,2	63,6	0	-1,4
657	17.09.2025 07:27:56,000	10,37	-6,29	25,7	-2,5	61,8	0	-2,9
658	17.09.2025 07:27:57,000	10,27	-6,29	27,9	-4,3	57,8	0	-5,1
659	17.09.2025 07:27:58,000	10,17	-6,29	26,4	-4,8	58,8	0	-5,6
660	17.09.2025 07:27:59,000	10,07	-6,29	25,3	-6,2	58,5	0	-7,4
661	17.09.2025 07:28:00,000	10,01	-6,29	36,8	-5,4	47,8	0	-7,3
662	17.09.2025 07:28:01,000	9,94	-6,29	36,9	-1,5	51,7	0	-1,9
663	17.09.2025 07:28:02,000	9,88	-6,29	36,0	-3,5	50,6	0	-4,5
664	17.09.2025 07:28:03,000	9,84	-6,29	35,7	3,2	51,0	0	4,2
665	17.09.2025 07:28:04,000	9,84	-6,29	38,1	3,5	48,5	0	4,7
666	17.09.2025 07:28:05,000	9,78	-6,29	39,0	3,9	47,1	0	5,4
667	17.09.2025 07:28:06,000	9,61	-6,29	36,2	6,4	47,4	0	8,8
668	17.09.2025 07:28:07,000	9,41	-6,29	35,9	5,4	48,7	0	7,3
669	17.09.2025 07:28:08,000	9,21	-6,29	38,8	5,7	45,5	0	8,0
670	17.09.2025 07:28:09,000	9,08	-6,29	41,2	5,0	43,8	0	7,3
671	17.09.2025 07:28:10,000	9,01	-6,29	37,7	6,0	46,3	0	8,3
672	17.09.2025 07:28:11,000	8,98	-6,29	38,2	5,9	45,9	0	8,3
673	17.09.2025 07:28:12,000	8,91	-6,29	41,9	6,9	41,3	0	10,4
674	17.09.2025 07:28:13,000	8,88	-6,29	41,0	6,7	42,4	0	9,9
675	17.09.2025 07:28:14,000	8,88	-6,29	39,9	6,8	43,2	0	10,0
676	17.09.2025 07:28:15,000	8,84	-6,29	42,4	6,6	41,0	0	10,1
677	17.09.2025 07:28:16,000	8,84	-6,29	41,9	8,0	40,0	0	12,4
678	17.09.2025 07:28:17,000	8,84	-6,29	42,4	5,3	42,3	0	7,9
679	17.09.2025 07:28:18,000	8,88	-6,29	44,1	6,0	39,9	0	9,3
680	17.09.2025 07:28:19,000	8,81	-6,29	45,2	6,6	38,2	0	10,7
681	17.09.2025 07:28:20,000	8,78	-6,29	43,5	6,5	40,0	0	10,1
682	17.09.2025 07:28:21,000	8,71	-6,29	44,1	7,0	38,9	0	11,1
683	17.09.2025 07:28:22,000	8,68	-6,29	44,9	7,0	38,2	0	11,2
684	17.09.2025 07:28:23,000	8,64	-6,29	46,6	6,0	37,4	0	9,9
685	17.09.2025 07:28:24,000	8,64	-6,29	48,6	7,4	34,0	0	13,1
686	17.09.2025 07:28:25,000	8,61	-6,29	46,6	7,0	36,4	0	11,8
687	17.09.2025 07:28:26,000	8,61	-6,29	42,7	7,2	40,2	0	11,1
688	17.09.2025 07:28:27,000	8,57	-6,29	49,2	7,1	33,7	0	12,7
689	17.09.2025 07:28:28,000	8,57	-6,29	51,4	6,2	32,4	0	11,6
690	17.09.2025 07:28:29,000	8,54	-6,29	44,0	6,8	39,3	0	10,7
691	17.09.2025 07:28:30,000	8,51	-6,29	47,2	6,9	35,9	0	11,7
692	17.09.2025 07:28:31,000	8,51	-6,29	53,7	7,6	28,7	0	15,5
693	17.09.2025 07:28:32,000	8,47	-6,29	48,9	6,7	34,4	0	11,7
694	17.09.2025 07:28:33,000	8,44	-6,29	46,6	6,6	36,9	0	10,9
695	17.09.2025 07:28:34,000	8,41	-6,29	52,2	8,0	29,7	0	15,9
696	17.09.2025 07:28:35,000	8,37	-6,29	52,2	7,9	29,9	0	15,5
697	17.09.2025 07:28:36,000	8,37	-6,29	47,9	5,8	36,3	0	9,8
698	17.09.2025 07:28:37,000	8,37	-6,29	48,8	5,2	36,0	0	8,9
699	17.09.2025 07:28:38,000	8,41	-6,29	51,6	5,4	33,0	0	10,0
700	17.09.2025 07:28:39,000	8,34	-6,29	49,2	6,6	34,2	0	11,7
701	17.09.2025 07:28:40,000	8,30	-6,29	49,7	8,5	31,9	0	15,7
702	17.09.2025 07:28:41,000	8,27	-6,29	49,3	8,0	32,7	0	14,5
703	17.09.2025 07:28:42,000	8,27	-6,29	46,6	7,2	36,2	0	12,1
704	17.09.2025 07:28:43,000	8,27	-6,29	48,2	9,4	32,4	0	17,1
705	17.09.2025 07:28:44,000	8,27	-6,29	48,0	7,2	34,8	0	12,5
706	17.09.2025 07:28:45,000	8,27	-6,29	47,3	7,2	35,5	0	12,4
707	17.09.2025 07:28:46,000	8,27	-6,29	50,1	8,0	31,9	0	14,9
708	17.09.2025 07:28:47,000	8,27	-6,29	47,6	7,4	35,1	0	12,7
709	17.09.2025 07:28:48,000	8,20	-6,29	45,9	8,3	35,8	0	14,0
710	17.09.2025 07:28:49,000	8,20	-6,29	47,6	8,2	34,2	0	14,4
711	17.09.2025 07:28:50,000	8,17	-6,29	52,1	6,4	31,5	0	12,1
712	17.09.2025 07:28:51,000	8,13	-6,29	51,6	7,6	30,8	0	14,7
713	17.09.2025 07:28:52,000	8,10	-6,29	43,6	10,7	35,7	0	17,9
714	17.09.2025 07:28:53,000	8,03	-6,29	48,1	10,5	31,4	0	19,5
715	17.09.2025 07:28:54,000	8,00	-6,29	51,7	13,4	24,8	0	29,0
716	17.09.2025 07:28:55,000	7,96	-6,29	46,9	10,5	32,6	0	18,8
717	17.09.2025 07:28:56,000	7,93	-6,29	48,8	10,5	30,7	0	19,8
718	17.09.2025 07:28:57,000	7,93	-6,29	53,6	11,9	24,6	0	26,4
719	17.09.2025 07:28:58,000	7,93	-6,29	44,5	11,5	34,0	0	19,9
720	17.09.2025 07:28:59,000	7,93	-6,29	41,6	11,5	36,9	0	18,6
721	17.09.2025 07:29:00,000	7,89	-6,29	52,9	10,4	26,7	0	22,1
722	17.09.2025 07:29:01,000	7,86	-6,29	53,4	12,3	24,3	0	27,5
723	17.09.2025 07:29:02,000	7,86	-6,29	42,4	11,0	36,5	0	18,0
724	17.09.2025 07:29:03,000	7,86	-6,29	41,9	10,9	37,3	0	17,6
725	17.09.2025 07:29:04,000	7,83	-6,29	49,6	10,2	30,1	0	19,6
726	17.09.2025 07:29:05,000	7,79	-6,29	51,6	10,4	28,0	0	21,1
727	17.09.2025 07:29:06,000	7,76	-6,29	44,4	11,0	34,6	0	18,8
728	17.09.2025 07:29:07,000	7,72	-6,29	43,9	10,0	36,1	0	16,6
729	17.09.2025 07:29:08,000	7,65	-6,29	48,4	11,0	30,6	0	20,8
730	17.09.2025 07:29:09,000	7,65	-6,29	48,7	10,0	31,3	0	18,7
731	17.09.2025 07:29:10,000	7,62	-6,29	36,9	6,0	47,1	0	8,3
732	17.09.2025 07:29:11,000	7,62	-6,29	15,4	15,1	59,5	0	17,5
733	17.09.2025 07:29:12,000	7,62	-6,29	1,1	14,1	74,8	0	14,3
734	17.09.2025 07:29:13,000	7,59	-6,29	4,6	6,1	79,3	0	6,4
735	17.09.2025 07:29:14,000	7,52	-6,29	-2,1	7,2	80,7	0	7,4
736	17.09.2025 07:29:15,000	7,48	-6,29	4,7	14,6	70,7	0	15,4
737	17.09.2025 07:29:16,000	7,45	-6,29	-1,8	7,5	80,7	0	7,6
738	17.09.2025 07:29:17,000	7,38	-6,29	-0,9	4,3	84,7	0	4,4
739	17.09.2025 07:29:18,000	7,28	-6,29	-0,9	1,5	87,6	0	1,5
740	17.09.2025 07:29:19,000	7,21	-6,29	1,0	4,3	84,7	0	4,4
741	17.09.2025 07:29:20,000	7,14	-6,29	3,4	5,6	81,0	0	5,7
742	17.09.2025 07:29:21,000	7,10	-6,29	-3,6	0,8	85,6	0	0,8
743	17.09.2025 07:29:22,000	7,03	-6,29	-15,3	-4,8	69,9	0	-5,2
744	17.09.2025 07:29:23,000	6,96	-6,29	-5,7	2,8	81,5	0	2,9
745	17.09.2025 07:29:24,000	6,89	-6,29	-4,3	4,1	81,6	0	4,3
746	17.09.2025 07:29:25,000	6,86	-6,29	2,4	3,5	84,1	0	3,6
747	17.09.2025 07:29:26,000	6,82	-6,29	1,9	4,7	83,4	0	4,8
748	17.09.2025 07:29:27,000	6,79	-6,29	2,2	-0,2	87,6	0	-0,2
749	17.09.2025 07:29:28,000	6,75	-6,29	-7,0	2,1	80,9	0	2,1
750	17.09.2025 07:29:29,000	6,68	-6,29	4,6	9,2	76,2	0	9,7
751	17.09.2025 07:29:30,000	6,65	-6,29	-0,9	7,0	82,2	0	7,0
752	17.09.2025 07:29:31,000	6,61	-6,29	-3,8	3,5	82,7	0	3,6
753	17.09.2025 07:29:32,000	6,58	-6,29	-0,7	5,9	83,4	0	6,0
754	17.09.2025 07:29:33,000	6,54	-6,29	-4,9	4,8	80,2	0	5,0
755	17.09.2025 07:29:34,000	6,47	-6,29	6,4	6,1	77,5	0	6,4
756	17.09.2025 07:29:35,000	6,47	-6,29	2,5	6,3	81,2	0	6,4
757	17.09.2025 07:29:36,000	6,44	-6,29	0,2	4,2	85,6	0	4,2
758	17.09.2025 07:29:37,000	6,40	-6,29	-0,7	8,3	81,0	0	8,3
759	17.09.2025 07:29:38,000	6,33	-6,29	4,5	10,7	74,9	0	11,2
760	17.09.2025 07:29:39,000	6,30	-6,29	3,6	5,1	81,3	0	5,3
761	17.09.2025 07:29:40,000	6,26	-6,29	-4,1	3,2	82,7	0	3,3
762	17.09.2025 07:29:41,000	6,23	-6,29	-0,2	4,1	85,7	0	4,1
763	17.09.2025 07:29:42,000	6,16	-6,29	2,3	2,2	85,6	0	2,2
764	17.09.2025 07:29:43,000	6,12	-6,29	-2,3	2,7	85,0	0	2,8
765	17.09.2025 07:29:44,000	6,08	-6,29	-6,7	2,4	80,8	0	2,5
766	17.09.2025 07:29:45,000	6,05	-6,29	-0,5	5,4	84,0	0	5,5
767	17.09.2025 07:29:46,000	6,01	-6,29	3,6	6,1	80,3	0	6,3
768	17.09.2025 07:29:47,000	5,98	-6,29	0,1	5,5	84,4	0	5,5
769	17.09.2025 07:29:48,000	5,94	-6,29	-0,5	6,1	83,4	0	6,1
770	17.09.2025 07:29:49,000	5,91	-6,29	-6,6	9,4	73,9	0	10,0
771	17.09.2025 07:29:50,000	5,91	-6,29	-3,9	5,7	80,3	0	5,9
772	17.09.2025 07:29:51,000	5,87	-6,29	0,8	7,2	82,0	0	7,3
773	17.09.2025 07:29:52,000	5,84	-6,29	4,8	5,8	79,4	0	6,0
774	17.09.2025 07:29:53,000	5,80	-6,29	0,7	6,9	82,4	0	7,0
775	17.09.2025 07:29:54,000	5,80	-6,29	1,3	10,0	78,7	0	10,1
776	17.09.2025 07:29:55,000	5,80	-6,29	-0,1	8,5	81,4	0	8,5
777	17.09.2025 07:29:56,000	5,76	-6,29	-3,2	11,7	75,1	0	12,1
778	17.09.2025 07:29:57,000	5,76	-6,29	3,1	4,7	82,2	0	4,8
779	17.09.2025 07:29:58,000	5,73	-6,29	-7,4	4,3	78,3	0	4,5
780	17.09.2025 07:29:59,000	5,69	-6,29	2,0	7,6	80,5	0	7,7
781	17.09.2025 07:30:00,000	5,66	-6,29	0,7	7,5	81,8	0	7,5
782	17.09.2025 07:30:01,000	5,66	-6,29	-0,9	5,1	84,0	0	5,2
783	17.09.2025 07:30:02,000	5,62	-6,29	-2,2	2,2	85,7	0	2,2
784	17.09.2025 07:30:03,000	5,62	-6,29	1,5	2,8	85,8	0	2,8
785	17.09.2025 07:30:04,000	5,59	-6,29	0,3	3,5	86,1	0	3,5
786	17.09.2025 07:30:05,000	5,59	-6,29	-1,9	5,3	82,8	0	5,4
787	17.09.2025 07:30:06,000	5,55	-6,29	2,1	8,1	79,8	0	8,3
788	17.09.2025 07:30:07,000	5,51	-6,29	-1,5	2,9	85,6	0	3,0
789	17.09.2025 07:30:08,000	5,48	-6,29	0,7	8,6	80,7	0	8,7
790	17.09.2025 07:30:09,000	5,48	-6,29	-4,2	4,2	81,6	0	4,3
791	17.09.2025 07:30:10,000	5,44	-6,29	0,6	2,5	86,9	0	2,6
792	17.09.2025 07:30:11,000	5,44	-6,29	3,1	3,4	83,5	0	3,4
793	17.09.2025 07:30:12,000	5,41	-6,29	0,3	5,0	84,7	0	5,0
794	17.09.2025 07:30:13,000	5,41	-6,29	-2,5	5,7	81,8	0	5,8
795	17.09.2025 07:30:14,000	5,41	-6,29	5,1	1,8	83,1	0	1,8
796	17.09.2025 07:30:15,000	5,37	-6,29	-2,3	6,9	80,8	0	7,0
797	17.09.2025 07:30:16,000	5,37	-6,29	-1,1	0,3	88,6	0	0,3
798	17.09.2025 07:30:17,000	5,33	-6,29	0,8	-7,4	81,9	0	-7,4
799	17.09.2025 07:30:18,000	5,33	-6,29	-5,7	-1,3	83,0	0	-1,3
800	17.09.2025 07:30:19,000	5,33	-6,29	-0,1	4,5	85,3	0	4,5
801	17.09.2025 07:30:20,000	5,30	-6,29	-1,7	6,2	82,1	0	6,3
802	17.09.2025 07:30:21,000	5,30	-6,29	2,0	4,5	83,5	0	4,5
803	17.09.2025 07:30:22,000	5,26	-6,29	0,1	5,8	84,1	0	5,8
804	17.09.2025 07:30:23,000	5,26	-6,29	-1,3	4,3	84,4	0	4,4
805	17.09.2025 07:30:24,000	5,26	-6,29	-0,6	4,8	84,6	0	4,8
806	17.09.2025 07:30:25,000	5,23	-6,29	-1,1	4,1	84,8	0	4,1
807	17.09.2025 07:30:26,000	5,23	-6,29	1,8	5,9	82,3	0	6,0
808	17.09.2025 07:30:27,000	5,23	-6,29	2,7	4,6	82,7	0	4,7
809	17.09.2025 07:30:28,000	5,19	-6,29	-5,5	2,6	81,8	0	2,7
810	17.09.2025 07:30:29,000	5,19	-6,29	-4,0	-3,0	83,0	0	-3,1
811	17.09.2025 07:30:30,000	5,19	-6,29	-0,9	7,1	81,9	1	7,2
812	17.09.2025 07:30:31,000	5,15	-6,29	0,7	2,1	87,2	0	2,1
813	17.09.2025 07:30:32,000	5,15	-6,29	-2,9	5,5	81,6	0	5,6
814	17.09.2025 07:30:33,000	5,15	-6,29	-1,8	0,8	87,3	0	0,8
815	17.09.2025 07:30:34,000	5,15	-6,29	2,0	4,6	83,4	0	4,7
816	17.09.2025 07:30:35,000	5,12	-6,29	1,6	5,5	82,9	0	5,6
817	17.09.2025 07:30:36,000	5,12	-6,29	5,0	4,2	80,8	0	4,4
818	17.09.2025 07:30:37,000	5,12	-6,29	-2,3	4,5	83,2	0	4,6
819	17.09.2025 07:30:38,000	5,12	-6,29	-8,0	-1,6	80,5	0	-1,6
820	17.09.2025 07:30:39,000	5,12	-6,29	-2,3	1,8	85,9	0	1,8
821	17.09.2025 07:30:40,000	5,12	-6,29	-0,2	7,6	82,3	0	7,6
822	17.09.2025 07:30:41,000	5,08	-6,29	1,5	-0,6	87,9	0	-0,6
823	17.09.2025 07:30:42,000	5,08	-6,29	-0,4	-1,3	88,3	0	-1,4
824	17.09.2025 07:30:43,000	5,08	-6,29	-1,1	2,3	86,7	0	2,3
825	17.09.2025 07:30:44,000	5,04	-6,29	-0,8	6,1	83,1	0	6,2
826	17.09.2025 07:30:45,000	5,04	-6,29	0,8	4,3	84,9	0	4,3
827	17.09.2025 07:30:46,000	5,04	-6,29	-2,8	10,9	76,4	0	11,2
828	17.09.2025 07:30:47,000	5,04	-6,29	0,5	-1,7	87,7	0	-1,7
829	17.09.2025 07:30:48,000	5,01	-6,29	2,9	2,0	85,1	0	2,0
830	17.09.2025 07:30:49,000	5,01	-6,29	4,2	-0,2	85,6	0	-0,2
831	17.09.2025 07:30:50,000	5,01	-6,29	-2,0	1,4	86,6	0	1,4
832	17.09.2025 07:30:51,000	5,01	-6,29	-4,2	0,4	85,3	0	0,4
833	17.09.2025 07:30:52,000	4,97	-6,29	1,3	4,3	84,4	0	4,4
834	17.09.2025 07:30:53,000	4,97	-6,29	-0,2	-2,8	87,0	0	-2,8
835	17.09.2025 07:30:54,000	4,97	-6,29	-1,3	4,0	84,7	0	4,1
836	17.09.2025 07:30:55,000	4,97	-6,29	1,0	3,4	85,6	0	3,4
837	17.09.2025 07:30:56,000	4,97	-6,29	-0,5	1,4	88,1	0	1,4
838	17.09.2025 07:30:57,000	4,94	-6,29	-1,1	3,1	85,9	0	3,1
839	17.09.2025 07:30:58,000	4,94	-6,29	3,4	4,5	82,1	0	4,7
840	17.09.2025 07:30:59,000	4,94	-6,29	2,0	3,5	84,5	0	3,6
841	17.09.2025 07:31:00,000	4,94	-6,29	2,8	0,1	87,2	0	0,1
842	17.09.2025 07:31:01,000	4,94	-6,29	-1,8	3,1	85,1	0	3,2
843	17.09.2025 07:31:02,000	4,94	-6,29	0,2	6,3	83,4	0	6,3
844	17.09.2025 07:31:03,000	4,90	-6,29	-3,3	3,1	83,7	0	3,1
845	17.09.2025 07:31:04,000	4,90	-6,29	0,6	1,0	88,3	0	1,0
846	17.09.2025 07:31:05,000	4,90	-6,29	0,6	-0,4	89,1	0	-0,4
847	17.09.2025 07:31:06,000	4,90	-6,29	-0,6	0,6	88,8	0	0,6
848	17.09.2025 07:31:07,000	4,90	-6,29	1,8	-1,1	87,1	0	-1,1
849	17.09.2025 07:31:08,000	4,90	-6,29	0,5	-3,5	86,0	0	-3,5
850	17.09.2025 07:31:09,000	4,86	-6,29	1,4	-1,4	87,2	0	-1,4
851	17.09.2025 07:31:10,000	4,86	-6,29	3,4	5,1	81,5	0	5,3
852	17.09.2025 07:31:11,000	4,86	-6,29	-1,4	0,7	87,8	0	0,7
853	17.09.2025 07:31:12,000	4,83	-6,29	-0,4	1,4	88,2	0	1,4
854	17.09.2025 07:31:13,000	4,83	-6,29	3,1	-3,3	83,7	0	-3,4
855	17.09.2025 07:31:14,000	4,83	-6,29	-3,1	2,0	84,9	0	2,0
856	17.09.2025 07:31:15,000	4,83	-6,29	0,7	0,6	88,8	0	0,6
857	17.09.2025 07:31:16,000	4,83	-6,29	1,0	3,6	85,4	0	3,6
858	17.09.2025 07:31:17,000	4,83	-6,29	-1,6	4,3	84,1	0	4,4
859	17.09.2025 07:31:18,000	4,83	-6,29	0,4	1,8	87,8	0	1,8
860	17.09.2025 07:31:19,000	4,83	-6,29	2,1	3,2	84,8	0	3,2
861	17.09.2025 07:31:20,000	4,79	-6,29	-0,8	-0,4	88,8	0	-0,4
862	17.09.2025 07:31:21,000	4,79	-6,29	-0,4	2,0	87,6	0	2,0
863	17.09.2025 07:31:22,000	4,79	-6,29	1,3	0,8	87,9	0	0,9
864	17.09.2025 07:31:23,000	4,79	-6,29	2,0	1,0	86,9	0	1,0
865	17.09.2025 07:31:24,000	4,79	-6,29	2,1	3,7	84,2	0	3,8
866	17.09.2025 07:31:25,000	4,79	-6,29	2,5	3,0	84,5	0	3,1
867	17.09.2025 07:31:26,000	4,79	-6,29	-0,6	3,1	86,3	0	3,1
868	17.09.2025 07:31:27,000	4,79	-6,29	2,0	-1,6	86,4	0	-1,6
869	17.09.2025 07:31:28,000	4,79	-6,29	3,8	-3,9	82,3	0	-4,0
870	17.09.2025 07:31:29,000	4,79	-6,29	-1,0	-0,8	88,2	0	-0,8
871	17.09.2025 07:31:30,000	4,75	-6,29	2,3	2,7	85,0	0	2,8
872	17.09.2025 07:31:31,000	4,75	-6,29	-0,6	1,1	88,3	0	1,1
873	17.09.2025 07:31:32,000	4,75	-6,29	1,7	0,4	87,9	0	0,4
874	17.09.2025 07:31:33,000	4,75	-6,29	10,1	3,1	76,8	0	3,2
875	17.09.2025 07:31:34,000	4,75	-6,29	-0,6	-0,4	89,0	0	-0,4
876	17.09.2025 07:31:35,000	4,75	-6,29	-3,8	5,1	81,2	0	5,2
877	17.09.2025 07:31:36,000	4,75	-6,29	-1,4	9,2	79,4	0	9,4
878	17.09.2025 07:31:37,000	4,75	-6,29	-7,1	4,2	78,8	0	4,3
879	17.09.2025 07:31:38,000	4,75	-6,29	2,5	0,7	86,8	0	0,7
880	17.09.2025 07:31:39,000	4,75	-6,29	-0,1	3,6	86,2	0	3,6
881	17.09.2025 07:31:40,000	4,72	-6,29	1,1	2,7	86,2	0	2,7
882	17.09.2025 07:31:41,000	4,72	-6,29	5,0	-2,1	82,9	0	-2,2
883	17.09.2025 07:31:42,000	4,72	-6,29	-2,0	0,4	87,6	0	0,4
884	17.09.2025 07:31:43,000	4,72	-6,29	0,6	6,8	82,6	0	6,8
885	17.09.2025 07:31:44,000	4,72	-6,29	2,2	1,1	86,6	0	1,2
886	17.09.2025 07:31:45,000	4,72	-6,29	0,8	-2,1	87,1	0	-2,1
887	17.09.2025 07:31:46,000	4,72	-6,29	-3,0	1,6	85,3	0	1,7
888	17.09.2025 07:31:47,000	4,72	-6,29	3,2	2,3	84,5	0	2,3
889	17.09.2025 07:31:48,000	4,72	-6,29	0,7	5,2	84,1	0	5,3
890	17.09.2025 07:31:49,000	4,72	-6,29	-1,6	7,3	81,0	0	7,4
891	17.09.2025 07:31:50,000	4,72	-6,29	-5,9	-1,1	83,0	0	-1,2
892	17.09.2025 07:31:51,000	4,68	-6,29	-1,9	3,0	85,0	0	3,1
893	17.09.2025 07:31:52,000	4,68	-6,29	-1,5	3,2	85,4	0	3,2
894	17.09.2025 07:31:53,000	4,68	-6,29	-1,5	4,6	84,0	0	4,6
895	17.09.2025 07:31:54,000	4,68	-6,29	-2,7	-1,1	86,2	0	-1,1
896	17.09.2025 07:31:55,000	4,68	-6,29	1,7	0,8	87,5	0	0,8
897	17.09.2025 07:31:56,000	4,68	-6,29	-0,9	6,2	82,9	0	6,2
898	17.09.2025 07:31:57,000	4,68	-6,29	-1,9	6,8	81,3	0	7,0
899	17.09.2025 07:31:58,000	4,68	-6,29	2,3	0,3	87,4	0	0,3
900	17.09.2025 07:31:59,000	4,68	-6,29	0,0	2,4	87,6	0	2,4
901	17.09.2025 07:32:00,000	4,68	-6,29	1,5	5,4	83,1	0	5,5
902	17.09.2025 07:32:01,000	4,68	-6,29	-4,0	0,5	85,5	0	0,5
903	17.09.2025 07:32:02,000	4,68	-6,29	3,1	8,3	78,6	0	8,5
904	17.09.2025 07:32:03,000	4,68	-6,29	-0,8	0,4	88,8	0	0,4
905	17.09.2025 07:32:04,000	4,68	-6,29	-1,9	2,3	85,8	0	2,4
906	17.09.2025 07:32:05,000	4,68	-6,29	1,4	-2,3	86,4	0	-2,3
907	17.09.2025 07:32:06,000	4,68	-6,29	0,9	3,6	85,5	0	3,6
908	17.09.2025 07:32:07,000	4,68	-6,29	-2,1	3,9	84,0	0	3,9
909	17.09.2025 07:32:08,000	4,68	-6,29	6,8	4,9	78,2	0	5,2
910	17.09.2025 07:32:09,000	4,68	-6,29	2,7	4,5	82,7	0	4,6
911	17.09.2025 07:32:10,000	4,68	-6,29	-2,5	-0,3	87,2	0	-0,3
912	17.09.2025 07:32:11,000	4,64	-6,29	0,7	2,8	86,5	0	2,8
913	17.09.2025 07:32:12,000	4,64	-6,29	0,2	-1,3	88,6	0	-1,3
914	17.09.2025 07:32:13,000	4,64	-6,29	2,7	-2,7	84,6	0	-2,7
915	17.09.2025 07:32:14,000	4,64	-6,29	4,6	0,3	85,1	0	0,3
916	17.09.2025 07:32:15,000	4,64	-6,29	-3,1	-0,4	86,5	0	-0,4
917	17.09.2025 07:32:16,000	4,64	-6,29	0,6	0,6	88,7	0	0,6
918	17.09.2025 07:32:17,000	4,64	-6,29	6,0	0,4	83,6	0	0,4
919	17.09.2025 07:32:18,000	4,64	-6,29	1,9	-1,2	87,0	0	-1,2
920	17.09.2025 07:32:19,000	4,64	-6,29	3,2	-2,7	84,1	0	-2,7
921	17.09.2025 07:32:20,000	4,64	-6,29	0,3	-0,5	89,1	0	-0,5
922	17.09.2025 07:32:21,000	4,64	-6,29	0,1	3,3	86,7	0	3,3
923	17.09.2025 07:32:22,000	4,64	-6,29	-0,4	-5,5	84,1	0	-5,5
924	17.09.2025 07:32:23,000	4,64	-6,29	-4,3	-1,5	84,2	0	-1,5
925	17.09.2025 07:32:24,000	4,64	-6,29	0,0	0,7	89,3	0	0,7
926	17.09.2025 07:32:25,000	4,61	-6,29	0,7	2,6	86,7	0	2,6
927	17.09.2025 07:32:26,000	4,61	-6,29	0,7	0,6	88,7	0	0,6
928	17.09.2025 07:32:27,000	4,61	-6,29	0,9	0,2	88,9	0	0,2
929	17.09.2025 07:32:28,000	4,61	-6,29	0,3	4,3	85,5	0	4,3
930	17.09.2025 07:32:29,000	4,61	-6,29	2,0	3,5	84,5	0	3,6
931	17.09.2025 07:32:30,000	4,61	-6,29	1,1	2,8	86,0	0	2,9
932	17.09.2025 07:32:31,000	4,61	-6,29	-4,4	-2,3	83,3	0	-2,3
933	17.09.2025 07:32:32,000	4,61	-6,29	-1,2	3,3	85,4	0	3,4
934	17.09.2025 07:32:33,000	4,61	-6,29	3,3	1,1	85,6	0	1,1
935	17.09.2025 07:32:34,000	4,61	-6,29	1,8	-8,5	79,7	0	-8,7
936	17.09.2025 07:32:35,000	4,61	-6,29	6,6	5,6	77,8	0	5,9
937	17.09.2025 07:32:36,000	4,61	-6,29	-2,9	6,6	80,5	0	6,8
938	17.09.2025 07:32:37,000	4,61	-6,29	-8,6	4,0	77,4	0	4,2
939	17.09.2025 07:32:38,000	4,61	-6,29	-3,4	-5,6	80,9	0	-5,8
940	17.09.2025 07:32:39,000	4,57	-6,29	4,2	1,6	84,3	0	1,6
941	17.09.2025 07:32:40,000	4,57	-6,29	3,4	-1,7	84,9	0	-1,7
942	17.09.2025 07:32:41,000	4,57	-6,29	-1,3	-2,4	86,3	0	-2,4
943	17.09.2025 07:32:42,000	4,57	-6,29	-4,1	3,0	82,9	0	3,0
944	17.09.2025 07:32:43,000	4,57	-6,29	3,9	-1,1	85,0	0	-1,1
945	17.09.2025 07:32:44,000	4,57	-6,29	-2,5	2,6	84,8	0	2,7
946	17.09.2025 07:32:45,000	4,57	-6,29	0,4	0,9	88,7	0	0,9
947	17.09.2025 07:32:46,000	4,57	-6,29	3,4	-4,8	81,8	0	-5,0
948	17.09.2025 07:32:47,000	4,57	-6,29	-1,4	-2,1	86,5	0	-2,1
949	17.09.2025 07:32:48,000	4,53	-6,29	1,3	2,4	86,4	0	2,4
950	17.09.2025 07:32:49,000	4,53	-6,29	2,1	3,1	84,8	0	3,2
951	17.09.2025 07:32:50,000	4,53	-6,29	-2,5	-4,2	83,3	0	-4,3
952	17.09.2025 07:32:51,000	4,53	-6,29	-0,5	0,2	89,3	0	0,2
953	17.09.2025 07:32:52,000	4,53	-6,29	1,6	-0,5	87,8	0	-0,5
954	17.09.2025 07:32:53,000	4,53	-6,29	0,6	0,4	89,0	0	0,4
955	17.09.2025 07:32:54,000	4,53	-6,29	0,1	0,1	89,9	0	0,1
956	17.09.2025 07:32:55,000	4,53	-6,29	-2,5	-2,7	84,7	0	-2,8
957	17.09.2025 07:32:56,000	4,53	-6,29	1,3	-3,8	84,9	0	-3,8
958	17.09.2025 07:32:57,000	4,50	-6,29	-2,8	-1,0	86,2	0	-1,1
959	17.09.2025 07:32:58,000	4,50	-6,29	2,6	1,2	86,1	0	1,3
960	17.09.2025 07:32:59,000	4,50	-6,29	-0,5	-4,3	85,2	0	-4,3
961	17.09.2025 07:33:00,000	4,50	-6,29	-4,3	-1,4	84,4	0	-1,4
962	17.09.2025 07:33:01,000	4,50	-6,29	0,2	1,5	88,2	0	1,5
963	17.09.2025 07:33:02,000	4,50	-6,29	3,0	-4,0	83,0	0	-4,1
964	17.09.2025 07:33:03,000	4,50	-6,29	-1,2	-1,6	87,2	0	-1,6
965	17.09.2025 07:33:04,000	4,46	-6,29	-2,0	-1,5	86,4	0	-1,5
966	17.09.2025 07:33:05,000	4,46	-6,29	-1,8	0,9	87,3	0	0,9
967	17.09.2025 07:33:06,000	4,46	-6,29	-1,1	1,7	87,2	0	1,8
968	17.09.2025 07:33:07,000	4,46	-6,29	1,0	-0,6	88,3	0	-0,6
969	17.09.2025 07:33:08,000	4,46	-6,29	-1,0	-2,4	86,6	0	-2,4
970	17.09.2025 07:33:09,000	4,46	-6,29	3,0	-0,5	86,6	0	-0,5
971	17.09.2025 07:33:10,000	4,46	-6,29	0,5	-0,3	89,2	0	-0,3
972	17.09.2025 07:33:11,000	4,46	-6,29	2,1	1,2	86,7	0	1,2
973	17.09.2025 07:33:12,000	4,42	-6,29	2,3	-5,1	82,7	0	-5,2
974	17.09.2025 07:33:13,000	4,42	-6,29	-0,7	2,4	86,9	0	2,5
975	17.09.2025 07:33:14,000	4,42	-6,29	0,3	-2,2	87,4	0	-2,2
976	17.09.2025 07:33:15,000	4,42	-6,29	0,3	3,6	86,2	0	3,6
977	17.09.2025 07:33:16,000	4,42	-6,29	-0,7	-5,7	83,6	0	-5,8
978	17.09.2025 07:33:17,000	4,42	-6,29	2,1	-1,7	86,2	0	-1,8
979	17.09.2025 07:33:18,000	4,42	-6,29	0,3	0,4	89,3	0	0,4
980	17.09.2025 07:33:19,000	4,42	-6,29	0,7	-2,2	87,1	0	-2,2
981	17.09.2025 07:33:20,000	4,39	-6,29	-2,0	1,7	86,3	0	1,7
982	17.09.2025 07:33:21,000	4,39	-6,29	5,1	-1,3	83,7	0	-1,3
983	17.09.2025 07:33:22,000	4,39	-6,29	2,1	1,5	86,3	0	1,6
984	17.09.2025 07:33:23,000	4,39	-6,29	0,7	-0,5	88,8	0	-0,5
985	17.09.2025 07:33:24,000	4,39	-6,29	1,4	-0,8	87,8	0	-0,8
986	17.09.2025 07:33:25,000	4,39	-6,29	-1,1	2,1	86,8	0	2,1
987	17.09.2025 07:33:26,000	4,39	-6,29	2,0	-1,1	86,9	0	-1,1
988	17.09.2025 07:33:27,000	4,39	-6,29	-1,0	-3,6	85,4	0	-3,6
989	17.09.2025 07:33:28,000	4,39	-6,29	0,7	-2,9	86,4	0	-2,9
990	17.09.2025 07:33:29,000	4,35	-6,29	-1,3	0,8	87,9	0	0,8
991	17.09.2025 07:33:30,000	4,35	-6,29	-1,0	0,9	88,2	0	0,9
992	17.09.2025 07:33:31,000	4,35	-6,29	0,3	0,0	89,7	0	0,0
993	17.09.2025 07:33:32,000	4,35	-6,29	-6,3	1,0	82,7	0	1,0
994	17.09.2025 07:33:33,000	4,35	-6,29	2,5	0,1	87,4	0	0,1
995	17.09.2025 07:33:34,000	4,35	-6,29	-2,3	3,2	84,5	0	3,3
996	17.09.2025 07:33:35,000	4,35	-6,29	0,6	-0,2	89,2	0	-0,2
997	17.09.2025 07:33:36,000	4,31	-6,29	-0,1	0,7	89,2	0	0,7
998	17.09.2025 07:33:37,000	4,31	-6,29	3,5	3,9	82,6	0	4,0
999	17.09.2025 07:33:38,000	4,31	-6,29	1,5	0,8	87,7	0	0,8
1000	17.09.2025 07:33:39,000	4,31	-6,29	-0,9	1,1	88,0	0	1,1
1001	17.09.2025 07:33:40,000	4,31	-6,29	2,7	1,6	85,7	0	1,6
1002	17.09.2025 07:33:41,000	4,31	-6,29	1,9	0,9	87,2	0	0,9
1003	17.09.2025 07:33:42,000	4,31	-6,29	2,3	0,5	87,2	0	0,5
1004	17.09.2025 07:33:43,000	4,31	-6,29	-2,4	-2,0	85,6	0	-2,0
1005	17.09.2025 07:33:44,000	4,31	-6,29	4,4	-0,5	85,1	0	-0,5
1006	17.09.2025 07:33:45,000	4,28	-6,29	2,7	0,7	86,6	0	0,7
1007	17.09.2025 07:33:46,000	4,28	-6,29	-3,1	0,3	86,6	0	0,3
1008	17.09.2025 07:33:47,000	4,28	-6,29	-3,2	1,3	85,5	0	1,3
1009	17.09.2025 07:33:48,000	4,28	-6,29	4,1	4,7	81,2	0	4,8
1010	17.09.2025 07:33:49,000	4,28	-6,29	1,4	0,3	88,3	0	0,3
1011	17.09.2025 07:33:50,000	4,28	-6,29	2,7	1,1	86,2	0	1,1
1012	17.09.2025 07:33:51,000	4,28	-6,29	1,1	-0,8	88,1	0	-0,8
1013	17.09.2025 07:33:52,000	4,28	-6,29	5,7	3,5	80,8	0	3,6
1014	17.09.2025 07:33:53,000	4,24	-6,29	-4,7	3,2	82,1	0	3,3
1015	17.09.2025 07:33:54,000	4,24	-6,29	-5,2	2,8	82,0	0	2,9
1016	17.09.2025 07:33:55,000	4,24	-6,29	4,9	2,6	82,5	0	2,7
1017	17.09.2025 07:33:56,000	4,24	-6,29	3,1	2,1	84,9	0	2,1
1018	17.09.2025 07:33:57,000	4,24	-6,29	-0,7	-2,0	87,3	0	-2,0
1019	17.09.2025 07:33:58,000	4,24	-6,29	-4,4	4,7	81,0	0	4,8
1020	17.09.2025 07:33:59,000	4,24	-6,29	1,0	3,4	85,5	0	3,5
1021	17.09.2025 07:34:00,000	4,24	-6,29	-3,9	4,8	81,4	0	4,9
1022	17.09.2025 07:34:01,000	4,24	-6,29	0,5	3,7	85,8	0	3,8
1023	17.09.2025 07:34:02,000	4,20	-6,29	6,8	6,0	77,2	0	6,3
1024	17.09.2025 07:34:03,000	4,20	-6,29	-1,7	12,5	75,8	0	12,7
1025	17.09.2025 07:34:04,000	4,20	-6,29	-0,7	4,0	85,2	0	4,1
1026	17.09.2025 07:34:05,000	4,20	-6,29	-2,4	0,9	86,7	0	0,9
1027	17.09.2025 07:34:06,000	4,20	-6,29	-3,9	3,1	83,1	0	3,1
1028	17.09.2025 07:34:07,000	4,20	-6,29	4,1	-3,5	82,4	0	-3,6
1029	17.09.2025 07:34:08,000	4,20	-6,29	0,2	-1,3	88,5	0	-1,3
1030	17.09.2025 07:34:09,000	4,20	-6,29	-0,9	-0,3	88,8	0	-0,3
1031	17.09.2025 07:34:10,000	4,20	-6,29	-1,6	-0,7	87,8	0	-0,7
1032	17.09.2025 07:34:11,000	4,17	-6,29	3,8	-2,8	83,3	1	-2,9
1033	17.09.2025 07:34:12,000	4,17	-6,29	3,3	-1,1	85,6	0	-1,1
1034	17.09.2025 07:34:13,000	4,17	-6,29	1,4	-2,4	86,3	0	-2,4
1035	17.09.2025 07:34:14,000	4,17	-6,29	-2,2	1,9	85,9	0	2,0
1036	17.09.2025 07:34:15,000	4,17	-6,29	2,5	-3,5	83,9	0	-3,6
1037	17.09.2025 07:34:16,000	4,17	-6,29	0,4	-3,5	86,0	0	-3,5
1038	17.09.2025 07:34:17,000	4,17	-6,29	-2,9	-1,0	86,1	0	-1,0
1039	17.09.2025 07:34:18,000	4,17	-6,29	2,7	2,5	84,8	0	2,5
1040	17.09.2025 07:34:19,000	4,17	-6,29	7,9	-2,2	79,8	0	-2,3
1041	17.09.2025 07:34:20,000	4,17	-6,29	-4,8	-0,5	84,7	0	-0,5
1042	17.09.2025 07:34:21,000	4,17	-6,29	0,5	0,5	89,0	0	0,5
1043	17.09.2025 07:34:22,000	4,17	-6,29	-10,2	10,6	69,2	0	11,6
1044	17.09.2025 07:34:23,000	4,13	-6,29	-4,2	-0,9	84,9	0	-0,9
1045	17.09.2025 07:34:24,000	4,13	-6,29	3,5	-5,1	81,3	0	-5,3
1046	17.09.2025 07:34:25,000	4,13	-6,29	2,4	0,0	87,6	0	0,0
1047	17.09.2025 07:34:26,000	4,13	-6,29	1,8	-0,5	87,8	0	-0,5
1048	17.09.2025 07:34:27,000	4,13	-6,29	-1,2	-13,9	74,9	0	-14,0
1049	17.09.2025 07:34:28,000	4,13	-6,29	9,6	0,8	79,6	0	0,9
1050	17.09.2025 07:34:29,000	4,13	-6,29	11,1	10,7	68,3	0	11,7
1051	17.09.2025 07:34:30,000	4,09	-6,29	10,1	15,2	64,8	0	16,7
1052	17.09.2025 07:34:31,000	4,09	-6,29	11,3	18,8	60,0	1	21,1
1053	17.09.2025 07:34:32,000	4,09	-6,29	25,2	6,6	58,2	0	7,9
1054	17.09.2025 07:34:33,000	4,09	-6,29	28,7	4,7	56,5	0	5,8
1055	17.09.2025 07:34:34,000	4,09	-6,29	29,3	7,2	53,5	0	9,0
1056	17.09.2025 07:34:35,000	4,09	-6,29	28,1	8,0	53,9	0	10,1
1057	17.09.2025 07:34:36,000	4,09	-6,29	28,6	7,4	53,9	0	9,3
1058	17.09.2025 07:34:37,000	4,09	-6,29	27,5	7,6	54,9	0	9,4
1059	17.09.2025 07:34:38,000	4,05	-6,29	27,7	10,0	52,3	0	12,8
1060	17.09.2025 07:34:39,000	4,05	-6,29	29,1	10,0	50,8	0	13,0
1061	17.09.2025 07:34:40,000	4,05	-6,29	29,8	10,0	50,2	0	13,0
1062	17.09.2025 07:34:41,000	4,05	-6,29	31,4	8,7	49,9	0	11,5
1063	17.09.2025 07:34:42,000	4,05	-6,29	29,5	10,9	49,6	0	14,3
1064	17.09.2025 07:34:43,000	4,05	-6,29	29,3	10,6	50,1	0	13,8
1065	17.09.2025 07:34:44,000	4,02	-6,29	32,2	10,2	47,6	0	13,9
1066	17.09.2025 07:34:45,000	4,02	-6,29	30,9	12,9	46,2	0	17,6
1067	17.09.2025 07:34:46,000	4,02	-6,29	29,1	13,4	47,5	0	17,9
1068	17.09.2025 07:34:47,000	4,02	-6,29	28,4	12,3	49,3	0	16,2
1069	17.09.2025 07:34:48,000	4,02	-6,29	28,1	13,7	48,2	0	18,1
1070	17.09.2025 07:34:49,000	4,02	-6,29	29,9	12,8	47,2	0	17,3
1071	17.09.2025 07:34:50,000	4,02	-6,29	28,3	12,5	49,2	0	16,4
1072	17.09.2025 07:34:51,000	3,98	-6,29	32,3	11,5	46,1	0	15,9
1073	17.09.2025 07:34:52,000	3,98	-6,29	30,4	16,2	43,5	0	22,5
1074	17.09.2025 07:34:53,000	3,98	-6,29	32,5	14,4	43,1	0	20,5
1075	17.09.2025 07:34:54,000	3,98	-6,29	30,9	15,6	43,4	0	21,9
1076	17.09.2025 07:34:55,000	3,98	-6,29	31,6	15,5	43,0	0	21,9
1077	17.09.2025 07:34:56,000	3,98	-6,29	34,7	12,3	43,0	0	17,8
1078	17.09.2025 07:34:57,000	3,98	-6,29	32,6	14,5	42,9	0	20,6
1079	17.09.2025 07:34:58,000	3,94	-6,29	31,2	17,2	41,6	0	24,5
1080	17.09.2025 07:34:59,000	3,94	-6,29	34,2	14,2	41,7	0	20,6
1081	17.09.2025 07:35:00,000	3,94	-6,29	36,1	12,6	41,4	0	18,6
1082	17.09.2025 07:35:01,000	3,94	-6,29	32,8	16,0	41,2	0	23,2
1083	17.09.2025 07:35:02,000	3,94	-6,29	32,5	15,5	42,0	0	22,2
1084	17.09.2025 07:35:03,000	3,94	-6,29	35,9	12,5	41,5	0	18,5
1085	17.09.2025 07:35:04,000	3,94	-6,29	31,8	17,0	41,2	0	24,4
1086	17.09.2025 07:35:05,000	3,94	-6,29	34,7	14,9	40,4	0	22,1
1087	17.09.2025 07:35:06,000	3,91	-6,29	28,0	19,3	42,7	0	26,5
1088	17.09.2025 07:35:07,000	3,91	-6,29	36,3	13,0	40,8	0	19,3
1089	17.09.2025 07:35:08,000	3,91	-6,29	32,2	16,5	41,3	0	23,7
1090	17.09.2025 07:35:09,000	3,91	-6,29	31,6	17,1	41,3	0	24,5
1091	17.09.2025 07:35:10,000	3,91	-6,29	30,9	16,9	42,2	0	23,9
1092	17.09.2025 07:35:11,000	3,91	-6,29	31,1	16,9	42,0	0	24,0
1093	17.09.2025 07:35:12,000	3,87	-6,29	32,9	15,4	41,7	0	22,2
1094	17.09.2025 07:35:13,000	3,87	-6,29	31,0	17,1	41,9	0	24,3
1095	17.09.2025 07:35:14,000	3,87	-6,29	33,4	15,4	41,1	0	22,5
1096	17.09.2025 07:35:15,000	3,87	-6,29	34,3	21,2	34,5	0	32,9
1097	17.09.2025 07:35:16,000	3,87	-6,29	35,9	19,0	35,0	0	30,0
1098	17.09.2025 07:35:17,000	3,87	-6,29	40,8	16,8	32,4	0	28,7
1099	17.09.2025 07:35:18,000	3,87	-6,29	41,1	15,3	33,7	0	25,7
1100	17.09.2025 07:35:19,000	3,87	-6,29	38,2	15,6	36,2	0	24,8
1101	17.09.2025 07:35:20,000	3,87	-6,29	35,4	12,9	41,6	0	19,0
1102	17.09.2025 07:35:21,000	3,83	-6,29	40,0	14,3	35,7	0	23,3
1103	17.09.2025 07:35:22,000	3,83	-6,29	41,1	12,6	36,3	0	20,6
1104	17.09.2025 07:35:23,000	3,83	-6,29	36,7	12,8	40,4	0	19,2
1105	17.09.2025 07:35:24,000	3,83	-6,29	36,4	11,6	42,0	0	17,0
1106	17.09.2025 07:35:25,000	3,83	-6,29	39,2	14,4	36,4	0	23,1
1107	17.09.2025 07:35:26,000	3,83	-6,29	41,0	11,5	37,5	0	18,4
1108	17.09.2025 07:35:27,000	3,79	-6,29	37,8	11,2	41,0	0	16,8
1109	17.09.2025 07:35:28,000	3,79	-6,29	36,2	12,4	41,4	0	18,4
1110	17.09.2025 07:35:29,000	3,79	-6,29	37,4	14,8	37,7	0	23,1
1111	17.09.2025 07:35:30,000	3,79	-6,29	39,3	13,1	37,5	0	20,8
1112	17.09.2025 07:35:31,000	3,79	-6,29	38,1	10,5	41,4	0	15,6
1113	17.09.2025 07:35:32,000	3,79	-6,29	39,5	8,6	41,9	0	12,8
1114	17.09.2025 07:35:33,000	3,79	-6,29	35,5	14,2	40,3	0	21,2
1115	17.09.2025 07:35:34,000	3,79	-6,29	36,2	15,9	37,9	0	24,5
1116	17.09.2025 07:35:35,000	3,76	-6,29	37,3	11,4	41,2	0	17,0
1117	17.09.2025 07:35:36,000	3,76	-6,29	37,5	10,7	41,8	0	15,9
1118	17.09.2025 07:35:37,000	3,76	-6,29	33,0	15,5	41,5	0	22,5
1119	17.09.2025 07:35:38,000	3,76	-6,29	35,1	14,3	40,6	0	21,1
1120	17.09.2025 07:35:39,000	3,76	-6,29	40,2	9,6	40,2	0	14,7
1121	17.09.2025 07:35:40,000	3,76	-6,29	32,6	14,4	43,0	0	20,5
1122	17.09.2025 07:35:41,000	3,76	-6,29	35,1	13,7	41,2	0	20,1
1123	17.09.2025 07:35:42,000	3,72	-6,29	35,8	14,4	39,8	0	21,7
1124	17.09.2025 07:35:43,000	3,72	-6,29	28,8	20,7	40,5	0	29,1
1125	17.09.2025 07:35:44,000	3,72	-6,29	37,3	13,0	39,7	0	19,8
1126	17.09.2025 07:35:45,000	3,72	-6,29	32,4	18,0	39,5	0	26,4
1127	17.09.2025 07:35:46,000	3,72	-6,29	31,8	17,4	40,9	0	25,0
1128	17.09.2025 07:35:47,000	3,72	-6,29	36,4	14,2	39,4	0	21,6
1129	17.09.2025 07:35:48,000	3,68	-6,29	34,8	15,6	39,6	0	23,3
1130	17.09.2025 07:35:49,000	3,68	-6,29	31,6	17,5	40,9	0	25,2
1131	17.09.2025 07:35:50,000	3,68	-6,29	35,7	15,0	39,4	0	22,6
1132	17.09.2025 07:35:51,000	3,68	-6,29	32,3	18,0	39,7	0	26,2
1133	17.09.2025 07:35:52,000	3,68	-6,29	35,4	15,8	38,8	0	23,9
1134	17.09.2025 07:35:53,000	3,68	-6,29	33,5	16,9	39,7	0	24,9
1135	17.09.2025 07:35:54,000	3,65	-6,29	36,5	16,0	37,4	0	24,8
1136	17.09.2025 07:35:55,000	3,65	-6,29	35,6	17,1	37,2	0	26,4
1137	17.09.2025 07:35:56,000	3,65	-6,29	34,5	16,6	38,9	0	24,9
1138	17.09.2025 07:35:57,000	3,65	-6,29	38,1	13,2	38,7	0	20,4
1139	17.09.2025 07:35:58,000	3,65	-6,29	34,8	17,2	38,0	0	26,0
1140	17.09.2025 07:35:59,000	3,65	-6,29	37,0	16,7	36,3	0	26,3
1141	17.09.2025 07:36:00,000	3,65	-6,29	26,4	22,7	40,9	1	31,0
1142	17.09.2025 07:36:01,000	3,61	-6,29	34,1	25,7	30,2	0	40,9
1143	17.09.2025 07:36:02,000	3,61	-6,29	33,3	20,1	36,7	0	30,3
1144	17.09.2025 07:36:03,000	3,61	-6,29	41,3	19,7	29,0	0	34,9
1145	17.09.2025 07:36:04,000	3,61	-6,29	45,8	14,3	29,9	0	26,6
1146	17.09.2025 07:36:05,000	3,61	-6,29	40,4	15,4	34,2	0	25,6
1147	17.09.2025 07:36:06,000	3,61	-6,29	37,1	13,0	39,9	0	19,7
1148	17.09.2025 07:36:07,000	3,61	-6,29	40,9	13,1	36,0	0	21,4
1149	17.09.2025 07:36:08,000	3,61	-6,29	41,4	16,1	32,5	0	27,5
1150	17.09.2025 07:36:09,000	3,57	-6,29	40,7	12,8	36,5	0	20,7
1151	17.09.2025 07:36:10,000	3,57	-6,29	40,8	10,9	38,4	0	17,1
1152	17.09.2025 07:36:11,000	3,57	-6,29	40,3	14,7	35,0	0	24,1
1153	17.09.2025 07:36:12,000	3,57	-6,29	42,4	11,9	35,7	0	19,7
1154	17.09.2025 07:36:13,000	3,57	-6,29	40,5	11,8	37,7	0	18,8
1155	17.09.2025 07:36:14,000	3,57	-6,29	36,8	14,6	38,6	0	22,4
1156	17.09.2025 07:36:15,000	3,57	-6,29	40,0	16,2	33,8	0	26,9
1157	17.09.2025 07:36:16,000	3,57	-6,29	40,4	12,7	36,9	0	20,5
1158	17.09.2025 07:36:17,000	3,57	-6,29	39,4	12,3	38,4	0	19,2
1159	17.09.2025 07:36:18,000	3,57	-6,29	37,0	15,8	37,2	0	24,7
1160	17.09.2025 07:36:19,000	3,57	-6,29	37,3	16,3	36,5	0	25,6
1161	17.09.2025 07:36:20,000	3,57	-6,29	40,9	12,0	37,1	0	19,3
1162	17.09.2025 07:36:21,000	3,53	-6,29	37,1	14,9	38,0	0	23,0
1163	17.09.2025 07:36:22,000	3,53	-6,29	33,4	18,8	37,8	0	28,2
1164	17.09.2025 07:36:23,000	3,53	-6,29	41,1	11,9	37,0	0	19,2
1165	17.09.2025 07:36:24,000	3,53	-6,29	36,3	18,3	35,4	0	28,8
1166	17.09.2025 07:36:25,000	3,53	-6,29	35,0	18,0	37,0	0	27,6
1167	17.09.2025 07:36:26,000	3,53	-6,29	39,7	13,4	36,9	0	21,4
1168	17.09.2025 07:36:27,000	3,53	-6,29	32,0	22,6	35,4	0	34,0
1169	17.09.2025 07:36:28,000	3,53	-6,29	39,3	15,8	34,9	0	25,8
1170	17.09.2025 07:36:29,000	3,50	-6,29	37,8	16,1	36,1	0	25,5
1171	17.09.2025 07:36:30,000	3,50	-6,29	33,1	18,9	38,1	0	28,1
1172	17.09.2025 07:36:31,000	3,50	-6,29	39,3	14,2	36,5	0	22,7
1173	17.09.2025 07:36:32,000	3,50	-6,29	35,6	19,0	35,4	0	29,8
1174	17.09.2025 07:36:33,000	3,50	-6,29	37,3	17,1	35,7	0	27,1
1175	17.09.2025 07:36:34,000	3,50	-6,29	34,7	18,2	37,1	0	27,9
1176	17.09.2025 07:36:35,000	3,50	-6,29	37,9	16,5	35,6	0	26,4
1177	17.09.2025 07:36:36,000	3,50	-6,29	34,3	19,8	36,0	0	30,4
1178	17.09.2025 07:36:37,000	3,50	-6,29	38,8	16,2	35,0	0	26,3
1179	17.09.2025 07:36:38,000	3,50	-6,29	36,5	16,8	36,6	0	26,3
1180	17.09.2025 07:36:39,000	3,46	-6,29	37,6	15,9	36,5	0	25,1
1181	17.09.2025 07:36:40,000	3,46	-6,29	39,2	16,3	34,5	0	26,6
1182	17.09.2025 07:36:41,000	3,46	-6,29	36,6	17,4	35,9	0	27,4
1183	17.09.2025 07:36:42,000	3,46	-6,29	40,2	15,3	34,5	0	25,3
1184	17.09.2025 07:36:43,000	3,46	-6,29	35,7	19,3	35,0	0	30,3
1185	17.09.2025 07:36:44,000	3,46	-6,29	37,8	17,6	34,6	0	28,4
1186	17.09.2025 07:36:45,000	3,46	-6,29	37,8	18,1	34,1	0	29,4
1187	17.09.2025 07:36:46,000	3,46	-6,29	38,5	18,8	32,7	0	31,1
1188	17.09.2025 07:36:47,000	3,46	-6,29	39,4	17,4	33,2	0	28,9
1189	17.09.2025 07:36:48,000	3,46	-6,29	37,9	19,6	32,5	0	32,3
1190	17.09.2025 07:36:49,000	3,46	-6,29	39,5	18,8	31,7	0	31,8
1191	17.09.2025 07:36:50,000	3,46	-6,29	36,8	21,6	31,5	0	35,5
1192	17.09.2025 07:36:51,000	3,46	-6,29	38,5	24,6	26,9	0	42,6
1193	17.09.2025 07:36:52,000	3,46	-6,29	37,6	28,5	23,9	0	49,5
1194	17.09.2025 07:36:53,000	3,46	-6,29	51,3	15,7	22,9	0	34,9
1195	17.09.2025 07:36:54,000	3,46	-6,29	53,0	16,4	20,6	0	38,7
1196	17.09.2025 07:36:55,000	3,46	-6,29	53,3	16,4	20,2	0	39,4
1197	17.09.2025 07:36:56,000	3,46	-6,29	55,3	17,3	17,3	0	45,0
1198	17.09.2025 07:36:57,000	3,46	-6,29	55,0	17,2	17,8	0	44,2
1199	17.09.2025 07:36:58,000	3,46	-6,29	53,1	16,0	21,0	0	37,6
1200	17.09.2025 07:36:59,000	3,46	-6,29	52,3	16,7	21,0	0	38,8
1201	17.09.2025 07:37:00,000	3,46	-6,29	53,2	17,2	19,7	0	41,3
1202	17.09.2025 07:37:01,000	3,46	-6,29	54,1	15,7	20,2	0	38,1
1203	17.09.2025 07:37:02,000	3,50	-6,29	51,7	15,8	22,5	0	35,4
1204	17.09.2025 07:37:03,000	3,50	-6,29	50,5	16,7	22,8	0	36,5
1205	17.09.2025 07:37:04,000	3,50	-6,29	50,6	17,6	21,8	0	39,2
1206	17.09.2025 07:37:05,000	3,50	-6,29	49,5	16,5	24,1	0	34,9
1207	17.09.2025 07:37:06,000	3,50	-6,29	48,6	16,7	24,7	0	34,6
1208	17.09.2025 07:37:07,000	3,50	-6,29	51,4	15,2	23,4	0	33,6
1209	17.09.2025 07:37:08,000	3,50	-6,29	49,9	13,6	26,5	0	28,0
1210	17.09.2025 07:37:09,000	3,50	-6,29	47,9	11,8	30,2	0	22,3
1211	17.09.2025 07:37:10,000	3,53	-6,29	47,7	12,2	30,1	0	22,9
1212	17.09.2025 07:37:11,000	3,53	-6,29	49,1	12,4	28,5	0	24,5
1213	17.09.2025 07:37:12,000	3,53	-6,29	49,5	11,3	29,2	0	22,1
1214	17.09.2025 07:37:13,000	3,53	-6,29	47,2	10,6	32,2	0	19,1
1215	17.09.2025 07:37:14,000	3,57	-6,29	46,7	10,6	32,7	0	19,0
1216	17.09.2025 07:37:15,000	3,57	-6,29	48,6	11,0	30,4	0	20,9
1217	17.09.2025 07:37:16,000	3,57	-6,29	48,6	9,8	31,6	0	18,2
1218	17.09.2025 07:37:17,000	3,57	-6,29	48,1	8,9	33,0	0	16,0
1219	17.09.2025 07:37:18,000	3,57	-6,29	48,4	7,3	34,3	0	12,8
1220	17.09.2025 07:37:19,000	3,61	-6,29	47,6	9,6	32,7	0	17,4
1221	17.09.2025 07:37:20,000	3,61	-6,29	49,0	8,5	32,4	0	15,6
1222	17.09.2025 07:37:21,000	3,65	-6,29	47,5	8,7	33,8	0	15,4
1223	17.09.2025 07:37:22,000	3,65	-6,29	46,9	7,6	35,5	0	12,9
1224	17.09.2025 07:37:23,000	3,68	-6,29	45,1	8,8	36,1	0	14,7
1225	17.09.2025 07:37:24,000	3,72	-6,29	47,2	7,8	35,0	0	13,5
1226	17.09.2025 07:37:25,000	3,76	-6,29	48,4	7,1	34,4	0	12,5
1227	17.09.2025 07:37:26,000	3,76	-6,29	45,9	6,5	37,6	0	10,7
1228	17.09.2025 07:37:27,000	3,79	-6,29	43,6	8,7	37,7	0	14,1
1229	17.09.2025 07:37:28,000	3,83	-6,29	52,8	7,6	29,5	0	15,2
1230	17.09.2025 07:37:29,000	3,87	-6,29	51,9	6,4	31,8	0	12,0
1231	17.09.2025 07:37:30,000	3,91	-6,29	49,7	6,0	34,3	0	10,6
1232	17.09.2025 07:37:31,000	3,94	-6,29	52,3	5,8	31,8	0	11,0
1233	17.09.2025 07:37:32,000	3,98	-6,29	50,5	6,1	33,4	0	11,0
1234	17.09.2025 07:37:33,000	4,02	-6,29	46,5	8,5	35,1	0	14,5
1235	17.09.2025 07:37:34,000	4,05	-6,29	44,4	7,9	37,8	0	12,7
1236	17.09.2025 07:37:35,000	4,09	-6,29	44,6	7,3	38,0	0	11,8
1237	17.09.2025 07:37:36,000	4,13	-6,29	45,9	6,9	37,2	0	11,3
1238	17.09.2025 07:37:37,000	4,17	-6,29	45,6	7,0	37,4	0	11,5
1239	17.09.2025 07:37:38,000	4,17	-6,29	43,5	8,5	38,0	0	13,6
1240	17.09.2025 07:37:39,000	4,20	-6,29	39,7	9,0	41,4	0	13,5
1241	17.09.2025 07:37:40,000	4,24	-6,29	42,2	10,2	37,6	0	16,4
1242	17.09.2025 07:37:41,000	4,28	-6,29	41,4	9,6	39,0	0	15,1
1243	17.09.2025 07:37:42,000	4,31	-6,29	36,9	12,9	40,2	0	19,4
1244	17.09.2025 07:37:43,000	4,35	-6,29	37,1	12,9	40,0	0	19,6
1245	17.09.2025 07:37:44,000	4,39	-6,29	38,5	12,2	39,3	0	18,8
1246	17.09.2025 07:37:45,000	4,42	-6,29	40,8	11,9	37,3	0	19,0
1247	17.09.2025 07:37:46,000	4,46	-6,29	40,1	8,4	41,6	0	12,6
1248	17.09.2025 07:37:47,000	4,50	-6,29	37,4	9,8	42,9	0	14,2
1249	17.09.2025 07:37:48,000	4,53	-6,29	34,9	14,1	41,0	0	20,8
1250	17.09.2025 07:37:49,000	4,57	-6,29	39,0	13,1	37,9	0	20,6
1251	17.09.2025 07:37:50,000	4,61	-6,29	38,7	11,3	40,0	0	17,3
1252	17.09.2025 07:37:51,000	4,64	-6,29	38,4	9,0	42,6	0	13,3
1253	17.09.2025 07:37:52,000	4,68	-6,29	40,4	9,7	39,9	0	14,9
1254	17.09.2025 07:37:53,000	4,72	-6,29	43,0	9,3	37,7	0	15,0
1255	17.09.2025 07:37:54,000	4,75	-6,29	41,7	8,9	39,5	0	13,8
1256	17.09.2025 07:37:55,000	4,79	-6,29	40,6	5,9	43,5	0	8,6
1257	17.09.2025 07:37:56,000	4,83	-6,29	39,5	9,1	41,4	0	13,6
1258	17.09.2025 07:37:57,000	4,86	-6,29	40,3	9,0	40,8	0	13,6
1259	17.09.2025 07:37:58,000	4,90	-6,29	34,4	10,7	44,9	0	15,0
1260	17.09.2025 07:37:59,000	4,94	-6,29	29,2	16,5	44,4	0	22,6
1261	17.09.2025 07:38:00,000	5,01	-6,29	26,8	18,2	45,1	0	24,4
1262	17.09.2025 07:38:01,000	5,04	-6,29	26,7	17,3	46,0	0	23,0
1263	17.09.2025 07:38:02,000	5,08	-6,29	30,2	18,2	41,6	0	25,7
1264	17.09.2025 07:38:03,000	5,15	-6,29	32,5	16,5	41,1	0	23,8
1265	17.09.2025 07:38:04,000	5,19	-6,29	30,1	18,2	41,7	0	25,7
1266	17.09.2025 07:38:05,000	5,26	-6,29	27,4	19,1	43,4	0	26,1
1267	17.09.2025 07:38:06,000	5,33	-6,29	33,3	18,4	38,3	0	27,5
1268	17.09.2025 07:38:07,000	5,37	-6,29	30,0	22,8	37,1	0	33,2
1269	17.09.2025 07:38:08,000	5,44	-6,29	32,0	18,4	39,6	0	26,8
1270	17.09.2025 07:38:09,000	5,48	-6,29	35,6	17,4	37,0	0	26,8
1271	17.09.2025 07:38:10,000	5,55	-6,29	38,3	15,6	36,1	0	24,8
1272	17.09.2025 07:38:11,000	5,59	-6,29	36,8	16,8	36,4	0	26,3
1273	17.09.2025 07:38:12,000	5,66	-6,29	31,4	18,2	40,5	0	26,2
1274	17.09.2025 07:38:13,000	5,69	-6,29	37,1	13,2	39,7	0	20,1
1275	17.09.2025 07:38:14,000	5,76	-6,29	33,3	18,3	38,4	0	27,2
1276	17.09.2025 07:38:15,000	5,80	-6,29	32,5	19,9	37,6	0	29,6
1277	17.09.2025 07:38:16,000	5,87	-6,29	29,3	22,4	38,2	0	32,1
1278	17.09.2025 07:38:17,000	5,91	-6,29	37,7	12,0	40,2	0	18,2
1279	17.09.2025 07:38:18,000	5,94	-6,29	35,8	12,9	41,3	0	19,0
1280	17.09.2025 07:38:19,000	6,01	-6,29	36,5	13,2	40,3	1	19,8
1281	17.09.2025 07:38:20,000	6,05	-6,29	32,1	16,1	41,8	0	23,1
1282	17.09.2025 07:38:21,000	6,12	-6,29	34,4	15,2	40,4	0	22,5
1283	17.09.2025 07:38:22,000	6,16	-6,29	34,6	15,1	40,4	0	22,3
1284	17.09.2025 07:38:23,000	6,23	-6,29	34,7	18,8	36,6	0	28,8
1285	17.09.2025 07:38:24,000	6,26	-6,29	28,8	17,0	44,2	0	23,3
1286	17.09.2025 07:38:25,000	6,33	-6,29	33,4	11,5	45,1	0	16,1
1287	17.09.2025 07:38:26,000	6,37	-6,29	32,4	16,8	40,8	0	24,3
1288	17.09.2025 07:38:27,000	6,44	-6,29	27,7	16,5	45,8	0	22,2
1289	17.09.2025 07:38:28,000	6,47	-6,29	33,2	13,1	43,8	0	18,5
1290	17.09.2025 07:38:29,000	6,51	-6,29	34,4	9,5	46,1	0	13,1
1291	17.09.2025 07:38:30,000	6,58	-6,29	31,0	11,1	47,9	0	14,9
1292	17.09.2025 07:38:31,000	6,61	-6,29	37,0	3,7	49,3	0	5,0
1293	17.09.2025 07:38:32,000	6,68	-6,29	29,2	8,1	52,7	1	10,3
1294	17.09.2025 07:38:33,000	6,75	-6,29	26,3	3,9	59,8	1	4,5
1295	17.09.2025 07:38:34,000	6,79	-6,29	28,7	4,3	57,0	0	5,2
1296	17.09.2025 07:38:35,000	6,86	-6,29	28,5	8,9	52,6	0	11,3
1297	17.09.2025 07:38:36,000	6,93	-6,29	25,7	7,2	57,1	0	8,7
1298	17.09.2025 07:38:37,000	7,00	-6,29	21,8	8,1	60,1	0	9,5
1299	17.09.2025 07:38:38,000	7,07	-6,29	22,4	10,7	56,9	0	12,9
1300	17.09.2025 07:38:39,000	7,10	-6,29	21,6	6,2	62,2	1	7,1
1301	17.09.2025 07:38:40,000	7,21	-6,29	21,2	-4,0	64,7	0	-4,5
1302	17.09.2025 07:38:41,000	7,28	-6,29	21,5	-1,1	67,4	0	-1,2
1303	17.09.2025 07:38:42,000	7,34	-6,29	28,9	9,9	51,2	0	12,8
1304	17.09.2025 07:38:43,000	7,41	-6,29	28,1	9,8	52,1	0	12,5
1305	17.09.2025 07:38:44,000	7,48	-6,29	37,1	2,5	50,4	1	3,3
1306	17.09.2025 07:38:45,000	7,55	-6,29	31,5	4,1	54,4	0	5,1
1307	17.09.2025 07:38:46,000	7,62	-6,29	27,3	3,2	59,5	0	3,8
1308	17.09.2025 07:38:47,000	7,65	-6,29	34,7	1,1	54,3	0	1,3
1309	17.09.2025 07:38:48,000	7,72	-6,29	25,4	10,8	53,8	0	13,5
1310	17.09.2025 07:38:49,000	7,79	-6,29	26,4	8,5	55,1	0	10,6
1311	17.09.2025 07:38:50,000	7,83	-6,29	22,2	10,8	57,0	0	13,1
1312	17.09.2025 07:38:51,000	7,89	-6,29	29,4	7,5	53,1	0	9,5
1313	17.09.2025 07:38:52,000	7,96	-6,29	17,4	23,4	49,2	1	28,4
1314	17.09.2025 07:38:53,000	8,03	-6,29	24,9	17,0	48,0	1	22,1
1315	17.09.2025 07:38:54,000	8,10	-6,29	22,2	15,9	51,9	0	19,8
1316	17.09.2025 07:38:55,000	8,13	-6,29	29,7	6,7	53,6	0	8,4
1317	17.09.2025 07:38:56,000	8,20	-6,29	33,9	2,5	53,6	0	3,2
1318	17.09.2025 07:38:57,000	8,27	-6,29	20,6	5,8	63,7	0	6,6
1319	17.09.2025 07:38:58,000	8,30	-6,29	24,5	7,4	58,1	1	8,9
1320	17.09.2025 07:38:59,000	8,37	-6,29	18,8	13,2	58,0	1	15,7
1321	17.09.2025 07:39:00,000	8,44	-6,29	19,9	9,9	60,2	0	11,6
1322	17.09.2025 07:39:01,000	8,51	-6,29	28,4	6,8	54,8	0	8,5
1323	17.09.2025 07:39:02,000	8,54	-6,29	14,1	20,1	55,8	0	23,3
1324	17.09.2025 07:39:03,000	8,61	-6,29	3,3	30,5	56,2	0	31,6
1325	17.09.2025 07:39:04,000	8,68	-6,29	21,9	21,0	47,1	0	26,8
1326	17.09.2025 07:39:05,000	8,74	-6,29	19,7	22,6	47,8	0	28,1
1327	17.09.2025 07:39:06,000	8,81	-6,29	21,2	18,2	50,6	0	22,7
1328	17.09.2025 07:39:07,000	8,88	-6,29	26,5	13,1	50,4	0	16,8
1329	17.09.2025 07:39:08,000	8,94	-6,29	17,0	21,1	51,8	0	25,4
1330	17.09.2025 07:39:09,000	9,01	-6,29	25,8	4,1	60,1	1	4,8
1331	17.09.2025 07:39:10,000	9,04	-6,29	31,7	1,3	57,1	1	1,5
1332	17.09.2025 07:39:11,000	9,11	-6,29	31,8	5,9	52,3	0	7,5
1333	17.09.2025 07:39:12,000	9,18	-6,29	32,2	4,6	53,1	1	5,9
1334	17.09.2025 07:39:13,000	9,21	-6,29	25,5	15,0	49,4	1	19,4
1335	17.09.2025 07:39:14,000	9,25	-6,29	26,4	12,1	51,5	0	15,4
1336	17.09.2025 07:39:15,000	9,31	-6,29	26,6	17,2	46,2	0	22,9
1337	17.09.2025 07:39:16,000	9,38	-6,29	29,3	11,8	49,0	0	15,5
1338	17.09.2025 07:39:17,000	9,44	-6,29	31,4	8,9	49,8	0	11,7
1339	17.09.2025 07:39:18,000	9,48	-6,29	26,6	11,4	52,1	0	14,5
1340	17.09.2025 07:39:19,000	9,54	-6,29	30,8	10,4	48,8	0	13,8
1341	17.09.2025 07:39:20,000	9,61	-6,29	26,9	6,1	57,0	0	7,4
1342	17.09.2025 07:39:21,000	9,64	-6,29	19,8	8,9	61,3	1	10,3
1343	17.09.2025 07:39:22,000	9,71	-6,29	17,9	11,2	60,9	0	13,1
1344	17.09.2025 07:39:23,000	9,74	-6,29	16,5	29,6	43,9	1	35,9
1345	17.09.2025 07:39:24,000	9,81	-6,29	16,0	22,6	51,4	0	26,9
1346	17.09.2025 07:39:25,000	9,84	-6,29	22,5	17,9	49,6	0	22,6
1347	17.09.2025 07:39:26,000	9,91	-6,29	24,0	15,6	50,4	0	19,8
1348	17.09.2025 07:39:27,000	9,97	-6,29	23,0	5,0	62,1	0	5,7
1349	17.09.2025 07:39:28,000	10,01	-6,29	26,9	6,8	56,3	1	8,4
1350	17.09.2025 07:39:29,000	10,07	-6,29	20,2	18,9	50,9	0	23,4
1351	17.09.2025 07:39:30,000	10,14	-6,29	29,4	13,5	47,1	1	18,2
1352	17.09.2025 07:39:31,000	10,17	-6,29	30,1	6,2	53,7	0	7,7
1353	17.09.2025 07:39:32,000	10,24	-6,29	30,0	11,0	49,0	0	14,5
1354	17.09.2025 07:39:33,000	10,27	-6,29	24,5	21,7	43,9	0	28,7
1355	17.09.2025 07:39:34,000	10,30	-6,29	33,3	5,5	51,2	1	7,1
1356	17.09.2025 07:39:35,000	10,37	-6,29	22,1	17,1	50,8	0	21,4
1357	17.09.2025 07:39:36,000	10,43	-6,29	30,5	18,1	41,4	1	25,7
1358	17.09.2025 07:39:37,000	10,47	-6,29	27,2	30,2	32,5	0	43,2
1359	17.09.2025 07:39:38,000	10,53	-6,29	19,4	42,8	27,8	0	55,0
1360	17.09.2025 07:39:39,000	10,56	-6,29	25,0	47,4	17,7	0	66,9
1361	17.09.2025 07:39:40,000	10,63	-6,29	31,0	36,5	22,5	0	56,8
1362	17.09.2025 07:39:41,000	10,66	-6,29	29,8	25,2	35,0	0	36,9
1363	17.09.2025 07:39:42,000	10,73	-6,29	27,2	37,9	25,0	0	55,1
1364	17.09.2025 07:39:43,000	10,76	-6,29	33,6	27,8	28,6	1	44,4
1365	17.09.2025 07:39:44,000	10,82	-6,29	35,7	18,5	35,8	1	28,9
1366	17.09.2025 07:39:45,000	10,86	-6,29	43,1	14,7	32,2	0	25,7
1367	17.09.2025 07:39:46,000	10,89	-6,29	45,3	31,2	13,6	0	65,4
1368	17.09.2025 07:39:47,000	10,95	-6,29	50,1	32,4	7,4	0	76,3
1369	17.09.2025 07:39:48,000	10,99	-6,29	46,6	36,1	7,3	0	77,7
1370	17.09.2025 07:39:49,000	11,05	-6,29	48,1	34,5	7,4	1	77,0
1371	17.09.2025 07:39:50,000	11,08	-6,29	46,6	32,5	10,9	0	70,4
1372	17.09.2025 07:39:51,000	11,08	-6,29	40,6	28,8	20,5	1	53,8
1373	17.09.2025 07:39:52,000	11,08	-6,29	50,1	16,3	23,6	1	35,2
1374	17.09.2025 07:39:53,000	11,08	-6,29	46,2	27,7	16,2	1	58,8
1375	17.09.2025 07:39:54,000	11,08	-6,29	55,6	33,9	0,4	0	89,3
1376	17.09.2025 07:39:55,000	11,08	-6,29	60,0	6,4	23,6	1	15,6
1377	17.09.2025 07:39:56,000	11,08	-6,29	60,6	6,0	23,3	0	14,9
1378	17.09.2025 07:39:57,000	11,08	-6,29	65,2	18,3	-6,6	1	14,9
1379	17.09.2025 07:39:58,000	11,12	-6,29	51,1	28,1	10,8	0	68,1
1380	17.09.2025 07:39:59,000	11,12	-6,29	83,0	2,7	4,3	0	68,1
1381	17.09.2025 07:40:00,000	11,12	-6,29	80,7	-3,4	5,9	0	68,1
1382	17.09.2025 07:40:01,000	11,12	-6,29	79,1	-4,5	6,4	0	68,1
1383	17.09.2025 07:40:02,000	11,12	-6,29	82,7	-0,3	7,0	0	68,1
1384	17.09.2025 07:40:03,000	11,15	-6,29	81,1	-2,7	6,2	0	68,1
1385	17.09.2025 07:40:04,000	11,15	-6,29	46,7	41,0	-2,3	1	93,5
1386	17.09.2025 07:40:05,000	11,15	-6,29	-10,7	2,0	77,2	0	2,1
1387	17.09.2025 07:40:06,000	11,15	-6,29	-1,9	9,4	78,7	0	9,6
1388	17.09.2025 07:40:07,000	11,18	-6,29	-10,8	9,0	70,2	0	9,8
1389	17.09.2025 07:40:08,000	11,18	-6,29	-7,1	12,5	70,3	0	13,4
1390	17.09.2025 07:40:09,000	11,18	-6,29	-2,2	9,7	78,1	0	9,9
1391	17.09.2025 07:40:10,000	11,21	-6,29	-8,9	13,5	67,5	0	14,7
1392	17.09.2025 07:40:11,000	11,21	-6,29	-10,4	12,6	67,0	0	13,8
1393	17.09.2025 07:40:12,000	11,21	-6,29	-10,1	10,0	69,9	0	10,9
1394	17.09.2025 07:40:13,000	11,21	-6,29	-5,5	10,3	74,2	0	10,9
1395	17.09.2025 07:40:14,000	11,24	-6,29	-3,5	9,6	77,0	0	9,9
1396	17.09.2025 07:40:15,000	11,24	-6,29	-0,8	12,7	76,5	0	12,8
1397	17.09.2025 07:40:16,000	11,24	-6,29	1,7	10,1	78,2	0	10,3
1398	17.09.2025 07:40:17,000	11,24	-6,29	2,8	13,0	74,1	0	13,4
1399	17.09.2025 07:40:18,000	11,28	-6,29	3,4	9,7	76,9	0	10,0
1400	17.09.2025 07:40:19,000	11,28	-6,29	-10,0	7,8	72,2	0	8,4
1401	17.09.2025 07:40:20,000	11,28	-6,29	-52,8	-6,4	-30,8	1	-167,6
1402	17.09.2025 07:40:21,000	11,28	-6,29	-0,9	3,9	-85,2	0	176,1
1403	17.09.2025 07:40:22,000	11,31	-6,29	-1,8	3,8	-84,4	0	176,2
1404	17.09.2025 07:40:23,000	11,31	-6,29	-0,4	4,3	-85,3	0	175,6
1405	17.09.2025 07:40:24,000	11,31	-6,29	-0,8	4,1	-85,2	0	175,9
1406	17.09.2025 07:40:25,000	11,31	-6,29	-1,9	3,9	-84,2	0	176,0
1407	17.09.2025 07:40:26,000	11,31	-6,29	-0,7	2,9	-86,3	0	177,0
1408	17.09.2025 07:40:27,000	11,34	-6,29	-1,0	1,0	-88,0	0	178,9
1409	17.09.2025 07:40:28,000	11,34	-6,29	-1,2	2,2	-86,5	0	177,7
1410	17.09.2025 07:40:29,000	11,34	-6,29	-2,7	3,1	-84,2	0	176,8
1411	17.09.2025 07:40:30,000	11,34	-6,29	-1,1	4,2	-84,6	0	175,7
1412	17.09.2025 07:40:31,000	11,34	-6,29	0,6	2,2	-87,2	0	177,8
1413	17.09.2025 07:40:32,000	11,37	-6,29	-6,1	-3,5	-80,4	1	-176,4
1414	17.09.2025 07:40:33,000	11,37	-6,29	-3,7	-3,7	-82,6	0	-176,2
1415	17.09.2025 07:40:34,000	11,37	-6,29	-2,0	-2,5	-85,5	0	-177,5
1416	17.09.2025 07:40:35,000	11,37	-6,29	3,6	-5,4	-81,0	0	-174,4
1417	17.09.2025 07:40:36,000	11,41	-6,29	2,3	-5,5	-82,2	0	-174,4
1418	17.09.2025 07:40:37,000	11,41	-6,29	-3,7	-3,1	-83,2	0	-176,8
1419	17.09.2025 07:40:38,000	11,41	-6,29	-2,7	-5,0	-82,3	0	-174,9
1420	17.09.2025 07:40:39,000	11,41	-6,29	3,2	-4,8	-82,1	0	-175,1
1421	17.09.2025 07:40:40,000	11,44	-6,29	2,5	-4,0	-83,5	0	-175,9
1422	17.09.2025 07:40:41,000	11,44	-6,29	1,3	-4,9	-83,8	0	-175,0
1423	17.09.2025 07:40:42,000	11,44	-6,29	-2,6	-4,1	-83,3	0	-175,8
1424	17.09.2025 07:40:43,000	11,44	-6,29	2,5	-4,4	-83,1	0	-175,5
1425	17.09.2025 07:40:44,000	11,47	-6,29	2,2	-5,3	-82,5	0	-174,6
1426	17.09.2025 07:40:45,000	11,47	-6,29	2,7	-5,0	-82,3	0	-174,9
1427	17.09.2025 07:40:46,000	11,47	-6,29	1,8	-4,3	-83,9	0	-175,7
1428	17.09.2025 07:40:47,000	11,50	-6,29	3,0	-6,0	-81,0	0	-173,9
1429	17.09.2025 07:40:48,000	11,50	-6,29	3,8	-5,2	-80,9	0	-174,6
1430	17.09.2025 07:40:49,000	11,50	-6,29	2,9	-4,3	-82,9	0	-175,6
1431	17.09.2025 07:40:50,000	11,53	-6,29	1,2	-4,7	-84,1	0	-175,2
1432	17.09.2025 07:40:51,000	11,53	-6,29	2,9	-3,7	-83,4	0	-176,2
1433	17.09.2025 07:40:52,000	11,53	-6,29	3,6	-3,4	-83,0	0	-176,5
1434	17.09.2025 07:40:53,000	11,53	-6,29	3,4	-2,8	-83,7	0	-177,1
1435	17.09.2025 07:40:54,000	11,57	-6,29	1,9	-4,2	-84,0	0	-175,8
1436	17.09.2025 07:40:55,000	11,57	-6,29	4,3	-4,6	-81,0	0	-175,2
1437	17.09.2025 07:40:56,000	11,57	-6,29	3,3	-3,7	-83,0	0	-176,3
1438	17.09.2025 07:40:57,000	11,60	-6,29	4,6	-2,5	-82,9	0	-177,4
1439	17.09.2025 07:40:58,000	11,60	-6,29	4,4	-3,9	-81,7	0	-176,0
1440	17.09.2025 07:40:59,000	11,60	-6,29	1,7	-4,9	-83,4	0	-175,0
1441	17.09.2025 07:41:00,000	11,63	-6,29	5,1	-1,1	-83,8	0	-178,9
1442	17.09.2025 07:41:01,000	11,63	-6,29	3,7	-1,1	-85,2	0	-178,9
1443	17.09.2025 07:41:02,000	11,63	-6,29	4,3	-2,5	-83,1	0	-177,4
1444	17.09.2025 07:41:03,000	11,63	-6,29	6,7	-0,1	-83,2	0	-179,9
1445	17.09.2025 07:41:04,000	11,66	-6,29	3,9	1,4	-84,6	0	178,5
1446	17.09.2025 07:41:05,000	11,66	-6,29	6,0	1,6	-82,4	0	178,4
1447	17.09.2025 07:41:06,000	11,66	-6,29	5,7	0,5	-83,8	0	179,5
1448	17.09.2025 07:41:07,000	11,69	-6,29	3,7	0,6	-85,7	0	179,4
1449	17.09.2025 07:41:08,000	11,69	-6,29	6,0	1,3	-82,7	0	178,7
1450	17.09.2025 07:41:09,000	11,69	-6,29	5,1	0,5	-84,4	0	179,5
1451	17.09.2025 07:41:10,000	11,73	-6,29	4,6	-1,4	-84,0	0	-178,6
1452	17.09.2025 07:41:11,000	11,73	-6,29	5,9	-0,4	-83,7	0	-179,6
1453	17.09.2025 07:41:12,000	11,73	-6,29	5,9	-0,4	-83,7	0	-179,6
1454	17.09.2025 07:41:13,000	11,76	-6,29	4,1	-1,5	-84,4	0	-178,5
1455	17.09.2025 07:41:14,000	11,76	-6,29	6,5	-0,5	-82,9	0	-179,5
1456	17.09.2025 07:41:15,000	11,76	-6,29	5,4	0,7	-83,8	0	179,2
1457	17.09.2025 07:41:16,000	11,79	-6,29	4,7	0,5	-84,9	0	179,5
1458	17.09.2025 07:41:17,000	11,79	-6,29	5,1	-1,1	-83,8	0	-178,9
1459	17.09.2025 07:41:18,000	11,79	-6,29	3,4	-3,2	-83,4	0	-176,7
1460	17.09.2025 07:41:19,000	11,82	-6,29	1,8	-5,1	-83,2	0	-174,8
1461	17.09.2025 07:41:20,000	11,82	-6,29	1,6	-7,7	-80,8	0	-172,2
1462	17.09.2025 07:41:21,000	11,82	-6,29	2,1	-8,0	-79,9	0	-171,8
1463	17.09.2025 07:41:22,000	11,82	-6,29	-5,5	-9,2	-75,3	0	-170,4
1464	17.09.2025 07:41:23,000	11,82	-6,29	-2,7	-10,6	-76,7	0	-169,1
1465	17.09.2025 07:41:24,000	11,85	-6,29	-4,3	-10,5	-75,1	0	-169,0
1466	17.09.2025 07:41:25,000	11,85	-6,29	-3,9	-10,2	-75,9	0	-169,4
1467	17.09.2025 07:41:26,000	11,85	-6,29	-4,4	-9,4	-76,2	0	-170,2
1468	17.09.2025 07:41:27,000	11,89	-6,29	-4,2	-9,3	-76,5	0	-170,3
1469	17.09.2025 07:41:28,000	11,89	-6,29	-3,3	-9,5	-77,2	0	-170,2
1470	17.09.2025 07:41:29,000	11,89	-6,29	-3,8	-8,5	-77,7	0	-171,2
1471	17.09.2025 07:41:30,000	11,89	-6,29	-3,8	-8,5	-77,8	0	-171,2
1472	17.09.2025 07:41:31,000	11,92	-6,29	-3,0	-7,5	-79,5	0	-172,2
1473	17.09.2025 07:41:32,000	11,92	-6,29	-4,0	-7,0	-79,0	0	-172,7
1474	17.09.2025 07:41:33,000	11,92	-6,29	-3,0	-7,5	-79,5	0	-172,3
1475	17.09.2025 07:41:34,000	11,95	-6,29	-3,0	-7,2	-79,8	0	-172,6
1476	17.09.2025 07:41:35,000	11,95	-6,29	0,0	-7,7	-82,3	0	-172,3
1477	17.09.2025 07:41:36,000	11,95	-6,29	-4,2	-7,0	-78,8	0	-172,7
1478	17.09.2025 07:41:37,000	11,98	-6,29	1,8	-7,1	-81,1	0	-172,8
1479	17.09.2025 07:41:38,000	11,98	-6,29	-4,2	-7,0	-78,8	0	-172,7
1480	17.09.2025 07:41:39,000	11,98	-6,29	-3,2	-7,7	-79,1	0	-172,1
1481	17.09.2025 07:41:40,000	12,01	-6,29	-3,1	-7,3	-79,6	0	-172,5
1482	17.09.2025 07:41:41,000	12,01	-6,29	-3,0	-7,5	-79,6	0	-172,3
1483	17.09.2025 07:41:42,000	12,01	-6,29	-4,7	-8,1	-77,2	0	-171,6
1484	17.09.2025 07:41:43,000	12,01	-6,29	-2,3	-7,7	-80,0	0	-172,1
1485	17.09.2025 07:41:44,000	12,05	-6,29	-5,2	-6,7	-78,1	0	-173,0
1486	17.09.2025 07:41:45,000	12,05	-6,29	-1,1	-7,9	-81,0	0	-172,0
1487	17.09.2025 07:41:46,000	12,05	-6,29	-4,2	-7,5	-78,4	0	-172,3
1488	17.09.2025 07:41:47,000	12,08	-6,29	-2,8	-6,5	-80,7	0	-173,4
1489	17.09.2025 07:41:48,000	12,08	-6,29	-4,0	-6,3	-79,7	0	-173,4
1490	17.09.2025 07:41:49,000	12,08	-6,29	-0,9	-6,9	-82,2	0	-173,0
1491	17.09.2025 07:41:50,000	12,11	-6,29	-4,4	-6,6	-79,0	0	-173,2
1492	17.09.2025 07:41:51,000	12,11	-6,29	-3,5	-8,0	-78,5	0	-171,7
1493	17.09.2025 07:41:52,000	12,14	-6,29	-2,3	-7,6	-80,1	0	-172,3
1494	17.09.2025 07:41:53,000	12,17	-6,29	-4,4	-7,5	-78,1	0	-172,2
1495	17.09.2025 07:41:54,000	12,17	-6,29	-2,9	-7,9	-79,2	0	-171,9
1496	17.09.2025 07:41:55,000	12,21	-6,29	-3,6	-7,3	-79,1	0	-172,4
1497	17.09.2025 07:41:56,000	12,21	-6,29	-5,1	-7,3	-77,6	0	-172,3
1498	17.09.2025 07:41:57,000	12,21	-6,29	-2,7	-7,4	-79,9	0	-172,5
1499	17.09.2025 07:41:58,000	12,24	-6,29	-4,3	-6,8	-78,9	0	-172,9
1500	17.09.2025 07:41:59,000	12,24	-6,29	-2,2	-7,7	-80,1	0	-172,1
1501	17.09.2025 07:42:00,000	12,24	-6,29	-4,8	-7,0	-78,2	0	-172,7
1502	17.09.2025 07:42:01,000	12,27	-6,29	-3,4	-8,5	-78,1	0	-171,2
1503	17.09.2025 07:42:02,000	12,27	-6,29	-3,9	-7,6	-78,5	0	-172,2
1504	17.09.2025 07:42:03,000	12,27	-6,29	-4,0	-7,5	-78,4	0	-172,2
1505	17.09.2025 07:42:04,000	12,27	-6,29	-3,3	-5,8	-80,9	0	-174,0
1506	17.09.2025 07:42:05,000	12,30	-6,29	-3,2	-7,0	-79,8	0	-172,8
1507	17.09.2025 07:42:06,000	12,30	-6,29	-3,8	-6,5	-79,7	0	-173,3
1508	17.09.2025 07:42:07,000	12,33	-6,29	-3,4	-8,1	-78,5	0	-171,6
1509	17.09.2025 07:42:08,000	12,33	-6,29	-4,5	-8,5	-77,0	0	-171,1
1510	17.09.2025 07:42:09,000	12,33	-6,29	-3,9	-9,0	-77,1	0	-170,6
1511	17.09.2025 07:42:10,000	12,33	-6,29	-4,0	-8,2	-77,8	0	-171,4
1512	17.09.2025 07:42:11,000	12,36	-6,29	-3,7	-8,3	-78,0	0	-171,4
1513	17.09.2025 07:42:12,000	12,36	-6,29	-3,8	-8,0	-78,2	0	-171,7
1514	17.09.2025 07:42:13,000	12,36	-6,29	-4,1	-7,7	-78,2	0	-172,0
1515	17.09.2025 07:42:14,000	12,36	-6,29	-3,6	-7,7	-78,7	0	-172,0
1516	17.09.2025 07:42:15,000	12,40	-6,29	-4,0	-7,5	-78,5	0	-172,2
1517	17.09.2025 07:42:16,000	12,40	-6,29	-2,6	-6,8	-80,7	0	-173,1
1518	17.09.2025 07:42:17,000	12,43	-6,29	-4,4	-6,9	-78,7	0	-172,8
1519	17.09.2025 07:42:18,000	12,43	-6,29	-2,5	-8,1	-79,3	0	-171,7
1520	17.09.2025 07:42:19,000	12,43	-6,29	-4,2	-7,7	-78,1	0	-172,0
1521	17.09.2025 07:42:20,000	12,46	-6,29	-4,4	-7,9	-77,7	0	-171,8
1522	17.09.2025 07:42:21,000	12,46	-6,29	-3,5	-8,2	-78,4	0	-171,6
1523	17.09.2025 07:42:22,000	12,46	-6,29	-3,5	-6,9	-79,6	0	-172,8
1524	17.09.2025 07:42:23,000	12,49	-6,29	-3,9	-7,8	-78,3	0	-171,9
1525	17.09.2025 07:42:24,000	12,49	-6,29	-3,5	-8,0	-78,5	0	-171,7
1526	17.09.2025 07:42:25,000	12,49	-6,29	-4,6	-7,7	-77,6	0	-171,9
1527	17.09.2025 07:42:26,000	12,52	-6,29	-3,8	-7,9	-78,3	0	-171,9
1528	17.09.2025 07:42:27,000	12,52	-6,29	-4,7	-8,0	-77,4	0	-171,7
1529	17.09.2025 07:42:28,000	12,52	-6,29	-3,4	-6,9	-79,8	0	-172,9
1530	17.09.2025 07:42:29,000	12,55	-6,29	-2,9	-6,9	-80,2	0	-172,9
1531	17.09.2025 07:42:30,000	12,55	-6,29	-3,4	-7,0	-79,6	0	-172,8
1532	17.09.2025 07:42:31,000	12,55	-6,29	-3,8	-8,6	-77,6	0	-171,1
1533	17.09.2025 07:42:32,000	12,59	-6,29	-5,1	-8,2	-76,7	0	-171,4
1534	17.09.2025 07:42:33,000	12,59	-6,29	-3,8	-8,7	-77,5	0	-171,0
1535	17.09.2025 07:42:34,000	12,62	-6,29	-4,1	-7,2	-78,6	0	-172,5
1536	17.09.2025 07:42:35,000	12,62	-6,29	-3,4	-7,4	-79,1	0	-172,3
1537	17.09.2025 07:42:36,000	12,62	-6,29	-3,7	-7,2	-79,0	0	-172,5
1538	17.09.2025 07:42:37,000	12,62	-6,29	-3,8	-6,7	-79,5	0	-173,1
1539	17.09.2025 07:42:38,000	12,62	-6,29	-4,0	-7,4	-78,5	0	-172,3
1540	17.09.2025 07:42:39,000	12,65	-6,29	-3,2	-8,5	-78,2	0	-171,2
1541	17.09.2025 07:42:40,000	12,65	-6,29	-4,3	-6,6	-79,1	0	-173,1
1542	17.09.2025 07:42:41,000	12,65	-6,29	-4,2	-7,3	-78,4	0	-172,4
1543	17.09.2025 07:42:42,000	12,65	-6,29	2,2	-8,3	-79,5	0	-171,5
1544	17.09.2025 07:42:43,000	12,65	-6,29	-5,5	-7,3	-77,2	0	-172,3
1545	17.09.2025 07:42:44,000	12,65	-6,29	-2,3	-9,1	-78,6	0	-170,7
1546	17.09.2025 07:42:45,000	12,65	-6,29	-5,1	-7,0	-77,8	0	-172,7
1547	17.09.2025 07:42:46,000	12,68	-6,29	-3,2	-8,7	-78,0	0	-171,0
1548	17.09.2025 07:42:47,000	12,68	-6,29	-3,7	-6,2	-80,2	0	-173,6
1549	17.09.2025 07:42:48,000	12,68	-6,29	-0,4	-7,4	-82,3	0	-172,6
1550	17.09.2025 07:42:49,000	12,68	-6,29	-4,2	-6,9	-78,9	0	-172,8
1551	17.09.2025 07:42:50,000	12,68	-6,29	-2,5	-7,9	-79,6	0	-171,9
1552	17.09.2025 07:42:51,000	12,68	-6,29	-5,4	-8,5	-76,0	0	-171,0
1553	17.09.2025 07:42:52,000	12,68	-6,29	-3,1	-8,8	-78,1	0	-171,0
1554	17.09.2025 07:42:53,000	12,71	-6,29	-5,2	-8,0	-76,7	0	-171,6
1555	17.09.2025 07:42:54,000	12,71	-6,29	-3,3	-7,0	-79,7	0	-172,8
1556	17.09.2025 07:42:55,000	12,71	-6,29	-3,4	-6,6	-80,0	0	-173,2
1557	17.09.2025 07:42:56,000	12,74	-6,29	-4,6	-5,6	-79,7	0	-174,2
1558	17.09.2025 07:42:57,000	12,74	-6,29	-4,3	-5,9	-79,8	0	-173,9
1559	17.09.2025 07:42:58,000	12,74	-6,29	-3,9	-6,3	-79,9	0	-173,5
1560	17.09.2025 07:42:59,000	12,74	-6,29	-4,2	-7,2	-78,6	0	-172,5
1561	17.09.2025 07:43:00,000	12,78	-6,29	-5,1	-8,1	-76,8	0	-171,5
1562	17.09.2025 07:43:01,000	12,78	-6,29	-5,2	-7,5	-77,3	0	-172,2
1563	17.09.2025 07:43:02,000	12,78	-6,29	-5,0	-8,6	-76,3	0	-171,0
1564	17.09.2025 07:43:03,000	12,78	-6,29	-5,5	-8,8	-75,8	0	-170,8
1565	17.09.2025 07:43:04,000	12,78	-6,29	-5,1	-10,5	-74,4	0	-169,0
1566	17.09.2025 07:43:05,000	12,78	-6,29	-5,8	-10,8	-73,4	0	-168,6
1567	17.09.2025 07:43:06,000	12,81	-6,29	-5,7	-11,9	-72,4	0	-167,4
1568	17.09.2025 07:43:07,000	12,81	-6,29	-6,6	-12,0	-71,4	0	-167,2
1569	17.09.2025 07:43:08,000	12,81	-6,29	-6,5	-10,3	-73,2	0	-169,1
1570	17.09.2025 07:43:09,000	12,81	-6,29	-4,5	-10,9	-74,6	0	-168,6
1571	17.09.2025 07:43:10,000	12,81	-6,29	-4,5	-8,4	-77,1	0	-171,3
1572	17.09.2025 07:43:11,000	12,81	-6,29	-5,1	-7,2	-77,7	0	-172,5
1573	17.09.2025 07:43:12,000	12,81	-6,29	-3,4	-8,4	-78,1	0	-171,3
1574	17.09.2025 07:43:13,000	12,81	-6,29	-3,6	-7,1	-79,3	0	-172,6
1575	17.09.2025 07:43:14,000	12,84	-6,29	-4,7	-7,7	-77,6	0	-171,9
1576	17.09.2025 07:43:15,000	12,84	-6,29	-3,9	-8,2	-77,9	0	-171,5
1577	17.09.2025 07:43:16,000	12,84	-6,29	-3,3	-7,2	-79,5	0	-172,5
1578	17.09.2025 07:43:17,000	12,84	-6,29	-6,1	-6,9	-77,0	0	-172,7
1579	17.09.2025 07:43:18,000	12,84	-6,29	-4,6	-7,7	-77,6	0	-171,9
1580	17.09.2025 07:43:19,000	12,84	-6,29	2,9	-8,0	-79,1	0	-171,8
1581	17.09.2025 07:43:20,000	12,84	-6,29	-2,8	-5,1	-82,1	0	-174,8
1582	17.09.2025 07:43:21,000	12,84	-6,29	-5,9	-4,6	-79,5	0	-175,2
1583	17.09.2025 07:43:22,000	12,84	-6,29	-0,6	-7,7	-81,7	0	-172,3
1584	17.09.2025 07:43:23,000	12,84	-6,29	3,4	-6,4	-80,2	0	-173,5
1585	17.09.2025 07:43:24,000	12,84	-6,29	-6,0	-4,9	-79,1	0	-174,9
1586	17.09.2025 07:43:25,000	12,84	-6,29	-2,4	-7,7	-79,9	0	-172,1
1587	17.09.2025 07:43:26,000	12,87	-6,29	4,1	-7,0	-78,9	0	-172,8
1588	17.09.2025 07:43:27,000	12,87	-6,29	-1,5	-4,9	-83,6	0	-175,0
1589	17.09.2025 07:43:28,000	12,87	-6,29	-4,3	-6,8	-78,9	0	-172,9
1590	17.09.2025 07:43:29,000	12,87	-6,29	4,3	-5,9	-79,8	0	-173,8
1591	17.09.2025 07:43:30,000	12,87	-6,29	2,5	-5,6	-81,9	0	-174,3
1592	17.09.2025 07:43:31,000	12,87	-6,29	-4,7	-5,8	-79,5	0	-174,0
1593	17.09.2025 07:43:32,000	12,87	-6,29	-1,8	-5,5	-82,6	0	-174,4
1594	17.09.2025 07:43:33,000	12,90	-6,29	3,8	-5,4	-80,8	0	-174,4
1595	17.09.2025 07:43:34,000	12,90	-6,29	0,7	-7,3	-81,9	0	-172,6
1596	17.09.2025 07:43:35,000	12,90	-6,29	-3,8	-5,3	-80,9	0	-174,5
1597	17.09.2025 07:43:36,000	12,90	-6,29	-1,3	-4,8	-83,9	0	-175,1
1598	17.09.2025 07:43:37,000	12,90	-6,29	2,9	-7,0	-80,1	0	-172,8
1599	17.09.2025 07:43:38,000	12,90	-6,29	1,6	-6,0	-82,4	0	-173,9
1600	17.09.2025 07:43:39,000	12,90	-6,29	1,3	-4,3	-84,4	0	-175,7
1601	17.09.2025 07:43:40,000	12,90	-6,29	1,7	-6,8	-81,5	0	-173,1
1602	17.09.2025 07:43:41,000	12,93	-6,29	2,7	-6,3	-81,0	0	-173,6
1603	17.09.2025 07:43:42,000	12,93	-6,29	1,9	-6,9	-81,1	0	-172,9
1604	17.09.2025 07:43:43,000	12,93	-6,29	-0,1	-5,5	-84,4	0	-174,5
1605	17.09.2025 07:43:44,000	12,93	-6,29	-2,7	-5,0	-82,3	0	-174,9
1606	17.09.2025 07:43:45,000	12,93	-6,29	-1,4	-7,7	-80,9	0	-172,2
1607	17.09.2025 07:43:46,000	12,93	-6,29	1,9	-6,7	-81,4	0	-173,2
1608	17.09.2025 07:43:47,000	12,93	-6,29	1,2	-5,0	-83,8	0	-174,9
1609	17.09.2025 07:43:48,000	12,93	-6,29	-3,0	-5,6	-81,4	0	-174,3
1610	17.09.2025 07:43:49,000	12,96	-6,29	-1,6	-6,8	-81,7	0	-173,1
1611	17.09.2025 07:43:50,000	12,96	-6,29	2,7	-6,6	-80,7	0	-173,2
1612	17.09.2025 07:43:51,000	12,96	-6,29	-3,3	-5,7	-80,9	0	-174,1
1613	17.09.2025 07:43:52,000	12,96	-6,29	-2,9	-5,3	-81,8	0	-174,6
1614	17.09.2025 07:43:53,000	12,96	-6,29	3,2	-5,9	-80,9	0	-173,9
1615	17.09.2025 07:43:54,000	12,96	-6,29	1,7	-6,8	-81,5	0	-173,0
1616	17.09.2025 07:43:55,000	12,96	-6,29	1,6	-5,6	-82,8	0	-174,3
1617	17.09.2025 07:43:56,000	13,00	-6,29	1,6	-5,2	-83,2	0	-174,7
1618	17.09.2025 07:43:57,000	13,00	-6,29	2,1	-7,2	-80,7	0	-172,6
1619	17.09.2025 07:43:58,000	13,00	-6,29	1,3	-6,9	-81,9	0	-173,1
1620	17.09.2025 07:43:59,000	13,00	-6,29	1,7	-4,9	-83,4	0	-175,0
1621	17.09.2025 07:44:00,000	13,00	-6,29	2,9	-5,6	-81,5	0	-174,3
1622	17.09.2025 07:44:01,000	13,00	-6,29	1,2	-6,0	-82,8	0	-173,9
1623	17.09.2025 07:44:02,000	13,00	-6,29	1,7	-5,7	-82,6	0	-174,2
1624	17.09.2025 07:44:03,000	13,03	-6,29	2,4	-8,0	-79,6	0	-171,8
1625	17.09.2025 07:44:04,000	13,03	-6,29	-0,8	-5,4	-83,8	0	-174,6
1626	17.09.2025 07:44:05,000	13,03	-6,29	-2,4	-5,0	-82,5	0	-174,8
1627	17.09.2025 07:44:06,000	13,03	-6,29	-1,7	-6,9	-81,4	0	-173,0
1628	17.09.2025 07:44:07,000	13,03	-6,29	-2,9	-6,5	-80,6	0	-173,3
1629	17.09.2025 07:44:08,000	13,03	-6,29	-3,1	-6,3	-80,6	0	-173,5
1630	17.09.2025 07:44:09,000	13,03	-6,29	-2,4	-6,8	-80,8	0	-173,0
1631	17.09.2025 07:44:10,000	13,03	-6,29	-2,5	-5,5	-81,9	0	-174,3
1632	17.09.2025 07:44:11,000	13,06	-6,29	-2,0	-4,8	-83,2	0	-175,1
1633	17.09.2025 07:44:12,000	13,06	-6,29	-2,2	-5,8	-82,0	0	-174,0
1634	17.09.2025 07:44:13,000	13,06	-6,29	-2,9	-7,1	-80,1	0	-172,7
1635	17.09.2025 07:44:14,000	13,06	-6,29	-3,1	-5,8	-81,1	0	-174,0
1636	17.09.2025 07:44:15,000	13,06	-6,29	-2,0	-6,0	-82,0	0	-173,9
1637	17.09.2025 07:44:16,000	13,06	-6,29	-2,7	-6,4	-81,0	0	-173,5
1638	17.09.2025 07:44:17,000	13,06	-6,29	-2,8	-5,1	-82,1	0	-174,8
1639	17.09.2025 07:44:18,000	13,06	-6,29	-1,6	-6,5	-81,9	0	-173,4
1640	17.09.2025 07:44:19,000	13,09	-6,29	1,6	-7,2	-81,3	0	-172,7
1641	17.09.2025 07:44:20,000	13,09	-6,29	-3,6	-4,2	-82,3	0	-175,7
1642	17.09.2025 07:44:21,000	13,09	-6,29	-1,8	-5,4	-82,8	0	-174,5
1643	17.09.2025 07:44:22,000	13,09	-6,29	3,1	-6,9	-80,1	0	-172,9
1644	17.09.2025 07:44:23,000	13,09	-6,29	1,3	-6,6	-82,1	0	-173,4
1645	17.09.2025 07:44:24,000	13,09	-6,29	-4,2	-6,4	-79,4	0	-173,4
1646	17.09.2025 07:44:25,000	13,09	-6,29	-2,7	-6,3	-81,0	0	-173,5
1647	17.09.2025 07:44:26,000	13,09	-6,29	1,7	-6,5	-81,8	0	-173,4
1648	17.09.2025 07:44:27,000	13,12	-6,29	1,8	-5,7	-82,5	0	-174,2
1649	17.09.2025 07:44:28,000	13,12	-6,29	-4,1	-4,4	-81,4	0	-175,4
1650	17.09.2025 07:44:29,000	13,12	-6,29	-1,6	-6,7	-81,7	0	-173,2
1651	17.09.2025 07:44:30,000	13,12	-6,29	2,8	-7,3	-79,9	0	-172,5
1652	17.09.2025 07:44:31,000	13,12	-6,29	-4,2	-5,5	-80,2	0	-174,3
1653	17.09.2025 07:44:32,000	13,12	-6,29	-2,9	-6,3	-80,9	0	-173,6
1654	17.09.2025 07:44:33,000	13,12	-6,29	-1,9	-6,7	-81,4	0	-173,1
1655	17.09.2025 07:44:34,000	13,12	-6,29	-2,2	-4,3	-83,5	0	-175,6
1656	17.09.2025 07:44:35,000	13,12	-6,29	-2,7	-5,9	-81,4	0	-173,9
1657	17.09.2025 07:44:36,000	13,15	-6,29	-2,7	-8,6	-78,7	0	-171,1
1658	17.09.2025 07:44:37,000	13,15	-6,29	-3,0	-5,3	-81,7	0	-174,6
1659	17.09.2025 07:44:38,000	13,15	-6,29	-2,5	-3,3	-84,2	0	-176,6
1660	17.09.2025 07:44:39,000	13,15	-6,29	3,6	-8,5	-77,8	0	-171,2
1661	17.09.2025 07:44:40,000	13,15	-6,29	0,5	-7,4	-82,2	0	-172,6
1662	17.09.2025 07:44:41,000	13,15	-6,29	-4,4	-4,6	-80,9	0	-175,2
1663	17.09.2025 07:44:42,000	13,15	-6,29	-1,8	-7,1	-81,1	0	-172,7
1664	17.09.2025 07:44:43,000	13,15	-6,29	3,4	-8,1	-78,5	0	-171,6
1665	17.09.2025 07:44:44,000	13,18	-6,29	-1,3	-4,1	-84,6	0	-175,9
1666	17.09.2025 07:44:45,000	13,18	-6,29	-3,4	-4,8	-81,7	0	-175,1
1667	17.09.2025 07:44:46,000	13,18	-6,29	-1,6	-7,8	-80,6	0	-172,1
1668	17.09.2025 07:44:47,000	13,18	-6,29	-1,9	-6,1	-82,0	0	-173,8
1669	17.09.2025 07:44:48,000	13,18	-6,29	-2,8	-4,1	-83,1	0	-175,8
1670	17.09.2025 07:44:49,000	13,18	-6,29	-2,8	-5,8	-81,5	0	-174,1
1671	17.09.2025 07:44:50,000	13,18	-6,29	-2,4	-7,2	-80,4	0	-172,6
1672	17.09.2025 07:44:51,000	13,18	-6,29	-2,8	-7,1	-80,1	0	-172,7
1673	17.09.2025 07:44:52,000	13,18	-6,29	-3,5	-5,7	-80,9	0	-174,2
1674	17.09.2025 07:44:53,000	13,22	-6,29	-1,6	-4,7	-83,7	0	-175,2
1675	17.09.2025 07:44:54,000	13,22	-6,29	-2,3	-6,8	-80,9	0	-173,0
1676	17.09.2025 07:44:55,000	13,22	-6,29	-3,7	-7,1	-79,2	0	-172,6
1677	17.09.2025 07:44:56,000	13,22	-6,29	-2,3	-4,3	-83,4	0	-175,6
1678	17.09.2025 07:44:57,000	13,22	-6,29	-1,9	-6,7	-81,4	0	-173,2
1679	17.09.2025 07:44:58,000	13,22	-6,29	-2,9	-7,3	-79,8	0	-172,5
1680	17.09.2025 07:44:59,000	13,22	-6,29	-3,2	-4,1	-82,8	0	-175,8
1681	17.09.2025 07:45:00,000	13,22	-6,29	-1,8	-6,0	-82,2	0	-173,9
1682	17.09.2025 07:45:01,000	13,22	-6,29	-2,5	-7,7	-79,8	0	-172,1
1683	17.09.2025 07:45:02,000	13,22	-6,29	-3,5	-5,0	-81,5	0	-174,8
1684	17.09.2025 07:45:03,000	13,22	-6,29	-2,4	-5,4	-82,2	0	-174,4
1685	17.09.2025 07:45:04,000	13,25	-6,29	-1,9	-6,9	-81,2	0	-172,9
1686	17.09.2025 07:45:05,000	13,25	-6,29	-3,3	-5,7	-81,0	0	-174,1
1687	17.09.2025 07:45:06,000	13,25	-6,29	-2,0	-4,2	-83,8	0	-175,7
1688	17.09.2025 07:45:07,000	13,25	-6,29	-2,2	-6,8	-80,9	0	-173,0
1689	17.09.2025 07:45:08,000	13,25	-6,29	-3,0	-7,7	-79,3	0	-172,1
1690	17.09.2025 07:45:09,000	13,25	-6,29	-3,0	-4,9	-82,2	0	-175,0
1691	17.09.2025 07:45:10,000	13,25	-6,29	-2,5	-5,3	-82,2	0	-174,6
1692	17.09.2025 07:45:11,000	13,25	-6,29	-1,5	-6,7	-81,8	0	-173,2
1693	17.09.2025 07:45:12,000	13,28	-6,29	-3,1	-5,7	-81,2	0	-174,2
1694	17.09.2025 07:45:13,000	13,28	-6,29	-3,3	-5,5	-81,3	0	-174,4
1695	17.09.2025 07:45:14,000	13,28	-6,29	-1,5	-7,0	-81,5	0	-172,9
1696	17.09.2025 07:45:15,000	13,28	-6,29	-2,3	-6,4	-81,3	0	-173,4
1697	17.09.2025 07:45:16,000	13,28	-6,29	-3,9	-4,0	-82,1	0	-175,9
1698	17.09.2025 07:45:17,000	13,28	-6,29	-2,2	-6,2	-81,6	0	-173,7
1699	17.09.2025 07:45:18,000	13,28	-6,29	1,8	-8,1	-80,1	0	-171,7
1700	17.09.2025 07:45:19,000	13,28	-6,29	-1,0	-5,6	-83,3	0	-174,3
1701	17.09.2025 07:45:20,000	13,28	-6,29	-4,5	-4,6	-80,9	0	-175,3
1702	17.09.2025 07:45:21,000	13,28	-6,29	-1,3	-6,9	-81,7	0	-173,0
1703	17.09.2025 07:45:22,000	13,31	-6,29	4,1	-6,1	-79,8	0	-173,7
1704	17.09.2025 07:45:23,000	13,31	-6,29	-2,1	-4,9	-83,0	0	-175,0
1705	17.09.2025 07:45:24,000	13,31	-6,29	-4,7	-6,2	-79,1	0	-173,5
1706	17.09.2025 07:45:25,000	13,31	-6,29	3,1	-7,6	-79,4	0	-172,2
1707	17.09.2025 07:45:26,000	13,31	-6,29	2,9	-6,0	-81,1	0	-173,9
1708	17.09.2025 07:45:27,000	13,31	-6,29	-5,1	-5,4	-79,4	0	-174,4
1709	17.09.2025 07:45:28,000	13,31	-6,29	-2,3	-4,8	-82,9	0	-175,1
1710	17.09.2025 07:45:29,000	13,31	-6,29	4,1	-5,5	-80,3	0	-174,3
1711	17.09.2025 07:45:30,000	13,31	-6,29	1,0	-7,0	-82,0	0	-172,9
1712	17.09.2025 07:45:31,000	13,31	-6,29	-4,3	-6,2	-79,6	0	-173,6
1713	17.09.2025 07:45:32,000	13,34	-6,29	-1,5	-5,3	-83,2	0	-174,6
1714	17.09.2025 07:45:33,000	13,34	-6,29	-0,9	-4,2	-84,9	0	-175,8
1715	17.09.2025 07:45:34,000	13,34	-6,29	-3,2	-5,5	-81,3	0	-174,3
1716	17.09.2025 07:45:35,000	13,34	-6,29	-3,6	-7,6	-78,8	0	-172,2
1717	17.09.2025 07:45:36,000	13,34	-6,29	-2,1	-6,2	-81,7	0	-173,7
1718	17.09.2025 07:45:37,000	13,34	-6,29	-1,8	-4,5	-83,7	0	-175,4
1719	17.09.2025 07:45:38,000	13,34	-6,29	-2,8	-6,0	-81,1	0	-173,8
1720	17.09.2025 07:45:39,000	13,34	-6,29	-2,5	-5,9	-81,6	0	-174,0
1721	17.09.2025 07:45:40,000	13,34	-6,29	-3,0	-4,4	-82,6	0	-175,5
1722	17.09.2025 07:45:41,000	13,34	-6,29	-2,6	-6,4	-81,0	0	-173,5
1723	17.09.2025 07:45:42,000	13,34	-6,29	-1,5	-6,6	-81,9	0	-173,3
1724	17.09.2025 07:45:43,000	13,34	-6,29	-2,4	-5,3	-82,3	0	-174,6
1725	17.09.2025 07:45:44,000	13,34	-6,29	-4,1	-5,4	-80,5	0	-174,5
1726	17.09.2025 07:45:45,000	13,34	-6,29	-3,0	-6,4	-80,7	0	-173,4
1727	17.09.2025 07:45:46,000	13,37	-6,29	-1,2	-6,3	-82,4	0	-173,6
1728	17.09.2025 07:45:47,000	13,37	-6,29	-1,7	-5,2	-83,2	0	-174,8
1729	17.09.2025 07:45:48,000	13,37	-6,29	-4,1	-6,0	-79,9	0	-173,8
1730	17.09.2025 07:45:49,000	13,37	-6,29	-3,1	-5,1	-81,8	0	-174,7
1731	17.09.2025 07:45:50,000	13,37	-6,29	-1,3	-5,0	-83,7	0	-175,0
1732	17.09.2025 07:45:51,000	13,37	-6,29	-2,4	-7,9	-79,8	0	-171,9
1733	17.09.2025 07:45:52,000	13,37	-6,29	-3,7	-5,7	-80,6	0	-174,1
1734	17.09.2025 07:45:53,000	13,37	-6,29	-2,1	-4,0	-83,9	0	-175,9
1735	17.09.2025 07:45:54,000	13,37	-6,29	-2,1	-6,3	-81,6	0	-173,5
1736	17.09.2025 07:45:55,000	13,37	-6,29	-3,5	-6,7	-79,9	0	-173,1
1737	17.09.2025 07:45:56,000	13,37	-6,29	-1,8	-4,5	-83,7	0	-175,4
1738	17.09.2025 07:45:57,000	13,37	-6,29	-2,4	-5,9	-81,7	0	-174,0
1739	17.09.2025 07:45:58,000	13,37	-6,29	-3,2	-6,4	-80,5	0	-173,5
1740	17.09.2025 07:45:59,000	13,40	-6,29	-1,9	-3,2	-85,0	0	-176,8
1741	17.09.2025 07:46:00,000	13,40	-6,29	-1,0	-4,9	-84,1	0	-175,1
1742	17.09.2025 07:46:01,000	13,40	-6,29	-3,1	-6,1	-80,9	0	-173,8
1743	17.09.2025 07:46:02,000	13,40	-6,29	-3,3	-5,4	-81,3	0	-174,4
1744	17.09.2025 07:46:03,000	13,40	-6,29	-1,6	-5,1	-83,3	0	-174,8
1745	17.09.2025 07:46:04,000	13,40	-6,29	-1,5	-5,3	-83,2	0	-174,6
1746	17.09.2025 07:46:05,000	13,40	-6,29	-3,5	-6,4	-80,1	0	-173,4
1747	17.09.2025 07:46:06,000	13,40	-6,29	-3,4	-5,9	-80,7	0	-173,9
1748	17.09.2025 07:46:07,000	13,40	-6,29	-1,9	-5,9	-82,2	0	-174,0
1749	17.09.2025 07:46:08,000	13,40	-6,29	-2,4	-5,6	-82,0	0	-174,2
1750	17.09.2025 07:46:09,000	13,40	-6,29	-2,7	-4,8	-82,4	0	-175,1
1751	17.09.2025 07:46:10,000	13,40	-6,29	-3,0	-6,1	-80,9	0	-173,7
1752	17.09.2025 07:46:11,000	13,44	-6,29	-2,3	-6,5	-81,2	0	-173,3
1753	17.09.2025 07:46:12,000	13,44	-6,29	-2,1	-5,0	-82,9	0	-174,9
1754	17.09.2025 07:46:13,000	13,44	-6,29	-2,9	-5,1	-82,0	0	-174,8
1755	17.09.2025 07:46:14,000	13,44	-6,29	-3,4	-5,9	-80,7	0	-173,9
1756	17.09.2025 07:46:15,000	13,44	-6,29	-2,2	-7,7	-80,1	0	-172,1
1757	17.09.2025 07:46:16,000	13,44	-6,29	-2,1	-6,5	-81,4	0	-173,3
1758	17.09.2025 07:46:17,000	13,44	-6,29	-3,7	-4,5	-81,7	0	-175,3
1759	17.09.2025 07:46:18,000	13,44	-6,29	-2,8	-6,1	-81,1	0	-173,8
1760	17.09.2025 07:46:19,000	13,44	-6,29	-1,9	-6,3	-81,9	0	-173,6
1761	17.09.2025 07:46:20,000	13,44	-6,29	-2,6	-5,2	-82,2	0	-174,7
1762	17.09.2025 07:46:21,000	13,44	-6,29	-2,5	-5,3	-82,2	0	-174,6
1763	17.09.2025 07:46:22,000	13,47	-6,29	-2,6	-5,9	-81,5	0	-174,0
1764	17.09.2025 07:46:23,000	13,47	-6,29	-3,1	-6,2	-80,7	0	-173,7
1765	17.09.2025 07:46:24,000	13,47	-6,29	-2,9	-5,6	-81,5	0	-174,2
1766	17.09.2025 07:46:25,000	13,47	-6,29	-1,9	-6,4	-81,7	0	-173,5
1767	17.09.2025 07:46:26,000	13,47	-6,29	-2,7	-6,2	-81,1	0	-173,7
1768	17.09.2025 07:46:27,000	13,47	-6,29	-3,2	-4,9	-81,9	0	-175,0
1769	17.09.2025 07:46:28,000	13,47	-6,29	-2,5	-5,1	-82,4	0	-174,8
1770	17.09.2025 07:46:29,000	13,47	-6,29	-2,1	-6,6	-81,4	0	-173,3
1771	17.09.2025 07:46:30,000	13,47	-6,29	-2,9	-6,0	-81,0	0	-173,8
1772	17.09.2025 07:46:31,000	13,47	-6,29	-2,7	-5,5	-81,9	0	-174,4
1773	17.09.2025 07:46:32,000	13,47	-6,29	-2,8	-5,9	-81,3	0	-173,9
1774	17.09.2025 07:46:33,000	13,47	-6,29	-2,3	-4,2	-83,5	0	-175,7
1775	17.09.2025 07:46:34,000	13,47	-6,29	-0,5	-3,1	-86,4	0	-176,9
1776	17.09.2025 07:46:35,000	13,50	-6,29	0,0	-3,3	-86,7	0	-176,7
1777	17.09.2025 07:46:36,000	13,50	-6,29	-1,1	-4,1	-84,8	0	-175,9
1778	17.09.2025 07:46:37,000	13,50	-6,29	-1,2	-2,0	-86,9	0	-178,0
1779	17.09.2025 07:46:38,000	13,50	-6,29	0,2	-2,3	-87,4	0	-177,6
1780	17.09.2025 07:46:39,000	13,50	-6,29	0,3	-4,1	-85,6	0	-175,9
1781	17.09.2025 07:46:40,000	13,50	-6,29	-1,4	-2,5	-86,1	0	-177,5
1782	17.09.2025 07:46:41,000	13,50	-6,29	-0,4	-1,8	-87,8	0	-178,2
1783	17.09.2025 07:46:42,000	13,50	-6,29	0,2	-3,9	-85,9	0	-176,1
1784	17.09.2025 07:46:43,000	13,50	-6,29	-0,8	-2,7	-86,4	0	-177,2
1785	17.09.2025 07:46:44,000	13,50	-6,29	-0,4	-1,5	-88,1	0	-178,5
1786	17.09.2025 07:46:45,000	13,50	-6,29	-0,6	-4,6	-84,8	0	-175,3
1787	17.09.2025 07:46:46,000	13,50	-6,29	-0,2	-3,8	-86,0	0	-176,2
1788	17.09.2025 07:46:47,000	13,50	-6,29	-0,4	-0,4	-89,2	0	-179,6
1789	17.09.2025 07:46:48,000	13,53	-6,29	-0,2	-2,3	-87,4	0	-177,7
1790	17.09.2025 07:46:49,000	13,53	-6,29	-0,3	-4,0	-85,6	0	-176,0
1791	17.09.2025 07:46:50,000	13,53	-6,29	0,0	-2,4	-87,6	0	-177,6
1792	17.09.2025 07:46:51,000	13,53	-6,29	-0,7	-2,0	-87,3	0	-178,0
1793	17.09.2025 07:46:52,000	13,53	-6,29	-0,5	-2,1	-87,4	0	-177,9
1794	17.09.2025 07:46:53,000	13,53	-6,29	0,6	-3,4	-86,0	0	-176,6
1795	17.09.2025 07:46:54,000	13,53	-6,29	-0,8	-3,4	-85,9	0	-176,6
1796	17.09.2025 07:46:55,000	13,53	-6,29	-1,3	-2,3	-86,4	0	-177,6
1797	17.09.2025 07:46:56,000	13,53	-6,29	-0,4	-3,3	-86,3	0	-176,6
1798	17.09.2025 07:46:57,000	13,53	-6,29	0,6	-2,7	-86,7	0	-177,3
1799	17.09.2025 07:46:58,000	13,53	-6,29	-0,4	-2,1	-87,5	0	-177,9
1800	17.09.2025 07:46:59,000	13,53	-6,29	-0,8	-2,7	-86,4	0	-177,2
1801	17.09.2025 07:47:00,000	13,53	-6,29	-0,2	-2,9	-86,9	0	-177,1
1802	17.09.2025 07:47:01,000	13,53	-6,29	-0,1	-2,8	-87,0	0	-177,2
1803	17.09.2025 07:47:02,000	13,56	-6,29	-0,6	-3,2	-86,2	0	-176,8
1804	17.09.2025 07:47:03,000	13,56	-6,29	-0,7	-2,2	-87,1	0	-177,8
1805	17.09.2025 07:47:04,000	13,56	-6,29	-0,1	-2,4	-87,4	0	-177,6
1806	17.09.2025 07:47:05,000	13,56	-6,29	-0,4	-3,9	-85,7	0	-176,0
1807	17.09.2025 07:47:06,000	13,56	-6,29	-0,3	-2,1	-87,6	0	-177,9
1808	17.09.2025 07:47:07,000	13,56	-6,29	-0,6	-3,1	-86,3	0	-176,8
1809	17.09.2025 07:47:08,000	13,56	-6,29	-1,1	-3,4	-85,5	0	-176,6
1810	17.09.2025 07:47:09,000	13,56	-6,29	-0,6	-3,3	-86,2	0	-176,7
1811	17.09.2025 07:47:10,000	13,56	-6,29	0,9	-2,6	-86,4	0	-177,3
1812	17.09.2025 07:47:11,000	13,56	-6,29	-1,0	-2,8	-86,1	0	-177,1
1813	17.09.2025 07:47:12,000	13,56	-6,29	-2,2	-2,6	-85,3	0	-177,4
1814	17.09.2025 07:47:13,000	13,56	-6,29	1,2	-2,3	-86,5	0	-177,6
1815	17.09.2025 07:47:14,000	13,59	-6,29	0,7	-4,0	-85,3	0	-176,0
1816	17.09.2025 07:47:15,000	13,59	-6,29	-1,8	-2,2	-86,0	0	-177,8
1817	17.09.2025 07:47:16,000	13,59	-6,29	-1,0	-1,8	-87,1	0	-178,2
1818	17.09.2025 07:47:17,000	13,59	-6,29	0,5	-3,8	-85,7	0	-176,1
1819	17.09.2025 07:47:18,000	13,59	-6,29	0,6	-2,2	-87,2	0	-177,7
1820	17.09.2025 07:47:19,000	13,59	-6,29	-1,0	-3,1	-85,9	0	-176,9
1821	17.09.2025 07:47:20,000	13,59	-6,29	-2,0	-4,1	-83,9	0	-175,8
1822	17.09.2025 07:47:21,000	13,59	-6,29	-0,6	-1,9	-87,5	0	-178,1
1823	17.09.2025 07:47:22,000	13,59	-6,29	1,2	-3,6	-85,1	0	-176,3
1824	17.09.2025 07:47:23,000	13,59	-6,29	-0,6	-4,1	-85,3	0	-175,9
1825	17.09.2025 07:47:24,000	13,59	-6,29	-2,6	-1,1	-86,4	0	-178,9
1826	17.09.2025 07:47:25,000	13,59	-6,29	0,3	-2,1	-87,5	0	-177,9
1827	17.09.2025 07:47:26,000	13,59	-6,29	1,1	-4,2	-84,7	0	-175,7
1828	17.09.2025 07:47:27,000	13,59	-6,29	-0,7	-1,5	-87,8	0	-178,5
1829	17.09.2025 07:47:28,000	13,62	-6,29	-1,3	-1,7	-87,0	0	-178,3
1830	17.09.2025 07:47:29,000	13,62	-6,29	-0,1	-3,8	-86,1	0	-176,2
1831	17.09.2025 07:47:30,000	13,62	-6,29	-0,4	-4,5	-85,1	0	-175,5
1832	17.09.2025 07:47:31,000	13,62	-6,29	-1,0	-2,2	-86,7	0	-177,8
1833	17.09.2025 07:47:32,000	13,62	-6,29	0,4	-1,6	-87,9	0	-178,4
1834	17.09.2025 07:47:33,000	13,62	-6,29	-0,2	-3,7	-86,1	0	-176,3
1835	17.09.2025 07:47:34,000	13,62	-6,29	-2,2	-3,5	-84,3	0	-176,5
1836	17.09.2025 07:47:35,000	13,62	-6,29	0,3	-1,5	-88,2	0	-178,5
1837	17.09.2025 07:47:36,000	13,62	-6,29	1,4	-2,8	-85,8	0	-177,2
1838	17.09.2025 07:47:37,000	13,62	-6,29	-1,6	-4,0	-84,4	0	-175,9
1839	17.09.2025 07:47:38,000	13,65	-6,29	-1,9	-0,8	-87,3	0	-179,2
1840	17.09.2025 07:47:39,000	13,62	-6,29	0,6	-2,7	-86,6	0	-177,3
1841	17.09.2025 07:47:40,000	13,65	-6,29	1,0	-5,2	-83,8	0	-174,7
1842	17.09.2025 07:47:41,000	13,65	-6,29	-1,2	-1,9	-86,9	0	-178,1
1843	17.09.2025 07:47:42,000	13,65	-6,29	-2,7	-1,7	-85,7	0	-178,3
1844	17.09.2025 07:47:43,000	13,65	-6,29	1,0	-2,8	-86,3	0	-177,2
1845	17.09.2025 07:47:44,000	13,65	-6,29	1,2	-4,1	-84,7	0	-175,8
1846	17.09.2025 07:47:45,000	13,65	-6,29	-1,6	-2,8	-85,5	0	-177,1
1847	17.09.2025 07:47:46,000	13,65	-6,29	-1,6	-1,2	-87,2	0	-178,8
1848	17.09.2025 07:47:47,000	13,65	-6,29	0,5	-3,0	-86,4	0	-177,0
1849	17.09.2025 07:47:48,000	13,65	-6,29	0,4	-4,4	-85,1	0	-175,5
1850	17.09.2025 07:47:49,000	13,65	-6,29	-1,7	-2,2	-86,1	0	-177,8
1851	17.09.2025 07:47:50,000	13,65	-6,29	-0,7	-1,6	-87,7	0	-178,4
1852	17.09.2025 07:47:51,000	13,65	-6,29	0,8	-3,9	-85,3	0	-176,1
1853	17.09.2025 07:47:52,000	13,65	-6,29	-0,7	-2,3	-87,0	0	-177,7
1854	17.09.2025 07:47:53,000	13,65	-6,29	-0,5	-0,6	-88,9	0	-179,3
1855	17.09.2025 07:47:54,000	13,69	-6,29	0,2	-3,8	-86,0	0	-176,2
1856	17.09.2025 07:47:55,000	13,69	-6,29	-0,7	-3,8	-85,5	0	-176,2
1857	17.09.2025 07:47:56,000	13,69	-6,29	-0,6	-1,7	-87,7	0	-178,3
1858	17.09.2025 07:47:57,000	13,69	-6,29	-0,1	-2,6	-87,2	0	-177,4
1859	17.09.2025 07:47:58,000	13,69	-6,29	0,2	-3,5	-86,3	0	-176,4
1860	17.09.2025 07:47:59,000	13,69	-6,29	-0,8	-1,9	-87,3	0	-178,1
1861	17.09.2025 07:48:00,000	13,69	-6,29	-1,0	-2,6	-86,5	0	-177,4
1862	17.09.2025 07:48:01,000	13,69	-6,29	0,2	-3,0	-86,8	0	-177,0
1863	17.09.2025 07:48:02,000	13,69	-6,29	0,7	-2,3	-87,0	0	-177,7
1864	17.09.2025 07:48:03,000	13,69	-6,29	-1,3	-2,7	-86,0	0	-177,3
1865	17.09.2025 07:48:04,000	13,69	-6,29	-1,4	-3,2	-85,5	0	-176,8
1866	17.09.2025 07:48:05,000	13,69	-6,29	0,5	-3,5	-86,0	0	-176,5
1867	17.09.2025 07:48:06,000	13,69	-6,29	-0,6	-3,6	-85,8	0	-176,4
1868	17.09.2025 07:48:07,000	13,72	-6,29	-1,2	-2,9	-85,9	0	-177,1
1869	17.09.2025 07:48:08,000	13,72	-6,29	-1,0	-4,0	-85,0	0	-176,0
1870	17.09.2025 07:48:09,000	13,72	-6,29	-0,1	-2,5	-87,4	0	-177,5
1871	17.09.2025 07:48:10,000	13,72	-6,29	-0,3	-3,6	-86,2	0	-176,4
1872	17.09.2025 07:48:11,000	13,72	-6,29	-0,9	-3,2	-85,9	0	-176,8
1873	17.09.2025 07:48:12,000	13,72	-6,29	-0,9	-1,5	-87,7	0	-178,5
1874	17.09.2025 07:48:13,000	13,72	-6,29	0,1	-3,4	-86,6	0	-176,6
1875	17.09.2025 07:48:14,000	13,72	-6,29	0,3	-4,6	-85,1	0	-175,4
1876	17.09.2025 07:48:15,000	13,72	-6,29	-1,9	-3,4	-84,7	0	-176,5
1877	17.09.2025 07:48:16,000	13,72	-6,29	-1,8	-2,1	-86,1	0	-177,9
1878	17.09.2025 07:48:17,000	13,72	-6,29	0,9	-3,6	-85,6	0	-176,4
1879	17.09.2025 07:48:18,000	13,72	-6,29	0,6	-3,7	-85,7	0	-176,3
1880	17.09.2025 07:48:19,000	13,72	-6,29	-2,1	-1,9	-86,0	0	-178,1
1881	17.09.2025 07:48:20,000	13,72	-6,29	-1,3	-2,8	-85,9	0	-177,2
1882	17.09.2025 07:48:21,000	13,72	-6,29	0,9	-4,5	-84,7	0	-175,5
1883	17.09.2025 07:48:22,000	13,75	-6,29	0,1	-2,4	-87,4	0	-177,6
1884	17.09.2025 07:48:23,000	13,75	-6,29	-1,8	-1,6	-86,6	0	-178,4
1885	17.09.2025 07:48:24,000	13,75	-6,29	-0,6	-3,9	-85,5	0	-176,1
1886	17.09.2025 07:48:25,000	13,75	-6,29	-0,5	-5,2	-84,3	0	-174,7
1887	17.09.2025 07:48:26,000	13,75	-6,29	0,0	-2,5	-87,5	0	-177,5
1888	17.09.2025 07:48:27,000	13,75	-6,29	-1,3	-2,0	-86,8	0	-178,0
1889	17.09.2025 07:48:28,000	13,75	-6,29	-0,8	-3,6	-85,5	0	-176,3
1890	17.09.2025 07:48:29,000	13,75	-6,29	-0,1	-3,9	-86,0	0	-176,1
1891	17.09.2025 07:48:30,000	13,75	-6,29	0,0	-2,4	-87,6	0	-177,6
1892	17.09.2025 07:48:31,000	13,75	-6,29	-1,5	-3,7	-84,8	0	-176,3
1893	17.09.2025 07:48:32,000	13,75	-6,29	-1,1	-3,6	-85,2	0	-176,3
1894	17.09.2025 07:48:33,000	13,75	-6,29	-0,1	-3,2	-86,6	0	-176,8
1895	17.09.2025 07:48:34,000	13,78	-6,29	-0,2	-2,8	-87,1	0	-177,2
1896	17.09.2025 07:48:35,000	13,78	-6,29	-1,2	-4,1	-84,7	0	-175,9
1897	17.09.2025 07:48:36,000	13,78	-6,29	-1,0	-3,7	-85,2	0	-176,2
1898	17.09.2025 07:48:37,000	13,78	-6,29	-0,9	-2,7	-86,4	0	-177,3
1899	17.09.2025 07:48:38,000	13,78	-6,29	-0,6	-3,9	-85,5	0	-176,1
1900	17.09.2025 07:48:39,000	13,78	-6,29	-0,3	-5,1	-84,5	0	-174,8
1901	17.09.2025 07:48:40,000	13,78	-6,29	-1,2	-2,0	-86,8	0	-178,0
1902	17.09.2025 07:48:41,000	13,78	-6,29	-0,9	-2,2	-86,9	0	-177,8
1903	17.09.2025 07:48:42,000	13,78	-6,29	-0,3	-5,9	-83,8	0	-174,1
1904	17.09.2025 07:48:43,000	13,78	-6,29	-1,3	-4,4	-84,3	0	-175,6
1905	17.09.2025 07:48:44,000	13,78	-6,29	-0,5	-1,7	-87,8	0	-178,3
1906	17.09.2025 07:48:45,000	13,78	-6,29	0,1	-2,8	-87,1	0	-177,2
1907	17.09.2025 07:48:46,000	13,78	-6,29	-1,1	-4,4	-84,5	0	-175,5
1908	17.09.2025 07:48:47,000	13,78	-6,29	-1,2	-3,6	-85,2	0	-176,4
1909	17.09.2025 07:48:48,000	13,81	-6,29	-0,8	-2,5	-86,7	0	-177,5
1910	17.09.2025 07:48:49,000	13,81	-6,29	0,4	-3,3	-86,3	0	-176,7
1911	17.09.2025 07:48:50,000	13,81	-6,29	-0,4	-3,5	-86,2	0	-176,5
1912	17.09.2025 07:48:51,000	13,81	-6,29	-2,5	-4,1	-83,4	0	-175,8
1913	17.09.2025 07:48:52,000	13,81	-6,29	-0,9	-3,5	-85,7	0	-176,5
1914	17.09.2025 07:48:53,000	13,81	-6,29	0,5	-3,6	-85,9	0	-176,4
1915	17.09.2025 07:48:54,000	13,81	-6,29	-0,6	-4,3	-85,0	0	-175,6
1916	17.09.2025 07:48:55,000	13,81	-6,29	-2,0	-2,1	-85,9	0	-177,8
1917	17.09.2025 07:48:56,000	13,81	-6,29	-0,2	-2,8	-87,0	0	-177,2
1918	17.09.2025 07:48:57,000	13,81	-6,29	1,0	-3,7	-85,3	0	-176,3
1919	17.09.2025 07:48:58,000	13,81	-6,29	-1,6	-2,6	-85,7	0	-177,3
1920	17.09.2025 07:48:59,000	13,81	-6,29	-2,4	-4,8	-82,7	0	-175,1
1921	17.09.2025 07:49:00,000	13,81	-6,29	0,5	-4,4	-85,0	0	-175,6
1922	17.09.2025 07:49:01,000	13,81	-6,29	0,2	-2,1	-87,7	0	-177,9
1923	17.09.2025 07:49:02,000	13,84	-6,29	-2,0	-3,0	-85,0	0	-177,0
1924	17.09.2025 07:49:03,000	13,84	-6,29	-1,5	-4,2	-84,2	0	-175,7
1925	17.09.2025 07:49:04,000	13,84	-6,29	0,7	-3,9	-85,5	0	-176,1
1926	17.09.2025 07:49:05,000	13,84	-6,29	-0,2	-1,9	-87,8	0	-178,1
1927	17.09.2025 07:49:06,000	13,84	-6,29	-1,4	-2,8	-85,9	0	-177,2
1928	17.09.2025 07:49:07,000	13,84	-6,29	-0,7	-3,7	-85,6	0	-176,3
1929	17.09.2025 07:49:08,000	13,84	-6,29	-0,3	-3,4	-86,3	0	-176,6
1930	17.09.2025 07:49:09,000	13,84	-6,29	-0,4	-3,5	-86,1	0	-176,5
1931	17.09.2025 07:49:10,000	13,84	-6,29	-1,2	-3,4	-85,4	0	-176,6
1932	17.09.2025 07:49:11,000	13,84	-6,29	0,0	-3,8	-86,2	0	-176,2
1933	17.09.2025 07:49:12,000	13,84	-6,29	-0,1	-3,1	-86,8	0	-176,8
1934	17.09.2025 07:49:13,000	13,84	-6,29	0,3	-3,5	-86,2	0	-176,5
1935	17.09.2025 07:49:14,000	13,84	-6,29	1,5	-2,6	-85,9	0	-177,4
1936	17.09.2025 07:49:15,000	13,84	-6,29	1,1	-2,2	-86,7	0	-177,8
1937	17.09.2025 07:49:16,000	13,84	-6,29	0,2	-2,8	-87,0	0	-177,2
1938	17.09.2025 07:49:17,000	13,84	-6,29	0,4	-4,0	-85,7	0	-176,0
1939	17.09.2025 07:49:18,000	13,84	-6,29	1,7	-4,2	-84,0	0	-175,7
1940	17.09.2025 07:49:19,000	13,84	-6,29	0,9	-4,7	-84,3	0	-175,2
1941	17.09.2025 07:49:20,000	13,84	-6,29	0,1	-4,1	-85,8	0	-175,9
1942	17.09.2025 07:49:21,000	13,87	-6,29	0,5	-4,1	-85,3	0	-175,8
1943	17.09.2025 07:49:22,000	13,87	-6,29	0,5	-4,2	-85,3	0	-175,7
1944	17.09.2025 07:49:23,000	13,87	-6,29	1,6	-3,2	-85,2	0	-176,8
1945	17.09.2025 07:49:24,000	13,87	-6,29	1,5	0,4	-88,1	0	179,6
1946	17.09.2025 07:49:25,000	13,87	-6,29	2,5	1,1	-86,4	0	178,9
1947	17.09.2025 07:49:26,000	13,87	-6,29	2,4	0,7	-86,9	0	179,3
1948	17.09.2025 07:49:27,000	13,87	-6,29	2,7	2,1	-85,3	0	177,9
1949	17.09.2025 07:49:28,000	13,87	-6,29	2,3	2,0	-85,8	0	178,0
1950	17.09.2025 07:49:29,000	13,87	-6,29	3,5	3,1	-83,3	0	176,8
1951	17.09.2025 07:49:30,000	13,87	-6,29	0,8	1,4	-87,8	0	178,6
1952	17.09.2025 07:49:31,000	13,87	-6,29	1,4	-0,5	-88,2	0	-179,5
1953	17.09.2025 07:49:32,000	13,87	-6,29	1,7	1,7	-86,5	0	178,3
1954	17.09.2025 07:49:33,000	13,87	-6,29	1,2	1,1	-87,7	0	178,9
1955	17.09.2025 07:49:34,000	13,87	-6,29	2,6	1,0	-86,3	0	178,9
1956	17.09.2025 07:49:35,000	13,87	-6,29	1,8	2,4	-85,8	0	177,5
1957	17.09.2025 07:49:36,000	13,87	-6,29	4,3	4,7	-81,1	0	175,2
1958	17.09.2025 07:49:37,000	13,87	-6,29	1,2	3,0	-85,8	0	177,0
1959	17.09.2025 07:49:38,000	13,90	-6,29	3,6	2,7	-83,7	0	177,3
1960	17.09.2025 07:49:39,000	13,90	-6,29	2,1	4,5	-83,4	0	175,4
1961	17.09.2025 07:49:40,000	13,90	-6,29	2,1	3,2	-84,6	0	176,7
1962	17.09.2025 07:49:41,000	13,90	-6,29	4,5	3,1	-82,4	0	176,8
1963	17.09.2025 07:49:42,000	13,90	-6,29	0,6	3,1	-86,2	0	176,9
1964	17.09.2025 07:49:43,000	13,90	-6,29	5,3	3,4	-81,2	0	176,4
1965	17.09.2025 07:49:44,000	13,90	-6,29	0,3	4,0	-85,7	0	176,0
1966	17.09.2025 07:49:45,000	13,90	-6,29	1,8	2,4	-85,7	0	177,5
1967	17.09.2025 07:49:46,000	13,90	-6,29	3,1	2,5	-84,3	0	177,4
1968	17.09.2025 07:49:47,000	13,90	-6,29	0,2	1,5	-88,4	0	178,5
1969	17.09.2025 07:49:48,000	13,90	-6,29	3,2	0,5	-86,3	0	179,5
1970	17.09.2025 07:49:49,000	13,90	-6,29	0,2	0,2	-89,5	0	179,8
1971	17.09.2025 07:49:50,000	13,90	-6,29	0,5	-1,3	-88,2	0	-178,7
1972	17.09.2025 07:49:51,000	13,90	-6,29	1,4	-1,2	-87,4	0	-178,8
1973	17.09.2025 07:49:52,000	13,93	-6,29	-0,9	-0,3	-88,8	0	-179,7
1974	17.09.2025 07:49:53,000	13,93	-6,29	2,8	-1,2	-86,0	0	-178,8
1975	17.09.2025 07:49:54,000	13,93	-6,29	-1,0	-0,7	-88,3	0	-179,3
1976	17.09.2025 07:49:55,000	13,93	-6,29	1,6	-1,0	-87,4	0	-179,0
1977	17.09.2025 07:49:56,000	13,93	-6,29	0,7	-0,4	-88,8	0	-179,6
1978	17.09.2025 07:49:57,000	13,93	-6,29	-0,7	-0,6	-88,7	0	-179,4
1979	17.09.2025 07:49:58,000	13,93	-6,29	0,5	-1,3	-88,2	0	-178,7
1980	17.09.2025 07:49:59,000	13,93	-6,29	0,1	-1,1	-88,8	0	-178,8
1981	17.09.2025 07:50:00,000	13,93	-6,29	-0,1	-1,0	-88,9	0	-179,0
1982	17.09.2025 07:50:01,000	13,93	-6,29	-0,5	-0,7	-88,8	0	-179,3
1983	17.09.2025 07:50:02,000	13,93	-6,29	1,0	-1,1	-87,9	0	-178,9
1984	17.09.2025 07:50:03,000	13,97	-6,29	-0,7	-1,6	-87,7	0	-178,4
1985	17.09.2025 07:50:04,000	13,97	-6,29	0,4	-3,0	-86,6	0	-177,0
1986	17.09.2025 07:50:05,000	13,97	-6,29	-2,2	-3,3	-84,5	0	-176,6
1987	17.09.2025 07:50:06,000	13,97	-6,29	1,1	-4,3	-84,6	0	-175,7
1988	17.09.2025 07:50:07,000	14,00	-6,29	-3,6	-2,6	-83,8	0	-177,4
1989	17.09.2025 07:50:08,000	14,00	-6,29	1,5	-4,1	-84,4	0	-175,9
1990	17.09.2025 07:50:09,000	14,00	-6,29	-2,4	-2,9	-84,7	1	-177,1
1991	17.09.2025 07:50:10,000	14,00	-6,29	-1,1	-4,8	-84,1	0	-175,2
1992	17.09.2025 07:50:11,000	14,00	-6,29	-0,8	-4,9	-84,3	0	-175,1
1993	17.09.2025 07:50:12,000	14,00	-6,29	-3,5	-4,7	-81,7	0	-175,1
1994	17.09.2025 07:50:13,000	14,00	-6,29	-1,1	-5,0	-83,9	0	-174,9
1995	17.09.2025 07:50:14,000	14,00	-6,29	-3,5	-5,6	-80,9	0	-174,2
1996	17.09.2025 07:50:15,000	14,00	-6,29	-3,1	-4,4	-82,4	0	-175,4
1997	17.09.2025 07:50:16,000	14,00	-6,29	-3,2	-5,0	-81,7	0	-174,8
1998	17.09.2025 07:50:17,000	14,00	-6,29	-3,9	-4,3	-81,8	0	-175,5
1999	17.09.2025 07:50:18,000	14,00	-6,29	0,0	-4,9	-85,1	0	-175,1
2000	17.09.2025 07:50:19,000	14,03	-6,29	-4,8	-3,6	-81,6	0	-176,3
2001	17.09.2025 07:50:20,000	14,03	-6,29	0,0	-6,0	-84,0	0	-174,0
2002	17.09.2025 07:50:21,000	14,03	-6,29	-4,3	-5,1	-80,5	0	-174,7
2003	17.09.2025 07:50:22,000	14,03	-6,29	-3,5	-6,5	-80,0	0	-173,3
2004	17.09.2025 07:50:23,000	14,03	-6,29	-4,8	-4,8	-80,4	0	-175,0
2005	17.09.2025 07:50:24,000	14,03	-6,29	-3,3	-5,8	-80,8	0	-174,0
2006	17.09.2025 07:50:25,000	14,03	-6,29	-3,8	-4,6	-81,6	0	-175,3
2007	17.09.2025 07:50:26,000	14,03	-6,29	-3,0	-5,6	-81,4	0	-174,3
2008	17.09.2025 07:50:27,000	14,03	-6,29	-4,2	-5,1	-80,7	0	-174,7
2009	17.09.2025 07:50:28,000	14,03	-6,29	-0,9	-5,7	-83,4	0	-174,3
2010	17.09.2025 07:50:29,000	14,03	-6,29	-4,2	-4,4	-81,3	0	-175,4
2011	17.09.2025 07:50:30,000	14,03	-6,29	-2,8	-5,6	-81,6	0	-174,3
2012	17.09.2025 07:50:31,000	14,03	-6,29	-2,3	-4,4	-83,3	0	-175,5
2013	17.09.2025 07:50:32,000	14,03	-6,29	-3,8	-4,3	-82,0	0	-175,6
2014	17.09.2025 07:50:33,000	14,06	-6,29	-1,0	-4,5	-84,5	0	-175,4
2015	17.09.2025 07:50:34,000	14,06	-6,29	-3,6	-4,0	-82,3	0	-175,8
2016	17.09.2025 07:50:35,000	14,06	-6,29	-4,4	-5,5	-80,0	0	-174,3
2017	17.09.2025 07:50:36,000	14,06	-6,29	-2,5	-5,6	-81,9	0	-174,2
2018	17.09.2025 07:50:37,000	14,09	-6,29	-5,9	-6,0	-78,1	0	-173,7
2019	17.09.2025 07:50:38,000	14,09	-6,29	-2,7	-5,8	-81,4	0	-174,0
2020	17.09.2025 07:50:39,000	14,09	-6,29	-4,3	-6,1	-79,6	0	-173,6
2021	17.09.2025 07:50:40,000	14,09	-6,29	-3,9	-4,8	-81,3	0	-175,1
2022	17.09.2025 07:50:41,000	14,09	-6,29	-2,4	-5,4	-82,2	0	-174,5
2023	17.09.2025 07:50:42,000	14,09	-6,29	-4,4	-4,4	-81,2	0	-175,5
2024	17.09.2025 07:50:43,000	14,09	-6,29	-0,6	-4,6	-84,8	0	-175,4
2025	17.09.2025 07:50:44,000	14,09	-6,29	-4,5	-4,9	-80,6	0	-174,9
2026	17.09.2025 07:50:45,000	14,09	-6,29	-3,3	-4,7	-81,9	0	-175,2
2027	17.09.2025 07:50:46,000	14,09	-6,29	-4,9	-4,3	-80,9	0	-175,6
2028	17.09.2025 07:50:47,000	14,09	-6,29	-3,7	-5,2	-81,1	0	-174,7
2029	17.09.2025 07:50:48,000	14,09	-6,29	-3,4	-6,0	-80,6	0	-173,8
2030	17.09.2025 07:50:49,000	14,09	-6,29	-3,6	-6,3	-80,1	0	-173,5
2031	17.09.2025 07:50:50,000	14,12	-6,29	-3,9	-6,4	-79,7	0	-173,4
2032	17.09.2025 07:50:51,000	14,12	-6,29	-4,0	-4,3	-81,7	0	-175,6
2033	17.09.2025 07:50:52,000	14,12	-6,29	-2,5	-4,6	-82,9	0	-175,3
2034	17.09.2025 07:50:53,000	14,15	-6,29	-3,9	-3,3	-82,8	0	-176,6
2035	17.09.2025 07:50:54,000	14,15	-6,29	-0,1	-4,2	-85,7	0	-175,8
2036	17.09.2025 07:50:55,000	14,15	-6,29	-4,4	-4,5	-81,1	0	-175,3
2037	17.09.2025 07:50:56,000	14,15	-6,29	-2,4	-5,8	-81,8	0	-174,0
2038	17.09.2025 07:50:57,000	14,15	-6,29	-3,5	-5,8	-80,7	0	-174,0
2039	17.09.2025 07:50:58,000	14,15	-6,29	-4,9	-6,1	-79,0	0	-173,6
2040	17.09.2025 07:50:59,000	14,18	-6,29	-0,3	-5,9	-83,8	0	-174,1
2041	17.09.2025 07:51:00,000	14,18	-6,29	-4,7	-5,6	-79,6	0	-174,1
2042	17.09.2025 07:51:01,000	14,18	-6,29	-3,8	-5,3	-80,9	0	-174,6
2043	17.09.2025 07:51:02,000	14,21	-6,29	-3,2	-5,2	-81,7	0	-174,7
2044	17.09.2025 07:51:03,000	14,21	-6,29	-4,9	-5,2	-79,9	0	-174,6
2045	17.09.2025 07:51:04,000	14,21	-6,29	-2,6	-5,6	-81,8	0	-174,3
2046	17.09.2025 07:51:05,000	14,24	-6,29	-4,2	-3,9	-81,9	0	-176,0
2047	17.09.2025 07:51:06,000	14,24	-6,29	-3,8	-5,9	-80,3	0	-173,9
2048	17.09.2025 07:51:07,000	14,24	-6,29	-4,8	-5,1	-80,2	0	-174,7
2049	17.09.2025 07:51:08,000	14,28	-6,29	-3,5	-4,7	-81,7	0	-175,1
2050	17.09.2025 07:51:09,000	14,28	-6,29	-3,4	-4,1	-82,5	0	-175,8
2051	17.09.2025 07:51:10,000	14,28	-6,29	-2,1	-3,1	-84,8	0	-176,8
2052	17.09.2025 07:51:11,000	14,28	-6,29	-3,2	-3,8	-83,0	0	-176,1
2053	17.09.2025 07:51:12,000	14,28	-6,29	-2,8	-3,9	-83,3	0	-176,0
2054	17.09.2025 07:51:13,000	14,28	-6,29	-2,8	-5,8	-81,5	0	-174,1
2055	17.09.2025 07:51:14,000	14,28	-6,29	-4,7	-4,8	-80,4	0	-175,0
2056	17.09.2025 07:51:15,000	14,28	-6,29	-2,4	-6,3	-81,3	0	-173,5
2057	17.09.2025 07:51:16,000	14,31	-6,29	-4,7	-4,6	-80,7	0	-175,2
2058	17.09.2025 07:51:17,000	14,31	-6,29	-2,5	-5,8	-81,7	0	-174,1
2059	17.09.2025 07:51:18,000	14,31	-6,29	-5,0	-4,1	-80,9	0	-175,8
2060	17.09.2025 07:51:19,000	14,34	-6,29	-1,3	-5,0	-83,6	0	-174,9
2061	17.09.2025 07:51:20,000	14,34	-6,29	-4,1	-4,4	-81,5	0	-175,5
2062	17.09.2025 07:51:21,000	14,34	-6,29	-2,5	-5,2	-82,3	0	-174,7
2063	17.09.2025 07:51:22,000	14,34	-6,29	-4,4	-5,1	-80,6	0	-174,8
2064	17.09.2025 07:51:23,000	14,34	-6,29	-3,2	-5,7	-81,0	0	-174,1
2065	17.09.2025 07:51:24,000	14,34	-6,29	-4,3	-4,6	-81,1	0	-175,2
2066	17.09.2025 07:51:25,000	14,37	-6,29	-3,0	-3,9	-83,2	0	-176,0
2067	17.09.2025 07:51:26,000	14,37	-6,29	-2,4	-3,8	-83,8	0	-176,1
2068	17.09.2025 07:51:27,000	14,37	-6,29	-3,8	-4,2	-82,0	0	-175,7
2069	17.09.2025 07:51:28,000	14,37	-6,29	-0,9	-4,7	-84,5	0	-175,3
2070	17.09.2025 07:51:29,000	14,37	-6,29	-4,6	-4,0	-81,4	0	-175,8
2071	17.09.2025 07:51:30,000	14,37	-6,29	-2,6	-4,6	-82,8	0	-175,3
2072	17.09.2025 07:51:31,000	14,37	-6,29	-3,3	-4,5	-82,2	0	-175,4
2073	17.09.2025 07:51:32,000	14,37	-6,29	-4,2	-4,5	-81,3	0	-175,3
2074	17.09.2025 07:51:33,000	14,37	-6,29	-2,4	-5,4	-82,2	0	-174,5
2075	17.09.2025 07:51:34,000	14,34	-6,29	-5,0	-4,1	-80,9	0	-175,8
2076	17.09.2025 07:51:35,000	14,34	-6,29	-1,7	-4,4	-83,9	0	-175,5
2077	17.09.2025 07:51:36,000	14,34	-6,29	-3,9	-4,1	-82,1	0	-175,8
2078	17.09.2025 07:51:37,000	14,34	-6,29	-3,0	-5,4	-81,7	0	-174,5
2079	17.09.2025 07:51:38,000	14,34	-6,29	-4,1	-4,5	-81,4	0	-175,3
2080	17.09.2025 07:51:39,000	14,34	-6,29	-0,8	-4,9	-84,4	0	-175,1
2081	17.09.2025 07:51:40,000	14,34	-6,29	-4,8	-3,8	-81,4	0	-176,0
2082	17.09.2025 07:51:41,000	14,34	-6,29	-0,8	-6,4	-82,7	0	-173,5
2083	17.09.2025 07:51:42,000	14,34	-6,29	-4,3	-5,6	-80,1	0	-174,2
2084	17.09.2025 07:51:43,000	14,34	-6,29	-3,9	-5,2	-80,9	0	-174,6
2085	17.09.2025 07:51:44,000	14,34	-6,29	-2,9	-4,5	-82,7	0	-175,4
2086	17.09.2025 07:51:45,000	14,34	-6,29	-3,5	-4,6	-81,9	0	-175,2
2087	17.09.2025 07:51:46,000	14,34	-6,29	-4,8	-4,0	-81,2	0	-175,8
2088	17.09.2025 07:51:47,000	14,34	-6,29	0,5	-5,2	-84,3	0	-174,7
2089	17.09.2025 07:51:48,000	14,34	-6,29	-5,0	-3,7	-81,4	0	-176,2
2090	17.09.2025 07:51:49,000	14,34	-6,29	-2,0	-6,4	-81,6	0	-173,5
2091	17.09.2025 07:51:50,000	14,34	-6,29	-4,5	-5,5	-80,1	0	-174,3
2092	17.09.2025 07:51:51,000	14,34	-6,29	-1,3	-6,8	-82,0	0	-173,2
2093	17.09.2025 07:51:52,000	14,34	-6,29	-5,2	-4,6	-80,2	0	-175,2
2094	17.09.2025 07:51:53,000	14,34	-6,29	-0,6	-6,8	-82,6	0	-173,2
2095	17.09.2025 07:51:54,000	14,37	-6,29	-4,6	-4,1	-81,4	0	-175,8
2096	17.09.2025 07:51:55,000	14,37	-6,29	-2,6	-5,1	-82,4	0	-174,8
2097	17.09.2025 07:51:56,000	14,37	-6,29	-4,1	-3,7	-82,2	0	-176,2
2098	17.09.2025 07:51:57,000	14,37	-6,29	-2,7	-5,4	-81,9	0	-174,4
2099	17.09.2025 07:51:58,000	14,37	-6,29	-3,4	-5,5	-81,1	0	-174,4
2100	17.09.2025 07:51:59,000	14,37	-6,29	-4,2	-6,3	-79,5	0	-173,4
2101	17.09.2025 07:52:00,000	14,37	-6,29	-3,3	-7,0	-79,7	0	-172,7
2102	17.09.2025 07:52:01,000	14,37	-6,29	-4,7	-5,7	-79,6	0	-174,1
2103	17.09.2025 07:52:02,000	14,37	-6,29	-3,4	-4,8	-81,8	0	-175,1
2104	17.09.2025 07:52:03,000	14,37	-6,29	-4,0	-5,5	-80,5	0	-174,3
2105	17.09.2025 07:52:04,000	14,37	-6,29	-3,0	-5,1	-81,9	0	-174,8
2106	17.09.2025 07:52:05,000	14,37	-6,29	-4,3	-5,0	-80,7	0	-174,8
2107	17.09.2025 07:52:06,000	14,37	-6,29	-3,8	-4,8	-81,4	0	-175,0
2108	17.09.2025 07:52:07,000	14,37	-6,29	-3,1	-4,9	-82,0	0	-175,0
2109	17.09.2025 07:52:08,000	14,37	-6,29	-3,5	-4,3	-82,2	0	-175,6
2110	17.09.2025 07:52:09,000	14,37	-6,29	-3,3	-4,6	-82,1	0	-175,3
2111	17.09.2025 07:52:10,000	14,37	-6,29	-3,5	-4,1	-82,4	0	-175,8
2112	17.09.2025 07:52:11,000	14,37	-6,29	-3,3	-4,6	-82,2	0	-175,3
2113	17.09.2025 07:52:12,000	14,37	-6,29	-3,2	-3,8	-83,0	0	-176,1
2114	17.09.2025 07:52:13,000	14,37	-6,29	-3,5	-5,0	-81,5	0	-174,9
2115	17.09.2025 07:52:14,000	14,37	-6,29	-2,7	-4,5	-82,8	0	-175,4
2116	17.09.2025 07:52:15,000	14,37	-6,29	-5,2	-5,5	-79,3	0	-174,3
2117	17.09.2025 07:52:16,000	14,37	-6,29	-1,9	-6,1	-82,0	0	-173,8
2118	17.09.2025 07:52:17,000	14,37	-6,29	-4,9	-5,5	-79,5	0	-174,2
2119	17.09.2025 07:52:18,000	14,37	-6,29	-2,8	-6,0	-81,1	0	-173,8
2120	17.09.2025 07:52:19,000	14,37	-6,29	-5,0	-4,7	-80,3	0	-175,1
2121	17.09.2025 07:52:20,000	14,37	-6,29	-2,9	-4,5	-82,6	0	-175,4
2122	17.09.2025 07:52:21,000	14,37	-6,29	-3,8	-4,3	-81,9	0	-175,5
2123	17.09.2025 07:52:22,000	14,40	-6,29	-3,1	-4,3	-82,6	0	-175,6
2124	17.09.2025 07:52:23,000	14,40	-6,29	-3,2	-4,2	-82,7	0	-175,7
2125	17.09.2025 07:52:24,000	14,37	-6,29	-3,6	-4,7	-81,7	0	-175,2
2126	17.09.2025 07:52:25,000	14,40	-6,29	-3,2	-6,0	-80,8	0	-173,8
2127	17.09.2025 07:52:26,000	14,40	-6,29	-9,3	-16,0	-64,8	0	-162,5
2128	17.09.2025 07:52:27,000	14,40	-6,29	-24,4	-14,1	-51,5	1	-162,1
2129	17.09.2025 07:52:28,000	14,43	-6,29	4,9	-77,0	8,1	1	-81,6
2130	17.09.2025 07:52:29,000	14,43	-6,29	-34,1	-36,6	-19,3	1	-119,5
2131	17.09.2025 07:52:30,000	14,43	-6,29	-7,8	-15,1	-67,2	0	-163,7
2132	17.09.2025 07:52:31,000	14,43	-6,29	-28,6	-24,8	-36,6	0	-144,5
2133	17.09.2025 07:52:32,000	14,43	-6,29	-17,1	-16,4	-56,5	1	-160,6
2134	17.09.2025 07:52:33,000	14,43	-6,29	-5,0	-10,0	-74,9	1	-169,5
2135	17.09.2025 07:52:34,000	14,43	-6,29	-26,1	-1,4	-62,5	0	-178,4
2136	17.09.2025 07:52:35,000	14,43	-6,29	-43,8	-20,9	-25,3	0	-140,1
2137	17.09.2025 07:52:36,000	14,43	-6,29	-43,1	-22,4	-24,6	0	-137,5
2138	17.09.2025 07:52:37,000	14,43	-6,29	-51,7	-15,1	-23,2	0	-146,3
2139	17.09.2025 07:52:38,000	14,43	-6,29	-13,0	-32,2	-44,8	0	-142,5
2140	17.09.2025 07:52:39,000	14,43	-6,29	-20,9	-9,9	-59,2	0	-168,3
2141	17.09.2025 07:52:40,000	14,46	-6,29	-12,1	-3,9	-74,0	0	-175,9
2142	17.09.2025 07:52:41,000	14,46	-6,29	-12,1	-6,0	-71,9	0	-173,6
2143	17.09.2025 07:52:42,000	14,46	-6,29	-11,8	-5,1	-73,0	0	-174,5
2144	17.09.2025 07:52:43,000	14,46	-6,29	-12,2	-5,0	-72,8	0	-174,6
2145	17.09.2025 07:52:44,000	14,46	-6,29	-12,3	-5,8	-71,9	0	-173,8
2146	17.09.2025 07:52:45,000	14,46	-6,29	-11,4	-4,5	-74,1	0	-175,2
2147	17.09.2025 07:52:46,000	14,46	-6,29	-11,3	-6,3	-72,4	0	-173,2
2148	17.09.2025 07:52:47,000	14,46	-6,29	-10,2	-5,0	-74,7	0	-174,7
2149	17.09.2025 07:52:48,000	14,46	-6,29	-10,8	-6,1	-73,1	0	-173,5
2150	17.09.2025 07:52:49,000	14,46	-6,29	-11,7	-6,4	-71,9	0	-173,1
2151	17.09.2025 07:52:50,000	14,46	-6,29	-11,7	-4,4	-73,9	0	-175,4
2152	17.09.2025 07:52:51,000	14,46	-6,29	-12,4	-5,5	-72,1	0	-174,1
2153	17.09.2025 07:52:52,000	14,46	-6,29	-12,2	-4,5	-73,3	0	-175,2
2154	17.09.2025 07:52:53,000	14,46	-6,29	-12,2	-5,6	-72,2	0	-174,0
2155	17.09.2025 07:52:54,000	14,46	-6,29	-11,3	-3,9	-74,9	0	-175,9
2156	17.09.2025 07:52:55,000	14,46	-6,29	-11,5	-5,3	-73,2	0	-174,3
2157	17.09.2025 07:52:56,000	14,46	-6,29	-12,2	-4,7	-73,1	0	-174,9
2158	17.09.2025 07:52:57,000	14,46	-6,29	-11,3	-3,5	-75,2	0	-176,3
2159	17.09.2025 07:52:58,000	14,46	-6,29	-12,4	-6,3	-71,3	0	-173,2
2160	17.09.2025 07:52:59,000	14,46	-6,29	-11,0	-3,6	-75,4	0	-176,2
2161	17.09.2025 07:53:00,000	14,46	-6,29	-12,8	-6,0	-71,2	0	-173,5
2162	17.09.2025 07:53:01,000	14,46	-6,29	-11,3	-3,4	-75,3	0	-176,4
2163	17.09.2025 07:53:02,000	14,46	-6,29	-13,0	-5,7	-71,3	0	-173,8
2164	17.09.2025 07:53:03,000	14,46	-6,29	-11,0	-4,4	-74,6	0	-175,3
2165	17.09.2025 07:53:04,000	14,46	-6,29	-11,8	-5,8	-72,4	0	-173,7
2166	17.09.2025 07:53:05,000	14,46	-6,29	-11,1	-5,1	-73,7	0	-174,5
2167	17.09.2025 07:53:06,000	14,46	-6,29	-11,9	-6,1	-72,0	0	-173,4
2168	17.09.2025 07:53:07,000	14,46	-6,29	-11,6	-5,0	-73,5	0	-174,7
2169	17.09.2025 07:53:08,000	14,46	-6,29	-12,1	-5,5	-72,4	0	-174,1
2170	17.09.2025 07:53:09,000	14,46	-6,29	-10,9	-4,3	-74,8	0	-175,4
2171	17.09.2025 07:53:10,000	14,46	-6,29	-12,4	-5,9	-71,6	0	-173,6
2172	17.09.2025 07:53:11,000	14,46	-6,29	-11,4	-5,2	-73,4	0	-174,4
2173	17.09.2025 07:53:12,000	14,49	-6,29	-11,4	-4,7	-73,9	0	-175,0
2174	17.09.2025 07:53:13,000	14,49	-6,29	-11,9	-5,7	-72,3	0	-173,8
2175	17.09.2025 07:53:14,000	14,49	-6,29	-10,9	-4,5	-74,6	0	-175,2
2176	17.09.2025 07:53:15,000	14,49	-6,29	-10,1	-5,5	-74,4	0	-174,1
2177	17.09.2025 07:53:16,000	14,49	-6,29	-10,7	-5,0	-74,2	0	-174,6
2178	17.09.2025 07:53:17,000	14,49	-6,29	-11,4	-6,0	-72,5	0	-173,5
2179	17.09.2025 07:53:18,000	14,49	-6,29	-10,5	-2,6	-76,8	0	-177,2
2180	17.09.2025 07:53:19,000	14,49	-6,29	-11,6	-6,1	-72,3	0	-173,4
2181	17.09.2025 07:53:20,000	14,49	-6,29	-12,0	-3,6	-74,5	0	-176,2
2182	17.09.2025 07:53:21,000	14,49	-6,29	-12,5	-5,7	-71,9	0	-173,9
2183	17.09.2025 07:53:22,000	14,49	-6,29	-11,6	-3,8	-74,5	0	-175,9
2184	17.09.2025 07:53:23,000	14,49	-6,29	-12,4	-6,8	-70,8	0	-172,6
2185	17.09.2025 07:53:24,000	14,49	-6,29	-10,7	-3,8	-75,5	0	-176,0
2186	17.09.2025 07:53:25,000	14,49	-6,29	-13,1	-6,6	-70,3	0	-172,8
2187	17.09.2025 07:53:26,000	14,49	-6,29	-10,6	-4,1	-75,3	0	-175,7
2188	17.09.2025 07:53:27,000	14,49	-6,29	-13,2	-7,1	-69,7	0	-172,2
2189	17.09.2025 07:53:28,000	14,49	-6,29	-11,4	-4,1	-74,6	0	-175,7
2190	17.09.2025 07:53:29,000	14,49	-6,29	-12,9	-6,1	-71,1	0	-173,4
2191	17.09.2025 07:53:30,000	14,49	-6,29	-11,5	-5,5	-73,0	0	-174,1
2192	17.09.2025 07:53:31,000	14,49	-6,29	-11,8	-5,3	-72,9	0	-174,3
2193	17.09.2025 07:53:32,000	14,49	-6,29	-11,8	-5,6	-72,5	0	-173,9
2194	17.09.2025 07:53:33,000	14,49	-6,29	-10,6	-4,5	-74,8	0	-175,2
2195	17.09.2025 07:53:34,000	14,49	-6,29	-12,1	-7,0	-70,9	0	-172,4
2196	17.09.2025 07:53:35,000	14,52	-6,29	-5,8	-12,8	-71,4	0	-166,5
2197	17.09.2025 07:53:36,000	14,52	-6,29	-44,8	-5,6	-39,6	0	-171,2
2198	17.09.2025 07:53:37,000	14,52	-6,29	-52,5	-5,5	-32,0	0	-169,7
2199	17.09.2025 07:53:38,000	14,52	-6,29	-57,7	-3,7	-28,6	0	-172,4
2200	17.09.2025 07:53:39,000	14,52	-6,29	-54,1	-4,3	-31,5	0	-171,7
2201	17.09.2025 07:53:40,000	14,52	-6,29	-58,5	-3,4	-28,1	0	-172,8
2202	17.09.2025 07:53:41,000	14,52	-6,29	-57,7	-4,8	-27,5	0	-169,8
2203	17.09.2025 07:53:42,000	14,52	-6,29	-57,7	-3,8	-28,5	0	-172,0
2204	17.09.2025 07:53:43,000	14,52	-6,29	-59,1	-4,1	-26,8	0	-170,8
2205	17.09.2025 07:53:44,000	14,52	-6,29	-57,0	-0,6	-32,4	0	-178,8
2206	17.09.2025 07:53:45,000	14,52	-6,29	-60,4	-1,1	-28,5	0	-177,7
2207	17.09.2025 07:53:46,000	14,52	-6,29	-46,8	-6,1	-37,1	1	-170,0
2208	17.09.2025 07:53:47,000	14,52	-6,29	-50,9	0,6	-38,5	0	179,1
2209	17.09.2025 07:53:48,000	14,52	-6,29	-57,1	-0,8	-32,1	1	-178,5
2210	17.09.2025 07:53:49,000	14,52	-6,29	-57,7	-3,9	-28,4	1	-171,7
2211	17.09.2025 07:53:50,000	14,52	-6,29	-53,9	0,9	-35,2	0	178,5
2212	17.09.2025 07:53:51,000	14,52	-6,29	-44,4	-7,6	-38,0	1	-167,7
2213	17.09.2025 07:53:52,000	14,52	-6,29	-45,1	-6,5	-38,4	0	-169,6
2214	17.09.2025 07:53:53,000	14,52	-6,29	-44,2	-8,4	-37,4	1	-166,3
2215	17.09.2025 07:53:54,000	14,55	-6,29	-54,7	-1,6	-33,7	0	-177,1
2216	17.09.2025 07:53:55,000	14,55	-6,29	-53,8	-1,2	-35,0	0	-177,9
2217	17.09.2025 07:53:56,000	14,55	-6,29	-54,9	-2,5	-32,6	0	-175,4
2218	17.09.2025 07:53:57,000	14,55	-6,29	-57,6	-3,3	-29,0	0	-173,1
2219	17.09.2025 07:53:58,000	14,55	-6,29	-55,5	-3,9	-30,6	1	-172,3
2220	17.09.2025 07:53:59,000	14,55	-6,29	-58,8	-1,8	-29,4	0	-176,2
2221	17.09.2025 07:54:00,000	14,55	-6,29	-54,2	-5,6	-30,2	0	-168,9
2222	17.09.2025 07:54:01,000	14,55	-6,29	-53,3	-2,7	-34,0	0	-175,2
2223	17.09.2025 07:54:02,000	14,55	-6,29	-56,4	-2,8	-30,8	1	-174,6
2224	17.09.2025 07:54:03,000	14,55	-6,29	-55,4	-3,2	-31,5	0	-174,0
2225	17.09.2025 07:54:04,000	14,55	-6,29	-56,5	-4,2	-29,3	0	-171,5
2226	17.09.2025 07:54:05,000	14,55	-6,29	-57,6	-3,5	-28,9	1	-172,9
2227	17.09.2025 07:54:06,000	14,55	-6,29	-68,8	-17,8	-3,4	1	-172,9
2228	17.09.2025 07:54:07,000	14,58	-6,29	-55,2	-12,7	22,1	0	-30,4
2229	17.09.2025 07:54:08,000	14,58	-6,29	-55,0	-11,9	23,1	0	-27,8
2230	17.09.2025 07:54:09,000	14,58	-6,29	-54,7	-12,6	22,7	0	-29,5
2231	17.09.2025 07:54:10,000	14,58	-6,29	-54,0	-12,0	24,0	0	-27,1
2232	17.09.2025 07:54:11,000	14,58	-6,29	-53,6	-13,5	22,9	0	-31,0
2233	17.09.2025 07:54:12,000	14,58	-6,29	-54,7	-11,4	24,0	0	-26,0
2234	17.09.2025 07:54:13,000	14,58	-6,29	-55,1	-13,2	21,7	0	-31,8
2235	17.09.2025 07:54:14,000	14,58	-6,29	-56,1	-10,8	23,1	0	-25,5
2236	17.09.2025 07:54:15,000	14,58	-6,29	-55,4	-13,0	21,6	0	-31,4
2237	17.09.2025 07:54:16,000	14,58	-6,29	-53,8	-11,4	24,8	0	-25,3
2238	17.09.2025 07:54:17,000	14,58	-6,29	-54,1	-13,5	22,3	0	-31,7
2239	17.09.2025 07:54:18,000	14,58	-6,29	-53,3	-12,3	24,5	0	-27,3
2240	17.09.2025 07:54:19,000	14,58	-6,29	-55,6	-11,8	22,7	0	-27,9
2241	17.09.2025 07:54:20,000	14,58	-6,29	-53,4	-14,1	22,5	0	-32,5
2242	17.09.2025 07:54:21,000	14,62	-6,29	-56,3	-10,0	23,7	0	-23,5
2243	17.09.2025 07:54:22,000	14,62	-6,29	-54,4	-13,9	21,8	0	-32,9
2244	17.09.2025 07:54:23,000	14,62	-6,29	-55,2	-11,3	23,5	0	-26,2
2245	17.09.2025 07:54:24,000	14,62	-6,29	-53,5	-13,5	23,0	0	-31,0
2246	17.09.2025 07:54:25,000	14,62	-6,29	-56,1	-11,7	22,2	0	-28,3
2247	17.09.2025 07:54:26,000	14,62	-6,29	-54,1	-13,3	22,6	0	-31,0
2248	17.09.2025 07:54:27,000	14,62	-6,29	-55,0	-10,9	24,2	0	-24,8
2249	17.09.2025 07:54:28,000	14,62	-6,29	-54,3	-13,7	22,0	0	-32,4
2250	17.09.2025 07:54:29,000	14,62	-6,29	-54,1	-11,9	24,0	0	-27,1
2251	17.09.2025 07:54:30,000	14,62	-6,29	-54,4	-12,8	22,7	0	-30,0
2252	17.09.2025 07:54:31,000	14,62	-6,29	-54,2	-12,4	23,4	0	-28,5
2253	17.09.2025 07:54:32,000	14,65	-6,29	-54,5	-13,5	22,0	0	-32,1
2254	17.09.2025 07:54:33,000	14,65	-6,29	-55,2	-11,4	23,4	0	-26,5
2255	17.09.2025 07:54:34,000	14,65	-6,29	-54,6	-12,9	22,5	0	-30,3
2256	17.09.2025 07:54:35,000	14,65	-6,29	-55,3	-11,4	23,3	0	-26,6
2257	17.09.2025 07:54:36,000	14,65	-6,29	-55,6	-12,0	22,4	0	-28,6
2258	17.09.2025 07:54:37,000	14,65	-6,29	-55,5	-12,3	22,2	0	-29,6
2259	17.09.2025 07:54:38,000	14,65	-6,29	-54,7	-12,1	23,2	0	-28,2
2260	17.09.2025 07:54:39,000	14,65	-6,29	-55,6	-12,5	22,0	0	-30,1
2261	17.09.2025 07:54:40,000	14,65	-6,29	-53,8	-12,8	23,5	0	-29,1
2262	17.09.2025 07:54:41,000	14,65	-6,29	-56,1	-12,4	21,5	0	-30,4
2263	17.09.2025 07:54:42,000	14,65	-6,29	-54,9	-12,4	22,7	0	-29,1
2264	17.09.2025 07:54:43,000	14,65	-6,29	-54,3	-12,5	23,2	0	-28,8
2265	17.09.2025 07:54:44,000	14,65	-6,29	-54,2	-13,0	22,8	0	-30,3
2266	17.09.2025 07:54:45,000	14,68	-6,29	-54,3	-12,2	23,4	0	-28,2
2267	17.09.2025 07:54:46,000	14,68	-6,29	-53,0	-14,9	22,1	0	-34,4
2268	17.09.2025 07:54:47,000	14,68	-6,29	-55,4	-10,9	23,8	0	-25,2
2269	17.09.2025 07:54:48,000	14,68	-6,29	-54,4	-13,7	21,9	0	-32,5
2270	17.09.2025 07:54:49,000	14,68	-6,29	-53,2	-13,4	23,3	0	-30,5
2271	17.09.2025 07:54:50,000	14,68	-6,29	-53,6	-13,0	23,4	0	-29,7
2272	17.09.2025 07:54:51,000	14,68	-6,29	-53,6	-13,0	23,4	0	-29,6
2273	17.09.2025 07:54:52,000	14,68	-6,29	-54,5	-12,8	22,7	0	-30,1
2274	17.09.2025 07:54:53,000	14,68	-6,29	-56,1	-12,0	21,9	0	-29,3
2275	17.09.2025 07:54:54,000	14,68	-6,29	-55,9	-12,0	22,1	0	-29,1
2276	17.09.2025 07:54:55,000	14,68	-6,29	-54,7	-12,7	22,6	0	-29,9
2277	17.09.2025 07:54:56,000	14,68	-6,29	-56,6	-11,6	21,8	0	-28,6
2278	17.09.2025 07:54:57,000	14,68	-6,29	-54,0	-13,3	22,7	0	-30,8
2279	17.09.2025 07:54:58,000	14,68	-6,29	-55,0	-12,4	22,6	0	-29,4
2280	17.09.2025 07:54:59,000	14,68	-6,29	-54,8	-11,6	23,6	0	-26,9
2281	17.09.2025 07:55:00,000	14,71	-6,29	-55,3	-13,2	21,4	0	-32,1
2282	17.09.2025 07:55:01,000	14,71	-6,29	-55,0	-11,7	23,3	0	-27,2
2283	17.09.2025 07:55:02,000	14,71	-6,29	-56,0	-12,0	22,0	0	-29,2
2284	17.09.2025 07:55:03,000	14,71	-6,29	-54,4	-13,6	22,0	0	-32,3
2285	17.09.2025 07:55:04,000	14,71	-6,29	-54,8	-11,4	23,9	0	-26,1
2286	17.09.2025 07:55:05,000	14,71	-6,29	-54,2	-13,4	22,4	0	-31,4
2287	17.09.2025 07:55:06,000	14,71	-6,29	-54,7	-11,6	23,7	0	-26,7
2288	17.09.2025 07:55:07,000	14,71	-6,29	-52,9	-13,7	23,4	0	-30,9
2289	17.09.2025 07:55:08,000	14,71	-6,29	-55,3	-11,9	22,8	0	-28,1
2290	17.09.2025 07:55:09,000	14,71	-6,29	-54,0	-12,2	23,9	0	-27,6
2291	17.09.2025 07:55:10,000	14,71	-6,29	-54,5	-13,9	21,5	0	-33,4
2292	17.09.2025 07:55:11,000	14,71	-6,29	-56,8	-9,0	24,2	0	-21,1
2293	17.09.2025 07:55:12,000	14,71	-6,29	-53,8	-14,6	21,6	0	-34,5
2294	17.09.2025 07:55:13,000	14,71	-6,29	-55,7	-10,3	24,0	0	-23,9
2295	17.09.2025 07:55:14,000	14,71	-6,29	-55,0	-14,2	20,9	0	-34,6
2296	17.09.2025 07:55:15,000	14,71	-6,29	-54,1	-11,5	24,4	0	-25,8
2297	17.09.2025 07:55:16,000	14,71	-6,29	-55,0	-12,7	22,3	0	-30,3
2298	17.09.2025 07:55:17,000	14,71	-6,29	-54,8	-13,5	21,7	0	-32,2
2299	17.09.2025 07:55:18,000	14,71	-6,29	-54,9	-11,1	24,0	0	-25,4
2300	17.09.2025 07:55:19,000	14,71	-6,29	-54,8	-13,0	22,2	0	-30,8
2301	17.09.2025 07:55:20,000	14,71	-6,29	-53,6	-13,1	23,3	0	-29,9
2302	17.09.2025 07:55:21,000	14,71	-6,29	-53,5	-13,9	22,6	0	-32,2
2303	17.09.2025 07:55:22,000	14,71	-6,29	-53,9	-12,0	24,1	0	-27,0
2304	17.09.2025 07:55:23,000	14,74	-6,29	-55,4	-12,9	21,8	0	-31,1
2305	17.09.2025 07:55:24,000	14,74	-6,29	-53,9	-12,1	24,0	0	-27,5
2306	17.09.2025 07:55:25,000	14,74	-6,29	-55,9	-12,7	21,5	0	-31,0
2307	17.09.2025 07:55:26,000	14,74	-6,29	-54,5	-11,4	24,1	0	-25,9
2308	17.09.2025 07:55:27,000	14,74	-6,29	-53,7	-14,8	21,5	0	-34,9
2309	17.09.2025 07:55:28,000	14,74	-6,29	-54,1	-11,3	24,5	0	-25,5
2310	17.09.2025 07:55:29,000	14,74	-6,29	-54,3	-13,3	22,5	0	-31,1
2311	17.09.2025 07:55:30,000	14,74	-6,29	-53,7	-13,0	23,3	0	-29,8
2312	17.09.2025 07:55:31,000	14,74	-6,29	-54,8	-11,5	23,7	0	-26,6
2313	17.09.2025 07:55:32,000	14,74	-6,29	-54,9	-13,2	21,9	0	-31,7
2314	17.09.2025 07:55:33,000	14,74	-6,29	-54,5	-12,4	23,2	0	-28,6
2315	17.09.2025 07:55:34,000	14,74	-6,29	-55,3	-12,2	22,6	0	-28,9
2316	17.09.2025 07:55:35,000	14,74	-6,29	-55,4	-12,7	21,9	0	-30,5
2317	17.09.2025 07:55:36,000	14,74	-6,29	-55,8	-12,1	22,1	0	-29,3
2318	17.09.2025 07:55:37,000	14,74	-6,29	-53,9	-13,3	22,8	0	-30,7
2319	17.09.2025 07:55:38,000	14,77	-6,29	-53,9	-14,4	21,7	0	-34,0
2320	17.09.2025 07:55:39,000	14,77	-6,29	-54,1	-11,6	24,3	0	-26,2
2321	17.09.2025 07:55:40,000	14,77	-6,29	-52,9	-14,4	22,7	0	-33,0
2322	17.09.2025 07:55:41,000	14,77	-6,29	-54,9	-13,7	21,4	0	-33,0
2323	17.09.2025 07:55:42,000	14,77	-6,29	-53,3	-12,8	23,9	0	-28,9
2324	17.09.2025 07:55:43,000	14,77	-6,29	-53,8	-14,2	22,0	0	-33,2
2325	17.09.2025 07:55:44,000	14,77	-6,29	-53,6	-13,0	23,4	0	-29,6
2326	17.09.2025 07:55:45,000	14,77	-6,29	-53,1	-14,1	22,9	0	-32,1
2327	17.09.2025 07:55:46,000	14,77	-6,29	-54,2	-11,9	23,9	0	-27,1
2328	17.09.2025 07:55:47,000	14,77	-6,29	-53,8	-14,3	21,8	0	-33,7
2329	17.09.2025 07:55:48,000	14,77	-6,29	-55,6	-10,7	23,7	0	-25,0
2330	17.09.2025 07:55:49,000	14,77	-6,29	-53,7	-14,3	21,9	0	-33,6
2331	17.09.2025 07:55:50,000	14,77	-6,29	-55,0	-12,8	22,2	0	-30,5
2332	17.09.2025 07:55:51,000	14,77	-6,29	-53,5	-13,0	23,5	0	-29,5
2333	17.09.2025 07:55:52,000	14,77	-6,29	-54,4	-13,7	21,9	0	-32,4
2334	17.09.2025 07:55:53,000	14,77	-6,29	-54,1	-12,7	23,2	0	-29,3
2335	17.09.2025 07:55:54,000	14,77	-6,29	-55,0	-13,5	21,5	0	-32,5
2336	17.09.2025 07:55:55,000	14,77	-6,29	-54,2	-13,0	22,8	0	-30,4
2337	17.09.2025 07:55:56,000	14,77	-6,29	-49,9	-16,5	23,6	0	-35,4
2338	17.09.2025 07:55:57,000	14,80	-6,29	-52,3	-15,8	21,9	0	-36,2
2339	17.09.2025 07:55:58,000	14,77	-6,29	-50,7	-14,9	24,4	0	-32,0
2340	17.09.2025 07:55:59,000	14,80	-6,29	-52,6	-15,8	21,6	0	-36,6
2341	17.09.2025 07:56:00,000	14,80	-6,29	-51,8	-15,5	22,7	0	-34,8
2342	17.09.2025 07:56:01,000	14,80	-6,29	-52,8	-15,2	22,0	0	-35,0
2343	17.09.2025 07:56:02,000	14,80	-6,29	-51,8	-15,8	22,3	0	-35,8
2344	17.09.2025 07:56:03,000	14,80	-6,29	-51,8	-14,5	23,6	0	-32,1
2345	17.09.2025 07:56:04,000	14,80	-6,29	-51,2	-15,8	23,0	0	-35,0
2346	17.09.2025 07:56:05,000	14,80	-6,29	-52,4	-15,6	22,0	0	-35,8
2347	17.09.2025 07:56:06,000	14,80	-6,29	-52,7	-14,4	22,9	0	-32,7
2348	17.09.2025 07:56:07,000	14,80	-6,29	-52,0	-15,7	22,3	0	-35,5
2349	17.09.2025 07:56:08,000	14,80	-6,29	-53,2	-14,9	21,9	0	-34,7
2350	17.09.2025 07:56:09,000	14,80	-6,29	-52,1	-15,5	22,4	0	-35,1
2351	17.09.2025 07:56:10,000	14,80	-6,29	-53,0	-14,6	22,5	0	-33,4
2352	17.09.2025 07:56:11,000	14,80	-6,29	-52,2	-15,5	22,3	0	-35,3
2353	17.09.2025 07:56:12,000	14,80	-6,29	-53,2	-14,2	22,6	0	-32,6
2354	17.09.2025 07:56:13,000	14,83	-6,29	-52,6	-16,1	21,4	0	-37,3
2355	17.09.2025 07:56:14,000	14,83	-6,29	-52,1	-14,4	23,4	0	-32,2
2356	17.09.2025 07:56:15,000	14,83	-6,29	-51,7	-16,3	22,0	0	-36,9
2357	17.09.2025 07:56:16,000	14,83	-6,29	-51,3	-15,9	22,8	0	-35,5
2358	17.09.2025 07:56:17,000	14,83	-6,29	-52,5	-13,9	23,6	0	-31,1
2359	17.09.2025 07:56:18,000	14,83	-6,29	-50,9	-18,4	20,7	0	-41,9
2360	17.09.2025 07:56:19,000	14,83	-6,29	-52,5	-14,1	23,4	0	-31,6
2361	17.09.2025 07:56:20,000	14,83	-6,29	-50,2	-17,9	22,0	0	-39,4
2362	17.09.2025 07:56:21,000	14,83	-6,29	-52,5	-14,5	23,1	0	-32,6
2363	17.09.2025 07:56:22,000	14,83	-6,29	-52,3	-15,3	22,4	0	-34,8
2364	17.09.2025 07:56:23,000	14,83	-6,29	-51,4	-16,9	21,7	0	-38,3
2365	17.09.2025 07:56:24,000	14,83	-6,29	-53,1	-14,2	22,7	0	-32,4
2366	17.09.2025 07:56:25,000	14,83	-6,29	-50,7	-17,2	22,1	0	-38,3
2367	17.09.2025 07:56:26,000	14,83	-6,29	-53,6	-14,2	22,2	0	-33,0
2368	17.09.2025 07:56:27,000	14,83	-6,29	-52,1	-15,3	22,6	0	-34,6
2369	17.09.2025 07:56:28,000	14,83	-6,29	-52,8	-14,8	22,4	0	-33,8
2370	17.09.2025 07:56:29,000	14,83	-6,29	-51,6	-17,5	20,9	0	-40,2
2371	17.09.2025 07:56:30,000	14,83	-6,29	-51,7	-15,9	22,5	0	-35,7
2372	17.09.2025 07:56:31,000	14,83	-6,29	-52,2	-15,2	22,6	0	-34,4
2373	17.09.2025 07:56:32,000	14,83	-6,29	-51,1	-16,9	22,1	0	-37,7
2374	17.09.2025 07:56:33,000	14,83	-6,29	-53,1	-13,3	23,6	0	-30,0
2375	17.09.2025 07:56:34,000	14,83	-6,29	-53,0	-15,1	21,8	0	-35,2
2376	17.09.2025 07:56:35,000	14,83	-6,29	-51,6	-15,6	22,8	0	-34,9
2377	17.09.2025 07:56:36,000	14,83	-6,29	-53,8	-15,3	20,9	0	-36,6
2378	17.09.2025 07:56:37,000	14,83	-6,29	-51,9	-14,5	23,5	0	-32,3
2379	17.09.2025 07:56:38,000	14,86	-6,29	-51,8	-16,6	21,5	0	-38,0
2380	17.09.2025 07:56:39,000	14,86	-6,29	-52,2	-14,6	23,2	0	-32,8
2381	17.09.2025 07:56:40,000	14,86	-6,29	-51,7	-16,4	21,8	0	-37,4
2382	17.09.2025 07:56:41,000	14,86	-6,29	-51,5	-14,8	23,7	0	-32,5
2383	17.09.2025 07:56:42,000	14,86	-6,29	-51,6	-16,7	21,7	0	-38,0
2384	17.09.2025 07:56:43,000	14,86	-6,29	-51,6	-15,6	22,8	0	-34,9
2385	17.09.2025 07:56:44,000	14,86	-6,29	-52,8	-14,6	22,6	0	-33,3
2386	17.09.2025 07:56:45,000	14,86	-6,29	-51,9	-16,3	21,8	0	-37,2
2387	17.09.2025 07:56:46,000	14,86	-6,29	-52,2	-14,9	23,0	0	-33,5
2388	17.09.2025 07:56:47,000	14,86	-6,29	-51,3	-17,1	21,6	0	-38,7
2389	17.09.2025 07:56:48,000	14,86	-6,29	-52,6	-14,0	23,4	0	-31,4
2390	17.09.2025 07:56:49,000	14,86	-6,29	-50,5	-17,7	21,9	0	-39,3
2391	17.09.2025 07:56:50,000	14,86	-6,29	-51,9	-14,6	23,5	0	-32,4
2392	17.09.2025 07:56:51,000	14,86	-6,29	-51,0	-16,1	22,9	0	-35,6
2393	17.09.2025 07:56:52,000	14,86	-6,29	-52,6	-16,2	21,1	0	-37,9
2394	17.09.2025 07:56:53,000	14,86	-6,29	-53,0	-12,9	24,1	0	-28,8
2395	17.09.2025 07:56:54,000	14,86	-6,29	-52,6	-17,0	20,4	0	-40,0
2396	17.09.2025 07:56:55,000	14,89	-6,29	-52,4	-13,0	24,6	0	-28,6
2397	17.09.2025 07:56:56,000	14,89	-6,29	-51,9	-17,1	21,1	0	-39,3
2398	17.09.2025 07:56:57,000	14,89	-6,29	-52,8	-14,1	23,1	0	-31,9
2399	17.09.2025 07:56:58,000	14,89	-6,29	-52,2	-15,4	22,3	0	-35,1
2400	17.09.2025 07:56:59,000	14,89	-6,29	-52,7	-15,2	22,1	0	-35,0
2401	17.09.2025 07:57:00,000	14,89	-6,29	-51,4	-15,8	22,9	0	-35,0
2402	17.09.2025 07:57:01,000	14,89	-6,29	-52,0	-15,0	22,9	0	-33,8
2403	17.09.2025 07:57:02,000	14,89	-6,29	-50,6	-16,8	22,6	0	-37,0
2404	17.09.2025 07:57:03,000	14,89	-6,29	-51,8	-15,3	22,8	0	-34,4
2405	17.09.2025 07:57:04,000	14,89	-6,29	-51,3	-16,2	22,5	0	-36,1
2406	17.09.2025 07:57:05,000	14,89	-6,29	-53,1	-15,2	21,7	0	-35,5
2407	17.09.2025 07:57:06,000	14,89	-6,29	-50,8	-16,2	23,0	0	-35,6
2408	17.09.2025 07:57:07,000	14,89	-6,29	-53,0	-15,4	21,7	0	-35,7
2409	17.09.2025 07:57:08,000	14,89	-6,29	-51,5	-15,6	22,9	0	-34,8
2410	17.09.2025 07:57:09,000	14,89	-6,29	-51,6	-15,7	22,7	0	-35,2
2411	17.09.2025 07:57:10,000	14,89	-6,29	-53,1	-14,8	22,2	0	-34,2
2412	17.09.2025 07:57:11,000	14,89	-6,29	-52,3	-16,1	21,5	0	-37,2
2413	17.09.2025 07:57:12,000	14,89	-6,29	-52,7	-14,6	22,6	0	-33,4
2414	17.09.2025 07:57:13,000	14,89	-6,29	-52,3	-15,6	22,1	0	-35,7
2415	17.09.2025 07:57:14,000	14,89	-6,29	-52,9	-14,6	22,5	0	-33,5
2416	17.09.2025 07:57:15,000	14,89	-6,29	-52,7	-15,9	21,4	0	-37,0
2417	17.09.2025 07:57:16,000	14,92	-6,29	-52,9	-14,4	22,8	0	-32,8
2418	17.09.2025 07:57:17,000	14,92	-6,29	-52,0	-15,7	22,3	0	-35,6
2419	17.09.2025 07:57:18,000	14,92	-6,29	-50,6	-16,6	22,9	0	-36,4
2420	17.09.2025 07:57:19,000	14,92	-6,29	-51,6	-15,2	23,3	0	-33,6
2421	17.09.2025 07:57:20,000	14,92	-6,29	-52,0	-16,8	21,2	0	-38,7
2422	17.09.2025 07:57:21,000	14,92	-6,29	-53,0	-13,2	23,8	0	-29,7
2423	17.09.2025 07:57:22,000	14,92	-6,29	-53,0	-15,4	21,6	0	-36,0
2424	17.09.2025 07:57:23,000	14,92	-6,29	-52,9	-15,5	21,6	0	-36,1
2425	17.09.2025 07:57:24,000	14,92	-6,29	-51,7	-15,7	22,6	0	-35,2
2426	17.09.2025 07:57:25,000	14,92	-6,29	-51,8	-16,1	22,1	0	-36,5
2427	17.09.2025 07:57:26,000	14,92	-6,29	-50,9	-15,6	23,6	0	-34,0
2428	17.09.2025 07:57:27,000	14,92	-6,29	-50,4	-16,9	22,7	0	-37,0
2429	17.09.2025 07:57:28,000	14,92	-6,29	-52,0	-14,2	23,8	0	-31,4
2430	17.09.2025 07:57:29,000	14,92	-6,29	-52,0	-16,5	21,5	0	-37,8
2431	17.09.2025 07:57:30,000	14,92	-6,29	-52,2	-13,9	23,9	0	-30,8
2432	17.09.2025 07:57:31,000	14,92	-6,29	-52,9	-15,3	21,8	0	-35,6
2433	17.09.2025 07:57:32,000	14,92	-6,29	-52,5	-14,9	22,6	0	-34,0
2434	17.09.2025 07:57:33,000	14,92	-6,29	-52,5	-15,7	21,7	0	-36,3
2435	17.09.2025 07:57:34,000	14,95	-6,29	-50,2	-16,0	23,7	0	-34,6
2436	17.09.2025 07:57:35,000	14,95	-6,29	-50,2	-17,8	22,1	0	-39,2
2437	17.09.2025 07:57:36,000	14,95	-6,29	12,4	-72,4	5,2	0	-84,4
2438	17.09.2025 07:57:37,000	14,95	-6,29	10,9	-74,5	4,5	0	-85,2
2439	17.09.2025 07:57:38,000	14,95	-6,29	23,2	-49,1	17,8	1	-67,3
2440	17.09.2025 07:57:39,000	14,95	-6,29	16,9	26,0	-47,1	1	148,4
2441	17.09.2025 07:57:40,000	14,95	-6,29	67,3	-4,5	18,2	0	148,4
2442	17.09.2025 07:57:41,000	14,95	-6,29	47,7	-21,1	21,2	0	-44,8
2443	17.09.2025 07:57:42,000	14,95	-6,29	39,8	-28,2	22,0	0	-51,5
2444	17.09.2025 07:57:43,000	14,95	-6,29	36,6	-30,7	22,8	0	-52,6
2445	17.09.2025 07:57:44,000	14,95	-6,29	40,0	-30,0	20,0	0	-55,4
2446	17.09.2025 07:57:45,000	14,95	-6,29	37,4	-30,3	22,2	0	-53,0
2447	17.09.2025 07:57:46,000	14,95	-6,29	39,3	-30,0	20,6	0	-54,6
2448	17.09.2025 07:57:47,000	14,95	-6,29	39,2	-28,6	22,1	0	-51,7
2449	17.09.2025 07:57:48,000	14,95	-6,29	36,6	-32,0	21,5	0	-55,1
2450	17.09.2025 07:57:49,000	14,95	-6,29	40,2	-28,4	21,4	0	-52,3
2451	17.09.2025 07:57:50,000	14,95	-6,29	35,4	-33,1	21,5	0	-55,8
2452	17.09.2025 07:57:51,000	14,95	-6,29	40,6	-27,6	21,7	0	-51,2
2453	17.09.2025 07:57:52,000	14,95	-6,29	35,0	-33,1	21,9	0	-55,3
2454	17.09.2025 07:57:53,000	14,95	-6,29	38,8	-29,2	22,0	0	-52,3
2455	17.09.2025 07:57:54,000	14,95	-6,29	38,9	-29,5	21,7	0	-52,9
2456	17.09.2025 07:57:55,000	14,95	-6,29	38,2	-30,9	20,9	0	-54,9
2457	17.09.2025 07:57:56,000	14,95	-6,29	39,1	-29,0	21,9	0	-52,2
2458	17.09.2025 07:57:57,000	14,95	-6,29	39,1	-29,3	21,7	0	-52,8
2459	17.09.2025 07:57:58,000	14,95	-6,29	31,7	-35,3	23,0	0	-55,6
2460	17.09.2025 07:57:59,000	14,98	-6,29	-10,1	-43,9	36,0	1	-49,6
2461	17.09.2025 07:58:00,000	14,98	-6,29	-18,7	6,3	65,0	0	7,1
2462	17.09.2025 07:58:01,000	14,98	-6,29	-58,1	-10,8	21,1	0	-27,6
2463	17.09.2025 07:58:02,000	14,98	-6,29	-58,4	-7,2	24,3	0	-17,0
2464	17.09.2025 07:58:03,000	14,98	-6,29	-20,6	26,6	42,8	0	33,9
2465	17.09.2025 07:58:04,000	14,98	-6,29	-10,0	50,6	29,3	0	57,1
2466	17.09.2025 07:58:05,000	14,98	-6,29	-66,2	-2,8	21,0	0	57,1
2467	17.09.2025 07:58:06,000	14,98	-6,29	-63,3	6,7	20,0	0	57,1
2468	17.09.2025 07:58:07,000	14,98	-6,29	-16,7	56,2	17,2	0	69,7
2469	17.09.2025 07:58:08,000	15,01	-6,29	-53,7	13,3	23,0	0	30,6
2470	17.09.2025 07:58:09,000	15,01	-6,29	33,1	-0,9	56,0	0	-1,1
2471	17.09.2025 07:58:10,000	15,01	-6,29	28,9	-8,8	52,3	0	-11,3
2472	17.09.2025 07:58:11,000	15,08	-6,29	-21,9	-26,0	42,1	0	-33,7
2473	17.09.2025 07:58:12,000	15,23	-6,29	-18,9	-30,6	40,6	0	-38,4
2474	17.09.2025 07:58:13,000	15,38	-6,29	-13,6	-31,8	44,5	0	-37,3
2475	17.09.2025 07:58:14,000	15,54	-6,29	-10,4	-35,2	44,4	0	-39,7
2476	17.09.2025 07:58:15,000	15,69	-6,29	-11,1	-31,6	47,3	0	-35,9
2477	17.09.2025 07:58:16,000	15,84	-6,29	-25,4	-47,2	17,4	0	-67,2
2478	17.09.2025 07:58:17,000	15,93	-6,29	-45,3	-44,5	-0,1	1	-90,2
2479	17.09.2025 07:58:18,000	15,96	-6,29	6,5	-72,6	10,9	0	-78,4
2480	17.09.2025 07:58:19,000	15,93	-6,29	-10,9	-49,9	-29,2	1	-123,0
2481	17.09.2025 07:58:20,000	15,90	-6,29	-8,8	-44,5	-36,7	0	-130,7
2482	17.09.2025 07:58:21,000	15,87	-6,29	-7,3	-63,4	-19,3	0	-110,8
2483	17.09.2025 07:58:22,000	15,84	-6,29	-3,2	-73,3	-13,5	0	-104,0
2484	17.09.2025 07:58:23,000	15,84	-6,29	-0,3	-71,5	-18,2	0	-108,3
2485	17.09.2025 07:58:24,000	15,84	-6,29	-4,2	-31,2	-54,6	0	-147,3
2486	17.09.2025 07:58:25,000	15,84	-6,29	70,6	15,8	3,6	0	-147,3
2487	17.09.2025 07:58:26,000	15,87	-6,29	74,7	6,7	8,6	0	-147,3
2488	17.09.2025 07:58:27,000	15,87	-6,29	86,4	0,0	-3,6	0	-147,3
2489	17.09.2025 07:58:28,000	15,90	-6,29	74,4	10,1	-5,5	1	-147,3
2490	17.09.2025 07:58:29,000	15,90	-6,29	80,9	8,0	1,0	0	-147,3
2491	17.09.2025 07:58:30,000	15,93	-6,29	84,7	-0,1	-5,1	0	-147,3
2492	17.09.2025 07:58:31,000	15,93	-6,29	71,5	-4,1	14,4	0	-147,3
2493	17.09.2025 07:58:32,000	15,96	-6,29	78,9	8,6	-2,5	1	-147,3
2494	17.09.2025 07:58:33,000	16,02	-6,29	-3,8	80,3	-5,9	1	96,1
2495	17.09.2025 07:58:34,000	16,02	-6,29	-21,5	-49,4	-19,1	1	-114,0
2496	17.09.2025 07:58:35,000	16,05	-6,29	-61,4	-10,0	18,6	0	-114,0
2497	17.09.2025 07:58:36,000	16,08	-6,29	-51,1	15,0	-23,9	0	147,2
2498	17.09.2025 07:58:37,000	16,14	-6,29	-71,5	-15,0	3,5	1	147,2
2499	17.09.2025 07:58:38,000	16,23	-6,29	-88,2	0,0	1,8	1	147,2
