#B	Created:	16.09.2025 17:44:31
##	Version	SeaStar	9.59
#5	Field separation:	0
#2	Date & Time:	1
#6	Decimal point:	,
#7	Date def.:	dd.mm.yyyy	.
#8	Time def.:	:
##	Axis	0	Temperature(°C)	clRed	FALSE
##	Axis	1	Pressure(Bar)	clBlue	FALSE
##	Axis	2	Angle(°)	clGreen	FALSE
##	Axis	3	EAL	clSkyBlue	FALSE
##	Axis	4	Roll(°)	$00404080	FALSE
##	Series	0	Temp(°C)	clRed	0	Temp(°C)	2
##	Series	1	Press(Bar)	clBlue	1	Press(Bar)	2
##	Series	2	Tilt-X(°)	clGreen	2	Tilt-X(°)	1
##	Series	3	Tilt-Y(°)	$00404080	2	Tilt-Y(°)	1
##	Series	4	Tilt-Z(°)	$00FF0080	2	Tilt-Z(°)	1
##	Series	5	EAL	clSkyBlue	3	EAL	0
##	Series	6	Roll(°)	$00404080	4	Roll(°)	1
##	Recorder	132	DST tilt	1174
##	Chart	132H1174DAT	
#D	Data:	2844	16.09.2025 16:56:00	16.09.2025 17:43:23
1	16.09.2025 16:56:00,000	20,73	-6,29	28,7	51,6	-9,6	0	102,4
2	16.09.2025 16:56:01,000	20,73	-6,29	26,1	48,8	-15,2	0	109,7
3	16.09.2025 16:56:02,000	20,73	-6,29	24,7	54,0	-11,3	0	104,1
4	16.09.2025 16:56:03,000	20,70	-6,29	22,1	56,1	-11,7	0	104,3
5	16.09.2025 16:56:04,000	20,70	-6,29	22,7	55,7	-11,7	0	104,3
6	16.09.2025 16:56:05,000	20,70	-6,29	23,9	54,8	-11,3	0	103,9
7	16.09.2025 16:56:06,000	20,70	-6,29	25,0	54,6	-10,4	0	102,9
8	16.09.2025 16:56:07,000	20,67	-6,29	25,7	52,9	-11,4	0	104,4
9	16.09.2025 16:56:08,000	20,67	-6,29	27,6	51,4	-11,1	0	104,2
10	16.09.2025 16:56:09,000	20,67	-6,29	26,0	53,2	-10,8	0	103,6
11	16.09.2025 16:56:10,000	20,64	-6,29	24,2	53,8	-12,0	0	104,9
12	16.09.2025 16:56:11,000	20,64	-6,29	26,3	51,7	-11,9	0	105,2
13	16.09.2025 16:56:12,000	20,64	-6,29	26,5	52,0	-11,5	0	104,7
14	16.09.2025 16:56:13,000	20,64	-6,29	26,0	52,3	-11,7	0	104,8
15	16.09.2025 16:56:14,000	20,61	-6,29	28,1	51,2	-10,6	0	103,7
16	16.09.2025 16:56:15,000	20,61	-6,29	29,2	49,4	-11,4	0	105,0
17	16.09.2025 16:56:16,000	20,61	-6,29	29,1	50,0	-10,9	0	104,3
18	16.09.2025 16:56:17,000	20,61	-6,29	26,0	52,1	-11,9	0	105,1
19	16.09.2025 16:56:18,000	20,61	-6,29	25,7	54,0	-10,3	0	102,8
20	16.09.2025 16:56:19,000	20,61	-6,29	24,6	52,7	-12,7	0	105,9
21	16.09.2025 16:56:20,000	20,58	-6,29	25,0	53,6	-11,4	0	104,3
22	16.09.2025 16:56:21,000	20,58	-6,29	25,1	54,0	-10,8	0	103,5
23	16.09.2025 16:56:22,000	20,58	-6,29	25,2	52,7	-12,2	0	105,3
24	16.09.2025 16:56:23,000	20,58	-6,29	25,9	52,4	-11,6	0	104,7
25	16.09.2025 16:56:24,000	20,58	-6,29	27,0	52,4	-10,6	0	103,5
26	16.09.2025 16:56:25,000	20,56	-6,29	26,7	51,3	-12,0	0	105,4
27	16.09.2025 16:56:26,000	20,56	-6,29	27,4	50,8	-11,8	0	105,2
28	16.09.2025 16:56:27,000	20,56	-6,29	26,8	53,5	-9,7	0	102,2
29	16.09.2025 16:56:28,000	20,56	-6,29	24,2	52,7	-13,1	0	106,4
30	16.09.2025 16:56:29,000	20,53	-6,29	25,1	55,2	-9,7	0	101,9
31	16.09.2025 16:56:30,000	20,53	-6,29	24,1	54,8	-11,1	0	103,7
32	16.09.2025 16:56:31,000	20,53	-6,29	23,8	54,1	-12,1	0	105,0
33	16.09.2025 16:56:32,000	20,53	-6,29	24,8	54,9	-10,3	0	102,7
34	16.09.2025 16:56:33,000	20,53	-6,29	23,9	53,1	-12,9	0	106,2
35	16.09.2025 16:56:34,000	20,50	-6,29	24,0	52,4	-13,6	0	107,1
36	16.09.2025 16:56:35,000	20,50	-6,29	28,6	60,0	-1,4	0	91,6
37	16.09.2025 16:56:36,000	20,50	-6,29	27,0	50,2	-12,8	0	106,6
38	16.09.2025 16:56:37,000	20,50	-6,29	28,6	51,5	-9,9	0	102,8
39	16.09.2025 16:56:38,000	20,47	-6,29	28,3	56,4	-5,3	0	96,5
40	16.09.2025 16:56:39,000	20,47	-6,29	26,4	51,7	-11,9	0	105,2
41	16.09.2025 16:56:40,000	20,47	-6,29	27,8	50,7	-11,5	0	104,9
42	16.09.2025 16:56:41,000	20,47	-6,29	29,1	56,1	-4,8	0	95,8
43	16.09.2025 16:56:42,000	20,47	-6,29	26,0	53,6	-10,4	0	103,0
44	16.09.2025 16:56:43,000	20,44	-6,29	26,7	51,5	-11,9	0	105,2
45	16.09.2025 16:56:44,000	20,44	-6,29	28,0	58,5	-3,6	0	94,3
46	16.09.2025 16:56:45,000	20,44	-6,29	24,8	51,1	-14,1	0	108,0
47	16.09.2025 16:56:46,000	20,44	-6,29	26,9	57,0	-6,0	0	97,3
48	16.09.2025 16:56:47,000	20,44	-6,29	28,5	51,1	-10,4	0	103,4
49	16.09.2025 16:56:48,000	20,41	-6,29	26,1	54,2	-9,7	0	102,0
50	16.09.2025 16:56:49,000	20,41	-6,29	24,5	54,3	-11,2	0	103,9
51	16.09.2025 16:56:50,000	20,41	-6,29	25,4	54,4	-10,2	0	102,7
52	16.09.2025 16:56:51,000	20,41	-6,29	26,5	57,0	-6,5	0	97,9
53	16.09.2025 16:56:52,000	20,41	-6,29	26,3	52,5	-11,3	0	104,2
54	16.09.2025 16:56:53,000	20,38	-6,29	24,5	55,3	-10,3	0	102,6
55	16.09.2025 16:56:54,000	20,38	-6,29	26,8	53,0	-10,2	0	102,9
56	16.09.2025 16:56:55,000	20,38	-6,29	27,7	52,7	-9,7	0	102,3
57	16.09.2025 16:56:56,000	20,38	-6,29	27,3	51,6	-11,1	0	104,2
58	16.09.2025 16:56:57,000	20,38	-6,29	26,4	51,9	-11,7	0	104,9
59	16.09.2025 16:56:58,000	20,35	-6,29	26,4	55,0	-8,6	0	100,6
60	16.09.2025 16:56:59,000	20,35	-6,29	25,6	52,7	-11,7	0	104,8
61	16.09.2025 16:57:00,000	20,35	-6,29	28,0	52,3	-9,8	0	102,4
62	16.09.2025 16:57:01,000	20,35	-6,29	26,1	54,3	-9,6	0	101,9
63	16.09.2025 16:57:02,000	20,35	-6,29	24,9	54,0	-11,1	0	103,8
64	16.09.2025 16:57:03,000	20,35	-6,29	26,5	54,3	-9,2	0	101,5
65	16.09.2025 16:57:04,000	20,32	-6,29	26,3	53,7	-10,0	0	102,6
66	16.09.2025 16:57:05,000	20,32	-6,29	26,1	55,2	-8,7	0	100,7
67	16.09.2025 16:57:06,000	20,32	-6,29	26,9	51,5	-11,7	0	105,0
68	16.09.2025 16:57:07,000	20,32	-6,29	27,6	53,6	-8,8	0	101,0
69	16.09.2025 16:57:08,000	20,32	-6,29	28,9	56,6	-4,5	0	95,5
70	16.09.2025 16:57:09,000	20,29	-6,29	27,7	48,4	-13,9	0	108,3
71	16.09.2025 16:57:10,000	20,29	-6,29	29,1	53,8	-7,1	0	99,0
72	16.09.2025 16:57:11,000	20,29	-6,29	26,1	54,6	-9,2	0	101,5
73	16.09.2025 16:57:12,000	20,29	-6,29	23,3	55,0	-11,7	0	104,3
74	16.09.2025 16:57:13,000	20,29	-6,29	23,0	55,6	-11,5	0	104,0
75	16.09.2025 16:57:14,000	20,29	-6,29	20,8	58,4	-10,8	0	102,9
76	16.09.2025 16:57:15,000	20,26	-6,29	21,0	57,5	-11,5	0	103,8
77	16.09.2025 16:57:16,000	20,26	-6,29	22,7	56,3	-10,9	0	103,3
78	16.09.2025 16:57:17,000	20,26	-6,29	23,8	56,0	-10,2	0	102,5
79	16.09.2025 16:57:18,000	20,26	-6,29	26,4	52,2	-11,3	0	104,4
80	16.09.2025 16:57:19,000	20,26	-6,29	27,0	53,0	-10,0	0	102,6
81	16.09.2025 16:57:20,000	20,26	-6,29	28,5	52,1	-9,4	0	102,0
82	16.09.2025 16:57:21,000	20,23	-6,29	29,0	49,8	-11,1	0	104,6
83	16.09.2025 16:57:22,000	20,23	-6,29	27,0	52,9	-10,1	0	102,8
84	16.09.2025 16:57:23,000	20,23	-6,29	25,2	56,2	-8,6	0	100,5
85	16.09.2025 16:57:24,000	20,23	-6,29	24,6	52,6	-12,9	0	106,2
86	16.09.2025 16:57:25,000	20,23	-6,29	24,5	55,5	-10,0	0	102,3
87	16.09.2025 16:57:26,000	20,23	-6,29	24,1	55,5	-10,4	0	102,7
88	16.09.2025 16:57:27,000	20,20	-6,29	23,1	56,9	-10,0	0	102,1
89	16.09.2025 16:57:28,000	20,20	-6,29	25,2	54,4	-10,4	0	102,9
90	16.09.2025 16:57:29,000	20,20	-6,29	26,3	54,4	-9,3	0	101,6
91	16.09.2025 16:57:30,000	20,20	-6,29	27,9	52,1	-10,0	0	102,8
92	16.09.2025 16:57:31,000	20,20	-6,29	26,6	53,2	-10,2	0	102,8
93	16.09.2025 16:57:32,000	20,20	-6,29	27,7	53,9	-8,4	0	100,5
94	16.09.2025 16:57:33,000	20,17	-6,29	29,2	51,1	-9,8	0	102,6
95	16.09.2025 16:57:34,000	20,17	-6,29	28,4	51,7	-9,9	0	102,7
96	16.09.2025 16:57:35,000	20,17	-6,29	26,8	53,4	-9,8	0	102,3
97	16.09.2025 16:57:36,000	20,17	-6,29	25,3	55,2	-9,5	0	101,7
98	16.09.2025 16:57:37,000	20,17	-6,29	26,8	52,1	-11,1	0	104,1
99	16.09.2025 16:57:38,000	20,17	-6,29	26,4	54,2	-9,4	0	101,7
100	16.09.2025 16:57:39,000	20,17	-6,29	26,9	55,8	-7,3	0	99,0
101	16.09.2025 16:57:40,000	20,14	-6,29	25,8	53,0	-11,2	0	104,1
102	16.09.2025 16:57:41,000	20,14	-6,29	27,1	53,0	-9,8	0	102,4
103	16.09.2025 16:57:42,000	20,14	-6,29	28,3	54,9	-6,8	0	98,5
104	16.09.2025 16:57:43,000	20,14	-6,29	25,3	53,3	-11,4	0	104,3
105	16.09.2025 16:57:44,000	20,14	-6,29	27,1	54,6	-8,2	0	100,2
106	16.09.2025 16:57:45,000	20,14	-6,29	27,6	51,7	-10,7	0	103,7
107	16.09.2025 16:57:46,000	20,14	-6,29	27,7	53,7	-8,6	0	100,8
108	16.09.2025 16:57:47,000	20,14	-6,29	26,4	52,9	-10,7	0	103,5
109	16.09.2025 16:57:48,000	20,11	-6,29	27,1	53,8	-9,1	0	101,4
110	16.09.2025 16:57:49,000	20,11	-6,29	27,4	52,5	-10,1	0	102,8
111	16.09.2025 16:57:50,000	20,11	-6,29	27,6	53,5	-8,8	0	101,1
112	16.09.2025 16:57:51,000	20,11	-6,29	28,5	51,6	-9,9	0	102,7
113	16.09.2025 16:57:52,000	20,11	-6,29	27,9	52,7	-9,5	0	102,1
114	16.09.2025 16:57:53,000	20,11	-6,29	27,9	52,2	-9,9	0	102,6
115	16.09.2025 16:57:54,000	20,11	-6,29	28,0	52,8	-9,2	0	101,6
116	16.09.2025 16:57:55,000	20,11	-6,29	25,9	54,1	-10,1	0	102,5
117	16.09.2025 16:57:56,000	20,08	-6,29	24,0	55,5	-10,5	0	102,9
118	16.09.2025 16:57:57,000	20,08	-6,29	25,3	54,1	-10,6	0	103,2
119	16.09.2025 16:57:58,000	20,08	-6,29	25,2	54,6	-10,2	0	102,7
120	16.09.2025 16:57:59,000	20,08	-6,29	25,3	54,0	-10,7	0	103,3
121	16.09.2025 16:58:00,000	20,08	-6,29	25,6	54,8	-9,6	0	101,9
122	16.09.2025 16:58:01,000	20,08	-6,29	26,2	53,4	-10,4	0	103,1
123	16.09.2025 16:58:02,000	20,08	-6,29	27,0	54,2	-8,8	0	100,9
124	16.09.2025 16:58:03,000	20,06	-6,29	26,0	53,4	-10,6	0	103,3
125	16.09.2025 16:58:04,000	20,06	-6,29	28,3	51,0	-10,8	0	103,9
126	16.09.2025 16:58:05,000	20,06	-6,29	30,6	53,6	-5,8	0	97,3
127	16.09.2025 16:58:06,000	20,06	-6,29	29,0	51,2	-9,8	0	102,7
128	16.09.2025 16:58:07,000	20,06	-6,29	27,1	52,3	-10,6	0	103,5
129	16.09.2025 16:58:08,000	20,06	-6,29	27,0	54,8	-8,3	0	100,2
130	16.09.2025 16:58:09,000	20,06	-6,29	22,8	56,4	-10,8	0	103,1
131	16.09.2025 16:58:10,000	20,06	-6,29	21,7	57,4	-10,9	0	103,1
132	16.09.2025 16:58:11,000	20,03	-6,29	23,0	56,9	-10,1	0	102,2
133	16.09.2025 16:58:12,000	20,03	-6,29	24,4	54,9	-10,7	0	103,2
134	16.09.2025 16:58:13,000	20,03	-6,29	26,6	53,2	-10,2	0	102,9
135	16.09.2025 16:58:14,000	20,03	-6,29	27,8	54,2	-7,9	0	99,9
136	16.09.2025 16:58:15,000	20,03	-6,29	29,9	48,7	-11,3	0	105,0
137	16.09.2025 16:58:16,000	20,03	-6,29	31,4	50,6	-8,0	0	100,5
138	16.09.2025 16:58:17,000	20,03	-6,29	31,8	52,1	-6,2	0	97,9
139	16.09.2025 16:58:18,000	20,03	-6,29	27,3	51,2	-11,5	0	104,7
140	16.09.2025 16:58:19,000	20,00	-6,29	24,8	55,3	-9,9	0	102,2
141	16.09.2025 16:58:20,000	20,00	-6,29	22,5	57,3	-10,2	0	102,3
142	16.09.2025 16:58:21,000	20,00	-6,29	22,3	56,9	-10,8	0	103,1
143	16.09.2025 16:58:22,000	20,00	-6,29	23,9	56,3	-9,7	0	101,9
144	16.09.2025 16:58:23,000	20,00	-6,29	26,6	52,5	-10,9	0	103,8
145	16.09.2025 16:58:24,000	20,00	-6,29	28,8	52,5	-8,7	0	101,1
146	16.09.2025 16:58:25,000	20,00	-6,29	28,6	51,4	-10,0	0	102,9
147	16.09.2025 16:58:26,000	19,97	-6,29	27,8	50,8	-11,4	0	104,8
148	16.09.2025 16:58:27,000	19,97	-6,29	26,3	52,4	-11,3	0	104,3
149	16.09.2025 16:58:28,000	19,97	-6,29	24,3	55,3	-10,5	0	102,9
150	16.09.2025 16:58:29,000	19,97	-6,29	21,3	57,4	-11,3	0	103,5
151	16.09.2025 16:58:30,000	19,97	-6,29	20,8	59,4	-9,9	0	101,7
152	16.09.2025 16:58:31,000	19,97	-6,29	20,5	58,5	-11,0	0	103,1
153	16.09.2025 16:58:32,000	19,97	-6,29	21,8	56,8	-11,4	0	103,8
154	16.09.2025 16:58:33,000	19,97	-6,29	23,0	56,6	-10,4	0	102,7
155	16.09.2025 16:58:34,000	19,94	-6,29	24,7	54,9	-10,4	0	102,9
156	16.09.2025 16:58:35,000	19,94	-6,29	25,6	52,2	-12,2	0	105,5
157	16.09.2025 16:58:36,000	19,94	-6,29	27,7	52,0	-10,3	0	103,2
158	16.09.2025 16:58:37,000	19,94	-6,29	27,4	51,7	-10,9	0	103,9
159	16.09.2025 16:58:38,000	19,94	-6,29	26,3	52,3	-11,5	0	104,5
160	16.09.2025 16:58:39,000	19,94	-6,29	27,6	53,2	-9,2	0	101,6
161	16.09.2025 16:58:40,000	19,94	-6,29	31,1	49,5	-9,4	0	102,4
162	16.09.2025 16:58:41,000	19,94	-6,29	30,6	51,8	-7,5	0	99,7
163	16.09.2025 16:58:42,000	19,94	-6,29	27,3	53,8	-8,9	0	101,2
164	16.09.2025 16:58:43,000	19,91	-6,29	26,7	54,0	-9,4	0	101,7
165	16.09.2025 16:58:44,000	19,91	-6,29	26,4	51,9	-11,6	0	104,8
166	16.09.2025 16:58:45,000	19,91	-6,29	25,9	55,8	-8,3	0	100,1
167	16.09.2025 16:58:46,000	19,91	-6,29	23,1	55,0	-11,9	0	104,6
168	16.09.2025 16:58:47,000	19,91	-6,29	23,7	55,2	-11,1	0	103,6
169	16.09.2025 16:58:48,000	19,91	-6,29	24,6	53,9	-11,4	0	104,2
170	16.09.2025 16:58:49,000	19,91	-6,29	26,0	55,7	-8,3	0	100,2
171	16.09.2025 16:58:50,000	19,88	-6,29	26,3	53,3	-10,4	0	103,1
172	16.09.2025 16:58:51,000	19,88	-6,29	27,8	53,2	-9,0	0	101,4
173	16.09.2025 16:58:52,000	19,88	-6,29	28,0	52,5	-9,5	0	102,0
174	16.09.2025 16:58:53,000	19,88	-6,29	25,6	54,5	-9,9	0	102,3
175	16.09.2025 16:58:54,000	19,88	-6,29	24,4	53,7	-11,8	0	104,7
176	16.09.2025 16:58:55,000	19,88	-6,29	25,8	54,8	-9,4	0	101,6
177	16.09.2025 16:58:56,000	19,88	-6,29	26,4	53,5	-10,1	0	102,7
178	16.09.2025 16:58:57,000	19,88	-6,29	26,4	52,9	-10,7	0	103,5
179	16.09.2025 16:58:58,000	19,88	-6,29	25,7	53,8	-10,5	0	103,2
180	16.09.2025 16:58:59,000	19,85	-6,29	26,5	54,2	-9,3	0	101,6
181	16.09.2025 16:59:00,000	19,85	-6,29	25,9	53,3	-10,8	0	103,5
182	16.09.2025 16:59:01,000	19,85	-6,29	27,8	51,2	-10,9	0	104,1
183	16.09.2025 16:59:02,000	19,85	-6,29	30,3	53,1	-6,6	0	98,4
184	16.09.2025 16:59:03,000	19,85	-6,29	27,1	52,3	-10,5	0	103,4
185	16.09.2025 16:59:04,000	19,85	-6,29	26,4	54,7	-8,9	0	101,0
186	16.09.2025 16:59:05,000	19,85	-6,29	26,4	52,0	-11,6	0	104,8
187	16.09.2025 16:59:06,000	19,85	-6,29	26,2	55,3	-8,5	0	100,5
188	16.09.2025 16:59:07,000	19,82	-6,29	24,5	54,2	-11,3	0	104,0
189	16.09.2025 16:59:08,000	19,82	-6,29	25,0	55,4	-9,6	0	101,8
190	16.09.2025 16:59:09,000	19,82	-6,29	26,9	51,6	-11,5	0	104,7
191	16.09.2025 16:59:10,000	19,82	-6,29	29,0	52,3	-8,8	0	101,2
192	16.09.2025 16:59:11,000	19,82	-6,29	28,6	54,6	-6,8	0	98,5
193	16.09.2025 16:59:12,000	19,82	-6,29	28,2	50,1	-11,8	0	105,3
194	16.09.2025 16:59:13,000	19,82	-6,29	28,9	54,0	-7,1	0	98,8
195	16.09.2025 16:59:14,000	19,82	-6,29	28,3	55,9	-5,9	0	97,2
196	16.09.2025 16:59:15,000	19,82	-6,29	26,7	51,4	-11,9	0	105,3
197	16.09.2025 16:59:16,000	19,82	-6,29	27,4	52,4	-10,2	0	103,0
198	16.09.2025 16:59:17,000	19,79	-6,29	26,6	58,8	-4,6	0	95,4
199	16.09.2025 16:59:18,000	19,79	-6,29	25,3	50,4	-14,3	0	108,3
200	16.09.2025 16:59:19,000	19,79	-6,29	26,4	51,5	-12,1	0	105,4
201	16.09.2025 16:59:20,000	19,79	-6,29	27,6	57,2	-5,2	0	96,3
202	16.09.2025 16:59:21,000	19,79	-6,29	26,2	51,4	-12,4	0	105,8
203	16.09.2025 16:59:22,000	19,79	-6,29	30,1	51,7	-8,1	0	100,4
204	16.09.2025 16:59:23,000	19,79	-6,29	34,2	55,3	-0,4	0	90,5
205	16.09.2025 16:59:24,000	19,79	-6,29	29,0	53,0	-7,9	0	100,1
206	16.09.2025 16:59:25,000	19,76	-6,29	29,0	53,1	-7,9	0	100,0
207	16.09.2025 16:59:26,000	19,76	-6,29	25,6	53,4	-10,9	0	103,7
208	16.09.2025 16:59:27,000	19,76	-6,29	24,2	57,3	-8,5	0	100,3
209	16.09.2025 16:59:28,000	19,76	-6,29	23,7	54,6	-11,6	0	104,4
210	16.09.2025 16:59:29,000	19,76	-6,29	26,0	53,5	-10,4	0	103,1
211	16.09.2025 16:59:30,000	19,76	-6,29	26,8	54,5	-8,7	0	100,8
212	16.09.2025 16:59:31,000	19,76	-6,29	25,8	53,3	-11,0	0	103,8
213	16.09.2025 16:59:32,000	19,76	-6,29	27,3	54,5	-8,3	0	100,3
214	16.09.2025 16:59:33,000	19,76	-6,29	26,2	54,7	-9,2	0	101,4
215	16.09.2025 16:59:34,000	19,73	-6,29	25,8	54,7	-9,5	0	101,8
216	16.09.2025 16:59:35,000	19,73	-6,29	26,0	53,0	-11,0	0	103,9
217	16.09.2025 16:59:36,000	19,73	-6,29	23,3	56,5	-10,3	0	102,5
218	16.09.2025 16:59:37,000	19,73	-6,29	23,9	54,7	-11,4	0	104,1
219	16.09.2025 16:59:38,000	19,73	-6,29	25,0	54,2	-10,9	0	103,5
220	16.09.2025 16:59:39,000	19,73	-6,29	25,3	53,5	-11,2	0	104,0
221	16.09.2025 16:59:40,000	19,73	-6,29	27,5	51,7	-10,7	0	103,7
222	16.09.2025 16:59:41,000	19,73	-6,29	29,7	51,1	-9,2	0	101,9
223	16.09.2025 16:59:42,000	19,73	-6,29	28,4	49,0	-12,6	0	106,6
224	16.09.2025 16:59:43,000	19,73	-6,29	29,4	51,0	-9,5	0	102,4
225	16.09.2025 16:59:44,000	19,70	-6,29	30,1	50,7	-9,3	0	102,1
226	16.09.2025 16:59:45,000	19,70	-6,29	27,3	49,9	-12,8	0	106,6
227	16.09.2025 16:59:46,000	19,70	-6,29	27,4	52,4	-10,1	0	102,9
228	16.09.2025 16:59:47,000	19,70	-6,29	26,5	54,2	-9,3	0	101,6
229	16.09.2025 16:59:48,000	19,70	-6,29	27,1	50,8	-12,2	0	105,7
230	16.09.2025 16:59:49,000	19,70	-6,29	26,4	53,5	-10,1	0	102,7
231	16.09.2025 16:59:50,000	19,70	-6,29	25,0	55,1	-9,9	0	102,1
232	16.09.2025 16:59:51,000	19,70	-6,29	23,5	55,2	-11,2	0	103,8
233	16.09.2025 16:59:52,000	19,70	-6,29	25,8	54,2	-10,0	0	102,4
234	16.09.2025 16:59:53,000	19,67	-6,29	27,2	53,2	-9,6	0	102,1
235	16.09.2025 16:59:54,000	19,67	-6,29	25,4	53,7	-10,9	0	103,6
236	16.09.2025 16:59:55,000	19,67	-6,29	25,0	53,5	-11,5	0	104,4
237	16.09.2025 16:59:56,000	19,67	-6,29	27,1	55,0	-7,9	0	99,8
238	16.09.2025 16:59:57,000	19,67	-6,29	28,6	52,2	-9,3	0	101,8
239	16.09.2025 16:59:58,000	19,67	-6,29	27,4	51,8	-10,8	0	103,8
240	16.09.2025 16:59:59,000	19,67	-6,29	24,6	56,0	-9,4	0	101,5
241	16.09.2025 17:00:00,000	19,67	-6,29	25,1	54,3	-10,6	0	103,2
242	16.09.2025 17:00:01,000	19,67	-6,29	27,8	55,5	-6,7	0	98,3
243	16.09.2025 17:00:02,000	19,67	-6,29	28,1	51,2	-10,6	0	103,7
244	16.09.2025 17:00:03,000	19,67	-6,29	27,9	53,2	-9,0	0	101,3
245	16.09.2025 17:00:04,000	19,64	-6,29	27,4	54,1	-8,5	0	100,6
246	16.09.2025 17:00:05,000	19,64	-6,29	26,3	52,6	-11,1	0	104,0
247	16.09.2025 17:00:06,000	19,64	-6,29	26,3	55,0	-8,8	0	100,8
248	16.09.2025 17:00:07,000	19,64	-6,29	26,0	53,1	-10,9	0	103,7
249	16.09.2025 17:00:08,000	19,64	-6,29	27,4	52,6	-10,0	0	102,7
250	16.09.2025 17:00:09,000	19,64	-6,29	26,9	53,8	-9,3	0	101,6
251	16.09.2025 17:00:10,000	19,64	-6,29	25,8	54,1	-10,2	0	102,7
252	16.09.2025 17:00:11,000	19,64	-6,29	23,8	56,6	-9,7	0	101,8
253	16.09.2025 17:00:12,000	19,64	-6,29	24,3	51,6	-14,1	0	107,8
254	16.09.2025 17:00:13,000	19,64	-6,29	28,8	56,3	-4,9	0	96,0
255	16.09.2025 17:00:14,000	19,64	-6,29	28,4	53,1	-8,4	0	100,7
256	16.09.2025 17:00:15,000	19,64	-6,29	27,1	51,1	-11,8	0	105,1
257	16.09.2025 17:00:16,000	19,64	-6,29	28,1	54,7	-7,3	0	99,0
258	16.09.2025 17:00:17,000	19,61	-6,29	25,2	56,2	-8,6	0	100,5
259	16.09.2025 17:00:18,000	19,61	-6,29	24,8	53,2	-12,0	0	105,0
260	16.09.2025 17:00:19,000	19,61	-6,29	27,0	55,0	-7,9	0	99,8
261	16.09.2025 17:00:20,000	19,61	-6,29	28,8	53,7	-7,5	0	99,4
262	16.09.2025 17:00:21,000	19,61	-6,29	27,5	52,4	-10,1	0	102,9
263	16.09.2025 17:00:22,000	19,61	-6,29	26,0	55,2	-8,8	0	100,9
264	16.09.2025 17:00:23,000	19,61	-6,29	26,6	53,3	-10,2	0	102,8
265	16.09.2025 17:00:24,000	19,61	-6,29	24,4	56,0	-9,6	0	101,7
266	16.09.2025 17:00:25,000	19,61	-6,29	25,2	54,0	-10,8	0	103,5
267	16.09.2025 17:00:26,000	19,61	-6,29	27,2	52,1	-10,7	0	103,7
268	16.09.2025 17:00:27,000	19,58	-6,29	26,8	56,2	-7,1	0	98,6
269	16.09.2025 17:00:28,000	19,58	-6,29	27,0	50,6	-12,4	0	106,0
270	16.09.2025 17:00:29,000	19,58	-6,29	27,3	52,0	-10,8	0	103,7
271	16.09.2025 17:00:30,000	19,58	-6,29	28,5	53,1	-8,3	0	100,5
272	16.09.2025 17:00:31,000	19,58	-6,29	28,6	55,7	-5,7	0	97,0
273	16.09.2025 17:00:32,000	19,58	-6,29	25,0	49,1	-15,9	0	110,6
274	16.09.2025 17:00:33,000	19,58	-6,29	26,4	58,0	-5,5	0	96,6
275	16.09.2025 17:00:34,000	19,58	-6,29	24,8	54,6	-10,7	0	103,2
276	16.09.2025 17:00:35,000	19,58	-6,29	26,2	54,8	-9,0	0	101,1
277	16.09.2025 17:00:36,000	19,58	-6,29	28,0	51,0	-11,0	0	104,1
278	16.09.2025 17:00:37,000	19,55	-6,29	28,9	53,8	-7,3	0	99,2
279	16.09.2025 17:00:38,000	19,55	-6,29	29,0	51,5	-9,5	0	102,2
280	16.09.2025 17:00:39,000	19,55	-6,29	26,9	52,9	-10,2	0	102,9
281	16.09.2025 17:00:40,000	19,55	-6,29	26,0	57,9	-6,1	0	97,3
282	16.09.2025 17:00:41,000	19,55	-6,29	22,7	50,6	-16,6	0	111,0
283	16.09.2025 17:00:42,000	19,55	-6,29	25,3	56,2	-8,4	0	100,3
284	16.09.2025 17:00:43,000	19,55	-6,29	26,8	55,1	-8,2	0	100,1
285	16.09.2025 17:00:44,000	19,55	-6,29	29,1	52,2	-8,8	0	101,2
286	16.09.2025 17:00:45,000	19,55	-6,29	28,4	52,7	-8,9	0	101,3
287	16.09.2025 17:00:46,000	19,55	-6,29	31,0	52,0	-7,0	0	99,0
288	16.09.2025 17:00:47,000	19,52	-6,29	30,3	52,7	-7,1	0	99,0
289	16.09.2025 17:00:48,000	19,52	-6,29	27,3	53,5	-9,2	0	101,6
290	16.09.2025 17:00:49,000	19,52	-6,29	24,4	55,8	-9,8	0	102,0
291	16.09.2025 17:00:50,000	19,52	-6,29	23,8	57,2	-9,0	0	100,9
292	16.09.2025 17:00:51,000	19,52	-6,29	22,7	55,5	-11,8	0	104,4
293	16.09.2025 17:00:52,000	19,52	-6,29	23,4	58,3	-8,4	0	100,0
294	16.09.2025 17:00:53,000	19,52	-6,29	24,3	52,8	-12,9	0	106,2
295	16.09.2025 17:00:54,000	19,52	-6,29	28,6	54,1	-7,3	0	99,1
296	16.09.2025 17:00:55,000	19,52	-6,29	29,9	52,7	-7,4	0	99,4
297	16.09.2025 17:00:56,000	19,52	-6,29	28,6	51,8	-9,6	0	102,3
298	16.09.2025 17:00:57,000	19,52	-6,29	29,3	50,2	-10,5	0	103,7
299	16.09.2025 17:00:58,000	19,49	-6,29	29,0	56,1	-4,9	0	96,0
300	16.09.2025 17:00:59,000	19,49	-6,29	26,4	53,3	-10,3	0	102,9
301	16.09.2025 17:01:00,000	19,49	-6,29	25,4	54,1	-10,5	0	103,1
302	16.09.2025 17:01:01,000	19,49	-6,29	26,0	54,9	-9,1	0	101,3
303	16.09.2025 17:01:02,000	19,49	-6,29	26,8	53,1	-10,2	0	102,8
304	16.09.2025 17:01:03,000	19,49	-6,29	27,1	54,9	-8,0	0	99,9
305	16.09.2025 17:01:04,000	19,49	-6,29	29,1	50,3	-10,6	0	103,9
306	16.09.2025 17:01:05,000	19,49	-6,29	29,1	52,4	-8,5	0	100,8
307	16.09.2025 17:01:06,000	19,49	-6,29	27,3	54,8	-7,9	0	99,8
308	16.09.2025 17:01:07,000	19,49	-6,29	26,2	52,6	-11,2	0	104,1
309	16.09.2025 17:01:08,000	19,46	-6,29	27,3	54,2	-8,5	0	100,6
310	16.09.2025 17:01:09,000	19,46	-6,29	24,7	55,1	-10,2	0	102,6
311	16.09.2025 17:01:10,000	19,46	-6,29	22,8	55,3	-12,0	0	104,7
312	16.09.2025 17:01:11,000	19,46	-6,29	23,1	56,1	-10,8	0	103,2
313	16.09.2025 17:01:12,000	19,46	-6,29	24,7	55,1	-10,3	0	102,6
314	16.09.2025 17:01:13,000	19,46	-6,29	25,1	54,1	-10,8	0	103,5
315	16.09.2025 17:01:14,000	19,46	-6,29	27,1	51,4	-11,5	0	104,7
316	16.09.2025 17:01:15,000	19,46	-6,29	30,6	52,9	-6,5	0	98,3
317	16.09.2025 17:01:16,000	19,46	-6,29	29,2	53,1	-7,8	0	99,8
318	16.09.2025 17:01:17,000	19,46	-6,29	29,1	51,0	-9,9	0	102,8
319	16.09.2025 17:01:18,000	19,46	-6,29	30,3	54,8	-4,9	0	96,1
320	16.09.2025 17:01:19,000	19,44	-6,29	27,0	51,2	-11,8	0	105,2
321	16.09.2025 17:01:20,000	19,44	-6,29	25,4	54,9	-9,7	0	102,0
322	16.09.2025 17:01:21,000	19,44	-6,29	26,3	56,8	-6,9	0	98,4
323	16.09.2025 17:01:22,000	19,44	-6,29	27,6	52,9	-9,5	0	102,0
324	16.09.2025 17:01:23,000	19,44	-6,29	27,6	52,1	-10,3	0	103,1
325	16.09.2025 17:01:24,000	19,44	-6,29	27,7	56,2	-6,1	0	97,5
326	16.09.2025 17:01:25,000	19,44	-6,29	25,6	53,5	-11,0	0	103,8
327	16.09.2025 17:01:26,000	19,44	-6,29	25,0	55,5	-9,5	0	101,6
328	16.09.2025 17:01:27,000	19,41	-6,29	23,9	54,5	-11,7	0	104,4
329	16.09.2025 17:01:28,000	19,41	-6,29	23,9	56,8	-9,3	0	101,3
330	16.09.2025 17:01:29,000	19,41	-6,29	24,5	54,2	-11,2	0	103,9
331	16.09.2025 17:01:30,000	19,41	-6,29	27,8	54,2	-8,0	0	100,0
332	16.09.2025 17:01:31,000	19,41	-6,29	30,0	51,1	-8,9	0	101,5
333	16.09.2025 17:01:32,000	19,41	-6,29	29,0	53,2	-7,7	0	99,8
334	16.09.2025 17:01:33,000	19,41	-6,29	27,5	53,1	-9,5	0	102,0
335	16.09.2025 17:01:34,000	19,41	-6,29	28,1	53,9	-7,9	0	100,0
336	16.09.2025 17:01:35,000	19,41	-6,29	28,3	53,6	-8,2	0	100,3
337	16.09.2025 17:01:36,000	19,41	-6,29	26,9	54,6	-8,4	0	100,5
338	16.09.2025 17:01:37,000	19,41	-6,29	26,0	55,2	-8,8	0	100,8
339	16.09.2025 17:01:38,000	19,38	-6,29	24,6	55,2	-10,2	0	102,6
340	16.09.2025 17:01:39,000	19,38	-6,29	24,0	56,1	-9,9	0	102,1
341	16.09.2025 17:01:40,000	19,38	-6,29	23,7	56,5	-9,8	0	101,9
342	16.09.2025 17:01:41,000	19,38	-6,29	24,5	53,3	-12,2	0	105,2
343	16.09.2025 17:01:42,000	19,38	-6,29	28,3	53,0	-8,7	0	101,0
344	16.09.2025 17:01:43,000	19,38	-6,29	30,8	53,6	-5,6	0	97,1
345	16.09.2025 17:01:44,000	19,38	-6,29	28,6	50,1	-11,3	0	104,8
346	16.09.2025 17:01:45,000	19,38	-6,29	29,4	54,7	-5,9	0	97,3
347	16.09.2025 17:01:46,000	19,38	-6,29	29,5	53,4	-7,1	0	98,9
348	16.09.2025 17:01:47,000	19,38	-6,29	26,2	55,0	-8,8	0	100,8
349	16.09.2025 17:01:48,000	19,35	-6,29	23,9	54,4	-11,7	0	104,5
350	16.09.2025 17:01:49,000	19,35	-6,29	24,4	57,1	-8,5	0	100,3
351	16.09.2025 17:01:50,000	19,35	-6,29	26,0	54,6	-9,4	0	101,7
352	16.09.2025 17:01:51,000	19,35	-6,29	26,4	51,9	-11,6	0	104,8
353	16.09.2025 17:01:52,000	19,35	-6,29	26,4	54,1	-9,5	0	101,9
354	16.09.2025 17:01:53,000	19,35	-6,29	27,6	54,7	-7,7	0	99,6
355	16.09.2025 17:01:54,000	19,35	-6,29	30,8	52,2	-7,0	0	99,0
356	16.09.2025 17:01:55,000	19,35	-6,29	30,4	52,7	-6,9	0	98,8
357	16.09.2025 17:01:56,000	19,35	-6,29	28,1	53,3	-8,6	0	100,8
358	16.09.2025 17:01:57,000	19,32	-6,29	26,9	55,0	-8,1	0	100,0
359	16.09.2025 17:01:58,000	19,35	-6,29	23,7	54,9	-11,4	0	104,1
360	16.09.2025 17:01:59,000	19,32	-6,29	25,0	55,4	-9,7	0	101,9
361	16.09.2025 17:02:00,000	19,32	-6,29	24,5	56,6	-8,9	0	100,9
362	16.09.2025 17:02:01,000	19,32	-6,29	26,2	50,5	-13,3	0	107,1
363	16.09.2025 17:02:02,000	19,32	-6,29	27,8	53,8	-8,4	0	100,5
364	16.09.2025 17:02:03,000	19,32	-6,29	28,5	54,1	-7,5	0	99,3
365	16.09.2025 17:02:04,000	19,32	-6,29	29,6	52,3	-8,1	0	100,4
366	16.09.2025 17:02:05,000	19,32	-6,29	29,9	52,8	-7,3	0	99,2
367	16.09.2025 17:02:06,000	19,32	-6,29	27,5	55,1	-7,4	0	99,1
368	16.09.2025 17:02:07,000	19,32	-6,29	25,1	53,1	-11,8	0	104,8
369	16.09.2025 17:02:08,000	19,29	-6,29	23,2	57,8	-9,0	0	100,8
370	16.09.2025 17:02:09,000	19,29	-6,29	23,1	51,6	-15,3	0	109,2
371	16.09.2025 17:02:10,000	19,29	-6,29	24,7	54,1	-11,1	0	103,8
372	16.09.2025 17:02:11,000	19,29	-6,29	24,4	49,9	-15,7	0	110,0
373	16.09.2025 17:02:12,000	19,29	-6,29	25,3	51,0	-13,7	0	107,5
374	16.09.2025 17:02:13,000	19,29	-6,29	28,0	52,0	-10,0	0	102,7
375	16.09.2025 17:02:14,000	19,29	-6,29	26,9	49,6	-13,5	0	107,5
376	16.09.2025 17:02:15,000	19,29	-6,29	27,9	52,5	-9,6	0	102,2
377	16.09.2025 17:02:16,000	19,29	-6,29	25,7	47,6	-16,7	0	111,9
378	16.09.2025 17:02:17,000	19,29	-6,29	24,2	55,7	-10,1	0	102,4
379	16.09.2025 17:02:18,000	19,29	-6,29	24,1	49,8	-16,1	0	110,5
380	16.09.2025 17:02:19,000	19,26	-6,29	25,6	50,7	-13,7	0	107,5
381	16.09.2025 17:02:20,000	19,26	-6,29	26,7	52,6	-10,8	0	103,7
382	16.09.2025 17:02:21,000	19,26	-6,29	26,1	49,3	-14,6	0	108,9
383	16.09.2025 17:02:22,000	19,26	-6,29	25,6	52,2	-12,2	0	105,4
384	16.09.2025 17:02:23,000	19,26	-6,29	25,3	54,0	-10,6	0	103,2
385	16.09.2025 17:02:24,000	19,26	-6,29	27,3	51,8	-10,9	0	103,9
386	16.09.2025 17:02:25,000	19,26	-6,29	27,1	51,8	-11,2	0	104,2
387	16.09.2025 17:02:26,000	19,26	-6,29	27,6	50,9	-11,5	0	104,8
388	16.09.2025 17:02:27,000	19,26	-6,29	26,5	52,1	-11,4	0	104,5
389	16.09.2025 17:02:28,000	19,26	-6,29	24,9	53,3	-11,8	0	104,7
390	16.09.2025 17:02:29,000	19,23	-6,29	24,1	55,2	-10,6	0	103,1
391	16.09.2025 17:02:30,000	19,23	-6,29	25,0	53,3	-11,7	0	104,7
392	16.09.2025 17:02:31,000	19,23	-6,29	25,7	52,3	-12,0	0	105,2
393	16.09.2025 17:02:32,000	19,23	-6,29	24,9	53,6	-11,5	0	104,3
394	16.09.2025 17:02:33,000	19,23	-6,29	25,0	54,7	-10,4	0	102,8
395	16.09.2025 17:02:34,000	19,23	-6,29	26,5	51,3	-12,2	0	105,6
396	16.09.2025 17:02:35,000	19,23	-6,29	29,5	52,1	-8,4	0	100,8
397	16.09.2025 17:02:36,000	19,23	-6,29	29,9	51,8	-8,4	0	100,7
398	16.09.2025 17:02:37,000	19,23	-6,29	30,5	52,6	-6,9	0	98,7
399	16.09.2025 17:02:38,000	19,23	-6,29	32,2	51,8	-6,0	0	97,7
400	16.09.2025 17:02:39,000	19,23	-6,29	29,1	52,1	-8,8	0	101,2
401	16.09.2025 17:02:40,000	19,20	-6,29	28,9	54,1	-6,9	0	98,7
402	16.09.2025 17:02:41,000	19,20	-6,29	26,1	54,9	-9,0	0	101,2
403	16.09.2025 17:02:42,000	19,20	-6,29	23,8	53,9	-12,4	0	105,4
404	16.09.2025 17:02:43,000	19,20	-6,29	22,6	56,8	-10,6	0	102,8
405	16.09.2025 17:02:44,000	19,20	-6,29	21,8	56,3	-11,9	0	104,4
406	16.09.2025 17:02:45,000	19,20	-6,29	21,3	56,7	-11,9	0	104,4
407	16.09.2025 17:02:46,000	19,20	-6,29	20,6	58,2	-11,2	0	103,3
408	16.09.2025 17:02:47,000	19,20	-6,29	22,0	56,3	-11,7	0	104,1
409	16.09.2025 17:02:48,000	19,20	-6,29	24,1	53,9	-12,0	0	104,9
410	16.09.2025 17:02:49,000	19,20	-6,29	23,6	54,9	-11,5	0	104,2
411	16.09.2025 17:02:50,000	19,20	-6,29	21,2	56,9	-11,9	0	104,4
412	16.09.2025 17:02:51,000	19,20	-6,29	20,9	56,6	-12,5	0	105,1
413	16.09.2025 17:02:52,000	19,20	-6,29	21,6	56,4	-12,0	0	104,5
414	16.09.2025 17:02:53,000	19,20	-6,29	24,1	54,5	-11,5	0	104,2
415	16.09.2025 17:02:54,000	19,17	-6,29	25,0	51,6	-13,4	0	107,0
416	16.09.2025 17:02:55,000	19,17	-6,29	26,6	51,2	-12,2	0	105,6
417	16.09.2025 17:02:56,000	19,17	-6,29	25,4	52,6	-12,0	0	105,2
418	16.09.2025 17:02:57,000	19,17	-6,29	23,2	55,4	-11,4	0	103,9
419	16.09.2025 17:02:58,000	19,17	-6,29	22,5	54,6	-12,9	0	105,8
420	16.09.2025 17:02:59,000	19,17	-6,29	23,3	55,4	-11,3	0	103,8
421	16.09.2025 17:03:00,000	19,17	-6,29	24,9	53,2	-11,9	0	104,9
422	16.09.2025 17:03:01,000	19,17	-6,29	25,7	52,6	-11,8	0	104,9
423	16.09.2025 17:03:02,000	19,17	-6,29	26,3	50,1	-13,6	0	107,6
424	16.09.2025 17:03:03,000	19,17	-6,29	30,1	48,5	-11,4	0	105,2
425	16.09.2025 17:03:04,000	19,17	-6,29	31,3	46,9	-11,8	0	106,1
426	16.09.2025 17:03:05,000	19,17	-6,29	31,5	46,1	-12,4	0	107,0
427	16.09.2025 17:03:06,000	19,17	-6,29	31,6	46,5	-11,9	0	106,2
428	16.09.2025 17:03:07,000	19,17	-6,29	29,5	50,1	-10,4	0	103,5
429	16.09.2025 17:03:08,000	19,17	-6,29	28,1	51,2	-10,7	0	103,7
430	16.09.2025 17:03:09,000	19,14	-6,29	26,4	45,6	-18,0	0	114,0
431	16.09.2025 17:03:10,000	19,14	-6,29	26,4	54,4	-9,2	0	101,4
432	16.09.2025 17:03:11,000	19,14	-6,29	23,9	48,8	-17,3	0	112,2
433	16.09.2025 17:03:12,000	19,14	-6,29	25,6	53,4	-11,0	0	103,8
434	16.09.2025 17:03:13,000	19,14	-6,29	27,2	53,0	-9,8	0	102,4
435	16.09.2025 17:03:14,000	19,14	-6,29	27,8	50,3	-11,9	0	105,5
436	16.09.2025 17:03:15,000	19,14	-6,29	27,2	51,7	-11,1	0	104,2
437	16.09.2025 17:03:16,000	19,14	-6,29	26,4	53,4	-10,2	0	102,8
438	16.09.2025 17:03:17,000	19,14	-6,29	24,9	50,9	-14,2	0	108,1
439	16.09.2025 17:03:18,000	19,14	-6,29	25,5	53,1	-11,4	0	104,3
440	16.09.2025 17:03:19,000	19,14	-6,29	24,3	54,9	-10,8	0	103,3
441	16.09.2025 17:03:20,000	19,14	-6,29	25,1	53,3	-11,5	0	104,5
442	16.09.2025 17:03:21,000	19,11	-6,29	25,7	53,5	-10,8	0	103,5
443	16.09.2025 17:03:22,000	19,11	-6,29	26,3	52,6	-11,1	0	104,0
444	16.09.2025 17:03:23,000	19,11	-6,29	27,3	52,2	-10,5	0	103,4
445	16.09.2025 17:03:24,000	19,11	-6,29	29,3	50,2	-10,6	0	103,8
446	16.09.2025 17:03:25,000	19,11	-6,29	28,3	49,8	-11,9	0	105,5
447	16.09.2025 17:03:26,000	19,11	-6,29	27,7	52,3	-10,0	0	102,8
448	16.09.2025 17:03:27,000	19,11	-6,29	26,9	51,0	-12,1	0	105,6
449	16.09.2025 17:03:28,000	19,11	-6,29	26,1	52,0	-11,8	0	105,0
450	16.09.2025 17:03:29,000	19,11	-6,29	25,4	53,5	-11,1	0	104,0
451	16.09.2025 17:03:30,000	19,11	-6,29	25,8	53,6	-10,6	0	103,2
452	16.09.2025 17:03:31,000	19,11	-6,29	24,2	54,3	-11,5	0	104,3
453	16.09.2025 17:03:32,000	19,11	-6,29	23,5	56,4	-10,1	0	102,3
454	16.09.2025 17:03:33,000	19,11	-6,29	23,0	54,4	-12,6	0	105,5
455	16.09.2025 17:03:34,000	19,08	-6,29	24,5	54,0	-11,5	0	104,3
456	16.09.2025 17:03:35,000	19,08	-6,29	26,5	52,7	-10,8	0	103,7
457	16.09.2025 17:03:36,000	19,08	-6,29	28,2	50,3	-11,4	0	104,9
458	16.09.2025 17:03:37,000	19,08	-6,29	29,4	49,3	-11,4	0	105,0
459	16.09.2025 17:03:38,000	19,08	-6,29	28,6	50,9	-10,5	0	103,6
460	16.09.2025 17:03:39,000	19,08	-6,29	27,2	50,6	-12,2	0	105,8
461	16.09.2025 17:03:40,000	19,08	-6,29	26,7	50,1	-13,2	0	107,0
462	16.09.2025 17:03:41,000	19,08	-6,29	28,0	52,3	-9,8	0	102,4
463	16.09.2025 17:03:42,000	19,08	-6,29	29,0	50,6	-10,4	0	103,5
464	16.09.2025 17:03:43,000	19,08	-6,29	27,7	48,3	-14,1	0	108,6
465	16.09.2025 17:03:44,000	19,05	-6,29	29,2	52,2	-8,6	0	101,0
466	16.09.2025 17:03:45,000	19,05	-6,29	27,2	49,8	-12,9	0	106,8
467	16.09.2025 17:03:46,000	19,05	-6,29	26,1	52,4	-11,5	0	104,6
468	16.09.2025 17:03:47,000	19,05	-6,29	26,6	51,8	-11,6	0	104,7
469	16.09.2025 17:03:48,000	19,05	-6,29	26,5	51,9	-11,6	0	104,8
470	16.09.2025 17:03:49,000	19,05	-6,29	25,5	52,5	-12,1	0	105,2
471	16.09.2025 17:03:50,000	19,05	-6,29	23,9	54,2	-11,9	0	104,8
472	16.09.2025 17:03:51,000	19,05	-6,29	23,8	54,9	-11,3	0	103,9
473	16.09.2025 17:03:52,000	19,05	-6,29	25,3	52,9	-11,8	0	104,8
474	16.09.2025 17:03:53,000	19,05	-6,29	25,5	54,7	-9,8	0	102,1
475	16.09.2025 17:03:54,000	19,05	-6,29	25,7	52,5	-11,8	0	105,0
476	16.09.2025 17:03:55,000	19,02	-6,29	25,8	55,0	-9,2	0	101,3
477	16.09.2025 17:03:56,000	19,02	-6,29	25,1	53,0	-11,9	0	105,0
478	16.09.2025 17:03:57,000	19,02	-6,29	24,6	54,6	-10,8	0	103,4
479	16.09.2025 17:03:58,000	19,02	-6,29	23,6	52,4	-14,0	0	107,5
480	16.09.2025 17:03:59,000	19,02	-6,29	25,0	55,4	-9,7	0	101,9
481	16.09.2025 17:04:00,000	19,02	-6,29	23,6	54,7	-11,7	0	104,4
482	16.09.2025 17:04:01,000	19,02	-6,29	23,6	51,8	-14,6	0	108,4
483	16.09.2025 17:04:02,000	19,02	-6,29	24,3	55,3	-10,5	0	102,9
484	16.09.2025 17:04:03,000	19,02	-6,29	27,0	53,5	-9,5	0	101,9
485	16.09.2025 17:04:04,000	19,02	-6,29	28,1	49,9	-11,9	0	105,5
486	16.09.2025 17:04:05,000	19,02	-6,29	29,2	54,0	-6,9	0	98,6
487	16.09.2025 17:04:06,000	18,99	-6,29	27,1	51,9	-11,0	0	104,1
488	16.09.2025 17:04:07,000	18,99	-6,29	24,4	54,9	-10,8	0	103,3
489	16.09.2025 17:04:08,000	18,99	-6,29	23,3	55,0	-11,6	0	104,3
490	16.09.2025 17:04:09,000	18,99	-6,29	24,3	54,7	-11,0	0	103,6
491	16.09.2025 17:04:10,000	18,99	-6,29	25,3	53,1	-11,6	0	104,6
492	16.09.2025 17:04:11,000	18,99	-6,29	25,8	52,9	-11,2	0	104,2
493	16.09.2025 17:04:12,000	18,99	-6,29	25,4	53,4	-11,3	0	104,1
494	16.09.2025 17:04:13,000	18,99	-6,29	25,0	53,9	-11,1	0	103,8
495	16.09.2025 17:04:14,000	18,99	-6,29	24,4	53,7	-11,9	0	104,8
496	16.09.2025 17:04:15,000	18,99	-6,29	24,2	55,9	-9,9	0	102,1
497	16.09.2025 17:04:16,000	18,99	-6,29	23,9	53,7	-12,4	0	105,5
498	16.09.2025 17:04:17,000	18,99	-6,29	25,7	54,1	-10,2	0	102,7
499	16.09.2025 17:04:18,000	18,96	-6,29	27,0	52,2	-10,8	0	103,7
500	16.09.2025 17:04:19,000	18,96	-6,29	27,3	52,0	-10,7	0	103,7
501	16.09.2025 17:04:20,000	18,96	-6,29	27,2	51,6	-11,1	0	104,3
502	16.09.2025 17:04:21,000	18,96	-6,29	27,1	51,9	-11,0	0	104,0
503	16.09.2025 17:04:22,000	18,96	-6,29	26,5	53,2	-10,3	0	103,0
504	16.09.2025 17:04:23,000	18,96	-6,29	25,7	52,2	-12,0	0	105,2
505	16.09.2025 17:04:24,000	18,96	-6,29	27,1	52,5	-10,4	0	103,2
506	16.09.2025 17:04:25,000	18,96	-6,29	26,0	52,6	-11,4	0	104,4
507	16.09.2025 17:04:26,000	18,96	-6,29	25,5	52,8	-11,7	0	104,7
508	16.09.2025 17:04:27,000	18,96	-6,29	26,7	52,6	-10,7	0	103,6
509	16.09.2025 17:04:28,000	18,96	-6,29	26,8	53,5	-9,7	0	102,1
510	16.09.2025 17:04:29,000	18,96	-6,29	25,3	53,1	-11,6	0	104,6
511	16.09.2025 17:04:30,000	18,93	-6,29	25,7	54,3	-10,0	0	102,4
512	16.09.2025 17:04:31,000	18,93	-6,29	26,4	52,4	-11,2	0	104,2
513	16.09.2025 17:04:32,000	18,93	-6,29	25,4	54,7	-9,9	0	102,2
514	16.09.2025 17:04:33,000	18,93	-6,29	24,6	51,4	-14,0	0	107,8
515	16.09.2025 17:04:34,000	18,93	-6,29	25,4	53,1	-11,5	0	104,5
516	16.09.2025 17:04:35,000	18,93	-6,29	24,9	54,7	-10,4	0	102,8
517	16.09.2025 17:04:36,000	18,93	-6,29	23,3	54,2	-12,5	0	105,5
518	16.09.2025 17:04:37,000	18,93	-6,29	25,0	54,8	-10,2	0	102,6
519	16.09.2025 17:04:38,000	18,93	-6,29	27,2	52,1	-10,7	0	103,7
520	16.09.2025 17:04:39,000	18,93	-6,29	28,0	51,0	-11,0	0	104,2
521	16.09.2025 17:04:40,000	18,93	-6,29	27,5	50,2	-12,4	0	106,0
522	16.09.2025 17:04:41,000	18,90	-6,29	27,4	52,1	-10,5	0	103,4
523	16.09.2025 17:04:42,000	18,90	-6,29	26,8	53,1	-10,1	0	102,7
524	16.09.2025 17:04:43,000	18,90	-6,29	26,3	52,2	-11,5	0	104,6
525	16.09.2025 17:04:44,000	18,90	-6,29	29,4	50,2	-10,4	0	103,5
526	16.09.2025 17:04:45,000	18,90	-6,29	29,1	50,4	-10,5	0	103,6
527	16.09.2025 17:04:46,000	18,90	-6,29	26,0	51,1	-12,9	0	106,5
528	16.09.2025 17:04:47,000	18,90	-6,29	25,2	53,5	-11,3	0	104,2
529	16.09.2025 17:04:48,000	18,90	-6,29	26,5	53,0	-10,5	0	103,3
530	16.09.2025 17:04:49,000	18,90	-6,29	26,8	52,6	-10,6	0	103,4
531	16.09.2025 17:04:50,000	18,90	-6,29	27,6	51,6	-10,8	0	103,9
532	16.09.2025 17:04:51,000	18,90	-6,29	27,4	51,6	-11,0	0	104,0
533	16.09.2025 17:04:52,000	18,87	-6,29	25,8	55,0	-9,2	0	101,4
534	16.09.2025 17:04:53,000	18,87	-6,29	24,5	51,7	-13,8	0	107,4
535	16.09.2025 17:04:54,000	18,87	-6,29	24,5	54,2	-11,3	0	104,0
536	16.09.2025 17:04:55,000	18,87	-6,29	24,2	56,7	-9,0	0	101,0
537	16.09.2025 17:04:56,000	18,87	-6,29	24,4	54,9	-10,7	0	103,2
538	16.09.2025 17:04:57,000	18,87	-6,29	24,7	53,8	-11,5	0	104,3
539	16.09.2025 17:04:58,000	18,87	-6,29	24,6	56,2	-9,2	0	101,2
540	16.09.2025 17:04:59,000	18,87	-6,29	24,4	54,3	-11,3	0	104,0
541	16.09.2025 17:05:00,000	18,87	-6,29	25,6	53,2	-11,2	0	104,1
542	16.09.2025 17:05:01,000	18,87	-6,29	26,1	54,8	-9,1	0	101,2
543	16.09.2025 17:05:02,000	18,87	-6,29	25,7	53,0	-11,3	0	104,3
544	16.09.2025 17:05:03,000	18,87	-6,29	26,9	52,8	-10,3	0	103,1
545	16.09.2025 17:05:04,000	18,84	-6,29	27,1	52,7	-10,2	0	102,9
546	16.09.2025 17:05:05,000	18,84	-6,29	25,7	52,2	-12,1	0	105,3
547	16.09.2025 17:05:06,000	18,84	-6,29	24,6	53,9	-11,5	0	104,3
548	16.09.2025 17:05:07,000	18,84	-6,29	25,7	53,3	-11,0	0	103,8
549	16.09.2025 17:05:08,000	18,84	-6,29	25,8	53,7	-10,5	0	103,1
550	16.09.2025 17:05:09,000	18,84	-6,29	23,6	52,5	-13,9	0	107,4
551	16.09.2025 17:05:10,000	18,84	-6,29	23,4	52,7	-13,8	0	107,3
552	16.09.2025 17:05:11,000	18,84	-6,29	25,2	54,3	-10,5	0	103,0
553	16.09.2025 17:05:12,000	18,84	-6,29	25,4	49,7	-14,9	0	109,2
554	16.09.2025 17:05:13,000	18,84	-6,29	26,4	51,0	-12,6	0	106,1
555	16.09.2025 17:05:14,000	18,84	-6,29	25,1	48,0	-16,9	0	112,0
556	16.09.2025 17:05:15,000	18,84	-6,29	25,8	55,2	-9,0	0	101,1
557	16.09.2025 17:05:16,000	18,81	-6,29	24,8	53,2	-12,0	0	105,0
558	16.09.2025 17:05:17,000	18,81	-6,29	25,4	51,7	-12,8	0	106,3
559	16.09.2025 17:05:18,000	18,81	-6,29	24,3	53,8	-11,9	0	104,8
560	16.09.2025 17:05:19,000	18,81	-6,29	73,5	12,0	-4,5	1	104,8
561	16.09.2025 17:05:20,000	18,81	-6,29	51,3	19,1	-19,6	0	135,6
562	16.09.2025 17:05:21,000	18,81	-6,29	44,7	37,2	8,1	0	76,8
563	16.09.2025 17:05:22,000	18,81	-6,29	27,9	32,1	29,9	0	46,8
564	16.09.2025 17:05:23,000	18,81	-6,29	28,8	37,4	23,8	0	56,0
565	16.09.2025 17:05:24,000	18,81	-6,29	37,2	43,2	9,5	0	76,2
566	16.09.2025 17:05:25,000	18,81	-6,29	31,9	39,1	19,0	0	62,3
567	16.09.2025 17:05:26,000	18,81	-6,29	29,7	35,5	24,8	0	53,8
568	16.09.2025 17:05:27,000	18,81	-6,29	27,8	32,3	30,0	0	46,8
569	16.09.2025 17:05:28,000	18,81	-6,29	31,7	39,1	19,2	0	62,0
570	16.09.2025 17:05:29,000	18,78	-6,29	32,6	40,1	17,3	0	64,7
571	16.09.2025 17:05:30,000	18,78	-6,29	30,9	38,1	21,0	0	59,4
572	16.09.2025 17:05:31,000	18,78	-6,29	28,4	33,4	28,1	0	49,3
573	16.09.2025 17:05:32,000	18,78	-6,29	29,6	33,7	26,7	0	50,7
574	16.09.2025 17:05:33,000	18,78	-6,29	31,5	37,6	20,9	0	59,2
575	16.09.2025 17:05:34,000	18,78	-6,29	27,0	34,5	28,5	0	49,6
576	16.09.2025 17:05:35,000	18,78	-6,29	32,2	40,0	17,8	0	64,1
577	16.09.2025 17:05:36,000	18,78	-6,29	48,6	40,9	0,4	0	89,3
578	16.09.2025 17:05:37,000	18,78	-6,29	49,8	39,8	0,4	0	89,4
579	16.09.2025 17:05:38,000	18,78	-6,29	32,2	38,2	19,7	0	61,0
580	16.09.2025 17:05:39,000	18,78	-6,29	37,4	41,0	11,6	0	72,7
581	16.09.2025 17:05:40,000	18,75	-6,29	45,3	43,0	-1,8	0	92,6
582	16.09.2025 17:05:41,000	18,75	-6,29	51,7	37,4	-0,9	0	91,5
583	16.09.2025 17:05:42,000	18,75	-6,29	48,7	39,8	-1,5	0	92,4
584	16.09.2025 17:05:43,000	18,75	-6,29	40,3	40,2	9,5	0	75,4
585	16.09.2025 17:05:44,000	18,75	-6,29	49,7	37,1	-3,2	0	95,4
586	16.09.2025 17:05:45,000	18,75	-6,29	52,5	35,5	-1,9	0	93,3
587	16.09.2025 17:05:46,000	18,75	-6,29	35,3	40,2	14,5	0	68,4
588	16.09.2025 17:05:47,000	18,75	-6,29	48,2	40,3	-1,5	0	92,4
589	16.09.2025 17:05:48,000	18,75	-6,29	46,8	41,8	-1,3	0	92,0
590	16.09.2025 17:05:49,000	18,75	-6,29	30,2	37,1	22,7	0	57,0
591	16.09.2025 17:05:50,000	18,75	-6,29	36,5	41,3	12,2	0	72,0
592	16.09.2025 17:05:51,000	18,75	-6,29	54,1	20,1	-15,8	0	128,3
593	16.09.2025 17:05:52,000	18,75	-6,29	46,3	34,8	-8,9	0	105,3
594	16.09.2025 17:05:53,000	18,72	-6,29	31,9	38,3	19,8	0	60,9
595	16.09.2025 17:05:54,000	18,72	-6,29	37,5	40,2	12,3	0	71,3
596	16.09.2025 17:05:55,000	18,72	-6,29	48,5	40,5	-1,0	0	91,5
597	16.09.2025 17:05:56,000	18,72	-6,29	49,0	39,4	-1,6	0	92,5
598	16.09.2025 17:05:57,000	18,72	-6,29	42,7	45,2	2,1	0	87,1
599	16.09.2025 17:05:58,000	18,72	-6,29	42,9	44,8	2,3	0	86,7
600	16.09.2025 17:05:59,000	18,72	-6,29	33,4	40,4	16,2	0	66,2
601	16.09.2025 17:06:00,000	18,72	-6,29	32,5	39,7	17,8	0	64,0
602	16.09.2025 17:06:01,000	18,72	-6,29	38,9	43,6	7,5	0	79,1
603	16.09.2025 17:06:02,000	18,72	-6,29	38,2	43,9	7,9	0	78,6
604	16.09.2025 17:06:03,000	18,72	-6,29	34,4	41,5	14,1	0	69,4
605	16.09.2025 17:06:04,000	18,69	-6,29	41,0	42,2	6,8	0	79,9
606	16.09.2025 17:06:05,000	18,69	-6,29	36,6	42,0	11,4	0	73,2
607	16.09.2025 17:06:06,000	18,69	-6,29	28,7	36,9	24,4	0	55,1
608	16.09.2025 17:06:07,000	18,69	-6,29	30,6	38,9	20,5	0	60,3
609	16.09.2025 17:06:08,000	18,69	-6,29	32,0	39,8	18,2	0	63,5
610	16.09.2025 17:06:09,000	18,69	-6,29	30,4	38,6	21,0	0	59,7
611	16.09.2025 17:06:10,000	18,69	-6,29	29,5	36,9	23,6	0	55,9
612	16.09.2025 17:06:11,000	18,69	-6,29	24,1	30,4	35,5	0	41,3
613	16.09.2025 17:06:12,000	18,69	-6,29	33,8	42,5	13,7	0	70,3
614	16.09.2025 17:06:13,000	18,69	-6,29	28,5	52,6	8,9	1	78,7
615	16.09.2025 17:06:14,000	18,69	-6,29	9,1	11,3	-69,6	1	167,7
616	16.09.2025 17:06:15,000	18,69	-6,29	21,3	13,3	55,4	0	16,2
617	16.09.2025 17:06:16,000	18,69	-6,29	34,7	29,0	-26,2	1	132,4
618	16.09.2025 17:06:17,000	18,69	-6,29	8,4	36,8	-44,8	0	139,4
619	16.09.2025 17:06:18,000	18,69	-6,29	45,3	15,2	-29,5	1	151,8
620	16.09.2025 17:06:19,000	18,69	-6,29	45,5	24,3	20,2	0	49,9
621	16.09.2025 17:06:20,000	18,69	-6,29	30,0	20,8	39,2	0	29,8
622	16.09.2025 17:06:21,000	18,69	-6,29	33,0	13,9	43,1	0	19,8
623	16.09.2025 17:06:22,000	18,66	-6,29	33,8	16,3	39,9	0	24,1
624	16.09.2025 17:06:23,000	18,66	-6,29	31,1	9,1	49,8	0	12,0
625	16.09.2025 17:06:24,000	18,66	-6,29	17,6	22,0	50,4	0	26,6
626	16.09.2025 17:06:25,000	18,66	-6,29	24,4	21,1	44,6	0	27,8
627	16.09.2025 17:06:26,000	18,66	-6,29	27,2	20,3	42,5	0	27,7
628	16.09.2025 17:06:27,000	18,66	-6,29	33,3	15,0	41,7	0	21,7
629	16.09.2025 17:06:28,000	18,66	-6,29	27,2	22,7	40,1	0	31,4
630	16.09.2025 17:06:29,000	18,69	-6,29	34,6	19,5	35,9	0	30,1
631	16.09.2025 17:06:30,000	18,69	-6,29	33,3	19,0	37,7	0	28,5
632	16.09.2025 17:06:31,000	18,69	-6,29	22,3	21,7	46,0	0	27,9
633	16.09.2025 17:06:32,000	18,69	-6,29	26,3	21,6	42,2	0	29,3
634	16.09.2025 17:06:33,000	18,72	-6,29	34,3	15,6	40,1	0	23,1
635	16.09.2025 17:06:34,000	18,72	-6,29	42,8	10,7	36,4	0	17,7
636	16.09.2025 17:06:35,000	18,75	-6,29	39,7	12,5	37,8	0	19,7
637	16.09.2025 17:06:36,000	18,78	-6,29	21,0	54,1	14,9	0	71,7
638	16.09.2025 17:06:37,000	18,78	-6,29	56,8	6,4	26,8	0	13,8
639	16.09.2025 17:06:38,000	18,78	-6,29	29,9	19,4	40,7	0	27,6
640	16.09.2025 17:06:39,000	18,81	-6,29	34,8	21,6	33,6	0	34,0
641	16.09.2025 17:06:40,000	18,81	-6,29	36,1	20,6	33,3	0	33,0
642	16.09.2025 17:06:41,000	18,81	-6,29	30,6	24,6	34,8	0	36,4
643	16.09.2025 17:06:42,000	18,81	-6,29	31,5	19,0	39,6	0	27,5
644	16.09.2025 17:06:43,000	18,81	-6,29	34,3	18,7	36,9	0	28,6
645	16.09.2025 17:06:44,000	18,81	-6,29	36,4	18,1	35,4	0	28,6
646	16.09.2025 17:06:45,000	18,81	-6,29	44,0	14,9	31,1	0	26,7
647	16.09.2025 17:06:46,000	18,81	-6,29	49,5	13,3	27,2	0	26,8
648	16.09.2025 17:06:47,000	18,84	-6,29	51,1	24,7	14,2	0	59,5
649	16.09.2025 17:06:48,000	18,84	-6,29	48,7	17,0	24,3	0	35,5
650	16.09.2025 17:06:49,000	18,84	-6,29	35,7	27,8	26,5	0	46,2
651	16.09.2025 17:06:50,000	18,84	-6,29	47,6	17,8	24,6	0	36,5
652	16.09.2025 17:06:51,000	18,84	-6,29	45,8	21,1	23,1	0	42,6
653	16.09.2025 17:06:52,000	18,84	-6,29	48,5	19,4	22,1	0	41,5
654	16.09.2025 17:06:53,000	18,84	-6,29	45,5	16,9	27,6	0	32,2
655	16.09.2025 17:06:54,000	18,84	-6,29	44,1	19,7	26,2	0	37,5
656	16.09.2025 17:06:55,000	18,84	-6,29	47,3	20,7	22,0	0	43,3
657	16.09.2025 17:06:56,000	18,84	-6,29	50,6	22,8	16,6	0	53,6
658	16.09.2025 17:06:57,000	18,84	-6,29	37,0	22,9	30,1	0	38,1
659	16.09.2025 17:06:58,000	18,87	-6,29	38,3	24,1	27,6	0	41,4
660	16.09.2025 17:06:59,000	18,87	-6,29	46,4	22,6	21,0	0	46,9
661	16.09.2025 17:07:00,000	18,87	-6,29	47,0	22,9	20,0	0	48,6
662	16.09.2025 17:07:01,000	18,87	-6,29	47,9	23,6	18,5	0	51,4
663	16.09.2025 17:07:02,000	18,87	-6,29	46,4	25,5	18,1	0	54,1
664	16.09.2025 17:07:03,000	18,87	-6,29	45,8	23,0	21,2	0	47,2
665	16.09.2025 17:07:04,000	18,87	-6,29	43,8	23,7	22,5	0	46,4
666	16.09.2025 17:07:05,000	18,87	-6,29	49,3	25,6	15,1	0	58,9
667	16.09.2025 17:07:06,000	18,87	-6,29	51,5	21,2	17,4	0	50,4
668	16.09.2025 17:07:07,000	18,87	-6,29	49,6	22,9	17,5	0	52,1
669	16.09.2025 17:07:08,000	18,87	-6,29	50,8	19,6	19,7	0	44,9
670	16.09.2025 17:07:09,000	18,84	-6,29	56,4	14,9	18,8	0	38,6
671	16.09.2025 17:07:10,000	18,87	-6,29	62,9	11,6	15,5	0	38,6
672	16.09.2025 17:07:11,000	18,87	-6,29	54,5	11,8	23,7	0	27,2
673	16.09.2025 17:07:12,000	18,84	-6,29	56,0	8,8	25,3	0	19,7
674	16.09.2025 17:07:13,000	18,87	-6,29	61,3	3,2	25,4	0	7,5
675	16.09.2025 17:07:14,000	18,84	-6,29	65,4	2,1	22,4	0	7,5
676	16.09.2025 17:07:15,000	18,84	-6,29	57,0	5,9	27,1	0	12,8
677	16.09.2025 17:07:16,000	18,84	-6,29	48,4	7,6	34,0	0	13,4
678	16.09.2025 17:07:17,000	18,84	-6,29	60,3	6,1	23,6	0	14,9
679	16.09.2025 17:07:18,000	18,84	-6,29	57,2	8,2	24,6	0	19,0
680	16.09.2025 17:07:19,000	18,84	-6,29	57,2	6,2	26,7	0	13,5
681	16.09.2025 17:07:20,000	18,84	-6,29	53,6	6,2	30,3	0	12,1
682	16.09.2025 17:07:21,000	18,87	-6,29	53,4	11,1	25,5	0	24,3
683	16.09.2025 17:07:22,000	18,87	-6,29	49,4	11,2	29,4	0	21,7
684	16.09.2025 17:07:23,000	18,87	-6,29	52,5	8,6	28,8	0	17,4
685	16.09.2025 17:07:24,000	18,87	-6,29	59,2	8,4	22,4	0	21,1
686	16.09.2025 17:07:25,000	18,84	-6,29	52,8	9,8	27,4	0	20,4
687	16.09.2025 17:07:26,000	18,84	-6,29	49,0	8,8	32,2	0	16,1
688	16.09.2025 17:07:27,000	18,84	-6,29	50,6	9,1	30,3	0	17,5
689	16.09.2025 17:07:28,000	18,84	-6,29	54,2	7,8	27,9	0	16,3
690	16.09.2025 17:07:29,000	18,84	-6,29	55,0	8,6	26,5	0	18,6
691	16.09.2025 17:07:30,000	18,84	-6,29	51,0	11,8	27,2	0	24,2
692	16.09.2025 17:07:31,000	18,84	-6,29	49,7	12,9	27,5	0	26,0
693	16.09.2025 17:07:32,000	18,84	-6,29	51,2	13,6	25,2	0	29,1
694	16.09.2025 17:07:33,000	18,84	-6,29	52,7	13,5	23,8	0	30,2
695	16.09.2025 17:07:34,000	18,84	-6,29	46,7	17,3	26,0	0	34,3
696	16.09.2025 17:07:35,000	18,84	-6,29	48,7	17,3	24,0	0	36,4
697	16.09.2025 17:07:36,000	18,84	-6,29	53,9	15,2	20,9	0	36,3
698	16.09.2025 17:07:37,000	18,84	-6,29	50,2	15,2	24,6	0	32,4
699	16.09.2025 17:07:38,000	18,84	-6,29	44,1	16,4	29,4	0	30,1
700	16.09.2025 17:07:39,000	18,84	-6,29	41,9	15,8	32,3	0	27,3
701	16.09.2025 17:07:40,000	18,84	-6,29	43,8	14,8	31,3	0	26,4
702	16.09.2025 17:07:41,000	18,84	-6,29	34,3	18,0	37,7	0	27,2
703	16.09.2025 17:07:42,000	18,84	-6,29	35,7	16,5	37,8	0	25,3
704	16.09.2025 17:07:43,000	18,84	-6,29	35,5	15,8	38,7	0	23,9
705	16.09.2025 17:07:44,000	18,84	-6,29	35,3	11,6	43,0	0	16,8
706	16.09.2025 17:07:45,000	18,84	-6,29	39,6	10,9	39,5	0	16,9
707	16.09.2025 17:07:46,000	18,81	-6,29	37,5	12,4	40,1	0	18,8
708	16.09.2025 17:07:47,000	18,81	-6,29	38,8	11,2	39,9	0	17,1
709	16.09.2025 17:07:48,000	18,81	-6,29	41,5	9,5	39,0	0	14,9
710	16.09.2025 17:07:49,000	18,81	-6,29	40,7	11,8	37,6	0	18,7
711	16.09.2025 17:07:50,000	18,81	-6,29	37,1	11,9	41,0	0	17,8
712	16.09.2025 17:07:51,000	18,81	-6,29	45,8	8,6	35,6	0	14,5
713	16.09.2025 17:07:52,000	18,81	-6,29	51,7	8,2	30,2	0	15,9
714	16.09.2025 17:07:53,000	18,81	-6,29	47,7	12,6	29,7	0	23,9
715	16.09.2025 17:07:54,000	18,81	-6,29	46,3	14,5	29,2	0	27,5
716	16.09.2025 17:07:55,000	18,81	-6,29	35,9	17,2	36,9	0	26,6
717	16.09.2025 17:07:56,000	18,78	-6,29	46,6	12,8	30,7	0	23,6
718	16.09.2025 17:07:57,000	18,78	-6,29	47,5	16,8	25,7	0	33,8
719	16.09.2025 17:07:58,000	18,78	-6,29	48,6	17,7	23,7	0	37,3
720	16.09.2025 17:07:59,000	18,78	-6,29	47,8	17,6	24,6	0	36,2
721	16.09.2025 17:08:00,000	18,75	-6,29	45,2	18,2	26,6	0	35,1
722	16.09.2025 17:08:01,000	18,75	-6,29	42,7	21,3	26,0	0	39,7
723	16.09.2025 17:08:02,000	18,75	-6,29	46,9	20,9	22,3	0	43,2
724	16.09.2025 17:08:03,000	18,75	-6,29	50,9	18,5	20,6	0	42,0
725	16.09.2025 17:08:04,000	18,72	-6,29	45,5	23,8	20,6	0	48,8
726	16.09.2025 17:08:05,000	18,72	-6,29	50,0	17,4	22,6	0	38,1
727	16.09.2025 17:08:06,000	18,72	-6,29	46,7	19,4	23,9	0	39,5
728	16.09.2025 17:08:07,000	18,72	-6,29	48,8	16,4	24,8	0	34,0
729	16.09.2025 17:08:08,000	18,72	-6,29	54,0	15,1	20,9	0	36,3
730	16.09.2025 17:08:09,000	18,69	-6,29	55,6	13,6	20,8	0	33,6
731	16.09.2025 17:08:10,000	18,69	-6,29	49,5	12,8	27,7	0	25,6
732	16.09.2025 17:08:11,000	18,69	-6,29	40,5	12,2	37,2	0	19,6
733	16.09.2025 17:08:12,000	18,66	-6,29	39,0	9,9	41,0	0	15,0
734	16.09.2025 17:08:13,000	18,66	-6,29	36,1	9,9	44,0	0	14,2
735	16.09.2025 17:08:14,000	18,66	-6,29	32,6	8,9	48,4	0	12,0
736	16.09.2025 17:08:15,000	18,66	-6,29	37,7	7,4	44,9	0	10,5
737	16.09.2025 17:08:16,000	18,66	-6,29	44,6	6,8	38,6	0	10,9
738	16.09.2025 17:08:17,000	18,63	-6,29	38,6	7,7	43,7	0	11,2
739	16.09.2025 17:08:18,000	18,63	-6,29	36,7	6,5	46,9	0	8,9
740	16.09.2025 17:08:19,000	18,63	-6,29	39,6	5,8	44,6	0	8,3
741	16.09.2025 17:08:20,000	18,63	-6,29	46,2	0,6	43,3	0	0,8
742	16.09.2025 17:08:21,000	18,60	-6,29	53,8	-1,8	34,4	0	-3,2
743	16.09.2025 17:08:22,000	18,60	-6,29	61,3	-1,1	27,5	0	-2,4
744	16.09.2025 17:08:23,000	18,60	-6,29	62,2	-3,8	24,0	0	-9,3
745	16.09.2025 17:08:24,000	18,60	-6,29	64,6	-3,4	21,9	0	-9,3
746	16.09.2025 17:08:25,000	18,58	-6,29	59,6	6,7	23,7	0	16,2
747	16.09.2025 17:08:26,000	18,58	-6,29	53,5	9,9	26,6	0	21,2
748	16.09.2025 17:08:27,000	18,58	-6,29	53,1	9,0	27,9	0	18,7
749	16.09.2025 17:08:28,000	18,58	-6,29	48,5	10,6	30,9	0	19,9
750	16.09.2025 17:08:29,000	18,58	-6,29	42,9	7,2	39,9	0	11,2
751	16.09.2025 17:08:30,000	18,55	-6,29	43,7	7,3	39,0	0	11,6
752	16.09.2025 17:08:31,000	18,55	-6,29	40,5	7,1	42,4	0	10,5
753	16.09.2025 17:08:32,000	18,55	-6,29	31,8	3,2	55,0	0	3,9
754	16.09.2025 17:08:33,000	18,55	-6,29	31,7	-1,5	56,9	0	-1,8
755	16.09.2025 17:08:34,000	18,55	-6,29	29,9	-4,4	55,8	0	-5,4
756	16.09.2025 17:08:35,000	18,55	-6,29	30,6	-3,3	56,1	0	-4,0
757	16.09.2025 17:08:36,000	18,52	-6,29	35,3	3,4	51,3	0	4,4
758	16.09.2025 17:08:37,000	18,52	-6,29	31,0	-1,7	57,3	0	-2,1
759	16.09.2025 17:08:38,000	18,52	-6,29	35,0	3,1	51,9	0	4,0
760	16.09.2025 17:08:39,000	18,52	-6,29	31,6	0,5	57,8	0	0,6
761	16.09.2025 17:08:40,000	18,52	-6,29	34,5	1,4	54,1	1	1,8
762	16.09.2025 17:08:41,000	18,52	-6,29	33,3	1,1	55,7	0	1,3
763	16.09.2025 17:08:42,000	18,52	-6,29	32,3	-0,7	57,0	0	-0,8
764	16.09.2025 17:08:43,000	18,52	-6,29	29,8	-2,5	57,6	0	-3,0
765	16.09.2025 17:08:44,000	18,52	-6,29	27,3	-3,4	59,2	0	-4,1
766	16.09.2025 17:08:45,000	18,52	-6,29	29,2	-1,8	59,0	0	-2,1
767	16.09.2025 17:08:46,000	18,49	-6,29	26,2	-5,9	57,9	0	-7,1
768	16.09.2025 17:08:47,000	18,49	-6,29	25,1	-6,4	58,5	0	-7,7
769	16.09.2025 17:08:48,000	18,49	-6,29	31,9	1,1	57,0	0	1,3
770	16.09.2025 17:08:49,000	18,49	-6,29	33,5	4,0	52,5	0	5,0
771	16.09.2025 17:08:50,000	18,49	-6,29	33,8	4,3	51,9	0	5,5
772	16.09.2025 17:08:51,000	18,49	-6,29	34,5	7,5	48,1	0	10,1
773	16.09.2025 17:08:52,000	18,49	-6,29	32,4	9,0	48,6	0	12,1
774	16.09.2025 17:08:53,000	18,49	-6,29	31,2	7,5	51,3	0	9,6
775	16.09.2025 17:08:54,000	18,46	-6,29	28,6	7,1	54,3	0	8,8
776	16.09.2025 17:08:55,000	18,46	-6,29	31,7	9,1	49,2	0	12,1
777	16.09.2025 17:08:56,000	18,46	-6,29	32,7	7,5	49,8	0	10,0
778	16.09.2025 17:08:57,000	18,46	-6,29	32,2	9,0	48,8	0	12,0
779	16.09.2025 17:08:58,000	18,46	-6,29	31,2	10,8	48,0	0	14,5
780	16.09.2025 17:08:59,000	18,46	-6,29	29,6	9,4	51,1	0	12,1
781	16.09.2025 17:09:00,000	18,46	-6,29	32,4	9,2	48,5	0	12,3
782	16.09.2025 17:09:01,000	18,46	-6,29	29,0	8,0	53,0	0	10,1
783	16.09.2025 17:09:02,000	18,46	-6,29	30,2	7,5	52,4	0	9,5
784	16.09.2025 17:09:03,000	18,46	-6,29	29,0	5,7	55,3	0	7,0
785	16.09.2025 17:09:04,000	18,46	-6,29	27,0	7,8	55,2	0	9,6
786	16.09.2025 17:09:05,000	18,43	-6,29	27,1	8,9	54,0	0	11,1
787	16.09.2025 17:09:06,000	18,43	-6,29	29,9	11,3	48,8	0	15,0
788	16.09.2025 17:09:07,000	18,43	-6,29	30,5	10,7	48,9	0	14,2
789	16.09.2025 17:09:08,000	18,43	-6,29	31,4	13,2	45,4	0	18,2
790	16.09.2025 17:09:09,000	18,43	-6,29	32,9	11,2	45,9	0	15,4
791	16.09.2025 17:09:10,000	18,43	-6,29	30,0	11,0	48,9	0	14,6
792	16.09.2025 17:09:11,000	18,43	-6,29	30,1	10,6	49,3	0	14,0
793	16.09.2025 17:09:12,000	18,43	-6,29	29,6	9,2	51,2	0	12,0
794	16.09.2025 17:09:13,000	18,43	-6,29	31,6	9,5	48,8	0	12,7
795	16.09.2025 17:09:14,000	18,43	-6,29	31,7	9,7	48,6	0	12,9
796	16.09.2025 17:09:15,000	18,43	-6,29	30,5	9,6	49,9	0	12,6
797	16.09.2025 17:09:16,000	18,43	-6,29	29,9	8,1	52,0	0	10,4
798	16.09.2025 17:09:17,000	18,43	-6,29	30,8	9,4	49,8	0	12,4
799	16.09.2025 17:09:18,000	18,43	-6,29	29,7	10,7	49,6	0	14,1
800	16.09.2025 17:09:19,000	18,43	-6,29	31,3	11,1	47,6	0	15,0
801	16.09.2025 17:09:20,000	18,43	-6,29	28,1	9,8	52,1	0	12,5
802	16.09.2025 17:09:21,000	18,43	-6,29	26,3	7,2	56,5	0	8,7
803	16.09.2025 17:09:22,000	18,40	-6,29	27,8	5,9	56,3	0	7,2
804	16.09.2025 17:09:23,000	18,40	-6,29	28,2	5,8	56,1	0	7,0
805	16.09.2025 17:09:24,000	18,40	-6,29	27,4	4,8	57,8	0	5,8
806	16.09.2025 17:09:25,000	18,40	-6,29	26,8	7,6	55,6	0	9,3
807	16.09.2025 17:09:26,000	18,40	-6,29	26,7	6,0	57,3	0	7,2
808	16.09.2025 17:09:27,000	18,40	-6,29	26,2	2,8	61,0	0	3,2
809	16.09.2025 17:09:28,000	18,37	-6,29	25,6	2,5	61,9	0	2,8
810	16.09.2025 17:09:29,000	18,37	-6,29	25,9	2,6	61,5	0	3,0
811	16.09.2025 17:09:30,000	18,34	-6,29	26,9	4,1	59,0	0	4,8
812	16.09.2025 17:09:31,000	18,31	-6,29	26,1	-1,0	62,9	0	-1,1
813	16.09.2025 17:09:32,000	18,28	-6,29	26,5	1,1	62,4	0	1,3
814	16.09.2025 17:09:33,000	18,25	-6,29	24,3	0,0	65,7	0	0,0
815	16.09.2025 17:09:34,000	18,22	-6,29	27,3	-0,3	62,4	0	-0,4
816	16.09.2025 17:09:35,000	18,16	-6,29	29,2	1,2	59,6	0	1,4
817	16.09.2025 17:09:36,000	18,13	-6,29	30,1	1,1	58,8	0	1,2
818	16.09.2025 17:09:37,000	18,07	-6,29	26,6	-1,8	61,7	0	-2,0
819	16.09.2025 17:09:38,000	18,01	-6,29	27,5	-0,4	62,1	0	-0,4
820	16.09.2025 17:09:39,000	17,95	-6,29	29,0	0,1	60,9	0	0,1
821	16.09.2025 17:09:40,000	17,89	-6,29	30,7	4,5	54,8	0	5,5
822	16.09.2025 17:09:41,000	17,77	-6,29	30,1	2,0	57,9	0	2,4
823	16.09.2025 17:09:42,000	17,65	-6,29	28,3	3,1	58,6	0	3,6
824	16.09.2025 17:09:43,000	17,50	-6,29	30,6	4,4	55,0	0	5,4
825	16.09.2025 17:09:44,000	17,32	-6,29	32,2	1,1	56,8	0	1,3
826	16.09.2025 17:09:45,000	17,23	-6,29	27,8	-0,8	61,3	0	-0,9
827	16.09.2025 17:09:46,000	17,14	-6,29	26,7	-1,7	61,6	0	-1,9
828	16.09.2025 17:09:47,000	17,05	-6,29	26,4	-2,9	60,6	0	-3,4
829	16.09.2025 17:09:48,000	16,93	-6,29	29,1	-2,3	58,6	0	-2,8
830	16.09.2025 17:09:49,000	16,75	-6,29	28,1	-2,5	59,4	0	-3,0
831	16.09.2025 17:09:50,000	16,66	-6,29	25,0	-2,5	62,5	0	-2,8
832	16.09.2025 17:09:51,000	16,48	-6,29	25,2	-2,6	62,3	0	-2,9
833	16.09.2025 17:09:52,000	16,30	-6,29	27,5	-2,1	60,4	0	-2,4
834	16.09.2025 17:09:53,000	16,14	-6,29	28,6	-0,9	60,5	0	-1,0
835	16.09.2025 17:09:54,000	16,02	-6,29	27,1	-0,7	62,3	0	-0,7
836	16.09.2025 17:09:55,000	15,90	-6,29	25,5	-1,9	62,5	0	-2,2
837	16.09.2025 17:09:56,000	15,81	-6,29	28,1	-0,6	61,3	0	-0,6
838	16.09.2025 17:09:57,000	15,66	-6,29	24,7	-2,8	62,5	0	-3,2
839	16.09.2025 17:09:58,000	15,50	-6,29	24,2	-1,6	64,1	0	-1,8
840	16.09.2025 17:09:59,000	15,35	-6,29	25,2	-1,3	63,5	0	-1,5
841	16.09.2025 17:10:00,000	15,17	-6,29	27,2	-2,1	60,8	0	-2,4
842	16.09.2025 17:10:01,000	14,98	-6,29	27,0	-1,7	61,3	0	-2,0
843	16.09.2025 17:10:02,000	14,86	-6,29	27,2	1,7	61,1	0	1,9
844	16.09.2025 17:10:03,000	14,74	-6,29	31,9	3,7	54,5	0	4,6
845	16.09.2025 17:10:04,000	14,62	-6,29	31,0	2,5	56,6	0	3,0
846	16.09.2025 17:10:05,000	14,43	-6,29	30,7	3,7	55,6	0	4,6
847	16.09.2025 17:10:06,000	14,24	-6,29	31,4	3,8	54,8	0	4,7
848	16.09.2025 17:10:07,000	14,09	-6,29	35,3	1,4	53,3	0	1,8
849	16.09.2025 17:10:08,000	14,03	-6,29	39,9	3,2	46,9	0	4,4
850	16.09.2025 17:10:09,000	13,87	-6,29	36,3	3,3	50,4	0	4,3
851	16.09.2025 17:10:10,000	13,50	-6,29	36,1	3,3	50,6	0	4,3
852	16.09.2025 17:10:11,000	13,22	-6,29	36,3	2,6	51,1	0	3,3
853	16.09.2025 17:10:12,000	13,03	-6,29	35,2	5,0	49,8	0	6,6
854	16.09.2025 17:10:13,000	12,84	-6,29	31,8	2,7	55,4	0	3,4
855	16.09.2025 17:10:14,000	12,71	-6,29	29,6	4,4	56,1	0	5,3
856	16.09.2025 17:10:15,000	12,65	-6,29	31,8	3,1	55,1	0	3,8
857	16.09.2025 17:10:16,000	12,62	-6,29	34,1	1,3	54,6	0	1,6
858	16.09.2025 17:10:17,000	12,55	-6,29	28,6	2,7	58,7	0	3,2
859	16.09.2025 17:10:18,000	12,49	-6,29	28,7	5,1	56,2	0	6,3
860	16.09.2025 17:10:19,000	12,43	-6,29	28,4	1,5	60,1	0	1,8
861	16.09.2025 17:10:20,000	12,30	-6,29	30,0	2,1	57,9	0	2,5
862	16.09.2025 17:10:21,000	12,17	-6,29	32,2	0,9	56,9	0	1,1
863	16.09.2025 17:10:22,000	12,05	-6,29	33,4	-1,8	54,7	0	-2,2
864	16.09.2025 17:10:23,000	11,95	-6,29	34,5	0,1	55,4	0	0,1
865	16.09.2025 17:10:24,000	11,85	-6,29	29,3	2,2	58,5	0	2,6
866	16.09.2025 17:10:25,000	11,76	-6,29	28,6	2,4	59,0	0	2,9
867	16.09.2025 17:10:26,000	11,60	-6,29	28,1	3,4	58,5	0	4,0
868	16.09.2025 17:10:27,000	11,47	-6,29	30,4	2,7	56,9	0	3,2
869	16.09.2025 17:10:28,000	11,34	-6,29	30,0	-2,8	57,2	0	-3,4
870	16.09.2025 17:10:29,000	11,28	-6,29	32,9	-1,1	56,0	0	-1,3
871	16.09.2025 17:10:30,000	11,18	-6,29	33,0	3,5	53,5	0	4,4
872	16.09.2025 17:10:31,000	11,12	-6,29	29,5	1,6	59,0	0	1,8
873	16.09.2025 17:10:32,000	10,95	-6,29	26,1	0,4	63,5	0	0,5
874	16.09.2025 17:10:33,000	10,82	-6,29	27,4	1,9	60,7	0	2,2
875	16.09.2025 17:10:34,000	10,69	-6,29	26,3	-1,1	62,7	0	-1,2
876	16.09.2025 17:10:35,000	10,56	-6,29	31,3	-0,6	58,1	0	-0,7
877	16.09.2025 17:10:36,000	10,50	-6,29	33,0	0,2	56,8	0	0,2
878	16.09.2025 17:10:37,000	10,40	-6,29	28,8	1,0	60,2	0	1,1
879	16.09.2025 17:10:38,000	10,30	-6,29	25,4	-1,0	63,6	0	-1,1
880	16.09.2025 17:10:39,000	10,24	-6,29	26,6	-1,5	62,0	0	-1,7
881	16.09.2025 17:10:40,000	10,17	-6,29	26,0	-1,3	62,7	0	-1,4
882	16.09.2025 17:10:41,000	10,07	-6,29	24,4	-3,2	62,5	0	-3,6
883	16.09.2025 17:10:42,000	10,01	-6,29	32,9	1,0	56,1	0	1,2
884	16.09.2025 17:10:43,000	9,94	-6,29	32,0	-1,1	56,8	0	-1,3
885	16.09.2025 17:10:44,000	9,91	-6,29	32,8	1,1	56,1	0	1,3
886	16.09.2025 17:10:45,000	9,84	-6,29	34,6	-1,1	54,3	0	-1,4
887	16.09.2025 17:10:46,000	9,81	-6,29	35,8	1,8	52,4	0	2,3
888	16.09.2025 17:10:47,000	9,78	-6,29	34,0	2,6	53,4	0	3,3
889	16.09.2025 17:10:48,000	9,54	-6,29	34,8	3,5	51,6	0	4,5
890	16.09.2025 17:10:49,000	9,48	-6,29	38,0	3,2	48,8	0	4,3
891	16.09.2025 17:10:50,000	9,41	-6,29	38,7	4,7	46,6	0	6,5
892	16.09.2025 17:10:51,000	9,25	-6,29	37,8	4,3	47,9	0	5,9
893	16.09.2025 17:10:52,000	9,18	-6,29	32,9	4,3	52,8	0	5,4
894	16.09.2025 17:10:53,000	9,11	-6,29	35,1	3,8	51,2	0	4,9
895	16.09.2025 17:10:54,000	9,08	-6,29	35,8	5,0	49,2	0	6,6
896	16.09.2025 17:10:55,000	9,08	-6,29	31,3	8,0	50,6	0	10,5
897	16.09.2025 17:10:56,000	9,04	-6,29	31,9	8,7	49,4	0	11,5
898	16.09.2025 17:10:57,000	9,01	-6,29	32,2	5,1	52,7	0	6,5
899	16.09.2025 17:10:58,000	9,01	-6,29	29,7	4,4	56,0	0	5,4
900	16.09.2025 17:10:59,000	9,01	-6,29	30,1	3,7	56,2	0	4,5
901	16.09.2025 17:11:00,000	9,04	-6,29	29,7	4,7	55,6	0	5,8
902	16.09.2025 17:11:01,000	9,01	-6,29	29,4	3,8	56,8	0	4,6
903	16.09.2025 17:11:02,000	8,94	-6,29	30,4	5,9	53,7	0	7,4
904	16.09.2025 17:11:03,000	8,91	-6,29	30,2	1,0	58,8	0	1,1
905	16.09.2025 17:11:04,000	8,88	-6,29	29,7	4,5	55,8	0	5,5
906	16.09.2025 17:11:05,000	8,81	-6,29	26,4	6,5	57,1	0	7,9
907	16.09.2025 17:11:06,000	8,78	-6,29	27,4	5,9	56,7	0	7,1
908	16.09.2025 17:11:07,000	8,68	-6,29	30,2	5,6	54,2	0	7,0
909	16.09.2025 17:11:08,000	8,54	-6,29	30,7	6,8	52,5	0	8,6
910	16.09.2025 17:11:09,000	8,44	-6,29	26,1	2,9	61,1	0	3,3
911	16.09.2025 17:11:10,000	8,41	-6,29	27,9	0,9	61,2	0	1,1
912	16.09.2025 17:11:11,000	8,34	-6,29	28,0	3,5	58,5	0	4,1
913	16.09.2025 17:11:12,000	8,27	-6,29	27,0	5,1	57,9	1	6,1
914	16.09.2025 17:11:13,000	8,20	-6,29	26,9	6,7	56,4	0	8,2
915	16.09.2025 17:11:14,000	8,13	-6,29	26,8	6,4	56,8	0	7,8
916	16.09.2025 17:11:15,000	8,07	-6,29	28,8	6,3	54,9	0	7,8
917	16.09.2025 17:11:16,000	8,03	-6,29	27,9	5,4	56,7	0	6,5
918	16.09.2025 17:11:17,000	7,96	-6,29	30,4	3,7	55,9	0	4,5
919	16.09.2025 17:11:18,000	7,89	-6,29	27,6	3,1	59,2	0	3,7
920	16.09.2025 17:11:19,000	7,86	-6,29	23,5	4,4	62,1	0	5,1
921	16.09.2025 17:11:20,000	7,83	-6,29	27,6	6,7	55,7	0	8,2
922	16.09.2025 17:11:21,000	7,79	-6,29	28,5	6,2	55,2	0	7,7
923	16.09.2025 17:11:22,000	7,72	-6,29	29,0	5,5	55,4	0	6,8
924	16.09.2025 17:11:23,000	7,69	-6,29	27,8	3,9	58,3	0	4,7
925	16.09.2025 17:11:24,000	7,62	-6,29	28,1	4,8	57,1	0	5,8
926	16.09.2025 17:11:25,000	7,55	-6,29	28,8	5,4	55,9	0	6,6
927	16.09.2025 17:11:26,000	7,52	-6,29	27,0	4,6	58,4	0	5,5
928	16.09.2025 17:11:27,000	7,48	-6,29	28,1	4,8	57,1	0	5,8
929	16.09.2025 17:11:28,000	7,41	-6,29	25,2	2,2	62,6	0	2,5
930	16.09.2025 17:11:29,000	7,38	-6,29	24,5	1,9	63,6	0	2,2
931	16.09.2025 17:11:30,000	7,31	-6,29	26,1	0,4	63,5	0	0,4
932	16.09.2025 17:11:31,000	7,31	-6,29	24,4	-0,5	65,1	0	-0,6
933	16.09.2025 17:11:32,000	7,28	-6,29	24,5	1,2	64,3	0	1,4
934	16.09.2025 17:11:33,000	7,24	-6,29	26,4	1,9	61,6	0	2,2
935	16.09.2025 17:11:34,000	7,24	-6,29	32,0	2,4	55,7	0	2,9
936	16.09.2025 17:11:35,000	7,21	-6,29	38,4	-3,1	48,5	0	-4,1
937	16.09.2025 17:11:36,000	7,17	-6,29	41,8	-2,2	46,0	0	-3,1
938	16.09.2025 17:11:37,000	7,17	-6,29	45,3	-0,2	44,4	0	-0,3
939	16.09.2025 17:11:38,000	7,10	-6,29	35,5	6,8	47,7	1	9,2
940	16.09.2025 17:11:39,000	7,07	-6,29	31,5	8,8	49,7	0	11,7
941	16.09.2025 17:11:40,000	7,07	-6,29	33,3	10,0	46,6	0	13,8
942	16.09.2025 17:11:41,000	7,10	-6,29	32,9	6,6	50,5	0	8,6
943	16.09.2025 17:11:42,000	7,07	-6,29	35,5	3,4	51,1	0	4,5
944	16.09.2025 17:11:43,000	7,07	-6,29	34,4	7,6	48,0	0	10,3
945	16.09.2025 17:11:44,000	7,10	-6,29	30,2	5,8	54,0	0	7,2
946	16.09.2025 17:11:45,000	7,14	-6,29	36,1	3,6	50,3	0	4,7
947	16.09.2025 17:11:46,000	7,14	-6,29	39,0	3,9	47,1	0	5,4
948	16.09.2025 17:11:47,000	7,14	-6,29	35,9	3,6	50,6	0	4,7
949	16.09.2025 17:11:48,000	7,03	-6,29	42,7	2,9	44,4	0	4,2
950	16.09.2025 17:11:49,000	6,93	-6,29	48,0	4,8	37,1	0	8,0
951	16.09.2025 17:11:50,000	6,82	-6,29	41,3	5,1	43,6	0	7,4
952	16.09.2025 17:11:51,000	6,75	-6,29	35,8	6,3	47,9	0	8,5
953	16.09.2025 17:11:52,000	6,68	-6,29	45,7	4,6	39,7	0	7,1
954	16.09.2025 17:11:53,000	6,65	-6,29	52,9	4,1	32,9	0	7,6
955	16.09.2025 17:11:54,000	6,58	-6,29	51,1	5,0	33,9	0	9,0
956	16.09.2025 17:11:55,000	6,58	-6,29	43,9	5,6	40,5	0	8,6
957	16.09.2025 17:11:56,000	6,58	-6,29	48,2	4,7	37,1	0	7,8
958	16.09.2025 17:11:57,000	6,54	-6,29	55,1	4,2	30,7	0	8,1
959	16.09.2025 17:11:58,000	6,51	-6,29	53,5	4,6	32,0	0	8,6
960	16.09.2025 17:11:59,000	6,51	-6,29	50,8	5,2	34,0	0	9,3
961	16.09.2025 17:12:00,000	6,51	-6,29	52,1	4,7	33,2	0	8,6
962	16.09.2025 17:12:01,000	6,51	-6,29	52,3	5,0	32,8	0	9,2
963	16.09.2025 17:12:02,000	6,54	-6,29	53,3	4,5	32,2	0	8,4
964	16.09.2025 17:12:03,000	6,51	-6,29	56,6	4,2	29,2	0	8,6
965	16.09.2025 17:12:04,000	6,51	-6,29	55,8	4,3	29,8	0	8,6
966	16.09.2025 17:12:05,000	6,47	-6,29	54,4	4,9	30,8	0	9,4
967	16.09.2025 17:12:06,000	6,47	-6,29	55,7	4,6	29,7	0	9,3
968	16.09.2025 17:12:07,000	6,47	-6,29	58,5	4,5	27,0	0	9,8
969	16.09.2025 17:12:08,000	6,47	-6,29	59,6	4,4	25,9	0	10,0
970	16.09.2025 17:12:09,000	6,47	-6,29	56,7	5,1	28,1	0	10,8
971	16.09.2025 17:12:10,000	6,47	-6,29	53,0	5,5	31,5	0	10,4
972	16.09.2025 17:12:11,000	6,51	-6,29	55,2	5,1	29,6	0	10,3
973	16.09.2025 17:12:12,000	6,47	-6,29	56,6	4,9	28,6	0	10,1
974	16.09.2025 17:12:13,000	6,44	-6,29	54,0	4,9	31,1	0	9,5
975	16.09.2025 17:12:14,000	6,40	-6,29	50,7	5,3	33,9	0	9,5
976	16.09.2025 17:12:15,000	6,40	-6,29	49,2	5,2	35,6	0	8,9
977	16.09.2025 17:12:16,000	6,40	-6,29	49,4	4,3	36,2	0	7,4
978	16.09.2025 17:12:17,000	6,37	-6,29	57,8	2,1	30,0	0	4,3
979	16.09.2025 17:12:18,000	6,37	-6,29	63,7	0,6	25,7	0	1,3
980	16.09.2025 17:12:19,000	6,33	-6,29	52,9	2,7	34,4	0	4,9
981	16.09.2025 17:12:20,000	6,37	-6,29	44,4	4,5	41,1	0	6,8
982	16.09.2025 17:12:21,000	6,37	-6,29	50,6	2,3	37,1	0	3,8
983	16.09.2025 17:12:22,000	6,40	-6,29	61,2	0,7	28,0	0	1,6
984	16.09.2025 17:12:23,000	6,40	-6,29	62,2	1,5	26,3	0	3,3
985	16.09.2025 17:12:24,000	6,37	-6,29	55,5	2,9	31,6	0	5,5
986	16.09.2025 17:12:25,000	6,33	-6,29	42,6	6,1	41,3	0	9,3
987	16.09.2025 17:12:26,000	6,33	-6,29	47,6	3,4	39,0	0	5,4
988	16.09.2025 17:12:27,000	6,33	-6,29	61,1	2,5	26,4	0	5,7
989	16.09.2025 17:12:28,000	6,37	-6,29	59,7	3,4	26,9	0	7,5
990	16.09.2025 17:12:29,000	6,33	-6,29	55,7	4,6	29,8	0	9,2
991	16.09.2025 17:12:30,000	6,30	-6,29	53,7	5,2	31,1	0	10,1
992	16.09.2025 17:12:31,000	6,30	-6,29	51,2	6,0	32,8	0	11,1
993	16.09.2025 17:12:32,000	6,30	-6,29	52,1	6,2	31,7	0	11,6
994	16.09.2025 17:12:33,000	6,30	-6,29	44,7	6,6	38,7	1	10,6
995	16.09.2025 17:12:34,000	6,30	-6,29	23,7	6,6	59,7	1	7,8
996	16.09.2025 17:12:35,000	6,26	-6,29	11,2	7,6	71,2	0	8,3
997	16.09.2025 17:12:36,000	6,19	-6,29	5,6	-1,9	82,5	0	-2,0
998	16.09.2025 17:12:37,000	6,16	-6,29	-4,2	6,6	79,2	0	6,9
999	16.09.2025 17:12:38,000	6,12	-6,29	8,1	19,0	62,9	0	20,6
1000	16.09.2025 17:12:39,000	6,08	-6,29	1,9	18,3	69,8	0	18,7
1001	16.09.2025 17:12:40,000	6,08	-6,29	-1,5	13,9	74,6	0	14,1
1002	16.09.2025 17:12:41,000	6,01	-6,29	-0,7	12,7	76,6	0	12,8
1003	16.09.2025 17:12:42,000	6,01	-6,29	3,2	21,2	65,6	0	21,9
1004	16.09.2025 17:12:43,000	5,98	-6,29	0,3	18,6	71,1	0	18,7
1005	16.09.2025 17:12:44,000	5,98	-6,29	-4,7	12,0	73,4	0	12,5
1006	16.09.2025 17:12:45,000	5,94	-6,29	5,6	13,1	71,3	0	13,8
1007	16.09.2025 17:12:46,000	5,94	-6,29	0,6	15,1	74,3	0	15,2
1008	16.09.2025 17:12:47,000	5,91	-6,29	1,6	18,1	70,3	0	18,4
1009	16.09.2025 17:12:48,000	5,87	-6,29	1,3	16,2	72,5	0	16,4
1010	16.09.2025 17:12:49,000	5,84	-6,29	3,2	14,3	72,4	0	14,8
1011	16.09.2025 17:12:50,000	5,80	-6,29	5,3	14,3	70,5	0	15,1
1012	16.09.2025 17:12:51,000	5,76	-6,29	-1,2	15,4	73,4	0	15,6
1013	16.09.2025 17:12:52,000	5,73	-6,29	-2,2	11,1	76,8	0	11,3
1014	16.09.2025 17:12:53,000	5,69	-6,29	7,9	14,3	67,8	0	15,5
1015	16.09.2025 17:12:54,000	5,66	-6,29	0,6	17,1	72,4	0	17,2
1016	16.09.2025 17:12:55,000	5,62	-6,29	5,6	17,0	67,4	0	18,0
1017	16.09.2025 17:12:56,000	5,59	-6,29	0,7	19,0	70,3	0	19,2
1018	16.09.2025 17:12:57,000	5,59	-6,29	1,4	19,8	68,7	0	20,2
1019	16.09.2025 17:12:58,000	5,55	-6,29	1,8	18,6	69,6	0	18,9
1020	16.09.2025 17:12:59,000	5,51	-6,29	-8,4	9,5	72,1	0	10,2
1021	16.09.2025 17:13:00,000	5,51	-6,29	0,3	14,9	74,7	0	15,0
1022	16.09.2025 17:13:01,000	5,48	-6,29	0,5	16,4	73,1	0	16,5
1023	16.09.2025 17:13:02,000	5,44	-6,29	7,7	15,8	66,5	0	17,1
1024	16.09.2025 17:13:03,000	5,44	-6,29	1,3	13,2	75,5	0	13,4
1025	16.09.2025 17:13:04,000	5,41	-6,29	3,3	18,4	68,3	0	19,1
1026	16.09.2025 17:13:05,000	5,41	-6,29	2,0	13,8	74,2	0	14,1
1027	16.09.2025 17:13:06,000	5,37	-6,29	-4,3	17,0	68,6	0	17,8
1028	16.09.2025 17:13:07,000	5,37	-6,29	2,4	16,2	71,4	0	16,6
1029	16.09.2025 17:13:08,000	5,33	-6,29	3,7	15,0	71,3	0	15,6
1030	16.09.2025 17:13:09,000	5,33	-6,29	3,7	19,5	66,9	0	20,2
1031	16.09.2025 17:13:10,000	5,30	-6,29	-4,8	12,8	72,4	0	13,4
1032	16.09.2025 17:13:11,000	5,26	-6,29	0,5	15,2	74,3	0	15,3
1033	16.09.2025 17:13:12,000	5,23	-6,29	-1,5	13,1	75,4	0	13,3
1034	16.09.2025 17:13:13,000	5,23	-6,29	-3,1	7,5	79,4	0	7,7
1035	16.09.2025 17:13:14,000	5,19	-6,29	-3,0	11,4	75,6	0	11,8
1036	16.09.2025 17:13:15,000	5,19	-6,29	-1,8	9,5	78,7	0	9,7
1037	16.09.2025 17:13:16,000	5,15	-6,29	-0,8	13,9	75,3	0	14,0
1038	16.09.2025 17:13:17,000	5,15	-6,29	3,6	14,9	71,5	0	15,4
1039	16.09.2025 17:13:18,000	5,12	-6,29	7,1	13,1	69,7	0	14,1
1040	16.09.2025 17:13:19,000	5,12	-6,29	-3,1	13,0	73,9	0	13,5
1041	16.09.2025 17:13:20,000	5,08	-6,29	4,3	17,6	68,2	0	18,4
1042	16.09.2025 17:13:21,000	5,08	-6,29	4,5	17,4	68,1	0	18,2
1043	16.09.2025 17:13:22,000	5,04	-6,29	-2,0	14,7	73,3	0	15,0
1044	16.09.2025 17:13:23,000	5,04	-6,29	-4,2	8,9	77,0	0	9,2
1045	16.09.2025 17:13:24,000	5,01	-6,29	2,5	15,7	71,8	0	16,2
1046	16.09.2025 17:13:25,000	5,01	-6,29	-0,1	15,4	74,6	0	15,4
1047	16.09.2025 17:13:26,000	4,97	-6,29	3,5	15,9	70,6	0	16,5
1048	16.09.2025 17:13:27,000	4,97	-6,29	-3,5	10,3	76,1	0	10,7
1049	16.09.2025 17:13:28,000	4,94	-6,29	4,1	14,9	71,0	0	15,6
1050	16.09.2025 17:13:29,000	4,94	-6,29	3,0	16,4	70,5	0	17,0
1051	16.09.2025 17:13:30,000	4,94	-6,29	1,3	20,2	68,5	0	20,5
1052	16.09.2025 17:13:31,000	4,90	-6,29	-0,3	18,2	71,5	0	18,3
1053	16.09.2025 17:13:32,000	4,90	-6,29	2,1	16,0	71,9	0	16,4
1054	16.09.2025 17:13:33,000	4,86	-6,29	1,0	9,6	79,4	0	9,7
1055	16.09.2025 17:13:34,000	4,86	-6,29	-0,5	14,1	75,4	0	14,2
1056	16.09.2025 17:13:35,000	4,86	-6,29	-2,1	15,8	72,2	0	16,1
1057	16.09.2025 17:13:36,000	4,86	-6,29	1,2	18,4	70,4	0	18,6
1058	16.09.2025 17:13:37,000	4,86	-6,29	5,6	17,1	67,3	0	18,1
1059	16.09.2025 17:13:38,000	4,83	-6,29	4,0	15,3	70,7	0	15,9
1060	16.09.2025 17:13:39,000	4,83	-6,29	-0,3	6,7	83,0	0	6,7
1061	16.09.2025 17:13:40,000	4,83	-6,29	1,5	9,8	78,7	0	9,9
1062	16.09.2025 17:13:41,000	4,83	-6,29	-3,0	8,6	78,4	0	8,9
1063	16.09.2025 17:13:42,000	4,79	-6,29	5,8	13,7	70,5	0	14,5
1064	16.09.2025 17:13:43,000	4,79	-6,29	0,4	11,9	77,7	0	12,0
1065	16.09.2025 17:13:44,000	4,79	-6,29	4,1	23,3	62,6	0	24,3
1066	16.09.2025 17:13:45,000	4,79	-6,29	1,2	12,9	75,9	0	13,1
1067	16.09.2025 17:13:46,000	4,79	-6,29	0,8	20,4	68,8	0	20,6
1068	16.09.2025 17:13:47,000	4,79	-6,29	8,6	13,4	68,0	0	14,5
1069	16.09.2025 17:13:48,000	4,75	-6,29	2,6	16,1	71,2	0	16,6
1070	16.09.2025 17:13:49,000	4,75	-6,29	-9,8	9,3	70,8	1	10,1
1071	16.09.2025 17:13:50,000	4,75	-6,29	-4,1	2,1	83,8	0	2,1
1072	16.09.2025 17:13:51,000	4,75	-6,29	-1,0	5,3	83,7	0	5,4
1073	16.09.2025 17:13:52,000	4,72	-6,29	2,8	11,8	75,4	0	12,2
1074	16.09.2025 17:13:53,000	4,72	-6,29	1,5	7,8	80,7	0	8,0
1075	16.09.2025 17:13:54,000	4,72	-6,29	-2,1	14,3	73,6	0	14,7
1076	16.09.2025 17:13:55,000	4,72	-6,29	0,0	9,6	80,4	0	9,6
1077	16.09.2025 17:13:56,000	4,68	-6,29	6,4	8,3	75,3	0	8,8
1078	16.09.2025 17:13:57,000	4,68	-6,29	2,8	13,6	73,6	0	14,0
1079	16.09.2025 17:13:58,000	4,68	-6,29	1,3	10,3	78,4	0	10,5
1080	16.09.2025 17:13:59,000	4,68	-6,29	-0,4	16,7	72,9	0	16,8
1081	16.09.2025 17:14:00,000	4,68	-6,29	0,8	12,4	76,8	0	12,5
1082	16.09.2025 17:14:01,000	4,68	-6,29	2,2	13,9	73,8	0	14,3
1083	16.09.2025 17:14:02,000	4,64	-6,29	-4,5	9,0	76,5	0	9,4
1084	16.09.2025 17:14:03,000	4,64	-6,29	1,7	8,8	79,5	0	9,0
1085	16.09.2025 17:14:04,000	4,64	-6,29	0,8	11,3	77,9	0	11,4
1086	16.09.2025 17:14:05,000	4,64	-6,29	-4,2	10,0	75,8	0	10,5
1087	16.09.2025 17:14:06,000	4,64	-6,29	3,1	11,3	75,6	0	11,7
1088	16.09.2025 17:14:07,000	4,64	-6,29	-0,1	7,2	82,6	0	7,2
1089	16.09.2025 17:14:08,000	4,64	-6,29	-4,2	11,6	74,2	0	12,1
1090	16.09.2025 17:14:09,000	4,64	-6,29	2,6	12,7	74,7	0	13,0
1091	16.09.2025 17:14:10,000	4,64	-6,29	-5,7	9,1	75,2	0	9,6
1092	16.09.2025 17:14:11,000	4,64	-6,29	0,4	13,9	75,7	0	13,9
1093	16.09.2025 17:14:12,000	4,61	-6,29	2,2	10,8	77,0	0	11,0
1094	16.09.2025 17:14:13,000	4,61	-6,29	2,6	15,1	72,3	0	15,5
1095	16.09.2025 17:14:14,000	4,61	-6,29	1,5	13,7	74,8	0	13,9
1096	16.09.2025 17:14:15,000	4,61	-6,29	3,4	11,5	75,0	0	12,0
1097	16.09.2025 17:14:16,000	4,61	-6,29	2,8	9,0	78,2	0	9,3
1098	16.09.2025 17:14:17,000	4,57	-6,29	-3,1	11,4	75,5	0	11,8
1099	16.09.2025 17:14:18,000	4,57	-6,29	-0,2	4,1	85,7	0	4,1
1100	16.09.2025 17:14:19,000	4,57	-6,29	-0,7	6,5	82,9	0	6,5
1101	16.09.2025 17:14:20,000	4,57	-6,29	-1,4	6,8	81,8	0	6,9
1102	16.09.2025 17:14:21,000	4,53	-6,29	2,3	16,3	71,4	0	16,7
1103	16.09.2025 17:14:22,000	4,53	-6,29	2,8	13,5	73,7	0	13,9
1104	16.09.2025 17:14:23,000	4,53	-6,29	2,4	12,0	75,6	0	12,3
1105	16.09.2025 17:14:24,000	4,50	-6,29	1,4	14,4	74,2	0	14,6
1106	16.09.2025 17:14:25,000	4,50	-6,29	2,3	16,0	71,8	0	16,4
1107	16.09.2025 17:14:26,000	4,50	-6,29	-1,7	14,6	73,7	0	14,9
1108	16.09.2025 17:14:27,000	4,50	-6,29	-1,3	11,8	77,0	0	12,0
1109	16.09.2025 17:14:28,000	4,50	-6,29	0,4	12,2	77,4	0	12,3
1110	16.09.2025 17:14:29,000	4,50	-6,29	1,6	16,9	71,5	0	17,2
1111	16.09.2025 17:14:30,000	4,50	-6,29	-6,0	14,9	69,1	0	15,8
1112	16.09.2025 17:14:31,000	4,50	-6,29	-3,8	16,2	70,0	0	16,9
1113	16.09.2025 17:14:32,000	4,46	-6,29	3,6	18,3	68,1	0	19,0
1114	16.09.2025 17:14:33,000	4,46	-6,29	3,3	13,3	73,4	0	13,8
1115	16.09.2025 17:14:34,000	4,46	-6,29	2,3	10,2	77,4	0	10,5
1116	16.09.2025 17:14:35,000	4,46	-6,29	1,8	10,3	77,9	0	10,5
1117	16.09.2025 17:14:36,000	4,46	-6,29	-0,6	7,3	82,1	0	7,4
1118	16.09.2025 17:14:37,000	4,46	-6,29	1,2	8,2	80,6	0	8,3
1119	16.09.2025 17:14:38,000	4,46	-6,29	-3,9	6,8	79,3	0	7,0
1120	16.09.2025 17:14:39,000	4,46	-6,29	1,7	15,4	72,9	0	15,7
1121	16.09.2025 17:14:40,000	4,46	-6,29	1,3	12,2	76,5	0	12,4
1122	16.09.2025 17:14:41,000	4,46	-6,29	4,7	12,9	72,4	0	13,5
1123	16.09.2025 17:14:42,000	4,46	-6,29	-0,9	18,4	70,7	0	18,6
1124	16.09.2025 17:14:43,000	4,46	-6,29	5,0	17,6	67,4	0	18,6
1125	16.09.2025 17:14:44,000	4,42	-6,29	-7,8	7,3	74,9	0	7,7
1126	16.09.2025 17:14:45,000	4,42	-6,29	-2,6	9,5	77,9	0	9,8
1127	16.09.2025 17:14:46,000	4,42	-6,29	0,8	19,2	69,9	0	19,4
1128	16.09.2025 17:14:47,000	4,42	-6,29	-1,0	15,2	73,8	0	15,4
1129	16.09.2025 17:14:48,000	4,39	-6,29	-4,3	11,4	74,3	0	11,9
1130	16.09.2025 17:14:49,000	4,39	-6,29	2,6	13,5	73,9	0	13,9
1131	16.09.2025 17:14:50,000	4,39	-6,29	-4,9	16,4	68,7	0	17,3
1132	16.09.2025 17:14:51,000	4,39	-6,29	1,0	16,5	72,5	0	16,6
1133	16.09.2025 17:14:52,000	4,39	-6,29	2,5	17,0	70,4	0	17,5
1134	16.09.2025 17:14:53,000	4,35	-6,29	1,2	17,1	71,7	0	17,3
1135	16.09.2025 17:14:54,000	4,35	-6,29	5,7	15,4	68,8	0	16,4
1136	16.09.2025 17:14:55,000	4,35	-6,29	-2,2	19,4	68,4	0	19,9
1137	16.09.2025 17:14:56,000	4,35	-6,29	-1,9	18,4	69,7	0	18,8
1138	16.09.2025 17:14:57,000	4,35	-6,29	5,0	10,8	74,1	0	11,4
1139	16.09.2025 17:14:58,000	4,35	-6,29	-1,1	13,2	75,7	0	13,4
1140	16.09.2025 17:14:59,000	4,35	-6,29	4,3	14,6	71,1	0	15,2
1141	16.09.2025 17:15:00,000	4,31	-6,29	-0,1	13,4	76,5	0	13,4
1142	16.09.2025 17:15:01,000	4,31	-6,29	-5,9	11,8	72,3	0	12,5
1143	16.09.2025 17:15:02,000	4,31	-6,29	0,3	8,7	81,0	0	8,7
1144	16.09.2025 17:15:03,000	4,31	-6,29	0,4	12,2	77,5	0	12,2
1145	16.09.2025 17:15:04,000	4,31	-6,29	-4,5	10,1	75,4	0	10,6
1146	16.09.2025 17:15:05,000	4,31	-6,29	1,5	17,9	70,6	0	18,2
1147	16.09.2025 17:15:06,000	4,31	-6,29	-9,0	8,4	72,6	0	9,0
1148	16.09.2025 17:15:07,000	4,31	-6,29	-3,6	10,7	75,7	0	11,1
1149	16.09.2025 17:15:08,000	4,28	-6,29	6,7	16,9	66,4	0	18,1
1150	16.09.2025 17:15:09,000	4,28	-6,29	-4,5	14,2	71,3	0	14,9
1151	16.09.2025 17:15:10,000	4,28	-6,29	5,0	16,1	68,9	0	17,0
1152	16.09.2025 17:15:11,000	4,28	-6,29	4,6	13,5	71,9	0	14,1
1153	16.09.2025 17:15:12,000	4,28	-6,29	0,4	22,4	67,2	0	22,5
1154	16.09.2025 17:15:13,000	4,28	-6,29	-3,6	16,2	70,2	0	16,8
1155	16.09.2025 17:15:14,000	4,28	-6,29	0,8	13,5	75,7	0	13,6
1156	16.09.2025 17:15:15,000	4,28	-6,29	-2,8	11,7	75,5	0	12,1
1157	16.09.2025 17:15:16,000	4,28	-6,29	-4,0	9,9	76,1	0	10,3
1158	16.09.2025 17:15:17,000	4,24	-6,29	1,7	14,3	74,0	0	14,5
1159	16.09.2025 17:15:18,000	4,24	-6,29	-0,5	16,7	72,8	0	16,8
1160	16.09.2025 17:15:19,000	4,24	-6,29	-3,8	13,7	72,5	0	14,2
1161	16.09.2025 17:15:20,000	4,24	-6,29	2,1	16,8	71,1	0	17,2
1162	16.09.2025 17:15:21,000	4,24	-6,29	3,2	13,2	73,6	0	13,7
1163	16.09.2025 17:15:22,000	4,24	-6,29	0,2	12,2	77,6	0	12,2
1164	16.09.2025 17:15:23,000	4,24	-6,29	2,2	12,3	75,5	0	12,6
1165	16.09.2025 17:15:24,000	4,24	-6,29	5,0	11,7	73,3	0	12,3
1166	16.09.2025 17:15:25,000	4,20	-6,29	1,8	13,4	74,8	0	13,7
1167	16.09.2025 17:15:26,000	4,24	-6,29	-2,6	14,7	72,7	0	15,1
1168	16.09.2025 17:15:27,000	4,20	-6,29	-0,2	15,2	74,6	0	15,2
1169	16.09.2025 17:15:28,000	4,20	-6,29	-0,6	16,3	73,1	0	16,4
1170	16.09.2025 17:15:29,000	4,20	-6,29	-1,4	13,4	75,2	0	13,6
1171	16.09.2025 17:15:30,000	4,20	-6,29	0,4	9,2	80,4	0	9,2
1172	16.09.2025 17:15:31,000	4,20	-6,29	2,2	14,9	72,9	0	15,2
1173	16.09.2025 17:15:32,000	4,20	-6,29	0,2	16,9	72,9	0	17,0
1174	16.09.2025 17:15:33,000	4,20	-6,29	-3,2	9,8	77,0	0	10,2
1175	16.09.2025 17:15:34,000	4,20	-6,29	0,4	18,5	71,2	0	18,6
1176	16.09.2025 17:15:35,000	4,20	-6,29	3,8	12,1	74,2	0	12,6
1177	16.09.2025 17:15:36,000	4,17	-6,29	-3,5	13,1	73,4	0	13,6
1178	16.09.2025 17:15:37,000	4,17	-6,29	-0,5	10,7	78,8	0	10,7
1179	16.09.2025 17:15:38,000	4,17	-6,29	-0,4	18,1	71,5	0	18,2
1180	16.09.2025 17:15:39,000	4,17	-6,29	0,5	14,1	75,4	0	14,2
1181	16.09.2025 17:15:40,000	4,17	-6,29	0,1	11,7	78,3	0	11,7
1182	16.09.2025 17:15:41,000	4,17	-6,29	-3,8	13,2	73,0	0	13,7
1183	16.09.2025 17:15:42,000	4,17	-6,29	4,7	9,7	75,6	1	10,2
1184	16.09.2025 17:15:43,000	4,17	-6,29	1,0	12,6	76,5	0	12,7
1185	16.09.2025 17:15:44,000	4,17	-6,29	2,1	9,6	78,3	0	9,9
1186	16.09.2025 17:15:45,000	4,17	-6,29	-3,1	16,7	70,2	0	17,2
1187	16.09.2025 17:15:46,000	4,13	-6,29	-1,7	19,4	68,9	0	19,7
1188	16.09.2025 17:15:47,000	4,13	-6,29	4,3	17,0	68,7	0	17,8
1189	16.09.2025 17:15:48,000	4,13	-6,29	4,0	17,3	68,7	0	18,0
1190	16.09.2025 17:15:49,000	4,13	-6,29	-2,0	16,5	71,5	0	16,9
1191	16.09.2025 17:15:50,000	4,13	-6,29	-1,3	11,5	77,2	0	11,7
1192	16.09.2025 17:15:51,000	4,13	-6,29	0,4	15,9	73,6	0	16,0
1193	16.09.2025 17:15:52,000	4,13	-6,29	4,0	15,3	70,7	0	16,0
1194	16.09.2025 17:15:53,000	4,13	-6,29	-1,2	14,6	74,2	0	14,8
1195	16.09.2025 17:15:54,000	4,09	-6,29	8,6	15,4	66,0	0	16,8
1196	16.09.2025 17:15:55,000	4,09	-6,29	6,1	14,6	69,3	0	15,5
1197	16.09.2025 17:15:56,000	4,09	-6,29	4,4	16,6	69,0	0	17,4
1198	16.09.2025 17:15:57,000	4,09	-6,29	-0,2	16,7	73,2	0	16,7
1199	16.09.2025 17:15:58,000	4,09	-6,29	1,5	14,0	74,5	0	14,3
1200	16.09.2025 17:15:59,000	4,09	-6,29	-1,3	18,5	70,2	0	18,8
1201	16.09.2025 17:16:00,000	4,09	-6,29	2,6	16,2	71,2	0	16,6
1202	16.09.2025 17:16:01,000	4,09	-6,29	1,6	15,4	73,0	0	15,7
1203	16.09.2025 17:16:02,000	4,09	-6,29	-0,7	12,2	77,1	0	12,3
1204	16.09.2025 17:16:03,000	4,09	-6,29	0,2	15,2	74,6	0	15,2
1205	16.09.2025 17:16:04,000	4,09	-6,29	4,1	15,9	70,0	0	16,6
1206	16.09.2025 17:16:05,000	4,09	-6,29	3,8	12,1	74,1	0	12,5
1207	16.09.2025 17:16:06,000	4,09	-6,29	-2,3	12,0	75,7	0	12,3
1208	16.09.2025 17:16:07,000	4,09	-6,29	0,1	12,0	77,9	0	12,0
1209	16.09.2025 17:16:08,000	4,05	-6,29	2,4	11,4	76,2	0	11,7
1210	16.09.2025 17:16:09,000	4,05	-6,29	-1,9	14,2	73,9	0	14,5
1211	16.09.2025 17:16:10,000	4,05	-6,29	-5,7	12,9	71,4	0	13,6
1212	16.09.2025 17:16:11,000	4,05	-6,29	-4,3	15,7	70,0	0	16,4
1213	16.09.2025 17:16:12,000	4,05	-6,29	-2,9	16,9	70,2	0	17,4
1214	16.09.2025 17:16:13,000	4,05	-6,29	0,8	15,7	73,5	0	15,9
1215	16.09.2025 17:16:14,000	4,05	-6,29	-5,7	8,7	75,5	0	9,2
1216	16.09.2025 17:16:15,000	4,02	-6,29	-8,5	15,1	66,4	0	16,4
1217	16.09.2025 17:16:16,000	4,02	-6,29	3,0	10,9	76,1	0	11,2
1218	16.09.2025 17:16:17,000	4,02	-6,29	1,4	15,6	73,0	0	15,9
1219	16.09.2025 17:16:18,000	4,02	-6,29	-0,4	15,0	74,6	0	15,1
1220	16.09.2025 17:16:19,000	4,02	-6,29	2,6	12,6	74,8	0	13,0
1221	16.09.2025 17:16:20,000	4,02	-6,29	2,9	12,8	74,3	0	13,2
1222	16.09.2025 17:16:21,000	4,02	-6,29	-0,4	11,5	78,2	0	11,5
1223	16.09.2025 17:16:22,000	4,02	-6,29	-0,5	11,0	78,4	0	11,1
1224	16.09.2025 17:16:23,000	4,02	-6,29	-4,7	5,8	79,5	1	6,0
1225	16.09.2025 17:16:24,000	4,02	-6,29	1,4	9,6	79,0	0	9,7
1226	16.09.2025 17:16:25,000	4,02	-6,29	0,8	12,3	76,9	0	12,4
1227	16.09.2025 17:16:26,000	4,02	-6,29	1,8	11,7	76,5	0	11,9
1228	16.09.2025 17:16:27,000	4,02	-6,29	6,1	10,6	73,3	0	11,2
1229	16.09.2025 17:16:28,000	3,98	-6,29	0,1	8,9	80,9	0	8,9
1230	16.09.2025 17:16:29,000	3,98	-6,29	0,4	15,0	74,6	0	15,1
1231	16.09.2025 17:16:30,000	3,98	-6,29	5,0	12,4	72,5	0	13,1
1232	16.09.2025 17:16:31,000	3,98	-6,29	3,7	12,6	73,7	0	13,1
1233	16.09.2025 17:16:32,000	3,98	-6,29	3,4	13,2	73,5	0	13,6
1234	16.09.2025 17:16:33,000	3,98	-6,29	-4,7	6,5	78,8	0	6,8
1235	16.09.2025 17:16:34,000	3,98	-6,29	2,9	16,0	71,1	0	16,5
1236	16.09.2025 17:16:35,000	3,98	-6,29	3,5	16,5	70,0	0	17,1
1237	16.09.2025 17:16:36,000	3,94	-6,29	-2,3	15,4	72,3	1	15,8
1238	16.09.2025 17:16:37,000	3,94	-6,29	-3,1	16,2	70,7	0	16,8
1239	16.09.2025 17:16:38,000	3,94	-6,29	1,0	16,5	72,6	0	16,7
1240	16.09.2025 17:16:39,000	3,94	-6,29	4,4	14,4	71,1	0	15,1
1241	16.09.2025 17:16:40,000	3,94	-6,29	2,8	18,7	68,5	0	19,3
1242	16.09.2025 17:16:41,000	3,94	-6,29	-1,0	12,7	76,3	0	12,8
1243	16.09.2025 17:16:42,000	3,94	-6,29	1,3	15,9	72,8	0	16,1
1244	16.09.2025 17:16:43,000	3,94	-6,29	1,1	18,1	70,8	0	18,3
1245	16.09.2025 17:16:44,000	3,91	-6,29	-0,8	18,0	71,1	0	18,2
1246	16.09.2025 17:16:45,000	3,91	-6,29	-4,4	12,7	73,0	0	13,2
1247	16.09.2025 17:16:46,000	3,91	-6,29	0,4	13,7	75,9	0	13,7
1248	16.09.2025 17:16:47,000	3,91	-6,29	-1,7	15,1	73,2	0	15,4
1249	16.09.2025 17:16:48,000	3,91	-6,29	1,2	13,2	75,6	0	13,4
1250	16.09.2025 17:16:49,000	3,91	-6,29	0,1	14,8	75,2	0	14,8
1251	16.09.2025 17:16:50,000	3,91	-6,29	2,4	13,3	74,3	0	13,6
1252	16.09.2025 17:16:51,000	3,91	-6,29	3,7	15,2	71,1	0	15,8
1253	16.09.2025 17:16:52,000	3,91	-6,29	-2,4	10,6	76,9	0	10,9
1254	16.09.2025 17:16:53,000	3,91	-6,29	0,3	12,5	77,2	0	12,5
1255	16.09.2025 17:16:54,000	3,91	-6,29	3,5	8,7	77,8	0	9,0
1256	16.09.2025 17:16:55,000	3,91	-6,29	-0,2	15,2	74,6	0	15,2
1257	16.09.2025 17:16:56,000	3,91	-6,29	0,9	13,4	75,7	0	13,6
1258	16.09.2025 17:16:57,000	3,91	-6,29	2,6	7,9	79,5	0	8,1
1259	16.09.2025 17:16:58,000	3,87	-6,29	4,3	14,8	70,9	0	15,5
1260	16.09.2025 17:16:59,000	3,87	-6,29	-2,1	14,5	73,3	0	14,9
1261	16.09.2025 17:17:00,000	3,87	-6,29	-1,8	20,9	67,3	0	21,3
1262	16.09.2025 17:17:01,000	3,87	-6,29	2,3	15,4	72,3	0	15,8
1263	16.09.2025 17:17:02,000	3,87	-6,29	0,8	7,4	81,8	0	7,5
1264	16.09.2025 17:17:03,000	3,87	-6,29	1,3	15,7	73,0	0	15,9
1265	16.09.2025 17:17:04,000	3,87	-6,29	3,2	15,9	71,0	0	16,4
1266	16.09.2025 17:17:05,000	3,87	-6,29	-3,3	7,8	78,9	0	8,0
1267	16.09.2025 17:17:06,000	3,87	-6,29	-1,0	10,3	78,6	0	10,4
1268	16.09.2025 17:17:07,000	3,87	-6,29	-1,3	10,9	77,8	0	11,0
1269	16.09.2025 17:17:08,000	3,87	-6,29	2,3	9,0	78,7	0	9,2
1270	16.09.2025 17:17:09,000	3,83	-6,29	-4,3	10,9	74,8	0	11,3
1271	16.09.2025 17:17:10,000	3,83	-6,29	0,1	15,2	74,7	0	15,2
1272	16.09.2025 17:17:11,000	3,83	-6,29	-2,1	13,4	74,5	0	13,7
1273	16.09.2025 17:17:12,000	3,83	-6,29	-4,3	17,8	67,9	0	18,6
1274	16.09.2025 17:17:13,000	3,83	-6,29	-2,3	12,9	74,8	0	13,2
1275	16.09.2025 17:17:14,000	3,83	-6,29	6,2	12,4	71,3	0	13,2
1276	16.09.2025 17:17:15,000	3,79	-6,29	0,4	15,2	74,4	0	15,2
1277	16.09.2025 17:17:16,000	3,79	-6,29	-8,9	8,2	72,8	0	8,8
1278	16.09.2025 17:17:17,000	3,79	-6,29	1,8	11,1	77,1	0	11,3
1279	16.09.2025 17:17:18,000	3,79	-6,29	3,3	14,6	72,2	0	15,1
1280	16.09.2025 17:17:19,000	3,79	-6,29	-3,2	12,0	74,9	0	12,4
1281	16.09.2025 17:17:20,000	3,79	-6,29	1,7	13,8	74,5	0	14,0
1282	16.09.2025 17:17:21,000	3,79	-6,29	-2,9	11,7	75,4	0	12,1
1283	16.09.2025 17:17:22,000	3,79	-6,29	3,3	11,6	75,1	0	12,0
1284	16.09.2025 17:17:23,000	3,79	-6,29	2,1	11,2	76,6	0	11,5
1285	16.09.2025 17:17:24,000	3,79	-6,29	0,9	14,8	74,3	0	14,9
1286	16.09.2025 17:17:25,000	3,79	-6,29	-2,0	11,2	76,8	0	11,4
1287	16.09.2025 17:17:26,000	3,76	-6,29	0,7	12,3	76,9	0	12,4
1288	16.09.2025 17:17:27,000	3,76	-6,29	-3,1	11,2	75,7	0	11,6
1289	16.09.2025 17:17:28,000	3,76	-6,29	1,4	12,2	76,4	0	12,4
1290	16.09.2025 17:17:29,000	3,76	-6,29	0,5	11,9	77,6	0	11,9
1291	16.09.2025 17:17:30,000	3,76	-6,29	-0,5	10,4	79,1	0	10,5
1292	16.09.2025 17:17:31,000	3,76	-6,29	-1,9	10,7	77,4	0	10,9
1293	16.09.2025 17:17:32,000	3,76	-6,29	0,5	14,5	75,0	0	14,6
1294	16.09.2025 17:17:33,000	3,76	-6,29	1,1	13,3	75,6	0	13,4
1295	16.09.2025 17:17:34,000	3,76	-6,29	2,4	8,1	79,5	0	8,3
1296	16.09.2025 17:17:35,000	3,72	-6,29	1,9	10,4	77,8	0	10,6
1297	16.09.2025 17:17:36,000	3,72	-6,29	-1,1	8,8	80,1	0	8,9
1298	16.09.2025 17:17:37,000	3,72	-6,29	-3,8	16,5	69,6	0	17,2
1299	16.09.2025 17:17:38,000	3,72	-6,29	1,1	12,7	76,2	0	12,8
1300	16.09.2025 17:17:39,000	3,72	-6,29	-2,5	10,6	76,9	0	10,9
1301	16.09.2025 17:17:40,000	3,72	-6,29	0,1	13,9	75,9	0	14,0
1302	16.09.2025 17:17:41,000	3,72	-6,29	4,0	11,7	74,3	0	12,2
1303	16.09.2025 17:17:42,000	3,72	-6,29	-3,9	15,7	70,4	0	16,3
1304	16.09.2025 17:17:43,000	3,72	-6,29	5,5	13,7	70,8	0	14,5
1305	16.09.2025 17:17:44,000	3,72	-6,29	0,5	13,4	76,1	0	13,4
1306	16.09.2025 17:17:45,000	3,72	-6,29	0,6	12,5	76,8	0	12,6
1307	16.09.2025 17:17:46,000	3,72	-6,29	2,4	17,4	70,3	0	17,8
1308	16.09.2025 17:17:47,000	3,68	-6,29	6,2	14,0	69,8	0	14,9
1309	16.09.2025 17:17:48,000	3,68	-6,29	-0,3	10,3	79,4	0	10,4
1310	16.09.2025 17:17:49,000	3,68	-6,29	-6,9	7,3	75,8	0	7,7
1311	16.09.2025 17:17:50,000	3,68	-6,29	0,9	12,6	76,5	0	12,7
1312	16.09.2025 17:17:51,000	3,68	-6,29	7,0	15,1	67,9	0	16,2
1313	16.09.2025 17:17:52,000	3,68	-6,29	-3,3	12,4	74,3	0	12,8
1314	16.09.2025 17:17:53,000	3,68	-6,29	0,6	14,6	74,8	0	14,7
1315	16.09.2025 17:17:54,000	3,68	-6,29	-1,2	10,1	78,6	0	10,2
1316	16.09.2025 17:17:55,000	3,68	-6,29	2,1	7,7	80,2	1	7,9
1317	16.09.2025 17:17:56,000	3,65	-6,29	4,2	11,3	74,5	0	11,8
1318	16.09.2025 17:17:57,000	3,65	-6,29	-2,9	8,8	78,3	1	9,1
1319	16.09.2025 17:17:58,000	3,65	-6,29	-1,0	12,2	76,8	0	12,3
1320	16.09.2025 17:17:59,000	3,65	-6,29	0,9	10,6	78,6	0	10,7
1321	16.09.2025 17:18:00,000	3,65	-6,29	2,0	11,6	76,4	0	11,8
1322	16.09.2025 17:18:01,000	3,65	-6,29	2,5	18,2	69,3	0	18,7
1323	16.09.2025 17:18:02,000	3,65	-6,29	1,0	13,4	75,7	0	13,5
1324	16.09.2025 17:18:03,000	3,61	-6,29	4,8	12,6	72,6	0	13,2
1325	16.09.2025 17:18:04,000	3,61	-6,29	2,2	21,6	66,2	0	22,2
1326	16.09.2025 17:18:05,000	3,61	-6,29	11,1	22,6	56,3	0	25,5
1327	16.09.2025 17:18:06,000	3,61	-6,29	23,9	14,6	51,5	0	18,4
1328	16.09.2025 17:18:07,000	3,61	-6,29	28,1	13,4	48,5	0	17,7
1329	16.09.2025 17:18:08,000	3,61	-6,29	29,8	13,2	47,0	0	17,8
1330	16.09.2025 17:18:09,000	3,61	-6,29	29,2	13,8	46,9	0	18,6
1331	16.09.2025 17:18:10,000	3,61	-6,29	29,3	12,8	47,9	0	17,0
1332	16.09.2025 17:18:11,000	3,61	-6,29	28,6	14,7	46,7	0	19,8
1333	16.09.2025 17:18:12,000	3,61	-6,29	28,4	14,8	46,8	0	19,8
1334	16.09.2025 17:18:13,000	3,57	-6,29	29,9	14,4	45,6	0	19,7
1335	16.09.2025 17:18:14,000	3,57	-6,29	32,2	12,3	45,4	0	17,1
1336	16.09.2025 17:18:15,000	3,57	-6,29	32,8	12,5	44,7	0	17,4
1337	16.09.2025 17:18:16,000	3,57	-6,29	34,6	12,3	43,1	0	17,7
1338	16.09.2025 17:18:17,000	3,57	-6,29	35,5	10,8	43,7	0	15,5
1339	16.09.2025 17:18:18,000	3,57	-6,29	33,5	12,8	43,7	0	18,2
1340	16.09.2025 17:18:19,000	3,57	-6,29	34,9	12,9	42,2	0	18,8
1341	16.09.2025 17:18:20,000	3,57	-6,29	37,4	13,0	39,6	0	19,8
1342	16.09.2025 17:18:21,000	3,57	-6,29	32,5	16,9	40,6	0	24,6
1343	16.09.2025 17:18:22,000	3,57	-6,29	34,2	14,4	41,4	0	21,0
1344	16.09.2025 17:18:23,000	3,57	-6,29	36,8	13,3	39,9	0	20,0
1345	16.09.2025 17:18:24,000	3,57	-6,29	31,6	18,1	40,3	0	26,1
1346	16.09.2025 17:18:25,000	3,57	-6,29	33,2	20,1	36,7	0	30,3
1347	16.09.2025 17:18:26,000	3,57	-6,29	34,9	16,2	39,0	0	24,3
1348	16.09.2025 17:18:27,000	3,53	-6,29	37,3	13,2	39,5	0	20,2
1349	16.09.2025 17:18:28,000	3,53	-6,29	34,3	16,3	39,4	0	24,2
1350	16.09.2025 17:18:29,000	3,53	-6,29	31,8	21,8	36,4	0	32,4
1351	16.09.2025 17:18:30,000	3,53	-6,29	36,8	15,1	38,1	0	23,3
1352	16.09.2025 17:18:31,000	3,53	-6,29	37,1	14,5	38,4	0	22,3
1353	16.09.2025 17:18:32,000	3,53	-6,29	32,4	20,6	37,1	0	30,7
1354	16.09.2025 17:18:33,000	3,53	-6,29	35,4	17,2	37,4	0	26,4
1355	16.09.2025 17:18:34,000	3,53	-6,29	36,0	14,2	39,8	0	21,4
1356	16.09.2025 17:18:35,000	3,53	-6,29	32,0	19,4	38,6	0	28,6
1357	16.09.2025 17:18:36,000	3,50	-6,29	34,6	21,4	34,0	0	33,5
1358	16.09.2025 17:18:37,000	3,50	-6,29	35,5	13,1	41,3	0	19,3
1359	16.09.2025 17:18:38,000	3,50	-6,29	33,5	15,5	41,0	0	22,6
1360	16.09.2025 17:18:39,000	3,50	-6,29	31,1	22,6	36,3	0	33,3
1361	16.09.2025 17:18:40,000	3,50	-6,29	33,7	17,8	38,5	0	26,7
1362	16.09.2025 17:18:41,000	3,50	-6,29	33,4	15,7	40,9	0	22,9
1363	16.09.2025 17:18:42,000	3,50	-6,29	23,0	21,7	45,3	1	28,2
1364	16.09.2025 17:18:43,000	3,46	-6,29	38,3	22,0	29,7	0	37,2
1365	16.09.2025 17:18:44,000	3,46	-6,29	34,6	17,9	37,5	0	27,3
1366	16.09.2025 17:18:45,000	3,46	-6,29	43,0	16,5	30,6	0	29,4
1367	16.09.2025 17:18:46,000	3,46	-6,29	39,6	15,5	34,9	0	25,3
1368	16.09.2025 17:18:47,000	3,42	-6,29	40,1	15,3	34,6	0	25,3
1369	16.09.2025 17:18:48,000	3,42	-6,29	36,7	16,6	36,7	0	26,0
1370	16.09.2025 17:18:49,000	3,42	-6,29	37,5	14,8	37,6	0	23,1
1371	16.09.2025 17:18:50,000	3,42	-6,29	38,5	15,7	35,8	0	25,2
1372	16.09.2025 17:18:51,000	3,42	-6,29	42,9	14,0	33,1	0	24,2
1373	16.09.2025 17:18:52,000	3,42	-6,29	42,3	13,0	34,7	0	21,9
1374	16.09.2025 17:18:53,000	3,38	-6,29	36,8	13,5	39,7	0	20,4
1375	16.09.2025 17:18:54,000	3,38	-6,29	37,5	13,0	39,5	0	19,9
1376	16.09.2025 17:18:55,000	3,38	-6,29	41,6	13,3	35,0	0	22,2
1377	16.09.2025 17:18:56,000	3,38	-6,29	40,3	11,8	37,9	0	18,7
1378	16.09.2025 17:18:57,000	3,38	-6,29	38,0	12,4	39,6	0	18,9
1379	16.09.2025 17:18:58,000	3,38	-6,29	37,0	14,2	38,8	0	21,8
1380	16.09.2025 17:18:59,000	3,34	-6,29	39,5	14,7	35,9	0	23,7
1381	16.09.2025 17:19:00,000	3,34	-6,29	40,9	12,3	36,8	0	19,9
1382	16.09.2025 17:19:01,000	3,34	-6,29	37,1	13,4	39,4	0	20,4
1383	16.09.2025 17:19:02,000	3,34	-6,29	35,0	13,6	41,4	0	20,0
1384	16.09.2025 17:19:03,000	3,34	-6,29	39,0	12,1	38,9	0	18,7
1385	16.09.2025 17:19:04,000	3,34	-6,29	38,8	12,7	38,5	0	19,8
1386	16.09.2025 17:19:05,000	3,34	-6,29	36,6	14,0	39,4	0	21,2
1387	16.09.2025 17:19:06,000	3,31	-6,29	33,6	18,2	38,2	0	27,2
1388	16.09.2025 17:19:07,000	3,31	-6,29	34,2	17,2	38,6	0	25,8
1389	16.09.2025 17:19:08,000	3,31	-6,29	33,5	15,6	41,0	0	22,7
1390	16.09.2025 17:19:09,000	3,31	-6,29	39,7	13,2	37,1	0	21,0
1391	16.09.2025 17:19:10,000	3,31	-6,29	35,8	16,0	38,2	0	24,4
1392	16.09.2025 17:19:11,000	3,31	-6,29	31,6	20,2	38,1	0	29,7
1393	16.09.2025 17:19:12,000	3,31	-6,29	30,8	21,1	38,1	0	30,8
1394	16.09.2025 17:19:13,000	3,31	-6,29	37,1	14,0	38,9	0	21,5
1395	16.09.2025 17:19:14,000	3,27	-6,29	37,9	14,2	37,9	0	22,1
1396	16.09.2025 17:19:15,000	3,27	-6,29	31,4	20,1	38,5	0	29,4
1397	16.09.2025 17:19:16,000	3,27	-6,29	31,6	21,1	37,3	0	31,2
1398	16.09.2025 17:19:17,000	3,27	-6,29	37,7	15,4	36,9	0	24,3
1399	16.09.2025 17:19:18,000	3,27	-6,29	37,2	16,0	36,8	0	25,0
1400	16.09.2025 17:19:19,000	3,27	-6,29	29,6	21,1	39,3	0	30,1
1401	16.09.2025 17:19:20,000	3,27	-6,29	30,9	22,7	36,4	0	33,5
1402	16.09.2025 17:19:21,000	3,27	-6,29	38,7	16,4	34,9	0	26,6
1403	16.09.2025 17:19:22,000	3,23	-6,29	34,1	18,4	37,5	0	27,8
1404	16.09.2025 17:19:23,000	3,23	-6,29	30,8	22,6	36,7	0	33,2
1405	16.09.2025 17:19:24,000	3,23	-6,29	38,2	15,6	36,2	0	24,8
1406	16.09.2025 17:19:25,000	3,23	-6,29	35,8	19,8	34,3	0	31,4
1407	16.09.2025 17:19:26,000	3,23	-6,29	32,8	19,5	37,6	0	29,1
1408	16.09.2025 17:19:27,000	3,23	-6,29	37,2	16,9	35,9	0	26,7
1409	16.09.2025 17:19:28,000	3,23	-6,29	31,3	24,8	33,9	0	37,2
1410	16.09.2025 17:19:29,000	3,19	-6,29	36,5	18,8	34,6	0	30,0
1411	16.09.2025 17:19:30,000	3,19	-6,29	33,7	21,4	34,9	0	32,9
1412	16.09.2025 17:19:31,000	3,19	-6,29	38,2	16,3	35,5	0	26,2
1413	16.09.2025 17:19:32,000	3,19	-6,29	36,3	19,1	34,7	0	30,3
1414	16.09.2025 17:19:33,000	3,19	-6,29	39,2	17,5	33,4	0	29,0
1415	16.09.2025 17:19:34,000	3,19	-6,29	37,4	18,5	34,1	0	29,9
1416	16.09.2025 17:19:35,000	3,19	-6,29	36,2	19,4	34,5	0	30,7
1417	16.09.2025 17:19:36,000	3,19	-6,29	31,8	22,8	35,3	1	34,2
1418	16.09.2025 17:19:37,000	3,16	-6,29	40,1	28,1	21,7	0	51,7
1419	16.09.2025 17:19:38,000	3,16	-6,29	48,5	16,9	24,6	0	35,1
1420	16.09.2025 17:19:39,000	3,16	-6,29	51,5	17,4	21,2	0	39,6
1421	16.09.2025 17:19:40,000	3,12	-6,29	55,6	20,7	13,7	0	56,0
1422	16.09.2025 17:19:41,000	3,08	-6,29	46,7	15,1	28,2	0	29,1
1423	16.09.2025 17:19:42,000	3,00	-6,29	45,2	17,0	27,8	0	32,3
1424	16.09.2025 17:19:43,000	3,00	-6,29	39,0	18,1	32,8	0	30,1
1425	16.09.2025 17:19:44,000	2,97	-6,29	38,3	18,0	33,7	0	29,4
1426	16.09.2025 17:19:45,000	2,93	-6,29	40,7	15,9	33,4	0	26,7
1427	16.09.2025 17:19:46,000	2,89	-6,29	43,2	14,8	32,0	0	26,1
1428	16.09.2025 17:19:47,000	2,89	-6,29	44,1	13,7	32,2	0	24,2
1429	16.09.2025 17:19:48,000	2,85	-6,29	44,2	14,5	31,2	0	26,1
1430	16.09.2025 17:19:49,000	2,85	-6,29	44,7	13,7	31,6	0	24,5
1431	16.09.2025 17:19:50,000	2,85	-6,29	44,5	13,5	32,1	0	23,9
1432	16.09.2025 17:19:51,000	2,81	-6,29	43,7	13,0	33,2	0	22,6
1433	16.09.2025 17:19:52,000	2,81	-6,29	46,1	13,3	30,6	0	24,4
1434	16.09.2025 17:19:53,000	2,78	-6,29	48,6	13,5	27,9	0	26,7
1435	16.09.2025 17:19:54,000	2,78	-6,29	44,7	13,3	32,0	0	23,6
1436	16.09.2025 17:19:55,000	2,74	-6,29	41,0	13,7	35,4	0	22,5
1437	16.09.2025 17:19:56,000	2,74	-6,29	42,9	15,2	31,9	0	26,7
1438	16.09.2025 17:19:57,000	2,70	-6,29	46,4	14,2	29,4	0	26,9
1439	16.09.2025 17:19:58,000	2,66	-6,29	42,5	16,8	30,7	0	29,8
1440	16.09.2025 17:19:59,000	2,66	-6,29	40,7	16,3	33,0	0	27,6
1441	16.09.2025 17:20:00,000	2,62	-6,29	43,3	14,7	32,0	0	25,9
1442	16.09.2025 17:20:01,000	2,62	-6,29	44,5	16,1	29,3	0	29,8
1443	16.09.2025 17:20:02,000	2,62	-6,29	40,5	18,6	30,9	0	32,1
1444	16.09.2025 17:20:03,000	2,58	-6,29	38,0	17,3	34,7	0	27,9
1445	16.09.2025 17:20:04,000	2,58	-6,29	42,6	14,5	32,9	0	25,1
1446	16.09.2025 17:20:05,000	2,58	-6,29	42,4	18,2	29,3	0	32,8
1447	16.09.2025 17:20:06,000	2,58	-6,29	40,4	21,8	27,9	0	38,6
1448	16.09.2025 17:20:07,000	2,55	-6,29	39,6	16,9	33,5	0	28,0
1449	16.09.2025 17:20:08,000	2,55	-6,29	43,3	13,5	33,3	0	23,3
1450	16.09.2025 17:20:09,000	2,55	-6,29	37,8	23,4	28,8	0	39,7
1451	16.09.2025 17:20:10,000	2,55	-6,29	41,1	17,9	31,0	0	31,1
1452	16.09.2025 17:20:11,000	2,55	-6,29	41,7	16,7	31,6	0	29,0
1453	16.09.2025 17:20:12,000	2,55	-6,29	34,8	24,4	30,8	0	39,0
1454	16.09.2025 17:20:13,000	2,51	-6,29	40,0	18,6	31,3	0	31,9
1455	16.09.2025 17:20:14,000	2,51	-6,29	39,6	18,2	32,2	0	30,6
1456	16.09.2025 17:20:15,000	2,51	-6,29	34,3	26,9	28,8	0	43,3
1457	16.09.2025 17:20:16,000	2,51	-6,29	40,7	18,7	30,6	0	32,5
1458	16.09.2025 17:20:17,000	2,51	-6,29	37,8	19,5	32,7	0	32,1
1459	16.09.2025 17:20:18,000	2,51	-6,29	34,5	24,4	31,0	0	38,9
1460	16.09.2025 17:20:19,000	2,51	-6,29	42,9	17,8	29,3	0	32,2
1461	16.09.2025 17:20:20,000	2,47	-6,29	33,7	28,3	28,0	0	45,2
1462	16.09.2025 17:20:21,000	2,47	-6,29	38,5	20,5	31,0	0	34,5
1463	16.09.2025 17:20:22,000	2,47	-6,29	39,0	20,0	30,9	0	33,9
1464	16.09.2025 17:20:23,000	2,47	-6,29	39,9	20,6	29,5	0	35,8
1465	16.09.2025 17:20:24,000	2,47	-6,29	38,5	20,2	31,2	0	34,0
1466	16.09.2025 17:20:25,000	2,47	-6,29	38,0	21,7	30,3	0	36,5
1467	16.09.2025 17:20:26,000	2,43	-6,29	36,7	25,8	27,6	0	43,3
1468	16.09.2025 17:20:27,000	2,43	-6,29	40,3	21,5	28,2	0	38,0
1469	16.09.2025 17:20:28,000	2,43	-6,29	36,5	22,7	30,8	0	37,2
1470	16.09.2025 17:20:29,000	2,43	-6,29	40,6	20,2	29,2	0	35,5
1471	16.09.2025 17:20:30,000	2,43	-6,29	38,7	23,0	28,3	0	39,7
1472	16.09.2025 17:20:31,000	2,43	-6,29	39,8	26,2	24,0	0	47,3
1473	16.09.2025 17:20:32,000	2,43	-6,29	44,5	22,5	22,9	0	44,5
1474	16.09.2025 17:20:33,000	2,43	-6,29	56,4	10,7	22,9	0	25,6
1475	16.09.2025 17:20:34,000	2,43	-6,29	53,3	16,3	20,4	0	38,9
1476	16.09.2025 17:20:35,000	2,39	-6,29	45,5	16,3	28,2	0	30,9
1477	16.09.2025 17:20:36,000	2,39	-6,29	47,6	18,5	23,9	0	38,2
1478	16.09.2025 17:20:37,000	2,39	-6,29	46,5	19,8	23,7	0	40,3
1479	16.09.2025 17:20:38,000	2,39	-6,29	46,1	18,6	25,3	0	36,9
1480	16.09.2025 17:20:39,000	2,39	-6,29	47,3	17,6	25,1	0	35,7
1481	16.09.2025 17:20:40,000	2,39	-6,29	47,1	17,0	25,9	0	33,9
1482	16.09.2025 17:20:41,000	2,39	-6,29	47,9	15,9	26,2	0	32,0
1483	16.09.2025 17:20:42,000	2,35	-6,29	48,2	16,3	25,5	0	33,3
1484	16.09.2025 17:20:43,000	2,35	-6,29	50,0	15,9	24,1	0	34,1
1485	16.09.2025 17:20:44,000	2,35	-6,29	48,7	15,9	25,4	0	32,6
1486	16.09.2025 17:20:45,000	2,35	-6,29	46,7	16,5	26,8	0	32,3
1487	16.09.2025 17:20:46,000	2,35	-6,29	46,5	16,2	27,3	0	31,5
1488	16.09.2025 17:20:47,000	2,35	-6,29	48,9	15,8	25,2	0	32,7
1489	16.09.2025 17:20:48,000	2,35	-6,29	48,9	17,0	24,1	0	35,7
1490	16.09.2025 17:20:49,000	2,35	-6,29	47,9	17,9	24,2	0	37,0
1491	16.09.2025 17:20:50,000	2,39	-6,29	44,3	16,9	28,8	0	31,3
1492	16.09.2025 17:20:51,000	2,39	-6,29	43,1	17,6	29,3	0	31,9
1493	16.09.2025 17:20:52,000	2,39	-6,29	48,2	18,2	23,5	0	38,2
1494	16.09.2025 17:20:53,000	2,39	-6,29	47,9	16,8	25,3	0	34,3
1495	16.09.2025 17:20:54,000	2,39	-6,29	43,0	16,9	30,1	0	30,4
1496	16.09.2025 17:20:55,000	2,43	-6,29	45,0	16,7	28,3	0	31,4
1497	16.09.2025 17:20:56,000	2,43	-6,29	47,4	16,5	26,1	0	33,1
1498	16.09.2025 17:20:57,000	2,43	-6,29	43,7	18,0	28,3	0	33,3
1499	16.09.2025 17:20:58,000	2,43	-6,29	45,3	18,7	26,0	0	36,2
1500	16.09.2025 17:20:59,000	2,43	-6,29	47,4	17,3	25,3	0	35,0
1501	16.09.2025 17:21:00,000	2,47	-6,29	43,5	17,3	29,2	0	31,5
1502	16.09.2025 17:21:01,000	2,47	-6,29	43,1	16,8	30,1	0	30,2
1503	16.09.2025 17:21:02,000	2,51	-6,29	45,7	18,3	26,0	0	35,8
1504	16.09.2025 17:21:03,000	2,51	-6,29	48,2	16,9	24,9	0	34,8
1505	16.09.2025 17:21:04,000	2,51	-6,29	44,5	16,3	29,2	0	30,2
1506	16.09.2025 17:21:05,000	2,55	-6,29	40,9	21,0	28,2	0	37,3
1507	16.09.2025 17:21:06,000	2,55	-6,29	41,9	21,6	26,5	0	39,7
1508	16.09.2025 17:21:07,000	2,55	-6,29	44,8	16,3	28,9	0	30,3
1509	16.09.2025 17:21:08,000	2,58	-6,29	38,1	25,5	26,4	0	44,1
1510	16.09.2025 17:21:09,000	2,58	-6,29	42,8	18,1	29,1	0	32,9
1511	16.09.2025 17:21:10,000	2,58	-6,29	40,2	19,7	30,1	0	34,1
1512	16.09.2025 17:21:11,000	2,62	-6,29	40,5	20,7	28,8	0	36,5
1513	16.09.2025 17:21:12,000	2,66	-6,29	38,9	22,9	28,3	0	39,5
1514	16.09.2025 17:21:13,000	2,70	-6,29	38,0	23,1	28,9	0	39,3
1515	16.09.2025 17:21:14,000	2,74	-6,29	34,1	26,0	30,0	0	41,4
1516	16.09.2025 17:21:15,000	2,78	-6,29	28,1	29,8	32,1	0	43,2
1517	16.09.2025 17:21:16,000	2,85	-6,29	24,7	31,7	33,7	0	43,5
1518	16.09.2025 17:21:17,000	2,89	-6,29	18,7	28,1	43,2	1	35,0
1519	16.09.2025 17:21:18,000	2,97	-6,29	39,9	24,1	26,0	0	43,0
1520	16.09.2025 17:21:19,000	3,08	-6,29	44,8	22,7	22,5	0	45,3
1521	16.09.2025 17:21:20,000	3,16	-6,29	46,0	22,5	21,5	0	46,3
1522	16.09.2025 17:21:21,000	3,23	-6,29	57,9	12,5	19,6	0	33,0
1523	16.09.2025 17:21:22,000	3,27	-6,29	64,2	4,0	21,8	0	33,0
1524	16.09.2025 17:21:23,000	3,34	-6,29	72,3	3,8	13,8	0	33,0
1525	16.09.2025 17:21:24,000	3,38	-6,29	72,5	1,7	15,8	0	33,0
1526	16.09.2025 17:21:25,000	3,42	-6,29	75,8	0,7	13,5	0	33,0
1527	16.09.2025 17:21:26,000	3,46	-6,29	75,1	1,4	13,5	0	33,0
1528	16.09.2025 17:21:27,000	3,46	-6,29	71,6	2,5	15,9	0	33,0
1529	16.09.2025 17:21:28,000	3,50	-6,29	67,7	-0,5	21,8	0	33,0
1530	16.09.2025 17:21:29,000	3,53	-6,29	67,3	-2,5	20,2	0	33,0
1531	16.09.2025 17:21:30,000	3,57	-6,29	67,0	-3,1	19,8	0	33,0
1532	16.09.2025 17:21:31,000	3,57	-6,29	66,2	-3,2	20,6	0	33,0
1533	16.09.2025 17:21:32,000	3,61	-6,29	65,6	-2,5	21,9	0	33,0
1534	16.09.2025 17:21:33,000	3,65	-6,29	62,2	1,5	26,2	0	3,5
1535	16.09.2025 17:21:34,000	3,72	-6,29	58,6	1,0	30,4	0	1,9
1536	16.09.2025 17:21:35,000	3,76	-6,29	57,4	-4,9	27,6	0	-10,6
1537	16.09.2025 17:21:36,000	3,79	-6,29	57,1	-7,9	25,0	0	-18,1
1538	16.09.2025 17:21:37,000	3,87	-6,29	50,2	-4,2	35,6	0	-7,2
1539	16.09.2025 17:21:38,000	3,94	-6,29	46,9	-1,0	42,1	0	-1,5
1540	16.09.2025 17:21:39,000	4,02	-6,29	51,3	-0,5	38,1	0	-0,9
1541	16.09.2025 17:21:40,000	4,17	-6,29	54,4	-0,1	35,5	0	-0,2
1542	16.09.2025 17:21:41,000	4,20	-6,29	52,1	4,0	33,9	0	7,2
1543	16.09.2025 17:21:42,000	4,31	-6,29	51,3	6,2	32,5	0	11,5
1544	16.09.2025 17:21:43,000	4,42	-6,29	50,4	7,4	32,1	0	13,8
1545	16.09.2025 17:21:44,000	4,57	-6,29	46,0	11,2	32,8	0	19,9
1546	16.09.2025 17:21:45,000	4,72	-6,29	42,6	13,5	33,9	0	22,9
1547	16.09.2025 17:21:46,000	4,79	-6,29	42,0	16,2	31,8	0	28,2
1548	16.09.2025 17:21:47,000	4,90	-6,29	38,5	18,7	32,8	0	31,0
1549	16.09.2025 17:21:48,000	5,04	-6,29	39,9	17,4	32,7	0	29,3
1550	16.09.2025 17:21:49,000	5,23	-6,29	38,9	16,9	34,2	0	27,6
1551	16.09.2025 17:21:50,000	5,41	-6,29	40,9	14,9	34,2	0	25,0
1552	16.09.2025 17:21:51,000	5,62	-6,29	37,7	18,9	33,4	0	30,8
1553	16.09.2025 17:21:52,000	5,80	-6,29	37,0	21,5	31,5	0	35,3
1554	16.09.2025 17:21:53,000	5,94	-6,29	37,5	18,8	33,6	0	30,6
1555	16.09.2025 17:21:54,000	6,12	-6,29	41,0	15,1	33,9	0	25,3
1556	16.09.2025 17:21:55,000	6,37	-6,29	34,9	20,0	35,1	0	31,1
1557	16.09.2025 17:21:56,000	6,58	-6,29	39,2	17,1	33,7	0	28,2
1558	16.09.2025 17:21:57,000	6,79	-6,29	38,1	18,3	33,6	0	29,9
1559	16.09.2025 17:21:58,000	7,03	-6,29	34,2	23,8	31,9	0	37,6
1560	16.09.2025 17:21:59,000	7,38	-6,29	38,0	18,9	33,1	0	31,0
1561	16.09.2025 17:22:00,000	7,65	-6,29	32,5	22,8	34,7	0	34,7
1562	16.09.2025 17:22:01,000	7,93	-6,29	38,2	19,1	32,7	0	31,6
1563	16.09.2025 17:22:02,000	8,17	-6,29	35,7	18,9	35,4	0	29,6
1564	16.09.2025 17:22:03,000	8,47	-6,29	36,5	20,5	33,0	0	33,0
1565	16.09.2025 17:22:04,000	8,68	-6,29	38,6	18,9	32,5	0	31,4
1566	16.09.2025 17:22:05,000	8,91	-6,29	38,8	18,4	32,9	0	30,4
1567	16.09.2025 17:22:06,000	9,15	-6,29	36,1	19,9	34,0	0	31,7
1568	16.09.2025 17:22:07,000	9,35	-6,29	36,0	18,5	35,5	0	29,0
1569	16.09.2025 17:22:08,000	9,48	-6,29	36,9	18,6	34,5	0	29,8
1570	16.09.2025 17:22:09,000	9,58	-6,29	36,0	18,5	35,5	0	29,1
1571	16.09.2025 17:22:10,000	9,78	-6,29	36,9	17,6	35,5	0	27,8
1572	16.09.2025 17:22:11,000	9,91	-6,29	39,2	16,6	34,2	0	27,3
1573	16.09.2025 17:22:12,000	10,01	-6,29	40,3	12,1	37,6	0	19,3
1574	16.09.2025 17:22:13,000	10,14	-6,29	39,3	12,8	37,9	0	20,2
1575	16.09.2025 17:22:14,000	10,24	-6,29	37,7	12,0	40,3	0	18,1
1576	16.09.2025 17:22:15,000	10,27	-6,29	36,1	11,5	42,4	0	16,9
1577	16.09.2025 17:22:16,000	10,34	-6,29	34,9	11,5	43,7	0	16,4
1578	16.09.2025 17:22:17,000	10,53	-6,29	35,7	10,5	43,7	0	15,1
1579	16.09.2025 17:22:18,000	10,73	-6,29	32,5	1,0	56,6	0	1,1
1580	16.09.2025 17:22:19,000	10,86	-6,29	32,6	0,0	57,3	0	0,0
1581	16.09.2025 17:22:20,000	11,08	-6,29	29,7	0,6	59,7	0	0,6
1582	16.09.2025 17:22:21,000	11,24	-6,29	30,2	1,0	58,8	0	1,1
1583	16.09.2025 17:22:22,000	11,37	-6,29	32,3	-0,9	56,8	0	-1,1
1584	16.09.2025 17:22:23,000	11,50	-6,29	31,3	-2,2	56,5	0	-2,7
1585	16.09.2025 17:22:24,000	11,60	-6,29	34,8	-0,5	54,7	0	-0,6
1586	16.09.2025 17:22:25,000	11,69	-6,29	32,7	-1,7	55,7	0	-2,0
1587	16.09.2025 17:22:26,000	11,73	-6,29	36,0	0,2	53,8	0	0,2
1588	16.09.2025 17:22:27,000	11,79	-6,29	33,4	-2,3	54,2	0	-2,9
1589	16.09.2025 17:22:28,000	11,85	-6,29	39,1	-1,6	49,3	0	-2,2
1590	16.09.2025 17:22:29,000	11,95	-6,29	37,7	-2,1	50,2	0	-2,7
1591	16.09.2025 17:22:30,000	12,01	-6,29	32,9	-7,7	49,4	0	-10,2
1592	16.09.2025 17:22:31,000	11,98	-6,29	33,3	-9,8	46,9	0	-13,4
1593	16.09.2025 17:22:32,000	12,01	-6,29	31,4	-11,0	47,7	0	-14,8
1594	16.09.2025 17:22:33,000	12,01	-6,29	37,5	-5,7	46,8	0	-7,9
1595	16.09.2025 17:22:34,000	12,08	-6,29	42,1	-1,4	46,5	0	-2,0
1596	16.09.2025 17:22:35,000	12,11	-6,29	39,4	-4,2	46,5	0	-5,8
1597	16.09.2025 17:22:36,000	12,17	-6,29	40,6	-5,5	44,0	0	-7,9
1598	16.09.2025 17:22:37,000	12,24	-6,29	40,5	-6,1	43,4	0	-8,9
1599	16.09.2025 17:22:38,000	12,33	-6,29	34,1	-7,6	48,2	0	-10,3
1600	16.09.2025 17:22:39,000	12,40	-6,29	31,2	-9,0	49,8	0	-11,9
1601	16.09.2025 17:22:40,000	12,46	-6,29	31,6	-7,4	50,9	0	-9,7
1602	16.09.2025 17:22:41,000	12,52	-6,29	34,7	-7,1	48,2	0	-9,6
1603	16.09.2025 17:22:42,000	12,55	-6,29	35,8	-8,7	45,5	0	-12,2
1604	16.09.2025 17:22:43,000	12,59	-6,29	33,0	-8,6	48,4	0	-11,6
1605	16.09.2025 17:22:44,000	12,65	-6,29	28,4	-10,2	51,4	0	-13,1
1606	16.09.2025 17:22:45,000	12,65	-6,29	35,5	-5,7	48,8	0	-7,7
1607	16.09.2025 17:22:46,000	12,71	-6,29	33,5	-10,9	45,6	0	-15,1
1608	16.09.2025 17:22:47,000	12,78	-6,29	31,2	-14,7	44,2	0	-20,4
1609	16.09.2025 17:22:48,000	12,84	-6,29	34,0	-9,4	46,7	0	-12,9
1610	16.09.2025 17:22:49,000	12,84	-6,29	32,2	-15,5	42,3	0	-22,1
1611	16.09.2025 17:22:50,000	12,93	-6,29	35,8	-16,9	37,2	0	-26,1
1612	16.09.2025 17:22:51,000	12,96	-6,29	28,3	-22,3	39,4	0	-31,4
1613	16.09.2025 17:22:52,000	13,06	-6,29	29,0	-10,9	50,1	0	-14,3
1614	16.09.2025 17:22:53,000	13,09	-6,29	32,2	-7,5	50,2	0	-9,9
1615	16.09.2025 17:22:54,000	13,09	-6,29	34,7	0,9	54,4	0	1,1
1616	16.09.2025 17:22:55,000	13,15	-6,29	32,9	-7,0	50,1	0	-9,2
1617	16.09.2025 17:22:56,000	13,18	-6,29	35,1	0,3	54,6	0	0,4
1618	16.09.2025 17:22:57,000	13,22	-6,29	27,0	-3,7	59,3	0	-4,4
1619	16.09.2025 17:22:58,000	13,22	-6,29	30,8	6,2	52,9	1	7,9
1620	16.09.2025 17:22:59,000	13,28	-6,29	25,0	5,2	59,8	0	6,1
1621	16.09.2025 17:23:00,000	13,37	-6,29	28,9	7,7	53,3	0	9,7
1622	16.09.2025 17:23:01,000	13,47	-6,29	36,1	4,3	49,6	0	5,7
1623	16.09.2025 17:23:02,000	13,53	-6,29	36,9	-1,8	51,4	0	-2,3
1624	16.09.2025 17:23:03,000	13,56	-6,29	31,8	-3,6	54,6	0	-4,5
1625	16.09.2025 17:23:04,000	13,59	-6,29	28,1	3,5	58,4	0	4,2
1626	16.09.2025 17:23:05,000	13,59	-6,29	33,0	6,8	50,2	1	9,0
1627	16.09.2025 17:23:06,000	13,62	-6,29	28,9	1,9	59,2	0	2,2
1628	16.09.2025 17:23:07,000	13,65	-6,29	26,2	-10,8	53,0	1	-13,6
1629	16.09.2025 17:23:08,000	13,69	-6,29	35,2	0,2	54,6	0	0,2
1630	16.09.2025 17:23:09,000	13,72	-6,29	31,2	1,5	57,3	0	1,8
1631	16.09.2025 17:23:10,000	13,75	-6,29	27,4	2,5	60,1	0	2,9
1632	16.09.2025 17:23:11,000	13,78	-6,29	23,0	6,7	60,4	0	7,8
1633	16.09.2025 17:23:12,000	13,84	-6,29	17,2	3,9	68,9	0	4,3
1634	16.09.2025 17:23:13,000	13,90	-6,29	31,0	6,7	52,3	0	8,6
1635	16.09.2025 17:23:14,000	13,97	-6,29	34,1	8,7	47,2	0	11,9
1636	16.09.2025 17:23:15,000	14,00	-6,29	27,5	11,9	50,7	0	15,3
1637	16.09.2025 17:23:16,000	14,03	-6,29	27,9	10,7	51,3	1	13,8
1638	16.09.2025 17:23:17,000	14,06	-6,29	31,7	7,3	51,1	1	9,5
1639	16.09.2025 17:23:18,000	14,06	-6,29	19,7	-9,6	60,7	0	-11,2
1640	16.09.2025 17:23:19,000	14,09	-6,29	23,7	-9,3	57,1	1	-11,2
1641	16.09.2025 17:23:20,000	14,12	-6,29	30,7	2,1	57,2	0	2,5
1642	16.09.2025 17:23:21,000	14,15	-6,29	31,0	2,0	57,0	0	2,4
1643	16.09.2025 17:23:22,000	14,18	-6,29	30,8	3,2	56,0	0	3,9
1644	16.09.2025 17:23:23,000	14,24	-6,29	31,7	5,3	53,0	0	6,7
1645	16.09.2025 17:23:24,000	14,31	-6,29	30,9	6,9	52,2	1	8,8
1646	16.09.2025 17:23:25,000	14,34	-6,29	29,2	3,4	57,4	1	4,1
1647	16.09.2025 17:23:26,000	14,37	-6,29	22,0	4,4	63,6	0	5,0
1648	16.09.2025 17:23:27,000	14,40	-6,29	28,8	11,2	50,0	0	14,6
1649	16.09.2025 17:23:28,000	14,46	-6,29	26,5	3,5	60,0	0	4,1
1650	16.09.2025 17:23:29,000	14,49	-6,29	31,2	5,2	53,6	1	6,6
1651	16.09.2025 17:23:30,000	14,49	-6,29	27,9	5,4	56,7	1	6,5
1652	16.09.2025 17:23:31,000	14,52	-6,29	29,9	8,1	52,0	1	10,4
1653	16.09.2025 17:23:32,000	14,55	-6,29	29,9	12,4	47,7	1	16,6
1654	16.09.2025 17:23:33,000	14,58	-6,29	28,9	7,7	53,4	0	9,7
1655	16.09.2025 17:23:34,000	14,65	-6,29	24,2	10,3	55,5	0	12,6
1656	16.09.2025 17:23:35,000	14,68	-6,29	29,4	3,8	56,8	0	4,6
1657	16.09.2025 17:23:36,000	14,71	-6,29	29,5	9,6	50,9	0	12,4
1658	16.09.2025 17:23:37,000	14,74	-6,29	25,0	-1,8	63,2	0	-2,0
1659	16.09.2025 17:23:38,000	14,77	-6,29	20,0	11,5	58,5	0	13,7
1660	16.09.2025 17:23:39,000	14,77	-6,29	25,5	7,6	56,9	0	9,3
1661	16.09.2025 17:23:40,000	14,80	-6,29	23,9	6,2	59,9	0	7,3
1662	16.09.2025 17:23:41,000	14,86	-6,29	30,6	10,0	49,4	1	13,2
1663	16.09.2025 17:23:42,000	14,89	-6,29	25,3	7,0	57,7	1	8,5
1664	16.09.2025 17:23:43,000	14,92	-6,29	31,1	10,8	48,2	0	14,4
1665	16.09.2025 17:23:44,000	14,98	-6,29	22,5	-0,4	67,1	1	-0,4
1666	16.09.2025 17:23:45,000	15,01	-6,29	14,2	2,9	72,8	1	3,1
1667	16.09.2025 17:23:46,000	15,01	-6,29	28,4	7,5	54,1	0	9,4
1668	16.09.2025 17:23:47,000	15,05	-6,29	27,2	8,6	54,2	0	10,8
1669	16.09.2025 17:23:48,000	15,05	-6,29	27,0	7,1	55,9	0	8,8
1670	16.09.2025 17:23:49,000	15,11	-6,29	21,2	-5,1	63,7	0	-5,8
1671	16.09.2025 17:23:50,000	15,17	-6,29	24,4	7,8	57,8	0	9,4
1672	16.09.2025 17:23:51,000	15,20	-6,29	25,5	8,3	56,2	1	10,1
1673	16.09.2025 17:23:52,000	15,23	-6,29	24,7	5,0	60,3	1	5,8
1674	16.09.2025 17:23:53,000	15,23	-6,29	37,0	5,0	48,1	1	6,7
1675	16.09.2025 17:23:54,000	15,26	-6,29	34,5	8,9	46,6	1	12,2
1676	16.09.2025 17:23:55,000	15,29	-6,29	31,7	4,5	53,8	0	5,6
1677	16.09.2025 17:23:56,000	15,32	-6,29	31,5	13,0	45,5	1	17,9
1678	16.09.2025 17:23:57,000	15,35	-6,29	16,4	-0,2	73,4	0	-0,2
1679	16.09.2025 17:23:58,000	15,35	-6,29	25,5	-2,4	62,1	0	-2,8
1680	16.09.2025 17:23:59,000	15,38	-6,29	41,4	11,8	36,8	1	19,1
1681	16.09.2025 17:24:00,000	15,38	-6,29	28,4	2,0	59,6	1	2,4
1682	16.09.2025 17:24:01,000	15,41	-6,29	37,0	7,2	45,8	1	10,0
1683	16.09.2025 17:24:02,000	15,41	-6,29	32,0	6,7	51,3	0	8,6
1684	16.09.2025 17:24:03,000	15,44	-6,29	17,2	7,0	65,8	0	7,9
1685	16.09.2025 17:24:04,000	15,47	-6,29	15,8	2,6	71,7	0	2,8
1686	16.09.2025 17:24:05,000	15,54	-6,29	16,8	-3,5	69,7	0	-3,8
1687	16.09.2025 17:24:06,000	15,57	-6,29	17,5	-22,1	50,4	1	-26,8
1688	16.09.2025 17:24:07,000	15,63	-6,29	22,4	-6,4	61,2	0	-7,5
1689	16.09.2025 17:24:08,000	15,63	-6,29	20,8	-3,8	65,4	0	-4,2
1690	16.09.2025 17:24:09,000	15,63	-6,29	32,5	9,3	48,2	0	12,4
1691	16.09.2025 17:24:10,000	15,66	-6,29	30,6	-6,4	52,9	1	-8,2
1692	16.09.2025 17:24:11,000	15,66	-6,29	26,9	-10,0	53,1	1	-12,6
1693	16.09.2025 17:24:12,000	15,69	-6,29	28,9	5,7	55,4	0	7,0
1694	16.09.2025 17:24:13,000	15,69	-6,29	73,5	7,5	-9,0	0	7,0
1695	16.09.2025 17:24:14,000	15,72	-6,29	50,5	-18,5	21,0	1	-41,6
1696	16.09.2025 17:24:15,000	15,75	-6,29	37,9	-26,3	25,8	0	-45,4
1697	16.09.2025 17:24:16,000	15,81	-6,29	60,7	-17,4	11,9	0	-45,4
1698	16.09.2025 17:24:17,000	15,84	-6,29	63,8	-21,7	4,5	0	-45,4
1699	16.09.2025 17:24:18,000	15,81	-6,29	67,6	-17,3	5,1	1	-45,4
1700	16.09.2025 17:24:19,000	15,75	-6,29	71,2	-13,6	5,2	0	-45,4
1701	16.09.2025 17:24:20,000	15,66	-6,29	63,2	-21,8	5,0	1	-45,4
1702	16.09.2025 17:24:21,000	15,60	-6,29	55,2	-28,6	6,2	1	-77,3
1703	16.09.2025 17:24:22,000	15,54	-6,29	63,6	-21,6	4,8	0	-77,3
1704	16.09.2025 17:24:23,000	15,47	-6,29	67,5	-18,5	4,0	0	-77,3
1705	16.09.2025 17:24:24,000	15,41	-6,29	65,4	-20,5	4,0	1	-77,3
1706	16.09.2025 17:24:25,000	15,35	-6,29	53,4	-22,8	13,8	0	-58,2
1707	16.09.2025 17:24:26,000	15,32	-6,29	39,3	-36,6	14,1	0	-67,4
1708	16.09.2025 17:24:27,000	15,26	-6,29	25,7	-29,5	34,8	0	-41,0
1709	16.09.2025 17:24:28,000	15,23	-6,29	27,8	-33,4	28,8	0	-48,6
1710	16.09.2025 17:24:29,000	15,20	-6,29	31,8	-32,7	25,5	0	-51,2
1711	16.09.2025 17:24:30,000	15,17	-6,29	81,5	-1,5	7,0	1	-51,2
1712	16.09.2025 17:24:31,000	15,14	-6,29	66,7	-17,9	5,4	0	-51,2
1713	16.09.2025 17:24:32,000	15,11	-6,29	49,5	-21,1	19,5	0	-47,1
1714	16.09.2025 17:24:33,000	15,08	-6,29	49,5	-25,9	14,6	1	-59,9
1715	16.09.2025 17:24:34,000	15,05	-6,29	47,0	-29,9	13,1	0	-65,4
1716	16.09.2025 17:24:35,000	15,01	-6,29	48,1	-21,7	20,2	0	-47,0
1717	16.09.2025 17:24:36,000	15,01	-6,29	36,3	-47,4	6,4	0	-81,3
1718	16.09.2025 17:24:37,000	14,98	-6,29	51,2	17,0	-21,8	1	141,8
1719	16.09.2025 17:24:38,000	14,95	-6,29	-9,6	30,8	49,6	1	34,4
1720	16.09.2025 17:24:39,000	14,92	-6,29	-3,1	13,3	73,7	0	13,7
1721	16.09.2025 17:24:40,000	14,92	-6,29	-4,1	10,5	75,4	1	11,0
1722	16.09.2025 17:24:41,000	14,89	-6,29	6,3	17,8	65,8	0	19,1
1723	16.09.2025 17:24:42,000	14,89	-6,29	-1,7	19,0	69,3	1	19,3
1724	16.09.2025 17:24:43,000	14,86	-6,29	-4,1	15,6	70,4	0	16,2
1725	16.09.2025 17:24:44,000	14,86	-6,29	-4,3	12,2	73,5	0	12,8
1726	16.09.2025 17:24:45,000	14,83	-6,29	-1,5	15,5	73,0	0	15,8
1727	16.09.2025 17:24:46,000	14,83	-6,29	-2,3	13,5	74,2	0	13,8
1728	16.09.2025 17:24:47,000	14,83	-6,29	-2,3	10,8	76,9	0	11,1
1729	16.09.2025 17:24:48,000	14,80	-6,29	1,0	6,4	82,5	0	6,5
1730	16.09.2025 17:24:49,000	14,80	-6,29	-70,2	-13,4	-6,3	1	6,5
1731	16.09.2025 17:24:50,000	14,77	-6,29	-3,0	-7,8	-79,2	0	-172,0
1732	16.09.2025 17:24:51,000	14,77	-6,29	-0,1	-8,7	-81,2	0	-171,3
1733	16.09.2025 17:24:52,000	14,77	-6,29	-1,3	-9,0	-79,7	0	-170,9
1734	16.09.2025 17:24:53,000	14,74	-6,29	-2,8	-9,9	-77,3	0	-169,9
1735	16.09.2025 17:24:54,000	14,74	-6,29	-1,7	-8,0	-80,4	0	-171,9
1736	16.09.2025 17:24:55,000	14,71	-6,29	-1,1	-7,8	-81,1	0	-172,1
1737	16.09.2025 17:24:56,000	14,71	-6,29	-1,6	-13,0	-75,4	1	-166,8
1738	16.09.2025 17:24:57,000	14,71	-6,29	0,6	-11,9	-77,4	1	-168,0
1739	16.09.2025 17:24:58,000	14,68	-6,29	-1,4	-8,9	-79,6	0	-170,9
1740	16.09.2025 17:24:59,000	14,68	-6,29	-1,0	-9,9	-79,1	0	-170,0
1741	16.09.2025 17:25:00,000	14,68	-6,29	-0,4	-9,9	-79,7	0	-170,1
1742	16.09.2025 17:25:01,000	14,65	-6,29	-0,6	-9,1	-80,3	0	-170,8
1743	16.09.2025 17:25:02,000	14,65	-6,29	0,1	-9,3	-80,6	0	-170,7
1744	16.09.2025 17:25:03,000	14,65	-6,29	0,0	-10,8	-79,2	0	-169,2
1745	16.09.2025 17:25:04,000	14,65	-6,29	-0,6	-11,1	-78,3	0	-168,9
1746	16.09.2025 17:25:05,000	14,62	-6,29	-0,1	-9,4	-80,5	0	-170,6
1747	16.09.2025 17:25:06,000	14,62	-6,29	-0,2	-9,3	-80,5	0	-170,7
1748	16.09.2025 17:25:07,000	14,62	-6,29	0,1	-10,2	-79,8	0	-169,8
1749	16.09.2025 17:25:08,000	14,58	-6,29	-0,9	-10,0	-79,2	0	-170,0
1750	16.09.2025 17:25:09,000	14,58	-6,29	-0,8	-9,1	-80,2	0	-170,9
1751	16.09.2025 17:25:10,000	14,58	-6,29	-0,3	-9,9	-79,8	0	-170,1
1752	16.09.2025 17:25:11,000	14,58	-6,29	-0,1	-11,4	-78,5	0	-168,6
1753	16.09.2025 17:25:12,000	14,58	-6,29	-0,3	-9,6	-80,1	0	-170,4
1754	16.09.2025 17:25:13,000	14,55	-6,29	0,1	-8,1	-81,8	0	-171,9
1755	16.09.2025 17:25:14,000	14,55	-6,29	0,5	-9,1	-80,4	0	-170,9
1756	16.09.2025 17:25:15,000	14,55	-6,29	0,4	-10,3	-79,4	0	-169,7
1757	16.09.2025 17:25:16,000	14,55	-6,29	0,0	-9,2	-80,8	0	-170,8
1758	16.09.2025 17:25:17,000	14,55	-6,29	-0,7	-9,6	-79,7	0	-170,3
1759	16.09.2025 17:25:18,000	14,52	-6,29	0,0	-10,3	-79,7	0	-169,7
1760	16.09.2025 17:25:19,000	14,52	-6,29	-0,4	-6,8	-82,8	0	-173,2
1761	16.09.2025 17:25:20,000	14,52	-6,29	-1,8	-7,5	-80,7	0	-172,4
1762	16.09.2025 17:25:21,000	14,52	-6,29	-2,4	-7,9	-79,7	0	-171,9
1763	16.09.2025 17:25:22,000	14,52	-6,29	-2,9	-6,4	-80,7	0	-173,4
1764	16.09.2025 17:25:23,000	14,52	-6,29	-3,2	-6,9	-79,9	0	-172,9
1765	16.09.2025 17:25:24,000	14,52	-6,29	-2,7	-7,4	-79,9	0	-172,4
1766	16.09.2025 17:25:25,000	14,52	-6,29	-1,5	-7,0	-81,5	0	-172,9
1767	16.09.2025 17:25:26,000	14,49	-6,29	-3,0	-5,6	-81,4	0	-174,3
1768	16.09.2025 17:25:27,000	14,49	-6,29	-6,3	-4,6	-79,1	0	-175,2
1769	16.09.2025 17:25:28,000	14,49	-6,29	-7,1	-5,5	-77,5	0	-174,2
1770	16.09.2025 17:25:29,000	14,49	-6,29	-6,6	-4,7	-78,7	0	-175,1
1771	16.09.2025 17:25:30,000	14,49	-6,29	-5,8	-3,6	-80,6	0	-176,2
1772	16.09.2025 17:25:31,000	14,49	-6,29	-6,8	-6,1	-77,1	0	-173,6
1773	16.09.2025 17:25:32,000	14,49	-6,29	-6,3	-6,3	-77,4	0	-173,4
1774	16.09.2025 17:25:33,000	14,49	-6,29	-5,2	-2,1	-82,6	0	-177,8
1775	16.09.2025 17:25:34,000	14,49	-6,29	-5,4	-3,2	-81,4	0	-176,7
1776	16.09.2025 17:25:35,000	14,49	-6,29	-6,3	-5,9	-77,8	0	-173,9
1777	16.09.2025 17:25:36,000	14,49	-6,29	-5,4	-4,9	-79,7	0	-174,9
1778	16.09.2025 17:25:37,000	14,49	-6,29	-6,4	-2,3	-81,3	0	-177,6
1779	16.09.2025 17:25:38,000	14,49	-6,29	-9,4	-2,7	-77,8	0	-177,2
1780	16.09.2025 17:25:39,000	14,49	-6,29	-9,6	-3,0	-77,3	0	-176,8
1781	16.09.2025 17:25:40,000	14,49	-6,29	-7,5	-1,0	-81,4	0	-179,0
1782	16.09.2025 17:25:41,000	14,49	-6,29	-6,7	-4,2	-79,1	0	-175,6
1783	16.09.2025 17:25:42,000	14,49	-6,29	-7,1	-4,8	-78,1	0	-174,9
1784	16.09.2025 17:25:43,000	14,49	-6,29	-5,7	-6,5	-77,7	0	-173,2
1785	16.09.2025 17:25:44,000	14,49	-6,29	-4,1	-4,4	-81,6	0	-175,5
1786	16.09.2025 17:25:45,000	14,49	-6,29	-5,6	-6,3	-78,1	0	-173,4
1787	16.09.2025 17:25:46,000	14,49	-6,29	-5,4	-6,6	-78,0	0	-173,2
1788	16.09.2025 17:25:47,000	14,49	-6,29	-3,2	-6,8	-80,0	0	-173,0
1789	16.09.2025 17:25:48,000	14,49	-6,29	-4,1	-5,9	-80,0	0	-173,9
1790	16.09.2025 17:25:49,000	14,49	-6,29	-5,1	-9,6	-75,3	0	-169,9
1791	16.09.2025 17:25:50,000	14,49	-6,29	-3,1	-6,6	-80,3	0	-173,2
1792	16.09.2025 17:25:51,000	14,49	-6,29	-5,4	-4,2	-80,4	1	-175,7
1793	16.09.2025 17:25:52,000	14,49	-6,29	-7,5	-7,5	-75,0	0	-172,0
1794	16.09.2025 17:25:53,000	14,49	-6,29	-4,8	-6,2	-79,0	0	-173,6
1795	16.09.2025 17:25:54,000	14,49	-6,29	-5,0	-2,1	-82,9	0	-177,8
1796	16.09.2025 17:25:55,000	14,49	-6,29	-7,4	-7,5	-75,2	0	-172,1
1797	16.09.2025 17:25:56,000	14,49	-6,29	-6,2	-5,2	-78,6	0	-174,5
1798	16.09.2025 17:25:57,000	14,49	-6,29	-4,0	-6,6	-79,4	0	-173,1
1799	16.09.2025 17:25:58,000	14,49	-6,29	-5,5	-8,5	-76,0	0	-171,1
1800	16.09.2025 17:25:59,000	14,49	-6,29	1,1	-5,6	-83,3	0	-174,4
1801	16.09.2025 17:26:00,000	14,49	-6,29	-3,3	-12,1	-74,7	0	-167,5
1802	16.09.2025 17:26:01,000	14,49	-6,29	-2,8	-10,3	-76,9	0	-169,4
1803	16.09.2025 17:26:02,000	14,49	-6,29	2,4	-6,0	-81,7	0	-173,9
1804	16.09.2025 17:26:03,000	14,49	-6,29	-6,0	-9,2	-74,9	0	-170,3
1805	16.09.2025 17:26:04,000	14,49	-6,29	-5,7	-6,8	-77,5	0	-172,9
1806	16.09.2025 17:26:05,000	14,52	-6,29	-2,8	-5,5	-81,6	0	-174,3
1807	16.09.2025 17:26:06,000	14,52	-6,29	-6,7	-7,3	-75,9	0	-172,3
1808	16.09.2025 17:26:07,000	14,52	-6,29	-7,3	-5,6	-77,1	0	-174,1
1809	16.09.2025 17:26:08,000	14,52	-6,29	-4,6	-5,5	-79,9	0	-174,3
1810	16.09.2025 17:26:09,000	14,52	-6,29	-6,9	-6,8	-76,3	0	-172,9
1811	16.09.2025 17:26:10,000	14,52	-6,29	-5,5	-4,2	-80,3	0	-175,7
1812	16.09.2025 17:26:11,000	14,52	-6,29	-6,3	-6,4	-77,4	0	-173,3
1813	16.09.2025 17:26:12,000	14,52	-6,29	-7,2	-5,5	-77,3	0	-174,2
1814	16.09.2025 17:26:13,000	14,52	-6,29	-6,8	-4,4	-78,8	0	-175,4
1815	16.09.2025 17:26:14,000	14,52	-6,29	-7,0	-6,1	-76,9	0	-173,6
1816	16.09.2025 17:26:15,000	14,52	-6,29	-4,1	-6,9	-79,0	0	-172,8
1817	16.09.2025 17:26:16,000	14,52	-6,29	-3,5	-9,7	-76,7	0	-169,9
1818	16.09.2025 17:26:17,000	14,52	-6,29	1,1	-9,0	-79,9	0	-170,9
1819	16.09.2025 17:26:18,000	14,52	-6,29	0,3	-10,9	-78,9	0	-169,1
1820	16.09.2025 17:26:19,000	14,52	-6,29	0,8	-12,2	-77,0	0	-167,7
1821	16.09.2025 17:26:20,000	14,52	-6,29	2,7	-10,9	-76,5	0	-168,8
1822	16.09.2025 17:26:21,000	14,52	-6,29	3,1	-11,2	-75,7	0	-168,4
1823	16.09.2025 17:26:22,000	14,52	-6,29	1,2	-15,4	-73,4	0	-164,4
1824	16.09.2025 17:26:23,000	14,52	-6,29	2,2	-11,1	-76,8	0	-168,7
1825	16.09.2025 17:26:24,000	14,52	-6,29	3,8	-10,3	-76,0	0	-169,3
1826	16.09.2025 17:26:25,000	14,55	-6,29	0,4	-13,8	-75,7	0	-166,1
1827	16.09.2025 17:26:26,000	14,55	-6,29	1,3	-12,0	-76,7	0	-167,8
1828	16.09.2025 17:26:27,000	14,55	-6,29	3,5	-9,8	-76,6	0	-169,8
1829	16.09.2025 17:26:28,000	14,55	-6,29	2,3	-13,1	-74,6	0	-166,6
1830	16.09.2025 17:26:29,000	14,55	-6,29	0,3	-14,2	-75,5	0	-165,7
1831	16.09.2025 17:26:30,000	14,55	-6,29	3,9	-8,0	-78,0	0	-171,7
1832	16.09.2025 17:26:31,000	14,55	-6,29	-0,6	-13,1	-76,2	0	-166,8
1833	16.09.2025 17:26:32,000	14,55	-6,29	0,1	-12,2	-77,6	0	-167,7
1834	16.09.2025 17:26:33,000	14,55	-6,29	3,1	-8,0	-78,9	0	-171,8
1835	16.09.2025 17:26:34,000	14,55	-6,29	-1,2	-11,8	-77,0	0	-168,0
1836	16.09.2025 17:26:35,000	14,55	-6,29	-1,5	-10,8	-77,7	0	-169,0
1837	16.09.2025 17:26:36,000	14,55	-6,29	1,9	-9,1	-79,0	0	-170,7
1838	16.09.2025 17:26:37,000	14,55	-6,29	0,2	-10,6	-79,1	0	-169,3
1839	16.09.2025 17:26:38,000	14,55	-6,29	-2,6	-10,5	-76,8	0	-169,2
1840	16.09.2025 17:26:39,000	14,58	-6,29	0,2	-8,5	-81,2	0	-171,5
1841	16.09.2025 17:26:40,000	14,58	-6,29	-1,1	-12,0	-76,9	0	-167,8
1842	16.09.2025 17:26:41,000	14,58	-6,29	1,4	-9,7	-78,9	0	-170,2
1843	16.09.2025 17:26:42,000	14,58	-6,29	0,0	-9,9	-80,1	0	-170,1
1844	16.09.2025 17:26:43,000	14,58	-6,29	-1,3	-12,0	-76,7	0	-167,9
1845	16.09.2025 17:26:44,000	14,58	-6,29	-0,2	-10,8	-78,9	0	-169,1
1846	16.09.2025 17:26:45,000	14,58	-6,29	0,6	-9,1	-80,3	0	-170,8
1847	16.09.2025 17:26:46,000	14,58	-6,29	1,3	-10,9	-77,7	0	-168,9
1848	16.09.2025 17:26:47,000	14,58	-6,29	-0,6	-12,8	-76,6	0	-167,1
1849	16.09.2025 17:26:48,000	14,58	-6,29	0,9	-10,7	-78,3	0	-169,2
1850	16.09.2025 17:26:49,000	14,58	-6,29	0,5	-9,3	-80,2	0	-170,6
1851	16.09.2025 17:26:50,000	14,58	-6,29	0,6	-10,9	-78,5	0	-169,0
1852	16.09.2025 17:26:51,000	14,58	-6,29	-3,9	-10,9	-75,2	0	-168,6
1853	16.09.2025 17:26:52,000	14,58	-6,29	0,3	-8,8	-80,9	0	-171,2
1854	16.09.2025 17:26:53,000	14,58	-6,29	-0,6	-10,1	-79,3	0	-169,8
1855	16.09.2025 17:26:54,000	14,58	-6,29	-1,9	-10,1	-77,9	0	-169,7
1856	16.09.2025 17:26:55,000	14,62	-6,29	-1,0	-9,0	-80,0	0	-170,9
1857	16.09.2025 17:26:56,000	14,62	-6,29	0,2	-12,1	-77,7	0	-167,8
1858	16.09.2025 17:26:57,000	14,62	-6,29	1,9	-9,9	-78,2	0	-169,9
1859	16.09.2025 17:26:58,000	14,62	-6,29	-1,0	-11,6	-77,3	0	-168,2
1860	16.09.2025 17:26:59,000	14,62	-6,29	1,2	-10,8	-78,0	0	-169,1
1861	16.09.2025 17:27:00,000	14,62	-6,29	1,7	-10,6	-77,7	0	-169,2
1862	16.09.2025 17:27:01,000	14,62	-6,29	-1,2	-11,8	-77,0	0	-168,0
1863	16.09.2025 17:27:02,000	14,62	-6,29	1,8	-9,6	-78,5	0	-170,2
1864	16.09.2025 17:27:03,000	14,62	-6,29	-1,3	-10,2	-78,4	0	-169,6
1865	16.09.2025 17:27:04,000	14,62	-6,29	-2,5	-11,3	-76,3	0	-168,5
1866	16.09.2025 17:27:05,000	14,62	-6,29	1,3	-9,8	-79,0	0	-170,1
1867	16.09.2025 17:27:06,000	14,62	-6,29	-0,3	-10,3	-79,4	0	-169,7
1868	16.09.2025 17:27:07,000	14,62	-6,29	-3,9	-11,8	-74,3	0	-167,7
1869	16.09.2025 17:27:08,000	14,65	-6,29	2,2	-7,5	-80,3	0	-172,3
1870	16.09.2025 17:27:09,000	14,65	-6,29	-1,7	-11,8	-76,4	0	-168,0
1871	16.09.2025 17:27:10,000	14,65	-6,29	0,2	-12,0	-77,8	0	-168,0
1872	16.09.2025 17:27:11,000	14,65	-6,29	0,3	-10,3	-79,4	0	-169,7
1873	16.09.2025 17:27:12,000	14,65	-6,29	0,3	-10,8	-78,9	0	-169,2
1874	16.09.2025 17:27:13,000	14,65	-6,29	2,3	-10,6	-77,0	0	-169,1
1875	16.09.2025 17:27:14,000	14,65	-6,29	-1,0	-13,5	-75,5	0	-166,4
1876	16.09.2025 17:27:15,000	14,65	-6,29	1,3	-9,9	-78,8	0	-170,0
1877	16.09.2025 17:27:16,000	14,65	-6,29	1,9	-10,0	-78,1	0	-169,8
1878	16.09.2025 17:27:17,000	14,65	-6,29	-1,8	-11,6	-76,5	0	-168,1
1879	16.09.2025 17:27:18,000	14,65	-6,29	0,1	-12,0	-77,8	0	-168,0
1880	16.09.2025 17:27:19,000	14,65	-6,29	1,1	-9,8	-79,1	0	-170,1
1881	16.09.2025 17:27:20,000	14,65	-6,29	1,1	-11,0	-77,9	0	-168,8
1882	16.09.2025 17:27:21,000	14,65	-6,29	-0,8	-11,9	-77,2	0	-167,9
1883	16.09.2025 17:27:22,000	14,65	-6,29	0,1	-9,4	-80,5	0	-170,6
1884	16.09.2025 17:27:23,000	14,65	-6,29	-1,4	-12,7	-75,9	0	-167,1
1885	16.09.2025 17:27:24,000	14,65	-6,29	0,3	-10,1	-79,7	0	-169,9
1886	16.09.2025 17:27:25,000	14,65	-6,29	2,1	-10,4	-77,5	0	-169,4
1887	16.09.2025 17:27:26,000	14,65	-6,29	-4,0	-12,1	-73,9	0	-167,4
1888	16.09.2025 17:27:27,000	14,65	-6,29	1,5	-8,7	-79,8	0	-171,1
1889	16.09.2025 17:27:28,000	14,68	-6,29	0,9	-11,0	-78,1	0	-168,9
1890	16.09.2025 17:27:29,000	14,68	-6,29	-0,1	-13,4	-76,5	0	-166,6
1891	16.09.2025 17:27:30,000	14,68	-6,29	1,2	-10,7	-78,2	0	-169,2
1892	16.09.2025 17:27:31,000	14,68	-6,29	0,4	-10,9	-78,7	0	-169,1
1893	16.09.2025 17:27:32,000	14,68	-6,29	-0,8	-11,2	-78,0	0	-168,7
1894	16.09.2025 17:27:33,000	14,68	-6,29	2,6	-10,4	-77,0	0	-169,3
1895	16.09.2025 17:27:34,000	14,68	-6,29	0,0	-12,2	-77,8	0	-167,8
1896	16.09.2025 17:27:35,000	14,68	-6,29	-1,1	-10,7	-78,2	0	-169,2
1897	16.09.2025 17:27:36,000	14,68	-6,29	1,4	-9,5	-79,1	0	-170,4
1898	16.09.2025 17:27:37,000	14,68	-6,29	0,0	-12,1	-77,9	0	-167,9
1899	16.09.2025 17:27:38,000	14,68	-6,29	1,6	-9,3	-79,1	0	-170,6
1900	16.09.2025 17:27:39,000	14,68	-6,29	-1,7	-12,5	-75,8	0	-167,3
1901	16.09.2025 17:27:40,000	14,68	-6,29	0,3	-9,2	-80,5	0	-170,8
1902	16.09.2025 17:27:41,000	14,68	-6,29	2,5	-9,4	-78,1	1	-170,4
1903	16.09.2025 17:27:42,000	14,68	-6,29	-0,4	-14,4	-75,3	0	-165,6
1904	16.09.2025 17:27:43,000	14,68	-6,29	-0,9	-10,2	-78,9	0	-169,7
1905	16.09.2025 17:27:44,000	14,68	-6,29	1,8	-8,5	-79,7	0	-171,3
1906	16.09.2025 17:27:45,000	14,68	-6,29	-1,2	-11,6	-77,3	0	-168,3
1907	16.09.2025 17:27:46,000	14,71	-6,29	1,0	-10,5	-78,5	0	-169,3
1908	16.09.2025 17:27:47,000	14,71	-6,29	-1,4	-11,4	-77,2	0	-168,4
1909	16.09.2025 17:27:48,000	14,71	-6,29	1,5	-8,4	-80,1	0	-171,5
1910	16.09.2025 17:27:49,000	14,71	-6,29	-0,3	-11,2	-78,6	0	-168,8
1911	16.09.2025 17:27:50,000	14,71	-6,29	-3,5	-12,9	-73,6	0	-166,6
1912	16.09.2025 17:27:51,000	14,71	-6,29	3,2	-8,8	-78,0	0	-171,0
1913	16.09.2025 17:27:52,000	14,71	-6,29	0,4	-10,8	-78,8	0	-169,1
1914	16.09.2025 17:27:53,000	14,71	-6,29	-0,3	-12,4	-77,3	0	-167,6
1915	16.09.2025 17:27:54,000	14,71	-6,29	0,4	-12,0	-77,6	0	-167,9
1916	16.09.2025 17:27:55,000	14,71	-6,29	1,8	-9,5	-78,6	0	-170,3
1917	16.09.2025 17:27:56,000	14,71	-6,29	0,1	-10,2	-79,7	0	-169,8
1918	16.09.2025 17:27:57,000	14,71	-6,29	-0,9	-12,9	-76,2	0	-167,0
1919	16.09.2025 17:27:58,000	14,71	-6,29	1,2	-11,4	-77,4	0	-168,4
1920	16.09.2025 17:27:59,000	14,71	-6,29	2,4	-10,6	-77,0	0	-169,1
1921	16.09.2025 17:28:00,000	14,71	-6,29	1,5	-11,1	-77,4	0	-168,7
1922	16.09.2025 17:28:01,000	14,71	-6,29	-1,4	-11,9	-76,8	0	-167,9
1923	16.09.2025 17:28:02,000	14,71	-6,29	1,2	-10,6	-78,3	0	-169,3
1924	16.09.2025 17:28:03,000	14,74	-6,29	1,6	-9,6	-78,8	0	-170,2
1925	16.09.2025 17:28:04,000	14,74	-6,29	-0,3	-12,7	-76,9	0	-167,2
1926	16.09.2025 17:28:05,000	14,74	-6,29	-0,4	-12,2	-77,4	0	-167,8
1927	16.09.2025 17:28:06,000	14,74	-6,29	2,2	-9,0	-78,8	0	-170,8
1928	16.09.2025 17:28:07,000	14,74	-6,29	0,3	-13,0	-76,8	0	-167,0
1929	16.09.2025 17:28:08,000	14,74	-6,29	-0,5	-12,3	-77,2	0	-167,6
1930	16.09.2025 17:28:09,000	14,74	-6,29	1,6	-8,8	-79,6	0	-171,1
1931	16.09.2025 17:28:10,000	14,74	-6,29	-0,8	-10,2	-79,0	0	-169,7
1932	16.09.2025 17:28:11,000	14,74	-6,29	-0,6	-12,4	-76,9	0	-167,5
1933	16.09.2025 17:28:12,000	14,74	-6,29	2,1	-11,1	-76,8	0	-168,6
1934	16.09.2025 17:28:13,000	14,74	-6,29	1,7	-11,1	-77,2	0	-168,7
1935	16.09.2025 17:28:14,000	14,74	-6,29	-0,8	-13,2	-76,0	0	-166,7
1936	16.09.2025 17:28:15,000	14,74	-6,29	2,4	-9,0	-78,6	0	-170,8
1937	16.09.2025 17:28:16,000	14,74	-6,29	0,7	-9,7	-79,6	0	-170,2
1938	16.09.2025 17:28:17,000	14,74	-6,29	-1,2	-12,3	-76,5	0	-167,5
1939	16.09.2025 17:28:18,000	14,74	-6,29	-0,5	-10,2	-79,3	0	-169,7
1940	16.09.2025 17:28:19,000	14,77	-6,29	-0,1	-11,2	-78,6	0	-168,7
1941	16.09.2025 17:28:20,000	14,77	-6,29	2,2	-10,0	-77,8	0	-169,8
1942	16.09.2025 17:28:21,000	14,77	-6,29	-0,2	-11,9	-78,0	0	-168,1
1943	16.09.2025 17:28:22,000	14,77	-6,29	-0,5	-11,8	-77,7	0	-168,1
1944	16.09.2025 17:28:23,000	14,77	-6,29	1,8	-8,7	-79,5	0	-171,1
1945	16.09.2025 17:28:24,000	14,77	-6,29	0,1	-11,8	-78,1	0	-168,2
1946	16.09.2025 17:28:25,000	14,77	-6,29	-0,6	-11,5	-78,0	0	-168,5
1947	16.09.2025 17:28:26,000	14,77	-6,29	-0,5	-12,7	-76,8	0	-167,2
1948	16.09.2025 17:28:27,000	14,77	-6,29	1,0	-11,7	-77,3	0	-168,2
1949	16.09.2025 17:28:28,000	14,77	-6,29	-0,9	-12,8	-76,3	0	-167,1
1950	16.09.2025 17:28:29,000	14,77	-6,29	1,3	-12,0	-76,7	0	-167,8
1951	16.09.2025 17:28:30,000	14,77	-6,29	1,7	-13,2	-75,0	0	-166,5
1952	16.09.2025 17:28:31,000	14,77	-6,29	1,2	-14,4	-74,5	0	-165,4
1953	16.09.2025 17:28:32,000	14,77	-6,29	3,7	-12,6	-73,7	0	-166,9
1954	16.09.2025 17:28:33,000	14,77	-6,29	3,1	-14,5	-72,5	0	-165,1
1955	16.09.2025 17:28:34,000	14,77	-6,29	1,9	-15,5	-72,6	0	-164,2
1956	16.09.2025 17:28:35,000	14,77	-6,29	3,1	-12,7	-74,2	0	-166,9
1957	16.09.2025 17:28:36,000	14,77	-6,29	3,0	-10,2	-76,8	0	-169,4
1958	16.09.2025 17:28:37,000	14,77	-6,29	-0,2	-15,3	-74,5	0	-164,7
1959	16.09.2025 17:28:38,000	14,77	-6,29	0,4	-13,3	-76,3	0	-166,6
1960	16.09.2025 17:28:39,000	14,77	-6,29	2,4	-8,6	-79,0	0	-171,2
1961	16.09.2025 17:28:40,000	14,80	-6,29	0,8	-10,5	-78,7	0	-169,4
1962	16.09.2025 17:28:41,000	14,77	-6,29	-2,0	-13,4	-74,7	0	-166,3
1963	16.09.2025 17:28:42,000	14,77	-6,29	0,5	-11,8	-77,7	0	-168,1
1964	16.09.2025 17:28:43,000	14,80	-6,29	3,3	-6,5	-80,2	0	-173,3
1965	16.09.2025 17:28:44,000	14,80	-6,29	0,7	-8,5	-80,9	0	-171,5
1966	16.09.2025 17:28:45,000	14,80	-6,29	-1,1	-12,4	-76,5	0	-167,4
1967	16.09.2025 17:28:46,000	14,80	-6,29	3,0	-7,8	-79,2	0	-172,0
1968	16.09.2025 17:28:47,000	14,80	-6,29	0,6	-9,7	-79,7	0	-170,2
1969	16.09.2025 17:28:48,000	14,80	-6,29	-1,2	-12,3	-76,6	0	-167,6
1970	16.09.2025 17:28:49,000	14,80	-6,29	1,4	-11,9	-76,7	0	-168,0
1971	16.09.2025 17:28:50,000	14,80	-6,29	1,9	-11,7	-76,3	0	-168,0
1972	16.09.2025 17:28:51,000	14,80	-6,29	1,4	-12,5	-76,1	0	-167,3
1973	16.09.2025 17:28:52,000	14,80	-6,29	0,2	-10,5	-79,3	0	-169,5
1974	16.09.2025 17:28:53,000	14,80	-6,29	-1,1	-11,7	-77,2	0	-168,1
1975	16.09.2025 17:28:54,000	14,80	-6,29	1,1	-11,8	-77,1	0	-168,0
1976	16.09.2025 17:28:55,000	14,80	-6,29	1,3	-8,5	-80,1	0	-171,3
1977	16.09.2025 17:28:56,000	14,80	-6,29	-2,5	-10,8	-76,7	0	-168,9
1978	16.09.2025 17:28:57,000	14,80	-6,29	-4,1	-11,9	-73,9	0	-167,6
1979	16.09.2025 17:28:58,000	14,80	-6,29	2,5	-9,4	-78,1	0	-170,3
1980	16.09.2025 17:28:59,000	14,80	-6,29	1,9	-10,0	-78,1	0	-169,8
1981	16.09.2025 17:29:00,000	14,80	-6,29	-3,1	-12,1	-74,8	0	-167,5
1982	16.09.2025 17:29:01,000	14,83	-6,29	0,2	-11,5	-78,3	0	-168,5
1983	16.09.2025 17:29:02,000	14,83	-6,29	1,7	-8,7	-79,6	0	-171,1
1984	16.09.2025 17:29:03,000	14,83	-6,29	-1,1	-9,7	-79,2	0	-170,2
1985	16.09.2025 17:29:04,000	14,83	-6,29	-1,8	-11,8	-76,3	0	-167,9
1986	16.09.2025 17:29:05,000	14,83	-6,29	1,3	-10,3	-78,4	0	-169,5
1987	16.09.2025 17:29:06,000	14,83	-6,29	1,4	-9,2	-79,4	0	-170,7
1988	16.09.2025 17:29:07,000	14,83	-6,29	-0,5	-10,8	-78,6	0	-169,1
1989	16.09.2025 17:29:08,000	14,83	-6,29	0,0	-11,4	-78,6	0	-168,6
1990	16.09.2025 17:29:09,000	14,83	-6,29	0,5	-8,5	-81,0	0	-171,5
1991	16.09.2025 17:29:10,000	14,83	-6,29	0,2	-8,2	-81,6	0	-171,8
1992	16.09.2025 17:29:11,000	14,83	-6,29	-1,2	-11,3	-77,6	0	-168,6
1993	16.09.2025 17:29:12,000	14,83	-6,29	-0,6	-10,5	-79,0	0	-169,5
1994	16.09.2025 17:29:13,000	14,83	-6,29	1,2	-8,2	-80,6	0	-171,7
1995	16.09.2025 17:29:14,000	14,83	-6,29	0,4	-9,1	-80,5	0	-170,9
1996	16.09.2025 17:29:15,000	14,83	-6,29	-1,5	-11,4	-77,1	0	-168,4
1997	16.09.2025 17:29:16,000	14,83	-6,29	0,2	-10,5	-79,4	0	-169,5
1998	16.09.2025 17:29:17,000	14,83	-6,29	1,5	-8,8	-79,7	0	-171,1
1999	16.09.2025 17:29:18,000	14,83	-6,29	-0,4	-9,3	-80,2	0	-170,6
2000	16.09.2025 17:29:19,000	14,83	-6,29	-1,2	-9,9	-78,9	0	-170,0
2001	16.09.2025 17:29:20,000	14,83	-6,29	-0,2	-10,9	-78,9	0	-169,1
2002	16.09.2025 17:29:21,000	14,83	-6,29	0,2	-8,5	-81,3	0	-171,5
2003	16.09.2025 17:29:22,000	14,83	-6,29	-0,8	-8,7	-80,5	0	-171,2
2004	16.09.2025 17:29:23,000	14,83	-6,29	0,0	-11,1	-78,9	0	-168,9
2005	16.09.2025 17:29:24,000	14,83	-6,29	-0,3	-9,2	-80,5	0	-170,7
2006	16.09.2025 17:29:25,000	14,83	-6,29	-0,9	-8,9	-80,2	0	-171,0
2007	16.09.2025 17:29:26,000	14,83	-6,29	0,2	-10,0	-79,8	0	-170,0
2008	16.09.2025 17:29:27,000	14,83	-6,29	-0,5	-9,0	-80,5	0	-170,9
2009	16.09.2025 17:29:28,000	14,83	-6,29	-0,9	-9,6	-79,5	0	-170,3
2010	16.09.2025 17:29:29,000	14,83	-6,29	-0,4	-10,2	-79,4	0	-169,8
2011	16.09.2025 17:29:30,000	14,83	-6,29	-0,5	-9,4	-80,1	0	-170,6
2012	16.09.2025 17:29:31,000	14,83	-6,29	0,3	-8,4	-81,3	0	-171,6
2013	16.09.2025 17:29:32,000	14,83	-6,29	-0,6	-9,7	-79,6	0	-170,2
2014	16.09.2025 17:29:33,000	14,83	-6,29	-1,1	-11,3	-77,6	0	-168,5
2015	16.09.2025 17:29:34,000	14,83	-6,29	-0,2	-8,6	-81,3	0	-171,4
2016	16.09.2025 17:29:35,000	14,83	-6,29	-2,5	-6,5	-80,9	0	-173,3
2017	16.09.2025 17:29:36,000	14,83	-6,29	-1,5	-8,9	-79,6	0	-171,0
2018	16.09.2025 17:29:37,000	14,83	-6,29	2,0	-11,3	-76,7	0	-168,4
2019	16.09.2025 17:29:38,000	14,83	-6,29	-0,5	-10,0	-79,4	0	-169,9
2020	16.09.2025 17:29:39,000	14,83	-6,29	-1,3	-10,2	-78,5	0	-169,7
2021	16.09.2025 17:29:40,000	14,86	-6,29	1,1	-8,4	-80,6	0	-171,5
2022	16.09.2025 17:29:41,000	14,86	-6,29	-1,0	-8,1	-80,9	0	-171,8
2023	16.09.2025 17:29:42,000	14,86	-6,29	-2,6	-9,9	-77,5	0	-169,8
2024	16.09.2025 17:29:43,000	14,86	-6,29	0,5	-10,5	-79,0	0	-169,4
2025	16.09.2025 17:29:44,000	14,86	-6,29	1,3	-9,6	-79,1	0	-170,3
2026	16.09.2025 17:29:45,000	14,86	-6,29	-2,3	-8,1	-79,6	0	-171,7
2027	16.09.2025 17:29:46,000	14,86	-6,29	-2,9	-8,5	-78,6	0	-171,2
2028	16.09.2025 17:29:47,000	14,86	-6,29	0,0	-9,4	-80,6	0	-170,6
2029	16.09.2025 17:29:48,000	14,86	-6,29	0,6	-9,6	-79,8	0	-170,3
2030	16.09.2025 17:29:49,000	14,86	-6,29	-1,3	-10,6	-78,2	0	-169,3
2031	16.09.2025 17:29:50,000	14,86	-6,29	0,1	-10,0	-79,9	0	-170,0
2032	16.09.2025 17:29:51,000	14,86	-6,29	1,1	-8,8	-80,1	0	-171,1
2033	16.09.2025 17:29:52,000	14,86	-6,29	-3,0	-9,4	-77,6	0	-170,3
2034	16.09.2025 17:29:53,000	14,86	-6,29	-3,4	-8,8	-77,8	0	-170,9
2035	16.09.2025 17:29:54,000	14,86	-6,29	2,4	-8,4	-79,2	0	-171,4
2036	16.09.2025 17:29:55,000	14,86	-6,29	0,9	-11,2	-77,9	0	-168,7
2037	16.09.2025 17:29:56,000	14,86	-6,29	-4,9	-9,8	-75,3	1	-169,7
2038	16.09.2025 17:29:57,000	14,86	-6,29	-1,2	-8,0	-80,9	0	-171,9
2039	16.09.2025 17:29:58,000	14,86	-6,29	1,5	-9,0	-79,5	0	-170,9
2040	16.09.2025 17:29:59,000	14,86	-6,29	-0,2	-9,7	-80,1	0	-170,2
2041	16.09.2025 17:30:00,000	14,86	-6,29	-0,9	-10,8	-78,3	0	-169,1
2042	16.09.2025 17:30:01,000	14,86	-6,29	-1,2	-9,8	-79,0	0	-170,1
2043	16.09.2025 17:30:02,000	14,86	-6,29	0,1	-8,6	-81,3	0	-171,4
2044	16.09.2025 17:30:03,000	14,86	-6,29	0,4	-8,9	-80,7	0	-171,1
2045	16.09.2025 17:30:04,000	14,86	-6,29	-0,3	-11,2	-78,5	0	-168,8
2046	16.09.2025 17:30:05,000	14,86	-6,29	0,0	-10,5	-79,4	0	-169,5
2047	16.09.2025 17:30:06,000	14,86	-6,29	-1,1	-7,9	-81,0	0	-172,0
2048	16.09.2025 17:30:07,000	14,86	-6,29	-0,8	-9,0	-80,2	0	-170,9
2049	16.09.2025 17:30:08,000	14,86	-6,29	-0,2	-11,1	-78,7	0	-168,9
2050	16.09.2025 17:30:09,000	14,86	-6,29	1,0	-10,1	-78,9	0	-169,8
2051	16.09.2025 17:30:10,000	14,86	-6,29	-0,8	-8,1	-81,2	0	-171,9
2052	16.09.2025 17:30:11,000	14,86	-6,29	-2,3	-9,7	-78,0	0	-170,1
2053	16.09.2025 17:30:12,000	14,86	-6,29	0,3	-10,5	-79,2	0	-169,5
2054	16.09.2025 17:30:13,000	14,89	-6,29	1,8	-9,0	-79,2	0	-170,8
2055	16.09.2025 17:30:14,000	14,86	-6,29	-0,6	-9,9	-79,5	0	-170,1
2056	16.09.2025 17:30:15,000	14,89	-6,29	-2,4	-10,2	-77,4	0	-169,6
2057	16.09.2025 17:30:16,000	14,89	-6,29	-0,7	-8,4	-80,9	0	-171,5
2058	16.09.2025 17:30:17,000	14,89	-6,29	2,0	-9,1	-78,8	0	-170,7
2059	16.09.2025 17:30:18,000	14,89	-6,29	0,2	-11,2	-78,6	0	-168,8
2060	16.09.2025 17:30:19,000	14,89	-6,29	-2,4	-10,0	-77,7	0	-169,8
2061	16.09.2025 17:30:20,000	14,89	-6,29	-0,2	-8,9	-81,0	0	-171,1
2062	16.09.2025 17:30:21,000	14,89	-6,29	2,5	-9,1	-78,4	0	-170,7
2063	16.09.2025 17:30:22,000	14,89	-6,29	-1,0	-10,7	-78,3	0	-169,2
2064	16.09.2025 17:30:23,000	14,89	-6,29	-3,9	-9,6	-76,5	0	-170,1
2065	16.09.2025 17:30:24,000	14,89	-6,29	-0,5	-8,7	-80,8	0	-171,3
2066	16.09.2025 17:30:25,000	14,89	-6,29	2,2	-8,9	-78,9	0	-170,9
2067	16.09.2025 17:30:26,000	14,89	-6,29	-0,3	-9,5	-80,3	0	-170,5
2068	16.09.2025 17:30:27,000	14,89	-6,29	-3,5	-11,2	-75,3	0	-168,4
2069	16.09.2025 17:30:28,000	14,89	-6,29	0,1	-9,7	-80,2	0	-170,3
2070	16.09.2025 17:30:29,000	14,89	-6,29	2,3	-8,1	-79,6	0	-171,7
2071	16.09.2025 17:30:30,000	14,89	-6,29	-1,8	-9,8	-78,4	0	-170,0
2072	16.09.2025 17:30:31,000	14,89	-6,29	-2,6	-10,2	-77,2	0	-169,5
2073	16.09.2025 17:30:32,000	14,89	-6,29	2,0	-9,3	-78,7	0	-170,5
2074	16.09.2025 17:30:33,000	14,89	-6,29	1,0	-10,0	-79,0	0	-169,9
2075	16.09.2025 17:30:34,000	14,89	-6,29	-2,8	-10,7	-76,4	0	-169,0
2076	16.09.2025 17:30:35,000	14,89	-6,29	-0,9	-8,5	-80,7	0	-171,5
2077	16.09.2025 17:30:36,000	14,89	-6,29	1,0	-8,0	-81,1	0	-172,0
2078	16.09.2025 17:30:37,000	14,89	-6,29	0,8	-11,3	-77,9	0	-168,6
2079	16.09.2025 17:30:38,000	14,89	-6,29	-2,0	-11,4	-76,6	0	-168,4
2080	16.09.2025 17:30:39,000	14,89	-6,29	0,0	-8,7	-81,3	0	-171,3
2081	16.09.2025 17:30:40,000	14,89	-6,29	1,5	-7,9	-80,5	0	-171,9
2082	16.09.2025 17:30:41,000	14,89	-6,29	-1,6	-10,3	-78,1	0	-169,5
2083	16.09.2025 17:30:42,000	14,89	-6,29	-2,6	-11,1	-76,3	0	-168,6
2084	16.09.2025 17:30:43,000	14,89	-6,29	1,9	-8,6	-79,5	0	-171,2
2085	16.09.2025 17:30:44,000	14,89	-6,29	2,3	-8,6	-79,1	0	-171,2
2086	16.09.2025 17:30:45,000	14,89	-6,29	-3,8	-11,0	-75,2	0	-168,6
2087	16.09.2025 17:30:46,000	14,89	-6,29	-3,4	-9,6	-77,0	0	-170,0
2088	16.09.2025 17:30:47,000	14,89	-6,29	2,2	-8,0	-79,8	0	-171,8
2089	16.09.2025 17:30:48,000	14,89	-6,29	0,9	-10,1	-78,9	0	-169,8
2090	16.09.2025 17:30:49,000	14,89	-6,29	-0,8	-11,1	-78,1	0	-168,8
2091	16.09.2025 17:30:50,000	14,89	-6,29	-1,2	-9,5	-79,3	0	-170,4
2092	16.09.2025 17:30:51,000	14,89	-6,29	0,0	-9,3	-80,7	0	-170,7
2093	16.09.2025 17:30:52,000	14,89	-6,29	0,7	-9,7	-79,7	0	-170,3
2094	16.09.2025 17:30:53,000	14,89	-6,29	-1,0	-9,6	-79,4	0	-170,3
2095	16.09.2025 17:30:54,000	14,89	-6,29	0,0	-9,6	-80,4	0	-170,4
2096	16.09.2025 17:30:55,000	14,89	-6,29	-0,1	-10,2	-79,7	0	-169,8
2097	16.09.2025 17:30:56,000	14,89	-6,29	-0,3	-10,9	-78,8	0	-169,1
2098	16.09.2025 17:30:57,000	14,89	-6,29	0,2	-9,0	-80,8	0	-171,0
2099	16.09.2025 17:30:58,000	14,89	-6,29	1,3	-9,6	-79,2	0	-170,3
2100	16.09.2025 17:30:59,000	14,89	-6,29	-0,3	-10,9	-78,8	0	-169,1
2101	16.09.2025 17:31:00,000	14,89	-6,29	-1,4	-9,8	-78,7	0	-170,0
2102	16.09.2025 17:31:01,000	14,89	-6,29	-0,8	-9,0	-80,1	0	-170,9
2103	16.09.2025 17:31:02,000	14,89	-6,29	0,8	-9,2	-80,0	0	-170,7
2104	16.09.2025 17:31:03,000	14,89	-6,29	1,1	-9,8	-79,1	0	-170,1
2105	16.09.2025 17:31:04,000	14,89	-6,29	-0,9	-10,5	-78,6	0	-169,4
2106	16.09.2025 17:31:05,000	14,89	-6,29	-1,9	-10,4	-77,7	0	-169,4
2107	16.09.2025 17:31:06,000	14,89	-6,29	0,8	-9,9	-79,3	0	-170,0
2108	16.09.2025 17:31:07,000	14,89	-6,29	2,3	-8,6	-79,1	0	-171,2
2109	16.09.2025 17:31:08,000	14,92	-6,29	-0,4	-9,7	-79,9	0	-170,3
2110	16.09.2025 17:31:09,000	14,89	-6,29	-1,2	-11,9	-77,0	0	-168,0
2111	16.09.2025 17:31:10,000	14,89	-6,29	0,4	-10,2	-79,5	0	-169,8
2112	16.09.2025 17:31:11,000	14,92	-6,29	0,5	-7,5	-82,0	0	-172,5
2113	16.09.2025 17:31:12,000	14,92	-6,29	-0,3	-9,5	-80,2	0	-170,4
2114	16.09.2025 17:31:13,000	14,92	-6,29	-0,6	-11,2	-78,2	0	-168,8
2115	16.09.2025 17:31:14,000	14,92	-6,29	0,3	-10,5	-79,2	0	-169,4
2116	16.09.2025 17:31:15,000	14,92	-6,29	0,2	-9,1	-80,8	0	-170,9
2117	16.09.2025 17:31:16,000	14,92	-6,29	-0,2	-9,4	-80,4	0	-170,6
2118	16.09.2025 17:31:17,000	14,92	-6,29	0,2	-10,5	-79,3	0	-169,5
2119	16.09.2025 17:31:18,000	14,92	-6,29	0,7	-10,8	-78,5	0	-169,2
2120	16.09.2025 17:31:19,000	14,92	-6,29	-0,5	-10,3	-79,3	0	-169,7
2121	16.09.2025 17:31:20,000	14,92	-6,29	-0,6	-8,1	-81,3	0	-171,8
2122	16.09.2025 17:31:21,000	14,92	-6,29	0,9	-10,0	-79,1	0	-169,9
2123	16.09.2025 17:31:22,000	14,92	-6,29	-0,8	-11,6	-77,6	0	-168,3
2124	16.09.2025 17:31:23,000	14,92	-6,29	-0,6	-9,0	-80,4	0	-170,9
2125	16.09.2025 17:31:24,000	14,92	-6,29	1,1	-8,3	-80,6	0	-171,6
2126	16.09.2025 17:31:25,000	14,92	-6,29	-1,3	-10,2	-78,5	0	-169,6
2127	16.09.2025 17:31:26,000	14,92	-6,29	-1,0	-10,8	-78,2	0	-169,1
2128	16.09.2025 17:31:27,000	14,92	-6,29	0,8	-9,0	-80,2	0	-170,9
2129	16.09.2025 17:31:28,000	14,92	-6,29	1,5	-9,2	-79,3	0	-170,6
2130	16.09.2025 17:31:29,000	14,92	-6,29	-1,2	-9,8	-79,0	0	-170,0
2131	16.09.2025 17:31:30,000	14,92	-6,29	-4,1	-9,5	-76,5	0	-170,1
2132	16.09.2025 17:31:31,000	14,92	-6,29	0,3	-8,9	-80,8	0	-171,1
2133	16.09.2025 17:31:32,000	14,92	-6,29	2,7	-10,3	-77,0	0	-169,5
2134	16.09.2025 17:31:33,000	14,92	-6,29	0,5	-11,3	-78,2	0	-168,6
2135	16.09.2025 17:31:34,000	14,92	-6,29	-1,9	-9,3	-78,9	0	-170,6
2136	16.09.2025 17:31:35,000	14,92	-6,29	-1,1	-9,2	-79,7	0	-170,7
2137	16.09.2025 17:31:36,000	14,92	-6,29	0,7	-8,7	-80,6	0	-171,2
2138	16.09.2025 17:31:37,000	14,92	-6,29	0,2	-10,2	-79,7	0	-169,8
2139	16.09.2025 17:31:38,000	14,92	-6,29	-0,5	-10,3	-79,2	0	-169,6
2140	16.09.2025 17:31:39,000	14,92	-6,29	-0,4	-9,4	-80,2	0	-170,6
2141	16.09.2025 17:31:40,000	14,92	-6,29	-1,4	-9,1	-79,5	0	-170,7
2142	16.09.2025 17:31:41,000	14,92	-6,29	0,2	-9,3	-80,5	0	-170,6
2143	16.09.2025 17:31:42,000	14,92	-6,29	0,2	-9,6	-80,2	0	-170,4
2144	16.09.2025 17:31:43,000	14,92	-6,29	-0,2	-10,7	-79,1	0	-169,3
2145	16.09.2025 17:31:44,000	14,92	-6,29	0,6	-10,3	-79,1	0	-169,6
2146	16.09.2025 17:31:45,000	14,92	-6,29	0,6	-10,1	-79,3	0	-169,8
2147	16.09.2025 17:31:46,000	14,92	-6,29	-0,9	-9,1	-80,0	0	-170,9
2148	16.09.2025 17:31:47,000	14,92	-6,29	-1,4	-8,9	-79,8	0	-171,0
2149	16.09.2025 17:31:48,000	14,92	-6,29	-0,6	-9,3	-80,1	0	-170,6
2150	16.09.2025 17:31:49,000	14,92	-6,29	1,3	-10,5	-78,2	0	-169,4
2151	16.09.2025 17:31:50,000	14,95	-6,29	0,1	-10,0	-79,9	0	-170,0
2152	16.09.2025 17:31:51,000	14,95	-6,29	-1,0	-9,8	-79,1	0	-170,0
2153	16.09.2025 17:31:52,000	14,95	-6,29	0,3	-9,6	-80,1	0	-170,4
2154	16.09.2025 17:31:53,000	14,95	-6,29	0,3	-9,5	-80,2	0	-170,5
2155	16.09.2025 17:31:54,000	14,95	-6,29	-0,3	-9,5	-80,2	0	-170,5
2156	16.09.2025 17:31:55,000	14,95	-6,29	0,3	-10,7	-79,0	0	-169,3
2157	16.09.2025 17:31:56,000	14,95	-6,29	-0,5	-10,8	-78,8	0	-169,2
2158	16.09.2025 17:31:57,000	14,95	-6,29	0,6	-8,4	-81,0	0	-171,6
2159	16.09.2025 17:31:58,000	14,95	-6,29	0,5	-9,5	-80,0	0	-170,5
2160	16.09.2025 17:31:59,000	14,95	-6,29	-1,8	-10,4	-77,8	0	-169,4
2161	16.09.2025 17:32:00,000	14,95	-6,29	-0,8	-9,6	-79,6	0	-170,3
2162	16.09.2025 17:32:01,000	14,95	-6,29	1,9	-9,5	-78,6	0	-170,3
2163	16.09.2025 17:32:02,000	14,95	-6,29	-0,1	-9,9	-80,0	0	-170,1
2164	16.09.2025 17:32:03,000	14,95	-6,29	-1,9	-10,0	-78,0	0	-169,8
2165	16.09.2025 17:32:04,000	14,95	-6,29	1,1	-10,0	-79,0	0	-169,9
2166	16.09.2025 17:32:05,000	14,95	-6,29	0,7	-9,5	-79,8	0	-170,4
2167	16.09.2025 17:32:06,000	14,95	-6,29	-1,2	-9,7	-79,1	0	-170,2
2168	16.09.2025 17:32:07,000	14,95	-6,29	-1,8	-9,4	-78,8	0	-170,4
2169	16.09.2025 17:32:08,000	14,95	-6,29	0,9	-8,6	-80,4	0	-171,3
2170	16.09.2025 17:32:09,000	14,95	-6,29	0,6	-10,4	-79,0	0	-169,5
2171	16.09.2025 17:32:10,000	14,95	-6,29	-1,5	-10,7	-77,8	0	-169,1
2172	16.09.2025 17:32:11,000	14,95	-6,29	0,2	-8,8	-81,0	0	-171,2
2173	16.09.2025 17:32:12,000	14,95	-6,29	0,7	-9,2	-80,1	0	-170,8
2174	16.09.2025 17:32:13,000	14,95	-6,29	-1,6	-10,6	-77,8	0	-169,2
2175	16.09.2025 17:32:14,000	14,95	-6,29	-1,9	-8,7	-79,4	0	-171,1
2176	16.09.2025 17:32:15,000	14,95	-6,29	0,7	-8,7	-80,6	0	-171,2
2177	16.09.2025 17:32:16,000	14,95	-6,29	1,3	-10,7	-77,9	0	-169,1
2178	16.09.2025 17:32:17,000	14,95	-6,29	-2,3	-10,1	-77,6	0	-169,6
2179	16.09.2025 17:32:18,000	14,95	-6,29	-1,0	-8,7	-80,3	0	-171,2
2180	16.09.2025 17:32:19,000	14,95	-6,29	0,6	-9,0	-80,4	0	-171,0
2181	16.09.2025 17:32:20,000	14,95	-6,29	0,9	-11,1	-78,1	0	-168,8
2182	16.09.2025 17:32:21,000	14,95	-6,29	-0,3	-10,4	-79,3	0	-169,6
2183	16.09.2025 17:32:22,000	14,95	-6,29	-0,9	-9,7	-79,5	0	-170,2
2184	16.09.2025 17:32:23,000	14,95	-6,29	-0,5	-8,4	-81,1	0	-171,6
2185	16.09.2025 17:32:24,000	14,95	-6,29	-0,8	-8,3	-80,9	0	-171,6
2186	16.09.2025 17:32:25,000	14,95	-6,29	-0,4	-11,6	-78,0	0	-168,4
2187	16.09.2025 17:32:26,000	14,95	-6,29	0,2	-10,3	-79,5	0	-169,7
2188	16.09.2025 17:32:27,000	14,95	-6,29	-0,4	-8,5	-81,1	0	-171,5
2189	16.09.2025 17:32:28,000	14,95	-6,29	0,6	-9,6	-79,8	0	-170,3
2190	16.09.2025 17:32:29,000	14,95	-6,29	0,5	-11,1	-78,4	0	-168,8
2191	16.09.2025 17:32:30,000	14,95	-6,29	-1,7	-10,1	-78,2	0	-169,7
2192	16.09.2025 17:32:31,000	14,95	-6,29	-0,6	-7,9	-81,5	0	-172,1
2193	16.09.2025 17:32:32,000	14,95	-6,29	0,7	-8,8	-80,5	0	-171,2
2194	16.09.2025 17:32:33,000	14,95	-6,29	-0,3	-12,3	-77,4	0	-167,7
2195	16.09.2025 17:32:34,000	14,95	-6,29	-0,4	-10,6	-78,9	0	-169,3
2196	16.09.2025 17:32:35,000	14,95	-6,29	0,6	-7,7	-81,8	0	-172,3
2197	16.09.2025 17:32:36,000	14,98	-6,29	0,1	-9,1	-80,8	0	-170,9
2198	16.09.2025 17:32:37,000	14,98	-6,29	-0,9	-11,9	-77,2	0	-168,0
2199	16.09.2025 17:32:38,000	14,98	-6,29	0,8	-11,5	-77,8	0	-168,4
2200	16.09.2025 17:32:39,000	14,98	-6,29	1,3	-8,2	-80,5	0	-171,7
2201	16.09.2025 17:32:40,000	14,98	-6,29	-1,2	-8,5	-80,3	0	-171,4
2202	16.09.2025 17:32:41,000	14,98	-6,29	-1,0	-10,6	-78,4	0	-169,3
2203	16.09.2025 17:32:42,000	14,98	-6,29	0,6	-10,1	-79,3	0	-169,8
2204	16.09.2025 17:32:43,000	14,98	-6,29	0,8	-10,2	-79,1	0	-169,8
2205	16.09.2025 17:32:44,000	14,98	-6,29	-0,6	-10,5	-78,9	0	-169,4
2206	16.09.2025 17:32:45,000	14,98	-6,29	0,4	-9,8	-79,8	0	-170,2
2207	16.09.2025 17:32:46,000	14,98	-6,29	0,8	-9,0	-80,3	0	-171,0
2208	16.09.2025 17:32:47,000	14,98	-6,29	-0,4	-9,7	-79,9	0	-170,3
2209	16.09.2025 17:32:48,000	14,98	-6,29	-1,4	-11,2	-77,4	0	-168,6
2210	16.09.2025 17:32:49,000	14,98	-6,29	0,2	-10,1	-79,8	0	-169,9
2211	16.09.2025 17:32:50,000	14,98	-6,29	1,9	-9,1	-79,0	0	-170,7
2212	16.09.2025 17:32:51,000	14,98	-6,29	1,3	-9,8	-78,9	0	-170,0
2213	16.09.2025 17:32:52,000	14,98	-6,29	-2,6	-10,0	-77,4	0	-169,8
2214	16.09.2025 17:32:53,000	14,98	-6,29	-1,7	-10,1	-78,2	0	-169,7
2215	16.09.2025 17:32:54,000	14,98	-6,29	1,5	-9,6	-78,9	0	-170,3
2216	16.09.2025 17:32:55,000	14,98	-6,29	1,9	-9,6	-78,4	0	-170,2
2217	16.09.2025 17:32:56,000	14,98	-6,29	-1,2	-9,8	-78,9	0	-170,0
2218	16.09.2025 17:32:57,000	14,98	-6,29	-2,1	-10,1	-77,8	0	-169,7
2219	16.09.2025 17:32:58,000	14,98	-6,29	0,7	-9,4	-79,8	0	-170,5
2220	16.09.2025 17:32:59,000	14,98	-6,29	2,6	-10,0	-77,4	0	-169,8
2221	16.09.2025 17:33:00,000	14,98	-6,29	-1,5	-10,9	-77,7	0	-168,9
2222	16.09.2025 17:33:01,000	14,98	-6,29	-1,5	-9,7	-78,8	0	-170,2
2223	16.09.2025 17:33:02,000	14,98	-6,29	0,6	-8,4	-81,0	0	-171,6
2224	16.09.2025 17:33:03,000	14,98	-6,29	0,2	-9,4	-80,5	0	-170,6
2225	16.09.2025 17:33:04,000	14,98	-6,29	-0,8	-10,7	-78,5	0	-169,2
2226	16.09.2025 17:33:05,000	14,98	-6,29	0,3	-11,0	-78,7	0	-169,0
2227	16.09.2025 17:33:06,000	14,98	-6,29	0,8	-9,2	-79,9	0	-170,7
2228	16.09.2025 17:33:07,000	14,98	-6,29	-1,3	-8,9	-79,8	0	-171,0
2229	16.09.2025 17:33:08,000	14,98	-6,29	0,1	-10,7	-79,2	0	-169,2
2230	16.09.2025 17:33:09,000	14,98	-6,29	2,9	-9,8	-77,3	0	-169,9
2231	16.09.2025 17:33:10,000	14,98	-6,29	-1,6	-9,6	-78,8	0	-170,2
2232	16.09.2025 17:33:11,000	14,98	-6,29	-3,7	-11,6	-74,6	0	-167,9
2233	16.09.2025 17:33:12,000	14,98	-6,29	1,8	-8,2	-79,9	0	-171,6
2234	16.09.2025 17:33:13,000	14,98	-6,29	3,1	-7,1	-79,8	0	-172,7
2235	16.09.2025 17:33:14,000	14,98	-6,29	-2,9	-11,6	-75,5	0	-168,0
2236	16.09.2025 17:33:15,000	14,98	-6,29	-5,7	-11,5	-72,8	0	-167,9
2237	16.09.2025 17:33:16,000	14,98	-6,29	1,8	-7,2	-81,0	0	-172,7
2238	16.09.2025 17:33:17,000	14,98	-6,29	3,4	-6,8	-79,8	0	-173,0
2239	16.09.2025 17:33:18,000	14,98	-6,29	-1,6	-12,1	-76,3	0	-167,7
2240	16.09.2025 17:33:19,000	14,98	-6,29	-1,8	-13,2	-75,0	0	-166,6
2241	16.09.2025 17:33:20,000	14,98	-6,29	0,7	-8,4	-81,0	0	-171,6
2242	16.09.2025 17:33:21,000	14,98	-6,29	0,7	-7,1	-82,2	0	-172,8
2243	16.09.2025 17:33:22,000	15,01	-6,29	1,3	-11,1	-77,7	0	-168,8
2244	16.09.2025 17:33:23,000	15,01	-6,29	-1,6	-12,3	-76,2	0	-167,5
2245	16.09.2025 17:33:24,000	14,98	-6,29	-2,5	-8,1	-79,4	0	-171,7
2246	16.09.2025 17:33:25,000	15,01	-6,29	0,8	-7,0	-82,2	0	-172,9
2247	16.09.2025 17:33:26,000	15,01	-6,29	1,3	-11,2	-77,5	0	-168,7
2248	16.09.2025 17:33:27,000	15,01	-6,29	-0,3	-12,7	-77,0	0	-167,2
2249	16.09.2025 17:33:28,000	15,01	-6,29	-2,4	-8,2	-79,4	0	-171,6
2250	16.09.2025 17:33:29,000	15,01	-6,29	0,2	-7,4	-82,4	0	-172,6
2251	16.09.2025 17:33:30,000	15,01	-6,29	1,1	-10,0	-79,0	0	-169,9
2252	16.09.2025 17:33:31,000	15,01	-6,29	-0,7	-12,3	-77,1	0	-167,7
2253	16.09.2025 17:33:32,000	15,01	-6,29	-0,7	-10,1	-79,2	0	-169,8
2254	16.09.2025 17:33:33,000	15,01	-6,29	0,4	-8,2	-81,4	0	-171,8
2255	16.09.2025 17:33:34,000	15,01	-6,29	-1,0	-9,0	-80,1	0	-170,9
2256	16.09.2025 17:33:35,000	15,01	-6,29	0,8	-10,9	-78,3	0	-169,0
2257	16.09.2025 17:33:36,000	15,01	-6,29	1,0	-11,2	-77,8	0	-168,6
2258	16.09.2025 17:33:37,000	15,01	-6,29	-1,3	-9,1	-79,6	0	-170,8
2259	16.09.2025 17:33:38,000	15,01	-6,29	-0,3	-8,9	-80,8	0	-171,0
2260	16.09.2025 17:33:39,000	15,01	-6,29	1,2	-10,7	-78,1	0	-169,1
2261	16.09.2025 17:33:40,000	15,01	-6,29	-1,2	-9,8	-79,1	0	-170,1
2262	16.09.2025 17:33:41,000	15,01	-6,29	-0,1	-8,8	-81,1	0	-171,2
2263	16.09.2025 17:33:42,000	15,01	-6,29	1,1	-10,0	-79,0	0	-169,9
2264	16.09.2025 17:33:43,000	15,01	-6,29	-0,7	-11,8	-77,5	0	-168,1
2265	16.09.2025 17:33:44,000	15,01	-6,29	-0,5	-9,2	-80,3	0	-170,8
2266	16.09.2025 17:33:45,000	15,01	-6,29	0,2	-8,0	-81,8	0	-172,0
2267	16.09.2025 17:33:46,000	15,01	-6,29	0,0	-10,1	-79,9	0	-169,9
2268	16.09.2025 17:33:47,000	15,01	-6,29	-0,4	-11,5	-78,1	0	-168,4
2269	16.09.2025 17:33:48,000	15,01	-6,29	-0,4	-9,6	-80,0	0	-170,4
2270	16.09.2025 17:33:49,000	15,01	-6,29	0,5	-8,3	-81,1	0	-171,6
2271	16.09.2025 17:33:50,000	15,01	-6,29	0,2	-10,4	-79,4	0	-169,6
2272	16.09.2025 17:33:51,000	15,01	-6,29	-1,0	-11,2	-77,8	0	-168,7
2273	16.09.2025 17:33:52,000	15,01	-6,29	-0,8	-8,2	-81,0	0	-171,8
2274	16.09.2025 17:33:53,000	15,01	-6,29	0,2	-8,4	-81,4	0	-171,6
2275	16.09.2025 17:33:54,000	15,01	-6,29	-0,1	-11,5	-78,4	0	-168,5
2276	16.09.2025 17:33:55,000	15,01	-6,29	0,0	-10,6	-79,3	0	-169,3
2277	16.09.2025 17:33:56,000	15,01	-6,29	1,0	-8,3	-80,7	0	-171,6
2278	16.09.2025 17:33:57,000	15,01	-6,29	-1,5	-9,8	-78,7	0	-170,0
2279	16.09.2025 17:33:58,000	15,01	-6,29	-1,0	-10,0	-79,0	0	-169,9
2280	16.09.2025 17:33:59,000	15,01	-6,29	2,1	-9,6	-78,3	0	-170,2
2281	16.09.2025 17:34:00,000	15,01	-6,29	0,1	-9,9	-79,9	0	-170,0
2282	16.09.2025 17:34:01,000	15,01	-6,29	-3,2	-9,3	-77,5	0	-170,4
2283	16.09.2025 17:34:02,000	15,01	-6,29	0,0	-9,7	-80,3	0	-170,3
2284	16.09.2025 17:34:03,000	15,01	-6,29	2,2	-9,8	-78,1	0	-170,0
2285	16.09.2025 17:34:04,000	15,01	-6,29	0,5	-10,4	-79,1	0	-169,6
2286	16.09.2025 17:34:05,000	15,01	-6,29	-1,8	-10,2	-78,0	0	-169,6
2287	16.09.2025 17:34:06,000	15,01	-6,29	-1,4	-9,0	-79,7	0	-170,9
2288	16.09.2025 17:34:07,000	15,01	-6,29	0,2	-8,6	-81,2	0	-171,4
2289	16.09.2025 17:34:08,000	15,01	-6,29	1,9	-10,2	-77,9	0	-169,6
2290	16.09.2025 17:34:09,000	15,01	-6,29	-0,3	-11,7	-78,0	0	-168,3
2291	16.09.2025 17:34:10,000	15,01	-6,29	-3,6	-9,4	-77,1	0	-170,3
2292	16.09.2025 17:34:11,000	15,01	-6,29	1,4	-7,6	-81,0	0	-172,3
2293	16.09.2025 17:34:12,000	15,01	-6,29	2,2	-10,4	-77,4	0	-169,4
2294	16.09.2025 17:34:13,000	15,01	-6,29	-2,9	-11,6	-75,5	0	-168,0
2295	16.09.2025 17:34:14,000	15,01	-6,29	-1,2	-8,7	-80,0	0	-171,2
2296	16.09.2025 17:34:15,000	15,01	-6,29	1,7	-8,5	-79,8	0	-171,4
2297	16.09.2025 17:34:16,000	15,01	-6,29	-0,6	-9,8	-79,6	0	-170,1
2298	16.09.2025 17:34:17,000	15,01	-6,29	-1,3	-10,2	-78,5	0	-169,7
2299	16.09.2025 17:34:18,000	15,01	-6,29	1,2	-10,3	-78,6	0	-169,6
2300	16.09.2025 17:34:19,000	15,01	-6,29	0,4	-10,5	-79,1	0	-169,5
2301	16.09.2025 17:34:20,000	15,01	-6,29	-1,4	-9,0	-79,6	0	-170,9
2302	16.09.2025 17:34:21,000	15,01	-6,29	0,3	-8,8	-80,9	0	-171,2
2303	16.09.2025 17:34:22,000	15,01	-6,29	0,8	-10,4	-78,8	0	-169,5
2304	16.09.2025 17:34:23,000	15,01	-6,29	0,1	-11,6	-78,3	0	-168,4
2305	16.09.2025 17:34:24,000	15,01	-6,29	0,1	-10,0	-79,9	0	-170,0
2306	16.09.2025 17:34:25,000	15,05	-6,29	-0,2	-8,0	-81,9	0	-172,0
2307	16.09.2025 17:34:26,000	15,01	-6,29	-1,3	-9,1	-79,6	0	-170,8
2308	16.09.2025 17:34:27,000	15,05	-6,29	-0,8	-11,2	-78,0	0	-168,7
2309	16.09.2025 17:34:28,000	15,05	-6,29	1,5	-9,7	-78,8	0	-170,2
2310	16.09.2025 17:34:29,000	15,01	-6,29	1,7	-9,8	-78,4	0	-170,0
2311	16.09.2025 17:34:30,000	15,05	-6,29	-0,4	-11,3	-78,3	0	-168,7
2312	16.09.2025 17:34:31,000	15,05	-6,29	-1,6	-9,4	-79,0	0	-170,4
2313	16.09.2025 17:34:32,000	15,05	-6,29	-0,3	-8,4	-81,3	0	-171,6
2314	16.09.2025 17:34:33,000	15,05	-6,29	1,7	-10,0	-78,3	0	-169,8
2315	16.09.2025 17:34:34,000	15,05	-6,29	-0,1	-11,7	-78,2	0	-168,3
2316	16.09.2025 17:34:35,000	15,05	-6,29	-1,2	-9,3	-79,4	0	-170,5
2317	16.09.2025 17:34:36,000	15,05	-6,29	-0,1	-9,3	-80,6	0	-170,7
2318	16.09.2025 17:34:37,000	15,05	-6,29	0,7	-9,8	-79,5	0	-170,1
2319	16.09.2025 17:34:38,000	15,05	-6,29	0,5	-10,2	-79,3	0	-169,7
2320	16.09.2025 17:34:39,000	15,05	-6,29	0,0	-10,4	-79,6	0	-169,6
2321	16.09.2025 17:34:40,000	15,05	-6,29	-1,6	-10,4	-78,0	0	-169,4
2322	16.09.2025 17:34:41,000	15,05	-6,29	0,5	-9,4	-80,0	0	-170,5
2323	16.09.2025 17:34:42,000	15,05	-6,29	2,1	-8,5	-79,4	0	-171,3
2324	16.09.2025 17:34:43,000	15,05	-6,29	0,2	-10,7	-79,1	0	-169,3
2325	16.09.2025 17:34:44,000	15,05	-6,29	-3,1	-11,2	-75,6	0	-168,4
2326	16.09.2025 17:34:45,000	15,05	-6,29	0,1	-9,5	-80,5	0	-170,5
2327	16.09.2025 17:34:46,000	15,05	-6,29	2,9	-8,3	-78,9	0	-171,5
2328	16.09.2025 17:34:47,000	15,05	-6,29	1,0	-10,0	-79,1	0	-169,9
2329	16.09.2025 17:34:48,000	15,05	-6,29	-3,7	-11,1	-75,2	0	-168,4
2330	16.09.2025 17:34:49,000	15,05	-6,29	-1,4	-9,8	-78,8	0	-170,1
2331	16.09.2025 17:34:50,000	15,05	-6,29	2,5	-8,5	-79,0	0	-171,3
2332	16.09.2025 17:34:51,000	15,05	-6,29	2,3	-9,8	-77,8	0	-169,9
2333	16.09.2025 17:34:52,000	15,05	-6,29	-2,3	-10,2	-77,5	0	-169,6
2334	16.09.2025 17:34:53,000	15,05	-6,29	-2,1	-10,6	-77,3	0	-169,1
2335	16.09.2025 17:34:54,000	15,05	-6,29	1,4	-10,0	-78,6	0	-169,9
2336	16.09.2025 17:34:55,000	15,05	-6,29	1,7	-8,2	-80,1	0	-171,7
2337	16.09.2025 17:34:56,000	15,05	-6,29	-0,6	-10,0	-79,3	0	-169,9
2338	16.09.2025 17:34:57,000	15,05	-6,29	-1,7	-11,6	-76,8	0	-168,2
2339	16.09.2025 17:34:58,000	15,05	-6,29	0,1	-8,9	-81,0	0	-171,1
2340	16.09.2025 17:34:59,000	15,05	-6,29	0,5	-8,3	-81,2	0	-171,7
2341	16.09.2025 17:35:00,000	15,05	-6,29	0,9	-11,1	-78,0	0	-168,7
2342	16.09.2025 17:35:01,000	15,05	-6,29	-1,2	-10,6	-78,2	0	-169,3
2343	16.09.2025 17:35:02,000	15,05	-6,29	-1,2	-8,3	-80,5	0	-171,6
2344	16.09.2025 17:35:03,000	15,05	-6,29	1,8	-9,5	-78,8	0	-170,4
2345	16.09.2025 17:35:04,000	15,05	-6,29	1,2	-11,8	-77,0	0	-168,1
2346	16.09.2025 17:35:05,000	15,05	-6,29	-1,8	-10,4	-77,7	0	-169,4
2347	16.09.2025 17:35:06,000	15,05	-6,29	-2,0	-7,6	-80,4	0	-172,3
2348	16.09.2025 17:35:07,000	15,05	-6,29	1,9	-8,1	-80,0	0	-171,8
2349	16.09.2025 17:35:08,000	15,05	-6,29	1,1	-11,6	-77,3	0	-168,2
2350	16.09.2025 17:35:09,000	15,05	-6,29	-4,4	-10,8	-74,8	0	-168,7
2351	16.09.2025 17:35:10,000	15,05	-6,29	-1,6	-7,7	-80,7	0	-172,1
2352	16.09.2025 17:35:11,000	15,05	-6,29	1,9	-7,5	-80,5	0	-172,3
2353	16.09.2025 17:35:12,000	15,05	-6,29	0,4	-11,4	-78,2	0	-168,6
2354	16.09.2025 17:35:13,000	15,05	-6,29	-1,0	-11,9	-77,1	0	-168,0
2355	16.09.2025 17:35:14,000	15,05	-6,29	0,0	-7,4	-82,6	0	-172,6
2356	16.09.2025 17:35:15,000	15,05	-6,29	1,9	-5,7	-82,4	0	-174,2
2357	16.09.2025 17:35:16,000	15,05	-6,29	1,5	-8,4	-80,0	0	-171,5
2358	16.09.2025 17:35:17,000	15,05	-6,29	-0,7	-7,8	-81,4	0	-172,1
2359	16.09.2025 17:35:18,000	15,05	-6,29	-0,2	-6,5	-83,4	0	-173,5
2360	16.09.2025 17:35:19,000	15,05	-6,29	1,9	-7,6	-80,5	0	-172,3
2361	16.09.2025 17:35:20,000	15,05	-6,29	1,5	-9,7	-78,8	0	-170,2
2362	16.09.2025 17:35:21,000	15,05	-6,29	2,2	-8,8	-79,0	0	-171,0
2363	16.09.2025 17:35:22,000	15,05	-6,29	1,8	-8,7	-79,5	0	-171,1
2364	16.09.2025 17:35:23,000	15,05	-6,29	-0,9	-7,1	-82,0	0	-172,8
2365	16.09.2025 17:35:24,000	15,05	-6,29	-5,0	-4,7	-80,3	0	-175,2
2366	16.09.2025 17:35:25,000	15,05	-6,29	-2,3	-5,2	-82,5	0	-174,7
2367	16.09.2025 17:35:26,000	15,05	-6,29	-1,3	-7,5	-81,2	0	-172,4
2368	16.09.2025 17:35:27,000	15,05	-6,29	-5,7	-6,6	-77,7	0	-173,1
2369	16.09.2025 17:35:28,000	15,05	-6,29	-5,6	-2,9	-81,5	0	-177,0
2370	16.09.2025 17:35:29,000	15,08	-6,29	-7,3	-5,3	-77,4	0	-174,5
2371	16.09.2025 17:35:30,000	15,05	-6,29	-5,4	-7,6	-77,1	0	-172,1
2372	16.09.2025 17:35:31,000	15,05	-6,29	-1,0	-5,6	-83,4	0	-174,3
2373	16.09.2025 17:35:32,000	15,05	-6,29	-4,4	-8,6	-77,1	0	-171,1
2374	16.09.2025 17:35:33,000	15,05	-6,29	-5,6	-6,8	-77,6	0	-172,9
2375	16.09.2025 17:35:34,000	15,05	-6,29	-5,0	-7,7	-77,4	0	-172,0
2376	16.09.2025 17:35:35,000	15,05	-6,29	-5,8	-4,6	-79,7	0	-175,2
2377	16.09.2025 17:35:36,000	15,05	-6,29	-6,8	-4,6	-78,6	0	-175,2
2378	16.09.2025 17:35:37,000	15,05	-6,29	-6,9	-7,2	-76,0	0	-172,4
2379	16.09.2025 17:35:38,000	15,05	-6,29	-3,1	-6,6	-80,3	0	-173,2
2380	16.09.2025 17:35:39,000	15,05	-6,29	-4,5	-7,3	-78,2	0	-172,4
2381	16.09.2025 17:35:40,000	15,08	-6,29	-6,1	-5,4	-78,5	0	-174,4
2382	16.09.2025 17:35:41,000	15,08	-6,29	-5,4	-8,7	-75,8	0	-170,8
2383	16.09.2025 17:35:42,000	15,05	-6,29	-5,8	-5,7	-78,5	0	-174,0
2384	16.09.2025 17:35:43,000	15,05	-6,29	-6,7	-3,8	-79,5	0	-176,0
2385	16.09.2025 17:35:44,000	15,05	-6,29	-5,6	-7,1	-77,2	0	-172,5
2386	16.09.2025 17:35:45,000	15,08	-6,29	-5,3	-7,9	-76,8	0	-171,7
2387	16.09.2025 17:35:46,000	15,08	-6,29	-5,7	-6,1	-78,1	0	-173,6
2388	16.09.2025 17:35:47,000	15,08	-6,29	-3,8	-4,4	-81,8	0	-175,5
2389	16.09.2025 17:35:48,000	15,08	-6,29	-8,3	-8,4	-73,3	0	-171,1
2390	16.09.2025 17:35:49,000	15,08	-6,29	-5,7	-5,6	-78,7	0	-174,2
2391	16.09.2025 17:35:50,000	15,08	-6,29	-4,7	-4,8	-80,5	0	-175,1
2392	16.09.2025 17:35:51,000	15,08	-6,29	-8,7	-7,0	-74,3	0	-172,5
2393	16.09.2025 17:35:52,000	15,08	-6,29	-4,1	-6,5	-79,5	0	-173,3
2394	16.09.2025 17:35:53,000	15,08	-6,29	-3,3	-6,0	-80,7	0	-173,8
2395	16.09.2025 17:35:54,000	15,08	-6,29	-6,3	-8,6	-75,0	0	-170,9
2396	16.09.2025 17:35:55,000	15,08	-6,29	-2,0	-7,7	-80,3	0	-172,2
2397	16.09.2025 17:35:56,000	15,08	-6,29	-1,6	-10,9	-77,5	0	-168,9
2398	16.09.2025 17:35:57,000	15,08	-6,29	-1,9	-8,7	-79,4	0	-171,1
2399	16.09.2025 17:35:58,000	15,08	-6,29	-2,4	-9,1	-78,5	0	-170,7
2400	16.09.2025 17:35:59,000	15,08	-6,29	-1,0	-10,4	-78,6	0	-169,5
2401	16.09.2025 17:36:00,000	15,08	-6,29	-4,2	-8,1	-77,7	0	-171,6
2402	16.09.2025 17:36:01,000	15,08	-6,29	-1,1	-9,8	-79,1	0	-170,1
2403	16.09.2025 17:36:02,000	15,08	-6,29	-2,3	-7,8	-80,0	0	-172,1
2404	16.09.2025 17:36:03,000	15,08	-6,29	-3,5	-11,4	-75,1	0	-168,2
2405	16.09.2025 17:36:04,000	15,08	-6,29	-2,5	-8,7	-78,7	0	-171,1
2406	16.09.2025 17:36:05,000	15,08	-6,29	0,1	-7,2	-82,7	0	-172,8
2407	16.09.2025 17:36:06,000	15,08	-6,29	-5,2	-11,2	-73,6	0	-168,3
2408	16.09.2025 17:36:07,000	15,08	-6,29	-2,6	-8,7	-78,6	0	-171,0
2409	16.09.2025 17:36:08,000	15,08	-6,29	0,7	-7,9	-81,4	0	-172,1
2410	16.09.2025 17:36:09,000	15,08	-6,29	-4,1	-10,4	-75,4	0	-169,1
2411	16.09.2025 17:36:10,000	15,08	-6,29	-2,8	-8,0	-79,3	0	-171,8
2412	16.09.2025 17:36:11,000	15,08	-6,29	-0,2	-9,8	-79,9	0	-170,1
2413	16.09.2025 17:36:12,000	15,08	-6,29	-1,0	-9,9	-79,1	0	-170,0
2414	16.09.2025 17:36:13,000	15,08	-6,29	-1,7	-9,9	-78,4	0	-169,9
2415	16.09.2025 17:36:14,000	15,08	-6,29	-2,6	-8,9	-78,6	0	-170,9
2416	16.09.2025 17:36:15,000	15,08	-6,29	-1,9	-11,5	-76,6	0	-168,3
2417	16.09.2025 17:36:16,000	15,08	-6,29	1,1	-8,3	-80,5	0	-171,6
2418	16.09.2025 17:36:17,000	15,08	-6,29	-3,8	-9,0	-77,2	0	-170,6
2419	16.09.2025 17:36:18,000	15,08	-6,29	-3,4	-11,7	-75,0	0	-167,9
2420	16.09.2025 17:36:19,000	15,08	-6,29	2,2	-8,1	-79,8	0	-171,7
2421	16.09.2025 17:36:20,000	15,11	-6,29	-1,3	-10,4	-78,3	0	-169,5
2422	16.09.2025 17:36:21,000	15,11	-6,29	-3,5	-10,9	-75,6	0	-168,7
2423	16.09.2025 17:36:22,000	15,11	-6,29	0,6	-8,3	-81,2	0	-171,7
2424	16.09.2025 17:36:23,000	15,11	-6,29	-1,5	-9,2	-79,3	0	-170,7
2425	16.09.2025 17:36:24,000	15,11	-6,29	-3,4	-11,8	-74,8	0	-167,8
2426	16.09.2025 17:36:25,000	15,11	-6,29	0,9	-8,0	-81,1	0	-171,9
2427	16.09.2025 17:36:26,000	15,11	-6,29	-1,9	-11,0	-77,1	0	-168,8
2428	16.09.2025 17:36:27,000	15,11	-6,29	-1,7	-10,6	-77,7	0	-169,2
2429	16.09.2025 17:36:28,000	15,11	-6,29	-0,4	-8,8	-80,8	0	-171,2
2430	16.09.2025 17:36:29,000	15,11	-6,29	-0,2	-8,8	-80,9	0	-171,1
2431	16.09.2025 17:36:30,000	15,11	-6,29	-4,5	-11,6	-73,9	0	-167,9
2432	16.09.2025 17:36:31,000	15,11	-6,29	0,2	-9,4	-80,5	0	-170,6
2433	16.09.2025 17:36:32,000	15,11	-6,29	1,6	-7,1	-81,4	1	-172,8
2434	16.09.2025 17:36:33,000	15,11	-6,29	-3,9	-12,9	-73,2	0	-166,6
2435	16.09.2025 17:36:34,000	15,11	-6,29	0,2	-10,3	-79,6	0	-169,7
2436	16.09.2025 17:36:35,000	15,11	-6,29	1,3	-7,8	-80,8	0	-172,0
2437	16.09.2025 17:36:36,000	15,11	-6,29	-4,5	-10,7	-74,8	0	-168,8
2438	16.09.2025 17:36:37,000	15,11	-6,29	-0,1	-11,9	-78,0	0	-168,1
2439	16.09.2025 17:36:38,000	15,11	-6,29	1,0	-8,8	-80,2	0	-171,1
2440	16.09.2025 17:36:39,000	15,11	-6,29	-1,3	-10,2	-78,5	0	-169,7
2441	16.09.2025 17:36:40,000	15,11	-6,29	-1,2	-10,0	-78,8	0	-169,8
2442	16.09.2025 17:36:41,000	15,11	-6,29	-4,8	-12,7	-72,5	0	-166,6
2443	16.09.2025 17:36:42,000	15,11	-6,29	-44,1	-10,0	-35,9	0	-163,3
2444	16.09.2025 17:36:43,000	15,11	-6,29	-49,7	-6,0	-34,3	0	-169,4
2445	16.09.2025 17:36:44,000	15,11	-6,29	-51,9	-6,3	-31,8	0	-168,2
2446	16.09.2025 17:36:45,000	15,11	-6,29	-51,2	-6,8	-32,1	0	-167,4
2447	16.09.2025 17:36:46,000	15,11	-6,29	-55,0	-3,9	-31,1	0	-172,5
2448	16.09.2025 17:36:47,000	15,11	-6,29	-52,5	-5,5	-32,0	0	-169,8
2449	16.09.2025 17:36:48,000	15,11	-6,29	-57,0	-4,3	-28,7	0	-171,2
2450	16.09.2025 17:36:49,000	15,11	-6,29	-13,9	-70,7	5,4	0	-84,1
2451	16.09.2025 17:36:50,000	15,11	-6,29	-19,9	-70,0	0,1	0	-89,9
2452	16.09.2025 17:36:51,000	15,11	-6,29	-17,9	-70,5	1,6	0	-88,3
2453	16.09.2025 17:36:52,000	15,11	-6,29	-14,8	-73,8	1,4	0	-88,6
2454	16.09.2025 17:36:53,000	15,14	-6,29	-17,1	-72,5	0,4	0	-89,6
2455	16.09.2025 17:36:54,000	15,14	-6,29	-20,3	-68,8	1,0	0	-88,9
2456	16.09.2025 17:36:55,000	15,14	-6,29	-15,1	-72,9	2,0	0	-87,9
2457	16.09.2025 17:36:56,000	15,14	-6,29	-17,3	-70,5	2,2	0	-87,6
2458	16.09.2025 17:36:57,000	15,14	-6,29	-17,3	-70,0	2,7	0	-87,1
2459	16.09.2025 17:36:58,000	15,14	-6,29	-16,3	-73,4	0,2	0	-89,7
2460	16.09.2025 17:36:59,000	15,14	-6,29	-18,0	-69,9	2,1	0	-87,8
2461	16.09.2025 17:37:00,000	15,14	-6,29	-16,3	-70,6	3,1	0	-86,7
2462	16.09.2025 17:37:01,000	15,14	-6,29	-14,0	-74,7	1,2	1	-88,7
2463	16.09.2025 17:37:02,000	15,14	-6,29	-20,2	-69,6	0,1	0	-89,8
2464	16.09.2025 17:37:03,000	15,14	-6,29	-14,7	-72,6	2,7	0	-87,2
2465	16.09.2025 17:37:04,000	15,14	-6,29	-13,9	-73,6	2,5	1	-87,3
2466	16.09.2025 17:37:05,000	15,14	-6,29	-19,8	-69,0	1,2	0	-88,7
2467	16.09.2025 17:37:06,000	15,14	-6,29	-14,5	-73,4	2,1	0	-87,8
2468	16.09.2025 17:37:07,000	15,14	-6,29	-14,7	-74,1	1,2	0	-88,8
2469	16.09.2025 17:37:08,000	15,14	-6,29	-17,8	-70,7	1,5	0	-88,4
2470	16.09.2025 17:37:09,000	15,14	-6,29	-15,6	-73,0	1,4	0	-88,6
2471	16.09.2025 17:37:10,000	15,14	-6,29	-16,6	-70,1	3,3	0	-86,4
2472	16.09.2025 17:37:11,000	15,14	-6,29	-15,4	-73,0	1,6	0	-88,3
2473	16.09.2025 17:37:12,000	15,14	-6,29	-17,6	-70,9	1,5	0	-88,4
2474	16.09.2025 17:37:13,000	15,14	-6,29	-15,9	-70,2	3,9	0	-85,8
2475	16.09.2025 17:37:14,000	15,14	-6,29	-13,7	-73,1	3,2	0	-86,6
2476	16.09.2025 17:37:15,000	15,14	-6,29	-17,3	-71,2	1,4	0	-88,5
2477	16.09.2025 17:37:16,000	15,14	-6,29	-17,5	-67,4	5,1	0	-84,4
2478	16.09.2025 17:37:17,000	15,14	-6,29	-12,4	-71,2	6,4	0	-83,1
2479	16.09.2025 17:37:18,000	15,14	-6,29	-17,9	-67,7	4,4	0	-85,2
2480	16.09.2025 17:37:19,000	15,14	-6,29	-15,4	-69,9	4,7	0	-84,9
2481	16.09.2025 17:37:20,000	15,14	-6,29	-14,0	-70,6	5,4	0	-84,1
2482	16.09.2025 17:37:21,000	15,17	-6,29	-17,3	-69,6	3,1	0	-86,6
2483	16.09.2025 17:37:22,000	15,14	-6,29	-14,7	-70,8	4,5	0	-85,1
2484	16.09.2025 17:37:23,000	15,17	-6,29	-17,2	-68,4	4,3	0	-85,2
2485	16.09.2025 17:37:24,000	15,17	-6,29	-15,9	-68,7	5,4	0	-84,0
2486	16.09.2025 17:37:25,000	15,17	-6,29	-14,5	-70,5	5,0	0	-84,6
2487	16.09.2025 17:37:26,000	15,17	-6,29	-16,6	-68,7	4,7	0	-84,9
2488	16.09.2025 17:37:27,000	15,17	-6,29	-16,1	-69,2	4,6	0	-84,9
2489	16.09.2025 17:37:28,000	15,17	-6,29	-15,9	-67,7	6,5	0	-82,8
2490	16.09.2025 17:37:29,000	15,17	-6,29	-16,4	-68,4	5,3	0	-84,2
2491	16.09.2025 17:37:30,000	15,17	-6,29	-16,4	-69,9	3,7	0	-86,0
2492	16.09.2025 17:37:31,000	15,17	-6,29	-14,9	-71,7	3,5	0	-86,3
2493	16.09.2025 17:37:32,000	15,17	-6,29	-16,8	-68,7	4,5	0	-85,1
2494	16.09.2025 17:37:33,000	15,17	-6,29	-15,0	-69,7	5,3	0	-84,2
2495	16.09.2025 17:37:34,000	15,17	-6,29	-17,1	-69,6	3,3	0	-86,4
2496	16.09.2025 17:37:35,000	15,17	-6,29	-13,3	-73,0	3,7	0	-86,1
2497	16.09.2025 17:37:36,000	15,17	-6,29	-17,3	-67,6	5,1	0	-84,3
2498	16.09.2025 17:37:37,000	15,17	-6,29	-16,5	-69,7	3,8	0	-85,8
2499	16.09.2025 17:37:38,000	15,17	-6,29	-13,5	-71,9	4,6	0	-85,0
2500	16.09.2025 17:37:39,000	15,17	-6,29	-17,3	-68,9	3,8	0	-85,9
2501	16.09.2025 17:37:40,000	15,17	-6,29	-16,9	-69,2	3,8	0	-85,8
2502	16.09.2025 17:37:41,000	15,17	-6,29	-12,4	-73,5	4,1	0	-85,6
2503	16.09.2025 17:37:42,000	15,17	-6,29	-15,5	-69,8	4,7	0	-84,8
2504	16.09.2025 17:37:43,000	15,17	-6,29	-16,7	-69,4	3,9	0	-85,7
2505	16.09.2025 17:37:44,000	15,17	-6,29	-14,8	-70,6	4,6	0	-85,0
2506	16.09.2025 17:37:45,000	15,17	-6,29	-12,8	-71,9	5,3	0	-84,3
2507	16.09.2025 17:37:46,000	15,17	-6,29	-16,8	-69,6	3,6	0	-86,1
2508	16.09.2025 17:37:47,000	15,17	-6,29	-15,7	-70,0	4,3	0	-85,3
2509	16.09.2025 17:37:48,000	15,20	-6,29	-12,3	-73,5	4,2	0	-85,5
2510	16.09.2025 17:37:49,000	15,17	-6,29	-15,7	-70,4	3,8	0	-85,8
2511	16.09.2025 17:37:50,000	15,17	-6,29	-17,5	-66,6	5,9	0	-83,4
2512	16.09.2025 17:37:51,000	15,20	-6,29	-14,3	-69,7	6,1	0	-83,4
2513	16.09.2025 17:37:52,000	15,20	-6,29	-15,3	-71,8	2,9	0	-86,9
2514	16.09.2025 17:37:53,000	15,20	-6,29	-16,4	-69,6	4,0	0	-85,6
2515	16.09.2025 17:37:54,000	15,20	-6,29	-13,8	-69,9	6,3	0	-83,1
2516	16.09.2025 17:37:55,000	15,20	-6,29	-17,9	-68,3	3,8	0	-85,9
2517	16.09.2025 17:37:56,000	15,20	-6,29	-15,4	-68,6	6,0	0	-83,4
2518	16.09.2025 17:37:57,000	15,20	-6,29	-14,6	-70,5	5,0	0	-84,6
2519	16.09.2025 17:37:58,000	15,20	-6,29	-17,8	-66,8	5,4	0	-84,0
2520	16.09.2025 17:37:59,000	15,20	-6,29	-14,4	-69,5	6,1	0	-83,3
2521	16.09.2025 17:38:00,000	15,20	-6,29	-14,8	-70,7	4,4	0	-85,2
2522	16.09.2025 17:38:01,000	15,20	-6,29	-17,6	-67,2	5,3	0	-84,1
2523	16.09.2025 17:38:02,000	15,20	-6,29	-16,4	-67,1	6,5	0	-82,8
2524	16.09.2025 17:38:03,000	15,20	-6,29	-14,1	-71,5	4,4	0	-85,3
2525	16.09.2025 17:38:04,000	15,20	-6,29	-17,5	-68,1	4,4	0	-85,1
2526	16.09.2025 17:38:05,000	15,20	-6,29	-15,2	-71,5	3,3	0	-86,5
2527	16.09.2025 17:38:06,000	15,20	-6,29	-17,4	-65,8	6,9	0	-82,3
2528	16.09.2025 17:38:07,000	15,20	-6,29	-14,9	-70,7	4,4	0	-85,2
2529	16.09.2025 17:38:08,000	15,20	-6,29	-16,6	-69,1	4,4	0	-85,2
2530	16.09.2025 17:38:09,000	15,20	-6,29	-16,3	-68,1	5,6	0	-83,8
2531	16.09.2025 17:38:10,000	15,20	-6,29	-17,5	-67,4	5,0	0	-84,4
2532	16.09.2025 17:38:11,000	15,20	-6,29	-14,4	-70,6	5,1	0	-84,5
2533	16.09.2025 17:38:12,000	15,20	-6,29	-16,7	-68,9	4,4	0	-85,2
2534	16.09.2025 17:38:13,000	15,20	-6,29	-58,7	-8,0	-23,3	0	-160,6
2535	16.09.2025 17:38:14,000	15,20	-6,29	-57,5	-6,7	-25,9	0	-165,0
2536	16.09.2025 17:38:15,000	15,20	-6,29	-55,2	-8,3	-26,4	0	-161,9
2537	16.09.2025 17:38:16,000	15,20	-6,29	-55,5	-9,3	-25,2	0	-159,1
2538	16.09.2025 17:38:17,000	15,20	-6,29	-54,2	-9,1	-26,7	0	-160,5
2539	16.09.2025 17:38:18,000	15,20	-6,29	-56,9	-6,4	-26,7	0	-165,9
2540	16.09.2025 17:38:19,000	15,20	-6,29	-54,8	-7,5	-27,7	0	-164,3
2541	16.09.2025 17:38:20,000	15,20	-6,29	-59,0	-2,6	-28,5	0	-174,6
2542	16.09.2025 17:38:21,000	15,20	-6,29	-57,4	-3,1	-29,4	0	-173,7
2543	16.09.2025 17:38:22,000	15,20	-6,29	-51,9	0,6	-37,5	1	179,0
2544	16.09.2025 17:38:23,000	15,20	-6,29	-58,0	-4,8	-27,2	1	-169,6
2545	16.09.2025 17:38:24,000	15,20	-6,29	-53,5	-7,2	-29,3	1	-165,6
2546	16.09.2025 17:38:25,000	15,20	-6,29	-56,7	-6,4	-26,8	0	-166,0
2547	16.09.2025 17:38:26,000	15,23	-6,29	-56,6	-7,6	-25,9	1	-163,1
2548	16.09.2025 17:38:27,000	15,23	-6,29	-61,2	-0,7	-28,2	0	-178,6
2549	16.09.2025 17:38:28,000	15,23	-6,29	-55,4	-9,1	-25,5	1	-159,7
2550	16.09.2025 17:38:29,000	15,23	-6,29	-46,9	-6,8	-36,3	1	-168,6
2551	16.09.2025 17:38:30,000	15,23	-6,29	-47,8	-6,9	-35,3	1	-168,2
2552	16.09.2025 17:38:31,000	15,23	-6,29	-49,4	-7,4	-33,2	0	-166,6
2553	16.09.2025 17:38:32,000	15,23	-6,29	-51,4	-3,6	-35,0	1	-173,7
2554	16.09.2025 17:38:33,000	15,23	-6,29	-44,9	-8,1	-37,1	1	-166,8
2555	16.09.2025 17:38:34,000	15,23	-6,29	-51,2	-6,7	-32,1	1	-167,6
2556	16.09.2025 17:38:35,000	15,23	-6,29	-49,7	-8,4	-32,0	0	-164,5
2557	16.09.2025 17:38:36,000	15,23	-6,29	-50,8	-7,7	-31,5	0	-165,4
2558	16.09.2025 17:38:37,000	15,23	-6,29	-51,9	-8,7	-29,4	0	-162,8
2559	16.09.2025 17:38:38,000	15,23	-6,29	-48,9	-9,2	-31,9	0	-162,9
2560	16.09.2025 17:38:39,000	15,23	-6,29	-51,6	-6,6	-31,8	0	-167,7
2561	16.09.2025 17:38:40,000	15,23	-6,29	-49,5	-9,0	-31,5	0	-163,2
2562	16.09.2025 17:38:41,000	15,23	-6,29	-52,0	-7,8	-30,3	0	-164,8
2563	16.09.2025 17:38:42,000	15,23	-6,29	-49,3	-9,1	-31,6	0	-163,0
2564	16.09.2025 17:38:43,000	15,23	-6,29	-52,6	-6,8	-30,6	0	-166,7
2565	16.09.2025 17:38:44,000	15,23	-6,29	-48,0	-8,5	-33,5	0	-164,8
2566	16.09.2025 17:38:45,000	15,23	-6,29	-50,2	-4,9	-34,9	0	-171,4
2567	16.09.2025 17:38:46,000	15,23	-6,29	-50,2	-8,3	-31,5	0	-164,4
2568	16.09.2025 17:38:47,000	15,23	-6,29	-52,6	-7,4	-29,9	0	-165,3
2569	16.09.2025 17:38:48,000	15,23	-6,29	-5,9	38,5	45,6	0	41,2
2570	16.09.2025 17:38:49,000	15,23	-6,29	-5,3	39,0	45,8	0	41,4
2571	16.09.2025 17:38:50,000	15,23	-6,29	-2,7	41,0	46,3	0	42,3
2572	16.09.2025 17:38:51,000	15,23	-6,29	-4,8	40,6	44,6	0	42,9
2573	16.09.2025 17:38:52,000	15,23	-6,29	-3,4	40,2	46,4	0	41,8
2574	16.09.2025 17:38:53,000	15,23	-6,29	-5,2	38,4	46,4	0	40,7
2575	16.09.2025 17:38:54,000	15,23	-6,29	-4,3	44,8	40,9	1	47,1
2576	16.09.2025 17:38:55,000	15,23	-6,29	-1,4	41,4	47,1	0	42,1
2577	16.09.2025 17:38:56,000	15,23	-6,29	-3,0	41,2	45,8	0	42,6
2578	16.09.2025 17:38:57,000	15,23	-6,29	-6,1	41,9	41,9	0	45,0
2579	16.09.2025 17:38:58,000	15,23	-6,29	-1,3	45,9	42,8	0	46,6
2580	16.09.2025 17:38:59,000	15,23	-6,29	-0,4	41,6	48,1	0	41,8
2581	16.09.2025 17:39:00,000	15,23	-6,29	-7,1	43,6	39,3	0	47,3
2582	16.09.2025 17:39:01,000	15,26	-6,29	-3,6	41,7	44,7	0	43,4
2583	16.09.2025 17:39:02,000	15,26	-6,29	1,6	41,2	47,2	1	42,0
2584	16.09.2025 17:39:03,000	15,26	-6,29	-6,3	42,6	41,1	0	45,8
2585	16.09.2025 17:39:04,000	15,26	-6,29	-2,4	42,3	45,3	0	43,4
2586	16.09.2025 17:39:05,000	15,26	-6,29	-3,5	43,6	42,9	0	45,3
2587	16.09.2025 17:39:06,000	15,26	-6,29	-2,9	42,2	44,9	0	43,6
2588	16.09.2025 17:39:07,000	15,26	-6,29	-3,5	43,7	42,8	0	45,5
2589	16.09.2025 17:39:08,000	15,26	-6,29	-4,4	42,3	43,2	0	44,5
2590	16.09.2025 17:39:09,000	15,26	-6,29	-4,1	41,4	44,4	0	43,4
2591	16.09.2025 17:39:10,000	15,26	-6,29	-3,7	42,9	43,4	0	44,7
2592	16.09.2025 17:39:11,000	15,26	-6,29	-4,5	44,2	41,3	0	46,5
2593	16.09.2025 17:39:12,000	15,26	-6,29	-2,9	42,3	44,8	0	43,7
2594	16.09.2025 17:39:13,000	15,26	-6,29	-4,7	40,7	44,7	0	42,9
2595	16.09.2025 17:39:14,000	15,26	-6,29	-5,7	43,8	40,4	0	46,8
2596	16.09.2025 17:39:15,000	15,26	-6,29	-0,6	41,9	47,5	0	42,2
2597	16.09.2025 17:39:16,000	15,26	-6,29	-4,7	41,3	44,0	0	43,5
2598	16.09.2025 17:39:17,000	15,26	-6,29	-5,4	42,6	42,0	0	45,4
2599	16.09.2025 17:39:18,000	15,26	-6,29	-2,9	42,5	44,6	0	43,9
2600	16.09.2025 17:39:19,000	15,26	-6,29	-4,3	41,5	44,2	0	43,6
2601	16.09.2025 17:39:20,000	15,26	-6,29	-4,8	42,8	42,4	0	45,2
2602	16.09.2025 17:39:21,000	15,26	-6,29	-3,6	44,2	42,2	0	46,0
2603	16.09.2025 17:39:22,000	15,26	-6,29	-2,1	41,8	46,1	0	42,8
2604	16.09.2025 17:39:23,000	15,26	-6,29	-3,4	43,3	43,3	0	45,0
2605	16.09.2025 17:39:24,000	15,26	-6,29	-5,3	44,8	39,9	0	47,6
2606	16.09.2025 17:39:25,000	15,26	-6,29	-2,2	43,8	44,1	0	44,8
2607	16.09.2025 17:39:26,000	15,26	-6,29	0,0	44,0	46,0	1	44,0
2608	16.09.2025 17:39:27,000	15,26	-6,29	-6,5	43,7	39,8	0	47,1
2609	16.09.2025 17:39:28,000	15,26	-6,29	-2,8	44,7	42,6	0	46,1
2610	16.09.2025 17:39:29,000	15,26	-6,29	2,7	42,9	44,3	1	44,3
2611	16.09.2025 17:39:30,000	15,26	-6,29	-4,7	42,9	42,3	0	45,3
2612	16.09.2025 17:39:31,000	15,26	-6,29	-5,4	43,5	41,2	0	46,2
2613	16.09.2025 17:39:32,000	15,26	-6,29	0,0	46,0	43,9	0	46,0
2614	16.09.2025 17:39:33,000	15,26	-6,29	-2,3	44,1	43,7	0	45,2
2615	16.09.2025 17:39:34,000	15,26	-6,29	-3,6	42,8	43,6	0	44,5
2616	16.09.2025 17:39:35,000	15,26	-6,29	-3,6	45,3	41,1	0	47,2
2617	16.09.2025 17:39:36,000	15,26	-6,29	-1,9	43,2	45,0	0	44,1
2618	16.09.2025 17:39:37,000	15,26	-6,29	-3,4	47,1	39,5	0	49,0
2619	16.09.2025 17:39:38,000	15,26	-6,29	-1,9	44,1	44,0	0	45,0
2620	16.09.2025 17:39:39,000	15,26	-6,29	-3,8	42,7	43,5	0	44,5
2621	16.09.2025 17:39:40,000	15,26	-6,29	-5,9	42,2	41,8	0	45,2
2622	16.09.2025 17:39:41,000	15,29	-6,29	-2,9	45,1	42,0	0	46,6
2623	16.09.2025 17:39:42,000	15,26	-6,29	-1,8	45,0	43,2	0	45,9
2624	16.09.2025 17:39:43,000	15,29	-6,29	-5,5	40,3	44,2	0	42,9
2625	16.09.2025 17:39:44,000	15,26	-6,29	-3,0	43,9	43,1	0	45,4
2626	16.09.2025 17:39:45,000	15,29	-6,29	-6,5	43,3	40,3	0	46,6
2627	16.09.2025 17:39:46,000	15,29	-6,29	-1,3	42,8	45,9	0	43,4
2628	16.09.2025 17:39:47,000	15,29	-6,29	-3,8	41,3	44,9	0	43,1
2629	16.09.2025 17:39:48,000	15,29	-6,29	-6,4	43,6	40,0	0	47,0
2630	16.09.2025 17:39:49,000	15,29	-6,29	-0,5	42,5	46,9	0	42,8
2631	16.09.2025 17:39:50,000	15,29	-6,29	-6,0	45,4	38,6	0	48,7
2632	16.09.2025 17:39:51,000	15,29	-6,29	-3,0	44,2	42,8	0	45,7
2633	16.09.2025 17:39:52,000	15,29	-6,29	-0,3	40,3	49,4	1	40,4
2634	16.09.2025 17:39:53,000	15,29	-6,29	-7,3	45,3	37,4	1	49,3
2635	16.09.2025 17:39:54,000	15,29	-6,29	-1,6	43,6	44,8	0	44,4
2636	16.09.2025 17:39:55,000	15,29	-6,29	-3,1	43,2	43,7	0	44,7
2637	16.09.2025 17:39:56,000	15,29	-6,29	-5,4	43,4	41,2	0	46,2
2638	16.09.2025 17:39:57,000	15,29	-6,29	-3,7	43,5	42,8	0	45,3
2639	16.09.2025 17:39:58,000	15,29	-6,29	-1,3	44,3	44,4	0	45,0
2640	16.09.2025 17:39:59,000	15,29	-6,29	-3,5	42,3	44,2	0	44,0
2641	16.09.2025 17:40:00,000	15,29	-6,29	-5,7	43,4	40,9	0	46,4
2642	16.09.2025 17:40:01,000	15,29	-6,29	-2,1	45,5	42,4	0	46,6
2643	16.09.2025 17:40:02,000	15,29	-6,29	-1,1	41,6	47,3	0	42,1
2644	16.09.2025 17:40:03,000	15,29	-6,29	-4,0	44,7	41,3	0	46,8
2645	16.09.2025 17:40:04,000	15,29	-6,29	-5,0	46,1	38,9	1	48,8
2646	16.09.2025 17:40:05,000	15,29	-6,29	0,2	39,8	50,0	1	39,9
2647	16.09.2025 17:40:06,000	15,29	-6,29	-4,4	42,8	42,8	0	45,0
2648	16.09.2025 17:40:07,000	15,29	-6,29	-3,8	44,7	41,5	0	46,7
2649	16.09.2025 17:40:08,000	15,29	-6,29	-3,1	44,0	42,9	0	45,6
2650	16.09.2025 17:40:09,000	15,29	-6,29	-2,6	43,9	43,5	0	45,2
2651	16.09.2025 17:40:10,000	15,29	-6,29	-4,4	42,7	42,9	0	44,9
2652	16.09.2025 17:40:11,000	15,29	-6,29	-4,8	43,2	41,9	0	45,7
2653	16.09.2025 17:40:12,000	15,29	-6,29	-2,6	42,8	44,5	0	44,1
2654	16.09.2025 17:40:13,000	15,29	-6,29	-2,7	44,5	42,8	0	45,9
2655	16.09.2025 17:40:14,000	15,29	-6,29	-6,5	41,4	42,1	0	44,6
2656	16.09.2025 17:40:15,000	15,29	-6,29	-2,8	42,3	44,9	0	43,6
2657	16.09.2025 17:40:16,000	15,29	-6,29	-3,7	44,0	42,4	0	45,8
2658	16.09.2025 17:40:17,000	15,32	-6,29	-2,6	44,5	42,8	0	45,9
2659	16.09.2025 17:40:18,000	15,32	-6,29	-6,3	41,8	41,9	0	45,0
2660	16.09.2025 17:40:19,000	15,32	-6,29	-2,4	44,0	43,6	0	45,2
2661	16.09.2025 17:40:20,000	15,32	-6,29	-2,7	44,3	43,0	0	45,6
2662	16.09.2025 17:40:21,000	15,32	-6,29	-6,4	42,8	40,8	0	46,1
2663	16.09.2025 17:40:22,000	15,32	-6,29	-1,4	42,4	46,2	0	43,0
2664	16.09.2025 17:40:23,000	15,32	-6,29	-4,1	42,0	43,8	0	44,1
2665	16.09.2025 17:40:24,000	15,32	-6,29	-7,5	41,4	41,1	0	45,2
2666	16.09.2025 17:40:25,000	15,32	-6,29	-1,8	43,4	44,8	0	44,3
2667	16.09.2025 17:40:26,000	15,32	-6,29	-1,9	42,4	45,7	0	43,3
2668	16.09.2025 17:40:27,000	15,32	-6,29	-7,4	41,9	40,8	0	45,6
2669	16.09.2025 17:40:28,000	15,32	-6,29	-4,4	44,8	40,8	0	47,2
2670	16.09.2025 17:40:29,000	15,32	-6,29	0,1	42,0	47,9	1	42,0
2671	16.09.2025 17:40:30,000	15,32	-6,29	-4,3	45,7	40,0	0	48,0
2672	16.09.2025 17:40:31,000	15,32	-6,29	-4,5	45,4	40,0	0	47,8
2673	16.09.2025 17:40:32,000	15,32	-6,29	-2,0	43,2	44,8	0	44,2
2674	16.09.2025 17:40:33,000	15,32	-6,29	-3,1	44,4	42,5	0	46,0
2675	16.09.2025 17:40:34,000	15,32	-6,29	-3,5	44,0	42,4	0	45,8
2676	16.09.2025 17:40:35,000	15,32	-6,29	-4,8	44,2	41,0	0	46,7
2677	16.09.2025 17:40:36,000	15,32	-6,29	-2,2	41,7	46,1	0	42,7
2678	16.09.2025 17:40:37,000	15,32	-6,29	-2,4	46,4	41,2	0	47,7
2679	16.09.2025 17:40:38,000	15,32	-6,29	-4,2	42,8	43,0	0	44,9
2680	16.09.2025 17:40:39,000	15,32	-6,29	-1,4	68,2	20,4	0	69,3
2681	16.09.2025 17:40:40,000	15,32	-6,29	-1,2	71,3	17,5	0	72,3
2682	16.09.2025 17:40:41,000	15,32	-6,29	-2,2	67,7	20,0	0	69,5
2683	16.09.2025 17:40:42,000	15,32	-6,29	-3,8	66,2	20,0	0	69,1
2684	16.09.2025 17:40:43,000	15,32	-6,29	-4,7	67,6	17,7	0	71,4
2685	16.09.2025 17:40:44,000	15,32	-6,29	-0,9	68,7	20,3	0	69,5
2686	16.09.2025 17:40:45,000	15,32	-6,29	-1,2	68,0	20,8	0	68,9
2687	16.09.2025 17:40:46,000	15,32	-6,29	-6,8	68,3	14,8	1	74,1
2688	16.09.2025 17:40:47,000	15,32	-6,29	-1,6	67,7	20,7	0	69,0
2689	16.09.2025 17:40:48,000	15,32	-6,29	1,8	68,2	20,0	1	69,6
2690	16.09.2025 17:40:49,000	15,32	-6,29	-6,2	66,8	17,0	0	71,8
2691	16.09.2025 17:40:50,000	15,32	-6,29	-3,2	70,0	16,8	0	72,6
2692	16.09.2025 17:40:51,000	15,32	-6,29	0,9	66,3	22,8	0	67,0
2693	16.09.2025 17:40:52,000	15,35	-6,29	-4,0	69,0	17,0	0	72,3
2694	16.09.2025 17:40:53,000	15,32	-6,29	-6,2	67,3	16,5	0	72,4
2695	16.09.2025 17:40:54,000	15,35	-6,29	0,6	66,5	22,8	0	67,0
2696	16.09.2025 17:40:55,000	15,35	-6,29	-3,5	70,9	15,5	0	73,9
2697	16.09.2025 17:40:56,000	15,35	-6,29	-6,9	68,7	14,4	1	74,6
2698	16.09.2025 17:40:57,000	15,35	-6,29	0,7	66,7	22,7	0	67,2
2699	16.09.2025 17:40:58,000	15,35	-6,29	-0,6	69,5	20,0	1	69,9
2700	16.09.2025 17:40:59,000	15,35	-6,29	-6,6	70,1	13,4	1	75,8
2701	16.09.2025 17:41:00,000	15,35	-6,29	-1,3	69,9	18,8	0	70,9
2702	16.09.2025 17:41:01,000	15,35	-6,29	2,1	68,2	19,7	1	69,8
2703	16.09.2025 17:41:02,000	15,35	-6,29	-4,7	75,8	9,5	1	80,1
2704	16.09.2025 17:41:03,000	15,35	-6,29	0,0	73,9	16,1	0	73,9
2705	16.09.2025 17:41:04,000	15,35	-6,29	-3,2	70,5	16,4	0	73,1
2706	16.09.2025 17:41:05,000	15,35	-6,29	-3,9	75,7	10,4	0	79,2
2707	16.09.2025 17:41:06,000	15,35	-6,29	-0,5	74,5	15,1	0	74,9
2708	16.09.2025 17:41:07,000	15,35	-6,29	-2,9	73,4	13,7	0	75,9
2709	16.09.2025 17:41:08,000	15,35	-6,29	-3,1	76,6	10,4	0	79,3
2710	16.09.2025 17:41:09,000	15,35	-6,29	-1,5	74,6	13,9	0	75,9
2711	16.09.2025 17:41:10,000	15,35	-6,29	-0,6	73,4	15,9	0	74,0
2712	16.09.2025 17:41:11,000	15,35	-6,29	-4,9	74,0	11,1	0	78,4
2713	16.09.2025 17:41:12,000	15,35	-6,29	-1,6	75,4	13,0	0	76,8
2714	16.09.2025 17:41:13,000	15,35	-6,29	1,4	72,3	16,3	1	73,5
2715	16.09.2025 17:41:14,000	15,38	-6,29	-5,4	73,2	11,4	0	78,0
2716	16.09.2025 17:41:15,000	15,38	-6,29	-0,9	73,5	15,6	0	74,2
2717	16.09.2025 17:41:16,000	15,38	-6,29	-2,4	75,0	12,6	0	77,1
2718	16.09.2025 17:41:17,000	15,38	-6,29	-2,8	75,3	12,0	0	77,7
2719	16.09.2025 17:41:18,000	15,38	-6,29	-0,4	75,5	14,1	0	75,9
2720	16.09.2025 17:41:19,000	15,38	-6,29	-3,7	73,2	13,1	0	76,4
2721	16.09.2025 17:41:20,000	15,38	-6,29	-3,6	74,0	12,4	0	77,1
2722	16.09.2025 17:41:21,000	15,38	-6,29	-0,4	76,0	13,6	0	76,3
2723	16.09.2025 17:41:22,000	15,38	-6,29	-2,6	76,3	11,1	0	78,6
2724	16.09.2025 17:41:23,000	15,38	-6,29	-2,6	72,8	14,6	0	74,9
2725	16.09.2025 17:41:24,000	15,38	-6,29	-2,7	75,4	11,9	0	77,7
2726	16.09.2025 17:41:25,000	15,38	-6,29	-2,0	76,6	11,4	0	78,3
2727	16.09.2025 17:41:26,000	15,38	-6,29	-2,3	75,3	12,4	0	77,3
2728	16.09.2025 17:41:27,000	15,38	-6,29	-1,1	74,3	14,6	0	75,2
2729	16.09.2025 17:41:28,000	15,38	-6,29	-4,8	77,6	7,6	1	82,0
2730	16.09.2025 17:41:29,000	15,38	-6,29	0,2	76,9	12,9	0	77,0
2731	16.09.2025 17:41:30,000	15,38	-6,29	0,1	77,8	12,2	0	77,8
2732	16.09.2025 17:41:31,000	15,38	-6,29	-6,9	73,6	9,5	1	79,9
2733	16.09.2025 17:41:32,000	15,38	-6,29	1,3	73,8	15,0	0	74,8
2734	16.09.2025 17:41:33,000	15,38	-6,29	-1,7	77,4	10,9	0	78,9
2735	16.09.2025 17:41:34,000	15,38	-6,29	-5,9	72,2	11,9	0	77,4
2736	16.09.2025 17:41:35,000	15,38	-6,29	0,4	73,5	16,1	0	73,8
2737	16.09.2025 17:41:36,000	15,38	-6,29	-2,5	76,9	10,6	0	79,1
2738	16.09.2025 17:41:37,000	15,38	-6,29	-2,8	75,7	11,5	0	78,1
2739	16.09.2025 17:41:38,000	15,41	-6,29	0,6	72,7	16,7	0	73,2
2740	16.09.2025 17:41:39,000	15,41	-6,29	-4,8	77,2	8,0	1	81,7
2741	16.09.2025 17:41:40,000	15,41	-6,29	-0,2	73,6	16,2	0	73,8
2742	16.09.2025 17:41:41,000	15,41	-6,29	-1,8	74,5	13,7	0	76,0
2743	16.09.2025 17:41:42,000	15,41	-6,29	-5,1	76,4	8,5	1	81,1
2744	16.09.2025 17:41:43,000	15,41	-6,29	1,1	70,9	18,0	0	71,8
2745	16.09.2025 17:41:44,000	15,41	-6,29	-2,1	78,1	9,8	0	80,0
2746	16.09.2025 17:41:45,000	15,41	-6,29	-3,9	74,3	11,7	0	77,8
2747	16.09.2025 17:41:46,000	15,41	-6,29	-2,3	74,2	13,5	0	76,2
2748	16.09.2025 17:41:47,000	15,41	-6,29	0,0	73,1	16,9	0	73,1
2749	16.09.2025 17:41:48,000	15,41	-6,29	-4,4	73,9	11,7	0	77,8
2750	16.09.2025 17:41:49,000	15,41	-6,29	-4,8	73,6	11,7	0	77,8
2751	16.09.2025 17:41:50,000	15,41	-6,29	1,6	68,7	19,7	0	69,9
2752	16.09.2025 17:41:51,000	15,41	-6,29	-3,4	75,4	11,2	0	78,4
2753	16.09.2025 17:41:52,000	15,41	-6,29	-4,7	74,6	10,8	1	78,7
2754	16.09.2025 17:41:53,000	15,41	-6,29	2,4	69,7	17,9	1	71,6
2755	16.09.2025 17:41:54,000	15,41	-6,29	-4,2	73,7	12,0	0	77,5
2756	16.09.2025 17:41:55,000	15,41	-6,29	-2,8	75,9	11,3	0	78,4
2757	16.09.2025 17:41:56,000	15,41	-6,29	0,9	71,2	17,9	1	71,9
2758	16.09.2025 17:41:57,000	15,41	-6,29	-4,1	75,4	10,5	0	79,0
2759	16.09.2025 17:41:58,000	15,44	-6,29	-3,0	72,0	14,9	0	74,6
2760	16.09.2025 17:41:59,000	15,44	-6,29	-1,8	74,7	13,5	0	76,2
2761	16.09.2025 17:42:00,000	15,44	-6,29	-3,4	73,8	12,8	0	76,7
2762	16.09.2025 17:42:01,000	15,44	-6,29	-2,1	74,3	13,6	0	76,1
2763	16.09.2025 17:42:02,000	15,44	-6,29	-1,5	75,4	13,1	0	76,7
2764	16.09.2025 17:42:03,000	15,44	-6,29	-4,9	74,7	10,4	0	79,1
2765	16.09.2025 17:42:04,000	15,44	-6,29	-1,1	73,5	15,4	0	74,4
2766	16.09.2025 17:42:05,000	15,44	-6,29	-1,1	75,3	13,6	0	76,2
2767	16.09.2025 17:42:06,000	15,44	-6,29	-6,4	73,6	10,0	1	79,4
2768	16.09.2025 17:42:07,000	15,44	-6,29	0,1	76,0	13,9	0	76,1
2769	16.09.2025 17:42:08,000	15,44	-6,29	-1,2	75,7	13,1	0	76,7
2770	16.09.2025 17:42:09,000	15,44	-6,29	-4,3	73,9	11,8	0	77,7
2771	16.09.2025 17:42:10,000	15,44	-6,29	-2,2	75,8	12,0	0	77,7
2772	16.09.2025 17:42:11,000	15,44	-6,29	-2,1	75,7	12,2	0	77,6
2773	16.09.2025 17:42:12,000	15,44	-6,29	-1,8	75,3	12,8	0	76,9
2774	16.09.2025 17:42:13,000	15,44	-6,29	-3,1	74,9	12,1	0	77,6
2775	16.09.2025 17:42:14,000	15,44	-6,29	-2,2	76,5	11,3	0	78,4
2776	16.09.2025 17:42:15,000	15,44	-6,29	-2,4	74,3	13,3	0	76,3
2777	16.09.2025 17:42:16,000	15,44	-6,29	-1,1	76,0	12,9	0	77,0
2778	16.09.2025 17:42:17,000	15,44	-6,29	-2,9	73,5	13,6	0	75,9
2779	16.09.2025 17:42:18,000	15,44	-6,29	-4,0	75,4	10,6	0	79,0
2780	16.09.2025 17:42:19,000	15,44	-6,29	0,5	75,5	14,0	0	75,9
2781	16.09.2025 17:42:20,000	15,47	-6,29	-3,6	73,1	13,3	0	76,1
2782	16.09.2025 17:42:21,000	15,47	-6,29	-3,2	74,3	12,5	0	77,1
2783	16.09.2025 17:42:22,000	15,47	-6,29	-1,8	75,7	12,5	0	77,2
2784	16.09.2025 17:42:23,000	15,47	-6,29	-0,9	75,0	14,1	0	75,8
2785	16.09.2025 17:42:24,000	15,47	-6,29	-3,6	73,5	12,8	0	76,7
2786	16.09.2025 17:42:25,000	15,47	-6,29	-2,7	73,5	13,9	0	75,8
2787	16.09.2025 17:42:26,000	15,47	-6,29	-2,3	76,9	10,9	0	78,9
2788	16.09.2025 17:42:27,000	15,47	-6,29	-1,4	74,7	13,9	0	75,9
2789	16.09.2025 17:42:28,000	15,47	-6,29	-1,9	72,7	15,4	0	74,3
2790	16.09.2025 17:42:29,000	15,47	-6,29	-5,2	76,1	8,7	1	80,8
2791	16.09.2025 17:42:30,000	15,47	-6,29	1,4	74,3	14,2	0	75,5
2792	16.09.2025 17:42:31,000	15,47	-6,29	-1,9	74,1	13,9	0	75,8
2793	16.09.2025 17:42:32,000	15,47	-6,29	-4,9	75,0	10,1	0	79,4
2794	16.09.2025 17:42:33,000	15,47	-6,29	-0,7	76,6	12,6	0	77,3
2795	16.09.2025 17:42:34,000	15,47	-6,29	-0,2	74,2	15,6	0	74,3
2796	16.09.2025 17:42:35,000	15,47	-6,29	-5,6	73,3	11,1	0	78,3
2797	16.09.2025 17:42:36,000	15,47	-6,29	-2,4	74,5	13,1	0	76,6
2798	16.09.2025 17:42:37,000	15,47	-6,29	-2,5	74,2	13,3	0	76,3
2799	16.09.2025 17:42:38,000	15,50	-6,29	-4,4	72,4	13,2	0	76,1
2800	16.09.2025 17:42:39,000	15,50	-6,29	0,0	74,4	15,6	0	74,4
2801	16.09.2025 17:42:40,000	15,50	-6,29	-6,9	73,7	9,5	0	79,9
2802	16.09.2025 17:42:41,000	15,50	-6,29	-1,2	73,8	15,0	0	74,8
2803	16.09.2025 17:42:42,000	15,50	-6,29	-1,2	76,0	12,8	0	77,0
2804	16.09.2025 17:42:43,000	15,50	-6,29	-5,0	75,0	10,0	0	79,5
2805	16.09.2025 17:42:44,000	15,50	-6,29	-1,3	76,6	12,1	0	77,7
2806	16.09.2025 17:42:45,000	15,50	-6,29	0,2	76,6	13,3	0	76,7
2807	16.09.2025 17:42:46,000	15,50	-6,29	-4,2	74,3	11,5	0	78,0
2808	16.09.2025 17:42:47,000	15,50	-6,29	-2,3	77,4	10,3	0	79,4
2809	16.09.2025 17:42:48,000	15,50	-6,29	-1,3	72,3	16,4	0	73,4
2810	16.09.2025 17:42:49,000	15,50	-6,29	-0,2	75,9	13,9	0	76,1
2811	16.09.2025 17:42:50,000	15,50	-6,29	-6,7	74,5	8,8	1	80,7
2812	16.09.2025 17:42:51,000	15,50	-6,29	1,2	72,3	16,5	0	73,3
2813	16.09.2025 17:42:52,000	15,50	-6,29	0,4	75,2	14,4	1	75,5
2814	16.09.2025 17:42:53,000	15,50	-6,29	-7,5	73,2	9,3	1	80,1
2815	16.09.2025 17:42:54,000	15,50	-6,29	1,0	73,3	15,7	0	74,1
2816	16.09.2025 17:42:55,000	15,50	-6,29	0,8	72,9	16,3	1	73,6
2817	16.09.2025 17:42:56,000	15,50	-6,29	-4,8	76,2	8,9	1	80,7
2818	16.09.2025 17:42:57,000	15,54	-6,29	0,2	73,8	16,0	0	74,0
2819	16.09.2025 17:42:58,000	15,54	-6,29	-2,8	75,6	11,6	0	78,1
2820	16.09.2025 17:42:59,000	15,54	-6,29	-3,3	80,3	6,4	0	83,4
2821	16.09.2025 17:43:00,000	15,54	-6,29	59,0	-3,7	27,3	1	-8,1
2822	16.09.2025 17:43:01,000	15,54	-6,29	-23,5	-21,9	44,6	0	-28,6
2823	16.09.2025 17:43:02,000	15,54	-6,29	-52,6	-17,6	19,8	0	-41,8
2824	16.09.2025 17:43:03,000	15,54	-6,29	-41,5	-14,0	34,6	0	-23,4
2825	16.09.2025 17:43:04,000	15,54	-6,29	-18,0	45,1	26,9	0	56,9
2826	16.09.2025 17:43:05,000	15,57	-6,29	-52,8	12,6	24,6	0	27,7
2827	16.09.2025 17:43:06,000	15,57	-6,29	-20,8	51,1	18,1	0	67,5
2828	16.09.2025 17:43:07,000	15,57	-6,29	-29,6	43,7	16,7	1	66,9
2829	16.09.2025 17:43:08,000	15,57	-6,29	-40,9	26,2	22,8	0	48,6
2830	16.09.2025 17:43:09,000	15,60	-6,29	-5,2	2,3	82,4	0	2,4
2831	16.09.2025 17:43:10,000	15,60	-6,29	56,7	11,0	22,3	1	26,8
2832	16.09.2025 17:43:11,000	15,69	-6,29	46,2	-1,4	42,4	0	-2,1
2833	16.09.2025 17:43:12,000	15,84	-6,29	49,5	-1,2	39,3	0	-1,9
2834	16.09.2025 17:43:13,000	15,96	-6,29	48,0	0,4	41,6	0	0,6
2835	16.09.2025 17:43:14,000	16,11	-6,29	-10,7	-5,1	74,2	1	-5,4
2836	16.09.2025 17:43:15,000	16,27	-6,29	5,9	53,1	31,1	1	56,8
2837	16.09.2025 17:43:16,000	16,36	-6,29	-0,6	62,9	26,5	0	63,3
2838	16.09.2025 17:43:17,000	16,42	-6,29	-3,8	58,4	27,8	1	61,0
2839	16.09.2025 17:43:18,000	16,48	-6,29	4,0	-51,0	35,0	0	-53,4
2840	16.09.2025 17:43:19,000	16,48	-6,29	3,4	-34,5	-52,1	0	-144,2
2841	16.09.2025 17:43:20,000	16,51	-6,29	-3,2	74,0	-12,8	1	103,2
2842	16.09.2025 17:43:21,000	16,54	-6,29	-83,2	1,0	5,8	0	103,2
2843	16.09.2025 17:43:22,000	16,63	-6,29	-35,7	48,8	-5,5	0	97,4
2844	16.09.2025 17:43:23,000	16,90	-6,29	-66,1	-17,8	6,1	1	97,4
