#B	Created:	11.09.2025 19:36:00
##	Version	SeaStar	9.59
#5	Field separation:	0
#2	Date & Time:	1
#6	Decimal point:	,
#7	Date def.:	dd.mm.yyyy	.
#8	Time def.:	:
##	Axis	0	Temperature(°C)	clRed	FALSE
##	Axis	1	Pressure(Bar)	clBlue	FALSE
##	Axis	2	Angle(°)	clGreen	FALSE
##	Axis	3	EAL	clSkyBlue	FALSE
##	Axis	4	Roll(°)	$00404080	FALSE
##	Series	0	Temp(°C)	clRed	0	Temp(°C)	2
##	Series	1	Press(Bar)	clBlue	1	Press(Bar)	2
##	Series	2	Tilt-X(°)	clGreen	2	Tilt-X(°)	1
##	Series	3	Tilt-Y(°)	$00404080	2	Tilt-Y(°)	1
##	Series	4	Tilt-Z(°)	$00FF0080	2	Tilt-Z(°)	1
##	Series	5	EAL	clSkyBlue	3	EAL	0
##	Series	6	Roll(°)	$00404080	4	Roll(°)	1
##	Recorder	89	DST tilt	1174
##	Chart	89H1174DAT	
#D	Data:	3398	11.09.2025 18:38:00	11.09.2025 19:34:37
1	11.09.2025 18:38:00,000	21,32	-6,29	51,6	-20,7	-17,7	0	-130,8
2	11.09.2025 18:38:01,000	21,29	-6,29	51,0	-22,5	-16,5	0	-126,6
3	11.09.2025 18:38:02,000	21,29	-6,29	53,1	-22,9	-14,0	0	-122,0
4	11.09.2025 18:38:03,000	21,29	-6,29	51,3	-21,9	-16,8	0	-127,8
5	11.09.2025 18:38:04,000	21,29	-6,29	50,4	-22,8	-16,8	0	-126,9
6	11.09.2025 18:38:05,000	21,26	-6,29	51,9	-22,2	-16,0	0	-126,1
7	11.09.2025 18:38:06,000	21,26	-6,29	52,7	-21,9	-15,4	0	-125,6
8	11.09.2025 18:38:07,000	21,26	-6,29	51,2	-21,7	-17,1	0	-128,5
9	11.09.2025 18:38:08,000	21,26	-6,29	49,4	-22,7	-18,0	0	-128,7
10	11.09.2025 18:38:09,000	21,23	-6,29	52,9	-27,0	-10,1	0	-111,2
11	11.09.2025 18:38:10,000	21,23	-6,29	49,5	-22,1	-18,3	0	-129,9
12	11.09.2025 18:38:11,000	21,23	-6,29	52,0	-24,9	-13,2	0	-118,6
13	11.09.2025 18:38:12,000	21,23	-6,29	49,9	-26,4	-13,6	0	-118,1
14	11.09.2025 18:38:13,000	21,20	-6,29	48,6	-26,8	-14,6	0	-119,4
15	11.09.2025 18:38:14,000	21,20	-6,29	51,2	-25,2	-13,6	0	-119,0
16	11.09.2025 18:38:15,000	21,20	-6,29	49,7	-25,5	-14,7	0	-120,7
17	11.09.2025 18:38:16,000	21,20	-6,29	49,3	-26,8	-13,9	0	-118,2
18	11.09.2025 18:38:17,000	21,17	-6,29	50,6	-26,4	-13,0	0	-117,0
19	11.09.2025 18:38:18,000	21,17	-6,29	49,7	-25,8	-14,5	0	-120,1
20	11.09.2025 18:38:19,000	21,17	-6,29	50,3	-26,0	-13,7	0	-118,6
21	11.09.2025 18:38:20,000	21,17	-6,29	49,7	-25,9	-14,4	0	-119,9
22	11.09.2025 18:38:21,000	21,14	-6,29	50,7	-26,1	-13,3	0	-117,7
23	11.09.2025 18:38:22,000	21,14	-6,29	53,0	-24,2	-12,8	0	-118,5
24	11.09.2025 18:38:23,000	21,14	-6,29	49,0	-26,3	-14,8	0	-120,1
25	11.09.2025 18:38:24,000	21,14	-6,29	48,8	-28,1	-13,2	0	-116,0
26	11.09.2025 18:38:25,000	21,14	-6,29	49,1	-27,4	-13,5	0	-117,0
27	11.09.2025 18:38:26,000	21,11	-6,29	50,5	-26,5	-13,1	0	-117,1
28	11.09.2025 18:38:27,000	21,11	-6,29	51,4	-24,3	-14,2	0	-121,0
29	11.09.2025 18:38:28,000	21,11	-6,29	49,3	-27,4	-13,3	0	-116,8
30	11.09.2025 18:38:29,000	21,11	-6,29	48,9	-27,5	-13,5	0	-117,0
31	11.09.2025 18:38:30,000	21,08	-6,29	48,8	-28,2	-13,0	0	-115,6
32	11.09.2025 18:38:31,000	21,08	-6,29	49,5	-26,5	-14,0	0	-118,5
33	11.09.2025 18:38:32,000	21,08	-6,29	51,0	-25,6	-13,4	0	-118,4
34	11.09.2025 18:38:33,000	21,08	-6,29	50,8	-26,2	-13,0	0	-117,1
35	11.09.2025 18:38:34,000	21,08	-6,29	49,7	-27,2	-13,2	0	-116,6
36	11.09.2025 18:38:35,000	21,08	-6,29	49,6	-26,1	-14,3	0	-119,5
37	11.09.2025 18:38:36,000	21,05	-6,29	49,7	-27,4	-12,9	0	-116,0
38	11.09.2025 18:38:37,000	21,05	-6,29	52,4	-25,8	-11,8	0	-115,4
39	11.09.2025 18:38:38,000	21,05	-6,29	48,3	-27,7	-14,0	0	-117,7
40	11.09.2025 18:38:39,000	21,05	-6,29	49,6	-29,0	-11,4	0	-112,3
41	11.09.2025 18:38:40,000	21,05	-6,29	50,3	-27,8	-11,9	0	-114,0
42	11.09.2025 18:38:41,000	21,05	-6,29	48,0	-28,1	-13,9	0	-117,3
43	11.09.2025 18:38:42,000	21,03	-6,29	49,1	-29,7	-11,2	0	-111,5
44	11.09.2025 18:38:43,000	21,03	-6,29	50,0	-28,2	-11,8	0	-113,5
45	11.09.2025 18:38:44,000	21,03	-6,29	49,3	-28,4	-12,3	0	-114,3
46	11.09.2025 18:38:45,000	21,03	-6,29	50,5	-29,3	-10,2	0	-110,1
47	11.09.2025 18:38:46,000	21,03	-6,29	48,2	-29,7	-12,1	0	-113,0
48	11.09.2025 18:38:47,000	21,00	-6,29	48,8	-29,1	-12,0	0	-113,3
49	11.09.2025 18:38:48,000	21,00	-6,29	51,6	-28,1	-10,3	0	-110,9
50	11.09.2025 18:38:49,000	21,00	-6,29	51,6	-26,4	-12,0	0	-115,3
51	11.09.2025 18:38:50,000	21,00	-6,29	47,6	-29,6	-12,7	0	-114,2
52	11.09.2025 18:38:51,000	21,00	-6,29	50,3	-30,5	-9,3	0	-107,8
53	11.09.2025 18:38:52,000	21,00	-6,29	51,0	-28,2	-10,9	0	-111,9
54	11.09.2025 18:38:53,000	20,97	-6,29	48,5	-27,2	-14,3	0	-118,5
55	11.09.2025 18:38:54,000	20,97	-6,29	49,7	-30,1	-10,2	0	-109,7
56	11.09.2025 18:38:55,000	20,97	-6,29	45,0	-35,4	9,6	0	-73,8
57	11.09.2025 18:38:56,000	20,97	-6,29	47,0	-41,8	-1,2	0	-91,8
58	11.09.2025 18:38:57,000	20,97	-6,29	45,3	-41,5	3,2	0	-85,2
59	11.09.2025 18:38:58,000	20,94	-6,29	41,4	-39,4	9,2	0	-75,7
60	11.09.2025 18:38:59,000	20,94	-6,29	42,4	-39,8	7,8	0	-77,8
61	11.09.2025 18:39:00,000	20,94	-6,29	46,9	-42,3	0,8	0	-88,8
62	11.09.2025 18:39:01,000	20,94	-6,29	41,4	-42,1	6,4	1	-80,4
63	11.09.2025 18:39:02,000	20,94	-6,29	36,1	-38,2	15,6	0	-66,1
64	11.09.2025 18:39:03,000	20,94	-6,29	42,4	-44,8	-2,7	0	-93,9
65	11.09.2025 18:39:04,000	20,91	-6,29	41,7	-41,6	6,7	0	-79,9
66	11.09.2025 18:39:05,000	20,91	-6,29	41,3	-37,6	11,1	0	-72,2
67	11.09.2025 18:39:06,000	20,91	-6,29	40,8	-46,9	2,3	0	-86,8
68	11.09.2025 18:39:07,000	20,91	-6,29	39,7	-44,9	5,4	0	-82,3
69	11.09.2025 18:39:08,000	20,91	-6,29	39,8	-41,7	8,5	0	-77,3
70	11.09.2025 18:39:09,000	20,88	-6,29	43,2	-42,4	4,5	0	-83,4
71	11.09.2025 18:39:10,000	20,88	-6,29	40,6	-46,6	2,9	0	-86,1
72	11.09.2025 18:39:11,000	20,88	-6,29	37,6	-43,8	8,6	0	-77,6
73	11.09.2025 18:39:12,000	20,88	-6,29	39,3	-41,9	8,8	0	-77,0
74	11.09.2025 18:39:13,000	20,88	-6,29	42,0	-44,5	-3,5	0	-95,0
75	11.09.2025 18:39:14,000	20,88	-6,29	37,4	-45,9	6,7	1	-80,6
76	11.09.2025 18:39:15,000	20,88	-6,29	35,8	-45,5	8,7	0	-77,8
77	11.09.2025 18:39:16,000	20,85	-6,29	39,3	-47,0	3,7	0	-84,9
78	11.09.2025 18:39:17,000	20,85	-6,29	40,3	-45,8	3,9	0	-84,5
79	11.09.2025 18:39:18,000	20,85	-6,29	38,8	-44,0	7,2	0	-79,6
80	11.09.2025 18:39:19,000	20,85	-6,29	37,4	-48,0	4,7	0	-83,7
81	11.09.2025 18:39:20,000	20,85	-6,29	34,9	-47,1	8,0	0	-79,1
82	11.09.2025 18:39:21,000	20,85	-6,29	39,8	-46,0	4,3	0	-84,1
83	11.09.2025 18:39:22,000	20,82	-6,29	43,2	-46,8	0,0	0	-90,0
84	11.09.2025 18:39:23,000	20,82	-6,29	34,5	-45,0	10,5	0	-75,3
85	11.09.2025 18:39:24,000	20,82	-6,29	37,6	-45,5	7,0	0	-80,2
86	11.09.2025 18:39:25,000	20,82	-6,29	39,0	-50,2	0,8	0	-89,0
87	11.09.2025 18:39:26,000	20,82	-6,29	38,7	-51,0	-0,3	1	-90,4
88	11.09.2025 18:39:27,000	20,82	-6,29	36,4	-43,2	10,4	0	-75,0
89	11.09.2025 18:39:28,000	20,82	-6,29	41,1	-44,9	3,9	0	-84,4
90	11.09.2025 18:39:29,000	20,79	-6,29	42,2	-44,3	3,5	0	-85,0
91	11.09.2025 18:39:30,000	20,79	-6,29	37,1	-51,5	1,4	1	-88,2
92	11.09.2025 18:39:31,000	20,79	-6,29	32,9	-48,3	8,7	0	-78,3
93	11.09.2025 18:39:32,000	20,79	-6,29	37,9	-44,7	7,3	1	-79,5
94	11.09.2025 18:39:33,000	20,79	-6,29	41,9	-46,6	-1,5	0	-92,0
95	11.09.2025 18:39:34,000	20,79	-6,29	37,4	-51,5	1,1	1	-88,6
96	11.09.2025 18:39:35,000	20,76	-6,29	32,9	-45,7	11,4	0	-74,2
97	11.09.2025 18:39:36,000	20,76	-6,29	39,7	-47,3	3,0	0	-86,0
98	11.09.2025 18:39:37,000	20,76	-6,29	37,7	-51,3	1,1	0	-88,6
99	11.09.2025 18:39:38,000	20,76	-6,29	33,9	-48,8	7,3	0	-80,3
100	11.09.2025 18:39:39,000	20,76	-6,29	34,0	-48,9	7,1	0	-80,5
101	11.09.2025 18:39:40,000	20,76	-6,29	36,7	-49,8	3,5	0	-85,4
102	11.09.2025 18:39:41,000	20,76	-6,29	36,8	-49,5	3,6	0	-85,2
103	11.09.2025 18:39:42,000	20,76	-6,29	36,3	-48,0	5,7	0	-82,3
104	11.09.2025 18:39:43,000	20,73	-6,29	35,9	-47,6	6,5	0	-81,1
105	11.09.2025 18:39:44,000	20,73	-6,29	36,8	-48,1	5,1	0	-83,1
106	11.09.2025 18:39:45,000	20,73	-6,29	37,7	-50,3	2,0	0	-87,3
107	11.09.2025 18:39:46,000	20,73	-6,29	35,3	-48,8	6,0	0	-82,0
108	11.09.2025 18:39:47,000	20,73	-6,29	36,4	-45,5	8,1	0	-78,6
109	11.09.2025 18:39:48,000	20,73	-6,29	41,8	-47,4	-0,8	0	-91,0
110	11.09.2025 18:39:49,000	20,73	-6,29	38,6	-47,7	3,7	0	-85,0
111	11.09.2025 18:39:50,000	20,70	-6,29	33,6	-47,1	9,3	0	-77,3
112	11.09.2025 18:39:51,000	20,70	-6,29	37,4	-52,2	-0,3	0	-90,4
113	11.09.2025 18:39:52,000	20,70	-6,29	35,5	-49,2	5,3	0	-83,0
114	11.09.2025 18:39:53,000	20,70	-6,29	38,1	-45,6	6,3	0	-81,2
115	11.09.2025 18:39:54,000	20,70	-6,29	39,5	-48,8	1,7	0	-87,7
116	11.09.2025 18:39:55,000	20,70	-6,29	35,9	-51,1	3,0	0	-86,1
117	11.09.2025 18:39:56,000	20,70	-6,29	33,8	-47,2	9,0	0	-77,8
118	11.09.2025 18:39:57,000	20,67	-6,29	37,8	-48,9	3,3	0	-85,6
119	11.09.2025 18:39:58,000	20,67	-6,29	37,5	-48,1	-4,4	0	-95,9
120	11.09.2025 18:39:59,000	20,67	-6,29	33,2	-47,3	9,5	0	-77,1
121	11.09.2025 18:40:00,000	20,67	-6,29	36,9	-45,8	7,3	0	-79,8
122	11.09.2025 18:40:01,000	20,67	-6,29	38,1	-49,3	-2,6	0	-93,5
123	11.09.2025 18:40:02,000	20,67	-6,29	37,3	-51,8	0,9	1	-88,9
124	11.09.2025 18:40:03,000	20,67	-6,29	31,3	-47,7	11,0	0	-75,2
125	11.09.2025 18:40:04,000	20,64	-6,29	34,5	-50,7	4,8	0	-83,8
126	11.09.2025 18:40:05,000	20,64	-6,29	38,4	-48,3	-3,4	0	-94,5
127	11.09.2025 18:40:06,000	20,64	-6,29	36,1	-49,9	4,0	0	-84,7
128	11.09.2025 18:40:07,000	20,64	-6,29	32,7	-46,1	11,3	0	-74,5
129	11.09.2025 18:40:08,000	20,64	-6,29	37,5	-51,0	-1,5	0	-91,9
130	11.09.2025 18:40:09,000	20,64	-6,29	36,0	-54,0	0,0	1	-90,0
131	11.09.2025 18:40:10,000	20,64	-6,29	33,2	-48,5	8,3	0	-78,9
132	11.09.2025 18:40:11,000	20,64	-6,29	38,4	-47,3	4,3	0	-84,1
133	11.09.2025 18:40:12,000	20,64	-6,29	37,8	-48,9	-3,3	0	-94,4
134	11.09.2025 18:40:13,000	20,61	-6,29	32,4	-47,9	9,7	0	-76,9
135	11.09.2025 18:40:14,000	20,61	-6,29	34,2	-50,0	5,8	0	-82,4
136	11.09.2025 18:40:15,000	20,61	-6,29	35,6	-51,9	-2,5	0	-93,2
137	11.09.2025 18:40:16,000	20,61	-6,29	32,2	-50,0	7,8	0	-79,7
138	11.09.2025 18:40:17,000	20,61	-6,29	36,6	-50,0	3,4	0	-85,6
139	11.09.2025 18:40:18,000	20,61	-6,29	35,5	-50,6	3,9	0	-84,9
140	11.09.2025 18:40:19,000	20,61	-6,29	35,6	-51,0	3,4	0	-85,6
141	11.09.2025 18:40:20,000	20,61	-6,29	33,8	-52,8	3,4	0	-85,7
142	11.09.2025 18:40:21,000	20,61	-6,29	33,7	-51,8	4,5	0	-84,2
143	11.09.2025 18:40:22,000	20,61	-6,29	35,6	-49,9	4,5	0	-84,0
144	11.09.2025 18:40:23,000	20,58	-6,29	37,6	-49,2	3,2	0	-85,8
145	11.09.2025 18:40:24,000	20,58	-6,29	35,8	-52,5	1,7	0	-87,9
146	11.09.2025 18:40:25,000	20,58	-6,29	32,2	-50,3	7,5	0	-80,2
147	11.09.2025 18:40:26,000	20,58	-6,29	35,7	-48,9	5,4	0	-82,8
148	11.09.2025 18:40:27,000	20,58	-6,29	34,7	-49,5	-5,8	0	-97,7
149	11.09.2025 18:40:28,000	20,58	-6,29	32,8	-47,2	9,9	0	-76,5
150	11.09.2025 18:40:29,000	20,58	-6,29	33,2	-51,7	5,1	0	-83,4
151	11.09.2025 18:40:30,000	20,58	-6,29	37,4	-52,3	0,3	0	-89,6
152	11.09.2025 18:40:31,000	20,58	-6,29	32,7	-52,7	4,6	0	-84,2
153	11.09.2025 18:40:32,000	20,58	-6,29	33,9	-50,8	5,3	0	-83,1
154	11.09.2025 18:40:33,000	20,58	-6,29	35,5	-51,6	3,0	0	-86,2
155	11.09.2025 18:40:34,000	20,58	-6,29	36,4	-51,1	2,5	0	-86,7
156	11.09.2025 18:40:35,000	20,56	-6,29	33,0	-51,1	5,9	0	-82,3
157	11.09.2025 18:40:36,000	20,56	-6,29	34,1	-52,4	3,5	0	-85,6
158	11.09.2025 18:40:37,000	20,56	-6,29	34,3	-51,8	3,9	0	-85,0
159	11.09.2025 18:40:38,000	20,56	-6,29	36,8	-50,6	2,7	0	-86,5
160	11.09.2025 18:40:39,000	20,56	-6,29	34,3	-50,2	5,6	0	-82,7
161	11.09.2025 18:40:40,000	20,56	-6,29	36,3	-51,5	2,2	0	-87,1
162	11.09.2025 18:40:41,000	20,56	-6,29	35,0	-50,4	4,5	0	-84,1
163	11.09.2025 18:40:42,000	20,56	-6,29	35,8	-51,2	3,0	0	-86,2
164	11.09.2025 18:40:43,000	20,53	-6,29	35,9	-50,5	3,6	0	-85,4
165	11.09.2025 18:40:44,000	20,53	-6,29	36,5	-50,1	3,4	0	-85,5
166	11.09.2025 18:40:45,000	20,53	-6,29	32,8	-50,9	6,4	0	-81,7
167	11.09.2025 18:40:46,000	20,53	-6,29	36,4	-52,7	0,9	0	-88,8
168	11.09.2025 18:40:47,000	20,53	-6,29	35,9	-51,4	2,8	0	-86,5
169	11.09.2025 18:40:48,000	20,53	-6,29	33,7	-50,2	6,1	0	-82,0
170	11.09.2025 18:40:49,000	20,53	-6,29	34,5	-51,1	4,4	0	-84,3
171	11.09.2025 18:40:50,000	20,53	-6,29	34,5	-54,5	1,1	0	-88,7
172	11.09.2025 18:40:51,000	20,53	-6,29	34,6	-52,8	2,6	0	-86,7
173	11.09.2025 18:40:52,000	20,50	-6,29	34,3	-48,3	7,4	0	-80,0
174	11.09.2025 18:40:53,000	20,50	-6,29	35,9	-51,4	2,7	0	-86,5
175	11.09.2025 18:40:54,000	20,50	-6,29	36,2	-53,6	-0,1	0	-90,1
176	11.09.2025 18:40:55,000	20,50	-6,29	33,2	-50,9	5,9	0	-82,4
177	11.09.2025 18:40:56,000	20,50	-6,29	34,3	-49,7	5,9	0	-82,1
178	11.09.2025 18:40:57,000	20,50	-6,29	37,2	-52,2	0,6	0	-89,3
179	11.09.2025 18:40:58,000	20,50	-6,29	34,5	-51,9	3,6	0	-85,4
180	11.09.2025 18:40:59,000	20,50	-6,29	34,3	-50,2	5,5	0	-82,8
181	11.09.2025 18:41:00,000	20,47	-6,29	35,7	-53,1	1,1	0	-88,6
182	11.09.2025 18:41:01,000	20,47	-6,29	34,9	-49,3	5,8	0	-82,3
183	11.09.2025 18:41:02,000	20,47	-6,29	37,1	-49,8	3,1	0	-86,0
184	11.09.2025 18:41:03,000	20,47	-6,29	35,5	-52,3	-2,3	0	-92,9
185	11.09.2025 18:41:04,000	20,47	-6,29	29,4	-48,3	12,3	0	-73,6
186	11.09.2025 18:41:05,000	20,47	-6,29	38,0	-50,4	1,6	1	-87,9
187	11.09.2025 18:41:06,000	20,47	-6,29	36,4	-47,0	-6,6	0	-99,1
188	11.09.2025 18:41:07,000	20,47	-6,29	30,6	-51,5	7,9	1	-79,8
189	11.09.2025 18:41:08,000	20,47	-6,29	29,2	-49,7	11,1	0	-75,5
190	11.09.2025 18:41:09,000	20,47	-6,29	37,1	-48,7	-4,2	0	-95,7
191	11.09.2025 18:41:10,000	20,44	-6,29	34,0	-52,3	-3,7	1	-94,7
192	11.09.2025 18:41:11,000	20,44	-6,29	27,9	-50,7	11,4	0	-75,3
193	11.09.2025 18:41:12,000	20,44	-6,29	33,6	-52,2	4,2	1	-84,6
194	11.09.2025 18:41:13,000	20,44	-6,29	37,5	-48,5	-3,9	0	-95,3
195	11.09.2025 18:41:14,000	20,44	-6,29	34,1	-53,4	2,5	1	-86,8
196	11.09.2025 18:41:15,000	20,44	-6,29	30,4	-52,3	7,4	0	-80,6
197	11.09.2025 18:41:16,000	20,44	-6,29	32,5	-53,4	4,1	0	-84,8
198	11.09.2025 18:41:17,000	20,44	-6,29	36,5	-52,2	-1,3	0	-91,6
199	11.09.2025 18:41:18,000	20,41	-6,29	36,0	-53,0	1,0	0	-88,7
200	11.09.2025 18:41:19,000	20,41	-6,29	31,4	-49,4	9,2	0	-77,9
201	11.09.2025 18:41:20,000	20,41	-6,29	36,0	-53,2	0,8	0	-89,0
202	11.09.2025 18:41:21,000	20,41	-6,29	35,6	-53,9	0,4	0	-89,4
203	11.09.2025 18:41:22,000	20,41	-6,29	35,0	-52,2	2,8	0	-86,5
204	11.09.2025 18:41:23,000	20,41	-6,29	33,9	-50,9	5,1	0	-83,3
205	11.09.2025 18:41:24,000	20,41	-6,29	36,7	-50,0	3,3	0	-85,6
206	11.09.2025 18:41:25,000	20,41	-6,29	35,7	-51,6	-2,7	0	-93,5
207	11.09.2025 18:41:26,000	20,41	-6,29	31,5	-51,3	7,2	0	-80,7
208	11.09.2025 18:41:27,000	20,41	-6,29	32,7	-48,9	8,4	0	-78,8
209	11.09.2025 18:41:28,000	20,41	-6,29	35,0	-49,3	-5,7	0	-97,6
210	11.09.2025 18:41:29,000	20,38	-6,29	36,6	-52,4	-1,0	0	-91,3
211	11.09.2025 18:41:30,000	20,38	-6,29	30,0	-47,6	12,4	0	-73,3
212	11.09.2025 18:41:31,000	20,38	-6,29	34,2	-54,3	-1,5	0	-91,8
213	11.09.2025 18:41:32,000	20,38	-6,29	33,8	-52,2	-4,0	0	-95,0
214	11.09.2025 18:41:33,000	20,38	-6,29	32,2	-49,1	8,7	0	-78,4
215	11.09.2025 18:41:34,000	20,38	-6,29	36,9	-50,9	2,2	0	-87,1
216	11.09.2025 18:41:35,000	20,38	-6,29	40,8	-48,5	-0,7	0	-90,9
217	11.09.2025 18:41:36,000	20,38	-6,29	41,9	-44,9	3,2	0	-85,4
218	11.09.2025 18:41:37,000	20,38	-6,29	37,7	-48,0	4,3	0	-84,2
219	11.09.2025 18:41:38,000	20,35	-6,29	37,7	-49,5	2,8	0	-86,3
220	11.09.2025 18:41:39,000	20,35	-6,29	38,5	-51,2	-0,3	0	-90,4
221	11.09.2025 18:41:40,000	20,35	-6,29	38,8	-48,0	3,2	0	-85,7
222	11.09.2025 18:41:41,000	20,35	-6,29	38,8	-47,4	3,8	0	-84,8
223	11.09.2025 18:41:42,000	20,35	-6,29	34,2	-51,9	3,9	0	-85,0
224	11.09.2025 18:41:43,000	20,35	-6,29	34,9	-55,1	0,1	0	-89,9
225	11.09.2025 18:41:44,000	20,35	-6,29	33,6	-53,9	2,4	0	-87,0
226	11.09.2025 18:41:45,000	20,35	-6,29	36,4	-47,8	5,8	0	-82,1
227	11.09.2025 18:41:46,000	20,35	-6,29	37,8	-51,2	1,0	0	-88,7
228	11.09.2025 18:41:47,000	20,35	-6,29	32,0	-55,8	2,1	1	-87,4
229	11.09.2025 18:41:48,000	20,35	-6,29	30,9	-55,4	3,8	0	-85,4
230	11.09.2025 18:41:49,000	20,32	-6,29	32,8	-53,7	3,5	0	-85,6
231	11.09.2025 18:41:50,000	20,32	-6,29	34,6	-51,8	3,6	0	-85,3
232	11.09.2025 18:41:51,000	20,32	-6,29	36,0	-52,6	1,4	0	-88,2
233	11.09.2025 18:41:52,000	20,32	-6,29	35,3	-52,9	1,8	0	-87,7
234	11.09.2025 18:41:53,000	20,32	-6,29	33,8	-50,3	5,9	0	-82,2
235	11.09.2025 18:41:54,000	20,32	-6,29	38,1	-50,2	1,7	0	-87,8
236	11.09.2025 18:41:55,000	20,32	-6,29	41,2	-47,5	1,3	0	-88,2
237	11.09.2025 18:41:56,000	20,32	-6,29	44,7	-45,3	0,0	0	-90,0
238	11.09.2025 18:41:57,000	20,32	-6,29	42,0	-45,3	2,7	0	-86,2
239	11.09.2025 18:41:58,000	20,32	-6,29	43,0	-43,2	3,9	0	-84,3
240	11.09.2025 18:41:59,000	20,29	-6,29	42,6	-46,6	0,9	0	-88,8
241	11.09.2025 18:42:00,000	20,29	-6,29	36,6	-49,3	4,0	0	-84,6
242	11.09.2025 18:42:01,000	20,29	-6,29	33,1	-52,3	4,6	0	-84,1
243	11.09.2025 18:42:02,000	20,29	-6,29	33,6	-53,8	2,7	0	-86,7
244	11.09.2025 18:42:03,000	20,29	-6,29	37,0	-52,5	0,5	0	-89,4
245	11.09.2025 18:42:04,000	20,29	-6,29	38,4	-48,7	2,9	0	-86,1
246	11.09.2025 18:42:05,000	20,29	-6,29	35,4	-51,3	3,3	0	-85,8
247	11.09.2025 18:42:06,000	20,29	-6,29	32,9	-52,6	4,5	0	-84,3
248	11.09.2025 18:42:07,000	20,29	-6,29	32,6	-54,3	3,1	0	-86,1
249	11.09.2025 18:42:08,000	20,29	-6,29	32,1	-55,2	2,7	0	-86,6
250	11.09.2025 18:42:09,000	20,29	-6,29	34,4	-52,3	3,3	0	-85,8
251	11.09.2025 18:42:10,000	20,26	-6,29	34,5	-53,2	2,3	0	-87,1
252	11.09.2025 18:42:11,000	20,26	-6,29	34,8	-51,9	3,3	0	-85,8
253	11.09.2025 18:42:12,000	20,26	-6,29	35,6	-50,5	3,9	0	-84,9
254	11.09.2025 18:42:13,000	20,26	-6,29	35,2	-52,0	2,9	0	-86,3
255	11.09.2025 18:42:14,000	20,26	-6,29	36,0	-50,7	3,3	0	-85,7
256	11.09.2025 18:42:15,000	20,26	-6,29	37,9	-49,3	2,7	0	-86,4
257	11.09.2025 18:42:16,000	20,26	-6,29	40,9	-47,3	1,8	0	-87,5
258	11.09.2025 18:42:17,000	20,26	-6,29	41,6	-46,4	2,0	0	-87,2
259	11.09.2025 18:42:18,000	20,26	-6,29	42,0	-45,1	2,9	0	-85,9
260	11.09.2025 18:42:19,000	20,26	-6,29	38,0	-49,1	2,8	0	-86,2
261	11.09.2025 18:42:20,000	20,26	-6,29	35,9	-50,7	3,5	0	-85,5
262	11.09.2025 18:42:21,000	20,23	-6,29	34,8	-52,0	3,2	0	-85,9
263	11.09.2025 18:42:22,000	20,23	-6,29	35,3	-51,8	2,9	0	-86,3
264	11.09.2025 18:42:23,000	20,23	-6,29	33,7	-53,5	2,8	0	-86,4
265	11.09.2025 18:42:24,000	20,23	-6,29	33,4	-53,0	3,7	0	-85,4
266	11.09.2025 18:42:25,000	20,23	-6,29	33,5	-53,2	3,3	0	-85,9
267	11.09.2025 18:42:26,000	20,23	-6,29	32,7	-54,7	2,6	0	-86,8
268	11.09.2025 18:42:27,000	20,23	-6,29	33,5	-53,6	2,9	0	-86,3
269	11.09.2025 18:42:28,000	20,23	-6,29	34,3	-50,7	5,0	0	-83,5
270	11.09.2025 18:42:29,000	20,23	-6,29	31,9	-53,6	4,5	0	-84,4
271	11.09.2025 18:42:30,000	20,23	-6,29	29,7	-57,5	2,8	0	-86,7
272	11.09.2025 18:42:31,000	20,23	-6,29	34,2	-53,7	2,1	0	-87,4
273	11.09.2025 18:42:32,000	20,23	-6,29	39,5	-48,7	1,8	0	-87,6
274	11.09.2025 18:42:33,000	20,20	-6,29	40,5	-46,8	2,7	0	-86,3
275	11.09.2025 18:42:34,000	20,20	-6,29	37,3	-49,0	3,7	0	-85,0
276	11.09.2025 18:42:35,000	20,20	-6,29	35,1	-51,1	3,8	0	-85,1
277	11.09.2025 18:42:36,000	20,20	-6,29	35,6	-51,8	2,6	0	-86,7
278	11.09.2025 18:42:37,000	20,20	-6,29	35,7	-51,2	3,0	0	-86,1
279	11.09.2025 18:42:38,000	20,20	-6,29	36,5	-49,9	3,6	0	-85,3
280	11.09.2025 18:42:39,000	20,20	-6,29	37,4	-49,9	2,7	0	-86,5
281	11.09.2025 18:42:40,000	20,20	-6,29	37,0	-50,0	3,0	0	-86,1
282	11.09.2025 18:42:41,000	20,20	-6,29	36,3	-50,6	3,1	0	-86,0
283	11.09.2025 18:42:42,000	20,20	-6,29	37,5	-49,5	3,0	0	-86,1
284	11.09.2025 18:42:43,000	20,20	-6,29	38,5	-49,4	2,1	0	-87,2
285	11.09.2025 18:42:44,000	20,17	-6,29	39,3	-47,9	2,9	0	-86,1
286	11.09.2025 18:42:45,000	20,17	-6,29	37,8	-48,9	3,3	0	-85,6
287	11.09.2025 18:42:46,000	20,17	-6,29	35,0	-51,7	3,3	0	-85,8
288	11.09.2025 18:42:47,000	20,17	-6,29	32,0	-54,3	3,7	0	-85,4
289	11.09.2025 18:42:48,000	20,17	-6,29	33,2	-53,0	3,8	0	-85,2
290	11.09.2025 18:42:49,000	20,17	-6,29	34,6	-52,6	2,9	0	-86,4
291	11.09.2025 18:42:50,000	20,17	-6,29	35,8	-51,3	2,8	0	-86,3
292	11.09.2025 18:42:51,000	20,17	-6,29	36,0	-50,4	3,6	0	-85,3
293	11.09.2025 18:42:52,000	20,17	-6,29	33,7	-52,9	3,4	0	-85,6
294	11.09.2025 18:42:53,000	20,17	-6,29	33,6	-52,6	3,8	0	-85,2
295	11.09.2025 18:42:54,000	20,17	-6,29	35,3	-52,1	2,5	0	-86,8
296	11.09.2025 18:42:55,000	20,17	-6,29	36,9	-50,6	2,5	0	-86,8
297	11.09.2025 18:42:56,000	20,17	-6,29	39,2	-48,1	2,7	0	-86,3
298	11.09.2025 18:42:57,000	20,14	-6,29	39,6	-48,1	2,4	0	-86,8
299	11.09.2025 18:42:58,000	20,14	-6,29	39,5	-47,7	2,8	0	-86,2
300	11.09.2025 18:42:59,000	20,14	-6,29	39,6	-47,9	2,6	0	-86,5
301	11.09.2025 18:43:00,000	20,14	-6,29	39,5	-47,7	2,7	0	-86,3
302	11.09.2025 18:43:01,000	20,14	-6,29	39,9	-48,0	2,2	0	-87,1
303	11.09.2025 18:43:02,000	20,14	-6,29	38,8	-48,4	2,8	0	-86,2
304	11.09.2025 18:43:03,000	20,14	-6,29	38,8	-48,4	2,8	0	-86,2
305	11.09.2025 18:43:04,000	20,14	-6,29	37,7	-49,3	3,1	0	-85,9
306	11.09.2025 18:43:05,000	20,14	-6,29	36,4	-50,9	2,7	0	-86,5
307	11.09.2025 18:43:06,000	20,14	-6,29	36,0	-51,0	3,0	0	-86,1
308	11.09.2025 18:43:07,000	20,14	-6,29	35,6	-51,6	2,8	0	-86,4
309	11.09.2025 18:43:08,000	20,14	-6,29	34,4	-51,9	3,6	0	-85,3
310	11.09.2025 18:43:09,000	20,14	-6,29	33,5	-53,2	3,4	0	-85,7
311	11.09.2025 18:43:10,000	20,11	-6,29	34,0	-52,6	3,4	0	-85,7
312	11.09.2025 18:43:11,000	20,11	-6,29	34,4	-52,8	2,8	0	-86,4
313	11.09.2025 18:43:12,000	20,11	-6,29	33,0	-53,3	3,7	0	-85,3
314	11.09.2025 18:43:13,000	20,11	-6,29	32,3	-53,7	4,0	0	-85,0
315	11.09.2025 18:43:14,000	20,11	-6,29	31,6	-54,8	3,6	0	-85,5
316	11.09.2025 18:43:15,000	20,11	-6,29	31,7	-54,6	3,7	0	-85,4
317	11.09.2025 18:43:16,000	20,11	-6,29	32,5	-53,8	3,7	0	-85,4
318	11.09.2025 18:43:17,000	20,11	-6,29	33,0	-52,6	4,4	0	-84,4
319	11.09.2025 18:43:18,000	20,11	-6,29	33,1	-53,3	3,5	0	-85,6
320	11.09.2025 18:43:19,000	20,11	-6,29	34,4	-52,7	3,0	0	-86,2
321	11.09.2025 18:43:20,000	20,11	-6,29	35,6	-51,6	2,8	0	-86,4
322	11.09.2025 18:43:21,000	20,11	-6,29	37,0	-50,7	2,3	0	-87,0
323	11.09.2025 18:43:22,000	20,11	-6,29	34,7	-51,2	4,1	0	-84,7
324	11.09.2025 18:43:23,000	20,11	-6,29	32,0	-53,5	4,5	0	-84,3
325	11.09.2025 18:43:24,000	20,11	-6,29	30,2	-55,9	3,8	0	-85,3
326	11.09.2025 18:43:25,000	20,08	-6,29	30,0	-56,2	3,8	0	-85,4
327	11.09.2025 18:43:26,000	20,08	-6,29	30,7	-54,9	4,4	0	-84,6
328	11.09.2025 18:43:27,000	20,08	-6,29	32,4	-54,7	3,0	0	-86,3
329	11.09.2025 18:43:28,000	20,08	-6,29	34,3	-52,8	2,9	0	-86,3
330	11.09.2025 18:43:29,000	20,08	-6,29	35,3	-50,8	3,8	0	-85,0
331	11.09.2025 18:43:30,000	20,08	-6,29	36,8	-50,3	2,9	0	-86,2
332	11.09.2025 18:43:31,000	20,08	-6,29	35,5	-51,3	3,2	0	-85,8
333	11.09.2025 18:43:32,000	20,08	-6,29	33,8	-52,3	4,0	0	-85,0
334	11.09.2025 18:43:33,000	20,08	-6,29	32,7	-53,1	4,3	0	-84,6
335	11.09.2025 18:43:34,000	20,08	-6,29	34,5	-53,3	2,2	0	-87,2
336	11.09.2025 18:43:35,000	20,08	-6,29	34,7	-52,5	2,8	0	-86,5
337	11.09.2025 18:43:36,000	20,08	-6,29	35,1	-51,1	3,8	0	-85,1
338	11.09.2025 18:43:37,000	20,08	-6,29	35,1	-51,3	3,6	0	-85,3
339	11.09.2025 18:43:38,000	20,06	-6,29	34,9	-51,9	3,3	0	-85,8
340	11.09.2025 18:43:39,000	20,06	-6,29	34,3	-52,1	3,6	0	-85,4
341	11.09.2025 18:43:40,000	20,06	-6,29	34,8	-51,8	3,3	0	-85,7
342	11.09.2025 18:43:41,000	20,06	-6,29	36,0	-51,0	3,0	0	-86,1
343	11.09.2025 18:43:42,000	20,06	-6,29	34,8	-51,5	3,7	0	-85,2
344	11.09.2025 18:43:43,000	20,06	-6,29	33,6	-53,1	3,3	0	-85,8
345	11.09.2025 18:43:44,000	20,06	-6,29	33,2	-53,0	3,8	0	-85,1
346	11.09.2025 18:43:45,000	20,06	-6,29	31,8	-54,6	3,6	0	-85,6
347	11.09.2025 18:43:46,000	20,06	-6,29	32,2	-54,7	3,1	0	-86,1
348	11.09.2025 18:43:47,000	20,06	-6,29	33,7	-52,7	3,6	0	-85,4
349	11.09.2025 18:43:48,000	20,06	-6,29	35,2	-51,8	3,0	0	-86,2
350	11.09.2025 18:43:49,000	20,06	-6,29	33,8	-52,2	4,0	0	-84,9
351	11.09.2025 18:43:50,000	20,06	-6,29	31,5	-53,6	4,9	0	-83,9
352	11.09.2025 18:43:51,000	20,03	-6,29	32,0	-54,9	3,1	0	-86,1
353	11.09.2025 18:43:52,000	20,03	-6,29	33,5	-53,4	3,1	0	-86,1
354	11.09.2025 18:43:53,000	20,03	-6,29	35,5	-51,5	3,0	0	-86,1
355	11.09.2025 18:43:54,000	20,03	-6,29	36,5	-50,0	3,6	0	-85,3
356	11.09.2025 18:43:55,000	20,03	-6,29	37,1	-49,7	3,2	0	-85,8
357	11.09.2025 18:43:56,000	20,03	-6,29	35,8	-51,2	2,9	0	-86,2
358	11.09.2025 18:43:57,000	20,03	-6,29	33,7	-52,1	4,2	0	-84,6
359	11.09.2025 18:43:58,000	20,03	-6,29	32,0	-54,3	3,7	0	-85,4
360	11.09.2025 18:43:59,000	20,03	-6,29	31,3	-55,2	3,4	0	-85,8
361	11.09.2025 18:44:00,000	20,03	-6,29	32,0	-54,2	3,7	0	-85,3
362	11.09.2025 18:44:01,000	20,03	-6,29	31,9	-54,3	3,8	0	-85,3
363	11.09.2025 18:44:02,000	20,00	-6,29	32,7	-54,0	3,3	0	-85,9
364	11.09.2025 18:44:03,000	20,00	-6,29	33,5	-52,9	3,6	0	-85,4
365	11.09.2025 18:44:04,000	20,00	-6,29	33,6	-52,2	4,2	0	-84,7
366	11.09.2025 18:44:05,000	20,00	-6,29	34,1	-52,5	3,4	0	-85,7
367	11.09.2025 18:44:06,000	20,00	-6,29	35,4	-51,4	3,1	0	-85,9
368	11.09.2025 18:44:07,000	20,00	-6,29	38,5	-49,0	2,4	0	-86,7
369	11.09.2025 18:44:08,000	20,00	-6,29	39,0	-48,6	2,4	0	-86,8
370	11.09.2025 18:44:09,000	20,00	-6,29	36,4	-49,6	4,0	0	-84,8
371	11.09.2025 18:44:10,000	20,00	-6,29	32,5	-53,6	3,9	0	-85,1
372	11.09.2025 18:44:11,000	20,00	-6,29	31,3	-55,0	3,7	0	-85,4
373	11.09.2025 18:44:12,000	20,00	-6,29	32,8	-54,4	2,8	0	-86,5
374	11.09.2025 18:44:13,000	20,00	-6,29	34,1	-53,0	2,9	0	-86,4
375	11.09.2025 18:44:14,000	20,00	-6,29	35,8	-51,3	2,9	0	-86,2
376	11.09.2025 18:44:15,000	20,00	-6,29	33,2	-51,5	5,3	0	-83,2
377	11.09.2025 18:44:16,000	20,00	-6,29	31,7	-54,3	4,0	0	-85,1
378	11.09.2025 18:44:17,000	19,97	-6,29	30,7	-55,5	3,8	0	-85,3
379	11.09.2025 18:44:18,000	19,97	-6,29	32,3	-54,3	3,4	0	-85,7
380	11.09.2025 18:44:19,000	19,97	-6,29	34,7	-52,6	2,6	0	-86,7
381	11.09.2025 18:44:20,000	19,97	-6,29	35,6	-51,4	3,1	0	-86,0
382	11.09.2025 18:44:21,000	19,97	-6,29	34,2	-51,6	4,1	0	-84,7
383	11.09.2025 18:44:22,000	19,97	-6,29	32,8	-53,7	3,5	0	-85,6
384	11.09.2025 18:44:23,000	19,97	-6,29	33,1	-53,5	3,4	0	-85,7
385	11.09.2025 18:44:24,000	19,97	-6,29	35,2	-51,8	2,9	0	-86,2
386	11.09.2025 18:44:25,000	19,97	-6,29	38,8	-49,2	2,0	0	-87,3
387	11.09.2025 18:44:26,000	19,97	-6,29	38,7	-48,0	3,3	0	-85,5
388	11.09.2025 18:44:27,000	19,97	-6,29	36,9	-49,5	3,5	0	-85,3
389	11.09.2025 18:44:28,000	19,97	-6,29	34,4	-51,0	4,5	0	-84,1
390	11.09.2025 18:44:29,000	19,97	-6,29	31,7	-54,4	4,0	0	-85,1
391	11.09.2025 18:44:30,000	19,97	-6,29	30,3	-56,6	3,1	0	-86,3
392	11.09.2025 18:44:31,000	19,94	-6,29	32,5	-54,3	3,2	0	-86,1
393	11.09.2025 18:44:32,000	19,94	-6,29	34,2	-52,9	2,9	0	-86,4
394	11.09.2025 18:44:33,000	19,94	-6,29	36,6	-51,2	2,2	0	-87,1
395	11.09.2025 18:44:34,000	19,94	-6,29	36,4	-50,2	3,4	0	-85,5
396	11.09.2025 18:44:35,000	19,94	-6,29	33,1	-51,9	5,0	0	-83,6
397	11.09.2025 18:44:36,000	19,94	-6,29	30,9	-55,0	4,1	0	-84,9
398	11.09.2025 18:44:37,000	19,94	-6,29	31,1	-55,3	3,6	0	-85,5
399	11.09.2025 18:44:38,000	19,94	-6,29	32,6	-54,7	2,7	0	-86,6
400	11.09.2025 18:44:39,000	19,94	-6,29	37,1	-51,1	1,9	0	-87,6
401	11.09.2025 18:44:40,000	19,94	-6,29	39,1	-48,6	2,3	0	-86,9
402	11.09.2025 18:44:41,000	19,94	-6,29	37,6	-49,1	3,3	0	-85,6
403	11.09.2025 18:44:42,000	19,94	-6,29	34,4	-51,4	4,2	0	-84,5
404	11.09.2025 18:44:43,000	19,94	-6,29	31,9	-54,2	3,9	0	-85,1
405	11.09.2025 18:44:44,000	19,94	-6,29	29,9	-56,0	4,1	0	-85,0
406	11.09.2025 18:44:45,000	19,91	-6,29	31,8	-55,2	3,0	0	-86,3
407	11.09.2025 18:44:46,000	19,91	-6,29	33,5	-53,5	3,1	0	-86,2
408	11.09.2025 18:44:47,000	19,91	-6,29	36,0	-51,5	2,5	0	-86,8
409	11.09.2025 18:44:48,000	19,91	-6,29	38,6	-49,3	2,2	0	-87,1
410	11.09.2025 18:44:49,000	19,91	-6,29	37,0	-49,4	3,5	0	-85,3
411	11.09.2025 18:44:50,000	19,91	-6,29	34,4	-51,3	4,3	0	-84,5
412	11.09.2025 18:44:51,000	19,91	-6,29	31,0	-55,0	4,0	0	-85,1
413	11.09.2025 18:44:52,000	19,91	-6,29	29,5	-56,7	3,8	0	-85,4
414	11.09.2025 18:44:53,000	19,91	-6,29	30,7	-55,9	3,4	0	-85,9
415	11.09.2025 18:44:54,000	19,91	-6,29	33,9	-53,6	2,5	0	-86,9
416	11.09.2025 18:44:55,000	19,91	-6,29	36,8	-51,2	2,0	0	-87,4
417	11.09.2025 18:44:56,000	19,91	-6,29	37,8	-49,1	3,1	0	-85,9
418	11.09.2025 18:44:57,000	19,88	-6,29	36,5	-49,7	3,9	0	-84,9
419	11.09.2025 18:44:58,000	19,88	-6,29	35,3	-50,8	4,0	0	-84,8
420	11.09.2025 18:44:59,000	19,88	-6,29	34,4	-52,3	3,2	0	-85,9
421	11.09.2025 18:45:00,000	19,88	-6,29	35,4	-51,6	3,0	0	-86,1
422	11.09.2025 18:45:01,000	19,88	-6,29	35,0	-51,9	3,1	0	-86,0
423	11.09.2025 18:45:02,000	19,88	-6,29	34,1	-52,1	3,8	0	-85,1
424	11.09.2025 18:45:03,000	19,88	-6,29	32,4	-53,9	3,6	0	-85,5
425	11.09.2025 18:45:04,000	19,88	-6,29	32,0	-54,6	3,4	0	-85,8
426	11.09.2025 18:45:05,000	19,88	-6,29	32,3	-54,9	2,9	0	-86,5
427	11.09.2025 18:45:06,000	19,88	-6,29	33,0	-54,2	2,8	0	-86,5
428	11.09.2025 18:45:07,000	19,88	-6,29	33,3	-53,3	3,5	0	-85,6
429	11.09.2025 18:45:08,000	19,88	-6,29	32,9	-53,1	4,0	0	-85,0
430	11.09.2025 18:45:09,000	19,88	-6,29	31,5	-54,2	4,3	0	-84,6
431	11.09.2025 18:45:10,000	19,88	-6,29	31,0	-54,8	4,2	0	-84,8
432	11.09.2025 18:45:11,000	19,88	-6,29	32,0	-54,5	3,5	0	-85,6
433	11.09.2025 18:45:12,000	19,85	-6,29	34,0	-52,5	3,4	0	-85,7
434	11.09.2025 18:45:13,000	19,85	-6,29	38,3	-50,2	1,5	0	-88,0
435	11.09.2025 18:45:14,000	19,85	-6,29	39,6	-48,3	2,1	0	-87,2
436	11.09.2025 18:45:15,000	19,85	-6,29	38,5	-48,4	3,1	0	-85,8
437	11.09.2025 18:45:16,000	19,85	-6,29	35,3	-51,1	3,5	0	-85,4
438	11.09.2025 18:45:17,000	19,85	-6,29	32,5	-53,7	3,8	0	-85,2
439	11.09.2025 18:45:18,000	19,85	-6,29	32,6	-54,0	3,4	0	-85,8
440	11.09.2025 18:45:19,000	19,85	-6,29	31,7	-54,7	3,7	0	-85,5
441	11.09.2025 18:45:20,000	19,85	-6,29	31,5	-54,4	4,1	0	-84,9
442	11.09.2025 18:45:21,000	19,85	-6,29	31,1	-55,2	3,7	0	-85,4
443	11.09.2025 18:45:22,000	19,85	-6,29	32,5	-54,9	2,6	0	-86,8
444	11.09.2025 18:45:23,000	19,85	-6,29	34,7	-52,5	2,8	0	-86,4
445	11.09.2025 18:45:24,000	19,85	-6,29	35,2	-51,2	3,6	0	-85,3
446	11.09.2025 18:45:25,000	19,85	-6,29	35,9	-51,1	3,0	0	-86,1
447	11.09.2025 18:45:26,000	19,82	-6,29	34,3	-51,8	3,8	0	-85,1
448	11.09.2025 18:45:27,000	19,82	-6,29	31,5	-54,5	4,1	0	-84,9
449	11.09.2025 18:45:28,000	19,82	-6,29	31,2	-55,2	3,6	0	-85,6
450	11.09.2025 18:45:29,000	19,82	-6,29	32,5	-54,2	3,3	0	-85,9
451	11.09.2025 18:45:30,000	19,82	-6,29	33,4	-53,1	3,5	0	-85,6
452	11.09.2025 18:45:31,000	19,82	-6,29	33,7	-52,8	3,5	0	-85,6
453	11.09.2025 18:45:32,000	19,82	-6,29	32,4	-53,3	4,3	0	-84,5
454	11.09.2025 18:45:33,000	19,82	-6,29	32,4	-54,2	3,4	0	-85,8
455	11.09.2025 18:45:34,000	19,82	-6,29	34,8	-52,9	2,3	0	-87,0
456	11.09.2025 18:45:35,000	19,82	-6,29	35,5	-51,2	3,3	0	-85,8
457	11.09.2025 18:45:36,000	19,82	-6,29	36,3	-50,6	3,2	0	-85,9
458	11.09.2025 18:45:37,000	19,82	-6,29	36,1	-50,6	3,4	0	-85,6
459	11.09.2025 18:45:38,000	19,82	-6,29	35,1	-51,2	3,8	0	-85,1
460	11.09.2025 18:45:39,000	19,79	-6,29	35,2	-52,1	2,7	0	-86,5
461	11.09.2025 18:45:40,000	19,79	-6,29	35,4	-51,7	2,9	0	-86,3
462	11.09.2025 18:45:41,000	19,79	-6,29	36,0	-50,7	3,2	0	-85,8
463	11.09.2025 18:45:42,000	19,79	-6,29	36,0	-51,2	2,8	0	-86,4
464	11.09.2025 18:45:43,000	19,79	-6,29	34,8	-51,8	3,5	0	-85,6
465	11.09.2025 18:45:44,000	19,79	-6,29	33,6	-52,3	4,2	0	-84,7
466	11.09.2025 18:45:45,000	19,79	-6,29	31,7	-54,6	3,7	0	-85,4
467	11.09.2025 18:45:46,000	19,79	-6,29	31,7	-54,9	3,4	0	-85,8
468	11.09.2025 18:45:47,000	19,79	-6,29	32,7	-54,0	3,3	0	-85,9
469	11.09.2025 18:45:48,000	19,79	-6,29	34,2	-52,4	3,4	0	-85,7
470	11.09.2025 18:45:49,000	19,79	-6,29	36,7	-50,9	2,4	0	-87,0
471	11.09.2025 18:45:50,000	19,79	-6,29	37,9	-49,6	2,4	0	-86,8
472	11.09.2025 18:45:51,000	19,79	-6,29	36,6	-49,9	3,6	0	-85,3
473	11.09.2025 18:45:52,000	19,79	-6,29	35,1	-50,9	4,0	0	-84,8
474	11.09.2025 18:45:53,000	19,79	-6,29	33,7	-52,8	3,5	0	-85,5
475	11.09.2025 18:45:54,000	19,76	-6,29	32,0	-53,7	4,3	0	-84,6
476	11.09.2025 18:45:55,000	19,79	-6,29	31,8	-54,3	3,9	0	-85,2
477	11.09.2025 18:45:56,000	19,76	-6,29	31,1	-55,1	3,7	0	-85,4
478	11.09.2025 18:45:57,000	19,76	-6,29	32,6	-54,3	3,1	0	-86,1
479	11.09.2025 18:45:58,000	19,76	-6,29	34,9	-52,9	2,2	0	-87,3
480	11.09.2025 18:45:59,000	19,76	-6,29	36,4	-51,0	2,6	0	-86,7
481	11.09.2025 18:46:00,000	19,76	-6,29	35,8	-50,8	3,4	0	-85,6
482	11.09.2025 18:46:01,000	19,76	-6,29	33,8	-52,2	4,0	0	-84,9
483	11.09.2025 18:46:02,000	19,76	-6,29	31,4	-54,2	4,4	0	-84,5
484	11.09.2025 18:46:03,000	19,76	-6,29	31,6	-55,0	3,5	0	-85,7
485	11.09.2025 18:46:04,000	19,76	-6,29	31,3	-55,4	3,3	0	-86,0
486	11.09.2025 18:46:05,000	19,76	-6,29	32,8	-53,8	3,3	0	-85,8
487	11.09.2025 18:46:06,000	19,76	-6,29	34,8	-52,6	2,6	0	-86,6
488	11.09.2025 18:46:07,000	19,76	-6,29	35,9	-51,2	2,9	0	-86,3
489	11.09.2025 18:46:08,000	19,76	-6,29	36,4	-51,0	2,7	0	-86,5
490	11.09.2025 18:46:09,000	19,73	-6,29	34,5	-51,4	4,1	0	-84,7
491	11.09.2025 18:46:10,000	19,73	-6,29	34,0	-52,7	3,3	0	-85,8
492	11.09.2025 18:46:11,000	19,73	-6,29	33,6	-53,5	3,0	0	-86,3
493	11.09.2025 18:46:12,000	19,73	-6,29	33,5	-52,7	3,7	0	-85,3
494	11.09.2025 18:46:13,000	19,73	-6,29	33,8	-53,0	3,2	0	-85,9
495	11.09.2025 18:46:14,000	19,73	-6,29	33,9	-53,3	2,8	0	-86,5
496	11.09.2025 18:46:15,000	19,73	-6,29	32,3	-53,5	4,2	0	-84,7
497	11.09.2025 18:46:16,000	19,73	-6,29	32,2	-54,2	3,6	0	-85,6
498	11.09.2025 18:46:17,000	19,73	-6,29	33,2	-53,9	2,9	0	-86,3
499	11.09.2025 18:46:18,000	19,73	-6,29	34,6	-52,5	2,9	0	-86,3
500	11.09.2025 18:46:19,000	19,73	-6,29	34,6	-51,6	3,8	0	-85,2
501	11.09.2025 18:46:20,000	19,73	-6,29	34,7	-52,4	2,9	0	-86,3
502	11.09.2025 18:46:21,000	19,73	-6,29	34,3	-52,0	3,7	0	-85,2
503	11.09.2025 18:46:22,000	19,73	-6,29	34,7	-52,2	3,1	0	-86,0
504	11.09.2025 18:46:23,000	19,70	-6,29	34,1	-52,5	3,4	0	-85,6
505	11.09.2025 18:46:24,000	19,70	-6,29	34,0	-52,4	3,6	0	-85,4
506	11.09.2025 18:46:25,000	19,70	-6,29	34,9	-52,4	2,7	0	-86,5
507	11.09.2025 18:46:26,000	19,70	-6,29	33,7	-52,5	3,8	0	-85,2
508	11.09.2025 18:46:27,000	19,70	-6,29	32,7	-53,5	3,8	0	-85,2
509	11.09.2025 18:46:28,000	19,70	-6,29	31,3	-55,0	3,7	0	-85,4
510	11.09.2025 18:46:29,000	19,70	-6,29	30,6	-55,7	3,7	0	-85,5
511	11.09.2025 18:46:30,000	19,70	-6,29	30,9	-55,7	3,4	0	-85,8
512	11.09.2025 18:46:31,000	19,70	-6,29	32,5	-54,0	3,5	0	-85,7
513	11.09.2025 18:46:32,000	19,70	-6,29	35,2	-51,6	3,2	0	-85,9
514	11.09.2025 18:46:33,000	19,70	-6,29	37,3	-50,0	2,7	0	-86,4
515	11.09.2025 18:46:34,000	19,70	-6,29	36,2	-50,2	3,6	0	-85,3
516	11.09.2025 18:46:35,000	19,70	-6,29	35,6	-50,8	3,6	0	-85,3
517	11.09.2025 18:46:36,000	19,70	-6,29	34,7	-52,1	3,2	0	-85,9
518	11.09.2025 18:46:37,000	19,70	-6,29	34,0	-52,8	3,3	0	-85,9
519	11.09.2025 18:46:38,000	19,67	-6,29	33,7	-52,3	3,9	0	-85,0
520	11.09.2025 18:46:39,000	19,67	-6,29	33,3	-52,6	4,1	0	-84,8
521	11.09.2025 18:46:40,000	19,67	-6,29	32,4	-52,4	5,2	0	-83,3
522	11.09.2025 18:46:41,000	19,67	-6,29	33,5	-52,0	4,6	0	-84,2
523	11.09.2025 18:46:42,000	19,67	-6,29	34,3	-51,5	4,2	0	-84,6
524	11.09.2025 18:46:43,000	19,67	-6,29	34,9	-50,3	4,8	0	-83,7
525	11.09.2025 18:46:44,000	19,67	-6,29	34,5	-51,0	4,5	0	-84,1
526	11.09.2025 18:46:45,000	19,67	-6,29	33,4	-52,1	4,5	0	-84,3
527	11.09.2025 18:46:46,000	19,67	-6,29	32,8	-52,9	4,3	0	-84,6
528	11.09.2025 18:46:47,000	19,67	-6,29	33,5	-52,8	3,7	0	-85,3
529	11.09.2025 18:46:48,000	19,67	-6,29	33,4	-52,4	4,2	0	-84,6
530	11.09.2025 18:46:49,000	19,67	-6,29	34,0	-52,3	3,6	0	-85,4
531	11.09.2025 18:46:50,000	19,67	-6,29	34,4	-52,1	3,5	0	-85,6
532	11.09.2025 18:46:51,000	19,67	-6,29	34,2	-52,0	3,7	0	-85,2
533	11.09.2025 18:46:52,000	19,67	-6,29	34,5	-51,8	3,7	0	-85,2
534	11.09.2025 18:46:53,000	19,67	-6,29	35,4	-51,9	2,7	0	-86,5
535	11.09.2025 18:46:54,000	19,67	-6,29	35,1	-51,4	3,4	0	-85,6
536	11.09.2025 18:46:55,000	19,67	-6,29	33,0	-53,2	3,8	0	-85,2
537	11.09.2025 18:46:56,000	19,67	-6,29	31,7	-55,0	3,2	0	-86,0
538	11.09.2025 18:46:57,000	19,64	-6,29	32,8	-54,9	2,3	0	-87,2
539	11.09.2025 18:46:58,000	19,64	-6,29	35,8	-53,5	0,8	0	-89,1
540	11.09.2025 18:46:59,000	19,64	-6,29	38,2	-50,8	1,0	0	-88,8
541	11.09.2025 18:47:00,000	19,64	-6,29	36,8	-52,4	0,8	0	-89,0
542	11.09.2025 18:47:01,000	19,64	-6,29	32,1	-56,9	1,0	0	-88,8
543	11.09.2025 18:47:02,000	19,64	-6,29	31,6	-58,3	-0,1	0	-90,1
544	11.09.2025 18:47:03,000	19,64	-6,29	28,0	-57,9	-4,1	0	-94,8
545	11.09.2025 18:47:04,000	19,64	-6,29	30,9	-56,7	-2,4	0	-92,8
546	11.09.2025 18:47:05,000	19,64	-6,29	22,3	-65,2	-2,5	0	-92,8
547	11.09.2025 18:47:06,000	19,64	-6,29	19,1	-67,1	3,8	0	-85,8
548	11.09.2025 18:47:07,000	19,64	-6,29	18,0	-65,5	6,5	0	-82,7
549	11.09.2025 18:47:08,000	19,64	-6,29	22,5	-60,0	7,5	0	-81,2
550	11.09.2025 18:47:09,000	19,64	-6,29	43,8	-43,4	2,8	0	-85,9
551	11.09.2025 18:47:10,000	19,64	-6,29	60,9	-28,9	-0,3	0	-90,5
552	11.09.2025 18:47:11,000	19,64	-6,29	58,2	-29,8	-2,0	0	-94,0
553	11.09.2025 18:47:12,000	19,64	-6,29	54,9	-29,4	-5,7	0	-101,6
554	11.09.2025 18:47:13,000	19,64	-6,29	60,8	-27,9	-1,3	0	-92,7
555	11.09.2025 18:47:14,000	19,64	-6,29	61,3	-28,3	-0,4	0	-90,9
556	11.09.2025 18:47:15,000	19,64	-6,29	63,7	-25,4	0,9	0	-87,8
557	11.09.2025 18:47:16,000	19,64	-6,29	68,0	-21,5	-0,5	0	-87,8
558	11.09.2025 18:47:17,000	19,61	-6,29	61,9	-23,1	-5,1	0	-87,8
559	11.09.2025 18:47:18,000	19,61	-6,29	48,3	-38,8	-2,8	0	-94,5
560	11.09.2025 18:47:19,000	19,61	-6,29	63,6	-23,5	2,9	0	-94,5
561	11.09.2025 18:47:20,000	19,61	-6,29	48,9	-31,3	9,7	0	-71,9
562	11.09.2025 18:47:21,000	19,61	-6,29	42,1	-38,0	9,9	0	-74,1
563	11.09.2025 18:47:22,000	19,61	-6,29	42,6	-37,4	10,0	0	-73,8
564	11.09.2025 18:47:23,000	19,61	-6,29	44,4	-36,6	8,9	0	-75,2
565	11.09.2025 18:47:24,000	19,61	-6,29	48,2	-33,7	8,2	0	-75,5
566	11.09.2025 18:47:25,000	19,61	-6,29	46,7	-33,8	9,5	0	-73,3
567	11.09.2025 18:47:26,000	19,61	-6,29	44,5	-35,6	9,8	0	-73,5
568	11.09.2025 18:47:27,000	19,61	-6,29	41,2	-38,2	10,6	0	-73,2
569	11.09.2025 18:47:28,000	19,61	-6,29	42,7	-37,7	9,5	0	-74,6
570	11.09.2025 18:47:29,000	19,61	-6,29	46,2	-35,0	8,7	0	-75,0
571	11.09.2025 18:47:30,000	19,61	-6,29	60,1	-25,0	4,9	0	-78,4
572	11.09.2025 18:47:31,000	19,58	-6,29	59,6	-25,2	5,2	0	-78,0
573	11.09.2025 18:47:32,000	19,58	-6,29	60,1	-24,8	5,1	0	-77,9
574	11.09.2025 18:47:33,000	19,58	-6,29	59,7	-25,2	5,0	0	-78,4
575	11.09.2025 18:47:34,000	19,58	-6,29	59,3	-25,2	5,6	0	-77,1
576	11.09.2025 18:47:35,000	19,58	-6,29	54,8	-28,9	6,4	0	-77,0
577	11.09.2025 18:47:36,000	19,58	-6,29	55,8	-27,8	6,4	0	-76,4
578	11.09.2025 18:47:37,000	19,58	-6,29	59,9	-25,3	4,8	0	-79,0
579	11.09.2025 18:47:38,000	19,58	-6,29	59,9	-25,0	5,0	0	-78,2
580	11.09.2025 18:47:39,000	19,58	-6,29	60,4	-24,8	4,9	0	-78,5
581	11.09.2025 18:47:40,000	19,58	-6,29	60,0	-25,0	5,0	0	-78,4
582	11.09.2025 18:47:41,000	19,58	-6,29	62,5	-24,9	2,6	0	-83,8
583	11.09.2025 18:47:42,000	19,58	-6,29	61,1	-27,6	1,4	0	-87,1
584	11.09.2025 18:47:43,000	19,58	-6,29	60,6	-24,6	4,8	0	-78,6
585	11.09.2025 18:47:44,000	19,58	-6,29	57,1	-27,8	5,1	0	-79,3
586	11.09.2025 18:47:45,000	19,58	-6,29	60,4	-24,8	4,8	0	-78,6
587	11.09.2025 18:47:46,000	19,58	-6,29	60,3	-24,7	5,0	0	-78,2
588	11.09.2025 18:47:47,000	19,55	-6,29	59,9	-25,3	4,8	0	-78,9
589	11.09.2025 18:47:48,000	19,55	-6,29	60,4	-24,8	4,8	0	-78,8
590	11.09.2025 18:47:49,000	19,55	-6,29	60,3	-24,7	5,0	0	-78,2
591	11.09.2025 18:47:50,000	19,55	-6,29	60,0	-25,0	5,0	0	-78,3
592	11.09.2025 18:47:51,000	19,55	-6,29	59,7	-26,0	4,2	1	-80,4
593	11.09.2025 18:47:52,000	19,55	-6,29	10,9	-77,2	2,0	0	-87,9
594	11.09.2025 18:47:53,000	19,55	-6,29	10,4	-7,0	-72,5	0	-172,4
595	11.09.2025 18:47:54,000	19,55	-6,29	52,0	6,4	31,6	1	12,1
596	11.09.2025 18:47:55,000	19,55	-6,29	-24,3	-39,5	26,2	0	-54,8
597	11.09.2025 18:47:56,000	19,55	-6,29	-33,5	-56,3	-0,2	1	-90,2
598	11.09.2025 18:47:57,000	19,49	-6,29	86,3	-3,2	-0,4	1	-90,2
599	11.09.2025 18:47:58,000	19,44	-6,29	28,0	-11,2	50,8	0	-14,5
600	11.09.2025 18:47:59,000	19,38	-6,29	27,9	-12,3	49,8	0	-16,0
601	11.09.2025 18:48:00,000	19,38	-6,29	32,2	-12,2	45,6	0	-16,9
602	11.09.2025 18:48:01,000	19,35	-6,29	31,9	-11,2	47,0	0	-15,2
603	11.09.2025 18:48:02,000	19,35	-6,29	28,0	-10,5	51,6	0	-13,4
604	11.09.2025 18:48:03,000	19,35	-6,29	35,0	-0,9	54,0	1	-1,2
605	11.09.2025 18:48:04,000	19,32	-6,29	24,2	-12,9	52,9	1	-16,2
606	11.09.2025 18:48:05,000	19,32	-6,29	27,7	3,3	59,0	0	4,0
607	11.09.2025 18:48:06,000	19,32	-6,29	41,0	5,6	43,4	0	8,2
608	11.09.2025 18:48:07,000	19,32	-6,29	32,4	17,2	40,4	1	25,0
609	11.09.2025 18:48:08,000	19,32	-6,29	38,3	16,2	35,5	0	26,1
610	11.09.2025 18:48:09,000	19,32	-6,29	49,6	10,3	30,1	0	19,7
611	11.09.2025 18:48:10,000	19,29	-6,29	35,6	4,8	49,6	0	6,3
612	11.09.2025 18:48:11,000	19,29	-6,29	37,5	-2,5	50,0	0	-3,3
613	11.09.2025 18:48:12,000	19,29	-6,29	57,0	-1,3	31,6	0	-2,5
614	11.09.2025 18:48:13,000	19,29	-6,29	53,0	-5,5	31,6	0	-10,3
615	11.09.2025 18:48:14,000	19,29	-6,29	57,4	1,8	30,9	0	3,4
616	11.09.2025 18:48:15,000	19,29	-6,29	38,9	-5,0	46,1	0	-7,0
617	11.09.2025 18:48:16,000	19,29	-6,29	35,8	-7,4	46,8	0	-10,2
618	11.09.2025 18:48:17,000	19,29	-6,29	29,2	-15,0	45,8	1	-20,4
619	11.09.2025 18:48:18,000	19,29	-6,29	52,0	-5,9	32,1	0	-11,0
620	11.09.2025 18:48:19,000	19,29	-6,29	64,7	-9,5	15,8	0	-11,0
621	11.09.2025 18:48:20,000	19,29	-6,29	61,9	-6,7	21,4	0	-11,0
622	11.09.2025 18:48:21,000	19,26	-6,29	45,4	-1,8	42,8	0	-2,6
623	11.09.2025 18:48:22,000	19,26	-6,29	41,1	0,2	48,6	0	0,3
624	11.09.2025 18:48:23,000	19,26	-6,29	41,8	-2,8	45,5	0	-3,9
625	11.09.2025 18:48:24,000	19,26	-6,29	46,3	-1,4	42,3	0	-2,1
626	11.09.2025 18:48:25,000	19,26	-6,29	45,6	-1,1	43,3	0	-1,6
627	11.09.2025 18:48:26,000	19,26	-6,29	48,7	0,7	40,6	0	1,1
628	11.09.2025 18:48:27,000	19,26	-6,29	49,0	6,1	34,9	0	10,5
629	11.09.2025 18:48:28,000	19,26	-6,29	51,8	7,0	31,2	0	13,3
630	11.09.2025 18:48:29,000	19,26	-6,29	51,4	4,3	34,3	0	7,6
631	11.09.2025 18:48:30,000	19,23	-6,29	57,1	2,6	30,3	0	5,1
632	11.09.2025 18:48:31,000	19,23	-6,29	59,7	-0,2	30,1	0	-0,4
633	11.09.2025 18:48:32,000	19,23	-6,29	59,3	-2,7	28,0	0	-5,7
634	11.09.2025 18:48:33,000	19,23	-6,29	63,0	-2,2	24,8	0	-5,3
635	11.09.2025 18:48:34,000	19,23	-6,29	58,5	-0,1	31,4	0	-0,2
636	11.09.2025 18:48:35,000	19,23	-6,29	45,9	2,5	41,6	0	3,8
637	11.09.2025 18:48:36,000	19,23	-6,29	49,8	2,8	37,4	0	4,6
638	11.09.2025 18:48:37,000	19,20	-6,29	56,4	0,2	33,4	0	0,4
639	11.09.2025 18:48:38,000	19,20	-6,29	59,0	-2,6	28,4	0	-5,5
640	11.09.2025 18:48:39,000	19,20	-6,29	55,5	-1,8	32,7	0	-3,3
641	11.09.2025 18:48:40,000	19,20	-6,29	52,4	-2,5	35,1	0	-4,4
642	11.09.2025 18:48:41,000	19,20	-6,29	52,9	-1,8	35,4	0	-3,0
643	11.09.2025 18:48:42,000	19,20	-6,29	45,8	-5,0	39,2	0	-7,9
644	11.09.2025 18:48:43,000	19,17	-6,29	51,2	-3,6	35,3	0	-6,2
645	11.09.2025 18:48:44,000	19,17	-6,29	55,4	-6,3	28,3	0	-13,2
646	11.09.2025 18:48:45,000	19,17	-6,29	55,7	-6,6	27,6	0	-14,1
647	11.09.2025 18:48:46,000	19,17	-6,29	54,8	-2,1	33,1	0	-3,8
648	11.09.2025 18:48:47,000	19,17	-6,29	40,0	-4,1	45,9	0	-5,8
649	11.09.2025 18:48:48,000	19,17	-6,29	43,2	-8,6	38,3	0	-13,7
650	11.09.2025 18:48:49,000	19,17	-6,29	55,1	-6,4	28,5	0	-13,3
651	11.09.2025 18:48:50,000	19,17	-6,29	57,6	-3,8	28,6	0	-7,8
652	11.09.2025 18:48:51,000	19,17	-6,29	56,6	-4,6	28,8	0	-9,6
653	11.09.2025 18:48:52,000	19,17	-6,29	52,4	-3,1	34,5	0	-5,6
654	11.09.2025 18:48:53,000	19,17	-6,29	52,8	-3,8	33,4	0	-6,9
655	11.09.2025 18:48:54,000	19,17	-6,29	52,9	-2,0	35,1	0	-3,5
656	11.09.2025 18:48:55,000	19,14	-6,29	48,8	-0,9	40,3	0	-1,4
657	11.09.2025 18:48:56,000	19,14	-6,29	45,0	-10,5	34,5	0	-18,0
658	11.09.2025 18:48:57,000	19,14	-6,29	53,6	-10,1	26,3	0	-21,8
659	11.09.2025 18:48:58,000	19,14	-6,29	57,7	-8,0	24,3	0	-18,7
660	11.09.2025 18:48:59,000	19,14	-6,29	47,2	-7,8	35,0	0	-13,5
661	11.09.2025 18:49:00,000	19,14	-6,29	46,1	-7,6	36,3	0	-12,8
662	11.09.2025 18:49:01,000	19,14	-6,29	54,9	-8,2	26,9	0	-17,5
663	11.09.2025 18:49:02,000	19,11	-6,29	65,4	1,5	23,1	0	-17,5
664	11.09.2025 18:49:03,000	19,11	-6,29	61,0	-0,2	28,8	0	-0,4
665	11.09.2025 18:49:04,000	19,11	-6,29	54,4	-0,2	35,3	0	-0,4
666	11.09.2025 18:49:05,000	19,11	-6,29	52,8	2,0	35,3	0	3,4
667	11.09.2025 18:49:06,000	19,11	-6,29	51,0	-5,3	33,7	0	-9,5
668	11.09.2025 18:49:07,000	19,11	-6,29	52,5	-14,0	23,6	0	-31,2
669	11.09.2025 18:49:08,000	19,11	-6,29	56,5	-16,3	17,3	0	-43,4
670	11.09.2025 18:49:09,000	19,11	-6,29	59,5	-7,1	23,4	0	-17,4
671	11.09.2025 18:49:10,000	19,08	-6,29	56,0	-8,6	25,4	0	-19,4
672	11.09.2025 18:49:11,000	19,08	-6,29	55,1	-12,2	22,7	0	-28,7
673	11.09.2025 18:49:12,000	19,08	-6,29	58,6	-10,9	20,6	0	-28,3
674	11.09.2025 18:49:13,000	19,08	-6,29	63,3	-6,5	20,2	0	-28,3
675	11.09.2025 18:49:14,000	19,08	-6,29	66,5	-3,4	20,1	0	-28,3
676	11.09.2025 18:49:15,000	19,08	-6,29	56,8	1,0	32,2	0	1,8
677	11.09.2025 18:49:16,000	19,08	-6,29	48,4	1,5	40,1	0	2,3
678	11.09.2025 18:49:17,000	19,05	-6,29	58,2	-0,8	31,1	0	-1,5
679	11.09.2025 18:49:18,000	19,05	-6,29	64,2	-0,5	25,2	0	-1,3
680	11.09.2025 18:49:19,000	19,05	-6,29	65,7	2,2	22,2	0	-1,3
681	11.09.2025 18:49:20,000	19,05	-6,29	60,5	4,7	24,9	0	11,0
682	11.09.2025 18:49:21,000	19,05	-6,29	52,7	4,0	33,2	0	7,4
683	11.09.2025 18:49:22,000	19,02	-6,29	50,6	7,1	32,3	0	13,1
684	11.09.2025 18:49:23,000	19,02	-6,29	52,9	10,0	27,1	0	21,1
685	11.09.2025 18:49:24,000	19,02	-6,29	57,4	12,1	20,4	0	31,1
686	11.09.2025 18:49:25,000	19,02	-6,29	54,1	14,2	21,7	0	33,8
687	11.09.2025 18:49:26,000	19,02	-6,29	54,2	14,1	21,7	0	33,5
688	11.09.2025 18:49:27,000	19,02	-6,29	53,0	13,6	23,5	0	30,6
689	11.09.2025 18:49:28,000	19,02	-6,29	55,4	10,8	23,8	0	25,1
690	11.09.2025 18:49:29,000	19,02	-6,29	58,4	11,6	20,0	0	30,5
691	11.09.2025 18:49:30,000	19,02	-6,29	59,7	12,8	17,5	0	30,5
692	11.09.2025 18:49:31,000	18,99	-6,29	59,2	12,6	18,3	0	30,5
693	11.09.2025 18:49:32,000	18,99	-6,29	51,0	14,7	24,3	0	31,8
694	11.09.2025 18:49:33,000	18,99	-6,29	48,4	14,8	26,8	0	29,8
695	11.09.2025 18:49:34,000	18,99	-6,29	50,6	14,6	24,8	0	31,1
696	11.09.2025 18:49:35,000	18,99	-6,29	51,4	15,6	23,0	0	34,6
697	11.09.2025 18:49:36,000	18,96	-6,29	54,2	15,7	20,1	0	38,2
698	11.09.2025 18:49:37,000	18,96	-6,29	49,9	16,7	23,4	0	36,0
699	11.09.2025 18:49:38,000	18,96	-6,29	49,2	15,9	24,9	0	33,2
700	11.09.2025 18:49:39,000	18,96	-6,29	51,8	16,0	22,2	0	36,3
701	11.09.2025 18:49:40,000	18,96	-6,29	51,4	17,4	21,2	0	39,6
702	11.09.2025 18:49:41,000	18,96	-6,29	49,7	19,5	20,8	0	43,2
703	11.09.2025 18:49:42,000	18,93	-6,29	48,1	20,6	21,3	0	44,0
704	11.09.2025 18:49:43,000	18,93	-6,29	50,1	17,5	22,4	0	38,3
705	11.09.2025 18:49:44,000	18,93	-6,29	52,9	15,2	21,9	0	35,2
706	11.09.2025 18:49:45,000	18,93	-6,29	56,5	10,0	23,5	0	23,6
707	11.09.2025 18:49:46,000	18,93	-6,29	56,2	9,5	24,3	0	21,9
708	11.09.2025 18:49:47,000	18,90	-6,29	56,2	10,3	23,5	0	24,3
709	11.09.2025 18:49:48,000	18,90	-6,29	57,3	9,7	23,1	0	23,4
710	11.09.2025 18:49:49,000	18,90	-6,29	54,2	8,6	27,2	0	18,1
711	11.09.2025 18:49:50,000	18,87	-6,29	39,3	10,3	40,3	0	15,7
712	11.09.2025 18:49:51,000	18,87	-6,29	38,0	10,8	41,2	0	16,2
713	11.09.2025 18:49:52,000	18,87	-6,29	40,0	8,9	41,1	0	13,5
714	11.09.2025 18:49:53,000	18,84	-6,29	39,3	6,4	44,3	0	9,2
715	11.09.2025 18:49:54,000	18,84	-6,29	37,4	8,2	44,4	0	11,7
716	11.09.2025 18:49:55,000	18,81	-6,29	36,3	5,9	47,8	0	8,1
717	11.09.2025 18:49:56,000	18,81	-6,29	38,0	3,0	49,0	0	4,0
718	11.09.2025 18:49:57,000	18,81	-6,29	38,9	3,2	47,9	0	4,3
719	11.09.2025 18:49:58,000	18,78	-6,29	41,5	2,4	46,1	0	3,3
720	11.09.2025 18:49:59,000	18,78	-6,29	42,6	5,7	41,7	0	8,6
721	11.09.2025 18:50:00,000	18,78	-6,29	38,9	5,3	45,9	0	7,4
722	11.09.2025 18:50:01,000	18,75	-6,29	37,6	2,8	49,6	0	3,7
723	11.09.2025 18:50:02,000	18,72	-6,29	37,8	3,1	49,1	0	4,1
724	11.09.2025 18:50:03,000	18,72	-6,29	39,2	4,2	46,6	0	5,8
725	11.09.2025 18:50:04,000	18,72	-6,29	39,0	7,9	43,1	0	11,6
726	11.09.2025 18:50:05,000	18,69	-6,29	30,8	10,8	48,4	0	14,4
727	11.09.2025 18:50:06,000	18,69	-6,29	37,7	-3,4	49,0	0	-4,5
728	11.09.2025 18:50:07,000	18,69	-6,29	47,2	-4,9	37,9	0	-8,0
729	11.09.2025 18:50:08,000	18,69	-6,29	50,4	-6,3	33,3	0	-11,4
730	11.09.2025 18:50:09,000	18,69	-6,29	52,5	-4,0	33,4	0	-7,3
731	11.09.2025 18:50:10,000	18,69	-6,29	49,8	-1,4	38,8	0	-2,3
732	11.09.2025 18:50:11,000	18,69	-6,29	47,0	-1,1	41,9	0	-1,6
733	11.09.2025 18:50:12,000	18,69	-6,29	45,3	-0,3	44,4	0	-0,4
734	11.09.2025 18:50:13,000	18,66	-6,29	40,9	0,1	48,9	0	0,2
735	11.09.2025 18:50:14,000	18,66	-6,29	38,8	-1,0	50,2	0	-1,3
736	11.09.2025 18:50:15,000	18,66	-6,29	36,3	-3,8	49,9	0	-5,0
737	11.09.2025 18:50:16,000	18,66	-6,29	32,7	-4,8	52,5	0	-6,1
738	11.09.2025 18:50:17,000	18,66	-6,29	32,0	-4,8	53,1	0	-6,1
739	11.09.2025 18:50:18,000	18,63	-6,29	35,8	-1,4	52,7	0	-1,8
740	11.09.2025 18:50:19,000	18,63	-6,29	29,6	-2,5	57,9	0	-3,0
741	11.09.2025 18:50:20,000	18,63	-6,29	32,4	2,1	55,5	0	2,6
742	11.09.2025 18:50:21,000	18,63	-6,29	33,0	1,0	56,1	0	1,2
743	11.09.2025 18:50:22,000	18,63	-6,29	30,3	-1,5	58,2	0	-1,8
744	11.09.2025 18:50:23,000	18,63	-6,29	34,1	-1,0	54,9	0	-1,2
745	11.09.2025 18:50:24,000	18,60	-6,29	35,0	-0,1	54,9	0	-0,1
746	11.09.2025 18:50:25,000	18,60	-6,29	34,0	-0,6	55,4	0	-0,7
747	11.09.2025 18:50:26,000	18,60	-6,29	30,3	0,4	59,3	0	0,5
748	11.09.2025 18:50:27,000	18,60	-6,29	31,8	1,4	56,8	0	1,7
749	11.09.2025 18:50:28,000	18,60	-6,29	31,8	3,5	54,7	0	4,3
750	11.09.2025 18:50:29,000	18,60	-6,29	32,6	4,5	53,0	0	5,6
751	11.09.2025 18:50:30,000	18,60	-6,29	36,7	3,1	50,2	0	4,0
752	11.09.2025 18:50:31,000	18,60	-6,29	37,8	-0,3	51,9	0	-0,4
753	11.09.2025 18:50:32,000	18,60	-6,29	37,0	-0,3	52,7	0	-0,4
754	11.09.2025 18:50:33,000	18,60	-6,29	34,9	1,2	53,9	0	1,4
755	11.09.2025 18:50:34,000	18,60	-6,29	32,1	2,8	55,1	0	3,4
756	11.09.2025 18:50:35,000	18,60	-6,29	32,1	3,4	54,5	0	4,2
757	11.09.2025 18:50:36,000	18,60	-6,29	33,5	2,7	53,9	0	3,3
758	11.09.2025 18:50:37,000	18,58	-6,29	34,6	2,9	52,4	0	3,7
759	11.09.2025 18:50:38,000	18,58	-6,29	36,4	5,6	48,0	0	7,6
760	11.09.2025 18:50:39,000	18,58	-6,29	34,5	6,0	49,5	0	8,0
761	11.09.2025 18:50:40,000	18,58	-6,29	32,8	3,9	53,4	0	4,9
762	11.09.2025 18:50:41,000	18,58	-6,29	32,8	3,4	53,8	0	4,3
763	11.09.2025 18:50:42,000	18,58	-6,29	32,6	2,7	54,7	0	3,4
764	11.09.2025 18:50:43,000	18,58	-6,29	31,3	4,7	54,0	0	5,9
765	11.09.2025 18:50:44,000	18,58	-6,29	31,7	2,8	55,5	0	3,5
766	11.09.2025 18:50:45,000	18,58	-6,29	31,2	4,5	54,3	0	5,7
767	11.09.2025 18:50:46,000	18,58	-6,29	31,0	3,0	56,1	0	3,6
768	11.09.2025 18:50:47,000	18,58	-6,29	31,2	4,8	54,0	0	6,0
769	11.09.2025 18:50:48,000	18,58	-6,29	29,3	3,6	57,0	0	4,4
770	11.09.2025 18:50:49,000	18,58	-6,29	30,6	4,6	54,9	0	5,7
771	11.09.2025 18:50:50,000	18,55	-6,29	31,1	4,8	54,0	0	6,1
772	11.09.2025 18:50:51,000	18,55	-6,29	29,6	2,3	58,1	0	2,7
773	11.09.2025 18:50:52,000	18,55	-6,29	30,7	3,8	55,5	0	4,7
774	11.09.2025 18:50:53,000	18,55	-6,29	33,3	3,7	53,0	0	4,7
775	11.09.2025 18:50:54,000	18,55	-6,29	33,3	6,0	50,8	0	7,8
776	11.09.2025 18:50:55,000	18,55	-6,29	33,2	6,1	50,8	0	7,9
777	11.09.2025 18:50:56,000	18,55	-6,29	34,2	7,8	48,0	0	10,6
778	11.09.2025 18:50:57,000	18,55	-6,29	35,9	6,0	48,1	0	8,1
779	11.09.2025 18:50:58,000	18,55	-6,29	34,0	7,7	48,3	0	10,4
780	11.09.2025 18:50:59,000	18,55	-6,29	34,4	6,2	49,4	0	8,2
781	11.09.2025 18:51:00,000	18,52	-6,29	33,6	9,4	46,9	0	12,9
782	11.09.2025 18:51:01,000	18,52	-6,29	33,7	9,1	47,2	0	12,4
783	11.09.2025 18:51:02,000	18,52	-6,29	33,5	9,1	47,4	0	12,4
784	11.09.2025 18:51:03,000	18,52	-6,29	31,6	9,1	49,3	0	12,0
785	11.09.2025 18:51:04,000	18,52	-6,29	32,6	8,2	49,3	0	10,8
786	11.09.2025 18:51:05,000	18,52	-6,29	33,0	10,6	46,4	0	14,5
787	11.09.2025 18:51:06,000	18,52	-6,29	29,8	10,8	49,5	0	14,2
788	11.09.2025 18:51:07,000	18,52	-6,29	29,2	11,4	49,4	0	14,9
789	11.09.2025 18:51:08,000	18,52	-6,29	29,0	12,7	48,3	0	16,8
790	11.09.2025 18:51:09,000	18,52	-6,29	29,2	8,0	52,8	0	10,2
791	11.09.2025 18:51:10,000	18,49	-6,29	29,9	6,9	53,1	0	8,7
792	11.09.2025 18:51:11,000	18,49	-6,29	29,4	7,8	52,7	0	10,0
793	11.09.2025 18:51:12,000	18,49	-6,29	32,1	8,1	49,8	0	10,7
794	11.09.2025 18:51:13,000	18,49	-6,29	27,3	9,2	53,6	0	11,5
795	11.09.2025 18:51:14,000	18,46	-6,29	25,3	8,7	55,9	0	10,7
796	11.09.2025 18:51:15,000	18,46	-6,29	26,3	11,9	51,8	0	15,1
797	11.09.2025 18:51:16,000	18,43	-6,29	25,9	5,7	58,4	0	6,8
798	11.09.2025 18:51:17,000	18,40	-6,29	31,4	6,1	52,5	0	7,7
799	11.09.2025 18:51:18,000	18,37	-6,29	30,9	4,8	54,3	0	6,0
800	11.09.2025 18:51:19,000	18,37	-6,29	27,0	3,6	59,3	0	4,3
801	11.09.2025 18:51:20,000	18,34	-6,29	27,4	8,0	54,6	0	9,9
802	11.09.2025 18:51:21,000	18,34	-6,29	25,7	7,7	56,7	0	9,3
803	11.09.2025 18:51:22,000	18,31	-6,29	24,7	5,4	59,9	0	6,4
804	11.09.2025 18:51:23,000	18,25	-6,29	25,8	3,7	60,6	0	4,3
805	11.09.2025 18:51:24,000	18,22	-6,29	27,4	1,5	61,1	0	1,8
806	11.09.2025 18:51:25,000	18,19	-6,29	28,8	0,3	60,9	0	0,4
807	11.09.2025 18:51:26,000	18,16	-6,29	27,0	0,9	62,1	0	1,0
808	11.09.2025 18:51:27,000	18,16	-6,29	23,2	0,2	66,5	0	0,3
809	11.09.2025 18:51:28,000	18,10	-6,29	22,9	1,4	65,7	0	1,5
810	11.09.2025 18:51:29,000	18,04	-6,29	24,6	0,1	65,3	1	0,1
811	11.09.2025 18:51:30,000	17,98	-6,29	28,1	-0,7	61,1	0	-0,8
812	11.09.2025 18:51:31,000	17,95	-6,29	30,3	1,6	58,1	0	1,9
813	11.09.2025 18:51:32,000	17,92	-6,29	25,9	-0,7	63,4	0	-0,7
814	11.09.2025 18:51:33,000	17,89	-6,29	25,6	2,7	61,8	0	3,1
815	11.09.2025 18:51:34,000	17,86	-6,29	23,8	3,1	63,2	0	3,5
816	11.09.2025 18:51:35,000	17,83	-6,29	24,6	4,7	60,7	0	5,5
817	11.09.2025 18:51:36,000	17,77	-6,29	29,1	7,5	53,4	0	9,5
818	11.09.2025 18:51:37,000	17,74	-6,29	30,5	5,4	54,0	1	6,8
819	11.09.2025 18:51:38,000	17,71	-6,29	27,9	0,6	61,5	0	0,7
820	11.09.2025 18:51:39,000	17,65	-6,29	21,6	0,6	67,8	0	0,7
821	11.09.2025 18:51:40,000	17,59	-6,29	22,2	0,0	67,7	0	0,0
822	11.09.2025 18:51:41,000	17,50	-6,29	28,0	6,0	56,1	1	7,3
823	11.09.2025 18:51:42,000	17,41	-6,29	28,2	5,3	56,5	0	6,4
824	11.09.2025 18:51:43,000	17,35	-6,29	28,8	0,6	60,6	0	0,6
825	11.09.2025 18:51:44,000	17,29	-6,29	23,8	-2,7	63,5	0	-3,1
826	11.09.2025 18:51:45,000	17,26	-6,29	27,0	-1,0	62,1	0	-1,1
827	11.09.2025 18:51:46,000	17,23	-6,29	22,4	-2,8	64,8	0	-3,1
828	11.09.2025 18:51:47,000	17,14	-6,29	19,9	-4,8	65,3	1	-5,3
829	11.09.2025 18:51:48,000	17,08	-6,29	21,2	-3,4	65,4	1	-3,8
830	11.09.2025 18:51:49,000	17,02	-6,29	26,0	-0,3	63,7	0	-0,3
831	11.09.2025 18:51:50,000	16,96	-6,29	27,6	0,0	62,3	0	0,0
832	11.09.2025 18:51:51,000	16,93	-6,29	29,7	1,5	58,9	0	1,7
833	11.09.2025 18:51:52,000	16,87	-6,29	31,1	2,2	56,7	0	2,7
834	11.09.2025 18:51:53,000	16,84	-6,29	28,5	0,3	61,2	0	0,3
835	11.09.2025 18:51:54,000	16,81	-6,29	28,5	4,3	57,2	0	5,2
836	11.09.2025 18:51:55,000	16,78	-6,29	26,5	4,9	58,6	0	5,8
837	11.09.2025 18:51:56,000	16,69	-6,29	27,6	6,6	55,8	0	8,0
838	11.09.2025 18:51:57,000	16,60	-6,29	30,6	5,6	53,8	0	7,0
839	11.09.2025 18:51:58,000	16,51	-6,29	31,4	5,2	53,4	0	6,5
840	11.09.2025 18:51:59,000	16,45	-6,29	32,0	5,7	52,3	0	7,3
841	11.09.2025 18:52:00,000	16,39	-6,29	32,1	6,7	51,2	0	8,7
842	11.09.2025 18:52:01,000	16,33	-6,29	30,7	8,1	51,2	0	10,4
843	11.09.2025 18:52:02,000	16,30	-6,29	29,5	9,0	51,5	0	11,6
844	11.09.2025 18:52:03,000	16,27	-6,29	27,4	8,9	53,6	0	11,2
845	11.09.2025 18:52:04,000	16,20	-6,29	26,6	8,3	55,1	0	10,2
846	11.09.2025 18:52:05,000	16,08	-6,29	29,5	9,5	51,0	0	12,3
847	11.09.2025 18:52:06,000	15,93	-6,29	29,6	9,5	50,9	0	12,3
848	11.09.2025 18:52:07,000	15,84	-6,29	28,5	9,0	52,6	0	11,4
849	11.09.2025 18:52:08,000	15,75	-6,29	28,3	8,7	53,0	0	11,0
850	11.09.2025 18:52:09,000	15,69	-6,29	26,8	9,4	53,9	0	11,7
851	11.09.2025 18:52:10,000	15,60	-6,29	25,1	8,8	56,2	0	10,7
852	11.09.2025 18:52:11,000	15,47	-6,29	25,3	9,6	55,0	0	11,9
853	11.09.2025 18:52:12,000	15,41	-6,29	24,9	8,3	56,7	0	10,1
854	11.09.2025 18:52:13,000	15,29	-6,29	25,4	5,6	59,1	0	6,6
855	11.09.2025 18:52:14,000	15,20	-6,29	26,7	9,1	54,2	0	11,3
856	11.09.2025 18:52:15,000	15,11	-6,29	24,7	7,8	57,4	0	9,4
857	11.09.2025 18:52:16,000	14,95	-6,29	26,4	7,7	55,9	0	9,5
858	11.09.2025 18:52:17,000	14,89	-6,29	25,5	7,2	57,4	0	8,6
859	11.09.2025 18:52:18,000	14,83	-6,29	22,6	6,0	61,3	0	7,0
860	11.09.2025 18:52:19,000	14,71	-6,29	22,8	6,1	61,2	0	7,0
861	11.09.2025 18:52:20,000	14,55	-6,29	24,4	7,5	58,1	0	9,0
862	11.09.2025 18:52:21,000	14,34	-6,29	22,4	4,4	63,1	0	5,1
863	11.09.2025 18:52:22,000	14,12	-6,29	21,3	3,4	65,2	0	3,9
864	11.09.2025 18:52:23,000	13,93	-6,29	23,2	4,6	62,2	0	5,3
865	11.09.2025 18:52:24,000	13,78	-6,29	24,3	5,7	60,0	0	6,7
866	11.09.2025 18:52:25,000	13,65	-6,29	22,0	5,0	63,0	0	5,7
867	11.09.2025 18:52:26,000	13,53	-6,29	19,3	3,5	67,2	0	3,9
868	11.09.2025 18:52:27,000	13,47	-6,29	19,7	3,6	66,8	0	3,9
869	11.09.2025 18:52:28,000	13,34	-6,29	20,1	1,5	68,5	0	1,6
870	11.09.2025 18:52:29,000	13,22	-6,29	21,8	4,9	63,3	0	5,6
871	11.09.2025 18:52:30,000	13,12	-6,29	24,1	3,7	62,2	0	4,3
872	11.09.2025 18:52:31,000	13,09	-6,29	24,9	4,8	60,3	0	5,7
873	11.09.2025 18:52:32,000	13,03	-6,29	24,7	3,8	61,5	0	4,4
874	11.09.2025 18:52:33,000	12,93	-6,29	26,4	6,3	57,3	0	7,7
875	11.09.2025 18:52:34,000	12,87	-6,29	26,9	5,9	57,2	0	7,2
876	11.09.2025 18:52:35,000	12,84	-6,29	26,0	7,6	56,4	0	9,3
877	11.09.2025 18:52:36,000	12,81	-6,29	27,6	9,2	53,2	0	11,6
878	11.09.2025 18:52:37,000	12,81	-6,29	30,1	8,9	51,0	0	11,5
879	11.09.2025 18:52:38,000	12,78	-6,29	31,8	7,2	51,0	0	9,3
880	11.09.2025 18:52:39,000	12,68	-6,29	33,2	9,4	47,4	0	12,8
881	11.09.2025 18:52:40,000	12,59	-6,29	32,2	6,1	51,7	0	7,8
882	11.09.2025 18:52:41,000	12,59	-6,29	32,1	10,2	47,7	0	13,7
883	11.09.2025 18:52:42,000	12,55	-6,29	31,3	8,7	50,0	0	11,5
884	11.09.2025 18:52:43,000	12,46	-6,29	28,5	10,3	51,2	0	13,3
885	11.09.2025 18:52:44,000	12,30	-6,29	29,5	9,2	51,2	0	11,9
886	11.09.2025 18:52:45,000	12,24	-6,29	30,3	9,5	50,2	0	12,5
887	11.09.2025 18:52:46,000	12,21	-6,29	29,9	9,4	50,7	0	12,2
888	11.09.2025 18:52:47,000	12,11	-6,29	31,3	7,3	51,4	0	9,4
889	11.09.2025 18:52:48,000	12,01	-6,29	30,6	8,1	51,3	0	10,5
890	11.09.2025 18:52:49,000	11,95	-6,29	29,8	9,0	51,2	0	11,7
891	11.09.2025 18:52:50,000	11,95	-6,29	30,1	9,4	50,5	0	12,3
892	11.09.2025 18:52:51,000	11,89	-6,29	29,3	8,4	52,2	0	10,7
893	11.09.2025 18:52:52,000	11,76	-6,29	29,8	9,0	51,2	0	11,6
894	11.09.2025 18:52:53,000	11,60	-6,29	27,7	7,6	54,7	0	9,4
895	11.09.2025 18:52:54,000	11,50	-6,29	29,0	7,6	53,4	0	9,5
896	11.09.2025 18:52:55,000	11,44	-6,29	30,5	9,1	50,4	0	11,9
897	11.09.2025 18:52:56,000	11,37	-6,29	31,8	8,8	49,5	0	11,6
898	11.09.2025 18:52:57,000	11,31	-6,29	28,3	6,8	54,9	1	8,4
899	11.09.2025 18:52:58,000	11,21	-6,29	26,9	4,2	58,9	0	5,0
900	11.09.2025 18:52:59,000	11,12	-6,29	29,4	7,1	53,4	0	9,0
901	11.09.2025 18:53:00,000	10,99	-6,29	26,7	7,7	55,6	0	9,5
902	11.09.2025 18:53:01,000	10,82	-6,29	27,0	7,3	55,7	0	9,0
903	11.09.2025 18:53:02,000	10,73	-6,29	27,7	6,0	56,2	0	7,4
904	11.09.2025 18:53:03,000	10,63	-6,29	28,6	6,8	54,6	0	8,5
905	11.09.2025 18:53:04,000	10,53	-6,29	29,5	5,1	55,4	0	6,2
906	11.09.2025 18:53:05,000	10,40	-6,29	28,3	5,0	56,8	0	6,0
907	11.09.2025 18:53:06,000	10,30	-6,29	25,6	3,7	60,7	0	4,3
908	11.09.2025 18:53:07,000	10,20	-6,29	26,5	2,9	60,7	0	3,3
909	11.09.2025 18:53:08,000	10,07	-6,29	24,9	0,8	64,3	0	0,9
910	11.09.2025 18:53:09,000	9,97	-6,29	25,9	1,0	63,1	0	1,2
911	11.09.2025 18:53:10,000	9,88	-6,29	23,6	1,0	65,4	0	1,1
912	11.09.2025 18:53:11,000	9,81	-6,29	23,8	0,2	66,0	0	0,2
913	11.09.2025 18:53:12,000	9,78	-6,29	26,9	-0,1	63,0	0	-0,1
914	11.09.2025 18:53:13,000	9,68	-6,29	24,9	-1,0	64,1	0	-1,1
915	11.09.2025 18:53:14,000	9,64	-6,29	24,6	2,1	63,3	0	2,3
916	11.09.2025 18:53:15,000	9,58	-6,29	24,6	-0,1	65,3	0	-0,1
917	11.09.2025 18:53:16,000	9,58	-6,29	26,8	0,4	62,8	0	0,5
918	11.09.2025 18:53:17,000	9,54	-6,29	23,7	-2,2	64,1	0	-2,4
919	11.09.2025 18:53:18,000	9,54	-6,29	22,3	-4,3	63,4	0	-4,9
920	11.09.2025 18:53:19,000	9,51	-6,29	24,9	-3,8	61,3	0	-4,4
921	11.09.2025 18:53:20,000	9,48	-6,29	24,4	-3,0	62,6	0	-3,5
922	11.09.2025 18:53:21,000	9,48	-6,29	27,1	1,0	61,9	0	1,2
923	11.09.2025 18:53:22,000	9,44	-6,29	25,1	-1,4	63,5	0	-1,6
924	11.09.2025 18:53:23,000	9,38	-6,29	26,0	0,9	63,1	0	1,0
925	11.09.2025 18:53:24,000	9,35	-6,29	28,0	1,3	60,7	0	1,5
926	11.09.2025 18:53:25,000	9,31	-6,29	24,5	-2,4	63,1	0	-2,7
927	11.09.2025 18:53:26,000	9,28	-6,29	28,7	-0,2	61,1	0	-0,3
928	11.09.2025 18:53:27,000	9,25	-6,29	32,0	-1,1	56,9	0	-1,3
929	11.09.2025 18:53:28,000	9,21	-6,29	29,3	-0,4	60,3	0	-0,5
930	11.09.2025 18:53:29,000	9,18	-6,29	29,2	3,6	57,2	0	4,3
931	11.09.2025 18:53:30,000	9,15	-6,29	29,3	5,3	55,4	0	6,5
932	11.09.2025 18:53:31,000	9,11	-6,29	30,2	6,2	53,6	0	7,8
933	11.09.2025 18:53:32,000	9,01	-6,29	31,0	7,1	51,9	0	9,2
934	11.09.2025 18:53:33,000	8,91	-6,29	34,2	2,3	53,5	0	2,9
935	11.09.2025 18:53:34,000	8,91	-6,29	36,4	1,1	52,5	0	1,3
936	11.09.2025 18:53:35,000	8,91	-6,29	34,2	5,8	50,0	0	7,7
937	11.09.2025 18:53:36,000	8,84	-6,29	31,9	7,1	50,9	0	9,3
938	11.09.2025 18:53:37,000	8,84	-6,29	30,7	7,6	51,6	0	9,8
939	11.09.2025 18:53:38,000	8,84	-6,29	28,1	9,0	52,9	0	11,4
940	11.09.2025 18:53:39,000	8,84	-6,29	30,9	7,5	51,6	0	9,6
941	11.09.2025 18:53:40,000	8,88	-6,29	31,6	4,7	53,7	0	5,9
942	11.09.2025 18:53:41,000	8,88	-6,29	33,3	4,8	51,9	0	6,1
943	11.09.2025 18:53:42,000	8,91	-6,29	31,2	5,2	53,6	0	6,5
944	11.09.2025 18:53:43,000	8,94	-6,29	30,5	7,5	52,0	0	9,6
945	11.09.2025 18:53:44,000	8,94	-6,29	30,9	7,6	51,4	0	9,9
946	11.09.2025 18:53:45,000	8,91	-6,29	31,2	7,2	51,7	0	9,2
947	11.09.2025 18:53:46,000	8,88	-6,29	30,9	7,2	52,0	0	9,2
948	11.09.2025 18:53:47,000	8,81	-6,29	31,4	5,6	53,0	0	7,1
949	11.09.2025 18:53:48,000	8,81	-6,29	31,0	4,8	54,2	0	6,0
950	11.09.2025 18:53:49,000	8,81	-6,29	31,6	5,3	53,1	0	6,7
951	11.09.2025 18:53:50,000	8,84	-6,29	30,9	5,9	53,3	0	7,4
952	11.09.2025 18:53:51,000	8,88	-6,29	29,9	6,2	53,9	0	7,8
953	11.09.2025 18:53:52,000	8,88	-6,29	30,5	5,1	54,4	0	6,3
954	11.09.2025 18:53:53,000	8,84	-6,29	31,6	4,0	54,4	0	5,0
955	11.09.2025 18:53:54,000	8,81	-6,29	31,6	4,6	53,8	0	5,8
956	11.09.2025 18:53:55,000	8,74	-6,29	29,2	6,4	54,4	0	7,9
957	11.09.2025 18:53:56,000	8,71	-6,29	30,8	4,7	54,4	0	5,9
958	11.09.2025 18:53:57,000	8,68	-6,29	30,8	6,1	53,2	0	7,7
959	11.09.2025 18:53:58,000	8,68	-6,29	30,3	4,6	55,1	0	5,7
960	11.09.2025 18:53:59,000	8,71	-6,29	31,8	5,6	52,6	0	7,1
961	11.09.2025 18:54:00,000	8,71	-6,29	32,0	4,6	53,5	0	5,8
962	11.09.2025 18:54:01,000	8,71	-6,29	31,6	5,4	53,1	0	6,8
963	11.09.2025 18:54:02,000	8,68	-6,29	32,7	7,1	50,3	0	9,3
964	11.09.2025 18:54:03,000	8,68	-6,29	34,0	1,9	54,2	0	2,3
965	11.09.2025 18:54:04,000	8,68	-6,29	34,5	2,4	53,1	0	3,0
966	11.09.2025 18:54:05,000	8,68	-6,29	32,6	4,2	53,2	0	5,3
967	11.09.2025 18:54:06,000	8,64	-6,29	31,2	6,1	52,7	0	7,7
968	11.09.2025 18:54:07,000	8,61	-6,29	29,7	5,1	55,2	0	6,3
969	11.09.2025 18:54:08,000	8,57	-6,29	29,1	8,2	52,7	0	10,5
970	11.09.2025 18:54:09,000	8,57	-6,29	30,4	4,0	55,6	0	5,0
971	11.09.2025 18:54:10,000	8,47	-6,29	31,3	2,3	56,5	0	2,7
972	11.09.2025 18:54:11,000	8,44	-6,29	34,7	-0,3	55,0	0	-0,3
973	11.09.2025 18:54:12,000	8,44	-6,29	34,6	-0,1	55,4	0	-0,1
974	11.09.2025 18:54:13,000	8,37	-6,29	30,3	2,2	57,5	0	2,6
975	11.09.2025 18:54:14,000	8,27	-6,29	29,3	5,1	55,6	0	6,3
976	11.09.2025 18:54:15,000	8,20	-6,29	27,7	4,4	57,9	0	5,3
977	11.09.2025 18:54:16,000	8,20	-6,29	27,5	6,7	55,8	1	8,2
978	11.09.2025 18:54:17,000	8,13	-6,29	28,1	3,8	58,0	0	4,6
979	11.09.2025 18:54:18,000	8,07	-6,29	29,3	0,5	60,3	0	0,6
980	11.09.2025 18:54:19,000	8,00	-6,29	30,2	0,4	59,4	0	0,4
981	11.09.2025 18:54:20,000	7,96	-6,29	32,2	1,7	56,1	0	2,0
982	11.09.2025 18:54:21,000	7,93	-6,29	28,3	0,8	60,9	0	0,9
983	11.09.2025 18:54:22,000	7,93	-6,29	29,4	1,3	59,3	0	1,5
984	11.09.2025 18:54:23,000	7,89	-6,29	27,8	2,3	59,9	0	2,7
985	11.09.2025 18:54:24,000	7,86	-6,29	26,3	1,8	61,9	0	2,1
986	11.09.2025 18:54:25,000	7,79	-6,29	28,5	5,3	56,2	1	6,4
987	11.09.2025 18:54:26,000	7,69	-6,29	29,3	1,0	59,7	0	1,1
988	11.09.2025 18:54:27,000	7,62	-6,29	27,4	-2,1	60,5	0	-2,4
989	11.09.2025 18:54:28,000	7,59	-6,29	28,2	1,7	60,1	0	2,0
990	11.09.2025 18:54:29,000	7,52	-6,29	26,9	-0,9	62,2	0	-1,0
991	11.09.2025 18:54:30,000	7,48	-6,29	29,4	-0,2	60,4	0	-0,2
992	11.09.2025 18:54:31,000	7,45	-6,29	28,5	1,6	59,9	0	1,9
993	11.09.2025 18:54:32,000	7,45	-6,29	28,7	4,5	56,8	1	5,4
994	11.09.2025 18:54:33,000	7,31	-6,29	28,1	2,6	59,2	0	3,1
995	11.09.2025 18:54:34,000	7,21	-6,29	28,7	5,6	55,7	0	6,8
996	11.09.2025 18:54:35,000	7,14	-6,29	28,5	2,5	59,0	0	3,0
997	11.09.2025 18:54:36,000	7,07	-6,29	28,7	1,8	59,5	0	2,1
998	11.09.2025 18:54:37,000	7,03	-6,29	27,8	2,8	59,3	0	3,3
999	11.09.2025 18:54:38,000	7,03	-6,29	27,0	1,1	61,9	0	1,3
1000	11.09.2025 18:54:39,000	6,96	-6,29	29,4	1,8	58,8	0	2,1
1001	11.09.2025 18:54:40,000	6,93	-6,29	27,2	-0,8	61,9	0	-1,0
1002	11.09.2025 18:54:41,000	6,93	-6,29	26,2	-1,5	62,3	0	-1,7
1003	11.09.2025 18:54:42,000	6,86	-6,29	25,7	0,3	64,1	0	0,3
1004	11.09.2025 18:54:43,000	6,82	-6,29	24,6	3,2	62,2	0	3,7
1005	11.09.2025 18:54:44,000	6,79	-6,29	27,7	0,9	61,4	1	1,0
1006	11.09.2025 18:54:45,000	6,72	-6,29	28,1	5,3	56,6	1	6,5
1007	11.09.2025 18:54:46,000	6,68	-6,29	25,7	3,8	60,5	0	4,4
1008	11.09.2025 18:54:47,000	6,65	-6,29	29,1	1,6	59,3	0	1,9
1009	11.09.2025 18:54:48,000	6,58	-6,29	26,9	-1,4	61,7	0	-1,6
1010	11.09.2025 18:54:49,000	6,54	-6,29	25,1	-0,8	64,1	0	-0,9
1011	11.09.2025 18:54:50,000	6,54	-6,29	26,6	3,5	59,9	0	4,2
1012	11.09.2025 18:54:51,000	6,58	-6,29	27,3	3,4	59,3	0	4,0
1013	11.09.2025 18:54:52,000	6,54	-6,29	25,5	5,6	58,9	0	6,7
1014	11.09.2025 18:54:53,000	6,51	-6,29	26,2	4,6	59,2	0	5,4
1015	11.09.2025 18:54:54,000	6,44	-6,29	29,4	6,8	53,8	0	8,5
1016	11.09.2025 18:54:55,000	6,37	-6,29	27,5	-0,1	62,4	0	-0,1
1017	11.09.2025 18:54:56,000	6,33	-6,29	27,1	-1,7	61,1	0	-2,0
1018	11.09.2025 18:54:57,000	6,33	-6,29	22,8	-3,0	64,2	0	-3,4
1019	11.09.2025 18:54:58,000	6,33	-6,29	24,6	-0,6	64,8	0	-0,7
1020	11.09.2025 18:54:59,000	6,30	-6,29	25,4	3,9	60,7	0	4,5
1021	11.09.2025 18:55:00,000	6,26	-6,29	26,6	6,4	57,0	0	7,7
1022	11.09.2025 18:55:01,000	6,23	-6,29	27,7	6,7	55,6	1	8,3
1023	11.09.2025 18:55:02,000	6,19	-6,29	27,0	2,3	60,7	0	2,7
1024	11.09.2025 18:55:03,000	6,16	-6,29	26,6	-1,3	62,1	0	-1,5
1025	11.09.2025 18:55:04,000	6,12	-6,29	30,7	1,8	57,5	0	2,1
1026	11.09.2025 18:55:05,000	6,12	-6,29	25,7	-1,2	63,1	0	-1,3
1027	11.09.2025 18:55:06,000	6,08	-6,29	22,1	-4,8	63,0	0	-5,5
1028	11.09.2025 18:55:07,000	6,05	-6,29	24,8	-0,9	64,3	0	-1,0
1029	11.09.2025 18:55:08,000	6,05	-6,29	22,0	-1,5	66,5	0	-1,7
1030	11.09.2025 18:55:09,000	6,01	-6,29	20,9	-6,6	62,5	0	-7,6
1031	11.09.2025 18:55:10,000	6,01	-6,29	23,3	-6,5	60,2	0	-7,6
1032	11.09.2025 18:55:11,000	5,98	-6,29	21,9	-4,0	64,1	0	-4,5
1033	11.09.2025 18:55:12,000	5,94	-6,29	20,0	-5,4	64,6	0	-6,1
1034	11.09.2025 18:55:13,000	5,91	-6,29	22,2	-3,7	64,0	0	-4,2
1035	11.09.2025 18:55:14,000	5,87	-6,29	22,2	-4,2	63,6	0	-4,7
1036	11.09.2025 18:55:15,000	5,87	-6,29	22,5	-4,4	63,0	0	-5,1
1037	11.09.2025 18:55:16,000	5,84	-6,29	30,6	-0,8	58,6	0	-1,0
1038	11.09.2025 18:55:17,000	5,84	-6,29	26,5	-3,8	59,8	0	-4,4
1039	11.09.2025 18:55:18,000	5,84	-6,29	23,6	-4,4	62,0	0	-5,1
1040	11.09.2025 18:55:19,000	5,84	-6,29	25,5	-2,1	62,5	0	-2,3
1041	11.09.2025 18:55:20,000	5,84	-6,29	25,8	-1,6	62,6	0	-1,8
1042	11.09.2025 18:55:21,000	5,80	-6,29	24,9	-1,9	63,2	0	-2,2
1043	11.09.2025 18:55:22,000	5,76	-6,29	27,1	-3,1	59,8	0	-3,6
1044	11.09.2025 18:55:23,000	5,76	-6,29	34,2	-2,2	53,7	0	-2,7
1045	11.09.2025 18:55:24,000	5,76	-6,29	34,5	-2,7	52,7	0	-3,5
1046	11.09.2025 18:55:25,000	5,76	-6,29	35,9	2,4	51,7	0	3,1
1047	11.09.2025 18:55:26,000	5,73	-6,29	35,9	2,6	51,6	0	3,3
1048	11.09.2025 18:55:27,000	5,66	-6,29	34,9	5,0	50,1	0	6,6
1049	11.09.2025 18:55:28,000	5,55	-6,29	33,5	4,4	52,1	0	5,6
1050	11.09.2025 18:55:29,000	5,51	-6,29	33,6	5,4	51,0	0	7,1
1051	11.09.2025 18:55:30,000	5,48	-6,29	35,6	1,7	52,7	0	2,2
1052	11.09.2025 18:55:31,000	5,48	-6,29	38,9	1,4	49,7	0	1,8
1053	11.09.2025 18:55:32,000	5,48	-6,29	38,7	2,9	48,3	0	4,0
1054	11.09.2025 18:55:33,000	5,44	-6,29	35,8	4,8	49,4	0	6,4
1055	11.09.2025 18:55:34,000	5,41	-6,29	32,6	6,8	50,6	0	8,8
1056	11.09.2025 18:55:35,000	5,44	-6,29	30,7	7,6	51,7	0	9,7
1057	11.09.2025 18:55:36,000	5,44	-6,29	29,3	6,9	53,7	0	8,7
1058	11.09.2025 18:55:37,000	5,44	-6,29	32,5	4,0	53,5	0	5,0
1059	11.09.2025 18:55:38,000	5,44	-6,29	33,3	1,4	55,3	0	1,7
1060	11.09.2025 18:55:39,000	5,41	-6,29	32,7	3,2	54,1	0	4,0
1061	11.09.2025 18:55:40,000	5,41	-6,29	33,7	2,9	53,4	0	3,6
1062	11.09.2025 18:55:41,000	5,41	-6,29	30,9	5,2	53,9	0	6,5
1063	11.09.2025 18:55:42,000	5,41	-6,29	28,5	6,7	54,8	0	8,3
1064	11.09.2025 18:55:43,000	5,41	-6,29	30,3	4,7	55,0	0	5,8
1065	11.09.2025 18:55:44,000	5,37	-6,29	30,2	3,8	56,0	0	4,6
1066	11.09.2025 18:55:45,000	5,37	-6,29	31,1	3,8	55,0	0	4,7
1067	11.09.2025 18:55:46,000	5,37	-6,29	31,0	3,2	55,7	0	3,9
1068	11.09.2025 18:55:47,000	5,33	-6,29	28,8	5,8	55,4	0	7,2
1069	11.09.2025 18:55:48,000	5,33	-6,29	27,6	4,0	58,4	0	4,8
1070	11.09.2025 18:55:49,000	5,33	-6,29	28,3	5,2	56,5	0	6,3
1071	11.09.2025 18:55:50,000	5,33	-6,29	30,0	4,3	55,7	0	5,3
1072	11.09.2025 18:55:51,000	5,30	-6,29	31,7	0,7	57,7	0	0,8
1073	11.09.2025 18:55:52,000	5,30	-6,29	33,7	0,7	55,7	0	0,8
1074	11.09.2025 18:55:53,000	5,30	-6,29	28,5	3,7	57,8	0	4,5
1075	11.09.2025 18:55:54,000	5,26	-6,29	28,2	6,9	54,9	1	8,6
1076	11.09.2025 18:55:55,000	5,23	-6,29	27,7	7,9	54,5	0	9,8
1077	11.09.2025 18:55:56,000	5,19	-6,29	28,7	6,8	54,4	0	8,5
1078	11.09.2025 18:55:57,000	5,15	-6,29	29,6	-1,1	59,4	0	-1,2
1079	11.09.2025 18:55:58,000	5,12	-6,29	30,9	-0,9	58,2	0	-1,1
1080	11.09.2025 18:55:59,000	5,12	-6,29	29,1	-0,7	60,2	0	-0,8
1081	11.09.2025 18:56:00,000	5,08	-6,29	28,3	1,8	59,9	0	2,2
1082	11.09.2025 18:56:01,000	5,04	-6,29	24,9	1,9	63,2	0	2,2
1083	11.09.2025 18:56:02,000	5,01	-6,29	28,7	5,4	56,0	0	6,6
1084	11.09.2025 18:56:03,000	4,97	-6,29	27,7	1,9	60,5	0	2,2
1085	11.09.2025 18:56:04,000	4,94	-6,29	26,8	-3,0	60,2	0	-3,5
1086	11.09.2025 18:56:05,000	4,90	-6,29	27,9	-3,2	58,9	0	-3,7
1087	11.09.2025 18:56:06,000	4,86	-6,29	28,1	0,1	61,8	0	0,1
1088	11.09.2025 18:56:07,000	4,86	-6,29	27,5	2,4	60,1	0	2,7
1089	11.09.2025 18:56:08,000	4,83	-6,29	27,3	3,3	59,4	1	3,9
1090	11.09.2025 18:56:09,000	4,83	-6,29	25,6	2,2	62,2	0	2,5
1091	11.09.2025 18:56:10,000	4,79	-6,29	27,3	0,9	61,8	0	1,0
1092	11.09.2025 18:56:11,000	4,75	-6,29	28,7	0,8	60,5	0	0,9
1093	11.09.2025 18:56:12,000	4,75	-6,29	30,3	0,1	59,6	0	0,1
1094	11.09.2025 18:56:13,000	4,75	-6,29	29,9	0,0	60,1	0	0,0
1095	11.09.2025 18:56:14,000	4,75	-6,29	26,9	1,4	61,8	0	1,6
1096	11.09.2025 18:56:15,000	4,72	-6,29	25,6	1,4	63,0	0	1,6
1097	11.09.2025 18:56:16,000	4,72	-6,29	27,2	0,9	61,9	0	1,0
1098	11.09.2025 18:56:17,000	4,68	-6,29	29,5	5,8	54,7	1	7,2
1099	11.09.2025 18:56:18,000	4,64	-6,29	26,0	2,7	61,3	0	3,1
1100	11.09.2025 18:56:19,000	4,61	-6,29	26,8	4,8	58,4	0	5,8
1101	11.09.2025 18:56:20,000	4,61	-6,29	27,3	5,4	57,3	0	6,5
1102	11.09.2025 18:56:21,000	4,61	-6,29	27,2	3,0	59,8	0	3,6
1103	11.09.2025 18:56:22,000	4,61	-6,29	27,0	-0,2	62,9	0	-0,2
1104	11.09.2025 18:56:23,000	4,57	-6,29	27,4	0,7	61,8	0	0,8
1105	11.09.2025 18:56:24,000	4,57	-6,29	27,4	0,4	62,2	0	0,5
1106	11.09.2025 18:56:25,000	4,53	-6,29	23,2	0,6	66,2	0	0,7
1107	11.09.2025 18:56:26,000	4,50	-6,29	23,1	4,0	62,9	0	4,6
1108	11.09.2025 18:56:27,000	4,46	-6,29	22,4	1,2	66,4	0	1,3
1109	11.09.2025 18:56:28,000	4,42	-6,29	26,3	0,9	62,8	0	1,0
1110	11.09.2025 18:56:29,000	4,39	-6,29	26,7	-0,4	62,9	0	-0,4
1111	11.09.2025 18:56:30,000	4,39	-6,29	26,1	0,6	63,2	0	0,7
1112	11.09.2025 18:56:31,000	4,35	-6,29	25,0	0,9	64,2	0	1,0
1113	11.09.2025 18:56:32,000	4,35	-6,29	28,2	6,4	55,3	0	7,9
1114	11.09.2025 18:56:33,000	4,35	-6,29	27,6	7,8	54,6	0	9,7
1115	11.09.2025 18:56:34,000	4,35	-6,29	27,9	8,1	54,1	1	10,1
1116	11.09.2025 18:56:35,000	4,31	-6,29	27,2	4,7	58,2	0	5,6
1117	11.09.2025 18:56:36,000	4,31	-6,29	28,2	2,9	58,9	1	3,4
1118	11.09.2025 18:56:37,000	4,28	-6,29	28,9	1,8	59,3	0	2,1
1119	11.09.2025 18:56:38,000	4,28	-6,29	28,6	-1,1	60,2	0	-1,3
1120	11.09.2025 18:56:39,000	4,28	-6,29	26,5	0,4	63,2	0	0,4
1121	11.09.2025 18:56:40,000	4,28	-6,29	26,6	2,5	60,9	1	2,9
1122	11.09.2025 18:56:41,000	4,24	-6,29	26,3	3,2	60,5	0	3,7
1123	11.09.2025 18:56:42,000	4,24	-6,29	25,2	2,1	62,7	0	2,4
1124	11.09.2025 18:56:43,000	4,24	-6,29	24,4	-2,5	63,2	0	-2,8
1125	11.09.2025 18:56:44,000	4,20	-6,29	24,3	-3,5	62,2	0	-4,0
1126	11.09.2025 18:56:45,000	4,20	-6,29	22,9	-2,4	64,8	0	-2,6
1127	11.09.2025 18:56:46,000	4,17	-6,29	27,2	0,7	62,1	0	0,8
1128	11.09.2025 18:56:47,000	4,17	-6,29	25,1	-1,9	63,1	0	-2,1
1129	11.09.2025 18:56:48,000	4,17	-6,29	26,8	1,3	62,0	0	1,5
1130	11.09.2025 18:56:49,000	4,17	-6,29	25,9	2,1	62,0	1	2,4
1131	11.09.2025 18:56:50,000	4,13	-6,29	27,4	1,7	60,8	1	2,0
1132	11.09.2025 18:56:51,000	4,13	-6,29	27,6	3,7	58,7	1	4,4
1133	11.09.2025 18:56:52,000	4,13	-6,29	24,8	3,1	62,1	1	3,6
1134	11.09.2025 18:56:53,000	4,09	-6,29	27,2	4,2	58,6	1	5,0
1135	11.09.2025 18:56:54,000	4,09	-6,29	28,8	4,0	57,3	0	4,8
1136	11.09.2025 18:56:55,000	4,09	-6,29	26,8	-0,8	62,5	0	-0,9
1137	11.09.2025 18:56:56,000	4,05	-6,29	28,4	2,4	59,2	0	2,8
1138	11.09.2025 18:56:57,000	4,05	-6,29	22,8	-4,2	63,0	0	-4,8
1139	11.09.2025 18:56:58,000	4,05	-6,29	24,3	-4,2	61,5	0	-4,9
1140	11.09.2025 18:56:59,000	4,02	-6,29	24,8	-1,8	63,4	0	-2,0
1141	11.09.2025 18:57:00,000	4,02	-6,29	26,2	1,6	62,2	0	1,9
1142	11.09.2025 18:57:01,000	4,02	-6,29	27,6	2,9	59,6	0	3,3
1143	11.09.2025 18:57:02,000	3,98	-6,29	27,7	2,2	60,1	0	2,6
1144	11.09.2025 18:57:03,000	3,94	-6,29	27,1	-0,4	62,5	0	-0,5
1145	11.09.2025 18:57:04,000	3,94	-6,29	27,2	-1,2	61,5	0	-1,4
1146	11.09.2025 18:57:05,000	3,94	-6,29	29,3	0,5	60,2	0	0,6
1147	11.09.2025 18:57:06,000	3,94	-6,29	25,3	0,0	64,7	0	0,0
1148	11.09.2025 18:57:07,000	3,94	-6,29	27,5	0,3	62,2	0	0,3
1149	11.09.2025 18:57:08,000	3,94	-6,29	26,6	-0,2	63,2	0	-0,2
1150	11.09.2025 18:57:09,000	3,91	-6,29	28,5	1,9	59,6	0	2,3
1151	11.09.2025 18:57:10,000	3,91	-6,29	29,2	4,8	55,9	0	5,9
1152	11.09.2025 18:57:11,000	3,91	-6,29	29,2	3,1	57,7	0	3,7
1153	11.09.2025 18:57:12,000	3,91	-6,29	30,2	4,6	55,2	0	5,7
1154	11.09.2025 18:57:13,000	3,91	-6,29	30,1	7,2	52,7	0	9,2
1155	11.09.2025 18:57:14,000	3,91	-6,29	30,7	8,8	50,5	0	11,5
1156	11.09.2025 18:57:15,000	3,87	-6,29	29,7	5,8	54,6	0	7,2
1157	11.09.2025 18:57:16,000	3,87	-6,29	30,5	7,1	52,4	0	9,0
1158	11.09.2025 18:57:17,000	3,83	-6,29	29,2	5,7	55,1	1	7,1
1159	11.09.2025 18:57:18,000	3,83	-6,29	31,0	7,8	51,2	0	10,1
1160	11.09.2025 18:57:19,000	3,83	-6,29	27,8	4,8	57,4	0	5,8
1161	11.09.2025 18:57:20,000	3,79	-6,29	28,1	6,2	55,6	0	7,7
1162	11.09.2025 18:57:21,000	3,79	-6,29	27,6	5,2	57,2	0	6,3
1163	11.09.2025 18:57:22,000	3,79	-6,29	27,6	4,3	58,1	0	5,2
1164	11.09.2025 18:57:23,000	3,79	-6,29	28,8	5,8	55,4	0	7,1
1165	11.09.2025 18:57:24,000	3,79	-6,29	30,5	4,8	54,6	0	6,0
1166	11.09.2025 18:57:25,000	3,79	-6,29	28,0	4,1	57,8	0	5,0
1167	11.09.2025 18:57:26,000	3,79	-6,29	27,9	6,3	55,8	0	7,7
1168	11.09.2025 18:57:27,000	3,76	-6,29	25,8	6,0	58,2	0	7,2
1169	11.09.2025 18:57:28,000	3,72	-6,29	26,5	7,2	56,2	1	8,8
1170	11.09.2025 18:57:29,000	3,72	-6,29	27,4	7,1	55,4	1	8,8
1171	11.09.2025 18:57:30,000	3,68	-6,29	26,7	6,0	57,3	0	7,3
1172	11.09.2025 18:57:31,000	3,65	-6,29	28,1	6,6	55,3	0	8,1
1173	11.09.2025 18:57:32,000	3,65	-6,29	31,0	6,4	52,6	0	8,1
1174	11.09.2025 18:57:33,000	3,65	-6,29	29,4	6,1	54,4	0	7,6
1175	11.09.2025 18:57:34,000	3,61	-6,29	24,1	3,2	62,7	0	3,6
1176	11.09.2025 18:57:35,000	3,61	-6,29	24,2	5,8	60,1	0	6,8
1177	11.09.2025 18:57:36,000	3,57	-6,29	24,2	4,5	61,3	0	5,2
1178	11.09.2025 18:57:37,000	3,53	-6,29	24,8	2,1	63,2	0	2,3
1179	11.09.2025 18:57:38,000	3,53	-6,29	27,8	4,3	57,9	0	5,1
1180	11.09.2025 18:57:39,000	3,46	-6,29	26,9	1,2	61,9	0	1,4
1181	11.09.2025 18:57:40,000	3,46	-6,29	27,4	4,6	58,0	1	5,5
1182	11.09.2025 18:57:41,000	3,42	-6,29	28,0	10,0	51,9	1	12,8
1183	11.09.2025 18:57:42,000	3,42	-6,29	25,9	7,1	57,0	1	8,6
1184	11.09.2025 18:57:43,000	3,38	-6,29	25,1	5,2	59,7	1	6,2
1185	11.09.2025 18:57:44,000	3,38	-6,29	25,7	5,2	59,1	0	6,1
1186	11.09.2025 18:57:45,000	3,34	-6,29	28,3	4,7	57,0	0	5,7
1187	11.09.2025 18:57:46,000	3,34	-6,29	28,7	2,7	58,6	1	3,2
1188	11.09.2025 18:57:47,000	3,31	-6,29	26,4	3,6	60,0	1	4,2
1189	11.09.2025 18:57:48,000	3,31	-6,29	25,2	6,9	57,9	0	8,3
1190	11.09.2025 18:57:49,000	3,27	-6,29	26,0	8,7	55,2	1	10,8
1191	11.09.2025 18:57:50,000	3,27	-6,29	25,9	5,5	58,6	1	6,5
1192	11.09.2025 18:57:51,000	3,23	-6,29	24,6	3,2	62,2	1	3,7
1193	11.09.2025 18:57:52,000	3,23	-6,29	28,4	6,3	55,3	1	7,8
1194	11.09.2025 18:57:53,000	3,23	-6,29	27,2	2,4	60,4	1	2,8
1195	11.09.2025 18:57:54,000	3,23	-6,29	29,9	5,0	55,1	1	6,2
1196	11.09.2025 18:57:55,000	3,19	-6,29	28,4	5,6	56,0	1	6,8
1197	11.09.2025 18:57:56,000	3,19	-6,29	26,4	1,6	62,0	0	1,8
1198	11.09.2025 18:57:57,000	3,19	-6,29	25,5	3,7	60,8	0	4,3
1199	11.09.2025 18:57:58,000	3,16	-6,29	25,3	3,9	60,8	1	4,5
1200	11.09.2025 18:57:59,000	3,16	-6,29	26,6	4,9	58,4	1	5,9
1201	11.09.2025 18:58:00,000	3,12	-6,29	27,4	3,8	58,8	1	4,6
1202	11.09.2025 18:58:01,000	3,12	-6,29	27,8	5,0	57,2	1	6,0
1203	11.09.2025 18:58:02,000	3,12	-6,29	27,0	1,8	61,2	1	2,1
1204	11.09.2025 18:58:03,000	3,12	-6,29	28,3	2,8	58,8	1	3,3
1205	11.09.2025 18:58:04,000	3,12	-6,29	26,3	2,3	61,3	1	2,7
1206	11.09.2025 18:58:05,000	3,08	-6,29	27,3	1,9	60,8	1	2,2
1207	11.09.2025 18:58:06,000	3,08	-6,29	26,8	2,0	61,2	0	2,3
1208	11.09.2025 18:58:07,000	3,08	-6,29	25,4	5,5	59,1	0	6,5
1209	11.09.2025 18:58:08,000	3,04	-6,29	25,3	3,1	61,6	0	3,6
1210	11.09.2025 18:58:09,000	3,04	-6,29	23,2	-0,9	65,9	0	-1,0
1211	11.09.2025 18:58:10,000	3,04	-6,29	25,8	2,1	62,1	0	2,4
1212	11.09.2025 18:58:11,000	3,04	-6,29	24,1	-1,0	64,9	0	-1,1
1213	11.09.2025 18:58:12,000	3,00	-6,29	23,2	-1,9	64,9	0	-2,1
1214	11.09.2025 18:58:13,000	3,00	-6,29	26,9	2,8	60,3	0	3,2
1215	11.09.2025 18:58:14,000	3,00	-6,29	24,1	2,9	63,0	0	3,3
1216	11.09.2025 18:58:15,000	3,00	-6,29	23,9	2,9	63,3	0	3,3
1217	11.09.2025 18:58:16,000	3,00	-6,29	26,1	7,4	56,4	0	9,1
1218	11.09.2025 18:58:17,000	3,00	-6,29	24,4	2,7	62,8	0	3,1
1219	11.09.2025 18:58:18,000	3,00	-6,29	26,0	0,8	63,2	0	0,9
1220	11.09.2025 18:58:19,000	3,00	-6,29	23,4	-2,0	64,7	0	-2,2
1221	11.09.2025 18:58:20,000	2,97	-6,29	24,5	4,2	61,3	1	4,9
1222	11.09.2025 18:58:21,000	2,97	-6,29	26,8	9,2	54,0	1	11,4
1223	11.09.2025 18:58:22,000	2,97	-6,29	25,7	5,0	59,3	0	5,9
1224	11.09.2025 18:58:23,000	2,97	-6,29	25,5	4,6	60,0	0	5,3
1225	11.09.2025 18:58:24,000	2,97	-6,29	25,1	2,7	62,1	0	3,1
1226	11.09.2025 18:58:25,000	2,97	-6,29	24,8	-0,4	64,8	0	-0,4
1227	11.09.2025 18:58:26,000	2,97	-6,29	24,4	-1,9	63,7	0	-2,2
1228	11.09.2025 18:58:27,000	2,97	-6,29	25,0	0,7	64,3	0	0,8
1229	11.09.2025 18:58:28,000	2,97	-6,29	26,2	4,1	59,7	0	4,8
1230	11.09.2025 18:58:29,000	2,97	-6,29	28,3	9,3	52,4	0	11,8
1231	11.09.2025 18:58:30,000	2,97	-6,29	27,3	6,5	56,2	0	8,0
1232	11.09.2025 18:58:31,000	2,97	-6,29	28,2	8,6	53,2	0	10,9
1233	11.09.2025 18:58:32,000	2,97	-6,29	26,1	3,7	60,2	0	4,3
1234	11.09.2025 18:58:33,000	2,97	-6,29	26,7	3,4	59,9	0	4,0
1235	11.09.2025 18:58:34,000	2,97	-6,29	26,0	2,6	61,4	0	3,0
1236	11.09.2025 18:58:35,000	2,97	-6,29	28,9	8,2	52,9	0	10,4
1237	11.09.2025 18:58:36,000	2,97	-6,29	25,1	2,2	62,8	0	2,5
1238	11.09.2025 18:58:37,000	2,97	-6,29	26,8	3,1	60,1	0	3,6
1239	11.09.2025 18:58:38,000	2,97	-6,29	30,0	4,2	55,8	0	5,2
1240	11.09.2025 18:58:39,000	2,97	-6,29	28,4	4,4	57,3	0	5,2
1241	11.09.2025 18:58:40,000	2,93	-6,29	26,9	4,6	58,5	0	5,5
1242	11.09.2025 18:58:41,000	2,93	-6,29	25,1	4,7	60,2	0	5,5
1243	11.09.2025 18:58:42,000	2,93	-6,29	25,4	4,1	60,6	1	4,8
1244	11.09.2025 18:58:43,000	2,93	-6,29	27,2	6,2	56,7	1	7,5
1245	11.09.2025 18:58:44,000	2,93	-6,29	27,6	4,4	58,0	1	5,3
1246	11.09.2025 18:58:45,000	2,93	-6,29	26,5	-0,6	62,9	0	-0,6
1247	11.09.2025 18:58:46,000	2,93	-6,29	27,0	-0,3	62,7	0	-0,4
1248	11.09.2025 18:58:47,000	2,93	-6,29	24,8	-0,8	64,4	0	-0,9
1249	11.09.2025 18:58:48,000	2,93	-6,29	26,2	3,1	60,7	0	3,7
1250	11.09.2025 18:58:49,000	2,89	-6,29	24,6	1,7	63,7	0	1,9
1251	11.09.2025 18:58:50,000	2,89	-6,29	25,7	-0,4	63,9	1	-0,4
1252	11.09.2025 18:58:51,000	2,89	-6,29	25,9	0,4	63,7	0	0,5
1253	11.09.2025 18:58:52,000	2,89	-6,29	25,8	-1,7	62,5	0	-1,9
1254	11.09.2025 18:58:53,000	2,89	-6,29	26,0	-1,7	62,3	0	-1,9
1255	11.09.2025 18:58:54,000	2,89	-6,29	24,0	-3,6	62,4	0	-4,2
1256	11.09.2025 18:58:55,000	2,89	-6,29	20,8	-1,4	67,8	0	-1,5
1257	11.09.2025 18:58:56,000	2,89	-6,29	20,0	-3,0	67,1	0	-3,3
1258	11.09.2025 18:58:57,000	2,89	-6,29	21,1	-4,4	64,6	0	-4,9
1259	11.09.2025 18:58:58,000	2,89	-6,29	19,3	-5,0	65,7	0	-5,6
1260	11.09.2025 18:58:59,000	2,89	-6,29	22,6	-4,5	62,8	1	-5,2
1261	11.09.2025 18:59:00,000	2,89	-6,29	26,3	-1,7	62,0	0	-1,9
1262	11.09.2025 18:59:01,000	2,89	-6,29	31,7	0,4	57,9	0	0,5
1263	11.09.2025 18:59:02,000	2,89	-6,29	28,1	-3,9	58,0	0	-4,7
1264	11.09.2025 18:59:03,000	2,89	-6,29	24,8	-7,4	57,8	0	-8,9
1265	11.09.2025 18:59:04,000	2,89	-6,29	33,5	-4,3	52,2	0	-5,5
1266	11.09.2025 18:59:05,000	2,89	-6,29	43,3	-3,5	43,2	0	-5,2
1267	11.09.2025 18:59:06,000	2,89	-6,29	47,6	-4,4	38,0	0	-7,2
1268	11.09.2025 18:59:07,000	2,89	-6,29	48,3	-7,8	33,9	0	-13,8
1269	11.09.2025 18:59:08,000	2,89	-6,29	42,7	-10,2	37,1	0	-16,6
1270	11.09.2025 18:59:09,000	2,89	-6,29	44,6	-8,9	36,5	0	-14,8
1271	11.09.2025 18:59:10,000	2,89	-6,29	44,9	-8,0	37,1	0	-13,1
1272	11.09.2025 18:59:11,000	2,89	-6,29	49,3	-7,6	33,1	0	-13,8
1273	11.09.2025 18:59:12,000	2,89	-6,29	42,8	-6,6	40,6	0	-10,2
1274	11.09.2025 18:59:13,000	2,89	-6,29	45,8	-2,0	42,3	0	-3,0
1275	11.09.2025 18:59:14,000	2,85	-6,29	46,5	-2,1	41,5	0	-3,1
1276	11.09.2025 18:59:15,000	2,85	-6,29	43,7	-2,6	43,7	0	-3,7
1277	11.09.2025 18:59:16,000	2,85	-6,29	43,2	-4,4	42,4	0	-6,5
1278	11.09.2025 18:59:17,000	2,85	-6,29	49,9	-4,2	36,0	0	-7,1
1279	11.09.2025 18:59:18,000	2,85	-6,29	51,1	-4,5	34,4	0	-8,0
1280	11.09.2025 18:59:19,000	2,85	-6,29	50,1	-3,6	36,3	0	-6,0
1281	11.09.2025 18:59:20,000	2,85	-6,29	51,6	-4,4	34,0	0	-7,8
1282	11.09.2025 18:59:21,000	2,85	-6,29	50,5	-3,7	35,9	0	-6,3
1283	11.09.2025 18:59:22,000	2,81	-6,29	48,6	-3,1	38,4	0	-5,0
1284	11.09.2025 18:59:23,000	2,81	-6,29	49,8	-3,1	37,2	0	-5,1
1285	11.09.2025 18:59:24,000	2,85	-6,29	51,2	-3,0	35,8	0	-5,2
1286	11.09.2025 18:59:25,000	2,85	-6,29	49,8	-2,2	38,0	0	-3,6
1287	11.09.2025 18:59:26,000	2,85	-6,29	49,5	-2,7	37,9	0	-4,3
1288	11.09.2025 18:59:27,000	2,85	-6,29	49,0	-2,7	38,4	0	-4,3
1289	11.09.2025 18:59:28,000	2,85	-6,29	45,8	-1,9	42,3	0	-2,9
1290	11.09.2025 18:59:29,000	2,81	-6,29	45,2	-1,7	43,0	0	-2,5
1291	11.09.2025 18:59:30,000	2,81	-6,29	46,9	-2,1	41,1	0	-3,1
1292	11.09.2025 18:59:31,000	2,81	-6,29	48,8	-2,3	38,9	0	-3,7
1293	11.09.2025 18:59:32,000	2,81	-6,29	48,8	-2,3	38,9	0	-3,6
1294	11.09.2025 18:59:33,000	2,81	-6,29	44,7	-1,7	43,6	0	-2,4
1295	11.09.2025 18:59:34,000	2,81	-6,29	41,1	-2,3	46,6	0	-3,2
1296	11.09.2025 18:59:35,000	2,81	-6,29	42,7	-2,2	45,1	0	-3,1
1297	11.09.2025 18:59:36,000	2,81	-6,29	44,1	-1,8	44,1	0	-2,6
1298	11.09.2025 18:59:37,000	2,81	-6,29	44,7	-2,2	43,1	0	-3,3
1299	11.09.2025 18:59:38,000	2,81	-6,29	43,4	-2,8	43,8	0	-4,1
1300	11.09.2025 18:59:39,000	2,81	-6,29	43,2	-2,1	44,7	0	-3,0
1301	11.09.2025 18:59:40,000	2,81	-6,29	41,3	-1,8	46,9	0	-2,5
1302	11.09.2025 18:59:41,000	2,81	-6,29	40,4	-2,6	46,9	0	-3,6
1303	11.09.2025 18:59:42,000	2,81	-6,29	40,0	-3,7	46,3	0	-5,1
1304	11.09.2025 18:59:43,000	2,81	-6,29	39,9	-2,6	47,5	0	-3,5
1305	11.09.2025 18:59:44,000	2,81	-6,29	40,4	-2,1	47,5	0	-2,9
1306	11.09.2025 18:59:45,000	2,81	-6,29	45,1	-2,2	42,7	0	-3,3
1307	11.09.2025 18:59:46,000	2,81	-6,29	44,8	-2,7	42,5	0	-4,0
1308	11.09.2025 18:59:47,000	2,81	-6,29	40,3	-1,9	47,8	0	-2,6
1309	11.09.2025 18:59:48,000	2,81	-6,29	40,4	-3,1	46,5	0	-4,3
1310	11.09.2025 18:59:49,000	2,81	-6,29	41,9	-4,3	43,7	0	-6,3
1311	11.09.2025 18:59:50,000	2,81	-6,29	43,7	-4,5	41,8	0	-6,7
1312	11.09.2025 18:59:51,000	2,81	-6,29	45,6	-4,8	39,6	0	-7,5
1313	11.09.2025 18:59:52,000	2,85	-6,29	45,7	-4,4	39,8	0	-6,9
1314	11.09.2025 18:59:53,000	2,85	-6,29	39,5	-2,9	47,6	0	-3,9
1315	11.09.2025 18:59:54,000	2,85	-6,29	35,7	-5,2	49,1	0	-7,0
1316	11.09.2025 18:59:55,000	2,85	-6,29	44,7	-5,6	39,7	0	-8,8
1317	11.09.2025 18:59:56,000	2,85	-6,29	49,1	-6,4	34,6	0	-11,2
1318	11.09.2025 18:59:57,000	2,85	-6,29	48,3	-2,9	38,9	0	-4,6
1319	11.09.2025 18:59:58,000	2,89	-6,29	44,9	-1,2	43,9	0	-1,8
1320	11.09.2025 18:59:59,000	2,89	-6,29	46,4	-7,3	36,3	0	-12,2
1321	11.09.2025 19:00:00,000	2,89	-6,29	51,1	-6,6	32,2	0	-12,3
1322	11.09.2025 19:00:01,000	2,89	-6,29	48,1	-1,9	40,1	0	-2,9
1323	11.09.2025 19:00:02,000	2,89	-6,29	45,2	-1,4	43,5	0	-2,0
1324	11.09.2025 19:00:03,000	2,89	-6,29	49,9	-6,7	33,4	0	-12,0
1325	11.09.2025 19:00:04,000	2,89	-6,29	57,0	-7,0	26,0	0	-15,7
1326	11.09.2025 19:00:05,000	2,89	-6,29	50,2	-3,0	36,7	0	-5,1
1327	11.09.2025 19:00:06,000	2,89	-6,29	40,8	1,3	47,9	0	1,7
1328	11.09.2025 19:00:07,000	2,89	-6,29	45,9	-6,3	37,8	0	-10,2
1329	11.09.2025 19:00:08,000	2,89	-6,29	54,9	-6,9	28,2	0	-14,3
1330	11.09.2025 19:00:09,000	2,93	-6,29	52,4	-5,9	31,7	0	-11,1
1331	11.09.2025 19:00:10,000	2,93	-6,29	49,7	-4,9	35,3	0	-8,5
1332	11.09.2025 19:00:11,000	2,93	-6,29	50,0	-5,1	34,9	0	-8,8
1333	11.09.2025 19:00:12,000	2,93	-6,29	53,6	-5,3	31,1	0	-10,2
1334	11.09.2025 19:00:13,000	2,97	-6,29	54,7	-5,4	29,9	0	-10,8
1335	11.09.2025 19:00:14,000	2,97	-6,29	53,7	-3,7	32,6	0	-6,8
1336	11.09.2025 19:00:15,000	2,97	-6,29	52,1	-3,3	34,5	0	-5,9
1337	11.09.2025 19:00:16,000	2,97	-6,29	31,2	-6,1	52,7	0	-7,8
1338	11.09.2025 19:00:17,000	3,00	-6,29	14,1	-6,1	69,8	0	-6,7
1339	11.09.2025 19:00:18,000	3,00	-6,29	5,9	-12,0	72,1	0	-12,7
1340	11.09.2025 19:00:19,000	3,00	-6,29	-2,3	-11,7	76,0	0	-12,0
1341	11.09.2025 19:00:20,000	3,00	-6,29	8,6	12,5	68,9	0	13,5
1342	11.09.2025 19:00:21,000	3,04	-6,29	5,4	16,4	68,2	0	17,3
1343	11.09.2025 19:00:22,000	3,04	-6,29	1,9	13,1	75,0	0	13,4
1344	11.09.2025 19:00:23,000	3,04	-6,29	1,3	15,1	73,6	0	15,3
1345	11.09.2025 19:00:24,000	3,04	-6,29	1,5	16,9	71,6	0	17,2
1346	11.09.2025 19:00:25,000	3,04	-6,29	1,5	15,9	72,6	0	16,1
1347	11.09.2025 19:00:26,000	3,04	-6,29	3,9	15,5	70,6	0	16,1
1348	11.09.2025 19:00:27,000	3,08	-6,29	2,2	16,6	71,2	0	17,0
1349	11.09.2025 19:00:28,000	3,08	-6,29	-0,3	13,4	76,2	0	13,5
1350	11.09.2025 19:00:29,000	3,08	-6,29	-0,1	15,6	74,3	0	15,6
1351	11.09.2025 19:00:30,000	3,08	-6,29	-3,7	12,5	73,8	0	13,0
1352	11.09.2025 19:00:31,000	3,08	-6,29	2,0	13,8	74,3	0	14,1
1353	11.09.2025 19:00:32,000	3,12	-6,29	0,0	14,2	75,8	0	14,2
1354	11.09.2025 19:00:33,000	3,12	-6,29	0,4	15,1	74,5	0	15,2
1355	11.09.2025 19:00:34,000	3,12	-6,29	-1,7	10,5	77,8	0	10,7
1356	11.09.2025 19:00:35,000	3,12	-6,29	2,5	14,5	73,0	0	14,9
1357	11.09.2025 19:00:36,000	3,12	-6,29	0,7	15,6	73,7	0	15,8
1358	11.09.2025 19:00:37,000	3,12	-6,29	-0,2	13,1	76,8	0	13,1
1359	11.09.2025 19:00:38,000	3,12	-6,29	1,1	13,8	75,1	0	13,9
1360	11.09.2025 19:00:39,000	3,16	-6,29	1,5	11,4	77,1	0	11,5
1361	11.09.2025 19:00:40,000	3,16	-6,29	0,1	11,7	78,2	0	11,7
1362	11.09.2025 19:00:41,000	3,16	-6,29	0,7	13,4	75,9	0	13,5
1363	11.09.2025 19:00:42,000	3,16	-6,29	1,3	15,9	72,8	0	16,1
1364	11.09.2025 19:00:43,000	3,16	-6,29	5,7	16,4	67,9	0	17,4
1365	11.09.2025 19:00:44,000	3,16	-6,29	-1,8	13,0	75,2	0	13,3
1366	11.09.2025 19:00:45,000	3,16	-6,29	0,8	14,1	75,1	0	14,2
1367	11.09.2025 19:00:46,000	3,16	-6,29	0,1	13,4	76,4	0	13,4
1368	11.09.2025 19:00:47,000	3,16	-6,29	2,3	11,2	76,5	0	11,5
1369	11.09.2025 19:00:48,000	3,19	-6,29	5,2	14,9	69,9	0	15,7
1370	11.09.2025 19:00:49,000	3,19	-6,29	-3,1	14,2	72,7	0	14,7
1371	11.09.2025 19:00:50,000	3,19	-6,29	3,6	14,6	71,8	0	15,2
1372	11.09.2025 19:00:51,000	3,19	-6,29	-2,0	11,1	76,9	0	11,4
1373	11.09.2025 19:00:52,000	3,19	-6,29	5,1	13,1	71,8	0	13,8
1374	11.09.2025 19:00:53,000	3,19	-6,29	0,8	13,4	75,7	0	13,5
1375	11.09.2025 19:00:54,000	3,19	-6,29	2,8	14,8	72,3	0	15,3
1376	11.09.2025 19:00:55,000	3,19	-6,29	-2,4	11,4	76,1	0	11,7
1377	11.09.2025 19:00:56,000	3,19	-6,29	-1,0	10,2	78,9	0	10,3
1378	11.09.2025 19:00:57,000	3,19	-6,29	0,5	8,9	80,6	0	8,9
1379	11.09.2025 19:00:58,000	3,19	-6,29	0,9	9,4	79,7	0	9,5
1380	11.09.2025 19:00:59,000	3,19	-6,29	-0,1	8,4	81,6	0	8,4
1381	11.09.2025 19:01:00,000	3,19	-6,29	1,8	6,8	81,5	0	6,9
1382	11.09.2025 19:01:01,000	3,19	-6,29	2,4	7,1	80,5	0	7,3
1383	11.09.2025 19:01:02,000	3,19	-6,29	1,1	6,4	82,4	0	6,5
1384	11.09.2025 19:01:03,000	3,19	-6,29	0,7	6,4	82,9	0	6,5
1385	11.09.2025 19:01:04,000	3,19	-6,29	3,4	7,8	78,9	0	8,0
1386	11.09.2025 19:01:05,000	3,19	-6,29	-2,9	9,2	77,8	0	9,5
1387	11.09.2025 19:01:06,000	3,19	-6,29	-0,1	4,8	85,1	0	4,8
1388	11.09.2025 19:01:07,000	3,19	-6,29	-1,8	5,6	82,6	0	5,7
1389	11.09.2025 19:01:08,000	3,19	-6,29	2,1	6,5	81,4	0	6,7
1390	11.09.2025 19:01:09,000	3,23	-6,29	1,6	5,2	83,2	0	5,3
1391	11.09.2025 19:01:10,000	3,23	-6,29	0,4	6,5	83,2	0	6,5
1392	11.09.2025 19:01:11,000	3,19	-6,29	3,1	5,5	81,4	0	5,6
1393	11.09.2025 19:01:12,000	3,23	-6,29	-0,6	10,2	79,3	0	10,2
1394	11.09.2025 19:01:13,000	3,23	-6,29	1,2	8,3	80,4	0	8,4
1395	11.09.2025 19:01:14,000	3,23	-6,29	-1,6	5,7	82,6	0	5,8
1396	11.09.2025 19:01:15,000	3,23	-6,29	-0,1	3,5	86,4	0	3,5
1397	11.09.2025 19:01:16,000	3,23	-6,29	4,9	8,6	76,5	0	9,0
1398	11.09.2025 19:01:17,000	3,23	-6,29	2,8	7,4	79,7	0	7,6
1399	11.09.2025 19:01:18,000	3,23	-6,29	-2,0	7,4	80,6	0	7,5
1400	11.09.2025 19:01:19,000	3,23	-6,29	-0,8	8,1	81,0	0	8,2
1401	11.09.2025 19:01:20,000	3,23	-6,29	-2,4	6,6	80,9	0	6,8
1402	11.09.2025 19:01:21,000	3,23	-6,29	1,1	4,5	84,3	0	4,6
1403	11.09.2025 19:01:22,000	3,23	-6,29	3,1	9,0	77,9	0	9,2
1404	11.09.2025 19:01:23,000	3,23	-6,29	1,5	7,0	81,5	0	7,1
1405	11.09.2025 19:01:24,000	3,23	-6,29	2,9	9,9	77,2	0	10,2
1406	11.09.2025 19:01:25,000	3,23	-6,29	1,3	10,5	78,2	0	10,6
1407	11.09.2025 19:01:26,000	3,23	-6,29	-2,7	9,6	77,7	0	9,9
1408	11.09.2025 19:01:27,000	3,23	-6,29	3,5	7,3	79,2	0	7,5
1409	11.09.2025 19:01:28,000	3,23	-6,29	2,5	9,9	77,6	0	10,1
1410	11.09.2025 19:01:29,000	3,23	-6,29	3,5	8,3	78,3	0	8,6
1411	11.09.2025 19:01:30,000	3,23	-6,29	-1,2	8,4	80,4	0	8,5
1412	11.09.2025 19:01:31,000	3,23	-6,29	3,5	8,4	78,1	0	8,7
1413	11.09.2025 19:01:32,000	3,23	-6,29	3,0	14,0	72,9	0	14,5
1414	11.09.2025 19:01:33,000	3,23	-6,29	-4,8	7,5	77,6	0	7,9
1415	11.09.2025 19:01:34,000	3,23	-6,29	3,4	9,8	76,8	0	10,1
1416	11.09.2025 19:01:35,000	3,23	-6,29	4,0	8,9	77,1	0	9,3
1417	11.09.2025 19:01:36,000	3,23	-6,29	-0,2	10,1	79,8	0	10,1
1418	11.09.2025 19:01:37,000	3,23	-6,29	0,7	8,5	80,8	0	8,6
1419	11.09.2025 19:01:38,000	3,23	-6,29	1,7	9,8	78,4	0	10,0
1420	11.09.2025 19:01:39,000	3,23	-6,29	3,6	11,7	74,6	0	12,2
1421	11.09.2025 19:01:40,000	3,23	-6,29	-0,1	11,8	78,1	0	11,8
1422	11.09.2025 19:01:41,000	3,23	-6,29	2,3	11,0	76,7	0	11,3
1423	11.09.2025 19:01:42,000	3,23	-6,29	1,1	10,7	78,2	0	10,8
1424	11.09.2025 19:01:43,000	3,23	-6,29	2,9	11,7	75,5	0	12,0
1425	11.09.2025 19:01:44,000	3,23	-6,29	4,0	10,8	75,1	0	11,3
1426	11.09.2025 19:01:45,000	3,23	-6,29	-2,0	12,0	76,0	0	12,3
1427	11.09.2025 19:01:46,000	3,23	-6,29	4,0	12,8	73,2	0	13,3
1428	11.09.2025 19:01:47,000	3,23	-6,29	-2,4	6,6	80,9	0	6,8
1429	11.09.2025 19:01:48,000	3,23	-6,29	-1,3	9,6	79,0	0	9,8
1430	11.09.2025 19:01:49,000	3,23	-6,29	-0,6	7,4	82,0	0	7,4
1431	11.09.2025 19:01:50,000	3,23	-6,29	2,3	11,4	76,3	0	11,7
1432	11.09.2025 19:01:51,000	3,23	-6,29	0,8	11,0	78,2	0	11,1
1433	11.09.2025 19:01:52,000	3,27	-6,29	3,3	12,6	74,1	0	13,1
1434	11.09.2025 19:01:53,000	3,23	-6,29	0,1	14,7	75,2	0	14,7
1435	11.09.2025 19:01:54,000	3,23	-6,29	-3,2	6,4	80,5	0	6,6
1436	11.09.2025 19:01:55,000	3,27	-6,29	3,3	11,0	75,7	0	11,4
1437	11.09.2025 19:01:56,000	3,27	-6,29	1,5	9,7	78,8	0	9,9
1438	11.09.2025 19:01:57,000	3,27	-6,29	-2,6	7,9	79,5	0	8,1
1439	11.09.2025 19:01:58,000	3,23	-6,29	1,8	12,2	75,9	0	12,5
1440	11.09.2025 19:01:59,000	3,27	-6,29	0,6	12,5	77,0	0	12,5
1441	11.09.2025 19:02:00,000	3,27	-6,29	0,0	10,1	79,9	0	10,1
1442	11.09.2025 19:02:01,000	3,27	-6,29	3,6	10,3	76,0	0	10,7
1443	11.09.2025 19:02:02,000	3,27	-6,29	3,6	10,2	76,2	0	10,6
1444	11.09.2025 19:02:03,000	3,27	-6,29	2,9	8,9	78,1	0	9,2
1445	11.09.2025 19:02:04,000	3,27	-6,29	1,2	10,8	78,0	0	10,9
1446	11.09.2025 19:02:05,000	3,27	-6,29	-1,5	10,3	78,3	0	10,4
1447	11.09.2025 19:02:06,000	3,27	-6,29	1,0	13,3	75,7	0	13,4
1448	11.09.2025 19:02:07,000	3,27	-6,29	3,1	13,8	73,1	0	14,2
1449	11.09.2025 19:02:08,000	3,27	-6,29	-1,0	10,7	78,3	0	10,8
1450	11.09.2025 19:02:09,000	3,27	-6,29	-1,2	10,5	78,3	0	10,7
1451	11.09.2025 19:02:10,000	3,27	-6,29	-1,9	10,8	77,3	0	11,0
1452	11.09.2025 19:02:11,000	3,27	-6,29	0,5	12,0	77,5	0	12,0
1453	11.09.2025 19:02:12,000	3,27	-6,29	4,8	14,9	70,3	0	15,6
1454	11.09.2025 19:02:13,000	3,27	-6,29	-1,8	11,6	76,7	0	11,8
1455	11.09.2025 19:02:14,000	3,27	-6,29	-0,4	12,9	76,7	0	12,9
1456	11.09.2025 19:02:15,000	3,27	-6,29	-0,4	10,5	79,1	0	10,6
1457	11.09.2025 19:02:16,000	3,27	-6,29	5,0	14,1	70,9	0	14,8
1458	11.09.2025 19:02:17,000	3,27	-6,29	1,6	15,6	72,9	0	15,8
1459	11.09.2025 19:02:18,000	3,27	-6,29	3,4	16,6	70,0	0	17,2
1460	11.09.2025 19:02:19,000	3,27	-6,29	-1,8	12,3	75,9	0	12,6
1461	11.09.2025 19:02:20,000	3,27	-6,29	1,6	13,7	74,7	0	13,9
1462	11.09.2025 19:02:21,000	3,27	-6,29	2,6	14,8	72,7	0	15,2
1463	11.09.2025 19:02:22,000	3,27	-6,29	4,0	14,0	72,0	0	14,6
1464	11.09.2025 19:02:23,000	3,27	-6,29	0,7	13,9	75,4	0	14,0
1465	11.09.2025 19:02:24,000	3,27	-6,29	1,0	15,1	73,9	0	15,3
1466	11.09.2025 19:02:25,000	3,27	-6,29	0,2	13,0	76,8	0	13,1
1467	11.09.2025 19:02:26,000	3,27	-6,29	4,2	16,8	69,0	0	17,6
1468	11.09.2025 19:02:27,000	3,27	-6,29	0,0	13,8	76,1	0	13,8
1469	11.09.2025 19:02:28,000	3,27	-6,29	2,2	14,4	73,4	0	14,7
1470	11.09.2025 19:02:29,000	3,27	-6,29	1,6	11,5	77,0	0	11,6
1471	11.09.2025 19:02:30,000	3,27	-6,29	1,3	16,6	72,1	0	16,8
1472	11.09.2025 19:02:31,000	3,27	-6,29	0,0	14,8	75,1	0	14,9
1473	11.09.2025 19:02:32,000	3,27	-6,29	-0,6	15,0	74,4	0	15,1
1474	11.09.2025 19:02:33,000	3,27	-6,29	1,8	15,4	72,8	0	15,7
1475	11.09.2025 19:02:34,000	3,27	-6,29	2,1	15,8	72,1	0	16,2
1476	11.09.2025 19:02:35,000	3,27	-6,29	-0,5	10,4	79,0	0	10,5
1477	11.09.2025 19:02:36,000	3,27	-6,29	0,9	16,4	72,6	0	16,6
1478	11.09.2025 19:02:37,000	3,27	-6,29	2,2	14,7	73,2	0	15,0
1479	11.09.2025 19:02:38,000	3,27	-6,29	2,2	12,1	75,8	0	12,4
1480	11.09.2025 19:02:39,000	3,27	-6,29	3,3	14,7	72,0	0	15,3
1481	11.09.2025 19:02:40,000	3,27	-6,29	-0,1	14,0	75,9	0	14,0
1482	11.09.2025 19:02:41,000	3,27	-6,29	4,4	16,6	69,0	0	17,4
1483	11.09.2025 19:02:42,000	3,27	-6,29	-0,4	15,8	73,8	0	15,9
1484	11.09.2025 19:02:43,000	3,27	-6,29	3,5	17,1	69,4	0	17,7
1485	11.09.2025 19:02:44,000	3,27	-6,29	0,6	13,0	76,4	0	13,1
1486	11.09.2025 19:02:45,000	3,27	-6,29	1,8	12,6	75,6	0	12,9
1487	11.09.2025 19:02:46,000	3,27	-6,29	4,3	13,0	72,7	0	13,6
1488	11.09.2025 19:02:47,000	3,27	-6,29	3,2	10,9	75,9	0	11,3
1489	11.09.2025 19:02:48,000	3,27	-6,29	2,8	15,0	72,2	0	15,4
1490	11.09.2025 19:02:49,000	3,27	-6,29	1,1	13,9	75,0	0	14,0
1491	11.09.2025 19:02:50,000	3,27	-6,29	2,4	13,6	74,0	0	14,0
1492	11.09.2025 19:02:51,000	3,27	-6,29	0,7	11,2	78,1	0	11,2
1493	11.09.2025 19:02:52,000	3,27	-6,29	3,1	12,1	74,9	0	12,5
1494	11.09.2025 19:02:53,000	3,27	-6,29	-1,7	3,1	85,3	0	3,1
1495	11.09.2025 19:02:54,000	3,27	-6,29	-2,0	4,2	83,8	0	4,3
1496	11.09.2025 19:02:55,000	3,27	-6,29	-1,0	5,7	83,2	0	5,8
1497	11.09.2025 19:02:56,000	3,27	-6,29	-4,0	3,9	82,1	0	4,0
1498	11.09.2025 19:02:57,000	3,27	-6,29	-0,7	3,0	86,3	0	3,0
1499	11.09.2025 19:02:58,000	3,27	-6,29	0,3	7,8	81,9	0	7,8
1500	11.09.2025 19:02:59,000	3,27	-6,29	-4,6	2,6	82,8	0	2,7
1501	11.09.2025 19:03:00,000	3,27	-6,29	-13,1	0,7	76,2	0	0,7
1502	11.09.2025 19:03:01,000	3,27	-6,29	-3,4	2,9	83,7	0	2,9
1503	11.09.2025 19:03:02,000	3,27	-6,29	1,0	4,0	85,0	0	4,1
1504	11.09.2025 19:03:03,000	3,27	-6,29	-4,8	4,7	80,5	0	4,9
1505	11.09.2025 19:03:04,000	3,27	-6,29	-0,4	5,5	84,2	0	5,5
1506	11.09.2025 19:03:05,000	3,27	-6,29	-8,3	4,5	77,2	0	4,7
1507	11.09.2025 19:03:06,000	3,27	-6,29	-2,8	3,7	83,5	0	3,8
1508	11.09.2025 19:03:07,000	3,27	-6,29	0,0	3,4	86,6	0	3,4
1509	11.09.2025 19:03:08,000	3,27	-6,29	3,4	11,6	75,0	0	12,0
1510	11.09.2025 19:03:09,000	3,27	-6,29	2,2	15,1	72,6	0	15,5
1511	11.09.2025 19:03:10,000	3,27	-6,29	1,7	17,5	70,8	0	17,9
1512	11.09.2025 19:03:11,000	3,27	-6,29	2,3	16,4	71,3	0	16,8
1513	11.09.2025 19:03:12,000	3,27	-6,29	2,1	13,2	74,7	0	13,5
1514	11.09.2025 19:03:13,000	3,27	-6,29	2,1	15,9	72,0	0	16,3
1515	11.09.2025 19:03:14,000	3,27	-6,29	1,4	15,1	73,5	0	15,3
1516	11.09.2025 19:03:15,000	3,27	-6,29	1,3	16,9	71,8	0	17,2
1517	11.09.2025 19:03:16,000	3,27	-6,29	3,9	16,8	69,3	0	17,5
1518	11.09.2025 19:03:17,000	3,27	-6,29	0,5	14,6	74,9	0	14,7
1519	11.09.2025 19:03:18,000	3,27	-6,29	1,4	14,7	73,9	0	15,0
1520	11.09.2025 19:03:19,000	3,27	-6,29	1,7	16,5	71,8	0	16,8
1521	11.09.2025 19:03:20,000	3,27	-6,29	-0,6	15,4	74,1	0	15,5
1522	11.09.2025 19:03:21,000	3,27	-6,29	-0,4	15,1	74,6	0	15,1
1523	11.09.2025 19:03:22,000	3,27	-6,29	-0,2	17,5	72,3	0	17,6
1524	11.09.2025 19:03:23,000	3,27	-6,29	3,3	18,8	67,9	0	19,5
1525	11.09.2025 19:03:24,000	3,27	-6,29	4,4	17,3	68,3	0	18,2
1526	11.09.2025 19:03:25,000	3,27	-6,29	2,0	16,5	71,5	0	16,8
1527	11.09.2025 19:03:26,000	3,27	-6,29	0,4	16,0	73,6	0	16,0
1528	11.09.2025 19:03:27,000	3,27	-6,29	1,2	14,6	74,2	0	14,8
1529	11.09.2025 19:03:28,000	3,27	-6,29	1,6	15,4	73,0	0	15,6
1530	11.09.2025 19:03:29,000	3,27	-6,29	-1,6	13,6	74,9	0	13,8
1531	11.09.2025 19:03:30,000	3,27	-6,29	-0,1	14,2	75,7	0	14,2
1532	11.09.2025 19:03:31,000	3,27	-6,29	3,1	15,6	71,3	0	16,2
1533	11.09.2025 19:03:32,000	3,27	-6,29	-0,9	16,4	72,7	0	16,5
1534	11.09.2025 19:03:33,000	3,27	-6,29	1,4	14,5	74,1	0	14,7
1535	11.09.2025 19:03:34,000	3,27	-6,29	1,6	13,3	75,0	0	13,6
1536	11.09.2025 19:03:35,000	3,27	-6,29	-1,5	16,4	72,1	0	16,7
1537	11.09.2025 19:03:36,000	3,27	-6,29	1,1	13,9	75,0	0	14,1
1538	11.09.2025 19:03:37,000	3,27	-6,29	2,8	16,0	71,2	0	16,5
1539	11.09.2025 19:03:38,000	3,27	-6,29	0,8	14,6	74,6	0	14,7
1540	11.09.2025 19:03:39,000	3,27	-6,29	2,9	15,6	71,5	0	16,1
1541	11.09.2025 19:03:40,000	3,27	-6,29	3,8	15,7	70,4	0	16,4
1542	11.09.2025 19:03:41,000	3,27	-6,29	2,3	17,1	70,7	0	17,5
1543	11.09.2025 19:03:42,000	3,27	-6,29	4,2	13,1	72,7	0	13,7
1544	11.09.2025 19:03:43,000	3,27	-6,29	1,2	15,6	73,1	0	15,8
1545	11.09.2025 19:03:44,000	3,27	-6,29	2,7	14,2	73,2	0	14,6
1546	11.09.2025 19:03:45,000	3,27	-6,29	4,3	16,9	68,8	0	17,7
1547	11.09.2025 19:03:46,000	3,27	-6,29	2,9	14,1	73,0	0	14,5
1548	11.09.2025 19:03:47,000	3,27	-6,29	0,4	14,2	75,4	0	14,2
1549	11.09.2025 19:03:48,000	3,27	-6,29	0,7	15,5	73,8	0	15,7
1550	11.09.2025 19:03:49,000	3,27	-6,29	0,0	14,0	76,0	0	14,0
1551	11.09.2025 19:03:50,000	3,27	-6,29	3,3	14,9	71,8	0	15,4
1552	11.09.2025 19:03:51,000	3,27	-6,29	4,0	10,3	75,7	0	10,7
1553	11.09.2025 19:03:52,000	3,27	-6,29	-1,8	16,4	71,9	0	16,7
1554	11.09.2025 19:03:53,000	3,27	-6,29	3,2	13,7	73,1	0	14,1
1555	11.09.2025 19:03:54,000	3,27	-6,29	4,8	16,6	68,6	0	17,5
1556	11.09.2025 19:03:55,000	3,27	-6,29	2,5	15,0	72,5	0	15,4
1557	11.09.2025 19:03:56,000	3,27	-6,29	5,5	15,6	68,9	0	16,5
1558	11.09.2025 19:03:57,000	3,27	-6,29	1,5	13,9	74,6	0	14,1
1559	11.09.2025 19:03:58,000	3,27	-6,29	1,3	14,1	74,5	0	14,3
1560	11.09.2025 19:03:59,000	3,27	-6,29	1,5	12,9	75,5	0	13,1
1561	11.09.2025 19:04:00,000	3,27	-6,29	-1,6	12,2	76,2	0	12,4
1562	11.09.2025 19:04:01,000	3,27	-6,29	-1,5	12,8	75,7	0	13,0
1563	11.09.2025 19:04:02,000	3,27	-6,29	0,9	11,9	77,3	0	12,0
1564	11.09.2025 19:04:03,000	3,27	-6,29	3,7	15,3	71,1	0	15,9
1565	11.09.2025 19:04:04,000	3,27	-6,29	-0,3	11,8	77,9	0	11,8
1566	11.09.2025 19:04:05,000	3,27	-6,29	4,7	11,5	73,8	0	12,1
1567	11.09.2025 19:04:06,000	3,27	-6,29	2,1	14,6	73,4	0	14,9
1568	11.09.2025 19:04:07,000	3,27	-6,29	-1,5	11,5	77,0	0	11,7
1569	11.09.2025 19:04:08,000	3,27	-6,29	1,5	14,0	74,5	0	14,2
1570	11.09.2025 19:04:09,000	3,27	-6,29	1,9	12,4	75,6	0	12,7
1571	11.09.2025 19:04:10,000	3,27	-6,29	-0,1	10,8	79,1	0	10,8
1572	11.09.2025 19:04:11,000	3,27	-6,29	0,1	10,9	79,0	0	10,9
1573	11.09.2025 19:04:12,000	3,27	-6,29	0,7	14,9	74,4	0	15,0
1574	11.09.2025 19:04:13,000	3,27	-6,29	-1,7	12,8	75,5	0	13,1
1575	11.09.2025 19:04:14,000	3,27	-6,29	4,3	15,9	69,8	0	16,6
1576	11.09.2025 19:04:15,000	3,27	-6,29	3,9	14,4	71,8	0	15,0
1577	11.09.2025 19:04:16,000	3,27	-6,29	0,2	11,9	77,9	0	11,9
1578	11.09.2025 19:04:17,000	3,27	-6,29	-0,1	13,3	76,6	0	13,3
1579	11.09.2025 19:04:18,000	3,27	-6,29	0,0	13,7	76,3	0	13,7
1580	11.09.2025 19:04:19,000	3,27	-6,29	-0,9	10,0	79,1	0	10,1
1581	11.09.2025 19:04:20,000	3,27	-6,29	3,5	10,9	75,6	0	11,3
1582	11.09.2025 19:04:21,000	3,27	-6,29	2,5	12,4	75,1	0	12,8
1583	11.09.2025 19:04:22,000	3,27	-6,29	1,7	11,7	76,6	0	11,9
1584	11.09.2025 19:04:23,000	3,27	-6,29	1,8	12,2	76,0	0	12,5
1585	11.09.2025 19:04:24,000	3,27	-6,29	0,3	13,3	76,4	0	13,4
1586	11.09.2025 19:04:25,000	3,27	-6,29	0,3	12,5	77,1	0	12,6
1587	11.09.2025 19:04:26,000	3,27	-6,29	-0,7	11,2	78,2	0	11,3
1588	11.09.2025 19:04:27,000	3,27	-6,29	2,3	12,3	75,4	0	12,6
1589	11.09.2025 19:04:28,000	3,27	-6,29	2,5	10,9	76,5	0	11,2
1590	11.09.2025 19:04:29,000	3,27	-6,29	2,1	11,5	76,4	0	11,7
1591	11.09.2025 19:04:30,000	3,27	-6,29	1,5	10,6	77,9	0	10,8
1592	11.09.2025 19:04:31,000	3,27	-6,29	-0,4	8,9	80,8	0	8,9
1593	11.09.2025 19:04:32,000	3,27	-6,29	-5,3	11,9	72,8	0	12,5
1594	11.09.2025 19:04:33,000	3,27	-6,29	-0,3	12,3	77,4	0	12,3
1595	11.09.2025 19:04:34,000	3,27	-6,29	3,2	12,4	74,5	0	12,8
1596	11.09.2025 19:04:35,000	3,27	-6,29	0,1	12,4	77,5	0	12,5
1597	11.09.2025 19:04:36,000	3,27	-6,29	-1,0	12,7	76,3	0	12,9
1598	11.09.2025 19:04:37,000	3,27	-6,29	0,1	10,0	79,9	0	10,0
1599	11.09.2025 19:04:38,000	3,27	-6,29	2,0	16,1	71,9	0	16,5
1600	11.09.2025 19:04:39,000	3,27	-6,29	1,2	12,7	76,2	0	12,8
1601	11.09.2025 19:04:40,000	3,27	-6,29	0,2	14,7	75,2	0	14,7
1602	11.09.2025 19:04:41,000	3,27	-6,29	4,1	13,7	72,2	0	14,3
1603	11.09.2025 19:04:42,000	3,27	-6,29	1,3	11,2	77,5	0	11,3
1604	11.09.2025 19:04:43,000	3,27	-6,29	-1,6	12,3	76,1	0	12,5
1605	11.09.2025 19:04:44,000	3,27	-6,29	2,3	10,6	77,1	0	10,9
1606	11.09.2025 19:04:45,000	3,27	-6,29	4,3	12,0	73,7	0	12,5
1607	11.09.2025 19:04:46,000	3,27	-6,29	-0,8	12,6	76,7	0	12,7
1608	11.09.2025 19:04:47,000	3,27	-6,29	3,5	15,1	71,4	0	15,7
1609	11.09.2025 19:04:48,000	3,27	-6,29	0,3	12,9	76,8	0	12,9
1610	11.09.2025 19:04:49,000	3,27	-6,29	3,4	14,0	72,5	0	14,6
1611	11.09.2025 19:04:50,000	3,27	-6,29	0,7	14,0	75,3	0	14,1
1612	11.09.2025 19:04:51,000	3,27	-6,29	1,8	12,5	75,6	0	12,8
1613	11.09.2025 19:04:52,000	3,27	-6,29	-0,1	12,7	77,1	0	12,8
1614	11.09.2025 19:04:53,000	3,27	-6,29	2,4	17,2	70,4	0	17,6
1615	11.09.2025 19:04:54,000	3,27	-6,29	-0,9	11,9	77,2	0	12,0
1616	11.09.2025 19:04:55,000	3,27	-6,29	0,8	13,4	75,8	0	13,5
1617	11.09.2025 19:04:56,000	3,27	-6,29	0,6	8,4	81,0	0	8,5
1618	11.09.2025 19:04:57,000	3,27	-6,29	2,4	11,9	75,7	0	12,2
1619	11.09.2025 19:04:58,000	3,27	-6,29	2,6	13,6	73,7	0	14,0
1620	11.09.2025 19:04:59,000	3,27	-6,29	0,6	11,2	78,2	0	11,2
1621	11.09.2025 19:05:00,000	3,27	-6,29	-1,9	11,1	77,1	0	11,3
1622	11.09.2025 19:05:01,000	3,27	-6,29	1,1	13,3	75,6	0	13,4
1623	11.09.2025 19:05:02,000	3,27	-6,29	6,4	10,9	72,7	0	11,6
1624	11.09.2025 19:05:03,000	3,27	-6,29	0,4	12,9	76,7	0	13,0
1625	11.09.2025 19:05:04,000	3,27	-6,29	3,5	12,7	73,8	0	13,2
1626	11.09.2025 19:05:05,000	3,27	-6,29	0,8	14,5	74,7	0	14,6
1627	11.09.2025 19:05:06,000	3,27	-6,29	2,5	14,2	73,2	0	14,6
1628	11.09.2025 19:05:07,000	3,27	-6,29	4,0	15,2	70,8	0	15,8
1629	11.09.2025 19:05:08,000	3,27	-6,29	5,0	13,5	71,5	0	14,2
1630	11.09.2025 19:05:09,000	3,27	-6,29	2,7	13,7	73,6	0	14,1
1631	11.09.2025 19:05:10,000	3,27	-6,29	2,7	15,4	72,0	0	15,8
1632	11.09.2025 19:05:11,000	3,27	-6,29	3,5	12,5	74,0	0	12,9
1633	11.09.2025 19:05:12,000	3,27	-6,29	-2,3	11,0	76,7	0	11,2
1634	11.09.2025 19:05:13,000	3,27	-6,29	-1,5	10,5	78,0	0	10,7
1635	11.09.2025 19:05:14,000	3,27	-6,29	2,1	10,8	77,0	0	11,1
1636	11.09.2025 19:05:15,000	3,27	-6,29	1,6	14,5	73,9	0	14,8
1637	11.09.2025 19:05:16,000	3,27	-6,29	1,8	13,5	74,7	0	13,7
1638	11.09.2025 19:05:17,000	3,27	-6,29	1,4	11,8	76,8	0	12,0
1639	11.09.2025 19:05:18,000	3,27	-6,29	0,9	11,4	77,7	0	11,5
1640	11.09.2025 19:05:19,000	3,27	-6,29	-1,7	16,6	71,7	0	16,9
1641	11.09.2025 19:05:20,000	3,27	-6,29	-1,3	11,4	77,2	0	11,6
1642	11.09.2025 19:05:21,000	3,27	-6,29	1,8	13,9	74,2	0	14,2
1643	11.09.2025 19:05:22,000	3,27	-6,29	4,4	13,0	72,6	0	13,6
1644	11.09.2025 19:05:23,000	3,27	-6,29	4,7	12,8	72,5	0	13,4
1645	11.09.2025 19:05:24,000	3,27	-6,29	-0,1	13,2	76,7	0	13,2
1646	11.09.2025 19:05:25,000	3,27	-6,29	9,9	11,3	68,8	0	12,4
1647	11.09.2025 19:05:26,000	3,27	-6,29	3,4	13,0	73,6	0	13,5
1648	11.09.2025 19:05:27,000	3,27	-6,29	1,2	9,5	79,3	0	9,6
1649	11.09.2025 19:05:28,000	3,27	-6,29	-2,0	8,6	79,4	0	8,8
1650	11.09.2025 19:05:29,000	3,27	-6,29	-0,4	14,6	75,0	0	14,7
1651	11.09.2025 19:05:30,000	3,27	-6,29	-0,4	15,0	74,6	0	15,1
1652	11.09.2025 19:05:31,000	3,27	-6,29	3,7	14,2	72,1	0	14,8
1653	11.09.2025 19:05:32,000	3,27	-6,29	2,7	15,7	71,6	0	16,2
1654	11.09.2025 19:05:33,000	3,27	-6,29	2,3	13,4	74,3	0	13,8
1655	11.09.2025 19:05:34,000	3,27	-6,29	6,2	14,2	69,6	0	15,1
1656	11.09.2025 19:05:35,000	3,27	-6,29	7,5	16,0	66,4	0	17,3
1657	11.09.2025 19:05:36,000	3,27	-6,29	-0,2	16,2	73,6	0	16,2
1658	11.09.2025 19:05:37,000	3,27	-6,29	-1,0	12,8	76,2	0	12,9
1659	11.09.2025 19:05:38,000	3,27	-6,29	-4,9	11,7	73,4	0	12,3
1660	11.09.2025 19:05:39,000	3,27	-6,29	-6,0	10,4	73,6	0	11,0
1661	11.09.2025 19:05:40,000	3,27	-6,29	-1,2	12,1	76,7	0	12,3
1662	11.09.2025 19:05:41,000	3,27	-6,29	2,8	14,6	72,7	0	15,0
1663	11.09.2025 19:05:42,000	3,27	-6,29	0,6	13,3	76,2	0	13,3
1664	11.09.2025 19:05:43,000	3,27	-6,29	1,2	12,3	76,6	0	12,4
1665	11.09.2025 19:05:44,000	3,27	-6,29	7,1	12,7	70,2	0	13,6
1666	11.09.2025 19:05:45,000	3,27	-6,29	2,5	10,3	77,1	0	10,6
1667	11.09.2025 19:05:46,000	3,27	-6,29	3,0	6,5	80,5	0	6,7
1668	11.09.2025 19:05:47,000	3,27	-6,29	4,1	10,2	75,7	0	10,6
1669	11.09.2025 19:05:48,000	3,27	-6,29	11,4	18,5	60,1	0	20,7
1670	11.09.2025 19:05:49,000	3,27	-6,29	17,9	18,1	54,0	0	21,8
1671	11.09.2025 19:05:50,000	3,27	-6,29	26,1	17,9	46,0	0	23,8
1672	11.09.2025 19:05:51,000	3,27	-6,29	28,0	16,8	45,2	0	22,8
1673	11.09.2025 19:05:52,000	3,27	-6,29	26,8	18,8	44,3	0	25,4
1674	11.09.2025 19:05:53,000	3,27	-6,29	28,4	17,2	44,4	0	23,5
1675	11.09.2025 19:05:54,000	3,27	-6,29	26,4	18,8	44,8	0	25,2
1676	11.09.2025 19:05:55,000	3,27	-6,29	27,0	17,7	45,3	0	23,7
1677	11.09.2025 19:05:56,000	3,27	-6,29	26,5	20,3	43,2	0	27,5
1678	11.09.2025 19:05:57,000	3,27	-6,29	27,7	19,1	43,1	0	26,2
1679	11.09.2025 19:05:58,000	3,27	-6,29	27,7	18,3	44,0	0	24,9
1680	11.09.2025 19:05:59,000	3,27	-6,29	27,0	19,3	43,6	0	26,2
1681	11.09.2025 19:06:00,000	3,27	-6,29	26,7	20,7	42,6	0	28,2
1682	11.09.2025 19:06:01,000	3,27	-6,29	28,0	19,1	42,9	0	26,3
1683	11.09.2025 19:06:02,000	3,27	-6,29	27,9	19,5	42,6	0	26,8
1684	11.09.2025 19:06:03,000	3,27	-6,29	27,5	18,7	43,8	0	25,4
1685	11.09.2025 19:06:04,000	3,27	-6,29	28,7	18,2	43,1	0	25,2
1686	11.09.2025 19:06:05,000	3,27	-6,29	28,1	19,2	42,6	0	26,5
1687	11.09.2025 19:06:06,000	3,27	-6,29	27,2	18,1	44,7	0	24,5
1688	11.09.2025 19:06:07,000	3,27	-6,29	26,8	18,6	44,6	0	25,0
1689	11.09.2025 19:06:08,000	3,27	-6,29	28,8	18,2	43,0	0	25,1
1690	11.09.2025 19:06:09,000	3,27	-6,29	27,7	17,5	44,8	0	23,7
1691	11.09.2025 19:06:10,000	3,27	-6,29	27,5	17,3	45,2	0	23,3
1692	11.09.2025 19:06:11,000	3,27	-6,29	28,6	17,0	44,4	0	23,3
1693	11.09.2025 19:06:12,000	3,27	-6,29	28,2	18,6	43,2	0	25,6
1694	11.09.2025 19:06:13,000	3,27	-6,29	29,1	18,1	42,8	0	25,1
1695	11.09.2025 19:06:14,000	3,27	-6,29	28,9	19,4	41,7	0	27,1
1696	11.09.2025 19:06:15,000	3,27	-6,29	29,2	18,4	42,4	0	25,6
1697	11.09.2025 19:06:16,000	3,27	-6,29	29,6	18,0	42,4	0	25,1
1698	11.09.2025 19:06:17,000	3,27	-6,29	30,2	17,5	42,3	0	24,7
1699	11.09.2025 19:06:18,000	3,27	-6,29	31,2	16,7	42,1	0	23,7
1700	11.09.2025 19:06:19,000	3,23	-6,29	31,8	16,4	41,8	0	23,5
1701	11.09.2025 19:06:20,000	3,23	-6,29	32,2	17,1	40,8	0	24,7
1702	11.09.2025 19:06:21,000	3,23	-6,29	32,2	16,0	41,8	0	22,9
1703	11.09.2025 19:06:22,000	3,19	-6,29	31,1	16,0	42,9	0	22,6
1704	11.09.2025 19:06:23,000	3,19	-6,29	31,5	16,8	41,7	0	24,0
1705	11.09.2025 19:06:24,000	3,16	-6,29	33,4	15,1	41,5	0	21,9
1706	11.09.2025 19:06:25,000	3,16	-6,29	32,2	15,7	42,1	0	22,4
1707	11.09.2025 19:06:26,000	3,12	-6,29	32,8	15,7	41,6	0	22,7
1708	11.09.2025 19:06:27,000	3,12	-6,29	32,0	17,8	40,2	0	25,9
1709	11.09.2025 19:06:28,000	3,12	-6,29	26,9	18,4	44,6	0	24,8
1710	11.09.2025 19:06:29,000	3,08	-6,29	27,1	18,5	44,5	0	24,9
1711	11.09.2025 19:06:30,000	3,08	-6,29	29,1	23,8	37,1	0	34,1
1712	11.09.2025 19:06:31,000	3,04	-6,29	30,4	21,4	38,2	0	31,0
1713	11.09.2025 19:06:32,000	3,04	-6,29	31,8	16,6	41,6	0	23,8
1714	11.09.2025 19:06:33,000	3,04	-6,29	30,2	17,6	42,2	0	24,7
1715	11.09.2025 19:06:34,000	3,04	-6,29	35,8	20,7	33,5	0	32,9
1716	11.09.2025 19:06:35,000	3,04	-6,29	30,0	18,6	41,4	0	26,3
1717	11.09.2025 19:06:36,000	3,00	-6,29	29,9	18,3	41,7	0	25,8
1718	11.09.2025 19:06:37,000	3,00	-6,29	27,8	16,3	45,9	0	21,9
1719	11.09.2025 19:06:38,000	3,00	-6,29	26,8	17,7	45,5	0	23,7
1720	11.09.2025 19:06:39,000	3,00	-6,29	27,3	16,5	46,2	0	22,1
1721	11.09.2025 19:06:40,000	3,00	-6,29	26,8	16,1	47,1	0	21,4
1722	11.09.2025 19:06:41,000	3,00	-6,29	26,0	16,0	47,9	0	21,0
1723	11.09.2025 19:06:42,000	3,00	-6,29	26,0	15,6	48,4	0	20,3
1724	11.09.2025 19:06:43,000	2,97	-6,29	26,9	13,4	49,7	0	17,4
1725	11.09.2025 19:06:44,000	2,97	-6,29	30,3	13,8	45,9	0	18,8
1726	11.09.2025 19:06:45,000	2,97	-6,29	31,0	13,6	45,4	0	18,7
1727	11.09.2025 19:06:46,000	2,97	-6,29	28,4	12,8	48,8	0	16,8
1728	11.09.2025 19:06:47,000	2,97	-6,29	29,0	14,3	46,7	0	19,3
1729	11.09.2025 19:06:48,000	2,97	-6,29	30,6	13,5	45,9	0	18,4
1730	11.09.2025 19:06:49,000	2,97	-6,29	30,0	11,8	48,2	0	15,7
1731	11.09.2025 19:06:50,000	2,97	-6,29	33,2	11,9	44,9	0	16,7
1732	11.09.2025 19:06:51,000	2,97	-6,29	33,9	12,6	43,6	0	17,9
1733	11.09.2025 19:06:52,000	2,97	-6,29	32,3	13,4	44,3	0	18,8
1734	11.09.2025 19:06:53,000	2,97	-6,29	33,0	14,4	42,6	0	20,6
1735	11.09.2025 19:06:54,000	2,97	-6,29	34,5	11,4	44,1	0	16,2
1736	11.09.2025 19:06:55,000	2,97	-6,29	35,2	13,6	41,2	0	20,0
1737	11.09.2025 19:06:56,000	2,97	-6,29	33,5	14,2	42,3	0	20,5
1738	11.09.2025 19:06:57,000	2,97	-6,29	32,5	14,3	43,2	0	20,3
1739	11.09.2025 19:06:58,000	2,97	-6,29	34,3	13,6	42,1	0	19,8
1740	11.09.2025 19:06:59,000	2,97	-6,29	35,0	14,4	40,6	0	21,4
1741	11.09.2025 19:07:00,000	2,97	-6,29	34,1	14,8	41,1	0	21,7
1742	11.09.2025 19:07:01,000	2,97	-6,29	32,3	15,2	42,6	0	21,6
1743	11.09.2025 19:07:02,000	2,97	-6,29	34,7	14,9	40,4	0	22,0
1744	11.09.2025 19:07:03,000	2,97	-6,29	33,8	15,3	41,0	0	22,3
1745	11.09.2025 19:07:04,000	2,97	-6,29	32,2	16,2	41,6	0	23,3
1746	11.09.2025 19:07:05,000	2,93	-6,29	34,7	14,1	41,2	0	20,7
1747	11.09.2025 19:07:06,000	2,93	-6,29	35,0	14,7	40,4	0	21,8
1748	11.09.2025 19:07:07,000	2,93	-6,29	33,3	15,3	41,4	0	22,2
1749	11.09.2025 19:07:08,000	2,93	-6,29	32,7	14,9	42,3	0	21,4
1750	11.09.2025 19:07:09,000	2,93	-6,29	34,5	14,4	41,1	0	21,2
1751	11.09.2025 19:07:10,000	2,93	-6,29	34,3	14,8	41,0	0	21,7
1752	11.09.2025 19:07:11,000	2,93	-6,29	33,4	14,7	41,9	0	21,3
1753	11.09.2025 19:07:12,000	2,93	-6,29	34,6	14,1	41,2	0	20,7
1754	11.09.2025 19:07:13,000	2,93	-6,29	34,8	13,7	41,4	0	20,1
1755	11.09.2025 19:07:14,000	2,93	-6,29	34,1	13,4	42,5	0	19,3
1756	11.09.2025 19:07:15,000	2,93	-6,29	34,4	13,3	42,3	0	19,3
1757	11.09.2025 19:07:16,000	2,93	-6,29	33,9	13,4	42,8	0	19,2
1758	11.09.2025 19:07:17,000	2,93	-6,29	34,4	13,3	42,3	0	19,3
1759	11.09.2025 19:07:18,000	2,93	-6,29	33,8	13,4	42,8	0	19,3
1760	11.09.2025 19:07:19,000	2,93	-6,29	33,1	13,1	43,8	0	18,5
1761	11.09.2025 19:07:20,000	2,93	-6,29	34,4	12,7	42,9	0	18,3
1762	11.09.2025 19:07:21,000	2,97	-6,29	35,0	13,1	41,9	0	19,2
1763	11.09.2025 19:07:22,000	2,93	-6,29	32,7	14,2	43,1	0	20,1
1764	11.09.2025 19:07:23,000	2,97	-6,29	31,7	13,0	45,3	0	17,9
1765	11.09.2025 19:07:24,000	2,97	-6,29	33,0	12,9	44,1	0	18,1
1766	11.09.2025 19:07:25,000	2,97	-6,29	33,8	13,2	43,0	0	19,0
1767	11.09.2025 19:07:26,000	2,97	-6,29	35,5	13,0	41,5	0	19,1
1768	11.09.2025 19:07:27,000	2,97	-6,29	34,5	12,6	42,9	0	18,1
1769	11.09.2025 19:07:28,000	2,97	-6,29	31,7	14,1	44,2	0	19,8
1770	11.09.2025 19:07:29,000	2,97	-6,29	32,5	12,2	45,3	0	16,9
1771	11.09.2025 19:07:30,000	2,97	-6,29	33,1	13,3	43,7	0	18,8
1772	11.09.2025 19:07:31,000	2,97	-6,29	34,1	13,1	42,8	0	18,9
1773	11.09.2025 19:07:32,000	2,97	-6,29	33,7	13,1	43,2	0	18,8
1774	11.09.2025 19:07:33,000	2,97	-6,29	30,5	17,4	42,2	0	24,5
1775	11.09.2025 19:07:34,000	2,97	-6,29	29,7	15,9	44,4	0	21,9
1776	11.09.2025 19:07:35,000	2,97	-6,29	28,5	13,8	47,7	0	18,3
1777	11.09.2025 19:07:36,000	2,97	-6,29	30,8	13,0	46,1	0	17,8
1778	11.09.2025 19:07:37,000	2,97	-6,29	31,6	11,7	46,8	0	15,9
1779	11.09.2025 19:07:38,000	2,97	-6,29	27,7	10,8	51,5	0	13,8
1780	11.09.2025 19:07:39,000	2,97	-6,29	27,0	13,7	49,3	0	17,9
1781	11.09.2025 19:07:40,000	2,97	-6,29	27,6	12,0	50,4	0	15,5
1782	11.09.2025 19:07:41,000	2,97	-6,29	27,0	12,7	50,3	0	16,4
1783	11.09.2025 19:07:42,000	2,97	-6,29	27,6	12,2	50,2	0	15,8
1784	11.09.2025 19:07:43,000	2,97	-6,29	29,1	10,5	50,4	0	13,6
1785	11.09.2025 19:07:44,000	2,97	-6,29	29,6	11,1	49,3	0	14,7
1786	11.09.2025 19:07:45,000	2,97	-6,29	28,9	10,4	50,7	0	13,5
1787	11.09.2025 19:07:46,000	2,97	-6,29	29,9	11,0	49,1	0	14,5
1788	11.09.2025 19:07:47,000	2,97	-6,29	32,3	11,1	46,6	0	15,1
1789	11.09.2025 19:07:48,000	2,97	-6,29	30,0	11,7	48,3	0	15,6
1790	11.09.2025 19:07:49,000	2,97	-6,29	31,4	12,7	45,9	0	17,5
1791	11.09.2025 19:07:50,000	2,97	-6,29	35,0	11,3	43,7	0	16,1
1792	11.09.2025 19:07:51,000	2,97	-6,29	33,3	12,9	43,7	0	18,3
1793	11.09.2025 19:07:52,000	2,97	-6,29	31,1	13,9	45,0	0	19,3
1794	11.09.2025 19:07:53,000	2,97	-6,29	31,7	12,2	46,0	0	16,8
1795	11.09.2025 19:07:54,000	2,97	-6,29	34,9	11,5	43,6	0	16,4
1796	11.09.2025 19:07:55,000	2,97	-6,29	37,1	11,9	41,0	0	17,7
1797	11.09.2025 19:07:56,000	2,97	-6,29	34,7	13,2	42,1	0	19,2
1798	11.09.2025 19:07:57,000	2,97	-6,29	31,4	14,3	44,3	0	19,9
1799	11.09.2025 19:07:58,000	2,97	-6,29	32,7	13,5	43,8	0	19,0
1800	11.09.2025 19:07:59,000	2,97	-6,29	34,8	12,9	42,3	0	18,7
1801	11.09.2025 19:08:00,000	2,97	-6,29	35,0	14,3	40,7	0	21,1
1802	11.09.2025 19:08:01,000	2,97	-6,29	35,3	13,3	41,4	0	19,6
1803	11.09.2025 19:08:02,000	2,97	-6,29	37,3	13,1	39,6	0	19,9
1804	11.09.2025 19:08:03,000	2,97	-6,29	35,7	14,3	40,0	0	21,4
1805	11.09.2025 19:08:04,000	2,97	-6,29	33,4	15,7	40,9	0	22,8
1806	11.09.2025 19:08:05,000	2,97	-6,29	34,7	14,2	41,1	0	20,9
1807	11.09.2025 19:08:06,000	2,97	-6,29	36,4	13,9	39,7	0	21,0
1808	11.09.2025 19:08:07,000	2,93	-6,29	36,3	13,8	39,9	0	20,7
1809	11.09.2025 19:08:08,000	2,93	-6,29	37,3	13,5	39,2	0	20,6
1810	11.09.2025 19:08:09,000	2,93	-6,29	37,5	14,6	37,9	0	22,7
1811	11.09.2025 19:08:10,000	2,93	-6,29	34,7	14,0	41,3	0	20,6
1812	11.09.2025 19:08:11,000	2,93	-6,29	34,1	15,1	40,8	0	22,2
1813	11.09.2025 19:08:12,000	2,93	-6,29	35,3	14,1	40,7	0	20,9
1814	11.09.2025 19:08:13,000	2,93	-6,29	36,8	14,3	39,0	0	21,8
1815	11.09.2025 19:08:14,000	2,93	-6,29	36,9	13,4	39,7	0	20,4
1816	11.09.2025 19:08:15,000	2,93	-6,29	35,4	13,6	41,0	0	20,1
1817	11.09.2025 19:08:16,000	2,93	-6,29	34,6	14,0	41,4	0	20,4
1818	11.09.2025 19:08:17,000	2,93	-6,29	34,5	13,7	41,8	0	20,0
1819	11.09.2025 19:08:18,000	2,93	-6,29	36,2	16,2	37,7	0	24,9
1820	11.09.2025 19:08:19,000	2,93	-6,29	34,7	10,5	44,7	0	14,9
1821	11.09.2025 19:08:20,000	2,93	-6,29	38,7	13,0	38,3	0	20,3
1822	11.09.2025 19:08:21,000	2,93	-6,29	34,6	12,5	42,9	0	18,0
1823	11.09.2025 19:08:22,000	2,93	-6,29	34,3	12,6	43,1	0	18,1
1824	11.09.2025 19:08:23,000	2,93	-6,29	31,9	14,8	43,3	0	21,0
1825	11.09.2025 19:08:24,000	2,93	-6,29	32,3	15,4	42,3	0	22,0
1826	11.09.2025 19:08:25,000	2,93	-6,29	36,0	11,4	42,5	0	16,7
1827	11.09.2025 19:08:26,000	2,93	-6,29	36,5	12,4	41,1	0	18,4
1828	11.09.2025 19:08:27,000	2,93	-6,29	34,7	11,9	43,5	0	17,0
1829	11.09.2025 19:08:28,000	2,93	-6,29	34,1	12,0	43,9	0	17,0
1830	11.09.2025 19:08:29,000	2,93	-6,29	35,7	12,2	42,1	0	17,9
1831	11.09.2025 19:08:30,000	2,93	-6,29	35,6	12,5	41,8	0	18,3
1832	11.09.2025 19:08:31,000	2,93	-6,29	35,8	12,6	41,7	0	18,5
1833	11.09.2025 19:08:32,000	2,93	-6,29	37,4	12,1	40,6	0	18,1
1834	11.09.2025 19:08:33,000	2,93	-6,29	38,9	10,4	40,7	0	15,7
1835	11.09.2025 19:08:34,000	2,93	-6,29	36,1	13,7	40,2	0	20,6
1836	11.09.2025 19:08:35,000	2,93	-6,29	34,6	14,4	41,0	0	21,2
1837	11.09.2025 19:08:36,000	2,93	-6,29	34,6	12,9	42,5	0	18,7
1838	11.09.2025 19:08:37,000	2,93	-6,29	36,5	11,4	42,1	0	16,8
1839	11.09.2025 19:08:38,000	2,89	-6,29	34,4	5,4	50,2	0	7,1
1840	11.09.2025 19:08:39,000	2,89	-6,29	36,9	10,1	43,0	0	14,6
1841	11.09.2025 19:08:40,000	2,89	-6,29	35,8	11,6	42,6	0	16,8
1842	11.09.2025 19:08:41,000	2,89	-6,29	35,4	11,6	43,0	0	16,8
1843	11.09.2025 19:08:42,000	2,89	-6,29	33,8	13,3	42,9	0	19,1
1844	11.09.2025 19:08:43,000	2,89	-6,29	33,0	14,4	42,6	0	20,7
1845	11.09.2025 19:08:44,000	2,89	-6,29	34,9	13,5	41,6	0	19,7
1846	11.09.2025 19:08:45,000	2,89	-6,29	37,6	11,2	41,2	0	16,7
1847	11.09.2025 19:08:46,000	2,89	-6,29	37,3	12,2	40,5	0	18,4
1848	11.09.2025 19:08:47,000	2,89	-6,29	36,3	13,7	40,0	0	20,6
1849	11.09.2025 19:08:48,000	2,89	-6,29	36,5	13,5	40,1	0	20,2
1850	11.09.2025 19:08:49,000	2,89	-6,29	37,1	12,8	40,1	0	19,3
1851	11.09.2025 19:08:50,000	2,89	-6,29	37,3	13,4	39,3	0	20,5
1852	11.09.2025 19:08:51,000	2,89	-6,29	37,9	13,1	39,1	0	20,1
1853	11.09.2025 19:08:52,000	2,89	-6,29	38,7	13,0	38,3	0	20,2
1854	11.09.2025 19:08:53,000	2,89	-6,29	37,7	13,5	38,9	0	20,7
1855	11.09.2025 19:08:54,000	2,89	-6,29	36,1	13,7	40,2	0	20,5
1856	11.09.2025 19:08:55,000	2,89	-6,29	37,8	13,3	38,9	0	20,5
1857	11.09.2025 19:08:56,000	2,89	-6,29	39,4	12,3	38,3	0	19,2
1858	11.09.2025 19:08:57,000	2,85	-6,29	38,3	14,0	37,7	0	21,9
1859	11.09.2025 19:08:58,000	2,85	-6,29	37,7	13,8	38,5	0	21,3
1860	11.09.2025 19:08:59,000	2,85	-6,29	37,1	13,5	39,5	0	20,5
1861	11.09.2025 19:09:00,000	2,85	-6,29	38,9	13,2	37,9	0	20,7
1862	11.09.2025 19:09:01,000	2,85	-6,29	39,0	14,1	36,8	0	22,5
1863	11.09.2025 19:09:02,000	2,85	-6,29	37,8	13,7	38,5	0	21,2
1864	11.09.2025 19:09:03,000	2,85	-6,29	36,3	14,5	39,2	0	22,0
1865	11.09.2025 19:09:04,000	2,85	-6,29	38,7	13,7	37,6	0	21,6
1866	11.09.2025 19:09:05,000	2,85	-6,29	38,0	14,3	37,8	0	22,3
1867	11.09.2025 19:09:06,000	2,85	-6,29	37,1	14,4	38,5	0	22,1
1868	11.09.2025 19:09:07,000	2,85	-6,29	37,4	14,1	38,5	0	21,8
1869	11.09.2025 19:09:08,000	2,85	-6,29	38,2	13,6	38,3	0	21,1
1870	11.09.2025 19:09:09,000	2,85	-6,29	36,1	15,1	38,7	0	23,0
1871	11.09.2025 19:09:10,000	2,85	-6,29	36,9	13,4	39,6	0	20,4
1872	11.09.2025 19:09:11,000	2,85	-6,29	38,3	14,0	37,7	0	21,9
1873	11.09.2025 19:09:12,000	2,81	-6,29	38,9	14,6	36,5	0	23,3
1874	11.09.2025 19:09:13,000	2,81	-6,29	36,2	14,6	39,2	0	22,1
1875	11.09.2025 19:09:14,000	2,81	-6,29	36,1	14,4	39,5	0	21,7
1876	11.09.2025 19:09:15,000	2,81	-6,29	37,7	14,1	38,2	0	21,9
1877	11.09.2025 19:09:16,000	2,81	-6,29	36,2	15,0	38,8	0	22,9
1878	11.09.2025 19:09:17,000	2,81	-6,29	36,3	13,9	39,8	0	21,0
1879	11.09.2025 19:09:18,000	2,81	-6,29	38,3	13,3	38,4	0	20,7
1880	11.09.2025 19:09:19,000	2,81	-6,29	36,9	13,6	39,5	0	20,7
1881	11.09.2025 19:09:20,000	2,81	-6,29	35,9	14,2	39,8	0	21,4
1882	11.09.2025 19:09:21,000	2,81	-6,29	36,5	13,4	40,1	0	20,2
1883	11.09.2025 19:09:22,000	2,81	-6,29	34,6	16,0	39,4	0	23,8
1884	11.09.2025 19:09:23,000	2,81	-6,29	35,5	14,8	39,7	0	22,1
1885	11.09.2025 19:09:24,000	2,81	-6,29	36,8	15,1	38,0	0	23,3
1886	11.09.2025 19:09:25,000	2,78	-6,29	35,0	16,4	38,6	0	24,7
1887	11.09.2025 19:09:26,000	2,78	-6,29	33,4	16,4	40,3	0	24,0
1888	11.09.2025 19:09:27,000	2,78	-6,29	35,4	15,3	39,2	0	23,1
1889	11.09.2025 19:09:28,000	2,78	-6,29	36,5	15,2	38,3	0	23,4
1890	11.09.2025 19:09:29,000	2,78	-6,29	34,1	16,9	39,0	0	25,3
1891	11.09.2025 19:09:30,000	2,78	-6,29	34,2	15,8	40,0	0	23,4
1892	11.09.2025 19:09:31,000	2,78	-6,29	35,1	16,5	38,3	0	25,1
1893	11.09.2025 19:09:32,000	2,78	-6,29	35,7	17,5	36,8	0	27,1
1894	11.09.2025 19:09:33,000	2,78	-6,29	34,2	16,0	39,8	0	23,7
1895	11.09.2025 19:09:34,000	2,74	-6,29	33,6	16,1	40,2	0	23,7
1896	11.09.2025 19:09:35,000	2,74	-6,29	35,1	16,2	38,7	0	24,4
1897	11.09.2025 19:09:36,000	2,74	-6,29	34,8	15,9	39,3	0	23,8
1898	11.09.2025 19:09:37,000	2,74	-6,29	31,8	25,2	33,0	0	38,3
1899	11.09.2025 19:09:38,000	2,74	-6,29	32,9	21,4	35,7	0	32,5
1900	11.09.2025 19:09:39,000	2,74	-6,29	35,9	14,2	40,0	0	21,2
1901	11.09.2025 19:09:40,000	2,74	-6,29	32,9	13,7	43,4	0	19,5
1902	11.09.2025 19:09:41,000	2,74	-6,29	33,5	14,7	41,8	0	21,4
1903	11.09.2025 19:09:42,000	2,70	-6,29	34,4	13,5	42,1	0	19,6
1904	11.09.2025 19:09:43,000	2,70	-6,29	36,4	14,0	39,6	0	21,1
1905	11.09.2025 19:09:44,000	2,70	-6,29	34,6	15,4	40,0	0	22,8
1906	11.09.2025 19:09:45,000	2,66	-6,29	32,3	16,4	41,3	0	23,7
1907	11.09.2025 19:09:46,000	2,66	-6,29	33,9	16,8	39,3	0	25,0
1908	11.09.2025 19:09:47,000	2,66	-6,29	37,7	13,4	38,9	0	20,6
1909	11.09.2025 19:09:48,000	2,66	-6,29	39,3	13,3	37,4	0	21,0
1910	11.09.2025 19:09:49,000	2,66	-6,29	37,5	14,9	37,6	0	23,2
1911	11.09.2025 19:09:50,000	2,66	-6,29	35,5	15,3	39,2	0	23,1
1912	11.09.2025 19:09:51,000	2,66	-6,29	37,6	13,2	39,2	0	20,2
1913	11.09.2025 19:09:52,000	2,66	-6,29	41,5	12,3	36,1	0	20,2
1914	11.09.2025 19:09:53,000	2,62	-6,29	40,9	12,7	36,4	0	20,6
1915	11.09.2025 19:09:54,000	2,62	-6,29	38,9	14,0	37,1	0	22,2
1916	11.09.2025 19:09:55,000	2,62	-6,29	38,5	13,7	37,8	0	21,5
1917	11.09.2025 19:09:56,000	2,62	-6,29	40,4	13,2	36,4	0	21,4
1918	11.09.2025 19:09:57,000	2,62	-6,29	41,2	13,8	35,1	0	22,8
1919	11.09.2025 19:09:58,000	2,58	-6,29	40,6	13,7	35,6	0	22,5
1920	11.09.2025 19:09:59,000	2,58	-6,29	39,8	13,0	37,1	0	20,8
1921	11.09.2025 19:10:00,000	2,58	-6,29	40,7	13,9	35,4	0	22,9
1922	11.09.2025 19:10:01,000	2,55	-6,29	40,0	15,1	34,9	0	24,7
1923	11.09.2025 19:10:02,000	2,55	-6,29	39,4	15,5	35,1	0	25,3
1924	11.09.2025 19:10:03,000	2,55	-6,29	40,2	14,3	35,5	0	23,4
1925	11.09.2025 19:10:04,000	2,51	-6,29	40,8	13,7	35,5	0	22,5
1926	11.09.2025 19:10:05,000	2,51	-6,29	39,9	14,4	35,7	0	23,4
1927	11.09.2025 19:10:06,000	2,51	-6,29	39,8	14,6	35,6	0	23,8
1928	11.09.2025 19:10:07,000	2,51	-6,29	40,2	14,6	35,2	0	24,0
1929	11.09.2025 19:10:08,000	2,51	-6,29	42,0	14,4	33,6	0	24,5
1930	11.09.2025 19:10:09,000	2,51	-6,29	41,0	14,1	35,0	0	23,3
1931	11.09.2025 19:10:10,000	2,51	-6,29	38,8	13,8	37,4	0	21,8
1932	11.09.2025 19:10:11,000	2,51	-6,29	39,7	14,1	36,3	0	22,7
1933	11.09.2025 19:10:12,000	2,47	-6,29	41,1	13,0	35,9	0	21,3
1934	11.09.2025 19:10:13,000	2,47	-6,29	41,1	14,3	34,6	0	23,9
1935	11.09.2025 19:10:14,000	2,47	-6,29	40,2	14,3	35,5	0	23,4
1936	11.09.2025 19:10:15,000	2,43	-6,29	38,8	13,7	37,5	0	21,6
1937	11.09.2025 19:10:16,000	2,43	-6,29	39,8	13,6	36,6	0	21,8
1938	11.09.2025 19:10:17,000	2,43	-6,29	40,1	14,9	34,9	0	24,5
1939	11.09.2025 19:10:18,000	2,39	-6,29	40,9	14,6	34,5	0	24,4
1940	11.09.2025 19:10:19,000	2,39	-6,29	39,6	14,4	36,0	0	23,3
1941	11.09.2025 19:10:20,000	2,39	-6,29	38,8	14,6	36,6	0	23,3
1942	11.09.2025 19:10:21,000	2,39	-6,29	40,1	14,3	35,6	0	23,3
1943	11.09.2025 19:10:22,000	2,39	-6,29	40,6	14,8	34,6	0	24,5
1944	11.09.2025 19:10:23,000	2,35	-6,29	39,9	14,8	35,3	0	24,2
1945	11.09.2025 19:10:24,000	2,35	-6,29	39,4	15,2	35,4	0	24,6
1946	11.09.2025 19:10:25,000	2,35	-6,29	39,2	15,0	35,8	0	24,3
1947	11.09.2025 19:10:26,000	2,35	-6,29	39,1	15,7	35,2	0	25,5
1948	11.09.2025 19:10:27,000	2,35	-6,29	38,8	15,9	35,3	0	25,7
1949	11.09.2025 19:10:28,000	2,31	-6,29	39,6	15,4	35,0	0	25,1
1950	11.09.2025 19:10:29,000	2,31	-6,29	39,9	15,8	34,3	0	26,1
1951	11.09.2025 19:10:30,000	2,31	-6,29	40,4	17,7	31,9	0	30,3
1952	11.09.2025 19:10:31,000	2,31	-6,29	37,0	14,4	38,7	0	22,0
1953	11.09.2025 19:10:32,000	2,31	-6,29	39,1	5,9	45,1	0	8,3
1954	11.09.2025 19:10:33,000	2,31	-6,29	45,8	9,9	34,3	0	17,1
1955	11.09.2025 19:10:34,000	2,31	-6,29	47,5	13,1	29,4	0	25,1
1956	11.09.2025 19:10:35,000	2,31	-6,29	38,7	11,0	40,3	0	16,8
1957	11.09.2025 19:10:36,000	2,28	-6,29	38,4	8,3	43,3	0	12,1
1958	11.09.2025 19:10:37,000	2,28	-6,29	38,7	7,6	43,8	0	11,0
1959	11.09.2025 19:10:38,000	2,28	-6,29	37,9	5,8	46,4	0	8,0
1960	11.09.2025 19:10:39,000	2,28	-6,29	34,5	6,3	49,2	0	8,4
1961	11.09.2025 19:10:40,000	2,28	-6,29	35,2	6,0	48,8	0	8,1
1962	11.09.2025 19:10:41,000	2,28	-6,29	36,4	4,9	48,8	0	6,5
1963	11.09.2025 19:10:42,000	2,28	-6,29	36,1	3,8	50,1	0	5,0
1964	11.09.2025 19:10:43,000	2,28	-6,29	36,7	3,6	49,7	0	4,8
1965	11.09.2025 19:10:44,000	2,24	-6,29	36,9	4,5	48,6	0	6,1
1966	11.09.2025 19:10:45,000	2,24	-6,29	38,7	3,4	47,9	0	4,6
1967	11.09.2025 19:10:46,000	2,24	-6,29	40,8	5,6	43,5	0	8,2
1968	11.09.2025 19:10:47,000	2,24	-6,29	36,7	7,1	46,2	0	9,9
1969	11.09.2025 19:10:48,000	2,24	-6,29	37,8	5,8	46,4	0	8,0
1970	11.09.2025 19:10:49,000	2,24	-6,29	42,9	4,0	43,1	0	5,9
1971	11.09.2025 19:10:50,000	2,24	-6,29	40,8	4,9	44,3	0	7,0
1972	11.09.2025 19:10:51,000	2,24	-6,29	39,3	9,8	40,9	0	14,8
1973	11.09.2025 19:10:52,000	2,24	-6,29	40,5	6,9	42,6	0	10,2
1974	11.09.2025 19:10:53,000	2,24	-6,29	43,3	6,2	40,5	0	9,5
1975	11.09.2025 19:10:54,000	2,24	-6,29	43,2	7,9	38,9	0	12,5
1976	11.09.2025 19:10:55,000	2,24	-6,29	41,9	9,4	38,7	0	14,9
1977	11.09.2025 19:10:56,000	2,24	-6,29	40,6	10,9	38,5	0	17,2
1978	11.09.2025 19:10:57,000	2,24	-6,29	43,0	10,2	36,8	0	16,7
1979	11.09.2025 19:10:58,000	2,24	-6,29	44,7	9,7	35,6	0	16,3
1980	11.09.2025 19:10:59,000	2,24	-6,29	42,1	11,4	36,5	0	18,7
1981	11.09.2025 19:11:00,000	2,24	-6,29	39,7	12,0	38,3	0	18,9
1982	11.09.2025 19:11:01,000	2,24	-6,29	41,9	12,3	35,9	0	20,2
1983	11.09.2025 19:11:02,000	2,24	-6,29	44,4	11,3	34,3	0	19,4
1984	11.09.2025 19:11:03,000	2,24	-6,29	43,7	11,4	34,9	0	19,4
1985	11.09.2025 19:11:04,000	2,24	-6,29	40,6	13,1	36,2	0	21,3
1986	11.09.2025 19:11:05,000	2,24	-6,29	39,4	14,0	36,6	0	22,4
1987	11.09.2025 19:11:06,000	2,24	-6,29	42,7	12,3	34,9	0	20,7
1988	11.09.2025 19:11:07,000	2,24	-6,29	44,5	11,2	34,3	0	19,2
1989	11.09.2025 19:11:08,000	2,20	-6,29	44,0	11,1	35,0	0	18,7
1990	11.09.2025 19:11:09,000	2,20	-6,29	41,5	12,7	35,8	0	20,9
1991	11.09.2025 19:11:10,000	2,20	-6,29	42,4	11,2	36,4	0	18,3
1992	11.09.2025 19:11:11,000	2,20	-6,29	44,0	11,7	34,3	0	20,0
1993	11.09.2025 19:11:12,000	2,20	-6,29	45,8	11,2	33,1	0	19,8
1994	11.09.2025 19:11:13,000	2,20	-6,29	41,3	13,1	35,6	0	21,6
1995	11.09.2025 19:11:14,000	2,20	-6,29	43,2	12,6	34,2	0	21,4
1996	11.09.2025 19:11:15,000	2,20	-6,29	43,7	12,7	33,6	0	21,9
1997	11.09.2025 19:11:16,000	2,20	-6,29	42,0	13,4	34,6	0	22,5
1998	11.09.2025 19:11:17,000	2,20	-6,29	41,5	13,1	35,4	0	21,6
1999	11.09.2025 19:11:18,000	2,16	-6,29	44,3	12,8	32,9	0	22,5
2000	11.09.2025 19:11:19,000	2,16	-6,29	41,7	14,6	33,7	0	24,7
2001	11.09.2025 19:11:20,000	2,16	-6,29	39,5	14,7	35,8	0	23,9
2002	11.09.2025 19:11:21,000	2,16	-6,29	42,2	13,9	33,9	0	23,5
2003	11.09.2025 19:11:22,000	2,16	-6,29	44,1	14,0	31,9	0	24,9
2004	11.09.2025 19:11:23,000	2,16	-6,29	41,8	14,8	33,4	0	25,2
2005	11.09.2025 19:11:24,000	2,16	-6,29	42,0	14,3	33,8	0	24,2
2006	11.09.2025 19:11:25,000	2,16	-6,29	41,0	15,8	33,2	0	26,7
2007	11.09.2025 19:11:26,000	2,16	-6,29	42,1	14,7	33,1	0	25,2
2008	11.09.2025 19:11:27,000	2,16	-6,29	39,2	15,6	35,1	0	25,4
2009	11.09.2025 19:11:28,000	2,16	-6,29	37,9	17,6	34,5	0	28,4
2010	11.09.2025 19:11:29,000	2,16	-6,29	42,1	10,6	37,3	0	17,1
2011	11.09.2025 19:11:30,000	2,16	-6,29	43,1	11,8	35,0	0	19,9
2012	11.09.2025 19:11:31,000	2,16	-6,29	39,8	12,5	37,7	0	19,8
2013	11.09.2025 19:11:32,000	2,16	-6,29	40,8	13,0	36,1	0	21,2
2014	11.09.2025 19:11:33,000	2,16	-6,29	42,5	14,1	33,4	0	24,1
2015	11.09.2025 19:11:34,000	2,16	-6,29	43,6	13,2	33,2	0	22,9
2016	11.09.2025 19:11:35,000	2,16	-6,29	42,6	13,6	33,8	0	23,1
2017	11.09.2025 19:11:36,000	2,16	-6,29	42,1	13,5	34,4	0	22,8
2018	11.09.2025 19:11:37,000	2,12	-6,29	41,9	15,3	32,8	0	26,3
2019	11.09.2025 19:11:38,000	2,12	-6,29	40,0	15,7	34,4	0	25,9
2020	11.09.2025 19:11:39,000	2,12	-6,29	39,7	15,8	34,5	0	25,9
2021	11.09.2025 19:11:40,000	2,12	-6,29	43,8	14,3	31,9	0	25,3
2022	11.09.2025 19:11:41,000	2,12	-6,29	42,3	15,0	32,7	0	25,8
2023	11.09.2025 19:11:42,000	2,12	-6,29	41,6	15,5	32,9	0	26,5
2024	11.09.2025 19:11:43,000	2,12	-6,29	40,2	17,4	32,4	0	29,5
2025	11.09.2025 19:11:44,000	2,12	-6,29	41,6	15,8	32,5	0	27,2
2026	11.09.2025 19:11:45,000	2,12	-6,29	40,8	17,0	32,2	0	29,1
2027	11.09.2025 19:11:46,000	2,08	-6,29	41,3	16,9	31,7	0	29,3
2028	11.09.2025 19:11:47,000	2,08	-6,29	42,7	17,4	30,0	0	31,1
2029	11.09.2025 19:11:48,000	2,08	-6,29	40,9	16,5	32,6	0	28,2
2030	11.09.2025 19:11:49,000	2,08	-6,29	39,0	17,2	33,8	0	28,4
2031	11.09.2025 19:11:50,000	2,08	-6,29	40,7	17,6	31,7	0	30,3
2032	11.09.2025 19:11:51,000	2,04	-6,29	42,4	16,8	30,8	0	29,8
2033	11.09.2025 19:11:52,000	2,04	-6,29	42,3	16,3	31,4	0	28,6
2034	11.09.2025 19:11:53,000	2,04	-6,29	39,9	16,7	33,3	0	28,0
2035	11.09.2025 19:11:54,000	2,04	-6,29	37,5	17,5	35,0	0	28,1
2036	11.09.2025 19:11:55,000	2,04	-6,29	38,5	17,6	33,9	0	28,7
2037	11.09.2025 19:11:56,000	2,04	-6,29	41,2	16,8	32,0	0	28,9
2038	11.09.2025 19:11:57,000	2,04	-6,29	42,0	16,5	31,5	0	28,8
2039	11.09.2025 19:11:58,000	2,04	-6,29	40,9	17,1	32,0	0	29,3
2040	11.09.2025 19:11:59,000	2,04	-6,29	37,1	17,5	35,4	0	27,8
2041	11.09.2025 19:12:00,000	2,00	-6,29	37,0	18,3	34,7	0	29,3
2042	11.09.2025 19:12:01,000	2,00	-6,29	41,2	18,0	30,8	0	31,4
2043	11.09.2025 19:12:02,000	2,00	-6,29	40,9	17,1	32,0	0	29,4
2044	11.09.2025 19:12:03,000	2,00	-6,29	39,5	17,0	33,5	0	28,2
2045	11.09.2025 19:12:04,000	2,00	-6,29	39,8	16,9	33,3	0	28,2
2046	11.09.2025 19:12:05,000	2,00	-6,29	41,1	17,7	31,2	0	30,8
2047	11.09.2025 19:12:06,000	2,00	-6,29	40,1	18,0	31,9	0	30,6
2048	11.09.2025 19:12:07,000	1,97	-6,29	38,2	17,8	34,0	0	29,0
2049	11.09.2025 19:12:08,000	1,97	-6,29	38,7	17,8	33,5	0	29,4
2050	11.09.2025 19:12:09,000	1,97	-6,29	39,5	18,9	31,5	0	32,1
2051	11.09.2025 19:12:10,000	2,00	-6,29	40,2	18,2	31,7	0	31,0
2052	11.09.2025 19:12:11,000	1,97	-6,29	39,8	17,4	32,8	0	29,2
2053	11.09.2025 19:12:12,000	1,97	-6,29	37,5	18,4	34,1	0	29,7
2054	11.09.2025 19:12:13,000	1,97	-6,29	38,5	17,4	34,1	0	28,4
2055	11.09.2025 19:12:14,000	1,97	-6,29	39,3	18,4	32,4	0	30,8
2056	11.09.2025 19:12:15,000	1,97	-6,29	39,6	18,9	31,5	0	32,0
2057	11.09.2025 19:12:16,000	1,97	-6,29	39,7	19,1	31,2	0	32,5
2058	11.09.2025 19:12:17,000	1,97	-6,29	38,6	19,2	32,2	0	31,9
2059	11.09.2025 19:12:18,000	1,97	-6,29	37,2	21,3	31,5	0	35,0
2060	11.09.2025 19:12:19,000	1,97	-6,29	40,1	22,6	27,3	0	40,0
2061	11.09.2025 19:12:20,000	1,97	-6,29	42,3	11,7	36,1	0	19,2
2062	11.09.2025 19:12:21,000	1,97	-6,29	42,5	16,5	31,0	0	29,2
2063	11.09.2025 19:12:22,000	1,97	-6,29	46,4	4,9	38,7	0	7,9
2064	11.09.2025 19:12:23,000	1,97	-6,29	51,2	12,9	25,8	1	27,3
2065	11.09.2025 19:12:24,000	1,97	-6,29	37,5	8,3	44,1	0	11,9
2066	11.09.2025 19:12:25,000	1,97	-6,29	35,1	12,3	42,6	0	17,9
2067	11.09.2025 19:12:26,000	1,97	-6,29	40,8	13,3	36,0	0	21,6
2068	11.09.2025 19:12:27,000	1,97	-6,29	41,8	12,4	35,8	0	20,4
2069	11.09.2025 19:12:28,000	1,97	-6,29	41,1	12,9	35,9	0	21,2
2070	11.09.2025 19:12:29,000	1,97	-6,29	38,3	14,1	37,6	0	22,1
2071	11.09.2025 19:12:30,000	1,97	-6,29	39,5	12,7	37,9	0	20,0
2072	11.09.2025 19:12:31,000	1,97	-6,29	43,1	10,6	36,4	0	17,4
2073	11.09.2025 19:12:32,000	1,97	-6,29	41,3	11,9	36,8	0	19,3
2074	11.09.2025 19:12:33,000	1,97	-6,29	41,2	13,0	35,8	0	21,2
2075	11.09.2025 19:12:34,000	1,97	-6,29	43,7	13,9	32,4	0	24,4
2076	11.09.2025 19:12:35,000	1,97	-6,29	43,5	15,1	31,4	0	26,8
2077	11.09.2025 19:12:36,000	1,97	-6,29	41,7	15,6	32,7	0	26,7
2078	11.09.2025 19:12:37,000	1,97	-6,29	42,6	15,8	31,6	0	27,7
2079	11.09.2025 19:12:38,000	1,97	-6,29	42,3	17,1	30,6	0	30,3
2080	11.09.2025 19:12:39,000	1,97	-6,29	41,8	15,7	32,6	0	26,9
2081	11.09.2025 19:12:40,000	1,97	-6,29	43,6	15,3	31,1	0	27,3
2082	11.09.2025 19:12:41,000	1,97	-6,29	43,0	15,6	31,3	0	27,7
2083	11.09.2025 19:12:42,000	1,97	-6,29	40,7	18,5	30,8	0	32,0
2084	11.09.2025 19:12:43,000	1,97	-6,29	41,8	16,4	31,8	0	28,5
2085	11.09.2025 19:12:44,000	1,97	-6,29	42,6	16,9	30,5	0	30,1
2086	11.09.2025 19:12:45,000	1,97	-6,29	42,5	16,4	31,1	0	29,0
2087	11.09.2025 19:12:46,000	1,97	-6,29	41,5	17,1	31,3	0	29,8
2088	11.09.2025 19:12:47,000	1,97	-6,29	41,3	16,4	32,3	0	28,1
2089	11.09.2025 19:12:48,000	1,97	-6,29	40,6	17,3	32,1	0	29,5
2090	11.09.2025 19:12:49,000	1,97	-6,29	40,5	18,4	31,1	0	31,7
2091	11.09.2025 19:12:50,000	1,97	-6,29	41,7	17,2	31,2	0	30,0
2092	11.09.2025 19:12:51,000	1,97	-6,29	41,6	16,2	32,3	0	27,8
2093	11.09.2025 19:12:52,000	1,97	-6,29	39,6	18,7	31,8	0	31,6
2094	11.09.2025 19:12:53,000	1,97	-6,29	39,7	17,7	32,5	0	29,9
2095	11.09.2025 19:12:54,000	1,97	-6,29	40,3	17,4	32,2	0	29,6
2096	11.09.2025 19:12:55,000	1,97	-6,29	40,2	18,3	31,6	0	31,2
2097	11.09.2025 19:12:56,000	1,97	-6,29	39,5	18,5	31,9	0	31,3
2098	11.09.2025 19:12:57,000	1,97	-6,29	39,8	17,2	33,0	0	28,8
2099	11.09.2025 19:12:58,000	1,97	-6,29	40,7	17,4	32,0	0	29,7
2100	11.09.2025 19:12:59,000	1,97	-6,29	38,6	18,1	33,3	0	29,8
2101	11.09.2025 19:13:00,000	1,97	-6,29	38,3	18,0	33,7	0	29,5
2102	11.09.2025 19:13:01,000	1,97	-6,29	39,8	18,7	31,5	0	31,8
2103	11.09.2025 19:13:02,000	1,97	-6,29	39,6	18,6	31,8	0	31,4
2104	11.09.2025 19:13:03,000	1,97	-6,29	39,4	16,7	33,8	0	27,7
2105	11.09.2025 19:13:04,000	1,97	-6,29	37,9	18,2	33,9	0	29,6
2106	11.09.2025 19:13:05,000	1,97	-6,29	38,9	19,1	31,9	0	32,1
2107	11.09.2025 19:13:06,000	1,97	-6,29	37,8	19,7	32,5	0	32,5
2108	11.09.2025 19:13:07,000	1,97	-6,29	38,4	19,2	32,4	0	31,9
2109	11.09.2025 19:13:08,000	1,97	-6,29	37,2	20,5	32,3	0	33,5
2110	11.09.2025 19:13:09,000	1,97	-6,29	37,2	20,2	32,5	0	33,0
2111	11.09.2025 19:13:10,000	1,97	-6,29	38,0	20,3	31,7	0	33,7
2112	11.09.2025 19:13:11,000	2,00	-6,29	37,5	21,6	31,0	0	35,8
2113	11.09.2025 19:13:12,000	2,00	-6,29	37,6	21,8	30,7	0	36,3
2114	11.09.2025 19:13:13,000	2,00	-6,29	37,5	21,9	30,6	0	36,4
2115	11.09.2025 19:13:14,000	2,00	-6,29	39,1	21,0	29,9	0	35,9
2116	11.09.2025 19:13:15,000	2,00	-6,29	36,8	25,4	27,7	0	42,8
2117	11.09.2025 19:13:16,000	2,00	-6,29	32,9	29,9	27,3	0	47,3
2118	11.09.2025 19:13:17,000	2,00	-6,29	43,9	15,3	30,8	0	27,6
2119	11.09.2025 19:13:18,000	2,00	-6,29	57,3	13,5	19,2	0	35,4
2120	11.09.2025 19:13:19,000	2,00	-6,29	64,8	16,6	8,6	0	35,4
2121	11.09.2025 19:13:20,000	2,00	-6,29	43,0	11,3	35,7	0	18,9
2122	11.09.2025 19:13:21,000	2,00	-6,29	41,5	14,3	34,2	0	24,1
2123	11.09.2025 19:13:22,000	2,00	-6,29	39,9	16,4	33,8	0	27,2
2124	11.09.2025 19:13:23,000	2,04	-6,29	39,4	17,2	33,4	0	28,5
2125	11.09.2025 19:13:24,000	2,04	-6,29	44,0	14,1	31,9	0	25,1
2126	11.09.2025 19:13:25,000	2,04	-6,29	44,9	12,2	32,9	0	21,5
2127	11.09.2025 19:13:26,000	2,04	-6,29	41,0	15,8	33,2	0	26,8
2128	11.09.2025 19:13:27,000	2,04	-6,29	39,7	14,7	35,6	0	23,8
2129	11.09.2025 19:13:28,000	2,04	-6,29	43,7	13,5	32,8	0	23,5
2130	11.09.2025 19:13:29,000	2,04	-6,29	45,3	14,3	30,4	0	26,2
2131	11.09.2025 19:13:30,000	2,04	-6,29	45,2	15,1	29,7	0	28,0
2132	11.09.2025 19:13:31,000	2,04	-6,29	42,4	16,3	31,3	0	28,6
2133	11.09.2025 19:13:32,000	2,08	-6,29	40,6	16,8	32,6	0	28,5
2134	11.09.2025 19:13:33,000	2,08	-6,29	43,9	15,5	30,6	0	28,0
2135	11.09.2025 19:13:34,000	2,08	-6,29	45,2	16,0	28,8	0	30,0
2136	11.09.2025 19:13:35,000	2,08	-6,29	43,0	16,7	30,3	0	29,9
2137	11.09.2025 19:13:36,000	2,08	-6,29	40,9	16,4	32,6	0	28,0
2138	11.09.2025 19:13:37,000	2,12	-6,29	42,3	16,1	31,7	0	28,1
2139	11.09.2025 19:13:38,000	2,12	-6,29	44,2	16,1	29,7	0	29,4
2140	11.09.2025 19:13:39,000	2,12	-6,29	42,9	16,6	30,5	0	29,6
2141	11.09.2025 19:13:40,000	2,16	-6,29	42,9	15,3	31,8	0	26,8
2142	11.09.2025 19:13:41,000	2,16	-6,29	42,7	16,1	31,3	0	28,3
2143	11.09.2025 19:13:42,000	2,16	-6,29	45,3	15,8	28,9	0	29,6
2144	11.09.2025 19:13:43,000	2,20	-6,29	42,7	17,1	30,3	0	30,5
2145	11.09.2025 19:13:44,000	2,20	-6,29	42,2	16,3	31,5	0	28,5
2146	11.09.2025 19:13:45,000	2,24	-6,29	41,0	17,8	31,2	0	30,9
2147	11.09.2025 19:13:46,000	2,24	-6,29	42,7	17,3	30,0	0	31,0
2148	11.09.2025 19:13:47,000	2,24	-6,29	40,9	18,3	30,9	0	31,7
2149	11.09.2025 19:13:48,000	2,28	-6,29	39,4	18,5	32,1	0	31,2
2150	11.09.2025 19:13:49,000	2,28	-6,29	42,0	17,9	30,1	0	31,8
2151	11.09.2025 19:13:50,000	2,28	-6,29	41,6	19,3	29,0	0	34,5
2152	11.09.2025 19:13:51,000	2,28	-6,29	41,1	20,2	28,7	0	35,8
2153	11.09.2025 19:13:52,000	2,31	-6,29	41,0	20,4	28,6	0	36,2
2154	11.09.2025 19:13:53,000	2,31	-6,29	42,2	18,8	29,0	0	33,9
2155	11.09.2025 19:13:54,000	2,31	-6,29	41,0	19,6	29,5	0	34,4
2156	11.09.2025 19:13:55,000	2,31	-6,29	41,1	18,9	29,9	0	33,3
2157	11.09.2025 19:13:56,000	2,35	-6,29	40,5	20,4	29,1	0	35,8
2158	11.09.2025 19:13:57,000	2,35	-6,29	41,8	20,5	27,7	0	37,1
2159	11.09.2025 19:13:58,000	2,35	-6,29	41,9	19,8	28,3	0	35,7
2160	11.09.2025 19:13:59,000	2,35	-6,29	41,1	19,4	29,5	0	34,2
2161	11.09.2025 19:14:00,000	2,35	-6,29	40,8	18,9	30,3	0	32,9
2162	11.09.2025 19:14:01,000	2,35	-6,29	41,4	19,5	29,0	0	34,7
2163	11.09.2025 19:14:02,000	2,35	-6,29	42,0	20,2	27,7	0	36,8
2164	11.09.2025 19:14:03,000	2,35	-6,29	42,0	19,7	28,3	0	35,5
2165	11.09.2025 19:14:04,000	2,35	-6,29	43,1	18,4	28,5	0	33,7
2166	11.09.2025 19:14:05,000	2,35	-6,29	42,7	19,5	27,7	0	35,9
2167	11.09.2025 19:14:06,000	2,35	-6,29	36,1	19,4	34,5	1	30,7
2168	11.09.2025 19:14:07,000	2,35	-6,29	43,3	13,3	33,4	0	22,9
2169	11.09.2025 19:14:08,000	2,35	-6,29	53,9	8,1	28,0	0	16,8
2170	11.09.2025 19:14:09,000	2,35	-6,29	63,0	11,7	15,3	0	16,8
2171	11.09.2025 19:14:10,000	2,39	-6,29	53,9	11,3	24,8	0	25,1
2172	11.09.2025 19:14:11,000	2,39	-6,29	46,1	7,1	36,7	0	11,9
2173	11.09.2025 19:14:12,000	2,39	-6,29	41,6	5,4	43,0	0	8,0
2174	11.09.2025 19:14:13,000	2,39	-6,29	40,6	4,5	45,0	0	6,4
2175	11.09.2025 19:14:14,000	2,39	-6,29	38,5	3,3	48,3	0	4,4
2176	11.09.2025 19:14:15,000	2,39	-6,29	38,3	1,9	49,8	0	2,5
2177	11.09.2025 19:14:16,000	2,39	-6,29	41,3	2,0	46,8	0	2,7
2178	11.09.2025 19:14:17,000	2,39	-6,29	40,0	0,5	49,5	0	0,6
2179	11.09.2025 19:14:18,000	2,39	-6,29	39,4	1,8	48,8	0	2,5
2180	11.09.2025 19:14:19,000	2,39	-6,29	40,2	1,8	48,0	0	2,5
2181	11.09.2025 19:14:20,000	2,39	-6,29	41,5	1,5	47,0	0	2,1
2182	11.09.2025 19:14:21,000	2,39	-6,29	43,5	2,6	43,9	0	3,8
2183	11.09.2025 19:14:22,000	2,39	-6,29	44,7	3,6	41,7	0	5,5
2184	11.09.2025 19:14:23,000	2,39	-6,29	42,6	5,0	42,4	0	7,4
2185	11.09.2025 19:14:24,000	2,39	-6,29	42,2	7,5	40,3	0	11,5
2186	11.09.2025 19:14:25,000	2,39	-6,29	45,5	8,4	36,1	0	14,2
2187	11.09.2025 19:14:26,000	2,39	-6,29	48,5	10,5	31,0	0	19,7
2188	11.09.2025 19:14:27,000	2,43	-6,29	48,1	12,8	29,1	0	24,6
2189	11.09.2025 19:14:28,000	2,43	-6,29	45,9	13,2	30,9	0	24,3
2190	11.09.2025 19:14:29,000	2,43	-6,29	45,1	15,2	29,7	0	28,1
2191	11.09.2025 19:14:30,000	2,43	-6,29	44,9	15,7	29,4	0	29,1
2192	11.09.2025 19:14:31,000	2,43	-6,29	46,9	16,7	26,4	0	33,1
2193	11.09.2025 19:14:32,000	2,43	-6,29	45,9	16,6	27,5	0	32,0
2194	11.09.2025 19:14:33,000	2,47	-6,29	43,7	17,2	29,1	0	31,5
2195	11.09.2025 19:14:34,000	2,47	-6,29	44,5	18,6	26,9	0	35,4
2196	11.09.2025 19:14:35,000	2,47	-6,29	46,6	18,5	24,9	0	37,1
2197	11.09.2025 19:14:36,000	2,51	-6,29	44,8	18,8	26,4	0	36,1
2198	11.09.2025 19:14:37,000	2,55	-6,29	44,6	18,5	26,9	0	35,2
2199	11.09.2025 19:14:38,000	2,55	-6,29	45,8	18,7	25,5	0	36,8
2200	11.09.2025 19:14:39,000	2,55	-6,29	41,5	20,7	27,8	0	37,4
2201	11.09.2025 19:14:40,000	2,55	-6,29	36,4	23,0	30,6	0	37,7
2202	11.09.2025 19:14:41,000	2,55	-6,29	43,5	20,8	25,6	0	39,6
2203	11.09.2025 19:14:42,000	2,55	-6,29	44,2	22,0	23,8	0	42,9
2204	11.09.2025 19:14:43,000	2,58	-6,29	39,9	25,1	25,0	0	45,1
2205	11.09.2025 19:14:44,000	2,66	-6,29	40,3	24,8	25,0	0	44,8
2206	11.09.2025 19:14:45,000	2,74	-6,29	42,9	23,9	23,2	0	45,8
2207	11.09.2025 19:14:46,000	2,78	-6,29	44,3	22,9	22,8	0	45,1
2208	11.09.2025 19:14:47,000	2,85	-6,29	42,3	24,2	23,5	0	45,7
2209	11.09.2025 19:14:48,000	2,89	-6,29	42,8	22,7	24,5	0	42,9
2210	11.09.2025 19:14:49,000	2,93	-6,29	45,8	19,7	24,5	0	39,1
2211	11.09.2025 19:14:50,000	2,97	-6,29	43,8	19,9	26,3	0	37,6
2212	11.09.2025 19:14:51,000	3,00	-6,29	43,7	18,2	28,2	0	33,6
2213	11.09.2025 19:14:52,000	3,00	-6,29	47,7	18,6	23,7	0	38,5
2214	11.09.2025 19:14:53,000	3,04	-6,29	45,9	20,1	24,0	0	40,2
2215	11.09.2025 19:14:54,000	3,16	-6,29	45,8	17,1	27,1	0	33,1
2216	11.09.2025 19:14:55,000	3,19	-6,29	41,0	23,2	25,7	0	42,3
2217	11.09.2025 19:14:56,000	3,23	-6,29	40,9	21,4	27,7	0	38,4
2218	11.09.2025 19:14:57,000	3,27	-6,29	41,0	17,9	31,1	0	31,0
2219	11.09.2025 19:14:58,000	3,27	-6,29	44,5	25,0	20,5	0	50,2
2220	11.09.2025 19:14:59,000	3,31	-6,29	55,8	20,3	14,0	0	55,1
2221	11.09.2025 19:15:00,000	3,42	-6,29	58,5	7,2	24,3	0	17,0
2222	11.09.2025 19:15:01,000	3,46	-6,29	54,5	1,3	34,1	0	2,4
2223	11.09.2025 19:15:02,000	3,53	-6,29	66,2	1,7	22,1	0	2,4
2224	11.09.2025 19:15:03,000	3,57	-6,29	70,4	-7,0	12,6	0	2,4
2225	11.09.2025 19:15:04,000	3,61	-6,29	73,5	-6,8	9,6	0	2,4
2226	11.09.2025 19:15:05,000	3,68	-6,29	83,1	3,8	3,2	0	2,4
2227	11.09.2025 19:15:06,000	3,72	-6,29	89,0	0,9	-0,1	0	2,4
2228	11.09.2025 19:15:07,000	3,83	-6,29	84,8	-5,1	-0,1	0	2,4
2229	11.09.2025 19:15:08,000	3,94	-6,29	85,1	-2,4	2,5	0	2,4
2230	11.09.2025 19:15:09,000	4,05	-6,29	81,8	2,2	6,0	0	2,4
2231	11.09.2025 19:15:10,000	4,13	-6,29	72,5	4,3	13,3	0	2,4
2232	11.09.2025 19:15:11,000	4,20	-6,29	62,6	3,2	24,2	0	7,6
2233	11.09.2025 19:15:12,000	4,24	-6,29	60,3	0,3	29,4	0	0,5
2234	11.09.2025 19:15:13,000	4,28	-6,29	51,8	-3,3	34,8	0	-5,8
2235	11.09.2025 19:15:14,000	4,31	-6,29	44,2	-6,2	39,6	0	-9,7
2236	11.09.2025 19:15:15,000	4,35	-6,29	41,2	-7,7	41,1	0	-11,7
2237	11.09.2025 19:15:16,000	4,42	-6,29	41,5	-5,9	42,6	0	-8,7
2238	11.09.2025 19:15:17,000	4,50	-6,29	36,3	-10,2	43,6	0	-14,7
2239	11.09.2025 19:15:18,000	4,57	-6,29	37,7	-11,9	40,5	0	-17,9
2240	11.09.2025 19:15:19,000	4,72	-6,29	41,6	-9,6	38,8	0	-15,2
2241	11.09.2025 19:15:20,000	4,83	-6,29	44,4	-5,0	40,6	0	-7,7
2242	11.09.2025 19:15:21,000	4,90	-6,29	44,0	-0,5	45,5	0	-0,7
2243	11.09.2025 19:15:22,000	4,97	-6,29	45,5	2,7	41,8	0	4,0
2244	11.09.2025 19:15:23,000	5,08	-6,29	44,4	3,1	42,5	0	4,7
2245	11.09.2025 19:15:24,000	5,19	-6,29	44,6	5,2	40,2	0	8,1
2246	11.09.2025 19:15:25,000	5,30	-6,29	46,0	4,3	39,7	0	6,7
2247	11.09.2025 19:15:26,000	5,41	-6,29	40,9	8,9	40,1	0	13,7
2248	11.09.2025 19:15:27,000	5,55	-6,29	38,1	11,2	40,7	0	16,9
2249	11.09.2025 19:15:28,000	5,66	-6,29	35,4	12,0	42,5	0	17,5
2250	11.09.2025 19:15:29,000	5,73	-6,29	31,3	17,5	41,2	0	25,0
2251	11.09.2025 19:15:30,000	5,91	-6,29	33,6	16,4	40,0	0	24,2
2252	11.09.2025 19:15:31,000	6,16	-6,29	33,6	17,6	38,8	0	26,3
2253	11.09.2025 19:15:32,000	6,37	-6,29	36,9	15,0	38,1	0	23,1
2254	11.09.2025 19:15:33,000	6,51	-6,29	31,6	18,2	40,2	0	26,3
2255	11.09.2025 19:15:34,000	6,65	-6,29	34,3	17,1	38,6	0	25,6
2256	11.09.2025 19:15:35,000	6,75	-6,29	34,7	18,1	37,2	0	27,6
2257	11.09.2025 19:15:36,000	6,86	-6,29	35,0	17,3	37,6	0	26,5
2258	11.09.2025 19:15:37,000	7,00	-6,29	33,5	17,7	38,9	0	26,3
2259	11.09.2025 19:15:38,000	7,07	-6,29	33,5	19,1	37,4	0	28,7
2260	11.09.2025 19:15:39,000	7,17	-6,29	33,3	17,2	39,5	0	25,4
2261	11.09.2025 19:15:40,000	7,31	-6,29	37,4	19,7	32,9	0	32,1
2262	11.09.2025 19:15:41,000	7,59	-6,29	38,2	17,5	34,3	0	28,5
2263	11.09.2025 19:15:42,000	8,00	-6,29	38,4	19,6	32,0	0	32,7
2264	11.09.2025 19:15:43,000	8,30	-6,29	38,9	20,0	31,1	0	33,9
2265	11.09.2025 19:15:44,000	8,64	-6,29	41,5	16,4	32,1	0	28,3
2266	11.09.2025 19:15:45,000	8,91	-6,29	39,2	15,8	35,0	0	25,8
2267	11.09.2025 19:15:46,000	9,15	-6,29	34,6	21,8	33,6	0	34,2
2268	11.09.2025 19:15:47,000	9,31	-6,29	41,9	17,4	30,7	0	30,6
2269	11.09.2025 19:15:48,000	9,44	-6,29	41,9	19,4	28,6	0	35,0
2270	11.09.2025 19:15:49,000	9,58	-6,29	37,8	20,5	31,7	0	33,9
2271	11.09.2025 19:15:50,000	9,74	-6,29	38,0	18,1	33,8	0	29,6
2272	11.09.2025 19:15:51,000	9,81	-6,29	38,3	18,4	33,3	0	30,2
2273	11.09.2025 19:15:52,000	9,91	-6,29	36,0	18,8	35,2	0	29,5
2274	11.09.2025 19:15:53,000	9,97	-6,29	33,2	21,3	35,5	0	32,4
2275	11.09.2025 19:15:54,000	10,07	-6,29	38,7	15,1	36,2	0	24,2
2276	11.09.2025 19:15:55,000	10,14	-6,29	33,7	18,6	37,6	0	28,1
2277	11.09.2025 19:15:56,000	10,27	-6,29	32,3	22,7	35,0	0	34,3
2278	11.09.2025 19:15:57,000	10,37	-6,29	37,1	17,0	36,0	0	26,8
2279	11.09.2025 19:15:58,000	10,47	-6,29	38,6	13,3	38,1	0	20,7
2280	11.09.2025 19:15:59,000	10,56	-6,29	32,3	21,6	36,1	0	32,4
2281	11.09.2025 19:16:00,000	10,69	-6,29	38,4	16,2	35,4	0	26,0
2282	11.09.2025 19:16:01,000	10,79	-6,29	37,8	20,0	32,1	0	33,1
2283	11.09.2025 19:16:02,000	10,89	-6,29	39,6	18,6	31,9	0	31,4
2284	11.09.2025 19:16:03,000	11,02	-6,29	39,4	16,1	34,5	0	26,3
2285	11.09.2025 19:16:04,000	11,12	-6,29	38,2	16,9	34,8	0	27,4
2286	11.09.2025 19:16:05,000	11,18	-6,29	43,1	15,1	31,8	0	26,6
2287	11.09.2025 19:16:06,000	11,31	-6,29	43,9	12,4	33,7	0	21,3
2288	11.09.2025 19:16:07,000	11,41	-6,29	43,9	9,8	36,3	0	16,3
2289	11.09.2025 19:16:08,000	11,53	-6,29	40,9	9,9	39,2	0	15,5
2290	11.09.2025 19:16:09,000	11,57	-6,29	39,0	5,3	45,6	0	7,5
2291	11.09.2025 19:16:10,000	11,63	-6,29	40,1	1,1	48,7	0	1,5
2292	11.09.2025 19:16:11,000	11,63	-6,29	39,1	-0,1	50,8	0	-0,1
2293	11.09.2025 19:16:12,000	11,66	-6,29	38,5	-1,0	50,5	0	-1,3
2294	11.09.2025 19:16:13,000	11,73	-6,29	38,2	-3,4	48,3	0	-4,6
2295	11.09.2025 19:16:14,000	11,85	-6,29	37,5	-3,3	49,2	0	-4,3
2296	11.09.2025 19:16:15,000	11,92	-6,29	34,2	-7,9	47,9	0	-10,7
2297	11.09.2025 19:16:16,000	11,95	-6,29	39,1	-6,1	44,8	0	-8,8
2298	11.09.2025 19:16:17,000	12,05	-6,29	36,9	-8,9	44,2	0	-12,8
2299	11.09.2025 19:16:18,000	12,14	-6,29	36,0	-5,2	48,9	0	-6,9
2300	11.09.2025 19:16:19,000	12,17	-6,29	35,0	-6,6	48,4	0	-9,0
2301	11.09.2025 19:16:20,000	12,24	-6,29	34,2	-10,2	45,6	0	-14,2
2302	11.09.2025 19:16:21,000	12,33	-6,29	31,9	-13,0	45,1	0	-18,1
2303	11.09.2025 19:16:22,000	12,36	-6,29	33,8	-11,2	45,0	0	-15,7
2304	11.09.2025 19:16:23,000	12,46	-6,29	31,8	-11,3	46,8	0	-15,5
2305	11.09.2025 19:16:24,000	12,52	-6,29	32,3	-9,0	48,7	0	-12,0
2306	11.09.2025 19:16:25,000	12,59	-6,29	42,5	0,2	47,4	0	0,2
2307	11.09.2025 19:16:26,000	12,65	-6,29	44,2	-0,2	45,6	0	-0,3
2308	11.09.2025 19:16:27,000	12,68	-6,29	37,0	-6,4	46,7	0	-8,8
2309	11.09.2025 19:16:28,000	12,71	-6,29	29,4	-11,0	49,6	0	-14,4
2310	11.09.2025 19:16:29,000	12,74	-6,29	33,6	-9,2	47,2	0	-12,6
2311	11.09.2025 19:16:30,000	12,84	-6,29	37,6	-5,7	46,7	0	-7,9
2312	11.09.2025 19:16:31,000	12,90	-6,29	43,1	-3,3	43,6	1	-4,8
2313	11.09.2025 19:16:32,000	12,96	-6,29	37,0	-3,8	49,1	0	-5,1
2314	11.09.2025 19:16:33,000	13,03	-6,29	32,5	-8,4	49,0	0	-11,2
2315	11.09.2025 19:16:34,000	13,09	-6,29	36,9	-5,7	47,3	0	-7,8
2316	11.09.2025 19:16:35,000	13,15	-6,29	40,3	-5,1	44,6	0	-7,3
2317	11.09.2025 19:16:36,000	13,18	-6,29	38,6	-3,1	48,4	0	-4,1
2318	11.09.2025 19:16:37,000	13,22	-6,29	32,4	-9,3	48,3	0	-12,5
2319	11.09.2025 19:16:38,000	13,22	-6,29	36,1	-7,4	46,5	0	-10,3
2320	11.09.2025 19:16:39,000	13,22	-6,29	35,0	-8,6	46,4	0	-11,9
2321	11.09.2025 19:16:40,000	13,25	-6,29	37,8	-8,3	43,9	0	-11,9
2322	11.09.2025 19:16:41,000	13,28	-6,29	39,3	-5,9	44,8	0	-8,4
2323	11.09.2025 19:16:42,000	13,28	-6,29	32,1	-15,2	42,7	0	-21,6
2324	11.09.2025 19:16:43,000	13,34	-6,29	30,6	-16,4	43,0	0	-23,0
2325	11.09.2025 19:16:44,000	13,34	-6,29	33,0	-12,2	44,8	0	-17,1
2326	11.09.2025 19:16:45,000	13,40	-6,29	25,5	-17,5	47,0	1	-22,9
2327	11.09.2025 19:16:46,000	13,53	-6,29	47,0	-3,2	39,8	0	-4,9
2328	11.09.2025 19:16:47,000	13,62	-6,29	40,5	-5,7	43,8	1	-8,2
2329	11.09.2025 19:16:48,000	13,72	-6,29	36,3	-1,4	52,3	0	-1,8
2330	11.09.2025 19:16:49,000	13,75	-6,29	36,2	8,9	44,9	0	12,6
2331	11.09.2025 19:16:50,000	13,78	-6,29	23,3	-5,6	61,1	0	-6,5
2332	11.09.2025 19:16:51,000	13,84	-6,29	27,0	-5,4	57,6	0	-6,5
2333	11.09.2025 19:16:52,000	13,93	-6,29	31,5	-7,0	51,5	0	-9,0
2334	11.09.2025 19:16:53,000	14,06	-6,29	22,7	-13,5	53,8	0	-16,7
2335	11.09.2025 19:16:54,000	14,09	-6,29	31,1	-12,1	46,9	0	-16,4
2336	11.09.2025 19:16:55,000	14,09	-6,29	34,0	-7,7	48,3	0	-10,4
2337	11.09.2025 19:16:56,000	14,09	-6,29	36,5	-5,3	48,2	0	-7,1
2338	11.09.2025 19:16:57,000	14,15	-6,29	29,2	-11,6	49,2	0	-15,3
2339	11.09.2025 19:16:58,000	14,21	-6,29	39,0	-3,2	47,8	0	-4,3
2340	11.09.2025 19:16:59,000	14,24	-6,29	29,6	-9,1	51,3	0	-11,7
2341	11.09.2025 19:17:00,000	14,24	-6,29	30,1	-9,0	50,8	0	-11,7
2342	11.09.2025 19:17:01,000	14,28	-6,29	29,8	-9,7	50,5	1	-12,6
2343	11.09.2025 19:17:02,000	14,34	-6,29	29,9	-8,3	51,8	0	-10,6
2344	11.09.2025 19:17:03,000	14,40	-6,29	31,3	3,2	55,5	0	3,9
2345	11.09.2025 19:17:04,000	14,46	-6,29	31,4	-0,4	58,2	0	-0,5
2346	11.09.2025 19:17:05,000	14,52	-6,29	23,2	-11,1	55,7	1	-13,5
2347	11.09.2025 19:17:06,000	14,52	-6,29	28,6	-3,1	58,3	0	-3,6
2348	11.09.2025 19:17:07,000	14,58	-6,29	23,8	-3,4	62,7	0	-3,9
2349	11.09.2025 19:17:08,000	14,58	-6,29	24,0	3,3	62,7	1	3,8
2350	11.09.2025 19:17:09,000	14,62	-6,29	24,1	3,1	62,8	0	3,6
2351	11.09.2025 19:17:10,000	14,65	-6,29	29,9	1,2	58,9	0	1,4
2352	11.09.2025 19:17:11,000	14,74	-6,29	24,4	-9,8	55,8	0	-12,0
2353	11.09.2025 19:17:12,000	14,83	-6,29	24,5	-9,5	56,0	0	-11,6
2354	11.09.2025 19:17:13,000	14,83	-6,29	29,1	-5,9	54,9	0	-7,3
2355	11.09.2025 19:17:14,000	14,83	-6,29	37,7	4,7	47,5	0	6,5
2356	11.09.2025 19:17:15,000	14,83	-6,29	18,3	-14,4	57,3	1	-17,2
2357	11.09.2025 19:17:16,000	14,83	-6,29	21,2	3,0	65,8	0	3,4
2358	11.09.2025 19:17:17,000	14,86	-6,29	26,0	17,3	46,7	0	22,8
2359	11.09.2025 19:17:18,000	14,92	-6,29	26,9	13,9	49,2	1	18,1
2360	11.09.2025 19:17:19,000	14,95	-6,29	31,1	10,1	48,8	1	13,4
2361	11.09.2025 19:17:20,000	14,98	-6,29	28,2	12,5	49,3	1	16,4
2362	11.09.2025 19:17:21,000	15,05	-6,29	27,0	21,5	41,5	1	29,5
2363	11.09.2025 19:17:22,000	15,08	-6,29	28,5	16,3	45,2	0	22,2
2364	11.09.2025 19:17:23,000	15,11	-6,29	28,8	17,3	43,9	0	23,7
2365	11.09.2025 19:17:24,000	15,14	-6,29	29,0	15,3	45,7	0	20,8
2366	11.09.2025 19:17:25,000	15,17	-6,29	35,0	9,0	45,9	0	12,6
2367	11.09.2025 19:17:26,000	15,23	-6,29	34,4	10,0	45,6	0	13,9
2368	11.09.2025 19:17:27,000	15,26	-6,29	32,2	10,5	47,3	0	14,3
2369	11.09.2025 19:17:28,000	15,29	-6,29	38,9	4,3	46,8	0	6,0
2370	11.09.2025 19:17:29,000	15,32	-6,29	34,8	3,4	51,8	1	4,4
2371	11.09.2025 19:17:30,000	15,32	-6,29	33,4	10,9	45,7	0	15,2
2372	11.09.2025 19:17:31,000	15,32	-6,29	28,9	14,7	46,4	0	19,8
2373	11.09.2025 19:17:32,000	15,35	-6,29	22,8	21,0	46,3	0	27,0
2374	11.09.2025 19:17:33,000	15,35	-6,29	27,7	18,5	43,8	0	25,2
2375	11.09.2025 19:17:34,000	15,38	-6,29	28,9	16,9	44,2	0	23,2
2376	11.09.2025 19:17:35,000	15,41	-6,29	28,9	9,9	51,2	0	12,8
2377	11.09.2025 19:17:36,000	15,44	-6,29	20,8	18,6	50,6	1	23,1
2378	11.09.2025 19:17:37,000	15,47	-6,29	25,7	18,1	46,3	0	23,9
2379	11.09.2025 19:17:38,000	15,47	-6,29	29,0	13,3	47,7	0	17,8
2380	11.09.2025 19:17:39,000	15,50	-6,29	25,8	10,1	54,2	0	12,5
2381	11.09.2025 19:17:40,000	15,54	-6,29	23,0	10,3	56,7	0	12,5
2382	11.09.2025 19:17:41,000	15,57	-6,29	35,0	11,8	43,2	0	17,0
2383	11.09.2025 19:17:42,000	15,57	-6,29	30,2	8,0	51,8	0	10,3
2384	11.09.2025 19:17:43,000	15,57	-6,29	28,0	5,1	56,9	0	6,2
2385	11.09.2025 19:17:44,000	15,63	-6,29	30,7	2,7	56,6	0	3,3
2386	11.09.2025 19:17:45,000	15,66	-6,29	28,2	10,0	51,8	0	12,8
2387	11.09.2025 19:17:46,000	15,72	-6,29	28,7	8,5	52,8	0	10,8
2388	11.09.2025 19:17:47,000	15,75	-6,29	25,3	4,0	60,7	0	4,7
2389	11.09.2025 19:17:48,000	15,75	-6,29	30,4	10,3	49,3	1	13,6
2390	11.09.2025 19:17:49,000	15,81	-6,29	30,8	12,2	47,1	0	16,5
2391	11.09.2025 19:17:50,000	15,87	-6,29	32,4	9,7	47,9	1	13,1
2392	11.09.2025 19:17:51,000	15,90	-6,29	18,4	14,1	57,5	0	16,7
2393	11.09.2025 19:17:52,000	15,93	-6,29	28,9	16,1	45,1	0	21,9
2394	11.09.2025 19:17:53,000	15,96	-6,29	30,9	16,8	42,3	0	23,8
2395	11.09.2025 19:17:54,000	15,96	-6,29	20,6	12,0	57,4	0	14,4
2396	11.09.2025 19:17:55,000	15,99	-6,29	17,6	11,0	61,4	1	12,7
2397	11.09.2025 19:17:56,000	15,99	-6,29	30,9	3,4	55,8	1	4,1
2398	11.09.2025 19:17:57,000	15,99	-6,29	32,9	9,8	47,4	0	13,3
2399	11.09.2025 19:17:58,000	15,99	-6,29	33,7	6,1	50,2	1	8,0
2400	11.09.2025 19:17:59,000	15,99	-6,29	25,0	24,9	40,1	0	33,7
2401	11.09.2025 19:18:00,000	16,02	-6,29	28,4	23,1	38,5	0	32,7
2402	11.09.2025 19:18:01,000	16,08	-6,29	31,5	14,1	44,4	1	19,6
2403	11.09.2025 19:18:02,000	16,08	-6,29	30,4	22,1	37,4	1	32,3
2404	11.09.2025 19:18:03,000	16,08	-6,29	31,9	20,4	37,7	1	30,1
2405	11.09.2025 19:18:04,000	16,11	-6,29	30,2	25,2	34,6	0	37,1
2406	11.09.2025 19:18:05,000	16,11	-6,29	34,1	21,4	34,4	0	33,2
2407	11.09.2025 19:18:06,000	16,11	-6,29	25,2	43,0	21,8	0	60,8
2408	11.09.2025 19:18:07,000	16,11	-6,29	47,0	30,9	12,1	0	67,6
2409	11.09.2025 19:18:08,000	16,14	-6,29	53,1	30,1	6,7	1	76,8
2410	11.09.2025 19:18:09,000	16,17	-6,29	43,0	16,2	30,8	0	28,9
2411	11.09.2025 19:18:10,000	16,23	-6,29	22,1	37,7	30,2	0	50,3
2412	11.09.2025 19:18:11,000	16,30	-6,29	28,5	38,9	22,6	0	58,1
2413	11.09.2025 19:18:12,000	16,30	-6,29	55,7	26,2	8,1	0	72,3
2414	11.09.2025 19:18:13,000	16,33	-6,29	61,1	26,1	2,8	1	83,7
2415	11.09.2025 19:18:14,000	16,33	-6,29	61,0	25,8	3,2	0	82,6
2416	11.09.2025 19:18:15,000	16,27	-6,29	60,3	26,5	3,2	0	82,8
2417	11.09.2025 19:18:16,000	16,17	-6,29	64,0	23,2	2,7	0	82,8
2418	11.09.2025 19:18:17,000	16,08	-6,29	65,9	13,1	11,0	0	82,8
2419	11.09.2025 19:18:18,000	15,99	-6,29	31,8	16,0	42,1	1	22,9
2420	11.09.2025 19:18:19,000	15,90	-6,29	-4,3	22,0	63,6	0	23,1
2421	11.09.2025 19:18:20,000	15,81	-6,29	25,9	52,0	12,1	1	74,6
2422	11.09.2025 19:18:21,000	15,75	-6,29	48,0	41,2	0,8	0	88,7
2423	11.09.2025 19:18:22,000	15,69	-6,29	57,1	18,6	-14,3	0	127,9
2424	11.09.2025 19:18:23,000	15,63	-6,29	64,2	15,0	10,8	1	127,9
2425	11.09.2025 19:18:24,000	15,57	-6,29	62,8	24,2	3,0	0	82,8
2426	11.09.2025 19:18:25,000	15,54	-6,29	82,7	3,5	3,7	0	82,8
2427	11.09.2025 19:18:26,000	15,47	-6,29	84,5	-3,1	2,3	0	82,8
2428	11.09.2025 19:18:27,000	15,44	-6,29	85,8	-1,8	2,4	1	82,8
2429	11.09.2025 19:18:28,000	15,38	-6,29	70,1	19,3	0,6	1	82,8
2430	11.09.2025 19:18:29,000	15,35	-6,29	-2,6	17,7	69,7	1	18,2
2431	11.09.2025 19:18:30,000	15,32	-6,29	-8,0	11,7	70,4	0	12,6
2432	11.09.2025 19:18:31,000	15,32	-6,29	-10,4	12,5	67,1	0	13,8
2433	11.09.2025 19:18:32,000	15,29	-6,29	-7,6	11,4	71,0	0	12,3
2434	11.09.2025 19:18:33,000	15,26	-6,29	-4,2	11,2	74,6	0	11,7
2435	11.09.2025 19:18:34,000	15,26	-6,29	-4,8	8,8	76,3	0	9,2
2436	11.09.2025 19:18:35,000	15,23	-6,29	-8,6	8,7	72,6	0	9,4
2437	11.09.2025 19:18:36,000	15,23	-6,29	-8,6	9,0	72,4	0	9,7
2438	11.09.2025 19:18:37,000	15,20	-6,29	-3,7	8,0	78,4	0	8,2
2439	11.09.2025 19:18:38,000	15,20	-6,29	-3,2	8,1	78,7	0	8,3
2440	11.09.2025 19:18:39,000	15,17	-6,29	-31,9	-9,3	-48,8	1	-167,6
2441	11.09.2025 19:18:40,000	15,17	-6,29	-76,3	-7,7	-5,9	0	-167,6
2442	11.09.2025 19:18:41,000	15,14	-6,29	-77,4	-5,6	-7,1	0	-167,6
2443	11.09.2025 19:18:42,000	15,14	-6,29	-82,0	-2,6	-5,4	0	-167,6
2444	11.09.2025 19:18:43,000	15,11	-6,29	-85,2	-0,1	-4,7	0	-167,6
2445	11.09.2025 19:18:44,000	15,11	-6,29	-86,7	-0,5	-2,8	0	-167,6
2446	11.09.2025 19:18:45,000	15,08	-6,29	-82,7	-2,2	-5,1	0	-167,6
2447	11.09.2025 19:18:46,000	15,08	-6,29	-81,9	1,2	-6,9	0	-167,6
2448	11.09.2025 19:18:47,000	15,05	-6,29	-87,6	0,3	-2,1	0	-167,6
2449	11.09.2025 19:18:48,000	15,05	-6,29	-88,1	0,2	-1,6	0	-167,6
2450	11.09.2025 19:18:49,000	15,01	-6,29	-83,8	1,6	-4,6	1	-167,6
2451	11.09.2025 19:18:50,000	15,01	-6,29	-83,9	1,6	-4,5	0	-167,6
2452	11.09.2025 19:18:51,000	14,98	-6,29	-87,2	0,1	-2,7	0	-167,6
2453	11.09.2025 19:18:52,000	14,98	-6,29	-87,1	-0,1	-2,8	0	-167,6
2454	11.09.2025 19:18:53,000	14,98	-6,29	-85,5	1,2	-3,3	0	-167,6
2455	11.09.2025 19:18:54,000	14,95	-6,29	-86,0	1,2	-2,8	0	-167,6
2456	11.09.2025 19:18:55,000	14,95	-6,29	-85,6	1,1	-3,3	0	-167,6
2457	11.09.2025 19:18:56,000	14,92	-6,29	-86,0	1,1	-2,9	0	-167,6
2458	11.09.2025 19:18:57,000	14,92	-6,29	-86,5	1,4	-2,1	0	-167,6
2459	11.09.2025 19:18:58,000	14,92	-6,29	-85,6	1,2	-3,2	0	-167,6
2460	11.09.2025 19:18:59,000	14,89	-6,29	-87,0	0,3	-2,6	0	-167,6
2461	11.09.2025 19:19:00,000	14,89	-6,29	-84,9	1,3	-3,8	0	-167,6
2462	11.09.2025 19:19:01,000	14,89	-6,29	-84,8	2,7	-2,5	0	-167,6
2463	11.09.2025 19:19:02,000	14,86	-6,29	-89,3	0,1	-0,5	0	-167,6
2464	11.09.2025 19:19:03,000	14,86	-6,29	-84,4	1,4	-4,2	0	-167,6
2465	11.09.2025 19:19:04,000	14,86	-6,29	-85,2	1,3	-3,5	0	-167,6
2466	11.09.2025 19:19:05,000	14,83	-6,29	-88,5	0,8	-0,7	0	-167,6
2467	11.09.2025 19:19:06,000	14,83	-6,29	-87,6	1,1	-1,3	0	-167,6
2468	11.09.2025 19:19:07,000	14,83	-6,29	-87,3	-0,7	-2,0	0	-167,6
2469	11.09.2025 19:19:08,000	14,83	-6,29	-85,5	1,1	-3,4	0	-167,6
2470	11.09.2025 19:19:09,000	14,83	-6,29	-87,5	0,7	-1,9	0	-167,6
2471	11.09.2025 19:19:10,000	14,83	-6,29	-89,2	-0,2	-0,6	0	-167,6
2472	11.09.2025 19:19:11,000	14,80	-6,29	-86,6	-1,4	-2,1	0	-167,6
2473	11.09.2025 19:19:12,000	14,80	-6,29	-82,7	2,1	-5,1	0	-167,6
2474	11.09.2025 19:19:13,000	14,80	-6,29	-87,5	1,7	-0,7	0	-167,6
2475	11.09.2025 19:19:14,000	14,80	-6,29	-88,9	1,0	-0,1	0	-167,6
2476	11.09.2025 19:19:15,000	14,80	-6,29	-85,4	3,1	-1,5	0	-167,6
2477	11.09.2025 19:19:16,000	14,80	-6,29	-84,4	2,5	-3,2	0	-167,6
2478	11.09.2025 19:19:17,000	14,77	-6,29	-85,5	4,4	-0,1	0	-167,6
2479	11.09.2025 19:19:18,000	14,77	-6,29	-86,7	2,0	1,4	0	-167,6
2480	11.09.2025 19:19:19,000	14,77	-6,29	-83,7	3,2	-3,1	0	-167,6
2481	11.09.2025 19:19:20,000	14,77	-6,29	-85,4	2,6	-2,0	0	-167,6
2482	11.09.2025 19:19:21,000	14,77	-6,29	-85,5	3,4	1,0	0	-167,6
2483	11.09.2025 19:19:22,000	14,77	-6,29	-84,8	4,7	-0,5	0	-167,6
2484	11.09.2025 19:19:23,000	14,77	-6,29	-86,0	3,7	-0,3	0	-167,6
2485	11.09.2025 19:19:24,000	14,77	-6,29	-85,5	2,5	-2,0	0	-167,6
2486	11.09.2025 19:19:25,000	14,77	-6,29	-86,3	3,2	-0,5	0	-167,6
2487	11.09.2025 19:19:26,000	14,77	-6,29	-85,6	3,0	-1,5	0	-167,6
2488	11.09.2025 19:19:27,000	14,77	-6,29	-82,5	5,0	-2,5	0	-167,6
2489	11.09.2025 19:19:28,000	14,74	-6,29	-84,6	4,6	-0,8	0	-167,6
2490	11.09.2025 19:19:29,000	14,74	-6,29	-85,3	4,1	0,7	0	-167,6
2491	11.09.2025 19:19:30,000	14,74	-6,29	-82,0	7,2	0,8	0	-167,6
2492	11.09.2025 19:19:31,000	14,74	-6,29	-77,2	10,3	2,5	0	-167,6
2493	11.09.2025 19:19:32,000	14,74	-6,29	-79,9	7,5	2,6	0	-167,6
2494	11.09.2025 19:19:33,000	14,74	-6,29	-77,9	10,0	2,1	0	-167,6
2495	11.09.2025 19:19:34,000	14,74	-6,29	-77,0	9,6	3,4	0	-167,6
2496	11.09.2025 19:19:35,000	14,74	-6,29	-79,6	7,3	3,2	0	-167,6
2497	11.09.2025 19:19:36,000	14,74	-6,29	-77,7	10,6	1,7	0	-167,6
2498	11.09.2025 19:19:37,000	14,74	-6,29	-79,4	8,6	2,0	0	-167,6
2499	11.09.2025 19:19:38,000	14,74	-6,29	-81,7	6,3	2,0	0	-167,6
2500	11.09.2025 19:19:39,000	14,74	-6,29	-83,6	5,4	1,0	0	-167,6
2501	11.09.2025 19:19:40,000	14,74	-6,29	-84,4	5,4	-0,2	0	-167,6
2502	11.09.2025 19:19:41,000	14,74	-6,29	-85,5	4,0	-0,4	0	-167,6
2503	11.09.2025 19:19:42,000	14,74	-6,29	-85,5	3,8	-0,7	0	-167,6
2504	11.09.2025 19:19:43,000	14,74	-6,29	-85,4	3,3	-1,3	0	-167,6
2505	11.09.2025 19:19:44,000	14,74	-6,29	-85,4	2,1	-2,5	0	-167,6
2506	11.09.2025 19:19:45,000	14,74	-6,29	-85,8	1,0	-3,3	0	-167,6
2507	11.09.2025 19:19:46,000	14,74	-6,29	-87,3	-0,2	-2,5	0	-167,6
2508	11.09.2025 19:19:47,000	14,74	-6,29	-88,4	0,7	-0,9	0	-167,6
2509	11.09.2025 19:19:48,000	14,74	-6,29	-86,5	2,7	-0,8	0	-167,6
2510	11.09.2025 19:19:49,000	14,74	-6,29	-84,5	2,6	-2,9	0	-167,6
2511	11.09.2025 19:19:50,000	14,74	-6,29	-83,7	-1,6	-4,7	0	-167,6
2512	11.09.2025 19:19:51,000	14,74	-6,29	-79,3	-5,1	-5,7	0	-167,6
2513	11.09.2025 19:19:52,000	14,74	-6,29	-79,8	-4,8	-5,3	0	-167,6
2514	11.09.2025 19:19:53,000	14,74	-6,29	-84,2	-1,9	-4,0	0	-167,6
2515	11.09.2025 19:19:54,000	14,74	-6,29	-86,1	0,4	-3,5	0	-167,6
2516	11.09.2025 19:19:55,000	14,77	-6,29	-85,7	2,1	-2,2	0	-167,6
2517	11.09.2025 19:19:56,000	14,77	-6,29	-85,7	0,9	-3,3	0	-167,6
2518	11.09.2025 19:19:57,000	14,77	-6,29	-84,0	-2,0	-4,0	0	-167,6
2519	11.09.2025 19:19:58,000	14,77	-6,29	-84,4	-1,5	-4,2	0	-167,6
2520	11.09.2025 19:19:59,000	14,77	-6,29	-83,6	-2,3	-4,1	0	-167,6
2521	11.09.2025 19:20:00,000	14,77	-6,29	-86,3	-0,6	-3,1	0	-167,6
2522	11.09.2025 19:20:01,000	14,77	-6,29	-86,3	1,5	-2,3	0	-167,6
2523	11.09.2025 19:20:02,000	14,77	-6,29	-84,7	2,4	-2,9	0	-167,6
2524	11.09.2025 19:20:03,000	14,77	-6,29	-85,6	1,8	-2,7	0	-167,6
2525	11.09.2025 19:20:04,000	14,77	-6,29	-85,0	2,2	-2,8	0	-167,6
2526	11.09.2025 19:20:05,000	14,77	-6,29	-84,9	2,6	-2,5	0	-167,6
2527	11.09.2025 19:20:06,000	14,77	-6,29	-84,3	2,9	-2,8	0	-167,6
2528	11.09.2025 19:20:07,000	14,77	-6,29	-85,5	2,0	-2,5	0	-167,6
2529	11.09.2025 19:20:08,000	14,77	-6,29	-85,5	1,8	-2,6	0	-167,6
2530	11.09.2025 19:20:09,000	14,77	-6,29	-86,5	1,3	-2,1	0	-167,6
2531	11.09.2025 19:20:10,000	14,77	-6,29	-85,6	2,9	-1,5	0	-167,6
2532	11.09.2025 19:20:11,000	14,77	-6,29	-85,1	2,1	-2,7	0	-167,6
2533	11.09.2025 19:20:12,000	14,80	-6,29	-86,6	0,4	-3,0	0	-167,6
2534	11.09.2025 19:20:13,000	14,80	-6,29	-86,5	1,4	-2,2	0	-167,6
2535	11.09.2025 19:20:14,000	14,80	-6,29	-86,2	2,1	-1,7	0	-167,6
2536	11.09.2025 19:20:15,000	14,80	-6,29	-84,4	3,1	-2,5	0	-167,6
2537	11.09.2025 19:20:16,000	14,80	-6,29	-84,4	1,8	-3,8	0	-167,6
2538	11.09.2025 19:20:17,000	14,80	-6,29	-85,2	0,4	-4,4	0	-167,6
2539	11.09.2025 19:20:18,000	14,80	-6,29	-85,9	0,5	-3,5	0	-167,6
2540	11.09.2025 19:20:19,000	14,80	-6,29	-85,1	0,5	-4,4	0	-167,6
2541	11.09.2025 19:20:20,000	14,80	-6,29	-85,8	-0,4	-3,9	0	-167,6
2542	11.09.2025 19:20:21,000	14,80	-6,29	-85,1	1,8	-3,1	0	-167,6
2543	11.09.2025 19:20:22,000	14,83	-6,29	-84,5	2,6	-3,0	0	-167,6
2544	11.09.2025 19:20:23,000	14,83	-6,29	-87,1	0,2	-2,7	0	-167,6
2545	11.09.2025 19:20:24,000	14,83	-6,29	-86,1	1,4	-2,5	0	-167,6
2546	11.09.2025 19:20:25,000	14,83	-6,29	-87,0	1,9	-1,1	0	-167,6
2547	11.09.2025 19:20:26,000	14,83	-6,29	-84,1	3,1	-2,8	0	-167,6
2548	11.09.2025 19:20:27,000	14,83	-6,29	-84,5	1,4	-4,1	0	-167,6
2549	11.09.2025 19:20:28,000	14,83	-6,29	-85,8	0,3	-3,8	0	-167,6
2550	11.09.2025 19:20:29,000	14,83	-6,29	-85,2	1,6	-3,2	0	-167,6
2551	11.09.2025 19:20:30,000	14,83	-6,29	-85,0	4,0	-1,0	0	-167,6
2552	11.09.2025 19:20:31,000	14,83	-6,29	-82,0	7,1	0,9	0	-167,6
2553	11.09.2025 19:20:32,000	14,83	-6,29	-78,9	9,8	1,4	0	-167,6
2554	11.09.2025 19:20:33,000	14,83	-6,29	-78,5	10,0	1,5	0	-167,6
2555	11.09.2025 19:20:34,000	14,83	-6,29	-79,5	9,1	1,4	0	-167,6
2556	11.09.2025 19:20:35,000	14,83	-6,29	-81,5	8,1	0,4	0	-167,6
2557	11.09.2025 19:20:36,000	14,83	-6,29	-83,8	5,5	-0,7	0	-167,6
2558	11.09.2025 19:20:37,000	14,86	-6,29	-84,8	3,3	-1,8	0	-167,6
2559	11.09.2025 19:20:38,000	14,86	-6,29	-85,0	2,3	-2,7	0	-167,6
2560	11.09.2025 19:20:39,000	14,86	-6,29	-86,2	1,0	-2,8	0	-167,6
2561	11.09.2025 19:20:40,000	14,86	-6,29	-86,7	1,0	-2,2	0	-167,6
2562	11.09.2025 19:20:41,000	14,86	-6,29	-86,5	1,8	-1,7	0	-167,6
2563	11.09.2025 19:20:42,000	14,86	-6,29	-86,1	3,1	-0,8	0	-167,6
2564	11.09.2025 19:20:43,000	14,86	-6,29	-85,2	3,8	-1,0	0	-167,6
2565	11.09.2025 19:20:44,000	14,86	-6,29	-84,2	3,8	-2,0	0	-167,6
2566	11.09.2025 19:20:45,000	14,86	-6,29	-85,1	1,6	-3,3	0	-167,6
2567	11.09.2025 19:20:46,000	14,86	-6,29	-84,3	-0,9	-4,9	0	-167,6
2568	11.09.2025 19:20:47,000	14,89	-6,29	-84,4	-1,8	-3,8	0	-167,6
2569	11.09.2025 19:20:48,000	14,89	-6,29	-84,3	-1,5	-4,2	0	-167,6
2570	11.09.2025 19:20:49,000	14,89	-6,29	-86,2	0,8	-3,0	0	-167,6
2571	11.09.2025 19:20:50,000	14,89	-6,29	-86,1	2,8	-1,1	0	-167,6
2572	11.09.2025 19:20:51,000	14,89	-6,29	-84,6	4,0	-1,4	0	-167,6
2573	11.09.2025 19:20:52,000	14,89	-6,29	-84,0	3,1	-2,9	0	-167,6
2574	11.09.2025 19:20:53,000	14,89	-6,29	-85,3	1,0	-3,8	0	-167,6
2575	11.09.2025 19:20:54,000	14,89	-6,29	-85,1	-1,0	-3,9	0	-167,6
2576	11.09.2025 19:20:55,000	14,89	-6,29	-85,0	-1,3	-3,7	0	-167,6
2577	11.09.2025 19:20:56,000	14,89	-6,29	-86,4	-0,1	-3,5	0	-167,6
2578	11.09.2025 19:20:57,000	14,92	-6,29	-87,0	1,0	-2,1	0	-167,6
2579	11.09.2025 19:20:58,000	14,92	-6,29	-85,7	2,0	-2,2	0	-167,6
2580	11.09.2025 19:20:59,000	14,92	-6,29	-85,0	2,4	-2,6	0	-167,6
2581	11.09.2025 19:21:00,000	14,92	-6,29	-85,5	1,3	-3,1	0	-167,6
2582	11.09.2025 19:21:01,000	14,92	-6,29	-85,5	0,9	-3,6	0	-167,6
2583	11.09.2025 19:21:02,000	14,92	-6,29	-84,7	1,9	-3,4	0	-167,6
2584	11.09.2025 19:21:03,000	14,92	-6,29	-85,5	1,8	-2,7	0	-167,6
2585	11.09.2025 19:21:04,000	14,92	-6,29	-84,3	2,4	-3,2	0	-167,6
2586	11.09.2025 19:21:05,000	14,92	-6,29	-84,9	1,6	-3,5	0	-167,6
2587	11.09.2025 19:21:06,000	14,95	-6,29	-84,9	1,0	-4,0	0	-167,6
2588	11.09.2025 19:21:07,000	14,95	-6,29	-86,9	0,2	-2,9	0	-167,6
2589	11.09.2025 19:21:08,000	14,95	-6,29	-86,1	0,9	-2,9	0	-167,6
2590	11.09.2025 19:21:09,000	14,95	-6,29	-86,7	0,9	-2,4	0	-167,6
2591	11.09.2025 19:21:10,000	14,95	-6,29	-85,6	2,6	-1,8	0	-167,6
2592	11.09.2025 19:21:11,000	14,95	-6,29	-85,6	2,1	-2,4	0	-167,6
2593	11.09.2025 19:21:12,000	14,95	-6,29	-85,5	1,8	-2,7	0	-167,6
2594	11.09.2025 19:21:13,000	14,95	-6,29	-86,0	0,5	-3,5	0	-167,6
2595	11.09.2025 19:21:14,000	14,95	-6,29	-85,8	-0,4	-3,8	0	-167,6
2596	11.09.2025 19:21:15,000	14,95	-6,29	-85,5	-0,5	-4,0	0	-167,6
2597	11.09.2025 19:21:16,000	14,95	-6,29	-85,6	-0,1	-4,3	0	-167,6
2598	11.09.2025 19:21:17,000	14,98	-6,29	-85,7	1,0	-3,3	0	-167,6
2599	11.09.2025 19:21:18,000	14,98	-6,29	-85,2	1,2	-3,6	0	-167,6
2600	11.09.2025 19:21:19,000	14,98	-6,29	-84,9	1,2	-3,9	0	-167,6
2601	11.09.2025 19:21:20,000	14,98	-6,29	-85,3	1,4	-3,3	0	-167,6
2602	11.09.2025 19:21:21,000	14,98	-6,29	-84,9	2,1	-2,9	0	-167,6
2603	11.09.2025 19:21:22,000	14,98	-6,29	-85,0	2,1	-2,9	0	-167,6
2604	11.09.2025 19:21:23,000	14,98	-6,29	-85,0	1,3	-3,6	0	-167,6
2605	11.09.2025 19:21:24,000	14,98	-6,29	-85,8	0,2	-4,0	0	-167,6
2606	11.09.2025 19:21:25,000	14,98	-6,29	-86,3	-0,2	-3,5	0	-167,6
2607	11.09.2025 19:21:26,000	14,98	-6,29	-85,8	0,4	-3,8	0	-167,6
2608	11.09.2025 19:21:27,000	15,01	-6,29	-85,7	1,3	-3,0	0	-167,6
2609	11.09.2025 19:21:28,000	15,01	-6,29	-85,2	1,7	-3,1	0	-167,6
2610	11.09.2025 19:21:29,000	15,01	-6,29	-85,6	2,7	-1,7	0	-167,6
2611	11.09.2025 19:21:30,000	15,01	-6,29	-85,3	4,4	-0,3	0	-167,6
2612	11.09.2025 19:21:31,000	15,01	-6,29	-83,9	5,8	-0,2	0	-167,6
2613	11.09.2025 19:21:32,000	15,01	-6,29	-83,6	5,9	-0,6	0	-167,6
2614	11.09.2025 19:21:33,000	15,01	-6,29	-83,9	4,4	-1,6	0	-167,6
2615	11.09.2025 19:21:34,000	15,01	-6,29	-84,3	2,7	-3,0	0	-167,6
2616	11.09.2025 19:21:35,000	15,01	-6,29	-84,8	1,5	-3,7	0	-167,6
2617	11.09.2025 19:21:36,000	15,01	-6,29	-86,0	1,2	-2,8	0	-167,6
2618	11.09.2025 19:21:37,000	15,01	-6,29	-85,1	1,7	-3,3	0	-167,6
2619	11.09.2025 19:21:38,000	15,05	-6,29	-86,0	1,6	-2,4	0	-167,6
2620	11.09.2025 19:21:39,000	15,05	-6,29	-85,3	1,6	-3,1	0	-167,6
2621	11.09.2025 19:21:40,000	15,05	-6,29	-84,9	1,1	-3,9	0	-167,6
2622	11.09.2025 19:21:41,000	15,05	-6,29	-85,8	0,7	-3,6	0	-167,6
2623	11.09.2025 19:21:42,000	15,05	-6,29	-86,3	0,1	-3,6	0	-167,6
2624	11.09.2025 19:21:43,000	15,05	-6,29	-85,9	0,4	-3,7	0	-167,6
2625	11.09.2025 19:21:44,000	15,05	-6,29	-86,1	0,7	-3,2	0	-167,6
2626	11.09.2025 19:21:45,000	15,05	-6,29	-86,1	0,8	-3,2	0	-167,6
2627	11.09.2025 19:21:46,000	15,05	-6,29	-86,0	1,1	-2,9	0	-167,6
2628	11.09.2025 19:21:47,000	15,05	-6,29	-85,9	2,0	-2,0	0	-167,6
2629	11.09.2025 19:21:48,000	15,05	-6,29	-85,2	3,5	-1,3	0	-167,6
2630	11.09.2025 19:21:49,000	15,08	-6,29	-84,6	3,9	-1,5	0	-167,6
2631	11.09.2025 19:21:50,000	15,08	-6,29	-84,9	3,0	-2,0	0	-167,6
2632	11.09.2025 19:21:51,000	15,08	-6,29	-84,4	1,9	-3,7	0	-167,6
2633	11.09.2025 19:21:52,000	15,08	-6,29	-85,1	-0,4	-4,5	0	-167,6
2634	11.09.2025 19:21:53,000	15,08	-6,29	-83,8	-1,2	-5,0	0	-167,6
2635	11.09.2025 19:21:54,000	15,08	-6,29	-84,7	-0,6	-4,7	0	-167,6
2636	11.09.2025 19:21:55,000	15,08	-6,29	-85,3	0,8	-3,9	0	-167,6
2637	11.09.2025 19:21:56,000	15,08	-6,29	-85,5	1,9	-2,6	0	-167,6
2638	11.09.2025 19:21:57,000	15,08	-6,29	-85,4	2,3	-2,4	0	-167,6
2639	11.09.2025 19:21:58,000	15,08	-6,29	-84,0	1,8	-4,2	0	-167,6
2640	11.09.2025 19:21:59,000	15,08	-6,29	-86,5	0,8	-2,7	0	-167,6
2641	11.09.2025 19:22:00,000	15,08	-6,29	-86,5	0,7	-2,8	0	-167,6
2642	11.09.2025 19:22:01,000	15,08	-6,29	-86,0	1,0	-3,0	0	-167,6
2643	11.09.2025 19:22:02,000	15,11	-6,29	-85,6	1,4	-2,9	0	-167,6
2644	11.09.2025 19:22:03,000	15,11	-6,29	-85,6	1,5	-2,9	0	-167,6
2645	11.09.2025 19:22:04,000	15,11	-6,29	-85,9	1,7	-2,5	0	-167,6
2646	11.09.2025 19:22:05,000	15,11	-6,29	-85,5	1,7	-2,8	0	-167,6
2647	11.09.2025 19:22:06,000	15,11	-6,29	-84,9	2,0	-3,1	0	-167,6
2648	11.09.2025 19:22:07,000	15,11	-6,29	-85,1	1,8	-3,1	0	-167,6
2649	11.09.2025 19:22:08,000	15,11	-6,29	-84,6	2,0	-3,4	0	-167,6
2650	11.09.2025 19:22:09,000	15,11	-6,29	-85,1	1,6	-3,3	0	-167,6
2651	11.09.2025 19:22:10,000	15,11	-6,29	-85,6	0,7	-3,7	0	-167,6
2652	11.09.2025 19:22:11,000	15,11	-6,29	-85,2	1,4	-3,4	0	-167,6
2653	11.09.2025 19:22:12,000	15,11	-6,29	-85,3	1,2	-3,5	0	-167,6
2654	11.09.2025 19:22:13,000	15,11	-6,29	-85,5	0,9	-3,7	0	-167,6
2655	11.09.2025 19:22:14,000	15,14	-6,29	-85,8	0,8	-3,4	0	-167,6
2656	11.09.2025 19:22:15,000	15,14	-6,29	-85,7	0,8	-3,5	0	-167,6
2657	11.09.2025 19:22:16,000	15,14	-6,29	-85,3	0,8	-3,9	0	-167,6
2658	11.09.2025 19:22:17,000	15,14	-6,29	-86,0	0,2	-3,7	0	-167,6
2659	11.09.2025 19:22:18,000	15,14	-6,29	-86,2	0,6	-3,2	0	-167,6
2660	11.09.2025 19:22:19,000	15,14	-6,29	-85,7	1,7	-2,6	0	-167,6
2661	11.09.2025 19:22:20,000	15,14	-6,29	-85,1	2,4	-2,5	0	-167,6
2662	11.09.2025 19:22:21,000	15,14	-6,29	-85,8	2,5	-1,7	0	-167,6
2663	11.09.2025 19:22:22,000	15,14	-6,29	-85,3	2,4	-2,3	0	-167,6
2664	11.09.2025 19:22:23,000	15,14	-6,29	-85,1	1,5	-3,4	0	-167,6
2665	11.09.2025 19:22:24,000	15,14	-6,29	-85,1	1,2	-3,7	0	-167,6
2666	11.09.2025 19:22:25,000	15,14	-6,29	-86,0	0,8	-3,1	0	-167,6
2667	11.09.2025 19:22:26,000	15,17	-6,29	-84,5	2,1	-3,5	0	-167,6
2668	11.09.2025 19:22:27,000	15,17	-6,29	-83,9	3,0	-3,1	0	-167,6
2669	11.09.2025 19:22:28,000	15,17	-6,29	-84,7	2,0	-3,4	0	-167,6
2670	11.09.2025 19:22:29,000	15,17	-6,29	-84,8	1,8	-3,4	0	-167,6
2671	11.09.2025 19:22:30,000	15,17	-6,29	-84,9	2,1	-3,0	0	-167,6
2672	11.09.2025 19:22:31,000	15,17	-6,29	-85,8	1,5	-2,7	0	-167,6
2673	11.09.2025 19:22:32,000	15,17	-6,29	-85,7	1,6	-2,7	0	-167,6
2674	11.09.2025 19:22:33,000	15,17	-6,29	-86,0	1,3	-2,8	0	-167,6
2675	11.09.2025 19:22:34,000	15,17	-6,29	-86,5	1,3	-2,2	0	-167,6
2676	11.09.2025 19:22:35,000	15,17	-6,29	-85,5	1,0	-3,5	0	-167,6
2677	11.09.2025 19:22:36,000	15,17	-6,29	-85,1	0,6	-4,3	0	-167,6
2678	11.09.2025 19:22:37,000	15,17	-6,29	-85,0	-0,7	-4,3	0	-167,6
2679	11.09.2025 19:22:38,000	15,17	-6,29	-86,2	0,2	-3,5	0	-167,6
2680	11.09.2025 19:22:39,000	15,17	-6,29	-86,1	1,2	-2,6	0	-167,6
2681	11.09.2025 19:22:40,000	15,20	-6,29	-85,1	3,4	-1,6	0	-167,6
2682	11.09.2025 19:22:41,000	15,20	-6,29	-84,3	3,9	-1,9	0	-167,6
2683	11.09.2025 19:22:42,000	15,20	-6,29	-84,3	3,5	-2,2	0	-167,6
2684	11.09.2025 19:22:43,000	15,20	-6,29	-85,1	2,5	-2,5	0	-167,6
2685	11.09.2025 19:22:44,000	15,20	-6,29	-84,9	1,6	-3,5	0	-167,6
2686	11.09.2025 19:22:45,000	15,20	-6,29	-85,3	0,7	-4,0	0	-167,6
2687	11.09.2025 19:22:46,000	15,20	-6,29	-85,4	0,1	-4,5	0	-167,6
2688	11.09.2025 19:22:47,000	15,20	-6,29	-84,1	-1,0	-4,9	0	-167,6
2689	11.09.2025 19:22:48,000	15,20	-6,29	-84,1	-1,2	-4,7	0	-167,6
2690	11.09.2025 19:22:49,000	15,20	-6,29	-86,4	-0,4	-3,2	0	-167,6
2691	11.09.2025 19:22:50,000	15,20	-6,29	-85,3	2,1	-2,6	0	-167,6
2692	11.09.2025 19:22:51,000	15,20	-6,29	-85,6	2,9	-1,5	0	-167,6
2693	11.09.2025 19:22:52,000	15,20	-6,29	-84,6	3,3	-2,1	0	-167,6
2694	11.09.2025 19:22:53,000	15,20	-6,29	-85,0	2,0	-3,0	0	-167,6
2695	11.09.2025 19:22:54,000	15,20	-6,29	-85,9	0,7	-3,4	0	-167,6
2696	11.09.2025 19:22:55,000	15,20	-6,29	-86,6	0,1	-3,3	0	-167,6
2697	11.09.2025 19:22:56,000	15,20	-6,29	-85,8	0,4	-3,8	0	-167,6
2698	11.09.2025 19:22:57,000	15,23	-6,29	-85,8	1,7	-2,5	0	-167,6
2699	11.09.2025 19:22:58,000	15,23	-6,29	-85,0	3,2	-1,7	0	-167,6
2700	11.09.2025 19:22:59,000	15,23	-6,29	-83,8	4,0	-2,2	0	-167,6
2701	11.09.2025 19:23:00,000	15,23	-6,29	-84,0	3,9	-2,2	0	-167,6
2702	11.09.2025 19:23:01,000	15,23	-6,29	-83,7	3,1	-3,2	0	-167,6
2703	11.09.2025 19:23:02,000	15,23	-6,29	-85,1	1,2	-3,8	0	-167,6
2704	11.09.2025 19:23:03,000	15,23	-6,29	-85,7	0,4	-3,9	0	-167,6
2705	11.09.2025 19:23:04,000	15,23	-6,29	-86,2	0,3	-3,6	0	-167,6
2706	11.09.2025 19:23:05,000	15,23	-6,29	-85,6	1,2	-3,1	0	-167,6
2707	11.09.2025 19:23:06,000	15,23	-6,29	-86,1	1,5	-2,3	0	-167,6
2708	11.09.2025 19:23:07,000	15,23	-6,29	-85,0	1,8	-3,2	0	-167,6
2709	11.09.2025 19:23:08,000	15,23	-6,29	-85,3	1,4	-3,2	0	-167,6
2710	11.09.2025 19:23:09,000	15,23	-6,29	-85,9	1,1	-3,0	0	-167,6
2711	11.09.2025 19:23:10,000	15,23	-6,29	-85,9	1,2	-2,8	0	-167,6
2712	11.09.2025 19:23:11,000	15,26	-6,29	-85,4	1,9	-2,7	0	-167,6
2713	11.09.2025 19:23:12,000	15,26	-6,29	-85,3	3,4	-1,4	0	-167,6
2714	11.09.2025 19:23:13,000	15,26	-6,29	-83,9	4,4	-1,7	0	-167,6
2715	11.09.2025 19:23:14,000	15,26	-6,29	-84,4	3,6	-2,0	0	-167,6
2716	11.09.2025 19:23:15,000	15,26	-6,29	-83,9	3,0	-3,1	0	-167,6
2717	11.09.2025 19:23:16,000	15,26	-6,29	-84,9	1,4	-3,8	0	-167,6
2718	11.09.2025 19:23:17,000	15,26	-6,29	-85,2	1,1	-3,7	0	-167,6
2719	11.09.2025 19:23:18,000	15,26	-6,29	-84,7	1,2	-4,1	0	-167,6
2720	11.09.2025 19:23:19,000	15,26	-6,29	-85,0	1,2	-3,7	0	-167,6
2721	11.09.2025 19:23:20,000	15,26	-6,29	-85,7	0,7	-3,6	0	-167,6
2722	11.09.2025 19:23:21,000	15,26	-6,29	-85,1	1,9	-3,0	0	-167,6
2723	11.09.2025 19:23:22,000	15,26	-6,29	-85,1	2,5	-2,4	0	-167,6
2724	11.09.2025 19:23:23,000	15,26	-6,29	-84,9	2,7	-2,4	0	-167,6
2725	11.09.2025 19:23:24,000	15,26	-6,29	-85,1	2,2	-2,7	0	-167,6
2726	11.09.2025 19:23:25,000	15,26	-6,29	-85,9	1,6	-2,5	0	-167,6
2727	11.09.2025 19:23:26,000	15,26	-6,29	-85,6	1,0	-3,5	0	-167,6
2728	11.09.2025 19:23:27,000	15,26	-6,29	-84,8	0,7	-4,4	1	-167,6
2729	11.09.2025 19:23:28,000	15,26	-6,29	-85,3	1,5	-3,2	0	-167,6
2730	11.09.2025 19:23:29,000	15,29	-6,29	-85,4	1,7	-2,9	0	-167,6
2731	11.09.2025 19:23:30,000	15,29	-6,29	-84,2	2,7	-3,1	0	-167,6
2732	11.09.2025 19:23:31,000	15,29	-6,29	-85,4	2,0	-2,5	0	-167,6
2733	11.09.2025 19:23:32,000	15,29	-6,29	-85,7	2,2	-2,1	0	-167,6
2734	11.09.2025 19:23:33,000	15,29	-6,29	-84,7	2,6	-2,7	0	-167,6
2735	11.09.2025 19:23:34,000	15,29	-6,29	-84,9	2,5	-2,6	0	-167,6
2736	11.09.2025 19:23:35,000	15,29	-6,29	-84,2	2,3	-3,4	0	-167,6
2737	11.09.2025 19:23:36,000	15,29	-6,29	-85,3	0,9	-3,7	0	-167,6
2738	11.09.2025 19:23:37,000	15,29	-6,29	-84,9	0,8	-4,2	0	-167,6
2739	11.09.2025 19:23:38,000	15,29	-6,29	-85,7	0,1	-4,2	0	-167,6
2740	11.09.2025 19:23:39,000	15,29	-6,29	-86,8	0,4	-2,8	0	-167,6
2741	11.09.2025 19:23:40,000	15,29	-6,29	-85,6	1,8	-2,6	0	-167,6
2742	11.09.2025 19:23:41,000	15,29	-6,29	-85,2	2,4	-2,4	0	-167,6
2743	11.09.2025 19:23:42,000	15,29	-6,29	-85,5	2,9	-1,7	0	-167,6
2744	11.09.2025 19:23:43,000	15,29	-6,29	-84,9	3,4	-1,7	0	-167,6
2745	11.09.2025 19:23:44,000	15,29	-6,29	-83,9	3,6	-2,5	0	-167,6
2746	11.09.2025 19:23:45,000	15,29	-6,29	-85,1	2,0	-3,0	0	-167,6
2747	11.09.2025 19:23:46,000	15,29	-6,29	-84,9	0,9	-4,2	0	-167,6
2748	11.09.2025 19:23:47,000	15,32	-6,29	-85,1	-0,5	-4,5	0	-167,6
2749	11.09.2025 19:23:48,000	15,32	-6,29	-86,3	-0,2	-3,4	0	-167,6
2750	11.09.2025 19:23:49,000	15,32	-6,29	-86,2	0,8	-3,0	0	-167,6
2751	11.09.2025 19:23:50,000	15,32	-6,29	-85,1	2,3	-2,6	0	-167,6
2752	11.09.2025 19:23:51,000	15,32	-6,29	-84,7	3,2	-2,1	0	-167,6
2753	11.09.2025 19:23:52,000	15,32	-6,29	-84,5	3,2	-2,3	0	-167,6
2754	11.09.2025 19:23:53,000	15,32	-6,29	-83,7	2,8	-3,5	0	-167,6
2755	11.09.2025 19:23:54,000	15,32	-6,29	-85,3	1,0	-3,7	0	-167,6
2756	11.09.2025 19:23:55,000	15,32	-6,29	-85,5	0,5	-4,0	0	-167,6
2757	11.09.2025 19:23:56,000	15,32	-6,29	-85,3	0,8	-3,9	0	-167,6
2758	11.09.2025 19:23:57,000	15,32	-6,29	-85,6	1,5	-2,9	0	-167,6
2759	11.09.2025 19:23:58,000	15,32	-6,29	-86,0	1,6	-2,4	0	-167,6
2760	11.09.2025 19:23:59,000	15,32	-6,29	-85,0	2,0	-3,0	0	-167,6
2761	11.09.2025 19:24:00,000	15,32	-6,29	-85,5	2,4	-2,1	0	-167,6
2762	11.09.2025 19:24:01,000	15,32	-6,29	-85,2	2,6	-2,2	0	-167,6
2763	11.09.2025 19:24:02,000	15,32	-6,29	-84,6	2,3	-3,2	0	-167,6
2764	11.09.2025 19:24:03,000	15,32	-6,29	-85,2	1,9	-2,9	0	-167,6
2765	11.09.2025 19:24:04,000	15,32	-6,29	-85,9	0,7	-3,4	0	-167,6
2766	11.09.2025 19:24:05,000	15,32	-6,29	-86,2	0,9	-2,9	0	-167,6
2767	11.09.2025 19:24:06,000	15,32	-6,29	-85,8	1,8	-2,4	0	-167,6
2768	11.09.2025 19:24:07,000	15,32	-6,29	-84,9	2,4	-2,7	0	-167,6
2769	11.09.2025 19:24:08,000	15,32	-6,29	-84,7	2,9	-2,4	0	-167,6
2770	11.09.2025 19:24:09,000	15,32	-6,29	-84,5	2,5	-3,0	0	-167,6
2771	11.09.2025 19:24:10,000	15,32	-6,29	-83,7	1,8	-4,4	0	-167,6
2772	11.09.2025 19:24:11,000	15,32	-6,29	-85,0	0,7	-4,2	0	-167,6
2773	11.09.2025 19:24:12,000	15,32	-6,29	-85,3	0,8	-4,0	0	-167,6
2774	11.09.2025 19:24:13,000	15,35	-6,29	-85,0	1,5	-3,5	0	-167,6
2775	11.09.2025 19:24:14,000	15,35	-6,29	-85,2	2,5	-2,3	0	-167,6
2776	11.09.2025 19:24:15,000	15,35	-6,29	-85,2	3,6	-1,3	0	-167,6
2777	11.09.2025 19:24:16,000	15,35	-6,29	-84,3	4,9	-0,8	0	-167,6
2778	11.09.2025 19:24:17,000	15,35	-6,29	-84,0	4,3	-1,7	0	-167,6
2779	11.09.2025 19:24:18,000	15,35	-6,29	-84,6	2,4	-3,0	0	-167,6
2780	11.09.2025 19:24:19,000	15,35	-6,29	-84,9	1,8	-3,2	0	-167,6
2781	11.09.2025 19:24:20,000	15,35	-6,29	-85,6	0,8	-3,6	0	-167,6
2782	11.09.2025 19:24:21,000	15,35	-6,29	-85,3	1,8	-2,9	0	-167,6
2783	11.09.2025 19:24:22,000	15,35	-6,29	-85,1	2,5	-2,4	0	-167,6
2784	11.09.2025 19:24:23,000	15,35	-6,29	-84,7	3,2	-2,1	0	-167,6
2785	11.09.2025 19:24:24,000	15,35	-6,29	-84,2	2,7	-3,1	0	-167,6
2786	11.09.2025 19:24:25,000	15,35	-6,29	-85,3	2,0	-2,6	0	-167,6
2787	11.09.2025 19:24:26,000	15,35	-6,29	-85,9	1,0	-3,0	0	-167,6
2788	11.09.2025 19:24:27,000	15,35	-6,29	-86,3	0,7	-3,0	0	-167,6
2789	11.09.2025 19:24:28,000	15,35	-6,29	-85,4	0,9	-3,8	0	-167,6
2790	11.09.2025 19:24:29,000	15,35	-6,29	-85,3	2,1	-2,6	0	-167,6
2791	11.09.2025 19:24:30,000	15,35	-6,29	-84,4	3,3	-2,3	0	-167,6
2792	11.09.2025 19:24:31,000	15,35	-6,29	-83,9	4,1	-2,1	0	-167,6
2793	11.09.2025 19:24:32,000	15,35	-6,29	-83,4	3,9	-2,7	0	-167,6
2794	11.09.2025 19:24:33,000	15,35	-6,29	-84,4	2,6	-3,0	0	-167,6
2795	11.09.2025 19:24:34,000	15,35	-6,29	-85,3	1,9	-2,9	0	-167,6
2796	11.09.2025 19:24:35,000	15,35	-6,29	-85,3	2,3	-2,4	0	-167,6
2797	11.09.2025 19:24:36,000	15,38	-6,29	-86,2	1,9	-1,9	0	-167,6
2798	11.09.2025 19:24:37,000	15,38	-6,29	-86,2	1,9	-1,9	0	-167,6
2799	11.09.2025 19:24:38,000	15,38	-6,29	-85,3	2,3	-2,4	0	-167,6
2800	11.09.2025 19:24:39,000	15,38	-6,29	-85,6	2,5	-1,9	0	-167,6
2801	11.09.2025 19:24:40,000	15,38	-6,29	-85,1	2,8	-2,1	0	-167,6
2802	11.09.2025 19:24:41,000	15,38	-6,29	-84,4	2,2	-3,4	0	-167,6
2803	11.09.2025 19:24:42,000	15,38	-6,29	-85,2	1,0	-3,8	0	-167,6
2804	11.09.2025 19:24:43,000	15,38	-6,29	-86,3	0,2	-3,6	0	-167,6
2805	11.09.2025 19:24:44,000	15,38	-6,29	-85,4	1,5	-3,1	0	-167,6
2806	11.09.2025 19:24:45,000	15,38	-6,29	-85,3	2,3	-2,4	0	-167,6
2807	11.09.2025 19:24:46,000	15,38	-6,29	-84,9	4,1	-1,0	0	-167,6
2808	11.09.2025 19:24:47,000	15,38	-6,29	-84,3	5,3	-0,4	0	-167,6
2809	11.09.2025 19:24:48,000	15,38	-6,29	-84,1	4,8	-1,2	0	-167,6
2810	11.09.2025 19:24:49,000	15,38	-6,29	-84,3	2,6	-3,1	0	-167,6
2811	11.09.2025 19:24:50,000	15,38	-6,29	-85,6	1,0	-3,3	0	-167,6
2812	11.09.2025 19:24:51,000	15,38	-6,29	-85,7	-0,4	-3,9	0	-167,6
2813	11.09.2025 19:24:52,000	15,38	-6,29	-85,2	-0,9	-3,9	0	-167,6
2814	11.09.2025 19:24:53,000	15,38	-6,29	-86,2	0,6	-3,2	0	-167,6
2815	11.09.2025 19:24:54,000	15,38	-6,29	-85,8	1,6	-2,6	0	-167,6
2816	11.09.2025 19:24:55,000	15,38	-6,29	-85,8	2,7	-1,5	0	-167,6
2817	11.09.2025 19:24:56,000	15,38	-6,29	-85,0	3,1	-1,9	0	-167,6
2818	11.09.2025 19:24:57,000	15,38	-6,29	-84,8	2,8	-2,4	0	-167,6
2819	11.09.2025 19:24:58,000	15,38	-6,29	-85,2	2,2	-2,6	0	-167,6
2820	11.09.2025 19:24:59,000	15,38	-6,29	-85,4	1,3	-3,3	0	-167,6
2821	11.09.2025 19:25:00,000	15,38	-6,29	-85,6	0,8	-3,6	0	-167,6
2822	11.09.2025 19:25:01,000	15,41	-6,29	-85,5	0,9	-3,6	0	-167,6
2823	11.09.2025 19:25:02,000	15,41	-6,29	-84,7	1,8	-3,5	0	-167,6
2824	11.09.2025 19:25:03,000	15,41	-6,29	-85,6	2,6	-1,8	0	-167,6
2825	11.09.2025 19:25:04,000	15,41	-6,29	-84,0	3,9	-2,0	0	-167,6
2826	11.09.2025 19:25:05,000	15,41	-6,29	-83,8	4,1	-2,2	0	-167,6
2827	11.09.2025 19:25:06,000	15,41	-6,29	-84,7	2,7	-2,6	0	-167,6
2828	11.09.2025 19:25:07,000	15,41	-6,29	-86,1	1,2	-2,8	0	-167,6
2829	11.09.2025 19:25:08,000	15,41	-6,29	-85,8	0,6	-3,6	0	-167,6
2830	11.09.2025 19:25:09,000	15,41	-6,29	-85,0	-0,9	-4,1	0	-167,6
2831	11.09.2025 19:25:10,000	15,41	-6,29	-84,2	-1,7	-4,1	0	-167,6
2832	11.09.2025 19:25:11,000	15,41	-6,29	-85,0	-1,0	-4,0	0	-167,6
2833	11.09.2025 19:25:12,000	15,41	-6,29	8,3	37,9	43,8	1	41,7
2834	11.09.2025 19:25:13,000	15,41	-6,29	28,7	39,4	21,9	1	59,1
2835	11.09.2025 19:25:14,000	15,41	-6,29	31,1	58,3	-0,6	0	90,7
2836	11.09.2025 19:25:15,000	15,41	-6,29	18,0	47,5	24,5	1	60,0
2837	11.09.2025 19:25:16,000	15,41	-6,29	22,1	-2,0	66,0	0	-2,2
2838	11.09.2025 19:25:17,000	15,44	-6,29	25,7	19,3	45,0	0	25,7
2839	11.09.2025 19:25:18,000	15,44	-6,29	-0,3	-5,6	84,1	0	-5,6
2840	11.09.2025 19:25:19,000	15,44	-6,29	-11,8	31,7	46,5	1	36,4
2841	11.09.2025 19:25:20,000	15,44	-6,29	-15,0	40,6	34,4	0	48,8
2842	11.09.2025 19:25:21,000	15,44	-6,29	15,3	32,3	42,4	0	38,8
2843	11.09.2025 19:25:22,000	15,44	-6,29	10,0	41,6	38,4	0	46,8
2844	11.09.2025 19:25:23,000	15,44	-6,29	-16,1	3,2	70,7	1	3,4
2845	11.09.2025 19:25:24,000	15,44	-6,29	-47,2	-0,4	42,4	1	-0,5
2846	11.09.2025 19:25:25,000	15,44	-6,29	-21,1	0,5	68,4	0	0,6
2847	11.09.2025 19:25:26,000	15,44	-6,29	-22,3	-38,6	29,1	1	-51,7
2848	11.09.2025 19:25:27,000	15,47	-6,29	8,7	37,2	44,1	0	41,1
2849	11.09.2025 19:25:28,000	15,47	-6,29	-20,1	28,7	41,1	0	36,6
2850	11.09.2025 19:25:29,000	15,78	-6,29	21,1	36,9	32,0	1	48,4
2851	11.09.2025 19:25:30,000	16,02	-6,29	14,1	25,8	50,1	1	30,2
2852	11.09.2025 19:25:31,000	16,11	-6,29	-8,2	22,2	59,6	0	24,3
2853	11.09.2025 19:25:32,000	16,11	-6,29	3,7	50,2	36,2	1	52,3
2854	11.09.2025 19:25:33,000	16,14	-6,29	-22,4	56,4	11,2	0	76,4
2855	11.09.2025 19:25:34,000	16,14	-6,29	-28,7	41,0	20,4	0	61,5
2856	11.09.2025 19:25:35,000	16,17	-6,29	-15,4	45,1	29,5	0	54,7
2857	11.09.2025 19:25:36,000	16,17	-6,29	-16,4	39,9	33,7	1	48,9
2858	11.09.2025 19:25:37,000	16,17	-6,29	-16,1	44,0	29,9	0	53,9
2859	11.09.2025 19:25:38,000	16,17	-6,29	-20,6	51,0	18,5	0	67,1
2860	11.09.2025 19:25:39,000	16,17	-6,29	-20,2	38,8	31,0	0	50,3
2861	11.09.2025 19:25:40,000	16,17	-6,29	-18,8	44,2	27,0	0	56,4
2862	11.09.2025 19:25:41,000	16,17	-6,29	-13,8	37,0	39,2	0	43,6
2863	11.09.2025 19:25:42,000	16,17	-6,29	-15,4	43,2	31,4	0	52,4
2864	11.09.2025 19:25:43,000	16,17	-6,29	-13,5	47,5	29,0	0	56,2
2865	11.09.2025 19:25:44,000	16,17	-6,29	-12,2	54,5	23,4	0	63,3
2866	11.09.2025 19:25:45,000	16,17	-6,29	-9,7	72,7	-7,6	1	98,2
2867	11.09.2025 19:25:46,000	16,17	-6,29	-8,2	72,8	-9,0	0	99,7
2868	11.09.2025 19:25:47,000	16,17	-6,29	-8,5	73,5	-8,0	0	98,6
2869	11.09.2025 19:25:48,000	16,17	-6,29	-7,9	74,9	-7,2	0	97,6
2870	11.09.2025 19:25:49,000	16,17	-6,29	-8,2	73,8	-8,0	0	98,5
2871	11.09.2025 19:25:50,000	16,17	-6,29	-8,7	73,9	-7,4	0	97,9
2872	11.09.2025 19:25:51,000	16,17	-6,29	-8,0	74,9	-7,2	0	97,6
2873	11.09.2025 19:25:52,000	16,17	-6,29	-8,8	74,6	-6,6	0	97,0
2874	11.09.2025 19:25:53,000	16,20	-6,29	-9,2	77,0	-3,9	0	94,1
2875	11.09.2025 19:25:54,000	16,20	-6,29	-9,0	78,0	-3,0	0	93,2
2876	11.09.2025 19:25:55,000	16,20	-6,29	-8,3	78,8	-2,9	0	93,1
2877	11.09.2025 19:25:56,000	16,20	-6,29	-7,7	78,0	-4,3	0	94,5
2878	11.09.2025 19:25:57,000	16,20	-6,29	-6,7	77,8	-5,5	0	95,7
2879	11.09.2025 19:25:58,000	16,20	-6,29	-6,3	76,9	-6,7	0	97,1
2880	11.09.2025 19:25:59,000	16,20	-6,29	-7,3	75,2	-7,5	0	98,0
2881	11.09.2025 19:26:00,000	16,20	-6,29	-7,0	76,1	-6,9	0	97,3
2882	11.09.2025 19:26:01,000	16,20	-6,29	-7,5	76,4	-6,1	0	96,4
2883	11.09.2025 19:26:02,000	16,20	-6,29	-8,4	76,6	-4,9	0	95,2
2884	11.09.2025 19:26:03,000	16,20	-6,29	-7,9	76,8	-5,3	0	95,6
2885	11.09.2025 19:26:04,000	16,20	-6,29	-7,1	77,9	-5,0	0	95,2
2886	11.09.2025 19:26:05,000	16,20	-6,29	-7,8	76,9	-5,3	0	95,6
2887	11.09.2025 19:26:06,000	16,20	-6,29	-7,8	76,6	-5,6	0	95,9
2888	11.09.2025 19:26:07,000	16,20	-6,29	-7,5	76,8	-5,7	0	96,0
2889	11.09.2025 19:26:08,000	16,23	-6,29	-7,6	77,0	-5,5	0	95,7
2890	11.09.2025 19:26:09,000	16,23	-6,29	-7,1	77,6	-5,3	0	95,6
2891	11.09.2025 19:26:10,000	16,23	-6,29	-7,8	78,1	-4,2	0	94,3
2892	11.09.2025 19:26:11,000	16,23	-6,29	-6,8	78,1	-5,1	0	95,3
2893	11.09.2025 19:26:12,000	16,23	-6,29	-6,1	77,4	-6,5	0	96,8
2894	11.09.2025 19:26:13,000	16,23	-6,29	-6,4	76,3	-7,3	0	97,7
2895	11.09.2025 19:26:14,000	16,23	-6,29	-7,0	76,1	-7,0	0	97,3
2896	11.09.2025 19:26:15,000	16,23	-6,29	-6,0	77,4	-6,5	0	96,9
2897	11.09.2025 19:26:16,000	16,23	-6,29	-6,3	78,6	-5,0	0	95,3
2898	11.09.2025 19:26:17,000	16,23	-6,29	-6,5	79,7	-3,8	0	94,0
2899	11.09.2025 19:26:18,000	16,23	-6,29	-6,2	79,9	-3,9	0	94,1
2900	11.09.2025 19:26:19,000	16,23	-6,29	-6,5	78,5	-5,0	0	95,3
2901	11.09.2025 19:26:20,000	16,23	-6,29	-6,6	77,8	-5,7	0	96,0
2902	11.09.2025 19:26:21,000	16,23	-6,29	-7,0	76,7	-6,3	0	96,6
2903	11.09.2025 19:26:22,000	16,23	-6,29	-7,7	76,2	-6,1	0	96,5
2904	11.09.2025 19:26:23,000	16,23	-6,29	-7,3	77,5	-5,2	0	95,5
2905	11.09.2025 19:26:24,000	16,23	-6,29	-7,5	77,0	-5,6	0	95,9
2906	11.09.2025 19:26:25,000	16,23	-6,29	-7,3	76,5	-6,2	0	96,5
2907	11.09.2025 19:26:26,000	16,23	-6,29	-7,1	75,6	-7,3	0	97,7
2908	11.09.2025 19:26:27,000	16,23	-6,29	-6,3	76,0	-7,7	0	98,1
2909	11.09.2025 19:26:28,000	16,23	-6,29	-6,4	75,5	-8,2	0	98,6
2910	11.09.2025 19:26:29,000	16,27	-6,29	-6,9	75,7	-7,4	0	97,8
2911	11.09.2025 19:26:30,000	16,27	-6,29	-6,9	77,2	-5,9	0	96,2
2912	11.09.2025 19:26:31,000	16,27	-6,29	-7,0	79,4	-3,6	0	93,7
2913	11.09.2025 19:26:32,000	16,27	-6,29	-6,5	81,4	-2,2	0	92,2
2914	11.09.2025 19:26:33,000	16,27	-6,29	-6,1	81,8	-2,2	0	92,2
2915	11.09.2025 19:26:34,000	16,27	-6,29	-6,2	80,2	-3,6	0	93,8
2916	11.09.2025 19:26:35,000	16,27	-6,29	-5,8	79,3	-4,9	0	95,1
2917	11.09.2025 19:26:36,000	16,27	-6,29	-6,1	78,4	-5,4	0	95,7
2918	11.09.2025 19:26:37,000	16,27	-6,29	-6,8	76,9	-6,3	0	96,7
2919	11.09.2025 19:26:38,000	16,27	-6,29	-6,3	77,5	-6,3	0	96,6
2920	11.09.2025 19:26:39,000	16,27	-6,29	-7,1	77,3	-5,6	0	95,8
2921	11.09.2025 19:26:40,000	16,27	-6,29	-7,1	78,8	-4,0	0	94,2
2922	11.09.2025 19:26:41,000	16,27	-6,29	-6,6	79,3	-4,1	0	94,3
2923	11.09.2025 19:26:42,000	16,27	-6,29	-7,7	78,5	-3,8	0	94,0
2924	11.09.2025 19:26:43,000	16,27	-6,29	-6,8	78,3	-4,8	0	95,0
2925	11.09.2025 19:26:44,000	16,27	-6,29	-6,4	77,2	-6,4	0	96,8
2926	11.09.2025 19:26:45,000	16,27	-6,29	-6,9	76,1	-7,0	0	97,4
2927	11.09.2025 19:26:46,000	16,27	-6,29	-6,9	76,2	-6,9	0	97,3
2928	11.09.2025 19:26:47,000	16,30	-6,29	-6,2	77,5	-6,4	0	96,7
2929	11.09.2025 19:26:48,000	16,30	-6,29	-6,5	78,0	-5,5	0	95,8
2930	11.09.2025 19:26:49,000	16,30	-6,29	-6,2	78,7	-5,1	0	95,4
2931	11.09.2025 19:26:50,000	16,30	-6,29	-5,9	78,5	-5,6	0	95,8
2932	11.09.2025 19:26:51,000	16,30	-6,29	-5,9	78,8	-5,3	0	95,6
2933	11.09.2025 19:26:52,000	16,30	-6,29	-6,4	78,1	-5,5	0	95,8
2934	11.09.2025 19:26:53,000	16,30	-6,29	-53,8	-8,3	-28,0	0	-162,9
2935	11.09.2025 19:26:54,000	16,30	-6,29	-43,2	-6,3	-40,5	0	-170,3
2936	11.09.2025 19:26:55,000	16,30	-6,29	-58,6	-1,5	-29,8	0	-176,9
2937	11.09.2025 19:26:56,000	16,30	-6,29	-54,3	4,2	-31,5	0	172,0
2938	11.09.2025 19:26:57,000	16,30	-6,29	-58,6	-0,3	-31,1	0	-179,3
2939	11.09.2025 19:26:58,000	16,30	-6,29	-59,5	-0,9	-29,6	0	-178,1
2940	11.09.2025 19:26:59,000	16,30	-6,29	-57,1	-5,5	-27,4	0	-168,1
2941	11.09.2025 19:27:00,000	16,30	-6,29	-55,8	-5,4	-28,8	0	-168,8
2942	11.09.2025 19:27:01,000	16,30	-6,29	-53,9	-3,8	-32,3	0	-172,9
2943	11.09.2025 19:27:02,000	16,30	-6,29	-56,3	-6,2	-27,5	1	-166,7
2944	11.09.2025 19:27:03,000	16,30	-6,29	-58,4	-0,9	-30,7	0	-178,3
2945	11.09.2025 19:27:04,000	16,30	-6,29	-55,0	-4,1	-30,9	1	-172,0
2946	11.09.2025 19:27:05,000	16,30	-6,29	-58,2	0,2	-31,6	0	179,7
2947	11.09.2025 19:27:06,000	16,30	-6,29	-51,9	1,2	-36,9	0	178,0
2948	11.09.2025 19:27:07,000	16,30	-6,29	-56,9	-3,1	-30,0	0	-173,9
2949	11.09.2025 19:27:08,000	16,30	-6,29	-57,6	-1,1	-31,3	0	-177,9
2950	11.09.2025 19:27:09,000	16,33	-6,29	-57,0	-0,9	-32,1	0	-178,3
2951	11.09.2025 19:27:10,000	16,33	-6,29	-58,1	-0,2	-31,7	1	-179,6
2952	11.09.2025 19:27:11,000	16,33	-6,29	-56,1	-0,9	-33,0	0	-178,3
2953	11.09.2025 19:27:12,000	16,33	-6,29	-57,3	-3,6	-29,1	0	-172,5
2954	11.09.2025 19:27:13,000	16,33	-6,29	-57,6	-5,0	-27,3	0	-169,2
2955	11.09.2025 19:27:14,000	16,33	-6,29	-58,0	-4,1	-27,9	0	-171,2
2956	11.09.2025 19:27:15,000	16,33	-6,29	-57,4	-4,4	-28,3	0	-170,8
2957	11.09.2025 19:27:16,000	16,33	-6,29	-56,4	-5,9	-27,7	0	-167,5
2958	11.09.2025 19:27:17,000	16,33	-6,29	-58,3	-4,1	-27,6	0	-171,2
2959	11.09.2025 19:27:18,000	16,33	-6,29	-56,3	-5,6	-28,1	0	-168,2
2960	11.09.2025 19:27:19,000	16,33	-6,29	-56,4	-3,7	-29,9	0	-172,6
2961	11.09.2025 19:27:20,000	16,33	-6,29	-54,8	-5,0	-30,2	0	-170,1
2962	11.09.2025 19:27:21,000	16,33	-6,29	-57,4	-4,9	-27,7	0	-169,5
2963	11.09.2025 19:27:22,000	16,33	-6,29	-57,4	-5,3	-27,3	0	-168,5
2964	11.09.2025 19:27:23,000	16,33	-6,29	-57,0	-5,6	-27,3	0	-167,9
2965	11.09.2025 19:27:24,000	16,36	-6,29	-54,9	-3,3	-31,7	0	-173,7
2966	11.09.2025 19:27:25,000	16,36	-6,29	-55,6	-6,4	-27,9	0	-166,5
2967	11.09.2025 19:27:26,000	16,36	-6,29	-62,7	-5,5	-21,9	1	-166,5
2968	11.09.2025 19:27:27,000	16,36	-6,29	-56,0	-1,7	-32,3	0	-176,8
2969	11.09.2025 19:27:28,000	16,36	-6,29	-56,0	-4,3	-29,7	0	-171,3
2970	11.09.2025 19:27:29,000	16,36	-6,29	-59,6	-4,6	-25,9	0	-169,6
2971	11.09.2025 19:27:30,000	16,36	-6,29	-51,2	-4,8	-34,0	0	-171,5
2972	11.09.2025 19:27:31,000	16,36	-6,29	-51,3	-3,6	-35,1	0	-173,7
2973	11.09.2025 19:27:32,000	16,36	-6,29	-53,2	-5,4	-31,4	0	-169,6
2974	11.09.2025 19:27:33,000	16,36	-6,29	-59,7	-5,6	-24,7	0	-166,8
2975	11.09.2025 19:27:34,000	16,36	-6,29	-56,7	-5,3	-28,0	0	-168,8
2976	11.09.2025 19:27:35,000	16,36	-6,29	-57,2	-2,7	-30,1	0	-174,6
2977	11.09.2025 19:27:36,000	16,36	-6,29	18,7	58,1	-13,2	1	105,7
2978	11.09.2025 19:27:37,000	16,36	-6,29	4,5	65,6	-20,0	0	110,9
2979	11.09.2025 19:27:38,000	16,36	-6,29	2,7	67,1	-20,2	0	110,8
2980	11.09.2025 19:27:39,000	16,36	-6,29	0,9	68,7	-20,5	0	110,6
2981	11.09.2025 19:27:40,000	16,36	-6,29	0,1	69,9	-20,1	0	110,1
2982	11.09.2025 19:27:41,000	16,36	-6,29	-0,8	69,1	-20,2	0	110,3
2983	11.09.2025 19:27:42,000	16,36	-6,29	0,3	70,3	-19,4	0	109,5
2984	11.09.2025 19:27:43,000	16,36	-6,29	1,6	68,3	-20,1	0	110,4
2985	11.09.2025 19:27:44,000	16,39	-6,29	2,4	67,6	-20,0	0	110,5
2986	11.09.2025 19:27:45,000	16,39	-6,29	2,8	66,8	-20,4	0	111,0
2987	11.09.2025 19:27:46,000	16,39	-6,29	2,8	67,8	-19,5	0	110,0
2988	11.09.2025 19:27:47,000	16,39	-6,29	2,7	67,9	-19,4	0	109,9
2989	11.09.2025 19:27:48,000	16,39	-6,29	2,7	67,4	-19,9	0	110,5
2990	11.09.2025 19:27:49,000	16,39	-6,29	2,8	67,6	-19,6	0	110,2
2991	11.09.2025 19:27:50,000	16,39	-6,29	2,4	67,7	-19,9	0	110,4
2992	11.09.2025 19:27:51,000	16,39	-6,29	1,6	68,7	-19,7	0	110,0
2993	11.09.2025 19:27:52,000	16,39	-6,29	1,2	68,6	-20,1	0	110,4
2994	11.09.2025 19:27:53,000	16,39	-6,29	0,8	68,9	-20,2	0	110,4
2995	11.09.2025 19:27:54,000	16,39	-6,29	0,6	69,3	-20,1	0	110,2
2996	11.09.2025 19:27:55,000	16,39	-6,29	0,8	68,8	-20,4	0	110,6
2997	11.09.2025 19:27:56,000	16,39	-6,29	1,4	68,8	-19,8	0	110,1
2998	11.09.2025 19:27:57,000	16,39	-6,29	2,0	68,7	-19,4	0	109,8
2999	11.09.2025 19:27:58,000	16,39	-6,29	3,3	67,3	-19,5	0	110,2
3000	11.09.2025 19:27:59,000	16,39	-6,29	4,1	66,9	-19,0	0	109,8
3001	11.09.2025 19:28:00,000	16,39	-6,29	3,6	66,4	-19,9	0	110,7
3002	11.09.2025 19:28:01,000	16,39	-6,29	2,7	67,3	-20,0	0	110,6
3003	11.09.2025 19:28:02,000	16,39	-6,29	1,7	68,4	-19,9	0	110,3
3004	11.09.2025 19:28:03,000	16,39	-6,29	1,2	68,8	-19,9	0	110,2
3005	11.09.2025 19:28:04,000	16,42	-6,29	1,4	69,0	-19,6	0	109,9
3006	11.09.2025 19:28:05,000	16,42	-6,29	1,1	69,0	-19,9	0	110,2
3007	11.09.2025 19:28:06,000	16,42	-6,29	1,9	68,2	-19,8	0	110,3
3008	11.09.2025 19:28:07,000	16,42	-6,29	2,7	67,8	-19,5	0	110,0
3009	11.09.2025 19:28:08,000	16,42	-6,29	3,1	67,4	-19,5	0	110,1
3010	11.09.2025 19:28:09,000	16,42	-6,29	3,2	66,9	-19,9	0	110,6
3011	11.09.2025 19:28:10,000	16,42	-6,29	3,0	67,8	-19,2	0	109,9
3012	11.09.2025 19:28:11,000	16,42	-6,29	1,8	68,7	-19,5	0	109,9
3013	11.09.2025 19:28:12,000	16,42	-6,29	2,1	68,6	-19,4	0	109,8
3014	11.09.2025 19:28:13,000	16,42	-6,29	1,5	68,2	-20,3	0	110,6
3015	11.09.2025 19:28:14,000	16,42	-6,29	0,3	68,5	-21,2	0	111,3
3016	11.09.2025 19:28:15,000	16,42	-6,29	0,6	69,9	-19,5	0	109,6
3017	11.09.2025 19:28:16,000	16,42	-6,29	1,9	69,0	-19,1	0	109,5
3018	11.09.2025 19:28:17,000	16,42	-6,29	3,4	66,9	-19,7	0	110,4
3019	11.09.2025 19:28:18,000	16,42	-6,29	4,9	65,8	-19,3	0	110,3
3020	11.09.2025 19:28:19,000	16,42	-6,29	4,7	65,6	-19,7	0	110,7
3021	11.09.2025 19:28:20,000	16,42	-6,29	3,4	65,9	-20,7	0	111,5
3022	11.09.2025 19:28:21,000	16,42	-6,29	2,2	67,4	-20,3	0	110,8
3023	11.09.2025 19:28:22,000	16,42	-6,29	1,0	69,3	-19,6	0	109,9
3024	11.09.2025 19:28:23,000	16,42	-6,29	-0,2	70,3	-19,5	0	109,5
3025	11.09.2025 19:28:24,000	16,42	-6,29	0,0	70,7	-19,3	0	109,3
3026	11.09.2025 19:28:25,000	16,42	-6,29	0,5	69,6	-19,9	0	110,0
3027	11.09.2025 19:28:26,000	16,42	-6,29	1,0	69,2	-19,8	0	110,0
3028	11.09.2025 19:28:27,000	16,42	-6,29	1,3	69,5	-19,1	0	109,4
3029	11.09.2025 19:28:28,000	16,42	-6,29	2,0	68,0	-20,0	0	110,4
3030	11.09.2025 19:28:29,000	16,42	-6,29	1,9	67,8	-20,2	0	110,7
3031	11.09.2025 19:28:30,000	16,45	-6,29	2,6	68,0	-19,4	0	110,0
3032	11.09.2025 19:28:31,000	16,45	-6,29	2,6	67,5	-19,9	0	110,4
3033	11.09.2025 19:28:32,000	16,45	-6,29	1,8	67,6	-20,6	0	111,0
3034	11.09.2025 19:28:33,000	16,45	-6,29	2,3	67,8	-19,9	0	110,4
3035	11.09.2025 19:28:34,000	16,45	-6,29	1,2	68,9	-19,9	0	110,2
3036	11.09.2025 19:28:35,000	16,45	-6,29	0,9	68,9	-20,2	0	110,4
3037	11.09.2025 19:28:36,000	16,45	-6,29	1,3	69,4	-19,3	0	109,6
3038	11.09.2025 19:28:37,000	16,45	-6,29	2,2	68,5	-19,3	0	109,8
3039	11.09.2025 19:28:38,000	16,45	-6,29	2,2	68,0	-19,8	0	110,3
3040	11.09.2025 19:28:39,000	16,45	-6,29	2,5	67,0	-20,4	0	111,0
3041	11.09.2025 19:28:40,000	16,45	-6,29	1,0	68,4	-20,6	0	110,9
3042	11.09.2025 19:28:41,000	16,45	-6,29	0,3	69,4	-20,3	0	110,3
3043	11.09.2025 19:28:42,000	16,45	-6,29	0,6	70,6	-18,9	0	109,0
3044	11.09.2025 19:28:43,000	16,45	-6,29	0,5	70,0	-19,5	0	109,6
3045	11.09.2025 19:28:44,000	16,45	-6,29	2,0	68,6	-19,4	0	109,9
3046	11.09.2025 19:28:45,000	16,45	-6,29	3,3	67,2	-19,5	0	110,2
3047	11.09.2025 19:28:46,000	16,45	-6,29	3,7	66,8	-19,5	0	110,3
3048	11.09.2025 19:28:47,000	16,45	-6,29	3,8	66,5	-19,7	0	110,5
3049	11.09.2025 19:28:48,000	16,45	-6,29	3,3	66,8	-19,9	0	110,6
3050	11.09.2025 19:28:49,000	16,45	-6,29	2,0	67,8	-20,2	0	110,6
3051	11.09.2025 19:28:50,000	16,45	-6,29	1,0	68,4	-20,6	0	110,8
3052	11.09.2025 19:28:51,000	16,45	-6,29	-0,3	68,9	-20,8	0	110,9
3053	11.09.2025 19:28:52,000	16,48	-6,29	-1,2	70,1	-18,8	0	109,0
3054	11.09.2025 19:28:53,000	16,48	-6,29	0,0	70,4	-19,6	0	109,6
3055	11.09.2025 19:28:54,000	16,48	-6,29	2,1	69,2	-18,7	0	109,1
3056	11.09.2025 19:28:55,000	16,48	-6,29	3,6	67,4	-19,0	0	109,7
3057	11.09.2025 19:28:56,000	16,48	-6,29	5,1	64,7	-20,1	0	111,3
3058	11.09.2025 19:28:57,000	16,48	-6,29	4,6	64,9	-20,5	0	111,6
3059	11.09.2025 19:28:58,000	16,48	-6,29	2,9	66,8	-20,2	0	110,9
3060	11.09.2025 19:28:59,000	16,48	-6,29	0,6	68,1	-21,3	0	111,5
3061	11.09.2025 19:29:00,000	16,48	-6,29	-0,8	69,0	-20,1	0	110,3
3062	11.09.2025 19:29:01,000	16,48	-6,29	-0,3	71,8	-18,0	0	108,0
3063	11.09.2025 19:29:02,000	16,48	-6,29	1,8	69,9	-18,4	0	108,7
3064	11.09.2025 19:29:03,000	16,48	-6,29	4,0	66,6	-19,4	0	110,3
3065	11.09.2025 19:29:04,000	16,48	-6,29	4,6	65,2	-20,1	0	111,2
3066	11.09.2025 19:29:05,000	16,48	-6,29	3,9	65,9	-20,2	0	111,0
3067	11.09.2025 19:29:06,000	16,48	-6,29	1,2	68,2	-20,5	0	110,8
3068	11.09.2025 19:29:07,000	16,48	-6,29	0,3	69,3	-20,4	0	110,5
3069	11.09.2025 19:29:08,000	16,48	-6,29	0,0	69,8	-20,2	0	110,2
3070	11.09.2025 19:29:09,000	16,48	-6,29	0,8	69,4	-19,8	0	109,9
3071	11.09.2025 19:29:10,000	16,48	-6,29	1,5	67,9	-20,7	0	111,0
3072	11.09.2025 19:29:11,000	16,48	-6,29	1,6	68,1	-20,3	0	110,7
3073	11.09.2025 19:29:12,000	16,48	-6,29	0,8	69,0	-20,2	0	110,4
3074	11.09.2025 19:29:13,000	16,48	-6,29	0,2	69,5	-20,3	0	110,4
3075	11.09.2025 19:29:14,000	16,48	-6,29	2,1	69,1	-18,8	0	109,2
3076	11.09.2025 19:29:15,000	16,48	-6,29	3,2	68,0	-18,7	0	109,4
3077	11.09.2025 19:29:16,000	16,48	-6,29	3,1	66,5	-20,3	0	111,1
3078	11.09.2025 19:29:17,000	16,48	-6,29	3,2	66,7	-20,0	0	110,8
3079	11.09.2025 19:29:18,000	16,51	-6,29	2,8	67,3	-19,9	0	110,5
3080	11.09.2025 19:29:19,000	16,48	-6,29	1,2	67,9	-20,9	0	111,2
3081	11.09.2025 19:29:20,000	16,48	-6,29	0,1	69,5	-20,4	0	110,4
3082	11.09.2025 19:29:21,000	16,51	-6,29	0,0	70,4	-19,5	0	109,5
3083	11.09.2025 19:29:22,000	16,51	-6,29	1,1	68,7	-20,2	0	110,4
3084	11.09.2025 19:29:23,000	16,51	-6,29	2,7	68,5	-18,8	0	109,4
3085	11.09.2025 19:29:24,000	16,51	-6,29	3,6	67,1	-19,3	0	110,1
3086	11.09.2025 19:29:25,000	16,51	-6,29	3,4	66,0	-20,6	0	111,4
3087	11.09.2025 19:29:26,000	16,51	-6,29	2,5	67,2	-20,3	0	110,9
3088	11.09.2025 19:29:27,000	16,51	-6,29	0,9	69,6	-19,5	0	109,7
3089	11.09.2025 19:29:28,000	16,51	-6,29	0,3	69,2	-20,4	0	110,5
3090	11.09.2025 19:29:29,000	16,51	-6,29	0,3	70,0	-19,7	0	109,8
3091	11.09.2025 19:29:30,000	16,51	-6,29	0,9	69,9	-19,2	0	109,4
3092	11.09.2025 19:29:31,000	16,51	-6,29	2,2	68,0	-19,7	0	110,2
3093	11.09.2025 19:29:32,000	16,51	-6,29	2,7	66,8	-20,4	0	111,1
3094	11.09.2025 19:29:33,000	16,51	-6,29	2,9	67,4	-19,7	0	110,3
3095	11.09.2025 19:29:34,000	16,51	-6,29	1,7	68,5	-19,9	0	110,2
3096	11.09.2025 19:29:35,000	16,51	-6,29	1,4	68,4	-20,2	0	110,5
3097	11.09.2025 19:29:36,000	16,51	-6,29	0,8	69,7	-19,5	0	109,7
3098	11.09.2025 19:29:37,000	16,51	-6,29	1,0	69,6	-19,3	0	109,6
3099	11.09.2025 19:29:38,000	16,51	-6,29	0,8	69,9	-19,3	0	109,5
3100	11.09.2025 19:29:39,000	16,51	-6,29	1,7	69,1	-19,2	0	109,6
3101	11.09.2025 19:29:40,000	16,51	-6,29	1,2	68,6	-20,2	0	110,5
3102	11.09.2025 19:29:41,000	16,51	-6,29	1,0	68,7	-20,4	0	110,6
3103	11.09.2025 19:29:42,000	16,51	-6,29	1,0	69,0	-20,0	0	110,2
3104	11.09.2025 19:29:43,000	16,51	-6,29	0,7	68,9	-20,3	0	110,5
3105	11.09.2025 19:29:44,000	16,54	-6,29	1,7	68,5	-19,8	0	110,2
3106	11.09.2025 19:29:45,000	16,54	-6,29	2,6	67,8	-19,5	0	110,1
3107	11.09.2025 19:29:46,000	16,54	-6,29	2,7	67,7	-19,6	0	110,2
3108	11.09.2025 19:29:47,000	16,54	-6,29	2,4	67,8	-19,8	0	110,3
3109	11.09.2025 19:29:48,000	16,54	-6,29	1,7	68,4	-19,9	0	110,3
3110	11.09.2025 19:29:49,000	16,54	-6,29	0,5	70,0	-19,5	0	109,6
3111	11.09.2025 19:29:50,000	16,54	-6,29	0,9	69,0	-20,1	0	110,3
3112	11.09.2025 19:29:51,000	16,54	-6,29	0,9	69,5	-19,6	0	109,8
3113	11.09.2025 19:29:52,000	16,54	-6,29	2,0	68,4	-19,6	0	110,0
3114	11.09.2025 19:29:53,000	16,54	-6,29	2,0	68,0	-20,0	0	110,5
3115	11.09.2025 19:29:54,000	16,54	-6,29	2,1	67,5	-20,4	0	110,8
3116	11.09.2025 19:29:55,000	16,54	-6,29	1,7	67,6	-20,7	0	111,1
3117	11.09.2025 19:29:56,000	16,54	-6,29	2,1	68,6	-19,3	0	109,7
3118	11.09.2025 19:29:57,000	16,54	-6,29	1,8	68,8	-19,3	0	109,7
3119	11.09.2025 19:29:58,000	16,54	-6,29	2,6	68,3	-19,1	0	109,7
3120	11.09.2025 19:29:59,000	16,54	-6,29	2,2	69,1	-18,7	0	109,1
3121	11.09.2025 19:30:00,000	16,54	-6,29	2,0	68,5	-19,4	0	109,9
3122	11.09.2025 19:30:01,000	16,54	-6,29	2,0	67,7	-20,2	0	110,7
3123	11.09.2025 19:30:02,000	16,54	-6,29	1,1	68,6	-20,3	0	110,6
3124	11.09.2025 19:30:03,000	16,54	-6,29	0,1	69,0	-20,8	0	110,8
3125	11.09.2025 19:30:04,000	16,54	-6,29	-0,4	68,4	-21,1	0	111,2
3126	11.09.2025 19:30:05,000	16,54	-6,29	-0,9	68,9	-20,2	0	110,4
3127	11.09.2025 19:30:06,000	16,54	-6,29	-0,1	70,8	-19,0	0	109,0
3128	11.09.2025 19:30:07,000	16,54	-6,29	0,8	69,7	-19,6	0	109,7
3129	11.09.2025 19:30:08,000	16,54	-6,29	2,3	68,2	-19,5	0	110,0
3130	11.09.2025 19:30:09,000	16,54	-6,29	3,2	67,5	-19,3	0	110,0
3131	11.09.2025 19:30:10,000	16,54	-6,29	3,4	66,9	-19,7	0	110,4
3132	11.09.2025 19:30:11,000	16,57	-6,29	2,5	66,8	-20,8	0	111,4
3133	11.09.2025 19:30:12,000	16,54	-6,29	1,2	68,6	-20,2	0	110,4
3134	11.09.2025 19:30:13,000	16,57	-6,29	0,3	69,9	-19,8	0	109,9
3135	11.09.2025 19:30:14,000	16,57	-6,29	-0,9	68,4	-20,7	0	110,9
3136	11.09.2025 19:30:15,000	16,57	-6,29	-0,7	69,7	-19,7	0	109,8
3137	11.09.2025 19:30:16,000	16,57	-6,29	-0,1	70,7	-19,2	0	109,2
3138	11.09.2025 19:30:17,000	16,57	-6,29	1,6	69,8	-18,6	0	108,9
3139	11.09.2025 19:30:18,000	16,57	-6,29	2,8	67,1	-20,0	0	110,7
3140	11.09.2025 19:30:19,000	16,57	-6,29	2,9	66,9	-20,3	0	110,9
3141	11.09.2025 19:30:20,000	16,57	-6,29	1,3	68,2	-20,5	0	110,8
3142	11.09.2025 19:30:21,000	16,57	-6,29	-0,3	69,5	-20,3	0	110,3
3143	11.09.2025 19:30:22,000	16,57	-6,29	-1,2	68,0	-20,7	0	111,0
3144	11.09.2025 19:30:23,000	16,57	-6,29	-1,6	69,3	-19,1	0	109,4
3145	11.09.2025 19:30:24,000	16,57	-6,29	0,4	70,2	-19,4	0	109,5
3146	11.09.2025 19:30:25,000	16,57	-6,29	2,4	68,4	-19,2	0	109,7
3147	11.09.2025 19:30:26,000	16,57	-6,29	3,8	66,8	-19,4	0	110,2
3148	11.09.2025 19:30:27,000	16,57	-6,29	4,2	65,2	-20,6	0	111,5
3149	11.09.2025 19:30:28,000	16,57	-6,29	4,0	65,9	-20,0	0	110,9
3150	11.09.2025 19:30:29,000	16,57	-6,29	2,7	67,3	-20,0	0	110,6
3151	11.09.2025 19:30:30,000	16,57	-6,29	0,6	68,6	-20,8	0	110,9
3152	11.09.2025 19:30:31,000	16,57	-6,29	-0,2	70,7	-19,1	0	109,2
3153	11.09.2025 19:30:32,000	16,57	-6,29	0,0	70,8	-19,2	0	109,2
3154	11.09.2025 19:30:33,000	16,57	-6,29	0,9	69,6	-19,4	0	109,6
3155	11.09.2025 19:30:34,000	16,57	-6,29	2,7	68,7	-18,6	0	109,2
3156	11.09.2025 19:30:35,000	16,57	-6,29	3,3	66,6	-20,1	0	110,8
3157	11.09.2025 19:30:36,000	16,60	-6,29	2,6	67,3	-20,1	0	110,6
3158	11.09.2025 19:30:37,000	16,60	-6,29	1,6	67,7	-20,7	0	111,1
3159	11.09.2025 19:30:38,000	16,60	-6,29	0,6	69,0	-20,4	0	110,5
3160	11.09.2025 19:30:39,000	16,60	-6,29	0,0	70,3	-19,7	0	109,7
3161	11.09.2025 19:30:40,000	16,60	-6,29	0,5	69,7	-19,8	0	109,9
3162	11.09.2025 19:30:41,000	16,60	-6,29	1,1	69,3	-19,6	0	109,9
3163	11.09.2025 19:30:42,000	16,60	-6,29	1,4	68,8	-19,8	0	110,1
3164	11.09.2025 19:30:43,000	16,60	-6,29	0,5	68,7	-20,8	0	110,9
3165	11.09.2025 19:30:44,000	16,60	-6,29	-0,6	69,2	-20,3	0	110,4
3166	11.09.2025 19:30:45,000	16,60	-6,29	-1,1	69,4	-19,5	0	109,8
3167	11.09.2025 19:30:46,000	16,60	-6,29	-0,4	70,1	-19,4	0	109,5
3168	11.09.2025 19:30:47,000	16,60	-6,29	1,3	70,0	-18,7	0	109,0
3169	11.09.2025 19:30:48,000	16,60	-6,29	2,8	67,3	-20,0	0	110,6
3170	11.09.2025 19:30:49,000	16,60	-6,29	3,7	66,1	-20,2	0	111,0
3171	11.09.2025 19:30:50,000	16,60	-6,29	2,7	66,6	-20,7	0	111,3
3172	11.09.2025 19:30:51,000	16,60	-6,29	1,0	68,6	-20,4	0	110,6
3173	11.09.2025 19:30:52,000	16,60	-6,29	-0,3	69,6	-20,1	0	110,2
3174	11.09.2025 19:30:53,000	16,60	-6,29	-0,6	69,8	-19,6	0	109,7
3175	11.09.2025 19:30:54,000	16,60	-6,29	-0,8	70,2	-19,0	0	109,2
3176	11.09.2025 19:30:55,000	16,60	-6,29	0,3	69,9	-19,8	0	109,8
3177	11.09.2025 19:30:56,000	16,60	-6,29	1,9	68,6	-19,5	0	109,9
3178	11.09.2025 19:30:57,000	16,60	-6,29	3,2	67,1	-19,7	0	110,4
3179	11.09.2025 19:30:58,000	16,60	-6,29	3,3	66,9	-19,9	0	110,6
3180	11.09.2025 19:30:59,000	16,60	-6,29	2,9	66,7	-20,4	0	111,1
3181	11.09.2025 19:31:00,000	16,60	-6,29	1,2	67,5	-21,3	0	111,6
3182	11.09.2025 19:31:01,000	16,60	-6,29	0,5	69,9	-19,6	0	109,7
3183	11.09.2025 19:31:02,000	16,60	-6,29	-0,4	70,5	-19,1	0	109,2
3184	11.09.2025 19:31:03,000	16,60	-6,29	0,1	69,7	-20,2	0	110,2
3185	11.09.2025 19:31:04,000	16,60	-6,29	0,1	70,0	-19,9	0	109,9
3186	11.09.2025 19:31:05,000	16,63	-6,29	0,4	70,2	-19,5	0	109,6
3187	11.09.2025 19:31:06,000	16,63	-6,29	1,0	69,1	-19,9	0	110,1
3188	11.09.2025 19:31:07,000	16,63	-6,29	1,6	68,4	-20,1	0	110,4
3189	11.09.2025 19:31:08,000	16,63	-6,29	3,0	67,6	-19,4	0	110,1
3190	11.09.2025 19:31:09,000	16,63	-6,29	3,2	66,8	-20,0	0	110,7
3191	11.09.2025 19:31:10,000	16,63	-6,29	3,1	66,9	-20,0	0	110,7
3192	11.09.2025 19:31:11,000	16,63	-6,29	2,7	67,0	-20,4	0	111,0
3193	11.09.2025 19:31:12,000	16,63	-6,29	1,5	68,7	-19,8	0	110,1
3194	11.09.2025 19:31:13,000	16,63	-6,29	0,9	69,4	-19,7	0	109,9
3195	11.09.2025 19:31:14,000	16,63	-6,29	1,1	69,5	-19,4	0	109,6
3196	11.09.2025 19:31:15,000	16,63	-6,29	13,8	60,8	-15,4	0	107,5
3197	11.09.2025 19:31:16,000	16,63	-6,29	-0,1	67,2	-22,7	0	112,8
3198	11.09.2025 19:31:17,000	16,63	-6,29	-1,3	66,5	-22,2	0	112,5
3199	11.09.2025 19:31:18,000	16,63	-6,29	-1,5	66,7	-21,8	0	112,1
3200	11.09.2025 19:31:19,000	16,63	-6,29	-1,2	67,3	-21,6	0	111,8
3201	11.09.2025 19:31:20,000	16,63	-6,29	-0,1	68,5	-21,4	0	111,5
3202	11.09.2025 19:31:21,000	16,63	-6,29	1,1	66,3	-22,6	0	112,9
3203	11.09.2025 19:31:22,000	16,63	-6,29	1,4	66,6	-22,0	0	112,4
3204	11.09.2025 19:31:23,000	16,63	-6,29	1,8	66,5	-21,7	0	112,1
3205	11.09.2025 19:31:24,000	16,63	-6,29	1,0	66,1	-23,0	0	113,2
3206	11.09.2025 19:31:25,000	16,63	-6,29	0,9	65,9	-23,1	0	113,4
3207	11.09.2025 19:31:26,000	16,63	-6,29	0,2	68,1	-21,6	0	111,7
3208	11.09.2025 19:31:27,000	16,63	-6,29	-0,3	67,2	-22,4	0	112,5
3209	11.09.2025 19:31:28,000	16,63	-6,29	-0,4	66,4	-23,1	0	113,2
3210	11.09.2025 19:31:29,000	16,63	-6,29	-0,6	67,5	-21,9	0	112,1
3211	11.09.2025 19:31:30,000	16,63	-6,29	-1,1	66,5	-22,4	0	112,7
3212	11.09.2025 19:31:31,000	16,63	-6,29	-0,2	67,8	-22,0	0	112,0
3213	11.09.2025 19:31:32,000	16,66	-6,29	0,5	67,8	-21,7	0	111,8
3214	11.09.2025 19:31:33,000	16,66	-6,29	1,2	66,4	-22,4	0	112,7
3215	11.09.2025 19:31:34,000	16,66	-6,29	1,3	65,8	-22,9	0	113,2
3216	11.09.2025 19:31:35,000	16,66	-6,29	-0,4	66,7	-22,9	0	113,0
3217	11.09.2025 19:31:36,000	16,66	-6,29	-1,6	66,5	-21,9	0	112,3
3218	11.09.2025 19:31:37,000	16,66	-6,29	0,4	68,2	-21,4	0	111,5
3219	11.09.2025 19:31:38,000	16,66	-6,29	0,7	68,7	-20,5	0	110,7
3220	11.09.2025 19:31:39,000	16,66	-6,29	2,4	67,8	-19,8	0	110,3
3221	11.09.2025 19:31:40,000	16,66	-6,29	3,3	65,3	-21,4	0	112,2
3222	11.09.2025 19:31:41,000	16,66	-6,29	4,4	64,9	-20,8	0	111,8
3223	11.09.2025 19:31:42,000	16,66	-6,29	5,0	64,7	-20,3	0	111,4
3224	11.09.2025 19:31:43,000	16,66	-6,29	3,9	65,0	-21,1	0	112,0
3225	11.09.2025 19:31:44,000	16,66	-6,29	3,0	66,0	-21,1	0	111,8
3226	11.09.2025 19:31:45,000	16,66	-6,29	1,0	68,9	-20,2	0	110,4
3227	11.09.2025 19:31:46,000	16,66	-6,29	1,1	68,2	-20,6	0	110,9
3228	11.09.2025 19:31:47,000	16,66	-6,29	0,8	69,1	-20,1	0	110,3
3229	11.09.2025 19:31:48,000	16,66	-6,29	1,7	68,6	-19,7	0	110,1
3230	11.09.2025 19:31:49,000	16,66	-6,29	2,6	66,1	-21,3	0	111,9
3231	11.09.2025 19:31:50,000	16,66	-6,29	4,2	65,6	-20,2	0	111,1
3232	11.09.2025 19:31:51,000	16,66	-6,29	3,7	64,6	-21,7	0	112,6
3233	11.09.2025 19:31:52,000	16,66	-6,29	2,2	65,5	-22,3	0	112,9
3234	11.09.2025 19:31:53,000	16,66	-6,29	0,9	68,3	-20,8	0	111,0
3235	11.09.2025 19:31:54,000	16,66	-6,29	0,6	68,6	-20,8	0	110,9
3236	11.09.2025 19:31:55,000	16,66	-6,29	1,8	68,3	-19,9	0	110,3
3237	11.09.2025 19:31:56,000	16,66	-6,29	3,4	66,6	-20,0	0	110,7
3238	11.09.2025 19:31:57,000	16,69	-6,29	5,3	64,0	-20,8	0	112,0
3239	11.09.2025 19:31:58,000	16,69	-6,29	5,9	62,8	-21,3	0	112,7
3240	11.09.2025 19:31:59,000	16,69	-6,29	4,7	64,0	-21,3	0	112,4
3241	11.09.2025 19:32:00,000	16,69	-6,29	3,1	65,5	-21,4	0	112,2
3242	11.09.2025 19:32:01,000	16,69	-6,29	1,1	67,6	-21,4	0	111,6
3243	11.09.2025 19:32:02,000	16,69	-6,29	-0,7	69,4	-19,9	0	110,0
3244	11.09.2025 19:32:03,000	16,69	-6,29	0,0	69,9	-20,1	0	110,1
3245	11.09.2025 19:32:04,000	16,69	-6,29	1,4	68,4	-20,1	0	110,4
3246	11.09.2025 19:32:05,000	16,69	-6,29	2,6	67,0	-20,4	0	111,0
3247	11.09.2025 19:32:06,000	16,69	-6,29	4,3	65,6	-20,2	0	111,1
3248	11.09.2025 19:32:07,000	16,69	-6,29	4,8	64,4	-20,8	0	111,9
3249	11.09.2025 19:32:08,000	16,69	-6,29	3,7	64,4	-21,9	0	112,8
3250	11.09.2025 19:32:09,000	16,69	-6,29	2,1	66,1	-21,8	0	112,3
3251	11.09.2025 19:32:10,000	16,69	-6,29	0,6	67,9	-21,5	0	111,7
3252	11.09.2025 19:32:11,000	16,69	-6,29	0,4	69,6	-20,1	0	110,2
3253	11.09.2025 19:32:12,000	16,69	-6,29	2,6	67,6	-19,8	0	110,4
3254	11.09.2025 19:32:13,000	16,69	-6,29	4,3	65,1	-20,6	0	111,6
3255	11.09.2025 19:32:14,000	16,69	-6,29	5,5	63,5	-21,0	0	112,3
3256	11.09.2025 19:32:15,000	16,69	-6,29	4,3	64,2	-21,5	0	112,6
3257	11.09.2025 19:32:16,000	16,69	-6,29	3,7	65,5	-20,8	0	111,6
3258	11.09.2025 19:32:17,000	16,69	-6,29	2,6	66,5	-21,0	0	111,6
3259	11.09.2025 19:32:18,000	16,69	-6,29	1,5	67,4	-21,0	0	111,4
3260	11.09.2025 19:32:19,000	16,69	-6,29	1,4	68,7	-19,9	0	110,2
3261	11.09.2025 19:32:20,000	16,69	-6,29	2,5	67,0	-20,5	0	111,1
3262	11.09.2025 19:32:21,000	16,69	-6,29	3,1	66,3	-20,6	0	111,3
3263	11.09.2025 19:32:22,000	16,69	-6,29	3,7	65,0	-21,3	0	112,2
3264	11.09.2025 19:32:23,000	16,69	-6,29	2,8	65,8	-21,3	0	112,0
3265	11.09.2025 19:32:24,000	16,69	-6,29	2,7	66,7	-20,6	0	111,2
3266	11.09.2025 19:32:25,000	16,69	-6,29	2,4	66,5	-21,1	0	111,7
3267	11.09.2025 19:32:26,000	16,69	-6,29	2,0	67,2	-20,7	0	111,2
3268	11.09.2025 19:32:27,000	16,72	-6,29	2,0	66,3	-21,6	0	112,1
3269	11.09.2025 19:32:28,000	16,72	-6,29	2,1	66,8	-21,2	0	111,6
3270	11.09.2025 19:32:29,000	16,72	-6,29	1,6	67,5	-21,0	0	111,3
3271	11.09.2025 19:32:30,000	16,72	-6,29	1,9	67,0	-21,1	0	111,5
3272	11.09.2025 19:32:31,000	16,72	-6,29	2,0	67,6	-20,4	0	110,9
3273	11.09.2025 19:32:32,000	16,72	-6,29	1,8	67,3	-20,9	0	111,3
3274	11.09.2025 19:32:33,000	16,72	-6,29	1,7	67,5	-20,8	0	111,2
3275	11.09.2025 19:32:34,000	16,72	-6,29	1,5	68,3	-20,2	0	110,5
3276	11.09.2025 19:32:35,000	16,72	-6,29	2,2	67,6	-20,2	0	110,7
3277	11.09.2025 19:32:36,000	16,72	-6,29	1,6	67,4	-20,9	0	111,3
3278	11.09.2025 19:32:37,000	16,72	-6,29	1,8	68,5	-19,7	0	110,1
3279	11.09.2025 19:32:38,000	16,72	-6,29	2,2	66,6	-21,1	0	111,6
3280	11.09.2025 19:32:39,000	16,72	-6,29	2,3	66,9	-20,8	0	111,3
3281	11.09.2025 19:32:40,000	16,72	-6,29	3,3	66,2	-20,6	0	111,3
3282	11.09.2025 19:32:41,000	16,72	-6,29	4,8	64,9	-20,2	0	111,3
3283	11.09.2025 19:32:42,000	16,72	-6,29	5,8	63,2	-21,0	0	112,3
3284	11.09.2025 19:32:43,000	16,72	-6,29	6,3	63,3	-20,4	0	111,8
3285	11.09.2025 19:32:44,000	16,72	-6,29	5,9	62,8	-21,4	0	112,7
3286	11.09.2025 19:32:45,000	16,72	-6,29	4,1	64,4	-21,4	0	112,4
3287	11.09.2025 19:32:46,000	16,72	-6,29	2,0	66,3	-21,7	0	112,2
3288	11.09.2025 19:32:47,000	16,72	-6,29	1,0	68,1	-21,0	0	111,2
3289	11.09.2025 19:32:48,000	16,72	-6,29	0,5	69,0	-20,5	0	110,6
3290	11.09.2025 19:32:49,000	16,72	-6,29	1,0	68,7	-20,3	0	110,5
3291	11.09.2025 19:32:50,000	16,72	-6,29	2,9	66,9	-20,1	0	110,8
3292	11.09.2025 19:32:51,000	16,72	-6,29	3,8	65,1	-21,1	0	112,0
3293	11.09.2025 19:32:52,000	16,72	-6,29	4,8	64,8	-20,4	0	111,5
3294	11.09.2025 19:32:53,000	16,72	-6,29	4,7	64,2	-21,1	0	112,2
3295	11.09.2025 19:32:54,000	16,72	-6,29	3,4	64,7	-21,9	0	112,8
3296	11.09.2025 19:32:55,000	16,72	-6,29	1,7	67,7	-20,5	0	110,9
3297	11.09.2025 19:32:56,000	16,72	-6,29	1,2	67,8	-21,0	0	111,3
3298	11.09.2025 19:32:57,000	16,72	-6,29	0,5	69,0	-20,5	0	110,6
3299	11.09.2025 19:32:58,000	16,75	-6,29	2,8	67,6	-19,6	0	110,2
3300	11.09.2025 19:32:59,000	16,75	-6,29	4,7	65,3	-19,9	0	111,0
3301	11.09.2025 19:33:00,000	16,75	-6,29	6,3	62,5	-21,2	0	112,7
3302	11.09.2025 19:33:01,000	16,75	-6,29	6,3	62,3	-21,4	0	112,9
3303	11.09.2025 19:33:02,000	16,75	-6,29	5,1	63,0	-21,9	0	113,1
3304	11.09.2025 19:33:03,000	16,75	-6,29	1,9	65,5	-22,6	0	113,0
3305	11.09.2025 19:33:04,000	16,75	-6,29	0,0	68,9	-21,1	0	111,1
3306	11.09.2025 19:33:05,000	16,75	-6,29	-1,2	69,1	-19,7	0	109,9
3307	11.09.2025 19:33:06,000	16,75	-6,29	0,1	70,1	-19,8	0	109,8
3308	11.09.2025 19:33:07,000	16,75	-6,29	2,5	67,3	-20,2	0	110,8
3309	11.09.2025 19:33:08,000	16,75	-6,29	4,5	65,8	-19,7	0	110,7
3310	11.09.2025 19:33:09,000	16,75	-6,29	5,0	64,2	-20,7	0	111,9
3311	11.09.2025 19:33:10,000	16,75	-6,29	5,2	63,5	-21,3	0	112,6
3312	11.09.2025 19:33:11,000	16,75	-6,29	4,4	64,9	-20,6	0	111,7
3313	11.09.2025 19:33:12,000	16,75	-6,29	2,9	66,7	-20,4	0	111,0
3314	11.09.2025 19:33:13,000	16,75	-6,29	1,7	66,8	-21,4	0	111,8
3315	11.09.2025 19:33:14,000	16,75	-6,29	0,8	68,3	-20,9	0	111,0
3316	11.09.2025 19:33:15,000	16,75	-6,29	1,6	67,8	-20,6	0	111,0
3317	11.09.2025 19:33:16,000	16,75	-6,29	2,2	67,5	-20,3	0	110,8
3318	11.09.2025 19:33:17,000	16,75	-6,29	2,3	66,9	-20,8	0	111,3
3319	11.09.2025 19:33:18,000	16,75	-6,29	3,4	65,9	-20,7	0	111,5
3320	11.09.2025 19:33:19,000	16,75	-6,29	4,6	65,1	-20,3	0	111,4
3321	11.09.2025 19:33:20,000	16,75	-6,29	5,3	63,7	-21,0	0	112,2
3322	11.09.2025 19:33:21,000	16,75	-6,29	5,7	62,4	-21,9	0	113,3
3323	11.09.2025 19:33:22,000	16,75	-6,29	4,7	64,2	-21,1	0	112,2
3324	11.09.2025 19:33:23,000	16,75	-6,29	3,7	65,1	-21,2	0	112,1
3325	11.09.2025 19:33:24,000	16,75	-6,29	3,3	66,2	-20,6	0	111,3
3326	11.09.2025 19:33:25,000	16,75	-6,29	2,8	67,2	-20,0	0	110,7
3327	11.09.2025 19:33:26,000	16,75	-6,29	3,4	66,5	-20,1	0	110,8
3328	11.09.2025 19:33:27,000	16,75	-6,29	3,6	65,7	-20,7	0	111,6
3329	11.09.2025 19:33:28,000	16,75	-6,29	3,5	65,8	-20,7	0	111,5
3330	11.09.2025 19:33:29,000	16,78	-6,29	2,9	66,5	-20,6	0	111,2
3331	11.09.2025 19:33:30,000	16,78	-6,29	2,5	66,8	-20,7	0	111,3
3332	11.09.2025 19:33:31,000	16,78	-6,29	2,1	67,0	-20,9	0	111,4
3333	11.09.2025 19:33:32,000	16,78	-6,29	0,7	67,7	-21,6	0	111,8
3334	11.09.2025 19:33:33,000	16,78	-6,29	0,9	68,0	-21,1	0	111,3
3335	11.09.2025 19:33:34,000	16,78	-6,29	1,3	68,7	-20,0	0	110,3
3336	11.09.2025 19:33:35,000	16,78	-6,29	2,1	67,7	-20,2	0	110,7
3337	11.09.2025 19:33:36,000	16,78	-6,29	3,3	66,6	-20,1	0	110,8
3338	11.09.2025 19:33:37,000	16,78	-6,29	4,1	65,3	-20,5	0	111,5
3339	11.09.2025 19:33:38,000	16,78	-6,29	4,5	64,2	-21,2	0	112,3
3340	11.09.2025 19:33:39,000	16,78	-6,29	3,6	65,0	-21,3	0	112,2
3341	11.09.2025 19:33:40,000	16,78	-6,29	3,0	65,3	-21,7	0	112,4
3342	11.09.2025 19:33:41,000	16,78	-6,29	2,8	66,9	-20,2	0	110,9
3343	11.09.2025 19:33:42,000	16,78	-6,29	3,6	65,6	-20,9	0	111,7
3344	11.09.2025 19:33:43,000	16,78	-6,29	3,8	65,2	-20,9	0	111,8
3345	11.09.2025 19:33:44,000	16,78	-6,29	3,9	66,1	-20,0	0	110,8
3346	11.09.2025 19:33:45,000	16,78	-6,29	4,5	65,2	-20,2	0	111,3
3347	11.09.2025 19:33:46,000	16,78	-6,29	3,8	65,2	-21,0	0	111,9
3348	11.09.2025 19:33:47,000	16,78	-6,29	2,6	66,8	-20,6	0	111,2
3349	11.09.2025 19:33:48,000	16,78	-6,29	1,8	67,6	-20,6	0	111,0
3350	11.09.2025 19:33:49,000	16,78	-6,29	0,8	68,3	-20,9	0	111,0
3351	11.09.2025 19:33:50,000	16,78	-6,29	0,5	69,6	-19,9	0	110,0
3352	11.09.2025 19:33:51,000	16,78	-6,29	2,0	68,1	-19,9	0	110,3
3353	11.09.2025 19:33:52,000	16,78	-6,29	3,3	66,0	-20,6	0	111,4
3354	11.09.2025 19:33:53,000	16,78	-6,29	4,7	64,6	-20,7	0	111,7
3355	11.09.2025 19:33:54,000	16,78	-6,29	5,3	63,6	-21,1	0	112,4
3356	11.09.2025 19:33:55,000	16,78	-6,29	5,0	63,7	-21,3	0	112,5
3357	11.09.2025 19:33:56,000	16,78	-6,29	3,5	64,8	-21,7	0	112,6
3358	11.09.2025 19:33:57,000	16,78	-6,29	2,0	66,7	-21,3	0	111,8
3359	11.09.2025 19:33:58,000	16,78	-6,29	1,1	68,5	-20,4	0	110,7
3360	11.09.2025 19:33:59,000	16,78	-6,29	0,8	69,0	-20,2	0	110,4
3361	11.09.2025 19:34:00,000	16,78	-6,29	2,6	67,9	-19,5	0	110,1
3362	11.09.2025 19:34:01,000	16,78	-6,29	4,5	65,1	-20,5	0	111,5
3363	11.09.2025 19:34:02,000	16,78	-6,29	5,1	63,5	-21,4	0	112,6
3364	11.09.2025 19:34:03,000	16,78	-6,29	5,1	63,6	-21,3	0	112,5
3365	11.09.2025 19:34:04,000	16,78	-6,29	4,5	63,9	-21,6	0	112,7
3366	11.09.2025 19:34:05,000	16,78	-6,29	3,9	65,4	-20,7	0	111,6
3367	11.09.2025 19:34:06,000	16,78	-6,29	2,5	66,3	-21,2	0	111,8
3368	11.09.2025 19:34:07,000	16,78	-6,29	1,2	68,0	-20,8	0	111,1
3369	11.09.2025 19:34:08,000	16,78	-6,29	1,6	68,8	-19,6	0	109,9
3370	11.09.2025 19:34:09,000	16,78	-6,29	2,8	67,4	-19,8	0	110,4
3371	11.09.2025 19:34:10,000	16,81	-6,29	4,4	65,1	-20,5	0	111,5
3372	11.09.2025 19:34:11,000	16,81	-6,29	3,7	64,4	-21,8	0	112,7
3373	11.09.2025 19:34:12,000	16,81	-6,29	3,8	64,4	-21,8	0	112,8
3374	11.09.2025 19:34:13,000	16,81	-6,29	24,2	56,7	-9,1	1	101,0
3375	11.09.2025 19:34:14,000	16,81	-6,29	-45,8	-6,0	38,2	1	-9,7
3376	11.09.2025 19:34:15,000	16,81	-6,29	-21,3	9,6	59,2	0	11,3
3377	11.09.2025 19:34:16,000	16,84	-6,29	-21,6	12,7	55,7	0	15,4
3378	11.09.2025 19:34:17,000	16,87	-6,29	-7,4	64,7	17,9	0	70,7
3379	11.09.2025 19:34:18,000	16,99	-6,29	-37,8	26,1	26,1	1	45,0
3380	11.09.2025 19:34:19,000	17,14	-6,29	-64,2	1,7	24,1	0	45,0
3381	11.09.2025 19:34:20,000	17,17	-6,29	-34,2	42,3	13,5	1	70,5
3382	11.09.2025 19:34:21,000	17,17	-6,29	-50,6	-15,5	23,9	0	-33,5
3383	11.09.2025 19:34:22,000	17,17	-6,29	62,7	-5,1	22,2	1	-33,5
3384	11.09.2025 19:34:23,000	17,20	-6,29	36,8	15,8	37,4	0	24,5
3385	11.09.2025 19:34:24,000	17,32	-6,29	9,5	7,9	72,6	0	8,5
3386	11.09.2025 19:34:25,000	17,59	-6,29	15,3	13,2	61,5	0	15,2
3387	11.09.2025 19:34:26,000	17,86	-6,29	21,0	13,9	55,1	0	16,9
3388	11.09.2025 19:34:27,000	18,10	-6,29	-4,9	-23,9	61,2	0	-25,2
3389	11.09.2025 19:34:28,000	18,34	-6,29	-21,1	-59,8	9,2	1	-79,2
3390	11.09.2025 19:34:29,000	18,49	-6,29	13,4	-47,7	29,0	0	-56,3
3391	11.09.2025 19:34:30,000	18,58	-6,29	-16,6	-56,7	16,7	0	-70,3
3392	11.09.2025 19:34:31,000	18,63	-6,29	-0,2	-45,7	44,1	0	-45,8
3393	11.09.2025 19:34:32,000	18,66	-6,29	8,1	-23,3	58,5	0	-25,5
3394	11.09.2025 19:34:33,000	18,69	-6,29	4,5	-83,9	-1,6	1	-91,6
3395	11.09.2025 19:34:34,000	18,69	-6,29	7,3	48,1	-34,7	1	127,7
3396	11.09.2025 19:34:35,000	18,72	-6,29	6,5	46,8	36,7	0	50,4
3397	11.09.2025 19:34:36,000	18,78	-6,29	6,2	20,2	63,5	0	21,6
3398	11.09.2025 19:34:37,000	18,84	-6,29	-71,9	10,2	8,0	1	21,6
