Ship Number,Trip Number,Tow Number
AVALON VOYAGER,3,11
Comments
"ZONE12"
CPU Date and Time,GPS Date,GPS Time,Latitude,Longitude,Speed,Heading,Validity,Transducer Name,Sensor Name,Sensor Value,Error Code,Hydrophone,Signal Strength
,13-Aug-2025,221130,48 14.448300 N,064 18.334600 W,4.0,4.3,A,,,,,,
,13-Aug-2025,221131,48 14.449400 N,064 18.334400 W,3.9,4.2,A,,,,,,
,13-Aug-2025,221132,48 14.450300 N,064 18.334000 W,3.9,4.6,A,,,,,,
,13-Aug-2025,221133,48 14.451200 N,064 18.333700 W,3.8,5.0,A,,,,,,
,13-Aug-2025,221134,48 14.452100 N,064 18.333500 W,3.8,5.3,A,,,,,,
,13-Aug-2025,221135,48 14.453000 N,064 18.333400 W,3.8,5.3,A,,,,,,
,13-Aug-2025,221136,48 14.454000 N,064 18.333200 W,3.8,5.4,A,,,,,,
,13-Aug-2025,221137,48 14.455000 N,064 18.333000 W,3.8,5.6,A,,,,,,
,13-Aug-2025,221138,48 14.456100 N,064 18.332600 W,3.8,6.2,A,,,,,,
,13-Aug-2025,221139,48 14.457200 N,064 18.332200 W,3.8,6.7,A,,,,,,
,13-Aug-2025,221140,48 14.458300 N,064 18.331700 W,3.8,7.2,A,,,,,,
,13-Aug-2025,221141,48 14.459400 N,064 18.331300 W,3.8,7.5,A,,,,,,
Wed Aug 13 19:11:39 2025,13-Aug-2025,221142,48 14.460400 N,064 18.331000 W,3.8,7.7,A,Primary,Headline,3.244898,D,P,32210.000000
Wed Aug 13 19:11:39 2025,13-Aug-2025,221143,48 14.461500 N,064 18.330700 W,3.8,7.9,A,Primary,Headline,3.244898,D,P,32210.000000
Wed Aug 13 19:11:39 2025,13-Aug-2025,221144,48 14.462600 N,064 18.330400 W,3.8,8.1,A,Primary,Headline,3.244898,D,P,32210.000000
Wed Aug 13 19:11:39 2025,13-Aug-2025,221145,48 14.463700 N,064 18.330000 W,3.8,8.2,A,Primary,Headline,3.244898,D,P,32210.000000
Wed Aug 13 19:11:43 2025,13-Aug-2025,221146,48 14.464700 N,064 18.329600 W,3.7,8.5,A,Depth,Depth,13.240741,D,S,24990.000000
Wed Aug 13 19:11:44 2025,13-Aug-2025,221147,48 14.465800 N,064 18.329200 W,3.7,8.8,A,Primary,Headline,4.775510,D,P,27919.000000
Wed Aug 13 19:11:44 2025,13-Aug-2025,221148,48 14.466800 N,064 18.328900 W,3.7,9.1,A,Primary,Headline,4.775510,D,P,27919.000000
Wed Aug 13 19:11:44 2025,13-Aug-2025,221149,48 14.467900 N,064 18.328600 W,3.6,9.2,A,Primary,Headline,4.775510,D,P,27919.000000
Wed Aug 13 19:11:44 2025,13-Aug-2025,221150,48 14.469000 N,064 18.328400 W,3.6,9.1,A,Primary,Headline,4.775510,D,P,27919.000000
Wed Aug 13 19:11:44 2025,13-Aug-2025,221151,48 14.470000 N,064 18.328100 W,3.5,9.2,A,Primary,Headline,4.775510,D,P,27919.000000
Wed Aug 13 19:11:50 2025,13-Aug-2025,221152,48 14.471100 N,064 18.327900 W,3.5,9.5,A,Primary,Headline,4.163265,D,P,26018.000000
Wed Aug 13 19:11:50 2025,13-Aug-2025,221153,48 14.472100 N,064 18.327700 W,3.5,10.2,A,Depth,Depth,14.537037,D,P,35893.000000
Wed Aug 13 19:11:50 2025,13-Aug-2025,221154,48 14.473100 N,064 18.327600 W,3.5,10.6,A,Depth,Depth,14.537037,D,P,35893.000000
Wed Aug 13 19:11:50 2025,13-Aug-2025,221155,48 14.474000 N,064 18.327500 W,3.4,10.6,A,Depth,Depth,14.537037,D,P,35893.000000
Wed Aug 13 19:11:50 2025,13-Aug-2025,221156,48 14.474900 N,064 18.327700 W,3.4,9.9,A,Depth,Depth,14.537037,D,P,35893.000000
Wed Aug 13 19:11:55 2025,13-Aug-2025,221157,48 14.475800 N,064 18.327700 W,3.4,9.4,A,Primary,Headline,8.163265,D,S,13830.000000
Wed Aug 13 19:11:55 2025,13-Aug-2025,221158,48 14.476800 N,064 18.327400 W,3.4,9.4,A,Primary,Headline,6.428571,D,P,55716.000000
Wed Aug 13 19:11:55 2025,13-Aug-2025,221159,48 14.477600 N,064 18.327000 W,3.4,9.7,A,Primary,Headline,6.428571,D,P,55716.000000
Wed Aug 13 19:11:55 2025,13-Aug-2025,221200,48 14.478500 N,064 18.326600 W,3.3,9.8,A,Primary,Headline,6.428571,D,P,55716.000000
Wed Aug 13 19:11:55 2025,13-Aug-2025,221201,48 14.479300 N,064 18.326400 W,3.3,9.7,A,Primary,Headline,6.428571,D,P,55716.000000
Wed Aug 13 19:11:55 2025,13-Aug-2025,221202,48 14.480200 N,064 18.326200 W,3.3,9.7,A,Primary,Headline,6.428571,D,P,55716.000000
Wed Aug 13 19:12:00 2025,13-Aug-2025,221203,48 14.481100 N,064 18.325900 W,3.4,9.9,A,Primary,Headline,9.346939,D,S,24066.000000
Wed Aug 13 19:12:00 2025,13-Aug-2025,221204,48 14.482100 N,064 18.325600 W,3.4,9.9,A,Primary,Headline,9.346939,D,S,24066.000000
Wed Aug 13 19:12:00 2025,13-Aug-2025,221205,48 14.483100 N,064 18.325300 W,3.5,10.0,A,Primary,Headline,9.346939,D,S,24066.000000
Wed Aug 13 19:12:00 2025,13-Aug-2025,221206,48 14.484100 N,064 18.325000 W,3.6,10.0,A,Primary,Headline,9.346939,D,S,24066.000000
Wed Aug 13 19:12:00 2025,13-Aug-2025,221207,48 14.485200 N,064 18.324800 W,3.7,9.9,A,Primary,Headline,9.346939,D,S,24066.000000
Wed Aug 13 19:12:05 2025,13-Aug-2025,221208,48 14.486400 N,064 18.324500 W,3.8,9.8,A,Primary,Headline,2.816327,D,S,24277.000000
Wed Aug 13 19:12:05 2025,13-Aug-2025,221209,48 14.487600 N,064 18.324300 W,3.9,9.7,A,Primary,Headline,2.816327,D,S,24277.000000
Wed Aug 13 19:12:05 2025,13-Aug-2025,221210,48 14.488800 N,064 18.324100 W,4.0,9.5,A,Primary,Headline,2.816327,D,S,24277.000000
Wed Aug 13 19:12:05 2025,13-Aug-2025,221211,48 14.490000 N,064 18.324100 W,4.1,9.0,A,Primary,Headline,2.816327,D,S,24277.000000
Wed Aug 13 19:12:05 2025,13-Aug-2025,221212,48 14.491300 N,064 18.324000 W,4.2,8.8,A,Primary,Headline,2.816327,D,S,24277.000000
Wed Aug 13 19:12:10 2025,13-Aug-2025,221213,48 14.492400 N,064 18.323700 W,4.3,9.1,A,Secondary,Headline,0.000000,E,S,17228.000000
Wed Aug 13 19:12:10 2025,13-Aug-2025,221214,48 14.493700 N,064 18.323300 W,4.4,9.7,A,Secondary,Headline,0.000000,E,S,17228.000000
Wed Aug 13 19:12:10 2025,13-Aug-2025,221215,48 14.494900 N,064 18.322900 W,4.5,9.8,A,Secondary,Headline,0.000000,E,S,17228.000000
Wed Aug 13 19:12:10 2025,13-Aug-2025,221216,48 14.496100 N,064 18.322600 W,4.5,9.4,A,Secondary,Headline,0.000000,E,S,17228.000000
Wed Aug 13 19:12:10 2025,13-Aug-2025,221217,48 14.497400 N,064 18.322400 W,4.6,8.9,A,Secondary,Headline,0.000000,E,S,17228.000000
Wed Aug 13 19:12:15 2025,13-Aug-2025,221218,48 14.498700 N,064 18.322200 W,4.8,8.5,A,Primary,Headline,10.183673,D,S,38312.000000
Wed Aug 13 19:12:15 2025,13-Aug-2025,221219,48 14.500000 N,064 18.321900 W,4.8,8.6,A,Primary,Headline,10.183673,D,S,38312.000000
Wed Aug 13 19:12:15 2025,13-Aug-2025,221220,48 14.501400 N,064 18.321300 W,4.9,9.4,A,Primary,Headline,10.183673,D,S,38312.000000
Wed Aug 13 19:12:18 2025,13-Aug-2025,221221,48 14.502700 N,064 18.320700 W,4.9,10.0,A,Depth,Depth,12.685185,D,P,34896.000000
Wed Aug 13 19:12:18 2025,13-Aug-2025,221222,48 14.504000 N,064 18.320200 W,4.9,10.3,A,Depth,Depth,12.685185,D,P,34896.000000
Wed Aug 13 19:12:20 2025,13-Aug-2025,221223,48 14.505400 N,064 18.319700 W,4.9,10.4,A,Primary,Headline,3.775510,D,P,44875.000000
Wed Aug 13 19:12:20 2025,13-Aug-2025,221224,48 14.506900 N,064 18.319500 W,5.0,9.6,A,Primary,Headline,3.775510,D,P,44875.000000
Wed Aug 13 19:12:20 2025,13-Aug-2025,221225,48 14.508300 N,064 18.319200 W,5.1,9.1,A,Primary,Headline,3.775510,D,P,44875.000000
Wed Aug 13 19:12:20 2025,13-Aug-2025,221226,48 14.509700 N,064 18.318800 W,5.1,9.0,A,Primary,Headline,3.775510,D,P,44875.000000
Wed Aug 13 19:12:20 2025,13-Aug-2025,221227,48 14.511000 N,064 18.318200 W,5.1,9.4,A,Primary,Headline,3.775510,D,P,44875.000000
Wed Aug 13 19:12:25 2025,13-Aug-2025,221228,48 14.512400 N,064 18.317400 W,5.1,10.1,A,Depth,Depth,12.870370,D,P,28086.000000
Wed Aug 13 19:12:25 2025,13-Aug-2025,221229,48 14.513800 N,064 18.316800 W,5.1,10.4,A,Depth,Depth,12.870370,D,P,28086.000000
Wed Aug 13 19:12:25 2025,13-Aug-2025,221230,48 14.515300 N,064 18.316400 W,5.2,9.7,A,Depth,Depth,12.870370,D,P,28086.000000
Wed Aug 13 19:12:25 2025,13-Aug-2025,221231,48 14.516800 N,064 18.316300 W,5.3,7.5,A,Depth,Depth,12.870370,D,P,28086.000000
Wed Aug 13 19:12:25 2025,13-Aug-2025,221232,48 14.518300 N,064 18.316100 W,5.3,6.2,A,Depth,Depth,12.870370,D,P,28086.000000
Wed Aug 13 19:12:31 2025,13-Aug-2025,221233,48 14.519600 N,064 18.315600 W,5.2,5.7,A,Primary,Headline,34.040816,D,P,155028.000000
Wed Aug 13 19:12:31 2025,13-Aug-2025,221234,48 14.520800 N,064 18.314900 W,5.2,5.9,A,Primary,Headline,34.040816,D,P,155028.000000
Wed Aug 13 19:12:32 2025,13-Aug-2025,221235,48 14.522100 N,064 18.314000 W,5.2,6.5,A,Depth,Depth,8.518519,D,P,55819.000000
Wed Aug 13 19:12:32 2025,13-Aug-2025,221236,48 14.523500 N,064 18.313400 W,5.2,7.2,A,Depth,Depth,8.518519,D,P,55819.000000
Wed Aug 13 19:12:32 2025,13-Aug-2025,221237,48 14.524900 N,064 18.313000 W,5.2,7.4,A,Depth,Depth,8.518519,D,P,55819.000000
Wed Aug 13 19:12:32 2025,13-Aug-2025,221238,48 14.526400 N,064 18.312900 W,5.3,7.3,A,Depth,Depth,8.518519,D,P,55819.000000
Wed Aug 13 19:12:36 2025,13-Aug-2025,221239,48 14.527900 N,064 18.312500 W,5.3,7.4,A,Primary,Headline,41.979592,D,P,105778.000000
Wed Aug 13 19:12:36 2025,13-Aug-2025,221240,48 14.529400 N,064 18.312100 W,5.3,7.8,A,Primary,Headline,41.979592,D,P,105778.000000
Wed Aug 13 19:12:36 2025,13-Aug-2025,221241,48 14.530700 N,064 18.311500 W,5.3,8.4,A,Primary,Headline,41.979592,D,P,105778.000000
Wed Aug 13 19:12:39 2025,13-Aug-2025,221242,48 14.532100 N,064 18.310700 W,5.2,9.4,A,Depth,Depth,11.944444,D,S,66286.000000
Wed Aug 13 19:12:39 2025,13-Aug-2025,221243,48 14.533400 N,064 18.310200 W,5.2,10.1,A,Depth,Depth,11.944444,D,S,66286.000000
Wed Aug 13 19:12:41 2025,13-Aug-2025,221244,48 14.534800 N,064 18.309800 W,5.2,10.3,A,Primary,Headline,2.714286,D,P,330374.000000
Wed Aug 13 19:12:41 2025,13-Aug-2025,221245,48 14.536300 N,064 18.309700 W,5.3,9.8,A,Primary,Headline,2.714286,D,P,330374.000000
Wed Aug 13 19:12:41 2025,13-Aug-2025,221246,48 14.537700 N,064 18.309400 W,5.2,9.6,A,Primary,Headline,2.714286,D,P,330374.000000
Wed Aug 13 19:12:41 2025,13-Aug-2025,221247,48 14.539100 N,064 18.308900 W,5.3,9.6,A,Primary,Headline,2.714286,D,P,330374.000000
Wed Aug 13 19:12:41 2025,13-Aug-2025,221248,48 14.540500 N,064 18.308300 W,5.3,9.8,A,Primary,Headline,2.714286,D,P,330374.000000
Wed Aug 13 19:12:46 2025,13-Aug-2025,221249,48 14.541900 N,064 18.307600 W,5.2,10.3,A,Primary,Headline,2.428571,D,S,59567.000000
Wed Aug 13 19:12:46 2025,13-Aug-2025,221250,48 14.543200 N,064 18.306900 W,5.2,10.6,A,Primary,Headline,2.428571,D,S,59567.000000
Wed Aug 13 19:12:46 2025,13-Aug-2025,221251,48 14.544600 N,064 18.306500 W,5.2,10.6,A,Primary,Headline,2.428571,D,S,59567.000000
Wed Aug 13 19:12:46 2025,13-Aug-2025,221252,48 14.546100 N,064 18.306300 W,5.2,10.4,A,Primary,Headline,2.428571,D,S,59567.000000
Wed Aug 13 19:12:46 2025,13-Aug-2025,221253,48 14.547500 N,064 18.306000 W,5.2,10.6,A,Primary,Headline,2.428571,D,S,59567.000000
Wed Aug 13 19:12:51 2025,13-Aug-2025,221254,48 14.548900 N,064 18.305600 W,5.2,10.8,A,Primary,Headline,7.265306,D,S,61901.000000
Wed Aug 13 19:12:51 2025,13-Aug-2025,221255,48 14.550400 N,064 18.305400 W,5.2,10.1,A,Primary,Headline,7.265306,D,S,61901.000000
Wed Aug 13 19:12:51 2025,13-Aug-2025,221256,48 14.551900 N,064 18.305300 W,5.2,9.4,A,Primary,Headline,7.265306,D,S,61901.000000
Wed Aug 13 19:12:51 2025,13-Aug-2025,221257,48 14.553300 N,064 18.305000 W,5.2,9.3,A,Primary,Headline,7.265306,D,S,61901.000000
Wed Aug 13 19:12:51 2025,13-Aug-2025,221258,48 14.554800 N,064 18.304600 W,5.2,9.5,A,Primary,Headline,7.265306,D,S,61901.000000
Wed Aug 13 19:12:56 2025,13-Aug-2025,221259,48 14.556300 N,064 18.304300 W,5.2,9.5,A,Primary,Headline,2.551020,D,P,198369.000000
Wed Aug 13 19:12:56 2025,13-Aug-2025,221300,48 14.557800 N,064 18.304200 W,5.2,9.2,A,Primary,Headline,2.551020,D,P,198369.000000
Wed Aug 13 19:12:56 2025,13-Aug-2025,221301,48 14.559200 N,064 18.304200 W,5.2,8.9,A,Primary,Headline,2.551020,D,P,198369.000000
Wed Aug 13 19:12:56 2025,13-Aug-2025,221302,48 14.560700 N,064 18.304000 W,5.2,8.8,A,Primary,Headline,2.551020,D,P,198369.000000
Wed Aug 13 19:13:01 2025,13-Aug-2025,221303,48 14.562200 N,064 18.303600 W,5.2,8.8,A,Depth,Depth,16.296296,D,P,94324.000000
Wed Aug 13 19:13:02 2025,13-Aug-2025,221304,48 14.563700 N,064 18.303200 W,5.2,9.0,A,Primary,Headline,2.693878,D,S,38034.000000
Wed Aug 13 19:13:02 2025,13-Aug-2025,221305,48 14.565200 N,064 18.302900 W,5.2,8.8,A,Primary,Headline,2.693878,D,S,38034.000000
Wed Aug 13 19:13:02 2025,13-Aug-2025,221306,48 14.566700 N,064 18.302900 W,5.2,8.3,A,Primary,Headline,2.693878,D,S,38034.000000
Wed Aug 13 19:13:02 2025,13-Aug-2025,221307,48 14.568200 N,064 18.302700 W,5.2,8.0,A,Primary,Headline,2.693878,D,S,38034.000000
Wed Aug 13 19:13:02 2025,13-Aug-2025,221308,48 14.569700 N,064 18.302400 W,5.2,7.9,A,Primary,Headline,2.693878,D,S,38034.000000
Wed Aug 13 19:13:07 2025,13-Aug-2025,221309,48 14.571000 N,064 18.302100 W,5.1,8.0,A,Primary,Headline,2.122449,D,S,34060.000000
Wed Aug 13 19:13:08 2025,13-Aug-2025,221310,48 14.572400 N,064 18.301900 W,5.1,7.9,A,Depth,Depth,17.592593,D,P,198924.000000
Wed Aug 13 19:13:08 2025,13-Aug-2025,221311,48 14.573900 N,064 18.301600 W,5.1,7.9,A,Depth,Depth,17.592593,D,P,198924.000000
Wed Aug 13 19:13:08 2025,13-Aug-2025,221312,48 14.575300 N,064 18.301300 W,5.1,7.8,A,Depth,Depth,17.592593,D,P,198924.000000
Wed Aug 13 19:13:08 2025,13-Aug-2025,221313,48 14.576800 N,064 18.301000 W,5.1,7.7,A,Depth,Depth,17.592593,D,P,198924.000000
Wed Aug 13 19:13:12 2025,13-Aug-2025,221314,48 14.578300 N,064 18.300700 W,5.1,7.6,A,Primary,Headline,3.000000,D,S,34756.000000
Wed Aug 13 19:13:12 2025,13-Aug-2025,221315,48 14.579600 N,064 18.300500 W,5.1,7.4,A,Primary,Headline,3.000000,D,S,34756.000000
Wed Aug 13 19:13:12 2025,13-Aug-2025,221316,48 14.581000 N,064 18.300300 W,5.1,7.3,A,Primary,Headline,3.000000,D,S,34756.000000
Wed Aug 13 19:13:12 2025,13-Aug-2025,221317,48 14.582400 N,064 18.300200 W,5.1,7.1,A,Primary,Headline,3.000000,D,S,34756.000000
Wed Aug 13 19:13:15 2025,13-Aug-2025,221318,48 14.583800 N,064 18.300000 W,5.1,6.9,A,Depth,Depth,18.888889,D,P,126461.000000
Wed Aug 13 19:13:17 2025,13-Aug-2025,221319,48 14.585200 N,064 18.299700 W,5.2,6.9,A,Primary,Headline,3.755102,D,S,50281.000000
Wed Aug 13 19:13:17 2025,13-Aug-2025,221320,48 14.586700 N,064 18.299400 W,5.2,6.7,A,Primary,Headline,3.755102,D,S,50281.000000
Wed Aug 13 19:13:17 2025,13-Aug-2025,221321,48 14.588100 N,064 18.299000 W,5.2,6.6,A,Primary,Headline,3.755102,D,S,50281.000000
Wed Aug 13 19:13:17 2025,13-Aug-2025,221322,48 14.589400 N,064 18.298700 W,5.2,6.3,A,Primary,Headline,3.755102,D,S,50281.000000
Wed Aug 13 19:13:17 2025,13-Aug-2025,221323,48 14.590700 N,064 18.298400 W,5.2,6.2,A,Primary,Headline,3.755102,D,S,50281.000000
Wed Aug 13 19:13:17 2025,13-Aug-2025,221324,48 14.592100 N,064 18.298100 W,5.1,6.3,A,Primary,Headline,3.755102,D,S,50281.000000
Wed Aug 13 19:13:23 2025,13-Aug-2025,221325,48 14.593400 N,064 18.297900 W,5.1,6.6,A,Primary,Headline,54.387755,D,S,31163.000000
Wed Aug 13 19:13:23 2025,13-Aug-2025,221326,48 14.594700 N,064 18.297600 W,5.1,6.6,A,Primary,Headline,54.387755,D,S,31163.000000
Wed Aug 13 19:13:23 2025,13-Aug-2025,221327,48 14.596200 N,064 18.297300 W,5.2,6.3,A,Primary,Headline,54.387755,D,S,31163.000000
Wed Aug 13 19:13:23 2025,13-Aug-2025,221328,48 14.597600 N,064 18.297200 W,5.2,5.6,A,Primary,Headline,54.387755,D,S,31163.000000
Wed Aug 13 19:13:23 2025,13-Aug-2025,221329,48 14.599000 N,064 18.297000 W,5.1,5.2,A,Primary,Headline,54.387755,D,S,31163.000000
Wed Aug 13 19:13:28 2025,13-Aug-2025,221330,48 14.600200 N,064 18.296500 W,5.0,5.5,A,Primary,Headline,5.102041,D,S,40637.000000
Wed Aug 13 19:13:28 2025,13-Aug-2025,221331,48 14.601500 N,064 18.296000 W,5.1,5.9,A,Primary,Headline,5.102041,D,S,40637.000000
Wed Aug 13 19:13:29 2025,13-Aug-2025,221332,48 14.603000 N,064 18.295500 W,5.1,6.1,A,Depth,Depth,20.925926,D,P,160251.000000
Wed Aug 13 19:13:29 2025,13-Aug-2025,221333,48 14.604400 N,064 18.295300 W,5.1,6.0,A,Depth,Depth,20.925926,D,P,160251.000000
Wed Aug 13 19:13:29 2025,13-Aug-2025,221334,48 14.605900 N,064 18.295200 W,5.2,5.4,A,Depth,Depth,20.925926,D,P,160251.000000
Wed Aug 13 19:13:29 2025,13-Aug-2025,221335,48 14.607300 N,064 18.295300 W,5.2,4.9,A,Depth,Depth,20.925926,D,P,160251.000000
Wed Aug 13 19:13:33 2025,13-Aug-2025,221336,48 14.608700 N,064 18.295200 W,5.2,4.6,A,Primary,Headline,45.612245,D,S,44747.000000
Wed Aug 13 19:13:33 2025,13-Aug-2025,221337,48 14.610000 N,064 18.295000 W,5.2,4.9,A,Primary,Headline,45.612245,D,S,44747.000000
Wed Aug 13 19:13:33 2025,13-Aug-2025,221338,48 14.611400 N,064 18.294700 W,5.1,5.3,A,Primary,Headline,45.612245,D,S,44747.000000
Wed Aug 13 19:13:36 2025,13-Aug-2025,221339,48 14.612700 N,064 18.294400 W,5.1,5.4,A,Depth,Depth,44.629630,D,S,19792.000000
Wed Aug 13 19:13:36 2025,13-Aug-2025,221340,48 14.614100 N,064 18.294300 W,5.1,5.3,A,Depth,Depth,44.629630,D,S,19792.000000
Wed Aug 13 19:13:38 2025,13-Aug-2025,221341,48 14.615500 N,064 18.294200 W,5.1,5.0,A,Primary,Headline,0.020408,D,S,23889.000000
Wed Aug 13 19:13:38 2025,13-Aug-2025,221342,48 14.616900 N,064 18.294100 W,5.2,4.8,A,Primary,Headline,0.020408,D,S,23889.000000
Wed Aug 13 19:13:38 2025,13-Aug-2025,221343,48 14.618400 N,064 18.293800 W,5.2,4.6,A,Primary,Headline,0.020408,D,S,23889.000000
Wed Aug 13 19:13:38 2025,13-Aug-2025,221344,48 14.619800 N,064 18.293600 W,5.2,4.5,A,Primary,Headline,0.020408,D,S,23889.000000
Wed Aug 13 19:13:38 2025,13-Aug-2025,221345,48 14.621200 N,064 18.293300 W,5.1,4.5,A,Primary,Headline,0.020408,D,S,23889.000000
Wed Aug 13 19:13:43 2025,13-Aug-2025,221346,48 14.622600 N,064 18.293100 W,5.1,4.8,A,Primary,Headline,2.795918,D,S,26369.000000
Wed Aug 13 19:13:43 2025,13-Aug-2025,221347,48 14.623900 N,064 18.292900 W,5.1,4.6,A,Primary,Headline,2.795918,D,S,26369.000000
Wed Aug 13 19:13:43 2025,13-Aug-2025,221348,48 14.625300 N,064 18.292900 W,5.1,4.3,A,Primary,Headline,2.795918,D,S,26369.000000
Wed Aug 13 19:13:43 2025,13-Aug-2025,221349,48 14.626600 N,064 18.292800 W,5.1,4.2,A,Primary,Headline,2.795918,D,S,26369.000000
Wed Aug 13 19:13:43 2025,13-Aug-2025,221350,48 14.628000 N,064 18.292600 W,5.1,4.5,A,Primary,Headline,2.795918,D,S,26369.000000
Wed Aug 13 19:13:48 2025,13-Aug-2025,221351,48 14.629300 N,064 18.292400 W,5.2,4.7,A,Primary,Headline,2.918367,D,S,46173.000000
Wed Aug 13 19:13:48 2025,13-Aug-2025,221352,48 14.630700 N,064 18.292200 W,5.2,4.6,A,Primary,Headline,2.918367,D,S,46173.000000
Wed Aug 13 19:13:50 2025,13-Aug-2025,221353,48 14.632100 N,064 18.292100 W,5.1,4.3,A,Depth,Depth,26.111111,D,P,223149.000000
Wed Aug 13 19:13:50 2025,13-Aug-2025,221354,48 14.633300 N,064 18.292000 W,5.1,4.0,A,Depth,Depth,26.111111,D,P,223149.000000
Wed Aug 13 19:13:50 2025,13-Aug-2025,221355,48 14.634600 N,064 18.291800 W,5.1,4.2,A,Depth,Depth,26.111111,D,P,223149.000000
Wed Aug 13 19:13:53 2025,13-Aug-2025,221356,48 14.635900 N,064 18.291400 W,5.1,4.9,A,Primary,Headline,0.285714,D,S,36317.000000
Wed Aug 13 19:13:53 2025,13-Aug-2025,221357,48 14.637300 N,064 18.291000 W,5.1,5.2,A,Primary,Headline,0.285714,D,S,36317.000000
Wed Aug 13 19:13:53 2025,13-Aug-2025,221358,48 14.638800 N,064 18.290900 W,5.1,4.6,A,Primary,Headline,0.285714,D,S,36317.000000
Wed Aug 13 19:13:53 2025,13-Aug-2025,221359,48 14.640200 N,064 18.290800 W,5.1,3.6,A,Primary,Headline,0.285714,D,S,36317.000000
Wed Aug 13 19:13:57 2025,13-Aug-2025,221400,48 14.641600 N,064 18.290800 W,5.1,2.8,A,Depth,Depth,28.981481,D,S,28476.000000
Wed Aug 13 19:13:59 2025,13-Aug-2025,221401,48 14.643000 N,064 18.290700 W,5.1,2.8,A,Primary,Headline,4.591837,D,S,29450.000000
Wed Aug 13 19:13:59 2025,13-Aug-2025,221402,48 14.644500 N,064 18.290400 W,5.1,3.4,A,Primary,Headline,4.591837,D,S,29450.000000
Wed Aug 13 19:13:59 2025,13-Aug-2025,221403,48 14.645900 N,064 18.290200 W,5.2,3.8,A,Primary,Headline,4.591837,D,S,29450.000000
Wed Aug 13 19:13:59 2025,13-Aug-2025,221404,48 14.647300 N,064 18.290300 W,5.2,3.7,A,Primary,Headline,4.591837,D,S,29450.000000
Wed Aug 13 19:13:59 2025,13-Aug-2025,221405,48 14.648700 N,064 18.290500 W,5.2,3.1,A,Primary,Headline,4.591837,D,S,29450.000000
Wed Aug 13 19:14:04 2025,13-Aug-2025,221406,48 14.650100 N,064 18.290600 W,5.2,2.6,A,Primary,Headline,2.530612,D,S,38979.000000
Wed Aug 13 19:14:04 2025,13-Aug-2025,221407,48 14.651400 N,064 18.290700 W,5.2,2.4,A,Depth,Depth,32.222222,D,P,245649.000000
Wed Aug 13 19:14:04 2025,13-Aug-2025,221408,48 14.652800 N,064 18.290600 W,5.2,2.5,A,Depth,Depth,32.222222,D,P,245649.000000
Wed Aug 13 19:14:04 2025,13-Aug-2025,221409,48 14.654300 N,064 18.290500 W,5.2,2.6,A,Depth,Depth,32.222222,D,P,245649.000000
Wed Aug 13 19:14:04 2025,13-Aug-2025,221410,48 14.655700 N,064 18.290300 W,5.2,2.8,A,Depth,Depth,32.222222,D,P,245649.000000
Wed Aug 13 19:14:08 2025,13-Aug-2025,221411,48 14.657000 N,064 18.290100 W,5.1,2.8,A,Primary,Headline,1.979592,D,P,63310.000000
Wed Aug 13 19:14:08 2025,13-Aug-2025,221412,48 14.658400 N,064 18.290100 W,5.1,2.6,A,Primary,Headline,1.979592,D,P,63310.000000
Wed Aug 13 19:14:08 2025,13-Aug-2025,221413,48 14.659700 N,064 18.290100 W,5.1,2.4,A,Primary,Headline,1.979592,D,P,63310.000000
Wed Aug 13 19:14:12 2025,13-Aug-2025,221414,48 14.661000 N,064 18.290000 W,5.1,2.3,A,Depth,Depth,36.296296,D,S,31324.000000
Wed Aug 13 19:14:12 2025,13-Aug-2025,221415,48 14.662400 N,064 18.289900 W,5.2,2.0,A,Depth,Depth,36.296296,D,S,31324.000000
Wed Aug 13 19:14:14 2025,13-Aug-2025,221416,48 14.663800 N,064 18.289900 W,5.1,1.6,A,Primary,Headline,2.040816,D,S,61842.000000
Wed Aug 13 19:14:14 2025,13-Aug-2025,221417,48 14.665100 N,064 18.289800 W,5.0,1.5,A,Primary,Headline,2.040816,D,S,61842.000000
Wed Aug 13 19:14:14 2025,13-Aug-2025,221418,48 14.666300 N,064 18.289400 W,5.0,2.2,A,Primary,Headline,2.040816,D,S,61842.000000
Wed Aug 13 19:14:14 2025,13-Aug-2025,221419,48 14.667600 N,064 18.289000 W,5.0,3.0,A,Primary,Headline,2.040816,D,S,61842.000000
Wed Aug 13 19:14:14 2025,13-Aug-2025,221420,48 14.669000 N,064 18.288900 W,5.1,3.3,A,Primary,Headline,2.040816,D,S,61842.000000
Wed Aug 13 19:14:19 2025,13-Aug-2025,221421,48 14.670400 N,064 18.289200 W,5.1,2.8,A,Primary,Headline,4.795918,D,S,32688.000000
Wed Aug 13 19:14:19 2025,13-Aug-2025,221422,48 14.671800 N,064 18.289600 W,5.2,2.0,A,Primary,Headline,4.795918,D,S,32688.000000
Wed Aug 13 19:14:19 2025,13-Aug-2025,221423,48 14.673100 N,064 18.289800 W,5.1,1.4,A,Primary,Headline,4.795918,D,S,32688.000000
Wed Aug 13 19:14:19 2025,13-Aug-2025,221424,48 14.674500 N,064 18.289600 W,5.1,1.4,A,Primary,Headline,4.795918,D,S,32688.000000
Wed Aug 13 19:14:19 2025,13-Aug-2025,221425,48 14.675800 N,064 18.289300 W,5.1,1.6,A,Primary,Headline,4.795918,D,S,32688.000000
Wed Aug 13 19:14:19 2025,13-Aug-2025,221426,48 14.677100 N,064 18.289200 W,5.1,1.7,A,Primary,Headline,4.795918,D,S,32688.000000
Wed Aug 13 19:14:19 2025,13-Aug-2025,221427,48 14.678500 N,064 18.289400 W,5.1,1.4,A,Primary,Headline,4.795918,D,S,32688.000000
Wed Aug 13 19:14:19 2025,13-Aug-2025,221428,48 14.679900 N,064 18.289800 W,5.1,0.6,A,Primary,Headline,4.795918,D,S,32688.000000
Wed Aug 13 19:14:19 2025,13-Aug-2025,221429,48 14.681400 N,064 18.290100 W,5.1,359.8,A,Primary,Headline,4.795918,D,S,32688.000000
Wed Aug 13 19:14:19 2025,13-Aug-2025,221430,48 14.682800 N,064 18.290400 W,5.1,359.5,A,Primary,Headline,4.795918,D,S,32688.000000
Wed Aug 13 19:14:19 2025,13-Aug-2025,221431,48 14.684100 N,064 18.290200 W,5.0,359.9,A,Primary,Headline,4.795918,D,S,32688.000000
Wed Aug 13 19:14:19 2025,13-Aug-2025,221432,48 14.685400 N,064 18.289900 W,5.0,0.6,A,Primary,Headline,4.795918,D,S,32688.000000
Wed Aug 13 19:14:19 2025,13-Aug-2025,221433,48 14.686800 N,064 18.289800 W,5.0,1.0,A,Primary,Headline,4.795918,D,S,32688.000000
Wed Aug 13 19:14:19 2025,13-Aug-2025,221434,48 14.688100 N,064 18.290100 W,5.0,0.6,A,Primary,Headline,4.795918,D,S,32688.000000
Wed Aug 13 19:14:19 2025,13-Aug-2025,221435,48 14.689500 N,064 18.290600 W,5.0,359.7,A,Primary,Headline,4.795918,D,S,32688.000000
Wed Aug 13 19:14:19 2025,13-Aug-2025,221436,48 14.690800 N,064 18.290900 W,5.0,358.9,A,Primary,Headline,4.795918,D,S,32688.000000
Wed Aug 13 19:14:19 2025,13-Aug-2025,221437,48 14.692100 N,064 18.290800 W,5.0,359.4,A,Primary,Headline,4.795918,D,S,32688.000000
Wed Aug 13 19:14:19 2025,13-Aug-2025,221438,48 14.693400 N,064 18.290400 W,4.9,0.4,A,Primary,Headline,4.795918,D,S,32688.000000
Wed Aug 13 19:14:19 2025,13-Aug-2025,221439,48 14.694700 N,064 18.290400 W,4.9,0.5,A,Primary,Headline,4.795918,D,S,32688.000000
Wed Aug 13 19:14:19 2025,13-Aug-2025,221440,48 14.696200 N,064 18.290700 W,4.9,0.1,A,Primary,Headline,4.795918,D,S,32688.000000
Wed Aug 13 19:14:19 2025,13-Aug-2025,221441,48 14.697500 N,064 18.291100 W,4.9,359.3,A,Primary,Headline,4.795918,D,S,32688.000000
Wed Aug 13 19:14:19 2025,13-Aug-2025,221442,48 14.698800 N,064 18.291300 W,4.9,358.9,A,Primary,Headline,4.795918,D,S,32688.000000
Wed Aug 13 19:14:19 2025,13-Aug-2025,221443,48 14.700100 N,064 18.291200 W,4.9,358.9,A,Primary,Headline,4.795918,D,S,32688.000000
Wed Aug 13 19:14:19 2025,13-Aug-2025,221444,48 14.701400 N,064 18.291100 W,4.9,359.0,A,Primary,Headline,4.795918,D,S,32688.000000
Wed Aug 13 19:14:19 2025,13-Aug-2025,221445,48 14.702700 N,064 18.291000 W,4.9,359.1,A,Primary,Headline,4.795918,D,S,32688.000000
Wed Aug 13 19:14:19 2025,13-Aug-2025,221446,48 14.704000 N,064 18.291000 W,4.9,358.8,A,Primary,Headline,4.795918,D,S,32688.000000
Wed Aug 13 19:14:19 2025,13-Aug-2025,221447,48 14.705200 N,064 18.291000 W,4.9,358.8,A,Primary,Headline,4.795918,D,S,32688.000000
Wed Aug 13 19:14:19 2025,13-Aug-2025,221448,48 14.706600 N,064 18.291000 W,4.9,358.9,A,Primary,Headline,4.795918,D,S,32688.000000
Wed Aug 13 19:14:19 2025,13-Aug-2025,221449,48 14.707900 N,064 18.291100 W,4.9,358.9,A,Primary,Headline,4.795918,D,S,32688.000000
Wed Aug 13 19:14:19 2025,13-Aug-2025,221450,48 14.709200 N,064 18.291000 W,4.9,358.9,A,Primary,Headline,4.795918,D,S,32688.000000
Wed Aug 13 19:14:19 2025,13-Aug-2025,221451,48 14.710400 N,064 18.291000 W,4.8,359.0,A,Primary,Headline,4.795918,D,S,32688.000000
Wed Aug 13 19:14:19 2025,13-Aug-2025,221452,48 14.711700 N,064 18.291100 W,4.8,359.1,A,Primary,Headline,4.795918,D,S,32688.000000
Wed Aug 13 19:14:19 2025,13-Aug-2025,221453,48 14.713000 N,064 18.291000 W,4.9,359.6,A,Primary,Headline,4.795918,D,S,32688.000000
Wed Aug 13 19:14:19 2025,13-Aug-2025,221454,48 14.714500 N,064 18.291100 W,4.9,359.9,A,Primary,Headline,4.795918,D,S,32688.000000
Wed Aug 13 19:14:19 2025,13-Aug-2025,221455,48 14.715900 N,064 18.291100 W,5.0,0.0,A,Primary,Headline,4.795918,D,S,32688.000000
Wed Aug 13 19:14:19 2025,13-Aug-2025,221456,48 14.717400 N,064 18.291200 W,5.0,0.0,A,Primary,Headline,4.795918,D,S,32688.000000
Wed Aug 13 19:14:19 2025,13-Aug-2025,221457,48 14.718800 N,064 18.291100 W,5.0,359.9,A,Primary,Headline,4.795918,D,S,32688.000000
Wed Aug 13 19:14:19 2025,13-Aug-2025,221458,48 14.720300 N,064 18.291100 W,5.0,360.0,A,Primary,Headline,4.795918,D,S,32688.000000
Wed Aug 13 19:14:19 2025,13-Aug-2025,221459,48 14.721600 N,064 18.290800 W,5.0,0.4,A,Primary,Headline,4.795918,D,S,32688.000000
Wed Aug 13 19:14:19 2025,13-Aug-2025,221500,48 14.723000 N,064 18.290400 W,5.0,0.9,A,Primary,Headline,4.795918,D,S,32688.000000
Wed Aug 13 19:14:19 2025,13-Aug-2025,221501,48 14.724300 N,064 18.290300 W,5.0,1.1,A,Primary,Headline,4.795918,D,S,32688.000000
Wed Aug 13 19:14:19 2025,13-Aug-2025,221502,48 14.725700 N,064 18.290500 W,5.1,0.8,A,Primary,Headline,4.795918,D,S,32688.000000
Wed Aug 13 19:14:19 2025,13-Aug-2025,221503,48 14.727100 N,064 18.290600 W,5.1,0.4,A,Primary,Headline,4.795918,D,S,32688.000000
Wed Aug 13 19:14:19 2025,13-Aug-2025,221504,48 14.728400 N,064 18.290600 W,5.2,0.6,A,Primary,Headline,4.795918,D,S,32688.000000
Wed Aug 13 19:14:19 2025,13-Aug-2025,221505,48 14.729800 N,064 18.290300 W,5.2,1.2,A,Primary,Headline,4.795918,D,S,32688.000000
Wed Aug 13 19:14:19 2025,13-Aug-2025,221506,48 14.731200 N,064 18.290100 W,5.1,1.6,A,Primary,Headline,4.795918,D,S,32688.000000
Wed Aug 13 19:14:19 2025,13-Aug-2025,221507,48 14.732400 N,064 18.290000 W,5.1,1.8,A,Primary,Headline,4.795918,D,S,32688.000000
Wed Aug 13 19:14:19 2025,13-Aug-2025,221508,48 14.733800 N,064 18.290100 W,5.1,1.6,A,Primary,Headline,4.795918,D,S,32688.000000
Wed Aug 13 19:14:19 2025,13-Aug-2025,221509,48 14.735200 N,064 18.290100 W,5.1,1.5,A,Primary,Headline,4.795918,D,S,32688.000000
Wed Aug 13 19:14:19 2025,13-Aug-2025,221510,48 14.736600 N,064 18.290000 W,5.1,1.2,A,Primary,Headline,4.795918,D,S,32688.000000
Wed Aug 13 19:14:19 2025,13-Aug-2025,221511,48 14.738000 N,064 18.289900 W,5.1,1.0,A,Primary,Headline,4.795918,D,S,32688.000000
Wed Aug 13 19:15:10 2025,13-Aug-2025,221512,48 14.739300 N,064 18.289800 W,5.0,1.1,A,DoorSpread,DoorMaster,0.000000,E,S,9762.000000
Wed Aug 13 19:15:10 2025,13-Aug-2025,221513,48 14.740500 N,064 18.289500 W,5.0,1.5,A,DoorSpread,DoorMaster,0.000000,E,S,9762.000000
Wed Aug 13 19:15:10 2025,13-Aug-2025,221514,48 14.741700 N,064 18.289300 W,5.0,1.8,A,DoorSpread,DoorMaster,0.000000,E,S,9762.000000
Wed Aug 13 19:15:10 2025,13-Aug-2025,221515,48 14.743100 N,064 18.289200 W,5.1,1.7,A,DoorSpread,DoorMaster,0.000000,E,S,9762.000000
Wed Aug 13 19:15:10 2025,13-Aug-2025,221516,48 14.744500 N,064 18.289100 W,5.1,1.4,A,DoorSpread,DoorMaster,0.000000,E,S,9762.000000
Wed Aug 13 19:15:10 2025,13-Aug-2025,221517,48 14.745800 N,064 18.289200 W,5.1,1.0,A,DoorSpread,DoorMaster,0.000000,E,S,9762.000000
Wed Aug 13 19:15:10 2025,13-Aug-2025,221518,48 14.747100 N,064 18.289100 W,5.1,0.8,A,DoorSpread,DoorMaster,0.000000,E,S,9762.000000
Wed Aug 13 19:15:10 2025,13-Aug-2025,221519,48 14.748400 N,064 18.289000 W,5.0,1.0,A,DoorSpread,DoorMaster,0.000000,E,S,9762.000000
Wed Aug 13 19:15:10 2025,13-Aug-2025,221520,48 14.749700 N,064 18.288700 W,5.0,1.7,A,DoorSpread,DoorMaster,0.000000,E,S,9762.000000
Wed Aug 13 19:15:10 2025,13-Aug-2025,221521,48 14.751100 N,064 18.288400 W,5.0,2.3,A,DoorSpread,DoorMaster,0.000000,E,S,9762.000000
Wed Aug 13 19:15:10 2025,13-Aug-2025,221522,48 14.752400 N,064 18.288300 W,5.0,2.3,A,DoorSpread,DoorMaster,0.000000,E,S,9762.000000
Wed Aug 13 19:15:10 2025,13-Aug-2025,221523,48 14.753700 N,064 18.288400 W,5.0,1.7,A,DoorSpread,DoorMaster,0.000000,E,S,9762.000000
Wed Aug 13 19:15:10 2025,13-Aug-2025,221524,48 14.755100 N,064 18.288500 W,5.0,1.1,A,DoorSpread,DoorMaster,0.000000,E,S,9762.000000
Wed Aug 13 19:15:10 2025,13-Aug-2025,221525,48 14.756400 N,064 18.288500 W,5.0,0.9,A,DoorSpread,DoorMaster,0.000000,E,S,9762.000000
Wed Aug 13 19:15:10 2025,13-Aug-2025,221526,48 14.757700 N,064 18.288300 W,5.0,0.9,A,DoorSpread,DoorMaster,0.000000,E,S,9762.000000
Wed Aug 13 19:15:10 2025,13-Aug-2025,221527,48 14.759000 N,064 18.288300 W,5.0,0.8,A,DoorSpread,DoorMaster,0.000000,E,S,9762.000000
Wed Aug 13 19:15:10 2025,13-Aug-2025,221528,48 14.760300 N,064 18.288300 W,5.0,0.8,A,DoorSpread,DoorMaster,0.000000,E,S,9762.000000
Wed Aug 13 19:15:10 2025,13-Aug-2025,221529,48 14.761600 N,064 18.288300 W,5.0,0.7,A,DoorSpread,DoorMaster,0.000000,E,S,9762.000000
Wed Aug 13 19:15:10 2025,13-Aug-2025,221530,48 14.763000 N,064 18.288400 W,4.9,0.9,A,DoorSpread,DoorMaster,0.000000,E,S,9762.000000
Wed Aug 13 19:15:10 2025,13-Aug-2025,221531,48 14.764400 N,064 18.288300 W,4.9,1.1,A,DoorSpread,DoorMaster,0.000000,E,S,9762.000000
Wed Aug 13 19:15:10 2025,13-Aug-2025,221532,48 14.765800 N,064 18.288100 W,4.9,1.4,A,DoorSpread,DoorMaster,0.000000,E,S,9762.000000
Wed Aug 13 19:15:10 2025,13-Aug-2025,221533,48 14.767200 N,064 18.287900 W,4.9,1.4,A,DoorSpread,DoorMaster,0.000000,E,S,9762.000000
Wed Aug 13 19:15:10 2025,13-Aug-2025,221534,48 14.768500 N,064 18.287900 W,4.9,1.5,A,DoorSpread,DoorMaster,0.000000,E,S,9762.000000
Wed Aug 13 19:15:10 2025,13-Aug-2025,221535,48 14.769800 N,064 18.287800 W,4.9,1.7,A,DoorSpread,DoorMaster,0.000000,E,S,9762.000000
Wed Aug 13 19:15:10 2025,13-Aug-2025,221536,48 14.771100 N,064 18.287400 W,4.9,2.5,A,DoorSpread,DoorMaster,0.000000,E,S,9762.000000
Wed Aug 13 19:15:10 2025,13-Aug-2025,221537,48 14.772400 N,064 18.287200 W,4.9,3.0,A,DoorSpread,DoorMaster,0.000000,E,S,9762.000000
Wed Aug 13 19:15:10 2025,13-Aug-2025,221538,48 14.773700 N,064 18.287000 W,4.8,3.0,A,DoorSpread,DoorMaster,0.000000,E,S,9762.000000
Wed Aug 13 19:15:10 2025,13-Aug-2025,221539,48 14.775000 N,064 18.287100 W,4.8,2.9,A,DoorSpread,DoorMaster,0.000000,E,S,9762.000000
Wed Aug 13 19:15:10 2025,13-Aug-2025,221540,48 14.776300 N,064 18.287100 W,4.8,3.0,A,DoorSpread,DoorMaster,0.000000,E,S,9762.000000
Wed Aug 13 19:15:10 2025,13-Aug-2025,221541,48 14.777700 N,064 18.287000 W,4.9,3.0,A,DoorSpread,DoorMaster,0.000000,E,S,9762.000000
Wed Aug 13 19:15:10 2025,13-Aug-2025,221542,48 14.778900 N,064 18.287000 W,4.9,2.4,A,DoorSpread,DoorMaster,0.000000,E,S,9762.000000
Wed Aug 13 19:15:10 2025,13-Aug-2025,221543,48 14.780300 N,064 18.286900 W,4.8,1.9,A,DoorSpread,DoorMaster,0.000000,E,S,9762.000000
Wed Aug 13 19:15:10 2025,13-Aug-2025,221544,48 14.781500 N,064 18.286800 W,4.8,1.7,A,DoorSpread,DoorMaster,0.000000,E,S,9762.000000
Wed Aug 13 19:15:10 2025,13-Aug-2025,221545,48 14.782800 N,064 18.286500 W,4.8,2.0,A,DoorSpread,DoorMaster,0.000000,E,S,9762.000000
Wed Aug 13 19:15:10 2025,13-Aug-2025,221546,48 14.784000 N,064 18.286200 W,4.8,2.3,A,DoorSpread,DoorMaster,0.000000,E,S,9762.000000
Wed Aug 13 19:15:10 2025,13-Aug-2025,221547,48 14.785400 N,064 18.286100 W,4.9,2.4,A,DoorSpread,DoorMaster,0.000000,E,S,9762.000000
Wed Aug 13 19:15:10 2025,13-Aug-2025,221548,48 14.786700 N,064 18.286100 W,4.9,2.0,A,DoorSpread,DoorMaster,0.000000,E,S,9762.000000
Wed Aug 13 19:15:10 2025,13-Aug-2025,221549,48 14.788100 N,064 18.286000 W,4.9,1.6,A,DoorSpread,DoorMaster,0.000000,E,S,9762.000000
Wed Aug 13 19:15:10 2025,13-Aug-2025,221550,48 14.789500 N,064 18.285900 W,4.9,1.3,A,DoorSpread,DoorMaster,0.000000,E,S,9762.000000
Wed Aug 13 19:15:10 2025,13-Aug-2025,221551,48 14.790900 N,064 18.285900 W,4.9,1.2,A,DoorSpread,DoorMaster,0.000000,E,S,9762.000000
Wed Aug 13 19:15:10 2025,13-Aug-2025,221552,48 14.792200 N,064 18.285900 W,4.8,1.5,A,DoorSpread,DoorMaster,0.000000,E,S,9762.000000
Wed Aug 13 19:15:10 2025,13-Aug-2025,221553,48 14.793500 N,064 18.285900 W,4.8,1.8,A,DoorSpread,DoorMaster,0.000000,E,S,9762.000000
Wed Aug 13 19:15:10 2025,13-Aug-2025,221554,48 14.794900 N,064 18.285900 W,4.8,1.9,A,DoorSpread,DoorMaster,0.000000,E,S,9762.000000
Wed Aug 13 19:15:10 2025,13-Aug-2025,221555,48 14.796400 N,064 18.286100 W,4.9,1.4,A,DoorSpread,DoorMaster,0.000000,E,S,9762.000000
Wed Aug 13 19:15:10 2025,13-Aug-2025,221556,48 14.797800 N,064 18.286500 W,4.9,0.7,A,DoorSpread,DoorMaster,0.000000,E,S,9762.000000
Wed Aug 13 19:15:10 2025,13-Aug-2025,221557,48 14.799300 N,064 18.286800 W,4.9,0.3,A,DoorSpread,DoorMaster,0.000000,E,S,9762.000000
Wed Aug 13 19:15:10 2025,13-Aug-2025,221558,48 14.800700 N,064 18.286800 W,4.9,0.4,A,DoorSpread,DoorMaster,0.000000,E,S,9762.000000
Wed Aug 13 19:15:10 2025,13-Aug-2025,221559,48 14.802100 N,064 18.286800 W,4.9,0.7,A,DoorSpread,DoorMaster,0.000000,E,S,9762.000000
Wed Aug 13 19:15:10 2025,13-Aug-2025,221600,48 14.803500 N,064 18.286700 W,4.9,1.1,A,DoorSpread,DoorMaster,0.000000,E,S,9762.000000
Wed Aug 13 19:15:10 2025,13-Aug-2025,221601,48 14.805000 N,064 18.286800 W,4.9,1.1,A,DoorSpread,DoorMaster,0.000000,E,S,9762.000000
Wed Aug 13 19:15:10 2025,13-Aug-2025,221602,48 14.806400 N,064 18.287000 W,4.9,0.7,A,DoorSpread,DoorMaster,0.000000,E,S,9762.000000
Wed Aug 13 19:15:10 2025,13-Aug-2025,221603,48 14.807800 N,064 18.287200 W,4.9,0.1,A,DoorSpread,DoorMaster,0.000000,E,S,9762.000000
Wed Aug 13 19:15:10 2025,13-Aug-2025,221604,48 14.809100 N,064 18.287400 W,4.9,0.4,A,DoorSpread,DoorMaster,0.000000,E,S,9762.000000
Wed Aug 13 19:15:10 2025,13-Aug-2025,221605,48 14.810500 N,064 18.287300 W,4.9,0.7,A,DoorSpread,DoorMaster,0.000000,E,S,9762.000000
Wed Aug 13 19:15:10 2025,13-Aug-2025,221606,48 14.811900 N,064 18.287200 W,4.9,1.0,A,DoorSpread,DoorMaster,0.000000,E,S,9762.000000
Wed Aug 13 19:15:10 2025,13-Aug-2025,221607,48 14.813200 N,064 18.287200 W,4.9,1.1,A,DoorSpread,DoorMaster,0.000000,E,S,9762.000000
Wed Aug 13 19:15:10 2025,13-Aug-2025,221608,48 14.814600 N,064 18.287200 W,4.9,1.2,A,DoorSpread,DoorMaster,0.000000,E,S,9762.000000
Wed Aug 13 19:15:10 2025,13-Aug-2025,221609,48 14.815900 N,064 18.287100 W,5.0,1.1,A,DoorSpread,DoorMaster,0.000000,E,S,9762.000000
Wed Aug 13 19:15:10 2025,13-Aug-2025,221610,48 14.817200 N,064 18.287100 W,4.9,0.9,A,DoorSpread,DoorMaster,0.000000,E,S,9762.000000
Wed Aug 13 19:15:10 2025,13-Aug-2025,221611,48 14.818400 N,064 18.287100 W,4.9,0.5,A,DoorSpread,DoorMaster,0.000000,E,S,9762.000000
Wed Aug 13 19:15:10 2025,13-Aug-2025,221612,48 14.819800 N,064 18.287000 W,4.9,0.9,A,DoorSpread,DoorMaster,0.000000,E,S,9762.000000
Wed Aug 13 19:15:10 2025,13-Aug-2025,221613,48 14.821200 N,064 18.287000 W,4.9,1.3,A,DoorSpread,DoorMaster,0.000000,E,S,9762.000000
Wed Aug 13 19:15:10 2025,13-Aug-2025,221614,48 14.822600 N,064 18.287000 W,5.0,1.6,A,DoorSpread,DoorMaster,0.000000,E,S,9762.000000
Wed Aug 13 19:15:10 2025,13-Aug-2025,221615,48 14.823900 N,064 18.287000 W,4.9,1.5,A,DoorSpread,DoorMaster,0.000000,E,S,9762.000000
Wed Aug 13 19:15:10 2025,13-Aug-2025,221616,48 14.825100 N,064 18.287100 W,4.9,1.1,A,DoorSpread,DoorMaster,0.000000,E,S,9762.000000
Wed Aug 13 19:15:10 2025,13-Aug-2025,221617,48 14.826300 N,064 18.287300 W,4.8,0.8,A,DoorSpread,DoorMaster,0.000000,E,S,9762.000000
Wed Aug 13 19:15:10 2025,13-Aug-2025,221618,48 14.827600 N,064 18.287200 W,4.9,0.7,A,DoorSpread,DoorMaster,0.000000,E,S,9762.000000
Wed Aug 13 19:15:10 2025,13-Aug-2025,221619,48 14.828900 N,064 18.287100 W,4.9,0.8,A,DoorSpread,DoorMaster,0.000000,E,S,9762.000000
Wed Aug 13 19:15:10 2025,13-Aug-2025,221620,48 14.830200 N,064 18.286900 W,4.9,0.8,A,DoorSpread,DoorMaster,0.000000,E,S,9762.000000
Wed Aug 13 19:15:10 2025,13-Aug-2025,221621,48 14.831500 N,064 18.286900 W,4.9,0.6,A,DoorSpread,DoorMaster,0.000000,E,S,9762.000000
Wed Aug 13 19:15:10 2025,13-Aug-2025,221622,48 14.832700 N,064 18.286800 W,4.9,0.4,A,DoorSpread,DoorMaster,0.000000,E,S,9762.000000
Wed Aug 13 19:15:10 2025,13-Aug-2025,221623,48 14.834000 N,064 18.286800 W,4.9,0.5,A,DoorSpread,DoorMaster,0.000000,E,S,9762.000000
Wed Aug 13 19:15:10 2025,13-Aug-2025,221624,48 14.835300 N,064 18.286600 W,4.9,0.6,A,DoorSpread,DoorMaster,0.000000,E,S,9762.000000
Wed Aug 13 19:15:10 2025,13-Aug-2025,221625,48 14.836700 N,064 18.286500 W,4.9,0.5,A,DoorSpread,DoorMaster,0.000000,E,S,9762.000000
Wed Aug 13 19:15:10 2025,13-Aug-2025,221626,48 14.837900 N,064 18.286500 W,4.9,0.5,A,DoorSpread,DoorMaster,0.000000,E,S,9762.000000
Wed Aug 13 19:15:10 2025,13-Aug-2025,221627,48 14.839200 N,064 18.286500 W,4.9,0.5,A,DoorSpread,DoorMaster,0.000000,E,S,9762.000000
Wed Aug 13 19:15:10 2025,13-Aug-2025,221628,48 14.840600 N,064 18.286300 W,5.0,0.6,A,DoorSpread,DoorMaster,0.000000,E,S,9762.000000
Wed Aug 13 19:15:10 2025,13-Aug-2025,221629,48 14.842000 N,064 18.286200 W,4.9,0.6,A,DoorSpread,DoorMaster,0.000000,E,S,9762.000000
Wed Aug 13 19:15:10 2025,13-Aug-2025,221630,48 14.843200 N,064 18.286300 W,4.8,0.3,A,DoorSpread,DoorMaster,0.000000,E,S,9762.000000
Wed Aug 13 19:15:10 2025,13-Aug-2025,221631,48 14.844400 N,064 18.286300 W,4.8,0.2,A,DoorSpread,DoorMaster,0.000000,E,S,9762.000000
Wed Aug 13 19:15:10 2025,13-Aug-2025,221632,48 14.845600 N,064 18.286100 W,4.8,0.4,A,DoorSpread,DoorMaster,0.000000,E,S,9762.000000
Wed Aug 13 19:15:10 2025,13-Aug-2025,221633,48 14.847000 N,064 18.286000 W,4.8,0.7,A,DoorSpread,DoorMaster,0.000000,E,S,9762.000000
Wed Aug 13 19:15:10 2025,13-Aug-2025,221634,48 14.848300 N,064 18.285900 W,4.8,0.5,A,DoorSpread,DoorMaster,0.000000,E,S,9762.000000
Wed Aug 13 19:15:10 2025,13-Aug-2025,221635,48 14.849500 N,064 18.286100 W,4.8,360.0,A,DoorSpread,DoorMaster,0.000000,E,S,9762.000000
Wed Aug 13 19:15:10 2025,13-Aug-2025,221636,48 14.850800 N,064 18.286300 W,4.8,359.7,A,DoorSpread,DoorMaster,0.000000,E,S,9762.000000
Wed Aug 13 19:15:10 2025,13-Aug-2025,221637,48 14.852200 N,064 18.286100 W,4.8,359.7,A,DoorSpread,DoorMaster,0.000000,E,S,9762.000000
Wed Aug 13 19:15:10 2025,13-Aug-2025,221638,48 14.853600 N,064 18.285800 W,4.9,0.0,A,DoorSpread,DoorMaster,0.000000,E,S,9762.000000
Wed Aug 13 19:15:10 2025,13-Aug-2025,221639,48 14.855000 N,064 18.285500 W,4.9,0.3,A,DoorSpread,DoorMaster,0.000000,E,S,9762.000000
Wed Aug 13 19:15:10 2025,13-Aug-2025,221640,48 14.856400 N,064 18.285300 W,4.9,0.6,A,DoorSpread,DoorMaster,0.000000,E,S,9762.000000
Wed Aug 13 19:15:10 2025,13-Aug-2025,221641,48 14.857700 N,064 18.285200 W,4.9,0.5,A,DoorSpread,DoorMaster,0.000000,E,S,9762.000000
Wed Aug 13 19:15:10 2025,13-Aug-2025,221642,48 14.859100 N,064 18.285300 W,4.9,0.3,A,DoorSpread,DoorMaster,0.000000,E,S,9762.000000
Wed Aug 13 19:15:10 2025,13-Aug-2025,221643,48 14.860400 N,064 18.285400 W,4.9,0.3,A,DoorSpread,DoorMaster,0.000000,E,S,9762.000000
Wed Aug 13 19:15:10 2025,13-Aug-2025,221644,48 14.861700 N,064 18.285300 W,4.9,0.5,A,DoorSpread,DoorMaster,0.000000,E,S,9762.000000
Wed Aug 13 19:15:10 2025,13-Aug-2025,221645,48 14.863100 N,064 18.285300 W,4.9,0.8,A,DoorSpread,DoorMaster,0.000000,E,S,9762.000000
Wed Aug 13 19:15:10 2025,13-Aug-2025,221646,48 14.864500 N,064 18.285200 W,4.9,1.3,A,DoorSpread,DoorMaster,0.000000,E,S,9762.000000
Wed Aug 13 19:15:10 2025,13-Aug-2025,221647,48 14.865900 N,064 18.285100 W,4.9,1.3,A,DoorSpread,DoorMaster,0.000000,E,S,9762.000000
Wed Aug 13 19:15:10 2025,13-Aug-2025,221648,48 14.867300 N,064 18.285300 W,5.0,1.0,A,DoorSpread,DoorMaster,0.000000,E,S,9762.000000
Wed Aug 13 19:15:10 2025,13-Aug-2025,221649,48 14.868600 N,064 18.285400 W,5.0,1.0,A,DoorSpread,DoorMaster,0.000000,E,S,9762.000000
Wed Aug 13 19:15:10 2025,13-Aug-2025,221650,48 14.870000 N,064 18.285400 W,5.0,1.2,A,DoorSpread,DoorMaster,0.000000,E,S,9762.000000
Wed Aug 13 19:15:10 2025,13-Aug-2025,221651,48 14.871400 N,064 18.285400 W,5.0,1.3,A,DoorSpread,DoorMaster,0.000000,E,S,9762.000000
Wed Aug 13 19:15:10 2025,13-Aug-2025,221652,48 14.872800 N,064 18.285400 W,5.0,1.2,A,DoorSpread,DoorMaster,0.000000,E,S,9762.000000
Wed Aug 13 19:15:10 2025,13-Aug-2025,221653,48 14.874300 N,064 18.285400 W,5.0,1.1,A,DoorSpread,DoorMaster,0.000000,E,S,9762.000000
Wed Aug 13 19:15:10 2025,13-Aug-2025,221654,48 14.875600 N,064 18.285300 W,5.0,1.4,A,DoorSpread,DoorMaster,0.000000,E,S,9762.000000
Wed Aug 13 19:15:10 2025,13-Aug-2025,221655,48 14.877000 N,064 18.285200 W,5.0,1.6,A,DoorSpread,DoorMaster,0.000000,E,S,9762.000000
Wed Aug 13 19:15:10 2025,13-Aug-2025,221656,48 14.878400 N,064 18.285100 W,5.0,1.5,A,DoorSpread,DoorMaster,0.000000,E,S,9762.000000
Wed Aug 13 19:15:10 2025,13-Aug-2025,221657,48 14.879700 N,064 18.284900 W,5.0,1.3,A,DoorSpread,DoorMaster,0.000000,E,S,9762.000000
Wed Aug 13 19:15:10 2025,13-Aug-2025,221658,48 14.881100 N,064 18.284800 W,5.0,1.1,A,DoorSpread,DoorMaster,0.000000,E,S,9762.000000
Wed Aug 13 19:15:10 2025,13-Aug-2025,221659,48 14.882400 N,064 18.284700 W,5.0,1.1,A,DoorSpread,DoorMaster,0.000000,E,S,9762.000000
Wed Aug 13 19:15:10 2025,13-Aug-2025,221700,48 14.883800 N,064 18.284500 W,5.1,1.1,A,DoorSpread,DoorMaster,0.000000,E,S,9762.000000
Wed Aug 13 19:15:10 2025,13-Aug-2025,221701,48 14.885200 N,064 18.284400 W,5.1,1.2,A,DoorSpread,DoorMaster,0.000000,E,S,9762.000000
Wed Aug 13 19:15:10 2025,13-Aug-2025,221702,48 14.886600 N,064 18.284300 W,5.1,1.1,A,DoorSpread,DoorMaster,0.000000,E,S,9762.000000
Wed Aug 13 19:15:10 2025,13-Aug-2025,221703,48 14.888000 N,064 18.284300 W,5.1,1.1,A,DoorSpread,DoorMaster,0.000000,E,S,9762.000000
Wed Aug 13 19:15:10 2025,13-Aug-2025,221704,48 14.889400 N,064 18.284300 W,5.1,1.2,A,DoorSpread,DoorMaster,0.000000,E,S,9762.000000
Wed Aug 13 19:15:10 2025,13-Aug-2025,221705,48 14.890900 N,064 18.284300 W,5.1,1.2,A,DoorSpread,DoorMaster,0.000000,E,S,9762.000000
Wed Aug 13 19:15:10 2025,13-Aug-2025,221706,48 14.892300 N,064 18.284300 W,5.2,1.1,A,DoorSpread,DoorMaster,0.000000,E,S,9762.000000
Wed Aug 13 19:15:10 2025,13-Aug-2025,221707,48 14.893800 N,064 18.284300 W,5.2,0.9,A,DoorSpread,DoorMaster,0.000000,E,S,9762.000000
Wed Aug 13 19:15:10 2025,13-Aug-2025,221708,48 14.895300 N,064 18.284300 W,5.2,0.7,A,DoorSpread,DoorMaster,0.000000,E,S,9762.000000
Wed Aug 13 19:15:10 2025,13-Aug-2025,221709,48 14.896800 N,064 18.284300 W,5.2,1.3,A,DoorSpread,DoorMaster,0.000000,E,S,9762.000000
Wed Aug 13 19:15:10 2025,13-Aug-2025,221710,48 14.898400 N,064 18.284300 W,5.2,1.8,A,DoorSpread,DoorMaster,0.000000,E,S,9762.000000
Wed Aug 13 19:15:10 2025,13-Aug-2025,221711,48 14.899800 N,064 18.284200 W,5.2,2.0,A,DoorSpread,DoorMaster,0.000000,E,S,9762.000000
Wed Aug 13 19:15:10 2025,13-Aug-2025,221712,48 14.901200 N,064 18.284100 W,5.2,1.9,A,DoorSpread,DoorMaster,0.000000,E,S,9762.000000
Wed Aug 13 19:15:10 2025,13-Aug-2025,221713,48 14.902800 N,064 18.284200 W,5.2,1.4,A,DoorSpread,DoorMaster,0.000000,E,S,9762.000000
Wed Aug 13 19:15:10 2025,13-Aug-2025,221714,48 14.904200 N,064 18.284100 W,5.2,1.1,A,DoorSpread,DoorMaster,0.000000,E,S,9762.000000
Wed Aug 13 19:15:10 2025,13-Aug-2025,221715,48 14.905600 N,064 18.284000 W,5.2,1.2,A,DoorSpread,DoorMaster,0.000000,E,S,9762.000000
Wed Aug 13 19:15:10 2025,13-Aug-2025,221716,48 14.907100 N,064 18.283700 W,5.3,1.7,A,DoorSpread,DoorMaster,0.000000,E,S,9762.000000
Wed Aug 13 19:15:10 2025,13-Aug-2025,221717,48 14.908500 N,064 18.283400 W,5.3,2.0,A,DoorSpread,DoorMaster,0.000000,E,S,9762.000000
Wed Aug 13 19:15:10 2025,13-Aug-2025,221718,48 14.909700 N,064 18.283300 W,5.2,2.0,A,DoorSpread,DoorMaster,0.000000,E,S,9762.000000
Wed Aug 13 19:15:10 2025,13-Aug-2025,221719,48 14.911100 N,064 18.283300 W,5.1,1.7,A,DoorSpread,DoorMaster,0.000000,E,S,9762.000000
Wed Aug 13 19:15:10 2025,13-Aug-2025,221720,48 14.912500 N,064 18.283200 W,5.2,1.8,A,DoorSpread,DoorMaster,0.000000,E,S,9762.000000
Wed Aug 13 19:15:10 2025,13-Aug-2025,221721,48 14.914000 N,064 18.283100 W,5.2,1.6,A,DoorSpread,DoorMaster,0.000000,E,S,9762.000000
Wed Aug 13 19:15:10 2025,13-Aug-2025,221722,48 14.915600 N,064 18.283000 W,5.2,1.5,A,DoorSpread,DoorMaster,0.000000,E,S,9762.000000
Wed Aug 13 19:15:10 2025,13-Aug-2025,221723,48 14.917000 N,064 18.282700 W,5.3,2.1,A,DoorSpread,DoorMaster,0.000000,E,S,9762.000000
Wed Aug 13 19:15:10 2025,13-Aug-2025,221724,48 14.918400 N,064 18.282300 W,5.3,2.7,A,DoorSpread,DoorMaster,0.000000,E,S,9762.000000
Wed Aug 13 19:15:10 2025,13-Aug-2025,221725,48 14.919800 N,064 18.281900 W,5.2,3.0,A,DoorSpread,DoorMaster,0.000000,E,S,9762.000000
Wed Aug 13 19:15:10 2025,13-Aug-2025,221726,48 14.921100 N,064 18.281700 W,5.2,2.9,A,DoorSpread,DoorMaster,0.000000,E,S,9762.000000
Wed Aug 13 19:15:10 2025,13-Aug-2025,221727,48 14.922400 N,064 18.281700 W,5.1,2.4,A,DoorSpread,DoorMaster,0.000000,E,S,9762.000000
Wed Aug 13 19:15:10 2025,13-Aug-2025,221728,48 14.923800 N,064 18.281700 W,5.2,1.9,A,DoorSpread,DoorMaster,0.000000,E,S,9762.000000
Wed Aug 13 19:15:10 2025,13-Aug-2025,221729,48 14.925300 N,064 18.281400 W,5.2,2.1,A,DoorSpread,DoorMaster,0.000000,E,S,9762.000000
Wed Aug 13 19:15:10 2025,13-Aug-2025,221730,48 14.926800 N,064 18.281000 W,5.2,2.6,A,DoorSpread,DoorMaster,0.000000,E,S,9762.000000
Wed Aug 13 19:15:10 2025,13-Aug-2025,221731,48 14.928300 N,064 18.280700 W,5.2,2.8,A,DoorSpread,DoorMaster,0.000000,E,S,9762.000000
Wed Aug 13 19:15:10 2025,13-Aug-2025,221732,48 14.929600 N,064 18.280700 W,5.2,2.5,A,DoorSpread,DoorMaster,0.000000,E,S,9762.000000
Wed Aug 13 19:15:10 2025,13-Aug-2025,221733,48 14.930900 N,064 18.280700 W,5.1,2.3,A,DoorSpread,DoorMaster,0.000000,E,S,9762.000000
Wed Aug 13 19:15:10 2025,13-Aug-2025,221734,48 14.932200 N,064 18.280700 W,5.1,2.4,A,DoorSpread,DoorMaster,0.000000,E,S,9762.000000
Wed Aug 13 19:15:10 2025,13-Aug-2025,221735,48 14.933600 N,064 18.280500 W,5.1,2.6,A,DoorSpread,DoorMaster,0.000000,E,S,9762.000000
Wed Aug 13 19:15:10 2025,13-Aug-2025,221736,48 14.935000 N,064 18.280500 W,5.2,2.7,A,DoorSpread,DoorMaster,0.000000,E,S,9762.000000
Wed Aug 13 19:15:10 2025,13-Aug-2025,221737,48 14.936400 N,064 18.280400 W,5.2,2.5,A,DoorSpread,DoorMaster,0.000000,E,S,9762.000000
Wed Aug 13 19:15:10 2025,13-Aug-2025,221738,48 14.937800 N,064 18.280500 W,5.1,2.1,A,DoorSpread,DoorMaster,0.000000,E,S,9762.000000
Wed Aug 13 19:15:10 2025,13-Aug-2025,221739,48 14.939200 N,064 18.280500 W,5.1,2.0,A,DoorSpread,DoorMaster,0.000000,E,S,9762.000000
Wed Aug 13 19:15:10 2025,13-Aug-2025,221740,48 14.940500 N,064 18.280300 W,5.1,2.0,A,DoorSpread,DoorMaster,0.000000,E,S,9762.000000
Wed Aug 13 19:15:10 2025,13-Aug-2025,221741,48 14.941800 N,064 18.280200 W,5.0,2.1,A,DoorSpread,DoorMaster,0.000000,E,S,9762.000000
Wed Aug 13 19:15:10 2025,13-Aug-2025,221742,48 14.943200 N,064 18.280100 W,5.0,2.2,A,DoorSpread,DoorMaster,0.000000,E,S,9762.000000
Wed Aug 13 19:15:10 2025,13-Aug-2025,221743,48 14.944600 N,064 18.280000 W,5.1,2.2,A,DoorSpread,DoorMaster,0.000000,E,S,9762.000000
Wed Aug 13 19:15:10 2025,13-Aug-2025,221744,48 14.946100 N,064 18.280000 W,5.1,2.0,A,DoorSpread,DoorMaster,0.000000,E,S,9762.000000
Wed Aug 13 19:15:10 2025,13-Aug-2025,221745,48 14.947500 N,064 18.280100 W,5.1,1.7,A,DoorSpread,DoorMaster,0.000000,E,S,9762.000000
Wed Aug 13 19:15:10 2025,13-Aug-2025,221746,48 14.949000 N,064 18.279900 W,5.1,1.7,A,DoorSpread,DoorMaster,0.000000,E,S,9762.000000
Wed Aug 13 19:15:10 2025,13-Aug-2025,221747,48 14.950400 N,064 18.279600 W,5.1,1.9,A,DoorSpread,DoorMaster,0.000000,E,S,9762.000000
Wed Aug 13 19:15:10 2025,13-Aug-2025,221748,48 14.951900 N,064 18.279300 W,5.1,2.1,A,DoorSpread,DoorMaster,0.000000,E,S,9762.000000
Wed Aug 13 19:15:10 2025,13-Aug-2025,221749,48 14.953300 N,064 18.279000 W,5.2,2.2,A,DoorSpread,DoorMaster,0.000000,E,S,9762.000000
Wed Aug 13 19:15:10 2025,13-Aug-2025,221750,48 14.954800 N,064 18.278800 W,5.2,2.3,A,DoorSpread,DoorMaster,0.000000,E,S,9762.000000
Wed Aug 13 19:15:10 2025,13-Aug-2025,221751,48 14.956300 N,064 18.278700 W,5.2,2.1,A,DoorSpread,DoorMaster,0.000000,E,S,9762.000000
Wed Aug 13 19:15:10 2025,13-Aug-2025,221752,48 14.957700 N,064 18.278800 W,5.2,2.0,A,DoorSpread,DoorMaster,0.000000,E,S,9762.000000
Wed Aug 13 19:15:10 2025,13-Aug-2025,221753,48 14.959200 N,064 18.278700 W,5.2,2.0,A,DoorSpread,DoorMaster,0.000000,E,S,9762.000000
Wed Aug 13 19:15:10 2025,13-Aug-2025,221754,48 14.960700 N,064 18.278600 W,5.2,2.7,A,DoorSpread,DoorMaster,0.000000,E,S,9762.000000
Wed Aug 13 19:15:10 2025,13-Aug-2025,221755,48 14.962100 N,064 18.278500 W,5.1,3.2,A,DoorSpread,DoorMaster,0.000000,E,S,9762.000000
Wed Aug 13 19:15:10 2025,13-Aug-2025,221756,48 14.963500 N,064 18.278500 W,5.1,2.8,A,DoorSpread,DoorMaster,0.000000,E,S,9762.000000
Wed Aug 13 19:15:10 2025,13-Aug-2025,221757,48 14.964800 N,064 18.278500 W,5.1,2.5,A,DoorSpread,DoorMaster,0.000000,E,S,9762.000000
Wed Aug 13 19:15:10 2025,13-Aug-2025,221758,48 14.966300 N,064 18.278700 W,5.1,2.3,A,DoorSpread,DoorMaster,0.000000,E,S,9762.000000
Wed Aug 13 19:15:10 2025,13-Aug-2025,221759,48 14.967600 N,064 18.278800 W,5.1,2.2,A,DoorSpread,DoorMaster,0.000000,E,S,9762.000000
Wed Aug 13 19:15:10 2025,13-Aug-2025,221800,48 14.969000 N,064 18.278800 W,5.1,2.4,A,DoorSpread,DoorMaster,0.000000,E,S,9762.000000
Wed Aug 13 19:15:10 2025,13-Aug-2025,221801,48 14.970400 N,064 18.278600 W,5.0,2.9,A,DoorSpread,DoorMaster,0.000000,E,S,9762.000000
Wed Aug 13 19:15:10 2025,13-Aug-2025,221802,48 14.971800 N,064 18.278500 W,5.0,3.3,A,DoorSpread,DoorMaster,0.000000,E,S,9762.000000
Wed Aug 13 19:15:10 2025,13-Aug-2025,221803,48 14.973300 N,064 18.278500 W,5.0,3.1,A,DoorSpread,DoorMaster,0.000000,E,S,9762.000000
Wed Aug 13 19:15:10 2025,13-Aug-2025,221804,48 14.974700 N,064 18.278500 W,5.0,2.8,A,DoorSpread,DoorMaster,0.000000,E,S,9762.000000
Wed Aug 13 19:15:10 2025,13-Aug-2025,221805,48 14.976200 N,064 18.278500 W,5.0,2.9,A,DoorSpread,DoorMaster,0.000000,E,S,9762.000000
Wed Aug 13 19:15:10 2025,13-Aug-2025,221806,48 14.977600 N,064 18.278400 W,5.1,3.1,A,DoorSpread,DoorMaster,0.000000,E,S,9762.000000
Wed Aug 13 19:15:10 2025,13-Aug-2025,221807,48 14.979100 N,064 18.278300 W,5.1,3.2,A,DoorSpread,DoorMaster,0.000000,E,S,9762.000000
Wed Aug 13 19:15:10 2025,13-Aug-2025,221808,48 14.980600 N,064 18.278200 W,5.1,3.5,A,DoorSpread,DoorMaster,0.000000,E,S,9762.000000
Wed Aug 13 19:15:10 2025,13-Aug-2025,221809,48 14.981900 N,064 18.278000 W,5.1,3.6,A,DoorSpread,DoorMaster,0.000000,E,S,9762.000000
Wed Aug 13 19:15:10 2025,13-Aug-2025,221810,48 14.983300 N,064 18.277800 W,5.1,3.8,A,DoorSpread,DoorMaster,0.000000,E,S,9762.000000
Wed Aug 13 19:15:10 2025,13-Aug-2025,221811,48 14.984600 N,064 18.277700 W,5.1,3.9,A,DoorSpread,DoorMaster,0.000000,E,S,9762.000000
Wed Aug 13 19:15:10 2025,13-Aug-2025,221812,48 14.986000 N,064 18.277500 W,5.1,3.5,A,DoorSpread,DoorMaster,0.000000,E,S,9762.000000
Wed Aug 13 19:15:10 2025,13-Aug-2025,221813,48 14.987400 N,064 18.277500 W,5.1,3.0,A,DoorSpread,DoorMaster,0.000000,E,S,9762.000000
Wed Aug 13 19:15:10 2025,13-Aug-2025,221814,48 14.988800 N,064 18.277300 W,5.1,3.2,A,DoorSpread,DoorMaster,0.000000,E,S,9762.000000
Wed Aug 13 19:15:10 2025,13-Aug-2025,221815,48 14.990300 N,064 18.277000 W,5.1,3.7,A,DoorSpread,DoorMaster,0.000000,E,S,9762.000000
Wed Aug 13 19:15:10 2025,13-Aug-2025,221816,48 14.991700 N,064 18.276700 W,5.1,4.2,A,DoorSpread,DoorMaster,0.000000,E,S,9762.000000
Wed Aug 13 19:15:10 2025,13-Aug-2025,221817,48 14.992900 N,064 18.276500 W,5.1,4.4,A,DoorSpread,DoorMaster,0.000000,E,S,9762.000000
Wed Aug 13 19:15:10 2025,13-Aug-2025,221818,48 14.994200 N,064 18.276400 W,5.0,4.1,A,DoorSpread,DoorMaster,0.000000,E,S,9762.000000
Wed Aug 13 19:15:10 2025,13-Aug-2025,221819,48 14.995500 N,064 18.276200 W,5.0,3.8,A,DoorSpread,DoorMaster,0.000000,E,S,9762.000000
Wed Aug 13 19:15:10 2025,13-Aug-2025,221820,48 14.996800 N,064 18.276000 W,5.0,3.6,A,DoorSpread,DoorMaster,0.000000,E,S,9762.000000
Wed Aug 13 19:15:10 2025,13-Aug-2025,221821,48 14.998100 N,064 18.275600 W,4.9,3.9,A,DoorSpread,DoorMaster,0.000000,E,S,9762.000000
Wed Aug 13 19:15:10 2025,13-Aug-2025,221822,48 14.999300 N,064 18.275100 W,4.8,4.2,A,DoorSpread,DoorMaster,0.000000,E,S,9762.000000
Wed Aug 13 19:15:10 2025,13-Aug-2025,221823,48 15.000400 N,064 18.274900 W,4.7,4.3,A,DoorSpread,DoorMaster,0.000000,E,S,9762.000000
Wed Aug 13 19:15:10 2025,13-Aug-2025,221824,48 15.001500 N,064 18.274700 W,4.5,4.3,A,DoorSpread,DoorMaster,0.000000,E,S,9762.000000
Wed Aug 13 19:15:10 2025,13-Aug-2025,221825,48 15.002500 N,064 18.274600 W,4.4,4.3,A,DoorSpread,DoorMaster,0.000000,E,S,9762.000000
Wed Aug 13 19:15:10 2025,13-Aug-2025,221826,48 15.003600 N,064 18.274500 W,4.2,3.8,A,DoorSpread,DoorMaster,0.000000,E,S,9762.000000
Wed Aug 13 19:15:10 2025,13-Aug-2025,221827,48 15.004600 N,064 18.274500 W,4.1,3.6,A,DoorSpread,DoorMaster,0.000000,E,S,9762.000000
Wed Aug 13 19:15:10 2025,13-Aug-2025,221828,48 15.005400 N,064 18.274200 W,3.9,3.8,A,DoorSpread,DoorMaster,0.000000,E,S,9762.000000
Wed Aug 13 19:15:10 2025,13-Aug-2025,221829,48 15.006100 N,064 18.273900 W,3.7,4.2,A,DoorSpread,DoorMaster,0.000000,E,S,9762.000000
Wed Aug 13 19:15:10 2025,13-Aug-2025,221830,48 15.006900 N,064 18.273800 W,3.5,4.5,A,DoorSpread,DoorMaster,0.000000,E,S,9762.000000
Wed Aug 13 19:15:10 2025,13-Aug-2025,221831,48 15.007700 N,064 18.273800 W,3.4,4.5,A,DoorSpread,DoorMaster,0.000000,E,S,9762.000000
Wed Aug 13 19:15:10 2025,13-Aug-2025,221832,48 15.008500 N,064 18.273800 W,3.3,4.5,A,DoorSpread,DoorMaster,0.000000,E,S,9762.000000
Wed Aug 13 19:15:10 2025,13-Aug-2025,221833,48 15.009200 N,064 18.273700 W,3.2,4.8,A,DoorSpread,DoorMaster,0.000000,E,S,9762.000000
Wed Aug 13 19:15:10 2025,13-Aug-2025,221834,48 15.009800 N,064 18.273500 W,3.1,5.5,A,DoorSpread,DoorMaster,0.000000,E,S,9762.000000
Wed Aug 13 19:15:10 2025,13-Aug-2025,221835,48 15.010500 N,064 18.273300 W,3.0,6.2,A,DoorSpread,DoorMaster,0.000000,E,S,9762.000000
Wed Aug 13 19:15:10 2025,13-Aug-2025,221836,48 15.011200 N,064 18.273100 W,2.9,6.6,A,DoorSpread,DoorMaster,0.000000,E,S,9762.000000
Wed Aug 13 19:15:10 2025,13-Aug-2025,221837,48 15.011800 N,064 18.273100 W,2.8,6.6,A,DoorSpread,DoorMaster,0.000000,E,S,9762.000000
Wed Aug 13 19:15:10 2025,13-Aug-2025,221838,48 15.012500 N,064 18.273100 W,2.7,6.4,A,DoorSpread,DoorMaster,0.000000,E,S,9762.000000
Wed Aug 13 19:15:10 2025,13-Aug-2025,221839,48 15.013200 N,064 18.273100 W,2.6,6.3,A,DoorSpread,DoorMaster,0.000000,E,S,9762.000000
Wed Aug 13 19:15:10 2025,13-Aug-2025,221840,48 15.013800 N,064 18.273000 W,2.5,6.4,A,DoorSpread,DoorMaster,0.000000,E,S,9762.000000
Wed Aug 13 19:15:10 2025,13-Aug-2025,221841,48 15.014400 N,064 18.272800 W,2.4,6.4,A,DoorSpread,DoorMaster,0.000000,E,S,9762.000000
Wed Aug 13 19:15:10 2025,13-Aug-2025,221842,48 15.015000 N,064 18.272700 W,2.4,7.0,A,DoorSpread,DoorMaster,0.000000,E,S,9762.000000
Wed Aug 13 19:15:10 2025,13-Aug-2025,221843,48 15.015500 N,064 18.272400 W,2.4,7.5,A,DoorSpread,DoorMaster,0.000000,E,S,9762.000000
Wed Aug 13 19:15:10 2025,13-Aug-2025,221844,48 15.016100 N,064 18.272300 W,2.3,7.8,A,DoorSpread,DoorMaster,0.000000,E,S,9762.000000
Wed Aug 13 19:15:10 2025,13-Aug-2025,221845,48 15.016600 N,064 18.272300 W,2.2,7.8,A,DoorSpread,DoorMaster,0.000000,E,S,9762.000000
Wed Aug 13 19:15:10 2025,13-Aug-2025,221846,48 15.017200 N,064 18.272300 W,2.2,7.8,A,DoorSpread,DoorMaster,0.000000,E,S,9762.000000
Wed Aug 13 19:15:10 2025,13-Aug-2025,221847,48 15.017700 N,064 18.272000 W,2.1,8.1,A,DoorSpread,DoorMaster,0.000000,E,S,9762.000000
Wed Aug 13 19:15:10 2025,13-Aug-2025,221848,48 15.018100 N,064 18.271800 W,2.0,8.5,A,DoorSpread,DoorMaster,0.000000,E,S,9762.000000
Wed Aug 13 19:15:10 2025,13-Aug-2025,221849,48 15.018500 N,064 18.271500 W,2.0,9.3,A,DoorSpread,DoorMaster,0.000000,E,S,9762.000000
Wed Aug 13 19:15:10 2025,13-Aug-2025,221850,48 15.019000 N,064 18.271200 W,2.0,9.7,A,DoorSpread,DoorMaster,0.000000,E,S,9762.000000
Wed Aug 13 19:15:10 2025,13-Aug-2025,221851,48 15.019500 N,064 18.271200 W,2.0,9.6,A,DoorSpread,DoorMaster,0.000000,E,S,9762.000000
Wed Aug 13 19:15:10 2025,13-Aug-2025,221852,48 15.019900 N,064 18.271300 W,1.9,9.5,A,DoorSpread,DoorMaster,0.000000,E,S,9762.000000
Wed Aug 13 19:15:10 2025,13-Aug-2025,221853,48 15.020200 N,064 18.271100 W,1.8,9.7,A,DoorSpread,DoorMaster,0.000000,E,S,9762.000000
Wed Aug 13 19:15:10 2025,13-Aug-2025,221854,48 15.020700 N,064 18.270600 W,1.8,11.0,A,DoorSpread,DoorMaster,0.000000,E,S,9762.000000
Wed Aug 13 19:15:10 2025,13-Aug-2025,221855,48 15.021200 N,064 18.270300 W,1.9,12.0,A,DoorSpread,DoorMaster,0.000000,E,S,9762.000000
Wed Aug 13 19:15:10 2025,13-Aug-2025,221856,48 15.021700 N,064 18.270300 W,1.9,12.1,A,DoorSpread,DoorMaster,0.000000,E,S,9762.000000
Wed Aug 13 19:15:10 2025,13-Aug-2025,221857,48 15.022100 N,064 18.270200 W,1.9,12.2,A,DoorSpread,DoorMaster,0.000000,E,S,9762.000000
Wed Aug 13 19:15:10 2025,13-Aug-2025,221858,48 15.022500 N,064 18.270100 W,1.9,12.2,A,DoorSpread,DoorMaster,0.000000,E,S,9762.000000
Wed Aug 13 19:15:10 2025,13-Aug-2025,221859,48 15.023000 N,064 18.269800 W,2.0,12.5,A,DoorSpread,DoorMaster,0.000000,E,S,9762.000000
Wed Aug 13 19:15:10 2025,13-Aug-2025,221900,48 15.023600 N,064 18.269400 W,2.0,12.7,A,DoorSpread,DoorMaster,0.000000,E,S,9762.000000
Wed Aug 13 19:15:10 2025,13-Aug-2025,221901,48 15.024100 N,064 18.269000 W,2.0,12.8,A,DoorSpread,DoorMaster,0.000000,E,S,9762.000000
Wed Aug 13 19:15:10 2025,13-Aug-2025,221902,48 15.024600 N,064 18.268700 W,2.1,13.1,A,DoorSpread,DoorMaster,0.000000,E,S,9762.000000
Wed Aug 13 19:15:10 2025,13-Aug-2025,221903,48 15.025200 N,064 18.268300 W,2.1,13.3,A,DoorSpread,DoorMaster,0.000000,E,S,9762.000000
Wed Aug 13 19:15:10 2025,13-Aug-2025,221904,48 15.025800 N,064 18.268100 W,2.1,13.0,A,DoorSpread,DoorMaster,0.000000,E,S,9762.000000
Wed Aug 13 19:15:10 2025,13-Aug-2025,221905,48 15.026300 N,064 18.267900 W,2.1,12.7,A,DoorSpread,DoorMaster,0.000000,E,S,9762.000000
Wed Aug 13 19:15:10 2025,13-Aug-2025,221906,48 15.026900 N,064 18.267700 W,2.2,12.5,A,DoorSpread,DoorMaster,0.000000,E,S,9762.000000
Wed Aug 13 19:15:10 2025,13-Aug-2025,221907,48 15.027500 N,064 18.267400 W,2.2,12.8,A,DoorSpread,DoorMaster,0.000000,E,S,9762.000000
Wed Aug 13 19:15:10 2025,13-Aug-2025,221908,48 15.028300 N,064 18.267100 W,2.3,13.0,A,DoorSpread,DoorMaster,0.000000,E,S,9762.000000
Wed Aug 13 19:15:10 2025,13-Aug-2025,221909,48 15.029000 N,064 18.266800 W,2.4,12.8,A,DoorSpread,DoorMaster,0.000000,E,S,9762.000000
Wed Aug 13 19:15:10 2025,13-Aug-2025,221910,48 15.029800 N,064 18.266500 W,2.4,12.4,A,DoorSpread,DoorMaster,0.000000,E,S,9762.000000
Wed Aug 13 19:15:10 2025,13-Aug-2025,221911,48 15.030600 N,064 18.266300 W,2.5,11.8,A,DoorSpread,DoorMaster,0.000000,E,S,9762.000000
Wed Aug 13 19:15:10 2025,13-Aug-2025,221912,48 15.031300 N,064 18.266000 W,2.5,11.5,A,DoorSpread,DoorMaster,0.000000,E,S,9762.000000
Wed Aug 13 19:15:10 2025,13-Aug-2025,221913,48 15.031800 N,064 18.265700 W,2.5,11.4,A,DoorSpread,DoorMaster,0.000000,E,S,9762.000000
Wed Aug 13 19:15:10 2025,13-Aug-2025,221914,48 15.032400 N,064 18.265500 W,2.5,11.3,A,DoorSpread,DoorMaster,0.000000,E,S,9762.000000
Wed Aug 13 19:15:10 2025,13-Aug-2025,221915,48 15.033000 N,064 18.265500 W,2.5,11.0,A,DoorSpread,DoorMaster,0.000000,E,S,9762.000000
Wed Aug 13 19:15:10 2025,13-Aug-2025,221916,48 15.033600 N,064 18.265400 W,2.5,10.7,A,DoorSpread,DoorMaster,0.000000,E,S,9762.000000
Wed Aug 13 19:15:10 2025,13-Aug-2025,221917,48 15.034300 N,064 18.265200 W,2.5,10.4,A,DoorSpread,DoorMaster,0.000000,E,S,9762.000000
Wed Aug 13 19:15:10 2025,13-Aug-2025,221918,48 15.034900 N,064 18.265200 W,2.4,10.4,A,DoorSpread,DoorMaster,0.000000,E,S,9762.000000
Wed Aug 13 19:15:10 2025,13-Aug-2025,221919,48 15.035600 N,064 18.264900 W,2.5,10.9,A,DoorSpread,DoorMaster,0.000000,E,S,9762.000000
Wed Aug 13 19:15:10 2025,13-Aug-2025,221920,48 15.036300 N,064 18.264700 W,2.5,11.0,A,DoorSpread,DoorMaster,0.000000,E,S,9762.000000
Wed Aug 13 19:15:10 2025,13-Aug-2025,221921,48 15.037100 N,064 18.264600 W,2.6,10.4,A,DoorSpread,DoorMaster,0.000000,E,S,9762.000000
Wed Aug 13 19:15:10 2025,13-Aug-2025,221922,48 15.037700 N,064 18.264600 W,2.5,9.9,A,DoorSpread,DoorMaster,0.000000,E,S,9762.000000
Wed Aug 13 19:15:10 2025,13-Aug-2025,221923,48 15.038300 N,064 18.264300 W,2.5,10.0,A,DoorSpread,DoorMaster,0.000000,E,S,9762.000000
Wed Aug 13 19:15:10 2025,13-Aug-2025,221924,48 15.039000 N,064 18.263800 W,2.6,10.6,A,DoorSpread,DoorMaster,0.000000,E,S,9762.000000
Wed Aug 13 19:15:10 2025,13-Aug-2025,221925,48 15.039800 N,064 18.263400 W,2.6,11.3,A,DoorSpread,DoorMaster,0.000000,E,S,9762.000000
Wed Aug 13 19:15:10 2025,13-Aug-2025,221926,48 15.040500 N,064 18.263300 W,2.6,10.9,A,DoorSpread,DoorMaster,0.000000,E,S,9762.000000
Wed Aug 13 19:15:10 2025,13-Aug-2025,221927,48 15.041100 N,064 18.263600 W,2.6,9.9,A,DoorSpread,DoorMaster,0.000000,E,S,9762.000000
Wed Aug 13 19:15:10 2025,13-Aug-2025,221928,48 15.041800 N,064 18.263600 W,2.6,9.4,A,DoorSpread,DoorMaster,0.000000,E,S,9762.000000
Wed Aug 13 19:15:10 2025,13-Aug-2025,221929,48 15.042600 N,064 18.263200 W,2.6,9.6,A,DoorSpread,DoorMaster,0.000000,E,S,9762.000000
Wed Aug 13 19:15:10 2025,13-Aug-2025,221930,48 15.043400 N,064 18.262900 W,2.7,10.1,A,DoorSpread,DoorMaster,0.000000,E,S,9762.000000
Wed Aug 13 19:15:10 2025,13-Aug-2025,221931,48 15.044000 N,064 18.262600 W,2.6,10.2,A,DoorSpread,DoorMaster,0.000000,E,S,9762.000000
Wed Aug 13 19:15:10 2025,13-Aug-2025,221932,48 15.044600 N,064 18.262500 W,2.5,10.2,A,DoorSpread,DoorMaster,0.000000,E,S,9762.000000
Wed Aug 13 19:15:10 2025,13-Aug-2025,221933,48 15.045300 N,064 18.262400 W,2.5,10.0,A,DoorSpread,DoorMaster,0.000000,E,S,9762.000000
Wed Aug 13 19:15:10 2025,13-Aug-2025,221934,48 15.045900 N,064 18.262300 W,2.5,10.0,A,DoorSpread,DoorMaster,0.000000,E,S,9762.000000
Wed Aug 13 19:15:10 2025,13-Aug-2025,221935,48 15.046400 N,064 18.262100 W,2.4,10.5,A,DoorSpread,DoorMaster,0.000000,E,S,9762.000000
Wed Aug 13 19:15:10 2025,13-Aug-2025,221936,48 15.046900 N,064 18.261800 W,2.4,11.1,A,DoorSpread,DoorMaster,0.000000,E,S,9762.000000
Wed Aug 13 19:15:10 2025,13-Aug-2025,221937,48 15.047500 N,064 18.261600 W,2.4,11.3,A,DoorSpread,DoorMaster,0.000000,E,S,9762.000000
Wed Aug 13 19:15:10 2025,13-Aug-2025,221938,48 15.048000 N,064 18.261700 W,2.4,11.2,A,DoorSpread,DoorMaster,0.000000,E,S,9762.000000
Wed Aug 13 19:15:10 2025,13-Aug-2025,221939,48 15.048500 N,064 18.261700 W,2.3,11.0,A,DoorSpread,DoorMaster,0.000000,E,S,9762.000000
Wed Aug 13 19:15:10 2025,13-Aug-2025,221940,48 15.049000 N,064 18.261600 W,2.3,10.7,A,DoorSpread,DoorMaster,0.000000,E,S,9762.000000
Wed Aug 13 19:15:10 2025,13-Aug-2025,221941,48 15.049800 N,064 18.261400 W,2.4,10.6,A,DoorSpread,DoorMaster,0.000000,E,S,9762.000000
Wed Aug 13 19:15:10 2025,13-Aug-2025,221942,48 15.050400 N,064 18.260900 W,2.3,11.0,A,DoorSpread,DoorMaster,0.000000,E,S,9762.000000
Wed Aug 13 19:15:10 2025,13-Aug-2025,221943,48 15.050900 N,064 18.260600 W,2.2,11.1,A,DoorSpread,DoorMaster,0.000000,E,S,9762.000000
Wed Aug 13 19:15:10 2025,13-Aug-2025,221944,48 15.051500 N,064 18.260500 W,2.2,11.1,A,DoorSpread,DoorMaster,0.000000,E,S,9762.000000
Wed Aug 13 19:15:10 2025,13-Aug-2025,221945,48 15.052100 N,064 18.260300 W,2.2,11.2,A,DoorSpread,DoorMaster,0.000000,E,S,9762.000000
Wed Aug 13 19:15:10 2025,13-Aug-2025,221946,48 15.052600 N,064 18.260100 W,2.1,11.3,A,DoorSpread,DoorMaster,0.000000,E,S,9762.000000
Wed Aug 13 19:15:10 2025,13-Aug-2025,221947,48 15.053100 N,064 18.259800 W,2.1,11.4,A,DoorSpread,DoorMaster,0.000000,E,S,9762.000000
Wed Aug 13 19:15:10 2025,13-Aug-2025,221948,48 15.053600 N,064 18.259500 W,2.1,11.4,A,DoorSpread,DoorMaster,0.000000,E,S,9762.000000
Wed Aug 13 19:15:10 2025,13-Aug-2025,221949,48 15.054100 N,064 18.259300 W,2.0,11.6,A,DoorSpread,DoorMaster,0.000000,E,S,9762.000000
Wed Aug 13 19:15:10 2025,13-Aug-2025,221950,48 15.054500 N,064 18.259000 W,2.0,11.7,A,DoorSpread,DoorMaster,0.000000,E,S,9762.000000
Wed Aug 13 19:15:10 2025,13-Aug-2025,221951,48 15.054900 N,064 18.258700 W,1.9,12.0,A,DoorSpread,DoorMaster,0.000000,E,S,9762.000000
Wed Aug 13 19:15:10 2025,13-Aug-2025,221952,48 15.055400 N,064 18.258500 W,1.9,12.2,A,DoorSpread,DoorMaster,0.000000,E,S,9762.000000
Wed Aug 13 19:15:10 2025,13-Aug-2025,221953,48 15.055900 N,064 18.258200 W,2.0,12.7,A,DoorSpread,DoorMaster,0.000000,E,S,9762.000000
Wed Aug 13 19:15:10 2025,13-Aug-2025,221954,48 15.056400 N,064 18.257900 W,1.9,13.0,A,DoorSpread,DoorMaster,0.000000,E,S,9762.000000
Wed Aug 13 19:15:10 2025,13-Aug-2025,221955,48 15.056800 N,064 18.257700 W,1.9,13.2,A,DoorSpread,DoorMaster,0.000000,E,S,9762.000000
Wed Aug 13 19:15:10 2025,13-Aug-2025,221956,48 15.057300 N,064 18.257600 W,1.9,13.3,A,DoorSpread,DoorMaster,0.000000,E,S,9762.000000
Wed Aug 13 19:15:10 2025,13-Aug-2025,221957,48 15.057900 N,064 18.257200 W,2.0,14.0,A,DoorSpread,DoorMaster,0.000000,E,S,9762.000000
Wed Aug 13 19:15:10 2025,13-Aug-2025,221958,48 15.058400 N,064 18.256900 W,2.0,14.4,A,DoorSpread,DoorMaster,0.000000,E,S,9762.000000
Wed Aug 13 19:15:10 2025,13-Aug-2025,221959,48 15.059000 N,064 18.256700 W,2.0,14.4,A,DoorSpread,DoorMaster,0.000000,E,S,9762.000000
Wed Aug 13 19:15:10 2025,13-Aug-2025,222000,48 15.059500 N,064 18.256400 W,2.0,14.5,A,DoorSpread,DoorMaster,0.000000,E,S,9762.000000
Wed Aug 13 19:15:10 2025,13-Aug-2025,222001,48 15.060100 N,064 18.256000 W,2.0,14.7,A,DoorSpread,DoorMaster,0.000000,E,S,9762.000000
Wed Aug 13 19:15:10 2025,13-Aug-2025,222002,48 15.060700 N,064 18.255700 W,2.1,14.8,A,DoorSpread,DoorMaster,0.000000,E,S,9762.000000
Wed Aug 13 19:15:10 2025,13-Aug-2025,222003,48 15.061300 N,064 18.255300 W,2.1,15.2,A,DoorSpread,DoorMaster,0.000000,E,S,9762.000000
Wed Aug 13 19:15:10 2025,13-Aug-2025,222004,48 15.061800 N,064 18.255000 W,2.1,15.5,A,DoorSpread,DoorMaster,0.000000,E,S,9762.000000
Wed Aug 13 19:15:10 2025,13-Aug-2025,222005,48 15.062300 N,064 18.254700 W,2.1,15.8,A,DoorSpread,DoorMaster,0.000000,E,S,9762.000000
Wed Aug 13 19:15:10 2025,13-Aug-2025,222006,48 15.062900 N,064 18.254400 W,2.1,15.9,A,DoorSpread,DoorMaster,0.000000,E,S,9762.000000
Wed Aug 13 19:15:10 2025,13-Aug-2025,222007,48 15.063600 N,064 18.254100 W,2.2,15.7,A,DoorSpread,DoorMaster,0.000000,E,S,9762.000000
Wed Aug 13 19:15:10 2025,13-Aug-2025,222008,48 15.064300 N,064 18.253900 W,2.2,15.5,A,DoorSpread,DoorMaster,0.000000,E,S,9762.000000
Wed Aug 13 19:15:10 2025,13-Aug-2025,222009,48 15.065000 N,064 18.253500 W,2.2,15.5,A,DoorSpread,DoorMaster,0.000000,E,S,9762.000000
Wed Aug 13 19:15:10 2025,13-Aug-2025,222010,48 15.065600 N,064 18.253000 W,2.2,15.8,A,DoorSpread,DoorMaster,0.000000,E,S,9762.000000
Wed Aug 13 19:15:10 2025,13-Aug-2025,222011,48 15.066200 N,064 18.252700 W,2.3,16.1,A,DoorSpread,DoorMaster,0.000000,E,S,9762.000000
Wed Aug 13 19:15:10 2025,13-Aug-2025,222012,48 15.066900 N,064 18.252500 W,2.3,15.9,A,DoorSpread,DoorMaster,0.000000,E,S,9762.000000
Wed Aug 13 19:15:10 2025,13-Aug-2025,222013,48 15.067500 N,064 18.252200 W,2.3,15.7,A,DoorSpread,DoorMaster,0.000000,E,S,9762.000000
Wed Aug 13 19:15:10 2025,13-Aug-2025,222014,48 15.068000 N,064 18.251900 W,2.2,15.6,A,DoorSpread,DoorMaster,0.000000,E,S,9762.000000
Wed Aug 13 19:15:10 2025,13-Aug-2025,222015,48 15.068600 N,064 18.251600 W,2.3,15.5,A,DoorSpread,DoorMaster,0.000000,E,S,9762.000000
Wed Aug 13 19:15:10 2025,13-Aug-2025,222016,48 15.069200 N,064 18.251300 W,2.3,15.5,A,DoorSpread,DoorMaster,0.000000,E,S,9762.000000
Wed Aug 13 19:15:10 2025,13-Aug-2025,222017,48 15.069700 N,064 18.251000 W,2.3,15.7,A,DoorSpread,DoorMaster,0.000000,E,S,9762.000000
Wed Aug 13 19:15:10 2025,13-Aug-2025,222018,48 15.070200 N,064 18.250500 W,2.3,16.5,A,DoorSpread,DoorMaster,0.000000,E,S,9762.000000
Wed Aug 13 19:15:10 2025,13-Aug-2025,222019,48 15.070800 N,064 18.250000 W,2.4,17.2,A,DoorSpread,DoorMaster,0.000000,E,S,9762.000000
Wed Aug 13 19:15:10 2025,13-Aug-2025,222020,48 15.071500 N,064 18.249600 W,2.4,17.5,A,DoorSpread,DoorMaster,0.000000,E,S,9762.000000
Wed Aug 13 19:15:10 2025,13-Aug-2025,222021,48 15.072000 N,064 18.249500 W,2.3,16.9,A,DoorSpread,DoorMaster,0.000000,E,S,9762.000000
Wed Aug 13 19:15:10 2025,13-Aug-2025,222022,48 15.072500 N,064 18.249400 W,2.2,16.4,A,DoorSpread,DoorMaster,0.000000,E,S,9762.000000
Wed Aug 13 19:15:10 2025,13-Aug-2025,222023,48 15.073000 N,064 18.249000 W,2.2,16.8,A,DoorSpread,DoorMaster,0.000000,E,S,9762.000000
Wed Aug 13 19:15:10 2025,13-Aug-2025,222024,48 15.073600 N,064 18.248500 W,2.4,17.1,A,DoorSpread,DoorMaster,0.000000,E,S,9762.000000
Wed Aug 13 19:15:10 2025,13-Aug-2025,222025,48 15.074300 N,064 18.248200 W,2.4,16.6,A,DoorSpread,DoorMaster,0.000000,E,S,9762.000000
Wed Aug 13 19:15:10 2025,13-Aug-2025,222026,48 15.074900 N,064 18.248300 W,2.3,15.8,A,DoorSpread,DoorMaster,0.000000,E,S,9762.000000
Wed Aug 13 19:15:10 2025,13-Aug-2025,222027,48 15.075500 N,064 18.248200 W,2.4,15.0,A,DoorSpread,DoorMaster,0.000000,E,S,9762.000000
Wed Aug 13 19:15:10 2025,13-Aug-2025,222028,48 15.076200 N,064 18.247900 W,2.4,14.6,A,DoorSpread,DoorMaster,0.000000,E,S,9762.000000
Wed Aug 13 19:15:10 2025,13-Aug-2025,222029,48 15.076700 N,064 18.247600 W,2.4,14.7,A,DoorSpread,DoorMaster,0.000000,E,S,9762.000000
Wed Aug 13 19:15:10 2025,13-Aug-2025,222030,48 15.077200 N,064 18.247300 W,2.4,14.8,A,DoorSpread,DoorMaster,0.000000,E,S,9762.000000
Wed Aug 13 19:15:10 2025,13-Aug-2025,222031,48 15.077800 N,064 18.247200 W,2.4,14.0,A,DoorSpread,DoorMaster,0.000000,E,S,9762.000000
Wed Aug 13 19:15:10 2025,13-Aug-2025,222032,48 15.078600 N,064 18.247300 W,2.4,13.2,A,DoorSpread,DoorMaster,0.000000,E,S,9762.000000
Wed Aug 13 19:15:10 2025,13-Aug-2025,222033,48 15.079300 N,064 18.247300 W,2.4,12.8,A,DoorSpread,DoorMaster,0.000000,E,S,9762.000000
Wed Aug 13 19:15:10 2025,13-Aug-2025,222034,48 15.080000 N,064 18.247100 W,2.4,12.7,A,DoorSpread,DoorMaster,0.000000,E,S,9762.000000
Wed Aug 13 19:15:10 2025,13-Aug-2025,222035,48 15.080600 N,064 18.246800 W,2.4,13.1,A,DoorSpread,DoorMaster,0.000000,E,S,9762.000000
Wed Aug 13 19:15:10 2025,13-Aug-2025,222036,48 15.081300 N,064 18.246600 W,2.4,13.5,A,DoorSpread,DoorMaster,0.000000,E,S,9762.000000
Wed Aug 13 19:15:10 2025,13-Aug-2025,222037,48 15.081800 N,064 18.246400 W,2.3,13.3,A,DoorSpread,DoorMaster,0.000000,E,S,9762.000000
Wed Aug 13 19:15:10 2025,13-Aug-2025,222038,48 15.082400 N,064 18.246500 W,2.3,12.7,A,DoorSpread,DoorMaster,0.000000,E,S,9762.000000
Wed Aug 13 19:15:10 2025,13-Aug-2025,222039,48 15.083100 N,064 18.246400 W,2.3,12.3,A,DoorSpread,DoorMaster,0.000000,E,S,9762.000000
Wed Aug 13 19:15:10 2025,13-Aug-2025,222040,48 15.083600 N,064 18.246200 W,2.3,12.7,A,DoorSpread,DoorMaster,0.000000,E,S,9762.000000
Wed Aug 13 19:15:10 2025,13-Aug-2025,222041,48 15.084200 N,064 18.245800 W,2.3,13.5,A,DoorSpread,DoorMaster,0.000000,E,S,9762.000000
Wed Aug 13 19:15:10 2025,13-Aug-2025,222042,48 15.084700 N,064 18.245500 W,2.2,13.9,A,DoorSpread,DoorMaster,0.000000,E,S,9762.000000
Wed Aug 13 19:15:10 2025,13-Aug-2025,222043,48 15.085300 N,064 18.245400 W,2.2,13.9,A,DoorSpread,DoorMaster,0.000000,E,S,9762.000000
Wed Aug 13 19:15:10 2025,13-Aug-2025,222044,48 15.085800 N,064 18.245300 W,2.2,13.4,A,DoorSpread,DoorMaster,0.000000,E,S,9762.000000
Wed Aug 13 19:15:10 2025,13-Aug-2025,222045,48 15.086400 N,064 18.245100 W,2.1,13.3,A,DoorSpread,DoorMaster,0.000000,E,S,9762.000000
Wed Aug 13 19:15:10 2025,13-Aug-2025,222046,48 15.086900 N,064 18.244700 W,2.2,13.8,A,DoorSpread,DoorMaster,0.000000,E,S,9762.000000
Wed Aug 13 19:15:10 2025,13-Aug-2025,222047,48 15.087500 N,064 18.244200 W,2.2,14.5,A,DoorSpread,DoorMaster,0.000000,E,S,9762.000000
Wed Aug 13 19:15:10 2025,13-Aug-2025,222048,48 15.088000 N,064 18.243800 W,2.1,14.9,A,DoorSpread,DoorMaster,0.000000,E,S,9762.000000
Wed Aug 13 19:15:10 2025,13-Aug-2025,222049,48 15.088500 N,064 18.243500 W,2.1,14.9,A,DoorSpread,DoorMaster,0.000000,E,S,9762.000000
Wed Aug 13 19:15:10 2025,13-Aug-2025,222050,48 15.089000 N,064 18.243400 W,2.1,14.6,A,DoorSpread,DoorMaster,0.000000,E,S,9762.000000
Wed Aug 13 19:15:10 2025,13-Aug-2025,222051,48 15.089500 N,064 18.243200 W,2.1,14.3,A,DoorSpread,DoorMaster,0.000000,E,S,9762.000000
Wed Aug 13 19:15:10 2025,13-Aug-2025,222052,48 15.090000 N,064 18.242800 W,2.1,14.5,A,DoorSpread,DoorMaster,0.000000,E,S,9762.000000
Wed Aug 13 19:15:10 2025,13-Aug-2025,222053,48 15.090600 N,064 18.242400 W,2.1,15.0,A,DoorSpread,DoorMaster,0.000000,E,S,9762.000000
Wed Aug 13 19:15:10 2025,13-Aug-2025,222054,48 15.091100 N,064 18.242100 W,2.1,15.2,A,DoorSpread,DoorMaster,0.000000,E,S,9762.000000
Wed Aug 13 19:15:10 2025,13-Aug-2025,222055,48 15.091600 N,064 18.241900 W,2.1,15.1,A,DoorSpread,DoorMaster,0.000000,E,S,9762.000000
Wed Aug 13 19:15:10 2025,13-Aug-2025,222056,48 15.092100 N,064 18.241700 W,2.1,15.0,A,DoorSpread,DoorMaster,0.000000,E,S,9762.000000
Wed Aug 13 19:15:10 2025,13-Aug-2025,222057,48 15.092600 N,064 18.241300 W,2.1,15.1,A,DoorSpread,DoorMaster,0.000000,E,S,9762.000000
Wed Aug 13 19:15:10 2025,13-Aug-2025,222058,48 15.093100 N,064 18.240900 W,2.1,15.9,A,DoorSpread,DoorMaster,0.000000,E,S,9762.000000
Wed Aug 13 19:15:10 2025,13-Aug-2025,222059,48 15.093600 N,064 18.240500 W,2.1,16.4,A,DoorSpread,DoorMaster,0.000000,E,S,9762.000000
Wed Aug 13 19:15:10 2025,13-Aug-2025,222100,48 15.094300 N,064 18.240300 W,2.1,16.2,A,DoorSpread,DoorMaster,0.000000,E,S,9762.000000
Wed Aug 13 19:15:10 2025,13-Aug-2025,222101,48 15.094800 N,064 18.240200 W,2.1,15.7,A,DoorSpread,DoorMaster,0.000000,E,S,9762.000000
Wed Aug 13 19:15:10 2025,13-Aug-2025,222102,48 15.095400 N,064 18.239900 W,2.1,15.4,A,DoorSpread,DoorMaster,0.000000,E,S,9762.000000
Wed Aug 13 19:15:10 2025,13-Aug-2025,222103,48 15.095900 N,064 18.239500 W,2.1,16.0,A,DoorSpread,DoorMaster,0.000000,E,S,9762.000000
Wed Aug 13 19:15:10 2025,13-Aug-2025,222104,48 15.096400 N,064 18.239100 W,2.1,16.6,A,DoorSpread,DoorMaster,0.000000,E,S,9762.000000
Wed Aug 13 19:15:10 2025,13-Aug-2025,222105,48 15.097000 N,064 18.239000 W,2.1,16.3,A,DoorSpread,DoorMaster,0.000000,E,S,9762.000000
Wed Aug 13 19:15:10 2025,13-Aug-2025,222106,48 15.097600 N,064 18.239000 W,2.2,15.4,A,DoorSpread,DoorMaster,0.000000,E,S,9762.000000
Wed Aug 13 19:15:10 2025,13-Aug-2025,222107,48 15.098200 N,064 18.238800 W,2.2,15.1,A,DoorSpread,DoorMaster,0.000000,E,S,9762.000000
Wed Aug 13 19:15:10 2025,13-Aug-2025,222108,48 15.098700 N,064 18.238500 W,2.2,15.2,A,DoorSpread,DoorMaster,0.000000,E,S,9762.000000
Wed Aug 13 19:15:10 2025,13-Aug-2025,222109,48 15.099200 N,064 18.238100 W,2.2,15.4,A,DoorSpread,DoorMaster,0.000000,E,S,9762.000000
Wed Aug 13 19:15:10 2025,13-Aug-2025,222110,48 15.099700 N,064 18.237800 W,2.2,15.6,A,DoorSpread,DoorMaster,0.000000,E,S,9762.000000
Wed Aug 13 19:15:10 2025,13-Aug-2025,222111,48 15.100200 N,064 18.237500 W,2.2,15.7,A,DoorSpread,DoorMaster,0.000000,E,S,9762.000000
Wed Aug 13 19:15:10 2025,13-Aug-2025,222112,48 15.100700 N,064 18.237100 W,2.2,15.9,A,DoorSpread,DoorMaster,0.000000,E,S,9762.000000
Wed Aug 13 19:15:10 2025,13-Aug-2025,222113,48 15.101300 N,064 18.236800 W,2.2,15.8,A,DoorSpread,DoorMaster,0.000000,E,S,9762.000000
Wed Aug 13 19:15:10 2025,13-Aug-2025,222114,48 15.101800 N,064 18.236500 W,2.2,15.7,A,DoorSpread,DoorMaster,0.000000,E,S,9762.000000
Wed Aug 13 19:15:10 2025,13-Aug-2025,222115,48 15.102300 N,064 18.236200 W,2.2,15.8,A,DoorSpread,DoorMaster,0.000000,E,S,9762.000000
Wed Aug 13 19:15:10 2025,13-Aug-2025,222116,48 15.102900 N,064 18.235800 W,2.2,16.2,A,DoorSpread,DoorMaster,0.000000,E,S,9762.000000
Wed Aug 13 19:15:10 2025,13-Aug-2025,222117,48 15.103400 N,064 18.235500 W,2.2,16.7,A,DoorSpread,DoorMaster,0.000000,E,S,9762.000000
Wed Aug 13 19:15:10 2025,13-Aug-2025,222118,48 15.104000 N,064 18.235200 W,2.2,16.9,A,DoorSpread,DoorMaster,0.000000,E,S,9762.000000
Wed Aug 13 19:15:10 2025,13-Aug-2025,222119,48 15.104600 N,064 18.235000 W,2.3,16.2,A,DoorSpread,DoorMaster,0.000000,E,S,9762.000000
Wed Aug 13 19:15:10 2025,13-Aug-2025,222120,48 15.105400 N,064 18.234800 W,2.4,15.4,A,DoorSpread,DoorMaster,0.000000,E,S,9762.000000
Wed Aug 13 19:15:10 2025,13-Aug-2025,222121,48 15.106100 N,064 18.234500 W,2.4,14.8,A,DoorSpread,DoorMaster,0.000000,E,S,9762.000000
Wed Aug 13 19:15:10 2025,13-Aug-2025,222122,48 15.106700 N,064 18.234200 W,2.4,14.8,A,DoorSpread,DoorMaster,0.000000,E,S,9762.000000
Wed Aug 13 19:15:10 2025,13-Aug-2025,222123,48 15.107400 N,064 18.233800 W,2.4,15.0,A,DoorSpread,DoorMaster,0.000000,E,S,9762.000000
Wed Aug 13 19:15:10 2025,13-Aug-2025,222124,48 15.108000 N,064 18.233600 W,2.4,15.1,A,DoorSpread,DoorMaster,0.000000,E,S,9762.000000
Wed Aug 13 19:15:10 2025,13-Aug-2025,222125,48 15.108700 N,064 18.233500 W,2.4,14.9,A,DoorSpread,DoorMaster,0.000000,E,S,9762.000000
Wed Aug 13 19:15:10 2025,13-Aug-2025,222126,48 15.109300 N,064 18.233400 W,2.4,14.7,A,DoorSpread,DoorMaster,0.000000,E,S,9762.000000
Wed Aug 13 19:15:10 2025,13-Aug-2025,222127,48 15.109900 N,064 18.233200 W,2.4,14.7,A,DoorSpread,DoorMaster,0.000000,E,S,9762.000000
Wed Aug 13 19:15:10 2025,13-Aug-2025,222128,48 15.110600 N,064 18.233000 W,2.5,14.6,A,DoorSpread,DoorMaster,0.000000,E,S,9762.000000
Wed Aug 13 19:15:10 2025,13-Aug-2025,222129,48 15.111200 N,064 18.232800 W,2.4,14.7,A,DoorSpread,DoorMaster,0.000000,E,S,9762.000000
Wed Aug 13 19:15:10 2025,13-Aug-2025,222130,48 15.111700 N,064 18.232500 W,2.4,15.1,A,DoorSpread,DoorMaster,0.000000,E,S,9762.000000
Wed Aug 13 19:15:10 2025,13-Aug-2025,222131,48 15.112200 N,064 18.232100 W,2.4,15.4,A,DoorSpread,DoorMaster,0.000000,E,S,9762.000000
Wed Aug 13 19:15:10 2025,13-Aug-2025,222132,48 15.112800 N,064 18.231900 W,2.4,15.5,A,DoorSpread,DoorMaster,0.000000,E,S,9762.000000
Wed Aug 13 19:15:10 2025,13-Aug-2025,222133,48 15.113500 N,064 18.231600 W,2.4,15.5,A,DoorSpread,DoorMaster,0.000000,E,S,9762.000000
Wed Aug 13 19:15:10 2025,13-Aug-2025,222134,48 15.114200 N,064 18.231500 W,2.4,15.3,A,DoorSpread,DoorMaster,0.000000,E,S,9762.000000
Wed Aug 13 19:15:10 2025,13-Aug-2025,222135,48 15.114700 N,064 18.231300 W,2.3,15.1,A,DoorSpread,DoorMaster,0.000000,E,S,9762.000000
Wed Aug 13 19:15:10 2025,13-Aug-2025,222136,48 15.115200 N,064 18.231000 W,2.3,15.4,A,DoorSpread,DoorMaster,0.000000,E,S,9762.000000
Wed Aug 13 19:15:10 2025,13-Aug-2025,222137,48 15.115700 N,064 18.230600 W,2.3,16.2,A,DoorSpread,DoorMaster,0.000000,E,S,9762.000000
Wed Aug 13 19:15:10 2025,13-Aug-2025,222138,48 15.116100 N,064 18.230100 W,2.3,16.8,A,DoorSpread,DoorMaster,0.000000,E,S,9762.000000
Wed Aug 13 19:15:10 2025,13-Aug-2025,222139,48 15.116600 N,064 18.229800 W,2.2,16.8,A,DoorSpread,DoorMaster,0.000000,E,S,9762.000000
Wed Aug 13 19:15:10 2025,13-Aug-2025,222140,48 15.117100 N,064 18.229800 W,2.2,16.0,A,DoorSpread,DoorMaster,0.000000,E,S,9762.000000
Wed Aug 13 19:15:10 2025,13-Aug-2025,222141,48 15.117500 N,064 18.229600 W,2.2,15.5,A,DoorSpread,DoorMaster,0.000000,E,S,9762.000000
Wed Aug 13 19:15:10 2025,13-Aug-2025,222142,48 15.117900 N,064 18.229300 W,2.2,15.8,A,DoorSpread,DoorMaster,0.000000,E,S,9762.000000
Wed Aug 13 19:15:10 2025,13-Aug-2025,222143,48 15.118400 N,064 18.228700 W,2.2,17.1,A,DoorSpread,DoorMaster,0.000000,E,S,9762.000000
Wed Aug 13 19:15:10 2025,13-Aug-2025,222144,48 15.119000 N,064 18.228100 W,2.2,18.3,A,DoorSpread,DoorMaster,0.000000,E,S,9762.000000
Wed Aug 13 19:15:10 2025,13-Aug-2025,222145,48 15.119700 N,064 18.227900 W,2.2,18.0,A,DoorSpread,DoorMaster,0.000000,E,S,9762.000000
Wed Aug 13 19:15:10 2025,13-Aug-2025,222146,48 15.120300 N,064 18.228000 W,2.2,16.9,A,DoorSpread,DoorMaster,0.000000,E,S,9762.000000
Wed Aug 13 19:15:10 2025,13-Aug-2025,222147,48 15.120900 N,064 18.228000 W,2.1,15.9,A,DoorSpread,DoorMaster,0.000000,E,S,9762.000000
Wed Aug 13 19:15:10 2025,13-Aug-2025,222148,48 15.121500 N,064 18.227600 W,2.1,16.2,A,DoorSpread,DoorMaster,0.000000,E,S,9762.000000
Wed Aug 13 19:15:10 2025,13-Aug-2025,222149,48 15.122000 N,064 18.227000 W,2.1,17.2,A,DoorSpread,DoorMaster,0.000000,E,S,9762.000000
Wed Aug 13 19:15:10 2025,13-Aug-2025,222150,48 15.122500 N,064 18.226600 W,2.1,17.9,A,DoorSpread,DoorMaster,0.000000,E,S,9762.000000
Wed Aug 13 19:15:10 2025,13-Aug-2025,222151,48 15.123000 N,064 18.226600 W,2.1,17.5,A,DoorSpread,DoorMaster,0.000000,E,S,9762.000000
Wed Aug 13 19:15:10 2025,13-Aug-2025,222152,48 15.123500 N,064 18.226700 W,2.1,16.3,A,DoorSpread,DoorMaster,0.000000,E,S,9762.000000
Wed Aug 13 19:15:10 2025,13-Aug-2025,222153,48 15.124000 N,064 18.226700 W,2.0,15.3,A,DoorSpread,DoorMaster,0.000000,E,S,9762.000000
Wed Aug 13 19:15:10 2025,13-Aug-2025,222154,48 15.124500 N,064 18.226500 W,2.1,15.4,A,DoorSpread,DoorMaster,0.000000,E,S,9762.000000
Wed Aug 13 19:15:10 2025,13-Aug-2025,222155,48 15.125000 N,064 18.226100 W,2.1,15.8,A,DoorSpread,DoorMaster,0.000000,E,S,9762.000000
Wed Aug 13 19:15:10 2025,13-Aug-2025,222156,48 15.125500 N,064 18.225800 W,2.1,15.8,A,DoorSpread,DoorMaster,0.000000,E,S,9762.000000
Wed Aug 13 19:15:10 2025,13-Aug-2025,222157,48 15.126000 N,064 18.225800 W,2.0,15.7,A,DoorSpread,DoorMaster,0.000000,E,S,9762.000000
Wed Aug 13 19:15:10 2025,13-Aug-2025,222158,48 15.126500 N,064 18.225700 W,2.0,15.5,A,DoorSpread,DoorMaster,0.000000,E,S,9762.000000
Wed Aug 13 19:15:10 2025,13-Aug-2025,222159,48 15.127000 N,064 18.225500 W,2.0,15.4,A,DoorSpread,DoorMaster,0.000000,E,S,9762.000000
Wed Aug 13 19:15:10 2025,13-Aug-2025,222200,48 15.127500 N,064 18.225300 W,2.0,15.6,A,DoorSpread,DoorMaster,0.000000,E,S,9762.000000
Wed Aug 13 19:15:10 2025,13-Aug-2025,222201,48 15.128000 N,064 18.225000 W,1.9,15.8,A,DoorSpread,DoorMaster,0.000000,E,S,9762.000000
Wed Aug 13 19:15:10 2025,13-Aug-2025,222202,48 15.128500 N,064 18.224700 W,1.9,16.2,A,DoorSpread,DoorMaster,0.000000,E,S,9762.000000
Wed Aug 13 19:15:10 2025,13-Aug-2025,222203,48 15.129100 N,064 18.224300 W,2.0,16.3,A,DoorSpread,DoorMaster,0.000000,E,S,9762.000000
Wed Aug 13 19:15:10 2025,13-Aug-2025,222204,48 15.129600 N,064 18.224200 W,2.0,15.9,A,DoorSpread,DoorMaster,0.000000,E,S,9762.000000
Wed Aug 13 19:15:10 2025,13-Aug-2025,222205,48 15.130000 N,064 18.224100 W,2.0,15.6,A,DoorSpread,DoorMaster,0.000000,E,S,9762.000000
Wed Aug 13 19:15:10 2025,13-Aug-2025,222206,48 15.130400 N,064 18.223900 W,1.9,15.5,A,DoorSpread,DoorMaster,0.000000,E,S,9762.000000
Wed Aug 13 19:15:10 2025,13-Aug-2025,222207,48 15.130900 N,064 18.223400 W,2.0,16.4,A,DoorSpread,DoorMaster,0.000000,E,S,9762.000000
Wed Aug 13 19:15:10 2025,13-Aug-2025,222208,48 15.131400 N,064 18.222900 W,2.1,17.0,A,DoorSpread,DoorMaster,0.000000,E,S,9762.000000
Wed Aug 13 19:15:10 2025,13-Aug-2025,222209,48 15.132100 N,064 18.222500 W,2.1,16.9,A,DoorSpread,DoorMaster,0.000000,E,S,9762.000000
Wed Aug 13 19:15:10 2025,13-Aug-2025,222210,48 15.132600 N,064 18.222300 W,2.1,16.2,A,DoorSpread,DoorMaster,0.000000,E,S,9762.000000
Wed Aug 13 19:15:10 2025,13-Aug-2025,222211,48 15.133300 N,064 18.222100 W,2.1,15.4,A,DoorSpread,DoorMaster,0.000000,E,S,9762.000000
Wed Aug 13 19:15:10 2025,13-Aug-2025,222212,48 15.133800 N,064 18.221800 W,2.1,15.2,A,DoorSpread,DoorMaster,0.000000,E,S,9762.000000
Wed Aug 13 19:15:10 2025,13-Aug-2025,222213,48 15.134400 N,064 18.221400 W,2.2,15.9,A,DoorSpread,DoorMaster,0.000000,E,S,9762.000000
Wed Aug 13 19:15:10 2025,13-Aug-2025,222214,48 15.134900 N,064 18.220800 W,2.2,17.1,A,DoorSpread,DoorMaster,0.000000,E,S,9762.000000
Wed Aug 13 19:15:10 2025,13-Aug-2025,222215,48 15.135500 N,064 18.220600 W,2.2,16.9,A,DoorSpread,DoorMaster,0.000000,E,S,9762.000000
Wed Aug 13 19:15:10 2025,13-Aug-2025,222216,48 15.136100 N,064 18.220700 W,2.2,15.7,A,DoorSpread,DoorMaster,0.000000,E,S,9762.000000
Wed Aug 13 19:15:10 2025,13-Aug-2025,222217,48 15.136800 N,064 18.220800 W,2.2,14.5,A,DoorSpread,DoorMaster,0.000000,E,S,9762.000000
Wed Aug 13 19:15:10 2025,13-Aug-2025,222218,48 15.137400 N,064 18.220500 W,2.3,14.1,A,DoorSpread,DoorMaster,0.000000,E,S,9762.000000
Wed Aug 13 19:15:10 2025,13-Aug-2025,222219,48 15.137900 N,064 18.220100 W,2.3,14.6,A,DoorSpread,DoorMaster,0.000000,E,S,9762.000000
Wed Aug 13 19:15:10 2025,13-Aug-2025,222220,48 15.138400 N,064 18.219600 W,2.2,15.2,A,DoorSpread,DoorMaster,0.000000,E,S,9762.000000
Wed Aug 13 19:15:10 2025,13-Aug-2025,222221,48 15.138900 N,064 18.219300 W,2.2,15.3,A,DoorSpread,DoorMaster,0.000000,E,S,9762.000000
Wed Aug 13 19:15:10 2025,13-Aug-2025,222222,48 15.139300 N,064 18.219100 W,2.2,15.2,A,DoorSpread,DoorMaster,0.000000,E,S,9762.000000
Wed Aug 13 19:15:10 2025,13-Aug-2025,222223,48 15.139900 N,064 18.218800 W,2.2,15.2,A,DoorSpread,DoorMaster,0.000000,E,S,9762.000000
Wed Aug 13 19:15:10 2025,13-Aug-2025,222224,48 15.140400 N,064 18.218500 W,2.2,15.1,A,DoorSpread,DoorMaster,0.000000,E,S,9762.000000
Wed Aug 13 19:15:10 2025,13-Aug-2025,222225,48 15.140900 N,064 18.218200 W,2.2,15.0,A,DoorSpread,DoorMaster,0.000000,E,S,9762.000000
Wed Aug 13 19:15:10 2025,13-Aug-2025,222226,48 15.141400 N,064 18.217900 W,2.2,15.2,A,DoorSpread,DoorMaster,0.000000,E,S,9762.000000
Wed Aug 13 19:15:10 2025,13-Aug-2025,222227,48 15.142000 N,064 18.217600 W,2.2,15.4,A,DoorSpread,DoorMaster,0.000000,E,S,9762.000000
Wed Aug 13 19:15:10 2025,13-Aug-2025,222228,48 15.142500 N,064 18.217300 W,2.2,15.7,A,DoorSpread,DoorMaster,0.000000,E,S,9762.000000
Wed Aug 13 19:15:10 2025,13-Aug-2025,222229,48 15.143100 N,064 18.217000 W,2.3,15.9,A,DoorSpread,DoorMaster,0.000000,E,S,9762.000000
Wed Aug 13 19:15:10 2025,13-Aug-2025,222230,48 15.143700 N,064 18.216700 W,2.3,15.5,A,DoorSpread,DoorMaster,0.000000,E,S,9762.000000
Wed Aug 13 19:15:10 2025,13-Aug-2025,222231,48 15.144400 N,064 18.216500 W,2.3,14.9,A,DoorSpread,DoorMaster,0.000000,E,S,9762.000000
Wed Aug 13 19:15:10 2025,13-Aug-2025,222232,48 15.144900 N,064 18.216300 W,2.2,14.8,A,DoorSpread,DoorMaster,0.000000,E,S,9762.000000
Wed Aug 13 19:15:10 2025,13-Aug-2025,222233,48 15.145500 N,064 18.215700 W,2.3,15.8,A,DoorSpread,DoorMaster,0.000000,E,S,9762.000000
Wed Aug 13 19:15:10 2025,13-Aug-2025,222234,48 15.146200 N,064 18.215200 W,2.3,16.8,A,DoorSpread,DoorMaster,0.000000,E,S,9762.000000
Wed Aug 13 19:15:10 2025,13-Aug-2025,222235,48 15.146800 N,064 18.215000 W,2.3,16.9,A,DoorSpread,DoorMaster,0.000000,E,S,9762.000000
Wed Aug 13 19:15:10 2025,13-Aug-2025,222236,48 15.147400 N,064 18.215100 W,2.3,15.7,A,DoorSpread,DoorMaster,0.000000,E,S,9762.000000
Wed Aug 13 19:15:10 2025,13-Aug-2025,222237,48 15.148200 N,064 18.215300 W,2.4,13.5,A,DoorSpread,DoorMaster,0.000000,E,S,9762.000000
Wed Aug 13 19:15:10 2025,13-Aug-2025,222238,48 15.149000 N,064 18.215300 W,2.4,12.0,A,DoorSpread,DoorMaster,0.000000,E,S,9762.000000
Wed Aug 13 19:15:10 2025,13-Aug-2025,222239,48 15.149700 N,064 18.215100 W,2.4,11.7,A,DoorSpread,DoorMaster,0.000000,E,S,9762.000000
Wed Aug 13 19:15:10 2025,13-Aug-2025,222240,48 15.150300 N,064 18.214700 W,2.4,12.2,A,DoorSpread,DoorMaster,0.000000,E,S,9762.000000
Wed Aug 13 19:15:10 2025,13-Aug-2025,222241,48 15.151000 N,064 18.214400 W,2.4,12.6,A,DoorSpread,DoorMaster,0.000000,E,S,9762.000000
Wed Aug 13 19:15:10 2025,13-Aug-2025,222242,48 15.151600 N,064 18.214300 W,2.3,12.4,A,DoorSpread,DoorMaster,0.000000,E,S,9762.000000
Wed Aug 13 19:15:10 2025,13-Aug-2025,222243,48 15.152300 N,064 18.214400 W,2.4,11.4,A,DoorSpread,DoorMaster,0.000000,E,S,9762.000000
Wed Aug 13 19:15:10 2025,13-Aug-2025,222244,48 15.153000 N,064 18.214200 W,2.3,10.9,A,DoorSpread,DoorMaster,0.000000,E,S,9762.000000
Wed Aug 13 19:15:10 2025,13-Aug-2025,222245,48 15.153700 N,064 18.213800 W,2.4,11.8,A,DoorSpread,DoorMaster,0.000000,E,S,9762.000000
Wed Aug 13 19:15:10 2025,13-Aug-2025,222246,48 15.154400 N,064 18.213300 W,2.4,12.7,A,DoorSpread,DoorMaster,0.000000,E,S,9762.000000
Wed Aug 13 19:15:10 2025,13-Aug-2025,222247,48 15.155000 N,064 18.212900 W,2.3,13.3,A,DoorSpread,DoorMaster,0.000000,E,S,9762.000000
Wed Aug 13 19:15:10 2025,13-Aug-2025,222248,48 15.155600 N,064 18.212800 W,2.4,13.5,A,DoorSpread,DoorMaster,0.000000,E,S,9762.000000
Wed Aug 13 19:15:10 2025,13-Aug-2025,222249,48 15.156300 N,064 18.212500 W,2.4,13.6,A,DoorSpread,DoorMaster,0.000000,E,S,9762.000000
Wed Aug 13 19:15:10 2025,13-Aug-2025,222250,48 15.157000 N,064 18.212400 W,2.4,13.3,A,DoorSpread,DoorMaster,0.000000,E,S,9762.000000
Wed Aug 13 19:15:10 2025,13-Aug-2025,222251,48 15.157600 N,064 18.212200 W,2.4,12.9,A,DoorSpread,DoorMaster,0.000000,E,S,9762.000000
Wed Aug 13 19:15:10 2025,13-Aug-2025,222252,48 15.158200 N,064 18.211900 W,2.4,13.1,A,DoorSpread,DoorMaster,0.000000,E,S,9762.000000
Wed Aug 13 19:15:10 2025,13-Aug-2025,222253,48 15.158900 N,064 18.211400 W,2.4,13.9,A,DoorSpread,DoorMaster,0.000000,E,S,9762.000000
Wed Aug 13 19:15:10 2025,13-Aug-2025,222254,48 15.159400 N,064 18.211000 W,2.3,14.1,A,DoorSpread,DoorMaster,0.000000,E,S,9762.000000
Wed Aug 13 19:15:10 2025,13-Aug-2025,222255,48 15.160000 N,064 18.210900 W,2.3,13.9,A,DoorSpread,DoorMaster,0.000000,E,S,9762.000000
Wed Aug 13 19:15:10 2025,13-Aug-2025,222256,48 15.160600 N,064 18.210600 W,2.3,13.9,A,DoorSpread,DoorMaster,0.000000,E,S,9762.000000
Wed Aug 13 19:15:10 2025,13-Aug-2025,222257,48 15.161100 N,064 18.210200 W,2.3,14.6,A,DoorSpread,DoorMaster,0.000000,E,S,9762.000000
Wed Aug 13 19:15:10 2025,13-Aug-2025,222258,48 15.161700 N,064 18.209500 W,2.2,15.6,A,DoorSpread,DoorMaster,0.000000,E,S,9762.000000
Wed Aug 13 19:15:10 2025,13-Aug-2025,222259,48 15.162200 N,064 18.209100 W,2.2,16.2,A,DoorSpread,DoorMaster,0.000000,E,S,9762.000000
Wed Aug 13 19:15:10 2025,13-Aug-2025,222300,48 15.162700 N,064 18.208800 W,2.2,16.4,A,DoorSpread,DoorMaster,0.000000,E,S,9762.000000
Wed Aug 13 19:15:10 2025,13-Aug-2025,222301,48 15.163100 N,064 18.208400 W,2.1,16.5,A,DoorSpread,DoorMaster,0.000000,E,S,9762.000000
Wed Aug 13 19:15:10 2025,13-Aug-2025,222302,48 15.163600 N,064 18.208100 W,2.1,16.9,A,DoorSpread,DoorMaster,0.000000,E,S,9762.000000
Wed Aug 13 19:15:10 2025,13-Aug-2025,222303,48 15.164100 N,064 18.207700 W,2.1,17.7,A,DoorSpread,DoorMaster,0.000000,E,S,9762.000000
Wed Aug 13 19:15:10 2025,13-Aug-2025,222304,48 15.164500 N,064 18.207300 W,2.1,18.2,A,DoorSpread,DoorMaster,0.000000,E,S,9762.000000
Wed Aug 13 19:15:10 2025,13-Aug-2025,222305,48 15.165000 N,064 18.207000 W,2.1,18.0,A,DoorSpread,DoorMaster,0.000000,E,S,9762.000000
Wed Aug 13 19:15:10 2025,13-Aug-2025,222306,48 15.165400 N,064 18.206800 W,2.1,17.9,A,DoorSpread,DoorMaster,0.000000,E,S,9762.000000
Wed Aug 13 19:15:10 2025,13-Aug-2025,222307,48 15.165800 N,064 18.206500 W,2.0,17.8,A,DoorSpread,DoorMaster,0.000000,E,S,9762.000000
Wed Aug 13 19:15:10 2025,13-Aug-2025,222308,48 15.166100 N,064 18.206200 W,2.0,18.4,A,DoorSpread,DoorMaster,0.000000,E,S,9762.000000
Wed Aug 13 19:15:10 2025,13-Aug-2025,222309,48 15.166500 N,064 18.205800 W,2.0,19.2,A,DoorSpread,DoorMaster,0.000000,E,S,9762.000000
Wed Aug 13 19:15:10 2025,13-Aug-2025,222310,48 15.166900 N,064 18.205600 W,2.1,19.3,A,DoorSpread,DoorMaster,0.000000,E,S,9762.000000
Wed Aug 13 19:15:10 2025,13-Aug-2025,222311,48 15.167500 N,064 18.205700 W,2.1,18.5,A,DoorSpread,DoorMaster,0.000000,E,S,9762.000000
Wed Aug 13 19:15:10 2025,13-Aug-2025,222312,48 15.168100 N,064 18.205600 W,2.1,17.7,A,DoorSpread,DoorMaster,0.000000,E,S,9762.000000
Wed Aug 13 19:15:10 2025,13-Aug-2025,222313,48 15.168600 N,064 18.205200 W,2.1,17.8,A,DoorSpread,DoorMaster,0.000000,E,S,9762.000000
Wed Aug 13 19:15:10 2025,13-Aug-2025,222314,48 15.169100 N,064 18.204500 W,2.2,18.8,A,DoorSpread,DoorMaster,0.000000,E,S,9762.000000
Wed Aug 13 19:15:10 2025,13-Aug-2025,222315,48 15.169700 N,064 18.204000 W,2.1,19.3,A,DoorSpread,DoorMaster,0.000000,E,S,9762.000000
Wed Aug 13 19:15:10 2025,13-Aug-2025,222316,48 15.170300 N,064 18.203800 W,2.2,17.7,A,DoorSpread,DoorMaster,0.000000,E,S,9762.000000
Wed Aug 13 19:15:10 2025,13-Aug-2025,222317,48 15.171000 N,064 18.203900 W,2.2,16.0,A,DoorSpread,DoorMaster,0.000000,E,S,9762.000000
Wed Aug 13 19:15:10 2025,13-Aug-2025,222318,48 15.171500 N,064 18.203700 W,2.2,15.4,A,DoorSpread,DoorMaster,0.000000,E,S,9762.000000
Wed Aug 13 19:15:10 2025,13-Aug-2025,222319,48 15.172000 N,064 18.203100 W,2.2,15.9,A,DoorSpread,DoorMaster,0.000000,E,S,9762.000000
Wed Aug 13 19:15:10 2025,13-Aug-2025,222320,48 15.172400 N,064 18.202600 W,2.2,16.7,A,DoorSpread,DoorMaster,0.000000,E,S,9762.000000
Wed Aug 13 19:15:10 2025,13-Aug-2025,222321,48 15.172900 N,064 18.202400 W,2.2,16.6,A,DoorSpread,DoorMaster,0.000000,E,S,9762.000000
Wed Aug 13 19:15:10 2025,13-Aug-2025,222322,48 15.173400 N,064 18.202500 W,2.2,15.3,A,DoorSpread,DoorMaster,0.000000,E,S,9762.000000
Wed Aug 13 19:15:10 2025,13-Aug-2025,222323,48 15.174000 N,064 18.202400 W,2.2,14.0,A,DoorSpread,DoorMaster,0.000000,E,S,9762.000000
Wed Aug 13 19:15:10 2025,13-Aug-2025,222324,48 15.174500 N,064 18.202100 W,2.2,13.9,A,DoorSpread,DoorMaster,0.000000,E,S,9762.000000
Wed Aug 13 19:15:10 2025,13-Aug-2025,222325,48 15.175000 N,064 18.201400 W,2.3,15.0,A,DoorSpread,DoorMaster,0.000000,E,S,9762.000000
Wed Aug 13 19:15:10 2025,13-Aug-2025,222326,48 15.175600 N,064 18.200900 W,2.3,15.9,A,DoorSpread,DoorMaster,0.000000,E,S,9762.000000
Wed Aug 13 19:15:10 2025,13-Aug-2025,222327,48 15.176000 N,064 18.200600 W,2.3,16.2,A,DoorSpread,DoorMaster,0.000000,E,S,9762.000000
Wed Aug 13 19:15:10 2025,13-Aug-2025,222328,48 15.176500 N,064 18.200400 W,2.3,16.3,A,DoorSpread,DoorMaster,0.000000,E,S,9762.000000
Wed Aug 13 19:15:10 2025,13-Aug-2025,222329,48 15.177000 N,064 18.200200 W,2.3,16.4,A,DoorSpread,DoorMaster,0.000000,E,S,9762.000000
Wed Aug 13 19:15:10 2025,13-Aug-2025,222330,48 15.177500 N,064 18.200000 W,2.3,16.6,A,DoorSpread,DoorMaster,0.000000,E,S,9762.000000
Wed Aug 13 19:15:10 2025,13-Aug-2025,222331,48 15.177900 N,064 18.199700 W,2.2,16.9,A,DoorSpread,DoorMaster,0.000000,E,S,9762.000000
Wed Aug 13 19:15:10 2025,13-Aug-2025,222332,48 15.178400 N,064 18.199400 W,2.2,17.7,A,DoorSpread,DoorMaster,0.000000,E,S,9762.000000
Wed Aug 13 19:15:10 2025,13-Aug-2025,222333,48 15.178800 N,064 18.199000 W,2.2,18.6,A,DoorSpread,DoorMaster,0.000000,E,S,9762.000000
Wed Aug 13 19:15:10 2025,13-Aug-2025,222334,48 15.179300 N,064 18.198700 W,2.2,19.0,A,DoorSpread,DoorMaster,0.000000,E,S,9762.000000
Wed Aug 13 19:15:10 2025,13-Aug-2025,222335,48 15.179800 N,064 18.198500 W,2.2,19.2,A,DoorSpread,DoorMaster,0.000000,E,S,9762.000000
Wed Aug 13 19:15:10 2025,13-Aug-2025,222336,48 15.180200 N,064 18.198300 W,2.2,19.5,A,DoorSpread,DoorMaster,0.000000,E,S,9762.000000
Wed Aug 13 19:15:10 2025,13-Aug-2025,222337,48 15.180700 N,064 18.198000 W,2.2,19.6,A,DoorSpread,DoorMaster,0.000000,E,S,9762.000000
Wed Aug 13 19:15:10 2025,13-Aug-2025,222338,48 15.181400 N,064 18.197700 W,2.3,19.3,A,DoorSpread,DoorMaster,0.000000,E,S,9762.000000
Wed Aug 13 19:15:10 2025,13-Aug-2025,222339,48 15.182100 N,064 18.197400 W,2.2,19.1,A,DoorSpread,DoorMaster,0.000000,E,S,9762.000000
Wed Aug 13 19:15:10 2025,13-Aug-2025,222340,48 15.182600 N,064 18.197100 W,2.2,19.2,A,DoorSpread,DoorMaster,0.000000,E,S,9762.000000
Wed Aug 13 19:15:10 2025,13-Aug-2025,222341,48 15.183100 N,064 18.196600 W,2.3,19.6,A,DoorSpread,DoorMaster,0.000000,E,S,9762.000000
Wed Aug 13 19:15:10 2025,13-Aug-2025,222342,48 15.183800 N,064 18.196200 W,2.3,19.9,A,DoorSpread,DoorMaster,0.000000,E,S,9762.000000
Wed Aug 13 19:15:10 2025,13-Aug-2025,222343,48 15.184300 N,064 18.196000 W,2.2,19.3,A,DoorSpread,DoorMaster,0.000000,E,S,9762.000000
Wed Aug 13 19:15:10 2025,13-Aug-2025,222344,48 15.184900 N,064 18.195800 W,2.3,18.2,A,DoorSpread,DoorMaster,0.000000,E,S,9762.000000
Wed Aug 13 19:15:10 2025,13-Aug-2025,222345,48 15.185500 N,064 18.195500 W,2.3,17.6,A,DoorSpread,DoorMaster,0.000000,E,S,9762.000000
Wed Aug 13 19:15:10 2025,13-Aug-2025,222346,48 15.186100 N,064 18.194900 W,2.3,18.0,A,DoorSpread,DoorMaster,0.000000,E,S,9762.000000
Wed Aug 13 19:15:10 2025,13-Aug-2025,222347,48 15.186800 N,064 18.194300 W,2.3,18.7,A,DoorSpread,DoorMaster,0.000000,E,S,9762.000000
Wed Aug 13 19:15:10 2025,13-Aug-2025,222348,48 15.187500 N,064 18.193800 W,2.4,18.9,A,DoorSpread,DoorMaster,0.000000,E,S,9762.000000
Wed Aug 13 19:15:10 2025,13-Aug-2025,222349,48 15.188200 N,064 18.193600 W,2.4,18.3,A,DoorSpread,DoorMaster,0.000000,E,S,9762.000000
Wed Aug 13 19:15:10 2025,13-Aug-2025,222350,48 15.188900 N,064 18.193400 W,2.4,17.4,A,DoorSpread,DoorMaster,0.000000,E,S,9762.000000
Wed Aug 13 19:15:10 2025,13-Aug-2025,222351,48 15.189600 N,064 18.193100 W,2.4,17.0,A,DoorSpread,DoorMaster,0.000000,E,S,9762.000000
Wed Aug 13 19:15:10 2025,13-Aug-2025,222352,48 15.190300 N,064 18.192600 W,2.4,17.6,A,DoorSpread,DoorMaster,0.000000,E,S,9762.000000
Wed Aug 13 19:15:10 2025,13-Aug-2025,222353,48 15.191000 N,064 18.192200 W,2.4,18.3,A,DoorSpread,DoorMaster,0.000000,E,S,9762.000000
Wed Aug 13 19:15:10 2025,13-Aug-2025,222354,48 15.191600 N,064 18.192000 W,2.4,18.2,A,DoorSpread,DoorMaster,0.000000,E,S,9762.000000
Wed Aug 13 19:15:10 2025,13-Aug-2025,222355,48 15.192300 N,064 18.192000 W,2.4,17.5,A,DoorSpread,DoorMaster,0.000000,E,S,9762.000000
Wed Aug 13 19:15:10 2025,13-Aug-2025,222356,48 15.192900 N,064 18.192100 W,2.3,17.0,A,DoorSpread,DoorMaster,0.000000,E,S,9762.000000
Wed Aug 13 19:15:10 2025,13-Aug-2025,222357,48 15.193500 N,064 18.191800 W,2.3,17.1,A,DoorSpread,DoorMaster,0.000000,E,S,9762.000000
Wed Aug 13 19:15:10 2025,13-Aug-2025,222358,48 15.194000 N,064 18.191400 W,2.3,17.9,A,DoorSpread,DoorMaster,0.000000,E,S,9762.000000
Wed Aug 13 19:15:10 2025,13-Aug-2025,222359,48 15.194500 N,064 18.191200 W,2.3,18.2,A,DoorSpread,DoorMaster,0.000000,E,S,9762.000000
Wed Aug 13 19:15:10 2025,13-Aug-2025,222400,48 15.195000 N,064 18.191200 W,2.2,17.8,A,DoorSpread,DoorMaster,0.000000,E,S,9762.000000
Wed Aug 13 19:15:10 2025,13-Aug-2025,222401,48 15.195600 N,064 18.191300 W,2.3,16.7,A,DoorSpread,DoorMaster,0.000000,E,S,9762.000000
Wed Aug 13 19:15:10 2025,13-Aug-2025,222402,48 15.196200 N,064 18.191200 W,2.3,16.2,A,DoorSpread,DoorMaster,0.000000,E,S,9762.000000
Wed Aug 13 19:15:10 2025,13-Aug-2025,222403,48 15.196800 N,064 18.190900 W,2.3,16.3,A,DoorSpread,DoorMaster,0.000000,E,S,9762.000000
Wed Aug 13 19:15:10 2025,13-Aug-2025,222404,48 15.197300 N,064 18.190600 W,2.2,16.8,A,DoorSpread,DoorMaster,0.000000,E,S,9762.000000
Wed Aug 13 19:15:10 2025,13-Aug-2025,222405,48 15.197800 N,064 18.190200 W,2.2,17.6,A,DoorSpread,DoorMaster,0.000000,E,S,9762.000000
Wed Aug 13 19:15:10 2025,13-Aug-2025,222406,48 15.198300 N,064 18.189800 W,2.2,18.3,A,DoorSpread,DoorMaster,0.000000,E,S,9762.000000
Wed Aug 13 19:15:10 2025,13-Aug-2025,222407,48 15.198800 N,064 18.189500 W,2.2,18.4,A,DoorSpread,DoorMaster,0.000000,E,S,9762.000000
Wed Aug 13 19:15:10 2025,13-Aug-2025,222408,48 15.199400 N,064 18.189400 W,2.2,17.5,A,DoorSpread,DoorMaster,0.000000,E,S,9762.000000
Wed Aug 13 19:15:10 2025,13-Aug-2025,222409,48 15.200100 N,064 18.189200 W,2.2,16.8,A,DoorSpread,DoorMaster,0.000000,E,S,9762.000000
Wed Aug 13 19:15:10 2025,13-Aug-2025,222410,48 15.200700 N,064 18.188800 W,2.3,17.0,A,DoorSpread,DoorMaster,0.000000,E,S,9762.000000
Wed Aug 13 19:15:10 2025,13-Aug-2025,222411,48 15.201300 N,064 18.188400 W,2.3,17.5,A,DoorSpread,DoorMaster,0.000000,E,S,9762.000000
Wed Aug 13 19:15:10 2025,13-Aug-2025,222412,48 15.201900 N,064 18.188100 W,2.2,17.7,A,DoorSpread,DoorMaster,0.000000,E,S,9762.000000
Wed Aug 13 19:15:10 2025,13-Aug-2025,222413,48 15.202400 N,064 18.187900 W,2.2,17.9,A,DoorSpread,DoorMaster,0.000000,E,S,9762.000000
Wed Aug 13 19:15:10 2025,13-Aug-2025,222414,48 15.202900 N,064 18.187700 W,2.1,17.9,A,DoorSpread,DoorMaster,0.000000,E,S,9762.000000
Wed Aug 13 19:15:10 2025,13-Aug-2025,222415,48 15.203500 N,064 18.187500 W,2.1,17.3,A,DoorSpread,DoorMaster,0.000000,E,S,9762.000000
Wed Aug 13 19:15:10 2025,13-Aug-2025,222416,48 15.204100 N,064 18.187300 W,2.2,16.7,A,DoorSpread,DoorMaster,0.000000,E,S,9762.000000
Wed Aug 13 19:15:10 2025,13-Aug-2025,222417,48 15.204600 N,064 18.186900 W,2.1,16.6,A,DoorSpread,DoorMaster,0.000000,E,S,9762.000000
Wed Aug 13 19:15:10 2025,13-Aug-2025,222418,48 15.205000 N,064 18.186300 W,2.1,17.8,A,DoorSpread,DoorMaster,0.000000,E,S,9762.000000
Wed Aug 13 19:15:10 2025,13-Aug-2025,222419,48 15.205400 N,064 18.185700 W,2.0,18.5,A,DoorSpread,DoorMaster,0.000000,E,S,9762.000000
Wed Aug 13 19:15:10 2025,13-Aug-2025,222420,48 15.206000 N,064 18.185500 W,2.1,18.0,A,DoorSpread,DoorMaster,0.000000,E,S,9762.000000
Wed Aug 13 19:15:10 2025,13-Aug-2025,222421,48 15.206600 N,064 18.185400 W,2.1,17.0,A,DoorSpread,DoorMaster,0.000000,E,S,9762.000000
Wed Aug 13 19:15:10 2025,13-Aug-2025,222422,48 15.207200 N,064 18.185200 W,2.1,16.4,A,DoorSpread,DoorMaster,0.000000,E,S,9762.000000
Wed Aug 13 19:15:10 2025,13-Aug-2025,222423,48 15.207800 N,064 18.184700 W,2.1,16.5,A,DoorSpread,DoorMaster,0.000000,E,S,9762.000000
Wed Aug 13 19:15:10 2025,13-Aug-2025,222424,48 15.208300 N,064 18.184000 W,2.1,17.8,A,DoorSpread,DoorMaster,0.000000,E,S,9762.000000
Wed Aug 13 19:15:10 2025,13-Aug-2025,222425,48 15.208800 N,064 18.183500 W,2.2,19.0,A,DoorSpread,DoorMaster,0.000000,E,S,9762.000000
Wed Aug 13 19:15:10 2025,13-Aug-2025,222426,48 15.209500 N,064 18.183100 W,2.2,19.2,A,DoorSpread,DoorMaster,0.000000,E,S,9762.000000
Wed Aug 13 19:15:10 2025,13-Aug-2025,222427,48 15.210200 N,064 18.182900 W,2.2,18.5,A,DoorSpread,DoorMaster,0.000000,E,S,9762.000000
Wed Aug 13 19:15:10 2025,13-Aug-2025,222428,48 15.210700 N,064 18.182800 W,2.2,18.1,A,DoorSpread,DoorMaster,0.000000,E,S,9762.000000
Wed Aug 13 19:15:10 2025,13-Aug-2025,222429,48 15.211200 N,064 18.182400 W,2.2,18.3,A,DoorSpread,DoorMaster,0.000000,E,S,9762.000000
Wed Aug 13 19:15:10 2025,13-Aug-2025,222430,48 15.211700 N,064 18.181900 W,2.2,18.7,A,DoorSpread,DoorMaster,0.000000,E,S,9762.000000
Wed Aug 13 19:15:10 2025,13-Aug-2025,222431,48 15.212400 N,064 18.181500 W,2.2,19.0,A,DoorSpread,DoorMaster,0.000000,E,S,9762.000000
Wed Aug 13 19:15:10 2025,13-Aug-2025,222432,48 15.213000 N,064 18.181100 W,2.2,19.3,A,DoorSpread,DoorMaster,0.000000,E,S,9762.000000
Wed Aug 13 19:15:10 2025,13-Aug-2025,222433,48 15.213600 N,064 18.180600 W,2.2,19.7,A,DoorSpread,DoorMaster,0.000000,E,S,9762.000000
Wed Aug 13 19:15:10 2025,13-Aug-2025,222434,48 15.214200 N,064 18.180100 W,2.2,20.2,A,DoorSpread,DoorMaster,0.000000,E,S,9762.000000
Wed Aug 13 19:15:10 2025,13-Aug-2025,222435,48 15.214900 N,064 18.179600 W,2.3,20.5,A,DoorSpread,DoorMaster,0.000000,E,S,9762.000000
Wed Aug 13 19:15:10 2025,13-Aug-2025,222436,48 15.215500 N,064 18.179500 W,2.3,19.9,A,DoorSpread,DoorMaster,0.000000,E,S,9762.000000
Wed Aug 13 19:15:10 2025,13-Aug-2025,222437,48 15.216000 N,064 18.179300 W,2.2,19.6,A,DoorSpread,DoorMaster,0.000000,E,S,9762.000000
Wed Aug 13 19:15:10 2025,13-Aug-2025,222438,48 15.216500 N,064 18.178800 W,2.3,20.0,A,DoorSpread,DoorMaster,0.000000,E,S,9762.000000
Wed Aug 13 19:15:10 2025,13-Aug-2025,222439,48 15.217100 N,064 18.178000 W,2.4,22.0,A,DoorSpread,DoorMaster,0.000000,E,S,9762.000000
Wed Aug 13 19:15:10 2025,13-Aug-2025,222440,48 15.217700 N,064 18.177200 W,2.5,23.3,A,DoorSpread,DoorMaster,0.000000,E,S,9762.000000
Wed Aug 13 19:15:10 2025,13-Aug-2025,222441,48 15.218300 N,064 18.176700 W,2.5,23.6,A,DoorSpread,DoorMaster,0.000000,E,S,9762.000000
Wed Aug 13 19:15:10 2025,13-Aug-2025,222442,48 15.219000 N,064 18.176600 W,2.5,22.8,A,DoorSpread,DoorMaster,0.000000,E,S,9762.000000
Wed Aug 13 19:15:10 2025,13-Aug-2025,222443,48 15.219700 N,064 18.176500 W,2.5,21.6,A,DoorSpread,DoorMaster,0.000000,E,S,9762.000000
Wed Aug 13 19:15:10 2025,13-Aug-2025,222444,48 15.220300 N,064 18.176300 W,2.5,20.9,A,DoorSpread,DoorMaster,0.000000,E,S,9762.000000
Wed Aug 13 19:15:10 2025,13-Aug-2025,222445,48 15.220800 N,064 18.175900 W,2.5,21.0,A,DoorSpread,DoorMaster,0.000000,E,S,9762.000000
Wed Aug 13 19:15:10 2025,13-Aug-2025,222446,48 15.221200 N,064 18.175100 W,2.5,22.2,A,DoorSpread,DoorMaster,0.000000,E,S,9762.000000
Wed Aug 13 19:15:10 2025,13-Aug-2025,222447,48 15.221600 N,064 18.174500 W,2.4,23.0,A,DoorSpread,DoorMaster,0.000000,E,S,9762.000000
Wed Aug 13 19:15:10 2025,13-Aug-2025,222448,48 15.222200 N,064 18.174200 W,2.5,22.6,A,DoorSpread,DoorMaster,0.000000,E,S,9762.000000
Wed Aug 13 19:15:10 2025,13-Aug-2025,222449,48 15.222900 N,064 18.174200 W,2.5,21.4,A,DoorSpread,DoorMaster,0.000000,E,S,9762.000000
Wed Aug 13 19:15:10 2025,13-Aug-2025,222450,48 15.223500 N,064 18.174100 W,2.5,20.5,A,DoorSpread,DoorMaster,0.000000,E,S,9762.000000
Wed Aug 13 19:15:10 2025,13-Aug-2025,222451,48 15.224200 N,064 18.173600 W,2.5,20.7,A,DoorSpread,DoorMaster,0.000000,E,S,9762.000000
Wed Aug 13 19:15:10 2025,13-Aug-2025,222452,48 15.224800 N,064 18.172900 W,2.5,21.3,A,DoorSpread,DoorMaster,0.000000,E,S,9762.000000
Wed Aug 13 19:15:10 2025,13-Aug-2025,222453,48 15.225400 N,064 18.172400 W,2.5,21.8,A,DoorSpread,DoorMaster,0.000000,E,S,9762.000000
Wed Aug 13 19:15:10 2025,13-Aug-2025,222454,48 15.226200 N,064 18.172000 W,2.6,22.2,A,DoorSpread,DoorMaster,0.000000,E,S,9762.000000
Wed Aug 13 19:15:10 2025,13-Aug-2025,222455,48 15.227000 N,064 18.171700 W,2.7,21.6,A,DoorSpread,DoorMaster,0.000000,E,S,9762.000000
Wed Aug 13 19:15:10 2025,13-Aug-2025,222456,48 15.227800 N,064 18.171500 W,2.7,20.6,A,DoorSpread,DoorMaster,0.000000,E,S,9762.000000
Wed Aug 13 19:15:10 2025,13-Aug-2025,222457,48 15.228500 N,064 18.171300 W,2.6,19.9,A,DoorSpread,DoorMaster,0.000000,E,S,9762.000000
Wed Aug 13 19:15:10 2025,13-Aug-2025,222458,48 15.229100 N,064 18.170800 W,2.7,19.9,A,DoorSpread,DoorMaster,0.000000,E,S,9762.000000
Wed Aug 13 19:15:10 2025,13-Aug-2025,222459,48 15.229900 N,064 18.170200 W,2.8,20.4,A,DoorSpread,DoorMaster,0.000000,E,S,9762.000000
Wed Aug 13 19:15:10 2025,13-Aug-2025,222500,48 15.230800 N,064 18.169700 W,2.9,20.4,A,DoorSpread,DoorMaster,0.000000,E,S,9762.000000
Wed Aug 13 19:15:10 2025,13-Aug-2025,222501,48 15.231600 N,064 18.169500 W,2.9,19.8,A,DoorSpread,DoorMaster,0.000000,E,S,9762.000000
Wed Aug 13 19:15:10 2025,13-Aug-2025,222502,48 15.232400 N,064 18.169400 W,2.9,18.8,A,DoorSpread,DoorMaster,0.000000,E,S,9762.000000
Wed Aug 13 19:15:10 2025,13-Aug-2025,222503,48 15.233200 N,064 18.169400 W,2.8,17.8,A,DoorSpread,DoorMaster,0.000000,E,S,9762.000000
Wed Aug 13 19:15:10 2025,13-Aug-2025,222504,48 15.233900 N,064 18.169100 W,2.8,17.9,A,DoorSpread,DoorMaster,0.000000,E,S,9762.000000
Wed Aug 13 19:15:10 2025,13-Aug-2025,222505,48 15.234500 N,064 18.168400 W,2.8,18.6,A,DoorSpread,DoorMaster,0.000000,E,S,9762.000000
Wed Aug 13 19:15:10 2025,13-Aug-2025,222506,48 15.235100 N,064 18.167900 W,2.8,19.3,A,DoorSpread,DoorMaster,0.000000,E,S,9762.000000
Wed Aug 13 19:15:10 2025,13-Aug-2025,222507,48 15.235800 N,064 18.167500 W,2.7,19.4,A,DoorSpread,DoorMaster,0.000000,E,S,9762.000000
Wed Aug 13 19:15:10 2025,13-Aug-2025,222508,48 15.236400 N,064 18.167400 W,2.7,18.9,A,DoorSpread,DoorMaster,0.000000,E,S,9762.000000
Wed Aug 13 19:15:10 2025,13-Aug-2025,222509,48 15.237000 N,064 18.167300 W,2.6,18.3,A,DoorSpread,DoorMaster,0.000000,E,S,9762.000000
Wed Aug 13 19:15:10 2025,13-Aug-2025,222510,48 15.237700 N,064 18.167000 W,2.6,18.1,A,DoorSpread,DoorMaster,0.000000,E,S,9762.000000
Wed Aug 13 19:15:10 2025,13-Aug-2025,222511,48 15.238200 N,064 18.166500 W,2.6,18.7,A,DoorSpread,DoorMaster,0.000000,E,S,9762.000000
Wed Aug 13 19:15:10 2025,13-Aug-2025,222512,48 15.238700 N,064 18.165800 W,2.6,20.0,A,DoorSpread,DoorMaster,0.000000,E,S,9762.000000
Wed Aug 13 19:15:10 2025,13-Aug-2025,222513,48 15.239300 N,064 18.165200 W,2.6,21.4,A,DoorSpread,DoorMaster,0.000000,E,S,9762.000000
Wed Aug 13 19:15:10 2025,13-Aug-2025,222514,48 15.240000 N,064 18.164900 W,2.6,21.3,A,DoorSpread,DoorMaster,0.000000,E,S,9762.000000
Wed Aug 13 19:15:10 2025,13-Aug-2025,222515,48 15.240700 N,064 18.165100 W,2.6,19.8,A,DoorSpread,DoorMaster,0.000000,E,S,9762.000000
Wed Aug 13 19:15:10 2025,13-Aug-2025,222516,48 15.241300 N,064 18.165300 W,2.5,18.8,A,DoorSpread,DoorMaster,0.000000,E,S,9762.000000
Wed Aug 13 19:15:10 2025,13-Aug-2025,222517,48 15.241700 N,064 18.165100 W,2.4,18.1,A,DoorSpread,DoorMaster,0.000000,E,S,9762.000000
Wed Aug 13 19:15:10 2025,13-Aug-2025,222518,48 15.242200 N,064 18.164500 W,2.5,19.3,A,DoorSpread,DoorMaster,0.000000,E,S,9762.000000
Wed Aug 13 19:15:10 2025,13-Aug-2025,222519,48 15.242800 N,064 18.163800 W,2.5,20.2,A,DoorSpread,DoorMaster,0.000000,E,S,9762.000000
Wed Aug 13 19:15:10 2025,13-Aug-2025,222520,48 15.243300 N,064 18.163500 W,2.5,19.9,A,DoorSpread,DoorMaster,0.000000,E,S,9762.000000
Wed Aug 13 19:15:10 2025,13-Aug-2025,222521,48 15.244000 N,064 18.163500 W,2.4,18.9,A,DoorSpread,DoorMaster,0.000000,E,S,9762.000000
Wed Aug 13 19:15:10 2025,13-Aug-2025,222522,48 15.244600 N,064 18.163300 W,2.4,18.0,A,DoorSpread,DoorMaster,0.000000,E,S,9762.000000
Wed Aug 13 19:15:10 2025,13-Aug-2025,222523,48 15.245200 N,064 18.162900 W,2.3,17.7,A,DoorSpread,DoorMaster,0.000000,E,S,9762.000000
Wed Aug 13 19:15:10 2025,13-Aug-2025,222524,48 15.245600 N,064 18.162400 W,2.3,18.2,A,DoorSpread,DoorMaster,0.000000,E,S,9762.000000
Wed Aug 13 19:15:10 2025,13-Aug-2025,222525,48 15.246100 N,064 18.161900 W,2.3,18.8,A,DoorSpread,DoorMaster,0.000000,E,S,9762.000000
Wed Aug 13 19:15:10 2025,13-Aug-2025,222526,48 15.246800 N,064 18.161800 W,2.4,18.0,A,DoorSpread,DoorMaster,0.000000,E,S,9762.000000
Wed Aug 13 19:15:10 2025,13-Aug-2025,222527,48 15.247500 N,064 18.161900 W,2.3,16.9,A,DoorSpread,DoorMaster,0.000000,E,S,9762.000000
Wed Aug 13 19:15:10 2025,13-Aug-2025,222528,48 15.247900 N,064 18.161800 W,2.2,16.1,A,DoorSpread,DoorMaster,0.000000,E,S,9762.000000
Wed Aug 13 19:15:10 2025,13-Aug-2025,222529,48 15.248400 N,064 18.161500 W,2.2,16.3,A,DoorSpread,DoorMaster,0.000000,E,S,9762.000000
Wed Aug 13 19:15:10 2025,13-Aug-2025,222530,48 15.248800 N,064 18.160900 W,2.2,17.2,A,DoorSpread,DoorMaster,0.000000,E,S,9762.000000
Wed Aug 13 19:15:10 2025,13-Aug-2025,222531,48 15.249300 N,064 18.160600 W,2.1,17.7,A,DoorSpread,DoorMaster,0.000000,E,S,9762.000000
Wed Aug 13 19:15:10 2025,13-Aug-2025,222532,48 15.249800 N,064 18.160500 W,2.1,17.9,A,DoorSpread,DoorMaster,0.000000,E,S,9762.000000
Wed Aug 13 19:15:10 2025,13-Aug-2025,222533,48 15.250300 N,064 18.160300 W,2.1,18.0,A,DoorSpread,DoorMaster,0.000000,E,S,9762.000000
Wed Aug 13 19:15:10 2025,13-Aug-2025,222534,48 15.250700 N,064 18.159900 W,2.1,18.6,A,DoorSpread,DoorMaster,0.000000,E,S,9762.000000
Wed Aug 13 19:15:10 2025,13-Aug-2025,222535,48 15.251100 N,064 18.159500 W,2.1,19.0,A,DoorSpread,DoorMaster,0.000000,E,S,9762.000000
Wed Aug 13 19:15:10 2025,13-Aug-2025,222536,48 15.251500 N,064 18.159300 W,2.0,19.3,A,DoorSpread,DoorMaster,0.000000,E,S,9762.000000
Wed Aug 13 19:15:10 2025,13-Aug-2025,222537,48 15.251900 N,064 18.159100 W,1.9,19.4,A,DoorSpread,DoorMaster,0.000000,E,S,9762.000000
Wed Aug 13 19:15:10 2025,13-Aug-2025,222538,48 15.252400 N,064 18.158900 W,1.9,20.1,A,DoorSpread,DoorMaster,0.000000,E,S,9762.000000
Wed Aug 13 19:15:10 2025,13-Aug-2025,222539,48 15.252800 N,064 18.158500 W,1.9,20.7,A,DoorSpread,DoorMaster,0.000000,E,S,9762.000000
Wed Aug 13 19:15:10 2025,13-Aug-2025,222540,48 15.253200 N,064 18.158200 W,1.9,21.2,A,DoorSpread,DoorMaster,0.000000,E,S,9762.000000
Wed Aug 13 19:15:10 2025,13-Aug-2025,222541,48 15.253700 N,064 18.158000 W,1.9,21.6,A,DoorSpread,DoorMaster,0.000000,E,S,9762.000000
Wed Aug 13 19:15:10 2025,13-Aug-2025,222542,48 15.254200 N,064 18.157800 W,1.9,21.5,A,DoorSpread,DoorMaster,0.000000,E,S,9762.000000
Wed Aug 13 19:15:10 2025,13-Aug-2025,222543,48 15.254700 N,064 18.157600 W,1.9,21.3,A,DoorSpread,DoorMaster,0.000000,E,S,9762.000000
Wed Aug 13 19:15:10 2025,13-Aug-2025,222544,48 15.255200 N,064 18.157300 W,1.9,21.3,A,DoorSpread,DoorMaster,0.000000,E,S,9762.000000
Wed Aug 13 19:15:10 2025,13-Aug-2025,222545,48 15.255600 N,064 18.157100 W,2.0,21.5,A,DoorSpread,DoorMaster,0.000000,E,S,9762.000000
Wed Aug 13 19:15:10 2025,13-Aug-2025,222546,48 15.256100 N,064 18.156900 W,1.9,21.4,A,DoorSpread,DoorMaster,0.000000,E,S,9762.000000
Wed Aug 13 19:15:10 2025,13-Aug-2025,222547,48 15.256500 N,064 18.156800 W,1.9,21.2,A,DoorSpread,DoorMaster,0.000000,E,S,9762.000000
Wed Aug 13 19:15:10 2025,13-Aug-2025,222548,48 15.257000 N,064 18.156700 W,1.9,21.0,A,DoorSpread,DoorMaster,0.000000,E,S,9762.000000
Wed Aug 13 19:15:10 2025,13-Aug-2025,222549,48 15.257500 N,064 18.156400 W,1.9,21.0,A,DoorSpread,DoorMaster,0.000000,E,S,9762.000000
Wed Aug 13 19:15:10 2025,13-Aug-2025,222550,48 15.258000 N,064 18.156200 W,1.9,21.0,A,DoorSpread,DoorMaster,0.000000,E,S,9762.000000
Wed Aug 13 19:15:10 2025,13-Aug-2025,222551,48 15.258600 N,064 18.155900 W,1.9,21.3,A,DoorSpread,DoorMaster,0.000000,E,S,9762.000000
Wed Aug 13 19:15:10 2025,13-Aug-2025,222552,48 15.259100 N,064 18.155500 W,2.0,21.7,A,DoorSpread,DoorMaster,0.000000,E,S,9762.000000
Wed Aug 13 19:15:10 2025,13-Aug-2025,222553,48 15.259800 N,064 18.155100 W,2.0,22.2,A,DoorSpread,DoorMaster,0.000000,E,S,9762.000000
Wed Aug 13 19:15:10 2025,13-Aug-2025,222554,48 15.260300 N,064 18.154700 W,2.1,22.3,A,DoorSpread,DoorMaster,0.000000,E,S,9762.000000
Wed Aug 13 19:15:10 2025,13-Aug-2025,222555,48 15.261000 N,064 18.154300 W,2.1,21.8,A,DoorSpread,DoorMaster,0.000000,E,S,9762.000000
Wed Aug 13 19:15:10 2025,13-Aug-2025,222556,48 15.261700 N,064 18.153900 W,2.2,21.2,A,DoorSpread,DoorMaster,0.000000,E,S,9762.000000
Wed Aug 13 19:15:10 2025,13-Aug-2025,222557,48 15.262200 N,064 18.153400 W,2.2,21.3,A,DoorSpread,DoorMaster,0.000000,E,S,9762.000000
Wed Aug 13 19:15:10 2025,13-Aug-2025,222558,48 15.262800 N,064 18.152800 W,2.2,22.0,A,DoorSpread,DoorMaster,0.000000,E,S,9762.000000
Wed Aug 13 19:15:10 2025,13-Aug-2025,222559,48 15.263400 N,064 18.152100 W,2.4,22.8,A,DoorSpread,DoorMaster,0.000000,E,S,9762.000000
Wed Aug 13 19:15:10 2025,13-Aug-2025,222600,48 15.264100 N,064 18.151700 W,2.5,21.8,A,DoorSpread,DoorMaster,0.000000,E,S,9762.000000
Wed Aug 13 19:15:10 2025,13-Aug-2025,222601,48 15.264800 N,064 18.151700 W,2.4,20.9,A,DoorSpread,DoorMaster,0.000000,E,S,9762.000000
Wed Aug 13 19:15:10 2025,13-Aug-2025,222602,48 15.265500 N,064 18.151500 W,2.4,20.3,A,DoorSpread,DoorMaster,0.000000,E,S,9762.000000
Wed Aug 13 19:15:10 2025,13-Aug-2025,222603,48 15.266100 N,064 18.151100 W,2.4,20.4,A,DoorSpread,DoorMaster,0.000000,E,S,9762.000000
Wed Aug 13 19:15:10 2025,13-Aug-2025,222604,48 15.266800 N,064 18.150500 W,2.5,21.3,A,DoorSpread,DoorMaster,0.000000,E,S,9762.000000
Wed Aug 13 19:15:10 2025,13-Aug-2025,222605,48 15.267400 N,064 18.150000 W,2.6,21.7,A,DoorSpread,DoorMaster,0.000000,E,S,9762.000000
Wed Aug 13 19:15:10 2025,13-Aug-2025,222606,48 15.268100 N,064 18.149900 W,2.6,20.4,A,DoorSpread,DoorMaster,0.000000,E,S,9762.000000
Wed Aug 13 19:15:10 2025,13-Aug-2025,222607,48 15.268900 N,064 18.150100 W,2.7,18.1,A,DoorSpread,DoorMaster,0.000000,E,S,9762.000000
Wed Aug 13 19:15:10 2025,13-Aug-2025,222608,48 15.269500 N,064 18.150100 W,2.5,16.9,A,DoorSpread,DoorMaster,0.000000,E,S,9762.000000
Wed Aug 13 19:15:10 2025,13-Aug-2025,222609,48 15.270100 N,064 18.149700 W,2.6,16.3,A,DoorSpread,DoorMaster,0.000000,E,S,9762.000000
Wed Aug 13 19:15:10 2025,13-Aug-2025,222610,48 15.270700 N,064 18.149100 W,2.6,17.0,A,DoorSpread,DoorMaster,0.000000,E,S,9762.000000
Wed Aug 13 19:15:10 2025,13-Aug-2025,222611,48 15.271400 N,064 18.148500 W,2.7,17.5,A,DoorSpread,DoorMaster,0.000000,E,S,9762.000000
Wed Aug 13 19:15:10 2025,13-Aug-2025,222612,48 15.272100 N,064 18.148400 W,2.7,16.7,A,DoorSpread,DoorMaster,0.000000,E,S,9762.000000
Wed Aug 13 19:15:10 2025,13-Aug-2025,222613,48 15.272900 N,064 18.148500 W,2.7,15.2,A,DoorSpread,DoorMaster,0.000000,E,S,9762.000000
Wed Aug 13 19:15:10 2025,13-Aug-2025,222614,48 15.273700 N,064 18.148500 W,2.8,13.9,A,DoorSpread,DoorMaster,0.000000,E,S,9762.000000
Wed Aug 13 19:15:10 2025,13-Aug-2025,222615,48 15.274500 N,064 18.148100 W,2.8,13.9,A,DoorSpread,DoorMaster,0.000000,E,S,9762.000000
Wed Aug 13 19:15:10 2025,13-Aug-2025,222616,48 15.275300 N,064 18.147500 W,2.7,14.5,A,DoorSpread,DoorMaster,0.000000,E,S,9762.000000
Wed Aug 13 19:15:10 2025,13-Aug-2025,222617,48 15.275900 N,064 18.147000 W,2.7,15.0,A,DoorSpread,DoorMaster,0.000000,E,S,9762.000000
Wed Aug 13 19:15:10 2025,13-Aug-2025,222618,48 15.276500 N,064 18.146700 W,2.7,15.3,A,DoorSpread,DoorMaster,0.000000,E,S,9762.000000
Wed Aug 13 19:15:10 2025,13-Aug-2025,222619,48 15.277300 N,064 18.146500 W,2.7,14.8,A,DoorSpread,DoorMaster,0.000000,E,S,9762.000000
Wed Aug 13 19:15:10 2025,13-Aug-2025,222620,48 15.278100 N,064 18.146300 W,2.7,14.6,A,DoorSpread,DoorMaster,0.000000,E,S,9762.000000
Wed Aug 13 19:15:10 2025,13-Aug-2025,222621,48 15.278900 N,064 18.145900 W,2.7,14.8,A,DoorSpread,DoorMaster,0.000000,E,S,9762.000000
Wed Aug 13 19:15:10 2025,13-Aug-2025,222622,48 15.279600 N,064 18.145200 W,2.7,15.7,A,DoorSpread,DoorMaster,0.000000,E,S,9762.000000
Wed Aug 13 19:15:10 2025,13-Aug-2025,222623,48 15.280300 N,064 18.144700 W,2.7,16.3,A,DoorSpread,DoorMaster,0.000000,E,S,9762.000000
Wed Aug 13 19:15:10 2025,13-Aug-2025,222624,48 15.281100 N,064 18.144200 W,2.7,16.6,A,DoorSpread,DoorMaster,0.000000,E,S,9762.000000
Wed Aug 13 19:15:10 2025,13-Aug-2025,222625,48 15.281900 N,064 18.143800 W,2.8,16.6,A,DoorSpread,DoorMaster,0.000000,E,S,9762.000000
Wed Aug 13 19:15:10 2025,13-Aug-2025,222626,48 15.282800 N,064 18.143600 W,2.8,16.3,A,DoorSpread,DoorMaster,0.000000,E,S,9762.000000
Wed Aug 13 19:15:10 2025,13-Aug-2025,222627,48 15.283600 N,064 18.143300 W,2.9,15.9,A,DoorSpread,DoorMaster,0.000000,E,S,9762.000000
Wed Aug 13 19:15:10 2025,13-Aug-2025,222628,48 15.284500 N,064 18.143000 W,2.9,15.6,A,DoorSpread,DoorMaster,0.000000,E,S,9762.000000
Wed Aug 13 19:15:10 2025,13-Aug-2025,222629,48 15.285200 N,064 18.142600 W,2.9,15.7,A,DoorSpread,DoorMaster,0.000000,E,S,9762.000000
Wed Aug 13 19:15:10 2025,13-Aug-2025,222630,48 15.286000 N,064 18.142000 W,2.9,16.2,A,DoorSpread,DoorMaster,0.000000,E,S,9762.000000
Wed Aug 13 19:15:10 2025,13-Aug-2025,222631,48 15.286800 N,064 18.141400 W,3.0,16.9,A,DoorSpread,DoorMaster,0.000000,E,S,9762.000000
Wed Aug 13 19:15:10 2025,13-Aug-2025,222632,48 15.287500 N,064 18.141000 W,3.0,17.3,A,DoorSpread,DoorMaster,0.000000,E,S,9762.000000
Wed Aug 13 19:15:10 2025,13-Aug-2025,222633,48 15.288200 N,064 18.140600 W,3.0,17.4,A,DoorSpread,DoorMaster,0.000000,E,S,9762.000000
Wed Aug 13 19:15:10 2025,13-Aug-2025,222634,48 15.289000 N,064 18.140100 W,3.0,17.6,A,DoorSpread,DoorMaster,0.000000,E,S,9762.000000
Wed Aug 13 19:15:10 2025,13-Aug-2025,222635,48 15.289700 N,064 18.139600 W,2.9,17.6,A,DoorSpread,DoorMaster,0.000000,E,S,9762.000000
Wed Aug 13 19:15:10 2025,13-Aug-2025,222636,48 15.290400 N,064 18.139000 W,2.9,18.2,A,DoorSpread,DoorMaster,0.000000,E,S,9762.000000
Wed Aug 13 19:15:10 2025,13-Aug-2025,222637,48 15.291000 N,064 18.138300 W,2.9,19.2,A,DoorSpread,DoorMaster,0.000000,E,S,9762.000000
Wed Aug 13 19:15:10 2025,13-Aug-2025,222638,48 15.291700 N,064 18.137600 W,2.9,19.7,A,DoorSpread,DoorMaster,0.000000,E,S,9762.000000
Wed Aug 13 19:15:10 2025,13-Aug-2025,222639,48 15.292400 N,064 18.137200 W,2.9,19.8,A,DoorSpread,DoorMaster,0.000000,E,S,9762.000000
Wed Aug 13 19:15:10 2025,13-Aug-2025,222640,48 15.293100 N,064 18.136800 W,2.9,19.9,A,DoorSpread,DoorMaster,0.000000,E,S,9762.000000
Wed Aug 13 19:15:10 2025,13-Aug-2025,222641,48 15.293800 N,064 18.136300 W,2.9,20.3,A,DoorSpread,DoorMaster,0.000000,E,S,9762.000000
Wed Aug 13 19:15:10 2025,13-Aug-2025,222642,48 15.294400 N,064 18.135800 W,2.8,21.2,A,DoorSpread,DoorMaster,0.000000,E,S,9762.000000
Wed Aug 13 19:15:10 2025,13-Aug-2025,222643,48 15.295000 N,064 18.135400 W,2.8,22.0,A,DoorSpread,DoorMaster,0.000000,E,S,9762.000000
Wed Aug 13 19:15:10 2025,13-Aug-2025,222644,48 15.295600 N,064 18.135000 W,2.8,22.8,A,DoorSpread,DoorMaster,0.000000,E,S,9762.000000
Wed Aug 13 19:15:10 2025,13-Aug-2025,222645,48 15.296200 N,064 18.134500 W,2.7,23.7,A,DoorSpread,DoorMaster,0.000000,E,S,9762.000000
Wed Aug 13 19:15:10 2025,13-Aug-2025,222646,48 15.296800 N,064 18.134100 W,2.7,24.0,A,DoorSpread,DoorMaster,0.000000,E,S,9762.000000
Wed Aug 13 19:15:10 2025,13-Aug-2025,222647,48 15.297500 N,064 18.133900 W,2.7,23.6,A,DoorSpread,DoorMaster,0.000000,E,S,9762.000000
Wed Aug 13 19:15:10 2025,13-Aug-2025,222648,48 15.298300 N,064 18.133600 W,2.7,23.2,A,DoorSpread,DoorMaster,0.000000,E,S,9762.000000
Wed Aug 13 19:15:10 2025,13-Aug-2025,222649,48 15.298900 N,064 18.133100 W,2.7,23.6,A,DoorSpread,DoorMaster,0.000000,E,S,9762.000000
Wed Aug 13 19:15:10 2025,13-Aug-2025,222650,48 15.299400 N,064 18.132500 W,2.7,24.1,A,DoorSpread,DoorMaster,0.000000,E,S,9762.000000
Wed Aug 13 19:15:10 2025,13-Aug-2025,222651,48 15.300000 N,064 18.132100 W,2.7,24.1,A,DoorSpread,DoorMaster,0.000000,E,S,9762.000000
Wed Aug 13 19:15:10 2025,13-Aug-2025,222652,48 15.300700 N,064 18.131900 W,2.6,23.3,A,DoorSpread,DoorMaster,0.000000,E,S,9762.000000
Wed Aug 13 19:15:10 2025,13-Aug-2025,222653,48 15.301200 N,064 18.131700 W,2.6,23.2,A,DoorSpread,DoorMaster,0.000000,E,S,9762.000000
Wed Aug 13 19:15:10 2025,13-Aug-2025,222654,48 15.301700 N,064 18.131100 W,2.6,24.1,A,DoorSpread,DoorMaster,0.000000,E,S,9762.000000
Wed Aug 13 19:15:10 2025,13-Aug-2025,222655,48 15.302100 N,064 18.130600 W,2.5,24.8,A,DoorSpread,DoorMaster,0.000000,E,S,9762.000000
Wed Aug 13 19:15:10 2025,13-Aug-2025,222656,48 15.302500 N,064 18.130300 W,2.3,25.3,A,DoorSpread,DoorMaster,0.000000,E,S,9762.000000
Wed Aug 13 19:15:10 2025,13-Aug-2025,222657,48 15.303000 N,064 18.130100 W,2.3,25.6,A,DoorSpread,DoorMaster,0.000000,E,S,9762.000000
Wed Aug 13 19:15:10 2025,13-Aug-2025,222658,48 15.303500 N,064 18.129800 W,2.2,25.6,A,DoorSpread,DoorMaster,0.000000,E,S,9762.000000
Wed Aug 13 19:15:10 2025,13-Aug-2025,222659,48 15.304000 N,064 18.129400 W,2.2,26.1,A,DoorSpread,DoorMaster,0.000000,E,S,9762.000000
Wed Aug 13 19:15:10 2025,13-Aug-2025,222700,48 15.304400 N,064 18.128800 W,2.1,26.9,A,DoorSpread,DoorMaster,0.000000,E,S,9762.000000
Wed Aug 13 19:15:10 2025,13-Aug-2025,222701,48 15.304800 N,064 18.128200 W,2.1,27.7,A,DoorSpread,DoorMaster,0.000000,E,S,9762.000000
Wed Aug 13 19:15:10 2025,13-Aug-2025,222702,48 15.305200 N,064 18.127800 W,2.0,28.2,A,DoorSpread,DoorMaster,0.000000,E,S,9762.000000
Wed Aug 13 19:15:10 2025,13-Aug-2025,222703,48 15.305600 N,064 18.127500 W,2.0,28.0,A,DoorSpread,DoorMaster,0.000000,E,S,9762.000000
Wed Aug 13 19:15:10 2025,13-Aug-2025,222704,48 15.306100 N,064 18.127300 W,2.0,27.2,A,DoorSpread,DoorMaster,0.000000,E,S,9762.000000
Wed Aug 13 19:15:10 2025,13-Aug-2025,222705,48 15.306700 N,064 18.127000 W,2.1,26.7,A,DoorSpread,DoorMaster,0.000000,E,S,9762.000000
Wed Aug 13 19:15:10 2025,13-Aug-2025,222706,48 15.307200 N,064 18.126500 W,2.0,26.6,A,DoorSpread,DoorMaster,0.000000,E,S,9762.000000
Wed Aug 13 19:15:10 2025,13-Aug-2025,222707,48 15.307700 N,064 18.126100 W,2.0,26.7,A,DoorSpread,DoorMaster,0.000000,E,S,9762.000000
Wed Aug 13 19:15:10 2025,13-Aug-2025,222708,48 15.308100 N,064 18.125700 W,2.0,27.1,A,DoorSpread,DoorMaster,0.000000,E,S,9762.000000
Wed Aug 13 19:15:10 2025,13-Aug-2025,222709,48 15.308700 N,064 18.125300 W,2.0,26.8,A,DoorSpread,DoorMaster,0.000000,E,S,9762.000000
Wed Aug 13 19:15:10 2025,13-Aug-2025,222710,48 15.309300 N,064 18.125100 W,2.0,25.4,A,DoorSpread,DoorMaster,0.000000,E,S,9762.000000
Wed Aug 13 19:15:10 2025,13-Aug-2025,222711,48 15.309900 N,064 18.125000 W,2.0,24.2,A,DoorSpread,DoorMaster,0.000000,E,S,9762.000000
Wed Aug 13 19:15:10 2025,13-Aug-2025,222712,48 15.310200 N,064 18.124400 W,2.1,26.3,A,DoorSpread,DoorMaster,0.000000,E,S,9762.000000
Wed Aug 13 19:15:10 2025,13-Aug-2025,222713,48 15.310400 N,064 18.123600 W,2.1,28.0,A,DoorSpread,DoorMaster,0.000000,E,S,9762.000000
Wed Aug 13 19:15:10 2025,13-Aug-2025,222714,48 15.310800 N,064 18.123100 W,2.1,29.1,A,DoorSpread,DoorMaster,0.000000,E,S,9762.000000
Wed Aug 13 19:15:10 2025,13-Aug-2025,222715,48 15.311500 N,064 18.122800 W,2.1,28.8,A,DoorSpread,DoorMaster,0.000000,E,S,9762.000000
Wed Aug 13 19:15:10 2025,13-Aug-2025,222716,48 15.312100 N,064 18.122700 W,2.1,27.3,A,DoorSpread,DoorMaster,0.000000,E,S,9762.000000
Wed Aug 13 19:15:10 2025,13-Aug-2025,222717,48 15.312600 N,064 18.122800 W,2.1,26.2,A,DoorSpread,DoorMaster,0.000000,E,S,9762.000000
Wed Aug 13 19:15:10 2025,13-Aug-2025,222718,48 15.313000 N,064 18.122500 W,2.1,25.6,A,DoorSpread,DoorMaster,0.000000,E,S,9762.000000
Wed Aug 13 19:15:10 2025,13-Aug-2025,222719,48 15.313600 N,064 18.121900 W,2.2,26.2,A,DoorSpread,DoorMaster,0.000000,E,S,9762.000000
Wed Aug 13 19:15:10 2025,13-Aug-2025,222720,48 15.314000 N,064 18.121400 W,2.1,26.6,A,DoorSpread,DoorMaster,0.000000,E,S,9762.000000
Wed Aug 13 19:15:10 2025,13-Aug-2025,222721,48 15.314400 N,064 18.121300 W,2.0,26.6,A,DoorSpread,DoorMaster,0.000000,E,S,9762.000000
Wed Aug 13 19:15:10 2025,13-Aug-2025,222722,48 15.315000 N,064 18.121100 W,2.1,26.0,A,DoorSpread,DoorMaster,0.000000,E,S,9762.000000
Wed Aug 13 19:15:10 2025,13-Aug-2025,222723,48 15.315600 N,064 18.120900 W,2.1,25.2,A,DoorSpread,DoorMaster,0.000000,E,S,9762.000000
Wed Aug 13 19:15:10 2025,13-Aug-2025,222724,48 15.316200 N,064 18.120600 W,2.0,24.6,A,DoorSpread,DoorMaster,0.000000,E,S,9762.000000
Wed Aug 13 19:15:10 2025,13-Aug-2025,222725,48 15.316600 N,064 18.120300 W,2.0,24.4,A,DoorSpread,DoorMaster,0.000000,E,S,9762.000000
Wed Aug 13 19:15:10 2025,13-Aug-2025,222726,48 15.316900 N,064 18.119600 W,2.0,25.9,A,DoorSpread,DoorMaster,0.000000,E,S,9762.000000
Wed Aug 13 19:15:10 2025,13-Aug-2025,222727,48 15.317200 N,064 18.118800 W,2.0,27.7,A,DoorSpread,DoorMaster,0.000000,E,S,9762.000000
Wed Aug 13 19:15:10 2025,13-Aug-2025,222728,48 15.317500 N,064 18.118300 W,2.0,27.5,A,DoorSpread,DoorMaster,0.000000,E,S,9762.000000
Wed Aug 13 19:15:10 2025,13-Aug-2025,222729,48 15.318100 N,064 18.118300 W,2.0,26.8,A,DoorSpread,DoorMaster,0.000000,E,S,9762.000000
Wed Aug 13 19:15:10 2025,13-Aug-2025,222730,48 15.318600 N,064 18.118100 W,2.0,26.1,A,DoorSpread,DoorMaster,0.000000,E,S,9762.000000
Wed Aug 13 19:15:10 2025,13-Aug-2025,222731,48 15.319100 N,064 18.117700 W,2.0,25.9,A,DoorSpread,DoorMaster,0.000000,E,S,9762.000000
Wed Aug 13 19:15:10 2025,13-Aug-2025,222732,48 15.319500 N,064 18.117100 W,2.0,26.5,A,DoorSpread,DoorMaster,0.000000,E,S,9762.000000
Wed Aug 13 19:15:10 2025,13-Aug-2025,222733,48 15.320100 N,064 18.116400 W,2.0,26.7,A,DoorSpread,DoorMaster,0.000000,E,S,9762.000000
Wed Aug 13 19:15:10 2025,13-Aug-2025,222734,48 15.320700 N,064 18.115900 W,2.0,26.8,A,DoorSpread,DoorMaster,0.000000,E,S,9762.000000
Wed Aug 13 19:15:10 2025,13-Aug-2025,222735,48 15.321200 N,064 18.115400 W,2.0,26.9,A,DoorSpread,DoorMaster,0.000000,E,S,9762.000000
Wed Aug 13 19:15:10 2025,13-Aug-2025,222736,48 15.321800 N,064 18.115100 W,1.9,26.6,A,DoorSpread,DoorMaster,0.000000,E,S,9762.000000
Wed Aug 13 19:15:10 2025,13-Aug-2025,222737,48 15.322300 N,064 18.114800 W,1.9,26.4,A,DoorSpread,DoorMaster,0.000000,E,S,9762.000000
Wed Aug 13 19:15:10 2025,13-Aug-2025,222738,48 15.322600 N,064 18.114300 W,1.9,26.8,A,DoorSpread,DoorMaster,0.000000,E,S,9762.000000
Wed Aug 13 19:15:10 2025,13-Aug-2025,222739,48 15.323100 N,064 18.113700 W,1.9,27.3,A,DoorSpread,DoorMaster,0.000000,E,S,9762.000000
Wed Aug 13 19:15:10 2025,13-Aug-2025,222740,48 15.323600 N,064 18.113300 W,2.0,27.0,A,DoorSpread,DoorMaster,0.000000,E,S,9762.000000
Wed Aug 13 19:15:10 2025,13-Aug-2025,222741,48 15.324100 N,064 18.113100 W,2.0,25.9,A,DoorSpread,DoorMaster,0.000000,E,S,9762.000000
Wed Aug 13 19:15:10 2025,13-Aug-2025,222742,48 15.324600 N,064 18.112900 W,2.0,25.2,A,DoorSpread,DoorMaster,0.000000,E,S,9762.000000
Wed Aug 13 19:15:10 2025,13-Aug-2025,222743,48 15.325000 N,064 18.112500 W,1.9,24.9,A,DoorSpread,DoorMaster,0.000000,E,S,9762.000000
Wed Aug 13 19:15:10 2025,13-Aug-2025,222744,48 15.325400 N,064 18.112100 W,2.0,24.6,A,DoorSpread,DoorMaster,0.000000,E,S,9762.000000
Wed Aug 13 19:15:10 2025,13-Aug-2025,222745,48 15.325900 N,064 18.111700 W,2.0,24.3,A,DoorSpread,DoorMaster,0.000000,E,S,9762.000000
Wed Aug 13 19:15:10 2025,13-Aug-2025,222746,48 15.326400 N,064 18.111300 W,2.0,24.1,A,DoorSpread,DoorMaster,0.000000,E,S,9762.000000
Wed Aug 13 19:15:10 2025,13-Aug-2025,222747,48 15.326800 N,064 18.110800 W,2.0,24.1,A,DoorSpread,DoorMaster,0.000000,E,S,9762.000000
Wed Aug 13 19:15:10 2025,13-Aug-2025,222748,48 15.327200 N,064 18.110500 W,2.0,24.4,A,DoorSpread,DoorMaster,0.000000,E,S,9762.000000
Wed Aug 13 19:15:10 2025,13-Aug-2025,222749,48 15.327600 N,064 18.110100 W,2.0,24.6,A,DoorSpread,DoorMaster,0.000000,E,S,9762.000000
Wed Aug 13 19:15:10 2025,13-Aug-2025,222750,48 15.328000 N,064 18.109800 W,2.0,24.6,A,DoorSpread,DoorMaster,0.000000,E,S,9762.000000
Wed Aug 13 19:15:10 2025,13-Aug-2025,222751,48 15.328400 N,064 18.109600 W,2.0,24.5,A,DoorSpread,DoorMaster,0.000000,E,S,9762.000000
Wed Aug 13 19:15:10 2025,13-Aug-2025,222752,48 15.329000 N,064 18.109200 W,2.0,24.6,A,DoorSpread,DoorMaster,0.000000,E,S,9762.000000
Wed Aug 13 19:15:10 2025,13-Aug-2025,222753,48 15.329400 N,064 18.108700 W,2.0,25.4,A,DoorSpread,DoorMaster,0.000000,E,S,9762.000000
Wed Aug 13 19:15:10 2025,13-Aug-2025,222754,48 15.329800 N,064 18.108200 W,2.0,26.5,A,DoorSpread,DoorMaster,0.000000,E,S,9762.000000
Wed Aug 13 19:15:10 2025,13-Aug-2025,222755,48 15.330200 N,064 18.107800 W,2.0,27.3,A,DoorSpread,DoorMaster,0.000000,E,S,9762.000000
Wed Aug 13 19:15:10 2025,13-Aug-2025,222756,48 15.330800 N,064 18.107500 W,2.0,27.1,A,DoorSpread,DoorMaster,0.000000,E,S,9762.000000
Wed Aug 13 19:15:10 2025,13-Aug-2025,222757,48 15.331400 N,064 18.107300 W,2.0,26.4,A,DoorSpread,DoorMaster,0.000000,E,S,9762.000000
Wed Aug 13 19:15:10 2025,13-Aug-2025,222758,48 15.331900 N,064 18.106900 W,2.0,26.0,A,DoorSpread,DoorMaster,0.000000,E,S,9762.000000
Wed Aug 13 19:15:10 2025,13-Aug-2025,222759,48 15.332200 N,064 18.106400 W,2.0,27.0,A,DoorSpread,DoorMaster,0.000000,E,S,9762.000000
Wed Aug 13 19:15:10 2025,13-Aug-2025,222800,48 15.332600 N,064 18.105700 W,2.0,28.2,A,DoorSpread,DoorMaster,0.000000,E,S,9762.000000
Wed Aug 13 19:15:10 2025,13-Aug-2025,222801,48 15.333100 N,064 18.105400 W,2.1,28.1,A,DoorSpread,DoorMaster,0.000000,E,S,9762.000000
Wed Aug 13 19:15:10 2025,13-Aug-2025,222802,48 15.333700 N,064 18.105200 W,2.1,27.3,A,DoorSpread,DoorMaster,0.000000,E,S,9762.000000
Wed Aug 13 19:15:10 2025,13-Aug-2025,222803,48 15.334200 N,064 18.105100 W,2.1,26.9,A,DoorSpread,DoorMaster,0.000000,E,S,9762.000000
Wed Aug 13 19:15:10 2025,13-Aug-2025,222804,48 15.334600 N,064 18.104600 W,2.1,27.4,A,DoorSpread,DoorMaster,0.000000,E,S,9762.000000
Wed Aug 13 19:15:10 2025,13-Aug-2025,222805,48 15.335000 N,064 18.104200 W,2.1,27.8,A,DoorSpread,DoorMaster,0.000000,E,S,9762.000000
Wed Aug 13 19:15:10 2025,13-Aug-2025,222806,48 15.335600 N,064 18.103900 W,2.0,27.5,A,DoorSpread,DoorMaster,0.000000,E,S,9762.000000
Wed Aug 13 19:15:10 2025,13-Aug-2025,222807,48 15.336200 N,064 18.103600 W,2.0,26.9,A,DoorSpread,DoorMaster,0.000000,E,S,9762.000000
Wed Aug 13 19:15:10 2025,13-Aug-2025,222808,48 15.336700 N,064 18.103100 W,2.1,27.0,A,DoorSpread,DoorMaster,0.000000,E,S,9762.000000
Wed Aug 13 19:15:10 2025,13-Aug-2025,222809,48 15.337200 N,064 18.102600 W,2.0,27.1,A,DoorSpread,DoorMaster,0.000000,E,S,9762.000000
Wed Aug 13 19:15:10 2025,13-Aug-2025,222810,48 15.337600 N,064 18.102200 W,2.0,27.2,A,DoorSpread,DoorMaster,0.000000,E,S,9762.000000
Wed Aug 13 19:15:10 2025,13-Aug-2025,222811,48 15.338100 N,064 18.101900 W,2.0,27.2,A,DoorSpread,DoorMaster,0.000000,E,S,9762.000000
Wed Aug 13 19:15:10 2025,13-Aug-2025,222812,48 15.338600 N,064 18.101500 W,2.0,26.9,A,DoorSpread,DoorMaster,0.000000,E,S,9762.000000
Wed Aug 13 19:15:10 2025,13-Aug-2025,222813,48 15.339100 N,064 18.101100 W,2.0,27.0,A,DoorSpread,DoorMaster,0.000000,E,S,9762.000000
Wed Aug 13 19:15:10 2025,13-Aug-2025,222814,48 15.339500 N,064 18.100700 W,2.0,27.2,A,DoorSpread,DoorMaster,0.000000,E,S,9762.000000
Wed Aug 13 19:15:10 2025,13-Aug-2025,222815,48 15.340000 N,064 18.100300 W,2.0,27.5,A,DoorSpread,DoorMaster,0.000000,E,S,9762.000000
Wed Aug 13 19:15:10 2025,13-Aug-2025,222816,48 15.340500 N,064 18.100000 W,2.1,27.4,A,DoorSpread,DoorMaster,0.000000,E,S,9762.000000
Wed Aug 13 19:15:10 2025,13-Aug-2025,222817,48 15.341100 N,064 18.099700 W,2.0,27.3,A,DoorSpread,DoorMaster,0.000000,E,S,9762.000000
Wed Aug 13 19:15:10 2025,13-Aug-2025,222818,48 15.341600 N,064 18.099400 W,2.0,27.2,A,DoorSpread,DoorMaster,0.000000,E,S,9762.000000
Wed Aug 13 19:15:10 2025,13-Aug-2025,222819,48 15.342100 N,064 18.099000 W,2.0,27.1,A,DoorSpread,DoorMaster,0.000000,E,S,9762.000000
Wed Aug 13 19:15:10 2025,13-Aug-2025,222820,48 15.342700 N,064 18.098700 W,2.0,26.8,A,DoorSpread,DoorMaster,0.000000,E,S,9762.000000
Wed Aug 13 19:15:10 2025,13-Aug-2025,222821,48 15.343300 N,064 18.098400 W,2.1,26.2,A,DoorSpread,DoorMaster,0.000000,E,S,9762.000000
Wed Aug 13 19:15:10 2025,13-Aug-2025,222822,48 15.343900 N,064 18.098000 W,2.1,25.7,A,DoorSpread,DoorMaster,0.000000,E,S,9762.000000
Wed Aug 13 19:15:10 2025,13-Aug-2025,222823,48 15.344500 N,064 18.097700 W,2.2,25.1,A,DoorSpread,DoorMaster,0.000000,E,S,9762.000000
Wed Aug 13 19:15:10 2025,13-Aug-2025,222824,48 15.345100 N,064 18.097300 W,2.2,24.5,A,DoorSpread,DoorMaster,0.000000,E,S,9762.000000
Wed Aug 13 19:15:10 2025,13-Aug-2025,222825,48 15.345600 N,064 18.096900 W,2.1,24.1,A,DoorSpread,DoorMaster,0.000000,E,S,9762.000000
Wed Aug 13 19:15:10 2025,13-Aug-2025,222826,48 15.346100 N,064 18.096600 W,2.1,24.0,A,DoorSpread,DoorMaster,0.000000,E,S,9762.000000
Wed Aug 13 19:15:10 2025,13-Aug-2025,222827,48 15.346500 N,064 18.096200 W,2.1,23.9,A,DoorSpread,DoorMaster,0.000000,E,S,9762.000000
Wed Aug 13 19:15:10 2025,13-Aug-2025,222828,48 15.347100 N,064 18.095900 W,2.1,23.9,A,DoorSpread,DoorMaster,0.000000,E,S,9762.000000
Wed Aug 13 19:15:10 2025,13-Aug-2025,222829,48 15.347600 N,064 18.095400 W,2.1,24.4,A,DoorSpread,DoorMaster,0.000000,E,S,9762.000000
Wed Aug 13 19:15:10 2025,13-Aug-2025,222830,48 15.348000 N,064 18.094900 W,2.1,25.1,A,DoorSpread,DoorMaster,0.000000,E,S,9762.000000
Wed Aug 13 19:15:10 2025,13-Aug-2025,222831,48 15.348400 N,064 18.094400 W,2.1,25.7,A,DoorSpread,DoorMaster,0.000000,E,S,9762.000000
Wed Aug 13 19:15:10 2025,13-Aug-2025,222832,48 15.348900 N,064 18.094000 W,2.1,25.6,A,DoorSpread,DoorMaster,0.000000,E,S,9762.000000
Wed Aug 13 19:15:10 2025,13-Aug-2025,222833,48 15.349500 N,064 18.093700 W,2.1,24.8,A,DoorSpread,DoorMaster,0.000000,E,S,9762.000000
Wed Aug 13 19:15:10 2025,13-Aug-2025,222834,48 15.350100 N,064 18.093500 W,2.1,24.4,A,DoorSpread,DoorMaster,0.000000,E,S,9762.000000
Wed Aug 13 19:15:10 2025,13-Aug-2025,222835,48 15.350600 N,064 18.093000 W,2.1,25.0,A,DoorSpread,DoorMaster,0.000000,E,S,9762.000000
Wed Aug 13 19:15:10 2025,13-Aug-2025,222836,48 15.351100 N,064 18.092400 W,2.1,26.2,A,DoorSpread,DoorMaster,0.000000,E,S,9762.000000
Wed Aug 13 19:15:10 2025,13-Aug-2025,222837,48 15.351600 N,064 18.091800 W,2.1,26.9,A,DoorSpread,DoorMaster,0.000000,E,S,9762.000000
Wed Aug 13 19:15:10 2025,13-Aug-2025,222838,48 15.352200 N,064 18.091600 W,2.1,26.5,A,DoorSpread,DoorMaster,0.000000,E,S,9762.000000
Wed Aug 13 19:15:10 2025,13-Aug-2025,222839,48 15.352900 N,064 18.091700 W,2.2,24.4,A,DoorSpread,DoorMaster,0.000000,E,S,9762.000000
Wed Aug 13 19:15:10 2025,13-Aug-2025,222840,48 15.353500 N,064 18.091500 W,2.2,23.2,A,DoorSpread,DoorMaster,0.000000,E,S,9762.000000
Wed Aug 13 19:15:10 2025,13-Aug-2025,222841,48 15.354000 N,064 18.091100 W,2.1,23.4,A,DoorSpread,DoorMaster,0.000000,E,S,9762.000000
Wed Aug 13 19:15:10 2025,13-Aug-2025,222842,48 15.354400 N,064 18.090500 W,2.1,24.5,A,DoorSpread,DoorMaster,0.000000,E,S,9762.000000
Wed Aug 13 19:15:10 2025,13-Aug-2025,222843,48 15.355000 N,064 18.090000 W,2.2,25.0,A,DoorSpread,DoorMaster,0.000000,E,S,9762.000000
Wed Aug 13 19:15:10 2025,13-Aug-2025,222844,48 15.355600 N,064 18.089900 W,2.2,24.3,A,DoorSpread,DoorMaster,0.000000,E,S,9762.000000
Wed Aug 13 19:15:10 2025,13-Aug-2025,222845,48 15.356100 N,064 18.089800 W,2.2,23.5,A,DoorSpread,DoorMaster,0.000000,E,S,9762.000000
Wed Aug 13 19:15:10 2025,13-Aug-2025,222846,48 15.356600 N,064 18.089600 W,2.2,23.1,A,DoorSpread,DoorMaster,0.000000,E,S,9762.000000
Wed Aug 13 19:15:10 2025,13-Aug-2025,222847,48 15.357100 N,064 18.089200 W,2.2,23.2,A,DoorSpread,DoorMaster,0.000000,E,S,9762.000000
Wed Aug 13 19:15:10 2025,13-Aug-2025,222848,48 15.357400 N,064 18.088700 W,2.1,23.7,A,DoorSpread,DoorMaster,0.000000,E,S,9762.000000
Wed Aug 13 19:15:10 2025,13-Aug-2025,222849,48 15.357800 N,064 18.088100 W,2.1,25.1,A,DoorSpread,DoorMaster,0.000000,E,S,9762.000000
Wed Aug 13 19:15:10 2025,13-Aug-2025,222850,48 15.358300 N,064 18.087700 W,2.2,25.6,A,DoorSpread,DoorMaster,0.000000,E,S,9762.000000
Wed Aug 13 19:15:10 2025,13-Aug-2025,222851,48 15.358800 N,064 18.087500 W,2.2,25.0,A,DoorSpread,DoorMaster,0.000000,E,S,9762.000000
Wed Aug 13 19:15:10 2025,13-Aug-2025,222852,48 15.359400 N,064 18.087400 W,2.1,24.5,A,DoorSpread,DoorMaster,0.000000,E,S,9762.000000
Wed Aug 13 19:15:10 2025,13-Aug-2025,222853,48 15.359800 N,064 18.087100 W,2.1,24.4,A,DoorSpread,DoorMaster,0.000000,E,S,9762.000000
Wed Aug 13 19:15:10 2025,13-Aug-2025,222854,48 15.360200 N,064 18.086600 W,2.1,25.3,A,DoorSpread,DoorMaster,0.000000,E,S,9762.000000
Wed Aug 13 19:15:10 2025,13-Aug-2025,222855,48 15.360600 N,064 18.086000 W,2.1,26.2,A,DoorSpread,DoorMaster,0.000000,E,S,9762.000000
Wed Aug 13 19:15:10 2025,13-Aug-2025,222856,48 15.361000 N,064 18.085600 W,2.1,26.7,A,DoorSpread,DoorMaster,0.000000,E,S,9762.000000
Wed Aug 13 19:15:10 2025,13-Aug-2025,222857,48 15.361600 N,064 18.085400 W,2.1,26.3,A,DoorSpread,DoorMaster,0.000000,E,S,9762.000000
Wed Aug 13 19:15:10 2025,13-Aug-2025,222858,48 15.362100 N,064 18.085300 W,2.1,25.6,A,DoorSpread,DoorMaster,0.000000,E,S,9762.000000
Wed Aug 13 19:15:10 2025,13-Aug-2025,222859,48 15.362600 N,064 18.085000 W,2.1,25.3,A,DoorSpread,DoorMaster,0.000000,E,S,9762.000000
Wed Aug 13 19:15:10 2025,13-Aug-2025,222900,48 15.363100 N,064 18.084500 W,2.1,26.0,A,DoorSpread,DoorMaster,0.000000,E,S,9762.000000
Wed Aug 13 19:15:10 2025,13-Aug-2025,222901,48 15.363500 N,064 18.083700 W,2.1,26.8,A,DoorSpread,DoorMaster,0.000000,E,S,9762.000000
Wed Aug 13 19:15:10 2025,13-Aug-2025,222902,48 15.364100 N,064 18.083300 W,2.1,26.8,A,DoorSpread,DoorMaster,0.000000,E,S,9762.000000
Wed Aug 13 19:15:10 2025,13-Aug-2025,222903,48 15.364700 N,064 18.082900 W,2.1,26.2,A,DoorSpread,DoorMaster,0.000000,E,S,9762.000000
Wed Aug 13 19:15:10 2025,13-Aug-2025,222904,48 15.365200 N,064 18.082500 W,2.1,25.8,A,DoorSpread,DoorMaster,0.000000,E,S,9762.000000
Wed Aug 13 19:15:10 2025,13-Aug-2025,222905,48 15.365800 N,064 18.081900 W,2.1,25.9,A,DoorSpread,DoorMaster,0.000000,E,S,9762.000000
Wed Aug 13 19:15:10 2025,13-Aug-2025,222906,48 15.366400 N,064 18.081300 W,2.2,26.1,A,DoorSpread,DoorMaster,0.000000,E,S,9762.000000
Wed Aug 13 19:15:10 2025,13-Aug-2025,222907,48 15.367000 N,064 18.080900 W,2.2,26.2,A,DoorSpread,DoorMaster,0.000000,E,S,9762.000000
Wed Aug 13 19:15:10 2025,13-Aug-2025,222908,48 15.367600 N,064 18.080600 W,2.2,25.2,A,DoorSpread,DoorMaster,0.000000,E,S,9762.000000
Wed Aug 13 19:15:10 2025,13-Aug-2025,222909,48 15.368200 N,064 18.080500 W,2.2,24.1,A,DoorSpread,DoorMaster,0.000000,E,S,9762.000000
Wed Aug 13 19:15:10 2025,13-Aug-2025,222910,48 15.368800 N,064 18.080200 W,2.2,23.7,A,DoorSpread,DoorMaster,0.000000,E,S,9762.000000
Wed Aug 13 19:15:10 2025,13-Aug-2025,222911,48 15.369200 N,064 18.079700 W,2.2,23.9,A,DoorSpread,DoorMaster,0.000000,E,S,9762.000000
Wed Aug 13 19:15:10 2025,13-Aug-2025,222912,48 15.369800 N,064 18.079300 W,2.2,23.6,A,DoorSpread,DoorMaster,0.000000,E,S,9762.000000
Wed Aug 13 19:15:10 2025,13-Aug-2025,222913,48 15.370300 N,064 18.079100 W,2.2,23.4,A,DoorSpread,DoorMaster,0.000000,E,S,9762.000000
Wed Aug 13 19:15:10 2025,13-Aug-2025,222914,48 15.370700 N,064 18.078700 W,2.2,23.6,A,DoorSpread,DoorMaster,0.000000,E,S,9762.000000
Wed Aug 13 19:15:10 2025,13-Aug-2025,222915,48 15.371300 N,064 18.078300 W,2.2,23.6,A,DoorSpread,DoorMaster,0.000000,E,S,9762.000000
Wed Aug 13 19:15:10 2025,13-Aug-2025,222916,48 15.371800 N,064 18.078100 W,2.2,23.2,A,DoorSpread,DoorMaster,0.000000,E,S,9762.000000
Wed Aug 13 19:15:10 2025,13-Aug-2025,222917,48 15.372400 N,064 18.077900 W,2.2,22.8,A,DoorSpread,DoorMaster,0.000000,E,S,9762.000000
Wed Aug 13 19:15:10 2025,13-Aug-2025,222918,48 15.372800 N,064 18.077400 W,2.2,23.2,A,DoorSpread,DoorMaster,0.000000,E,S,9762.000000
Wed Aug 13 19:15:10 2025,13-Aug-2025,222919,48 15.373100 N,064 18.077000 W,2.2,24.0,A,DoorSpread,DoorMaster,0.000000,E,S,9762.000000
Wed Aug 13 19:15:10 2025,13-Aug-2025,222920,48 15.373500 N,064 18.076600 W,2.2,24.5,A,DoorSpread,DoorMaster,0.000000,E,S,9762.000000
Wed Aug 13 19:15:10 2025,13-Aug-2025,222921,48 15.373900 N,064 18.076200 W,2.1,24.9,A,DoorSpread,DoorMaster,0.000000,E,S,9762.000000
Wed Aug 13 19:15:10 2025,13-Aug-2025,222922,48 15.374300 N,064 18.075700 W,2.2,25.8,A,DoorSpread,DoorMaster,0.000000,E,S,9762.000000
Wed Aug 13 19:15:10 2025,13-Aug-2025,222923,48 15.374800 N,064 18.075300 W,2.2,26.5,A,DoorSpread,DoorMaster,0.000000,E,S,9762.000000
Wed Aug 13 19:15:10 2025,13-Aug-2025,222924,48 15.375300 N,064 18.074900 W,2.2,26.6,A,DoorSpread,DoorMaster,0.000000,E,S,9762.000000
Wed Aug 13 19:15:10 2025,13-Aug-2025,222925,48 15.375800 N,064 18.074600 W,2.2,26.5,A,DoorSpread,DoorMaster,0.000000,E,S,9762.000000
Wed Aug 13 19:15:10 2025,13-Aug-2025,222926,48 15.376300 N,064 18.074200 W,2.2,26.5,A,DoorSpread,DoorMaster,0.000000,E,S,9762.000000
Wed Aug 13 19:15:10 2025,13-Aug-2025,222927,48 15.376800 N,064 18.073800 W,2.2,26.4,A,DoorSpread,DoorMaster,0.000000,E,S,9762.000000
Wed Aug 13 19:15:10 2025,13-Aug-2025,222928,48 15.377300 N,064 18.073500 W,2.2,26.2,A,DoorSpread,DoorMaster,0.000000,E,S,9762.000000
Wed Aug 13 19:15:10 2025,13-Aug-2025,222929,48 15.377900 N,064 18.073100 W,2.3,26.0,A,DoorSpread,DoorMaster,0.000000,E,S,9762.000000
Wed Aug 13 19:15:10 2025,13-Aug-2025,222930,48 15.378400 N,064 18.072700 W,2.3,25.9,A,DoorSpread,DoorMaster,0.000000,E,S,9762.000000
Wed Aug 13 19:15:10 2025,13-Aug-2025,222931,48 15.378800 N,064 18.072200 W,2.2,26.0,A,DoorSpread,DoorMaster,0.000000,E,S,9762.000000
Wed Aug 13 19:15:10 2025,13-Aug-2025,222932,48 15.379300 N,064 18.071700 W,2.2,26.1,A,DoorSpread,DoorMaster,0.000000,E,S,9762.000000
Wed Aug 13 19:15:10 2025,13-Aug-2025,222933,48 15.379900 N,064 18.071300 W,2.3,25.7,A,DoorSpread,DoorMaster,0.000000,E,S,9762.000000
Wed Aug 13 19:15:10 2025,13-Aug-2025,222934,48 15.380500 N,064 18.070900 W,2.3,25.0,A,DoorSpread,DoorMaster,0.000000,E,S,9762.000000
Wed Aug 13 19:15:10 2025,13-Aug-2025,222935,48 15.381100 N,064 18.070500 W,2.3,24.5,A,DoorSpread,DoorMaster,0.000000,E,S,9762.000000
Wed Aug 13 19:15:10 2025,13-Aug-2025,222936,48 15.381700 N,064 18.070000 W,2.3,24.5,A,DoorSpread,DoorMaster,0.000000,E,S,9762.000000
Wed Aug 13 19:15:10 2025,13-Aug-2025,222937,48 15.382200 N,064 18.069500 W,2.3,24.8,A,DoorSpread,DoorMaster,0.000000,E,S,9762.000000
Wed Aug 13 19:15:10 2025,13-Aug-2025,222938,48 15.382800 N,064 18.069000 W,2.3,24.9,A,DoorSpread,DoorMaster,0.000000,E,S,9762.000000
Wed Aug 13 19:15:10 2025,13-Aug-2025,222939,48 15.383300 N,064 18.068700 W,2.3,24.4,A,DoorSpread,DoorMaster,0.000000,E,S,9762.000000
Wed Aug 13 19:15:10 2025,13-Aug-2025,222940,48 15.383900 N,064 18.068300 W,2.3,23.9,A,DoorSpread,DoorMaster,0.000000,E,S,9762.000000
Wed Aug 13 19:15:10 2025,13-Aug-2025,222941,48 15.384500 N,064 18.067700 W,2.3,24.2,A,DoorSpread,DoorMaster,0.000000,E,S,9762.000000
Wed Aug 13 19:15:10 2025,13-Aug-2025,222942,48 15.385100 N,064 18.067000 W,2.4,24.9,A,DoorSpread,DoorMaster,0.000000,E,S,9762.000000
Wed Aug 13 19:15:10 2025,13-Aug-2025,222943,48 15.385700 N,064 18.066300 W,2.3,25.4,A,DoorSpread,DoorMaster,0.000000,E,S,9762.000000
Wed Aug 13 19:15:10 2025,13-Aug-2025,222944,48 15.386300 N,064 18.066000 W,2.3,25.3,A,DoorSpread,DoorMaster,0.000000,E,S,9762.000000
Wed Aug 13 19:15:10 2025,13-Aug-2025,222945,48 15.386900 N,064 18.065800 W,2.3,24.7,A,DoorSpread,DoorMaster,0.000000,E,S,9762.000000
Wed Aug 13 19:15:10 2025,13-Aug-2025,222946,48 15.387500 N,064 18.065500 W,2.3,24.0,A,DoorSpread,DoorMaster,0.000000,E,S,9762.000000
Wed Aug 13 19:15:10 2025,13-Aug-2025,222947,48 15.388000 N,064 18.065000 W,2.3,24.4,A,DoorSpread,DoorMaster,0.000000,E,S,9762.000000
Wed Aug 13 19:15:10 2025,13-Aug-2025,222948,48 15.388400 N,064 18.064400 W,2.3,25.4,A,DoorSpread,DoorMaster,0.000000,E,S,9762.000000
Wed Aug 13 19:15:10 2025,13-Aug-2025,222949,48 15.389000 N,064 18.063800 W,2.4,26.7,A,DoorSpread,DoorMaster,0.000000,E,S,9762.000000
Wed Aug 13 19:15:10 2025,13-Aug-2025,222950,48 15.389600 N,064 18.063400 W,2.4,26.7,A,DoorSpread,DoorMaster,0.000000,E,S,9762.000000
Wed Aug 13 19:15:10 2025,13-Aug-2025,222951,48 15.390300 N,064 18.063400 W,2.4,25.1,A,DoorSpread,DoorMaster,0.000000,E,S,9762.000000
Wed Aug 13 19:15:10 2025,13-Aug-2025,222952,48 15.391200 N,064 18.063500 W,2.5,22.8,A,DoorSpread,DoorMaster,0.000000,E,S,9762.000000
Wed Aug 13 19:15:10 2025,13-Aug-2025,222953,48 15.392000 N,064 18.063200 W,2.5,22.0,A,DoorSpread,DoorMaster,0.000000,E,S,9762.000000
Wed Aug 13 19:15:10 2025,13-Aug-2025,222954,48 15.392500 N,064 18.062600 W,2.5,22.2,A,DoorSpread,DoorMaster,0.000000,E,S,9762.000000
Wed Aug 13 19:15:10 2025,13-Aug-2025,222955,48 15.393200 N,064 18.061900 W,2.5,22.9,A,DoorSpread,DoorMaster,0.000000,E,S,9762.000000
Wed Aug 13 19:15:10 2025,13-Aug-2025,222956,48 15.393800 N,064 18.061500 W,2.6,23.0,A,DoorSpread,DoorMaster,0.000000,E,S,9762.000000
Wed Aug 13 19:15:10 2025,13-Aug-2025,222957,48 15.394500 N,064 18.061400 W,2.5,22.3,A,DoorSpread,DoorMaster,0.000000,E,S,9762.000000
Wed Aug 13 19:15:10 2025,13-Aug-2025,222958,48 15.395200 N,064 18.061400 W,2.5,21.3,A,DoorSpread,DoorMaster,0.000000,E,S,9762.000000
Wed Aug 13 19:15:10 2025,13-Aug-2025,222959,48 15.395800 N,064 18.061300 W,2.5,20.8,A,DoorSpread,DoorMaster,0.000000,E,S,9762.000000
Wed Aug 13 19:15:10 2025,13-Aug-2025,223000,48 15.396300 N,064 18.061000 W,2.4,20.9,A,DoorSpread,DoorMaster,0.000000,E,S,9762.000000
Wed Aug 13 19:15:10 2025,13-Aug-2025,223001,48 15.396900 N,064 18.060400 W,2.5,22.0,A,DoorSpread,DoorMaster,0.000000,E,S,9762.000000
Wed Aug 13 19:15:10 2025,13-Aug-2025,223002,48 15.397400 N,064 18.059900 W,2.5,23.0,A,DoorSpread,DoorMaster,0.000000,E,S,9762.000000
Wed Aug 13 19:15:10 2025,13-Aug-2025,223003,48 15.398100 N,064 18.059700 W,2.5,22.3,A,DoorSpread,DoorMaster,0.000000,E,S,9762.000000
Wed Aug 13 19:15:10 2025,13-Aug-2025,223004,48 15.398800 N,064 18.059800 W,2.6,20.5,A,DoorSpread,DoorMaster,0.000000,E,S,9762.000000
Wed Aug 13 19:15:10 2025,13-Aug-2025,223005,48 15.399400 N,064 18.059700 W,2.5,19.2,A,DoorSpread,DoorMaster,0.000000,E,S,9762.000000
Wed Aug 13 19:15:10 2025,13-Aug-2025,223006,48 15.399900 N,064 18.059300 W,2.5,19.1,A,DoorSpread,DoorMaster,0.000000,E,S,9762.000000
Wed Aug 13 19:15:10 2025,13-Aug-2025,223007,48 15.400400 N,064 18.058400 W,2.5,21.1,A,DoorSpread,DoorMaster,0.000000,E,S,9762.000000
Wed Aug 13 19:15:10 2025,13-Aug-2025,223008,48 15.400800 N,064 18.057600 W,2.5,22.8,A,DoorSpread,DoorMaster,0.000000,E,S,9762.000000
Wed Aug 13 19:15:10 2025,13-Aug-2025,223009,48 15.401400 N,064 18.057200 W,2.4,23.5,A,DoorSpread,DoorMaster,0.000000,E,S,9762.000000
Wed Aug 13 19:15:10 2025,13-Aug-2025,223010,48 15.402000 N,064 18.057100 W,2.5,23.0,A,DoorSpread,DoorMaster,0.000000,E,S,9762.000000
Wed Aug 13 19:15:10 2025,13-Aug-2025,223011,48 15.402600 N,064 18.056800 W,2.5,22.7,A,DoorSpread,DoorMaster,0.000000,E,S,9762.000000
Wed Aug 13 19:15:10 2025,13-Aug-2025,223012,48 15.403200 N,064 18.056400 W,2.4,22.5,A,DoorSpread,DoorMaster,0.000000,E,S,9762.000000
Wed Aug 13 19:15:10 2025,13-Aug-2025,223013,48 15.403600 N,064 18.055800 W,2.4,23.6,A,DoorSpread,DoorMaster,0.000000,E,S,9762.000000
Wed Aug 13 19:15:10 2025,13-Aug-2025,223014,48 15.404100 N,064 18.054900 W,2.5,26.0,A,DoorSpread,DoorMaster,0.000000,E,S,9762.000000
Wed Aug 13 19:15:10 2025,13-Aug-2025,223015,48 15.404600 N,064 18.054200 W,2.5,27.4,A,DoorSpread,DoorMaster,0.000000,E,S,9762.000000
Wed Aug 13 19:15:10 2025,13-Aug-2025,223016,48 15.405300 N,064 18.053900 W,2.4,27.1,A,DoorSpread,DoorMaster,0.000000,E,S,9762.000000
Wed Aug 13 19:15:10 2025,13-Aug-2025,223017,48 15.406100 N,064 18.053900 W,2.5,25.1,A,DoorSpread,DoorMaster,0.000000,E,S,9762.000000
Wed Aug 13 19:15:10 2025,13-Aug-2025,223018,48 15.406800 N,064 18.053600 W,2.5,24.1,A,DoorSpread,DoorMaster,0.000000,E,S,9762.000000
Wed Aug 13 19:15:10 2025,13-Aug-2025,223019,48 15.407400 N,064 18.053100 W,2.5,24.2,A,DoorSpread,DoorMaster,0.000000,E,S,9762.000000
Wed Aug 13 19:15:10 2025,13-Aug-2025,223020,48 15.407900 N,064 18.052500 W,2.4,24.8,A,DoorSpread,DoorMaster,0.000000,E,S,9762.000000
Wed Aug 13 19:15:10 2025,13-Aug-2025,223021,48 15.408400 N,064 18.052000 W,2.4,25.6,A,DoorSpread,DoorMaster,0.000000,E,S,9762.000000
Wed Aug 13 19:15:10 2025,13-Aug-2025,223022,48 15.408900 N,064 18.051700 W,2.4,25.7,A,DoorSpread,DoorMaster,0.000000,E,S,9762.000000
Wed Aug 13 19:15:10 2025,13-Aug-2025,223023,48 15.409600 N,064 18.051500 W,2.4,25.2,A,DoorSpread,DoorMaster,0.000000,E,S,9762.000000
Wed Aug 13 19:15:10 2025,13-Aug-2025,223024,48 15.410200 N,064 18.051200 W,2.3,24.7,A,DoorSpread,DoorMaster,0.000000,E,S,9762.000000
Wed Aug 13 19:15:10 2025,13-Aug-2025,223025,48 15.410800 N,064 18.050600 W,2.4,25.6,A,DoorSpread,DoorMaster,0.000000,E,S,9762.000000
Wed Aug 13 19:15:10 2025,13-Aug-2025,223026,48 15.411300 N,064 18.049800 W,2.4,26.4,A,DoorSpread,DoorMaster,0.000000,E,S,9762.000000
Wed Aug 13 19:15:10 2025,13-Aug-2025,223027,48 15.411800 N,064 18.049200 W,2.4,27.2,A,DoorSpread,DoorMaster,0.000000,E,S,9762.000000
Wed Aug 13 19:15:10 2025,13-Aug-2025,223028,48 15.412400 N,064 18.048700 W,2.3,27.6,A,DoorSpread,DoorMaster,0.000000,E,S,9762.000000
Wed Aug 13 19:15:10 2025,13-Aug-2025,223029,48 15.413000 N,064 18.048300 W,2.4,27.1,A,DoorSpread,DoorMaster,0.000000,E,S,9762.000000
Wed Aug 13 19:15:10 2025,13-Aug-2025,223030,48 15.413800 N,064 18.048200 W,2.4,25.3,A,DoorSpread,DoorMaster,0.000000,E,S,9762.000000
Wed Aug 13 19:15:10 2025,13-Aug-2025,223031,48 15.414500 N,064 18.047900 W,2.4,24.4,A,DoorSpread,DoorMaster,0.000000,E,S,9762.000000
Wed Aug 13 19:15:10 2025,13-Aug-2025,223032,48 15.415100 N,064 18.047300 W,2.4,24.7,A,DoorSpread,DoorMaster,0.000000,E,S,9762.000000
Wed Aug 13 19:15:10 2025,13-Aug-2025,223033,48 15.415600 N,064 18.046500 W,2.4,25.3,A,DoorSpread,DoorMaster,0.000000,E,S,9762.000000
Wed Aug 13 19:15:10 2025,13-Aug-2025,223034,48 15.416200 N,064 18.046100 W,2.4,25.4,A,DoorSpread,DoorMaster,0.000000,E,S,9762.000000
Wed Aug 13 19:15:10 2025,13-Aug-2025,223035,48 15.416800 N,064 18.045800 W,2.4,24.8,A,DoorSpread,DoorMaster,0.000000,E,S,9762.000000
Wed Aug 13 19:15:10 2025,13-Aug-2025,223036,48 15.417500 N,064 18.045600 W,2.4,24.3,A,DoorSpread,DoorMaster,0.000000,E,S,9762.000000
Wed Aug 13 19:15:10 2025,13-Aug-2025,223037,48 15.418000 N,064 18.045200 W,2.4,24.0,A,DoorSpread,DoorMaster,0.000000,E,S,9762.000000
Wed Aug 13 19:15:10 2025,13-Aug-2025,223038,48 15.418600 N,064 18.044800 W,2.4,23.9,A,DoorSpread,DoorMaster,0.000000,E,S,9762.000000
Wed Aug 13 19:15:10 2025,13-Aug-2025,223039,48 15.419200 N,064 18.044400 W,2.4,23.6,A,DoorSpread,DoorMaster,0.000000,E,S,9762.000000
Wed Aug 13 19:15:10 2025,13-Aug-2025,223040,48 15.419800 N,064 18.044000 W,2.4,23.3,A,DoorSpread,DoorMaster,0.000000,E,S,9762.000000
Wed Aug 13 19:15:10 2025,13-Aug-2025,223041,48 15.420300 N,064 18.043600 W,2.4,23.4,A,DoorSpread,DoorMaster,0.000000,E,S,9762.000000
Wed Aug 13 19:15:10 2025,13-Aug-2025,223042,48 15.420900 N,064 18.043200 W,2.4,24.0,A,DoorSpread,DoorMaster,0.000000,E,S,9762.000000
Wed Aug 13 19:15:10 2025,13-Aug-2025,223043,48 15.421400 N,064 18.042800 W,2.4,24.2,A,DoorSpread,DoorMaster,0.000000,E,S,9762.000000
Wed Aug 13 19:15:10 2025,13-Aug-2025,223044,48 15.422100 N,064 18.042600 W,2.5,23.7,A,DoorSpread,DoorMaster,0.000000,E,S,9762.000000
Wed Aug 13 19:15:10 2025,13-Aug-2025,223045,48 15.422700 N,064 18.042400 W,2.4,23.1,A,DoorSpread,DoorMaster,0.000000,E,S,9762.000000
Wed Aug 13 19:15:10 2025,13-Aug-2025,223046,48 15.423300 N,064 18.042100 W,2.4,22.9,A,DoorSpread,DoorMaster,0.000000,E,S,9762.000000
Wed Aug 13 19:15:10 2025,13-Aug-2025,223047,48 15.423800 N,064 18.041700 W,2.4,23.4,A,DoorSpread,DoorMaster,0.000000,E,S,9762.000000
Wed Aug 13 19:15:10 2025,13-Aug-2025,223048,48 15.424500 N,064 18.041200 W,2.6,23.4,A,DoorSpread,DoorMaster,0.000000,E,S,9762.000000
Wed Aug 13 19:15:10 2025,13-Aug-2025,223049,48 15.425200 N,064 18.040900 W,2.6,23.1,A,DoorSpread,DoorMaster,0.000000,E,S,9762.000000
Wed Aug 13 19:15:10 2025,13-Aug-2025,223050,48 15.425800 N,064 18.040700 W,2.5,22.6,A,DoorSpread,DoorMaster,0.000000,E,S,9762.000000
