Ship Number,Trip Number,Tow Number
Avalon Voyager,3,6
Comments
"Zone 12"
CPU Date and Time,GPS Date,GPS Time,Latitude,Longitude,Speed,Heading,Validity,Transducer Name,Sensor Name,Sensor Value,Error Code,Hydrophone,Signal Strength
,23-Aug-2025,151656,48 44.930600 N,064 3.978000 W,3.9,22.9,A,,,,,,
Sat Aug 23 12:16:58 2025,23-Aug-2025,151657,48 44.931500 N,064 3.977200 W,3.9,23.0,A,Depth,Depth,12.870370,D,S,9017.000000
Sat Aug 23 12:16:58 2025,23-Aug-2025,151658,48 44.932400 N,064 3.976500 W,3.9,22.9,A,Depth,Depth,12.870370,D,S,9017.000000
Sat Aug 23 12:17:01 2025,23-Aug-2025,151659,48 44.933300 N,064 3.975900 W,3.9,22.7,A,Primary,Headline,3.571429,D,P,9673.000000
Sat Aug 23 12:17:01 2025,23-Aug-2025,151700,48 44.934300 N,064 3.975200 W,3.8,22.6,A,Primary,Headline,3.571429,D,P,9673.000000
Sat Aug 23 12:17:01 2025,23-Aug-2025,151701,48 44.935300 N,064 3.974500 W,3.9,22.8,A,Primary,Headline,3.571429,D,P,9673.000000
Sat Aug 23 12:17:01 2025,23-Aug-2025,151702,48 44.936400 N,064 3.973900 W,3.9,23.0,A,Primary,Headline,3.571429,D,P,9673.000000
Sat Aug 23 12:17:01 2025,23-Aug-2025,151703,48 44.937300 N,064 3.973300 W,3.9,23.1,A,Primary,Headline,3.571429,D,P,9673.000000
Sat Aug 23 12:17:06 2025,23-Aug-2025,151704,48 44.938300 N,064 3.972600 W,3.9,23.2,A,Primary,Headline,5.183673,D,S,81618.000000
Sat Aug 23 12:17:06 2025,23-Aug-2025,151705,48 44.939400 N,064 3.971900 W,3.9,23.1,A,Primary,Headline,5.183673,D,S,81618.000000
Sat Aug 23 12:17:06 2025,23-Aug-2025,151706,48 44.940400 N,064 3.971300 W,3.9,22.9,A,Primary,Headline,5.183673,D,S,81618.000000
Sat Aug 23 12:17:06 2025,23-Aug-2025,151707,48 44.941400 N,064 3.970700 W,3.9,22.8,A,Primary,Headline,5.183673,D,S,81618.000000
Sat Aug 23 12:17:06 2025,23-Aug-2025,151708,48 44.942400 N,064 3.970000 W,3.9,22.9,A,Primary,Headline,5.183673,D,S,81618.000000
Sat Aug 23 12:17:11 2025,23-Aug-2025,151709,48 44.943400 N,064 3.969400 W,3.9,22.8,A,DoorSpread,DoorMaster,3.220000,D,S,55391.000000
Sat Aug 23 12:17:11 2025,23-Aug-2025,151710,48 44.944400 N,064 3.968800 W,3.9,22.9,A,DoorSpread,DoorMaster,3.220000,D,S,55391.000000
Sat Aug 23 12:17:12 2025,23-Aug-2025,151711,48 44.945300 N,064 3.968100 W,3.9,23.0,A,Depth,Depth,2.870370,D,P,14637.000000
Sat Aug 23 12:17:12 2025,23-Aug-2025,151712,48 44.946200 N,064 3.967600 W,3.8,23.0,A,Depth,Depth,2.870370,D,P,14637.000000
Sat Aug 23 12:17:12 2025,23-Aug-2025,151713,48 44.947300 N,064 3.967100 W,3.9,22.9,A,Depth,Depth,2.870370,D,P,14637.000000
Sat Aug 23 12:17:16 2025,23-Aug-2025,151714,48 44.948300 N,064 3.966600 W,3.9,23.0,A,DoorSpread,DoorMaster,1.180000,D,P,17129.000000
Sat Aug 23 12:17:16 2025,23-Aug-2025,151715,48 44.949400 N,064 3.966000 W,3.9,23.0,A,DoorSpread,DoorMaster,1.180000,D,P,17129.000000
Sat Aug 23 12:17:16 2025,23-Aug-2025,151716,48 44.950500 N,064 3.965300 W,3.9,23.0,A,DoorSpread,DoorMaster,1.180000,D,P,17129.000000
Sat Aug 23 12:17:16 2025,23-Aug-2025,151717,48 44.951600 N,064 3.964700 W,3.9,23.0,A,DoorSpread,DoorMaster,1.180000,D,P,17129.000000
Sat Aug 23 12:17:19 2025,23-Aug-2025,151718,48 44.952600 N,064 3.964100 W,4.0,22.9,A,Depth,Depth,23.055556,D,S,17423.000000
Sat Aug 23 12:17:21 2025,23-Aug-2025,151719,48 44.953700 N,064 3.963500 W,3.9,22.8,A,Secondary,Headline,0.000000,E,P,11834.000000
Sat Aug 23 12:17:21 2025,23-Aug-2025,151720,48 44.954700 N,064 3.962900 W,3.9,22.7,A,Secondary,Headline,0.000000,E,P,11834.000000
Sat Aug 23 12:17:21 2025,23-Aug-2025,151721,48 44.955700 N,064 3.962300 W,3.9,22.4,A,Secondary,Headline,0.000000,E,P,11834.000000
Sat Aug 23 12:17:21 2025,23-Aug-2025,151722,48 44.956700 N,064 3.961700 W,3.9,22.1,A,Secondary,Headline,0.000000,E,P,11834.000000
Sat Aug 23 12:17:21 2025,23-Aug-2025,151723,48 44.957700 N,064 3.961200 W,3.9,21.9,A,Secondary,Headline,0.000000,E,P,11834.000000
Sat Aug 23 12:17:21 2025,23-Aug-2025,151724,48 44.958800 N,064 3.960600 W,3.9,22.0,A,Secondary,Headline,0.000000,E,P,11834.000000
Sat Aug 23 12:17:27 2025,23-Aug-2025,151725,48 44.959700 N,064 3.960200 W,3.9,21.9,A,DoorSpread,DoorMaster,2.025000,D,P,166831.000000
Sat Aug 23 12:17:27 2025,23-Aug-2025,151726,48 44.960800 N,064 3.959800 W,3.9,21.7,A,DoorSpread,DoorMaster,2.025000,D,P,166831.000000
Sat Aug 23 12:17:27 2025,23-Aug-2025,151727,48 44.961800 N,064 3.959300 W,3.9,21.6,A,DoorSpread,DoorMaster,2.025000,D,P,166831.000000
Sat Aug 23 12:17:27 2025,23-Aug-2025,151728,48 44.962800 N,064 3.958800 W,3.9,21.8,A,DoorSpread,DoorMaster,2.025000,D,P,166831.000000
Sat Aug 23 12:17:27 2025,23-Aug-2025,151729,48 44.963800 N,064 3.958100 W,3.9,21.9,A,DoorSpread,DoorMaster,2.025000,D,P,166831.000000
Sat Aug 23 12:17:31 2025,23-Aug-2025,151730,48 44.964800 N,064 3.957600 W,3.9,21.7,A,Primary,Headline,2.489796,D,P,45059.000000
Sat Aug 23 12:17:31 2025,23-Aug-2025,151731,48 44.965800 N,064 3.957000 W,3.9,21.4,A,Primary,Headline,2.489796,D,P,45059.000000
Sat Aug 23 12:17:31 2025,23-Aug-2025,151732,48 44.966700 N,064 3.956300 W,3.9,21.4,A,Primary,Headline,2.489796,D,P,45059.000000
Sat Aug 23 12:17:31 2025,23-Aug-2025,151733,48 44.967700 N,064 3.955700 W,3.9,21.3,A,Primary,Headline,2.489796,D,P,45059.000000
Sat Aug 23 12:17:31 2025,23-Aug-2025,151734,48 44.968800 N,064 3.955200 W,3.9,21.1,A,Primary,Headline,2.489796,D,P,45059.000000
Sat Aug 23 12:17:36 2025,23-Aug-2025,151735,48 44.969800 N,064 3.954600 W,3.9,20.9,A,Primary,Headline,15.897959,D,P,164403.000000
Sat Aug 23 12:17:37 2025,23-Aug-2025,151736,48 44.970800 N,064 3.954000 W,4.0,20.9,A,DoorSpread,DoorMaster,1.705000,D,P,610768.000000
Sat Aug 23 12:17:37 2025,23-Aug-2025,151737,48 44.971800 N,064 3.953400 W,4.0,20.9,A,DoorSpread,DoorMaster,1.705000,D,P,610768.000000
Sat Aug 23 12:17:37 2025,23-Aug-2025,151738,48 44.972800 N,064 3.952800 W,4.0,20.4,A,DoorSpread,DoorMaster,1.705000,D,P,610768.000000
Sat Aug 23 12:17:40 2025,23-Aug-2025,151739,48 44.973800 N,064 3.952400 W,3.9,20.0,A,Depth,Depth,0.185185,D,S,39659.000000
Sat Aug 23 12:17:42 2025,23-Aug-2025,151740,48 44.974700 N,064 3.951900 W,3.9,20.0,A,DoorSpread,DoorMaster,1.825000,D,P,169215.000000
Sat Aug 23 12:17:42 2025,23-Aug-2025,151741,48 44.975600 N,064 3.951300 W,3.9,20.0,A,DoorSpread,DoorMaster,1.825000,D,P,169215.000000
Sat Aug 23 12:17:43 2025,23-Aug-2025,151742,48 44.976500 N,064 3.950900 W,3.9,19.8,A,DoorSpread,DoorMaster,1.820000,D,S,243365.000000
Sat Aug 23 12:17:43 2025,23-Aug-2025,151743,48 44.977400 N,064 3.950400 W,3.9,20.0,A,DoorSpread,DoorMaster,1.820000,D,S,243365.000000
Sat Aug 23 12:17:43 2025,23-Aug-2025,151744,48 44.978300 N,064 3.949900 W,3.9,20.1,A,DoorSpread,DoorMaster,1.820000,D,S,243365.000000
Sat Aug 23 12:17:46 2025,23-Aug-2025,151745,48 44.979200 N,064 3.949500 W,3.8,20.0,A,Primary,Headline,3.122449,D,P,86915.000000
Sat Aug 23 12:17:48 2025,23-Aug-2025,151746,48 44.980100 N,064 3.949100 W,3.8,20.0,A,DoorSpread,DoorMaster,2.300000,D,P,316898.000000
Sat Aug 23 12:17:48 2025,23-Aug-2025,151747,48 44.981100 N,064 3.948700 W,3.8,19.9,A,DoorSpread,DoorMaster,2.300000,D,P,316898.000000
Sat Aug 23 12:17:48 2025,23-Aug-2025,151748,48 44.982000 N,064 3.948300 W,3.8,19.7,A,DoorSpread,DoorMaster,2.300000,D,P,316898.000000
Sat Aug 23 12:17:48 2025,23-Aug-2025,151749,48 44.983000 N,064 3.947900 W,3.7,19.5,A,DoorSpread,DoorMaster,2.300000,D,P,316898.000000
Sat Aug 23 12:17:51 2025,23-Aug-2025,151750,48 44.984000 N,064 3.947400 W,3.8,19.4,A,Primary,Headline,3.755102,D,P,97268.000000
Sat Aug 23 12:17:53 2025,23-Aug-2025,151751,48 44.984900 N,064 3.946900 W,3.8,19.9,A,DoorSpread,DoorMaster,2.670000,D,S,318890.000000
Sat Aug 23 12:17:53 2025,23-Aug-2025,151752,48 44.985900 N,064 3.946300 W,3.9,20.1,A,DoorSpread,DoorMaster,2.670000,D,S,318890.000000
Sat Aug 23 12:17:54 2025,23-Aug-2025,151753,48 44.986900 N,064 3.945700 W,3.9,20.1,A,Depth,Depth,10.925926,D,S,56090.000000
Sat Aug 23 12:17:55 2025,23-Aug-2025,151754,48 44.988000 N,064 3.945100 W,4.0,20.3,A,Depth,Depth,18.796296,D,P,18157.000000
Sat Aug 23 12:17:56 2025,23-Aug-2025,151755,48 44.989200 N,064 3.944400 W,4.1,20.4,A,Primary,Headline,3.612245,D,P,131257.000000
Sat Aug 23 12:17:56 2025,23-Aug-2025,151756,48 44.990400 N,064 3.943600 W,4.2,20.2,A,Primary,Headline,3.612245,D,P,131257.000000
Sat Aug 23 12:17:58 2025,23-Aug-2025,151757,48 44.991800 N,064 3.942900 W,4.4,19.8,A,DoorSpread,DoorMaster,2.735000,D,S,289473.000000
Sat Aug 23 12:17:58 2025,23-Aug-2025,151758,48 44.993100 N,064 3.942300 W,4.5,19.7,A,DoorSpread,DoorMaster,2.735000,D,S,289473.000000
Sat Aug 23 12:17:58 2025,23-Aug-2025,151759,48 44.994600 N,064 3.941700 W,4.6,19.6,A,DoorSpread,DoorMaster,2.735000,D,S,289473.000000
Sat Aug 23 12:18:02 2025,23-Aug-2025,151800,48 44.996000 N,064 3.941000 W,4.8,19.1,A,Primary,Headline,6.877551,D,S,156292.000000
Sat Aug 23 12:18:02 2025,23-Aug-2025,151801,48 44.997600 N,064 3.940400 W,4.9,18.7,A,Primary,Headline,6.877551,D,S,156292.000000
Sat Aug 23 12:18:03 2025,23-Aug-2025,151802,48 44.999100 N,064 3.939800 W,5.0,18.4,A,DoorSpread,DoorMaster,3.030000,D,S,246419.000000
Sat Aug 23 12:18:03 2025,23-Aug-2025,151803,48 45.000700 N,064 3.939100 W,5.1,18.3,A,DoorSpread,DoorMaster,3.030000,D,S,246419.000000
Sat Aug 23 12:18:03 2025,23-Aug-2025,151804,48 45.002300 N,064 3.938200 W,5.2,18.3,A,DoorSpread,DoorMaster,3.030000,D,S,246419.000000
Sat Aug 23 12:18:07 2025,23-Aug-2025,151805,48 45.004000 N,064 3.937400 W,5.3,18.3,A,Primary,Headline,3.346939,D,P,318472.000000
Sat Aug 23 12:18:07 2025,23-Aug-2025,151806,48 45.005600 N,064 3.936600 W,5.4,18.1,A,Primary,Headline,3.346939,D,P,318472.000000
Sat Aug 23 12:18:07 2025,23-Aug-2025,151807,48 45.007200 N,064 3.935800 W,5.4,17.8,A,Primary,Headline,3.346939,D,P,318472.000000
Sat Aug 23 12:18:07 2025,23-Aug-2025,151808,48 45.008800 N,064 3.935100 W,5.5,17.5,A,Primary,Headline,3.346939,D,P,318472.000000
Sat Aug 23 12:18:07 2025,23-Aug-2025,151809,48 45.010400 N,064 3.934300 W,5.5,17.3,A,Primary,Headline,3.346939,D,P,318472.000000
Sat Aug 23 12:18:12 2025,23-Aug-2025,151810,48 45.011900 N,064 3.933600 W,5.5,17.3,A,Primary,Headline,1.591837,D,S,181749.000000
Sat Aug 23 12:18:12 2025,23-Aug-2025,151811,48 45.013400 N,064 3.932900 W,5.6,17.3,A,Primary,Headline,1.591837,D,S,181749.000000
Sat Aug 23 12:18:12 2025,23-Aug-2025,151812,48 45.014900 N,064 3.932200 W,5.6,17.1,A,Primary,Headline,1.591837,D,S,181749.000000
Sat Aug 23 12:18:14 2025,23-Aug-2025,151813,48 45.016400 N,064 3.931600 W,5.6,16.7,A,DoorSpread,DoorMaster,4.055000,D,S,255754.000000
Sat Aug 23 12:18:15 2025,23-Aug-2025,151814,48 45.018000 N,064 3.930900 W,5.7,16.5,A,Depth,Depth,13.055556,D,P,456481.000000
Sat Aug 23 12:18:17 2025,23-Aug-2025,151815,48 45.019500 N,064 3.930200 W,5.7,16.4,A,Primary,Headline,2.693878,D,P,503087.000000
Sat Aug 23 12:18:17 2025,23-Aug-2025,151816,48 45.021000 N,064 3.929500 W,5.7,16.3,A,Primary,Headline,2.693878,D,P,503087.000000
Sat Aug 23 12:18:17 2025,23-Aug-2025,151817,48 45.022400 N,064 3.928600 W,5.7,16.3,A,Primary,Headline,2.693878,D,P,503087.000000
Sat Aug 23 12:18:19 2025,23-Aug-2025,151818,48 45.023900 N,064 3.927800 W,5.7,16.3,A,DoorSpread,DoorMaster,4.125000,D,P,301169.000000
Sat Aug 23 12:18:19 2025,23-Aug-2025,151819,48 45.025400 N,064 3.927000 W,5.7,16.2,A,DoorSpread,DoorMaster,4.125000,D,P,301169.000000
Sat Aug 23 12:18:22 2025,23-Aug-2025,151820,48 45.027000 N,064 3.926400 W,5.7,16.1,A,Primary,Headline,2.571429,D,S,199456.000000
Sat Aug 23 12:18:22 2025,23-Aug-2025,151821,48 45.028600 N,064 3.925700 W,5.7,16.0,A,Depth,Depth,15.185185,D,P,227379.000000
Sat Aug 23 12:18:22 2025,23-Aug-2025,151822,48 45.030200 N,064 3.925000 W,5.7,16.1,A,Depth,Depth,15.185185,D,P,227379.000000
Sat Aug 23 12:18:22 2025,23-Aug-2025,151823,48 45.031700 N,064 3.924200 W,5.7,16.3,A,Depth,Depth,15.185185,D,P,227379.000000
Sat Aug 23 12:18:25 2025,23-Aug-2025,151824,48 45.033300 N,064 3.923500 W,5.7,16.3,A,DoorSpread,DoorMaster,4.145000,D,S,216756.000000
Sat Aug 23 12:18:27 2025,23-Aug-2025,151825,48 45.034900 N,064 3.922900 W,5.7,16.1,A,Primary,Headline,3.000000,D,S,121821.000000
Sat Aug 23 12:18:27 2025,23-Aug-2025,151826,48 45.036500 N,064 3.922300 W,5.7,16.1,A,Primary,Headline,3.000000,D,S,121821.000000
Sat Aug 23 12:18:27 2025,23-Aug-2025,151827,48 45.037900 N,064 3.921400 W,5.7,16.3,A,Primary,Headline,3.000000,D,S,121821.000000
Sat Aug 23 12:18:30 2025,23-Aug-2025,151828,48 45.039200 N,064 3.920500 W,5.7,16.6,A,Depth,Depth,12.870370,D,S,123477.000000
Sat Aug 23 12:18:31 2025,23-Aug-2025,151829,48 45.040600 N,064 3.919600 W,5.7,17.0,A,DoorSpread,DoorMaster,3.865000,D,S,207245.000000
Sat Aug 23 12:18:31 2025,23-Aug-2025,151830,48 45.042100 N,064 3.918800 W,5.7,17.2,A,DoorSpread,DoorMaster,3.865000,D,S,207245.000000
Sat Aug 23 12:18:32 2025,23-Aug-2025,151831,48 45.043700 N,064 3.918100 W,5.7,17.3,A,Primary,Headline,10.265306,D,S,105229.000000
Sat Aug 23 12:18:32 2025,23-Aug-2025,151832,48 45.045300 N,064 3.917400 W,5.8,17.5,A,Primary,Headline,10.265306,D,S,105229.000000
Sat Aug 23 12:18:32 2025,23-Aug-2025,151833,48 45.046800 N,064 3.916800 W,5.7,17.5,A,Primary,Headline,10.265306,D,S,105229.000000
Sat Aug 23 12:18:32 2025,23-Aug-2025,151834,48 45.048400 N,064 3.916100 W,5.7,17.4,A,Primary,Headline,10.265306,D,S,105229.000000
Sat Aug 23 12:18:36 2025,23-Aug-2025,151835,48 45.049900 N,064 3.915500 W,5.8,17.3,A,DoorSpread,DoorMaster,3.900000,D,S,160596.000000
Sat Aug 23 12:18:37 2025,23-Aug-2025,151836,48 45.051500 N,064 3.914800 W,5.8,17.0,A,Primary,Headline,36.448980,D,P,142623.000000
Sat Aug 23 12:18:38 2025,23-Aug-2025,151837,48 45.053100 N,064 3.914100 W,5.8,16.8,A,Primary,Headline,36.469388,D,S,74220.000000
Sat Aug 23 12:18:38 2025,23-Aug-2025,151838,48 45.054800 N,064 3.913600 W,5.8,16.8,A,Primary,Headline,36.469388,D,S,74220.000000
Sat Aug 23 12:18:38 2025,23-Aug-2025,151839,48 45.056400 N,064 3.912900 W,5.7,16.8,A,Primary,Headline,36.469388,D,S,74220.000000
Sat Aug 23 12:18:41 2025,23-Aug-2025,151840,48 45.058000 N,064 3.912300 W,5.8,16.7,A,DoorSpread,DoorMaster,4.010000,D,S,252722.000000
Sat Aug 23 12:18:41 2025,23-Aug-2025,151841,48 45.059600 N,064 3.911900 W,5.8,16.5,A,DoorSpread,DoorMaster,4.010000,D,S,252722.000000
Sat Aug 23 12:18:43 2025,23-Aug-2025,151842,48 45.061200 N,064 3.911400 W,5.8,16.4,A,Primary,Headline,46.979592,D,P,207079.000000
Sat Aug 23 12:18:44 2025,23-Aug-2025,151843,48 45.062800 N,064 3.910800 W,5.7,16.4,A,Depth,Depth,16.851852,D,S,94792.000000
Sat Aug 23 12:18:44 2025,23-Aug-2025,151844,48 45.064400 N,064 3.910200 W,5.8,16.5,A,Depth,Depth,16.851852,D,S,94792.000000
Sat Aug 23 12:18:47 2025,23-Aug-2025,151845,48 45.066000 N,064 3.909700 W,5.8,16.5,A,DoorSpread,DoorMaster,4.395000,D,S,146152.000000
Sat Aug 23 12:18:47 2025,23-Aug-2025,151846,48 45.067700 N,064 3.909200 W,5.8,16.2,A,DoorSpread,DoorMaster,4.395000,D,S,146152.000000
Sat Aug 23 12:18:47 2025,23-Aug-2025,151847,48 45.069300 N,064 3.908600 W,5.8,16.2,A,DoorSpread,DoorMaster,4.395000,D,S,146152.000000
Sat Aug 23 12:18:49 2025,23-Aug-2025,151848,48 45.070800 N,064 3.907800 W,5.7,16.4,A,Primary,Headline,45.755102,D,S,142926.000000
Sat Aug 23 12:18:49 2025,23-Aug-2025,151849,48 45.072300 N,064 3.907100 W,5.7,16.7,A,Primary,Headline,45.755102,D,S,142926.000000
Sat Aug 23 12:18:51 2025,23-Aug-2025,151850,48 45.073700 N,064 3.906400 W,5.7,17.0,A,Depth,Depth,17.037037,D,S,167789.000000
Sat Aug 23 12:18:52 2025,23-Aug-2025,151851,48 45.075300 N,064 3.905700 W,5.7,17.3,A,DoorSpread,DoorMaster,4.915000,D,S,200277.000000
Sat Aug 23 12:18:52 2025,23-Aug-2025,151852,48 45.076800 N,064 3.905200 W,5.7,17.4,A,DoorSpread,DoorMaster,4.915000,D,S,200277.000000
Sat Aug 23 12:18:55 2025,23-Aug-2025,151853,48 45.078200 N,064 3.904400 W,5.7,17.6,A,Primary,Headline,36.918367,D,S,181742.000000
Sat Aug 23 12:18:55 2025,23-Aug-2025,151854,48 45.079700 N,064 3.903700 W,5.7,17.8,A,Primary,Headline,36.918367,D,S,181742.000000
Sat Aug 23 12:18:55 2025,23-Aug-2025,151855,48 45.081300 N,064 3.902900 W,5.7,17.9,A,Primary,Headline,36.918367,D,S,181742.000000
Sat Aug 23 12:18:58 2025,23-Aug-2025,151856,48 45.082900 N,064 3.902400 W,5.6,17.9,A,Depth,Depth,19.166667,D,P,118932.000000
Sat Aug 23 12:18:58 2025,23-Aug-2025,151857,48 45.084500 N,064 3.901800 W,5.6,17.8,A,Depth,Depth,19.166667,D,P,118932.000000
Sat Aug 23 12:18:58 2025,23-Aug-2025,151858,48 45.086100 N,064 3.901200 W,5.6,17.7,A,Depth,Depth,19.166667,D,P,118932.000000
Sat Aug 23 12:19:00 2025,23-Aug-2025,151859,48 45.087600 N,064 3.900400 W,5.6,17.8,A,Primary,Headline,15.326531,D,S,109316.000000
Sat Aug 23 12:19:00 2025,23-Aug-2025,151900,48 45.089100 N,064 3.899600 W,5.6,17.9,A,Primary,Headline,15.326531,D,S,109316.000000
Sat Aug 23 12:19:00 2025,23-Aug-2025,151901,48 45.090700 N,064 3.898900 W,5.6,17.8,A,Primary,Headline,15.326531,D,S,109316.000000
Sat Aug 23 12:19:03 2025,23-Aug-2025,151902,48 45.092200 N,064 3.898200 W,5.6,17.7,A,DoorSpread,DoorMaster,5.075000,D,S,196946.000000
Sat Aug 23 12:19:03 2025,23-Aug-2025,151903,48 45.093600 N,064 3.897400 W,5.6,17.7,A,DoorSpread,DoorMaster,5.075000,D,S,196946.000000
Sat Aug 23 12:19:05 2025,23-Aug-2025,151904,48 45.095100 N,064 3.896800 W,5.5,17.7,A,Depth,Depth,20.462963,D,S,132835.000000
Sat Aug 23 12:19:05 2025,23-Aug-2025,151905,48 45.096500 N,064 3.896100 W,5.5,17.6,A,Depth,Depth,20.462963,D,S,132835.000000
Sat Aug 23 12:19:05 2025,23-Aug-2025,151906,48 45.097900 N,064 3.895300 W,5.6,17.6,A,Depth,Depth,20.462963,D,S,132835.000000
Sat Aug 23 12:19:09 2025,23-Aug-2025,151907,48 45.099200 N,064 3.894500 W,5.6,17.6,A,DoorSpread,DoorMaster,5.220000,D,P,94213.000000
Sat Aug 23 12:19:09 2025,23-Aug-2025,151908,48 45.100400 N,064 3.893900 W,5.5,17.7,A,DoorSpread,DoorMaster,5.220000,D,P,94213.000000
Sat Aug 23 12:19:09 2025,23-Aug-2025,151909,48 45.101800 N,064 3.893300 W,5.6,17.8,A,DoorSpread,DoorMaster,5.220000,D,P,94213.000000
Sat Aug 23 12:19:09 2025,23-Aug-2025,151910,48 45.103300 N,064 3.892700 W,5.7,17.6,A,DoorSpread,DoorMaster,5.220000,D,P,94213.000000
Sat Aug 23 12:19:12 2025,23-Aug-2025,151911,48 45.104800 N,064 3.892100 W,5.8,17.2,A,Depth,Depth,22.222222,D,S,110490.000000
Sat Aug 23 12:19:12 2025,23-Aug-2025,151912,48 45.106200 N,064 3.891400 W,5.7,17.1,A,Depth,Depth,22.222222,D,S,110490.000000
Sat Aug 23 12:19:14 2025,23-Aug-2025,151913,48 45.107500 N,064 3.890600 W,5.7,17.2,A,DoorSpread,DoorMaster,5.300000,D,S,146391.000000
Sat Aug 23 12:19:14 2025,23-Aug-2025,151914,48 45.108900 N,064 3.889900 W,5.6,17.1,A,DoorSpread,DoorMaster,5.300000,D,S,146391.000000
Sat Aug 23 12:19:16 2025,23-Aug-2025,151915,48 45.110300 N,064 3.889400 W,5.6,16.9,A,Primary,Headline,47.938776,D,S,114939.000000
Sat Aug 23 12:19:16 2025,23-Aug-2025,151916,48 45.111600 N,064 3.888700 W,5.6,16.9,A,Primary,Headline,47.938776,D,S,114939.000000
Sat Aug 23 12:19:16 2025,23-Aug-2025,151917,48 45.113100 N,064 3.887700 W,5.6,17.1,A,Primary,Headline,47.938776,D,S,114939.000000
Sat Aug 23 12:19:20 2025,23-Aug-2025,151918,48 45.114500 N,064 3.887000 W,5.6,17.0,A,DoorSpread,DoorMaster,5.420000,D,S,193411.000000
Sat Aug 23 12:19:20 2025,23-Aug-2025,151919,48 45.116000 N,064 3.886400 W,5.6,16.8,A,DoorSpread,DoorMaster,5.420000,D,S,193411.000000
Sat Aug 23 12:19:22 2025,23-Aug-2025,151920,48 45.117400 N,064 3.885700 W,5.6,16.7,A,Primary,Headline,24.183673,D,S,81124.000000
Sat Aug 23 12:19:22 2025,23-Aug-2025,151921,48 45.118900 N,064 3.884800 W,5.6,16.8,A,Primary,Headline,24.183673,D,S,81124.000000
Sat Aug 23 12:19:22 2025,23-Aug-2025,151922,48 45.120200 N,064 3.884000 W,5.5,16.9,A,Primary,Headline,24.183673,D,S,81124.000000
Sat Aug 23 12:19:22 2025,23-Aug-2025,151923,48 45.121500 N,064 3.883400 W,5.6,16.7,A,Primary,Headline,24.183673,D,S,81124.000000
Sat Aug 23 12:19:25 2025,23-Aug-2025,151924,48 45.122900 N,064 3.883000 W,5.6,16.2,A,DoorSpread,DoorMaster,5.580000,D,P,175973.000000
Sat Aug 23 12:19:26 2025,23-Aug-2025,151925,48 45.124400 N,064 3.882600 W,5.6,15.9,A,Depth,Depth,24.351852,D,P,213367.000000
Sat Aug 23 12:19:27 2025,23-Aug-2025,151926,48 45.125800 N,064 3.881900 W,5.6,15.7,A,Primary,Headline,22.285714,D,S,96203.000000
Sat Aug 23 12:19:27 2025,23-Aug-2025,151927,48 45.127300 N,064 3.881100 W,5.6,15.6,A,Primary,Headline,22.285714,D,S,96203.000000
Sat Aug 23 12:19:27 2025,23-Aug-2025,151928,48 45.128900 N,064 3.880500 W,5.6,15.3,A,Primary,Headline,22.285714,D,S,96203.000000
Sat Aug 23 12:19:27 2025,23-Aug-2025,151929,48 45.130200 N,064 3.880100 W,5.6,15.1,A,Primary,Headline,22.285714,D,S,96203.000000
Sat Aug 23 12:19:31 2025,23-Aug-2025,151930,48 45.131500 N,064 3.879400 W,5.6,15.3,A,DoorSpread,DoorMaster,5.625000,D,S,214903.000000
Sat Aug 23 12:19:32 2025,23-Aug-2025,151931,48 45.132900 N,064 3.878600 W,5.5,15.5,A,Primary,Headline,24.204082,D,S,104524.000000
Sat Aug 23 12:19:33 2025,23-Aug-2025,151932,48 45.134200 N,064 3.877900 W,5.4,16.1,A,Depth,Depth,31.203704,D,S,83026.000000
Sat Aug 23 12:19:33 2025,23-Aug-2025,151933,48 45.135500 N,064 3.877200 W,5.4,16.6,A,Depth,Depth,31.203704,D,S,83026.000000
Sat Aug 23 12:19:33 2025,23-Aug-2025,151934,48 45.136900 N,064 3.876700 W,5.4,16.8,A,Depth,Depth,31.203704,D,S,83026.000000
Sat Aug 23 12:19:36 2025,23-Aug-2025,151935,48 45.138400 N,064 3.876100 W,5.4,16.9,A,DoorSpread,DoorMaster,5.800000,D,S,99159.000000
Sat Aug 23 12:19:36 2025,23-Aug-2025,151936,48 45.140000 N,064 3.875400 W,5.4,16.9,A,DoorSpread,DoorMaster,5.800000,D,S,99159.000000
Sat Aug 23 12:19:38 2025,23-Aug-2025,151937,48 45.141500 N,064 3.874900 W,5.4,16.7,A,Primary,Headline,43.632653,D,P,297625.000000
Sat Aug 23 12:19:38 2025,23-Aug-2025,151938,48 45.143100 N,064 3.874200 W,5.4,16.6,A,Primary,Headline,43.632653,D,P,297625.000000
Sat Aug 23 12:19:41 2025,23-Aug-2025,151939,48 45.144600 N,064 3.873600 W,5.4,16.5,A,Depth,Depth,27.129630,D,P,135507.000000
Sat Aug 23 12:19:41 2025,23-Aug-2025,151940,48 45.146000 N,064 3.873000 W,5.4,16.4,A,Depth,Depth,27.129630,D,P,135507.000000
Sat Aug 23 12:19:42 2025,23-Aug-2025,151941,48 45.147400 N,064 3.872300 W,5.4,16.5,A,DoorSpread,DoorMaster,6.110000,D,P,219246.000000
Sat Aug 23 12:19:44 2025,23-Aug-2025,151942,48 45.148900 N,064 3.871600 W,5.4,16.6,A,Primary,Headline,33.734694,D,S,64480.000000
Sat Aug 23 12:19:44 2025,23-Aug-2025,151943,48 45.150400 N,064 3.870900 W,5.4,16.7,A,Primary,Headline,33.734694,D,S,64480.000000
Sat Aug 23 12:19:44 2025,23-Aug-2025,151944,48 45.151800 N,064 3.870300 W,5.4,16.6,A,Primary,Headline,33.734694,D,S,64480.000000
Sat Aug 23 12:19:44 2025,23-Aug-2025,151945,48 45.153200 N,064 3.869600 W,5.4,16.6,A,Primary,Headline,33.734694,D,S,64480.000000
Sat Aug 23 12:19:48 2025,23-Aug-2025,151946,48 45.154500 N,064 3.868700 W,5.4,16.7,A,Depth,Depth,35.370370,D,S,60591.000000
Sat Aug 23 12:19:48 2025,23-Aug-2025,151947,48 45.156000 N,064 3.867800 W,5.4,16.9,A,Depth,Depth,35.370370,D,S,60591.000000
Sat Aug 23 12:19:49 2025,23-Aug-2025,151948,48 45.157500 N,064 3.867100 W,5.4,16.9,A,Primary,Headline,21.204082,D,P,105784.000000
Sat Aug 23 12:19:49 2025,23-Aug-2025,151949,48 45.158900 N,064 3.866300 W,5.4,16.9,A,Primary,Headline,21.204082,D,P,105784.000000
Sat Aug 23 12:19:49 2025,23-Aug-2025,151950,48 45.160300 N,064 3.865500 W,5.4,17.0,A,Primary,Headline,21.204082,D,P,105784.000000
Sat Aug 23 12:19:49 2025,23-Aug-2025,151951,48 45.161700 N,064 3.864700 W,5.4,17.2,A,Primary,Headline,21.204082,D,P,105784.000000
Sat Aug 23 12:19:53 2025,23-Aug-2025,151952,48 45.163100 N,064 3.863900 W,5.4,17.2,A,DoorSpread,DoorMaster,6.565000,D,S,92382.000000
Sat Aug 23 12:19:55 2025,23-Aug-2025,151953,48 45.164400 N,064 3.863400 W,5.3,17.2,A,Depth,Depth,27.314815,D,P,238398.000000
Sat Aug 23 12:19:55 2025,23-Aug-2025,151954,48 45.165700 N,064 3.862600 W,5.3,17.2,A,Depth,Depth,26.018519,D,S,65805.000000
Sat Aug 23 12:19:55 2025,23-Aug-2025,151955,48 45.167100 N,064 3.861800 W,5.4,17.2,A,Depth,Depth,26.018519,D,S,65805.000000
Sat Aug 23 12:19:55 2025,23-Aug-2025,151956,48 45.168400 N,064 3.861100 W,5.4,17.3,A,Depth,Depth,26.018519,D,S,65805.000000
Sat Aug 23 12:20:00 2025,23-Aug-2025,151957,48 45.169700 N,064 3.860400 W,5.4,17.3,A,Primary,Headline,2.632653,D,S,71466.000000
Sat Aug 23 12:20:00 2025,23-Aug-2025,151958,48 45.171000 N,064 3.859800 W,5.4,17.2,A,Primary,Headline,2.632653,D,S,71466.000000
Sat Aug 23 12:20:00 2025,23-Aug-2025,151959,48 45.172300 N,064 3.859300 W,5.3,17.1,A,Primary,Headline,2.632653,D,S,71466.000000
Sat Aug 23 12:20:00 2025,23-Aug-2025,152000,48 45.173600 N,064 3.858700 W,5.4,17.0,A,Primary,Headline,2.632653,D,S,71466.000000
Sat Aug 23 12:20:02 2025,23-Aug-2025,152001,48 45.174900 N,064 3.858000 W,5.3,17.1,A,Depth,Depth,36.111111,D,S,64162.000000
Sat Aug 23 12:20:02 2025,23-Aug-2025,152002,48 45.176200 N,064 3.857300 W,5.3,17.1,A,Depth,Depth,36.111111,D,S,64162.000000
Sat Aug 23 12:20:04 2025,23-Aug-2025,152003,48 45.177700 N,064 3.856600 W,5.3,17.1,A,DoorSpread,DoorMaster,6.530000,D,S,68653.000000
Sat Aug 23 12:20:05 2025,23-Aug-2025,152004,48 45.179100 N,064 3.855800 W,5.4,16.9,A,Primary,Headline,58.816327,D,S,71470.000000
Sat Aug 23 12:20:05 2025,23-Aug-2025,152005,48 45.180500 N,064 3.855100 W,5.4,16.8,A,Primary,Headline,58.816327,D,S,71470.000000
Sat Aug 23 12:20:05 2025,23-Aug-2025,152006,48 45.182000 N,064 3.854500 W,5.4,16.8,A,Primary,Headline,58.816327,D,S,71470.000000
Sat Aug 23 12:20:05 2025,23-Aug-2025,152007,48 45.183400 N,064 3.853800 W,5.4,16.8,A,Primary,Headline,58.816327,D,S,71470.000000
Sat Aug 23 12:20:09 2025,23-Aug-2025,152008,48 45.184800 N,064 3.853200 W,5.4,16.6,A,Depth,Depth,34.166667,D,S,37971.000000
Sat Aug 23 12:20:10 2025,23-Aug-2025,152009,48 45.186200 N,064 3.852600 W,5.4,16.7,A,DoorSpread,DoorMaster,6.645000,D,S,110833.000000
Sat Aug 23 12:20:11 2025,23-Aug-2025,152010,48 45.187600 N,064 3.851900 W,5.4,16.8,A,Primary,Headline,48.142857,D,S,68864.000000
Sat Aug 23 12:20:11 2025,23-Aug-2025,152011,48 45.189000 N,064 3.851400 W,5.4,16.8,A,Primary,Headline,48.142857,D,S,68864.000000
Sat Aug 23 12:20:11 2025,23-Aug-2025,152012,48 45.190400 N,064 3.850900 W,5.4,16.7,A,Primary,Headline,48.142857,D,S,68864.000000
Sat Aug 23 12:20:11 2025,23-Aug-2025,152013,48 45.191800 N,064 3.850300 W,5.3,16.7,A,Primary,Headline,48.142857,D,S,68864.000000
Sat Aug 23 12:20:15 2025,23-Aug-2025,152014,48 45.193200 N,064 3.849600 W,5.3,16.8,A,DoorSpread,DoorMaster,6.585000,D,P,157577.000000
Sat Aug 23 12:20:16 2025,23-Aug-2025,152015,48 45.194500 N,064 3.848900 W,5.3,16.8,A,Depth,Depth,48.518519,D,S,47021.000000
Sat Aug 23 12:20:17 2025,23-Aug-2025,152016,48 45.195900 N,064 3.848400 W,5.3,16.5,A,Primary,Headline,50.142857,D,S,78396.000000
Sat Aug 23 12:20:17 2025,23-Aug-2025,152017,48 45.197300 N,064 3.847800 W,5.3,16.5,A,Primary,Headline,50.142857,D,S,78396.000000
Sat Aug 23 12:20:17 2025,23-Aug-2025,152018,48 45.198600 N,064 3.847000 W,5.3,16.5,A,Primary,Headline,50.142857,D,S,78396.000000
Sat Aug 23 12:20:17 2025,23-Aug-2025,152019,48 45.199900 N,064 3.846500 W,5.3,16.5,A,Primary,Headline,50.142857,D,S,78396.000000
Sat Aug 23 12:20:21 2025,23-Aug-2025,152020,48 45.201200 N,064 3.846000 W,5.3,16.4,A,DoorSpread,DoorMaster,6.140000,D,S,116711.000000
Sat Aug 23 12:20:21 2025,23-Aug-2025,152021,48 45.202600 N,064 3.845500 W,5.3,16.4,A,DoorSpread,DoorMaster,6.140000,D,S,116711.000000
Sat Aug 23 12:20:24 2025,23-Aug-2025,152022,48 45.204000 N,064 3.845000 W,5.3,16.5,A,Depth,Depth,38.148148,D,P,345297.000000
Sat Aug 23 12:20:24 2025,23-Aug-2025,152023,48 45.205400 N,064 3.844400 W,5.3,16.4,A,Depth,Depth,38.148148,D,P,345297.000000
Sat Aug 23 12:20:24 2025,23-Aug-2025,152024,48 45.206800 N,064 3.843800 W,5.3,16.4,A,Depth,Depth,38.148148,D,P,345297.000000
Sat Aug 23 12:20:27 2025,23-Aug-2025,152025,48 45.208400 N,064 3.843000 W,5.3,16.5,A,DoorSpread,DoorMaster,6.080000,D,S,131224.000000
Sat Aug 23 12:20:27 2025,23-Aug-2025,152026,48 45.209800 N,064 3.842300 W,5.3,16.5,A,DoorSpread,DoorMaster,6.080000,D,S,131224.000000
Sat Aug 23 12:20:29 2025,23-Aug-2025,152027,48 45.211200 N,064 3.841600 W,5.3,16.5,A,Primary,Headline,43.653061,D,S,111551.000000
Sat Aug 23 12:20:29 2025,23-Aug-2025,152028,48 45.212500 N,064 3.840900 W,5.3,16.5,A,Primary,Headline,43.653061,D,S,111551.000000
Sat Aug 23 12:20:30 2025,23-Aug-2025,152029,48 45.213900 N,064 3.840300 W,5.3,16.4,A,Depth,Depth,41.388889,D,P,157987.000000
Sat Aug 23 12:20:31 2025,23-Aug-2025,152030,48 45.215200 N,064 3.839600 W,5.3,16.2,A,Depth,Depth,42.129630,D,S,66572.000000
Sat Aug 23 12:20:32 2025,23-Aug-2025,152031,48 45.216600 N,064 3.839000 W,5.3,16.2,A,DoorSpread,DoorMaster,6.055000,D,S,119721.000000
Sat Aug 23 12:20:34 2025,23-Aug-2025,152032,48 45.217900 N,064 3.838400 W,5.3,16.3,A,Primary,Headline,2.653061,D,S,82244.000000
Sat Aug 23 12:20:34 2025,23-Aug-2025,152033,48 45.219300 N,064 3.837700 W,5.2,16.5,A,Primary,Headline,2.653061,D,S,82244.000000
Sat Aug 23 12:20:34 2025,23-Aug-2025,152034,48 45.220700 N,064 3.837000 W,5.2,16.7,A,Primary,Headline,2.653061,D,S,82244.000000
Sat Aug 23 12:20:34 2025,23-Aug-2025,152035,48 45.222200 N,064 3.836200 W,5.2,16.8,A,Primary,Headline,2.653061,D,S,82244.000000
Sat Aug 23 12:20:38 2025,23-Aug-2025,152036,48 45.223600 N,064 3.835500 W,5.2,16.7,A,DoorSpread,DoorMaster,6.280000,D,P,158225.000000
Sat Aug 23 12:20:38 2025,23-Aug-2025,152037,48 45.225000 N,064 3.834700 W,5.2,16.8,A,DoorSpread,DoorMaster,6.280000,D,P,158225.000000
Sat Aug 23 12:20:39 2025,23-Aug-2025,152038,48 45.226500 N,064 3.833900 W,5.2,16.9,A,Primary,Headline,53.081633,D,P,142234.000000
Sat Aug 23 12:20:39 2025,23-Aug-2025,152039,48 45.228000 N,064 3.833300 W,5.3,16.8,A,Primary,Headline,53.081633,D,P,142234.000000
Sat Aug 23 12:20:39 2025,23-Aug-2025,152040,48 45.229400 N,064 3.832700 W,5.2,16.7,A,Primary,Headline,53.081633,D,P,142234.000000
Sat Aug 23 12:20:39 2025,23-Aug-2025,152041,48 45.230900 N,064 3.832200 W,5.2,16.6,A,Primary,Headline,53.081633,D,P,142234.000000
Sat Aug 23 12:20:44 2025,23-Aug-2025,152042,48 45.232300 N,064 3.831600 W,5.3,16.7,A,DoorSpread,DoorMaster,6.560000,D,S,138314.000000
Sat Aug 23 12:20:45 2025,23-Aug-2025,152043,48 45.233800 N,064 3.830900 W,5.3,16.7,A,Primary,Headline,46.816327,D,S,61074.000000
Sat Aug 23 12:20:45 2025,23-Aug-2025,152044,48 45.235200 N,064 3.830200 W,5.3,16.7,A,Primary,Headline,46.816327,D,S,61074.000000
Sat Aug 23 12:20:45 2025,23-Aug-2025,152045,48 45.236700 N,064 3.829500 W,5.3,16.9,A,Primary,Headline,46.816327,D,S,61074.000000
Sat Aug 23 12:20:45 2025,23-Aug-2025,152046,48 45.238200 N,064 3.828700 W,5.2,17.1,A,Primary,Headline,46.816327,D,S,61074.000000
Sat Aug 23 12:20:45 2025,23-Aug-2025,152047,48 45.239600 N,064 3.828000 W,5.2,17.2,A,Primary,Headline,46.816327,D,S,61074.000000
Sat Aug 23 12:20:49 2025,23-Aug-2025,152048,48 45.241000 N,064 3.827400 W,5.2,17.4,A,DoorSpread,DoorMaster,6.970000,D,S,100389.000000
Sat Aug 23 12:20:50 2025,23-Aug-2025,152049,48 45.242400 N,064 3.826700 W,5.2,17.5,A,Primary,Headline,29.163265,D,P,257201.000000
Sat Aug 23 12:20:51 2025,23-Aug-2025,152050,48 45.243900 N,064 3.826000 W,5.2,17.6,A,Primary,Headline,29.734694,D,S,72604.000000
Sat Aug 23 12:20:51 2025,23-Aug-2025,152051,48 45.245300 N,064 3.825400 W,5.2,17.7,A,Primary,Headline,29.734694,D,S,72604.000000
Sat Aug 23 12:20:51 2025,23-Aug-2025,152052,48 45.246600 N,064 3.824600 W,5.2,17.7,A,Primary,Headline,29.734694,D,S,72604.000000
Sat Aug 23 12:20:55 2025,23-Aug-2025,152053,48 45.247900 N,064 3.823900 W,5.2,17.8,A,DoorSpread,DoorMaster,6.900000,D,S,78276.000000
Sat Aug 23 12:20:55 2025,23-Aug-2025,152054,48 45.249200 N,064 3.823300 W,5.2,17.9,A,DoorSpread,DoorMaster,6.900000,D,S,78276.000000
Sat Aug 23 12:20:56 2025,23-Aug-2025,152055,48 45.250500 N,064 3.822700 W,5.2,17.9,A,Primary,Headline,30.448980,D,S,57950.000000
Sat Aug 23 12:20:56 2025,23-Aug-2025,152056,48 45.251800 N,064 3.822100 W,5.2,17.9,A,Primary,Headline,30.448980,D,S,57950.000000
Sat Aug 23 12:20:56 2025,23-Aug-2025,152057,48 45.253100 N,064 3.821400 W,5.2,17.9,A,Primary,Headline,30.448980,D,S,57950.000000
Sat Aug 23 12:20:56 2025,23-Aug-2025,152058,48 45.254400 N,064 3.820800 W,5.2,18.1,A,Primary,Headline,30.448980,D,S,57950.000000
Sat Aug 23 12:21:00 2025,23-Aug-2025,152059,48 45.255700 N,064 3.820000 W,5.2,18.3,A,DoorSpread,DoorMaster,6.730000,D,S,106844.000000
Sat Aug 23 12:21:00 2025,23-Aug-2025,152100,48 45.257100 N,064 3.819300 W,5.2,18.4,A,DoorSpread,DoorMaster,6.730000,D,S,106844.000000
Sat Aug 23 12:21:02 2025,23-Aug-2025,152101,48 45.258500 N,064 3.818800 W,5.2,18.3,A,Primary,Headline,52.122449,D,P,139277.000000
Sat Aug 23 12:21:02 2025,23-Aug-2025,152102,48 45.259900 N,064 3.818300 W,5.2,18.2,A,Primary,Headline,52.122449,D,P,139277.000000
Sat Aug 23 12:21:02 2025,23-Aug-2025,152103,48 45.261200 N,064 3.817700 W,5.2,18.1,A,Primary,Headline,52.122449,D,P,139277.000000
Sat Aug 23 12:21:02 2025,23-Aug-2025,152104,48 45.262500 N,064 3.817000 W,5.2,18.1,A,Primary,Headline,52.122449,D,P,139277.000000
Sat Aug 23 12:21:07 2025,23-Aug-2025,152105,48 45.263900 N,064 3.816500 W,5.2,18.0,A,Depth,Depth,46.296296,D,S,59594.000000
Sat Aug 23 12:21:07 2025,23-Aug-2025,152106,48 45.265200 N,064 3.815800 W,5.2,18.0,A,Depth,Depth,46.296296,D,S,59594.000000
Sat Aug 23 12:21:08 2025,23-Aug-2025,152107,48 45.266600 N,064 3.815200 W,5.2,18.0,A,Primary,Headline,52.836735,D,S,91661.000000
Sat Aug 23 12:21:08 2025,23-Aug-2025,152108,48 45.268000 N,064 3.814600 W,5.2,17.9,A,Primary,Headline,52.836735,D,S,91661.000000
Sat Aug 23 12:21:08 2025,23-Aug-2025,152109,48 45.269400 N,064 3.814000 W,5.2,17.7,A,Primary,Headline,52.836735,D,S,91661.000000
Sat Aug 23 12:21:12 2025,23-Aug-2025,152110,48 45.270800 N,064 3.813500 W,5.3,17.4,A,DoorSpread,DoorMaster,7.400000,D,S,77593.000000
Sat Aug 23 12:21:12 2025,23-Aug-2025,152111,48 45.272300 N,064 3.812800 W,5.3,17.3,A,DoorSpread,DoorMaster,7.400000,D,S,77593.000000
Sat Aug 23 12:21:14 2025,23-Aug-2025,152112,48 45.273700 N,064 3.812100 W,5.3,17.3,A,Primary,Headline,57.918367,D,P,245387.000000
Sat Aug 23 12:21:14 2025,23-Aug-2025,152113,48 45.275000 N,064 3.811600 W,5.3,17.0,A,Primary,Headline,57.918367,D,P,245387.000000
Sat Aug 23 12:21:14 2025,23-Aug-2025,152114,48 45.276400 N,064 3.811100 W,5.2,16.8,A,Primary,Headline,57.918367,D,P,245387.000000
Sat Aug 23 12:21:14 2025,23-Aug-2025,152115,48 45.277900 N,064 3.810500 W,5.2,16.8,A,Primary,Headline,57.918367,D,P,245387.000000
Sat Aug 23 12:21:17 2025,23-Aug-2025,152116,48 45.279300 N,064 3.809900 W,5.2,17.0,A,DoorSpread,DoorMaster,7.380000,D,S,96765.000000
Sat Aug 23 12:21:17 2025,23-Aug-2025,152117,48 45.280700 N,064 3.809300 W,5.2,17.0,A,DoorSpread,DoorMaster,7.380000,D,S,96765.000000
Sat Aug 23 12:21:19 2025,23-Aug-2025,152118,48 45.282100 N,064 3.808600 W,5.2,17.1,A,Primary,Headline,2.061224,D,S,119442.000000
Sat Aug 23 12:21:21 2025,23-Aug-2025,152119,48 45.283400 N,064 3.807900 W,5.2,17.2,A,Depth,Depth,57.129630,D,S,52613.000000
Sat Aug 23 12:21:21 2025,23-Aug-2025,152120,48 45.284800 N,064 3.807100 W,5.2,17.3,A,Depth,Depth,57.129630,D,S,52613.000000
Sat Aug 23 12:21:21 2025,23-Aug-2025,152121,48 45.286100 N,064 3.806300 W,5.2,17.3,A,Depth,Depth,57.129630,D,S,52613.000000
Sat Aug 23 12:21:23 2025,23-Aug-2025,152122,48 45.287600 N,064 3.805600 W,5.2,17.3,A,DoorSpread,DoorMaster,7.025000,D,S,65079.000000
Sat Aug 23 12:21:24 2025,23-Aug-2025,152123,48 45.289000 N,064 3.804800 W,5.2,17.5,A,Primary,Headline,2.857143,D,S,95962.000000
Sat Aug 23 12:21:24 2025,23-Aug-2025,152124,48 45.290300 N,064 3.804100 W,5.2,17.6,A,Primary,Headline,2.857143,D,S,95962.000000
Sat Aug 23 12:21:24 2025,23-Aug-2025,152125,48 45.291700 N,064 3.803500 W,5.2,17.2,A,Primary,Headline,2.857143,D,S,95962.000000
Sat Aug 23 12:21:24 2025,23-Aug-2025,152126,48 45.293100 N,064 3.802800 W,5.2,16.9,A,Primary,Headline,2.857143,D,S,95962.000000
Sat Aug 23 12:21:28 2025,23-Aug-2025,152127,48 45.294400 N,064 3.802100 W,5.2,16.9,A,Depth,Depth,51.111111,D,S,73696.000000
Sat Aug 23 12:21:29 2025,23-Aug-2025,152128,48 45.295800 N,064 3.801300 W,5.2,17.2,A,DoorSpread,DoorMaster,6.835000,D,S,53192.000000
Sat Aug 23 12:21:30 2025,23-Aug-2025,152129,48 45.297200 N,064 3.800700 W,5.2,17.0,A,Primary,Headline,57.040816,D,S,79278.000000
Sat Aug 23 12:21:30 2025,23-Aug-2025,152130,48 45.298600 N,064 3.800100 W,5.2,16.6,A,Primary,Headline,57.040816,D,S,79278.000000
Sat Aug 23 12:21:30 2025,23-Aug-2025,152131,48 45.299900 N,064 3.799500 W,5.2,16.4,A,Primary,Headline,57.040816,D,S,79278.000000
Sat Aug 23 12:21:30 2025,23-Aug-2025,152132,48 45.301200 N,064 3.798900 W,5.1,16.2,A,Primary,Headline,57.040816,D,S,79278.000000
Sat Aug 23 12:21:34 2025,23-Aug-2025,152133,48 45.302500 N,064 3.798400 W,5.1,16.2,A,DoorSpread,DoorMaster,7.190000,D,S,72372.000000
Sat Aug 23 12:21:35 2025,23-Aug-2025,152134,48 45.303800 N,064 3.797700 W,5.1,16.4,A,Primary,Headline,2.795918,D,S,62661.000000
Sat Aug 23 12:21:35 2025,23-Aug-2025,152135,48 45.305100 N,064 3.797000 W,5.2,16.5,A,Primary,Headline,2.795918,D,S,62661.000000
Sat Aug 23 12:21:35 2025,23-Aug-2025,152136,48 45.306500 N,064 3.796300 W,5.2,16.3,A,Primary,Headline,2.795918,D,S,62661.000000
Sat Aug 23 12:21:35 2025,23-Aug-2025,152137,48 45.307800 N,064 3.795800 W,5.1,16.2,A,Primary,Headline,2.795918,D,S,62661.000000
Sat Aug 23 12:21:35 2025,23-Aug-2025,152138,48 45.309000 N,064 3.795200 W,5.2,16.2,A,Primary,Headline,2.795918,D,S,62661.000000
Sat Aug 23 12:21:40 2025,23-Aug-2025,152139,48 45.310300 N,064 3.794600 W,5.1,16.2,A,DoorSpread,DoorMaster,6.745000,D,S,102291.000000
Sat Aug 23 12:21:41 2025,23-Aug-2025,152140,48 45.311600 N,064 3.793900 W,5.1,16.1,A,Primary,Headline,57.020408,D,S,99824.000000
Sat Aug 23 12:21:41 2025,23-Aug-2025,152141,48 45.312900 N,064 3.793300 W,5.1,16.1,A,Primary,Headline,57.020408,D,S,99824.000000
Sat Aug 23 12:21:41 2025,23-Aug-2025,152142,48 45.314300 N,064 3.792600 W,5.1,16.1,A,Primary,Headline,57.020408,D,S,99824.000000
Sat Aug 23 12:21:41 2025,23-Aug-2025,152143,48 45.315500 N,064 3.792000 W,5.1,16.2,A,Primary,Headline,57.020408,D,S,99824.000000
Sat Aug 23 12:21:45 2025,23-Aug-2025,152144,48 45.316900 N,064 3.791500 W,5.1,16.1,A,DoorSpread,DoorMaster,6.925000,D,S,82288.000000
Sat Aug 23 12:21:46 2025,23-Aug-2025,152145,48 45.318300 N,064 3.791100 W,5.2,16.2,A,Primary,Headline,2.285714,D,S,60862.000000
Sat Aug 23 12:21:46 2025,23-Aug-2025,152146,48 45.319700 N,064 3.790600 W,5.2,16.4,A,Primary,Headline,2.285714,D,S,60862.000000
Sat Aug 23 12:21:46 2025,23-Aug-2025,152147,48 45.321200 N,064 3.790200 W,5.2,16.3,A,Primary,Headline,2.285714,D,S,60862.000000
Sat Aug 23 12:21:50 2025,23-Aug-2025,152148,48 45.322500 N,064 3.789800 W,5.2,16.2,A,Depth,Depth,61.388889,D,S,115463.000000
Sat Aug 23 12:21:50 2025,23-Aug-2025,152149,48 45.323800 N,064 3.789300 W,5.1,16.2,A,Depth,Depth,61.388889,D,S,115463.000000
Sat Aug 23 12:21:51 2025,23-Aug-2025,152150,48 45.325100 N,064 3.788800 W,5.1,16.2,A,DoorSpread,DoorMaster,7.130000,D,S,142529.000000
Sat Aug 23 12:21:51 2025,23-Aug-2025,152151,48 45.326400 N,064 3.788300 W,5.1,16.1,A,DoorSpread,DoorMaster,7.130000,D,S,142529.000000
Sat Aug 23 12:21:51 2025,23-Aug-2025,152152,48 45.327700 N,064 3.787700 W,5.1,16.2,A,DoorSpread,DoorMaster,7.130000,D,S,142529.000000
Sat Aug 23 12:21:51 2025,23-Aug-2025,152153,48 45.329100 N,064 3.787100 W,5.1,16.4,A,DoorSpread,DoorMaster,7.130000,D,S,142529.000000
Sat Aug 23 12:21:51 2025,23-Aug-2025,152154,48 45.330400 N,064 3.786500 W,5.2,16.5,A,DoorSpread,DoorMaster,7.130000,D,S,142529.000000
Sat Aug 23 12:21:57 2025,23-Aug-2025,152155,48 45.331700 N,064 3.785900 W,5.1,16.4,A,Depth,Depth,88.611111,D,P,18757.000000
Sat Aug 23 12:21:57 2025,23-Aug-2025,152156,48 45.333000 N,064 3.785400 W,5.1,16.2,A,Depth,Depth,88.611111,D,P,18757.000000
Sat Aug 23 12:21:57 2025,23-Aug-2025,152157,48 45.334400 N,064 3.784900 W,5.1,16.2,A,Depth,Depth,88.611111,D,P,18757.000000
Sat Aug 23 12:21:57 2025,23-Aug-2025,152158,48 45.335800 N,064 3.784300 W,5.1,16.3,A,Depth,Depth,88.611111,D,P,18757.000000
Sat Aug 23 12:21:57 2025,23-Aug-2025,152159,48 45.337200 N,064 3.783700 W,5.1,16.6,A,Depth,Depth,88.611111,D,P,18757.000000
Sat Aug 23 12:22:01 2025,23-Aug-2025,152200,48 45.338500 N,064 3.783100 W,5.1,16.8,A,Primary,Headline,2.489796,D,P,201184.000000
Sat Aug 23 12:22:03 2025,23-Aug-2025,152201,48 45.339700 N,064 3.782500 W,5.0,16.8,A,DoorSpread,DoorMaster,6.730000,D,S,345206.000000
Sat Aug 23 12:22:03 2025,23-Aug-2025,152202,48 45.341000 N,064 3.781900 W,5.0,16.8,A,DoorSpread,DoorMaster,6.730000,D,S,345206.000000
Sat Aug 23 12:22:04 2025,23-Aug-2025,152203,48 45.342300 N,064 3.781300 W,4.9,17.0,A,Depth,Depth,38.703704,D,P,267554.000000
Sat Aug 23 12:22:04 2025,23-Aug-2025,152204,48 45.343400 N,064 3.780600 W,4.7,17.5,A,Depth,Depth,38.703704,D,P,267554.000000
Sat Aug 23 12:22:06 2025,23-Aug-2025,152205,48 45.344400 N,064 3.780000 W,4.5,17.9,A,Primary,Headline,2.612245,D,S,78752.000000
Sat Aug 23 12:22:06 2025,23-Aug-2025,152206,48 45.345400 N,064 3.779500 W,4.5,17.9,A,Primary,Headline,2.612245,D,S,78752.000000
Sat Aug 23 12:22:08 2025,23-Aug-2025,152207,48 45.346500 N,064 3.778900 W,4.4,17.8,A,DoorSpread,DoorMaster,6.520000,D,P,148076.000000
Sat Aug 23 12:22:08 2025,23-Aug-2025,152208,48 45.347600 N,064 3.778300 W,4.3,17.8,A,DoorSpread,DoorMaster,6.520000,D,P,148076.000000
Sat Aug 23 12:22:08 2025,23-Aug-2025,152209,48 45.348600 N,064 3.777700 W,4.2,18.0,A,DoorSpread,DoorMaster,6.520000,D,P,148076.000000
Sat Aug 23 12:22:12 2025,23-Aug-2025,152210,48 45.349600 N,064 3.777000 W,4.1,18.2,A,Primary,Headline,20.591837,D,S,103968.000000
Sat Aug 23 12:22:12 2025,23-Aug-2025,152211,48 45.350600 N,064 3.776400 W,4.1,17.8,A,Primary,Headline,20.591837,D,S,103968.000000
Sat Aug 23 12:22:13 2025,23-Aug-2025,152212,48 45.351600 N,064 3.775900 W,3.9,17.6,A,DoorSpread,DoorMaster,6.000000,D,S,189059.000000
Sat Aug 23 12:22:14 2025,23-Aug-2025,152213,48 45.352500 N,064 3.775300 W,3.9,17.6,A,DoorSpread,DoorMaster,5.975000,D,P,92914.000000
Sat Aug 23 12:22:14 2025,23-Aug-2025,152214,48 45.353400 N,064 3.774700 W,3.7,17.8,A,DoorSpread,DoorMaster,5.975000,D,P,92914.000000
Sat Aug 23 12:22:14 2025,23-Aug-2025,152215,48 45.354200 N,064 3.774100 W,3.7,18.0,A,DoorSpread,DoorMaster,5.975000,D,P,92914.000000
Sat Aug 23 12:22:17 2025,23-Aug-2025,152216,48 45.355100 N,064 3.773500 W,3.6,18.3,A,Primary,Headline,35.285714,D,S,148740.000000
Sat Aug 23 12:22:19 2025,23-Aug-2025,152217,48 45.355900 N,064 3.772900 W,3.6,18.8,A,Depth,Depth,67.314815,D,P,158497.000000
Sat Aug 23 12:22:19 2025,23-Aug-2025,152218,48 45.356800 N,064 3.772400 W,3.5,19.0,A,DoorSpread,DoorMaster,6.265000,D,S,211398.000000
Sat Aug 23 12:22:19 2025,23-Aug-2025,152219,48 45.357800 N,064 3.772000 W,3.6,19.0,A,DoorSpread,DoorMaster,6.265000,D,S,211398.000000
Sat Aug 23 12:22:19 2025,23-Aug-2025,152220,48 45.358800 N,064 3.771500 W,3.5,19.1,A,DoorSpread,DoorMaster,6.265000,D,S,211398.000000
Sat Aug 23 12:22:22 2025,23-Aug-2025,152221,48 45.359800 N,064 3.771000 W,3.5,18.9,A,Primary,Headline,18.142857,D,P,100475.000000
Sat Aug 23 12:22:22 2025,23-Aug-2025,152222,48 45.360700 N,064 3.770700 W,3.5,18.9,A,Primary,Headline,18.142857,D,P,100475.000000
Sat Aug 23 12:22:25 2025,23-Aug-2025,152223,48 45.361600 N,064 3.770300 W,3.4,19.0,A,DoorSpread,DoorMaster,6.150000,D,S,135483.000000
Sat Aug 23 12:22:26 2025,23-Aug-2025,152224,48 45.362500 N,064 3.769800 W,3.4,19.2,A,Depth,Depth,69.166667,D,P,67814.000000
Sat Aug 23 12:22:26 2025,23-Aug-2025,152225,48 45.363300 N,064 3.769300 W,3.3,19.6,A,Depth,Depth,69.166667,D,P,67814.000000
Sat Aug 23 12:22:26 2025,23-Aug-2025,152226,48 45.364100 N,064 3.768800 W,3.3,20.2,A,Depth,Depth,69.166667,D,P,67814.000000
Sat Aug 23 12:22:28 2025,23-Aug-2025,152227,48 45.364900 N,064 3.768300 W,3.2,20.8,A,Primary,Headline,17.285714,D,S,138291.000000
Sat Aug 23 12:22:28 2025,23-Aug-2025,152228,48 45.365800 N,064 3.767900 W,3.2,21.2,A,Primary,Headline,17.285714,D,S,138291.000000
Sat Aug 23 12:22:30 2025,23-Aug-2025,152229,48 45.366700 N,064 3.767500 W,3.2,21.4,A,DoorSpread,DoorMaster,6.130000,D,P,141069.000000
Sat Aug 23 12:22:30 2025,23-Aug-2025,152230,48 45.367500 N,064 3.767100 W,3.1,21.7,A,DoorSpread,DoorMaster,6.130000,D,P,141069.000000
Sat Aug 23 12:22:30 2025,23-Aug-2025,152231,48 45.368300 N,064 3.766700 W,3.1,22.1,A,DoorSpread,DoorMaster,6.130000,D,P,141069.000000
Sat Aug 23 12:22:33 2025,23-Aug-2025,152232,48 45.369100 N,064 3.766100 W,3.1,22.8,A,Primary,Headline,15.816327,D,P,148717.000000
Sat Aug 23 12:22:33 2025,23-Aug-2025,152233,48 45.369900 N,064 3.765600 W,3.1,23.2,A,Primary,Headline,15.816327,D,P,148717.000000
Sat Aug 23 12:22:33 2025,23-Aug-2025,152234,48 45.370700 N,064 3.765300 W,3.1,23.4,A,Primary,Headline,15.816327,D,P,148717.000000
Sat Aug 23 12:22:36 2025,23-Aug-2025,152235,48 45.371400 N,064 3.765000 W,3.0,23.7,A,DoorSpread,DoorMaster,6.045000,D,S,180644.000000
Sat Aug 23 12:22:36 2025,23-Aug-2025,152236,48 45.372200 N,064 3.764500 W,3.0,23.9,A,DoorSpread,DoorMaster,6.045000,D,S,180644.000000
Sat Aug 23 12:22:38 2025,23-Aug-2025,152237,48 45.372900 N,064 3.764000 W,3.0,24.2,A,Primary,Headline,14.938776,D,S,167447.000000
Sat Aug 23 12:22:38 2025,23-Aug-2025,152238,48 45.373700 N,064 3.763600 W,3.0,24.5,A,Primary,Headline,14.938776,D,S,167447.000000
Sat Aug 23 12:22:38 2025,23-Aug-2025,152239,48 45.374400 N,064 3.762900 W,2.9,24.6,A,Primary,Headline,14.938776,D,S,167447.000000
Sat Aug 23 12:22:41 2025,23-Aug-2025,152240,48 45.375200 N,064 3.762500 W,2.9,24.7,A,DoorSpread,DoorMaster,6.015000,D,P,98536.000000
Sat Aug 23 12:22:41 2025,23-Aug-2025,152241,48 45.376000 N,064 3.761900 W,2.9,25.0,A,DoorSpread,DoorMaster,6.015000,D,P,98536.000000
Sat Aug 23 12:22:43 2025,23-Aug-2025,152242,48 45.376700 N,064 3.761300 W,2.8,25.1,A,Primary,Headline,13.979592,D,P,147731.000000
Sat Aug 23 12:22:43 2025,23-Aug-2025,152243,48 45.377400 N,064 3.760800 W,2.8,25.3,A,Primary,Headline,13.979592,D,P,147731.000000
Sat Aug 23 12:22:43 2025,23-Aug-2025,152244,48 45.378100 N,064 3.760400 W,2.8,25.3,A,Primary,Headline,13.979592,D,P,147731.000000
Sat Aug 23 12:22:43 2025,23-Aug-2025,152245,48 45.378800 N,064 3.759900 W,2.8,25.4,A,Primary,Headline,13.979592,D,P,147731.000000
Sat Aug 23 12:22:47 2025,23-Aug-2025,152246,48 45.379500 N,064 3.759300 W,2.8,25.6,A,DoorSpread,DoorMaster,5.905000,D,S,346701.000000
Sat Aug 23 12:22:49 2025,23-Aug-2025,152247,48 45.380100 N,064 3.758800 W,2.8,25.8,A,Primary,Headline,12.448980,D,P,152053.000000
Sat Aug 23 12:22:49 2025,23-Aug-2025,152248,48 45.380800 N,064 3.758300 W,2.8,25.9,A,Primary,Headline,12.448980,D,P,152053.000000
Sat Aug 23 12:22:49 2025,23-Aug-2025,152249,48 45.381500 N,064 3.757900 W,2.8,26.0,A,Primary,Headline,12.448980,D,P,152053.000000
Sat Aug 23 12:22:49 2025,23-Aug-2025,152250,48 45.382100 N,064 3.757400 W,2.8,26.1,A,Primary,Headline,12.448980,D,P,152053.000000
Sat Aug 23 12:22:53 2025,23-Aug-2025,152251,48 45.382800 N,064 3.756900 W,2.7,26.0,A,DoorSpread,DoorMaster,5.910000,D,S,273353.000000
Sat Aug 23 12:22:54 2025,23-Aug-2025,152252,48 45.383400 N,064 3.756500 W,2.7,26.0,A,Primary,Headline,11.469388,D,S,302145.000000
Sat Aug 23 12:22:54 2025,23-Aug-2025,152253,48 45.384000 N,064 3.755900 W,2.7,26.1,A,Depth,Depth,76.388889,D,P,84814.000000
Sat Aug 23 12:22:55 2025,23-Aug-2025,152254,48 45.384700 N,064 3.755400 W,2.7,26.0,A,Depth,Depth,76.111111,D,S,173310.000000
Sat Aug 23 12:22:55 2025,23-Aug-2025,152255,48 45.385300 N,064 3.755100 W,2.7,25.9,A,Depth,Depth,76.111111,D,S,173310.000000
Sat Aug 23 12:22:55 2025,23-Aug-2025,152256,48 45.386000 N,064 3.754700 W,2.7,25.7,A,Depth,Depth,76.111111,D,S,173310.000000
Sat Aug 23 12:22:58 2025,23-Aug-2025,152257,48 45.386700 N,064 3.754200 W,2.7,25.6,A,DoorSpread,DoorMaster,5.455000,D,P,131662.000000
Sat Aug 23 12:22:59 2025,23-Aug-2025,152258,48 45.387300 N,064 3.753700 W,2.7,25.6,A,Primary,Headline,9.816327,D,S,315452.000000
Sat Aug 23 12:22:59 2025,23-Aug-2025,152259,48 45.388000 N,064 3.753100 W,2.7,25.8,A,Primary,Headline,9.816327,D,S,315452.000000
Sat Aug 23 12:22:59 2025,23-Aug-2025,152300,48 45.388700 N,064 3.752500 W,2.7,25.9,A,Primary,Headline,9.816327,D,S,315452.000000
Sat Aug 23 12:23:02 2025,23-Aug-2025,152301,48 45.389400 N,064 3.751900 W,2.7,25.8,A,Depth,Depth,77.407407,D,P,126140.000000
Sat Aug 23 12:23:02 2025,23-Aug-2025,152302,48 45.390000 N,064 3.751400 W,2.7,25.6,A,Depth,Depth,77.407407,D,P,126140.000000
Sat Aug 23 12:23:04 2025,23-Aug-2025,152303,48 45.390600 N,064 3.750800 W,2.7,25.7,A,Primary,Headline,9.020408,D,P,172006.000000
Sat Aug 23 12:23:04 2025,23-Aug-2025,152304,48 45.391300 N,064 3.750200 W,2.7,25.7,A,Primary,Headline,9.020408,D,P,172006.000000
Sat Aug 23 12:23:04 2025,23-Aug-2025,152305,48 45.392100 N,064 3.749700 W,2.7,25.7,A,Primary,Headline,9.020408,D,P,172006.000000
Sat Aug 23 12:23:04 2025,23-Aug-2025,152306,48 45.392800 N,064 3.749200 W,2.7,25.6,A,Primary,Headline,9.020408,D,P,172006.000000
Sat Aug 23 12:23:04 2025,23-Aug-2025,152307,48 45.393500 N,064 3.748700 W,2.7,25.6,A,Primary,Headline,9.020408,D,P,172006.000000
Sat Aug 23 12:23:10 2025,23-Aug-2025,152308,48 45.394100 N,064 3.748200 W,2.7,25.6,A,Depth,Depth,131.018519,D,P,19225.000000
Sat Aug 23 12:23:10 2025,23-Aug-2025,152309,48 45.394700 N,064 3.747800 W,2.7,25.6,A,Depth,Depth,131.018519,D,P,19225.000000
Sat Aug 23 12:23:10 2025,23-Aug-2025,152310,48 45.395300 N,064 3.747500 W,2.7,25.8,A,Depth,Depth,131.018519,D,P,19225.000000
Sat Aug 23 12:23:10 2025,23-Aug-2025,152311,48 45.395900 N,064 3.747000 W,2.6,26.0,A,Depth,Depth,131.018519,D,P,19225.000000
Sat Aug 23 12:23:10 2025,23-Aug-2025,152312,48 45.396500 N,064 3.746600 W,2.6,26.0,A,Depth,Depth,131.018519,D,P,19225.000000
Sat Aug 23 12:23:10 2025,23-Aug-2025,152313,48 45.397000 N,064 3.746100 W,2.6,26.1,A,Depth,Depth,131.018519,D,P,19225.000000
Sat Aug 23 12:23:15 2025,23-Aug-2025,152314,48 45.397600 N,064 3.745600 W,2.6,26.6,A,Primary,Headline,57.040816,D,P,172706.000000
Sat Aug 23 12:23:16 2025,23-Aug-2025,152315,48 45.398100 N,064 3.745200 W,2.6,26.8,A,Depth,Depth,78.518519,D,S,246507.000000
Sat Aug 23 12:23:17 2025,23-Aug-2025,152316,48 45.398700 N,064 3.744800 W,2.6,26.9,A,Depth,Depth,31.666667,D,P,173872.000000
Sat Aug 23 12:23:17 2025,23-Aug-2025,152317,48 45.399400 N,064 3.744400 W,2.6,27.1,A,Depth,Depth,31.666667,D,P,173872.000000
Sat Aug 23 12:23:17 2025,23-Aug-2025,152318,48 45.400000 N,064 3.744100 W,2.6,27.0,A,Depth,Depth,31.666667,D,P,173872.000000
Sat Aug 23 12:23:21 2025,23-Aug-2025,152319,48 45.400700 N,064 3.743800 W,2.6,26.9,A,DoorSpread,DoorMaster,6.725000,D,P,33181.000000
Sat Aug 23 12:23:21 2025,23-Aug-2025,152320,48 45.401300 N,064 3.743500 W,2.6,27.1,A,DoorSpread,DoorMaster,6.725000,D,P,33181.000000
Sat Aug 23 12:23:21 2025,23-Aug-2025,152321,48 45.401900 N,064 3.743100 W,2.6,27.2,A,DoorSpread,DoorMaster,6.725000,D,P,33181.000000
Sat Aug 23 12:23:21 2025,23-Aug-2025,152322,48 45.402500 N,064 3.742700 W,2.6,27.3,A,DoorSpread,DoorMaster,6.725000,D,P,33181.000000
Sat Aug 23 12:23:24 2025,23-Aug-2025,152323,48 45.403100 N,064 3.742400 W,2.6,27.3,A,Depth,Depth,84.259259,D,P,147641.000000
Sat Aug 23 12:23:25 2025,23-Aug-2025,152324,48 45.403600 N,064 3.742200 W,2.6,27.3,A,Primary,Headline,3.387755,D,P,207791.000000
Sat Aug 23 12:23:26 2025,23-Aug-2025,152325,48 45.404300 N,064 3.741800 W,2.6,27.3,A,DoorSpread,DoorMaster,4.340000,D,P,81846.000000
Sat Aug 23 12:23:26 2025,23-Aug-2025,152326,48 45.405000 N,064 3.741600 W,2.6,26.7,A,DoorSpread,DoorMaster,4.340000,D,P,81846.000000
Sat Aug 23 12:23:26 2025,23-Aug-2025,152327,48 45.405700 N,064 3.741300 W,2.6,26.3,A,DoorSpread,DoorMaster,4.340000,D,P,81846.000000
Sat Aug 23 12:23:26 2025,23-Aug-2025,152328,48 45.406300 N,064 3.740800 W,2.6,26.2,A,DoorSpread,DoorMaster,4.340000,D,P,81846.000000
Sat Aug 23 12:23:30 2025,23-Aug-2025,152329,48 45.406900 N,064 3.740300 W,2.6,26.2,A,Primary,Headline,2.734694,D,P,236464.000000
Sat Aug 23 12:23:32 2025,23-Aug-2025,152330,48 45.407500 N,064 3.739800 W,2.6,26.1,A,DoorSpread,DoorMaster,5.840000,D,S,171191.000000
Sat Aug 23 12:23:32 2025,23-Aug-2025,152331,48 45.408200 N,064 3.739400 W,2.6,26.3,A,DoorSpread,DoorMaster,5.855000,D,P,151403.000000
Sat Aug 23 12:23:32 2025,23-Aug-2025,152332,48 45.408900 N,064 3.738900 W,2.5,26.6,A,DoorSpread,DoorMaster,5.855000,D,P,151403.000000
Sat Aug 23 12:23:32 2025,23-Aug-2025,152333,48 45.409500 N,064 3.738400 W,2.6,26.9,A,DoorSpread,DoorMaster,5.855000,D,P,151403.000000
Sat Aug 23 12:23:35 2025,23-Aug-2025,152334,48 45.410000 N,064 3.737900 W,2.5,27.0,A,Primary,Headline,2.367347,D,P,349231.000000
Sat Aug 23 12:23:35 2025,23-Aug-2025,152335,48 45.410600 N,064 3.737300 W,2.5,27.4,A,Primary,Headline,2.367347,D,P,349231.000000
Sat Aug 23 12:23:37 2025,23-Aug-2025,152336,48 45.411100 N,064 3.736800 W,2.5,27.6,A,DoorSpread,DoorMaster,5.665000,D,P,66149.000000
Sat Aug 23 12:23:39 2025,23-Aug-2025,152337,48 45.411700 N,064 3.736300 W,2.5,27.7,A,Depth,Depth,87.222222,D,P,188690.000000
Sat Aug 23 12:23:39 2025,23-Aug-2025,152338,48 45.412300 N,064 3.735900 W,2.6,27.6,A,Depth,Depth,87.222222,D,P,188690.000000
Sat Aug 23 12:23:40 2025,23-Aug-2025,152339,48 45.412900 N,064 3.735300 W,2.5,27.6,A,Primary,Headline,1.897959,D,P,190309.000000
Sat Aug 23 12:23:40 2025,23-Aug-2025,152340,48 45.413400 N,064 3.734700 W,2.5,27.9,A,Primary,Headline,1.897959,D,P,190309.000000
Sat Aug 23 12:23:43 2025,23-Aug-2025,152341,48 45.414000 N,064 3.734000 W,2.5,28.1,A,DoorSpread,DoorMaster,6.550000,D,S,120752.000000
Sat Aug 23 12:23:43 2025,23-Aug-2025,152342,48 45.414700 N,064 3.733400 W,2.5,28.1,A,DoorSpread,DoorMaster,6.550000,D,S,120752.000000
Sat Aug 23 12:23:43 2025,23-Aug-2025,152343,48 45.415300 N,064 3.732800 W,2.5,28.0,A,DoorSpread,DoorMaster,6.550000,D,S,120752.000000
Sat Aug 23 12:23:46 2025,23-Aug-2025,152344,48 45.415900 N,064 3.732100 W,2.5,28.1,A,Depth,Depth,86.851852,D,S,248723.000000
Sat Aug 23 12:23:46 2025,23-Aug-2025,152345,48 45.416400 N,064 3.731400 W,2.5,28.4,A,Depth,Depth,86.851852,D,S,248723.000000
Sat Aug 23 12:23:46 2025,23-Aug-2025,152346,48 45.417000 N,064 3.730800 W,2.5,28.6,A,Depth,Depth,86.851852,D,S,248723.000000
Sat Aug 23 12:23:48 2025,23-Aug-2025,152347,48 45.417500 N,064 3.730300 W,2.5,28.7,A,DoorSpread,DoorMaster,6.980000,D,S,112777.000000
Sat Aug 23 12:23:48 2025,23-Aug-2025,152348,48 45.418000 N,064 3.729900 W,2.4,28.3,A,DoorSpread,DoorMaster,6.980000,D,S,112777.000000
Sat Aug 23 12:23:51 2025,23-Aug-2025,152349,48 45.418600 N,064 3.729400 W,2.5,28.2,A,Primary,Headline,1.571429,D,P,192013.000000
Sat Aug 23 12:23:51 2025,23-Aug-2025,152350,48 45.419200 N,064 3.728800 W,2.4,28.3,A,Primary,Headline,1.571429,D,P,192013.000000
Sat Aug 23 12:23:51 2025,23-Aug-2025,152351,48 45.419800 N,064 3.728100 W,2.4,28.8,A,Primary,Headline,1.571429,D,P,192013.000000
Sat Aug 23 12:23:54 2025,23-Aug-2025,152352,48 45.420400 N,064 3.727500 W,2.4,29.4,A,Depth,Depth,95.833333,D,P,197786.000000
Sat Aug 23 12:23:54 2025,23-Aug-2025,152353,48 45.420900 N,064 3.726900 W,2.4,29.7,A,Depth,Depth,95.833333,D,P,197786.000000
Sat Aug 23 12:23:56 2025,23-Aug-2025,152354,48 45.421600 N,064 3.726600 W,2.3,29.7,A,Primary,Headline,1.877551,D,S,194360.000000
Sat Aug 23 12:23:56 2025,23-Aug-2025,152355,48 45.422200 N,064 3.726200 W,2.3,29.7,A,Primary,Headline,1.877551,D,S,194360.000000
Sat Aug 23 12:23:56 2025,23-Aug-2025,152356,48 45.422700 N,064 3.725800 W,2.3,29.8,A,Primary,Headline,1.877551,D,S,194360.000000
Sat Aug 23 12:23:56 2025,23-Aug-2025,152357,48 45.423200 N,064 3.725300 W,2.2,29.8,A,Primary,Headline,1.877551,D,S,194360.000000
Sat Aug 23 12:23:59 2025,23-Aug-2025,152358,48 45.423700 N,064 3.724900 W,2.2,29.7,A,DoorSpread,DoorMaster,7.665000,D,P,196485.000000
Sat Aug 23 12:24:01 2025,23-Aug-2025,152359,48 45.424100 N,064 3.724600 W,2.1,29.4,A,Primary,Headline,2.102041,D,P,249766.000000
Sat Aug 23 12:24:01 2025,23-Aug-2025,152400,48 45.424600 N,064 3.724300 W,2.1,29.2,A,Primary,Headline,2.102041,D,P,249766.000000
Sat Aug 23 12:24:01 2025,23-Aug-2025,152401,48 45.425000 N,064 3.724000 W,2.0,28.9,A,Primary,Headline,2.102041,D,P,249766.000000
Sat Aug 23 12:24:01 2025,23-Aug-2025,152402,48 45.425400 N,064 3.723800 W,1.9,28.8,A,Primary,Headline,2.102041,D,P,249766.000000
Sat Aug 23 12:24:04 2025,23-Aug-2025,152403,48 45.425700 N,064 3.723400 W,1.9,28.7,A,DoorSpread,DoorMaster,8.160000,D,P,147953.000000
Sat Aug 23 12:24:06 2025,23-Aug-2025,152404,48 45.426200 N,064 3.723100 W,1.9,28.5,A,Primary,Headline,1.387755,D,P,244174.000000
Sat Aug 23 12:24:06 2025,23-Aug-2025,152405,48 45.426600 N,064 3.722800 W,1.9,28.1,A,Primary,Headline,1.387755,D,P,244174.000000
Sat Aug 23 12:24:06 2025,23-Aug-2025,152406,48 45.427100 N,064 3.722500 W,1.9,28.3,A,Primary,Headline,1.387755,D,P,244174.000000
Sat Aug 23 12:24:06 2025,23-Aug-2025,152407,48 45.427600 N,064 3.722200 W,1.9,28.5,A,Primary,Headline,1.387755,D,P,244174.000000
Sat Aug 23 12:24:06 2025,23-Aug-2025,152408,48 45.428100 N,064 3.721800 W,1.9,28.7,A,Primary,Headline,1.387755,D,P,244174.000000
Sat Aug 23 12:24:11 2025,23-Aug-2025,152409,48 45.428700 N,064 3.721400 W,2.0,28.9,A,Primary,Headline,1.510204,D,P,245416.000000
Sat Aug 23 12:24:11 2025,23-Aug-2025,152410,48 45.429300 N,064 3.720900 W,2.0,29.3,A,Primary,Headline,1.510204,D,P,245416.000000
Sat Aug 23 12:24:11 2025,23-Aug-2025,152411,48 45.430000 N,064 3.720500 W,2.0,29.6,A,Primary,Headline,1.510204,D,P,245416.000000
Sat Aug 23 12:24:11 2025,23-Aug-2025,152412,48 45.430500 N,064 3.720100 W,2.0,29.7,A,Primary,Headline,1.510204,D,P,245416.000000
Sat Aug 23 12:24:11 2025,23-Aug-2025,152413,48 45.431100 N,064 3.719600 W,2.1,30.1,A,Primary,Headline,1.510204,D,P,245416.000000
Sat Aug 23 12:24:16 2025,23-Aug-2025,152414,48 45.431700 N,064 3.719200 W,2.1,30.3,A,Primary,Headline,1.979592,D,P,287654.000000
Sat Aug 23 12:24:17 2025,23-Aug-2025,152415,48 45.432300 N,064 3.718900 W,2.1,30.1,A,DoorSpread,DoorMaster,8.590000,D,S,232913.000000
Sat Aug 23 12:24:17 2025,23-Aug-2025,152416,48 45.432900 N,064 3.718600 W,2.1,30.0,A,DoorSpread,DoorMaster,8.590000,D,S,232913.000000
Sat Aug 23 12:24:17 2025,23-Aug-2025,152417,48 45.433400 N,064 3.718200 W,2.2,30.2,A,DoorSpread,DoorMaster,8.590000,D,S,232913.000000
Sat Aug 23 12:24:17 2025,23-Aug-2025,152418,48 45.433900 N,064 3.717800 W,2.2,30.4,A,DoorSpread,DoorMaster,8.590000,D,S,232913.000000
Sat Aug 23 12:24:21 2025,23-Aug-2025,152419,48 45.434400 N,064 3.717200 W,2.2,30.3,A,Primary,Headline,1.836735,D,S,341338.000000
Sat Aug 23 12:24:21 2025,23-Aug-2025,152420,48 45.435000 N,064 3.716700 W,2.2,30.2,A,Primary,Headline,1.836735,D,S,341338.000000
Sat Aug 23 12:24:22 2025,23-Aug-2025,152421,48 45.435500 N,064 3.716100 W,2.3,30.0,A,DoorSpread,DoorMaster,8.865000,D,S,110156.000000
Sat Aug 23 12:24:23 2025,23-Aug-2025,152422,48 45.436000 N,064 3.715600 W,2.3,29.8,A,Depth,Depth,87.592593,D,S,286788.000000
Sat Aug 23 12:24:23 2025,23-Aug-2025,152423,48 45.436400 N,064 3.715100 W,2.3,29.6,A,Depth,Depth,87.592593,D,S,286788.000000
Sat Aug 23 12:24:26 2025,23-Aug-2025,152424,48 45.436900 N,064 3.714700 W,2.3,29.6,A,Primary,Headline,1.448980,D,P,129371.000000
Sat Aug 23 12:24:26 2025,23-Aug-2025,152425,48 45.437300 N,064 3.714200 W,2.3,30.1,A,Primary,Headline,1.448980,D,P,129371.000000
Sat Aug 23 12:24:28 2025,23-Aug-2025,152426,48 45.437700 N,064 3.713700 W,2.3,30.6,A,DoorSpread,DoorMaster,8.975000,D,S,139161.000000
Sat Aug 23 12:24:28 2025,23-Aug-2025,152427,48 45.438200 N,064 3.713200 W,2.3,30.8,A,DoorSpread,DoorMaster,8.975000,D,S,139161.000000
Sat Aug 23 12:24:28 2025,23-Aug-2025,152428,48 45.438700 N,064 3.712800 W,2.3,30.7,A,DoorSpread,DoorMaster,8.975000,D,S,139161.000000
Sat Aug 23 12:24:30 2025,23-Aug-2025,152429,48 45.439200 N,064 3.712400 W,2.3,30.8,A,Depth,Depth,87.777778,D,P,157431.000000
Sat Aug 23 12:24:31 2025,23-Aug-2025,152430,48 45.439700 N,064 3.712000 W,2.3,30.7,A,Primary,Headline,1.591837,D,P,347963.000000
Sat Aug 23 12:24:31 2025,23-Aug-2025,152431,48 45.440100 N,064 3.711700 W,2.2,30.6,A,Primary,Headline,1.591837,D,P,347963.000000
Sat Aug 23 12:24:34 2025,23-Aug-2025,152432,48 45.440700 N,064 3.711200 W,2.3,30.4,A,DoorSpread,DoorMaster,9.120000,D,S,85493.000000
Sat Aug 23 12:24:34 2025,23-Aug-2025,152433,48 45.441200 N,064 3.710800 W,2.2,30.2,A,DoorSpread,DoorMaster,9.120000,D,S,85493.000000
Sat Aug 23 12:24:36 2025,23-Aug-2025,152434,48 45.441800 N,064 3.710400 W,2.2,29.8,A,Primary,Headline,1.836735,D,S,281811.000000
Sat Aug 23 12:24:36 2025,23-Aug-2025,152435,48 45.442300 N,064 3.710100 W,2.2,29.3,A,Primary,Headline,1.836735,D,S,281811.000000
Sat Aug 23 12:24:37 2025,23-Aug-2025,152436,48 45.442800 N,064 3.709600 W,2.2,29.3,A,Depth,Depth,87.592593,D,P,209543.000000
Sat Aug 23 12:24:37 2025,23-Aug-2025,152437,48 45.443300 N,064 3.709000 W,2.2,29.7,A,Depth,Depth,87.592593,D,P,209543.000000
Sat Aug 23 12:24:37 2025,23-Aug-2025,152438,48 45.443700 N,064 3.708400 W,2.2,30.1,A,Depth,Depth,87.592593,D,P,209543.000000
Sat Aug 23 12:24:37 2025,23-Aug-2025,152439,48 45.444200 N,064 3.707800 W,2.2,30.4,A,Depth,Depth,87.592593,D,P,209543.000000
Sat Aug 23 12:24:41 2025,23-Aug-2025,152440,48 45.444700 N,064 3.707300 W,2.2,30.7,A,Primary,Headline,1.510204,D,P,181888.000000
Sat Aug 23 12:24:41 2025,23-Aug-2025,152441,48 45.445200 N,064 3.706700 W,2.2,31.0,A,Primary,Headline,1.510204,D,P,181888.000000
Sat Aug 23 12:24:41 2025,23-Aug-2025,152442,48 45.445700 N,064 3.706100 W,2.2,31.2,A,Primary,Headline,1.510204,D,P,181888.000000
Sat Aug 23 12:24:45 2025,23-Aug-2025,152443,48 45.446200 N,064 3.705600 W,2.2,31.3,A,DoorSpread,DoorMaster,24.955000,D,P,57190.000000
Sat Aug 23 12:24:45 2025,23-Aug-2025,152444,48 45.446600 N,064 3.705100 W,2.2,31.5,A,DoorSpread,DoorMaster,24.955000,D,P,57190.000000
Sat Aug 23 12:24:46 2025,23-Aug-2025,152445,48 45.447100 N,064 3.704600 W,2.2,31.9,A,Primary,Headline,1.938776,D,S,332613.000000
Sat Aug 23 12:24:46 2025,23-Aug-2025,152446,48 45.447600 N,064 3.704100 W,2.2,32.1,A,Primary,Headline,1.938776,D,S,332613.000000
Sat Aug 23 12:24:46 2025,23-Aug-2025,152447,48 45.448100 N,064 3.703600 W,2.2,32.0,A,Primary,Headline,1.938776,D,S,332613.000000
Sat Aug 23 12:24:46 2025,23-Aug-2025,152448,48 45.448700 N,064 3.703100 W,2.2,31.5,A,Primary,Headline,1.938776,D,S,332613.000000
Sat Aug 23 12:24:46 2025,23-Aug-2025,152449,48 45.449300 N,064 3.702700 W,2.3,31.3,A,Primary,Headline,1.938776,D,S,332613.000000
Sat Aug 23 12:24:46 2025,23-Aug-2025,152450,48 45.449800 N,064 3.702200 W,2.3,31.2,A,Primary,Headline,1.938776,D,S,332613.000000
Sat Aug 23 12:24:52 2025,23-Aug-2025,152451,48 45.450300 N,064 3.701800 W,2.3,31.1,A,Depth,Depth,89.166667,D,S,200103.000000
Sat Aug 23 12:24:52 2025,23-Aug-2025,152452,48 45.450800 N,064 3.701400 W,2.3,31.0,A,Depth,Depth,89.166667,D,S,200103.000000
Sat Aug 23 12:24:52 2025,23-Aug-2025,152453,48 45.451400 N,064 3.701100 W,2.2,31.0,A,Depth,Depth,89.166667,D,S,200103.000000
Sat Aug 23 12:24:52 2025,23-Aug-2025,152454,48 45.451900 N,064 3.700600 W,2.2,31.3,A,Depth,Depth,89.166667,D,S,200103.000000
Sat Aug 23 12:24:52 2025,23-Aug-2025,152455,48 45.452400 N,064 3.700100 W,2.2,31.4,A,Depth,Depth,89.166667,D,S,200103.000000
Sat Aug 23 12:24:52 2025,23-Aug-2025,152456,48 45.453000 N,064 3.699800 W,2.1,31.3,A,Depth,Depth,89.166667,D,S,200103.000000
Sat Aug 23 12:24:52 2025,23-Aug-2025,152457,48 45.453500 N,064 3.699500 W,2.1,31.2,A,Depth,Depth,89.166667,D,S,200103.000000
Sat Aug 23 12:24:59 2025,23-Aug-2025,152458,48 45.454100 N,064 3.699100 W,2.1,31.2,A,Depth,Depth,87.962963,D,S,199975.000000
Sat Aug 23 12:24:59 2025,23-Aug-2025,152459,48 45.454700 N,064 3.698700 W,2.1,31.2,A,Depth,Depth,87.962963,D,S,199975.000000
Sat Aug 23 12:25:01 2025,23-Aug-2025,152500,48 45.455200 N,064 3.698300 W,2.1,30.9,A,Primary,Headline,1.877551,D,P,333360.000000
Sat Aug 23 12:25:01 2025,23-Aug-2025,152501,48 45.455800 N,064 3.697800 W,2.1,30.8,A,Primary,Headline,1.877551,D,P,333360.000000
Sat Aug 23 12:25:01 2025,23-Aug-2025,152502,48 45.456400 N,064 3.697100 W,2.1,30.6,A,Primary,Headline,1.877551,D,P,333360.000000
Sat Aug 23 12:25:01 2025,23-Aug-2025,152503,48 45.457000 N,064 3.696400 W,2.1,30.4,A,Primary,Headline,1.877551,D,P,333360.000000
Sat Aug 23 12:25:01 2025,23-Aug-2025,152504,48 45.457600 N,064 3.695800 W,2.1,30.2,A,Primary,Headline,1.877551,D,P,333360.000000
Sat Aug 23 12:25:07 2025,23-Aug-2025,152505,48 45.458100 N,064 3.695200 W,2.2,30.1,A,Depth,Depth,90.648148,D,P,157625.000000
Sat Aug 23 12:25:07 2025,23-Aug-2025,152506,48 45.458700 N,064 3.694600 W,2.2,29.8,A,Depth,Depth,90.648148,D,P,157625.000000
Sat Aug 23 12:25:07 2025,23-Aug-2025,152507,48 45.459300 N,064 3.694000 W,2.2,29.4,A,Depth,Depth,90.648148,D,P,157625.000000
Sat Aug 23 12:25:07 2025,23-Aug-2025,152508,48 45.459800 N,064 3.693500 W,2.2,29.4,A,Depth,Depth,90.648148,D,P,157625.000000
Sat Aug 23 12:25:07 2025,23-Aug-2025,152509,48 45.460300 N,064 3.693000 W,2.2,29.6,A,Depth,Depth,90.648148,D,P,157625.000000
Sat Aug 23 12:25:11 2025,23-Aug-2025,152510,48 45.460900 N,064 3.692600 W,2.2,29.5,A,Primary,Headline,1.836735,D,P,206455.000000
Sat Aug 23 12:25:11 2025,23-Aug-2025,152511,48 45.461500 N,064 3.692200 W,2.2,29.4,A,Primary,Headline,1.836735,D,P,206455.000000
Sat Aug 23 12:25:11 2025,23-Aug-2025,152512,48 45.462100 N,064 3.691700 W,2.2,29.6,A,Primary,Headline,1.836735,D,P,206455.000000
Sat Aug 23 12:25:14 2025,23-Aug-2025,152513,48 45.462600 N,064 3.691000 W,2.2,30.1,A,Depth,Depth,86.574074,D,S,316211.000000
Sat Aug 23 12:25:14 2025,23-Aug-2025,152514,48 45.463200 N,064 3.690400 W,2.2,30.3,A,Depth,Depth,86.574074,D,S,316211.000000
Sat Aug 23 12:25:16 2025,23-Aug-2025,152515,48 45.463800 N,064 3.690000 W,2.2,30.5,A,Primary,Headline,1.775510,D,P,287926.000000
Sat Aug 23 12:25:16 2025,23-Aug-2025,152516,48 45.464300 N,064 3.689600 W,2.2,30.6,A,Primary,Headline,1.775510,D,P,287926.000000
Sat Aug 23 12:25:16 2025,23-Aug-2025,152517,48 45.464800 N,064 3.689200 W,2.2,30.9,A,Primary,Headline,1.775510,D,P,287926.000000
Sat Aug 23 12:25:16 2025,23-Aug-2025,152518,48 45.465200 N,064 3.688800 W,2.2,31.5,A,Primary,Headline,1.775510,D,P,287926.000000
Sat Aug 23 12:25:20 2025,23-Aug-2025,152519,48 45.465700 N,064 3.688300 W,2.2,32.0,A,Primary,Headline,1.265306,D,S,370033.000000
Sat Aug 23 12:25:22 2025,23-Aug-2025,152520,48 45.466300 N,064 3.687800 W,2.2,32.2,A,Depth,Depth,92.314815,D,P,168626.000000
Sat Aug 23 12:25:22 2025,23-Aug-2025,152521,48 45.466800 N,064 3.687400 W,2.2,32.3,A,Depth,Depth,92.314815,D,P,168626.000000
Sat Aug 23 12:25:22 2025,23-Aug-2025,152522,48 45.467400 N,064 3.686900 W,2.2,32.5,A,Depth,Depth,92.314815,D,P,168626.000000
Sat Aug 23 12:25:22 2025,23-Aug-2025,152523,48 45.468000 N,064 3.686500 W,2.3,32.9,A,Depth,Depth,92.314815,D,P,168626.000000
Sat Aug 23 12:25:22 2025,23-Aug-2025,152524,48 45.468700 N,064 3.686100 W,2.2,32.9,A,Depth,Depth,92.314815,D,P,168626.000000
Sat Aug 23 12:25:26 2025,23-Aug-2025,152525,48 45.469400 N,064 3.685800 W,2.2,32.5,A,Primary,Headline,1.795918,D,S,161446.000000
Sat Aug 23 12:25:26 2025,23-Aug-2025,152526,48 45.470000 N,064 3.685500 W,2.2,32.2,A,Primary,Headline,1.795918,D,S,161446.000000
Sat Aug 23 12:25:28 2025,23-Aug-2025,152527,48 45.470500 N,064 3.685200 W,2.1,32.1,A,Depth,Depth,84.537037,D,P,227562.000000
Sat Aug 23 12:25:28 2025,23-Aug-2025,152528,48 45.471100 N,064 3.684800 W,2.1,32.2,A,Depth,Depth,84.537037,D,P,227562.000000
Sat Aug 23 12:25:28 2025,23-Aug-2025,152529,48 45.471500 N,064 3.684400 W,2.1,32.2,A,Depth,Depth,84.537037,D,P,227562.000000
Sat Aug 23 12:25:31 2025,23-Aug-2025,152530,48 45.472100 N,064 3.684000 W,2.1,31.9,A,Primary,Headline,1.693878,D,P,216841.000000
Sat Aug 23 12:25:31 2025,23-Aug-2025,152531,48 45.472500 N,064 3.683500 W,2.1,31.6,A,Primary,Headline,1.693878,D,P,216841.000000
Sat Aug 23 12:25:31 2025,23-Aug-2025,152532,48 45.473100 N,064 3.683000 W,2.1,31.5,A,Primary,Headline,1.693878,D,P,216841.000000
Sat Aug 23 12:25:31 2025,23-Aug-2025,152533,48 45.473500 N,064 3.682400 W,2.1,31.6,A,Primary,Headline,1.693878,D,P,216841.000000
Sat Aug 23 12:25:36 2025,23-Aug-2025,152534,48 45.474000 N,064 3.681900 W,2.1,31.8,A,Primary,Headline,1.897959,D,P,182104.000000
Sat Aug 23 12:25:36 2025,23-Aug-2025,152535,48 45.474700 N,064 3.681500 W,2.1,31.8,A,Primary,Headline,1.897959,D,P,182104.000000
Sat Aug 23 12:25:36 2025,23-Aug-2025,152536,48 45.475300 N,064 3.681100 W,2.1,31.5,A,Primary,Headline,1.897959,D,P,182104.000000
Sat Aug 23 12:25:36 2025,23-Aug-2025,152537,48 45.475900 N,064 3.680800 W,2.1,31.3,A,Primary,Headline,1.897959,D,P,182104.000000
Sat Aug 23 12:25:36 2025,23-Aug-2025,152538,48 45.476500 N,064 3.680400 W,2.1,31.4,A,Primary,Headline,1.897959,D,P,182104.000000
Sat Aug 23 12:25:36 2025,23-Aug-2025,152539,48 45.477100 N,064 3.679900 W,2.1,31.7,A,Primary,Headline,1.897959,D,P,182104.000000
Sat Aug 23 12:25:41 2025,23-Aug-2025,152540,48 45.477700 N,064 3.679500 W,2.1,31.7,A,Primary,Headline,1.673469,D,S,192667.000000
Sat Aug 23 12:25:41 2025,23-Aug-2025,152541,48 45.478300 N,064 3.679000 W,2.1,31.6,A,Primary,Headline,1.673469,D,S,192667.000000
Sat Aug 23 12:25:43 2025,23-Aug-2025,152542,48 45.478900 N,064 3.678500 W,2.1,31.5,A,Depth,Depth,85.092593,D,S,258522.000000
Sat Aug 23 12:25:43 2025,23-Aug-2025,152543,48 45.479400 N,064 3.678100 W,2.1,31.3,A,Depth,Depth,85.092593,D,S,258522.000000
Sat Aug 23 12:25:43 2025,23-Aug-2025,152544,48 45.480000 N,064 3.677700 W,2.1,31.4,A,Depth,Depth,85.092593,D,S,258522.000000
Sat Aug 23 12:25:46 2025,23-Aug-2025,152545,48 45.480600 N,064 3.677300 W,2.2,31.7,A,Primary,Headline,1.836735,D,S,222190.000000
Sat Aug 23 12:25:46 2025,23-Aug-2025,152546,48 45.481200 N,064 3.677000 W,2.2,31.8,A,Primary,Headline,1.836735,D,S,222190.000000
Sat Aug 23 12:25:46 2025,23-Aug-2025,152547,48 45.481700 N,064 3.676700 W,2.2,31.7,A,Primary,Headline,1.836735,D,S,222190.000000
Sat Aug 23 12:25:46 2025,23-Aug-2025,152548,48 45.482200 N,064 3.676300 W,2.2,31.7,A,Primary,Headline,1.836735,D,S,222190.000000
Sat Aug 23 12:25:51 2025,23-Aug-2025,152549,48 45.482700 N,064 3.676000 W,2.2,32.0,A,Depth,Depth,89.166667,D,P,153583.000000
Sat Aug 23 12:25:52 2025,23-Aug-2025,152550,48 45.483200 N,064 3.675800 W,2.2,32.2,A,Primary,Headline,2.142857,D,S,269088.000000
Sat Aug 23 12:25:52 2025,23-Aug-2025,152551,48 45.483700 N,064 3.675500 W,2.2,32.2,A,Primary,Headline,2.142857,D,S,269088.000000
Sat Aug 23 12:25:52 2025,23-Aug-2025,152552,48 45.484300 N,064 3.675200 W,2.2,32.0,A,Primary,Headline,2.142857,D,S,269088.000000
Sat Aug 23 12:25:52 2025,23-Aug-2025,152553,48 45.484800 N,064 3.674900 W,2.2,31.9,A,Primary,Headline,2.142857,D,S,269088.000000
Sat Aug 23 12:25:52 2025,23-Aug-2025,152554,48 45.485200 N,064 3.674400 W,2.2,32.1,A,Primary,Headline,2.142857,D,S,269088.000000
Sat Aug 23 12:25:56 2025,23-Aug-2025,152555,48 45.485700 N,064 3.673900 W,2.2,32.3,A,Primary,Headline,1.591837,D,P,130088.000000
Sat Aug 23 12:25:56 2025,23-Aug-2025,152556,48 45.486400 N,064 3.673400 W,2.3,32.3,A,Primary,Headline,1.591837,D,P,130088.000000
Sat Aug 23 12:25:58 2025,23-Aug-2025,152557,48 45.487000 N,064 3.673000 W,2.3,32.1,A,Depth,Depth,89.166667,D,P,158852.000000
Sat Aug 23 12:25:58 2025,23-Aug-2025,152558,48 45.487600 N,064 3.672500 W,2.3,32.0,A,Depth,Depth,89.166667,D,P,158852.000000
Sat Aug 23 12:25:58 2025,23-Aug-2025,152559,48 45.488200 N,064 3.671900 W,2.3,32.1,A,Depth,Depth,89.166667,D,P,158852.000000
Sat Aug 23 12:26:01 2025,23-Aug-2025,152600,48 45.488800 N,064 3.671300 W,2.3,32.2,A,Primary,Headline,1.591837,D,P,192531.000000
Sat Aug 23 12:26:01 2025,23-Aug-2025,152601,48 45.489200 N,064 3.670800 W,2.2,32.2,A,Primary,Headline,1.591837,D,P,192531.000000
Sat Aug 23 12:26:01 2025,23-Aug-2025,152602,48 45.489700 N,064 3.670300 W,2.2,32.2,A,Primary,Headline,1.591837,D,P,192531.000000
Sat Aug 23 12:26:01 2025,23-Aug-2025,152603,48 45.490200 N,064 3.669900 W,2.2,32.2,A,Primary,Headline,1.591837,D,P,192531.000000
Sat Aug 23 12:26:05 2025,23-Aug-2025,152604,48 45.490600 N,064 3.669500 W,2.1,32.2,A,Depth,Depth,89.259259,D,S,309606.000000
Sat Aug 23 12:26:06 2025,23-Aug-2025,152605,48 45.491000 N,064 3.669200 W,2.1,32.1,A,Primary,Headline,1.571429,D,S,255698.000000
Sat Aug 23 12:26:06 2025,23-Aug-2025,152606,48 45.491500 N,064 3.668900 W,2.0,32.0,A,Primary,Headline,1.571429,D,S,255698.000000
Sat Aug 23 12:26:06 2025,23-Aug-2025,152607,48 45.491900 N,064 3.668500 W,2.0,31.9,A,Primary,Headline,1.571429,D,S,255698.000000
Sat Aug 23 12:26:06 2025,23-Aug-2025,152608,48 45.492300 N,064 3.668100 W,2.0,31.9,A,Primary,Headline,1.571429,D,S,255698.000000
Sat Aug 23 12:26:06 2025,23-Aug-2025,152609,48 45.492800 N,064 3.667600 W,2.0,31.8,A,Primary,Headline,1.571429,D,S,255698.000000
Sat Aug 23 12:26:11 2025,23-Aug-2025,152610,48 45.493300 N,064 3.667100 W,2.0,31.6,A,Primary,Headline,2.040816,D,P,157628.000000
Sat Aug 23 12:26:12 2025,23-Aug-2025,152611,48 45.493800 N,064 3.666600 W,2.0,31.5,A,Depth,Depth,88.888889,D,S,147678.000000
Sat Aug 23 12:26:12 2025,23-Aug-2025,152612,48 45.494200 N,064 3.666100 W,2.0,31.6,A,Depth,Depth,88.888889,D,S,147678.000000
Sat Aug 23 12:26:12 2025,23-Aug-2025,152613,48 45.494700 N,064 3.665700 W,2.0,31.7,A,Depth,Depth,88.888889,D,S,147678.000000
Sat Aug 23 12:26:12 2025,23-Aug-2025,152614,48 45.495200 N,064 3.665300 W,2.0,31.8,A,Depth,Depth,88.888889,D,S,147678.000000
Sat Aug 23 12:26:16 2025,23-Aug-2025,152615,48 45.495700 N,064 3.664700 W,2.0,31.9,A,Primary,Headline,1.224490,D,P,334139.000000
Sat Aug 23 12:26:16 2025,23-Aug-2025,152616,48 45.496200 N,064 3.664200 W,2.0,31.9,A,Primary,Headline,1.224490,D,P,334139.000000
Sat Aug 23 12:26:16 2025,23-Aug-2025,152617,48 45.496700 N,064 3.663700 W,2.1,31.9,A,Primary,Headline,1.224490,D,P,334139.000000
Sat Aug 23 12:26:20 2025,23-Aug-2025,152618,48 45.497300 N,064 3.663200 W,2.1,31.9,A,Depth,Depth,89.166667,D,P,346011.000000
Sat Aug 23 12:26:20 2025,23-Aug-2025,152619,48 45.497800 N,064 3.662700 W,2.1,32.1,A,Depth,Depth,89.166667,D,P,346011.000000
Sat Aug 23 12:26:21 2025,23-Aug-2025,152620,48 45.498400 N,064 3.662100 W,2.1,32.4,A,Primary,Headline,1.530612,D,P,249852.000000
Sat Aug 23 12:26:21 2025,23-Aug-2025,152621,48 45.498900 N,064 3.661600 W,2.1,32.8,A,Primary,Headline,1.530612,D,P,249852.000000
Sat Aug 23 12:26:21 2025,23-Aug-2025,152622,48 45.499400 N,064 3.661100 W,2.2,33.1,A,Primary,Headline,1.530612,D,P,249852.000000
Sat Aug 23 12:26:21 2025,23-Aug-2025,152623,48 45.499900 N,064 3.660700 W,2.2,33.1,A,Primary,Headline,1.530612,D,P,249852.000000
Sat Aug 23 12:26:21 2025,23-Aug-2025,152624,48 45.500300 N,064 3.660300 W,2.1,33.1,A,Primary,Headline,1.530612,D,P,249852.000000
Sat Aug 23 12:26:26 2025,23-Aug-2025,152625,48 45.500700 N,064 3.659800 W,2.2,33.4,A,Primary,Headline,1.510204,D,S,268168.000000
Sat Aug 23 12:26:27 2025,23-Aug-2025,152626,48 45.501100 N,064 3.659300 W,2.2,33.5,A,Depth,Depth,90.185185,D,S,438246.000000
Sat Aug 23 12:26:27 2025,23-Aug-2025,152627,48 45.501500 N,064 3.658800 W,2.1,33.5,A,Depth,Depth,90.185185,D,S,438246.000000
Sat Aug 23 12:26:27 2025,23-Aug-2025,152628,48 45.501900 N,064 3.658300 W,2.1,33.7,A,Depth,Depth,90.185185,D,S,438246.000000
Sat Aug 23 12:26:27 2025,23-Aug-2025,152629,48 45.502300 N,064 3.657700 W,2.1,33.9,A,Depth,Depth,90.185185,D,S,438246.000000
Sat Aug 23 12:26:31 2025,23-Aug-2025,152630,48 45.502900 N,064 3.657100 W,2.1,33.9,A,Primary,Headline,1.612245,D,P,264068.000000
Sat Aug 23 12:26:31 2025,23-Aug-2025,152631,48 45.503400 N,064 3.656600 W,2.1,33.6,A,Primary,Headline,1.612245,D,P,264068.000000
Sat Aug 23 12:26:31 2025,23-Aug-2025,152632,48 45.503900 N,064 3.656100 W,2.1,33.6,A,Primary,Headline,1.612245,D,P,264068.000000
Sat Aug 23 12:26:35 2025,23-Aug-2025,152633,48 45.504400 N,064 3.655600 W,2.2,33.8,A,Depth,Depth,88.333333,D,S,324676.000000
Sat Aug 23 12:26:35 2025,23-Aug-2025,152634,48 45.505000 N,064 3.655200 W,2.2,33.8,A,Depth,Depth,88.333333,D,S,324676.000000
Sat Aug 23 12:26:37 2025,23-Aug-2025,152635,48 45.505600 N,064 3.654800 W,2.2,33.6,A,Primary,Headline,1.612245,D,P,223988.000000
Sat Aug 23 12:26:37 2025,23-Aug-2025,152636,48 45.506100 N,064 3.654500 W,2.2,33.3,A,Primary,Headline,1.612245,D,P,223988.000000
Sat Aug 23 12:26:37 2025,23-Aug-2025,152637,48 45.506600 N,064 3.654100 W,2.2,33.0,A,Primary,Headline,1.612245,D,P,223988.000000
Sat Aug 23 12:26:37 2025,23-Aug-2025,152638,48 45.507100 N,064 3.653600 W,2.2,32.9,A,Primary,Headline,1.612245,D,P,223988.000000
Sat Aug 23 12:26:37 2025,23-Aug-2025,152639,48 45.507500 N,064 3.653100 W,2.2,33.0,A,Primary,Headline,1.612245,D,P,223988.000000
Sat Aug 23 12:26:42 2025,23-Aug-2025,152640,48 45.508000 N,064 3.652500 W,2.2,32.8,A,Depth,Depth,89.351852,D,P,161145.000000
Sat Aug 23 12:26:42 2025,23-Aug-2025,152641,48 45.508500 N,064 3.652100 W,2.2,32.4,A,Depth,Depth,89.351852,D,P,161145.000000
Sat Aug 23 12:26:42 2025,23-Aug-2025,152642,48 45.509000 N,064 3.651600 W,2.2,32.2,A,Depth,Depth,89.351852,D,P,161145.000000
Sat Aug 23 12:26:42 2025,23-Aug-2025,152643,48 45.509600 N,064 3.651000 W,2.2,32.2,A,Depth,Depth,89.351852,D,P,161145.000000
Sat Aug 23 12:26:42 2025,23-Aug-2025,152644,48 45.510100 N,064 3.650400 W,2.3,32.2,A,Depth,Depth,89.351852,D,P,161145.000000
Sat Aug 23 12:26:47 2025,23-Aug-2025,152645,48 45.510700 N,064 3.649900 W,2.3,31.8,A,Primary,Headline,1.591837,D,P,338009.000000
Sat Aug 23 12:26:47 2025,23-Aug-2025,152646,48 45.511300 N,064 3.649500 W,2.3,31.4,A,Primary,Headline,1.591837,D,P,338009.000000
Sat Aug 23 12:26:47 2025,23-Aug-2025,152647,48 45.511900 N,064 3.648900 W,2.3,31.7,A,Primary,Headline,1.591837,D,P,338009.000000
Sat Aug 23 12:26:49 2025,23-Aug-2025,152648,48 45.512400 N,064 3.648400 W,2.3,31.6,A,Depth,Depth,89.074074,D,P,69758.000000
Sat Aug 23 12:26:49 2025,23-Aug-2025,152649,48 45.513100 N,064 3.647900 W,2.3,31.4,A,Depth,Depth,89.074074,D,P,69758.000000
Sat Aug 23 12:26:52 2025,23-Aug-2025,152650,48 45.513700 N,064 3.647500 W,2.2,31.2,A,Primary,Headline,1.489796,D,S,348709.000000
Sat Aug 23 12:26:52 2025,23-Aug-2025,152651,48 45.514300 N,064 3.647100 W,2.2,31.3,A,Primary,Headline,1.489796,D,S,348709.000000
Sat Aug 23 12:26:52 2025,23-Aug-2025,152652,48 45.514800 N,064 3.646700 W,2.2,31.3,A,Primary,Headline,1.489796,D,S,348709.000000
Sat Aug 23 12:26:52 2025,23-Aug-2025,152653,48 45.515500 N,064 3.646300 W,2.2,31.2,A,Primary,Headline,1.489796,D,S,348709.000000
Sat Aug 23 12:26:52 2025,23-Aug-2025,152654,48 45.516200 N,064 3.646100 W,2.2,31.1,A,Primary,Headline,1.489796,D,S,348709.000000
Sat Aug 23 12:26:56 2025,23-Aug-2025,152655,48 45.516800 N,064 3.645800 W,2.2,30.9,A,Depth,Depth,89.166667,D,P,239583.000000
Sat Aug 23 12:26:56 2025,23-Aug-2025,152656,48 45.517500 N,064 3.645500 W,2.2,30.9,A,Depth,Depth,89.166667,D,P,239583.000000
Sat Aug 23 12:26:56 2025,23-Aug-2025,152657,48 45.518100 N,064 3.645200 W,2.2,30.9,A,Depth,Depth,89.166667,D,P,239583.000000
Sat Aug 23 12:26:56 2025,23-Aug-2025,152658,48 45.518700 N,064 3.644800 W,2.2,31.0,A,Depth,Depth,89.166667,D,P,239583.000000
Sat Aug 23 12:26:56 2025,23-Aug-2025,152659,48 45.519300 N,064 3.644400 W,2.2,31.3,A,Depth,Depth,89.166667,D,P,239583.000000
Sat Aug 23 12:26:56 2025,23-Aug-2025,152700,48 45.520000 N,064 3.644000 W,2.2,31.5,A,Depth,Depth,89.166667,D,P,239583.000000
Sat Aug 23 12:26:56 2025,23-Aug-2025,152701,48 45.520600 N,064 3.643600 W,2.2,31.6,A,Depth,Depth,89.166667,D,P,239583.000000
Sat Aug 23 12:27:04 2025,23-Aug-2025,152702,48 45.521200 N,064 3.643200 W,2.2,31.8,A,Depth,Depth,85.925926,D,S,135700.000000
Sat Aug 23 12:27:04 2025,23-Aug-2025,152703,48 45.521700 N,064 3.642800 W,2.2,31.8,A,Depth,Depth,85.925926,D,S,135700.000000
Sat Aug 23 12:27:04 2025,23-Aug-2025,152704,48 45.522000 N,064 3.642600 W,2.2,31.7,A,Depth,Depth,85.925926,D,S,135700.000000
Sat Aug 23 12:27:06 2025,23-Aug-2025,152705,48 45.522400 N,064 3.642100 W,2.2,31.8,A,Primary,Headline,1.489796,D,P,228779.000000
Sat Aug 23 12:27:06 2025,23-Aug-2025,152706,48 45.522900 N,064 3.641600 W,2.2,31.9,A,Primary,Headline,1.489796,D,P,228779.000000
Sat Aug 23 12:27:06 2025,23-Aug-2025,152707,48 45.523400 N,064 3.641200 W,2.2,31.9,A,Primary,Headline,1.489796,D,P,228779.000000
Sat Aug 23 12:27:06 2025,23-Aug-2025,152708,48 45.523900 N,064 3.640800 W,2.2,31.7,A,Primary,Headline,1.489796,D,P,228779.000000
Sat Aug 23 12:27:06 2025,23-Aug-2025,152709,48 45.524300 N,064 3.640300 W,2.2,31.9,A,Primary,Headline,1.489796,D,P,228779.000000
Sat Aug 23 12:27:12 2025,23-Aug-2025,152710,48 45.524800 N,064 3.639700 W,2.2,32.3,A,Primary,Headline,1.632653,D,S,223838.000000
Sat Aug 23 12:27:12 2025,23-Aug-2025,152711,48 45.525300 N,064 3.639100 W,2.2,32.4,A,Primary,Headline,1.632653,D,S,223838.000000
Sat Aug 23 12:27:12 2025,23-Aug-2025,152712,48 45.525900 N,064 3.638600 W,2.2,32.2,A,Primary,Headline,1.632653,D,S,223838.000000
Sat Aug 23 12:27:12 2025,23-Aug-2025,152713,48 45.526400 N,064 3.638000 W,2.2,32.2,A,Primary,Headline,1.632653,D,S,223838.000000
Sat Aug 23 12:27:12 2025,23-Aug-2025,152714,48 45.527000 N,064 3.637600 W,2.2,32.1,A,Primary,Headline,1.632653,D,S,223838.000000
Sat Aug 23 12:27:17 2025,23-Aug-2025,152715,48 45.527500 N,064 3.637100 W,2.2,32.2,A,Primary,Headline,1.734694,D,P,163467.000000
Sat Aug 23 12:27:17 2025,23-Aug-2025,152716,48 45.527900 N,064 3.636500 W,2.2,32.4,A,Primary,Headline,1.734694,D,P,163467.000000
Sat Aug 23 12:27:19 2025,23-Aug-2025,152717,48 45.528400 N,064 3.635900 W,2.2,32.5,A,Depth,Depth,88.981481,D,P,209192.000000
Sat Aug 23 12:27:19 2025,23-Aug-2025,152718,48 45.528900 N,064 3.635400 W,2.2,32.4,A,Depth,Depth,88.981481,D,P,209192.000000
Sat Aug 23 12:27:19 2025,23-Aug-2025,152719,48 45.529400 N,064 3.635000 W,2.1,32.5,A,Depth,Depth,88.981481,D,P,209192.000000
Sat Aug 23 12:27:22 2025,23-Aug-2025,152720,48 45.529800 N,064 3.634600 W,2.2,32.8,A,Primary,Headline,1.632653,D,P,265952.000000
Sat Aug 23 12:27:22 2025,23-Aug-2025,152721,48 45.530200 N,064 3.634200 W,2.2,32.9,A,Primary,Headline,1.632653,D,P,265952.000000
Sat Aug 23 12:27:22 2025,23-Aug-2025,152722,48 45.530700 N,064 3.633900 W,2.2,32.8,A,Primary,Headline,1.632653,D,P,265952.000000
Sat Aug 23 12:27:22 2025,23-Aug-2025,152723,48 45.531200 N,064 3.633400 W,2.2,32.9,A,Primary,Headline,1.632653,D,P,265952.000000
Sat Aug 23 12:27:26 2025,23-Aug-2025,152724,48 45.531800 N,064 3.632900 W,2.2,32.9,A,Depth,Depth,89.166667,D,P,190841.000000
Sat Aug 23 12:27:27 2025,23-Aug-2025,152725,48 45.532200 N,064 3.632300 W,2.2,32.8,A,Primary,Headline,1.387755,D,S,180981.000000
Sat Aug 23 12:27:27 2025,23-Aug-2025,152726,48 45.532700 N,064 3.631800 W,2.2,32.7,A,Primary,Headline,1.387755,D,S,180981.000000
Sat Aug 23 12:27:27 2025,23-Aug-2025,152727,48 45.533200 N,064 3.631300 W,2.2,32.6,A,Primary,Headline,1.387755,D,S,180981.000000
Sat Aug 23 12:27:27 2025,23-Aug-2025,152728,48 45.533800 N,064 3.630800 W,2.2,32.6,A,Primary,Headline,1.387755,D,S,180981.000000
Sat Aug 23 12:27:27 2025,23-Aug-2025,152729,48 45.534300 N,064 3.630300 W,2.2,32.6,A,Primary,Headline,1.387755,D,S,180981.000000
Sat Aug 23 12:27:32 2025,23-Aug-2025,152730,48 45.534800 N,064 3.629800 W,2.2,32.5,A,Primary,Headline,1.612245,D,S,177638.000000
Sat Aug 23 12:27:32 2025,23-Aug-2025,152731,48 45.535400 N,064 3.629400 W,2.2,32.3,A,Primary,Headline,1.612245,D,S,177638.000000
Sat Aug 23 12:27:33 2025,23-Aug-2025,152732,48 45.536100 N,064 3.629000 W,2.2,32.4,A,Depth,Depth,89.444444,D,P,138446.000000
Sat Aug 23 12:27:33 2025,23-Aug-2025,152733,48 45.536700 N,064 3.628300 W,2.3,32.3,A,Depth,Depth,89.444444,D,P,138446.000000
Sat Aug 23 12:27:33 2025,23-Aug-2025,152734,48 45.537300 N,064 3.627700 W,2.3,32.3,A,Depth,Depth,89.444444,D,P,138446.000000
Sat Aug 23 12:27:37 2025,23-Aug-2025,152735,48 45.537900 N,064 3.627100 W,2.3,32.4,A,Primary,Headline,1.306122,D,P,241041.000000
Sat Aug 23 12:27:37 2025,23-Aug-2025,152736,48 45.538500 N,064 3.626500 W,2.3,32.7,A,Primary,Headline,1.306122,D,P,241041.000000
Sat Aug 23 12:27:37 2025,23-Aug-2025,152737,48 45.539200 N,064 3.625900 W,2.3,32.7,A,Primary,Headline,1.306122,D,P,241041.000000
Sat Aug 23 12:27:37 2025,23-Aug-2025,152738,48 45.539700 N,064 3.625300 W,2.3,32.7,A,Primary,Headline,1.306122,D,P,241041.000000
Sat Aug 23 12:27:40 2025,23-Aug-2025,152739,48 45.540200 N,064 3.624800 W,2.3,32.5,A,Depth,Depth,88.888889,D,P,77460.000000
Sat Aug 23 12:27:42 2025,23-Aug-2025,152740,48 45.540700 N,064 3.624400 W,2.3,32.3,A,Primary,Headline,1.714286,D,P,145173.000000
Sat Aug 23 12:27:42 2025,23-Aug-2025,152741,48 45.541100 N,064 3.623900 W,2.3,32.4,A,Primary,Headline,1.714286,D,P,145173.000000
Sat Aug 23 12:27:42 2025,23-Aug-2025,152742,48 45.541600 N,064 3.623500 W,2.2,32.4,A,Primary,Headline,1.714286,D,P,145173.000000
Sat Aug 23 12:27:42 2025,23-Aug-2025,152743,48 45.542100 N,064 3.623100 W,2.2,32.3,A,Primary,Headline,1.714286,D,P,145173.000000
Sat Aug 23 12:27:42 2025,23-Aug-2025,152744,48 45.542600 N,064 3.622700 W,2.2,32.4,A,Primary,Headline,1.714286,D,P,145173.000000
Sat Aug 23 12:27:46 2025,23-Aug-2025,152745,48 45.543100 N,064 3.622100 W,2.1,32.4,A,Primary,Headline,1.653061,D,P,218308.000000
Sat Aug 23 12:27:47 2025,23-Aug-2025,152746,48 45.543600 N,064 3.621600 W,2.1,32.5,A,Primary,Headline,1.816327,D,S,332750.000000
Sat Aug 23 12:27:48 2025,23-Aug-2025,152747,48 45.544200 N,064 3.621100 W,2.1,32.7,A,Depth,Depth,89.166667,D,S,296268.000000
Sat Aug 23 12:27:48 2025,23-Aug-2025,152748,48 45.544800 N,064 3.620500 W,2.1,32.7,A,Depth,Depth,89.166667,D,S,296268.000000
Sat Aug 23 12:27:48 2025,23-Aug-2025,152749,48 45.545300 N,064 3.620000 W,2.1,32.7,A,Depth,Depth,89.166667,D,S,296268.000000
Sat Aug 23 12:27:52 2025,23-Aug-2025,152750,48 45.545900 N,064 3.619600 W,2.1,32.7,A,Primary,Headline,1.693878,D,S,200376.000000
Sat Aug 23 12:27:52 2025,23-Aug-2025,152751,48 45.546400 N,064 3.619200 W,2.0,32.6,A,Primary,Headline,1.693878,D,S,200376.000000
Sat Aug 23 12:27:52 2025,23-Aug-2025,152752,48 45.546900 N,064 3.618800 W,2.0,32.5,A,Primary,Headline,1.693878,D,S,200376.000000
Sat Aug 23 12:27:52 2025,23-Aug-2025,152753,48 45.547300 N,064 3.618500 W,2.1,32.4,A,Primary,Headline,1.693878,D,S,200376.000000
Sat Aug 23 12:27:55 2025,23-Aug-2025,152754,48 45.547800 N,064 3.618100 W,2.1,32.3,A,Depth,Depth,89.074074,D,S,265272.000000
Sat Aug 23 12:27:57 2025,23-Aug-2025,152755,48 45.548300 N,064 3.617900 W,2.1,32.2,A,Primary,Headline,1.755102,D,P,256737.000000
Sat Aug 23 12:27:57 2025,23-Aug-2025,152756,48 45.548700 N,064 3.617600 W,2.1,32.2,A,Primary,Headline,1.755102,D,P,256737.000000
Sat Aug 23 12:27:57 2025,23-Aug-2025,152757,48 45.549100 N,064 3.617300 W,2.1,32.2,A,Primary,Headline,1.755102,D,P,256737.000000
Sat Aug 23 12:27:57 2025,23-Aug-2025,152758,48 45.549500 N,064 3.616800 W,2.0,32.3,A,Primary,Headline,1.755102,D,P,256737.000000
Sat Aug 23 12:27:57 2025,23-Aug-2025,152759,48 45.550000 N,064 3.616500 W,2.1,32.3,A,Primary,Headline,1.755102,D,P,256737.000000
Sat Aug 23 12:28:02 2025,23-Aug-2025,152800,48 45.550400 N,064 3.616100 W,2.0,32.4,A,Primary,Headline,1.408163,D,P,221653.000000
Sat Aug 23 12:28:03 2025,23-Aug-2025,152801,48 45.550800 N,064 3.615700 W,2.0,32.4,A,Depth,Depth,89.166667,D,P,195152.000000
Sat Aug 23 12:28:03 2025,23-Aug-2025,152802,48 45.551300 N,064 3.615200 W,2.0,32.5,A,Depth,Depth,89.166667,D,P,195152.000000
Sat Aug 23 12:28:03 2025,23-Aug-2025,152803,48 45.551700 N,064 3.614500 W,2.0,33.1,A,Depth,Depth,89.166667,D,P,195152.000000
Sat Aug 23 12:28:03 2025,23-Aug-2025,152804,48 45.552000 N,064 3.614000 W,2.0,33.6,A,Depth,Depth,89.166667,D,P,195152.000000
Sat Aug 23 12:28:03 2025,23-Aug-2025,152805,48 45.552500 N,064 3.613500 W,2.0,33.7,A,Depth,Depth,89.166667,D,P,195152.000000
Sat Aug 23 12:28:07 2025,23-Aug-2025,152806,48 45.552900 N,064 3.613100 W,2.0,33.6,A,Primary,Headline,1.918367,D,P,202030.000000
Sat Aug 23 12:28:07 2025,23-Aug-2025,152807,48 45.553300 N,064 3.612600 W,2.0,33.5,A,Primary,Headline,1.918367,D,P,202030.000000
Sat Aug 23 12:28:10 2025,23-Aug-2025,152808,48 45.553800 N,064 3.612000 W,2.1,33.5,A,Depth,Depth,88.981481,D,P,186510.000000
Sat Aug 23 12:28:10 2025,23-Aug-2025,152809,48 45.554300 N,064 3.611300 W,2.1,33.5,A,Depth,Depth,88.981481,D,P,186510.000000
Sat Aug 23 12:28:10 2025,23-Aug-2025,152810,48 45.554800 N,064 3.610800 W,2.1,33.4,A,Depth,Depth,88.981481,D,P,186510.000000
Sat Aug 23 12:28:12 2025,23-Aug-2025,152811,48 45.555300 N,064 3.610400 W,2.1,33.2,A,Primary,Headline,1.775510,D,P,244211.000000
Sat Aug 23 12:28:12 2025,23-Aug-2025,152812,48 45.556000 N,064 3.610000 W,2.1,33.1,A,Primary,Headline,1.775510,D,P,244211.000000
Sat Aug 23 12:28:12 2025,23-Aug-2025,152813,48 45.556600 N,064 3.609600 W,2.1,33.1,A,Primary,Headline,1.775510,D,P,244211.000000
Sat Aug 23 12:28:12 2025,23-Aug-2025,152814,48 45.557200 N,064 3.609300 W,2.2,32.9,A,Primary,Headline,1.775510,D,P,244211.000000
Sat Aug 23 12:28:16 2025,23-Aug-2025,152815,48 45.557800 N,064 3.609000 W,2.2,32.8,A,Primary,Headline,1.918367,D,P,142325.000000
Sat Aug 23 12:28:17 2025,23-Aug-2025,152816,48 45.558300 N,064 3.608500 W,2.2,33.1,A,Primary,Headline,1.836735,D,S,82824.000000
Sat Aug 23 12:28:17 2025,23-Aug-2025,152817,48 45.558800 N,064 3.608000 W,2.2,33.4,A,Primary,Headline,1.836735,D,S,82824.000000
Sat Aug 23 12:28:17 2025,23-Aug-2025,152818,48 45.559400 N,064 3.607600 W,2.2,33.4,A,Primary,Headline,1.836735,D,S,82824.000000
Sat Aug 23 12:28:17 2025,23-Aug-2025,152819,48 45.560000 N,064 3.607000 W,2.2,33.5,A,Primary,Headline,1.836735,D,S,82824.000000
Sat Aug 23 12:28:17 2025,23-Aug-2025,152820,48 45.560600 N,064 3.606300 W,2.3,33.6,A,Primary,Headline,1.836735,D,S,82824.000000
Sat Aug 23 12:28:22 2025,23-Aug-2025,152821,48 45.561300 N,064 3.605600 W,2.3,33.6,A,Primary,Headline,1.714286,D,P,201973.000000
Sat Aug 23 12:28:22 2025,23-Aug-2025,152822,48 45.561900 N,064 3.604900 W,2.3,33.7,A,Primary,Headline,1.714286,D,P,201973.000000
Sat Aug 23 12:28:22 2025,23-Aug-2025,152823,48 45.562500 N,064 3.604400 W,2.3,33.6,A,Primary,Headline,1.714286,D,P,201973.000000
Sat Aug 23 12:28:22 2025,23-Aug-2025,152824,48 45.563200 N,064 3.604000 W,2.4,33.3,A,Primary,Headline,1.714286,D,P,201973.000000
Sat Aug 23 12:28:22 2025,23-Aug-2025,152825,48 45.563900 N,064 3.603700 W,2.3,33.0,A,Primary,Headline,1.714286,D,P,201973.000000
Sat Aug 23 12:28:27 2025,23-Aug-2025,152826,48 45.564500 N,064 3.603300 W,2.4,33.1,A,Primary,Headline,1.836735,D,P,119164.000000
Sat Aug 23 12:28:27 2025,23-Aug-2025,152827,48 45.565000 N,064 3.602800 W,2.4,33.4,A,Primary,Headline,1.836735,D,P,119164.000000
Sat Aug 23 12:28:27 2025,23-Aug-2025,152828,48 45.565700 N,064 3.602600 W,2.3,33.4,A,Primary,Headline,1.836735,D,P,119164.000000
Sat Aug 23 12:28:27 2025,23-Aug-2025,152829,48 45.566300 N,064 3.602300 W,2.3,33.1,A,Primary,Headline,1.836735,D,P,119164.000000
Sat Aug 23 12:28:32 2025,23-Aug-2025,152830,48 45.566800 N,064 3.601900 W,2.2,33.0,A,Primary,Headline,1.571429,D,P,197058.000000
Sat Aug 23 12:28:32 2025,23-Aug-2025,152831,48 45.567400 N,064 3.601400 W,2.2,33.0,A,Primary,Headline,1.571429,D,P,197058.000000
Sat Aug 23 12:28:32 2025,23-Aug-2025,152832,48 45.567900 N,064 3.601000 W,2.1,32.9,A,Primary,Headline,1.571429,D,P,197058.000000
Sat Aug 23 12:28:32 2025,23-Aug-2025,152833,48 45.568400 N,064 3.600600 W,2.1,32.8,A,Primary,Headline,1.571429,D,P,197058.000000
Sat Aug 23 12:28:32 2025,23-Aug-2025,152834,48 45.568900 N,064 3.600300 W,2.0,32.7,A,Primary,Headline,1.571429,D,P,197058.000000
Sat Aug 23 12:28:32 2025,23-Aug-2025,152835,48 45.569400 N,064 3.599800 W,2.0,32.3,A,Primary,Headline,1.571429,D,P,197058.000000
Sat Aug 23 12:28:37 2025,23-Aug-2025,152836,48 45.569900 N,064 3.599300 W,2.0,32.1,A,Primary,Headline,1.775510,D,P,295410.000000
Sat Aug 23 12:28:37 2025,23-Aug-2025,152837,48 45.570300 N,064 3.598700 W,2.1,32.3,A,Primary,Headline,1.775510,D,P,295410.000000
Sat Aug 23 12:28:39 2025,23-Aug-2025,152838,48 45.570800 N,064 3.598100 W,2.1,32.4,A,Depth,Depth,88.425926,D,P,148184.000000
Sat Aug 23 12:28:39 2025,23-Aug-2025,152839,48 45.571300 N,064 3.597700 W,2.0,32.1,A,Depth,Depth,88.425926,D,P,148184.000000
Sat Aug 23 12:28:39 2025,23-Aug-2025,152840,48 45.571800 N,064 3.597300 W,2.0,32.0,A,Depth,Depth,88.425926,D,P,148184.000000
Sat Aug 23 12:28:42 2025,23-Aug-2025,152841,48 45.572100 N,064 3.596800 W,2.0,32.2,A,Primary,Headline,1.612245,D,P,176658.000000
Sat Aug 23 12:28:42 2025,23-Aug-2025,152842,48 45.572600 N,064 3.596300 W,2.0,32.0,A,Primary,Headline,1.612245,D,P,176658.000000
Sat Aug 23 12:28:42 2025,23-Aug-2025,152843,48 45.573000 N,064 3.595800 W,2.0,32.0,A,Primary,Headline,1.612245,D,P,176658.000000
Sat Aug 23 12:28:42 2025,23-Aug-2025,152844,48 45.573400 N,064 3.595300 W,2.0,32.1,A,Primary,Headline,1.612245,D,P,176658.000000
Sat Aug 23 12:28:46 2025,23-Aug-2025,152845,48 45.573700 N,064 3.594800 W,1.9,32.2,A,Depth,Depth,89.351852,D,P,123209.000000
Sat Aug 23 12:28:47 2025,23-Aug-2025,152846,48 45.574200 N,064 3.594400 W,2.0,32.1,A,Primary,Headline,2.489796,D,S,123352.000000
Sat Aug 23 12:28:47 2025,23-Aug-2025,152847,48 45.574700 N,064 3.593800 W,2.1,31.7,A,Primary,Headline,2.489796,D,S,123352.000000
Sat Aug 23 12:28:47 2025,23-Aug-2025,152848,48 45.575300 N,064 3.593200 W,2.3,31.5,A,Primary,Headline,2.489796,D,S,123352.000000
Sat Aug 23 12:28:47 2025,23-Aug-2025,152849,48 45.575900 N,064 3.592300 W,2.5,31.8,A,Primary,Headline,2.489796,D,S,123352.000000
Sat Aug 23 12:28:47 2025,23-Aug-2025,152850,48 45.576600 N,064 3.591400 W,2.7,32.2,A,Primary,Headline,2.489796,D,S,123352.000000
Sat Aug 23 12:28:52 2025,23-Aug-2025,152851,48 45.577400 N,064 3.590300 W,2.9,32.9,A,Primary,Headline,1.612245,D,S,203019.000000
Sat Aug 23 12:28:53 2025,23-Aug-2025,152852,48 45.578300 N,064 3.589200 W,3.1,33.6,A,Depth,Depth,87.314815,D,S,413684.000000
Sat Aug 23 12:28:53 2025,23-Aug-2025,152853,48 45.579100 N,064 3.588100 W,3.3,33.5,A,Depth,Depth,87.314815,D,S,413684.000000
Sat Aug 23 12:28:53 2025,23-Aug-2025,152854,48 45.580100 N,064 3.587100 W,3.4,33.3,A,Depth,Depth,87.314815,D,S,413684.000000
Sat Aug 23 12:28:53 2025,23-Aug-2025,152855,48 45.581100 N,064 3.586000 W,3.5,33.1,A,Depth,Depth,87.314815,D,S,413684.000000
Sat Aug 23 12:28:57 2025,23-Aug-2025,152856,48 45.582200 N,064 3.584900 W,3.7,32.6,A,Primary,Headline,1.551020,D,S,244722.000000
Sat Aug 23 12:28:57 2025,23-Aug-2025,152857,48 45.583300 N,064 3.584000 W,3.8,32.1,A,Primary,Headline,1.551020,D,S,244722.000000
Sat Aug 23 12:28:57 2025,23-Aug-2025,152858,48 45.584300 N,064 3.583100 W,3.9,31.9,A,Primary,Headline,1.551020,D,S,244722.000000
Sat Aug 23 12:28:57 2025,23-Aug-2025,152859,48 45.585400 N,064 3.582100 W,3.9,31.7,A,Primary,Headline,1.551020,D,S,244722.000000
Sat Aug 23 12:29:01 2025,23-Aug-2025,152900,48 45.586500 N,064 3.581300 W,4.0,31.2,A,Depth,Depth,81.111111,D,P,71700.000000
Sat Aug 23 12:29:02 2025,23-Aug-2025,152901,48 45.587600 N,064 3.580500 W,4.1,30.7,A,Primary,Headline,2.897959,D,S,283885.000000
Sat Aug 23 12:29:02 2025,23-Aug-2025,152902,48 45.588700 N,064 3.579700 W,4.1,30.1,A,Primary,Headline,2.897959,D,S,283885.000000
Sat Aug 23 12:29:02 2025,23-Aug-2025,152903,48 45.589800 N,064 3.579000 W,4.1,29.6,A,Primary,Headline,2.897959,D,S,283885.000000
Sat Aug 23 12:29:02 2025,23-Aug-2025,152904,48 45.590900 N,064 3.578200 W,4.1,29.8,A,Primary,Headline,2.897959,D,S,283885.000000
Sat Aug 23 12:29:02 2025,23-Aug-2025,152905,48 45.592000 N,064 3.577400 W,4.1,29.8,A,Primary,Headline,2.897959,D,S,283885.000000
Sat Aug 23 12:29:07 2025,23-Aug-2025,152906,48 45.593100 N,064 3.576800 W,4.0,29.5,A,Primary,Headline,18.081633,D,P,227796.000000
Sat Aug 23 12:29:08 2025,23-Aug-2025,152907,48 45.594100 N,064 3.576200 W,3.9,29.4,A,Depth,Depth,82.777778,D,P,137491.000000
Sat Aug 23 12:29:08 2025,23-Aug-2025,152908,48 45.595000 N,064 3.575600 W,3.8,29.2,A,Depth,Depth,82.777778,D,P,137491.000000
Sat Aug 23 12:29:08 2025,23-Aug-2025,152909,48 45.595900 N,064 3.575000 W,3.8,29.0,A,Depth,Depth,82.777778,D,P,137491.000000
Sat Aug 23 12:29:08 2025,23-Aug-2025,152910,48 45.596700 N,064 3.574400 W,3.7,28.8,A,Depth,Depth,82.777778,D,P,137491.000000
Sat Aug 23 12:29:12 2025,23-Aug-2025,152911,48 45.597500 N,064 3.573800 W,3.5,28.8,A,Primary,Headline,7.612245,D,S,238827.000000
Sat Aug 23 12:29:12 2025,23-Aug-2025,152912,48 45.598100 N,064 3.573400 W,3.4,28.4,A,Primary,Headline,7.612245,D,S,238827.000000
Sat Aug 23 12:29:12 2025,23-Aug-2025,152913,48 45.598700 N,064 3.573000 W,3.2,28.0,A,Primary,Headline,7.612245,D,S,238827.000000
Sat Aug 23 12:29:15 2025,23-Aug-2025,152914,48 45.599300 N,064 3.572300 W,3.2,27.9,A,Depth,Depth,80.740741,D,S,150546.000000
Sat Aug 23 12:29:15 2025,23-Aug-2025,152915,48 45.599900 N,064 3.571600 W,3.1,27.8,A,Depth,Depth,80.740741,D,S,150546.000000
Sat Aug 23 12:29:18 2025,23-Aug-2025,152916,48 45.600600 N,064 3.571000 W,3.1,27.8,A,Primary,Headline,9.102041,D,S,195301.000000
Sat Aug 23 12:29:18 2025,23-Aug-2025,152917,48 45.601200 N,064 3.570300 W,3.0,28.0,A,Primary,Headline,9.102041,D,S,195301.000000
Sat Aug 23 12:29:18 2025,23-Aug-2025,152918,48 45.601800 N,064 3.569700 W,3.0,28.3,A,Primary,Headline,9.102041,D,S,195301.000000
Sat Aug 23 12:29:18 2025,23-Aug-2025,152919,48 45.602500 N,064 3.569100 W,3.0,28.5,A,Primary,Headline,9.102041,D,S,195301.000000
Sat Aug 23 12:29:18 2025,23-Aug-2025,152920,48 45.603200 N,064 3.568300 W,2.9,28.8,A,Primary,Headline,9.102041,D,S,195301.000000
Sat Aug 23 12:29:23 2025,23-Aug-2025,152921,48 45.603800 N,064 3.567700 W,2.9,29.3,A,Primary,Headline,11.163265,D,P,106307.000000
Sat Aug 23 12:29:23 2025,23-Aug-2025,152922,48 45.604400 N,064 3.566900 W,2.9,29.9,A,Primary,Headline,11.163265,D,P,106307.000000
Sat Aug 23 12:29:23 2025,23-Aug-2025,152923,48 45.605100 N,064 3.566200 W,2.9,30.2,A,Primary,Headline,11.163265,D,P,106307.000000
Sat Aug 23 12:29:23 2025,23-Aug-2025,152924,48 45.605800 N,064 3.565800 W,2.9,30.2,A,Primary,Headline,11.163265,D,P,106307.000000
Sat Aug 23 12:29:23 2025,23-Aug-2025,152925,48 45.606400 N,064 3.565400 W,2.8,30.4,A,Primary,Headline,11.163265,D,P,106307.000000
Sat Aug 23 12:29:23 2025,23-Aug-2025,152926,48 45.607000 N,064 3.564800 W,2.8,30.8,A,Primary,Headline,11.163265,D,P,106307.000000
Sat Aug 23 12:29:28 2025,23-Aug-2025,152927,48 45.607600 N,064 3.564300 W,2.8,31.1,A,Primary,Headline,12.408163,D,S,174882.000000
Sat Aug 23 12:29:28 2025,23-Aug-2025,152928,48 45.608100 N,064 3.563700 W,2.8,31.2,A,Primary,Headline,12.408163,D,S,174882.000000
Sat Aug 23 12:29:30 2025,23-Aug-2025,152929,48 45.608700 N,064 3.563000 W,2.8,31.3,A,Depth,Depth,73.333333,D,P,292495.000000
Sat Aug 23 12:29:30 2025,23-Aug-2025,152930,48 45.609400 N,064 3.562300 W,2.8,31.3,A,Depth,Depth,73.333333,D,P,292495.000000
Sat Aug 23 12:29:30 2025,23-Aug-2025,152931,48 45.610000 N,064 3.561600 W,2.9,31.2,A,Depth,Depth,73.333333,D,P,292495.000000
Sat Aug 23 12:29:33 2025,23-Aug-2025,152932,48 45.610600 N,064 3.561000 W,2.8,31.1,A,Primary,Headline,13.836735,D,S,367879.000000
Sat Aug 23 12:29:33 2025,23-Aug-2025,152933,48 45.611300 N,064 3.560200 W,2.9,31.3,A,Primary,Headline,13.836735,D,S,367879.000000
Sat Aug 23 12:29:33 2025,23-Aug-2025,152934,48 45.612000 N,064 3.559500 W,2.9,31.3,A,Primary,Headline,13.836735,D,S,367879.000000
Sat Aug 23 12:29:33 2025,23-Aug-2025,152935,48 45.612700 N,064 3.558800 W,2.9,31.1,A,Primary,Headline,13.836735,D,S,367879.000000
Sat Aug 23 12:29:37 2025,23-Aug-2025,152936,48 45.613400 N,064 3.558400 W,2.8,30.9,A,Depth,Depth,127.777778,D,S,17207.000000
Sat Aug 23 12:29:39 2025,23-Aug-2025,152937,48 45.614000 N,064 3.557900 W,2.8,30.9,A,Primary,Headline,16.714286,D,S,84240.000000
Sat Aug 23 12:29:39 2025,23-Aug-2025,152938,48 45.614700 N,064 3.557300 W,2.8,30.9,A,Primary,Headline,16.714286,D,S,84240.000000
Sat Aug 23 12:29:39 2025,23-Aug-2025,152939,48 45.615400 N,064 3.556800 W,2.8,30.6,A,Primary,Headline,16.714286,D,S,84240.000000
Sat Aug 23 12:29:39 2025,23-Aug-2025,152940,48 45.616200 N,064 3.556400 W,2.8,30.2,A,Primary,Headline,16.714286,D,S,84240.000000
Sat Aug 23 12:29:39 2025,23-Aug-2025,152941,48 45.616900 N,064 3.556000 W,2.8,30.0,A,Primary,Headline,16.714286,D,S,84240.000000
Sat Aug 23 12:29:44 2025,23-Aug-2025,152942,48 45.617500 N,064 3.555400 W,2.8,29.9,A,Primary,Headline,14.857143,D,S,265105.000000
Sat Aug 23 12:29:45 2025,23-Aug-2025,152943,48 45.618100 N,064 3.554900 W,2.7,29.8,A,Depth,Depth,15.000000,D,S,230281.000000
Sat Aug 23 12:29:45 2025,23-Aug-2025,152944,48 45.618700 N,064 3.554400 W,2.7,29.6,A,Depth,Depth,15.000000,D,S,230281.000000
Sat Aug 23 12:29:45 2025,23-Aug-2025,152945,48 45.619300 N,064 3.554000 W,2.7,29.4,A,Depth,Depth,15.000000,D,S,230281.000000
Sat Aug 23 12:29:45 2025,23-Aug-2025,152946,48 45.619900 N,064 3.553500 W,2.7,29.2,A,Depth,Depth,15.000000,D,S,230281.000000
Sat Aug 23 12:29:45 2025,23-Aug-2025,152947,48 45.620600 N,064 3.553100 W,2.7,29.0,A,Depth,Depth,15.000000,D,S,230281.000000
Sat Aug 23 12:29:49 2025,23-Aug-2025,152948,48 45.621200 N,064 3.552700 W,2.7,28.9,A,Primary,Headline,17.306122,D,S,267992.000000
Sat Aug 23 12:29:49 2025,23-Aug-2025,152949,48 45.621800 N,064 3.552200 W,2.7,28.7,A,Primary,Headline,17.306122,D,S,267992.000000
Sat Aug 23 12:29:52 2025,23-Aug-2025,152950,48 45.622500 N,064 3.551600 W,2.7,28.7,A,Depth,Depth,65.092593,D,P,143978.000000
Sat Aug 23 12:29:52 2025,23-Aug-2025,152951,48 45.623100 N,064 3.551100 W,2.7,28.6,A,Depth,Depth,65.092593,D,P,143978.000000
Sat Aug 23 12:29:52 2025,23-Aug-2025,152952,48 45.623700 N,064 3.550600 W,2.7,28.6,A,Depth,Depth,65.092593,D,P,143978.000000
Sat Aug 23 12:29:54 2025,23-Aug-2025,152953,48 45.624300 N,064 3.550200 W,2.7,28.5,A,Primary,Headline,18.448980,D,S,316886.000000
Sat Aug 23 12:29:54 2025,23-Aug-2025,152954,48 45.625000 N,064 3.549800 W,2.7,28.4,A,Primary,Headline,18.448980,D,S,316886.000000
Sat Aug 23 12:29:54 2025,23-Aug-2025,152955,48 45.625600 N,064 3.549300 W,2.7,28.5,A,Primary,Headline,18.448980,D,S,316886.000000
Sat Aug 23 12:29:54 2025,23-Aug-2025,152956,48 45.626200 N,064 3.548800 W,2.7,28.7,A,Primary,Headline,18.448980,D,S,316886.000000
Sat Aug 23 12:29:54 2025,23-Aug-2025,152957,48 45.626800 N,064 3.548300 W,2.7,28.6,A,Primary,Headline,18.448980,D,S,316886.000000
Sat Aug 23 12:30:00 2025,23-Aug-2025,152958,48 45.627500 N,064 3.548000 W,2.7,28.5,A,Primary,Headline,19.571429,D,P,523907.000000
Sat Aug 23 12:30:00 2025,23-Aug-2025,152959,48 45.628200 N,064 3.547600 W,2.7,28.3,A,Primary,Headline,19.571429,D,P,523907.000000
Sat Aug 23 12:30:00 2025,23-Aug-2025,153000,48 45.628900 N,064 3.547300 W,2.7,28.2,A,Primary,Headline,19.571429,D,P,523907.000000
Sat Aug 23 12:30:00 2025,23-Aug-2025,153001,48 45.629600 N,064 3.546700 W,2.7,28.4,A,Primary,Headline,19.571429,D,P,523907.000000
Sat Aug 23 12:30:00 2025,23-Aug-2025,153002,48 45.630300 N,064 3.546100 W,2.7,28.6,A,Primary,Headline,19.571429,D,P,523907.000000
Sat Aug 23 12:30:00 2025,23-Aug-2025,153003,48 45.630900 N,064 3.545600 W,2.7,28.6,A,Primary,Headline,19.571429,D,P,523907.000000
Sat Aug 23 12:30:05 2025,23-Aug-2025,153004,48 45.631500 N,064 3.545100 W,2.6,28.6,A,Primary,Headline,19.938776,D,P,284268.000000
Sat Aug 23 12:30:06 2025,23-Aug-2025,153005,48 45.632100 N,064 3.544400 W,2.6,28.6,A,Depth,Depth,64.074074,D,P,215220.000000
Sat Aug 23 12:30:06 2025,23-Aug-2025,153006,48 45.632700 N,064 3.543800 W,2.6,28.8,A,Depth,Depth,64.074074,D,P,215220.000000
Sat Aug 23 12:30:06 2025,23-Aug-2025,153007,48 45.633300 N,064 3.543200 W,2.6,28.7,A,Depth,Depth,64.074074,D,P,215220.000000
Sat Aug 23 12:30:06 2025,23-Aug-2025,153008,48 45.633800 N,064 3.542700 W,2.5,28.5,A,Depth,Depth,64.074074,D,P,215220.000000
Sat Aug 23 12:30:11 2025,23-Aug-2025,153009,48 45.634400 N,064 3.542300 W,2.5,28.4,A,Primary,Headline,39.326531,D,S,242569.000000
Sat Aug 23 12:30:11 2025,23-Aug-2025,153010,48 45.635000 N,064 3.541900 W,2.5,28.4,A,Primary,Headline,39.326531,D,S,242569.000000
Sat Aug 23 12:30:11 2025,23-Aug-2025,153011,48 45.635500 N,064 3.541400 W,2.5,28.4,A,Primary,Headline,39.326531,D,S,242569.000000
Sat Aug 23 12:30:13 2025,23-Aug-2025,153012,48 45.636100 N,064 3.540900 W,2.5,28.2,A,Depth,Depth,62.870370,D,S,374886.000000
Sat Aug 23 12:30:13 2025,23-Aug-2025,153013,48 45.636600 N,064 3.540400 W,2.4,28.0,A,Depth,Depth,62.870370,D,S,374886.000000
Sat Aug 23 12:30:13 2025,23-Aug-2025,153014,48 45.637200 N,064 3.539800 W,2.4,27.9,A,Depth,Depth,62.870370,D,S,374886.000000
Sat Aug 23 12:30:16 2025,23-Aug-2025,153015,48 45.637800 N,064 3.539300 W,2.4,27.9,A,Primary,Headline,16.306122,D,S,417190.000000
Sat Aug 23 12:30:16 2025,23-Aug-2025,153016,48 45.638400 N,064 3.538800 W,2.4,27.8,A,Primary,Headline,16.306122,D,S,417190.000000
Sat Aug 23 12:30:16 2025,23-Aug-2025,153017,48 45.639000 N,064 3.538300 W,2.3,27.8,A,Primary,Headline,16.306122,D,S,417190.000000
Sat Aug 23 12:30:16 2025,23-Aug-2025,153018,48 45.639500 N,064 3.537900 W,2.2,27.8,A,Primary,Headline,16.306122,D,S,417190.000000
Sat Aug 23 12:30:21 2025,23-Aug-2025,153019,48 45.640100 N,064 3.537500 W,2.2,27.9,A,Depth,Depth,61.296296,D,S,376550.000000
Sat Aug 23 12:30:21 2025,23-Aug-2025,153020,48 45.640600 N,064 3.537000 W,2.2,27.9,A,Depth,Depth,61.296296,D,S,376550.000000
Sat Aug 23 12:30:22 2025,23-Aug-2025,153021,48 45.641100 N,064 3.536500 W,2.2,27.9,A,Primary,Headline,56.571429,D,S,463436.000000
Sat Aug 23 12:30:22 2025,23-Aug-2025,153022,48 45.641600 N,064 3.535900 W,2.2,27.8,A,Primary,Headline,56.571429,D,S,463436.000000
Sat Aug 23 12:30:22 2025,23-Aug-2025,153023,48 45.642100 N,064 3.535400 W,2.2,27.9,A,Primary,Headline,56.571429,D,S,463436.000000
Sat Aug 23 12:30:22 2025,23-Aug-2025,153024,48 45.642500 N,064 3.534900 W,2.2,28.0,A,Primary,Headline,56.571429,D,S,463436.000000
Sat Aug 23 12:30:22 2025,23-Aug-2025,153025,48 45.643000 N,064 3.534400 W,2.2,28.0,A,Primary,Headline,56.571429,D,S,463436.000000
Sat Aug 23 12:30:28 2025,23-Aug-2025,153026,48 45.643500 N,064 3.533900 W,2.2,28.0,A,Depth,Depth,63.333333,D,S,372633.000000
Sat Aug 23 12:30:28 2025,23-Aug-2025,153027,48 45.644000 N,064 3.533400 W,2.2,27.9,A,Depth,Depth,63.333333,D,S,372633.000000
Sat Aug 23 12:30:28 2025,23-Aug-2025,153028,48 45.644500 N,064 3.532900 W,2.2,27.9,A,Depth,Depth,63.333333,D,S,372633.000000
Sat Aug 23 12:30:28 2025,23-Aug-2025,153029,48 45.645100 N,064 3.532300 W,2.3,28.0,A,Depth,Depth,63.333333,D,S,372633.000000
Sat Aug 23 12:30:28 2025,23-Aug-2025,153030,48 45.645800 N,064 3.531600 W,2.3,28.0,A,Depth,Depth,63.333333,D,S,372633.000000
Sat Aug 23 12:30:28 2025,23-Aug-2025,153031,48 45.646300 N,064 3.531100 W,2.3,27.9,A,Depth,Depth,63.333333,D,S,372633.000000
Sat Aug 23 12:30:33 2025,23-Aug-2025,153032,48 45.646900 N,064 3.530600 W,2.3,27.9,A,Primary,Headline,23.714286,D,P,238908.000000
Sat Aug 23 12:30:33 2025,23-Aug-2025,153033,48 45.647500 N,064 3.530100 W,2.3,28.0,A,Primary,Headline,23.714286,D,P,238908.000000
Sat Aug 23 12:30:35 2025,23-Aug-2025,153034,48 45.648100 N,064 3.529500 W,2.3,28.5,A,Depth,Depth,57.592593,D,S,602908.000000
Sat Aug 23 12:30:35 2025,23-Aug-2025,153035,48 45.648600 N,064 3.528900 W,2.3,28.8,A,Depth,Depth,57.592593,D,S,602908.000000
Sat Aug 23 12:30:35 2025,23-Aug-2025,153036,48 45.649100 N,064 3.528400 W,2.3,29.0,A,Depth,Depth,57.592593,D,S,602908.000000
Sat Aug 23 12:30:38 2025,23-Aug-2025,153037,48 45.649600 N,064 3.527900 W,2.3,29.4,A,Primary,Headline,23.591837,D,S,454036.000000
Sat Aug 23 12:30:38 2025,23-Aug-2025,153038,48 45.650100 N,064 3.527400 W,2.3,29.9,A,Primary,Headline,23.591837,D,S,454036.000000
Sat Aug 23 12:30:38 2025,23-Aug-2025,153039,48 45.650600 N,064 3.526900 W,2.3,30.2,A,Primary,Headline,23.591837,D,S,454036.000000
Sat Aug 23 12:30:38 2025,23-Aug-2025,153040,48 45.651100 N,064 3.526400 W,2.3,30.3,A,Primary,Headline,23.591837,D,S,454036.000000
Sat Aug 23 12:30:42 2025,23-Aug-2025,153041,48 45.651700 N,064 3.525800 W,2.3,30.6,A,Depth,Depth,59.722222,D,S,200708.000000
Sat Aug 23 12:30:42 2025,23-Aug-2025,153042,48 45.652200 N,064 3.525200 W,2.3,30.8,A,Depth,Depth,59.722222,D,S,200708.000000
Sat Aug 23 12:30:44 2025,23-Aug-2025,153043,48 45.652700 N,064 3.524700 W,2.3,31.1,A,Primary,Headline,23.836735,D,S,282140.000000
Sat Aug 23 12:30:44 2025,23-Aug-2025,153044,48 45.653300 N,064 3.524200 W,2.3,31.3,A,Primary,Headline,23.836735,D,S,282140.000000
Sat Aug 23 12:30:44 2025,23-Aug-2025,153045,48 45.653900 N,064 3.523800 W,2.3,31.4,A,Primary,Headline,23.836735,D,S,282140.000000
Sat Aug 23 12:30:44 2025,23-Aug-2025,153046,48 45.654400 N,064 3.523400 W,2.3,31.7,A,Primary,Headline,23.836735,D,S,282140.000000
Sat Aug 23 12:30:44 2025,23-Aug-2025,153047,48 45.654900 N,064 3.522800 W,2.3,31.9,A,Primary,Headline,23.836735,D,S,282140.000000
Sat Aug 23 12:30:50 2025,23-Aug-2025,153048,48 45.655400 N,064 3.522400 W,2.3,32.2,A,Depth,Depth,58.425926,D,P,92307.000000
Sat Aug 23 12:30:50 2025,23-Aug-2025,153049,48 45.655800 N,064 3.521800 W,2.3,32.6,A,Depth,Depth,58.425926,D,P,92307.000000
Sat Aug 23 12:30:50 2025,23-Aug-2025,153050,48 45.656300 N,064 3.521300 W,2.3,32.9,A,Depth,Depth,58.425926,D,P,92307.000000
Sat Aug 23 12:30:50 2025,23-Aug-2025,153051,48 45.656700 N,064 3.520800 W,2.3,33.2,A,Depth,Depth,58.425926,D,P,92307.000000
Sat Aug 23 12:30:50 2025,23-Aug-2025,153052,48 45.657100 N,064 3.520300 W,2.2,33.3,A,Depth,Depth,58.425926,D,P,92307.000000
Sat Aug 23 12:30:55 2025,23-Aug-2025,153053,48 45.657500 N,064 3.519800 W,2.2,33.3,A,Primary,Headline,24.918367,D,S,373063.000000
Sat Aug 23 12:30:55 2025,23-Aug-2025,153054,48 45.657900 N,064 3.519300 W,2.2,33.3,A,Primary,Headline,24.918367,D,S,373063.000000
Sat Aug 23 12:30:57 2025,23-Aug-2025,153055,48 45.658400 N,064 3.518700 W,2.2,33.3,A,Depth,Depth,57.314815,D,S,337654.000000
Sat Aug 23 12:30:57 2025,23-Aug-2025,153056,48 45.659000 N,064 3.518300 W,2.2,33.0,A,Depth,Depth,57.314815,D,S,337654.000000
Sat Aug 23 12:30:57 2025,23-Aug-2025,153057,48 45.659500 N,064 3.517900 W,2.2,32.7,A,Depth,Depth,57.314815,D,S,337654.000000
Sat Aug 23 12:30:57 2025,23-Aug-2025,153058,48 45.660100 N,064 3.517400 W,2.2,32.7,A,Depth,Depth,57.314815,D,S,337654.000000
Sat Aug 23 12:31:00 2025,23-Aug-2025,153059,48 45.660600 N,064 3.516900 W,2.2,32.5,A,Primary,Headline,26.142857,D,P,282035.000000
Sat Aug 23 12:31:00 2025,23-Aug-2025,153100,48 45.661100 N,064 3.516400 W,2.2,32.3,A,Primary,Headline,26.142857,D,P,282035.000000
Sat Aug 23 12:31:00 2025,23-Aug-2025,153101,48 45.661700 N,064 3.515900 W,2.2,32.4,A,Primary,Headline,26.142857,D,P,282035.000000
Sat Aug 23 12:31:00 2025,23-Aug-2025,153102,48 45.662200 N,064 3.515400 W,2.3,32.4,A,Primary,Headline,26.142857,D,P,282035.000000
Sat Aug 23 12:31:04 2025,23-Aug-2025,153103,48 45.662800 N,064 3.515000 W,2.3,32.2,A,Depth,Depth,55.833333,D,P,197516.000000
Sat Aug 23 12:31:06 2025,23-Aug-2025,153104,48 45.663300 N,064 3.514500 W,2.3,32.1,A,Primary,Headline,27.367347,D,P,371849.000000
Sat Aug 23 12:31:06 2025,23-Aug-2025,153105,48 45.663800 N,064 3.513900 W,2.2,32.1,A,Primary,Headline,27.367347,D,P,371849.000000
Sat Aug 23 12:31:06 2025,23-Aug-2025,153106,48 45.664200 N,064 3.513300 W,2.2,32.4,A,Primary,Headline,27.367347,D,P,371849.000000
Sat Aug 23 12:31:06 2025,23-Aug-2025,153107,48 45.664600 N,064 3.512700 W,2.2,32.6,A,Primary,Headline,27.367347,D,P,371849.000000
Sat Aug 23 12:31:06 2025,23-Aug-2025,153108,48 45.665100 N,064 3.512200 W,2.2,32.4,A,Primary,Headline,27.367347,D,P,371849.000000
Sat Aug 23 12:31:06 2025,23-Aug-2025,153109,48 45.665600 N,064 3.511700 W,2.2,32.1,A,Primary,Headline,27.367347,D,P,371849.000000
Sat Aug 23 12:31:12 2025,23-Aug-2025,153110,48 45.666100 N,064 3.511200 W,2.2,32.1,A,Primary,Headline,52.959184,D,S,511507.000000
Sat Aug 23 12:31:12 2025,23-Aug-2025,153111,48 45.666600 N,064 3.510900 W,2.2,32.1,A,Primary,Headline,52.959184,D,S,511507.000000
Sat Aug 23 12:31:12 2025,23-Aug-2025,153112,48 45.667100 N,064 3.510500 W,2.2,31.8,A,Primary,Headline,52.959184,D,S,511507.000000
Sat Aug 23 12:31:12 2025,23-Aug-2025,153113,48 45.667700 N,064 3.510200 W,2.2,31.3,A,Primary,Headline,52.959184,D,S,511507.000000
Sat Aug 23 12:31:12 2025,23-Aug-2025,153114,48 45.668300 N,064 3.509700 W,2.3,30.9,A,Primary,Headline,52.959184,D,S,511507.000000
Sat Aug 23 12:31:12 2025,23-Aug-2025,153115,48 45.668800 N,064 3.509200 W,2.3,30.6,A,Primary,Headline,52.959184,D,S,511507.000000
Sat Aug 23 12:31:17 2025,23-Aug-2025,153116,48 45.669400 N,064 3.508700 W,2.3,30.5,A,Primary,Headline,29.795918,D,S,455768.000000
Sat Aug 23 12:31:18 2025,23-Aug-2025,153117,48 45.669900 N,064 3.508200 W,2.3,30.5,A,Depth,Depth,52.129630,D,S,443607.000000
Sat Aug 23 12:31:18 2025,23-Aug-2025,153118,48 45.670500 N,064 3.507600 W,2.3,30.4,A,Depth,Depth,52.129630,D,S,443607.000000
Sat Aug 23 12:31:18 2025,23-Aug-2025,153119,48 45.671100 N,064 3.507200 W,2.3,30.3,A,Depth,Depth,52.129630,D,S,443607.000000
Sat Aug 23 12:31:18 2025,23-Aug-2025,153120,48 45.671600 N,064 3.506700 W,2.3,30.2,A,Depth,Depth,52.129630,D,S,443607.000000
Sat Aug 23 12:31:22 2025,23-Aug-2025,153121,48 45.672200 N,064 3.506200 W,2.3,30.2,A,Primary,Headline,30.734694,D,P,253905.000000
Sat Aug 23 12:31:22 2025,23-Aug-2025,153122,48 45.672700 N,064 3.505700 W,2.3,30.0,A,Primary,Headline,30.734694,D,P,253905.000000
Sat Aug 23 12:31:22 2025,23-Aug-2025,153123,48 45.673300 N,064 3.505200 W,2.3,29.8,A,Primary,Headline,30.734694,D,P,253905.000000
Sat Aug 23 12:31:26 2025,23-Aug-2025,153124,48 45.673900 N,064 3.504700 W,2.3,29.7,A,Depth,Depth,51.481481,D,S,521932.000000
Sat Aug 23 12:31:26 2025,23-Aug-2025,153125,48 45.674400 N,064 3.504000 W,2.3,30.0,A,Depth,Depth,51.481481,D,S,521932.000000
Sat Aug 23 12:31:26 2025,23-Aug-2025,153126,48 45.675000 N,064 3.503400 W,2.4,30.2,A,Depth,Depth,51.481481,D,S,521932.000000
Sat Aug 23 12:31:28 2025,23-Aug-2025,153127,48 45.675600 N,064 3.502900 W,2.4,30.0,A,DoorSpread,DoorMaster,1.975000,D,S,30296.000000
Sat Aug 23 12:31:28 2025,23-Aug-2025,153128,48 45.676300 N,064 3.502500 W,2.4,29.8,A,DoorSpread,DoorMaster,1.975000,D,S,30296.000000
Sat Aug 23 12:31:28 2025,23-Aug-2025,153129,48 45.677000 N,064 3.502000 W,2.4,29.7,A,DoorSpread,DoorMaster,1.975000,D,S,30296.000000
Sat Aug 23 12:31:28 2025,23-Aug-2025,153130,48 45.677600 N,064 3.501400 W,2.4,29.8,A,DoorSpread,DoorMaster,1.975000,D,S,30296.000000
Sat Aug 23 12:31:33 2025,23-Aug-2025,153131,48 45.678100 N,064 3.500800 W,2.4,29.9,A,Depth,Depth,49.351852,D,P,219122.000000
Sat Aug 23 12:31:33 2025,23-Aug-2025,153132,48 45.678600 N,064 3.500300 W,2.4,30.0,A,Depth,Depth,49.351852,D,P,219122.000000
Sat Aug 23 12:31:34 2025,23-Aug-2025,153133,48 45.679200 N,064 3.499900 W,2.4,30.1,A,Primary,Headline,55.040816,D,P,180751.000000
Sat Aug 23 12:31:34 2025,23-Aug-2025,153134,48 45.679800 N,064 3.499600 W,2.4,30.3,A,Primary,Headline,55.040816,D,P,180751.000000
Sat Aug 23 12:31:34 2025,23-Aug-2025,153135,48 45.680400 N,064 3.499100 W,2.4,30.5,A,Primary,Headline,55.040816,D,P,180751.000000
Sat Aug 23 12:31:34 2025,23-Aug-2025,153136,48 45.681000 N,064 3.498700 W,2.4,30.7,A,Primary,Headline,55.040816,D,P,180751.000000
Sat Aug 23 12:31:34 2025,23-Aug-2025,153137,48 45.681500 N,064 3.498400 W,2.4,30.6,A,Primary,Headline,55.040816,D,P,180751.000000
Sat Aug 23 12:31:39 2025,23-Aug-2025,153138,48 45.682000 N,064 3.497900 W,2.4,30.9,A,Primary,Headline,50.204082,D,P,281837.000000
Sat Aug 23 12:31:40 2025,23-Aug-2025,153139,48 45.682500 N,064 3.497300 W,2.4,31.5,A,Depth,Depth,47.129630,D,S,290362.000000
Sat Aug 23 12:31:40 2025,23-Aug-2025,153140,48 45.683000 N,064 3.496700 W,2.4,31.8,A,Depth,Depth,47.129630,D,S,290362.000000
Sat Aug 23 12:31:40 2025,23-Aug-2025,153141,48 45.683500 N,064 3.496300 W,2.4,32.0,A,Depth,Depth,47.129630,D,S,290362.000000
Sat Aug 23 12:31:40 2025,23-Aug-2025,153142,48 45.684000 N,064 3.495700 W,2.3,32.1,A,Depth,Depth,47.129630,D,S,290362.000000
Sat Aug 23 12:31:40 2025,23-Aug-2025,153143,48 45.684600 N,064 3.495200 W,2.3,32.4,A,Depth,Depth,47.129630,D,S,290362.000000
Sat Aug 23 12:31:45 2025,23-Aug-2025,153144,48 45.685100 N,064 3.494600 W,2.4,32.7,A,Primary,Headline,34.448980,D,S,533260.000000
Sat Aug 23 12:31:45 2025,23-Aug-2025,153145,48 45.685600 N,064 3.494200 W,2.4,33.0,A,Primary,Headline,34.448980,D,S,533260.000000
Sat Aug 23 12:31:47 2025,23-Aug-2025,153146,48 45.686100 N,064 3.493800 W,2.4,32.8,A,Depth,Depth,44.722222,D,S,318486.000000
Sat Aug 23 12:31:47 2025,23-Aug-2025,153147,48 45.686700 N,064 3.493200 W,2.4,32.8,A,Depth,Depth,44.722222,D,S,318486.000000
Sat Aug 23 12:31:47 2025,23-Aug-2025,153148,48 45.687300 N,064 3.492600 W,2.4,33.0,A,Depth,Depth,44.722222,D,S,318486.000000
Sat Aug 23 12:31:47 2025,23-Aug-2025,153149,48 45.687900 N,064 3.491900 W,2.4,33.2,A,Depth,Depth,44.722222,D,S,318486.000000
Sat Aug 23 12:31:51 2025,23-Aug-2025,153150,48 45.688500 N,064 3.491400 W,2.4,33.1,A,Primary,Headline,39.061224,D,S,486969.000000
Sat Aug 23 12:31:51 2025,23-Aug-2025,153151,48 45.689200 N,064 3.490900 W,2.4,32.9,A,Primary,Headline,39.061224,D,S,486969.000000
Sat Aug 23 12:31:51 2025,23-Aug-2025,153152,48 45.689800 N,064 3.490300 W,2.4,32.7,A,Primary,Headline,39.061224,D,S,486969.000000
Sat Aug 23 12:31:54 2025,23-Aug-2025,153153,48 45.690400 N,064 3.489900 W,2.4,32.4,A,Depth,Depth,42.777778,D,P,392850.000000
Sat Aug 23 12:31:54 2025,23-Aug-2025,153154,48 45.691100 N,064 3.489400 W,2.5,31.7,A,Depth,Depth,42.777778,D,P,392850.000000
Sat Aug 23 12:31:57 2025,23-Aug-2025,153155,48 45.691800 N,064 3.488900 W,2.4,31.3,A,Primary,Headline,57.285714,D,P,401445.000000
Sat Aug 23 12:31:57 2025,23-Aug-2025,153156,48 45.692400 N,064 3.488400 W,2.4,31.0,A,Primary,Headline,57.285714,D,P,401445.000000
Sat Aug 23 12:31:57 2025,23-Aug-2025,153157,48 45.692900 N,064 3.488000 W,2.4,31.1,A,Primary,Headline,57.285714,D,P,401445.000000
Sat Aug 23 12:31:57 2025,23-Aug-2025,153158,48 45.693300 N,064 3.487500 W,2.4,31.0,A,Primary,Headline,57.285714,D,P,401445.000000
Sat Aug 23 12:31:57 2025,23-Aug-2025,153159,48 45.693900 N,064 3.487100 W,2.4,30.5,A,Primary,Headline,57.285714,D,P,401445.000000
Sat Aug 23 12:32:02 2025,23-Aug-2025,153200,48 45.694500 N,064 3.486600 W,2.4,30.3,A,Depth,Depth,40.370370,D,S,683380.000000
Sat Aug 23 12:32:03 2025,23-Aug-2025,153201,48 45.695100 N,064 3.486000 W,2.4,30.5,A,Primary,Headline,47.979592,D,P,309951.000000
Sat Aug 23 12:32:03 2025,23-Aug-2025,153202,48 45.695700 N,064 3.485500 W,2.4,30.4,A,Primary,Headline,47.979592,D,P,309951.000000
Sat Aug 23 12:32:03 2025,23-Aug-2025,153203,48 45.696200 N,064 3.485100 W,2.3,30.2,A,Primary,Headline,47.979592,D,P,309951.000000
Sat Aug 23 12:32:03 2025,23-Aug-2025,153204,48 45.696700 N,064 3.484600 W,2.3,30.1,A,Primary,Headline,47.979592,D,P,309951.000000
Sat Aug 23 12:32:03 2025,23-Aug-2025,153205,48 45.697300 N,064 3.484100 W,2.4,30.1,A,Primary,Headline,47.979592,D,P,309951.000000
Sat Aug 23 12:32:07 2025,23-Aug-2025,153206,48 45.697900 N,064 3.483600 W,2.4,29.8,A,Primary,Headline,5.204082,D,S,602025.000000
Sat Aug 23 12:32:09 2025,23-Aug-2025,153207,48 45.698400 N,064 3.483100 W,2.4,29.5,A,Depth,Depth,39.166667,D,P,278254.000000
Sat Aug 23 12:32:09 2025,23-Aug-2025,153208,48 45.699000 N,064 3.482700 W,2.4,29.4,A,Depth,Depth,39.166667,D,P,278254.000000
Sat Aug 23 12:32:09 2025,23-Aug-2025,153209,48 45.699600 N,064 3.482300 W,2.4,29.2,A,Depth,Depth,39.166667,D,P,278254.000000
Sat Aug 23 12:32:09 2025,23-Aug-2025,153210,48 45.700100 N,064 3.481900 W,2.4,29.1,A,Depth,Depth,39.166667,D,P,278254.000000
Sat Aug 23 12:32:09 2025,23-Aug-2025,153211,48 45.700700 N,064 3.481600 W,2.4,28.9,A,Depth,Depth,39.166667,D,P,278254.000000
Sat Aug 23 12:32:13 2025,23-Aug-2025,153212,48 45.701200 N,064 3.481200 W,2.4,28.8,A,Primary,Headline,53.040816,D,P,362587.000000
Sat Aug 23 12:32:13 2025,23-Aug-2025,153213,48 45.701800 N,064 3.480700 W,2.4,28.7,A,Primary,Headline,53.040816,D,P,362587.000000
Sat Aug 23 12:32:16 2025,23-Aug-2025,153214,48 45.702500 N,064 3.480200 W,2.4,28.4,A,Depth,Depth,36.018519,D,S,733936.000000
Sat Aug 23 12:32:16 2025,23-Aug-2025,153215,48 45.703100 N,064 3.479700 W,2.4,28.1,A,Depth,Depth,36.018519,D,S,733936.000000
Sat Aug 23 12:32:16 2025,23-Aug-2025,153216,48 45.703800 N,064 3.479200 W,2.4,27.9,A,Depth,Depth,36.018519,D,S,733936.000000
Sat Aug 23 12:32:16 2025,23-Aug-2025,153217,48 45.704500 N,064 3.478700 W,2.5,27.8,A,Depth,Depth,36.018519,D,S,733936.000000
Sat Aug 23 12:32:19 2025,23-Aug-2025,153218,48 45.705200 N,064 3.478300 W,2.6,27.7,A,Primary,Headline,57.163265,D,P,467238.000000
Sat Aug 23 12:32:19 2025,23-Aug-2025,153219,48 45.705900 N,064 3.477800 W,2.6,27.6,A,Primary,Headline,57.163265,D,P,467238.000000
Sat Aug 23 12:32:19 2025,23-Aug-2025,153220,48 45.706600 N,064 3.477300 W,2.6,27.7,A,Primary,Headline,57.163265,D,P,467238.000000
Sat Aug 23 12:32:19 2025,23-Aug-2025,153221,48 45.707100 N,064 3.476700 W,2.5,27.8,A,Primary,Headline,57.163265,D,P,467238.000000
Sat Aug 23 12:32:23 2025,23-Aug-2025,153222,48 45.707700 N,064 3.476100 W,2.6,27.9,A,Depth,Depth,33.888889,D,P,331354.000000
Sat Aug 23 12:32:25 2025,23-Aug-2025,153223,48 45.708400 N,064 3.475400 W,2.6,28.1,A,Primary,Headline,2.510204,D,S,549581.000000
Sat Aug 23 12:32:25 2025,23-Aug-2025,153224,48 45.709200 N,064 3.474800 W,2.5,28.2,A,Primary,Headline,2.510204,D,S,549581.000000
Sat Aug 23 12:32:25 2025,23-Aug-2025,153225,48 45.709900 N,064 3.474200 W,2.5,28.4,A,Primary,Headline,2.510204,D,S,549581.000000
Sat Aug 23 12:32:25 2025,23-Aug-2025,153226,48 45.710500 N,064 3.473500 W,2.5,28.5,A,Primary,Headline,2.510204,D,S,549581.000000
Sat Aug 23 12:32:25 2025,23-Aug-2025,153227,48 45.711100 N,064 3.472700 W,2.6,28.8,A,Primary,Headline,2.510204,D,S,549581.000000
Sat Aug 23 12:32:25 2025,23-Aug-2025,153228,48 45.711700 N,064 3.472000 W,2.6,29.1,A,Primary,Headline,2.510204,D,S,549581.000000
Sat Aug 23 12:32:30 2025,23-Aug-2025,153229,48 45.712300 N,064 3.471300 W,2.6,29.5,A,Primary,Headline,48.918367,D,P,174227.000000
Sat Aug 23 12:32:30 2025,23-Aug-2025,153230,48 45.712900 N,064 3.470600 W,2.6,30.2,A,Primary,Headline,48.918367,D,P,174227.000000
Sat Aug 23 12:32:30 2025,23-Aug-2025,153231,48 45.713500 N,064 3.470000 W,2.6,30.8,A,Primary,Headline,48.918367,D,P,174227.000000
Sat Aug 23 12:32:30 2025,23-Aug-2025,153232,48 45.714000 N,064 3.469400 W,2.6,31.1,A,Primary,Headline,48.918367,D,P,174227.000000
Sat Aug 23 12:32:30 2025,23-Aug-2025,153233,48 45.714600 N,064 3.468900 W,2.6,31.5,A,Primary,Headline,48.918367,D,P,174227.000000
Sat Aug 23 12:32:30 2025,23-Aug-2025,153234,48 45.715100 N,064 3.468400 W,2.6,31.8,A,Primary,Headline,48.918367,D,P,174227.000000
Sat Aug 23 12:32:36 2025,23-Aug-2025,153235,48 45.715700 N,064 3.467800 W,2.6,32.1,A,Primary,Headline,32.326531,D,S,479348.000000
Sat Aug 23 12:32:37 2025,23-Aug-2025,153236,48 45.716300 N,064 3.467300 W,2.6,32.1,A,Depth,Depth,27.407407,D,S,408947.000000
Sat Aug 23 12:32:37 2025,23-Aug-2025,153237,48 45.716900 N,064 3.466900 W,2.6,32.0,A,Depth,Depth,27.407407,D,S,408947.000000
Sat Aug 23 12:32:37 2025,23-Aug-2025,153238,48 45.717400 N,064 3.466400 W,2.6,31.9,A,Depth,Depth,27.407407,D,S,408947.000000
Sat Aug 23 12:32:37 2025,23-Aug-2025,153239,48 45.718000 N,064 3.465800 W,2.6,31.8,A,Depth,Depth,27.407407,D,S,408947.000000
Sat Aug 23 12:32:41 2025,23-Aug-2025,153240,48 45.718700 N,064 3.465200 W,2.6,31.6,A,Primary,Headline,2.653061,D,S,528309.000000
Sat Aug 23 12:32:41 2025,23-Aug-2025,153241,48 45.719300 N,064 3.464600 W,2.7,31.3,A,Primary,Headline,2.653061,D,S,528309.000000
Sat Aug 23 12:32:41 2025,23-Aug-2025,153242,48 45.720000 N,064 3.463900 W,2.7,31.2,A,Primary,Headline,2.653061,D,S,528309.000000
Sat Aug 23 12:32:44 2025,23-Aug-2025,153243,48 45.720700 N,064 3.463400 W,2.7,31.0,A,Depth,Depth,25.462963,D,S,496913.000000
Sat Aug 23 12:32:44 2025,23-Aug-2025,153244,48 45.721400 N,064 3.462900 W,2.7,30.7,A,Depth,Depth,25.462963,D,S,496913.000000
Sat Aug 23 12:32:46 2025,23-Aug-2025,153245,48 45.722100 N,064 3.462500 W,2.7,30.5,A,Primary,Headline,18.061224,D,S,521182.000000
Sat Aug 23 12:32:46 2025,23-Aug-2025,153246,48 45.722700 N,064 3.462000 W,2.6,30.5,A,Primary,Headline,18.061224,D,S,521182.000000
Sat Aug 23 12:32:46 2025,23-Aug-2025,153247,48 45.723300 N,064 3.461500 W,2.6,30.4,A,Primary,Headline,18.061224,D,S,521182.000000
Sat Aug 23 12:32:46 2025,23-Aug-2025,153248,48 45.723900 N,064 3.461000 W,2.6,30.2,A,Primary,Headline,18.061224,D,S,521182.000000
Sat Aug 23 12:32:46 2025,23-Aug-2025,153249,48 45.724500 N,064 3.460500 W,2.6,30.1,A,Primary,Headline,18.061224,D,S,521182.000000
Sat Aug 23 12:32:51 2025,23-Aug-2025,153250,48 45.725200 N,064 3.460000 W,2.6,29.9,A,Primary,Headline,2.061224,D,S,381014.000000
Sat Aug 23 12:32:51 2025,23-Aug-2025,153251,48 45.725800 N,064 3.459500 W,2.6,29.6,A,Primary,Headline,2.061224,D,S,381014.000000
Sat Aug 23 12:32:51 2025,23-Aug-2025,153252,48 45.726300 N,064 3.459000 W,2.6,29.3,A,Primary,Headline,2.061224,D,S,381014.000000
Sat Aug 23 12:32:51 2025,23-Aug-2025,153253,48 45.726900 N,064 3.458500 W,2.6,29.2,A,Primary,Headline,2.061224,D,S,381014.000000
Sat Aug 23 12:32:51 2025,23-Aug-2025,153254,48 45.727600 N,064 3.458100 W,2.6,29.0,A,Primary,Headline,2.061224,D,S,381014.000000
Sat Aug 23 12:32:51 2025,23-Aug-2025,153255,48 45.728200 N,064 3.457700 W,2.6,28.5,A,Primary,Headline,2.061224,D,S,381014.000000
Sat Aug 23 12:32:57 2025,23-Aug-2025,153256,48 45.728900 N,064 3.457400 W,2.6,28.1,A,Primary,Headline,57.693878,D,P,467627.000000
