Ship Number,Trip Number,Tow Number
AVALON,2,5
Comments
"ZONE12"
CPU Date and Time,GPS Date,GPS Time,Latitude,Longitude,Speed,Heading,Validity,Transducer Name,Sensor Name,Sensor Value,Error Code,Hydrophone,Signal Strength
,05-Aug-2025,151316,47 56.915700 N,063 57.529600 W,3.6,217.9,A,,,,,,
,05-Aug-2025,151317,47 56.914900 N,063 57.530500 W,3.6,217.9,A,,,,,,
Tue Aug 05 12:13:09 2025,05-Aug-2025,151318,47 56.914100 N,063 57.531400 W,3.6,217.9,A,Depth,Depth,3.518519,D,P,40329.000000
Tue Aug 05 12:13:09 2025,05-Aug-2025,151319,47 56.913300 N,063 57.532300 W,3.6,217.8,A,Depth,Depth,3.518519,D,P,40329.000000
Tue Aug 05 12:13:10 2025,05-Aug-2025,151320,47 56.912500 N,063 57.533200 W,3.6,217.7,A,Primary,Headline,4.897959,D,S,188702.000000
Tue Aug 05 12:13:10 2025,05-Aug-2025,151321,47 56.911700 N,063 57.534100 W,3.6,217.6,A,Primary,Headline,4.897959,D,S,188702.000000
Tue Aug 05 12:13:10 2025,05-Aug-2025,151322,47 56.911000 N,063 57.535000 W,3.6,217.4,A,Primary,Headline,4.897959,D,S,188702.000000
Tue Aug 05 12:13:10 2025,05-Aug-2025,151323,47 56.910300 N,063 57.535800 W,3.6,217.3,A,Primary,Headline,4.897959,D,S,188702.000000
Tue Aug 05 12:13:15 2025,05-Aug-2025,151324,47 56.909500 N,063 57.536700 W,3.6,217.1,A,Primary,Headline,0.530612,D,P,40537.000000
Tue Aug 05 12:13:16 2025,05-Aug-2025,151325,47 56.908600 N,063 57.537600 W,3.6,216.8,A,DoorSpread,DoorMaster,1.925000,D,P,1044077.000000
Tue Aug 05 12:13:16 2025,05-Aug-2025,151326,47 56.907800 N,063 57.538500 W,3.6,216.4,A,DoorSpread,DoorMaster,1.925000,D,P,1044077.000000
Tue Aug 05 12:13:16 2025,05-Aug-2025,151327,47 56.906900 N,063 57.539200 W,3.6,216.0,A,DoorSpread,DoorMaster,1.925000,D,P,1044077.000000
Tue Aug 05 12:13:16 2025,05-Aug-2025,151328,47 56.906100 N,063 57.540100 W,3.6,215.7,A,DoorSpread,DoorMaster,1.925000,D,P,1044077.000000
Tue Aug 05 12:13:16 2025,05-Aug-2025,151329,47 56.905300 N,063 57.540900 W,3.6,215.5,A,DoorSpread,DoorMaster,1.925000,D,P,1044077.000000
Tue Aug 05 12:13:21 2025,05-Aug-2025,151330,47 56.904400 N,063 57.541700 W,3.6,215.2,A,Primary,Headline,1.612245,D,S,41115.000000
Tue Aug 05 12:13:21 2025,05-Aug-2025,151331,47 56.903600 N,063 57.542600 W,3.6,214.9,A,DoorSpread,DoorMaster,8.525000,D,S,938234.000000
Tue Aug 05 12:13:21 2025,05-Aug-2025,151332,47 56.902800 N,063 57.543400 W,3.6,214.7,A,DoorSpread,DoorMaster,8.525000,D,S,938234.000000
Tue Aug 05 12:13:21 2025,05-Aug-2025,151333,47 56.902000 N,063 57.544300 W,3.6,214.6,A,DoorSpread,DoorMaster,8.525000,D,S,938234.000000
Tue Aug 05 12:13:21 2025,05-Aug-2025,151334,47 56.901200 N,063 57.545100 W,3.6,214.5,A,DoorSpread,DoorMaster,8.525000,D,S,938234.000000
Tue Aug 05 12:13:26 2025,05-Aug-2025,151335,47 56.900300 N,063 57.546100 W,3.6,214.3,A,Primary,Headline,2.714286,D,S,130429.000000
Tue Aug 05 12:13:27 2025,05-Aug-2025,151336,47 56.899500 N,063 57.546900 W,3.6,214.2,A,DoorSpread,DoorMaster,2.205000,D,P,962336.000000
Tue Aug 05 12:13:27 2025,05-Aug-2025,151337,47 56.898600 N,063 57.547900 W,3.6,214.2,A,DoorSpread,DoorMaster,2.205000,D,P,962336.000000
Tue Aug 05 12:13:27 2025,05-Aug-2025,151338,47 56.897800 N,063 57.548800 W,3.6,214.0,A,DoorSpread,DoorMaster,2.205000,D,P,962336.000000
Tue Aug 05 12:13:30 2025,05-Aug-2025,151339,47 56.896800 N,063 57.549700 W,3.6,213.9,A,Depth,Depth,6.666667,D,P,49456.000000
Tue Aug 05 12:13:31 2025,05-Aug-2025,151340,47 56.896000 N,063 57.550700 W,3.6,213.9,A,Primary,Headline,2.224490,D,S,80271.000000
Tue Aug 05 12:13:32 2025,05-Aug-2025,151341,47 56.895200 N,063 57.551600 W,3.5,213.8,A,DoorSpread,DoorMaster,2.130000,D,S,830534.000000
Tue Aug 05 12:13:32 2025,05-Aug-2025,151342,47 56.894300 N,063 57.552500 W,3.5,213.6,A,DoorSpread,DoorMaster,2.130000,D,S,830534.000000
Tue Aug 05 12:13:32 2025,05-Aug-2025,151343,47 56.893500 N,063 57.553400 W,3.6,213.6,A,DoorSpread,DoorMaster,2.130000,D,S,830534.000000
Tue Aug 05 12:13:32 2025,05-Aug-2025,151344,47 56.892700 N,063 57.554400 W,3.5,213.8,A,DoorSpread,DoorMaster,2.130000,D,S,830534.000000
Tue Aug 05 12:13:36 2025,05-Aug-2025,151345,47 56.892000 N,063 57.555400 W,3.5,214.0,A,Primary,Headline,2.408163,D,S,235523.000000
Tue Aug 05 12:13:37 2025,05-Aug-2025,151346,47 56.891100 N,063 57.556300 W,3.5,214.0,A,DoorSpread,DoorMaster,2.125000,D,S,1058099.000000
Tue Aug 05 12:13:37 2025,05-Aug-2025,151347,47 56.890200 N,063 57.557200 W,3.5,213.9,A,DoorSpread,DoorMaster,2.125000,D,S,1058099.000000
Tue Aug 05 12:13:37 2025,05-Aug-2025,151348,47 56.889300 N,063 57.558100 W,3.5,213.9,A,DoorSpread,DoorMaster,2.125000,D,S,1058099.000000
Tue Aug 05 12:13:37 2025,05-Aug-2025,151349,47 56.888500 N,063 57.559100 W,3.5,214.0,A,DoorSpread,DoorMaster,2.125000,D,S,1058099.000000
Tue Aug 05 12:13:41 2025,05-Aug-2025,151350,47 56.887700 N,063 57.559900 W,3.5,214.0,A,Primary,Headline,1.836735,D,P,182772.000000
Tue Aug 05 12:13:41 2025,05-Aug-2025,151351,47 56.886900 N,063 57.560700 W,3.5,213.6,A,Primary,Headline,1.836735,D,P,182772.000000
Tue Aug 05 12:13:43 2025,05-Aug-2025,151352,47 56.886000 N,063 57.561300 W,3.5,213.2,A,DoorSpread,DoorMaster,2.195000,D,P,424154.000000
Tue Aug 05 12:13:44 2025,05-Aug-2025,151353,47 56.885200 N,063 57.562000 W,3.5,212.9,A,Depth,Depth,10.740741,D,S,177412.000000
Tue Aug 05 12:13:44 2025,05-Aug-2025,151354,47 56.884500 N,063 57.562700 W,3.5,212.8,A,Depth,Depth,10.740741,D,S,177412.000000
Tue Aug 05 12:13:46 2025,05-Aug-2025,151355,47 56.883700 N,063 57.563400 W,3.5,212.8,A,Primary,Headline,2.734694,D,S,339470.000000
Tue Aug 05 12:13:46 2025,05-Aug-2025,151356,47 56.882900 N,063 57.564200 W,3.5,212.8,A,Primary,Headline,2.734694,D,S,339470.000000
Tue Aug 05 12:13:48 2025,05-Aug-2025,151357,47 56.882200 N,063 57.565000 W,3.5,212.5,A,DoorSpread,DoorMaster,2.000000,D,P,470598.000000
Tue Aug 05 12:13:48 2025,05-Aug-2025,151358,47 56.881500 N,063 57.565700 W,3.4,212.4,A,DoorSpread,DoorMaster,2.000000,D,P,470598.000000
Tue Aug 05 12:13:48 2025,05-Aug-2025,151359,47 56.880800 N,063 57.566500 W,3.5,212.4,A,DoorSpread,DoorMaster,2.000000,D,P,470598.000000
Tue Aug 05 12:13:51 2025,05-Aug-2025,151400,47 56.880000 N,063 57.567300 W,3.5,212.4,A,Primary,Headline,2.755102,D,P,336239.000000
Tue Aug 05 12:13:51 2025,05-Aug-2025,151401,47 56.879300 N,063 57.568100 W,3.5,212.5,A,Primary,Headline,2.755102,D,P,336239.000000
Tue Aug 05 12:13:53 2025,05-Aug-2025,151402,47 56.878700 N,063 57.568800 W,3.5,212.5,A,DoorSpread,DoorMaster,1.895000,D,P,609832.000000
Tue Aug 05 12:13:53 2025,05-Aug-2025,151403,47 56.878000 N,063 57.569600 W,3.5,212.6,A,DoorSpread,DoorMaster,1.850000,D,S,765178.000000
Tue Aug 05 12:13:53 2025,05-Aug-2025,151404,47 56.877400 N,063 57.570300 W,3.5,212.7,A,DoorSpread,DoorMaster,1.850000,D,S,765178.000000
Tue Aug 05 12:13:56 2025,05-Aug-2025,151405,47 56.876700 N,063 57.571100 W,3.5,212.9,A,Primary,Headline,2.183673,D,S,448433.000000
Tue Aug 05 12:13:56 2025,05-Aug-2025,151406,47 56.876000 N,063 57.571900 W,3.5,212.8,A,Primary,Headline,2.183673,D,S,448433.000000
Tue Aug 05 12:13:56 2025,05-Aug-2025,151407,47 56.875300 N,063 57.572600 W,3.4,212.8,A,Primary,Headline,2.183673,D,S,448433.000000
Tue Aug 05 12:13:59 2025,05-Aug-2025,151408,47 56.874600 N,063 57.573400 W,3.4,212.8,A,DoorSpread,DoorMaster,1.710000,D,P,1021455.000000
Tue Aug 05 12:13:59 2025,05-Aug-2025,151409,47 56.873800 N,063 57.574100 W,3.4,212.9,A,DoorSpread,DoorMaster,1.710000,D,P,1021455.000000
Tue Aug 05 12:14:01 2025,05-Aug-2025,151410,47 56.873000 N,063 57.574900 W,3.4,212.8,A,Primary,Headline,3.040816,D,S,276298.000000
Tue Aug 05 12:14:01 2025,05-Aug-2025,151411,47 56.872200 N,063 57.575700 W,3.4,212.8,A,Primary,Headline,3.040816,D,S,276298.000000
Tue Aug 05 12:14:01 2025,05-Aug-2025,151412,47 56.871400 N,063 57.576400 W,3.3,212.8,A,Primary,Headline,3.040816,D,S,276298.000000
Tue Aug 05 12:14:04 2025,05-Aug-2025,151413,47 56.870700 N,063 57.577000 W,3.4,212.8,A,DoorSpread,DoorMaster,2.180000,D,S,888376.000000
Tue Aug 05 12:14:05 2025,05-Aug-2025,151414,47 56.869900 N,063 57.577800 W,3.4,213.1,A,Depth,Depth,13.055556,D,P,245431.000000
Tue Aug 05 12:14:06 2025,05-Aug-2025,151415,47 56.869100 N,063 57.578600 W,3.4,213.3,A,Primary,Headline,3.346939,D,S,174653.000000
Tue Aug 05 12:14:06 2025,05-Aug-2025,151416,47 56.868300 N,063 57.579400 W,3.5,213.3,A,Primary,Headline,3.346939,D,S,174653.000000
Tue Aug 05 12:14:06 2025,05-Aug-2025,151417,47 56.867500 N,063 57.580200 W,3.5,213.4,A,Primary,Headline,3.346939,D,S,174653.000000
Tue Aug 05 12:14:09 2025,05-Aug-2025,151418,47 56.866600 N,063 57.581100 W,3.6,213.5,A,DoorSpread,DoorMaster,2.875000,D,S,790712.000000
Tue Aug 05 12:14:09 2025,05-Aug-2025,151419,47 56.865700 N,063 57.582100 W,3.7,213.6,A,DoorSpread,DoorMaster,2.875000,D,S,790712.000000
Tue Aug 05 12:14:11 2025,05-Aug-2025,151420,47 56.864600 N,063 57.583200 W,3.8,213.7,A,Primary,Headline,5.326531,D,S,357054.000000
Tue Aug 05 12:14:12 2025,05-Aug-2025,151421,47 56.863500 N,063 57.584300 W,3.9,213.7,A,Depth,Depth,13.888889,D,P,381029.000000
Tue Aug 05 12:14:12 2025,05-Aug-2025,151422,47 56.862300 N,063 57.585400 W,4.1,213.6,A,Depth,Depth,13.888889,D,P,381029.000000
Tue Aug 05 12:14:12 2025,05-Aug-2025,151423,47 56.861100 N,063 57.586400 W,4.2,213.5,A,Depth,Depth,13.888889,D,P,381029.000000
Tue Aug 05 12:14:14 2025,05-Aug-2025,151424,47 56.859800 N,063 57.587500 W,4.4,213.7,A,DoorSpread,DoorMaster,2.405000,D,S,816719.000000
Tue Aug 05 12:14:14 2025,05-Aug-2025,151425,47 56.858700 N,063 57.588700 W,4.5,213.8,A,DoorSpread,DoorMaster,2.405000,D,S,816719.000000
Tue Aug 05 12:14:16 2025,05-Aug-2025,151426,47 56.857500 N,063 57.589800 W,4.6,213.9,A,Primary,Headline,37.040816,D,S,395796.000000
Tue Aug 05 12:14:16 2025,05-Aug-2025,151427,47 56.856300 N,063 57.591100 W,4.6,213.7,A,Primary,Headline,37.040816,D,S,395796.000000
Tue Aug 05 12:14:19 2025,05-Aug-2025,151428,47 56.855000 N,063 57.592300 W,4.7,213.5,A,Depth,Depth,14.444444,D,S,356547.000000
Tue Aug 05 12:14:20 2025,05-Aug-2025,151429,47 56.853700 N,063 57.593600 W,4.8,213.5,A,DoorSpread,DoorMaster,2.505000,D,S,956054.000000
Tue Aug 05 12:14:20 2025,05-Aug-2025,151430,47 56.852400 N,063 57.594900 W,4.9,213.6,A,DoorSpread,DoorMaster,2.505000,D,S,956054.000000
Tue Aug 05 12:14:22 2025,05-Aug-2025,151431,47 56.851100 N,063 57.596100 W,5.0,213.5,A,Primary,Headline,3.448980,D,S,220266.000000
Tue Aug 05 12:14:22 2025,05-Aug-2025,151432,47 56.849800 N,063 57.597300 W,5.0,213.3,A,Primary,Headline,3.448980,D,S,220266.000000
Tue Aug 05 12:14:22 2025,05-Aug-2025,151433,47 56.848600 N,063 57.598500 W,5.1,213.1,A,Primary,Headline,3.448980,D,S,220266.000000
Tue Aug 05 12:14:25 2025,05-Aug-2025,151434,47 56.847200 N,063 57.599600 W,5.1,212.7,A,DoorSpread,DoorMaster,3.205000,D,P,631749.000000
Tue Aug 05 12:14:26 2025,05-Aug-2025,151435,47 56.845900 N,063 57.600700 W,5.2,212.6,A,Depth,Depth,15.740741,D,S,286084.000000
Tue Aug 05 12:14:27 2025,05-Aug-2025,151436,47 56.844600 N,063 57.602000 W,5.2,212.5,A,Primary,Headline,3.612245,D,S,266777.000000
Tue Aug 05 12:14:27 2025,05-Aug-2025,151437,47 56.843300 N,063 57.603200 W,5.3,212.5,A,Primary,Headline,3.612245,D,S,266777.000000
Tue Aug 05 12:14:27 2025,05-Aug-2025,151438,47 56.842000 N,063 57.604400 W,5.3,212.5,A,Primary,Headline,3.612245,D,S,266777.000000
Tue Aug 05 12:14:27 2025,05-Aug-2025,151439,47 56.840700 N,063 57.605700 W,5.4,212.4,A,Primary,Headline,3.612245,D,S,266777.000000
Tue Aug 05 12:14:30 2025,05-Aug-2025,151440,47 56.839400 N,063 57.606900 W,5.4,212.4,A,DoorSpread,DoorMaster,2.985000,D,S,559466.000000
Tue Aug 05 12:14:32 2025,05-Aug-2025,151441,47 56.838100 N,063 57.608100 W,5.4,212.3,A,Primary,Headline,3.183673,D,S,365403.000000
Tue Aug 05 12:14:33 2025,05-Aug-2025,151442,47 56.836800 N,063 57.609300 W,5.4,212.3,A,Depth,Depth,15.185185,D,S,378690.000000
Tue Aug 05 12:14:33 2025,05-Aug-2025,151443,47 56.835400 N,063 57.610500 W,5.5,212.3,A,Depth,Depth,15.185185,D,S,378690.000000
Tue Aug 05 12:14:33 2025,05-Aug-2025,151444,47 56.834100 N,063 57.611600 W,5.5,212.3,A,Depth,Depth,15.185185,D,S,378690.000000
Tue Aug 05 12:14:33 2025,05-Aug-2025,151445,47 56.832700 N,063 57.612800 W,5.5,212.3,A,Depth,Depth,15.185185,D,S,378690.000000
Tue Aug 05 12:14:37 2025,05-Aug-2025,151446,47 56.831400 N,063 57.614000 W,5.5,212.3,A,DoorSpread,DoorMaster,18.375000,D,P,325283.000000
Tue Aug 05 12:14:37 2025,05-Aug-2025,151447,47 56.830100 N,063 57.615100 W,5.5,212.2,A,DoorSpread,DoorMaster,18.375000,D,P,325283.000000
Tue Aug 05 12:14:37 2025,05-Aug-2025,151448,47 56.828800 N,063 57.616200 W,5.5,212.0,A,DoorSpread,DoorMaster,18.375000,D,P,325283.000000
Tue Aug 05 12:14:40 2025,05-Aug-2025,151449,47 56.827600 N,063 57.617500 W,5.5,212.0,A,Depth,Depth,16.111111,D,S,572680.000000
Tue Aug 05 12:14:40 2025,05-Aug-2025,151450,47 56.826300 N,063 57.618800 W,5.5,212.0,A,Depth,Depth,16.111111,D,S,572680.000000
Tue Aug 05 12:14:42 2025,05-Aug-2025,151451,47 56.825000 N,063 57.620000 W,5.6,211.8,A,Primary,Headline,10.163265,D,S,502669.000000
Tue Aug 05 12:14:42 2025,05-Aug-2025,151452,47 56.823700 N,063 57.621200 W,5.5,211.7,A,Primary,Headline,10.163265,D,S,502669.000000
Tue Aug 05 12:14:42 2025,05-Aug-2025,151453,47 56.822500 N,063 57.622400 W,5.5,211.7,A,Primary,Headline,10.163265,D,S,502669.000000
Tue Aug 05 12:14:42 2025,05-Aug-2025,151454,47 56.821200 N,063 57.623700 W,5.5,211.8,A,Primary,Headline,10.163265,D,S,502669.000000
Tue Aug 05 12:14:42 2025,05-Aug-2025,151455,47 56.820000 N,063 57.624900 W,5.5,211.8,A,Primary,Headline,10.163265,D,S,502669.000000
Tue Aug 05 12:14:47 2025,05-Aug-2025,151456,47 56.818600 N,063 57.626100 W,5.5,211.6,A,Primary,Headline,9.387755,D,S,473856.000000
Tue Aug 05 12:14:47 2025,05-Aug-2025,151457,47 56.817300 N,063 57.627300 W,5.5,211.5,A,Primary,Headline,9.387755,D,S,473856.000000
Tue Aug 05 12:14:47 2025,05-Aug-2025,151458,47 56.816000 N,063 57.628400 W,5.5,211.6,A,Primary,Headline,9.387755,D,S,473856.000000
Tue Aug 05 12:14:47 2025,05-Aug-2025,151459,47 56.814700 N,063 57.629600 W,5.5,211.7,A,Primary,Headline,9.387755,D,S,473856.000000
Tue Aug 05 12:14:47 2025,05-Aug-2025,151500,47 56.813400 N,063 57.630900 W,5.5,211.9,A,Primary,Headline,9.387755,D,S,473856.000000
Tue Aug 05 12:14:52 2025,05-Aug-2025,151501,47 56.812100 N,063 57.632100 W,5.5,211.9,A,Primary,Headline,3.979592,D,P,301335.000000
Tue Aug 05 12:14:52 2025,05-Aug-2025,151502,47 56.810800 N,063 57.633200 W,5.5,211.8,A,Primary,Headline,3.979592,D,P,301335.000000
Tue Aug 05 12:14:52 2025,05-Aug-2025,151503,47 56.809600 N,063 57.634400 W,5.5,211.8,A,Primary,Headline,3.979592,D,P,301335.000000
Tue Aug 05 12:14:52 2025,05-Aug-2025,151504,47 56.808400 N,063 57.635700 W,5.5,212.0,A,Primary,Headline,3.979592,D,P,301335.000000
Tue Aug 05 12:14:52 2025,05-Aug-2025,151505,47 56.807200 N,063 57.637100 W,5.5,212.4,A,Primary,Headline,3.979592,D,P,301335.000000
Tue Aug 05 12:14:57 2025,05-Aug-2025,151506,47 56.806000 N,063 57.638300 W,5.5,212.5,A,Primary,Headline,3.469388,D,S,346332.000000
Tue Aug 05 12:14:57 2025,05-Aug-2025,151507,47 56.804700 N,063 57.639500 W,5.5,212.5,A,Primary,Headline,3.469388,D,S,346332.000000
Tue Aug 05 12:14:57 2025,05-Aug-2025,151508,47 56.803500 N,063 57.640800 W,5.5,212.6,A,Primary,Headline,3.469388,D,S,346332.000000
Tue Aug 05 12:14:57 2025,05-Aug-2025,151509,47 56.802300 N,063 57.642000 W,5.5,212.7,A,Primary,Headline,3.469388,D,S,346332.000000
Tue Aug 05 12:15:01 2025,05-Aug-2025,151510,47 56.801000 N,063 57.643200 W,5.5,212.9,A,Depth,Depth,17.870370,D,S,393280.000000
Tue Aug 05 12:15:01 2025,05-Aug-2025,151511,47 56.799800 N,063 57.644500 W,5.5,213.0,A,Depth,Depth,17.870370,D,S,393280.000000
Tue Aug 05 12:15:02 2025,05-Aug-2025,151512,47 56.798400 N,063 57.645700 W,5.5,213.0,A,Primary,Headline,3.448980,D,S,614024.000000
Tue Aug 05 12:15:02 2025,05-Aug-2025,151513,47 56.797100 N,063 57.646900 W,5.5,212.9,A,Primary,Headline,3.448980,D,S,614024.000000
Tue Aug 05 12:15:02 2025,05-Aug-2025,151514,47 56.795800 N,063 57.648000 W,5.5,212.9,A,Primary,Headline,3.448980,D,S,614024.000000
Tue Aug 05 12:15:02 2025,05-Aug-2025,151515,47 56.794500 N,063 57.649200 W,5.4,212.8,A,Primary,Headline,3.448980,D,S,614024.000000
Tue Aug 05 12:15:02 2025,05-Aug-2025,151516,47 56.793300 N,063 57.650500 W,5.4,212.8,A,Primary,Headline,3.448980,D,S,614024.000000
Tue Aug 05 12:15:08 2025,05-Aug-2025,151517,47 56.792000 N,063 57.651600 W,5.4,212.9,A,Primary,Headline,43.489796,D,S,388171.000000
Tue Aug 05 12:15:08 2025,05-Aug-2025,151518,47 56.790800 N,063 57.652800 W,5.4,212.9,A,Depth,Depth,18.981481,D,S,441819.000000
Tue Aug 05 12:15:08 2025,05-Aug-2025,151519,47 56.789500 N,063 57.654000 W,5.3,212.9,A,Depth,Depth,18.981481,D,S,441819.000000
Tue Aug 05 12:15:08 2025,05-Aug-2025,151520,47 56.788300 N,063 57.655200 W,5.4,212.8,A,Depth,Depth,18.981481,D,S,441819.000000
Tue Aug 05 12:15:08 2025,05-Aug-2025,151521,47 56.787000 N,063 57.656300 W,5.3,212.9,A,Depth,Depth,18.981481,D,S,441819.000000
Tue Aug 05 12:15:13 2025,05-Aug-2025,151522,47 56.785800 N,063 57.657500 W,5.3,213.0,A,Primary,Headline,3.857143,D,S,563510.000000
Tue Aug 05 12:15:13 2025,05-Aug-2025,151523,47 56.784700 N,063 57.658700 W,5.3,213.1,A,Primary,Headline,3.857143,D,S,563510.000000
Tue Aug 05 12:15:13 2025,05-Aug-2025,151524,47 56.783600 N,063 57.659900 W,5.3,213.2,A,Primary,Headline,3.857143,D,S,563510.000000
Tue Aug 05 12:15:15 2025,05-Aug-2025,151525,47 56.782500 N,063 57.661000 W,5.3,213.1,A,Depth,Depth,18.796296,D,S,529389.000000
Tue Aug 05 12:15:15 2025,05-Aug-2025,151526,47 56.781300 N,063 57.662100 W,5.3,213.1,A,Depth,Depth,18.796296,D,S,529389.000000
Tue Aug 05 12:15:18 2025,05-Aug-2025,151527,47 56.780200 N,063 57.663300 W,5.3,213.0,A,DoorSpread,DoorMaster,4.930000,D,S,448910.000000
Tue Aug 05 12:15:19 2025,05-Aug-2025,151528,47 56.778900 N,063 57.664400 W,5.2,212.9,A,Primary,Headline,52.632653,D,S,738173.000000
Tue Aug 05 12:15:19 2025,05-Aug-2025,151529,47 56.777800 N,063 57.665500 W,5.2,213.0,A,Primary,Headline,52.632653,D,S,738173.000000
Tue Aug 05 12:15:19 2025,05-Aug-2025,151530,47 56.776500 N,063 57.666600 W,5.2,212.9,A,Primary,Headline,52.632653,D,S,738173.000000
Tue Aug 05 12:15:19 2025,05-Aug-2025,151531,47 56.775300 N,063 57.667800 W,5.2,212.7,A,Primary,Headline,52.632653,D,S,738173.000000
Tue Aug 05 12:15:23 2025,05-Aug-2025,151532,47 56.774100 N,063 57.668900 W,5.2,212.7,A,DoorSpread,DoorMaster,4.720000,D,S,267944.000000
Tue Aug 05 12:15:23 2025,05-Aug-2025,151533,47 56.772900 N,063 57.670100 W,5.2,212.9,A,DoorSpread,DoorMaster,4.720000,D,S,267944.000000
Tue Aug 05 12:15:25 2025,05-Aug-2025,151534,47 56.771800 N,063 57.671400 W,5.2,213.4,A,Primary,Headline,51.591837,D,S,276488.000000
Tue Aug 05 12:15:25 2025,05-Aug-2025,151535,47 56.770600 N,063 57.672600 W,5.2,213.6,A,Primary,Headline,51.591837,D,S,276488.000000
Tue Aug 05 12:15:25 2025,05-Aug-2025,151536,47 56.769300 N,063 57.673700 W,5.2,213.5,A,Primary,Headline,51.591837,D,S,276488.000000
Tue Aug 05 12:15:25 2025,05-Aug-2025,151537,47 56.768000 N,063 57.674900 W,5.2,213.3,A,Primary,Headline,51.591837,D,S,276488.000000
Tue Aug 05 12:15:29 2025,05-Aug-2025,151538,47 56.766800 N,063 57.676000 W,5.1,213.2,A,DoorSpread,DoorMaster,4.690000,D,P,279439.000000
Tue Aug 05 12:15:30 2025,05-Aug-2025,151539,47 56.765600 N,063 57.677200 W,5.1,213.4,A,Depth,Depth,21.481481,D,S,310297.000000
Tue Aug 05 12:15:30 2025,05-Aug-2025,151540,47 56.764500 N,063 57.678400 W,5.1,213.7,A,Primary,Headline,42.061224,D,P,279486.000000
Tue Aug 05 12:15:30 2025,05-Aug-2025,151541,47 56.763300 N,063 57.679500 W,5.1,213.6,A,Primary,Headline,42.061224,D,P,279486.000000
Tue Aug 05 12:15:30 2025,05-Aug-2025,151542,47 56.762000 N,063 57.680600 W,5.1,213.4,A,Primary,Headline,42.061224,D,P,279486.000000
Tue Aug 05 12:15:34 2025,05-Aug-2025,151543,47 56.760700 N,063 57.681700 W,5.1,213.4,A,DoorSpread,DoorMaster,4.715000,D,S,254881.000000
Tue Aug 05 12:15:34 2025,05-Aug-2025,151544,47 56.759500 N,063 57.682800 W,5.1,213.5,A,DoorSpread,DoorMaster,4.715000,D,S,254881.000000
Tue Aug 05 12:15:34 2025,05-Aug-2025,151545,47 56.758300 N,063 57.683800 W,5.1,213.7,A,DoorSpread,DoorMaster,4.715000,D,S,254881.000000
Tue Aug 05 12:15:37 2025,05-Aug-2025,151546,47 56.757100 N,063 57.685000 W,5.1,213.7,A,Depth,Depth,23.981481,D,S,203622.000000
Tue Aug 05 12:15:37 2025,05-Aug-2025,151547,47 56.756000 N,063 57.686000 W,5.1,213.5,A,Depth,Depth,23.981481,D,S,203622.000000
Tue Aug 05 12:15:37 2025,05-Aug-2025,151548,47 56.754800 N,063 57.687100 W,5.1,213.4,A,Depth,Depth,23.981481,D,S,203622.000000
Tue Aug 05 12:15:37 2025,05-Aug-2025,151549,47 56.753700 N,063 57.688200 W,5.1,213.4,A,Depth,Depth,23.981481,D,S,203622.000000
Tue Aug 05 12:15:37 2025,05-Aug-2025,151550,47 56.752500 N,063 57.689400 W,5.1,213.7,A,Depth,Depth,23.981481,D,S,203622.000000
Tue Aug 05 12:15:42 2025,05-Aug-2025,151551,47 56.751400 N,063 57.690600 W,5.1,213.7,A,Primary,Headline,57.224490,D,P,218563.000000
Tue Aug 05 12:15:42 2025,05-Aug-2025,151552,47 56.750300 N,063 57.691700 W,5.1,213.7,A,Primary,Headline,57.387755,D,S,383805.000000
Tue Aug 05 12:15:44 2025,05-Aug-2025,151553,47 56.749100 N,063 57.692800 W,5.1,213.6,A,Depth,Depth,24.166667,D,S,521348.000000
Tue Aug 05 12:15:44 2025,05-Aug-2025,151554,47 56.747900 N,063 57.694000 W,5.1,213.4,A,Depth,Depth,24.166667,D,S,521348.000000
Tue Aug 05 12:15:44 2025,05-Aug-2025,151555,47 56.746700 N,063 57.695200 W,5.1,213.4,A,Depth,Depth,24.166667,D,S,521348.000000
Tue Aug 05 12:15:44 2025,05-Aug-2025,151556,47 56.745600 N,063 57.696400 W,5.1,213.4,A,Depth,Depth,24.166667,D,S,521348.000000
Tue Aug 05 12:15:48 2025,05-Aug-2025,151557,47 56.744300 N,063 57.697600 W,5.1,213.4,A,Primary,Headline,23.734694,D,S,257211.000000
Tue Aug 05 12:15:48 2025,05-Aug-2025,151558,47 56.743100 N,063 57.698900 W,5.0,213.3,A,Primary,Headline,23.734694,D,S,257211.000000
Tue Aug 05 12:15:48 2025,05-Aug-2025,151559,47 56.741900 N,063 57.700200 W,5.0,213.3,A,Primary,Headline,23.734694,D,S,257211.000000
Tue Aug 05 12:15:51 2025,05-Aug-2025,151600,47 56.740600 N,063 57.701400 W,5.1,213.3,A,Depth,Depth,26.111111,D,S,283754.000000
Tue Aug 05 12:15:51 2025,05-Aug-2025,151601,47 56.739300 N,063 57.702600 W,5.1,213.2,A,Depth,Depth,26.111111,D,S,283754.000000
Tue Aug 05 12:15:51 2025,05-Aug-2025,151602,47 56.738000 N,063 57.703900 W,5.1,213.2,A,Depth,Depth,26.111111,D,S,283754.000000
Tue Aug 05 12:15:54 2025,05-Aug-2025,151603,47 56.736800 N,063 57.705200 W,5.0,213.3,A,Primary,Headline,55.836735,D,S,159014.000000
Tue Aug 05 12:15:54 2025,05-Aug-2025,151604,47 56.735600 N,063 57.706500 W,5.1,213.3,A,Primary,Headline,55.836735,D,S,159014.000000
Tue Aug 05 12:15:54 2025,05-Aug-2025,151605,47 56.734300 N,063 57.707600 W,5.1,213.3,A,Primary,Headline,55.836735,D,S,159014.000000
Tue Aug 05 12:15:54 2025,05-Aug-2025,151606,47 56.733100 N,063 57.708800 W,5.0,213.3,A,Primary,Headline,55.836735,D,S,159014.000000
Tue Aug 05 12:15:58 2025,05-Aug-2025,151607,47 56.731900 N,063 57.710000 W,5.0,213.4,A,Depth,Depth,27.962963,D,P,223145.000000
Tue Aug 05 12:15:58 2025,05-Aug-2025,151608,47 56.730600 N,063 57.711200 W,5.1,213.4,A,Depth,Depth,27.962963,D,P,223145.000000
Tue Aug 05 12:15:59 2025,05-Aug-2025,151609,47 56.729400 N,063 57.712400 W,5.1,213.4,A,Primary,Headline,50.306122,D,S,238872.000000
Tue Aug 05 12:15:59 2025,05-Aug-2025,151610,47 56.728300 N,063 57.713600 W,5.0,213.4,A,Primary,Headline,50.306122,D,S,238872.000000
Tue Aug 05 12:15:59 2025,05-Aug-2025,151611,47 56.727200 N,063 57.714800 W,5.0,213.6,A,Primary,Headline,50.306122,D,S,238872.000000
Tue Aug 05 12:15:59 2025,05-Aug-2025,151612,47 56.726100 N,063 57.716000 W,5.0,213.8,A,Primary,Headline,50.306122,D,S,238872.000000
Tue Aug 05 12:15:59 2025,05-Aug-2025,151613,47 56.725000 N,063 57.717100 W,5.0,214.0,A,Primary,Headline,50.306122,D,S,238872.000000
Tue Aug 05 12:16:05 2025,05-Aug-2025,151614,47 56.723900 N,063 57.718200 W,5.0,214.1,A,Primary,Headline,56.714286,D,P,166073.000000
Tue Aug 05 12:16:05 2025,05-Aug-2025,151615,47 56.722800 N,063 57.719400 W,5.0,214.1,A,Primary,Headline,56.714286,D,P,166073.000000
Tue Aug 05 12:16:05 2025,05-Aug-2025,151616,47 56.721600 N,063 57.720600 W,5.0,214.3,A,Primary,Headline,56.714286,D,P,166073.000000
Tue Aug 05 12:16:05 2025,05-Aug-2025,151617,47 56.720400 N,063 57.721900 W,5.0,214.4,A,Primary,Headline,56.714286,D,P,166073.000000
Tue Aug 05 12:16:05 2025,05-Aug-2025,151618,47 56.719300 N,063 57.723100 W,5.0,214.4,A,Primary,Headline,56.714286,D,P,166073.000000
Tue Aug 05 12:16:05 2025,05-Aug-2025,151619,47 56.718200 N,063 57.724300 W,5.0,214.3,A,Primary,Headline,56.714286,D,P,166073.000000
Tue Aug 05 12:16:11 2025,05-Aug-2025,151620,47 56.717100 N,063 57.725300 W,5.0,214.4,A,Primary,Headline,44.755102,D,P,155557.000000
Tue Aug 05 12:16:12 2025,05-Aug-2025,151621,47 56.716000 N,063 57.726400 W,5.0,214.6,A,Depth,Depth,31.296296,D,S,154271.000000
Tue Aug 05 12:16:12 2025,05-Aug-2025,151622,47 56.714900 N,063 57.727600 W,5.0,214.8,A,Depth,Depth,31.296296,D,S,154271.000000
Tue Aug 05 12:16:12 2025,05-Aug-2025,151623,47 56.713800 N,063 57.728700 W,5.0,214.8,A,Depth,Depth,31.296296,D,S,154271.000000
Tue Aug 05 12:16:12 2025,05-Aug-2025,151624,47 56.712700 N,063 57.729700 W,5.0,214.7,A,Depth,Depth,31.296296,D,S,154271.000000
Tue Aug 05 12:16:16 2025,05-Aug-2025,151625,47 56.711500 N,063 57.730700 W,5.0,214.7,A,Primary,Headline,10.632653,D,S,165887.000000
Tue Aug 05 12:16:16 2025,05-Aug-2025,151626,47 56.710400 N,063 57.731700 W,5.0,215.0,A,Primary,Headline,10.632653,D,S,165887.000000
Tue Aug 05 12:16:16 2025,05-Aug-2025,151627,47 56.709200 N,063 57.732700 W,5.0,215.1,A,Primary,Headline,10.632653,D,S,165887.000000
Tue Aug 05 12:16:16 2025,05-Aug-2025,151628,47 56.708100 N,063 57.733700 W,5.0,215.1,A,Primary,Headline,10.632653,D,S,165887.000000
Tue Aug 05 12:16:19 2025,05-Aug-2025,151629,47 56.707000 N,063 57.734700 W,5.0,215.2,A,Depth,Depth,32.777778,D,S,101991.000000
Tue Aug 05 12:16:19 2025,05-Aug-2025,151630,47 56.705800 N,063 57.735800 W,5.0,215.4,A,Depth,Depth,32.777778,D,S,101991.000000
Tue Aug 05 12:16:22 2025,05-Aug-2025,151631,47 56.704700 N,063 57.737000 W,5.0,215.4,A,Primary,Headline,45.428571,D,S,208782.000000
Tue Aug 05 12:16:22 2025,05-Aug-2025,151632,47 56.703500 N,063 57.738100 W,5.0,215.3,A,Primary,Headline,45.428571,D,S,208782.000000
Tue Aug 05 12:16:22 2025,05-Aug-2025,151633,47 56.702300 N,063 57.739300 W,4.9,215.5,A,Primary,Headline,45.428571,D,S,208782.000000
Tue Aug 05 12:16:22 2025,05-Aug-2025,151634,47 56.701300 N,063 57.740700 W,5.0,215.8,A,Primary,Headline,45.428571,D,S,208782.000000
Tue Aug 05 12:16:25 2025,05-Aug-2025,151635,47 56.700200 N,063 57.742000 W,5.0,215.9,A,DoorSpread,DoorMaster,5.460000,D,S,420949.000000
Tue Aug 05 12:16:27 2025,05-Aug-2025,151636,47 56.699100 N,063 57.743100 W,4.9,215.6,A,Depth,Depth,35.648148,D,S,237420.000000
Tue Aug 05 12:16:27 2025,05-Aug-2025,151637,47 56.698000 N,063 57.744300 W,4.9,215.4,A,Primary,Headline,27.285714,D,S,351585.000000
Tue Aug 05 12:16:27 2025,05-Aug-2025,151638,47 56.696900 N,063 57.745500 W,5.0,215.4,A,Primary,Headline,27.285714,D,S,351585.000000
Tue Aug 05 12:16:27 2025,05-Aug-2025,151639,47 56.695800 N,063 57.746800 W,4.9,215.7,A,Primary,Headline,27.285714,D,S,351585.000000
Tue Aug 05 12:16:27 2025,05-Aug-2025,151640,47 56.694800 N,063 57.748000 W,4.9,215.8,A,Primary,Headline,27.285714,D,S,351585.000000
Tue Aug 05 12:16:27 2025,05-Aug-2025,151641,47 56.693700 N,063 57.749200 W,4.9,215.8,A,Primary,Headline,27.285714,D,S,351585.000000
Tue Aug 05 12:16:33 2025,05-Aug-2025,151642,47 56.692600 N,063 57.750300 W,4.9,215.6,A,Primary,Headline,42.979592,D,S,399246.000000
Tue Aug 05 12:16:34 2025,05-Aug-2025,151643,47 56.691500 N,063 57.751500 W,4.9,215.6,A,Depth,Depth,36.481481,D,P,219847.000000
Tue Aug 05 12:16:34 2025,05-Aug-2025,151644,47 56.690500 N,063 57.752700 W,4.9,215.5,A,Depth,Depth,36.481481,D,P,219847.000000
Tue Aug 05 12:16:34 2025,05-Aug-2025,151645,47 56.689500 N,063 57.753900 W,4.9,215.3,A,Depth,Depth,36.481481,D,P,219847.000000
Tue Aug 05 12:16:34 2025,05-Aug-2025,151646,47 56.688400 N,063 57.755200 W,4.9,215.1,A,Depth,Depth,36.481481,D,P,219847.000000
Tue Aug 05 12:16:38 2025,05-Aug-2025,151647,47 56.687500 N,063 57.756300 W,4.9,215.0,A,Primary,Headline,10.326531,D,S,329770.000000
Tue Aug 05 12:16:38 2025,05-Aug-2025,151648,47 56.686500 N,063 57.757500 W,4.9,214.7,A,Primary,Headline,10.326531,D,S,329770.000000
Tue Aug 05 12:16:38 2025,05-Aug-2025,151649,47 56.685500 N,063 57.758600 W,4.9,214.6,A,Primary,Headline,10.326531,D,S,329770.000000
Tue Aug 05 12:16:41 2025,05-Aug-2025,151650,47 56.684400 N,063 57.759800 W,4.9,214.4,A,DoorSpread,DoorMaster,5.825000,D,S,253795.000000
Tue Aug 05 12:16:41 2025,05-Aug-2025,151651,47 56.683200 N,063 57.760900 W,4.9,214.3,A,DoorSpread,DoorMaster,5.825000,D,S,253795.000000
Tue Aug 05 12:16:41 2025,05-Aug-2025,151652,47 56.682100 N,063 57.761900 W,4.9,214.1,A,DoorSpread,DoorMaster,5.825000,D,S,253795.000000
Tue Aug 05 12:16:44 2025,05-Aug-2025,151653,47 56.680900 N,063 57.763000 W,4.9,214.0,A,Primary,Headline,8.816327,D,S,422785.000000
Tue Aug 05 12:16:44 2025,05-Aug-2025,151654,47 56.679800 N,063 57.764000 W,4.9,214.0,A,Primary,Headline,8.816327,D,S,422785.000000
Tue Aug 05 12:16:44 2025,05-Aug-2025,151655,47 56.678600 N,063 57.765200 W,4.9,213.8,A,Primary,Headline,8.816327,D,S,422785.000000
Tue Aug 05 12:16:47 2025,05-Aug-2025,151656,47 56.677600 N,063 57.766400 W,4.9,213.9,A,DoorSpread,DoorMaster,5.720000,D,P,180998.000000
Tue Aug 05 12:16:48 2025,05-Aug-2025,151657,47 56.676500 N,063 57.767700 W,4.9,214.3,A,Depth,Depth,40.185185,D,S,268458.000000
Tue Aug 05 12:16:49 2025,05-Aug-2025,151658,47 56.675500 N,063 57.768900 W,4.9,214.6,A,Primary,Headline,40.918367,D,P,40090.000000
Tue Aug 05 12:16:49 2025,05-Aug-2025,151659,47 56.674400 N,063 57.770100 W,4.9,214.7,A,Primary,Headline,40.918367,D,P,40090.000000
Tue Aug 05 12:16:49 2025,05-Aug-2025,151700,47 56.673200 N,063 57.771100 W,4.9,214.8,A,Primary,Headline,40.918367,D,P,40090.000000
Tue Aug 05 12:16:52 2025,05-Aug-2025,151701,47 56.672000 N,063 57.772100 W,4.9,214.6,A,DoorSpread,DoorMaster,5.695000,D,S,265281.000000
Tue Aug 05 12:16:52 2025,05-Aug-2025,151702,47 56.670900 N,063 57.773000 W,4.9,214.6,A,DoorSpread,DoorMaster,5.695000,D,S,265281.000000
Tue Aug 05 12:16:52 2025,05-Aug-2025,151703,47 56.669700 N,063 57.774100 W,4.9,214.8,A,DoorSpread,DoorMaster,5.695000,D,S,265281.000000
Tue Aug 05 12:16:55 2025,05-Aug-2025,151704,47 56.668600 N,063 57.775200 W,4.9,215.0,A,Depth,Depth,42.314815,D,S,196739.000000
Tue Aug 05 12:16:55 2025,05-Aug-2025,151705,47 56.667500 N,063 57.776200 W,4.9,215.1,A,Depth,Depth,42.314815,D,S,196739.000000
Tue Aug 05 12:16:55 2025,05-Aug-2025,151706,47 56.666400 N,063 57.777300 W,4.9,215.2,A,Depth,Depth,42.314815,D,S,196739.000000
Tue Aug 05 12:16:55 2025,05-Aug-2025,151707,47 56.665300 N,063 57.778400 W,4.9,215.2,A,Depth,Depth,42.314815,D,S,196739.000000
Tue Aug 05 12:16:55 2025,05-Aug-2025,151708,47 56.664200 N,063 57.779400 W,4.9,215.2,A,Depth,Depth,42.314815,D,S,196739.000000
Tue Aug 05 12:16:55 2025,05-Aug-2025,151709,47 56.663200 N,063 57.780500 W,4.9,214.9,A,Depth,Depth,42.314815,D,S,196739.000000
Tue Aug 05 12:17:01 2025,05-Aug-2025,151710,47 56.662100 N,063 57.781600 W,4.9,214.7,A,Primary,Headline,51.428571,D,S,433474.000000
Tue Aug 05 12:17:02 2025,05-Aug-2025,151711,47 56.661100 N,063 57.782700 W,4.9,214.7,A,Depth,Depth,52.962963,D,S,302945.000000
Tue Aug 05 12:17:02 2025,05-Aug-2025,151712,47 56.660100 N,063 57.783800 W,4.9,214.8,A,Depth,Depth,52.962963,D,S,302945.000000
Tue Aug 05 12:17:02 2025,05-Aug-2025,151713,47 56.659100 N,063 57.784900 W,4.9,214.8,A,Depth,Depth,52.962963,D,S,302945.000000
Tue Aug 05 12:17:02 2025,05-Aug-2025,151714,47 56.658000 N,063 57.786000 W,4.9,214.7,A,Depth,Depth,52.962963,D,S,302945.000000
Tue Aug 05 12:17:02 2025,05-Aug-2025,151715,47 56.657000 N,063 57.787100 W,4.9,215.0,A,Depth,Depth,52.962963,D,S,302945.000000
Tue Aug 05 12:17:07 2025,05-Aug-2025,151716,47 56.656000 N,063 57.788300 W,4.9,215.4,A,Primary,Headline,58.775510,D,S,208382.000000
Tue Aug 05 12:17:08 2025,05-Aug-2025,151717,47 56.655000 N,063 57.789500 W,4.9,215.3,A,DoorSpread,DoorMaster,5.920000,D,S,468176.000000
Tue Aug 05 12:17:08 2025,05-Aug-2025,151718,47 56.653900 N,063 57.790500 W,4.9,215.1,A,DoorSpread,DoorMaster,5.920000,D,S,468176.000000
Tue Aug 05 12:17:09 2025,05-Aug-2025,151719,47 56.652800 N,063 57.791600 W,4.9,215.0,A,Depth,Depth,37.222222,D,S,209565.000000
Tue Aug 05 12:17:09 2025,05-Aug-2025,151720,47 56.651700 N,063 57.792800 W,4.8,215.1,A,Depth,Depth,37.222222,D,S,209565.000000
Tue Aug 05 12:17:12 2025,05-Aug-2025,151721,47 56.650600 N,063 57.793900 W,4.8,215.1,A,Primary,Headline,35.959184,D,S,186739.000000
Tue Aug 05 12:17:13 2025,05-Aug-2025,151722,47 56.649600 N,063 57.795100 W,4.8,215.2,A,DoorSpread,DoorMaster,5.970000,D,S,363838.000000
Tue Aug 05 12:17:13 2025,05-Aug-2025,151723,47 56.648500 N,063 57.796300 W,4.8,215.3,A,DoorSpread,DoorMaster,5.970000,D,S,363838.000000
Tue Aug 05 12:17:13 2025,05-Aug-2025,151724,47 56.647300 N,063 57.797400 W,4.8,215.1,A,DoorSpread,DoorMaster,5.970000,D,S,363838.000000
Tue Aug 05 12:17:13 2025,05-Aug-2025,151725,47 56.646100 N,063 57.798600 W,4.9,215.2,A,DoorSpread,DoorMaster,5.970000,D,S,363838.000000
Tue Aug 05 12:17:17 2025,05-Aug-2025,151726,47 56.645000 N,063 57.799900 W,4.9,215.3,A,Depth,Depth,48.703704,D,S,54969.000000
Tue Aug 05 12:17:18 2025,05-Aug-2025,151727,47 56.643800 N,063 57.801100 W,4.9,215.3,A,Primary,Headline,49.061224,D,S,104731.000000
Tue Aug 05 12:17:18 2025,05-Aug-2025,151728,47 56.642700 N,063 57.802100 W,4.9,215.2,A,Primary,Headline,49.061224,D,S,104731.000000
Tue Aug 05 12:17:18 2025,05-Aug-2025,151729,47 56.641500 N,063 57.803100 W,4.9,215.2,A,Primary,Headline,49.061224,D,S,104731.000000
Tue Aug 05 12:17:18 2025,05-Aug-2025,151730,47 56.640400 N,063 57.804200 W,4.9,215.3,A,Primary,Headline,49.061224,D,S,104731.000000
Tue Aug 05 12:17:18 2025,05-Aug-2025,151731,47 56.639300 N,063 57.805400 W,4.9,215.3,A,Primary,Headline,49.061224,D,S,104731.000000
Tue Aug 05 12:17:18 2025,05-Aug-2025,151732,47 56.638200 N,063 57.806400 W,4.9,215.2,A,Primary,Headline,49.061224,D,S,104731.000000
Tue Aug 05 12:17:24 2025,05-Aug-2025,151733,47 56.637000 N,063 57.807500 W,4.9,215.2,A,Primary,Headline,43.510204,D,S,140406.000000
Tue Aug 05 12:17:24 2025,05-Aug-2025,151734,47 56.635800 N,063 57.808600 W,4.9,215.2,A,Primary,Headline,43.510204,D,S,140406.000000
Tue Aug 05 12:17:24 2025,05-Aug-2025,151735,47 56.634500 N,063 57.809700 W,5.1,214.9,A,Primary,Headline,43.510204,D,S,140406.000000
Tue Aug 05 12:17:24 2025,05-Aug-2025,151736,47 56.633300 N,063 57.810800 W,5.0,214.9,A,Primary,Headline,43.510204,D,S,140406.000000
Tue Aug 05 12:17:24 2025,05-Aug-2025,151737,47 56.632200 N,063 57.811900 W,5.0,215.1,A,Primary,Headline,43.510204,D,S,140406.000000
Tue Aug 05 12:17:24 2025,05-Aug-2025,151738,47 56.631200 N,063 57.813000 W,5.0,215.2,A,Primary,Headline,43.510204,D,S,140406.000000
Tue Aug 05 12:17:29 2025,05-Aug-2025,151739,47 56.630100 N,063 57.814100 W,5.0,215.2,A,Primary,Headline,44.020408,D,S,139502.000000
Tue Aug 05 12:17:29 2025,05-Aug-2025,151740,47 56.629000 N,063 57.815300 W,5.0,215.2,A,Primary,Headline,44.020408,D,S,139502.000000
Tue Aug 05 12:17:29 2025,05-Aug-2025,151741,47 56.627900 N,063 57.816500 W,5.0,215.4,A,Primary,Headline,44.020408,D,S,139502.000000
Tue Aug 05 12:17:29 2025,05-Aug-2025,151742,47 56.626900 N,063 57.817800 W,5.0,215.5,A,Primary,Headline,44.020408,D,S,139502.000000
Tue Aug 05 12:17:29 2025,05-Aug-2025,151743,47 56.625800 N,063 57.819000 W,5.0,215.6,A,Primary,Headline,44.020408,D,S,139502.000000
Tue Aug 05 12:17:35 2025,05-Aug-2025,151744,47 56.624600 N,063 57.820000 W,5.0,215.6,A,Primary,Headline,45.897959,D,S,159777.000000
Tue Aug 05 12:17:35 2025,05-Aug-2025,151745,47 56.623500 N,063 57.821100 W,5.0,215.6,A,Primary,Headline,45.897959,D,S,159777.000000
Tue Aug 05 12:17:35 2025,05-Aug-2025,151746,47 56.622400 N,063 57.822100 W,5.0,215.5,A,Primary,Headline,45.897959,D,S,159777.000000
Tue Aug 05 12:17:38 2025,05-Aug-2025,151747,47 56.621400 N,063 57.823200 W,5.0,215.6,A,Depth,Depth,54.166667,D,S,106894.000000
Tue Aug 05 12:17:38 2025,05-Aug-2025,151748,47 56.620400 N,063 57.824300 W,5.0,215.6,A,Depth,Depth,54.166667,D,S,106894.000000
Tue Aug 05 12:17:38 2025,05-Aug-2025,151749,47 56.619300 N,063 57.825400 W,5.0,215.5,A,Depth,Depth,54.166667,D,S,106894.000000
Tue Aug 05 12:17:41 2025,05-Aug-2025,151750,47 56.618100 N,063 57.826600 W,5.0,215.5,A,Primary,Headline,58.469388,D,P,62687.000000
Tue Aug 05 12:17:41 2025,05-Aug-2025,151751,47 56.617100 N,063 57.827800 W,5.0,215.6,A,Primary,Headline,58.469388,D,P,62687.000000
Tue Aug 05 12:17:41 2025,05-Aug-2025,151752,47 56.615900 N,063 57.829000 W,5.0,215.9,A,Primary,Headline,58.469388,D,P,62687.000000
Tue Aug 05 12:17:41 2025,05-Aug-2025,151753,47 56.614800 N,063 57.830300 W,5.0,216.0,A,Primary,Headline,58.469388,D,P,62687.000000
Tue Aug 05 12:17:41 2025,05-Aug-2025,151754,47 56.613600 N,063 57.831600 W,5.0,216.0,A,Primary,Headline,58.469388,D,P,62687.000000
Tue Aug 05 12:17:45 2025,05-Aug-2025,151755,47 56.612400 N,063 57.832900 W,5.0,215.9,A,Depth,Depth,56.574074,D,S,82803.000000
Tue Aug 05 12:17:47 2025,05-Aug-2025,151756,47 56.611200 N,063 57.834200 W,5.0,216.0,A,Primary,Headline,48.571429,D,S,109232.000000
Tue Aug 05 12:17:47 2025,05-Aug-2025,151757,47 56.609900 N,063 57.835500 W,5.0,216.1,A,Primary,Headline,48.571429,D,S,109232.000000
Tue Aug 05 12:17:49 2025,05-Aug-2025,151758,47 56.608700 N,063 57.836800 W,5.0,216.0,A,DoorSpread,DoorMaster,6.820000,D,S,333897.000000
Tue Aug 05 12:17:49 2025,05-Aug-2025,151759,47 56.607500 N,063 57.838000 W,5.0,215.7,A,DoorSpread,DoorMaster,6.820000,D,S,333897.000000
Tue Aug 05 12:17:49 2025,05-Aug-2025,151800,47 56.606300 N,063 57.839300 W,5.0,215.7,A,DoorSpread,DoorMaster,6.820000,D,S,333897.000000
Tue Aug 05 12:17:52 2025,05-Aug-2025,151801,47 56.605100 N,063 57.840600 W,5.0,215.9,A,Primary,Headline,4.836735,D,S,142344.000000
Tue Aug 05 12:17:53 2025,05-Aug-2025,151802,47 56.604100 N,063 57.841900 W,5.0,216.2,A,Depth,Depth,57.592593,D,P,101120.000000
Tue Aug 05 12:17:53 2025,05-Aug-2025,151803,47 56.603000 N,063 57.843200 W,5.0,216.3,A,Depth,Depth,57.592593,D,P,101120.000000
Tue Aug 05 12:17:55 2025,05-Aug-2025,151804,47 56.601900 N,063 57.844400 W,5.0,216.3,A,DoorSpread,DoorMaster,6.650000,D,S,575529.000000
Tue Aug 05 12:17:55 2025,05-Aug-2025,151805,47 56.600800 N,063 57.845600 W,5.0,216.1,A,DoorSpread,DoorMaster,6.650000,D,S,575529.000000
Tue Aug 05 12:17:57 2025,05-Aug-2025,151806,47 56.599700 N,063 57.846700 W,5.0,215.9,A,Primary,Headline,19.653061,D,S,119927.000000
Tue Aug 05 12:17:57 2025,05-Aug-2025,151807,47 56.598600 N,063 57.848000 W,5.0,215.8,A,Primary,Headline,19.653061,D,S,119927.000000
Tue Aug 05 12:17:57 2025,05-Aug-2025,151808,47 56.597400 N,063 57.849200 W,5.0,215.8,A,Primary,Headline,19.653061,D,S,119927.000000
Tue Aug 05 12:18:00 2025,05-Aug-2025,151809,47 56.596200 N,063 57.850400 W,5.0,215.4,A,DoorSpread,DoorMaster,6.945000,D,P,109277.000000
Tue Aug 05 12:18:00 2025,05-Aug-2025,151810,47 56.594900 N,063 57.851600 W,5.0,215.0,A,DoorSpread,DoorMaster,6.940000,D,S,448250.000000
Tue Aug 05 12:18:00 2025,05-Aug-2025,151811,47 56.593800 N,063 57.852800 W,5.0,215.0,A,DoorSpread,DoorMaster,6.940000,D,S,448250.000000
Tue Aug 05 12:18:02 2025,05-Aug-2025,151812,47 56.592700 N,063 57.854000 W,5.0,215.2,A,Primary,Headline,11.612245,D,P,114623.000000
Tue Aug 05 12:18:02 2025,05-Aug-2025,151813,47 56.591600 N,063 57.855300 W,5.0,215.1,A,Primary,Headline,11.612245,D,P,114623.000000
Tue Aug 05 12:18:02 2025,05-Aug-2025,151814,47 56.590400 N,063 57.856500 W,5.0,215.0,A,Primary,Headline,11.612245,D,P,114623.000000
Tue Aug 05 12:18:06 2025,05-Aug-2025,151815,47 56.589300 N,063 57.857700 W,4.9,215.0,A,DoorSpread,DoorMaster,7.025000,D,S,205538.000000
Tue Aug 05 12:18:07 2025,05-Aug-2025,151816,47 56.588200 N,063 57.858900 W,5.0,215.0,A,Depth,Depth,62.037037,D,S,74843.000000
Tue Aug 05 12:18:08 2025,05-Aug-2025,151817,47 56.587000 N,063 57.860200 W,5.0,215.1,A,Primary,Headline,54.836735,D,P,133518.000000
Tue Aug 05 12:18:08 2025,05-Aug-2025,151818,47 56.585900 N,063 57.861400 W,4.9,215.1,A,Primary,Headline,54.734694,D,S,110726.000000
Tue Aug 05 12:18:08 2025,05-Aug-2025,151819,47 56.584800 N,063 57.862600 W,4.9,215.1,A,Primary,Headline,54.734694,D,S,110726.000000
Tue Aug 05 12:18:08 2025,05-Aug-2025,151820,47 56.583700 N,063 57.863900 W,4.9,215.1,A,Primary,Headline,54.734694,D,S,110726.000000
Tue Aug 05 12:18:12 2025,05-Aug-2025,151821,47 56.582600 N,063 57.865100 W,4.9,215.2,A,DoorSpread,DoorMaster,7.395000,D,S,400508.000000
Tue Aug 05 12:18:12 2025,05-Aug-2025,151822,47 56.581500 N,063 57.866300 W,5.0,215.1,A,DoorSpread,DoorMaster,7.395000,D,S,400508.000000
Tue Aug 05 12:18:14 2025,05-Aug-2025,151823,47 56.580300 N,063 57.867500 W,5.0,215.1,A,Primary,Headline,55.795918,D,S,77463.000000
Tue Aug 05 12:18:14 2025,05-Aug-2025,151824,47 56.579200 N,063 57.868800 W,4.9,215.2,A,Primary,Headline,55.795918,D,S,77463.000000
Tue Aug 05 12:18:14 2025,05-Aug-2025,151825,47 56.578200 N,063 57.870000 W,4.9,215.2,A,Primary,Headline,55.795918,D,S,77463.000000
Tue Aug 05 12:18:14 2025,05-Aug-2025,151826,47 56.577100 N,063 57.871100 W,4.9,215.1,A,Primary,Headline,55.795918,D,S,77463.000000
Tue Aug 05 12:18:14 2025,05-Aug-2025,151827,47 56.575900 N,063 57.872100 W,4.9,214.8,A,Primary,Headline,55.795918,D,S,77463.000000
Tue Aug 05 12:18:14 2025,05-Aug-2025,151828,47 56.574800 N,063 57.873100 W,4.9,214.6,A,Primary,Headline,55.795918,D,S,77463.000000
Tue Aug 05 12:18:19 2025,05-Aug-2025,151829,47 56.573700 N,063 57.874200 W,4.9,214.6,A,Primary,Headline,10.387755,D,S,89720.000000
Tue Aug 05 12:18:19 2025,05-Aug-2025,151830,47 56.572600 N,063 57.875400 W,4.9,214.5,A,Primary,Headline,10.387755,D,S,89720.000000
Tue Aug 05 12:18:19 2025,05-Aug-2025,151831,47 56.571500 N,063 57.876600 W,4.9,214.7,A,Primary,Headline,10.387755,D,S,89720.000000
Tue Aug 05 12:18:22 2025,05-Aug-2025,151832,47 56.570400 N,063 57.877700 W,4.9,214.8,A,DoorSpread,DoorMaster,8.825000,D,P,52634.000000
Tue Aug 05 12:18:22 2025,05-Aug-2025,151833,47 56.569400 N,063 57.878900 W,4.9,214.8,A,DoorSpread,DoorMaster,8.825000,D,P,52634.000000
Tue Aug 05 12:18:25 2025,05-Aug-2025,151834,47 56.568300 N,063 57.880000 W,4.9,214.8,A,Primary,Headline,26.408163,D,S,186558.000000
Tue Aug 05 12:18:25 2025,05-Aug-2025,151835,47 56.567200 N,063 57.881300 W,4.9,215.0,A,Primary,Headline,26.408163,D,S,186558.000000
Tue Aug 05 12:18:25 2025,05-Aug-2025,151836,47 56.566200 N,063 57.882600 W,4.9,215.2,A,Primary,Headline,26.408163,D,S,186558.000000
Tue Aug 05 12:18:25 2025,05-Aug-2025,151837,47 56.565100 N,063 57.883800 W,4.9,215.4,A,Primary,Headline,26.408163,D,S,186558.000000
Tue Aug 05 12:18:29 2025,05-Aug-2025,151838,47 56.564100 N,063 57.885000 W,4.9,215.5,A,Depth,Depth,67.592593,D,S,164861.000000
Tue Aug 05 12:18:29 2025,05-Aug-2025,151839,47 56.562900 N,063 57.886100 W,4.9,215.6,A,Depth,Depth,67.592593,D,S,164861.000000
Tue Aug 05 12:18:30 2025,05-Aug-2025,151840,47 56.561800 N,063 57.887200 W,4.9,215.5,A,Primary,Headline,36.959184,D,S,139039.000000
Tue Aug 05 12:18:30 2025,05-Aug-2025,151841,47 56.560600 N,063 57.888400 W,4.9,215.5,A,Primary,Headline,36.959184,D,S,139039.000000
Tue Aug 05 12:18:33 2025,05-Aug-2025,151842,47 56.559400 N,063 57.889600 W,4.9,215.5,A,DoorSpread,DoorMaster,7.090000,D,S,175112.000000
Tue Aug 05 12:18:33 2025,05-Aug-2025,151843,47 56.558300 N,063 57.890700 W,4.9,215.5,A,DoorSpread,DoorMaster,7.090000,D,S,175112.000000
Tue Aug 05 12:18:33 2025,05-Aug-2025,151844,47 56.557200 N,063 57.891900 W,4.9,215.3,A,DoorSpread,DoorMaster,7.090000,D,S,175112.000000
Tue Aug 05 12:18:36 2025,05-Aug-2025,151845,47 56.555900 N,063 57.893100 W,5.0,215.1,A,Primary,Headline,27.653061,D,P,104011.000000
Tue Aug 05 12:18:36 2025,05-Aug-2025,151846,47 56.554700 N,063 57.894400 W,5.0,215.0,A,Primary,Headline,27.653061,D,P,104011.000000
Tue Aug 05 12:18:36 2025,05-Aug-2025,151847,47 56.553500 N,063 57.895700 W,5.0,214.9,A,Primary,Headline,27.653061,D,P,104011.000000
Tue Aug 05 12:18:36 2025,05-Aug-2025,151848,47 56.552400 N,063 57.896900 W,5.0,214.7,A,Primary,Headline,27.653061,D,P,104011.000000
Tue Aug 05 12:18:36 2025,05-Aug-2025,151849,47 56.551300 N,063 57.898100 W,4.9,214.6,A,Primary,Headline,27.653061,D,P,104011.000000
Tue Aug 05 12:18:36 2025,05-Aug-2025,151850,47 56.550200 N,063 57.899300 W,4.9,214.7,A,Primary,Headline,27.653061,D,P,104011.000000
Tue Aug 05 12:18:41 2025,05-Aug-2025,151851,47 56.549000 N,063 57.900600 W,5.0,214.7,A,Primary,Headline,35.040816,D,P,77506.000000
Tue Aug 05 12:18:41 2025,05-Aug-2025,151852,47 56.547900 N,063 57.901800 W,5.0,214.8,A,Primary,Headline,35.040816,D,P,77506.000000
Tue Aug 05 12:18:44 2025,05-Aug-2025,151853,47 56.546800 N,063 57.903000 W,5.0,215.0,A,DoorSpread,DoorMaster,8.975000,D,S,142270.000000
Tue Aug 05 12:18:44 2025,05-Aug-2025,151854,47 56.545800 N,063 57.904200 W,4.9,215.3,A,DoorSpread,DoorMaster,8.975000,D,S,142270.000000
Tue Aug 05 12:18:44 2025,05-Aug-2025,151855,47 56.544800 N,063 57.905500 W,4.9,215.4,A,DoorSpread,DoorMaster,8.975000,D,S,142270.000000
Tue Aug 05 12:18:47 2025,05-Aug-2025,151856,47 56.543600 N,063 57.906700 W,4.9,215.4,A,Primary,Headline,35.959184,D,S,142001.000000
Tue Aug 05 12:18:47 2025,05-Aug-2025,151857,47 56.542500 N,063 57.907900 W,4.9,215.4,A,Primary,Headline,35.959184,D,S,142001.000000
Tue Aug 05 12:18:47 2025,05-Aug-2025,151858,47 56.541300 N,063 57.909100 W,4.9,215.4,A,Primary,Headline,35.959184,D,S,142001.000000
Tue Aug 05 12:18:47 2025,05-Aug-2025,151859,47 56.540300 N,063 57.910200 W,4.9,215.4,A,Primary,Headline,35.959184,D,S,142001.000000
Tue Aug 05 12:18:51 2025,05-Aug-2025,151900,47 56.539200 N,063 57.911300 W,4.9,215.3,A,Depth,Depth,73.518519,D,P,91908.000000
Tue Aug 05 12:18:51 2025,05-Aug-2025,151901,47 56.538100 N,063 57.912500 W,4.9,215.4,A,Depth,Depth,73.518519,D,P,91908.000000
Tue Aug 05 12:18:53 2025,05-Aug-2025,151902,47 56.537100 N,063 57.913600 W,4.9,215.4,A,Primary,Headline,48.877551,D,S,116919.000000
Tue Aug 05 12:18:53 2025,05-Aug-2025,151903,47 56.536000 N,063 57.914600 W,4.9,215.4,A,Primary,Headline,48.877551,D,S,116919.000000
Tue Aug 05 12:18:55 2025,05-Aug-2025,151904,47 56.534900 N,063 57.915700 W,4.9,215.3,A,DoorSpread,DoorMaster,9.760000,D,S,104107.000000
Tue Aug 05 12:18:55 2025,05-Aug-2025,151905,47 56.533900 N,063 57.916900 W,4.9,215.5,A,DoorSpread,DoorMaster,9.760000,D,S,104107.000000
Tue Aug 05 12:18:55 2025,05-Aug-2025,151906,47 56.532700 N,063 57.918100 W,4.9,215.5,A,DoorSpread,DoorMaster,9.760000,D,S,104107.000000
Tue Aug 05 12:18:58 2025,05-Aug-2025,151907,47 56.531600 N,063 57.919200 W,4.9,215.5,A,Primary,Headline,13.857143,D,S,91232.000000
Tue Aug 05 12:18:58 2025,05-Aug-2025,151908,47 56.530500 N,063 57.920300 W,4.9,215.4,A,Primary,Headline,13.857143,D,S,91232.000000
Tue Aug 05 12:18:58 2025,05-Aug-2025,151909,47 56.529300 N,063 57.921300 W,4.9,215.1,A,Primary,Headline,13.857143,D,S,91232.000000
Tue Aug 05 12:18:58 2025,05-Aug-2025,151910,47 56.528200 N,063 57.922300 W,4.9,215.1,A,Primary,Headline,13.857143,D,S,91232.000000
Tue Aug 05 12:18:58 2025,05-Aug-2025,151911,47 56.527000 N,063 57.923400 W,4.9,215.2,A,Primary,Headline,13.857143,D,S,91232.000000
Tue Aug 05 12:18:58 2025,05-Aug-2025,151912,47 56.525900 N,063 57.924600 W,4.8,215.1,A,Primary,Headline,13.857143,D,S,91232.000000
Tue Aug 05 12:19:03 2025,05-Aug-2025,151913,47 56.524800 N,063 57.925700 W,4.8,215.1,A,Primary,Headline,21.306122,D,P,169629.000000
Tue Aug 05 12:19:03 2025,05-Aug-2025,151914,47 56.523600 N,063 57.926700 W,4.9,214.9,A,Primary,Headline,21.306122,D,P,169629.000000
Tue Aug 05 12:19:03 2025,05-Aug-2025,151915,47 56.522400 N,063 57.927800 W,4.9,214.7,A,Primary,Headline,21.306122,D,P,169629.000000
Tue Aug 05 12:19:03 2025,05-Aug-2025,151916,47 56.521100 N,063 57.929000 W,4.9,214.6,A,Primary,Headline,21.306122,D,P,169629.000000
Tue Aug 05 12:19:03 2025,05-Aug-2025,151917,47 56.519900 N,063 57.930400 W,4.9,214.5,A,Primary,Headline,21.306122,D,P,169629.000000
Tue Aug 05 12:19:09 2025,05-Aug-2025,151918,47 56.518900 N,063 57.931700 W,4.9,214.6,A,Primary,Headline,52.816327,D,P,197048.000000
Tue Aug 05 12:19:09 2025,05-Aug-2025,151919,47 56.517800 N,063 57.933000 W,4.9,214.6,A,Primary,Headline,52.857143,D,S,176811.000000
Tue Aug 05 12:19:09 2025,05-Aug-2025,151920,47 56.516600 N,063 57.934100 W,4.9,214.6,A,Primary,Headline,52.857143,D,S,176811.000000
Tue Aug 05 12:19:09 2025,05-Aug-2025,151921,47 56.515500 N,063 57.935300 W,4.9,214.6,A,Primary,Headline,52.857143,D,S,176811.000000
Tue Aug 05 12:19:09 2025,05-Aug-2025,151922,47 56.514500 N,063 57.936400 W,4.9,214.5,A,Primary,Headline,52.857143,D,S,176811.000000
Tue Aug 05 12:19:09 2025,05-Aug-2025,151923,47 56.513400 N,063 57.937300 W,4.8,214.6,A,Primary,Headline,52.857143,D,S,176811.000000
Tue Aug 05 12:19:09 2025,05-Aug-2025,151924,47 56.512500 N,063 57.938400 W,4.6,214.7,A,Primary,Headline,52.857143,D,S,176811.000000
Tue Aug 05 12:19:15 2025,05-Aug-2025,151925,47 56.511600 N,063 57.939300 W,4.5,214.6,A,Primary,Headline,56.918367,D,P,116870.000000
Tue Aug 05 12:19:15 2025,05-Aug-2025,151926,47 56.510700 N,063 57.940100 W,4.4,214.6,A,Primary,Headline,56.918367,D,P,116870.000000
Tue Aug 05 12:19:15 2025,05-Aug-2025,151927,47 56.509900 N,063 57.941000 W,4.2,214.5,A,Primary,Headline,56.918367,D,P,116870.000000
Tue Aug 05 12:19:15 2025,05-Aug-2025,151928,47 56.509200 N,063 57.941900 W,4.1,214.4,A,Primary,Headline,56.918367,D,P,116870.000000
Tue Aug 05 12:19:20 2025,05-Aug-2025,151929,47 56.508500 N,063 57.942700 W,3.9,214.4,A,Depth,Depth,79.629630,D,P,166398.000000
Tue Aug 05 12:19:21 2025,05-Aug-2025,151930,47 56.507900 N,063 57.943300 W,3.8,214.3,A,DoorSpread,DoorMaster,6.755000,D,S,59829.000000
Tue Aug 05 12:19:21 2025,05-Aug-2025,151931,47 56.507200 N,063 57.943900 W,3.6,214.2,A,Primary,Headline,54.040816,D,P,284000.000000
Tue Aug 05 12:19:21 2025,05-Aug-2025,151932,47 56.506600 N,063 57.944500 W,3.5,214.0,A,Primary,Headline,54.040816,D,P,284000.000000
Tue Aug 05 12:19:21 2025,05-Aug-2025,151933,47 56.505900 N,063 57.945100 W,3.4,213.8,A,Primary,Headline,54.040816,D,P,284000.000000
Tue Aug 05 12:19:21 2025,05-Aug-2025,151934,47 56.505300 N,063 57.945600 W,3.3,213.5,A,Primary,Headline,54.040816,D,P,284000.000000
Tue Aug 05 12:19:26 2025,05-Aug-2025,151935,47 56.504700 N,063 57.946200 W,3.1,213.4,A,DoorSpread,DoorMaster,6.840000,D,S,47260.000000
Tue Aug 05 12:19:27 2025,05-Aug-2025,151936,47 56.504300 N,063 57.946800 W,3.0,213.4,A,Depth,Depth,80.185185,D,P,279744.000000
Tue Aug 05 12:19:27 2025,05-Aug-2025,151937,47 56.503600 N,063 57.947400 W,3.0,213.3,A,Depth,Depth,80.185185,D,P,279744.000000
Tue Aug 05 12:19:27 2025,05-Aug-2025,151938,47 56.503100 N,063 57.948000 W,2.8,213.2,A,Depth,Depth,80.185185,D,P,279744.000000
Tue Aug 05 12:19:27 2025,05-Aug-2025,151939,47 56.502500 N,063 57.948500 W,2.7,213.6,A,Depth,Depth,80.185185,D,P,279744.000000
Tue Aug 05 12:19:27 2025,05-Aug-2025,151940,47 56.502100 N,063 57.949200 W,2.7,213.9,A,Depth,Depth,80.185185,D,P,279744.000000
Tue Aug 05 12:19:32 2025,05-Aug-2025,151941,47 56.501500 N,063 57.949600 W,2.6,213.9,A,Primary,Headline,27.653061,D,S,315171.000000
Tue Aug 05 12:19:32 2025,05-Aug-2025,151942,47 56.500900 N,063 57.950000 W,2.6,213.7,A,Primary,Headline,27.653061,D,S,315171.000000
Tue Aug 05 12:19:32 2025,05-Aug-2025,151943,47 56.500400 N,063 57.950500 W,2.5,213.5,A,Primary,Headline,27.653061,D,S,315171.000000
Tue Aug 05 12:19:34 2025,05-Aug-2025,151944,47 56.499900 N,063 57.951000 W,2.5,213.5,A,Depth,Depth,80.740741,D,S,283789.000000
Tue Aug 05 12:19:34 2025,05-Aug-2025,151945,47 56.499400 N,063 57.951500 W,2.4,213.5,A,Depth,Depth,80.740741,D,S,283789.000000
Tue Aug 05 12:19:34 2025,05-Aug-2025,151946,47 56.498900 N,063 57.952000 W,2.4,213.5,A,Depth,Depth,80.740741,D,S,283789.000000
Tue Aug 05 12:19:38 2025,05-Aug-2025,151947,47 56.498300 N,063 57.952300 W,2.3,213.5,A,Primary,Headline,57.285714,D,S,208138.000000
Tue Aug 05 12:19:38 2025,05-Aug-2025,151948,47 56.497800 N,063 57.952700 W,2.3,213.6,A,Primary,Headline,57.285714,D,S,208138.000000
Tue Aug 05 12:19:38 2025,05-Aug-2025,151949,47 56.497300 N,063 57.953100 W,2.3,213.7,A,Primary,Headline,57.285714,D,S,208138.000000
Tue Aug 05 12:19:38 2025,05-Aug-2025,151950,47 56.496800 N,063 57.953500 W,2.3,213.7,A,Primary,Headline,57.285714,D,S,208138.000000
Tue Aug 05 12:19:42 2025,05-Aug-2025,151951,47 56.496200 N,063 57.953800 W,2.2,213.3,A,Depth,Depth,81.851852,D,P,268586.000000
Tue Aug 05 12:19:43 2025,05-Aug-2025,151952,47 56.495700 N,063 57.954100 W,2.2,213.2,A,DoorSpread,DoorMaster,6.510000,D,S,66413.000000
Tue Aug 05 12:19:44 2025,05-Aug-2025,151953,47 56.495200 N,063 57.954600 W,2.3,213.3,A,Primary,Headline,40.408163,D,S,127359.000000
Tue Aug 05 12:19:44 2025,05-Aug-2025,151954,47 56.494600 N,063 57.955100 W,2.3,213.4,A,Primary,Headline,40.408163,D,S,127359.000000
Tue Aug 05 12:19:44 2025,05-Aug-2025,151955,47 56.494100 N,063 57.955600 W,2.3,213.4,A,Primary,Headline,40.408163,D,S,127359.000000
Tue Aug 05 12:19:44 2025,05-Aug-2025,151956,47 56.493500 N,063 57.956100 W,2.3,213.2,A,Primary,Headline,40.408163,D,S,127359.000000
Tue Aug 05 12:19:44 2025,05-Aug-2025,151957,47 56.493100 N,063 57.956500 W,2.3,213.3,A,Primary,Headline,40.408163,D,S,127359.000000
Tue Aug 05 12:19:49 2025,05-Aug-2025,151958,47 56.492700 N,063 57.957000 W,2.3,213.4,A,Primary,Headline,25.469388,D,S,169111.000000
Tue Aug 05 12:19:49 2025,05-Aug-2025,151959,47 56.492200 N,063 57.957400 W,2.3,213.4,A,Primary,Headline,25.469388,D,S,169111.000000
Tue Aug 05 12:19:49 2025,05-Aug-2025,152000,47 56.491800 N,063 57.957800 W,2.3,213.4,A,Primary,Headline,25.469388,D,S,169111.000000
Tue Aug 05 12:19:49 2025,05-Aug-2025,152001,47 56.491300 N,063 57.958200 W,2.3,213.5,A,Primary,Headline,25.469388,D,S,169111.000000
Tue Aug 05 12:19:49 2025,05-Aug-2025,152002,47 56.490700 N,063 57.958700 W,2.4,213.5,A,Primary,Headline,25.469388,D,S,169111.000000
Tue Aug 05 12:19:54 2025,05-Aug-2025,152003,47 56.490100 N,063 57.959300 W,2.4,213.6,A,DoorSpread,DoorMaster,6.030000,D,S,138943.000000
Tue Aug 05 12:19:55 2025,05-Aug-2025,152004,47 56.489500 N,063 57.959900 W,2.4,213.8,A,Primary,Headline,39.469388,D,S,161229.000000
Tue Aug 05 12:19:55 2025,05-Aug-2025,152005,47 56.488900 N,063 57.960400 W,2.4,213.8,A,Primary,Headline,39.469388,D,S,161229.000000
Tue Aug 05 12:19:56 2025,05-Aug-2025,152006,47 56.488200 N,063 57.960900 W,2.4,213.8,A,Depth,Depth,86.944444,D,P,117809.000000
Tue Aug 05 12:19:56 2025,05-Aug-2025,152007,47 56.487500 N,063 57.961400 W,2.5,213.7,A,Depth,Depth,86.944444,D,P,117809.000000
Tue Aug 05 12:19:56 2025,05-Aug-2025,152008,47 56.486800 N,063 57.961900 W,2.4,213.7,A,Depth,Depth,86.944444,D,P,117809.000000
Tue Aug 05 12:20:00 2025,05-Aug-2025,152009,47 56.486300 N,063 57.962500 W,2.4,213.9,A,Primary,Headline,11.591837,D,P,79304.000000
Tue Aug 05 12:20:00 2025,05-Aug-2025,152010,47 56.485700 N,063 57.963100 W,2.5,214.0,A,Primary,Headline,11.591837,D,P,79304.000000
Tue Aug 05 12:20:00 2025,05-Aug-2025,152011,47 56.485100 N,063 57.963700 W,2.5,213.9,A,Primary,Headline,11.591837,D,P,79304.000000
Tue Aug 05 12:20:00 2025,05-Aug-2025,152012,47 56.484500 N,063 57.964200 W,2.5,213.9,A,Primary,Headline,11.591837,D,P,79304.000000
Tue Aug 05 12:20:04 2025,05-Aug-2025,152013,47 56.484000 N,063 57.964800 W,2.5,213.8,A,Depth,Depth,89.166667,D,P,79633.000000
Tue Aug 05 12:20:05 2025,05-Aug-2025,152014,47 56.483500 N,063 57.965300 W,2.5,213.8,A,DoorSpread,DoorMaster,8.020000,D,P,43536.000000
Tue Aug 05 12:20:05 2025,05-Aug-2025,152015,47 56.482900 N,063 57.965900 W,2.5,213.7,A,DoorSpread,DoorMaster,8.020000,D,P,43536.000000
Tue Aug 05 12:20:05 2025,05-Aug-2025,152016,47 56.482200 N,063 57.966400 W,2.5,213.6,A,DoorSpread,DoorMaster,8.020000,D,P,43536.000000
Tue Aug 05 12:20:05 2025,05-Aug-2025,152017,47 56.481600 N,063 57.966900 W,2.5,213.5,A,DoorSpread,DoorMaster,8.020000,D,P,43536.000000
Tue Aug 05 12:20:05 2025,05-Aug-2025,152018,47 56.481000 N,063 57.967400 W,2.5,213.6,A,DoorSpread,DoorMaster,8.020000,D,P,43536.000000
Tue Aug 05 12:20:10 2025,05-Aug-2025,152019,47 56.480500 N,063 57.968000 W,2.5,213.7,A,Primary,Headline,8.591837,D,P,107491.000000
Tue Aug 05 12:20:11 2025,05-Aug-2025,152020,47 56.479900 N,063 57.968500 W,2.5,213.7,A,Depth,Depth,97.500000,D,S,244340.000000
Tue Aug 05 12:20:11 2025,05-Aug-2025,152021,47 56.479400 N,063 57.969200 W,2.5,213.7,A,Depth,Depth,97.500000,D,S,244340.000000
Tue Aug 05 12:20:11 2025,05-Aug-2025,152022,47 56.478800 N,063 57.969900 W,2.5,213.7,A,Depth,Depth,97.500000,D,S,244340.000000
Tue Aug 05 12:20:11 2025,05-Aug-2025,152023,47 56.478300 N,063 57.970600 W,2.5,213.7,A,Depth,Depth,97.500000,D,S,244340.000000
Tue Aug 05 12:20:11 2025,05-Aug-2025,152024,47 56.477700 N,063 57.971200 W,2.5,213.8,A,Depth,Depth,97.500000,D,S,244340.000000
Tue Aug 05 12:20:15 2025,05-Aug-2025,152025,47 56.477200 N,063 57.971800 W,2.5,213.7,A,Primary,Headline,7.367347,D,P,129566.000000
Tue Aug 05 12:20:16 2025,05-Aug-2025,152026,47 56.476700 N,063 57.972400 W,2.5,213.8,A,DoorSpread,DoorMaster,6.010000,D,P,46943.000000
Tue Aug 05 12:20:16 2025,05-Aug-2025,152027,47 56.476200 N,063 57.972900 W,2.5,214.0,A,DoorSpread,DoorMaster,6.010000,D,P,46943.000000
Tue Aug 05 12:20:18 2025,05-Aug-2025,152028,47 56.475700 N,063 57.973400 W,2.5,214.1,A,Depth,Depth,86.018519,D,P,108698.000000
Tue Aug 05 12:20:18 2025,05-Aug-2025,152029,47 56.475100 N,063 57.973800 W,2.4,214.1,A,Depth,Depth,86.018519,D,P,108698.000000
Tue Aug 05 12:20:21 2025,05-Aug-2025,152030,47 56.474600 N,063 57.974300 W,2.4,214.3,A,Primary,Headline,5.959184,D,S,240569.000000
Tue Aug 05 12:20:22 2025,05-Aug-2025,152031,47 56.474100 N,063 57.974800 W,2.4,214.5,A,DoorSpread,DoorMaster,5.925000,D,P,35009.000000
Tue Aug 05 12:20:22 2025,05-Aug-2025,152032,47 56.473600 N,063 57.975300 W,2.4,214.6,A,DoorSpread,DoorMaster,5.925000,D,P,35009.000000
Tue Aug 05 12:20:22 2025,05-Aug-2025,152033,47 56.473200 N,063 57.975800 W,2.4,214.5,A,DoorSpread,DoorMaster,5.925000,D,P,35009.000000
Tue Aug 05 12:20:22 2025,05-Aug-2025,152034,47 56.472700 N,063 57.976300 W,2.4,214.5,A,DoorSpread,DoorMaster,5.925000,D,P,35009.000000
Tue Aug 05 12:20:26 2025,05-Aug-2025,152035,47 56.472300 N,063 57.976700 W,2.3,214.5,A,Primary,Headline,3.734694,D,P,274038.000000
Tue Aug 05 12:20:26 2025,05-Aug-2025,152036,47 56.471900 N,063 57.977100 W,2.3,214.6,A,Primary,Headline,3.734694,D,P,274038.000000
Tue Aug 05 12:20:28 2025,05-Aug-2025,152037,47 56.471400 N,063 57.977700 W,2.3,214.4,A,DoorSpread,DoorMaster,6.220000,D,P,32663.000000
Tue Aug 05 12:20:28 2025,05-Aug-2025,152038,47 56.470800 N,063 57.978200 W,2.3,214.3,A,DoorSpread,DoorMaster,6.220000,D,P,32663.000000
Tue Aug 05 12:20:28 2025,05-Aug-2025,152039,47 56.470400 N,063 57.978900 W,2.3,214.2,A,DoorSpread,DoorMaster,6.220000,D,P,32663.000000
Tue Aug 05 12:20:31 2025,05-Aug-2025,152040,47 56.469900 N,063 57.979400 W,2.3,214.2,A,Primary,Headline,3.346939,D,S,55620.000000
Tue Aug 05 12:20:31 2025,05-Aug-2025,152041,47 56.469400 N,063 57.979900 W,2.3,214.3,A,Primary,Headline,3.346939,D,S,55620.000000
Tue Aug 05 12:20:33 2025,05-Aug-2025,152042,47 56.468900 N,063 57.980500 W,2.3,214.2,A,DoorSpread,DoorMaster,6.910000,D,P,68430.000000
Tue Aug 05 12:20:33 2025,05-Aug-2025,152043,47 56.468300 N,063 57.980900 W,2.3,213.9,A,DoorSpread,DoorMaster,6.910000,D,P,68430.000000
Tue Aug 05 12:20:33 2025,05-Aug-2025,152044,47 56.467800 N,063 57.981300 W,2.2,213.8,A,DoorSpread,DoorMaster,6.910000,D,P,68430.000000
Tue Aug 05 12:20:36 2025,05-Aug-2025,152045,47 56.467300 N,063 57.981800 W,2.3,214.1,A,Primary,Headline,2.387755,D,S,140061.000000
Tue Aug 05 12:20:36 2025,05-Aug-2025,152046,47 56.466700 N,063 57.982200 W,2.3,214.1,A,Primary,Headline,2.387755,D,S,140061.000000
Tue Aug 05 12:20:36 2025,05-Aug-2025,152047,47 56.466100 N,063 57.982700 W,2.3,214.2,A,Primary,Headline,2.387755,D,S,140061.000000
Tue Aug 05 12:20:39 2025,05-Aug-2025,152048,47 56.465700 N,063 57.983100 W,2.3,214.2,A,DoorSpread,DoorMaster,7.470000,D,S,79622.000000
Tue Aug 05 12:20:39 2025,05-Aug-2025,152049,47 56.465100 N,063 57.983500 W,2.3,214.2,A,DoorSpread,DoorMaster,7.470000,D,S,79622.000000
Tue Aug 05 12:20:41 2025,05-Aug-2025,152050,47 56.464500 N,063 57.984000 W,2.3,214.1,A,Primary,Headline,1.918367,D,P,109743.000000
Tue Aug 05 12:20:41 2025,05-Aug-2025,152051,47 56.463900 N,063 57.984500 W,2.3,213.8,A,Primary,Headline,1.918367,D,P,109743.000000
Tue Aug 05 12:20:41 2025,05-Aug-2025,152052,47 56.463400 N,063 57.985000 W,2.3,213.4,A,Primary,Headline,1.918367,D,P,109743.000000
Tue Aug 05 12:20:41 2025,05-Aug-2025,152053,47 56.462900 N,063 57.985500 W,2.2,213.4,A,Primary,Headline,1.918367,D,P,109743.000000
Tue Aug 05 12:20:45 2025,05-Aug-2025,152054,47 56.462500 N,063 57.986100 W,2.2,213.3,A,DoorSpread,DoorMaster,8.105000,D,S,52255.000000
Tue Aug 05 12:20:46 2025,05-Aug-2025,152055,47 56.462000 N,063 57.986600 W,2.3,213.0,A,Primary,Headline,1.693878,D,P,100634.000000
Tue Aug 05 12:20:46 2025,05-Aug-2025,152056,47 56.461500 N,063 57.987200 W,2.2,212.9,A,Primary,Headline,1.693878,D,P,100634.000000
Tue Aug 05 12:20:48 2025,05-Aug-2025,152057,47 56.461000 N,063 57.987800 W,2.2,213.1,A,Depth,Depth,99.351852,D,P,59753.000000
Tue Aug 05 12:20:48 2025,05-Aug-2025,152058,47 56.460500 N,063 57.988300 W,2.2,213.2,A,Depth,Depth,99.351852,D,P,59753.000000
Tue Aug 05 12:20:48 2025,05-Aug-2025,152059,47 56.460100 N,063 57.988800 W,2.2,213.4,A,Depth,Depth,99.351852,D,P,59753.000000
Tue Aug 05 12:20:51 2025,05-Aug-2025,152100,47 56.459600 N,063 57.989400 W,2.2,213.4,A,Primary,Headline,1.408163,D,S,100499.000000
Tue Aug 05 12:20:51 2025,05-Aug-2025,152101,47 56.459100 N,063 57.989900 W,2.2,213.4,A,Primary,Headline,1.408163,D,S,100499.000000
Tue Aug 05 12:20:51 2025,05-Aug-2025,152102,47 56.458500 N,063 57.990400 W,2.2,213.5,A,Primary,Headline,1.408163,D,S,100499.000000
Tue Aug 05 12:20:51 2025,05-Aug-2025,152103,47 56.458000 N,063 57.991000 W,2.2,213.6,A,Primary,Headline,1.408163,D,S,100499.000000
Tue Aug 05 12:20:55 2025,05-Aug-2025,152104,47 56.457500 N,063 57.991600 W,2.2,213.7,A,Depth,Depth,102.407407,D,S,72781.000000
Tue Aug 05 12:20:56 2025,05-Aug-2025,152105,47 56.456900 N,063 57.992200 W,2.3,213.8,A,DoorSpread,DoorMaster,9.360000,D,S,45932.000000
Tue Aug 05 12:20:56 2025,05-Aug-2025,152106,47 56.456400 N,063 57.992800 W,2.2,213.7,A,DoorSpread,DoorMaster,9.360000,D,S,45932.000000
Tue Aug 05 12:20:56 2025,05-Aug-2025,152107,47 56.455900 N,063 57.993300 W,2.2,213.7,A,DoorSpread,DoorMaster,9.360000,D,S,45932.000000
Tue Aug 05 12:20:56 2025,05-Aug-2025,152108,47 56.455500 N,063 57.993700 W,2.2,213.6,A,DoorSpread,DoorMaster,9.360000,D,S,45932.000000
Tue Aug 05 12:20:56 2025,05-Aug-2025,152109,47 56.454900 N,063 57.994100 W,2.3,213.4,A,DoorSpread,DoorMaster,9.360000,D,S,45932.000000
Tue Aug 05 12:21:01 2025,05-Aug-2025,152110,47 56.454300 N,063 57.994600 W,2.2,213.2,A,Primary,Headline,26.244898,D,P,196394.000000
Tue Aug 05 12:21:02 2025,05-Aug-2025,152111,47 56.453900 N,063 57.995000 W,2.2,213.3,A,DoorSpread,DoorMaster,9.380000,D,P,32642.000000
Tue Aug 05 12:21:03 2025,05-Aug-2025,152112,47 56.453400 N,063 57.995500 W,2.2,213.4,A,Depth,Depth,97.314815,D,S,118378.000000
Tue Aug 05 12:21:03 2025,05-Aug-2025,152113,47 56.452800 N,063 57.996100 W,2.2,213.5,A,Depth,Depth,97.314815,D,S,118378.000000
Tue Aug 05 12:21:03 2025,05-Aug-2025,152114,47 56.452300 N,063 57.996600 W,2.2,213.3,A,Depth,Depth,97.314815,D,S,118378.000000
Tue Aug 05 12:21:03 2025,05-Aug-2025,152115,47 56.451800 N,063 57.997000 W,2.2,213.0,A,Depth,Depth,97.314815,D,S,118378.000000
Tue Aug 05 12:21:07 2025,05-Aug-2025,152116,47 56.451300 N,063 57.997600 W,2.2,213.0,A,Primary,Headline,39.551020,D,P,133103.000000
Tue Aug 05 12:21:08 2025,05-Aug-2025,152117,47 56.450900 N,063 57.998200 W,2.2,213.1,A,DoorSpread,DoorMaster,9.670000,D,P,57033.000000
Tue Aug 05 12:21:08 2025,05-Aug-2025,152118,47 56.450300 N,063 57.998700 W,2.2,213.1,A,DoorSpread,DoorMaster,9.670000,D,P,57033.000000
Tue Aug 05 12:21:10 2025,05-Aug-2025,152119,47 56.449800 N,063 57.999200 W,2.2,213.1,A,Depth,Depth,99.814815,D,P,154924.000000
Tue Aug 05 12:21:10 2025,05-Aug-2025,152120,47 56.449300 N,063 57.999700 W,2.2,213.3,A,Depth,Depth,99.814815,D,P,154924.000000
Tue Aug 05 12:21:12 2025,05-Aug-2025,152121,47 56.448700 N,063 58.000200 W,2.2,213.3,A,Primary,Headline,6.632653,D,S,2474.000000
Tue Aug 05 12:21:13 2025,05-Aug-2025,152122,47 56.448000 N,063 58.000600 W,2.2,213.2,A,Primary,Headline,38.775510,D,P,215645.000000
Tue Aug 05 12:21:14 2025,05-Aug-2025,152123,47 56.447500 N,063 58.001200 W,2.2,213.3,A,DoorSpread,DoorMaster,10.205000,D,P,39505.000000
Tue Aug 05 12:21:14 2025,05-Aug-2025,152124,47 56.447000 N,063 58.001600 W,2.2,213.3,A,DoorSpread,DoorMaster,10.205000,D,P,39505.000000
Tue Aug 05 12:21:14 2025,05-Aug-2025,152125,47 56.446400 N,063 58.002000 W,2.2,213.1,A,DoorSpread,DoorMaster,10.205000,D,P,39505.000000
Tue Aug 05 12:21:17 2025,05-Aug-2025,152126,47 56.445800 N,063 58.002400 W,2.2,213.1,A,Depth,Depth,100.000000,D,S,78546.000000
Tue Aug 05 12:21:17 2025,05-Aug-2025,152127,47 56.445200 N,063 58.003000 W,2.2,213.2,A,Depth,Depth,100.000000,D,S,78546.000000
Tue Aug 05 12:21:19 2025,05-Aug-2025,152128,47 56.444600 N,063 58.003500 W,2.2,213.7,A,Secondary,Headline,29.102041,D,S,68884.000000
Tue Aug 05 12:21:20 2025,05-Aug-2025,152129,47 56.444000 N,063 58.004100 W,2.2,214.1,A,DoorSpread,DoorMaster,10.955000,D,S,42419.000000
Tue Aug 05 12:21:20 2025,05-Aug-2025,152130,47 56.443300 N,063 58.004600 W,2.3,214.0,A,DoorSpread,DoorMaster,10.955000,D,S,42419.000000
Tue Aug 05 12:21:20 2025,05-Aug-2025,152131,47 56.442500 N,063 58.005200 W,2.3,214.1,A,DoorSpread,DoorMaster,10.955000,D,S,42419.000000
Tue Aug 05 12:21:20 2025,05-Aug-2025,152132,47 56.441900 N,063 58.005700 W,2.2,214.4,A,DoorSpread,DoorMaster,10.955000,D,S,42419.000000
Tue Aug 05 12:21:24 2025,05-Aug-2025,152133,47 56.441300 N,063 58.006200 W,2.2,214.6,A,Primary,Headline,21.244898,D,P,140708.000000
Tue Aug 05 12:21:25 2025,05-Aug-2025,152134,47 56.440700 N,063 58.006700 W,2.2,214.6,A,Depth,Depth,100.000000,D,S,112410.000000
Tue Aug 05 12:21:25 2025,05-Aug-2025,152135,47 56.440200 N,063 58.007200 W,2.2,214.8,A,DoorSpread,DoorMaster,10.260000,D,S,27067.000000
Tue Aug 05 12:21:25 2025,05-Aug-2025,152136,47 56.439600 N,063 58.007800 W,2.2,215.0,A,DoorSpread,DoorMaster,10.260000,D,S,27067.000000
Tue Aug 05 12:21:25 2025,05-Aug-2025,152137,47 56.439100 N,063 58.008300 W,2.2,215.1,A,DoorSpread,DoorMaster,10.260000,D,S,27067.000000
Tue Aug 05 12:21:29 2025,05-Aug-2025,152138,47 56.438600 N,063 58.008700 W,2.2,215.2,A,Primary,Headline,8.408163,D,P,111340.000000
Tue Aug 05 12:21:29 2025,05-Aug-2025,152139,47 56.438100 N,063 58.009200 W,2.2,215.2,A,Primary,Headline,8.408163,D,P,111340.000000
Tue Aug 05 12:21:31 2025,05-Aug-2025,152140,47 56.437600 N,063 58.009700 W,2.2,215.2,A,DoorSpread,DoorMaster,10.960000,D,S,59826.000000
Tue Aug 05 12:21:32 2025,05-Aug-2025,152141,47 56.437200 N,063 58.010200 W,2.2,215.1,A,Depth,Depth,100.000000,D,P,80332.000000
Tue Aug 05 12:21:32 2025,05-Aug-2025,152142,47 56.436800 N,063 58.010700 W,2.2,215.1,A,Depth,Depth,100.000000,D,P,80332.000000
Tue Aug 05 12:21:34 2025,05-Aug-2025,152143,47 56.436300 N,063 58.011300 W,2.2,215.0,A,Primary,Headline,1.244898,D,P,73709.000000
Tue Aug 05 12:21:34 2025,05-Aug-2025,152144,47 56.435800 N,063 58.011800 W,2.2,215.2,A,Primary,Headline,1.244898,D,P,73709.000000
Tue Aug 05 12:21:34 2025,05-Aug-2025,152145,47 56.435300 N,063 58.012400 W,2.2,215.2,A,Primary,Headline,1.244898,D,P,73709.000000
Tue Aug 05 12:21:37 2025,05-Aug-2025,152146,47 56.434700 N,063 58.013000 W,2.2,215.2,A,DoorSpread,DoorMaster,10.995000,D,S,60935.000000
Tue Aug 05 12:21:37 2025,05-Aug-2025,152147,47 56.434200 N,063 58.013500 W,2.1,215.2,A,DoorSpread,DoorMaster,10.995000,D,S,60935.000000
Tue Aug 05 12:21:39 2025,05-Aug-2025,152148,47 56.433700 N,063 58.014000 W,2.1,215.2,A,Primary,Headline,18.489796,D,S,4018.000000
Tue Aug 05 12:21:39 2025,05-Aug-2025,152149,47 56.433300 N,063 58.014400 W,2.2,215.2,A,Primary,Headline,18.489796,D,S,4018.000000
Tue Aug 05 12:21:39 2025,05-Aug-2025,152150,47 56.432800 N,063 58.014900 W,2.1,215.2,A,Primary,Headline,18.489796,D,S,4018.000000
Tue Aug 05 12:21:39 2025,05-Aug-2025,152151,47 56.432400 N,063 58.015400 W,2.1,215.1,A,Primary,Headline,18.489796,D,S,4018.000000
Tue Aug 05 12:21:43 2025,05-Aug-2025,152152,47 56.432100 N,063 58.015900 W,2.1,215.1,A,DoorSpread,DoorMaster,11.790000,D,S,48480.000000
Tue Aug 05 12:21:43 2025,05-Aug-2025,152153,47 56.431600 N,063 58.016500 W,2.1,215.0,A,DoorSpread,DoorMaster,11.790000,D,S,48480.000000
Tue Aug 05 12:21:43 2025,05-Aug-2025,152154,47 56.431100 N,063 58.017000 W,2.1,214.6,A,DoorSpread,DoorMaster,11.790000,D,S,48480.000000
Tue Aug 05 12:21:43 2025,05-Aug-2025,152155,47 56.430600 N,063 58.017400 W,2.1,214.3,A,DoorSpread,DoorMaster,11.790000,D,S,48480.000000
Tue Aug 05 12:21:43 2025,05-Aug-2025,152156,47 56.430300 N,063 58.017900 W,2.1,214.3,A,DoorSpread,DoorMaster,11.790000,D,S,48480.000000
Tue Aug 05 12:21:43 2025,05-Aug-2025,152157,47 56.429800 N,063 58.018300 W,2.1,214.3,A,DoorSpread,DoorMaster,11.790000,D,S,48480.000000
Tue Aug 05 12:21:49 2025,05-Aug-2025,152158,47 56.429200 N,063 58.018600 W,2.1,214.1,A,DoorSpread,DoorMaster,12.230000,D,P,68633.000000
Tue Aug 05 12:21:49 2025,05-Aug-2025,152159,47 56.428700 N,063 58.019000 W,2.0,214.1,A,DoorSpread,DoorMaster,12.230000,D,P,68633.000000
Tue Aug 05 12:21:49 2025,05-Aug-2025,152200,47 56.428300 N,063 58.019500 W,2.0,214.0,A,DoorSpread,DoorMaster,12.230000,D,P,68633.000000
Tue Aug 05 12:21:49 2025,05-Aug-2025,152201,47 56.427700 N,063 58.020100 W,2.0,214.0,A,DoorSpread,DoorMaster,12.230000,D,P,68633.000000
Tue Aug 05 12:21:49 2025,05-Aug-2025,152202,47 56.427200 N,063 58.020700 W,2.0,213.9,A,DoorSpread,DoorMaster,12.230000,D,P,68633.000000
Tue Aug 05 12:21:49 2025,05-Aug-2025,152203,47 56.426700 N,063 58.021100 W,2.0,213.8,A,DoorSpread,DoorMaster,12.230000,D,P,68633.000000
Tue Aug 05 12:21:55 2025,05-Aug-2025,152204,47 56.426300 N,063 58.021700 W,2.0,213.8,A,DoorSpread,DoorMaster,12.055000,D,S,31475.000000
Tue Aug 05 12:21:55 2025,05-Aug-2025,152205,47 56.425900 N,063 58.022200 W,2.0,213.8,A,DoorSpread,DoorMaster,12.055000,D,S,31475.000000
Tue Aug 05 12:21:55 2025,05-Aug-2025,152206,47 56.425400 N,063 58.022700 W,2.0,213.7,A,DoorSpread,DoorMaster,12.055000,D,S,31475.000000
Tue Aug 05 12:21:55 2025,05-Aug-2025,152207,47 56.424900 N,063 58.023100 W,2.0,213.6,A,DoorSpread,DoorMaster,12.055000,D,S,31475.000000
Tue Aug 05 12:21:55 2025,05-Aug-2025,152208,47 56.424400 N,063 58.023600 W,2.0,213.5,A,DoorSpread,DoorMaster,12.055000,D,S,31475.000000
Tue Aug 05 12:21:55 2025,05-Aug-2025,152209,47 56.424000 N,063 58.024100 W,1.9,213.5,A,DoorSpread,DoorMaster,12.055000,D,S,31475.000000
Tue Aug 05 12:22:01 2025,05-Aug-2025,152210,47 56.423500 N,063 58.024700 W,2.0,213.3,A,DoorSpread,DoorMaster,11.780000,D,S,55542.000000
Tue Aug 05 12:22:01 2025,05-Aug-2025,152211,47 56.423000 N,063 58.025100 W,2.0,213.1,A,DoorSpread,DoorMaster,11.780000,D,S,55542.000000
Tue Aug 05 12:22:01 2025,05-Aug-2025,152212,47 56.422600 N,063 58.025600 W,1.9,213.0,A,DoorSpread,DoorMaster,11.780000,D,S,55542.000000
Tue Aug 05 12:22:01 2025,05-Aug-2025,152213,47 56.422200 N,063 58.026200 W,1.9,213.0,A,DoorSpread,DoorMaster,11.780000,D,S,55542.000000
Tue Aug 05 12:22:01 2025,05-Aug-2025,152214,47 56.421700 N,063 58.026500 W,2.0,212.9,A,DoorSpread,DoorMaster,11.780000,D,S,55542.000000
Tue Aug 05 12:22:01 2025,05-Aug-2025,152215,47 56.421200 N,063 58.026900 W,2.0,212.7,A,DoorSpread,DoorMaster,11.780000,D,S,55542.000000
Tue Aug 05 12:22:07 2025,05-Aug-2025,152216,47 56.420700 N,063 58.027200 W,1.9,212.6,A,DoorSpread,DoorMaster,12.000000,D,S,41397.000000
Tue Aug 05 12:22:07 2025,05-Aug-2025,152217,47 56.420300 N,063 58.027600 W,1.9,212.6,A,DoorSpread,DoorMaster,12.000000,D,S,41397.000000
Tue Aug 05 12:22:07 2025,05-Aug-2025,152218,47 56.419800 N,063 58.027900 W,2.0,212.6,A,DoorSpread,DoorMaster,12.000000,D,S,41397.000000
Tue Aug 05 12:22:07 2025,05-Aug-2025,152219,47 56.419300 N,063 58.028200 W,1.9,212.5,A,DoorSpread,DoorMaster,12.000000,D,S,41397.000000
Tue Aug 05 12:22:07 2025,05-Aug-2025,152220,47 56.418900 N,063 58.028600 W,1.9,212.5,A,DoorSpread,DoorMaster,12.000000,D,S,41397.000000
Tue Aug 05 12:22:07 2025,05-Aug-2025,152221,47 56.418400 N,063 58.029000 W,2.0,212.4,A,DoorSpread,DoorMaster,12.000000,D,S,41397.000000
Tue Aug 05 12:22:13 2025,05-Aug-2025,152222,47 56.417900 N,063 58.029500 W,2.0,212.2,A,DoorSpread,DoorMaster,12.030000,D,P,60597.000000
Tue Aug 05 12:22:13 2025,05-Aug-2025,152223,47 56.417400 N,063 58.029900 W,2.0,212.1,A,DoorSpread,DoorMaster,12.030000,D,P,60597.000000
Tue Aug 05 12:22:13 2025,05-Aug-2025,152224,47 56.416900 N,063 58.030400 W,2.0,212.0,A,DoorSpread,DoorMaster,12.030000,D,P,60597.000000
Tue Aug 05 12:22:13 2025,05-Aug-2025,152225,47 56.416500 N,063 58.030900 W,2.0,212.0,A,DoorSpread,DoorMaster,12.030000,D,P,60597.000000
Tue Aug 05 12:22:13 2025,05-Aug-2025,152226,47 56.416000 N,063 58.031400 W,2.0,212.1,A,DoorSpread,DoorMaster,12.030000,D,P,60597.000000
Tue Aug 05 12:22:13 2025,05-Aug-2025,152227,47 56.415600 N,063 58.031900 W,2.0,212.2,A,DoorSpread,DoorMaster,12.030000,D,P,60597.000000
Tue Aug 05 12:22:19 2025,05-Aug-2025,152228,47 56.415100 N,063 58.032300 W,2.0,212.4,A,DoorSpread,DoorMaster,11.080000,D,S,44711.000000
Tue Aug 05 12:22:19 2025,05-Aug-2025,152229,47 56.414700 N,063 58.032700 W,2.0,212.4,A,DoorSpread,DoorMaster,11.080000,D,S,44711.000000
Tue Aug 05 12:22:19 2025,05-Aug-2025,152230,47 56.414200 N,063 58.033200 W,2.0,212.5,A,DoorSpread,DoorMaster,11.080000,D,S,44711.000000
Tue Aug 05 12:22:19 2025,05-Aug-2025,152231,47 56.413700 N,063 58.033600 W,2.1,212.6,A,DoorSpread,DoorMaster,11.080000,D,S,44711.000000
Tue Aug 05 12:22:19 2025,05-Aug-2025,152232,47 56.413100 N,063 58.034000 W,2.1,212.7,A,DoorSpread,DoorMaster,11.080000,D,S,44711.000000
Tue Aug 05 12:22:19 2025,05-Aug-2025,152233,47 56.412600 N,063 58.034500 W,2.1,212.6,A,DoorSpread,DoorMaster,11.080000,D,S,44711.000000
Tue Aug 05 12:22:25 2025,05-Aug-2025,152234,47 56.412100 N,063 58.034900 W,2.1,212.6,A,DoorSpread,DoorMaster,11.840000,D,S,41439.000000
Tue Aug 05 12:22:25 2025,05-Aug-2025,152235,47 56.411500 N,063 58.035500 W,2.2,212.6,A,DoorSpread,DoorMaster,11.840000,D,S,41439.000000
Tue Aug 05 12:22:25 2025,05-Aug-2025,152236,47 56.410900 N,063 58.036100 W,2.2,212.7,A,DoorSpread,DoorMaster,11.840000,D,S,41439.000000
Tue Aug 05 12:22:25 2025,05-Aug-2025,152237,47 56.410300 N,063 58.036500 W,2.2,212.7,A,DoorSpread,DoorMaster,11.840000,D,S,41439.000000
Tue Aug 05 12:22:25 2025,05-Aug-2025,152238,47 56.409800 N,063 58.037000 W,2.2,212.6,A,DoorSpread,DoorMaster,11.840000,D,S,41439.000000
Tue Aug 05 12:22:25 2025,05-Aug-2025,152239,47 56.409100 N,063 58.037400 W,2.2,212.4,A,DoorSpread,DoorMaster,11.840000,D,S,41439.000000
Tue Aug 05 12:22:31 2025,05-Aug-2025,152240,47 56.408600 N,063 58.037900 W,2.2,212.4,A,DoorSpread,DoorMaster,14.090000,D,S,40462.000000
Tue Aug 05 12:22:31 2025,05-Aug-2025,152241,47 56.408100 N,063 58.038400 W,2.2,212.5,A,DoorSpread,DoorMaster,14.090000,D,S,40462.000000
Tue Aug 05 12:22:31 2025,05-Aug-2025,152242,47 56.407600 N,063 58.038800 W,2.2,212.6,A,DoorSpread,DoorMaster,14.090000,D,S,40462.000000
Tue Aug 05 12:22:31 2025,05-Aug-2025,152243,47 56.407000 N,063 58.039400 W,2.3,212.5,A,DoorSpread,DoorMaster,14.090000,D,S,40462.000000
Tue Aug 05 12:22:31 2025,05-Aug-2025,152244,47 56.406400 N,063 58.039900 W,2.3,212.4,A,DoorSpread,DoorMaster,14.090000,D,S,40462.000000
Tue Aug 05 12:22:31 2025,05-Aug-2025,152245,47 56.405900 N,063 58.040600 W,2.3,212.5,A,DoorSpread,DoorMaster,14.090000,D,S,40462.000000
Tue Aug 05 12:22:37 2025,05-Aug-2025,152246,47 56.405500 N,063 58.041100 W,2.2,212.7,A,DoorSpread,DoorMaster,10.580000,D,S,60258.000000
Tue Aug 05 12:22:37 2025,05-Aug-2025,152247,47 56.405000 N,063 58.041600 W,2.3,212.5,A,DoorSpread,DoorMaster,10.580000,D,S,60258.000000
Tue Aug 05 12:22:37 2025,05-Aug-2025,152248,47 56.404500 N,063 58.042100 W,2.3,212.5,A,DoorSpread,DoorMaster,10.580000,D,S,60258.000000
Tue Aug 05 12:22:37 2025,05-Aug-2025,152249,47 56.404000 N,063 58.042600 W,2.3,212.7,A,DoorSpread,DoorMaster,10.580000,D,S,60258.000000
Tue Aug 05 12:22:37 2025,05-Aug-2025,152250,47 56.403500 N,063 58.043100 W,2.3,212.8,A,DoorSpread,DoorMaster,10.580000,D,S,60258.000000
Tue Aug 05 12:22:37 2025,05-Aug-2025,152251,47 56.403000 N,063 58.043500 W,2.3,213.0,A,DoorSpread,DoorMaster,10.580000,D,S,60258.000000
Tue Aug 05 12:22:43 2025,05-Aug-2025,152252,47 56.402500 N,063 58.043900 W,2.3,213.0,A,DoorSpread,DoorMaster,11.600000,D,S,43717.000000
Tue Aug 05 12:22:43 2025,05-Aug-2025,152253,47 56.402100 N,063 58.044300 W,2.3,213.0,A,DoorSpread,DoorMaster,11.600000,D,S,43717.000000
Tue Aug 05 12:22:43 2025,05-Aug-2025,152254,47 56.401600 N,063 58.044800 W,2.3,212.9,A,DoorSpread,DoorMaster,11.600000,D,S,43717.000000
Tue Aug 05 12:22:43 2025,05-Aug-2025,152255,47 56.401000 N,063 58.045300 W,2.3,212.8,A,DoorSpread,DoorMaster,11.600000,D,S,43717.000000
Tue Aug 05 12:22:43 2025,05-Aug-2025,152256,47 56.400500 N,063 58.045900 W,2.3,213.0,A,DoorSpread,DoorMaster,11.600000,D,S,43717.000000
Tue Aug 05 12:22:43 2025,05-Aug-2025,152257,47 56.399900 N,063 58.046400 W,2.3,212.9,A,DoorSpread,DoorMaster,11.600000,D,S,43717.000000
Tue Aug 05 12:22:49 2025,05-Aug-2025,152258,47 56.399200 N,063 58.047000 W,2.3,212.7,A,DoorSpread,DoorMaster,10.505000,D,S,122418.000000
Tue Aug 05 12:22:49 2025,05-Aug-2025,152259,47 56.398500 N,063 58.047500 W,2.3,212.4,A,DoorSpread,DoorMaster,10.505000,D,S,122418.000000
Tue Aug 05 12:22:49 2025,05-Aug-2025,152300,47 56.398000 N,063 58.047900 W,2.2,212.3,A,DoorSpread,DoorMaster,10.505000,D,S,122418.000000
Tue Aug 05 12:22:49 2025,05-Aug-2025,152301,47 56.397400 N,063 58.048300 W,2.3,212.3,A,DoorSpread,DoorMaster,10.505000,D,S,122418.000000
Tue Aug 05 12:22:49 2025,05-Aug-2025,152302,47 56.396800 N,063 58.048900 W,2.2,212.3,A,DoorSpread,DoorMaster,10.505000,D,S,122418.000000
Tue Aug 05 12:22:49 2025,05-Aug-2025,152303,47 56.396300 N,063 58.049300 W,2.2,212.2,A,DoorSpread,DoorMaster,10.505000,D,S,122418.000000
Tue Aug 05 12:22:54 2025,05-Aug-2025,152304,47 56.395800 N,063 58.049700 W,2.2,212.2,A,DoorSpread,DoorMaster,10.265000,D,P,31998.000000
Tue Aug 05 12:22:54 2025,05-Aug-2025,152305,47 56.395200 N,063 58.050200 W,2.2,212.2,A,DoorSpread,DoorMaster,10.265000,D,P,31998.000000
Tue Aug 05 12:22:54 2025,05-Aug-2025,152306,47 56.394700 N,063 58.050700 W,2.2,212.1,A,DoorSpread,DoorMaster,10.265000,D,P,31998.000000
Tue Aug 05 12:22:54 2025,05-Aug-2025,152307,47 56.394200 N,063 58.051200 W,2.2,211.9,A,DoorSpread,DoorMaster,10.265000,D,P,31998.000000
Tue Aug 05 12:22:54 2025,05-Aug-2025,152308,47 56.393800 N,063 58.051600 W,2.1,211.7,A,DoorSpread,DoorMaster,10.265000,D,P,31998.000000
Tue Aug 05 12:23:00 2025,05-Aug-2025,152309,47 56.393400 N,063 58.052200 W,2.1,211.7,A,DoorSpread,DoorMaster,8.830000,D,P,43083.000000
Tue Aug 05 12:23:00 2025,05-Aug-2025,152310,47 56.393000 N,063 58.052600 W,2.1,211.7,A,DoorSpread,DoorMaster,8.830000,D,P,43083.000000
Tue Aug 05 12:23:00 2025,05-Aug-2025,152311,47 56.392500 N,063 58.053100 W,2.1,211.6,A,DoorSpread,DoorMaster,8.830000,D,P,43083.000000
Tue Aug 05 12:23:00 2025,05-Aug-2025,152312,47 56.392100 N,063 58.053400 W,2.0,211.4,A,DoorSpread,DoorMaster,8.830000,D,P,43083.000000
Tue Aug 05 12:23:00 2025,05-Aug-2025,152313,47 56.391700 N,063 58.053800 W,2.0,211.5,A,DoorSpread,DoorMaster,8.830000,D,P,43083.000000
Tue Aug 05 12:23:00 2025,05-Aug-2025,152314,47 56.391300 N,063 58.054300 W,2.0,211.4,A,DoorSpread,DoorMaster,8.830000,D,P,43083.000000
Tue Aug 05 12:23:06 2025,05-Aug-2025,152315,47 56.390900 N,063 58.054800 W,2.0,211.4,A,DoorSpread,DoorMaster,8.260000,D,P,72854.000000
Tue Aug 05 12:23:06 2025,05-Aug-2025,152316,47 56.390500 N,063 58.055200 W,1.9,211.4,A,DoorSpread,DoorMaster,8.260000,D,P,72854.000000
Tue Aug 05 12:23:06 2025,05-Aug-2025,152317,47 56.390100 N,063 58.055600 W,1.9,211.4,A,DoorSpread,DoorMaster,8.260000,D,P,72854.000000
Tue Aug 05 12:23:06 2025,05-Aug-2025,152318,47 56.389600 N,063 58.056100 W,1.9,211.4,A,DoorSpread,DoorMaster,8.260000,D,P,72854.000000
Tue Aug 05 12:23:06 2025,05-Aug-2025,152319,47 56.389200 N,063 58.056500 W,1.9,211.4,A,DoorSpread,DoorMaster,8.260000,D,P,72854.000000
Tue Aug 05 12:23:06 2025,05-Aug-2025,152320,47 56.388700 N,063 58.056800 W,1.9,211.3,A,DoorSpread,DoorMaster,8.260000,D,P,72854.000000
Tue Aug 05 12:23:12 2025,05-Aug-2025,152321,47 56.388300 N,063 58.057100 W,1.9,211.2,A,DoorSpread,DoorMaster,7.875000,D,P,38712.000000
Tue Aug 05 12:23:12 2025,05-Aug-2025,152322,47 56.387900 N,063 58.057600 W,1.9,211.2,A,DoorSpread,DoorMaster,7.875000,D,P,38712.000000
Tue Aug 05 12:23:12 2025,05-Aug-2025,152323,47 56.387500 N,063 58.058000 W,1.9,211.1,A,DoorSpread,DoorMaster,7.875000,D,P,38712.000000
Tue Aug 05 12:23:12 2025,05-Aug-2025,152324,47 56.387000 N,063 58.058300 W,2.0,210.9,A,DoorSpread,DoorMaster,7.875000,D,P,38712.000000
Tue Aug 05 12:23:12 2025,05-Aug-2025,152325,47 56.386600 N,063 58.058600 W,2.0,210.8,A,DoorSpread,DoorMaster,7.875000,D,P,38712.000000
Tue Aug 05 12:23:17 2025,05-Aug-2025,152326,47 56.386200 N,063 58.058900 W,2.0,210.8,A,DoorSpread,DoorMaster,7.660000,D,S,40049.000000
Tue Aug 05 12:23:17 2025,05-Aug-2025,152327,47 56.385800 N,063 58.059300 W,2.0,210.9,A,DoorSpread,DoorMaster,7.660000,D,S,40049.000000
Tue Aug 05 12:23:17 2025,05-Aug-2025,152328,47 56.385400 N,063 58.059700 W,2.0,210.9,A,DoorSpread,DoorMaster,7.660000,D,S,40049.000000
Tue Aug 05 12:23:17 2025,05-Aug-2025,152329,47 56.385000 N,063 58.060000 W,2.0,211.0,A,DoorSpread,DoorMaster,7.660000,D,S,40049.000000
Tue Aug 05 12:23:17 2025,05-Aug-2025,152330,47 56.384600 N,063 58.060400 W,2.0,211.0,A,DoorSpread,DoorMaster,7.660000,D,S,40049.000000
Tue Aug 05 12:23:17 2025,05-Aug-2025,152331,47 56.384200 N,063 58.060800 W,2.0,211.1,A,DoorSpread,DoorMaster,7.660000,D,S,40049.000000
Tue Aug 05 12:23:23 2025,05-Aug-2025,152332,47 56.383800 N,063 58.061300 W,2.0,211.2,A,DoorSpread,DoorMaster,7.190000,D,S,66548.000000
Tue Aug 05 12:23:23 2025,05-Aug-2025,152333,47 56.383400 N,063 58.061800 W,2.0,211.3,A,DoorSpread,DoorMaster,7.190000,D,S,66548.000000
Tue Aug 05 12:23:23 2025,05-Aug-2025,152334,47 56.383000 N,063 58.062200 W,2.1,211.3,A,DoorSpread,DoorMaster,7.190000,D,S,66548.000000
Tue Aug 05 12:23:23 2025,05-Aug-2025,152335,47 56.382600 N,063 58.062600 W,2.1,211.5,A,DoorSpread,DoorMaster,7.190000,D,S,66548.000000
Tue Aug 05 12:23:23 2025,05-Aug-2025,152336,47 56.382100 N,063 58.063000 W,2.1,211.8,A,DoorSpread,DoorMaster,7.190000,D,S,66548.000000
Tue Aug 05 12:23:23 2025,05-Aug-2025,152337,47 56.381600 N,063 58.063500 W,2.1,211.9,A,DoorSpread,DoorMaster,7.190000,D,S,66548.000000
Tue Aug 05 12:23:29 2025,05-Aug-2025,152338,47 56.381100 N,063 58.064000 W,2.1,211.9,A,DoorSpread,DoorMaster,6.890000,D,S,94963.000000
Tue Aug 05 12:23:29 2025,05-Aug-2025,152339,47 56.380600 N,063 58.064400 W,2.1,211.8,A,DoorSpread,DoorMaster,6.890000,D,S,94963.000000
Tue Aug 05 12:23:29 2025,05-Aug-2025,152340,47 56.380100 N,063 58.064900 W,2.1,211.9,A,DoorSpread,DoorMaster,6.890000,D,S,94963.000000
Tue Aug 05 12:23:29 2025,05-Aug-2025,152341,47 56.379500 N,063 58.065400 W,2.1,211.9,A,DoorSpread,DoorMaster,6.890000,D,S,94963.000000
Tue Aug 05 12:23:29 2025,05-Aug-2025,152342,47 56.379000 N,063 58.065900 W,2.1,211.7,A,DoorSpread,DoorMaster,6.890000,D,S,94963.000000
Tue Aug 05 12:23:34 2025,05-Aug-2025,152343,47 56.378500 N,063 58.066300 W,2.1,211.5,A,DoorSpread,DoorMaster,6.760000,D,P,102716.000000
Tue Aug 05 12:23:34 2025,05-Aug-2025,152344,47 56.378000 N,063 58.066900 W,2.1,211.3,A,DoorSpread,DoorMaster,6.760000,D,P,102716.000000
Tue Aug 05 12:23:34 2025,05-Aug-2025,152345,47 56.377500 N,063 58.067400 W,2.2,211.3,A,DoorSpread,DoorMaster,6.760000,D,P,102716.000000
Tue Aug 05 12:23:34 2025,05-Aug-2025,152346,47 56.377000 N,063 58.067900 W,2.1,211.3,A,DoorSpread,DoorMaster,6.760000,D,P,102716.000000
Tue Aug 05 12:23:34 2025,05-Aug-2025,152347,47 56.376500 N,063 58.068200 W,2.1,211.2,A,DoorSpread,DoorMaster,6.760000,D,P,102716.000000
Tue Aug 05 12:23:34 2025,05-Aug-2025,152348,47 56.376100 N,063 58.068700 W,2.1,211.2,A,DoorSpread,DoorMaster,6.760000,D,P,102716.000000
Tue Aug 05 12:23:40 2025,05-Aug-2025,152349,47 56.375600 N,063 58.069100 W,2.1,211.2,A,DoorSpread,DoorMaster,7.085000,D,P,28712.000000
Tue Aug 05 12:23:40 2025,05-Aug-2025,152350,47 56.375100 N,063 58.069400 W,2.1,211.1,A,DoorSpread,DoorMaster,7.085000,D,P,28712.000000
Tue Aug 05 12:23:40 2025,05-Aug-2025,152351,47 56.374600 N,063 58.069800 W,2.1,210.9,A,DoorSpread,DoorMaster,7.085000,D,P,28712.000000
Tue Aug 05 12:23:40 2025,05-Aug-2025,152352,47 56.374200 N,063 58.070200 W,2.1,211.1,A,DoorSpread,DoorMaster,7.085000,D,P,28712.000000
Tue Aug 05 12:23:40 2025,05-Aug-2025,152353,47 56.373700 N,063 58.070600 W,2.1,211.2,A,DoorSpread,DoorMaster,7.085000,D,P,28712.000000
Tue Aug 05 12:23:40 2025,05-Aug-2025,152354,47 56.373200 N,063 58.071000 W,2.1,211.4,A,DoorSpread,DoorMaster,7.085000,D,P,28712.000000
Tue Aug 05 12:23:45 2025,05-Aug-2025,152355,47 56.372700 N,063 58.071300 W,2.1,211.5,A,DoorSpread,DoorMaster,6.515000,D,S,178387.000000
Tue Aug 05 12:23:45 2025,05-Aug-2025,152356,47 56.372100 N,063 58.071600 W,2.1,211.5,A,DoorSpread,DoorMaster,6.515000,D,S,178387.000000
Tue Aug 05 12:23:45 2025,05-Aug-2025,152357,47 56.371500 N,063 58.071900 W,2.1,211.4,A,DoorSpread,DoorMaster,6.515000,D,S,178387.000000
Tue Aug 05 12:23:45 2025,05-Aug-2025,152358,47 56.371000 N,063 58.072300 W,2.1,211.5,A,DoorSpread,DoorMaster,6.515000,D,S,178387.000000
Tue Aug 05 12:23:45 2025,05-Aug-2025,152359,47 56.370400 N,063 58.072800 W,2.1,211.5,A,DoorSpread,DoorMaster,6.515000,D,S,178387.000000
Tue Aug 05 12:23:51 2025,05-Aug-2025,152400,47 56.369900 N,063 58.073200 W,2.1,211.5,A,DoorSpread,DoorMaster,6.375000,D,S,183486.000000
Tue Aug 05 12:23:51 2025,05-Aug-2025,152401,47 56.369300 N,063 58.073800 W,2.1,211.5,A,DoorSpread,DoorMaster,6.375000,D,S,183486.000000
Tue Aug 05 12:23:51 2025,05-Aug-2025,152402,47 56.368700 N,063 58.074200 W,2.1,211.6,A,DoorSpread,DoorMaster,6.375000,D,S,183486.000000
Tue Aug 05 12:23:51 2025,05-Aug-2025,152403,47 56.368100 N,063 58.074600 W,2.1,211.7,A,DoorSpread,DoorMaster,6.375000,D,S,183486.000000
Tue Aug 05 12:23:51 2025,05-Aug-2025,152404,47 56.367500 N,063 58.075100 W,2.1,211.8,A,DoorSpread,DoorMaster,6.375000,D,S,183486.000000
Tue Aug 05 12:23:51 2025,05-Aug-2025,152405,47 56.366900 N,063 58.075600 W,2.1,211.8,A,DoorSpread,DoorMaster,6.375000,D,S,183486.000000
Tue Aug 05 12:23:57 2025,05-Aug-2025,152406,47 56.366300 N,063 58.076100 W,2.1,211.7,A,DoorSpread,DoorMaster,6.410000,D,S,95276.000000
Tue Aug 05 12:23:57 2025,05-Aug-2025,152407,47 56.365800 N,063 58.076600 W,2.1,211.6,A,DoorSpread,DoorMaster,6.410000,D,S,95276.000000
Tue Aug 05 12:23:57 2025,05-Aug-2025,152408,47 56.365300 N,063 58.077100 W,2.1,211.7,A,DoorSpread,DoorMaster,6.410000,D,S,95276.000000
Tue Aug 05 12:23:57 2025,05-Aug-2025,152409,47 56.364900 N,063 58.077700 W,2.1,211.9,A,DoorSpread,DoorMaster,6.410000,D,S,95276.000000
Tue Aug 05 12:23:57 2025,05-Aug-2025,152410,47 56.364300 N,063 58.078200 W,2.1,211.7,A,DoorSpread,DoorMaster,6.410000,D,S,95276.000000
Tue Aug 05 12:24:02 2025,05-Aug-2025,152411,47 56.363800 N,063 58.078700 W,2.1,211.4,A,DoorSpread,DoorMaster,6.505000,D,P,35201.000000
Tue Aug 05 12:24:02 2025,05-Aug-2025,152412,47 56.363300 N,063 58.079200 W,2.1,211.2,A,DoorSpread,DoorMaster,6.505000,D,P,35201.000000
Tue Aug 05 12:24:02 2025,05-Aug-2025,152413,47 56.362800 N,063 58.079800 W,2.1,211.4,A,DoorSpread,DoorMaster,6.505000,D,P,35201.000000
Tue Aug 05 12:24:02 2025,05-Aug-2025,152414,47 56.362300 N,063 58.080400 W,2.2,211.4,A,DoorSpread,DoorMaster,6.505000,D,P,35201.000000
Tue Aug 05 12:24:02 2025,05-Aug-2025,152415,47 56.361800 N,063 58.080800 W,2.2,211.6,A,DoorSpread,DoorMaster,6.505000,D,P,35201.000000
Tue Aug 05 12:24:02 2025,05-Aug-2025,152416,47 56.361300 N,063 58.081200 W,2.2,211.6,A,DoorSpread,DoorMaster,6.505000,D,P,35201.000000
Tue Aug 05 12:24:08 2025,05-Aug-2025,152417,47 56.360900 N,063 58.081600 W,2.1,211.9,A,Secondary,Headline,56.346939,D,P,19025.000000
Tue Aug 05 12:24:08 2025,05-Aug-2025,152418,47 56.360400 N,063 58.082000 W,2.1,212.3,A,Secondary,Headline,56.346939,D,P,19025.000000
Tue Aug 05 12:24:08 2025,05-Aug-2025,152419,47 56.359900 N,063 58.082500 W,2.1,212.5,A,Secondary,Headline,56.346939,D,P,19025.000000
Tue Aug 05 12:24:08 2025,05-Aug-2025,152420,47 56.359400 N,063 58.083000 W,2.2,212.5,A,Secondary,Headline,56.346939,D,P,19025.000000
Tue Aug 05 12:24:08 2025,05-Aug-2025,152421,47 56.358800 N,063 58.083400 W,2.1,212.5,A,Secondary,Headline,56.346939,D,P,19025.000000
Tue Aug 05 12:24:08 2025,05-Aug-2025,152422,47 56.358300 N,063 58.083800 W,2.1,212.5,A,Secondary,Headline,56.346939,D,P,19025.000000
Tue Aug 05 12:24:14 2025,05-Aug-2025,152423,47 56.357800 N,063 58.084300 W,2.2,212.7,A,DoorSpread,DoorMaster,6.365000,D,P,52341.000000
Tue Aug 05 12:24:14 2025,05-Aug-2025,152424,47 56.357300 N,063 58.084800 W,2.2,212.7,A,DoorSpread,DoorMaster,6.365000,D,P,52341.000000
Tue Aug 05 12:24:14 2025,05-Aug-2025,152425,47 56.356800 N,063 58.085200 W,2.1,212.8,A,DoorSpread,DoorMaster,6.365000,D,P,52341.000000
Tue Aug 05 12:24:14 2025,05-Aug-2025,152426,47 56.356200 N,063 58.085800 W,2.1,212.7,A,DoorSpread,DoorMaster,6.365000,D,P,52341.000000
Tue Aug 05 12:24:14 2025,05-Aug-2025,152427,47 56.355700 N,063 58.086400 W,2.2,212.6,A,DoorSpread,DoorMaster,6.365000,D,P,52341.000000
Tue Aug 05 12:24:19 2025,05-Aug-2025,152428,47 56.355100 N,063 58.086900 W,2.2,212.5,A,DoorSpread,DoorMaster,6.420000,D,P,70622.000000
Tue Aug 05 12:24:19 2025,05-Aug-2025,152429,47 56.354600 N,063 58.087500 W,2.1,212.5,A,DoorSpread,DoorMaster,6.420000,D,P,70622.000000
Tue Aug 05 12:24:19 2025,05-Aug-2025,152430,47 56.354200 N,063 58.088100 W,2.1,212.7,A,DoorSpread,DoorMaster,6.420000,D,P,70622.000000
Tue Aug 05 12:24:19 2025,05-Aug-2025,152431,47 56.353600 N,063 58.088700 W,2.2,212.7,A,DoorSpread,DoorMaster,6.420000,D,P,70622.000000
Tue Aug 05 12:24:19 2025,05-Aug-2025,152432,47 56.353000 N,063 58.089200 W,2.2,212.8,A,DoorSpread,DoorMaster,6.420000,D,P,70622.000000
Tue Aug 05 12:24:19 2025,05-Aug-2025,152433,47 56.352600 N,063 58.089700 W,2.1,212.9,A,DoorSpread,DoorMaster,6.420000,D,P,70622.000000
Tue Aug 05 12:24:25 2025,05-Aug-2025,152434,47 56.351900 N,063 58.090200 W,2.2,212.8,A,DoorSpread,DoorMaster,6.075000,D,S,52825.000000
Tue Aug 05 12:24:25 2025,05-Aug-2025,152435,47 56.351500 N,063 58.090700 W,2.2,212.7,A,DoorSpread,DoorMaster,6.075000,D,S,52825.000000
Tue Aug 05 12:24:25 2025,05-Aug-2025,152436,47 56.351000 N,063 58.091200 W,2.1,212.6,A,DoorSpread,DoorMaster,6.075000,D,S,52825.000000
Tue Aug 05 12:24:25 2025,05-Aug-2025,152437,47 56.350600 N,063 58.091600 W,2.1,212.5,A,DoorSpread,DoorMaster,6.075000,D,S,52825.000000
Tue Aug 05 12:24:25 2025,05-Aug-2025,152438,47 56.350100 N,063 58.092100 W,2.1,212.4,A,DoorSpread,DoorMaster,6.075000,D,S,52825.000000
Tue Aug 05 12:24:30 2025,05-Aug-2025,152439,47 56.349600 N,063 58.092500 W,2.2,212.3,A,DoorSpread,DoorMaster,6.100000,D,P,65893.000000
Tue Aug 05 12:24:30 2025,05-Aug-2025,152440,47 56.349100 N,063 58.092900 W,2.1,212.3,A,DoorSpread,DoorMaster,6.100000,D,P,65893.000000
Tue Aug 05 12:24:30 2025,05-Aug-2025,152441,47 56.348600 N,063 58.093300 W,2.1,212.4,A,DoorSpread,DoorMaster,6.100000,D,P,65893.000000
Tue Aug 05 12:24:30 2025,05-Aug-2025,152442,47 56.348200 N,063 58.093600 W,2.1,212.4,A,DoorSpread,DoorMaster,6.100000,D,P,65893.000000
Tue Aug 05 12:24:30 2025,05-Aug-2025,152443,47 56.347600 N,063 58.094000 W,2.1,212.3,A,DoorSpread,DoorMaster,6.100000,D,P,65893.000000
Tue Aug 05 12:24:30 2025,05-Aug-2025,152444,47 56.347100 N,063 58.094300 W,2.1,212.3,A,DoorSpread,DoorMaster,6.100000,D,P,65893.000000
Tue Aug 05 12:24:36 2025,05-Aug-2025,152445,47 56.346700 N,063 58.094700 W,2.1,212.2,A,DoorSpread,DoorMaster,6.175000,D,P,46791.000000
Tue Aug 05 12:24:36 2025,05-Aug-2025,152446,47 56.346200 N,063 58.095100 W,2.1,212.2,A,DoorSpread,DoorMaster,6.175000,D,P,46791.000000
Tue Aug 05 12:24:36 2025,05-Aug-2025,152447,47 56.345700 N,063 58.095500 W,2.1,212.2,A,DoorSpread,DoorMaster,6.175000,D,P,46791.000000
Tue Aug 05 12:24:36 2025,05-Aug-2025,152448,47 56.345200 N,063 58.095900 W,2.1,212.1,A,DoorSpread,DoorMaster,6.175000,D,P,46791.000000
Tue Aug 05 12:24:36 2025,05-Aug-2025,152449,47 56.344600 N,063 58.096300 W,2.1,212.1,A,DoorSpread,DoorMaster,6.175000,D,P,46791.000000
Tue Aug 05 12:24:36 2025,05-Aug-2025,152450,47 56.344100 N,063 58.096600 W,2.1,212.1,A,DoorSpread,DoorMaster,6.175000,D,P,46791.000000
Tue Aug 05 12:24:41 2025,05-Aug-2025,152451,47 56.343600 N,063 58.097100 W,2.1,212.2,A,DoorSpread,DoorMaster,5.975000,D,S,38457.000000
Tue Aug 05 12:24:41 2025,05-Aug-2025,152452,47 56.343200 N,063 58.097700 W,2.1,212.2,A,DoorSpread,DoorMaster,5.975000,D,S,38457.000000
Tue Aug 05 12:24:41 2025,05-Aug-2025,152453,47 56.342700 N,063 58.098400 W,2.1,212.0,A,DoorSpread,DoorMaster,5.975000,D,S,38457.000000
Tue Aug 05 12:24:41 2025,05-Aug-2025,152454,47 56.342300 N,063 58.099000 W,2.1,211.9,A,DoorSpread,DoorMaster,5.975000,D,S,38457.000000
Tue Aug 05 12:24:41 2025,05-Aug-2025,152455,47 56.341900 N,063 58.099700 W,2.1,212.1,A,DoorSpread,DoorMaster,5.975000,D,S,38457.000000
Tue Aug 05 12:24:47 2025,05-Aug-2025,152456,47 56.341500 N,063 58.100400 W,2.1,212.3,A,DoorSpread,DoorMaster,6.060000,D,S,34757.000000
Tue Aug 05 12:24:47 2025,05-Aug-2025,152457,47 56.341000 N,063 58.101000 W,2.1,212.2,A,DoorSpread,DoorMaster,6.060000,D,S,34757.000000
Tue Aug 05 12:24:47 2025,05-Aug-2025,152458,47 56.340500 N,063 58.101500 W,2.1,212.0,A,DoorSpread,DoorMaster,6.060000,D,S,34757.000000
Tue Aug 05 12:24:47 2025,05-Aug-2025,152459,47 56.340000 N,063 58.102000 W,2.1,212.0,A,DoorSpread,DoorMaster,6.060000,D,S,34757.000000
Tue Aug 05 12:24:47 2025,05-Aug-2025,152500,47 56.339600 N,063 58.102500 W,2.1,212.2,A,DoorSpread,DoorMaster,6.060000,D,S,34757.000000
Tue Aug 05 12:24:47 2025,05-Aug-2025,152501,47 56.339200 N,063 58.103000 W,2.1,212.2,A,DoorSpread,DoorMaster,6.060000,D,S,34757.000000
Tue Aug 05 12:24:53 2025,05-Aug-2025,152502,47 56.338700 N,063 58.103500 W,2.2,212.0,A,DoorSpread,DoorMaster,5.935000,D,S,57205.000000
Tue Aug 05 12:24:53 2025,05-Aug-2025,152503,47 56.338200 N,063 58.103900 W,2.2,211.8,A,DoorSpread,DoorMaster,5.935000,D,S,57205.000000
Tue Aug 05 12:24:53 2025,05-Aug-2025,152504,47 56.337700 N,063 58.104300 W,2.2,211.9,A,DoorSpread,DoorMaster,5.935000,D,S,57205.000000
Tue Aug 05 12:24:53 2025,05-Aug-2025,152505,47 56.337200 N,063 58.104600 W,2.2,211.9,A,DoorSpread,DoorMaster,5.935000,D,S,57205.000000
Tue Aug 05 12:24:53 2025,05-Aug-2025,152506,47 56.336700 N,063 58.104900 W,2.2,211.8,A,DoorSpread,DoorMaster,5.935000,D,S,57205.000000
Tue Aug 05 12:24:58 2025,05-Aug-2025,152507,47 56.336300 N,063 58.105300 W,2.1,211.8,A,DoorSpread,DoorMaster,5.885000,D,S,107750.000000
Tue Aug 05 12:24:58 2025,05-Aug-2025,152508,47 56.335800 N,063 58.105700 W,2.1,211.9,A,DoorSpread,DoorMaster,5.885000,D,S,107750.000000
Tue Aug 05 12:24:58 2025,05-Aug-2025,152509,47 56.335400 N,063 58.106200 W,2.1,212.1,A,DoorSpread,DoorMaster,5.885000,D,S,107750.000000
Tue Aug 05 12:24:58 2025,05-Aug-2025,152510,47 56.335000 N,063 58.106800 W,2.1,212.2,A,DoorSpread,DoorMaster,5.885000,D,S,107750.000000
Tue Aug 05 12:24:58 2025,05-Aug-2025,152511,47 56.334500 N,063 58.107200 W,2.1,212.0,A,DoorSpread,DoorMaster,5.885000,D,S,107750.000000
Tue Aug 05 12:24:58 2025,05-Aug-2025,152512,47 56.333900 N,063 58.107700 W,2.2,211.6,A,DoorSpread,DoorMaster,5.885000,D,S,107750.000000
Tue Aug 05 12:25:04 2025,05-Aug-2025,152513,47 56.333400 N,063 58.108300 W,2.2,211.5,A,DoorSpread,DoorMaster,5.945000,D,P,48674.000000
Tue Aug 05 12:25:04 2025,05-Aug-2025,152514,47 56.332900 N,063 58.108900 W,2.2,211.2,A,DoorSpread,DoorMaster,5.945000,D,P,48674.000000
Tue Aug 05 12:25:04 2025,05-Aug-2025,152515,47 56.332400 N,063 58.109400 W,2.2,211.0,A,DoorSpread,DoorMaster,5.945000,D,P,48674.000000
Tue Aug 05 12:25:04 2025,05-Aug-2025,152516,47 56.332000 N,063 58.110000 W,2.2,210.7,A,DoorSpread,DoorMaster,5.945000,D,P,48674.000000
Tue Aug 05 12:25:04 2025,05-Aug-2025,152517,47 56.331600 N,063 58.110500 W,2.2,210.6,A,DoorSpread,DoorMaster,5.945000,D,P,48674.000000
Tue Aug 05 12:25:09 2025,05-Aug-2025,152518,47 56.331100 N,063 58.111000 W,2.2,210.5,A,DoorSpread,DoorMaster,6.265000,D,P,56689.000000
Tue Aug 05 12:25:09 2025,05-Aug-2025,152519,47 56.330600 N,063 58.111500 W,2.2,210.4,A,DoorSpread,DoorMaster,6.135000,D,S,65344.000000
Tue Aug 05 12:25:09 2025,05-Aug-2025,152520,47 56.330200 N,063 58.111900 W,2.1,210.3,A,DoorSpread,DoorMaster,6.135000,D,S,65344.000000
Tue Aug 05 12:25:09 2025,05-Aug-2025,152521,47 56.329700 N,063 58.112300 W,2.1,210.3,A,DoorSpread,DoorMaster,6.135000,D,S,65344.000000
Tue Aug 05 12:25:09 2025,05-Aug-2025,152522,47 56.329200 N,063 58.112700 W,2.1,210.4,A,DoorSpread,DoorMaster,6.135000,D,S,65344.000000
Tue Aug 05 12:25:09 2025,05-Aug-2025,152523,47 56.328800 N,063 58.113100 W,2.1,210.5,A,DoorSpread,DoorMaster,6.135000,D,S,65344.000000
Tue Aug 05 12:25:15 2025,05-Aug-2025,152524,47 56.328300 N,063 58.113400 W,2.1,210.6,A,DoorSpread,DoorMaster,5.350000,D,P,42134.000000
Tue Aug 05 12:25:15 2025,05-Aug-2025,152525,47 56.327800 N,063 58.113800 W,2.0,210.7,A,DoorSpread,DoorMaster,5.350000,D,P,42134.000000
Tue Aug 05 12:25:15 2025,05-Aug-2025,152526,47 56.327300 N,063 58.114100 W,2.0,210.8,A,DoorSpread,DoorMaster,5.350000,D,P,42134.000000
Tue Aug 05 12:25:15 2025,05-Aug-2025,152527,47 56.326800 N,063 58.114500 W,2.0,210.9,A,DoorSpread,DoorMaster,5.350000,D,P,42134.000000
Tue Aug 05 12:25:15 2025,05-Aug-2025,152528,47 56.326200 N,063 58.114900 W,2.0,210.9,A,DoorSpread,DoorMaster,5.350000,D,P,42134.000000
Tue Aug 05 12:25:20 2025,05-Aug-2025,152529,47 56.325800 N,063 58.115300 W,2.0,211.3,A,DoorSpread,DoorMaster,5.730000,D,P,33572.000000
Tue Aug 05 12:25:20 2025,05-Aug-2025,152530,47 56.325400 N,063 58.115800 W,2.0,211.5,A,DoorSpread,DoorMaster,5.730000,D,P,33572.000000
Tue Aug 05 12:25:20 2025,05-Aug-2025,152531,47 56.324900 N,063 58.116100 W,2.0,211.6,A,DoorSpread,DoorMaster,5.730000,D,P,33572.000000
Tue Aug 05 12:25:20 2025,05-Aug-2025,152532,47 56.324400 N,063 58.116500 W,2.0,211.5,A,DoorSpread,DoorMaster,5.730000,D,P,33572.000000
Tue Aug 05 12:25:20 2025,05-Aug-2025,152533,47 56.323900 N,063 58.116900 W,2.0,211.5,A,DoorSpread,DoorMaster,5.730000,D,P,33572.000000
Tue Aug 05 12:25:20 2025,05-Aug-2025,152534,47 56.323400 N,063 58.117200 W,2.0,211.6,A,DoorSpread,DoorMaster,5.730000,D,P,33572.000000
Tue Aug 05 12:25:26 2025,05-Aug-2025,152535,47 56.322900 N,063 58.117500 W,2.0,211.6,A,DoorSpread,DoorMaster,5.750000,D,P,26387.000000
Tue Aug 05 12:25:26 2025,05-Aug-2025,152536,47 56.322400 N,063 58.117800 W,2.0,211.6,A,DoorSpread,DoorMaster,5.750000,D,P,26387.000000
Tue Aug 05 12:25:26 2025,05-Aug-2025,152537,47 56.321800 N,063 58.118200 W,2.0,211.7,A,DoorSpread,DoorMaster,5.750000,D,P,26387.000000
Tue Aug 05 12:25:26 2025,05-Aug-2025,152538,47 56.321300 N,063 58.118700 W,2.0,211.7,A,DoorSpread,DoorMaster,5.750000,D,P,26387.000000
Tue Aug 05 12:25:26 2025,05-Aug-2025,152539,47 56.320700 N,063 58.119200 W,2.0,211.8,A,DoorSpread,DoorMaster,5.750000,D,P,26387.000000
Tue Aug 05 12:25:31 2025,05-Aug-2025,152540,47 56.320100 N,063 58.119800 W,2.0,211.8,A,DoorSpread,DoorMaster,5.705000,D,P,27227.000000
Tue Aug 05 12:25:31 2025,05-Aug-2025,152541,47 56.319700 N,063 58.120300 W,2.0,211.8,A,DoorSpread,DoorMaster,5.720000,D,S,60621.000000
Tue Aug 05 12:25:31 2025,05-Aug-2025,152542,47 56.319200 N,063 58.120900 W,2.0,212.0,A,DoorSpread,DoorMaster,5.720000,D,S,60621.000000
Tue Aug 05 12:25:31 2025,05-Aug-2025,152543,47 56.318700 N,063 58.121400 W,2.1,211.8,A,DoorSpread,DoorMaster,5.720000,D,S,60621.000000
Tue Aug 05 12:25:31 2025,05-Aug-2025,152544,47 56.318200 N,063 58.121900 W,2.0,211.7,A,DoorSpread,DoorMaster,5.720000,D,S,60621.000000
Tue Aug 05 12:25:31 2025,05-Aug-2025,152545,47 56.317700 N,063 58.122300 W,2.0,211.7,A,DoorSpread,DoorMaster,5.720000,D,S,60621.000000
Tue Aug 05 12:25:37 2025,05-Aug-2025,152546,47 56.317300 N,063 58.122900 W,2.1,211.6,A,DoorSpread,DoorMaster,5.615000,D,P,52235.000000
Tue Aug 05 12:25:37 2025,05-Aug-2025,152547,47 56.316700 N,063 58.123400 W,2.2,211.3,A,DoorSpread,DoorMaster,5.615000,D,P,52235.000000
Tue Aug 05 12:25:37 2025,05-Aug-2025,152548,47 56.316200 N,063 58.123900 W,2.2,211.1,A,DoorSpread,DoorMaster,5.615000,D,P,52235.000000
Tue Aug 05 12:25:37 2025,05-Aug-2025,152549,47 56.315800 N,063 58.124300 W,2.1,211.0,A,DoorSpread,DoorMaster,5.615000,D,P,52235.000000
Tue Aug 05 12:25:37 2025,05-Aug-2025,152550,47 56.315400 N,063 58.124800 W,2.1,211.4,A,DoorSpread,DoorMaster,5.615000,D,P,52235.000000
Tue Aug 05 12:25:37 2025,05-Aug-2025,152551,47 56.314800 N,063 58.125300 W,2.2,211.4,A,DoorSpread,DoorMaster,5.615000,D,P,52235.000000
Tue Aug 05 12:25:42 2025,05-Aug-2025,152552,47 56.314300 N,063 58.125800 W,2.2,211.3,A,DoorSpread,DoorMaster,5.250000,D,S,67471.000000
Tue Aug 05 12:25:42 2025,05-Aug-2025,152553,47 56.313800 N,063 58.126200 W,2.1,211.3,A,DoorSpread,DoorMaster,5.250000,D,S,67471.000000
Tue Aug 05 12:25:42 2025,05-Aug-2025,152554,47 56.313300 N,063 58.126600 W,2.1,212.1,A,DoorSpread,DoorMaster,5.250000,D,S,67471.000000
Tue Aug 05 12:25:42 2025,05-Aug-2025,152555,47 56.312900 N,063 58.127100 W,2.1,212.6,A,DoorSpread,DoorMaster,5.250000,D,S,67471.000000
Tue Aug 05 12:25:42 2025,05-Aug-2025,152556,47 56.312400 N,063 58.127500 W,2.1,212.6,A,DoorSpread,DoorMaster,5.250000,D,S,67471.000000
Tue Aug 05 12:25:48 2025,05-Aug-2025,152557,47 56.311900 N,063 58.127800 W,2.2,212.3,A,DoorSpread,DoorMaster,5.135000,D,S,87392.000000
Tue Aug 05 12:25:48 2025,05-Aug-2025,152558,47 56.311400 N,063 58.128200 W,2.2,212.1,A,DoorSpread,DoorMaster,5.135000,D,S,87392.000000
Tue Aug 05 12:25:48 2025,05-Aug-2025,152559,47 56.310800 N,063 58.128700 W,2.3,211.9,A,DoorSpread,DoorMaster,5.135000,D,S,87392.000000
Tue Aug 05 12:25:48 2025,05-Aug-2025,152600,47 56.310300 N,063 58.129200 W,2.3,211.8,A,DoorSpread,DoorMaster,5.135000,D,S,87392.000000
Tue Aug 05 12:25:48 2025,05-Aug-2025,152601,47 56.309700 N,063 58.129800 W,2.4,211.4,A,DoorSpread,DoorMaster,5.135000,D,S,87392.000000
Tue Aug 05 12:25:48 2025,05-Aug-2025,152602,47 56.309000 N,063 58.130400 W,2.5,211.1,A,DoorSpread,DoorMaster,5.135000,D,S,87392.000000
Tue Aug 05 12:25:53 2025,05-Aug-2025,152603,47 56.308400 N,063 58.131000 W,2.5,211.0,A,DoorSpread,DoorMaster,4.805000,D,S,90463.000000
Tue Aug 05 12:25:53 2025,05-Aug-2025,152604,47 56.307800 N,063 58.131600 W,2.6,210.9,A,DoorSpread,DoorMaster,4.805000,D,S,90463.000000
Tue Aug 05 12:25:53 2025,05-Aug-2025,152605,47 56.307200 N,063 58.132200 W,2.6,210.9,A,DoorSpread,DoorMaster,4.805000,D,S,90463.000000
Tue Aug 05 12:25:53 2025,05-Aug-2025,152606,47 56.306700 N,063 58.132800 W,2.7,210.8,A,DoorSpread,DoorMaster,4.805000,D,S,90463.000000
Tue Aug 05 12:25:53 2025,05-Aug-2025,152607,47 56.306000 N,063 58.133400 W,2.7,210.9,A,DoorSpread,DoorMaster,4.805000,D,S,90463.000000
Tue Aug 05 12:25:59 2025,05-Aug-2025,152608,47 56.305400 N,063 58.134100 W,2.7,211.3,A,DoorSpread,DoorMaster,5.080000,D,S,141285.000000
Tue Aug 05 12:25:59 2025,05-Aug-2025,152609,47 56.304700 N,063 58.134800 W,2.8,211.5,A,DoorSpread,DoorMaster,5.080000,D,S,141285.000000
Tue Aug 05 12:25:59 2025,05-Aug-2025,152610,47 56.304000 N,063 58.135300 W,2.8,211.5,A,DoorSpread,DoorMaster,5.080000,D,S,141285.000000
Tue Aug 05 12:25:59 2025,05-Aug-2025,152611,47 56.303300 N,063 58.135900 W,2.8,211.3,A,DoorSpread,DoorMaster,5.080000,D,S,141285.000000
Tue Aug 05 12:25:59 2025,05-Aug-2025,152612,47 56.302600 N,063 58.136400 W,2.8,211.1,A,DoorSpread,DoorMaster,5.080000,D,S,141285.000000
Tue Aug 05 12:25:59 2025,05-Aug-2025,152613,47 56.301900 N,063 58.137100 W,2.8,211.0,A,DoorSpread,DoorMaster,5.080000,D,S,141285.000000
Tue Aug 05 12:26:04 2025,05-Aug-2025,152614,47 56.301200 N,063 58.137800 W,2.8,210.8,A,DoorSpread,DoorMaster,6.065000,D,S,140316.000000
Tue Aug 05 12:26:04 2025,05-Aug-2025,152615,47 56.300500 N,063 58.138500 W,2.8,210.6,A,DoorSpread,DoorMaster,6.065000,D,S,140316.000000
Tue Aug 05 12:26:04 2025,05-Aug-2025,152616,47 56.299800 N,063 58.139200 W,2.8,210.4,A,DoorSpread,DoorMaster,6.065000,D,S,140316.000000
Tue Aug 05 12:26:04 2025,05-Aug-2025,152617,47 56.299200 N,063 58.139700 W,2.7,210.3,A,DoorSpread,DoorMaster,6.065000,D,S,140316.000000
Tue Aug 05 12:26:04 2025,05-Aug-2025,152618,47 56.298600 N,063 58.140400 W,2.7,210.1,A,DoorSpread,DoorMaster,6.065000,D,S,140316.000000
Tue Aug 05 12:26:10 2025,05-Aug-2025,152619,47 56.298000 N,063 58.141000 W,2.7,209.9,A,DoorSpread,DoorMaster,6.480000,D,S,89234.000000
Tue Aug 05 12:26:10 2025,05-Aug-2025,152620,47 56.297400 N,063 58.141600 W,2.7,209.7,A,DoorSpread,DoorMaster,6.480000,D,S,89234.000000
Tue Aug 05 12:26:10 2025,05-Aug-2025,152621,47 56.296900 N,063 58.142000 W,2.7,209.5,A,DoorSpread,DoorMaster,6.480000,D,S,89234.000000
Tue Aug 05 12:26:10 2025,05-Aug-2025,152622,47 56.296200 N,063 58.142500 W,2.7,209.2,A,DoorSpread,DoorMaster,6.480000,D,S,89234.000000
Tue Aug 05 12:26:10 2025,05-Aug-2025,152623,47 56.295500 N,063 58.142900 W,2.7,209.0,A,DoorSpread,DoorMaster,6.480000,D,S,89234.000000
Tue Aug 05 12:26:10 2025,05-Aug-2025,152624,47 56.294800 N,063 58.143200 W,2.6,208.9,A,DoorSpread,DoorMaster,6.480000,D,S,89234.000000
Tue Aug 05 12:26:16 2025,05-Aug-2025,152625,47 56.294200 N,063 58.143700 W,2.6,208.6,A,DoorSpread,DoorMaster,6.160000,D,S,101541.000000
Tue Aug 05 12:26:16 2025,05-Aug-2025,152626,47 56.293500 N,063 58.144100 W,2.6,208.4,A,DoorSpread,DoorMaster,6.160000,D,S,101541.000000
Tue Aug 05 12:26:16 2025,05-Aug-2025,152627,47 56.292900 N,063 58.144400 W,2.6,208.2,A,DoorSpread,DoorMaster,6.160000,D,S,101541.000000
Tue Aug 05 12:26:16 2025,05-Aug-2025,152628,47 56.292200 N,063 58.144900 W,2.6,207.9,A,DoorSpread,DoorMaster,6.160000,D,S,101541.000000
Tue Aug 05 12:26:16 2025,05-Aug-2025,152629,47 56.291600 N,063 58.145400 W,2.6,207.7,A,DoorSpread,DoorMaster,6.160000,D,S,101541.000000
Tue Aug 05 12:26:21 2025,05-Aug-2025,152630,47 56.291000 N,063 58.145900 W,2.5,207.5,A,DoorSpread,DoorMaster,5.820000,D,S,135239.000000
Tue Aug 05 12:26:21 2025,05-Aug-2025,152631,47 56.290400 N,063 58.146400 W,2.6,207.3,A,DoorSpread,DoorMaster,5.820000,D,S,135239.000000
Tue Aug 05 12:26:21 2025,05-Aug-2025,152632,47 56.289700 N,063 58.146900 W,2.6,207.1,A,DoorSpread,DoorMaster,5.820000,D,S,135239.000000
Tue Aug 05 12:26:21 2025,05-Aug-2025,152633,47 56.289000 N,063 58.147400 W,2.6,206.9,A,DoorSpread,DoorMaster,5.820000,D,S,135239.000000
Tue Aug 05 12:26:21 2025,05-Aug-2025,152634,47 56.288300 N,063 58.148000 W,2.6,206.8,A,DoorSpread,DoorMaster,5.820000,D,S,135239.000000
Tue Aug 05 12:26:21 2025,05-Aug-2025,152635,47 56.287700 N,063 58.148500 W,2.5,206.8,A,DoorSpread,DoorMaster,5.820000,D,S,135239.000000
Tue Aug 05 12:26:27 2025,05-Aug-2025,152636,47 56.287000 N,063 58.149000 W,2.5,206.6,A,DoorSpread,DoorMaster,5.480000,D,S,149153.000000
Tue Aug 05 12:26:27 2025,05-Aug-2025,152637,47 56.286400 N,063 58.149600 W,2.5,206.4,A,DoorSpread,DoorMaster,5.480000,D,S,149153.000000
Tue Aug 05 12:26:27 2025,05-Aug-2025,152638,47 56.285800 N,063 58.150100 W,2.5,206.3,A,DoorSpread,DoorMaster,5.480000,D,S,149153.000000
Tue Aug 05 12:26:27 2025,05-Aug-2025,152639,47 56.285200 N,063 58.150500 W,2.4,206.2,A,DoorSpread,DoorMaster,5.480000,D,S,149153.000000
Tue Aug 05 12:26:27 2025,05-Aug-2025,152640,47 56.284600 N,063 58.150900 W,2.4,206.0,A,DoorSpread,DoorMaster,5.480000,D,S,149153.000000
Tue Aug 05 12:26:32 2025,05-Aug-2025,152641,47 56.284000 N,063 58.151200 W,2.4,205.9,A,DoorSpread,DoorMaster,5.510000,D,S,67473.000000
Tue Aug 05 12:26:32 2025,05-Aug-2025,152642,47 56.283400 N,063 58.151500 W,2.4,205.9,A,DoorSpread,DoorMaster,5.510000,D,S,67473.000000
Tue Aug 05 12:26:32 2025,05-Aug-2025,152643,47 56.282800 N,063 58.151700 W,2.3,206.0,A,DoorSpread,DoorMaster,5.510000,D,S,67473.000000
Tue Aug 05 12:26:32 2025,05-Aug-2025,152644,47 56.282200 N,063 58.152100 W,2.3,206.0,A,DoorSpread,DoorMaster,5.510000,D,S,67473.000000
Tue Aug 05 12:26:32 2025,05-Aug-2025,152645,47 56.281700 N,063 58.152500 W,2.3,206.0,A,DoorSpread,DoorMaster,5.510000,D,S,67473.000000
Tue Aug 05 12:26:32 2025,05-Aug-2025,152646,47 56.281100 N,063 58.152900 W,2.3,205.9,A,DoorSpread,DoorMaster,5.510000,D,S,67473.000000
Tue Aug 05 12:26:38 2025,05-Aug-2025,152647,47 56.280700 N,063 58.153300 W,2.2,205.9,A,DoorSpread,DoorMaster,5.195000,D,S,129134.000000
Tue Aug 05 12:26:38 2025,05-Aug-2025,152648,47 56.280200 N,063 58.153700 W,2.2,206.0,A,DoorSpread,DoorMaster,5.195000,D,S,129134.000000
Tue Aug 05 12:26:38 2025,05-Aug-2025,152649,47 56.279700 N,063 58.154200 W,2.2,206.1,A,DoorSpread,DoorMaster,5.195000,D,S,129134.000000
Tue Aug 05 12:26:38 2025,05-Aug-2025,152650,47 56.279300 N,063 58.154600 W,2.1,206.2,A,DoorSpread,DoorMaster,5.195000,D,S,129134.000000
Tue Aug 05 12:26:38 2025,05-Aug-2025,152651,47 56.278800 N,063 58.155100 W,2.1,206.4,A,DoorSpread,DoorMaster,5.195000,D,S,129134.000000
Tue Aug 05 12:26:38 2025,05-Aug-2025,152652,47 56.278300 N,063 58.155500 W,2.1,206.8,A,DoorSpread,DoorMaster,5.195000,D,S,129134.000000
Tue Aug 05 12:26:43 2025,05-Aug-2025,152653,47 56.277700 N,063 58.156100 W,2.1,207.1,A,DoorSpread,DoorMaster,5.065000,D,P,59277.000000
Tue Aug 05 12:26:43 2025,05-Aug-2025,152654,47 56.277200 N,063 58.156600 W,2.1,207.5,A,DoorSpread,DoorMaster,5.065000,D,P,59277.000000
Tue Aug 05 12:26:43 2025,05-Aug-2025,152655,47 56.276700 N,063 58.156900 W,2.1,207.6,A,DoorSpread,DoorMaster,5.065000,D,P,59277.000000
Tue Aug 05 12:26:43 2025,05-Aug-2025,152656,47 56.276200 N,063 58.157300 W,2.1,207.7,A,DoorSpread,DoorMaster,5.065000,D,P,59277.000000
Tue Aug 05 12:26:43 2025,05-Aug-2025,152657,47 56.275700 N,063 58.157600 W,2.1,207.9,A,DoorSpread,DoorMaster,5.065000,D,P,59277.000000
Tue Aug 05 12:26:49 2025,05-Aug-2025,152658,47 56.275200 N,063 58.158000 W,2.1,208.1,A,DoorSpread,DoorMaster,5.135000,D,S,43136.000000
Tue Aug 05 12:26:49 2025,05-Aug-2025,152659,47 56.274600 N,063 58.158400 W,2.1,208.1,A,DoorSpread,DoorMaster,5.135000,D,S,43136.000000
Tue Aug 05 12:26:49 2025,05-Aug-2025,152700,47 56.274100 N,063 58.158900 W,2.1,208.3,A,DoorSpread,DoorMaster,5.135000,D,S,43136.000000
Tue Aug 05 12:26:49 2025,05-Aug-2025,152701,47 56.273500 N,063 58.159400 W,2.2,208.4,A,DoorSpread,DoorMaster,5.135000,D,S,43136.000000
Tue Aug 05 12:26:49 2025,05-Aug-2025,152702,47 56.272900 N,063 58.159800 W,2.2,208.5,A,DoorSpread,DoorMaster,5.135000,D,S,43136.000000
Tue Aug 05 12:26:49 2025,05-Aug-2025,152703,47 56.272400 N,063 58.160100 W,2.2,208.5,A,DoorSpread,DoorMaster,5.135000,D,S,43136.000000
Tue Aug 05 12:26:54 2025,05-Aug-2025,152704,47 56.271900 N,063 58.160500 W,2.2,208.7,A,DoorSpread,DoorMaster,4.960000,D,S,31798.000000
Tue Aug 05 12:26:54 2025,05-Aug-2025,152705,47 56.271500 N,063 58.160800 W,2.1,208.9,A,DoorSpread,DoorMaster,4.960000,D,S,31798.000000
Tue Aug 05 12:26:54 2025,05-Aug-2025,152706,47 56.271000 N,063 58.161200 W,2.1,208.9,A,DoorSpread,DoorMaster,4.960000,D,S,31798.000000
Tue Aug 05 12:26:54 2025,05-Aug-2025,152707,47 56.270600 N,063 58.161600 W,2.1,209.0,A,DoorSpread,DoorMaster,4.960000,D,S,31798.000000
Tue Aug 05 12:26:54 2025,05-Aug-2025,152708,47 56.270200 N,063 58.161900 W,2.1,209.0,A,DoorSpread,DoorMaster,4.960000,D,S,31798.000000
Tue Aug 05 12:27:00 2025,05-Aug-2025,152709,47 56.269800 N,063 58.162200 W,2.1,209.2,A,DoorSpread,DoorMaster,5.090000,D,S,52108.000000
Tue Aug 05 12:27:00 2025,05-Aug-2025,152710,47 56.269500 N,063 58.162500 W,2.1,209.4,A,DoorSpread,DoorMaster,5.090000,D,S,52108.000000
Tue Aug 05 12:27:00 2025,05-Aug-2025,152711,47 56.269100 N,063 58.162800 W,2.1,209.4,A,DoorSpread,DoorMaster,5.090000,D,S,52108.000000
Tue Aug 05 12:27:00 2025,05-Aug-2025,152712,47 56.268700 N,063 58.163100 W,2.1,209.3,A,DoorSpread,DoorMaster,5.090000,D,S,52108.000000
Tue Aug 05 12:27:00 2025,05-Aug-2025,152713,47 56.268300 N,063 58.163500 W,2.1,209.5,A,DoorSpread,DoorMaster,5.090000,D,S,52108.000000
Tue Aug 05 12:27:00 2025,05-Aug-2025,152714,47 56.267900 N,063 58.163900 W,2.1,209.5,A,DoorSpread,DoorMaster,5.090000,D,S,52108.000000
Tue Aug 05 12:27:05 2025,05-Aug-2025,152715,47 56.267400 N,063 58.164300 W,2.1,209.3,A,DoorSpread,DoorMaster,4.935000,D,S,80840.000000
Tue Aug 05 12:27:05 2025,05-Aug-2025,152716,47 56.267000 N,063 58.164600 W,2.1,209.3,A,DoorSpread,DoorMaster,4.935000,D,S,80840.000000
Tue Aug 05 12:27:05 2025,05-Aug-2025,152717,47 56.266400 N,063 58.165000 W,2.1,209.4,A,DoorSpread,DoorMaster,4.935000,D,S,80840.000000
Tue Aug 05 12:27:05 2025,05-Aug-2025,152718,47 56.265900 N,063 58.165400 W,2.1,209.3,A,DoorSpread,DoorMaster,4.935000,D,S,80840.000000
Tue Aug 05 12:27:05 2025,05-Aug-2025,152719,47 56.265400 N,063 58.165800 W,2.1,209.2,A,DoorSpread,DoorMaster,4.935000,D,S,80840.000000
Tue Aug 05 12:27:11 2025,05-Aug-2025,152720,47 56.264900 N,063 58.166100 W,2.1,209.1,A,DoorSpread,DoorMaster,4.960000,D,S,58550.000000
Tue Aug 05 12:27:11 2025,05-Aug-2025,152721,47 56.264500 N,063 58.166500 W,2.1,209.0,A,DoorSpread,DoorMaster,4.960000,D,S,58550.000000
Tue Aug 05 12:27:11 2025,05-Aug-2025,152722,47 56.263900 N,063 58.167000 W,2.1,208.8,A,DoorSpread,DoorMaster,4.960000,D,S,58550.000000
Tue Aug 05 12:27:11 2025,05-Aug-2025,152723,47 56.263300 N,063 58.167400 W,2.2,208.6,A,DoorSpread,DoorMaster,4.960000,D,S,58550.000000
Tue Aug 05 12:27:11 2025,05-Aug-2025,152724,47 56.262700 N,063 58.167900 W,2.2,208.5,A,DoorSpread,DoorMaster,4.960000,D,S,58550.000000
Tue Aug 05 12:27:11 2025,05-Aug-2025,152725,47 56.262300 N,063 58.168400 W,2.1,208.5,A,DoorSpread,DoorMaster,4.960000,D,S,58550.000000
Tue Aug 05 12:27:16 2025,05-Aug-2025,152726,47 56.261800 N,063 58.168900 W,2.1,208.4,A,DoorSpread,DoorMaster,4.950000,D,S,37699.000000
Tue Aug 05 12:27:16 2025,05-Aug-2025,152727,47 56.261200 N,063 58.169200 W,2.1,208.4,A,DoorSpread,DoorMaster,4.950000,D,S,37699.000000
Tue Aug 05 12:27:16 2025,05-Aug-2025,152728,47 56.260600 N,063 58.169400 W,2.1,208.4,A,DoorSpread,DoorMaster,4.950000,D,S,37699.000000
Tue Aug 05 12:27:16 2025,05-Aug-2025,152729,47 56.260000 N,063 58.169700 W,2.1,208.4,A,DoorSpread,DoorMaster,4.950000,D,S,37699.000000
Tue Aug 05 12:27:16 2025,05-Aug-2025,152730,47 56.259300 N,063 58.170000 W,2.1,208.5,A,DoorSpread,DoorMaster,4.950000,D,S,37699.000000
Tue Aug 05 12:27:22 2025,05-Aug-2025,152731,47 56.258700 N,063 58.170200 W,2.1,208.4,A,DoorSpread,DoorMaster,4.925000,D,P,80298.000000
Tue Aug 05 12:27:22 2025,05-Aug-2025,152732,47 56.258100 N,063 58.170400 W,2.1,208.3,A,DoorSpread,DoorMaster,4.925000,D,P,80298.000000
Tue Aug 05 12:27:22 2025,05-Aug-2025,152733,47 56.257500 N,063 58.170800 W,2.1,208.5,A,DoorSpread,DoorMaster,4.925000,D,P,80298.000000
Tue Aug 05 12:27:22 2025,05-Aug-2025,152734,47 56.256900 N,063 58.171100 W,2.1,208.5,A,DoorSpread,DoorMaster,4.925000,D,P,80298.000000
Tue Aug 05 12:27:22 2025,05-Aug-2025,152735,47 56.256300 N,063 58.171300 W,2.1,208.5,A,DoorSpread,DoorMaster,4.925000,D,P,80298.000000
Tue Aug 05 12:27:27 2025,05-Aug-2025,152736,47 56.255800 N,063 58.171600 W,2.1,208.5,A,DoorSpread,DoorMaster,4.900000,D,P,103286.000000
Tue Aug 05 12:27:27 2025,05-Aug-2025,152737,47 56.255300 N,063 58.172000 W,2.1,208.6,A,DoorSpread,DoorMaster,4.910000,D,S,24088.000000
Tue Aug 05 12:27:27 2025,05-Aug-2025,152738,47 56.254800 N,063 58.172500 W,2.1,208.7,A,DoorSpread,DoorMaster,4.910000,D,S,24088.000000
Tue Aug 05 12:27:27 2025,05-Aug-2025,152739,47 56.254300 N,063 58.173000 W,2.1,208.8,A,DoorSpread,DoorMaster,4.910000,D,S,24088.000000
Tue Aug 05 12:27:27 2025,05-Aug-2025,152740,47 56.253800 N,063 58.173500 W,2.1,208.8,A,DoorSpread,DoorMaster,4.910000,D,S,24088.000000
Tue Aug 05 12:27:27 2025,05-Aug-2025,152741,47 56.253400 N,063 58.174000 W,2.1,209.4,A,DoorSpread,DoorMaster,4.910000,D,S,24088.000000
Tue Aug 05 12:27:33 2025,05-Aug-2025,152742,47 56.253000 N,063 58.174700 W,2.1,209.9,A,DoorSpread,DoorMaster,4.830000,D,P,45353.000000
Tue Aug 05 12:27:33 2025,05-Aug-2025,152743,47 56.252500 N,063 58.175200 W,2.1,210.0,A,DoorSpread,DoorMaster,4.830000,D,P,45353.000000
Tue Aug 05 12:27:33 2025,05-Aug-2025,152744,47 56.252100 N,063 58.175700 W,2.1,209.9,A,DoorSpread,DoorMaster,4.830000,D,P,45353.000000
Tue Aug 05 12:27:33 2025,05-Aug-2025,152745,47 56.251500 N,063 58.176300 W,2.1,209.8,A,DoorSpread,DoorMaster,4.830000,D,P,45353.000000
Tue Aug 05 12:27:33 2025,05-Aug-2025,152746,47 56.251100 N,063 58.176900 W,2.1,210.0,A,DoorSpread,DoorMaster,4.830000,D,P,45353.000000
Tue Aug 05 12:27:33 2025,05-Aug-2025,152747,47 56.250600 N,063 58.177400 W,2.1,210.0,A,DoorSpread,DoorMaster,4.830000,D,P,45353.000000
Tue Aug 05 12:27:38 2025,05-Aug-2025,152748,47 56.250100 N,063 58.177800 W,2.1,209.7,A,DoorSpread,DoorMaster,4.855000,D,S,59964.000000
Tue Aug 05 12:27:38 2025,05-Aug-2025,152749,47 56.249700 N,063 58.178300 W,2.1,209.6,A,DoorSpread,DoorMaster,4.855000,D,S,59964.000000
Tue Aug 05 12:27:38 2025,05-Aug-2025,152750,47 56.249200 N,063 58.178600 W,2.1,209.6,A,DoorSpread,DoorMaster,4.855000,D,S,59964.000000
Tue Aug 05 12:27:38 2025,05-Aug-2025,152751,47 56.248700 N,063 58.179100 W,2.1,209.6,A,DoorSpread,DoorMaster,4.855000,D,S,59964.000000
Tue Aug 05 12:27:38 2025,05-Aug-2025,152752,47 56.248300 N,063 58.179500 W,2.1,209.7,A,DoorSpread,DoorMaster,4.855000,D,S,59964.000000
Tue Aug 05 12:27:44 2025,05-Aug-2025,152753,47 56.247800 N,063 58.180000 W,2.1,209.5,A,DoorSpread,DoorMaster,5.270000,D,S,37645.000000
Tue Aug 05 12:27:44 2025,05-Aug-2025,152754,47 56.247300 N,063 58.180400 W,2.2,209.3,A,DoorSpread,DoorMaster,5.270000,D,S,37645.000000
Tue Aug 05 12:27:44 2025,05-Aug-2025,152755,47 56.246700 N,063 58.180800 W,2.2,209.2,A,DoorSpread,DoorMaster,5.270000,D,S,37645.000000
Tue Aug 05 12:27:44 2025,05-Aug-2025,152756,47 56.246100 N,063 58.181400 W,2.2,209.2,A,DoorSpread,DoorMaster,5.270000,D,S,37645.000000
Tue Aug 05 12:27:44 2025,05-Aug-2025,152757,47 56.245500 N,063 58.181900 W,2.2,209.0,A,DoorSpread,DoorMaster,5.270000,D,S,37645.000000
Tue Aug 05 12:27:49 2025,05-Aug-2025,152758,47 56.244900 N,063 58.182300 W,2.2,208.8,A,DoorSpread,DoorMaster,4.760000,D,P,79996.000000
Tue Aug 05 12:27:49 2025,05-Aug-2025,152759,47 56.244200 N,063 58.182800 W,2.2,208.7,A,DoorSpread,DoorMaster,4.730000,D,S,40831.000000
Tue Aug 05 12:27:49 2025,05-Aug-2025,152800,47 56.243700 N,063 58.183300 W,2.2,208.6,A,DoorSpread,DoorMaster,4.730000,D,S,40831.000000
Tue Aug 05 12:27:49 2025,05-Aug-2025,152801,47 56.243200 N,063 58.183800 W,2.1,208.6,A,DoorSpread,DoorMaster,4.730000,D,S,40831.000000
Tue Aug 05 12:27:49 2025,05-Aug-2025,152802,47 56.242800 N,063 58.184300 W,2.1,208.6,A,DoorSpread,DoorMaster,4.730000,D,S,40831.000000
Tue Aug 05 12:27:49 2025,05-Aug-2025,152803,47 56.242400 N,063 58.184700 W,2.1,208.6,A,DoorSpread,DoorMaster,4.730000,D,S,40831.000000
Tue Aug 05 12:27:55 2025,05-Aug-2025,152804,47 56.241900 N,063 58.185100 W,2.1,208.5,A,DoorSpread,DoorMaster,4.765000,D,S,86414.000000
Tue Aug 05 12:27:55 2025,05-Aug-2025,152805,47 56.241500 N,063 58.185500 W,2.1,208.5,A,DoorSpread,DoorMaster,4.765000,D,S,86414.000000
Tue Aug 05 12:27:55 2025,05-Aug-2025,152806,47 56.241000 N,063 58.185900 W,2.1,208.5,A,DoorSpread,DoorMaster,4.765000,D,S,86414.000000
Tue Aug 05 12:27:55 2025,05-Aug-2025,152807,47 56.240600 N,063 58.186400 W,2.1,208.2,A,DoorSpread,DoorMaster,4.765000,D,S,86414.000000
Tue Aug 05 12:27:55 2025,05-Aug-2025,152808,47 56.240100 N,063 58.186700 W,2.1,208.1,A,DoorSpread,DoorMaster,4.765000,D,S,86414.000000
Tue Aug 05 12:28:00 2025,05-Aug-2025,152809,47 56.239500 N,063 58.187100 W,2.1,208.0,A,DoorSpread,DoorMaster,5.050000,D,P,95472.000000
Tue Aug 05 12:28:00 2025,05-Aug-2025,152810,47 56.239000 N,063 58.187500 W,2.1,208.0,A,DoorSpread,DoorMaster,5.045000,D,S,68626.000000
Tue Aug 05 12:28:00 2025,05-Aug-2025,152811,47 56.238500 N,063 58.187900 W,2.1,208.1,A,DoorSpread,DoorMaster,5.045000,D,S,68626.000000
Tue Aug 05 12:28:00 2025,05-Aug-2025,152812,47 56.237900 N,063 58.188300 W,2.1,207.9,A,DoorSpread,DoorMaster,5.045000,D,S,68626.000000
Tue Aug 05 12:28:00 2025,05-Aug-2025,152813,47 56.237300 N,063 58.188700 W,2.1,207.7,A,DoorSpread,DoorMaster,5.045000,D,S,68626.000000
Tue Aug 05 12:28:00 2025,05-Aug-2025,152814,47 56.236700 N,063 58.189100 W,2.1,207.6,A,DoorSpread,DoorMaster,5.045000,D,S,68626.000000
Tue Aug 05 12:28:06 2025,05-Aug-2025,152815,47 56.236100 N,063 58.189500 W,2.2,207.5,A,DoorSpread,DoorMaster,5.125000,D,S,166137.000000
Tue Aug 05 12:28:06 2025,05-Aug-2025,152816,47 56.235500 N,063 58.189900 W,2.2,207.4,A,DoorSpread,DoorMaster,5.125000,D,S,166137.000000
Tue Aug 05 12:28:06 2025,05-Aug-2025,152817,47 56.234800 N,063 58.190500 W,2.2,207.3,A,DoorSpread,DoorMaster,5.125000,D,S,166137.000000
Tue Aug 05 12:28:06 2025,05-Aug-2025,152818,47 56.234200 N,063 58.190900 W,2.2,206.9,A,DoorSpread,DoorMaster,5.125000,D,S,166137.000000
Tue Aug 05 12:28:06 2025,05-Aug-2025,152819,47 56.233600 N,063 58.191300 W,2.2,206.8,A,DoorSpread,DoorMaster,5.125000,D,S,166137.000000
Tue Aug 05 12:28:06 2025,05-Aug-2025,152820,47 56.233000 N,063 58.191700 W,2.2,206.6,A,DoorSpread,DoorMaster,5.125000,D,S,166137.000000
Tue Aug 05 12:28:11 2025,05-Aug-2025,152821,47 56.232400 N,063 58.192100 W,2.3,206.4,A,DoorSpread,DoorMaster,5.335000,D,P,87720.000000
Tue Aug 05 12:28:11 2025,05-Aug-2025,152822,47 56.231800 N,063 58.192500 W,2.2,206.4,A,DoorSpread,DoorMaster,5.335000,D,P,87720.000000
Tue Aug 05 12:28:11 2025,05-Aug-2025,152823,47 56.231100 N,063 58.192900 W,2.3,206.3,A,DoorSpread,DoorMaster,5.335000,D,P,87720.000000
Tue Aug 05 12:28:11 2025,05-Aug-2025,152824,47 56.230500 N,063 58.193300 W,2.3,206.3,A,DoorSpread,DoorMaster,5.335000,D,P,87720.000000
Tue Aug 05 12:28:11 2025,05-Aug-2025,152825,47 56.229900 N,063 58.193800 W,2.3,206.5,A,DoorSpread,DoorMaster,5.335000,D,P,87720.000000
Tue Aug 05 12:28:17 2025,05-Aug-2025,152826,47 56.229400 N,063 58.194200 W,2.3,206.6,A,DoorSpread,DoorMaster,5.245000,D,S,59087.000000
Tue Aug 05 12:28:17 2025,05-Aug-2025,152827,47 56.228700 N,063 58.194700 W,2.3,206.5,A,DoorSpread,DoorMaster,5.245000,D,S,59087.000000
Tue Aug 05 12:28:17 2025,05-Aug-2025,152828,47 56.228100 N,063 58.195100 W,2.4,206.1,A,DoorSpread,DoorMaster,5.245000,D,S,59087.000000
Tue Aug 05 12:28:17 2025,05-Aug-2025,152829,47 56.227500 N,063 58.195500 W,2.3,206.0,A,DoorSpread,DoorMaster,5.245000,D,S,59087.000000
Tue Aug 05 12:28:17 2025,05-Aug-2025,152830,47 56.227000 N,063 58.195900 W,2.3,206.1,A,DoorSpread,DoorMaster,5.245000,D,S,59087.000000
Tue Aug 05 12:28:22 2025,05-Aug-2025,152831,47 56.226500 N,063 58.196400 W,2.3,206.2,A,DoorSpread,DoorMaster,4.840000,D,P,109673.000000
Tue Aug 05 12:28:22 2025,05-Aug-2025,152832,47 56.225900 N,063 58.196800 W,2.3,206.4,A,DoorSpread,DoorMaster,4.840000,D,P,109673.000000
Tue Aug 05 12:28:22 2025,05-Aug-2025,152833,47 56.225400 N,063 58.197200 W,2.3,206.7,A,DoorSpread,DoorMaster,4.840000,D,P,109673.000000
Tue Aug 05 12:28:22 2025,05-Aug-2025,152834,47 56.224900 N,063 58.197700 W,2.3,206.9,A,DoorSpread,DoorMaster,4.840000,D,P,109673.000000
Tue Aug 05 12:28:22 2025,05-Aug-2025,152835,47 56.224500 N,063 58.198200 W,2.3,207.1,A,DoorSpread,DoorMaster,4.840000,D,P,109673.000000
Tue Aug 05 12:28:22 2025,05-Aug-2025,152836,47 56.224100 N,063 58.198500 W,2.3,207.2,A,DoorSpread,DoorMaster,4.840000,D,P,109673.000000
Tue Aug 05 12:28:28 2025,05-Aug-2025,152837,47 56.223600 N,063 58.198900 W,2.3,207.2,A,DoorSpread,DoorMaster,5.185000,D,S,96610.000000
Tue Aug 05 12:28:28 2025,05-Aug-2025,152838,47 56.223100 N,063 58.199200 W,2.3,207.4,A,DoorSpread,DoorMaster,5.185000,D,S,96610.000000
Tue Aug 05 12:28:28 2025,05-Aug-2025,152839,47 56.222600 N,063 58.199700 W,2.3,207.5,A,DoorSpread,DoorMaster,5.185000,D,S,96610.000000
Tue Aug 05 12:28:28 2025,05-Aug-2025,152840,47 56.222100 N,063 58.200200 W,2.3,207.5,A,DoorSpread,DoorMaster,5.185000,D,S,96610.000000
Tue Aug 05 12:28:28 2025,05-Aug-2025,152841,47 56.221500 N,063 58.200500 W,2.3,207.6,A,DoorSpread,DoorMaster,5.185000,D,S,96610.000000
Tue Aug 05 12:28:28 2025,05-Aug-2025,152842,47 56.221000 N,063 58.200900 W,2.4,207.8,A,DoorSpread,DoorMaster,5.185000,D,S,96610.000000
Tue Aug 05 12:28:33 2025,05-Aug-2025,152843,47 56.220400 N,063 58.201200 W,2.4,207.9,A,DoorSpread,DoorMaster,4.740000,D,S,55745.000000
Tue Aug 05 12:28:33 2025,05-Aug-2025,152844,47 56.219800 N,063 58.201600 W,2.3,207.9,A,DoorSpread,DoorMaster,4.740000,D,S,55745.000000
Tue Aug 05 12:28:33 2025,05-Aug-2025,152845,47 56.219200 N,063 58.201900 W,2.3,207.9,A,DoorSpread,DoorMaster,4.740000,D,S,55745.000000
Tue Aug 05 12:28:33 2025,05-Aug-2025,152846,47 56.218700 N,063 58.202300 W,2.3,207.9,A,DoorSpread,DoorMaster,4.740000,D,S,55745.000000
Tue Aug 05 12:28:33 2025,05-Aug-2025,152847,47 56.218100 N,063 58.202800 W,2.3,208.1,A,DoorSpread,DoorMaster,4.740000,D,S,55745.000000
Tue Aug 05 12:28:39 2025,05-Aug-2025,152848,47 56.217500 N,063 58.203200 W,2.3,208.2,A,DoorSpread,DoorMaster,4.945000,D,S,126722.000000
Tue Aug 05 12:28:39 2025,05-Aug-2025,152849,47 56.216800 N,063 58.203500 W,2.3,208.1,A,DoorSpread,DoorMaster,4.945000,D,S,126722.000000
Tue Aug 05 12:28:39 2025,05-Aug-2025,152850,47 56.216100 N,063 58.203900 W,2.3,208.0,A,DoorSpread,DoorMaster,4.945000,D,S,126722.000000
Tue Aug 05 12:28:39 2025,05-Aug-2025,152851,47 56.215500 N,063 58.204300 W,2.3,207.9,A,DoorSpread,DoorMaster,4.945000,D,S,126722.000000
Tue Aug 05 12:28:39 2025,05-Aug-2025,152852,47 56.214900 N,063 58.204800 W,2.3,207.8,A,DoorSpread,DoorMaster,4.945000,D,S,126722.000000
Tue Aug 05 12:28:39 2025,05-Aug-2025,152853,47 56.214200 N,063 58.205400 W,2.3,207.7,A,DoorSpread,DoorMaster,4.945000,D,S,126722.000000
Tue Aug 05 12:28:44 2025,05-Aug-2025,152854,47 56.213600 N,063 58.205900 W,2.3,207.5,A,DoorSpread,DoorMaster,4.680000,D,S,177979.000000
Tue Aug 05 12:28:44 2025,05-Aug-2025,152855,47 56.213000 N,063 58.206500 W,2.3,207.5,A,DoorSpread,DoorMaster,4.680000,D,S,177979.000000
Tue Aug 05 12:28:44 2025,05-Aug-2025,152856,47 56.212400 N,063 58.207000 W,2.3,207.5,A,DoorSpread,DoorMaster,4.680000,D,S,177979.000000
Tue Aug 05 12:28:44 2025,05-Aug-2025,152857,47 56.211800 N,063 58.207500 W,2.3,207.4,A,DoorSpread,DoorMaster,4.680000,D,S,177979.000000
Tue Aug 05 12:28:44 2025,05-Aug-2025,152858,47 56.211300 N,063 58.207900 W,2.3,207.3,A,DoorSpread,DoorMaster,4.680000,D,S,177979.000000
Tue Aug 05 12:28:50 2025,05-Aug-2025,152859,47 56.210800 N,063 58.208400 W,2.3,207.2,A,DoorSpread,DoorMaster,4.810000,D,S,65574.000000
Tue Aug 05 12:28:50 2025,05-Aug-2025,152900,47 56.210200 N,063 58.208900 W,2.3,207.0,A,DoorSpread,DoorMaster,4.810000,D,S,65574.000000
Tue Aug 05 12:28:50 2025,05-Aug-2025,152901,47 56.209500 N,063 58.209400 W,2.4,207.0,A,DoorSpread,DoorMaster,4.810000,D,S,65574.000000
Tue Aug 05 12:28:50 2025,05-Aug-2025,152902,47 56.208800 N,063 58.209900 W,2.4,206.9,A,DoorSpread,DoorMaster,4.810000,D,S,65574.000000
Tue Aug 05 12:28:50 2025,05-Aug-2025,152903,47 56.208300 N,063 58.210400 W,2.4,206.6,A,DoorSpread,DoorMaster,4.810000,D,S,65574.000000
Tue Aug 05 12:28:55 2025,05-Aug-2025,152904,47 56.207700 N,063 58.210800 W,2.3,206.4,A,DoorSpread,DoorMaster,4.955000,D,P,39220.000000
Tue Aug 05 12:28:55 2025,05-Aug-2025,152905,47 56.207200 N,063 58.211200 W,2.4,206.2,A,DoorSpread,DoorMaster,4.940000,D,S,111091.000000
Tue Aug 05 12:28:55 2025,05-Aug-2025,152906,47 56.206600 N,063 58.211700 W,2.4,206.2,A,DoorSpread,DoorMaster,4.940000,D,S,111091.000000
Tue Aug 05 12:28:55 2025,05-Aug-2025,152907,47 56.206100 N,063 58.212100 W,2.3,206.1,A,DoorSpread,DoorMaster,4.940000,D,S,111091.000000
Tue Aug 05 12:28:55 2025,05-Aug-2025,152908,47 56.205600 N,063 58.212500 W,2.3,206.1,A,DoorSpread,DoorMaster,4.940000,D,S,111091.000000
Tue Aug 05 12:28:55 2025,05-Aug-2025,152909,47 56.204900 N,063 58.212800 W,2.3,205.9,A,DoorSpread,DoorMaster,4.940000,D,S,111091.000000
Tue Aug 05 12:29:01 2025,05-Aug-2025,152910,47 56.204300 N,063 58.213200 W,2.3,206.1,A,DoorSpread,DoorMaster,5.000000,D,S,152519.000000
Tue Aug 05 12:29:01 2025,05-Aug-2025,152911,47 56.203700 N,063 58.213500 W,2.3,206.1,A,DoorSpread,DoorMaster,5.000000,D,S,152519.000000
Tue Aug 05 12:29:01 2025,05-Aug-2025,152912,47 56.203000 N,063 58.213900 W,2.3,206.0,A,DoorSpread,DoorMaster,5.000000,D,S,152519.000000
Tue Aug 05 12:29:01 2025,05-Aug-2025,152913,47 56.202400 N,063 58.214300 W,2.3,206.0,A,DoorSpread,DoorMaster,5.000000,D,S,152519.000000
Tue Aug 05 12:29:01 2025,05-Aug-2025,152914,47 56.201700 N,063 58.214700 W,2.3,206.1,A,DoorSpread,DoorMaster,5.000000,D,S,152519.000000
Tue Aug 05 12:29:01 2025,05-Aug-2025,152915,47 56.201100 N,063 58.215100 W,2.3,206.3,A,DoorSpread,DoorMaster,5.000000,D,S,152519.000000
Tue Aug 05 12:29:06 2025,05-Aug-2025,152916,47 56.200500 N,063 58.215600 W,2.3,206.5,A,DoorSpread,DoorMaster,5.085000,D,S,214824.000000
Tue Aug 05 12:29:06 2025,05-Aug-2025,152917,47 56.199900 N,063 58.216100 W,2.3,206.5,A,DoorSpread,DoorMaster,5.085000,D,S,214824.000000
Tue Aug 05 12:29:06 2025,05-Aug-2025,152918,47 56.199200 N,063 58.216500 W,2.3,206.4,A,DoorSpread,DoorMaster,5.085000,D,S,214824.000000
Tue Aug 05 12:29:06 2025,05-Aug-2025,152919,47 56.198600 N,063 58.216900 W,2.3,206.2,A,DoorSpread,DoorMaster,5.085000,D,S,214824.000000
Tue Aug 05 12:29:06 2025,05-Aug-2025,152920,47 56.198000 N,063 58.217200 W,2.3,206.2,A,DoorSpread,DoorMaster,5.085000,D,S,214824.000000
Tue Aug 05 12:29:12 2025,05-Aug-2025,152921,47 56.197400 N,063 58.217600 W,2.3,206.1,A,DoorSpread,DoorMaster,5.240000,D,S,143726.000000
Tue Aug 05 12:29:12 2025,05-Aug-2025,152922,47 56.196700 N,063 58.218000 W,2.4,205.7,A,DoorSpread,DoorMaster,5.240000,D,S,143726.000000
Tue Aug 05 12:29:12 2025,05-Aug-2025,152923,47 56.196200 N,063 58.218300 W,2.3,205.3,A,DoorSpread,DoorMaster,5.240000,D,S,143726.000000
Tue Aug 05 12:29:12 2025,05-Aug-2025,152924,47 56.195500 N,063 58.218600 W,2.3,205.1,A,DoorSpread,DoorMaster,5.240000,D,S,143726.000000
Tue Aug 05 12:29:12 2025,05-Aug-2025,152925,47 56.194900 N,063 58.219100 W,2.3,205.1,A,DoorSpread,DoorMaster,5.240000,D,S,143726.000000
Tue Aug 05 12:29:17 2025,05-Aug-2025,152926,47 56.194200 N,063 58.219500 W,2.4,204.9,A,DoorSpread,DoorMaster,5.020000,D,S,220851.000000
Tue Aug 05 12:29:17 2025,05-Aug-2025,152927,47 56.193400 N,063 58.219900 W,2.4,204.6,A,DoorSpread,DoorMaster,5.025000,D,P,248453.000000
Tue Aug 05 12:29:17 2025,05-Aug-2025,152928,47 56.192700 N,063 58.220200 W,2.4,204.2,A,DoorSpread,DoorMaster,5.025000,D,P,248453.000000
Tue Aug 05 12:29:17 2025,05-Aug-2025,152929,47 56.192000 N,063 58.220700 W,2.5,204.0,A,DoorSpread,DoorMaster,5.025000,D,P,248453.000000
Tue Aug 05 12:29:17 2025,05-Aug-2025,152930,47 56.191300 N,063 58.221200 W,2.5,203.9,A,DoorSpread,DoorMaster,5.025000,D,P,248453.000000
Tue Aug 05 12:29:17 2025,05-Aug-2025,152931,47 56.190700 N,063 58.221400 W,2.5,203.9,A,DoorSpread,DoorMaster,5.025000,D,P,248453.000000
Tue Aug 05 12:29:23 2025,05-Aug-2025,152932,47 56.190000 N,063 58.221600 W,2.4,204.0,A,DoorSpread,DoorMaster,4.530000,D,S,55448.000000
Tue Aug 05 12:29:23 2025,05-Aug-2025,152933,47 56.189300 N,063 58.221900 W,2.4,204.2,A,DoorSpread,DoorMaster,4.530000,D,S,55448.000000
Tue Aug 05 12:29:23 2025,05-Aug-2025,152934,47 56.188800 N,063 58.222300 W,2.4,204.6,A,DoorSpread,DoorMaster,4.530000,D,S,55448.000000
Tue Aug 05 12:29:23 2025,05-Aug-2025,152935,47 56.188200 N,063 58.222700 W,2.4,205.0,A,DoorSpread,DoorMaster,4.530000,D,S,55448.000000
Tue Aug 05 12:29:23 2025,05-Aug-2025,152936,47 56.187600 N,063 58.223200 W,2.4,205.1,A,DoorSpread,DoorMaster,4.530000,D,S,55448.000000
Tue Aug 05 12:29:28 2025,05-Aug-2025,152937,47 56.187000 N,063 58.223600 W,2.5,205.1,A,DoorSpread,DoorMaster,4.130000,D,S,89198.000000
Tue Aug 05 12:29:28 2025,05-Aug-2025,152938,47 56.186300 N,063 58.224000 W,2.5,205.3,A,DoorSpread,DoorMaster,4.280000,D,P,267832.000000
Tue Aug 05 12:29:28 2025,05-Aug-2025,152939,47 56.185700 N,063 58.224400 W,2.5,205.2,A,DoorSpread,DoorMaster,4.280000,D,P,267832.000000
Tue Aug 05 12:29:28 2025,05-Aug-2025,152940,47 56.185000 N,063 58.224800 W,2.5,205.2,A,DoorSpread,DoorMaster,4.280000,D,P,267832.000000
Tue Aug 05 12:29:28 2025,05-Aug-2025,152941,47 56.184300 N,063 58.225300 W,2.5,205.4,A,DoorSpread,DoorMaster,4.280000,D,P,267832.000000
Tue Aug 05 12:29:28 2025,05-Aug-2025,152942,47 56.183700 N,063 58.225700 W,2.5,205.6,A,DoorSpread,DoorMaster,4.280000,D,P,267832.000000
Tue Aug 05 12:29:34 2025,05-Aug-2025,152943,47 56.183100 N,063 58.226100 W,2.5,205.7,A,DoorSpread,DoorMaster,4.345000,D,P,134322.000000
Tue Aug 05 12:29:34 2025,05-Aug-2025,152944,47 56.182400 N,063 58.226500 W,2.6,206.0,A,DoorSpread,DoorMaster,4.345000,D,P,134322.000000
Tue Aug 05 12:29:34 2025,05-Aug-2025,152945,47 56.181600 N,063 58.227100 W,2.6,206.1,A,DoorSpread,DoorMaster,4.345000,D,P,134322.000000
Tue Aug 05 12:29:34 2025,05-Aug-2025,152946,47 56.181000 N,063 58.227700 W,2.6,206.2,A,DoorSpread,DoorMaster,4.345000,D,P,134322.000000
Tue Aug 05 12:29:34 2025,05-Aug-2025,152947,47 56.180400 N,063 58.228200 W,2.6,206.4,A,DoorSpread,DoorMaster,4.345000,D,P,134322.000000
Tue Aug 05 12:29:39 2025,05-Aug-2025,152948,47 56.179800 N,063 58.228800 W,2.6,206.5,A,DoorSpread,DoorMaster,4.260000,D,P,156731.000000
Tue Aug 05 12:29:39 2025,05-Aug-2025,152949,47 56.179000 N,063 58.229200 W,2.7,206.2,A,DoorSpread,DoorMaster,4.260000,D,P,156731.000000
Tue Aug 05 12:29:39 2025,05-Aug-2025,152950,47 56.178300 N,063 58.229900 W,2.7,206.2,A,DoorSpread,DoorMaster,4.260000,D,P,156731.000000
Tue Aug 05 12:29:39 2025,05-Aug-2025,152951,47 56.177700 N,063 58.230500 W,2.6,206.3,A,DoorSpread,DoorMaster,4.260000,D,P,156731.000000
Tue Aug 05 12:29:39 2025,05-Aug-2025,152952,47 56.177200 N,063 58.231000 W,2.6,206.5,A,DoorSpread,DoorMaster,4.260000,D,P,156731.000000
Tue Aug 05 12:29:39 2025,05-Aug-2025,152953,47 56.176500 N,063 58.231700 W,2.6,206.6,A,DoorSpread,DoorMaster,4.260000,D,P,156731.000000
Tue Aug 05 12:29:45 2025,05-Aug-2025,152954,47 56.175900 N,063 58.232200 W,2.6,206.7,A,DoorSpread,DoorMaster,4.080000,D,S,177286.000000
Tue Aug 05 12:29:45 2025,05-Aug-2025,152955,47 56.175400 N,063 58.232700 W,2.6,206.8,A,DoorSpread,DoorMaster,4.080000,D,S,177286.000000
Tue Aug 05 12:29:45 2025,05-Aug-2025,152956,47 56.174800 N,063 58.233300 W,2.5,207.0,A,DoorSpread,DoorMaster,4.080000,D,S,177286.000000
Tue Aug 05 12:29:45 2025,05-Aug-2025,152957,47 56.174300 N,063 58.233800 W,2.5,207.3,A,DoorSpread,DoorMaster,4.080000,D,S,177286.000000
Tue Aug 05 12:29:45 2025,05-Aug-2025,152958,47 56.173700 N,063 58.234300 W,2.5,207.3,A,DoorSpread,DoorMaster,4.080000,D,S,177286.000000
Tue Aug 05 12:29:50 2025,05-Aug-2025,152959,47 56.173100 N,063 58.234700 W,2.5,207.3,A,DoorSpread,DoorMaster,4.020000,D,S,257079.000000
Tue Aug 05 12:29:50 2025,05-Aug-2025,153000,47 56.172700 N,063 58.235300 W,2.5,207.6,A,DoorSpread,DoorMaster,4.020000,D,S,257079.000000
Tue Aug 05 12:29:50 2025,05-Aug-2025,153001,47 56.172200 N,063 58.235900 W,2.5,207.9,A,DoorSpread,DoorMaster,4.020000,D,S,257079.000000
Tue Aug 05 12:29:50 2025,05-Aug-2025,153002,47 56.171600 N,063 58.236400 W,2.5,208.1,A,DoorSpread,DoorMaster,4.020000,D,S,257079.000000
Tue Aug 05 12:29:50 2025,05-Aug-2025,153003,47 56.171000 N,063 58.236900 W,2.5,208.2,A,DoorSpread,DoorMaster,4.020000,D,S,257079.000000
Tue Aug 05 12:29:50 2025,05-Aug-2025,153004,47 56.170500 N,063 58.237300 W,2.4,208.3,A,DoorSpread,DoorMaster,4.020000,D,S,257079.000000
Tue Aug 05 12:29:56 2025,05-Aug-2025,153005,47 56.170000 N,063 58.237800 W,2.5,208.3,A,DoorSpread,DoorMaster,3.980000,D,S,131386.000000
Tue Aug 05 12:29:56 2025,05-Aug-2025,153006,47 56.169400 N,063 58.238400 W,2.5,208.3,A,DoorSpread,DoorMaster,3.980000,D,S,131386.000000
Tue Aug 05 12:29:56 2025,05-Aug-2025,153007,47 56.168800 N,063 58.238800 W,2.5,208.4,A,DoorSpread,DoorMaster,3.980000,D,S,131386.000000
Tue Aug 05 12:29:56 2025,05-Aug-2025,153008,47 56.168300 N,063 58.239300 W,2.4,208.7,A,DoorSpread,DoorMaster,3.980000,D,S,131386.000000
Tue Aug 05 12:29:56 2025,05-Aug-2025,153009,47 56.167800 N,063 58.239800 W,2.5,208.8,A,DoorSpread,DoorMaster,3.980000,D,S,131386.000000
Tue Aug 05 12:30:01 2025,05-Aug-2025,153010,47 56.167200 N,063 58.240200 W,2.5,208.8,A,DoorSpread,DoorMaster,3.855000,D,S,257095.000000
Tue Aug 05 12:30:01 2025,05-Aug-2025,153011,47 56.166600 N,063 58.240700 W,2.4,209.0,A,DoorSpread,DoorMaster,3.855000,D,S,257095.000000
Tue Aug 05 12:30:01 2025,05-Aug-2025,153012,47 56.166200 N,063 58.241100 W,2.4,209.0,A,DoorSpread,DoorMaster,3.855000,D,S,257095.000000
Tue Aug 05 12:30:01 2025,05-Aug-2025,153013,47 56.165500 N,063 58.241500 W,2.5,208.8,A,DoorSpread,DoorMaster,3.855000,D,S,257095.000000
Tue Aug 05 12:30:01 2025,05-Aug-2025,153014,47 56.164900 N,063 58.242000 W,2.5,208.7,A,DoorSpread,DoorMaster,3.855000,D,S,257095.000000
Tue Aug 05 12:30:01 2025,05-Aug-2025,153015,47 56.164400 N,063 58.242500 W,2.4,208.8,A,DoorSpread,DoorMaster,3.855000,D,S,257095.000000
Tue Aug 05 12:30:07 2025,05-Aug-2025,153016,47 56.163900 N,063 58.243000 W,2.4,209.1,A,DoorSpread,DoorMaster,3.770000,D,S,169340.000000
Tue Aug 05 12:30:07 2025,05-Aug-2025,153017,47 56.163300 N,063 58.243600 W,2.5,209.1,A,DoorSpread,DoorMaster,3.770000,D,S,169340.000000
Tue Aug 05 12:30:07 2025,05-Aug-2025,153018,47 56.162600 N,063 58.244000 W,2.5,208.9,A,DoorSpread,DoorMaster,3.770000,D,S,169340.000000
Tue Aug 05 12:30:07 2025,05-Aug-2025,153019,47 56.162000 N,063 58.244400 W,2.5,208.8,A,DoorSpread,DoorMaster,3.770000,D,S,169340.000000
Tue Aug 05 12:30:07 2025,05-Aug-2025,153020,47 56.161500 N,063 58.245000 W,2.4,209.1,A,DoorSpread,DoorMaster,3.770000,D,S,169340.000000
Tue Aug 05 12:30:12 2025,05-Aug-2025,153021,47 56.160900 N,063 58.245500 W,2.4,209.2,A,DoorSpread,DoorMaster,3.550000,D,S,140357.000000
Tue Aug 05 12:30:12 2025,05-Aug-2025,153022,47 56.160200 N,063 58.245900 W,2.4,209.3,A,DoorSpread,DoorMaster,3.550000,D,S,140357.000000
Tue Aug 05 12:30:12 2025,05-Aug-2025,153023,47 56.159700 N,063 58.246300 W,2.4,209.2,A,DoorSpread,DoorMaster,3.550000,D,S,140357.000000
Tue Aug 05 12:30:12 2025,05-Aug-2025,153024,47 56.159200 N,063 58.246800 W,2.4,209.4,A,DoorSpread,DoorMaster,3.550000,D,S,140357.000000
Tue Aug 05 12:30:12 2025,05-Aug-2025,153025,47 56.158700 N,063 58.247300 W,2.4,209.6,A,DoorSpread,DoorMaster,3.550000,D,S,140357.000000
Tue Aug 05 12:30:17 2025,05-Aug-2025,153026,47 56.158100 N,063 58.247900 W,2.4,209.6,A,DoorSpread,DoorMaster,3.415000,D,P,237303.000000
Tue Aug 05 12:30:17 2025,05-Aug-2025,153027,47 56.157500 N,063 58.248300 W,2.4,209.4,A,DoorSpread,DoorMaster,3.415000,D,P,237303.000000
Tue Aug 05 12:30:17 2025,05-Aug-2025,153028,47 56.156900 N,063 58.248700 W,2.4,209.3,A,DoorSpread,DoorMaster,3.415000,D,P,237303.000000
Tue Aug 05 12:30:17 2025,05-Aug-2025,153029,47 56.156400 N,063 58.249000 W,2.4,209.1,A,DoorSpread,DoorMaster,3.415000,D,P,237303.000000
Tue Aug 05 12:30:17 2025,05-Aug-2025,153030,47 56.155800 N,063 58.249300 W,2.4,209.0,A,DoorSpread,DoorMaster,3.415000,D,P,237303.000000
Tue Aug 05 12:30:17 2025,05-Aug-2025,153031,47 56.155300 N,063 58.249500 W,2.4,208.8,A,DoorSpread,DoorMaster,3.415000,D,P,237303.000000
Tue Aug 05 12:30:23 2025,05-Aug-2025,153032,47 56.154600 N,063 58.249800 W,2.4,208.9,A,DoorSpread,DoorMaster,3.250000,D,P,188351.000000
Tue Aug 05 12:30:23 2025,05-Aug-2025,153033,47 56.154100 N,063 58.249900 W,2.3,208.8,A,DoorSpread,DoorMaster,3.250000,D,P,188351.000000
Tue Aug 05 12:30:23 2025,05-Aug-2025,153034,47 56.153500 N,063 58.250200 W,2.3,208.9,A,DoorSpread,DoorMaster,3.250000,D,P,188351.000000
Tue Aug 05 12:30:23 2025,05-Aug-2025,153035,47 56.152900 N,063 58.250800 W,2.3,208.9,A,DoorSpread,DoorMaster,3.250000,D,P,188351.000000
Tue Aug 05 12:30:23 2025,05-Aug-2025,153036,47 56.152200 N,063 58.251200 W,2.4,208.8,A,DoorSpread,DoorMaster,3.250000,D,P,188351.000000
Tue Aug 05 12:30:28 2025,05-Aug-2025,153037,47 56.151500 N,063 58.251600 W,2.4,208.6,A,DoorSpread,DoorMaster,3.180000,D,S,443747.000000
Tue Aug 05 12:30:28 2025,05-Aug-2025,153038,47 56.151000 N,063 58.252200 W,2.4,208.6,A,DoorSpread,DoorMaster,3.180000,D,S,443747.000000
Tue Aug 05 12:30:28 2025,05-Aug-2025,153039,47 56.150400 N,063 58.252700 W,2.4,208.6,A,DoorSpread,DoorMaster,3.180000,D,S,443747.000000
Tue Aug 05 12:30:28 2025,05-Aug-2025,153040,47 56.149900 N,063 58.253200 W,2.4,208.5,A,DoorSpread,DoorMaster,3.180000,D,S,443747.000000
Tue Aug 05 12:30:28 2025,05-Aug-2025,153041,47 56.149300 N,063 58.253700 W,2.3,208.4,A,DoorSpread,DoorMaster,3.180000,D,S,443747.000000
Tue Aug 05 12:30:28 2025,05-Aug-2025,153042,47 56.148800 N,063 58.254100 W,2.3,208.4,A,DoorSpread,DoorMaster,3.180000,D,S,443747.000000
Tue Aug 05 12:30:34 2025,05-Aug-2025,153043,47 56.148200 N,063 58.254500 W,2.3,208.3,A,DoorSpread,DoorMaster,3.110000,D,S,260065.000000
Tue Aug 05 12:30:34 2025,05-Aug-2025,153044,47 56.147600 N,063 58.254900 W,2.3,207.8,A,DoorSpread,DoorMaster,3.110000,D,S,260065.000000
Tue Aug 05 12:30:34 2025,05-Aug-2025,153045,47 56.147000 N,063 58.255300 W,2.3,207.4,A,DoorSpread,DoorMaster,3.110000,D,S,260065.000000
Tue Aug 05 12:30:34 2025,05-Aug-2025,153046,47 56.146500 N,063 58.255600 W,2.2,207.2,A,DoorSpread,DoorMaster,3.110000,D,S,260065.000000
Tue Aug 05 12:30:34 2025,05-Aug-2025,153047,47 56.146100 N,063 58.256000 W,2.2,207.1,A,DoorSpread,DoorMaster,3.110000,D,S,260065.000000
Tue Aug 05 12:30:39 2025,05-Aug-2025,153048,47 56.145600 N,063 58.256300 W,2.2,207.2,A,DoorSpread,DoorMaster,3.145000,D,S,448407.000000
Tue Aug 05 12:30:39 2025,05-Aug-2025,153049,47 56.145200 N,063 58.256700 W,2.2,207.2,A,DoorSpread,DoorMaster,3.145000,D,S,448407.000000
Tue Aug 05 12:30:39 2025,05-Aug-2025,153050,47 56.144800 N,063 58.257100 W,2.2,207.2,A,DoorSpread,DoorMaster,3.145000,D,S,448407.000000
Tue Aug 05 12:30:39 2025,05-Aug-2025,153051,47 56.144400 N,063 58.257500 W,2.2,207.3,A,DoorSpread,DoorMaster,3.145000,D,S,448407.000000
Tue Aug 05 12:30:39 2025,05-Aug-2025,153052,47 56.143900 N,063 58.257900 W,2.1,207.4,A,DoorSpread,DoorMaster,3.145000,D,S,448407.000000
Tue Aug 05 12:30:44 2025,05-Aug-2025,153053,47 56.143500 N,063 58.258300 W,2.1,207.5,A,DoorSpread,DoorMaster,2.885000,D,P,666027.000000
Tue Aug 05 12:30:44 2025,05-Aug-2025,153054,47 56.143000 N,063 58.258700 W,2.1,207.6,A,DoorSpread,DoorMaster,2.885000,D,P,666027.000000
Tue Aug 05 12:30:44 2025,05-Aug-2025,153055,47 56.142500 N,063 58.259200 W,2.1,207.8,A,DoorSpread,DoorMaster,2.885000,D,P,666027.000000
Tue Aug 05 12:30:44 2025,05-Aug-2025,153056,47 56.142000 N,063 58.259600 W,2.1,208.0,A,DoorSpread,DoorMaster,2.885000,D,P,666027.000000
Tue Aug 05 12:30:44 2025,05-Aug-2025,153057,47 56.141600 N,063 58.259800 W,2.1,207.9,A,DoorSpread,DoorMaster,2.885000,D,P,666027.000000
Tue Aug 05 12:30:44 2025,05-Aug-2025,153058,47 56.141000 N,063 58.260000 W,2.1,207.8,A,DoorSpread,DoorMaster,2.885000,D,P,666027.000000
Tue Aug 05 12:30:50 2025,05-Aug-2025,153059,47 56.140600 N,063 58.260300 W,2.1,207.7,A,DoorSpread,DoorMaster,2.790000,D,P,749590.000000
Tue Aug 05 12:30:50 2025,05-Aug-2025,153100,47 56.140200 N,063 58.260700 W,2.1,207.8,A,DoorSpread,DoorMaster,2.790000,D,P,749590.000000
Tue Aug 05 12:30:50 2025,05-Aug-2025,153101,47 56.139600 N,063 58.261100 W,2.1,207.7,A,DoorSpread,DoorMaster,2.790000,D,P,749590.000000
Tue Aug 05 12:30:50 2025,05-Aug-2025,153102,47 56.139100 N,063 58.261500 W,2.1,207.6,A,DoorSpread,DoorMaster,2.790000,D,P,749590.000000
Tue Aug 05 12:30:50 2025,05-Aug-2025,153103,47 56.138500 N,063 58.262000 W,2.1,207.5,A,DoorSpread,DoorMaster,2.790000,D,P,749590.000000
Tue Aug 05 12:30:55 2025,05-Aug-2025,153104,47 56.137900 N,063 58.262500 W,2.1,207.3,A,DoorSpread,DoorMaster,2.765000,D,S,979637.000000
Tue Aug 05 12:30:55 2025,05-Aug-2025,153105,47 56.137300 N,063 58.263100 W,2.2,207.0,A,DoorSpread,DoorMaster,2.765000,D,S,979637.000000
