Ship Number,Trip Number,Tow Number
AVALON,2,2
Comments
"ZONE12"
CPU Date and Time,GPS Date,GPS Time,Latitude,Longitude,Speed,Heading,Validity,Transducer Name,Sensor Name,Sensor Value,Error Code,Hydrophone,Signal Strength
,05-Aug-2025,094015,47 49.777300 N,064 1.230500 W,3.7,165.0,A,,,,,,
,05-Aug-2025,094016,47 49.776400 N,064 1.230100 W,3.6,164.9,A,,,,,,
,05-Aug-2025,094017,47 49.775500 N,064 1.229700 W,3.6,165.0,A,,,,,,
,05-Aug-2025,094018,47 49.774600 N,064 1.229300 W,3.7,165.3,A,,,,,,
Tue Aug 05 06:40:10 2025,05-Aug-2025,094019,47 49.773400 N,064 1.228900 W,3.7,165.7,A,Primary,Headline,25.367347,D,S,92947.000000
Tue Aug 05 06:40:10 2025,05-Aug-2025,094020,47 49.772300 N,064 1.228600 W,3.8,166.2,A,Depth,Depth,4.074074,D,P,13162.000000
Tue Aug 05 06:40:10 2025,05-Aug-2025,094021,47 49.771200 N,064 1.228300 W,3.8,166.6,A,Depth,Depth,4.074074,D,P,13162.000000
Tue Aug 05 06:40:10 2025,05-Aug-2025,094022,47 49.770200 N,064 1.228000 W,3.8,167.0,A,Depth,Depth,4.074074,D,P,13162.000000
Tue Aug 05 06:40:10 2025,05-Aug-2025,094023,47 49.769100 N,064 1.227800 W,3.9,167.3,A,Depth,Depth,4.074074,D,P,13162.000000
Tue Aug 05 06:40:14 2025,05-Aug-2025,094024,47 49.767900 N,064 1.227500 W,4.0,167.7,A,Primary,Headline,2.306122,D,P,55409.000000
Tue Aug 05 06:40:15 2025,05-Aug-2025,094025,47 49.766900 N,064 1.227300 W,3.9,167.8,A,Primary,Headline,2.448980,D,S,100259.000000
Tue Aug 05 06:40:15 2025,05-Aug-2025,094026,47 49.765900 N,064 1.227000 W,3.9,167.8,A,Primary,Headline,2.448980,D,S,100259.000000
Tue Aug 05 06:40:17 2025,05-Aug-2025,094027,47 49.764800 N,064 1.226700 W,3.9,167.8,A,Depth,Depth,79.814815,D,P,2250.000000
Tue Aug 05 06:40:17 2025,05-Aug-2025,094028,47 49.763800 N,064 1.226300 W,3.9,167.6,A,Depth,Depth,79.814815,D,P,2250.000000
Tue Aug 05 06:40:20 2025,05-Aug-2025,094029,47 49.762700 N,064 1.226000 W,3.9,167.7,A,DoorSpread,DoorMaster,3.595000,D,P,56989.000000
Tue Aug 05 06:40:20 2025,05-Aug-2025,094030,47 49.761500 N,064 1.225700 W,3.9,167.7,A,Primary,Headline,2.183673,D,S,126941.000000
Tue Aug 05 06:40:20 2025,05-Aug-2025,094031,47 49.760300 N,064 1.225300 W,3.9,167.6,A,Primary,Headline,2.183673,D,S,126941.000000
Tue Aug 05 06:40:20 2025,05-Aug-2025,094032,47 49.759200 N,064 1.225100 W,3.9,168.2,A,Primary,Headline,2.183673,D,S,126941.000000
Tue Aug 05 06:40:20 2025,05-Aug-2025,094033,47 49.758100 N,064 1.225100 W,3.9,168.8,A,Primary,Headline,2.183673,D,S,126941.000000
Tue Aug 05 06:40:25 2025,05-Aug-2025,094034,47 49.757100 N,064 1.224900 W,3.9,169.1,A,DoorSpread,DoorMaster,2.875000,D,P,20143.000000
Tue Aug 05 06:40:25 2025,05-Aug-2025,094035,47 49.756100 N,064 1.224700 W,3.9,169.1,A,DoorSpread,DoorMaster,2.875000,D,P,20143.000000
Tue Aug 05 06:40:25 2025,05-Aug-2025,094036,47 49.755100 N,064 1.224400 W,3.8,169.2,A,DoorSpread,DoorMaster,2.875000,D,P,20143.000000
Tue Aug 05 06:40:25 2025,05-Aug-2025,094037,47 49.754100 N,064 1.224100 W,3.8,169.0,A,DoorSpread,DoorMaster,2.875000,D,P,20143.000000
Tue Aug 05 06:40:25 2025,05-Aug-2025,094038,47 49.753200 N,064 1.224000 W,3.8,169.2,A,DoorSpread,DoorMaster,2.875000,D,P,20143.000000
Tue Aug 05 06:40:25 2025,05-Aug-2025,094039,47 49.752100 N,064 1.223900 W,3.8,169.4,A,DoorSpread,DoorMaster,2.875000,D,P,20143.000000
Tue Aug 05 06:40:30 2025,05-Aug-2025,094040,47 49.751100 N,064 1.223800 W,3.7,169.6,A,DoorSpread,DoorMaster,1.090000,D,P,46003.000000
Tue Aug 05 06:40:31 2025,05-Aug-2025,094041,47 49.750300 N,064 1.223600 W,3.7,169.6,A,Depth,Depth,3.611111,D,S,134530.000000
Tue Aug 05 06:40:31 2025,05-Aug-2025,094042,47 49.749200 N,064 1.223400 W,3.7,169.5,A,Depth,Depth,3.611111,D,S,134530.000000
Tue Aug 05 06:40:31 2025,05-Aug-2025,094043,47 49.748200 N,064 1.223200 W,3.7,169.3,A,Depth,Depth,3.611111,D,S,134530.000000
Tue Aug 05 06:40:31 2025,05-Aug-2025,094044,47 49.747200 N,064 1.223100 W,3.6,169.3,A,Depth,Depth,3.611111,D,S,134530.000000
Tue Aug 05 06:40:36 2025,05-Aug-2025,094045,47 49.746100 N,064 1.223100 W,3.6,169.4,A,DoorSpread,DoorMaster,1.840000,D,S,594733.000000
Tue Aug 05 06:40:36 2025,05-Aug-2025,094046,47 49.745000 N,064 1.222900 W,3.7,169.7,A,DoorSpread,DoorMaster,1.840000,D,S,594733.000000
Tue Aug 05 06:40:36 2025,05-Aug-2025,094047,47 49.743900 N,064 1.222600 W,3.6,169.8,A,DoorSpread,DoorMaster,1.840000,D,S,594733.000000
Tue Aug 05 06:40:38 2025,05-Aug-2025,094048,47 49.742900 N,064 1.222400 W,3.5,169.8,A,Depth,Depth,5.462963,D,P,78428.000000
Tue Aug 05 06:40:38 2025,05-Aug-2025,094049,47 49.742000 N,064 1.222100 W,3.5,169.8,A,Depth,Depth,5.462963,D,P,78428.000000
Tue Aug 05 06:40:41 2025,05-Aug-2025,094050,47 49.740900 N,064 1.221700 W,3.5,169.7,A,DoorSpread,DoorMaster,2.125000,D,S,1065962.000000
Tue Aug 05 06:40:41 2025,05-Aug-2025,094051,47 49.739900 N,064 1.221400 W,3.5,169.6,A,DoorSpread,DoorMaster,2.105000,D,P,498679.000000
Tue Aug 05 06:40:41 2025,05-Aug-2025,094052,47 49.738900 N,064 1.221100 W,3.5,169.5,A,DoorSpread,DoorMaster,2.105000,D,P,498679.000000
Tue Aug 05 06:40:41 2025,05-Aug-2025,094053,47 49.737900 N,064 1.220900 W,3.4,169.5,A,DoorSpread,DoorMaster,2.105000,D,P,498679.000000
Tue Aug 05 06:40:41 2025,05-Aug-2025,094054,47 49.737000 N,064 1.220600 W,3.3,169.8,A,DoorSpread,DoorMaster,2.105000,D,P,498679.000000
Tue Aug 05 06:40:45 2025,05-Aug-2025,094055,47 49.736100 N,064 1.220400 W,3.4,169.9,A,Depth,Depth,7.407407,D,P,74372.000000
Tue Aug 05 06:40:46 2025,05-Aug-2025,094056,47 49.735100 N,064 1.220100 W,3.4,170.0,A,DoorSpread,DoorMaster,1.915000,D,P,324348.000000
Tue Aug 05 06:40:46 2025,05-Aug-2025,094057,47 49.734100 N,064 1.219800 W,3.4,170.0,A,DoorSpread,DoorMaster,1.915000,D,P,324348.000000
Tue Aug 05 06:40:46 2025,05-Aug-2025,094058,47 49.733100 N,064 1.219600 W,3.4,169.9,A,DoorSpread,DoorMaster,1.915000,D,P,324348.000000
Tue Aug 05 06:40:46 2025,05-Aug-2025,094059,47 49.732000 N,064 1.219400 W,3.4,169.9,A,DoorSpread,DoorMaster,1.915000,D,P,324348.000000
Tue Aug 05 06:40:46 2025,05-Aug-2025,094100,47 49.731200 N,064 1.219100 W,3.4,169.8,A,DoorSpread,DoorMaster,1.915000,D,P,324348.000000
Tue Aug 05 06:40:52 2025,05-Aug-2025,094101,47 49.730300 N,064 1.218800 W,3.4,169.7,A,DoorSpread,DoorMaster,1.900000,D,P,937616.000000
Tue Aug 05 06:40:52 2025,05-Aug-2025,094102,47 49.729300 N,064 1.218500 W,3.4,169.4,A,Depth,Depth,8.333333,D,S,260738.000000
Tue Aug 05 06:40:52 2025,05-Aug-2025,094103,47 49.728300 N,064 1.218200 W,3.5,169.1,A,Depth,Depth,8.333333,D,S,260738.000000
Tue Aug 05 06:40:52 2025,05-Aug-2025,094104,47 49.727300 N,064 1.217900 W,3.5,168.9,A,Depth,Depth,8.333333,D,S,260738.000000
Tue Aug 05 06:40:52 2025,05-Aug-2025,094105,47 49.726300 N,064 1.217600 W,3.5,168.7,A,Depth,Depth,8.333333,D,S,260738.000000
Tue Aug 05 06:40:57 2025,05-Aug-2025,094106,47 49.725300 N,064 1.217300 W,3.6,168.4,A,Primary,Headline,57.795918,D,P,184558.000000
Tue Aug 05 06:40:57 2025,05-Aug-2025,094107,47 49.724300 N,064 1.217000 W,3.5,168.2,A,Primary,Headline,57.775510,D,S,363636.000000
Tue Aug 05 06:40:57 2025,05-Aug-2025,094108,47 49.723400 N,064 1.216800 W,3.5,168.0,A,Primary,Headline,57.775510,D,S,363636.000000
Tue Aug 05 06:41:00 2025,05-Aug-2025,094109,47 49.722500 N,064 1.216500 W,3.5,167.9,A,Depth,Depth,9.259259,D,S,368881.000000
Tue Aug 05 06:41:00 2025,05-Aug-2025,094110,47 49.721400 N,064 1.216200 W,3.5,167.9,A,Depth,Depth,9.259259,D,S,368881.000000
Tue Aug 05 06:41:02 2025,05-Aug-2025,094111,47 49.720400 N,064 1.215700 W,3.5,167.8,A,Primary,Headline,6.081633,D,P,154556.000000
Tue Aug 05 06:41:02 2025,05-Aug-2025,094112,47 49.719400 N,064 1.215200 W,3.4,167.5,A,DoorSpread,DoorMaster,6.135000,D,S,43769.000000
Tue Aug 05 06:41:02 2025,05-Aug-2025,094113,47 49.718400 N,064 1.214700 W,3.5,167.0,A,DoorSpread,DoorMaster,6.135000,D,S,43769.000000
Tue Aug 05 06:41:02 2025,05-Aug-2025,094114,47 49.717400 N,064 1.214300 W,3.5,166.8,A,DoorSpread,DoorMaster,6.135000,D,S,43769.000000
Tue Aug 05 06:41:02 2025,05-Aug-2025,094115,47 49.716400 N,064 1.214000 W,3.4,166.6,A,DoorSpread,DoorMaster,6.135000,D,S,43769.000000
Tue Aug 05 06:41:07 2025,05-Aug-2025,094116,47 49.715500 N,064 1.213600 W,3.4,166.4,A,Secondary,Headline,0.000000,E,P,263803.000000
Tue Aug 05 06:41:07 2025,05-Aug-2025,094117,47 49.714600 N,064 1.213100 W,3.4,166.2,A,Secondary,Headline,0.000000,E,P,263803.000000
Tue Aug 05 06:41:07 2025,05-Aug-2025,094118,47 49.713700 N,064 1.212700 W,3.4,165.9,A,Secondary,Headline,0.000000,E,P,263803.000000
Tue Aug 05 06:41:07 2025,05-Aug-2025,094119,47 49.712800 N,064 1.212400 W,3.4,165.6,A,Secondary,Headline,0.000000,E,P,263803.000000
Tue Aug 05 06:41:07 2025,05-Aug-2025,094120,47 49.711800 N,064 1.212000 W,3.4,165.2,A,Secondary,Headline,0.000000,E,P,263803.000000
Tue Aug 05 06:41:12 2025,05-Aug-2025,094121,47 49.710800 N,064 1.211600 W,3.5,165.2,A,Primary,Headline,2.489796,D,P,527055.000000
Tue Aug 05 06:41:12 2025,05-Aug-2025,094122,47 49.709700 N,064 1.211300 W,3.6,165.1,A,DoorSpread,DoorMaster,2.295000,D,S,1019863.000000
Tue Aug 05 06:41:13 2025,05-Aug-2025,094123,47 49.708600 N,064 1.210900 W,3.6,165.0,A,Depth,Depth,12.685185,D,S,383021.000000
Tue Aug 05 06:41:13 2025,05-Aug-2025,094124,47 49.707500 N,064 1.210400 W,3.8,165.0,A,Depth,Depth,12.685185,D,S,383021.000000
Tue Aug 05 06:41:13 2025,05-Aug-2025,094125,47 49.706300 N,064 1.210000 W,3.9,165.0,A,Depth,Depth,12.685185,D,S,383021.000000
Tue Aug 05 06:41:13 2025,05-Aug-2025,094126,47 49.705100 N,064 1.209500 W,4.0,165.1,A,Depth,Depth,12.685185,D,S,383021.000000
Tue Aug 05 06:41:18 2025,05-Aug-2025,094127,47 49.703800 N,064 1.209100 W,4.1,165.1,A,DoorSpread,DoorMaster,2.210000,D,S,1076996.000000
Tue Aug 05 06:41:18 2025,05-Aug-2025,094128,47 49.702500 N,064 1.208600 W,4.3,165.0,A,DoorSpread,DoorMaster,2.210000,D,S,1076996.000000
Tue Aug 05 06:41:18 2025,05-Aug-2025,094129,47 49.701200 N,064 1.208100 W,4.3,165.0,A,DoorSpread,DoorMaster,2.210000,D,S,1076996.000000
Tue Aug 05 06:41:21 2025,05-Aug-2025,094130,47 49.700000 N,064 1.207600 W,4.4,164.8,A,Depth,Depth,12.962963,D,S,262971.000000
Tue Aug 05 06:41:21 2025,05-Aug-2025,094131,47 49.698700 N,064 1.207100 W,4.5,164.3,A,Depth,Depth,12.962963,D,S,262971.000000
Tue Aug 05 06:41:22 2025,05-Aug-2025,094132,47 49.697400 N,064 1.206500 W,4.5,164.2,A,Primary,Headline,2.244898,D,S,287012.000000
Tue Aug 05 06:41:23 2025,05-Aug-2025,094133,47 49.696100 N,064 1.206000 W,4.6,164.3,A,DoorSpread,DoorMaster,2.215000,D,S,1007287.000000
Tue Aug 05 06:41:23 2025,05-Aug-2025,094134,47 49.694700 N,064 1.205600 W,4.6,164.5,A,DoorSpread,DoorMaster,2.215000,D,S,1007287.000000
Tue Aug 05 06:41:23 2025,05-Aug-2025,094135,47 49.693500 N,064 1.205200 W,4.7,164.8,A,DoorSpread,DoorMaster,2.215000,D,S,1007287.000000
Tue Aug 05 06:41:23 2025,05-Aug-2025,094136,47 49.692200 N,064 1.204800 W,4.7,165.1,A,DoorSpread,DoorMaster,2.215000,D,S,1007287.000000
Tue Aug 05 06:41:27 2025,05-Aug-2025,094137,47 49.690900 N,064 1.204300 W,4.8,165.3,A,Depth,Depth,15.000000,D,P,263857.000000
Tue Aug 05 06:41:28 2025,05-Aug-2025,094138,47 49.689500 N,064 1.203900 W,4.9,165.5,A,DoorSpread,DoorMaster,2.645000,D,P,699387.000000
Tue Aug 05 06:41:28 2025,05-Aug-2025,094139,47 49.688200 N,064 1.203400 W,4.9,165.7,A,DoorSpread,DoorMaster,2.645000,D,P,699387.000000
Tue Aug 05 06:41:28 2025,05-Aug-2025,094140,47 49.686800 N,064 1.202900 W,5.1,165.8,A,DoorSpread,DoorMaster,2.645000,D,P,699387.000000
Tue Aug 05 06:41:28 2025,05-Aug-2025,094141,47 49.685200 N,064 1.202400 W,5.2,165.8,A,DoorSpread,DoorMaster,2.645000,D,P,699387.000000
Tue Aug 05 06:41:32 2025,05-Aug-2025,094142,47 49.683500 N,064 1.201800 W,5.4,165.8,A,Primary,Headline,3.346939,D,S,502148.000000
Tue Aug 05 06:41:32 2025,05-Aug-2025,094143,47 49.681900 N,064 1.201300 W,5.6,165.8,A,Primary,Headline,3.346939,D,S,502148.000000
Tue Aug 05 06:41:35 2025,05-Aug-2025,094144,47 49.680100 N,064 1.200700 W,5.8,165.7,A,DoorSpread,DoorMaster,16.425000,D,S,1059115.000000
Tue Aug 05 06:41:35 2025,05-Aug-2025,094145,47 49.678300 N,064 1.200100 W,5.9,165.6,A,DoorSpread,DoorMaster,16.425000,D,S,1059115.000000
Tue Aug 05 06:41:35 2025,05-Aug-2025,094146,47 49.676400 N,064 1.199400 W,6.1,165.4,A,DoorSpread,DoorMaster,16.425000,D,S,1059115.000000
Tue Aug 05 06:41:37 2025,05-Aug-2025,094147,47 49.674600 N,064 1.198600 W,6.2,165.2,A,Primary,Headline,2.918367,D,S,431321.000000
Tue Aug 05 06:41:37 2025,05-Aug-2025,094148,47 49.672800 N,064 1.197700 W,6.3,165.0,A,Primary,Headline,2.918367,D,S,431321.000000
Tue Aug 05 06:41:37 2025,05-Aug-2025,094149,47 49.671000 N,064 1.196900 W,6.3,164.9,A,Primary,Headline,2.918367,D,S,431321.000000
Tue Aug 05 06:41:37 2025,05-Aug-2025,094150,47 49.669200 N,064 1.196100 W,6.3,164.9,A,Primary,Headline,2.918367,D,S,431321.000000
Tue Aug 05 06:41:42 2025,05-Aug-2025,094151,47 49.667500 N,064 1.195400 W,6.3,164.8,A,Depth,Depth,15.925926,D,P,97474.000000
Tue Aug 05 06:41:42 2025,05-Aug-2025,094152,47 49.665700 N,064 1.194700 W,6.4,164.7,A,Depth,Depth,15.648148,D,S,297397.000000
Tue Aug 05 06:41:42 2025,05-Aug-2025,094153,47 49.664000 N,064 1.194000 W,6.4,164.7,A,Depth,Depth,15.648148,D,S,297397.000000
Tue Aug 05 06:41:42 2025,05-Aug-2025,094154,47 49.662300 N,064 1.193300 W,6.4,164.7,A,Depth,Depth,15.648148,D,S,297397.000000
Tue Aug 05 06:41:45 2025,05-Aug-2025,094155,47 49.660600 N,064 1.192600 W,6.4,164.8,A,DoorSpread,DoorMaster,4.135000,D,S,1030462.000000
Tue Aug 05 06:41:45 2025,05-Aug-2025,094156,47 49.658900 N,064 1.191900 W,6.3,164.9,A,DoorSpread,DoorMaster,4.135000,D,S,1030462.000000
Tue Aug 05 06:41:45 2025,05-Aug-2025,094157,47 49.657200 N,064 1.191300 W,6.3,165.0,A,DoorSpread,DoorMaster,4.135000,D,S,1030462.000000
Tue Aug 05 06:41:49 2025,05-Aug-2025,094158,47 49.655400 N,064 1.190800 W,6.3,165.1,A,Depth,Depth,14.259259,D,P,147777.000000
Tue Aug 05 06:41:49 2025,05-Aug-2025,094159,47 49.653800 N,064 1.190200 W,6.3,165.3,A,Depth,Depth,14.537037,D,S,520377.000000
Tue Aug 05 06:41:49 2025,05-Aug-2025,094200,47 49.652100 N,064 1.189500 W,6.2,165.4,A,Depth,Depth,14.537037,D,S,520377.000000
Tue Aug 05 06:41:49 2025,05-Aug-2025,094201,47 49.650400 N,064 1.188900 W,6.2,165.6,A,Depth,Depth,14.537037,D,S,520377.000000
Tue Aug 05 06:41:49 2025,05-Aug-2025,094202,47 49.648700 N,064 1.188300 W,6.2,165.8,A,Depth,Depth,14.537037,D,S,520377.000000
Tue Aug 05 06:41:49 2025,05-Aug-2025,094203,47 49.647000 N,064 1.187800 W,6.1,166.0,A,Depth,Depth,14.537037,D,S,520377.000000
Tue Aug 05 06:41:54 2025,05-Aug-2025,094204,47 49.645400 N,064 1.187200 W,6.1,166.2,A,Primary,Headline,25.244898,D,S,437209.000000
Tue Aug 05 06:41:56 2025,05-Aug-2025,094205,47 49.643700 N,064 1.186600 W,6.1,166.4,A,Depth,Depth,22.685185,D,S,448983.000000
Tue Aug 05 06:41:56 2025,05-Aug-2025,094206,47 49.642000 N,064 1.185900 W,6.0,166.6,A,Depth,Depth,22.685185,D,S,448983.000000
Tue Aug 05 06:41:56 2025,05-Aug-2025,094207,47 49.640400 N,064 1.185300 W,6.0,166.7,A,Depth,Depth,22.685185,D,S,448983.000000
Tue Aug 05 06:41:56 2025,05-Aug-2025,094208,47 49.638800 N,064 1.184600 W,6.0,166.8,A,Depth,Depth,22.685185,D,S,448983.000000
Tue Aug 05 06:42:00 2025,05-Aug-2025,094209,47 49.637200 N,064 1.184000 W,6.0,166.9,A,Primary,Headline,21.163265,D,S,337161.000000
Tue Aug 05 06:42:00 2025,05-Aug-2025,094210,47 49.635700 N,064 1.183300 W,6.0,167.0,A,Primary,Headline,21.163265,D,S,337161.000000
Tue Aug 05 06:42:00 2025,05-Aug-2025,094211,47 49.634200 N,064 1.182600 W,5.9,167.1,A,Primary,Headline,21.163265,D,S,337161.000000
Tue Aug 05 06:42:03 2025,05-Aug-2025,094212,47 49.632700 N,064 1.182000 W,5.9,167.2,A,Depth,Depth,11.759259,D,P,211508.000000
Tue Aug 05 06:42:03 2025,05-Aug-2025,094213,47 49.631100 N,064 1.181400 W,5.9,167.3,A,Depth,Depth,6.481481,D,S,442093.000000
Tue Aug 05 06:42:03 2025,05-Aug-2025,094214,47 49.629500 N,064 1.180800 W,5.8,167.3,A,Depth,Depth,6.481481,D,S,442093.000000
Tue Aug 05 06:42:06 2025,05-Aug-2025,094215,47 49.627900 N,064 1.180400 W,5.8,167.4,A,Primary,Headline,56.285714,D,S,415530.000000
Tue Aug 05 06:42:06 2025,05-Aug-2025,094216,47 49.626400 N,064 1.180000 W,5.7,167.6,A,Primary,Headline,56.285714,D,S,415530.000000
Tue Aug 05 06:42:06 2025,05-Aug-2025,094217,47 49.624900 N,064 1.179600 W,5.7,167.7,A,Primary,Headline,56.285714,D,S,415530.000000
Tue Aug 05 06:42:06 2025,05-Aug-2025,094218,47 49.623400 N,064 1.179200 W,5.7,167.7,A,Primary,Headline,56.285714,D,S,415530.000000
Tue Aug 05 06:42:06 2025,05-Aug-2025,094219,47 49.621800 N,064 1.178800 W,5.7,168.0,A,Primary,Headline,56.285714,D,S,415530.000000
Tue Aug 05 06:42:11 2025,05-Aug-2025,094220,47 49.620400 N,064 1.178500 W,5.7,168.1,A,Primary,Headline,4.000000,D,S,475419.000000
Tue Aug 05 06:42:11 2025,05-Aug-2025,094221,47 49.619000 N,064 1.178100 W,5.7,168.2,A,Primary,Headline,4.000000,D,S,475419.000000
Tue Aug 05 06:42:11 2025,05-Aug-2025,094222,47 49.617600 N,064 1.177600 W,5.7,168.1,A,Primary,Headline,4.000000,D,S,475419.000000
Tue Aug 05 06:42:11 2025,05-Aug-2025,094223,47 49.616300 N,064 1.176900 W,5.7,167.9,A,Primary,Headline,4.000000,D,S,475419.000000
Tue Aug 05 06:42:11 2025,05-Aug-2025,094224,47 49.614900 N,064 1.176400 W,5.6,167.8,A,Primary,Headline,4.000000,D,S,475419.000000
Tue Aug 05 06:42:11 2025,05-Aug-2025,094225,47 49.613500 N,064 1.175800 W,5.6,167.7,A,Primary,Headline,4.000000,D,S,475419.000000
Tue Aug 05 06:42:16 2025,05-Aug-2025,094226,47 49.612100 N,064 1.175300 W,5.6,167.7,A,Primary,Headline,50.959184,D,S,407201.000000
Tue Aug 05 06:42:17 2025,05-Aug-2025,094227,47 49.610700 N,064 1.174700 W,5.6,167.6,A,Depth,Depth,16.203704,D,S,426422.000000
Tue Aug 05 06:42:17 2025,05-Aug-2025,094228,47 49.609400 N,064 1.174100 W,5.5,167.4,A,Depth,Depth,16.203704,D,S,426422.000000
Tue Aug 05 06:42:17 2025,05-Aug-2025,094229,47 49.608000 N,064 1.173600 W,5.5,167.3,A,Depth,Depth,16.203704,D,S,426422.000000
Tue Aug 05 06:42:17 2025,05-Aug-2025,094230,47 49.606600 N,064 1.173200 W,5.5,167.2,A,Depth,Depth,16.203704,D,S,426422.000000
Tue Aug 05 06:42:22 2025,05-Aug-2025,094231,47 49.605200 N,064 1.172600 W,5.5,167.1,A,Primary,Headline,3.571429,D,P,71440.000000
Tue Aug 05 06:42:22 2025,05-Aug-2025,094232,47 49.603800 N,064 1.172100 W,5.5,167.0,A,Primary,Headline,3.571429,D,P,71440.000000
Tue Aug 05 06:42:24 2025,05-Aug-2025,094233,47 49.602400 N,064 1.171600 W,5.5,167.0,A,DoorSpread,DoorMaster,20.670000,D,S,654459.000000
Tue Aug 05 06:42:24 2025,05-Aug-2025,094234,47 49.601000 N,064 1.171200 W,5.5,167.0,A,Depth,Depth,18.425926,D,S,467273.000000
Tue Aug 05 06:42:24 2025,05-Aug-2025,094235,47 49.599600 N,064 1.170600 W,5.5,167.0,A,Depth,Depth,18.425926,D,S,467273.000000
Tue Aug 05 06:42:24 2025,05-Aug-2025,094236,47 49.598100 N,064 1.170000 W,5.5,167.0,A,Depth,Depth,18.425926,D,S,467273.000000
Tue Aug 05 06:42:27 2025,05-Aug-2025,094237,47 49.596700 N,064 1.169600 W,5.5,167.1,A,Primary,Headline,42.326531,D,S,545243.000000
Tue Aug 05 06:42:27 2025,05-Aug-2025,094238,47 49.595300 N,064 1.169200 W,5.5,167.1,A,Primary,Headline,42.326531,D,S,545243.000000
Tue Aug 05 06:42:27 2025,05-Aug-2025,094239,47 49.593900 N,064 1.168600 W,5.5,167.1,A,Primary,Headline,42.326531,D,S,545243.000000
Tue Aug 05 06:42:27 2025,05-Aug-2025,094240,47 49.592500 N,064 1.168000 W,5.5,167.0,A,Primary,Headline,42.326531,D,S,545243.000000
Tue Aug 05 06:42:31 2025,05-Aug-2025,094241,47 49.591100 N,064 1.167400 W,5.5,167.0,A,Depth,Depth,19.259259,D,S,329416.000000
Tue Aug 05 06:42:33 2025,05-Aug-2025,094242,47 49.589600 N,064 1.166800 W,5.5,167.0,A,Primary,Headline,20.551020,D,S,388287.000000
Tue Aug 05 06:42:33 2025,05-Aug-2025,094243,47 49.588200 N,064 1.166400 W,5.5,166.9,A,Primary,Headline,20.551020,D,S,388287.000000
Tue Aug 05 06:42:34 2025,05-Aug-2025,094244,47 49.586600 N,064 1.165800 W,5.5,166.9,A,DoorSpread,DoorMaster,5.225000,D,S,637129.000000
Tue Aug 05 06:42:34 2025,05-Aug-2025,094245,47 49.585200 N,064 1.165200 W,5.5,166.8,A,DoorSpread,DoorMaster,5.225000,D,S,637129.000000
Tue Aug 05 06:42:34 2025,05-Aug-2025,094246,47 49.583800 N,064 1.164700 W,5.4,166.6,A,DoorSpread,DoorMaster,5.225000,D,S,637129.000000
Tue Aug 05 06:42:34 2025,05-Aug-2025,094247,47 49.582300 N,064 1.164200 W,5.4,166.5,A,DoorSpread,DoorMaster,5.225000,D,S,637129.000000
Tue Aug 05 06:42:38 2025,05-Aug-2025,094248,47 49.580800 N,064 1.163700 W,5.4,166.5,A,Primary,Headline,25.081633,D,S,289996.000000
Tue Aug 05 06:42:38 2025,05-Aug-2025,094249,47 49.579400 N,064 1.163300 W,5.4,166.5,A,Primary,Headline,25.081633,D,S,289996.000000
Tue Aug 05 06:42:38 2025,05-Aug-2025,094250,47 49.578000 N,064 1.162900 W,5.4,166.6,A,Primary,Headline,25.081633,D,S,289996.000000
Tue Aug 05 06:42:41 2025,05-Aug-2025,094251,47 49.576700 N,064 1.162600 W,5.4,166.7,A,DoorSpread,DoorMaster,23.050000,D,S,523726.000000
Tue Aug 05 06:42:41 2025,05-Aug-2025,094252,47 49.575100 N,064 1.162200 W,5.4,166.7,A,DoorSpread,DoorMaster,23.050000,D,S,523726.000000
Tue Aug 05 06:42:43 2025,05-Aug-2025,094253,47 49.573600 N,064 1.161700 W,5.4,166.6,A,Primary,Headline,3.530612,D,P,462762.000000
Tue Aug 05 06:42:43 2025,05-Aug-2025,094254,47 49.572100 N,064 1.161300 W,5.3,166.6,A,Primary,Headline,3.530612,D,P,462762.000000
Tue Aug 05 06:42:43 2025,05-Aug-2025,094255,47 49.570600 N,064 1.160800 W,5.3,166.5,A,Primary,Headline,3.530612,D,P,462762.000000
Tue Aug 05 06:42:43 2025,05-Aug-2025,094256,47 49.569100 N,064 1.160300 W,5.3,166.4,A,Primary,Headline,3.530612,D,P,462762.000000
Tue Aug 05 06:42:43 2025,05-Aug-2025,094257,47 49.567600 N,064 1.159700 W,5.3,166.2,A,Primary,Headline,3.530612,D,P,462762.000000
Tue Aug 05 06:42:48 2025,05-Aug-2025,094258,47 49.566100 N,064 1.159200 W,5.3,166.2,A,DoorSpread,DoorMaster,26.115000,D,S,443443.000000
Tue Aug 05 06:42:49 2025,05-Aug-2025,094259,47 49.564600 N,064 1.158600 W,5.3,166.2,A,Primary,Headline,48.448980,D,P,535256.000000
Tue Aug 05 06:42:49 2025,05-Aug-2025,094300,47 49.563100 N,064 1.158100 W,5.3,166.2,A,Primary,Headline,48.448980,D,P,535256.000000
Tue Aug 05 06:42:49 2025,05-Aug-2025,094301,47 49.561700 N,064 1.157500 W,5.2,166.4,A,Primary,Headline,48.448980,D,P,535256.000000
Tue Aug 05 06:42:52 2025,05-Aug-2025,094302,47 49.560200 N,064 1.157000 W,5.2,166.5,A,Depth,Depth,23.796296,D,S,393136.000000
Tue Aug 05 06:42:52 2025,05-Aug-2025,094303,47 49.558800 N,064 1.156400 W,5.2,166.5,A,Depth,Depth,23.796296,D,S,393136.000000
Tue Aug 05 06:42:55 2025,05-Aug-2025,094304,47 49.557300 N,064 1.155800 W,5.3,166.6,A,Primary,Headline,53.408163,D,S,247055.000000
Tue Aug 05 06:42:55 2025,05-Aug-2025,094305,47 49.555900 N,064 1.155100 W,5.2,166.5,A,Primary,Headline,53.408163,D,S,247055.000000
Tue Aug 05 06:42:55 2025,05-Aug-2025,094306,47 49.554500 N,064 1.154500 W,5.2,166.3,A,Primary,Headline,53.408163,D,S,247055.000000
Tue Aug 05 06:42:55 2025,05-Aug-2025,094307,47 49.553200 N,064 1.153900 W,5.2,166.2,A,Primary,Headline,53.408163,D,S,247055.000000
Tue Aug 05 06:42:55 2025,05-Aug-2025,094308,47 49.551700 N,064 1.153400 W,5.3,166.2,A,Primary,Headline,53.408163,D,S,247055.000000
Tue Aug 05 06:42:59 2025,05-Aug-2025,094309,47 49.550300 N,064 1.152800 W,5.2,166.0,A,Depth,Depth,25.185185,D,S,266198.000000
Tue Aug 05 06:43:00 2025,05-Aug-2025,094310,47 49.549000 N,064 1.152400 W,5.2,166.1,A,Primary,Headline,26.714286,D,S,284870.000000
Tue Aug 05 06:43:00 2025,05-Aug-2025,094311,47 49.547600 N,064 1.152000 W,5.2,166.3,A,Primary,Headline,26.714286,D,S,284870.000000
Tue Aug 05 06:43:00 2025,05-Aug-2025,094312,47 49.546200 N,064 1.151600 W,5.3,166.4,A,Primary,Headline,26.714286,D,S,284870.000000
Tue Aug 05 06:43:00 2025,05-Aug-2025,094313,47 49.544800 N,064 1.151200 W,5.3,166.5,A,Primary,Headline,26.714286,D,S,284870.000000
Tue Aug 05 06:43:00 2025,05-Aug-2025,094314,47 49.543600 N,064 1.150800 W,5.2,166.5,A,Primary,Headline,26.714286,D,S,284870.000000
Tue Aug 05 06:43:05 2025,05-Aug-2025,094315,47 49.542300 N,064 1.150400 W,5.2,166.6,A,Primary,Headline,21.061224,D,P,297261.000000
Tue Aug 05 06:43:07 2025,05-Aug-2025,094316,47 49.540900 N,064 1.149900 W,5.3,166.6,A,Depth,Depth,26.574074,D,P,221257.000000
Tue Aug 05 06:43:07 2025,05-Aug-2025,094317,47 49.539500 N,064 1.149400 W,5.2,166.7,A,Depth,Depth,26.574074,D,P,221257.000000
Tue Aug 05 06:43:07 2025,05-Aug-2025,094318,47 49.538300 N,064 1.149000 W,5.2,166.8,A,Depth,Depth,26.574074,D,P,221257.000000
Tue Aug 05 06:43:07 2025,05-Aug-2025,094319,47 49.537000 N,064 1.148500 W,5.2,166.9,A,Depth,Depth,26.574074,D,P,221257.000000
Tue Aug 05 06:43:11 2025,05-Aug-2025,094320,47 49.535600 N,064 1.148100 W,5.2,167.1,A,Primary,Headline,6.061224,D,S,228912.000000
Tue Aug 05 06:43:11 2025,05-Aug-2025,094321,47 49.534200 N,064 1.147600 W,5.2,167.2,A,Primary,Headline,6.061224,D,S,228912.000000
Tue Aug 05 06:43:11 2025,05-Aug-2025,094322,47 49.532900 N,064 1.147100 W,5.2,167.3,A,Primary,Headline,6.061224,D,S,228912.000000
Tue Aug 05 06:43:14 2025,05-Aug-2025,094323,47 49.531600 N,064 1.146700 W,5.2,167.4,A,Depth,Depth,28.148148,D,P,199252.000000
Tue Aug 05 06:43:14 2025,05-Aug-2025,094324,47 49.530300 N,064 1.146400 W,5.2,167.5,A,Depth,Depth,27.870370,D,S,237224.000000
Tue Aug 05 06:43:14 2025,05-Aug-2025,094325,47 49.528900 N,064 1.146000 W,5.2,167.7,A,Depth,Depth,27.870370,D,S,237224.000000
Tue Aug 05 06:43:16 2025,05-Aug-2025,094326,47 49.527600 N,064 1.145500 W,5.2,167.6,A,Primary,Headline,22.755102,D,S,203075.000000
Tue Aug 05 06:43:16 2025,05-Aug-2025,094327,47 49.526200 N,064 1.145100 W,5.3,167.7,A,Primary,Headline,22.755102,D,S,203075.000000
Tue Aug 05 06:43:16 2025,05-Aug-2025,094328,47 49.524900 N,064 1.144800 W,5.3,167.9,A,Primary,Headline,22.755102,D,S,203075.000000
Tue Aug 05 06:43:16 2025,05-Aug-2025,094329,47 49.523600 N,064 1.144400 W,5.2,167.9,A,Primary,Headline,22.755102,D,S,203075.000000
Tue Aug 05 06:43:16 2025,05-Aug-2025,094330,47 49.522200 N,064 1.144000 W,5.3,168.0,A,Primary,Headline,22.755102,D,S,203075.000000
Tue Aug 05 06:43:21 2025,05-Aug-2025,094331,47 49.521000 N,064 1.143700 W,5.2,167.8,A,Depth,Depth,29.907407,D,S,109071.000000
Tue Aug 05 06:43:22 2025,05-Aug-2025,094332,47 49.519800 N,064 1.143300 W,5.1,167.7,A,Primary,Headline,49.591837,D,S,104554.000000
Tue Aug 05 06:43:22 2025,05-Aug-2025,094333,47 49.518700 N,064 1.142900 W,5.1,167.6,A,Primary,Headline,49.591837,D,S,104554.000000
Tue Aug 05 06:43:22 2025,05-Aug-2025,094334,47 49.517400 N,064 1.142500 W,5.1,167.7,A,Primary,Headline,49.591837,D,S,104554.000000
Tue Aug 05 06:43:22 2025,05-Aug-2025,094335,47 49.516000 N,064 1.142100 W,5.1,167.7,A,Primary,Headline,49.591837,D,S,104554.000000
Tue Aug 05 06:43:22 2025,05-Aug-2025,094336,47 49.514700 N,064 1.141800 W,5.1,167.7,A,Primary,Headline,49.591837,D,S,104554.000000
Tue Aug 05 06:43:27 2025,05-Aug-2025,094337,47 49.513300 N,064 1.141600 W,5.1,167.8,A,Primary,Headline,40.040816,D,S,134164.000000
Tue Aug 05 06:43:28 2025,05-Aug-2025,094338,47 49.512000 N,064 1.141300 W,5.0,167.8,A,Depth,Depth,31.296296,D,S,105103.000000
Tue Aug 05 06:43:28 2025,05-Aug-2025,094339,47 49.510600 N,064 1.141000 W,5.0,167.9,A,Depth,Depth,31.296296,D,S,105103.000000
Tue Aug 05 06:43:28 2025,05-Aug-2025,094340,47 49.509200 N,064 1.140600 W,5.0,167.9,A,Depth,Depth,31.296296,D,S,105103.000000
Tue Aug 05 06:43:28 2025,05-Aug-2025,094341,47 49.507900 N,064 1.140100 W,5.0,167.8,A,Depth,Depth,31.296296,D,S,105103.000000
Tue Aug 05 06:43:28 2025,05-Aug-2025,094342,47 49.506500 N,064 1.139700 W,5.0,167.9,A,Depth,Depth,31.296296,D,S,105103.000000
Tue Aug 05 06:43:33 2025,05-Aug-2025,094343,47 49.505000 N,064 1.139300 W,5.0,168.0,A,Primary,Headline,30.061224,D,S,179947.000000
Tue Aug 05 06:43:33 2025,05-Aug-2025,094344,47 49.503600 N,064 1.138900 W,5.0,168.1,A,Primary,Headline,30.061224,D,S,179947.000000
Tue Aug 05 06:43:35 2025,05-Aug-2025,094345,47 49.502200 N,064 1.138500 W,5.0,168.2,A,Depth,Depth,33.425926,D,S,110107.000000
Tue Aug 05 06:43:35 2025,05-Aug-2025,094346,47 49.500800 N,064 1.138000 W,5.1,168.2,A,Depth,Depth,33.425926,D,S,110107.000000
Tue Aug 05 06:43:35 2025,05-Aug-2025,094347,47 49.499400 N,064 1.137500 W,5.0,168.2,A,Depth,Depth,33.425926,D,S,110107.000000
Tue Aug 05 06:43:35 2025,05-Aug-2025,094348,47 49.498100 N,064 1.137100 W,5.0,168.2,A,Depth,Depth,33.425926,D,S,110107.000000
Tue Aug 05 06:43:39 2025,05-Aug-2025,094349,47 49.496800 N,064 1.136700 W,5.0,168.2,A,Primary,Headline,51.938776,D,S,66402.000000
Tue Aug 05 06:43:39 2025,05-Aug-2025,094350,47 49.495400 N,064 1.136300 W,5.0,168.2,A,Primary,Headline,51.938776,D,S,66402.000000
Tue Aug 05 06:43:39 2025,05-Aug-2025,094351,47 49.494200 N,064 1.135900 W,5.0,168.3,A,Primary,Headline,51.938776,D,S,66402.000000
Tue Aug 05 06:43:42 2025,05-Aug-2025,094352,47 49.492800 N,064 1.135500 W,5.0,168.3,A,Depth,Depth,34.537037,D,S,224886.000000
Tue Aug 05 06:43:42 2025,05-Aug-2025,094353,47 49.491400 N,064 1.135000 W,5.0,168.3,A,Depth,Depth,34.537037,D,S,224886.000000
Tue Aug 05 06:43:45 2025,05-Aug-2025,094354,47 49.490000 N,064 1.134700 W,4.9,168.4,A,Primary,Headline,51.102041,D,S,167631.000000
Tue Aug 05 06:43:45 2025,05-Aug-2025,094355,47 49.488500 N,064 1.134400 W,4.9,168.4,A,Primary,Headline,51.102041,D,S,167631.000000
Tue Aug 05 06:43:45 2025,05-Aug-2025,094356,47 49.487100 N,064 1.133900 W,4.9,168.2,A,Primary,Headline,51.102041,D,S,167631.000000
Tue Aug 05 06:43:45 2025,05-Aug-2025,094357,47 49.485700 N,064 1.133500 W,4.9,168.2,A,Primary,Headline,51.102041,D,S,167631.000000
Tue Aug 05 06:43:45 2025,05-Aug-2025,094358,47 49.484300 N,064 1.133200 W,4.9,168.1,A,Primary,Headline,51.102041,D,S,167631.000000
Tue Aug 05 06:43:49 2025,05-Aug-2025,094359,47 49.482900 N,064 1.132900 W,4.9,168.1,A,Depth,Depth,35.648148,D,S,87403.000000
Tue Aug 05 06:43:50 2025,05-Aug-2025,094400,47 49.481400 N,064 1.132600 W,4.9,168.1,A,Primary,Headline,52.979592,D,S,103524.000000
Tue Aug 05 06:43:50 2025,05-Aug-2025,094401,47 49.480000 N,064 1.132100 W,4.9,168.1,A,Primary,Headline,52.979592,D,S,103524.000000
Tue Aug 05 06:43:50 2025,05-Aug-2025,094402,47 49.478600 N,064 1.131600 W,4.9,168.0,A,Primary,Headline,52.979592,D,S,103524.000000
Tue Aug 05 06:43:50 2025,05-Aug-2025,094403,47 49.477300 N,064 1.131000 W,5.0,167.9,A,Primary,Headline,52.979592,D,S,103524.000000
Tue Aug 05 06:43:50 2025,05-Aug-2025,094404,47 49.475900 N,064 1.130600 W,5.0,167.8,A,Primary,Headline,52.979592,D,S,103524.000000
Tue Aug 05 06:43:50 2025,05-Aug-2025,094405,47 49.474600 N,064 1.130200 W,5.0,167.8,A,Primary,Headline,52.979592,D,S,103524.000000
Tue Aug 05 06:43:56 2025,05-Aug-2025,094406,47 49.473300 N,064 1.129700 W,5.0,168.0,A,Depth,Depth,37.777778,D,S,147393.000000
Tue Aug 05 06:43:56 2025,05-Aug-2025,094407,47 49.471900 N,064 1.129200 W,5.0,168.1,A,Depth,Depth,37.777778,D,S,147393.000000
Tue Aug 05 06:43:56 2025,05-Aug-2025,094408,47 49.470500 N,064 1.128600 W,5.0,168.1,A,Depth,Depth,37.777778,D,S,147393.000000
Tue Aug 05 06:43:56 2025,05-Aug-2025,094409,47 49.469200 N,064 1.128100 W,5.0,168.1,A,Depth,Depth,37.777778,D,S,147393.000000
Tue Aug 05 06:43:56 2025,05-Aug-2025,094410,47 49.467900 N,064 1.127600 W,5.0,168.0,A,Depth,Depth,37.777778,D,S,147393.000000
Tue Aug 05 06:44:02 2025,05-Aug-2025,094411,47 49.466600 N,064 1.127200 W,5.0,168.0,A,Primary,Headline,31.306122,D,S,127526.000000
Tue Aug 05 06:44:02 2025,05-Aug-2025,094412,47 49.465300 N,064 1.126600 W,5.0,168.0,A,Primary,Headline,31.306122,D,S,127526.000000
Tue Aug 05 06:44:04 2025,05-Aug-2025,094413,47 49.463900 N,064 1.126200 W,5.0,168.1,A,Depth,Depth,39.722222,D,S,80053.000000
Tue Aug 05 06:44:04 2025,05-Aug-2025,094414,47 49.462500 N,064 1.125700 W,5.0,168.1,A,Depth,Depth,39.722222,D,S,80053.000000
Tue Aug 05 06:44:04 2025,05-Aug-2025,094415,47 49.461100 N,064 1.125300 W,5.0,168.0,A,Depth,Depth,39.722222,D,S,80053.000000
Tue Aug 05 06:44:04 2025,05-Aug-2025,094416,47 49.459700 N,064 1.124800 W,5.0,168.0,A,Depth,Depth,39.722222,D,S,80053.000000
Tue Aug 05 06:44:07 2025,05-Aug-2025,094417,47 49.458200 N,064 1.124500 W,5.0,168.0,A,Primary,Headline,21.693878,D,S,78206.000000
Tue Aug 05 06:44:07 2025,05-Aug-2025,094418,47 49.456800 N,064 1.124100 W,5.0,168.0,A,Primary,Headline,21.693878,D,S,78206.000000
Tue Aug 05 06:44:07 2025,05-Aug-2025,094419,47 49.455300 N,064 1.123700 W,5.1,168.0,A,Primary,Headline,21.693878,D,S,78206.000000
Tue Aug 05 06:44:11 2025,05-Aug-2025,094420,47 49.453900 N,064 1.123200 W,5.1,167.9,A,Depth,Depth,41.018519,D,S,56370.000000
Tue Aug 05 06:44:11 2025,05-Aug-2025,094421,47 49.452500 N,064 1.122700 W,5.1,167.9,A,Depth,Depth,41.018519,D,S,56370.000000
Tue Aug 05 06:44:12 2025,05-Aug-2025,094422,47 49.450900 N,064 1.122100 W,5.1,168.0,A,Primary,Headline,19.612245,D,S,79209.000000
Tue Aug 05 06:44:12 2025,05-Aug-2025,094423,47 49.449400 N,064 1.121600 W,5.2,168.0,A,Primary,Headline,19.612245,D,S,79209.000000
Tue Aug 05 06:44:12 2025,05-Aug-2025,094424,47 49.448000 N,064 1.121100 W,5.2,168.0,A,Primary,Headline,19.612245,D,S,79209.000000
Tue Aug 05 06:44:12 2025,05-Aug-2025,094425,47 49.446500 N,064 1.120600 W,5.2,168.0,A,Primary,Headline,19.612245,D,S,79209.000000
Tue Aug 05 06:44:12 2025,05-Aug-2025,094426,47 49.445100 N,064 1.120200 W,5.2,167.9,A,Primary,Headline,19.612245,D,S,79209.000000
Tue Aug 05 06:44:18 2025,05-Aug-2025,094427,47 49.443700 N,064 1.119600 W,5.2,167.9,A,Depth,Depth,55.555556,D,P,40806.000000
Tue Aug 05 06:44:18 2025,05-Aug-2025,094428,47 49.442300 N,064 1.119000 W,5.1,167.9,A,Depth,Depth,42.407407,D,S,65300.000000
Tue Aug 05 06:44:18 2025,05-Aug-2025,094429,47 49.440900 N,064 1.118500 W,5.1,168.0,A,Depth,Depth,42.407407,D,S,65300.000000
Tue Aug 05 06:44:18 2025,05-Aug-2025,094430,47 49.439500 N,064 1.118000 W,5.1,168.0,A,Depth,Depth,42.407407,D,S,65300.000000
Tue Aug 05 06:44:18 2025,05-Aug-2025,094431,47 49.438000 N,064 1.117700 W,5.2,168.0,A,Depth,Depth,42.407407,D,S,65300.000000
Tue Aug 05 06:44:18 2025,05-Aug-2025,094432,47 49.436600 N,064 1.117400 W,5.2,168.0,A,Depth,Depth,42.407407,D,S,65300.000000
Tue Aug 05 06:44:23 2025,05-Aug-2025,094433,47 49.435100 N,064 1.117100 W,5.2,168.0,A,Primary,Headline,44.979592,D,S,68390.000000
Tue Aug 05 06:44:23 2025,05-Aug-2025,094434,47 49.433700 N,064 1.116700 W,5.2,167.9,A,Primary,Headline,44.979592,D,S,68390.000000
Tue Aug 05 06:44:25 2025,05-Aug-2025,094435,47 49.432300 N,064 1.116300 W,5.2,168.0,A,Depth,Depth,44.814815,D,S,43904.000000
Tue Aug 05 06:44:25 2025,05-Aug-2025,094436,47 49.430900 N,064 1.115900 W,5.3,168.0,A,Depth,Depth,44.814815,D,S,43904.000000
Tue Aug 05 06:44:25 2025,05-Aug-2025,094437,47 49.429500 N,064 1.115400 W,5.2,168.1,A,Depth,Depth,44.814815,D,S,43904.000000
Tue Aug 05 06:44:25 2025,05-Aug-2025,094438,47 49.428100 N,064 1.115000 W,5.2,168.0,A,Depth,Depth,44.814815,D,S,43904.000000
Tue Aug 05 06:44:29 2025,05-Aug-2025,094439,47 49.426700 N,064 1.114500 W,5.2,168.1,A,Primary,Headline,54.673469,D,P,70034.000000
Tue Aug 05 06:44:29 2025,05-Aug-2025,094440,47 49.425400 N,064 1.114000 W,5.2,168.1,A,Primary,Headline,54.673469,D,P,70034.000000
Tue Aug 05 06:44:29 2025,05-Aug-2025,094441,47 49.424000 N,064 1.113400 W,5.2,168.1,A,Primary,Headline,54.673469,D,P,70034.000000
Tue Aug 05 06:44:32 2025,05-Aug-2025,094442,47 49.422700 N,064 1.112900 W,5.2,168.1,A,Depth,Depth,28.333333,D,P,119351.000000
Tue Aug 05 06:44:32 2025,05-Aug-2025,094443,47 49.421300 N,064 1.112500 W,5.2,168.1,A,Depth,Depth,28.333333,D,P,119351.000000
Tue Aug 05 06:44:35 2025,05-Aug-2025,094444,47 49.419900 N,064 1.112000 W,5.2,168.1,A,Primary,Headline,32.367347,D,P,122722.000000
Tue Aug 05 06:44:35 2025,05-Aug-2025,094445,47 49.418600 N,064 1.111600 W,5.2,168.1,A,Primary,Headline,32.367347,D,P,122722.000000
Tue Aug 05 06:44:35 2025,05-Aug-2025,094446,47 49.417300 N,064 1.111100 W,5.1,168.1,A,Primary,Headline,32.367347,D,P,122722.000000
Tue Aug 05 06:44:35 2025,05-Aug-2025,094447,47 49.415900 N,064 1.110700 W,5.1,168.1,A,Primary,Headline,32.367347,D,P,122722.000000
Tue Aug 05 06:44:35 2025,05-Aug-2025,094448,47 49.414600 N,064 1.110200 W,5.1,168.1,A,Primary,Headline,32.367347,D,P,122722.000000
Tue Aug 05 06:44:40 2025,05-Aug-2025,094449,47 49.413300 N,064 1.109700 W,5.1,168.1,A,Primary,Headline,4.795918,D,S,89712.000000
Tue Aug 05 06:44:40 2025,05-Aug-2025,094450,47 49.412000 N,064 1.109200 W,5.1,168.0,A,Primary,Headline,4.795918,D,S,89712.000000
Tue Aug 05 06:44:40 2025,05-Aug-2025,094451,47 49.410700 N,064 1.108600 W,5.1,167.8,A,Primary,Headline,4.795918,D,S,89712.000000
Tue Aug 05 06:44:40 2025,05-Aug-2025,094452,47 49.409300 N,064 1.108100 W,5.1,167.6,A,Primary,Headline,4.795918,D,S,89712.000000
Tue Aug 05 06:44:40 2025,05-Aug-2025,094453,47 49.407900 N,064 1.107600 W,5.2,167.4,A,Primary,Headline,4.795918,D,S,89712.000000
Tue Aug 05 06:44:40 2025,05-Aug-2025,094454,47 49.406500 N,064 1.107100 W,5.2,167.3,A,Primary,Headline,4.795918,D,S,89712.000000
Tue Aug 05 06:44:45 2025,05-Aug-2025,094455,47 49.405000 N,064 1.106600 W,5.2,167.2,A,Primary,Headline,42.040816,D,S,70613.000000
Tue Aug 05 06:44:47 2025,05-Aug-2025,094456,47 49.403600 N,064 1.106000 W,5.2,167.0,A,Depth,Depth,46.111111,D,S,68250.000000
Tue Aug 05 06:44:47 2025,05-Aug-2025,094457,47 49.402300 N,064 1.105500 W,5.2,166.8,A,Depth,Depth,46.111111,D,S,68250.000000
Tue Aug 05 06:44:47 2025,05-Aug-2025,094458,47 49.401000 N,064 1.104900 W,5.2,166.7,A,Depth,Depth,46.111111,D,S,68250.000000
Tue Aug 05 06:44:47 2025,05-Aug-2025,094459,47 49.399700 N,064 1.104400 W,5.2,166.6,A,Depth,Depth,46.111111,D,S,68250.000000
Tue Aug 05 06:44:47 2025,05-Aug-2025,094500,47 49.398300 N,064 1.103900 W,5.2,166.6,A,Depth,Depth,46.111111,D,S,68250.000000
Tue Aug 05 06:44:51 2025,05-Aug-2025,094501,47 49.397000 N,064 1.103400 W,5.2,166.6,A,Primary,Headline,47.000000,D,S,74776.000000
Tue Aug 05 06:44:51 2025,05-Aug-2025,094502,47 49.395600 N,064 1.102800 W,5.2,166.6,A,Primary,Headline,47.000000,D,S,74776.000000
Tue Aug 05 06:44:54 2025,05-Aug-2025,094503,47 49.394100 N,064 1.102300 W,5.2,166.6,A,Depth,Depth,58.611111,D,P,181745.000000
Tue Aug 05 06:44:54 2025,05-Aug-2025,094504,47 49.392700 N,064 1.101800 W,5.2,166.5,A,Depth,Depth,77.870370,D,S,42068.000000
Tue Aug 05 06:44:54 2025,05-Aug-2025,094505,47 49.391400 N,064 1.101200 W,5.2,166.5,A,Depth,Depth,77.870370,D,S,42068.000000
Tue Aug 05 06:44:56 2025,05-Aug-2025,094506,47 49.390000 N,064 1.100600 W,5.2,166.5,A,Primary,Headline,16.897959,D,P,173191.000000
Tue Aug 05 06:44:56 2025,05-Aug-2025,094507,47 49.388600 N,064 1.100200 W,5.2,166.5,A,Primary,Headline,16.897959,D,P,173191.000000
Tue Aug 05 06:44:56 2025,05-Aug-2025,094508,47 49.387200 N,064 1.099700 W,5.2,166.5,A,Primary,Headline,16.897959,D,P,173191.000000
Tue Aug 05 06:44:56 2025,05-Aug-2025,094509,47 49.385800 N,064 1.099200 W,5.2,166.5,A,Primary,Headline,16.897959,D,P,173191.000000
Tue Aug 05 06:44:56 2025,05-Aug-2025,094510,47 49.384400 N,064 1.098600 W,5.3,166.5,A,Primary,Headline,16.897959,D,P,173191.000000
Tue Aug 05 06:45:01 2025,05-Aug-2025,094511,47 49.383000 N,064 1.098000 W,5.3,166.5,A,Depth,Depth,23.148148,D,S,52407.000000
Tue Aug 05 06:45:02 2025,05-Aug-2025,094512,47 49.381700 N,064 1.097400 W,5.2,166.5,A,Primary,Headline,41.326531,D,S,86479.000000
Tue Aug 05 06:45:02 2025,05-Aug-2025,094513,47 49.380300 N,064 1.096900 W,5.2,166.5,A,Primary,Headline,41.326531,D,S,86479.000000
Tue Aug 05 06:45:02 2025,05-Aug-2025,094514,47 49.378900 N,064 1.096400 W,5.3,166.5,A,Primary,Headline,41.326531,D,S,86479.000000
Tue Aug 05 06:45:02 2025,05-Aug-2025,094515,47 49.377500 N,064 1.096000 W,5.3,166.5,A,Primary,Headline,41.326531,D,S,86479.000000
Tue Aug 05 06:45:02 2025,05-Aug-2025,094516,47 49.376100 N,064 1.095600 W,5.2,166.5,A,Primary,Headline,41.326531,D,S,86479.000000
Tue Aug 05 06:45:02 2025,05-Aug-2025,094517,47 49.374600 N,064 1.095200 W,5.3,166.4,A,Primary,Headline,41.326531,D,S,86479.000000
Tue Aug 05 06:45:08 2025,05-Aug-2025,094518,47 49.373200 N,064 1.094700 W,5.3,166.4,A,Depth,Depth,52.037037,D,S,90440.000000
Tue Aug 05 06:45:08 2025,05-Aug-2025,094519,47 49.371700 N,064 1.094200 W,5.3,166.4,A,Depth,Depth,52.037037,D,S,90440.000000
Tue Aug 05 06:45:08 2025,05-Aug-2025,094520,47 49.370300 N,064 1.093800 W,5.3,166.6,A,Depth,Depth,52.037037,D,S,90440.000000
Tue Aug 05 06:45:08 2025,05-Aug-2025,094521,47 49.368900 N,064 1.093300 W,5.3,166.7,A,Depth,Depth,52.037037,D,S,90440.000000
Tue Aug 05 06:45:08 2025,05-Aug-2025,094522,47 49.367400 N,064 1.092800 W,5.3,166.7,A,Depth,Depth,52.037037,D,S,90440.000000
Tue Aug 05 06:45:14 2025,05-Aug-2025,094523,47 49.366000 N,064 1.092200 W,5.3,166.6,A,Primary,Headline,55.061224,D,S,109489.000000
Tue Aug 05 06:45:14 2025,05-Aug-2025,094524,47 49.364500 N,064 1.091700 W,5.3,166.5,A,Primary,Headline,55.061224,D,S,109489.000000
Tue Aug 05 06:45:15 2025,05-Aug-2025,094525,47 49.363100 N,064 1.091200 W,5.2,166.5,A,Depth,Depth,56.111111,D,S,62536.000000
Tue Aug 05 06:45:15 2025,05-Aug-2025,094526,47 49.361600 N,064 1.090800 W,5.2,166.4,A,Depth,Depth,56.111111,D,S,62536.000000
Tue Aug 05 06:45:15 2025,05-Aug-2025,094527,47 49.360200 N,064 1.090300 W,5.2,166.4,A,Depth,Depth,56.111111,D,S,62536.000000
Tue Aug 05 06:45:19 2025,05-Aug-2025,094528,47 49.358800 N,064 1.090000 W,5.2,166.5,A,DoorSpread,DoorMaster,0.000000,E,P,266010.000000
Tue Aug 05 06:45:20 2025,05-Aug-2025,094529,47 49.357400 N,064 1.089500 W,5.2,166.6,A,Primary,Headline,56.734694,D,P,106474.000000
Tue Aug 05 06:45:20 2025,05-Aug-2025,094530,47 49.355900 N,064 1.089000 W,5.2,166.6,A,Primary,Headline,56.734694,D,P,106474.000000
Tue Aug 05 06:45:20 2025,05-Aug-2025,094531,47 49.354400 N,064 1.088400 W,5.3,166.5,A,Primary,Headline,56.734694,D,P,106474.000000
Tue Aug 05 06:45:22 2025,05-Aug-2025,094532,47 49.353000 N,064 1.087800 W,5.2,166.4,A,Depth,Depth,55.277778,D,S,38530.000000
Tue Aug 05 06:45:22 2025,05-Aug-2025,094533,47 49.351500 N,064 1.087300 W,5.2,166.4,A,Depth,Depth,55.277778,D,S,38530.000000
Tue Aug 05 06:45:22 2025,05-Aug-2025,094534,47 49.350100 N,064 1.086800 W,5.2,166.3,A,Depth,Depth,55.277778,D,S,38530.000000
Tue Aug 05 06:45:25 2025,05-Aug-2025,094535,47 49.348600 N,064 1.086300 W,5.2,166.4,A,Primary,Headline,41.306122,D,P,108478.000000
Tue Aug 05 06:45:25 2025,05-Aug-2025,094536,47 49.347200 N,064 1.085800 W,5.2,166.5,A,Primary,Headline,41.306122,D,P,108478.000000
Tue Aug 05 06:45:25 2025,05-Aug-2025,094537,47 49.345800 N,064 1.085400 W,5.2,166.5,A,Primary,Headline,41.306122,D,P,108478.000000
Tue Aug 05 06:45:25 2025,05-Aug-2025,094538,47 49.344500 N,064 1.084900 W,5.1,166.5,A,Primary,Headline,41.306122,D,P,108478.000000
Tue Aug 05 06:45:30 2025,05-Aug-2025,094539,47 49.343300 N,064 1.084400 W,5.1,166.7,A,Depth,Depth,54.259259,D,S,86941.000000
Tue Aug 05 06:45:31 2025,05-Aug-2025,094540,47 49.342000 N,064 1.083900 W,5.0,167.0,A,Primary,Headline,14.163265,D,S,93486.000000
Tue Aug 05 06:45:31 2025,05-Aug-2025,094541,47 49.340800 N,064 1.083400 W,4.9,167.0,A,Primary,Headline,14.163265,D,S,93486.000000
Tue Aug 05 06:45:31 2025,05-Aug-2025,094542,47 49.339600 N,064 1.082900 W,4.8,166.9,A,Primary,Headline,14.163265,D,S,93486.000000
Tue Aug 05 06:45:31 2025,05-Aug-2025,094543,47 49.338500 N,064 1.082500 W,4.7,167.1,A,Primary,Headline,14.163265,D,S,93486.000000
Tue Aug 05 06:45:31 2025,05-Aug-2025,094544,47 49.337400 N,064 1.082200 W,4.6,167.4,A,Primary,Headline,14.163265,D,S,93486.000000
Tue Aug 05 06:45:31 2025,05-Aug-2025,094545,47 49.336300 N,064 1.081900 W,4.5,167.6,A,Primary,Headline,14.163265,D,S,93486.000000
Tue Aug 05 06:45:37 2025,05-Aug-2025,094546,47 49.335300 N,064 1.081500 W,4.4,167.8,A,Primary,Headline,57.102041,D,P,102865.000000
Tue Aug 05 06:45:37 2025,05-Aug-2025,094547,47 49.334400 N,064 1.081100 W,4.3,168.0,A,Depth,Depth,58.981481,D,S,59625.000000
Tue Aug 05 06:45:37 2025,05-Aug-2025,094548,47 49.333400 N,064 1.080700 W,4.2,168.2,A,Depth,Depth,58.981481,D,S,59625.000000
Tue Aug 05 06:45:37 2025,05-Aug-2025,094549,47 49.332400 N,064 1.080400 W,4.2,168.4,A,Depth,Depth,58.981481,D,S,59625.000000
Tue Aug 05 06:45:37 2025,05-Aug-2025,094550,47 49.331400 N,064 1.079900 W,4.1,168.7,A,Depth,Depth,58.981481,D,S,59625.000000
Tue Aug 05 06:45:37 2025,05-Aug-2025,094551,47 49.330400 N,064 1.079300 W,4.0,168.9,A,Depth,Depth,58.981481,D,S,59625.000000
Tue Aug 05 06:45:42 2025,05-Aug-2025,094552,47 49.329400 N,064 1.078800 W,3.9,169.1,A,Primary,Headline,57.122449,D,P,191840.000000
Tue Aug 05 06:45:42 2025,05-Aug-2025,094553,47 49.328400 N,064 1.078300 W,3.9,169.3,A,Primary,Headline,57.122449,D,P,191840.000000
Tue Aug 05 06:45:44 2025,05-Aug-2025,094554,47 49.327300 N,064 1.077900 W,3.9,169.6,A,Depth,Depth,65.925926,D,S,164678.000000
Tue Aug 05 06:45:44 2025,05-Aug-2025,094555,47 49.326200 N,064 1.077700 W,3.9,169.9,A,Depth,Depth,65.925926,D,S,164678.000000
Tue Aug 05 06:45:44 2025,05-Aug-2025,094556,47 49.325100 N,064 1.077500 W,3.8,170.2,A,Depth,Depth,65.925926,D,S,164678.000000
Tue Aug 05 06:45:44 2025,05-Aug-2025,094557,47 49.324100 N,064 1.077200 W,3.8,170.5,A,Depth,Depth,65.925926,D,S,164678.000000
Tue Aug 05 06:45:48 2025,05-Aug-2025,094558,47 49.323100 N,064 1.077000 W,3.8,170.8,A,Primary,Headline,51.163265,D,P,99405.000000
Tue Aug 05 06:45:48 2025,05-Aug-2025,094559,47 49.322200 N,064 1.076800 W,3.7,171.0,A,Primary,Headline,51.163265,D,P,99405.000000
Tue Aug 05 06:45:48 2025,05-Aug-2025,094600,47 49.321300 N,064 1.076600 W,3.6,171.1,A,Primary,Headline,51.163265,D,P,99405.000000
Tue Aug 05 06:45:51 2025,05-Aug-2025,094601,47 49.320400 N,064 1.076400 W,3.6,171.3,A,Depth,Depth,51.481481,D,P,100173.000000
Tue Aug 05 06:45:51 2025,05-Aug-2025,094602,47 49.319400 N,064 1.076200 W,3.6,171.6,A,Depth,Depth,51.481481,D,P,100173.000000
Tue Aug 05 06:45:51 2025,05-Aug-2025,094603,47 49.318400 N,064 1.076100 W,3.5,171.9,A,Depth,Depth,51.481481,D,P,100173.000000
Tue Aug 05 06:45:54 2025,05-Aug-2025,094604,47 49.317500 N,064 1.076000 W,3.5,172.1,A,Primary,Headline,57.653061,D,P,116501.000000
Tue Aug 05 06:45:54 2025,05-Aug-2025,094605,47 49.316600 N,064 1.075900 W,3.4,172.2,A,Primary,Headline,57.653061,D,P,116501.000000
Tue Aug 05 06:45:54 2025,05-Aug-2025,094606,47 49.315700 N,064 1.075700 W,3.4,172.3,A,Primary,Headline,57.653061,D,P,116501.000000
Tue Aug 05 06:45:54 2025,05-Aug-2025,094607,47 49.314800 N,064 1.075600 W,3.4,172.4,A,Primary,Headline,57.653061,D,P,116501.000000
Tue Aug 05 06:45:59 2025,05-Aug-2025,094608,47 49.313900 N,064 1.075400 W,3.4,172.5,A,Depth,Depth,61.111111,D,S,103082.000000
Tue Aug 05 06:46:00 2025,05-Aug-2025,094609,47 49.312900 N,064 1.075400 W,3.4,172.7,A,Primary,Headline,27.224490,D,P,274181.000000
Tue Aug 05 06:46:00 2025,05-Aug-2025,094610,47 49.312000 N,064 1.075300 W,3.4,172.8,A,Primary,Headline,27.224490,D,P,274181.000000
Tue Aug 05 06:46:00 2025,05-Aug-2025,094611,47 49.311100 N,064 1.075300 W,3.3,173.0,A,Primary,Headline,27.224490,D,P,274181.000000
Tue Aug 05 06:46:00 2025,05-Aug-2025,094612,47 49.310200 N,064 1.075400 W,3.3,173.1,A,Primary,Headline,27.224490,D,P,274181.000000
Tue Aug 05 06:46:00 2025,05-Aug-2025,094613,47 49.309400 N,064 1.075300 W,3.2,173.1,A,Primary,Headline,27.224490,D,P,274181.000000
Tue Aug 05 06:46:00 2025,05-Aug-2025,094614,47 49.308600 N,064 1.075300 W,3.2,173.3,A,Primary,Headline,27.224490,D,P,274181.000000
Tue Aug 05 06:46:06 2025,05-Aug-2025,094615,47 49.307700 N,064 1.075300 W,3.3,173.4,A,Primary,Headline,50.979592,D,S,104694.000000
Tue Aug 05 06:46:06 2025,05-Aug-2025,094616,47 49.306700 N,064 1.075100 W,3.3,173.5,A,Depth,Depth,61.388889,D,S,100599.000000
Tue Aug 05 06:46:06 2025,05-Aug-2025,094617,47 49.305800 N,064 1.075000 W,3.2,173.4,A,Depth,Depth,61.388889,D,S,100599.000000
Tue Aug 05 06:46:06 2025,05-Aug-2025,094618,47 49.305000 N,064 1.074900 W,3.1,173.4,A,Depth,Depth,61.388889,D,S,100599.000000
Tue Aug 05 06:46:06 2025,05-Aug-2025,094619,47 49.304200 N,064 1.074800 W,3.1,173.6,A,Depth,Depth,61.388889,D,S,100599.000000
Tue Aug 05 06:46:06 2025,05-Aug-2025,094620,47 49.303300 N,064 1.074700 W,3.2,173.7,A,Depth,Depth,61.388889,D,S,100599.000000
Tue Aug 05 06:46:11 2025,05-Aug-2025,094621,47 49.302500 N,064 1.074600 W,3.1,173.8,A,Primary,Headline,11.408163,D,S,155828.000000
Tue Aug 05 06:46:11 2025,05-Aug-2025,094622,47 49.301700 N,064 1.074500 W,3.1,173.9,A,Primary,Headline,11.408163,D,S,155828.000000
Tue Aug 05 06:46:13 2025,05-Aug-2025,094623,47 49.300900 N,064 1.074300 W,3.1,173.9,A,Depth,Depth,63.425926,D,S,119717.000000
Tue Aug 05 06:46:13 2025,05-Aug-2025,094624,47 49.300000 N,064 1.074200 W,3.1,173.9,A,Depth,Depth,63.425926,D,S,119717.000000
Tue Aug 05 06:46:13 2025,05-Aug-2025,094625,47 49.299100 N,064 1.074000 W,3.1,173.9,A,Depth,Depth,63.425926,D,S,119717.000000
Tue Aug 05 06:46:17 2025,05-Aug-2025,094626,47 49.298300 N,064 1.073800 W,3.1,173.9,A,Primary,Headline,44.877551,D,S,143244.000000
Tue Aug 05 06:46:17 2025,05-Aug-2025,094627,47 49.297500 N,064 1.073600 W,3.1,174.1,A,Primary,Headline,44.877551,D,S,143244.000000
Tue Aug 05 06:46:17 2025,05-Aug-2025,094628,47 49.296600 N,064 1.073500 W,3.0,174.2,A,Primary,Headline,44.877551,D,S,143244.000000
Tue Aug 05 06:46:17 2025,05-Aug-2025,094629,47 49.295800 N,064 1.073300 W,3.0,174.2,A,Primary,Headline,44.877551,D,S,143244.000000
Tue Aug 05 06:46:20 2025,05-Aug-2025,094630,47 49.294900 N,064 1.073200 W,3.0,174.3,A,Depth,Depth,65.185185,D,S,174455.000000
Tue Aug 05 06:46:20 2025,05-Aug-2025,094631,47 49.294000 N,064 1.073100 W,3.0,174.4,A,Depth,Depth,65.185185,D,S,174455.000000
Tue Aug 05 06:46:22 2025,05-Aug-2025,094632,47 49.293100 N,064 1.073100 W,3.0,174.7,A,Primary,Headline,55.551020,D,P,83724.000000
Tue Aug 05 06:46:22 2025,05-Aug-2025,094633,47 49.292100 N,064 1.073200 W,3.0,174.8,A,Primary,Headline,55.551020,D,P,83724.000000
Tue Aug 05 06:46:22 2025,05-Aug-2025,094634,47 49.291200 N,064 1.073100 W,2.9,174.9,A,Primary,Headline,55.551020,D,P,83724.000000
Tue Aug 05 06:46:22 2025,05-Aug-2025,094635,47 49.290300 N,064 1.073000 W,2.9,174.9,A,Primary,Headline,55.551020,D,P,83724.000000
Tue Aug 05 06:46:22 2025,05-Aug-2025,094636,47 49.289500 N,064 1.072800 W,2.8,175.0,A,Primary,Headline,55.551020,D,P,83724.000000
Tue Aug 05 06:46:28 2025,05-Aug-2025,094637,47 49.288700 N,064 1.072600 W,2.8,175.1,A,Depth,Depth,67.777778,D,S,154055.000000
Tue Aug 05 06:46:28 2025,05-Aug-2025,094638,47 49.287900 N,064 1.072500 W,2.8,175.2,A,Primary,Headline,54.346939,D,P,167700.000000
Tue Aug 05 06:46:28 2025,05-Aug-2025,094639,47 49.287100 N,064 1.072400 W,2.7,175.3,A,Primary,Headline,54.346939,D,P,167700.000000
Tue Aug 05 06:46:28 2025,05-Aug-2025,094640,47 49.286400 N,064 1.072300 W,2.7,175.4,A,Primary,Headline,54.346939,D,P,167700.000000
Tue Aug 05 06:46:28 2025,05-Aug-2025,094641,47 49.285700 N,064 1.072200 W,2.7,175.5,A,Primary,Headline,54.346939,D,P,167700.000000
Tue Aug 05 06:46:28 2025,05-Aug-2025,094642,47 49.285000 N,064 1.072000 W,2.6,175.6,A,Primary,Headline,54.346939,D,P,167700.000000
Tue Aug 05 06:46:34 2025,05-Aug-2025,094643,47 49.284200 N,064 1.071800 W,2.6,175.9,A,Primary,Headline,29.224490,D,S,144702.000000
Tue Aug 05 06:46:35 2025,05-Aug-2025,094644,47 49.283500 N,064 1.071500 W,2.6,176.0,A,Depth,Depth,68.333333,D,P,124851.000000
Tue Aug 05 06:46:35 2025,05-Aug-2025,094645,47 49.282700 N,064 1.071200 W,2.6,176.1,A,Depth,Depth,68.518519,D,S,216949.000000
Tue Aug 05 06:46:35 2025,05-Aug-2025,094646,47 49.281900 N,064 1.071000 W,2.6,176.3,A,Depth,Depth,68.518519,D,S,216949.000000
Tue Aug 05 06:46:35 2025,05-Aug-2025,094647,47 49.281100 N,064 1.070900 W,2.6,176.4,A,Depth,Depth,68.518519,D,S,216949.000000
Tue Aug 05 06:46:35 2025,05-Aug-2025,094648,47 49.280400 N,064 1.070700 W,2.6,176.6,A,Depth,Depth,68.518519,D,S,216949.000000
Tue Aug 05 06:46:39 2025,05-Aug-2025,094649,47 49.279700 N,064 1.070700 W,2.6,176.7,A,Primary,Headline,18.163265,D,P,255505.000000
Tue Aug 05 06:46:39 2025,05-Aug-2025,094650,47 49.279000 N,064 1.070600 W,2.5,176.8,A,Primary,Headline,18.163265,D,P,255505.000000
Tue Aug 05 06:46:39 2025,05-Aug-2025,094651,47 49.278400 N,064 1.070400 W,2.6,176.8,A,Primary,Headline,18.163265,D,P,255505.000000
Tue Aug 05 06:46:42 2025,05-Aug-2025,094652,47 49.277800 N,064 1.070300 W,2.5,176.9,A,Depth,Depth,70.740741,D,S,182999.000000
Tue Aug 05 06:46:42 2025,05-Aug-2025,094653,47 49.277200 N,064 1.070200 W,2.5,176.9,A,Depth,Depth,70.740741,D,S,182999.000000
Tue Aug 05 06:46:44 2025,05-Aug-2025,094654,47 49.276500 N,064 1.070200 W,2.6,177.0,A,Primary,Headline,17.877551,D,P,227929.000000
Tue Aug 05 06:46:44 2025,05-Aug-2025,094655,47 49.276000 N,064 1.070100 W,2.4,177.1,A,Primary,Headline,17.877551,D,P,227929.000000
Tue Aug 05 06:46:44 2025,05-Aug-2025,094656,47 49.275400 N,064 1.070100 W,2.4,177.1,A,Primary,Headline,17.877551,D,P,227929.000000
Tue Aug 05 06:46:44 2025,05-Aug-2025,094657,47 49.274700 N,064 1.070100 W,2.4,177.1,A,Primary,Headline,17.877551,D,P,227929.000000
Tue Aug 05 06:46:44 2025,05-Aug-2025,094658,47 49.274100 N,064 1.070300 W,2.4,177.4,A,Primary,Headline,17.877551,D,P,227929.000000
Tue Aug 05 06:46:49 2025,05-Aug-2025,094659,47 49.273400 N,064 1.070300 W,2.4,177.7,A,Depth,Depth,72.962963,D,P,124468.000000
Tue Aug 05 06:46:50 2025,05-Aug-2025,094700,47 49.272700 N,064 1.070300 W,2.4,177.9,A,Primary,Headline,36.755102,D,P,144354.000000
Tue Aug 05 06:46:50 2025,05-Aug-2025,094701,47 49.272000 N,064 1.070400 W,2.4,177.9,A,Primary,Headline,36.755102,D,P,144354.000000
Tue Aug 05 06:46:50 2025,05-Aug-2025,094702,47 49.271300 N,064 1.070500 W,2.4,178.1,A,Primary,Headline,36.755102,D,P,144354.000000
Tue Aug 05 06:46:50 2025,05-Aug-2025,094703,47 49.270600 N,064 1.070600 W,2.4,178.2,A,Primary,Headline,36.755102,D,P,144354.000000
Tue Aug 05 06:46:50 2025,05-Aug-2025,094704,47 49.269900 N,064 1.070500 W,2.4,178.3,A,Primary,Headline,36.755102,D,P,144354.000000
Tue Aug 05 06:46:55 2025,05-Aug-2025,094705,47 49.269200 N,064 1.070600 W,2.4,178.5,A,Primary,Headline,13.469388,D,P,126259.000000
Tue Aug 05 06:46:57 2025,05-Aug-2025,094706,47 49.268600 N,064 1.070600 W,2.4,178.7,A,Depth,Depth,74.722222,D,S,203478.000000
Tue Aug 05 06:46:57 2025,05-Aug-2025,094707,47 49.268000 N,064 1.070600 W,2.4,178.9,A,Depth,Depth,74.722222,D,S,203478.000000
Tue Aug 05 06:46:57 2025,05-Aug-2025,094708,47 49.267200 N,064 1.070500 W,2.4,178.8,A,Depth,Depth,74.722222,D,S,203478.000000
Tue Aug 05 06:46:57 2025,05-Aug-2025,094709,47 49.266500 N,064 1.070400 W,2.4,178.5,A,Depth,Depth,74.722222,D,S,203478.000000
Tue Aug 05 06:46:57 2025,05-Aug-2025,094710,47 49.265800 N,064 1.070400 W,2.4,178.4,A,Depth,Depth,74.722222,D,S,203478.000000
Tue Aug 05 06:47:01 2025,05-Aug-2025,094711,47 49.265200 N,064 1.070400 W,2.3,178.6,A,Secondary,Headline,17.469388,D,S,79461.000000
Tue Aug 05 06:47:01 2025,05-Aug-2025,094712,47 49.264500 N,064 1.070400 W,2.4,178.7,A,Secondary,Headline,17.469388,D,S,79461.000000
Tue Aug 05 06:47:01 2025,05-Aug-2025,094713,47 49.263800 N,064 1.070500 W,2.3,179.0,A,Secondary,Headline,17.469388,D,S,79461.000000
Tue Aug 05 06:47:04 2025,05-Aug-2025,094714,47 49.263200 N,064 1.070600 W,2.3,179.1,A,Depth,Depth,77.314815,D,S,302285.000000
Tue Aug 05 06:47:04 2025,05-Aug-2025,094715,47 49.262600 N,064 1.070600 W,2.3,178.9,A,Depth,Depth,77.314815,D,S,302285.000000
Tue Aug 05 06:47:06 2025,05-Aug-2025,094716,47 49.261900 N,064 1.070600 W,2.3,178.8,A,Secondary,Headline,0.000000,E,S,83894.000000
Tue Aug 05 06:47:06 2025,05-Aug-2025,094717,47 49.261300 N,064 1.070700 W,2.2,178.9,A,Secondary,Headline,0.000000,E,S,83894.000000
Tue Aug 05 06:47:06 2025,05-Aug-2025,094718,47 49.260800 N,064 1.070800 W,2.2,179.2,A,Secondary,Headline,0.000000,E,S,83894.000000
Tue Aug 05 06:47:06 2025,05-Aug-2025,094719,47 49.260200 N,064 1.070900 W,2.2,179.4,A,Secondary,Headline,0.000000,E,S,83894.000000
Tue Aug 05 06:47:11 2025,05-Aug-2025,094720,47 49.259500 N,064 1.071000 W,2.2,179.5,A,Primary,Headline,8.571429,D,P,130142.000000
Tue Aug 05 06:47:11 2025,05-Aug-2025,094721,47 49.258800 N,064 1.071100 W,2.2,179.6,A,Depth,Depth,79.166667,D,P,89340.000000
Tue Aug 05 06:47:11 2025,05-Aug-2025,094722,47 49.258200 N,064 1.071200 W,2.2,179.7,A,Depth,Depth,79.166667,D,P,89340.000000
Tue Aug 05 06:47:11 2025,05-Aug-2025,094723,47 49.257600 N,064 1.071200 W,2.2,179.8,A,Depth,Depth,79.166667,D,P,89340.000000
Tue Aug 05 06:47:11 2025,05-Aug-2025,094724,47 49.257000 N,064 1.071300 W,2.2,179.8,A,Depth,Depth,79.166667,D,P,89340.000000
Tue Aug 05 06:47:16 2025,05-Aug-2025,094725,47 49.256400 N,064 1.071500 W,2.2,179.9,A,Primary,Headline,6.836735,D,P,186826.000000
Tue Aug 05 06:47:16 2025,05-Aug-2025,094726,47 49.255800 N,064 1.071700 W,2.1,180.1,A,Primary,Headline,0.306122,D,S,9628.000000
Tue Aug 05 06:47:16 2025,05-Aug-2025,094727,47 49.255300 N,064 1.072000 W,2.1,180.3,A,Primary,Headline,0.306122,D,S,9628.000000
Tue Aug 05 06:47:18 2025,05-Aug-2025,094728,47 49.254700 N,064 1.072200 W,2.1,180.4,A,Depth,Depth,79.444444,D,S,138056.000000
Tue Aug 05 06:47:18 2025,05-Aug-2025,094729,47 49.254200 N,064 1.072300 W,2.1,180.5,A,Depth,Depth,79.444444,D,S,138056.000000
Tue Aug 05 06:47:18 2025,05-Aug-2025,094730,47 49.253700 N,064 1.072600 W,2.1,180.6,A,Depth,Depth,79.444444,D,S,138056.000000
Tue Aug 05 06:47:21 2025,05-Aug-2025,094731,47 49.253200 N,064 1.072800 W,2.0,180.8,A,Secondary,Headline,0.000000,E,S,13732.000000
Tue Aug 05 06:47:21 2025,05-Aug-2025,094732,47 49.252700 N,064 1.073000 W,2.1,180.9,A,Secondary,Headline,0.000000,E,S,13732.000000
Tue Aug 05 06:47:21 2025,05-Aug-2025,094733,47 49.252100 N,064 1.073100 W,2.0,181.1,A,Secondary,Headline,0.000000,E,S,13732.000000
Tue Aug 05 06:47:21 2025,05-Aug-2025,094734,47 49.251600 N,064 1.073200 W,2.1,181.2,A,Secondary,Headline,0.000000,E,S,13732.000000
Tue Aug 05 06:47:26 2025,05-Aug-2025,094735,47 49.251000 N,064 1.073200 W,2.1,181.2,A,DoorSpread,DoorMaster,5.340000,D,P,137003.000000
Tue Aug 05 06:47:26 2025,05-Aug-2025,094736,47 49.250400 N,064 1.073200 W,2.1,181.2,A,Secondary,Headline,0.000000,E,S,195346.000000
Tue Aug 05 06:47:26 2025,05-Aug-2025,094737,47 49.249800 N,064 1.073400 W,2.1,181.4,A,Secondary,Headline,0.000000,E,S,195346.000000
Tue Aug 05 06:47:26 2025,05-Aug-2025,094738,47 49.249300 N,064 1.073400 W,2.1,181.5,A,Secondary,Headline,0.000000,E,S,195346.000000
Tue Aug 05 06:47:26 2025,05-Aug-2025,094739,47 49.248900 N,064 1.073500 W,2.1,181.7,A,Secondary,Headline,0.000000,E,S,195346.000000
Tue Aug 05 06:47:26 2025,05-Aug-2025,094740,47 49.248400 N,064 1.073500 W,2.0,181.9,A,Secondary,Headline,0.000000,E,S,195346.000000
Tue Aug 05 06:47:31 2025,05-Aug-2025,094741,47 49.247900 N,064 1.073500 W,2.1,181.9,A,DoorSpread,DoorMaster,10.690000,D,P,5829.000000
Tue Aug 05 06:47:31 2025,05-Aug-2025,094742,47 49.247300 N,064 1.073400 W,2.0,181.9,A,DoorSpread,DoorMaster,10.690000,D,P,5829.000000
Tue Aug 05 06:47:33 2025,05-Aug-2025,094743,47 49.246700 N,064 1.073300 W,2.0,182.1,A,Depth,Depth,78.148148,D,P,40631.000000
Tue Aug 05 06:47:33 2025,05-Aug-2025,094744,47 49.246200 N,064 1.073200 W,2.0,182.1,A,Depth,Depth,78.148148,D,P,40631.000000
Tue Aug 05 06:47:33 2025,05-Aug-2025,094745,47 49.245700 N,064 1.073100 W,2.0,182.2,A,Depth,Depth,78.148148,D,P,40631.000000
Tue Aug 05 06:47:37 2025,05-Aug-2025,094746,47 49.245200 N,064 1.073000 W,2.0,182.1,A,DoorSpread,DoorMaster,5.515000,D,S,58048.000000
Tue Aug 05 06:47:37 2025,05-Aug-2025,094747,47 49.244700 N,064 1.072800 W,2.0,182.1,A,DoorSpread,DoorMaster,5.515000,D,S,58048.000000
Tue Aug 05 06:47:37 2025,05-Aug-2025,094748,47 49.244300 N,064 1.072800 W,2.0,182.3,A,DoorSpread,DoorMaster,5.515000,D,S,58048.000000
Tue Aug 05 06:47:37 2025,05-Aug-2025,094749,47 49.243700 N,064 1.072700 W,2.0,182.6,A,DoorSpread,DoorMaster,5.515000,D,S,58048.000000
Tue Aug 05 06:47:40 2025,05-Aug-2025,094750,47 49.243100 N,064 1.072600 W,2.0,182.9,A,Depth,Depth,87.222222,D,S,105314.000000
Tue Aug 05 06:47:41 2025,05-Aug-2025,094751,47 49.242500 N,064 1.072500 W,2.0,182.9,A,Primary,Headline,2.244898,D,P,121043.000000
Tue Aug 05 06:47:42 2025,05-Aug-2025,094752,47 49.241900 N,064 1.072400 W,2.0,182.9,A,DoorSpread,DoorMaster,6.075000,D,P,84588.000000
Tue Aug 05 06:47:42 2025,05-Aug-2025,094753,47 49.241300 N,064 1.072500 W,2.0,182.8,A,DoorSpread,DoorMaster,6.075000,D,P,84588.000000
Tue Aug 05 06:47:42 2025,05-Aug-2025,094754,47 49.240800 N,064 1.072600 W,2.0,182.8,A,DoorSpread,DoorMaster,6.075000,D,P,84588.000000
Tue Aug 05 06:47:42 2025,05-Aug-2025,094755,47 49.240300 N,064 1.072700 W,2.0,182.8,A,DoorSpread,DoorMaster,6.075000,D,P,84588.000000
Tue Aug 05 06:47:46 2025,05-Aug-2025,094756,47 49.239900 N,064 1.072800 W,2.0,182.9,A,Primary,Headline,2.244898,D,P,146601.000000
Tue Aug 05 06:47:48 2025,05-Aug-2025,094757,47 49.239300 N,064 1.072800 W,2.1,182.8,A,Depth,Depth,126.944444,D,S,18524.000000
Tue Aug 05 06:47:48 2025,05-Aug-2025,094758,47 49.238600 N,064 1.072800 W,2.1,182.7,A,Depth,Depth,126.944444,D,S,18524.000000
Tue Aug 05 06:47:48 2025,05-Aug-2025,094759,47 49.237900 N,064 1.072800 W,2.1,182.5,A,Depth,Depth,126.944444,D,S,18524.000000
Tue Aug 05 06:47:48 2025,05-Aug-2025,094800,47 49.237200 N,064 1.072800 W,2.1,182.3,A,Depth,Depth,126.944444,D,S,18524.000000
Tue Aug 05 06:47:51 2025,05-Aug-2025,094801,47 49.236500 N,064 1.073000 W,2.2,182.3,A,Primary,Headline,2.040816,D,P,145682.000000
Tue Aug 05 06:47:51 2025,05-Aug-2025,094802,47 49.235900 N,064 1.073200 W,2.2,182.4,A,Primary,Headline,2.040816,D,P,145682.000000
Tue Aug 05 06:47:53 2025,05-Aug-2025,094803,47 49.235200 N,064 1.073300 W,2.2,182.4,A,DoorSpread,DoorMaster,6.765000,D,P,148348.000000
Tue Aug 05 06:47:53 2025,05-Aug-2025,094804,47 49.234600 N,064 1.073300 W,2.2,182.4,A,DoorSpread,DoorMaster,6.765000,D,P,148348.000000
Tue Aug 05 06:47:55 2025,05-Aug-2025,094805,47 49.234000 N,064 1.073400 W,2.2,182.6,A,Depth,Depth,84.351852,D,P,91474.000000
Tue Aug 05 06:47:56 2025,05-Aug-2025,094806,47 49.233300 N,064 1.073400 W,2.2,182.9,A,Primary,Headline,1.795918,D,S,205845.000000
Tue Aug 05 06:47:56 2025,05-Aug-2025,094807,47 49.232600 N,064 1.073400 W,2.3,183.0,A,Primary,Headline,1.795918,D,S,205845.000000
Tue Aug 05 06:47:56 2025,05-Aug-2025,094808,47 49.231800 N,064 1.073300 W,2.3,182.9,A,Primary,Headline,1.795918,D,S,205845.000000
Tue Aug 05 06:47:59 2025,05-Aug-2025,094809,47 49.231100 N,064 1.073300 W,2.4,182.7,A,DoorSpread,DoorMaster,7.175000,D,P,204406.000000
Tue Aug 05 06:47:59 2025,05-Aug-2025,094810,47 49.230400 N,064 1.073400 W,2.4,182.7,A,DoorSpread,DoorMaster,7.175000,D,P,204406.000000
Tue Aug 05 06:48:01 2025,05-Aug-2025,094811,47 49.229600 N,064 1.073300 W,2.4,182.6,A,Primary,Headline,1.693878,D,P,132491.000000
Tue Aug 05 06:48:02 2025,05-Aug-2025,094812,47 49.228900 N,064 1.073300 W,2.4,182.4,A,Depth,Depth,87.962963,D,S,240349.000000
Tue Aug 05 06:48:02 2025,05-Aug-2025,094813,47 49.228200 N,064 1.073200 W,2.5,182.0,A,Depth,Depth,87.962963,D,S,240349.000000
Tue Aug 05 06:48:04 2025,05-Aug-2025,094814,47 49.227500 N,064 1.073200 W,2.5,181.5,A,DoorSpread,DoorMaster,7.295000,D,P,196325.000000
Tue Aug 05 06:48:04 2025,05-Aug-2025,094815,47 49.226800 N,064 1.073100 W,2.5,181.1,A,DoorSpread,DoorMaster,7.295000,D,P,196325.000000
Tue Aug 05 06:48:06 2025,05-Aug-2025,094816,47 49.226100 N,064 1.073100 W,2.5,180.9,A,Primary,Headline,1.591837,D,P,148408.000000
Tue Aug 05 06:48:06 2025,05-Aug-2025,094817,47 49.225400 N,064 1.073100 W,2.5,180.7,A,Primary,Headline,1.591837,D,P,148408.000000
Tue Aug 05 06:48:06 2025,05-Aug-2025,094818,47 49.224700 N,064 1.073000 W,2.5,180.7,A,Primary,Headline,1.591837,D,P,148408.000000
Tue Aug 05 06:48:10 2025,05-Aug-2025,094819,47 49.224100 N,064 1.073100 W,2.4,180.8,A,Depth,Depth,87.962963,D,P,180521.000000
Tue Aug 05 06:48:10 2025,05-Aug-2025,094820,47 49.223500 N,064 1.073100 W,2.4,180.9,A,DoorSpread,DoorMaster,7.630000,D,P,277647.000000
Tue Aug 05 06:48:11 2025,05-Aug-2025,094821,47 49.222900 N,064 1.073000 W,2.4,181.2,A,Primary,Headline,1.448980,D,S,335817.000000
Tue Aug 05 06:48:11 2025,05-Aug-2025,094822,47 49.222400 N,064 1.073000 W,2.4,181.5,A,Primary,Headline,1.448980,D,S,335817.000000
Tue Aug 05 06:48:11 2025,05-Aug-2025,094823,47 49.221900 N,064 1.073100 W,2.3,181.7,A,Primary,Headline,1.448980,D,S,335817.000000
Tue Aug 05 06:48:11 2025,05-Aug-2025,094824,47 49.221300 N,064 1.073000 W,2.4,181.8,A,Primary,Headline,1.448980,D,S,335817.000000
Tue Aug 05 06:48:11 2025,05-Aug-2025,094825,47 49.220800 N,064 1.073000 W,2.4,182.0,A,Primary,Headline,1.448980,D,S,335817.000000
Tue Aug 05 06:48:16 2025,05-Aug-2025,094826,47 49.220200 N,064 1.073000 W,2.3,182.1,A,Primary,Headline,1.387755,D,S,277870.000000
Tue Aug 05 06:48:17 2025,05-Aug-2025,094827,47 49.219600 N,064 1.072900 W,2.4,182.0,A,Depth,Depth,87.685185,D,P,242263.000000
Tue Aug 05 06:48:17 2025,05-Aug-2025,094828,47 49.219000 N,064 1.072800 W,2.4,181.8,A,Depth,Depth,87.685185,D,P,242263.000000
Tue Aug 05 06:48:17 2025,05-Aug-2025,094829,47 49.218400 N,064 1.072600 W,2.4,181.5,A,Depth,Depth,87.685185,D,P,242263.000000
Tue Aug 05 06:48:17 2025,05-Aug-2025,094830,47 49.217800 N,064 1.072600 W,2.3,181.5,A,Depth,Depth,87.685185,D,P,242263.000000
Tue Aug 05 06:48:21 2025,05-Aug-2025,094831,47 49.217100 N,064 1.072600 W,2.3,181.4,A,Primary,Headline,1.612245,D,P,82188.000000
Tue Aug 05 06:48:21 2025,05-Aug-2025,094832,47 49.216400 N,064 1.072600 W,2.3,181.4,A,Primary,Headline,1.612245,D,P,82188.000000
Tue Aug 05 06:48:21 2025,05-Aug-2025,094833,47 49.215700 N,064 1.072600 W,2.3,181.4,A,Primary,Headline,1.612245,D,P,82188.000000
Tue Aug 05 06:48:24 2025,05-Aug-2025,094834,47 49.215000 N,064 1.072600 W,2.3,181.4,A,Depth,Depth,87.685185,D,P,72261.000000
Tue Aug 05 06:48:24 2025,05-Aug-2025,094835,47 49.214300 N,064 1.072600 W,2.2,181.4,A,Depth,Depth,87.685185,D,P,72261.000000
Tue Aug 05 06:48:27 2025,05-Aug-2025,094836,47 49.213700 N,064 1.072500 W,2.2,181.5,A,DoorSpread,DoorMaster,7.955000,D,S,253585.000000
Tue Aug 05 06:48:27 2025,05-Aug-2025,094837,47 49.213100 N,064 1.072400 W,2.2,181.5,A,DoorSpread,DoorMaster,7.955000,D,S,253585.000000
Tue Aug 05 06:48:27 2025,05-Aug-2025,094838,47 49.212600 N,064 1.072400 W,2.2,181.6,A,DoorSpread,DoorMaster,7.955000,D,S,253585.000000
Tue Aug 05 06:48:27 2025,05-Aug-2025,094839,47 49.212000 N,064 1.072500 W,2.2,181.6,A,DoorSpread,DoorMaster,7.955000,D,S,253585.000000
Tue Aug 05 06:48:27 2025,05-Aug-2025,094840,47 49.211400 N,064 1.072500 W,2.2,181.7,A,DoorSpread,DoorMaster,7.955000,D,S,253585.000000
Tue Aug 05 06:48:32 2025,05-Aug-2025,094841,47 49.210800 N,064 1.072600 W,2.2,181.6,A,Depth,Depth,87.037037,D,S,203676.000000
Tue Aug 05 06:48:32 2025,05-Aug-2025,094842,47 49.210200 N,064 1.072700 W,2.1,181.6,A,DoorSpread,DoorMaster,7.995000,D,S,59464.000000
Tue Aug 05 06:48:32 2025,05-Aug-2025,094843,47 49.209500 N,064 1.072700 W,2.1,181.6,A,DoorSpread,DoorMaster,7.995000,D,S,59464.000000
Tue Aug 05 06:48:32 2025,05-Aug-2025,094844,47 49.208800 N,064 1.072800 W,2.1,181.6,A,DoorSpread,DoorMaster,7.995000,D,S,59464.000000
Tue Aug 05 06:48:32 2025,05-Aug-2025,094845,47 49.208100 N,064 1.072800 W,2.1,181.6,A,DoorSpread,DoorMaster,7.995000,D,S,59464.000000
Tue Aug 05 06:48:36 2025,05-Aug-2025,094846,47 49.207500 N,064 1.072800 W,2.1,181.7,A,Primary,Headline,1.632653,D,S,190054.000000
Tue Aug 05 06:48:36 2025,05-Aug-2025,094847,47 49.207000 N,064 1.072800 W,2.1,182.1,A,Primary,Headline,1.632653,D,S,190054.000000
Tue Aug 05 06:48:38 2025,05-Aug-2025,094848,47 49.206400 N,064 1.072900 W,2.0,182.4,A,DoorSpread,DoorMaster,8.340000,D,P,136395.000000
Tue Aug 05 06:48:39 2025,05-Aug-2025,094849,47 49.205900 N,064 1.072900 W,2.0,182.6,A,Depth,Depth,86.851852,D,S,234449.000000
Tue Aug 05 06:48:39 2025,05-Aug-2025,094850,47 49.205200 N,064 1.072900 W,2.0,182.5,A,Depth,Depth,86.851852,D,S,234449.000000
Tue Aug 05 06:48:39 2025,05-Aug-2025,094851,47 49.204700 N,064 1.072900 W,2.0,182.6,A,Depth,Depth,86.851852,D,S,234449.000000
Tue Aug 05 06:48:43 2025,05-Aug-2025,094852,47 49.204100 N,064 1.072900 W,2.0,182.5,A,Secondary,Headline,34.224490,D,P,76118.000000
Tue Aug 05 06:48:43 2025,05-Aug-2025,094853,47 49.203600 N,064 1.072900 W,2.0,182.4,A,Secondary,Headline,34.224490,D,P,76118.000000
Tue Aug 05 06:48:44 2025,05-Aug-2025,094854,47 49.203100 N,064 1.073000 W,2.0,182.5,A,DoorSpread,DoorMaster,8.845000,D,P,123250.000000
Tue Aug 05 06:48:44 2025,05-Aug-2025,094855,47 49.202500 N,064 1.073100 W,2.0,182.4,A,DoorSpread,DoorMaster,8.845000,D,P,123250.000000
Tue Aug 05 06:48:46 2025,05-Aug-2025,094856,47 49.202000 N,064 1.073200 W,2.0,182.4,A,Depth,Depth,87.129630,D,P,125991.000000
Tue Aug 05 06:48:46 2025,05-Aug-2025,094857,47 49.201300 N,064 1.073300 W,2.0,182.1,A,Depth,Depth,87.129630,D,P,125991.000000
Tue Aug 05 06:48:46 2025,05-Aug-2025,094858,47 49.200800 N,064 1.073200 W,2.0,181.8,A,Depth,Depth,87.129630,D,P,125991.000000
Tue Aug 05 06:48:50 2025,05-Aug-2025,094859,47 49.200100 N,064 1.073200 W,2.0,181.6,A,DoorSpread,DoorMaster,8.795000,D,S,174944.000000
Tue Aug 05 06:48:50 2025,05-Aug-2025,094900,47 49.199500 N,064 1.073200 W,2.0,181.5,A,DoorSpread,DoorMaster,8.795000,D,S,174944.000000
Tue Aug 05 06:48:51 2025,05-Aug-2025,094901,47 49.198900 N,064 1.073200 W,2.0,181.3,A,Primary,Headline,52.367347,D,S,216812.000000
Tue Aug 05 06:48:51 2025,05-Aug-2025,094902,47 49.198400 N,064 1.073200 W,2.0,181.1,A,Primary,Headline,52.367347,D,S,216812.000000
Tue Aug 05 06:48:54 2025,05-Aug-2025,094903,47 49.198000 N,064 1.073300 W,2.0,181.1,A,Depth,Depth,86.851852,D,P,94574.000000
Tue Aug 05 06:48:54 2025,05-Aug-2025,094904,47 49.197400 N,064 1.073400 W,2.0,181.0,A,Depth,Depth,86.851852,D,P,94574.000000
Tue Aug 05 06:48:55 2025,05-Aug-2025,094905,47 49.196800 N,064 1.073200 W,2.0,180.6,A,DoorSpread,DoorMaster,9.905000,D,P,56335.000000
Tue Aug 05 06:48:57 2025,05-Aug-2025,094906,47 49.196200 N,064 1.073100 W,2.0,180.1,A,Primary,Headline,1.387755,D,S,218681.000000
Tue Aug 05 06:48:57 2025,05-Aug-2025,094907,47 49.195500 N,064 1.072900 W,2.0,179.5,A,Primary,Headline,1.387755,D,S,218681.000000
Tue Aug 05 06:48:57 2025,05-Aug-2025,094908,47 49.194900 N,064 1.072900 W,2.1,179.0,A,Primary,Headline,1.387755,D,S,218681.000000
Tue Aug 05 06:48:57 2025,05-Aug-2025,094909,47 49.194200 N,064 1.072900 W,2.1,178.9,A,Primary,Headline,1.387755,D,S,218681.000000
Tue Aug 05 06:48:57 2025,05-Aug-2025,094910,47 49.193600 N,064 1.072900 W,2.1,178.8,A,Primary,Headline,1.387755,D,S,218681.000000
Tue Aug 05 06:49:01 2025,05-Aug-2025,094911,47 49.193000 N,064 1.073000 W,2.1,178.8,A,Primary,Headline,1.408163,D,P,171756.000000
Tue Aug 05 06:49:01 2025,05-Aug-2025,094912,47 49.192300 N,064 1.073200 W,2.1,179.2,A,Primary,Headline,1.408163,D,P,171756.000000
Tue Aug 05 06:49:01 2025,05-Aug-2025,094913,47 49.191600 N,064 1.073300 W,2.1,179.3,A,Primary,Headline,1.408163,D,P,171756.000000
Tue Aug 05 06:49:01 2025,05-Aug-2025,094914,47 49.190900 N,064 1.073400 W,2.1,179.4,A,Primary,Headline,1.408163,D,P,171756.000000
Tue Aug 05 06:49:01 2025,05-Aug-2025,094915,47 49.190200 N,064 1.073500 W,2.1,179.5,A,Primary,Headline,1.408163,D,P,171756.000000
Tue Aug 05 06:49:07 2025,05-Aug-2025,094916,47 49.189600 N,064 1.073600 W,2.1,179.3,A,Primary,Headline,1.612245,D,S,167291.000000
Tue Aug 05 06:49:07 2025,05-Aug-2025,094917,47 49.188900 N,064 1.073800 W,2.1,179.1,A,DoorSpread,DoorMaster,9.975000,D,P,71068.000000
Tue Aug 05 06:49:08 2025,05-Aug-2025,094918,47 49.188300 N,064 1.073900 W,2.1,179.2,A,Depth,Depth,87.222222,D,S,167397.000000
Tue Aug 05 06:49:08 2025,05-Aug-2025,094919,47 49.187700 N,064 1.074100 W,2.1,179.6,A,Depth,Depth,87.222222,D,S,167397.000000
Tue Aug 05 06:49:08 2025,05-Aug-2025,094920,47 49.187100 N,064 1.074200 W,2.1,179.9,A,Depth,Depth,87.222222,D,S,167397.000000
Tue Aug 05 06:49:12 2025,05-Aug-2025,094921,47 49.186500 N,064 1.074200 W,2.1,180.1,A,Primary,Headline,2.367347,D,P,77051.000000
Tue Aug 05 06:49:12 2025,05-Aug-2025,094922,47 49.185900 N,064 1.074200 W,2.1,180.1,A,Primary,Headline,2.367347,D,P,77051.000000
Tue Aug 05 06:49:13 2025,05-Aug-2025,094923,47 49.185400 N,064 1.074200 W,2.1,180.0,A,DoorSpread,DoorMaster,10.540000,D,S,103606.000000
Tue Aug 05 06:49:13 2025,05-Aug-2025,094924,47 49.184700 N,064 1.074200 W,2.1,179.9,A,DoorSpread,DoorMaster,10.540000,D,S,103606.000000
Tue Aug 05 06:49:16 2025,05-Aug-2025,094925,47 49.184100 N,064 1.074200 W,2.1,179.8,A,Depth,Depth,86.481481,D,S,146017.000000
Tue Aug 05 06:49:16 2025,05-Aug-2025,094926,47 49.183600 N,064 1.074300 W,2.1,179.9,A,Primary,Headline,0.530612,D,P,109665.000000
Tue Aug 05 06:49:16 2025,05-Aug-2025,094927,47 49.183000 N,064 1.074400 W,2.1,180.1,A,Primary,Headline,0.530612,D,P,109665.000000
Tue Aug 05 06:49:19 2025,05-Aug-2025,094928,47 49.182500 N,064 1.074500 W,2.1,180.2,A,DoorSpread,DoorMaster,10.205000,D,S,154041.000000
Tue Aug 05 06:49:19 2025,05-Aug-2025,094929,47 49.181900 N,064 1.074600 W,2.1,180.5,A,DoorSpread,DoorMaster,10.205000,D,S,154041.000000
Tue Aug 05 06:49:19 2025,05-Aug-2025,094930,47 49.181200 N,064 1.074800 W,2.1,180.7,A,DoorSpread,DoorMaster,10.205000,D,S,154041.000000
Tue Aug 05 06:49:22 2025,05-Aug-2025,094931,47 49.180600 N,064 1.074900 W,2.1,180.9,A,Primary,Headline,1.285714,D,P,107697.000000
Tue Aug 05 06:49:22 2025,05-Aug-2025,094932,47 49.180000 N,064 1.075000 W,2.1,181.1,A,Primary,Headline,1.285714,D,P,107697.000000
Tue Aug 05 06:49:23 2025,05-Aug-2025,094933,47 49.179400 N,064 1.075000 W,2.1,181.3,A,Depth,Depth,86.388889,D,P,72172.000000
Tue Aug 05 06:49:25 2025,05-Aug-2025,094934,47 49.178700 N,064 1.075100 W,2.1,181.4,A,DoorSpread,DoorMaster,10.200000,D,S,103558.000000
Tue Aug 05 06:49:25 2025,05-Aug-2025,094935,47 49.178100 N,064 1.075100 W,2.1,181.3,A,DoorSpread,DoorMaster,10.200000,D,S,103558.000000
Tue Aug 05 06:49:27 2025,05-Aug-2025,094936,47 49.177500 N,064 1.075000 W,2.1,180.7,A,Primary,Headline,1.408163,D,S,263269.000000
Tue Aug 05 06:49:27 2025,05-Aug-2025,094937,47 49.176900 N,064 1.074900 W,2.1,180.6,A,Primary,Headline,1.346939,D,P,80882.000000
Tue Aug 05 06:49:27 2025,05-Aug-2025,094938,47 49.176300 N,064 1.075000 W,2.1,180.4,A,Primary,Headline,1.346939,D,P,80882.000000
Tue Aug 05 06:49:27 2025,05-Aug-2025,094939,47 49.175700 N,064 1.075000 W,2.1,180.3,A,Primary,Headline,1.346939,D,P,80882.000000
Tue Aug 05 06:49:30 2025,05-Aug-2025,094940,47 49.175000 N,064 1.075200 W,2.2,180.9,A,DoorSpread,DoorMaster,9.830000,D,P,82881.000000
Tue Aug 05 06:49:32 2025,05-Aug-2025,094941,47 49.174500 N,064 1.075300 W,2.2,181.0,A,Primary,Headline,1.489796,D,P,141453.000000
Tue Aug 05 06:49:32 2025,05-Aug-2025,094942,47 49.174000 N,064 1.075200 W,2.2,181.0,A,Primary,Headline,1.489796,D,P,141453.000000
Tue Aug 05 06:49:32 2025,05-Aug-2025,094943,47 49.173400 N,064 1.075100 W,2.2,180.8,A,Primary,Headline,1.489796,D,P,141453.000000
Tue Aug 05 06:49:32 2025,05-Aug-2025,094944,47 49.172900 N,064 1.075100 W,2.1,180.6,A,Primary,Headline,1.489796,D,P,141453.000000
Tue Aug 05 06:49:32 2025,05-Aug-2025,094945,47 49.172400 N,064 1.075100 W,2.1,180.6,A,Primary,Headline,1.489796,D,P,141453.000000
Tue Aug 05 06:49:37 2025,05-Aug-2025,094946,47 49.171800 N,064 1.075100 W,2.1,180.8,A,Primary,Headline,1.367347,D,P,107776.000000
Tue Aug 05 06:49:38 2025,05-Aug-2025,094947,47 49.171300 N,064 1.075200 W,2.1,180.8,A,Depth,Depth,85.833333,D,P,88966.000000
Tue Aug 05 06:49:38 2025,05-Aug-2025,094948,47 49.170700 N,064 1.075300 W,2.1,181.0,A,Depth,Depth,85.833333,D,P,88966.000000
Tue Aug 05 06:49:38 2025,05-Aug-2025,094949,47 49.170100 N,064 1.075400 W,2.1,181.2,A,Depth,Depth,85.833333,D,P,88966.000000
Tue Aug 05 06:49:38 2025,05-Aug-2025,094950,47 49.169400 N,064 1.075500 W,2.1,181.5,A,Depth,Depth,85.833333,D,P,88966.000000
Tue Aug 05 06:49:42 2025,05-Aug-2025,094951,47 49.168800 N,064 1.075700 W,2.1,181.7,A,Primary,Headline,1.367347,D,S,233166.000000
Tue Aug 05 06:49:42 2025,05-Aug-2025,094952,47 49.168300 N,064 1.075700 W,2.2,181.9,A,DoorSpread,DoorMaster,9.255000,D,S,93174.000000
Tue Aug 05 06:49:42 2025,05-Aug-2025,094953,47 49.167700 N,064 1.075800 W,2.1,182.1,A,DoorSpread,DoorMaster,9.255000,D,S,93174.000000
Tue Aug 05 06:49:42 2025,05-Aug-2025,094954,47 49.167100 N,064 1.075800 W,2.1,182.2,A,DoorSpread,DoorMaster,9.255000,D,S,93174.000000
Tue Aug 05 06:49:45 2025,05-Aug-2025,094955,47 49.166500 N,064 1.075700 W,2.1,182.2,A,Depth,Depth,86.296296,D,P,106529.000000
Tue Aug 05 06:49:47 2025,05-Aug-2025,094956,47 49.165900 N,064 1.075700 W,2.1,182.3,A,Primary,Headline,1.448980,D,P,85038.000000
Tue Aug 05 06:49:48 2025,05-Aug-2025,094957,47 49.165400 N,064 1.075800 W,2.2,182.4,A,DoorSpread,DoorMaster,9.510000,D,P,64256.000000
Tue Aug 05 06:49:48 2025,05-Aug-2025,094958,47 49.164800 N,064 1.075800 W,2.2,182.5,A,DoorSpread,DoorMaster,9.495000,D,S,60674.000000
Tue Aug 05 06:49:48 2025,05-Aug-2025,094959,47 49.164300 N,064 1.076000 W,2.2,182.6,A,DoorSpread,DoorMaster,9.495000,D,S,60674.000000
Tue Aug 05 06:49:48 2025,05-Aug-2025,095000,47 49.163800 N,064 1.076000 W,2.1,182.7,A,DoorSpread,DoorMaster,9.495000,D,S,60674.000000
Tue Aug 05 06:49:52 2025,05-Aug-2025,095001,47 49.163300 N,064 1.076000 W,2.2,182.6,A,Primary,Headline,1.673469,D,S,179812.000000
Tue Aug 05 06:49:52 2025,05-Aug-2025,095002,47 49.162700 N,064 1.076000 W,2.2,182.5,A,Depth,Depth,86.111111,D,P,135734.000000
Tue Aug 05 06:49:54 2025,05-Aug-2025,095003,47 49.162100 N,064 1.076100 W,2.2,182.6,A,DoorSpread,DoorMaster,10.075000,D,S,58457.000000
Tue Aug 05 06:49:54 2025,05-Aug-2025,095004,47 49.161500 N,064 1.076200 W,2.2,182.7,A,DoorSpread,DoorMaster,10.075000,D,S,58457.000000
Tue Aug 05 06:49:54 2025,05-Aug-2025,095005,47 49.160900 N,064 1.076300 W,2.2,182.8,A,DoorSpread,DoorMaster,10.075000,D,S,58457.000000
Tue Aug 05 06:49:57 2025,05-Aug-2025,095006,47 49.160200 N,064 1.076300 W,2.1,182.7,A,Primary,Headline,1.142857,D,P,85223.000000
Tue Aug 05 06:49:57 2025,05-Aug-2025,095007,47 49.159500 N,064 1.076300 W,2.1,182.5,A,Primary,Headline,0.938776,D,S,144342.000000
Tue Aug 05 06:49:57 2025,05-Aug-2025,095008,47 49.158800 N,064 1.076200 W,2.1,182.2,A,Primary,Headline,0.938776,D,S,144342.000000
Tue Aug 05 06:49:59 2025,05-Aug-2025,095009,47 49.158100 N,064 1.076100 W,2.2,182.0,A,DoorSpread,DoorMaster,9.710000,D,P,67100.000000
Tue Aug 05 06:49:59 2025,05-Aug-2025,095010,47 49.157400 N,064 1.076100 W,2.2,181.8,A,DoorSpread,DoorMaster,9.710000,D,P,67100.000000
Tue Aug 05 06:49:59 2025,05-Aug-2025,095011,47 49.156700 N,064 1.076000 W,2.2,181.5,A,DoorSpread,DoorMaster,9.710000,D,P,67100.000000
Tue Aug 05 06:50:02 2025,05-Aug-2025,095012,47 49.156100 N,064 1.076000 W,2.2,181.2,A,Primary,Headline,1.510204,D,S,148734.000000
Tue Aug 05 06:50:02 2025,05-Aug-2025,095013,47 49.155300 N,064 1.076000 W,2.2,181.0,A,Primary,Headline,1.510204,D,S,148734.000000
Tue Aug 05 06:50:02 2025,05-Aug-2025,095014,47 49.154700 N,064 1.076100 W,2.2,180.6,A,Primary,Headline,1.510204,D,S,148734.000000
Tue Aug 05 06:50:05 2025,05-Aug-2025,095015,47 49.154200 N,064 1.076000 W,2.2,180.2,A,DoorSpread,DoorMaster,9.520000,D,S,108311.000000
Tue Aug 05 06:50:06 2025,05-Aug-2025,095016,47 49.153600 N,064 1.076100 W,2.2,179.9,A,Secondary,Headline,0.000000,E,S,16259.000000
Tue Aug 05 06:50:07 2025,05-Aug-2025,095017,47 49.153000 N,064 1.076200 W,2.1,179.9,A,Primary,Headline,1.510204,D,P,92153.000000
Tue Aug 05 06:50:07 2025,05-Aug-2025,095018,47 49.152500 N,064 1.076300 W,2.1,179.7,A,Primary,Headline,1.510204,D,P,92153.000000
Tue Aug 05 06:50:07 2025,05-Aug-2025,095019,47 49.151900 N,064 1.076300 W,2.2,179.5,A,Primary,Headline,1.510204,D,P,92153.000000
Tue Aug 05 06:50:07 2025,05-Aug-2025,095020,47 49.151400 N,064 1.076300 W,2.1,179.3,A,Primary,Headline,1.510204,D,P,92153.000000
Tue Aug 05 06:50:11 2025,05-Aug-2025,095021,47 49.150900 N,064 1.076300 W,2.1,179.3,A,DoorSpread,DoorMaster,9.235000,D,S,96670.000000
Tue Aug 05 06:50:12 2025,05-Aug-2025,095022,47 49.150400 N,064 1.076400 W,2.1,179.5,A,Primary,Headline,21.020408,D,S,267163.000000
Tue Aug 05 06:50:12 2025,05-Aug-2025,095023,47 49.149800 N,064 1.076400 W,2.1,179.8,A,Primary,Headline,21.020408,D,S,267163.000000
Tue Aug 05 06:50:12 2025,05-Aug-2025,095024,47 49.149200 N,064 1.076400 W,2.1,180.0,A,Primary,Headline,21.020408,D,S,267163.000000
Tue Aug 05 06:50:12 2025,05-Aug-2025,095025,47 49.148500 N,064 1.076300 W,2.1,180.2,A,Primary,Headline,21.020408,D,S,267163.000000
Tue Aug 05 06:50:17 2025,05-Aug-2025,095026,47 49.147800 N,064 1.076200 W,2.1,180.5,A,DoorSpread,DoorMaster,9.535000,D,P,97686.000000
Tue Aug 05 06:50:17 2025,05-Aug-2025,095027,47 49.147300 N,064 1.076200 W,2.1,180.7,A,Primary,Headline,1.408163,D,S,216718.000000
Tue Aug 05 06:50:17 2025,05-Aug-2025,095028,47 49.146700 N,064 1.076300 W,2.1,180.8,A,Primary,Headline,1.408163,D,S,216718.000000
Tue Aug 05 06:50:17 2025,05-Aug-2025,095029,47 49.146200 N,064 1.076300 W,2.1,181.2,A,Primary,Headline,1.408163,D,S,216718.000000
Tue Aug 05 06:50:17 2025,05-Aug-2025,095030,47 49.145600 N,064 1.076400 W,2.1,181.5,A,Primary,Headline,1.408163,D,S,216718.000000
Tue Aug 05 06:50:21 2025,05-Aug-2025,095031,47 49.145000 N,064 1.076400 W,2.1,181.7,A,Depth,Depth,85.740741,D,P,44254.000000
Tue Aug 05 06:50:23 2025,05-Aug-2025,095032,47 49.144400 N,064 1.076400 W,2.1,181.7,A,DoorSpread,DoorMaster,11.830000,D,S,34517.000000
Tue Aug 05 06:50:23 2025,05-Aug-2025,095033,47 49.143800 N,064 1.076400 W,2.1,181.7,A,DoorSpread,DoorMaster,11.830000,D,S,34517.000000
Tue Aug 05 06:50:23 2025,05-Aug-2025,095034,47 49.143200 N,064 1.076500 W,2.1,181.6,A,DoorSpread,DoorMaster,11.830000,D,S,34517.000000
Tue Aug 05 06:50:23 2025,05-Aug-2025,095035,47 49.142600 N,064 1.076500 W,2.2,181.4,A,DoorSpread,DoorMaster,11.830000,D,S,34517.000000
Tue Aug 05 06:50:23 2025,05-Aug-2025,095036,47 49.142000 N,064 1.076600 W,2.2,181.3,A,DoorSpread,DoorMaster,11.830000,D,S,34517.000000
Tue Aug 05 06:50:27 2025,05-Aug-2025,095037,47 49.141400 N,064 1.076800 W,2.2,181.4,A,Primary,Headline,18.346939,D,S,198930.000000
Tue Aug 05 06:50:29 2025,05-Aug-2025,095038,47 49.140800 N,064 1.076900 W,2.2,181.8,A,Depth,Depth,119.166667,D,S,21807.000000
Tue Aug 05 06:50:29 2025,05-Aug-2025,095039,47 49.140300 N,064 1.077100 W,2.2,181.9,A,Depth,Depth,119.166667,D,S,21807.000000
Tue Aug 05 06:50:29 2025,05-Aug-2025,095040,47 49.139700 N,064 1.077200 W,2.2,182.0,A,Depth,Depth,119.166667,D,S,21807.000000
Tue Aug 05 06:50:29 2025,05-Aug-2025,095041,47 49.139100 N,064 1.077300 W,2.2,182.1,A,Depth,Depth,119.166667,D,S,21807.000000
Tue Aug 05 06:50:32 2025,05-Aug-2025,095042,47 49.138500 N,064 1.077300 W,2.2,182.3,A,Primary,Headline,1.122449,D,P,119926.000000
Tue Aug 05 06:50:32 2025,05-Aug-2025,095043,47 49.137900 N,064 1.077300 W,2.2,182.4,A,Primary,Headline,1.122449,D,P,119926.000000
Tue Aug 05 06:50:35 2025,05-Aug-2025,095044,47 49.137300 N,064 1.077400 W,2.2,182.3,A,DoorSpread,DoorMaster,10.225000,D,P,88341.000000
Tue Aug 05 06:50:35 2025,05-Aug-2025,095045,47 49.136900 N,064 1.077400 W,2.2,182.3,A,DoorSpread,DoorMaster,10.225000,D,P,88341.000000
Tue Aug 05 06:50:36 2025,05-Aug-2025,095046,47 49.136300 N,064 1.077600 W,2.1,182.3,A,Depth,Depth,52.222222,D,S,123384.000000
Tue Aug 05 06:50:37 2025,05-Aug-2025,095047,47 49.135800 N,064 1.077700 W,2.1,182.0,A,Primary,Headline,0.979592,D,P,74031.000000
Tue Aug 05 06:50:37 2025,05-Aug-2025,095048,47 49.135300 N,064 1.077800 W,2.1,181.9,A,Primary,Headline,0.979592,D,P,74031.000000
Tue Aug 05 06:50:37 2025,05-Aug-2025,095049,47 49.134800 N,064 1.078000 W,2.1,182.0,A,Primary,Headline,0.979592,D,P,74031.000000
Tue Aug 05 06:50:40 2025,05-Aug-2025,095050,47 49.134200 N,064 1.078200 W,2.1,181.9,A,DoorSpread,DoorMaster,11.110000,D,S,67530.000000
Tue Aug 05 06:50:40 2025,05-Aug-2025,095051,47 49.133700 N,064 1.078200 W,2.1,181.8,A,DoorSpread,DoorMaster,11.110000,D,S,67530.000000
Tue Aug 05 06:50:42 2025,05-Aug-2025,095052,47 49.133200 N,064 1.078200 W,2.1,181.9,A,Primary,Headline,1.775510,D,S,88044.000000
Tue Aug 05 06:50:43 2025,05-Aug-2025,095053,47 49.132600 N,064 1.078200 W,2.1,182.0,A,Depth,Depth,85.740741,D,S,154991.000000
Tue Aug 05 06:50:43 2025,05-Aug-2025,095054,47 49.132100 N,064 1.078400 W,2.1,182.3,A,Depth,Depth,85.740741,D,S,154991.000000
Tue Aug 05 06:50:43 2025,05-Aug-2025,095055,47 49.131600 N,064 1.078600 W,2.1,182.6,A,Depth,Depth,85.740741,D,S,154991.000000
Tue Aug 05 06:50:46 2025,05-Aug-2025,095056,47 49.131000 N,064 1.078800 W,2.1,182.8,A,DoorSpread,DoorMaster,10.740000,D,P,90084.000000
Tue Aug 05 06:50:46 2025,05-Aug-2025,095057,47 49.130500 N,064 1.078900 W,2.1,182.9,A,DoorSpread,DoorMaster,10.740000,D,P,90084.000000
Tue Aug 05 06:50:48 2025,05-Aug-2025,095058,47 49.130000 N,064 1.079000 W,2.1,183.1,A,Primary,Headline,29.959184,D,S,186521.000000
Tue Aug 05 06:50:48 2025,05-Aug-2025,095059,47 49.129400 N,064 1.079200 W,2.2,183.3,A,Primary,Headline,29.959184,D,S,186521.000000
Tue Aug 05 06:50:51 2025,05-Aug-2025,095100,47 49.128900 N,064 1.079300 W,2.2,183.7,A,Depth,Depth,85.925926,D,P,91128.000000
Tue Aug 05 06:50:51 2025,05-Aug-2025,095101,47 49.128300 N,064 1.079400 W,2.2,184.0,A,Depth,Depth,85.925926,D,P,91128.000000
Tue Aug 05 06:50:52 2025,05-Aug-2025,095102,47 49.127600 N,064 1.079500 W,2.2,184.1,A,DoorSpread,DoorMaster,10.580000,D,S,65481.000000
Tue Aug 05 06:50:53 2025,05-Aug-2025,095103,47 49.127000 N,064 1.079500 W,2.2,184.0,A,Primary,Headline,1.428571,D,P,209843.000000
Tue Aug 05 06:50:53 2025,05-Aug-2025,095104,47 49.126400 N,064 1.079500 W,2.2,184.0,A,Primary,Headline,1.428571,D,P,209843.000000
Tue Aug 05 06:50:53 2025,05-Aug-2025,095105,47 49.125800 N,064 1.079600 W,2.1,184.0,A,Primary,Headline,1.428571,D,P,209843.000000
Tue Aug 05 06:50:53 2025,05-Aug-2025,095106,47 49.125200 N,064 1.079800 W,2.2,184.0,A,Primary,Headline,1.428571,D,P,209843.000000
Tue Aug 05 06:50:53 2025,05-Aug-2025,095107,47 49.124600 N,064 1.079900 W,2.2,184.1,A,Primary,Headline,1.428571,D,P,209843.000000
Tue Aug 05 06:50:58 2025,05-Aug-2025,095108,47 49.123900 N,064 1.080100 W,2.2,184.1,A,DoorSpread,DoorMaster,12.290000,D,P,34941.000000
Tue Aug 05 06:50:58 2025,05-Aug-2025,095109,47 49.123300 N,064 1.080200 W,2.2,184.2,A,DoorSpread,DoorMaster,12.290000,D,P,34941.000000
Tue Aug 05 06:50:58 2025,05-Aug-2025,095110,47 49.122600 N,064 1.080300 W,2.2,184.4,A,DoorSpread,DoorMaster,12.290000,D,P,34941.000000
Tue Aug 05 06:50:58 2025,05-Aug-2025,095111,47 49.122000 N,064 1.080200 W,2.2,184.4,A,DoorSpread,DoorMaster,12.290000,D,P,34941.000000
Tue Aug 05 06:50:58 2025,05-Aug-2025,095112,47 49.121300 N,064 1.080200 W,2.2,184.3,A,DoorSpread,DoorMaster,12.290000,D,P,34941.000000
Tue Aug 05 06:51:03 2025,05-Aug-2025,095113,47 49.120700 N,064 1.080200 W,2.2,184.3,A,Primary,Headline,2.224490,D,S,152135.000000
Tue Aug 05 06:51:04 2025,05-Aug-2025,095114,47 49.120100 N,064 1.080300 W,2.2,184.3,A,DoorSpread,DoorMaster,7.300000,D,P,66459.000000
Tue Aug 05 06:51:04 2025,05-Aug-2025,095115,47 49.119500 N,064 1.080300 W,2.2,184.4,A,DoorSpread,DoorMaster,7.300000,D,P,66459.000000
Tue Aug 05 06:51:04 2025,05-Aug-2025,095116,47 49.118900 N,064 1.080300 W,2.2,184.6,A,DoorSpread,DoorMaster,7.300000,D,P,66459.000000
Tue Aug 05 06:51:04 2025,05-Aug-2025,095117,47 49.118200 N,064 1.080400 W,2.2,184.6,A,DoorSpread,DoorMaster,7.300000,D,P,66459.000000
Tue Aug 05 06:51:08 2025,05-Aug-2025,095118,47 49.117600 N,064 1.080400 W,2.2,184.4,A,Primary,Headline,1.142857,D,P,75931.000000
Tue Aug 05 06:51:10 2025,05-Aug-2025,095119,47 49.116900 N,064 1.080600 W,2.2,184.4,A,DoorSpread,DoorMaster,10.080000,D,S,82376.000000
Tue Aug 05 06:51:10 2025,05-Aug-2025,095120,47 49.116300 N,064 1.080800 W,2.2,184.4,A,DoorSpread,DoorMaster,10.080000,D,S,82376.000000
Tue Aug 05 06:51:10 2025,05-Aug-2025,095121,47 49.115700 N,064 1.081000 W,2.2,184.4,A,DoorSpread,DoorMaster,10.080000,D,S,82376.000000
Tue Aug 05 06:51:12 2025,05-Aug-2025,095122,47 49.115100 N,064 1.081100 W,2.2,184.2,A,Depth,Depth,84.814815,D,S,166108.000000
Tue Aug 05 06:51:13 2025,05-Aug-2025,095123,47 49.114500 N,064 1.081200 W,2.2,184.0,A,Primary,Headline,1.183673,D,S,141427.000000
Tue Aug 05 06:51:13 2025,05-Aug-2025,095124,47 49.113900 N,064 1.081400 W,2.2,184.0,A,Primary,Headline,1.183673,D,S,141427.000000
Tue Aug 05 06:51:15 2025,05-Aug-2025,095125,47 49.113200 N,064 1.081500 W,2.2,184.0,A,DoorSpread,DoorMaster,9.730000,D,S,103315.000000
Tue Aug 05 06:51:15 2025,05-Aug-2025,095126,47 49.112600 N,064 1.081700 W,2.2,183.9,A,DoorSpread,DoorMaster,9.730000,D,S,103315.000000
Tue Aug 05 06:51:15 2025,05-Aug-2025,095127,47 49.112000 N,064 1.081800 W,2.2,184.0,A,DoorSpread,DoorMaster,9.730000,D,S,103315.000000
Tue Aug 05 06:51:18 2025,05-Aug-2025,095128,47 49.111300 N,064 1.081800 W,2.2,184.1,A,Primary,Headline,1.244898,D,S,81682.000000
Tue Aug 05 06:51:20 2025,05-Aug-2025,095129,47 49.110700 N,064 1.081900 W,2.2,184.1,A,Depth,Depth,85.000000,D,S,126686.000000
Tue Aug 05 06:51:20 2025,05-Aug-2025,095130,47 49.110100 N,064 1.081800 W,2.2,184.0,A,Depth,Depth,85.000000,D,S,126686.000000
Tue Aug 05 06:51:21 2025,05-Aug-2025,095131,47 49.109500 N,064 1.081900 W,2.2,184.0,A,DoorSpread,DoorMaster,9.595000,D,S,215391.000000
Tue Aug 05 06:51:21 2025,05-Aug-2025,095132,47 49.108900 N,064 1.081900 W,2.2,184.0,A,DoorSpread,DoorMaster,9.595000,D,S,215391.000000
Tue Aug 05 06:51:23 2025,05-Aug-2025,095133,47 49.108300 N,064 1.082100 W,2.2,184.1,A,Primary,Headline,1.428571,D,S,187400.000000
Tue Aug 05 06:51:23 2025,05-Aug-2025,095134,47 49.107700 N,064 1.082100 W,2.2,184.1,A,Primary,Headline,1.428571,D,S,187400.000000
Tue Aug 05 06:51:23 2025,05-Aug-2025,095135,47 49.107100 N,064 1.082100 W,2.2,184.1,A,Primary,Headline,1.428571,D,S,187400.000000
Tue Aug 05 06:51:23 2025,05-Aug-2025,095136,47 49.106600 N,064 1.082200 W,2.2,184.1,A,Primary,Headline,1.428571,D,S,187400.000000
Tue Aug 05 06:51:27 2025,05-Aug-2025,095137,47 49.105900 N,064 1.082300 W,2.1,184.1,A,Depth,Depth,145.740741,D,S,25175.000000
Tue Aug 05 06:51:28 2025,05-Aug-2025,095138,47 49.105400 N,064 1.082400 W,2.1,184.2,A,Primary,Headline,1.673469,D,P,133051.000000
Tue Aug 05 06:51:28 2025,05-Aug-2025,095139,47 49.104800 N,064 1.082500 W,2.2,184.2,A,Primary,Headline,1.673469,D,P,133051.000000
Tue Aug 05 06:51:28 2025,05-Aug-2025,095140,47 49.104200 N,064 1.082600 W,2.1,184.3,A,Primary,Headline,1.673469,D,P,133051.000000
Tue Aug 05 06:51:28 2025,05-Aug-2025,095141,47 49.103700 N,064 1.082600 W,2.1,184.3,A,Primary,Headline,1.673469,D,P,133051.000000
Tue Aug 05 06:51:28 2025,05-Aug-2025,095142,47 49.103100 N,064 1.082700 W,2.1,184.4,A,Primary,Headline,1.673469,D,P,133051.000000
Tue Aug 05 06:51:33 2025,05-Aug-2025,095143,47 49.102500 N,064 1.082700 W,2.1,184.4,A,Primary,Headline,1.244898,D,P,123394.000000
Tue Aug 05 06:51:34 2025,05-Aug-2025,095144,47 49.101900 N,064 1.082900 W,2.1,184.5,A,Depth,Depth,23.425926,D,P,109365.000000
Tue Aug 05 06:51:34 2025,05-Aug-2025,095145,47 49.101300 N,064 1.083000 W,2.1,184.6,A,Depth,Depth,23.425926,D,P,109365.000000
Tue Aug 05 06:51:34 2025,05-Aug-2025,095146,47 49.100700 N,064 1.083000 W,2.1,184.7,A,Depth,Depth,23.425926,D,P,109365.000000
Tue Aug 05 06:51:34 2025,05-Aug-2025,095147,47 49.100100 N,064 1.082900 W,2.1,184.5,A,Depth,Depth,23.425926,D,P,109365.000000
Tue Aug 05 06:51:39 2025,05-Aug-2025,095148,47 49.099600 N,064 1.082800 W,2.1,184.3,A,DoorSpread,DoorMaster,10.115000,D,P,139838.000000
Tue Aug 05 06:51:39 2025,05-Aug-2025,095149,47 49.099000 N,064 1.082900 W,2.1,184.2,A,DoorSpread,DoorMaster,10.115000,D,P,139838.000000
Tue Aug 05 06:51:39 2025,05-Aug-2025,095150,47 49.098400 N,064 1.082800 W,2.1,184.1,A,DoorSpread,DoorMaster,10.115000,D,P,139838.000000
Tue Aug 05 06:51:42 2025,05-Aug-2025,095151,47 49.097900 N,064 1.082900 W,2.1,184.2,A,Depth,Depth,84.907407,D,P,116089.000000
Tue Aug 05 06:51:42 2025,05-Aug-2025,095152,47 49.097300 N,064 1.082900 W,2.1,184.2,A,Depth,Depth,84.907407,D,P,116089.000000
Tue Aug 05 06:51:44 2025,05-Aug-2025,095153,47 49.096800 N,064 1.082900 W,2.1,184.3,A,Primary,Headline,16.285714,D,S,150908.000000
Tue Aug 05 06:51:45 2025,05-Aug-2025,095154,47 49.096200 N,064 1.082900 W,2.1,184.2,A,DoorSpread,DoorMaster,10.505000,D,P,76625.000000
Tue Aug 05 06:51:45 2025,05-Aug-2025,095155,47 49.095700 N,064 1.082800 W,2.1,184.1,A,DoorSpread,DoorMaster,10.505000,D,P,76625.000000
Tue Aug 05 06:51:45 2025,05-Aug-2025,095156,47 49.095000 N,064 1.082800 W,2.1,183.9,A,DoorSpread,DoorMaster,10.505000,D,P,76625.000000
Tue Aug 05 06:51:45 2025,05-Aug-2025,095157,47 49.094400 N,064 1.082700 W,2.1,183.6,A,DoorSpread,DoorMaster,10.505000,D,P,76625.000000
Tue Aug 05 06:51:48 2025,05-Aug-2025,095158,47 49.093900 N,064 1.082700 W,2.1,183.4,A,Primary,Headline,1.877551,D,S,104242.000000
Tue Aug 05 06:51:49 2025,05-Aug-2025,095159,47 49.093400 N,064 1.082600 W,2.1,183.3,A,Depth,Depth,87.314815,D,P,121545.000000
Tue Aug 05 06:51:50 2025,05-Aug-2025,095200,47 49.092900 N,064 1.082600 W,2.1,183.3,A,DoorSpread,DoorMaster,25.015000,D,S,101923.000000
Tue Aug 05 06:51:50 2025,05-Aug-2025,095201,47 49.092500 N,064 1.082700 W,2.1,183.4,A,DoorSpread,DoorMaster,25.015000,D,S,101923.000000
Tue Aug 05 06:51:50 2025,05-Aug-2025,095202,47 49.092000 N,064 1.082700 W,2.1,183.3,A,DoorSpread,DoorMaster,25.015000,D,S,101923.000000
Tue Aug 05 06:51:50 2025,05-Aug-2025,095203,47 49.091500 N,064 1.082800 W,2.1,183.2,A,DoorSpread,DoorMaster,25.015000,D,S,101923.000000
Tue Aug 05 06:51:54 2025,05-Aug-2025,095204,47 49.090900 N,064 1.082900 W,2.1,183.0,A,Primary,Headline,53.938776,D,P,87903.000000
Tue Aug 05 06:51:54 2025,05-Aug-2025,095205,47 49.090200 N,064 1.083000 W,2.1,183.0,A,Primary,Headline,53.938776,D,P,87903.000000
Tue Aug 05 06:51:56 2025,05-Aug-2025,095206,47 49.089500 N,064 1.083200 W,2.1,183.0,A,Depth,Depth,111.388889,D,S,56355.000000
Tue Aug 05 06:51:56 2025,05-Aug-2025,095207,47 49.088800 N,064 1.083200 W,2.1,182.9,A,Depth,Depth,111.388889,D,S,56355.000000
Tue Aug 05 06:51:56 2025,05-Aug-2025,095208,47 49.088100 N,064 1.083200 W,2.1,182.9,A,Depth,Depth,111.388889,D,S,56355.000000
Tue Aug 05 06:51:59 2025,05-Aug-2025,095209,47 49.087400 N,064 1.083200 W,2.1,182.7,A,Primary,Headline,1.346939,D,P,120025.000000
Tue Aug 05 06:51:59 2025,05-Aug-2025,095210,47 49.086800 N,064 1.083100 W,2.1,182.7,A,Primary,Headline,1.346939,D,P,120025.000000
Tue Aug 05 06:51:59 2025,05-Aug-2025,095211,47 49.086200 N,064 1.083200 W,2.1,182.6,A,Primary,Headline,1.346939,D,P,120025.000000
Tue Aug 05 06:52:02 2025,05-Aug-2025,095212,47 49.085600 N,064 1.083200 W,2.1,182.1,A,DoorSpread,DoorMaster,9.760000,D,P,100567.000000
Tue Aug 05 06:52:04 2025,05-Aug-2025,095213,47 49.084900 N,064 1.083300 W,2.1,181.9,A,Depth,Depth,56.111111,D,S,332602.000000
Tue Aug 05 06:52:04 2025,05-Aug-2025,095214,47 49.084300 N,064 1.083400 W,2.1,181.9,A,Depth,Depth,56.111111,D,S,332602.000000
Tue Aug 05 06:52:05 2025,05-Aug-2025,095215,47 49.083700 N,064 1.083400 W,2.1,181.6,A,Primary,Headline,30.836735,D,P,173557.000000
Tue Aug 05 06:52:05 2025,05-Aug-2025,095216,47 49.083100 N,064 1.083400 W,2.1,181.3,A,Primary,Headline,30.836735,D,P,173557.000000
Tue Aug 05 06:52:05 2025,05-Aug-2025,095217,47 49.082600 N,064 1.083400 W,2.1,181.0,A,Primary,Headline,30.836735,D,P,173557.000000
Tue Aug 05 06:52:08 2025,05-Aug-2025,095218,47 49.082000 N,064 1.083400 W,2.1,180.9,A,DoorSpread,DoorMaster,9.805000,D,S,84894.000000
Tue Aug 05 06:52:08 2025,05-Aug-2025,095219,47 49.081300 N,064 1.083500 W,2.1,180.8,A,DoorSpread,DoorMaster,9.805000,D,S,84894.000000
Tue Aug 05 06:52:10 2025,05-Aug-2025,095220,47 49.080800 N,064 1.083600 W,2.1,180.8,A,Primary,Headline,16.204082,D,S,180281.000000
Tue Aug 05 06:52:11 2025,05-Aug-2025,095221,47 49.080300 N,064 1.083700 W,2.1,180.9,A,Depth,Depth,85.925926,D,P,86746.000000
Tue Aug 05 06:52:11 2025,05-Aug-2025,095222,47 49.079700 N,064 1.083800 W,2.1,181.0,A,Depth,Depth,85.925926,D,P,86746.000000
Tue Aug 05 06:52:14 2025,05-Aug-2025,095223,47 49.079100 N,064 1.083900 W,2.1,181.1,A,DoorSpread,DoorMaster,10.095000,D,P,79664.000000
Tue Aug 05 06:52:14 2025,05-Aug-2025,095224,47 49.078500 N,064 1.084000 W,2.1,181.4,A,DoorSpread,DoorMaster,10.095000,D,P,79664.000000
Tue Aug 05 06:52:15 2025,05-Aug-2025,095225,47 49.078000 N,064 1.084100 W,2.1,181.6,A,Primary,Headline,1.142857,D,S,209808.000000
Tue Aug 05 06:52:15 2025,05-Aug-2025,095226,47 49.077500 N,064 1.084200 W,2.1,181.7,A,Primary,Headline,1.142857,D,S,209808.000000
Tue Aug 05 06:52:15 2025,05-Aug-2025,095227,47 49.077000 N,064 1.084300 W,2.1,181.8,A,Primary,Headline,1.142857,D,S,209808.000000
Tue Aug 05 06:52:18 2025,05-Aug-2025,095228,47 49.076400 N,064 1.084400 W,2.1,182.0,A,Depth,Depth,85.092593,D,S,210056.000000
Tue Aug 05 06:52:19 2025,05-Aug-2025,095229,47 49.075900 N,064 1.084600 W,2.1,182.3,A,DoorSpread,DoorMaster,9.865000,D,S,105310.000000
Tue Aug 05 06:52:20 2025,05-Aug-2025,095230,47 49.075400 N,064 1.084700 W,2.1,182.6,A,Primary,Headline,1.224490,D,S,127387.000000
Tue Aug 05 06:52:20 2025,05-Aug-2025,095231,47 49.074800 N,064 1.084900 W,2.1,182.9,A,Primary,Headline,1.224490,D,S,127387.000000
Tue Aug 05 06:52:20 2025,05-Aug-2025,095232,47 49.074200 N,064 1.085100 W,2.2,183.2,A,Primary,Headline,1.224490,D,S,127387.000000
Tue Aug 05 06:52:20 2025,05-Aug-2025,095233,47 49.073600 N,064 1.085200 W,2.2,183.3,A,Primary,Headline,1.224490,D,S,127387.000000
Tue Aug 05 06:52:20 2025,05-Aug-2025,095234,47 49.072900 N,064 1.085400 W,2.3,183.4,A,Primary,Headline,1.224490,D,S,127387.000000
Tue Aug 05 06:52:26 2025,05-Aug-2025,095235,47 49.072100 N,064 1.085500 W,2.3,183.3,A,Depth,Depth,83.148148,D,S,273922.000000
Tue Aug 05 06:52:26 2025,05-Aug-2025,095236,47 49.071400 N,064 1.085500 W,2.4,183.3,A,Depth,Depth,83.148148,D,S,273922.000000
Tue Aug 05 06:52:26 2025,05-Aug-2025,095237,47 49.070600 N,064 1.085500 W,2.4,183.5,A,Depth,Depth,83.148148,D,S,273922.000000
Tue Aug 05 06:52:26 2025,05-Aug-2025,095238,47 49.070000 N,064 1.085600 W,2.5,183.7,A,Depth,Depth,83.148148,D,S,273922.000000
Tue Aug 05 06:52:26 2025,05-Aug-2025,095239,47 49.069300 N,064 1.085600 W,2.5,183.9,A,Depth,Depth,83.148148,D,S,273922.000000
Tue Aug 05 06:52:30 2025,05-Aug-2025,095240,47 49.068500 N,064 1.085600 W,2.6,183.7,A,Primary,Headline,1.020408,D,S,441901.000000
Tue Aug 05 06:52:31 2025,05-Aug-2025,095241,47 49.067600 N,064 1.085600 W,2.6,183.5,A,DoorSpread,DoorMaster,8.010000,D,S,129427.000000
Tue Aug 05 06:52:33 2025,05-Aug-2025,095242,47 49.066800 N,064 1.085600 W,2.7,183.3,A,Depth,Depth,82.685185,D,P,232273.000000
Tue Aug 05 06:52:33 2025,05-Aug-2025,095243,47 49.066000 N,064 1.085700 W,2.7,183.2,A,Depth,Depth,82.500000,D,S,457309.000000
Tue Aug 05 06:52:33 2025,05-Aug-2025,095244,47 49.065100 N,064 1.085800 W,2.7,183.0,A,Depth,Depth,82.500000,D,S,457309.000000
Tue Aug 05 06:52:35 2025,05-Aug-2025,095245,47 49.064300 N,064 1.085900 W,2.8,182.9,A,Primary,Headline,1.714286,D,P,76334.000000
Tue Aug 05 06:52:37 2025,05-Aug-2025,095246,47 49.063400 N,064 1.086000 W,2.8,182.7,A,DoorSpread,DoorMaster,8.030000,D,S,174472.000000
Tue Aug 05 06:52:37 2025,05-Aug-2025,095247,47 49.062600 N,064 1.086000 W,2.8,182.4,A,DoorSpread,DoorMaster,8.030000,D,S,174472.000000
Tue Aug 05 06:52:37 2025,05-Aug-2025,095248,47 49.061800 N,064 1.086000 W,2.8,182.2,A,DoorSpread,DoorMaster,8.030000,D,S,174472.000000
Tue Aug 05 06:52:37 2025,05-Aug-2025,095249,47 49.060900 N,064 1.085900 W,2.8,181.9,A,DoorSpread,DoorMaster,8.030000,D,S,174472.000000
Tue Aug 05 06:52:40 2025,05-Aug-2025,095250,47 49.060100 N,064 1.085900 W,2.8,181.6,A,Primary,Headline,2.510204,D,S,183293.000000
Tue Aug 05 06:52:40 2025,05-Aug-2025,095251,47 49.059300 N,064 1.085800 W,2.8,181.3,A,Primary,Headline,2.510204,D,S,183293.000000
Tue Aug 05 06:52:42 2025,05-Aug-2025,095252,47 49.058500 N,064 1.085800 W,2.8,181.3,A,DoorSpread,DoorMaster,7.740000,D,S,134204.000000
Tue Aug 05 06:52:42 2025,05-Aug-2025,095253,47 49.057500 N,064 1.085900 W,2.9,181.4,A,DoorSpread,DoorMaster,7.740000,D,S,134204.000000
Tue Aug 05 06:52:42 2025,05-Aug-2025,095254,47 49.056700 N,064 1.085800 W,2.9,181.3,A,DoorSpread,DoorMaster,7.740000,D,S,134204.000000
Tue Aug 05 06:52:45 2025,05-Aug-2025,095255,47 49.055900 N,064 1.085800 W,2.8,181.2,A,Primary,Headline,5.081633,D,P,185569.000000
Tue Aug 05 06:52:45 2025,05-Aug-2025,095256,47 49.055100 N,064 1.085700 W,2.9,181.1,A,Primary,Headline,5.081633,D,P,185569.000000
Tue Aug 05 06:52:45 2025,05-Aug-2025,095257,47 49.054200 N,064 1.085500 W,2.9,181.1,A,Primary,Headline,5.081633,D,P,185569.000000
Tue Aug 05 06:52:48 2025,05-Aug-2025,095258,47 49.053200 N,064 1.085500 W,2.9,181.1,A,DoorSpread,DoorMaster,7.160000,D,P,125181.000000
Tue Aug 05 06:52:48 2025,05-Aug-2025,095259,47 49.052300 N,064 1.085500 W,2.9,181.0,A,DoorSpread,DoorMaster,7.160000,D,P,125181.000000
Tue Aug 05 06:52:50 2025,05-Aug-2025,095300,47 49.051500 N,064 1.085400 W,2.9,181.0,A,Primary,Headline,7.612245,D,S,205513.000000
Tue Aug 05 06:52:50 2025,05-Aug-2025,095301,47 49.050700 N,064 1.085300 W,2.9,181.0,A,Primary,Headline,7.612245,D,S,205513.000000
Tue Aug 05 06:52:50 2025,05-Aug-2025,095302,47 49.049900 N,064 1.085200 W,2.9,181.0,A,Primary,Headline,7.612245,D,S,205513.000000
Tue Aug 05 06:52:54 2025,05-Aug-2025,095303,47 49.049100 N,064 1.085100 W,2.9,181.0,A,DoorSpread,DoorMaster,6.325000,D,S,161140.000000
Tue Aug 05 06:52:55 2025,05-Aug-2025,095304,47 49.048200 N,064 1.085100 W,2.9,180.8,A,Depth,Depth,73.703704,D,S,143818.000000
Tue Aug 05 06:52:56 2025,05-Aug-2025,095305,47 49.047300 N,064 1.084900 W,3.0,180.5,A,Primary,Headline,10.693878,D,P,168853.000000
Tue Aug 05 06:52:56 2025,05-Aug-2025,095306,47 49.046400 N,064 1.084700 W,2.9,180.3,A,Primary,Headline,10.693878,D,P,168853.000000
Tue Aug 05 06:52:56 2025,05-Aug-2025,095307,47 49.045500 N,064 1.084800 W,3.0,180.2,A,Primary,Headline,10.693878,D,P,168853.000000
Tue Aug 05 06:52:56 2025,05-Aug-2025,095308,47 49.044700 N,064 1.084700 W,3.0,180.1,A,Primary,Headline,10.693878,D,P,168853.000000
Tue Aug 05 06:52:59 2025,05-Aug-2025,095309,47 49.043900 N,064 1.084700 W,3.0,180.0,A,DoorSpread,DoorMaster,5.990000,D,S,314086.000000
Tue Aug 05 06:52:59 2025,05-Aug-2025,095310,47 49.043100 N,064 1.084700 W,3.0,179.9,A,DoorSpread,DoorMaster,5.990000,D,S,314086.000000
Tue Aug 05 06:53:01 2025,05-Aug-2025,095311,47 49.042300 N,064 1.084600 W,3.0,179.7,A,Primary,Headline,13.877551,D,S,286354.000000
Tue Aug 05 06:53:02 2025,05-Aug-2025,095312,47 49.041500 N,064 1.084400 W,3.0,179.5,A,Depth,Depth,69.074074,D,S,303183.000000
Tue Aug 05 06:53:02 2025,05-Aug-2025,095313,47 49.040800 N,064 1.084300 W,3.0,179.3,A,Depth,Depth,69.074074,D,S,303183.000000
Tue Aug 05 06:53:02 2025,05-Aug-2025,095314,47 49.040000 N,064 1.084200 W,2.9,179.2,A,Depth,Depth,69.074074,D,S,303183.000000
Tue Aug 05 06:53:05 2025,05-Aug-2025,095315,47 49.039200 N,064 1.084200 W,2.9,179.2,A,DoorSpread,DoorMaster,5.550000,D,S,221121.000000
Tue Aug 05 06:53:06 2025,05-Aug-2025,095316,47 49.038500 N,064 1.084300 W,2.8,179.2,A,Primary,Headline,17.387755,D,P,216965.000000
Tue Aug 05 06:53:06 2025,05-Aug-2025,095317,47 49.037700 N,064 1.084200 W,2.8,179.1,A,Primary,Headline,17.387755,D,P,216965.000000
Tue Aug 05 06:53:06 2025,05-Aug-2025,095318,47 49.036900 N,064 1.084000 W,2.7,178.9,A,Primary,Headline,17.387755,D,P,216965.000000
Tue Aug 05 06:53:09 2025,05-Aug-2025,095319,47 49.036200 N,064 1.083900 W,2.7,178.7,A,Depth,Depth,64.629630,D,S,353989.000000
Tue Aug 05 06:53:10 2025,05-Aug-2025,095320,47 49.035400 N,064 1.083800 W,2.7,178.5,A,DoorSpread,DoorMaster,5.450000,D,S,106339.000000
Tue Aug 05 06:53:10 2025,05-Aug-2025,095321,47 49.034700 N,064 1.083600 W,2.6,178.2,A,DoorSpread,DoorMaster,5.450000,D,S,106339.000000
Tue Aug 05 06:53:12 2025,05-Aug-2025,095322,47 49.034000 N,064 1.083600 W,2.6,177.9,A,Primary,Headline,56.326531,D,S,279679.000000
Tue Aug 05 06:53:12 2025,05-Aug-2025,095323,47 49.033300 N,064 1.083600 W,2.5,177.7,A,Primary,Headline,56.326531,D,S,279679.000000
Tue Aug 05 06:53:12 2025,05-Aug-2025,095324,47 49.032700 N,064 1.083600 W,2.5,177.7,A,Primary,Headline,56.326531,D,S,279679.000000
Tue Aug 05 06:53:12 2025,05-Aug-2025,095325,47 49.032300 N,064 1.083600 W,2.4,177.6,A,Primary,Headline,56.326531,D,S,279679.000000
Tue Aug 05 06:53:16 2025,05-Aug-2025,095326,47 49.031800 N,064 1.083600 W,2.3,177.5,A,Depth,Depth,61.111111,D,S,255964.000000
Tue Aug 05 06:53:18 2025,05-Aug-2025,095327,47 49.031300 N,064 1.083600 W,2.2,177.5,A,Primary,Headline,22.530612,D,S,311040.000000
Tue Aug 05 06:53:18 2025,05-Aug-2025,095328,47 49.030900 N,064 1.083600 W,2.2,177.5,A,Primary,Headline,22.530612,D,S,311040.000000
Tue Aug 05 06:53:18 2025,05-Aug-2025,095329,47 49.030400 N,064 1.083600 W,2.1,177.5,A,Primary,Headline,22.530612,D,S,311040.000000
Tue Aug 05 06:53:18 2025,05-Aug-2025,095330,47 49.030000 N,064 1.083700 W,2.0,177.5,A,Primary,Headline,22.530612,D,S,311040.000000
Tue Aug 05 06:53:21 2025,05-Aug-2025,095331,47 49.029600 N,064 1.083700 W,1.9,177.6,A,DoorSpread,DoorMaster,6.085000,D,P,119394.000000
Tue Aug 05 06:53:21 2025,05-Aug-2025,095332,47 49.029100 N,064 1.083700 W,1.9,177.7,A,DoorSpread,DoorMaster,6.085000,D,P,119394.000000
Tue Aug 05 06:53:24 2025,05-Aug-2025,095333,47 49.028500 N,064 1.083700 W,1.9,177.7,A,Depth,Depth,58.703704,D,S,216807.000000
Tue Aug 05 06:53:24 2025,05-Aug-2025,095334,47 49.028100 N,064 1.083600 W,1.9,177.7,A,Depth,Depth,58.703704,D,S,216807.000000
Tue Aug 05 06:53:24 2025,05-Aug-2025,095335,47 49.027500 N,064 1.083700 W,1.9,177.7,A,Depth,Depth,58.703704,D,S,216807.000000
Tue Aug 05 06:53:24 2025,05-Aug-2025,095336,47 49.027000 N,064 1.083700 W,1.9,177.8,A,Depth,Depth,58.703704,D,S,216807.000000
Tue Aug 05 06:53:27 2025,05-Aug-2025,095337,47 49.026500 N,064 1.083700 W,1.9,177.8,A,DoorSpread,DoorMaster,5.715000,D,S,159445.000000
Tue Aug 05 06:53:28 2025,05-Aug-2025,095338,47 49.026000 N,064 1.083700 W,1.9,177.7,A,Primary,Headline,35.877551,D,P,445646.000000
Tue Aug 05 06:53:28 2025,05-Aug-2025,095339,47 49.025500 N,064 1.083700 W,1.9,177.7,A,Primary,Headline,35.877551,D,P,445646.000000
Tue Aug 05 06:53:28 2025,05-Aug-2025,095340,47 49.024900 N,064 1.083700 W,2.0,177.7,A,Primary,Headline,35.877551,D,P,445646.000000
Tue Aug 05 06:53:31 2025,05-Aug-2025,095341,47 49.024300 N,064 1.083700 W,2.0,177.7,A,Depth,Depth,57.129630,D,S,392784.000000
Tue Aug 05 06:53:33 2025,05-Aug-2025,095342,47 49.023800 N,064 1.083600 W,2.0,177.6,A,DoorSpread,DoorMaster,6.165000,D,P,107701.000000
Tue Aug 05 06:53:33 2025,05-Aug-2025,095343,47 49.023300 N,064 1.083600 W,2.0,177.5,A,Primary,Headline,14.979592,D,P,45711.000000
Tue Aug 05 06:53:34 2025,05-Aug-2025,095344,47 49.022700 N,064 1.083600 W,2.0,177.6,A,Primary,Headline,56.204082,D,S,159677.000000
Tue Aug 05 06:53:34 2025,05-Aug-2025,095345,47 49.022100 N,064 1.083700 W,2.0,177.7,A,Primary,Headline,56.204082,D,S,159677.000000
Tue Aug 05 06:53:34 2025,05-Aug-2025,095346,47 49.021400 N,064 1.083600 W,2.0,177.6,A,Primary,Headline,56.204082,D,S,159677.000000
Tue Aug 05 06:53:34 2025,05-Aug-2025,095347,47 49.020800 N,064 1.083600 W,2.0,177.5,A,Primary,Headline,56.204082,D,S,159677.000000
Tue Aug 05 06:53:38 2025,05-Aug-2025,095348,47 49.020200 N,064 1.083700 W,2.0,177.5,A,Depth,Depth,66.203704,D,S,617491.000000
Tue Aug 05 06:53:40 2025,05-Aug-2025,095349,47 49.019700 N,064 1.083700 W,2.0,177.4,A,Primary,Headline,26.265306,D,S,775042.000000
Tue Aug 05 06:53:40 2025,05-Aug-2025,095350,47 49.019100 N,064 1.083700 W,2.0,177.5,A,Primary,Headline,26.265306,D,S,775042.000000
Tue Aug 05 06:53:40 2025,05-Aug-2025,095351,47 49.018700 N,064 1.083600 W,2.0,177.6,A,Primary,Headline,26.265306,D,S,775042.000000
Tue Aug 05 06:53:40 2025,05-Aug-2025,095352,47 49.018200 N,064 1.083600 W,2.0,177.6,A,Primary,Headline,26.265306,D,S,775042.000000
Tue Aug 05 06:53:44 2025,05-Aug-2025,095353,47 49.017700 N,064 1.083600 W,2.0,177.4,A,DoorSpread,DoorMaster,6.230000,D,S,169312.000000
Tue Aug 05 06:53:44 2025,05-Aug-2025,095354,47 49.017300 N,064 1.083600 W,2.0,177.4,A,DoorSpread,DoorMaster,6.230000,D,S,169312.000000
Tue Aug 05 06:53:45 2025,05-Aug-2025,095355,47 49.016900 N,064 1.083600 W,2.0,177.3,A,Depth,Depth,52.500000,D,P,262606.000000
Tue Aug 05 06:53:45 2025,05-Aug-2025,095356,47 49.016400 N,064 1.083600 W,2.1,177.3,A,Depth,Depth,52.500000,D,P,262606.000000
Tue Aug 05 06:53:45 2025,05-Aug-2025,095357,47 49.015800 N,064 1.083700 W,2.1,177.5,A,Depth,Depth,52.500000,D,P,262606.000000
Tue Aug 05 06:53:45 2025,05-Aug-2025,095358,47 49.015200 N,064 1.083800 W,2.1,177.6,A,Depth,Depth,52.500000,D,P,262606.000000
Tue Aug 05 06:53:49 2025,05-Aug-2025,095359,47 49.014600 N,064 1.083900 W,2.1,177.6,A,DoorSpread,DoorMaster,6.115000,D,S,234813.000000
Tue Aug 05 06:53:51 2025,05-Aug-2025,095400,47 49.014100 N,064 1.084000 W,2.1,177.7,A,Primary,Headline,42.918367,D,S,325192.000000
Tue Aug 05 06:53:51 2025,05-Aug-2025,095401,47 49.013500 N,064 1.084000 W,2.1,177.8,A,Primary,Headline,42.918367,D,S,325192.000000
Tue Aug 05 06:53:53 2025,05-Aug-2025,095402,47 49.013000 N,064 1.084000 W,2.1,178.0,A,Depth,Depth,49.166667,D,S,420397.000000
Tue Aug 05 06:53:53 2025,05-Aug-2025,095403,47 49.012400 N,064 1.084100 W,2.1,178.3,A,Depth,Depth,49.166667,D,S,420397.000000
Tue Aug 05 06:53:53 2025,05-Aug-2025,095404,47 49.011800 N,064 1.084200 W,2.1,178.8,A,Depth,Depth,49.166667,D,S,420397.000000
Tue Aug 05 06:53:55 2025,05-Aug-2025,095405,47 49.011100 N,064 1.084300 W,2.1,179.1,A,DoorSpread,DoorMaster,5.900000,D,P,115565.000000
Tue Aug 05 06:53:56 2025,05-Aug-2025,095406,47 49.010400 N,064 1.084200 W,2.1,179.2,A,Primary,Headline,27.877551,D,P,192228.000000
Tue Aug 05 06:53:56 2025,05-Aug-2025,095407,47 49.009700 N,064 1.084200 W,2.1,179.2,A,Primary,Headline,27.877551,D,P,192228.000000
Tue Aug 05 06:53:56 2025,05-Aug-2025,095408,47 49.009100 N,064 1.084200 W,2.1,178.9,A,Primary,Headline,27.877551,D,P,192228.000000
Tue Aug 05 06:54:00 2025,05-Aug-2025,095409,47 49.008400 N,064 1.084100 W,2.1,178.8,A,Depth,Depth,54.074074,D,S,337045.000000
Tue Aug 05 06:54:00 2025,05-Aug-2025,095410,47 49.007700 N,064 1.084200 W,2.1,178.8,A,DoorSpread,DoorMaster,5.870000,D,S,79197.000000
Tue Aug 05 06:54:02 2025,05-Aug-2025,095411,47 49.006900 N,064 1.084100 W,2.1,178.6,A,Primary,Headline,34.000000,D,P,83868.000000
Tue Aug 05 06:54:02 2025,05-Aug-2025,095412,47 49.006300 N,064 1.084000 W,2.1,178.2,A,Primary,Headline,34.122449,D,S,195417.000000
Tue Aug 05 06:54:02 2025,05-Aug-2025,095413,47 49.005700 N,064 1.083900 W,2.1,178.1,A,Primary,Headline,34.122449,D,S,195417.000000
Tue Aug 05 06:54:02 2025,05-Aug-2025,095414,47 49.005100 N,064 1.083900 W,2.1,177.9,A,Primary,Headline,34.122449,D,S,195417.000000
Tue Aug 05 06:54:02 2025,05-Aug-2025,095415,47 49.004500 N,064 1.083800 W,2.1,177.5,A,Primary,Headline,34.122449,D,S,195417.000000
Tue Aug 05 06:54:06 2025,05-Aug-2025,095416,47 49.003800 N,064 1.083800 W,2.2,177.4,A,DoorSpread,DoorMaster,5.860000,D,S,143448.000000
Tue Aug 05 06:54:07 2025,05-Aug-2025,095417,47 49.003000 N,064 1.083900 W,2.3,177.7,A,Primary,Headline,29.632653,D,S,891638.000000
Tue Aug 05 06:54:07 2025,05-Aug-2025,095418,47 49.002500 N,064 1.083900 W,2.2,177.8,A,Primary,Headline,29.632653,D,S,891638.000000
Tue Aug 05 06:54:07 2025,05-Aug-2025,095419,47 49.001900 N,064 1.084000 W,2.2,178.2,A,Primary,Headline,29.632653,D,S,891638.000000
Tue Aug 05 06:54:07 2025,05-Aug-2025,095420,47 49.001400 N,064 1.084000 W,2.2,178.3,A,Primary,Headline,29.632653,D,S,891638.000000
Tue Aug 05 06:54:12 2025,05-Aug-2025,095421,47 49.000800 N,064 1.083800 W,2.2,178.5,A,DoorSpread,DoorMaster,5.720000,D,P,175447.000000
Tue Aug 05 06:54:12 2025,05-Aug-2025,095422,47 49.000300 N,064 1.083800 W,2.2,178.6,A,DoorSpread,DoorMaster,5.720000,D,P,175447.000000
Tue Aug 05 06:54:13 2025,05-Aug-2025,095423,47 48.999700 N,064 1.083800 W,2.1,178.6,A,Primary,Headline,49.000000,D,P,498951.000000
Tue Aug 05 06:54:14 2025,05-Aug-2025,095424,47 48.999100 N,064 1.083700 W,2.1,178.6,A,Depth,Depth,52.037037,D,S,343586.000000
Tue Aug 05 06:54:14 2025,05-Aug-2025,095425,47 48.998500 N,064 1.083800 W,2.1,178.5,A,Depth,Depth,52.037037,D,S,343586.000000
Tue Aug 05 06:54:14 2025,05-Aug-2025,095426,47 48.997900 N,064 1.083900 W,2.1,178.5,A,Depth,Depth,52.037037,D,S,343586.000000
Tue Aug 05 06:54:17 2025,05-Aug-2025,095427,47 48.997200 N,064 1.084100 W,2.1,178.6,A,DoorSpread,DoorMaster,5.735000,D,S,128981.000000
Tue Aug 05 06:54:18 2025,05-Aug-2025,095428,47 48.996600 N,064 1.084300 W,2.1,178.7,A,Primary,Headline,3.367347,D,S,400424.000000
Tue Aug 05 06:54:18 2025,05-Aug-2025,095429,47 48.995900 N,064 1.084500 W,2.1,179.1,A,Primary,Headline,3.367347,D,S,400424.000000
Tue Aug 05 06:54:18 2025,05-Aug-2025,095430,47 48.995300 N,064 1.084700 W,2.1,179.5,A,Primary,Headline,3.367347,D,S,400424.000000
Tue Aug 05 06:54:21 2025,05-Aug-2025,095431,47 48.994800 N,064 1.084800 W,2.1,179.7,A,Depth,Depth,50.000000,D,P,372526.000000
Tue Aug 05 06:54:23 2025,05-Aug-2025,095432,47 48.994300 N,064 1.084900 W,2.1,179.9,A,DoorSpread,DoorMaster,5.905000,D,S,161689.000000
Tue Aug 05 06:54:24 2025,05-Aug-2025,095433,47 48.993800 N,064 1.084900 W,2.1,179.9,A,Primary,Headline,14.530612,D,S,497063.000000
Tue Aug 05 06:54:24 2025,05-Aug-2025,095434,47 48.993200 N,064 1.084900 W,2.1,179.7,A,Primary,Headline,14.530612,D,S,497063.000000
Tue Aug 05 06:54:24 2025,05-Aug-2025,095435,47 48.992700 N,064 1.084900 W,2.1,179.4,A,Primary,Headline,14.530612,D,S,497063.000000
Tue Aug 05 06:54:24 2025,05-Aug-2025,095436,47 48.992100 N,064 1.085000 W,2.1,179.4,A,Primary,Headline,14.530612,D,S,497063.000000
Tue Aug 05 06:54:24 2025,05-Aug-2025,095437,47 48.991600 N,064 1.084900 W,2.1,179.2,A,Primary,Headline,14.530612,D,S,497063.000000
Tue Aug 05 06:54:29 2025,05-Aug-2025,095438,47 48.991000 N,064 1.084900 W,2.1,179.1,A,Primary,Headline,10.224490,D,S,151558.000000
Tue Aug 05 06:54:29 2025,05-Aug-2025,095439,47 48.990500 N,064 1.084900 W,2.1,179.1,A,Primary,Headline,10.224490,D,S,151558.000000
Tue Aug 05 06:54:29 2025,05-Aug-2025,095440,47 48.989900 N,064 1.085000 W,2.1,179.0,A,Primary,Headline,10.224490,D,S,151558.000000
Tue Aug 05 06:54:29 2025,05-Aug-2025,095441,47 48.989300 N,064 1.085000 W,2.1,179.0,A,Primary,Headline,10.224490,D,S,151558.000000
Tue Aug 05 06:54:29 2025,05-Aug-2025,095442,47 48.988700 N,064 1.085100 W,2.1,179.0,A,Primary,Headline,10.224490,D,S,151558.000000
Tue Aug 05 06:54:34 2025,05-Aug-2025,095443,47 48.988200 N,064 1.085100 W,2.1,179.1,A,DoorSpread,DoorMaster,5.660000,D,P,149294.000000
Tue Aug 05 06:54:34 2025,05-Aug-2025,095444,47 48.987500 N,064 1.085200 W,2.1,179.3,A,Primary,Headline,45.979592,D,P,700126.000000
Tue Aug 05 06:54:36 2025,05-Aug-2025,095445,47 48.986900 N,064 1.085200 W,2.1,179.4,A,Depth,Depth,42.685185,D,P,719700.000000
Tue Aug 05 06:54:36 2025,05-Aug-2025,095446,47 48.986300 N,064 1.085300 W,2.1,179.5,A,Depth,Depth,42.685185,D,P,719700.000000
Tue Aug 05 06:54:36 2025,05-Aug-2025,095447,47 48.985600 N,064 1.085400 W,2.1,179.7,A,Depth,Depth,42.685185,D,P,719700.000000
Tue Aug 05 06:54:36 2025,05-Aug-2025,095448,47 48.985000 N,064 1.085300 W,2.1,179.9,A,Depth,Depth,42.685185,D,P,719700.000000
Tue Aug 05 06:54:39 2025,05-Aug-2025,095449,47 48.984400 N,064 1.085400 W,2.2,180.1,A,DoorSpread,DoorMaster,5.645000,D,S,69241.000000
Tue Aug 05 06:54:40 2025,05-Aug-2025,095450,47 48.983800 N,064 1.085400 W,2.1,180.1,A,Primary,Headline,49.857143,D,S,511273.000000
Tue Aug 05 06:54:40 2025,05-Aug-2025,095451,47 48.983100 N,064 1.085300 W,2.1,179.8,A,Primary,Headline,49.857143,D,S,511273.000000
Tue Aug 05 06:54:40 2025,05-Aug-2025,095452,47 48.982400 N,064 1.085300 W,2.2,179.4,A,Primary,Headline,49.857143,D,S,511273.000000
Tue Aug 05 06:54:43 2025,05-Aug-2025,095453,47 48.981800 N,064 1.085300 W,2.2,179.0,A,Depth,Depth,45.000000,D,S,193644.000000
Tue Aug 05 06:54:45 2025,05-Aug-2025,095454,47 48.981200 N,064 1.085300 W,2.2,178.7,A,DoorSpread,DoorMaster,5.105000,D,S,98285.000000
Tue Aug 05 06:54:46 2025,05-Aug-2025,095455,47 48.980600 N,064 1.085300 W,2.2,178.5,A,Primary,Headline,45.081633,D,S,185928.000000
Tue Aug 05 06:54:46 2025,05-Aug-2025,095456,47 48.980000 N,064 1.085400 W,2.2,178.5,A,Primary,Headline,45.081633,D,S,185928.000000
Tue Aug 05 06:54:46 2025,05-Aug-2025,095457,47 48.979400 N,064 1.085500 W,2.2,178.9,A,Primary,Headline,45.081633,D,S,185928.000000
Tue Aug 05 06:54:46 2025,05-Aug-2025,095458,47 48.979000 N,064 1.085600 W,2.0,179.1,A,Primary,Headline,45.081633,D,S,185928.000000
Tue Aug 05 06:54:46 2025,05-Aug-2025,095459,47 48.978600 N,064 1.085700 W,2.0,179.7,A,Primary,Headline,45.081633,D,S,185928.000000
Tue Aug 05 06:54:50 2025,05-Aug-2025,095500,47 48.978000 N,064 1.085800 W,2.1,180.2,A,DoorSpread,DoorMaster,5.490000,D,S,82897.000000
Tue Aug 05 06:54:51 2025,05-Aug-2025,095501,47 48.977300 N,064 1.085800 W,2.1,180.6,A,Primary,Headline,5.163265,D,S,140255.000000
Tue Aug 05 06:54:51 2025,05-Aug-2025,095502,47 48.976700 N,064 1.086100 W,2.1,181.0,A,Primary,Headline,5.163265,D,S,140255.000000
Tue Aug 05 06:54:51 2025,05-Aug-2025,095503,47 48.976100 N,064 1.086100 W,2.1,181.4,A,Primary,Headline,5.163265,D,S,140255.000000
Tue Aug 05 06:54:51 2025,05-Aug-2025,095504,47 48.975500 N,064 1.086000 W,2.1,181.8,A,Primary,Headline,5.163265,D,S,140255.000000
Tue Aug 05 06:54:51 2025,05-Aug-2025,095505,47 48.974900 N,064 1.085800 W,2.1,182.3,A,Primary,Headline,5.163265,D,S,140255.000000
Tue Aug 05 06:54:56 2025,05-Aug-2025,095506,47 48.974300 N,064 1.085800 W,2.1,183.0,A,DoorSpread,DoorMaster,4.480000,D,S,190653.000000
Tue Aug 05 06:54:57 2025,05-Aug-2025,095507,47 48.973700 N,064 1.085800 W,2.1,183.6,A,Depth,Depth,49.166667,D,S,75438.000000
Tue Aug 05 06:54:57 2025,05-Aug-2025,095508,47 48.973000 N,064 1.085800 W,2.3,183.9,A,Depth,Depth,49.166667,D,S,75438.000000
Tue Aug 05 06:54:57 2025,05-Aug-2025,095509,47 48.972300 N,064 1.085700 W,2.2,184.1,A,Depth,Depth,49.166667,D,S,75438.000000
Tue Aug 05 06:54:57 2025,05-Aug-2025,095510,47 48.971700 N,064 1.085600 W,2.2,184.0,A,Depth,Depth,49.166667,D,S,75438.000000
Tue Aug 05 06:55:02 2025,05-Aug-2025,095511,47 48.971100 N,064 1.085500 W,2.2,184.1,A,Secondary,Headline,0.000000,E,S,8397.000000
Tue Aug 05 06:55:03 2025,05-Aug-2025,095512,47 48.970500 N,064 1.085500 W,2.2,184.4,A,Primary,Headline,53.224490,D,P,705548.000000
Tue Aug 05 06:55:03 2025,05-Aug-2025,095513,47 48.969900 N,064 1.085600 W,2.3,184.6,A,Primary,Headline,53.224490,D,P,705548.000000
Tue Aug 05 06:55:04 2025,05-Aug-2025,095514,47 48.969300 N,064 1.085700 W,2.3,184.7,A,Depth,Depth,30.648148,D,S,855589.000000
Tue Aug 05 06:55:04 2025,05-Aug-2025,095515,47 48.968600 N,064 1.085600 W,2.3,184.8,A,Depth,Depth,30.648148,D,S,855589.000000
Tue Aug 05 06:55:07 2025,05-Aug-2025,095516,47 48.968100 N,064 1.085600 W,2.3,184.8,A,DoorSpread,DoorMaster,4.820000,D,P,385389.000000
Tue Aug 05 06:55:07 2025,05-Aug-2025,095517,47 48.967500 N,064 1.085400 W,2.3,184.8,A,DoorSpread,DoorMaster,4.800000,D,S,94317.000000
Tue Aug 05 06:55:08 2025,05-Aug-2025,095518,47 48.966900 N,064 1.085400 W,2.3,184.7,A,Secondary,Headline,38.734694,D,S,69089.000000
Tue Aug 05 06:55:08 2025,05-Aug-2025,095519,47 48.966300 N,064 1.085400 W,2.3,184.5,A,Secondary,Headline,38.734694,D,S,69089.000000
Tue Aug 05 06:55:08 2025,05-Aug-2025,095520,47 48.965800 N,064 1.085400 W,2.3,184.5,A,Secondary,Headline,38.734694,D,S,69089.000000
Tue Aug 05 06:55:11 2025,05-Aug-2025,095521,47 48.965100 N,064 1.085400 W,2.3,184.5,A,Depth,Depth,36.296296,D,S,634268.000000
Tue Aug 05 06:55:12 2025,05-Aug-2025,095522,47 48.964500 N,064 1.085400 W,2.3,184.3,A,DoorSpread,DoorMaster,4.635000,D,S,74455.000000
Tue Aug 05 06:55:12 2025,05-Aug-2025,095523,47 48.963800 N,064 1.085300 W,2.3,183.9,A,DoorSpread,DoorMaster,4.635000,D,S,74455.000000
Tue Aug 05 06:55:14 2025,05-Aug-2025,095524,47 48.963100 N,064 1.085100 W,2.3,183.4,A,Primary,Headline,34.918367,D,S,605602.000000
Tue Aug 05 06:55:14 2025,05-Aug-2025,095525,47 48.962400 N,064 1.085000 W,2.3,182.7,A,Primary,Headline,34.918367,D,S,605602.000000
Tue Aug 05 06:55:14 2025,05-Aug-2025,095526,47 48.961700 N,064 1.084900 W,2.3,182.1,A,Primary,Headline,34.918367,D,S,605602.000000
Tue Aug 05 06:55:18 2025,05-Aug-2025,095527,47 48.960900 N,064 1.084800 W,2.3,181.4,A,DoorSpread,DoorMaster,4.265000,D,S,121716.000000
Tue Aug 05 06:55:19 2025,05-Aug-2025,095528,47 48.960100 N,064 1.084700 W,2.4,180.9,A,Depth,Depth,34.166667,D,S,650769.000000
Tue Aug 05 06:55:19 2025,05-Aug-2025,095529,47 48.959300 N,064 1.084600 W,2.3,180.4,A,Depth,Depth,34.166667,D,S,650769.000000
Tue Aug 05 06:55:20 2025,05-Aug-2025,095530,47 48.958600 N,064 1.084600 W,2.3,179.8,A,Primary,Headline,50.775510,D,S,520466.000000
Tue Aug 05 06:55:20 2025,05-Aug-2025,095531,47 48.957900 N,064 1.084600 W,2.3,179.6,A,Primary,Headline,50.775510,D,S,520466.000000
Tue Aug 05 06:55:20 2025,05-Aug-2025,095532,47 48.957300 N,064 1.084600 W,2.3,179.4,A,Primary,Headline,50.775510,D,S,520466.000000
Tue Aug 05 06:55:23 2025,05-Aug-2025,095533,47 48.956600 N,064 1.084700 W,2.3,179.1,A,DoorSpread,DoorMaster,4.340000,D,S,281363.000000
Tue Aug 05 06:55:23 2025,05-Aug-2025,095534,47 48.956100 N,064 1.084700 W,2.3,178.9,A,DoorSpread,DoorMaster,4.340000,D,S,281363.000000
Tue Aug 05 06:55:26 2025,05-Aug-2025,095535,47 48.955500 N,064 1.084900 W,2.3,179.0,A,Depth,Depth,32.500000,D,S,575415.000000
Tue Aug 05 06:55:26 2025,05-Aug-2025,095536,47 48.954900 N,064 1.085000 W,2.3,179.2,A,Depth,Depth,32.500000,D,S,575415.000000
Tue Aug 05 06:55:26 2025,05-Aug-2025,095537,47 48.954300 N,064 1.085100 W,2.3,179.4,A,Depth,Depth,32.500000,D,S,575415.000000
Tue Aug 05 06:55:29 2025,05-Aug-2025,095538,47 48.953700 N,064 1.085300 W,2.3,179.6,A,DoorSpread,DoorMaster,4.195000,D,S,420980.000000
Tue Aug 05 06:55:29 2025,05-Aug-2025,095539,47 48.953000 N,064 1.085400 W,2.3,179.9,A,DoorSpread,DoorMaster,4.195000,D,S,420980.000000
Tue Aug 05 06:55:29 2025,05-Aug-2025,095540,47 48.952400 N,064 1.085600 W,2.3,179.9,A,DoorSpread,DoorMaster,4.195000,D,S,420980.000000
Tue Aug 05 06:55:31 2025,05-Aug-2025,095541,47 48.951700 N,064 1.085600 W,2.3,179.8,A,Primary,Headline,39.040816,D,S,790411.000000
Tue Aug 05 06:55:31 2025,05-Aug-2025,095542,47 48.951000 N,064 1.085600 W,2.3,179.5,A,Primary,Headline,39.040816,D,S,790411.000000
Tue Aug 05 06:55:33 2025,05-Aug-2025,095543,47 48.950400 N,064 1.085500 W,2.3,179.3,A,Depth,Depth,29.907407,D,S,648804.000000
Tue Aug 05 06:55:34 2025,05-Aug-2025,095544,47 48.949800 N,064 1.085500 W,2.3,179.2,A,DoorSpread,DoorMaster,3.695000,D,P,467111.000000
Tue Aug 05 06:55:34 2025,05-Aug-2025,095545,47 48.949200 N,064 1.085500 W,2.3,179.2,A,DoorSpread,DoorMaster,3.695000,D,P,467111.000000
Tue Aug 05 06:55:34 2025,05-Aug-2025,095546,47 48.948500 N,064 1.085500 W,2.3,179.5,A,DoorSpread,DoorMaster,3.695000,D,P,467111.000000
Tue Aug 05 06:55:37 2025,05-Aug-2025,095547,47 48.947800 N,064 1.085600 W,2.4,180.0,A,Primary,Headline,44.306122,D,S,564092.000000
Tue Aug 05 06:55:37 2025,05-Aug-2025,095548,47 48.947000 N,064 1.085700 W,2.4,180.5,A,Primary,Headline,44.306122,D,S,564092.000000
Tue Aug 05 06:55:39 2025,05-Aug-2025,095549,47 48.946200 N,064 1.085800 W,2.4,180.8,A,DoorSpread,DoorMaster,3.515000,D,S,281635.000000
Tue Aug 05 06:55:40 2025,05-Aug-2025,095550,47 48.945600 N,064 1.085700 W,2.5,181.0,A,Depth,Depth,28.518519,D,S,507510.000000
Tue Aug 05 06:55:42 2025,05-Aug-2025,095551,47 48.944800 N,064 1.085500 W,2.5,181.2,A,Primary,Headline,3.081633,D,P,461667.000000
Tue Aug 05 06:55:42 2025,05-Aug-2025,095552,47 48.944200 N,064 1.085400 W,2.5,181.4,A,Primary,Headline,3.244898,D,S,618240.000000
Tue Aug 05 06:55:42 2025,05-Aug-2025,095553,47 48.943400 N,064 1.085200 W,2.5,181.6,A,Primary,Headline,3.244898,D,S,618240.000000
Tue Aug 05 06:55:42 2025,05-Aug-2025,095554,47 48.942700 N,064 1.085200 W,2.6,182.0,A,Primary,Headline,3.244898,D,S,618240.000000
Tue Aug 05 06:55:45 2025,05-Aug-2025,095555,47 48.941900 N,064 1.085200 W,2.6,182.5,A,DoorSpread,DoorMaster,3.585000,D,S,298230.000000
Tue Aug 05 06:55:45 2025,05-Aug-2025,095556,47 48.941200 N,064 1.085100 W,2.5,182.8,A,DoorSpread,DoorMaster,3.585000,D,S,298230.000000
Tue Aug 05 06:55:48 2025,05-Aug-2025,095557,47 48.940500 N,064 1.085200 W,2.5,183.0,A,Primary,Headline,56.918367,D,P,364839.000000
Tue Aug 05 06:55:48 2025,05-Aug-2025,095558,47 48.939800 N,064 1.085100 W,2.5,183.1,A,Primary,Headline,56.918367,D,P,364839.000000
Tue Aug 05 06:55:48 2025,05-Aug-2025,095559,47 48.939000 N,064 1.085200 W,2.6,183.3,A,Primary,Headline,56.918367,D,P,364839.000000
Tue Aug 05 06:55:50 2025,05-Aug-2025,095600,47 48.938200 N,064 1.085300 W,2.6,183.3,A,DoorSpread,DoorMaster,3.630000,D,P,244751.000000
Tue Aug 05 06:55:50 2025,05-Aug-2025,095601,47 48.937500 N,064 1.085400 W,2.6,183.3,A,DoorSpread,DoorMaster,3.630000,D,P,244751.000000
Tue Aug 05 06:55:50 2025,05-Aug-2025,095602,47 48.936800 N,064 1.085400 W,2.6,183.2,A,DoorSpread,DoorMaster,3.630000,D,P,244751.000000
Tue Aug 05 06:55:54 2025,05-Aug-2025,095603,47 48.936000 N,064 1.085400 W,2.7,183.2,A,Primary,Headline,49.510204,D,S,971146.000000
Tue Aug 05 06:55:54 2025,05-Aug-2025,095604,47 48.935200 N,064 1.085400 W,2.7,183.3,A,Depth,Depth,22.777778,D,S,940723.000000
Tue Aug 05 06:55:56 2025,05-Aug-2025,095605,47 48.934400 N,064 1.085400 W,2.7,183.3,A,DoorSpread,DoorMaster,3.440000,D,P,384832.000000
Tue Aug 05 06:55:56 2025,05-Aug-2025,095606,47 48.933600 N,064 1.085600 W,2.7,183.4,A,DoorSpread,DoorMaster,3.485000,D,S,675661.000000
Tue Aug 05 06:55:56 2025,05-Aug-2025,095607,47 48.932800 N,064 1.085600 W,2.7,183.4,A,DoorSpread,DoorMaster,3.485000,D,S,675661.000000
Tue Aug 05 06:55:59 2025,05-Aug-2025,095608,47 48.932000 N,064 1.085800 W,2.7,183.5,A,Primary,Headline,3.183673,D,S,854384.000000
Tue Aug 05 06:55:59 2025,05-Aug-2025,095609,47 48.931200 N,064 1.085800 W,2.7,183.6,A,Primary,Headline,3.183673,D,S,854384.000000
Tue Aug 05 06:55:59 2025,05-Aug-2025,095610,47 48.930300 N,064 1.085900 W,2.7,183.8,A,Primary,Headline,3.183673,D,S,854384.000000
Tue Aug 05 06:56:01 2025,05-Aug-2025,095611,47 48.929500 N,064 1.086000 W,2.7,183.9,A,Depth,Depth,58.240741,D,S,41654.000000
Tue Aug 05 06:56:01 2025,05-Aug-2025,095612,47 48.928800 N,064 1.086200 W,2.7,183.9,A,Depth,Depth,58.240741,D,S,41654.000000
Tue Aug 05 06:56:04 2025,05-Aug-2025,095613,47 48.928100 N,064 1.086300 W,2.6,183.7,A,Primary,Headline,3.020408,D,P,393780.000000
Tue Aug 05 06:56:04 2025,05-Aug-2025,095614,47 48.927400 N,064 1.086300 W,2.6,183.3,A,Primary,Headline,3.020408,D,P,393780.000000
Tue Aug 05 06:56:04 2025,05-Aug-2025,095615,47 48.926700 N,064 1.086400 W,2.6,183.0,A,Primary,Headline,3.020408,D,P,393780.000000
Tue Aug 05 06:56:06 2025,05-Aug-2025,095616,47 48.926000 N,064 1.086400 W,2.6,182.7,A,DoorSpread,DoorMaster,3.155000,D,P,407812.000000
Tue Aug 05 06:56:06 2025,05-Aug-2025,095617,47 48.925300 N,064 1.086400 W,2.6,182.2,A,DoorSpread,DoorMaster,3.155000,D,P,407812.000000
Tue Aug 05 06:56:09 2025,05-Aug-2025,095618,47 48.924700 N,064 1.086400 W,2.5,181.7,A,Primary,Headline,3.122449,D,P,408246.000000
Tue Aug 05 06:56:09 2025,05-Aug-2025,095619,47 48.924000 N,064 1.086500 W,2.5,181.2,A,Primary,Headline,3.122449,D,P,408246.000000
Tue Aug 05 06:56:09 2025,05-Aug-2025,095620,47 48.923400 N,064 1.086600 W,2.5,181.0,A,Primary,Headline,3.122449,D,P,408246.000000
Tue Aug 05 06:56:09 2025,05-Aug-2025,095621,47 48.922800 N,064 1.086800 W,2.5,181.0,A,Primary,Headline,3.122449,D,P,408246.000000
Tue Aug 05 06:56:09 2025,05-Aug-2025,095622,47 48.922200 N,064 1.087000 W,2.4,181.1,A,Primary,Headline,3.122449,D,P,408246.000000
Tue Aug 05 06:56:13 2025,05-Aug-2025,095623,47 48.921600 N,064 1.087100 W,2.4,181.1,A,Secondary,Headline,0.000000,E,S,19678.000000
