Ship Number,Trip Number,Tow Number
Avalon Voyager,3,2
Comments
"Zone 12"
CPU Date and Time,GPS Date,GPS Time,Latitude,Longitude,Speed,Heading,Validity,Transducer Name,Sensor Name,Sensor Value,Error Code,Hydrophone,Signal Strength
Sun Aug 31 07:26:57 2025,31-Aug-2025,102702,47 20.274500 N,063 52.186400 W,3.2,13.1,A,Primary,Headline,1.020408,D,S,5008.000000
Sun Aug 31 07:26:57 2025,31-Aug-2025,102703,47 20.275300 N,063 52.186200 W,3.1,13.1,A,Primary,Headline,1.020408,D,S,5008.000000
Sun Aug 31 07:26:57 2025,31-Aug-2025,102704,47 20.276100 N,063 52.186000 W,3.1,13.0,A,Primary,Headline,1.020408,D,S,5008.000000
Sun Aug 31 07:26:57 2025,31-Aug-2025,102705,47 20.276900 N,063 52.185900 W,3.1,12.8,A,Primary,Headline,1.020408,D,S,5008.000000
Sun Aug 31 07:27:01 2025,31-Aug-2025,102706,47 20.277800 N,063 52.185800 W,3.2,12.6,A,DoorSpread,DoorMaster,0.000000,E,P,49502.000000
Sun Aug 31 07:27:01 2025,31-Aug-2025,102707,47 20.278700 N,063 52.185600 W,3.1,12.4,A,DoorSpread,DoorMaster,0.000000,E,P,49502.000000
Sun Aug 31 07:27:01 2025,31-Aug-2025,102708,47 20.279600 N,063 52.185400 W,3.1,12.3,A,DoorSpread,DoorMaster,0.000000,E,P,49502.000000
Sun Aug 31 07:27:01 2025,31-Aug-2025,102709,47 20.280400 N,063 52.185100 W,3.1,12.2,A,DoorSpread,DoorMaster,0.000000,E,P,49502.000000
Sun Aug 31 07:27:01 2025,31-Aug-2025,102710,47 20.281200 N,063 52.184800 W,3.1,12.3,A,DoorSpread,DoorMaster,0.000000,E,P,49502.000000
Sun Aug 31 07:27:01 2025,31-Aug-2025,102711,47 20.282000 N,063 52.184400 W,3.1,12.3,A,DoorSpread,DoorMaster,0.000000,E,P,49502.000000
Sun Aug 31 07:27:06 2025,31-Aug-2025,102712,47 20.282800 N,063 52.184200 W,3.1,12.3,A,DoorSpread,DoorMaster,3.560000,D,P,65171.000000
Sun Aug 31 07:27:06 2025,31-Aug-2025,102713,47 20.283500 N,063 52.183900 W,3.0,12.3,A,DoorSpread,DoorMaster,3.560000,D,P,65171.000000
Sun Aug 31 07:27:06 2025,31-Aug-2025,102714,47 20.284300 N,063 52.183500 W,3.0,12.3,A,DoorSpread,DoorMaster,3.560000,D,P,65171.000000
Sun Aug 31 07:27:06 2025,31-Aug-2025,102715,47 20.285100 N,063 52.183300 W,3.0,12.2,A,DoorSpread,DoorMaster,3.560000,D,P,65171.000000
Sun Aug 31 07:27:06 2025,31-Aug-2025,102716,47 20.285900 N,063 52.183000 W,3.0,12.1,A,DoorSpread,DoorMaster,3.560000,D,P,65171.000000
Sun Aug 31 07:27:11 2025,31-Aug-2025,102717,47 20.286600 N,063 52.182600 W,3.0,12.1,A,DoorSpread,DoorMaster,0.000000,E,S,50295.000000
Sun Aug 31 07:27:11 2025,31-Aug-2025,102718,47 20.287400 N,063 52.182300 W,3.0,12.0,A,DoorSpread,DoorMaster,0.000000,E,S,50295.000000
Sun Aug 31 07:27:11 2025,31-Aug-2025,102719,47 20.288300 N,063 52.181900 W,3.0,11.9,A,DoorSpread,DoorMaster,0.000000,E,S,50295.000000
Sun Aug 31 07:27:11 2025,31-Aug-2025,102720,47 20.289100 N,063 52.181500 W,3.0,11.9,A,DoorSpread,DoorMaster,0.000000,E,S,50295.000000
Sun Aug 31 07:27:11 2025,31-Aug-2025,102721,47 20.289900 N,063 52.181200 W,3.0,11.9,A,DoorSpread,DoorMaster,0.000000,E,S,50295.000000
Sun Aug 31 07:27:17 2025,31-Aug-2025,102722,47 20.290700 N,063 52.180900 W,2.9,11.9,A,DoorSpread,DoorMaster,2.150000,D,P,37086.000000
Sun Aug 31 07:27:17 2025,31-Aug-2025,102723,47 20.291500 N,063 52.180800 W,2.9,11.7,A,DoorSpread,DoorMaster,2.150000,D,P,37086.000000
Sun Aug 31 07:27:17 2025,31-Aug-2025,102724,47 20.292500 N,063 52.180500 W,3.0,11.6,A,DoorSpread,DoorMaster,2.150000,D,P,37086.000000
Sun Aug 31 07:27:17 2025,31-Aug-2025,102725,47 20.293300 N,063 52.180200 W,2.9,11.5,A,DoorSpread,DoorMaster,2.150000,D,P,37086.000000
Sun Aug 31 07:27:17 2025,31-Aug-2025,102726,47 20.294000 N,063 52.180000 W,2.9,11.3,A,DoorSpread,DoorMaster,2.150000,D,P,37086.000000
Sun Aug 31 07:27:22 2025,31-Aug-2025,102727,47 20.294700 N,063 52.179700 W,2.9,11.3,A,DoorSpread,DoorMaster,0.000000,E,P,298146.000000
Sun Aug 31 07:27:23 2025,31-Aug-2025,102728,47 20.295500 N,063 52.179600 W,2.9,11.3,A,Primary,Headline,3.061224,D,P,35152.000000
Sun Aug 31 07:27:23 2025,31-Aug-2025,102729,47 20.296300 N,063 52.179500 W,2.9,11.3,A,Primary,Headline,3.061224,D,P,35152.000000
Sun Aug 31 07:27:23 2025,31-Aug-2025,102730,47 20.297200 N,063 52.179600 W,2.9,11.1,A,Primary,Headline,3.061224,D,P,35152.000000
Sun Aug 31 07:27:23 2025,31-Aug-2025,102731,47 20.298000 N,063 52.179600 W,2.9,11.1,A,Primary,Headline,3.061224,D,P,35152.000000
Sun Aug 31 07:27:27 2025,31-Aug-2025,102732,47 20.298900 N,063 52.179400 W,2.9,11.0,A,DoorSpread,DoorMaster,0.000000,E,S,725693.000000
Sun Aug 31 07:27:27 2025,31-Aug-2025,102733,47 20.299800 N,063 52.179300 W,2.9,10.8,A,DoorSpread,DoorMaster,0.000000,E,S,725693.000000
Sun Aug 31 07:27:28 2025,31-Aug-2025,102734,47 20.300600 N,063 52.179100 W,2.8,10.7,A,Primary,Headline,1.244898,D,S,76129.000000
Sun Aug 31 07:27:28 2025,31-Aug-2025,102735,47 20.301300 N,063 52.179000 W,2.8,10.6,A,Primary,Headline,1.244898,D,S,76129.000000
Sun Aug 31 07:27:28 2025,31-Aug-2025,102736,47 20.302200 N,063 52.178800 W,2.8,10.6,A,Primary,Headline,1.244898,D,S,76129.000000
Sun Aug 31 07:27:32 2025,31-Aug-2025,102737,47 20.303100 N,063 52.178800 W,2.8,10.5,A,DoorSpread,DoorMaster,0.000000,E,S,644264.000000
Sun Aug 31 07:27:33 2025,31-Aug-2025,102738,47 20.303900 N,063 52.178600 W,2.8,10.3,A,Primary,Headline,3.857143,D,S,81254.000000
Sun Aug 31 07:27:33 2025,31-Aug-2025,102739,47 20.304800 N,063 52.178300 W,2.8,10.1,A,Primary,Headline,3.857143,D,S,81254.000000
Sun Aug 31 07:27:33 2025,31-Aug-2025,102740,47 20.305700 N,063 52.178000 W,2.8,10.0,A,Primary,Headline,3.857143,D,S,81254.000000
Sun Aug 31 07:27:33 2025,31-Aug-2025,102741,47 20.306500 N,063 52.177700 W,2.8,9.9,A,Primary,Headline,3.857143,D,S,81254.000000
Sun Aug 31 07:27:37 2025,31-Aug-2025,102742,47 20.307400 N,063 52.177500 W,2.7,9.6,A,Depth,Depth,17.777778,D,P,15316.000000
Sun Aug 31 07:27:37 2025,31-Aug-2025,102743,47 20.308200 N,063 52.177200 W,2.8,9.5,A,Depth,Depth,17.777778,D,P,15316.000000
Sun Aug 31 07:27:38 2025,31-Aug-2025,102744,47 20.309000 N,063 52.176900 W,2.8,9.5,A,Primary,Headline,6.122449,D,P,76264.000000
Sun Aug 31 07:27:38 2025,31-Aug-2025,102745,47 20.309900 N,063 52.176700 W,2.9,9.6,A,Primary,Headline,6.122449,D,P,76264.000000
Sun Aug 31 07:27:38 2025,31-Aug-2025,102746,47 20.310700 N,063 52.176600 W,2.9,9.3,A,Primary,Headline,6.122449,D,P,76264.000000
Sun Aug 31 07:27:42 2025,31-Aug-2025,102747,47 20.311700 N,063 52.176500 W,2.9,9.6,A,DoorSpread,DoorMaster,0.000000,E,S,905888.000000
Sun Aug 31 07:27:42 2025,31-Aug-2025,102748,47 20.312600 N,063 52.176300 W,3.0,9.8,A,DoorSpread,DoorMaster,0.000000,E,S,905888.000000
Sun Aug 31 07:27:44 2025,31-Aug-2025,102749,47 20.313600 N,063 52.176100 W,3.0,9.7,A,Depth,Depth,2.592593,D,S,157827.000000
Sun Aug 31 07:27:44 2025,31-Aug-2025,102750,47 20.314500 N,063 52.175700 W,3.1,9.4,A,Depth,Depth,2.592593,D,S,157827.000000
Sun Aug 31 07:27:44 2025,31-Aug-2025,102751,47 20.315400 N,063 52.175500 W,3.1,9.5,A,Depth,Depth,2.592593,D,S,157827.000000
Sun Aug 31 07:27:47 2025,31-Aug-2025,102752,47 20.316300 N,063 52.175300 W,3.2,10.0,A,DoorSpread,DoorMaster,0.000000,E,P,556290.000000
Sun Aug 31 07:27:47 2025,31-Aug-2025,102753,47 20.317100 N,063 52.174900 W,3.1,10.6,A,DoorSpread,DoorMaster,0.000000,E,P,556290.000000
Sun Aug 31 07:27:49 2025,31-Aug-2025,102754,47 20.317900 N,063 52.174600 W,3.2,10.7,A,Primary,Headline,8.204082,D,P,47640.000000
Sun Aug 31 07:27:49 2025,31-Aug-2025,102755,47 20.318800 N,063 52.174300 W,3.2,10.6,A,Primary,Headline,8.204082,D,P,47640.000000
Sun Aug 31 07:27:49 2025,31-Aug-2025,102756,47 20.319500 N,063 52.174100 W,3.2,10.4,A,Primary,Headline,8.204082,D,P,47640.000000
Sun Aug 31 07:27:52 2025,31-Aug-2025,102757,47 20.320300 N,063 52.174000 W,3.1,10.3,A,DoorSpread,DoorMaster,0.000000,E,P,633177.000000
Sun Aug 31 07:27:52 2025,31-Aug-2025,102758,47 20.321000 N,063 52.173900 W,3.1,10.3,A,DoorSpread,DoorMaster,0.000000,E,P,633177.000000
Sun Aug 31 07:27:54 2025,31-Aug-2025,102759,47 20.321800 N,063 52.173600 W,3.1,10.4,A,Primary,Headline,10.000000,D,P,54896.000000
Sun Aug 31 07:27:54 2025,31-Aug-2025,102800,47 20.322500 N,063 52.173300 W,3.1,10.5,A,Primary,Headline,10.000000,D,P,54896.000000
Sun Aug 31 07:27:54 2025,31-Aug-2025,102801,47 20.323300 N,063 52.173000 W,3.0,10.6,A,Primary,Headline,10.000000,D,P,54896.000000
Sun Aug 31 07:27:54 2025,31-Aug-2025,102802,47 20.324100 N,063 52.172800 W,3.0,10.7,A,Primary,Headline,10.000000,D,P,54896.000000
Sun Aug 31 07:27:57 2025,31-Aug-2025,102803,47 20.324700 N,063 52.172600 W,3.0,10.8,A,DoorSpread,DoorMaster,1.805000,D,S,1008355.000000
Sun Aug 31 07:27:59 2025,31-Aug-2025,102804,47 20.325300 N,063 52.172300 W,3.0,10.9,A,Primary,Headline,10.142857,D,S,91242.000000
Sun Aug 31 07:27:59 2025,31-Aug-2025,102805,47 20.326000 N,063 52.172100 W,3.1,11.1,A,Primary,Headline,10.142857,D,S,91242.000000
Sun Aug 31 07:27:59 2025,31-Aug-2025,102806,47 20.326700 N,063 52.171900 W,3.2,11.3,A,Primary,Headline,10.142857,D,S,91242.000000
Sun Aug 31 07:27:59 2025,31-Aug-2025,102807,47 20.327600 N,063 52.171700 W,3.2,11.4,A,Primary,Headline,10.142857,D,S,91242.000000
Sun Aug 31 07:28:03 2025,31-Aug-2025,102808,47 20.328500 N,063 52.171400 W,3.4,11.6,A,DoorSpread,DoorMaster,2.440000,D,S,805764.000000
Sun Aug 31 07:28:04 2025,31-Aug-2025,102809,47 20.329500 N,063 52.171000 W,3.5,12.2,A,Primary,Headline,8.285714,D,S,121502.000000
Sun Aug 31 07:28:04 2025,31-Aug-2025,102810,47 20.330500 N,063 52.170700 W,3.6,12.7,A,Primary,Headline,8.285714,D,S,121502.000000
Sun Aug 31 07:28:04 2025,31-Aug-2025,102811,47 20.331500 N,063 52.170200 W,3.7,12.9,A,Primary,Headline,8.285714,D,S,121502.000000
Sun Aug 31 07:28:04 2025,31-Aug-2025,102812,47 20.332600 N,063 52.169700 W,3.9,13.2,A,Primary,Headline,8.285714,D,S,121502.000000
Sun Aug 31 07:28:08 2025,31-Aug-2025,102813,47 20.333700 N,063 52.169200 W,4.1,13.4,A,DoorSpread,DoorMaster,2.230000,D,P,506406.000000
Sun Aug 31 07:28:08 2025,31-Aug-2025,102814,47 20.335000 N,063 52.168700 W,4.2,13.2,A,DoorSpread,DoorMaster,2.230000,D,P,506406.000000
Sun Aug 31 07:28:09 2025,31-Aug-2025,102815,47 20.336200 N,063 52.168400 W,4.3,13.2,A,Primary,Headline,10.428571,D,S,229560.000000
Sun Aug 31 07:28:09 2025,31-Aug-2025,102816,47 20.337300 N,063 52.168000 W,4.4,13.3,A,Primary,Headline,10.428571,D,S,229560.000000
Sun Aug 31 07:28:09 2025,31-Aug-2025,102817,47 20.338600 N,063 52.167400 W,4.5,13.5,A,Primary,Headline,10.428571,D,S,229560.000000
Sun Aug 31 07:28:12 2025,31-Aug-2025,102818,47 20.339900 N,063 52.166900 W,4.6,13.7,A,Depth,Depth,1.296296,D,P,43726.000000
Sun Aug 31 07:28:13 2025,31-Aug-2025,102819,47 20.341300 N,063 52.166400 W,4.7,13.9,A,DoorSpread,DoorMaster,2.590000,D,P,394563.000000
Sun Aug 31 07:28:14 2025,31-Aug-2025,102820,47 20.342600 N,063 52.165900 W,4.8,14.0,A,Primary,Headline,10.755102,D,S,125477.000000
Sun Aug 31 07:28:14 2025,31-Aug-2025,102821,47 20.344000 N,063 52.165500 W,4.8,13.8,A,Primary,Headline,10.755102,D,S,125477.000000
Sun Aug 31 07:28:14 2025,31-Aug-2025,102822,47 20.345400 N,063 52.165100 W,4.9,13.5,A,Primary,Headline,10.755102,D,S,125477.000000
Sun Aug 31 07:28:14 2025,31-Aug-2025,102823,47 20.346900 N,063 52.164700 W,4.9,14.0,A,Primary,Headline,10.755102,D,S,125477.000000
Sun Aug 31 07:28:19 2025,31-Aug-2025,102824,47 20.348300 N,063 52.164100 W,5.0,14.4,A,DoorSpread,DoorMaster,3.110000,D,S,993362.000000
Sun Aug 31 07:28:19 2025,31-Aug-2025,102825,47 20.349700 N,063 52.163600 W,5.0,14.1,A,Primary,Headline,11.163265,D,S,184579.000000
Sun Aug 31 07:28:19 2025,31-Aug-2025,102826,47 20.351200 N,063 52.163100 W,5.1,13.6,A,Primary,Headline,11.163265,D,S,184579.000000
Sun Aug 31 07:28:19 2025,31-Aug-2025,102827,47 20.352600 N,063 52.162600 W,5.1,13.3,A,Primary,Headline,11.163265,D,S,184579.000000
Sun Aug 31 07:28:19 2025,31-Aug-2025,102828,47 20.354100 N,063 52.162100 W,5.1,13.5,A,Primary,Headline,11.163265,D,S,184579.000000
Sun Aug 31 07:28:24 2025,31-Aug-2025,102829,47 20.355500 N,063 52.161400 W,5.2,14.0,A,DoorSpread,DoorMaster,3.890000,D,S,999596.000000
Sun Aug 31 07:28:25 2025,31-Aug-2025,102830,47 20.357000 N,063 52.160600 W,5.2,14.2,A,Primary,Headline,11.081633,D,S,104632.000000
Sun Aug 31 07:28:25 2025,31-Aug-2025,102831,47 20.358500 N,063 52.159900 W,5.2,14.1,A,Primary,Headline,11.081633,D,S,104632.000000
Sun Aug 31 07:28:26 2025,31-Aug-2025,102832,47 20.360000 N,063 52.159300 W,5.2,14.0,A,Depth,Depth,14.907407,D,S,112060.000000
Sun Aug 31 07:28:26 2025,31-Aug-2025,102833,47 20.361500 N,063 52.158700 W,5.2,13.8,A,Depth,Depth,14.907407,D,S,112060.000000
Sun Aug 31 07:28:26 2025,31-Aug-2025,102834,47 20.363000 N,063 52.158100 W,5.3,13.9,A,Depth,Depth,14.907407,D,S,112060.000000
Sun Aug 31 07:28:30 2025,31-Aug-2025,102835,47 20.364600 N,063 52.157600 W,5.3,14.0,A,Primary,Headline,11.469388,D,S,95344.000000
Sun Aug 31 07:28:30 2025,31-Aug-2025,102836,47 20.366100 N,063 52.157000 W,5.3,13.8,A,DoorSpread,DoorMaster,15.730000,D,S,985550.000000
Sun Aug 31 07:28:30 2025,31-Aug-2025,102837,47 20.367400 N,063 52.156500 W,5.3,13.7,A,DoorSpread,DoorMaster,15.730000,D,S,985550.000000
Sun Aug 31 07:28:30 2025,31-Aug-2025,102838,47 20.368900 N,063 52.155900 W,5.3,13.8,A,DoorSpread,DoorMaster,15.730000,D,S,985550.000000
Sun Aug 31 07:28:33 2025,31-Aug-2025,102839,47 20.370300 N,063 52.155200 W,5.3,13.7,A,Depth,Depth,15.555556,D,S,156680.000000
Sun Aug 31 07:28:35 2025,31-Aug-2025,102840,47 20.371700 N,063 52.154700 W,5.3,13.4,A,Primary,Headline,11.918367,D,P,68111.000000
Sun Aug 31 07:28:36 2025,31-Aug-2025,102841,47 20.373100 N,063 52.154100 W,5.3,13.6,A,DoorSpread,DoorMaster,3.950000,D,P,321903.000000
Sun Aug 31 07:28:36 2025,31-Aug-2025,102842,47 20.374500 N,063 52.153600 W,5.3,13.7,A,DoorSpread,DoorMaster,3.950000,D,P,321903.000000
Sun Aug 31 07:28:36 2025,31-Aug-2025,102843,47 20.376000 N,063 52.153000 W,5.3,13.6,A,DoorSpread,DoorMaster,3.950000,D,P,321903.000000
Sun Aug 31 07:28:36 2025,31-Aug-2025,102844,47 20.377400 N,063 52.152500 W,5.3,13.4,A,DoorSpread,DoorMaster,3.950000,D,P,321903.000000
Sun Aug 31 07:28:36 2025,31-Aug-2025,102845,47 20.378900 N,063 52.152000 W,5.3,13.4,A,DoorSpread,DoorMaster,3.950000,D,P,321903.000000
Sun Aug 31 07:28:40 2025,31-Aug-2025,102846,47 20.380300 N,063 52.151600 W,5.3,13.2,A,Depth,Depth,15.555556,D,S,172926.000000
Sun Aug 31 07:28:41 2025,31-Aug-2025,102847,47 20.381600 N,063 52.151200 W,5.3,13.1,A,DoorSpread,DoorMaster,4.335000,D,S,906928.000000
Sun Aug 31 07:28:41 2025,31-Aug-2025,102848,47 20.382900 N,063 52.150800 W,5.3,13.6,A,DoorSpread,DoorMaster,4.335000,D,S,906928.000000
Sun Aug 31 07:28:41 2025,31-Aug-2025,102849,47 20.384400 N,063 52.150300 W,5.3,13.9,A,DoorSpread,DoorMaster,4.335000,D,S,906928.000000
Sun Aug 31 07:28:41 2025,31-Aug-2025,102850,47 20.385800 N,063 52.149800 W,5.3,14.0,A,DoorSpread,DoorMaster,4.335000,D,S,906928.000000
Sun Aug 31 07:28:45 2025,31-Aug-2025,102851,47 20.387300 N,063 52.149300 W,5.3,14.0,A,Primary,Headline,12.510204,D,S,218340.000000
Sun Aug 31 07:28:46 2025,31-Aug-2025,102852,47 20.388700 N,063 52.148900 W,5.3,13.8,A,DoorSpread,DoorMaster,0.000000,E,S,601674.000000
Sun Aug 31 07:28:47 2025,31-Aug-2025,102853,47 20.390100 N,063 52.148500 W,5.3,13.9,A,Depth,Depth,15.833333,D,S,164549.000000
Sun Aug 31 07:28:47 2025,31-Aug-2025,102854,47 20.391600 N,063 52.148000 W,5.3,13.9,A,Depth,Depth,15.833333,D,S,164549.000000
Sun Aug 31 07:28:47 2025,31-Aug-2025,102855,47 20.393100 N,063 52.147500 W,5.3,14.0,A,Depth,Depth,15.833333,D,S,164549.000000
Sun Aug 31 07:28:51 2025,31-Aug-2025,102856,47 20.394500 N,063 52.146900 W,5.3,14.3,A,Primary,Headline,12.836735,D,S,147170.000000
Sun Aug 31 07:28:52 2025,31-Aug-2025,102857,47 20.396000 N,063 52.146200 W,5.3,14.2,A,DoorSpread,DoorMaster,4.395000,D,S,570800.000000
Sun Aug 31 07:28:52 2025,31-Aug-2025,102858,47 20.397500 N,063 52.145500 W,5.3,14.0,A,DoorSpread,DoorMaster,4.395000,D,S,570800.000000
Sun Aug 31 07:28:52 2025,31-Aug-2025,102859,47 20.399000 N,063 52.144900 W,5.3,14.0,A,DoorSpread,DoorMaster,4.395000,D,S,570800.000000
Sun Aug 31 07:28:55 2025,31-Aug-2025,102900,47 20.400500 N,063 52.144300 W,5.3,14.3,A,Depth,Depth,17.129630,D,S,141877.000000
Sun Aug 31 07:28:56 2025,31-Aug-2025,102901,47 20.402000 N,063 52.143600 W,5.3,14.6,A,Primary,Headline,13.673469,D,S,171235.000000
Sun Aug 31 07:28:56 2025,31-Aug-2025,102902,47 20.403400 N,063 52.143100 W,5.3,14.4,A,Primary,Headline,13.673469,D,S,171235.000000
Sun Aug 31 07:28:56 2025,31-Aug-2025,102903,47 20.404800 N,063 52.142600 W,5.3,14.2,A,Primary,Headline,13.673469,D,S,171235.000000
Sun Aug 31 07:28:58 2025,31-Aug-2025,102904,47 20.406200 N,063 52.142200 W,5.3,14.3,A,DoorSpread,DoorMaster,17.170000,D,S,632478.000000
Sun Aug 31 07:28:58 2025,31-Aug-2025,102905,47 20.407600 N,063 52.141800 W,5.3,14.2,A,DoorSpread,DoorMaster,17.170000,D,S,632478.000000
Sun Aug 31 07:28:58 2025,31-Aug-2025,102906,47 20.409100 N,063 52.141400 W,5.2,14.3,A,DoorSpread,DoorMaster,17.170000,D,S,632478.000000
Sun Aug 31 07:29:02 2025,31-Aug-2025,102907,47 20.410400 N,063 52.140800 W,5.3,14.5,A,Depth,Depth,20.833333,D,S,173993.000000
Sun Aug 31 07:29:03 2025,31-Aug-2025,102908,47 20.411900 N,063 52.140400 W,5.3,14.7,A,DoorSpread,DoorMaster,0.000000,E,S,620366.000000
Sun Aug 31 07:29:03 2025,31-Aug-2025,102909,47 20.413300 N,063 52.139800 W,5.3,14.6,A,DoorSpread,DoorMaster,0.000000,E,S,620366.000000
Sun Aug 31 07:29:03 2025,31-Aug-2025,102910,47 20.414800 N,063 52.139400 W,5.3,14.5,A,DoorSpread,DoorMaster,0.000000,E,S,620366.000000
Sun Aug 31 07:29:03 2025,31-Aug-2025,102911,47 20.416200 N,063 52.138800 W,5.2,14.4,A,DoorSpread,DoorMaster,0.000000,E,S,620366.000000
Sun Aug 31 07:29:06 2025,31-Aug-2025,102912,47 20.417500 N,063 52.138300 W,5.2,14.4,A,Primary,Headline,14.510204,D,P,85956.000000
Sun Aug 31 07:29:06 2025,31-Aug-2025,102913,47 20.418900 N,063 52.137700 W,5.3,14.5,A,Primary,Headline,14.510204,D,P,85956.000000
Sun Aug 31 07:29:09 2025,31-Aug-2025,102914,47 20.420300 N,063 52.137100 W,5.2,14.5,A,Depth,Depth,16.481481,D,S,202514.000000
Sun Aug 31 07:29:10 2025,31-Aug-2025,102915,47 20.421700 N,063 52.136600 W,5.2,14.5,A,DoorSpread,DoorMaster,19.470000,D,S,501448.000000
Sun Aug 31 07:29:10 2025,31-Aug-2025,102916,47 20.423100 N,063 52.136100 W,5.2,14.5,A,DoorSpread,DoorMaster,19.470000,D,S,501448.000000
Sun Aug 31 07:29:12 2025,31-Aug-2025,102917,47 20.424400 N,063 52.135600 W,5.2,14.7,A,Primary,Headline,15.306122,D,S,221087.000000
Sun Aug 31 07:29:12 2025,31-Aug-2025,102918,47 20.425700 N,063 52.135000 W,5.2,14.7,A,Primary,Headline,15.306122,D,S,221087.000000
Sun Aug 31 07:29:12 2025,31-Aug-2025,102919,47 20.426900 N,063 52.134500 W,5.2,14.9,A,Primary,Headline,15.306122,D,S,221087.000000
Sun Aug 31 07:29:15 2025,31-Aug-2025,102920,47 20.428200 N,063 52.133900 W,5.2,15.1,A,DoorSpread,DoorMaster,0.000000,E,S,674267.000000
Sun Aug 31 07:29:16 2025,31-Aug-2025,102921,47 20.429400 N,063 52.133200 W,5.2,14.7,A,Depth,Depth,20.370370,D,S,163696.000000
Sun Aug 31 07:29:17 2025,31-Aug-2025,102922,47 20.430700 N,063 52.132700 W,5.2,14.4,A,Primary,Headline,15.979592,D,S,171995.000000
Sun Aug 31 07:29:17 2025,31-Aug-2025,102923,47 20.432000 N,063 52.132100 W,5.2,14.3,A,Primary,Headline,15.979592,D,S,171995.000000
Sun Aug 31 07:29:17 2025,31-Aug-2025,102924,47 20.433300 N,063 52.131600 W,5.2,14.9,A,Primary,Headline,15.979592,D,S,171995.000000
Sun Aug 31 07:29:20 2025,31-Aug-2025,102925,47 20.434700 N,063 52.131000 W,5.2,15.4,A,DoorSpread,DoorMaster,0.000000,E,S,731464.000000
Sun Aug 31 07:29:20 2025,31-Aug-2025,102926,47 20.436100 N,063 52.130400 W,5.2,15.4,A,DoorSpread,DoorMaster,0.000000,E,S,731464.000000
Sun Aug 31 07:29:20 2025,31-Aug-2025,102927,47 20.437500 N,063 52.129900 W,5.2,15.1,A,DoorSpread,DoorMaster,0.000000,E,S,731464.000000
Sun Aug 31 07:29:23 2025,31-Aug-2025,102928,47 20.438900 N,063 52.129400 W,5.2,14.7,A,Depth,Depth,20.648148,D,S,140385.000000
Sun Aug 31 07:29:23 2025,31-Aug-2025,102929,47 20.440300 N,063 52.128800 W,5.2,14.7,A,Depth,Depth,20.648148,D,S,140385.000000
Sun Aug 31 07:29:25 2025,31-Aug-2025,102930,47 20.441800 N,063 52.128100 W,5.2,14.9,A,DoorSpread,DoorMaster,0.000000,E,S,602132.000000
Sun Aug 31 07:29:25 2025,31-Aug-2025,102931,47 20.443200 N,063 52.127500 W,5.2,14.9,A,DoorSpread,DoorMaster,0.000000,E,S,602132.000000
Sun Aug 31 07:29:25 2025,31-Aug-2025,102932,47 20.444500 N,063 52.126900 W,5.2,14.9,A,DoorSpread,DoorMaster,0.000000,E,S,602132.000000
Sun Aug 31 07:29:27 2025,31-Aug-2025,102933,47 20.445800 N,063 52.126300 W,5.2,15.0,A,Primary,Headline,17.489796,D,S,165064.000000
Sun Aug 31 07:29:27 2025,31-Aug-2025,102934,47 20.447000 N,063 52.125800 W,5.2,14.9,A,Primary,Headline,17.489796,D,S,165064.000000
Sun Aug 31 07:29:30 2025,31-Aug-2025,102935,47 20.448200 N,063 52.125400 W,5.2,14.9,A,Depth,Depth,22.777778,D,S,144676.000000
Sun Aug 31 07:29:30 2025,31-Aug-2025,102936,47 20.449500 N,063 52.124900 W,5.2,14.8,A,DoorSpread,DoorMaster,5.455000,D,P,182088.000000
Sun Aug 31 07:29:30 2025,31-Aug-2025,102937,47 20.450700 N,063 52.124500 W,5.2,14.7,A,DoorSpread,DoorMaster,5.455000,D,P,182088.000000
Sun Aug 31 07:29:33 2025,31-Aug-2025,102938,47 20.452000 N,063 52.124000 W,5.2,14.7,A,Primary,Headline,18.571429,D,S,144918.000000
Sun Aug 31 07:29:33 2025,31-Aug-2025,102939,47 20.453400 N,063 52.123600 W,5.2,14.6,A,Primary,Headline,18.571429,D,S,144918.000000
Sun Aug 31 07:29:33 2025,31-Aug-2025,102940,47 20.454800 N,063 52.123300 W,5.2,14.5,A,Primary,Headline,18.571429,D,S,144918.000000
Sun Aug 31 07:29:36 2025,31-Aug-2025,102941,47 20.456200 N,063 52.122800 W,5.2,14.7,A,DoorSpread,DoorMaster,0.275000,D,P,143243.000000
Sun Aug 31 07:29:37 2025,31-Aug-2025,102942,47 20.457700 N,063 52.122300 W,5.2,15.0,A,Depth,Depth,24.444444,D,S,123649.000000
Sun Aug 31 07:29:38 2025,31-Aug-2025,102943,47 20.459200 N,063 52.121700 W,5.2,15.4,A,Primary,Headline,19.775510,D,S,158964.000000
Sun Aug 31 07:29:38 2025,31-Aug-2025,102944,47 20.460800 N,063 52.121100 W,5.2,15.5,A,Primary,Headline,19.775510,D,S,158964.000000
Sun Aug 31 07:29:38 2025,31-Aug-2025,102945,47 20.462400 N,063 52.120500 W,5.2,15.3,A,Primary,Headline,19.775510,D,S,158964.000000
Sun Aug 31 07:29:41 2025,31-Aug-2025,102946,47 20.463900 N,063 52.119900 W,5.3,15.1,A,DoorSpread,DoorMaster,0.000000,E,S,565911.000000
Sun Aug 31 07:29:41 2025,31-Aug-2025,102947,47 20.465400 N,063 52.119300 W,5.2,15.3,A,DoorSpread,DoorMaster,0.000000,E,S,565911.000000
Sun Aug 31 07:29:41 2025,31-Aug-2025,102948,47 20.466800 N,063 52.118600 W,5.3,15.5,A,DoorSpread,DoorMaster,0.000000,E,S,565911.000000
Sun Aug 31 07:29:43 2025,31-Aug-2025,102949,47 20.468300 N,063 52.118000 W,5.3,15.5,A,Primary,Headline,20.612245,D,S,207045.000000
Sun Aug 31 07:29:44 2025,31-Aug-2025,102950,47 20.469800 N,063 52.117200 W,5.3,15.3,A,Depth,Depth,25.092593,D,S,148019.000000
Sun Aug 31 07:29:46 2025,31-Aug-2025,102951,47 20.471300 N,063 52.116500 W,5.3,15.4,A,DoorSpread,DoorMaster,3.810000,D,S,539158.000000
Sun Aug 31 07:29:46 2025,31-Aug-2025,102952,47 20.472800 N,063 52.115800 W,5.3,15.8,A,DoorSpread,DoorMaster,3.810000,D,S,539158.000000
Sun Aug 31 07:29:46 2025,31-Aug-2025,102953,47 20.474300 N,063 52.115000 W,5.3,15.9,A,DoorSpread,DoorMaster,3.810000,D,S,539158.000000
Sun Aug 31 07:29:49 2025,31-Aug-2025,102954,47 20.475800 N,063 52.114300 W,5.3,16.0,A,Primary,Headline,22.755102,D,S,122025.000000
Sun Aug 31 07:29:49 2025,31-Aug-2025,102955,47 20.477400 N,063 52.113800 W,5.3,16.0,A,Primary,Headline,22.755102,D,S,122025.000000
Sun Aug 31 07:29:49 2025,31-Aug-2025,102956,47 20.478900 N,063 52.113300 W,5.3,16.0,A,Primary,Headline,22.755102,D,S,122025.000000
Sun Aug 31 07:29:51 2025,31-Aug-2025,102957,47 20.480400 N,063 52.112900 W,5.3,16.1,A,Depth,Depth,25.185185,D,P,50772.000000
Sun Aug 31 07:29:51 2025,31-Aug-2025,102958,47 20.482000 N,063 52.112400 W,5.4,16.1,A,Depth,Depth,25.185185,D,P,50772.000000
Sun Aug 31 07:29:51 2025,31-Aug-2025,102959,47 20.483400 N,063 52.111700 W,5.4,16.3,A,Depth,Depth,25.185185,D,P,50772.000000
Sun Aug 31 07:29:54 2025,31-Aug-2025,103000,47 20.484800 N,063 52.111100 W,5.3,16.1,A,Primary,Headline,46.693878,D,S,137210.000000
Sun Aug 31 07:29:54 2025,31-Aug-2025,103001,47 20.486300 N,063 52.110700 W,5.4,16.0,A,Primary,Headline,46.693878,D,S,137210.000000
Sun Aug 31 07:29:54 2025,31-Aug-2025,103002,47 20.487800 N,063 52.110200 W,5.4,16.0,A,Primary,Headline,46.693878,D,S,137210.000000
Sun Aug 31 07:29:54 2025,31-Aug-2025,103003,47 20.489300 N,063 52.109600 W,5.3,15.8,A,Primary,Headline,46.693878,D,S,137210.000000
Sun Aug 31 07:29:58 2025,31-Aug-2025,103004,47 20.490900 N,063 52.109100 W,5.4,15.7,A,Depth,Depth,28.148148,D,S,115999.000000
Sun Aug 31 07:30:00 2025,31-Aug-2025,103005,47 20.492400 N,063 52.108600 W,5.4,15.8,A,Primary,Headline,24.306122,D,S,125060.000000
Sun Aug 31 07:30:00 2025,31-Aug-2025,103006,47 20.493900 N,063 52.108000 W,5.4,15.9,A,Primary,Headline,24.306122,D,S,125060.000000
Sun Aug 31 07:30:00 2025,31-Aug-2025,103007,47 20.495400 N,063 52.107300 W,5.4,15.6,A,Primary,Headline,24.306122,D,S,125060.000000
Sun Aug 31 07:30:00 2025,31-Aug-2025,103008,47 20.496900 N,063 52.106700 W,5.4,15.3,A,Primary,Headline,24.306122,D,S,125060.000000
Sun Aug 31 07:30:04 2025,31-Aug-2025,103009,47 20.498300 N,063 52.106200 W,5.4,15.0,A,DoorSpread,DoorMaster,5.150000,D,S,674262.000000
Sun Aug 31 07:30:04 2025,31-Aug-2025,103010,47 20.499800 N,063 52.105700 W,5.4,14.9,A,DoorSpread,DoorMaster,5.150000,D,S,674262.000000
Sun Aug 31 07:30:05 2025,31-Aug-2025,103011,47 20.501200 N,063 52.105300 W,5.3,14.9,A,Primary,Headline,25.836735,D,S,161994.000000
Sun Aug 31 07:30:05 2025,31-Aug-2025,103012,47 20.502500 N,063 52.104800 W,5.3,14.9,A,Primary,Headline,25.836735,D,S,161994.000000
Sun Aug 31 07:30:05 2025,31-Aug-2025,103013,47 20.503800 N,063 52.104200 W,5.3,14.9,A,Primary,Headline,25.836735,D,S,161994.000000
Sun Aug 31 07:30:05 2025,31-Aug-2025,103014,47 20.505300 N,063 52.103600 W,5.4,14.9,A,Primary,Headline,25.836735,D,S,161994.000000
Sun Aug 31 07:30:09 2025,31-Aug-2025,103015,47 20.506600 N,063 52.102900 W,5.3,14.9,A,DoorSpread,DoorMaster,5.300000,D,S,573076.000000
Sun Aug 31 07:30:11 2025,31-Aug-2025,103016,47 20.508000 N,063 52.102300 W,5.3,15.1,A,Primary,Headline,30.000000,D,S,200292.000000
Sun Aug 31 07:30:11 2025,31-Aug-2025,103017,47 20.509300 N,063 52.101600 W,5.3,15.2,A,Primary,Headline,30.000000,D,S,200292.000000
Sun Aug 31 07:30:11 2025,31-Aug-2025,103018,47 20.510800 N,063 52.101000 W,5.3,15.3,A,Primary,Headline,30.000000,D,S,200292.000000
Sun Aug 31 07:30:11 2025,31-Aug-2025,103019,47 20.512200 N,063 52.100400 W,5.3,15.3,A,Primary,Headline,30.000000,D,S,200292.000000
Sun Aug 31 07:30:15 2025,31-Aug-2025,103020,47 20.513700 N,063 52.099700 W,5.3,15.2,A,DoorSpread,DoorMaster,5.720000,D,S,389232.000000
Sun Aug 31 07:30:15 2025,31-Aug-2025,103021,47 20.515100 N,063 52.099100 W,5.3,15.0,A,DoorSpread,DoorMaster,5.720000,D,S,389232.000000
Sun Aug 31 07:30:16 2025,31-Aug-2025,103022,47 20.516500 N,063 52.098500 W,5.3,15.0,A,Primary,Headline,27.979592,D,S,197238.000000
Sun Aug 31 07:30:16 2025,31-Aug-2025,103023,47 20.517700 N,063 52.097800 W,5.3,15.2,A,Primary,Headline,27.979592,D,S,197238.000000
Sun Aug 31 07:30:16 2025,31-Aug-2025,103024,47 20.519000 N,063 52.097200 W,5.3,15.3,A,Primary,Headline,27.979592,D,S,197238.000000
Sun Aug 31 07:30:20 2025,31-Aug-2025,103025,47 20.520300 N,063 52.096600 W,5.3,15.3,A,Depth,Depth,34.537037,D,S,142526.000000
Sun Aug 31 07:30:20 2025,31-Aug-2025,103026,47 20.521700 N,063 52.096000 W,5.2,15.1,A,DoorSpread,DoorMaster,5.975000,D,S,371559.000000
Sun Aug 31 07:30:22 2025,31-Aug-2025,103027,47 20.523100 N,063 52.095600 W,5.2,14.7,A,Primary,Headline,30.183673,D,S,186609.000000
Sun Aug 31 07:30:22 2025,31-Aug-2025,103028,47 20.524500 N,063 52.095200 W,5.2,14.5,A,Primary,Headline,30.183673,D,S,186609.000000
Sun Aug 31 07:30:22 2025,31-Aug-2025,103029,47 20.525900 N,063 52.094900 W,5.2,14.7,A,Primary,Headline,30.183673,D,S,186609.000000
Sun Aug 31 07:30:22 2025,31-Aug-2025,103030,47 20.527400 N,063 52.094400 W,5.2,14.8,A,Primary,Headline,30.183673,D,S,186609.000000
Sun Aug 31 07:30:26 2025,31-Aug-2025,103031,47 20.528800 N,063 52.094000 W,5.2,14.7,A,DoorSpread,DoorMaster,5.990000,D,S,227509.000000
Sun Aug 31 07:30:27 2025,31-Aug-2025,103032,47 20.530300 N,063 52.093700 W,5.2,14.4,A,Depth,Depth,33.888889,D,P,85537.000000
Sun Aug 31 07:30:27 2025,31-Aug-2025,103033,47 20.531800 N,063 52.093300 W,5.2,14.3,A,Primary,Headline,30.367347,D,S,191450.000000
Sun Aug 31 07:30:27 2025,31-Aug-2025,103034,47 20.533200 N,063 52.093000 W,5.2,14.1,A,Primary,Headline,30.367347,D,S,191450.000000
Sun Aug 31 07:30:27 2025,31-Aug-2025,103035,47 20.534700 N,063 52.092500 W,5.1,14.1,A,Primary,Headline,30.367347,D,S,191450.000000
Sun Aug 31 07:30:31 2025,31-Aug-2025,103036,47 20.536100 N,063 52.091900 W,5.1,13.8,A,DoorSpread,DoorMaster,0.000000,E,S,374398.000000
Sun Aug 31 07:30:31 2025,31-Aug-2025,103037,47 20.537500 N,063 52.091400 W,5.1,13.7,A,DoorSpread,DoorMaster,0.000000,E,S,374398.000000
Sun Aug 31 07:30:33 2025,31-Aug-2025,103038,47 20.538900 N,063 52.090900 W,5.1,13.7,A,Primary,Headline,31.510204,D,S,90768.000000
Sun Aug 31 07:30:34 2025,31-Aug-2025,103039,47 20.540300 N,063 52.090300 W,5.1,13.5,A,Depth,Depth,38.148148,D,S,142927.000000
Sun Aug 31 07:30:34 2025,31-Aug-2025,103040,47 20.541700 N,063 52.089800 W,5.1,13.3,A,Depth,Depth,38.148148,D,S,142927.000000
Sun Aug 31 07:30:34 2025,31-Aug-2025,103041,47 20.543100 N,063 52.089300 W,5.1,13.5,A,Depth,Depth,38.148148,D,S,142927.000000
Sun Aug 31 07:30:37 2025,31-Aug-2025,103042,47 20.544500 N,063 52.088600 W,5.1,13.7,A,DoorSpread,DoorMaster,5.730000,D,S,284002.000000
Sun Aug 31 07:30:37 2025,31-Aug-2025,103043,47 20.545800 N,063 52.088100 W,5.1,13.5,A,DoorSpread,DoorMaster,5.730000,D,S,284002.000000
Sun Aug 31 07:30:38 2025,31-Aug-2025,103044,47 20.547200 N,063 52.087600 W,5.1,13.3,A,Primary,Headline,31.979592,D,S,102086.000000
Sun Aug 31 07:30:38 2025,31-Aug-2025,103045,47 20.548600 N,063 52.087200 W,5.1,13.3,A,Primary,Headline,31.979592,D,S,102086.000000
Sun Aug 31 07:30:41 2025,31-Aug-2025,103046,47 20.549900 N,063 52.086600 W,5.1,13.4,A,Depth,Depth,38.148148,D,S,126495.000000
Sun Aug 31 07:30:42 2025,31-Aug-2025,103047,47 20.551300 N,063 52.086100 W,5.1,13.2,A,DoorSpread,DoorMaster,6.280000,D,S,357071.000000
Sun Aug 31 07:30:42 2025,31-Aug-2025,103048,47 20.552600 N,063 52.085600 W,5.1,13.2,A,DoorSpread,DoorMaster,6.280000,D,S,357071.000000
Sun Aug 31 07:30:44 2025,31-Aug-2025,103049,47 20.554000 N,063 52.085100 W,5.1,13.2,A,Primary,Headline,33.612245,D,S,128545.000000
Sun Aug 31 07:30:44 2025,31-Aug-2025,103050,47 20.555400 N,063 52.084700 W,5.1,13.2,A,Primary,Headline,33.612245,D,S,128545.000000
Sun Aug 31 07:30:44 2025,31-Aug-2025,103051,47 20.556800 N,063 52.084200 W,5.1,13.2,A,Primary,Headline,33.612245,D,S,128545.000000
Sun Aug 31 07:30:44 2025,31-Aug-2025,103052,47 20.558200 N,063 52.083700 W,5.1,13.3,A,Primary,Headline,33.612245,D,S,128545.000000
Sun Aug 31 07:30:48 2025,31-Aug-2025,103053,47 20.559500 N,063 52.083300 W,5.1,13.2,A,DoorSpread,DoorMaster,5.595000,D,S,427769.000000
Sun Aug 31 07:30:48 2025,31-Aug-2025,103054,47 20.560900 N,063 52.082900 W,5.2,13.3,A,Depth,Depth,39.537037,D,S,137582.000000
Sun Aug 31 07:30:49 2025,31-Aug-2025,103055,47 20.562300 N,063 52.082600 W,5.2,13.5,A,Primary,Headline,34.142857,D,S,125214.000000
Sun Aug 31 07:30:49 2025,31-Aug-2025,103056,47 20.563700 N,063 52.082300 W,5.2,13.8,A,Primary,Headline,34.142857,D,S,125214.000000
Sun Aug 31 07:30:49 2025,31-Aug-2025,103057,47 20.565000 N,063 52.082000 W,5.2,13.8,A,Primary,Headline,34.142857,D,S,125214.000000
Sun Aug 31 07:30:49 2025,31-Aug-2025,103058,47 20.566400 N,063 52.081500 W,5.2,13.6,A,Primary,Headline,34.142857,D,S,125214.000000
Sun Aug 31 07:30:53 2025,31-Aug-2025,103059,47 20.567800 N,063 52.081100 W,5.2,13.4,A,DoorSpread,DoorMaster,6.140000,D,S,452754.000000
Sun Aug 31 07:30:53 2025,31-Aug-2025,103100,47 20.569100 N,063 52.080700 W,5.2,13.4,A,DoorSpread,DoorMaster,6.140000,D,S,452754.000000
Sun Aug 31 07:30:55 2025,31-Aug-2025,103101,47 20.570500 N,063 52.080200 W,5.2,13.6,A,Depth,Depth,41.481481,D,S,138395.000000
Sun Aug 31 07:30:55 2025,31-Aug-2025,103102,47 20.571900 N,063 52.079600 W,5.2,13.8,A,Depth,Depth,41.481481,D,S,138395.000000
Sun Aug 31 07:30:55 2025,31-Aug-2025,103103,47 20.573300 N,063 52.079000 W,5.2,13.9,A,Depth,Depth,41.481481,D,S,138395.000000
Sun Aug 31 07:30:58 2025,31-Aug-2025,103104,47 20.574700 N,063 52.078400 W,5.2,13.8,A,DoorSpread,DoorMaster,0.000000,E,S,447817.000000
Sun Aug 31 07:30:58 2025,31-Aug-2025,103105,47 20.576100 N,063 52.077800 W,5.2,13.8,A,DoorSpread,DoorMaster,0.000000,E,S,447817.000000
Sun Aug 31 07:31:01 2025,31-Aug-2025,103106,47 20.577400 N,063 52.077200 W,5.2,13.9,A,Primary,Headline,36.673469,D,S,71027.000000
Sun Aug 31 07:31:01 2025,31-Aug-2025,103107,47 20.578700 N,063 52.076600 W,5.2,13.9,A,Primary,Headline,36.673469,D,S,71027.000000
Sun Aug 31 07:31:03 2025,31-Aug-2025,103108,47 20.579900 N,063 52.076100 W,5.2,13.8,A,Depth,Depth,43.148148,D,S,154634.000000
Sun Aug 31 07:31:03 2025,31-Aug-2025,103109,47 20.581200 N,063 52.075600 W,5.2,13.8,A,DoorSpread,DoorMaster,0.000000,E,S,426365.000000
Sun Aug 31 07:31:03 2025,31-Aug-2025,103110,47 20.582500 N,063 52.075000 W,5.2,13.6,A,DoorSpread,DoorMaster,0.000000,E,S,426365.000000
Sun Aug 31 07:31:03 2025,31-Aug-2025,103111,47 20.583800 N,063 52.074400 W,5.2,13.6,A,DoorSpread,DoorMaster,0.000000,E,S,426365.000000
Sun Aug 31 07:31:06 2025,31-Aug-2025,103112,47 20.585300 N,063 52.073900 W,5.2,13.7,A,Primary,Headline,18.000000,D,S,156061.000000
Sun Aug 31 07:31:06 2025,31-Aug-2025,103113,47 20.586700 N,063 52.073500 W,5.2,13.8,A,Primary,Headline,18.000000,D,S,156061.000000
Sun Aug 31 07:31:09 2025,31-Aug-2025,103114,47 20.588100 N,063 52.073000 W,5.2,13.8,A,DoorSpread,DoorMaster,6.495000,D,P,51937.000000
Sun Aug 31 07:31:10 2025,31-Aug-2025,103115,47 20.589600 N,063 52.072400 W,5.2,13.9,A,Depth,Depth,45.740741,D,S,110151.000000
Sun Aug 31 07:31:10 2025,31-Aug-2025,103116,47 20.591000 N,063 52.071900 W,5.2,13.9,A,Depth,Depth,45.740741,D,S,110151.000000
Sun Aug 31 07:31:12 2025,31-Aug-2025,103117,47 20.592400 N,063 52.071300 W,5.2,13.8,A,Primary,Headline,39.551020,D,S,90550.000000
Sun Aug 31 07:31:12 2025,31-Aug-2025,103118,47 20.593800 N,063 52.070700 W,5.2,13.4,A,Primary,Headline,39.551020,D,S,90550.000000
Sun Aug 31 07:31:12 2025,31-Aug-2025,103119,47 20.595300 N,063 52.070100 W,5.2,13.1,A,Primary,Headline,39.551020,D,S,90550.000000
Sun Aug 31 07:31:15 2025,31-Aug-2025,103120,47 20.596600 N,063 52.069500 W,5.1,13.1,A,DoorSpread,DoorMaster,5.515000,D,S,355500.000000
Sun Aug 31 07:31:15 2025,31-Aug-2025,103121,47 20.597800 N,063 52.068800 W,5.0,13.3,A,DoorSpread,DoorMaster,5.515000,D,S,355500.000000
Sun Aug 31 07:31:17 2025,31-Aug-2025,103122,47 20.599000 N,063 52.068200 W,4.9,13.5,A,Depth,Depth,34.074074,D,P,19495.000000
Sun Aug 31 07:31:17 2025,31-Aug-2025,103123,47 20.600100 N,063 52.067800 W,4.7,13.3,A,Primary,Headline,41.285714,D,P,60856.000000
Sun Aug 31 07:31:17 2025,31-Aug-2025,103124,47 20.601200 N,063 52.067500 W,4.6,13.2,A,Primary,Headline,41.285714,D,P,60856.000000
Sun Aug 31 07:31:20 2025,31-Aug-2025,103125,47 20.602300 N,063 52.067200 W,4.5,13.2,A,DoorSpread,DoorMaster,5.810000,D,S,327643.000000
Sun Aug 31 07:31:20 2025,31-Aug-2025,103126,47 20.603400 N,063 52.066900 W,4.3,13.2,A,DoorSpread,DoorMaster,6.385000,D,P,36009.000000
Sun Aug 31 07:31:20 2025,31-Aug-2025,103127,47 20.604400 N,063 52.066800 W,4.2,13.1,A,DoorSpread,DoorMaster,6.385000,D,P,36009.000000
Sun Aug 31 07:31:23 2025,31-Aug-2025,103128,47 20.605300 N,063 52.066600 W,4.0,12.9,A,Primary,Headline,40.938776,D,S,110649.000000
Sun Aug 31 07:31:24 2025,31-Aug-2025,103129,47 20.606100 N,063 52.066500 W,3.9,12.8,A,Depth,Depth,48.240741,D,P,19764.000000
Sun Aug 31 07:31:24 2025,31-Aug-2025,103130,47 20.607000 N,063 52.066300 W,3.7,12.7,A,Depth,Depth,47.870370,D,S,50670.000000
Sun Aug 31 07:31:26 2025,31-Aug-2025,103131,47 20.607900 N,063 52.066200 W,3.6,12.7,A,DoorSpread,DoorMaster,5.590000,D,S,365648.000000
Sun Aug 31 07:31:26 2025,31-Aug-2025,103132,47 20.608600 N,063 52.065900 W,3.5,12.6,A,DoorSpread,DoorMaster,5.590000,D,S,365648.000000
Sun Aug 31 07:31:26 2025,31-Aug-2025,103133,47 20.609400 N,063 52.065700 W,3.4,12.5,A,DoorSpread,DoorMaster,5.590000,D,S,365648.000000
Sun Aug 31 07:31:29 2025,31-Aug-2025,103134,47 20.610100 N,063 52.065600 W,3.3,12.4,A,Primary,Headline,43.673469,D,P,62585.000000
Sun Aug 31 07:31:29 2025,31-Aug-2025,103135,47 20.610700 N,063 52.065400 W,3.1,12.3,A,Primary,Headline,43.673469,D,P,62585.000000
Sun Aug 31 07:31:29 2025,31-Aug-2025,103136,47 20.611300 N,063 52.065100 W,3.0,12.2,A,Primary,Headline,43.673469,D,P,62585.000000
Sun Aug 31 07:31:31 2025,31-Aug-2025,103137,47 20.612000 N,063 52.064800 W,3.0,12.1,A,Depth,Depth,55.370370,D,S,155514.000000
Sun Aug 31 07:31:31 2025,31-Aug-2025,103138,47 20.612600 N,063 52.064500 W,2.9,11.8,A,Depth,Depth,55.370370,D,S,155514.000000
Sun Aug 31 07:31:31 2025,31-Aug-2025,103139,47 20.613200 N,063 52.064400 W,2.8,11.6,A,Depth,Depth,55.370370,D,S,155514.000000
Sun Aug 31 07:31:34 2025,31-Aug-2025,103140,47 20.613800 N,063 52.064100 W,2.7,11.4,A,Primary,Headline,12.510204,D,P,84410.000000
Sun Aug 31 07:31:34 2025,31-Aug-2025,103141,47 20.614500 N,063 52.063900 W,2.7,11.4,A,Primary,Headline,12.510204,D,P,84410.000000
Sun Aug 31 07:31:34 2025,31-Aug-2025,103142,47 20.615200 N,063 52.063700 W,2.6,11.2,A,Primary,Headline,12.510204,D,P,84410.000000
Sun Aug 31 07:31:37 2025,31-Aug-2025,103143,47 20.616000 N,063 52.063600 W,2.5,11.0,A,DoorSpread,DoorMaster,7.865000,D,S,352113.000000
Sun Aug 31 07:31:39 2025,31-Aug-2025,103144,47 20.616700 N,063 52.063500 W,2.4,10.8,A,Depth,Depth,41.574074,D,P,106655.000000
Sun Aug 31 07:31:39 2025,31-Aug-2025,103145,47 20.617400 N,063 52.063400 W,2.4,10.5,A,Primary,Headline,13.775510,D,P,92269.000000
Sun Aug 31 07:31:39 2025,31-Aug-2025,103146,47 20.618000 N,063 52.063300 W,2.4,10.3,A,Primary,Headline,13.775510,D,P,92269.000000
Sun Aug 31 07:31:39 2025,31-Aug-2025,103147,47 20.618700 N,063 52.063100 W,2.3,10.3,A,Primary,Headline,13.775510,D,P,92269.000000
Sun Aug 31 07:31:43 2025,31-Aug-2025,103148,47 20.619200 N,063 52.062800 W,2.2,10.3,A,DoorSpread,DoorMaster,13.420000,D,P,194640.000000
Sun Aug 31 07:31:43 2025,31-Aug-2025,103149,47 20.619800 N,063 52.062600 W,2.2,10.3,A,DoorSpread,DoorMaster,13.420000,D,P,194640.000000
Sun Aug 31 07:31:43 2025,31-Aug-2025,103150,47 20.620400 N,063 52.062500 W,2.2,10.1,A,DoorSpread,DoorMaster,13.420000,D,P,194640.000000
Sun Aug 31 07:31:46 2025,31-Aug-2025,103151,47 20.621000 N,063 52.062400 W,2.1,9.9,A,Depth,Depth,53.055556,D,S,138902.000000
Sun Aug 31 07:31:46 2025,31-Aug-2025,103152,47 20.621500 N,063 52.062300 W,2.1,9.7,A,Depth,Depth,53.055556,D,S,138902.000000
Sun Aug 31 07:31:46 2025,31-Aug-2025,103153,47 20.622000 N,063 52.062300 W,2.1,9.5,A,Depth,Depth,53.055556,D,S,138902.000000
Sun Aug 31 07:31:49 2025,31-Aug-2025,103154,47 20.622600 N,063 52.062200 W,2.1,9.3,A,DoorSpread,DoorMaster,11.310000,D,S,142774.000000
Sun Aug 31 07:31:49 2025,31-Aug-2025,103155,47 20.623100 N,063 52.062200 W,2.0,9.2,A,DoorSpread,DoorMaster,11.310000,D,S,142774.000000
Sun Aug 31 07:31:50 2025,31-Aug-2025,103156,47 20.623600 N,063 52.062100 W,2.0,9.1,A,Primary,Headline,14.775510,D,S,125016.000000
Sun Aug 31 07:31:50 2025,31-Aug-2025,103157,47 20.624200 N,063 52.062000 W,2.0,9.2,A,Primary,Headline,14.775510,D,S,125016.000000
Sun Aug 31 07:31:53 2025,31-Aug-2025,103158,47 20.624800 N,063 52.061800 W,2.1,9.1,A,Depth,Depth,55.092593,D,P,101558.000000
Sun Aug 31 07:31:53 2025,31-Aug-2025,103159,47 20.625500 N,063 52.061600 W,2.1,9.1,A,Depth,Depth,55.092593,D,P,101558.000000
Sun Aug 31 07:31:54 2025,31-Aug-2025,103200,47 20.626200 N,063 52.061500 W,2.1,9.2,A,DoorSpread,DoorMaster,5.240000,D,S,447039.000000
Sun Aug 31 07:31:54 2025,31-Aug-2025,103201,47 20.626900 N,063 52.061300 W,2.1,9.2,A,DoorSpread,DoorMaster,5.240000,D,S,447039.000000
Sun Aug 31 07:31:56 2025,31-Aug-2025,103202,47 20.627600 N,063 52.061400 W,2.2,9.2,A,Primary,Headline,49.469388,D,S,114236.000000
Sun Aug 31 07:31:56 2025,31-Aug-2025,103203,47 20.628200 N,063 52.061300 W,2.2,9.1,A,Primary,Headline,49.469388,D,S,114236.000000
Sun Aug 31 07:31:56 2025,31-Aug-2025,103204,47 20.628800 N,063 52.061300 W,2.2,9.0,A,Primary,Headline,49.469388,D,S,114236.000000
Sun Aug 31 07:32:00 2025,31-Aug-2025,103205,47 20.629500 N,063 52.061200 W,2.2,9.0,A,Depth,Depth,62.962963,D,S,85413.000000
Sun Aug 31 07:32:00 2025,31-Aug-2025,103206,47 20.630100 N,063 52.061100 W,2.3,8.9,A,Depth,Depth,62.962963,D,S,85413.000000
Sun Aug 31 07:32:02 2025,31-Aug-2025,103207,47 20.630800 N,063 52.060900 W,2.3,9.0,A,Primary,Headline,46.326531,D,P,136750.000000
Sun Aug 31 07:32:02 2025,31-Aug-2025,103208,47 20.631500 N,063 52.060900 W,2.3,9.1,A,Primary,Headline,46.326531,D,P,136750.000000
Sun Aug 31 07:32:02 2025,31-Aug-2025,103209,47 20.632200 N,063 52.060800 W,2.3,8.9,A,Primary,Headline,46.326531,D,P,136750.000000
Sun Aug 31 07:32:02 2025,31-Aug-2025,103210,47 20.633000 N,063 52.060700 W,2.4,8.7,A,Primary,Headline,46.326531,D,P,136750.000000
Sun Aug 31 07:32:06 2025,31-Aug-2025,103211,47 20.633700 N,063 52.060600 W,2.4,8.4,A,DoorSpread,DoorMaster,5.775000,D,S,427810.000000
Sun Aug 31 07:32:06 2025,31-Aug-2025,103212,47 20.634400 N,063 52.060600 W,2.3,8.2,A,DoorSpread,DoorMaster,5.775000,D,S,427810.000000
Sun Aug 31 07:32:08 2025,31-Aug-2025,103213,47 20.635200 N,063 52.060500 W,2.4,8.1,A,Primary,Headline,40.265306,D,P,126044.000000
Sun Aug 31 07:32:08 2025,31-Aug-2025,103214,47 20.635900 N,063 52.060200 W,2.4,8.2,A,Primary,Headline,40.265306,D,P,126044.000000
Sun Aug 31 07:32:08 2025,31-Aug-2025,103215,47 20.636700 N,063 52.060000 W,2.4,8.3,A,Primary,Headline,40.265306,D,P,126044.000000
Sun Aug 31 07:32:11 2025,31-Aug-2025,103216,47 20.637400 N,063 52.059700 W,2.4,8.4,A,DoorSpread,DoorMaster,6.435000,D,S,307492.000000
Sun Aug 31 07:32:11 2025,31-Aug-2025,103217,47 20.638000 N,063 52.059400 W,2.4,8.3,A,DoorSpread,DoorMaster,6.445000,D,P,195930.000000
Sun Aug 31 07:32:11 2025,31-Aug-2025,103218,47 20.638700 N,063 52.059200 W,2.4,8.2,A,DoorSpread,DoorMaster,6.445000,D,P,195930.000000
Sun Aug 31 07:32:14 2025,31-Aug-2025,103219,47 20.639400 N,063 52.058900 W,2.4,7.9,A,Primary,Headline,54.632653,D,P,71467.000000
Sun Aug 31 07:32:15 2025,31-Aug-2025,103220,47 20.640100 N,063 52.058700 W,2.3,7.6,A,Depth,Depth,61.574074,D,S,100281.000000
Sun Aug 31 07:32:15 2025,31-Aug-2025,103221,47 20.640700 N,063 52.058600 W,2.3,7.4,A,Depth,Depth,61.574074,D,S,100281.000000
Sun Aug 31 07:32:17 2025,31-Aug-2025,103222,47 20.641300 N,063 52.058400 W,2.3,7.6,A,DoorSpread,DoorMaster,7.190000,D,P,293836.000000
Sun Aug 31 07:32:17 2025,31-Aug-2025,103223,47 20.641900 N,063 52.058300 W,2.3,7.8,A,DoorSpread,DoorMaster,7.190000,D,P,293836.000000
Sun Aug 31 07:32:17 2025,31-Aug-2025,103224,47 20.642400 N,063 52.058100 W,2.2,7.9,A,DoorSpread,DoorMaster,7.190000,D,P,293836.000000
Sun Aug 31 07:32:19 2025,31-Aug-2025,103225,47 20.643000 N,063 52.057800 W,2.2,7.9,A,Primary,Headline,54.836735,D,P,109609.000000
Sun Aug 31 07:32:19 2025,31-Aug-2025,103226,47 20.643500 N,063 52.057600 W,2.2,7.8,A,Primary,Headline,54.836735,D,P,109609.000000
Sun Aug 31 07:32:22 2025,31-Aug-2025,103227,47 20.644100 N,063 52.057600 W,2.2,7.5,A,DoorSpread,DoorMaster,0.000000,E,P,225643.000000
Sun Aug 31 07:32:22 2025,31-Aug-2025,103228,47 20.644700 N,063 52.057600 W,2.1,7.1,A,DoorSpread,DoorMaster,0.000000,E,P,225643.000000
Sun Aug 31 07:32:22 2025,31-Aug-2025,103229,47 20.645300 N,063 52.057500 W,2.1,6.8,A,DoorSpread,DoorMaster,0.000000,E,P,225643.000000
Sun Aug 31 07:32:24 2025,31-Aug-2025,103230,47 20.645900 N,063 52.057400 W,2.1,6.7,A,Primary,Headline,3.367347,D,P,100139.000000
Sun Aug 31 07:32:24 2025,31-Aug-2025,103231,47 20.646500 N,063 52.057300 W,2.1,6.6,A,Primary,Headline,3.367347,D,P,100139.000000
Sun Aug 31 07:32:24 2025,31-Aug-2025,103232,47 20.647100 N,063 52.057200 W,2.1,6.6,A,Primary,Headline,3.367347,D,P,100139.000000
Sun Aug 31 07:32:28 2025,31-Aug-2025,103233,47 20.647800 N,063 52.057200 W,2.1,6.5,A,DoorSpread,DoorMaster,7.805000,D,P,230774.000000
Sun Aug 31 07:32:28 2025,31-Aug-2025,103234,47 20.648400 N,063 52.057000 W,2.1,6.6,A,DoorSpread,DoorMaster,7.805000,D,P,230774.000000
Sun Aug 31 07:32:29 2025,31-Aug-2025,103235,47 20.648900 N,063 52.057000 W,2.1,6.6,A,Depth,Depth,62.500000,D,P,116425.000000
Sun Aug 31 07:32:30 2025,31-Aug-2025,103236,47 20.649500 N,063 52.057000 W,2.1,6.4,A,Primary,Headline,50.346939,D,S,165593.000000
Sun Aug 31 07:32:30 2025,31-Aug-2025,103237,47 20.650100 N,063 52.056900 W,2.1,6.3,A,Primary,Headline,50.346939,D,S,165593.000000
Sun Aug 31 07:32:30 2025,31-Aug-2025,103238,47 20.650700 N,063 52.056800 W,2.0,6.1,A,Primary,Headline,50.346939,D,S,165593.000000
Sun Aug 31 07:32:33 2025,31-Aug-2025,103239,47 20.651400 N,063 52.056700 W,2.0,6.0,A,DoorSpread,DoorMaster,8.090000,D,P,278498.000000
Sun Aug 31 07:32:33 2025,31-Aug-2025,103240,47 20.652000 N,063 52.056600 W,2.1,6.0,A,DoorSpread,DoorMaster,8.090000,D,P,278498.000000
Sun Aug 31 07:32:36 2025,31-Aug-2025,103241,47 20.652700 N,063 52.056400 W,2.1,6.2,A,Primary,Headline,33.775510,D,S,206533.000000
Sun Aug 31 07:32:36 2025,31-Aug-2025,103242,47 20.653200 N,063 52.056200 W,2.0,6.4,A,Depth,Depth,62.870370,D,S,172339.000000
Sun Aug 31 07:32:36 2025,31-Aug-2025,103243,47 20.653800 N,063 52.056100 W,2.1,6.4,A,Depth,Depth,62.870370,D,S,172339.000000
Sun Aug 31 07:32:39 2025,31-Aug-2025,103244,47 20.654400 N,063 52.055900 W,2.1,6.3,A,DoorSpread,DoorMaster,9.180000,D,S,152775.000000
Sun Aug 31 07:32:39 2025,31-Aug-2025,103245,47 20.654900 N,063 52.055800 W,2.1,6.3,A,DoorSpread,DoorMaster,9.180000,D,S,152775.000000
Sun Aug 31 07:32:41 2025,31-Aug-2025,103246,47 20.655400 N,063 52.055700 W,2.1,6.1,A,Primary,Headline,5.571429,D,P,92103.000000
Sun Aug 31 07:32:41 2025,31-Aug-2025,103247,47 20.656000 N,063 52.055700 W,2.1,5.9,A,Primary,Headline,5.571429,D,P,92103.000000
Sun Aug 31 07:32:41 2025,31-Aug-2025,103248,47 20.656600 N,063 52.055500 W,2.1,5.9,A,Primary,Headline,5.571429,D,P,92103.000000
Sun Aug 31 07:32:43 2025,31-Aug-2025,103249,47 20.657200 N,063 52.055400 W,2.1,6.0,A,Depth,Depth,62.777778,D,P,171264.000000
Sun Aug 31 07:32:45 2025,31-Aug-2025,103250,47 20.657700 N,063 52.055200 W,2.1,6.2,A,DoorSpread,DoorMaster,10.510000,D,P,133006.000000
Sun Aug 31 07:32:46 2025,31-Aug-2025,103251,47 20.658200 N,063 52.055100 W,2.1,6.6,A,Primary,Headline,5.387755,D,S,217765.000000
Sun Aug 31 07:32:46 2025,31-Aug-2025,103252,47 20.658800 N,063 52.055000 W,2.2,6.5,A,Primary,Headline,5.387755,D,S,217765.000000
Sun Aug 31 07:32:46 2025,31-Aug-2025,103253,47 20.659300 N,063 52.055100 W,2.1,6.3,A,Primary,Headline,5.387755,D,S,217765.000000
Sun Aug 31 07:32:46 2025,31-Aug-2025,103254,47 20.659800 N,063 52.055100 W,2.2,6.2,A,Primary,Headline,5.387755,D,S,217765.000000
Sun Aug 31 07:32:46 2025,31-Aug-2025,103255,47 20.660300 N,063 52.055000 W,2.2,6.3,A,Primary,Headline,5.387755,D,S,217765.000000
Sun Aug 31 07:32:51 2025,31-Aug-2025,103256,47 20.660900 N,063 52.054800 W,2.2,6.4,A,DoorSpread,DoorMaster,10.735000,D,S,191368.000000
Sun Aug 31 07:32:51 2025,31-Aug-2025,103257,47 20.661400 N,063 52.054600 W,2.2,6.6,A,Primary,Headline,18.795918,D,P,152165.000000
Sun Aug 31 07:32:51 2025,31-Aug-2025,103258,47 20.662000 N,063 52.054400 W,2.2,6.8,A,Primary,Headline,18.795918,D,P,152165.000000
Sun Aug 31 07:32:51 2025,31-Aug-2025,103259,47 20.662600 N,063 52.054200 W,2.2,7.0,A,Primary,Headline,18.795918,D,P,152165.000000
Sun Aug 31 07:32:51 2025,31-Aug-2025,103300,47 20.663100 N,063 52.054100 W,2.2,6.8,A,Primary,Headline,18.795918,D,P,152165.000000
Sun Aug 31 07:32:51 2025,31-Aug-2025,103301,47 20.663700 N,063 52.053900 W,2.2,6.5,A,Primary,Headline,18.795918,D,P,152165.000000
Sun Aug 31 07:32:57 2025,31-Aug-2025,103302,47 20.664200 N,063 52.053800 W,2.2,6.3,A,Primary,Headline,24.795918,D,P,100476.000000
Sun Aug 31 07:32:58 2025,31-Aug-2025,103303,47 20.664800 N,063 52.053800 W,2.2,6.3,A,Depth,Depth,64.444444,D,S,110460.000000
Sun Aug 31 07:32:58 2025,31-Aug-2025,103304,47 20.665400 N,063 52.053800 W,2.2,6.4,A,Depth,Depth,64.444444,D,S,110460.000000
Sun Aug 31 07:32:58 2025,31-Aug-2025,103305,47 20.666000 N,063 52.053900 W,2.2,6.5,A,Depth,Depth,64.444444,D,S,110460.000000
Sun Aug 31 07:32:58 2025,31-Aug-2025,103306,47 20.666600 N,063 52.053900 W,2.2,6.6,A,Depth,Depth,64.444444,D,S,110460.000000
Sun Aug 31 07:33:02 2025,31-Aug-2025,103307,47 20.667300 N,063 52.053700 W,2.2,6.8,A,Primary,Headline,14.448980,D,P,143427.000000
Sun Aug 31 07:33:02 2025,31-Aug-2025,103308,47 20.667900 N,063 52.053600 W,2.2,6.8,A,Primary,Headline,14.448980,D,P,143427.000000
Sun Aug 31 07:33:02 2025,31-Aug-2025,103309,47 20.668600 N,063 52.053500 W,2.2,6.7,A,Primary,Headline,14.448980,D,P,143427.000000
Sun Aug 31 07:33:02 2025,31-Aug-2025,103310,47 20.669400 N,063 52.053400 W,2.2,6.6,A,Primary,Headline,14.448980,D,P,143427.000000
Sun Aug 31 07:33:05 2025,31-Aug-2025,103311,47 20.670200 N,063 52.053500 W,2.2,6.5,A,Depth,Depth,61.481481,D,S,89181.000000
Sun Aug 31 07:33:05 2025,31-Aug-2025,103312,47 20.670800 N,063 52.053600 W,2.2,6.4,A,Depth,Depth,61.481481,D,S,89181.000000
Sun Aug 31 07:33:08 2025,31-Aug-2025,103313,47 20.671400 N,063 52.053600 W,2.2,6.4,A,Primary,Headline,55.632653,D,S,166282.000000
Sun Aug 31 07:33:08 2025,31-Aug-2025,103314,47 20.672100 N,063 52.053600 W,2.2,6.5,A,Primary,Headline,55.632653,D,S,166282.000000
Sun Aug 31 07:33:08 2025,31-Aug-2025,103315,47 20.672700 N,063 52.053600 W,2.2,6.5,A,Primary,Headline,55.632653,D,S,166282.000000
Sun Aug 31 07:33:08 2025,31-Aug-2025,103316,47 20.673400 N,063 52.053600 W,2.2,6.4,A,Primary,Headline,55.632653,D,S,166282.000000
Sun Aug 31 07:33:08 2025,31-Aug-2025,103317,47 20.674000 N,063 52.053500 W,2.2,6.4,A,Primary,Headline,55.632653,D,S,166282.000000
Sun Aug 31 07:33:12 2025,31-Aug-2025,103318,47 20.674500 N,063 52.053400 W,2.2,6.4,A,Depth,Depth,62.314815,D,S,145248.000000
Sun Aug 31 07:33:14 2025,31-Aug-2025,103319,47 20.675100 N,063 52.053400 W,2.2,6.2,A,Primary,Headline,49.265306,D,S,118985.000000
Sun Aug 31 07:33:14 2025,31-Aug-2025,103320,47 20.675700 N,063 52.053500 W,2.2,6.0,A,DoorSpread,DoorMaster,24.985000,D,P,68310.000000
Sun Aug 31 07:33:14 2025,31-Aug-2025,103321,47 20.676400 N,063 52.053500 W,2.2,6.0,A,DoorSpread,DoorMaster,24.985000,D,P,68310.000000
Sun Aug 31 07:33:14 2025,31-Aug-2025,103322,47 20.677000 N,063 52.053600 W,2.2,6.0,A,DoorSpread,DoorMaster,24.985000,D,P,68310.000000
Sun Aug 31 07:33:14 2025,31-Aug-2025,103323,47 20.677700 N,063 52.053600 W,2.2,5.9,A,DoorSpread,DoorMaster,24.985000,D,P,68310.000000
Sun Aug 31 07:33:14 2025,31-Aug-2025,103324,47 20.678300 N,063 52.053700 W,2.2,5.8,A,DoorSpread,DoorMaster,24.985000,D,P,68310.000000
Sun Aug 31 07:33:20 2025,31-Aug-2025,103325,47 20.678800 N,063 52.053600 W,2.1,5.7,A,Primary,Headline,55.469388,D,S,110531.000000
Sun Aug 31 07:33:20 2025,31-Aug-2025,103326,47 20.679200 N,063 52.053600 W,2.2,5.6,A,Primary,Headline,55.469388,D,S,110531.000000
Sun Aug 31 07:33:20 2025,31-Aug-2025,103327,47 20.679800 N,063 52.053500 W,2.2,5.6,A,Primary,Headline,55.469388,D,S,110531.000000
Sun Aug 31 07:33:20 2025,31-Aug-2025,103328,47 20.680300 N,063 52.053400 W,2.1,5.6,A,Primary,Headline,55.469388,D,S,110531.000000
Sun Aug 31 07:33:20 2025,31-Aug-2025,103329,47 20.680700 N,063 52.053300 W,2.1,5.5,A,Primary,Headline,55.469388,D,S,110531.000000
Sun Aug 31 07:33:25 2025,31-Aug-2025,103330,47 20.681200 N,063 52.053200 W,2.1,5.4,A,Primary,Headline,10.571429,D,S,70061.000000
Sun Aug 31 07:33:25 2025,31-Aug-2025,103331,47 20.681700 N,063 52.053100 W,2.1,5.2,A,DoorSpread,DoorMaster,9.600000,D,S,154551.000000
Sun Aug 31 07:33:25 2025,31-Aug-2025,103332,47 20.682200 N,063 52.053000 W,2.1,5.1,A,DoorSpread,DoorMaster,9.600000,D,S,154551.000000
Sun Aug 31 07:33:25 2025,31-Aug-2025,103333,47 20.682600 N,063 52.052900 W,2.0,5.0,A,DoorSpread,DoorMaster,9.600000,D,S,154551.000000
Sun Aug 31 07:33:25 2025,31-Aug-2025,103334,47 20.683100 N,063 52.052800 W,2.0,4.9,A,DoorSpread,DoorMaster,9.600000,D,S,154551.000000
Sun Aug 31 07:33:25 2025,31-Aug-2025,103335,47 20.683500 N,063 52.052800 W,2.0,4.9,A,DoorSpread,DoorMaster,9.600000,D,S,154551.000000
Sun Aug 31 07:33:31 2025,31-Aug-2025,103336,47 20.684100 N,063 52.052800 W,2.1,4.9,A,Primary,Headline,55.673469,D,S,163354.000000
Sun Aug 31 07:33:31 2025,31-Aug-2025,103337,47 20.684700 N,063 52.052700 W,2.0,4.8,A,Primary,Headline,55.673469,D,S,163354.000000
Sun Aug 31 07:33:31 2025,31-Aug-2025,103338,47 20.685300 N,063 52.052800 W,2.0,4.6,A,Primary,Headline,55.673469,D,S,163354.000000
Sun Aug 31 07:33:34 2025,31-Aug-2025,103339,47 20.685800 N,063 52.052700 W,2.1,4.3,A,Depth,Depth,63.703704,D,P,46718.000000
Sun Aug 31 07:33:34 2025,31-Aug-2025,103340,47 20.686500 N,063 52.052600 W,2.1,4.3,A,Depth,Depth,63.703704,D,P,46718.000000
Sun Aug 31 07:33:34 2025,31-Aug-2025,103341,47 20.687200 N,063 52.052300 W,2.1,4.3,A,Depth,Depth,63.703704,D,P,46718.000000
Sun Aug 31 07:33:37 2025,31-Aug-2025,103342,47 20.687900 N,063 52.052200 W,2.1,4.3,A,Primary,Headline,55.714286,D,S,168956.000000
Sun Aug 31 07:33:37 2025,31-Aug-2025,103343,47 20.688600 N,063 52.052100 W,2.1,4.0,A,Primary,Headline,55.714286,D,S,168956.000000
Sun Aug 31 07:33:37 2025,31-Aug-2025,103344,47 20.689300 N,063 52.052000 W,2.1,3.8,A,Primary,Headline,55.714286,D,S,168956.000000
Sun Aug 31 07:33:37 2025,31-Aug-2025,103345,47 20.689800 N,063 52.051900 W,2.1,3.7,A,Primary,Headline,55.714286,D,S,168956.000000
Sun Aug 31 07:33:37 2025,31-Aug-2025,103346,47 20.690300 N,063 52.051800 W,2.1,3.7,A,Primary,Headline,55.714286,D,S,168956.000000
Sun Aug 31 07:33:42 2025,31-Aug-2025,103347,47 20.690800 N,063 52.051500 W,2.2,3.7,A,DoorSpread,DoorMaster,2.160000,D,S,40953.000000
Sun Aug 31 07:33:42 2025,31-Aug-2025,103348,47 20.691500 N,063 52.051200 W,2.2,3.7,A,Primary,Headline,54.734694,D,P,194290.000000
Sun Aug 31 07:33:42 2025,31-Aug-2025,103349,47 20.692200 N,063 52.051000 W,2.2,3.9,A,Primary,Headline,54.734694,D,P,194290.000000
Sun Aug 31 07:33:42 2025,31-Aug-2025,103350,47 20.692900 N,063 52.050800 W,2.2,3.9,A,Primary,Headline,54.734694,D,P,194290.000000
Sun Aug 31 07:33:42 2025,31-Aug-2025,103351,47 20.693600 N,063 52.050600 W,2.2,3.8,A,Primary,Headline,54.734694,D,P,194290.000000
Sun Aug 31 07:33:42 2025,31-Aug-2025,103352,47 20.694400 N,063 52.050600 W,2.2,3.7,A,Primary,Headline,54.734694,D,P,194290.000000
Sun Aug 31 07:33:48 2025,31-Aug-2025,103353,47 20.695100 N,063 52.050400 W,2.2,3.8,A,Primary,Headline,14.877551,D,S,162375.000000
Sun Aug 31 07:33:48 2025,31-Aug-2025,103354,47 20.695800 N,063 52.050200 W,2.2,3.9,A,Depth,Depth,64.907407,D,S,50506.000000
Sun Aug 31 07:33:48 2025,31-Aug-2025,103355,47 20.696600 N,063 52.049900 W,2.3,4.0,A,Depth,Depth,64.907407,D,S,50506.000000
Sun Aug 31 07:33:48 2025,31-Aug-2025,103356,47 20.697300 N,063 52.049700 W,2.3,4.0,A,Depth,Depth,64.907407,D,S,50506.000000
Sun Aug 31 07:33:48 2025,31-Aug-2025,103357,47 20.698000 N,063 52.049600 W,2.3,4.0,A,Depth,Depth,64.907407,D,S,50506.000000
Sun Aug 31 07:33:53 2025,31-Aug-2025,103358,47 20.698700 N,063 52.049600 W,2.3,4.0,A,DoorSpread,DoorMaster,0.000000,E,S,119731.000000
Sun Aug 31 07:33:54 2025,31-Aug-2025,103359,47 20.699400 N,063 52.049600 W,2.3,4.0,A,Primary,Headline,57.040816,D,S,197971.000000
Sun Aug 31 07:33:54 2025,31-Aug-2025,103400,47 20.700100 N,063 52.049600 W,2.3,4.1,A,Primary,Headline,57.040816,D,S,197971.000000
Sun Aug 31 07:33:56 2025,31-Aug-2025,103401,47 20.700800 N,063 52.049600 W,2.3,4.1,A,Depth,Depth,62.685185,D,P,101767.000000
Sun Aug 31 07:33:56 2025,31-Aug-2025,103402,47 20.701500 N,063 52.049600 W,2.3,3.9,A,Depth,Depth,62.685185,D,P,101767.000000
Sun Aug 31 07:33:58 2025,31-Aug-2025,103403,47 20.702200 N,063 52.049600 W,2.3,3.9,A,DoorSpread,DoorMaster,0.000000,E,S,114117.000000
Sun Aug 31 07:33:58 2025,31-Aug-2025,103404,47 20.702800 N,063 52.049500 W,2.3,4.0,A,DoorSpread,DoorMaster,0.000000,E,S,114117.000000
Sun Aug 31 07:34:00 2025,31-Aug-2025,103405,47 20.703400 N,063 52.049500 W,2.3,4.2,A,Primary,Headline,55.530612,D,S,164049.000000
Sun Aug 31 07:34:00 2025,31-Aug-2025,103406,47 20.704100 N,063 52.049400 W,2.4,4.1,A,Primary,Headline,55.530612,D,S,164049.000000
Sun Aug 31 07:34:00 2025,31-Aug-2025,103407,47 20.704800 N,063 52.049400 W,2.4,4.1,A,Primary,Headline,55.530612,D,S,164049.000000
Sun Aug 31 07:34:03 2025,31-Aug-2025,103408,47 20.705500 N,063 52.049400 W,2.3,4.1,A,Depth,Depth,63.240741,D,P,43503.000000
Sun Aug 31 07:34:03 2025,31-Aug-2025,103409,47 20.706100 N,063 52.049200 W,2.4,4.2,A,DoorSpread,DoorMaster,9.685000,D,P,58837.000000
Sun Aug 31 07:34:03 2025,31-Aug-2025,103410,47 20.706700 N,063 52.049200 W,2.4,4.2,A,DoorSpread,DoorMaster,9.685000,D,P,58837.000000
Sun Aug 31 07:34:06 2025,31-Aug-2025,103411,47 20.707400 N,063 52.049000 W,2.4,4.2,A,Primary,Headline,55.632653,D,S,136132.000000
Sun Aug 31 07:34:06 2025,31-Aug-2025,103412,47 20.708100 N,063 52.049000 W,2.3,4.1,A,Primary,Headline,55.632653,D,S,136132.000000
Sun Aug 31 07:34:06 2025,31-Aug-2025,103413,47 20.708700 N,063 52.048900 W,2.3,4.0,A,Primary,Headline,55.632653,D,S,136132.000000
Sun Aug 31 07:34:06 2025,31-Aug-2025,103414,47 20.709400 N,063 52.048800 W,2.4,4.1,A,Primary,Headline,55.632653,D,S,136132.000000
Sun Aug 31 07:34:09 2025,31-Aug-2025,103415,47 20.710200 N,063 52.048800 W,2.3,4.1,A,DoorSpread,DoorMaster,10.260000,D,S,142362.000000
Sun Aug 31 07:34:10 2025,31-Aug-2025,103416,47 20.710900 N,063 52.048800 W,2.3,4.0,A,Depth,Depth,63.333333,D,S,69624.000000
Sun Aug 31 07:34:12 2025,31-Aug-2025,103417,47 20.711500 N,063 52.048900 W,2.3,4.0,A,Primary,Headline,55.408163,D,S,95091.000000
Sun Aug 31 07:34:12 2025,31-Aug-2025,103418,47 20.712200 N,063 52.048900 W,2.3,3.9,A,Primary,Headline,55.408163,D,S,95091.000000
Sun Aug 31 07:34:12 2025,31-Aug-2025,103419,47 20.712800 N,063 52.049000 W,2.2,3.8,A,Primary,Headline,55.408163,D,S,95091.000000
Sun Aug 31 07:34:12 2025,31-Aug-2025,103420,47 20.713400 N,063 52.049000 W,2.2,3.7,A,Primary,Headline,55.408163,D,S,95091.000000
Sun Aug 31 07:34:15 2025,31-Aug-2025,103421,47 20.713900 N,063 52.049000 W,2.2,3.7,A,DoorSpread,DoorMaster,11.715000,D,S,132191.000000
Sun Aug 31 07:34:15 2025,31-Aug-2025,103422,47 20.714500 N,063 52.048900 W,2.2,3.7,A,DoorSpread,DoorMaster,11.715000,D,S,132191.000000
Sun Aug 31 07:34:18 2025,31-Aug-2025,103423,47 20.715100 N,063 52.048900 W,2.2,3.6,A,Depth,Depth,63.148148,D,P,183578.000000
Sun Aug 31 07:34:18 2025,31-Aug-2025,103424,47 20.715600 N,063 52.049000 W,2.1,3.6,A,Depth,Depth,63.148148,D,P,183578.000000
Sun Aug 31 07:34:18 2025,31-Aug-2025,103425,47 20.716100 N,063 52.049100 W,2.1,3.6,A,Depth,Depth,63.148148,D,P,183578.000000
Sun Aug 31 07:34:20 2025,31-Aug-2025,103426,47 20.716700 N,063 52.049000 W,2.1,3.6,A,DoorSpread,DoorMaster,0.000000,E,P,89316.000000
Sun Aug 31 07:34:20 2025,31-Aug-2025,103427,47 20.717300 N,063 52.049000 W,2.1,3.6,A,DoorSpread,DoorMaster,0.000000,E,P,89316.000000
Sun Aug 31 07:34:20 2025,31-Aug-2025,103428,47 20.717900 N,063 52.049000 W,2.1,3.5,A,DoorSpread,DoorMaster,0.000000,E,P,89316.000000
Sun Aug 31 07:34:23 2025,31-Aug-2025,103429,47 20.718500 N,063 52.049100 W,2.1,3.2,A,Primary,Headline,52.224490,D,S,107890.000000
Sun Aug 31 07:34:25 2025,31-Aug-2025,103430,47 20.718900 N,063 52.049000 W,2.1,2.9,A,Depth,Depth,63.240741,D,S,224299.000000
Sun Aug 31 07:34:25 2025,31-Aug-2025,103431,47 20.719400 N,063 52.048900 W,2.1,2.9,A,Depth,Depth,63.240741,D,S,224299.000000
Sun Aug 31 07:34:27 2025,31-Aug-2025,103432,47 20.719900 N,063 52.048700 W,2.1,3.2,A,DoorSpread,DoorMaster,19.415000,D,P,156784.000000
Sun Aug 31 07:34:27 2025,31-Aug-2025,103433,47 20.720500 N,063 52.048600 W,2.1,3.4,A,DoorSpread,DoorMaster,19.415000,D,P,156784.000000
Sun Aug 31 07:34:29 2025,31-Aug-2025,103434,47 20.721000 N,063 52.048600 W,2.1,3.3,A,Primary,Headline,53.693878,D,P,114305.000000
Sun Aug 31 07:34:29 2025,31-Aug-2025,103435,47 20.721500 N,063 52.048600 W,2.1,3.2,A,Primary,Headline,53.693878,D,P,114305.000000
Sun Aug 31 07:34:29 2025,31-Aug-2025,103436,47 20.722000 N,063 52.048700 W,2.1,3.1,A,Primary,Headline,53.693878,D,P,114305.000000
Sun Aug 31 07:34:32 2025,31-Aug-2025,103437,47 20.722500 N,063 52.048800 W,2.1,2.9,A,Depth,Depth,63.333333,D,S,231901.000000
Sun Aug 31 07:34:32 2025,31-Aug-2025,103438,47 20.723100 N,063 52.048800 W,2.0,2.7,A,Depth,Depth,63.333333,D,S,231901.000000
Sun Aug 31 07:34:34 2025,31-Aug-2025,103439,47 20.723600 N,063 52.048800 W,2.0,2.8,A,DoorSpread,DoorMaster,29.015000,D,S,40158.000000
Sun Aug 31 07:34:35 2025,31-Aug-2025,103440,47 20.724100 N,063 52.048800 W,2.1,3.2,A,Primary,Headline,55.653061,D,S,167128.000000
Sun Aug 31 07:34:35 2025,31-Aug-2025,103441,47 20.724700 N,063 52.048800 W,2.1,3.3,A,Primary,Headline,55.653061,D,S,167128.000000
Sun Aug 31 07:34:35 2025,31-Aug-2025,103442,47 20.725200 N,063 52.048700 W,2.1,3.3,A,Primary,Headline,55.653061,D,S,167128.000000
Sun Aug 31 07:34:35 2025,31-Aug-2025,103443,47 20.725800 N,063 52.048700 W,2.1,3.2,A,Primary,Headline,55.653061,D,S,167128.000000
Sun Aug 31 07:34:35 2025,31-Aug-2025,103444,47 20.726500 N,063 52.048700 W,2.1,3.2,A,Primary,Headline,55.653061,D,S,167128.000000
Sun Aug 31 07:34:40 2025,31-Aug-2025,103445,47 20.727300 N,063 52.048500 W,2.1,3.2,A,DoorSpread,DoorMaster,10.555000,D,P,126839.000000
Sun Aug 31 07:34:41 2025,31-Aug-2025,103446,47 20.727900 N,063 52.048500 W,2.1,3.2,A,Primary,Headline,55.387755,D,S,190058.000000
Sun Aug 31 07:34:41 2025,31-Aug-2025,103447,47 20.728600 N,063 52.048400 W,2.1,3.1,A,Primary,Headline,55.387755,D,S,190058.000000
Sun Aug 31 07:34:41 2025,31-Aug-2025,103448,47 20.729200 N,063 52.048200 W,2.2,3.0,A,Primary,Headline,55.387755,D,S,190058.000000
Sun Aug 31 07:34:41 2025,31-Aug-2025,103449,47 20.729700 N,063 52.048100 W,2.2,2.9,A,Primary,Headline,55.387755,D,S,190058.000000
Sun Aug 31 07:34:45 2025,31-Aug-2025,103450,47 20.730300 N,063 52.048000 W,2.2,2.9,A,DoorSpread,DoorMaster,0.225000,D,S,86345.000000
Sun Aug 31 07:34:45 2025,31-Aug-2025,103451,47 20.730900 N,063 52.047900 W,2.2,2.7,A,DoorSpread,DoorMaster,0.225000,D,S,86345.000000
Sun Aug 31 07:34:47 2025,31-Aug-2025,103452,47 20.731600 N,063 52.047900 W,2.2,2.5,A,Primary,Headline,57.346939,D,S,126815.000000
Sun Aug 31 07:34:47 2025,31-Aug-2025,103453,47 20.732200 N,063 52.047800 W,2.2,2.4,A,Primary,Headline,57.346939,D,S,126815.000000
Sun Aug 31 07:34:47 2025,31-Aug-2025,103454,47 20.732800 N,063 52.047700 W,2.2,2.3,A,Primary,Headline,57.346939,D,S,126815.000000
Sun Aug 31 07:34:47 2025,31-Aug-2025,103455,47 20.733400 N,063 52.047600 W,2.2,2.4,A,Primary,Headline,57.346939,D,S,126815.000000
Sun Aug 31 07:34:51 2025,31-Aug-2025,103456,47 20.734100 N,063 52.047600 W,2.2,2.6,A,DoorSpread,DoorMaster,9.870000,D,P,94756.000000
Sun Aug 31 07:34:51 2025,31-Aug-2025,103457,47 20.734600 N,063 52.047800 W,2.2,2.6,A,DoorSpread,DoorMaster,9.870000,D,P,94756.000000
Sun Aug 31 07:34:53 2025,31-Aug-2025,103458,47 20.735200 N,063 52.047900 W,2.2,2.5,A,Primary,Headline,56.081633,D,P,133192.000000
Sun Aug 31 07:34:54 2025,31-Aug-2025,103459,47 20.735800 N,063 52.048000 W,2.3,2.4,A,Depth,Depth,63.333333,D,P,101345.000000
Sun Aug 31 07:34:54 2025,31-Aug-2025,103500,47 20.736400 N,063 52.048000 W,2.3,2.2,A,Depth,Depth,63.333333,D,P,101345.000000
Sun Aug 31 07:34:54 2025,31-Aug-2025,103501,47 20.737000 N,063 52.048000 W,2.2,2.0,A,Depth,Depth,63.333333,D,P,101345.000000
Sun Aug 31 07:34:54 2025,31-Aug-2025,103502,47 20.737600 N,063 52.048000 W,2.3,2.1,A,Depth,Depth,63.333333,D,P,101345.000000
Sun Aug 31 07:34:58 2025,31-Aug-2025,103503,47 20.738200 N,063 52.047900 W,2.3,2.2,A,Primary,Headline,27.265306,D,P,118873.000000
Sun Aug 31 07:34:58 2025,31-Aug-2025,103504,47 20.738800 N,063 52.048000 W,2.3,2.3,A,Primary,Headline,27.265306,D,P,118873.000000
Sun Aug 31 07:34:58 2025,31-Aug-2025,103505,47 20.739500 N,063 52.047900 W,2.3,2.3,A,Primary,Headline,27.265306,D,P,118873.000000
Sun Aug 31 07:35:01 2025,31-Aug-2025,103506,47 20.740100 N,063 52.047900 W,2.3,2.1,A,Depth,Depth,65.462963,D,S,137065.000000
Sun Aug 31 07:35:01 2025,31-Aug-2025,103507,47 20.740700 N,063 52.047800 W,2.3,2.0,A,Depth,Depth,65.462963,D,S,137065.000000
Sun Aug 31 07:35:03 2025,31-Aug-2025,103508,47 20.741300 N,063 52.047800 W,2.3,1.9,A,DoorSpread,DoorMaster,0.000000,E,S,120335.000000
Sun Aug 31 07:35:03 2025,31-Aug-2025,103509,47 20.741800 N,063 52.047700 W,2.3,1.8,A,Primary,Headline,8.408163,D,S,235008.000000
Sun Aug 31 07:35:03 2025,31-Aug-2025,103510,47 20.742300 N,063 52.047600 W,2.3,1.7,A,Primary,Headline,8.408163,D,S,235008.000000
Sun Aug 31 07:35:03 2025,31-Aug-2025,103511,47 20.742900 N,063 52.047600 W,2.3,1.6,A,Primary,Headline,8.408163,D,S,235008.000000
Sun Aug 31 07:35:03 2025,31-Aug-2025,103512,47 20.743400 N,063 52.047500 W,2.3,1.5,A,Primary,Headline,8.408163,D,S,235008.000000
Sun Aug 31 07:35:08 2025,31-Aug-2025,103513,47 20.743900 N,063 52.047500 W,2.3,1.5,A,DoorSpread,DoorMaster,0.000000,E,S,144797.000000
Sun Aug 31 07:35:08 2025,31-Aug-2025,103514,47 20.744400 N,063 52.047400 W,2.3,1.5,A,Depth,Depth,61.018519,D,P,108449.000000
Sun Aug 31 07:35:09 2025,31-Aug-2025,103515,47 20.745000 N,063 52.047500 W,2.3,1.5,A,Primary,Headline,55.551020,D,S,111723.000000
Sun Aug 31 07:35:09 2025,31-Aug-2025,103516,47 20.745400 N,063 52.047500 W,2.3,1.4,A,Primary,Headline,55.551020,D,S,111723.000000
Sun Aug 31 07:35:09 2025,31-Aug-2025,103517,47 20.745900 N,063 52.047600 W,2.2,1.4,A,Primary,Headline,55.551020,D,S,111723.000000
Sun Aug 31 07:35:13 2025,31-Aug-2025,103518,47 20.746500 N,063 52.047600 W,2.3,1.3,A,DoorSpread,DoorMaster,0.000000,E,P,52732.000000
Sun Aug 31 07:35:13 2025,31-Aug-2025,103519,47 20.747200 N,063 52.047600 W,2.3,1.3,A,DoorSpread,DoorMaster,0.000000,E,P,52732.000000
Sun Aug 31 07:35:15 2025,31-Aug-2025,103520,47 20.747700 N,063 52.047600 W,2.2,1.3,A,Primary,Headline,55.816327,D,P,80084.000000
Sun Aug 31 07:35:15 2025,31-Aug-2025,103521,47 20.748200 N,063 52.047600 W,2.2,1.3,A,Depth,Depth,63.240741,D,P,63804.000000
Sun Aug 31 07:35:15 2025,31-Aug-2025,103522,47 20.748800 N,063 52.047500 W,2.2,1.5,A,Depth,Depth,63.240741,D,P,63804.000000
Sun Aug 31 07:35:18 2025,31-Aug-2025,103523,47 20.749500 N,063 52.047500 W,2.2,1.7,A,DoorSpread,DoorMaster,0.000000,E,P,150822.000000
Sun Aug 31 07:35:18 2025,31-Aug-2025,103524,47 20.750000 N,063 52.047500 W,2.2,1.6,A,DoorSpread,DoorMaster,0.000000,E,P,150822.000000
Sun Aug 31 07:35:18 2025,31-Aug-2025,103525,47 20.750600 N,063 52.047500 W,2.1,1.5,A,DoorSpread,DoorMaster,0.000000,E,P,150822.000000
Sun Aug 31 07:35:20 2025,31-Aug-2025,103526,47 20.751300 N,063 52.047600 W,2.2,1.3,A,Primary,Headline,6.918367,D,P,99690.000000
Sun Aug 31 07:35:20 2025,31-Aug-2025,103527,47 20.751900 N,063 52.047500 W,2.2,1.1,A,Primary,Headline,6.918367,D,P,99690.000000
Sun Aug 31 07:35:23 2025,31-Aug-2025,103528,47 20.752500 N,063 52.047500 W,2.1,1.1,A,Depth,Depth,63.333333,D,S,210414.000000
Sun Aug 31 07:35:23 2025,31-Aug-2025,103529,47 20.753100 N,063 52.047400 W,2.1,1.1,A,DoorSpread,DoorMaster,0.625000,D,S,53767.000000
Sun Aug 31 07:35:23 2025,31-Aug-2025,103530,47 20.753800 N,063 52.047200 W,2.1,1.2,A,DoorSpread,DoorMaster,0.625000,D,S,53767.000000
Sun Aug 31 07:35:26 2025,31-Aug-2025,103531,47 20.754400 N,063 52.047100 W,2.1,1.2,A,Primary,Headline,55.734694,D,S,167947.000000
Sun Aug 31 07:35:26 2025,31-Aug-2025,103532,47 20.755000 N,063 52.047000 W,2.1,1.2,A,Primary,Headline,55.734694,D,S,167947.000000
Sun Aug 31 07:35:26 2025,31-Aug-2025,103533,47 20.755600 N,063 52.047000 W,2.1,0.9,A,Primary,Headline,55.734694,D,S,167947.000000
Sun Aug 31 07:35:29 2025,31-Aug-2025,103534,47 20.756100 N,063 52.047000 W,2.1,0.4,A,DoorSpread,DoorMaster,9.795000,D,P,68026.000000
Sun Aug 31 07:35:30 2025,31-Aug-2025,103535,47 20.756600 N,063 52.047000 W,2.0,0.1,A,Depth,Depth,63.240741,D,P,61393.000000
Sun Aug 31 07:35:30 2025,31-Aug-2025,103536,47 20.757100 N,063 52.046900 W,2.0,359.9,A,Depth,Depth,63.240741,D,P,61393.000000
Sun Aug 31 07:35:32 2025,31-Aug-2025,103537,47 20.757600 N,063 52.046900 W,2.0,359.9,A,Primary,Headline,45.816327,D,P,206280.000000
Sun Aug 31 07:35:32 2025,31-Aug-2025,103538,47 20.758200 N,063 52.046800 W,2.0,359.9,A,Primary,Headline,45.816327,D,P,206280.000000
Sun Aug 31 07:35:34 2025,31-Aug-2025,103539,47 20.758800 N,063 52.046700 W,2.0,0.0,A,DoorSpread,DoorMaster,0.000000,E,P,94213.000000
Sun Aug 31 07:35:34 2025,31-Aug-2025,103540,47 20.759400 N,063 52.046600 W,2.0,0.1,A,DoorSpread,DoorMaster,0.000000,E,P,94213.000000
Sun Aug 31 07:35:34 2025,31-Aug-2025,103541,47 20.759900 N,063 52.046600 W,2.0,0.2,A,DoorSpread,DoorMaster,0.000000,E,P,94213.000000
Sun Aug 31 07:35:37 2025,31-Aug-2025,103542,47 20.760500 N,063 52.046600 W,2.0,0.1,A,Depth,Depth,63.240741,D,P,151095.000000
Sun Aug 31 07:35:38 2025,31-Aug-2025,103543,47 20.761100 N,063 52.046600 W,2.0,0.1,A,Primary,Headline,56.102041,D,S,108404.000000
Sun Aug 31 07:35:38 2025,31-Aug-2025,103544,47 20.761600 N,063 52.046600 W,2.0,0.1,A,Primary,Headline,56.102041,D,S,108404.000000
Sun Aug 31 07:35:40 2025,31-Aug-2025,103545,47 20.762100 N,063 52.046700 W,2.1,360.0,A,DoorSpread,DoorMaster,11.910000,D,P,55794.000000
Sun Aug 31 07:35:40 2025,31-Aug-2025,103546,47 20.762600 N,063 52.046800 W,2.1,0.0,A,DoorSpread,DoorMaster,11.910000,D,P,55794.000000
Sun Aug 31 07:35:40 2025,31-Aug-2025,103547,47 20.763100 N,063 52.046800 W,2.1,359.9,A,DoorSpread,DoorMaster,11.910000,D,P,55794.000000
Sun Aug 31 07:35:40 2025,31-Aug-2025,103548,47 20.763600 N,063 52.046800 W,2.1,359.7,A,DoorSpread,DoorMaster,11.910000,D,P,55794.000000
Sun Aug 31 07:35:44 2025,31-Aug-2025,103549,47 20.764100 N,063 52.046800 W,2.1,359.6,A,Primary,Headline,55.877551,D,S,158848.000000
Sun Aug 31 07:35:44 2025,31-Aug-2025,103550,47 20.764800 N,063 52.046800 W,2.1,359.7,A,Depth,Depth,63.518519,D,S,148034.000000
Sun Aug 31 07:35:46 2025,31-Aug-2025,103551,47 20.765300 N,063 52.046700 W,2.1,359.9,A,DoorSpread,DoorMaster,10.570000,D,P,37151.000000
Sun Aug 31 07:35:46 2025,31-Aug-2025,103552,47 20.766000 N,063 52.046600 W,2.1,360.0,A,DoorSpread,DoorMaster,10.570000,D,P,37151.000000
Sun Aug 31 07:35:46 2025,31-Aug-2025,103553,47 20.766700 N,063 52.046500 W,2.2,0.0,A,DoorSpread,DoorMaster,10.570000,D,P,37151.000000
Sun Aug 31 07:35:46 2025,31-Aug-2025,103554,47 20.767400 N,063 52.046600 W,2.2,0.1,A,DoorSpread,DoorMaster,10.570000,D,P,37151.000000
Sun Aug 31 07:35:49 2025,31-Aug-2025,103555,47 20.768100 N,063 52.046700 W,2.1,0.1,A,Primary,Headline,55.959184,D,P,92887.000000
Sun Aug 31 07:35:51 2025,31-Aug-2025,103556,47 20.768800 N,063 52.046800 W,2.2,359.8,A,DoorSpread,DoorMaster,0.000000,E,S,130624.000000
Sun Aug 31 07:35:51 2025,31-Aug-2025,103557,47 20.769600 N,063 52.046800 W,2.2,359.6,A,Depth,Depth,67.685185,D,S,94797.000000
Sun Aug 31 07:35:51 2025,31-Aug-2025,103558,47 20.770400 N,063 52.046900 W,2.2,359.3,A,Depth,Depth,67.685185,D,S,94797.000000
Sun Aug 31 07:35:51 2025,31-Aug-2025,103559,47 20.771100 N,063 52.047000 W,2.2,359.2,A,Depth,Depth,67.685185,D,S,94797.000000
Sun Aug 31 07:35:51 2025,31-Aug-2025,103600,47 20.771800 N,063 52.047100 W,2.2,359.2,A,Depth,Depth,67.685185,D,S,94797.000000
Sun Aug 31 07:35:55 2025,31-Aug-2025,103601,47 20.772400 N,063 52.047200 W,2.2,359.2,A,Primary,Headline,39.816327,D,P,108924.000000
Sun Aug 31 07:35:57 2025,31-Aug-2025,103602,47 20.773100 N,063 52.047200 W,2.2,359.2,A,DoorSpread,DoorMaster,10.125000,D,P,60634.000000
Sun Aug 31 07:35:57 2025,31-Aug-2025,103603,47 20.773800 N,063 52.047300 W,2.2,359.2,A,DoorSpread,DoorMaster,10.125000,D,P,60634.000000
Sun Aug 31 07:35:59 2025,31-Aug-2025,103604,47 20.774500 N,063 52.047300 W,2.2,359.2,A,Depth,Depth,58.796296,D,S,50527.000000
Sun Aug 31 07:35:59 2025,31-Aug-2025,103605,47 20.775100 N,063 52.047400 W,2.2,359.2,A,Depth,Depth,58.796296,D,S,50527.000000
Sun Aug 31 07:35:59 2025,31-Aug-2025,103606,47 20.775800 N,063 52.047600 W,2.2,359.0,A,Depth,Depth,58.796296,D,S,50527.000000
Sun Aug 31 07:36:02 2025,31-Aug-2025,103607,47 20.776400 N,063 52.047800 W,2.2,358.9,A,DoorSpread,DoorMaster,0.000000,E,S,231664.000000
Sun Aug 31 07:36:02 2025,31-Aug-2025,103608,47 20.777100 N,063 52.047900 W,2.2,358.9,A,DoorSpread,DoorMaster,0.000000,E,S,231664.000000
Sun Aug 31 07:36:02 2025,31-Aug-2025,103609,47 20.777900 N,063 52.047800 W,2.2,358.9,A,DoorSpread,DoorMaster,0.000000,E,S,231664.000000
Sun Aug 31 07:36:02 2025,31-Aug-2025,103610,47 20.778600 N,063 52.047700 W,2.2,358.9,A,DoorSpread,DoorMaster,0.000000,E,S,231664.000000
Sun Aug 31 07:36:06 2025,31-Aug-2025,103611,47 20.779300 N,063 52.047700 W,2.2,358.9,A,Depth,Depth,64.444444,D,P,73237.000000
Sun Aug 31 07:36:07 2025,31-Aug-2025,103612,47 20.780000 N,063 52.047500 W,2.2,359.1,A,Primary,Headline,56.081633,D,P,277766.000000
Sun Aug 31 07:36:07 2025,31-Aug-2025,103613,47 20.780700 N,063 52.047400 W,2.2,359.2,A,Primary,Headline,56.000000,D,S,216380.000000
Sun Aug 31 07:36:07 2025,31-Aug-2025,103614,47 20.781400 N,063 52.047300 W,2.2,359.0,A,Primary,Headline,56.000000,D,S,216380.000000
Sun Aug 31 07:36:07 2025,31-Aug-2025,103615,47 20.782000 N,063 52.047300 W,2.2,359.0,A,Primary,Headline,56.000000,D,S,216380.000000
Sun Aug 31 07:36:07 2025,31-Aug-2025,103616,47 20.782600 N,063 52.047300 W,2.2,359.2,A,Primary,Headline,56.000000,D,S,216380.000000
Sun Aug 31 07:36:12 2025,31-Aug-2025,103617,47 20.783200 N,063 52.047500 W,2.2,359.0,A,DoorSpread,DoorMaster,0.000000,E,P,83110.000000
Sun Aug 31 07:36:12 2025,31-Aug-2025,103618,47 20.783800 N,063 52.047600 W,2.2,358.9,A,Primary,Headline,15.020408,D,P,266611.000000
Sun Aug 31 07:36:13 2025,31-Aug-2025,103619,47 20.784300 N,063 52.047500 W,2.2,358.9,A,Depth,Depth,62.500000,D,P,129665.000000
Sun Aug 31 07:36:13 2025,31-Aug-2025,103620,47 20.784900 N,063 52.047500 W,2.2,359.1,A,Depth,Depth,62.500000,D,P,129665.000000
Sun Aug 31 07:36:13 2025,31-Aug-2025,103621,47 20.785500 N,063 52.047500 W,2.2,359.1,A,Depth,Depth,62.500000,D,P,129665.000000
Sun Aug 31 07:36:17 2025,31-Aug-2025,103622,47 20.786100 N,063 52.047600 W,2.2,359.1,A,DoorSpread,DoorMaster,0.000000,E,S,133567.000000
Sun Aug 31 07:36:17 2025,31-Aug-2025,103623,47 20.786800 N,063 52.047500 W,2.2,359.2,A,DoorSpread,DoorMaster,0.000000,E,S,133567.000000
Sun Aug 31 07:36:18 2025,31-Aug-2025,103624,47 20.787400 N,063 52.047600 W,2.2,359.3,A,Primary,Headline,55.795918,D,S,159520.000000
Sun Aug 31 07:36:18 2025,31-Aug-2025,103625,47 20.788000 N,063 52.047700 W,2.2,359.4,A,Primary,Headline,55.795918,D,S,159520.000000
Sun Aug 31 07:36:20 2025,31-Aug-2025,103626,47 20.788600 N,063 52.047800 W,2.3,359.4,A,Depth,Depth,64.166667,D,P,144491.000000
Sun Aug 31 07:36:20 2025,31-Aug-2025,103627,47 20.789200 N,063 52.047900 W,2.2,359.4,A,Depth,Depth,64.166667,D,P,144491.000000
Sun Aug 31 07:36:20 2025,31-Aug-2025,103628,47 20.789700 N,063 52.047900 W,2.2,359.5,A,Depth,Depth,64.166667,D,P,144491.000000
Sun Aug 31 07:36:24 2025,31-Aug-2025,103629,47 20.790200 N,063 52.048000 W,2.2,359.8,A,Primary,Headline,25.489796,D,S,306609.000000
Sun Aug 31 07:36:24 2025,31-Aug-2025,103630,47 20.790800 N,063 52.047900 W,2.3,360.0,A,Primary,Headline,25.489796,D,S,306609.000000
Sun Aug 31 07:36:24 2025,31-Aug-2025,103631,47 20.791400 N,063 52.048100 W,2.2,0.0,A,Primary,Headline,25.489796,D,S,306609.000000
Sun Aug 31 07:36:24 2025,31-Aug-2025,103632,47 20.791800 N,063 52.048200 W,2.2,359.9,A,Primary,Headline,25.489796,D,S,306609.000000
Sun Aug 31 07:36:28 2025,31-Aug-2025,103633,47 20.792300 N,063 52.048500 W,2.2,359.6,A,Depth,Depth,64.074074,D,S,166086.000000
Sun Aug 31 07:36:28 2025,31-Aug-2025,103634,47 20.793000 N,063 52.048700 W,2.2,359.5,A,DoorSpread,DoorMaster,0.000000,E,S,35438.000000
Sun Aug 31 07:36:30 2025,31-Aug-2025,103635,47 20.793500 N,063 52.048800 W,2.2,359.4,A,Primary,Headline,56.122449,D,S,193326.000000
Sun Aug 31 07:36:30 2025,31-Aug-2025,103636,47 20.794100 N,063 52.048800 W,2.2,359.5,A,Primary,Headline,56.122449,D,S,193326.000000
Sun Aug 31 07:36:30 2025,31-Aug-2025,103637,47 20.794700 N,063 52.048800 W,2.2,359.5,A,Primary,Headline,56.122449,D,S,193326.000000
Sun Aug 31 07:36:30 2025,31-Aug-2025,103638,47 20.795300 N,063 52.048800 W,2.2,359.5,A,Primary,Headline,56.122449,D,S,193326.000000
Sun Aug 31 07:36:33 2025,31-Aug-2025,103639,47 20.795900 N,063 52.048700 W,2.2,359.4,A,DoorSpread,DoorMaster,0.000000,E,P,148783.000000
Sun Aug 31 07:36:35 2025,31-Aug-2025,103640,47 20.796600 N,063 52.048700 W,2.2,359.5,A,Depth,Depth,63.981481,D,P,114387.000000
Sun Aug 31 07:36:35 2025,31-Aug-2025,103641,47 20.797200 N,063 52.048700 W,2.2,359.4,A,Primary,Headline,56.877551,D,S,165367.000000
Sun Aug 31 07:36:35 2025,31-Aug-2025,103642,47 20.797800 N,063 52.048900 W,2.2,359.2,A,Primary,Headline,56.877551,D,S,165367.000000
Sun Aug 31 07:36:35 2025,31-Aug-2025,103643,47 20.798400 N,063 52.048900 W,2.2,359.1,A,Primary,Headline,56.877551,D,S,165367.000000
Sun Aug 31 07:36:35 2025,31-Aug-2025,103644,47 20.799000 N,063 52.049000 W,2.2,359.0,A,Primary,Headline,56.877551,D,S,165367.000000
Sun Aug 31 07:36:39 2025,31-Aug-2025,103645,47 20.799600 N,063 52.049100 W,2.2,358.8,A,DoorSpread,DoorMaster,12.145000,D,S,156333.000000
Sun Aug 31 07:36:39 2025,31-Aug-2025,103646,47 20.800200 N,063 52.049100 W,2.2,358.6,A,DoorSpread,DoorMaster,12.145000,D,S,156333.000000
Sun Aug 31 07:36:41 2025,31-Aug-2025,103647,47 20.800900 N,063 52.049200 W,2.2,358.6,A,Primary,Headline,55.551020,D,P,174486.000000
Sun Aug 31 07:36:42 2025,31-Aug-2025,103648,47 20.801600 N,063 52.049300 W,2.2,358.6,A,Depth,Depth,63.518519,D,S,170372.000000
Sun Aug 31 07:36:42 2025,31-Aug-2025,103649,47 20.802100 N,063 52.049400 W,2.2,358.4,A,Depth,Depth,63.518519,D,S,170372.000000
Sun Aug 31 07:36:42 2025,31-Aug-2025,103650,47 20.802700 N,063 52.049600 W,2.1,358.1,A,Depth,Depth,63.518519,D,S,170372.000000
Sun Aug 31 07:36:45 2025,31-Aug-2025,103651,47 20.803400 N,063 52.049800 W,2.2,357.8,A,DoorSpread,DoorMaster,10.970000,D,S,128206.000000
Sun Aug 31 07:36:47 2025,31-Aug-2025,103652,47 20.804000 N,063 52.049900 W,2.1,357.6,A,Primary,Headline,44.428571,D,P,111745.000000
Sun Aug 31 07:36:47 2025,31-Aug-2025,103653,47 20.804600 N,063 52.050000 W,2.1,357.5,A,Primary,Headline,44.428571,D,P,111745.000000
Sun Aug 31 07:36:47 2025,31-Aug-2025,103654,47 20.805200 N,063 52.050100 W,2.1,357.6,A,Primary,Headline,44.428571,D,P,111745.000000
Sun Aug 31 07:36:49 2025,31-Aug-2025,103655,47 20.805800 N,063 52.050200 W,2.1,357.8,A,Depth,Depth,63.888889,D,S,123116.000000
Sun Aug 31 07:36:50 2025,31-Aug-2025,103656,47 20.806400 N,063 52.050300 W,2.1,357.8,A,DoorSpread,DoorMaster,0.000000,E,S,251364.000000
Sun Aug 31 07:36:50 2025,31-Aug-2025,103657,47 20.806900 N,063 52.050500 W,2.0,357.6,A,DoorSpread,DoorMaster,0.000000,E,S,251364.000000
Sun Aug 31 07:36:53 2025,31-Aug-2025,103658,47 20.807400 N,063 52.050600 W,2.0,357.3,A,Primary,Headline,47.367347,D,S,215984.000000
Sun Aug 31 07:36:53 2025,31-Aug-2025,103659,47 20.808000 N,063 52.050600 W,2.0,357.2,A,Primary,Headline,47.367347,D,S,215984.000000
Sun Aug 31 07:36:53 2025,31-Aug-2025,103700,47 20.808600 N,063 52.050600 W,2.0,357.2,A,Primary,Headline,47.367347,D,S,215984.000000
Sun Aug 31 07:36:56 2025,31-Aug-2025,103701,47 20.809100 N,063 52.050600 W,2.0,357.3,A,DoorSpread,DoorMaster,9.960000,D,S,193186.000000
Sun Aug 31 07:36:57 2025,31-Aug-2025,103702,47 20.809700 N,063 52.050500 W,2.0,357.5,A,Depth,Depth,63.518519,D,S,218113.000000
Sun Aug 31 07:36:57 2025,31-Aug-2025,103703,47 20.810200 N,063 52.050500 W,1.9,357.5,A,Depth,Depth,63.518519,D,S,218113.000000
Sun Aug 31 07:36:58 2025,31-Aug-2025,103704,47 20.810700 N,063 52.050500 W,1.9,357.6,A,Primary,Headline,26.591837,D,S,39345.000000
Sun Aug 31 07:36:58 2025,31-Aug-2025,103705,47 20.811400 N,063 52.050400 W,1.9,357.5,A,Primary,Headline,26.591837,D,S,39345.000000
Sun Aug 31 07:36:58 2025,31-Aug-2025,103706,47 20.812000 N,063 52.050400 W,1.9,357.5,A,Primary,Headline,26.591837,D,S,39345.000000
Sun Aug 31 07:37:02 2025,31-Aug-2025,103707,47 20.812600 N,063 52.050300 W,1.9,357.5,A,DoorSpread,DoorMaster,6.080000,D,S,158972.000000
Sun Aug 31 07:37:02 2025,31-Aug-2025,103708,47 20.813100 N,063 52.050400 W,1.9,357.3,A,DoorSpread,DoorMaster,6.080000,D,S,158972.000000
Sun Aug 31 07:37:04 2025,31-Aug-2025,103709,47 20.813700 N,063 52.050300 W,1.9,357.2,A,Depth,Depth,62.962963,D,S,145427.000000
Sun Aug 31 07:37:04 2025,31-Aug-2025,103710,47 20.814300 N,063 52.050200 W,2.0,357.4,A,Depth,Depth,62.962963,D,S,145427.000000
Sun Aug 31 07:37:04 2025,31-Aug-2025,103711,47 20.814800 N,063 52.050100 W,2.0,357.6,A,Depth,Depth,62.962963,D,S,145427.000000
Sun Aug 31 07:37:04 2025,31-Aug-2025,103712,47 20.815400 N,063 52.050100 W,2.0,357.6,A,Depth,Depth,62.962963,D,S,145427.000000
Sun Aug 31 07:37:07 2025,31-Aug-2025,103713,47 20.816000 N,063 52.050000 W,2.0,357.7,A,DoorSpread,DoorMaster,5.545000,D,S,185415.000000
Sun Aug 31 07:37:07 2025,31-Aug-2025,103714,47 20.816700 N,063 52.049900 W,2.1,357.8,A,DoorSpread,DoorMaster,5.545000,D,S,185415.000000
Sun Aug 31 07:37:09 2025,31-Aug-2025,103715,47 20.817300 N,063 52.049800 W,2.1,357.9,A,Primary,Headline,41.571429,D,S,142989.000000
Sun Aug 31 07:37:11 2025,31-Aug-2025,103716,47 20.817900 N,063 52.049700 W,2.1,357.8,A,Depth,Depth,62.685185,D,S,123221.000000
Sun Aug 31 07:37:11 2025,31-Aug-2025,103717,47 20.818600 N,063 52.049700 W,2.2,357.7,A,Depth,Depth,62.685185,D,S,123221.000000
Sun Aug 31 07:37:13 2025,31-Aug-2025,103718,47 20.819300 N,063 52.049600 W,2.2,357.9,A,DoorSpread,DoorMaster,6.210000,D,S,161084.000000
Sun Aug 31 07:37:13 2025,31-Aug-2025,103719,47 20.820000 N,063 52.049600 W,2.2,358.1,A,DoorSpread,DoorMaster,6.210000,D,S,161084.000000
Sun Aug 31 07:37:14 2025,31-Aug-2025,103720,47 20.820700 N,063 52.049600 W,2.3,358.2,A,Primary,Headline,9.183673,D,P,114703.000000
Sun Aug 31 07:37:14 2025,31-Aug-2025,103721,47 20.821500 N,063 52.049700 W,2.4,358.6,A,Primary,Headline,9.183673,D,P,114703.000000
Sun Aug 31 07:37:14 2025,31-Aug-2025,103722,47 20.822300 N,063 52.049700 W,2.5,358.9,A,Primary,Headline,9.183673,D,P,114703.000000
Sun Aug 31 07:37:14 2025,31-Aug-2025,103723,47 20.823100 N,063 52.049800 W,2.5,358.8,A,Primary,Headline,9.183673,D,P,114703.000000
Sun Aug 31 07:37:18 2025,31-Aug-2025,103724,47 20.823800 N,063 52.050000 W,2.6,358.3,A,DoorSpread,DoorMaster,5.415000,D,S,171650.000000
Sun Aug 31 07:37:20 2025,31-Aug-2025,103725,47 20.824700 N,063 52.050300 W,2.7,358.7,A,Primary,Headline,13.734694,D,S,120340.000000
Sun Aug 31 07:37:20 2025,31-Aug-2025,103726,47 20.825500 N,063 52.050500 W,2.8,359.1,A,Primary,Headline,13.734694,D,S,120340.000000
Sun Aug 31 07:37:20 2025,31-Aug-2025,103727,47 20.826200 N,063 52.050700 W,2.8,359.3,A,Primary,Headline,13.734694,D,S,120340.000000
Sun Aug 31 07:37:20 2025,31-Aug-2025,103728,47 20.827000 N,063 52.050800 W,2.9,359.1,A,Primary,Headline,13.734694,D,S,120340.000000
Sun Aug 31 07:37:24 2025,31-Aug-2025,103729,47 20.827900 N,063 52.050800 W,3.0,359.0,A,DoorSpread,DoorMaster,6.405000,D,S,170395.000000
Sun Aug 31 07:37:24 2025,31-Aug-2025,103730,47 20.828900 N,063 52.050800 W,3.0,359.0,A,DoorSpread,DoorMaster,6.405000,D,S,170395.000000
Sun Aug 31 07:37:25 2025,31-Aug-2025,103731,47 20.829800 N,063 52.050900 W,3.1,358.8,A,Depth,Depth,62.592593,D,S,213593.000000
Sun Aug 31 07:37:25 2025,31-Aug-2025,103732,47 20.830600 N,063 52.051000 W,3.1,358.4,A,Depth,Depth,62.592593,D,S,213593.000000
Sun Aug 31 07:37:25 2025,31-Aug-2025,103733,47 20.831500 N,063 52.051100 W,3.1,358.1,A,Depth,Depth,62.592593,D,S,213593.000000
Sun Aug 31 07:37:25 2025,31-Aug-2025,103734,47 20.832400 N,063 52.051200 W,3.1,358.1,A,Depth,Depth,62.592593,D,S,213593.000000
Sun Aug 31 07:37:30 2025,31-Aug-2025,103735,47 20.833300 N,063 52.051200 W,3.0,358.2,A,DoorSpread,DoorMaster,6.545000,D,S,157108.000000
Sun Aug 31 07:37:30 2025,31-Aug-2025,103736,47 20.834100 N,063 52.051100 W,3.0,358.2,A,DoorSpread,DoorMaster,6.545000,D,S,157108.000000
Sun Aug 31 07:37:30 2025,31-Aug-2025,103737,47 20.834900 N,063 52.051100 W,2.9,358.0,A,DoorSpread,DoorMaster,6.545000,D,S,157108.000000
Sun Aug 31 07:37:33 2025,31-Aug-2025,103738,47 20.835800 N,063 52.051100 W,2.9,357.9,A,Depth,Depth,61.203704,D,S,143762.000000
Sun Aug 31 07:37:33 2025,31-Aug-2025,103739,47 20.836500 N,063 52.051100 W,2.8,357.8,A,Depth,Depth,61.203704,D,S,143762.000000
Sun Aug 31 07:37:33 2025,31-Aug-2025,103740,47 20.837200 N,063 52.051200 W,2.8,357.6,A,Depth,Depth,61.203704,D,S,143762.000000
Sun Aug 31 07:37:35 2025,31-Aug-2025,103741,47 20.837800 N,063 52.051300 W,2.7,357.3,A,DoorSpread,DoorMaster,6.375000,D,S,261245.000000
Sun Aug 31 07:37:37 2025,31-Aug-2025,103742,47 20.838600 N,063 52.051400 W,2.7,357.2,A,Primary,Headline,54.836735,D,S,172016.000000
Sun Aug 31 07:37:37 2025,31-Aug-2025,103743,47 20.839300 N,063 52.051500 W,2.6,357.1,A,Primary,Headline,54.836735,D,S,172016.000000
Sun Aug 31 07:37:37 2025,31-Aug-2025,103744,47 20.840100 N,063 52.051600 W,2.6,356.9,A,Primary,Headline,54.836735,D,S,172016.000000
Sun Aug 31 07:37:40 2025,31-Aug-2025,103745,47 20.840800 N,063 52.051700 W,2.6,356.9,A,Depth,Depth,61.296296,D,P,47778.000000
Sun Aug 31 07:37:41 2025,31-Aug-2025,103746,47 20.841500 N,063 52.051800 W,2.5,356.8,A,DoorSpread,DoorMaster,6.370000,D,S,137862.000000
Sun Aug 31 07:37:41 2025,31-Aug-2025,103747,47 20.842200 N,063 52.051800 W,2.5,356.7,A,DoorSpread,DoorMaster,6.370000,D,S,137862.000000
Sun Aug 31 07:37:42 2025,31-Aug-2025,103748,47 20.842800 N,063 52.051800 W,2.5,356.7,A,Primary,Headline,42.795918,D,P,93829.000000
Sun Aug 31 07:37:42 2025,31-Aug-2025,103749,47 20.843500 N,063 52.051800 W,2.4,356.5,A,Primary,Headline,42.795918,D,P,93829.000000
Sun Aug 31 07:37:42 2025,31-Aug-2025,103750,47 20.844100 N,063 52.051800 W,2.4,356.3,A,Primary,Headline,42.795918,D,P,93829.000000
Sun Aug 31 07:37:42 2025,31-Aug-2025,103751,47 20.844800 N,063 52.051700 W,2.4,356.1,A,Primary,Headline,42.795918,D,P,93829.000000
Sun Aug 31 07:37:46 2025,31-Aug-2025,103752,47 20.845300 N,063 52.051800 W,2.3,356.0,A,DoorSpread,DoorMaster,6.055000,D,S,147684.000000
Sun Aug 31 07:37:47 2025,31-Aug-2025,103753,47 20.845800 N,063 52.051700 W,2.3,356.4,A,Depth,Depth,58.703704,D,S,156893.000000
Sun Aug 31 07:37:48 2025,31-Aug-2025,103754,47 20.846300 N,063 52.051800 W,2.3,356.7,A,Primary,Headline,54.857143,D,P,151720.000000
Sun Aug 31 07:37:48 2025,31-Aug-2025,103755,47 20.846800 N,063 52.052000 W,2.3,356.8,A,Primary,Headline,54.857143,D,P,151720.000000
Sun Aug 31 07:37:48 2025,31-Aug-2025,103756,47 20.847300 N,063 52.052300 W,2.3,356.6,A,Primary,Headline,54.857143,D,P,151720.000000
Sun Aug 31 07:37:52 2025,31-Aug-2025,103757,47 20.847800 N,063 52.052500 W,2.3,356.4,A,DoorSpread,DoorMaster,6.150000,D,S,120008.000000
Sun Aug 31 07:37:52 2025,31-Aug-2025,103758,47 20.848300 N,063 52.052700 W,2.2,356.3,A,DoorSpread,DoorMaster,6.150000,D,S,120008.000000
Sun Aug 31 07:37:54 2025,31-Aug-2025,103759,47 20.848900 N,063 52.052800 W,2.2,356.3,A,Primary,Headline,52.061224,D,P,75143.000000
Sun Aug 31 07:37:54 2025,31-Aug-2025,103800,47 20.849500 N,063 52.053000 W,2.2,356.3,A,Depth,Depth,58.240741,D,S,106541.000000
Sun Aug 31 07:37:54 2025,31-Aug-2025,103801,47 20.850100 N,063 52.053200 W,2.2,356.2,A,Depth,Depth,58.240741,D,S,106541.000000
Sun Aug 31 07:37:54 2025,31-Aug-2025,103802,47 20.850600 N,063 52.053300 W,2.2,356.3,A,Depth,Depth,58.240741,D,S,106541.000000
Sun Aug 31 07:37:57 2025,31-Aug-2025,103803,47 20.851200 N,063 52.053300 W,2.2,356.5,A,DoorSpread,DoorMaster,5.390000,D,P,62650.000000
Sun Aug 31 07:37:57 2025,31-Aug-2025,103804,47 20.851700 N,063 52.053200 W,2.2,356.7,A,DoorSpread,DoorMaster,5.390000,D,P,62650.000000
Sun Aug 31 07:38:00 2025,31-Aug-2025,103805,47 20.852300 N,063 52.053100 W,2.2,356.8,A,Primary,Headline,50.979592,D,P,63895.000000
Sun Aug 31 07:38:00 2025,31-Aug-2025,103806,47 20.852900 N,063 52.053000 W,2.1,356.8,A,Primary,Headline,50.979592,D,P,63895.000000
Sun Aug 31 07:38:02 2025,31-Aug-2025,103807,47 20.853500 N,063 52.052900 W,2.1,356.6,A,Depth,Depth,57.962963,D,S,108241.000000
Sun Aug 31 07:38:03 2025,31-Aug-2025,103808,47 20.854200 N,063 52.052900 W,2.1,356.6,A,DoorSpread,DoorMaster,5.610000,D,S,58025.000000
Sun Aug 31 07:38:03 2025,31-Aug-2025,103809,47 20.854900 N,063 52.052800 W,2.1,356.8,A,DoorSpread,DoorMaster,5.610000,D,S,58025.000000
Sun Aug 31 07:38:03 2025,31-Aug-2025,103810,47 20.855600 N,063 52.052800 W,2.1,357.0,A,DoorSpread,DoorMaster,5.610000,D,S,58025.000000
Sun Aug 31 07:38:06 2025,31-Aug-2025,103811,47 20.856300 N,063 52.052900 W,2.1,357.1,A,Primary,Headline,56.918367,D,S,89169.000000
Sun Aug 31 07:38:06 2025,31-Aug-2025,103812,47 20.857100 N,063 52.052800 W,2.1,357.1,A,Primary,Headline,56.918367,D,S,89169.000000
Sun Aug 31 07:38:06 2025,31-Aug-2025,103813,47 20.857800 N,063 52.052800 W,2.1,357.2,A,Primary,Headline,56.918367,D,S,89169.000000
Sun Aug 31 07:38:09 2025,31-Aug-2025,103814,47 20.858500 N,063 52.052800 W,2.1,357.1,A,Depth,Depth,57.129630,D,S,195926.000000
Sun Aug 31 07:38:09 2025,31-Aug-2025,103815,47 20.859100 N,063 52.052900 W,2.1,357.1,A,Depth,Depth,57.129630,D,S,195926.000000
Sun Aug 31 07:38:09 2025,31-Aug-2025,103816,47 20.859600 N,063 52.052900 W,2.1,356.9,A,Depth,Depth,57.129630,D,S,195926.000000
Sun Aug 31 07:38:12 2025,31-Aug-2025,103817,47 20.860100 N,063 52.052900 W,2.1,356.8,A,Primary,Headline,50.734694,D,S,204072.000000
Sun Aug 31 07:38:12 2025,31-Aug-2025,103818,47 20.860600 N,063 52.053000 W,2.1,356.7,A,Primary,Headline,50.734694,D,S,204072.000000
Sun Aug 31 07:38:14 2025,31-Aug-2025,103819,47 20.861000 N,063 52.052900 W,2.1,356.6,A,DoorSpread,DoorMaster,5.690000,D,S,69443.000000
Sun Aug 31 07:38:14 2025,31-Aug-2025,103820,47 20.861500 N,063 52.052900 W,2.1,356.7,A,DoorSpread,DoorMaster,5.690000,D,S,69443.000000
Sun Aug 31 07:38:16 2025,31-Aug-2025,103821,47 20.862000 N,063 52.053000 W,2.1,356.7,A,Depth,Depth,57.500000,D,P,29375.000000
Sun Aug 31 07:38:16 2025,31-Aug-2025,103822,47 20.862600 N,063 52.053000 W,2.1,356.5,A,Depth,Depth,55.740741,D,S,191566.000000
Sun Aug 31 07:38:18 2025,31-Aug-2025,103823,47 20.863100 N,063 52.053200 W,2.1,356.1,A,Primary,Headline,50.428571,D,S,254466.000000
Sun Aug 31 07:38:18 2025,31-Aug-2025,103824,47 20.863500 N,063 52.053500 W,2.1,355.9,A,Primary,Headline,50.428571,D,S,254466.000000
Sun Aug 31 07:38:20 2025,31-Aug-2025,103825,47 20.864000 N,063 52.053600 W,2.1,355.7,A,DoorSpread,DoorMaster,5.060000,D,S,191179.000000
Sun Aug 31 07:38:20 2025,31-Aug-2025,103826,47 20.864400 N,063 52.053900 W,2.1,355.5,A,DoorSpread,DoorMaster,5.060000,D,S,191179.000000
Sun Aug 31 07:38:20 2025,31-Aug-2025,103827,47 20.864800 N,063 52.054100 W,2.1,355.3,A,DoorSpread,DoorMaster,5.060000,D,S,191179.000000
Sun Aug 31 07:38:23 2025,31-Aug-2025,103828,47 20.865200 N,063 52.054400 W,2.1,355.0,A,Primary,Headline,19.571429,D,S,176233.000000
Sun Aug 31 07:38:23 2025,31-Aug-2025,103829,47 20.865700 N,063 52.054500 W,2.1,354.7,A,Depth,Depth,55.648148,D,S,285296.000000
Sun Aug 31 07:38:25 2025,31-Aug-2025,103830,47 20.866200 N,063 52.054700 W,2.1,354.5,A,DoorSpread,DoorMaster,5.455000,D,S,89522.000000
Sun Aug 31 07:38:25 2025,31-Aug-2025,103831,47 20.866800 N,063 52.054800 W,2.1,354.3,A,DoorSpread,DoorMaster,5.455000,D,S,89522.000000
Sun Aug 31 07:38:25 2025,31-Aug-2025,103832,47 20.867400 N,063 52.054900 W,2.1,354.2,A,DoorSpread,DoorMaster,5.455000,D,S,89522.000000
Sun Aug 31 07:38:25 2025,31-Aug-2025,103833,47 20.868000 N,063 52.055100 W,2.1,354.0,A,DoorSpread,DoorMaster,5.455000,D,S,89522.000000
Sun Aug 31 07:38:29 2025,31-Aug-2025,103834,47 20.868700 N,063 52.055200 W,2.1,353.6,A,Primary,Headline,49.020408,D,P,79050.000000
Sun Aug 31 07:38:29 2025,31-Aug-2025,103835,47 20.869300 N,063 52.055500 W,2.1,353.2,A,Primary,Headline,49.020408,D,P,79050.000000
Sun Aug 31 07:38:31 2025,31-Aug-2025,103836,47 20.869900 N,063 52.055800 W,2.1,352.8,A,DoorSpread,DoorMaster,5.470000,D,S,184041.000000
Sun Aug 31 07:38:31 2025,31-Aug-2025,103837,47 20.870400 N,063 52.056100 W,2.1,352.5,A,DoorSpread,DoorMaster,5.470000,D,S,184041.000000
Sun Aug 31 07:38:31 2025,31-Aug-2025,103838,47 20.871000 N,063 52.056300 W,2.1,352.4,A,DoorSpread,DoorMaster,5.470000,D,S,184041.000000
Sun Aug 31 07:38:31 2025,31-Aug-2025,103839,47 20.871600 N,063 52.056500 W,2.1,352.3,A,DoorSpread,DoorMaster,5.470000,D,S,184041.000000
Sun Aug 31 07:38:34 2025,31-Aug-2025,103840,47 20.872200 N,063 52.056700 W,2.1,352.0,A,Primary,Headline,48.285714,D,S,228216.000000
Sun Aug 31 07:38:34 2025,31-Aug-2025,103841,47 20.872800 N,063 52.057000 W,2.1,351.7,A,Primary,Headline,48.285714,D,S,228216.000000
Sun Aug 31 07:38:36 2025,31-Aug-2025,103842,47 20.873400 N,063 52.057200 W,2.1,351.4,A,DoorSpread,DoorMaster,5.660000,D,S,284137.000000
Sun Aug 31 07:38:38 2025,31-Aug-2025,103843,47 20.874000 N,063 52.057400 W,2.1,351.2,A,Depth,Depth,53.333333,D,P,31892.000000
Sun Aug 31 07:38:38 2025,31-Aug-2025,103844,47 20.874600 N,063 52.057600 W,2.1,351.0,A,Depth,Depth,53.333333,D,P,31892.000000
Sun Aug 31 07:38:38 2025,31-Aug-2025,103845,47 20.875100 N,063 52.057700 W,2.1,350.9,A,Depth,Depth,53.333333,D,P,31892.000000
Sun Aug 31 07:38:40 2025,31-Aug-2025,103846,47 20.875700 N,063 52.057800 W,2.1,350.9,A,Primary,Headline,47.612245,D,S,257270.000000
Sun Aug 31 07:38:42 2025,31-Aug-2025,103847,47 20.876200 N,063 52.058000 W,2.1,350.8,A,DoorSpread,DoorMaster,5.795000,D,S,181422.000000
Sun Aug 31 07:38:42 2025,31-Aug-2025,103848,47 20.876800 N,063 52.058300 W,2.1,350.5,A,DoorSpread,DoorMaster,5.795000,D,S,181422.000000
Sun Aug 31 07:38:42 2025,31-Aug-2025,103849,47 20.877400 N,063 52.058600 W,2.1,350.4,A,DoorSpread,DoorMaster,5.795000,D,S,181422.000000
Sun Aug 31 07:38:45 2025,31-Aug-2025,103850,47 20.877900 N,063 52.058700 W,2.1,350.2,A,Depth,Depth,52.500000,D,S,282621.000000
Sun Aug 31 07:38:46 2025,31-Aug-2025,103851,47 20.878300 N,063 52.059000 W,2.1,350.0,A,Primary,Headline,46.714286,D,S,293338.000000
Sun Aug 31 07:38:46 2025,31-Aug-2025,103852,47 20.878900 N,063 52.059100 W,2.1,349.8,A,Primary,Headline,46.714286,D,S,293338.000000
Sun Aug 31 07:38:47 2025,31-Aug-2025,103853,47 20.879500 N,063 52.059200 W,2.1,349.6,A,DoorSpread,DoorMaster,5.510000,D,S,82317.000000
Sun Aug 31 07:38:47 2025,31-Aug-2025,103854,47 20.880200 N,063 52.059400 W,2.1,349.3,A,DoorSpread,DoorMaster,5.510000,D,S,82317.000000
Sun Aug 31 07:38:47 2025,31-Aug-2025,103855,47 20.880800 N,063 52.059600 W,2.1,349.1,A,DoorSpread,DoorMaster,5.510000,D,S,82317.000000
Sun Aug 31 07:38:47 2025,31-Aug-2025,103856,47 20.881500 N,063 52.059800 W,2.1,349.1,A,DoorSpread,DoorMaster,5.510000,D,S,82317.000000
Sun Aug 31 07:38:52 2025,31-Aug-2025,103857,47 20.882100 N,063 52.060000 W,2.1,349.1,A,Depth,Depth,51.203704,D,P,94979.000000
Sun Aug 31 07:38:53 2025,31-Aug-2025,103858,47 20.882600 N,063 52.060200 W,2.1,349.0,A,DoorSpread,DoorMaster,5.365000,D,S,53419.000000
Sun Aug 31 07:38:53 2025,31-Aug-2025,103859,47 20.883100 N,063 52.060300 W,2.1,349.0,A,DoorSpread,DoorMaster,5.365000,D,S,53419.000000
Sun Aug 31 07:38:53 2025,31-Aug-2025,103900,47 20.883700 N,063 52.060400 W,2.1,349.2,A,DoorSpread,DoorMaster,5.365000,D,S,53419.000000
Sun Aug 31 07:38:53 2025,31-Aug-2025,103901,47 20.884200 N,063 52.060400 W,2.1,349.4,A,DoorSpread,DoorMaster,5.365000,D,S,53419.000000
Sun Aug 31 07:38:53 2025,31-Aug-2025,103902,47 20.884700 N,063 52.060500 W,2.1,349.4,A,DoorSpread,DoorMaster,5.365000,D,S,53419.000000
Sun Aug 31 07:38:57 2025,31-Aug-2025,103903,47 20.885200 N,063 52.060700 W,2.2,349.5,A,Primary,Headline,46.122449,D,S,109645.000000
Sun Aug 31 07:38:59 2025,31-Aug-2025,103904,47 20.885700 N,063 52.060900 W,2.2,349.4,A,Depth,Depth,51.296296,D,S,58017.000000
Sun Aug 31 07:38:59 2025,31-Aug-2025,103905,47 20.886200 N,063 52.061100 W,2.1,349.4,A,Depth,Depth,51.111111,D,P,61620.000000
Sun Aug 31 07:38:59 2025,31-Aug-2025,103906,47 20.886800 N,063 52.061300 W,2.2,349.3,A,Depth,Depth,51.111111,D,P,61620.000000
Sun Aug 31 07:38:59 2025,31-Aug-2025,103907,47 20.887400 N,063 52.061600 W,2.2,349.4,A,Depth,Depth,51.111111,D,P,61620.000000
Sun Aug 31 07:39:03 2025,31-Aug-2025,103908,47 20.888000 N,063 52.061900 W,2.2,349.5,A,Primary,Headline,43.632653,D,P,47929.000000
Sun Aug 31 07:39:04 2025,31-Aug-2025,103909,47 20.888600 N,063 52.062000 W,2.1,349.7,A,DoorSpread,DoorMaster,4.955000,D,S,189464.000000
Sun Aug 31 07:39:04 2025,31-Aug-2025,103910,47 20.889200 N,063 52.062100 W,2.2,349.9,A,DoorSpread,DoorMaster,4.955000,D,S,189464.000000
Sun Aug 31 07:39:04 2025,31-Aug-2025,103911,47 20.889900 N,063 52.062100 W,2.2,350.1,A,DoorSpread,DoorMaster,4.955000,D,S,189464.000000
Sun Aug 31 07:39:06 2025,31-Aug-2025,103912,47 20.890500 N,063 52.062200 W,2.1,350.2,A,Depth,Depth,46.851852,D,P,56702.000000
Sun Aug 31 07:39:06 2025,31-Aug-2025,103913,47 20.891100 N,063 52.062300 W,2.2,350.4,A,Depth,Depth,46.851852,D,P,56702.000000
Sun Aug 31 07:39:08 2025,31-Aug-2025,103914,47 20.891800 N,063 52.062300 W,2.2,350.6,A,Primary,Headline,9.612245,D,S,121977.000000
Sun Aug 31 07:39:09 2025,31-Aug-2025,103915,47 20.892500 N,063 52.062400 W,2.2,350.6,A,DoorSpread,DoorMaster,5.100000,D,S,85373.000000
Sun Aug 31 07:39:09 2025,31-Aug-2025,103916,47 20.893100 N,063 52.062500 W,2.2,350.6,A,DoorSpread,DoorMaster,5.100000,D,S,85373.000000
Sun Aug 31 07:39:09 2025,31-Aug-2025,103917,47 20.893700 N,063 52.062600 W,2.2,350.7,A,DoorSpread,DoorMaster,5.100000,D,S,85373.000000
Sun Aug 31 07:39:09 2025,31-Aug-2025,103918,47 20.894400 N,063 52.062600 W,2.2,350.8,A,DoorSpread,DoorMaster,5.100000,D,S,85373.000000
Sun Aug 31 07:39:14 2025,31-Aug-2025,103919,47 20.895100 N,063 52.062700 W,2.2,350.7,A,Primary,Headline,40.530612,D,P,123691.000000
Sun Aug 31 07:39:15 2025,31-Aug-2025,103920,47 20.895700 N,063 52.062800 W,2.2,350.6,A,DoorSpread,DoorMaster,5.140000,D,S,67618.000000
Sun Aug 31 07:39:15 2025,31-Aug-2025,103921,47 20.896300 N,063 52.062900 W,2.2,350.5,A,DoorSpread,DoorMaster,5.140000,D,S,67618.000000
Sun Aug 31 07:39:15 2025,31-Aug-2025,103922,47 20.896900 N,063 52.063100 W,2.2,350.4,A,DoorSpread,DoorMaster,5.140000,D,S,67618.000000
Sun Aug 31 07:39:15 2025,31-Aug-2025,103923,47 20.897400 N,063 52.063500 W,2.2,350.3,A,DoorSpread,DoorMaster,5.140000,D,S,67618.000000
Sun Aug 31 07:39:15 2025,31-Aug-2025,103924,47 20.897800 N,063 52.063800 W,2.2,350.3,A,DoorSpread,DoorMaster,5.140000,D,S,67618.000000
Sun Aug 31 07:39:20 2025,31-Aug-2025,103925,47 20.898400 N,063 52.064000 W,2.2,350.3,A,Primary,Headline,39.959184,D,S,135778.000000
Sun Aug 31 07:39:21 2025,31-Aug-2025,103926,47 20.898900 N,063 52.064300 W,2.2,350.1,A,Depth,Depth,44.259259,D,S,169144.000000
Sun Aug 31 07:39:21 2025,31-Aug-2025,103927,47 20.899400 N,063 52.064500 W,2.2,349.8,A,Depth,Depth,44.259259,D,S,169144.000000
Sun Aug 31 07:39:21 2025,31-Aug-2025,103928,47 20.900000 N,063 52.064600 W,2.2,349.5,A,Depth,Depth,44.259259,D,S,169144.000000
Sun Aug 31 07:39:21 2025,31-Aug-2025,103929,47 20.900500 N,063 52.064800 W,2.2,349.3,A,Depth,Depth,44.259259,D,S,169144.000000
Sun Aug 31 07:39:21 2025,31-Aug-2025,103930,47 20.901000 N,063 52.065000 W,2.2,348.9,A,Depth,Depth,44.259259,D,S,169144.000000
Sun Aug 31 07:39:25 2025,31-Aug-2025,103931,47 20.901600 N,063 52.065200 W,2.2,348.5,A,DoorSpread,DoorMaster,0.000000,E,S,123928.000000
Sun Aug 31 07:39:25 2025,31-Aug-2025,103932,47 20.902200 N,063 52.065400 W,2.2,348.2,A,DoorSpread,DoorMaster,0.000000,E,S,123928.000000
Sun Aug 31 07:39:28 2025,31-Aug-2025,103933,47 20.902900 N,063 52.065600 W,2.2,347.9,A,Depth,Depth,41.759259,D,S,264833.000000
Sun Aug 31 07:39:28 2025,31-Aug-2025,103934,47 20.903500 N,063 52.065800 W,2.2,347.6,A,Depth,Depth,41.759259,D,S,264833.000000
Sun Aug 31 07:39:28 2025,31-Aug-2025,103935,47 20.904000 N,063 52.065900 W,2.2,347.3,A,Depth,Depth,41.759259,D,S,264833.000000
Sun Aug 31 07:39:31 2025,31-Aug-2025,103936,47 20.904500 N,063 52.066200 W,2.2,347.0,A,DoorSpread,DoorMaster,4.915000,D,S,158970.000000
Sun Aug 31 07:39:31 2025,31-Aug-2025,103937,47 20.905000 N,063 52.066300 W,2.2,346.8,A,DoorSpread,DoorMaster,4.915000,D,S,158970.000000
Sun Aug 31 07:39:31 2025,31-Aug-2025,103938,47 20.905600 N,063 52.066500 W,2.3,346.7,A,DoorSpread,DoorMaster,4.915000,D,S,158970.000000
Sun Aug 31 07:39:31 2025,31-Aug-2025,103939,47 20.906100 N,063 52.066700 W,2.3,346.5,A,DoorSpread,DoorMaster,4.915000,D,S,158970.000000
Sun Aug 31 07:39:35 2025,31-Aug-2025,103940,47 20.906800 N,063 52.067000 W,2.3,346.0,A,Depth,Depth,40.185185,D,S,316649.000000
Sun Aug 31 07:39:36 2025,31-Aug-2025,103941,47 20.907400 N,063 52.067200 W,2.3,345.5,A,Primary,Headline,35.224490,D,S,371010.000000
Sun Aug 31 07:39:36 2025,31-Aug-2025,103942,47 20.908000 N,063 52.067400 W,2.3,345.4,A,DoorSpread,DoorMaster,5.135000,D,S,143356.000000
Sun Aug 31 07:39:36 2025,31-Aug-2025,103943,47 20.908700 N,063 52.067700 W,2.3,345.3,A,DoorSpread,DoorMaster,5.135000,D,S,143356.000000
Sun Aug 31 07:39:36 2025,31-Aug-2025,103944,47 20.909400 N,063 52.067900 W,2.3,345.1,A,DoorSpread,DoorMaster,5.135000,D,S,143356.000000
Sun Aug 31 07:39:36 2025,31-Aug-2025,103945,47 20.910000 N,063 52.068200 W,2.3,344.7,A,DoorSpread,DoorMaster,5.135000,D,S,143356.000000
Sun Aug 31 07:39:36 2025,31-Aug-2025,103946,47 20.910600 N,063 52.068600 W,2.3,344.3,A,DoorSpread,DoorMaster,5.135000,D,S,143356.000000
Sun Aug 31 07:39:42 2025,31-Aug-2025,103947,47 20.911200 N,063 52.069100 W,2.3,344.2,A,Depth,Depth,38.518519,D,S,441414.000000
Sun Aug 31 07:39:42 2025,31-Aug-2025,103948,47 20.911800 N,063 52.069400 W,2.3,344.2,A,Depth,Depth,38.518519,D,S,441414.000000
Sun Aug 31 07:39:42 2025,31-Aug-2025,103949,47 20.912500 N,063 52.069800 W,2.3,344.1,A,Depth,Depth,38.518519,D,S,441414.000000
Sun Aug 31 07:39:42 2025,31-Aug-2025,103950,47 20.913100 N,063 52.070000 W,2.3,343.9,A,Depth,Depth,38.518519,D,S,441414.000000
Sun Aug 31 07:39:42 2025,31-Aug-2025,103951,47 20.913800 N,063 52.070300 W,2.3,343.9,A,Depth,Depth,38.518519,D,S,441414.000000
Sun Aug 31 07:39:47 2025,31-Aug-2025,103952,47 20.914300 N,063 52.070400 W,2.4,343.9,A,Primary,Headline,32.469388,D,P,173527.000000
Sun Aug 31 07:39:47 2025,31-Aug-2025,103953,47 20.914900 N,063 52.070600 W,2.4,343.8,A,DoorSpread,DoorMaster,5.415000,D,S,284766.000000
Sun Aug 31 07:39:47 2025,31-Aug-2025,103954,47 20.915500 N,063 52.070700 W,2.4,343.7,A,DoorSpread,DoorMaster,5.415000,D,S,284766.000000
Sun Aug 31 07:39:49 2025,31-Aug-2025,103955,47 20.916300 N,063 52.070900 W,2.4,343.7,A,Depth,Depth,36.481481,D,S,168639.000000
Sun Aug 31 07:39:49 2025,31-Aug-2025,103956,47 20.916900 N,063 52.071000 W,2.4,343.7,A,Depth,Depth,36.481481,D,S,168639.000000
Sun Aug 31 07:39:49 2025,31-Aug-2025,103957,47 20.917600 N,063 52.071200 W,2.4,343.5,A,Depth,Depth,36.481481,D,S,168639.000000
Sun Aug 31 07:39:53 2025,31-Aug-2025,103958,47 20.918200 N,063 52.071400 W,2.4,343.2,A,DoorSpread,DoorMaster,3.940000,D,S,189846.000000
Sun Aug 31 07:39:53 2025,31-Aug-2025,103959,47 20.918800 N,063 52.071600 W,2.4,343.2,A,DoorSpread,DoorMaster,3.940000,D,S,189846.000000
Sun Aug 31 07:39:53 2025,31-Aug-2025,104000,47 20.919500 N,063 52.071700 W,2.4,343.5,A,DoorSpread,DoorMaster,3.940000,D,S,189846.000000
Sun Aug 31 07:39:53 2025,31-Aug-2025,104001,47 20.920200 N,063 52.072000 W,2.4,343.8,A,DoorSpread,DoorMaster,3.940000,D,S,189846.000000
Sun Aug 31 07:39:56 2025,31-Aug-2025,104002,47 20.920900 N,063 52.072300 W,2.4,343.9,A,Depth,Depth,39.074074,D,P,46310.000000
Sun Aug 31 07:39:58 2025,31-Aug-2025,104003,47 20.921500 N,063 52.072500 W,2.4,344.3,A,Primary,Headline,30.408163,D,P,82409.000000
Sun Aug 31 07:39:58 2025,31-Aug-2025,104004,47 20.922200 N,063 52.072800 W,2.4,344.6,A,DoorSpread,DoorMaster,3.845000,D,S,197061.000000
Sun Aug 31 07:39:58 2025,31-Aug-2025,104005,47 20.922800 N,063 52.073000 W,2.4,344.7,A,DoorSpread,DoorMaster,3.845000,D,S,197061.000000
Sun Aug 31 07:39:58 2025,31-Aug-2025,104006,47 20.923400 N,063 52.073300 W,2.4,345.2,A,DoorSpread,DoorMaster,3.845000,D,S,197061.000000
Sun Aug 31 07:39:58 2025,31-Aug-2025,104007,47 20.924100 N,063 52.073600 W,2.4,345.7,A,DoorSpread,DoorMaster,3.845000,D,S,197061.000000
Sun Aug 31 07:39:58 2025,31-Aug-2025,104008,47 20.924700 N,063 52.073900 W,2.4,346.2,A,DoorSpread,DoorMaster,3.845000,D,S,197061.000000
Sun Aug 31 07:40:04 2025,31-Aug-2025,104009,47 20.925400 N,063 52.074100 W,2.4,346.6,A,DoorSpread,DoorMaster,3.865000,D,P,59302.000000
Sun Aug 31 07:40:04 2025,31-Aug-2025,104010,47 20.926100 N,063 52.074400 W,2.4,346.9,A,DoorSpread,DoorMaster,3.865000,D,P,59302.000000
Sun Aug 31 07:40:04 2025,31-Aug-2025,104011,47 20.926800 N,063 52.074600 W,2.4,347.1,A,DoorSpread,DoorMaster,3.865000,D,P,59302.000000
Sun Aug 31 07:40:04 2025,31-Aug-2025,104012,47 20.927400 N,063 52.075000 W,2.3,347.2,A,DoorSpread,DoorMaster,3.865000,D,P,59302.000000
Sun Aug 31 07:40:04 2025,31-Aug-2025,104013,47 20.928100 N,063 52.075200 W,2.4,347.5,A,DoorSpread,DoorMaster,3.865000,D,P,59302.000000
Sun Aug 31 07:40:09 2025,31-Aug-2025,104014,47 20.928800 N,063 52.075400 W,2.3,347.7,A,Primary,Headline,25.183673,D,P,79085.000000
Sun Aug 31 07:40:09 2025,31-Aug-2025,104015,47 20.929500 N,063 52.075500 W,2.3,348.1,A,DoorSpread,DoorMaster,3.750000,D,P,84963.000000
Sun Aug 31 07:40:11 2025,31-Aug-2025,104016,47 20.930100 N,063 52.075600 W,2.3,348.2,A,Depth,Depth,15.555556,D,S,65607.000000
Sun Aug 31 07:40:11 2025,31-Aug-2025,104017,47 20.930700 N,063 52.075800 W,2.2,348.2,A,Depth,Depth,15.555556,D,S,65607.000000
Sun Aug 31 07:40:11 2025,31-Aug-2025,104018,47 20.931300 N,063 52.076000 W,2.2,348.1,A,Depth,Depth,15.555556,D,S,65607.000000
Sun Aug 31 07:40:11 2025,31-Aug-2025,104019,47 20.931800 N,063 52.076000 W,2.2,348.1,A,Depth,Depth,15.555556,D,S,65607.000000
Sun Aug 31 07:40:15 2025,31-Aug-2025,104020,47 20.932300 N,063 52.076000 W,2.2,348.0,A,DoorSpread,DoorMaster,3.830000,D,P,214335.000000
Sun Aug 31 07:40:15 2025,31-Aug-2025,104021,47 20.932800 N,063 52.076300 W,2.1,347.9,A,DoorSpread,DoorMaster,3.830000,D,P,214335.000000
Sun Aug 31 07:40:15 2025,31-Aug-2025,104022,47 20.933400 N,063 52.076500 W,2.1,347.8,A,DoorSpread,DoorMaster,3.830000,D,P,214335.000000
Sun Aug 31 07:40:18 2025,31-Aug-2025,104023,47 20.933900 N,063 52.076800 W,2.1,347.7,A,Depth,Depth,25.370370,D,P,83572.000000
Sun Aug 31 07:40:18 2025,31-Aug-2025,104024,47 20.934400 N,063 52.076900 W,2.1,347.6,A,Depth,Depth,25.370370,D,P,83572.000000
Sun Aug 31 07:40:19 2025,31-Aug-2025,104025,47 20.934900 N,063 52.077100 W,2.1,347.6,A,Primary,Headline,21.612245,D,P,95677.000000
Sun Aug 31 07:40:19 2025,31-Aug-2025,104026,47 20.935300 N,063 52.077300 W,2.0,347.6,A,Primary,Headline,21.612245,D,P,95677.000000
Sun Aug 31 07:40:19 2025,31-Aug-2025,104027,47 20.935800 N,063 52.077500 W,2.0,347.4,A,Primary,Headline,21.612245,D,P,95677.000000
Sun Aug 31 07:40:19 2025,31-Aug-2025,104028,47 20.936300 N,063 52.077800 W,2.0,346.6,A,Primary,Headline,21.612245,D,P,95677.000000
Sun Aug 31 07:40:19 2025,31-Aug-2025,104029,47 20.936800 N,063 52.078000 W,2.0,345.9,A,Primary,Headline,21.612245,D,P,95677.000000
Sun Aug 31 07:40:25 2025,31-Aug-2025,104030,47 20.937300 N,063 52.078100 W,2.0,345.4,A,Primary,Headline,20.673469,D,P,301037.000000
Sun Aug 31 07:40:25 2025,31-Aug-2025,104031,47 20.937800 N,063 52.078400 W,2.0,345.3,A,DoorSpread,DoorMaster,3.710000,D,S,143759.000000
Sun Aug 31 07:40:25 2025,31-Aug-2025,104032,47 20.938200 N,063 52.078700 W,2.0,345.3,A,DoorSpread,DoorMaster,3.710000,D,S,143759.000000
Sun Aug 31 07:40:25 2025,31-Aug-2025,104033,47 20.938700 N,063 52.078900 W,1.9,345.3,A,DoorSpread,DoorMaster,3.710000,D,S,143759.000000
Sun Aug 31 07:40:25 2025,31-Aug-2025,104034,47 20.939200 N,063 52.079200 W,1.9,345.1,A,DoorSpread,DoorMaster,3.710000,D,S,143759.000000
Sun Aug 31 07:40:25 2025,31-Aug-2025,104035,47 20.939700 N,063 52.079400 W,1.9,344.7,A,DoorSpread,DoorMaster,3.710000,D,S,143759.000000
Sun Aug 31 07:40:31 2025,31-Aug-2025,104036,47 20.940200 N,063 52.079800 W,1.9,344.2,A,DoorSpread,DoorMaster,3.735000,D,P,527647.000000
Sun Aug 31 07:40:32 2025,31-Aug-2025,104037,47 20.940700 N,063 52.080100 W,1.9,343.8,A,Depth,Depth,22.222222,D,P,289989.000000
Sun Aug 31 07:40:32 2025,31-Aug-2025,104038,47 20.941200 N,063 52.080400 W,1.9,343.4,A,Depth,Depth,22.222222,D,P,289989.000000
Sun Aug 31 07:40:32 2025,31-Aug-2025,104039,47 20.941800 N,063 52.080700 W,1.9,343.4,A,Depth,Depth,22.222222,D,P,289989.000000
Sun Aug 31 07:40:32 2025,31-Aug-2025,104040,47 20.942300 N,063 52.080900 W,1.9,343.5,A,Depth,Depth,22.222222,D,P,289989.000000
Sun Aug 31 07:40:36 2025,31-Aug-2025,104041,47 20.942900 N,063 52.081100 W,1.9,343.3,A,DoorSpread,DoorMaster,3.545000,D,P,366825.000000
