Ship Number,Trip Number,Tow Number
Avalon Voyager,3,1
Comments
"Zone 12"
CPU Date and Time,GPS Date,GPS Time,Latitude,Longitude,Speed,Heading,Validity,Transducer Name,Sensor Name,Sensor Value,Error Code,Hydrophone,Signal Strength
Sun Aug 24 06:09:31 2025,24-Aug-2025,090931,48 26.616000 N,063 45.264800 W,3.6,45.0,A,DoorSpread,DoorMaster,1.505000,D,P,29446.000000
Sun Aug 24 06:09:31 2025,24-Aug-2025,090932,48 26.616800 N,063 45.263900 W,3.6,44.7,A,DoorSpread,DoorMaster,1.505000,D,P,29446.000000
Sun Aug 24 06:09:31 2025,24-Aug-2025,090933,48 26.617600 N,063 45.263000 W,3.6,44.5,A,DoorSpread,DoorMaster,1.505000,D,P,29446.000000
Sun Aug 24 06:09:31 2025,24-Aug-2025,090934,48 26.618300 N,063 45.261900 W,3.6,44.6,A,DoorSpread,DoorMaster,1.505000,D,P,29446.000000
Sun Aug 24 06:09:31 2025,24-Aug-2025,090935,48 26.619000 N,063 45.260800 W,3.5,44.8,A,DoorSpread,DoorMaster,1.505000,D,P,29446.000000
Sun Aug 24 06:09:31 2025,24-Aug-2025,090936,48 26.619600 N,063 45.259800 W,3.5,45.0,A,DoorSpread,DoorMaster,1.505000,D,P,29446.000000
Sun Aug 24 06:09:31 2025,24-Aug-2025,090937,48 26.620400 N,063 45.258800 W,3.5,45.0,A,DoorSpread,DoorMaster,1.505000,D,P,29446.000000
Sun Aug 24 06:09:31 2025,24-Aug-2025,090938,48 26.621200 N,063 45.257800 W,3.5,45.0,A,DoorSpread,DoorMaster,1.505000,D,P,29446.000000
Sun Aug 24 06:09:31 2025,24-Aug-2025,090939,48 26.622000 N,063 45.256800 W,3.4,45.0,A,DoorSpread,DoorMaster,1.505000,D,P,29446.000000
Sun Aug 24 06:09:31 2025,24-Aug-2025,090940,48 26.622700 N,063 45.255800 W,3.4,45.0,A,DoorSpread,DoorMaster,1.505000,D,P,29446.000000
Sun Aug 24 06:09:31 2025,24-Aug-2025,090941,48 26.623400 N,063 45.254800 W,3.4,45.0,A,DoorSpread,DoorMaster,1.505000,D,P,29446.000000
Sun Aug 24 06:09:42 2025,24-Aug-2025,090942,48 26.624000 N,063 45.253800 W,3.4,45.2,A,DoorSpread,DoorMaster,1.405000,D,P,31217.000000
Sun Aug 24 06:09:42 2025,24-Aug-2025,090943,48 26.624600 N,063 45.252600 W,3.5,45.9,A,DoorSpread,DoorMaster,1.405000,D,P,31217.000000
Sun Aug 24 06:09:42 2025,24-Aug-2025,090944,48 26.625100 N,063 45.251400 W,3.4,46.5,A,DoorSpread,DoorMaster,1.405000,D,P,31217.000000
Sun Aug 24 06:09:42 2025,24-Aug-2025,090945,48 26.625700 N,063 45.250300 W,3.4,46.7,A,DoorSpread,DoorMaster,1.405000,D,P,31217.000000
Sun Aug 24 06:09:42 2025,24-Aug-2025,090946,48 26.626400 N,063 45.249500 W,3.4,46.2,A,DoorSpread,DoorMaster,1.405000,D,P,31217.000000
Sun Aug 24 06:09:47 2025,24-Aug-2025,090947,48 26.627000 N,063 45.248700 W,3.3,45.9,A,DoorSpread,DoorMaster,0.500000,D,S,13270.000000
Sun Aug 24 06:09:47 2025,24-Aug-2025,090948,48 26.627500 N,063 45.247700 W,3.3,45.9,A,DoorSpread,DoorMaster,0.500000,D,S,13270.000000
Sun Aug 24 06:09:47 2025,24-Aug-2025,090949,48 26.627900 N,063 45.246600 W,3.3,46.4,A,DoorSpread,DoorMaster,0.500000,D,S,13270.000000
Sun Aug 24 06:09:50 2025,24-Aug-2025,090950,48 26.628500 N,063 45.245300 W,3.4,46.9,A,Primary,Headline,7.591837,D,S,7841.000000
Sun Aug 24 06:09:50 2025,24-Aug-2025,090951,48 26.629200 N,063 45.244200 W,3.4,47.1,A,Primary,Headline,7.591837,D,S,7841.000000
Sun Aug 24 06:09:52 2025,24-Aug-2025,090952,48 26.629800 N,063 45.243000 W,3.4,47.3,A,Depth,Depth,15.925926,D,S,5837.000000
Sun Aug 24 06:09:52 2025,24-Aug-2025,090953,48 26.630400 N,063 45.241900 W,3.4,47.6,A,Depth,Depth,15.925926,D,S,5837.000000
Sun Aug 24 06:09:52 2025,24-Aug-2025,090954,48 26.631000 N,063 45.241000 W,3.3,47.6,A,Depth,Depth,15.925926,D,S,5837.000000
Sun Aug 24 06:09:55 2025,24-Aug-2025,090955,48 26.631500 N,063 45.240100 W,3.2,47.6,A,Primary,Headline,3.795918,D,S,44408.000000
Sun Aug 24 06:09:55 2025,24-Aug-2025,090956,48 26.632100 N,063 45.239100 W,3.2,47.8,A,Primary,Headline,3.795918,D,S,44408.000000
Sun Aug 24 06:09:57 2025,24-Aug-2025,090957,48 26.632800 N,063 45.238000 W,3.3,47.6,A,DoorSpread,DoorMaster,1.955000,D,P,52341.000000
Sun Aug 24 06:09:57 2025,24-Aug-2025,090958,48 26.633500 N,063 45.236800 W,3.4,47.8,A,DoorSpread,DoorMaster,1.955000,D,P,52341.000000
Sun Aug 24 06:09:57 2025,24-Aug-2025,090959,48 26.634100 N,063 45.235600 W,3.4,48.1,A,DoorSpread,DoorMaster,1.955000,D,P,52341.000000
Sun Aug 24 06:10:00 2025,24-Aug-2025,091000,48 26.634600 N,063 45.234500 W,3.4,48.4,A,Primary,Headline,5.102041,D,P,8398.000000
Sun Aug 24 06:10:00 2025,24-Aug-2025,091001,48 26.635100 N,063 45.233500 W,3.3,48.5,A,Primary,Headline,5.102041,D,P,8398.000000
Sun Aug 24 06:10:00 2025,24-Aug-2025,091002,48 26.635500 N,063 45.232500 W,3.3,48.7,A,Primary,Headline,5.102041,D,P,8398.000000
Sun Aug 24 06:10:02 2025,24-Aug-2025,091003,48 26.636000 N,063 45.231400 W,3.3,48.9,A,DoorSpread,DoorMaster,2.080000,D,P,61792.000000
Sun Aug 24 06:10:02 2025,24-Aug-2025,091004,48 26.636400 N,063 45.230400 W,3.3,49.1,A,DoorSpread,DoorMaster,2.080000,D,P,61792.000000
Sun Aug 24 06:10:05 2025,24-Aug-2025,091005,48 26.636900 N,063 45.229200 W,3.3,49.4,A,Primary,Headline,17.020408,D,P,14416.000000
Sun Aug 24 06:10:05 2025,24-Aug-2025,091006,48 26.637400 N,063 45.228200 W,3.3,49.3,A,Primary,Headline,17.020408,D,P,14416.000000
Sun Aug 24 06:10:05 2025,24-Aug-2025,091007,48 26.638100 N,063 45.227200 W,3.3,49.1,A,Primary,Headline,17.020408,D,P,14416.000000
Sun Aug 24 06:10:08 2025,24-Aug-2025,091008,48 26.638800 N,063 45.226100 W,3.4,48.9,A,DoorSpread,DoorMaster,2.175000,D,P,360031.000000
Sun Aug 24 06:10:08 2025,24-Aug-2025,091009,48 26.639400 N,063 45.224900 W,3.4,49.0,A,DoorSpread,DoorMaster,2.175000,D,P,360031.000000
Sun Aug 24 06:10:08 2025,24-Aug-2025,091010,48 26.639900 N,063 45.223900 W,3.3,49.2,A,DoorSpread,DoorMaster,2.175000,D,P,360031.000000
Sun Aug 24 06:10:08 2025,24-Aug-2025,091011,48 26.640300 N,063 45.222800 W,3.3,49.7,A,DoorSpread,DoorMaster,2.175000,D,P,360031.000000
Sun Aug 24 06:10:08 2025,24-Aug-2025,091012,48 26.640900 N,063 45.221700 W,3.4,49.8,A,DoorSpread,DoorMaster,2.175000,D,P,360031.000000
Sun Aug 24 06:10:13 2025,24-Aug-2025,091013,48 26.641700 N,063 45.220600 W,3.5,48.5,A,DoorSpread,DoorMaster,2.405000,D,P,395843.000000
Sun Aug 24 06:10:13 2025,24-Aug-2025,091014,48 26.642700 N,063 45.219500 W,3.8,46.6,A,DoorSpread,DoorMaster,2.405000,D,P,395843.000000
Sun Aug 24 06:10:13 2025,24-Aug-2025,091015,48 26.643900 N,063 45.218200 W,4.0,45.1,A,DoorSpread,DoorMaster,2.405000,D,P,395843.000000
Sun Aug 24 06:10:13 2025,24-Aug-2025,091016,48 26.645000 N,063 45.216800 W,4.2,44.3,A,DoorSpread,DoorMaster,2.405000,D,P,395843.000000
Sun Aug 24 06:10:13 2025,24-Aug-2025,091017,48 26.645800 N,063 45.215500 W,4.2,44.6,A,DoorSpread,DoorMaster,2.405000,D,P,395843.000000
Sun Aug 24 06:10:13 2025,24-Aug-2025,091018,48 26.646500 N,063 45.214100 W,4.2,45.9,A,DoorSpread,DoorMaster,2.405000,D,P,395843.000000
Sun Aug 24 06:10:13 2025,24-Aug-2025,091019,48 26.647100 N,063 45.212800 W,4.2,47.0,A,DoorSpread,DoorMaster,2.405000,D,P,395843.000000
Sun Aug 24 06:10:13 2025,24-Aug-2025,091020,48 26.648100 N,063 45.211500 W,4.4,47.0,A,DoorSpread,DoorMaster,2.405000,D,P,395843.000000
Sun Aug 24 06:10:13 2025,24-Aug-2025,091021,48 26.649300 N,063 45.210300 W,4.6,46.1,A,DoorSpread,DoorMaster,2.405000,D,P,395843.000000
Sun Aug 24 06:10:13 2025,24-Aug-2025,091022,48 26.650600 N,063 45.208900 W,4.9,45.0,A,DoorSpread,DoorMaster,2.405000,D,P,395843.000000
Sun Aug 24 06:10:13 2025,24-Aug-2025,091023,48 26.651700 N,063 45.207300 W,5.0,44.4,A,DoorSpread,DoorMaster,2.405000,D,P,395843.000000
Sun Aug 24 06:10:24 2025,24-Aug-2025,091024,48 26.652600 N,063 45.205800 W,5.0,44.1,A,DoorSpread,DoorMaster,2.850000,D,P,760149.000000
Sun Aug 24 06:10:24 2025,24-Aug-2025,091025,48 26.653300 N,063 45.204200 W,4.9,44.7,A,DoorSpread,DoorMaster,2.850000,D,P,760149.000000
Sun Aug 24 06:10:26 2025,24-Aug-2025,091026,48 26.654000 N,063 45.202800 W,4.8,45.5,A,Primary,Headline,7.857143,D,S,12389.000000
Sun Aug 24 06:10:26 2025,24-Aug-2025,091027,48 26.654800 N,063 45.201500 W,4.8,45.5,A,Primary,Headline,7.857143,D,S,12389.000000
Sun Aug 24 06:10:26 2025,24-Aug-2025,091028,48 26.655800 N,063 45.200100 W,4.9,45.0,A,Primary,Headline,7.857143,D,S,12389.000000
Sun Aug 24 06:10:26 2025,24-Aug-2025,091029,48 26.656900 N,063 45.198600 W,5.0,44.4,A,Primary,Headline,7.857143,D,S,12389.000000
Sun Aug 24 06:10:29 2025,24-Aug-2025,091030,48 26.658100 N,063 45.197000 W,5.1,43.9,A,DoorSpread,DoorMaster,11.310000,D,P,191207.000000
Sun Aug 24 06:10:31 2025,24-Aug-2025,091031,48 26.659200 N,063 45.195500 W,5.1,43.5,A,Primary,Headline,7.632653,D,S,16694.000000
Sun Aug 24 06:10:31 2025,24-Aug-2025,091032,48 26.660000 N,063 45.193800 W,5.0,44.1,A,Primary,Headline,7.632653,D,S,16694.000000
Sun Aug 24 06:10:31 2025,24-Aug-2025,091033,48 26.660800 N,063 45.192400 W,5.0,44.5,A,Primary,Headline,7.632653,D,S,16694.000000
Sun Aug 24 06:10:31 2025,24-Aug-2025,091034,48 26.661700 N,063 45.191000 W,5.0,44.5,A,Primary,Headline,7.632653,D,S,16694.000000
Sun Aug 24 06:10:35 2025,24-Aug-2025,091035,48 26.662700 N,063 45.189700 W,5.0,44.2,A,DoorSpread,DoorMaster,5.605000,D,S,62670.000000
Sun Aug 24 06:10:36 2025,24-Aug-2025,091036,48 26.663700 N,063 45.188300 W,5.1,44.0,A,Primary,Headline,8.387755,D,S,27165.000000
Sun Aug 24 06:10:36 2025,24-Aug-2025,091037,48 26.664700 N,063 45.186700 W,5.1,44.1,A,Primary,Headline,8.387755,D,S,27165.000000
Sun Aug 24 06:10:36 2025,24-Aug-2025,091038,48 26.665500 N,063 45.185100 W,5.0,44.8,A,Primary,Headline,8.387755,D,S,27165.000000
Sun Aug 24 06:10:36 2025,24-Aug-2025,091039,48 26.666200 N,063 45.183500 W,5.0,45.5,A,Primary,Headline,8.387755,D,S,27165.000000
Sun Aug 24 06:10:36 2025,24-Aug-2025,091040,48 26.667100 N,063 45.182100 W,5.0,46.0,A,Primary,Headline,8.387755,D,S,27165.000000
Sun Aug 24 06:10:41 2025,24-Aug-2025,091041,48 26.668000 N,063 45.180700 W,5.0,46.0,A,Primary,Headline,10.530612,D,S,34044.000000
Sun Aug 24 06:10:41 2025,24-Aug-2025,091042,48 26.668900 N,063 45.179500 W,5.0,45.8,A,Primary,Headline,10.530612,D,S,34044.000000
Sun Aug 24 06:10:41 2025,24-Aug-2025,091043,48 26.669800 N,063 45.178100 W,5.0,45.6,A,Primary,Headline,10.530612,D,S,34044.000000
Sun Aug 24 06:10:41 2025,24-Aug-2025,091044,48 26.670600 N,063 45.176600 W,5.0,45.6,A,Primary,Headline,10.530612,D,S,34044.000000
Sun Aug 24 06:10:41 2025,24-Aug-2025,091045,48 26.671500 N,063 45.175000 W,5.0,45.8,A,Primary,Headline,10.530612,D,S,34044.000000
Sun Aug 24 06:10:46 2025,24-Aug-2025,091046,48 26.672300 N,063 45.173500 W,4.9,46.2,A,DoorSpread,DoorMaster,4.535000,D,P,124080.000000
Sun Aug 24 06:10:46 2025,24-Aug-2025,091047,48 26.673100 N,063 45.172100 W,4.9,46.3,A,DoorSpread,DoorMaster,4.535000,D,P,124080.000000
Sun Aug 24 06:10:46 2025,24-Aug-2025,091048,48 26.674000 N,063 45.170900 W,4.8,45.8,A,DoorSpread,DoorMaster,4.535000,D,P,124080.000000
Sun Aug 24 06:10:46 2025,24-Aug-2025,091049,48 26.675000 N,063 45.169500 W,4.8,45.1,A,DoorSpread,DoorMaster,4.535000,D,P,124080.000000
Sun Aug 24 06:10:46 2025,24-Aug-2025,091050,48 26.676000 N,063 45.168100 W,4.9,44.5,A,DoorSpread,DoorMaster,4.535000,D,P,124080.000000
Sun Aug 24 06:10:51 2025,24-Aug-2025,091051,48 26.677000 N,063 45.166500 W,5.0,44.3,A,DoorSpread,DoorMaster,5.175000,D,P,226695.000000
Sun Aug 24 06:10:51 2025,24-Aug-2025,091052,48 26.678000 N,063 45.164900 W,5.0,44.2,A,Primary,Headline,18.142857,D,P,28660.000000
Sun Aug 24 06:10:51 2025,24-Aug-2025,091053,48 26.678900 N,063 45.163400 W,5.0,44.2,A,Primary,Headline,18.142857,D,P,28660.000000
Sun Aug 24 06:10:51 2025,24-Aug-2025,091054,48 26.679800 N,063 45.161800 W,5.0,44.3,A,Primary,Headline,18.142857,D,P,28660.000000
Sun Aug 24 06:10:55 2025,24-Aug-2025,091055,48 26.680600 N,063 45.160200 W,5.0,44.5,A,Depth,Depth,17.222222,D,P,26626.000000
Sun Aug 24 06:10:55 2025,24-Aug-2025,091056,48 26.681500 N,063 45.158700 W,4.9,44.3,A,Depth,Depth,21.296296,D,S,14650.000000
Sun Aug 24 06:10:57 2025,24-Aug-2025,091057,48 26.682500 N,063 45.157300 W,5.0,44.0,A,DoorSpread,DoorMaster,5.085000,D,P,104366.000000
Sun Aug 24 06:10:57 2025,24-Aug-2025,091058,48 26.683700 N,063 45.155800 W,5.2,43.7,A,DoorSpread,DoorMaster,5.085000,D,P,104366.000000
Sun Aug 24 06:10:57 2025,24-Aug-2025,091059,48 26.685000 N,063 45.154100 W,5.3,43.5,A,DoorSpread,DoorMaster,5.085000,D,P,104366.000000
Sun Aug 24 06:10:57 2025,24-Aug-2025,091100,48 26.686100 N,063 45.152400 W,5.4,43.5,A,DoorSpread,DoorMaster,5.085000,D,P,104366.000000
Sun Aug 24 06:10:57 2025,24-Aug-2025,091101,48 26.687100 N,063 45.150800 W,5.3,43.6,A,DoorSpread,DoorMaster,5.085000,D,P,104366.000000
Sun Aug 24 06:11:02 2025,24-Aug-2025,091102,48 26.688000 N,063 45.149200 W,5.2,44.1,A,DoorSpread,DoorMaster,4.945000,D,S,222243.000000
Sun Aug 24 06:11:02 2025,24-Aug-2025,091103,48 26.688700 N,063 45.147700 W,5.1,45.2,A,Depth,Depth,10.370370,D,S,27703.000000
Sun Aug 24 06:11:02 2025,24-Aug-2025,091104,48 26.689600 N,063 45.146400 W,5.0,44.5,A,Depth,Depth,10.370370,D,S,27703.000000
Sun Aug 24 06:11:02 2025,24-Aug-2025,091105,48 26.690700 N,063 45.145100 W,5.1,43.7,A,Depth,Depth,10.370370,D,S,27703.000000
Sun Aug 24 06:11:02 2025,24-Aug-2025,091106,48 26.691900 N,063 45.143500 W,5.3,43.0,A,Depth,Depth,10.370370,D,S,27703.000000
Sun Aug 24 06:11:07 2025,24-Aug-2025,091107,48 26.693100 N,063 45.141700 W,5.4,42.6,A,Primary,Headline,22.489796,D,S,21058.000000
Sun Aug 24 06:11:08 2025,24-Aug-2025,091108,48 26.694200 N,063 45.140100 W,5.4,42.4,A,DoorSpread,DoorMaster,5.755000,D,P,322982.000000
Sun Aug 24 06:11:08 2025,24-Aug-2025,091109,48 26.695100 N,063 45.138600 W,5.3,42.6,A,DoorSpread,DoorMaster,5.755000,D,P,322982.000000
Sun Aug 24 06:11:08 2025,24-Aug-2025,091110,48 26.695800 N,063 45.137200 W,5.1,43.3,A,DoorSpread,DoorMaster,5.755000,D,P,322982.000000
Sun Aug 24 06:11:08 2025,24-Aug-2025,091111,48 26.696500 N,063 45.135900 W,5.0,44.0,A,DoorSpread,DoorMaster,5.755000,D,P,322982.000000
Sun Aug 24 06:11:08 2025,24-Aug-2025,091112,48 26.697500 N,063 45.134400 W,5.1,44.4,A,DoorSpread,DoorMaster,5.755000,D,P,322982.000000
Sun Aug 24 06:11:13 2025,24-Aug-2025,091113,48 26.698700 N,063 45.132800 W,5.3,44.3,A,DoorSpread,DoorMaster,5.765000,D,P,340793.000000
Sun Aug 24 06:11:13 2025,24-Aug-2025,091114,48 26.699900 N,063 45.131300 W,5.4,44.0,A,DoorSpread,DoorMaster,5.765000,D,P,340793.000000
Sun Aug 24 06:11:13 2025,24-Aug-2025,091115,48 26.701100 N,063 45.129900 W,5.4,43.6,A,DoorSpread,DoorMaster,5.765000,D,P,340793.000000
Sun Aug 24 06:11:13 2025,24-Aug-2025,091116,48 26.702000 N,063 45.128500 W,5.3,43.5,A,DoorSpread,DoorMaster,5.765000,D,P,340793.000000
Sun Aug 24 06:11:16 2025,24-Aug-2025,091117,48 26.702900 N,063 45.127100 W,5.2,43.8,A,Depth,Depth,15.925926,D,P,35505.000000
Sun Aug 24 06:11:17 2025,24-Aug-2025,091118,48 26.703700 N,063 45.125600 W,5.1,44.3,A,Primary,Headline,14.775510,D,S,29019.000000
Sun Aug 24 06:11:19 2025,24-Aug-2025,091119,48 26.704500 N,063 45.123900 W,5.1,44.7,A,DoorSpread,DoorMaster,5.825000,D,P,197224.000000
Sun Aug 24 06:11:19 2025,24-Aug-2025,091120,48 26.705200 N,063 45.122300 W,5.0,44.5,A,DoorSpread,DoorMaster,5.825000,D,P,197224.000000
Sun Aug 24 06:11:19 2025,24-Aug-2025,091121,48 26.706200 N,063 45.120900 W,5.0,44.0,A,DoorSpread,DoorMaster,5.825000,D,P,197224.000000
Sun Aug 24 06:11:19 2025,24-Aug-2025,091122,48 26.707100 N,063 45.119400 W,5.1,43.5,A,DoorSpread,DoorMaster,5.825000,D,P,197224.000000
Sun Aug 24 06:11:23 2025,24-Aug-2025,091123,48 26.708000 N,063 45.117800 W,5.1,43.4,A,Primary,Headline,15.775510,D,S,12834.000000
Sun Aug 24 06:11:24 2025,24-Aug-2025,091124,48 26.708700 N,063 45.116000 W,5.2,43.8,A,Depth,Depth,14.259259,D,S,15706.000000
Sun Aug 24 06:11:25 2025,24-Aug-2025,091125,48 26.709500 N,063 45.114200 W,5.2,44.1,A,DoorSpread,DoorMaster,20.975000,D,P,181111.000000
Sun Aug 24 06:11:25 2025,24-Aug-2025,091126,48 26.710400 N,063 45.112700 W,5.1,44.1,A,DoorSpread,DoorMaster,20.975000,D,P,181111.000000
Sun Aug 24 06:11:25 2025,24-Aug-2025,091127,48 26.711300 N,063 45.111300 W,5.1,44.0,A,DoorSpread,DoorMaster,20.975000,D,P,181111.000000
Sun Aug 24 06:11:25 2025,24-Aug-2025,091128,48 26.712200 N,063 45.109800 W,5.1,44.0,A,DoorSpread,DoorMaster,20.975000,D,P,181111.000000
Sun Aug 24 06:11:29 2025,24-Aug-2025,091129,48 26.713000 N,063 45.108300 W,5.1,44.2,A,Primary,Headline,52.653061,D,S,24959.000000
Sun Aug 24 06:11:29 2025,24-Aug-2025,091130,48 26.713900 N,063 45.106600 W,5.1,44.6,A,Primary,Headline,52.653061,D,S,24959.000000
Sun Aug 24 06:11:31 2025,24-Aug-2025,091131,48 26.714800 N,063 45.104900 W,5.1,44.9,A,Depth,Depth,25.000000,D,S,14152.000000
Sun Aug 24 06:11:32 2025,24-Aug-2025,091132,48 26.715800 N,063 45.103200 W,5.2,45.1,A,DoorSpread,DoorMaster,22.935000,D,P,245219.000000
Sun Aug 24 06:11:32 2025,24-Aug-2025,091133,48 26.716800 N,063 45.101500 W,5.2,45.2,A,DoorSpread,DoorMaster,22.935000,D,P,245219.000000
Sun Aug 24 06:11:34 2025,24-Aug-2025,091134,48 26.717800 N,063 45.100000 W,5.1,45.4,A,Primary,Headline,19.959184,D,S,45695.000000
Sun Aug 24 06:11:34 2025,24-Aug-2025,091135,48 26.718600 N,063 45.098600 W,5.0,45.7,A,Primary,Headline,19.959184,D,S,45695.000000
Sun Aug 24 06:11:34 2025,24-Aug-2025,091136,48 26.719300 N,063 45.097300 W,4.9,46.2,A,Primary,Headline,19.959184,D,S,45695.000000
Sun Aug 24 06:11:34 2025,24-Aug-2025,091137,48 26.720100 N,063 45.095900 W,4.8,46.2,A,Primary,Headline,19.959184,D,S,45695.000000
Sun Aug 24 06:11:38 2025,24-Aug-2025,091138,48 26.721100 N,063 45.094500 W,4.9,46.2,A,Depth,Depth,10.833333,D,S,18041.000000
Sun Aug 24 06:11:39 2025,24-Aug-2025,091139,48 26.722200 N,063 45.092900 W,5.0,46.1,A,Primary,Headline,23.795918,D,S,47724.000000
Sun Aug 24 06:11:39 2025,24-Aug-2025,091140,48 26.723100 N,063 45.091200 W,5.1,46.2,A,Primary,Headline,23.795918,D,S,47724.000000
Sun Aug 24 06:11:39 2025,24-Aug-2025,091141,48 26.724000 N,063 45.089400 W,5.1,46.8,A,Primary,Headline,23.795918,D,S,47724.000000
Sun Aug 24 06:11:39 2025,24-Aug-2025,091142,48 26.724700 N,063 45.087700 W,5.0,47.4,A,Primary,Headline,23.795918,D,S,47724.000000
Sun Aug 24 06:11:39 2025,24-Aug-2025,091143,48 26.725400 N,063 45.086200 W,4.9,47.9,A,Primary,Headline,23.795918,D,S,47724.000000
Sun Aug 24 06:11:39 2025,24-Aug-2025,091144,48 26.726200 N,063 45.084700 W,4.9,48.4,A,Primary,Headline,23.795918,D,S,47724.000000
Sun Aug 24 06:11:45 2025,24-Aug-2025,091145,48 26.727100 N,063 45.083200 W,4.9,48.5,A,Primary,Headline,54.877551,D,S,24804.000000
Sun Aug 24 06:11:45 2025,24-Aug-2025,091146,48 26.728200 N,063 45.081800 W,5.0,48.1,A,Primary,Headline,54.877551,D,S,24804.000000
Sun Aug 24 06:11:45 2025,24-Aug-2025,091147,48 26.729400 N,063 45.080400 W,5.1,47.5,A,Primary,Headline,54.877551,D,S,24804.000000
Sun Aug 24 06:11:48 2025,24-Aug-2025,091148,48 26.730500 N,063 45.079000 W,5.1,47.0,A,DoorSpread,DoorMaster,6.320000,D,P,402482.000000
Sun Aug 24 06:11:48 2025,24-Aug-2025,091149,48 26.731500 N,063 45.077600 W,5.1,46.6,A,DoorSpread,DoorMaster,6.320000,D,P,402482.000000
Sun Aug 24 06:11:48 2025,24-Aug-2025,091150,48 26.732300 N,063 45.076200 W,5.0,47.1,A,DoorSpread,DoorMaster,6.320000,D,P,402482.000000
Sun Aug 24 06:11:51 2025,24-Aug-2025,091151,48 26.733100 N,063 45.074800 W,4.9,47.9,A,Primary,Headline,57.959184,D,S,26541.000000
Sun Aug 24 06:11:52 2025,24-Aug-2025,091152,48 26.733900 N,063 45.073400 W,4.9,48.3,A,Depth,Depth,25.648148,D,P,28508.000000
Sun Aug 24 06:11:52 2025,24-Aug-2025,091153,48 26.734800 N,063 45.072100 W,4.9,47.9,A,Depth,Depth,25.648148,D,P,28508.000000
Sun Aug 24 06:11:54 2025,24-Aug-2025,091154,48 26.736000 N,063 45.070800 W,5.0,47.1,A,DoorSpread,DoorMaster,5.700000,D,P,285848.000000
Sun Aug 24 06:11:54 2025,24-Aug-2025,091155,48 26.737400 N,063 45.069300 W,5.2,46.4,A,DoorSpread,DoorMaster,5.700000,D,P,285848.000000
Sun Aug 24 06:11:54 2025,24-Aug-2025,091156,48 26.738500 N,063 45.067500 W,5.2,46.1,A,DoorSpread,DoorMaster,5.700000,D,P,285848.000000
Sun Aug 24 06:11:57 2025,24-Aug-2025,091157,48 26.739500 N,063 45.066100 W,5.1,45.7,A,Primary,Headline,21.530612,D,S,27629.000000
Sun Aug 24 06:11:57 2025,24-Aug-2025,091158,48 26.740500 N,063 45.064700 W,4.9,45.9,A,Primary,Headline,21.530612,D,S,27629.000000
Sun Aug 24 06:11:59 2025,24-Aug-2025,091159,48 26.741400 N,063 45.063400 W,4.8,45.8,A,DoorSpread,DoorMaster,5.965000,D,S,27492.000000
Sun Aug 24 06:11:59 2025,24-Aug-2025,091200,48 26.742400 N,063 45.062100 W,4.8,45.5,A,DoorSpread,DoorMaster,5.965000,D,S,27492.000000
Sun Aug 24 06:11:59 2025,24-Aug-2025,091201,48 26.743500 N,063 45.060700 W,4.9,45.1,A,DoorSpread,DoorMaster,5.965000,D,S,27492.000000
Sun Aug 24 06:12:02 2025,24-Aug-2025,091202,48 26.744700 N,063 45.059300 W,5.0,44.7,A,Primary,Headline,22.979592,D,S,33933.000000
Sun Aug 24 06:12:02 2025,24-Aug-2025,091203,48 26.745800 N,063 45.057800 W,5.1,44.4,A,Primary,Headline,22.979592,D,S,33933.000000
Sun Aug 24 06:12:02 2025,24-Aug-2025,091204,48 26.746900 N,063 45.056300 W,5.1,44.1,A,Primary,Headline,22.979592,D,S,33933.000000
Sun Aug 24 06:12:05 2025,24-Aug-2025,091205,48 26.747900 N,063 45.054900 W,5.0,44.2,A,DoorSpread,DoorMaster,6.470000,D,P,353943.000000
Sun Aug 24 06:12:06 2025,24-Aug-2025,091206,48 26.748800 N,063 45.053600 W,4.9,44.2,A,Depth,Depth,18.148148,D,S,26719.000000
Sun Aug 24 06:12:07 2025,24-Aug-2025,091207,48 26.749700 N,063 45.052300 W,4.9,44.4,A,Primary,Headline,19.244898,D,P,72499.000000
Sun Aug 24 06:12:07 2025,24-Aug-2025,091208,48 26.750600 N,063 45.051100 W,4.8,44.2,A,Primary,Headline,19.244898,D,P,72499.000000
Sun Aug 24 06:12:07 2025,24-Aug-2025,091209,48 26.751500 N,063 45.049900 W,4.8,44.0,A,Primary,Headline,19.244898,D,P,72499.000000
Sun Aug 24 06:12:07 2025,24-Aug-2025,091210,48 26.752500 N,063 45.048500 W,4.9,43.6,A,Primary,Headline,19.244898,D,P,72499.000000
Sun Aug 24 06:12:11 2025,24-Aug-2025,091211,48 26.753500 N,063 45.047100 W,4.9,43.3,A,DoorSpread,DoorMaster,11.645000,D,P,484698.000000
Sun Aug 24 06:12:11 2025,24-Aug-2025,091212,48 26.754500 N,063 45.045600 W,5.0,43.3,A,DoorSpread,DoorMaster,11.645000,D,P,484698.000000
Sun Aug 24 06:12:13 2025,24-Aug-2025,091213,48 26.755400 N,063 45.044000 W,5.0,43.7,A,Primary,Headline,29.448980,D,S,33597.000000
Sun Aug 24 06:12:13 2025,24-Aug-2025,091214,48 26.756200 N,063 45.042400 W,5.0,44.6,A,Depth,Depth,33.611111,D,S,22766.000000
Sun Aug 24 06:12:13 2025,24-Aug-2025,091215,48 26.757000 N,063 45.040900 W,4.8,45.1,A,Depth,Depth,33.611111,D,S,22766.000000
Sun Aug 24 06:12:13 2025,24-Aug-2025,091216,48 26.757900 N,063 45.039700 W,4.8,45.2,A,Depth,Depth,33.611111,D,S,22766.000000
Sun Aug 24 06:12:13 2025,24-Aug-2025,091217,48 26.758900 N,063 45.038400 W,4.9,44.7,A,Depth,Depth,33.611111,D,S,22766.000000
Sun Aug 24 06:12:18 2025,24-Aug-2025,091218,48 26.760100 N,063 45.037100 W,5.0,43.9,A,Primary,Headline,28.857143,D,S,23629.000000
Sun Aug 24 06:12:18 2025,24-Aug-2025,091219,48 26.761200 N,063 45.035600 W,5.1,43.4,A,Primary,Headline,28.857143,D,S,23629.000000
Sun Aug 24 06:12:20 2025,24-Aug-2025,091220,48 26.762200 N,063 45.033900 W,5.1,43.3,A,Depth,Depth,34.074074,D,P,35807.000000
Sun Aug 24 06:12:20 2025,24-Aug-2025,091221,48 26.763000 N,063 45.032400 W,4.9,44.0,A,Depth,Depth,30.648148,D,S,20846.000000
Sun Aug 24 06:12:22 2025,24-Aug-2025,091222,48 26.763600 N,063 45.030900 W,4.8,45.4,A,DoorSpread,DoorMaster,6.930000,D,S,120558.000000
Sun Aug 24 06:12:22 2025,24-Aug-2025,091223,48 26.764300 N,063 45.029400 W,4.7,46.4,A,DoorSpread,DoorMaster,6.930000,D,S,120558.000000
Sun Aug 24 06:12:24 2025,24-Aug-2025,091224,48 26.765200 N,063 45.028200 W,4.7,46.3,A,Primary,Headline,28.510204,D,S,27019.000000
Sun Aug 24 06:12:24 2025,24-Aug-2025,091225,48 26.766300 N,063 45.027000 W,4.8,45.5,A,Primary,Headline,28.510204,D,S,27019.000000
Sun Aug 24 06:12:24 2025,24-Aug-2025,091226,48 26.767500 N,063 45.025700 W,4.9,44.5,A,Primary,Headline,28.510204,D,S,27019.000000
Sun Aug 24 06:12:27 2025,24-Aug-2025,091227,48 26.768800 N,063 45.024200 W,5.1,43.7,A,DoorSpread,DoorMaster,7.035000,D,P,376316.000000
Sun Aug 24 06:12:27 2025,24-Aug-2025,091228,48 26.770000 N,063 45.022600 W,5.2,43.3,A,Depth,Depth,30.000000,D,P,40310.000000
Sun Aug 24 06:12:27 2025,24-Aug-2025,091229,48 26.770900 N,063 45.021100 W,5.1,44.1,A,Depth,Depth,30.000000,D,P,40310.000000
Sun Aug 24 06:12:30 2025,24-Aug-2025,091230,48 26.771600 N,063 45.019700 W,4.9,44.8,A,Primary,Headline,56.142857,D,P,67122.000000
Sun Aug 24 06:12:30 2025,24-Aug-2025,091231,48 26.772400 N,063 45.018600 W,4.8,44.8,A,Primary,Headline,56.142857,D,P,67122.000000
Sun Aug 24 06:12:30 2025,24-Aug-2025,091232,48 26.773200 N,063 45.017300 W,4.7,44.4,A,Primary,Headline,56.142857,D,P,67122.000000
Sun Aug 24 06:12:33 2025,24-Aug-2025,091233,48 26.774200 N,063 45.016000 W,4.9,43.9,A,DoorSpread,DoorMaster,8.240000,D,P,234714.000000
Sun Aug 24 06:12:33 2025,24-Aug-2025,091234,48 26.775400 N,063 45.014500 W,5.0,43.4,A,DoorSpread,DoorMaster,8.240000,D,P,234714.000000
Sun Aug 24 06:12:35 2025,24-Aug-2025,091235,48 26.776700 N,063 45.012900 W,5.1,43.1,A,Primary,Headline,21.653061,D,P,61213.000000
Sun Aug 24 06:12:35 2025,24-Aug-2025,091236,48 26.777800 N,063 45.011200 W,5.2,43.0,A,Primary,Headline,21.653061,D,P,61213.000000
Sun Aug 24 06:12:35 2025,24-Aug-2025,091237,48 26.778900 N,063 45.009700 W,5.3,43.1,A,Primary,Headline,21.653061,D,P,61213.000000
Sun Aug 24 06:12:35 2025,24-Aug-2025,091238,48 26.779800 N,063 45.008300 W,5.1,43.3,A,Primary,Headline,21.653061,D,P,61213.000000
Sun Aug 24 06:12:39 2025,24-Aug-2025,091239,48 26.780600 N,063 45.007200 W,4.9,43.3,A,DoorSpread,DoorMaster,7.990000,D,S,32088.000000
Sun Aug 24 06:12:40 2025,24-Aug-2025,091240,48 26.781400 N,063 45.006000 W,4.8,43.5,A,Primary,Headline,30.183673,D,P,70812.000000
Sun Aug 24 06:12:40 2025,24-Aug-2025,091241,48 26.782200 N,063 45.004700 W,4.8,43.8,A,Primary,Headline,33.000000,D,S,20569.000000
Sun Aug 24 06:12:40 2025,24-Aug-2025,091242,48 26.783200 N,063 45.003200 W,4.9,44.1,A,Primary,Headline,33.000000,D,S,20569.000000
Sun Aug 24 06:12:40 2025,24-Aug-2025,091243,48 26.784200 N,063 45.001700 W,5.0,44.2,A,Primary,Headline,33.000000,D,S,20569.000000
Sun Aug 24 06:12:44 2025,24-Aug-2025,091244,48 26.785300 N,063 45.000300 W,5.0,44.2,A,DoorSpread,DoorMaster,6.700000,D,P,280534.000000
Sun Aug 24 06:12:44 2025,24-Aug-2025,091245,48 26.786200 N,063 44.999100 W,4.8,44.0,A,DoorSpread,DoorMaster,6.700000,D,P,280534.000000
Sun Aug 24 06:12:46 2025,24-Aug-2025,091246,48 26.787000 N,063 44.998000 W,4.7,43.6,A,Primary,Headline,32.244898,D,P,93926.000000
Sun Aug 24 06:12:46 2025,24-Aug-2025,091247,48 26.787900 N,063 44.996800 W,4.7,43.7,A,Primary,Headline,32.244898,D,P,93926.000000
Sun Aug 24 06:12:46 2025,24-Aug-2025,091248,48 26.788700 N,063 44.995500 W,4.7,44.0,A,Primary,Headline,32.244898,D,P,93926.000000
Sun Aug 24 06:12:46 2025,24-Aug-2025,091249,48 26.789600 N,063 44.994300 W,4.7,43.7,A,Primary,Headline,32.244898,D,P,93926.000000
Sun Aug 24 06:12:50 2025,24-Aug-2025,091250,48 26.790700 N,063 44.993100 W,4.8,43.1,A,DoorSpread,DoorMaster,8.080000,D,S,56913.000000
Sun Aug 24 06:12:50 2025,24-Aug-2025,091251,48 26.791900 N,063 44.992000 W,4.8,42.4,A,DoorSpread,DoorMaster,8.080000,D,S,56913.000000
Sun Aug 24 06:12:52 2025,24-Aug-2025,091252,48 26.792900 N,063 44.990800 W,4.9,41.9,A,Primary,Headline,37.265306,D,S,51583.000000
Sun Aug 24 06:12:52 2025,24-Aug-2025,091253,48 26.793900 N,063 44.989400 W,4.9,41.6,A,Primary,Headline,37.265306,D,S,51583.000000
Sun Aug 24 06:12:52 2025,24-Aug-2025,091254,48 26.794800 N,063 44.988200 W,4.8,41.5,A,Primary,Headline,37.265306,D,S,51583.000000
Sun Aug 24 06:12:52 2025,24-Aug-2025,091255,48 26.795600 N,063 44.987200 W,4.7,41.5,A,Primary,Headline,37.265306,D,S,51583.000000
Sun Aug 24 06:12:52 2025,24-Aug-2025,091256,48 26.796400 N,063 44.986100 W,4.6,41.4,A,Primary,Headline,37.265306,D,S,51583.000000
Sun Aug 24 06:12:57 2025,24-Aug-2025,091257,48 26.797300 N,063 44.984800 W,4.7,41.5,A,Primary,Headline,36.795918,D,S,37937.000000
Sun Aug 24 06:12:57 2025,24-Aug-2025,091258,48 26.798400 N,063 44.983400 W,4.7,41.6,A,Primary,Headline,36.795918,D,S,37937.000000
Sun Aug 24 06:12:57 2025,24-Aug-2025,091259,48 26.799500 N,063 44.981900 W,4.8,41.7,A,Primary,Headline,36.795918,D,S,37937.000000
Sun Aug 24 06:12:57 2025,24-Aug-2025,091300,48 26.800600 N,063 44.980300 W,5.0,41.9,A,Primary,Headline,36.795918,D,S,37937.000000
Sun Aug 24 06:12:57 2025,24-Aug-2025,091301,48 26.801700 N,063 44.978700 W,5.0,42.4,A,Primary,Headline,36.795918,D,S,37937.000000
Sun Aug 24 06:12:57 2025,24-Aug-2025,091302,48 26.802700 N,063 44.977200 W,5.0,42.5,A,Primary,Headline,36.795918,D,S,37937.000000
Sun Aug 24 06:13:03 2025,24-Aug-2025,091303,48 26.803700 N,063 44.975800 W,4.9,42.5,A,Depth,Depth,42.037037,D,S,40525.000000
Sun Aug 24 06:13:03 2025,24-Aug-2025,091304,48 26.804700 N,063 44.974300 W,4.9,42.4,A,Depth,Depth,42.037037,D,S,40525.000000
Sun Aug 24 06:13:03 2025,24-Aug-2025,091305,48 26.805700 N,063 44.972900 W,4.9,42.5,A,Depth,Depth,42.037037,D,S,40525.000000
Sun Aug 24 06:13:03 2025,24-Aug-2025,091306,48 26.806700 N,063 44.971300 W,4.9,42.8,A,Depth,Depth,42.037037,D,S,40525.000000
Sun Aug 24 06:13:03 2025,24-Aug-2025,091307,48 26.807600 N,063 44.969600 W,5.0,43.2,A,Depth,Depth,42.037037,D,S,40525.000000
Sun Aug 24 06:13:03 2025,24-Aug-2025,091308,48 26.808700 N,063 44.968000 W,5.1,43.3,A,Depth,Depth,42.037037,D,S,40525.000000
Sun Aug 24 06:13:03 2025,24-Aug-2025,091309,48 26.809800 N,063 44.966400 W,5.2,43.3,A,Depth,Depth,42.037037,D,S,40525.000000
Sun Aug 24 06:13:03 2025,24-Aug-2025,091310,48 26.811000 N,063 44.964700 W,5.3,43.3,A,Depth,Depth,42.037037,D,S,40525.000000
Sun Aug 24 06:13:03 2025,24-Aug-2025,091311,48 26.812000 N,063 44.963100 W,5.2,43.6,A,Depth,Depth,42.037037,D,S,40525.000000
Sun Aug 24 06:13:03 2025,24-Aug-2025,091312,48 26.812900 N,063 44.961600 W,5.2,44.1,A,Depth,Depth,42.037037,D,S,40525.000000
Sun Aug 24 06:13:03 2025,24-Aug-2025,091313,48 26.813800 N,063 44.960100 W,5.1,44.5,A,Depth,Depth,42.037037,D,S,40525.000000
Sun Aug 24 06:13:14 2025,24-Aug-2025,091314,48 26.814700 N,063 44.958700 W,5.1,44.6,A,Primary,Headline,26.693878,D,S,24804.000000
Sun Aug 24 06:13:14 2025,24-Aug-2025,091315,48 26.815700 N,063 44.957300 W,5.1,44.5,A,Primary,Headline,26.693878,D,S,24804.000000
Sun Aug 24 06:13:14 2025,24-Aug-2025,091316,48 26.816700 N,063 44.955900 W,5.1,44.5,A,Primary,Headline,26.693878,D,S,24804.000000
Sun Aug 24 06:13:14 2025,24-Aug-2025,091317,48 26.817800 N,063 44.954300 W,5.2,44.4,A,Primary,Headline,26.693878,D,S,24804.000000
Sun Aug 24 06:13:14 2025,24-Aug-2025,091318,48 26.818900 N,063 44.952800 W,5.3,44.2,A,Primary,Headline,26.693878,D,S,24804.000000
Sun Aug 24 06:13:19 2025,24-Aug-2025,091319,48 26.820000 N,063 44.951300 W,5.2,44.0,A,Primary,Headline,44.081633,D,S,25010.000000
Sun Aug 24 06:13:19 2025,24-Aug-2025,091320,48 26.820900 N,063 44.949800 W,5.1,44.4,A,Primary,Headline,44.081633,D,S,25010.000000
Sun Aug 24 06:13:21 2025,24-Aug-2025,091321,48 26.821700 N,063 44.948100 W,5.1,45.1,A,DoorSpread,DoorMaster,7.725000,D,S,55020.000000
Sun Aug 24 06:13:21 2025,24-Aug-2025,091322,48 26.822600 N,063 44.946700 W,5.0,45.1,A,DoorSpread,DoorMaster,7.725000,D,S,55020.000000
Sun Aug 24 06:13:21 2025,24-Aug-2025,091323,48 26.823600 N,063 44.945400 W,5.1,44.7,A,DoorSpread,DoorMaster,7.725000,D,S,55020.000000
Sun Aug 24 06:13:24 2025,24-Aug-2025,091324,48 26.824800 N,063 44.944200 W,5.1,44.0,A,Primary,Headline,8.775510,D,P,51119.000000
Sun Aug 24 06:13:25 2025,24-Aug-2025,091325,48 26.826000 N,063 44.942600 W,5.3,43.4,A,Depth,Depth,52.500000,D,S,19755.000000
Sun Aug 24 06:13:25 2025,24-Aug-2025,091326,48 26.827100 N,063 44.941100 W,5.3,43.1,A,Depth,Depth,52.500000,D,S,19755.000000
Sun Aug 24 06:13:27 2025,24-Aug-2025,091327,48 26.828100 N,063 44.939500 W,5.2,43.3,A,DoorSpread,DoorMaster,8.090000,D,S,26726.000000
Sun Aug 24 06:13:27 2025,24-Aug-2025,091328,48 26.829000 N,063 44.938100 W,5.1,43.7,A,DoorSpread,DoorMaster,8.090000,D,S,26726.000000
Sun Aug 24 06:13:27 2025,24-Aug-2025,091329,48 26.829900 N,063 44.936800 W,5.0,43.3,A,DoorSpread,DoorMaster,8.090000,D,S,26726.000000
Sun Aug 24 06:13:30 2025,24-Aug-2025,091330,48 26.830800 N,063 44.935700 W,4.9,42.8,A,Primary,Headline,47.326531,D,S,30168.000000
Sun Aug 24 06:13:30 2025,24-Aug-2025,091331,48 26.831900 N,063 44.934400 W,5.0,42.4,A,Primary,Headline,47.326531,D,S,30168.000000
Sun Aug 24 06:13:32 2025,24-Aug-2025,091332,48 26.832900 N,063 44.932800 W,5.1,42.4,A,DoorSpread,DoorMaster,9.765000,D,S,34394.000000
Sun Aug 24 06:13:32 2025,24-Aug-2025,091333,48 26.834000 N,063 44.931200 W,5.2,42.4,A,DoorSpread,DoorMaster,9.765000,D,S,34394.000000
Sun Aug 24 06:13:32 2025,24-Aug-2025,091334,48 26.835000 N,063 44.929600 W,5.2,42.6,A,DoorSpread,DoorMaster,9.765000,D,S,34394.000000
Sun Aug 24 06:13:32 2025,24-Aug-2025,091335,48 26.836100 N,063 44.927900 W,5.2,42.9,A,DoorSpread,DoorMaster,9.765000,D,S,34394.000000
Sun Aug 24 06:13:36 2025,24-Aug-2025,091336,48 26.837100 N,063 44.926500 W,5.1,43.0,A,Primary,Headline,26.428571,D,P,51256.000000
Sun Aug 24 06:13:36 2025,24-Aug-2025,091337,48 26.838000 N,063 44.925100 W,5.1,43.0,A,Primary,Headline,26.428571,D,P,51256.000000
Sun Aug 24 06:13:38 2025,24-Aug-2025,091338,48 26.839000 N,063 44.923700 W,5.0,43.0,A,DoorSpread,DoorMaster,5.840000,D,S,46143.000000
Sun Aug 24 06:13:39 2025,24-Aug-2025,091339,48 26.840000 N,063 44.922200 W,5.0,43.2,A,Depth,Depth,49.259259,D,P,43681.000000
Sun Aug 24 06:13:39 2025,24-Aug-2025,091340,48 26.841000 N,063 44.920700 W,5.1,43.1,A,Depth,Depth,49.259259,D,P,43681.000000
Sun Aug 24 06:13:41 2025,24-Aug-2025,091341,48 26.842200 N,063 44.919300 W,5.2,42.7,A,Primary,Headline,24.938776,D,P,77134.000000
Sun Aug 24 06:13:41 2025,24-Aug-2025,091342,48 26.843500 N,063 44.917900 W,5.3,42.2,A,Primary,Headline,24.938776,D,P,77134.000000
Sun Aug 24 06:13:41 2025,24-Aug-2025,091343,48 26.844700 N,063 44.916300 W,5.4,42.1,A,Primary,Headline,24.938776,D,P,77134.000000
Sun Aug 24 06:13:44 2025,24-Aug-2025,091344,48 26.845700 N,063 44.914600 W,5.4,42.4,A,DoorSpread,DoorMaster,7.550000,D,P,143686.000000
Sun Aug 24 06:13:44 2025,24-Aug-2025,091345,48 26.846500 N,063 44.913000 W,5.3,43.2,A,DoorSpread,DoorMaster,7.550000,D,P,143686.000000
Sun Aug 24 06:13:44 2025,24-Aug-2025,091346,48 26.847300 N,063 44.911400 W,5.2,44.0,A,DoorSpread,DoorMaster,7.550000,D,P,143686.000000
Sun Aug 24 06:13:47 2025,24-Aug-2025,091347,48 26.848300 N,063 44.910000 W,5.2,44.4,A,Primary,Headline,34.387755,D,S,28876.000000
Sun Aug 24 06:13:47 2025,24-Aug-2025,091348,48 26.849400 N,063 44.908600 W,5.2,44.2,A,Primary,Headline,34.387755,D,S,28876.000000
Sun Aug 24 06:13:49 2025,24-Aug-2025,091349,48 26.850700 N,063 44.907300 W,5.3,43.8,A,DoorSpread,DoorMaster,8.565000,D,S,41037.000000
Sun Aug 24 06:13:49 2025,24-Aug-2025,091350,48 26.851900 N,063 44.905700 W,5.4,43.4,A,DoorSpread,DoorMaster,8.565000,D,S,41037.000000
Sun Aug 24 06:13:49 2025,24-Aug-2025,091351,48 26.853000 N,063 44.904000 W,5.4,43.2,A,DoorSpread,DoorMaster,8.565000,D,S,41037.000000
Sun Aug 24 06:13:52 2025,24-Aug-2025,091352,48 26.854000 N,063 44.902500 W,5.3,43.2,A,Primary,Headline,44.122449,D,S,26358.000000
Sun Aug 24 06:13:52 2025,24-Aug-2025,091353,48 26.854900 N,063 44.901000 W,5.2,43.2,A,Primary,Headline,44.122449,D,S,26358.000000
Sun Aug 24 06:13:53 2025,24-Aug-2025,091354,48 26.855900 N,063 44.899600 W,5.2,43.2,A,Depth,Depth,41.018519,D,S,32326.000000
Sun Aug 24 06:13:53 2025,24-Aug-2025,091355,48 26.856800 N,063 44.898300 W,5.2,43.1,A,Depth,Depth,41.018519,D,S,32326.000000
Sun Aug 24 06:13:53 2025,24-Aug-2025,091356,48 26.857800 N,063 44.896900 W,5.1,42.9,A,Depth,Depth,41.018519,D,S,32326.000000
Sun Aug 24 06:13:53 2025,24-Aug-2025,091357,48 26.858900 N,063 44.895400 W,5.1,42.9,A,Depth,Depth,41.018519,D,S,32326.000000
Sun Aug 24 06:13:58 2025,24-Aug-2025,091358,48 26.859800 N,063 44.893800 W,5.2,42.9,A,Primary,Headline,49.020408,D,S,24980.000000
Sun Aug 24 06:13:58 2025,24-Aug-2025,091359,48 26.860900 N,063 44.892300 W,5.2,42.8,A,Primary,Headline,49.020408,D,S,24980.000000
Sun Aug 24 06:14:00 2025,24-Aug-2025,091400,48 26.861900 N,063 44.890800 W,5.2,42.7,A,DoorSpread,DoorMaster,6.740000,D,P,133546.000000
Sun Aug 24 06:14:01 2025,24-Aug-2025,091401,48 26.862900 N,063 44.889500 W,5.2,42.7,A,Depth,Depth,56.111111,D,S,32253.000000
Sun Aug 24 06:14:01 2025,24-Aug-2025,091402,48 26.863800 N,063 44.888100 W,5.1,42.8,A,Depth,Depth,56.111111,D,S,32253.000000
Sun Aug 24 06:14:01 2025,24-Aug-2025,091403,48 26.864800 N,063 44.886800 W,5.0,42.9,A,Depth,Depth,56.111111,D,S,32253.000000
Sun Aug 24 06:14:04 2025,24-Aug-2025,091404,48 26.865700 N,063 44.885500 W,5.0,42.7,A,Primary,Headline,35.244898,D,S,22006.000000
Sun Aug 24 06:14:04 2025,24-Aug-2025,091405,48 26.866700 N,063 44.884400 W,4.9,42.0,A,Primary,Headline,35.244898,D,S,22006.000000
Sun Aug 24 06:14:06 2025,24-Aug-2025,091406,48 26.867700 N,063 44.883200 W,5.0,41.3,A,DoorSpread,DoorMaster,8.970000,D,S,38615.000000
Sun Aug 24 06:14:06 2025,24-Aug-2025,091407,48 26.868900 N,063 44.881800 W,5.1,40.8,A,DoorSpread,DoorMaster,8.970000,D,S,38615.000000
Sun Aug 24 06:14:08 2025,24-Aug-2025,091408,48 26.870000 N,063 44.880400 W,5.2,40.6,A,Depth,Depth,53.425926,D,S,42599.000000
Sun Aug 24 06:14:09 2025,24-Aug-2025,091409,48 26.870900 N,063 44.878800 W,5.2,40.8,A,Primary,Headline,46.877551,D,S,54024.000000
Sun Aug 24 06:14:09 2025,24-Aug-2025,091410,48 26.871800 N,063 44.877200 W,5.1,41.1,A,Primary,Headline,46.877551,D,S,54024.000000
Sun Aug 24 06:14:11 2025,24-Aug-2025,091411,48 26.872700 N,063 44.875800 W,5.1,41.5,A,DoorSpread,DoorMaster,7.020000,D,P,53141.000000
Sun Aug 24 06:14:11 2025,24-Aug-2025,091412,48 26.873800 N,063 44.874500 W,5.2,41.3,A,DoorSpread,DoorMaster,6.820000,D,S,43425.000000
Sun Aug 24 06:14:11 2025,24-Aug-2025,091413,48 26.874900 N,063 44.873200 W,5.2,40.9,A,DoorSpread,DoorMaster,6.820000,D,S,43425.000000
Sun Aug 24 06:14:11 2025,24-Aug-2025,091414,48 26.876100 N,063 44.871800 W,5.3,40.5,A,DoorSpread,DoorMaster,6.820000,D,S,43425.000000
Sun Aug 24 06:14:15 2025,24-Aug-2025,091415,48 26.877200 N,063 44.870200 W,5.3,40.4,A,Depth,Depth,40.740741,D,S,23717.000000
Sun Aug 24 06:14:15 2025,24-Aug-2025,091416,48 26.878200 N,063 44.868600 W,5.3,40.7,A,Depth,Depth,40.740741,D,S,23717.000000
Sun Aug 24 06:14:17 2025,24-Aug-2025,091417,48 26.879100 N,063 44.867100 W,5.3,41.0,A,DoorSpread,DoorMaster,6.935000,D,P,144551.000000
Sun Aug 24 06:14:17 2025,24-Aug-2025,091418,48 26.880100 N,063 44.865600 W,5.2,41.4,A,DoorSpread,DoorMaster,6.935000,D,P,144551.000000
Sun Aug 24 06:14:17 2025,24-Aug-2025,091419,48 26.881100 N,063 44.864100 W,5.3,41.6,A,DoorSpread,DoorMaster,6.935000,D,P,144551.000000
Sun Aug 24 06:14:20 2025,24-Aug-2025,091420,48 26.882200 N,063 44.862600 W,5.3,41.6,A,Primary,Headline,38.000000,D,P,76412.000000
Sun Aug 24 06:14:20 2025,24-Aug-2025,091421,48 26.883300 N,063 44.861200 W,5.3,41.6,A,Primary,Headline,38.000000,D,P,76412.000000
Sun Aug 24 06:14:20 2025,24-Aug-2025,091422,48 26.884300 N,063 44.859700 W,5.2,41.7,A,Primary,Headline,38.000000,D,P,76412.000000
Sun Aug 24 06:14:23 2025,24-Aug-2025,091423,48 26.885200 N,063 44.858300 W,5.2,41.8,A,DoorSpread,DoorMaster,8.335000,D,S,40582.000000
Sun Aug 24 06:14:23 2025,24-Aug-2025,091424,48 26.886200 N,063 44.856800 W,5.1,41.7,A,DoorSpread,DoorMaster,8.335000,D,S,40582.000000
Sun Aug 24 06:14:23 2025,24-Aug-2025,091425,48 26.887300 N,063 44.855400 W,5.2,41.6,A,DoorSpread,DoorMaster,8.335000,D,S,40582.000000
Sun Aug 24 06:14:26 2025,24-Aug-2025,091426,48 26.888300 N,063 44.853800 W,5.2,41.8,A,Primary,Headline,36.142857,D,P,165113.000000
Sun Aug 24 06:14:26 2025,24-Aug-2025,091427,48 26.889200 N,063 44.852200 W,5.2,42.0,A,Primary,Headline,36.142857,D,P,165113.000000
Sun Aug 24 06:14:28 2025,24-Aug-2025,091428,48 26.890200 N,063 44.850700 W,5.2,42.3,A,DoorSpread,DoorMaster,6.235000,D,S,36352.000000
Sun Aug 24 06:14:29 2025,24-Aug-2025,091429,48 26.891200 N,063 44.849200 W,5.2,42.5,A,Depth,Depth,55.277778,D,P,71527.000000
Sun Aug 24 06:14:29 2025,24-Aug-2025,091430,48 26.892300 N,063 44.847700 W,5.3,42.6,A,Depth,Depth,55.277778,D,P,71527.000000
Sun Aug 24 06:14:29 2025,24-Aug-2025,091431,48 26.893300 N,063 44.846200 W,5.3,42.7,A,Depth,Depth,55.277778,D,P,71527.000000
Sun Aug 24 06:14:32 2025,24-Aug-2025,091432,48 26.894400 N,063 44.844600 W,5.3,42.9,A,Primary,Headline,60.000000,D,S,57994.000000
Sun Aug 24 06:14:32 2025,24-Aug-2025,091433,48 26.895300 N,063 44.843100 W,5.2,42.9,A,Primary,Headline,60.000000,D,S,57994.000000
Sun Aug 24 06:14:34 2025,24-Aug-2025,091434,48 26.896300 N,063 44.841700 W,5.1,42.9,A,DoorSpread,DoorMaster,7.435000,D,P,136789.000000
Sun Aug 24 06:14:34 2025,24-Aug-2025,091435,48 26.897300 N,063 44.840300 W,5.1,43.0,A,DoorSpread,DoorMaster,7.435000,D,P,136789.000000
Sun Aug 24 06:14:34 2025,24-Aug-2025,091436,48 26.898300 N,063 44.838800 W,5.1,43.2,A,DoorSpread,DoorMaster,7.435000,D,P,136789.000000
Sun Aug 24 06:14:37 2025,24-Aug-2025,091437,48 26.899400 N,063 44.837200 W,5.2,43.4,A,Depth,Depth,57.777778,D,P,81426.000000
Sun Aug 24 06:14:38 2025,24-Aug-2025,091438,48 26.900600 N,063 44.835700 W,5.3,43.4,A,Primary,Headline,33.387755,D,S,41220.000000
Sun Aug 24 06:14:38 2025,24-Aug-2025,091439,48 26.901800 N,063 44.834100 W,5.3,43.3,A,Primary,Headline,33.387755,D,S,41220.000000
Sun Aug 24 06:14:40 2025,24-Aug-2025,091440,48 26.902900 N,063 44.832600 W,5.3,43.1,A,DoorSpread,DoorMaster,7.480000,D,S,22797.000000
Sun Aug 24 06:14:40 2025,24-Aug-2025,091441,48 26.904100 N,063 44.831100 W,5.4,42.9,A,DoorSpread,DoorMaster,7.480000,D,S,22797.000000
Sun Aug 24 06:14:40 2025,24-Aug-2025,091442,48 26.905100 N,063 44.829500 W,5.3,43.1,A,DoorSpread,DoorMaster,7.480000,D,S,22797.000000
Sun Aug 24 06:14:43 2025,24-Aug-2025,091443,48 26.906000 N,063 44.828000 W,5.3,43.3,A,Primary,Headline,54.285714,D,P,109964.000000
Sun Aug 24 06:14:44 2025,24-Aug-2025,091444,48 26.907100 N,063 44.826500 W,5.3,43.3,A,Depth,Depth,63.981481,D,P,48605.000000
Sun Aug 24 06:14:45 2025,24-Aug-2025,091445,48 26.908200 N,063 44.825100 W,5.3,43.2,A,DoorSpread,DoorMaster,8.910000,D,S,28517.000000
Sun Aug 24 06:14:45 2025,24-Aug-2025,091446,48 26.909400 N,063 44.823600 W,5.4,43.1,A,DoorSpread,DoorMaster,8.910000,D,S,28517.000000
Sun Aug 24 06:14:45 2025,24-Aug-2025,091447,48 26.910400 N,063 44.822200 W,5.3,43.1,A,DoorSpread,DoorMaster,8.910000,D,S,28517.000000
Sun Aug 24 06:14:45 2025,24-Aug-2025,091448,48 26.911400 N,063 44.820700 W,5.3,43.3,A,DoorSpread,DoorMaster,8.910000,D,S,28517.000000
Sun Aug 24 06:14:49 2025,24-Aug-2025,091449,48 26.912300 N,063 44.819100 W,5.3,43.6,A,Primary,Headline,53.612245,D,P,74517.000000
Sun Aug 24 06:14:49 2025,24-Aug-2025,091450,48 26.913300 N,063 44.817500 W,5.3,43.7,A,Primary,Headline,53.612245,D,P,74517.000000
Sun Aug 24 06:14:51 2025,24-Aug-2025,091451,48 26.914300 N,063 44.816100 W,5.3,43.7,A,Depth,Depth,64.074074,D,P,66295.000000
Sun Aug 24 06:14:51 2025,24-Aug-2025,091452,48 26.915400 N,063 44.814700 W,5.3,43.5,A,Depth,Depth,64.074074,D,P,66295.000000
Sun Aug 24 06:14:51 2025,24-Aug-2025,091453,48 26.916400 N,063 44.813300 W,5.2,43.4,A,Depth,Depth,64.074074,D,P,66295.000000
Sun Aug 24 06:14:51 2025,24-Aug-2025,091454,48 26.917300 N,063 44.811900 W,5.2,43.5,A,Depth,Depth,64.074074,D,P,66295.000000
Sun Aug 24 06:14:55 2025,24-Aug-2025,091455,48 26.918300 N,063 44.810500 W,5.1,43.6,A,Primary,Headline,24.428571,D,S,65550.000000
Sun Aug 24 06:14:55 2025,24-Aug-2025,091456,48 26.919200 N,063 44.809200 W,5.1,43.6,A,Primary,Headline,24.428571,D,S,65550.000000
Sun Aug 24 06:14:57 2025,24-Aug-2025,091457,48 26.920300 N,063 44.807800 W,5.1,43.7,A,DoorSpread,DoorMaster,7.650000,D,P,45182.000000
Sun Aug 24 06:14:58 2025,24-Aug-2025,091458,48 26.921400 N,063 44.806300 W,5.2,43.5,A,Depth,Depth,56.944444,D,P,34765.000000
Sun Aug 24 06:14:58 2025,24-Aug-2025,091459,48 26.922600 N,063 44.804900 W,5.2,43.3,A,Depth,Depth,56.944444,D,P,34765.000000
Sun Aug 24 06:14:58 2025,24-Aug-2025,091500,48 26.923700 N,063 44.803400 W,5.2,43.1,A,Depth,Depth,56.944444,D,P,34765.000000
Sun Aug 24 06:15:01 2025,24-Aug-2025,091501,48 26.924700 N,063 44.802000 W,5.1,43.4,A,Primary,Headline,55.387755,D,S,56541.000000
Sun Aug 24 06:15:01 2025,24-Aug-2025,091502,48 26.925600 N,063 44.800500 W,5.1,43.9,A,Primary,Headline,55.387755,D,S,56541.000000
Sun Aug 24 06:15:02 2025,24-Aug-2025,091503,48 26.926400 N,063 44.799000 W,5.1,44.6,A,DoorSpread,DoorMaster,7.030000,D,S,25080.000000
Sun Aug 24 06:15:02 2025,24-Aug-2025,091504,48 26.927400 N,063 44.797500 W,5.2,44.9,A,DoorSpread,DoorMaster,7.030000,D,S,25080.000000
Sun Aug 24 06:15:02 2025,24-Aug-2025,091505,48 26.928600 N,063 44.796000 W,5.3,44.8,A,DoorSpread,DoorMaster,7.030000,D,S,25080.000000
Sun Aug 24 06:15:06 2025,24-Aug-2025,091506,48 26.929800 N,063 44.794500 W,5.3,44.5,A,Depth,Depth,58.518519,D,S,33933.000000
Sun Aug 24 06:15:07 2025,24-Aug-2025,091507,48 26.930900 N,063 44.793000 W,5.3,44.4,A,Primary,Headline,59.081633,D,S,24415.000000
Sun Aug 24 06:15:08 2025,24-Aug-2025,091508,48 26.931800 N,063 44.791600 W,5.2,44.7,A,DoorSpread,DoorMaster,6.555000,D,S,28971.000000
Sun Aug 24 06:15:08 2025,24-Aug-2025,091509,48 26.932600 N,063 44.790100 W,5.1,45.3,A,DoorSpread,DoorMaster,6.555000,D,S,28971.000000
Sun Aug 24 06:15:08 2025,24-Aug-2025,091510,48 26.933500 N,063 44.788500 W,5.1,45.7,A,DoorSpread,DoorMaster,6.555000,D,S,28971.000000
Sun Aug 24 06:15:08 2025,24-Aug-2025,091511,48 26.934500 N,063 44.787000 W,5.1,45.8,A,DoorSpread,DoorMaster,6.555000,D,S,28971.000000
Sun Aug 24 06:15:12 2025,24-Aug-2025,091512,48 26.935600 N,063 44.785700 W,5.1,45.5,A,Primary,Headline,16.877551,D,S,28417.000000
Sun Aug 24 06:15:13 2025,24-Aug-2025,091513,48 26.936700 N,063 44.784300 W,5.2,45.1,A,Depth,Depth,66.388889,D,S,35247.000000
Sun Aug 24 06:15:14 2025,24-Aug-2025,091514,48 26.937800 N,063 44.782800 W,5.2,44.8,A,DoorSpread,DoorMaster,7.515000,D,P,109137.000000
Sun Aug 24 06:15:14 2025,24-Aug-2025,091515,48 26.938800 N,063 44.781400 W,5.1,44.6,A,DoorSpread,DoorMaster,7.515000,D,P,109137.000000
Sun Aug 24 06:15:14 2025,24-Aug-2025,091516,48 26.939800 N,063 44.779900 W,5.1,44.6,A,DoorSpread,DoorMaster,7.515000,D,P,109137.000000
Sun Aug 24 06:15:17 2025,24-Aug-2025,091517,48 26.940800 N,063 44.778400 W,5.1,44.6,A,Primary,Headline,35.020408,D,S,40815.000000
Sun Aug 24 06:15:17 2025,24-Aug-2025,091518,48 26.941800 N,063 44.776900 W,5.2,44.3,A,Primary,Headline,35.020408,D,S,40815.000000
Sun Aug 24 06:15:19 2025,24-Aug-2025,091519,48 26.942900 N,063 44.775500 W,5.2,43.9,A,DoorSpread,DoorMaster,7.205000,D,P,60232.000000
Sun Aug 24 06:15:20 2025,24-Aug-2025,091520,48 26.944000 N,063 44.774000 W,5.2,43.6,A,Depth,Depth,78.796296,D,S,26403.000000
Sun Aug 24 06:15:20 2025,24-Aug-2025,091521,48 26.944900 N,063 44.772500 W,5.1,43.7,A,Depth,Depth,78.796296,D,S,26403.000000
Sun Aug 24 06:15:20 2025,24-Aug-2025,091522,48 26.945700 N,063 44.771000 W,5.0,44.3,A,Depth,Depth,78.796296,D,S,26403.000000
Sun Aug 24 06:15:23 2025,24-Aug-2025,091523,48 26.946500 N,063 44.769500 W,5.0,44.8,A,Primary,Headline,54.918367,D,S,24012.000000
Sun Aug 24 06:15:23 2025,24-Aug-2025,091524,48 26.947500 N,063 44.768100 W,5.0,44.9,A,Primary,Headline,54.918367,D,S,24012.000000
Sun Aug 24 06:15:25 2025,24-Aug-2025,091525,48 26.948700 N,063 44.766600 W,5.2,44.6,A,DoorSpread,DoorMaster,6.960000,D,S,36792.000000
Sun Aug 24 06:15:25 2025,24-Aug-2025,091526,48 26.949900 N,063 44.765100 W,5.3,44.2,A,DoorSpread,DoorMaster,6.960000,D,S,36792.000000
Sun Aug 24 06:15:25 2025,24-Aug-2025,091527,48 26.951000 N,063 44.763600 W,5.3,43.9,A,DoorSpread,DoorMaster,6.960000,D,S,36792.000000
Sun Aug 24 06:15:28 2025,24-Aug-2025,091528,48 26.952000 N,063 44.762400 W,5.1,43.8,A,Primary,Headline,6.326531,D,S,39671.000000
Sun Aug 24 06:15:28 2025,24-Aug-2025,091529,48 26.952800 N,063 44.761200 W,5.0,44.1,A,Primary,Headline,6.326531,D,S,39671.000000
Sun Aug 24 06:15:28 2025,24-Aug-2025,091530,48 26.953700 N,063 44.759800 W,5.0,44.4,A,Primary,Headline,6.326531,D,S,39671.000000
Sun Aug 24 06:15:31 2025,24-Aug-2025,091531,48 26.954800 N,063 44.758400 W,5.1,44.2,A,DoorSpread,DoorMaster,7.220000,D,P,29640.000000
Sun Aug 24 06:15:31 2025,24-Aug-2025,091532,48 26.956100 N,063 44.757000 W,5.2,43.5,A,DoorSpread,DoorMaster,7.220000,D,P,29640.000000
Sun Aug 24 06:15:31 2025,24-Aug-2025,091533,48 26.957400 N,063 44.755500 W,5.3,42.8,A,DoorSpread,DoorMaster,7.220000,D,P,29640.000000
Sun Aug 24 06:15:34 2025,24-Aug-2025,091534,48 26.958600 N,063 44.753900 W,5.4,42.4,A,Primary,Headline,15.448980,D,S,55739.000000
Sun Aug 24 06:15:34 2025,24-Aug-2025,091535,48 26.959600 N,063 44.752100 W,5.4,42.6,A,Primary,Headline,15.448980,D,S,55739.000000
Sun Aug 24 06:15:36 2025,24-Aug-2025,091536,48 26.960500 N,063 44.750400 W,5.2,43.4,A,DoorSpread,DoorMaster,7.660000,D,P,65012.000000
Sun Aug 24 06:15:36 2025,24-Aug-2025,091537,48 26.961300 N,063 44.749000 W,5.1,43.7,A,DoorSpread,DoorMaster,7.660000,D,P,65012.000000
Sun Aug 24 06:15:36 2025,24-Aug-2025,091538,48 26.962400 N,063 44.747800 W,5.2,43.4,A,DoorSpread,DoorMaster,7.660000,D,P,65012.000000
Sun Aug 24 06:15:39 2025,24-Aug-2025,091539,48 26.963700 N,063 44.746400 W,5.3,42.7,A,Primary,Headline,31.673469,D,S,23180.000000
Sun Aug 24 06:15:39 2025,24-Aug-2025,091540,48 26.965000 N,063 44.744900 W,5.5,42.0,A,Primary,Headline,31.673469,D,S,23180.000000
Sun Aug 24 06:15:39 2025,24-Aug-2025,091541,48 26.966300 N,063 44.743300 W,5.6,41.5,A,Primary,Headline,31.673469,D,S,23180.000000
Sun Aug 24 06:15:42 2025,24-Aug-2025,091542,48 26.967500 N,063 44.741600 W,5.5,41.3,A,DoorSpread,DoorMaster,8.665000,D,S,28175.000000
Sun Aug 24 06:15:42 2025,24-Aug-2025,091543,48 26.968400 N,063 44.740200 W,5.3,41.7,A,DoorSpread,DoorMaster,8.665000,D,S,28175.000000
Sun Aug 24 06:15:42 2025,24-Aug-2025,091544,48 26.969200 N,063 44.738900 W,5.1,42.0,A,DoorSpread,DoorMaster,8.665000,D,S,28175.000000
Sun Aug 24 06:15:45 2025,24-Aug-2025,091545,48 26.970100 N,063 44.737600 W,5.0,41.9,A,Primary,Headline,33.979592,D,S,33728.000000
Sun Aug 24 06:15:45 2025,24-Aug-2025,091546,48 26.971100 N,063 44.736200 W,5.0,41.8,A,Primary,Headline,33.979592,D,S,33728.000000
Sun Aug 24 06:15:45 2025,24-Aug-2025,091547,48 26.972400 N,063 44.734600 W,5.2,41.7,A,Primary,Headline,33.979592,D,S,33728.000000
Sun Aug 24 06:15:48 2025,24-Aug-2025,091548,48 26.973600 N,063 44.732900 W,5.3,41.4,A,DoorSpread,DoorMaster,6.535000,D,S,26344.000000
Sun Aug 24 06:15:49 2025,24-Aug-2025,091549,48 26.974800 N,063 44.731200 W,5.3,41.3,A,Depth,Depth,64.259259,D,S,29925.000000
Sun Aug 24 06:15:50 2025,24-Aug-2025,091550,48 26.975700 N,063 44.729700 W,5.1,41.5,A,Primary,Headline,8.653061,D,S,70956.000000
Sun Aug 24 06:15:50 2025,24-Aug-2025,091551,48 26.976500 N,063 44.728200 W,5.0,42.2,A,Primary,Headline,8.653061,D,S,70956.000000
Sun Aug 24 06:15:50 2025,24-Aug-2025,091552,48 26.977400 N,063 44.726700 W,5.0,42.8,A,Primary,Headline,8.653061,D,S,70956.000000
Sun Aug 24 06:15:53 2025,24-Aug-2025,091553,48 26.978500 N,063 44.725400 W,5.0,43.1,A,DoorSpread,DoorMaster,7.620000,D,P,157836.000000
Sun Aug 24 06:15:53 2025,24-Aug-2025,091554,48 26.979600 N,063 44.724200 W,5.1,43.1,A,DoorSpread,DoorMaster,8.475000,D,S,30768.000000
Sun Aug 24 06:15:53 2025,24-Aug-2025,091555,48 26.980800 N,063 44.722900 W,5.1,42.8,A,DoorSpread,DoorMaster,8.475000,D,S,30768.000000
Sun Aug 24 06:15:56 2025,24-Aug-2025,091556,48 26.981900 N,063 44.721600 W,5.2,42.5,A,Primary,Headline,44.326531,D,S,32585.000000
Sun Aug 24 06:15:56 2025,24-Aug-2025,091557,48 26.983000 N,063 44.720300 W,5.2,42.1,A,Depth,Depth,83.518519,D,S,23703.000000
Sun Aug 24 06:15:56 2025,24-Aug-2025,091558,48 26.984200 N,063 44.718900 W,5.2,41.8,A,Depth,Depth,83.518519,D,S,23703.000000
Sun Aug 24 06:15:59 2025,24-Aug-2025,091559,48 26.985300 N,063 44.717500 W,5.3,41.7,A,DoorSpread,DoorMaster,7.255000,D,P,131247.000000
Sun Aug 24 06:15:59 2025,24-Aug-2025,091600,48 26.986300 N,063 44.715900 W,5.3,41.9,A,DoorSpread,DoorMaster,7.255000,D,P,131247.000000
Sun Aug 24 06:16:01 2025,24-Aug-2025,091601,48 26.987200 N,063 44.714200 W,5.2,42.4,A,Primary,Headline,9.653061,D,S,48495.000000
Sun Aug 24 06:16:01 2025,24-Aug-2025,091602,48 26.988100 N,063 44.712500 W,5.2,42.8,A,Primary,Headline,9.653061,D,S,48495.000000
Sun Aug 24 06:16:01 2025,24-Aug-2025,091603,48 26.989100 N,063 44.711100 W,5.1,42.8,A,Primary,Headline,9.653061,D,S,48495.000000
Sun Aug 24 06:16:04 2025,24-Aug-2025,091604,48 26.990100 N,063 44.709900 W,5.2,42.4,A,Depth,Depth,66.666667,D,S,38763.000000
Sun Aug 24 06:16:05 2025,24-Aug-2025,091605,48 26.991300 N,063 44.708500 W,5.3,42.0,A,DoorSpread,DoorMaster,8.520000,D,S,22018.000000
Sun Aug 24 06:16:06 2025,24-Aug-2025,091606,48 26.992300 N,063 44.706700 W,5.4,42.0,A,Primary,Headline,23.897959,D,S,62132.000000
Sun Aug 24 06:16:06 2025,24-Aug-2025,091607,48 26.993300 N,063 44.704900 W,5.4,42.3,A,Primary,Headline,23.897959,D,S,62132.000000
Sun Aug 24 06:16:06 2025,24-Aug-2025,091608,48 26.994300 N,063 44.703200 W,5.3,42.6,A,Primary,Headline,23.897959,D,S,62132.000000
Sun Aug 24 06:16:06 2025,24-Aug-2025,091609,48 26.995200 N,063 44.701700 W,5.2,42.9,A,Primary,Headline,23.897959,D,S,62132.000000
Sun Aug 24 06:16:10 2025,24-Aug-2025,091610,48 26.996100 N,063 44.700200 W,5.1,43.4,A,DoorSpread,DoorMaster,7.645000,D,S,54501.000000
Sun Aug 24 06:16:11 2025,24-Aug-2025,091611,48 26.997100 N,063 44.698700 W,5.1,43.9,A,Primary,Headline,22.530612,D,S,40423.000000
Sun Aug 24 06:16:11 2025,24-Aug-2025,091612,48 26.998100 N,063 44.697100 W,5.1,44.4,A,Primary,Headline,22.530612,D,S,40423.000000
Sun Aug 24 06:16:11 2025,24-Aug-2025,091613,48 26.999100 N,063 44.695400 W,5.2,44.8,A,Primary,Headline,22.530612,D,S,40423.000000
Sun Aug 24 06:16:11 2025,24-Aug-2025,091614,48 27.000200 N,063 44.693800 W,5.2,44.9,A,Primary,Headline,22.530612,D,S,40423.000000
Sun Aug 24 06:16:11 2025,24-Aug-2025,091615,48 27.001400 N,063 44.692400 W,5.2,44.8,A,Primary,Headline,22.530612,D,S,40423.000000
Sun Aug 24 06:16:16 2025,24-Aug-2025,091616,48 27.002500 N,063 44.691100 W,5.2,44.5,A,DoorSpread,DoorMaster,7.165000,D,P,65277.000000
Sun Aug 24 06:16:17 2025,24-Aug-2025,091617,48 27.003700 N,063 44.689700 W,5.2,44.3,A,Primary,Headline,11.102041,D,S,25955.000000
Sun Aug 24 06:16:17 2025,24-Aug-2025,091618,48 27.004800 N,063 44.688300 W,5.2,44.4,A,Primary,Headline,11.102041,D,S,25955.000000
Sun Aug 24 06:16:17 2025,24-Aug-2025,091619,48 27.005800 N,063 44.686900 W,5.1,44.5,A,Primary,Headline,11.102041,D,S,25955.000000
Sun Aug 24 06:16:17 2025,24-Aug-2025,091620,48 27.006900 N,063 44.685600 W,5.2,44.3,A,Primary,Headline,11.102041,D,S,25955.000000
Sun Aug 24 06:16:17 2025,24-Aug-2025,091621,48 27.008200 N,063 44.684200 W,5.3,44.0,A,Primary,Headline,11.102041,D,S,25955.000000
Sun Aug 24 06:16:22 2025,24-Aug-2025,091622,48 27.009300 N,063 44.682700 W,5.4,43.8,A,Primary,Headline,14.755102,D,S,45495.000000
Sun Aug 24 06:16:22 2025,24-Aug-2025,091623,48 27.010300 N,063 44.681200 W,5.3,43.7,A,Primary,Headline,14.755102,D,S,45495.000000
Sun Aug 24 06:16:22 2025,24-Aug-2025,091624,48 27.011200 N,063 44.679800 W,5.2,43.6,A,Primary,Headline,14.755102,D,S,45495.000000
Sun Aug 24 06:16:22 2025,24-Aug-2025,091625,48 27.012200 N,063 44.678500 W,5.1,43.6,A,Primary,Headline,14.755102,D,S,45495.000000
Sun Aug 24 06:16:22 2025,24-Aug-2025,091626,48 27.013100 N,063 44.677100 W,5.1,43.7,A,Primary,Headline,14.755102,D,S,45495.000000
Sun Aug 24 06:16:27 2025,24-Aug-2025,091627,48 27.014000 N,063 44.675800 W,5.1,43.7,A,Primary,Headline,14.591837,D,S,42113.000000
Sun Aug 24 06:16:27 2025,24-Aug-2025,091628,48 27.015000 N,063 44.674400 W,5.1,43.7,A,Primary,Headline,14.591837,D,S,42113.000000
Sun Aug 24 06:16:27 2025,24-Aug-2025,091629,48 27.016100 N,063 44.673000 W,5.2,43.5,A,Primary,Headline,14.591837,D,S,42113.000000
Sun Aug 24 06:16:27 2025,24-Aug-2025,091630,48 27.017100 N,063 44.671400 W,5.3,43.4,A,Primary,Headline,14.591837,D,S,42113.000000
Sun Aug 24 06:16:27 2025,24-Aug-2025,091631,48 27.018200 N,063 44.669800 W,5.4,43.5,A,Primary,Headline,14.591837,D,S,42113.000000
Sun Aug 24 06:16:32 2025,24-Aug-2025,091632,48 27.019200 N,063 44.668200 W,5.3,43.5,A,Primary,Headline,13.428571,D,S,28770.000000
Sun Aug 24 06:16:33 2025,24-Aug-2025,091633,48 27.020200 N,063 44.666800 W,5.2,43.2,A,DoorSpread,DoorMaster,7.780000,D,P,135623.000000
Sun Aug 24 06:16:33 2025,24-Aug-2025,091634,48 27.021200 N,063 44.665400 W,5.2,43.1,A,DoorSpread,DoorMaster,7.780000,D,P,135623.000000
Sun Aug 24 06:16:33 2025,24-Aug-2025,091635,48 27.022200 N,063 44.663900 W,5.2,43.1,A,DoorSpread,DoorMaster,7.780000,D,P,135623.000000
Sun Aug 24 06:16:33 2025,24-Aug-2025,091636,48 27.023100 N,063 44.662400 W,5.2,43.3,A,DoorSpread,DoorMaster,7.780000,D,P,135623.000000
Sun Aug 24 06:16:33 2025,24-Aug-2025,091637,48 27.024200 N,063 44.660700 W,5.3,43.6,A,DoorSpread,DoorMaster,7.780000,D,P,135623.000000
Sun Aug 24 06:16:37 2025,24-Aug-2025,091638,48 27.025300 N,063 44.659000 W,5.4,43.8,A,Primary,Headline,15.326531,D,P,48703.000000
Sun Aug 24 06:16:39 2025,24-Aug-2025,091639,48 27.026300 N,063 44.657500 W,5.3,43.9,A,DoorSpread,DoorMaster,8.210000,D,P,111161.000000
Sun Aug 24 06:16:40 2025,24-Aug-2025,091640,48 27.027400 N,063 44.655900 W,5.3,43.7,A,Depth,Depth,84.814815,D,P,23753.000000
Sun Aug 24 06:16:40 2025,24-Aug-2025,091641,48 27.028400 N,063 44.654600 W,5.3,43.4,A,Depth,Depth,84.814815,D,P,23753.000000
Sun Aug 24 06:16:40 2025,24-Aug-2025,091642,48 27.029400 N,063 44.653100 W,5.2,43.3,A,Depth,Depth,84.814815,D,P,23753.000000
Sun Aug 24 06:16:43 2025,24-Aug-2025,091643,48 27.030400 N,063 44.651400 W,5.3,43.5,A,Primary,Headline,41.306122,D,P,49783.000000
Sun Aug 24 06:16:43 2025,24-Aug-2025,091644,48 27.031400 N,063 44.649500 W,5.4,43.8,A,Primary,Headline,41.306122,D,P,49783.000000
Sun Aug 24 06:16:44 2025,24-Aug-2025,091645,48 27.032600 N,063 44.647800 W,5.5,43.8,A,DoorSpread,DoorMaster,9.645000,D,P,60269.000000
Sun Aug 24 06:16:44 2025,24-Aug-2025,091646,48 27.033800 N,063 44.646200 W,5.6,43.5,A,DoorSpread,DoorMaster,9.645000,D,P,60269.000000
Sun Aug 24 06:16:44 2025,24-Aug-2025,091647,48 27.035000 N,063 44.644800 W,5.6,43.2,A,DoorSpread,DoorMaster,9.645000,D,P,60269.000000
Sun Aug 24 06:16:47 2025,24-Aug-2025,091648,48 27.036200 N,063 44.643400 W,5.5,42.9,A,Depth,Depth,91.296296,D,S,38787.000000
Sun Aug 24 06:16:49 2025,24-Aug-2025,091649,48 27.037200 N,063 44.641900 W,5.5,43.0,A,Primary,Headline,23.081633,D,P,42536.000000
Sun Aug 24 06:16:50 2025,24-Aug-2025,091650,48 27.038100 N,063 44.640200 W,5.4,43.2,A,DoorSpread,DoorMaster,7.170000,D,S,22749.000000
Sun Aug 24 06:16:50 2025,24-Aug-2025,091651,48 27.039100 N,063 44.638800 W,5.5,43.1,A,DoorSpread,DoorMaster,7.170000,D,S,22749.000000
Sun Aug 24 06:16:50 2025,24-Aug-2025,091652,48 27.040400 N,063 44.637500 W,5.5,42.6,A,DoorSpread,DoorMaster,7.170000,D,S,22749.000000
Sun Aug 24 06:16:50 2025,24-Aug-2025,091653,48 27.041600 N,063 44.636100 W,5.5,42.2,A,DoorSpread,DoorMaster,7.170000,D,S,22749.000000
Sun Aug 24 06:16:54 2025,24-Aug-2025,091654,48 27.042600 N,063 44.634700 W,5.4,42.3,A,Primary,Headline,21.448980,D,P,41966.000000
Sun Aug 24 06:16:54 2025,24-Aug-2025,091655,48 27.043400 N,063 44.633400 W,5.2,42.4,A,Primary,Headline,21.448980,D,P,41966.000000
Sun Aug 24 06:16:56 2025,24-Aug-2025,091656,48 27.044200 N,063 44.632200 W,5.1,42.3,A,DoorSpread,DoorMaster,7.610000,D,P,27604.000000
Sun Aug 24 06:16:56 2025,24-Aug-2025,091657,48 27.045200 N,063 44.630900 W,5.1,42.3,A,DoorSpread,DoorMaster,7.610000,D,P,27604.000000
Sun Aug 24 06:16:56 2025,24-Aug-2025,091658,48 27.046200 N,063 44.629400 W,5.2,42.3,A,DoorSpread,DoorMaster,7.610000,D,P,27604.000000
Sun Aug 24 06:16:59 2025,24-Aug-2025,091659,48 27.047100 N,063 44.627900 W,5.2,42.6,A,Primary,Headline,28.693878,D,P,35895.000000
Sun Aug 24 06:16:59 2025,24-Aug-2025,091700,48 27.048000 N,063 44.626300 W,5.2,43.0,A,Primary,Headline,29.040816,D,S,52456.000000
Sun Aug 24 06:16:59 2025,24-Aug-2025,091701,48 27.048800 N,063 44.625000 W,5.1,42.9,A,Primary,Headline,29.040816,D,S,52456.000000
Sun Aug 24 06:17:01 2025,24-Aug-2025,091702,48 27.049700 N,063 44.623900 W,5.0,42.7,A,DoorSpread,DoorMaster,7.680000,D,P,108949.000000
Sun Aug 24 06:17:01 2025,24-Aug-2025,091703,48 27.050600 N,063 44.622600 W,5.1,42.5,A,DoorSpread,DoorMaster,7.680000,D,P,108949.000000
Sun Aug 24 06:17:01 2025,24-Aug-2025,091704,48 27.051700 N,063 44.621200 W,5.1,42.1,A,DoorSpread,DoorMaster,7.680000,D,P,108949.000000
Sun Aug 24 06:17:05 2025,24-Aug-2025,091705,48 27.052800 N,063 44.619700 W,5.2,41.9,A,Primary,Headline,10.857143,D,P,56023.000000
Sun Aug 24 06:17:05 2025,24-Aug-2025,091706,48 27.053800 N,063 44.618100 W,5.3,42.2,A,Primary,Headline,10.857143,D,P,56023.000000
Sun Aug 24 06:17:07 2025,24-Aug-2025,091707,48 27.054600 N,063 44.616600 W,5.2,42.9,A,DoorSpread,DoorMaster,7.575000,D,P,104507.000000
Sun Aug 24 06:17:07 2025,24-Aug-2025,091708,48 27.055300 N,063 44.615200 W,5.1,43.6,A,DoorSpread,DoorMaster,7.575000,D,P,104507.000000
Sun Aug 24 06:17:09 2025,24-Aug-2025,091709,48 27.056200 N,063 44.613800 W,5.0,43.9,A,Depth,Depth,89.722222,D,S,25629.000000
Sun Aug 24 06:17:10 2025,24-Aug-2025,091710,48 27.057100 N,063 44.612400 W,5.1,43.8,A,Primary,Headline,13.448980,D,P,20342.000000
Sun Aug 24 06:17:10 2025,24-Aug-2025,091711,48 27.058300 N,063 44.610900 W,5.3,43.5,A,Primary,Headline,13.448980,D,P,20342.000000
Sun Aug 24 06:17:10 2025,24-Aug-2025,091712,48 27.059600 N,063 44.609200 W,5.5,43.3,A,Primary,Headline,13.448980,D,P,20342.000000
Sun Aug 24 06:17:13 2025,24-Aug-2025,091713,48 27.060700 N,063 44.607600 W,5.4,43.2,A,DoorSpread,DoorMaster,8.645000,D,S,28160.000000
Sun Aug 24 06:17:13 2025,24-Aug-2025,091714,48 27.061600 N,063 44.606100 W,5.3,43.6,A,DoorSpread,DoorMaster,8.645000,D,S,28160.000000
Sun Aug 24 06:17:15 2025,24-Aug-2025,091715,48 27.062400 N,063 44.604500 W,5.2,44.4,A,Primary,Headline,18.877551,D,S,32463.000000
Sun Aug 24 06:17:15 2025,24-Aug-2025,091716,48 27.063200 N,063 44.603000 W,5.2,45.1,A,Primary,Headline,18.877551,D,S,32463.000000
Sun Aug 24 06:17:15 2025,24-Aug-2025,091717,48 27.064300 N,063 44.601500 W,5.2,45.2,A,Primary,Headline,18.877551,D,S,32463.000000
Sun Aug 24 06:17:15 2025,24-Aug-2025,091718,48 27.065500 N,063 44.600100 W,5.3,44.9,A,Primary,Headline,18.877551,D,S,32463.000000
Sun Aug 24 06:17:19 2025,24-Aug-2025,091719,48 27.066700 N,063 44.598600 W,5.4,44.5,A,DoorSpread,DoorMaster,9.095000,D,S,25899.000000
Sun Aug 24 06:17:19 2025,24-Aug-2025,091720,48 27.067900 N,063 44.597000 W,5.4,44.1,A,DoorSpread,DoorMaster,9.095000,D,S,25899.000000
Sun Aug 24 06:17:20 2025,24-Aug-2025,091721,48 27.068900 N,063 44.595400 W,5.4,43.9,A,Primary,Headline,22.448980,D,S,40317.000000
Sun Aug 24 06:17:20 2025,24-Aug-2025,091722,48 27.069800 N,063 44.593900 W,5.3,44.1,A,Primary,Headline,22.448980,D,S,40317.000000
Sun Aug 24 06:17:20 2025,24-Aug-2025,091723,48 27.070700 N,063 44.592500 W,5.2,43.8,A,Primary,Headline,22.448980,D,S,40317.000000
Sun Aug 24 06:17:24 2025,24-Aug-2025,091724,48 27.071700 N,063 44.591300 W,5.2,43.3,A,DoorSpread,DoorMaster,6.225000,D,S,28970.000000
Sun Aug 24 06:17:24 2025,24-Aug-2025,091725,48 27.072800 N,063 44.589900 W,5.2,42.8,A,DoorSpread,DoorMaster,6.225000,D,S,28970.000000
Sun Aug 24 06:17:26 2025,24-Aug-2025,091726,48 27.073900 N,063 44.588300 W,5.3,42.5,A,Primary,Headline,36.836735,D,S,38402.000000
Sun Aug 24 06:17:26 2025,24-Aug-2025,091727,48 27.074900 N,063 44.586700 W,5.3,42.3,A,Primary,Headline,36.836735,D,S,38402.000000
Sun Aug 24 06:17:26 2025,24-Aug-2025,091728,48 27.075900 N,063 44.585300 W,5.2,42.5,A,Primary,Headline,36.836735,D,S,38402.000000
Sun Aug 24 06:17:26 2025,24-Aug-2025,091729,48 27.076900 N,063 44.584000 W,5.1,42.7,A,Primary,Headline,36.836735,D,S,38402.000000
Sun Aug 24 06:17:30 2025,24-Aug-2025,091730,48 27.077900 N,063 44.582600 W,5.1,42.8,A,DoorSpread,DoorMaster,10.165000,D,P,52104.000000
Sun Aug 24 06:17:30 2025,24-Aug-2025,091731,48 27.079000 N,063 44.581300 W,5.2,42.5,A,DoorSpread,DoorMaster,10.165000,D,P,52104.000000
Sun Aug 24 06:17:30 2025,24-Aug-2025,091732,48 27.080200 N,063 44.579800 W,5.3,42.1,A,DoorSpread,DoorMaster,10.165000,D,P,52104.000000
Sun Aug 24 06:17:30 2025,24-Aug-2025,091733,48 27.081400 N,063 44.578100 W,5.4,41.9,A,DoorSpread,DoorMaster,10.165000,D,P,52104.000000
Sun Aug 24 06:17:30 2025,24-Aug-2025,091734,48 27.082700 N,063 44.576500 W,5.5,41.7,A,DoorSpread,DoorMaster,10.165000,D,P,52104.000000
Sun Aug 24 06:17:30 2025,24-Aug-2025,091735,48 27.083800 N,063 44.574800 W,5.4,41.9,A,DoorSpread,DoorMaster,10.165000,D,P,52104.000000
Sun Aug 24 06:17:36 2025,24-Aug-2025,091736,48 27.084600 N,063 44.573200 W,5.2,42.3,A,DoorSpread,DoorMaster,8.645000,D,P,97717.000000
Sun Aug 24 06:17:36 2025,24-Aug-2025,091737,48 27.085600 N,063 44.571700 W,5.2,42.6,A,DoorSpread,DoorMaster,8.645000,D,P,97717.000000
Sun Aug 24 06:17:36 2025,24-Aug-2025,091738,48 27.086700 N,063 44.570300 W,5.3,42.6,A,DoorSpread,DoorMaster,8.645000,D,P,97717.000000
Sun Aug 24 06:17:36 2025,24-Aug-2025,091739,48 27.087800 N,063 44.568700 W,5.4,42.6,A,DoorSpread,DoorMaster,8.645000,D,P,97717.000000
Sun Aug 24 06:17:36 2025,24-Aug-2025,091740,48 27.088800 N,063 44.567200 W,5.4,42.7,A,DoorSpread,DoorMaster,8.645000,D,P,97717.000000
Sun Aug 24 06:17:36 2025,24-Aug-2025,091741,48 27.089800 N,063 44.565600 W,5.4,42.9,A,DoorSpread,DoorMaster,8.645000,D,P,97717.000000
Sun Aug 24 06:17:41 2025,24-Aug-2025,091742,48 27.090800 N,063 44.563700 W,5.4,43.3,A,DoorSpread,DoorMaster,8.155000,D,P,38667.000000
Sun Aug 24 06:17:43 2025,24-Aug-2025,091743,48 27.091600 N,063 44.562000 W,5.4,43.7,A,Primary,Headline,7.346939,D,S,21501.000000
Sun Aug 24 06:17:43 2025,24-Aug-2025,091744,48 27.092500 N,063 44.560500 W,5.3,44.0,A,Primary,Headline,7.346939,D,S,21501.000000
Sun Aug 24 06:17:43 2025,24-Aug-2025,091745,48 27.093500 N,063 44.559100 W,5.3,44.0,A,Primary,Headline,7.346939,D,S,21501.000000
Sun Aug 24 06:17:43 2025,24-Aug-2025,091746,48 27.094600 N,063 44.557600 W,5.3,44.0,A,Primary,Headline,7.346939,D,S,21501.000000
Sun Aug 24 06:17:47 2025,24-Aug-2025,091747,48 27.095600 N,063 44.556000 W,5.3,44.3,A,DoorSpread,DoorMaster,8.550000,D,P,59458.000000
Sun Aug 24 06:17:47 2025,24-Aug-2025,091748,48 27.096600 N,063 44.554200 W,5.4,44.7,A,DoorSpread,DoorMaster,8.550000,D,P,59458.000000
Sun Aug 24 06:17:49 2025,24-Aug-2025,091749,48 27.097600 N,063 44.552500 W,5.3,44.8,A,Primary,Headline,43.040816,D,S,30159.000000
Sun Aug 24 06:17:49 2025,24-Aug-2025,091750,48 27.098800 N,063 44.551000 W,5.3,44.7,A,Primary,Headline,43.040816,D,S,30159.000000
Sun Aug 24 06:17:49 2025,24-Aug-2025,091751,48 27.099900 N,063 44.549600 W,5.3,44.4,A,Primary,Headline,43.040816,D,S,30159.000000
Sun Aug 24 06:17:49 2025,24-Aug-2025,091752,48 27.101000 N,063 44.548000 W,5.4,44.2,A,Primary,Headline,43.040816,D,S,30159.000000
Sun Aug 24 06:17:49 2025,24-Aug-2025,091753,48 27.102000 N,063 44.546400 W,5.4,44.2,A,Primary,Headline,43.040816,D,S,30159.000000
Sun Aug 24 06:17:54 2025,24-Aug-2025,091754,48 27.103000 N,063 44.544800 W,5.3,44.4,A,Primary,Headline,6.571429,D,S,42012.000000
Sun Aug 24 06:17:54 2025,24-Aug-2025,091755,48 27.104000 N,063 44.543400 W,5.3,44.4,A,Primary,Headline,6.571429,D,S,42012.000000
Sun Aug 24 06:17:54 2025,24-Aug-2025,091756,48 27.105000 N,063 44.542100 W,5.2,44.2,A,Primary,Headline,6.571429,D,S,42012.000000
Sun Aug 24 06:17:54 2025,24-Aug-2025,091757,48 27.106000 N,063 44.540600 W,5.3,44.0,A,Primary,Headline,6.571429,D,S,42012.000000
Sun Aug 24 06:17:58 2025,24-Aug-2025,091758,48 27.107200 N,063 44.539000 W,5.4,43.9,A,DoorSpread,DoorMaster,8.210000,D,P,50034.000000
Sun Aug 24 06:17:58 2025,24-Aug-2025,091759,48 27.108300 N,063 44.537400 W,5.4,43.7,A,DoorSpread,DoorMaster,8.210000,D,P,50034.000000
Sun Aug 24 06:18:00 2025,24-Aug-2025,091800,48 27.109400 N,063 44.536000 W,5.3,43.7,A,Primary,Headline,54.938776,D,S,30630.000000
Sun Aug 24 06:18:00 2025,24-Aug-2025,091801,48 27.110300 N,063 44.534600 W,5.2,44.2,A,Primary,Headline,54.938776,D,S,30630.000000
Sun Aug 24 06:18:00 2025,24-Aug-2025,091802,48 27.111300 N,063 44.533000 W,5.2,44.7,A,Primary,Headline,54.938776,D,S,30630.000000
Sun Aug 24 06:18:00 2025,24-Aug-2025,091803,48 27.112200 N,063 44.531500 W,5.1,45.0,A,Primary,Headline,54.938776,D,S,30630.000000
Sun Aug 24 06:18:04 2025,24-Aug-2025,091804,48 27.113300 N,063 44.530100 W,5.1,44.8,A,DoorSpread,DoorMaster,8.050000,D,P,67172.000000
Sun Aug 24 06:18:04 2025,24-Aug-2025,091805,48 27.114500 N,063 44.528600 W,5.3,44.4,A,DoorSpread,DoorMaster,8.050000,D,P,67172.000000
Sun Aug 24 06:18:04 2025,24-Aug-2025,091806,48 27.115800 N,063 44.526900 W,5.4,44.1,A,DoorSpread,DoorMaster,8.050000,D,P,67172.000000
Sun Aug 24 06:18:04 2025,24-Aug-2025,091807,48 27.116900 N,063 44.525300 W,5.5,44.0,A,DoorSpread,DoorMaster,8.050000,D,P,67172.000000
Sun Aug 24 06:18:04 2025,24-Aug-2025,091808,48 27.117900 N,063 44.523800 W,5.4,43.8,A,DoorSpread,DoorMaster,8.050000,D,P,67172.000000
Sun Aug 24 06:18:04 2025,24-Aug-2025,091809,48 27.118800 N,063 44.522400 W,5.3,43.9,A,DoorSpread,DoorMaster,8.050000,D,P,67172.000000
Sun Aug 24 06:18:10 2025,24-Aug-2025,091810,48 27.119600 N,063 44.521000 W,5.2,44.2,A,DoorSpread,DoorMaster,9.845000,D,S,21132.000000
Sun Aug 24 06:18:10 2025,24-Aug-2025,091811,48 27.120600 N,063 44.519600 W,5.2,44.4,A,DoorSpread,DoorMaster,9.845000,D,S,21132.000000
Sun Aug 24 06:18:10 2025,24-Aug-2025,091812,48 27.121600 N,063 44.518000 W,5.2,44.6,A,DoorSpread,DoorMaster,9.845000,D,S,21132.000000
Sun Aug 24 06:18:10 2025,24-Aug-2025,091813,48 27.122600 N,063 44.516300 W,5.3,44.8,A,DoorSpread,DoorMaster,9.845000,D,S,21132.000000
Sun Aug 24 06:18:10 2025,24-Aug-2025,091814,48 27.123700 N,063 44.514600 W,5.4,45.1,A,DoorSpread,DoorMaster,9.845000,D,S,21132.000000
Sun Aug 24 06:18:15 2025,24-Aug-2025,091815,48 27.124800 N,063 44.513000 W,5.4,45.2,A,DoorSpread,DoorMaster,9.280000,D,S,30955.000000
Sun Aug 24 06:18:15 2025,24-Aug-2025,091816,48 27.125700 N,063 44.511700 W,5.3,45.0,A,DoorSpread,DoorMaster,9.280000,D,S,30955.000000
Sun Aug 24 06:18:15 2025,24-Aug-2025,091817,48 27.126600 N,063 44.510300 W,5.3,45.0,A,DoorSpread,DoorMaster,9.280000,D,S,30955.000000
Sun Aug 24 06:18:15 2025,24-Aug-2025,091818,48 27.127400 N,063 44.508800 W,5.2,45.3,A,DoorSpread,DoorMaster,9.280000,D,S,30955.000000
Sun Aug 24 06:18:15 2025,24-Aug-2025,091819,48 27.128200 N,063 44.507200 W,5.2,45.8,A,DoorSpread,DoorMaster,9.280000,D,S,30955.000000
Sun Aug 24 06:18:15 2025,24-Aug-2025,091820,48 27.129000 N,063 44.505800 W,5.1,46.0,A,DoorSpread,DoorMaster,9.280000,D,S,30955.000000
Sun Aug 24 06:18:21 2025,24-Aug-2025,091821,48 27.130000 N,063 44.504400 W,5.2,45.9,A,DoorSpread,DoorMaster,8.375000,D,S,19440.000000
Sun Aug 24 06:18:21 2025,24-Aug-2025,091822,48 27.131000 N,063 44.503000 W,5.2,45.7,A,DoorSpread,DoorMaster,8.375000,D,S,19440.000000
Sun Aug 24 06:18:21 2025,24-Aug-2025,091823,48 27.132100 N,063 44.501400 W,5.4,45.7,A,DoorSpread,DoorMaster,8.375000,D,S,19440.000000
Sun Aug 24 06:18:21 2025,24-Aug-2025,091824,48 27.133100 N,063 44.499600 W,5.4,45.9,A,DoorSpread,DoorMaster,8.375000,D,S,19440.000000
Sun Aug 24 06:18:21 2025,24-Aug-2025,091825,48 27.134000 N,063 44.498000 W,5.4,45.9,A,DoorSpread,DoorMaster,8.375000,D,S,19440.000000
Sun Aug 24 06:18:21 2025,24-Aug-2025,091826,48 27.135000 N,063 44.496700 W,5.3,45.7,A,DoorSpread,DoorMaster,8.375000,D,S,19440.000000
Sun Aug 24 06:18:27 2025,24-Aug-2025,091827,48 27.135900 N,063 44.495300 W,5.2,45.4,A,DoorSpread,DoorMaster,7.940000,D,S,41348.000000
Sun Aug 24 06:18:27 2025,24-Aug-2025,091828,48 27.136800 N,063 44.493900 W,5.2,45.5,A,DoorSpread,DoorMaster,7.940000,D,S,41348.000000
Sun Aug 24 06:18:27 2025,24-Aug-2025,091829,48 27.137800 N,063 44.492200 W,5.3,45.6,A,DoorSpread,DoorMaster,7.940000,D,S,41348.000000
Sun Aug 24 06:18:27 2025,24-Aug-2025,091830,48 27.139000 N,063 44.490500 W,5.4,45.4,A,DoorSpread,DoorMaster,7.940000,D,S,41348.000000
Sun Aug 24 06:18:30 2025,24-Aug-2025,091831,48 27.140200 N,063 44.488900 W,5.5,45.0,A,Depth,Depth,98.703704,D,S,30265.000000
Sun Aug 24 06:18:30 2025,24-Aug-2025,091832,48 27.141500 N,063 44.487400 W,5.5,44.6,A,Depth,Depth,98.703704,D,S,30265.000000
Sun Aug 24 06:18:33 2025,24-Aug-2025,091833,48 27.142600 N,063 44.485800 W,5.5,44.4,A,DoorSpread,DoorMaster,8.920000,D,S,45140.000000
Sun Aug 24 06:18:33 2025,24-Aug-2025,091834,48 27.143600 N,063 44.484100 W,5.4,44.7,A,DoorSpread,DoorMaster,8.920000,D,S,45140.000000
Sun Aug 24 06:18:33 2025,24-Aug-2025,091835,48 27.144400 N,063 44.482500 W,5.3,45.1,A,DoorSpread,DoorMaster,8.920000,D,S,45140.000000
Sun Aug 24 06:18:33 2025,24-Aug-2025,091836,48 27.145300 N,063 44.480900 W,5.3,45.4,A,DoorSpread,DoorMaster,8.920000,D,S,45140.000000
Sun Aug 24 06:18:33 2025,24-Aug-2025,091837,48 27.146400 N,063 44.479300 W,5.3,45.3,A,DoorSpread,DoorMaster,8.920000,D,S,45140.000000
Sun Aug 24 06:18:33 2025,24-Aug-2025,091838,48 27.147600 N,063 44.477700 W,5.4,45.0,A,DoorSpread,DoorMaster,8.920000,D,S,45140.000000
Sun Aug 24 06:18:33 2025,24-Aug-2025,091839,48 27.148800 N,063 44.476100 W,5.5,44.7,A,DoorSpread,DoorMaster,8.920000,D,S,45140.000000
Sun Aug 24 06:18:33 2025,24-Aug-2025,091840,48 27.149900 N,063 44.474600 W,5.5,44.4,A,DoorSpread,DoorMaster,8.920000,D,S,45140.000000
Sun Aug 24 06:18:33 2025,24-Aug-2025,091841,48 27.150900 N,063 44.473200 W,5.4,44.2,A,DoorSpread,DoorMaster,8.920000,D,S,45140.000000
Sun Aug 24 06:18:33 2025,24-Aug-2025,091842,48 27.151800 N,063 44.471900 W,5.3,43.8,A,DoorSpread,DoorMaster,8.920000,D,S,45140.000000
Sun Aug 24 06:18:33 2025,24-Aug-2025,091843,48 27.152800 N,063 44.470500 W,5.2,43.5,A,DoorSpread,DoorMaster,8.920000,D,S,45140.000000
Sun Aug 24 06:18:33 2025,24-Aug-2025,091844,48 27.153700 N,063 44.469200 W,5.2,43.2,A,DoorSpread,DoorMaster,8.920000,D,S,45140.000000
Sun Aug 24 06:18:33 2025,24-Aug-2025,091845,48 27.154800 N,063 44.467800 W,5.2,42.7,A,DoorSpread,DoorMaster,8.920000,D,S,45140.000000
Sun Aug 24 06:18:33 2025,24-Aug-2025,091846,48 27.156000 N,063 44.466400 W,5.3,42.3,A,DoorSpread,DoorMaster,8.920000,D,S,45140.000000
Sun Aug 24 06:18:33 2025,24-Aug-2025,091847,48 27.157100 N,063 44.464800 W,5.4,42.0,A,DoorSpread,DoorMaster,8.920000,D,S,45140.000000
Sun Aug 24 06:18:33 2025,24-Aug-2025,091848,48 27.158200 N,063 44.463200 W,5.4,42.0,A,DoorSpread,DoorMaster,8.920000,D,S,45140.000000
Sun Aug 24 06:18:33 2025,24-Aug-2025,091849,48 27.159200 N,063 44.461600 W,5.5,42.2,A,DoorSpread,DoorMaster,8.920000,D,S,45140.000000
Sun Aug 24 06:18:33 2025,24-Aug-2025,091850,48 27.160200 N,063 44.460100 W,5.4,42.2,A,DoorSpread,DoorMaster,8.920000,D,S,45140.000000
Sun Aug 24 06:18:33 2025,24-Aug-2025,091851,48 27.161200 N,063 44.459000 W,5.3,41.7,A,DoorSpread,DoorMaster,8.920000,D,S,45140.000000
Sun Aug 24 06:18:33 2025,24-Aug-2025,091852,48 27.162200 N,063 44.457800 W,5.2,41.5,A,DoorSpread,DoorMaster,8.920000,D,S,45140.000000
Sun Aug 24 06:18:33 2025,24-Aug-2025,091853,48 27.163200 N,063 44.456400 W,5.2,41.6,A,DoorSpread,DoorMaster,8.920000,D,S,45140.000000
Sun Aug 24 06:18:33 2025,24-Aug-2025,091854,48 27.164100 N,063 44.454900 W,5.1,42.0,A,DoorSpread,DoorMaster,8.920000,D,S,45140.000000
Sun Aug 24 06:18:54 2025,24-Aug-2025,091855,48 27.164800 N,063 44.453700 W,4.9,42.4,A,Primary,Headline,29.959184,D,P,58110.000000
Sun Aug 24 06:18:56 2025,24-Aug-2025,091856,48 27.165500 N,063 44.452500 W,4.7,42.7,A,DoorSpread,DoorMaster,7.085000,D,P,32690.000000
Sun Aug 24 06:18:56 2025,24-Aug-2025,091857,48 27.166200 N,063 44.451300 W,4.6,42.9,A,DoorSpread,DoorMaster,7.085000,D,P,32690.000000
Sun Aug 24 06:18:56 2025,24-Aug-2025,091858,48 27.167000 N,063 44.450100 W,4.5,42.8,A,DoorSpread,DoorMaster,7.085000,D,P,32690.000000
Sun Aug 24 06:18:56 2025,24-Aug-2025,091859,48 27.167600 N,063 44.449200 W,4.3,43.1,A,DoorSpread,DoorMaster,7.085000,D,P,32690.000000
Sun Aug 24 06:19:00 2025,24-Aug-2025,091900,48 27.168000 N,063 44.448200 W,4.1,43.7,A,Depth,Depth,119.166667,D,S,21559.000000
Sun Aug 24 06:19:01 2025,24-Aug-2025,091901,48 27.168400 N,063 44.447100 W,3.9,44.5,A,DoorSpread,DoorMaster,6.995000,D,S,39432.000000
Sun Aug 24 06:19:01 2025,24-Aug-2025,091902,48 27.168800 N,063 44.446100 W,3.8,45.1,A,DoorSpread,DoorMaster,6.995000,D,S,39432.000000
Sun Aug 24 06:19:01 2025,24-Aug-2025,091903,48 27.169400 N,063 44.445200 W,3.7,45.2,A,DoorSpread,DoorMaster,6.995000,D,S,39432.000000
Sun Aug 24 06:19:01 2025,24-Aug-2025,091904,48 27.169900 N,063 44.444500 W,3.6,45.0,A,DoorSpread,DoorMaster,6.995000,D,S,39432.000000
Sun Aug 24 06:19:01 2025,24-Aug-2025,091905,48 27.170400 N,063 44.443500 W,3.5,45.2,A,DoorSpread,DoorMaster,6.995000,D,S,39432.000000
Sun Aug 24 06:19:06 2025,24-Aug-2025,091906,48 27.170800 N,063 44.442400 W,3.5,45.9,A,Primary,Headline,55.428571,D,P,77157.000000
Sun Aug 24 06:19:07 2025,24-Aug-2025,091907,48 27.171200 N,063 44.441200 W,3.5,47.2,A,Depth,Depth,114.074074,D,P,9286.000000
Sun Aug 24 06:19:07 2025,24-Aug-2025,091908,48 27.171500 N,063 44.440100 W,3.4,48.4,A,Depth,Depth,112.037037,D,S,14482.000000
Sun Aug 24 06:19:07 2025,24-Aug-2025,091909,48 27.171900 N,063 44.439100 W,3.3,49.3,A,Depth,Depth,112.037037,D,S,14482.000000
Sun Aug 24 06:19:07 2025,24-Aug-2025,091910,48 27.172400 N,063 44.438400 W,3.3,49.8,A,Depth,Depth,112.037037,D,S,14482.000000
Sun Aug 24 06:19:11 2025,24-Aug-2025,091911,48 27.173000 N,063 44.437500 W,3.2,50.1,A,Primary,Headline,34.040816,D,S,31009.000000
Sun Aug 24 06:19:12 2025,24-Aug-2025,091912,48 27.173500 N,063 44.436700 W,3.1,50.3,A,DoorSpread,DoorMaster,6.920000,D,S,16582.000000
Sun Aug 24 06:19:12 2025,24-Aug-2025,091913,48 27.173900 N,063 44.435900 W,3.1,51.0,A,DoorSpread,DoorMaster,6.920000,D,S,16582.000000
Sun Aug 24 06:19:12 2025,24-Aug-2025,091914,48 27.174200 N,063 44.434900 W,3.0,52.0,A,DoorSpread,DoorMaster,6.920000,D,S,16582.000000
Sun Aug 24 06:19:15 2025,24-Aug-2025,091915,48 27.174600 N,063 44.433900 W,3.0,52.9,A,Depth,Depth,124.351852,D,S,19706.000000
Sun Aug 24 06:19:15 2025,24-Aug-2025,091916,48 27.175100 N,063 44.433100 W,3.0,53.4,A,Depth,Depth,124.351852,D,S,19706.000000
Sun Aug 24 06:19:17 2025,24-Aug-2025,091917,48 27.175600 N,063 44.432400 W,2.9,53.2,A,Primary,Headline,55.428571,D,S,15656.000000
Sun Aug 24 06:19:18 2025,24-Aug-2025,091918,48 27.176100 N,063 44.431700 W,2.9,53.0,A,DoorSpread,DoorMaster,6.780000,D,S,9937.000000
Sun Aug 24 06:19:18 2025,24-Aug-2025,091919,48 27.176500 N,063 44.430900 W,2.9,53.4,A,DoorSpread,DoorMaster,6.780000,D,S,9937.000000
Sun Aug 24 06:19:18 2025,24-Aug-2025,091920,48 27.176800 N,063 44.429900 W,2.9,54.1,A,DoorSpread,DoorMaster,6.780000,D,S,9937.000000
Sun Aug 24 06:19:18 2025,24-Aug-2025,091921,48 27.177100 N,063 44.428800 W,2.9,55.0,A,DoorSpread,DoorMaster,6.780000,D,S,9937.000000
Sun Aug 24 06:19:22 2025,24-Aug-2025,091922,48 27.177400 N,063 44.427800 W,2.9,55.7,A,Primary,Headline,13.061224,D,S,18506.000000
Sun Aug 24 06:19:22 2025,24-Aug-2025,091923,48 27.177800 N,063 44.426900 W,2.8,55.8,A,Primary,Headline,13.061224,D,S,18506.000000
Sun Aug 24 06:19:24 2025,24-Aug-2025,091924,48 27.178200 N,063 44.426100 W,2.8,55.7,A,DoorSpread,DoorMaster,7.095000,D,S,13476.000000
Sun Aug 24 06:19:24 2025,24-Aug-2025,091925,48 27.178700 N,063 44.425100 W,2.9,55.6,A,DoorSpread,DoorMaster,7.095000,D,S,13476.000000
Sun Aug 24 06:19:24 2025,24-Aug-2025,091926,48 27.179000 N,063 44.424000 W,2.9,55.8,A,DoorSpread,DoorMaster,7.095000,D,S,13476.000000
Sun Aug 24 06:19:27 2025,24-Aug-2025,091927,48 27.179200 N,063 44.422900 W,2.9,56.6,A,Primary,Headline,5.142857,D,S,28871.000000
Sun Aug 24 06:19:27 2025,24-Aug-2025,091928,48 27.179300 N,063 44.421800 W,2.8,57.3,A,Primary,Headline,5.142857,D,S,28871.000000
Sun Aug 24 06:19:29 2025,24-Aug-2025,091929,48 27.179600 N,063 44.421100 W,2.7,57.2,A,DoorSpread,DoorMaster,6.430000,D,S,9324.000000
Sun Aug 24 06:19:29 2025,24-Aug-2025,091930,48 27.179900 N,063 44.420600 W,2.7,56.4,A,DoorSpread,DoorMaster,6.430000,D,S,9324.000000
Sun Aug 24 06:19:29 2025,24-Aug-2025,091931,48 27.180300 N,063 44.419800 W,2.7,55.7,A,DoorSpread,DoorMaster,6.430000,D,S,9324.000000
Sun Aug 24 06:19:32 2025,24-Aug-2025,091932,48 27.180500 N,063 44.418700 W,2.8,56.7,A,Primary,Headline,11.775510,D,P,14616.000000
Sun Aug 24 06:19:33 2025,24-Aug-2025,091933,48 27.180600 N,063 44.417300 W,2.9,58.6,A,Primary,Headline,14.653061,D,S,4111.000000
Sun Aug 24 06:19:33 2025,24-Aug-2025,091934,48 27.180700 N,063 44.416000 W,2.9,60.3,A,Primary,Headline,14.653061,D,S,4111.000000
Sun Aug 24 06:19:35 2025,24-Aug-2025,091935,48 27.181000 N,063 44.415000 W,2.8,61.3,A,DoorSpread,DoorMaster,6.615000,D,S,20682.000000
Sun Aug 24 06:19:35 2025,24-Aug-2025,091936,48 27.181400 N,063 44.414100 W,2.8,61.1,A,DoorSpread,DoorMaster,6.615000,D,S,20682.000000
Sun Aug 24 06:19:37 2025,24-Aug-2025,091937,48 27.182000 N,063 44.413300 W,2.9,59.7,A,Depth,Depth,114.722222,D,S,11839.000000
Sun Aug 24 06:19:38 2025,24-Aug-2025,091938,48 27.182600 N,063 44.412400 W,3.0,58.4,A,Primary,Headline,31.632653,D,S,15186.000000
Sun Aug 24 06:19:38 2025,24-Aug-2025,091939,48 27.183000 N,063 44.411200 W,3.0,58.0,A,Primary,Headline,31.632653,D,S,15186.000000
Sun Aug 24 06:19:38 2025,24-Aug-2025,091940,48 27.183300 N,063 44.409900 W,3.1,58.7,A,Primary,Headline,31.632653,D,S,15186.000000
Sun Aug 24 06:19:40 2025,24-Aug-2025,091941,48 27.183500 N,063 44.408600 W,3.1,59.5,A,DoorSpread,DoorMaster,6.600000,D,P,16404.000000
Sun Aug 24 06:19:40 2025,24-Aug-2025,091942,48 27.183900 N,063 44.407600 W,3.0,59.6,A,DoorSpread,DoorMaster,6.600000,D,P,16404.000000
Sun Aug 24 06:19:43 2025,24-Aug-2025,091943,48 27.184400 N,063 44.406900 W,3.0,58.7,A,Primary,Headline,27.530612,D,S,25848.000000
Sun Aug 24 06:19:43 2025,24-Aug-2025,091944,48 27.184900 N,063 44.406100 W,3.0,58.0,A,Primary,Headline,27.530612,D,S,25848.000000
Sun Aug 24 06:19:45 2025,24-Aug-2025,091945,48 27.185300 N,063 44.405100 W,3.0,58.2,A,Depth,Depth,122.962963,D,S,23366.000000
Sun Aug 24 06:19:46 2025,24-Aug-2025,091946,48 27.185500 N,063 44.403900 W,3.1,59.1,A,DoorSpread,DoorMaster,6.745000,D,S,13955.000000
Sun Aug 24 06:19:46 2025,24-Aug-2025,091947,48 27.185700 N,063 44.402800 W,2.9,59.9,A,DoorSpread,DoorMaster,6.745000,D,S,13955.000000
Sun Aug 24 06:19:46 2025,24-Aug-2025,091948,48 27.186000 N,063 44.402100 W,2.9,60.0,A,DoorSpread,DoorMaster,6.745000,D,S,13955.000000
Sun Aug 24 06:19:49 2025,24-Aug-2025,091949,48 27.186500 N,063 44.401300 W,2.9,59.2,A,Primary,Headline,28.346939,D,S,42631.000000
Sun Aug 24 06:19:49 2025,24-Aug-2025,091950,48 27.187000 N,063 44.400500 W,2.9,58.4,A,Primary,Headline,28.346939,D,S,42631.000000
Sun Aug 24 06:19:49 2025,24-Aug-2025,091951,48 27.187400 N,063 44.399600 W,2.9,58.3,A,Primary,Headline,28.346939,D,S,42631.000000
Sun Aug 24 06:19:52 2025,24-Aug-2025,091952,48 27.187500 N,063 44.398400 W,2.9,58.9,A,Depth,Depth,127.500000,D,S,27486.000000
Sun Aug 24 06:19:52 2025,24-Aug-2025,091953,48 27.187700 N,063 44.397400 W,2.8,59.7,A,Depth,Depth,127.500000,D,S,27486.000000
Sun Aug 24 06:19:52 2025,24-Aug-2025,091954,48 27.188100 N,063 44.396500 W,2.8,59.7,A,Depth,Depth,127.500000,D,S,27486.000000
Sun Aug 24 06:19:55 2025,24-Aug-2025,091955,48 27.188600 N,063 44.395700 W,2.8,58.9,A,Primary,Headline,53.551020,D,P,47726.000000
Sun Aug 24 06:19:55 2025,24-Aug-2025,091956,48 27.189100 N,063 44.394900 W,2.8,57.9,A,Primary,Headline,53.551020,D,P,47726.000000
Sun Aug 24 06:19:57 2025,24-Aug-2025,091957,48 27.189600 N,063 44.394000 W,2.8,57.4,A,DoorSpread,DoorMaster,6.440000,D,S,34227.000000
Sun Aug 24 06:19:57 2025,24-Aug-2025,091958,48 27.189900 N,063 44.393100 W,2.7,57.5,A,DoorSpread,DoorMaster,6.440000,D,S,34227.000000
Sun Aug 24 06:19:57 2025,24-Aug-2025,091959,48 27.190100 N,063 44.392200 W,2.6,57.8,A,DoorSpread,DoorMaster,6.440000,D,S,34227.000000
Sun Aug 24 06:20:00 2025,24-Aug-2025,092000,48 27.190400 N,063 44.391500 W,2.6,57.8,A,Primary,Headline,26.367347,D,P,32008.000000
Sun Aug 24 06:20:00 2025,24-Aug-2025,092001,48 27.190800 N,063 44.390700 W,2.6,57.5,A,Primary,Headline,26.204082,D,S,45404.000000
Sun Aug 24 06:20:00 2025,24-Aug-2025,092002,48 27.191300 N,063 44.389600 W,2.7,57.7,A,Primary,Headline,26.204082,D,S,45404.000000
Sun Aug 24 06:20:03 2025,24-Aug-2025,092003,48 27.191700 N,063 44.388600 W,2.7,57.8,A,DoorSpread,DoorMaster,6.380000,D,S,22096.000000
Sun Aug 24 06:20:03 2025,24-Aug-2025,092004,48 27.192000 N,063 44.387700 W,2.6,58.0,A,DoorSpread,DoorMaster,6.380000,D,S,22096.000000
Sun Aug 24 06:20:03 2025,24-Aug-2025,092005,48 27.192200 N,063 44.386900 W,2.6,58.4,A,DoorSpread,DoorMaster,6.380000,D,S,22096.000000
Sun Aug 24 06:20:06 2025,24-Aug-2025,092006,48 27.192500 N,063 44.386100 W,2.5,58.5,A,Primary,Headline,18.489796,D,S,37499.000000
Sun Aug 24 06:20:07 2025,24-Aug-2025,092007,48 27.192900 N,063 44.385300 W,2.5,58.3,A,Depth,Depth,135.833333,D,S,16858.000000
Sun Aug 24 06:20:07 2025,24-Aug-2025,092008,48 27.193300 N,063 44.384400 W,2.6,58.0,A,Depth,Depth,135.833333,D,S,16858.000000
Sun Aug 24 06:20:09 2025,24-Aug-2025,092009,48 27.193700 N,063 44.383200 W,2.6,58.2,A,DoorSpread,DoorMaster,6.300000,D,S,44895.000000
Sun Aug 24 06:20:09 2025,24-Aug-2025,092010,48 27.194000 N,063 44.382100 W,2.6,58.7,A,DoorSpread,DoorMaster,6.300000,D,S,44895.000000
Sun Aug 24 06:20:11 2025,24-Aug-2025,092011,48 27.194200 N,063 44.381100 W,2.6,59.6,A,Primary,Headline,29.632653,D,S,36739.000000
Sun Aug 24 06:20:11 2025,24-Aug-2025,092012,48 27.194400 N,063 44.380300 W,2.5,60.7,A,Primary,Headline,29.632653,D,S,36739.000000
Sun Aug 24 06:20:11 2025,24-Aug-2025,092013,48 27.194700 N,063 44.379600 W,2.5,60.8,A,Primary,Headline,29.632653,D,S,36739.000000
Sun Aug 24 06:20:14 2025,24-Aug-2025,092014,48 27.195300 N,063 44.379000 W,2.6,59.0,A,DoorSpread,DoorMaster,6.340000,D,P,147311.000000
Sun Aug 24 06:20:15 2025,24-Aug-2025,092015,48 27.196000 N,063 44.378300 W,2.7,57.0,A,Depth,Depth,128.333333,D,S,20145.000000
Sun Aug 24 06:20:15 2025,24-Aug-2025,092016,48 27.196500 N,063 44.377200 W,2.9,56.4,A,Depth,Depth,128.333333,D,S,20145.000000
Sun Aug 24 06:20:17 2025,24-Aug-2025,092017,48 27.196800 N,063 44.375800 W,3.0,57.3,A,Primary,Headline,49.367347,D,P,8554.000000
Sun Aug 24 06:20:17 2025,24-Aug-2025,092018,48 27.196900 N,063 44.374400 W,3.1,59.0,A,Primary,Headline,49.367347,D,P,8554.000000
Sun Aug 24 06:20:17 2025,24-Aug-2025,092019,48 27.197200 N,063 44.373500 W,2.8,59.5,A,Primary,Headline,49.367347,D,P,8554.000000
Sun Aug 24 06:20:20 2025,24-Aug-2025,092020,48 27.197500 N,063 44.373000 W,2.7,59.3,A,DoorSpread,DoorMaster,6.105000,D,P,90915.000000
Sun Aug 24 06:20:20 2025,24-Aug-2025,092021,48 27.198000 N,063 44.372300 W,2.8,59.0,A,DoorSpread,DoorMaster,6.105000,D,P,90915.000000
Sun Aug 24 06:20:22 2025,24-Aug-2025,092022,48 27.198300 N,063 44.371100 W,2.9,59.3,A,Depth,Depth,137.500000,D,P,44956.000000
Sun Aug 24 06:20:22 2025,24-Aug-2025,092023,48 27.198500 N,063 44.370000 W,2.9,60.2,A,Primary,Headline,34.102041,D,S,23193.000000
Sun Aug 24 06:20:22 2025,24-Aug-2025,092024,48 27.198700 N,063 44.369200 W,2.6,60.6,A,Primary,Headline,34.102041,D,S,23193.000000
Sun Aug 24 06:20:25 2025,24-Aug-2025,092025,48 27.199000 N,063 44.368700 W,2.5,60.9,A,DoorSpread,DoorMaster,6.355000,D,P,55222.000000
Sun Aug 24 06:20:25 2025,24-Aug-2025,092026,48 27.199300 N,063 44.368100 W,2.5,60.7,A,DoorSpread,DoorMaster,6.355000,D,P,55222.000000
Sun Aug 24 06:20:25 2025,24-Aug-2025,092027,48 27.199600 N,063 44.367400 W,2.5,60.4,A,DoorSpread,DoorMaster,6.355000,D,P,55222.000000
Sun Aug 24 06:20:28 2025,24-Aug-2025,092028,48 27.199900 N,063 44.366500 W,2.5,60.4,A,Primary,Headline,53.408163,D,P,95384.000000
Sun Aug 24 06:20:28 2025,24-Aug-2025,092029,48 27.200200 N,063 44.365700 W,2.4,60.4,A,Primary,Headline,53.408163,D,P,95384.000000
Sun Aug 24 06:20:30 2025,24-Aug-2025,092030,48 27.200500 N,063 44.364900 W,2.4,60.5,A,Depth,Depth,142.037037,D,S,23692.000000
Sun Aug 24 06:20:31 2025,24-Aug-2025,092031,48 27.200600 N,063 44.364000 W,2.5,61.9,A,DoorSpread,DoorMaster,7.195000,D,S,10529.000000
Sun Aug 24 06:20:31 2025,24-Aug-2025,092032,48 27.200700 N,063 44.363000 W,2.4,63.3,A,DoorSpread,DoorMaster,7.195000,D,S,10529.000000
Sun Aug 24 06:20:31 2025,24-Aug-2025,092033,48 27.200900 N,063 44.362400 W,2.3,64.0,A,DoorSpread,DoorMaster,7.195000,D,S,10529.000000
Sun Aug 24 06:20:34 2025,24-Aug-2025,092034,48 27.201400 N,063 44.361900 W,2.4,63.2,A,Primary,Headline,31.142857,D,S,38229.000000
Sun Aug 24 06:20:34 2025,24-Aug-2025,092035,48 27.202000 N,063 44.361300 W,2.6,61.8,A,Primary,Headline,31.142857,D,S,38229.000000
Sun Aug 24 06:20:34 2025,24-Aug-2025,092036,48 27.202300 N,063 44.360300 W,2.6,62.1,A,Primary,Headline,31.142857,D,S,38229.000000
Sun Aug 24 06:20:37 2025,24-Aug-2025,092037,48 27.202400 N,063 44.359300 W,2.6,63.3,A,Depth,Depth,141.203704,D,P,39651.000000
Sun Aug 24 06:20:37 2025,24-Aug-2025,092038,48 27.202300 N,063 44.358400 W,2.5,64.6,A,Depth,Depth,141.203704,D,P,39651.000000
Sun Aug 24 06:20:39 2025,24-Aug-2025,092039,48 27.202400 N,063 44.357900 W,2.3,65.4,A,Primary,Headline,13.204082,D,P,64116.000000
Sun Aug 24 06:20:39 2025,24-Aug-2025,092040,48 27.202700 N,063 44.357600 W,2.3,65.2,A,Primary,Headline,13.204082,D,P,64116.000000
Sun Aug 24 06:20:39 2025,24-Aug-2025,092041,48 27.203100 N,063 44.356900 W,2.4,64.7,A,Primary,Headline,13.204082,D,P,64116.000000
Sun Aug 24 06:20:42 2025,24-Aug-2025,092042,48 27.203400 N,063 44.356000 W,2.5,64.6,A,DoorSpread,DoorMaster,6.445000,D,S,76564.000000
Sun Aug 24 06:20:42 2025,24-Aug-2025,092043,48 27.203600 N,063 44.355000 W,2.5,64.8,A,DoorSpread,DoorMaster,6.445000,D,S,76564.000000
Sun Aug 24 06:20:44 2025,24-Aug-2025,092044,48 27.203700 N,063 44.354100 W,2.4,65.6,A,Primary,Headline,16.081633,D,P,18908.000000
Sun Aug 24 06:20:45 2025,24-Aug-2025,092045,48 27.203700 N,063 44.353300 W,2.4,66.8,A,Depth,Depth,146.666667,D,P,19527.000000
Sun Aug 24 06:20:45 2025,24-Aug-2025,092046,48 27.203800 N,063 44.352500 W,2.3,67.6,A,Depth,Depth,146.666667,D,P,19527.000000
Sun Aug 24 06:20:45 2025,24-Aug-2025,092047,48 27.204000 N,063 44.351800 W,2.2,67.6,A,Depth,Depth,146.666667,D,P,19527.000000
Sun Aug 24 06:20:48 2025,24-Aug-2025,092048,48 27.204400 N,063 44.351200 W,2.3,65.7,A,DoorSpread,DoorMaster,6.475000,D,P,32963.000000
Sun Aug 24 06:20:48 2025,24-Aug-2025,092049,48 27.205100 N,063 44.350500 W,2.4,62.8,A,DoorSpread,DoorMaster,6.475000,D,P,32963.000000
Sun Aug 24 06:20:50 2025,24-Aug-2025,092050,48 27.205600 N,063 44.349800 W,2.4,60.6,A,Primary,Headline,45.571429,D,P,72061.000000
Sun Aug 24 06:20:50 2025,24-Aug-2025,092051,48 27.205900 N,063 44.348900 W,2.5,60.7,A,Primary,Headline,45.571429,D,P,72061.000000
Sun Aug 24 06:20:52 2025,24-Aug-2025,092052,48 27.205800 N,063 44.348000 W,2.5,62.2,A,Depth,Depth,175.925926,D,S,12216.000000
Sun Aug 24 06:20:53 2025,24-Aug-2025,092053,48 27.205800 N,063 44.347300 W,2.4,62.7,A,DoorSpread,DoorMaster,6.980000,D,P,11926.000000
Sun Aug 24 06:20:53 2025,24-Aug-2025,092054,48 27.206300 N,063 44.346800 W,2.5,61.4,A,DoorSpread,DoorMaster,6.980000,D,P,11926.000000
Sun Aug 24 06:20:53 2025,24-Aug-2025,092055,48 27.206900 N,063 44.346100 W,2.6,59.2,A,DoorSpread,DoorMaster,6.980000,D,P,11926.000000
Sun Aug 24 06:20:56 2025,24-Aug-2025,092056,48 27.207300 N,063 44.344800 W,2.7,58.5,A,Primary,Headline,32.061224,D,P,29288.000000
Sun Aug 24 06:20:56 2025,24-Aug-2025,092057,48 27.207500 N,063 44.343400 W,2.8,58.8,A,Primary,Headline,32.061224,D,P,29288.000000
Sun Aug 24 06:20:56 2025,24-Aug-2025,092058,48 27.207600 N,063 44.342000 W,2.7,59.8,A,Primary,Headline,32.061224,D,P,29288.000000
Sun Aug 24 06:20:59 2025,24-Aug-2025,092059,48 27.207600 N,063 44.341000 W,2.5,60.5,A,DoorSpread,DoorMaster,6.290000,D,S,20094.000000
Sun Aug 24 06:21:00 2025,24-Aug-2025,092100,48 27.207700 N,063 44.340400 W,2.4,61.1,A,Depth,Depth,151.481481,D,S,13348.000000
Sun Aug 24 06:21:00 2025,24-Aug-2025,092101,48 27.208000 N,063 44.339600 W,2.4,60.9,A,Depth,Depth,151.481481,D,S,13348.000000
Sun Aug 24 06:21:02 2025,24-Aug-2025,092102,48 27.208500 N,063 44.338900 W,2.5,59.9,A,Primary,Headline,49.204082,D,P,37721.000000
Sun Aug 24 06:21:02 2025,24-Aug-2025,092103,48 27.208800 N,063 44.338000 W,2.5,59.1,A,Primary,Headline,49.204082,D,P,37721.000000
Sun Aug 24 06:21:02 2025,24-Aug-2025,092104,48 27.209100 N,063 44.337200 W,2.4,58.9,A,Primary,Headline,49.204082,D,P,37721.000000
Sun Aug 24 06:21:05 2025,24-Aug-2025,092105,48 27.209200 N,063 44.336300 W,2.5,59.8,A,DoorSpread,DoorMaster,6.905000,D,S,34486.000000
Sun Aug 24 06:21:05 2025,24-Aug-2025,092106,48 27.209300 N,063 44.335200 W,2.5,61.4,A,DoorSpread,DoorMaster,6.905000,D,S,34486.000000
Sun Aug 24 06:21:07 2025,24-Aug-2025,092107,48 27.209400 N,063 44.334400 W,2.4,62.1,A,Depth,Depth,159.259259,D,S,10091.000000
Sun Aug 24 06:21:07 2025,24-Aug-2025,092108,48 27.209800 N,063 44.333800 W,2.5,61.3,A,Depth,Depth,159.259259,D,S,10091.000000
Sun Aug 24 06:21:07 2025,24-Aug-2025,092109,48 27.210400 N,063 44.333400 W,2.5,58.9,A,Depth,Depth,159.259259,D,S,10091.000000
Sun Aug 24 06:21:10 2025,24-Aug-2025,092110,48 27.210900 N,063 44.332800 W,2.5,57.3,A,DoorSpread,DoorMaster,7.145000,D,S,45393.000000
Sun Aug 24 06:21:10 2025,24-Aug-2025,092111,48 27.211100 N,063 44.331800 W,2.6,57.8,A,DoorSpread,DoorMaster,7.145000,D,S,45393.000000
Sun Aug 24 06:21:12 2025,24-Aug-2025,092112,48 27.211100 N,063 44.330500 W,2.7,59.8,A,Primary,Headline,15.775510,D,S,20424.000000
Sun Aug 24 06:21:12 2025,24-Aug-2025,092113,48 27.211200 N,063 44.329500 W,2.5,61.0,A,Primary,Headline,16.061224,D,P,33767.000000
Sun Aug 24 06:21:12 2025,24-Aug-2025,092114,48 27.211500 N,063 44.328900 W,2.4,61.0,A,Primary,Headline,16.061224,D,P,33767.000000
Sun Aug 24 06:21:15 2025,24-Aug-2025,092115,48 27.212000 N,063 44.328500 W,2.5,59.9,A,Depth,Depth,151.481481,D,P,34220.000000
Sun Aug 24 06:21:16 2025,24-Aug-2025,092116,48 27.212400 N,063 44.327800 W,2.5,59.2,A,DoorSpread,DoorMaster,7.035000,D,P,40112.000000
Sun Aug 24 06:21:16 2025,24-Aug-2025,092117,48 27.212600 N,063 44.327000 W,2.5,59.7,A,DoorSpread,DoorMaster,7.035000,D,P,40112.000000
Sun Aug 24 06:21:18 2025,24-Aug-2025,092118,48 27.212700 N,063 44.326200 W,2.4,60.6,A,Primary,Headline,17.428571,D,S,41877.000000
Sun Aug 24 06:21:18 2025,24-Aug-2025,092119,48 27.212800 N,063 44.325400 W,2.4,61.3,A,Primary,Headline,17.428571,D,S,41877.000000
Sun Aug 24 06:21:18 2025,24-Aug-2025,092120,48 27.212900 N,063 44.324800 W,2.3,61.9,A,Primary,Headline,17.428571,D,S,41877.000000
Sun Aug 24 06:21:18 2025,24-Aug-2025,092121,48 27.213100 N,063 44.324100 W,2.3,62.7,A,Primary,Headline,17.428571,D,S,41877.000000
Sun Aug 24 06:21:18 2025,24-Aug-2025,092122,48 27.213300 N,063 44.323300 W,2.3,62.9,A,Primary,Headline,17.428571,D,S,41877.000000
Sun Aug 24 06:21:23 2025,24-Aug-2025,092123,48 27.213700 N,063 44.322600 W,2.3,61.9,A,Primary,Headline,15.571429,D,P,59118.000000
Sun Aug 24 06:21:23 2025,24-Aug-2025,092124,48 27.214000 N,063 44.321900 W,2.3,61.1,A,Primary,Headline,15.571429,D,P,59118.000000
Sun Aug 24 06:21:23 2025,24-Aug-2025,092125,48 27.214100 N,063 44.321100 W,2.3,61.2,A,Primary,Headline,15.571429,D,P,59118.000000
Sun Aug 24 06:21:23 2025,24-Aug-2025,092126,48 27.214200 N,063 44.320100 W,2.3,61.8,A,Primary,Headline,15.571429,D,P,59118.000000
Sun Aug 24 06:21:27 2025,24-Aug-2025,092127,48 27.214200 N,063 44.319100 W,2.2,62.5,A,DoorSpread,DoorMaster,7.415000,D,S,28580.000000
Sun Aug 24 06:21:28 2025,24-Aug-2025,092128,48 27.214300 N,063 44.318200 W,2.2,62.9,A,Primary,Headline,16.551020,D,S,15248.000000
Sun Aug 24 06:21:28 2025,24-Aug-2025,092129,48 27.214600 N,063 44.317300 W,2.3,62.9,A,Primary,Headline,16.551020,D,S,15248.000000
Sun Aug 24 06:21:30 2025,24-Aug-2025,092130,48 27.214800 N,063 44.316500 W,2.2,62.9,A,Depth,Depth,158.703704,D,S,6856.000000
Sun Aug 24 06:21:30 2025,24-Aug-2025,092131,48 27.214900 N,063 44.315600 W,2.2,62.9,A,Depth,Depth,158.703704,D,S,6856.000000
Sun Aug 24 06:21:32 2025,24-Aug-2025,092132,48 27.215000 N,063 44.314700 W,2.2,63.0,A,DoorSpread,DoorMaster,7.430000,D,P,32238.000000
Sun Aug 24 06:21:33 2025,24-Aug-2025,092133,48 27.215000 N,063 44.313600 W,2.2,63.5,A,Primary,Headline,4.040816,D,P,10718.000000
Sun Aug 24 06:21:33 2025,24-Aug-2025,092134,48 27.215000 N,063 44.312600 W,2.2,64.4,A,Primary,Headline,4.040816,D,P,10718.000000
Sun Aug 24 06:21:33 2025,24-Aug-2025,092135,48 27.215000 N,063 44.311800 W,2.2,65.1,A,Primary,Headline,4.040816,D,P,10718.000000
Sun Aug 24 06:21:33 2025,24-Aug-2025,092136,48 27.215000 N,063 44.311000 W,2.1,65.7,A,Primary,Headline,4.040816,D,P,10718.000000
Sun Aug 24 06:21:33 2025,24-Aug-2025,092137,48 27.215100 N,063 44.310300 W,2.1,65.7,A,Primary,Headline,4.040816,D,P,10718.000000
Sun Aug 24 06:21:38 2025,24-Aug-2025,092138,48 27.215300 N,063 44.309600 W,2.1,65.2,A,DoorSpread,DoorMaster,7.350000,D,S,37400.000000
Sun Aug 24 06:21:39 2025,24-Aug-2025,092139,48 27.215400 N,063 44.309100 W,2.1,65.0,A,Primary,Headline,51.265306,D,S,63516.000000
Sun Aug 24 06:21:39 2025,24-Aug-2025,092140,48 27.215500 N,063 44.308300 W,2.2,65.1,A,Primary,Headline,51.265306,D,S,63516.000000
Sun Aug 24 06:21:39 2025,24-Aug-2025,092141,48 27.215600 N,063 44.307500 W,2.2,65.7,A,Primary,Headline,51.265306,D,S,63516.000000
Sun Aug 24 06:21:39 2025,24-Aug-2025,092142,48 27.215600 N,063 44.306700 W,2.2,66.7,A,Primary,Headline,51.265306,D,S,63516.000000
Sun Aug 24 06:21:43 2025,24-Aug-2025,092143,48 27.215700 N,063 44.305900 W,2.2,67.5,A,DoorSpread,DoorMaster,7.405000,D,S,23170.000000
Sun Aug 24 06:21:43 2025,24-Aug-2025,092144,48 27.216000 N,063 44.305100 W,2.2,67.3,A,DoorSpread,DoorMaster,7.405000,D,S,23170.000000
Sun Aug 24 06:21:45 2025,24-Aug-2025,092145,48 27.216400 N,063 44.304500 W,2.2,65.8,A,Depth,Depth,166.388889,D,P,9723.000000
Sun Aug 24 06:21:45 2025,24-Aug-2025,092146,48 27.216800 N,063 44.303800 W,2.2,64.5,A,Depth,Depth,166.388889,D,P,9723.000000
Sun Aug 24 06:21:45 2025,24-Aug-2025,092147,48 27.216900 N,063 44.303000 W,2.2,64.7,A,Depth,Depth,166.388889,D,P,9723.000000
Sun Aug 24 06:21:45 2025,24-Aug-2025,092148,48 27.216800 N,063 44.302200 W,2.2,66.0,A,Depth,Depth,166.388889,D,P,9723.000000
Sun Aug 24 06:21:49 2025,24-Aug-2025,092149,48 27.216700 N,063 44.301400 W,2.2,67.7,A,DoorSpread,DoorMaster,7.430000,D,S,30456.000000
Sun Aug 24 06:21:49 2025,24-Aug-2025,092150,48 27.216800 N,063 44.300600 W,2.1,68.5,A,DoorSpread,DoorMaster,7.430000,D,S,30456.000000
Sun Aug 24 06:21:51 2025,24-Aug-2025,092151,48 27.217200 N,063 44.299800 W,2.2,67.8,A,Primary,Headline,37.306122,D,P,4539.000000
Sun Aug 24 06:21:51 2025,24-Aug-2025,092152,48 27.217600 N,063 44.299100 W,2.3,66.5,A,Primary,Headline,37.306122,D,P,4539.000000
Sun Aug 24 06:21:53 2025,24-Aug-2025,092153,48 27.217800 N,063 44.298100 W,2.3,65.9,A,Depth,Depth,152.500000,D,P,8387.000000
Sun Aug 24 06:21:53 2025,24-Aug-2025,092154,48 27.217900 N,063 44.297000 W,2.4,66.5,A,Depth,Depth,152.500000,D,P,8387.000000
Sun Aug 24 06:21:55 2025,24-Aug-2025,092155,48 27.217800 N,063 44.295900 W,2.4,67.9,A,DoorSpread,DoorMaster,6.980000,D,P,11496.000000
Sun Aug 24 06:21:56 2025,24-Aug-2025,092156,48 27.217800 N,063 44.295000 W,2.3,68.9,A,Primary,Headline,39.530612,D,P,16559.000000
Sun Aug 24 06:21:56 2025,24-Aug-2025,092157,48 27.217900 N,063 44.294100 W,2.4,69.2,A,Primary,Headline,39.530612,D,P,16559.000000
Sun Aug 24 06:21:56 2025,24-Aug-2025,092158,48 27.218400 N,063 44.293100 W,2.5,67.8,A,Primary,Headline,39.530612,D,P,16559.000000
Sun Aug 24 06:21:56 2025,24-Aug-2025,092159,48 27.218800 N,063 44.292100 W,2.6,66.8,A,Primary,Headline,39.530612,D,P,16559.000000
Sun Aug 24 06:22:00 2025,24-Aug-2025,092200,48 27.219000 N,063 44.291200 W,2.5,67.0,A,DoorSpread,DoorMaster,7.555000,D,S,5057.000000
Sun Aug 24 06:22:01 2025,24-Aug-2025,092201,48 27.219000 N,063 44.290300 W,2.4,67.6,A,Primary,Headline,20.061224,D,S,8770.000000
Sun Aug 24 06:22:01 2025,24-Aug-2025,092202,48 27.219100 N,063 44.289500 W,2.4,68.0,A,Primary,Headline,20.061224,D,S,8770.000000
Sun Aug 24 06:22:01 2025,24-Aug-2025,092203,48 27.219400 N,063 44.288700 W,2.4,67.9,A,Primary,Headline,20.061224,D,S,8770.000000
Sun Aug 24 06:22:01 2025,24-Aug-2025,092204,48 27.219700 N,063 44.288000 W,2.4,67.2,A,Primary,Headline,20.061224,D,S,8770.000000
Sun Aug 24 06:22:01 2025,24-Aug-2025,092205,48 27.220100 N,063 44.287100 W,2.4,66.7,A,Primary,Headline,20.061224,D,S,8770.000000
Sun Aug 24 06:22:06 2025,24-Aug-2025,092206,48 27.220300 N,063 44.286100 W,2.4,66.5,A,DoorSpread,DoorMaster,5.815000,D,P,7378.000000
Sun Aug 24 06:22:07 2025,24-Aug-2025,092207,48 27.220500 N,063 44.285300 W,2.4,66.5,A,Primary,Headline,53.979592,D,P,3931.000000
Sun Aug 24 06:22:08 2025,24-Aug-2025,092208,48 27.220800 N,063 44.284500 W,2.4,66.5,A,Depth,Depth,181.759259,D,S,16729.000000
Sun Aug 24 06:22:08 2025,24-Aug-2025,092209,48 27.221100 N,063 44.283700 W,2.3,66.1,A,Depth,Depth,181.759259,D,S,16729.000000
Sun Aug 24 06:22:08 2025,24-Aug-2025,092210,48 27.221400 N,063 44.283100 W,2.2,65.7,A,Depth,Depth,181.759259,D,S,16729.000000
Sun Aug 24 06:22:08 2025,24-Aug-2025,092211,48 27.221600 N,063 44.282200 W,2.2,65.5,A,Depth,Depth,181.759259,D,S,16729.000000
Sun Aug 24 06:22:12 2025,24-Aug-2025,092212,48 27.221700 N,063 44.281300 W,2.2,65.6,A,DoorSpread,DoorMaster,6.720000,D,S,13133.000000
Sun Aug 24 06:22:13 2025,24-Aug-2025,092213,48 27.221800 N,063 44.280700 W,2.0,65.7,A,Primary,Headline,52.857143,D,P,3899.000000
Sun Aug 24 06:22:13 2025,24-Aug-2025,092214,48 27.221900 N,063 44.280000 W,2.0,65.8,A,Primary,Headline,52.857143,D,P,3899.000000
Sun Aug 24 06:22:15 2025,24-Aug-2025,092215,48 27.222100 N,063 44.279400 W,1.9,65.9,A,Depth,Depth,155.185185,D,P,7821.000000
Sun Aug 24 06:22:15 2025,24-Aug-2025,092216,48 27.222400 N,063 44.278700 W,1.9,65.7,A,Depth,Depth,155.185185,D,P,7821.000000
Sun Aug 24 06:22:17 2025,24-Aug-2025,092217,48 27.222600 N,063 44.277900 W,2.0,65.8,A,DoorSpread,DoorMaster,7.165000,D,S,9940.000000
Sun Aug 24 06:22:17 2025,24-Aug-2025,092218,48 27.222600 N,063 44.276900 W,2.0,67.0,A,DoorSpread,DoorMaster,7.165000,D,S,9940.000000
Sun Aug 24 06:22:19 2025,24-Aug-2025,092219,48 27.222600 N,063 44.276200 W,1.9,67.6,A,Primary,Headline,37.877551,D,P,30375.000000
Sun Aug 24 06:22:19 2025,24-Aug-2025,092220,48 27.222700 N,063 44.275700 W,1.8,68.1,A,Primary,Headline,37.877551,D,P,30375.000000
Sun Aug 24 06:22:19 2025,24-Aug-2025,092221,48 27.222900 N,063 44.275000 W,1.8,67.6,A,Primary,Headline,37.877551,D,P,30375.000000
Sun Aug 24 06:22:19 2025,24-Aug-2025,092222,48 27.223000 N,063 44.274200 W,1.9,67.8,A,Primary,Headline,37.877551,D,P,30375.000000
Sun Aug 24 06:22:23 2025,24-Aug-2025,092223,48 27.223200 N,063 44.273400 W,1.9,68.3,A,Depth,Depth,172.407407,D,S,16335.000000
Sun Aug 24 06:22:24 2025,24-Aug-2025,092224,48 27.223300 N,063 44.272600 W,1.9,68.7,A,Primary,Headline,22.020408,D,S,47633.000000
Sun Aug 24 06:22:24 2025,24-Aug-2025,092225,48 27.223400 N,063 44.271900 W,1.9,69.2,A,Primary,Headline,22.020408,D,S,47633.000000
Sun Aug 24 06:22:24 2025,24-Aug-2025,092226,48 27.223500 N,063 44.271200 W,1.9,69.6,A,Primary,Headline,22.020408,D,S,47633.000000
Sun Aug 24 06:22:24 2025,24-Aug-2025,092227,48 27.223700 N,063 44.270600 W,1.9,69.6,A,Primary,Headline,22.020408,D,S,47633.000000
Sun Aug 24 06:22:24 2025,24-Aug-2025,092228,48 27.224000 N,063 44.270000 W,1.9,69.1,A,Primary,Headline,22.020408,D,S,47633.000000
Sun Aug 24 06:22:29 2025,24-Aug-2025,092229,48 27.224400 N,063 44.269400 W,2.0,67.8,A,DoorSpread,DoorMaster,7.560000,D,S,51703.000000
Sun Aug 24 06:22:30 2025,24-Aug-2025,092230,48 27.224600 N,063 44.268500 W,2.0,67.8,A,Primary,Headline,50.000000,D,P,19090.000000
Sun Aug 24 06:22:31 2025,24-Aug-2025,092231,48 27.224700 N,063 44.267500 W,2.1,68.9,A,Depth,Depth,148.333333,D,P,20209.000000
Sun Aug 24 06:22:31 2025,24-Aug-2025,092232,48 27.224800 N,063 44.266600 W,2.1,69.1,A,Depth,Depth,148.333333,D,P,20209.000000
Sun Aug 24 06:22:31 2025,24-Aug-2025,092233,48 27.225200 N,063 44.265900 W,2.2,68.5,A,Depth,Depth,148.333333,D,P,20209.000000
Sun Aug 24 06:22:34 2025,24-Aug-2025,092234,48 27.225600 N,063 44.265200 W,2.2,67.4,A,DoorSpread,DoorMaster,7.505000,D,P,24012.000000
Sun Aug 24 06:22:34 2025,24-Aug-2025,092235,48 27.226000 N,063 44.264600 W,2.2,66.7,A,DoorSpread,DoorMaster,7.505000,D,P,24012.000000
Sun Aug 24 06:22:36 2025,24-Aug-2025,092236,48 27.226300 N,063 44.263700 W,2.2,66.9,A,Primary,Headline,31.734694,D,S,49252.000000
Sun Aug 24 06:22:36 2025,24-Aug-2025,092237,48 27.226500 N,063 44.262700 W,2.2,67.2,A,Primary,Headline,31.734694,D,S,49252.000000
Sun Aug 24 06:22:38 2025,24-Aug-2025,092238,48 27.226800 N,063 44.262100 W,2.1,67.2,A,Depth,Depth,159.722222,D,P,33417.000000
Sun Aug 24 06:22:38 2025,24-Aug-2025,092239,48 27.227200 N,063 44.261500 W,2.2,66.1,A,Depth,Depth,159.722222,D,P,33417.000000
Sun Aug 24 06:22:40 2025,24-Aug-2025,092240,48 27.227600 N,063 44.260600 W,2.3,65.4,A,DoorSpread,DoorMaster,7.340000,D,P,24381.000000
Sun Aug 24 06:22:41 2025,24-Aug-2025,092241,48 27.227900 N,063 44.259500 W,2.4,66.1,A,Primary,Headline,31.979592,D,S,61096.000000
Sun Aug 24 06:22:41 2025,24-Aug-2025,092242,48 27.228000 N,063 44.258400 W,2.4,67.1,A,Primary,Headline,31.979592,D,S,61096.000000
Sun Aug 24 06:22:41 2025,24-Aug-2025,092243,48 27.228200 N,063 44.257500 W,2.4,68.2,A,Primary,Headline,31.979592,D,S,61096.000000
Sun Aug 24 06:22:41 2025,24-Aug-2025,092244,48 27.228300 N,063 44.256700 W,2.3,68.6,A,Primary,Headline,31.979592,D,S,61096.000000
Sun Aug 24 06:22:41 2025,24-Aug-2025,092245,48 27.228700 N,063 44.256100 W,2.3,68.4,A,Primary,Headline,31.979592,D,S,61096.000000
Sun Aug 24 06:22:46 2025,24-Aug-2025,092246,48 27.229100 N,063 44.255300 W,2.3,67.9,A,Primary,Headline,9.632653,D,P,20187.000000
Sun Aug 24 06:22:46 2025,24-Aug-2025,092247,48 27.229400 N,063 44.254600 W,2.3,67.4,A,Primary,Headline,9.632653,D,P,20187.000000
Sun Aug 24 06:22:46 2025,24-Aug-2025,092248,48 27.229800 N,063 44.253800 W,2.3,67.2,A,Primary,Headline,9.632653,D,P,20187.000000
Sun Aug 24 06:22:46 2025,24-Aug-2025,092249,48 27.230000 N,063 44.252900 W,2.4,67.6,A,Primary,Headline,9.632653,D,P,20187.000000
Sun Aug 24 06:22:46 2025,24-Aug-2025,092250,48 27.230100 N,063 44.251900 W,2.4,68.4,A,Primary,Headline,9.632653,D,P,20187.000000
Sun Aug 24 06:22:51 2025,24-Aug-2025,092251,48 27.230100 N,063 44.251000 W,2.4,69.0,A,DoorSpread,DoorMaster,6.910000,D,S,56974.000000
Sun Aug 24 06:22:52 2025,24-Aug-2025,092252,48 27.230300 N,063 44.250100 W,2.3,69.2,A,Primary,Headline,33.877551,D,P,54488.000000
Sun Aug 24 06:22:53 2025,24-Aug-2025,092253,48 27.230400 N,063 44.249300 W,2.3,69.4,A,Depth,Depth,153.055556,D,S,20017.000000
Sun Aug 24 06:22:53 2025,24-Aug-2025,092254,48 27.230500 N,063 44.248400 W,2.3,69.3,A,Depth,Depth,153.055556,D,S,20017.000000
Sun Aug 24 06:22:53 2025,24-Aug-2025,092255,48 27.230700 N,063 44.247600 W,2.2,69.2,A,Depth,Depth,153.055556,D,S,20017.000000
Sun Aug 24 06:22:53 2025,24-Aug-2025,092256,48 27.230800 N,063 44.246700 W,2.2,69.4,A,Depth,Depth,153.055556,D,S,20017.000000
Sun Aug 24 06:22:57 2025,24-Aug-2025,092257,48 27.230900 N,063 44.245700 W,2.2,69.6,A,Primary,Headline,38.755102,D,P,22629.000000
Sun Aug 24 06:22:57 2025,24-Aug-2025,092258,48 27.231000 N,063 44.244900 W,2.2,69.4,A,Primary,Headline,38.755102,D,P,22629.000000
Sun Aug 24 06:22:57 2025,24-Aug-2025,092259,48 27.231200 N,063 44.243900 W,2.2,69.1,A,Primary,Headline,38.755102,D,P,22629.000000
Sun Aug 24 06:22:57 2025,24-Aug-2025,092300,48 27.231400 N,063 44.243000 W,2.2,68.9,A,Primary,Headline,38.755102,D,P,22629.000000
Sun Aug 24 06:23:01 2025,24-Aug-2025,092301,48 27.231600 N,063 44.242100 W,2.2,68.9,A,Depth,Depth,159.074074,D,P,18849.000000
Sun Aug 24 06:23:01 2025,24-Aug-2025,092302,48 27.231700 N,063 44.241300 W,2.1,69.0,A,Depth,Depth,159.074074,D,P,18849.000000
Sun Aug 24 06:23:03 2025,24-Aug-2025,092303,48 27.231800 N,063 44.240500 W,2.1,68.9,A,Primary,Headline,32.510204,D,P,31985.000000
Sun Aug 24 06:23:03 2025,24-Aug-2025,092304,48 27.232000 N,063 44.239600 W,2.2,68.9,A,Primary,Headline,32.510204,D,P,31985.000000
Sun Aug 24 06:23:03 2025,24-Aug-2025,092305,48 27.232100 N,063 44.238500 W,2.2,69.7,A,Primary,Headline,32.510204,D,P,31985.000000
Sun Aug 24 06:23:03 2025,24-Aug-2025,092306,48 27.232200 N,063 44.237700 W,2.2,70.2,A,Primary,Headline,32.510204,D,P,31985.000000
Sun Aug 24 06:23:03 2025,24-Aug-2025,092307,48 27.232300 N,063 44.236800 W,2.2,70.4,A,Primary,Headline,32.510204,D,P,31985.000000
Sun Aug 24 06:23:08 2025,24-Aug-2025,092308,48 27.232600 N,063 44.236000 W,2.2,70.0,A,DoorSpread,DoorMaster,7.815000,D,P,19915.000000
Sun Aug 24 06:23:09 2025,24-Aug-2025,092309,48 27.232800 N,063 44.235300 W,2.2,69.8,A,Depth,Depth,160.092593,D,S,23531.000000
Sun Aug 24 06:23:09 2025,24-Aug-2025,092310,48 27.232900 N,063 44.234500 W,2.2,70.3,A,Depth,Depth,160.092593,D,S,23531.000000
Sun Aug 24 06:23:09 2025,24-Aug-2025,092311,48 27.232900 N,063 44.233700 W,2.2,71.2,A,Depth,Depth,160.092593,D,S,23531.000000
Sun Aug 24 06:23:09 2025,24-Aug-2025,092312,48 27.233000 N,063 44.232800 W,2.3,71.7,A,Depth,Depth,160.092593,D,S,23531.000000
Sun Aug 24 06:23:13 2025,24-Aug-2025,092313,48 27.233300 N,063 44.232000 W,2.2,71.4,A,Primary,Headline,19.102041,D,P,41110.000000
Sun Aug 24 06:23:14 2025,24-Aug-2025,092314,48 27.233600 N,063 44.231300 W,2.3,70.4,A,DoorSpread,DoorMaster,6.765000,D,S,32732.000000
Sun Aug 24 06:23:14 2025,24-Aug-2025,092315,48 27.233900 N,063 44.230500 W,2.3,68.7,A,DoorSpread,DoorMaster,6.765000,D,S,32732.000000
Sun Aug 24 06:23:16 2025,24-Aug-2025,092316,48 27.234100 N,063 44.229700 W,2.3,68.1,A,Depth,Depth,158.796296,D,P,26054.000000
Sun Aug 24 06:23:16 2025,24-Aug-2025,092317,48 27.234100 N,063 44.228700 W,2.4,69.3,A,Depth,Depth,158.796296,D,P,26054.000000
Sun Aug 24 06:23:16 2025,24-Aug-2025,092318,48 27.233900 N,063 44.227500 W,2.4,71.3,A,Depth,Depth,158.796296,D,P,26054.000000
Sun Aug 24 06:23:19 2025,24-Aug-2025,092319,48 27.233900 N,063 44.226700 W,2.3,72.2,A,Primary,Headline,11.938776,D,P,16668.000000
Sun Aug 24 06:23:20 2025,24-Aug-2025,092320,48 27.234100 N,063 44.226200 W,2.2,72.8,A,DoorSpread,DoorMaster,6.495000,D,S,100325.000000
Sun Aug 24 06:23:20 2025,24-Aug-2025,092321,48 27.234500 N,063 44.225400 W,2.2,72.4,A,DoorSpread,DoorMaster,6.495000,D,S,100325.000000
Sun Aug 24 06:23:20 2025,24-Aug-2025,092322,48 27.234800 N,063 44.224600 W,2.3,72.0,A,DoorSpread,DoorMaster,6.495000,D,S,100325.000000
Sun Aug 24 06:23:20 2025,24-Aug-2025,092323,48 27.235000 N,063 44.223700 W,2.2,71.8,A,DoorSpread,DoorMaster,6.495000,D,S,100325.000000
Sun Aug 24 06:23:24 2025,24-Aug-2025,092324,48 27.235100 N,063 44.223000 W,2.2,71.7,A,Primary,Headline,3.877551,D,S,82652.000000
Sun Aug 24 06:23:25 2025,24-Aug-2025,092325,48 27.235200 N,063 44.222200 W,2.1,72.4,A,DoorSpread,DoorMaster,6.285000,D,P,34268.000000
Sun Aug 24 06:23:25 2025,24-Aug-2025,092326,48 27.235100 N,063 44.221300 W,2.2,73.8,A,DoorSpread,DoorMaster,6.285000,D,P,34268.000000
Sun Aug 24 06:23:25 2025,24-Aug-2025,092327,48 27.235200 N,063 44.220400 W,2.2,74.5,A,DoorSpread,DoorMaster,6.285000,D,P,34268.000000
Sun Aug 24 06:23:25 2025,24-Aug-2025,092328,48 27.235500 N,063 44.219500 W,2.3,72.7,A,DoorSpread,DoorMaster,6.285000,D,P,34268.000000
Sun Aug 24 06:23:29 2025,24-Aug-2025,092329,48 27.236000 N,063 44.218700 W,2.3,70.9,A,Primary,Headline,4.897959,D,S,32395.000000
Sun Aug 24 06:23:29 2025,24-Aug-2025,092330,48 27.236200 N,063 44.217600 W,2.5,70.2,A,Primary,Headline,4.897959,D,S,32395.000000
Sun Aug 24 06:23:31 2025,24-Aug-2025,092331,48 27.236300 N,063 44.216500 W,2.5,70.8,A,DoorSpread,DoorMaster,6.760000,D,P,22662.000000
Sun Aug 24 06:23:31 2025,24-Aug-2025,092332,48 27.236200 N,063 44.215500 W,2.4,71.5,A,DoorSpread,DoorMaster,6.760000,D,P,22662.000000
Sun Aug 24 06:23:31 2025,24-Aug-2025,092333,48 27.236300 N,063 44.214600 W,2.3,71.9,A,DoorSpread,DoorMaster,6.760000,D,P,22662.000000
Sun Aug 24 06:23:31 2025,24-Aug-2025,092334,48 27.236500 N,063 44.213800 W,2.3,71.5,A,DoorSpread,DoorMaster,6.760000,D,P,22662.000000
Sun Aug 24 06:23:35 2025,24-Aug-2025,092335,48 27.236900 N,063 44.212900 W,2.4,70.3,A,Primary,Headline,54.224490,D,P,31137.000000
Sun Aug 24 06:23:36 2025,24-Aug-2025,092336,48 27.237100 N,063 44.211800 W,2.4,69.9,A,DoorSpread,DoorMaster,6.215000,D,P,83179.000000
Sun Aug 24 06:23:36 2025,24-Aug-2025,092337,48 27.237100 N,063 44.210800 W,2.3,70.4,A,DoorSpread,DoorMaster,6.215000,D,P,83179.000000
Sun Aug 24 06:23:36 2025,24-Aug-2025,092338,48 27.237000 N,063 44.209800 W,2.3,71.9,A,DoorSpread,DoorMaster,6.215000,D,P,83179.000000
Sun Aug 24 06:23:39 2025,24-Aug-2025,092339,48 27.236800 N,063 44.209000 W,2.2,73.2,A,Depth,Depth,159.444444,D,P,39378.000000
Sun Aug 24 06:23:40 2025,24-Aug-2025,092340,48 27.236800 N,063 44.208300 W,2.1,74.4,A,Primary,Headline,19.510204,D,P,67561.000000
Sun Aug 24 06:23:40 2025,24-Aug-2025,092341,48 27.237100 N,063 44.207500 W,2.2,73.9,A,Primary,Headline,19.510204,D,P,67561.000000
Sun Aug 24 06:23:42 2025,24-Aug-2025,092342,48 27.237600 N,063 44.206600 W,2.3,71.8,A,DoorSpread,DoorMaster,6.015000,D,P,10180.000000
Sun Aug 24 06:23:42 2025,24-Aug-2025,092343,48 27.238000 N,063 44.205600 W,2.3,70.3,A,DoorSpread,DoorMaster,6.015000,D,P,10180.000000
Sun Aug 24 06:23:42 2025,24-Aug-2025,092344,48 27.238100 N,063 44.204800 W,2.2,69.7,A,DoorSpread,DoorMaster,6.015000,D,P,10180.000000
Sun Aug 24 06:23:45 2025,24-Aug-2025,092345,48 27.238000 N,063 44.203800 W,2.3,71.0,A,Primary,Headline,3.979592,D,P,43213.000000
Sun Aug 24 06:23:46 2025,24-Aug-2025,092346,48 27.237800 N,063 44.202700 W,2.3,72.6,A,Depth,Depth,159.814815,D,P,59396.000000
Sun Aug 24 06:23:47 2025,24-Aug-2025,092347,48 27.237900 N,063 44.202000 W,2.2,73.3,A,DoorSpread,DoorMaster,5.690000,D,P,45899.000000
Sun Aug 24 06:23:48 2025,24-Aug-2025,092348,48 27.238300 N,063 44.201300 W,2.2,72.4,A,DoorSpread,DoorMaster,5.690000,D,S,98095.000000
Sun Aug 24 06:23:48 2025,24-Aug-2025,092349,48 27.238700 N,063 44.200600 W,2.3,70.8,A,DoorSpread,DoorMaster,5.690000,D,S,98095.000000
Sun Aug 24 06:23:48 2025,24-Aug-2025,092350,48 27.239000 N,063 44.199700 W,2.3,70.1,A,DoorSpread,DoorMaster,5.690000,D,S,98095.000000
Sun Aug 24 06:23:51 2025,24-Aug-2025,092351,48 27.239100 N,063 44.198900 W,2.3,70.2,A,Primary,Headline,55.000000,D,P,78872.000000
Sun Aug 24 06:23:51 2025,24-Aug-2025,092352,48 27.239200 N,063 44.198200 W,2.2,70.5,A,Primary,Headline,55.000000,D,P,78872.000000
Sun Aug 24 06:23:53 2025,24-Aug-2025,092353,48 27.239200 N,063 44.197500 W,2.1,70.9,A,DoorSpread,DoorMaster,5.610000,D,S,43763.000000
Sun Aug 24 06:23:54 2025,24-Aug-2025,092354,48 27.239300 N,063 44.196900 W,2.0,71.0,A,Depth,Depth,160.000000,D,S,41897.000000
Sun Aug 24 06:23:54 2025,24-Aug-2025,092355,48 27.239500 N,063 44.196400 W,2.0,71.0,A,Depth,Depth,160.000000,D,S,41897.000000
Sun Aug 24 06:23:54 2025,24-Aug-2025,092356,48 27.239700 N,063 44.195700 W,1.9,71.0,A,Depth,Depth,160.000000,D,S,41897.000000
Sun Aug 24 06:23:57 2025,24-Aug-2025,092357,48 27.239900 N,063 44.195000 W,1.9,71.0,A,Primary,Headline,40.428571,D,P,73917.000000
Sun Aug 24 06:23:58 2025,24-Aug-2025,092358,48 27.240000 N,063 44.194300 W,1.9,71.4,A,DoorSpread,DoorMaster,5.910000,D,P,10155.000000
Sun Aug 24 06:23:58 2025,24-Aug-2025,092359,48 27.239900 N,063 44.193500 W,1.9,72.3,A,DoorSpread,DoorMaster,5.910000,D,P,10155.000000
Sun Aug 24 06:23:58 2025,24-Aug-2025,092400,48 27.239900 N,063 44.192800 W,1.9,72.9,A,DoorSpread,DoorMaster,5.910000,D,P,10155.000000
Sun Aug 24 06:24:02 2025,24-Aug-2025,092401,48 27.240000 N,063 44.192200 W,2.0,72.4,A,Depth,Depth,159.722222,D,P,41643.000000
Sun Aug 24 06:24:02 2025,24-Aug-2025,092402,48 27.240200 N,063 44.191600 W,2.0,70.4,A,Primary,Headline,22.183673,D,S,24794.000000
Sun Aug 24 06:24:02 2025,24-Aug-2025,092403,48 27.240500 N,063 44.191100 W,2.0,68.2,A,Primary,Headline,22.183673,D,S,24794.000000
Sun Aug 24 06:24:04 2025,24-Aug-2025,092404,48 27.240700 N,063 44.190400 W,2.1,66.7,A,DoorSpread,DoorMaster,5.980000,D,P,7739.000000
Sun Aug 24 06:24:04 2025,24-Aug-2025,092405,48 27.240800 N,063 44.189500 W,2.1,67.2,A,DoorSpread,DoorMaster,5.980000,D,P,7739.000000
Sun Aug 24 06:24:04 2025,24-Aug-2025,092406,48 27.240700 N,063 44.188600 W,2.1,68.7,A,DoorSpread,DoorMaster,5.980000,D,P,7739.000000
Sun Aug 24 06:24:07 2025,24-Aug-2025,092407,48 27.240700 N,063 44.187900 W,2.1,69.5,A,Primary,Headline,6.285714,D,P,84745.000000
Sun Aug 24 06:24:07 2025,24-Aug-2025,092408,48 27.241000 N,063 44.187300 W,2.0,70.0,A,Primary,Headline,6.285714,D,P,84745.000000
Sun Aug 24 06:24:09 2025,24-Aug-2025,092409,48 27.241300 N,063 44.186700 W,2.0,69.8,A,Depth,Depth,159.259259,D,S,51050.000000
Sun Aug 24 06:24:10 2025,24-Aug-2025,092410,48 27.241500 N,063 44.185900 W,2.1,69.1,A,DoorSpread,DoorMaster,5.700000,D,P,62405.000000
Sun Aug 24 06:24:10 2025,24-Aug-2025,092411,48 27.241800 N,063 44.185100 W,2.1,68.7,A,DoorSpread,DoorMaster,5.700000,D,P,62405.000000
Sun Aug 24 06:24:10 2025,24-Aug-2025,092412,48 27.241900 N,063 44.184200 W,2.1,69.7,A,DoorSpread,DoorMaster,5.700000,D,P,62405.000000
Sun Aug 24 06:24:13 2025,24-Aug-2025,092413,48 27.241800 N,063 44.183200 W,2.1,71.7,A,Primary,Headline,52.755102,D,P,52554.000000
Sun Aug 24 06:24:13 2025,24-Aug-2025,092414,48 27.241800 N,063 44.182200 W,2.2,73.1,A,Primary,Headline,52.755102,D,P,52554.000000
Sun Aug 24 06:24:15 2025,24-Aug-2025,092415,48 27.242100 N,063 44.181300 W,2.2,73.2,A,DoorSpread,DoorMaster,5.240000,D,P,37928.000000
Sun Aug 24 06:24:15 2025,24-Aug-2025,092416,48 27.242400 N,063 44.180500 W,2.2,72.7,A,DoorSpread,DoorMaster,5.240000,D,P,37928.000000
Sun Aug 24 06:24:17 2025,24-Aug-2025,092417,48 27.242700 N,063 44.179700 W,2.3,72.0,A,Depth,Depth,160.277778,D,S,15342.000000
Sun Aug 24 06:24:17 2025,24-Aug-2025,092418,48 27.243000 N,063 44.178800 W,2.3,70.8,A,Depth,Depth,160.277778,D,S,15342.000000
Sun Aug 24 06:24:19 2025,24-Aug-2025,092419,48 27.243400 N,063 44.178000 W,2.3,69.5,A,Primary,Headline,48.816327,D,S,4096.000000
Sun Aug 24 06:24:19 2025,24-Aug-2025,092420,48 27.243600 N,063 44.177400 W,2.2,69.0,A,Primary,Headline,48.816327,D,S,4096.000000
Sun Aug 24 06:24:21 2025,24-Aug-2025,092421,48 27.243700 N,063 44.176400 W,2.3,69.4,A,DoorSpread,DoorMaster,5.030000,D,P,14140.000000
Sun Aug 24 06:24:21 2025,24-Aug-2025,092422,48 27.243800 N,063 44.175300 W,2.4,69.1,A,DoorSpread,DoorMaster,5.030000,D,P,14140.000000
Sun Aug 24 06:24:21 2025,24-Aug-2025,092423,48 27.244300 N,063 44.174500 W,2.5,66.8,A,DoorSpread,DoorMaster,5.030000,D,P,14140.000000
Sun Aug 24 06:24:24 2025,24-Aug-2025,092424,48 27.244800 N,063 44.173800 W,2.6,64.3,A,Depth,Depth,163.796296,D,P,40406.000000
Sun Aug 24 06:24:24 2025,24-Aug-2025,092425,48 27.245200 N,063 44.172800 W,2.6,63.1,A,Depth,Depth,163.796296,D,P,40406.000000
Sun Aug 24 06:24:26 2025,24-Aug-2025,092426,48 27.245300 N,063 44.171700 W,2.6,62.9,A,DoorSpread,DoorMaster,4.980000,D,P,16424.000000
Sun Aug 24 06:24:26 2025,24-Aug-2025,092427,48 27.245300 N,063 44.170700 W,2.5,63.2,A,DoorSpread,DoorMaster,4.980000,D,P,16424.000000
Sun Aug 24 06:24:26 2025,24-Aug-2025,092428,48 27.245500 N,063 44.169900 W,2.5,63.3,A,DoorSpread,DoorMaster,4.980000,D,P,16424.000000
Sun Aug 24 06:24:26 2025,24-Aug-2025,092429,48 27.245800 N,063 44.169100 W,2.5,63.0,A,DoorSpread,DoorMaster,4.980000,D,P,16424.000000
Sun Aug 24 06:24:30 2025,24-Aug-2025,092430,48 27.246100 N,063 44.168300 W,2.5,62.7,A,Primary,Headline,42.061224,D,S,32605.000000
Sun Aug 24 06:24:30 2025,24-Aug-2025,092431,48 27.246300 N,063 44.167600 W,2.4,62.9,A,Primary,Headline,42.061224,D,S,32605.000000
Sun Aug 24 06:24:32 2025,24-Aug-2025,092432,48 27.246400 N,063 44.166900 W,2.3,63.5,A,Depth,Depth,201.296296,D,S,10423.000000
Sun Aug 24 06:24:32 2025,24-Aug-2025,092433,48 27.246300 N,063 44.166200 W,2.2,64.7,A,Depth,Depth,201.296296,D,S,10423.000000
Sun Aug 24 06:24:32 2025,24-Aug-2025,092434,48 27.246400 N,063 44.165400 W,2.3,66.2,A,Depth,Depth,201.296296,D,S,10423.000000
Sun Aug 24 06:24:35 2025,24-Aug-2025,092435,48 27.246500 N,063 44.164500 W,2.3,67.6,A,Primary,Headline,44.163265,D,P,16701.000000
Sun Aug 24 06:24:35 2025,24-Aug-2025,092436,48 27.246700 N,063 44.163800 W,2.2,68.5,A,Primary,Headline,44.163265,D,P,16701.000000
Sun Aug 24 06:24:37 2025,24-Aug-2025,092437,48 27.246800 N,063 44.162900 W,2.2,69.1,A,DoorSpread,DoorMaster,5.090000,D,S,12742.000000
Sun Aug 24 06:24:37 2025,24-Aug-2025,092438,48 27.247100 N,063 44.162100 W,2.2,68.7,A,DoorSpread,DoorMaster,5.090000,D,S,12742.000000
Sun Aug 24 06:24:37 2025,24-Aug-2025,092439,48 27.247400 N,063 44.161300 W,2.2,68.2,A,DoorSpread,DoorMaster,5.090000,D,S,12742.000000
Sun Aug 24 06:24:40 2025,24-Aug-2025,092440,48 27.247500 N,063 44.160500 W,2.2,68.8,A,Depth,Depth,114.814815,D,S,22315.000000
Sun Aug 24 06:24:41 2025,24-Aug-2025,092441,48 27.247400 N,063 44.159500 W,2.2,70.5,A,Primary,Headline,53.816327,D,P,13170.000000
Sun Aug 24 06:24:41 2025,24-Aug-2025,092442,48 27.247400 N,063 44.158400 W,2.3,72.3,A,Primary,Headline,58.734694,D,S,3357.000000
Sun Aug 24 06:24:43 2025,24-Aug-2025,092443,48 27.247600 N,063 44.157400 W,2.3,72.3,A,DoorSpread,DoorMaster,5.175000,D,P,44459.000000
Sun Aug 24 06:24:43 2025,24-Aug-2025,092444,48 27.248100 N,063 44.156700 W,2.3,70.5,A,DoorSpread,DoorMaster,5.175000,D,P,44459.000000
Sun Aug 24 06:24:43 2025,24-Aug-2025,092445,48 27.248600 N,063 44.156000 W,2.4,68.7,A,DoorSpread,DoorMaster,5.175000,D,P,44459.000000
Sun Aug 24 06:24:43 2025,24-Aug-2025,092446,48 27.248800 N,063 44.155000 W,2.4,68.1,A,DoorSpread,DoorMaster,5.175000,D,P,44459.000000
Sun Aug 24 06:24:47 2025,24-Aug-2025,092447,48 27.248900 N,063 44.154200 W,2.3,68.1,A,Depth,Depth,159.166667,D,P,51630.000000
Sun Aug 24 06:24:48 2025,24-Aug-2025,092448,48 27.248800 N,063 44.153400 W,2.2,68.3,A,DoorSpread,DoorMaster,5.145000,D,S,29024.000000
Sun Aug 24 06:24:48 2025,24-Aug-2025,092449,48 27.248900 N,063 44.152600 W,2.2,68.4,A,DoorSpread,DoorMaster,5.145000,D,S,29024.000000
Sun Aug 24 06:24:48 2025,24-Aug-2025,092450,48 27.249200 N,063 44.151700 W,2.3,67.3,A,DoorSpread,DoorMaster,5.145000,D,S,29024.000000
Sun Aug 24 06:24:48 2025,24-Aug-2025,092451,48 27.249600 N,063 44.151000 W,2.3,66.3,A,DoorSpread,DoorMaster,5.145000,D,S,29024.000000
Sun Aug 24 06:24:52 2025,24-Aug-2025,092452,48 27.249700 N,063 44.150200 W,2.3,66.1,A,Primary,Headline,45.346939,D,S,36273.000000
Sun Aug 24 06:24:52 2025,24-Aug-2025,092453,48 27.249700 N,063 44.149200 W,2.3,67.4,A,Primary,Headline,45.346939,D,S,36273.000000
Sun Aug 24 06:24:54 2025,24-Aug-2025,092454,48 27.249700 N,063 44.148300 W,2.3,68.5,A,DoorSpread,DoorMaster,5.830000,D,S,22962.000000
Sun Aug 24 06:24:55 2025,24-Aug-2025,092455,48 27.249700 N,063 44.147700 W,2.2,69.3,A,Depth,Depth,160.555556,D,P,29673.000000
Sun Aug 24 06:24:55 2025,24-Aug-2025,092456,48 27.250000 N,063 44.146900 W,2.2,69.4,A,Depth,Depth,160.555556,D,P,29673.000000
Sun Aug 24 06:24:55 2025,24-Aug-2025,092457,48 27.250200 N,063 44.145900 W,2.3,69.8,A,Depth,Depth,160.555556,D,P,29673.000000
Sun Aug 24 06:24:58 2025,24-Aug-2025,092458,48 27.250200 N,063 44.145000 W,2.2,70.9,A,Primary,Headline,9.632653,D,P,30640.000000
Sun Aug 24 06:24:59 2025,24-Aug-2025,092459,48 27.250100 N,063 44.144200 W,2.2,72.2,A,DoorSpread,DoorMaster,5.595000,D,P,36829.000000
Sun Aug 24 06:24:59 2025,24-Aug-2025,092500,48 27.250100 N,063 44.143600 W,2.2,73.0,A,DoorSpread,DoorMaster,5.595000,D,P,36829.000000
Sun Aug 24 06:24:59 2025,24-Aug-2025,092501,48 27.250300 N,063 44.142900 W,2.1,73.5,A,DoorSpread,DoorMaster,5.595000,D,P,36829.000000
Sun Aug 24 06:25:02 2025,24-Aug-2025,092502,48 27.250400 N,063 44.142200 W,2.1,74.0,A,Depth,Depth,160.185185,D,S,18822.000000
Sun Aug 24 06:25:03 2025,24-Aug-2025,092503,48 27.250400 N,063 44.141600 W,2.1,74.6,A,Primary,Headline,36.510204,D,P,16748.000000
Sun Aug 24 06:25:03 2025,24-Aug-2025,092504,48 27.250700 N,063 44.140800 W,2.1,73.9,A,Primary,Headline,36.510204,D,P,16748.000000
Sun Aug 24 06:25:05 2025,24-Aug-2025,092505,48 27.251000 N,063 44.140100 W,2.2,72.8,A,DoorSpread,DoorMaster,6.225000,D,P,51380.000000
Sun Aug 24 06:25:05 2025,24-Aug-2025,092506,48 27.251100 N,063 44.139400 W,2.2,72.8,A,DoorSpread,DoorMaster,6.225000,D,P,51380.000000
Sun Aug 24 06:25:05 2025,24-Aug-2025,092507,48 27.251000 N,063 44.138400 W,2.2,74.3,A,DoorSpread,DoorMaster,6.225000,D,P,51380.000000
Sun Aug 24 06:25:05 2025,24-Aug-2025,092508,48 27.251000 N,063 44.137400 W,2.3,75.5,A,DoorSpread,DoorMaster,6.225000,D,P,51380.000000
Sun Aug 24 06:25:09 2025,24-Aug-2025,092509,48 27.251200 N,063 44.136700 W,2.3,74.7,A,Primary,Headline,32.836735,D,P,3935.000000
Sun Aug 24 06:25:10 2025,24-Aug-2025,092510,48 27.251700 N,063 44.136100 W,2.3,72.1,A,DoorSpread,DoorMaster,5.540000,D,P,35861.000000
Sun Aug 24 06:25:10 2025,24-Aug-2025,092511,48 27.252100 N,063 44.135300 W,2.4,69.5,A,DoorSpread,DoorMaster,5.180000,D,S,11094.000000
Sun Aug 24 06:25:10 2025,24-Aug-2025,092512,48 27.252200 N,063 44.134300 W,2.5,69.3,A,DoorSpread,DoorMaster,5.180000,D,S,11094.000000
Sun Aug 24 06:25:10 2025,24-Aug-2025,092513,48 27.252200 N,063 44.133300 W,2.4,69.6,A,DoorSpread,DoorMaster,5.180000,D,S,11094.000000
Sun Aug 24 06:25:14 2025,24-Aug-2025,092514,48 27.252200 N,063 44.132400 W,2.4,70.8,A,Primary,Headline,41.122449,D,P,14938.000000
Sun Aug 24 06:25:14 2025,24-Aug-2025,092515,48 27.252100 N,063 44.131600 W,2.4,71.8,A,Primary,Headline,41.122449,D,P,14938.000000
Sun Aug 24 06:25:16 2025,24-Aug-2025,092516,48 27.252500 N,063 44.130800 W,2.4,70.7,A,DoorSpread,DoorMaster,5.425000,D,P,17805.000000
Sun Aug 24 06:25:17 2025,24-Aug-2025,092517,48 27.253000 N,063 44.130100 W,2.5,69.0,A,Depth,Depth,159.722222,D,S,24296.000000
Sun Aug 24 06:25:17 2025,24-Aug-2025,092518,48 27.253300 N,063 44.129200 W,2.4,68.4,A,Depth,Depth,159.722222,D,S,24296.000000
Sun Aug 24 06:25:17 2025,24-Aug-2025,092519,48 27.253300 N,063 44.128200 W,2.5,69.4,A,Depth,Depth,159.722222,D,S,24296.000000
Sun Aug 24 06:25:20 2025,24-Aug-2025,092520,48 27.253200 N,063 44.127300 W,2.4,70.3,A,Primary,Headline,28.959184,D,P,30010.000000
Sun Aug 24 06:25:20 2025,24-Aug-2025,092521,48 27.253200 N,063 44.126600 W,2.2,71.0,A,Primary,Headline,28.959184,D,P,30010.000000
Sun Aug 24 06:25:21 2025,24-Aug-2025,092522,48 27.253300 N,063 44.126200 W,2.1,71.4,A,DoorSpread,DoorMaster,5.240000,D,S,45344.000000
Sun Aug 24 06:25:21 2025,24-Aug-2025,092523,48 27.253600 N,063 44.125600 W,2.1,71.4,A,DoorSpread,DoorMaster,5.240000,D,S,45344.000000
Sun Aug 24 06:25:21 2025,24-Aug-2025,092524,48 27.253800 N,063 44.124600 W,2.2,71.3,A,DoorSpread,DoorMaster,5.240000,D,S,45344.000000
Sun Aug 24 06:25:25 2025,24-Aug-2025,092525,48 27.254000 N,063 44.123600 W,2.1,71.4,A,Primary,Headline,11.959184,D,S,24097.000000
Sun Aug 24 06:25:25 2025,24-Aug-2025,092526,48 27.254000 N,063 44.122800 W,2.1,71.5,A,Primary,Headline,11.959184,D,S,24097.000000
Sun Aug 24 06:25:27 2025,24-Aug-2025,092527,48 27.254100 N,063 44.122100 W,2.1,72.0,A,DoorSpread,DoorMaster,5.705000,D,S,31761.000000
Sun Aug 24 06:25:27 2025,24-Aug-2025,092528,48 27.254000 N,063 44.121400 W,2.1,73.2,A,DoorSpread,DoorMaster,5.705000,D,S,31761.000000
Sun Aug 24 06:25:27 2025,24-Aug-2025,092529,48 27.254000 N,063 44.120700 W,2.1,74.3,A,DoorSpread,DoorMaster,5.705000,D,S,31761.000000
Sun Aug 24 06:25:30 2025,24-Aug-2025,092530,48 27.254000 N,063 44.119900 W,2.1,74.8,A,Primary,Headline,4.489796,D,P,46789.000000
Sun Aug 24 06:25:30 2025,24-Aug-2025,092531,48 27.254300 N,063 44.119300 W,2.1,73.3,A,Primary,Headline,4.489796,D,P,46789.000000
Sun Aug 24 06:25:30 2025,24-Aug-2025,092532,48 27.254700 N,063 44.118600 W,2.1,71.7,A,Primary,Headline,4.489796,D,P,46789.000000
Sun Aug 24 06:25:33 2025,24-Aug-2025,092533,48 27.254700 N,063 44.117800 W,2.1,71.1,A,DoorSpread,DoorMaster,5.845000,D,S,22292.000000
Sun Aug 24 06:25:33 2025,24-Aug-2025,092534,48 27.254600 N,063 44.117000 W,2.1,71.5,A,DoorSpread,DoorMaster,5.845000,D,S,22292.000000
Sun Aug 24 06:25:33 2025,24-Aug-2025,092535,48 27.254500 N,063 44.116100 W,2.1,72.1,A,DoorSpread,DoorMaster,5.845000,D,S,22292.000000
Sun Aug 24 06:25:36 2025,24-Aug-2025,092536,48 27.254600 N,063 44.115300 W,2.1,72.0,A,Primary,Headline,36.326531,D,P,34340.000000
Sun Aug 24 06:25:36 2025,24-Aug-2025,092537,48 27.254800 N,063 44.114500 W,2.2,71.2,A,Primary,Headline,36.326531,D,P,34340.000000
Sun Aug 24 06:25:38 2025,24-Aug-2025,092538,48 27.255100 N,063 44.113600 W,2.2,70.4,A,DoorSpread,DoorMaster,5.775000,D,P,33558.000000
Sun Aug 24 06:25:38 2025,24-Aug-2025,092539,48 27.255200 N,063 44.112600 W,2.3,70.8,A,DoorSpread,DoorMaster,5.775000,D,P,33558.000000
Sun Aug 24 06:25:40 2025,24-Aug-2025,092540,48 27.255100 N,063 44.111500 W,2.4,72.6,A,Depth,Depth,160.648148,D,S,27558.000000
Sun Aug 24 06:25:41 2025,24-Aug-2025,092541,48 27.255100 N,063 44.110300 W,2.4,73.9,A,Primary,Headline,16.000000,D,P,32871.000000
Sun Aug 24 06:25:41 2025,24-Aug-2025,092542,48 27.255300 N,063 44.109600 W,2.4,74.3,A,Primary,Headline,16.000000,D,P,32871.000000
Sun Aug 24 06:25:41 2025,24-Aug-2025,092543,48 27.255700 N,063 44.108800 W,2.4,72.9,A,Primary,Headline,16.000000,D,P,32871.000000
Sun Aug 24 06:25:44 2025,24-Aug-2025,092544,48 27.256100 N,063 44.107900 W,2.5,72.2,A,DoorSpread,DoorMaster,5.475000,D,P,38697.000000
Sun Aug 24 06:25:44 2025,24-Aug-2025,092545,48 27.256300 N,063 44.106900 W,2.4,72.3,A,DoorSpread,DoorMaster,5.475000,D,P,38697.000000
Sun Aug 24 06:25:44 2025,24-Aug-2025,092546,48 27.256300 N,063 44.106200 W,2.4,72.8,A,DoorSpread,DoorMaster,5.475000,D,P,38697.000000
Sun Aug 24 06:25:47 2025,24-Aug-2025,092547,48 27.256500 N,063 44.105400 W,2.3,73.2,A,Primary,Headline,54.938776,D,P,58250.000000
Sun Aug 24 06:25:48 2025,24-Aug-2025,092548,48 27.256600 N,063 44.104500 W,2.4,73.8,A,Depth,Depth,160.833333,D,S,26240.000000
Sun Aug 24 06:25:49 2025,24-Aug-2025,092549,48 27.256900 N,063 44.103600 W,2.4,73.7,A,DoorSpread,DoorMaster,5.540000,D,P,48929.000000
Sun Aug 24 06:25:49 2025,24-Aug-2025,092550,48 27.257100 N,063 44.102900 W,2.3,73.2,A,DoorSpread,DoorMaster,5.540000,D,P,48929.000000
Sun Aug 24 06:25:49 2025,24-Aug-2025,092551,48 27.257300 N,063 44.102200 W,2.3,72.6,A,DoorSpread,DoorMaster,5.540000,D,P,48929.000000
Sun Aug 24 06:25:49 2025,24-Aug-2025,092552,48 27.257500 N,063 44.101300 W,2.3,72.3,A,DoorSpread,DoorMaster,5.540000,D,P,48929.000000
Sun Aug 24 06:25:53 2025,24-Aug-2025,092553,48 27.257500 N,063 44.100400 W,2.2,72.4,A,Primary,Headline,54.510204,D,P,79485.000000
Sun Aug 24 06:25:53 2025,24-Aug-2025,092554,48 27.257600 N,063 44.099500 W,2.2,73.0,A,Primary,Headline,54.510204,D,P,79485.000000
Sun Aug 24 06:25:55 2025,24-Aug-2025,092555,48 27.257500 N,063 44.098600 W,2.2,73.8,A,Depth,Depth,160.925926,D,S,37297.000000
Sun Aug 24 06:25:55 2025,24-Aug-2025,092556,48 27.257700 N,063 44.097800 W,2.3,73.5,A,Depth,Depth,160.925926,D,S,37297.000000
Sun Aug 24 06:25:55 2025,24-Aug-2025,092557,48 27.258000 N,063 44.097000 W,2.2,73.1,A,Depth,Depth,160.925926,D,S,37297.000000
Sun Aug 24 06:25:58 2025,24-Aug-2025,092558,48 27.258100 N,063 44.096300 W,2.1,73.0,A,Primary,Headline,9.020408,D,S,52396.000000
Sun Aug 24 06:25:58 2025,24-Aug-2025,092559,48 27.258100 N,063 44.095500 W,2.1,73.3,A,Primary,Headline,9.020408,D,S,52396.000000
Sun Aug 24 06:26:00 2025,24-Aug-2025,092600,48 27.258200 N,063 44.094600 W,2.2,73.4,A,DoorSpread,DoorMaster,5.725000,D,P,25402.000000
Sun Aug 24 06:26:00 2025,24-Aug-2025,092601,48 27.258400 N,063 44.093800 W,2.2,73.2,A,DoorSpread,DoorMaster,5.725000,D,P,25402.000000
Sun Aug 24 06:26:00 2025,24-Aug-2025,092602,48 27.258500 N,063 44.092800 W,2.3,73.3,A,DoorSpread,DoorMaster,5.725000,D,P,25402.000000
Sun Aug 24 06:26:03 2025,24-Aug-2025,092603,48 27.258500 N,063 44.091900 W,2.3,74.0,A,Depth,Depth,161.111111,D,S,21781.000000
Sun Aug 24 06:26:04 2025,24-Aug-2025,092604,48 27.258500 N,063 44.090900 W,2.4,74.8,A,Primary,Headline,50.367347,D,P,40549.000000
Sun Aug 24 06:26:04 2025,24-Aug-2025,092605,48 27.258600 N,063 44.090000 W,2.3,74.9,A,Primary,Headline,50.367347,D,P,40549.000000
Sun Aug 24 06:26:06 2025,24-Aug-2025,092606,48 27.258700 N,063 44.089000 W,2.3,75.1,A,DoorSpread,DoorMaster,5.325000,D,P,42540.000000
Sun Aug 24 06:26:06 2025,24-Aug-2025,092607,48 27.258600 N,063 44.087800 W,2.4,75.3,A,DoorSpread,DoorMaster,5.325000,D,P,42540.000000
Sun Aug 24 06:26:06 2025,24-Aug-2025,092608,48 27.258700 N,063 44.086700 W,2.3,75.6,A,DoorSpread,DoorMaster,5.325000,D,P,42540.000000
Sun Aug 24 06:26:09 2025,24-Aug-2025,092609,48 27.258700 N,063 44.085900 W,2.2,75.6,A,Primary,Headline,19.755102,D,S,47962.000000
Sun Aug 24 06:26:10 2025,24-Aug-2025,092610,48 27.258700 N,063 44.085000 W,2.2,75.6,A,Depth,Depth,161.296296,D,P,57192.000000
Sun Aug 24 06:26:11 2025,24-Aug-2025,092611,48 27.258700 N,063 44.084200 W,2.2,75.9,A,DoorSpread,DoorMaster,5.090000,D,S,52575.000000
Sun Aug 24 06:26:11 2025,24-Aug-2025,092612,48 27.258700 N,063 44.083400 W,2.1,76.1,A,DoorSpread,DoorMaster,5.090000,D,P,35684.000000
Sun Aug 24 06:26:11 2025,24-Aug-2025,092613,48 27.258900 N,063 44.082700 W,2.1,75.9,A,DoorSpread,DoorMaster,5.090000,D,P,35684.000000
Sun Aug 24 06:26:11 2025,24-Aug-2025,092614,48 27.259100 N,063 44.081900 W,2.2,74.9,A,DoorSpread,DoorMaster,5.090000,D,P,35684.000000
Sun Aug 24 06:26:15 2025,24-Aug-2025,092615,48 27.259400 N,063 44.081200 W,2.1,74.3,A,Primary,Headline,50.571429,D,P,69782.000000
Sun Aug 24 06:26:15 2025,24-Aug-2025,092616,48 27.259400 N,063 44.080500 W,2.1,74.5,A,Primary,Headline,50.571429,D,P,69782.000000
Sun Aug 24 06:26:15 2025,24-Aug-2025,092617,48 27.259500 N,063 44.079800 W,2.2,74.8,A,Primary,Headline,50.571429,D,P,69782.000000
Sun Aug 24 06:26:18 2025,24-Aug-2025,092618,48 27.259600 N,063 44.078900 W,2.2,75.3,A,Depth,Depth,163.148148,D,S,37312.000000
Sun Aug 24 06:26:18 2025,24-Aug-2025,092619,48 27.259800 N,063 44.078000 W,2.3,75.5,A,Depth,Depth,163.148148,D,S,37312.000000
Sun Aug 24 06:26:20 2025,24-Aug-2025,092620,48 27.260000 N,063 44.077100 W,2.4,75.1,A,Primary,Headline,40.204082,D,S,98290.000000
Sun Aug 24 06:26:20 2025,24-Aug-2025,092621,48 27.260300 N,063 44.076300 W,2.5,74.0,A,Primary,Headline,40.204082,D,S,98290.000000
Sun Aug 24 06:26:22 2025,24-Aug-2025,092622,48 27.260700 N,063 44.075200 W,2.7,72.2,A,DoorSpread,DoorMaster,4.865000,D,S,52220.000000
Sun Aug 24 06:26:22 2025,24-Aug-2025,092623,48 27.261200 N,063 44.074000 W,2.8,71.3,A,DoorSpread,DoorMaster,4.865000,D,S,52220.000000
Sun Aug 24 06:26:22 2025,24-Aug-2025,092624,48 27.261200 N,063 44.072600 W,2.9,71.8,A,DoorSpread,DoorMaster,4.865000,D,S,52220.000000
Sun Aug 24 06:26:22 2025,24-Aug-2025,092625,48 27.261300 N,063 44.071400 W,3.0,72.6,A,DoorSpread,DoorMaster,4.865000,D,S,52220.000000
Sun Aug 24 06:26:25 2025,24-Aug-2025,092626,48 27.261500 N,063 44.070200 W,3.0,72.9,A,Primary,Headline,4.510204,D,S,77918.000000
Sun Aug 24 06:26:27 2025,24-Aug-2025,092627,48 27.261900 N,063 44.069000 W,3.2,71.1,A,DoorSpread,DoorMaster,4.595000,D,S,135869.000000
Sun Aug 24 06:26:27 2025,24-Aug-2025,092628,48 27.262400 N,063 44.067700 W,3.3,69.5,A,DoorSpread,DoorMaster,4.595000,D,S,135869.000000
Sun Aug 24 06:26:27 2025,24-Aug-2025,092629,48 27.262800 N,063 44.066200 W,3.5,69.6,A,DoorSpread,DoorMaster,4.595000,D,S,135869.000000
Sun Aug 24 06:26:27 2025,24-Aug-2025,092630,48 27.263100 N,063 44.064600 W,3.6,70.2,A,DoorSpread,DoorMaster,4.595000,D,S,135869.000000
Sun Aug 24 06:26:31 2025,24-Aug-2025,092631,48 27.263400 N,063 44.063000 W,3.7,70.2,A,Primary,Headline,24.775510,D,S,72374.000000
Sun Aug 24 06:26:31 2025,24-Aug-2025,092632,48 27.263800 N,063 44.061400 W,3.7,69.9,A,Primary,Headline,24.775510,D,S,72374.000000
Sun Aug 24 06:26:33 2025,24-Aug-2025,092633,48 27.264200 N,063 44.059700 W,3.8,69.2,A,DoorSpread,DoorMaster,5.240000,D,S,112209.000000
Sun Aug 24 06:26:33 2025,24-Aug-2025,092634,48 27.264700 N,063 44.057800 W,4.0,68.8,A,DoorSpread,DoorMaster,5.240000,D,S,112209.000000
Sun Aug 24 06:26:33 2025,24-Aug-2025,092635,48 27.265100 N,063 44.055900 W,4.1,68.7,A,DoorSpread,DoorMaster,5.240000,D,S,112209.000000
Sun Aug 24 06:26:33 2025,24-Aug-2025,092636,48 27.265500 N,063 44.054200 W,4.1,68.5,A,DoorSpread,DoorMaster,5.240000,D,S,112209.000000
Sun Aug 24 06:26:37 2025,24-Aug-2025,092637,48 27.265900 N,063 44.052600 W,4.2,68.1,A,Primary,Headline,44.714286,D,S,30440.000000
Sun Aug 24 06:26:37 2025,24-Aug-2025,092638,48 27.266300 N,063 44.051000 W,4.2,67.9,A,Primary,Headline,44.714286,D,S,30440.000000
Sun Aug 24 06:26:38 2025,24-Aug-2025,092639,48 27.266800 N,063 44.049400 W,4.1,68.0,A,DoorSpread,DoorMaster,6.025000,D,S,165347.000000
Sun Aug 24 06:26:38 2025,24-Aug-2025,092640,48 27.267100 N,063 44.047800 W,4.1,68.6,A,DoorSpread,DoorMaster,6.025000,D,S,165347.000000
Sun Aug 24 06:26:38 2025,24-Aug-2025,092641,48 27.267300 N,063 44.046000 W,4.2,69.2,A,DoorSpread,DoorMaster,6.025000,D,S,165347.000000
Sun Aug 24 06:26:38 2025,24-Aug-2025,092642,48 27.267600 N,063 44.044100 W,4.2,68.9,A,DoorSpread,DoorMaster,6.025000,D,S,165347.000000
Sun Aug 24 06:26:38 2025,24-Aug-2025,092643,48 27.268200 N,063 44.042500 W,4.3,67.8,A,DoorSpread,DoorMaster,6.025000,D,S,165347.000000
Sun Aug 24 06:26:44 2025,24-Aug-2025,092644,48 27.268700 N,063 44.040900 W,4.3,66.8,A,DoorSpread,DoorMaster,6.770000,D,S,141822.000000
Sun Aug 24 06:26:44 2025,24-Aug-2025,092645,48 27.269100 N,063 44.039400 W,4.3,66.7,A,DoorSpread,DoorMaster,6.770000,D,S,141822.000000
Sun Aug 24 06:26:44 2025,24-Aug-2025,092646,48 27.269500 N,063 44.037900 W,4.3,67.1,A,DoorSpread,DoorMaster,6.770000,D,S,141822.000000
Sun Aug 24 06:26:44 2025,24-Aug-2025,092647,48 27.269700 N,063 44.036400 W,4.3,67.7,A,DoorSpread,DoorMaster,6.770000,D,S,141822.000000
Sun Aug 24 06:26:44 2025,24-Aug-2025,092648,48 27.270100 N,063 44.035000 W,4.2,68.0,A,DoorSpread,DoorMaster,6.770000,D,S,141822.000000
Sun Aug 24 06:26:44 2025,24-Aug-2025,092649,48 27.270500 N,063 44.033600 W,4.3,67.7,A,DoorSpread,DoorMaster,6.770000,D,S,141822.000000
Sun Aug 24 06:26:50 2025,24-Aug-2025,092650,48 27.271100 N,063 44.032200 W,4.3,66.6,A,DoorSpread,DoorMaster,7.180000,D,S,165586.000000
Sun Aug 24 06:26:50 2025,24-Aug-2025,092651,48 27.271700 N,063 44.030700 W,4.4,65.8,A,DoorSpread,DoorMaster,7.180000,D,S,165586.000000
Sun Aug 24 06:26:50 2025,24-Aug-2025,092652,48 27.272200 N,063 44.028900 W,4.4,65.8,A,DoorSpread,DoorMaster,7.180000,D,S,165586.000000
Sun Aug 24 06:26:52 2025,24-Aug-2025,092653,48 27.272500 N,063 44.027300 W,4.3,66.1,A,Primary,Headline,22.408163,D,S,67115.000000
Sun Aug 24 06:26:52 2025,24-Aug-2025,092654,48 27.272800 N,063 44.025800 W,4.2,66.6,A,Primary,Headline,22.408163,D,S,67115.000000
Sun Aug 24 06:26:55 2025,24-Aug-2025,092655,48 27.273100 N,063 44.024500 W,4.1,66.9,A,DoorSpread,DoorMaster,6.940000,D,S,103001.000000
Sun Aug 24 06:26:55 2025,24-Aug-2025,092656,48 27.273600 N,063 44.023200 W,4.0,67.0,A,DoorSpread,DoorMaster,6.940000,D,S,103001.000000
Sun Aug 24 06:26:55 2025,24-Aug-2025,092657,48 27.274000 N,063 44.022000 W,3.9,67.1,A,DoorSpread,DoorMaster,6.940000,D,S,103001.000000
Sun Aug 24 06:26:58 2025,24-Aug-2025,092658,48 27.274300 N,063 44.020600 W,3.9,67.5,A,Primary,Headline,51.918367,D,P,40404.000000
Sun Aug 24 06:26:58 2025,24-Aug-2025,092659,48 27.274600 N,063 44.019300 W,3.8,68.1,A,Primary,Headline,51.918367,D,P,40404.000000
Sun Aug 24 06:26:58 2025,24-Aug-2025,092700,48 27.274900 N,063 44.017900 W,3.8,68.6,A,Primary,Headline,51.918367,D,P,40404.000000
Sun Aug 24 06:27:01 2025,24-Aug-2025,092701,48 27.275200 N,063 44.016500 W,3.8,68.7,A,DoorSpread,DoorMaster,6.780000,D,S,170806.000000
Sun Aug 24 06:27:01 2025,24-Aug-2025,092702,48 27.275700 N,063 44.015100 W,3.7,68.5,A,DoorSpread,DoorMaster,6.780000,D,S,170806.000000
Sun Aug 24 06:27:01 2025,24-Aug-2025,092703,48 27.276000 N,063 44.013700 W,3.7,68.6,A,DoorSpread,DoorMaster,6.780000,D,S,170806.000000
Sun Aug 24 06:27:04 2025,24-Aug-2025,092704,48 27.276300 N,063 44.012300 W,3.6,68.9,A,Primary,Headline,34.775510,D,P,29879.000000
Sun Aug 24 06:27:04 2025,24-Aug-2025,092705,48 27.276500 N,063 44.011000 W,3.5,69.1,A,Primary,Headline,34.775510,D,P,29879.000000
Sun Aug 24 06:27:04 2025,24-Aug-2025,092706,48 27.276700 N,063 44.009700 W,3.5,69.2,A,Primary,Headline,34.775510,D,P,29879.000000
Sun Aug 24 06:27:07 2025,24-Aug-2025,092707,48 27.277200 N,063 44.008500 W,3.5,68.8,A,DoorSpread,DoorMaster,6.720000,D,S,156280.000000
Sun Aug 24 06:27:07 2025,24-Aug-2025,092708,48 27.277700 N,063 44.007300 W,3.6,68.1,A,DoorSpread,DoorMaster,6.720000,D,S,156280.000000
Sun Aug 24 06:27:07 2025,24-Aug-2025,092709,48 27.278000 N,063 44.006000 W,3.5,68.1,A,DoorSpread,DoorMaster,6.720000,D,S,156280.000000
Sun Aug 24 06:27:09 2025,24-Aug-2025,092710,48 27.278000 N,063 44.004700 W,3.4,69.0,A,Primary,Headline,38.387755,D,S,30897.000000
Sun Aug 24 06:27:11 2025,24-Aug-2025,092711,48 27.278000 N,063 44.003600 W,3.3,70.0,A,Depth,Depth,190.925926,D,S,8536.000000
Sun Aug 24 06:27:12 2025,24-Aug-2025,092712,48 27.278300 N,063 44.002500 W,3.3,70.5,A,DoorSpread,DoorMaster,6.545000,D,P,58048.000000
Sun Aug 24 06:27:12 2025,24-Aug-2025,092713,48 27.278700 N,063 44.001500 W,3.3,70.3,A,DoorSpread,DoorMaster,6.545000,D,P,58048.000000
Sun Aug 24 06:27:12 2025,24-Aug-2025,092714,48 27.279000 N,063 44.000400 W,3.3,70.1,A,DoorSpread,DoorMaster,6.545000,D,P,58048.000000
Sun Aug 24 06:27:15 2025,24-Aug-2025,092715,48 27.279300 N,063 43.999400 W,3.1,70.1,A,Primary,Headline,32.775510,D,S,38970.000000
Sun Aug 24 06:27:15 2025,24-Aug-2025,092716,48 27.279500 N,063 43.998500 W,3.0,70.1,A,Primary,Headline,32.775510,D,S,38970.000000
Sun Aug 24 06:27:15 2025,24-Aug-2025,092717,48 27.279600 N,063 43.997600 W,2.9,70.3,A,Primary,Headline,32.775510,D,S,38970.000000
Sun Aug 24 06:27:18 2025,24-Aug-2025,092718,48 27.279600 N,063 43.996600 W,2.9,70.8,A,DoorSpread,DoorMaster,6.535000,D,P,20726.000000
Sun Aug 24 06:27:18 2025,24-Aug-2025,092719,48 27.279700 N,063 43.995500 W,2.9,71.3,A,Depth,Depth,111.296296,D,S,14757.000000
Sun Aug 24 06:27:20 2025,24-Aug-2025,092720,48 27.280100 N,063 43.994400 W,3.0,70.2,A,Primary,Headline,11.714286,D,P,57684.000000
Sun Aug 24 06:27:20 2025,24-Aug-2025,092721,48 27.280700 N,063 43.993500 W,3.1,67.7,A,Primary,Headline,11.714286,D,P,57684.000000
Sun Aug 24 06:27:20 2025,24-Aug-2025,092722,48 27.281300 N,063 43.992500 W,3.1,65.9,A,Primary,Headline,11.714286,D,P,57684.000000
Sun Aug 24 06:27:23 2025,24-Aug-2025,092723,48 27.281400 N,063 43.991400 W,3.1,66.4,A,DoorSpread,DoorMaster,6.540000,D,S,12646.000000
Sun Aug 24 06:27:23 2025,24-Aug-2025,092724,48 27.281100 N,063 43.990200 W,3.1,68.0,A,DoorSpread,DoorMaster,6.540000,D,S,12646.000000
Sun Aug 24 06:27:23 2025,24-Aug-2025,092725,48 27.281100 N,063 43.989100 W,3.0,69.4,A,DoorSpread,DoorMaster,6.540000,D,S,12646.000000
Sun Aug 24 06:27:26 2025,24-Aug-2025,092726,48 27.281300 N,063 43.988100 W,3.0,69.6,A,Depth,Depth,146.944444,D,S,47829.000000
Sun Aug 24 06:27:26 2025,24-Aug-2025,092727,48 27.281800 N,063 43.987200 W,3.1,68.5,A,Depth,Depth,146.944444,D,S,47829.000000
Sun Aug 24 06:27:26 2025,24-Aug-2025,092728,48 27.282300 N,063 43.986300 W,3.0,67.7,A,Depth,Depth,146.944444,D,S,47829.000000
Sun Aug 24 06:27:29 2025,24-Aug-2025,092729,48 27.282500 N,063 43.985200 W,3.0,68.0,A,DoorSpread,DoorMaster,9.280000,D,S,98142.000000
Sun Aug 24 06:27:29 2025,24-Aug-2025,092730,48 27.282500 N,063 43.984000 W,3.0,69.1,A,DoorSpread,DoorMaster,9.280000,D,S,98142.000000
Sun Aug 24 06:27:31 2025,24-Aug-2025,092731,48 27.282400 N,063 43.982800 W,2.9,70.3,A,Primary,Headline,22.224490,D,S,64728.000000
Sun Aug 24 06:27:31 2025,24-Aug-2025,092732,48 27.282500 N,063 43.981800 W,2.9,70.9,A,Primary,Headline,22.224490,D,S,64728.000000
Sun Aug 24 06:27:31 2025,24-Aug-2025,092733,48 27.282800 N,063 43.980900 W,2.9,70.9,A,Primary,Headline,22.224490,D,S,64728.000000
Sun Aug 24 06:27:34 2025,24-Aug-2025,092734,48 27.283200 N,063 43.979800 W,2.9,70.4,A,Depth,Depth,147.129630,D,P,21892.000000
Sun Aug 24 06:27:35 2025,24-Aug-2025,092735,48 27.283400 N,063 43.978700 W,2.9,70.7,A,DoorSpread,DoorMaster,6.705000,D,S,85344.000000
Sun Aug 24 06:27:36 2025,24-Aug-2025,092736,48 27.283400 N,063 43.977700 W,2.9,71.8,A,Primary,Headline,19.897959,D,P,17312.000000
Sun Aug 24 06:27:36 2025,24-Aug-2025,092737,48 27.283300 N,063 43.976600 W,2.8,73.2,A,Primary,Headline,19.897959,D,P,17312.000000
Sun Aug 24 06:27:36 2025,24-Aug-2025,092738,48 27.283300 N,063 43.975600 W,2.8,74.5,A,Primary,Headline,19.897959,D,P,17312.000000
Sun Aug 24 06:27:36 2025,24-Aug-2025,092739,48 27.283500 N,063 43.974700 W,2.7,74.9,A,Primary,Headline,19.897959,D,P,17312.000000
Sun Aug 24 06:27:36 2025,24-Aug-2025,092740,48 27.283800 N,063 43.973800 W,2.7,74.1,A,Primary,Headline,19.897959,D,P,17312.000000
Sun Aug 24 06:27:41 2025,24-Aug-2025,092741,48 27.284100 N,063 43.973000 W,2.7,73.5,A,Depth,Depth,149.907407,D,P,17161.000000
Sun Aug 24 06:27:42 2025,24-Aug-2025,092742,48 27.284200 N,063 43.971900 W,2.8,73.7,A,Primary,Headline,45.795918,D,S,47119.000000
Sun Aug 24 06:27:42 2025,24-Aug-2025,092743,48 27.284200 N,063 43.970800 W,2.8,74.5,A,Primary,Headline,45.795918,D,S,47119.000000
Sun Aug 24 06:27:42 2025,24-Aug-2025,092744,48 27.284200 N,063 43.969900 W,2.7,74.8,A,Primary,Headline,45.795918,D,S,47119.000000
Sun Aug 24 06:27:42 2025,24-Aug-2025,092745,48 27.284300 N,063 43.969200 W,2.6,74.9,A,Primary,Headline,45.795918,D,S,47119.000000
Sun Aug 24 06:27:46 2025,24-Aug-2025,092746,48 27.284500 N,063 43.968300 W,2.6,74.9,A,DoorSpread,DoorMaster,6.625000,D,S,37843.000000
Sun Aug 24 06:27:46 2025,24-Aug-2025,092747,48 27.284700 N,063 43.967300 W,2.6,74.8,A,DoorSpread,DoorMaster,6.625000,D,S,37843.000000
Sun Aug 24 06:27:48 2025,24-Aug-2025,092748,48 27.285000 N,063 43.966200 W,2.7,74.1,A,Primary,Headline,31.632653,D,P,38676.000000
Sun Aug 24 06:27:49 2025,24-Aug-2025,092749,48 27.285300 N,063 43.965200 W,2.7,73.3,A,Depth,Depth,147.870370,D,S,44248.000000
Sun Aug 24 06:27:49 2025,24-Aug-2025,092750,48 27.285500 N,063 43.964100 W,2.7,73.1,A,Depth,Depth,147.870370,D,S,44248.000000
Sun Aug 24 06:27:49 2025,24-Aug-2025,092751,48 27.285500 N,063 43.963000 W,2.7,73.6,A,Depth,Depth,147.870370,D,S,44248.000000
Sun Aug 24 06:27:52 2025,24-Aug-2025,092752,48 27.285600 N,063 43.961900 W,2.7,74.2,A,DoorSpread,DoorMaster,6.665000,D,S,28801.000000
Sun Aug 24 06:27:53 2025,24-Aug-2025,092753,48 27.285700 N,063 43.961000 W,2.7,74.3,A,Primary,Headline,24.469388,D,S,47352.000000
Sun Aug 24 06:27:53 2025,24-Aug-2025,092754,48 27.286000 N,063 43.960100 W,2.7,73.9,A,Primary,Headline,24.469388,D,S,47352.000000
Sun Aug 24 06:27:53 2025,24-Aug-2025,092755,48 27.286300 N,063 43.959200 W,2.7,73.0,A,Primary,Headline,24.469388,D,S,47352.000000
Sun Aug 24 06:27:56 2025,24-Aug-2025,092756,48 27.286600 N,063 43.958300 W,2.8,72.0,A,Depth,Depth,154.351852,D,P,17451.000000
Sun Aug 24 06:27:57 2025,24-Aug-2025,092757,48 27.286700 N,063 43.957300 W,2.7,72.1,A,DoorSpread,DoorMaster,6.535000,D,S,34241.000000
Sun Aug 24 06:27:57 2025,24-Aug-2025,092758,48 27.286500 N,063 43.956300 W,2.7,73.1,A,DoorSpread,DoorMaster,6.535000,D,S,34241.000000
Sun Aug 24 06:27:59 2025,24-Aug-2025,092759,48 27.286400 N,063 43.955400 W,2.7,73.9,A,Primary,Headline,38.469388,D,S,55722.000000
Sun Aug 24 06:27:59 2025,24-Aug-2025,092800,48 27.286500 N,063 43.954500 W,2.6,74.2,A,Primary,Headline,38.469388,D,S,55722.000000
Sun Aug 24 06:27:59 2025,24-Aug-2025,092801,48 27.286700 N,063 43.953500 W,2.6,74.0,A,Primary,Headline,38.469388,D,S,55722.000000
Sun Aug 24 06:27:59 2025,24-Aug-2025,092802,48 27.286900 N,063 43.952500 W,2.6,73.3,A,Primary,Headline,38.469388,D,S,55722.000000
Sun Aug 24 06:28:03 2025,24-Aug-2025,092803,48 27.287200 N,063 43.951600 W,2.6,72.3,A,DoorSpread,DoorMaster,6.555000,D,P,74782.000000
Sun Aug 24 06:28:04 2025,24-Aug-2025,092804,48 27.287400 N,063 43.950500 W,2.6,71.6,A,Primary,Headline,17.020408,D,P,37821.000000
Sun Aug 24 06:28:04 2025,24-Aug-2025,092805,48 27.287500 N,063 43.949500 W,2.6,71.9,A,Primary,Headline,17.020408,D,P,37821.000000
Sun Aug 24 06:28:04 2025,24-Aug-2025,092806,48 27.287300 N,063 43.948400 W,2.7,73.7,A,Primary,Headline,17.020408,D,P,37821.000000
Sun Aug 24 06:28:04 2025,24-Aug-2025,092807,48 27.287200 N,063 43.947100 W,2.8,75.4,A,Primary,Headline,17.020408,D,P,37821.000000
Sun Aug 24 06:28:04 2025,24-Aug-2025,092808,48 27.287400 N,063 43.945900 W,2.9,75.2,A,Primary,Headline,17.020408,D,P,37821.000000
Sun Aug 24 06:28:09 2025,24-Aug-2025,092809,48 27.287900 N,063 43.945100 W,2.9,73.5,A,Primary,Headline,27.653061,D,P,17386.000000
Sun Aug 24 06:28:09 2025,24-Aug-2025,092810,48 27.288400 N,063 43.944300 W,2.8,72.1,A,Primary,Headline,27.530612,D,S,20101.000000
Sun Aug 24 06:28:11 2025,24-Aug-2025,092811,48 27.288500 N,063 43.943400 W,2.8,71.9,A,Depth,Depth,146.574074,D,S,31340.000000
Sun Aug 24 06:28:11 2025,24-Aug-2025,092812,48 27.288100 N,063 43.942300 W,2.9,74.2,A,Depth,Depth,146.574074,D,S,31340.000000
Sun Aug 24 06:28:11 2025,24-Aug-2025,092813,48 27.287700 N,063 43.941100 W,2.9,77.1,A,Depth,Depth,146.574074,D,S,31340.000000
Sun Aug 24 06:28:14 2025,24-Aug-2025,092814,48 27.287600 N,063 43.940000 W,2.9,78.8,A,DoorSpread,DoorMaster,6.665000,D,S,118369.000000
Sun Aug 24 06:28:15 2025,24-Aug-2025,092815,48 27.287800 N,063 43.939000 W,2.8,78.7,A,Primary,Headline,41.959184,D,P,45145.000000
Sun Aug 24 06:28:15 2025,24-Aug-2025,092816,48 27.288200 N,063 43.938200 W,2.8,77.5,A,Primary,Headline,41.959184,D,P,45145.000000
Sun Aug 24 06:28:15 2025,24-Aug-2025,092817,48 27.288300 N,063 43.937100 W,2.8,77.0,A,Primary,Headline,41.959184,D,P,45145.000000
Sun Aug 24 06:28:15 2025,24-Aug-2025,092818,48 27.288300 N,063 43.936000 W,2.7,77.0,A,Primary,Headline,41.959184,D,P,45145.000000
Sun Aug 24 06:28:19 2025,24-Aug-2025,092819,48 27.288300 N,063 43.935000 W,2.7,77.3,A,Depth,Depth,144.722222,D,S,58612.000000
Sun Aug 24 06:28:20 2025,24-Aug-2025,092820,48 27.288500 N,063 43.934000 W,2.7,77.0,A,DoorSpread,DoorMaster,6.715000,D,S,153290.000000
Sun Aug 24 06:28:21 2025,24-Aug-2025,092821,48 27.288700 N,063 43.933100 W,2.7,76.9,A,Primary,Headline,42.020408,D,P,36088.000000
Sun Aug 24 06:28:21 2025,24-Aug-2025,092822,48 27.288700 N,063 43.932100 W,2.6,77.4,A,Primary,Headline,42.020408,D,P,36088.000000
Sun Aug 24 06:28:21 2025,24-Aug-2025,092823,48 27.288600 N,063 43.931100 W,2.6,78.2,A,Primary,Headline,42.020408,D,P,36088.000000
Sun Aug 24 06:28:21 2025,24-Aug-2025,092824,48 27.288700 N,063 43.930100 W,2.6,78.0,A,Primary,Headline,42.020408,D,P,36088.000000
Sun Aug 24 06:28:25 2025,24-Aug-2025,092825,48 27.289100 N,063 43.929300 W,2.6,76.8,A,DoorSpread,DoorMaster,6.795000,D,S,80499.000000
Sun Aug 24 06:28:26 2025,24-Aug-2025,092826,48 27.289400 N,063 43.928400 W,2.6,75.3,A,Depth,Depth,145.092593,D,S,36877.000000
Sun Aug 24 06:28:26 2025,24-Aug-2025,092827,48 27.289700 N,063 43.927300 W,2.7,74.7,A,Depth,Depth,145.092593,D,S,36877.000000
Sun Aug 24 06:28:26 2025,24-Aug-2025,092828,48 27.289500 N,063 43.925900 W,2.8,76.1,A,Depth,Depth,145.092593,D,S,36877.000000
Sun Aug 24 06:28:26 2025,24-Aug-2025,092829,48 27.289300 N,063 43.924600 W,2.9,77.9,A,Depth,Depth,145.092593,D,S,36877.000000
Sun Aug 24 06:28:26 2025,24-Aug-2025,092830,48 27.289400 N,063 43.923400 W,2.8,78.9,A,Depth,Depth,145.092593,D,S,36877.000000
Sun Aug 24 06:28:31 2025,24-Aug-2025,092831,48 27.289600 N,063 43.922400 W,2.8,78.7,A,DoorSpread,DoorMaster,6.855000,D,S,126199.000000
Sun Aug 24 06:28:31 2025,24-Aug-2025,092832,48 27.290100 N,063 43.921500 W,2.8,77.6,A,Primary,Headline,17.734694,D,S,74775.000000
Sun Aug 24 06:28:31 2025,24-Aug-2025,092833,48 27.290400 N,063 43.920300 W,2.8,76.5,A,Primary,Headline,17.734694,D,S,74775.000000
Sun Aug 24 06:28:34 2025,24-Aug-2025,092834,48 27.290500 N,063 43.919000 W,2.9,76.8,A,Depth,Depth,144.166667,D,S,34667.000000
Sun Aug 24 06:28:34 2025,24-Aug-2025,092835,48 27.290300 N,063 43.917700 W,2.9,77.9,A,Depth,Depth,144.166667,D,S,34667.000000
Sun Aug 24 06:28:34 2025,24-Aug-2025,092836,48 27.290300 N,063 43.916500 W,2.8,78.3,A,Depth,Depth,144.166667,D,S,34667.000000
Sun Aug 24 06:28:37 2025,24-Aug-2025,092837,48 27.290500 N,063 43.915600 W,2.8,77.9,A,Primary,Headline,19.224490,D,S,45732.000000
Sun Aug 24 06:28:37 2025,24-Aug-2025,092838,48 27.290800 N,063 43.914600 W,2.8,77.3,A,Primary,Headline,19.224490,D,S,45732.000000
Sun Aug 24 06:28:37 2025,24-Aug-2025,092839,48 27.291000 N,063 43.913300 W,2.9,77.0,A,Primary,Headline,19.224490,D,S,45732.000000
Sun Aug 24 06:28:37 2025,24-Aug-2025,092840,48 27.291100 N,063 43.912200 W,2.9,77.1,A,Primary,Headline,19.224490,D,S,45732.000000
Sun Aug 24 06:28:37 2025,24-Aug-2025,092841,48 27.291000 N,063 43.911300 W,2.8,77.7,A,Primary,Headline,19.224490,D,S,45732.000000
Sun Aug 24 06:28:42 2025,24-Aug-2025,092842,48 27.291000 N,063 43.910400 W,2.7,78.1,A,DoorSpread,DoorMaster,6.725000,D,S,87065.000000
Sun Aug 24 06:28:43 2025,24-Aug-2025,092843,48 27.291200 N,063 43.909500 W,2.7,78.1,A,Primary,Headline,53.510204,D,S,79043.000000
Sun Aug 24 06:28:43 2025,24-Aug-2025,092844,48 27.291400 N,063 43.908600 W,2.7,77.7,A,Primary,Headline,53.510204,D,S,79043.000000
Sun Aug 24 06:28:43 2025,24-Aug-2025,092845,48 27.291500 N,063 43.907600 W,2.7,77.8,A,Primary,Headline,53.510204,D,S,79043.000000
Sun Aug 24 06:28:43 2025,24-Aug-2025,092846,48 27.291500 N,063 43.906500 W,2.7,78.5,A,Primary,Headline,53.510204,D,S,79043.000000
Sun Aug 24 06:28:43 2025,24-Aug-2025,092847,48 27.291500 N,063 43.905400 W,2.8,79.1,A,Primary,Headline,53.510204,D,S,79043.000000
Sun Aug 24 06:28:48 2025,24-Aug-2025,092848,48 27.291800 N,063 43.904300 W,2.8,78.3,A,Primary,Headline,35.265306,D,S,83100.000000
Sun Aug 24 06:28:49 2025,24-Aug-2025,092849,48 27.292300 N,063 43.903200 W,2.8,76.6,A,Depth,Depth,150.462963,D,P,24200.000000
Sun Aug 24 06:28:49 2025,24-Aug-2025,092850,48 27.292600 N,063 43.902200 W,2.9,75.7,A,Depth,Depth,150.462963,D,P,24200.000000
Sun Aug 24 06:28:49 2025,24-Aug-2025,092851,48 27.292600 N,063 43.900800 W,3.0,76.5,A,Depth,Depth,150.462963,D,P,24200.000000
Sun Aug 24 06:28:49 2025,24-Aug-2025,092852,48 27.292600 N,063 43.899200 W,3.1,77.4,A,Depth,Depth,150.462963,D,P,24200.000000
Sun Aug 24 06:28:53 2025,24-Aug-2025,092853,48 27.292800 N,063 43.898000 W,3.1,77.6,A,DoorSpread,DoorMaster,6.550000,D,P,81475.000000
Sun Aug 24 06:28:54 2025,24-Aug-2025,092854,48 27.293100 N,063 43.897100 W,3.0,76.9,A,Primary,Headline,53.469388,D,P,61655.000000
Sun Aug 24 06:28:54 2025,24-Aug-2025,092855,48 27.293500 N,063 43.896200 W,2.9,75.9,A,Primary,Headline,53.469388,D,P,61655.000000
Sun Aug 24 06:28:54 2025,24-Aug-2025,092856,48 27.293800 N,063 43.895200 W,3.0,75.2,A,Primary,Headline,53.469388,D,P,61655.000000
Sun Aug 24 06:28:56 2025,24-Aug-2025,092857,48 27.293900 N,063 43.894100 W,2.9,75.0,A,Depth,Depth,133.425926,D,S,114376.000000
Sun Aug 24 06:28:56 2025,24-Aug-2025,092858,48 27.293900 N,063 43.893200 W,2.8,75.1,A,Depth,Depth,133.425926,D,S,114376.000000
Sun Aug 24 06:28:59 2025,24-Aug-2025,092859,48 27.294000 N,063 43.892200 W,2.8,75.2,A,Primary,Headline,9.591837,D,P,38175.000000
Sun Aug 24 06:28:59 2025,24-Aug-2025,092900,48 27.294200 N,063 43.891200 W,2.8,74.7,A,Primary,Headline,9.591837,D,P,38175.000000
Sun Aug 24 06:28:59 2025,24-Aug-2025,092901,48 27.294500 N,063 43.890400 W,2.8,74.0,A,Primary,Headline,9.591837,D,P,38175.000000
Sun Aug 24 06:28:59 2025,24-Aug-2025,092902,48 27.294600 N,063 43.889500 W,2.7,73.8,A,Primary,Headline,9.591837,D,P,38175.000000
Sun Aug 24 06:28:59 2025,24-Aug-2025,092903,48 27.294700 N,063 43.888400 W,2.7,74.0,A,Primary,Headline,9.591837,D,P,38175.000000
Sun Aug 24 06:29:04 2025,24-Aug-2025,092904,48 27.294800 N,063 43.887200 W,2.8,74.1,A,Depth,Depth,140.833333,D,S,72086.000000
Sun Aug 24 06:29:05 2025,24-Aug-2025,092905,48 27.295100 N,063 43.886100 W,2.8,73.7,A,DoorSpread,DoorMaster,10.235000,D,P,59286.000000
Sun Aug 24 06:29:05 2025,24-Aug-2025,092906,48 27.295300 N,063 43.885100 W,2.7,73.3,A,DoorSpread,DoorMaster,10.235000,D,P,59286.000000
Sun Aug 24 06:29:05 2025,24-Aug-2025,092907,48 27.295400 N,063 43.884000 W,2.8,73.8,A,DoorSpread,DoorMaster,10.235000,D,P,59286.000000
Sun Aug 24 06:29:05 2025,24-Aug-2025,092908,48 27.295500 N,063 43.882800 W,2.9,74.5,A,DoorSpread,DoorMaster,10.235000,D,P,59286.000000
Sun Aug 24 06:29:05 2025,24-Aug-2025,092909,48 27.295700 N,063 43.881600 W,2.9,74.4,A,DoorSpread,DoorMaster,10.235000,D,P,59286.000000
Sun Aug 24 06:29:10 2025,24-Aug-2025,092910,48 27.296100 N,063 43.880800 W,2.8,73.4,A,Primary,Headline,41.061224,D,P,6188.000000
Sun Aug 24 06:29:11 2025,24-Aug-2025,092911,48 27.296400 N,063 43.879900 W,2.8,72.9,A,DoorSpread,DoorMaster,6.935000,D,S,80825.000000
Sun Aug 24 06:29:12 2025,24-Aug-2025,092912,48 27.296500 N,063 43.878900 W,2.8,73.2,A,Depth,Depth,146.111111,D,P,1548.000000
Sun Aug 24 06:29:12 2025,24-Aug-2025,092913,48 27.296500 N,063 43.877800 W,2.8,74.0,A,Depth,Depth,146.111111,D,P,1548.000000
Sun Aug 24 06:29:12 2025,24-Aug-2025,092914,48 27.296600 N,063 43.876900 W,2.6,74.5,A,Depth,Depth,146.111111,D,P,1548.000000
Sun Aug 24 06:29:12 2025,24-Aug-2025,092915,48 27.296800 N,063 43.876100 W,2.6,74.0,A,Depth,Depth,146.111111,D,P,1548.000000
Sun Aug 24 06:29:16 2025,24-Aug-2025,092916,48 27.297300 N,063 43.875300 W,2.7,72.8,A,DoorSpread,DoorMaster,6.840000,D,P,24359.000000
Sun Aug 24 06:29:16 2025,24-Aug-2025,092917,48 27.297700 N,063 43.874200 W,2.7,72.5,A,DoorSpread,DoorMaster,6.850000,D,S,58463.000000
Sun Aug 24 06:29:16 2025,24-Aug-2025,092918,48 27.297600 N,063 43.873000 W,2.8,73.8,A,DoorSpread,DoorMaster,6.850000,D,S,58463.000000
Sun Aug 24 06:29:19 2025,24-Aug-2025,092919,48 27.297300 N,063 43.871700 W,2.9,75.7,A,Depth,Depth,132.500000,D,P,38562.000000
Sun Aug 24 06:29:19 2025,24-Aug-2025,092920,48 27.297200 N,063 43.870700 W,2.8,76.9,A,Depth,Depth,132.500000,D,P,38562.000000
Sun Aug 24 06:29:21 2025,24-Aug-2025,092921,48 27.297400 N,063 43.869900 W,2.8,77.1,A,Primary,Headline,28.346939,D,S,34495.000000
Sun Aug 24 06:29:21 2025,24-Aug-2025,092922,48 27.297800 N,063 43.869000 W,2.8,75.8,A,Primary,Headline,28.346939,D,S,34495.000000
Sun Aug 24 06:29:21 2025,24-Aug-2025,092923,48 27.298300 N,063 43.868200 W,2.8,74.2,A,Primary,Headline,28.346939,D,S,34495.000000
Sun Aug 24 06:29:21 2025,24-Aug-2025,092924,48 27.298400 N,063 43.867200 W,2.8,74.4,A,Primary,Headline,28.346939,D,S,34495.000000
Sun Aug 24 06:29:21 2025,24-Aug-2025,092925,48 27.298200 N,063 43.866000 W,2.9,76.6,A,Primary,Headline,28.346939,D,S,34495.000000
Sun Aug 24 06:29:26 2025,24-Aug-2025,092926,48 27.298000 N,063 43.864800 W,2.9,78.6,A,Primary,Headline,34.387755,D,P,22488.000000
Sun Aug 24 06:29:27 2025,24-Aug-2025,092927,48 27.298200 N,063 43.863800 W,2.9,78.8,A,DoorSpread,DoorMaster,6.650000,D,S,65930.000000
Sun Aug 24 06:29:27 2025,24-Aug-2025,092928,48 27.298800 N,063 43.862700 W,3.0,77.2,A,DoorSpread,DoorMaster,6.650000,D,S,65930.000000
Sun Aug 24 06:29:27 2025,24-Aug-2025,092929,48 27.299200 N,063 43.861600 W,3.0,75.7,A,DoorSpread,DoorMaster,6.650000,D,S,65930.000000
Sun Aug 24 06:29:27 2025,24-Aug-2025,092930,48 27.299500 N,063 43.860300 W,3.0,75.1,A,DoorSpread,DoorMaster,6.650000,D,S,65930.000000
Sun Aug 24 06:29:27 2025,24-Aug-2025,092931,48 27.299500 N,063 43.859200 W,2.9,75.2,A,DoorSpread,DoorMaster,6.650000,D,S,65930.000000
Sun Aug 24 06:29:32 2025,24-Aug-2025,092932,48 27.299400 N,063 43.858200 W,2.8,75.8,A,Primary,Headline,30.204082,D,S,35975.000000
Sun Aug 24 06:29:33 2025,24-Aug-2025,092933,48 27.299400 N,063 43.857100 W,2.8,76.1,A,DoorSpread,DoorMaster,10.375000,D,P,62858.000000
Sun Aug 24 06:29:34 2025,24-Aug-2025,092934,48 27.299600 N,063 43.856200 W,2.8,75.3,A,Depth,Depth,135.555556,D,S,50160.000000
Sun Aug 24 06:29:34 2025,24-Aug-2025,092935,48 27.299900 N,063 43.855200 W,2.8,74.5,A,Depth,Depth,135.555556,D,S,50160.000000
Sun Aug 24 06:29:34 2025,24-Aug-2025,092936,48 27.300000 N,063 43.854100 W,2.8,74.6,A,Depth,Depth,135.555556,D,S,50160.000000
Sun Aug 24 06:29:34 2025,24-Aug-2025,092937,48 27.299900 N,063 43.853100 W,2.7,75.5,A,Depth,Depth,135.555556,D,S,50160.000000
Sun Aug 24 06:29:38 2025,24-Aug-2025,092938,48 27.299700 N,063 43.852100 W,2.7,76.8,A,DoorSpread,DoorMaster,6.700000,D,P,69695.000000
Sun Aug 24 06:29:38 2025,24-Aug-2025,092939,48 27.299800 N,063 43.851100 W,2.7,77.4,A,DoorSpread,DoorMaster,6.700000,D,P,69695.000000
Sun Aug 24 06:29:38 2025,24-Aug-2025,092940,48 27.299900 N,063 43.850100 W,2.7,77.3,A,DoorSpread,DoorMaster,6.700000,D,P,69695.000000
Sun Aug 24 06:29:38 2025,24-Aug-2025,092941,48 27.300100 N,063 43.849100 W,2.7,77.1,A,DoorSpread,DoorMaster,6.700000,D,P,69695.000000
Sun Aug 24 06:29:42 2025,24-Aug-2025,092942,48 27.300200 N,063 43.848100 W,2.7,77.0,A,Depth,Depth,134.537037,D,S,20093.000000
Sun Aug 24 06:29:43 2025,24-Aug-2025,092943,48 27.300200 N,063 43.847100 W,2.7,77.5,A,Primary,Headline,31.020408,D,P,40907.000000
Sun Aug 24 06:29:44 2025,24-Aug-2025,092944,48 27.300100 N,063 43.846200 W,2.6,78.6,A,DoorSpread,DoorMaster,6.550000,D,P,102393.000000
Sun Aug 24 06:29:44 2025,24-Aug-2025,092945,48 27.300200 N,063 43.845400 W,2.6,78.9,A,DoorSpread,DoorMaster,6.550000,D,P,102393.000000
Sun Aug 24 06:29:44 2025,24-Aug-2025,092946,48 27.300700 N,063 43.844700 W,2.6,77.5,A,DoorSpread,DoorMaster,6.550000,D,P,102393.000000
Sun Aug 24 06:29:44 2025,24-Aug-2025,092947,48 27.301200 N,063 43.844000 W,2.6,76.2,A,DoorSpread,DoorMaster,6.550000,D,P,102393.000000
Sun Aug 24 06:29:48 2025,24-Aug-2025,092948,48 27.301300 N,063 43.843100 W,2.6,76.5,A,Primary,Headline,25.714286,D,P,38969.000000
Sun Aug 24 06:29:49 2025,24-Aug-2025,092949,48 27.301200 N,063 43.841900 W,2.6,77.6,A,Depth,Depth,129.814815,D,P,17651.000000
Sun Aug 24 06:29:50 2025,24-Aug-2025,092950,48 27.301300 N,063 43.840800 W,2.6,78.2,A,DoorSpread,DoorMaster,6.640000,D,P,55493.000000
Sun Aug 24 06:29:50 2025,24-Aug-2025,092951,48 27.301500 N,063 43.840000 W,2.5,78.3,A,DoorSpread,DoorMaster,6.640000,D,P,55493.000000
Sun Aug 24 06:29:50 2025,24-Aug-2025,092952,48 27.301700 N,063 43.839200 W,2.4,78.0,A,DoorSpread,DoorMaster,6.640000,D,P,55493.000000
Sun Aug 24 06:29:50 2025,24-Aug-2025,092953,48 27.301800 N,063 43.838300 W,2.5,78.2,A,DoorSpread,DoorMaster,6.640000,D,P,55493.000000
Sun Aug 24 06:29:54 2025,24-Aug-2025,092954,48 27.301900 N,063 43.837100 W,2.5,78.7,A,Primary,Headline,59.040816,D,S,35384.000000
Sun Aug 24 06:29:54 2025,24-Aug-2025,092955,48 27.302000 N,063 43.836000 W,2.5,79.1,A,Primary,Headline,59.040816,D,S,35384.000000
Sun Aug 24 06:29:57 2025,24-Aug-2025,092956,48 27.302200 N,063 43.834900 W,2.5,79.1,A,Depth,Depth,131.296296,D,S,18568.000000
Sun Aug 24 06:29:57 2025,24-Aug-2025,092957,48 27.302300 N,063 43.833900 W,2.5,79.3,A,Depth,Depth,131.296296,D,S,18568.000000
Sun Aug 24 06:29:57 2025,24-Aug-2025,092958,48 27.302500 N,063 43.833100 W,2.4,79.3,A,Depth,Depth,131.296296,D,S,18568.000000
Sun Aug 24 06:29:57 2025,24-Aug-2025,092959,48 27.302700 N,063 43.832300 W,2.3,79.1,A,Depth,Depth,131.296296,D,S,18568.000000
Sun Aug 24 06:30:00 2025,24-Aug-2025,093000,48 27.302900 N,063 43.831600 W,2.3,78.9,A,Primary,Headline,48.367347,D,S,15913.000000
Sun Aug 24 06:30:00 2025,24-Aug-2025,093001,48 27.303000 N,063 43.830700 W,2.3,79.2,A,Primary,Headline,48.367347,D,S,15913.000000
Sun Aug 24 06:30:00 2025,24-Aug-2025,093002,48 27.303000 N,063 43.829600 W,2.4,80.0,A,Primary,Headline,48.367347,D,S,15913.000000
Sun Aug 24 06:30:00 2025,24-Aug-2025,093003,48 27.303100 N,063 43.828500 W,2.4,80.4,A,Primary,Headline,48.367347,D,S,15913.000000
Sun Aug 24 06:30:04 2025,24-Aug-2025,093004,48 27.303300 N,063 43.827600 W,2.4,80.3,A,Depth,Depth,129.537037,D,S,55026.000000
Sun Aug 24 06:30:04 2025,24-Aug-2025,093005,48 27.303500 N,063 43.826600 W,2.4,80.4,A,Depth,Depth,129.537037,D,S,55026.000000
Sun Aug 24 06:30:06 2025,24-Aug-2025,093006,48 27.303600 N,063 43.825400 W,2.4,80.5,A,Primary,Headline,44.122449,D,S,35953.000000
Sun Aug 24 06:30:06 2025,24-Aug-2025,093007,48 27.303900 N,063 43.824300 W,2.4,79.9,A,Primary,Headline,44.122449,D,S,35953.000000
Sun Aug 24 06:30:06 2025,24-Aug-2025,093008,48 27.304200 N,063 43.823400 W,2.4,78.8,A,Primary,Headline,44.122449,D,S,35953.000000
Sun Aug 24 06:30:06 2025,24-Aug-2025,093009,48 27.304500 N,063 43.822300 W,2.5,77.6,A,Primary,Headline,44.122449,D,S,35953.000000
Sun Aug 24 06:30:06 2025,24-Aug-2025,093010,48 27.304800 N,063 43.821200 W,2.6,76.4,A,Primary,Headline,44.122449,D,S,35953.000000
Sun Aug 24 06:30:06 2025,24-Aug-2025,093011,48 27.305100 N,063 43.820300 W,2.5,75.3,A,Primary,Headline,44.122449,D,S,35953.000000
Sun Aug 24 06:30:12 2025,24-Aug-2025,093012,48 27.305200 N,063 43.819400 W,2.5,75.2,A,Primary,Headline,45.653061,D,P,49808.000000
Sun Aug 24 06:30:12 2025,24-Aug-2025,093013,48 27.305100 N,063 43.818400 W,2.5,76.3,A,Primary,Headline,45.653061,D,P,49808.000000
Sun Aug 24 06:30:12 2025,24-Aug-2025,093014,48 27.305100 N,063 43.817300 W,2.6,77.1,A,Primary,Headline,45.653061,D,P,49808.000000
Sun Aug 24 06:30:12 2025,24-Aug-2025,093015,48 27.305400 N,063 43.816300 W,2.6,76.8,A,Primary,Headline,45.653061,D,P,49808.000000
Sun Aug 24 06:30:12 2025,24-Aug-2025,093016,48 27.306000 N,063 43.815500 W,2.7,74.2,A,Primary,Headline,45.653061,D,P,49808.000000
Sun Aug 24 06:30:17 2025,24-Aug-2025,093017,48 27.306700 N,063 43.814700 W,2.8,70.4,A,Primary,Headline,39.571429,D,S,69852.000000
Sun Aug 24 06:30:17 2025,24-Aug-2025,093018,48 27.307100 N,063 43.813900 W,2.7,69.2,A,Primary,Headline,39.571429,D,S,69852.000000
Sun Aug 24 06:30:19 2025,24-Aug-2025,093019,48 27.307000 N,063 43.812800 W,2.8,70.0,A,Depth,Depth,122.685185,D,S,72102.000000
Sun Aug 24 06:30:19 2025,24-Aug-2025,093020,48 27.306900 N,063 43.811600 W,2.8,71.9,A,Depth,Depth,122.685185,D,S,72102.000000
Sun Aug 24 06:30:19 2025,24-Aug-2025,093021,48 27.306800 N,063 43.810400 W,2.7,73.2,A,Depth,Depth,122.685185,D,S,72102.000000
Sun Aug 24 06:30:19 2025,24-Aug-2025,093022,48 27.307200 N,063 43.809600 W,2.8,72.0,A,Depth,Depth,122.685185,D,S,72102.000000
Sun Aug 24 06:30:23 2025,24-Aug-2025,093023,48 27.308100 N,063 43.808900 W,2.9,68.4,A,Primary,Headline,34.163265,D,P,19199.000000
Sun Aug 24 06:30:23 2025,24-Aug-2025,093024,48 27.308800 N,063 43.808100 W,2.9,65.7,A,Primary,Headline,34.163265,D,P,19199.000000
Sun Aug 24 06:30:23 2025,24-Aug-2025,093025,48 27.309000 N,063 43.807000 W,3.0,65.2,A,Primary,Headline,34.163265,D,P,19199.000000
Sun Aug 24 06:30:26 2025,24-Aug-2025,093026,48 27.308900 N,063 43.805700 W,3.0,66.4,A,Depth,Depth,140.462963,D,P,7251.000000
Sun Aug 24 06:30:26 2025,24-Aug-2025,093027,48 27.308900 N,063 43.804600 W,2.9,67.6,A,Depth,Depth,140.462963,D,P,7251.000000
Sun Aug 24 06:30:28 2025,24-Aug-2025,093028,48 27.309200 N,063 43.803800 W,2.8,67.7,A,Primary,Headline,23.714286,D,S,50872.000000
Sun Aug 24 06:30:28 2025,24-Aug-2025,093029,48 27.309600 N,063 43.803000 W,2.7,67.1,A,Primary,Headline,23.714286,D,S,50872.000000
Sun Aug 24 06:30:28 2025,24-Aug-2025,093030,48 27.309900 N,063 43.802000 W,2.8,66.9,A,Primary,Headline,23.714286,D,S,50872.000000
Sun Aug 24 06:30:28 2025,24-Aug-2025,093031,48 27.310100 N,063 43.800800 W,2.8,67.4,A,Primary,Headline,23.714286,D,S,50872.000000
Sun Aug 24 06:30:28 2025,24-Aug-2025,093032,48 27.310200 N,063 43.799800 W,2.7,68.1,A,Primary,Headline,23.714286,D,S,50872.000000
Sun Aug 24 06:30:33 2025,24-Aug-2025,093033,48 27.310300 N,063 43.799000 W,2.5,68.8,A,Primary,Headline,13.979592,D,S,63156.000000
Sun Aug 24 06:30:34 2025,24-Aug-2025,093034,48 27.310400 N,063 43.798200 W,2.5,69.5,A,Depth,Depth,123.240741,D,S,30619.000000
Sun Aug 24 06:30:34 2025,24-Aug-2025,093035,48 27.310700 N,063 43.797400 W,2.5,69.8,A,Depth,Depth,123.240741,D,S,30619.000000
Sun Aug 24 06:30:34 2025,24-Aug-2025,093036,48 27.311000 N,063 43.796500 W,2.5,69.6,A,Depth,Depth,123.240741,D,S,30619.000000
Sun Aug 24 06:30:34 2025,24-Aug-2025,093037,48 27.311400 N,063 43.795600 W,2.4,69.7,A,Depth,Depth,123.240741,D,S,30619.000000
Sun Aug 24 06:30:34 2025,24-Aug-2025,093038,48 27.311500 N,063 43.794700 W,2.5,70.9,A,Depth,Depth,123.240741,D,S,30619.000000
Sun Aug 24 06:30:39 2025,24-Aug-2025,093039,48 27.311500 N,063 43.793600 W,2.5,73.1,A,Primary,Headline,46.020408,D,S,76206.000000
Sun Aug 24 06:30:39 2025,24-Aug-2025,093040,48 27.311600 N,063 43.792400 W,2.5,74.6,A,Primary,Headline,46.020408,D,S,76206.000000
Sun Aug 24 06:30:41 2025,24-Aug-2025,093041,48 27.311800 N,063 43.791500 W,2.5,74.8,A,Depth,Depth,122.500000,D,S,39053.000000
Sun Aug 24 06:30:41 2025,24-Aug-2025,093042,48 27.312100 N,063 43.790700 W,2.5,75.4,A,Depth,Depth,122.500000,D,S,39053.000000
Sun Aug 24 06:30:41 2025,24-Aug-2025,093043,48 27.312200 N,063 43.789500 W,2.5,76.2,A,Depth,Depth,122.500000,D,S,39053.000000
Sun Aug 24 06:30:41 2025,24-Aug-2025,093044,48 27.312300 N,063 43.788600 W,2.4,76.5,A,Depth,Depth,122.500000,D,S,39053.000000
Sun Aug 24 06:30:45 2025,24-Aug-2025,093045,48 27.312600 N,063 43.787800 W,2.4,76.1,A,Primary,Headline,28.469388,D,S,39076.000000
Sun Aug 24 06:30:45 2025,24-Aug-2025,093046,48 27.312900 N,063 43.786800 W,2.4,76.0,A,Primary,Headline,28.469388,D,S,39076.000000
Sun Aug 24 06:30:45 2025,24-Aug-2025,093047,48 27.312900 N,063 43.785800 W,2.4,76.5,A,Primary,Headline,28.469388,D,S,39076.000000
Sun Aug 24 06:30:45 2025,24-Aug-2025,093048,48 27.313000 N,063 43.784800 W,2.5,77.5,A,Primary,Headline,28.469388,D,S,39076.000000
Sun Aug 24 06:30:49 2025,24-Aug-2025,093049,48 27.313000 N,063 43.783800 W,2.5,78.6,A,Depth,Depth,120.740741,D,S,27557.000000
Sun Aug 24 06:30:50 2025,24-Aug-2025,093050,48 27.313200 N,063 43.782900 W,2.5,78.7,A,Primary,Headline,40.530612,D,S,40944.000000
Sun Aug 24 06:30:50 2025,24-Aug-2025,093051,48 27.313400 N,063 43.782200 W,2.4,77.7,A,Primary,Headline,40.530612,D,S,40944.000000
Sun Aug 24 06:30:50 2025,24-Aug-2025,093052,48 27.313700 N,063 43.781400 W,2.5,76.8,A,Primary,Headline,40.530612,D,S,40944.000000
Sun Aug 24 06:30:50 2025,24-Aug-2025,093053,48 27.313700 N,063 43.780200 W,2.5,77.0,A,Primary,Headline,40.530612,D,S,40944.000000
Sun Aug 24 06:30:50 2025,24-Aug-2025,093054,48 27.313700 N,063 43.779300 W,2.5,77.0,A,Primary,Headline,40.530612,D,S,40944.000000
Sun Aug 24 06:30:50 2025,24-Aug-2025,093055,48 27.314000 N,063 43.778500 W,2.5,75.9,A,Primary,Headline,40.530612,D,S,40944.000000
Sun Aug 24 06:30:56 2025,24-Aug-2025,093056,48 27.314400 N,063 43.777600 W,2.5,74.8,A,Depth,Depth,132.685185,D,S,18738.000000
Sun Aug 24 06:30:56 2025,24-Aug-2025,093057,48 27.314500 N,063 43.776600 W,2.5,74.8,A,Depth,Depth,132.685185,D,S,18738.000000
Sun Aug 24 06:30:56 2025,24-Aug-2025,093058,48 27.314500 N,063 43.775500 W,2.6,75.2,A,Depth,Depth,132.685185,D,S,18738.000000
Sun Aug 24 06:30:56 2025,24-Aug-2025,093059,48 27.314800 N,063 43.774600 W,2.6,74.5,A,Depth,Depth,132.685185,D,S,18738.000000
Sun Aug 24 06:30:56 2025,24-Aug-2025,093100,48 27.315300 N,063 43.773800 W,2.6,72.8,A,Depth,Depth,132.685185,D,S,18738.000000
Sun Aug 24 06:31:01 2025,24-Aug-2025,093101,48 27.315700 N,063 43.772800 W,2.7,71.8,A,Primary,Headline,41.040816,D,S,54832.000000
Sun Aug 24 06:31:01 2025,24-Aug-2025,093102,48 27.315900 N,063 43.771500 W,2.8,71.8,A,Primary,Headline,41.040816,D,S,54832.000000
Sun Aug 24 06:31:01 2025,24-Aug-2025,093103,48 27.316000 N,063 43.770200 W,2.8,72.1,A,Primary,Headline,41.040816,D,S,54832.000000
Sun Aug 24 06:31:04 2025,24-Aug-2025,093104,48 27.316200 N,063 43.769300 W,2.7,71.8,A,Depth,Depth,101.018519,D,S,56883.000000
Sun Aug 24 06:31:04 2025,24-Aug-2025,093105,48 27.316600 N,063 43.768700 W,2.6,71.1,A,Depth,Depth,101.018519,D,S,56883.000000
Sun Aug 24 06:31:04 2025,24-Aug-2025,093106,48 27.316800 N,063 43.767700 W,2.7,70.8,A,Depth,Depth,101.018519,D,S,56883.000000
Sun Aug 24 06:31:07 2025,24-Aug-2025,093107,48 27.317000 N,063 43.766600 W,2.7,70.9,A,Primary,Headline,16.448980,D,S,53718.000000
Sun Aug 24 06:31:07 2025,24-Aug-2025,093108,48 27.317200 N,063 43.765500 W,2.6,70.7,A,Primary,Headline,16.448980,D,S,53718.000000
Sun Aug 24 06:31:07 2025,24-Aug-2025,093109,48 27.317500 N,063 43.764700 W,2.5,70.2,A,Primary,Headline,16.448980,D,S,53718.000000
Sun Aug 24 06:31:07 2025,24-Aug-2025,093110,48 27.317800 N,063 43.763700 W,2.6,70.0,A,Primary,Headline,16.448980,D,S,53718.000000
Sun Aug 24 06:31:11 2025,24-Aug-2025,093111,48 27.317900 N,063 43.762700 W,2.6,70.2,A,Depth,Depth,113.981481,D,S,34754.000000
Sun Aug 24 06:31:12 2025,24-Aug-2025,093112,48 27.318200 N,063 43.761700 W,2.5,69.8,A,Primary,Headline,25.673469,D,S,37360.000000
Sun Aug 24 06:31:12 2025,24-Aug-2025,093113,48 27.318600 N,063 43.761100 W,2.5,68.4,A,Primary,Headline,25.673469,D,S,37360.000000
Sun Aug 24 06:31:12 2025,24-Aug-2025,093114,48 27.319000 N,063 43.760300 W,2.6,66.4,A,Primary,Headline,25.673469,D,S,37360.000000
Sun Aug 24 06:31:12 2025,24-Aug-2025,093115,48 27.319200 N,063 43.759300 W,2.6,66.0,A,Primary,Headline,25.673469,D,S,37360.000000
Sun Aug 24 06:31:12 2025,24-Aug-2025,093116,48 27.319000 N,063 43.758300 W,2.6,67.1,A,Primary,Headline,25.673469,D,S,37360.000000
Sun Aug 24 06:31:12 2025,24-Aug-2025,093117,48 27.318900 N,063 43.757600 W,2.5,68.1,A,Primary,Headline,25.673469,D,S,37360.000000
Sun Aug 24 06:31:18 2025,24-Aug-2025,093118,48 27.319100 N,063 43.756800 W,2.5,68.6,A,Primary,Headline,53.061224,D,P,24393.000000
Sun Aug 24 06:31:19 2025,24-Aug-2025,093119,48 27.319600 N,063 43.756100 W,2.7,66.4,A,Depth,Depth,112.222222,D,P,25607.000000
Sun Aug 24 06:31:19 2025,24-Aug-2025,093120,48 27.320300 N,063 43.755600 W,2.7,63.6,A,Depth,Depth,112.222222,D,P,25607.000000
Sun Aug 24 06:31:19 2025,24-Aug-2025,093121,48 27.320700 N,063 43.754800 W,2.7,62.0,A,Depth,Depth,112.222222,D,P,25607.000000
Sun Aug 24 06:31:19 2025,24-Aug-2025,093122,48 27.320600 N,063 43.753700 W,2.8,63.2,A,Depth,Depth,112.222222,D,P,25607.000000
Sun Aug 24 06:31:23 2025,24-Aug-2025,093123,48 27.320400 N,063 43.752600 W,2.8,65.3,A,Primary,Headline,25.938776,D,S,44886.000000
Sun Aug 24 06:31:23 2025,24-Aug-2025,093124,48 27.320200 N,063 43.751700 W,2.6,66.9,A,Primary,Headline,25.938776,D,S,44886.000000
Sun Aug 24 06:31:23 2025,24-Aug-2025,093125,48 27.320400 N,063 43.750900 W,2.6,67.4,A,Primary,Headline,25.938776,D,S,44886.000000
Sun Aug 24 06:31:26 2025,24-Aug-2025,093126,48 27.320900 N,063 43.750100 W,2.7,66.2,A,Depth,Depth,110.000000,D,S,110220.000000
Sun Aug 24 06:31:26 2025,24-Aug-2025,093127,48 27.321300 N,063 43.749300 W,2.7,65.5,A,Depth,Depth,110.000000,D,S,110220.000000
Sun Aug 24 06:31:26 2025,24-Aug-2025,093128,48 27.321300 N,063 43.748300 W,2.7,66.6,A,Depth,Depth,110.000000,D,S,110220.000000
Sun Aug 24 06:31:29 2025,24-Aug-2025,093129,48 27.321100 N,063 43.747100 W,2.8,69.7,A,Primary,Headline,40.816327,D,P,34865.000000
Sun Aug 24 06:31:29 2025,24-Aug-2025,093130,48 27.320800 N,063 43.745900 W,2.7,72.6,A,Primary,Headline,40.816327,D,P,34865.000000
Sun Aug 24 06:31:29 2025,24-Aug-2025,093131,48 27.320800 N,063 43.745100 W,2.6,73.7,A,Primary,Headline,40.816327,D,P,34865.000000
Sun Aug 24 06:31:29 2025,24-Aug-2025,093132,48 27.321300 N,063 43.744500 W,2.6,72.3,A,Primary,Headline,40.816327,D,P,34865.000000
Sun Aug 24 06:31:33 2025,24-Aug-2025,093133,48 27.321900 N,063 43.743800 W,2.6,71.1,A,Depth,Depth,108.055556,D,S,39460.000000
Sun Aug 24 06:31:34 2025,24-Aug-2025,093134,48 27.322000 N,063 43.742800 W,2.6,71.3,A,Primary,Headline,12.428571,D,S,50081.000000
Sun Aug 24 06:31:34 2025,24-Aug-2025,093135,48 27.321800 N,063 43.741700 W,2.6,73.1,A,Primary,Headline,12.428571,D,S,50081.000000
Sun Aug 24 06:31:34 2025,24-Aug-2025,093136,48 27.321700 N,063 43.740800 W,2.5,74.3,A,Primary,Headline,12.428571,D,S,50081.000000
Sun Aug 24 06:31:34 2025,24-Aug-2025,093137,48 27.321600 N,063 43.740000 W,2.4,75.2,A,Primary,Headline,12.428571,D,S,50081.000000
Sun Aug 24 06:31:34 2025,24-Aug-2025,093138,48 27.321900 N,063 43.739100 W,2.4,75.5,A,Primary,Headline,12.428571,D,S,50081.000000
Sun Aug 24 06:31:34 2025,24-Aug-2025,093139,48 27.322000 N,063 43.738300 W,2.2,75.6,A,Primary,Headline,12.428571,D,S,50081.000000
Sun Aug 24 06:31:40 2025,24-Aug-2025,093140,48 27.322100 N,063 43.737500 W,2.2,75.7,A,Primary,Headline,54.387755,D,P,24312.000000
Sun Aug 24 06:31:41 2025,24-Aug-2025,093141,48 27.322100 N,063 43.736700 W,2.1,76.5,A,Depth,Depth,106.574074,D,S,48332.000000
Sun Aug 24 06:31:41 2025,24-Aug-2025,093142,48 27.322100 N,063 43.735900 W,2.1,77.5,A,Depth,Depth,106.574074,D,S,48332.000000
Sun Aug 24 06:31:41 2025,24-Aug-2025,093143,48 27.322000 N,063 43.735000 W,2.2,78.8,A,Depth,Depth,106.574074,D,S,48332.000000
Sun Aug 24 06:31:41 2025,24-Aug-2025,093144,48 27.322100 N,063 43.734100 W,2.2,79.8,A,Depth,Depth,106.574074,D,S,48332.000000
Sun Aug 24 06:31:45 2025,24-Aug-2025,093145,48 27.322200 N,063 43.733400 W,2.1,80.4,A,Primary,Headline,21.224490,D,P,53339.000000
Sun Aug 24 06:31:45 2025,24-Aug-2025,093146,48 27.322300 N,063 43.732700 W,2.0,80.9,A,Primary,Headline,21.224490,D,P,53339.000000
Sun Aug 24 06:31:45 2025,24-Aug-2025,093147,48 27.322400 N,063 43.731800 W,2.1,81.9,A,Primary,Headline,21.224490,D,P,53339.000000
Sun Aug 24 06:31:48 2025,24-Aug-2025,093148,48 27.322500 N,063 43.730800 W,2.1,82.0,A,Depth,Depth,103.981481,D,S,31192.000000
Sun Aug 24 06:31:49 2025,24-Aug-2025,093149,48 27.322800 N,063 43.730100 W,2.0,81.8,A,DoorSpread,DoorMaster,17.240000,D,P,38004.000000
Sun Aug 24 06:31:49 2025,24-Aug-2025,093150,48 27.323000 N,063 43.729500 W,2.0,81.1,A,DoorSpread,DoorMaster,17.240000,D,P,38004.000000
Sun Aug 24 06:31:51 2025,24-Aug-2025,093151,48 27.323200 N,063 43.728700 W,2.1,80.8,A,Primary,Headline,3.020408,D,S,51541.000000
Sun Aug 24 06:31:51 2025,24-Aug-2025,093152,48 27.323100 N,063 43.727500 W,2.3,81.6,A,Primary,Headline,3.020408,D,S,51541.000000
Sun Aug 24 06:31:51 2025,24-Aug-2025,093153,48 27.323100 N,063 43.726200 W,2.4,81.9,A,Primary,Headline,3.020408,D,S,51541.000000
Sun Aug 24 06:31:51 2025,24-Aug-2025,093154,48 27.323300 N,063 43.725300 W,2.4,80.6,A,Primary,Headline,3.020408,D,S,51541.000000
Sun Aug 24 06:31:55 2025,24-Aug-2025,093155,48 27.323700 N,063 43.724600 W,2.3,78.9,A,Depth,Depth,102.037037,D,P,38525.000000
Sun Aug 24 06:31:56 2025,24-Aug-2025,093156,48 27.324000 N,063 43.723900 W,2.3,78.0,A,Primary,Headline,13.163265,D,S,95826.000000
Sun Aug 24 06:31:56 2025,24-Aug-2025,093157,48 27.323900 N,063 43.723100 W,2.3,78.3,A,Primary,Headline,13.163265,D,S,95826.000000
Sun Aug 24 06:31:56 2025,24-Aug-2025,093158,48 27.323800 N,063 43.722100 W,2.3,79.0,A,Primary,Headline,13.163265,D,S,95826.000000
Sun Aug 24 06:31:56 2025,24-Aug-2025,093159,48 27.324000 N,063 43.721100 W,2.3,79.1,A,Primary,Headline,13.163265,D,S,95826.000000
Sun Aug 24 06:31:56 2025,24-Aug-2025,093200,48 27.324200 N,063 43.720100 W,2.3,78.8,A,Primary,Headline,13.163265,D,S,95826.000000
Sun Aug 24 06:32:01 2025,24-Aug-2025,093201,48 27.324400 N,063 43.719300 W,2.3,78.3,A,Primary,Headline,8.673469,D,P,40016.000000
Sun Aug 24 06:32:01 2025,24-Aug-2025,093202,48 27.324700 N,063 43.718500 W,2.2,77.9,A,Primary,Headline,8.673469,D,P,40016.000000
Sun Aug 24 06:32:03 2025,24-Aug-2025,093203,48 27.324800 N,063 43.717800 W,2.1,77.8,A,Depth,Depth,110.462963,D,P,17381.000000
Sun Aug 24 06:32:03 2025,24-Aug-2025,093204,48 27.324800 N,063 43.716900 W,2.2,78.5,A,Depth,Depth,110.462963,D,P,17381.000000
Sun Aug 24 06:32:03 2025,24-Aug-2025,093205,48 27.324800 N,063 43.716000 W,2.2,79.2,A,Depth,Depth,110.462963,D,P,17381.000000
Sun Aug 24 06:32:06 2025,24-Aug-2025,093206,48 27.324900 N,063 43.715100 W,2.2,79.0,A,Primary,Headline,26.000000,D,S,69496.000000
Sun Aug 24 06:32:06 2025,24-Aug-2025,093207,48 27.325200 N,063 43.714200 W,2.2,78.0,A,Primary,Headline,26.000000,D,S,69496.000000
Sun Aug 24 06:32:06 2025,24-Aug-2025,093208,48 27.325500 N,063 43.713400 W,2.2,76.9,A,Primary,Headline,26.000000,D,S,69496.000000
Sun Aug 24 06:32:09 2025,24-Aug-2025,093209,48 27.325700 N,063 43.712400 W,2.3,76.5,A,DoorSpread,DoorMaster,27.115000,D,S,48622.000000
Sun Aug 24 06:32:10 2025,24-Aug-2025,093210,48 27.325600 N,063 43.711400 W,2.3,77.5,A,Depth,Depth,97.685185,D,P,30433.000000
Sun Aug 24 06:32:10 2025,24-Aug-2025,093211,48 27.325500 N,063 43.710300 W,2.4,79.1,A,Depth,Depth,97.685185,D,P,30433.000000
Sun Aug 24 06:32:12 2025,24-Aug-2025,093212,48 27.325500 N,063 43.709200 W,2.4,80.1,A,Primary,Headline,32.693878,D,S,35397.000000
Sun Aug 24 06:32:12 2025,24-Aug-2025,093213,48 27.325600 N,063 43.708300 W,2.3,80.5,A,Primary,Headline,32.693878,D,S,35397.000000
Sun Aug 24 06:32:12 2025,24-Aug-2025,093214,48 27.325900 N,063 43.707700 W,2.3,79.9,A,Primary,Headline,32.693878,D,S,35397.000000
Sun Aug 24 06:32:12 2025,24-Aug-2025,093215,48 27.326200 N,063 43.706800 W,2.3,79.3,A,Primary,Headline,32.693878,D,S,35397.000000
Sun Aug 24 06:32:15 2025,24-Aug-2025,093216,48 27.326400 N,063 43.705600 W,2.3,79.4,A,DoorSpread,DoorMaster,18.530000,D,P,33058.000000
Sun Aug 24 06:32:17 2025,24-Aug-2025,093217,48 27.326400 N,063 43.704700 W,2.3,79.6,A,Depth,Depth,89.537037,D,S,32733.000000
Sun Aug 24 06:32:18 2025,24-Aug-2025,093218,48 27.326400 N,063 43.703700 W,2.3,79.9,A,Primary,Headline,47.632653,D,S,56960.000000
Sun Aug 24 06:32:18 2025,24-Aug-2025,093219,48 27.326500 N,063 43.702700 W,2.3,80.5,A,Primary,Headline,47.632653,D,S,56960.000000
Sun Aug 24 06:32:18 2025,24-Aug-2025,093220,48 27.326600 N,063 43.701900 W,2.2,80.8,A,Primary,Headline,47.632653,D,S,56960.000000
Sun Aug 24 06:32:21 2025,24-Aug-2025,093221,48 27.326600 N,063 43.701100 W,2.2,80.9,A,DoorSpread,DoorMaster,1.800000,D,S,30263.000000
Sun Aug 24 06:32:21 2025,24-Aug-2025,093222,48 27.326900 N,063 43.700300 W,2.2,80.2,A,DoorSpread,DoorMaster,1.800000,D,S,30263.000000
Sun Aug 24 06:32:23 2025,24-Aug-2025,093223,48 27.327200 N,063 43.699500 W,2.2,79.1,A,Primary,Headline,45.836735,D,S,37261.000000
Sun Aug 24 06:32:23 2025,24-Aug-2025,093224,48 27.327300 N,063 43.698700 W,2.2,78.6,A,Primary,Headline,45.836735,D,S,37261.000000
Sun Aug 24 06:32:25 2025,24-Aug-2025,093225,48 27.327200 N,063 43.697800 W,2.2,79.5,A,Depth,Depth,95.277778,D,S,29391.000000
Sun Aug 24 06:32:25 2025,24-Aug-2025,093226,48 27.327000 N,063 43.696900 W,2.2,80.5,A,Depth,Depth,95.277778,D,S,29391.000000
Sun Aug 24 06:32:25 2025,24-Aug-2025,093227,48 27.327200 N,063 43.696000 W,2.2,79.9,A,Depth,Depth,95.277778,D,S,29391.000000
Sun Aug 24 06:32:28 2025,24-Aug-2025,093228,48 27.327500 N,063 43.695000 W,2.3,78.7,A,Primary,Headline,11.408163,D,S,51065.000000
Sun Aug 24 06:32:28 2025,24-Aug-2025,093229,48 27.327600 N,063 43.694000 W,2.3,77.9,A,Primary,Headline,11.408163,D,S,51065.000000
Sun Aug 24 06:32:28 2025,24-Aug-2025,093230,48 27.327800 N,063 43.693000 W,2.4,77.6,A,Primary,Headline,11.408163,D,S,51065.000000
Sun Aug 24 06:32:28 2025,24-Aug-2025,093231,48 27.327900 N,063 43.692000 W,2.4,77.3,A,Primary,Headline,11.408163,D,S,51065.000000
Sun Aug 24 06:32:32 2025,24-Aug-2025,093232,48 27.328200 N,063 43.691100 W,2.3,76.9,A,Depth,Depth,90.092593,D,S,44604.000000
Sun Aug 24 06:32:32 2025,24-Aug-2025,093233,48 27.328400 N,063 43.690500 W,2.3,76.3,A,Depth,Depth,90.092593,D,S,44604.000000
Sun Aug 24 06:32:34 2025,24-Aug-2025,093234,48 27.328400 N,063 43.689700 W,2.3,76.6,A,Primary,Headline,18.653061,D,S,77397.000000
Sun Aug 24 06:32:34 2025,24-Aug-2025,093235,48 27.328300 N,063 43.688900 W,2.3,77.5,A,Primary,Headline,18.653061,D,S,77397.000000
Sun Aug 24 06:32:34 2025,24-Aug-2025,093236,48 27.328200 N,063 43.688100 W,2.2,78.3,A,Primary,Headline,18.653061,D,S,77397.000000
Sun Aug 24 06:32:34 2025,24-Aug-2025,093237,48 27.328300 N,063 43.687300 W,2.2,78.4,A,Primary,Headline,18.653061,D,S,77397.000000
Sun Aug 24 06:32:34 2025,24-Aug-2025,093238,48 27.328500 N,063 43.686600 W,2.2,78.4,A,Primary,Headline,18.653061,D,S,77397.000000
Sun Aug 24 06:32:39 2025,24-Aug-2025,093239,48 27.328500 N,063 43.685800 W,2.1,78.5,A,Depth,Depth,78.611111,D,P,31386.000000
Sun Aug 24 06:32:40 2025,24-Aug-2025,093240,48 27.328600 N,063 43.685100 W,2.1,78.4,A,Primary,Headline,44.959184,D,P,45446.000000
Sun Aug 24 06:32:40 2025,24-Aug-2025,093241,48 27.328800 N,063 43.684200 W,2.1,77.8,A,Primary,Headline,44.959184,D,P,45446.000000
Sun Aug 24 06:32:40 2025,24-Aug-2025,093242,48 27.328900 N,063 43.683500 W,2.0,77.5,A,Primary,Headline,44.959184,D,P,45446.000000
Sun Aug 24 06:32:40 2025,24-Aug-2025,093243,48 27.328900 N,063 43.682800 W,1.9,77.4,A,Primary,Headline,44.959184,D,P,45446.000000
Sun Aug 24 06:32:40 2025,24-Aug-2025,093244,48 27.328800 N,063 43.682100 W,2.0,77.7,A,Primary,Headline,44.959184,D,P,45446.000000
Sun Aug 24 06:32:45 2025,24-Aug-2025,093245,48 27.329000 N,063 43.681000 W,2.2,77.6,A,Primary,Headline,26.530612,D,S,145140.000000
Sun Aug 24 06:32:45 2025,24-Aug-2025,093246,48 27.329300 N,063 43.680100 W,2.2,76.7,A,Primary,Headline,26.530612,D,S,145140.000000
Sun Aug 24 06:32:47 2025,24-Aug-2025,093247,48 27.329600 N,063 43.679400 W,2.2,75.5,A,Depth,Depth,88.425926,D,S,31077.000000
Sun Aug 24 06:32:47 2025,24-Aug-2025,093248,48 27.329800 N,063 43.678800 W,2.1,74.8,A,Depth,Depth,88.425926,D,S,31077.000000
Sun Aug 24 06:32:47 2025,24-Aug-2025,093249,48 27.329900 N,063 43.678000 W,2.2,74.5,A,Depth,Depth,88.425926,D,S,31077.000000
Sun Aug 24 06:32:50 2025,24-Aug-2025,093250,48 27.330100 N,063 43.677100 W,2.2,74.3,A,Primary,Headline,14.510204,D,S,143372.000000
Sun Aug 24 06:32:50 2025,24-Aug-2025,093251,48 27.330200 N,063 43.676300 W,2.1,74.0,A,Primary,Headline,14.510204,D,S,143372.000000
Sun Aug 24 06:32:50 2025,24-Aug-2025,093252,48 27.330500 N,063 43.675500 W,2.1,73.9,A,Primary,Headline,14.510204,D,S,143372.000000
Sun Aug 24 06:32:50 2025,24-Aug-2025,093253,48 27.330700 N,063 43.674500 W,2.1,74.3,A,Primary,Headline,14.510204,D,S,143372.000000
Sun Aug 24 06:32:54 2025,24-Aug-2025,093254,48 27.330800 N,063 43.673600 W,2.1,74.5,A,Depth,Depth,83.425926,D,P,78459.000000
Sun Aug 24 06:32:55 2025,24-Aug-2025,093255,48 27.331100 N,063 43.672800 W,2.1,74.3,A,Primary,Headline,13.040816,D,P,49272.000000
Sun Aug 24 06:32:55 2025,24-Aug-2025,093256,48 27.331300 N,063 43.672100 W,2.0,74.0,A,Primary,Headline,13.020408,D,S,94412.000000
Sun Aug 24 06:32:55 2025,24-Aug-2025,093257,48 27.331400 N,063 43.671200 W,2.1,74.8,A,Primary,Headline,13.020408,D,S,94412.000000
Sun Aug 24 06:32:55 2025,24-Aug-2025,093258,48 27.331400 N,063 43.670100 W,2.2,76.2,A,Primary,Headline,13.020408,D,S,94412.000000
Sun Aug 24 06:32:55 2025,24-Aug-2025,093259,48 27.331500 N,063 43.669000 W,2.2,76.6,A,Primary,Headline,13.020408,D,S,94412.000000
Sun Aug 24 06:32:55 2025,24-Aug-2025,093300,48 27.331700 N,063 43.668200 W,2.2,76.1,A,Primary,Headline,13.020408,D,S,94412.000000
Sun Aug 24 06:33:01 2025,24-Aug-2025,093301,48 27.332000 N,063 43.667500 W,2.1,75.7,A,Depth,Depth,82.592593,D,P,75552.000000
Sun Aug 24 06:33:01 2025,24-Aug-2025,093302,48 27.332000 N,063 43.666800 W,2.1,75.7,A,Depth,Depth,82.407407,D,S,119175.000000
Sun Aug 24 06:33:01 2025,24-Aug-2025,093303,48 27.332000 N,063 43.665800 W,2.1,76.0,A,Depth,Depth,82.407407,D,S,119175.000000
Sun Aug 24 06:33:01 2025,24-Aug-2025,093304,48 27.332200 N,063 43.664900 W,2.1,75.9,A,Depth,Depth,82.407407,D,S,119175.000000
Sun Aug 24 06:33:01 2025,24-Aug-2025,093305,48 27.332400 N,063 43.664000 W,2.2,74.9,A,Depth,Depth,82.407407,D,S,119175.000000
Sun Aug 24 06:33:06 2025,24-Aug-2025,093306,48 27.332600 N,063 43.662900 W,2.2,74.0,A,Primary,Headline,25.122449,D,S,88277.000000
Sun Aug 24 06:33:06 2025,24-Aug-2025,093307,48 27.332800 N,063 43.661800 W,2.3,73.6,A,Primary,Headline,25.122449,D,S,88277.000000
Sun Aug 24 06:33:08 2025,24-Aug-2025,093308,48 27.332800 N,063 43.660900 W,2.2,73.6,A,Depth,Depth,80.555556,D,S,13777.000000
Sun Aug 24 06:33:09 2025,24-Aug-2025,093309,48 27.332800 N,063 43.660100 W,2.1,73.7,A,Depth,Depth,79.259259,D,P,21342.000000
Sun Aug 24 06:33:09 2025,24-Aug-2025,093310,48 27.333100 N,063 43.659300 W,2.2,73.0,A,Depth,Depth,79.259259,D,P,21342.000000
Sun Aug 24 06:33:09 2025,24-Aug-2025,093311,48 27.333500 N,063 43.658300 W,2.4,70.8,A,Depth,Depth,79.259259,D,P,21342.000000
Sun Aug 24 06:33:12 2025,24-Aug-2025,093312,48 27.333900 N,063 43.657500 W,2.4,69.0,A,Primary,Headline,11.244898,D,S,93171.000000
Sun Aug 24 06:33:12 2025,24-Aug-2025,093313,48 27.334200 N,063 43.656600 W,2.4,68.6,A,Primary,Headline,11.244898,D,S,93171.000000
Sun Aug 24 06:33:12 2025,24-Aug-2025,093314,48 27.334100 N,063 43.655600 W,2.5,70.3,A,Primary,Headline,11.244898,D,S,93171.000000
Sun Aug 24 06:33:12 2025,24-Aug-2025,093315,48 27.334100 N,063 43.654500 W,2.5,71.4,A,Primary,Headline,11.244898,D,S,93171.000000
Sun Aug 24 06:33:16 2025,24-Aug-2025,093316,48 27.334400 N,063 43.653600 W,2.5,70.9,A,Depth,Depth,75.185185,D,S,104664.000000
Sun Aug 24 06:33:17 2025,24-Aug-2025,093317,48 27.334900 N,063 43.653000 W,2.5,69.4,A,Primary,Headline,8.408163,D,P,88888.000000
Sun Aug 24 06:33:17 2025,24-Aug-2025,093318,48 27.335400 N,063 43.652200 W,2.6,67.8,A,Primary,Headline,8.408163,D,P,88888.000000
Sun Aug 24 06:33:17 2025,24-Aug-2025,093319,48 27.335700 N,063 43.651300 W,2.6,67.2,A,Primary,Headline,8.408163,D,P,88888.000000
Sun Aug 24 06:33:17 2025,24-Aug-2025,093320,48 27.335700 N,063 43.650300 W,2.5,67.7,A,Primary,Headline,8.408163,D,P,88888.000000
Sun Aug 24 06:33:17 2025,24-Aug-2025,093321,48 27.335600 N,063 43.649500 W,2.4,69.3,A,Primary,Headline,8.408163,D,P,88888.000000
Sun Aug 24 06:33:22 2025,24-Aug-2025,093322,48 27.335500 N,063 43.648700 W,2.4,70.4,A,Primary,Headline,33.857143,D,S,75917.000000
Sun Aug 24 06:33:23 2025,24-Aug-2025,093323,48 27.335700 N,063 43.647900 W,2.4,70.4,A,Depth,Depth,74.166667,D,S,53553.000000
Sun Aug 24 06:33:23 2025,24-Aug-2025,093324,48 27.336000 N,063 43.647100 W,2.4,70.0,A,Depth,Depth,74.166667,D,S,53553.000000
Sun Aug 24 06:33:23 2025,24-Aug-2025,093325,48 27.336200 N,063 43.646300 W,2.4,70.0,A,Depth,Depth,74.166667,D,S,53553.000000
Sun Aug 24 06:33:23 2025,24-Aug-2025,093326,48 27.336300 N,063 43.645400 W,2.3,70.7,A,Depth,Depth,74.166667,D,S,53553.000000
Sun Aug 24 06:33:27 2025,24-Aug-2025,093327,48 27.336200 N,063 43.644500 W,2.3,72.1,A,Primary,Headline,13.489796,D,S,58468.000000
Sun Aug 24 06:33:27 2025,24-Aug-2025,093328,48 27.336100 N,063 43.643600 W,2.3,73.8,A,Primary,Headline,13.489796,D,S,58468.000000
Sun Aug 24 06:33:27 2025,24-Aug-2025,093329,48 27.336100 N,063 43.642700 W,2.2,75.2,A,Primary,Headline,13.489796,D,S,58468.000000
Sun Aug 24 06:33:27 2025,24-Aug-2025,093330,48 27.336100 N,063 43.642000 W,2.2,76.5,A,Primary,Headline,13.489796,D,S,58468.000000
Sun Aug 24 06:33:30 2025,24-Aug-2025,093331,48 27.336300 N,063 43.641000 W,2.3,76.8,A,Depth,Depth,70.833333,D,S,21397.000000
Sun Aug 24 06:33:30 2025,24-Aug-2025,093332,48 27.336600 N,063 43.640000 W,2.4,75.6,A,Depth,Depth,70.833333,D,S,21397.000000
Sun Aug 24 06:33:33 2025,24-Aug-2025,093333,48 27.336900 N,063 43.639300 W,2.4,74.2,A,Primary,Headline,53.061224,D,S,42223.000000
Sun Aug 24 06:33:33 2025,24-Aug-2025,093334,48 27.337100 N,063 43.638500 W,2.3,74.0,A,Primary,Headline,53.061224,D,S,42223.000000
Sun Aug 24 06:33:33 2025,24-Aug-2025,093335,48 27.337100 N,063 43.637600 W,2.3,74.8,A,Primary,Headline,53.061224,D,S,42223.000000
Sun Aug 24 06:33:33 2025,24-Aug-2025,093336,48 27.337200 N,063 43.636600 W,2.3,75.5,A,Primary,Headline,53.061224,D,S,42223.000000
Sun Aug 24 06:33:33 2025,24-Aug-2025,093337,48 27.337400 N,063 43.635700 W,2.3,75.2,A,Primary,Headline,53.061224,D,S,42223.000000
Sun Aug 24 06:33:38 2025,24-Aug-2025,093338,48 27.337700 N,063 43.634800 W,2.3,74.4,A,Depth,Depth,70.925926,D,S,50198.000000
Sun Aug 24 06:33:39 2025,24-Aug-2025,093339,48 27.338000 N,063 43.634000 W,2.3,73.6,A,Primary,Headline,54.367347,D,S,73108.000000
Sun Aug 24 06:33:39 2025,24-Aug-2025,093340,48 27.338100 N,063 43.633000 W,2.3,73.3,A,Primary,Headline,54.367347,D,S,73108.000000
Sun Aug 24 06:33:39 2025,24-Aug-2025,093341,48 27.338200 N,063 43.632100 W,2.3,73.4,A,Primary,Headline,54.367347,D,S,73108.000000
Sun Aug 24 06:33:39 2025,24-Aug-2025,093342,48 27.338300 N,063 43.631100 W,2.3,73.6,A,Primary,Headline,54.367347,D,S,73108.000000
Sun Aug 24 06:33:39 2025,24-Aug-2025,093343,48 27.338500 N,063 43.630200 W,2.3,73.5,A,Primary,Headline,54.367347,D,S,73108.000000
Sun Aug 24 06:33:44 2025,24-Aug-2025,093344,48 27.338600 N,063 43.629400 W,2.2,73.3,A,Primary,Headline,11.346939,D,S,63076.000000
Sun Aug 24 06:33:45 2025,24-Aug-2025,093345,48 27.338800 N,063 43.628600 W,2.2,73.5,A,Depth,Depth,62.407407,D,P,64628.000000
Sun Aug 24 06:33:45 2025,24-Aug-2025,093346,48 27.338800 N,063 43.627600 W,2.2,74.1,A,Depth,Depth,62.407407,D,P,64628.000000
Sun Aug 24 06:33:45 2025,24-Aug-2025,093347,48 27.338900 N,063 43.626700 W,2.2,74.8,A,Depth,Depth,62.407407,D,P,64628.000000
Sun Aug 24 06:33:45 2025,24-Aug-2025,093348,48 27.339000 N,063 43.625900 W,2.2,75.0,A,Depth,Depth,62.407407,D,P,64628.000000
Sun Aug 24 06:33:45 2025,24-Aug-2025,093349,48 27.339200 N,063 43.625300 W,2.2,74.5,A,Depth,Depth,62.407407,D,P,64628.000000
Sun Aug 24 06:33:50 2025,24-Aug-2025,093350,48 27.339500 N,063 43.624400 W,2.3,73.7,A,Primary,Headline,9.061224,D,S,148993.000000
Sun Aug 24 06:33:50 2025,24-Aug-2025,093351,48 27.339700 N,063 43.623400 W,2.2,73.5,A,Primary,Headline,9.061224,D,S,148993.000000
Sun Aug 24 06:33:52 2025,24-Aug-2025,093352,48 27.339600 N,063 43.622700 W,2.2,73.9,A,Depth,Depth,39.259259,D,S,90641.000000
Sun Aug 24 06:33:52 2025,24-Aug-2025,093353,48 27.339500 N,063 43.621800 W,2.1,74.9,A,Depth,Depth,39.259259,D,S,90641.000000
Sun Aug 24 06:33:52 2025,24-Aug-2025,093354,48 27.339600 N,063 43.620800 W,2.2,75.4,A,Depth,Depth,39.259259,D,S,90641.000000
Sun Aug 24 06:33:52 2025,24-Aug-2025,093355,48 27.339800 N,063 43.620000 W,2.2,74.5,A,Depth,Depth,39.259259,D,S,90641.000000
Sun Aug 24 06:33:55 2025,24-Aug-2025,093356,48 27.340100 N,063 43.619300 W,2.2,73.8,A,Primary,Headline,55.857143,D,P,92741.000000
Sun Aug 24 06:33:55 2025,24-Aug-2025,093357,48 27.340100 N,063 43.618300 W,2.2,74.0,A,Primary,Headline,55.857143,D,P,92741.000000
Sun Aug 24 06:33:55 2025,24-Aug-2025,093358,48 27.340000 N,063 43.617300 W,2.2,75.3,A,Primary,Headline,55.857143,D,P,92741.000000
Sun Aug 24 06:33:59 2025,24-Aug-2025,093359,48 27.339900 N,063 43.616200 W,2.2,76.4,A,Depth,Depth,61.018519,D,S,216471.000000
Sun Aug 24 06:33:59 2025,24-Aug-2025,093400,48 27.340000 N,063 43.615400 W,2.2,76.9,A,Depth,Depth,61.018519,D,S,216471.000000
Sun Aug 24 06:34:01 2025,24-Aug-2025,093401,48 27.340100 N,063 43.614500 W,2.2,77.1,A,Primary,Headline,53.020408,D,S,102406.000000
Sun Aug 24 06:34:01 2025,24-Aug-2025,093402,48 27.340300 N,063 43.613600 W,2.2,76.7,A,Primary,Headline,53.020408,D,S,102406.000000
Sun Aug 24 06:34:01 2025,24-Aug-2025,093403,48 27.340600 N,063 43.612800 W,2.2,75.0,A,Primary,Headline,53.020408,D,S,102406.000000
Sun Aug 24 06:34:01 2025,24-Aug-2025,093404,48 27.341000 N,063 43.612100 W,2.2,72.7,A,Primary,Headline,53.020408,D,S,102406.000000
Sun Aug 24 06:34:01 2025,24-Aug-2025,093405,48 27.341300 N,063 43.611100 W,2.4,72.0,A,Primary,Headline,53.020408,D,S,102406.000000
Sun Aug 24 06:34:06 2025,24-Aug-2025,093406,48 27.341200 N,063 43.610100 W,2.4,73.1,A,Primary,Headline,14.387755,D,P,100249.000000
Sun Aug 24 06:34:06 2025,24-Aug-2025,093407,48 27.341100 N,063 43.609200 W,2.3,73.9,A,Primary,Headline,14.387755,D,P,100249.000000
Sun Aug 24 06:34:06 2025,24-Aug-2025,093408,48 27.341400 N,063 43.608400 W,2.4,72.9,A,Primary,Headline,14.387755,D,P,100249.000000
Sun Aug 24 06:34:06 2025,24-Aug-2025,093409,48 27.342000 N,063 43.607700 W,2.4,69.7,A,Primary,Headline,14.387755,D,P,100249.000000
Sun Aug 24 06:34:06 2025,24-Aug-2025,093410,48 27.342500 N,063 43.606700 W,2.5,67.9,A,Primary,Headline,14.387755,D,P,100249.000000
Sun Aug 24 06:34:06 2025,24-Aug-2025,093411,48 27.342500 N,063 43.605700 W,2.5,67.8,A,Primary,Headline,14.387755,D,P,100249.000000
Sun Aug 24 06:34:12 2025,24-Aug-2025,093412,48 27.342400 N,063 43.604500 W,2.5,69.1,A,Primary,Headline,49.163265,D,S,159532.000000
Sun Aug 24 06:34:12 2025,24-Aug-2025,093413,48 27.342400 N,063 43.603600 W,2.4,69.7,A,Primary,Headline,49.163265,D,S,159532.000000
Sun Aug 24 06:34:12 2025,24-Aug-2025,093414,48 27.342600 N,063 43.603000 W,2.4,69.4,A,Primary,Headline,49.163265,D,S,159532.000000
Sun Aug 24 06:34:12 2025,24-Aug-2025,093415,48 27.343100 N,063 43.602400 W,2.4,67.8,A,Primary,Headline,49.163265,D,S,159532.000000
Sun Aug 24 06:34:12 2025,24-Aug-2025,093416,48 27.343400 N,063 43.601700 W,2.3,67.3,A,Primary,Headline,49.163265,D,S,159532.000000
Sun Aug 24 06:34:12 2025,24-Aug-2025,093417,48 27.343400 N,063 43.600800 W,2.3,68.0,A,Primary,Headline,49.163265,D,S,159532.000000
Sun Aug 24 06:34:18 2025,24-Aug-2025,093418,48 27.343400 N,063 43.599900 W,2.3,69.0,A,Primary,Headline,53.061224,D,P,24661.000000
Sun Aug 24 06:34:18 2025,24-Aug-2025,093419,48 27.343600 N,063 43.599300 W,2.3,69.2,A,Primary,Headline,53.061224,D,P,24661.000000
Sun Aug 24 06:34:18 2025,24-Aug-2025,093420,48 27.343800 N,063 43.598600 W,2.2,68.7,A,Primary,Headline,53.061224,D,P,24661.000000
Sun Aug 24 06:34:21 2025,24-Aug-2025,093421,48 27.344100 N,063 43.597900 W,2.3,68.0,A,Depth,Depth,52.129630,D,P,70616.000000
Sun Aug 24 06:34:21 2025,24-Aug-2025,093422,48 27.344300 N,063 43.597000 W,2.2,67.8,A,Depth,Depth,52.129630,D,P,70616.000000
Sun Aug 24 06:34:21 2025,24-Aug-2025,093423,48 27.344300 N,063 43.596200 W,2.2,68.1,A,Depth,Depth,52.129630,D,P,70616.000000
Sun Aug 24 06:34:24 2025,24-Aug-2025,093424,48 27.344400 N,063 43.595400 W,2.2,68.8,A,Primary,Headline,45.755102,D,S,47855.000000
Sun Aug 24 06:34:24 2025,24-Aug-2025,093425,48 27.344600 N,063 43.594400 W,2.2,69.3,A,Primary,Headline,45.755102,D,S,47855.000000
Sun Aug 24 06:34:24 2025,24-Aug-2025,093426,48 27.344800 N,063 43.593600 W,2.2,69.2,A,Primary,Headline,45.755102,D,S,47855.000000
Sun Aug 24 06:34:24 2025,24-Aug-2025,093427,48 27.345200 N,063 43.593000 W,2.2,67.7,A,Primary,Headline,45.755102,D,S,47855.000000
Sun Aug 24 06:34:28 2025,24-Aug-2025,093428,48 27.345700 N,063 43.592400 W,2.2,65.8,A,Depth,Depth,49.351852,D,P,99235.000000
Sun Aug 24 06:34:28 2025,24-Aug-2025,093429,48 27.345900 N,063 43.591500 W,2.3,65.6,A,Depth,Depth,49.351852,D,P,99235.000000
Sun Aug 24 06:34:30 2025,24-Aug-2025,093430,48 27.345800 N,063 43.590400 W,2.4,67.2,A,Primary,Headline,44.959184,D,S,173382.000000
Sun Aug 24 06:34:30 2025,24-Aug-2025,093431,48 27.345700 N,063 43.589400 W,2.4,68.9,A,Primary,Headline,44.959184,D,S,173382.000000
Sun Aug 24 06:34:30 2025,24-Aug-2025,093432,48 27.345800 N,063 43.588700 W,2.3,70.0,A,Primary,Headline,44.959184,D,S,173382.000000
Sun Aug 24 06:34:30 2025,24-Aug-2025,093433,48 27.346100 N,063 43.587900 W,2.4,69.7,A,Primary,Headline,44.959184,D,S,173382.000000
Sun Aug 24 06:34:30 2025,24-Aug-2025,093434,48 27.346600 N,063 43.587100 W,2.4,68.3,A,Primary,Headline,44.959184,D,S,173382.000000
Sun Aug 24 06:34:35 2025,24-Aug-2025,093435,48 27.347100 N,063 43.586200 W,2.5,66.9,A,Primary,Headline,41.510204,D,P,113179.000000
Sun Aug 24 06:34:35 2025,24-Aug-2025,093436,48 27.347400 N,063 43.585200 W,2.5,66.6,A,Primary,Headline,41.510204,D,P,113179.000000
Sun Aug 24 06:34:35 2025,24-Aug-2025,093437,48 27.347500 N,063 43.584200 W,2.5,67.2,A,Primary,Headline,41.510204,D,P,113179.000000
Sun Aug 24 06:34:35 2025,24-Aug-2025,093438,48 27.347600 N,063 43.583200 W,2.5,67.8,A,Primary,Headline,41.510204,D,P,113179.000000
Sun Aug 24 06:34:35 2025,24-Aug-2025,093439,48 27.347800 N,063 43.582400 W,2.4,68.3,A,Primary,Headline,41.510204,D,P,113179.000000
Sun Aug 24 06:34:35 2025,24-Aug-2025,093440,48 27.347900 N,063 43.581700 W,2.3,68.6,A,Primary,Headline,41.510204,D,P,113179.000000
Sun Aug 24 06:34:41 2025,24-Aug-2025,093441,48 27.348100 N,063 43.581100 W,2.2,68.6,A,Primary,Headline,39.346939,D,P,115784.000000
Sun Aug 24 06:34:41 2025,24-Aug-2025,093442,48 27.348400 N,063 43.580500 W,2.2,68.2,A,Primary,Headline,39.346939,D,P,115784.000000
Sun Aug 24 06:34:41 2025,24-Aug-2025,093443,48 27.348600 N,063 43.579700 W,2.2,68.0,A,Primary,Headline,39.346939,D,P,115784.000000
Sun Aug 24 06:34:41 2025,24-Aug-2025,093444,48 27.348700 N,063 43.578900 W,2.2,68.5,A,Primary,Headline,39.346939,D,P,115784.000000
Sun Aug 24 06:34:41 2025,24-Aug-2025,093445,48 27.348700 N,063 43.578000 W,2.3,69.7,A,Primary,Headline,39.346939,D,P,115784.000000
Sun Aug 24 06:34:46 2025,24-Aug-2025,093446,48 27.348800 N,063 43.577000 W,2.3,70.3,A,Primary,Headline,37.102041,D,S,303123.000000
Sun Aug 24 06:34:46 2025,24-Aug-2025,093447,48 27.349000 N,063 43.576300 W,2.2,70.6,A,Primary,Headline,37.102041,D,S,303123.000000
Sun Aug 24 06:34:46 2025,24-Aug-2025,093448,48 27.349300 N,063 43.575700 W,2.1,70.9,A,Primary,Headline,37.102041,D,S,303123.000000
Sun Aug 24 06:34:46 2025,24-Aug-2025,093449,48 27.349300 N,063 43.574800 W,2.2,71.3,A,Primary,Headline,37.102041,D,S,303123.000000
Sun Aug 24 06:34:50 2025,24-Aug-2025,093450,48 27.349400 N,063 43.574000 W,2.2,71.5,A,Depth,Depth,41.666667,D,P,43969.000000
Sun Aug 24 06:34:50 2025,24-Aug-2025,093451,48 27.349600 N,063 43.573300 W,2.1,71.2,A,Depth,Depth,41.666667,D,P,43969.000000
Sun Aug 24 06:34:52 2025,24-Aug-2025,093452,48 27.349800 N,063 43.572600 W,2.1,70.5,A,Primary,Headline,36.408163,D,P,343835.000000
Sun Aug 24 06:34:52 2025,24-Aug-2025,093453,48 27.350000 N,063 43.571600 W,2.2,70.1,A,Primary,Headline,36.408163,D,P,343835.000000
Sun Aug 24 06:34:52 2025,24-Aug-2025,093454,48 27.350100 N,063 43.570600 W,2.2,70.3,A,Primary,Headline,36.408163,D,P,343835.000000
Sun Aug 24 06:34:52 2025,24-Aug-2025,093455,48 27.350200 N,063 43.569700 W,2.2,70.1,A,Primary,Headline,36.408163,D,P,343835.000000
Sun Aug 24 06:34:52 2025,24-Aug-2025,093456,48 27.350400 N,063 43.568900 W,2.2,69.6,A,Primary,Headline,36.408163,D,P,343835.000000
Sun Aug 24 06:34:57 2025,24-Aug-2025,093457,48 27.350500 N,063 43.568100 W,2.2,69.4,A,Depth,Depth,38.796296,D,S,104560.000000
Sun Aug 24 06:34:58 2025,24-Aug-2025,093458,48 27.350700 N,063 43.567200 W,2.2,69.0,A,Primary,Headline,34.061224,D,P,83575.000000
Sun Aug 24 06:34:58 2025,24-Aug-2025,093459,48 27.350800 N,063 43.566400 W,2.3,68.6,A,Primary,Headline,34.061224,D,P,83575.000000
Sun Aug 24 06:34:58 2025,24-Aug-2025,093500,48 27.351100 N,063 43.565500 W,2.2,68.1,A,Primary,Headline,34.061224,D,P,83575.000000
Sun Aug 24 06:34:58 2025,24-Aug-2025,093501,48 27.351200 N,063 43.564700 W,2.2,67.7,A,Primary,Headline,34.061224,D,P,83575.000000
Sun Aug 24 06:34:58 2025,24-Aug-2025,093502,48 27.351300 N,063 43.564000 W,2.2,67.6,A,Primary,Headline,34.061224,D,P,83575.000000
Sun Aug 24 06:35:03 2025,24-Aug-2025,093503,48 27.351200 N,063 43.563100 W,2.3,68.3,A,Primary,Headline,47.612245,D,S,165394.000000
Sun Aug 24 06:35:04 2025,24-Aug-2025,093504,48 27.351200 N,063 43.562300 W,2.2,68.8,A,Depth,Depth,37.407407,D,S,163074.000000
Sun Aug 24 06:35:04 2025,24-Aug-2025,093505,48 27.351300 N,063 43.561700 W,2.0,69.2,A,Depth,Depth,37.407407,D,S,163074.000000
Sun Aug 24 06:35:04 2025,24-Aug-2025,093506,48 27.351500 N,063 43.561300 W,2.0,69.3,A,Depth,Depth,37.407407,D,S,163074.000000
Sun Aug 24 06:35:04 2025,24-Aug-2025,093507,48 27.351600 N,063 43.560600 W,2.0,69.6,A,Depth,Depth,37.407407,D,S,163074.000000
Sun Aug 24 06:35:04 2025,24-Aug-2025,093508,48 27.351700 N,063 43.559900 W,2.0,70.2,A,Depth,Depth,37.407407,D,S,163074.000000
Sun Aug 24 06:35:09 2025,24-Aug-2025,093509,48 27.351800 N,063 43.559200 W,2.0,70.7,A,Primary,Headline,31.469388,D,P,80605.000000
Sun Aug 24 06:35:09 2025,24-Aug-2025,093510,48 27.351900 N,063 43.558400 W,2.0,71.1,A,Primary,Headline,31.469388,D,P,80605.000000
Sun Aug 24 06:35:11 2025,24-Aug-2025,093511,48 27.351900 N,063 43.557700 W,2.0,72.0,A,Depth,Depth,33.981481,D,P,59511.000000
Sun Aug 24 06:35:11 2025,24-Aug-2025,093512,48 27.351900 N,063 43.556900 W,2.0,72.8,A,Depth,Depth,33.981481,D,P,59511.000000
Sun Aug 24 06:35:11 2025,24-Aug-2025,093513,48 27.352100 N,063 43.556100 W,2.0,72.9,A,Depth,Depth,33.981481,D,P,59511.000000
Sun Aug 24 06:35:14 2025,24-Aug-2025,093514,48 27.352400 N,063 43.555600 W,2.0,71.7,A,Primary,Headline,29.285714,D,S,123355.000000
Sun Aug 24 06:35:14 2025,24-Aug-2025,093515,48 27.352700 N,063 43.554900 W,2.1,70.8,A,Primary,Headline,29.285714,D,S,123355.000000
Sun Aug 24 06:35:14 2025,24-Aug-2025,093516,48 27.352700 N,063 43.553800 W,2.2,71.6,A,Primary,Headline,29.285714,D,S,123355.000000
Sun Aug 24 06:35:14 2025,24-Aug-2025,093517,48 27.352600 N,063 43.553000 W,2.1,72.4,A,Primary,Headline,29.285714,D,S,123355.000000
Sun Aug 24 06:35:18 2025,24-Aug-2025,093518,48 27.352700 N,063 43.552300 W,2.0,73.0,A,Depth,Depth,31.481481,D,S,145766.000000
Sun Aug 24 06:35:18 2025,24-Aug-2025,093519,48 27.352900 N,063 43.551700 W,2.0,72.5,A,Depth,Depth,31.481481,D,S,145766.000000
Sun Aug 24 06:35:20 2025,24-Aug-2025,093520,48 27.353300 N,063 43.551100 W,2.1,71.4,A,Primary,Headline,27.367347,D,S,70343.000000
Sun Aug 24 06:35:20 2025,24-Aug-2025,093521,48 27.353500 N,063 43.550300 W,2.1,71.0,A,Primary,Headline,27.367347,D,S,70343.000000
Sun Aug 24 06:35:20 2025,24-Aug-2025,093522,48 27.353500 N,063 43.549200 W,2.2,72.0,A,Primary,Headline,27.367347,D,S,70343.000000
Sun Aug 24 06:35:20 2025,24-Aug-2025,093523,48 27.353500 N,063 43.548200 W,2.2,73.2,A,Primary,Headline,27.367347,D,S,70343.000000
Sun Aug 24 06:35:20 2025,24-Aug-2025,093524,48 27.353500 N,063 43.547400 W,2.1,74.0,A,Primary,Headline,27.367347,D,S,70343.000000
Sun Aug 24 06:35:25 2025,24-Aug-2025,093525,48 27.353700 N,063 43.546800 W,2.1,74.4,A,Primary,Headline,25.938776,D,P,138487.000000
Sun Aug 24 06:35:25 2025,24-Aug-2025,093526,48 27.353900 N,063 43.546200 W,2.1,74.2,A,Primary,Headline,25.938776,D,P,138487.000000
Sun Aug 24 06:35:25 2025,24-Aug-2025,093527,48 27.354100 N,063 43.545300 W,2.0,74.2,A,Primary,Headline,25.938776,D,P,138487.000000
Sun Aug 24 06:35:25 2025,24-Aug-2025,093528,48 27.354300 N,063 43.544400 W,2.1,75.1,A,Primary,Headline,25.938776,D,P,138487.000000
Sun Aug 24 06:35:25 2025,24-Aug-2025,093529,48 27.354300 N,063 43.543400 W,2.2,76.6,A,Primary,Headline,25.938776,D,P,138487.000000
Sun Aug 24 06:35:25 2025,24-Aug-2025,093530,48 27.354400 N,063 43.542600 W,2.1,77.5,A,Primary,Headline,25.938776,D,P,138487.000000
Sun Aug 24 06:35:31 2025,24-Aug-2025,093531,48 27.354500 N,063 43.541900 W,2.1,78.0,A,Primary,Headline,24.285714,D,S,119100.000000
Sun Aug 24 06:35:32 2025,24-Aug-2025,093532,48 27.354800 N,063 43.541300 W,2.1,77.9,A,Depth,Depth,26.296296,D,S,101566.000000
Sun Aug 24 06:35:32 2025,24-Aug-2025,093533,48 27.354900 N,063 43.540500 W,2.1,77.9,A,Depth,Depth,26.296296,D,S,101566.000000
Sun Aug 24 06:35:32 2025,24-Aug-2025,093534,48 27.355000 N,063 43.539600 W,2.1,78.0,A,Depth,Depth,26.296296,D,S,101566.000000
Sun Aug 24 06:35:32 2025,24-Aug-2025,093535,48 27.355000 N,063 43.538700 W,2.2,78.0,A,Depth,Depth,26.296296,D,S,101566.000000
Sun Aug 24 06:35:36 2025,24-Aug-2025,093536,48 27.355000 N,063 43.537800 W,2.3,77.7,A,Primary,Headline,22.224490,D,S,317836.000000
Sun Aug 24 06:35:36 2025,24-Aug-2025,093537,48 27.355300 N,063 43.536900 W,2.3,76.3,A,Primary,Headline,22.224490,D,S,317836.000000
Sun Aug 24 06:35:36 2025,24-Aug-2025,093538,48 27.355700 N,063 43.536200 W,2.3,74.0,A,Primary,Headline,22.224490,D,S,317836.000000
Sun Aug 24 06:35:36 2025,24-Aug-2025,093539,48 27.356100 N,063 43.535400 W,2.4,72.2,A,Primary,Headline,22.224490,D,S,317836.000000
Sun Aug 24 06:35:39 2025,24-Aug-2025,093540,48 27.356200 N,063 43.534300 W,2.4,71.6,A,Depth,Depth,22.962963,D,P,160006.000000
Sun Aug 24 06:35:41 2025,24-Aug-2025,093541,48 27.356200 N,063 43.533300 W,2.4,71.8,A,Primary,Headline,20.061224,D,S,224733.000000
Sun Aug 24 06:35:41 2025,24-Aug-2025,093542,48 27.356200 N,063 43.532300 W,2.4,72.1,A,Primary,Headline,20.061224,D,S,224733.000000
Sun Aug 24 06:35:41 2025,24-Aug-2025,093543,48 27.356400 N,063 43.531400 W,2.4,71.4,A,Primary,Headline,20.061224,D,S,224733.000000
Sun Aug 24 06:35:41 2025,24-Aug-2025,093544,48 27.356900 N,063 43.530700 W,2.5,69.0,A,Primary,Headline,20.061224,D,S,224733.000000
Sun Aug 24 06:35:41 2025,24-Aug-2025,093545,48 27.357300 N,063 43.530000 W,2.5,67.1,A,Primary,Headline,20.061224,D,S,224733.000000
Sun Aug 24 06:35:46 2025,24-Aug-2025,093546,48 27.357500 N,063 43.528900 W,2.5,66.7,A,Depth,Depth,21.296296,D,S,225900.000000
Sun Aug 24 06:35:47 2025,24-Aug-2025,093547,48 27.357500 N,063 43.527900 W,2.4,66.9,A,Primary,Headline,18.204082,D,P,129330.000000
