Ship Number,Trip Number,Tow Number
Avalon Voyager,3,2
Comments
"Zone 12"
CPU Date and Time,GPS Date,GPS Time,Latitude,Longitude,Speed,Heading,Validity,Transducer Name,Sensor Name,Sensor Value,Error Code,Hydrophone,Signal Strength
Tue Aug 26 07:27:50 2025,26-Aug-2025,102752,47 53.827800 N,063 42.485600 W,2.4,358.5,A,DoorSpread,DoorMaster,2.885000,D,P,617742.000000
Tue Aug 26 07:27:51 2025,26-Aug-2025,102753,47 53.828500 N,063 42.485800 W,2.4,358.4,A,Depth,Depth,9.444444,D,S,27337.000000
Tue Aug 26 07:27:52 2025,26-Aug-2025,102754,47 53.829100 N,063 42.485900 W,2.4,358.6,A,Primary,Headline,24.510204,D,S,38269.000000
Tue Aug 26 07:27:52 2025,26-Aug-2025,102755,47 53.829800 N,063 42.485900 W,2.4,358.7,A,Primary,Headline,24.510204,D,S,38269.000000
Tue Aug 26 07:27:52 2025,26-Aug-2025,102756,47 53.830500 N,063 42.486000 W,2.4,358.6,A,Primary,Headline,24.510204,D,S,38269.000000
Tue Aug 26 07:27:55 2025,26-Aug-2025,102757,47 53.831100 N,063 42.486200 W,2.4,358.4,A,DoorSpread,DoorMaster,2.165000,D,S,1039229.000000
Tue Aug 26 07:27:55 2025,26-Aug-2025,102758,47 53.831800 N,063 42.486400 W,2.4,358.3,A,DoorSpread,DoorMaster,2.165000,D,S,1039229.000000
Tue Aug 26 07:27:57 2025,26-Aug-2025,102759,47 53.832400 N,063 42.486500 W,2.4,358.3,A,Primary,Headline,1.346939,D,S,133872.000000
Tue Aug 26 07:27:58 2025,26-Aug-2025,102800,47 53.833100 N,063 42.486500 W,2.4,358.3,A,Depth,Depth,6.481481,D,S,65053.000000
Tue Aug 26 07:27:58 2025,26-Aug-2025,102801,47 53.833800 N,063 42.486500 W,2.5,358.3,A,Depth,Depth,6.481481,D,S,65053.000000
Tue Aug 26 07:28:01 2025,26-Aug-2025,102802,47 53.834500 N,063 42.486600 W,2.5,358.0,A,DoorSpread,DoorMaster,1.805000,D,S,1067742.000000
Tue Aug 26 07:28:01 2025,26-Aug-2025,102803,47 53.835200 N,063 42.486800 W,2.5,357.7,A,DoorSpread,DoorMaster,1.805000,D,S,1067742.000000
Tue Aug 26 07:28:01 2025,26-Aug-2025,102804,47 53.835800 N,063 42.486800 W,2.5,357.6,A,DoorSpread,DoorMaster,1.805000,D,S,1067742.000000
Tue Aug 26 07:28:03 2025,26-Aug-2025,102805,47 53.836400 N,063 42.486900 W,2.5,357.7,A,Primary,Headline,49.734694,D,P,67838.000000
Tue Aug 26 07:28:03 2025,26-Aug-2025,102806,47 53.837200 N,063 42.487000 W,2.6,357.8,A,Primary,Headline,49.734694,D,P,67838.000000
Tue Aug 26 07:28:05 2025,26-Aug-2025,102807,47 53.838000 N,063 42.487100 W,2.6,357.7,A,Depth,Depth,14.351852,D,P,39681.000000
Tue Aug 26 07:28:06 2025,26-Aug-2025,102808,47 53.838700 N,063 42.487200 W,2.5,357.5,A,DoorSpread,DoorMaster,1.745000,D,S,1098455.000000
Tue Aug 26 07:28:06 2025,26-Aug-2025,102809,47 53.839500 N,063 42.487300 W,2.5,357.0,A,DoorSpread,DoorMaster,1.745000,D,S,1098455.000000
Tue Aug 26 07:28:08 2025,26-Aug-2025,102810,47 53.840300 N,063 42.487500 W,2.6,356.7,A,Primary,Headline,8.938776,D,S,67718.000000
Tue Aug 26 07:28:08 2025,26-Aug-2025,102811,47 53.841100 N,063 42.487400 W,2.6,356.8,A,Primary,Headline,8.938776,D,S,67718.000000
Tue Aug 26 07:28:08 2025,26-Aug-2025,102812,47 53.841800 N,063 42.487200 W,2.6,357.0,A,Primary,Headline,8.938776,D,S,67718.000000
Tue Aug 26 07:28:11 2025,26-Aug-2025,102813,47 53.842500 N,063 42.487100 W,2.5,357.0,A,DoorSpread,DoorMaster,1.515000,D,S,1087729.000000
Tue Aug 26 07:28:12 2025,26-Aug-2025,102814,47 53.843200 N,063 42.487200 W,2.5,356.5,A,Depth,Depth,14.351852,D,P,27999.000000
Tue Aug 26 07:28:14 2025,26-Aug-2025,102815,47 53.843900 N,063 42.487300 W,2.6,356.1,A,Primary,Headline,40.795918,D,S,106871.000000
Tue Aug 26 07:28:14 2025,26-Aug-2025,102816,47 53.844700 N,063 42.487300 W,2.5,356.0,A,Primary,Headline,40.795918,D,S,106871.000000
Tue Aug 26 07:28:14 2025,26-Aug-2025,102817,47 53.845400 N,063 42.487200 W,2.5,356.1,A,Primary,Headline,40.795918,D,S,106871.000000
Tue Aug 26 07:28:16 2025,26-Aug-2025,102818,47 53.846100 N,063 42.487200 W,2.6,356.3,A,DoorSpread,DoorMaster,1.755000,D,S,527903.000000
Tue Aug 26 07:28:16 2025,26-Aug-2025,102819,47 53.847000 N,063 42.487400 W,2.6,356.2,A,DoorSpread,DoorMaster,1.755000,D,S,527903.000000
Tue Aug 26 07:28:16 2025,26-Aug-2025,102820,47 53.847800 N,063 42.487600 W,2.6,355.8,A,DoorSpread,DoorMaster,1.755000,D,S,527903.000000
Tue Aug 26 07:28:19 2025,26-Aug-2025,102821,47 53.848600 N,063 42.487800 W,2.6,355.5,A,Depth,Depth,11.203704,D,S,55600.000000
Tue Aug 26 07:28:19 2025,26-Aug-2025,102822,47 53.849300 N,063 42.487800 W,2.6,355.6,A,Depth,Depth,11.203704,D,S,55600.000000
Tue Aug 26 07:28:22 2025,26-Aug-2025,102823,47 53.850100 N,063 42.487800 W,2.7,355.8,A,DoorSpread,DoorMaster,1.760000,D,P,878022.000000
Tue Aug 26 07:28:22 2025,26-Aug-2025,102824,47 53.850900 N,063 42.487900 W,2.7,355.8,A,DoorSpread,DoorMaster,1.760000,D,P,878022.000000
Tue Aug 26 07:28:22 2025,26-Aug-2025,102825,47 53.851700 N,063 42.488100 W,2.7,355.7,A,DoorSpread,DoorMaster,1.760000,D,P,878022.000000
Tue Aug 26 07:28:24 2025,26-Aug-2025,102826,47 53.852500 N,063 42.488300 W,2.8,355.4,A,Primary,Headline,14.836735,D,P,136396.000000
Tue Aug 26 07:28:24 2025,26-Aug-2025,102827,47 53.853300 N,063 42.488400 W,2.8,355.4,A,Primary,Headline,14.836735,D,P,136396.000000
Tue Aug 26 07:28:26 2025,26-Aug-2025,102828,47 53.854200 N,063 42.488300 W,2.8,355.5,A,Depth,Depth,15.462963,D,P,82650.000000
Tue Aug 26 07:28:27 2025,26-Aug-2025,102829,47 53.855000 N,063 42.488400 W,2.8,355.8,A,DoorSpread,DoorMaster,1.755000,D,S,695311.000000
Tue Aug 26 07:28:27 2025,26-Aug-2025,102830,47 53.855900 N,063 42.488600 W,2.8,355.9,A,DoorSpread,DoorMaster,1.755000,D,S,695311.000000
Tue Aug 26 07:28:29 2025,26-Aug-2025,102831,47 53.856700 N,063 42.488800 W,2.8,355.8,A,Primary,Headline,1.510204,D,S,125616.000000
Tue Aug 26 07:28:29 2025,26-Aug-2025,102832,47 53.857500 N,063 42.488900 W,2.8,355.7,A,Primary,Headline,1.510204,D,S,125616.000000
Tue Aug 26 07:28:29 2025,26-Aug-2025,102833,47 53.858300 N,063 42.488900 W,2.8,355.8,A,Primary,Headline,1.510204,D,S,125616.000000
Tue Aug 26 07:28:29 2025,26-Aug-2025,102834,47 53.859100 N,063 42.488800 W,2.8,356.0,A,Primary,Headline,1.510204,D,S,125616.000000
Tue Aug 26 07:28:34 2025,26-Aug-2025,102835,47 53.859800 N,063 42.488800 W,2.8,356.0,A,Depth,Depth,16.944444,D,P,128294.000000
Tue Aug 26 07:28:34 2025,26-Aug-2025,102836,47 53.860600 N,063 42.489000 W,2.8,355.9,A,Primary,Headline,1.734694,D,P,167994.000000
Tue Aug 26 07:28:34 2025,26-Aug-2025,102837,47 53.861300 N,063 42.489000 W,2.9,355.8,A,Primary,Headline,1.734694,D,P,167994.000000
Tue Aug 26 07:28:34 2025,26-Aug-2025,102838,47 53.862100 N,063 42.489000 W,2.9,356.0,A,Primary,Headline,1.734694,D,P,167994.000000
Tue Aug 26 07:28:34 2025,26-Aug-2025,102839,47 53.862900 N,063 42.489000 W,3.0,355.9,A,Primary,Headline,1.734694,D,P,167994.000000
Tue Aug 26 07:28:34 2025,26-Aug-2025,102840,47 53.863800 N,063 42.489200 W,3.0,355.7,A,Primary,Headline,1.734694,D,P,167994.000000
Tue Aug 26 07:28:39 2025,26-Aug-2025,102841,47 53.864700 N,063 42.489400 W,3.1,355.6,A,Primary,Headline,1.897959,D,S,70335.000000
Tue Aug 26 07:28:41 2025,26-Aug-2025,102842,47 53.865700 N,063 42.489500 W,3.3,356.3,A,Depth,Depth,16.666667,D,S,98260.000000
Tue Aug 26 07:28:41 2025,26-Aug-2025,102843,47 53.866700 N,063 42.489500 W,3.4,356.6,A,Depth,Depth,16.666667,D,S,98260.000000
Tue Aug 26 07:28:41 2025,26-Aug-2025,102844,47 53.867800 N,063 42.489700 W,3.5,355.7,A,Depth,Depth,16.666667,D,S,98260.000000
Tue Aug 26 07:28:41 2025,26-Aug-2025,102845,47 53.868900 N,063 42.489900 W,3.7,354.9,A,Depth,Depth,16.666667,D,S,98260.000000
Tue Aug 26 07:28:44 2025,26-Aug-2025,102846,47 53.870000 N,063 42.490100 W,3.8,355.1,A,Primary,Headline,2.040816,D,S,142058.000000
Tue Aug 26 07:28:44 2025,26-Aug-2025,102847,47 53.871200 N,063 42.490200 W,3.9,355.9,A,Primary,Headline,2.040816,D,S,142058.000000
Tue Aug 26 07:28:44 2025,26-Aug-2025,102848,47 53.872400 N,063 42.490200 W,4.0,356.7,A,Primary,Headline,2.040816,D,S,142058.000000
Tue Aug 26 07:28:48 2025,26-Aug-2025,102849,47 53.873700 N,063 42.490300 W,4.1,357.0,A,Depth,Depth,18.148148,D,S,80638.000000
Tue Aug 26 07:28:48 2025,26-Aug-2025,102850,47 53.875000 N,063 42.490500 W,4.2,356.8,A,Depth,Depth,18.148148,D,S,80638.000000
Tue Aug 26 07:28:49 2025,26-Aug-2025,102851,47 53.876100 N,063 42.490600 W,4.3,356.3,A,Primary,Headline,2.428571,D,S,83739.000000
Tue Aug 26 07:28:49 2025,26-Aug-2025,102852,47 53.877400 N,063 42.490700 W,4.4,356.6,A,Primary,Headline,2.428571,D,S,83739.000000
Tue Aug 26 07:28:49 2025,26-Aug-2025,102853,47 53.878600 N,063 42.490700 W,4.5,357.2,A,Primary,Headline,2.428571,D,S,83739.000000
Tue Aug 26 07:28:49 2025,26-Aug-2025,102854,47 53.880000 N,063 42.490700 W,4.5,357.5,A,Primary,Headline,2.428571,D,S,83739.000000
Tue Aug 26 07:28:49 2025,26-Aug-2025,102855,47 53.881300 N,063 42.490800 W,4.6,357.1,A,Primary,Headline,2.428571,D,S,83739.000000
Tue Aug 26 07:28:55 2025,26-Aug-2025,102856,47 53.882700 N,063 42.490900 W,4.7,356.9,A,Primary,Headline,1.877551,D,S,132600.000000
Tue Aug 26 07:28:55 2025,26-Aug-2025,102857,47 53.884200 N,063 42.491100 W,4.7,356.9,A,Primary,Headline,1.877551,D,S,132600.000000
Tue Aug 26 07:28:55 2025,26-Aug-2025,102858,47 53.885700 N,063 42.491100 W,4.8,357.5,A,Primary,Headline,1.877551,D,S,132600.000000
Tue Aug 26 07:28:57 2025,26-Aug-2025,102859,47 53.887200 N,063 42.491000 W,4.9,357.9,A,DoorSpread,DoorMaster,3.355000,D,P,238694.000000
Tue Aug 26 07:28:57 2025,26-Aug-2025,102900,47 53.888600 N,063 42.491000 W,4.9,358.0,A,DoorSpread,DoorMaster,3.355000,D,P,238694.000000
Tue Aug 26 07:29:00 2025,26-Aug-2025,102901,47 53.889900 N,063 42.491100 W,4.9,357.5,A,Primary,Headline,3.183673,D,S,202382.000000
Tue Aug 26 07:29:00 2025,26-Aug-2025,102902,47 53.891300 N,063 42.491300 W,4.9,357.0,A,Primary,Headline,3.183673,D,S,202382.000000
Tue Aug 26 07:29:00 2025,26-Aug-2025,102903,47 53.892800 N,063 42.491400 W,5.0,357.5,A,Primary,Headline,3.183673,D,S,202382.000000
Tue Aug 26 07:29:00 2025,26-Aug-2025,102904,47 53.894200 N,063 42.491500 W,5.0,357.9,A,Primary,Headline,3.183673,D,S,202382.000000
Tue Aug 26 07:29:03 2025,26-Aug-2025,102905,47 53.895600 N,063 42.491500 W,5.0,358.0,A,DoorSpread,DoorMaster,4.835000,D,S,868912.000000
Tue Aug 26 07:29:03 2025,26-Aug-2025,102906,47 53.897000 N,063 42.491400 W,5.0,358.2,A,DoorSpread,DoorMaster,4.835000,D,S,868912.000000
Tue Aug 26 07:29:06 2025,26-Aug-2025,102907,47 53.898300 N,063 42.491500 W,5.0,358.3,A,Primary,Headline,58.693878,D,S,310080.000000
Tue Aug 26 07:29:06 2025,26-Aug-2025,102908,47 53.899800 N,063 42.491700 W,5.0,357.8,A,Primary,Headline,58.693878,D,S,310080.000000
Tue Aug 26 07:29:06 2025,26-Aug-2025,102909,47 53.901200 N,063 42.491900 W,5.1,357.5,A,Primary,Headline,58.693878,D,S,310080.000000
Tue Aug 26 07:29:09 2025,26-Aug-2025,102910,47 53.902700 N,063 42.491900 W,5.1,357.6,A,DoorSpread,DoorMaster,4.340000,D,S,746552.000000
Tue Aug 26 07:29:09 2025,26-Aug-2025,102911,47 53.904200 N,063 42.492000 W,5.1,357.9,A,Depth,Depth,16.111111,D,S,81152.000000
Tue Aug 26 07:29:09 2025,26-Aug-2025,102912,47 53.905700 N,063 42.492100 W,5.1,358.1,A,Depth,Depth,16.111111,D,S,81152.000000
Tue Aug 26 07:29:11 2025,26-Aug-2025,102913,47 53.907300 N,063 42.492200 W,5.1,358.3,A,Primary,Headline,30.183673,D,S,149713.000000
Tue Aug 26 07:29:11 2025,26-Aug-2025,102914,47 53.908700 N,063 42.492300 W,5.1,358.2,A,Primary,Headline,30.183673,D,S,149713.000000
Tue Aug 26 07:29:11 2025,26-Aug-2025,102915,47 53.910100 N,063 42.492400 W,5.1,357.7,A,Primary,Headline,30.183673,D,S,149713.000000
Tue Aug 26 07:29:11 2025,26-Aug-2025,102916,47 53.911400 N,063 42.492600 W,5.1,357.3,A,Primary,Headline,30.183673,D,S,149713.000000
Tue Aug 26 07:29:11 2025,26-Aug-2025,102917,47 53.912700 N,063 42.492600 W,5.1,357.4,A,Primary,Headline,30.183673,D,S,149713.000000
Tue Aug 26 07:29:16 2025,26-Aug-2025,102918,47 53.914100 N,063 42.492800 W,5.1,357.4,A,Depth,Depth,19.629630,D,S,161982.000000
Tue Aug 26 07:29:17 2025,26-Aug-2025,102919,47 53.915500 N,063 42.492900 W,5.1,357.6,A,Primary,Headline,54.306122,D,S,215895.000000
Tue Aug 26 07:29:17 2025,26-Aug-2025,102920,47 53.916900 N,063 42.493000 W,5.1,357.9,A,Primary,Headline,54.306122,D,S,215895.000000
Tue Aug 26 07:29:17 2025,26-Aug-2025,102921,47 53.918300 N,063 42.493000 W,5.1,357.6,A,Primary,Headline,54.306122,D,S,215895.000000
Tue Aug 26 07:29:17 2025,26-Aug-2025,102922,47 53.919700 N,063 42.493100 W,5.1,357.1,A,Primary,Headline,54.306122,D,S,215895.000000
Tue Aug 26 07:29:17 2025,26-Aug-2025,102923,47 53.921200 N,063 42.493300 W,5.1,356.9,A,Primary,Headline,54.306122,D,S,215895.000000
Tue Aug 26 07:29:23 2025,26-Aug-2025,102924,47 53.922700 N,063 42.493400 W,5.2,357.1,A,Primary,Headline,53.938776,D,S,218170.000000
Tue Aug 26 07:29:23 2025,26-Aug-2025,102925,47 53.924300 N,063 42.493500 W,5.2,357.7,A,Primary,Headline,53.938776,D,S,218170.000000
Tue Aug 26 07:29:23 2025,26-Aug-2025,102926,47 53.925900 N,063 42.493500 W,5.1,357.9,A,Primary,Headline,53.938776,D,S,218170.000000
Tue Aug 26 07:29:23 2025,26-Aug-2025,102927,47 53.927400 N,063 42.493600 W,5.1,357.8,A,Primary,Headline,53.938776,D,S,218170.000000
Tue Aug 26 07:29:23 2025,26-Aug-2025,102928,47 53.928900 N,063 42.493800 W,5.1,357.6,A,Primary,Headline,53.938776,D,S,218170.000000
Tue Aug 26 07:29:23 2025,26-Aug-2025,102929,47 53.930300 N,063 42.493800 W,5.1,357.6,A,Primary,Headline,53.938776,D,S,218170.000000
Tue Aug 26 07:29:29 2025,26-Aug-2025,102930,47 53.931700 N,063 42.493800 W,5.1,357.9,A,Primary,Headline,54.040816,D,S,200101.000000
Tue Aug 26 07:29:29 2025,26-Aug-2025,102931,47 53.933100 N,063 42.493900 W,5.1,357.9,A,Primary,Headline,54.040816,D,S,200101.000000
Tue Aug 26 07:29:29 2025,26-Aug-2025,102932,47 53.934600 N,063 42.494000 W,5.1,357.8,A,Primary,Headline,54.040816,D,S,200101.000000
Tue Aug 26 07:29:29 2025,26-Aug-2025,102933,47 53.936000 N,063 42.494200 W,5.1,357.9,A,Primary,Headline,54.040816,D,S,200101.000000
Tue Aug 26 07:29:29 2025,26-Aug-2025,102934,47 53.937400 N,063 42.494400 W,5.1,357.9,A,Primary,Headline,54.040816,D,S,200101.000000
Tue Aug 26 07:29:29 2025,26-Aug-2025,102935,47 53.938800 N,063 42.494400 W,5.1,358.0,A,Primary,Headline,54.040816,D,S,200101.000000
Tue Aug 26 07:29:35 2025,26-Aug-2025,102936,47 53.940300 N,063 42.494600 W,5.1,357.9,A,Primary,Headline,53.877551,D,S,264661.000000
Tue Aug 26 07:29:35 2025,26-Aug-2025,102937,47 53.941700 N,063 42.494800 W,5.1,357.5,A,Primary,Headline,53.877551,D,S,264661.000000
Tue Aug 26 07:29:35 2025,26-Aug-2025,102938,47 53.943100 N,063 42.494900 W,5.1,357.7,A,Primary,Headline,53.877551,D,S,264661.000000
Tue Aug 26 07:29:37 2025,26-Aug-2025,102939,47 53.944500 N,063 42.495000 W,5.1,357.7,A,Depth,Depth,15.462963,D,S,208018.000000
Tue Aug 26 07:29:37 2025,26-Aug-2025,102940,47 53.945800 N,063 42.495100 W,5.1,357.7,A,Depth,Depth,15.462963,D,S,208018.000000
Tue Aug 26 07:29:40 2025,26-Aug-2025,102941,47 53.947200 N,063 42.495100 W,5.1,358.0,A,DoorSpread,DoorMaster,5.390000,D,S,440969.000000
Tue Aug 26 07:29:41 2025,26-Aug-2025,102942,47 53.948600 N,063 42.495000 W,5.1,358.3,A,Primary,Headline,53.469388,D,S,255590.000000
Tue Aug 26 07:29:41 2025,26-Aug-2025,102943,47 53.950000 N,063 42.495000 W,5.1,358.1,A,Primary,Headline,53.469388,D,S,255590.000000
Tue Aug 26 07:29:41 2025,26-Aug-2025,102944,47 53.951500 N,063 42.495100 W,5.0,357.2,A,Primary,Headline,53.469388,D,S,255590.000000
Tue Aug 26 07:29:41 2025,26-Aug-2025,102945,47 53.952900 N,063 42.495400 W,5.0,356.4,A,Primary,Headline,53.469388,D,S,255590.000000
Tue Aug 26 07:29:41 2025,26-Aug-2025,102946,47 53.954300 N,063 42.495500 W,5.0,356.3,A,Primary,Headline,53.469388,D,S,255590.000000
Tue Aug 26 07:29:46 2025,26-Aug-2025,102947,47 53.955800 N,063 42.495400 W,5.0,356.9,A,Primary,Headline,13.510204,D,S,260598.000000
Tue Aug 26 07:29:46 2025,26-Aug-2025,102948,47 53.957100 N,063 42.495200 W,5.0,357.7,A,Primary,Headline,13.510204,D,S,260598.000000
Tue Aug 26 07:29:46 2025,26-Aug-2025,102949,47 53.958500 N,063 42.495200 W,5.0,357.2,A,Primary,Headline,13.510204,D,S,260598.000000
Tue Aug 26 07:29:46 2025,26-Aug-2025,102950,47 53.959900 N,063 42.495300 W,5.0,356.9,A,Primary,Headline,13.510204,D,S,260598.000000
Tue Aug 26 07:29:46 2025,26-Aug-2025,102951,47 53.961200 N,063 42.495400 W,5.0,356.8,A,Primary,Headline,13.510204,D,S,260598.000000
Tue Aug 26 07:29:51 2025,26-Aug-2025,102952,47 53.962500 N,063 42.495400 W,5.0,357.1,A,DoorSpread,DoorMaster,5.815000,D,P,95112.000000
Tue Aug 26 07:29:51 2025,26-Aug-2025,102953,47 53.963800 N,063 42.495500 W,5.0,357.2,A,Primary,Headline,52.959184,D,S,145316.000000
Tue Aug 26 07:29:51 2025,26-Aug-2025,102954,47 53.965100 N,063 42.495600 W,5.0,357.4,A,Primary,Headline,52.959184,D,S,145316.000000
Tue Aug 26 07:29:51 2025,26-Aug-2025,102955,47 53.966400 N,063 42.495600 W,5.0,357.7,A,Primary,Headline,52.959184,D,S,145316.000000
Tue Aug 26 07:29:51 2025,26-Aug-2025,102956,47 53.967800 N,063 42.495700 W,5.0,357.5,A,Primary,Headline,52.959184,D,S,145316.000000
Tue Aug 26 07:29:51 2025,26-Aug-2025,102957,47 53.969300 N,063 42.495900 W,5.0,357.1,A,Primary,Headline,52.959184,D,S,145316.000000
Tue Aug 26 07:29:56 2025,26-Aug-2025,102958,47 53.970800 N,063 42.496200 W,5.0,357.1,A,DoorSpread,DoorMaster,5.735000,D,S,493826.000000
Tue Aug 26 07:29:57 2025,26-Aug-2025,102959,47 53.972200 N,063 42.496400 W,5.0,357.5,A,Primary,Headline,52.836735,D,S,174319.000000
Tue Aug 26 07:29:58 2025,26-Aug-2025,103000,47 53.973600 N,063 42.496400 W,5.0,357.7,A,Depth,Depth,18.703704,D,S,118405.000000
Tue Aug 26 07:29:58 2025,26-Aug-2025,103001,47 53.975000 N,063 42.496600 W,5.0,357.5,A,Depth,Depth,18.703704,D,S,118405.000000
Tue Aug 26 07:29:58 2025,26-Aug-2025,103002,47 53.976300 N,063 42.496800 W,5.0,357.3,A,Depth,Depth,18.703704,D,S,118405.000000
Tue Aug 26 07:29:58 2025,26-Aug-2025,103003,47 53.977600 N,063 42.496900 W,5.0,357.5,A,Depth,Depth,18.703704,D,S,118405.000000
Tue Aug 26 07:30:02 2025,26-Aug-2025,103004,47 53.979100 N,063 42.497100 W,5.0,357.5,A,DoorSpread,DoorMaster,6.010000,D,S,323426.000000
Tue Aug 26 07:30:03 2025,26-Aug-2025,103005,47 53.980400 N,063 42.497200 W,5.0,357.4,A,Primary,Headline,52.469388,D,S,113135.000000
Tue Aug 26 07:30:03 2025,26-Aug-2025,103006,47 53.981800 N,063 42.497300 W,5.0,357.3,A,Primary,Headline,52.469388,D,S,113135.000000
Tue Aug 26 07:30:05 2025,26-Aug-2025,103007,47 53.983100 N,063 42.497300 W,5.0,357.3,A,Depth,Depth,21.944444,D,S,124710.000000
Tue Aug 26 07:30:05 2025,26-Aug-2025,103008,47 53.984500 N,063 42.497500 W,5.0,357.5,A,Depth,Depth,21.944444,D,S,124710.000000
Tue Aug 26 07:30:07 2025,26-Aug-2025,103009,47 53.985900 N,063 42.497500 W,5.0,358.0,A,DoorSpread,DoorMaster,6.185000,D,S,259544.000000
Tue Aug 26 07:30:09 2025,26-Aug-2025,103010,47 53.987300 N,063 42.497600 W,5.1,358.2,A,Primary,Headline,28.306122,D,S,79163.000000
Tue Aug 26 07:30:09 2025,26-Aug-2025,103011,47 53.988700 N,063 42.497800 W,5.1,357.6,A,Primary,Headline,28.306122,D,S,79163.000000
Tue Aug 26 07:30:09 2025,26-Aug-2025,103012,47 53.990100 N,063 42.498100 W,5.1,357.0,A,Primary,Headline,28.306122,D,S,79163.000000
Tue Aug 26 07:30:09 2025,26-Aug-2025,103013,47 53.991400 N,063 42.498300 W,5.0,357.6,A,Primary,Headline,28.306122,D,S,79163.000000
Tue Aug 26 07:30:12 2025,26-Aug-2025,103014,47 53.992800 N,063 42.498200 W,5.0,358.5,A,Depth,Depth,20.370370,D,S,109094.000000
Tue Aug 26 07:30:13 2025,26-Aug-2025,103015,47 53.994300 N,063 42.498100 W,5.1,358.9,A,DoorSpread,DoorMaster,6.365000,D,S,185617.000000
Tue Aug 26 07:30:15 2025,26-Aug-2025,103016,47 53.995900 N,063 42.498200 W,5.1,358.2,A,Primary,Headline,51.367347,D,S,291287.000000
Tue Aug 26 07:30:15 2025,26-Aug-2025,103017,47 53.997300 N,063 42.498400 W,5.1,357.8,A,Primary,Headline,51.367347,D,S,291287.000000
Tue Aug 26 07:30:15 2025,26-Aug-2025,103018,47 53.998700 N,063 42.498400 W,5.0,357.6,A,Primary,Headline,51.367347,D,S,291287.000000
Tue Aug 26 07:30:15 2025,26-Aug-2025,103019,47 54.000200 N,063 42.498400 W,5.0,357.7,A,Primary,Headline,51.367347,D,S,291287.000000
Tue Aug 26 07:30:19 2025,26-Aug-2025,103020,47 54.001700 N,063 42.498300 W,5.0,358.4,A,DoorSpread,DoorMaster,6.185000,D,S,485973.000000
Tue Aug 26 07:30:19 2025,26-Aug-2025,103021,47 54.003100 N,063 42.498200 W,5.0,358.9,A,Depth,Depth,22.314815,D,S,184722.000000
Tue Aug 26 07:30:20 2025,26-Aug-2025,103022,47 54.004500 N,063 42.498100 W,5.0,359.0,A,Primary,Headline,46.877551,D,S,252588.000000
Tue Aug 26 07:30:20 2025,26-Aug-2025,103023,47 54.005900 N,063 42.498100 W,5.0,358.3,A,Primary,Headline,46.877551,D,S,252588.000000
Tue Aug 26 07:30:20 2025,26-Aug-2025,103024,47 54.007400 N,063 42.498200 W,5.0,357.7,A,Primary,Headline,46.877551,D,S,252588.000000
Tue Aug 26 07:30:20 2025,26-Aug-2025,103025,47 54.008800 N,063 42.498200 W,5.0,357.5,A,Primary,Headline,46.877551,D,S,252588.000000
Tue Aug 26 07:30:24 2025,26-Aug-2025,103026,47 54.010100 N,063 42.498200 W,5.0,357.8,A,DoorSpread,DoorMaster,5.910000,D,S,250831.000000
Tue Aug 26 07:30:24 2025,26-Aug-2025,103027,47 54.011500 N,063 42.498100 W,5.0,358.2,A,DoorSpread,DoorMaster,5.910000,D,S,250831.000000
Tue Aug 26 07:30:27 2025,26-Aug-2025,103028,47 54.013000 N,063 42.498000 W,5.0,358.2,A,Depth,Depth,24.722222,D,S,121378.000000
Tue Aug 26 07:30:27 2025,26-Aug-2025,103029,47 54.014400 N,063 42.498100 W,5.0,357.4,A,Depth,Depth,24.722222,D,S,121378.000000
Tue Aug 26 07:30:27 2025,26-Aug-2025,103030,47 54.015800 N,063 42.498300 W,5.0,356.9,A,Depth,Depth,24.722222,D,S,121378.000000
Tue Aug 26 07:30:27 2025,26-Aug-2025,103031,47 54.017300 N,063 42.498400 W,5.0,357.2,A,Depth,Depth,24.722222,D,S,121378.000000
Tue Aug 26 07:30:27 2025,26-Aug-2025,103032,47 54.018700 N,063 42.498400 W,5.0,357.7,A,Depth,Depth,24.722222,D,S,121378.000000
Tue Aug 26 07:30:27 2025,26-Aug-2025,103033,47 54.020200 N,063 42.498400 W,5.0,357.9,A,Depth,Depth,24.722222,D,S,121378.000000
Tue Aug 26 07:30:32 2025,26-Aug-2025,103034,47 54.021500 N,063 42.498600 W,5.0,357.7,A,Primary,Headline,46.469388,D,S,203480.000000
Tue Aug 26 07:30:34 2025,26-Aug-2025,103035,47 54.022900 N,063 42.498800 W,5.0,357.1,A,Depth,Depth,26.203704,D,S,139838.000000
Tue Aug 26 07:30:34 2025,26-Aug-2025,103036,47 54.024300 N,063 42.499100 W,5.0,356.9,A,Depth,Depth,26.203704,D,S,139838.000000
Tue Aug 26 07:30:35 2025,26-Aug-2025,103037,47 54.025800 N,063 42.499500 W,5.0,357.1,A,DoorSpread,DoorMaster,6.135000,D,S,332646.000000
Tue Aug 26 07:30:35 2025,26-Aug-2025,103038,47 54.027300 N,063 42.499700 W,5.0,357.4,A,DoorSpread,DoorMaster,6.135000,D,S,332646.000000
Tue Aug 26 07:30:37 2025,26-Aug-2025,103039,47 54.028700 N,063 42.499700 W,5.1,358.0,A,Primary,Headline,15.387755,D,S,164825.000000
Tue Aug 26 07:30:37 2025,26-Aug-2025,103040,47 54.030100 N,063 42.499800 W,5.1,357.9,A,Primary,Headline,15.387755,D,S,164825.000000
Tue Aug 26 07:30:37 2025,26-Aug-2025,103041,47 54.031600 N,063 42.500000 W,5.1,357.1,A,Primary,Headline,15.387755,D,S,164825.000000
Tue Aug 26 07:30:41 2025,26-Aug-2025,103042,47 54.033000 N,063 42.500200 W,5.1,356.8,A,Depth,Depth,27.685185,D,S,124084.000000
Tue Aug 26 07:30:41 2025,26-Aug-2025,103043,47 54.034500 N,063 42.500300 W,5.1,357.0,A,Depth,Depth,27.685185,D,S,124084.000000
Tue Aug 26 07:30:41 2025,26-Aug-2025,103044,47 54.036000 N,063 42.500300 W,5.1,357.7,A,Depth,Depth,27.685185,D,S,124084.000000
Tue Aug 26 07:30:43 2025,26-Aug-2025,103045,47 54.037400 N,063 42.500200 W,5.1,358.4,A,Primary,Headline,45.265306,D,S,132091.000000
Tue Aug 26 07:30:43 2025,26-Aug-2025,103046,47 54.038700 N,063 42.500200 W,5.1,358.2,A,Primary,Headline,45.265306,D,S,132091.000000
Tue Aug 26 07:30:43 2025,26-Aug-2025,103047,47 54.040200 N,063 42.500400 W,5.1,357.5,A,Primary,Headline,45.265306,D,S,132091.000000
Tue Aug 26 07:30:46 2025,26-Aug-2025,103048,47 54.041700 N,063 42.500600 W,5.1,357.4,A,DoorSpread,DoorMaster,6.190000,D,S,221050.000000
Tue Aug 26 07:30:46 2025,26-Aug-2025,103049,47 54.043100 N,063 42.500600 W,5.1,357.9,A,DoorSpread,DoorMaster,6.190000,D,S,221050.000000
Tue Aug 26 07:30:49 2025,26-Aug-2025,103050,47 54.044400 N,063 42.500500 W,5.1,358.3,A,Primary,Headline,42.714286,D,S,44017.000000
Tue Aug 26 07:30:49 2025,26-Aug-2025,103051,47 54.045800 N,063 42.500600 W,5.1,358.1,A,Primary,Headline,42.714286,D,S,44017.000000
Tue Aug 26 07:30:49 2025,26-Aug-2025,103052,47 54.047200 N,063 42.500700 W,5.0,357.9,A,Primary,Headline,42.714286,D,S,44017.000000
Tue Aug 26 07:30:52 2025,26-Aug-2025,103053,47 54.048700 N,063 42.500800 W,5.1,358.1,A,DoorSpread,DoorMaster,6.200000,D,S,455004.000000
Tue Aug 26 07:30:52 2025,26-Aug-2025,103054,47 54.050200 N,063 42.500900 W,5.1,358.0,A,DoorSpread,DoorMaster,6.200000,D,S,455004.000000
Tue Aug 26 07:30:52 2025,26-Aug-2025,103055,47 54.051700 N,063 42.501000 W,5.1,357.7,A,DoorSpread,DoorMaster,6.200000,D,S,455004.000000
Tue Aug 26 07:30:54 2025,26-Aug-2025,103056,47 54.053200 N,063 42.501100 W,5.1,357.8,A,Primary,Headline,42.612245,D,S,54205.000000
Tue Aug 26 07:30:55 2025,26-Aug-2025,103057,47 54.054600 N,063 42.501000 W,5.0,358.3,A,Depth,Depth,32.777778,D,S,30399.000000
Tue Aug 26 07:30:55 2025,26-Aug-2025,103058,47 54.056000 N,063 42.500900 W,5.0,358.6,A,Depth,Depth,32.777778,D,S,30399.000000
Tue Aug 26 07:30:55 2025,26-Aug-2025,103059,47 54.057400 N,063 42.501000 W,5.1,358.5,A,Depth,Depth,32.777778,D,S,30399.000000
Tue Aug 26 07:30:55 2025,26-Aug-2025,103100,47 54.058800 N,063 42.501100 W,5.1,358.2,A,Depth,Depth,32.777778,D,S,30399.000000
Tue Aug 26 07:30:55 2025,26-Aug-2025,103101,47 54.060200 N,063 42.501200 W,5.1,358.2,A,Depth,Depth,32.777778,D,S,30399.000000
Tue Aug 26 07:31:00 2025,26-Aug-2025,103102,47 54.061500 N,063 42.501200 W,5.1,358.7,A,Primary,Headline,41.551020,D,S,99327.000000
Tue Aug 26 07:31:00 2025,26-Aug-2025,103103,47 54.062900 N,063 42.501100 W,5.0,358.8,A,Primary,Headline,41.551020,D,S,99327.000000
Tue Aug 26 07:31:02 2025,26-Aug-2025,103104,47 54.064100 N,063 42.501200 W,5.0,358.4,A,DoorSpread,DoorMaster,6.430000,D,S,255725.000000
Tue Aug 26 07:31:02 2025,26-Aug-2025,103105,47 54.065400 N,063 42.501400 W,5.0,358.2,A,DoorSpread,DoorMaster,6.430000,D,S,255725.000000
Tue Aug 26 07:31:02 2025,26-Aug-2025,103106,47 54.066600 N,063 42.501600 W,5.0,358.1,A,DoorSpread,DoorMaster,6.430000,D,S,255725.000000
Tue Aug 26 07:31:06 2025,26-Aug-2025,103107,47 54.067900 N,063 42.501700 W,5.0,358.0,A,Primary,Headline,38.897959,D,S,83187.000000
Tue Aug 26 07:31:06 2025,26-Aug-2025,103108,47 54.069100 N,063 42.501900 W,5.0,357.8,A,Primary,Headline,38.897959,D,S,83187.000000
Tue Aug 26 07:31:08 2025,26-Aug-2025,103109,47 54.070400 N,063 42.502100 W,4.9,357.5,A,DoorSpread,DoorMaster,6.270000,D,S,363297.000000
Tue Aug 26 07:31:08 2025,26-Aug-2025,103110,47 54.071600 N,063 42.502400 W,4.9,357.1,A,DoorSpread,DoorMaster,6.270000,D,S,363297.000000
Tue Aug 26 07:31:09 2025,26-Aug-2025,103111,47 54.073000 N,063 42.502600 W,4.9,357.3,A,Depth,Depth,28.796296,D,P,39931.000000
Tue Aug 26 07:31:09 2025,26-Aug-2025,103112,47 54.074200 N,063 42.502700 W,4.9,357.5,A,Depth,Depth,28.796296,D,P,39931.000000
Tue Aug 26 07:31:11 2025,26-Aug-2025,103113,47 54.075600 N,063 42.502900 W,4.9,357.3,A,Primary,Headline,38.836735,D,S,66060.000000
Tue Aug 26 07:31:11 2025,26-Aug-2025,103114,47 54.077000 N,063 42.503000 W,4.9,357.3,A,Primary,Headline,38.836735,D,S,66060.000000
Tue Aug 26 07:31:13 2025,26-Aug-2025,103115,47 54.078400 N,063 42.503200 W,4.9,357.1,A,DoorSpread,DoorMaster,6.980000,D,S,43494.000000
Tue Aug 26 07:31:13 2025,26-Aug-2025,103116,47 54.079700 N,063 42.503300 W,4.9,357.2,A,DoorSpread,DoorMaster,6.980000,D,S,43494.000000
Tue Aug 26 07:31:13 2025,26-Aug-2025,103117,47 54.081000 N,063 42.503300 W,4.9,357.5,A,DoorSpread,DoorMaster,6.980000,D,S,43494.000000
Tue Aug 26 07:31:16 2025,26-Aug-2025,103118,47 54.082400 N,063 42.503400 W,4.9,357.7,A,Depth,Depth,33.611111,D,S,44593.000000
Tue Aug 26 07:31:17 2025,26-Aug-2025,103119,47 54.083800 N,063 42.503500 W,4.9,357.7,A,Primary,Headline,36.693878,D,S,85148.000000
Tue Aug 26 07:31:17 2025,26-Aug-2025,103120,47 54.085300 N,063 42.503500 W,4.9,357.5,A,Primary,Headline,36.693878,D,S,85148.000000
Tue Aug 26 07:31:17 2025,26-Aug-2025,103121,47 54.086700 N,063 42.503500 W,4.9,357.4,A,Primary,Headline,36.693878,D,S,85148.000000
Tue Aug 26 07:31:17 2025,26-Aug-2025,103122,47 54.088100 N,063 42.503600 W,4.9,357.4,A,Primary,Headline,36.693878,D,S,85148.000000
Tue Aug 26 07:31:17 2025,26-Aug-2025,103123,47 54.089500 N,063 42.503600 W,4.9,357.9,A,Primary,Headline,36.693878,D,S,85148.000000
Tue Aug 26 07:31:22 2025,26-Aug-2025,103124,47 54.090900 N,063 42.503500 W,4.9,358.2,A,Primary,Headline,36.836735,D,S,83462.000000
Tue Aug 26 07:31:24 2025,26-Aug-2025,103125,47 54.092200 N,063 42.503500 W,4.9,358.2,A,Depth,Depth,37.962963,D,S,89819.000000
Tue Aug 26 07:31:24 2025,26-Aug-2025,103126,47 54.093600 N,063 42.503700 W,4.9,357.9,A,Depth,Depth,37.962963,D,S,89819.000000
Tue Aug 26 07:31:24 2025,26-Aug-2025,103127,47 54.094900 N,063 42.503900 W,4.9,357.9,A,Depth,Depth,37.962963,D,S,89819.000000
Tue Aug 26 07:31:24 2025,26-Aug-2025,103128,47 54.096300 N,063 42.504000 W,4.9,358.1,A,Depth,Depth,37.962963,D,S,89819.000000
Tue Aug 26 07:31:24 2025,26-Aug-2025,103129,47 54.097700 N,063 42.504000 W,4.9,358.1,A,Depth,Depth,37.962963,D,S,89819.000000
Tue Aug 26 07:31:28 2025,26-Aug-2025,103130,47 54.099100 N,063 42.504100 W,4.9,357.8,A,Primary,Headline,35.285714,D,S,76704.000000
Tue Aug 26 07:31:29 2025,26-Aug-2025,103131,47 54.100600 N,063 42.504300 W,4.9,357.1,A,DoorSpread,DoorMaster,6.385000,D,S,117687.000000
Tue Aug 26 07:31:31 2025,26-Aug-2025,103132,47 54.101900 N,063 42.504400 W,4.9,356.9,A,Depth,Depth,44.722222,D,S,75085.000000
Tue Aug 26 07:31:31 2025,26-Aug-2025,103133,47 54.103300 N,063 42.504400 W,4.9,357.4,A,Depth,Depth,44.722222,D,S,75085.000000
Tue Aug 26 07:31:31 2025,26-Aug-2025,103134,47 54.104700 N,063 42.504400 W,5.0,357.7,A,Depth,Depth,44.722222,D,S,75085.000000
Tue Aug 26 07:31:34 2025,26-Aug-2025,103135,47 54.106200 N,063 42.504400 W,5.0,357.7,A,Primary,Headline,34.571429,D,S,96144.000000
Tue Aug 26 07:31:35 2025,26-Aug-2025,103136,47 54.107600 N,063 42.504600 W,4.9,356.9,A,DoorSpread,DoorMaster,6.155000,D,S,88990.000000
Tue Aug 26 07:31:35 2025,26-Aug-2025,103137,47 54.109000 N,063 42.504800 W,4.9,357.0,A,DoorSpread,DoorMaster,6.155000,D,S,88990.000000
Tue Aug 26 07:31:35 2025,26-Aug-2025,103138,47 54.110300 N,063 42.504900 W,4.9,357.5,A,DoorSpread,DoorMaster,6.155000,D,S,88990.000000
Tue Aug 26 07:31:35 2025,26-Aug-2025,103139,47 54.111800 N,063 42.505000 W,4.9,357.6,A,DoorSpread,DoorMaster,6.155000,D,S,88990.000000
Tue Aug 26 07:31:38 2025,26-Aug-2025,103140,47 54.113300 N,063 42.505100 W,5.0,357.7,A,Depth,Depth,34.074074,D,S,74169.000000
Tue Aug 26 07:31:39 2025,26-Aug-2025,103141,47 54.114800 N,063 42.505100 W,4.9,357.8,A,Primary,Headline,34.040816,D,S,92314.000000
Tue Aug 26 07:31:40 2025,26-Aug-2025,103142,47 54.116300 N,063 42.505100 W,5.0,357.9,A,DoorSpread,DoorMaster,6.385000,D,S,156764.000000
Tue Aug 26 07:31:40 2025,26-Aug-2025,103143,47 54.117800 N,063 42.505200 W,4.9,357.9,A,DoorSpread,DoorMaster,6.385000,D,S,156764.000000
Tue Aug 26 07:31:40 2025,26-Aug-2025,103144,47 54.119300 N,063 42.505300 W,4.9,358.1,A,DoorSpread,DoorMaster,6.385000,D,S,156764.000000
Tue Aug 26 07:31:40 2025,26-Aug-2025,103145,47 54.120900 N,063 42.505300 W,5.0,358.3,A,DoorSpread,DoorMaster,6.385000,D,S,156764.000000
Tue Aug 26 07:31:45 2025,26-Aug-2025,103146,47 54.122300 N,063 42.505300 W,5.0,358.4,A,Primary,Headline,31.938776,D,S,99321.000000
Tue Aug 26 07:31:45 2025,26-Aug-2025,103147,47 54.123700 N,063 42.505400 W,5.0,358.3,A,Depth,Depth,43.611111,D,S,48730.000000
Tue Aug 26 07:31:45 2025,26-Aug-2025,103148,47 54.125000 N,063 42.505400 W,5.0,358.2,A,Depth,Depth,43.611111,D,S,48730.000000
Tue Aug 26 07:31:45 2025,26-Aug-2025,103149,47 54.126300 N,063 42.505400 W,5.0,358.3,A,Depth,Depth,43.611111,D,S,48730.000000
Tue Aug 26 07:31:45 2025,26-Aug-2025,103150,47 54.127600 N,063 42.505300 W,5.0,358.4,A,Depth,Depth,43.611111,D,S,48730.000000
Tue Aug 26 07:31:45 2025,26-Aug-2025,103151,47 54.128900 N,063 42.505400 W,5.0,358.5,A,Depth,Depth,43.611111,D,S,48730.000000
Tue Aug 26 07:31:50 2025,26-Aug-2025,103152,47 54.130200 N,063 42.505500 W,5.0,358.4,A,Primary,Headline,31.224490,D,S,110922.000000
Tue Aug 26 07:31:50 2025,26-Aug-2025,103153,47 54.131500 N,063 42.505600 W,5.0,358.3,A,Primary,Headline,31.224490,D,S,110922.000000
Tue Aug 26 07:31:52 2025,26-Aug-2025,103154,47 54.132800 N,063 42.505500 W,5.0,358.5,A,Depth,Depth,37.129630,D,P,78264.000000
Tue Aug 26 07:31:52 2025,26-Aug-2025,103155,47 54.134000 N,063 42.505500 W,5.0,358.6,A,Depth,Depth,37.129630,D,P,78264.000000
Tue Aug 26 07:31:52 2025,26-Aug-2025,103156,47 54.135300 N,063 42.505600 W,4.9,358.8,A,Depth,Depth,37.129630,D,P,78264.000000
Tue Aug 26 07:31:56 2025,26-Aug-2025,103157,47 54.136500 N,063 42.505600 W,4.8,359.0,A,Primary,Headline,29.632653,D,S,164314.000000
Tue Aug 26 07:31:56 2025,26-Aug-2025,103158,47 54.137600 N,063 42.505700 W,4.7,358.8,A,Primary,Headline,29.632653,D,S,164314.000000
Tue Aug 26 07:31:56 2025,26-Aug-2025,103159,47 54.138800 N,063 42.506000 W,4.6,358.6,A,Primary,Headline,29.632653,D,S,164314.000000
Tue Aug 26 07:31:56 2025,26-Aug-2025,103200,47 54.139900 N,063 42.506200 W,4.5,358.5,A,Primary,Headline,29.632653,D,S,164314.000000
Tue Aug 26 07:31:59 2025,26-Aug-2025,103201,47 54.140900 N,063 42.506200 W,4.3,358.5,A,Depth,Depth,46.574074,D,S,117234.000000
Tue Aug 26 07:31:59 2025,26-Aug-2025,103202,47 54.141800 N,063 42.506300 W,4.1,358.6,A,Depth,Depth,46.574074,D,S,117234.000000
Tue Aug 26 07:32:01 2025,26-Aug-2025,103203,47 54.142700 N,063 42.506300 W,4.0,358.5,A,Primary,Headline,26.428571,D,S,228133.000000
Tue Aug 26 07:32:01 2025,26-Aug-2025,103204,47 54.143600 N,063 42.506300 W,3.9,358.3,A,Primary,Headline,26.428571,D,S,228133.000000
Tue Aug 26 07:32:01 2025,26-Aug-2025,103205,47 54.144500 N,063 42.506400 W,3.8,358.0,A,Primary,Headline,26.428571,D,S,228133.000000
Tue Aug 26 07:32:01 2025,26-Aug-2025,103206,47 54.145400 N,063 42.506500 W,3.6,357.8,A,Primary,Headline,26.428571,D,S,228133.000000
Tue Aug 26 07:32:01 2025,26-Aug-2025,103207,47 54.146100 N,063 42.506400 W,3.4,357.9,A,Primary,Headline,26.428571,D,S,228133.000000
Tue Aug 26 07:32:07 2025,26-Aug-2025,103208,47 54.146900 N,063 42.506300 W,3.4,357.9,A,Primary,Headline,26.326531,D,S,136897.000000
Tue Aug 26 07:32:07 2025,26-Aug-2025,103209,47 54.147700 N,063 42.506400 W,3.4,357.8,A,Primary,Headline,26.326531,D,S,136897.000000
Tue Aug 26 07:32:07 2025,26-Aug-2025,103210,47 54.148500 N,063 42.506500 W,3.2,357.6,A,Primary,Headline,26.326531,D,S,136897.000000
Tue Aug 26 07:32:07 2025,26-Aug-2025,103211,47 54.149200 N,063 42.506700 W,3.1,357.3,A,Primary,Headline,26.326531,D,S,136897.000000
Tue Aug 26 07:32:07 2025,26-Aug-2025,103212,47 54.149900 N,063 42.506900 W,3.1,357.1,A,Primary,Headline,26.326531,D,S,136897.000000
Tue Aug 26 07:32:07 2025,26-Aug-2025,103213,47 54.150600 N,063 42.507000 W,3.1,357.3,A,Primary,Headline,26.326531,D,S,136897.000000
Tue Aug 26 07:32:12 2025,26-Aug-2025,103214,47 54.151300 N,063 42.507000 W,3.0,357.4,A,Primary,Headline,24.857143,D,S,160669.000000
Tue Aug 26 07:32:12 2025,26-Aug-2025,103215,47 54.151900 N,063 42.507100 W,2.9,357.3,A,Primary,Headline,24.857143,D,S,160669.000000
Tue Aug 26 07:32:12 2025,26-Aug-2025,103216,47 54.152700 N,063 42.507200 W,2.9,357.0,A,Primary,Headline,24.857143,D,S,160669.000000
Tue Aug 26 07:32:12 2025,26-Aug-2025,103217,47 54.153500 N,063 42.507100 W,2.9,356.7,A,Primary,Headline,24.857143,D,S,160669.000000
Tue Aug 26 07:32:12 2025,26-Aug-2025,103218,47 54.154300 N,063 42.507000 W,2.9,356.8,A,Primary,Headline,24.857143,D,S,160669.000000
Tue Aug 26 07:32:17 2025,26-Aug-2025,103219,47 54.155100 N,063 42.506800 W,2.8,357.0,A,Primary,Headline,23.897959,D,S,90280.000000
Tue Aug 26 07:32:17 2025,26-Aug-2025,103220,47 54.155900 N,063 42.506800 W,2.8,357.1,A,Primary,Headline,23.897959,D,S,90280.000000
Tue Aug 26 07:32:17 2025,26-Aug-2025,103221,47 54.156600 N,063 42.506900 W,2.8,356.9,A,Primary,Headline,23.897959,D,S,90280.000000
Tue Aug 26 07:32:17 2025,26-Aug-2025,103222,47 54.157300 N,063 42.507000 W,2.8,356.8,A,Primary,Headline,23.897959,D,S,90280.000000
Tue Aug 26 07:32:21 2025,26-Aug-2025,103223,47 54.157900 N,063 42.507100 W,2.7,356.9,A,Depth,Depth,72.500000,D,P,13981.000000
Tue Aug 26 07:32:23 2025,26-Aug-2025,103224,47 54.158400 N,063 42.507200 W,2.7,357.1,A,Primary,Headline,22.795918,D,P,85756.000000
Tue Aug 26 07:32:23 2025,26-Aug-2025,103225,47 54.159000 N,063 42.507100 W,2.7,357.4,A,Primary,Headline,22.795918,D,P,85756.000000
Tue Aug 26 07:32:23 2025,26-Aug-2025,103226,47 54.159700 N,063 42.507200 W,2.7,357.7,A,Primary,Headline,22.795918,D,P,85756.000000
Tue Aug 26 07:32:23 2025,26-Aug-2025,103227,47 54.160200 N,063 42.507200 W,2.6,357.7,A,Primary,Headline,22.795918,D,P,85756.000000
Tue Aug 26 07:32:26 2025,26-Aug-2025,103228,47 54.160800 N,063 42.507200 W,2.6,357.6,A,DoorSpread,DoorMaster,6.890000,D,P,148635.000000
Tue Aug 26 07:32:26 2025,26-Aug-2025,103229,47 54.161500 N,063 42.507300 W,2.6,357.8,A,DoorSpread,DoorMaster,6.890000,D,P,148635.000000
Tue Aug 26 07:32:28 2025,26-Aug-2025,103230,47 54.162200 N,063 42.507200 W,2.6,358.0,A,Primary,Headline,21.408163,D,S,118364.000000
Tue Aug 26 07:32:28 2025,26-Aug-2025,103231,47 54.162900 N,063 42.507400 W,2.5,358.0,A,Primary,Headline,21.408163,D,S,118364.000000
Tue Aug 26 07:32:28 2025,26-Aug-2025,103232,47 54.163600 N,063 42.507600 W,2.5,357.9,A,Primary,Headline,21.408163,D,S,118364.000000
Tue Aug 26 07:32:32 2025,26-Aug-2025,103233,47 54.164300 N,063 42.507800 W,2.5,357.8,A,DoorSpread,DoorMaster,6.680000,D,P,128871.000000
Tue Aug 26 07:32:32 2025,26-Aug-2025,103234,47 54.165100 N,063 42.507900 W,2.5,357.9,A,DoorSpread,DoorMaster,6.680000,D,P,128871.000000
Tue Aug 26 07:32:33 2025,26-Aug-2025,103235,47 54.165700 N,063 42.507900 W,2.5,358.1,A,Primary,Headline,20.632653,D,S,178618.000000
Tue Aug 26 07:32:33 2025,26-Aug-2025,103236,47 54.166300 N,063 42.507900 W,2.5,358.0,A,Primary,Headline,20.632653,D,S,178618.000000
Tue Aug 26 07:32:33 2025,26-Aug-2025,103237,47 54.167000 N,063 42.507800 W,2.5,357.8,A,Primary,Headline,20.632653,D,S,178618.000000
Tue Aug 26 07:32:33 2025,26-Aug-2025,103238,47 54.167700 N,063 42.507700 W,2.5,357.8,A,Primary,Headline,20.632653,D,S,178618.000000
Tue Aug 26 07:32:33 2025,26-Aug-2025,103239,47 54.168500 N,063 42.507600 W,2.4,358.0,A,Primary,Headline,20.632653,D,S,178618.000000
Tue Aug 26 07:32:39 2025,26-Aug-2025,103240,47 54.169200 N,063 42.507500 W,2.4,358.3,A,Primary,Headline,19.061224,D,P,38155.000000
Tue Aug 26 07:32:39 2025,26-Aug-2025,103241,47 54.170000 N,063 42.507500 W,2.4,358.3,A,Primary,Headline,18.959184,D,S,123784.000000
Tue Aug 26 07:32:39 2025,26-Aug-2025,103242,47 54.170600 N,063 42.507700 W,2.4,358.0,A,Primary,Headline,18.959184,D,S,123784.000000
Tue Aug 26 07:32:39 2025,26-Aug-2025,103243,47 54.171200 N,063 42.507700 W,2.4,357.8,A,Primary,Headline,18.959184,D,S,123784.000000
Tue Aug 26 07:32:42 2025,26-Aug-2025,103244,47 54.171800 N,063 42.507600 W,2.4,357.9,A,Depth,Depth,55.370370,D,S,138404.000000
Tue Aug 26 07:32:42 2025,26-Aug-2025,103245,47 54.172300 N,063 42.507600 W,2.3,358.0,A,Depth,Depth,55.370370,D,S,138404.000000
Tue Aug 26 07:32:44 2025,26-Aug-2025,103246,47 54.172900 N,063 42.507600 W,2.3,358.1,A,Primary,Headline,17.591837,D,S,67166.000000
Tue Aug 26 07:32:44 2025,26-Aug-2025,103247,47 54.173600 N,063 42.507600 W,2.3,358.0,A,Primary,Headline,17.591837,D,S,67166.000000
Tue Aug 26 07:32:44 2025,26-Aug-2025,103248,47 54.174200 N,063 42.507700 W,2.3,357.9,A,Primary,Headline,17.591837,D,S,67166.000000
Tue Aug 26 07:32:44 2025,26-Aug-2025,103249,47 54.174900 N,063 42.507800 W,2.3,357.7,A,Primary,Headline,17.591837,D,S,67166.000000
Tue Aug 26 07:32:48 2025,26-Aug-2025,103250,47 54.175500 N,063 42.507900 W,2.3,357.4,A,DoorSpread,DoorMaster,20.120000,D,S,440587.000000
Tue Aug 26 07:32:50 2025,26-Aug-2025,103251,47 54.176100 N,063 42.508000 W,2.3,357.4,A,Depth,Depth,57.407407,D,S,170129.000000
Tue Aug 26 07:32:50 2025,26-Aug-2025,103252,47 54.176800 N,063 42.507900 W,2.3,357.8,A,Depth,Depth,57.407407,D,S,170129.000000
Tue Aug 26 07:32:50 2025,26-Aug-2025,103253,47 54.177500 N,063 42.507900 W,2.3,358.1,A,Depth,Depth,57.407407,D,S,170129.000000
Tue Aug 26 07:32:50 2025,26-Aug-2025,103254,47 54.178200 N,063 42.508000 W,2.3,357.9,A,Depth,Depth,57.407407,D,S,170129.000000
Tue Aug 26 07:32:50 2025,26-Aug-2025,103255,47 54.178900 N,063 42.508100 W,2.3,357.6,A,Depth,Depth,57.407407,D,S,170129.000000
Tue Aug 26 07:32:55 2025,26-Aug-2025,103256,47 54.179600 N,063 42.508000 W,2.3,357.5,A,DoorSpread,DoorMaster,16.720000,D,S,315738.000000
Tue Aug 26 07:32:55 2025,26-Aug-2025,103257,47 54.180200 N,063 42.507800 W,2.3,358.0,A,DoorSpread,DoorMaster,16.720000,D,S,315738.000000
Tue Aug 26 07:32:55 2025,26-Aug-2025,103258,47 54.180800 N,063 42.507600 W,2.3,358.4,A,DoorSpread,DoorMaster,16.720000,D,S,315738.000000
Tue Aug 26 07:32:57 2025,26-Aug-2025,103259,47 54.181400 N,063 42.507700 W,2.2,358.2,A,Depth,Depth,59.907407,D,S,201961.000000
Tue Aug 26 07:32:57 2025,26-Aug-2025,103300,47 54.181800 N,063 42.507800 W,2.2,357.8,A,Depth,Depth,59.907407,D,S,201961.000000
Tue Aug 26 07:33:00 2025,26-Aug-2025,103301,47 54.182400 N,063 42.507900 W,2.2,357.7,A,Primary,Headline,12.959184,D,P,156601.000000
Tue Aug 26 07:33:00 2025,26-Aug-2025,103302,47 54.183000 N,063 42.507900 W,2.2,358.1,A,Primary,Headline,12.959184,D,P,156601.000000
Tue Aug 26 07:33:01 2025,26-Aug-2025,103303,47 54.183700 N,063 42.508000 W,2.2,358.5,A,DoorSpread,DoorMaster,22.510000,D,P,126525.000000
Tue Aug 26 07:33:01 2025,26-Aug-2025,103304,47 54.184300 N,063 42.508100 W,2.1,358.5,A,DoorSpread,DoorMaster,22.510000,D,P,126525.000000
Tue Aug 26 07:33:01 2025,26-Aug-2025,103305,47 54.185000 N,063 42.508200 W,2.1,358.3,A,DoorSpread,DoorMaster,22.510000,D,P,126525.000000
Tue Aug 26 07:33:04 2025,26-Aug-2025,103306,47 54.185600 N,063 42.508300 W,2.1,358.1,A,Depth,Depth,65.000000,D,S,158385.000000
Tue Aug 26 07:33:05 2025,26-Aug-2025,103307,47 54.186300 N,063 42.508300 W,2.1,358.3,A,Primary,Headline,11.530612,D,S,221832.000000
Tue Aug 26 07:33:05 2025,26-Aug-2025,103308,47 54.186900 N,063 42.508400 W,2.1,358.5,A,Primary,Headline,11.530612,D,S,221832.000000
Tue Aug 26 07:33:07 2025,26-Aug-2025,103309,47 54.187600 N,063 42.508500 W,2.1,358.5,A,DoorSpread,DoorMaster,12.585000,D,S,288878.000000
Tue Aug 26 07:33:07 2025,26-Aug-2025,103310,47 54.188200 N,063 42.508600 W,2.1,358.5,A,DoorSpread,DoorMaster,12.585000,D,S,288878.000000
Tue Aug 26 07:33:07 2025,26-Aug-2025,103311,47 54.188800 N,063 42.508600 W,2.1,358.2,A,DoorSpread,DoorMaster,12.585000,D,S,288878.000000
Tue Aug 26 07:33:10 2025,26-Aug-2025,103312,47 54.189400 N,063 42.508600 W,2.1,357.9,A,Primary,Headline,9.693878,D,S,171183.000000
Tue Aug 26 07:33:11 2025,26-Aug-2025,103313,47 54.190200 N,063 42.508500 W,2.1,357.8,A,Depth,Depth,61.018519,D,S,162773.000000
Tue Aug 26 07:33:11 2025,26-Aug-2025,103314,47 54.190800 N,063 42.508500 W,2.1,357.7,A,Depth,Depth,61.018519,D,S,162773.000000
Tue Aug 26 07:33:13 2025,26-Aug-2025,103315,47 54.191500 N,063 42.508400 W,2.1,357.7,A,DoorSpread,DoorMaster,10.805000,D,S,182350.000000
Tue Aug 26 07:33:13 2025,26-Aug-2025,103316,47 54.192000 N,063 42.508300 W,2.1,357.9,A,DoorSpread,DoorMaster,10.805000,D,S,182350.000000
Tue Aug 26 07:33:15 2025,26-Aug-2025,103317,47 54.192600 N,063 42.508300 W,2.1,357.8,A,Primary,Headline,8.061224,D,S,184062.000000
Tue Aug 26 07:33:15 2025,26-Aug-2025,103318,47 54.193100 N,063 42.508500 W,2.1,357.5,A,Primary,Headline,8.061224,D,S,184062.000000
Tue Aug 26 07:33:15 2025,26-Aug-2025,103319,47 54.193600 N,063 42.508500 W,2.1,357.4,A,Primary,Headline,8.061224,D,S,184062.000000
Tue Aug 26 07:33:19 2025,26-Aug-2025,103320,47 54.194200 N,063 42.508500 W,2.1,357.7,A,DoorSpread,DoorMaster,7.595000,D,P,187432.000000
Tue Aug 26 07:33:19 2025,26-Aug-2025,103321,47 54.194900 N,063 42.508500 W,2.2,357.9,A,DoorSpread,DoorMaster,7.595000,D,P,187432.000000
Tue Aug 26 07:33:20 2025,26-Aug-2025,103322,47 54.195400 N,063 42.508600 W,2.1,358.0,A,Primary,Headline,6.591837,D,S,143813.000000
Tue Aug 26 07:33:20 2025,26-Aug-2025,103323,47 54.196000 N,063 42.508700 W,2.1,357.3,A,Primary,Headline,6.591837,D,S,143813.000000
Tue Aug 26 07:33:20 2025,26-Aug-2025,103324,47 54.196500 N,063 42.508800 W,2.2,356.8,A,Primary,Headline,6.591837,D,S,143813.000000
Tue Aug 26 07:33:20 2025,26-Aug-2025,103325,47 54.197200 N,063 42.508800 W,2.2,356.9,A,Primary,Headline,6.591837,D,S,143813.000000
Tue Aug 26 07:33:24 2025,26-Aug-2025,103326,47 54.197700 N,063 42.508800 W,2.2,357.1,A,DoorSpread,DoorMaster,6.595000,D,P,104805.000000
Tue Aug 26 07:33:26 2025,26-Aug-2025,103327,47 54.198200 N,063 42.508900 W,2.1,357.3,A,Depth,Depth,69.814815,D,P,26663.000000
Tue Aug 26 07:33:26 2025,26-Aug-2025,103328,47 54.198700 N,063 42.509100 W,2.2,357.4,A,Depth,Depth,69.351852,D,S,184131.000000
Tue Aug 26 07:33:26 2025,26-Aug-2025,103329,47 54.199300 N,063 42.509300 W,2.2,357.3,A,Depth,Depth,69.351852,D,S,184131.000000
Tue Aug 26 07:33:26 2025,26-Aug-2025,103330,47 54.199900 N,063 42.509400 W,2.2,357.0,A,Depth,Depth,69.351852,D,S,184131.000000
Tue Aug 26 07:33:26 2025,26-Aug-2025,103331,47 54.200600 N,063 42.509400 W,2.2,356.9,A,Depth,Depth,69.351852,D,S,184131.000000
Tue Aug 26 07:33:30 2025,26-Aug-2025,103332,47 54.201300 N,063 42.509400 W,2.2,357.2,A,Primary,Headline,3.653061,D,P,88750.000000
Tue Aug 26 07:33:30 2025,26-Aug-2025,103333,47 54.202100 N,063 42.509300 W,2.2,357.6,A,Primary,Headline,3.653061,D,P,88750.000000
Tue Aug 26 07:33:30 2025,26-Aug-2025,103334,47 54.202700 N,063 42.509400 W,2.2,357.7,A,Primary,Headline,3.653061,D,P,88750.000000
Tue Aug 26 07:33:33 2025,26-Aug-2025,103335,47 54.203400 N,063 42.509500 W,2.2,357.5,A,Depth,Depth,71.388889,D,P,94951.000000
Tue Aug 26 07:33:33 2025,26-Aug-2025,103336,47 54.204000 N,063 42.509400 W,2.2,357.2,A,Depth,Depth,71.388889,D,P,94951.000000
Tue Aug 26 07:33:36 2025,26-Aug-2025,103337,47 54.204600 N,063 42.509300 W,2.2,357.1,A,DoorSpread,DoorMaster,6.895000,D,S,123149.000000
Tue Aug 26 07:33:36 2025,26-Aug-2025,103338,47 54.205200 N,063 42.509200 W,2.2,357.4,A,DoorSpread,DoorMaster,6.895000,D,S,123149.000000
Tue Aug 26 07:33:36 2025,26-Aug-2025,103339,47 54.205700 N,063 42.509300 W,2.2,357.7,A,DoorSpread,DoorMaster,6.895000,D,S,123149.000000
Tue Aug 26 07:33:36 2025,26-Aug-2025,103340,47 54.206200 N,063 42.509400 W,2.2,357.6,A,DoorSpread,DoorMaster,6.895000,D,S,123149.000000
Tue Aug 26 07:33:36 2025,26-Aug-2025,103341,47 54.206600 N,063 42.509700 W,2.2,357.0,A,DoorSpread,DoorMaster,6.895000,D,S,123149.000000
Tue Aug 26 07:33:41 2025,26-Aug-2025,103342,47 54.207200 N,063 42.509900 W,2.2,356.6,A,Primary,Headline,1.836735,D,S,221345.000000
Tue Aug 26 07:33:41 2025,26-Aug-2025,103343,47 54.207700 N,063 42.510000 W,2.2,356.8,A,DoorSpread,DoorMaster,6.760000,D,S,78909.000000
Tue Aug 26 07:33:41 2025,26-Aug-2025,103344,47 54.208300 N,063 42.510000 W,2.2,357.2,A,DoorSpread,DoorMaster,6.760000,D,S,78909.000000
Tue Aug 26 07:33:41 2025,26-Aug-2025,103345,47 54.208800 N,063 42.510200 W,2.2,357.2,A,DoorSpread,DoorMaster,6.760000,D,S,78909.000000
Tue Aug 26 07:33:41 2025,26-Aug-2025,103346,47 54.209400 N,063 42.510500 W,2.2,356.9,A,DoorSpread,DoorMaster,6.760000,D,S,78909.000000
Tue Aug 26 07:33:46 2025,26-Aug-2025,103347,47 54.210000 N,063 42.510600 W,2.2,356.8,A,Primary,Headline,1.346939,D,S,373337.000000
Tue Aug 26 07:33:46 2025,26-Aug-2025,103348,47 54.210500 N,063 42.510500 W,2.2,357.0,A,Primary,Headline,1.346939,D,S,373337.000000
Tue Aug 26 07:33:48 2025,26-Aug-2025,103349,47 54.211000 N,063 42.510500 W,2.2,357.1,A,Depth,Depth,74.629630,D,P,48917.000000
Tue Aug 26 07:33:48 2025,26-Aug-2025,103350,47 54.211500 N,063 42.510500 W,2.2,357.2,A,Depth,Depth,74.629630,D,P,48917.000000
Tue Aug 26 07:33:48 2025,26-Aug-2025,103351,47 54.212100 N,063 42.510500 W,2.2,357.1,A,Depth,Depth,74.629630,D,P,48917.000000
Tue Aug 26 07:33:51 2025,26-Aug-2025,103352,47 54.212500 N,063 42.510500 W,2.2,357.1,A,Primary,Headline,1.285714,D,S,332088.000000
Tue Aug 26 07:33:51 2025,26-Aug-2025,103353,47 54.213000 N,063 42.510500 W,2.2,357.0,A,Primary,Headline,1.285714,D,S,332088.000000
Tue Aug 26 07:33:51 2025,26-Aug-2025,103354,47 54.213500 N,063 42.510500 W,2.2,357.0,A,Primary,Headline,1.285714,D,S,332088.000000
Tue Aug 26 07:33:51 2025,26-Aug-2025,103355,47 54.214200 N,063 42.510500 W,2.2,357.0,A,Primary,Headline,1.285714,D,S,332088.000000
Tue Aug 26 07:33:51 2025,26-Aug-2025,103356,47 54.214800 N,063 42.510400 W,2.2,357.2,A,Primary,Headline,1.285714,D,S,332088.000000
Tue Aug 26 07:33:56 2025,26-Aug-2025,103357,47 54.215300 N,063 42.510300 W,2.2,357.4,A,Primary,Headline,1.285714,D,S,284284.000000
Tue Aug 26 07:33:56 2025,26-Aug-2025,103358,47 54.216000 N,063 42.510200 W,2.2,357.5,A,Primary,Headline,1.285714,D,S,284284.000000
Tue Aug 26 07:33:58 2025,26-Aug-2025,103359,47 54.216700 N,063 42.510200 W,2.2,357.2,A,DoorSpread,DoorMaster,9.100000,D,S,78750.000000
Tue Aug 26 07:33:58 2025,26-Aug-2025,103400,47 54.217400 N,063 42.510100 W,2.2,357.1,A,DoorSpread,DoorMaster,9.100000,D,S,78750.000000
Tue Aug 26 07:33:58 2025,26-Aug-2025,103401,47 54.218200 N,063 42.510000 W,2.2,357.4,A,DoorSpread,DoorMaster,9.100000,D,S,78750.000000
Tue Aug 26 07:34:01 2025,26-Aug-2025,103402,47 54.218900 N,063 42.509900 W,2.2,357.5,A,Primary,Headline,1.000000,D,S,347354.000000
Tue Aug 26 07:34:01 2025,26-Aug-2025,103403,47 54.219500 N,063 42.510000 W,2.2,357.5,A,Primary,Headline,1.000000,D,S,347354.000000
Tue Aug 26 07:34:02 2025,26-Aug-2025,103404,47 54.220200 N,063 42.510200 W,2.2,357.3,A,Depth,Depth,74.351852,D,S,115017.000000
Tue Aug 26 07:34:04 2025,26-Aug-2025,103405,47 54.220800 N,063 42.510300 W,2.2,357.2,A,DoorSpread,DoorMaster,9.485000,D,S,342981.000000
Tue Aug 26 07:34:04 2025,26-Aug-2025,103406,47 54.221500 N,063 42.510300 W,2.2,357.2,A,DoorSpread,DoorMaster,9.485000,D,S,342981.000000
Tue Aug 26 07:34:06 2025,26-Aug-2025,103407,47 54.222100 N,063 42.510300 W,2.2,357.6,A,Primary,Headline,1.163265,D,S,275536.000000
Tue Aug 26 07:34:06 2025,26-Aug-2025,103408,47 54.222700 N,063 42.510300 W,2.2,357.9,A,Primary,Headline,1.163265,D,S,275536.000000
Tue Aug 26 07:34:06 2025,26-Aug-2025,103409,47 54.223400 N,063 42.510400 W,2.2,357.6,A,Primary,Headline,1.163265,D,S,275536.000000
Tue Aug 26 07:34:06 2025,26-Aug-2025,103410,47 54.224000 N,063 42.510500 W,2.2,357.3,A,Primary,Headline,1.163265,D,S,275536.000000
Tue Aug 26 07:34:10 2025,26-Aug-2025,103411,47 54.224600 N,063 42.510400 W,2.2,357.5,A,Depth,Depth,77.314815,D,P,85942.000000
Tue Aug 26 07:34:11 2025,26-Aug-2025,103412,47 54.225100 N,063 42.510200 W,2.2,357.8,A,Primary,Headline,1.183673,D,S,146239.000000
Tue Aug 26 07:34:11 2025,26-Aug-2025,103413,47 54.225800 N,063 42.510100 W,2.2,357.8,A,Primary,Headline,1.183673,D,S,146239.000000
Tue Aug 26 07:34:11 2025,26-Aug-2025,103414,47 54.226400 N,063 42.510100 W,2.2,357.5,A,Primary,Headline,1.183673,D,S,146239.000000
Tue Aug 26 07:34:11 2025,26-Aug-2025,103415,47 54.227000 N,063 42.510200 W,2.2,357.3,A,Primary,Headline,1.183673,D,S,146239.000000
Tue Aug 26 07:34:11 2025,26-Aug-2025,103416,47 54.227600 N,063 42.510200 W,2.2,357.4,A,Primary,Headline,1.183673,D,S,146239.000000
Tue Aug 26 07:34:16 2025,26-Aug-2025,103417,47 54.228300 N,063 42.510300 W,2.2,357.6,A,Primary,Headline,1.163265,D,S,285921.000000
Tue Aug 26 07:34:17 2025,26-Aug-2025,103418,47 54.228900 N,063 42.510400 W,2.2,357.3,A,Depth,Depth,72.129630,D,P,60015.000000
Tue Aug 26 07:34:17 2025,26-Aug-2025,103419,47 54.229400 N,063 42.510600 W,2.2,356.8,A,Depth,Depth,72.129630,D,P,60015.000000
Tue Aug 26 07:34:17 2025,26-Aug-2025,103420,47 54.229900 N,063 42.510600 W,2.2,356.6,A,Depth,Depth,72.129630,D,P,60015.000000
Tue Aug 26 07:34:17 2025,26-Aug-2025,103421,47 54.230400 N,063 42.510600 W,2.2,356.8,A,Depth,Depth,72.129630,D,P,60015.000000
Tue Aug 26 07:34:21 2025,26-Aug-2025,103422,47 54.230900 N,063 42.510700 W,2.2,356.8,A,Primary,Headline,1.244898,D,P,92342.000000
Tue Aug 26 07:34:21 2025,26-Aug-2025,103423,47 54.231400 N,063 42.511000 W,2.2,356.5,A,Primary,Headline,1.244898,D,P,92342.000000
Tue Aug 26 07:34:21 2025,26-Aug-2025,103424,47 54.231900 N,063 42.511100 W,2.2,356.2,A,Primary,Headline,1.244898,D,P,92342.000000
Tue Aug 26 07:34:21 2025,26-Aug-2025,103425,47 54.232500 N,063 42.511100 W,2.2,356.3,A,Primary,Headline,1.244898,D,P,92342.000000
Tue Aug 26 07:34:24 2025,26-Aug-2025,103426,47 54.233100 N,063 42.511200 W,2.2,356.4,A,Depth,Depth,74.166667,D,P,55013.000000
Tue Aug 26 07:34:26 2025,26-Aug-2025,103427,47 54.233700 N,063 42.511300 W,2.2,356.1,A,Primary,Headline,1.102041,D,S,264639.000000
Tue Aug 26 07:34:26 2025,26-Aug-2025,103428,47 54.234100 N,063 42.511500 W,2.2,355.8,A,DoorSpread,DoorMaster,9.095000,D,P,86129.000000
Tue Aug 26 07:34:26 2025,26-Aug-2025,103429,47 54.234700 N,063 42.511400 W,2.2,355.9,A,DoorSpread,DoorMaster,9.095000,D,P,86129.000000
Tue Aug 26 07:34:26 2025,26-Aug-2025,103430,47 54.235200 N,063 42.511500 W,2.2,356.0,A,DoorSpread,DoorMaster,9.095000,D,P,86129.000000
Tue Aug 26 07:34:26 2025,26-Aug-2025,103431,47 54.235900 N,063 42.511600 W,2.2,356.2,A,DoorSpread,DoorMaster,9.095000,D,P,86129.000000
Tue Aug 26 07:34:31 2025,26-Aug-2025,103432,47 54.236400 N,063 42.511800 W,2.2,356.0,A,Primary,Headline,1.183673,D,S,310010.000000
Tue Aug 26 07:34:32 2025,26-Aug-2025,103433,47 54.237000 N,063 42.512100 W,2.2,355.7,A,DoorSpread,DoorMaster,8.920000,D,P,82665.000000
Tue Aug 26 07:34:32 2025,26-Aug-2025,103434,47 54.237600 N,063 42.512200 W,2.2,355.6,A,DoorSpread,DoorMaster,8.920000,D,P,82665.000000
Tue Aug 26 07:34:32 2025,26-Aug-2025,103435,47 54.238200 N,063 42.512200 W,2.3,355.8,A,DoorSpread,DoorMaster,8.920000,D,P,82665.000000
Tue Aug 26 07:34:32 2025,26-Aug-2025,103436,47 54.238800 N,063 42.512300 W,2.3,356.0,A,DoorSpread,DoorMaster,8.920000,D,P,82665.000000
Tue Aug 26 07:34:36 2025,26-Aug-2025,103437,47 54.239500 N,063 42.512400 W,2.2,356.0,A,Primary,Headline,1.061224,D,S,264817.000000
Tue Aug 26 07:34:36 2025,26-Aug-2025,103438,47 54.240000 N,063 42.512600 W,2.2,356.0,A,Primary,Headline,1.061224,D,S,264817.000000
Tue Aug 26 07:34:38 2025,26-Aug-2025,103439,47 54.240600 N,063 42.512800 W,2.2,356.1,A,DoorSpread,DoorMaster,9.525000,D,S,116823.000000
Tue Aug 26 07:34:39 2025,26-Aug-2025,103440,47 54.241200 N,063 42.512900 W,2.3,356.1,A,Depth,Depth,74.444444,D,S,261149.000000
Tue Aug 26 07:34:39 2025,26-Aug-2025,103441,47 54.241800 N,063 42.513100 W,2.2,355.9,A,Depth,Depth,74.444444,D,S,261149.000000
Tue Aug 26 07:34:41 2025,26-Aug-2025,103442,47 54.242400 N,063 42.513300 W,2.2,356.0,A,Primary,Headline,1.204082,D,S,200837.000000
Tue Aug 26 07:34:41 2025,26-Aug-2025,103443,47 54.242900 N,063 42.513300 W,2.2,356.1,A,Primary,Headline,1.204082,D,S,200837.000000
Tue Aug 26 07:34:41 2025,26-Aug-2025,103444,47 54.243400 N,063 42.513400 W,2.2,356.2,A,Primary,Headline,1.204082,D,S,200837.000000
Tue Aug 26 07:34:43 2025,26-Aug-2025,103445,47 54.243900 N,063 42.513400 W,2.2,356.1,A,DoorSpread,DoorMaster,9.455000,D,P,103283.000000
Tue Aug 26 07:34:43 2025,26-Aug-2025,103446,47 54.244500 N,063 42.513500 W,2.2,355.9,A,DoorSpread,DoorMaster,9.455000,D,P,103283.000000
Tue Aug 26 07:34:46 2025,26-Aug-2025,103447,47 54.245000 N,063 42.513700 W,2.2,355.7,A,Primary,Headline,2.612245,D,P,217047.000000
Tue Aug 26 07:34:46 2025,26-Aug-2025,103448,47 54.245700 N,063 42.513800 W,2.2,355.9,A,Primary,Headline,2.612245,D,P,217047.000000
Tue Aug 26 07:34:46 2025,26-Aug-2025,103449,47 54.246300 N,063 42.513800 W,2.2,356.2,A,Primary,Headline,2.612245,D,P,217047.000000
Tue Aug 26 07:34:46 2025,26-Aug-2025,103450,47 54.246800 N,063 42.513900 W,2.2,356.1,A,Primary,Headline,2.612245,D,P,217047.000000
Tue Aug 26 07:34:49 2025,26-Aug-2025,103451,47 54.247400 N,063 42.514200 W,2.2,355.7,A,DoorSpread,DoorMaster,9.760000,D,P,54381.000000
Tue Aug 26 07:34:49 2025,26-Aug-2025,103452,47 54.247900 N,063 42.514300 W,2.2,355.5,A,DoorSpread,DoorMaster,9.760000,D,P,54381.000000
Tue Aug 26 07:34:51 2025,26-Aug-2025,103453,47 54.248600 N,063 42.514300 W,2.2,355.8,A,Primary,Headline,0.469388,D,S,335790.000000
Tue Aug 26 07:34:51 2025,26-Aug-2025,103454,47 54.249300 N,063 42.514200 W,2.2,356.1,A,Primary,Headline,0.469388,D,S,335790.000000
Tue Aug 26 07:34:51 2025,26-Aug-2025,103455,47 54.249900 N,063 42.514200 W,2.2,356.1,A,Primary,Headline,0.469388,D,S,335790.000000
Tue Aug 26 07:34:51 2025,26-Aug-2025,103456,47 54.250500 N,063 42.514300 W,2.2,355.7,A,Primary,Headline,0.469388,D,S,335790.000000
Tue Aug 26 07:34:55 2025,26-Aug-2025,103457,47 54.251200 N,063 42.514300 W,2.2,355.4,A,DoorSpread,DoorMaster,9.070000,D,S,406301.000000
Tue Aug 26 07:34:56 2025,26-Aug-2025,103458,47 54.251900 N,063 42.514100 W,2.2,355.8,A,Primary,Headline,1.081633,D,P,124840.000000
Tue Aug 26 07:34:56 2025,26-Aug-2025,103459,47 54.252600 N,063 42.513900 W,2.2,356.2,A,Primary,Headline,1.081633,D,P,124840.000000
Tue Aug 26 07:34:56 2025,26-Aug-2025,103500,47 54.253300 N,063 42.514100 W,2.2,356.1,A,Primary,Headline,1.081633,D,P,124840.000000
Tue Aug 26 07:34:56 2025,26-Aug-2025,103501,47 54.253900 N,063 42.514300 W,2.2,355.9,A,Primary,Headline,1.081633,D,P,124840.000000
Tue Aug 26 07:35:01 2025,26-Aug-2025,103502,47 54.254500 N,063 42.514500 W,2.1,355.9,A,Primary,Headline,1.204082,D,P,132090.000000
Tue Aug 26 07:35:01 2025,26-Aug-2025,103503,47 54.255000 N,063 42.514500 W,2.1,356.1,A,Primary,Headline,1.204082,D,P,132090.000000
Tue Aug 26 07:35:01 2025,26-Aug-2025,103504,47 54.255600 N,063 42.514800 W,2.1,356.1,A,Primary,Headline,1.204082,D,P,132090.000000
Tue Aug 26 07:35:01 2025,26-Aug-2025,103505,47 54.256200 N,063 42.515100 W,2.1,355.8,A,Primary,Headline,1.204082,D,P,132090.000000
Tue Aug 26 07:35:01 2025,26-Aug-2025,103506,47 54.256800 N,063 42.515300 W,2.1,355.7,A,Primary,Headline,1.204082,D,P,132090.000000
Tue Aug 26 07:35:06 2025,26-Aug-2025,103507,47 54.257300 N,063 42.515300 W,2.1,356.1,A,DoorSpread,DoorMaster,10.260000,D,S,118154.000000
Tue Aug 26 07:35:06 2025,26-Aug-2025,103508,47 54.258000 N,063 42.515500 W,2.1,356.4,A,Primary,Headline,1.224490,D,P,134988.000000
Tue Aug 26 07:35:08 2025,26-Aug-2025,103509,47 54.258600 N,063 42.515700 W,2.1,356.3,A,Depth,Depth,75.000000,D,P,24934.000000
Tue Aug 26 07:35:08 2025,26-Aug-2025,103510,47 54.259200 N,063 42.516000 W,2.1,356.2,A,Depth,Depth,75.000000,D,P,24934.000000
Tue Aug 26 07:35:08 2025,26-Aug-2025,103511,47 54.259600 N,063 42.516100 W,2.1,356.4,A,Depth,Depth,75.000000,D,P,24934.000000
Tue Aug 26 07:35:11 2025,26-Aug-2025,103512,47 54.260200 N,063 42.516200 W,2.1,356.8,A,Primary,Headline,1.122449,D,P,83089.000000
Tue Aug 26 07:35:12 2025,26-Aug-2025,103513,47 54.260700 N,063 42.516200 W,2.1,357.0,A,DoorSpread,DoorMaster,9.665000,D,P,94617.000000
Tue Aug 26 07:35:12 2025,26-Aug-2025,103514,47 54.261200 N,063 42.516400 W,2.1,356.9,A,DoorSpread,DoorMaster,9.665000,D,P,94617.000000
Tue Aug 26 07:35:12 2025,26-Aug-2025,103515,47 54.261800 N,063 42.516400 W,2.1,356.4,A,DoorSpread,DoorMaster,9.665000,D,P,94617.000000
Tue Aug 26 07:35:12 2025,26-Aug-2025,103516,47 54.262400 N,063 42.516400 W,2.1,356.2,A,DoorSpread,DoorMaster,9.665000,D,P,94617.000000
Tue Aug 26 07:35:15 2025,26-Aug-2025,103517,47 54.263000 N,063 42.516200 W,2.1,356.2,A,Depth,Depth,75.462963,D,P,44188.000000
Tue Aug 26 07:35:16 2025,26-Aug-2025,103518,47 54.263600 N,063 42.516100 W,2.0,356.3,A,Primary,Headline,1.102041,D,S,326991.000000
Tue Aug 26 07:35:18 2025,26-Aug-2025,103519,47 54.264100 N,063 42.516100 W,2.0,355.9,A,DoorSpread,DoorMaster,9.760000,D,S,112679.000000
Tue Aug 26 07:35:18 2025,26-Aug-2025,103520,47 54.264800 N,063 42.516000 W,2.1,355.8,A,DoorSpread,DoorMaster,9.760000,D,S,112679.000000
Tue Aug 26 07:35:18 2025,26-Aug-2025,103521,47 54.265300 N,063 42.515800 W,2.1,355.8,A,DoorSpread,DoorMaster,9.760000,D,S,112679.000000
Tue Aug 26 07:35:21 2025,26-Aug-2025,103522,47 54.265800 N,063 42.515700 W,2.1,355.9,A,Primary,Headline,1.040816,D,S,385799.000000
Tue Aug 26 07:35:21 2025,26-Aug-2025,103523,47 54.266300 N,063 42.515600 W,2.1,356.1,A,Primary,Headline,1.040816,D,S,385799.000000
Tue Aug 26 07:35:22 2025,26-Aug-2025,103524,47 54.266800 N,063 42.515500 W,2.0,356.1,A,Depth,Depth,74.351852,D,S,252684.000000
Tue Aug 26 07:35:23 2025,26-Aug-2025,103525,47 54.267400 N,063 42.515600 W,2.1,356.0,A,DoorSpread,DoorMaster,10.175000,D,S,67918.000000
Tue Aug 26 07:35:23 2025,26-Aug-2025,103526,47 54.268100 N,063 42.515700 W,2.1,356.0,A,DoorSpread,DoorMaster,10.175000,D,S,67918.000000
Tue Aug 26 07:35:23 2025,26-Aug-2025,103527,47 54.268800 N,063 42.515700 W,2.1,356.0,A,DoorSpread,DoorMaster,10.175000,D,S,67918.000000
Tue Aug 26 07:35:26 2025,26-Aug-2025,103528,47 54.269400 N,063 42.515700 W,2.1,356.0,A,Primary,Headline,1.142857,D,S,226507.000000
Tue Aug 26 07:35:26 2025,26-Aug-2025,103529,47 54.270100 N,063 42.515700 W,2.1,356.0,A,Primary,Headline,1.142857,D,S,226507.000000
Tue Aug 26 07:35:26 2025,26-Aug-2025,103530,47 54.270800 N,063 42.515700 W,2.1,356.2,A,Primary,Headline,1.142857,D,S,226507.000000
Tue Aug 26 07:35:30 2025,26-Aug-2025,103531,47 54.271400 N,063 42.515600 W,2.1,356.4,A,Depth,Depth,74.814815,D,S,347987.000000
Tue Aug 26 07:35:30 2025,26-Aug-2025,103532,47 54.272100 N,063 42.515600 W,2.1,356.3,A,Depth,Depth,74.814815,D,S,347987.000000
Tue Aug 26 07:35:31 2025,26-Aug-2025,103533,47 54.272800 N,063 42.515700 W,2.2,356.0,A,Primary,Headline,1.591837,D,S,335911.000000
Tue Aug 26 07:35:31 2025,26-Aug-2025,103534,47 54.273500 N,063 42.515800 W,2.2,356.1,A,Primary,Headline,1.591837,D,S,335911.000000
Tue Aug 26 07:35:31 2025,26-Aug-2025,103535,47 54.274200 N,063 42.515800 W,2.2,356.6,A,Primary,Headline,1.591837,D,S,335911.000000
Tue Aug 26 07:35:31 2025,26-Aug-2025,103536,47 54.274900 N,063 42.515800 W,2.2,356.8,A,Primary,Headline,1.591837,D,S,335911.000000
Tue Aug 26 07:35:35 2025,26-Aug-2025,103537,47 54.275600 N,063 42.515900 W,2.2,356.7,A,DoorSpread,DoorMaster,9.920000,D,P,142655.000000
Tue Aug 26 07:35:36 2025,26-Aug-2025,103538,47 54.276200 N,063 42.516100 W,2.2,356.6,A,Primary,Headline,1.122449,D,P,91558.000000
Tue Aug 26 07:35:37 2025,26-Aug-2025,103539,47 54.276800 N,063 42.516200 W,2.2,356.7,A,Depth,Depth,74.259259,D,P,55431.000000
Tue Aug 26 07:35:37 2025,26-Aug-2025,103540,47 54.277300 N,063 42.516100 W,2.2,357.0,A,Depth,Depth,74.259259,D,P,55431.000000
Tue Aug 26 07:35:37 2025,26-Aug-2025,103541,47 54.277900 N,063 42.516200 W,2.2,357.1,A,Depth,Depth,74.259259,D,P,55431.000000
Tue Aug 26 07:35:41 2025,26-Aug-2025,103542,47 54.278400 N,063 42.516400 W,2.2,357.0,A,DoorSpread,DoorMaster,9.480000,D,S,77061.000000
Tue Aug 26 07:35:41 2025,26-Aug-2025,103543,47 54.279000 N,063 42.516500 W,2.2,357.0,A,Primary,Headline,0.183673,D,S,562529.000000
Tue Aug 26 07:35:41 2025,26-Aug-2025,103544,47 54.279500 N,063 42.516400 W,2.2,357.1,A,Primary,Headline,0.183673,D,S,562529.000000
Tue Aug 26 07:35:41 2025,26-Aug-2025,103545,47 54.280000 N,063 42.516400 W,2.2,357.1,A,Primary,Headline,0.183673,D,S,562529.000000
Tue Aug 26 07:35:44 2025,26-Aug-2025,103546,47 54.280600 N,063 42.516400 W,2.2,357.0,A,Depth,Depth,77.962963,D,P,49672.000000
Tue Aug 26 07:35:44 2025,26-Aug-2025,103547,47 54.281200 N,063 42.516400 W,2.2,356.9,A,Depth,Depth,77.962963,D,P,49672.000000
Tue Aug 26 07:35:47 2025,26-Aug-2025,103548,47 54.281800 N,063 42.516400 W,2.2,357.1,A,DoorSpread,DoorMaster,9.545000,D,S,99706.000000
Tue Aug 26 07:35:47 2025,26-Aug-2025,103549,47 54.282300 N,063 42.516500 W,2.2,357.4,A,DoorSpread,DoorMaster,9.545000,D,S,99706.000000
Tue Aug 26 07:35:47 2025,26-Aug-2025,103550,47 54.282900 N,063 42.516700 W,2.2,357.3,A,DoorSpread,DoorMaster,9.545000,D,S,99706.000000
Tue Aug 26 07:35:47 2025,26-Aug-2025,103551,47 54.283600 N,063 42.516900 W,2.2,356.9,A,DoorSpread,DoorMaster,9.545000,D,S,99706.000000
Tue Aug 26 07:35:47 2025,26-Aug-2025,103552,47 54.284200 N,063 42.517000 W,2.2,357.1,A,DoorSpread,DoorMaster,9.545000,D,S,99706.000000
Tue Aug 26 07:35:51 2025,26-Aug-2025,103553,47 54.284800 N,063 42.517000 W,2.2,357.4,A,Depth,Depth,71.759259,D,P,157836.000000
Tue Aug 26 07:35:52 2025,26-Aug-2025,103554,47 54.285400 N,063 42.517000 W,2.2,357.4,A,DoorSpread,DoorMaster,9.645000,D,S,113757.000000
Tue Aug 26 07:35:52 2025,26-Aug-2025,103555,47 54.286100 N,063 42.517200 W,2.2,357.2,A,DoorSpread,DoorMaster,9.645000,D,S,113757.000000
Tue Aug 26 07:35:52 2025,26-Aug-2025,103556,47 54.286600 N,063 42.517200 W,2.2,357.1,A,DoorSpread,DoorMaster,9.645000,D,S,113757.000000
Tue Aug 26 07:35:52 2025,26-Aug-2025,103557,47 54.287100 N,063 42.517200 W,2.2,357.5,A,DoorSpread,DoorMaster,9.645000,D,S,113757.000000
Tue Aug 26 07:35:56 2025,26-Aug-2025,103558,47 54.287700 N,063 42.517000 W,2.2,357.7,A,Primary,Headline,0.877551,D,S,155697.000000
Tue Aug 26 07:35:56 2025,26-Aug-2025,103559,47 54.288400 N,063 42.516900 W,2.2,357.7,A,Primary,Headline,0.877551,D,S,155697.000000
Tue Aug 26 07:35:59 2025,26-Aug-2025,103600,47 54.288900 N,063 42.517000 W,2.2,357.6,A,Depth,Depth,74.259259,D,S,242692.000000
Tue Aug 26 07:35:59 2025,26-Aug-2025,103601,47 54.289400 N,063 42.516900 W,2.2,357.6,A,Depth,Depth,74.259259,D,S,242692.000000
Tue Aug 26 07:35:59 2025,26-Aug-2025,103602,47 54.290100 N,063 42.517000 W,2.2,357.7,A,Depth,Depth,74.259259,D,S,242692.000000
Tue Aug 26 07:36:01 2025,26-Aug-2025,103603,47 54.290800 N,063 42.517000 W,2.2,357.9,A,Primary,Headline,1.081633,D,P,227575.000000
Tue Aug 26 07:36:01 2025,26-Aug-2025,103604,47 54.291400 N,063 42.516900 W,2.2,358.0,A,Primary,Headline,1.081633,D,P,227575.000000
Tue Aug 26 07:36:01 2025,26-Aug-2025,103605,47 54.291900 N,063 42.516900 W,2.2,357.7,A,Primary,Headline,1.081633,D,P,227575.000000
Tue Aug 26 07:36:04 2025,26-Aug-2025,103606,47 54.292400 N,063 42.516900 W,2.2,357.5,A,DoorSpread,DoorMaster,10.600000,D,P,107754.000000
Tue Aug 26 07:36:06 2025,26-Aug-2025,103607,47 54.293000 N,063 42.516800 W,2.2,357.7,A,Depth,Depth,74.907407,D,S,223679.000000
Tue Aug 26 07:36:06 2025,26-Aug-2025,103608,47 54.293600 N,063 42.516600 W,2.2,357.8,A,Primary,Headline,1.081633,D,S,180833.000000
Tue Aug 26 07:36:06 2025,26-Aug-2025,103609,47 54.294200 N,063 42.516700 W,2.2,357.9,A,Primary,Headline,1.081633,D,S,180833.000000
Tue Aug 26 07:36:06 2025,26-Aug-2025,103610,47 54.294900 N,063 42.516800 W,2.2,357.7,A,Primary,Headline,1.081633,D,S,180833.000000
Tue Aug 26 07:36:06 2025,26-Aug-2025,103611,47 54.295500 N,063 42.516900 W,2.2,357.4,A,Primary,Headline,1.081633,D,S,180833.000000
Tue Aug 26 07:36:10 2025,26-Aug-2025,103612,47 54.296100 N,063 42.516900 W,2.2,357.3,A,DoorSpread,DoorMaster,9.915000,D,S,347147.000000
Tue Aug 26 07:36:11 2025,26-Aug-2025,103613,47 54.296800 N,063 42.516800 W,2.2,357.3,A,Primary,Headline,1.122449,D,S,228106.000000
Tue Aug 26 07:36:11 2025,26-Aug-2025,103614,47 54.297400 N,063 42.516800 W,2.2,357.1,A,Primary,Headline,1.122449,D,S,228106.000000
Tue Aug 26 07:36:13 2025,26-Aug-2025,103615,47 54.298000 N,063 42.516900 W,2.2,356.8,A,Depth,Depth,75.092593,D,S,407874.000000
Tue Aug 26 07:36:13 2025,26-Aug-2025,103616,47 54.298700 N,063 42.516900 W,2.2,356.7,A,Depth,Depth,75.092593,D,S,407874.000000
Tue Aug 26 07:36:16 2025,26-Aug-2025,103617,47 54.299200 N,063 42.517000 W,2.2,357.0,A,DoorSpread,DoorMaster,9.880000,D,S,298641.000000
Tue Aug 26 07:36:16 2025,26-Aug-2025,103618,47 54.299900 N,063 42.517300 W,2.2,356.9,A,Primary,Headline,1.163265,D,S,81794.000000
Tue Aug 26 07:36:16 2025,26-Aug-2025,103619,47 54.300600 N,063 42.517600 W,2.3,356.5,A,Primary,Headline,1.163265,D,S,81794.000000
Tue Aug 26 07:36:16 2025,26-Aug-2025,103620,47 54.301300 N,063 42.517900 W,2.2,356.3,A,Primary,Headline,1.163265,D,S,81794.000000
Tue Aug 26 07:36:16 2025,26-Aug-2025,103621,47 54.301900 N,063 42.518100 W,2.1,356.2,A,Primary,Headline,1.163265,D,S,81794.000000
Tue Aug 26 07:36:21 2025,26-Aug-2025,103622,47 54.302600 N,063 42.518200 W,2.1,356.4,A,Depth,Depth,74.907407,D,S,61378.000000
Tue Aug 26 07:36:22 2025,26-Aug-2025,103623,47 54.303300 N,063 42.518200 W,2.2,356.5,A,DoorSpread,DoorMaster,10.500000,D,S,172947.000000
Tue Aug 26 07:36:22 2025,26-Aug-2025,103624,47 54.303900 N,063 42.518300 W,2.2,356.5,A,DoorSpread,DoorMaster,10.500000,D,S,172947.000000
Tue Aug 26 07:36:22 2025,26-Aug-2025,103625,47 54.304500 N,063 42.518500 W,2.1,356.4,A,DoorSpread,DoorMaster,10.500000,D,S,172947.000000
Tue Aug 26 07:36:22 2025,26-Aug-2025,103626,47 54.305100 N,063 42.518600 W,2.1,356.8,A,DoorSpread,DoorMaster,10.500000,D,S,172947.000000
Tue Aug 26 07:36:22 2025,26-Aug-2025,103627,47 54.305700 N,063 42.518600 W,2.2,357.2,A,DoorSpread,DoorMaster,10.500000,D,S,172947.000000
Tue Aug 26 07:36:26 2025,26-Aug-2025,103628,47 54.306300 N,063 42.518600 W,2.1,357.2,A,Primary,Headline,1.265306,D,S,383815.000000
Tue Aug 26 07:36:28 2025,26-Aug-2025,103629,47 54.306800 N,063 42.518700 W,2.1,357.3,A,Depth,Depth,74.814815,D,S,390155.000000
Tue Aug 26 07:36:28 2025,26-Aug-2025,103630,47 54.307300 N,063 42.518700 W,2.1,357.5,A,Depth,Depth,74.814815,D,S,390155.000000
Tue Aug 26 07:36:28 2025,26-Aug-2025,103631,47 54.307900 N,063 42.518700 W,2.1,357.5,A,Depth,Depth,74.814815,D,S,390155.000000
Tue Aug 26 07:36:28 2025,26-Aug-2025,103632,47 54.308500 N,063 42.518800 W,2.1,357.3,A,Depth,Depth,74.814815,D,S,390155.000000
Tue Aug 26 07:36:31 2025,26-Aug-2025,103633,47 54.309100 N,063 42.518600 W,2.2,357.2,A,Primary,Headline,1.163265,D,P,126164.000000
Tue Aug 26 07:36:31 2025,26-Aug-2025,103634,47 54.309800 N,063 42.518400 W,2.2,357.5,A,Primary,Headline,1.163265,D,P,126164.000000
Tue Aug 26 07:36:33 2025,26-Aug-2025,103635,47 54.310400 N,063 42.518200 W,2.1,357.9,A,DoorSpread,DoorMaster,9.975000,D,S,149612.000000
Tue Aug 26 07:36:33 2025,26-Aug-2025,103636,47 54.311000 N,063 42.518100 W,2.1,357.7,A,DoorSpread,DoorMaster,9.975000,D,S,149612.000000
Tue Aug 26 07:36:35 2025,26-Aug-2025,103637,47 54.311600 N,063 42.518200 W,2.2,357.3,A,Depth,Depth,74.814815,D,P,129325.000000
Tue Aug 26 07:36:36 2025,26-Aug-2025,103638,47 54.312300 N,063 42.518200 W,2.2,357.0,A,Primary,Headline,1.061224,D,S,358758.000000
Tue Aug 26 07:36:36 2025,26-Aug-2025,103639,47 54.313000 N,063 42.518200 W,2.2,357.2,A,Primary,Headline,1.061224,D,S,358758.000000
Tue Aug 26 07:36:36 2025,26-Aug-2025,103640,47 54.313600 N,063 42.518200 W,2.2,357.5,A,Primary,Headline,1.061224,D,S,358758.000000
Tue Aug 26 07:36:39 2025,26-Aug-2025,103641,47 54.314100 N,063 42.518400 W,2.2,357.6,A,DoorSpread,DoorMaster,10.320000,D,P,96581.000000
Tue Aug 26 07:36:39 2025,26-Aug-2025,103642,47 54.314700 N,063 42.518500 W,2.2,357.4,A,DoorSpread,DoorMaster,10.320000,D,P,96581.000000
Tue Aug 26 07:36:41 2025,26-Aug-2025,103643,47 54.315400 N,063 42.518600 W,2.2,357.3,A,Primary,Headline,1.102041,D,S,483648.000000
Tue Aug 26 07:36:42 2025,26-Aug-2025,103644,47 54.316000 N,063 42.518800 W,2.2,357.3,A,Depth,Depth,74.814815,D,S,385085.000000
Tue Aug 26 07:36:42 2025,26-Aug-2025,103645,47 54.316700 N,063 42.518900 W,2.2,357.3,A,Depth,Depth,74.814815,D,S,385085.000000
Tue Aug 26 07:36:42 2025,26-Aug-2025,103646,47 54.317300 N,063 42.518900 W,2.2,357.5,A,Depth,Depth,74.814815,D,S,385085.000000
Tue Aug 26 07:36:45 2025,26-Aug-2025,103647,47 54.317900 N,063 42.519000 W,2.2,357.6,A,DoorSpread,DoorMaster,10.345000,D,S,96146.000000
Tue Aug 26 07:36:46 2025,26-Aug-2025,103648,47 54.318500 N,063 42.519100 W,2.2,357.6,A,Primary,Headline,1.102041,D,S,408165.000000
Tue Aug 26 07:36:46 2025,26-Aug-2025,103649,47 54.319000 N,063 42.519300 W,2.2,357.5,A,Primary,Headline,1.102041,D,S,408165.000000
Tue Aug 26 07:36:46 2025,26-Aug-2025,103650,47 54.319500 N,063 42.519500 W,2.2,357.4,A,Primary,Headline,1.102041,D,S,408165.000000
Tue Aug 26 07:36:50 2025,26-Aug-2025,103651,47 54.320000 N,063 42.519500 W,2.2,357.3,A,Depth,Depth,75.092593,D,P,77485.000000
Tue Aug 26 07:36:51 2025,26-Aug-2025,103652,47 54.320600 N,063 42.519600 W,2.2,357.3,A,DoorSpread,DoorMaster,10.365000,D,S,113892.000000
Tue Aug 26 07:36:51 2025,26-Aug-2025,103653,47 54.321200 N,063 42.519600 W,2.2,357.4,A,Primary,Headline,1.163265,D,P,172826.000000
Tue Aug 26 07:36:51 2025,26-Aug-2025,103654,47 54.321800 N,063 42.519600 W,2.2,357.6,A,Primary,Headline,1.163265,D,P,172826.000000
Tue Aug 26 07:36:51 2025,26-Aug-2025,103655,47 54.322400 N,063 42.519700 W,2.2,357.5,A,Primary,Headline,1.163265,D,P,172826.000000
Tue Aug 26 07:36:51 2025,26-Aug-2025,103656,47 54.323100 N,063 42.519700 W,2.2,357.3,A,Primary,Headline,1.163265,D,P,172826.000000
Tue Aug 26 07:36:51 2025,26-Aug-2025,103657,47 54.323800 N,063 42.519700 W,2.2,357.3,A,Primary,Headline,1.163265,D,P,172826.000000
Tue Aug 26 07:36:57 2025,26-Aug-2025,103658,47 54.324400 N,063 42.519600 W,2.2,357.5,A,Depth,Depth,74.722222,D,P,128599.000000
Tue Aug 26 07:36:57 2025,26-Aug-2025,103659,47 54.325000 N,063 42.519500 W,2.2,358.0,A,Depth,Depth,75.000000,D,S,125214.000000
Tue Aug 26 07:36:57 2025,26-Aug-2025,103700,47 54.325500 N,063 42.519500 W,2.2,358.2,A,Depth,Depth,75.000000,D,S,125214.000000
Tue Aug 26 07:36:57 2025,26-Aug-2025,103701,47 54.326100 N,063 42.519600 W,2.2,358.1,A,Depth,Depth,75.000000,D,S,125214.000000
Tue Aug 26 07:36:57 2025,26-Aug-2025,103702,47 54.326600 N,063 42.519700 W,2.2,357.9,A,Depth,Depth,75.000000,D,S,125214.000000
Tue Aug 26 07:37:01 2025,26-Aug-2025,103703,47 54.327200 N,063 42.519600 W,2.2,358.1,A,Primary,Headline,1.081633,D,S,390275.000000
Tue Aug 26 07:37:03 2025,26-Aug-2025,103704,47 54.327800 N,063 42.519600 W,2.2,358.5,A,DoorSpread,DoorMaster,9.890000,D,P,116238.000000
Tue Aug 26 07:37:03 2025,26-Aug-2025,103705,47 54.328400 N,063 42.519600 W,2.2,358.6,A,DoorSpread,DoorMaster,9.890000,D,P,116238.000000
Tue Aug 26 07:37:04 2025,26-Aug-2025,103706,47 54.329100 N,063 42.519700 W,2.2,358.6,A,Depth,Depth,74.722222,D,S,453027.000000
Tue Aug 26 07:37:04 2025,26-Aug-2025,103707,47 54.329700 N,063 42.519800 W,2.2,358.3,A,Depth,Depth,74.722222,D,S,453027.000000
Tue Aug 26 07:37:06 2025,26-Aug-2025,103708,47 54.330200 N,063 42.519900 W,2.2,358.2,A,Primary,Headline,1.489796,D,S,94505.000000
Tue Aug 26 07:37:06 2025,26-Aug-2025,103709,47 54.330800 N,063 42.519900 W,2.2,358.5,A,Primary,Headline,1.489796,D,S,94505.000000
Tue Aug 26 07:37:08 2025,26-Aug-2025,103710,47 54.331400 N,063 42.519900 W,2.2,358.7,A,DoorSpread,DoorMaster,9.755000,D,S,138305.000000
Tue Aug 26 07:37:08 2025,26-Aug-2025,103711,47 54.332000 N,063 42.519800 W,2.2,358.8,A,DoorSpread,DoorMaster,9.755000,D,S,138305.000000
Tue Aug 26 07:37:08 2025,26-Aug-2025,103712,47 54.332700 N,063 42.519700 W,2.2,358.7,A,DoorSpread,DoorMaster,9.755000,D,S,138305.000000
Tue Aug 26 07:37:11 2025,26-Aug-2025,103713,47 54.333300 N,063 42.519700 W,2.2,358.5,A,Primary,Headline,0.938776,D,P,129375.000000
Tue Aug 26 07:37:11 2025,26-Aug-2025,103714,47 54.334000 N,063 42.519600 W,2.2,358.5,A,Primary,Headline,0.938776,D,P,129375.000000
Tue Aug 26 07:37:11 2025,26-Aug-2025,103715,47 54.334800 N,063 42.519500 W,2.2,358.6,A,Primary,Headline,0.938776,D,P,129375.000000
Tue Aug 26 07:37:14 2025,26-Aug-2025,103716,47 54.335400 N,063 42.519300 W,2.2,358.8,A,DoorSpread,DoorMaster,9.820000,D,S,59751.000000
Tue Aug 26 07:37:14 2025,26-Aug-2025,103717,47 54.336100 N,063 42.519300 W,2.2,358.9,A,DoorSpread,DoorMaster,9.820000,D,S,59751.000000
Tue Aug 26 07:37:16 2025,26-Aug-2025,103718,47 54.336800 N,063 42.519400 W,2.2,358.7,A,Primary,Headline,1.204082,D,S,380241.000000
Tue Aug 26 07:37:16 2025,26-Aug-2025,103719,47 54.337400 N,063 42.519400 W,2.2,358.6,A,Primary,Headline,1.204082,D,S,380241.000000
Tue Aug 26 07:37:16 2025,26-Aug-2025,103720,47 54.338100 N,063 42.519500 W,2.2,358.7,A,Primary,Headline,1.204082,D,S,380241.000000
Tue Aug 26 07:37:16 2025,26-Aug-2025,103721,47 54.338700 N,063 42.519600 W,2.2,358.8,A,Primary,Headline,1.204082,D,S,380241.000000
Tue Aug 26 07:37:16 2025,26-Aug-2025,103722,47 54.339200 N,063 42.519700 W,2.2,358.8,A,Primary,Headline,1.204082,D,S,380241.000000
Tue Aug 26 07:37:21 2025,26-Aug-2025,103723,47 54.339800 N,063 42.520000 W,2.2,358.4,A,Primary,Headline,1.285714,D,S,319317.000000
Tue Aug 26 07:37:21 2025,26-Aug-2025,103724,47 54.340400 N,063 42.520200 W,2.2,358.2,A,Primary,Headline,1.285714,D,S,319317.000000
Tue Aug 26 07:37:21 2025,26-Aug-2025,103725,47 54.341100 N,063 42.520100 W,2.2,358.6,A,Primary,Headline,1.285714,D,S,319317.000000
Tue Aug 26 07:37:21 2025,26-Aug-2025,103726,47 54.341800 N,063 42.520100 W,2.2,358.8,A,Primary,Headline,1.285714,D,S,319317.000000
Tue Aug 26 07:37:25 2025,26-Aug-2025,103727,47 54.342500 N,063 42.520100 W,2.2,358.7,A,DoorSpread,DoorMaster,10.635000,D,S,77699.000000
Tue Aug 26 07:37:26 2025,26-Aug-2025,103728,47 54.343100 N,063 42.520100 W,2.2,358.5,A,Primary,Headline,0.959184,D,S,298877.000000
Tue Aug 26 07:37:26 2025,26-Aug-2025,103729,47 54.343700 N,063 42.520100 W,2.2,358.5,A,Primary,Headline,0.959184,D,S,298877.000000
Tue Aug 26 07:37:26 2025,26-Aug-2025,103730,47 54.344300 N,063 42.520000 W,2.2,358.7,A,Primary,Headline,0.959184,D,S,298877.000000
Tue Aug 26 07:37:26 2025,26-Aug-2025,103731,47 54.344900 N,063 42.520000 W,2.2,358.8,A,Primary,Headline,0.959184,D,S,298877.000000
Tue Aug 26 07:37:31 2025,26-Aug-2025,103732,47 54.345400 N,063 42.520100 W,2.2,358.7,A,DoorSpread,DoorMaster,10.870000,D,P,89667.000000
Tue Aug 26 07:37:31 2025,26-Aug-2025,103733,47 54.345900 N,063 42.520200 W,2.1,358.6,A,DoorSpread,DoorMaster,10.875000,D,S,149805.000000
Tue Aug 26 07:37:32 2025,26-Aug-2025,103734,47 54.346500 N,063 42.520200 W,2.2,358.5,A,Primary,Headline,42.408163,D,P,94405.000000
Tue Aug 26 07:37:32 2025,26-Aug-2025,103735,47 54.347100 N,063 42.520300 W,2.2,358.6,A,Primary,Headline,42.408163,D,P,94405.000000
Tue Aug 26 07:37:32 2025,26-Aug-2025,103736,47 54.347700 N,063 42.520400 W,2.2,358.5,A,Primary,Headline,42.408163,D,P,94405.000000
Tue Aug 26 07:37:32 2025,26-Aug-2025,103737,47 54.348300 N,063 42.520600 W,2.1,358.3,A,Primary,Headline,42.408163,D,P,94405.000000
Tue Aug 26 07:37:32 2025,26-Aug-2025,103738,47 54.349000 N,063 42.520700 W,2.1,358.0,A,Primary,Headline,42.408163,D,P,94405.000000
Tue Aug 26 07:37:32 2025,26-Aug-2025,103739,47 54.349600 N,063 42.520800 W,2.2,357.9,A,Primary,Headline,42.408163,D,P,94405.000000
Tue Aug 26 07:37:32 2025,26-Aug-2025,103740,47 54.350200 N,063 42.520900 W,2.2,358.0,A,Primary,Headline,42.408163,D,P,94405.000000
Tue Aug 26 07:37:32 2025,26-Aug-2025,103741,47 54.350800 N,063 42.521000 W,2.2,358.0,A,Primary,Headline,42.408163,D,P,94405.000000
Tue Aug 26 07:37:32 2025,26-Aug-2025,103742,47 54.351300 N,063 42.521100 W,2.2,357.8,A,Primary,Headline,42.408163,D,P,94405.000000
Tue Aug 26 07:37:32 2025,26-Aug-2025,103743,47 54.351800 N,063 42.521100 W,2.2,357.6,A,Primary,Headline,42.408163,D,P,94405.000000
Tue Aug 26 07:37:42 2025,26-Aug-2025,103744,47 54.352300 N,063 42.521200 W,2.2,357.6,A,DoorSpread,DoorMaster,10.740000,D,S,84859.000000
Tue Aug 26 07:37:42 2025,26-Aug-2025,103745,47 54.352900 N,063 42.521100 W,2.2,357.7,A,DoorSpread,DoorMaster,10.740000,D,S,84859.000000
Tue Aug 26 07:37:42 2025,26-Aug-2025,103746,47 54.353500 N,063 42.521100 W,2.2,357.7,A,DoorSpread,DoorMaster,10.740000,D,S,84859.000000
Tue Aug 26 07:37:42 2025,26-Aug-2025,103747,47 54.354000 N,063 42.521200 W,2.2,357.5,A,DoorSpread,DoorMaster,10.740000,D,S,84859.000000
Tue Aug 26 07:37:42 2025,26-Aug-2025,103748,47 54.354600 N,063 42.521400 W,2.1,357.3,A,DoorSpread,DoorMaster,10.740000,D,S,84859.000000
Tue Aug 26 07:37:48 2025,26-Aug-2025,103749,47 54.355200 N,063 42.521500 W,2.2,357.1,A,DoorSpread,DoorMaster,10.530000,D,P,95721.000000
Tue Aug 26 07:37:48 2025,26-Aug-2025,103750,47 54.355800 N,063 42.521500 W,2.2,357.1,A,DoorSpread,DoorMaster,10.570000,D,S,82869.000000
Tue Aug 26 07:37:48 2025,26-Aug-2025,103751,47 54.356500 N,063 42.521500 W,2.2,357.2,A,DoorSpread,DoorMaster,10.570000,D,S,82869.000000
Tue Aug 26 07:37:48 2025,26-Aug-2025,103752,47 54.357100 N,063 42.521500 W,2.2,357.2,A,DoorSpread,DoorMaster,10.570000,D,S,82869.000000
Tue Aug 26 07:37:48 2025,26-Aug-2025,103753,47 54.357700 N,063 42.521700 W,2.2,357.0,A,DoorSpread,DoorMaster,10.570000,D,S,82869.000000
Tue Aug 26 07:37:48 2025,26-Aug-2025,103754,47 54.358200 N,063 42.521800 W,2.2,356.8,A,DoorSpread,DoorMaster,10.570000,D,S,82869.000000
Tue Aug 26 07:37:54 2025,26-Aug-2025,103755,47 54.358700 N,063 42.521800 W,2.2,356.9,A,DoorSpread,DoorMaster,11.515000,D,P,26959.000000
Tue Aug 26 07:37:54 2025,26-Aug-2025,103756,47 54.359300 N,063 42.521700 W,2.2,357.1,A,DoorSpread,DoorMaster,11.515000,D,P,26959.000000
Tue Aug 26 07:37:54 2025,26-Aug-2025,103757,47 54.359800 N,063 42.521700 W,2.2,357.2,A,DoorSpread,DoorMaster,11.515000,D,P,26959.000000
Tue Aug 26 07:37:54 2025,26-Aug-2025,103758,47 54.360300 N,063 42.521900 W,2.2,357.0,A,DoorSpread,DoorMaster,11.515000,D,P,26959.000000
Tue Aug 26 07:37:54 2025,26-Aug-2025,103759,47 54.360900 N,063 42.521900 W,2.2,357.1,A,DoorSpread,DoorMaster,11.515000,D,P,26959.000000
Tue Aug 26 07:37:54 2025,26-Aug-2025,103800,47 54.361500 N,063 42.521900 W,2.2,357.3,A,DoorSpread,DoorMaster,11.515000,D,P,26959.000000
Tue Aug 26 07:38:00 2025,26-Aug-2025,103801,47 54.362200 N,063 42.521900 W,2.2,357.5,A,DoorSpread,DoorMaster,9.740000,D,S,55557.000000
Tue Aug 26 07:38:00 2025,26-Aug-2025,103802,47 54.362900 N,063 42.522100 W,2.2,357.4,A,DoorSpread,DoorMaster,9.740000,D,S,55557.000000
Tue Aug 26 07:38:00 2025,26-Aug-2025,103803,47 54.363500 N,063 42.522300 W,2.1,357.4,A,DoorSpread,DoorMaster,9.740000,D,S,55557.000000
Tue Aug 26 07:38:00 2025,26-Aug-2025,103804,47 54.364100 N,063 42.522400 W,2.1,357.4,A,DoorSpread,DoorMaster,9.740000,D,S,55557.000000
Tue Aug 26 07:38:00 2025,26-Aug-2025,103805,47 54.364800 N,063 42.522400 W,2.1,357.7,A,DoorSpread,DoorMaster,9.740000,D,S,55557.000000
Tue Aug 26 07:38:00 2025,26-Aug-2025,103806,47 54.365400 N,063 42.522500 W,2.2,357.8,A,DoorSpread,DoorMaster,9.740000,D,S,55557.000000
Tue Aug 26 07:38:05 2025,26-Aug-2025,103807,47 54.366000 N,063 42.522600 W,2.2,357.8,A,DoorSpread,DoorMaster,11.005000,D,S,43791.000000
Tue Aug 26 07:38:05 2025,26-Aug-2025,103808,47 54.366500 N,063 42.522700 W,2.1,357.8,A,DoorSpread,DoorMaster,11.005000,D,S,43791.000000
Tue Aug 26 07:38:05 2025,26-Aug-2025,103809,47 54.367100 N,063 42.522800 W,2.1,357.9,A,DoorSpread,DoorMaster,11.005000,D,S,43791.000000
Tue Aug 26 07:38:05 2025,26-Aug-2025,103810,47 54.367800 N,063 42.522900 W,2.1,358.0,A,DoorSpread,DoorMaster,11.005000,D,S,43791.000000
Tue Aug 26 07:38:05 2025,26-Aug-2025,103811,47 54.368300 N,063 42.522900 W,2.2,358.1,A,DoorSpread,DoorMaster,11.005000,D,S,43791.000000
Tue Aug 26 07:38:05 2025,26-Aug-2025,103812,47 54.368900 N,063 42.523000 W,2.1,358.1,A,DoorSpread,DoorMaster,11.005000,D,S,43791.000000
Tue Aug 26 07:38:11 2025,26-Aug-2025,103813,47 54.369300 N,063 42.522900 W,2.1,357.7,A,DoorSpread,DoorMaster,11.310000,D,P,253139.000000
Tue Aug 26 07:38:11 2025,26-Aug-2025,103814,47 54.369900 N,063 42.522900 W,2.1,357.4,A,DoorSpread,DoorMaster,11.310000,D,P,253139.000000
Tue Aug 26 07:38:11 2025,26-Aug-2025,103815,47 54.370500 N,063 42.522900 W,2.1,357.4,A,DoorSpread,DoorMaster,11.310000,D,P,253139.000000
Tue Aug 26 07:38:11 2025,26-Aug-2025,103816,47 54.371100 N,063 42.522900 W,2.1,357.5,A,DoorSpread,DoorMaster,11.310000,D,P,253139.000000
Tue Aug 26 07:38:11 2025,26-Aug-2025,103817,47 54.371700 N,063 42.522900 W,2.1,357.6,A,DoorSpread,DoorMaster,11.310000,D,P,253139.000000
Tue Aug 26 07:38:11 2025,26-Aug-2025,103818,47 54.372300 N,063 42.523000 W,2.1,357.6,A,DoorSpread,DoorMaster,11.310000,D,P,253139.000000
Tue Aug 26 07:38:17 2025,26-Aug-2025,103819,47 54.372800 N,063 42.523100 W,2.1,357.4,A,DoorSpread,DoorMaster,11.200000,D,P,185060.000000
Tue Aug 26 07:38:17 2025,26-Aug-2025,103820,47 54.373400 N,063 42.523200 W,2.1,357.3,A,DoorSpread,DoorMaster,11.200000,D,P,185060.000000
Tue Aug 26 07:38:17 2025,26-Aug-2025,103821,47 54.374000 N,063 42.523200 W,2.2,357.2,A,DoorSpread,DoorMaster,11.200000,D,P,185060.000000
Tue Aug 26 07:38:17 2025,26-Aug-2025,103822,47 54.374700 N,063 42.523200 W,2.2,357.1,A,DoorSpread,DoorMaster,11.200000,D,P,185060.000000
Tue Aug 26 07:38:17 2025,26-Aug-2025,103823,47 54.375400 N,063 42.523200 W,2.1,357.2,A,DoorSpread,DoorMaster,11.200000,D,P,185060.000000
Tue Aug 26 07:38:17 2025,26-Aug-2025,103824,47 54.376100 N,063 42.523100 W,2.2,357.4,A,DoorSpread,DoorMaster,11.200000,D,P,185060.000000
Tue Aug 26 07:38:17 2025,26-Aug-2025,103825,47 54.376900 N,063 42.523100 W,2.2,357.5,A,DoorSpread,DoorMaster,11.200000,D,P,185060.000000
Tue Aug 26 07:38:17 2025,26-Aug-2025,103826,47 54.377600 N,063 42.523200 W,2.2,357.2,A,DoorSpread,DoorMaster,11.200000,D,P,185060.000000
Tue Aug 26 07:38:17 2025,26-Aug-2025,103827,47 54.378300 N,063 42.523200 W,2.2,356.8,A,DoorSpread,DoorMaster,11.200000,D,P,185060.000000
Tue Aug 26 07:38:17 2025,26-Aug-2025,103828,47 54.378900 N,063 42.523200 W,2.2,356.6,A,DoorSpread,DoorMaster,11.200000,D,P,185060.000000
Tue Aug 26 07:38:17 2025,26-Aug-2025,103829,47 54.379600 N,063 42.523000 W,2.3,356.8,A,DoorSpread,DoorMaster,11.200000,D,P,185060.000000
Tue Aug 26 07:38:28 2025,26-Aug-2025,103830,47 54.380300 N,063 42.522800 W,2.3,357.0,A,DoorSpread,DoorMaster,11.010000,D,S,70200.000000
Tue Aug 26 07:38:28 2025,26-Aug-2025,103831,47 54.381000 N,063 42.522800 W,2.3,356.9,A,DoorSpread,DoorMaster,11.010000,D,S,70200.000000
Tue Aug 26 07:38:28 2025,26-Aug-2025,103832,47 54.381600 N,063 42.523000 W,2.3,356.6,A,DoorSpread,DoorMaster,11.010000,D,S,70200.000000
Tue Aug 26 07:38:28 2025,26-Aug-2025,103833,47 54.382200 N,063 42.522900 W,2.3,356.6,A,DoorSpread,DoorMaster,11.010000,D,S,70200.000000
Tue Aug 26 07:38:28 2025,26-Aug-2025,103834,47 54.382900 N,063 42.522800 W,2.3,356.9,A,DoorSpread,DoorMaster,11.010000,D,S,70200.000000
Tue Aug 26 07:38:28 2025,26-Aug-2025,103835,47 54.383600 N,063 42.522900 W,2.3,357.0,A,DoorSpread,DoorMaster,11.010000,D,S,70200.000000
Tue Aug 26 07:38:34 2025,26-Aug-2025,103836,47 54.384100 N,063 42.523200 W,2.3,356.9,A,DoorSpread,DoorMaster,10.805000,D,P,87757.000000
Tue Aug 26 07:38:34 2025,26-Aug-2025,103837,47 54.384700 N,063 42.523500 W,2.3,356.8,A,DoorSpread,DoorMaster,10.805000,D,P,87757.000000
Tue Aug 26 07:38:34 2025,26-Aug-2025,103838,47 54.385300 N,063 42.523700 W,2.3,356.7,A,DoorSpread,DoorMaster,10.805000,D,P,87757.000000
Tue Aug 26 07:38:34 2025,26-Aug-2025,103839,47 54.385900 N,063 42.523700 W,2.3,356.7,A,DoorSpread,DoorMaster,10.805000,D,P,87757.000000
Tue Aug 26 07:38:34 2025,26-Aug-2025,103840,47 54.386600 N,063 42.523600 W,2.3,356.8,A,DoorSpread,DoorMaster,10.805000,D,P,87757.000000
Tue Aug 26 07:38:40 2025,26-Aug-2025,103841,47 54.387200 N,063 42.523600 W,2.3,356.8,A,DoorSpread,DoorMaster,9.900000,D,S,202012.000000
Tue Aug 26 07:38:40 2025,26-Aug-2025,103842,47 54.387800 N,063 42.523600 W,2.2,356.9,A,DoorSpread,DoorMaster,9.900000,D,S,202012.000000
Tue Aug 26 07:38:40 2025,26-Aug-2025,103843,47 54.388500 N,063 42.523500 W,2.3,356.9,A,DoorSpread,DoorMaster,9.900000,D,S,202012.000000
Tue Aug 26 07:38:40 2025,26-Aug-2025,103844,47 54.389200 N,063 42.523700 W,2.3,356.7,A,DoorSpread,DoorMaster,9.900000,D,S,202012.000000
Tue Aug 26 07:38:40 2025,26-Aug-2025,103845,47 54.389800 N,063 42.523800 W,2.2,356.6,A,DoorSpread,DoorMaster,9.900000,D,S,202012.000000
Tue Aug 26 07:38:40 2025,26-Aug-2025,103846,47 54.390400 N,063 42.523900 W,2.2,356.8,A,DoorSpread,DoorMaster,9.900000,D,S,202012.000000
Tue Aug 26 07:38:46 2025,26-Aug-2025,103847,47 54.390900 N,063 42.523900 W,2.2,357.1,A,DoorSpread,DoorMaster,9.965000,D,S,51995.000000
Tue Aug 26 07:38:46 2025,26-Aug-2025,103848,47 54.391500 N,063 42.524000 W,2.2,357.3,A,DoorSpread,DoorMaster,9.965000,D,S,51995.000000
Tue Aug 26 07:38:46 2025,26-Aug-2025,103849,47 54.392000 N,063 42.524100 W,2.2,357.2,A,DoorSpread,DoorMaster,9.965000,D,S,51995.000000
Tue Aug 26 07:38:46 2025,26-Aug-2025,103850,47 54.392700 N,063 42.524200 W,2.2,357.2,A,DoorSpread,DoorMaster,9.965000,D,S,51995.000000
Tue Aug 26 07:38:46 2025,26-Aug-2025,103851,47 54.393200 N,063 42.524300 W,2.1,357.2,A,DoorSpread,DoorMaster,9.965000,D,S,51995.000000
Tue Aug 26 07:38:46 2025,26-Aug-2025,103852,47 54.393700 N,063 42.524300 W,2.1,357.5,A,DoorSpread,DoorMaster,9.965000,D,S,51995.000000
Tue Aug 26 07:38:52 2025,26-Aug-2025,103853,47 54.394400 N,063 42.524300 W,2.2,357.6,A,DoorSpread,DoorMaster,10.505000,D,P,205945.000000
Tue Aug 26 07:38:52 2025,26-Aug-2025,103854,47 54.395100 N,063 42.524500 W,2.3,357.3,A,DoorSpread,DoorMaster,10.505000,D,P,205945.000000
Tue Aug 26 07:38:52 2025,26-Aug-2025,103855,47 54.395800 N,063 42.524700 W,2.4,356.8,A,DoorSpread,DoorMaster,10.505000,D,P,205945.000000
Tue Aug 26 07:38:52 2025,26-Aug-2025,103856,47 54.396700 N,063 42.524900 W,2.5,356.9,A,DoorSpread,DoorMaster,10.505000,D,P,205945.000000
Tue Aug 26 07:38:52 2025,26-Aug-2025,103857,47 54.397500 N,063 42.525000 W,2.6,357.2,A,DoorSpread,DoorMaster,10.505000,D,P,205945.000000
Tue Aug 26 07:38:52 2025,26-Aug-2025,103858,47 54.398400 N,063 42.525100 W,2.8,357.3,A,DoorSpread,DoorMaster,10.505000,D,P,205945.000000
Tue Aug 26 07:38:52 2025,26-Aug-2025,103859,47 54.399400 N,063 42.525100 W,2.9,357.2,A,DoorSpread,DoorMaster,10.505000,D,P,205945.000000
Tue Aug 26 07:38:52 2025,26-Aug-2025,103900,47 54.400400 N,063 42.525200 W,3.0,356.9,A,DoorSpread,DoorMaster,10.505000,D,P,205945.000000
Tue Aug 26 07:38:52 2025,26-Aug-2025,103901,47 54.401400 N,063 42.525300 W,3.1,356.3,A,DoorSpread,DoorMaster,10.505000,D,P,205945.000000
Tue Aug 26 07:38:52 2025,26-Aug-2025,103902,47 54.402500 N,063 42.525400 W,3.2,356.6,A,DoorSpread,DoorMaster,10.505000,D,P,205945.000000
Tue Aug 26 07:38:52 2025,26-Aug-2025,103903,47 54.403700 N,063 42.525400 W,3.4,357.3,A,DoorSpread,DoorMaster,10.505000,D,P,205945.000000
Tue Aug 26 07:39:02 2025,26-Aug-2025,103904,47 54.404800 N,063 42.525500 W,3.5,357.0,A,DoorSpread,DoorMaster,7.970000,D,S,113632.000000
Tue Aug 26 07:39:02 2025,26-Aug-2025,103905,47 54.405900 N,063 42.525700 W,3.5,356.7,A,DoorSpread,DoorMaster,7.970000,D,S,113632.000000
Tue Aug 26 07:39:02 2025,26-Aug-2025,103906,47 54.407000 N,063 42.526000 W,3.6,356.5,A,DoorSpread,DoorMaster,7.970000,D,S,113632.000000
Tue Aug 26 07:39:02 2025,26-Aug-2025,103907,47 54.408100 N,063 42.526200 W,3.7,356.3,A,DoorSpread,DoorMaster,7.970000,D,S,113632.000000
Tue Aug 26 07:39:02 2025,26-Aug-2025,103908,47 54.409300 N,063 42.526400 W,3.8,356.5,A,DoorSpread,DoorMaster,7.970000,D,S,113632.000000
Tue Aug 26 07:39:02 2025,26-Aug-2025,103909,47 54.410500 N,063 42.526500 W,3.8,356.7,A,DoorSpread,DoorMaster,7.970000,D,S,113632.000000
Tue Aug 26 07:39:08 2025,26-Aug-2025,103910,47 54.411600 N,063 42.526500 W,3.8,356.6,A,DoorSpread,DoorMaster,8.650000,D,S,193876.000000
Tue Aug 26 07:39:08 2025,26-Aug-2025,103911,47 54.412700 N,063 42.526600 W,3.9,356.7,A,DoorSpread,DoorMaster,8.650000,D,S,193876.000000
Tue Aug 26 07:39:08 2025,26-Aug-2025,103912,47 54.413800 N,063 42.526500 W,3.9,357.2,A,DoorSpread,DoorMaster,8.650000,D,S,193876.000000
Tue Aug 26 07:39:08 2025,26-Aug-2025,103913,47 54.415000 N,063 42.526400 W,3.9,357.5,A,DoorSpread,DoorMaster,8.650000,D,S,193876.000000
Tue Aug 26 07:39:08 2025,26-Aug-2025,103914,47 54.416100 N,063 42.526400 W,3.9,356.9,A,DoorSpread,DoorMaster,8.650000,D,S,193876.000000
Tue Aug 26 07:39:14 2025,26-Aug-2025,103915,47 54.417300 N,063 42.526500 W,3.9,356.6,A,DoorSpread,DoorMaster,8.250000,D,S,158366.000000
Tue Aug 26 07:39:14 2025,26-Aug-2025,103916,47 54.418300 N,063 42.526600 W,3.9,356.7,A,DoorSpread,DoorMaster,8.250000,D,S,158366.000000
Tue Aug 26 07:39:14 2025,26-Aug-2025,103917,47 54.419200 N,063 42.526400 W,3.9,357.6,A,DoorSpread,DoorMaster,8.250000,D,S,158366.000000
Tue Aug 26 07:39:14 2025,26-Aug-2025,103918,47 54.420200 N,063 42.526300 W,4.0,358.0,A,DoorSpread,DoorMaster,8.250000,D,S,158366.000000
Tue Aug 26 07:39:14 2025,26-Aug-2025,103919,47 54.421200 N,063 42.526300 W,3.9,358.1,A,DoorSpread,DoorMaster,8.250000,D,S,158366.000000
Tue Aug 26 07:39:14 2025,26-Aug-2025,103920,47 54.422100 N,063 42.526400 W,3.8,357.3,A,DoorSpread,DoorMaster,8.250000,D,S,158366.000000
Tue Aug 26 07:39:20 2025,26-Aug-2025,103921,47 54.423000 N,063 42.526400 W,3.8,357.5,A,DoorSpread,DoorMaster,7.225000,D,S,181889.000000
Tue Aug 26 07:39:20 2025,26-Aug-2025,103922,47 54.424000 N,063 42.526600 W,3.7,358.1,A,DoorSpread,DoorMaster,7.225000,D,S,181889.000000
Tue Aug 26 07:39:20 2025,26-Aug-2025,103923,47 54.424900 N,063 42.526600 W,3.7,358.5,A,DoorSpread,DoorMaster,7.225000,D,S,181889.000000
Tue Aug 26 07:39:20 2025,26-Aug-2025,103924,47 54.425800 N,063 42.526800 W,3.6,358.5,A,DoorSpread,DoorMaster,7.225000,D,S,181889.000000
Tue Aug 26 07:39:20 2025,26-Aug-2025,103925,47 54.426600 N,063 42.527000 W,3.5,358.0,A,DoorSpread,DoorMaster,7.225000,D,S,181889.000000
Tue Aug 26 07:39:20 2025,26-Aug-2025,103926,47 54.427400 N,063 42.527100 W,3.4,357.8,A,DoorSpread,DoorMaster,7.225000,D,S,181889.000000
Tue Aug 26 07:39:25 2025,26-Aug-2025,103927,47 54.428200 N,063 42.527000 W,3.4,357.8,A,DoorSpread,DoorMaster,6.645000,D,S,165773.000000
Tue Aug 26 07:39:25 2025,26-Aug-2025,103928,47 54.429000 N,063 42.527300 W,3.3,357.6,A,DoorSpread,DoorMaster,6.645000,D,S,165773.000000
Tue Aug 26 07:39:25 2025,26-Aug-2025,103929,47 54.429800 N,063 42.527600 W,3.2,357.2,A,DoorSpread,DoorMaster,6.645000,D,S,165773.000000
Tue Aug 26 07:39:25 2025,26-Aug-2025,103930,47 54.430600 N,063 42.527800 W,3.1,357.0,A,DoorSpread,DoorMaster,6.645000,D,S,165773.000000
Tue Aug 26 07:39:25 2025,26-Aug-2025,103931,47 54.431300 N,063 42.528000 W,3.1,356.9,A,DoorSpread,DoorMaster,6.645000,D,S,165773.000000
Tue Aug 26 07:39:25 2025,26-Aug-2025,103932,47 54.432100 N,063 42.528100 W,3.1,356.8,A,DoorSpread,DoorMaster,6.645000,D,S,165773.000000
Tue Aug 26 07:39:25 2025,26-Aug-2025,103933,47 54.432900 N,063 42.528200 W,3.0,356.7,A,DoorSpread,DoorMaster,6.645000,D,S,165773.000000
Tue Aug 26 07:39:25 2025,26-Aug-2025,103934,47 54.433700 N,063 42.528200 W,2.9,356.4,A,DoorSpread,DoorMaster,6.645000,D,S,165773.000000
Tue Aug 26 07:39:25 2025,26-Aug-2025,103935,47 54.434500 N,063 42.528400 W,2.8,356.0,A,DoorSpread,DoorMaster,6.645000,D,S,165773.000000
Tue Aug 26 07:39:25 2025,26-Aug-2025,103936,47 54.435200 N,063 42.528400 W,2.8,355.7,A,DoorSpread,DoorMaster,6.645000,D,S,165773.000000
Tue Aug 26 07:39:25 2025,26-Aug-2025,103937,47 54.435900 N,063 42.528600 W,2.7,355.3,A,DoorSpread,DoorMaster,6.645000,D,S,165773.000000
Tue Aug 26 07:39:25 2025,26-Aug-2025,103938,47 54.436500 N,063 42.528700 W,2.7,355.1,A,DoorSpread,DoorMaster,6.645000,D,S,165773.000000
Tue Aug 26 07:39:25 2025,26-Aug-2025,103939,47 54.437300 N,063 42.528700 W,2.7,355.0,A,DoorSpread,DoorMaster,6.645000,D,S,165773.000000
Tue Aug 26 07:39:25 2025,26-Aug-2025,103940,47 54.438000 N,063 42.528700 W,2.7,354.8,A,DoorSpread,DoorMaster,6.645000,D,S,165773.000000
Tue Aug 26 07:39:25 2025,26-Aug-2025,103941,47 54.438700 N,063 42.528800 W,2.6,354.4,A,DoorSpread,DoorMaster,6.645000,D,S,165773.000000
Tue Aug 26 07:39:41 2025,26-Aug-2025,103942,47 54.439300 N,063 42.529000 W,2.6,353.9,A,DoorSpread,DoorMaster,5.075000,D,P,86022.000000
Tue Aug 26 07:39:41 2025,26-Aug-2025,103943,47 54.440000 N,063 42.528900 W,2.6,353.7,A,DoorSpread,DoorMaster,5.075000,D,P,86022.000000
Tue Aug 26 07:39:41 2025,26-Aug-2025,103944,47 54.440800 N,063 42.528800 W,2.6,353.6,A,DoorSpread,DoorMaster,5.075000,D,P,86022.000000
Tue Aug 26 07:39:41 2025,26-Aug-2025,103945,47 54.441500 N,063 42.528900 W,2.5,353.5,A,DoorSpread,DoorMaster,5.075000,D,P,86022.000000
Tue Aug 26 07:39:41 2025,26-Aug-2025,103946,47 54.442100 N,063 42.529100 W,2.5,353.2,A,DoorSpread,DoorMaster,5.075000,D,P,86022.000000
Tue Aug 26 07:39:41 2025,26-Aug-2025,103947,47 54.442800 N,063 42.529200 W,2.5,353.2,A,DoorSpread,DoorMaster,5.075000,D,P,86022.000000
Tue Aug 26 07:39:46 2025,26-Aug-2025,103948,47 54.443500 N,063 42.529300 W,2.5,353.2,A,DoorSpread,DoorMaster,6.405000,D,S,409695.000000
Tue Aug 26 07:39:46 2025,26-Aug-2025,103949,47 54.444100 N,063 42.529500 W,2.5,353.3,A,DoorSpread,DoorMaster,6.405000,D,S,409695.000000
Tue Aug 26 07:39:46 2025,26-Aug-2025,103950,47 54.444700 N,063 42.529600 W,2.5,353.7,A,DoorSpread,DoorMaster,6.405000,D,S,409695.000000
Tue Aug 26 07:39:46 2025,26-Aug-2025,103951,47 54.445300 N,063 42.529800 W,2.4,353.8,A,DoorSpread,DoorMaster,6.405000,D,S,409695.000000
Tue Aug 26 07:39:46 2025,26-Aug-2025,103952,47 54.445800 N,063 42.530100 W,2.4,353.7,A,DoorSpread,DoorMaster,6.405000,D,S,409695.000000
Tue Aug 26 07:39:46 2025,26-Aug-2025,103953,47 54.446400 N,063 42.530400 W,2.4,353.7,A,DoorSpread,DoorMaster,6.405000,D,S,409695.000000
Tue Aug 26 07:39:46 2025,26-Aug-2025,103954,47 54.447000 N,063 42.530500 W,2.4,353.9,A,DoorSpread,DoorMaster,6.405000,D,S,409695.000000
Tue Aug 26 07:39:46 2025,26-Aug-2025,103955,47 54.447600 N,063 42.530700 W,2.4,353.9,A,DoorSpread,DoorMaster,6.405000,D,S,409695.000000
Tue Aug 26 07:39:46 2025,26-Aug-2025,103956,47 54.448200 N,063 42.530900 W,2.4,353.8,A,DoorSpread,DoorMaster,6.405000,D,S,409695.000000
Tue Aug 26 07:39:46 2025,26-Aug-2025,103957,47 54.448900 N,063 42.531100 W,2.4,353.8,A,DoorSpread,DoorMaster,6.405000,D,S,409695.000000
Tue Aug 26 07:39:46 2025,26-Aug-2025,103958,47 54.449500 N,063 42.531200 W,2.4,353.9,A,DoorSpread,DoorMaster,6.405000,D,S,409695.000000
Tue Aug 26 07:39:46 2025,26-Aug-2025,103959,47 54.450200 N,063 42.531300 W,2.4,353.8,A,DoorSpread,DoorMaster,6.405000,D,S,409695.000000
Tue Aug 26 07:39:46 2025,26-Aug-2025,104000,47 54.451000 N,063 42.531300 W,2.4,353.5,A,DoorSpread,DoorMaster,6.405000,D,S,409695.000000
Tue Aug 26 07:39:46 2025,26-Aug-2025,104001,47 54.451700 N,063 42.531400 W,2.4,353.2,A,DoorSpread,DoorMaster,6.405000,D,S,409695.000000
Tue Aug 26 07:39:46 2025,26-Aug-2025,104002,47 54.452400 N,063 42.531400 W,2.4,353.3,A,DoorSpread,DoorMaster,6.405000,D,S,409695.000000
Tue Aug 26 07:40:02 2025,26-Aug-2025,104003,47 54.453200 N,063 42.531500 W,2.4,353.5,A,DoorSpread,DoorMaster,5.705000,D,S,218542.000000
Tue Aug 26 07:40:02 2025,26-Aug-2025,104004,47 54.454000 N,063 42.531600 W,2.5,353.2,A,DoorSpread,DoorMaster,5.705000,D,S,218542.000000
Tue Aug 26 07:40:02 2025,26-Aug-2025,104005,47 54.454700 N,063 42.531800 W,2.5,352.8,A,DoorSpread,DoorMaster,5.705000,D,S,218542.000000
Tue Aug 26 07:40:02 2025,26-Aug-2025,104006,47 54.455400 N,063 42.532000 W,2.4,352.5,A,DoorSpread,DoorMaster,5.705000,D,S,218542.000000
Tue Aug 26 07:40:02 2025,26-Aug-2025,104007,47 54.456000 N,063 42.532000 W,2.4,352.3,A,DoorSpread,DoorMaster,5.705000,D,S,218542.000000
Tue Aug 26 07:40:02 2025,26-Aug-2025,104008,47 54.456700 N,063 42.532100 W,2.5,352.3,A,DoorSpread,DoorMaster,5.705000,D,S,218542.000000
Tue Aug 26 07:40:02 2025,26-Aug-2025,104009,47 54.457500 N,063 42.532200 W,2.5,352.2,A,DoorSpread,DoorMaster,5.705000,D,S,218542.000000
Tue Aug 26 07:40:02 2025,26-Aug-2025,104010,47 54.458100 N,063 42.532400 W,2.4,352.0,A,DoorSpread,DoorMaster,5.705000,D,S,218542.000000
Tue Aug 26 07:40:02 2025,26-Aug-2025,104011,47 54.458700 N,063 42.532600 W,2.4,351.6,A,DoorSpread,DoorMaster,5.705000,D,S,218542.000000
Tue Aug 26 07:40:02 2025,26-Aug-2025,104012,47 54.459300 N,063 42.532700 W,2.4,351.6,A,DoorSpread,DoorMaster,5.705000,D,S,218542.000000
Tue Aug 26 07:40:02 2025,26-Aug-2025,104013,47 54.459900 N,063 42.532900 W,2.5,351.7,A,DoorSpread,DoorMaster,5.705000,D,S,218542.000000
Tue Aug 26 07:40:02 2025,26-Aug-2025,104014,47 54.460500 N,063 42.533000 W,2.4,351.6,A,DoorSpread,DoorMaster,5.705000,D,S,218542.000000
Tue Aug 26 07:40:02 2025,26-Aug-2025,104015,47 54.461100 N,063 42.533100 W,2.4,351.3,A,DoorSpread,DoorMaster,5.705000,D,S,218542.000000
Tue Aug 26 07:40:02 2025,26-Aug-2025,104016,47 54.461700 N,063 42.533300 W,2.4,351.0,A,DoorSpread,DoorMaster,5.705000,D,S,218542.000000
Tue Aug 26 07:40:02 2025,26-Aug-2025,104017,47 54.462500 N,063 42.533400 W,2.4,350.8,A,DoorSpread,DoorMaster,5.705000,D,S,218542.000000
Tue Aug 26 07:40:02 2025,26-Aug-2025,104018,47 54.463100 N,063 42.533400 W,2.4,350.8,A,DoorSpread,DoorMaster,5.705000,D,S,218542.000000
Tue Aug 26 07:40:02 2025,26-Aug-2025,104019,47 54.463600 N,063 42.533500 W,2.4,350.4,A,DoorSpread,DoorMaster,5.705000,D,S,218542.000000
Tue Aug 26 07:40:02 2025,26-Aug-2025,104020,47 54.464300 N,063 42.533700 W,2.4,350.3,A,DoorSpread,DoorMaster,5.705000,D,S,218542.000000
Tue Aug 26 07:40:02 2025,26-Aug-2025,104021,47 54.465000 N,063 42.533800 W,2.4,350.3,A,DoorSpread,DoorMaster,5.705000,D,S,218542.000000
Tue Aug 26 07:40:02 2025,26-Aug-2025,104022,47 54.465500 N,063 42.533900 W,2.4,350.1,A,DoorSpread,DoorMaster,5.705000,D,S,218542.000000
Tue Aug 26 07:40:02 2025,26-Aug-2025,104023,47 54.466000 N,063 42.534100 W,2.4,349.9,A,DoorSpread,DoorMaster,5.705000,D,S,218542.000000
Tue Aug 26 07:40:02 2025,26-Aug-2025,104024,47 54.466700 N,063 42.534400 W,2.4,349.8,A,DoorSpread,DoorMaster,5.705000,D,S,218542.000000
Tue Aug 26 07:40:02 2025,26-Aug-2025,104025,47 54.467300 N,063 42.534600 W,2.4,349.9,A,DoorSpread,DoorMaster,5.705000,D,S,218542.000000
Tue Aug 26 07:40:02 2025,26-Aug-2025,104026,47 54.467900 N,063 42.534700 W,2.4,350.3,A,DoorSpread,DoorMaster,5.705000,D,S,218542.000000
Tue Aug 26 07:40:02 2025,26-Aug-2025,104027,47 54.468600 N,063 42.534800 W,2.4,350.2,A,DoorSpread,DoorMaster,5.705000,D,S,218542.000000
Tue Aug 26 07:40:02 2025,26-Aug-2025,104028,47 54.469300 N,063 42.535000 W,2.4,350.2,A,DoorSpread,DoorMaster,5.705000,D,S,218542.000000
Tue Aug 26 07:40:02 2025,26-Aug-2025,104029,47 54.470000 N,063 42.535100 W,2.4,350.6,A,DoorSpread,DoorMaster,5.705000,D,S,218542.000000
Tue Aug 26 07:40:02 2025,26-Aug-2025,104030,47 54.470700 N,063 42.535200 W,2.4,350.7,A,DoorSpread,DoorMaster,5.705000,D,S,218542.000000
Tue Aug 26 07:40:02 2025,26-Aug-2025,104031,47 54.471400 N,063 42.535400 W,2.4,350.6,A,DoorSpread,DoorMaster,5.705000,D,S,218542.000000
Tue Aug 26 07:40:02 2025,26-Aug-2025,104032,47 54.472200 N,063 42.535700 W,2.3,350.8,A,DoorSpread,DoorMaster,5.705000,D,S,218542.000000
Tue Aug 26 07:40:02 2025,26-Aug-2025,104033,47 54.472900 N,063 42.535800 W,2.3,351.5,A,DoorSpread,DoorMaster,5.705000,D,S,218542.000000
Tue Aug 26 07:40:32 2025,26-Aug-2025,104034,47 54.473600 N,063 42.535700 W,2.3,351.9,A,DoorSpread,DoorMaster,5.635000,D,S,394946.000000
Tue Aug 26 07:40:32 2025,26-Aug-2025,104035,47 54.474300 N,063 42.535900 W,2.3,352.0,A,DoorSpread,DoorMaster,5.635000,D,S,394946.000000
Tue Aug 26 07:40:32 2025,26-Aug-2025,104036,47 54.474900 N,063 42.536300 W,2.3,351.9,A,DoorSpread,DoorMaster,5.635000,D,S,394946.000000
Tue Aug 26 07:40:32 2025,26-Aug-2025,104037,47 54.475500 N,063 42.536500 W,2.3,352.2,A,DoorSpread,DoorMaster,5.635000,D,S,394946.000000
Tue Aug 26 07:40:32 2025,26-Aug-2025,104038,47 54.476200 N,063 42.536700 W,2.3,353.0,A,DoorSpread,DoorMaster,5.635000,D,S,394946.000000
Tue Aug 26 07:40:32 2025,26-Aug-2025,104039,47 54.476800 N,063 42.536900 W,2.2,353.5,A,DoorSpread,DoorMaster,5.635000,D,S,394946.000000
Tue Aug 26 07:40:32 2025,26-Aug-2025,104040,47 54.477400 N,063 42.537000 W,2.2,353.4,A,DoorSpread,DoorMaster,5.635000,D,S,394946.000000
Tue Aug 26 07:40:32 2025,26-Aug-2025,104041,47 54.478100 N,063 42.537100 W,2.3,353.2,A,DoorSpread,DoorMaster,5.635000,D,S,394946.000000
Tue Aug 26 07:40:32 2025,26-Aug-2025,104042,47 54.478700 N,063 42.537100 W,2.2,353.2,A,DoorSpread,DoorMaster,5.635000,D,S,394946.000000
Tue Aug 26 07:40:32 2025,26-Aug-2025,104043,47 54.479300 N,063 42.537000 W,2.2,353.3,A,DoorSpread,DoorMaster,5.635000,D,S,394946.000000
Tue Aug 26 07:40:32 2025,26-Aug-2025,104044,47 54.479800 N,063 42.537100 W,2.1,353.5,A,DoorSpread,DoorMaster,5.635000,D,S,394946.000000
Tue Aug 26 07:40:32 2025,26-Aug-2025,104045,47 54.480500 N,063 42.537300 W,2.2,353.4,A,DoorSpread,DoorMaster,5.635000,D,S,394946.000000
Tue Aug 26 07:40:32 2025,26-Aug-2025,104046,47 54.481000 N,063 42.537600 W,2.2,353.2,A,DoorSpread,DoorMaster,5.635000,D,S,394946.000000
Tue Aug 26 07:40:32 2025,26-Aug-2025,104047,47 54.481600 N,063 42.537800 W,2.1,353.1,A,DoorSpread,DoorMaster,5.635000,D,S,394946.000000
Tue Aug 26 07:40:32 2025,26-Aug-2025,104048,47 54.482000 N,063 42.538000 W,2.1,353.1,A,DoorSpread,DoorMaster,5.635000,D,S,394946.000000
Tue Aug 26 07:40:32 2025,26-Aug-2025,104049,47 54.482600 N,063 42.538100 W,2.1,353.1,A,DoorSpread,DoorMaster,5.635000,D,S,394946.000000
Tue Aug 26 07:40:48 2025,26-Aug-2025,104050,47 54.483200 N,063 42.538300 W,2.1,353.1,A,DoorSpread,DoorMaster,5.775000,D,S,401407.000000
Tue Aug 26 07:40:48 2025,26-Aug-2025,104051,47 54.483700 N,063 42.538400 W,2.0,353.0,A,DoorSpread,DoorMaster,5.775000,D,S,401407.000000
Tue Aug 26 07:40:48 2025,26-Aug-2025,104052,47 54.484100 N,063 42.538600 W,2.0,352.8,A,DoorSpread,DoorMaster,5.775000,D,S,401407.000000
Tue Aug 26 07:40:48 2025,26-Aug-2025,104053,47 54.484700 N,063 42.538700 W,2.0,352.8,A,DoorSpread,DoorMaster,5.775000,D,S,401407.000000
Tue Aug 26 07:40:48 2025,26-Aug-2025,104054,47 54.485200 N,063 42.538700 W,2.0,353.0,A,DoorSpread,DoorMaster,5.775000,D,S,401407.000000
Tue Aug 26 07:40:48 2025,26-Aug-2025,104055,47 54.485700 N,063 42.538800 W,1.9,353.2,A,DoorSpread,DoorMaster,5.775000,D,S,401407.000000
Tue Aug 26 07:40:48 2025,26-Aug-2025,104056,47 54.486300 N,063 42.538800 W,1.9,353.4,A,DoorSpread,DoorMaster,5.775000,D,S,401407.000000
Tue Aug 26 07:40:48 2025,26-Aug-2025,104057,47 54.486900 N,063 42.538900 W,2.0,353.3,A,DoorSpread,DoorMaster,5.775000,D,S,401407.000000
Tue Aug 26 07:40:48 2025,26-Aug-2025,104058,47 54.487500 N,063 42.538900 W,1.9,353.2,A,DoorSpread,DoorMaster,5.775000,D,S,401407.000000
Tue Aug 26 07:40:48 2025,26-Aug-2025,104059,47 54.488000 N,063 42.539000 W,1.9,353.0,A,DoorSpread,DoorMaster,5.775000,D,S,401407.000000
Tue Aug 26 07:40:48 2025,26-Aug-2025,104100,47 54.488600 N,063 42.539200 W,1.9,353.4,A,DoorSpread,DoorMaster,5.775000,D,S,401407.000000
Tue Aug 26 07:40:48 2025,26-Aug-2025,104101,47 54.489200 N,063 42.539200 W,1.9,353.8,A,DoorSpread,DoorMaster,5.775000,D,S,401407.000000
Tue Aug 26 07:40:48 2025,26-Aug-2025,104102,47 54.489800 N,063 42.539300 W,1.8,354.0,A,DoorSpread,DoorMaster,5.775000,D,S,401407.000000
Tue Aug 26 07:40:48 2025,26-Aug-2025,104103,47 54.490500 N,063 42.539400 W,1.9,353.4,A,DoorSpread,DoorMaster,5.775000,D,S,401407.000000
Tue Aug 26 07:40:48 2025,26-Aug-2025,104104,47 54.491100 N,063 42.539300 W,1.9,353.4,A,DoorSpread,DoorMaster,5.775000,D,S,401407.000000
Tue Aug 26 07:40:48 2025,26-Aug-2025,104105,47 54.491700 N,063 42.539200 W,1.9,353.6,A,DoorSpread,DoorMaster,5.775000,D,S,401407.000000
Tue Aug 26 07:40:48 2025,26-Aug-2025,104106,47 54.492200 N,063 42.539100 W,1.8,353.9,A,DoorSpread,DoorMaster,5.775000,D,S,401407.000000
Tue Aug 26 07:40:48 2025,26-Aug-2025,104107,47 54.492700 N,063 42.539100 W,1.8,353.9,A,DoorSpread,DoorMaster,5.775000,D,S,401407.000000
Tue Aug 26 07:40:48 2025,26-Aug-2025,104108,47 54.493300 N,063 42.539100 W,1.9,353.6,A,DoorSpread,DoorMaster,5.775000,D,S,401407.000000
Tue Aug 26 07:40:48 2025,26-Aug-2025,104109,47 54.493900 N,063 42.539200 W,1.9,353.6,A,DoorSpread,DoorMaster,5.775000,D,S,401407.000000
Tue Aug 26 07:40:48 2025,26-Aug-2025,104110,47 54.494300 N,063 42.539200 W,1.8,353.7,A,DoorSpread,DoorMaster,5.775000,D,S,401407.000000
Tue Aug 26 07:40:48 2025,26-Aug-2025,104111,47 54.494900 N,063 42.539200 W,1.8,354.0,A,DoorSpread,DoorMaster,5.775000,D,S,401407.000000
Tue Aug 26 07:40:48 2025,26-Aug-2025,104112,47 54.495300 N,063 42.539200 W,1.9,354.4,A,DoorSpread,DoorMaster,5.775000,D,S,401407.000000
Tue Aug 26 07:40:48 2025,26-Aug-2025,104113,47 54.495800 N,063 42.539200 W,1.9,354.5,A,DoorSpread,DoorMaster,5.775000,D,S,401407.000000
Tue Aug 26 07:40:48 2025,26-Aug-2025,104114,47 54.496200 N,063 42.539300 W,1.8,354.5,A,DoorSpread,DoorMaster,5.775000,D,S,401407.000000
Tue Aug 26 07:40:48 2025,26-Aug-2025,104115,47 54.496700 N,063 42.539400 W,1.8,354.5,A,DoorSpread,DoorMaster,5.775000,D,S,401407.000000
Tue Aug 26 07:40:48 2025,26-Aug-2025,104116,47 54.497100 N,063 42.539500 W,1.8,354.7,A,DoorSpread,DoorMaster,5.775000,D,S,401407.000000
Tue Aug 26 07:40:48 2025,26-Aug-2025,104117,47 54.497600 N,063 42.539400 W,1.9,355.0,A,DoorSpread,DoorMaster,5.775000,D,S,401407.000000
Tue Aug 26 07:40:48 2025,26-Aug-2025,104118,47 54.498000 N,063 42.539500 W,1.8,355.1,A,DoorSpread,DoorMaster,5.775000,D,S,401407.000000
Tue Aug 26 07:40:48 2025,26-Aug-2025,104119,47 54.498400 N,063 42.539600 W,1.8,355.1,A,DoorSpread,DoorMaster,5.775000,D,S,401407.000000
Tue Aug 26 07:40:48 2025,26-Aug-2025,104120,47 54.498800 N,063 42.539800 W,1.8,355.0,A,DoorSpread,DoorMaster,5.775000,D,S,401407.000000
Tue Aug 26 07:40:48 2025,26-Aug-2025,104121,47 54.499200 N,063 42.539700 W,1.9,354.5,A,DoorSpread,DoorMaster,5.775000,D,S,401407.000000
Tue Aug 26 07:40:48 2025,26-Aug-2025,104122,47 54.499600 N,063 42.539800 W,1.8,354.3,A,DoorSpread,DoorMaster,5.775000,D,S,401407.000000
Tue Aug 26 07:40:48 2025,26-Aug-2025,104123,47 54.499900 N,063 42.539800 W,1.8,354.1,A,DoorSpread,DoorMaster,5.775000,D,S,401407.000000
Tue Aug 26 07:40:48 2025,26-Aug-2025,104124,47 54.500300 N,063 42.539900 W,1.8,353.6,A,DoorSpread,DoorMaster,5.775000,D,S,401407.000000
Tue Aug 26 07:41:24 2025,26-Aug-2025,104125,47 54.500700 N,063 42.540100 W,1.8,353.2,A,DoorSpread,DoorMaster,6.790000,D,S,556206.000000
Tue Aug 26 07:41:24 2025,26-Aug-2025,104126,47 54.501200 N,063 42.540300 W,1.8,353.1,A,DoorSpread,DoorMaster,6.790000,D,S,556206.000000
Tue Aug 26 07:41:24 2025,26-Aug-2025,104127,47 54.501500 N,063 42.540400 W,1.8,352.9,A,DoorSpread,DoorMaster,6.790000,D,S,556206.000000
Tue Aug 26 07:41:24 2025,26-Aug-2025,104128,47 54.501900 N,063 42.540600 W,1.8,352.4,A,DoorSpread,DoorMaster,6.790000,D,S,556206.000000
Tue Aug 26 07:41:24 2025,26-Aug-2025,104129,47 54.502400 N,063 42.540800 W,1.8,351.6,A,DoorSpread,DoorMaster,6.790000,D,S,556206.000000
Tue Aug 26 07:41:24 2025,26-Aug-2025,104130,47 54.502800 N,063 42.541000 W,1.8,351.2,A,DoorSpread,DoorMaster,6.790000,D,S,556206.000000
Tue Aug 26 07:41:24 2025,26-Aug-2025,104131,47 54.503200 N,063 42.541000 W,1.8,351.0,A,DoorSpread,DoorMaster,6.790000,D,S,556206.000000
Tue Aug 26 07:41:24 2025,26-Aug-2025,104132,47 54.503600 N,063 42.541200 W,1.8,350.5,A,DoorSpread,DoorMaster,6.790000,D,S,556206.000000
Tue Aug 26 07:41:24 2025,26-Aug-2025,104133,47 54.504100 N,063 42.541400 W,1.8,350.3,A,DoorSpread,DoorMaster,6.790000,D,S,556206.000000
Tue Aug 26 07:41:24 2025,26-Aug-2025,104134,47 54.504600 N,063 42.541500 W,1.8,350.3,A,DoorSpread,DoorMaster,6.790000,D,S,556206.000000
Tue Aug 26 07:41:24 2025,26-Aug-2025,104135,47 54.505100 N,063 42.541600 W,1.8,350.4,A,DoorSpread,DoorMaster,6.790000,D,S,556206.000000
Tue Aug 26 07:41:24 2025,26-Aug-2025,104136,47 54.505700 N,063 42.541700 W,1.9,350.4,A,DoorSpread,DoorMaster,6.790000,D,S,556206.000000
Tue Aug 26 07:41:24 2025,26-Aug-2025,104137,47 54.506200 N,063 42.542000 W,1.9,350.0,A,DoorSpread,DoorMaster,6.790000,D,S,556206.000000
Tue Aug 26 07:41:24 2025,26-Aug-2025,104138,47 54.506700 N,063 42.542200 W,1.9,349.7,A,DoorSpread,DoorMaster,6.790000,D,S,556206.000000
Tue Aug 26 07:41:24 2025,26-Aug-2025,104139,47 54.507200 N,063 42.542300 W,1.9,349.8,A,DoorSpread,DoorMaster,6.790000,D,S,556206.000000
Tue Aug 26 07:41:24 2025,26-Aug-2025,104140,47 54.507700 N,063 42.542300 W,1.9,350.4,A,DoorSpread,DoorMaster,6.790000,D,S,556206.000000
Tue Aug 26 07:41:24 2025,26-Aug-2025,104141,47 54.508300 N,063 42.542400 W,1.9,351.0,A,DoorSpread,DoorMaster,6.790000,D,S,556206.000000
Tue Aug 26 07:41:24 2025,26-Aug-2025,104142,47 54.508900 N,063 42.542600 W,1.9,350.6,A,DoorSpread,DoorMaster,6.790000,D,S,556206.000000
Tue Aug 26 07:41:24 2025,26-Aug-2025,104143,47 54.509500 N,063 42.542700 W,1.9,350.3,A,DoorSpread,DoorMaster,6.790000,D,S,556206.000000
Tue Aug 26 07:41:24 2025,26-Aug-2025,104144,47 54.510100 N,063 42.542700 W,1.9,350.6,A,DoorSpread,DoorMaster,6.790000,D,S,556206.000000
Tue Aug 26 07:41:24 2025,26-Aug-2025,104145,47 54.510600 N,063 42.542600 W,1.9,351.2,A,DoorSpread,DoorMaster,6.790000,D,S,556206.000000
Tue Aug 26 07:41:24 2025,26-Aug-2025,104146,47 54.511300 N,063 42.542600 W,1.9,351.5,A,DoorSpread,DoorMaster,6.790000,D,S,556206.000000
Tue Aug 26 07:41:24 2025,26-Aug-2025,104147,47 54.511700 N,063 42.542900 W,1.9,351.4,A,DoorSpread,DoorMaster,6.790000,D,S,556206.000000
Tue Aug 26 07:41:24 2025,26-Aug-2025,104148,47 54.512200 N,063 42.543100 W,1.9,351.4,A,DoorSpread,DoorMaster,6.790000,D,S,556206.000000
Tue Aug 26 07:41:24 2025,26-Aug-2025,104149,47 54.512600 N,063 42.543200 W,1.9,351.6,A,DoorSpread,DoorMaster,6.790000,D,S,556206.000000
Tue Aug 26 07:41:24 2025,26-Aug-2025,104150,47 54.513100 N,063 42.543500 W,1.9,352.4,A,DoorSpread,DoorMaster,6.790000,D,S,556206.000000
Tue Aug 26 07:41:24 2025,26-Aug-2025,104151,47 54.513700 N,063 42.543600 W,1.9,353.1,A,DoorSpread,DoorMaster,6.790000,D,S,556206.000000
Tue Aug 26 07:41:24 2025,26-Aug-2025,104152,47 54.514300 N,063 42.543700 W,1.9,353.6,A,DoorSpread,DoorMaster,6.790000,D,S,556206.000000
Tue Aug 26 07:41:24 2025,26-Aug-2025,104153,47 54.514800 N,063 42.543800 W,1.9,353.8,A,DoorSpread,DoorMaster,6.790000,D,S,556206.000000
Tue Aug 26 07:41:24 2025,26-Aug-2025,104154,47 54.515400 N,063 42.544000 W,1.9,353.8,A,DoorSpread,DoorMaster,6.790000,D,S,556206.000000
Tue Aug 26 07:41:24 2025,26-Aug-2025,104155,47 54.516100 N,063 42.544100 W,1.9,354.1,A,DoorSpread,DoorMaster,6.790000,D,S,556206.000000
Tue Aug 26 07:41:24 2025,26-Aug-2025,104156,47 54.516600 N,063 42.544100 W,1.9,354.3,A,DoorSpread,DoorMaster,6.790000,D,S,556206.000000
Tue Aug 26 07:41:24 2025,26-Aug-2025,104157,47 54.517300 N,063 42.544100 W,1.9,354.5,A,DoorSpread,DoorMaster,6.790000,D,S,556206.000000
Tue Aug 26 07:41:24 2025,26-Aug-2025,104158,47 54.517800 N,063 42.544100 W,1.9,354.7,A,DoorSpread,DoorMaster,6.790000,D,S,556206.000000
Tue Aug 26 07:41:24 2025,26-Aug-2025,104159,47 54.518400 N,063 42.544200 W,1.9,354.7,A,DoorSpread,DoorMaster,6.790000,D,S,556206.000000
Tue Aug 26 07:41:24 2025,26-Aug-2025,104200,47 54.519000 N,063 42.544300 W,1.9,354.1,A,DoorSpread,DoorMaster,6.790000,D,S,556206.000000
Tue Aug 26 07:41:24 2025,26-Aug-2025,104201,47 54.519600 N,063 42.544300 W,2.0,353.9,A,DoorSpread,DoorMaster,6.790000,D,S,556206.000000
Tue Aug 26 07:41:24 2025,26-Aug-2025,104202,47 54.520200 N,063 42.544300 W,1.9,353.9,A,DoorSpread,DoorMaster,6.790000,D,S,556206.000000
Tue Aug 26 07:41:24 2025,26-Aug-2025,104203,47 54.520700 N,063 42.544300 W,1.9,353.8,A,DoorSpread,DoorMaster,6.790000,D,S,556206.000000
Tue Aug 26 07:41:24 2025,26-Aug-2025,104204,47 54.521200 N,063 42.544400 W,1.9,353.3,A,DoorSpread,DoorMaster,6.790000,D,S,556206.000000
Tue Aug 26 07:41:24 2025,26-Aug-2025,104205,47 54.521800 N,063 42.544600 W,1.9,352.8,A,DoorSpread,DoorMaster,6.790000,D,S,556206.000000
Tue Aug 26 07:41:24 2025,26-Aug-2025,104206,47 54.522400 N,063 42.544800 W,1.9,352.5,A,DoorSpread,DoorMaster,6.790000,D,S,556206.000000
Tue Aug 26 07:41:24 2025,26-Aug-2025,104207,47 54.522800 N,063 42.545000 W,1.9,352.2,A,DoorSpread,DoorMaster,6.790000,D,S,556206.000000
Tue Aug 26 07:41:24 2025,26-Aug-2025,104208,47 54.523500 N,063 42.545000 W,1.9,352.3,A,DoorSpread,DoorMaster,6.790000,D,S,556206.000000
Tue Aug 26 07:41:24 2025,26-Aug-2025,104209,47 54.524100 N,063 42.544900 W,1.9,352.3,A,DoorSpread,DoorMaster,6.790000,D,S,556206.000000
Tue Aug 26 07:41:24 2025,26-Aug-2025,104210,47 54.524700 N,063 42.545000 W,1.9,352.1,A,DoorSpread,DoorMaster,6.790000,D,S,556206.000000
Tue Aug 26 07:41:24 2025,26-Aug-2025,104211,47 54.525200 N,063 42.545100 W,1.9,352.0,A,DoorSpread,DoorMaster,6.790000,D,S,556206.000000
Tue Aug 26 07:41:24 2025,26-Aug-2025,104212,47 54.525700 N,063 42.545100 W,1.9,352.0,A,DoorSpread,DoorMaster,6.790000,D,S,556206.000000
Tue Aug 26 07:41:24 2025,26-Aug-2025,104213,47 54.526200 N,063 42.545200 W,1.9,352.0,A,DoorSpread,DoorMaster,6.790000,D,S,556206.000000
Tue Aug 26 07:41:24 2025,26-Aug-2025,104214,47 54.526800 N,063 42.545400 W,1.9,352.1,A,DoorSpread,DoorMaster,6.790000,D,S,556206.000000
Tue Aug 26 07:41:24 2025,26-Aug-2025,104215,47 54.527300 N,063 42.545700 W,1.9,352.1,A,DoorSpread,DoorMaster,6.790000,D,S,556206.000000
Tue Aug 26 07:41:24 2025,26-Aug-2025,104216,47 54.527700 N,063 42.545900 W,1.8,351.8,A,DoorSpread,DoorMaster,6.790000,D,S,556206.000000
Tue Aug 26 07:41:24 2025,26-Aug-2025,104217,47 54.528200 N,063 42.546200 W,1.9,351.4,A,DoorSpread,DoorMaster,6.790000,D,S,556206.000000
Tue Aug 26 07:41:24 2025,26-Aug-2025,104218,47 54.528700 N,063 42.546500 W,1.9,351.1,A,DoorSpread,DoorMaster,6.790000,D,S,556206.000000
Tue Aug 26 07:41:24 2025,26-Aug-2025,104219,47 54.529200 N,063 42.546700 W,1.8,350.8,A,DoorSpread,DoorMaster,6.790000,D,S,556206.000000
Tue Aug 26 07:41:24 2025,26-Aug-2025,104220,47 54.529700 N,063 42.546900 W,1.8,350.4,A,DoorSpread,DoorMaster,6.790000,D,S,556206.000000
Tue Aug 26 07:41:24 2025,26-Aug-2025,104221,47 54.530200 N,063 42.547100 W,1.9,350.0,A,DoorSpread,DoorMaster,6.790000,D,S,556206.000000
Tue Aug 26 07:41:24 2025,26-Aug-2025,104222,47 54.530800 N,063 42.547300 W,1.9,349.7,A,DoorSpread,DoorMaster,6.790000,D,S,556206.000000
Tue Aug 26 07:41:24 2025,26-Aug-2025,104223,47 54.531300 N,063 42.547500 W,1.9,349.1,A,DoorSpread,DoorMaster,6.790000,D,S,556206.000000
Tue Aug 26 07:41:24 2025,26-Aug-2025,104224,47 54.531900 N,063 42.547800 W,1.9,348.6,A,DoorSpread,DoorMaster,6.790000,D,S,556206.000000
Tue Aug 26 07:41:24 2025,26-Aug-2025,104225,47 54.532500 N,063 42.548100 W,2.0,348.2,A,DoorSpread,DoorMaster,6.790000,D,S,556206.000000
