Ship Number,Trip Number,Tow Number
AVALON,2,8
Comments
"ZONE12"
CPU Date and Time,GPS Date,GPS Time,Latitude,Longitude,Speed,Heading,Validity,Transducer Name,Sensor Name,Sensor Value,Error Code,Hydrophone,Signal Strength
Sun Aug 03 16:13:33 2025,03-Aug-2025,191338,47 16.501900 N,063 44.659800 W,2.5,18.5,A,Depth,Depth,25.833333,D,S,29593.000000
Sun Aug 03 16:13:33 2025,03-Aug-2025,191339,47 16.502600 N,063 44.659500 W,2.5,18.5,A,Depth,Depth,25.833333,D,S,29593.000000
Sun Aug 03 16:13:33 2025,03-Aug-2025,191340,47 16.503300 N,063 44.659100 W,2.5,18.6,A,Depth,Depth,25.833333,D,S,29593.000000
Sun Aug 03 16:13:36 2025,03-Aug-2025,191341,47 16.504000 N,063 44.658700 W,2.5,18.6,A,DoorSpread,DoorMaster,1.375000,D,S,783435.000000
Sun Aug 03 16:13:36 2025,03-Aug-2025,191342,47 16.504700 N,063 44.658300 W,2.5,18.3,A,DoorSpread,DoorMaster,1.375000,D,S,783435.000000
Sun Aug 03 16:13:36 2025,03-Aug-2025,191343,47 16.505400 N,063 44.658000 W,2.6,18.2,A,DoorSpread,DoorMaster,1.375000,D,S,783435.000000
Sun Aug 03 16:13:40 2025,03-Aug-2025,191344,47 16.506200 N,063 44.657600 W,2.6,18.2,A,Primary,Headline,17.612245,D,S,38780.000000
Sun Aug 03 16:13:40 2025,03-Aug-2025,191345,47 16.506900 N,063 44.657200 W,2.6,18.4,A,Primary,Headline,17.612245,D,S,38780.000000
Sun Aug 03 16:13:42 2025,03-Aug-2025,191346,47 16.507600 N,063 44.656900 W,2.6,18.4,A,DoorSpread,DoorMaster,1.220000,D,S,106925.000000
Sun Aug 03 16:13:42 2025,03-Aug-2025,191347,47 16.508300 N,063 44.656600 W,2.6,18.5,A,DoorSpread,DoorMaster,1.220000,D,S,106925.000000
Sun Aug 03 16:13:42 2025,03-Aug-2025,191348,47 16.508900 N,063 44.656200 W,2.6,18.5,A,DoorSpread,DoorMaster,1.220000,D,S,106925.000000
Sun Aug 03 16:13:42 2025,03-Aug-2025,191349,47 16.509600 N,063 44.655800 W,2.6,18.6,A,DoorSpread,DoorMaster,1.220000,D,S,106925.000000
Sun Aug 03 16:13:45 2025,03-Aug-2025,191350,47 16.510400 N,063 44.655400 W,2.6,18.2,A,Primary,Headline,14.102041,D,P,63246.000000
Sun Aug 03 16:13:45 2025,03-Aug-2025,191351,47 16.511200 N,063 44.655100 W,2.7,18.1,A,Primary,Headline,14.102041,D,P,63246.000000
Sun Aug 03 16:13:47 2025,03-Aug-2025,191352,47 16.511900 N,063 44.654700 W,2.7,18.5,A,Depth,Depth,5.277778,D,P,65552.000000
Sun Aug 03 16:13:47 2025,03-Aug-2025,191353,47 16.512600 N,063 44.654200 W,2.6,19.0,A,Depth,Depth,5.277778,D,P,65552.000000
Sun Aug 03 16:13:47 2025,03-Aug-2025,191354,47 16.513300 N,063 44.654000 W,2.7,18.8,A,Depth,Depth,5.277778,D,P,65552.000000
Sun Aug 03 16:13:51 2025,03-Aug-2025,191355,47 16.514200 N,063 44.653800 W,2.8,18.0,A,Primary,Headline,41.387755,D,P,54574.000000
Sun Aug 03 16:13:51 2025,03-Aug-2025,191356,47 16.515000 N,063 44.653500 W,2.8,17.7,A,Primary,Headline,41.387755,D,P,54574.000000
Sun Aug 03 16:13:52 2025,03-Aug-2025,191357,47 16.515600 N,063 44.653100 W,2.8,17.8,A,DoorSpread,DoorMaster,1.090000,D,P,888711.000000
Sun Aug 03 16:13:52 2025,03-Aug-2025,191358,47 16.516200 N,063 44.652700 W,2.8,17.8,A,DoorSpread,DoorMaster,1.090000,D,P,888711.000000
Sun Aug 03 16:13:54 2025,03-Aug-2025,191359,47 16.516800 N,063 44.652400 W,2.7,17.7,A,Depth,Depth,8.611111,D,P,132804.000000
Sun Aug 03 16:13:54 2025,03-Aug-2025,191400,47 16.517400 N,063 44.652000 W,2.7,17.7,A,Depth,Depth,8.611111,D,P,132804.000000
Sun Aug 03 16:13:56 2025,03-Aug-2025,191401,47 16.518100 N,063 44.651700 W,2.7,17.6,A,Primary,Headline,49.612245,D,P,150469.000000
Sun Aug 03 16:13:58 2025,03-Aug-2025,191402,47 16.518900 N,063 44.651200 W,2.7,18.0,A,DoorSpread,DoorMaster,1.295000,D,P,503453.000000
Sun Aug 03 16:13:58 2025,03-Aug-2025,191403,47 16.519600 N,063 44.650800 W,2.6,18.3,A,DoorSpread,DoorMaster,1.295000,D,P,503453.000000
Sun Aug 03 16:13:58 2025,03-Aug-2025,191404,47 16.520200 N,063 44.650500 W,2.6,18.3,A,DoorSpread,DoorMaster,1.295000,D,P,503453.000000
Sun Aug 03 16:13:58 2025,03-Aug-2025,191405,47 16.521000 N,063 44.650100 W,2.7,18.2,A,DoorSpread,DoorMaster,1.295000,D,P,503453.000000
Sun Aug 03 16:14:01 2025,03-Aug-2025,191406,47 16.521700 N,063 44.649800 W,2.7,18.1,A,Depth,Depth,9.722222,D,P,62307.000000
Sun Aug 03 16:14:01 2025,03-Aug-2025,191407,47 16.522400 N,063 44.649400 W,2.7,18.1,A,Depth,Depth,9.722222,D,P,62307.000000
Sun Aug 03 16:14:01 2025,03-Aug-2025,191408,47 16.523100 N,063 44.649100 W,2.7,18.1,A,Depth,Depth,9.722222,D,P,62307.000000
Sun Aug 03 16:14:01 2025,03-Aug-2025,191409,47 16.523800 N,063 44.648900 W,2.7,18.2,A,Depth,Depth,9.722222,D,P,62307.000000
Sun Aug 03 16:14:01 2025,03-Aug-2025,191410,47 16.524500 N,063 44.648600 W,2.7,18.1,A,Depth,Depth,9.722222,D,P,62307.000000
Sun Aug 03 16:14:01 2025,03-Aug-2025,191411,47 16.525200 N,063 44.648200 W,2.7,18.1,A,Depth,Depth,9.722222,D,P,62307.000000
Sun Aug 03 16:14:08 2025,03-Aug-2025,191412,47 16.525900 N,063 44.647800 W,2.7,18.2,A,DoorSpread,DoorMaster,1.425000,D,P,1092662.000000
Sun Aug 03 16:14:09 2025,03-Aug-2025,191413,47 16.526500 N,063 44.647400 W,2.7,18.2,A,Depth,Depth,11.296296,D,P,88734.000000
Sun Aug 03 16:14:09 2025,03-Aug-2025,191414,47 16.527200 N,063 44.647100 W,2.6,18.2,A,Depth,Depth,11.296296,D,P,88734.000000
Sun Aug 03 16:14:09 2025,03-Aug-2025,191415,47 16.528000 N,063 44.646900 W,2.7,17.7,A,Depth,Depth,11.296296,D,P,88734.000000
Sun Aug 03 16:14:12 2025,03-Aug-2025,191416,47 16.528700 N,063 44.646600 W,2.7,17.6,A,Primary,Headline,1.142857,D,P,233741.000000
Sun Aug 03 16:14:12 2025,03-Aug-2025,191417,47 16.529300 N,063 44.646300 W,2.6,17.6,A,Primary,Headline,1.142857,D,P,233741.000000
Sun Aug 03 16:14:13 2025,03-Aug-2025,191418,47 16.530000 N,063 44.646000 W,2.6,17.5,A,DoorSpread,DoorMaster,0.525000,D,S,1014953.000000
Sun Aug 03 16:14:13 2025,03-Aug-2025,191419,47 16.530700 N,063 44.645700 W,2.7,17.3,A,DoorSpread,DoorMaster,0.525000,D,S,1014953.000000
Sun Aug 03 16:14:16 2025,03-Aug-2025,191420,47 16.531400 N,063 44.645300 W,2.6,17.4,A,Depth,Depth,11.666667,D,P,459059.000000
Sun Aug 03 16:14:17 2025,03-Aug-2025,191421,47 16.532000 N,063 44.644800 W,2.6,17.9,A,Primary,Headline,1.816327,D,S,148235.000000
Sun Aug 03 16:14:17 2025,03-Aug-2025,191422,47 16.532700 N,063 44.644400 W,2.6,18.3,A,Primary,Headline,1.816327,D,S,148235.000000
Sun Aug 03 16:14:18 2025,03-Aug-2025,191423,47 16.533300 N,063 44.644100 W,2.6,18.2,A,DoorSpread,DoorMaster,1.885000,D,P,583072.000000
Sun Aug 03 16:14:18 2025,03-Aug-2025,191424,47 16.534000 N,063 44.643800 W,2.6,18.3,A,DoorSpread,DoorMaster,1.885000,D,P,583072.000000
Sun Aug 03 16:14:18 2025,03-Aug-2025,191425,47 16.534700 N,063 44.643300 W,2.6,18.5,A,DoorSpread,DoorMaster,1.885000,D,P,583072.000000
Sun Aug 03 16:14:22 2025,03-Aug-2025,191426,47 16.535400 N,063 44.642800 W,2.6,19.0,A,Primary,Headline,2.387755,D,S,54232.000000
Sun Aug 03 16:14:23 2025,03-Aug-2025,191427,47 16.536100 N,063 44.642400 W,2.6,19.3,A,Depth,Depth,25.925926,D,S,44258.000000
Sun Aug 03 16:14:24 2025,03-Aug-2025,191428,47 16.536800 N,063 44.642000 W,2.7,19.2,A,DoorSpread,DoorMaster,3.115000,D,S,806911.000000
Sun Aug 03 16:14:24 2025,03-Aug-2025,191429,47 16.537600 N,063 44.641600 W,2.8,19.1,A,DoorSpread,DoorMaster,3.115000,D,S,806911.000000
Sun Aug 03 16:14:24 2025,03-Aug-2025,191430,47 16.538400 N,063 44.641100 W,2.9,19.1,A,DoorSpread,DoorMaster,3.115000,D,S,806911.000000
Sun Aug 03 16:14:27 2025,03-Aug-2025,191431,47 16.539300 N,063 44.640700 W,3.0,19.1,A,Primary,Headline,4.489796,D,S,131388.000000
Sun Aug 03 16:14:27 2025,03-Aug-2025,191432,47 16.540100 N,063 44.640300 W,3.1,19.1,A,Primary,Headline,4.489796,D,S,131388.000000
Sun Aug 03 16:14:27 2025,03-Aug-2025,191433,47 16.541000 N,063 44.639900 W,3.2,18.9,A,Primary,Headline,4.489796,D,S,131388.000000
Sun Aug 03 16:14:29 2025,03-Aug-2025,191434,47 16.541900 N,063 44.639500 W,3.3,18.7,A,Depth,Depth,7.685185,D,P,80247.000000
Sun Aug 03 16:14:30 2025,03-Aug-2025,191435,47 16.542900 N,063 44.639100 W,3.4,18.1,A,Depth,Depth,1.759259,D,S,40846.000000
Sun Aug 03 16:14:32 2025,03-Aug-2025,191436,47 16.544000 N,063 44.638600 W,3.6,17.5,A,Primary,Headline,5.775510,D,S,66662.000000
Sun Aug 03 16:14:32 2025,03-Aug-2025,191437,47 16.545100 N,063 44.638200 W,3.7,16.9,A,Primary,Headline,5.775510,D,S,66662.000000
Sun Aug 03 16:14:32 2025,03-Aug-2025,191438,47 16.546100 N,063 44.637900 W,3.8,16.4,A,Primary,Headline,5.775510,D,S,66662.000000
Sun Aug 03 16:14:34 2025,03-Aug-2025,191439,47 16.547200 N,063 44.637600 W,3.8,15.7,A,DoorSpread,DoorMaster,2.295000,D,S,969159.000000
Sun Aug 03 16:14:34 2025,03-Aug-2025,191440,47 16.548300 N,063 44.637300 W,4.0,15.4,A,DoorSpread,DoorMaster,2.295000,D,S,969159.000000
Sun Aug 03 16:14:37 2025,03-Aug-2025,191441,47 16.549500 N,063 44.636900 W,4.1,15.2,A,Primary,Headline,5.102041,D,S,73432.000000
Sun Aug 03 16:14:37 2025,03-Aug-2025,191442,47 16.550700 N,063 44.636500 W,4.2,15.0,A,Primary,Headline,5.102041,D,S,73432.000000
Sun Aug 03 16:14:37 2025,03-Aug-2025,191443,47 16.551900 N,063 44.636100 W,4.2,14.8,A,Primary,Headline,5.102041,D,S,73432.000000
Sun Aug 03 16:14:40 2025,03-Aug-2025,191444,47 16.553100 N,063 44.635700 W,4.3,14.4,A,DoorSpread,DoorMaster,2.825000,D,S,772965.000000
Sun Aug 03 16:14:40 2025,03-Aug-2025,191445,47 16.554300 N,063 44.635300 W,4.3,14.2,A,DoorSpread,DoorMaster,2.825000,D,S,772965.000000
Sun Aug 03 16:14:40 2025,03-Aug-2025,191446,47 16.555600 N,063 44.634700 W,4.4,14.1,A,DoorSpread,DoorMaster,2.825000,D,S,772965.000000
Sun Aug 03 16:14:42 2025,03-Aug-2025,191447,47 16.556900 N,063 44.634200 W,4.5,14.0,A,Primary,Headline,3.530612,D,S,105494.000000
Sun Aug 03 16:14:44 2025,03-Aug-2025,191448,47 16.558100 N,063 44.633700 W,4.5,13.5,A,Depth,Depth,12.500000,D,P,133178.000000
Sun Aug 03 16:14:44 2025,03-Aug-2025,191449,47 16.559400 N,063 44.633300 W,4.5,12.9,A,Depth,Depth,12.500000,D,P,133178.000000
Sun Aug 03 16:14:44 2025,03-Aug-2025,191450,47 16.560700 N,063 44.632800 W,4.5,12.9,A,Depth,Depth,12.500000,D,P,133178.000000
Sun Aug 03 16:14:46 2025,03-Aug-2025,191451,47 16.562000 N,063 44.632000 W,4.6,13.1,A,DoorSpread,DoorMaster,16.855000,D,S,559672.000000
Sun Aug 03 16:14:47 2025,03-Aug-2025,191452,47 16.563300 N,063 44.631400 W,4.6,13.4,A,Primary,Headline,3.183673,D,P,218878.000000
Sun Aug 03 16:14:47 2025,03-Aug-2025,191453,47 16.564600 N,063 44.630900 W,4.6,13.3,A,Primary,Headline,3.183673,D,P,218878.000000
Sun Aug 03 16:14:47 2025,03-Aug-2025,191454,47 16.565900 N,063 44.630500 W,4.7,13.0,A,Primary,Headline,3.183673,D,P,218878.000000
Sun Aug 03 16:14:51 2025,03-Aug-2025,191455,47 16.567200 N,063 44.629900 W,4.7,12.8,A,Depth,Depth,15.185185,D,P,167792.000000
Sun Aug 03 16:14:51 2025,03-Aug-2025,191456,47 16.568400 N,063 44.629400 W,4.7,12.9,A,DoorSpread,DoorMaster,4.470000,D,S,168366.000000
Sun Aug 03 16:14:52 2025,03-Aug-2025,191457,47 16.569600 N,063 44.628700 W,4.8,13.3,A,Primary,Headline,3.326531,D,S,60356.000000
Sun Aug 03 16:14:52 2025,03-Aug-2025,191458,47 16.570800 N,063 44.628100 W,4.8,13.7,A,Primary,Headline,3.326531,D,S,60356.000000
Sun Aug 03 16:14:52 2025,03-Aug-2025,191459,47 16.572100 N,063 44.627700 W,4.8,13.7,A,Primary,Headline,3.326531,D,S,60356.000000
Sun Aug 03 16:14:52 2025,03-Aug-2025,191500,47 16.573300 N,063 44.627300 W,4.8,13.2,A,Primary,Headline,3.326531,D,S,60356.000000
Sun Aug 03 16:14:52 2025,03-Aug-2025,191501,47 16.574700 N,063 44.627000 W,4.8,12.7,A,Primary,Headline,3.326531,D,S,60356.000000
Sun Aug 03 16:14:57 2025,03-Aug-2025,191502,47 16.576000 N,063 44.626400 W,4.9,12.6,A,Primary,Headline,2.816327,D,S,71213.000000
Sun Aug 03 16:14:58 2025,03-Aug-2025,191503,47 16.577300 N,063 44.625700 W,4.9,12.7,A,Depth,Depth,17.592593,D,S,44930.000000
Sun Aug 03 16:14:58 2025,03-Aug-2025,191504,47 16.578600 N,063 44.625100 W,4.9,12.8,A,Depth,Depth,17.592593,D,S,44930.000000
Sun Aug 03 16:14:58 2025,03-Aug-2025,191505,47 16.579800 N,063 44.624600 W,4.9,12.6,A,Depth,Depth,17.592593,D,S,44930.000000
Sun Aug 03 16:14:58 2025,03-Aug-2025,191506,47 16.581100 N,063 44.624200 W,4.8,12.3,A,Depth,Depth,17.592593,D,S,44930.000000
Sun Aug 03 16:15:03 2025,03-Aug-2025,191507,47 16.582400 N,063 44.623900 W,4.8,12.0,A,Primary,Headline,39.979592,D,P,125662.000000
Sun Aug 03 16:15:03 2025,03-Aug-2025,191508,47 16.583700 N,063 44.623500 W,4.9,12.0,A,Primary,Headline,39.979592,D,P,125662.000000
Sun Aug 03 16:15:03 2025,03-Aug-2025,191509,47 16.585100 N,063 44.623000 W,4.9,12.2,A,Primary,Headline,39.979592,D,P,125662.000000
Sun Aug 03 16:15:05 2025,03-Aug-2025,191510,47 16.586500 N,063 44.622400 W,5.0,12.4,A,Depth,Depth,18.240741,D,S,48876.000000
Sun Aug 03 16:15:05 2025,03-Aug-2025,191511,47 16.587900 N,063 44.621900 W,5.0,12.5,A,Depth,Depth,18.240741,D,S,48876.000000
Sun Aug 03 16:15:05 2025,03-Aug-2025,191512,47 16.589200 N,063 44.621600 W,4.9,12.3,A,Depth,Depth,18.240741,D,S,48876.000000
Sun Aug 03 16:15:09 2025,03-Aug-2025,191513,47 16.590400 N,063 44.621300 W,4.8,12.1,A,Primary,Headline,44.020408,D,S,84448.000000
Sun Aug 03 16:15:09 2025,03-Aug-2025,191514,47 16.591700 N,063 44.620900 W,4.8,12.3,A,Primary,Headline,44.020408,D,S,84448.000000
Sun Aug 03 16:15:09 2025,03-Aug-2025,191515,47 16.593000 N,063 44.620200 W,4.9,12.8,A,Primary,Headline,44.020408,D,S,84448.000000
Sun Aug 03 16:15:09 2025,03-Aug-2025,191516,47 16.594400 N,063 44.619600 W,5.0,13.3,A,Primary,Headline,44.020408,D,S,84448.000000
Sun Aug 03 16:15:12 2025,03-Aug-2025,191517,47 16.595800 N,063 44.619000 W,5.0,13.5,A,Depth,Depth,17.870370,D,S,43580.000000
Sun Aug 03 16:15:12 2025,03-Aug-2025,191518,47 16.597100 N,063 44.618700 W,4.9,13.3,A,Depth,Depth,17.870370,D,S,43580.000000
Sun Aug 03 16:15:14 2025,03-Aug-2025,191519,47 16.598300 N,063 44.618400 W,4.8,13.1,A,Primary,Headline,34.040816,D,S,162212.000000
Sun Aug 03 16:15:14 2025,03-Aug-2025,191520,47 16.599500 N,063 44.617900 W,4.9,13.0,A,Primary,Headline,34.040816,D,S,162212.000000
Sun Aug 03 16:15:14 2025,03-Aug-2025,191521,47 16.600900 N,063 44.617200 W,5.0,13.6,A,Primary,Headline,34.040816,D,S,162212.000000
Sun Aug 03 16:15:14 2025,03-Aug-2025,191522,47 16.602200 N,063 44.616600 W,5.0,13.9,A,Primary,Headline,34.040816,D,S,162212.000000
Sun Aug 03 16:15:14 2025,03-Aug-2025,191523,47 16.603500 N,063 44.616100 W,4.9,13.5,A,Primary,Headline,34.040816,D,S,162212.000000
Sun Aug 03 16:15:19 2025,03-Aug-2025,191524,47 16.604800 N,063 44.615800 W,4.9,13.0,A,Depth,Depth,18.981481,D,S,50978.000000
Sun Aug 03 16:15:20 2025,03-Aug-2025,191525,47 16.606100 N,063 44.615500 W,4.9,12.5,A,Primary,Headline,59.693878,D,S,35184.000000
Sun Aug 03 16:15:20 2025,03-Aug-2025,191526,47 16.607500 N,063 44.615200 W,4.9,12.2,A,Primary,Headline,59.693878,D,S,35184.000000
Sun Aug 03 16:15:20 2025,03-Aug-2025,191527,47 16.608800 N,063 44.614700 W,4.9,12.1,A,Primary,Headline,59.693878,D,S,35184.000000
Sun Aug 03 16:15:20 2025,03-Aug-2025,191528,47 16.610200 N,063 44.614300 W,4.9,12.2,A,Primary,Headline,59.693878,D,S,35184.000000
Sun Aug 03 16:15:20 2025,03-Aug-2025,191529,47 16.611500 N,063 44.613900 W,4.8,12.1,A,Primary,Headline,59.693878,D,S,35184.000000
Sun Aug 03 16:15:26 2025,03-Aug-2025,191530,47 16.612800 N,063 44.613500 W,4.8,11.6,A,Primary,Headline,33.408163,D,S,68053.000000
Sun Aug 03 16:15:26 2025,03-Aug-2025,191531,47 16.614200 N,063 44.613200 W,4.8,11.1,A,Depth,Depth,18.333333,D,P,111314.000000
Sun Aug 03 16:15:26 2025,03-Aug-2025,191532,47 16.615600 N,063 44.612700 W,4.9,10.8,A,Depth,Depth,18.333333,D,P,111314.000000
Sun Aug 03 16:15:26 2025,03-Aug-2025,191533,47 16.617000 N,063 44.612200 W,4.9,11.1,A,Depth,Depth,18.333333,D,P,111314.000000
Sun Aug 03 16:15:26 2025,03-Aug-2025,191534,47 16.618300 N,063 44.611800 W,4.9,11.3,A,Depth,Depth,18.333333,D,P,111314.000000
Sun Aug 03 16:15:26 2025,03-Aug-2025,191535,47 16.619600 N,063 44.611400 W,4.8,11.1,A,Depth,Depth,18.333333,D,P,111314.000000
Sun Aug 03 16:15:31 2025,03-Aug-2025,191536,47 16.620900 N,063 44.611200 W,4.8,10.6,A,Primary,Headline,41.918367,D,S,66491.000000
Sun Aug 03 16:15:31 2025,03-Aug-2025,191537,47 16.622200 N,063 44.610900 W,4.8,10.3,A,Primary,Headline,41.918367,D,S,66491.000000
Sun Aug 03 16:15:33 2025,03-Aug-2025,191538,47 16.623600 N,063 44.610300 W,4.9,10.4,A,Depth,Depth,38.425926,D,S,46085.000000
Sun Aug 03 16:15:33 2025,03-Aug-2025,191539,47 16.625100 N,063 44.609700 W,4.9,10.6,A,Depth,Depth,38.425926,D,S,46085.000000
Sun Aug 03 16:15:33 2025,03-Aug-2025,191540,47 16.626400 N,063 44.609300 W,4.8,10.4,A,Depth,Depth,38.425926,D,S,46085.000000
Sun Aug 03 16:15:33 2025,03-Aug-2025,191541,47 16.627800 N,063 44.609000 W,4.8,10.0,A,Depth,Depth,38.425926,D,S,46085.000000
Sun Aug 03 16:15:37 2025,03-Aug-2025,191542,47 16.629100 N,063 44.608600 W,4.8,9.6,A,Primary,Headline,42.816327,D,S,83350.000000
Sun Aug 03 16:15:37 2025,03-Aug-2025,191543,47 16.630400 N,063 44.608100 W,4.9,10.4,A,Primary,Headline,42.816327,D,S,83350.000000
Sun Aug 03 16:15:37 2025,03-Aug-2025,191544,47 16.631700 N,063 44.607500 W,4.9,10.7,A,Primary,Headline,42.816327,D,S,83350.000000
Sun Aug 03 16:15:40 2025,03-Aug-2025,191545,47 16.633000 N,063 44.606900 W,4.9,10.8,A,Depth,Depth,4.814815,D,S,43973.000000
Sun Aug 03 16:15:40 2025,03-Aug-2025,191546,47 16.634400 N,063 44.606600 W,4.8,10.5,A,Depth,Depth,4.814815,D,S,43973.000000
Sun Aug 03 16:15:43 2025,03-Aug-2025,191547,47 16.635600 N,063 44.606300 W,4.8,10.2,A,Primary,Headline,52.346939,D,S,66981.000000
Sun Aug 03 16:15:43 2025,03-Aug-2025,191548,47 16.637100 N,063 44.605800 W,4.8,10.1,A,Primary,Headline,52.346939,D,S,66981.000000
Sun Aug 03 16:15:43 2025,03-Aug-2025,191549,47 16.638500 N,063 44.605300 W,4.9,10.4,A,Primary,Headline,52.346939,D,S,66981.000000
Sun Aug 03 16:15:43 2025,03-Aug-2025,191550,47 16.639900 N,063 44.604900 W,4.8,10.8,A,Primary,Headline,52.346939,D,S,66981.000000
Sun Aug 03 16:15:43 2025,03-Aug-2025,191551,47 16.641300 N,063 44.604500 W,4.8,10.8,A,Primary,Headline,52.346939,D,S,66981.000000
Sun Aug 03 16:15:47 2025,03-Aug-2025,191552,47 16.642700 N,063 44.604200 W,4.8,10.6,A,Depth,Depth,22.314815,D,P,33636.000000
Sun Aug 03 16:15:48 2025,03-Aug-2025,191553,47 16.644100 N,063 44.603800 W,4.8,10.4,A,Primary,Headline,11.755102,D,S,41332.000000
Sun Aug 03 16:15:48 2025,03-Aug-2025,191554,47 16.645500 N,063 44.603300 W,4.8,10.4,A,Primary,Headline,11.755102,D,S,41332.000000
Sun Aug 03 16:15:48 2025,03-Aug-2025,191555,47 16.646800 N,063 44.602800 W,4.8,10.4,A,Primary,Headline,11.755102,D,S,41332.000000
Sun Aug 03 16:15:48 2025,03-Aug-2025,191556,47 16.648200 N,063 44.602600 W,4.8,10.6,A,Primary,Headline,11.755102,D,S,41332.000000
Sun Aug 03 16:15:48 2025,03-Aug-2025,191557,47 16.649500 N,063 44.602400 W,4.8,10.7,A,Primary,Headline,11.755102,D,S,41332.000000
Sun Aug 03 16:15:54 2025,03-Aug-2025,191558,47 16.650800 N,063 44.602200 W,4.8,10.5,A,Primary,Headline,39.816327,D,S,57448.000000
Sun Aug 03 16:15:54 2025,03-Aug-2025,191559,47 16.652100 N,063 44.602000 W,4.8,10.1,A,Depth,Depth,17.592593,D,S,94084.000000
Sun Aug 03 16:15:55 2025,03-Aug-2025,191600,47 16.653400 N,063 44.601900 W,4.8,9.9,A,DoorSpread,DoorMaster,25.945000,D,S,159433.000000
Sun Aug 03 16:15:55 2025,03-Aug-2025,191601,47 16.654700 N,063 44.601700 W,4.8,9.9,A,DoorSpread,DoorMaster,25.945000,D,S,159433.000000
Sun Aug 03 16:15:55 2025,03-Aug-2025,191602,47 16.656000 N,063 44.601300 W,4.8,10.1,A,DoorSpread,DoorMaster,25.945000,D,S,159433.000000
Sun Aug 03 16:15:55 2025,03-Aug-2025,191603,47 16.657300 N,063 44.601100 W,4.8,10.3,A,DoorSpread,DoorMaster,25.945000,D,S,159433.000000
Sun Aug 03 16:15:59 2025,03-Aug-2025,191604,47 16.658600 N,063 44.600900 W,4.8,10.3,A,Primary,Headline,41.265306,D,S,43983.000000
Sun Aug 03 16:15:59 2025,03-Aug-2025,191605,47 16.659800 N,063 44.600700 W,4.8,10.0,A,Primary,Headline,41.265306,D,S,43983.000000
Sun Aug 03 16:16:02 2025,03-Aug-2025,191606,47 16.661100 N,063 44.600600 W,4.8,9.9,A,Depth,Depth,19.629630,D,S,67679.000000
Sun Aug 03 16:16:02 2025,03-Aug-2025,191607,47 16.662300 N,063 44.600400 W,4.8,9.8,A,Depth,Depth,19.629630,D,S,67679.000000
Sun Aug 03 16:16:02 2025,03-Aug-2025,191608,47 16.663600 N,063 44.600200 W,4.8,9.7,A,Depth,Depth,19.629630,D,S,67679.000000
Sun Aug 03 16:16:05 2025,03-Aug-2025,191609,47 16.664900 N,063 44.599800 W,4.8,9.8,A,Primary,Headline,32.000000,D,S,22843.000000
Sun Aug 03 16:16:05 2025,03-Aug-2025,191610,47 16.666300 N,063 44.599400 W,4.9,10.0,A,Primary,Headline,32.000000,D,S,22843.000000
Sun Aug 03 16:16:05 2025,03-Aug-2025,191611,47 16.667500 N,063 44.599000 W,4.8,10.2,A,Primary,Headline,32.000000,D,S,22843.000000
Sun Aug 03 16:16:05 2025,03-Aug-2025,191612,47 16.668700 N,063 44.598700 W,4.8,10.0,A,Primary,Headline,32.000000,D,S,22843.000000
Sun Aug 03 16:16:09 2025,03-Aug-2025,191613,47 16.669900 N,063 44.598500 W,4.7,9.7,A,Depth,Depth,25.185185,D,P,35918.000000
Sun Aug 03 16:16:09 2025,03-Aug-2025,191614,47 16.671100 N,063 44.598200 W,4.7,10.0,A,Depth,Depth,25.185185,D,P,35918.000000
Sun Aug 03 16:16:10 2025,03-Aug-2025,191615,47 16.672400 N,063 44.597700 W,4.8,10.7,A,Primary,Headline,32.612245,D,S,41689.000000
Sun Aug 03 16:16:10 2025,03-Aug-2025,191616,47 16.673700 N,063 44.597200 W,4.8,11.3,A,Primary,Headline,32.612245,D,S,41689.000000
Sun Aug 03 16:16:12 2025,03-Aug-2025,191617,47 16.674900 N,063 44.596800 W,4.8,11.7,A,DoorSpread,DoorMaster,28.230000,D,S,172883.000000
Sun Aug 03 16:16:12 2025,03-Aug-2025,191618,47 16.676200 N,063 44.596400 W,4.7,11.5,A,DoorSpread,DoorMaster,28.230000,D,S,172883.000000
Sun Aug 03 16:16:12 2025,03-Aug-2025,191619,47 16.677400 N,063 44.596200 W,4.7,11.0,A,DoorSpread,DoorMaster,28.230000,D,S,172883.000000
Sun Aug 03 16:16:16 2025,03-Aug-2025,191620,47 16.678700 N,063 44.596000 W,4.7,10.4,A,Primary,Headline,39.265306,D,S,28781.000000
Sun Aug 03 16:16:16 2025,03-Aug-2025,191621,47 16.680100 N,063 44.595600 W,4.9,10.1,A,Primary,Headline,39.265306,D,S,28781.000000
Sun Aug 03 16:16:16 2025,03-Aug-2025,191622,47 16.681500 N,063 44.595200 W,4.9,10.3,A,Primary,Headline,39.265306,D,S,28781.000000
Sun Aug 03 16:16:16 2025,03-Aug-2025,191623,47 16.682800 N,063 44.594600 W,4.9,10.6,A,Primary,Headline,39.265306,D,S,28781.000000
Sun Aug 03 16:16:16 2025,03-Aug-2025,191624,47 16.684000 N,063 44.594300 W,4.8,10.3,A,Primary,Headline,39.265306,D,S,28781.000000
Sun Aug 03 16:16:16 2025,03-Aug-2025,191625,47 16.685300 N,063 44.594200 W,4.8,9.7,A,Primary,Headline,39.265306,D,S,28781.000000
Sun Aug 03 16:16:21 2025,03-Aug-2025,191626,47 16.686600 N,063 44.594000 W,4.9,9.0,A,Primary,Headline,37.469388,D,S,37698.000000
Sun Aug 03 16:16:23 2025,03-Aug-2025,191627,47 16.688100 N,063 44.593600 W,4.9,8.7,A,Depth,Depth,31.574074,D,S,70036.000000
Sun Aug 03 16:16:23 2025,03-Aug-2025,191628,47 16.689500 N,063 44.593100 W,4.9,9.1,A,Depth,Depth,31.574074,D,S,70036.000000
Sun Aug 03 16:16:23 2025,03-Aug-2025,191629,47 16.690800 N,063 44.592500 W,4.8,9.5,A,Depth,Depth,31.574074,D,S,70036.000000
Sun Aug 03 16:16:23 2025,03-Aug-2025,191630,47 16.692200 N,063 44.592000 W,4.8,9.7,A,Depth,Depth,31.574074,D,S,70036.000000
Sun Aug 03 16:16:23 2025,03-Aug-2025,191631,47 16.693400 N,063 44.591600 W,4.8,10.0,A,Depth,Depth,31.574074,D,S,70036.000000
Sun Aug 03 16:16:27 2025,03-Aug-2025,191632,47 16.694800 N,063 44.591100 W,4.8,10.0,A,Primary,Headline,31.734694,D,S,61437.000000
Sun Aug 03 16:16:27 2025,03-Aug-2025,191633,47 16.696200 N,063 44.590700 W,4.8,10.0,A,Primary,Headline,31.734694,D,S,61437.000000
Sun Aug 03 16:16:27 2025,03-Aug-2025,191634,47 16.697500 N,063 44.590400 W,4.8,10.0,A,Primary,Headline,31.734694,D,S,61437.000000
Sun Aug 03 16:16:30 2025,03-Aug-2025,191635,47 16.698800 N,063 44.590000 W,4.8,10.6,A,Depth,Depth,23.055556,D,S,39892.000000
Sun Aug 03 16:16:30 2025,03-Aug-2025,191636,47 16.700100 N,063 44.589600 W,4.8,11.2,A,Depth,Depth,23.055556,D,S,39892.000000
Sun Aug 03 16:16:33 2025,03-Aug-2025,191637,47 16.701200 N,063 44.589300 W,4.7,11.1,A,Primary,Headline,32.489796,D,S,90361.000000
Sun Aug 03 16:16:33 2025,03-Aug-2025,191638,47 16.702500 N,063 44.589100 W,4.7,10.8,A,Primary,Headline,32.489796,D,S,90361.000000
Sun Aug 03 16:16:33 2025,03-Aug-2025,191639,47 16.703700 N,063 44.588700 W,4.7,10.5,A,Primary,Headline,32.489796,D,S,90361.000000
Sun Aug 03 16:16:33 2025,03-Aug-2025,191640,47 16.704900 N,063 44.588300 W,4.7,10.5,A,Primary,Headline,32.489796,D,S,90361.000000
Sun Aug 03 16:16:33 2025,03-Aug-2025,191641,47 16.706200 N,063 44.587900 W,4.7,10.8,A,Primary,Headline,32.489796,D,S,90361.000000
Sun Aug 03 16:16:37 2025,03-Aug-2025,191642,47 16.707500 N,063 44.587400 W,4.7,11.0,A,Depth,Depth,28.796296,D,S,37960.000000
Sun Aug 03 16:16:38 2025,03-Aug-2025,191643,47 16.708900 N,063 44.587000 W,4.8,11.0,A,Primary,Headline,32.571429,D,P,128374.000000
Sun Aug 03 16:16:38 2025,03-Aug-2025,191644,47 16.710300 N,063 44.586600 W,4.8,10.9,A,Primary,Headline,32.571429,D,P,128374.000000
Sun Aug 03 16:16:38 2025,03-Aug-2025,191645,47 16.711700 N,063 44.586400 W,4.8,10.5,A,Primary,Headline,32.571429,D,P,128374.000000
Sun Aug 03 16:16:38 2025,03-Aug-2025,191646,47 16.713000 N,063 44.586000 W,4.7,10.4,A,Primary,Headline,32.571429,D,P,128374.000000
Sun Aug 03 16:16:38 2025,03-Aug-2025,191647,47 16.714300 N,063 44.585600 W,4.7,10.4,A,Primary,Headline,32.571429,D,P,128374.000000
Sun Aug 03 16:16:44 2025,03-Aug-2025,191648,47 16.715700 N,063 44.585200 W,4.8,10.3,A,Primary,Headline,31.795918,D,S,67237.000000
Sun Aug 03 16:16:44 2025,03-Aug-2025,191649,47 16.717100 N,063 44.584900 W,4.8,10.2,A,Depth,Depth,34.722222,D,P,71202.000000
Sun Aug 03 16:16:44 2025,03-Aug-2025,191650,47 16.718400 N,063 44.584600 W,4.8,10.1,A,Depth,Depth,34.722222,D,P,71202.000000
Sun Aug 03 16:16:44 2025,03-Aug-2025,191651,47 16.719700 N,063 44.584400 W,4.7,9.8,A,Depth,Depth,34.722222,D,P,71202.000000
Sun Aug 03 16:16:44 2025,03-Aug-2025,191652,47 16.720900 N,063 44.584200 W,4.7,9.7,A,Depth,Depth,34.722222,D,P,71202.000000
Sun Aug 03 16:16:44 2025,03-Aug-2025,191653,47 16.722200 N,063 44.583900 W,4.8,9.8,A,Depth,Depth,34.722222,D,P,71202.000000
Sun Aug 03 16:16:49 2025,03-Aug-2025,191654,47 16.723500 N,063 44.583400 W,4.8,9.9,A,Primary,Headline,28.979592,D,S,69406.000000
Sun Aug 03 16:16:49 2025,03-Aug-2025,191655,47 16.724700 N,063 44.583100 W,4.8,10.0,A,Primary,Headline,28.979592,D,S,69406.000000
Sun Aug 03 16:16:51 2025,03-Aug-2025,191656,47 16.725900 N,063 44.582800 W,4.8,9.8,A,Depth,Depth,25.833333,D,S,60906.000000
Sun Aug 03 16:16:51 2025,03-Aug-2025,191657,47 16.727200 N,063 44.582600 W,4.8,9.7,A,Depth,Depth,25.833333,D,S,60906.000000
Sun Aug 03 16:16:51 2025,03-Aug-2025,191658,47 16.728400 N,063 44.582200 W,4.8,10.0,A,Depth,Depth,25.833333,D,S,60906.000000
Sun Aug 03 16:16:55 2025,03-Aug-2025,191659,47 16.729700 N,063 44.581900 W,4.7,10.3,A,Primary,Headline,28.285714,D,P,173482.000000
Sun Aug 03 16:16:55 2025,03-Aug-2025,191700,47 16.731000 N,063 44.581700 W,4.7,10.2,A,Primary,Headline,28.285714,D,P,173482.000000
Sun Aug 03 16:16:55 2025,03-Aug-2025,191701,47 16.732300 N,063 44.581500 W,4.7,10.0,A,Primary,Headline,28.285714,D,P,173482.000000
Sun Aug 03 16:16:55 2025,03-Aug-2025,191702,47 16.733500 N,063 44.581400 W,4.8,9.8,A,Primary,Headline,28.285714,D,P,173482.000000
Sun Aug 03 16:16:59 2025,03-Aug-2025,191703,47 16.734800 N,063 44.581200 W,4.8,9.7,A,Depth,Depth,35.925926,D,S,49094.000000
Sun Aug 03 16:16:59 2025,03-Aug-2025,191704,47 16.736200 N,063 44.581000 W,4.8,9.8,A,Depth,Depth,35.925926,D,S,49094.000000
Sun Aug 03 16:17:00 2025,03-Aug-2025,191705,47 16.737500 N,063 44.580700 W,4.8,9.7,A,Primary,Headline,27.775510,D,S,82844.000000
Sun Aug 03 16:17:00 2025,03-Aug-2025,191706,47 16.738800 N,063 44.580500 W,4.7,9.4,A,Primary,Headline,27.775510,D,S,82844.000000
Sun Aug 03 16:17:00 2025,03-Aug-2025,191707,47 16.740100 N,063 44.580400 W,4.8,8.9,A,Primary,Headline,27.775510,D,S,82844.000000
Sun Aug 03 16:17:00 2025,03-Aug-2025,191708,47 16.741300 N,063 44.580100 W,4.8,8.9,A,Primary,Headline,27.775510,D,S,82844.000000
Sun Aug 03 16:17:00 2025,03-Aug-2025,191709,47 16.742700 N,063 44.579600 W,4.8,9.4,A,Primary,Headline,27.775510,D,S,82844.000000
Sun Aug 03 16:17:05 2025,03-Aug-2025,191710,47 16.744000 N,063 44.579200 W,4.8,9.7,A,Primary,Headline,26.877551,D,P,124259.000000
Sun Aug 03 16:17:05 2025,03-Aug-2025,191711,47 16.745400 N,063 44.579000 W,4.8,9.5,A,Primary,Headline,26.877551,D,P,124259.000000
Sun Aug 03 16:17:05 2025,03-Aug-2025,191712,47 16.746700 N,063 44.578700 W,4.7,9.5,A,Primary,Headline,26.877551,D,P,124259.000000
Sun Aug 03 16:17:05 2025,03-Aug-2025,191713,47 16.748100 N,063 44.578200 W,4.8,10.1,A,Primary,Headline,26.877551,D,P,124259.000000
Sun Aug 03 16:17:05 2025,03-Aug-2025,191714,47 16.749400 N,063 44.577600 W,4.8,10.6,A,Primary,Headline,26.877551,D,P,124259.000000
Sun Aug 03 16:17:11 2025,03-Aug-2025,191715,47 16.750800 N,063 44.577100 W,4.8,10.8,A,Primary,Headline,26.163265,D,S,54438.000000
Sun Aug 03 16:17:11 2025,03-Aug-2025,191716,47 16.752200 N,063 44.576700 W,4.8,10.5,A,Primary,Headline,26.163265,D,S,54438.000000
Sun Aug 03 16:17:11 2025,03-Aug-2025,191717,47 16.753600 N,063 44.576200 W,4.8,10.2,A,Primary,Headline,26.163265,D,S,54438.000000
Sun Aug 03 16:17:11 2025,03-Aug-2025,191718,47 16.755100 N,063 44.575700 W,4.8,10.3,A,Primary,Headline,26.163265,D,S,54438.000000
Sun Aug 03 16:17:11 2025,03-Aug-2025,191719,47 16.756500 N,063 44.575000 W,4.8,10.3,A,Primary,Headline,26.163265,D,S,54438.000000
Sun Aug 03 16:17:11 2025,03-Aug-2025,191720,47 16.757900 N,063 44.574500 W,4.8,10.4,A,Primary,Headline,26.163265,D,S,54438.000000
Sun Aug 03 16:17:16 2025,03-Aug-2025,191721,47 16.759400 N,063 44.573900 W,4.8,10.5,A,Primary,Headline,24.102041,D,S,99140.000000
Sun Aug 03 16:17:16 2025,03-Aug-2025,191722,47 16.760700 N,063 44.573500 W,4.8,10.2,A,Primary,Headline,24.102041,D,S,99140.000000
Sun Aug 03 16:17:16 2025,03-Aug-2025,191723,47 16.762100 N,063 44.573300 W,4.8,9.9,A,Primary,Headline,24.102041,D,S,99140.000000
Sun Aug 03 16:17:16 2025,03-Aug-2025,191724,47 16.763500 N,063 44.572900 W,4.9,9.8,A,Primary,Headline,24.102041,D,S,99140.000000
Sun Aug 03 16:17:20 2025,03-Aug-2025,191725,47 16.764800 N,063 44.572600 W,4.8,10.1,A,Depth,Depth,25.277778,D,P,60581.000000
Sun Aug 03 16:17:22 2025,03-Aug-2025,191726,47 16.766000 N,063 44.572300 W,4.7,10.4,A,Primary,Headline,22.897959,D,S,104143.000000
Sun Aug 03 16:17:22 2025,03-Aug-2025,191727,47 16.767200 N,063 44.572000 W,4.7,10.3,A,Primary,Headline,22.897959,D,S,104143.000000
Sun Aug 03 16:17:22 2025,03-Aug-2025,191728,47 16.768500 N,063 44.571800 W,4.8,10.0,A,Primary,Headline,22.897959,D,S,104143.000000
Sun Aug 03 16:17:22 2025,03-Aug-2025,191729,47 16.769900 N,063 44.571600 W,4.7,10.0,A,Primary,Headline,22.897959,D,S,104143.000000
Sun Aug 03 16:17:22 2025,03-Aug-2025,191730,47 16.771100 N,063 44.571200 W,4.8,10.2,A,Primary,Headline,22.897959,D,S,104143.000000
Sun Aug 03 16:17:22 2025,03-Aug-2025,191731,47 16.772300 N,063 44.570800 W,4.7,10.1,A,Primary,Headline,22.897959,D,S,104143.000000
Sun Aug 03 16:17:27 2025,03-Aug-2025,191732,47 16.773600 N,063 44.570600 W,4.8,9.7,A,Primary,Headline,21.836735,D,S,87198.000000
Sun Aug 03 16:17:27 2025,03-Aug-2025,191733,47 16.774800 N,063 44.570300 W,4.8,9.7,A,Primary,Headline,21.836735,D,S,87198.000000
Sun Aug 03 16:17:27 2025,03-Aug-2025,191734,47 16.776000 N,063 44.570000 W,4.7,9.9,A,Primary,Headline,21.836735,D,S,87198.000000
Sun Aug 03 16:17:27 2025,03-Aug-2025,191735,47 16.777300 N,063 44.569700 W,4.8,10.0,A,Primary,Headline,21.836735,D,S,87198.000000
Sun Aug 03 16:17:27 2025,03-Aug-2025,191736,47 16.778600 N,063 44.569300 W,4.7,10.0,A,Primary,Headline,21.836735,D,S,87198.000000
Sun Aug 03 16:17:32 2025,03-Aug-2025,191737,47 16.779900 N,063 44.569000 W,4.7,10.0,A,Primary,Headline,20.673469,D,S,84782.000000
Sun Aug 03 16:17:34 2025,03-Aug-2025,191738,47 16.781100 N,063 44.568500 W,4.7,10.2,A,DoorSpread,DoorMaster,8.210000,D,S,103776.000000
Sun Aug 03 16:17:34 2025,03-Aug-2025,191739,47 16.782400 N,063 44.568100 W,4.7,10.2,A,DoorSpread,DoorMaster,8.210000,D,S,103776.000000
Sun Aug 03 16:17:34 2025,03-Aug-2025,191740,47 16.783600 N,063 44.567700 W,4.7,10.3,A,DoorSpread,DoorMaster,8.210000,D,S,103776.000000
Sun Aug 03 16:17:34 2025,03-Aug-2025,191741,47 16.784800 N,063 44.567300 W,4.7,10.5,A,DoorSpread,DoorMaster,8.210000,D,S,103776.000000
Sun Aug 03 16:17:38 2025,03-Aug-2025,191742,47 16.786000 N,063 44.566900 W,4.7,10.7,A,Primary,Headline,20.081633,D,S,72080.000000
Sun Aug 03 16:17:38 2025,03-Aug-2025,191743,47 16.787200 N,063 44.566600 W,4.6,10.9,A,Primary,Headline,20.081633,D,S,72080.000000
Sun Aug 03 16:17:38 2025,03-Aug-2025,191744,47 16.788300 N,063 44.566300 W,4.6,11.0,A,Primary,Headline,20.081633,D,S,72080.000000
Sun Aug 03 16:17:38 2025,03-Aug-2025,191745,47 16.789500 N,063 44.565900 W,4.6,11.3,A,Primary,Headline,20.081633,D,S,72080.000000
Sun Aug 03 16:17:41 2025,03-Aug-2025,191746,47 16.790700 N,063 44.565500 W,4.7,11.7,A,Depth,Depth,33.981481,D,S,31074.000000
Sun Aug 03 16:17:41 2025,03-Aug-2025,191747,47 16.792000 N,063 44.565200 W,4.7,12.0,A,Depth,Depth,33.981481,D,S,31074.000000
Sun Aug 03 16:17:43 2025,03-Aug-2025,191748,47 16.793300 N,063 44.564800 W,4.7,12.1,A,Primary,Headline,19.653061,D,S,51835.000000
Sun Aug 03 16:17:43 2025,03-Aug-2025,191749,47 16.794600 N,063 44.564500 W,4.6,12.3,A,Primary,Headline,19.653061,D,S,51835.000000
Sun Aug 03 16:17:43 2025,03-Aug-2025,191750,47 16.795800 N,063 44.564200 W,4.6,12.5,A,Primary,Headline,19.653061,D,S,51835.000000
Sun Aug 03 16:17:43 2025,03-Aug-2025,191751,47 16.797000 N,063 44.564000 W,4.6,12.6,A,Primary,Headline,19.653061,D,S,51835.000000
Sun Aug 03 16:17:43 2025,03-Aug-2025,191752,47 16.798300 N,063 44.563700 W,4.7,12.4,A,Primary,Headline,19.653061,D,S,51835.000000
Sun Aug 03 16:17:49 2025,03-Aug-2025,191753,47 16.799500 N,063 44.563300 W,4.8,12.2,A,Depth,Depth,46.203704,D,S,45796.000000
Sun Aug 03 16:17:49 2025,03-Aug-2025,191754,47 16.800900 N,063 44.563000 W,4.8,12.1,A,Depth,Depth,46.203704,D,S,45796.000000
Sun Aug 03 16:17:49 2025,03-Aug-2025,191755,47 16.802200 N,063 44.562600 W,4.8,11.9,A,Depth,Depth,46.203704,D,S,45796.000000
Sun Aug 03 16:17:49 2025,03-Aug-2025,191756,47 16.803500 N,063 44.562300 W,4.8,11.5,A,Depth,Depth,46.203704,D,S,45796.000000
Sun Aug 03 16:17:49 2025,03-Aug-2025,191757,47 16.804800 N,063 44.562100 W,4.7,11.3,A,Depth,Depth,46.203704,D,S,45796.000000
Sun Aug 03 16:17:54 2025,03-Aug-2025,191758,47 16.805900 N,063 44.561900 W,4.6,11.2,A,Primary,Headline,15.571429,D,P,77073.000000
Sun Aug 03 16:17:54 2025,03-Aug-2025,191759,47 16.807000 N,063 44.561600 W,4.5,11.2,A,Primary,Headline,15.571429,D,P,77073.000000
Sun Aug 03 16:17:56 2025,03-Aug-2025,191800,47 16.808000 N,063 44.561300 W,4.4,11.3,A,Depth,Depth,48.425926,D,P,41236.000000
Sun Aug 03 16:17:56 2025,03-Aug-2025,191801,47 16.808900 N,063 44.560900 W,4.2,11.5,A,Depth,Depth,48.425926,D,P,41236.000000
Sun Aug 03 16:17:56 2025,03-Aug-2025,191802,47 16.809800 N,063 44.560700 W,4.0,11.6,A,Depth,Depth,48.425926,D,P,41236.000000
Sun Aug 03 16:17:59 2025,03-Aug-2025,191803,47 16.810700 N,063 44.560500 W,3.9,11.7,A,Primary,Headline,15.346939,D,S,65787.000000
Sun Aug 03 16:17:59 2025,03-Aug-2025,191804,47 16.811600 N,063 44.560300 W,3.8,11.7,A,DoorSpread,DoorMaster,6.045000,D,S,139635.000000
Sun Aug 03 16:17:59 2025,03-Aug-2025,191805,47 16.812500 N,063 44.560000 W,3.7,11.9,A,DoorSpread,DoorMaster,6.045000,D,S,139635.000000
Sun Aug 03 16:17:59 2025,03-Aug-2025,191806,47 16.813200 N,063 44.559600 W,3.5,12.2,A,DoorSpread,DoorMaster,6.045000,D,S,139635.000000
Sun Aug 03 16:17:59 2025,03-Aug-2025,191807,47 16.813900 N,063 44.559200 W,3.4,12.5,A,DoorSpread,DoorMaster,6.045000,D,S,139635.000000
Sun Aug 03 16:18:03 2025,03-Aug-2025,191808,47 16.814600 N,063 44.558900 W,3.2,12.7,A,Depth,Depth,53.981481,D,P,74347.000000
Sun Aug 03 16:18:05 2025,03-Aug-2025,191809,47 16.815200 N,063 44.558600 W,3.1,12.9,A,DoorSpread,DoorMaster,6.675000,D,S,58597.000000
Sun Aug 03 16:18:05 2025,03-Aug-2025,191810,47 16.815800 N,063 44.558300 W,3.0,13.5,A,DoorSpread,DoorMaster,6.675000,D,S,58597.000000
Sun Aug 03 16:18:05 2025,03-Aug-2025,191811,47 16.816500 N,063 44.558000 W,2.9,14.4,A,DoorSpread,DoorMaster,6.675000,D,S,58597.000000
Sun Aug 03 16:18:05 2025,03-Aug-2025,191812,47 16.817100 N,063 44.557600 W,2.8,15.2,A,DoorSpread,DoorMaster,6.675000,D,S,58597.000000
Sun Aug 03 16:18:05 2025,03-Aug-2025,191813,47 16.817600 N,063 44.557300 W,2.7,15.7,A,DoorSpread,DoorMaster,6.675000,D,S,58597.000000
Sun Aug 03 16:18:09 2025,03-Aug-2025,191814,47 16.818100 N,063 44.557100 W,2.6,16.3,A,Primary,Headline,13.244898,D,P,121323.000000
Sun Aug 03 16:18:10 2025,03-Aug-2025,191815,47 16.818700 N,063 44.556800 W,2.6,16.9,A,Depth,Depth,51.666667,D,S,53013.000000
Sun Aug 03 16:18:10 2025,03-Aug-2025,191816,47 16.819300 N,063 44.556500 W,2.6,17.6,A,Depth,Depth,51.666667,D,S,53013.000000
Sun Aug 03 16:18:10 2025,03-Aug-2025,191817,47 16.819900 N,063 44.556100 W,2.5,18.2,A,Depth,Depth,51.666667,D,S,53013.000000
Sun Aug 03 16:18:10 2025,03-Aug-2025,191818,47 16.820400 N,063 44.555800 W,2.4,18.8,A,Depth,Depth,51.666667,D,S,53013.000000
Sun Aug 03 16:18:14 2025,03-Aug-2025,191819,47 16.821000 N,063 44.555500 W,2.4,19.4,A,Primary,Headline,12.346939,D,S,115259.000000
Sun Aug 03 16:18:14 2025,03-Aug-2025,191820,47 16.821600 N,063 44.555200 W,2.3,19.9,A,Primary,Headline,12.346939,D,S,115259.000000
Sun Aug 03 16:18:14 2025,03-Aug-2025,191821,47 16.822300 N,063 44.554800 W,2.4,20.2,A,Primary,Headline,12.346939,D,S,115259.000000
Sun Aug 03 16:18:17 2025,03-Aug-2025,191822,47 16.822900 N,063 44.554300 W,2.4,20.8,A,Depth,Depth,6.388889,D,P,83169.000000
Sun Aug 03 16:18:17 2025,03-Aug-2025,191823,47 16.823500 N,063 44.553800 W,2.3,21.6,A,Depth,Depth,6.388889,D,P,83169.000000
Sun Aug 03 16:18:20 2025,03-Aug-2025,191824,47 16.824000 N,063 44.553400 W,2.3,22.1,A,Primary,Headline,11.285714,D,P,94896.000000
Sun Aug 03 16:18:20 2025,03-Aug-2025,191825,47 16.824600 N,063 44.553100 W,2.3,22.4,A,Primary,Headline,11.285714,D,P,94896.000000
Sun Aug 03 16:18:20 2025,03-Aug-2025,191826,47 16.825300 N,063 44.552600 W,2.5,23.2,A,Primary,Headline,11.285714,D,P,94896.000000
Sun Aug 03 16:18:20 2025,03-Aug-2025,191827,47 16.826000 N,063 44.551900 W,2.5,24.0,A,Primary,Headline,11.285714,D,P,94896.000000
Sun Aug 03 16:18:20 2025,03-Aug-2025,191828,47 16.826500 N,063 44.551300 W,2.4,25.2,A,Primary,Headline,11.285714,D,P,94896.000000
Sun Aug 03 16:18:25 2025,03-Aug-2025,191829,47 16.827000 N,063 44.550700 W,2.4,26.2,A,Primary,Headline,10.836735,D,P,44735.000000
Sun Aug 03 16:18:25 2025,03-Aug-2025,191830,47 16.827500 N,063 44.550400 W,2.3,26.3,A,Primary,Headline,10.877551,D,S,40753.000000
Sun Aug 03 16:18:25 2025,03-Aug-2025,191831,47 16.828100 N,063 44.550000 W,2.3,26.0,A,Primary,Headline,10.877551,D,S,40753.000000
Sun Aug 03 16:18:25 2025,03-Aug-2025,191832,47 16.828700 N,063 44.549500 W,2.3,26.2,A,Primary,Headline,10.877551,D,S,40753.000000
Sun Aug 03 16:18:25 2025,03-Aug-2025,191833,47 16.829300 N,063 44.548900 W,2.4,27.2,A,Primary,Headline,10.877551,D,S,40753.000000
Sun Aug 03 16:18:25 2025,03-Aug-2025,191834,47 16.829800 N,063 44.548400 W,2.3,27.6,A,Primary,Headline,10.877551,D,S,40753.000000
Sun Aug 03 16:18:30 2025,03-Aug-2025,191835,47 16.830300 N,063 44.548200 W,2.2,27.6,A,Primary,Headline,9.326531,D,P,29904.000000
Sun Aug 03 16:18:32 2025,03-Aug-2025,191836,47 16.830800 N,063 44.548200 W,2.2,27.2,A,Depth,Depth,66.111111,D,S,29024.000000
Sun Aug 03 16:18:32 2025,03-Aug-2025,191837,47 16.831400 N,063 44.547700 W,2.3,27.2,A,Depth,Depth,66.111111,D,S,29024.000000
Sun Aug 03 16:18:32 2025,03-Aug-2025,191838,47 16.831900 N,063 44.547000 W,2.3,28.1,A,Depth,Depth,66.111111,D,S,29024.000000
Sun Aug 03 16:18:32 2025,03-Aug-2025,191839,47 16.832500 N,063 44.546300 W,2.3,29.1,A,Depth,Depth,66.111111,D,S,29024.000000
Sun Aug 03 16:18:35 2025,03-Aug-2025,191840,47 16.833100 N,063 44.546000 W,2.3,29.1,A,Primary,Headline,7.673469,D,P,53558.000000
Sun Aug 03 16:18:35 2025,03-Aug-2025,191841,47 16.833500 N,063 44.545700 W,2.2,29.0,A,Primary,Headline,7.673469,D,P,53558.000000
Sun Aug 03 16:18:35 2025,03-Aug-2025,191842,47 16.834100 N,063 44.545300 W,2.3,29.1,A,Primary,Headline,7.673469,D,P,53558.000000
Sun Aug 03 16:18:35 2025,03-Aug-2025,191843,47 16.834600 N,063 44.544600 W,2.3,29.8,A,Primary,Headline,7.673469,D,P,53558.000000
Sun Aug 03 16:18:39 2025,03-Aug-2025,191844,47 16.835000 N,063 44.544100 W,2.2,30.2,A,Depth,Depth,49.259259,D,S,41663.000000
Sun Aug 03 16:18:40 2025,03-Aug-2025,191845,47 16.835600 N,063 44.543800 W,2.2,29.8,A,Primary,Headline,8.408163,D,P,45822.000000
Sun Aug 03 16:18:40 2025,03-Aug-2025,191846,47 16.836100 N,063 44.543500 W,2.1,29.5,A,Primary,Headline,8.408163,D,P,45822.000000
Sun Aug 03 16:18:40 2025,03-Aug-2025,191847,47 16.836500 N,063 44.543100 W,2.1,29.6,A,Primary,Headline,8.408163,D,P,45822.000000
Sun Aug 03 16:18:40 2025,03-Aug-2025,191848,47 16.837000 N,063 44.542600 W,2.1,30.0,A,Primary,Headline,8.408163,D,P,45822.000000
Sun Aug 03 16:18:40 2025,03-Aug-2025,191849,47 16.837500 N,063 44.542000 W,2.2,30.7,A,Primary,Headline,8.408163,D,P,45822.000000
Sun Aug 03 16:18:45 2025,03-Aug-2025,191850,47 16.838000 N,063 44.541600 W,2.1,30.9,A,Primary,Headline,1.346939,D,S,65351.000000
Sun Aug 03 16:18:46 2025,03-Aug-2025,191851,47 16.838400 N,063 44.541400 W,2.0,30.9,A,Depth,Depth,60.462963,D,P,22669.000000
Sun Aug 03 16:18:46 2025,03-Aug-2025,191852,47 16.838900 N,063 44.540900 W,2.1,31.1,A,Depth,Depth,60.462963,D,P,22669.000000
Sun Aug 03 16:18:46 2025,03-Aug-2025,191853,47 16.839500 N,063 44.540300 W,2.2,31.2,A,Depth,Depth,60.462963,D,P,22669.000000
Sun Aug 03 16:18:46 2025,03-Aug-2025,191854,47 16.840000 N,063 44.539900 W,2.2,31.3,A,Depth,Depth,60.462963,D,P,22669.000000
Sun Aug 03 16:18:50 2025,03-Aug-2025,191855,47 16.840400 N,063 44.539600 W,2.1,31.2,A,Primary,Headline,5.122449,D,P,50431.000000
Sun Aug 03 16:18:51 2025,03-Aug-2025,191856,47 16.840800 N,063 44.539200 W,2.1,30.9,A,DoorSpread,DoorMaster,5.755000,D,S,42745.000000
Sun Aug 03 16:18:51 2025,03-Aug-2025,191857,47 16.841500 N,063 44.538500 W,2.3,31.1,A,DoorSpread,DoorMaster,5.755000,D,S,42745.000000
Sun Aug 03 16:18:54 2025,03-Aug-2025,191858,47 16.842100 N,063 44.537700 W,2.3,31.5,A,Depth,Depth,59.444444,D,S,33552.000000
Sun Aug 03 16:18:54 2025,03-Aug-2025,191859,47 16.842500 N,063 44.537100 W,2.2,31.7,A,Depth,Depth,59.444444,D,S,33552.000000
Sun Aug 03 16:18:56 2025,03-Aug-2025,191900,47 16.843000 N,063 44.536700 W,2.2,31.2,A,Primary,Headline,0.714286,D,P,36197.000000
Sun Aug 03 16:18:56 2025,03-Aug-2025,191901,47 16.843600 N,063 44.536300 W,2.2,30.7,A,Primary,Headline,0.714286,D,P,36197.000000
Sun Aug 03 16:18:57 2025,03-Aug-2025,191902,47 16.844000 N,063 44.535700 W,2.2,31.4,A,DoorSpread,DoorMaster,6.930000,D,S,44737.000000
Sun Aug 03 16:18:57 2025,03-Aug-2025,191903,47 16.844500 N,063 44.535000 W,2.2,32.4,A,DoorSpread,DoorMaster,6.930000,D,S,44737.000000
Sun Aug 03 16:18:57 2025,03-Aug-2025,191904,47 16.845000 N,063 44.534600 W,2.2,31.9,A,DoorSpread,DoorMaster,6.930000,D,S,44737.000000
Sun Aug 03 16:19:00 2025,03-Aug-2025,191905,47 16.845500 N,063 44.534500 W,2.2,31.1,A,Primary,Headline,2.795918,D,P,38251.000000
Sun Aug 03 16:19:01 2025,03-Aug-2025,191906,47 16.846000 N,063 44.534300 W,2.2,30.5,A,Depth,Depth,77.777778,D,P,36759.000000
Sun Aug 03 16:19:03 2025,03-Aug-2025,191907,47 16.846400 N,063 44.533800 W,2.2,30.5,A,DoorSpread,DoorMaster,7.025000,D,P,36437.000000
Sun Aug 03 16:19:03 2025,03-Aug-2025,191908,47 16.847000 N,063 44.533300 W,2.3,30.2,A,DoorSpread,DoorMaster,7.025000,D,P,36437.000000
Sun Aug 03 16:19:03 2025,03-Aug-2025,191909,47 16.847500 N,063 44.533000 W,2.3,29.4,A,DoorSpread,DoorMaster,7.025000,D,P,36437.000000
Sun Aug 03 16:19:06 2025,03-Aug-2025,191910,47 16.848000 N,063 44.532700 W,2.2,28.8,A,Primary,Headline,1.306122,D,P,54814.000000
Sun Aug 03 16:19:06 2025,03-Aug-2025,191911,47 16.848500 N,063 44.532300 W,2.2,28.7,A,Primary,Headline,1.306122,D,P,54814.000000
Sun Aug 03 16:19:08 2025,03-Aug-2025,191912,47 16.849000 N,063 44.531800 W,2.2,28.8,A,Depth,Depth,46.574074,D,P,27609.000000
Sun Aug 03 16:19:09 2025,03-Aug-2025,191913,47 16.849500 N,063 44.531300 W,2.2,29.0,A,DoorSpread,DoorMaster,8.600000,D,P,40577.000000
Sun Aug 03 16:19:09 2025,03-Aug-2025,191914,47 16.850000 N,063 44.530800 W,2.2,29.2,A,DoorSpread,DoorMaster,8.600000,D,P,40577.000000
Sun Aug 03 16:19:11 2025,03-Aug-2025,191915,47 16.850500 N,063 44.530400 W,2.1,29.3,A,Primary,Headline,1.755102,D,P,49674.000000
Sun Aug 03 16:19:11 2025,03-Aug-2025,191916,47 16.850900 N,063 44.530100 W,2.0,29.4,A,Primary,Headline,1.755102,D,P,49674.000000
Sun Aug 03 16:19:11 2025,03-Aug-2025,191917,47 16.851200 N,063 44.529700 W,2.0,29.6,A,Primary,Headline,1.755102,D,P,49674.000000
Sun Aug 03 16:19:11 2025,03-Aug-2025,191918,47 16.851700 N,063 44.529100 W,2.0,30.0,A,Primary,Headline,1.755102,D,P,49674.000000
Sun Aug 03 16:19:14 2025,03-Aug-2025,191919,47 16.852200 N,063 44.528700 W,2.0,30.0,A,DoorSpread,DoorMaster,9.075000,D,P,48656.000000
Sun Aug 03 16:19:16 2025,03-Aug-2025,191920,47 16.852800 N,063 44.528300 W,2.1,29.7,A,Primary,Headline,2.979592,D,S,65799.000000
Sun Aug 03 16:19:16 2025,03-Aug-2025,191921,47 16.853300 N,063 44.528000 W,2.0,29.5,A,Primary,Headline,2.979592,D,S,65799.000000
Sun Aug 03 16:19:16 2025,03-Aug-2025,191922,47 16.853900 N,063 44.527800 W,2.0,29.0,A,Primary,Headline,2.979592,D,S,65799.000000
Sun Aug 03 16:19:16 2025,03-Aug-2025,191923,47 16.854400 N,063 44.527500 W,2.1,28.4,A,Primary,Headline,2.979592,D,S,65799.000000
Sun Aug 03 16:19:20 2025,03-Aug-2025,191924,47 16.855000 N,063 44.527100 W,2.1,28.1,A,DoorSpread,DoorMaster,8.855000,D,S,34397.000000
Sun Aug 03 16:19:21 2025,03-Aug-2025,191925,47 16.855600 N,063 44.526600 W,2.1,27.9,A,Primary,Headline,1.469388,D,P,192261.000000
Sun Aug 03 16:19:21 2025,03-Aug-2025,191926,47 16.856200 N,063 44.526400 W,2.1,27.2,A,Primary,Headline,1.469388,D,P,192261.000000
Sun Aug 03 16:19:23 2025,03-Aug-2025,191927,47 16.856900 N,063 44.525900 W,2.2,26.4,A,Depth,Depth,66.481481,D,S,50755.000000
Sun Aug 03 16:19:23 2025,03-Aug-2025,191928,47 16.857600 N,063 44.525500 W,2.1,26.2,A,Depth,Depth,66.481481,D,S,50755.000000
Sun Aug 03 16:19:23 2025,03-Aug-2025,191929,47 16.858100 N,063 44.525200 W,2.1,26.1,A,Depth,Depth,66.481481,D,S,50755.000000
Sun Aug 03 16:19:26 2025,03-Aug-2025,191930,47 16.858700 N,063 44.524800 W,2.1,25.9,A,DoorSpread,DoorMaster,11.065000,D,P,25259.000000
Sun Aug 03 16:19:26 2025,03-Aug-2025,191931,47 16.859200 N,063 44.524500 W,2.1,25.7,A,DoorSpread,DoorMaster,11.065000,D,P,25259.000000
Sun Aug 03 16:19:26 2025,03-Aug-2025,191932,47 16.859700 N,063 44.524200 W,2.0,25.6,A,DoorSpread,DoorMaster,11.065000,D,P,25259.000000
Sun Aug 03 16:19:26 2025,03-Aug-2025,191933,47 16.860300 N,063 44.523900 W,2.1,25.5,A,DoorSpread,DoorMaster,11.065000,D,P,25259.000000
Sun Aug 03 16:19:30 2025,03-Aug-2025,191934,47 16.860900 N,063 44.523500 W,2.1,25.8,A,Depth,Depth,61.851852,D,S,52707.000000
Sun Aug 03 16:19:31 2025,03-Aug-2025,191935,47 16.861400 N,063 44.523200 W,2.2,25.9,A,Primary,Headline,2.448980,D,S,49570.000000
Sun Aug 03 16:19:32 2025,03-Aug-2025,191936,47 16.862100 N,063 44.523000 W,2.2,25.4,A,DoorSpread,DoorMaster,6.565000,D,P,60360.000000
Sun Aug 03 16:19:32 2025,03-Aug-2025,191937,47 16.862600 N,063 44.522900 W,2.1,25.1,A,DoorSpread,DoorMaster,6.565000,D,P,60360.000000
Sun Aug 03 16:19:32 2025,03-Aug-2025,191938,47 16.863100 N,063 44.522700 W,2.1,24.9,A,DoorSpread,DoorMaster,6.565000,D,P,60360.000000
Sun Aug 03 16:19:32 2025,03-Aug-2025,191939,47 16.863600 N,063 44.522500 W,2.2,24.8,A,DoorSpread,DoorMaster,6.565000,D,P,60360.000000
Sun Aug 03 16:19:36 2025,03-Aug-2025,191940,47 16.864200 N,063 44.522200 W,2.2,24.5,A,Primary,Headline,0.551020,D,S,87204.000000
Sun Aug 03 16:19:37 2025,03-Aug-2025,191941,47 16.864800 N,063 44.521900 W,2.3,23.8,A,Depth,Depth,64.722222,D,P,143878.000000
Sun Aug 03 16:19:38 2025,03-Aug-2025,191942,47 16.865400 N,063 44.521800 W,2.2,22.9,A,DoorSpread,DoorMaster,8.940000,D,S,62996.000000
Sun Aug 03 16:19:38 2025,03-Aug-2025,191943,47 16.865900 N,063 44.521400 W,2.3,22.4,A,DoorSpread,DoorMaster,8.940000,D,S,62996.000000
Sun Aug 03 16:19:38 2025,03-Aug-2025,191944,47 16.866500 N,063 44.520900 W,2.3,22.5,A,DoorSpread,DoorMaster,8.940000,D,S,62996.000000
Sun Aug 03 16:19:41 2025,03-Aug-2025,191945,47 16.867100 N,063 44.520400 W,2.3,22.6,A,Primary,Headline,1.408163,D,P,228100.000000
Sun Aug 03 16:19:41 2025,03-Aug-2025,191946,47 16.867600 N,063 44.520100 W,2.2,22.5,A,Primary,Headline,1.408163,D,P,228100.000000
Sun Aug 03 16:19:41 2025,03-Aug-2025,191947,47 16.868100 N,063 44.519800 W,2.2,22.4,A,Primary,Headline,1.408163,D,P,228100.000000
Sun Aug 03 16:19:43 2025,03-Aug-2025,191948,47 16.868600 N,063 44.519400 W,2.2,22.7,A,DoorSpread,DoorMaster,11.160000,D,S,201058.000000
Sun Aug 03 16:19:44 2025,03-Aug-2025,191949,47 16.869200 N,063 44.518800 W,2.2,23.4,A,Depth,Depth,64.629630,D,S,57421.000000
Sun Aug 03 16:19:46 2025,03-Aug-2025,191950,47 16.869900 N,063 44.518200 W,2.2,24.0,A,Primary,Headline,0.224490,D,S,111973.000000
Sun Aug 03 16:19:46 2025,03-Aug-2025,191951,47 16.870500 N,063 44.517900 W,2.2,24.2,A,Primary,Headline,0.224490,D,S,111973.000000
Sun Aug 03 16:19:46 2025,03-Aug-2025,191952,47 16.871100 N,063 44.517700 W,2.1,23.8,A,Primary,Headline,0.224490,D,S,111973.000000
Sun Aug 03 16:19:46 2025,03-Aug-2025,191953,47 16.871800 N,063 44.517300 W,2.2,23.5,A,Primary,Headline,0.224490,D,S,111973.000000
Sun Aug 03 16:19:49 2025,03-Aug-2025,191954,47 16.872400 N,063 44.516700 W,2.2,23.9,A,DoorSpread,DoorMaster,9.155000,D,S,44514.000000
Sun Aug 03 16:19:51 2025,03-Aug-2025,191955,47 16.872900 N,063 44.516200 W,2.2,24.3,A,Primary,Headline,1.571429,D,P,137302.000000
Sun Aug 03 16:19:52 2025,03-Aug-2025,191956,47 16.873400 N,063 44.515800 W,2.3,24.4,A,Depth,Depth,64.722222,D,P,114412.000000
Sun Aug 03 16:19:52 2025,03-Aug-2025,191957,47 16.874100 N,063 44.515400 W,2.3,24.0,A,Depth,Depth,64.722222,D,P,114412.000000
Sun Aug 03 16:19:52 2025,03-Aug-2025,191958,47 16.874600 N,063 44.515100 W,2.3,23.7,A,Depth,Depth,64.722222,D,P,114412.000000
Sun Aug 03 16:19:55 2025,03-Aug-2025,191959,47 16.875200 N,063 44.514700 W,2.4,23.6,A,DoorSpread,DoorMaster,9.010000,D,S,69233.000000
Sun Aug 03 16:19:56 2025,03-Aug-2025,192000,47 16.875800 N,063 44.514300 W,2.4,23.6,A,Primary,Headline,1.306122,D,P,169394.000000
Sun Aug 03 16:19:56 2025,03-Aug-2025,192001,47 16.876300 N,063 44.513900 W,2.3,23.4,A,Primary,Headline,1.306122,D,P,169394.000000
Sun Aug 03 16:19:56 2025,03-Aug-2025,192002,47 16.876800 N,063 44.513900 W,2.3,22.3,A,Primary,Headline,1.306122,D,P,169394.000000
Sun Aug 03 16:19:59 2025,03-Aug-2025,192003,47 16.877400 N,063 44.513800 W,2.3,21.1,A,Depth,Depth,65.648148,D,S,211209.000000
Sun Aug 03 16:19:59 2025,03-Aug-2025,192004,47 16.878000 N,063 44.513400 W,2.3,20.4,A,Depth,Depth,65.648148,D,S,211209.000000
Sun Aug 03 16:20:01 2025,03-Aug-2025,192005,47 16.878600 N,063 44.512900 W,2.4,20.4,A,Primary,Headline,1.612245,D,P,89347.000000
Sun Aug 03 16:20:01 2025,03-Aug-2025,192006,47 16.879200 N,063 44.512400 W,2.3,20.5,A,Primary,Headline,1.612245,D,P,89347.000000
Sun Aug 03 16:20:01 2025,03-Aug-2025,192007,47 16.879700 N,063 44.512000 W,2.3,20.6,A,Primary,Headline,1.612245,D,P,89347.000000
Sun Aug 03 16:20:01 2025,03-Aug-2025,192008,47 16.880200 N,063 44.511700 W,2.3,20.3,A,Primary,Headline,1.612245,D,P,89347.000000
Sun Aug 03 16:20:01 2025,03-Aug-2025,192009,47 16.880800 N,063 44.511300 W,2.3,20.3,A,Primary,Headline,1.612245,D,P,89347.000000
Sun Aug 03 16:20:06 2025,03-Aug-2025,192010,47 16.881500 N,063 44.510700 W,2.3,20.8,A,Primary,Headline,1.510204,D,P,115365.000000
Sun Aug 03 16:20:06 2025,03-Aug-2025,192011,47 16.882000 N,063 44.510200 W,2.3,21.5,A,Primary,Headline,1.510204,D,P,115365.000000
Sun Aug 03 16:20:06 2025,03-Aug-2025,192012,47 16.882600 N,063 44.509800 W,2.3,21.9,A,Primary,Headline,1.510204,D,P,115365.000000
Sun Aug 03 16:20:06 2025,03-Aug-2025,192013,47 16.883300 N,063 44.509500 W,2.4,21.7,A,Primary,Headline,1.510204,D,P,115365.000000
Sun Aug 03 16:20:06 2025,03-Aug-2025,192014,47 16.883800 N,063 44.509100 W,2.3,21.9,A,Primary,Headline,1.510204,D,P,115365.000000
Sun Aug 03 16:20:11 2025,03-Aug-2025,192015,47 16.884300 N,063 44.508700 W,2.3,22.4,A,Primary,Headline,1.653061,D,S,103135.000000
Sun Aug 03 16:20:11 2025,03-Aug-2025,192016,47 16.884800 N,063 44.508200 W,2.3,23.1,A,Primary,Headline,1.653061,D,S,103135.000000
Sun Aug 03 16:20:11 2025,03-Aug-2025,192017,47 16.885400 N,063 44.507900 W,2.2,23.2,A,Primary,Headline,1.653061,D,S,103135.000000
Sun Aug 03 16:20:11 2025,03-Aug-2025,192018,47 16.885900 N,063 44.507700 W,2.2,23.0,A,Primary,Headline,1.653061,D,S,103135.000000
Sun Aug 03 16:20:11 2025,03-Aug-2025,192019,47 16.886300 N,063 44.507400 W,2.2,23.2,A,Primary,Headline,1.653061,D,S,103135.000000
Sun Aug 03 16:20:16 2025,03-Aug-2025,192020,47 16.886700 N,063 44.507000 W,2.2,23.7,A,Primary,Headline,1.367347,D,P,71593.000000
Sun Aug 03 16:20:17 2025,03-Aug-2025,192021,47 16.887200 N,063 44.506500 W,2.2,24.5,A,DoorSpread,DoorMaster,10.045000,D,P,214122.000000
Sun Aug 03 16:20:17 2025,03-Aug-2025,192022,47 16.887700 N,063 44.506100 W,2.2,24.9,A,DoorSpread,DoorMaster,10.045000,D,P,214122.000000
Sun Aug 03 16:20:17 2025,03-Aug-2025,192023,47 16.888200 N,063 44.505900 W,2.2,25.0,A,DoorSpread,DoorMaster,10.045000,D,P,214122.000000
Sun Aug 03 16:20:17 2025,03-Aug-2025,192024,47 16.888600 N,063 44.505600 W,2.2,25.1,A,DoorSpread,DoorMaster,10.045000,D,P,214122.000000
Sun Aug 03 16:20:20 2025,03-Aug-2025,192025,47 16.889100 N,063 44.505400 W,2.3,25.2,A,Depth,Depth,66.388889,D,P,55963.000000
Sun Aug 03 16:20:21 2025,03-Aug-2025,192026,47 16.889700 N,063 44.505000 W,2.3,25.4,A,Primary,Headline,1.326531,D,P,93205.000000
Sun Aug 03 16:20:22 2025,03-Aug-2025,192027,47 16.890100 N,063 44.504500 W,2.3,25.7,A,DoorSpread,DoorMaster,9.580000,D,S,35616.000000
Sun Aug 03 16:20:22 2025,03-Aug-2025,192028,47 16.890500 N,063 44.504100 W,2.2,25.9,A,DoorSpread,DoorMaster,9.580000,D,S,35616.000000
Sun Aug 03 16:20:22 2025,03-Aug-2025,192029,47 16.891000 N,063 44.503600 W,2.2,26.0,A,DoorSpread,DoorMaster,9.580000,D,S,35616.000000
Sun Aug 03 16:20:22 2025,03-Aug-2025,192030,47 16.891400 N,063 44.503300 W,2.2,26.2,A,DoorSpread,DoorMaster,9.580000,D,S,35616.000000
Sun Aug 03 16:20:26 2025,03-Aug-2025,192031,47 16.891900 N,063 44.502700 W,2.2,26.6,A,Primary,Headline,1.653061,D,S,113258.000000
Sun Aug 03 16:20:28 2025,03-Aug-2025,192032,47 16.892400 N,063 44.502200 W,2.2,27.0,A,Depth,Depth,64.444444,D,P,173553.000000
Sun Aug 03 16:20:28 2025,03-Aug-2025,192033,47 16.892800 N,063 44.501800 W,2.1,27.2,A,DoorSpread,DoorMaster,9.830000,D,S,100377.000000
Sun Aug 03 16:20:28 2025,03-Aug-2025,192034,47 16.893400 N,063 44.501500 W,2.2,27.2,A,DoorSpread,DoorMaster,9.830000,D,S,100377.000000
Sun Aug 03 16:20:31 2025,03-Aug-2025,192035,47 16.893900 N,063 44.501000 W,2.2,27.3,A,Primary,Headline,1.367347,D,P,228630.000000
Sun Aug 03 16:20:31 2025,03-Aug-2025,192036,47 16.894500 N,063 44.500400 W,2.3,28.0,A,Primary,Headline,1.367347,D,P,228630.000000
Sun Aug 03 16:20:31 2025,03-Aug-2025,192037,47 16.894900 N,063 44.499800 W,2.2,28.6,A,Primary,Headline,1.367347,D,P,228630.000000
Sun Aug 03 16:20:31 2025,03-Aug-2025,192038,47 16.895400 N,063 44.499500 W,2.2,28.9,A,Primary,Headline,1.367347,D,P,228630.000000
Sun Aug 03 16:20:35 2025,03-Aug-2025,192039,47 16.896000 N,063 44.499100 W,2.2,28.6,A,Depth,Depth,64.722222,D,P,146533.000000
Sun Aug 03 16:20:36 2025,03-Aug-2025,192040,47 16.896600 N,063 44.498600 W,2.2,28.6,A,Primary,Headline,1.448980,D,P,117071.000000
Sun Aug 03 16:20:36 2025,03-Aug-2025,192041,47 16.897000 N,063 44.498100 W,2.2,28.6,A,Primary,Headline,1.448980,D,P,117071.000000
Sun Aug 03 16:20:36 2025,03-Aug-2025,192042,47 16.897500 N,063 44.497600 W,2.1,28.6,A,Primary,Headline,1.448980,D,P,117071.000000
Sun Aug 03 16:20:36 2025,03-Aug-2025,192043,47 16.898000 N,063 44.497300 W,2.1,28.5,A,Primary,Headline,1.448980,D,P,117071.000000
Sun Aug 03 16:20:39 2025,03-Aug-2025,192044,47 16.898600 N,063 44.496900 W,2.1,28.4,A,DoorSpread,DoorMaster,10.500000,D,S,44751.000000
Sun Aug 03 16:20:39 2025,03-Aug-2025,192045,47 16.899200 N,063 44.496300 W,2.2,28.3,A,DoorSpread,DoorMaster,10.500000,D,S,44751.000000
Sun Aug 03 16:20:41 2025,03-Aug-2025,192046,47 16.899800 N,063 44.495700 W,2.2,28.4,A,Primary,Headline,1.408163,D,S,52845.000000
Sun Aug 03 16:20:42 2025,03-Aug-2025,192047,47 16.900300 N,063 44.495200 W,2.1,28.5,A,Depth,Depth,64.351852,D,S,199874.000000
Sun Aug 03 16:20:42 2025,03-Aug-2025,192048,47 16.900800 N,063 44.494800 W,2.1,28.5,A,Depth,Depth,64.351852,D,S,199874.000000
Sun Aug 03 16:20:45 2025,03-Aug-2025,192049,47 16.901300 N,063 44.494400 W,2.1,28.5,A,DoorSpread,DoorMaster,10.550000,D,S,34844.000000
Sun Aug 03 16:20:45 2025,03-Aug-2025,192050,47 16.901900 N,063 44.494000 W,2.1,28.6,A,DoorSpread,DoorMaster,10.550000,D,S,34844.000000
Sun Aug 03 16:20:46 2025,03-Aug-2025,192051,47 16.902500 N,063 44.493500 W,2.1,28.8,A,Primary,Headline,1.204082,D,P,62783.000000
Sun Aug 03 16:20:46 2025,03-Aug-2025,192052,47 16.902900 N,063 44.493100 W,2.1,28.8,A,Primary,Headline,1.204082,D,P,62783.000000
Sun Aug 03 16:20:46 2025,03-Aug-2025,192053,47 16.903400 N,063 44.492700 W,2.1,29.0,A,Primary,Headline,1.204082,D,P,62783.000000
Sun Aug 03 16:20:49 2025,03-Aug-2025,192054,47 16.903900 N,063 44.492200 W,2.1,29.2,A,Depth,Depth,64.444444,D,P,70109.000000
Sun Aug 03 16:20:51 2025,03-Aug-2025,192055,47 16.904400 N,063 44.491700 W,2.1,30.3,A,Primary,Headline,2.367347,D,P,58114.000000
Sun Aug 03 16:20:51 2025,03-Aug-2025,192056,47 16.905000 N,063 44.491000 W,2.2,30.9,A,Primary,Headline,2.367347,D,P,58114.000000
Sun Aug 03 16:20:51 2025,03-Aug-2025,192057,47 16.905500 N,063 44.490500 W,2.3,31.4,A,Primary,Headline,2.367347,D,P,58114.000000
Sun Aug 03 16:20:51 2025,03-Aug-2025,192058,47 16.906100 N,063 44.490100 W,2.2,31.3,A,Primary,Headline,2.367347,D,P,58114.000000
Sun Aug 03 16:20:51 2025,03-Aug-2025,192059,47 16.906700 N,063 44.489700 W,2.2,31.4,A,Primary,Headline,2.367347,D,P,58114.000000
Sun Aug 03 16:20:51 2025,03-Aug-2025,192100,47 16.907200 N,063 44.489300 W,2.2,31.5,A,Primary,Headline,2.367347,D,P,58114.000000
Sun Aug 03 16:20:57 2025,03-Aug-2025,192101,47 16.907900 N,063 44.488900 W,2.2,31.1,A,DoorSpread,DoorMaster,15.345000,D,S,23800.000000
Sun Aug 03 16:20:57 2025,03-Aug-2025,192102,47 16.908400 N,063 44.488600 W,2.2,30.8,A,DoorSpread,DoorMaster,15.345000,D,S,23800.000000
Sun Aug 03 16:20:57 2025,03-Aug-2025,192103,47 16.908800 N,063 44.488300 W,2.2,30.7,A,DoorSpread,DoorMaster,15.345000,D,S,23800.000000
Sun Aug 03 16:20:57 2025,03-Aug-2025,192104,47 16.909300 N,063 44.487900 W,2.2,30.6,A,DoorSpread,DoorMaster,15.345000,D,S,23800.000000
Sun Aug 03 16:20:57 2025,03-Aug-2025,192105,47 16.909900 N,063 44.487500 W,2.2,30.3,A,DoorSpread,DoorMaster,15.345000,D,S,23800.000000
Sun Aug 03 16:20:57 2025,03-Aug-2025,192106,47 16.910400 N,063 44.487200 W,2.2,30.2,A,DoorSpread,DoorMaster,15.345000,D,S,23800.000000
Sun Aug 03 16:21:03 2025,03-Aug-2025,192107,47 16.910800 N,063 44.487000 W,2.0,30.1,A,DoorSpread,DoorMaster,8.080000,D,S,54752.000000
Sun Aug 03 16:21:03 2025,03-Aug-2025,192108,47 16.911200 N,063 44.486500 W,2.1,30.6,A,DoorSpread,DoorMaster,8.080000,D,S,54752.000000
Sun Aug 03 16:21:03 2025,03-Aug-2025,192109,47 16.911700 N,063 44.485800 W,2.1,31.8,A,DoorSpread,DoorMaster,8.080000,D,S,54752.000000
Sun Aug 03 16:21:03 2025,03-Aug-2025,192110,47 16.912200 N,063 44.485400 W,2.1,31.9,A,DoorSpread,DoorMaster,8.080000,D,S,54752.000000
Sun Aug 03 16:21:03 2025,03-Aug-2025,192111,47 16.912700 N,063 44.485200 W,2.1,31.8,A,DoorSpread,DoorMaster,8.080000,D,S,54752.000000
Sun Aug 03 16:21:03 2025,03-Aug-2025,192112,47 16.913100 N,063 44.484800 W,2.1,32.1,A,DoorSpread,DoorMaster,8.080000,D,S,54752.000000
Sun Aug 03 16:21:09 2025,03-Aug-2025,192113,47 16.913600 N,063 44.484300 W,2.1,32.3,A,DoorSpread,DoorMaster,13.085000,D,P,44415.000000
Sun Aug 03 16:21:09 2025,03-Aug-2025,192114,47 16.914100 N,063 44.484000 W,2.2,31.5,A,DoorSpread,DoorMaster,13.085000,D,P,44415.000000
Sun Aug 03 16:21:09 2025,03-Aug-2025,192115,47 16.914700 N,063 44.483900 W,2.1,30.2,A,DoorSpread,DoorMaster,13.085000,D,P,44415.000000
Sun Aug 03 16:21:09 2025,03-Aug-2025,192116,47 16.915200 N,063 44.483700 W,2.1,29.4,A,DoorSpread,DoorMaster,13.085000,D,P,44415.000000
Sun Aug 03 16:21:09 2025,03-Aug-2025,192117,47 16.915700 N,063 44.483300 W,2.1,29.3,A,DoorSpread,DoorMaster,13.085000,D,P,44415.000000
Sun Aug 03 16:21:09 2025,03-Aug-2025,192118,47 16.916200 N,063 44.482800 W,2.1,29.3,A,DoorSpread,DoorMaster,13.085000,D,P,44415.000000
Sun Aug 03 16:21:15 2025,03-Aug-2025,192119,47 16.916700 N,063 44.482400 W,2.1,29.1,A,DoorSpread,DoorMaster,11.525000,D,P,141483.000000
Sun Aug 03 16:21:15 2025,03-Aug-2025,192120,47 16.917300 N,063 44.482200 W,2.1,28.2,A,DoorSpread,DoorMaster,11.525000,D,P,141483.000000
Sun Aug 03 16:21:15 2025,03-Aug-2025,192121,47 16.917900 N,063 44.481800 W,2.2,27.6,A,DoorSpread,DoorMaster,11.525000,D,P,141483.000000
Sun Aug 03 16:21:15 2025,03-Aug-2025,192122,47 16.918400 N,063 44.481400 W,2.2,27.7,A,DoorSpread,DoorMaster,11.525000,D,P,141483.000000
Sun Aug 03 16:21:15 2025,03-Aug-2025,192123,47 16.918800 N,063 44.480900 W,2.2,27.9,A,DoorSpread,DoorMaster,11.525000,D,P,141483.000000
Sun Aug 03 16:21:15 2025,03-Aug-2025,192124,47 16.919300 N,063 44.480500 W,2.2,27.8,A,DoorSpread,DoorMaster,11.525000,D,P,141483.000000
Sun Aug 03 16:21:21 2025,03-Aug-2025,192125,47 16.919800 N,063 44.480300 W,2.1,27.7,A,DoorSpread,DoorMaster,12.580000,D,P,324508.000000
Sun Aug 03 16:21:21 2025,03-Aug-2025,192126,47 16.920300 N,063 44.479800 W,2.1,27.8,A,DoorSpread,DoorMaster,12.580000,D,P,324508.000000
Sun Aug 03 16:21:21 2025,03-Aug-2025,192127,47 16.920800 N,063 44.479400 W,2.1,27.8,A,DoorSpread,DoorMaster,12.580000,D,P,324508.000000
Sun Aug 03 16:21:21 2025,03-Aug-2025,192128,47 16.921300 N,063 44.478900 W,2.2,27.9,A,DoorSpread,DoorMaster,12.580000,D,P,324508.000000
Sun Aug 03 16:21:21 2025,03-Aug-2025,192129,47 16.921700 N,063 44.478500 W,2.1,28.2,A,DoorSpread,DoorMaster,12.580000,D,P,324508.000000
Sun Aug 03 16:21:21 2025,03-Aug-2025,192130,47 16.922100 N,063 44.478000 W,2.1,28.6,A,DoorSpread,DoorMaster,12.580000,D,P,324508.000000
Sun Aug 03 16:21:21 2025,03-Aug-2025,192131,47 16.922500 N,063 44.477600 W,2.2,28.8,A,DoorSpread,DoorMaster,12.580000,D,P,324508.000000
Sun Aug 03 16:21:21 2025,03-Aug-2025,192132,47 16.923000 N,063 44.477200 W,2.2,28.8,A,DoorSpread,DoorMaster,12.580000,D,P,324508.000000
Sun Aug 03 16:21:21 2025,03-Aug-2025,192133,47 16.923500 N,063 44.476800 W,2.2,28.8,A,DoorSpread,DoorMaster,12.580000,D,P,324508.000000
Sun Aug 03 16:21:21 2025,03-Aug-2025,192134,47 16.923900 N,063 44.476500 W,2.2,28.9,A,DoorSpread,DoorMaster,12.580000,D,P,324508.000000
Sun Aug 03 16:21:21 2025,03-Aug-2025,192135,47 16.924400 N,063 44.475800 W,2.3,30.3,A,DoorSpread,DoorMaster,12.580000,D,P,324508.000000
Sun Aug 03 16:21:32 2025,03-Aug-2025,192136,47 16.924900 N,063 44.475200 W,2.3,31.0,A,DoorSpread,DoorMaster,11.955000,D,P,43280.000000
Sun Aug 03 16:21:32 2025,03-Aug-2025,192137,47 16.925300 N,063 44.474900 W,2.2,31.4,A,DoorSpread,DoorMaster,11.955000,D,P,43280.000000
Sun Aug 03 16:21:32 2025,03-Aug-2025,192138,47 16.925900 N,063 44.474500 W,2.3,31.4,A,DoorSpread,DoorMaster,11.955000,D,P,43280.000000
Sun Aug 03 16:21:32 2025,03-Aug-2025,192139,47 16.926500 N,063 44.474100 W,2.3,31.6,A,DoorSpread,DoorMaster,11.955000,D,P,43280.000000
Sun Aug 03 16:21:32 2025,03-Aug-2025,192140,47 16.927100 N,063 44.473600 W,2.3,31.6,A,DoorSpread,DoorMaster,11.955000,D,P,43280.000000
Sun Aug 03 16:21:32 2025,03-Aug-2025,192141,47 16.927700 N,063 44.473300 W,2.3,31.2,A,DoorSpread,DoorMaster,11.955000,D,P,43280.000000
Sun Aug 03 16:21:32 2025,03-Aug-2025,192142,47 16.928300 N,063 44.472900 W,2.4,30.6,A,DoorSpread,DoorMaster,11.955000,D,P,43280.000000
Sun Aug 03 16:21:32 2025,03-Aug-2025,192143,47 16.929000 N,063 44.472500 W,2.4,30.0,A,DoorSpread,DoorMaster,11.955000,D,P,43280.000000
Sun Aug 03 16:21:32 2025,03-Aug-2025,192144,47 16.929600 N,063 44.472100 W,2.4,29.4,A,DoorSpread,DoorMaster,11.955000,D,P,43280.000000
Sun Aug 03 16:21:32 2025,03-Aug-2025,192145,47 16.930300 N,063 44.471700 W,2.4,28.6,A,DoorSpread,DoorMaster,11.955000,D,P,43280.000000
Sun Aug 03 16:21:32 2025,03-Aug-2025,192146,47 16.931000 N,063 44.471200 W,2.4,28.1,A,DoorSpread,DoorMaster,11.955000,D,P,43280.000000
Sun Aug 03 16:21:43 2025,03-Aug-2025,192147,47 16.931600 N,063 44.470800 W,2.5,27.6,A,DoorSpread,DoorMaster,11.575000,D,S,54324.000000
Sun Aug 03 16:21:43 2025,03-Aug-2025,192148,47 16.932200 N,063 44.470400 W,2.5,26.9,A,DoorSpread,DoorMaster,11.575000,D,S,54324.000000
Sun Aug 03 16:21:43 2025,03-Aug-2025,192149,47 16.932800 N,063 44.469900 W,2.5,26.3,A,DoorSpread,DoorMaster,11.575000,D,S,54324.000000
Sun Aug 03 16:21:43 2025,03-Aug-2025,192150,47 16.933500 N,063 44.469400 W,2.5,26.0,A,DoorSpread,DoorMaster,11.575000,D,S,54324.000000
Sun Aug 03 16:21:43 2025,03-Aug-2025,192151,47 16.934000 N,063 44.468800 W,2.5,26.0,A,DoorSpread,DoorMaster,11.575000,D,S,54324.000000
Sun Aug 03 16:21:43 2025,03-Aug-2025,192152,47 16.934500 N,063 44.468300 W,2.4,26.2,A,DoorSpread,DoorMaster,11.575000,D,S,54324.000000
Sun Aug 03 16:21:48 2025,03-Aug-2025,192153,47 16.935100 N,063 44.467800 W,2.5,26.1,A,DoorSpread,DoorMaster,10.040000,D,S,28270.000000
Sun Aug 03 16:21:48 2025,03-Aug-2025,192154,47 16.935700 N,063 44.467300 W,2.5,26.5,A,DoorSpread,DoorMaster,10.040000,D,S,28270.000000
Sun Aug 03 16:21:48 2025,03-Aug-2025,192155,47 16.936300 N,063 44.466600 W,2.4,27.0,A,DoorSpread,DoorMaster,10.040000,D,S,28270.000000
Sun Aug 03 16:21:48 2025,03-Aug-2025,192156,47 16.936800 N,063 44.466100 W,2.4,27.4,A,DoorSpread,DoorMaster,10.040000,D,S,28270.000000
Sun Aug 03 16:21:48 2025,03-Aug-2025,192157,47 16.937300 N,063 44.465600 W,2.5,27.6,A,DoorSpread,DoorMaster,10.040000,D,S,28270.000000
Sun Aug 03 16:21:48 2025,03-Aug-2025,192158,47 16.937800 N,063 44.465100 W,2.5,27.8,A,DoorSpread,DoorMaster,10.040000,D,S,28270.000000
Sun Aug 03 16:21:48 2025,03-Aug-2025,192159,47 16.938300 N,063 44.464600 W,2.4,28.0,A,DoorSpread,DoorMaster,10.040000,D,S,28270.000000
Sun Aug 03 16:21:48 2025,03-Aug-2025,192200,47 16.938900 N,063 44.464000 W,2.5,28.3,A,DoorSpread,DoorMaster,10.040000,D,S,28270.000000
Sun Aug 03 16:21:48 2025,03-Aug-2025,192201,47 16.939500 N,063 44.463400 W,2.5,28.5,A,DoorSpread,DoorMaster,10.040000,D,S,28270.000000
Sun Aug 03 16:21:48 2025,03-Aug-2025,192202,47 16.940000 N,063 44.462900 W,2.4,28.7,A,DoorSpread,DoorMaster,10.040000,D,S,28270.000000
Sun Aug 03 16:21:48 2025,03-Aug-2025,192203,47 16.940400 N,063 44.462400 W,2.3,29.0,A,DoorSpread,DoorMaster,10.040000,D,S,28270.000000
Sun Aug 03 16:21:59 2025,03-Aug-2025,192204,47 16.940800 N,063 44.461900 W,2.4,29.6,A,DoorSpread,DoorMaster,9.910000,D,P,146998.000000
Sun Aug 03 16:21:59 2025,03-Aug-2025,192205,47 16.941500 N,063 44.461200 W,2.4,29.8,A,DoorSpread,DoorMaster,9.910000,D,P,146998.000000
Sun Aug 03 16:21:59 2025,03-Aug-2025,192206,47 16.941900 N,063 44.460700 W,2.4,30.1,A,DoorSpread,DoorMaster,9.910000,D,P,146998.000000
Sun Aug 03 16:21:59 2025,03-Aug-2025,192207,47 16.942500 N,063 44.460100 W,2.3,30.5,A,DoorSpread,DoorMaster,9.910000,D,P,146998.000000
Sun Aug 03 16:21:59 2025,03-Aug-2025,192208,47 16.943000 N,063 44.459500 W,2.3,30.8,A,DoorSpread,DoorMaster,9.910000,D,P,146998.000000
Sun Aug 03 16:21:59 2025,03-Aug-2025,192209,47 16.943600 N,063 44.458800 W,2.4,31.3,A,DoorSpread,DoorMaster,9.910000,D,P,146998.000000
Sun Aug 03 16:22:05 2025,03-Aug-2025,192210,47 16.944100 N,063 44.458200 W,2.3,31.7,A,DoorSpread,DoorMaster,10.760000,D,P,58308.000000
Sun Aug 03 16:22:05 2025,03-Aug-2025,192211,47 16.944700 N,063 44.457600 W,2.3,31.9,A,DoorSpread,DoorMaster,10.760000,D,P,58308.000000
Sun Aug 03 16:22:05 2025,03-Aug-2025,192212,47 16.945200 N,063 44.457100 W,2.3,32.0,A,DoorSpread,DoorMaster,10.760000,D,P,58308.000000
Sun Aug 03 16:22:05 2025,03-Aug-2025,192213,47 16.945700 N,063 44.456500 W,2.3,32.5,A,DoorSpread,DoorMaster,10.760000,D,P,58308.000000
Sun Aug 03 16:22:05 2025,03-Aug-2025,192214,47 16.946200 N,063 44.455800 W,2.3,33.2,A,DoorSpread,DoorMaster,10.760000,D,P,58308.000000
Sun Aug 03 16:22:05 2025,03-Aug-2025,192215,47 16.946900 N,063 44.455300 W,2.3,33.0,A,DoorSpread,DoorMaster,10.760000,D,P,58308.000000
Sun Aug 03 16:22:11 2025,03-Aug-2025,192216,47 16.947500 N,063 44.454900 W,2.3,32.8,A,DoorSpread,DoorMaster,10.310000,D,P,121010.000000
Sun Aug 03 16:22:11 2025,03-Aug-2025,192217,47 16.948000 N,063 44.454300 W,2.3,32.9,A,DoorSpread,DoorMaster,10.310000,D,P,121010.000000
Sun Aug 03 16:22:11 2025,03-Aug-2025,192218,47 16.948500 N,063 44.453800 W,2.4,33.4,A,DoorSpread,DoorMaster,10.310000,D,P,121010.000000
Sun Aug 03 16:22:11 2025,03-Aug-2025,192219,47 16.949100 N,063 44.453200 W,2.3,33.4,A,DoorSpread,DoorMaster,10.310000,D,P,121010.000000
Sun Aug 03 16:22:11 2025,03-Aug-2025,192220,47 16.949700 N,063 44.453000 W,2.3,33.0,A,DoorSpread,DoorMaster,10.310000,D,P,121010.000000
Sun Aug 03 16:22:17 2025,03-Aug-2025,192221,47 16.950300 N,063 44.452800 W,2.3,32.8,A,DoorSpread,DoorMaster,10.105000,D,P,100411.000000
Sun Aug 03 16:22:17 2025,03-Aug-2025,192222,47 16.950800 N,063 44.452300 W,2.3,32.9,A,DoorSpread,DoorMaster,10.105000,D,P,100411.000000
Sun Aug 03 16:22:17 2025,03-Aug-2025,192223,47 16.951500 N,063 44.451700 W,2.4,33.1,A,DoorSpread,DoorMaster,10.105000,D,P,100411.000000
Sun Aug 03 16:22:17 2025,03-Aug-2025,192224,47 16.952000 N,063 44.451400 W,2.3,32.9,A,DoorSpread,DoorMaster,10.105000,D,P,100411.000000
Sun Aug 03 16:22:17 2025,03-Aug-2025,192225,47 16.952500 N,063 44.451100 W,2.2,32.6,A,DoorSpread,DoorMaster,10.105000,D,P,100411.000000
Sun Aug 03 16:22:17 2025,03-Aug-2025,192226,47 16.953100 N,063 44.450800 W,2.2,32.7,A,DoorSpread,DoorMaster,10.105000,D,P,100411.000000
Sun Aug 03 16:22:23 2025,03-Aug-2025,192227,47 16.953700 N,063 44.450200 W,2.3,33.0,A,DoorSpread,DoorMaster,10.380000,D,S,242932.000000
Sun Aug 03 16:22:23 2025,03-Aug-2025,192228,47 16.954300 N,063 44.449700 W,2.3,33.3,A,DoorSpread,DoorMaster,10.380000,D,S,242932.000000
Sun Aug 03 16:22:23 2025,03-Aug-2025,192229,47 16.954800 N,063 44.449300 W,2.2,33.4,A,DoorSpread,DoorMaster,10.380000,D,S,242932.000000
Sun Aug 03 16:22:23 2025,03-Aug-2025,192230,47 16.955300 N,063 44.449100 W,2.2,33.1,A,DoorSpread,DoorMaster,10.380000,D,S,242932.000000
Sun Aug 03 16:22:23 2025,03-Aug-2025,192231,47 16.955800 N,063 44.448800 W,2.2,32.4,A,DoorSpread,DoorMaster,10.380000,D,S,242932.000000
Sun Aug 03 16:22:23 2025,03-Aug-2025,192232,47 16.956300 N,063 44.448200 W,2.2,32.5,A,DoorSpread,DoorMaster,10.380000,D,S,242932.000000
Sun Aug 03 16:22:29 2025,03-Aug-2025,192233,47 16.956700 N,063 44.447500 W,2.2,33.2,A,DoorSpread,DoorMaster,10.825000,D,P,42512.000000
Sun Aug 03 16:22:29 2025,03-Aug-2025,192234,47 16.957200 N,063 44.447100 W,2.2,33.4,A,DoorSpread,DoorMaster,10.825000,D,P,42512.000000
Sun Aug 03 16:22:29 2025,03-Aug-2025,192235,47 16.957700 N,063 44.446700 W,2.1,33.2,A,DoorSpread,DoorMaster,10.825000,D,P,42512.000000
Sun Aug 03 16:22:29 2025,03-Aug-2025,192236,47 16.958100 N,063 44.446400 W,2.1,33.0,A,DoorSpread,DoorMaster,10.825000,D,P,42512.000000
Sun Aug 03 16:22:29 2025,03-Aug-2025,192237,47 16.958400 N,063 44.446000 W,2.1,33.5,A,DoorSpread,DoorMaster,10.825000,D,P,42512.000000
Sun Aug 03 16:22:29 2025,03-Aug-2025,192238,47 16.958700 N,063 44.445500 W,2.0,33.9,A,DoorSpread,DoorMaster,10.825000,D,P,42512.000000
Sun Aug 03 16:22:35 2025,03-Aug-2025,192239,47 16.959100 N,063 44.445100 W,2.0,34.0,A,DoorSpread,DoorMaster,10.820000,D,P,134722.000000
Sun Aug 03 16:22:35 2025,03-Aug-2025,192240,47 16.959500 N,063 44.444800 W,2.0,33.9,A,DoorSpread,DoorMaster,10.820000,D,P,134722.000000
Sun Aug 03 16:22:35 2025,03-Aug-2025,192241,47 16.959900 N,063 44.444500 W,1.9,33.9,A,DoorSpread,DoorMaster,10.820000,D,P,134722.000000
Sun Aug 03 16:22:35 2025,03-Aug-2025,192242,47 16.960200 N,063 44.444100 W,1.9,34.1,A,DoorSpread,DoorMaster,10.820000,D,P,134722.000000
Sun Aug 03 16:22:35 2025,03-Aug-2025,192243,47 16.960600 N,063 44.443600 W,1.9,34.2,A,DoorSpread,DoorMaster,10.820000,D,P,134722.000000
Sun Aug 03 16:22:35 2025,03-Aug-2025,192244,47 16.961000 N,063 44.443200 W,2.0,34.1,A,DoorSpread,DoorMaster,10.820000,D,P,134722.000000
Sun Aug 03 16:22:40 2025,03-Aug-2025,192245,47 16.961500 N,063 44.442700 W,1.9,34.2,A,DoorSpread,DoorMaster,10.735000,D,P,81609.000000
Sun Aug 03 16:22:40 2025,03-Aug-2025,192246,47 16.961800 N,063 44.442300 W,1.9,34.4,A,DoorSpread,DoorMaster,10.735000,D,P,81609.000000
Sun Aug 03 16:22:40 2025,03-Aug-2025,192247,47 16.962200 N,063 44.441800 W,1.9,34.5,A,DoorSpread,DoorMaster,10.735000,D,P,81609.000000
Sun Aug 03 16:22:40 2025,03-Aug-2025,192248,47 16.962700 N,063 44.441200 W,2.0,34.8,A,DoorSpread,DoorMaster,10.735000,D,P,81609.000000
Sun Aug 03 16:22:40 2025,03-Aug-2025,192249,47 16.963200 N,063 44.440600 W,2.0,35.1,A,DoorSpread,DoorMaster,10.735000,D,P,81609.000000
Sun Aug 03 16:22:40 2025,03-Aug-2025,192250,47 16.963700 N,063 44.440000 W,2.0,35.5,A,DoorSpread,DoorMaster,10.735000,D,P,81609.000000
Sun Aug 03 16:22:46 2025,03-Aug-2025,192251,47 16.964200 N,063 44.439500 W,2.0,35.8,A,DoorSpread,DoorMaster,11.105000,D,S,32473.000000
Sun Aug 03 16:22:46 2025,03-Aug-2025,192252,47 16.964600 N,063 44.439000 W,2.0,35.7,A,DoorSpread,DoorMaster,11.105000,D,S,32473.000000
Sun Aug 03 16:22:46 2025,03-Aug-2025,192253,47 16.965200 N,063 44.438500 W,2.0,35.9,A,DoorSpread,DoorMaster,11.105000,D,S,32473.000000
Sun Aug 03 16:22:46 2025,03-Aug-2025,192254,47 16.965700 N,063 44.437700 W,2.1,36.4,A,DoorSpread,DoorMaster,11.105000,D,S,32473.000000
Sun Aug 03 16:22:46 2025,03-Aug-2025,192255,47 16.966200 N,063 44.437100 W,2.0,36.8,A,DoorSpread,DoorMaster,11.105000,D,S,32473.000000
Sun Aug 03 16:22:46 2025,03-Aug-2025,192256,47 16.966600 N,063 44.436600 W,2.0,37.0,A,DoorSpread,DoorMaster,11.105000,D,S,32473.000000
Sun Aug 03 16:22:52 2025,03-Aug-2025,192257,47 16.967200 N,063 44.436100 W,2.1,37.1,A,DoorSpread,DoorMaster,11.935000,D,P,31763.000000
Sun Aug 03 16:22:52 2025,03-Aug-2025,192258,47 16.967800 N,063 44.435400 W,2.1,37.3,A,DoorSpread,DoorMaster,11.935000,D,P,31763.000000
Sun Aug 03 16:22:52 2025,03-Aug-2025,192259,47 16.968300 N,063 44.434800 W,2.2,37.6,A,DoorSpread,DoorMaster,11.935000,D,P,31763.000000
Sun Aug 03 16:22:52 2025,03-Aug-2025,192300,47 16.968700 N,063 44.434200 W,2.1,37.9,A,DoorSpread,DoorMaster,11.935000,D,P,31763.000000
Sun Aug 03 16:22:52 2025,03-Aug-2025,192301,47 16.969100 N,063 44.433600 W,2.1,38.3,A,DoorSpread,DoorMaster,11.935000,D,P,31763.000000
Sun Aug 03 16:22:52 2025,03-Aug-2025,192302,47 16.969500 N,063 44.433000 W,2.1,38.8,A,DoorSpread,DoorMaster,11.935000,D,P,31763.000000
Sun Aug 03 16:22:58 2025,03-Aug-2025,192303,47 16.970000 N,063 44.432300 W,2.2,39.1,A,DoorSpread,DoorMaster,12.500000,D,S,49623.000000
Sun Aug 03 16:22:58 2025,03-Aug-2025,192304,47 16.970600 N,063 44.431500 W,2.3,39.4,A,DoorSpread,DoorMaster,12.500000,D,S,49623.000000
Sun Aug 03 16:22:58 2025,03-Aug-2025,192305,47 16.971100 N,063 44.430900 W,2.2,39.6,A,DoorSpread,DoorMaster,12.500000,D,S,49623.000000
Sun Aug 03 16:22:58 2025,03-Aug-2025,192306,47 16.971500 N,063 44.430400 W,2.2,39.7,A,DoorSpread,DoorMaster,12.500000,D,S,49623.000000
Sun Aug 03 16:22:58 2025,03-Aug-2025,192307,47 16.971800 N,063 44.429700 W,2.2,40.0,A,DoorSpread,DoorMaster,12.500000,D,S,49623.000000
Sun Aug 03 16:22:58 2025,03-Aug-2025,192308,47 16.972400 N,063 44.429000 W,2.3,40.3,A,DoorSpread,DoorMaster,12.500000,D,S,49623.000000
Sun Aug 03 16:23:04 2025,03-Aug-2025,192309,47 16.972900 N,063 44.428400 W,2.3,40.1,A,DoorSpread,DoorMaster,10.695000,D,P,30627.000000
Sun Aug 03 16:23:04 2025,03-Aug-2025,192310,47 16.973500 N,063 44.427900 W,2.3,39.9,A,DoorSpread,DoorMaster,10.695000,D,P,30627.000000
Sun Aug 03 16:23:04 2025,03-Aug-2025,192311,47 16.973900 N,063 44.427200 W,2.3,40.0,A,DoorSpread,DoorMaster,10.695000,D,P,30627.000000
Sun Aug 03 16:23:04 2025,03-Aug-2025,192312,47 16.974500 N,063 44.426700 W,2.3,40.1,A,DoorSpread,DoorMaster,10.695000,D,P,30627.000000
Sun Aug 03 16:23:04 2025,03-Aug-2025,192313,47 16.975000 N,063 44.426200 W,2.3,39.7,A,DoorSpread,DoorMaster,10.695000,D,P,30627.000000
Sun Aug 03 16:23:04 2025,03-Aug-2025,192314,47 16.975600 N,063 44.425700 W,2.4,39.2,A,DoorSpread,DoorMaster,10.695000,D,P,30627.000000
Sun Aug 03 16:23:10 2025,03-Aug-2025,192315,47 16.976100 N,063 44.425100 W,2.4,39.3,A,DoorSpread,DoorMaster,10.530000,D,S,32972.000000
Sun Aug 03 16:23:10 2025,03-Aug-2025,192316,47 16.976500 N,063 44.424600 W,2.3,39.3,A,DoorSpread,DoorMaster,10.530000,D,S,32972.000000
Sun Aug 03 16:23:10 2025,03-Aug-2025,192317,47 16.976900 N,063 44.424000 W,2.3,39.1,A,DoorSpread,DoorMaster,10.530000,D,S,32972.000000
Sun Aug 03 16:23:10 2025,03-Aug-2025,192318,47 16.977400 N,063 44.423500 W,2.3,38.9,A,DoorSpread,DoorMaster,10.530000,D,S,32972.000000
Sun Aug 03 16:23:10 2025,03-Aug-2025,192319,47 16.977900 N,063 44.422700 W,2.3,39.0,A,DoorSpread,DoorMaster,10.530000,D,S,32972.000000
Sun Aug 03 16:23:10 2025,03-Aug-2025,192320,47 16.978400 N,063 44.422100 W,2.3,39.2,A,DoorSpread,DoorMaster,10.530000,D,S,32972.000000
Sun Aug 03 16:23:10 2025,03-Aug-2025,192321,47 16.979000 N,063 44.421500 W,2.3,39.2,A,DoorSpread,DoorMaster,10.530000,D,S,32972.000000
Sun Aug 03 16:23:10 2025,03-Aug-2025,192322,47 16.979600 N,063 44.421100 W,2.2,38.9,A,DoorSpread,DoorMaster,10.530000,D,S,32972.000000
Sun Aug 03 16:23:10 2025,03-Aug-2025,192323,47 16.980100 N,063 44.420600 W,2.2,38.5,A,DoorSpread,DoorMaster,10.530000,D,S,32972.000000
Sun Aug 03 16:23:10 2025,03-Aug-2025,192324,47 16.980600 N,063 44.419900 W,2.2,38.6,A,DoorSpread,DoorMaster,10.530000,D,S,32972.000000
Sun Aug 03 16:23:10 2025,03-Aug-2025,192325,47 16.981100 N,063 44.419100 W,2.3,39.3,A,DoorSpread,DoorMaster,10.530000,D,S,32972.000000
Sun Aug 03 16:23:21 2025,03-Aug-2025,192326,47 16.981600 N,063 44.418400 W,2.3,39.6,A,DoorSpread,DoorMaster,13.365000,D,P,32598.000000
Sun Aug 03 16:23:21 2025,03-Aug-2025,192327,47 16.982000 N,063 44.417800 W,2.2,39.2,A,DoorSpread,DoorMaster,13.365000,D,P,32598.000000
Sun Aug 03 16:23:21 2025,03-Aug-2025,192328,47 16.982500 N,063 44.417300 W,2.2,39.1,A,DoorSpread,DoorMaster,13.365000,D,P,32598.000000
Sun Aug 03 16:23:21 2025,03-Aug-2025,192329,47 16.982900 N,063 44.416600 W,2.3,39.5,A,DoorSpread,DoorMaster,13.365000,D,P,32598.000000
Sun Aug 03 16:23:21 2025,03-Aug-2025,192330,47 16.983200 N,063 44.415900 W,2.3,39.7,A,DoorSpread,DoorMaster,13.365000,D,P,32598.000000
Sun Aug 03 16:23:21 2025,03-Aug-2025,192331,47 16.983600 N,063 44.415400 W,2.3,39.6,A,DoorSpread,DoorMaster,13.365000,D,P,32598.000000
Sun Aug 03 16:23:27 2025,03-Aug-2025,192332,47 16.984100 N,063 44.415100 W,2.2,39.2,A,DoorSpread,DoorMaster,11.455000,D,P,38362.000000
Sun Aug 03 16:23:27 2025,03-Aug-2025,192333,47 16.984400 N,063 44.414600 W,2.2,39.0,A,DoorSpread,DoorMaster,11.455000,D,P,38362.000000
Sun Aug 03 16:23:27 2025,03-Aug-2025,192334,47 16.984800 N,063 44.414100 W,2.2,39.1,A,DoorSpread,DoorMaster,11.455000,D,P,38362.000000
Sun Aug 03 16:23:27 2025,03-Aug-2025,192335,47 16.985200 N,063 44.413700 W,2.2,38.9,A,DoorSpread,DoorMaster,11.455000,D,P,38362.000000
Sun Aug 03 16:23:27 2025,03-Aug-2025,192336,47 16.985600 N,063 44.413300 W,2.2,38.4,A,DoorSpread,DoorMaster,11.455000,D,P,38362.000000
Sun Aug 03 16:23:32 2025,03-Aug-2025,192337,47 16.986100 N,063 44.412900 W,2.2,38.1,A,DoorSpread,DoorMaster,0.000000,E,S,39059.000000
Sun Aug 03 16:23:32 2025,03-Aug-2025,192338,47 16.986400 N,063 44.412400 W,2.2,38.2,A,DoorSpread,DoorMaster,0.000000,E,S,39059.000000
Sun Aug 03 16:23:32 2025,03-Aug-2025,192339,47 16.986900 N,063 44.411900 W,2.2,38.2,A,DoorSpread,DoorMaster,0.000000,E,S,39059.000000
Sun Aug 03 16:23:32 2025,03-Aug-2025,192340,47 16.987400 N,063 44.411500 W,2.2,37.8,A,DoorSpread,DoorMaster,0.000000,E,S,39059.000000
Sun Aug 03 16:23:32 2025,03-Aug-2025,192341,47 16.987900 N,063 44.411100 W,2.2,37.3,A,DoorSpread,DoorMaster,0.000000,E,S,39059.000000
Sun Aug 03 16:23:32 2025,03-Aug-2025,192342,47 16.988500 N,063 44.410500 W,2.2,37.4,A,DoorSpread,DoorMaster,0.000000,E,S,39059.000000
Sun Aug 03 16:23:38 2025,03-Aug-2025,192343,47 16.989000 N,063 44.409800 W,2.2,37.7,A,DoorSpread,DoorMaster,11.540000,D,S,74013.000000
Sun Aug 03 16:23:38 2025,03-Aug-2025,192344,47 16.989500 N,063 44.409100 W,2.2,37.5,A,DoorSpread,DoorMaster,11.540000,D,S,74013.000000
Sun Aug 03 16:23:38 2025,03-Aug-2025,192345,47 16.990100 N,063 44.408600 W,2.2,37.2,A,DoorSpread,DoorMaster,11.540000,D,S,74013.000000
Sun Aug 03 16:23:38 2025,03-Aug-2025,192346,47 16.990600 N,063 44.408000 W,2.2,37.1,A,DoorSpread,DoorMaster,11.540000,D,S,74013.000000
Sun Aug 03 16:23:38 2025,03-Aug-2025,192347,47 16.991100 N,063 44.407300 W,2.3,37.4,A,DoorSpread,DoorMaster,11.540000,D,S,74013.000000
Sun Aug 03 16:23:38 2025,03-Aug-2025,192348,47 16.991700 N,063 44.406400 W,2.3,38.0,A,DoorSpread,DoorMaster,11.540000,D,S,74013.000000
Sun Aug 03 16:23:44 2025,03-Aug-2025,192349,47 16.992300 N,063 44.405700 W,2.3,38.3,A,DoorSpread,DoorMaster,11.315000,D,S,62154.000000
Sun Aug 03 16:23:44 2025,03-Aug-2025,192350,47 16.992800 N,063 44.405200 W,2.3,37.9,A,DoorSpread,DoorMaster,11.315000,D,S,62154.000000
Sun Aug 03 16:23:44 2025,03-Aug-2025,192351,47 16.993300 N,063 44.404800 W,2.3,37.2,A,DoorSpread,DoorMaster,11.315000,D,S,62154.000000
Sun Aug 03 16:23:44 2025,03-Aug-2025,192352,47 16.993800 N,063 44.404300 W,2.3,37.1,A,DoorSpread,DoorMaster,11.315000,D,S,62154.000000
Sun Aug 03 16:23:44 2025,03-Aug-2025,192353,47 16.994300 N,063 44.403600 W,2.4,37.4,A,DoorSpread,DoorMaster,11.315000,D,S,62154.000000
Sun Aug 03 16:23:44 2025,03-Aug-2025,192354,47 16.994700 N,063 44.403100 W,2.3,37.5,A,DoorSpread,DoorMaster,11.315000,D,S,62154.000000
Sun Aug 03 16:23:44 2025,03-Aug-2025,192355,47 16.995200 N,063 44.402700 W,2.2,37.4,A,DoorSpread,DoorMaster,11.315000,D,S,62154.000000
Sun Aug 03 16:23:44 2025,03-Aug-2025,192356,47 16.995700 N,063 44.402400 W,2.2,37.0,A,DoorSpread,DoorMaster,11.315000,D,S,62154.000000
Sun Aug 03 16:23:44 2025,03-Aug-2025,192357,47 16.996200 N,063 44.402000 W,2.2,36.6,A,DoorSpread,DoorMaster,11.315000,D,S,62154.000000
Sun Aug 03 16:23:44 2025,03-Aug-2025,192358,47 16.996600 N,063 44.401400 W,2.2,36.9,A,DoorSpread,DoorMaster,11.315000,D,S,62154.000000
Sun Aug 03 16:23:44 2025,03-Aug-2025,192359,47 16.997000 N,063 44.400800 W,2.3,37.4,A,DoorSpread,DoorMaster,11.315000,D,S,62154.000000
Sun Aug 03 16:23:44 2025,03-Aug-2025,192400,47 16.997400 N,063 44.400300 W,2.2,37.4,A,DoorSpread,DoorMaster,11.315000,D,S,62154.000000
Sun Aug 03 16:23:44 2025,03-Aug-2025,192401,47 16.997800 N,063 44.399900 W,2.2,37.2,A,DoorSpread,DoorMaster,11.315000,D,S,62154.000000
Sun Aug 03 16:23:44 2025,03-Aug-2025,192402,47 16.998200 N,063 44.399300 W,2.2,37.5,A,DoorSpread,DoorMaster,11.315000,D,S,62154.000000
Sun Aug 03 16:23:44 2025,03-Aug-2025,192403,47 16.998600 N,063 44.398600 W,2.2,38.1,A,DoorSpread,DoorMaster,11.315000,D,S,62154.000000
Sun Aug 03 16:23:44 2025,03-Aug-2025,192404,47 16.998900 N,063 44.398100 W,2.2,38.5,A,DoorSpread,DoorMaster,11.315000,D,S,62154.000000
Sun Aug 03 16:23:44 2025,03-Aug-2025,192405,47 16.999300 N,063 44.397700 W,2.1,38.1,A,DoorSpread,DoorMaster,11.315000,D,S,62154.000000
Sun Aug 03 16:23:44 2025,03-Aug-2025,192406,47 16.999800 N,063 44.397400 W,2.1,37.7,A,DoorSpread,DoorMaster,11.315000,D,S,62154.000000
Sun Aug 03 16:23:44 2025,03-Aug-2025,192407,47 17.000200 N,063 44.396800 W,2.1,37.8,A,DoorSpread,DoorMaster,11.315000,D,S,62154.000000
Sun Aug 03 16:23:44 2025,03-Aug-2025,192408,47 17.000600 N,063 44.396200 W,2.1,37.9,A,DoorSpread,DoorMaster,11.315000,D,S,62154.000000
Sun Aug 03 16:23:44 2025,03-Aug-2025,192409,47 17.001100 N,063 44.395800 W,2.1,37.6,A,DoorSpread,DoorMaster,11.315000,D,S,62154.000000
Sun Aug 03 16:24:05 2025,03-Aug-2025,192410,47 17.001700 N,063 44.395300 W,2.2,36.9,A,DoorSpread,DoorMaster,14.570000,D,S,149960.000000
Sun Aug 03 16:24:05 2025,03-Aug-2025,192411,47 17.002300 N,063 44.394800 W,2.3,36.4,A,DoorSpread,DoorMaster,14.570000,D,S,149960.000000
Sun Aug 03 16:24:05 2025,03-Aug-2025,192412,47 17.003000 N,063 44.394000 W,2.4,36.6,A,DoorSpread,DoorMaster,14.570000,D,S,149960.000000
Sun Aug 03 16:24:05 2025,03-Aug-2025,192413,47 17.003600 N,063 44.393100 W,2.5,37.0,A,DoorSpread,DoorMaster,14.570000,D,S,149960.000000
Sun Aug 03 16:24:05 2025,03-Aug-2025,192414,47 17.004300 N,063 44.392200 W,2.6,37.0,A,DoorSpread,DoorMaster,14.570000,D,S,149960.000000
Sun Aug 03 16:24:05 2025,03-Aug-2025,192415,47 17.005000 N,063 44.391700 W,2.6,36.6,A,DoorSpread,DoorMaster,14.570000,D,S,149960.000000
Sun Aug 03 16:24:11 2025,03-Aug-2025,192416,47 17.005700 N,063 44.391100 W,2.6,36.2,A,DoorSpread,DoorMaster,10.670000,D,S,142511.000000
Sun Aug 03 16:24:11 2025,03-Aug-2025,192417,47 17.006400 N,063 44.390300 W,2.8,36.2,A,DoorSpread,DoorMaster,10.670000,D,S,142511.000000
Sun Aug 03 16:24:11 2025,03-Aug-2025,192418,47 17.007100 N,063 44.389300 W,2.9,36.5,A,DoorSpread,DoorMaster,10.670000,D,S,142511.000000
Sun Aug 03 16:24:11 2025,03-Aug-2025,192419,47 17.007800 N,063 44.388400 W,3.0,36.6,A,DoorSpread,DoorMaster,10.670000,D,S,142511.000000
Sun Aug 03 16:24:11 2025,03-Aug-2025,192420,47 17.008700 N,063 44.387500 W,3.1,36.2,A,DoorSpread,DoorMaster,10.670000,D,S,142511.000000
Sun Aug 03 16:24:17 2025,03-Aug-2025,192421,47 17.009600 N,063 44.386600 W,3.1,35.8,A,DoorSpread,DoorMaster,8.185000,D,P,114465.000000
Sun Aug 03 16:24:17 2025,03-Aug-2025,192422,47 17.010500 N,063 44.385700 W,3.2,35.8,A,DoorSpread,DoorMaster,8.185000,D,P,114465.000000
Sun Aug 03 16:24:17 2025,03-Aug-2025,192423,47 17.011300 N,063 44.384800 W,3.2,35.8,A,DoorSpread,DoorMaster,8.185000,D,P,114465.000000
Sun Aug 03 16:24:17 2025,03-Aug-2025,192424,47 17.012200 N,063 44.384000 W,3.3,35.4,A,DoorSpread,DoorMaster,8.185000,D,P,114465.000000
Sun Aug 03 16:24:17 2025,03-Aug-2025,192425,47 17.013000 N,063 44.383200 W,3.3,35.1,A,DoorSpread,DoorMaster,8.185000,D,P,114465.000000
Sun Aug 03 16:24:17 2025,03-Aug-2025,192426,47 17.013900 N,063 44.382300 W,3.4,34.9,A,DoorSpread,DoorMaster,8.185000,D,P,114465.000000
Sun Aug 03 16:24:22 2025,03-Aug-2025,192427,47 17.014800 N,063 44.381500 W,3.4,34.8,A,DoorSpread,DoorMaster,7.975000,D,S,274478.000000
Sun Aug 03 16:24:22 2025,03-Aug-2025,192428,47 17.015500 N,063 44.380600 W,3.4,34.7,A,DoorSpread,DoorMaster,7.975000,D,S,274478.000000
Sun Aug 03 16:24:22 2025,03-Aug-2025,192429,47 17.016300 N,063 44.379700 W,3.4,34.8,A,DoorSpread,DoorMaster,7.975000,D,S,274478.000000
Sun Aug 03 16:24:22 2025,03-Aug-2025,192430,47 17.017100 N,063 44.378700 W,3.5,34.8,A,DoorSpread,DoorMaster,7.975000,D,S,274478.000000
Sun Aug 03 16:24:22 2025,03-Aug-2025,192431,47 17.017800 N,063 44.377800 W,3.5,34.7,A,DoorSpread,DoorMaster,7.975000,D,S,274478.000000
Sun Aug 03 16:24:22 2025,03-Aug-2025,192432,47 17.018500 N,063 44.377100 W,3.4,34.5,A,DoorSpread,DoorMaster,7.975000,D,S,274478.000000
Sun Aug 03 16:24:28 2025,03-Aug-2025,192433,47 17.019200 N,063 44.376400 W,3.3,34.4,A,DoorSpread,DoorMaster,7.520000,D,S,186491.000000
Sun Aug 03 16:24:28 2025,03-Aug-2025,192434,47 17.019900 N,063 44.375600 W,3.4,34.5,A,DoorSpread,DoorMaster,7.520000,D,S,186491.000000
Sun Aug 03 16:24:28 2025,03-Aug-2025,192435,47 17.020700 N,063 44.374700 W,3.4,34.5,A,DoorSpread,DoorMaster,7.520000,D,S,186491.000000
Sun Aug 03 16:24:28 2025,03-Aug-2025,192436,47 17.021400 N,063 44.374000 W,3.4,34.2,A,DoorSpread,DoorMaster,7.520000,D,S,186491.000000
Sun Aug 03 16:24:28 2025,03-Aug-2025,192437,47 17.022200 N,063 44.373400 W,3.4,33.6,A,DoorSpread,DoorMaster,7.520000,D,S,186491.000000
Sun Aug 03 16:24:34 2025,03-Aug-2025,192438,47 17.022900 N,063 44.372800 W,3.3,33.2,A,DoorSpread,DoorMaster,6.760000,D,S,203213.000000
Sun Aug 03 16:24:34 2025,03-Aug-2025,192439,47 17.023600 N,063 44.372000 W,3.3,33.2,A,DoorSpread,DoorMaster,6.760000,D,S,203213.000000
Sun Aug 03 16:24:34 2025,03-Aug-2025,192440,47 17.024300 N,063 44.371300 W,3.3,33.2,A,DoorSpread,DoorMaster,6.760000,D,S,203213.000000
Sun Aug 03 16:24:34 2025,03-Aug-2025,192441,47 17.025100 N,063 44.370500 W,3.3,33.2,A,DoorSpread,DoorMaster,6.760000,D,S,203213.000000
Sun Aug 03 16:24:34 2025,03-Aug-2025,192442,47 17.025900 N,063 44.369800 W,3.2,33.0,A,DoorSpread,DoorMaster,6.760000,D,S,203213.000000
Sun Aug 03 16:24:34 2025,03-Aug-2025,192443,47 17.026700 N,063 44.369100 W,3.2,32.9,A,DoorSpread,DoorMaster,6.760000,D,S,203213.000000
Sun Aug 03 16:24:39 2025,03-Aug-2025,192444,47 17.027400 N,063 44.368500 W,3.1,32.9,A,DoorSpread,DoorMaster,6.160000,D,S,163557.000000
Sun Aug 03 16:24:39 2025,03-Aug-2025,192445,47 17.028000 N,063 44.368000 W,3.0,32.8,A,DoorSpread,DoorMaster,6.160000,D,S,163557.000000
Sun Aug 03 16:24:39 2025,03-Aug-2025,192446,47 17.028600 N,063 44.367500 W,3.0,32.6,A,DoorSpread,DoorMaster,6.160000,D,S,163557.000000
Sun Aug 03 16:24:39 2025,03-Aug-2025,192447,47 17.029300 N,063 44.366900 W,3.0,32.5,A,DoorSpread,DoorMaster,6.160000,D,S,163557.000000
Sun Aug 03 16:24:39 2025,03-Aug-2025,192448,47 17.030000 N,063 44.366200 W,3.0,32.5,A,DoorSpread,DoorMaster,6.160000,D,S,163557.000000
Sun Aug 03 16:24:39 2025,03-Aug-2025,192449,47 17.030600 N,063 44.365500 W,3.0,32.5,A,DoorSpread,DoorMaster,6.160000,D,S,163557.000000
Sun Aug 03 16:24:45 2025,03-Aug-2025,192450,47 17.031100 N,063 44.365000 W,2.9,32.4,A,DoorSpread,DoorMaster,5.865000,D,S,244678.000000
Sun Aug 03 16:24:45 2025,03-Aug-2025,192451,47 17.031700 N,063 44.364300 W,2.9,32.4,A,DoorSpread,DoorMaster,5.865000,D,S,244678.000000
Sun Aug 03 16:24:45 2025,03-Aug-2025,192452,47 17.032300 N,063 44.363700 W,2.9,32.5,A,DoorSpread,DoorMaster,5.865000,D,S,244678.000000
Sun Aug 03 16:24:45 2025,03-Aug-2025,192453,47 17.032900 N,063 44.363100 W,2.8,32.6,A,DoorSpread,DoorMaster,5.865000,D,S,244678.000000
Sun Aug 03 16:24:45 2025,03-Aug-2025,192454,47 17.033400 N,063 44.362500 W,2.8,32.5,A,DoorSpread,DoorMaster,5.865000,D,S,244678.000000
Sun Aug 03 16:24:50 2025,03-Aug-2025,192455,47 17.034000 N,063 44.362000 W,2.8,32.6,A,DoorSpread,DoorMaster,5.725000,D,S,225237.000000
Sun Aug 03 16:24:50 2025,03-Aug-2025,192456,47 17.034500 N,063 44.361500 W,2.8,32.6,A,DoorSpread,DoorMaster,5.725000,D,S,225237.000000
Sun Aug 03 16:24:50 2025,03-Aug-2025,192457,47 17.035100 N,063 44.360800 W,2.8,32.6,A,DoorSpread,DoorMaster,5.725000,D,S,225237.000000
Sun Aug 03 16:24:50 2025,03-Aug-2025,192458,47 17.035800 N,063 44.360200 W,2.8,32.5,A,DoorSpread,DoorMaster,5.725000,D,S,225237.000000
Sun Aug 03 16:24:50 2025,03-Aug-2025,192459,47 17.036400 N,063 44.359600 W,2.8,32.5,A,DoorSpread,DoorMaster,5.725000,D,S,225237.000000
Sun Aug 03 16:24:50 2025,03-Aug-2025,192500,47 17.037000 N,063 44.359000 W,2.8,32.6,A,DoorSpread,DoorMaster,5.725000,D,S,225237.000000
Sun Aug 03 16:24:56 2025,03-Aug-2025,192501,47 17.037600 N,063 44.358400 W,2.8,32.7,A,DoorSpread,DoorMaster,5.715000,D,S,187239.000000
Sun Aug 03 16:24:56 2025,03-Aug-2025,192502,47 17.038200 N,063 44.358000 W,2.7,32.6,A,DoorSpread,DoorMaster,5.715000,D,S,187239.000000
Sun Aug 03 16:24:56 2025,03-Aug-2025,192503,47 17.038800 N,063 44.357500 W,2.7,32.6,A,DoorSpread,DoorMaster,5.715000,D,S,187239.000000
Sun Aug 03 16:24:56 2025,03-Aug-2025,192504,47 17.039400 N,063 44.356800 W,2.8,32.7,A,DoorSpread,DoorMaster,5.715000,D,S,187239.000000
Sun Aug 03 16:24:56 2025,03-Aug-2025,192505,47 17.040100 N,063 44.356200 W,2.8,33.0,A,DoorSpread,DoorMaster,5.715000,D,S,187239.000000
Sun Aug 03 16:25:02 2025,03-Aug-2025,192506,47 17.040700 N,063 44.355600 W,2.7,33.1,A,DoorSpread,DoorMaster,5.960000,D,S,356786.000000
Sun Aug 03 16:25:02 2025,03-Aug-2025,192507,47 17.041300 N,063 44.355100 W,2.7,33.1,A,DoorSpread,DoorMaster,5.960000,D,S,356786.000000
Sun Aug 03 16:25:02 2025,03-Aug-2025,192508,47 17.041900 N,063 44.354600 W,2.7,32.9,A,DoorSpread,DoorMaster,5.960000,D,S,356786.000000
Sun Aug 03 16:25:02 2025,03-Aug-2025,192509,47 17.042600 N,063 44.354000 W,2.8,33.0,A,DoorSpread,DoorMaster,5.960000,D,S,356786.000000
Sun Aug 03 16:25:02 2025,03-Aug-2025,192510,47 17.043200 N,063 44.353200 W,2.8,33.3,A,DoorSpread,DoorMaster,5.960000,D,S,356786.000000
Sun Aug 03 16:25:02 2025,03-Aug-2025,192511,47 17.043800 N,063 44.352400 W,2.8,33.7,A,DoorSpread,DoorMaster,5.960000,D,S,356786.000000
Sun Aug 03 16:25:07 2025,03-Aug-2025,192512,47 17.044300 N,063 44.351900 W,2.7,33.6,A,DoorSpread,DoorMaster,6.025000,D,S,136204.000000
Sun Aug 03 16:25:07 2025,03-Aug-2025,192513,47 17.044900 N,063 44.351500 W,2.7,33.4,A,DoorSpread,DoorMaster,6.025000,D,S,136204.000000
Sun Aug 03 16:25:07 2025,03-Aug-2025,192514,47 17.045500 N,063 44.350800 W,2.8,33.3,A,DoorSpread,DoorMaster,6.025000,D,S,136204.000000
Sun Aug 03 16:25:07 2025,03-Aug-2025,192515,47 17.046300 N,063 44.350100 W,2.8,33.6,A,DoorSpread,DoorMaster,6.025000,D,S,136204.000000
Sun Aug 03 16:25:07 2025,03-Aug-2025,192516,47 17.046900 N,063 44.349400 W,2.8,34.0,A,DoorSpread,DoorMaster,6.025000,D,S,136204.000000
Sun Aug 03 16:25:13 2025,03-Aug-2025,192517,47 17.047500 N,063 44.348900 W,2.7,34.0,A,DoorSpread,DoorMaster,6.070000,D,S,233020.000000
Sun Aug 03 16:25:13 2025,03-Aug-2025,192518,47 17.048100 N,063 44.348400 W,2.7,33.8,A,DoorSpread,DoorMaster,6.070000,D,S,233020.000000
Sun Aug 03 16:25:13 2025,03-Aug-2025,192519,47 17.048800 N,063 44.347900 W,2.7,33.6,A,DoorSpread,DoorMaster,6.070000,D,S,233020.000000
Sun Aug 03 16:25:13 2025,03-Aug-2025,192520,47 17.049300 N,063 44.347200 W,2.7,33.7,A,DoorSpread,DoorMaster,6.070000,D,S,233020.000000
Sun Aug 03 16:25:13 2025,03-Aug-2025,192521,47 17.049900 N,063 44.346400 W,2.8,34.0,A,DoorSpread,DoorMaster,6.070000,D,S,233020.000000
Sun Aug 03 16:25:13 2025,03-Aug-2025,192522,47 17.050500 N,063 44.345800 W,2.8,34.2,A,DoorSpread,DoorMaster,6.070000,D,S,233020.000000
Sun Aug 03 16:25:18 2025,03-Aug-2025,192523,47 17.051000 N,063 44.345300 W,2.8,34.1,A,DoorSpread,DoorMaster,5.960000,D,S,466435.000000
Sun Aug 03 16:25:18 2025,03-Aug-2025,192524,47 17.051700 N,063 44.344800 W,2.7,33.9,A,DoorSpread,DoorMaster,5.960000,D,S,466435.000000
Sun Aug 03 16:25:18 2025,03-Aug-2025,192525,47 17.052300 N,063 44.344300 W,2.8,33.6,A,DoorSpread,DoorMaster,5.960000,D,S,466435.000000
Sun Aug 03 16:25:18 2025,03-Aug-2025,192526,47 17.052800 N,063 44.343700 W,2.8,33.7,A,DoorSpread,DoorMaster,5.960000,D,S,466435.000000
Sun Aug 03 16:25:18 2025,03-Aug-2025,192527,47 17.053400 N,063 44.343000 W,2.8,34.0,A,DoorSpread,DoorMaster,5.960000,D,S,466435.000000
Sun Aug 03 16:25:24 2025,03-Aug-2025,192528,47 17.054000 N,063 44.342400 W,2.8,33.8,A,DoorSpread,DoorMaster,5.965000,D,S,270133.000000
Sun Aug 03 16:25:24 2025,03-Aug-2025,192529,47 17.054700 N,063 44.341900 W,2.7,33.5,A,DoorSpread,DoorMaster,5.965000,D,S,270133.000000
Sun Aug 03 16:25:24 2025,03-Aug-2025,192530,47 17.055400 N,063 44.341300 W,2.8,33.2,A,DoorSpread,DoorMaster,5.965000,D,S,270133.000000
Sun Aug 03 16:25:24 2025,03-Aug-2025,192531,47 17.056000 N,063 44.340700 W,2.8,33.4,A,DoorSpread,DoorMaster,5.965000,D,S,270133.000000
Sun Aug 03 16:25:24 2025,03-Aug-2025,192532,47 17.056600 N,063 44.339900 W,2.8,34.0,A,DoorSpread,DoorMaster,5.965000,D,S,270133.000000
Sun Aug 03 16:25:24 2025,03-Aug-2025,192533,47 17.057200 N,063 44.339200 W,2.8,34.3,A,DoorSpread,DoorMaster,5.965000,D,S,270133.000000
Sun Aug 03 16:25:29 2025,03-Aug-2025,192534,47 17.057800 N,063 44.338600 W,2.7,34.1,A,DoorSpread,DoorMaster,5.810000,D,S,175724.000000
Sun Aug 03 16:25:29 2025,03-Aug-2025,192535,47 17.058400 N,063 44.338100 W,2.7,33.8,A,DoorSpread,DoorMaster,5.810000,D,S,175724.000000
Sun Aug 03 16:25:29 2025,03-Aug-2025,192536,47 17.058900 N,063 44.337500 W,2.7,34.1,A,DoorSpread,DoorMaster,5.810000,D,S,175724.000000
Sun Aug 03 16:25:29 2025,03-Aug-2025,192537,47 17.059600 N,063 44.336600 W,2.7,34.8,A,DoorSpread,DoorMaster,5.810000,D,S,175724.000000
Sun Aug 03 16:25:29 2025,03-Aug-2025,192538,47 17.060200 N,063 44.335900 W,2.7,35.1,A,DoorSpread,DoorMaster,5.810000,D,S,175724.000000
Sun Aug 03 16:25:35 2025,03-Aug-2025,192539,47 17.060700 N,063 44.335400 W,2.6,34.9,A,DoorSpread,DoorMaster,5.780000,D,S,114485.000000
Sun Aug 03 16:25:35 2025,03-Aug-2025,192540,47 17.061400 N,063 44.335000 W,2.6,34.4,A,DoorSpread,DoorMaster,5.780000,D,S,114485.000000
Sun Aug 03 16:25:35 2025,03-Aug-2025,192541,47 17.061900 N,063 44.334400 W,2.6,34.2,A,DoorSpread,DoorMaster,5.780000,D,S,114485.000000
Sun Aug 03 16:25:35 2025,03-Aug-2025,192542,47 17.062400 N,063 44.333700 W,2.6,34.4,A,DoorSpread,DoorMaster,5.780000,D,S,114485.000000
Sun Aug 03 16:25:35 2025,03-Aug-2025,192543,47 17.062800 N,063 44.333000 W,2.6,34.7,A,DoorSpread,DoorMaster,5.780000,D,S,114485.000000
Sun Aug 03 16:25:35 2025,03-Aug-2025,192544,47 17.063200 N,063 44.332500 W,2.5,34.7,A,DoorSpread,DoorMaster,5.780000,D,S,114485.000000
Sun Aug 03 16:25:40 2025,03-Aug-2025,192545,47 17.063900 N,063 44.332000 W,2.5,34.2,A,DoorSpread,DoorMaster,6.170000,D,S,230795.000000
Sun Aug 03 16:25:40 2025,03-Aug-2025,192546,47 17.064600 N,063 44.331500 W,2.6,33.5,A,DoorSpread,DoorMaster,6.170000,D,S,230795.000000
Sun Aug 03 16:25:40 2025,03-Aug-2025,192547,47 17.065200 N,063 44.330900 W,2.6,33.2,A,DoorSpread,DoorMaster,6.170000,D,S,230795.000000
Sun Aug 03 16:25:40 2025,03-Aug-2025,192548,47 17.065800 N,063 44.330300 W,2.6,33.3,A,DoorSpread,DoorMaster,6.170000,D,S,230795.000000
Sun Aug 03 16:25:40 2025,03-Aug-2025,192549,47 17.066400 N,063 44.329800 W,2.5,33.4,A,DoorSpread,DoorMaster,6.170000,D,S,230795.000000
Sun Aug 03 16:25:40 2025,03-Aug-2025,192550,47 17.067100 N,063 44.329300 W,2.5,32.9,A,DoorSpread,DoorMaster,6.170000,D,S,230795.000000
Sun Aug 03 16:25:46 2025,03-Aug-2025,192551,47 17.067800 N,063 44.328900 W,2.5,32.0,A,DoorSpread,DoorMaster,6.180000,D,S,61853.000000
Sun Aug 03 16:25:46 2025,03-Aug-2025,192552,47 17.068500 N,063 44.328300 W,2.6,31.9,A,DoorSpread,DoorMaster,6.180000,D,S,61853.000000
Sun Aug 03 16:25:46 2025,03-Aug-2025,192553,47 17.069100 N,063 44.327500 W,2.5,32.2,A,DoorSpread,DoorMaster,6.180000,D,S,61853.000000
Sun Aug 03 16:25:46 2025,03-Aug-2025,192554,47 17.069700 N,063 44.326900 W,2.5,32.3,A,DoorSpread,DoorMaster,6.180000,D,S,61853.000000
Sun Aug 03 16:25:46 2025,03-Aug-2025,192555,47 17.070300 N,063 44.326400 W,2.5,32.1,A,DoorSpread,DoorMaster,6.180000,D,S,61853.000000
Sun Aug 03 16:25:52 2025,03-Aug-2025,192556,47 17.070900 N,063 44.326000 W,2.4,32.0,A,DoorSpread,DoorMaster,5.880000,D,S,81609.000000
Sun Aug 03 16:25:52 2025,03-Aug-2025,192557,47 17.071300 N,063 44.325400 W,2.4,32.4,A,DoorSpread,DoorMaster,5.880000,D,S,81609.000000
Sun Aug 03 16:25:52 2025,03-Aug-2025,192558,47 17.071800 N,063 44.324900 W,2.4,33.1,A,DoorSpread,DoorMaster,5.880000,D,S,81609.000000
Sun Aug 03 16:25:52 2025,03-Aug-2025,192559,47 17.072300 N,063 44.324300 W,2.4,33.6,A,DoorSpread,DoorMaster,5.880000,D,S,81609.000000
Sun Aug 03 16:25:52 2025,03-Aug-2025,192600,47 17.072700 N,063 44.324000 W,2.2,33.7,A,DoorSpread,DoorMaster,5.880000,D,S,81609.000000
Sun Aug 03 16:25:52 2025,03-Aug-2025,192601,47 17.073100 N,063 44.323700 W,2.2,33.7,A,DoorSpread,DoorMaster,5.880000,D,S,81609.000000
Sun Aug 03 16:25:57 2025,03-Aug-2025,192602,47 17.073500 N,063 44.323300 W,2.2,34.2,A,DoorSpread,DoorMaster,6.025000,D,P,58008.000000
Sun Aug 03 16:25:57 2025,03-Aug-2025,192603,47 17.073900 N,063 44.322700 W,2.2,34.8,A,DoorSpread,DoorMaster,6.025000,D,P,58008.000000
Sun Aug 03 16:25:57 2025,03-Aug-2025,192604,47 17.074300 N,063 44.322200 W,2.2,35.2,A,DoorSpread,DoorMaster,6.025000,D,P,58008.000000
Sun Aug 03 16:25:57 2025,03-Aug-2025,192605,47 17.074700 N,063 44.321900 W,2.1,35.3,A,DoorSpread,DoorMaster,6.025000,D,P,58008.000000
Sun Aug 03 16:25:57 2025,03-Aug-2025,192606,47 17.075200 N,063 44.321400 W,2.1,35.0,A,DoorSpread,DoorMaster,6.025000,D,P,58008.000000
Sun Aug 03 16:25:57 2025,03-Aug-2025,192607,47 17.075600 N,063 44.320900 W,2.1,35.1,A,DoorSpread,DoorMaster,6.025000,D,P,58008.000000
Sun Aug 03 16:26:03 2025,03-Aug-2025,192608,47 17.076100 N,063 44.320200 W,2.1,35.7,A,DoorSpread,DoorMaster,6.010000,D,S,313395.000000
Sun Aug 03 16:26:03 2025,03-Aug-2025,192609,47 17.076500 N,063 44.319600 W,2.0,36.1,A,DoorSpread,DoorMaster,6.010000,D,S,313395.000000
Sun Aug 03 16:26:03 2025,03-Aug-2025,192610,47 17.076900 N,063 44.319200 W,2.0,36.3,A,DoorSpread,DoorMaster,6.010000,D,S,313395.000000
Sun Aug 03 16:26:03 2025,03-Aug-2025,192611,47 17.077300 N,063 44.318800 W,2.0,36.4,A,DoorSpread,DoorMaster,6.010000,D,S,313395.000000
Sun Aug 03 16:26:03 2025,03-Aug-2025,192612,47 17.077700 N,063 44.318300 W,2.0,37.2,A,DoorSpread,DoorMaster,6.010000,D,S,313395.000000
Sun Aug 03 16:26:09 2025,03-Aug-2025,192613,47 17.078100 N,063 44.317700 W,1.9,37.8,A,DoorSpread,DoorMaster,6.095000,D,S,184148.000000
Sun Aug 03 16:26:09 2025,03-Aug-2025,192614,47 17.078600 N,063 44.317400 W,2.0,37.1,A,DoorSpread,DoorMaster,6.095000,D,S,184148.000000
Sun Aug 03 16:26:09 2025,03-Aug-2025,192615,47 17.079100 N,063 44.317200 W,1.9,36.3,A,DoorSpread,DoorMaster,6.095000,D,S,184148.000000
Sun Aug 03 16:26:09 2025,03-Aug-2025,192616,47 17.079600 N,063 44.316800 W,1.9,35.8,A,DoorSpread,DoorMaster,6.095000,D,S,184148.000000
Sun Aug 03 16:26:09 2025,03-Aug-2025,192617,47 17.079900 N,063 44.316300 W,1.9,35.7,A,DoorSpread,DoorMaster,6.095000,D,S,184148.000000
Sun Aug 03 16:26:09 2025,03-Aug-2025,192618,47 17.080300 N,063 44.315800 W,1.9,35.6,A,DoorSpread,DoorMaster,6.095000,D,S,184148.000000
Sun Aug 03 16:26:14 2025,03-Aug-2025,192619,47 17.080900 N,063 44.315300 W,1.9,35.2,A,DoorSpread,DoorMaster,5.880000,D,S,171697.000000
Sun Aug 03 16:26:14 2025,03-Aug-2025,192620,47 17.081400 N,063 44.314800 W,1.9,34.9,A,DoorSpread,DoorMaster,5.880000,D,S,171697.000000
Sun Aug 03 16:26:14 2025,03-Aug-2025,192621,47 17.081800 N,063 44.314200 W,2.0,35.2,A,DoorSpread,DoorMaster,5.880000,D,S,171697.000000
Sun Aug 03 16:26:14 2025,03-Aug-2025,192622,47 17.082200 N,063 44.313600 W,2.0,35.5,A,DoorSpread,DoorMaster,5.880000,D,S,171697.000000
Sun Aug 03 16:26:14 2025,03-Aug-2025,192623,47 17.082600 N,063 44.313100 W,1.9,35.7,A,DoorSpread,DoorMaster,5.880000,D,S,171697.000000
Sun Aug 03 16:26:20 2025,03-Aug-2025,192624,47 17.083000 N,063 44.312600 W,2.0,35.6,A,DoorSpread,DoorMaster,5.790000,D,S,385581.000000
Sun Aug 03 16:26:20 2025,03-Aug-2025,192625,47 17.083400 N,063 44.312000 W,2.0,36.0,A,DoorSpread,DoorMaster,5.790000,D,S,385581.000000
Sun Aug 03 16:26:20 2025,03-Aug-2025,192626,47 17.083800 N,063 44.311400 W,2.1,36.3,A,DoorSpread,DoorMaster,5.790000,D,S,385581.000000
Sun Aug 03 16:26:20 2025,03-Aug-2025,192627,47 17.084200 N,063 44.310900 W,2.1,36.6,A,DoorSpread,DoorMaster,5.790000,D,S,385581.000000
Sun Aug 03 16:26:20 2025,03-Aug-2025,192628,47 17.084500 N,063 44.310300 W,2.1,36.7,A,DoorSpread,DoorMaster,5.790000,D,S,385581.000000
Sun Aug 03 16:26:20 2025,03-Aug-2025,192629,47 17.084900 N,063 44.309900 W,2.1,36.5,A,DoorSpread,DoorMaster,5.790000,D,S,385581.000000
Sun Aug 03 16:26:25 2025,03-Aug-2025,192630,47 17.085400 N,063 44.309300 W,2.2,36.3,A,DoorSpread,DoorMaster,5.725000,D,S,248348.000000
Sun Aug 03 16:26:25 2025,03-Aug-2025,192631,47 17.086000 N,063 44.308600 W,2.3,36.3,A,DoorSpread,DoorMaster,5.725000,D,S,248348.000000
Sun Aug 03 16:26:25 2025,03-Aug-2025,192632,47 17.086400 N,063 44.308000 W,2.3,36.6,A,DoorSpread,DoorMaster,5.725000,D,S,248348.000000
Sun Aug 03 16:26:25 2025,03-Aug-2025,192633,47 17.086800 N,063 44.307500 W,2.3,36.7,A,DoorSpread,DoorMaster,5.725000,D,S,248348.000000
Sun Aug 03 16:26:25 2025,03-Aug-2025,192634,47 17.087200 N,063 44.307100 W,2.3,36.5,A,DoorSpread,DoorMaster,5.725000,D,S,248348.000000
Sun Aug 03 16:26:31 2025,03-Aug-2025,192635,47 17.087700 N,063 44.306600 W,2.3,36.1,A,DoorSpread,DoorMaster,5.495000,D,S,93693.000000
Sun Aug 03 16:26:31 2025,03-Aug-2025,192636,47 17.088200 N,063 44.306000 W,2.3,36.2,A,DoorSpread,DoorMaster,5.495000,D,S,93693.000000
Sun Aug 03 16:26:31 2025,03-Aug-2025,192637,47 17.088800 N,063 44.305300 W,2.4,36.8,A,DoorSpread,DoorMaster,5.495000,D,S,93693.000000
Sun Aug 03 16:26:31 2025,03-Aug-2025,192638,47 17.089300 N,063 44.304900 W,2.4,36.7,A,DoorSpread,DoorMaster,5.495000,D,S,93693.000000
Sun Aug 03 16:26:31 2025,03-Aug-2025,192639,47 17.089800 N,063 44.304600 W,2.4,36.3,A,DoorSpread,DoorMaster,5.495000,D,S,93693.000000
Sun Aug 03 16:26:31 2025,03-Aug-2025,192640,47 17.090300 N,063 44.304200 W,2.4,36.2,A,DoorSpread,DoorMaster,5.495000,D,S,93693.000000
Sun Aug 03 16:26:36 2025,03-Aug-2025,192641,47 17.090800 N,063 44.303700 W,2.4,36.4,A,DoorSpread,DoorMaster,4.840000,D,S,381440.000000
Sun Aug 03 16:26:36 2025,03-Aug-2025,192642,47 17.091100 N,063 44.303100 W,2.4,36.7,A,DoorSpread,DoorMaster,4.840000,D,S,381440.000000
Sun Aug 03 16:26:36 2025,03-Aug-2025,192643,47 17.091600 N,063 44.302500 W,2.5,36.8,A,DoorSpread,DoorMaster,4.840000,D,S,381440.000000
Sun Aug 03 16:26:36 2025,03-Aug-2025,192644,47 17.092000 N,063 44.302000 W,2.4,36.8,A,DoorSpread,DoorMaster,4.840000,D,S,381440.000000
Sun Aug 03 16:26:36 2025,03-Aug-2025,192645,47 17.092300 N,063 44.301500 W,2.3,36.9,A,DoorSpread,DoorMaster,4.840000,D,S,381440.000000
Sun Aug 03 16:26:42 2025,03-Aug-2025,192646,47 17.092600 N,063 44.301000 W,2.3,37.3,A,DoorSpread,DoorMaster,4.955000,D,S,90993.000000
Sun Aug 03 16:26:42 2025,03-Aug-2025,192647,47 17.093100 N,063 44.300300 W,2.3,37.8,A,DoorSpread,DoorMaster,4.955000,D,S,90993.000000
Sun Aug 03 16:26:42 2025,03-Aug-2025,192648,47 17.093600 N,063 44.299600 W,2.3,38.0,A,DoorSpread,DoorMaster,4.955000,D,S,90993.000000
Sun Aug 03 16:26:42 2025,03-Aug-2025,192649,47 17.094200 N,063 44.299000 W,2.3,38.2,A,DoorSpread,DoorMaster,4.955000,D,S,90993.000000
Sun Aug 03 16:26:42 2025,03-Aug-2025,192650,47 17.094600 N,063 44.298600 W,2.1,38.3,A,DoorSpread,DoorMaster,4.955000,D,S,90993.000000
Sun Aug 03 16:26:42 2025,03-Aug-2025,192651,47 17.094900 N,063 44.298100 W,2.1,38.4,A,DoorSpread,DoorMaster,4.955000,D,S,90993.000000
Sun Aug 03 16:26:47 2025,03-Aug-2025,192652,47 17.095400 N,063 44.297500 W,2.2,38.5,A,DoorSpread,DoorMaster,4.660000,D,P,125630.000000
Sun Aug 03 16:26:47 2025,03-Aug-2025,192653,47 17.095800 N,063 44.296900 W,2.1,38.6,A,DoorSpread,DoorMaster,4.660000,D,P,125630.000000
Sun Aug 03 16:26:47 2025,03-Aug-2025,192654,47 17.096300 N,063 44.296400 W,2.1,38.5,A,DoorSpread,DoorMaster,4.660000,D,P,125630.000000
Sun Aug 03 16:26:47 2025,03-Aug-2025,192655,47 17.096900 N,063 44.295700 W,2.2,38.8,A,DoorSpread,DoorMaster,4.660000,D,P,125630.000000
Sun Aug 03 16:26:47 2025,03-Aug-2025,192656,47 17.097400 N,063 44.295000 W,2.2,39.0,A,DoorSpread,DoorMaster,4.660000,D,P,125630.000000
Sun Aug 03 16:26:53 2025,03-Aug-2025,192657,47 17.097800 N,063 44.294500 W,2.1,39.1,A,DoorSpread,DoorMaster,4.680000,D,S,351608.000000
Sun Aug 03 16:26:53 2025,03-Aug-2025,192658,47 17.098400 N,063 44.294000 W,2.2,39.0,A,DoorSpread,DoorMaster,4.680000,D,S,351608.000000
Sun Aug 03 16:26:53 2025,03-Aug-2025,192659,47 17.098900 N,063 44.293300 W,2.2,39.1,A,DoorSpread,DoorMaster,4.680000,D,S,351608.000000
Sun Aug 03 16:26:53 2025,03-Aug-2025,192700,47 17.099400 N,063 44.292700 W,2.2,39.1,A,DoorSpread,DoorMaster,4.680000,D,S,351608.000000
Sun Aug 03 16:26:53 2025,03-Aug-2025,192701,47 17.099900 N,063 44.292200 W,2.1,39.0,A,DoorSpread,DoorMaster,4.680000,D,S,351608.000000
Sun Aug 03 16:26:53 2025,03-Aug-2025,192702,47 17.100300 N,063 44.291700 W,2.2,38.9,A,DoorSpread,DoorMaster,4.680000,D,S,351608.000000
Sun Aug 03 16:26:58 2025,03-Aug-2025,192703,47 17.100800 N,063 44.290900 W,2.3,39.3,A,DoorSpread,DoorMaster,4.495000,D,P,234238.000000
Sun Aug 03 16:26:58 2025,03-Aug-2025,192704,47 17.101400 N,063 44.290100 W,2.3,39.4,A,DoorSpread,DoorMaster,4.495000,D,P,234238.000000
Sun Aug 03 16:26:58 2025,03-Aug-2025,192705,47 17.101900 N,063 44.289500 W,2.2,39.4,A,DoorSpread,DoorMaster,4.495000,D,P,234238.000000
Sun Aug 03 16:26:58 2025,03-Aug-2025,192706,47 17.102300 N,063 44.289000 W,2.2,39.7,A,DoorSpread,DoorMaster,4.495000,D,P,234238.000000
Sun Aug 03 16:26:58 2025,03-Aug-2025,192707,47 17.102700 N,063 44.288200 W,2.2,40.5,A,DoorSpread,DoorMaster,4.495000,D,P,234238.000000
Sun Aug 03 16:27:03 2025,03-Aug-2025,192708,47 17.103100 N,063 44.287200 W,2.3,41.4,A,DoorSpread,DoorMaster,3.960000,D,P,153458.000000
Sun Aug 03 16:27:03 2025,03-Aug-2025,192709,47 17.103600 N,063 44.286300 W,2.3,42.0,A,DoorSpread,DoorMaster,3.960000,D,P,153458.000000
Sun Aug 03 16:27:03 2025,03-Aug-2025,192710,47 17.104000 N,063 44.285600 W,2.2,42.2,A,DoorSpread,DoorMaster,3.960000,D,P,153458.000000
Sun Aug 03 16:27:03 2025,03-Aug-2025,192711,47 17.104400 N,063 44.285000 W,2.2,42.6,A,DoorSpread,DoorMaster,3.960000,D,P,153458.000000
Sun Aug 03 16:27:03 2025,03-Aug-2025,192712,47 17.104900 N,063 44.284200 W,2.3,42.9,A,DoorSpread,DoorMaster,3.960000,D,P,153458.000000
Sun Aug 03 16:27:03 2025,03-Aug-2025,192713,47 17.105500 N,063 44.283400 W,2.3,42.9,A,DoorSpread,DoorMaster,3.960000,D,P,153458.000000
Sun Aug 03 16:27:09 2025,03-Aug-2025,192714,47 17.106100 N,063 44.282900 W,2.2,42.6,A,DoorSpread,DoorMaster,3.945000,D,S,551225.000000
Sun Aug 03 16:27:09 2025,03-Aug-2025,192715,47 17.106500 N,063 44.282400 W,2.1,42.5,A,DoorSpread,DoorMaster,3.945000,D,S,551225.000000
Sun Aug 03 16:27:09 2025,03-Aug-2025,192716,47 17.106900 N,063 44.281600 W,2.2,42.7,A,DoorSpread,DoorMaster,3.945000,D,S,551225.000000
Sun Aug 03 16:27:09 2025,03-Aug-2025,192717,47 17.107300 N,063 44.280700 W,2.3,42.7,A,DoorSpread,DoorMaster,3.945000,D,S,551225.000000
Sun Aug 03 16:27:09 2025,03-Aug-2025,192718,47 17.107700 N,063 44.279900 W,2.2,42.8,A,DoorSpread,DoorMaster,3.945000,D,S,551225.000000
Sun Aug 03 16:27:14 2025,03-Aug-2025,192719,47 17.108000 N,063 44.279400 W,2.1,42.8,A,DoorSpread,DoorMaster,3.700000,D,S,91790.000000
Sun Aug 03 16:27:14 2025,03-Aug-2025,192720,47 17.108300 N,063 44.278900 W,2.0,42.9,A,DoorSpread,DoorMaster,3.700000,D,S,91790.000000
Sun Aug 03 16:27:14 2025,03-Aug-2025,192721,47 17.108500 N,063 44.278300 W,2.0,43.3,A,DoorSpread,DoorMaster,3.700000,D,S,91790.000000
Sun Aug 03 16:27:14 2025,03-Aug-2025,192722,47 17.108800 N,063 44.277600 W,2.0,43.7,A,DoorSpread,DoorMaster,3.700000,D,S,91790.000000
Sun Aug 03 16:27:14 2025,03-Aug-2025,192723,47 17.109300 N,063 44.277100 W,2.0,43.4,A,DoorSpread,DoorMaster,3.700000,D,S,91790.000000
