Ship Number,Trip Number,Tow Number
Avalon Voyager,3,9
Comments
"Zone 12"
CPU Date and Time,GPS Date,GPS Time,Latitude,Longitude,Speed,Heading,Validity,Transducer Name,Sensor Name,Sensor Value,Error Code,Hydrophone,Signal Strength
,31-Aug-2025,180507,47 29.112900 N,063 36.195000 W,3.2,141.6,A,,,,,,
,31-Aug-2025,180508,47 29.112200 N,063 36.194300 W,3.2,141.5,A,,,,,,
,31-Aug-2025,180509,47 29.111500 N,063 36.193400 W,3.2,141.4,A,,,,,,
Sun Aug 31 15:05:05 2025,31-Aug-2025,180510,47 29.110700 N,063 36.192500 W,3.2,141.4,A,Primary,Headline,3.367347,D,S,74038.000000
Sun Aug 31 15:05:05 2025,31-Aug-2025,180511,47 29.110000 N,063 36.191700 W,3.2,141.4,A,Primary,Headline,3.367347,D,S,74038.000000
Sun Aug 31 15:05:05 2025,31-Aug-2025,180512,47 29.109400 N,063 36.190800 W,3.2,141.1,A,Primary,Headline,3.367347,D,S,74038.000000
Sun Aug 31 15:05:05 2025,31-Aug-2025,180513,47 29.108700 N,063 36.189900 W,3.2,141.4,A,Primary,Headline,3.367347,D,S,74038.000000
Sun Aug 31 15:05:05 2025,31-Aug-2025,180514,47 29.107900 N,063 36.189100 W,3.2,141.7,A,Primary,Headline,3.367347,D,S,74038.000000
Sun Aug 31 15:05:10 2025,31-Aug-2025,180515,47 29.107200 N,063 36.188200 W,3.2,141.3,A,Primary,Headline,3.795918,D,P,154406.000000
Sun Aug 31 15:05:10 2025,31-Aug-2025,180516,47 29.106500 N,063 36.187500 W,3.1,141.5,A,Primary,Headline,3.795918,D,P,154406.000000
Sun Aug 31 15:05:10 2025,31-Aug-2025,180517,47 29.105800 N,063 36.186900 W,3.2,141.4,A,Primary,Headline,3.795918,D,P,154406.000000
Sun Aug 31 15:05:10 2025,31-Aug-2025,180518,47 29.105100 N,063 36.186200 W,3.2,140.8,A,Primary,Headline,3.795918,D,P,154406.000000
Sun Aug 31 15:05:13 2025,31-Aug-2025,180519,47 29.104400 N,063 36.185500 W,3.2,140.6,A,Depth,Depth,6.944444,D,S,143046.000000
Sun Aug 31 15:05:15 2025,31-Aug-2025,180520,47 29.103600 N,063 36.184800 W,3.2,140.9,A,Primary,Headline,5.163265,D,S,197836.000000
Sun Aug 31 15:05:15 2025,31-Aug-2025,180521,47 29.102900 N,063 36.184000 W,3.2,140.8,A,Primary,Headline,5.163265,D,S,197836.000000
Sun Aug 31 15:05:15 2025,31-Aug-2025,180522,47 29.102200 N,063 36.183200 W,3.2,140.8,A,Primary,Headline,5.163265,D,S,197836.000000
Sun Aug 31 15:05:15 2025,31-Aug-2025,180523,47 29.101500 N,063 36.182500 W,3.2,141.1,A,Primary,Headline,5.163265,D,S,197836.000000
Sun Aug 31 15:05:15 2025,31-Aug-2025,180524,47 29.100900 N,063 36.181600 W,3.2,141.2,A,Primary,Headline,5.163265,D,S,197836.000000
Sun Aug 31 15:05:20 2025,31-Aug-2025,180525,47 29.100300 N,063 36.180800 W,3.2,140.7,A,Primary,Headline,5.632653,D,S,173813.000000
Sun Aug 31 15:05:20 2025,31-Aug-2025,180526,47 29.099700 N,063 36.180000 W,3.1,140.3,A,Depth,Depth,8.425926,D,P,54754.000000
Sun Aug 31 15:05:20 2025,31-Aug-2025,180527,47 29.099100 N,063 36.179200 W,3.1,140.4,A,Depth,Depth,8.425926,D,P,54754.000000
Sun Aug 31 15:05:20 2025,31-Aug-2025,180528,47 29.098500 N,063 36.178600 W,3.2,140.2,A,Depth,Depth,8.425926,D,P,54754.000000
Sun Aug 31 15:05:20 2025,31-Aug-2025,180529,47 29.097900 N,063 36.177900 W,3.2,140.1,A,Depth,Depth,8.425926,D,P,54754.000000
Sun Aug 31 15:05:20 2025,31-Aug-2025,180530,47 29.097300 N,063 36.177200 W,3.1,140.2,A,Depth,Depth,8.425926,D,P,54754.000000
Sun Aug 31 15:05:25 2025,31-Aug-2025,180531,47 29.096700 N,063 36.176500 W,3.2,140.1,A,Primary,Headline,7.367347,D,S,206837.000000
Sun Aug 31 15:05:25 2025,31-Aug-2025,180532,47 29.096000 N,063 36.175800 W,3.2,140.1,A,Primary,Headline,7.367347,D,S,206837.000000
Sun Aug 31 15:05:27 2025,31-Aug-2025,180533,47 29.095400 N,063 36.175100 W,3.1,139.8,A,Depth,Depth,9.722222,D,S,169146.000000
Sun Aug 31 15:05:27 2025,31-Aug-2025,180534,47 29.094900 N,063 36.174300 W,3.1,139.5,A,Depth,Depth,9.722222,D,S,169146.000000
Sun Aug 31 15:05:27 2025,31-Aug-2025,180535,47 29.094300 N,063 36.173600 W,3.1,139.8,A,Depth,Depth,9.722222,D,S,169146.000000
Sun Aug 31 15:05:30 2025,31-Aug-2025,180536,47 29.093700 N,063 36.172900 W,3.1,139.9,A,Primary,Headline,6.571429,D,P,56581.000000
Sun Aug 31 15:05:30 2025,31-Aug-2025,180537,47 29.093200 N,063 36.172200 W,3.1,139.6,A,Primary,Headline,6.571429,D,P,56581.000000
Sun Aug 31 15:05:30 2025,31-Aug-2025,180538,47 29.092700 N,063 36.171500 W,3.1,139.5,A,Primary,Headline,6.571429,D,P,56581.000000
Sun Aug 31 15:05:30 2025,31-Aug-2025,180539,47 29.092100 N,063 36.170800 W,3.1,139.5,A,Primary,Headline,6.571429,D,P,56581.000000
Sun Aug 31 15:05:34 2025,31-Aug-2025,180540,47 29.091500 N,063 36.170000 W,3.1,139.5,A,Depth,Depth,10.740741,D,P,45641.000000
Sun Aug 31 15:05:35 2025,31-Aug-2025,180541,47 29.091000 N,063 36.169300 W,3.1,139.4,A,Primary,Headline,8.755102,D,P,70607.000000
Sun Aug 31 15:05:35 2025,31-Aug-2025,180542,47 29.090400 N,063 36.168600 W,3.1,139.7,A,Primary,Headline,8.755102,D,P,70607.000000
Sun Aug 31 15:05:35 2025,31-Aug-2025,180543,47 29.089900 N,063 36.167900 W,3.1,139.8,A,Primary,Headline,8.755102,D,P,70607.000000
Sun Aug 31 15:05:35 2025,31-Aug-2025,180544,47 29.089300 N,063 36.167100 W,3.0,139.4,A,Primary,Headline,8.755102,D,P,70607.000000
Sun Aug 31 15:05:35 2025,31-Aug-2025,180545,47 29.088700 N,063 36.166300 W,3.0,139.3,A,Primary,Headline,8.755102,D,P,70607.000000
Sun Aug 31 15:05:40 2025,31-Aug-2025,180546,47 29.088100 N,063 36.165500 W,3.0,139.0,A,Primary,Headline,9.183673,D,S,71262.000000
Sun Aug 31 15:05:41 2025,31-Aug-2025,180547,47 29.087500 N,063 36.164700 W,3.0,138.8,A,Depth,Depth,13.518519,D,S,47241.000000
Sun Aug 31 15:05:41 2025,31-Aug-2025,180548,47 29.086700 N,063 36.163900 W,3.0,139.2,A,Depth,Depth,13.518519,D,S,47241.000000
Sun Aug 31 15:05:41 2025,31-Aug-2025,180549,47 29.085900 N,063 36.163100 W,3.1,139.1,A,Depth,Depth,13.518519,D,S,47241.000000
Sun Aug 31 15:05:41 2025,31-Aug-2025,180550,47 29.085100 N,063 36.162200 W,3.2,138.8,A,Depth,Depth,13.518519,D,S,47241.000000
Sun Aug 31 15:05:45 2025,31-Aug-2025,180551,47 29.084200 N,063 36.161100 W,3.3,138.7,A,Primary,Headline,9.306122,D,S,101086.000000
Sun Aug 31 15:05:45 2025,31-Aug-2025,180552,47 29.083200 N,063 36.159900 W,3.5,138.4,A,Primary,Headline,9.306122,D,S,101086.000000
Sun Aug 31 15:05:45 2025,31-Aug-2025,180553,47 29.082100 N,063 36.158600 W,3.7,138.2,A,Primary,Headline,9.306122,D,S,101086.000000
Sun Aug 31 15:05:48 2025,31-Aug-2025,180554,47 29.081100 N,063 36.157400 W,3.9,137.9,A,Depth,Depth,11.296296,D,S,197381.000000
Sun Aug 31 15:05:48 2025,31-Aug-2025,180555,47 29.080100 N,063 36.156100 W,4.0,137.5,A,Depth,Depth,11.296296,D,S,197381.000000
Sun Aug 31 15:05:51 2025,31-Aug-2025,180556,47 29.079000 N,063 36.154700 W,4.2,137.1,A,Primary,Headline,10.000000,D,S,85721.000000
Sun Aug 31 15:05:51 2025,31-Aug-2025,180557,47 29.077900 N,063 36.153100 W,4.4,137.1,A,Primary,Headline,10.000000,D,S,85721.000000
Sun Aug 31 15:05:51 2025,31-Aug-2025,180558,47 29.076800 N,063 36.151600 W,4.5,137.4,A,Primary,Headline,10.000000,D,S,85721.000000
Sun Aug 31 15:05:51 2025,31-Aug-2025,180559,47 29.075800 N,063 36.150000 W,4.7,137.1,A,Primary,Headline,10.000000,D,S,85721.000000
Sun Aug 31 15:05:51 2025,31-Aug-2025,180600,47 29.074700 N,063 36.148300 W,4.8,136.8,A,Primary,Headline,10.000000,D,S,85721.000000
Sun Aug 31 15:05:55 2025,31-Aug-2025,180601,47 29.073700 N,063 36.146600 W,4.9,136.4,A,Depth,Depth,18.796296,D,S,22189.000000
Sun Aug 31 15:05:56 2025,31-Aug-2025,180602,47 29.072500 N,063 36.144800 W,5.0,136.2,A,Primary,Headline,9.591837,D,S,54764.000000
Sun Aug 31 15:05:56 2025,31-Aug-2025,180603,47 29.071300 N,063 36.143200 W,5.1,136.6,A,Primary,Headline,9.591837,D,S,54764.000000
Sun Aug 31 15:05:56 2025,31-Aug-2025,180604,47 29.070200 N,063 36.141500 W,5.2,136.9,A,Primary,Headline,9.591837,D,S,54764.000000
Sun Aug 31 15:05:56 2025,31-Aug-2025,180605,47 29.069100 N,063 36.140000 W,5.2,136.9,A,Primary,Headline,9.591837,D,S,54764.000000
Sun Aug 31 15:06:01 2025,31-Aug-2025,180606,47 29.068000 N,063 36.138400 W,5.3,136.8,A,Primary,Headline,10.204082,D,S,150010.000000
Sun Aug 31 15:06:01 2025,31-Aug-2025,180607,47 29.067000 N,063 36.136800 W,5.3,136.7,A,Primary,Headline,10.204082,D,S,150010.000000
Sun Aug 31 15:06:02 2025,31-Aug-2025,180608,47 29.065900 N,063 36.135100 W,5.4,136.7,A,Depth,Depth,11.759259,D,S,84481.000000
Sun Aug 31 15:06:02 2025,31-Aug-2025,180609,47 29.064700 N,063 36.133500 W,5.4,137.0,A,Depth,Depth,11.759259,D,S,84481.000000
Sun Aug 31 15:06:02 2025,31-Aug-2025,180610,47 29.063500 N,063 36.131900 W,5.5,137.1,A,Depth,Depth,11.759259,D,S,84481.000000
Sun Aug 31 15:06:02 2025,31-Aug-2025,180611,47 29.062300 N,063 36.130300 W,5.5,137.1,A,Depth,Depth,11.759259,D,S,84481.000000
Sun Aug 31 15:06:06 2025,31-Aug-2025,180612,47 29.061100 N,063 36.128800 W,5.5,137.1,A,Primary,Headline,9.857143,D,S,146957.000000
Sun Aug 31 15:06:06 2025,31-Aug-2025,180613,47 29.059900 N,063 36.127200 W,5.5,137.0,A,Primary,Headline,9.857143,D,S,146957.000000
Sun Aug 31 15:06:06 2025,31-Aug-2025,180614,47 29.058700 N,063 36.125700 W,5.5,137.0,A,Primary,Headline,9.857143,D,S,146957.000000
Sun Aug 31 15:06:09 2025,31-Aug-2025,180615,47 29.057600 N,063 36.124400 W,5.5,137.3,A,Depth,Depth,10.370370,D,S,125559.000000
Sun Aug 31 15:06:09 2025,31-Aug-2025,180616,47 29.056400 N,063 36.123000 W,5.6,137.6,A,Depth,Depth,10.370370,D,S,125559.000000
Sun Aug 31 15:06:11 2025,31-Aug-2025,180617,47 29.055200 N,063 36.121700 W,5.6,137.5,A,Primary,Headline,9.918367,D,S,161077.000000
Sun Aug 31 15:06:11 2025,31-Aug-2025,180618,47 29.054100 N,063 36.120300 W,5.5,137.3,A,Primary,Headline,9.918367,D,S,161077.000000
Sun Aug 31 15:06:11 2025,31-Aug-2025,180619,47 29.053000 N,063 36.118800 W,5.5,137.3,A,Primary,Headline,9.918367,D,S,161077.000000
Sun Aug 31 15:06:11 2025,31-Aug-2025,180620,47 29.051800 N,063 36.117200 W,5.5,137.3,A,Primary,Headline,9.918367,D,S,161077.000000
Sun Aug 31 15:06:11 2025,31-Aug-2025,180621,47 29.050600 N,063 36.115700 W,5.5,137.5,A,Primary,Headline,9.918367,D,S,161077.000000
Sun Aug 31 15:06:16 2025,31-Aug-2025,180622,47 29.049400 N,063 36.114100 W,5.5,137.8,A,Primary,Headline,10.224490,D,S,126513.000000
Sun Aug 31 15:06:16 2025,31-Aug-2025,180623,47 29.048200 N,063 36.112500 W,5.5,138.1,A,Primary,Headline,10.224490,D,S,126513.000000
Sun Aug 31 15:06:16 2025,31-Aug-2025,180624,47 29.047100 N,063 36.110800 W,5.5,137.9,A,Primary,Headline,10.224490,D,S,126513.000000
Sun Aug 31 15:06:16 2025,31-Aug-2025,180625,47 29.045900 N,063 36.109200 W,5.5,137.4,A,Primary,Headline,10.224490,D,S,126513.000000
Sun Aug 31 15:06:16 2025,31-Aug-2025,180626,47 29.044900 N,063 36.107600 W,5.4,137.4,A,Primary,Headline,10.224490,D,S,126513.000000
Sun Aug 31 15:06:22 2025,31-Aug-2025,180627,47 29.043800 N,063 36.106100 W,5.5,137.5,A,Primary,Headline,10.612245,D,S,202240.000000
Sun Aug 31 15:06:22 2025,31-Aug-2025,180628,47 29.042700 N,063 36.104600 W,5.5,137.7,A,Primary,Headline,10.612245,D,S,202240.000000
Sun Aug 31 15:06:22 2025,31-Aug-2025,180629,47 29.041600 N,063 36.103200 W,5.4,137.6,A,Primary,Headline,10.612245,D,S,202240.000000
Sun Aug 31 15:06:22 2025,31-Aug-2025,180630,47 29.040500 N,063 36.101700 W,5.4,137.1,A,Primary,Headline,10.612245,D,S,202240.000000
Sun Aug 31 15:06:22 2025,31-Aug-2025,180631,47 29.039500 N,063 36.100300 W,5.4,137.0,A,Primary,Headline,10.612245,D,S,202240.000000
Sun Aug 31 15:06:27 2025,31-Aug-2025,180632,47 29.038500 N,063 36.098700 W,5.4,136.8,A,Primary,Headline,11.000000,D,S,159030.000000
Sun Aug 31 15:06:27 2025,31-Aug-2025,180633,47 29.037400 N,063 36.097400 W,5.4,136.9,A,Primary,Headline,11.000000,D,S,159030.000000
Sun Aug 31 15:06:27 2025,31-Aug-2025,180634,47 29.036300 N,063 36.096100 W,5.3,137.3,A,Primary,Headline,11.000000,D,S,159030.000000
Sun Aug 31 15:06:27 2025,31-Aug-2025,180635,47 29.035300 N,063 36.094800 W,5.3,137.3,A,Primary,Headline,11.000000,D,S,159030.000000
Sun Aug 31 15:06:31 2025,31-Aug-2025,180636,47 29.034300 N,063 36.093400 W,5.3,137.0,A,Depth,Depth,14.351852,D,S,110386.000000
Sun Aug 31 15:06:31 2025,31-Aug-2025,180637,47 29.033200 N,063 36.092000 W,5.3,136.8,A,Depth,Depth,14.351852,D,S,110386.000000
Sun Aug 31 15:06:32 2025,31-Aug-2025,180638,47 29.032200 N,063 36.090700 W,5.3,136.9,A,Primary,Headline,11.510204,D,S,146429.000000
Sun Aug 31 15:06:32 2025,31-Aug-2025,180639,47 29.031000 N,063 36.089200 W,5.3,137.4,A,Primary,Headline,11.510204,D,S,146429.000000
Sun Aug 31 15:06:32 2025,31-Aug-2025,180640,47 29.029800 N,063 36.087800 W,5.3,137.4,A,Primary,Headline,11.510204,D,S,146429.000000
Sun Aug 31 15:06:32 2025,31-Aug-2025,180641,47 29.028700 N,063 36.086300 W,5.2,137.2,A,Primary,Headline,11.510204,D,S,146429.000000
Sun Aug 31 15:06:32 2025,31-Aug-2025,180642,47 29.027500 N,063 36.084700 W,5.2,137.2,A,Primary,Headline,11.510204,D,S,146429.000000
Sun Aug 31 15:06:38 2025,31-Aug-2025,180643,47 29.026400 N,063 36.083200 W,5.2,137.2,A,Depth,Depth,15.648148,D,S,131174.000000
Sun Aug 31 15:06:38 2025,31-Aug-2025,180644,47 29.025300 N,063 36.081700 W,5.2,137.2,A,Depth,Depth,15.648148,D,S,131174.000000
Sun Aug 31 15:06:38 2025,31-Aug-2025,180645,47 29.024100 N,063 36.080300 W,5.2,137.3,A,Depth,Depth,15.648148,D,S,131174.000000
Sun Aug 31 15:06:38 2025,31-Aug-2025,180646,47 29.023000 N,063 36.079000 W,5.2,137.5,A,Depth,Depth,15.648148,D,S,131174.000000
Sun Aug 31 15:06:38 2025,31-Aug-2025,180647,47 29.021900 N,063 36.077700 W,5.2,137.6,A,Depth,Depth,15.648148,D,S,131174.000000
Sun Aug 31 15:06:42 2025,31-Aug-2025,180648,47 29.020800 N,063 36.076300 W,5.2,137.5,A,Primary,Headline,12.448980,D,S,181222.000000
Sun Aug 31 15:06:42 2025,31-Aug-2025,180649,47 29.019800 N,063 36.075000 W,5.2,137.3,A,Primary,Headline,12.448980,D,S,181222.000000
Sun Aug 31 15:06:45 2025,31-Aug-2025,180650,47 29.018700 N,063 36.073600 W,5.2,137.4,A,Depth,Depth,16.111111,D,S,160710.000000
Sun Aug 31 15:06:45 2025,31-Aug-2025,180651,47 29.017700 N,063 36.072100 W,5.2,137.4,A,Depth,Depth,16.111111,D,S,160710.000000
Sun Aug 31 15:06:45 2025,31-Aug-2025,180652,47 29.016800 N,063 36.070700 W,5.1,137.4,A,Depth,Depth,16.111111,D,S,160710.000000
Sun Aug 31 15:06:48 2025,31-Aug-2025,180653,47 29.015800 N,063 36.069300 W,5.1,137.7,A,Primary,Headline,12.653061,D,P,61171.000000
Sun Aug 31 15:06:48 2025,31-Aug-2025,180654,47 29.014800 N,063 36.067800 W,5.1,137.7,A,Primary,Headline,12.653061,D,P,61171.000000
Sun Aug 31 15:06:48 2025,31-Aug-2025,180655,47 29.013800 N,063 36.066300 W,5.1,137.6,A,Primary,Headline,12.653061,D,P,61171.000000
Sun Aug 31 15:06:48 2025,31-Aug-2025,180656,47 29.012700 N,063 36.064900 W,5.1,137.7,A,Primary,Headline,12.653061,D,P,61171.000000
Sun Aug 31 15:06:52 2025,31-Aug-2025,180657,47 29.011700 N,063 36.063600 W,5.1,137.5,A,Depth,Depth,17.777778,D,S,145313.000000
Sun Aug 31 15:06:53 2025,31-Aug-2025,180658,47 29.010700 N,063 36.062200 W,5.1,137.6,A,Primary,Headline,14.122449,D,S,157932.000000
Sun Aug 31 15:06:53 2025,31-Aug-2025,180659,47 29.009700 N,063 36.060800 W,5.1,137.6,A,Primary,Headline,14.122449,D,S,157932.000000
Sun Aug 31 15:06:53 2025,31-Aug-2025,180700,47 29.008600 N,063 36.059400 W,5.1,137.6,A,Primary,Headline,14.122449,D,S,157932.000000
Sun Aug 31 15:06:53 2025,31-Aug-2025,180701,47 29.007500 N,063 36.058000 W,5.1,137.6,A,Primary,Headline,14.122449,D,S,157932.000000
Sun Aug 31 15:06:53 2025,31-Aug-2025,180702,47 29.006400 N,063 36.056600 W,5.1,137.3,A,Primary,Headline,14.122449,D,S,157932.000000
Sun Aug 31 15:06:53 2025,31-Aug-2025,180703,47 29.005300 N,063 36.055200 W,5.1,136.9,A,Primary,Headline,14.122449,D,S,157932.000000
Sun Aug 31 15:06:59 2025,31-Aug-2025,180704,47 29.004300 N,063 36.053800 W,5.1,136.7,A,Depth,Depth,19.259259,D,S,137593.000000
Sun Aug 31 15:06:59 2025,31-Aug-2025,180705,47 29.003300 N,063 36.052400 W,5.1,136.8,A,Depth,Depth,19.259259,D,S,137593.000000
Sun Aug 31 15:06:59 2025,31-Aug-2025,180706,47 29.002200 N,063 36.051000 W,5.1,136.8,A,Depth,Depth,19.259259,D,S,137593.000000
Sun Aug 31 15:06:59 2025,31-Aug-2025,180707,47 29.001100 N,063 36.049500 W,5.1,136.9,A,Depth,Depth,19.259259,D,S,137593.000000
Sun Aug 31 15:06:59 2025,31-Aug-2025,180708,47 29.000000 N,063 36.048000 W,5.1,136.6,A,Depth,Depth,19.259259,D,S,137593.000000
Sun Aug 31 15:07:03 2025,31-Aug-2025,180709,47 28.998900 N,063 36.046600 W,5.1,136.4,A,Primary,Headline,21.612245,D,S,123073.000000
Sun Aug 31 15:07:03 2025,31-Aug-2025,180710,47 28.997800 N,063 36.045200 W,5.1,136.4,A,Primary,Headline,21.612245,D,S,123073.000000
Sun Aug 31 15:07:03 2025,31-Aug-2025,180711,47 28.996700 N,063 36.043700 W,5.1,136.5,A,Primary,Headline,21.612245,D,S,123073.000000
Sun Aug 31 15:07:06 2025,31-Aug-2025,180712,47 28.995700 N,063 36.042300 W,5.1,136.6,A,Depth,Depth,20.555556,D,S,100141.000000
Sun Aug 31 15:07:06 2025,31-Aug-2025,180713,47 28.994700 N,063 36.040900 W,5.1,136.5,A,Depth,Depth,20.555556,D,S,100141.000000
Sun Aug 31 15:07:09 2025,31-Aug-2025,180714,47 28.993700 N,063 36.039400 W,5.0,136.5,A,Primary,Headline,16.897959,D,S,93473.000000
Sun Aug 31 15:07:09 2025,31-Aug-2025,180715,47 28.992800 N,063 36.037800 W,5.1,136.4,A,Primary,Headline,16.897959,D,S,93473.000000
Sun Aug 31 15:07:09 2025,31-Aug-2025,180716,47 28.991800 N,063 36.036400 W,5.0,136.4,A,Primary,Headline,16.897959,D,S,93473.000000
Sun Aug 31 15:07:09 2025,31-Aug-2025,180717,47 28.990800 N,063 36.035000 W,5.0,136.8,A,Primary,Headline,16.897959,D,S,93473.000000
Sun Aug 31 15:07:09 2025,31-Aug-2025,180718,47 28.989700 N,063 36.033600 W,5.0,136.6,A,Primary,Headline,16.897959,D,S,93473.000000
Sun Aug 31 15:07:13 2025,31-Aug-2025,180719,47 28.988800 N,063 36.032200 W,5.0,136.3,A,Depth,Depth,21.388889,D,S,108518.000000
Sun Aug 31 15:07:14 2025,31-Aug-2025,180720,47 28.987800 N,063 36.030800 W,5.0,136.4,A,Primary,Headline,17.673469,D,S,128734.000000
Sun Aug 31 15:07:14 2025,31-Aug-2025,180721,47 28.986800 N,063 36.029300 W,5.0,136.5,A,Primary,Headline,17.673469,D,S,128734.000000
Sun Aug 31 15:07:14 2025,31-Aug-2025,180722,47 28.985900 N,063 36.028000 W,5.0,136.7,A,Primary,Headline,17.673469,D,S,128734.000000
Sun Aug 31 15:07:14 2025,31-Aug-2025,180723,47 28.984900 N,063 36.026600 W,5.0,136.7,A,Primary,Headline,17.673469,D,S,128734.000000
Sun Aug 31 15:07:14 2025,31-Aug-2025,180724,47 28.984000 N,063 36.025200 W,5.0,136.6,A,Primary,Headline,17.673469,D,S,128734.000000
Sun Aug 31 15:07:19 2025,31-Aug-2025,180725,47 28.983100 N,063 36.024000 W,5.0,136.6,A,Primary,Headline,18.979592,D,S,191839.000000
Sun Aug 31 15:07:20 2025,31-Aug-2025,180726,47 28.982000 N,063 36.022700 W,5.0,136.4,A,Depth,Depth,23.055556,D,S,161789.000000
Sun Aug 31 15:07:20 2025,31-Aug-2025,180727,47 28.981100 N,063 36.021400 W,5.0,136.2,A,Depth,Depth,23.055556,D,S,161789.000000
Sun Aug 31 15:07:20 2025,31-Aug-2025,180728,47 28.980100 N,063 36.020100 W,5.0,136.1,A,Depth,Depth,23.055556,D,S,161789.000000
Sun Aug 31 15:07:20 2025,31-Aug-2025,180729,47 28.979200 N,063 36.018700 W,5.0,135.8,A,Depth,Depth,23.055556,D,S,161789.000000
Sun Aug 31 15:07:25 2025,31-Aug-2025,180730,47 28.978100 N,063 36.017300 W,5.0,135.7,A,Primary,Headline,19.734694,D,S,177892.000000
Sun Aug 31 15:07:25 2025,31-Aug-2025,180731,47 28.977100 N,063 36.015900 W,5.0,135.7,A,Primary,Headline,19.734694,D,S,177892.000000
Sun Aug 31 15:07:25 2025,31-Aug-2025,180732,47 28.976100 N,063 36.014400 W,5.0,135.3,A,Primary,Headline,19.734694,D,S,177892.000000
Sun Aug 31 15:07:27 2025,31-Aug-2025,180733,47 28.975100 N,063 36.013000 W,4.9,135.1,A,Depth,Depth,22.685185,D,P,123579.000000
Sun Aug 31 15:07:27 2025,31-Aug-2025,180734,47 28.974100 N,063 36.011500 W,5.0,135.5,A,Depth,Depth,22.685185,D,P,123579.000000
Sun Aug 31 15:07:27 2025,31-Aug-2025,180735,47 28.973100 N,063 36.010100 W,4.9,135.2,A,Depth,Depth,22.685185,D,P,123579.000000
Sun Aug 31 15:07:30 2025,31-Aug-2025,180736,47 28.972200 N,063 36.008500 W,4.9,135.0,A,Primary,Headline,21.510204,D,P,31755.000000
Sun Aug 31 15:07:30 2025,31-Aug-2025,180737,47 28.971200 N,063 36.007100 W,4.9,135.0,A,Primary,Headline,21.510204,D,P,31755.000000
Sun Aug 31 15:07:30 2025,31-Aug-2025,180738,47 28.970300 N,063 36.005700 W,4.9,134.8,A,Primary,Headline,21.510204,D,P,31755.000000
Sun Aug 31 15:07:30 2025,31-Aug-2025,180739,47 28.969400 N,063 36.004300 W,5.0,134.8,A,Primary,Headline,21.510204,D,P,31755.000000
Sun Aug 31 15:07:34 2025,31-Aug-2025,180740,47 28.968500 N,063 36.002900 W,4.9,134.6,A,Depth,Depth,26.388889,D,S,125893.000000
Sun Aug 31 15:07:35 2025,31-Aug-2025,180741,47 28.967700 N,063 36.001400 W,4.9,134.6,A,Primary,Headline,20.734694,D,P,71958.000000
Sun Aug 31 15:07:35 2025,31-Aug-2025,180742,47 28.966800 N,063 35.999800 W,4.9,134.7,A,Primary,Headline,20.734694,D,P,71958.000000
Sun Aug 31 15:07:35 2025,31-Aug-2025,180743,47 28.965900 N,063 35.998300 W,4.9,134.6,A,Primary,Headline,20.734694,D,P,71958.000000
Sun Aug 31 15:07:35 2025,31-Aug-2025,180744,47 28.965100 N,063 35.996700 W,4.9,134.4,A,Primary,Headline,20.734694,D,P,71958.000000
Sun Aug 31 15:07:35 2025,31-Aug-2025,180745,47 28.964200 N,063 35.995200 W,4.9,134.3,A,Primary,Headline,20.734694,D,P,71958.000000
Sun Aug 31 15:07:41 2025,31-Aug-2025,180746,47 28.963300 N,063 35.993700 W,4.9,134.3,A,Primary,Headline,22.816327,D,S,122602.000000
Sun Aug 31 15:07:41 2025,31-Aug-2025,180747,47 28.962400 N,063 35.992100 W,4.9,134.4,A,Depth,Depth,27.592593,D,S,123856.000000
Sun Aug 31 15:07:41 2025,31-Aug-2025,180748,47 28.961300 N,063 35.990500 W,4.9,134.1,A,Depth,Depth,27.592593,D,S,123856.000000
Sun Aug 31 15:07:41 2025,31-Aug-2025,180749,47 28.960400 N,063 35.988900 W,4.9,134.1,A,Depth,Depth,27.592593,D,S,123856.000000
Sun Aug 31 15:07:41 2025,31-Aug-2025,180750,47 28.959400 N,063 35.987400 W,4.9,134.4,A,Depth,Depth,27.592593,D,S,123856.000000
Sun Aug 31 15:07:41 2025,31-Aug-2025,180751,47 28.958400 N,063 35.985800 W,4.9,134.1,A,Depth,Depth,27.592593,D,S,123856.000000
Sun Aug 31 15:07:47 2025,31-Aug-2025,180752,47 28.957400 N,063 35.984500 W,4.9,134.1,A,Primary,Headline,57.918367,D,S,155735.000000
Sun Aug 31 15:07:47 2025,31-Aug-2025,180753,47 28.956500 N,063 35.983100 W,4.9,134.2,A,Primary,Headline,57.918367,D,S,155735.000000
Sun Aug 31 15:07:49 2025,31-Aug-2025,180754,47 28.955500 N,063 35.981700 W,4.9,134.2,A,Depth,Depth,29.629630,D,S,135871.000000
Sun Aug 31 15:07:49 2025,31-Aug-2025,180755,47 28.954500 N,063 35.980400 W,4.9,134.3,A,Depth,Depth,29.629630,D,S,135871.000000
Sun Aug 31 15:07:49 2025,31-Aug-2025,180756,47 28.953600 N,063 35.979100 W,4.9,134.2,A,Depth,Depth,29.629630,D,S,135871.000000
Sun Aug 31 15:07:49 2025,31-Aug-2025,180757,47 28.952700 N,063 35.977700 W,4.9,133.9,A,Depth,Depth,29.629630,D,S,135871.000000
Sun Aug 31 15:07:52 2025,31-Aug-2025,180758,47 28.951700 N,063 35.976300 W,4.9,134.1,A,Primary,Headline,25.081633,D,S,152297.000000
Sun Aug 31 15:07:52 2025,31-Aug-2025,180759,47 28.950800 N,063 35.974900 W,4.9,134.3,A,Primary,Headline,25.081633,D,S,152297.000000
Sun Aug 31 15:07:52 2025,31-Aug-2025,180800,47 28.949700 N,063 35.973500 W,4.9,134.2,A,Primary,Headline,25.081633,D,S,152297.000000
Sun Aug 31 15:07:56 2025,31-Aug-2025,180801,47 28.948800 N,063 35.972000 W,4.9,134.2,A,Depth,Depth,30.370370,D,S,106049.000000
Sun Aug 31 15:07:56 2025,31-Aug-2025,180802,47 28.947900 N,063 35.970700 W,4.9,134.3,A,Depth,Depth,30.370370,D,S,106049.000000
Sun Aug 31 15:07:57 2025,31-Aug-2025,180803,47 28.946900 N,063 35.969300 W,4.9,134.5,A,Primary,Headline,25.551020,D,S,109674.000000
Sun Aug 31 15:07:57 2025,31-Aug-2025,180804,47 28.945900 N,063 35.967900 W,4.9,134.6,A,Primary,Headline,25.551020,D,S,109674.000000
Sun Aug 31 15:07:57 2025,31-Aug-2025,180805,47 28.944900 N,063 35.966500 W,4.9,134.3,A,Primary,Headline,25.551020,D,S,109674.000000
Sun Aug 31 15:07:57 2025,31-Aug-2025,180806,47 28.943900 N,063 35.965100 W,4.9,134.3,A,Primary,Headline,25.551020,D,S,109674.000000
Sun Aug 31 15:07:57 2025,31-Aug-2025,180807,47 28.942800 N,063 35.963600 W,4.9,134.7,A,Primary,Headline,25.551020,D,S,109674.000000
Sun Aug 31 15:08:03 2025,31-Aug-2025,180808,47 28.941800 N,063 35.962300 W,4.9,134.8,A,Depth,Depth,31.944444,D,S,101313.000000
Sun Aug 31 15:08:03 2025,31-Aug-2025,180809,47 28.940700 N,063 35.960900 W,4.9,134.9,A,Depth,Depth,31.944444,D,S,101313.000000
Sun Aug 31 15:08:03 2025,31-Aug-2025,180810,47 28.939800 N,063 35.959600 W,4.9,135.0,A,Depth,Depth,31.944444,D,S,101313.000000
Sun Aug 31 15:08:03 2025,31-Aug-2025,180811,47 28.938800 N,063 35.958300 W,4.9,135.3,A,Depth,Depth,31.944444,D,S,101313.000000
Sun Aug 31 15:08:03 2025,31-Aug-2025,180812,47 28.937800 N,063 35.956800 W,4.9,135.4,A,Depth,Depth,31.944444,D,S,101313.000000
Sun Aug 31 15:08:03 2025,31-Aug-2025,180813,47 28.936900 N,063 35.955300 W,4.9,135.4,A,Depth,Depth,31.944444,D,S,101313.000000
Sun Aug 31 15:08:03 2025,31-Aug-2025,180814,47 28.936000 N,063 35.953900 W,4.9,135.7,A,Depth,Depth,31.944444,D,S,101313.000000
Sun Aug 31 15:08:03 2025,31-Aug-2025,180815,47 28.935000 N,063 35.952300 W,4.9,135.9,A,Depth,Depth,31.944444,D,S,101313.000000
Sun Aug 31 15:08:10 2025,31-Aug-2025,180816,47 28.934000 N,063 35.950800 W,4.9,135.5,A,Depth,Depth,33.425926,D,S,80904.000000
Sun Aug 31 15:08:10 2025,31-Aug-2025,180817,47 28.933000 N,063 35.949300 W,4.9,135.5,A,Depth,Depth,33.425926,D,S,80904.000000
Sun Aug 31 15:08:10 2025,31-Aug-2025,180818,47 28.932000 N,063 35.948100 W,4.9,135.5,A,Depth,Depth,33.425926,D,S,80904.000000
Sun Aug 31 15:08:14 2025,31-Aug-2025,180819,47 28.931000 N,063 35.946800 W,4.9,136.0,A,Primary,Headline,29.510204,D,S,89961.000000
Sun Aug 31 15:08:14 2025,31-Aug-2025,180820,47 28.929900 N,063 35.945500 W,4.9,136.0,A,Primary,Headline,29.510204,D,S,89961.000000
Sun Aug 31 15:08:14 2025,31-Aug-2025,180821,47 28.928900 N,063 35.944200 W,4.8,135.7,A,Primary,Headline,29.510204,D,S,89961.000000
Sun Aug 31 15:08:14 2025,31-Aug-2025,180822,47 28.927900 N,063 35.942900 W,4.8,135.7,A,Primary,Headline,29.510204,D,S,89961.000000
Sun Aug 31 15:08:17 2025,31-Aug-2025,180823,47 28.926900 N,063 35.941600 W,4.8,135.3,A,Depth,Depth,37.037037,D,S,45490.000000
Sun Aug 31 15:08:17 2025,31-Aug-2025,180824,47 28.925900 N,063 35.940100 W,4.9,135.3,A,Depth,Depth,37.037037,D,S,45490.000000
Sun Aug 31 15:08:19 2025,31-Aug-2025,180825,47 28.925000 N,063 35.938700 W,4.8,135.4,A,Primary,Headline,31.204082,D,S,51667.000000
Sun Aug 31 15:08:19 2025,31-Aug-2025,180826,47 28.924100 N,063 35.937300 W,4.9,135.4,A,Primary,Headline,31.204082,D,S,51667.000000
Sun Aug 31 15:08:19 2025,31-Aug-2025,180827,47 28.923200 N,063 35.935800 W,4.9,135.2,A,Primary,Headline,31.204082,D,S,51667.000000
Sun Aug 31 15:08:19 2025,31-Aug-2025,180828,47 28.922300 N,063 35.934500 W,4.8,135.2,A,Primary,Headline,31.204082,D,S,51667.000000
Sun Aug 31 15:08:19 2025,31-Aug-2025,180829,47 28.921400 N,063 35.933100 W,4.8,135.5,A,Primary,Headline,31.204082,D,S,51667.000000
Sun Aug 31 15:08:25 2025,31-Aug-2025,180830,47 28.920500 N,063 35.931800 W,4.8,135.6,A,Primary,Headline,30.020408,D,S,48852.000000
Sun Aug 31 15:08:25 2025,31-Aug-2025,180831,47 28.919600 N,063 35.930400 W,4.9,135.4,A,Primary,Headline,30.020408,D,S,48852.000000
Sun Aug 31 15:08:25 2025,31-Aug-2025,180832,47 28.918700 N,063 35.928900 W,4.8,135.1,A,Primary,Headline,30.020408,D,S,48852.000000
Sun Aug 31 15:08:25 2025,31-Aug-2025,180833,47 28.917800 N,063 35.927500 W,4.8,135.2,A,Primary,Headline,30.020408,D,S,48852.000000
Sun Aug 31 15:08:25 2025,31-Aug-2025,180834,47 28.916800 N,063 35.926100 W,4.8,135.4,A,Primary,Headline,30.020408,D,S,48852.000000
Sun Aug 31 15:08:25 2025,31-Aug-2025,180835,47 28.915900 N,063 35.924800 W,4.9,135.6,A,Primary,Headline,30.020408,D,S,48852.000000
Sun Aug 31 15:08:30 2025,31-Aug-2025,180836,47 28.915000 N,063 35.923400 W,4.9,135.3,A,Primary,Headline,32.265306,D,S,50797.000000
Sun Aug 31 15:08:31 2025,31-Aug-2025,180837,47 28.914200 N,063 35.922000 W,4.8,134.9,A,Depth,Depth,38.981481,D,S,43805.000000
Sun Aug 31 15:08:31 2025,31-Aug-2025,180838,47 28.913300 N,063 35.920700 W,4.9,135.2,A,Depth,Depth,38.981481,D,S,43805.000000
Sun Aug 31 15:08:31 2025,31-Aug-2025,180839,47 28.912300 N,063 35.919300 W,4.9,135.4,A,Depth,Depth,38.981481,D,S,43805.000000
Sun Aug 31 15:08:31 2025,31-Aug-2025,180840,47 28.911300 N,063 35.917800 W,4.9,135.5,A,Depth,Depth,38.981481,D,S,43805.000000
Sun Aug 31 15:08:31 2025,31-Aug-2025,180841,47 28.910400 N,063 35.916300 W,4.9,135.3,A,Depth,Depth,38.981481,D,S,43805.000000
Sun Aug 31 15:08:36 2025,31-Aug-2025,180842,47 28.909300 N,063 35.914700 W,4.9,135.1,A,Primary,Headline,55.714286,D,S,65948.000000
Sun Aug 31 15:08:36 2025,31-Aug-2025,180843,47 28.908300 N,063 35.913100 W,4.9,135.1,A,Primary,Headline,55.714286,D,S,65948.000000
Sun Aug 31 15:08:38 2025,31-Aug-2025,180844,47 28.907200 N,063 35.911600 W,4.9,135.4,A,Depth,Depth,40.648148,D,P,93521.000000
Sun Aug 31 15:08:38 2025,31-Aug-2025,180845,47 28.906100 N,063 35.910200 W,4.9,135.5,A,Depth,Depth,40.648148,D,P,93521.000000
Sun Aug 31 15:08:38 2025,31-Aug-2025,180846,47 28.905100 N,063 35.908800 W,4.9,135.2,A,Depth,Depth,40.648148,D,P,93521.000000
Sun Aug 31 15:08:42 2025,31-Aug-2025,180847,47 28.904200 N,063 35.907500 W,4.9,135.0,A,Primary,Headline,35.102041,D,S,63754.000000
Sun Aug 31 15:08:42 2025,31-Aug-2025,180848,47 28.903200 N,063 35.906200 W,4.9,135.2,A,Primary,Headline,35.102041,D,S,63754.000000
Sun Aug 31 15:08:42 2025,31-Aug-2025,180849,47 28.902200 N,063 35.904800 W,4.9,135.3,A,Primary,Headline,35.102041,D,S,63754.000000
Sun Aug 31 15:08:42 2025,31-Aug-2025,180850,47 28.901200 N,063 35.903400 W,4.9,134.8,A,Primary,Headline,35.102041,D,S,63754.000000
Sun Aug 31 15:08:46 2025,31-Aug-2025,180851,47 28.900300 N,063 35.901900 W,4.9,134.9,A,Depth,Depth,41.481481,D,P,103924.000000
Sun Aug 31 15:08:46 2025,31-Aug-2025,180852,47 28.899400 N,063 35.900400 W,4.9,135.1,A,Depth,Depth,41.481481,D,P,103924.000000
Sun Aug 31 15:08:47 2025,31-Aug-2025,180853,47 28.898400 N,063 35.899000 W,4.9,135.2,A,Primary,Headline,36.142857,D,S,49291.000000
Sun Aug 31 15:08:47 2025,31-Aug-2025,180854,47 28.897400 N,063 35.897600 W,4.9,135.1,A,Primary,Headline,36.142857,D,S,49291.000000
Sun Aug 31 15:08:47 2025,31-Aug-2025,180855,47 28.896500 N,063 35.896000 W,4.9,134.5,A,Primary,Headline,36.142857,D,S,49291.000000
Sun Aug 31 15:08:47 2025,31-Aug-2025,180856,47 28.895600 N,063 35.894500 W,4.9,134.4,A,Primary,Headline,36.142857,D,S,49291.000000
Sun Aug 31 15:08:47 2025,31-Aug-2025,180857,47 28.894700 N,063 35.893100 W,4.9,134.9,A,Primary,Headline,36.142857,D,S,49291.000000
Sun Aug 31 15:08:53 2025,31-Aug-2025,180858,47 28.893700 N,063 35.891600 W,4.9,134.8,A,Depth,Depth,44.537037,D,S,33098.000000
Sun Aug 31 15:08:53 2025,31-Aug-2025,180859,47 28.892700 N,063 35.890200 W,4.9,134.3,A,Primary,Headline,37.755102,D,S,48771.000000
Sun Aug 31 15:08:53 2025,31-Aug-2025,180900,47 28.891800 N,063 35.888800 W,4.8,134.3,A,Primary,Headline,37.755102,D,S,48771.000000
Sun Aug 31 15:08:53 2025,31-Aug-2025,180901,47 28.890900 N,063 35.887400 W,4.8,134.6,A,Primary,Headline,37.755102,D,S,48771.000000
Sun Aug 31 15:08:53 2025,31-Aug-2025,180902,47 28.889900 N,063 35.885900 W,4.9,134.7,A,Primary,Headline,37.755102,D,S,48771.000000
Sun Aug 31 15:08:53 2025,31-Aug-2025,180903,47 28.888900 N,063 35.884400 W,4.8,134.5,A,Primary,Headline,37.755102,D,S,48771.000000
Sun Aug 31 15:08:59 2025,31-Aug-2025,180904,47 28.888000 N,063 35.882900 W,4.8,134.4,A,Primary,Headline,39.122449,D,P,108779.000000
Sun Aug 31 15:08:59 2025,31-Aug-2025,180905,47 28.887100 N,063 35.881400 W,4.8,134.4,A,Primary,Headline,39.122449,D,P,108779.000000
Sun Aug 31 15:09:00 2025,31-Aug-2025,180906,47 28.886200 N,063 35.879900 W,4.9,134.4,A,Depth,Depth,44.166667,D,P,85639.000000
Sun Aug 31 15:09:00 2025,31-Aug-2025,180907,47 28.885400 N,063 35.878300 W,4.8,134.2,A,Depth,Depth,44.166667,D,P,85639.000000
Sun Aug 31 15:09:00 2025,31-Aug-2025,180908,47 28.884500 N,063 35.876800 W,4.8,134.3,A,Depth,Depth,44.166667,D,P,85639.000000
Sun Aug 31 15:09:00 2025,31-Aug-2025,180909,47 28.883500 N,063 35.875300 W,4.8,134.5,A,Depth,Depth,44.166667,D,P,85639.000000
Sun Aug 31 15:09:05 2025,31-Aug-2025,180910,47 28.882600 N,063 35.874000 W,4.9,134.5,A,Primary,Headline,52.367347,D,S,51559.000000
Sun Aug 31 15:09:05 2025,31-Aug-2025,180911,47 28.881600 N,063 35.872600 W,4.8,134.5,A,Primary,Headline,52.367347,D,S,51559.000000
Sun Aug 31 15:09:05 2025,31-Aug-2025,180912,47 28.880600 N,063 35.871300 W,4.8,134.8,A,Primary,Headline,52.367347,D,S,51559.000000
Sun Aug 31 15:09:07 2025,31-Aug-2025,180913,47 28.879600 N,063 35.870000 W,4.8,135.0,A,Depth,Depth,48.425926,D,P,62864.000000
Sun Aug 31 15:09:07 2025,31-Aug-2025,180914,47 28.878600 N,063 35.868700 W,4.8,135.0,A,Depth,Depth,48.425926,D,P,62864.000000
Sun Aug 31 15:09:07 2025,31-Aug-2025,180915,47 28.877600 N,063 35.867400 W,4.8,134.9,A,Depth,Depth,48.425926,D,P,62864.000000
Sun Aug 31 15:09:10 2025,31-Aug-2025,180916,47 28.876600 N,063 35.866100 W,4.8,134.8,A,Primary,Headline,42.102041,D,S,59518.000000
Sun Aug 31 15:09:10 2025,31-Aug-2025,180917,47 28.875700 N,063 35.864700 W,4.8,135.1,A,Primary,Headline,42.102041,D,S,59518.000000
Sun Aug 31 15:09:10 2025,31-Aug-2025,180918,47 28.874700 N,063 35.863400 W,4.8,135.3,A,Primary,Headline,42.102041,D,S,59518.000000
Sun Aug 31 15:09:10 2025,31-Aug-2025,180919,47 28.873800 N,063 35.862000 W,4.8,135.2,A,Primary,Headline,42.102041,D,S,59518.000000
Sun Aug 31 15:09:14 2025,31-Aug-2025,180920,47 28.872800 N,063 35.860500 W,4.8,135.1,A,Depth,Depth,50.277778,D,S,63111.000000
Sun Aug 31 15:09:16 2025,31-Aug-2025,180921,47 28.871900 N,063 35.858900 W,4.8,134.6,A,Primary,Headline,42.693878,D,S,56120.000000
Sun Aug 31 15:09:16 2025,31-Aug-2025,180922,47 28.870900 N,063 35.857500 W,4.8,134.7,A,Primary,Headline,42.693878,D,S,56120.000000
Sun Aug 31 15:09:16 2025,31-Aug-2025,180923,47 28.869900 N,063 35.856200 W,4.8,134.7,A,Primary,Headline,42.693878,D,S,56120.000000
Sun Aug 31 15:09:16 2025,31-Aug-2025,180924,47 28.869000 N,063 35.854800 W,4.8,134.4,A,Primary,Headline,42.693878,D,S,56120.000000
Sun Aug 31 15:09:16 2025,31-Aug-2025,180925,47 28.868100 N,063 35.853500 W,4.8,134.6,A,Primary,Headline,42.693878,D,S,56120.000000
Sun Aug 31 15:09:16 2025,31-Aug-2025,180926,47 28.867000 N,063 35.852100 W,4.8,134.6,A,Primary,Headline,42.693878,D,S,56120.000000
Sun Aug 31 15:09:22 2025,31-Aug-2025,180927,47 28.866000 N,063 35.850700 W,4.8,134.3,A,Depth,Depth,51.851852,D,S,46225.000000
Sun Aug 31 15:09:22 2025,31-Aug-2025,180928,47 28.865000 N,063 35.849300 W,4.8,134.6,A,Depth,Depth,51.851852,D,S,46225.000000
Sun Aug 31 15:09:22 2025,31-Aug-2025,180929,47 28.864000 N,063 35.847900 W,4.8,134.9,A,Depth,Depth,51.851852,D,S,46225.000000
Sun Aug 31 15:09:22 2025,31-Aug-2025,180930,47 28.863100 N,063 35.846400 W,4.8,134.7,A,Depth,Depth,51.851852,D,S,46225.000000
Sun Aug 31 15:09:22 2025,31-Aug-2025,180931,47 28.862200 N,063 35.845000 W,4.8,134.7,A,Depth,Depth,51.851852,D,S,46225.000000
Sun Aug 31 15:09:22 2025,31-Aug-2025,180932,47 28.861400 N,063 35.843500 W,4.8,134.9,A,Depth,Depth,51.851852,D,S,46225.000000
Sun Aug 31 15:09:22 2025,31-Aug-2025,180933,47 28.860500 N,063 35.842200 W,4.8,135.0,A,Depth,Depth,51.851852,D,S,46225.000000
Sun Aug 31 15:09:29 2025,31-Aug-2025,180934,47 28.859600 N,063 35.840800 W,4.8,135.1,A,Depth,Depth,52.129630,D,S,64481.000000
Sun Aug 31 15:09:29 2025,31-Aug-2025,180935,47 28.858700 N,063 35.839400 W,4.8,135.0,A,Depth,Depth,52.129630,D,S,64481.000000
Sun Aug 31 15:09:29 2025,31-Aug-2025,180936,47 28.857800 N,063 35.838100 W,4.8,135.0,A,Depth,Depth,52.129630,D,S,64481.000000
Sun Aug 31 15:09:29 2025,31-Aug-2025,180937,47 28.856900 N,063 35.836800 W,4.8,135.4,A,Depth,Depth,52.129630,D,S,64481.000000
Sun Aug 31 15:09:29 2025,31-Aug-2025,180938,47 28.856000 N,063 35.835400 W,4.8,135.2,A,Depth,Depth,52.129630,D,S,64481.000000
Sun Aug 31 15:09:33 2025,31-Aug-2025,180939,47 28.855200 N,063 35.834100 W,4.8,135.0,A,Primary,Headline,57.163265,D,S,44837.000000
Sun Aug 31 15:09:33 2025,31-Aug-2025,180940,47 28.854300 N,063 35.832800 W,4.8,135.0,A,Primary,Headline,57.163265,D,S,44837.000000
Sun Aug 31 15:09:33 2025,31-Aug-2025,180941,47 28.853300 N,063 35.831400 W,4.8,135.1,A,Primary,Headline,57.163265,D,S,44837.000000
Sun Aug 31 15:09:36 2025,31-Aug-2025,180942,47 28.852300 N,063 35.830000 W,4.8,135.0,A,Depth,Depth,56.851852,D,S,39629.000000
Sun Aug 31 15:09:36 2025,31-Aug-2025,180943,47 28.851400 N,063 35.828600 W,4.8,135.0,A,Depth,Depth,56.851852,D,S,39629.000000
Sun Aug 31 15:09:36 2025,31-Aug-2025,180944,47 28.850500 N,063 35.827300 W,4.8,134.8,A,Depth,Depth,56.851852,D,S,39629.000000
Sun Aug 31 15:09:39 2025,31-Aug-2025,180945,47 28.849700 N,063 35.825900 W,4.8,134.6,A,Primary,Headline,47.428571,D,S,62262.000000
Sun Aug 31 15:09:39 2025,31-Aug-2025,180946,47 28.848800 N,063 35.824500 W,4.8,134.4,A,Primary,Headline,47.428571,D,S,62262.000000
Sun Aug 31 15:09:39 2025,31-Aug-2025,180947,47 28.847900 N,063 35.823000 W,4.8,134.6,A,Primary,Headline,47.428571,D,S,62262.000000
Sun Aug 31 15:09:39 2025,31-Aug-2025,180948,47 28.847000 N,063 35.821400 W,4.8,134.4,A,Primary,Headline,47.428571,D,S,62262.000000
Sun Aug 31 15:09:43 2025,31-Aug-2025,180949,47 28.846100 N,063 35.819900 W,4.8,134.0,A,Depth,Depth,54.722222,D,S,60268.000000
Sun Aug 31 15:09:43 2025,31-Aug-2025,180950,47 28.845300 N,063 35.818500 W,4.8,134.1,A,Depth,Depth,54.722222,D,S,60268.000000
Sun Aug 31 15:09:45 2025,31-Aug-2025,180951,47 28.844400 N,063 35.817000 W,4.7,134.6,A,Primary,Headline,50.000000,D,P,103930.000000
Sun Aug 31 15:09:45 2025,31-Aug-2025,180952,47 28.843600 N,063 35.815600 W,4.7,134.5,A,Primary,Headline,50.000000,D,P,103930.000000
Sun Aug 31 15:09:45 2025,31-Aug-2025,180953,47 28.842800 N,063 35.814100 W,4.6,134.2,A,Primary,Headline,50.000000,D,P,103930.000000
Sun Aug 31 15:09:45 2025,31-Aug-2025,180954,47 28.842100 N,063 35.812700 W,4.5,134.1,A,Primary,Headline,50.000000,D,P,103930.000000
Sun Aug 31 15:09:45 2025,31-Aug-2025,180955,47 28.841400 N,063 35.811400 W,4.4,134.1,A,Primary,Headline,50.000000,D,P,103930.000000
Sun Aug 31 15:09:50 2025,31-Aug-2025,180956,47 28.840600 N,063 35.810300 W,4.3,134.3,A,Primary,Headline,20.836735,D,P,75556.000000
Sun Aug 31 15:09:50 2025,31-Aug-2025,180957,47 28.839800 N,063 35.809100 W,4.2,134.5,A,Primary,Headline,20.836735,D,P,75556.000000
Sun Aug 31 15:09:50 2025,31-Aug-2025,180958,47 28.839100 N,063 35.808000 W,4.1,134.4,A,Primary,Headline,20.836735,D,P,75556.000000
Sun Aug 31 15:09:50 2025,31-Aug-2025,180959,47 28.838400 N,063 35.807000 W,4.0,134.9,A,Primary,Headline,20.836735,D,P,75556.000000
Sun Aug 31 15:09:50 2025,31-Aug-2025,181000,47 28.837700 N,063 35.805900 W,3.9,135.3,A,Primary,Headline,20.836735,D,P,75556.000000
Sun Aug 31 15:09:55 2025,31-Aug-2025,181001,47 28.837100 N,063 35.804800 W,3.8,135.2,A,Primary,Headline,9.632653,D,S,122492.000000
Sun Aug 31 15:09:55 2025,31-Aug-2025,181002,47 28.836500 N,063 35.803800 W,3.7,135.3,A,Primary,Headline,9.632653,D,S,122492.000000
Sun Aug 31 15:09:55 2025,31-Aug-2025,181003,47 28.835900 N,063 35.802800 W,3.5,135.8,A,Primary,Headline,9.632653,D,S,122492.000000
Sun Aug 31 15:09:55 2025,31-Aug-2025,181004,47 28.835300 N,063 35.802000 W,3.4,136.2,A,Primary,Headline,9.632653,D,S,122492.000000
Sun Aug 31 15:09:55 2025,31-Aug-2025,181005,47 28.834700 N,063 35.801200 W,3.3,136.4,A,Primary,Headline,9.632653,D,S,122492.000000
Sun Aug 31 15:09:55 2025,31-Aug-2025,181006,47 28.834100 N,063 35.800500 W,3.2,136.4,A,Primary,Headline,9.632653,D,S,122492.000000
Sun Aug 31 15:10:01 2025,31-Aug-2025,181007,47 28.833500 N,063 35.799800 W,3.1,136.6,A,Primary,Headline,54.102041,D,S,130212.000000
Sun Aug 31 15:10:01 2025,31-Aug-2025,181008,47 28.833000 N,063 35.799200 W,3.0,136.9,A,Primary,Headline,54.102041,D,S,130212.000000
Sun Aug 31 15:10:01 2025,31-Aug-2025,181009,47 28.832500 N,063 35.798500 W,3.0,137.2,A,Primary,Headline,54.102041,D,S,130212.000000
Sun Aug 31 15:10:05 2025,31-Aug-2025,181010,47 28.832000 N,063 35.797900 W,2.9,137.4,A,Depth,Depth,60.925926,D,P,24178.000000
Sun Aug 31 15:10:05 2025,31-Aug-2025,181011,47 28.831500 N,063 35.797300 W,2.9,137.5,A,Depth,Depth,60.925926,D,P,24178.000000
Sun Aug 31 15:10:05 2025,31-Aug-2025,181012,47 28.830900 N,063 35.796700 W,2.8,137.6,A,Depth,Depth,60.925926,D,P,24178.000000
Sun Aug 31 15:10:07 2025,31-Aug-2025,181013,47 28.830400 N,063 35.796000 W,2.7,137.8,A,Primary,Headline,56.387755,D,P,60225.000000
Sun Aug 31 15:10:07 2025,31-Aug-2025,181014,47 28.829900 N,063 35.795300 W,2.7,137.9,A,Primary,Headline,56.387755,D,P,60225.000000
Sun Aug 31 15:10:07 2025,31-Aug-2025,181015,47 28.829400 N,063 35.794600 W,2.7,138.0,A,Primary,Headline,56.387755,D,P,60225.000000
Sun Aug 31 15:10:07 2025,31-Aug-2025,181016,47 28.829000 N,063 35.794000 W,2.6,138.0,A,Primary,Headline,56.387755,D,P,60225.000000
Sun Aug 31 15:10:07 2025,31-Aug-2025,181017,47 28.828500 N,063 35.793400 W,2.6,138.0,A,Primary,Headline,56.387755,D,P,60225.000000
Sun Aug 31 15:10:12 2025,31-Aug-2025,181018,47 28.828000 N,063 35.792700 W,2.5,138.2,A,Depth,Depth,63.148148,D,P,23727.000000
Sun Aug 31 15:10:13 2025,31-Aug-2025,181019,47 28.827600 N,063 35.792100 W,2.5,138.7,A,Primary,Headline,56.612245,D,S,129890.000000
Sun Aug 31 15:10:13 2025,31-Aug-2025,181020,47 28.827000 N,063 35.791600 W,2.5,138.9,A,Primary,Headline,56.612245,D,S,129890.000000
Sun Aug 31 15:10:13 2025,31-Aug-2025,181021,47 28.826500 N,063 35.791100 W,2.4,139.0,A,Primary,Headline,56.612245,D,S,129890.000000
Sun Aug 31 15:10:13 2025,31-Aug-2025,181022,47 28.826100 N,063 35.790600 W,2.4,138.9,A,Primary,Headline,56.612245,D,S,129890.000000
Sun Aug 31 15:10:13 2025,31-Aug-2025,181023,47 28.825600 N,063 35.789900 W,2.4,138.8,A,Primary,Headline,56.612245,D,S,129890.000000
Sun Aug 31 15:10:13 2025,31-Aug-2025,181024,47 28.825100 N,063 35.789300 W,2.4,138.6,A,Primary,Headline,56.612245,D,S,129890.000000
Sun Aug 31 15:10:19 2025,31-Aug-2025,181025,47 28.824600 N,063 35.788700 W,2.4,138.6,A,Depth,Depth,65.925926,D,P,56903.000000
Sun Aug 31 15:10:19 2025,31-Aug-2025,181026,47 28.824000 N,063 35.788000 W,2.4,138.5,A,Depth,Depth,65.925926,D,P,56903.000000
Sun Aug 31 15:10:19 2025,31-Aug-2025,181027,47 28.823400 N,063 35.787300 W,2.4,138.5,A,Depth,Depth,65.925926,D,P,56903.000000
Sun Aug 31 15:10:19 2025,31-Aug-2025,181028,47 28.822900 N,063 35.786800 W,2.4,138.6,A,Depth,Depth,65.925926,D,P,56903.000000
Sun Aug 31 15:10:19 2025,31-Aug-2025,181029,47 28.822200 N,063 35.786300 W,2.3,138.9,A,Depth,Depth,65.925926,D,P,56903.000000
Sun Aug 31 15:10:25 2025,31-Aug-2025,181030,47 28.821600 N,063 35.785900 W,2.3,138.9,A,Primary,Headline,36.530612,D,P,110847.000000
Sun Aug 31 15:10:25 2025,31-Aug-2025,181031,47 28.821000 N,063 35.785300 W,2.3,138.5,A,Primary,Headline,36.530612,D,P,110847.000000
Sun Aug 31 15:10:27 2025,31-Aug-2025,181032,47 28.820500 N,063 35.784700 W,2.3,138.2,A,Depth,Depth,67.870370,D,P,108450.000000
Sun Aug 31 15:10:27 2025,31-Aug-2025,181033,47 28.820000 N,063 35.784200 W,2.3,138.1,A,Depth,Depth,67.870370,D,P,108450.000000
Sun Aug 31 15:10:27 2025,31-Aug-2025,181034,47 28.819400 N,063 35.783600 W,2.3,137.9,A,Depth,Depth,67.870370,D,P,108450.000000
Sun Aug 31 15:10:27 2025,31-Aug-2025,181035,47 28.819000 N,063 35.782900 W,2.3,138.0,A,Depth,Depth,67.870370,D,P,108450.000000
Sun Aug 31 15:10:30 2025,31-Aug-2025,181036,47 28.818500 N,063 35.782400 W,2.3,138.1,A,Primary,Headline,30.306122,D,S,164627.000000
Sun Aug 31 15:10:30 2025,31-Aug-2025,181037,47 28.818100 N,063 35.781900 W,2.3,138.1,A,Primary,Headline,30.306122,D,S,164627.000000
Sun Aug 31 15:10:30 2025,31-Aug-2025,181038,47 28.817600 N,063 35.781400 W,2.2,138.1,A,Primary,Headline,30.306122,D,S,164627.000000
Sun Aug 31 15:10:34 2025,31-Aug-2025,181039,47 28.817200 N,063 35.780900 W,2.2,138.6,A,Depth,Depth,71.481481,D,S,139367.000000
Sun Aug 31 15:10:34 2025,31-Aug-2025,181040,47 28.816800 N,063 35.780400 W,2.2,138.8,A,Depth,Depth,71.481481,D,S,139367.000000
Sun Aug 31 15:10:35 2025,31-Aug-2025,181041,47 28.816500 N,063 35.779700 W,2.2,138.8,A,Primary,Headline,15.020408,D,S,165014.000000
Sun Aug 31 15:10:35 2025,31-Aug-2025,181042,47 28.816200 N,063 35.779100 W,2.2,138.8,A,Primary,Headline,15.020408,D,S,165014.000000
Sun Aug 31 15:10:35 2025,31-Aug-2025,181043,47 28.815900 N,063 35.778500 W,2.1,138.9,A,Primary,Headline,15.020408,D,S,165014.000000
Sun Aug 31 15:10:35 2025,31-Aug-2025,181044,47 28.815500 N,063 35.777800 W,2.2,138.9,A,Primary,Headline,15.020408,D,S,165014.000000
Sun Aug 31 15:10:35 2025,31-Aug-2025,181045,47 28.815200 N,063 35.777200 W,2.1,139.1,A,Primary,Headline,15.020408,D,S,165014.000000
Sun Aug 31 15:10:35 2025,31-Aug-2025,181046,47 28.814800 N,063 35.776700 W,2.1,139.2,A,Primary,Headline,15.020408,D,S,165014.000000
Sun Aug 31 15:10:41 2025,31-Aug-2025,181047,47 28.814400 N,063 35.776200 W,2.1,139.4,A,Primary,Headline,33.326531,D,S,110298.000000
Sun Aug 31 15:10:41 2025,31-Aug-2025,181048,47 28.813900 N,063 35.775500 W,2.1,139.5,A,Primary,Headline,33.326531,D,S,110298.000000
Sun Aug 31 15:10:41 2025,31-Aug-2025,181049,47 28.813400 N,063 35.774900 W,2.1,139.5,A,Primary,Headline,33.326531,D,S,110298.000000
Sun Aug 31 15:10:41 2025,31-Aug-2025,181050,47 28.813000 N,063 35.774400 W,2.1,139.6,A,Primary,Headline,33.326531,D,S,110298.000000
Sun Aug 31 15:10:41 2025,31-Aug-2025,181051,47 28.812500 N,063 35.773800 W,2.1,139.8,A,Primary,Headline,33.326531,D,S,110298.000000
Sun Aug 31 15:10:47 2025,31-Aug-2025,181052,47 28.812000 N,063 35.773200 W,2.1,139.8,A,Primary,Headline,44.081633,D,S,128335.000000
Sun Aug 31 15:10:47 2025,31-Aug-2025,181053,47 28.811500 N,063 35.772700 W,2.1,139.7,A,Primary,Headline,44.081633,D,S,128335.000000
Sun Aug 31 15:10:47 2025,31-Aug-2025,181054,47 28.811000 N,063 35.772200 W,2.0,139.7,A,Primary,Headline,44.081633,D,S,128335.000000
Sun Aug 31 15:10:47 2025,31-Aug-2025,181055,47 28.810700 N,063 35.771700 W,2.0,139.6,A,Primary,Headline,44.081633,D,S,128335.000000
Sun Aug 31 15:10:47 2025,31-Aug-2025,181056,47 28.810300 N,063 35.771200 W,2.0,139.6,A,Primary,Headline,44.081633,D,S,128335.000000
Sun Aug 31 15:10:47 2025,31-Aug-2025,181057,47 28.810000 N,063 35.770700 W,2.0,139.6,A,Primary,Headline,44.081633,D,S,128335.000000
Sun Aug 31 15:10:52 2025,31-Aug-2025,181058,47 28.809700 N,063 35.770200 W,2.0,139.5,A,Primary,Headline,35.897959,D,S,79708.000000
Sun Aug 31 15:10:52 2025,31-Aug-2025,181059,47 28.809300 N,063 35.769600 W,2.0,139.9,A,Primary,Headline,35.897959,D,S,79708.000000
Sun Aug 31 15:10:52 2025,31-Aug-2025,181100,47 28.808900 N,063 35.769000 W,2.0,140.1,A,Primary,Headline,35.897959,D,S,79708.000000
Sun Aug 31 15:10:56 2025,31-Aug-2025,181101,47 28.808500 N,063 35.768500 W,2.0,139.8,A,Depth,Depth,78.240741,D,P,109060.000000
Sun Aug 31 15:10:56 2025,31-Aug-2025,181102,47 28.808200 N,063 35.768100 W,2.0,139.6,A,Depth,Depth,78.240741,D,P,109060.000000
Sun Aug 31 15:10:58 2025,31-Aug-2025,181103,47 28.807800 N,063 35.767700 W,1.9,139.6,A,Primary,Headline,10.836735,D,P,114042.000000
Sun Aug 31 15:10:58 2025,31-Aug-2025,181104,47 28.807500 N,063 35.767100 W,2.0,139.8,A,Primary,Headline,10.836735,D,P,114042.000000
Sun Aug 31 15:10:58 2025,31-Aug-2025,181105,47 28.807100 N,063 35.766500 W,2.0,139.9,A,Primary,Headline,10.836735,D,P,114042.000000
Sun Aug 31 15:10:58 2025,31-Aug-2025,181106,47 28.806800 N,063 35.766100 W,1.9,140.0,A,Primary,Headline,10.836735,D,P,114042.000000
Sun Aug 31 15:10:58 2025,31-Aug-2025,181107,47 28.806600 N,063 35.765600 W,2.0,140.0,A,Primary,Headline,10.836735,D,P,114042.000000
Sun Aug 31 15:11:03 2025,31-Aug-2025,181108,47 28.806300 N,063 35.764900 W,2.0,139.9,A,Primary,Headline,11.408163,D,S,117907.000000
Sun Aug 31 15:11:03 2025,31-Aug-2025,181109,47 28.806000 N,063 35.764300 W,2.0,139.9,A,Depth,Depth,81.296296,D,S,52335.000000
Sun Aug 31 15:11:03 2025,31-Aug-2025,181110,47 28.805600 N,063 35.763700 W,2.0,139.8,A,Depth,Depth,81.296296,D,S,52335.000000
Sun Aug 31 15:11:03 2025,31-Aug-2025,181111,47 28.805300 N,063 35.762900 W,2.0,139.6,A,Depth,Depth,81.296296,D,S,52335.000000
Sun Aug 31 15:11:03 2025,31-Aug-2025,181112,47 28.804800 N,063 35.762300 W,2.0,140.0,A,Depth,Depth,81.296296,D,S,52335.000000
Sun Aug 31 15:11:03 2025,31-Aug-2025,181113,47 28.804200 N,063 35.761700 W,2.1,140.1,A,Depth,Depth,81.296296,D,S,52335.000000
Sun Aug 31 15:11:08 2025,31-Aug-2025,181114,47 28.803700 N,063 35.761000 W,2.1,140.1,A,Primary,Headline,37.959184,D,P,153156.000000
Sun Aug 31 15:11:08 2025,31-Aug-2025,181115,47 28.803100 N,063 35.760200 W,2.2,140.1,A,Primary,Headline,37.959184,D,P,153156.000000
Sun Aug 31 15:11:10 2025,31-Aug-2025,181116,47 28.802500 N,063 35.759600 W,2.2,140.0,A,Depth,Depth,83.518519,D,S,47635.000000
Sun Aug 31 15:11:10 2025,31-Aug-2025,181117,47 28.801800 N,063 35.759000 W,2.2,140.3,A,Depth,Depth,83.518519,D,S,47635.000000
Sun Aug 31 15:11:10 2025,31-Aug-2025,181118,47 28.801200 N,063 35.758200 W,2.3,140.6,A,Depth,Depth,83.518519,D,S,47635.000000
Sun Aug 31 15:11:14 2025,31-Aug-2025,181119,47 28.800600 N,063 35.757400 W,2.3,140.4,A,Primary,Headline,17.102041,D,S,114287.000000
Sun Aug 31 15:11:14 2025,31-Aug-2025,181120,47 28.800000 N,063 35.756600 W,2.3,140.1,A,Primary,Headline,17.102041,D,S,114287.000000
Sun Aug 31 15:11:14 2025,31-Aug-2025,181121,47 28.799300 N,063 35.755800 W,2.4,140.1,A,Primary,Headline,17.102041,D,S,114287.000000
Sun Aug 31 15:11:14 2025,31-Aug-2025,181122,47 28.798700 N,063 35.755100 W,2.4,140.6,A,Primary,Headline,17.102041,D,S,114287.000000
Sun Aug 31 15:11:18 2025,31-Aug-2025,181123,47 28.798000 N,063 35.754500 W,2.4,141.0,A,Depth,Depth,85.185185,D,P,128482.000000
Sun Aug 31 15:11:18 2025,31-Aug-2025,181124,47 28.797600 N,063 35.753900 W,2.4,141.1,A,Depth,Depth,85.185185,D,P,128482.000000
Sun Aug 31 15:11:19 2025,31-Aug-2025,181125,47 28.797200 N,063 35.753300 W,2.4,141.2,A,Primary,Headline,18.959184,D,S,110655.000000
Sun Aug 31 15:11:19 2025,31-Aug-2025,181126,47 28.796700 N,063 35.752600 W,2.5,141.0,A,Primary,Headline,18.959184,D,S,110655.000000
Sun Aug 31 15:11:19 2025,31-Aug-2025,181127,47 28.796200 N,063 35.752000 W,2.4,140.7,A,Primary,Headline,18.959184,D,S,110655.000000
Sun Aug 31 15:11:19 2025,31-Aug-2025,181128,47 28.795900 N,063 35.751400 W,2.4,140.5,A,Primary,Headline,18.959184,D,S,110655.000000
Sun Aug 31 15:11:19 2025,31-Aug-2025,181129,47 28.795400 N,063 35.750900 W,2.4,140.5,A,Primary,Headline,18.959184,D,S,110655.000000
Sun Aug 31 15:11:24 2025,31-Aug-2025,181130,47 28.794900 N,063 35.750400 W,2.4,140.4,A,Primary,Headline,10.122449,D,P,189442.000000
Sun Aug 31 15:11:25 2025,31-Aug-2025,181131,47 28.794400 N,063 35.749800 W,2.4,140.5,A,Depth,Depth,85.740741,D,P,69317.000000
Sun Aug 31 15:11:25 2025,31-Aug-2025,181132,47 28.794000 N,063 35.749200 W,2.4,140.6,A,Depth,Depth,85.740741,D,P,69317.000000
Sun Aug 31 15:11:25 2025,31-Aug-2025,181133,47 28.793500 N,063 35.748400 W,2.4,140.6,A,Depth,Depth,85.740741,D,P,69317.000000
Sun Aug 31 15:11:25 2025,31-Aug-2025,181134,47 28.793200 N,063 35.747800 W,2.3,140.4,A,Depth,Depth,85.740741,D,P,69317.000000
Sun Aug 31 15:11:29 2025,31-Aug-2025,181135,47 28.792800 N,063 35.747200 W,2.3,140.4,A,Primary,Headline,14.530612,D,P,112236.000000
Sun Aug 31 15:11:29 2025,31-Aug-2025,181136,47 28.792300 N,063 35.746600 W,2.4,140.7,A,Primary,Headline,14.530612,D,P,112236.000000
Sun Aug 31 15:11:29 2025,31-Aug-2025,181137,47 28.791900 N,063 35.746000 W,2.3,140.7,A,Primary,Headline,14.530612,D,P,112236.000000
Sun Aug 31 15:11:32 2025,31-Aug-2025,181138,47 28.791500 N,063 35.745500 W,2.3,140.7,A,Depth,Depth,86.018519,D,P,82792.000000
Sun Aug 31 15:11:32 2025,31-Aug-2025,181139,47 28.791000 N,063 35.745100 W,2.3,140.7,A,Depth,Depth,86.018519,D,P,82792.000000
Sun Aug 31 15:11:32 2025,31-Aug-2025,181140,47 28.790500 N,063 35.744600 W,2.3,140.6,A,Depth,Depth,86.018519,D,P,82792.000000
Sun Aug 31 15:11:35 2025,31-Aug-2025,181141,47 28.790000 N,063 35.744100 W,2.2,140.6,A,Primary,Headline,43.857143,D,S,222438.000000
Sun Aug 31 15:11:35 2025,31-Aug-2025,181142,47 28.789500 N,063 35.743700 W,2.1,140.7,A,Primary,Headline,43.857143,D,S,222438.000000
Sun Aug 31 15:11:35 2025,31-Aug-2025,181143,47 28.789000 N,063 35.743400 W,2.1,140.9,A,Primary,Headline,43.857143,D,S,222438.000000
Sun Aug 31 15:11:35 2025,31-Aug-2025,181144,47 28.788500 N,063 35.742900 W,2.1,140.9,A,Primary,Headline,43.857143,D,S,222438.000000
Sun Aug 31 15:11:40 2025,31-Aug-2025,181145,47 28.788100 N,063 35.742500 W,2.0,140.8,A,Depth,Depth,86.203704,D,P,45162.000000
Sun Aug 31 15:11:41 2025,31-Aug-2025,181146,47 28.787800 N,063 35.741900 W,2.0,140.9,A,Primary,Headline,47.979592,D,P,120477.000000
Sun Aug 31 15:11:41 2025,31-Aug-2025,181147,47 28.787400 N,063 35.741300 W,2.0,140.9,A,Primary,Headline,47.979592,D,P,120477.000000
Sun Aug 31 15:11:41 2025,31-Aug-2025,181148,47 28.787000 N,063 35.740700 W,2.0,140.8,A,Primary,Headline,47.979592,D,P,120477.000000
Sun Aug 31 15:11:41 2025,31-Aug-2025,181149,47 28.786700 N,063 35.740200 W,1.9,140.8,A,Primary,Headline,47.979592,D,P,120477.000000
Sun Aug 31 15:11:41 2025,31-Aug-2025,181150,47 28.786200 N,063 35.739700 W,2.0,140.7,A,Primary,Headline,47.979592,D,P,120477.000000
Sun Aug 31 15:11:41 2025,31-Aug-2025,181151,47 28.785700 N,063 35.739100 W,2.0,140.7,A,Primary,Headline,47.979592,D,P,120477.000000
Sun Aug 31 15:11:47 2025,31-Aug-2025,181152,47 28.785200 N,063 35.738600 W,2.0,141.1,A,Depth,Depth,86.203704,D,S,150160.000000
Sun Aug 31 15:11:47 2025,31-Aug-2025,181153,47 28.784700 N,063 35.738100 W,2.0,141.2,A,Depth,Depth,86.203704,D,S,150160.000000
Sun Aug 31 15:11:47 2025,31-Aug-2025,181154,47 28.784100 N,063 35.737500 W,2.0,141.0,A,Depth,Depth,86.203704,D,S,150160.000000
Sun Aug 31 15:11:47 2025,31-Aug-2025,181155,47 28.783600 N,063 35.736900 W,2.0,141.0,A,Depth,Depth,86.203704,D,S,150160.000000
Sun Aug 31 15:11:47 2025,31-Aug-2025,181156,47 28.783100 N,063 35.736400 W,2.1,141.0,A,Depth,Depth,86.203704,D,S,150160.000000
Sun Aug 31 15:11:51 2025,31-Aug-2025,181157,47 28.782600 N,063 35.735800 W,2.1,141.2,A,Primary,Headline,5.918367,D,P,99254.000000
Sun Aug 31 15:11:51 2025,31-Aug-2025,181158,47 28.782200 N,063 35.735300 W,2.1,141.3,A,Primary,Headline,5.918367,D,P,99254.000000
Sun Aug 31 15:11:51 2025,31-Aug-2025,181159,47 28.781700 N,063 35.734600 W,2.1,141.2,A,Primary,Headline,5.918367,D,P,99254.000000
Sun Aug 31 15:11:54 2025,31-Aug-2025,181200,47 28.781200 N,063 35.734000 W,2.1,141.1,A,Depth,Depth,86.388889,D,S,131927.000000
Sun Aug 31 15:11:54 2025,31-Aug-2025,181201,47 28.780800 N,063 35.733400 W,2.1,141.2,A,Depth,Depth,86.388889,D,S,131927.000000
Sun Aug 31 15:11:54 2025,31-Aug-2025,181202,47 28.780300 N,063 35.732900 W,2.2,141.4,A,Depth,Depth,86.388889,D,S,131927.000000
Sun Aug 31 15:11:57 2025,31-Aug-2025,181203,47 28.779800 N,063 35.732400 W,2.2,141.4,A,Primary,Headline,46.306122,D,S,133937.000000
Sun Aug 31 15:11:57 2025,31-Aug-2025,181204,47 28.779300 N,063 35.731900 W,2.2,141.2,A,Primary,Headline,46.306122,D,S,133937.000000
Sun Aug 31 15:11:57 2025,31-Aug-2025,181205,47 28.778700 N,063 35.731300 W,2.2,141.1,A,Primary,Headline,46.306122,D,S,133937.000000
Sun Aug 31 15:11:57 2025,31-Aug-2025,181206,47 28.778200 N,063 35.730700 W,2.3,141.1,A,Primary,Headline,46.306122,D,S,133937.000000
Sun Aug 31 15:12:01 2025,31-Aug-2025,181207,47 28.777500 N,063 35.729900 W,2.3,141.1,A,Depth,Depth,87.037037,D,S,168649.000000
Sun Aug 31 15:12:01 2025,31-Aug-2025,181208,47 28.777000 N,063 35.729200 W,2.3,141.1,A,Depth,Depth,87.037037,D,S,168649.000000
Sun Aug 31 15:12:03 2025,31-Aug-2025,181209,47 28.776600 N,063 35.728500 W,2.3,141.0,A,Primary,Headline,50.591837,D,S,152335.000000
Sun Aug 31 15:12:03 2025,31-Aug-2025,181210,47 28.776200 N,063 35.727700 W,2.3,141.0,A,Primary,Headline,50.591837,D,S,152335.000000
Sun Aug 31 15:12:03 2025,31-Aug-2025,181211,47 28.775800 N,063 35.727100 W,2.3,141.0,A,Primary,Headline,50.591837,D,S,152335.000000
Sun Aug 31 15:12:03 2025,31-Aug-2025,181212,47 28.775300 N,063 35.726400 W,2.3,141.0,A,Primary,Headline,50.591837,D,S,152335.000000
Sun Aug 31 15:12:03 2025,31-Aug-2025,181213,47 28.774900 N,063 35.725900 W,2.3,140.9,A,Primary,Headline,50.591837,D,S,152335.000000
Sun Aug 31 15:12:09 2025,31-Aug-2025,181214,47 28.774400 N,063 35.725300 W,2.4,140.5,A,Depth,Depth,86.296296,D,S,187800.000000
Sun Aug 31 15:12:09 2025,31-Aug-2025,181215,47 28.773900 N,063 35.724700 W,2.3,140.2,A,Depth,Depth,86.296296,D,S,187800.000000
Sun Aug 31 15:12:09 2025,31-Aug-2025,181216,47 28.773400 N,063 35.724100 W,2.3,140.1,A,Depth,Depth,86.296296,D,S,187800.000000
Sun Aug 31 15:12:09 2025,31-Aug-2025,181217,47 28.772800 N,063 35.723400 W,2.3,140.1,A,Depth,Depth,86.296296,D,S,187800.000000
Sun Aug 31 15:12:09 2025,31-Aug-2025,181218,47 28.772300 N,063 35.722600 W,2.3,140.1,A,Depth,Depth,86.296296,D,S,187800.000000
Sun Aug 31 15:12:14 2025,31-Aug-2025,181219,47 28.771800 N,063 35.721900 W,2.3,140.0,A,Primary,Headline,29.979592,D,S,116359.000000
Sun Aug 31 15:12:14 2025,31-Aug-2025,181220,47 28.771400 N,063 35.721200 W,2.3,140.0,A,Primary,Headline,29.979592,D,S,116359.000000
Sun Aug 31 15:12:14 2025,31-Aug-2025,181221,47 28.771000 N,063 35.720500 W,2.3,140.0,A,Primary,Headline,29.979592,D,S,116359.000000
Sun Aug 31 15:12:16 2025,31-Aug-2025,181222,47 28.770500 N,063 35.719700 W,2.3,140.0,A,Depth,Depth,86.481481,D,P,116957.000000
Sun Aug 31 15:12:16 2025,31-Aug-2025,181223,47 28.770000 N,063 35.719100 W,2.2,139.9,A,Depth,Depth,86.481481,D,P,116957.000000
Sun Aug 31 15:12:16 2025,31-Aug-2025,181224,47 28.769500 N,063 35.718400 W,2.2,140.0,A,Depth,Depth,86.481481,D,P,116957.000000
Sun Aug 31 15:12:20 2025,31-Aug-2025,181225,47 28.769000 N,063 35.717800 W,2.2,140.2,A,Primary,Headline,39.102041,D,P,160445.000000
Sun Aug 31 15:12:20 2025,31-Aug-2025,181226,47 28.768600 N,063 35.717300 W,2.2,139.9,A,Primary,Headline,39.102041,D,P,160445.000000
Sun Aug 31 15:12:20 2025,31-Aug-2025,181227,47 28.768300 N,063 35.716800 W,2.1,139.7,A,Primary,Headline,39.102041,D,P,160445.000000
Sun Aug 31 15:12:20 2025,31-Aug-2025,181228,47 28.767900 N,063 35.716200 W,2.1,139.9,A,Primary,Headline,39.102041,D,P,160445.000000
Sun Aug 31 15:12:23 2025,31-Aug-2025,181229,47 28.767400 N,063 35.715600 W,2.1,139.9,A,Depth,Depth,86.296296,D,P,99066.000000
Sun Aug 31 15:12:23 2025,31-Aug-2025,181230,47 28.767000 N,063 35.715000 W,2.1,139.9,A,Depth,Depth,86.296296,D,P,99066.000000
Sun Aug 31 15:12:25 2025,31-Aug-2025,181231,47 28.766600 N,063 35.714600 W,2.0,140.1,A,Primary,Headline,42.265306,D,S,255583.000000
Sun Aug 31 15:12:25 2025,31-Aug-2025,181232,47 28.766300 N,063 35.714100 W,2.0,140.0,A,Primary,Headline,42.265306,D,S,255583.000000
Sun Aug 31 15:12:25 2025,31-Aug-2025,181233,47 28.765800 N,063 35.713500 W,2.0,140.0,A,Primary,Headline,42.265306,D,S,255583.000000
Sun Aug 31 15:12:25 2025,31-Aug-2025,181234,47 28.765500 N,063 35.713000 W,2.0,140.0,A,Primary,Headline,42.265306,D,S,255583.000000
Sun Aug 31 15:12:25 2025,31-Aug-2025,181235,47 28.765100 N,063 35.712500 W,1.9,140.0,A,Primary,Headline,42.265306,D,S,255583.000000
Sun Aug 31 15:12:31 2025,31-Aug-2025,181236,47 28.764600 N,063 35.712100 W,1.9,140.1,A,Primary,Headline,24.204082,D,S,198900.000000
Sun Aug 31 15:12:31 2025,31-Aug-2025,181237,47 28.764200 N,063 35.711600 W,1.9,140.2,A,Primary,Headline,24.204082,D,S,198900.000000
Sun Aug 31 15:12:31 2025,31-Aug-2025,181238,47 28.763800 N,063 35.711200 W,1.9,140.2,A,Primary,Headline,24.204082,D,S,198900.000000
Sun Aug 31 15:12:31 2025,31-Aug-2025,181239,47 28.763400 N,063 35.710700 W,1.9,140.2,A,Primary,Headline,24.204082,D,S,198900.000000
Sun Aug 31 15:12:31 2025,31-Aug-2025,181240,47 28.763000 N,063 35.710300 W,1.9,140.2,A,Primary,Headline,24.204082,D,S,198900.000000
Sun Aug 31 15:12:31 2025,31-Aug-2025,181241,47 28.762600 N,063 35.709900 W,1.8,140.3,A,Primary,Headline,24.204082,D,S,198900.000000
Sun Aug 31 15:12:36 2025,31-Aug-2025,181242,47 28.762200 N,063 35.709400 W,1.8,140.5,A,Primary,Headline,29.163265,D,S,194980.000000
Sun Aug 31 15:12:36 2025,31-Aug-2025,181243,47 28.761800 N,063 35.709000 W,1.8,140.6,A,Primary,Headline,29.163265,D,S,194980.000000
Sun Aug 31 15:12:36 2025,31-Aug-2025,181244,47 28.761400 N,063 35.708500 W,1.8,140.4,A,Primary,Headline,29.163265,D,S,194980.000000
Sun Aug 31 15:12:36 2025,31-Aug-2025,181245,47 28.761000 N,063 35.708000 W,1.8,140.5,A,Primary,Headline,29.163265,D,S,194980.000000
Sun Aug 31 15:12:36 2025,31-Aug-2025,181246,47 28.760400 N,063 35.707700 W,1.9,140.8,A,Primary,Headline,29.163265,D,S,194980.000000
Sun Aug 31 15:12:42 2025,31-Aug-2025,181247,47 28.759800 N,063 35.707200 W,1.9,140.8,A,Primary,Headline,31.959184,D,S,217630.000000
Sun Aug 31 15:12:42 2025,31-Aug-2025,181248,47 28.759200 N,063 35.706800 W,1.9,140.9,A,Primary,Headline,31.959184,D,S,217630.000000
Sun Aug 31 15:12:42 2025,31-Aug-2025,181249,47 28.758700 N,063 35.706300 W,1.9,141.2,A,Primary,Headline,31.959184,D,S,217630.000000
Sun Aug 31 15:12:42 2025,31-Aug-2025,181250,47 28.758200 N,063 35.705900 W,1.9,141.1,A,Primary,Headline,31.959184,D,S,217630.000000
Sun Aug 31 15:12:45 2025,31-Aug-2025,181251,47 28.757700 N,063 35.705400 W,1.9,141.2,A,Depth,Depth,85.740741,D,S,147828.000000
Sun Aug 31 15:12:45 2025,31-Aug-2025,181252,47 28.757300 N,063 35.705000 W,1.9,141.5,A,Depth,Depth,85.740741,D,S,147828.000000
Sun Aug 31 15:12:47 2025,31-Aug-2025,181253,47 28.756900 N,063 35.704300 W,1.9,141.2,A,Primary,Headline,23.612245,D,S,169869.000000
Sun Aug 31 15:12:47 2025,31-Aug-2025,181254,47 28.756500 N,063 35.703800 W,1.9,141.0,A,Primary,Headline,23.612245,D,S,169869.000000
Sun Aug 31 15:12:47 2025,31-Aug-2025,181255,47 28.756100 N,063 35.703300 W,1.9,141.0,A,Primary,Headline,23.612245,D,S,169869.000000
Sun Aug 31 15:12:47 2025,31-Aug-2025,181256,47 28.755700 N,063 35.702800 W,1.9,141.1,A,Primary,Headline,23.612245,D,S,169869.000000
Sun Aug 31 15:12:47 2025,31-Aug-2025,181257,47 28.755300 N,063 35.702400 W,1.9,141.1,A,Primary,Headline,23.612245,D,S,169869.000000
Sun Aug 31 15:12:53 2025,31-Aug-2025,181258,47 28.754900 N,063 35.702000 W,1.9,141.1,A,Primary,Headline,25.918367,D,S,215986.000000
Sun Aug 31 15:12:53 2025,31-Aug-2025,181259,47 28.754500 N,063 35.701600 W,1.9,141.3,A,Primary,Headline,25.918367,D,S,215986.000000
Sun Aug 31 15:12:53 2025,31-Aug-2025,181300,47 28.754000 N,063 35.701200 W,2.0,141.2,A,Primary,Headline,25.918367,D,S,215986.000000
Sun Aug 31 15:12:53 2025,31-Aug-2025,181301,47 28.753400 N,063 35.700700 W,2.0,141.0,A,Primary,Headline,25.918367,D,S,215986.000000
Sun Aug 31 15:12:53 2025,31-Aug-2025,181302,47 28.752900 N,063 35.700200 W,2.0,141.1,A,Primary,Headline,25.918367,D,S,215986.000000
Sun Aug 31 15:12:58 2025,31-Aug-2025,181303,47 28.752400 N,063 35.699800 W,2.0,141.5,A,Primary,Headline,16.163265,D,P,81170.000000
Sun Aug 31 15:12:58 2025,31-Aug-2025,181304,47 28.751900 N,063 35.699200 W,2.0,141.5,A,Primary,Headline,16.387755,D,S,222558.000000
Sun Aug 31 15:12:58 2025,31-Aug-2025,181305,47 28.751400 N,063 35.698800 W,2.0,141.4,A,Primary,Headline,16.387755,D,S,222558.000000
Sun Aug 31 15:12:58 2025,31-Aug-2025,181306,47 28.750900 N,063 35.698300 W,2.0,141.2,A,Primary,Headline,16.387755,D,S,222558.000000
Sun Aug 31 15:12:58 2025,31-Aug-2025,181307,47 28.750400 N,063 35.697800 W,2.0,141.0,A,Primary,Headline,16.387755,D,S,222558.000000
Sun Aug 31 15:12:58 2025,31-Aug-2025,181308,47 28.750000 N,063 35.697100 W,2.0,140.8,A,Primary,Headline,16.387755,D,S,222558.000000
Sun Aug 31 15:13:03 2025,31-Aug-2025,181309,47 28.749600 N,063 35.696500 W,2.0,140.7,A,Primary,Headline,22.755102,D,P,61641.000000
Sun Aug 31 15:13:03 2025,31-Aug-2025,181310,47 28.749200 N,063 35.696000 W,2.0,140.8,A,Primary,Headline,22.755102,D,P,61641.000000
Sun Aug 31 15:13:03 2025,31-Aug-2025,181311,47 28.748600 N,063 35.695300 W,2.0,140.9,A,Primary,Headline,22.755102,D,P,61641.000000
Sun Aug 31 15:13:03 2025,31-Aug-2025,181312,47 28.748200 N,063 35.694700 W,2.0,141.0,A,Primary,Headline,22.755102,D,P,61641.000000
Sun Aug 31 15:13:07 2025,31-Aug-2025,181313,47 28.747800 N,063 35.694100 W,2.0,141.0,A,Depth,Depth,84.722222,D,P,40374.000000
Sun Aug 31 15:13:08 2025,31-Aug-2025,181314,47 28.747400 N,063 35.693500 W,2.0,140.9,A,Primary,Headline,16.265306,D,S,217073.000000
Sun Aug 31 15:13:08 2025,31-Aug-2025,181315,47 28.746800 N,063 35.693100 W,2.0,141.0,A,Primary,Headline,16.265306,D,S,217073.000000
Sun Aug 31 15:13:08 2025,31-Aug-2025,181316,47 28.746300 N,063 35.692800 W,2.0,141.2,A,Primary,Headline,16.265306,D,S,217073.000000
Sun Aug 31 15:13:08 2025,31-Aug-2025,181317,47 28.745900 N,063 35.692400 W,1.9,141.3,A,Primary,Headline,16.265306,D,S,217073.000000
Sun Aug 31 15:13:08 2025,31-Aug-2025,181318,47 28.745400 N,063 35.692000 W,1.9,140.9,A,Primary,Headline,16.265306,D,S,217073.000000
Sun Aug 31 15:13:14 2025,31-Aug-2025,181319,47 28.745000 N,063 35.691600 W,1.9,140.8,A,Primary,Headline,16.857143,D,S,211923.000000
Sun Aug 31 15:13:15 2025,31-Aug-2025,181320,47 28.744600 N,063 35.691300 W,1.9,140.9,A,Depth,Depth,84.722222,D,P,98114.000000
Sun Aug 31 15:13:15 2025,31-Aug-2025,181321,47 28.744200 N,063 35.690900 W,1.9,140.8,A,Depth,Depth,84.722222,D,P,98114.000000
Sun Aug 31 15:13:15 2025,31-Aug-2025,181322,47 28.743800 N,063 35.690400 W,1.9,140.9,A,Depth,Depth,84.722222,D,P,98114.000000
Sun Aug 31 15:13:15 2025,31-Aug-2025,181323,47 28.743400 N,063 35.690100 W,1.9,141.1,A,Depth,Depth,84.722222,D,P,98114.000000
Sun Aug 31 15:13:15 2025,31-Aug-2025,181324,47 28.743100 N,063 35.689600 W,1.9,141.0,A,Depth,Depth,84.722222,D,P,98114.000000
Sun Aug 31 15:13:19 2025,31-Aug-2025,181325,47 28.742700 N,063 35.689100 W,1.9,140.8,A,Primary,Headline,37.673469,D,S,178470.000000
Sun Aug 31 15:13:19 2025,31-Aug-2025,181326,47 28.742300 N,063 35.688600 W,1.9,140.7,A,Primary,Headline,37.673469,D,S,178470.000000
Sun Aug 31 15:13:19 2025,31-Aug-2025,181327,47 28.741900 N,063 35.688200 W,1.9,140.9,A,Primary,Headline,37.673469,D,S,178470.000000
Sun Aug 31 15:13:22 2025,31-Aug-2025,181328,47 28.741600 N,063 35.687800 W,1.9,141.1,A,Depth,Depth,85.277778,D,P,142270.000000
Sun Aug 31 15:13:22 2025,31-Aug-2025,181329,47 28.741200 N,063 35.687400 W,1.9,141.3,A,Depth,Depth,85.277778,D,P,142270.000000
Sun Aug 31 15:13:25 2025,31-Aug-2025,181330,47 28.740800 N,063 35.687000 W,1.9,141.8,A,Primary,Headline,15.897959,D,S,169201.000000
Sun Aug 31 15:13:25 2025,31-Aug-2025,181331,47 28.740400 N,063 35.686700 W,2.0,141.7,A,Primary,Headline,15.897959,D,S,169201.000000
Sun Aug 31 15:13:25 2025,31-Aug-2025,181332,47 28.739900 N,063 35.686300 W,2.0,141.5,A,Primary,Headline,15.897959,D,S,169201.000000
Sun Aug 31 15:13:25 2025,31-Aug-2025,181333,47 28.739300 N,063 35.685900 W,2.0,141.4,A,Primary,Headline,15.897959,D,S,169201.000000
Sun Aug 31 15:13:25 2025,31-Aug-2025,181334,47 28.738800 N,063 35.685500 W,2.0,141.5,A,Primary,Headline,15.897959,D,S,169201.000000
Sun Aug 31 15:13:29 2025,31-Aug-2025,181335,47 28.738300 N,063 35.684900 W,2.0,141.6,A,Depth,Depth,85.277778,D,S,115883.000000
Sun Aug 31 15:13:30 2025,31-Aug-2025,181336,47 28.737800 N,063 35.684300 W,2.0,141.7,A,Primary,Headline,42.612245,D,P,160344.000000
Sun Aug 31 15:13:30 2025,31-Aug-2025,181337,47 28.737400 N,063 35.683800 W,2.0,141.9,A,Primary,Headline,42.612245,D,P,160344.000000
Sun Aug 31 15:13:30 2025,31-Aug-2025,181338,47 28.737000 N,063 35.683300 W,2.1,142.0,A,Primary,Headline,42.612245,D,P,160344.000000
Sun Aug 31 15:13:30 2025,31-Aug-2025,181339,47 28.736500 N,063 35.682800 W,2.1,141.7,A,Primary,Headline,42.612245,D,P,160344.000000
Sun Aug 31 15:13:30 2025,31-Aug-2025,181340,47 28.736200 N,063 35.682400 W,2.1,141.6,A,Primary,Headline,42.612245,D,P,160344.000000
Sun Aug 31 15:13:35 2025,31-Aug-2025,181341,47 28.735900 N,063 35.682000 W,2.0,141.8,A,Primary,Headline,10.836735,D,S,115112.000000
Sun Aug 31 15:13:37 2025,31-Aug-2025,181342,47 28.735600 N,063 35.681600 W,2.1,141.9,A,Depth,Depth,84.907407,D,P,161669.000000
Sun Aug 31 15:13:37 2025,31-Aug-2025,181343,47 28.735200 N,063 35.681100 W,2.1,142.0,A,Depth,Depth,84.907407,D,P,161669.000000
Sun Aug 31 15:13:37 2025,31-Aug-2025,181344,47 28.734800 N,063 35.680700 W,2.1,142.2,A,Depth,Depth,84.907407,D,P,161669.000000
Sun Aug 31 15:13:37 2025,31-Aug-2025,181345,47 28.734500 N,063 35.680300 W,2.1,142.3,A,Depth,Depth,84.907407,D,P,161669.000000
Sun Aug 31 15:13:37 2025,31-Aug-2025,181346,47 28.734100 N,063 35.679700 W,2.1,142.2,A,Depth,Depth,84.907407,D,P,161669.000000
Sun Aug 31 15:13:41 2025,31-Aug-2025,181347,47 28.733700 N,063 35.679200 W,2.1,142.2,A,Primary,Headline,42.224490,D,S,127902.000000
Sun Aug 31 15:13:41 2025,31-Aug-2025,181348,47 28.733200 N,063 35.678700 W,2.1,142.5,A,Primary,Headline,42.224490,D,S,127902.000000
Sun Aug 31 15:13:44 2025,31-Aug-2025,181349,47 28.732700 N,063 35.678300 W,2.1,142.6,A,Depth,Depth,85.185185,D,S,135280.000000
Sun Aug 31 15:13:44 2025,31-Aug-2025,181350,47 28.732300 N,063 35.677900 W,2.1,142.9,A,Depth,Depth,85.185185,D,S,135280.000000
Sun Aug 31 15:13:44 2025,31-Aug-2025,181351,47 28.731800 N,063 35.677300 W,2.1,143.2,A,Depth,Depth,85.185185,D,S,135280.000000
Sun Aug 31 15:13:46 2025,31-Aug-2025,181352,47 28.731300 N,063 35.676800 W,2.1,143.4,A,Primary,Headline,13.387755,D,S,163844.000000
Sun Aug 31 15:13:46 2025,31-Aug-2025,181353,47 28.731000 N,063 35.676300 W,2.1,143.5,A,Primary,Headline,13.387755,D,S,163844.000000
Sun Aug 31 15:13:46 2025,31-Aug-2025,181354,47 28.730500 N,063 35.675700 W,2.1,143.6,A,Primary,Headline,13.387755,D,S,163844.000000
Sun Aug 31 15:13:46 2025,31-Aug-2025,181355,47 28.730100 N,063 35.675200 W,2.1,143.5,A,Primary,Headline,13.387755,D,S,163844.000000
Sun Aug 31 15:13:46 2025,31-Aug-2025,181356,47 28.729700 N,063 35.674700 W,2.1,143.4,A,Primary,Headline,13.387755,D,S,163844.000000
Sun Aug 31 15:13:51 2025,31-Aug-2025,181357,47 28.729200 N,063 35.674300 W,2.1,143.5,A,Depth,Depth,83.981481,D,S,162270.000000
Sun Aug 31 15:13:52 2025,31-Aug-2025,181358,47 28.728800 N,063 35.673900 W,2.1,143.7,A,Primary,Headline,57.265306,D,P,146371.000000
Sun Aug 31 15:13:52 2025,31-Aug-2025,181359,47 28.728400 N,063 35.673400 W,2.1,143.6,A,Primary,Headline,57.265306,D,P,146371.000000
Sun Aug 31 15:13:52 2025,31-Aug-2025,181400,47 28.728100 N,063 35.672900 W,2.1,143.3,A,Primary,Headline,57.265306,D,P,146371.000000
Sun Aug 31 15:13:52 2025,31-Aug-2025,181401,47 28.727700 N,063 35.672500 W,2.1,143.1,A,Primary,Headline,57.265306,D,P,146371.000000
Sun Aug 31 15:13:52 2025,31-Aug-2025,181402,47 28.727300 N,063 35.672100 W,2.1,143.4,A,Primary,Headline,57.265306,D,P,146371.000000
Sun Aug 31 15:13:57 2025,31-Aug-2025,181403,47 28.726800 N,063 35.671600 W,2.1,143.2,A,Primary,Headline,9.591837,D,S,208826.000000
Sun Aug 31 15:13:58 2025,31-Aug-2025,181404,47 28.726300 N,063 35.671300 W,2.1,143.2,A,Depth,Depth,85.000000,D,P,65826.000000
Sun Aug 31 15:13:58 2025,31-Aug-2025,181405,47 28.725800 N,063 35.670900 W,2.1,143.2,A,Depth,Depth,85.000000,D,P,65826.000000
Sun Aug 31 15:13:58 2025,31-Aug-2025,181406,47 28.725300 N,063 35.670300 W,2.1,142.6,A,Depth,Depth,85.000000,D,P,65826.000000
Sun Aug 31 15:13:58 2025,31-Aug-2025,181407,47 28.724800 N,063 35.669700 W,2.0,142.2,A,Depth,Depth,85.000000,D,P,65826.000000
Sun Aug 31 15:13:58 2025,31-Aug-2025,181408,47 28.724300 N,063 35.669200 W,2.0,142.1,A,Depth,Depth,85.000000,D,P,65826.000000
Sun Aug 31 15:14:03 2025,31-Aug-2025,181409,47 28.723800 N,063 35.668600 W,2.0,141.9,A,Primary,Headline,28.387755,D,S,185459.000000
Sun Aug 31 15:14:03 2025,31-Aug-2025,181410,47 28.723400 N,063 35.668000 W,2.0,141.5,A,Primary,Headline,28.387755,D,S,185459.000000
Sun Aug 31 15:14:06 2025,31-Aug-2025,181411,47 28.722900 N,063 35.667400 W,2.0,141.3,A,Depth,Depth,85.092593,D,S,154163.000000
Sun Aug 31 15:14:06 2025,31-Aug-2025,181412,47 28.722500 N,063 35.667100 W,2.0,141.5,A,Depth,Depth,85.092593,D,S,154163.000000
Sun Aug 31 15:14:06 2025,31-Aug-2025,181413,47 28.722100 N,063 35.666500 W,2.0,141.6,A,Depth,Depth,85.092593,D,S,154163.000000
Sun Aug 31 15:14:08 2025,31-Aug-2025,181414,47 28.721700 N,063 35.665900 W,2.0,141.6,A,Primary,Headline,7.530612,D,S,163738.000000
Sun Aug 31 15:14:08 2025,31-Aug-2025,181415,47 28.721300 N,063 35.665400 W,2.0,141.9,A,Primary,Headline,7.530612,D,S,163738.000000
Sun Aug 31 15:14:08 2025,31-Aug-2025,181416,47 28.720800 N,063 35.664900 W,2.0,142.3,A,Primary,Headline,7.530612,D,S,163738.000000
Sun Aug 31 15:14:08 2025,31-Aug-2025,181417,47 28.720400 N,063 35.664200 W,2.0,142.5,A,Primary,Headline,7.530612,D,S,163738.000000
Sun Aug 31 15:14:08 2025,31-Aug-2025,181418,47 28.720000 N,063 35.663600 W,2.0,142.6,A,Primary,Headline,7.530612,D,S,163738.000000
Sun Aug 31 15:14:13 2025,31-Aug-2025,181419,47 28.719600 N,063 35.663100 W,2.0,142.7,A,Primary,Headline,28.387755,D,S,180122.000000
Sun Aug 31 15:14:13 2025,31-Aug-2025,181420,47 28.719200 N,063 35.662400 W,2.0,142.7,A,Primary,Headline,28.387755,D,S,180122.000000
Sun Aug 31 15:14:13 2025,31-Aug-2025,181421,47 28.718900 N,063 35.661800 W,2.0,142.7,A,Primary,Headline,28.387755,D,S,180122.000000
Sun Aug 31 15:14:13 2025,31-Aug-2025,181422,47 28.718500 N,063 35.661300 W,2.0,143.3,A,Primary,Headline,28.387755,D,S,180122.000000
Sun Aug 31 15:14:13 2025,31-Aug-2025,181423,47 28.718100 N,063 35.660900 W,2.0,143.6,A,Primary,Headline,28.387755,D,S,180122.000000
Sun Aug 31 15:14:19 2025,31-Aug-2025,181424,47 28.717700 N,063 35.660400 W,2.0,143.7,A,Primary,Headline,25.163265,D,S,189391.000000
Sun Aug 31 15:14:19 2025,31-Aug-2025,181425,47 28.717400 N,063 35.660000 W,2.0,143.9,A,Primary,Headline,25.163265,D,S,189391.000000
Sun Aug 31 15:14:20 2025,31-Aug-2025,181426,47 28.717000 N,063 35.659500 W,2.0,144.0,A,Depth,Depth,84.351852,D,P,136116.000000
Sun Aug 31 15:14:20 2025,31-Aug-2025,181427,47 28.716500 N,063 35.658900 W,2.0,143.9,A,Depth,Depth,84.351852,D,P,136116.000000
Sun Aug 31 15:14:20 2025,31-Aug-2025,181428,47 28.716000 N,063 35.658300 W,2.0,143.7,A,Depth,Depth,84.351852,D,P,136116.000000
Sun Aug 31 15:14:20 2025,31-Aug-2025,181429,47 28.715600 N,063 35.657700 W,2.0,144.0,A,Depth,Depth,84.351852,D,P,136116.000000
Sun Aug 31 15:14:24 2025,31-Aug-2025,181430,47 28.715000 N,063 35.657200 W,2.0,144.2,A,Primary,Headline,29.489796,D,S,253088.000000
Sun Aug 31 15:14:24 2025,31-Aug-2025,181431,47 28.714500 N,063 35.656600 W,2.0,144.0,A,Primary,Headline,29.489796,D,S,253088.000000
Sun Aug 31 15:14:24 2025,31-Aug-2025,181432,47 28.713900 N,063 35.656100 W,2.0,143.9,A,Primary,Headline,29.489796,D,S,253088.000000
Sun Aug 31 15:14:28 2025,31-Aug-2025,181433,47 28.713400 N,063 35.655500 W,2.1,143.7,A,Depth,Depth,84.166667,D,S,196838.000000
Sun Aug 31 15:14:28 2025,31-Aug-2025,181434,47 28.712900 N,063 35.654800 W,2.1,143.5,A,Depth,Depth,84.166667,D,S,196838.000000
Sun Aug 31 15:14:30 2025,31-Aug-2025,181435,47 28.712400 N,063 35.654100 W,2.1,143.4,A,Primary,Headline,28.714286,D,P,150186.000000
Sun Aug 31 15:14:30 2025,31-Aug-2025,181436,47 28.711900 N,063 35.653600 W,2.1,143.5,A,Primary,Headline,28.714286,D,P,150186.000000
Sun Aug 31 15:14:30 2025,31-Aug-2025,181437,47 28.711300 N,063 35.653000 W,2.1,143.5,A,Primary,Headline,28.714286,D,P,150186.000000
Sun Aug 31 15:14:30 2025,31-Aug-2025,181438,47 28.710800 N,063 35.652400 W,2.1,143.3,A,Primary,Headline,28.714286,D,P,150186.000000
Sun Aug 31 15:14:30 2025,31-Aug-2025,181439,47 28.710400 N,063 35.652000 W,2.1,143.3,A,Primary,Headline,28.714286,D,P,150186.000000
Sun Aug 31 15:14:35 2025,31-Aug-2025,181440,47 28.709900 N,063 35.651600 W,2.1,143.4,A,Primary,Headline,12.734694,D,P,279479.000000
Sun Aug 31 15:14:35 2025,31-Aug-2025,181441,47 28.709500 N,063 35.650900 W,2.1,143.2,A,Primary,Headline,12.734694,D,S,245734.000000
Sun Aug 31 15:14:35 2025,31-Aug-2025,181442,47 28.709200 N,063 35.650400 W,2.1,143.1,A,Primary,Headline,12.734694,D,S,245734.000000
Sun Aug 31 15:14:35 2025,31-Aug-2025,181443,47 28.708600 N,063 35.650000 W,2.1,143.1,A,Primary,Headline,12.734694,D,S,245734.000000
Sun Aug 31 15:14:35 2025,31-Aug-2025,181444,47 28.708000 N,063 35.649600 W,2.1,143.0,A,Primary,Headline,12.734694,D,S,245734.000000
Sun Aug 31 15:14:35 2025,31-Aug-2025,181445,47 28.707500 N,063 35.649100 W,2.1,143.1,A,Primary,Headline,12.734694,D,S,245734.000000
Sun Aug 31 15:14:41 2025,31-Aug-2025,181446,47 28.707000 N,063 35.648700 W,2.1,143.4,A,Primary,Headline,31.612245,D,P,149983.000000
Sun Aug 31 15:14:41 2025,31-Aug-2025,181447,47 28.706500 N,063 35.648200 W,2.2,143.3,A,Primary,Headline,31.612245,D,P,149983.000000
Sun Aug 31 15:14:42 2025,31-Aug-2025,181448,47 28.706000 N,063 35.647600 W,2.2,143.0,A,Depth,Depth,84.259259,D,P,123995.000000
Sun Aug 31 15:14:42 2025,31-Aug-2025,181449,47 28.705600 N,063 35.647100 W,2.2,142.8,A,Depth,Depth,84.259259,D,P,123995.000000
Sun Aug 31 15:14:42 2025,31-Aug-2025,181450,47 28.705100 N,063 35.646700 W,2.2,142.7,A,Depth,Depth,84.259259,D,P,123995.000000
Sun Aug 31 15:14:42 2025,31-Aug-2025,181451,47 28.704700 N,063 35.646300 W,2.2,142.9,A,Depth,Depth,84.259259,D,P,123995.000000
Sun Aug 31 15:14:46 2025,31-Aug-2025,181452,47 28.704200 N,063 35.645900 W,2.2,143.2,A,Primary,Headline,47.387755,D,P,182456.000000
Sun Aug 31 15:14:46 2025,31-Aug-2025,181453,47 28.703700 N,063 35.645500 W,2.2,143.4,A,Primary,Headline,47.387755,D,P,182456.000000
Sun Aug 31 15:14:46 2025,31-Aug-2025,181454,47 28.703300 N,063 35.645100 W,2.2,143.7,A,Primary,Headline,47.387755,D,P,182456.000000
Sun Aug 31 15:14:50 2025,31-Aug-2025,181455,47 28.702700 N,063 35.644600 W,2.2,143.7,A,Depth,Depth,84.722222,D,S,142213.000000
Sun Aug 31 15:14:50 2025,31-Aug-2025,181456,47 28.702200 N,063 35.644100 W,2.1,143.6,A,Depth,Depth,84.722222,D,S,142213.000000
Sun Aug 31 15:14:52 2025,31-Aug-2025,181457,47 28.701700 N,063 35.643600 W,2.1,143.5,A,Primary,Headline,13.734694,D,S,162206.000000
Sun Aug 31 15:14:52 2025,31-Aug-2025,181458,47 28.701200 N,063 35.643200 W,2.1,143.6,A,Primary,Headline,13.734694,D,S,162206.000000
Sun Aug 31 15:14:52 2025,31-Aug-2025,181459,47 28.700600 N,063 35.642800 W,2.1,143.7,A,Primary,Headline,13.734694,D,S,162206.000000
Sun Aug 31 15:14:52 2025,31-Aug-2025,181500,47 28.700100 N,063 35.642400 W,2.1,143.8,A,Primary,Headline,13.734694,D,S,162206.000000
Sun Aug 31 15:14:52 2025,31-Aug-2025,181501,47 28.699700 N,063 35.642000 W,2.1,143.7,A,Primary,Headline,13.734694,D,S,162206.000000
Sun Aug 31 15:14:52 2025,31-Aug-2025,181502,47 28.699200 N,063 35.641500 W,2.1,143.6,A,Primary,Headline,13.734694,D,S,162206.000000
Sun Aug 31 15:14:57 2025,31-Aug-2025,181503,47 28.698700 N,063 35.641000 W,2.1,144.3,A,Primary,Headline,52.673469,D,S,196963.000000
Sun Aug 31 15:14:57 2025,31-Aug-2025,181504,47 28.698200 N,063 35.640600 W,2.1,144.6,A,Primary,Headline,52.673469,D,S,196963.000000
Sun Aug 31 15:14:57 2025,31-Aug-2025,181505,47 28.697700 N,063 35.640100 W,2.1,144.3,A,Primary,Headline,52.673469,D,S,196963.000000
Sun Aug 31 15:14:57 2025,31-Aug-2025,181506,47 28.697300 N,063 35.639600 W,2.1,144.3,A,Primary,Headline,52.673469,D,S,196963.000000
Sun Aug 31 15:14:57 2025,31-Aug-2025,181507,47 28.696900 N,063 35.639200 W,2.1,144.3,A,Primary,Headline,52.673469,D,S,196963.000000
Sun Aug 31 15:15:03 2025,31-Aug-2025,181508,47 28.696400 N,063 35.638600 W,2.0,144.1,A,Primary,Headline,10.224490,D,S,168780.000000
Sun Aug 31 15:15:03 2025,31-Aug-2025,181509,47 28.696000 N,063 35.638100 W,2.0,144.0,A,Primary,Headline,10.224490,D,S,168780.000000
Sun Aug 31 15:15:04 2025,31-Aug-2025,181510,47 28.695600 N,063 35.637700 W,2.0,144.4,A,Depth,Depth,84.166667,D,S,184639.000000
Sun Aug 31 15:15:04 2025,31-Aug-2025,181511,47 28.695100 N,063 35.637300 W,2.0,144.3,A,Depth,Depth,84.166667,D,S,184639.000000
Sun Aug 31 15:15:04 2025,31-Aug-2025,181512,47 28.694700 N,063 35.636900 W,2.0,144.1,A,Depth,Depth,84.166667,D,S,184639.000000
Sun Aug 31 15:15:08 2025,31-Aug-2025,181513,47 28.694300 N,063 35.636400 W,2.0,144.4,A,Primary,Headline,16.755102,D,S,164126.000000
Sun Aug 31 15:15:08 2025,31-Aug-2025,181514,47 28.694000 N,063 35.635900 W,2.0,144.6,A,Primary,Headline,16.755102,D,S,164126.000000
Sun Aug 31 15:15:08 2025,31-Aug-2025,181515,47 28.693600 N,063 35.635400 W,2.0,144.6,A,Primary,Headline,16.755102,D,S,164126.000000
Sun Aug 31 15:15:08 2025,31-Aug-2025,181516,47 28.693200 N,063 35.634900 W,2.0,144.8,A,Primary,Headline,16.755102,D,S,164126.000000
Sun Aug 31 15:15:11 2025,31-Aug-2025,181517,47 28.692900 N,063 35.634300 W,2.0,144.9,A,Depth,Depth,84.074074,D,P,246932.000000
Sun Aug 31 15:15:11 2025,31-Aug-2025,181518,47 28.692500 N,063 35.633800 W,2.0,144.5,A,Depth,Depth,84.074074,D,P,246932.000000
Sun Aug 31 15:15:13 2025,31-Aug-2025,181519,47 28.692000 N,063 35.633200 W,2.0,144.1,A,Primary,Headline,31.857143,D,S,163165.000000
Sun Aug 31 15:15:13 2025,31-Aug-2025,181520,47 28.691500 N,063 35.632800 W,2.0,144.1,A,Primary,Headline,31.857143,D,S,163165.000000
Sun Aug 31 15:15:13 2025,31-Aug-2025,181521,47 28.691100 N,063 35.632300 W,2.0,144.3,A,Primary,Headline,31.857143,D,S,163165.000000
Sun Aug 31 15:15:13 2025,31-Aug-2025,181522,47 28.690600 N,063 35.631800 W,2.0,144.3,A,Primary,Headline,31.857143,D,S,163165.000000
Sun Aug 31 15:15:13 2025,31-Aug-2025,181523,47 28.690200 N,063 35.631200 W,2.1,144.0,A,Primary,Headline,31.857143,D,S,163165.000000
Sun Aug 31 15:15:19 2025,31-Aug-2025,181524,47 28.689700 N,063 35.630700 W,2.1,143.8,A,Depth,Depth,84.629630,D,P,139546.000000
Sun Aug 31 15:15:19 2025,31-Aug-2025,181525,47 28.689300 N,063 35.630200 W,2.1,143.9,A,Depth,Depth,84.629630,D,P,139546.000000
Sun Aug 31 15:15:19 2025,31-Aug-2025,181526,47 28.688900 N,063 35.629500 W,2.1,143.9,A,Depth,Depth,84.629630,D,P,139546.000000
Sun Aug 31 15:15:19 2025,31-Aug-2025,181527,47 28.688500 N,063 35.628900 W,2.1,144.0,A,Depth,Depth,84.629630,D,P,139546.000000
Sun Aug 31 15:15:19 2025,31-Aug-2025,181528,47 28.688000 N,063 35.628200 W,2.1,144.2,A,Depth,Depth,84.629630,D,P,139546.000000
Sun Aug 31 15:15:24 2025,31-Aug-2025,181529,47 28.687500 N,063 35.627600 W,2.1,144.2,A,Primary,Headline,9.551020,D,S,194684.000000
Sun Aug 31 15:15:24 2025,31-Aug-2025,181530,47 28.687100 N,063 35.627000 W,2.1,144.2,A,Primary,Headline,9.551020,D,S,194684.000000
Sun Aug 31 15:15:24 2025,31-Aug-2025,181531,47 28.686600 N,063 35.626400 W,2.1,144.1,A,Primary,Headline,9.551020,D,S,194684.000000
Sun Aug 31 15:15:26 2025,31-Aug-2025,181532,47 28.686100 N,063 35.625700 W,2.1,143.7,A,Depth,Depth,84.259259,D,S,155068.000000
Sun Aug 31 15:15:26 2025,31-Aug-2025,181533,47 28.685700 N,063 35.625000 W,2.1,143.4,A,Depth,Depth,84.259259,D,S,155068.000000
Sun Aug 31 15:15:26 2025,31-Aug-2025,181534,47 28.685200 N,063 35.624500 W,2.2,143.6,A,Depth,Depth,84.259259,D,S,155068.000000
Sun Aug 31 15:15:29 2025,31-Aug-2025,181535,47 28.684600 N,063 35.624100 W,2.2,143.5,A,Primary,Headline,19.551020,D,S,174816.000000
Sun Aug 31 15:15:29 2025,31-Aug-2025,181536,47 28.684100 N,063 35.623800 W,2.2,143.5,A,Primary,Headline,19.551020,D,S,174816.000000
Sun Aug 31 15:15:29 2025,31-Aug-2025,181537,47 28.683600 N,063 35.623500 W,2.2,143.6,A,Primary,Headline,19.551020,D,S,174816.000000
Sun Aug 31 15:15:29 2025,31-Aug-2025,181538,47 28.683000 N,063 35.623000 W,2.2,143.6,A,Primary,Headline,19.551020,D,S,174816.000000
Sun Aug 31 15:15:33 2025,31-Aug-2025,181539,47 28.682400 N,063 35.622400 W,2.2,143.5,A,Depth,Depth,85.000000,D,S,126335.000000
Sun Aug 31 15:15:34 2025,31-Aug-2025,181540,47 28.682000 N,063 35.621900 W,2.2,143.5,A,Primary,Headline,11.408163,D,S,78042.000000
Sun Aug 31 15:15:34 2025,31-Aug-2025,181541,47 28.681500 N,063 35.621400 W,2.2,143.7,A,Primary,Headline,11.408163,D,S,78042.000000
Sun Aug 31 15:15:34 2025,31-Aug-2025,181542,47 28.681000 N,063 35.620800 W,2.2,143.7,A,Primary,Headline,11.408163,D,S,78042.000000
Sun Aug 31 15:15:34 2025,31-Aug-2025,181543,47 28.680600 N,063 35.620100 W,2.2,143.7,A,Primary,Headline,11.408163,D,S,78042.000000
Sun Aug 31 15:15:34 2025,31-Aug-2025,181544,47 28.680100 N,063 35.619600 W,2.2,143.7,A,Primary,Headline,11.408163,D,S,78042.000000
Sun Aug 31 15:15:40 2025,31-Aug-2025,181545,47 28.679500 N,063 35.619100 W,2.2,143.8,A,Primary,Headline,21.081633,D,S,117859.000000
Sun Aug 31 15:15:41 2025,31-Aug-2025,181546,47 28.678900 N,063 35.618700 W,2.2,143.9,A,Depth,Depth,83.888889,D,S,115205.000000
Sun Aug 31 15:15:41 2025,31-Aug-2025,181547,47 28.678400 N,063 35.618200 W,2.2,144.0,A,Depth,Depth,83.888889,D,S,115205.000000
Sun Aug 31 15:15:41 2025,31-Aug-2025,181548,47 28.677800 N,063 35.617700 W,2.2,144.1,A,Depth,Depth,83.888889,D,S,115205.000000
Sun Aug 31 15:15:41 2025,31-Aug-2025,181549,47 28.677300 N,063 35.617200 W,2.2,144.2,A,Depth,Depth,83.888889,D,S,115205.000000
Sun Aug 31 15:15:45 2025,31-Aug-2025,181550,47 28.676700 N,063 35.616600 W,2.2,144.3,A,Primary,Headline,12.959184,D,S,184922.000000
Sun Aug 31 15:15:45 2025,31-Aug-2025,181551,47 28.676100 N,063 35.616100 W,2.2,144.3,A,Primary,Headline,12.959184,D,S,184922.000000
Sun Aug 31 15:15:45 2025,31-Aug-2025,181552,47 28.675500 N,063 35.615600 W,2.2,144.4,A,Primary,Headline,12.959184,D,S,184922.000000
Sun Aug 31 15:15:45 2025,31-Aug-2025,181553,47 28.675000 N,063 35.615100 W,2.2,144.5,A,Primary,Headline,12.959184,D,S,184922.000000
Sun Aug 31 15:15:48 2025,31-Aug-2025,181554,47 28.674400 N,063 35.614500 W,2.2,144.6,A,Depth,Depth,84.166667,D,S,127791.000000
Sun Aug 31 15:15:48 2025,31-Aug-2025,181555,47 28.673800 N,063 35.613800 W,2.2,144.6,A,Depth,Depth,84.166667,D,S,127791.000000
Sun Aug 31 15:15:50 2025,31-Aug-2025,181556,47 28.673300 N,063 35.613200 W,2.1,144.6,A,Primary,Headline,25.857143,D,P,130500.000000
Sun Aug 31 15:15:50 2025,31-Aug-2025,181557,47 28.672600 N,063 35.612700 W,2.2,144.8,A,Primary,Headline,25.857143,D,P,130500.000000
Sun Aug 31 15:15:50 2025,31-Aug-2025,181558,47 28.672000 N,063 35.612300 W,2.1,144.9,A,Primary,Headline,25.857143,D,P,130500.000000
Sun Aug 31 15:15:50 2025,31-Aug-2025,181559,47 28.671500 N,063 35.611900 W,2.1,144.9,A,Primary,Headline,25.857143,D,P,130500.000000
Sun Aug 31 15:15:50 2025,31-Aug-2025,181600,47 28.671000 N,063 35.611600 W,2.1,145.0,A,Primary,Headline,25.857143,D,P,130500.000000
Sun Aug 31 15:15:56 2025,31-Aug-2025,181601,47 28.670500 N,063 35.611400 W,2.1,145.0,A,Primary,Headline,40.714286,D,S,145396.000000
Sun Aug 31 15:15:56 2025,31-Aug-2025,181602,47 28.670100 N,063 35.611000 W,2.1,144.9,A,Primary,Headline,40.714286,D,S,145396.000000
Sun Aug 31 15:15:56 2025,31-Aug-2025,181603,47 28.669600 N,063 35.610600 W,2.1,144.9,A,Primary,Headline,40.714286,D,S,145396.000000
Sun Aug 31 15:15:56 2025,31-Aug-2025,181604,47 28.669100 N,063 35.610100 W,2.1,144.8,A,Primary,Headline,40.714286,D,S,145396.000000
Sun Aug 31 15:15:56 2025,31-Aug-2025,181605,47 28.668500 N,063 35.609600 W,2.1,144.8,A,Primary,Headline,40.714286,D,S,145396.000000
Sun Aug 31 15:15:56 2025,31-Aug-2025,181606,47 28.668000 N,063 35.609100 W,2.1,144.7,A,Primary,Headline,40.714286,D,S,145396.000000
Sun Aug 31 15:16:01 2025,31-Aug-2025,181607,47 28.667500 N,063 35.608500 W,2.1,144.7,A,Primary,Headline,9.265306,D,P,119612.000000
Sun Aug 31 15:16:03 2025,31-Aug-2025,181608,47 28.667000 N,063 35.608000 W,2.1,145.0,A,Depth,Depth,84.259259,D,S,118578.000000
Sun Aug 31 15:16:03 2025,31-Aug-2025,181609,47 28.666500 N,063 35.607500 W,2.1,145.0,A,Depth,Depth,84.259259,D,S,118578.000000
Sun Aug 31 15:16:03 2025,31-Aug-2025,181610,47 28.666000 N,063 35.606900 W,2.1,144.9,A,Depth,Depth,84.259259,D,S,118578.000000
Sun Aug 31 15:16:03 2025,31-Aug-2025,181611,47 28.665600 N,063 35.606400 W,2.1,145.2,A,Depth,Depth,84.259259,D,S,118578.000000
Sun Aug 31 15:16:07 2025,31-Aug-2025,181612,47 28.665100 N,063 35.605900 W,2.1,144.8,A,Primary,Headline,39.265306,D,P,132063.000000
Sun Aug 31 15:16:07 2025,31-Aug-2025,181613,47 28.664700 N,063 35.605400 W,2.1,144.4,A,Primary,Headline,39.265306,D,P,132063.000000
Sun Aug 31 15:16:07 2025,31-Aug-2025,181614,47 28.664300 N,063 35.604800 W,2.2,144.3,A,Primary,Headline,39.265306,D,P,132063.000000
Sun Aug 31 15:16:07 2025,31-Aug-2025,181615,47 28.663700 N,063 35.604200 W,2.2,144.5,A,Primary,Headline,39.265306,D,P,132063.000000
Sun Aug 31 15:16:10 2025,31-Aug-2025,181616,47 28.663200 N,063 35.603500 W,2.3,144.2,A,Depth,Depth,83.333333,D,S,135777.000000
Sun Aug 31 15:16:10 2025,31-Aug-2025,181617,47 28.662600 N,063 35.602800 W,2.4,143.9,A,Depth,Depth,83.333333,D,S,135777.000000
Sun Aug 31 15:16:12 2025,31-Aug-2025,181618,47 28.661900 N,063 35.602100 W,2.5,143.7,A,Primary,Headline,24.367347,D,S,116235.000000
Sun Aug 31 15:16:12 2025,31-Aug-2025,181619,47 28.661200 N,063 35.601200 W,2.5,143.4,A,Primary,Headline,24.367347,D,S,116235.000000
Sun Aug 31 15:16:12 2025,31-Aug-2025,181620,47 28.660600 N,063 35.600300 W,2.6,143.2,A,Primary,Headline,24.367347,D,S,116235.000000
Sun Aug 31 15:16:12 2025,31-Aug-2025,181621,47 28.659900 N,063 35.599600 W,2.7,143.8,A,Primary,Headline,24.367347,D,S,116235.000000
Sun Aug 31 15:16:12 2025,31-Aug-2025,181622,47 28.659200 N,063 35.598800 W,2.8,144.0,A,Primary,Headline,24.367347,D,S,116235.000000
Sun Aug 31 15:16:17 2025,31-Aug-2025,181623,47 28.658500 N,063 35.597900 W,2.8,143.8,A,Primary,Headline,13.693878,D,S,93533.000000
Sun Aug 31 15:16:17 2025,31-Aug-2025,181624,47 28.657900 N,063 35.597000 W,2.9,143.6,A,Primary,Headline,13.693878,D,S,93533.000000
Sun Aug 31 15:16:17 2025,31-Aug-2025,181625,47 28.657300 N,063 35.596200 W,2.9,143.5,A,Primary,Headline,13.693878,D,S,93533.000000
Sun Aug 31 15:16:17 2025,31-Aug-2025,181626,47 28.656600 N,063 35.595300 W,3.0,143.5,A,Primary,Headline,13.693878,D,S,93533.000000
Sun Aug 31 15:16:17 2025,31-Aug-2025,181627,47 28.656100 N,063 35.594500 W,3.0,143.8,A,Primary,Headline,13.693878,D,S,93533.000000
Sun Aug 31 15:16:23 2025,31-Aug-2025,181628,47 28.655400 N,063 35.593700 W,3.0,143.6,A,Primary,Headline,26.734694,D,P,153107.000000
Sun Aug 31 15:16:23 2025,31-Aug-2025,181629,47 28.654900 N,063 35.592800 W,3.1,143.5,A,Primary,Headline,26.734694,D,P,153107.000000
Sun Aug 31 15:16:23 2025,31-Aug-2025,181630,47 28.654200 N,063 35.592000 W,3.1,143.5,A,Primary,Headline,26.734694,D,P,153107.000000
Sun Aug 31 15:16:23 2025,31-Aug-2025,181631,47 28.653500 N,063 35.591200 W,3.1,143.6,A,Primary,Headline,26.734694,D,P,153107.000000
Sun Aug 31 15:16:23 2025,31-Aug-2025,181632,47 28.652800 N,063 35.590500 W,3.1,143.9,A,Primary,Headline,26.734694,D,P,153107.000000
Sun Aug 31 15:16:23 2025,31-Aug-2025,181633,47 28.652100 N,063 35.589900 W,3.1,143.7,A,Primary,Headline,26.734694,D,P,153107.000000
Sun Aug 31 15:16:28 2025,31-Aug-2025,181634,47 28.651400 N,063 35.589200 W,3.1,143.8,A,Primary,Headline,32.183673,D,S,123434.000000
Sun Aug 31 15:16:28 2025,31-Aug-2025,181635,47 28.650600 N,063 35.588500 W,3.1,143.9,A,Primary,Headline,32.183673,D,S,123434.000000
Sun Aug 31 15:16:28 2025,31-Aug-2025,181636,47 28.649900 N,063 35.587800 W,3.1,143.7,A,Primary,Headline,32.183673,D,S,123434.000000
Sun Aug 31 15:16:28 2025,31-Aug-2025,181637,47 28.649100 N,063 35.587100 W,3.1,143.6,A,Primary,Headline,32.183673,D,S,123434.000000
Sun Aug 31 15:16:32 2025,31-Aug-2025,181638,47 28.648500 N,063 35.586500 W,3.0,143.7,A,Depth,Depth,77.407407,D,P,105481.000000
Sun Aug 31 15:16:34 2025,31-Aug-2025,181639,47 28.647900 N,063 35.585900 W,3.0,143.7,A,Primary,Headline,18.285714,D,S,136676.000000
Sun Aug 31 15:16:34 2025,31-Aug-2025,181640,47 28.647300 N,063 35.585300 W,2.9,143.8,A,Primary,Headline,18.285714,D,S,136676.000000
Sun Aug 31 15:16:34 2025,31-Aug-2025,181641,47 28.646700 N,063 35.584500 W,2.9,143.9,A,Primary,Headline,18.285714,D,S,136676.000000
Sun Aug 31 15:16:34 2025,31-Aug-2025,181642,47 28.646200 N,063 35.583900 W,2.8,144.0,A,Primary,Headline,18.285714,D,S,136676.000000
Sun Aug 31 15:16:34 2025,31-Aug-2025,181643,47 28.645600 N,063 35.583300 W,2.7,144.2,A,Primary,Headline,18.285714,D,S,136676.000000
Sun Aug 31 15:16:39 2025,31-Aug-2025,181644,47 28.645000 N,063 35.582700 W,2.7,144.4,A,Primary,Headline,14.387755,D,P,131155.000000
Sun Aug 31 15:16:39 2025,31-Aug-2025,181645,47 28.644300 N,063 35.582100 W,2.6,144.4,A,Depth,Depth,80.555556,D,S,55544.000000
Sun Aug 31 15:16:39 2025,31-Aug-2025,181646,47 28.643800 N,063 35.581600 W,2.5,144.5,A,Depth,Depth,80.555556,D,S,55544.000000
Sun Aug 31 15:16:39 2025,31-Aug-2025,181647,47 28.643100 N,063 35.581100 W,2.4,144.7,A,Depth,Depth,80.555556,D,S,55544.000000
Sun Aug 31 15:16:39 2025,31-Aug-2025,181648,47 28.642600 N,063 35.580600 W,2.4,144.6,A,Depth,Depth,80.555556,D,S,55544.000000
Sun Aug 31 15:16:44 2025,31-Aug-2025,181649,47 28.642100 N,063 35.580200 W,2.3,144.6,A,Primary,Headline,6.102041,D,S,115715.000000
Sun Aug 31 15:16:44 2025,31-Aug-2025,181650,47 28.641600 N,063 35.579700 W,2.3,144.7,A,Primary,Headline,6.102041,D,S,115715.000000
Sun Aug 31 15:16:44 2025,31-Aug-2025,181651,47 28.641100 N,063 35.579400 W,2.3,144.6,A,Primary,Headline,6.102041,D,S,115715.000000
Sun Aug 31 15:16:46 2025,31-Aug-2025,181652,47 28.640700 N,063 35.579000 W,2.2,144.6,A,Depth,Depth,71.944444,D,S,64134.000000
Sun Aug 31 15:16:46 2025,31-Aug-2025,181653,47 28.640200 N,063 35.578600 W,2.1,144.7,A,Depth,Depth,71.944444,D,S,64134.000000
Sun Aug 31 15:16:46 2025,31-Aug-2025,181654,47 28.639800 N,063 35.578300 W,2.1,144.7,A,Depth,Depth,71.944444,D,S,64134.000000
Sun Aug 31 15:16:49 2025,31-Aug-2025,181655,47 28.639300 N,063 35.577700 W,2.1,144.7,A,Primary,Headline,15.918367,D,S,123408.000000
Sun Aug 31 15:16:49 2025,31-Aug-2025,181656,47 28.638800 N,063 35.577200 W,2.1,144.7,A,Primary,Headline,15.918367,D,S,123408.000000
Sun Aug 31 15:16:49 2025,31-Aug-2025,181657,47 28.638400 N,063 35.576800 W,2.0,144.7,A,Primary,Headline,15.918367,D,S,123408.000000
Sun Aug 31 15:16:49 2025,31-Aug-2025,181658,47 28.638000 N,063 35.576300 W,2.0,145.3,A,Primary,Headline,15.918367,D,S,123408.000000
Sun Aug 31 15:16:54 2025,31-Aug-2025,181659,47 28.637500 N,063 35.575700 W,2.1,145.5,A,Depth,Depth,72.129630,D,S,96353.000000
Sun Aug 31 15:16:54 2025,31-Aug-2025,181700,47 28.637100 N,063 35.575200 W,2.0,145.6,A,Depth,Depth,72.129630,D,S,96353.000000
Sun Aug 31 15:16:55 2025,31-Aug-2025,181701,47 28.636800 N,063 35.574800 W,2.0,145.9,A,Primary,Headline,54.346939,D,S,134352.000000
Sun Aug 31 15:16:55 2025,31-Aug-2025,181702,47 28.636300 N,063 35.574400 W,2.0,145.8,A,Primary,Headline,54.346939,D,S,134352.000000
Sun Aug 31 15:16:55 2025,31-Aug-2025,181703,47 28.635900 N,063 35.573900 W,2.0,145.6,A,Primary,Headline,54.346939,D,S,134352.000000
Sun Aug 31 15:16:55 2025,31-Aug-2025,181704,47 28.635500 N,063 35.573500 W,2.0,145.5,A,Primary,Headline,54.346939,D,S,134352.000000
Sun Aug 31 15:16:55 2025,31-Aug-2025,181705,47 28.635100 N,063 35.573000 W,2.0,145.4,A,Primary,Headline,54.346939,D,S,134352.000000
Sun Aug 31 15:17:01 2025,31-Aug-2025,181706,47 28.634700 N,063 35.572500 W,2.0,145.2,A,Primary,Headline,57.428571,D,P,140414.000000
Sun Aug 31 15:17:01 2025,31-Aug-2025,181707,47 28.634200 N,063 35.572000 W,2.0,145.1,A,Primary,Headline,57.428571,D,P,140414.000000
Sun Aug 31 15:17:01 2025,31-Aug-2025,181708,47 28.633800 N,063 35.571600 W,1.9,145.1,A,Primary,Headline,57.428571,D,P,140414.000000
Sun Aug 31 15:17:01 2025,31-Aug-2025,181709,47 28.633400 N,063 35.571100 W,1.9,144.9,A,Primary,Headline,57.428571,D,P,140414.000000
Sun Aug 31 15:17:01 2025,31-Aug-2025,181710,47 28.632900 N,063 35.570500 W,2.0,144.8,A,Primary,Headline,57.428571,D,P,140414.000000
Sun Aug 31 15:17:01 2025,31-Aug-2025,181711,47 28.632500 N,063 35.570000 W,2.0,144.8,A,Primary,Headline,57.428571,D,P,140414.000000
Sun Aug 31 15:17:06 2025,31-Aug-2025,181712,47 28.632000 N,063 35.569500 W,2.0,145.0,A,Primary,Headline,15.102041,D,S,91331.000000
Sun Aug 31 15:17:06 2025,31-Aug-2025,181713,47 28.631500 N,063 35.569200 W,2.0,145.7,A,Primary,Headline,15.102041,D,S,91331.000000
Sun Aug 31 15:17:06 2025,31-Aug-2025,181714,47 28.631100 N,063 35.568800 W,2.0,146.1,A,Primary,Headline,15.102041,D,S,91331.000000
Sun Aug 31 15:17:06 2025,31-Aug-2025,181715,47 28.630600 N,063 35.568400 W,1.9,146.2,A,Primary,Headline,15.102041,D,S,91331.000000
Sun Aug 31 15:17:06 2025,31-Aug-2025,181716,47 28.630200 N,063 35.568000 W,2.0,146.3,A,Primary,Headline,15.102041,D,S,91331.000000
Sun Aug 31 15:17:12 2025,31-Aug-2025,181717,47 28.629700 N,063 35.567600 W,1.9,146.5,A,Primary,Headline,36.387755,D,S,116925.000000
Sun Aug 31 15:17:12 2025,31-Aug-2025,181718,47 28.629200 N,063 35.567200 W,1.9,146.5,A,Primary,Headline,36.387755,D,S,116925.000000
Sun Aug 31 15:17:12 2025,31-Aug-2025,181719,47 28.628600 N,063 35.566900 W,2.0,146.8,A,Primary,Headline,36.387755,D,S,116925.000000
Sun Aug 31 15:17:12 2025,31-Aug-2025,181720,47 28.628100 N,063 35.566600 W,1.9,147.0,A,Primary,Headline,36.387755,D,S,116925.000000
Sun Aug 31 15:17:15 2025,31-Aug-2025,181721,47 28.627700 N,063 35.566200 W,1.9,146.9,A,Depth,Depth,71.944444,D,S,74497.000000
Sun Aug 31 15:17:15 2025,31-Aug-2025,181722,47 28.627100 N,063 35.565800 W,2.0,147.0,A,Depth,Depth,71.944444,D,S,74497.000000
Sun Aug 31 15:17:18 2025,31-Aug-2025,181723,47 28.626500 N,063 35.565400 W,2.0,147.2,A,Primary,Headline,55.755102,D,P,82462.000000
Sun Aug 31 15:17:18 2025,31-Aug-2025,181724,47 28.626100 N,063 35.565000 W,1.9,147.1,A,Primary,Headline,55.755102,D,P,82462.000000
Sun Aug 31 15:17:18 2025,31-Aug-2025,181725,47 28.625700 N,063 35.564400 W,2.0,146.9,A,Primary,Headline,55.755102,D,P,82462.000000
Sun Aug 31 15:17:18 2025,31-Aug-2025,181726,47 28.625200 N,063 35.563800 W,2.0,146.7,A,Primary,Headline,55.755102,D,P,82462.000000
Sun Aug 31 15:17:18 2025,31-Aug-2025,181727,47 28.624700 N,063 35.563200 W,2.0,146.5,A,Primary,Headline,55.755102,D,P,82462.000000
Sun Aug 31 15:17:23 2025,31-Aug-2025,181728,47 28.624300 N,063 35.562600 W,2.0,146.1,A,Primary,Headline,8.346939,D,P,49915.000000
Sun Aug 31 15:17:23 2025,31-Aug-2025,181729,47 28.623900 N,063 35.562000 W,2.0,145.8,A,Primary,Headline,8.346939,D,S,163559.000000
Sun Aug 31 15:17:23 2025,31-Aug-2025,181730,47 28.623500 N,063 35.561400 W,2.0,145.5,A,Primary,Headline,8.346939,D,S,163559.000000
Sun Aug 31 15:17:23 2025,31-Aug-2025,181731,47 28.623100 N,063 35.560900 W,2.0,145.1,A,Primary,Headline,8.346939,D,S,163559.000000
Sun Aug 31 15:17:23 2025,31-Aug-2025,181732,47 28.622800 N,063 35.560200 W,2.0,144.6,A,Primary,Headline,8.346939,D,S,163559.000000
Sun Aug 31 15:17:23 2025,31-Aug-2025,181733,47 28.622400 N,063 35.559700 W,2.0,144.2,A,Primary,Headline,8.346939,D,S,163559.000000
Sun Aug 31 15:17:28 2025,31-Aug-2025,181734,47 28.622000 N,063 35.559100 W,2.0,143.9,A,Primary,Headline,10.632653,D,P,93852.000000
Sun Aug 31 15:17:28 2025,31-Aug-2025,181735,47 28.621500 N,063 35.558600 W,2.0,143.4,A,Primary,Headline,10.632653,D,P,93852.000000
Sun Aug 31 15:17:30 2025,31-Aug-2025,181736,47 28.621100 N,063 35.558300 W,2.0,142.9,A,Depth,Depth,68.888889,D,S,179772.000000
Sun Aug 31 15:17:30 2025,31-Aug-2025,181737,47 28.620700 N,063 35.558000 W,2.0,142.7,A,Depth,Depth,68.888889,D,S,179772.000000
Sun Aug 31 15:17:30 2025,31-Aug-2025,181738,47 28.620200 N,063 35.557600 W,2.0,142.5,A,Depth,Depth,68.888889,D,S,179772.000000
Sun Aug 31 15:17:30 2025,31-Aug-2025,181739,47 28.619700 N,063 35.557100 W,2.0,142.4,A,Depth,Depth,68.888889,D,S,179772.000000
Sun Aug 31 15:17:34 2025,31-Aug-2025,181740,47 28.619300 N,063 35.556700 W,2.0,142.6,A,Primary,Headline,54.448980,D,S,165166.000000
Sun Aug 31 15:17:34 2025,31-Aug-2025,181741,47 28.618900 N,063 35.556100 W,2.0,142.5,A,Primary,Headline,54.448980,D,S,165166.000000
Sun Aug 31 15:17:34 2025,31-Aug-2025,181742,47 28.618500 N,063 35.555500 W,2.0,142.2,A,Primary,Headline,54.448980,D,S,165166.000000
Sun Aug 31 15:17:37 2025,31-Aug-2025,181743,47 28.618100 N,063 35.555100 W,2.0,142.1,A,Depth,Depth,66.296296,D,S,94658.000000
Sun Aug 31 15:17:37 2025,31-Aug-2025,181744,47 28.617700 N,063 35.554500 W,2.0,142.0,A,Depth,Depth,66.296296,D,S,94658.000000
Sun Aug 31 15:17:39 2025,31-Aug-2025,181745,47 28.617300 N,063 35.553900 W,2.0,142.0,A,Primary,Headline,23.020408,D,S,140235.000000
Sun Aug 31 15:17:39 2025,31-Aug-2025,181746,47 28.616800 N,063 35.553200 W,2.1,142.0,A,Primary,Headline,23.020408,D,S,140235.000000
Sun Aug 31 15:17:39 2025,31-Aug-2025,181747,47 28.616300 N,063 35.552500 W,2.1,142.3,A,Primary,Headline,23.020408,D,S,140235.000000
Sun Aug 31 15:17:39 2025,31-Aug-2025,181748,47 28.615900 N,063 35.551900 W,2.1,142.6,A,Primary,Headline,23.020408,D,S,140235.000000
Sun Aug 31 15:17:39 2025,31-Aug-2025,181749,47 28.615500 N,063 35.551300 W,2.1,143.0,A,Primary,Headline,23.020408,D,S,140235.000000
Sun Aug 31 15:17:45 2025,31-Aug-2025,181750,47 28.615000 N,063 35.550700 W,2.1,143.3,A,Primary,Headline,28.673469,D,S,92166.000000
Sun Aug 31 15:17:45 2025,31-Aug-2025,181751,47 28.614500 N,063 35.550000 W,2.1,143.4,A,Primary,Headline,28.673469,D,S,92166.000000
Sun Aug 31 15:17:45 2025,31-Aug-2025,181752,47 28.614100 N,063 35.549500 W,2.1,143.5,A,Primary,Headline,28.673469,D,S,92166.000000
Sun Aug 31 15:17:45 2025,31-Aug-2025,181753,47 28.613600 N,063 35.548900 W,2.1,144.0,A,Primary,Headline,28.673469,D,S,92166.000000
Sun Aug 31 15:17:45 2025,31-Aug-2025,181754,47 28.613000 N,063 35.548400 W,2.1,144.2,A,Primary,Headline,28.673469,D,S,92166.000000
Sun Aug 31 15:17:45 2025,31-Aug-2025,181755,47 28.612600 N,063 35.547800 W,2.1,144.4,A,Primary,Headline,28.673469,D,S,92166.000000
Sun Aug 31 15:17:51 2025,31-Aug-2025,181756,47 28.612300 N,063 35.547300 W,2.1,144.9,A,Primary,Headline,58.183673,D,P,100764.000000
Sun Aug 31 15:17:52 2025,31-Aug-2025,181757,47 28.611800 N,063 35.546900 W,2.1,145.6,A,Depth,Depth,64.907407,D,S,94878.000000
Sun Aug 31 15:17:52 2025,31-Aug-2025,181758,47 28.611300 N,063 35.546400 W,2.2,145.9,A,Depth,Depth,64.907407,D,S,94878.000000
Sun Aug 31 15:17:52 2025,31-Aug-2025,181759,47 28.610800 N,063 35.545900 W,2.1,146.1,A,Depth,Depth,64.907407,D,S,94878.000000
Sun Aug 31 15:17:52 2025,31-Aug-2025,181800,47 28.610400 N,063 35.545400 W,2.1,146.2,A,Depth,Depth,64.907407,D,S,94878.000000
Sun Aug 31 15:17:52 2025,31-Aug-2025,181801,47 28.610000 N,063 35.545000 W,2.1,146.2,A,Depth,Depth,64.907407,D,S,94878.000000
Sun Aug 31 15:17:57 2025,31-Aug-2025,181802,47 28.609600 N,063 35.544400 W,2.1,146.7,A,Primary,Headline,56.489796,D,S,126019.000000
Sun Aug 31 15:17:57 2025,31-Aug-2025,181803,47 28.609200 N,063 35.544000 W,2.1,147.3,A,Primary,Headline,56.489796,D,S,126019.000000
Sun Aug 31 15:17:59 2025,31-Aug-2025,181804,47 28.608700 N,063 35.543500 W,2.1,147.7,A,Depth,Depth,63.518519,D,P,76700.000000
Sun Aug 31 15:17:59 2025,31-Aug-2025,181805,47 28.608300 N,063 35.543200 W,2.1,147.9,A,Depth,Depth,63.703704,D,S,67966.000000
Sun Aug 31 15:17:59 2025,31-Aug-2025,181806,47 28.607800 N,063 35.542700 W,2.1,148.0,A,Depth,Depth,63.703704,D,S,67966.000000
Sun Aug 31 15:18:02 2025,31-Aug-2025,181807,47 28.607300 N,063 35.542300 W,2.1,148.1,A,Primary,Headline,11.408163,D,S,86578.000000
Sun Aug 31 15:18:02 2025,31-Aug-2025,181808,47 28.606800 N,063 35.542000 W,2.1,148.1,A,Primary,Headline,11.408163,D,S,86578.000000
Sun Aug 31 15:18:02 2025,31-Aug-2025,181809,47 28.606300 N,063 35.541600 W,2.1,148.1,A,Primary,Headline,11.408163,D,S,86578.000000
Sun Aug 31 15:18:02 2025,31-Aug-2025,181810,47 28.605800 N,063 35.541200 W,2.1,148.1,A,Primary,Headline,11.408163,D,S,86578.000000
Sun Aug 31 15:18:02 2025,31-Aug-2025,181811,47 28.605400 N,063 35.540900 W,2.0,148.0,A,Primary,Headline,11.408163,D,S,86578.000000
Sun Aug 31 15:18:06 2025,31-Aug-2025,181812,47 28.604900 N,063 35.540600 W,2.1,148.3,A,Depth,Depth,60.925926,D,S,70356.000000
Sun Aug 31 15:18:06 2025,31-Aug-2025,181813,47 28.604300 N,063 35.540300 W,2.0,148.3,A,Depth,Depth,60.925926,D,S,70356.000000
Sun Aug 31 15:18:06 2025,31-Aug-2025,181814,47 28.603800 N,063 35.539900 W,2.0,148.3,A,Depth,Depth,60.925926,D,S,70356.000000
Sun Aug 31 15:18:06 2025,31-Aug-2025,181815,47 28.603300 N,063 35.539500 W,2.0,147.9,A,Depth,Depth,60.925926,D,S,70356.000000
Sun Aug 31 15:18:06 2025,31-Aug-2025,181816,47 28.602900 N,063 35.539000 W,2.0,147.4,A,Depth,Depth,60.925926,D,S,70356.000000
Sun Aug 31 15:18:06 2025,31-Aug-2025,181817,47 28.602300 N,063 35.538600 W,2.0,147.0,A,Depth,Depth,60.925926,D,S,70356.000000
Sun Aug 31 15:18:06 2025,31-Aug-2025,181818,47 28.601900 N,063 35.538200 W,2.0,146.9,A,Depth,Depth,60.925926,D,S,70356.000000
Sun Aug 31 15:18:06 2025,31-Aug-2025,181819,47 28.601400 N,063 35.537800 W,1.9,146.8,A,Depth,Depth,60.925926,D,S,70356.000000
Sun Aug 31 15:18:06 2025,31-Aug-2025,181820,47 28.601000 N,063 35.537400 W,1.9,146.8,A,Depth,Depth,60.925926,D,S,70356.000000
Sun Aug 31 15:18:06 2025,31-Aug-2025,181821,47 28.600500 N,063 35.537000 W,1.9,146.7,A,Depth,Depth,60.925926,D,S,70356.000000
Sun Aug 31 15:18:06 2025,31-Aug-2025,181822,47 28.600100 N,063 35.536600 W,1.9,146.5,A,Depth,Depth,60.925926,D,S,70356.000000
Sun Aug 31 15:18:06 2025,31-Aug-2025,181823,47 28.599700 N,063 35.536100 W,1.9,146.1,A,Depth,Depth,60.925926,D,S,70356.000000
Sun Aug 31 15:18:06 2025,31-Aug-2025,181824,47 28.599300 N,063 35.535700 W,1.9,145.9,A,Depth,Depth,60.925926,D,S,70356.000000
Sun Aug 31 15:18:06 2025,31-Aug-2025,181825,47 28.598800 N,063 35.535300 W,1.9,145.7,A,Depth,Depth,60.925926,D,S,70356.000000
Sun Aug 31 15:18:06 2025,31-Aug-2025,181826,47 28.598400 N,063 35.534900 W,1.9,145.6,A,Depth,Depth,60.925926,D,S,70356.000000
Sun Aug 31 15:18:06 2025,31-Aug-2025,181827,47 28.598000 N,063 35.534500 W,1.9,145.4,A,Depth,Depth,60.925926,D,S,70356.000000
Sun Aug 31 15:18:06 2025,31-Aug-2025,181828,47 28.597600 N,063 35.534000 W,1.8,145.2,A,Depth,Depth,60.925926,D,S,70356.000000
Sun Aug 31 15:18:06 2025,31-Aug-2025,181829,47 28.597300 N,063 35.533500 W,1.9,144.9,A,Depth,Depth,60.925926,D,S,70356.000000
Sun Aug 31 15:18:25 2025,31-Aug-2025,181830,47 28.596900 N,063 35.532700 W,1.9,144.4,A,Primary,Headline,7.061224,D,P,70687.000000
Sun Aug 31 15:18:25 2025,31-Aug-2025,181831,47 28.596600 N,063 35.532000 W,1.9,144.0,A,Primary,Headline,7.061224,D,P,70687.000000
Sun Aug 31 15:18:25 2025,31-Aug-2025,181832,47 28.596300 N,063 35.531400 W,1.8,143.7,A,Primary,Headline,7.061224,D,P,70687.000000
Sun Aug 31 15:18:28 2025,31-Aug-2025,181833,47 28.595900 N,063 35.530800 W,1.9,143.8,A,Depth,Depth,56.388889,D,P,115998.000000
Sun Aug 31 15:18:28 2025,31-Aug-2025,181834,47 28.595500 N,063 35.530200 W,1.9,143.9,A,Depth,Depth,56.388889,D,P,115998.000000
Sun Aug 31 15:18:28 2025,31-Aug-2025,181835,47 28.595200 N,063 35.529700 W,1.8,143.9,A,Depth,Depth,56.388889,D,P,115998.000000
Sun Aug 31 15:18:30 2025,31-Aug-2025,181836,47 28.594800 N,063 35.529200 W,1.8,143.9,A,Primary,Headline,49.551020,D,P,173222.000000
Sun Aug 31 15:18:30 2025,31-Aug-2025,181837,47 28.594400 N,063 35.528700 W,1.8,143.8,A,Primary,Headline,49.551020,D,P,173222.000000
Sun Aug 31 15:18:30 2025,31-Aug-2025,181838,47 28.594000 N,063 35.528200 W,1.8,143.7,A,Primary,Headline,49.551020,D,P,173222.000000
Sun Aug 31 15:18:30 2025,31-Aug-2025,181839,47 28.593600 N,063 35.527700 W,1.8,143.5,A,Primary,Headline,49.551020,D,P,173222.000000
Sun Aug 31 15:18:30 2025,31-Aug-2025,181840,47 28.593200 N,063 35.527200 W,1.8,143.3,A,Primary,Headline,49.551020,D,P,173222.000000
Sun Aug 31 15:18:35 2025,31-Aug-2025,181841,47 28.592700 N,063 35.526800 W,1.9,142.8,A,Depth,Depth,55.555556,D,P,112996.000000
Sun Aug 31 15:18:36 2025,31-Aug-2025,181842,47 28.592200 N,063 35.526300 W,1.8,142.5,A,Primary,Headline,56.755102,D,S,145980.000000
Sun Aug 31 15:18:36 2025,31-Aug-2025,181843,47 28.591800 N,063 35.525900 W,1.8,142.4,A,Primary,Headline,56.755102,D,S,145980.000000
Sun Aug 31 15:18:36 2025,31-Aug-2025,181844,47 28.591300 N,063 35.525500 W,1.8,142.4,A,Primary,Headline,56.755102,D,S,145980.000000
Sun Aug 31 15:18:36 2025,31-Aug-2025,181845,47 28.590800 N,063 35.525000 W,1.8,142.3,A,Primary,Headline,56.755102,D,S,145980.000000
Sun Aug 31 15:18:36 2025,31-Aug-2025,181846,47 28.590400 N,063 35.524600 W,1.8,142.3,A,Primary,Headline,56.755102,D,S,145980.000000
Sun Aug 31 15:18:36 2025,31-Aug-2025,181847,47 28.590000 N,063 35.524100 W,1.8,142.2,A,Primary,Headline,56.755102,D,S,145980.000000
Sun Aug 31 15:18:42 2025,31-Aug-2025,181848,47 28.589600 N,063 35.523600 W,1.8,141.8,A,Primary,Headline,50.204082,D,S,199241.000000
Sun Aug 31 15:18:42 2025,31-Aug-2025,181849,47 28.589200 N,063 35.523100 W,1.9,141.4,A,Primary,Headline,50.204082,D,S,199241.000000
Sun Aug 31 15:18:42 2025,31-Aug-2025,181850,47 28.588800 N,063 35.522600 W,1.8,141.1,A,Primary,Headline,50.204082,D,S,199241.000000
Sun Aug 31 15:18:42 2025,31-Aug-2025,181851,47 28.588500 N,063 35.522000 W,1.9,141.1,A,Primary,Headline,50.204082,D,S,199241.000000
Sun Aug 31 15:18:42 2025,31-Aug-2025,181852,47 28.588100 N,063 35.521400 W,1.9,141.6,A,Primary,Headline,50.204082,D,S,199241.000000
Sun Aug 31 15:18:42 2025,31-Aug-2025,181853,47 28.587600 N,063 35.520800 W,1.9,142.1,A,Primary,Headline,50.204082,D,S,199241.000000
Sun Aug 31 15:18:48 2025,31-Aug-2025,181854,47 28.587300 N,063 35.520300 W,1.9,142.1,A,Primary,Headline,45.632653,D,S,89367.000000
Sun Aug 31 15:18:48 2025,31-Aug-2025,181855,47 28.586900 N,063 35.520000 W,1.9,141.7,A,Primary,Headline,45.632653,D,S,89367.000000
Sun Aug 31 15:18:48 2025,31-Aug-2025,181856,47 28.586600 N,063 35.519600 W,1.9,141.2,A,Primary,Headline,45.632653,D,S,89367.000000
Sun Aug 31 15:18:48 2025,31-Aug-2025,181857,47 28.586300 N,063 35.519300 W,1.9,140.7,A,Primary,Headline,45.632653,D,S,89367.000000
Sun Aug 31 15:18:48 2025,31-Aug-2025,181858,47 28.585900 N,063 35.518900 W,1.9,140.5,A,Primary,Headline,45.632653,D,S,89367.000000
Sun Aug 31 15:18:54 2025,31-Aug-2025,181859,47 28.585500 N,063 35.518500 W,2.0,140.8,A,Primary,Headline,51.612245,D,P,101443.000000
Sun Aug 31 15:18:54 2025,31-Aug-2025,181900,47 28.584900 N,063 35.517900 W,2.0,140.8,A,Primary,Headline,51.612245,D,P,101443.000000
Sun Aug 31 15:18:54 2025,31-Aug-2025,181901,47 28.584500 N,063 35.517400 W,1.9,140.8,A,Primary,Headline,51.612245,D,P,101443.000000
Sun Aug 31 15:18:57 2025,31-Aug-2025,181902,47 28.584000 N,063 35.517000 W,1.9,140.9,A,Depth,Depth,50.185185,D,S,41099.000000
Sun Aug 31 15:18:57 2025,31-Aug-2025,181903,47 28.583600 N,063 35.516500 W,1.9,141.1,A,Depth,Depth,50.185185,D,S,41099.000000
Sun Aug 31 15:18:57 2025,31-Aug-2025,181904,47 28.583300 N,063 35.516000 W,1.9,141.4,A,Depth,Depth,50.185185,D,S,41099.000000
Sun Aug 31 15:18:59 2025,31-Aug-2025,181905,47 28.582900 N,063 35.515600 W,1.9,141.7,A,Primary,Headline,43.489796,D,S,76900.000000
Sun Aug 31 15:18:59 2025,31-Aug-2025,181906,47 28.582500 N,063 35.515100 W,1.9,141.9,A,Primary,Headline,43.489796,D,S,76900.000000
Sun Aug 31 15:18:59 2025,31-Aug-2025,181907,47 28.582100 N,063 35.514600 W,2.0,142.2,A,Primary,Headline,43.489796,D,S,76900.000000
Sun Aug 31 15:18:59 2025,31-Aug-2025,181908,47 28.581600 N,063 35.514200 W,1.9,142.3,A,Primary,Headline,43.489796,D,S,76900.000000
Sun Aug 31 15:19:04 2025,31-Aug-2025,181909,47 28.581300 N,063 35.513800 W,1.9,142.4,A,Depth,Depth,46.388889,D,S,80542.000000
Sun Aug 31 15:19:04 2025,31-Aug-2025,181910,47 28.580900 N,063 35.513300 W,1.9,143.0,A,Depth,Depth,46.388889,D,S,80542.000000
Sun Aug 31 15:19:05 2025,31-Aug-2025,181911,47 28.580400 N,063 35.512900 W,1.9,143.0,A,Primary,Headline,41.510204,D,S,63745.000000
Sun Aug 31 15:19:05 2025,31-Aug-2025,181912,47 28.579900 N,063 35.512500 W,1.9,143.0,A,Primary,Headline,41.510204,D,S,63745.000000
Sun Aug 31 15:19:05 2025,31-Aug-2025,181913,47 28.579500 N,063 35.512100 W,1.9,143.1,A,Primary,Headline,41.510204,D,S,63745.000000
Sun Aug 31 15:19:05 2025,31-Aug-2025,181914,47 28.579100 N,063 35.511700 W,1.9,143.1,A,Primary,Headline,41.510204,D,S,63745.000000
Sun Aug 31 15:19:05 2025,31-Aug-2025,181915,47 28.578800 N,063 35.511300 W,1.9,142.7,A,Primary,Headline,41.510204,D,S,63745.000000
Sun Aug 31 15:19:11 2025,31-Aug-2025,181916,47 28.578500 N,063 35.510900 W,1.9,142.5,A,Primary,Headline,39.510204,D,S,113225.000000
Sun Aug 31 15:19:11 2025,31-Aug-2025,181917,47 28.578200 N,063 35.510500 W,1.8,142.5,A,Primary,Headline,39.510204,D,S,113225.000000
Sun Aug 31 15:19:11 2025,31-Aug-2025,181918,47 28.577800 N,063 35.510100 W,1.9,142.2,A,Primary,Headline,39.510204,D,S,113225.000000
Sun Aug 31 15:19:11 2025,31-Aug-2025,181919,47 28.577400 N,063 35.509700 W,1.9,142.2,A,Primary,Headline,39.510204,D,S,113225.000000
Sun Aug 31 15:19:11 2025,31-Aug-2025,181920,47 28.577000 N,063 35.509300 W,1.9,142.2,A,Primary,Headline,39.510204,D,S,113225.000000
Sun Aug 31 15:19:11 2025,31-Aug-2025,181921,47 28.576600 N,063 35.508900 W,1.9,142.0,A,Primary,Headline,39.510204,D,S,113225.000000
Sun Aug 31 15:19:16 2025,31-Aug-2025,181922,47 28.576100 N,063 35.508300 W,1.9,141.8,A,Primary,Headline,39.367347,D,S,178144.000000
Sun Aug 31 15:19:16 2025,31-Aug-2025,181923,47 28.575700 N,063 35.507900 W,1.9,141.6,A,Primary,Headline,39.367347,D,S,178144.000000
Sun Aug 31 15:19:16 2025,31-Aug-2025,181924,47 28.575300 N,063 35.507400 W,1.9,141.6,A,Primary,Headline,39.367347,D,S,178144.000000
Sun Aug 31 15:19:16 2025,31-Aug-2025,181925,47 28.574900 N,063 35.507000 W,1.9,141.6,A,Primary,Headline,39.367347,D,S,178144.000000
Sun Aug 31 15:19:16 2025,31-Aug-2025,181926,47 28.574400 N,063 35.506500 W,1.9,141.6,A,Primary,Headline,39.367347,D,S,178144.000000
Sun Aug 31 15:19:16 2025,31-Aug-2025,181927,47 28.574000 N,063 35.506000 W,1.9,141.5,A,Primary,Headline,39.367347,D,S,178144.000000
Sun Aug 31 15:19:22 2025,31-Aug-2025,181928,47 28.573600 N,063 35.505500 W,1.9,141.5,A,Primary,Headline,36.979592,D,S,172482.000000
Sun Aug 31 15:19:22 2025,31-Aug-2025,181929,47 28.573200 N,063 35.505100 W,1.9,141.5,A,Primary,Headline,36.979592,D,S,172482.000000
Sun Aug 31 15:19:22 2025,31-Aug-2025,181930,47 28.572700 N,063 35.504300 W,1.9,141.4,A,Primary,Headline,36.979592,D,S,172482.000000
Sun Aug 31 15:19:25 2025,31-Aug-2025,181931,47 28.572100 N,063 35.503500 W,1.9,141.2,A,Depth,Depth,39.814815,D,P,152006.000000
Sun Aug 31 15:19:25 2025,31-Aug-2025,181932,47 28.571600 N,063 35.502800 W,1.9,141.0,A,Depth,Depth,39.814815,D,P,152006.000000
