Ship Number,Trip Number,Tow Number
AVALON VOYAGER,1,8
Comments
"ZONE12"
CPU Date and Time,GPS Date,GPS Time,Latitude,Longitude,Speed,Heading,Validity,Transducer Name,Sensor Name,Sensor Value,Error Code,Hydrophone,Signal Strength
,17-Jul-2025,223113,48 54.620300 N,063 11.915900 W,3.4,266.1,A,,,,,,
,17-Jul-2025,223114,48 54.620200 N,063 11.917200 W,3.3,266.3,A,,,,,,
,17-Jul-2025,223115,48 54.620200 N,063 11.918500 W,3.2,266.4,A,,,,,,
,17-Jul-2025,223116,48 54.620300 N,063 11.919900 W,3.3,267.0,A,,,,,,
Thu Jul 17 19:31:18 2025,17-Jul-2025,223117,48 54.620400 N,063 11.921300 W,3.3,267.4,A,DoorSpread,DoorMaster,1.925000,D,S,37334.000000
Thu Jul 17 19:31:18 2025,17-Jul-2025,223118,48 54.620200 N,063 11.922700 W,3.3,267.0,A,DoorSpread,DoorMaster,1.925000,D,S,37334.000000
Thu Jul 17 19:31:18 2025,17-Jul-2025,223119,48 54.620000 N,063 11.923900 W,3.2,266.7,A,DoorSpread,DoorMaster,1.925000,D,S,37334.000000
Thu Jul 17 19:31:18 2025,17-Jul-2025,223120,48 54.619900 N,063 11.925000 W,3.1,266.4,A,DoorSpread,DoorMaster,1.925000,D,S,37334.000000
Thu Jul 17 19:31:18 2025,17-Jul-2025,223121,48 54.619900 N,063 11.926400 W,3.2,266.4,A,DoorSpread,DoorMaster,1.925000,D,S,37334.000000
Thu Jul 17 19:31:18 2025,17-Jul-2025,223122,48 54.620000 N,063 11.927700 W,3.2,266.6,A,DoorSpread,DoorMaster,1.925000,D,S,37334.000000
Thu Jul 17 19:31:23 2025,17-Jul-2025,223123,48 54.620100 N,063 11.929000 W,3.2,267.0,A,DoorSpread,DoorMaster,2.125000,D,P,34384.000000
Thu Jul 17 19:31:23 2025,17-Jul-2025,223124,48 54.620100 N,063 11.930200 W,3.1,267.1,A,DoorSpread,DoorMaster,2.125000,D,P,34384.000000
Thu Jul 17 19:31:23 2025,17-Jul-2025,223125,48 54.620000 N,063 11.931500 W,3.1,267.0,A,DoorSpread,DoorMaster,2.125000,D,P,34384.000000
Thu Jul 17 19:31:23 2025,17-Jul-2025,223126,48 54.619900 N,063 11.932700 W,3.1,266.7,A,DoorSpread,DoorMaster,2.125000,D,P,34384.000000
Thu Jul 17 19:31:23 2025,17-Jul-2025,223127,48 54.619800 N,063 11.933900 W,3.0,266.5,A,DoorSpread,DoorMaster,2.125000,D,P,34384.000000
Thu Jul 17 19:31:29 2025,17-Jul-2025,223128,48 54.619900 N,063 11.935100 W,3.1,266.4,A,DoorSpread,DoorMaster,1.810000,D,S,49310.000000
Thu Jul 17 19:31:29 2025,17-Jul-2025,223129,48 54.619900 N,063 11.936400 W,3.1,266.2,A,DoorSpread,DoorMaster,1.810000,D,S,49310.000000
Thu Jul 17 19:31:29 2025,17-Jul-2025,223130,48 54.619800 N,063 11.937700 W,3.0,265.8,A,DoorSpread,DoorMaster,1.810000,D,S,49310.000000
Thu Jul 17 19:31:29 2025,17-Jul-2025,223131,48 54.619600 N,063 11.938900 W,3.0,265.0,A,DoorSpread,DoorMaster,1.810000,D,S,49310.000000
Thu Jul 17 19:31:29 2025,17-Jul-2025,223132,48 54.619400 N,063 11.940100 W,2.9,264.3,A,DoorSpread,DoorMaster,1.810000,D,S,49310.000000
Thu Jul 17 19:31:34 2025,17-Jul-2025,223133,48 54.619200 N,063 11.941300 W,2.9,263.8,A,DoorSpread,DoorMaster,1.740000,D,S,41562.000000
Thu Jul 17 19:31:34 2025,17-Jul-2025,223134,48 54.619100 N,063 11.942600 W,3.0,263.2,A,DoorSpread,DoorMaster,1.740000,D,S,41562.000000
Thu Jul 17 19:31:34 2025,17-Jul-2025,223135,48 54.618900 N,063 11.943900 W,2.9,262.5,A,DoorSpread,DoorMaster,1.740000,D,S,41562.000000
Thu Jul 17 19:31:34 2025,17-Jul-2025,223136,48 54.618800 N,063 11.945100 W,2.9,261.8,A,DoorSpread,DoorMaster,1.740000,D,S,41562.000000
Thu Jul 17 19:31:34 2025,17-Jul-2025,223137,48 54.618900 N,063 11.946500 W,2.9,261.6,A,DoorSpread,DoorMaster,1.740000,D,S,41562.000000
Thu Jul 17 19:31:34 2025,17-Jul-2025,223138,48 54.618900 N,063 11.947900 W,3.0,261.5,A,DoorSpread,DoorMaster,1.740000,D,S,41562.000000
Thu Jul 17 19:31:34 2025,17-Jul-2025,223139,48 54.618900 N,063 11.949100 W,2.9,261.6,A,DoorSpread,DoorMaster,1.740000,D,S,41562.000000
Thu Jul 17 19:31:34 2025,17-Jul-2025,223140,48 54.619000 N,063 11.950300 W,2.9,261.7,A,DoorSpread,DoorMaster,1.740000,D,S,41562.000000
Thu Jul 17 19:31:34 2025,17-Jul-2025,223141,48 54.619000 N,063 11.951400 W,2.9,261.9,A,DoorSpread,DoorMaster,1.740000,D,S,41562.000000
Thu Jul 17 19:31:34 2025,17-Jul-2025,223142,48 54.619100 N,063 11.952700 W,2.9,262.3,A,DoorSpread,DoorMaster,1.740000,D,S,41562.000000
Thu Jul 17 19:31:34 2025,17-Jul-2025,223143,48 54.619200 N,063 11.953900 W,2.9,262.6,A,DoorSpread,DoorMaster,1.740000,D,S,41562.000000
Thu Jul 17 19:31:34 2025,17-Jul-2025,223144,48 54.619200 N,063 11.955200 W,2.9,262.8,A,DoorSpread,DoorMaster,1.740000,D,S,41562.000000
Thu Jul 17 19:31:34 2025,17-Jul-2025,223145,48 54.619100 N,063 11.956500 W,3.0,263.2,A,DoorSpread,DoorMaster,1.740000,D,S,41562.000000
Thu Jul 17 19:31:34 2025,17-Jul-2025,223146,48 54.619100 N,063 11.957700 W,2.9,263.4,A,DoorSpread,DoorMaster,1.740000,D,S,41562.000000
Thu Jul 17 19:31:34 2025,17-Jul-2025,223147,48 54.619000 N,063 11.958800 W,2.9,263.6,A,DoorSpread,DoorMaster,1.740000,D,S,41562.000000
Thu Jul 17 19:31:49 2025,17-Jul-2025,223148,48 54.619100 N,063 11.960200 W,3.0,264.0,A,DoorSpread,DoorMaster,1.680000,D,P,408985.000000
Thu Jul 17 19:31:49 2025,17-Jul-2025,223149,48 54.619200 N,063 11.961500 W,3.0,264.5,A,DoorSpread,DoorMaster,1.680000,D,P,408985.000000
Thu Jul 17 19:31:49 2025,17-Jul-2025,223150,48 54.619200 N,063 11.962800 W,3.0,265.2,A,DoorSpread,DoorMaster,1.680000,D,P,408985.000000
Thu Jul 17 19:31:49 2025,17-Jul-2025,223151,48 54.619200 N,063 11.964000 W,2.9,265.7,A,DoorSpread,DoorMaster,1.680000,D,P,408985.000000
Thu Jul 17 19:31:49 2025,17-Jul-2025,223152,48 54.619300 N,063 11.965000 W,2.9,266.1,A,DoorSpread,DoorMaster,1.680000,D,P,408985.000000
Thu Jul 17 19:31:49 2025,17-Jul-2025,223153,48 54.619400 N,063 11.966200 W,2.9,266.6,A,DoorSpread,DoorMaster,1.680000,D,P,408985.000000
Thu Jul 17 19:31:55 2025,17-Jul-2025,223154,48 54.619500 N,063 11.967500 W,2.9,267.3,A,DoorSpread,DoorMaster,1.655000,D,P,150875.000000
Thu Jul 17 19:31:55 2025,17-Jul-2025,223155,48 54.619500 N,063 11.968700 W,2.9,267.7,A,DoorSpread,DoorMaster,1.655000,D,P,150875.000000
Thu Jul 17 19:31:55 2025,17-Jul-2025,223156,48 54.619500 N,063 11.969800 W,2.9,267.8,A,DoorSpread,DoorMaster,1.655000,D,P,150875.000000
Thu Jul 17 19:31:55 2025,17-Jul-2025,223157,48 54.619500 N,063 11.970900 W,2.9,267.3,A,DoorSpread,DoorMaster,1.655000,D,P,150875.000000
Thu Jul 17 19:31:55 2025,17-Jul-2025,223158,48 54.619400 N,063 11.972000 W,2.9,267.1,A,DoorSpread,DoorMaster,1.655000,D,P,150875.000000
Thu Jul 17 19:32:00 2025,17-Jul-2025,223159,48 54.619400 N,063 11.973000 W,2.9,267.0,A,DoorSpread,DoorMaster,1.655000,D,S,508131.000000
Thu Jul 17 19:32:00 2025,17-Jul-2025,223200,48 54.619400 N,063 11.974000 W,2.9,267.3,A,DoorSpread,DoorMaster,1.655000,D,S,508131.000000
Thu Jul 17 19:32:00 2025,17-Jul-2025,223201,48 54.619400 N,063 11.975000 W,2.9,267.5,A,DoorSpread,DoorMaster,1.655000,D,S,508131.000000
Thu Jul 17 19:32:00 2025,17-Jul-2025,223202,48 54.619400 N,063 11.976000 W,2.9,267.9,A,DoorSpread,DoorMaster,1.655000,D,S,508131.000000
Thu Jul 17 19:32:00 2025,17-Jul-2025,223203,48 54.619400 N,063 11.977100 W,2.9,268.1,A,DoorSpread,DoorMaster,1.655000,D,S,508131.000000
Thu Jul 17 19:32:05 2025,17-Jul-2025,223204,48 54.619300 N,063 11.978200 W,2.9,267.9,A,DoorSpread,DoorMaster,1.580000,D,P,824406.000000
Thu Jul 17 19:32:05 2025,17-Jul-2025,223205,48 54.619200 N,063 11.979300 W,2.9,267.6,A,DoorSpread,DoorMaster,1.580000,D,P,824406.000000
Thu Jul 17 19:32:05 2025,17-Jul-2025,223206,48 54.619200 N,063 11.980300 W,2.9,267.5,A,DoorSpread,DoorMaster,1.580000,D,P,824406.000000
Thu Jul 17 19:32:05 2025,17-Jul-2025,223207,48 54.619200 N,063 11.981200 W,2.9,267.7,A,DoorSpread,DoorMaster,1.580000,D,P,824406.000000
Thu Jul 17 19:32:05 2025,17-Jul-2025,223208,48 54.619300 N,063 11.982300 W,2.8,267.9,A,DoorSpread,DoorMaster,1.580000,D,P,824406.000000
Thu Jul 17 19:32:05 2025,17-Jul-2025,223209,48 54.619400 N,063 11.983400 W,2.8,267.9,A,DoorSpread,DoorMaster,1.580000,D,P,824406.000000
Thu Jul 17 19:32:10 2025,17-Jul-2025,223210,48 54.619300 N,063 11.984700 W,2.8,267.7,A,DoorSpread,DoorMaster,1.440000,D,P,1091045.000000
Thu Jul 17 19:32:10 2025,17-Jul-2025,223211,48 54.619200 N,063 11.985900 W,2.8,267.5,A,DoorSpread,DoorMaster,1.440000,D,P,1091045.000000
Thu Jul 17 19:32:10 2025,17-Jul-2025,223212,48 54.619200 N,063 11.987300 W,2.9,267.7,A,DoorSpread,DoorMaster,1.440000,D,P,1091045.000000
Thu Jul 17 19:32:10 2025,17-Jul-2025,223213,48 54.619300 N,063 11.988700 W,2.9,268.0,A,DoorSpread,DoorMaster,1.440000,D,P,1091045.000000
Thu Jul 17 19:32:10 2025,17-Jul-2025,223214,48 54.619300 N,063 11.990000 W,2.8,267.9,A,DoorSpread,DoorMaster,1.440000,D,P,1091045.000000
Thu Jul 17 19:32:10 2025,17-Jul-2025,223215,48 54.619200 N,063 11.991200 W,2.8,267.5,A,DoorSpread,DoorMaster,1.440000,D,P,1091045.000000
Thu Jul 17 19:32:10 2025,17-Jul-2025,223216,48 54.619000 N,063 11.992400 W,2.8,267.0,A,DoorSpread,DoorMaster,1.440000,D,P,1091045.000000
Thu Jul 17 19:32:10 2025,17-Jul-2025,223217,48 54.619000 N,063 11.993700 W,2.8,266.9,A,DoorSpread,DoorMaster,1.440000,D,P,1091045.000000
Thu Jul 17 19:32:10 2025,17-Jul-2025,223218,48 54.619000 N,063 11.994900 W,2.8,267.2,A,DoorSpread,DoorMaster,1.440000,D,P,1091045.000000
Thu Jul 17 19:32:10 2025,17-Jul-2025,223219,48 54.619100 N,063 11.996100 W,2.8,267.6,A,DoorSpread,DoorMaster,1.440000,D,P,1091045.000000
Thu Jul 17 19:32:21 2025,17-Jul-2025,223220,48 54.619200 N,063 11.997300 W,2.8,268.1,A,DoorSpread,DoorMaster,2.160000,D,S,1080417.000000
Thu Jul 17 19:32:21 2025,17-Jul-2025,223221,48 54.619200 N,063 11.998400 W,2.7,268.2,A,DoorSpread,DoorMaster,2.160000,D,S,1080417.000000
Thu Jul 17 19:32:21 2025,17-Jul-2025,223222,48 54.619300 N,063 11.999600 W,2.7,268.3,A,DoorSpread,DoorMaster,2.160000,D,S,1080417.000000
Thu Jul 17 19:32:21 2025,17-Jul-2025,223223,48 54.619400 N,063 12.001100 W,2.8,268.6,A,DoorSpread,DoorMaster,2.160000,D,S,1080417.000000
Thu Jul 17 19:32:21 2025,17-Jul-2025,223224,48 54.619500 N,063 12.002700 W,2.9,268.7,A,DoorSpread,DoorMaster,2.160000,D,S,1080417.000000
Thu Jul 17 19:32:26 2025,17-Jul-2025,223225,48 54.619500 N,063 12.004200 W,2.9,268.2,A,DoorSpread,DoorMaster,2.465000,D,S,741643.000000
Thu Jul 17 19:32:26 2025,17-Jul-2025,223226,48 54.619400 N,063 12.005800 W,3.1,267.6,A,DoorSpread,DoorMaster,2.465000,D,S,741643.000000
Thu Jul 17 19:32:26 2025,17-Jul-2025,223227,48 54.619500 N,063 12.007300 W,3.2,267.5,A,DoorSpread,DoorMaster,2.465000,D,S,741643.000000
Thu Jul 17 19:32:26 2025,17-Jul-2025,223228,48 54.619600 N,063 12.009000 W,3.3,267.8,A,DoorSpread,DoorMaster,2.465000,D,S,741643.000000
Thu Jul 17 19:32:26 2025,17-Jul-2025,223229,48 54.619700 N,063 12.010800 W,3.4,268.1,A,DoorSpread,DoorMaster,2.465000,D,S,741643.000000
Thu Jul 17 19:32:31 2025,17-Jul-2025,223230,48 54.619900 N,063 12.012600 W,3.6,268.7,A,DoorSpread,DoorMaster,2.380000,D,S,1070242.000000
Thu Jul 17 19:32:31 2025,17-Jul-2025,223231,48 54.620100 N,063 12.014500 W,3.7,269.7,A,DoorSpread,DoorMaster,2.315000,D,P,346496.000000
Thu Jul 17 19:32:31 2025,17-Jul-2025,223232,48 54.620300 N,063 12.016300 W,3.7,270.6,A,DoorSpread,DoorMaster,2.315000,D,P,346496.000000
Thu Jul 17 19:32:31 2025,17-Jul-2025,223233,48 54.620600 N,063 12.018100 W,3.8,271.3,A,DoorSpread,DoorMaster,2.315000,D,P,346496.000000
Thu Jul 17 19:32:31 2025,17-Jul-2025,223234,48 54.620800 N,063 12.020000 W,3.9,271.7,A,DoorSpread,DoorMaster,2.315000,D,P,346496.000000
Thu Jul 17 19:32:31 2025,17-Jul-2025,223235,48 54.621000 N,063 12.021900 W,4.0,272.1,A,DoorSpread,DoorMaster,2.315000,D,P,346496.000000
Thu Jul 17 19:32:37 2025,17-Jul-2025,223236,48 54.621200 N,063 12.023900 W,4.1,272.5,A,DoorSpread,DoorMaster,2.610000,D,P,281787.000000
Thu Jul 17 19:32:37 2025,17-Jul-2025,223237,48 54.621400 N,063 12.025900 W,4.2,273.0,A,DoorSpread,DoorMaster,2.610000,D,P,281787.000000
Thu Jul 17 19:32:37 2025,17-Jul-2025,223238,48 54.621600 N,063 12.028000 W,4.3,273.7,A,DoorSpread,DoorMaster,2.610000,D,P,281787.000000
Thu Jul 17 19:32:37 2025,17-Jul-2025,223239,48 54.621700 N,063 12.030000 W,4.4,274.2,A,DoorSpread,DoorMaster,2.610000,D,P,281787.000000
Thu Jul 17 19:32:37 2025,17-Jul-2025,223240,48 54.621900 N,063 12.032000 W,4.4,275.1,A,DoorSpread,DoorMaster,2.610000,D,P,281787.000000
Thu Jul 17 19:32:42 2025,17-Jul-2025,223241,48 54.622200 N,063 12.033900 W,4.4,276.0,A,DoorSpread,DoorMaster,2.515000,D,P,280426.000000
Thu Jul 17 19:32:42 2025,17-Jul-2025,223242,48 54.622400 N,063 12.036100 W,4.5,276.6,A,DoorSpread,DoorMaster,2.515000,D,P,280426.000000
Thu Jul 17 19:32:42 2025,17-Jul-2025,223243,48 54.622500 N,063 12.038300 W,4.6,277.0,A,DoorSpread,DoorMaster,2.515000,D,P,280426.000000
Thu Jul 17 19:32:42 2025,17-Jul-2025,223244,48 54.622800 N,063 12.040500 W,4.7,277.3,A,DoorSpread,DoorMaster,2.515000,D,P,280426.000000
Thu Jul 17 19:32:42 2025,17-Jul-2025,223245,48 54.623100 N,063 12.042500 W,4.7,277.5,A,DoorSpread,DoorMaster,2.515000,D,P,280426.000000
Thu Jul 17 19:32:42 2025,17-Jul-2025,223246,48 54.623300 N,063 12.044600 W,4.8,277.8,A,DoorSpread,DoorMaster,2.515000,D,P,280426.000000
Thu Jul 17 19:32:47 2025,17-Jul-2025,223247,48 54.623600 N,063 12.046800 W,4.8,277.9,A,DoorSpread,DoorMaster,2.870000,D,P,544786.000000
Thu Jul 17 19:32:47 2025,17-Jul-2025,223248,48 54.623600 N,063 12.048900 W,4.9,277.9,A,DoorSpread,DoorMaster,2.870000,D,P,544786.000000
Thu Jul 17 19:32:47 2025,17-Jul-2025,223249,48 54.623700 N,063 12.051100 W,4.9,277.7,A,DoorSpread,DoorMaster,2.870000,D,P,544786.000000
Thu Jul 17 19:32:47 2025,17-Jul-2025,223250,48 54.623800 N,063 12.053300 W,5.0,277.5,A,DoorSpread,DoorMaster,2.870000,D,P,544786.000000
Thu Jul 17 19:32:47 2025,17-Jul-2025,223251,48 54.623900 N,063 12.055500 W,5.0,277.3,A,DoorSpread,DoorMaster,2.870000,D,P,544786.000000
Thu Jul 17 19:32:47 2025,17-Jul-2025,223252,48 54.624100 N,063 12.057800 W,5.0,277.5,A,DoorSpread,DoorMaster,2.870000,D,P,544786.000000
Thu Jul 17 19:32:54 2025,17-Jul-2025,223253,48 54.624300 N,063 12.059900 W,5.0,277.7,A,DoorSpread,DoorMaster,14.900000,D,P,726774.000000
Thu Jul 17 19:32:54 2025,17-Jul-2025,223254,48 54.624400 N,063 12.061900 W,5.0,277.5,A,DoorSpread,DoorMaster,14.900000,D,P,726774.000000
Thu Jul 17 19:32:54 2025,17-Jul-2025,223255,48 54.624400 N,063 12.064000 W,5.0,277.4,A,DoorSpread,DoorMaster,14.900000,D,P,726774.000000
Thu Jul 17 19:32:54 2025,17-Jul-2025,223256,48 54.624600 N,063 12.066100 W,5.1,277.6,A,DoorSpread,DoorMaster,14.900000,D,P,726774.000000
Thu Jul 17 19:32:54 2025,17-Jul-2025,223257,48 54.625000 N,063 12.068300 W,5.1,277.8,A,DoorSpread,DoorMaster,14.900000,D,P,726774.000000
Thu Jul 17 19:32:59 2025,17-Jul-2025,223258,48 54.625200 N,063 12.070500 W,5.1,277.8,A,DoorSpread,DoorMaster,3.515000,D,S,902119.000000
Thu Jul 17 19:32:59 2025,17-Jul-2025,223259,48 54.625400 N,063 12.072700 W,5.1,277.6,A,DoorSpread,DoorMaster,3.515000,D,S,902119.000000
Thu Jul 17 19:32:59 2025,17-Jul-2025,223300,48 54.625500 N,063 12.074800 W,5.1,277.2,A,DoorSpread,DoorMaster,3.515000,D,S,902119.000000
Thu Jul 17 19:32:59 2025,17-Jul-2025,223301,48 54.625700 N,063 12.077100 W,5.1,276.9,A,DoorSpread,DoorMaster,3.515000,D,S,902119.000000
Thu Jul 17 19:32:59 2025,17-Jul-2025,223302,48 54.626000 N,063 12.079500 W,5.2,276.7,A,DoorSpread,DoorMaster,3.515000,D,S,902119.000000
Thu Jul 17 19:32:59 2025,17-Jul-2025,223303,48 54.626200 N,063 12.081800 W,5.2,276.5,A,DoorSpread,DoorMaster,3.515000,D,S,902119.000000
Thu Jul 17 19:32:59 2025,17-Jul-2025,223304,48 54.626400 N,063 12.084000 W,5.2,276.2,A,DoorSpread,DoorMaster,3.515000,D,S,902119.000000
Thu Jul 17 19:32:59 2025,17-Jul-2025,223305,48 54.626600 N,063 12.086100 W,5.1,276.1,A,DoorSpread,DoorMaster,3.515000,D,S,902119.000000
Thu Jul 17 19:32:59 2025,17-Jul-2025,223306,48 54.626800 N,063 12.088200 W,5.1,276.2,A,DoorSpread,DoorMaster,3.515000,D,S,902119.000000
Thu Jul 17 19:32:59 2025,17-Jul-2025,223307,48 54.626900 N,063 12.090300 W,5.1,276.1,A,DoorSpread,DoorMaster,3.515000,D,S,902119.000000
Thu Jul 17 19:32:59 2025,17-Jul-2025,223308,48 54.627100 N,063 12.092400 W,5.1,276.2,A,DoorSpread,DoorMaster,3.515000,D,S,902119.000000
Thu Jul 17 19:32:59 2025,17-Jul-2025,223309,48 54.627300 N,063 12.094500 W,5.1,276.4,A,DoorSpread,DoorMaster,3.515000,D,S,902119.000000
Thu Jul 17 19:32:59 2025,17-Jul-2025,223310,48 54.627500 N,063 12.096600 W,5.0,276.6,A,DoorSpread,DoorMaster,3.515000,D,S,902119.000000
Thu Jul 17 19:32:59 2025,17-Jul-2025,223311,48 54.627600 N,063 12.098600 W,5.0,276.6,A,DoorSpread,DoorMaster,3.515000,D,S,902119.000000
Thu Jul 17 19:32:59 2025,17-Jul-2025,223312,48 54.627700 N,063 12.100700 W,5.0,276.4,A,DoorSpread,DoorMaster,3.515000,D,S,902119.000000
Thu Jul 17 19:32:59 2025,17-Jul-2025,223313,48 54.627800 N,063 12.102800 W,5.0,276.4,A,DoorSpread,DoorMaster,3.515000,D,S,902119.000000
Thu Jul 17 19:32:59 2025,17-Jul-2025,223314,48 54.628000 N,063 12.105000 W,5.0,276.6,A,DoorSpread,DoorMaster,3.515000,D,S,902119.000000
Thu Jul 17 19:32:59 2025,17-Jul-2025,223315,48 54.628200 N,063 12.107200 W,5.1,276.8,A,DoorSpread,DoorMaster,3.515000,D,S,902119.000000
Thu Jul 17 19:32:59 2025,17-Jul-2025,223316,48 54.628400 N,063 12.109400 W,5.1,276.8,A,DoorSpread,DoorMaster,3.515000,D,S,902119.000000
Thu Jul 17 19:32:59 2025,17-Jul-2025,223317,48 54.628400 N,063 12.111500 W,5.0,276.4,A,DoorSpread,DoorMaster,3.515000,D,S,902119.000000
Thu Jul 17 19:32:59 2025,17-Jul-2025,223318,48 54.628400 N,063 12.113600 W,5.0,275.9,A,DoorSpread,DoorMaster,3.515000,D,S,902119.000000
Thu Jul 17 19:32:59 2025,17-Jul-2025,223319,48 54.628500 N,063 12.115700 W,5.0,275.6,A,DoorSpread,DoorMaster,3.515000,D,S,902119.000000
Thu Jul 17 19:32:59 2025,17-Jul-2025,223320,48 54.628700 N,063 12.117900 W,5.1,275.7,A,DoorSpread,DoorMaster,3.515000,D,S,902119.000000
Thu Jul 17 19:32:59 2025,17-Jul-2025,223321,48 54.628900 N,063 12.120100 W,5.1,275.7,A,DoorSpread,DoorMaster,3.515000,D,S,902119.000000
Thu Jul 17 19:32:59 2025,17-Jul-2025,223322,48 54.628900 N,063 12.122100 W,5.0,275.7,A,DoorSpread,DoorMaster,3.515000,D,S,902119.000000
Thu Jul 17 19:32:59 2025,17-Jul-2025,223323,48 54.628900 N,063 12.124000 W,5.0,275.7,A,DoorSpread,DoorMaster,3.515000,D,S,902119.000000
Thu Jul 17 19:32:59 2025,17-Jul-2025,223324,48 54.628900 N,063 12.126000 W,5.0,275.6,A,DoorSpread,DoorMaster,3.515000,D,S,902119.000000
Thu Jul 17 19:32:59 2025,17-Jul-2025,223325,48 54.628900 N,063 12.128000 W,5.0,275.3,A,DoorSpread,DoorMaster,3.515000,D,S,902119.000000
Thu Jul 17 19:32:59 2025,17-Jul-2025,223326,48 54.629000 N,063 12.130200 W,5.1,275.2,A,DoorSpread,DoorMaster,3.515000,D,S,902119.000000
Thu Jul 17 19:32:59 2025,17-Jul-2025,223327,48 54.629100 N,063 12.132300 W,5.1,275.3,A,DoorSpread,DoorMaster,3.515000,D,S,902119.000000
Thu Jul 17 19:32:59 2025,17-Jul-2025,223328,48 54.629200 N,063 12.134400 W,5.1,275.3,A,DoorSpread,DoorMaster,3.515000,D,S,902119.000000
Thu Jul 17 19:32:59 2025,17-Jul-2025,223329,48 54.629200 N,063 12.136300 W,5.0,274.7,A,DoorSpread,DoorMaster,3.515000,D,S,902119.000000
Thu Jul 17 19:32:59 2025,17-Jul-2025,223330,48 54.629200 N,063 12.138200 W,4.9,274.5,A,DoorSpread,DoorMaster,3.515000,D,S,902119.000000
Thu Jul 17 19:32:59 2025,17-Jul-2025,223331,48 54.629400 N,063 12.140400 W,5.0,274.6,A,DoorSpread,DoorMaster,3.515000,D,S,902119.000000
Thu Jul 17 19:32:59 2025,17-Jul-2025,223332,48 54.629500 N,063 12.142600 W,5.0,274.5,A,DoorSpread,DoorMaster,3.515000,D,S,902119.000000
Thu Jul 17 19:32:59 2025,17-Jul-2025,223333,48 54.629700 N,063 12.144700 W,5.1,274.3,A,DoorSpread,DoorMaster,3.515000,D,S,902119.000000
Thu Jul 17 19:32:59 2025,17-Jul-2025,223334,48 54.629700 N,063 12.146700 W,5.0,274.0,A,DoorSpread,DoorMaster,3.515000,D,S,902119.000000
Thu Jul 17 19:32:59 2025,17-Jul-2025,223335,48 54.629900 N,063 12.148500 W,5.0,273.8,A,DoorSpread,DoorMaster,3.515000,D,S,902119.000000
Thu Jul 17 19:32:59 2025,17-Jul-2025,223336,48 54.630100 N,063 12.150400 W,5.0,273.6,A,DoorSpread,DoorMaster,3.515000,D,S,902119.000000
Thu Jul 17 19:32:59 2025,17-Jul-2025,223337,48 54.630100 N,063 12.152500 W,5.0,273.3,A,DoorSpread,DoorMaster,3.515000,D,S,902119.000000
Thu Jul 17 19:32:59 2025,17-Jul-2025,223338,48 54.630100 N,063 12.154600 W,5.0,272.9,A,DoorSpread,DoorMaster,3.515000,D,S,902119.000000
Thu Jul 17 19:32:59 2025,17-Jul-2025,223339,48 54.630200 N,063 12.156700 W,5.0,272.6,A,DoorSpread,DoorMaster,3.515000,D,S,902119.000000
Thu Jul 17 19:32:59 2025,17-Jul-2025,223340,48 54.630300 N,063 12.158900 W,5.1,272.7,A,DoorSpread,DoorMaster,3.515000,D,S,902119.000000
Thu Jul 17 19:32:59 2025,17-Jul-2025,223341,48 54.630500 N,063 12.161000 W,5.1,272.8,A,DoorSpread,DoorMaster,3.515000,D,S,902119.000000
Thu Jul 17 19:32:59 2025,17-Jul-2025,223342,48 54.630600 N,063 12.163100 W,5.0,272.3,A,DoorSpread,DoorMaster,3.515000,D,S,902119.000000
Thu Jul 17 19:32:59 2025,17-Jul-2025,223343,48 54.630500 N,063 12.165100 W,5.0,271.6,A,DoorSpread,DoorMaster,3.515000,D,S,902119.000000
Thu Jul 17 19:32:59 2025,17-Jul-2025,223344,48 54.630600 N,063 12.167100 W,4.9,271.2,A,DoorSpread,DoorMaster,3.515000,D,S,902119.000000
Thu Jul 17 19:32:59 2025,17-Jul-2025,223345,48 54.630700 N,063 12.169100 W,5.0,271.1,A,DoorSpread,DoorMaster,3.515000,D,S,902119.000000
Thu Jul 17 19:32:59 2025,17-Jul-2025,223346,48 54.630700 N,063 12.171300 W,5.0,270.9,A,DoorSpread,DoorMaster,3.515000,D,S,902119.000000
Thu Jul 17 19:32:59 2025,17-Jul-2025,223347,48 54.630800 N,063 12.173400 W,5.0,270.5,A,DoorSpread,DoorMaster,3.515000,D,S,902119.000000
Thu Jul 17 19:32:59 2025,17-Jul-2025,223348,48 54.630700 N,063 12.175300 W,4.9,270.0,A,DoorSpread,DoorMaster,3.515000,D,S,902119.000000
Thu Jul 17 19:32:59 2025,17-Jul-2025,223349,48 54.630700 N,063 12.177100 W,4.9,269.8,A,DoorSpread,DoorMaster,3.515000,D,S,902119.000000
Thu Jul 17 19:32:59 2025,17-Jul-2025,223350,48 54.630600 N,063 12.179200 W,4.9,269.6,A,DoorSpread,DoorMaster,3.515000,D,S,902119.000000
Thu Jul 17 19:32:59 2025,17-Jul-2025,223351,48 54.630800 N,063 12.181300 W,4.9,270.1,A,DoorSpread,DoorMaster,3.515000,D,S,902119.000000
Thu Jul 17 19:32:59 2025,17-Jul-2025,223352,48 54.630900 N,063 12.183400 W,5.0,270.3,A,DoorSpread,DoorMaster,3.515000,D,S,902119.000000
Thu Jul 17 19:32:59 2025,17-Jul-2025,223353,48 54.630900 N,063 12.185500 W,5.0,270.4,A,DoorSpread,DoorMaster,3.515000,D,S,902119.000000
Thu Jul 17 19:32:59 2025,17-Jul-2025,223354,48 54.630800 N,063 12.187600 W,5.0,270.4,A,DoorSpread,DoorMaster,3.515000,D,S,902119.000000
Thu Jul 17 19:32:59 2025,17-Jul-2025,223355,48 54.630800 N,063 12.189800 W,5.0,270.3,A,DoorSpread,DoorMaster,3.515000,D,S,902119.000000
Thu Jul 17 19:32:59 2025,17-Jul-2025,223356,48 54.630800 N,063 12.192000 W,5.0,270.2,A,DoorSpread,DoorMaster,3.515000,D,S,902119.000000
Thu Jul 17 19:32:59 2025,17-Jul-2025,223357,48 54.630800 N,063 12.194200 W,5.0,269.9,A,DoorSpread,DoorMaster,3.515000,D,S,902119.000000
Thu Jul 17 19:32:59 2025,17-Jul-2025,223358,48 54.630800 N,063 12.196300 W,4.9,269.5,A,DoorSpread,DoorMaster,3.515000,D,S,902119.000000
Thu Jul 17 19:32:59 2025,17-Jul-2025,223359,48 54.630700 N,063 12.198400 W,4.9,269.3,A,DoorSpread,DoorMaster,3.515000,D,S,902119.000000
Thu Jul 17 19:32:59 2025,17-Jul-2025,223400,48 54.630700 N,063 12.200500 W,4.9,269.2,A,DoorSpread,DoorMaster,3.515000,D,S,902119.000000
Thu Jul 17 19:32:59 2025,17-Jul-2025,223401,48 54.630600 N,063 12.202600 W,4.9,269.0,A,DoorSpread,DoorMaster,3.515000,D,S,902119.000000
Thu Jul 17 19:32:59 2025,17-Jul-2025,223402,48 54.630600 N,063 12.204700 W,4.9,268.8,A,DoorSpread,DoorMaster,3.515000,D,S,902119.000000
Thu Jul 17 19:32:59 2025,17-Jul-2025,223403,48 54.630500 N,063 12.206800 W,4.9,268.8,A,DoorSpread,DoorMaster,3.515000,D,S,902119.000000
Thu Jul 17 19:32:59 2025,17-Jul-2025,223404,48 54.630600 N,063 12.208800 W,4.9,268.9,A,DoorSpread,DoorMaster,3.515000,D,S,902119.000000
Thu Jul 17 19:32:59 2025,17-Jul-2025,223405,48 54.630600 N,063 12.210900 W,4.9,268.9,A,DoorSpread,DoorMaster,3.515000,D,S,902119.000000
Thu Jul 17 19:32:59 2025,17-Jul-2025,223406,48 54.630600 N,063 12.212900 W,4.9,268.8,A,DoorSpread,DoorMaster,3.515000,D,S,902119.000000
Thu Jul 17 19:32:59 2025,17-Jul-2025,223407,48 54.630500 N,063 12.215000 W,5.0,268.6,A,DoorSpread,DoorMaster,3.515000,D,S,902119.000000
Thu Jul 17 19:32:59 2025,17-Jul-2025,223408,48 54.630400 N,063 12.217100 W,5.0,268.5,A,DoorSpread,DoorMaster,3.515000,D,S,902119.000000
Thu Jul 17 19:32:59 2025,17-Jul-2025,223409,48 54.630400 N,063 12.219300 W,5.0,268.4,A,DoorSpread,DoorMaster,3.515000,D,S,902119.000000
Thu Jul 17 19:32:59 2025,17-Jul-2025,223410,48 54.630400 N,063 12.221300 W,5.0,268.4,A,DoorSpread,DoorMaster,3.515000,D,S,902119.000000
Thu Jul 17 19:32:59 2025,17-Jul-2025,223411,48 54.630400 N,063 12.223300 W,5.0,268.3,A,DoorSpread,DoorMaster,3.515000,D,S,902119.000000
Thu Jul 17 19:32:59 2025,17-Jul-2025,223412,48 54.630400 N,063 12.225300 W,5.0,268.1,A,DoorSpread,DoorMaster,3.515000,D,S,902119.000000
Thu Jul 17 19:32:59 2025,17-Jul-2025,223413,48 54.630300 N,063 12.227200 W,5.0,267.8,A,DoorSpread,DoorMaster,3.515000,D,S,902119.000000
Thu Jul 17 19:32:59 2025,17-Jul-2025,223414,48 54.630300 N,063 12.229200 W,5.0,267.6,A,DoorSpread,DoorMaster,3.515000,D,S,902119.000000
Thu Jul 17 19:32:59 2025,17-Jul-2025,223415,48 54.630300 N,063 12.231300 W,5.0,267.6,A,DoorSpread,DoorMaster,3.515000,D,S,902119.000000
Thu Jul 17 19:32:59 2025,17-Jul-2025,223416,48 54.630300 N,063 12.233500 W,5.0,267.5,A,DoorSpread,DoorMaster,3.515000,D,S,902119.000000
Thu Jul 17 19:32:59 2025,17-Jul-2025,223417,48 54.630200 N,063 12.235600 W,5.0,267.6,A,DoorSpread,DoorMaster,3.515000,D,S,902119.000000
Thu Jul 17 19:32:59 2025,17-Jul-2025,223418,48 54.630100 N,063 12.237700 W,5.0,267.6,A,DoorSpread,DoorMaster,3.515000,D,S,902119.000000
Thu Jul 17 19:32:59 2025,17-Jul-2025,223419,48 54.630000 N,063 12.239700 W,5.0,267.2,A,DoorSpread,DoorMaster,3.515000,D,S,902119.000000
Thu Jul 17 19:32:59 2025,17-Jul-2025,223420,48 54.629800 N,063 12.241700 W,5.0,267.0,A,DoorSpread,DoorMaster,3.515000,D,S,902119.000000
Thu Jul 17 19:32:59 2025,17-Jul-2025,223421,48 54.629700 N,063 12.243700 W,4.9,266.8,A,DoorSpread,DoorMaster,3.515000,D,S,902119.000000
Thu Jul 17 19:32:59 2025,17-Jul-2025,223422,48 54.629700 N,063 12.245700 W,5.0,266.8,A,DoorSpread,DoorMaster,3.515000,D,S,902119.000000
Thu Jul 17 19:32:59 2025,17-Jul-2025,223423,48 54.629900 N,063 12.247900 W,5.0,267.2,A,DoorSpread,DoorMaster,3.515000,D,S,902119.000000
Thu Jul 17 19:32:59 2025,17-Jul-2025,223424,48 54.629900 N,063 12.250000 W,5.0,267.4,A,DoorSpread,DoorMaster,3.515000,D,S,902119.000000
Thu Jul 17 19:32:59 2025,17-Jul-2025,223425,48 54.629900 N,063 12.252100 W,5.0,267.2,A,DoorSpread,DoorMaster,3.515000,D,S,902119.000000
Thu Jul 17 19:32:59 2025,17-Jul-2025,223426,48 54.629800 N,063 12.254000 W,4.9,266.9,A,DoorSpread,DoorMaster,3.515000,D,S,902119.000000
Thu Jul 17 19:32:59 2025,17-Jul-2025,223427,48 54.629900 N,063 12.256000 W,4.9,266.9,A,DoorSpread,DoorMaster,3.515000,D,S,902119.000000
Thu Jul 17 19:32:59 2025,17-Jul-2025,223428,48 54.630000 N,063 12.258000 W,4.9,266.9,A,DoorSpread,DoorMaster,3.515000,D,S,902119.000000
Thu Jul 17 19:32:59 2025,17-Jul-2025,223429,48 54.630100 N,063 12.260000 W,4.9,267.0,A,DoorSpread,DoorMaster,3.515000,D,S,902119.000000
Thu Jul 17 19:32:59 2025,17-Jul-2025,223430,48 54.630100 N,063 12.262000 W,5.0,267.0,A,DoorSpread,DoorMaster,3.515000,D,S,902119.000000
Thu Jul 17 19:32:59 2025,17-Jul-2025,223431,48 54.630000 N,063 12.264100 W,5.0,266.7,A,DoorSpread,DoorMaster,3.515000,D,S,902119.000000
Thu Jul 17 19:32:59 2025,17-Jul-2025,223432,48 54.629800 N,063 12.266100 W,4.9,266.6,A,DoorSpread,DoorMaster,3.515000,D,S,902119.000000
Thu Jul 17 19:32:59 2025,17-Jul-2025,223433,48 54.629900 N,063 12.268100 W,4.9,266.8,A,DoorSpread,DoorMaster,3.515000,D,S,902119.000000
Thu Jul 17 19:32:59 2025,17-Jul-2025,223434,48 54.630000 N,063 12.270200 W,5.0,267.1,A,DoorSpread,DoorMaster,3.515000,D,S,902119.000000
Thu Jul 17 19:32:59 2025,17-Jul-2025,223435,48 54.629900 N,063 12.272400 W,5.0,267.3,A,DoorSpread,DoorMaster,3.515000,D,S,902119.000000
Thu Jul 17 19:32:59 2025,17-Jul-2025,223436,48 54.629800 N,063 12.274500 W,5.0,267.3,A,DoorSpread,DoorMaster,3.515000,D,S,902119.000000
Thu Jul 17 19:32:59 2025,17-Jul-2025,223437,48 54.629700 N,063 12.276600 W,4.9,267.3,A,DoorSpread,DoorMaster,3.515000,D,S,902119.000000
Thu Jul 17 19:32:59 2025,17-Jul-2025,223438,48 54.629700 N,063 12.278700 W,5.0,267.3,A,DoorSpread,DoorMaster,3.515000,D,S,902119.000000
Thu Jul 17 19:32:59 2025,17-Jul-2025,223439,48 54.629700 N,063 12.280700 W,4.9,267.2,A,DoorSpread,DoorMaster,3.515000,D,S,902119.000000
Thu Jul 17 19:32:59 2025,17-Jul-2025,223440,48 54.629600 N,063 12.282900 W,4.9,267.1,A,DoorSpread,DoorMaster,3.515000,D,S,902119.000000
Thu Jul 17 19:32:59 2025,17-Jul-2025,223441,48 54.629500 N,063 12.285100 W,5.0,267.1,A,DoorSpread,DoorMaster,3.515000,D,S,902119.000000
Thu Jul 17 19:32:59 2025,17-Jul-2025,223442,48 54.629400 N,063 12.287300 W,5.0,267.1,A,DoorSpread,DoorMaster,3.515000,D,S,902119.000000
Thu Jul 17 19:32:59 2025,17-Jul-2025,223443,48 54.629300 N,063 12.289400 W,5.0,267.1,A,DoorSpread,DoorMaster,3.515000,D,S,902119.000000
Thu Jul 17 19:32:59 2025,17-Jul-2025,223444,48 54.629200 N,063 12.291400 W,5.0,267.0,A,DoorSpread,DoorMaster,3.515000,D,S,902119.000000
Thu Jul 17 19:32:59 2025,17-Jul-2025,223445,48 54.629100 N,063 12.293400 W,5.0,266.9,A,DoorSpread,DoorMaster,3.515000,D,S,902119.000000
Thu Jul 17 19:32:59 2025,17-Jul-2025,223446,48 54.629000 N,063 12.295400 W,4.9,266.5,A,DoorSpread,DoorMaster,3.515000,D,S,902119.000000
Thu Jul 17 19:32:59 2025,17-Jul-2025,223447,48 54.628900 N,063 12.297400 W,4.9,266.3,A,DoorSpread,DoorMaster,3.515000,D,S,902119.000000
Thu Jul 17 19:32:59 2025,17-Jul-2025,223448,48 54.628800 N,063 12.299400 W,4.9,265.8,A,DoorSpread,DoorMaster,3.515000,D,S,902119.000000
Thu Jul 17 19:32:59 2025,17-Jul-2025,223449,48 54.628700 N,063 12.301400 W,4.9,265.4,A,DoorSpread,DoorMaster,3.515000,D,S,902119.000000
Thu Jul 17 19:32:59 2025,17-Jul-2025,223450,48 54.628700 N,063 12.303500 W,4.9,265.4,A,DoorSpread,DoorMaster,3.515000,D,S,902119.000000
Thu Jul 17 19:32:59 2025,17-Jul-2025,223451,48 54.628600 N,063 12.305600 W,4.9,265.5,A,DoorSpread,DoorMaster,3.515000,D,S,902119.000000
Thu Jul 17 19:32:59 2025,17-Jul-2025,223452,48 54.628600 N,063 12.307800 W,4.9,265.4,A,DoorSpread,DoorMaster,3.515000,D,S,902119.000000
Thu Jul 17 19:32:59 2025,17-Jul-2025,223453,48 54.628400 N,063 12.309800 W,4.9,265.2,A,DoorSpread,DoorMaster,3.515000,D,S,902119.000000
Thu Jul 17 19:32:59 2025,17-Jul-2025,223454,48 54.628300 N,063 12.311800 W,4.9,265.1,A,DoorSpread,DoorMaster,3.515000,D,S,902119.000000
Thu Jul 17 19:32:59 2025,17-Jul-2025,223455,48 54.628300 N,063 12.313800 W,4.9,265.0,A,DoorSpread,DoorMaster,3.515000,D,S,902119.000000
Thu Jul 17 19:32:59 2025,17-Jul-2025,223456,48 54.628300 N,063 12.315900 W,4.9,265.1,A,DoorSpread,DoorMaster,3.515000,D,S,902119.000000
Thu Jul 17 19:32:59 2025,17-Jul-2025,223457,48 54.628300 N,063 12.318000 W,4.9,265.2,A,DoorSpread,DoorMaster,3.515000,D,S,902119.000000
Thu Jul 17 19:32:59 2025,17-Jul-2025,223458,48 54.628200 N,063 12.320100 W,4.9,265.0,A,DoorSpread,DoorMaster,3.515000,D,S,902119.000000
Thu Jul 17 19:32:59 2025,17-Jul-2025,223459,48 54.628000 N,063 12.322000 W,4.8,264.8,A,DoorSpread,DoorMaster,3.515000,D,S,902119.000000
Thu Jul 17 19:32:59 2025,17-Jul-2025,223500,48 54.627900 N,063 12.324100 W,4.9,264.6,A,DoorSpread,DoorMaster,3.515000,D,S,902119.000000
Thu Jul 17 19:32:59 2025,17-Jul-2025,223501,48 54.627900 N,063 12.326400 W,4.9,264.6,A,DoorSpread,DoorMaster,3.515000,D,S,902119.000000
Thu Jul 17 19:32:59 2025,17-Jul-2025,223502,48 54.627900 N,063 12.328500 W,5.0,264.8,A,DoorSpread,DoorMaster,3.515000,D,S,902119.000000
Thu Jul 17 19:32:59 2025,17-Jul-2025,223503,48 54.627900 N,063 12.330600 W,5.0,264.9,A,DoorSpread,DoorMaster,3.515000,D,S,902119.000000
Thu Jul 17 19:32:59 2025,17-Jul-2025,223504,48 54.627700 N,063 12.332600 W,4.9,264.6,A,DoorSpread,DoorMaster,3.515000,D,S,902119.000000
Thu Jul 17 19:32:59 2025,17-Jul-2025,223505,48 54.627600 N,063 12.334500 W,4.9,264.2,A,DoorSpread,DoorMaster,3.515000,D,S,902119.000000
Thu Jul 17 19:32:59 2025,17-Jul-2025,223506,48 54.627400 N,063 12.336400 W,4.9,264.0,A,DoorSpread,DoorMaster,3.515000,D,S,902119.000000
Thu Jul 17 19:32:59 2025,17-Jul-2025,223507,48 54.627300 N,063 12.338500 W,4.9,264.0,A,DoorSpread,DoorMaster,3.515000,D,S,902119.000000
Thu Jul 17 19:32:59 2025,17-Jul-2025,223508,48 54.627200 N,063 12.340700 W,5.0,264.2,A,DoorSpread,DoorMaster,3.515000,D,S,902119.000000
Thu Jul 17 19:32:59 2025,17-Jul-2025,223509,48 54.627200 N,063 12.342900 W,5.0,264.4,A,DoorSpread,DoorMaster,3.515000,D,S,902119.000000
Thu Jul 17 19:32:59 2025,17-Jul-2025,223510,48 54.627100 N,063 12.345000 W,4.9,264.6,A,DoorSpread,DoorMaster,3.515000,D,S,902119.000000
Thu Jul 17 19:32:59 2025,17-Jul-2025,223511,48 54.627000 N,063 12.347000 W,4.9,264.8,A,DoorSpread,DoorMaster,3.515000,D,S,902119.000000
Thu Jul 17 19:32:59 2025,17-Jul-2025,223512,48 54.626800 N,063 12.349100 W,4.9,264.9,A,DoorSpread,DoorMaster,3.515000,D,S,902119.000000
Thu Jul 17 19:32:59 2025,17-Jul-2025,223513,48 54.626700 N,063 12.351200 W,4.9,264.9,A,DoorSpread,DoorMaster,3.515000,D,S,902119.000000
Thu Jul 17 19:32:59 2025,17-Jul-2025,223514,48 54.626500 N,063 12.353300 W,4.8,264.8,A,DoorSpread,DoorMaster,3.515000,D,S,902119.000000
Thu Jul 17 19:32:59 2025,17-Jul-2025,223515,48 54.626400 N,063 12.355400 W,4.9,264.7,A,DoorSpread,DoorMaster,3.515000,D,S,902119.000000
Thu Jul 17 19:32:59 2025,17-Jul-2025,223516,48 54.626300 N,063 12.357500 W,4.8,264.9,A,DoorSpread,DoorMaster,3.515000,D,S,902119.000000
Thu Jul 17 19:32:59 2025,17-Jul-2025,223517,48 54.626300 N,063 12.359400 W,4.8,265.1,A,DoorSpread,DoorMaster,3.515000,D,S,902119.000000
Thu Jul 17 19:32:59 2025,17-Jul-2025,223518,48 54.626200 N,063 12.361300 W,4.8,265.2,A,DoorSpread,DoorMaster,3.515000,D,S,902119.000000
Thu Jul 17 19:32:59 2025,17-Jul-2025,223519,48 54.626000 N,063 12.363300 W,4.9,265.1,A,DoorSpread,DoorMaster,3.515000,D,S,902119.000000
Thu Jul 17 19:32:59 2025,17-Jul-2025,223520,48 54.625900 N,063 12.365200 W,4.9,265.2,A,DoorSpread,DoorMaster,3.515000,D,S,902119.000000
Thu Jul 17 19:32:59 2025,17-Jul-2025,223521,48 54.625900 N,063 12.367300 W,4.9,265.6,A,DoorSpread,DoorMaster,3.515000,D,S,902119.000000
Thu Jul 17 19:32:59 2025,17-Jul-2025,223522,48 54.625900 N,063 12.369400 W,4.9,265.5,A,DoorSpread,DoorMaster,3.515000,D,S,902119.000000
Thu Jul 17 19:32:59 2025,17-Jul-2025,223523,48 54.625800 N,063 12.371300 W,4.9,265.2,A,DoorSpread,DoorMaster,3.515000,D,S,902119.000000
Thu Jul 17 19:32:59 2025,17-Jul-2025,223524,48 54.625800 N,063 12.373200 W,4.9,265.3,A,DoorSpread,DoorMaster,3.515000,D,S,902119.000000
Thu Jul 17 19:32:59 2025,17-Jul-2025,223525,48 54.625800 N,063 12.375300 W,4.9,265.5,A,DoorSpread,DoorMaster,3.515000,D,S,902119.000000
Thu Jul 17 19:32:59 2025,17-Jul-2025,223526,48 54.625700 N,063 12.377400 W,4.9,265.5,A,DoorSpread,DoorMaster,3.515000,D,S,902119.000000
Thu Jul 17 19:32:59 2025,17-Jul-2025,223527,48 54.625500 N,063 12.379600 W,5.0,265.3,A,DoorSpread,DoorMaster,3.515000,D,S,902119.000000
Thu Jul 17 19:32:59 2025,17-Jul-2025,223528,48 54.625400 N,063 12.381700 W,4.9,265.0,A,DoorSpread,DoorMaster,3.515000,D,S,902119.000000
Thu Jul 17 19:32:59 2025,17-Jul-2025,223529,48 54.625400 N,063 12.383700 W,4.9,265.2,A,DoorSpread,DoorMaster,3.515000,D,S,902119.000000
Thu Jul 17 19:32:59 2025,17-Jul-2025,223530,48 54.625400 N,063 12.385800 W,4.9,265.4,A,DoorSpread,DoorMaster,3.515000,D,S,902119.000000
Thu Jul 17 19:32:59 2025,17-Jul-2025,223531,48 54.625500 N,063 12.387900 W,4.9,265.7,A,DoorSpread,DoorMaster,3.515000,D,S,902119.000000
Thu Jul 17 19:32:59 2025,17-Jul-2025,223532,48 54.625600 N,063 12.389800 W,4.9,265.8,A,DoorSpread,DoorMaster,3.515000,D,S,902119.000000
Thu Jul 17 19:32:59 2025,17-Jul-2025,223533,48 54.625500 N,063 12.391900 W,4.9,265.8,A,DoorSpread,DoorMaster,3.515000,D,S,902119.000000
Thu Jul 17 19:32:59 2025,17-Jul-2025,223534,48 54.625600 N,063 12.393900 W,4.9,265.9,A,DoorSpread,DoorMaster,3.515000,D,S,902119.000000
Thu Jul 17 19:32:59 2025,17-Jul-2025,223535,48 54.625600 N,063 12.396000 W,4.9,266.3,A,DoorSpread,DoorMaster,3.515000,D,S,902119.000000
Thu Jul 17 19:32:59 2025,17-Jul-2025,223536,48 54.625700 N,063 12.398000 W,4.9,266.4,A,DoorSpread,DoorMaster,3.515000,D,S,902119.000000
Thu Jul 17 19:32:59 2025,17-Jul-2025,223537,48 54.625600 N,063 12.399900 W,4.9,266.4,A,DoorSpread,DoorMaster,3.515000,D,S,902119.000000
Thu Jul 17 19:32:59 2025,17-Jul-2025,223538,48 54.625500 N,063 12.401900 W,4.8,266.4,A,DoorSpread,DoorMaster,3.515000,D,S,902119.000000
Thu Jul 17 19:32:59 2025,17-Jul-2025,223539,48 54.625400 N,063 12.403900 W,4.8,266.3,A,DoorSpread,DoorMaster,3.515000,D,S,902119.000000
Thu Jul 17 19:32:59 2025,17-Jul-2025,223540,48 54.625300 N,063 12.406000 W,4.8,266.1,A,DoorSpread,DoorMaster,3.515000,D,S,902119.000000
Thu Jul 17 19:32:59 2025,17-Jul-2025,223541,48 54.625300 N,063 12.408000 W,4.8,266.5,A,DoorSpread,DoorMaster,3.515000,D,S,902119.000000
Thu Jul 17 19:32:59 2025,17-Jul-2025,223542,48 54.625400 N,063 12.410000 W,4.8,266.9,A,DoorSpread,DoorMaster,3.515000,D,S,902119.000000
Thu Jul 17 19:32:59 2025,17-Jul-2025,223543,48 54.625300 N,063 12.412000 W,4.8,267.1,A,DoorSpread,DoorMaster,3.515000,D,S,902119.000000
Thu Jul 17 19:32:59 2025,17-Jul-2025,223544,48 54.625200 N,063 12.414000 W,4.8,267.1,A,DoorSpread,DoorMaster,3.515000,D,S,902119.000000
Thu Jul 17 19:32:59 2025,17-Jul-2025,223545,48 54.625000 N,063 12.416100 W,4.8,266.9,A,DoorSpread,DoorMaster,3.515000,D,S,902119.000000
Thu Jul 17 19:32:59 2025,17-Jul-2025,223546,48 54.625000 N,063 12.418100 W,4.8,266.9,A,DoorSpread,DoorMaster,3.515000,D,S,902119.000000
Thu Jul 17 19:32:59 2025,17-Jul-2025,223547,48 54.625100 N,063 12.420200 W,4.9,267.0,A,DoorSpread,DoorMaster,3.515000,D,S,902119.000000
Thu Jul 17 19:32:59 2025,17-Jul-2025,223548,48 54.625100 N,063 12.422300 W,4.9,267.0,A,DoorSpread,DoorMaster,3.515000,D,S,902119.000000
Thu Jul 17 19:32:59 2025,17-Jul-2025,223549,48 54.625000 N,063 12.424300 W,4.8,266.8,A,DoorSpread,DoorMaster,3.515000,D,S,902119.000000
Thu Jul 17 19:32:59 2025,17-Jul-2025,223550,48 54.625000 N,063 12.426300 W,4.9,266.6,A,DoorSpread,DoorMaster,3.515000,D,S,902119.000000
Thu Jul 17 19:32:59 2025,17-Jul-2025,223551,48 54.625000 N,063 12.428500 W,4.9,266.4,A,DoorSpread,DoorMaster,3.515000,D,S,902119.000000
Thu Jul 17 19:32:59 2025,17-Jul-2025,223552,48 54.624900 N,063 12.430600 W,4.9,266.3,A,DoorSpread,DoorMaster,3.515000,D,S,902119.000000
Thu Jul 17 19:32:59 2025,17-Jul-2025,223553,48 54.624900 N,063 12.432800 W,4.9,266.3,A,DoorSpread,DoorMaster,3.515000,D,S,902119.000000
Thu Jul 17 19:32:59 2025,17-Jul-2025,223554,48 54.624900 N,063 12.434900 W,4.9,266.2,A,DoorSpread,DoorMaster,3.515000,D,S,902119.000000
Thu Jul 17 19:32:59 2025,17-Jul-2025,223555,48 54.624700 N,063 12.436900 W,4.9,265.9,A,DoorSpread,DoorMaster,3.515000,D,S,902119.000000
Thu Jul 17 19:32:59 2025,17-Jul-2025,223556,48 54.624600 N,063 12.438900 W,4.8,265.6,A,DoorSpread,DoorMaster,3.515000,D,S,902119.000000
Thu Jul 17 19:32:59 2025,17-Jul-2025,223557,48 54.624400 N,063 12.441100 W,4.8,265.5,A,DoorSpread,DoorMaster,3.515000,D,S,902119.000000
Thu Jul 17 19:32:59 2025,17-Jul-2025,223558,48 54.624200 N,063 12.443200 W,4.9,265.3,A,DoorSpread,DoorMaster,3.515000,D,S,902119.000000
Thu Jul 17 19:32:59 2025,17-Jul-2025,223559,48 54.624100 N,063 12.445400 W,4.9,265.3,A,DoorSpread,DoorMaster,3.515000,D,S,902119.000000
Thu Jul 17 19:32:59 2025,17-Jul-2025,223600,48 54.624000 N,063 12.447500 W,4.9,265.4,A,DoorSpread,DoorMaster,3.515000,D,S,902119.000000
Thu Jul 17 19:32:59 2025,17-Jul-2025,223601,48 54.623900 N,063 12.449300 W,4.8,265.1,A,DoorSpread,DoorMaster,3.515000,D,S,902119.000000
Thu Jul 17 19:32:59 2025,17-Jul-2025,223602,48 54.623700 N,063 12.451100 W,4.7,264.9,A,DoorSpread,DoorMaster,3.515000,D,S,902119.000000
Thu Jul 17 19:32:59 2025,17-Jul-2025,223603,48 54.623600 N,063 12.453000 W,4.8,265.0,A,DoorSpread,DoorMaster,3.515000,D,S,902119.000000
Thu Jul 17 19:32:59 2025,17-Jul-2025,223604,48 54.623500 N,063 12.455100 W,4.9,265.2,A,DoorSpread,DoorMaster,3.515000,D,S,902119.000000
Thu Jul 17 19:32:59 2025,17-Jul-2025,223605,48 54.623400 N,063 12.457100 W,4.9,265.4,A,DoorSpread,DoorMaster,3.515000,D,S,902119.000000
Thu Jul 17 19:32:59 2025,17-Jul-2025,223606,48 54.623400 N,063 12.459000 W,4.8,265.8,A,DoorSpread,DoorMaster,3.515000,D,S,902119.000000
Thu Jul 17 19:32:59 2025,17-Jul-2025,223607,48 54.623400 N,063 12.460800 W,4.8,265.9,A,DoorSpread,DoorMaster,3.515000,D,S,902119.000000
Thu Jul 17 19:32:59 2025,17-Jul-2025,223608,48 54.623300 N,063 12.462500 W,4.8,265.9,A,DoorSpread,DoorMaster,3.515000,D,S,902119.000000
Thu Jul 17 19:32:59 2025,17-Jul-2025,223609,48 54.623300 N,063 12.464500 W,4.8,266.0,A,DoorSpread,DoorMaster,3.515000,D,S,902119.000000
Thu Jul 17 19:32:59 2025,17-Jul-2025,223610,48 54.623200 N,063 12.466400 W,4.8,266.2,A,DoorSpread,DoorMaster,3.515000,D,S,902119.000000
Thu Jul 17 19:32:59 2025,17-Jul-2025,223611,48 54.623200 N,063 12.468400 W,4.8,266.5,A,DoorSpread,DoorMaster,3.515000,D,S,902119.000000
Thu Jul 17 19:32:59 2025,17-Jul-2025,223612,48 54.623200 N,063 12.470500 W,4.8,266.6,A,DoorSpread,DoorMaster,3.515000,D,S,902119.000000
Thu Jul 17 19:32:59 2025,17-Jul-2025,223613,48 54.623100 N,063 12.472400 W,4.7,266.6,A,DoorSpread,DoorMaster,3.515000,D,S,902119.000000
Thu Jul 17 19:32:59 2025,17-Jul-2025,223614,48 54.622900 N,063 12.474300 W,4.7,266.3,A,DoorSpread,DoorMaster,3.515000,D,S,902119.000000
Thu Jul 17 19:32:59 2025,17-Jul-2025,223615,48 54.622800 N,063 12.476400 W,4.8,266.3,A,DoorSpread,DoorMaster,3.515000,D,S,902119.000000
Thu Jul 17 19:32:59 2025,17-Jul-2025,223616,48 54.622800 N,063 12.478700 W,4.9,266.5,A,DoorSpread,DoorMaster,3.515000,D,S,902119.000000
Thu Jul 17 19:32:59 2025,17-Jul-2025,223617,48 54.622800 N,063 12.481000 W,4.9,266.6,A,DoorSpread,DoorMaster,3.515000,D,S,902119.000000
Thu Jul 17 19:32:59 2025,17-Jul-2025,223618,48 54.622700 N,063 12.483100 W,4.9,266.2,A,DoorSpread,DoorMaster,3.515000,D,S,902119.000000
Thu Jul 17 19:32:59 2025,17-Jul-2025,223619,48 54.622500 N,063 12.485200 W,4.8,265.8,A,DoorSpread,DoorMaster,3.515000,D,S,902119.000000
Thu Jul 17 19:32:59 2025,17-Jul-2025,223620,48 54.622500 N,063 12.487400 W,4.9,265.8,A,DoorSpread,DoorMaster,3.515000,D,S,902119.000000
Thu Jul 17 19:32:59 2025,17-Jul-2025,223621,48 54.622600 N,063 12.489500 W,4.9,266.2,A,DoorSpread,DoorMaster,3.515000,D,S,902119.000000
Thu Jul 17 19:32:59 2025,17-Jul-2025,223622,48 54.622600 N,063 12.491800 W,5.0,266.5,A,DoorSpread,DoorMaster,3.515000,D,S,902119.000000
Thu Jul 17 19:32:59 2025,17-Jul-2025,223623,48 54.622500 N,063 12.493900 W,4.9,266.5,A,DoorSpread,DoorMaster,3.515000,D,S,902119.000000
Thu Jul 17 19:32:59 2025,17-Jul-2025,223624,48 54.622300 N,063 12.495900 W,4.8,266.1,A,DoorSpread,DoorMaster,3.515000,D,S,902119.000000
Thu Jul 17 19:32:59 2025,17-Jul-2025,223625,48 54.622200 N,063 12.497900 W,4.8,265.9,A,DoorSpread,DoorMaster,3.515000,D,S,902119.000000
Thu Jul 17 19:32:59 2025,17-Jul-2025,223626,48 54.622200 N,063 12.500000 W,4.9,266.2,A,DoorSpread,DoorMaster,3.515000,D,S,902119.000000
Thu Jul 17 19:32:59 2025,17-Jul-2025,223627,48 54.622300 N,063 12.502100 W,4.8,266.8,A,DoorSpread,DoorMaster,3.515000,D,S,902119.000000
Thu Jul 17 19:32:59 2025,17-Jul-2025,223628,48 54.622200 N,063 12.504100 W,4.8,267.0,A,DoorSpread,DoorMaster,3.515000,D,S,902119.000000
Thu Jul 17 19:32:59 2025,17-Jul-2025,223629,48 54.622100 N,063 12.506000 W,4.8,266.6,A,DoorSpread,DoorMaster,3.515000,D,S,902119.000000
Thu Jul 17 19:32:59 2025,17-Jul-2025,223630,48 54.622000 N,063 12.507900 W,4.8,266.5,A,DoorSpread,DoorMaster,3.515000,D,S,902119.000000
Thu Jul 17 19:32:59 2025,17-Jul-2025,223631,48 54.622000 N,063 12.509800 W,4.8,266.7,A,DoorSpread,DoorMaster,3.515000,D,S,902119.000000
Thu Jul 17 19:32:59 2025,17-Jul-2025,223632,48 54.622100 N,063 12.511700 W,4.8,267.0,A,DoorSpread,DoorMaster,3.515000,D,S,902119.000000
Thu Jul 17 19:32:59 2025,17-Jul-2025,223633,48 54.622100 N,063 12.513700 W,4.9,267.2,A,DoorSpread,DoorMaster,3.515000,D,S,902119.000000
Thu Jul 17 19:32:59 2025,17-Jul-2025,223634,48 54.622100 N,063 12.515600 W,4.9,267.1,A,DoorSpread,DoorMaster,3.515000,D,S,902119.000000
Thu Jul 17 19:32:59 2025,17-Jul-2025,223635,48 54.622100 N,063 12.517600 W,4.8,267.0,A,DoorSpread,DoorMaster,3.515000,D,S,902119.000000
Thu Jul 17 19:32:59 2025,17-Jul-2025,223636,48 54.622100 N,063 12.519500 W,4.8,267.1,A,DoorSpread,DoorMaster,3.515000,D,S,902119.000000
Thu Jul 17 19:32:59 2025,17-Jul-2025,223637,48 54.622100 N,063 12.521400 W,4.8,267.4,A,DoorSpread,DoorMaster,3.515000,D,S,902119.000000
Thu Jul 17 19:32:59 2025,17-Jul-2025,223638,48 54.622200 N,063 12.523300 W,4.8,267.6,A,DoorSpread,DoorMaster,3.515000,D,S,902119.000000
Thu Jul 17 19:32:59 2025,17-Jul-2025,223639,48 54.622300 N,063 12.525100 W,4.8,267.6,A,DoorSpread,DoorMaster,3.515000,D,S,902119.000000
Thu Jul 17 19:32:59 2025,17-Jul-2025,223640,48 54.622200 N,063 12.527000 W,4.8,267.3,A,DoorSpread,DoorMaster,3.515000,D,S,902119.000000
Thu Jul 17 19:32:59 2025,17-Jul-2025,223641,48 54.622100 N,063 12.528900 W,4.8,267.0,A,DoorSpread,DoorMaster,3.515000,D,S,902119.000000
Thu Jul 17 19:32:59 2025,17-Jul-2025,223642,48 54.622100 N,063 12.531000 W,4.8,266.8,A,DoorSpread,DoorMaster,3.515000,D,S,902119.000000
Thu Jul 17 19:32:59 2025,17-Jul-2025,223643,48 54.622200 N,063 12.532900 W,4.8,266.9,A,DoorSpread,DoorMaster,3.515000,D,S,902119.000000
Thu Jul 17 19:32:59 2025,17-Jul-2025,223644,48 54.622200 N,063 12.534800 W,4.8,266.6,A,DoorSpread,DoorMaster,3.515000,D,S,902119.000000
Thu Jul 17 19:32:59 2025,17-Jul-2025,223645,48 54.622100 N,063 12.536600 W,4.8,265.9,A,DoorSpread,DoorMaster,3.515000,D,S,902119.000000
Thu Jul 17 19:32:59 2025,17-Jul-2025,223646,48 54.621900 N,063 12.538500 W,4.8,265.3,A,DoorSpread,DoorMaster,3.515000,D,S,902119.000000
Thu Jul 17 19:32:59 2025,17-Jul-2025,223647,48 54.622000 N,063 12.540500 W,4.8,265.1,A,DoorSpread,DoorMaster,3.515000,D,S,902119.000000
Thu Jul 17 19:32:59 2025,17-Jul-2025,223648,48 54.622000 N,063 12.542600 W,4.8,264.9,A,DoorSpread,DoorMaster,3.515000,D,S,902119.000000
Thu Jul 17 19:32:59 2025,17-Jul-2025,223649,48 54.622000 N,063 12.544600 W,4.8,264.9,A,DoorSpread,DoorMaster,3.515000,D,S,902119.000000
Thu Jul 17 19:32:59 2025,17-Jul-2025,223650,48 54.622000 N,063 12.546600 W,4.8,264.9,A,DoorSpread,DoorMaster,3.515000,D,S,902119.000000
Thu Jul 17 19:32:59 2025,17-Jul-2025,223651,48 54.621900 N,063 12.548600 W,4.8,264.7,A,DoorSpread,DoorMaster,3.515000,D,S,902119.000000
Thu Jul 17 19:32:59 2025,17-Jul-2025,223652,48 54.621900 N,063 12.550800 W,4.8,264.9,A,DoorSpread,DoorMaster,3.515000,D,S,902119.000000
Thu Jul 17 19:32:59 2025,17-Jul-2025,223653,48 54.621900 N,063 12.553100 W,4.9,265.2,A,DoorSpread,DoorMaster,3.515000,D,S,902119.000000
Thu Jul 17 19:32:59 2025,17-Jul-2025,223654,48 54.621900 N,063 12.555200 W,4.8,265.3,A,DoorSpread,DoorMaster,3.515000,D,S,902119.000000
Thu Jul 17 19:32:59 2025,17-Jul-2025,223655,48 54.621900 N,063 12.557300 W,4.8,265.5,A,DoorSpread,DoorMaster,3.515000,D,S,902119.000000
Thu Jul 17 19:32:59 2025,17-Jul-2025,223656,48 54.621900 N,063 12.559500 W,4.9,265.5,A,DoorSpread,DoorMaster,3.515000,D,S,902119.000000
Thu Jul 17 19:32:59 2025,17-Jul-2025,223657,48 54.621900 N,063 12.561700 W,4.9,265.7,A,DoorSpread,DoorMaster,3.515000,D,S,902119.000000
Thu Jul 17 19:32:59 2025,17-Jul-2025,223658,48 54.621900 N,063 12.563900 W,4.9,266.0,A,DoorSpread,DoorMaster,3.515000,D,S,902119.000000
Thu Jul 17 19:32:59 2025,17-Jul-2025,223659,48 54.622000 N,063 12.566000 W,4.9,266.4,A,DoorSpread,DoorMaster,3.515000,D,S,902119.000000
Thu Jul 17 19:32:59 2025,17-Jul-2025,223700,48 54.622100 N,063 12.568100 W,4.9,266.8,A,DoorSpread,DoorMaster,3.515000,D,S,902119.000000
Thu Jul 17 19:32:59 2025,17-Jul-2025,223701,48 54.622000 N,063 12.570100 W,4.9,267.2,A,DoorSpread,DoorMaster,3.515000,D,S,902119.000000
Thu Jul 17 19:32:59 2025,17-Jul-2025,223702,48 54.622000 N,063 12.572000 W,4.9,267.3,A,DoorSpread,DoorMaster,3.515000,D,S,902119.000000
Thu Jul 17 19:32:59 2025,17-Jul-2025,223703,48 54.621900 N,063 12.574100 W,4.9,267.4,A,DoorSpread,DoorMaster,3.515000,D,S,902119.000000
Thu Jul 17 19:32:59 2025,17-Jul-2025,223704,48 54.621900 N,063 12.576100 W,4.9,267.6,A,DoorSpread,DoorMaster,3.515000,D,S,902119.000000
Thu Jul 17 19:32:59 2025,17-Jul-2025,223705,48 54.621900 N,063 12.578300 W,5.0,267.9,A,DoorSpread,DoorMaster,3.515000,D,S,902119.000000
Thu Jul 17 19:32:59 2025,17-Jul-2025,223706,48 54.621900 N,063 12.580500 W,5.0,268.1,A,DoorSpread,DoorMaster,3.515000,D,S,902119.000000
Thu Jul 17 19:32:59 2025,17-Jul-2025,223707,48 54.621800 N,063 12.582500 W,5.0,268.0,A,DoorSpread,DoorMaster,3.515000,D,S,902119.000000
Thu Jul 17 19:32:59 2025,17-Jul-2025,223708,48 54.621700 N,063 12.584500 W,4.9,267.7,A,DoorSpread,DoorMaster,3.515000,D,S,902119.000000
Thu Jul 17 19:32:59 2025,17-Jul-2025,223709,48 54.621700 N,063 12.586500 W,4.9,267.7,A,DoorSpread,DoorMaster,3.515000,D,S,902119.000000
Thu Jul 17 19:32:59 2025,17-Jul-2025,223710,48 54.621800 N,063 12.588700 W,5.0,267.9,A,DoorSpread,DoorMaster,3.515000,D,S,902119.000000
Thu Jul 17 19:32:59 2025,17-Jul-2025,223711,48 54.621800 N,063 12.590900 W,5.0,268.1,A,DoorSpread,DoorMaster,3.515000,D,S,902119.000000
Thu Jul 17 19:32:59 2025,17-Jul-2025,223712,48 54.621800 N,063 12.593000 W,5.0,268.3,A,DoorSpread,DoorMaster,3.515000,D,S,902119.000000
Thu Jul 17 19:32:59 2025,17-Jul-2025,223713,48 54.621800 N,063 12.595100 W,5.0,268.3,A,DoorSpread,DoorMaster,3.515000,D,S,902119.000000
Thu Jul 17 19:32:59 2025,17-Jul-2025,223714,48 54.621700 N,063 12.597200 W,5.0,268.3,A,DoorSpread,DoorMaster,3.515000,D,S,902119.000000
Thu Jul 17 19:32:59 2025,17-Jul-2025,223715,48 54.621700 N,063 12.599400 W,5.0,268.2,A,DoorSpread,DoorMaster,3.515000,D,S,902119.000000
Thu Jul 17 19:32:59 2025,17-Jul-2025,223716,48 54.621700 N,063 12.601600 W,5.0,268.4,A,DoorSpread,DoorMaster,3.515000,D,S,902119.000000
Thu Jul 17 19:32:59 2025,17-Jul-2025,223717,48 54.621700 N,063 12.603900 W,5.0,268.4,A,DoorSpread,DoorMaster,3.515000,D,S,902119.000000
Thu Jul 17 19:32:59 2025,17-Jul-2025,223718,48 54.621600 N,063 12.606100 W,5.0,268.4,A,DoorSpread,DoorMaster,3.515000,D,S,902119.000000
Thu Jul 17 19:32:59 2025,17-Jul-2025,223719,48 54.621500 N,063 12.608400 W,5.0,268.3,A,DoorSpread,DoorMaster,3.515000,D,S,902119.000000
Thu Jul 17 19:32:59 2025,17-Jul-2025,223720,48 54.621400 N,063 12.610700 W,5.1,268.4,A,DoorSpread,DoorMaster,3.515000,D,S,902119.000000
Thu Jul 17 19:32:59 2025,17-Jul-2025,223721,48 54.621500 N,063 12.613100 W,5.1,268.5,A,DoorSpread,DoorMaster,3.515000,D,S,902119.000000
Thu Jul 17 19:32:59 2025,17-Jul-2025,223722,48 54.621500 N,063 12.615300 W,5.1,268.6,A,DoorSpread,DoorMaster,3.515000,D,S,902119.000000
Thu Jul 17 19:32:59 2025,17-Jul-2025,223723,48 54.621500 N,063 12.617400 W,5.1,268.5,A,DoorSpread,DoorMaster,3.515000,D,S,902119.000000
Thu Jul 17 19:32:59 2025,17-Jul-2025,223724,48 54.621400 N,063 12.619500 W,5.0,268.3,A,DoorSpread,DoorMaster,3.515000,D,S,902119.000000
Thu Jul 17 19:32:59 2025,17-Jul-2025,223725,48 54.621300 N,063 12.621500 W,5.0,268.1,A,DoorSpread,DoorMaster,3.515000,D,S,902119.000000
Thu Jul 17 19:32:59 2025,17-Jul-2025,223726,48 54.621200 N,063 12.623600 W,5.0,268.0,A,DoorSpread,DoorMaster,3.515000,D,S,902119.000000
Thu Jul 17 19:32:59 2025,17-Jul-2025,223727,48 54.621300 N,063 12.625700 W,5.0,267.9,A,DoorSpread,DoorMaster,3.515000,D,S,902119.000000
Thu Jul 17 19:32:59 2025,17-Jul-2025,223728,48 54.621300 N,063 12.627700 W,5.0,268.1,A,DoorSpread,DoorMaster,3.515000,D,S,902119.000000
Thu Jul 17 19:32:59 2025,17-Jul-2025,223729,48 54.621400 N,063 12.629600 W,5.0,268.4,A,DoorSpread,DoorMaster,3.515000,D,S,902119.000000
Thu Jul 17 19:32:59 2025,17-Jul-2025,223730,48 54.621300 N,063 12.631500 W,5.0,268.6,A,DoorSpread,DoorMaster,3.515000,D,S,902119.000000
Thu Jul 17 19:32:59 2025,17-Jul-2025,223731,48 54.621200 N,063 12.633500 W,4.9,268.4,A,DoorSpread,DoorMaster,3.515000,D,S,902119.000000
Thu Jul 17 19:32:59 2025,17-Jul-2025,223732,48 54.621100 N,063 12.635400 W,4.9,268.2,A,DoorSpread,DoorMaster,3.515000,D,S,902119.000000
Thu Jul 17 19:32:59 2025,17-Jul-2025,223733,48 54.621100 N,063 12.637300 W,4.9,268.2,A,DoorSpread,DoorMaster,3.515000,D,S,902119.000000
Thu Jul 17 19:32:59 2025,17-Jul-2025,223734,48 54.621100 N,063 12.639300 W,5.0,268.3,A,DoorSpread,DoorMaster,3.515000,D,S,902119.000000
Thu Jul 17 19:32:59 2025,17-Jul-2025,223735,48 54.621100 N,063 12.641400 W,5.0,268.4,A,DoorSpread,DoorMaster,3.515000,D,S,902119.000000
Thu Jul 17 19:32:59 2025,17-Jul-2025,223736,48 54.620900 N,063 12.643400 W,4.9,268.2,A,DoorSpread,DoorMaster,3.515000,D,S,902119.000000
Thu Jul 17 19:32:59 2025,17-Jul-2025,223737,48 54.620800 N,063 12.645300 W,4.9,268.0,A,DoorSpread,DoorMaster,3.515000,D,S,902119.000000
Thu Jul 17 19:32:59 2025,17-Jul-2025,223738,48 54.620700 N,063 12.647400 W,4.9,267.8,A,DoorSpread,DoorMaster,3.515000,D,S,902119.000000
Thu Jul 17 19:32:59 2025,17-Jul-2025,223739,48 54.620800 N,063 12.649700 W,5.0,268.0,A,DoorSpread,DoorMaster,3.515000,D,S,902119.000000
Thu Jul 17 19:32:59 2025,17-Jul-2025,223740,48 54.620800 N,063 12.651900 W,5.0,268.2,A,DoorSpread,DoorMaster,3.515000,D,S,902119.000000
Thu Jul 17 19:32:59 2025,17-Jul-2025,223741,48 54.620700 N,063 12.654200 W,5.0,268.3,A,DoorSpread,DoorMaster,3.515000,D,S,902119.000000
Thu Jul 17 19:32:59 2025,17-Jul-2025,223742,48 54.620700 N,063 12.656400 W,5.0,268.5,A,DoorSpread,DoorMaster,3.515000,D,S,902119.000000
Thu Jul 17 19:32:59 2025,17-Jul-2025,223743,48 54.620700 N,063 12.658600 W,5.0,268.7,A,DoorSpread,DoorMaster,3.515000,D,S,902119.000000
Thu Jul 17 19:32:59 2025,17-Jul-2025,223744,48 54.620700 N,063 12.660600 W,5.0,268.9,A,DoorSpread,DoorMaster,3.515000,D,S,902119.000000
Thu Jul 17 19:32:59 2025,17-Jul-2025,223745,48 54.620800 N,063 12.662600 W,5.0,269.0,A,DoorSpread,DoorMaster,3.515000,D,S,902119.000000
Thu Jul 17 19:32:59 2025,17-Jul-2025,223746,48 54.620700 N,063 12.664700 W,5.0,269.1,A,DoorSpread,DoorMaster,3.515000,D,S,902119.000000
Thu Jul 17 19:32:59 2025,17-Jul-2025,223747,48 54.620800 N,063 12.666900 W,5.0,269.3,A,DoorSpread,DoorMaster,3.515000,D,S,902119.000000
Thu Jul 17 19:32:59 2025,17-Jul-2025,223748,48 54.620900 N,063 12.669100 W,5.0,269.5,A,DoorSpread,DoorMaster,3.515000,D,S,902119.000000
Thu Jul 17 19:32:59 2025,17-Jul-2025,223749,48 54.620900 N,063 12.671200 W,5.0,269.6,A,DoorSpread,DoorMaster,3.515000,D,S,902119.000000
Thu Jul 17 19:32:59 2025,17-Jul-2025,223750,48 54.620900 N,063 12.673300 W,5.0,269.5,A,DoorSpread,DoorMaster,3.515000,D,S,902119.000000
Thu Jul 17 19:32:59 2025,17-Jul-2025,223751,48 54.620800 N,063 12.675300 W,5.0,269.3,A,DoorSpread,DoorMaster,3.515000,D,S,902119.000000
Thu Jul 17 19:32:59 2025,17-Jul-2025,223752,48 54.620800 N,063 12.677400 W,5.0,269.2,A,DoorSpread,DoorMaster,3.515000,D,S,902119.000000
Thu Jul 17 19:32:59 2025,17-Jul-2025,223753,48 54.620900 N,063 12.679500 W,5.0,269.2,A,DoorSpread,DoorMaster,3.515000,D,S,902119.000000
Thu Jul 17 19:32:59 2025,17-Jul-2025,223754,48 54.621000 N,063 12.681600 W,5.0,269.2,A,DoorSpread,DoorMaster,3.515000,D,S,902119.000000
Thu Jul 17 19:32:59 2025,17-Jul-2025,223755,48 54.621100 N,063 12.683800 W,5.0,269.2,A,DoorSpread,DoorMaster,3.515000,D,S,902119.000000
Thu Jul 17 19:32:59 2025,17-Jul-2025,223756,48 54.621200 N,063 12.685900 W,5.1,269.2,A,DoorSpread,DoorMaster,3.515000,D,S,902119.000000
Thu Jul 17 19:32:59 2025,17-Jul-2025,223757,48 54.621400 N,063 12.688000 W,5.1,269.2,A,DoorSpread,DoorMaster,3.515000,D,S,902119.000000
Thu Jul 17 19:32:59 2025,17-Jul-2025,223758,48 54.621400 N,063 12.690000 W,5.0,269.0,A,DoorSpread,DoorMaster,3.515000,D,S,902119.000000
Thu Jul 17 19:32:59 2025,17-Jul-2025,223759,48 54.621400 N,063 12.692100 W,5.0,269.0,A,DoorSpread,DoorMaster,3.515000,D,S,902119.000000
Thu Jul 17 19:32:59 2025,17-Jul-2025,223800,48 54.621500 N,063 12.694100 W,5.0,269.1,A,DoorSpread,DoorMaster,3.515000,D,S,902119.000000
Thu Jul 17 19:32:59 2025,17-Jul-2025,223801,48 54.621500 N,063 12.696100 W,5.0,269.3,A,DoorSpread,DoorMaster,3.515000,D,S,902119.000000
Thu Jul 17 19:32:59 2025,17-Jul-2025,223802,48 54.621600 N,063 12.698100 W,5.0,269.5,A,DoorSpread,DoorMaster,3.515000,D,S,902119.000000
Thu Jul 17 19:32:59 2025,17-Jul-2025,223803,48 54.621500 N,063 12.700100 W,5.0,269.6,A,DoorSpread,DoorMaster,3.515000,D,S,902119.000000
Thu Jul 17 19:32:59 2025,17-Jul-2025,223804,48 54.621400 N,063 12.702200 W,5.0,269.5,A,DoorSpread,DoorMaster,3.515000,D,S,902119.000000
Thu Jul 17 19:32:59 2025,17-Jul-2025,223805,48 54.621400 N,063 12.704300 W,5.0,269.5,A,DoorSpread,DoorMaster,3.515000,D,S,902119.000000
Thu Jul 17 19:32:59 2025,17-Jul-2025,223806,48 54.621400 N,063 12.706400 W,5.0,269.6,A,DoorSpread,DoorMaster,3.515000,D,S,902119.000000
Thu Jul 17 19:32:59 2025,17-Jul-2025,223807,48 54.621400 N,063 12.708500 W,5.0,269.7,A,DoorSpread,DoorMaster,3.515000,D,S,902119.000000
Thu Jul 17 19:32:59 2025,17-Jul-2025,223808,48 54.621400 N,063 12.710600 W,5.0,269.3,A,DoorSpread,DoorMaster,3.515000,D,S,902119.000000
Thu Jul 17 19:32:59 2025,17-Jul-2025,223809,48 54.621300 N,063 12.712800 W,5.0,268.9,A,DoorSpread,DoorMaster,3.515000,D,S,902119.000000
Thu Jul 17 19:32:59 2025,17-Jul-2025,223810,48 54.621400 N,063 12.714900 W,5.0,268.7,A,DoorSpread,DoorMaster,3.515000,D,S,902119.000000
Thu Jul 17 19:32:59 2025,17-Jul-2025,223811,48 54.621400 N,063 12.717100 W,5.0,268.7,A,DoorSpread,DoorMaster,3.515000,D,S,902119.000000
Thu Jul 17 19:32:59 2025,17-Jul-2025,223812,48 54.621500 N,063 12.719200 W,5.0,268.8,A,DoorSpread,DoorMaster,3.515000,D,S,902119.000000
Thu Jul 17 19:32:59 2025,17-Jul-2025,223813,48 54.621600 N,063 12.721300 W,5.1,268.8,A,DoorSpread,DoorMaster,3.515000,D,S,902119.000000
Thu Jul 17 19:32:59 2025,17-Jul-2025,223814,48 54.621600 N,063 12.723400 W,5.0,268.6,A,DoorSpread,DoorMaster,3.515000,D,S,902119.000000
Thu Jul 17 19:32:59 2025,17-Jul-2025,223815,48 54.621600 N,063 12.725500 W,5.0,268.6,A,DoorSpread,DoorMaster,3.515000,D,S,902119.000000
Thu Jul 17 19:32:59 2025,17-Jul-2025,223816,48 54.621700 N,063 12.727600 W,5.0,268.6,A,DoorSpread,DoorMaster,3.515000,D,S,902119.000000
Thu Jul 17 19:32:59 2025,17-Jul-2025,223817,48 54.621700 N,063 12.729600 W,5.0,268.4,A,DoorSpread,DoorMaster,3.515000,D,S,902119.000000
Thu Jul 17 19:32:59 2025,17-Jul-2025,223818,48 54.621700 N,063 12.731600 W,4.9,268.2,A,DoorSpread,DoorMaster,3.515000,D,S,902119.000000
Thu Jul 17 19:32:59 2025,17-Jul-2025,223819,48 54.621600 N,063 12.733700 W,5.0,268.1,A,DoorSpread,DoorMaster,3.515000,D,S,902119.000000
Thu Jul 17 19:32:59 2025,17-Jul-2025,223820,48 54.621600 N,063 12.735900 W,5.0,268.0,A,DoorSpread,DoorMaster,3.515000,D,S,902119.000000
Thu Jul 17 19:32:59 2025,17-Jul-2025,223821,48 54.621700 N,063 12.738100 W,5.0,268.1,A,DoorSpread,DoorMaster,3.515000,D,S,902119.000000
Thu Jul 17 19:32:59 2025,17-Jul-2025,223822,48 54.621700 N,063 12.740200 W,5.0,268.1,A,DoorSpread,DoorMaster,3.515000,D,S,902119.000000
Thu Jul 17 19:32:59 2025,17-Jul-2025,223823,48 54.621700 N,063 12.742100 W,4.9,268.1,A,DoorSpread,DoorMaster,3.515000,D,S,902119.000000
Thu Jul 17 19:32:59 2025,17-Jul-2025,223824,48 54.621800 N,063 12.744000 W,5.0,268.2,A,DoorSpread,DoorMaster,3.515000,D,S,902119.000000
Thu Jul 17 19:32:59 2025,17-Jul-2025,223825,48 54.621900 N,063 12.746000 W,5.0,268.5,A,DoorSpread,DoorMaster,3.515000,D,S,902119.000000
Thu Jul 17 19:32:59 2025,17-Jul-2025,223826,48 54.622000 N,063 12.747900 W,5.0,268.8,A,DoorSpread,DoorMaster,3.515000,D,S,902119.000000
Thu Jul 17 19:32:59 2025,17-Jul-2025,223827,48 54.622100 N,063 12.750000 W,5.0,269.0,A,DoorSpread,DoorMaster,3.515000,D,S,902119.000000
Thu Jul 17 19:32:59 2025,17-Jul-2025,223828,48 54.622000 N,063 12.751800 W,5.0,268.9,A,DoorSpread,DoorMaster,3.515000,D,S,902119.000000
Thu Jul 17 19:32:59 2025,17-Jul-2025,223829,48 54.621900 N,063 12.753800 W,5.0,268.8,A,DoorSpread,DoorMaster,3.515000,D,S,902119.000000
Thu Jul 17 19:32:59 2025,17-Jul-2025,223830,48 54.621900 N,063 12.755700 W,5.0,268.8,A,DoorSpread,DoorMaster,3.515000,D,S,902119.000000
Thu Jul 17 19:32:59 2025,17-Jul-2025,223831,48 54.621800 N,063 12.757700 W,5.0,268.9,A,DoorSpread,DoorMaster,3.515000,D,S,902119.000000
Thu Jul 17 19:32:59 2025,17-Jul-2025,223832,48 54.621700 N,063 12.759800 W,5.0,268.8,A,DoorSpread,DoorMaster,3.515000,D,S,902119.000000
Thu Jul 17 19:32:59 2025,17-Jul-2025,223833,48 54.621600 N,063 12.761800 W,5.0,268.7,A,DoorSpread,DoorMaster,3.515000,D,S,902119.000000
Thu Jul 17 19:32:59 2025,17-Jul-2025,223834,48 54.621500 N,063 12.763900 W,5.0,268.6,A,DoorSpread,DoorMaster,3.515000,D,S,902119.000000
Thu Jul 17 19:32:59 2025,17-Jul-2025,223835,48 54.621400 N,063 12.766100 W,5.0,268.6,A,DoorSpread,DoorMaster,3.515000,D,S,902119.000000
Thu Jul 17 19:32:59 2025,17-Jul-2025,223836,48 54.621400 N,063 12.768100 W,5.0,268.6,A,DoorSpread,DoorMaster,3.515000,D,S,902119.000000
Thu Jul 17 19:32:59 2025,17-Jul-2025,223837,48 54.621300 N,063 12.770200 W,5.0,268.5,A,DoorSpread,DoorMaster,3.515000,D,S,902119.000000
Thu Jul 17 19:32:59 2025,17-Jul-2025,223838,48 54.621200 N,063 12.772400 W,5.0,268.5,A,DoorSpread,DoorMaster,3.515000,D,S,902119.000000
Thu Jul 17 19:32:59 2025,17-Jul-2025,223839,48 54.621100 N,063 12.774600 W,5.1,268.4,A,DoorSpread,DoorMaster,3.515000,D,S,902119.000000
Thu Jul 17 19:32:59 2025,17-Jul-2025,223840,48 54.621100 N,063 12.776700 W,5.1,268.4,A,DoorSpread,DoorMaster,3.515000,D,S,902119.000000
Thu Jul 17 19:32:59 2025,17-Jul-2025,223841,48 54.621100 N,063 12.778800 W,5.0,268.6,A,DoorSpread,DoorMaster,3.515000,D,S,902119.000000
Thu Jul 17 19:32:59 2025,17-Jul-2025,223842,48 54.621200 N,063 12.780900 W,5.0,268.8,A,DoorSpread,DoorMaster,3.515000,D,S,902119.000000
Thu Jul 17 19:32:59 2025,17-Jul-2025,223843,48 54.621100 N,063 12.782900 W,5.0,268.9,A,DoorSpread,DoorMaster,3.515000,D,S,902119.000000
Thu Jul 17 19:32:59 2025,17-Jul-2025,223844,48 54.621100 N,063 12.785000 W,5.0,268.9,A,DoorSpread,DoorMaster,3.515000,D,S,902119.000000
Thu Jul 17 19:32:59 2025,17-Jul-2025,223845,48 54.621200 N,063 12.787200 W,5.0,269.0,A,DoorSpread,DoorMaster,3.515000,D,S,902119.000000
Thu Jul 17 19:32:59 2025,17-Jul-2025,223846,48 54.621300 N,063 12.789300 W,5.1,269.4,A,DoorSpread,DoorMaster,3.515000,D,S,902119.000000
Thu Jul 17 19:32:59 2025,17-Jul-2025,223847,48 54.621500 N,063 12.791500 W,5.1,269.8,A,DoorSpread,DoorMaster,3.515000,D,S,902119.000000
Thu Jul 17 19:32:59 2025,17-Jul-2025,223848,48 54.621500 N,063 12.793500 W,5.0,269.5,A,DoorSpread,DoorMaster,3.515000,D,S,902119.000000
Thu Jul 17 19:32:59 2025,17-Jul-2025,223849,48 54.621400 N,063 12.795400 W,5.0,269.0,A,DoorSpread,DoorMaster,3.515000,D,S,902119.000000
Thu Jul 17 19:32:59 2025,17-Jul-2025,223850,48 54.621500 N,063 12.797300 W,4.9,268.9,A,DoorSpread,DoorMaster,3.515000,D,S,902119.000000
Thu Jul 17 19:32:59 2025,17-Jul-2025,223851,48 54.621600 N,063 12.799300 W,4.9,269.0,A,DoorSpread,DoorMaster,3.515000,D,S,902119.000000
Thu Jul 17 19:32:59 2025,17-Jul-2025,223852,48 54.621700 N,063 12.801400 W,5.0,269.4,A,DoorSpread,DoorMaster,3.515000,D,S,902119.000000
Thu Jul 17 19:32:59 2025,17-Jul-2025,223853,48 54.621700 N,063 12.803500 W,5.0,269.7,A,DoorSpread,DoorMaster,3.515000,D,S,902119.000000
Thu Jul 17 19:32:59 2025,17-Jul-2025,223854,48 54.621800 N,063 12.805500 W,5.0,269.9,A,DoorSpread,DoorMaster,3.515000,D,S,902119.000000
Thu Jul 17 19:32:59 2025,17-Jul-2025,223855,48 54.621800 N,063 12.807500 W,4.9,270.0,A,DoorSpread,DoorMaster,3.515000,D,S,902119.000000
Thu Jul 17 19:32:59 2025,17-Jul-2025,223856,48 54.621900 N,063 12.809600 W,4.9,270.0,A,DoorSpread,DoorMaster,3.515000,D,S,902119.000000
Thu Jul 17 19:32:59 2025,17-Jul-2025,223857,48 54.621800 N,063 12.811600 W,5.0,270.1,A,DoorSpread,DoorMaster,3.515000,D,S,902119.000000
Thu Jul 17 19:32:59 2025,17-Jul-2025,223858,48 54.621900 N,063 12.813700 W,5.0,270.2,A,DoorSpread,DoorMaster,3.515000,D,S,902119.000000
Thu Jul 17 19:32:59 2025,17-Jul-2025,223859,48 54.621900 N,063 12.815900 W,5.0,270.4,A,DoorSpread,DoorMaster,3.515000,D,S,902119.000000
Thu Jul 17 19:32:59 2025,17-Jul-2025,223900,48 54.621900 N,063 12.818100 W,5.0,270.3,A,DoorSpread,DoorMaster,3.515000,D,S,902119.000000
Thu Jul 17 19:32:59 2025,17-Jul-2025,223901,48 54.621900 N,063 12.820300 W,4.9,270.2,A,DoorSpread,DoorMaster,3.515000,D,S,902119.000000
Thu Jul 17 19:32:59 2025,17-Jul-2025,223902,48 54.621800 N,063 12.822500 W,4.9,270.0,A,DoorSpread,DoorMaster,3.515000,D,S,902119.000000
Thu Jul 17 19:32:59 2025,17-Jul-2025,223903,48 54.621700 N,063 12.824600 W,4.9,270.0,A,DoorSpread,DoorMaster,3.515000,D,S,902119.000000
Thu Jul 17 19:32:59 2025,17-Jul-2025,223904,48 54.621700 N,063 12.826800 W,5.0,270.2,A,DoorSpread,DoorMaster,3.515000,D,S,902119.000000
Thu Jul 17 19:32:59 2025,17-Jul-2025,223905,48 54.621700 N,063 12.828900 W,5.0,270.3,A,DoorSpread,DoorMaster,3.515000,D,S,902119.000000
Thu Jul 17 19:32:59 2025,17-Jul-2025,223906,48 54.621600 N,063 12.831000 W,5.0,270.1,A,DoorSpread,DoorMaster,3.515000,D,S,902119.000000
Thu Jul 17 19:32:59 2025,17-Jul-2025,223907,48 54.621500 N,063 12.833000 W,4.9,269.9,A,DoorSpread,DoorMaster,3.515000,D,S,902119.000000
Thu Jul 17 19:32:59 2025,17-Jul-2025,223908,48 54.621300 N,063 12.834900 W,4.9,269.4,A,DoorSpread,DoorMaster,3.515000,D,S,902119.000000
Thu Jul 17 19:32:59 2025,17-Jul-2025,223909,48 54.621200 N,063 12.836700 W,4.9,269.4,A,DoorSpread,DoorMaster,3.515000,D,S,902119.000000
Thu Jul 17 19:32:59 2025,17-Jul-2025,223910,48 54.621300 N,063 12.838800 W,4.9,269.7,A,DoorSpread,DoorMaster,3.515000,D,S,902119.000000
Thu Jul 17 19:32:59 2025,17-Jul-2025,223911,48 54.621400 N,063 12.840900 W,5.0,270.3,A,DoorSpread,DoorMaster,3.515000,D,S,902119.000000
Thu Jul 17 19:32:59 2025,17-Jul-2025,223912,48 54.621600 N,063 12.843000 W,5.0,270.8,A,DoorSpread,DoorMaster,3.515000,D,S,902119.000000
Thu Jul 17 19:32:59 2025,17-Jul-2025,223913,48 54.621600 N,063 12.845000 W,5.0,270.7,A,DoorSpread,DoorMaster,3.515000,D,S,902119.000000
Thu Jul 17 19:32:59 2025,17-Jul-2025,223914,48 54.621600 N,063 12.847100 W,4.9,270.4,A,DoorSpread,DoorMaster,3.515000,D,S,902119.000000
Thu Jul 17 19:32:59 2025,17-Jul-2025,223915,48 54.621600 N,063 12.849100 W,4.9,270.4,A,DoorSpread,DoorMaster,3.515000,D,S,902119.000000
Thu Jul 17 19:32:59 2025,17-Jul-2025,223916,48 54.621800 N,063 12.851200 W,4.9,270.7,A,DoorSpread,DoorMaster,3.515000,D,S,902119.000000
Thu Jul 17 19:32:59 2025,17-Jul-2025,223917,48 54.621800 N,063 12.853200 W,4.9,270.7,A,DoorSpread,DoorMaster,3.515000,D,S,902119.000000
Thu Jul 17 19:32:59 2025,17-Jul-2025,223918,48 54.621800 N,063 12.855200 W,4.8,270.3,A,DoorSpread,DoorMaster,3.515000,D,S,902119.000000
Thu Jul 17 19:32:59 2025,17-Jul-2025,223919,48 54.621700 N,063 12.857100 W,4.8,270.0,A,DoorSpread,DoorMaster,3.515000,D,S,902119.000000
Thu Jul 17 19:32:59 2025,17-Jul-2025,223920,48 54.621700 N,063 12.858900 W,4.8,269.9,A,DoorSpread,DoorMaster,3.515000,D,S,902119.000000
Thu Jul 17 19:32:59 2025,17-Jul-2025,223921,48 54.621700 N,063 12.860800 W,4.8,269.8,A,DoorSpread,DoorMaster,3.515000,D,S,902119.000000
Thu Jul 17 19:32:59 2025,17-Jul-2025,223922,48 54.621700 N,063 12.862600 W,4.8,269.6,A,DoorSpread,DoorMaster,3.515000,D,S,902119.000000
Thu Jul 17 19:32:59 2025,17-Jul-2025,223923,48 54.621700 N,063 12.864500 W,4.8,269.4,A,DoorSpread,DoorMaster,3.515000,D,S,902119.000000
Thu Jul 17 19:32:59 2025,17-Jul-2025,223924,48 54.621700 N,063 12.866500 W,4.8,269.2,A,DoorSpread,DoorMaster,3.515000,D,S,902119.000000
Thu Jul 17 19:32:59 2025,17-Jul-2025,223925,48 54.621800 N,063 12.868500 W,4.8,269.2,A,DoorSpread,DoorMaster,3.515000,D,S,902119.000000
Thu Jul 17 19:32:59 2025,17-Jul-2025,223926,48 54.621900 N,063 12.870400 W,4.8,269.3,A,DoorSpread,DoorMaster,3.515000,D,S,902119.000000
Thu Jul 17 19:32:59 2025,17-Jul-2025,223927,48 54.621800 N,063 12.872400 W,4.7,269.2,A,DoorSpread,DoorMaster,3.515000,D,S,902119.000000
Thu Jul 17 19:32:59 2025,17-Jul-2025,223928,48 54.621900 N,063 12.874300 W,4.8,269.0,A,DoorSpread,DoorMaster,3.515000,D,S,902119.000000
Thu Jul 17 19:32:59 2025,17-Jul-2025,223929,48 54.621900 N,063 12.876400 W,4.8,269.0,A,DoorSpread,DoorMaster,3.515000,D,S,902119.000000
Thu Jul 17 19:32:59 2025,17-Jul-2025,223930,48 54.622000 N,063 12.878500 W,4.8,269.1,A,DoorSpread,DoorMaster,3.515000,D,S,902119.000000
Thu Jul 17 19:32:59 2025,17-Jul-2025,223931,48 54.622100 N,063 12.880600 W,4.9,269.2,A,DoorSpread,DoorMaster,3.515000,D,S,902119.000000
Thu Jul 17 19:32:59 2025,17-Jul-2025,223932,48 54.622000 N,063 12.882600 W,4.9,268.9,A,DoorSpread,DoorMaster,3.515000,D,S,902119.000000
Thu Jul 17 19:32:59 2025,17-Jul-2025,223933,48 54.621900 N,063 12.884700 W,4.9,268.5,A,DoorSpread,DoorMaster,3.515000,D,S,902119.000000
Thu Jul 17 19:32:59 2025,17-Jul-2025,223934,48 54.621700 N,063 12.886900 W,4.9,268.1,A,DoorSpread,DoorMaster,3.515000,D,S,902119.000000
Thu Jul 17 19:32:59 2025,17-Jul-2025,223935,48 54.621700 N,063 12.889000 W,4.9,268.0,A,DoorSpread,DoorMaster,3.515000,D,S,902119.000000
Thu Jul 17 19:32:59 2025,17-Jul-2025,223936,48 54.621700 N,063 12.891100 W,4.9,268.0,A,DoorSpread,DoorMaster,3.515000,D,S,902119.000000
Thu Jul 17 19:32:59 2025,17-Jul-2025,223937,48 54.621700 N,063 12.893100 W,4.9,267.8,A,DoorSpread,DoorMaster,3.515000,D,S,902119.000000
Thu Jul 17 19:32:59 2025,17-Jul-2025,223938,48 54.621700 N,063 12.895200 W,4.9,267.5,A,DoorSpread,DoorMaster,3.515000,D,S,902119.000000
Thu Jul 17 19:32:59 2025,17-Jul-2025,223939,48 54.621600 N,063 12.897300 W,4.9,267.6,A,DoorSpread,DoorMaster,3.515000,D,S,902119.000000
Thu Jul 17 19:32:59 2025,17-Jul-2025,223940,48 54.621700 N,063 12.899300 W,4.9,267.9,A,DoorSpread,DoorMaster,3.515000,D,S,902119.000000
Thu Jul 17 19:32:59 2025,17-Jul-2025,223941,48 54.621600 N,063 12.901500 W,4.9,267.9,A,DoorSpread,DoorMaster,3.515000,D,S,902119.000000
Thu Jul 17 19:32:59 2025,17-Jul-2025,223942,48 54.621500 N,063 12.903700 W,4.9,268.0,A,DoorSpread,DoorMaster,3.515000,D,S,902119.000000
Thu Jul 17 19:32:59 2025,17-Jul-2025,223943,48 54.621400 N,063 12.905800 W,4.9,268.1,A,DoorSpread,DoorMaster,3.515000,D,S,902119.000000
Thu Jul 17 19:32:59 2025,17-Jul-2025,223944,48 54.621400 N,063 12.907900 W,4.9,268.2,A,DoorSpread,DoorMaster,3.515000,D,S,902119.000000
Thu Jul 17 19:32:59 2025,17-Jul-2025,223945,48 54.621400 N,063 12.909900 W,4.9,268.1,A,DoorSpread,DoorMaster,3.515000,D,S,902119.000000
Thu Jul 17 19:32:59 2025,17-Jul-2025,223946,48 54.621300 N,063 12.911700 W,4.9,268.3,A,DoorSpread,DoorMaster,3.515000,D,S,902119.000000
Thu Jul 17 19:32:59 2025,17-Jul-2025,223947,48 54.621300 N,063 12.913600 W,4.8,268.5,A,DoorSpread,DoorMaster,3.515000,D,S,902119.000000
Thu Jul 17 19:32:59 2025,17-Jul-2025,223948,48 54.621200 N,063 12.915600 W,4.8,268.7,A,DoorSpread,DoorMaster,3.515000,D,S,902119.000000
Thu Jul 17 19:32:59 2025,17-Jul-2025,223949,48 54.621200 N,063 12.917600 W,4.9,268.8,A,DoorSpread,DoorMaster,3.515000,D,S,902119.000000
Thu Jul 17 19:32:59 2025,17-Jul-2025,223950,48 54.621300 N,063 12.919800 W,4.9,268.9,A,DoorSpread,DoorMaster,3.515000,D,S,902119.000000
Thu Jul 17 19:32:59 2025,17-Jul-2025,223951,48 54.621400 N,063 12.921800 W,4.9,269.1,A,DoorSpread,DoorMaster,3.515000,D,S,902119.000000
Thu Jul 17 19:32:59 2025,17-Jul-2025,223952,48 54.621400 N,063 12.923900 W,4.9,269.2,A,DoorSpread,DoorMaster,3.515000,D,S,902119.000000
Thu Jul 17 19:32:59 2025,17-Jul-2025,223953,48 54.621400 N,063 12.926000 W,4.9,268.9,A,DoorSpread,DoorMaster,3.515000,D,S,902119.000000
Thu Jul 17 19:32:59 2025,17-Jul-2025,223954,48 54.621400 N,063 12.928000 W,4.9,268.6,A,DoorSpread,DoorMaster,3.515000,D,S,902119.000000
Thu Jul 17 19:32:59 2025,17-Jul-2025,223955,48 54.621400 N,063 12.930100 W,4.9,268.6,A,DoorSpread,DoorMaster,3.515000,D,S,902119.000000
Thu Jul 17 19:32:59 2025,17-Jul-2025,223956,48 54.621500 N,063 12.932300 W,5.0,268.8,A,DoorSpread,DoorMaster,3.515000,D,S,902119.000000
Thu Jul 17 19:32:59 2025,17-Jul-2025,223957,48 54.621600 N,063 12.934400 W,4.9,268.7,A,DoorSpread,DoorMaster,3.515000,D,S,902119.000000
Thu Jul 17 19:32:59 2025,17-Jul-2025,223958,48 54.621500 N,063 12.936400 W,4.9,268.4,A,DoorSpread,DoorMaster,3.515000,D,S,902119.000000
Thu Jul 17 19:32:59 2025,17-Jul-2025,223959,48 54.621600 N,063 12.938300 W,4.9,268.2,A,DoorSpread,DoorMaster,3.515000,D,S,902119.000000
Thu Jul 17 19:32:59 2025,17-Jul-2025,224000,48 54.621600 N,063 12.940400 W,4.9,268.2,A,DoorSpread,DoorMaster,3.515000,D,S,902119.000000
Thu Jul 17 19:32:59 2025,17-Jul-2025,224001,48 54.621500 N,063 12.942600 W,5.0,268.3,A,DoorSpread,DoorMaster,3.515000,D,S,902119.000000
Thu Jul 17 19:32:59 2025,17-Jul-2025,224002,48 54.621500 N,063 12.944600 W,5.0,268.4,A,DoorSpread,DoorMaster,3.515000,D,S,902119.000000
Thu Jul 17 19:32:59 2025,17-Jul-2025,224003,48 54.621400 N,063 12.946700 W,5.0,268.6,A,DoorSpread,DoorMaster,3.515000,D,S,902119.000000
Thu Jul 17 19:32:59 2025,17-Jul-2025,224004,48 54.621400 N,063 12.948800 W,4.9,268.7,A,DoorSpread,DoorMaster,3.515000,D,S,902119.000000
Thu Jul 17 19:32:59 2025,17-Jul-2025,224005,48 54.621300 N,063 12.950800 W,4.9,268.8,A,DoorSpread,DoorMaster,3.515000,D,S,902119.000000
Thu Jul 17 19:32:59 2025,17-Jul-2025,224006,48 54.621400 N,063 12.952800 W,4.9,268.9,A,DoorSpread,DoorMaster,3.515000,D,S,902119.000000
Thu Jul 17 19:32:59 2025,17-Jul-2025,224007,48 54.621400 N,063 12.954800 W,4.9,269.1,A,DoorSpread,DoorMaster,3.515000,D,S,902119.000000
Thu Jul 17 19:32:59 2025,17-Jul-2025,224008,48 54.621500 N,063 12.956900 W,4.9,269.4,A,DoorSpread,DoorMaster,3.515000,D,S,902119.000000
Thu Jul 17 19:32:59 2025,17-Jul-2025,224009,48 54.621500 N,063 12.958900 W,4.9,269.7,A,DoorSpread,DoorMaster,3.515000,D,S,902119.000000
Thu Jul 17 19:32:59 2025,17-Jul-2025,224010,48 54.621500 N,063 12.961000 W,4.9,269.6,A,DoorSpread,DoorMaster,3.515000,D,S,902119.000000
Thu Jul 17 19:32:59 2025,17-Jul-2025,224011,48 54.621400 N,063 12.963000 W,4.9,269.2,A,DoorSpread,DoorMaster,3.515000,D,S,902119.000000
Thu Jul 17 19:32:59 2025,17-Jul-2025,224012,48 54.621300 N,063 12.965000 W,4.9,268.9,A,DoorSpread,DoorMaster,3.515000,D,S,902119.000000
Thu Jul 17 19:32:59 2025,17-Jul-2025,224013,48 54.621300 N,063 12.967100 W,4.9,268.8,A,DoorSpread,DoorMaster,3.515000,D,S,902119.000000
Thu Jul 17 19:32:59 2025,17-Jul-2025,224014,48 54.621300 N,063 12.969100 W,4.9,268.8,A,DoorSpread,DoorMaster,3.515000,D,S,902119.000000
Thu Jul 17 19:32:59 2025,17-Jul-2025,224015,48 54.621400 N,063 12.971100 W,4.9,268.8,A,DoorSpread,DoorMaster,3.515000,D,S,902119.000000
Thu Jul 17 19:32:59 2025,17-Jul-2025,224016,48 54.621400 N,063 12.973000 W,4.9,268.8,A,DoorSpread,DoorMaster,3.515000,D,S,902119.000000
Thu Jul 17 19:32:59 2025,17-Jul-2025,224017,48 54.621400 N,063 12.975000 W,4.8,268.7,A,DoorSpread,DoorMaster,3.515000,D,S,902119.000000
Thu Jul 17 19:32:59 2025,17-Jul-2025,224018,48 54.621500 N,063 12.977000 W,4.9,268.7,A,DoorSpread,DoorMaster,3.515000,D,S,902119.000000
Thu Jul 17 19:32:59 2025,17-Jul-2025,224019,48 54.621500 N,063 12.979100 W,4.9,268.7,A,DoorSpread,DoorMaster,3.515000,D,S,902119.000000
Thu Jul 17 19:32:59 2025,17-Jul-2025,224020,48 54.621500 N,063 12.981200 W,4.9,268.8,A,DoorSpread,DoorMaster,3.515000,D,S,902119.000000
Thu Jul 17 19:32:59 2025,17-Jul-2025,224021,48 54.621500 N,063 12.983400 W,4.9,268.8,A,DoorSpread,DoorMaster,3.515000,D,S,902119.000000
Thu Jul 17 19:32:59 2025,17-Jul-2025,224022,48 54.621500 N,063 12.985500 W,4.9,269.0,A,DoorSpread,DoorMaster,3.515000,D,S,902119.000000
Thu Jul 17 19:32:59 2025,17-Jul-2025,224023,48 54.621500 N,063 12.987600 W,4.8,268.8,A,DoorSpread,DoorMaster,3.515000,D,S,902119.000000
Thu Jul 17 19:32:59 2025,17-Jul-2025,224024,48 54.621400 N,063 12.989700 W,4.8,268.5,A,DoorSpread,DoorMaster,3.515000,D,S,902119.000000
Thu Jul 17 19:32:59 2025,17-Jul-2025,224025,48 54.621400 N,063 12.991900 W,4.9,268.5,A,DoorSpread,DoorMaster,3.515000,D,S,902119.000000
Thu Jul 17 19:32:59 2025,17-Jul-2025,224026,48 54.621400 N,063 12.994000 W,4.9,268.5,A,DoorSpread,DoorMaster,3.515000,D,S,902119.000000
Thu Jul 17 19:32:59 2025,17-Jul-2025,224027,48 54.621400 N,063 12.996100 W,4.9,268.5,A,DoorSpread,DoorMaster,3.515000,D,S,902119.000000
Thu Jul 17 19:32:59 2025,17-Jul-2025,224028,48 54.621300 N,063 12.998100 W,4.8,268.6,A,DoorSpread,DoorMaster,3.515000,D,S,902119.000000
Thu Jul 17 19:32:59 2025,17-Jul-2025,224029,48 54.621300 N,063 13.000200 W,4.9,268.6,A,DoorSpread,DoorMaster,3.515000,D,S,902119.000000
Thu Jul 17 19:32:59 2025,17-Jul-2025,224030,48 54.621300 N,063 13.002400 W,4.9,268.7,A,DoorSpread,DoorMaster,3.515000,D,S,902119.000000
Thu Jul 17 19:32:59 2025,17-Jul-2025,224031,48 54.621300 N,063 13.004600 W,4.9,268.7,A,DoorSpread,DoorMaster,3.515000,D,S,902119.000000
Thu Jul 17 19:32:59 2025,17-Jul-2025,224032,48 54.621300 N,063 13.006700 W,4.9,268.7,A,DoorSpread,DoorMaster,3.515000,D,S,902119.000000
Thu Jul 17 19:32:59 2025,17-Jul-2025,224033,48 54.621300 N,063 13.008700 W,4.8,268.9,A,DoorSpread,DoorMaster,3.515000,D,S,902119.000000
Thu Jul 17 19:32:59 2025,17-Jul-2025,224034,48 54.621300 N,063 13.010700 W,4.8,269.4,A,DoorSpread,DoorMaster,3.515000,D,S,902119.000000
Thu Jul 17 19:32:59 2025,17-Jul-2025,224035,48 54.621300 N,063 13.012700 W,4.8,269.7,A,DoorSpread,DoorMaster,3.515000,D,S,902119.000000
Thu Jul 17 19:32:59 2025,17-Jul-2025,224036,48 54.621200 N,063 13.014800 W,4.8,269.9,A,DoorSpread,DoorMaster,3.515000,D,S,902119.000000
Thu Jul 17 19:32:59 2025,17-Jul-2025,224037,48 54.621200 N,063 13.016800 W,4.8,270.0,A,DoorSpread,DoorMaster,3.515000,D,S,902119.000000
Thu Jul 17 19:32:59 2025,17-Jul-2025,224038,48 54.621200 N,063 13.018800 W,4.8,270.0,A,DoorSpread,DoorMaster,3.515000,D,S,902119.000000
Thu Jul 17 19:32:59 2025,17-Jul-2025,224039,48 54.621200 N,063 13.020800 W,4.8,270.0,A,DoorSpread,DoorMaster,3.515000,D,S,902119.000000
Thu Jul 17 19:32:59 2025,17-Jul-2025,224040,48 54.621300 N,063 13.022700 W,4.8,270.0,A,DoorSpread,DoorMaster,3.515000,D,S,902119.000000
Thu Jul 17 19:32:59 2025,17-Jul-2025,224041,48 54.621300 N,063 13.024600 W,4.8,269.9,A,DoorSpread,DoorMaster,3.515000,D,S,902119.000000
Thu Jul 17 19:32:59 2025,17-Jul-2025,224042,48 54.621200 N,063 13.026500 W,4.8,269.7,A,DoorSpread,DoorMaster,3.515000,D,S,902119.000000
Thu Jul 17 19:32:59 2025,17-Jul-2025,224043,48 54.621200 N,063 13.028500 W,4.8,269.5,A,DoorSpread,DoorMaster,3.515000,D,S,902119.000000
Thu Jul 17 19:32:59 2025,17-Jul-2025,224044,48 54.621300 N,063 13.030500 W,4.9,269.5,A,DoorSpread,DoorMaster,3.515000,D,S,902119.000000
Thu Jul 17 19:32:59 2025,17-Jul-2025,224045,48 54.621400 N,063 13.032500 W,4.9,269.6,A,DoorSpread,DoorMaster,3.515000,D,S,902119.000000
Thu Jul 17 19:32:59 2025,17-Jul-2025,224046,48 54.621500 N,063 13.034400 W,4.8,269.8,A,DoorSpread,DoorMaster,3.515000,D,S,902119.000000
Thu Jul 17 19:32:59 2025,17-Jul-2025,224047,48 54.621600 N,063 13.036300 W,4.8,269.7,A,DoorSpread,DoorMaster,3.515000,D,S,902119.000000
Thu Jul 17 19:32:59 2025,17-Jul-2025,224048,48 54.621600 N,063 13.038300 W,4.8,269.6,A,DoorSpread,DoorMaster,3.515000,D,S,902119.000000
Thu Jul 17 19:32:59 2025,17-Jul-2025,224049,48 54.621600 N,063 13.040300 W,4.8,269.9,A,DoorSpread,DoorMaster,3.515000,D,S,902119.000000
Thu Jul 17 19:32:59 2025,17-Jul-2025,224050,48 54.621700 N,063 13.042400 W,4.8,270.2,A,DoorSpread,DoorMaster,3.515000,D,S,902119.000000
Thu Jul 17 19:32:59 2025,17-Jul-2025,224051,48 54.621700 N,063 13.044500 W,4.8,270.5,A,DoorSpread,DoorMaster,3.515000,D,S,902119.000000
Thu Jul 17 19:32:59 2025,17-Jul-2025,224052,48 54.621700 N,063 13.046600 W,4.8,270.3,A,DoorSpread,DoorMaster,3.515000,D,S,902119.000000
Thu Jul 17 19:32:59 2025,17-Jul-2025,224053,48 54.621600 N,063 13.048500 W,4.8,270.1,A,DoorSpread,DoorMaster,3.515000,D,S,902119.000000
Thu Jul 17 19:32:59 2025,17-Jul-2025,224054,48 54.621500 N,063 13.050400 W,4.8,270.2,A,DoorSpread,DoorMaster,3.515000,D,S,902119.000000
Thu Jul 17 19:32:59 2025,17-Jul-2025,224055,48 54.621600 N,063 13.052400 W,4.8,270.6,A,DoorSpread,DoorMaster,3.515000,D,S,902119.000000
Thu Jul 17 19:32:59 2025,17-Jul-2025,224056,48 54.621600 N,063 13.054500 W,4.9,270.9,A,DoorSpread,DoorMaster,3.515000,D,S,902119.000000
Thu Jul 17 19:32:59 2025,17-Jul-2025,224057,48 54.621700 N,063 13.056500 W,4.9,271.0,A,DoorSpread,DoorMaster,3.515000,D,S,902119.000000
Thu Jul 17 19:32:59 2025,17-Jul-2025,224058,48 54.621700 N,063 13.058500 W,4.8,271.1,A,DoorSpread,DoorMaster,3.515000,D,S,902119.000000
Thu Jul 17 19:32:59 2025,17-Jul-2025,224059,48 54.621800 N,063 13.060400 W,4.8,271.1,A,DoorSpread,DoorMaster,3.515000,D,S,902119.000000
Thu Jul 17 19:32:59 2025,17-Jul-2025,224100,48 54.621900 N,063 13.062400 W,4.8,271.4,A,DoorSpread,DoorMaster,3.515000,D,S,902119.000000
Thu Jul 17 19:32:59 2025,17-Jul-2025,224101,48 54.621900 N,063 13.064400 W,4.8,271.9,A,DoorSpread,DoorMaster,3.515000,D,S,902119.000000
Thu Jul 17 19:32:59 2025,17-Jul-2025,224102,48 54.622000 N,063 13.066500 W,4.8,272.2,A,DoorSpread,DoorMaster,3.515000,D,S,902119.000000
Thu Jul 17 19:32:59 2025,17-Jul-2025,224103,48 54.622000 N,063 13.068600 W,4.8,271.9,A,DoorSpread,DoorMaster,3.515000,D,S,902119.000000
Thu Jul 17 19:32:59 2025,17-Jul-2025,224104,48 54.621900 N,063 13.070400 W,4.7,271.6,A,DoorSpread,DoorMaster,3.515000,D,S,902119.000000
Thu Jul 17 19:32:59 2025,17-Jul-2025,224105,48 54.621900 N,063 13.072400 W,4.7,271.7,A,DoorSpread,DoorMaster,3.515000,D,S,902119.000000
Thu Jul 17 19:32:59 2025,17-Jul-2025,224106,48 54.622000 N,063 13.074400 W,4.7,272.3,A,DoorSpread,DoorMaster,3.515000,D,S,902119.000000
Thu Jul 17 19:32:59 2025,17-Jul-2025,224107,48 54.622100 N,063 13.076600 W,4.8,272.6,A,DoorSpread,DoorMaster,3.515000,D,S,902119.000000
Thu Jul 17 19:32:59 2025,17-Jul-2025,224108,48 54.622000 N,063 13.078700 W,4.8,272.3,A,DoorSpread,DoorMaster,3.515000,D,S,902119.000000
Thu Jul 17 19:32:59 2025,17-Jul-2025,224109,48 54.621900 N,063 13.080700 W,4.8,272.0,A,DoorSpread,DoorMaster,3.515000,D,S,902119.000000
Thu Jul 17 19:32:59 2025,17-Jul-2025,224110,48 54.622000 N,063 13.082600 W,4.7,271.9,A,DoorSpread,DoorMaster,3.515000,D,S,902119.000000
Thu Jul 17 19:32:59 2025,17-Jul-2025,224111,48 54.622100 N,063 13.084600 W,4.7,272.2,A,DoorSpread,DoorMaster,3.515000,D,S,902119.000000
Thu Jul 17 19:32:59 2025,17-Jul-2025,224112,48 54.622100 N,063 13.086700 W,4.7,272.2,A,DoorSpread,DoorMaster,3.515000,D,S,902119.000000
Thu Jul 17 19:32:59 2025,17-Jul-2025,224113,48 54.622100 N,063 13.088800 W,4.8,272.2,A,DoorSpread,DoorMaster,3.515000,D,S,902119.000000
Thu Jul 17 19:32:59 2025,17-Jul-2025,224114,48 54.622100 N,063 13.090800 W,4.8,272.0,A,DoorSpread,DoorMaster,3.515000,D,S,902119.000000
Thu Jul 17 19:32:59 2025,17-Jul-2025,224115,48 54.622300 N,063 13.092800 W,4.7,271.9,A,DoorSpread,DoorMaster,3.515000,D,S,902119.000000
Thu Jul 17 19:32:59 2025,17-Jul-2025,224116,48 54.622400 N,063 13.094800 W,4.7,271.9,A,DoorSpread,DoorMaster,3.515000,D,S,902119.000000
Thu Jul 17 19:32:59 2025,17-Jul-2025,224117,48 54.622500 N,063 13.096800 W,4.7,271.9,A,DoorSpread,DoorMaster,3.515000,D,S,902119.000000
Thu Jul 17 19:32:59 2025,17-Jul-2025,224118,48 54.622600 N,063 13.099000 W,4.7,272.0,A,DoorSpread,DoorMaster,3.515000,D,S,902119.000000
Thu Jul 17 19:32:59 2025,17-Jul-2025,224119,48 54.622600 N,063 13.101100 W,4.7,272.1,A,DoorSpread,DoorMaster,3.515000,D,S,902119.000000
Thu Jul 17 19:32:59 2025,17-Jul-2025,224120,48 54.622700 N,063 13.103200 W,4.7,272.1,A,DoorSpread,DoorMaster,3.515000,D,S,902119.000000
Thu Jul 17 19:32:59 2025,17-Jul-2025,224121,48 54.622800 N,063 13.105200 W,4.7,271.8,A,DoorSpread,DoorMaster,3.515000,D,S,902119.000000
Thu Jul 17 19:32:59 2025,17-Jul-2025,224122,48 54.622800 N,063 13.107200 W,4.7,271.7,A,DoorSpread,DoorMaster,3.515000,D,S,902119.000000
Thu Jul 17 19:32:59 2025,17-Jul-2025,224123,48 54.622900 N,063 13.109100 W,4.7,271.9,A,DoorSpread,DoorMaster,3.515000,D,S,902119.000000
Thu Jul 17 19:32:59 2025,17-Jul-2025,224124,48 54.623000 N,063 13.111100 W,4.7,272.0,A,DoorSpread,DoorMaster,3.515000,D,S,902119.000000
Thu Jul 17 19:32:59 2025,17-Jul-2025,224125,48 54.623000 N,063 13.113000 W,4.7,271.8,A,DoorSpread,DoorMaster,3.515000,D,S,902119.000000
Thu Jul 17 19:32:59 2025,17-Jul-2025,224126,48 54.623000 N,063 13.114900 W,4.7,271.2,A,DoorSpread,DoorMaster,3.515000,D,S,902119.000000
Thu Jul 17 19:32:59 2025,17-Jul-2025,224127,48 54.623000 N,063 13.116700 W,4.7,270.7,A,DoorSpread,DoorMaster,3.515000,D,S,902119.000000
Thu Jul 17 19:32:59 2025,17-Jul-2025,224128,48 54.623000 N,063 13.118600 W,4.7,270.4,A,DoorSpread,DoorMaster,3.515000,D,S,902119.000000
Thu Jul 17 19:32:59 2025,17-Jul-2025,224129,48 54.623000 N,063 13.120700 W,4.8,270.2,A,DoorSpread,DoorMaster,3.515000,D,S,902119.000000
Thu Jul 17 19:32:59 2025,17-Jul-2025,224130,48 54.623100 N,063 13.122700 W,4.8,270.3,A,DoorSpread,DoorMaster,3.515000,D,S,902119.000000
Thu Jul 17 19:32:59 2025,17-Jul-2025,224131,48 54.623200 N,063 13.124600 W,4.8,270.3,A,DoorSpread,DoorMaster,3.515000,D,S,902119.000000
Thu Jul 17 19:32:59 2025,17-Jul-2025,224132,48 54.623200 N,063 13.126600 W,4.7,270.3,A,DoorSpread,DoorMaster,3.515000,D,S,902119.000000
Thu Jul 17 19:32:59 2025,17-Jul-2025,224133,48 54.623200 N,063 13.128500 W,4.7,270.4,A,DoorSpread,DoorMaster,3.515000,D,S,902119.000000
Thu Jul 17 19:32:59 2025,17-Jul-2025,224134,48 54.623300 N,063 13.130500 W,4.7,270.5,A,DoorSpread,DoorMaster,3.515000,D,S,902119.000000
Thu Jul 17 19:32:59 2025,17-Jul-2025,224135,48 54.623200 N,063 13.132500 W,4.7,270.2,A,DoorSpread,DoorMaster,3.515000,D,S,902119.000000
Thu Jul 17 19:32:59 2025,17-Jul-2025,224136,48 54.623200 N,063 13.134500 W,4.7,270.0,A,DoorSpread,DoorMaster,3.515000,D,S,902119.000000
Thu Jul 17 19:32:59 2025,17-Jul-2025,224137,48 54.623200 N,063 13.136500 W,4.8,270.0,A,DoorSpread,DoorMaster,3.515000,D,S,902119.000000
Thu Jul 17 19:32:59 2025,17-Jul-2025,224138,48 54.623300 N,063 13.138500 W,4.7,270.1,A,DoorSpread,DoorMaster,3.515000,D,S,902119.000000
Thu Jul 17 19:32:59 2025,17-Jul-2025,224139,48 54.623400 N,063 13.140400 W,4.7,270.2,A,DoorSpread,DoorMaster,3.515000,D,S,902119.000000
Thu Jul 17 19:32:59 2025,17-Jul-2025,224140,48 54.623400 N,063 13.142300 W,4.7,270.1,A,DoorSpread,DoorMaster,3.515000,D,S,902119.000000
Thu Jul 17 19:32:59 2025,17-Jul-2025,224141,48 54.623400 N,063 13.144300 W,4.7,270.0,A,DoorSpread,DoorMaster,3.515000,D,S,902119.000000
Thu Jul 17 19:32:59 2025,17-Jul-2025,224142,48 54.623400 N,063 13.146300 W,4.8,269.9,A,DoorSpread,DoorMaster,3.515000,D,S,902119.000000
Thu Jul 17 19:32:59 2025,17-Jul-2025,224143,48 54.623300 N,063 13.148100 W,4.7,269.6,A,DoorSpread,DoorMaster,3.515000,D,S,902119.000000
Thu Jul 17 19:32:59 2025,17-Jul-2025,224144,48 54.623400 N,063 13.149900 W,4.7,269.6,A,DoorSpread,DoorMaster,3.515000,D,S,902119.000000
Thu Jul 17 19:32:59 2025,17-Jul-2025,224145,48 54.623500 N,063 13.151900 W,4.8,269.6,A,DoorSpread,DoorMaster,3.515000,D,S,902119.000000
Thu Jul 17 19:32:59 2025,17-Jul-2025,224146,48 54.623600 N,063 13.153800 W,4.8,269.6,A,DoorSpread,DoorMaster,3.515000,D,S,902119.000000
Thu Jul 17 19:32:59 2025,17-Jul-2025,224147,48 54.623600 N,063 13.155500 W,4.7,269.5,A,DoorSpread,DoorMaster,3.515000,D,S,902119.000000
Thu Jul 17 19:32:59 2025,17-Jul-2025,224148,48 54.623600 N,063 13.157300 W,4.7,269.2,A,DoorSpread,DoorMaster,3.515000,D,S,902119.000000
Thu Jul 17 19:32:59 2025,17-Jul-2025,224149,48 54.623600 N,063 13.159000 W,4.7,269.4,A,DoorSpread,DoorMaster,3.515000,D,S,902119.000000
Thu Jul 17 19:32:59 2025,17-Jul-2025,224150,48 54.623700 N,063 13.160900 W,4.7,270.0,A,DoorSpread,DoorMaster,3.515000,D,S,902119.000000
Thu Jul 17 19:32:59 2025,17-Jul-2025,224151,48 54.623700 N,063 13.162900 W,4.7,270.4,A,DoorSpread,DoorMaster,3.515000,D,S,902119.000000
Thu Jul 17 19:32:59 2025,17-Jul-2025,224152,48 54.623600 N,063 13.164800 W,4.8,270.5,A,DoorSpread,DoorMaster,3.515000,D,S,902119.000000
Thu Jul 17 19:32:59 2025,17-Jul-2025,224153,48 54.623500 N,063 13.166800 W,4.8,270.5,A,DoorSpread,DoorMaster,3.515000,D,S,902119.000000
Thu Jul 17 19:32:59 2025,17-Jul-2025,224154,48 54.623600 N,063 13.168700 W,4.8,270.6,A,DoorSpread,DoorMaster,3.515000,D,S,902119.000000
Thu Jul 17 19:32:59 2025,17-Jul-2025,224155,48 54.623600 N,063 13.170700 W,4.9,270.8,A,DoorSpread,DoorMaster,3.515000,D,S,902119.000000
Thu Jul 17 19:32:59 2025,17-Jul-2025,224156,48 54.623600 N,063 13.172700 W,4.8,270.5,A,DoorSpread,DoorMaster,3.515000,D,S,902119.000000
Thu Jul 17 19:32:59 2025,17-Jul-2025,224157,48 54.623400 N,063 13.174500 W,4.8,269.9,A,DoorSpread,DoorMaster,3.515000,D,S,902119.000000
Thu Jul 17 19:32:59 2025,17-Jul-2025,224158,48 54.623300 N,063 13.176400 W,4.8,269.5,A,DoorSpread,DoorMaster,3.515000,D,S,902119.000000
Thu Jul 17 19:32:59 2025,17-Jul-2025,224159,48 54.623300 N,063 13.178500 W,4.8,269.3,A,DoorSpread,DoorMaster,3.515000,D,S,902119.000000
Thu Jul 17 19:32:59 2025,17-Jul-2025,224200,48 54.623400 N,063 13.180600 W,4.9,269.3,A,DoorSpread,DoorMaster,3.515000,D,S,902119.000000
Thu Jul 17 19:32:59 2025,17-Jul-2025,224201,48 54.623400 N,063 13.182800 W,5.0,269.4,A,DoorSpread,DoorMaster,3.515000,D,S,902119.000000
Thu Jul 17 19:32:59 2025,17-Jul-2025,224202,48 54.623300 N,063 13.184900 W,4.9,269.2,A,DoorSpread,DoorMaster,3.515000,D,S,902119.000000
Thu Jul 17 19:32:59 2025,17-Jul-2025,224203,48 54.623200 N,063 13.186900 W,4.9,268.7,A,DoorSpread,DoorMaster,3.515000,D,S,902119.000000
Thu Jul 17 19:32:59 2025,17-Jul-2025,224204,48 54.623100 N,063 13.188900 W,4.9,268.4,A,DoorSpread,DoorMaster,3.515000,D,S,902119.000000
Thu Jul 17 19:32:59 2025,17-Jul-2025,224205,48 54.623100 N,063 13.190900 W,4.9,268.4,A,DoorSpread,DoorMaster,3.515000,D,S,902119.000000
Thu Jul 17 19:32:59 2025,17-Jul-2025,224206,48 54.623200 N,063 13.193100 W,5.0,268.9,A,DoorSpread,DoorMaster,3.515000,D,S,902119.000000
Thu Jul 17 19:32:59 2025,17-Jul-2025,224207,48 54.623200 N,063 13.195200 W,5.0,269.1,A,DoorSpread,DoorMaster,3.515000,D,S,902119.000000
Thu Jul 17 19:32:59 2025,17-Jul-2025,224208,48 54.623100 N,063 13.197200 W,4.9,268.6,A,DoorSpread,DoorMaster,3.515000,D,S,902119.000000
Thu Jul 17 19:32:59 2025,17-Jul-2025,224209,48 54.623000 N,063 13.199200 W,4.9,268.2,A,DoorSpread,DoorMaster,3.515000,D,S,902119.000000
Thu Jul 17 19:32:59 2025,17-Jul-2025,224210,48 54.623000 N,063 13.201400 W,5.0,268.2,A,DoorSpread,DoorMaster,3.515000,D,S,902119.000000
Thu Jul 17 19:32:59 2025,17-Jul-2025,224211,48 54.623200 N,063 13.203600 W,5.0,268.6,A,DoorSpread,DoorMaster,3.515000,D,S,902119.000000
Thu Jul 17 19:32:59 2025,17-Jul-2025,224212,48 54.623200 N,063 13.205800 W,5.0,268.7,A,DoorSpread,DoorMaster,3.515000,D,S,902119.000000
Thu Jul 17 19:32:59 2025,17-Jul-2025,224213,48 54.623000 N,063 13.208000 W,5.0,268.4,A,DoorSpread,DoorMaster,3.515000,D,S,902119.000000
Thu Jul 17 19:32:59 2025,17-Jul-2025,224214,48 54.622800 N,063 13.210100 W,5.0,268.1,A,DoorSpread,DoorMaster,3.515000,D,S,902119.000000
Thu Jul 17 19:32:59 2025,17-Jul-2025,224215,48 54.622900 N,063 13.212200 W,5.0,268.2,A,DoorSpread,DoorMaster,3.515000,D,S,902119.000000
Thu Jul 17 19:32:59 2025,17-Jul-2025,224216,48 54.623000 N,063 13.214200 W,5.0,268.4,A,DoorSpread,DoorMaster,3.515000,D,S,902119.000000
Thu Jul 17 19:32:59 2025,17-Jul-2025,224217,48 54.622900 N,063 13.216100 W,5.0,268.3,A,DoorSpread,DoorMaster,3.515000,D,S,902119.000000
Thu Jul 17 19:32:59 2025,17-Jul-2025,224218,48 54.622800 N,063 13.217900 W,4.9,267.9,A,DoorSpread,DoorMaster,3.515000,D,S,902119.000000
Thu Jul 17 19:32:59 2025,17-Jul-2025,224219,48 54.622800 N,063 13.219900 W,5.0,267.7,A,DoorSpread,DoorMaster,3.515000,D,S,902119.000000
Thu Jul 17 19:32:59 2025,17-Jul-2025,224220,48 54.622800 N,063 13.221900 W,5.0,267.7,A,DoorSpread,DoorMaster,3.515000,D,S,902119.000000
Thu Jul 17 19:32:59 2025,17-Jul-2025,224221,48 54.622800 N,063 13.224000 W,5.0,267.7,A,DoorSpread,DoorMaster,3.515000,D,S,902119.000000
Thu Jul 17 19:32:59 2025,17-Jul-2025,224222,48 54.622800 N,063 13.226100 W,5.0,267.8,A,DoorSpread,DoorMaster,3.515000,D,S,902119.000000
Thu Jul 17 19:32:59 2025,17-Jul-2025,224223,48 54.622800 N,063 13.228200 W,5.0,267.9,A,DoorSpread,DoorMaster,3.515000,D,S,902119.000000
Thu Jul 17 19:32:59 2025,17-Jul-2025,224224,48 54.622700 N,063 13.230300 W,5.0,267.9,A,DoorSpread,DoorMaster,3.515000,D,S,902119.000000
Thu Jul 17 19:32:59 2025,17-Jul-2025,224225,48 54.622600 N,063 13.232400 W,5.0,267.8,A,DoorSpread,DoorMaster,3.515000,D,S,902119.000000
Thu Jul 17 19:32:59 2025,17-Jul-2025,224226,48 54.622600 N,063 13.234500 W,5.0,267.8,A,DoorSpread,DoorMaster,3.515000,D,S,902119.000000
Thu Jul 17 19:32:59 2025,17-Jul-2025,224227,48 54.622600 N,063 13.236600 W,5.0,268.0,A,DoorSpread,DoorMaster,3.515000,D,S,902119.000000
Thu Jul 17 19:32:59 2025,17-Jul-2025,224228,48 54.622700 N,063 13.238800 W,5.0,268.4,A,DoorSpread,DoorMaster,3.515000,D,S,902119.000000
Thu Jul 17 19:32:59 2025,17-Jul-2025,224229,48 54.622700 N,063 13.241000 W,5.0,268.6,A,DoorSpread,DoorMaster,3.515000,D,S,902119.000000
Thu Jul 17 19:32:59 2025,17-Jul-2025,224230,48 54.622600 N,063 13.243100 W,5.0,268.6,A,DoorSpread,DoorMaster,3.515000,D,S,902119.000000
Thu Jul 17 19:32:59 2025,17-Jul-2025,224231,48 54.622700 N,063 13.245200 W,5.0,268.7,A,DoorSpread,DoorMaster,3.515000,D,S,902119.000000
Thu Jul 17 19:32:59 2025,17-Jul-2025,224232,48 54.622800 N,063 13.247100 W,5.0,269.2,A,DoorSpread,DoorMaster,3.515000,D,S,902119.000000
Thu Jul 17 19:32:59 2025,17-Jul-2025,224233,48 54.622900 N,063 13.249200 W,5.0,269.5,A,DoorSpread,DoorMaster,3.515000,D,S,902119.000000
Thu Jul 17 19:32:59 2025,17-Jul-2025,224234,48 54.623000 N,063 13.251200 W,5.0,269.7,A,DoorSpread,DoorMaster,3.515000,D,S,902119.000000
Thu Jul 17 19:32:59 2025,17-Jul-2025,224235,48 54.623100 N,063 13.253300 W,5.0,269.9,A,DoorSpread,DoorMaster,3.515000,D,S,902119.000000
Thu Jul 17 19:32:59 2025,17-Jul-2025,224236,48 54.623200 N,063 13.255500 W,5.0,270.1,A,DoorSpread,DoorMaster,3.515000,D,S,902119.000000
Thu Jul 17 19:32:59 2025,17-Jul-2025,224237,48 54.623100 N,063 13.257800 W,5.0,270.2,A,DoorSpread,DoorMaster,3.515000,D,S,902119.000000
Thu Jul 17 19:32:59 2025,17-Jul-2025,224238,48 54.623000 N,063 13.259900 W,5.0,270.1,A,DoorSpread,DoorMaster,3.515000,D,S,902119.000000
Thu Jul 17 19:32:59 2025,17-Jul-2025,224239,48 54.622900 N,063 13.261900 W,5.0,269.9,A,DoorSpread,DoorMaster,3.515000,D,S,902119.000000
Thu Jul 17 19:32:59 2025,17-Jul-2025,224240,48 54.623000 N,063 13.264100 W,5.0,269.9,A,DoorSpread,DoorMaster,3.515000,D,S,902119.000000
Thu Jul 17 19:32:59 2025,17-Jul-2025,224241,48 54.623200 N,063 13.266200 W,5.1,270.4,A,DoorSpread,DoorMaster,3.515000,D,S,902119.000000
Thu Jul 17 19:32:59 2025,17-Jul-2025,224242,48 54.623300 N,063 13.268400 W,5.1,270.8,A,DoorSpread,DoorMaster,3.515000,D,S,902119.000000
Thu Jul 17 19:32:59 2025,17-Jul-2025,224243,48 54.623300 N,063 13.270500 W,5.1,270.8,A,DoorSpread,DoorMaster,3.515000,D,S,902119.000000
Thu Jul 17 19:32:59 2025,17-Jul-2025,224244,48 54.623200 N,063 13.272500 W,5.1,270.6,A,DoorSpread,DoorMaster,3.515000,D,S,902119.000000
Thu Jul 17 19:32:59 2025,17-Jul-2025,224245,48 54.623100 N,063 13.274700 W,5.1,270.3,A,DoorSpread,DoorMaster,3.515000,D,S,902119.000000
Thu Jul 17 19:32:59 2025,17-Jul-2025,224246,48 54.623200 N,063 13.276800 W,5.1,270.5,A,DoorSpread,DoorMaster,3.515000,D,S,902119.000000
Thu Jul 17 19:32:59 2025,17-Jul-2025,224247,48 54.623300 N,063 13.279000 W,5.1,270.8,A,DoorSpread,DoorMaster,3.515000,D,S,902119.000000
Thu Jul 17 19:32:59 2025,17-Jul-2025,224248,48 54.623400 N,063 13.281300 W,5.1,271.0,A,DoorSpread,DoorMaster,3.515000,D,S,902119.000000
Thu Jul 17 19:32:59 2025,17-Jul-2025,224249,48 54.623300 N,063 13.283400 W,5.1,270.9,A,DoorSpread,DoorMaster,3.515000,D,S,902119.000000
Thu Jul 17 19:32:59 2025,17-Jul-2025,224250,48 54.623200 N,063 13.285500 W,5.1,270.6,A,DoorSpread,DoorMaster,3.515000,D,S,902119.000000
Thu Jul 17 19:32:59 2025,17-Jul-2025,224251,48 54.623200 N,063 13.287500 W,5.1,270.4,A,DoorSpread,DoorMaster,3.515000,D,S,902119.000000
Thu Jul 17 19:32:59 2025,17-Jul-2025,224252,48 54.623200 N,063 13.289600 W,5.0,270.4,A,DoorSpread,DoorMaster,3.515000,D,S,902119.000000
Thu Jul 17 19:32:59 2025,17-Jul-2025,224253,48 54.623300 N,063 13.291700 W,5.0,270.5,A,DoorSpread,DoorMaster,3.515000,D,S,902119.000000
Thu Jul 17 19:32:59 2025,17-Jul-2025,224254,48 54.623400 N,063 13.293800 W,5.0,270.4,A,DoorSpread,DoorMaster,3.515000,D,S,902119.000000
Thu Jul 17 19:32:59 2025,17-Jul-2025,224255,48 54.623300 N,063 13.295900 W,5.0,269.8,A,DoorSpread,DoorMaster,3.515000,D,S,902119.000000
Thu Jul 17 19:32:59 2025,17-Jul-2025,224256,48 54.623300 N,063 13.297900 W,5.0,269.4,A,DoorSpread,DoorMaster,3.515000,D,S,902119.000000
Thu Jul 17 19:32:59 2025,17-Jul-2025,224257,48 54.623300 N,063 13.300100 W,5.0,269.2,A,DoorSpread,DoorMaster,3.515000,D,S,902119.000000
Thu Jul 17 19:32:59 2025,17-Jul-2025,224258,48 54.623400 N,063 13.302400 W,5.0,269.2,A,DoorSpread,DoorMaster,3.515000,D,S,902119.000000
Thu Jul 17 19:32:59 2025,17-Jul-2025,224259,48 54.623500 N,063 13.304600 W,5.0,269.2,A,DoorSpread,DoorMaster,3.515000,D,S,902119.000000
Thu Jul 17 19:32:59 2025,17-Jul-2025,224300,48 54.623500 N,063 13.306600 W,5.0,269.2,A,DoorSpread,DoorMaster,3.515000,D,S,902119.000000
Thu Jul 17 19:32:59 2025,17-Jul-2025,224301,48 54.623500 N,063 13.308700 W,5.0,269.3,A,DoorSpread,DoorMaster,3.515000,D,S,902119.000000
Thu Jul 17 19:32:59 2025,17-Jul-2025,224302,48 54.623500 N,063 13.310900 W,5.0,269.3,A,DoorSpread,DoorMaster,3.515000,D,S,902119.000000
Thu Jul 17 19:32:59 2025,17-Jul-2025,224303,48 54.623400 N,063 13.313100 W,5.0,269.3,A,DoorSpread,DoorMaster,3.515000,D,S,902119.000000
Thu Jul 17 19:32:59 2025,17-Jul-2025,224304,48 54.623400 N,063 13.315000 W,5.0,269.3,A,DoorSpread,DoorMaster,3.515000,D,S,902119.000000
Thu Jul 17 19:32:59 2025,17-Jul-2025,224305,48 54.623500 N,063 13.317300 W,5.1,269.8,A,DoorSpread,DoorMaster,3.515000,D,S,902119.000000
Thu Jul 17 19:32:59 2025,17-Jul-2025,224306,48 54.623800 N,063 13.319700 W,5.2,270.5,A,DoorSpread,DoorMaster,3.515000,D,S,902119.000000
Thu Jul 17 19:32:59 2025,17-Jul-2025,224307,48 54.623900 N,063 13.321900 W,5.2,270.8,A,DoorSpread,DoorMaster,3.515000,D,S,902119.000000
Thu Jul 17 19:32:59 2025,17-Jul-2025,224308,48 54.623800 N,063 13.323800 W,5.0,270.6,A,DoorSpread,DoorMaster,3.515000,D,S,902119.000000
Thu Jul 17 19:32:59 2025,17-Jul-2025,224309,48 54.623800 N,063 13.325600 W,4.9,270.6,A,DoorSpread,DoorMaster,3.515000,D,S,902119.000000
Thu Jul 17 19:32:59 2025,17-Jul-2025,224310,48 54.623900 N,063 13.327500 W,4.9,271.2,A,DoorSpread,DoorMaster,3.515000,D,S,902119.000000
Thu Jul 17 19:32:59 2025,17-Jul-2025,224311,48 54.624100 N,063 13.329500 W,4.9,271.8,A,DoorSpread,DoorMaster,3.515000,D,S,902119.000000
Thu Jul 17 19:32:59 2025,17-Jul-2025,224312,48 54.624100 N,063 13.331600 W,4.9,272.2,A,DoorSpread,DoorMaster,3.515000,D,S,902119.000000
Thu Jul 17 19:32:59 2025,17-Jul-2025,224313,48 54.624100 N,063 13.333700 W,4.9,272.3,A,DoorSpread,DoorMaster,3.515000,D,S,902119.000000
Thu Jul 17 19:32:59 2025,17-Jul-2025,224314,48 54.624100 N,063 13.335800 W,4.9,272.2,A,DoorSpread,DoorMaster,3.515000,D,S,902119.000000
Thu Jul 17 19:32:59 2025,17-Jul-2025,224315,48 54.624200 N,063 13.337900 W,4.9,271.9,A,DoorSpread,DoorMaster,3.515000,D,S,902119.000000
Thu Jul 17 19:32:59 2025,17-Jul-2025,224316,48 54.624300 N,063 13.340000 W,4.9,271.7,A,DoorSpread,DoorMaster,3.515000,D,S,902119.000000
Thu Jul 17 19:32:59 2025,17-Jul-2025,224317,48 54.624500 N,063 13.342200 W,4.9,271.6,A,DoorSpread,DoorMaster,3.515000,D,S,902119.000000
Thu Jul 17 19:32:59 2025,17-Jul-2025,224318,48 54.624600 N,063 13.344300 W,4.9,271.6,A,DoorSpread,DoorMaster,3.515000,D,S,902119.000000
Thu Jul 17 19:32:59 2025,17-Jul-2025,224319,48 54.624700 N,063 13.346400 W,4.9,271.6,A,DoorSpread,DoorMaster,3.515000,D,S,902119.000000
Thu Jul 17 19:32:59 2025,17-Jul-2025,224320,48 54.624700 N,063 13.348300 W,4.9,271.3,A,DoorSpread,DoorMaster,3.515000,D,S,902119.000000
Thu Jul 17 19:32:59 2025,17-Jul-2025,224321,48 54.624800 N,063 13.350300 W,4.9,271.1,A,DoorSpread,DoorMaster,3.515000,D,S,902119.000000
Thu Jul 17 19:32:59 2025,17-Jul-2025,224322,48 54.624900 N,063 13.352300 W,4.9,271.2,A,DoorSpread,DoorMaster,3.515000,D,S,902119.000000
Thu Jul 17 19:32:59 2025,17-Jul-2025,224323,48 54.625100 N,063 13.354200 W,4.8,271.7,A,DoorSpread,DoorMaster,3.515000,D,S,902119.000000
Thu Jul 17 19:32:59 2025,17-Jul-2025,224324,48 54.625200 N,063 13.356000 W,4.8,271.9,A,DoorSpread,DoorMaster,3.515000,D,S,902119.000000
Thu Jul 17 19:32:59 2025,17-Jul-2025,224325,48 54.625100 N,063 13.358000 W,4.8,271.5,A,DoorSpread,DoorMaster,3.515000,D,S,902119.000000
Thu Jul 17 19:32:59 2025,17-Jul-2025,224326,48 54.625000 N,063 13.359900 W,4.8,271.4,A,DoorSpread,DoorMaster,3.515000,D,S,902119.000000
Thu Jul 17 19:32:59 2025,17-Jul-2025,224327,48 54.625100 N,063 13.361800 W,4.8,272.2,A,DoorSpread,DoorMaster,3.515000,D,S,902119.000000
Thu Jul 17 19:32:59 2025,17-Jul-2025,224328,48 54.625300 N,063 13.363600 W,4.8,273.0,A,DoorSpread,DoorMaster,3.515000,D,S,902119.000000
Thu Jul 17 19:32:59 2025,17-Jul-2025,224329,48 54.625400 N,063 13.365600 W,4.8,273.2,A,DoorSpread,DoorMaster,3.515000,D,S,902119.000000
Thu Jul 17 19:32:59 2025,17-Jul-2025,224330,48 54.625400 N,063 13.367600 W,4.8,273.1,A,DoorSpread,DoorMaster,3.515000,D,S,902119.000000
Thu Jul 17 19:32:59 2025,17-Jul-2025,224331,48 54.625300 N,063 13.369500 W,4.8,272.7,A,DoorSpread,DoorMaster,3.515000,D,S,902119.000000
Thu Jul 17 19:32:59 2025,17-Jul-2025,224332,48 54.625200 N,063 13.371300 W,4.8,272.4,A,DoorSpread,DoorMaster,3.515000,D,S,902119.000000
Thu Jul 17 19:32:59 2025,17-Jul-2025,224333,48 54.625300 N,063 13.373300 W,4.7,272.2,A,DoorSpread,DoorMaster,3.515000,D,S,902119.000000
Thu Jul 17 19:32:59 2025,17-Jul-2025,224334,48 54.625300 N,063 13.375300 W,4.7,271.9,A,DoorSpread,DoorMaster,3.515000,D,S,902119.000000
Thu Jul 17 19:32:59 2025,17-Jul-2025,224335,48 54.625300 N,063 13.377300 W,4.7,271.9,A,DoorSpread,DoorMaster,3.515000,D,S,902119.000000
Thu Jul 17 19:32:59 2025,17-Jul-2025,224336,48 54.625400 N,063 13.379400 W,4.8,272.0,A,DoorSpread,DoorMaster,3.515000,D,S,902119.000000
Thu Jul 17 19:32:59 2025,17-Jul-2025,224337,48 54.625500 N,063 13.381500 W,4.8,272.0,A,DoorSpread,DoorMaster,3.515000,D,S,902119.000000
Thu Jul 17 19:32:59 2025,17-Jul-2025,224338,48 54.625500 N,063 13.383500 W,4.7,271.9,A,DoorSpread,DoorMaster,3.515000,D,S,902119.000000
Thu Jul 17 19:32:59 2025,17-Jul-2025,224339,48 54.625500 N,063 13.385500 W,4.7,271.6,A,DoorSpread,DoorMaster,3.515000,D,S,902119.000000
Thu Jul 17 19:32:59 2025,17-Jul-2025,224340,48 54.625500 N,063 13.387600 W,4.8,271.4,A,DoorSpread,DoorMaster,3.515000,D,S,902119.000000
Thu Jul 17 19:32:59 2025,17-Jul-2025,224341,48 54.625700 N,063 13.389800 W,4.8,271.4,A,DoorSpread,DoorMaster,3.515000,D,S,902119.000000
Thu Jul 17 19:32:59 2025,17-Jul-2025,224342,48 54.625800 N,063 13.392000 W,4.8,271.4,A,DoorSpread,DoorMaster,3.515000,D,S,902119.000000
Thu Jul 17 19:32:59 2025,17-Jul-2025,224343,48 54.625800 N,063 13.394100 W,4.8,271.3,A,DoorSpread,DoorMaster,3.515000,D,S,902119.000000
Thu Jul 17 19:32:59 2025,17-Jul-2025,224344,48 54.625900 N,063 13.396200 W,4.8,271.0,A,DoorSpread,DoorMaster,3.515000,D,S,902119.000000
Thu Jul 17 19:32:59 2025,17-Jul-2025,224345,48 54.625800 N,063 13.398100 W,4.8,270.7,A,DoorSpread,DoorMaster,3.515000,D,S,902119.000000
Thu Jul 17 19:32:59 2025,17-Jul-2025,224346,48 54.625800 N,063 13.400100 W,4.8,270.6,A,DoorSpread,DoorMaster,3.515000,D,S,902119.000000
Thu Jul 17 19:32:59 2025,17-Jul-2025,224347,48 54.625800 N,063 13.402200 W,4.8,270.5,A,DoorSpread,DoorMaster,3.515000,D,S,902119.000000
Thu Jul 17 19:32:59 2025,17-Jul-2025,224348,48 54.625800 N,063 13.404200 W,4.8,270.6,A,DoorSpread,DoorMaster,3.515000,D,S,902119.000000
Thu Jul 17 19:32:59 2025,17-Jul-2025,224349,48 54.625800 N,063 13.406200 W,4.8,270.6,A,DoorSpread,DoorMaster,3.515000,D,S,902119.000000
Thu Jul 17 19:32:59 2025,17-Jul-2025,224350,48 54.625700 N,063 13.408200 W,4.8,270.4,A,DoorSpread,DoorMaster,3.515000,D,S,902119.000000
Thu Jul 17 19:32:59 2025,17-Jul-2025,224351,48 54.625700 N,063 13.410300 W,4.8,270.1,A,DoorSpread,DoorMaster,3.515000,D,S,902119.000000
Thu Jul 17 19:32:59 2025,17-Jul-2025,224352,48 54.625600 N,063 13.412200 W,4.8,270.1,A,DoorSpread,DoorMaster,3.515000,D,S,902119.000000
Thu Jul 17 19:32:59 2025,17-Jul-2025,224353,48 54.625700 N,063 13.414200 W,4.9,270.2,A,DoorSpread,DoorMaster,3.515000,D,S,902119.000000
Thu Jul 17 19:32:59 2025,17-Jul-2025,224354,48 54.625700 N,063 13.416300 W,4.9,270.3,A,DoorSpread,DoorMaster,3.515000,D,S,902119.000000
Thu Jul 17 19:32:59 2025,17-Jul-2025,224355,48 54.625600 N,063 13.418200 W,4.9,270.0,A,DoorSpread,DoorMaster,3.515000,D,S,902119.000000
Thu Jul 17 19:32:59 2025,17-Jul-2025,224356,48 54.625500 N,063 13.420300 W,4.9,269.5,A,DoorSpread,DoorMaster,3.515000,D,S,902119.000000
Thu Jul 17 19:32:59 2025,17-Jul-2025,224357,48 54.625300 N,063 13.422400 W,4.9,269.3,A,DoorSpread,DoorMaster,3.515000,D,S,902119.000000
Thu Jul 17 19:32:59 2025,17-Jul-2025,224358,48 54.625400 N,063 13.424600 W,4.9,269.3,A,DoorSpread,DoorMaster,3.515000,D,S,902119.000000
Thu Jul 17 19:32:59 2025,17-Jul-2025,224359,48 54.625400 N,063 13.426800 W,4.9,269.4,A,DoorSpread,DoorMaster,3.515000,D,S,902119.000000
Thu Jul 17 19:32:59 2025,17-Jul-2025,224400,48 54.625300 N,063 13.428900 W,4.9,269.3,A,DoorSpread,DoorMaster,3.515000,D,S,902119.000000
Thu Jul 17 19:32:59 2025,17-Jul-2025,224401,48 54.625200 N,063 13.431000 W,4.9,269.2,A,DoorSpread,DoorMaster,3.515000,D,S,902119.000000
Thu Jul 17 19:32:59 2025,17-Jul-2025,224402,48 54.625000 N,063 13.433100 W,4.9,269.3,A,DoorSpread,DoorMaster,3.515000,D,S,902119.000000
Thu Jul 17 19:32:59 2025,17-Jul-2025,224403,48 54.625000 N,063 13.435200 W,4.9,269.3,A,DoorSpread,DoorMaster,3.515000,D,S,902119.000000
Thu Jul 17 19:32:59 2025,17-Jul-2025,224404,48 54.624900 N,063 13.437200 W,4.9,269.3,A,DoorSpread,DoorMaster,3.515000,D,S,902119.000000
Thu Jul 17 19:32:59 2025,17-Jul-2025,224405,48 54.624800 N,063 13.439300 W,4.9,269.2,A,DoorSpread,DoorMaster,3.515000,D,S,902119.000000
Thu Jul 17 19:32:59 2025,17-Jul-2025,224406,48 54.624700 N,063 13.441300 W,5.0,269.2,A,DoorSpread,DoorMaster,3.515000,D,S,902119.000000
Thu Jul 17 19:32:59 2025,17-Jul-2025,224407,48 54.624800 N,063 13.443300 W,5.0,269.2,A,DoorSpread,DoorMaster,3.515000,D,S,902119.000000
Thu Jul 17 19:32:59 2025,17-Jul-2025,224408,48 54.624800 N,063 13.445200 W,4.9,269.3,A,DoorSpread,DoorMaster,3.515000,D,S,902119.000000
Thu Jul 17 19:32:59 2025,17-Jul-2025,224409,48 54.624800 N,063 13.447100 W,4.9,269.4,A,DoorSpread,DoorMaster,3.515000,D,S,902119.000000
Thu Jul 17 19:32:59 2025,17-Jul-2025,224410,48 54.624800 N,063 13.449100 W,4.9,269.6,A,DoorSpread,DoorMaster,3.515000,D,S,902119.000000
Thu Jul 17 19:32:59 2025,17-Jul-2025,224411,48 54.624800 N,063 13.451100 W,4.9,269.9,A,DoorSpread,DoorMaster,3.515000,D,S,902119.000000
Thu Jul 17 19:32:59 2025,17-Jul-2025,224412,48 54.624900 N,063 13.453100 W,4.9,270.3,A,DoorSpread,DoorMaster,3.515000,D,S,902119.000000
Thu Jul 17 19:32:59 2025,17-Jul-2025,224413,48 54.625000 N,063 13.455200 W,4.9,270.6,A,DoorSpread,DoorMaster,3.515000,D,S,902119.000000
Thu Jul 17 19:32:59 2025,17-Jul-2025,224414,48 54.624900 N,063 13.457200 W,4.9,270.3,A,DoorSpread,DoorMaster,3.515000,D,S,902119.000000
Thu Jul 17 19:32:59 2025,17-Jul-2025,224415,48 54.625000 N,063 13.459100 W,4.8,270.2,A,DoorSpread,DoorMaster,3.515000,D,S,902119.000000
Thu Jul 17 19:32:59 2025,17-Jul-2025,224416,48 54.625000 N,063 13.461100 W,4.9,270.3,A,DoorSpread,DoorMaster,3.515000,D,S,902119.000000
Thu Jul 17 19:32:59 2025,17-Jul-2025,224417,48 54.625200 N,063 13.463300 W,4.9,270.6,A,DoorSpread,DoorMaster,3.515000,D,S,902119.000000
Thu Jul 17 19:32:59 2025,17-Jul-2025,224418,48 54.625400 N,063 13.465500 W,5.0,270.9,A,DoorSpread,DoorMaster,3.515000,D,S,902119.000000
Thu Jul 17 19:32:59 2025,17-Jul-2025,224419,48 54.625300 N,063 13.467600 W,5.0,270.8,A,DoorSpread,DoorMaster,3.515000,D,S,902119.000000
Thu Jul 17 19:32:59 2025,17-Jul-2025,224420,48 54.625300 N,063 13.469700 W,4.9,270.6,A,DoorSpread,DoorMaster,3.515000,D,S,902119.000000
Thu Jul 17 19:32:59 2025,17-Jul-2025,224421,48 54.625300 N,063 13.471700 W,4.9,270.6,A,DoorSpread,DoorMaster,3.515000,D,S,902119.000000
Thu Jul 17 19:32:59 2025,17-Jul-2025,224422,48 54.625500 N,063 13.473800 W,4.9,270.8,A,DoorSpread,DoorMaster,3.515000,D,S,902119.000000
Thu Jul 17 19:32:59 2025,17-Jul-2025,224423,48 54.625500 N,063 13.476000 W,5.0,271.0,A,DoorSpread,DoorMaster,3.515000,D,S,902119.000000
Thu Jul 17 19:32:59 2025,17-Jul-2025,224424,48 54.625500 N,063 13.478100 W,5.0,271.1,A,DoorSpread,DoorMaster,3.515000,D,S,902119.000000
Thu Jul 17 19:32:59 2025,17-Jul-2025,224425,48 54.625400 N,063 13.480100 W,4.9,270.8,A,DoorSpread,DoorMaster,3.515000,D,S,902119.000000
Thu Jul 17 19:32:59 2025,17-Jul-2025,224426,48 54.625300 N,063 13.482100 W,4.9,270.7,A,DoorSpread,DoorMaster,3.515000,D,S,902119.000000
Thu Jul 17 19:32:59 2025,17-Jul-2025,224427,48 54.625400 N,063 13.484200 W,4.9,271.0,A,DoorSpread,DoorMaster,3.515000,D,S,902119.000000
Thu Jul 17 19:32:59 2025,17-Jul-2025,224428,48 54.625400 N,063 13.486300 W,4.9,271.2,A,DoorSpread,DoorMaster,3.515000,D,S,902119.000000
Thu Jul 17 19:32:59 2025,17-Jul-2025,224429,48 54.625400 N,063 13.488300 W,4.9,270.7,A,DoorSpread,DoorMaster,3.515000,D,S,902119.000000
Thu Jul 17 19:32:59 2025,17-Jul-2025,224430,48 54.625200 N,063 13.490400 W,4.9,270.5,A,DoorSpread,DoorMaster,3.515000,D,S,902119.000000
Thu Jul 17 19:32:59 2025,17-Jul-2025,224431,48 54.625300 N,063 13.492400 W,4.9,271.1,A,DoorSpread,DoorMaster,3.515000,D,S,902119.000000
Thu Jul 17 19:32:59 2025,17-Jul-2025,224432,48 54.625500 N,063 13.494400 W,4.9,271.6,A,DoorSpread,DoorMaster,3.515000,D,S,902119.000000
Thu Jul 17 19:32:59 2025,17-Jul-2025,224433,48 54.625400 N,063 13.496400 W,4.8,271.3,A,DoorSpread,DoorMaster,3.515000,D,S,902119.000000
Thu Jul 17 19:32:59 2025,17-Jul-2025,224434,48 54.625400 N,063 13.498300 W,4.8,270.8,A,DoorSpread,DoorMaster,3.515000,D,S,902119.000000
Thu Jul 17 19:32:59 2025,17-Jul-2025,224435,48 54.625300 N,063 13.500400 W,4.8,270.4,A,DoorSpread,DoorMaster,3.515000,D,S,902119.000000
Thu Jul 17 19:32:59 2025,17-Jul-2025,224436,48 54.625400 N,063 13.502500 W,4.9,270.3,A,DoorSpread,DoorMaster,3.515000,D,S,902119.000000
Thu Jul 17 19:32:59 2025,17-Jul-2025,224437,48 54.625500 N,063 13.504700 W,4.9,270.4,A,DoorSpread,DoorMaster,3.515000,D,S,902119.000000
Thu Jul 17 19:32:59 2025,17-Jul-2025,224438,48 54.625600 N,063 13.506800 W,4.9,270.4,A,DoorSpread,DoorMaster,3.515000,D,S,902119.000000
Thu Jul 17 19:32:59 2025,17-Jul-2025,224439,48 54.625600 N,063 13.508900 W,4.9,270.3,A,DoorSpread,DoorMaster,3.515000,D,S,902119.000000
Thu Jul 17 19:32:59 2025,17-Jul-2025,224440,48 54.625600 N,063 13.511000 W,4.8,270.2,A,DoorSpread,DoorMaster,3.515000,D,S,902119.000000
Thu Jul 17 19:32:59 2025,17-Jul-2025,224441,48 54.625600 N,063 13.513100 W,4.8,270.2,A,DoorSpread,DoorMaster,3.515000,D,S,902119.000000
Thu Jul 17 19:32:59 2025,17-Jul-2025,224442,48 54.625600 N,063 13.515200 W,4.8,270.3,A,DoorSpread,DoorMaster,3.515000,D,S,902119.000000
Thu Jul 17 19:32:59 2025,17-Jul-2025,224443,48 54.625600 N,063 13.517300 W,4.8,270.4,A,DoorSpread,DoorMaster,3.515000,D,S,902119.000000
Thu Jul 17 19:32:59 2025,17-Jul-2025,224444,48 54.625600 N,063 13.519500 W,4.8,270.4,A,DoorSpread,DoorMaster,3.515000,D,S,902119.000000
Thu Jul 17 19:32:59 2025,17-Jul-2025,224445,48 54.625600 N,063 13.521500 W,4.8,270.4,A,DoorSpread,DoorMaster,3.515000,D,S,902119.000000
Thu Jul 17 19:32:59 2025,17-Jul-2025,224446,48 54.625600 N,063 13.523600 W,4.8,270.3,A,DoorSpread,DoorMaster,3.515000,D,S,902119.000000
Thu Jul 17 19:32:59 2025,17-Jul-2025,224447,48 54.625600 N,063 13.525700 W,4.8,270.1,A,DoorSpread,DoorMaster,3.515000,D,S,902119.000000
Thu Jul 17 19:32:59 2025,17-Jul-2025,224448,48 54.625500 N,063 13.527800 W,4.8,270.0,A,DoorSpread,DoorMaster,3.515000,D,S,902119.000000
Thu Jul 17 19:32:59 2025,17-Jul-2025,224449,48 54.625500 N,063 13.529900 W,4.8,270.1,A,DoorSpread,DoorMaster,3.515000,D,S,902119.000000
Thu Jul 17 19:32:59 2025,17-Jul-2025,224450,48 54.625600 N,063 13.531900 W,4.9,270.3,A,DoorSpread,DoorMaster,3.515000,D,S,902119.000000
Thu Jul 17 19:32:59 2025,17-Jul-2025,224451,48 54.625600 N,063 13.533900 W,4.8,270.2,A,DoorSpread,DoorMaster,3.515000,D,S,902119.000000
Thu Jul 17 19:32:59 2025,17-Jul-2025,224452,48 54.625400 N,063 13.535900 W,4.8,269.6,A,DoorSpread,DoorMaster,3.515000,D,S,902119.000000
Thu Jul 17 19:32:59 2025,17-Jul-2025,224453,48 54.625300 N,063 13.537900 W,4.8,268.9,A,DoorSpread,DoorMaster,3.515000,D,S,902119.000000
Thu Jul 17 19:32:59 2025,17-Jul-2025,224454,48 54.625200 N,063 13.539900 W,4.8,268.7,A,DoorSpread,DoorMaster,3.515000,D,S,902119.000000
Thu Jul 17 19:32:59 2025,17-Jul-2025,224455,48 54.625300 N,063 13.541900 W,4.8,268.9,A,DoorSpread,DoorMaster,3.515000,D,S,902119.000000
Thu Jul 17 19:32:59 2025,17-Jul-2025,224456,48 54.625400 N,063 13.543900 W,4.8,269.2,A,DoorSpread,DoorMaster,3.515000,D,S,902119.000000
Thu Jul 17 19:32:59 2025,17-Jul-2025,224457,48 54.625400 N,063 13.545900 W,4.8,268.9,A,DoorSpread,DoorMaster,3.515000,D,S,902119.000000
Thu Jul 17 19:32:59 2025,17-Jul-2025,224458,48 54.625200 N,063 13.547900 W,4.8,268.4,A,DoorSpread,DoorMaster,3.515000,D,S,902119.000000
Thu Jul 17 19:32:59 2025,17-Jul-2025,224459,48 54.625100 N,063 13.549900 W,4.8,268.3,A,DoorSpread,DoorMaster,3.515000,D,S,902119.000000
Thu Jul 17 19:32:59 2025,17-Jul-2025,224500,48 54.625300 N,063 13.552000 W,4.9,268.6,A,DoorSpread,DoorMaster,3.515000,D,S,902119.000000
Thu Jul 17 19:32:59 2025,17-Jul-2025,224501,48 54.625500 N,063 13.554000 W,4.8,269.0,A,DoorSpread,DoorMaster,3.515000,D,S,902119.000000
Thu Jul 17 19:32:59 2025,17-Jul-2025,224502,48 54.625500 N,063 13.555900 W,4.8,268.9,A,DoorSpread,DoorMaster,3.515000,D,S,902119.000000
Thu Jul 17 19:32:59 2025,17-Jul-2025,224503,48 54.625400 N,063 13.557700 W,4.8,268.6,A,DoorSpread,DoorMaster,3.515000,D,S,902119.000000
Thu Jul 17 19:32:59 2025,17-Jul-2025,224504,48 54.625400 N,063 13.559700 W,4.8,268.4,A,DoorSpread,DoorMaster,3.515000,D,S,902119.000000
Thu Jul 17 19:32:59 2025,17-Jul-2025,224505,48 54.625400 N,063 13.561900 W,4.9,268.4,A,DoorSpread,DoorMaster,3.515000,D,S,902119.000000
Thu Jul 17 19:32:59 2025,17-Jul-2025,224506,48 54.625400 N,063 13.563900 W,4.9,268.3,A,DoorSpread,DoorMaster,3.515000,D,S,902119.000000
Thu Jul 17 19:32:59 2025,17-Jul-2025,224507,48 54.625400 N,063 13.566000 W,4.9,268.1,A,DoorSpread,DoorMaster,3.515000,D,S,902119.000000
Thu Jul 17 19:32:59 2025,17-Jul-2025,224508,48 54.625400 N,063 13.568100 W,4.9,268.1,A,DoorSpread,DoorMaster,3.515000,D,S,902119.000000
Thu Jul 17 19:32:59 2025,17-Jul-2025,224509,48 54.625400 N,063 13.570100 W,4.9,268.2,A,DoorSpread,DoorMaster,3.515000,D,S,902119.000000
Thu Jul 17 19:32:59 2025,17-Jul-2025,224510,48 54.625500 N,063 13.572100 W,4.9,268.5,A,DoorSpread,DoorMaster,3.515000,D,S,902119.000000
Thu Jul 17 19:32:59 2025,17-Jul-2025,224511,48 54.625500 N,063 13.574100 W,4.9,268.8,A,DoorSpread,DoorMaster,3.515000,D,S,902119.000000
Thu Jul 17 19:32:59 2025,17-Jul-2025,224512,48 54.625500 N,063 13.576100 W,4.9,268.9,A,DoorSpread,DoorMaster,3.515000,D,S,902119.000000
Thu Jul 17 19:32:59 2025,17-Jul-2025,224513,48 54.625400 N,063 13.578000 W,4.9,268.9,A,DoorSpread,DoorMaster,3.515000,D,S,902119.000000
Thu Jul 17 19:32:59 2025,17-Jul-2025,224514,48 54.625400 N,063 13.580000 W,4.8,268.9,A,DoorSpread,DoorMaster,3.515000,D,S,902119.000000
Thu Jul 17 19:32:59 2025,17-Jul-2025,224515,48 54.625400 N,063 13.581900 W,4.8,269.0,A,DoorSpread,DoorMaster,3.515000,D,S,902119.000000
Thu Jul 17 19:32:59 2025,17-Jul-2025,224516,48 54.625400 N,063 13.583900 W,4.8,268.9,A,DoorSpread,DoorMaster,3.515000,D,S,902119.000000
Thu Jul 17 19:32:59 2025,17-Jul-2025,224517,48 54.625400 N,063 13.586000 W,4.9,268.9,A,DoorSpread,DoorMaster,3.515000,D,S,902119.000000
Thu Jul 17 19:32:59 2025,17-Jul-2025,224518,48 54.625400 N,063 13.588100 W,4.9,268.9,A,DoorSpread,DoorMaster,3.515000,D,S,902119.000000
Thu Jul 17 19:32:59 2025,17-Jul-2025,224519,48 54.625300 N,063 13.590200 W,4.9,268.9,A,DoorSpread,DoorMaster,3.515000,D,S,902119.000000
Thu Jul 17 19:32:59 2025,17-Jul-2025,224520,48 54.625300 N,063 13.592100 W,4.9,268.7,A,DoorSpread,DoorMaster,3.515000,D,S,902119.000000
Thu Jul 17 19:32:59 2025,17-Jul-2025,224521,48 54.625200 N,063 13.594100 W,4.8,268.6,A,DoorSpread,DoorMaster,3.515000,D,S,902119.000000
Thu Jul 17 19:32:59 2025,17-Jul-2025,224522,48 54.625100 N,063 13.595900 W,4.8,268.4,A,DoorSpread,DoorMaster,3.515000,D,S,902119.000000
Thu Jul 17 19:32:59 2025,17-Jul-2025,224523,48 54.624900 N,063 13.597700 W,4.8,268.2,A,DoorSpread,DoorMaster,3.515000,D,S,902119.000000
Thu Jul 17 19:32:59 2025,17-Jul-2025,224524,48 54.624900 N,063 13.599700 W,4.8,268.1,A,DoorSpread,DoorMaster,3.515000,D,S,902119.000000
Thu Jul 17 19:32:59 2025,17-Jul-2025,224525,48 54.624900 N,063 13.601600 W,4.9,268.1,A,DoorSpread,DoorMaster,3.515000,D,S,902119.000000
Thu Jul 17 19:32:59 2025,17-Jul-2025,224526,48 54.624800 N,063 13.603500 W,4.8,268.2,A,DoorSpread,DoorMaster,3.515000,D,S,902119.000000
Thu Jul 17 19:32:59 2025,17-Jul-2025,224527,48 54.624700 N,063 13.605500 W,4.8,268.2,A,DoorSpread,DoorMaster,3.515000,D,S,902119.000000
Thu Jul 17 19:32:59 2025,17-Jul-2025,224528,48 54.624700 N,063 13.607400 W,4.8,268.3,A,DoorSpread,DoorMaster,3.515000,D,S,902119.000000
Thu Jul 17 19:32:59 2025,17-Jul-2025,224529,48 54.624700 N,063 13.609500 W,4.8,268.6,A,DoorSpread,DoorMaster,3.515000,D,S,902119.000000
Thu Jul 17 19:32:59 2025,17-Jul-2025,224530,48 54.624700 N,063 13.611600 W,4.9,268.7,A,DoorSpread,DoorMaster,3.515000,D,S,902119.000000
Thu Jul 17 19:32:59 2025,17-Jul-2025,224531,48 54.624700 N,063 13.613700 W,4.9,268.8,A,DoorSpread,DoorMaster,3.515000,D,S,902119.000000
Thu Jul 17 19:32:59 2025,17-Jul-2025,224532,48 54.624800 N,063 13.615700 W,4.8,268.8,A,DoorSpread,DoorMaster,3.515000,D,S,902119.000000
Thu Jul 17 19:32:59 2025,17-Jul-2025,224533,48 54.624700 N,063 13.617700 W,4.8,268.7,A,DoorSpread,DoorMaster,3.515000,D,S,902119.000000
Thu Jul 17 19:32:59 2025,17-Jul-2025,224534,48 54.624700 N,063 13.619600 W,4.8,268.7,A,DoorSpread,DoorMaster,3.515000,D,S,902119.000000
Thu Jul 17 19:32:59 2025,17-Jul-2025,224535,48 54.624800 N,063 13.621600 W,4.8,268.8,A,DoorSpread,DoorMaster,3.515000,D,S,902119.000000
Thu Jul 17 19:32:59 2025,17-Jul-2025,224536,48 54.624900 N,063 13.623700 W,4.9,268.9,A,DoorSpread,DoorMaster,3.515000,D,S,902119.000000
Thu Jul 17 19:32:59 2025,17-Jul-2025,224537,48 54.625000 N,063 13.625800 W,4.9,269.0,A,DoorSpread,DoorMaster,3.515000,D,S,902119.000000
Thu Jul 17 19:32:59 2025,17-Jul-2025,224538,48 54.625000 N,063 13.627900 W,4.9,269.1,A,DoorSpread,DoorMaster,3.515000,D,S,902119.000000
Thu Jul 17 19:32:59 2025,17-Jul-2025,224539,48 54.625000 N,063 13.629900 W,4.8,269.1,A,DoorSpread,DoorMaster,3.515000,D,S,902119.000000
Thu Jul 17 19:32:59 2025,17-Jul-2025,224540,48 54.625000 N,063 13.631800 W,4.8,269.1,A,DoorSpread,DoorMaster,3.515000,D,S,902119.000000
Thu Jul 17 19:32:59 2025,17-Jul-2025,224541,48 54.625100 N,063 13.633700 W,4.8,269.1,A,DoorSpread,DoorMaster,3.515000,D,S,902119.000000
Thu Jul 17 19:32:59 2025,17-Jul-2025,224542,48 54.625200 N,063 13.635900 W,4.8,269.0,A,DoorSpread,DoorMaster,3.515000,D,S,902119.000000
Thu Jul 17 19:32:59 2025,17-Jul-2025,224543,48 54.625200 N,063 13.638000 W,4.8,268.8,A,DoorSpread,DoorMaster,3.515000,D,S,902119.000000
Thu Jul 17 19:32:59 2025,17-Jul-2025,224544,48 54.625200 N,063 13.640100 W,4.8,268.8,A,DoorSpread,DoorMaster,3.515000,D,S,902119.000000
Thu Jul 17 19:32:59 2025,17-Jul-2025,224545,48 54.625400 N,063 13.642300 W,4.8,269.0,A,DoorSpread,DoorMaster,3.515000,D,S,902119.000000
Thu Jul 17 19:32:59 2025,17-Jul-2025,224546,48 54.625400 N,063 13.644400 W,4.8,268.9,A,DoorSpread,DoorMaster,3.515000,D,S,902119.000000
Thu Jul 17 19:32:59 2025,17-Jul-2025,224547,48 54.625400 N,063 13.646400 W,4.7,268.9,A,DoorSpread,DoorMaster,3.515000,D,S,902119.000000
Thu Jul 17 19:32:59 2025,17-Jul-2025,224548,48 54.625400 N,063 13.648400 W,4.8,269.2,A,DoorSpread,DoorMaster,3.515000,D,S,902119.000000
Thu Jul 17 19:32:59 2025,17-Jul-2025,224549,48 54.625500 N,063 13.650600 W,4.8,269.5,A,DoorSpread,DoorMaster,3.515000,D,S,902119.000000
Thu Jul 17 19:32:59 2025,17-Jul-2025,224550,48 54.625600 N,063 13.652900 W,4.8,269.8,A,DoorSpread,DoorMaster,3.515000,D,S,902119.000000
Thu Jul 17 19:32:59 2025,17-Jul-2025,224551,48 54.625700 N,063 13.655100 W,4.8,269.8,A,DoorSpread,DoorMaster,3.515000,D,S,902119.000000
Thu Jul 17 19:32:59 2025,17-Jul-2025,224552,48 54.625800 N,063 13.657200 W,4.8,269.6,A,DoorSpread,DoorMaster,3.515000,D,S,902119.000000
Thu Jul 17 19:32:59 2025,17-Jul-2025,224553,48 54.625900 N,063 13.659200 W,4.8,269.7,A,DoorSpread,DoorMaster,3.515000,D,S,902119.000000
Thu Jul 17 19:32:59 2025,17-Jul-2025,224554,48 54.626000 N,063 13.661100 W,4.8,270.1,A,DoorSpread,DoorMaster,3.515000,D,S,902119.000000
Thu Jul 17 19:32:59 2025,17-Jul-2025,224555,48 54.626100 N,063 13.663100 W,4.8,270.4,A,DoorSpread,DoorMaster,3.515000,D,S,902119.000000
Thu Jul 17 19:32:59 2025,17-Jul-2025,224556,48 54.626100 N,063 13.665100 W,4.8,270.1,A,DoorSpread,DoorMaster,3.515000,D,S,902119.000000
Thu Jul 17 19:32:59 2025,17-Jul-2025,224557,48 54.625900 N,063 13.667100 W,4.8,269.7,A,DoorSpread,DoorMaster,3.515000,D,S,902119.000000
Thu Jul 17 19:32:59 2025,17-Jul-2025,224558,48 54.625900 N,063 13.669000 W,4.8,269.5,A,DoorSpread,DoorMaster,3.515000,D,S,902119.000000
Thu Jul 17 19:32:59 2025,17-Jul-2025,224559,48 54.626000 N,063 13.671000 W,4.8,269.6,A,DoorSpread,DoorMaster,3.515000,D,S,902119.000000
Thu Jul 17 19:32:59 2025,17-Jul-2025,224600,48 54.626000 N,063 13.672900 W,4.8,269.5,A,DoorSpread,DoorMaster,3.515000,D,S,902119.000000
Thu Jul 17 19:32:59 2025,17-Jul-2025,224601,48 54.626100 N,063 13.674700 W,4.8,269.3,A,DoorSpread,DoorMaster,3.515000,D,S,902119.000000
Thu Jul 17 19:32:59 2025,17-Jul-2025,224602,48 54.626200 N,063 13.676600 W,4.7,269.4,A,DoorSpread,DoorMaster,3.515000,D,S,902119.000000
Thu Jul 17 19:32:59 2025,17-Jul-2025,224603,48 54.626400 N,063 13.678500 W,4.8,269.6,A,DoorSpread,DoorMaster,3.515000,D,S,902119.000000
Thu Jul 17 19:32:59 2025,17-Jul-2025,224604,48 54.626500 N,063 13.680500 W,4.8,269.8,A,DoorSpread,DoorMaster,3.515000,D,S,902119.000000
Thu Jul 17 19:32:59 2025,17-Jul-2025,224605,48 54.626600 N,063 13.682600 W,4.8,269.9,A,DoorSpread,DoorMaster,3.515000,D,S,902119.000000
Thu Jul 17 19:32:59 2025,17-Jul-2025,224606,48 54.626700 N,063 13.684600 W,4.8,269.7,A,DoorSpread,DoorMaster,3.515000,D,S,902119.000000
Thu Jul 17 19:32:59 2025,17-Jul-2025,224607,48 54.626600 N,063 13.686700 W,4.8,269.5,A,DoorSpread,DoorMaster,3.515000,D,S,902119.000000
Thu Jul 17 19:32:59 2025,17-Jul-2025,224608,48 54.626600 N,063 13.688800 W,4.8,269.2,A,DoorSpread,DoorMaster,3.515000,D,S,902119.000000
Thu Jul 17 19:32:59 2025,17-Jul-2025,224609,48 54.626600 N,063 13.690900 W,4.8,269.3,A,DoorSpread,DoorMaster,3.515000,D,S,902119.000000
Thu Jul 17 19:32:59 2025,17-Jul-2025,224610,48 54.626600 N,063 13.692900 W,4.8,269.7,A,DoorSpread,DoorMaster,3.515000,D,S,902119.000000
Thu Jul 17 19:32:59 2025,17-Jul-2025,224611,48 54.626700 N,063 13.695100 W,4.8,270.0,A,DoorSpread,DoorMaster,3.515000,D,S,902119.000000
Thu Jul 17 19:32:59 2025,17-Jul-2025,224612,48 54.626800 N,063 13.697200 W,4.8,269.9,A,DoorSpread,DoorMaster,3.515000,D,S,902119.000000
Thu Jul 17 19:32:59 2025,17-Jul-2025,224613,48 54.626700 N,063 13.699100 W,4.7,269.7,A,DoorSpread,DoorMaster,3.515000,D,S,902119.000000
Thu Jul 17 19:32:59 2025,17-Jul-2025,224614,48 54.626700 N,063 13.701100 W,4.7,269.9,A,DoorSpread,DoorMaster,3.515000,D,S,902119.000000
Thu Jul 17 19:32:59 2025,17-Jul-2025,224615,48 54.626800 N,063 13.703300 W,4.8,270.4,A,DoorSpread,DoorMaster,3.515000,D,S,902119.000000
Thu Jul 17 19:32:59 2025,17-Jul-2025,224616,48 54.626900 N,063 13.705400 W,4.8,270.8,A,DoorSpread,DoorMaster,3.515000,D,S,902119.000000
Thu Jul 17 19:32:59 2025,17-Jul-2025,224617,48 54.626800 N,063 13.707600 W,4.8,270.8,A,DoorSpread,DoorMaster,3.515000,D,S,902119.000000
Thu Jul 17 19:32:59 2025,17-Jul-2025,224618,48 54.626800 N,063 13.709700 W,4.9,270.7,A,DoorSpread,DoorMaster,3.515000,D,S,902119.000000
Thu Jul 17 19:32:59 2025,17-Jul-2025,224619,48 54.626800 N,063 13.711900 W,4.9,270.8,A,DoorSpread,DoorMaster,3.515000,D,S,902119.000000
Thu Jul 17 19:32:59 2025,17-Jul-2025,224620,48 54.626800 N,063 13.713900 W,4.9,270.9,A,DoorSpread,DoorMaster,3.515000,D,S,902119.000000
Thu Jul 17 19:32:59 2025,17-Jul-2025,224621,48 54.626900 N,063 13.716000 W,4.9,271.2,A,DoorSpread,DoorMaster,3.515000,D,S,902119.000000
Thu Jul 17 19:32:59 2025,17-Jul-2025,224622,48 54.626900 N,063 13.717900 W,4.9,271.0,A,DoorSpread,DoorMaster,3.515000,D,S,902119.000000
Thu Jul 17 19:32:59 2025,17-Jul-2025,224623,48 54.626900 N,063 13.719900 W,4.9,271.0,A,DoorSpread,DoorMaster,3.515000,D,S,902119.000000
Thu Jul 17 19:32:59 2025,17-Jul-2025,224624,48 54.627100 N,063 13.721800 W,4.8,271.4,A,DoorSpread,DoorMaster,3.515000,D,S,902119.000000
Thu Jul 17 19:32:59 2025,17-Jul-2025,224625,48 54.627200 N,063 13.723800 W,4.8,271.8,A,DoorSpread,DoorMaster,3.515000,D,S,902119.000000
Thu Jul 17 19:32:59 2025,17-Jul-2025,224626,48 54.627300 N,063 13.725700 W,4.8,271.3,A,DoorSpread,DoorMaster,3.515000,D,S,902119.000000
Thu Jul 17 19:32:59 2025,17-Jul-2025,224627,48 54.627200 N,063 13.727500 W,4.7,270.5,A,DoorSpread,DoorMaster,3.515000,D,S,902119.000000
Thu Jul 17 19:32:59 2025,17-Jul-2025,224628,48 54.627100 N,063 13.729500 W,4.8,269.9,A,DoorSpread,DoorMaster,3.515000,D,S,902119.000000
Thu Jul 17 19:32:59 2025,17-Jul-2025,224629,48 54.627200 N,063 13.731600 W,4.8,269.6,A,DoorSpread,DoorMaster,3.515000,D,S,902119.000000
Thu Jul 17 19:32:59 2025,17-Jul-2025,224630,48 54.627300 N,063 13.733800 W,4.9,269.5,A,DoorSpread,DoorMaster,3.515000,D,S,902119.000000
Thu Jul 17 19:32:59 2025,17-Jul-2025,224631,48 54.627400 N,063 13.735900 W,4.9,269.4,A,DoorSpread,DoorMaster,3.515000,D,S,902119.000000
Thu Jul 17 19:32:59 2025,17-Jul-2025,224632,48 54.627300 N,063 13.738000 W,4.8,268.9,A,DoorSpread,DoorMaster,3.515000,D,S,902119.000000
Thu Jul 17 19:32:59 2025,17-Jul-2025,224633,48 54.627300 N,063 13.740000 W,4.8,268.7,A,DoorSpread,DoorMaster,3.515000,D,S,902119.000000
Thu Jul 17 19:32:59 2025,17-Jul-2025,224634,48 54.627300 N,063 13.741900 W,4.8,268.9,A,DoorSpread,DoorMaster,3.515000,D,S,902119.000000
Thu Jul 17 19:32:59 2025,17-Jul-2025,224635,48 54.627400 N,063 13.743800 W,4.8,269.2,A,DoorSpread,DoorMaster,3.515000,D,S,902119.000000
Thu Jul 17 19:32:59 2025,17-Jul-2025,224636,48 54.627500 N,063 13.745800 W,4.8,269.4,A,DoorSpread,DoorMaster,3.515000,D,S,902119.000000
Thu Jul 17 19:32:59 2025,17-Jul-2025,224637,48 54.627500 N,063 13.747800 W,4.9,269.4,A,DoorSpread,DoorMaster,3.515000,D,S,902119.000000
Thu Jul 17 19:32:59 2025,17-Jul-2025,224638,48 54.627500 N,063 13.749800 W,4.8,269.7,A,DoorSpread,DoorMaster,3.515000,D,S,902119.000000
Thu Jul 17 19:32:59 2025,17-Jul-2025,224639,48 54.627400 N,063 13.751800 W,4.8,269.8,A,DoorSpread,DoorMaster,3.515000,D,S,902119.000000
Thu Jul 17 19:32:59 2025,17-Jul-2025,224640,48 54.627400 N,063 13.753900 W,4.8,269.9,A,DoorSpread,DoorMaster,3.515000,D,S,902119.000000
Thu Jul 17 19:32:59 2025,17-Jul-2025,224641,48 54.627500 N,063 13.755900 W,4.9,270.0,A,DoorSpread,DoorMaster,3.515000,D,S,902119.000000
Thu Jul 17 19:32:59 2025,17-Jul-2025,224642,48 54.627700 N,063 13.757900 W,4.9,270.3,A,DoorSpread,DoorMaster,3.515000,D,S,902119.000000
Thu Jul 17 19:32:59 2025,17-Jul-2025,224643,48 54.627900 N,063 13.759900 W,4.9,270.5,A,DoorSpread,DoorMaster,3.515000,D,S,902119.000000
Thu Jul 17 19:32:59 2025,17-Jul-2025,224644,48 54.628000 N,063 13.761900 W,4.9,270.6,A,DoorSpread,DoorMaster,3.515000,D,S,902119.000000
Thu Jul 17 19:32:59 2025,17-Jul-2025,224645,48 54.628000 N,063 13.764100 W,4.9,270.7,A,DoorSpread,DoorMaster,3.515000,D,S,902119.000000
Thu Jul 17 19:32:59 2025,17-Jul-2025,224646,48 54.628200 N,063 13.766100 W,4.9,270.8,A,DoorSpread,DoorMaster,3.515000,D,S,902119.000000
Thu Jul 17 19:32:59 2025,17-Jul-2025,224647,48 54.628400 N,063 13.768100 W,4.9,271.1,A,DoorSpread,DoorMaster,3.515000,D,S,902119.000000
Thu Jul 17 19:32:59 2025,17-Jul-2025,224648,48 54.628600 N,063 13.770200 W,5.0,271.4,A,DoorSpread,DoorMaster,3.515000,D,S,902119.000000
Thu Jul 17 19:32:59 2025,17-Jul-2025,224649,48 54.628800 N,063 13.772300 W,5.0,271.7,A,DoorSpread,DoorMaster,3.515000,D,S,902119.000000
Thu Jul 17 19:32:59 2025,17-Jul-2025,224650,48 54.628900 N,063 13.774400 W,5.0,271.5,A,DoorSpread,DoorMaster,3.515000,D,S,902119.000000
Thu Jul 17 19:32:59 2025,17-Jul-2025,224651,48 54.629000 N,063 13.776400 W,4.9,271.3,A,DoorSpread,DoorMaster,3.515000,D,S,902119.000000
Thu Jul 17 19:32:59 2025,17-Jul-2025,224652,48 54.629000 N,063 13.778400 W,4.9,271.3,A,DoorSpread,DoorMaster,3.515000,D,S,902119.000000
Thu Jul 17 19:32:59 2025,17-Jul-2025,224653,48 54.629100 N,063 13.780400 W,4.9,271.3,A,DoorSpread,DoorMaster,3.515000,D,S,902119.000000
Thu Jul 17 19:32:59 2025,17-Jul-2025,224654,48 54.629100 N,063 13.782400 W,4.9,271.2,A,DoorSpread,DoorMaster,3.515000,D,S,902119.000000
Thu Jul 17 19:32:59 2025,17-Jul-2025,224655,48 54.629100 N,063 13.784600 W,4.9,270.9,A,DoorSpread,DoorMaster,3.515000,D,S,902119.000000
Thu Jul 17 19:32:59 2025,17-Jul-2025,224656,48 54.629000 N,063 13.786700 W,4.9,270.6,A,DoorSpread,DoorMaster,3.515000,D,S,902119.000000
Thu Jul 17 19:32:59 2025,17-Jul-2025,224657,48 54.629000 N,063 13.788700 W,4.9,270.5,A,DoorSpread,DoorMaster,3.515000,D,S,902119.000000
Thu Jul 17 19:32:59 2025,17-Jul-2025,224658,48 54.629200 N,063 13.790600 W,4.9,270.8,A,DoorSpread,DoorMaster,3.515000,D,S,902119.000000
Thu Jul 17 19:32:59 2025,17-Jul-2025,224659,48 54.629400 N,063 13.792600 W,4.8,270.9,A,DoorSpread,DoorMaster,3.515000,D,S,902119.000000
Thu Jul 17 19:32:59 2025,17-Jul-2025,224700,48 54.629400 N,063 13.794600 W,4.8,270.8,A,DoorSpread,DoorMaster,3.515000,D,S,902119.000000
Thu Jul 17 19:32:59 2025,17-Jul-2025,224701,48 54.629400 N,063 13.796600 W,4.8,270.5,A,DoorSpread,DoorMaster,3.515000,D,S,902119.000000
Thu Jul 17 19:32:59 2025,17-Jul-2025,224702,48 54.629500 N,063 13.798700 W,4.8,270.6,A,DoorSpread,DoorMaster,3.515000,D,S,902119.000000
Thu Jul 17 19:32:59 2025,17-Jul-2025,224703,48 54.629700 N,063 13.800900 W,4.9,271.1,A,DoorSpread,DoorMaster,3.515000,D,S,902119.000000
Thu Jul 17 19:32:59 2025,17-Jul-2025,224704,48 54.629900 N,063 13.803000 W,4.9,271.4,A,DoorSpread,DoorMaster,3.515000,D,S,902119.000000
Thu Jul 17 19:32:59 2025,17-Jul-2025,224705,48 54.629900 N,063 13.805100 W,4.9,271.2,A,DoorSpread,DoorMaster,3.515000,D,S,902119.000000
Thu Jul 17 19:32:59 2025,17-Jul-2025,224706,48 54.629600 N,063 13.807200 W,4.9,270.2,A,DoorSpread,DoorMaster,3.515000,D,S,902119.000000
Thu Jul 17 19:32:59 2025,17-Jul-2025,224707,48 54.629600 N,063 13.809300 W,4.9,270.2,A,DoorSpread,DoorMaster,3.515000,D,S,902119.000000
Thu Jul 17 19:32:59 2025,17-Jul-2025,224708,48 54.629800 N,063 13.811300 W,4.9,270.8,A,DoorSpread,DoorMaster,3.515000,D,S,902119.000000
Thu Jul 17 19:32:59 2025,17-Jul-2025,224709,48 54.630100 N,063 13.813400 W,4.9,271.4,A,DoorSpread,DoorMaster,3.515000,D,S,902119.000000
Thu Jul 17 19:32:59 2025,17-Jul-2025,224710,48 54.630100 N,063 13.815600 W,4.9,271.6,A,DoorSpread,DoorMaster,3.515000,D,S,902119.000000
Thu Jul 17 19:32:59 2025,17-Jul-2025,224711,48 54.629900 N,063 13.817600 W,4.9,270.6,A,DoorSpread,DoorMaster,3.515000,D,S,902119.000000
Thu Jul 17 19:32:59 2025,17-Jul-2025,224712,48 54.629600 N,063 13.819600 W,4.8,269.8,A,DoorSpread,DoorMaster,3.515000,D,S,902119.000000
Thu Jul 17 19:32:59 2025,17-Jul-2025,224713,48 54.629600 N,063 13.821600 W,4.8,269.4,A,DoorSpread,DoorMaster,3.515000,D,S,902119.000000
Thu Jul 17 19:32:59 2025,17-Jul-2025,224714,48 54.629700 N,063 13.823500 W,4.9,269.5,A,DoorSpread,DoorMaster,3.515000,D,S,902119.000000
Thu Jul 17 19:32:59 2025,17-Jul-2025,224715,48 54.629700 N,063 13.825500 W,4.9,269.7,A,DoorSpread,DoorMaster,3.515000,D,S,902119.000000
Thu Jul 17 19:32:59 2025,17-Jul-2025,224716,48 54.629700 N,063 13.827400 W,4.9,269.5,A,DoorSpread,DoorMaster,3.515000,D,S,902119.000000
Thu Jul 17 19:32:59 2025,17-Jul-2025,224717,48 54.629500 N,063 13.829200 W,4.9,269.4,A,DoorSpread,DoorMaster,3.515000,D,S,902119.000000
Thu Jul 17 19:32:59 2025,17-Jul-2025,224718,48 54.629400 N,063 13.831100 W,4.9,269.3,A,DoorSpread,DoorMaster,3.515000,D,S,902119.000000
Thu Jul 17 19:32:59 2025,17-Jul-2025,224719,48 54.629400 N,063 13.833000 W,4.9,269.4,A,DoorSpread,DoorMaster,3.515000,D,S,902119.000000
Thu Jul 17 19:32:59 2025,17-Jul-2025,224720,48 54.629500 N,063 13.835000 W,4.9,270.1,A,DoorSpread,DoorMaster,3.515000,D,S,902119.000000
Thu Jul 17 19:32:59 2025,17-Jul-2025,224721,48 54.629700 N,063 13.837000 W,4.9,270.8,A,DoorSpread,DoorMaster,3.515000,D,S,902119.000000
Thu Jul 17 19:32:59 2025,17-Jul-2025,224722,48 54.629800 N,063 13.839000 W,4.9,271.1,A,DoorSpread,DoorMaster,3.515000,D,S,902119.000000
Thu Jul 17 19:32:59 2025,17-Jul-2025,224723,48 54.629700 N,063 13.841000 W,4.9,270.8,A,DoorSpread,DoorMaster,3.515000,D,S,902119.000000
Thu Jul 17 19:32:59 2025,17-Jul-2025,224724,48 54.629600 N,063 13.843000 W,4.8,270.2,A,DoorSpread,DoorMaster,3.515000,D,S,902119.000000
Thu Jul 17 19:32:59 2025,17-Jul-2025,224725,48 54.629600 N,063 13.845000 W,4.8,269.8,A,DoorSpread,DoorMaster,3.515000,D,S,902119.000000
Thu Jul 17 19:32:59 2025,17-Jul-2025,224726,48 54.629600 N,063 13.847100 W,4.9,269.5,A,DoorSpread,DoorMaster,3.515000,D,S,902119.000000
Thu Jul 17 19:32:59 2025,17-Jul-2025,224727,48 54.629700 N,063 13.849300 W,4.9,269.4,A,DoorSpread,DoorMaster,3.515000,D,S,902119.000000
Thu Jul 17 19:32:59 2025,17-Jul-2025,224728,48 54.629500 N,063 13.851600 W,4.9,269.2,A,DoorSpread,DoorMaster,3.515000,D,S,902119.000000
Thu Jul 17 19:32:59 2025,17-Jul-2025,224729,48 54.629500 N,063 13.853800 W,4.9,269.1,A,DoorSpread,DoorMaster,3.515000,D,S,902119.000000
Thu Jul 17 19:32:59 2025,17-Jul-2025,224730,48 54.629400 N,063 13.856100 W,4.9,269.1,A,DoorSpread,DoorMaster,3.515000,D,S,902119.000000
Thu Jul 17 19:32:59 2025,17-Jul-2025,224731,48 54.629600 N,063 13.858200 W,4.9,269.5,A,DoorSpread,DoorMaster,3.515000,D,S,902119.000000
Thu Jul 17 19:32:59 2025,17-Jul-2025,224732,48 54.629700 N,063 13.860300 W,4.9,269.8,A,DoorSpread,DoorMaster,3.515000,D,S,902119.000000
Thu Jul 17 19:32:59 2025,17-Jul-2025,224733,48 54.629700 N,063 13.862300 W,4.9,269.9,A,DoorSpread,DoorMaster,3.515000,D,S,902119.000000
Thu Jul 17 19:32:59 2025,17-Jul-2025,224734,48 54.629800 N,063 13.864300 W,5.0,270.1,A,DoorSpread,DoorMaster,3.515000,D,S,902119.000000
Thu Jul 17 19:32:59 2025,17-Jul-2025,224735,48 54.629900 N,063 13.866300 W,5.0,270.3,A,DoorSpread,DoorMaster,3.515000,D,S,902119.000000
Thu Jul 17 19:32:59 2025,17-Jul-2025,224736,48 54.630000 N,063 13.868300 W,5.0,270.5,A,DoorSpread,DoorMaster,3.515000,D,S,902119.000000
Thu Jul 17 19:32:59 2025,17-Jul-2025,224737,48 54.630100 N,063 13.870300 W,4.9,270.5,A,DoorSpread,DoorMaster,3.515000,D,S,902119.000000
Thu Jul 17 19:32:59 2025,17-Jul-2025,224738,48 54.630100 N,063 13.872200 W,4.9,270.5,A,DoorSpread,DoorMaster,3.515000,D,S,902119.000000
Thu Jul 17 19:32:59 2025,17-Jul-2025,224739,48 54.630100 N,063 13.874200 W,4.9,270.7,A,DoorSpread,DoorMaster,3.515000,D,S,902119.000000
Thu Jul 17 19:32:59 2025,17-Jul-2025,224740,48 54.630200 N,063 13.876300 W,4.9,270.8,A,DoorSpread,DoorMaster,3.515000,D,S,902119.000000
Thu Jul 17 19:32:59 2025,17-Jul-2025,224741,48 54.630200 N,063 13.878400 W,4.9,270.8,A,DoorSpread,DoorMaster,3.515000,D,S,902119.000000
Thu Jul 17 19:32:59 2025,17-Jul-2025,224742,48 54.630300 N,063 13.880600 W,4.9,270.9,A,DoorSpread,DoorMaster,3.515000,D,S,902119.000000
Thu Jul 17 19:32:59 2025,17-Jul-2025,224743,48 54.630400 N,063 13.882700 W,4.9,270.9,A,DoorSpread,DoorMaster,3.515000,D,S,902119.000000
Thu Jul 17 19:32:59 2025,17-Jul-2025,224744,48 54.630500 N,063 13.884800 W,4.8,271.1,A,DoorSpread,DoorMaster,3.515000,D,S,902119.000000
Thu Jul 17 19:32:59 2025,17-Jul-2025,224745,48 54.630600 N,063 13.886900 W,4.9,271.2,A,DoorSpread,DoorMaster,3.515000,D,S,902119.000000
Thu Jul 17 19:32:59 2025,17-Jul-2025,224746,48 54.630700 N,063 13.889100 W,4.9,271.1,A,DoorSpread,DoorMaster,3.515000,D,S,902119.000000
Thu Jul 17 19:32:59 2025,17-Jul-2025,224747,48 54.630700 N,063 13.891100 W,4.8,270.8,A,DoorSpread,DoorMaster,3.515000,D,S,902119.000000
Thu Jul 17 19:32:59 2025,17-Jul-2025,224748,48 54.630800 N,063 13.893200 W,4.8,270.9,A,DoorSpread,DoorMaster,3.515000,D,S,902119.000000
Thu Jul 17 19:32:59 2025,17-Jul-2025,224749,48 54.630900 N,063 13.895300 W,4.9,271.0,A,DoorSpread,DoorMaster,3.515000,D,S,902119.000000
Thu Jul 17 19:32:59 2025,17-Jul-2025,224750,48 54.631100 N,063 13.897400 W,4.9,271.0,A,DoorSpread,DoorMaster,3.515000,D,S,902119.000000
Thu Jul 17 19:32:59 2025,17-Jul-2025,224751,48 54.631100 N,063 13.899400 W,4.9,270.7,A,DoorSpread,DoorMaster,3.515000,D,S,902119.000000
Thu Jul 17 19:32:59 2025,17-Jul-2025,224752,48 54.631100 N,063 13.901300 W,4.8,270.1,A,DoorSpread,DoorMaster,3.515000,D,S,902119.000000
Thu Jul 17 19:32:59 2025,17-Jul-2025,224753,48 54.631100 N,063 13.903200 W,4.8,269.8,A,DoorSpread,DoorMaster,3.515000,D,S,902119.000000
Thu Jul 17 19:32:59 2025,17-Jul-2025,224754,48 54.631200 N,063 13.905200 W,4.8,269.7,A,DoorSpread,DoorMaster,3.515000,D,S,902119.000000
Thu Jul 17 19:32:59 2025,17-Jul-2025,224755,48 54.631200 N,063 13.907300 W,4.8,269.7,A,DoorSpread,DoorMaster,3.515000,D,S,902119.000000
Thu Jul 17 19:32:59 2025,17-Jul-2025,224756,48 54.631200 N,063 13.909200 W,4.8,269.4,A,DoorSpread,DoorMaster,3.515000,D,S,902119.000000
Thu Jul 17 19:32:59 2025,17-Jul-2025,224757,48 54.631100 N,063 13.911100 W,4.8,268.9,A,DoorSpread,DoorMaster,3.515000,D,S,902119.000000
Thu Jul 17 19:32:59 2025,17-Jul-2025,224758,48 54.630900 N,063 13.913300 W,4.9,268.0,A,DoorSpread,DoorMaster,3.515000,D,S,902119.000000
Thu Jul 17 19:32:59 2025,17-Jul-2025,224759,48 54.630800 N,063 13.915500 W,4.9,267.4,A,DoorSpread,DoorMaster,3.515000,D,S,902119.000000
Thu Jul 17 19:32:59 2025,17-Jul-2025,224800,48 54.630700 N,063 13.917600 W,4.9,267.1,A,DoorSpread,DoorMaster,3.515000,D,S,902119.000000
Thu Jul 17 19:32:59 2025,17-Jul-2025,224801,48 54.630600 N,063 13.919600 W,4.9,267.4,A,DoorSpread,DoorMaster,3.515000,D,S,902119.000000
Thu Jul 17 19:32:59 2025,17-Jul-2025,224802,48 54.630600 N,063 13.921500 W,4.8,267.7,A,DoorSpread,DoorMaster,3.515000,D,S,902119.000000
Thu Jul 17 19:32:59 2025,17-Jul-2025,224803,48 54.630500 N,063 13.923500 W,4.9,267.8,A,DoorSpread,DoorMaster,3.515000,D,S,902119.000000
Thu Jul 17 19:32:59 2025,17-Jul-2025,224804,48 54.630500 N,063 13.925700 W,4.9,267.9,A,DoorSpread,DoorMaster,3.515000,D,S,902119.000000
Thu Jul 17 19:32:59 2025,17-Jul-2025,224805,48 54.630500 N,063 13.927700 W,4.9,268.1,A,DoorSpread,DoorMaster,3.515000,D,S,902119.000000
Thu Jul 17 19:32:59 2025,17-Jul-2025,224806,48 54.630500 N,063 13.929700 W,4.8,268.7,A,DoorSpread,DoorMaster,3.515000,D,S,902119.000000
Thu Jul 17 19:32:59 2025,17-Jul-2025,224807,48 54.630600 N,063 13.931600 W,4.8,269.2,A,DoorSpread,DoorMaster,3.515000,D,S,902119.000000
Thu Jul 17 19:32:59 2025,17-Jul-2025,224808,48 54.630500 N,063 13.933600 W,4.8,269.4,A,DoorSpread,DoorMaster,3.515000,D,S,902119.000000
Thu Jul 17 19:32:59 2025,17-Jul-2025,224809,48 54.630600 N,063 13.935700 W,4.8,269.8,A,DoorSpread,DoorMaster,3.515000,D,S,902119.000000
Thu Jul 17 19:32:59 2025,17-Jul-2025,224810,48 54.630600 N,063 13.937900 W,4.9,270.0,A,DoorSpread,DoorMaster,3.515000,D,S,902119.000000
Thu Jul 17 19:32:59 2025,17-Jul-2025,224811,48 54.630600 N,063 13.940100 W,4.9,270.1,A,DoorSpread,DoorMaster,3.515000,D,S,902119.000000
Thu Jul 17 19:32:59 2025,17-Jul-2025,224812,48 54.630600 N,063 13.942200 W,4.9,269.8,A,DoorSpread,DoorMaster,3.515000,D,S,902119.000000
Thu Jul 17 19:32:59 2025,17-Jul-2025,224813,48 54.630600 N,063 13.944100 W,4.8,269.8,A,DoorSpread,DoorMaster,3.515000,D,S,902119.000000
Thu Jul 17 19:32:59 2025,17-Jul-2025,224814,48 54.630700 N,063 13.946100 W,4.8,270.3,A,DoorSpread,DoorMaster,3.515000,D,S,902119.000000
Thu Jul 17 19:32:59 2025,17-Jul-2025,224815,48 54.630800 N,063 13.948200 W,4.8,270.7,A,DoorSpread,DoorMaster,3.515000,D,S,902119.000000
Thu Jul 17 19:32:59 2025,17-Jul-2025,224816,48 54.630900 N,063 13.950400 W,4.8,270.9,A,DoorSpread,DoorMaster,3.515000,D,S,902119.000000
Thu Jul 17 19:32:59 2025,17-Jul-2025,224817,48 54.630900 N,063 13.952500 W,4.8,270.6,A,DoorSpread,DoorMaster,3.515000,D,S,902119.000000
Thu Jul 17 19:32:59 2025,17-Jul-2025,224818,48 54.630800 N,063 13.954500 W,4.8,270.0,A,DoorSpread,DoorMaster,3.515000,D,S,902119.000000
Thu Jul 17 19:32:59 2025,17-Jul-2025,224819,48 54.630800 N,063 13.956500 W,4.8,269.7,A,DoorSpread,DoorMaster,3.515000,D,S,902119.000000
Thu Jul 17 19:32:59 2025,17-Jul-2025,224820,48 54.630800 N,063 13.958600 W,4.8,269.6,A,DoorSpread,DoorMaster,3.515000,D,S,902119.000000
Thu Jul 17 19:32:59 2025,17-Jul-2025,224821,48 54.630800 N,063 13.960700 W,4.9,269.3,A,DoorSpread,DoorMaster,3.515000,D,S,902119.000000
Thu Jul 17 19:32:59 2025,17-Jul-2025,224822,48 54.630700 N,063 13.962900 W,4.9,268.9,A,DoorSpread,DoorMaster,3.515000,D,S,902119.000000
Thu Jul 17 19:32:59 2025,17-Jul-2025,224823,48 54.630700 N,063 13.965000 W,4.9,268.5,A,DoorSpread,DoorMaster,3.515000,D,S,902119.000000
Thu Jul 17 19:32:59 2025,17-Jul-2025,224824,48 54.630600 N,063 13.967100 W,4.9,268.3,A,DoorSpread,DoorMaster,3.515000,D,S,902119.000000
Thu Jul 17 19:32:59 2025,17-Jul-2025,224825,48 54.630600 N,063 13.969100 W,4.9,268.2,A,DoorSpread,DoorMaster,3.515000,D,S,902119.000000
Thu Jul 17 19:32:59 2025,17-Jul-2025,224826,48 54.630700 N,063 13.971200 W,4.8,268.0,A,DoorSpread,DoorMaster,3.515000,D,S,902119.000000
Thu Jul 17 19:32:59 2025,17-Jul-2025,224827,48 54.630600 N,063 13.973300 W,4.8,267.8,A,DoorSpread,DoorMaster,3.515000,D,S,902119.000000
Thu Jul 17 19:32:59 2025,17-Jul-2025,224828,48 54.630600 N,063 13.975300 W,4.8,267.7,A,DoorSpread,DoorMaster,3.515000,D,S,902119.000000
Thu Jul 17 19:32:59 2025,17-Jul-2025,224829,48 54.630600 N,063 13.977500 W,4.9,267.5,A,DoorSpread,DoorMaster,3.515000,D,S,902119.000000
Thu Jul 17 19:32:59 2025,17-Jul-2025,224830,48 54.630600 N,063 13.979600 W,4.9,267.5,A,DoorSpread,DoorMaster,3.515000,D,S,902119.000000
Thu Jul 17 19:32:59 2025,17-Jul-2025,224831,48 54.630600 N,063 13.981700 W,4.9,267.6,A,DoorSpread,DoorMaster,3.515000,D,S,902119.000000
Thu Jul 17 19:32:59 2025,17-Jul-2025,224832,48 54.630700 N,063 13.983900 W,4.9,267.5,A,DoorSpread,DoorMaster,3.515000,D,S,902119.000000
Thu Jul 17 19:32:59 2025,17-Jul-2025,224833,48 54.630600 N,063 13.985900 W,4.9,267.3,A,DoorSpread,DoorMaster,3.515000,D,S,902119.000000
Thu Jul 17 19:32:59 2025,17-Jul-2025,224834,48 54.630600 N,063 13.987700 W,4.8,267.5,A,DoorSpread,DoorMaster,3.515000,D,S,902119.000000
Thu Jul 17 19:32:59 2025,17-Jul-2025,224835,48 54.630700 N,063 13.989600 W,4.8,268.2,A,DoorSpread,DoorMaster,3.515000,D,S,902119.000000
Thu Jul 17 19:32:59 2025,17-Jul-2025,224836,48 54.630800 N,063 13.991500 W,4.8,269.0,A,DoorSpread,DoorMaster,3.515000,D,S,902119.000000
Thu Jul 17 19:32:59 2025,17-Jul-2025,224837,48 54.630800 N,063 13.993300 W,4.8,269.3,A,DoorSpread,DoorMaster,3.515000,D,S,902119.000000
Thu Jul 17 19:32:59 2025,17-Jul-2025,224838,48 54.630600 N,063 13.995200 W,4.8,269.1,A,DoorSpread,DoorMaster,3.515000,D,S,902119.000000
Thu Jul 17 19:32:59 2025,17-Jul-2025,224839,48 54.630500 N,063 13.997100 W,4.8,268.9,A,DoorSpread,DoorMaster,3.515000,D,S,902119.000000
Thu Jul 17 19:32:59 2025,17-Jul-2025,224840,48 54.630500 N,063 13.999100 W,4.8,269.5,A,DoorSpread,DoorMaster,3.515000,D,S,902119.000000
Thu Jul 17 19:32:59 2025,17-Jul-2025,224841,48 54.630700 N,063 14.001100 W,4.8,270.2,A,DoorSpread,DoorMaster,3.515000,D,S,902119.000000
Thu Jul 17 19:32:59 2025,17-Jul-2025,224842,48 54.630700 N,063 14.003100 W,4.8,270.2,A,DoorSpread,DoorMaster,3.515000,D,S,902119.000000
Thu Jul 17 19:32:59 2025,17-Jul-2025,224843,48 54.630500 N,063 14.005200 W,4.8,269.7,A,DoorSpread,DoorMaster,3.515000,D,S,902119.000000
Thu Jul 17 19:32:59 2025,17-Jul-2025,224844,48 54.630400 N,063 14.007300 W,4.9,269.0,A,DoorSpread,DoorMaster,3.515000,D,S,902119.000000
Thu Jul 17 19:32:59 2025,17-Jul-2025,224845,48 54.630400 N,063 14.009400 W,4.9,269.5,A,DoorSpread,DoorMaster,3.515000,D,S,902119.000000
Thu Jul 17 19:32:59 2025,17-Jul-2025,224846,48 54.630500 N,063 14.011400 W,4.9,269.9,A,DoorSpread,DoorMaster,3.515000,D,S,902119.000000
Thu Jul 17 19:32:59 2025,17-Jul-2025,224847,48 54.630500 N,063 14.013400 W,4.9,270.0,A,DoorSpread,DoorMaster,3.515000,D,S,902119.000000
Thu Jul 17 19:32:59 2025,17-Jul-2025,224848,48 54.630400 N,063 14.015500 W,4.9,269.9,A,DoorSpread,DoorMaster,3.515000,D,S,902119.000000
Thu Jul 17 19:32:59 2025,17-Jul-2025,224849,48 54.630400 N,063 14.017500 W,4.9,269.7,A,DoorSpread,DoorMaster,3.515000,D,S,902119.000000
Thu Jul 17 19:32:59 2025,17-Jul-2025,224850,48 54.630400 N,063 14.019500 W,4.9,269.8,A,DoorSpread,DoorMaster,3.515000,D,S,902119.000000
Thu Jul 17 19:32:59 2025,17-Jul-2025,224851,48 54.630500 N,063 14.021400 W,4.9,269.8,A,DoorSpread,DoorMaster,3.515000,D,S,902119.000000
Thu Jul 17 19:32:59 2025,17-Jul-2025,224852,48 54.630400 N,063 14.023500 W,4.9,269.8,A,DoorSpread,DoorMaster,3.515000,D,S,902119.000000
Thu Jul 17 19:32:59 2025,17-Jul-2025,224853,48 54.630400 N,063 14.025300 W,4.9,269.6,A,DoorSpread,DoorMaster,3.515000,D,S,902119.000000
Thu Jul 17 19:32:59 2025,17-Jul-2025,224854,48 54.630300 N,063 14.027200 W,4.9,269.6,A,DoorSpread,DoorMaster,3.515000,D,S,902119.000000
Thu Jul 17 19:32:59 2025,17-Jul-2025,224855,48 54.630300 N,063 14.029200 W,4.8,269.8,A,DoorSpread,DoorMaster,3.515000,D,S,902119.000000
Thu Jul 17 19:32:59 2025,17-Jul-2025,224856,48 54.630400 N,063 14.031100 W,4.8,269.9,A,DoorSpread,DoorMaster,3.515000,D,S,902119.000000
Thu Jul 17 19:32:59 2025,17-Jul-2025,224857,48 54.630400 N,063 14.033000 W,4.8,269.9,A,DoorSpread,DoorMaster,3.515000,D,S,902119.000000
Thu Jul 17 19:32:59 2025,17-Jul-2025,224858,48 54.630400 N,063 14.035000 W,4.8,269.9,A,DoorSpread,DoorMaster,3.515000,D,S,902119.000000
Thu Jul 17 19:32:59 2025,17-Jul-2025,224859,48 54.630400 N,063 14.037000 W,4.8,270.0,A,DoorSpread,DoorMaster,3.515000,D,S,902119.000000
Thu Jul 17 19:32:59 2025,17-Jul-2025,224900,48 54.630400 N,063 14.039100 W,4.8,270.2,A,DoorSpread,DoorMaster,3.515000,D,S,902119.000000
Thu Jul 17 19:32:59 2025,17-Jul-2025,224901,48 54.630500 N,063 14.041300 W,4.9,270.5,A,DoorSpread,DoorMaster,3.515000,D,S,902119.000000
Thu Jul 17 19:32:59 2025,17-Jul-2025,224902,48 54.630600 N,063 14.043500 W,4.9,270.7,A,DoorSpread,DoorMaster,3.515000,D,S,902119.000000
Thu Jul 17 19:32:59 2025,17-Jul-2025,224903,48 54.630600 N,063 14.045600 W,4.8,270.3,A,DoorSpread,DoorMaster,3.515000,D,S,902119.000000
Thu Jul 17 19:32:59 2025,17-Jul-2025,224904,48 54.630500 N,063 14.047400 W,4.8,269.6,A,DoorSpread,DoorMaster,3.515000,D,S,902119.000000
Thu Jul 17 19:32:59 2025,17-Jul-2025,224905,48 54.630500 N,063 14.049300 W,4.7,269.4,A,DoorSpread,DoorMaster,3.515000,D,S,902119.000000
Thu Jul 17 19:32:59 2025,17-Jul-2025,224906,48 54.630500 N,063 14.051300 W,4.8,269.4,A,DoorSpread,DoorMaster,3.515000,D,S,902119.000000
Thu Jul 17 19:32:59 2025,17-Jul-2025,224907,48 54.630600 N,063 14.053400 W,4.9,269.4,A,DoorSpread,DoorMaster,3.515000,D,S,902119.000000
Thu Jul 17 19:32:59 2025,17-Jul-2025,224908,48 54.630600 N,063 14.055500 W,4.9,269.2,A,DoorSpread,DoorMaster,3.515000,D,S,902119.000000
Thu Jul 17 19:32:59 2025,17-Jul-2025,224909,48 54.630400 N,063 14.057400 W,4.9,268.6,A,DoorSpread,DoorMaster,3.515000,D,S,902119.000000
Thu Jul 17 19:32:59 2025,17-Jul-2025,224910,48 54.630400 N,063 14.059400 W,4.9,268.4,A,DoorSpread,DoorMaster,3.515000,D,S,902119.000000
Thu Jul 17 19:32:59 2025,17-Jul-2025,224911,48 54.630400 N,063 14.061300 W,4.9,268.7,A,DoorSpread,DoorMaster,3.515000,D,S,902119.000000
Thu Jul 17 19:32:59 2025,17-Jul-2025,224912,48 54.630400 N,063 14.063300 W,4.9,269.0,A,DoorSpread,DoorMaster,3.515000,D,S,902119.000000
Thu Jul 17 19:32:59 2025,17-Jul-2025,224913,48 54.630600 N,063 14.065300 W,4.8,269.1,A,DoorSpread,DoorMaster,3.515000,D,S,902119.000000
Thu Jul 17 19:32:59 2025,17-Jul-2025,224914,48 54.630600 N,063 14.067300 W,4.8,269.0,A,DoorSpread,DoorMaster,3.515000,D,S,902119.000000
Thu Jul 17 19:32:59 2025,17-Jul-2025,224915,48 54.630600 N,063 14.069100 W,4.8,268.7,A,DoorSpread,DoorMaster,3.515000,D,S,902119.000000
Thu Jul 17 19:32:59 2025,17-Jul-2025,224916,48 54.630600 N,063 14.071000 W,4.8,269.0,A,DoorSpread,DoorMaster,3.515000,D,S,902119.000000
Thu Jul 17 19:32:59 2025,17-Jul-2025,224917,48 54.630700 N,063 14.072900 W,4.8,269.6,A,DoorSpread,DoorMaster,3.515000,D,S,902119.000000
Thu Jul 17 19:32:59 2025,17-Jul-2025,224918,48 54.630800 N,063 14.074800 W,4.8,270.3,A,DoorSpread,DoorMaster,3.515000,D,S,902119.000000
Thu Jul 17 19:32:59 2025,17-Jul-2025,224919,48 54.630900 N,063 14.076600 W,4.8,270.5,A,DoorSpread,DoorMaster,3.515000,D,S,902119.000000
Thu Jul 17 19:32:59 2025,17-Jul-2025,224920,48 54.630900 N,063 14.078500 W,4.7,270.1,A,DoorSpread,DoorMaster,3.515000,D,S,902119.000000
Thu Jul 17 19:32:59 2025,17-Jul-2025,224921,48 54.630900 N,063 14.080400 W,4.7,270.1,A,DoorSpread,DoorMaster,3.515000,D,S,902119.000000
Thu Jul 17 19:32:59 2025,17-Jul-2025,224922,48 54.630900 N,063 14.082400 W,4.7,270.3,A,DoorSpread,DoorMaster,3.515000,D,S,902119.000000
Thu Jul 17 19:32:59 2025,17-Jul-2025,224923,48 54.630900 N,063 14.084400 W,4.7,270.4,A,DoorSpread,DoorMaster,3.515000,D,S,902119.000000
Thu Jul 17 19:32:59 2025,17-Jul-2025,224924,48 54.630900 N,063 14.086500 W,4.7,270.4,A,DoorSpread,DoorMaster,3.515000,D,S,902119.000000
Thu Jul 17 19:32:59 2025,17-Jul-2025,224925,48 54.630900 N,063 14.088600 W,4.8,270.6,A,DoorSpread,DoorMaster,3.515000,D,S,902119.000000
Thu Jul 17 19:32:59 2025,17-Jul-2025,224926,48 54.631000 N,063 14.090700 W,4.7,271.1,A,DoorSpread,DoorMaster,3.515000,D,S,902119.000000
Thu Jul 17 19:32:59 2025,17-Jul-2025,224927,48 54.631100 N,063 14.092700 W,4.7,271.4,A,DoorSpread,DoorMaster,3.515000,D,S,902119.000000
Thu Jul 17 19:32:59 2025,17-Jul-2025,224928,48 54.631200 N,063 14.094900 W,4.7,271.2,A,DoorSpread,DoorMaster,3.515000,D,S,902119.000000
Thu Jul 17 19:32:59 2025,17-Jul-2025,224929,48 54.631200 N,063 14.097100 W,4.7,270.9,A,DoorSpread,DoorMaster,3.515000,D,S,902119.000000
Thu Jul 17 19:32:59 2025,17-Jul-2025,224930,48 54.631200 N,063 14.099200 W,4.8,270.7,A,DoorSpread,DoorMaster,3.515000,D,S,902119.000000
Thu Jul 17 19:32:59 2025,17-Jul-2025,224931,48 54.631300 N,063 14.101200 W,4.7,270.9,A,DoorSpread,DoorMaster,3.515000,D,S,902119.000000
Thu Jul 17 19:32:59 2025,17-Jul-2025,224932,48 54.631400 N,063 14.103200 W,4.7,271.0,A,DoorSpread,DoorMaster,3.515000,D,S,902119.000000
Thu Jul 17 19:32:59 2025,17-Jul-2025,224933,48 54.631500 N,063 14.105100 W,4.7,271.2,A,DoorSpread,DoorMaster,3.515000,D,S,902119.000000
Thu Jul 17 19:32:59 2025,17-Jul-2025,224934,48 54.631500 N,063 14.107000 W,4.7,270.8,A,DoorSpread,DoorMaster,3.515000,D,S,902119.000000
Thu Jul 17 19:32:59 2025,17-Jul-2025,224935,48 54.631500 N,063 14.109000 W,4.7,270.2,A,DoorSpread,DoorMaster,3.515000,D,S,902119.000000
Thu Jul 17 19:32:59 2025,17-Jul-2025,224936,48 54.631400 N,063 14.111000 W,4.7,269.7,A,DoorSpread,DoorMaster,3.515000,D,S,902119.000000
Thu Jul 17 19:32:59 2025,17-Jul-2025,224937,48 54.631500 N,063 14.113100 W,4.8,269.6,A,DoorSpread,DoorMaster,3.515000,D,S,902119.000000
Thu Jul 17 19:32:59 2025,17-Jul-2025,224938,48 54.631600 N,063 14.115200 W,4.8,269.7,A,DoorSpread,DoorMaster,3.515000,D,S,902119.000000
Thu Jul 17 19:32:59 2025,17-Jul-2025,224939,48 54.631800 N,063 14.117200 W,4.8,270.0,A,DoorSpread,DoorMaster,3.515000,D,S,902119.000000
Thu Jul 17 19:32:59 2025,17-Jul-2025,224940,48 54.631800 N,063 14.119100 W,4.8,270.2,A,DoorSpread,DoorMaster,3.515000,D,S,902119.000000
Thu Jul 17 19:32:59 2025,17-Jul-2025,224941,48 54.631800 N,063 14.121000 W,4.8,270.2,A,DoorSpread,DoorMaster,3.515000,D,S,902119.000000
Thu Jul 17 19:32:59 2025,17-Jul-2025,224942,48 54.631800 N,063 14.123000 W,4.8,269.9,A,DoorSpread,DoorMaster,3.515000,D,S,902119.000000
Thu Jul 17 19:32:59 2025,17-Jul-2025,224943,48 54.631800 N,063 14.125000 W,4.8,269.7,A,DoorSpread,DoorMaster,3.515000,D,S,902119.000000
Thu Jul 17 19:32:59 2025,17-Jul-2025,224944,48 54.631800 N,063 14.126900 W,4.8,269.7,A,DoorSpread,DoorMaster,3.515000,D,S,902119.000000
Thu Jul 17 19:32:59 2025,17-Jul-2025,224945,48 54.631900 N,063 14.129000 W,4.8,270.1,A,DoorSpread,DoorMaster,3.515000,D,S,902119.000000
Thu Jul 17 19:32:59 2025,17-Jul-2025,224946,48 54.632100 N,063 14.130900 W,4.7,270.4,A,DoorSpread,DoorMaster,3.515000,D,S,902119.000000
Thu Jul 17 19:32:59 2025,17-Jul-2025,224947,48 54.632200 N,063 14.132900 W,4.7,270.6,A,DoorSpread,DoorMaster,3.515000,D,S,902119.000000
Thu Jul 17 19:32:59 2025,17-Jul-2025,224948,48 54.632200 N,063 14.135000 W,4.8,270.5,A,DoorSpread,DoorMaster,3.515000,D,S,902119.000000
Thu Jul 17 19:32:59 2025,17-Jul-2025,224949,48 54.632200 N,063 14.136900 W,4.8,270.4,A,DoorSpread,DoorMaster,3.515000,D,S,902119.000000
Thu Jul 17 19:32:59 2025,17-Jul-2025,224950,48 54.632300 N,063 14.138900 W,4.8,270.4,A,DoorSpread,DoorMaster,3.515000,D,S,902119.000000
Thu Jul 17 19:32:59 2025,17-Jul-2025,224951,48 54.632500 N,063 14.140800 W,4.7,270.4,A,DoorSpread,DoorMaster,3.515000,D,S,902119.000000
Thu Jul 17 19:32:59 2025,17-Jul-2025,224952,48 54.632600 N,063 14.142900 W,4.7,270.1,A,DoorSpread,DoorMaster,3.515000,D,S,902119.000000
Thu Jul 17 19:32:59 2025,17-Jul-2025,224953,48 54.632800 N,063 14.144900 W,4.8,270.3,A,DoorSpread,DoorMaster,3.515000,D,S,902119.000000
Thu Jul 17 19:32:59 2025,17-Jul-2025,224954,48 54.633000 N,063 14.147100 W,4.8,270.5,A,DoorSpread,DoorMaster,3.515000,D,S,902119.000000
Thu Jul 17 19:32:59 2025,17-Jul-2025,224955,48 54.633200 N,063 14.149200 W,4.8,270.6,A,DoorSpread,DoorMaster,3.515000,D,S,902119.000000
Thu Jul 17 19:32:59 2025,17-Jul-2025,224956,48 54.633300 N,063 14.151300 W,4.8,270.5,A,DoorSpread,DoorMaster,3.515000,D,S,902119.000000
Thu Jul 17 19:32:59 2025,17-Jul-2025,224957,48 54.633300 N,063 14.153300 W,4.8,270.1,A,DoorSpread,DoorMaster,3.515000,D,S,902119.000000
Thu Jul 17 19:32:59 2025,17-Jul-2025,224958,48 54.633300 N,063 14.155100 W,4.8,269.8,A,DoorSpread,DoorMaster,3.515000,D,S,902119.000000
Thu Jul 17 19:32:59 2025,17-Jul-2025,224959,48 54.633400 N,063 14.157000 W,4.8,270.0,A,DoorSpread,DoorMaster,3.515000,D,S,902119.000000
Thu Jul 17 19:32:59 2025,17-Jul-2025,225000,48 54.633700 N,063 14.159000 W,4.8,270.4,A,DoorSpread,DoorMaster,3.515000,D,S,902119.000000
Thu Jul 17 19:32:59 2025,17-Jul-2025,225001,48 54.633800 N,063 14.161100 W,4.8,270.7,A,DoorSpread,DoorMaster,3.515000,D,S,902119.000000
Thu Jul 17 19:32:59 2025,17-Jul-2025,225002,48 54.633800 N,063 14.163300 W,4.8,270.3,A,DoorSpread,DoorMaster,3.515000,D,S,902119.000000
Thu Jul 17 19:32:59 2025,17-Jul-2025,225003,48 54.633700 N,063 14.165400 W,4.8,269.8,A,DoorSpread,DoorMaster,3.515000,D,S,902119.000000
Thu Jul 17 19:32:59 2025,17-Jul-2025,225004,48 54.633700 N,063 14.167500 W,4.8,269.5,A,DoorSpread,DoorMaster,3.515000,D,S,902119.000000
Thu Jul 17 19:32:59 2025,17-Jul-2025,225005,48 54.633800 N,063 14.169600 W,4.8,269.6,A,DoorSpread,DoorMaster,3.515000,D,S,902119.000000
Thu Jul 17 19:32:59 2025,17-Jul-2025,225006,48 54.634000 N,063 14.171500 W,4.8,269.8,A,DoorSpread,DoorMaster,3.515000,D,S,902119.000000
Thu Jul 17 19:32:59 2025,17-Jul-2025,225007,48 54.634000 N,063 14.173500 W,4.8,270.0,A,DoorSpread,DoorMaster,3.515000,D,S,902119.000000
Thu Jul 17 19:32:59 2025,17-Jul-2025,225008,48 54.634000 N,063 14.175500 W,4.8,269.9,A,DoorSpread,DoorMaster,3.515000,D,S,902119.000000
Thu Jul 17 19:32:59 2025,17-Jul-2025,225009,48 54.634100 N,063 14.177300 W,4.8,270.0,A,DoorSpread,DoorMaster,3.515000,D,S,902119.000000
Thu Jul 17 19:32:59 2025,17-Jul-2025,225010,48 54.634100 N,063 14.179200 W,4.8,270.1,A,DoorSpread,DoorMaster,3.515000,D,S,902119.000000
Thu Jul 17 19:32:59 2025,17-Jul-2025,225011,48 54.634300 N,063 14.181100 W,4.8,270.6,A,DoorSpread,DoorMaster,3.515000,D,S,902119.000000
Thu Jul 17 19:32:59 2025,17-Jul-2025,225012,48 54.634400 N,063 14.183000 W,4.8,271.1,A,DoorSpread,DoorMaster,3.515000,D,S,902119.000000
Thu Jul 17 19:32:59 2025,17-Jul-2025,225013,48 54.634500 N,063 14.184900 W,4.8,271.3,A,DoorSpread,DoorMaster,3.515000,D,S,902119.000000
Thu Jul 17 19:32:59 2025,17-Jul-2025,225014,48 54.634600 N,063 14.186700 W,4.8,271.5,A,DoorSpread,DoorMaster,3.515000,D,S,902119.000000
Thu Jul 17 19:32:59 2025,17-Jul-2025,225015,48 54.634700 N,063 14.188600 W,4.8,271.6,A,DoorSpread,DoorMaster,3.515000,D,S,902119.000000
Thu Jul 17 19:32:59 2025,17-Jul-2025,225016,48 54.634800 N,063 14.190600 W,4.8,271.6,A,DoorSpread,DoorMaster,3.515000,D,S,902119.000000
Thu Jul 17 19:32:59 2025,17-Jul-2025,225017,48 54.634900 N,063 14.192600 W,4.8,271.5,A,DoorSpread,DoorMaster,3.515000,D,S,902119.000000
Thu Jul 17 19:32:59 2025,17-Jul-2025,225018,48 54.635100 N,063 14.194600 W,4.8,271.7,A,DoorSpread,DoorMaster,3.515000,D,S,902119.000000
Thu Jul 17 19:32:59 2025,17-Jul-2025,225019,48 54.635300 N,063 14.196600 W,4.8,272.0,A,DoorSpread,DoorMaster,3.515000,D,S,902119.000000
Thu Jul 17 19:32:59 2025,17-Jul-2025,225020,48 54.635500 N,063 14.198600 W,4.8,272.0,A,DoorSpread,DoorMaster,3.515000,D,S,902119.000000
Thu Jul 17 19:32:59 2025,17-Jul-2025,225021,48 54.635500 N,063 14.200400 W,4.7,271.4,A,DoorSpread,DoorMaster,3.515000,D,S,902119.000000
Thu Jul 17 19:32:59 2025,17-Jul-2025,225022,48 54.635400 N,063 14.202200 W,4.7,270.7,A,DoorSpread,DoorMaster,3.515000,D,S,902119.000000
Thu Jul 17 19:32:59 2025,17-Jul-2025,225023,48 54.635400 N,063 14.204100 W,4.7,270.4,A,DoorSpread,DoorMaster,3.515000,D,S,902119.000000
Thu Jul 17 19:32:59 2025,17-Jul-2025,225024,48 54.635500 N,063 14.206000 W,4.7,270.6,A,DoorSpread,DoorMaster,3.515000,D,S,902119.000000
Thu Jul 17 19:32:59 2025,17-Jul-2025,225025,48 54.635500 N,063 14.208000 W,4.7,271.1,A,DoorSpread,DoorMaster,3.515000,D,S,902119.000000
Thu Jul 17 19:32:59 2025,17-Jul-2025,225026,48 54.635600 N,063 14.210000 W,4.7,271.2,A,DoorSpread,DoorMaster,3.515000,D,S,902119.000000
Thu Jul 17 19:32:59 2025,17-Jul-2025,225027,48 54.635600 N,063 14.212000 W,4.7,270.9,A,DoorSpread,DoorMaster,3.515000,D,S,902119.000000
Thu Jul 17 19:32:59 2025,17-Jul-2025,225028,48 54.635600 N,063 14.214000 W,4.7,270.5,A,DoorSpread,DoorMaster,3.515000,D,S,902119.000000
Thu Jul 17 19:32:59 2025,17-Jul-2025,225029,48 54.635600 N,063 14.216000 W,4.7,270.3,A,DoorSpread,DoorMaster,3.515000,D,S,902119.000000
Thu Jul 17 19:32:59 2025,17-Jul-2025,225030,48 54.635800 N,063 14.218100 W,4.7,270.9,A,DoorSpread,DoorMaster,3.515000,D,S,902119.000000
Thu Jul 17 19:32:59 2025,17-Jul-2025,225031,48 54.635900 N,063 14.220100 W,4.7,271.0,A,DoorSpread,DoorMaster,3.515000,D,S,902119.000000
Thu Jul 17 19:32:59 2025,17-Jul-2025,225032,48 54.635800 N,063 14.222200 W,4.7,270.5,A,DoorSpread,DoorMaster,3.515000,D,S,902119.000000
Thu Jul 17 19:32:59 2025,17-Jul-2025,225033,48 54.635800 N,063 14.224200 W,4.7,269.9,A,DoorSpread,DoorMaster,3.515000,D,S,902119.000000
Thu Jul 17 19:32:59 2025,17-Jul-2025,225034,48 54.635800 N,063 14.226200 W,4.7,269.6,A,DoorSpread,DoorMaster,3.515000,D,S,902119.000000
Thu Jul 17 19:32:59 2025,17-Jul-2025,225035,48 54.635900 N,063 14.228400 W,4.8,269.8,A,DoorSpread,DoorMaster,3.515000,D,S,902119.000000
Thu Jul 17 19:32:59 2025,17-Jul-2025,225036,48 54.636200 N,063 14.230700 W,4.9,270.2,A,DoorSpread,DoorMaster,3.515000,D,S,902119.000000
Thu Jul 17 19:32:59 2025,17-Jul-2025,225037,48 54.636200 N,063 14.232800 W,4.8,270.0,A,DoorSpread,DoorMaster,3.515000,D,S,902119.000000
Thu Jul 17 19:32:59 2025,17-Jul-2025,225038,48 54.636100 N,063 14.234800 W,4.8,269.3,A,DoorSpread,DoorMaster,3.515000,D,S,902119.000000
Thu Jul 17 19:32:59 2025,17-Jul-2025,225039,48 54.636100 N,063 14.236900 W,4.8,268.8,A,DoorSpread,DoorMaster,3.515000,D,S,902119.000000
Thu Jul 17 19:32:59 2025,17-Jul-2025,225040,48 54.636100 N,063 14.239100 W,4.9,268.6,A,DoorSpread,DoorMaster,3.515000,D,S,902119.000000
Thu Jul 17 19:32:59 2025,17-Jul-2025,225041,48 54.636200 N,063 14.241300 W,4.9,268.7,A,DoorSpread,DoorMaster,3.515000,D,S,902119.000000
Thu Jul 17 19:32:59 2025,17-Jul-2025,225042,48 54.636300 N,063 14.243500 W,4.9,268.6,A,DoorSpread,DoorMaster,3.515000,D,S,902119.000000
Thu Jul 17 19:32:59 2025,17-Jul-2025,225043,48 54.636200 N,063 14.245500 W,4.9,268.5,A,DoorSpread,DoorMaster,3.515000,D,S,902119.000000
Thu Jul 17 19:32:59 2025,17-Jul-2025,225044,48 54.636100 N,063 14.247600 W,4.9,268.1,A,DoorSpread,DoorMaster,3.515000,D,S,902119.000000
Thu Jul 17 19:32:59 2025,17-Jul-2025,225045,48 54.636000 N,063 14.249600 W,4.8,268.0,A,DoorSpread,DoorMaster,3.515000,D,S,902119.000000
Thu Jul 17 19:32:59 2025,17-Jul-2025,225046,48 54.636000 N,063 14.251500 W,4.8,268.3,A,DoorSpread,DoorMaster,3.515000,D,S,902119.000000
Thu Jul 17 19:32:59 2025,17-Jul-2025,225047,48 54.636100 N,063 14.253500 W,4.8,268.8,A,DoorSpread,DoorMaster,3.515000,D,S,902119.000000
Thu Jul 17 19:32:59 2025,17-Jul-2025,225048,48 54.636000 N,063 14.255400 W,4.8,269.2,A,DoorSpread,DoorMaster,3.515000,D,S,902119.000000
Thu Jul 17 19:32:59 2025,17-Jul-2025,225049,48 54.636000 N,063 14.257300 W,4.8,269.5,A,DoorSpread,DoorMaster,3.515000,D,S,902119.000000
Thu Jul 17 19:32:59 2025,17-Jul-2025,225050,48 54.636100 N,063 14.259200 W,4.8,269.9,A,DoorSpread,DoorMaster,3.515000,D,S,902119.000000
Thu Jul 17 19:32:59 2025,17-Jul-2025,225051,48 54.636200 N,063 14.261200 W,4.8,270.5,A,DoorSpread,DoorMaster,3.515000,D,S,902119.000000
Thu Jul 17 19:32:59 2025,17-Jul-2025,225052,48 54.636200 N,063 14.263300 W,4.8,271.0,A,DoorSpread,DoorMaster,3.515000,D,S,902119.000000
Thu Jul 17 19:32:59 2025,17-Jul-2025,225053,48 54.636200 N,063 14.265300 W,4.8,271.3,A,DoorSpread,DoorMaster,3.515000,D,S,902119.000000
Thu Jul 17 19:32:59 2025,17-Jul-2025,225054,48 54.636200 N,063 14.267300 W,4.8,271.4,A,DoorSpread,DoorMaster,3.515000,D,S,902119.000000
Thu Jul 17 19:32:59 2025,17-Jul-2025,225055,48 54.636200 N,063 14.269500 W,4.8,271.3,A,DoorSpread,DoorMaster,3.515000,D,S,902119.000000
Thu Jul 17 19:32:59 2025,17-Jul-2025,225056,48 54.636300 N,063 14.271500 W,4.8,270.9,A,DoorSpread,DoorMaster,3.515000,D,S,902119.000000
Thu Jul 17 19:32:59 2025,17-Jul-2025,225057,48 54.636300 N,063 14.273500 W,4.8,270.5,A,DoorSpread,DoorMaster,3.515000,D,S,902119.000000
Thu Jul 17 19:32:59 2025,17-Jul-2025,225058,48 54.636400 N,063 14.275500 W,4.9,270.2,A,DoorSpread,DoorMaster,3.515000,D,S,902119.000000
Thu Jul 17 19:32:59 2025,17-Jul-2025,225059,48 54.636500 N,063 14.277500 W,4.8,270.2,A,DoorSpread,DoorMaster,3.515000,D,S,902119.000000
Thu Jul 17 19:32:59 2025,17-Jul-2025,225100,48 54.636500 N,063 14.279400 W,4.8,270.2,A,DoorSpread,DoorMaster,3.515000,D,S,902119.000000
Thu Jul 17 19:32:59 2025,17-Jul-2025,225101,48 54.636500 N,063 14.281400 W,4.9,270.3,A,DoorSpread,DoorMaster,3.515000,D,S,902119.000000
Thu Jul 17 19:32:59 2025,17-Jul-2025,225102,48 54.636600 N,063 14.283400 W,4.8,270.5,A,DoorSpread,DoorMaster,3.515000,D,S,902119.000000
Thu Jul 17 19:32:59 2025,17-Jul-2025,225103,48 54.636700 N,063 14.285400 W,4.8,270.8,A,DoorSpread,DoorMaster,3.515000,D,S,902119.000000
Thu Jul 17 19:32:59 2025,17-Jul-2025,225104,48 54.636900 N,063 14.287500 W,4.8,271.2,A,DoorSpread,DoorMaster,3.515000,D,S,902119.000000
Thu Jul 17 19:32:59 2025,17-Jul-2025,225105,48 54.637100 N,063 14.289600 W,4.9,271.5,A,DoorSpread,DoorMaster,3.515000,D,S,902119.000000
Thu Jul 17 19:32:59 2025,17-Jul-2025,225106,48 54.637200 N,063 14.291600 W,4.8,271.5,A,DoorSpread,DoorMaster,3.515000,D,S,902119.000000
Thu Jul 17 19:32:59 2025,17-Jul-2025,225107,48 54.637200 N,063 14.293400 W,4.8,271.5,A,DoorSpread,DoorMaster,3.515000,D,S,902119.000000
Thu Jul 17 19:32:59 2025,17-Jul-2025,225108,48 54.637200 N,063 14.295200 W,4.7,271.6,A,DoorSpread,DoorMaster,3.515000,D,S,902119.000000
Thu Jul 17 19:32:59 2025,17-Jul-2025,225109,48 54.637300 N,063 14.297100 W,4.7,271.7,A,DoorSpread,DoorMaster,3.515000,D,S,902119.000000
Thu Jul 17 19:32:59 2025,17-Jul-2025,225110,48 54.637200 N,063 14.298900 W,4.7,271.6,A,DoorSpread,DoorMaster,3.515000,D,S,902119.000000
Thu Jul 17 19:32:59 2025,17-Jul-2025,225111,48 54.637100 N,063 14.300700 W,4.7,271.2,A,DoorSpread,DoorMaster,3.515000,D,S,902119.000000
Thu Jul 17 19:32:59 2025,17-Jul-2025,225112,48 54.637200 N,063 14.302600 W,4.7,270.9,A,DoorSpread,DoorMaster,3.515000,D,S,902119.000000
Thu Jul 17 19:32:59 2025,17-Jul-2025,225113,48 54.637400 N,063 14.304500 W,4.7,271.1,A,DoorSpread,DoorMaster,3.515000,D,S,902119.000000
Thu Jul 17 19:32:59 2025,17-Jul-2025,225114,48 54.637700 N,063 14.306400 W,4.7,271.3,A,DoorSpread,DoorMaster,3.515000,D,S,902119.000000
Thu Jul 17 19:32:59 2025,17-Jul-2025,225115,48 54.637800 N,063 14.308200 W,4.7,271.2,A,DoorSpread,DoorMaster,3.515000,D,S,902119.000000
Thu Jul 17 19:32:59 2025,17-Jul-2025,225116,48 54.637800 N,063 14.310100 W,4.7,270.9,A,DoorSpread,DoorMaster,3.515000,D,S,902119.000000
Thu Jul 17 19:32:59 2025,17-Jul-2025,225117,48 54.637900 N,063 14.312100 W,4.7,270.8,A,DoorSpread,DoorMaster,3.515000,D,S,902119.000000
Thu Jul 17 19:32:59 2025,17-Jul-2025,225118,48 54.638000 N,063 14.314100 W,4.7,270.6,A,DoorSpread,DoorMaster,3.515000,D,S,902119.000000
Thu Jul 17 19:32:59 2025,17-Jul-2025,225119,48 54.638100 N,063 14.316100 W,4.7,270.4,A,DoorSpread,DoorMaster,3.515000,D,S,902119.000000
Thu Jul 17 19:32:59 2025,17-Jul-2025,225120,48 54.638200 N,063 14.318000 W,4.7,270.2,A,DoorSpread,DoorMaster,3.515000,D,S,902119.000000
Thu Jul 17 19:32:59 2025,17-Jul-2025,225121,48 54.638400 N,063 14.320000 W,4.7,270.2,A,DoorSpread,DoorMaster,3.515000,D,S,902119.000000
Thu Jul 17 19:32:59 2025,17-Jul-2025,225122,48 54.638400 N,063 14.321900 W,4.7,270.4,A,DoorSpread,DoorMaster,3.515000,D,S,902119.000000
Thu Jul 17 19:32:59 2025,17-Jul-2025,225123,48 54.638400 N,063 14.323800 W,4.7,270.4,A,DoorSpread,DoorMaster,3.515000,D,S,902119.000000
Thu Jul 17 19:32:59 2025,17-Jul-2025,225124,48 54.638400 N,063 14.325800 W,4.7,270.3,A,DoorSpread,DoorMaster,3.515000,D,S,902119.000000
Thu Jul 17 19:32:59 2025,17-Jul-2025,225125,48 54.638300 N,063 14.327600 W,4.6,269.9,A,DoorSpread,DoorMaster,3.515000,D,S,902119.000000
Thu Jul 17 19:32:59 2025,17-Jul-2025,225126,48 54.638300 N,063 14.329200 W,4.5,269.6,A,DoorSpread,DoorMaster,3.515000,D,S,902119.000000
Thu Jul 17 19:32:59 2025,17-Jul-2025,225127,48 54.638400 N,063 14.331000 W,4.5,269.5,A,DoorSpread,DoorMaster,3.515000,D,S,902119.000000
Thu Jul 17 19:32:59 2025,17-Jul-2025,225128,48 54.638600 N,063 14.333100 W,4.6,269.7,A,DoorSpread,DoorMaster,3.515000,D,S,902119.000000
Thu Jul 17 19:32:59 2025,17-Jul-2025,225129,48 54.638900 N,063 14.335200 W,4.7,270.1,A,DoorSpread,DoorMaster,3.515000,D,S,902119.000000
Thu Jul 17 19:32:59 2025,17-Jul-2025,225130,48 54.639200 N,063 14.337400 W,4.7,270.5,A,DoorSpread,DoorMaster,3.515000,D,S,902119.000000
Thu Jul 17 19:32:59 2025,17-Jul-2025,225131,48 54.639500 N,063 14.339300 W,4.7,270.7,A,DoorSpread,DoorMaster,3.515000,D,S,902119.000000
Thu Jul 17 19:32:59 2025,17-Jul-2025,225132,48 54.639500 N,063 14.341200 W,4.6,270.6,A,DoorSpread,DoorMaster,3.515000,D,S,902119.000000
Thu Jul 17 19:32:59 2025,17-Jul-2025,225133,48 54.639700 N,063 14.343200 W,4.6,270.7,A,DoorSpread,DoorMaster,3.515000,D,S,902119.000000
Thu Jul 17 19:32:59 2025,17-Jul-2025,225134,48 54.639800 N,063 14.345400 W,4.6,271.2,A,DoorSpread,DoorMaster,3.515000,D,S,902119.000000
Thu Jul 17 19:32:59 2025,17-Jul-2025,225135,48 54.640000 N,063 14.347500 W,4.7,271.9,A,DoorSpread,DoorMaster,3.515000,D,S,902119.000000
Thu Jul 17 19:32:59 2025,17-Jul-2025,225136,48 54.640200 N,063 14.349600 W,4.7,272.1,A,DoorSpread,DoorMaster,3.515000,D,S,902119.000000
Thu Jul 17 19:32:59 2025,17-Jul-2025,225137,48 54.640200 N,063 14.351500 W,4.6,272.0,A,DoorSpread,DoorMaster,3.515000,D,S,902119.000000
Thu Jul 17 19:32:59 2025,17-Jul-2025,225138,48 54.640100 N,063 14.353300 W,4.5,271.3,A,DoorSpread,DoorMaster,3.515000,D,S,902119.000000
Thu Jul 17 19:32:59 2025,17-Jul-2025,225139,48 54.640000 N,063 14.355300 W,4.6,270.9,A,DoorSpread,DoorMaster,3.515000,D,S,902119.000000
Thu Jul 17 19:32:59 2025,17-Jul-2025,225140,48 54.640100 N,063 14.357300 W,4.6,271.0,A,DoorSpread,DoorMaster,3.515000,D,S,902119.000000
Thu Jul 17 19:32:59 2025,17-Jul-2025,225141,48 54.640100 N,063 14.359400 W,4.7,271.0,A,DoorSpread,DoorMaster,3.515000,D,S,902119.000000
Thu Jul 17 19:32:59 2025,17-Jul-2025,225142,48 54.640000 N,063 14.361600 W,4.7,270.7,A,DoorSpread,DoorMaster,3.515000,D,S,902119.000000
Thu Jul 17 19:32:59 2025,17-Jul-2025,225143,48 54.639900 N,063 14.363700 W,4.7,270.2,A,DoorSpread,DoorMaster,3.515000,D,S,902119.000000
Thu Jul 17 19:32:59 2025,17-Jul-2025,225144,48 54.639800 N,063 14.365600 W,4.7,270.0,A,DoorSpread,DoorMaster,3.515000,D,S,902119.000000
Thu Jul 17 19:32:59 2025,17-Jul-2025,225145,48 54.639900 N,063 14.367400 W,4.7,270.3,A,DoorSpread,DoorMaster,3.515000,D,S,902119.000000
Thu Jul 17 19:32:59 2025,17-Jul-2025,225146,48 54.640100 N,063 14.369300 W,4.7,270.6,A,DoorSpread,DoorMaster,3.515000,D,S,902119.000000
Thu Jul 17 19:32:59 2025,17-Jul-2025,225147,48 54.640100 N,063 14.371300 W,4.7,270.6,A,DoorSpread,DoorMaster,3.515000,D,S,902119.000000
Thu Jul 17 19:32:59 2025,17-Jul-2025,225148,48 54.640000 N,063 14.373300 W,4.7,270.1,A,DoorSpread,DoorMaster,3.515000,D,S,902119.000000
Thu Jul 17 19:32:59 2025,17-Jul-2025,225149,48 54.639900 N,063 14.375200 W,4.7,269.6,A,DoorSpread,DoorMaster,3.515000,D,S,902119.000000
Thu Jul 17 19:32:59 2025,17-Jul-2025,225150,48 54.640000 N,063 14.377300 W,4.7,269.6,A,DoorSpread,DoorMaster,3.515000,D,S,902119.000000
Thu Jul 17 19:32:59 2025,17-Jul-2025,225151,48 54.640100 N,063 14.379300 W,4.7,270.0,A,DoorSpread,DoorMaster,3.515000,D,S,902119.000000
Thu Jul 17 19:32:59 2025,17-Jul-2025,225152,48 54.640200 N,063 14.381300 W,4.7,270.2,A,DoorSpread,DoorMaster,3.515000,D,S,902119.000000
Thu Jul 17 19:32:59 2025,17-Jul-2025,225153,48 54.640200 N,063 14.383300 W,4.7,269.9,A,DoorSpread,DoorMaster,3.515000,D,S,902119.000000
Thu Jul 17 19:32:59 2025,17-Jul-2025,225154,48 54.640200 N,063 14.385300 W,4.7,269.5,A,DoorSpread,DoorMaster,3.515000,D,S,902119.000000
Thu Jul 17 19:32:59 2025,17-Jul-2025,225155,48 54.640400 N,063 14.387300 W,4.7,269.9,A,DoorSpread,DoorMaster,3.515000,D,S,902119.000000
Thu Jul 17 19:32:59 2025,17-Jul-2025,225156,48 54.640600 N,063 14.389400 W,4.8,270.1,A,DoorSpread,DoorMaster,3.515000,D,S,902119.000000
Thu Jul 17 19:32:59 2025,17-Jul-2025,225157,48 54.640600 N,063 14.391400 W,4.8,269.9,A,DoorSpread,DoorMaster,3.515000,D,S,902119.000000
Thu Jul 17 19:32:59 2025,17-Jul-2025,225158,48 54.640600 N,063 14.393400 W,4.7,269.7,A,DoorSpread,DoorMaster,3.515000,D,S,902119.000000
Thu Jul 17 19:32:59 2025,17-Jul-2025,225159,48 54.640700 N,063 14.395500 W,4.8,269.9,A,DoorSpread,DoorMaster,3.515000,D,S,902119.000000
Thu Jul 17 19:32:59 2025,17-Jul-2025,225200,48 54.640900 N,063 14.397600 W,4.9,270.3,A,DoorSpread,DoorMaster,3.515000,D,S,902119.000000
Thu Jul 17 19:32:59 2025,17-Jul-2025,225201,48 54.641000 N,063 14.399600 W,4.8,270.6,A,DoorSpread,DoorMaster,3.515000,D,S,902119.000000
Thu Jul 17 19:32:59 2025,17-Jul-2025,225202,48 54.641000 N,063 14.401600 W,4.8,270.9,A,DoorSpread,DoorMaster,3.515000,D,S,902119.000000
Thu Jul 17 19:32:59 2025,17-Jul-2025,225203,48 54.641100 N,063 14.403700 W,4.8,271.1,A,DoorSpread,DoorMaster,3.515000,D,S,902119.000000
Thu Jul 17 19:32:59 2025,17-Jul-2025,225204,48 54.641200 N,063 14.405800 W,4.8,271.5,A,DoorSpread,DoorMaster,3.515000,D,S,902119.000000
Thu Jul 17 19:32:59 2025,17-Jul-2025,225205,48 54.641300 N,063 14.407800 W,4.8,271.5,A,DoorSpread,DoorMaster,3.515000,D,S,902119.000000
Thu Jul 17 19:32:59 2025,17-Jul-2025,225206,48 54.641400 N,063 14.409700 W,4.8,271.5,A,DoorSpread,DoorMaster,3.515000,D,S,902119.000000
Thu Jul 17 19:32:59 2025,17-Jul-2025,225207,48 54.641400 N,063 14.411600 W,4.8,271.7,A,DoorSpread,DoorMaster,3.515000,D,S,902119.000000
Thu Jul 17 19:32:59 2025,17-Jul-2025,225208,48 54.641500 N,063 14.413400 W,4.8,272.1,A,DoorSpread,DoorMaster,3.515000,D,S,902119.000000
Thu Jul 17 19:32:59 2025,17-Jul-2025,225209,48 54.641600 N,063 14.415200 W,4.7,272.6,A,DoorSpread,DoorMaster,3.515000,D,S,902119.000000
Thu Jul 17 19:32:59 2025,17-Jul-2025,225210,48 54.641600 N,063 14.417200 W,4.7,272.2,A,DoorSpread,DoorMaster,3.515000,D,S,902119.000000
Thu Jul 17 19:32:59 2025,17-Jul-2025,225211,48 54.641500 N,063 14.419100 W,4.7,271.3,A,DoorSpread,DoorMaster,3.515000,D,S,902119.000000
Thu Jul 17 19:32:59 2025,17-Jul-2025,225212,48 54.641600 N,063 14.421000 W,4.7,271.5,A,DoorSpread,DoorMaster,3.515000,D,S,902119.000000
Thu Jul 17 19:32:59 2025,17-Jul-2025,225213,48 54.641700 N,063 14.423000 W,4.8,271.9,A,DoorSpread,DoorMaster,3.515000,D,S,902119.000000
Thu Jul 17 19:32:59 2025,17-Jul-2025,225214,48 54.641800 N,063 14.425100 W,4.8,272.2,A,DoorSpread,DoorMaster,3.515000,D,S,902119.000000
Thu Jul 17 19:32:59 2025,17-Jul-2025,225215,48 54.641800 N,063 14.427000 W,4.8,271.6,A,DoorSpread,DoorMaster,3.515000,D,S,902119.000000
Thu Jul 17 19:32:59 2025,17-Jul-2025,225216,48 54.641700 N,063 14.429000 W,4.7,271.1,A,DoorSpread,DoorMaster,3.515000,D,S,902119.000000
Thu Jul 17 19:32:59 2025,17-Jul-2025,225217,48 54.641800 N,063 14.431000 W,4.8,271.0,A,DoorSpread,DoorMaster,3.515000,D,S,902119.000000
Thu Jul 17 19:32:59 2025,17-Jul-2025,225218,48 54.642000 N,063 14.433100 W,4.8,271.3,A,DoorSpread,DoorMaster,3.515000,D,S,902119.000000
Thu Jul 17 19:32:59 2025,17-Jul-2025,225219,48 54.642100 N,063 14.435100 W,4.8,271.2,A,DoorSpread,DoorMaster,3.515000,D,S,902119.000000
Thu Jul 17 19:32:59 2025,17-Jul-2025,225220,48 54.642200 N,063 14.437000 W,4.8,271.0,A,DoorSpread,DoorMaster,3.515000,D,S,902119.000000
Thu Jul 17 19:32:59 2025,17-Jul-2025,225221,48 54.642200 N,063 14.439000 W,4.8,270.8,A,DoorSpread,DoorMaster,3.515000,D,S,902119.000000
Thu Jul 17 19:32:59 2025,17-Jul-2025,225222,48 54.642200 N,063 14.441000 W,4.8,271.1,A,DoorSpread,DoorMaster,3.515000,D,S,902119.000000
Thu Jul 17 19:32:59 2025,17-Jul-2025,225223,48 54.642400 N,063 14.443100 W,4.8,271.2,A,DoorSpread,DoorMaster,3.515000,D,S,902119.000000
Thu Jul 17 19:32:59 2025,17-Jul-2025,225224,48 54.642500 N,063 14.445300 W,4.8,271.3,A,DoorSpread,DoorMaster,3.515000,D,S,902119.000000
Thu Jul 17 19:32:59 2025,17-Jul-2025,225225,48 54.642600 N,063 14.447300 W,4.7,271.4,A,DoorSpread,DoorMaster,3.515000,D,S,902119.000000
Thu Jul 17 19:32:59 2025,17-Jul-2025,225226,48 54.642700 N,063 14.449400 W,4.7,271.1,A,DoorSpread,DoorMaster,3.515000,D,S,902119.000000
Thu Jul 17 19:32:59 2025,17-Jul-2025,225227,48 54.642700 N,063 14.451600 W,4.8,271.0,A,DoorSpread,DoorMaster,3.515000,D,S,902119.000000
Thu Jul 17 19:32:59 2025,17-Jul-2025,225228,48 54.642800 N,063 14.453800 W,4.8,270.9,A,DoorSpread,DoorMaster,3.515000,D,S,902119.000000
Thu Jul 17 19:32:59 2025,17-Jul-2025,225229,48 54.642800 N,063 14.455700 W,4.7,270.8,A,DoorSpread,DoorMaster,3.515000,D,S,902119.000000
Thu Jul 17 19:32:59 2025,17-Jul-2025,225230,48 54.642900 N,063 14.457700 W,4.7,271.0,A,DoorSpread,DoorMaster,3.515000,D,S,902119.000000
Thu Jul 17 19:32:59 2025,17-Jul-2025,225231,48 54.643000 N,063 14.459700 W,4.7,270.8,A,DoorSpread,DoorMaster,3.515000,D,S,902119.000000
Thu Jul 17 19:32:59 2025,17-Jul-2025,225232,48 54.643000 N,063 14.461600 W,4.7,270.3,A,DoorSpread,DoorMaster,3.515000,D,S,902119.000000
Thu Jul 17 19:32:59 2025,17-Jul-2025,225233,48 54.642900 N,063 14.463500 W,4.7,270.3,A,DoorSpread,DoorMaster,3.515000,D,S,902119.000000
Thu Jul 17 19:32:59 2025,17-Jul-2025,225234,48 54.643100 N,063 14.465600 W,4.7,270.9,A,DoorSpread,DoorMaster,3.515000,D,S,902119.000000
Thu Jul 17 19:32:59 2025,17-Jul-2025,225235,48 54.643200 N,063 14.467500 W,4.7,271.3,A,DoorSpread,DoorMaster,3.515000,D,S,902119.000000
Thu Jul 17 19:32:59 2025,17-Jul-2025,225236,48 54.643200 N,063 14.469300 W,4.7,271.1,A,DoorSpread,DoorMaster,3.515000,D,S,902119.000000
Thu Jul 17 19:32:59 2025,17-Jul-2025,225237,48 54.643300 N,063 14.471100 W,4.7,270.8,A,DoorSpread,DoorMaster,3.515000,D,S,902119.000000
Thu Jul 17 19:32:59 2025,17-Jul-2025,225238,48 54.643300 N,063 14.473100 W,4.7,271.1,A,DoorSpread,DoorMaster,3.515000,D,S,902119.000000
Thu Jul 17 19:32:59 2025,17-Jul-2025,225239,48 54.643500 N,063 14.475000 W,4.7,271.6,A,DoorSpread,DoorMaster,3.515000,D,S,902119.000000
Thu Jul 17 19:32:59 2025,17-Jul-2025,225240,48 54.643600 N,063 14.476900 W,4.7,272.0,A,DoorSpread,DoorMaster,3.515000,D,S,902119.000000
Thu Jul 17 19:32:59 2025,17-Jul-2025,225241,48 54.643600 N,063 14.478700 W,4.7,271.6,A,DoorSpread,DoorMaster,3.515000,D,S,902119.000000
Thu Jul 17 19:32:59 2025,17-Jul-2025,225242,48 54.643600 N,063 14.480600 W,4.7,271.5,A,DoorSpread,DoorMaster,3.515000,D,S,902119.000000
Thu Jul 17 19:32:59 2025,17-Jul-2025,225243,48 54.643700 N,063 14.482400 W,4.6,271.9,A,DoorSpread,DoorMaster,3.515000,D,S,902119.000000
Thu Jul 17 19:32:59 2025,17-Jul-2025,225244,48 54.643800 N,063 14.484500 W,4.7,271.9,A,DoorSpread,DoorMaster,3.515000,D,S,902119.000000
Thu Jul 17 19:32:59 2025,17-Jul-2025,225245,48 54.643700 N,063 14.486400 W,4.7,271.4,A,DoorSpread,DoorMaster,3.515000,D,S,902119.000000
Thu Jul 17 19:32:59 2025,17-Jul-2025,225246,48 54.643700 N,063 14.488500 W,4.7,271.2,A,DoorSpread,DoorMaster,3.515000,D,S,902119.000000
Thu Jul 17 19:32:59 2025,17-Jul-2025,225247,48 54.643800 N,063 14.490800 W,4.8,271.1,A,DoorSpread,DoorMaster,3.515000,D,S,902119.000000
Thu Jul 17 19:32:59 2025,17-Jul-2025,225248,48 54.643800 N,063 14.492800 W,4.7,271.7,A,DoorSpread,DoorMaster,3.515000,D,S,902119.000000
Thu Jul 17 19:32:59 2025,17-Jul-2025,225249,48 54.644000 N,063 14.494800 W,4.8,272.1,A,DoorSpread,DoorMaster,3.515000,D,S,902119.000000
Thu Jul 17 19:32:59 2025,17-Jul-2025,225250,48 54.643900 N,063 14.496900 W,4.7,271.5,A,DoorSpread,DoorMaster,3.515000,D,S,902119.000000
Thu Jul 17 19:32:59 2025,17-Jul-2025,225251,48 54.643900 N,063 14.498900 W,4.7,270.9,A,DoorSpread,DoorMaster,3.515000,D,S,902119.000000
Thu Jul 17 19:32:59 2025,17-Jul-2025,225252,48 54.644000 N,063 14.500900 W,4.7,271.2,A,DoorSpread,DoorMaster,3.515000,D,S,902119.000000
Thu Jul 17 19:32:59 2025,17-Jul-2025,225253,48 54.644100 N,063 14.502800 W,4.7,272.0,A,DoorSpread,DoorMaster,3.515000,D,S,902119.000000
Thu Jul 17 19:32:59 2025,17-Jul-2025,225254,48 54.644300 N,063 14.504800 W,4.7,272.0,A,DoorSpread,DoorMaster,3.515000,D,S,902119.000000
Thu Jul 17 19:32:59 2025,17-Jul-2025,225255,48 54.644200 N,063 14.506700 W,4.6,271.5,A,DoorSpread,DoorMaster,3.515000,D,S,902119.000000
Thu Jul 17 19:32:59 2025,17-Jul-2025,225256,48 54.644100 N,063 14.508700 W,4.6,271.0,A,DoorSpread,DoorMaster,3.515000,D,S,902119.000000
Thu Jul 17 19:32:59 2025,17-Jul-2025,225257,48 54.644100 N,063 14.510600 W,4.6,270.8,A,DoorSpread,DoorMaster,3.515000,D,S,902119.000000
Thu Jul 17 19:32:59 2025,17-Jul-2025,225258,48 54.644200 N,063 14.512600 W,4.6,270.8,A,DoorSpread,DoorMaster,3.515000,D,S,902119.000000
Thu Jul 17 19:32:59 2025,17-Jul-2025,225259,48 54.644200 N,063 14.514700 W,4.7,270.6,A,DoorSpread,DoorMaster,3.515000,D,S,902119.000000
Thu Jul 17 19:32:59 2025,17-Jul-2025,225300,48 54.644200 N,063 14.516700 W,4.6,270.2,A,DoorSpread,DoorMaster,3.515000,D,S,902119.000000
Thu Jul 17 19:32:59 2025,17-Jul-2025,225301,48 54.644200 N,063 14.518600 W,4.6,270.2,A,DoorSpread,DoorMaster,3.515000,D,S,902119.000000
Thu Jul 17 19:32:59 2025,17-Jul-2025,225302,48 54.644300 N,063 14.520600 W,4.6,270.3,A,DoorSpread,DoorMaster,3.515000,D,S,902119.000000
Thu Jul 17 19:32:59 2025,17-Jul-2025,225303,48 54.644400 N,063 14.522500 W,4.6,270.4,A,DoorSpread,DoorMaster,3.515000,D,S,902119.000000
Thu Jul 17 19:32:59 2025,17-Jul-2025,225304,48 54.644500 N,063 14.524400 W,4.6,270.4,A,DoorSpread,DoorMaster,3.515000,D,S,902119.000000
Thu Jul 17 19:32:59 2025,17-Jul-2025,225305,48 54.644600 N,063 14.526100 W,4.6,270.6,A,DoorSpread,DoorMaster,3.515000,D,S,902119.000000
Thu Jul 17 19:32:59 2025,17-Jul-2025,225306,48 54.644600 N,063 14.527900 W,4.6,270.7,A,DoorSpread,DoorMaster,3.515000,D,S,902119.000000
Thu Jul 17 19:32:59 2025,17-Jul-2025,225307,48 54.644700 N,063 14.529800 W,4.6,270.9,A,DoorSpread,DoorMaster,3.515000,D,S,902119.000000
Thu Jul 17 19:32:59 2025,17-Jul-2025,225308,48 54.644800 N,063 14.531800 W,4.6,271.1,A,DoorSpread,DoorMaster,3.515000,D,S,902119.000000
Thu Jul 17 19:32:59 2025,17-Jul-2025,225309,48 54.644800 N,063 14.533700 W,4.6,271.1,A,DoorSpread,DoorMaster,3.515000,D,S,902119.000000
Thu Jul 17 19:32:59 2025,17-Jul-2025,225310,48 54.644700 N,063 14.535800 W,4.6,271.2,A,DoorSpread,DoorMaster,3.515000,D,S,902119.000000
Thu Jul 17 19:32:59 2025,17-Jul-2025,225311,48 54.644800 N,063 14.538000 W,4.7,271.5,A,DoorSpread,DoorMaster,3.515000,D,S,902119.000000
Thu Jul 17 19:32:59 2025,17-Jul-2025,225312,48 54.644900 N,063 14.540100 W,4.7,272.2,A,DoorSpread,DoorMaster,3.515000,D,S,902119.000000
Thu Jul 17 19:32:59 2025,17-Jul-2025,225313,48 54.645100 N,063 14.542100 W,4.7,272.4,A,DoorSpread,DoorMaster,3.515000,D,S,902119.000000
Thu Jul 17 19:32:59 2025,17-Jul-2025,225314,48 54.645300 N,063 14.544100 W,4.7,272.2,A,DoorSpread,DoorMaster,3.515000,D,S,902119.000000
Thu Jul 17 19:32:59 2025,17-Jul-2025,225315,48 54.645500 N,063 14.546100 W,4.6,272.7,A,DoorSpread,DoorMaster,3.515000,D,S,902119.000000
Thu Jul 17 19:32:59 2025,17-Jul-2025,225316,48 54.645900 N,063 14.548100 W,4.7,273.6,A,DoorSpread,DoorMaster,3.515000,D,S,902119.000000
Thu Jul 17 19:32:59 2025,17-Jul-2025,225317,48 54.646200 N,063 14.550300 W,4.8,274.0,A,DoorSpread,DoorMaster,3.515000,D,S,902119.000000
Thu Jul 17 19:32:59 2025,17-Jul-2025,225318,48 54.646300 N,063 14.552300 W,4.7,273.4,A,DoorSpread,DoorMaster,3.515000,D,S,902119.000000
Thu Jul 17 19:32:59 2025,17-Jul-2025,225319,48 54.646300 N,063 14.554100 W,4.6,272.6,A,DoorSpread,DoorMaster,3.515000,D,S,902119.000000
Thu Jul 17 19:32:59 2025,17-Jul-2025,225320,48 54.646300 N,063 14.556000 W,4.6,272.3,A,DoorSpread,DoorMaster,3.515000,D,S,902119.000000
Thu Jul 17 19:32:59 2025,17-Jul-2025,225321,48 54.646500 N,063 14.558100 W,4.7,272.2,A,DoorSpread,DoorMaster,3.515000,D,S,902119.000000
Thu Jul 17 19:32:59 2025,17-Jul-2025,225322,48 54.646700 N,063 14.560300 W,4.8,272.2,A,DoorSpread,DoorMaster,3.515000,D,S,902119.000000
Thu Jul 17 19:32:59 2025,17-Jul-2025,225323,48 54.646800 N,063 14.562300 W,4.7,272.0,A,DoorSpread,DoorMaster,3.515000,D,S,902119.000000
Thu Jul 17 19:32:59 2025,17-Jul-2025,225324,48 54.646900 N,063 14.564000 W,4.6,271.7,A,DoorSpread,DoorMaster,3.515000,D,S,902119.000000
Thu Jul 17 19:32:59 2025,17-Jul-2025,225325,48 54.646900 N,063 14.565800 W,4.6,271.3,A,DoorSpread,DoorMaster,3.515000,D,S,902119.000000
Thu Jul 17 19:32:59 2025,17-Jul-2025,225326,48 54.647000 N,063 14.567800 W,4.6,271.0,A,DoorSpread,DoorMaster,3.515000,D,S,902119.000000
Thu Jul 17 19:32:59 2025,17-Jul-2025,225327,48 54.647000 N,063 14.569700 W,4.6,270.8,A,DoorSpread,DoorMaster,3.515000,D,S,902119.000000
Thu Jul 17 19:32:59 2025,17-Jul-2025,225328,48 54.647100 N,063 14.571600 W,4.6,270.7,A,DoorSpread,DoorMaster,3.515000,D,S,902119.000000
Thu Jul 17 19:32:59 2025,17-Jul-2025,225329,48 54.647300 N,063 14.573600 W,4.6,271.4,A,DoorSpread,DoorMaster,3.515000,D,S,902119.000000
Thu Jul 17 19:32:59 2025,17-Jul-2025,225330,48 54.647600 N,063 14.575500 W,4.6,272.1,A,DoorSpread,DoorMaster,3.515000,D,S,902119.000000
Thu Jul 17 19:32:59 2025,17-Jul-2025,225331,48 54.647800 N,063 14.577600 W,4.7,272.7,A,DoorSpread,DoorMaster,3.515000,D,S,902119.000000
Thu Jul 17 19:32:59 2025,17-Jul-2025,225332,48 54.647800 N,063 14.579500 W,4.7,272.2,A,DoorSpread,DoorMaster,3.515000,D,S,902119.000000
Thu Jul 17 19:32:59 2025,17-Jul-2025,225333,48 54.647800 N,063 14.581300 W,4.7,271.6,A,DoorSpread,DoorMaster,3.515000,D,S,902119.000000
Thu Jul 17 19:32:59 2025,17-Jul-2025,225334,48 54.647900 N,063 14.583200 W,4.7,271.5,A,DoorSpread,DoorMaster,3.515000,D,S,902119.000000
Thu Jul 17 19:32:59 2025,17-Jul-2025,225335,48 54.648100 N,063 14.585000 W,4.7,271.7,A,DoorSpread,DoorMaster,3.515000,D,S,902119.000000
Thu Jul 17 19:32:59 2025,17-Jul-2025,225336,48 54.648300 N,063 14.587000 W,4.7,271.8,A,DoorSpread,DoorMaster,3.515000,D,S,902119.000000
Thu Jul 17 19:32:59 2025,17-Jul-2025,225337,48 54.648400 N,063 14.589000 W,4.7,271.5,A,DoorSpread,DoorMaster,3.515000,D,S,902119.000000
Thu Jul 17 19:32:59 2025,17-Jul-2025,225338,48 54.648300 N,063 14.591000 W,4.7,271.1,A,DoorSpread,DoorMaster,3.515000,D,S,902119.000000
Thu Jul 17 19:32:59 2025,17-Jul-2025,225339,48 54.648300 N,063 14.593000 W,4.7,270.9,A,DoorSpread,DoorMaster,3.515000,D,S,902119.000000
Thu Jul 17 19:32:59 2025,17-Jul-2025,225340,48 54.648400 N,063 14.595000 W,4.7,271.1,A,DoorSpread,DoorMaster,3.515000,D,S,902119.000000
Thu Jul 17 19:32:59 2025,17-Jul-2025,225341,48 54.648600 N,063 14.596900 W,4.7,271.9,A,DoorSpread,DoorMaster,3.515000,D,S,902119.000000
Thu Jul 17 19:32:59 2025,17-Jul-2025,225342,48 54.648700 N,063 14.599000 W,4.7,272.3,A,DoorSpread,DoorMaster,3.515000,D,S,902119.000000
Thu Jul 17 19:32:59 2025,17-Jul-2025,225343,48 54.648800 N,063 14.600900 W,4.7,272.6,A,DoorSpread,DoorMaster,3.515000,D,S,902119.000000
Thu Jul 17 19:32:59 2025,17-Jul-2025,225344,48 54.649000 N,063 14.603000 W,4.7,272.7,A,DoorSpread,DoorMaster,3.515000,D,S,902119.000000
Thu Jul 17 19:32:59 2025,17-Jul-2025,225345,48 54.649100 N,063 14.604900 W,4.7,272.8,A,DoorSpread,DoorMaster,3.515000,D,S,902119.000000
Thu Jul 17 19:32:59 2025,17-Jul-2025,225346,48 54.649200 N,063 14.606900 W,4.7,273.2,A,DoorSpread,DoorMaster,3.515000,D,S,902119.000000
Thu Jul 17 19:32:59 2025,17-Jul-2025,225347,48 54.649400 N,063 14.608900 W,4.7,273.5,A,DoorSpread,DoorMaster,3.515000,D,S,902119.000000
Thu Jul 17 19:32:59 2025,17-Jul-2025,225348,48 54.649500 N,063 14.611000 W,4.7,273.5,A,DoorSpread,DoorMaster,3.515000,D,S,902119.000000
Thu Jul 17 19:32:59 2025,17-Jul-2025,225349,48 54.649500 N,063 14.612800 W,4.7,273.2,A,DoorSpread,DoorMaster,3.515000,D,S,902119.000000
Thu Jul 17 19:32:59 2025,17-Jul-2025,225350,48 54.649500 N,063 14.614700 W,4.6,273.3,A,DoorSpread,DoorMaster,3.515000,D,S,902119.000000
Thu Jul 17 19:32:59 2025,17-Jul-2025,225351,48 54.649600 N,063 14.616700 W,4.7,273.6,A,DoorSpread,DoorMaster,3.515000,D,S,902119.000000
Thu Jul 17 19:32:59 2025,17-Jul-2025,225352,48 54.649700 N,063 14.618700 W,4.7,273.6,A,DoorSpread,DoorMaster,3.515000,D,S,902119.000000
Thu Jul 17 19:32:59 2025,17-Jul-2025,225353,48 54.649700 N,063 14.620600 W,4.7,273.2,A,DoorSpread,DoorMaster,3.515000,D,S,902119.000000
Thu Jul 17 19:32:59 2025,17-Jul-2025,225354,48 54.649800 N,063 14.622500 W,4.7,273.0,A,DoorSpread,DoorMaster,3.515000,D,S,902119.000000
Thu Jul 17 19:32:59 2025,17-Jul-2025,225355,48 54.649900 N,063 14.624600 W,4.7,272.8,A,DoorSpread,DoorMaster,3.515000,D,S,902119.000000
Thu Jul 17 19:32:59 2025,17-Jul-2025,225356,48 54.650000 N,063 14.626600 W,4.7,272.9,A,DoorSpread,DoorMaster,3.515000,D,S,902119.000000
Thu Jul 17 19:32:59 2025,17-Jul-2025,225357,48 54.650200 N,063 14.628500 W,4.7,272.9,A,DoorSpread,DoorMaster,3.515000,D,S,902119.000000
Thu Jul 17 19:32:59 2025,17-Jul-2025,225358,48 54.650200 N,063 14.630300 W,4.6,272.7,A,DoorSpread,DoorMaster,3.515000,D,S,902119.000000
Thu Jul 17 19:32:59 2025,17-Jul-2025,225359,48 54.650300 N,063 14.632100 W,4.6,272.5,A,DoorSpread,DoorMaster,3.515000,D,S,902119.000000
Thu Jul 17 19:32:59 2025,17-Jul-2025,225400,48 54.650300 N,063 14.634000 W,4.6,272.5,A,DoorSpread,DoorMaster,3.515000,D,S,902119.000000
Thu Jul 17 19:32:59 2025,17-Jul-2025,225401,48 54.650300 N,063 14.635900 W,4.6,272.5,A,DoorSpread,DoorMaster,3.515000,D,S,902119.000000
Thu Jul 17 19:32:59 2025,17-Jul-2025,225402,48 54.650300 N,063 14.637900 W,4.6,272.3,A,DoorSpread,DoorMaster,3.515000,D,S,902119.000000
Thu Jul 17 19:32:59 2025,17-Jul-2025,225403,48 54.650400 N,063 14.639800 W,4.6,272.3,A,DoorSpread,DoorMaster,3.515000,D,S,902119.000000
Thu Jul 17 19:32:59 2025,17-Jul-2025,225404,48 54.650500 N,063 14.641600 W,4.6,272.4,A,DoorSpread,DoorMaster,3.515000,D,S,902119.000000
Thu Jul 17 19:32:59 2025,17-Jul-2025,225405,48 54.650500 N,063 14.643500 W,4.6,272.2,A,DoorSpread,DoorMaster,3.515000,D,S,902119.000000
Thu Jul 17 19:32:59 2025,17-Jul-2025,225406,48 54.650600 N,063 14.645400 W,4.6,272.0,A,DoorSpread,DoorMaster,3.515000,D,S,902119.000000
Thu Jul 17 19:32:59 2025,17-Jul-2025,225407,48 54.650700 N,063 14.647200 W,4.6,271.8,A,DoorSpread,DoorMaster,3.515000,D,S,902119.000000
Thu Jul 17 19:32:59 2025,17-Jul-2025,225408,48 54.650800 N,063 14.649200 W,4.6,272.1,A,DoorSpread,DoorMaster,3.515000,D,S,902119.000000
Thu Jul 17 19:32:59 2025,17-Jul-2025,225409,48 54.651000 N,063 14.651100 W,4.6,272.4,A,DoorSpread,DoorMaster,3.515000,D,S,902119.000000
Thu Jul 17 19:32:59 2025,17-Jul-2025,225410,48 54.651000 N,063 14.653000 W,4.6,272.6,A,DoorSpread,DoorMaster,3.515000,D,S,902119.000000
Thu Jul 17 19:32:59 2025,17-Jul-2025,225411,48 54.651100 N,063 14.654900 W,4.6,272.6,A,DoorSpread,DoorMaster,3.515000,D,S,902119.000000
Thu Jul 17 19:32:59 2025,17-Jul-2025,225412,48 54.651100 N,063 14.656800 W,4.6,272.2,A,DoorSpread,DoorMaster,3.515000,D,S,902119.000000
Thu Jul 17 19:32:59 2025,17-Jul-2025,225413,48 54.651100 N,063 14.658600 W,4.6,272.0,A,DoorSpread,DoorMaster,3.515000,D,S,902119.000000
Thu Jul 17 19:32:59 2025,17-Jul-2025,225414,48 54.651200 N,063 14.660400 W,4.6,271.8,A,DoorSpread,DoorMaster,3.515000,D,S,902119.000000
Thu Jul 17 19:32:59 2025,17-Jul-2025,225415,48 54.651200 N,063 14.662400 W,4.6,271.8,A,DoorSpread,DoorMaster,3.515000,D,S,902119.000000
Thu Jul 17 19:32:59 2025,17-Jul-2025,225416,48 54.651200 N,063 14.664400 W,4.6,271.6,A,DoorSpread,DoorMaster,3.515000,D,S,902119.000000
Thu Jul 17 19:32:59 2025,17-Jul-2025,225417,48 54.651100 N,063 14.666400 W,4.6,271.3,A,DoorSpread,DoorMaster,3.515000,D,S,902119.000000
Thu Jul 17 19:32:59 2025,17-Jul-2025,225418,48 54.651000 N,063 14.668400 W,4.6,271.1,A,DoorSpread,DoorMaster,3.515000,D,S,902119.000000
Thu Jul 17 19:32:59 2025,17-Jul-2025,225419,48 54.650800 N,063 14.670400 W,4.7,270.8,A,DoorSpread,DoorMaster,3.515000,D,S,902119.000000
Thu Jul 17 19:32:59 2025,17-Jul-2025,225420,48 54.650800 N,063 14.672400 W,4.7,271.0,A,DoorSpread,DoorMaster,3.515000,D,S,902119.000000
Thu Jul 17 19:32:59 2025,17-Jul-2025,225421,48 54.650800 N,063 14.674400 W,4.7,271.0,A,DoorSpread,DoorMaster,3.515000,D,S,902119.000000
Thu Jul 17 19:32:59 2025,17-Jul-2025,225422,48 54.650700 N,063 14.676300 W,4.7,270.9,A,DoorSpread,DoorMaster,3.515000,D,S,902119.000000
Thu Jul 17 19:32:59 2025,17-Jul-2025,225423,48 54.650700 N,063 14.678300 W,4.7,270.7,A,DoorSpread,DoorMaster,3.515000,D,S,902119.000000
Thu Jul 17 19:32:59 2025,17-Jul-2025,225424,48 54.650700 N,063 14.680300 W,4.7,270.7,A,DoorSpread,DoorMaster,3.515000,D,S,902119.000000
Thu Jul 17 19:32:59 2025,17-Jul-2025,225425,48 54.650800 N,063 14.682100 W,4.7,270.6,A,DoorSpread,DoorMaster,3.515000,D,S,902119.000000
Thu Jul 17 19:32:59 2025,17-Jul-2025,225426,48 54.650800 N,063 14.684000 W,4.7,270.3,A,DoorSpread,DoorMaster,3.515000,D,S,902119.000000
Thu Jul 17 19:32:59 2025,17-Jul-2025,225427,48 54.650800 N,063 14.685900 W,4.7,270.3,A,DoorSpread,DoorMaster,3.515000,D,S,902119.000000
Thu Jul 17 19:32:59 2025,17-Jul-2025,225428,48 54.651000 N,063 14.687700 W,4.7,270.8,A,DoorSpread,DoorMaster,3.515000,D,S,902119.000000
Thu Jul 17 19:32:59 2025,17-Jul-2025,225429,48 54.651100 N,063 14.689600 W,4.7,270.9,A,DoorSpread,DoorMaster,3.515000,D,S,902119.000000
Thu Jul 17 19:32:59 2025,17-Jul-2025,225430,48 54.651000 N,063 14.691400 W,4.7,270.2,A,DoorSpread,DoorMaster,3.515000,D,S,902119.000000
Thu Jul 17 19:32:59 2025,17-Jul-2025,225431,48 54.650900 N,063 14.693300 W,4.7,269.8,A,DoorSpread,DoorMaster,3.515000,D,S,902119.000000
Thu Jul 17 19:32:59 2025,17-Jul-2025,225432,48 54.651000 N,063 14.695200 W,4.7,270.5,A,DoorSpread,DoorMaster,3.515000,D,S,902119.000000
Thu Jul 17 19:32:59 2025,17-Jul-2025,225433,48 54.651200 N,063 14.697200 W,4.7,271.3,A,DoorSpread,DoorMaster,3.515000,D,S,902119.000000
Thu Jul 17 19:32:59 2025,17-Jul-2025,225434,48 54.651300 N,063 14.699300 W,4.8,271.6,A,DoorSpread,DoorMaster,3.515000,D,S,902119.000000
Thu Jul 17 19:32:59 2025,17-Jul-2025,225435,48 54.651400 N,063 14.701300 W,4.8,271.6,A,DoorSpread,DoorMaster,3.515000,D,S,902119.000000
Thu Jul 17 19:32:59 2025,17-Jul-2025,225436,48 54.651500 N,063 14.703300 W,4.7,271.8,A,DoorSpread,DoorMaster,3.515000,D,S,902119.000000
Thu Jul 17 19:32:59 2025,17-Jul-2025,225437,48 54.651700 N,063 14.705200 W,4.7,272.0,A,DoorSpread,DoorMaster,3.515000,D,S,902119.000000
Thu Jul 17 19:32:59 2025,17-Jul-2025,225438,48 54.651900 N,063 14.707000 W,4.6,272.3,A,DoorSpread,DoorMaster,3.515000,D,S,902119.000000
Thu Jul 17 19:32:59 2025,17-Jul-2025,225439,48 54.652100 N,063 14.708800 W,4.6,272.5,A,DoorSpread,DoorMaster,3.515000,D,S,902119.000000
Thu Jul 17 19:32:59 2025,17-Jul-2025,225440,48 54.652100 N,063 14.710800 W,4.7,272.4,A,DoorSpread,DoorMaster,3.515000,D,S,902119.000000
Thu Jul 17 19:32:59 2025,17-Jul-2025,225441,48 54.652200 N,063 14.712800 W,4.6,272.2,A,DoorSpread,DoorMaster,3.515000,D,S,902119.000000
Thu Jul 17 19:32:59 2025,17-Jul-2025,225442,48 54.652200 N,063 14.714600 W,4.6,272.0,A,DoorSpread,DoorMaster,3.515000,D,S,902119.000000
Thu Jul 17 19:32:59 2025,17-Jul-2025,225443,48 54.652200 N,063 14.716600 W,4.6,271.9,A,DoorSpread,DoorMaster,3.515000,D,S,902119.000000
Thu Jul 17 19:32:59 2025,17-Jul-2025,225444,48 54.652200 N,063 14.718600 W,4.6,271.8,A,DoorSpread,DoorMaster,3.515000,D,S,902119.000000
Thu Jul 17 19:32:59 2025,17-Jul-2025,225445,48 54.652200 N,063 14.720500 W,4.6,271.6,A,DoorSpread,DoorMaster,3.515000,D,S,902119.000000
Thu Jul 17 19:32:59 2025,17-Jul-2025,225446,48 54.652200 N,063 14.722600 W,4.6,271.4,A,DoorSpread,DoorMaster,3.515000,D,S,902119.000000
Thu Jul 17 19:32:59 2025,17-Jul-2025,225447,48 54.652200 N,063 14.724600 W,4.6,271.3,A,DoorSpread,DoorMaster,3.515000,D,S,902119.000000
Thu Jul 17 19:32:59 2025,17-Jul-2025,225448,48 54.652200 N,063 14.726600 W,4.6,271.2,A,DoorSpread,DoorMaster,3.515000,D,S,902119.000000
Thu Jul 17 19:32:59 2025,17-Jul-2025,225449,48 54.652100 N,063 14.728500 W,4.6,270.8,A,DoorSpread,DoorMaster,3.515000,D,S,902119.000000
Thu Jul 17 19:32:59 2025,17-Jul-2025,225450,48 54.652000 N,063 14.730300 W,4.6,270.4,A,DoorSpread,DoorMaster,3.515000,D,S,902119.000000
Thu Jul 17 19:32:59 2025,17-Jul-2025,225451,48 54.652000 N,063 14.732100 W,4.6,270.2,A,DoorSpread,DoorMaster,3.515000,D,S,902119.000000
Thu Jul 17 19:32:59 2025,17-Jul-2025,225452,48 54.651900 N,063 14.733900 W,4.6,270.2,A,DoorSpread,DoorMaster,3.515000,D,S,902119.000000
Thu Jul 17 19:32:59 2025,17-Jul-2025,225453,48 54.651900 N,063 14.735700 W,4.6,270.0,A,DoorSpread,DoorMaster,3.515000,D,S,902119.000000
Thu Jul 17 19:32:59 2025,17-Jul-2025,225454,48 54.651900 N,063 14.737500 W,4.5,269.8,A,DoorSpread,DoorMaster,3.515000,D,S,902119.000000
Thu Jul 17 19:32:59 2025,17-Jul-2025,225455,48 54.651900 N,063 14.739300 W,4.5,269.7,A,DoorSpread,DoorMaster,3.515000,D,S,902119.000000
Thu Jul 17 19:32:59 2025,17-Jul-2025,225456,48 54.652100 N,063 14.741000 W,4.5,270.1,A,DoorSpread,DoorMaster,3.515000,D,S,902119.000000
Thu Jul 17 19:32:59 2025,17-Jul-2025,225457,48 54.652300 N,063 14.742900 W,4.6,270.8,A,DoorSpread,DoorMaster,3.515000,D,S,902119.000000
Thu Jul 17 19:32:59 2025,17-Jul-2025,225458,48 54.652500 N,063 14.744800 W,4.6,271.1,A,DoorSpread,DoorMaster,3.515000,D,S,902119.000000
Thu Jul 17 19:32:59 2025,17-Jul-2025,225459,48 54.652500 N,063 14.746700 W,4.6,270.7,A,DoorSpread,DoorMaster,3.515000,D,S,902119.000000
Thu Jul 17 19:32:59 2025,17-Jul-2025,225500,48 54.652500 N,063 14.748600 W,4.6,270.3,A,DoorSpread,DoorMaster,3.515000,D,S,902119.000000
Thu Jul 17 19:32:59 2025,17-Jul-2025,225501,48 54.652700 N,063 14.750600 W,4.6,270.7,A,DoorSpread,DoorMaster,3.515000,D,S,902119.000000
Thu Jul 17 19:32:59 2025,17-Jul-2025,225502,48 54.652800 N,063 14.752600 W,4.6,271.0,A,DoorSpread,DoorMaster,3.515000,D,S,902119.000000
Thu Jul 17 19:32:59 2025,17-Jul-2025,225503,48 54.652800 N,063 14.754600 W,4.6,271.1,A,DoorSpread,DoorMaster,3.515000,D,S,902119.000000
Thu Jul 17 19:32:59 2025,17-Jul-2025,225504,48 54.652800 N,063 14.756600 W,4.6,270.7,A,DoorSpread,DoorMaster,3.515000,D,S,902119.000000
Thu Jul 17 19:32:59 2025,17-Jul-2025,225505,48 54.652700 N,063 14.758600 W,4.6,270.2,A,DoorSpread,DoorMaster,3.515000,D,S,902119.000000
Thu Jul 17 19:32:59 2025,17-Jul-2025,225506,48 54.652700 N,063 14.760500 W,4.6,270.5,A,DoorSpread,DoorMaster,3.515000,D,S,902119.000000
Thu Jul 17 19:32:59 2025,17-Jul-2025,225507,48 54.652800 N,063 14.762600 W,4.6,271.2,A,DoorSpread,DoorMaster,3.515000,D,S,902119.000000
Thu Jul 17 19:32:59 2025,17-Jul-2025,225508,48 54.653000 N,063 14.764500 W,4.6,271.6,A,DoorSpread,DoorMaster,3.515000,D,S,902119.000000
Thu Jul 17 19:32:59 2025,17-Jul-2025,225509,48 54.653000 N,063 14.766300 W,4.5,271.2,A,DoorSpread,DoorMaster,3.515000,D,S,902119.000000
Thu Jul 17 19:32:59 2025,17-Jul-2025,225510,48 54.653000 N,063 14.768100 W,4.6,271.0,A,DoorSpread,DoorMaster,3.515000,D,S,902119.000000
Thu Jul 17 19:32:59 2025,17-Jul-2025,225511,48 54.653100 N,063 14.770000 W,4.6,271.5,A,DoorSpread,DoorMaster,3.515000,D,S,902119.000000
Thu Jul 17 19:32:59 2025,17-Jul-2025,225512,48 54.653400 N,063 14.772100 W,4.7,272.1,A,DoorSpread,DoorMaster,3.515000,D,S,902119.000000
Thu Jul 17 19:32:59 2025,17-Jul-2025,225513,48 54.653500 N,063 14.774100 W,4.6,272.2,A,DoorSpread,DoorMaster,3.515000,D,S,902119.000000
Thu Jul 17 19:32:59 2025,17-Jul-2025,225514,48 54.653500 N,063 14.776000 W,4.5,271.8,A,DoorSpread,DoorMaster,3.515000,D,S,902119.000000
Thu Jul 17 19:32:59 2025,17-Jul-2025,225515,48 54.653500 N,063 14.777800 W,4.5,271.6,A,DoorSpread,DoorMaster,3.515000,D,S,902119.000000
Thu Jul 17 19:32:59 2025,17-Jul-2025,225516,48 54.653600 N,063 14.779900 W,4.6,271.6,A,DoorSpread,DoorMaster,3.515000,D,S,902119.000000
Thu Jul 17 19:32:59 2025,17-Jul-2025,225517,48 54.653700 N,063 14.781900 W,4.6,271.8,A,DoorSpread,DoorMaster,3.515000,D,S,902119.000000
Thu Jul 17 19:32:59 2025,17-Jul-2025,225518,48 54.653700 N,063 14.783800 W,4.5,271.9,A,DoorSpread,DoorMaster,3.515000,D,S,902119.000000
Thu Jul 17 19:32:59 2025,17-Jul-2025,225519,48 54.653800 N,063 14.785700 W,4.5,272.0,A,DoorSpread,DoorMaster,3.515000,D,S,902119.000000
Thu Jul 17 19:32:59 2025,17-Jul-2025,225520,48 54.653800 N,063 14.787600 W,4.5,271.9,A,DoorSpread,DoorMaster,3.515000,D,S,902119.000000
Thu Jul 17 19:32:59 2025,17-Jul-2025,225521,48 54.653900 N,063 14.789600 W,4.6,271.7,A,DoorSpread,DoorMaster,3.515000,D,S,902119.000000
Thu Jul 17 19:32:59 2025,17-Jul-2025,225522,48 54.654000 N,063 14.791600 W,4.6,271.7,A,DoorSpread,DoorMaster,3.515000,D,S,902119.000000
Thu Jul 17 19:32:59 2025,17-Jul-2025,225523,48 54.654100 N,063 14.793600 W,4.6,272.0,A,DoorSpread,DoorMaster,3.515000,D,S,902119.000000
Thu Jul 17 19:32:59 2025,17-Jul-2025,225524,48 54.654200 N,063 14.795500 W,4.6,272.2,A,DoorSpread,DoorMaster,3.515000,D,S,902119.000000
Thu Jul 17 19:32:59 2025,17-Jul-2025,225525,48 54.654100 N,063 14.797200 W,4.5,272.0,A,DoorSpread,DoorMaster,3.515000,D,S,902119.000000
Thu Jul 17 19:32:59 2025,17-Jul-2025,225526,48 54.654000 N,063 14.799000 W,4.4,271.1,A,DoorSpread,DoorMaster,3.515000,D,S,902119.000000
Thu Jul 17 19:32:59 2025,17-Jul-2025,225527,48 54.653800 N,063 14.800800 W,4.4,270.5,A,DoorSpread,DoorMaster,3.515000,D,S,902119.000000
Thu Jul 17 19:32:59 2025,17-Jul-2025,225528,48 54.653800 N,063 14.802700 W,4.4,270.5,A,DoorSpread,DoorMaster,3.515000,D,S,902119.000000
Thu Jul 17 19:32:59 2025,17-Jul-2025,225529,48 54.653900 N,063 14.804600 W,4.4,271.0,A,DoorSpread,DoorMaster,3.515000,D,S,902119.000000
Thu Jul 17 19:32:59 2025,17-Jul-2025,225530,48 54.653900 N,063 14.806500 W,4.4,271.2,A,DoorSpread,DoorMaster,3.515000,D,S,902119.000000
Thu Jul 17 19:32:59 2025,17-Jul-2025,225531,48 54.653800 N,063 14.808200 W,4.3,271.0,A,DoorSpread,DoorMaster,3.515000,D,S,902119.000000
Thu Jul 17 19:32:59 2025,17-Jul-2025,225532,48 54.653700 N,063 14.809800 W,4.2,270.6,A,DoorSpread,DoorMaster,3.515000,D,S,902119.000000
Thu Jul 17 19:32:59 2025,17-Jul-2025,225533,48 54.653700 N,063 14.811500 W,4.3,270.7,A,DoorSpread,DoorMaster,3.515000,D,S,902119.000000
Thu Jul 17 19:32:59 2025,17-Jul-2025,225534,48 54.653700 N,063 14.813300 W,4.2,271.0,A,DoorSpread,DoorMaster,3.515000,D,S,902119.000000
Thu Jul 17 19:32:59 2025,17-Jul-2025,225535,48 54.653800 N,063 14.814900 W,4.2,271.7,A,DoorSpread,DoorMaster,3.515000,D,S,902119.000000
Thu Jul 17 19:32:59 2025,17-Jul-2025,225536,48 54.653900 N,063 14.816600 W,4.2,272.6,A,DoorSpread,DoorMaster,3.515000,D,S,902119.000000
Thu Jul 17 19:32:59 2025,17-Jul-2025,225537,48 54.653900 N,063 14.818100 W,4.1,272.8,A,DoorSpread,DoorMaster,3.515000,D,S,902119.000000
Thu Jul 17 19:32:59 2025,17-Jul-2025,225538,48 54.653800 N,063 14.819500 W,4.0,272.8,A,DoorSpread,DoorMaster,3.515000,D,S,902119.000000
Thu Jul 17 19:32:59 2025,17-Jul-2025,225539,48 54.653700 N,063 14.820800 W,3.9,272.7,A,DoorSpread,DoorMaster,3.515000,D,S,902119.000000
Thu Jul 17 19:32:59 2025,17-Jul-2025,225540,48 54.653700 N,063 14.822200 W,3.8,272.6,A,DoorSpread,DoorMaster,3.515000,D,S,902119.000000
Thu Jul 17 19:32:59 2025,17-Jul-2025,225541,48 54.653700 N,063 14.823700 W,3.8,272.5,A,DoorSpread,DoorMaster,3.515000,D,S,902119.000000
Thu Jul 17 19:32:59 2025,17-Jul-2025,225542,48 54.653700 N,063 14.825000 W,3.7,272.5,A,DoorSpread,DoorMaster,3.515000,D,S,902119.000000
Thu Jul 17 19:32:59 2025,17-Jul-2025,225543,48 54.653700 N,063 14.826200 W,3.5,272.5,A,DoorSpread,DoorMaster,3.515000,D,S,902119.000000
Thu Jul 17 19:32:59 2025,17-Jul-2025,225544,48 54.653700 N,063 14.827700 W,3.4,272.6,A,DoorSpread,DoorMaster,3.515000,D,S,902119.000000
Thu Jul 17 19:32:59 2025,17-Jul-2025,225545,48 54.653800 N,063 14.829000 W,3.3,272.9,A,DoorSpread,DoorMaster,3.515000,D,S,902119.000000
Thu Jul 17 19:32:59 2025,17-Jul-2025,225546,48 54.654000 N,063 14.830300 W,3.3,273.4,A,DoorSpread,DoorMaster,3.515000,D,S,902119.000000
Thu Jul 17 19:32:59 2025,17-Jul-2025,225547,48 54.654100 N,063 14.831600 W,3.2,273.7,A,DoorSpread,DoorMaster,3.515000,D,S,902119.000000
Thu Jul 17 19:32:59 2025,17-Jul-2025,225548,48 54.654300 N,063 14.832800 W,3.1,274.0,A,DoorSpread,DoorMaster,3.515000,D,S,902119.000000
Thu Jul 17 19:32:59 2025,17-Jul-2025,225549,48 54.654400 N,063 14.833800 W,3.0,274.0,A,DoorSpread,DoorMaster,3.515000,D,S,902119.000000
Thu Jul 17 19:32:59 2025,17-Jul-2025,225550,48 54.654400 N,063 14.834900 W,2.9,273.8,A,DoorSpread,DoorMaster,3.515000,D,S,902119.000000
Thu Jul 17 19:32:59 2025,17-Jul-2025,225551,48 54.654500 N,063 14.835800 W,2.8,273.5,A,DoorSpread,DoorMaster,3.515000,D,S,902119.000000
Thu Jul 17 19:32:59 2025,17-Jul-2025,225552,48 54.654500 N,063 14.836800 W,2.8,273.6,A,DoorSpread,DoorMaster,3.515000,D,S,902119.000000
Thu Jul 17 19:32:59 2025,17-Jul-2025,225553,48 54.654700 N,063 14.837700 W,2.7,273.9,A,DoorSpread,DoorMaster,3.515000,D,S,902119.000000
Thu Jul 17 19:32:59 2025,17-Jul-2025,225554,48 54.654800 N,063 14.838600 W,2.6,274.0,A,DoorSpread,DoorMaster,3.515000,D,S,902119.000000
Thu Jul 17 19:32:59 2025,17-Jul-2025,225555,48 54.654800 N,063 14.839400 W,2.5,273.9,A,DoorSpread,DoorMaster,3.515000,D,S,902119.000000
Thu Jul 17 19:32:59 2025,17-Jul-2025,225556,48 54.654900 N,063 14.840300 W,2.5,274.0,A,DoorSpread,DoorMaster,3.515000,D,S,902119.000000
Thu Jul 17 19:32:59 2025,17-Jul-2025,225557,48 54.655000 N,063 14.841200 W,2.5,274.5,A,DoorSpread,DoorMaster,3.515000,D,S,902119.000000
Thu Jul 17 19:32:59 2025,17-Jul-2025,225558,48 54.655200 N,063 14.842100 W,2.5,275.0,A,DoorSpread,DoorMaster,3.515000,D,S,902119.000000
Thu Jul 17 19:32:59 2025,17-Jul-2025,225559,48 54.655300 N,063 14.842900 W,2.4,275.2,A,DoorSpread,DoorMaster,3.515000,D,S,902119.000000
Thu Jul 17 19:32:59 2025,17-Jul-2025,225600,48 54.655300 N,063 14.843800 W,2.4,275.2,A,DoorSpread,DoorMaster,3.515000,D,S,902119.000000
Thu Jul 17 19:32:59 2025,17-Jul-2025,225601,48 54.655300 N,063 14.844900 W,2.4,275.1,A,DoorSpread,DoorMaster,3.515000,D,S,902119.000000
Thu Jul 17 19:32:59 2025,17-Jul-2025,225602,48 54.655500 N,063 14.846000 W,2.4,275.4,A,DoorSpread,DoorMaster,3.515000,D,S,902119.000000
Thu Jul 17 19:32:59 2025,17-Jul-2025,225603,48 54.655700 N,063 14.847000 W,2.3,275.7,A,DoorSpread,DoorMaster,3.515000,D,S,902119.000000
Thu Jul 17 19:32:59 2025,17-Jul-2025,225604,48 54.655700 N,063 14.847800 W,2.3,275.9,A,DoorSpread,DoorMaster,3.515000,D,S,902119.000000
Thu Jul 17 19:32:59 2025,17-Jul-2025,225605,48 54.655800 N,063 14.848800 W,2.3,276.1,A,DoorSpread,DoorMaster,3.515000,D,S,902119.000000
Thu Jul 17 19:32:59 2025,17-Jul-2025,225606,48 54.656000 N,063 14.849800 W,2.3,276.5,A,DoorSpread,DoorMaster,3.515000,D,S,902119.000000
Thu Jul 17 19:32:59 2025,17-Jul-2025,225607,48 54.656200 N,063 14.850800 W,2.3,276.7,A,DoorSpread,DoorMaster,3.515000,D,S,902119.000000
Thu Jul 17 19:32:59 2025,17-Jul-2025,225608,48 54.656200 N,063 14.851600 W,2.2,276.7,A,DoorSpread,DoorMaster,3.515000,D,S,902119.000000
Thu Jul 17 19:32:59 2025,17-Jul-2025,225609,48 54.656200 N,063 14.852500 W,2.2,276.4,A,DoorSpread,DoorMaster,3.515000,D,S,902119.000000
Thu Jul 17 19:32:59 2025,17-Jul-2025,225610,48 54.656300 N,063 14.853400 W,2.2,276.5,A,DoorSpread,DoorMaster,3.515000,D,S,902119.000000
Thu Jul 17 19:32:59 2025,17-Jul-2025,225611,48 54.656400 N,063 14.854300 W,2.2,277.0,A,DoorSpread,DoorMaster,3.515000,D,S,902119.000000
Thu Jul 17 19:32:59 2025,17-Jul-2025,225612,48 54.656500 N,063 14.855100 W,2.1,277.3,A,DoorSpread,DoorMaster,3.515000,D,S,902119.000000
Thu Jul 17 19:32:59 2025,17-Jul-2025,225613,48 54.656400 N,063 14.856000 W,2.2,277.1,A,DoorSpread,DoorMaster,3.515000,D,S,902119.000000
Thu Jul 17 19:32:59 2025,17-Jul-2025,225614,48 54.656400 N,063 14.857100 W,2.3,276.5,A,DoorSpread,DoorMaster,3.515000,D,S,902119.000000
Thu Jul 17 19:32:59 2025,17-Jul-2025,225615,48 54.656400 N,063 14.858000 W,2.2,276.3,A,DoorSpread,DoorMaster,3.515000,D,S,902119.000000
Thu Jul 17 19:32:59 2025,17-Jul-2025,225616,48 54.656500 N,063 14.858900 W,2.2,276.5,A,DoorSpread,DoorMaster,3.515000,D,S,902119.000000
Thu Jul 17 19:32:59 2025,17-Jul-2025,225617,48 54.656600 N,063 14.859800 W,2.2,276.2,A,DoorSpread,DoorMaster,3.515000,D,S,902119.000000
Thu Jul 17 19:32:59 2025,17-Jul-2025,225618,48 54.656500 N,063 14.860800 W,2.2,275.8,A,DoorSpread,DoorMaster,3.515000,D,S,902119.000000
Thu Jul 17 19:32:59 2025,17-Jul-2025,225619,48 54.656600 N,063 14.861700 W,2.2,275.8,A,DoorSpread,DoorMaster,3.515000,D,S,902119.000000
Thu Jul 17 19:32:59 2025,17-Jul-2025,225620,48 54.656800 N,063 14.862600 W,2.2,276.3,A,DoorSpread,DoorMaster,3.515000,D,S,902119.000000
Thu Jul 17 19:32:59 2025,17-Jul-2025,225621,48 54.656900 N,063 14.863600 W,2.2,276.4,A,DoorSpread,DoorMaster,3.515000,D,S,902119.000000
Thu Jul 17 19:32:59 2025,17-Jul-2025,225622,48 54.657000 N,063 14.864500 W,2.2,276.3,A,DoorSpread,DoorMaster,3.515000,D,S,902119.000000
Thu Jul 17 19:32:59 2025,17-Jul-2025,225623,48 54.657200 N,063 14.865300 W,2.2,276.4,A,DoorSpread,DoorMaster,3.515000,D,S,902119.000000
Thu Jul 17 19:32:59 2025,17-Jul-2025,225624,48 54.657300 N,063 14.866300 W,2.2,276.4,A,DoorSpread,DoorMaster,3.515000,D,S,902119.000000
Thu Jul 17 19:32:59 2025,17-Jul-2025,225625,48 54.657300 N,063 14.867200 W,2.2,276.1,A,DoorSpread,DoorMaster,3.515000,D,S,902119.000000
Thu Jul 17 19:32:59 2025,17-Jul-2025,225626,48 54.657300 N,063 14.868100 W,2.1,275.6,A,DoorSpread,DoorMaster,3.515000,D,S,902119.000000
Thu Jul 17 19:32:59 2025,17-Jul-2025,225627,48 54.657300 N,063 14.868800 W,2.1,275.3,A,DoorSpread,DoorMaster,3.515000,D,S,902119.000000
Thu Jul 17 19:32:59 2025,17-Jul-2025,225628,48 54.657400 N,063 14.869600 W,2.1,275.6,A,DoorSpread,DoorMaster,3.515000,D,S,902119.000000
Thu Jul 17 19:32:59 2025,17-Jul-2025,225629,48 54.657600 N,063 14.870400 W,2.1,276.1,A,DoorSpread,DoorMaster,3.515000,D,S,902119.000000
Thu Jul 17 19:32:59 2025,17-Jul-2025,225630,48 54.657600 N,063 14.871300 W,2.1,276.1,A,DoorSpread,DoorMaster,3.515000,D,S,902119.000000
Thu Jul 17 19:32:59 2025,17-Jul-2025,225631,48 54.657600 N,063 14.872000 W,2.1,275.6,A,DoorSpread,DoorMaster,3.515000,D,S,902119.000000
Thu Jul 17 19:32:59 2025,17-Jul-2025,225632,48 54.657600 N,063 14.872800 W,2.0,275.2,A,DoorSpread,DoorMaster,3.515000,D,S,902119.000000
Thu Jul 17 19:32:59 2025,17-Jul-2025,225633,48 54.657700 N,063 14.873600 W,2.1,275.0,A,DoorSpread,DoorMaster,3.515000,D,S,902119.000000
Thu Jul 17 19:32:59 2025,17-Jul-2025,225634,48 54.657800 N,063 14.874400 W,2.1,275.2,A,DoorSpread,DoorMaster,3.515000,D,S,902119.000000
Thu Jul 17 19:32:59 2025,17-Jul-2025,225635,48 54.657900 N,063 14.875100 W,2.0,275.0,A,DoorSpread,DoorMaster,3.515000,D,S,902119.000000
Thu Jul 17 19:32:59 2025,17-Jul-2025,225636,48 54.658000 N,063 14.875800 W,2.1,274.8,A,DoorSpread,DoorMaster,3.515000,D,S,902119.000000
Thu Jul 17 19:32:59 2025,17-Jul-2025,225637,48 54.658200 N,063 14.876600 W,2.1,274.8,A,DoorSpread,DoorMaster,3.515000,D,S,902119.000000
Thu Jul 17 19:32:59 2025,17-Jul-2025,225638,48 54.658300 N,063 14.877400 W,2.2,275.4,A,DoorSpread,DoorMaster,3.515000,D,S,902119.000000
Thu Jul 17 19:32:59 2025,17-Jul-2025,225639,48 54.658600 N,063 14.878200 W,2.1,275.9,A,DoorSpread,DoorMaster,3.515000,D,S,902119.000000
Thu Jul 17 19:32:59 2025,17-Jul-2025,225640,48 54.658600 N,063 14.878900 W,2.1,276.4,A,DoorSpread,DoorMaster,3.515000,D,S,902119.000000
Thu Jul 17 19:32:59 2025,17-Jul-2025,225641,48 54.658700 N,063 14.879700 W,2.2,276.2,A,DoorSpread,DoorMaster,3.515000,D,S,902119.000000
Thu Jul 17 19:32:59 2025,17-Jul-2025,225642,48 54.658600 N,063 14.880600 W,2.1,275.9,A,DoorSpread,DoorMaster,3.515000,D,S,902119.000000
Thu Jul 17 19:32:59 2025,17-Jul-2025,225643,48 54.658700 N,063 14.881500 W,2.1,276.1,A,DoorSpread,DoorMaster,3.515000,D,S,902119.000000
Thu Jul 17 19:32:59 2025,17-Jul-2025,225644,48 54.659000 N,063 14.882400 W,2.2,276.6,A,DoorSpread,DoorMaster,3.515000,D,S,902119.000000
Thu Jul 17 19:32:59 2025,17-Jul-2025,225645,48 54.659200 N,063 14.883400 W,2.2,276.9,A,DoorSpread,DoorMaster,3.515000,D,S,902119.000000
Thu Jul 17 19:32:59 2025,17-Jul-2025,225646,48 54.659300 N,063 14.884200 W,2.1,276.9,A,DoorSpread,DoorMaster,3.515000,D,S,902119.000000
Thu Jul 17 19:32:59 2025,17-Jul-2025,225647,48 54.659300 N,063 14.885000 W,2.1,276.7,A,DoorSpread,DoorMaster,3.515000,D,S,902119.000000
Thu Jul 17 19:32:59 2025,17-Jul-2025,225648,48 54.659400 N,063 14.885900 W,2.1,276.4,A,DoorSpread,DoorMaster,3.515000,D,S,902119.000000
Thu Jul 17 19:32:59 2025,17-Jul-2025,225649,48 54.659500 N,063 14.886700 W,2.1,276.3,A,DoorSpread,DoorMaster,3.515000,D,S,902119.000000
Thu Jul 17 19:32:59 2025,17-Jul-2025,225650,48 54.659500 N,063 14.887700 W,2.2,276.5,A,DoorSpread,DoorMaster,3.515000,D,S,902119.000000
Thu Jul 17 19:32:59 2025,17-Jul-2025,225651,48 54.659600 N,063 14.888700 W,2.1,276.5,A,DoorSpread,DoorMaster,3.515000,D,S,902119.000000
Thu Jul 17 19:32:59 2025,17-Jul-2025,225652,48 54.659500 N,063 14.889500 W,2.1,276.3,A,DoorSpread,DoorMaster,3.515000,D,S,902119.000000
Thu Jul 17 19:32:59 2025,17-Jul-2025,225653,48 54.659400 N,063 14.890300 W,2.1,276.1,A,DoorSpread,DoorMaster,3.515000,D,S,902119.000000
Thu Jul 17 19:32:59 2025,17-Jul-2025,225654,48 54.659400 N,063 14.891100 W,2.1,276.0,A,DoorSpread,DoorMaster,3.515000,D,S,902119.000000
Thu Jul 17 19:32:59 2025,17-Jul-2025,225655,48 54.659400 N,063 14.892000 W,2.1,275.9,A,DoorSpread,DoorMaster,3.515000,D,S,902119.000000
Thu Jul 17 19:32:59 2025,17-Jul-2025,225656,48 54.659400 N,063 14.892800 W,2.1,275.9,A,DoorSpread,DoorMaster,3.515000,D,S,902119.000000
Thu Jul 17 19:32:59 2025,17-Jul-2025,225657,48 54.659500 N,063 14.893800 W,2.1,275.8,A,DoorSpread,DoorMaster,3.515000,D,S,902119.000000
Thu Jul 17 19:32:59 2025,17-Jul-2025,225658,48 54.659500 N,063 14.894800 W,2.1,275.7,A,DoorSpread,DoorMaster,3.515000,D,S,902119.000000
Thu Jul 17 19:32:59 2025,17-Jul-2025,225659,48 54.659500 N,063 14.895600 W,2.1,275.4,A,DoorSpread,DoorMaster,3.515000,D,S,902119.000000
Thu Jul 17 19:32:59 2025,17-Jul-2025,225700,48 54.659400 N,063 14.896500 W,2.1,275.2,A,DoorSpread,DoorMaster,3.515000,D,S,902119.000000
Thu Jul 17 19:32:59 2025,17-Jul-2025,225701,48 54.659400 N,063 14.897400 W,2.1,275.1,A,DoorSpread,DoorMaster,3.515000,D,S,902119.000000
Thu Jul 17 19:32:59 2025,17-Jul-2025,225702,48 54.659400 N,063 14.898400 W,2.1,275.1,A,DoorSpread,DoorMaster,3.515000,D,S,902119.000000
Thu Jul 17 19:32:59 2025,17-Jul-2025,225703,48 54.659400 N,063 14.899200 W,2.1,275.1,A,DoorSpread,DoorMaster,3.515000,D,S,902119.000000
Thu Jul 17 19:32:59 2025,17-Jul-2025,225704,48 54.659400 N,063 14.900100 W,2.1,275.1,A,DoorSpread,DoorMaster,3.515000,D,S,902119.000000
Thu Jul 17 19:32:59 2025,17-Jul-2025,225705,48 54.659500 N,063 14.901200 W,2.2,275.3,A,DoorSpread,DoorMaster,3.515000,D,S,902119.000000
Thu Jul 17 19:32:59 2025,17-Jul-2025,225706,48 54.659500 N,063 14.902200 W,2.1,275.3,A,DoorSpread,DoorMaster,3.515000,D,S,902119.000000
Thu Jul 17 19:32:59 2025,17-Jul-2025,225707,48 54.659500 N,063 14.903200 W,2.1,275.2,A,DoorSpread,DoorMaster,3.515000,D,S,902119.000000
Thu Jul 17 19:32:59 2025,17-Jul-2025,225708,48 54.659500 N,063 14.904200 W,2.1,275.1,A,DoorSpread,DoorMaster,3.515000,D,S,902119.000000
Thu Jul 17 19:32:59 2025,17-Jul-2025,225709,48 54.659600 N,063 14.905100 W,2.2,274.9,A,DoorSpread,DoorMaster,3.515000,D,S,902119.000000
Thu Jul 17 19:32:59 2025,17-Jul-2025,225710,48 54.659700 N,063 14.906100 W,2.2,274.9,A,DoorSpread,DoorMaster,3.515000,D,S,902119.000000
Thu Jul 17 19:32:59 2025,17-Jul-2025,225711,48 54.659700 N,063 14.906900 W,2.1,274.9,A,DoorSpread,DoorMaster,3.515000,D,S,902119.000000
Thu Jul 17 19:32:59 2025,17-Jul-2025,225712,48 54.659800 N,063 14.907900 W,2.2,275.0,A,DoorSpread,DoorMaster,3.515000,D,S,902119.000000
Thu Jul 17 19:32:59 2025,17-Jul-2025,225713,48 54.659800 N,063 14.908800 W,2.2,275.0,A,DoorSpread,DoorMaster,3.515000,D,S,902119.000000
Thu Jul 17 19:32:59 2025,17-Jul-2025,225714,48 54.659800 N,063 14.909700 W,2.1,275.0,A,DoorSpread,DoorMaster,3.515000,D,S,902119.000000
Thu Jul 17 19:32:59 2025,17-Jul-2025,225715,48 54.659900 N,063 14.910600 W,2.1,275.2,A,DoorSpread,DoorMaster,3.515000,D,S,902119.000000
Thu Jul 17 19:32:59 2025,17-Jul-2025,225716,48 54.659900 N,063 14.911400 W,2.1,275.2,A,DoorSpread,DoorMaster,3.515000,D,S,902119.000000
Thu Jul 17 19:32:59 2025,17-Jul-2025,225717,48 54.659900 N,063 14.912200 W,2.1,274.8,A,DoorSpread,DoorMaster,3.515000,D,S,902119.000000
Thu Jul 17 19:32:59 2025,17-Jul-2025,225718,48 54.659900 N,063 14.912900 W,2.1,274.5,A,DoorSpread,DoorMaster,3.515000,D,S,902119.000000
Thu Jul 17 19:32:59 2025,17-Jul-2025,225719,48 54.660000 N,063 14.913700 W,2.1,274.5,A,DoorSpread,DoorMaster,3.515000,D,S,902119.000000
Thu Jul 17 19:32:59 2025,17-Jul-2025,225720,48 54.660100 N,063 14.914400 W,2.1,274.6,A,DoorSpread,DoorMaster,3.515000,D,S,902119.000000
Thu Jul 17 19:32:59 2025,17-Jul-2025,225721,48 54.660100 N,063 14.915300 W,2.0,274.3,A,DoorSpread,DoorMaster,3.515000,D,S,902119.000000
Thu Jul 17 19:32:59 2025,17-Jul-2025,225722,48 54.660000 N,063 14.916000 W,2.0,274.1,A,DoorSpread,DoorMaster,3.515000,D,S,902119.000000
Thu Jul 17 19:32:59 2025,17-Jul-2025,225723,48 54.660100 N,063 14.916900 W,2.0,274.2,A,DoorSpread,DoorMaster,3.515000,D,S,902119.000000
Thu Jul 17 19:32:59 2025,17-Jul-2025,225724,48 54.660200 N,063 14.917900 W,2.1,274.4,A,DoorSpread,DoorMaster,3.515000,D,S,902119.000000
Thu Jul 17 19:32:59 2025,17-Jul-2025,225725,48 54.660300 N,063 14.918700 W,2.1,274.7,A,DoorSpread,DoorMaster,3.515000,D,S,902119.000000
Thu Jul 17 19:32:59 2025,17-Jul-2025,225726,48 54.660400 N,063 14.919800 W,2.1,274.7,A,DoorSpread,DoorMaster,3.515000,D,S,902119.000000
Thu Jul 17 19:32:59 2025,17-Jul-2025,225727,48 54.660400 N,063 14.920700 W,2.1,275.0,A,DoorSpread,DoorMaster,3.515000,D,S,902119.000000
Thu Jul 17 19:32:59 2025,17-Jul-2025,225728,48 54.660500 N,063 14.921600 W,2.1,275.0,A,DoorSpread,DoorMaster,3.515000,D,S,902119.000000
Thu Jul 17 19:32:59 2025,17-Jul-2025,225729,48 54.660500 N,063 14.922500 W,2.1,274.9,A,DoorSpread,DoorMaster,3.515000,D,S,902119.000000
Thu Jul 17 19:32:59 2025,17-Jul-2025,225730,48 54.660600 N,063 14.923200 W,2.1,275.0,A,DoorSpread,DoorMaster,3.515000,D,S,902119.000000
Thu Jul 17 19:32:59 2025,17-Jul-2025,225731,48 54.660600 N,063 14.924000 W,2.1,275.2,A,DoorSpread,DoorMaster,3.515000,D,S,902119.000000
Thu Jul 17 19:32:59 2025,17-Jul-2025,225732,48 54.660700 N,063 14.924900 W,2.1,275.2,A,DoorSpread,DoorMaster,3.515000,D,S,902119.000000
Thu Jul 17 19:32:59 2025,17-Jul-2025,225733,48 54.660700 N,063 14.925800 W,2.2,274.8,A,DoorSpread,DoorMaster,3.515000,D,S,902119.000000
Thu Jul 17 19:32:59 2025,17-Jul-2025,225734,48 54.660800 N,063 14.926500 W,2.1,274.6,A,DoorSpread,DoorMaster,3.515000,D,S,902119.000000
Thu Jul 17 19:32:59 2025,17-Jul-2025,225735,48 54.660900 N,063 14.927200 W,2.1,275.1,A,DoorSpread,DoorMaster,3.515000,D,S,902119.000000
Thu Jul 17 19:32:59 2025,17-Jul-2025,225736,48 54.661100 N,063 14.928100 W,2.1,275.8,A,DoorSpread,DoorMaster,3.515000,D,S,902119.000000
Thu Jul 17 19:32:59 2025,17-Jul-2025,225737,48 54.661300 N,063 14.929100 W,2.1,276.2,A,DoorSpread,DoorMaster,3.515000,D,S,902119.000000
Thu Jul 17 19:32:59 2025,17-Jul-2025,225738,48 54.661400 N,063 14.930000 W,2.1,276.6,A,DoorSpread,DoorMaster,3.515000,D,S,902119.000000
Thu Jul 17 19:32:59 2025,17-Jul-2025,225739,48 54.661400 N,063 14.931100 W,2.1,276.6,A,DoorSpread,DoorMaster,3.515000,D,S,902119.000000
Thu Jul 17 19:32:59 2025,17-Jul-2025,225740,48 54.661400 N,063 14.932100 W,2.2,276.5,A,DoorSpread,DoorMaster,3.515000,D,S,902119.000000
Thu Jul 17 19:32:59 2025,17-Jul-2025,225741,48 54.661400 N,063 14.933200 W,2.2,276.7,A,DoorSpread,DoorMaster,3.515000,D,S,902119.000000
Thu Jul 17 19:32:59 2025,17-Jul-2025,225742,48 54.661500 N,063 14.934100 W,2.2,277.1,A,DoorSpread,DoorMaster,3.515000,D,S,902119.000000
Thu Jul 17 19:32:59 2025,17-Jul-2025,225743,48 54.661600 N,063 14.935000 W,2.2,277.3,A,DoorSpread,DoorMaster,3.515000,D,S,902119.000000
Thu Jul 17 19:32:59 2025,17-Jul-2025,225744,48 54.661600 N,063 14.936100 W,2.2,277.2,A,DoorSpread,DoorMaster,3.515000,D,S,902119.000000
Thu Jul 17 19:32:59 2025,17-Jul-2025,225745,48 54.661600 N,063 14.937100 W,2.2,277.0,A,DoorSpread,DoorMaster,3.515000,D,S,902119.000000
Thu Jul 17 19:32:59 2025,17-Jul-2025,225746,48 54.661600 N,063 14.938000 W,2.2,276.9,A,DoorSpread,DoorMaster,3.515000,D,S,902119.000000
Thu Jul 17 19:32:59 2025,17-Jul-2025,225747,48 54.661700 N,063 14.939000 W,2.2,277.2,A,DoorSpread,DoorMaster,3.515000,D,S,902119.000000
Thu Jul 17 19:32:59 2025,17-Jul-2025,225748,48 54.661700 N,063 14.940100 W,2.2,277.4,A,DoorSpread,DoorMaster,3.515000,D,S,902119.000000
Thu Jul 17 19:32:59 2025,17-Jul-2025,225749,48 54.661600 N,063 14.941000 W,2.1,277.3,A,DoorSpread,DoorMaster,3.515000,D,S,902119.000000
Thu Jul 17 19:32:59 2025,17-Jul-2025,225750,48 54.661500 N,063 14.941900 W,2.1,276.9,A,DoorSpread,DoorMaster,3.515000,D,S,902119.000000
Thu Jul 17 19:32:59 2025,17-Jul-2025,225751,48 54.661400 N,063 14.942900 W,2.1,276.5,A,DoorSpread,DoorMaster,3.515000,D,S,902119.000000
Thu Jul 17 19:32:59 2025,17-Jul-2025,225752,48 54.661400 N,063 14.943900 W,2.1,276.4,A,DoorSpread,DoorMaster,3.515000,D,S,902119.000000
Thu Jul 17 19:32:59 2025,17-Jul-2025,225753,48 54.661500 N,063 14.944900 W,2.2,276.8,A,DoorSpread,DoorMaster,3.515000,D,S,902119.000000
Thu Jul 17 19:32:59 2025,17-Jul-2025,225754,48 54.661500 N,063 14.945800 W,2.2,277.2,A,DoorSpread,DoorMaster,3.515000,D,S,902119.000000
Thu Jul 17 19:32:59 2025,17-Jul-2025,225755,48 54.661400 N,063 14.946700 W,2.1,276.8,A,DoorSpread,DoorMaster,3.515000,D,S,902119.000000
Thu Jul 17 19:32:59 2025,17-Jul-2025,225756,48 54.661300 N,063 14.947500 W,2.1,275.8,A,DoorSpread,DoorMaster,3.515000,D,S,902119.000000
Thu Jul 17 19:32:59 2025,17-Jul-2025,225757,48 54.661200 N,063 14.948300 W,2.1,275.1,A,DoorSpread,DoorMaster,3.515000,D,S,902119.000000
Thu Jul 17 19:32:59 2025,17-Jul-2025,225758,48 54.661300 N,063 14.949100 W,2.1,275.3,A,DoorSpread,DoorMaster,3.515000,D,S,902119.000000
Thu Jul 17 19:32:59 2025,17-Jul-2025,225759,48 54.661500 N,063 14.950100 W,2.2,276.0,A,DoorSpread,DoorMaster,3.515000,D,S,902119.000000
Thu Jul 17 19:32:59 2025,17-Jul-2025,225800,48 54.661700 N,063 14.951100 W,2.2,276.0,A,DoorSpread,DoorMaster,3.515000,D,S,902119.000000
Thu Jul 17 19:32:59 2025,17-Jul-2025,225801,48 54.661600 N,063 14.952000 W,2.2,275.4,A,DoorSpread,DoorMaster,3.515000,D,S,902119.000000
Thu Jul 17 19:32:59 2025,17-Jul-2025,225802,48 54.661600 N,063 14.952700 W,2.1,275.0,A,DoorSpread,DoorMaster,3.515000,D,S,902119.000000
Thu Jul 17 19:32:59 2025,17-Jul-2025,225803,48 54.661800 N,063 14.953600 W,2.1,275.4,A,DoorSpread,DoorMaster,3.515000,D,S,902119.000000
Thu Jul 17 19:32:59 2025,17-Jul-2025,225804,48 54.662000 N,063 14.954600 W,2.2,275.8,A,DoorSpread,DoorMaster,3.515000,D,S,902119.000000
Thu Jul 17 19:32:59 2025,17-Jul-2025,225805,48 54.662100 N,063 14.955600 W,2.2,275.6,A,DoorSpread,DoorMaster,3.515000,D,S,902119.000000
Thu Jul 17 19:32:59 2025,17-Jul-2025,225806,48 54.662000 N,063 14.956400 W,2.1,275.4,A,DoorSpread,DoorMaster,3.515000,D,S,902119.000000
Thu Jul 17 19:32:59 2025,17-Jul-2025,225807,48 54.662100 N,063 14.957300 W,2.1,275.2,A,DoorSpread,DoorMaster,3.515000,D,S,902119.000000
Thu Jul 17 19:32:59 2025,17-Jul-2025,225808,48 54.662200 N,063 14.958200 W,2.1,275.8,A,DoorSpread,DoorMaster,3.515000,D,S,902119.000000
Thu Jul 17 19:32:59 2025,17-Jul-2025,225809,48 54.662500 N,063 14.959200 W,2.2,276.3,A,DoorSpread,DoorMaster,3.515000,D,S,902119.000000
Thu Jul 17 19:32:59 2025,17-Jul-2025,225810,48 54.662500 N,063 14.960100 W,2.1,275.8,A,DoorSpread,DoorMaster,3.515000,D,S,902119.000000
Thu Jul 17 19:32:59 2025,17-Jul-2025,225811,48 54.662500 N,063 14.960800 W,2.1,275.4,A,DoorSpread,DoorMaster,3.515000,D,S,902119.000000
Thu Jul 17 19:32:59 2025,17-Jul-2025,225812,48 54.662700 N,063 14.961700 W,2.1,275.7,A,DoorSpread,DoorMaster,3.515000,D,S,902119.000000
Thu Jul 17 19:32:59 2025,17-Jul-2025,225813,48 54.662900 N,063 14.962500 W,2.2,277.0,A,DoorSpread,DoorMaster,3.515000,D,S,902119.000000
Thu Jul 17 19:32:59 2025,17-Jul-2025,225814,48 54.663100 N,063 14.963500 W,2.3,277.7,A,DoorSpread,DoorMaster,3.515000,D,S,902119.000000
Thu Jul 17 19:32:59 2025,17-Jul-2025,225815,48 54.663100 N,063 14.964400 W,2.2,277.7,A,DoorSpread,DoorMaster,3.515000,D,S,902119.000000
Thu Jul 17 19:32:59 2025,17-Jul-2025,225816,48 54.663100 N,063 14.965200 W,2.2,277.6,A,DoorSpread,DoorMaster,3.515000,D,S,902119.000000
Thu Jul 17 19:32:59 2025,17-Jul-2025,225817,48 54.663200 N,063 14.966000 W,2.2,277.7,A,DoorSpread,DoorMaster,3.515000,D,S,902119.000000
Thu Jul 17 19:32:59 2025,17-Jul-2025,225818,48 54.663600 N,063 14.966900 W,2.3,279.1,A,DoorSpread,DoorMaster,3.515000,D,S,902119.000000
Thu Jul 17 19:32:59 2025,17-Jul-2025,225819,48 54.664000 N,063 14.967900 W,2.4,281.0,A,DoorSpread,DoorMaster,3.515000,D,S,902119.000000
Thu Jul 17 19:32:59 2025,17-Jul-2025,225820,48 54.664200 N,063 14.968900 W,2.4,281.0,A,DoorSpread,DoorMaster,3.515000,D,S,902119.000000
Thu Jul 17 19:32:59 2025,17-Jul-2025,225821,48 54.664000 N,063 14.969700 W,2.3,280.7,A,DoorSpread,DoorMaster,3.515000,D,S,902119.000000
Thu Jul 17 19:32:59 2025,17-Jul-2025,225822,48 54.664100 N,063 14.970400 W,2.3,281.0,A,DoorSpread,DoorMaster,3.515000,D,S,902119.000000
Thu Jul 17 19:32:59 2025,17-Jul-2025,225823,48 54.664400 N,063 14.971400 W,2.5,282.4,A,DoorSpread,DoorMaster,3.515000,D,S,902119.000000
Thu Jul 17 19:32:59 2025,17-Jul-2025,225824,48 54.664700 N,063 14.972300 W,2.4,282.7,A,DoorSpread,DoorMaster,3.515000,D,S,902119.000000
Thu Jul 17 19:32:59 2025,17-Jul-2025,225825,48 54.664700 N,063 14.973000 W,2.3,282.6,A,DoorSpread,DoorMaster,3.515000,D,S,902119.000000
Thu Jul 17 19:32:59 2025,17-Jul-2025,225826,48 54.664600 N,063 14.973700 W,2.3,282.0,A,DoorSpread,DoorMaster,3.515000,D,S,902119.000000
Thu Jul 17 19:32:59 2025,17-Jul-2025,225827,48 54.664700 N,063 14.974700 W,2.3,281.7,A,DoorSpread,DoorMaster,3.515000,D,S,902119.000000
Thu Jul 17 19:32:59 2025,17-Jul-2025,225828,48 54.664800 N,063 14.975600 W,2.3,281.9,A,DoorSpread,DoorMaster,3.515000,D,S,902119.000000
Thu Jul 17 19:32:59 2025,17-Jul-2025,225829,48 54.664900 N,063 14.976500 W,2.3,281.9,A,DoorSpread,DoorMaster,3.515000,D,S,902119.000000
Thu Jul 17 19:32:59 2025,17-Jul-2025,225830,48 54.664800 N,063 14.977500 W,2.3,281.2,A,DoorSpread,DoorMaster,3.515000,D,S,902119.000000
Thu Jul 17 19:32:59 2025,17-Jul-2025,225831,48 54.664700 N,063 14.978300 W,2.2,280.2,A,DoorSpread,DoorMaster,3.515000,D,S,902119.000000
Thu Jul 17 19:32:59 2025,17-Jul-2025,225832,48 54.664700 N,063 14.979100 W,2.2,279.3,A,DoorSpread,DoorMaster,3.515000,D,S,902119.000000
Thu Jul 17 19:32:59 2025,17-Jul-2025,225833,48 54.664900 N,063 14.979900 W,2.2,279.1,A,DoorSpread,DoorMaster,3.515000,D,S,902119.000000
Thu Jul 17 19:32:59 2025,17-Jul-2025,225834,48 54.665000 N,063 14.980900 W,2.3,279.1,A,DoorSpread,DoorMaster,3.515000,D,S,902119.000000
Thu Jul 17 19:32:59 2025,17-Jul-2025,225835,48 54.665000 N,063 14.981800 W,2.3,278.6,A,DoorSpread,DoorMaster,3.515000,D,S,902119.000000
Thu Jul 17 19:32:59 2025,17-Jul-2025,225836,48 54.664900 N,063 14.982700 W,2.2,277.8,A,DoorSpread,DoorMaster,3.515000,D,S,902119.000000
Thu Jul 17 19:32:59 2025,17-Jul-2025,225837,48 54.664900 N,063 14.983500 W,2.1,277.3,A,DoorSpread,DoorMaster,3.515000,D,S,902119.000000
Thu Jul 17 19:32:59 2025,17-Jul-2025,225838,48 54.665000 N,063 14.984400 W,2.2,277.2,A,DoorSpread,DoorMaster,3.515000,D,S,902119.000000
Thu Jul 17 19:32:59 2025,17-Jul-2025,225839,48 54.665200 N,063 14.985500 W,2.2,277.0,A,DoorSpread,DoorMaster,3.515000,D,S,902119.000000
Thu Jul 17 19:32:59 2025,17-Jul-2025,225840,48 54.665300 N,063 14.986600 W,2.2,276.7,A,DoorSpread,DoorMaster,3.515000,D,S,902119.000000
Thu Jul 17 19:32:59 2025,17-Jul-2025,225841,48 54.665400 N,063 14.987400 W,2.1,276.5,A,DoorSpread,DoorMaster,3.515000,D,S,902119.000000
Thu Jul 17 19:32:59 2025,17-Jul-2025,225842,48 54.665500 N,063 14.988100 W,2.0,276.3,A,DoorSpread,DoorMaster,3.515000,D,S,902119.000000
Thu Jul 17 19:32:59 2025,17-Jul-2025,225843,48 54.665500 N,063 14.989100 W,2.1,276.5,A,DoorSpread,DoorMaster,3.515000,D,S,902119.000000
Thu Jul 17 19:32:59 2025,17-Jul-2025,225844,48 54.665600 N,063 14.990100 W,2.2,276.9,A,DoorSpread,DoorMaster,3.515000,D,S,902119.000000
Thu Jul 17 19:32:59 2025,17-Jul-2025,225845,48 54.665600 N,063 14.991200 W,2.2,276.7,A,DoorSpread,DoorMaster,3.515000,D,S,902119.000000
Thu Jul 17 19:32:59 2025,17-Jul-2025,225846,48 54.665600 N,063 14.992200 W,2.2,276.7,A,DoorSpread,DoorMaster,3.515000,D,S,902119.000000
Thu Jul 17 19:32:59 2025,17-Jul-2025,225847,48 54.665700 N,063 14.993200 W,2.2,277.1,A,DoorSpread,DoorMaster,3.515000,D,S,902119.000000
Thu Jul 17 19:32:59 2025,17-Jul-2025,225848,48 54.665800 N,063 14.994200 W,2.2,277.7,A,DoorSpread,DoorMaster,3.515000,D,S,902119.000000
Thu Jul 17 19:32:59 2025,17-Jul-2025,225849,48 54.665800 N,063 14.995300 W,2.2,277.7,A,DoorSpread,DoorMaster,3.515000,D,S,902119.000000
Thu Jul 17 19:32:59 2025,17-Jul-2025,225850,48 54.665700 N,063 14.996300 W,2.2,277.5,A,DoorSpread,DoorMaster,3.515000,D,S,902119.000000
Thu Jul 17 19:32:59 2025,17-Jul-2025,225851,48 54.665600 N,063 14.997100 W,2.2,277.3,A,DoorSpread,DoorMaster,3.515000,D,S,902119.000000
Thu Jul 17 19:32:59 2025,17-Jul-2025,225852,48 54.665700 N,063 14.998000 W,2.2,277.3,A,DoorSpread,DoorMaster,3.515000,D,S,902119.000000
Thu Jul 17 19:32:59 2025,17-Jul-2025,225853,48 54.665800 N,063 14.998800 W,2.2,277.1,A,DoorSpread,DoorMaster,3.515000,D,S,902119.000000
Thu Jul 17 19:32:59 2025,17-Jul-2025,225854,48 54.665900 N,063 14.999600 W,2.1,277.2,A,DoorSpread,DoorMaster,3.515000,D,S,902119.000000
Thu Jul 17 19:32:59 2025,17-Jul-2025,225855,48 54.666100 N,063 15.000400 W,2.1,277.2,A,DoorSpread,DoorMaster,3.515000,D,S,902119.000000
Thu Jul 17 19:32:59 2025,17-Jul-2025,225856,48 54.666100 N,063 15.001200 W,2.1,276.9,A,DoorSpread,DoorMaster,3.515000,D,S,902119.000000
Thu Jul 17 19:32:59 2025,17-Jul-2025,225857,48 54.666000 N,063 15.002100 W,2.1,276.0,A,DoorSpread,DoorMaster,3.515000,D,S,902119.000000
Thu Jul 17 19:32:59 2025,17-Jul-2025,225858,48 54.666000 N,063 15.002800 W,2.0,275.6,A,DoorSpread,DoorMaster,3.515000,D,S,902119.000000
Thu Jul 17 19:32:59 2025,17-Jul-2025,225859,48 54.666200 N,063 15.003500 W,2.1,276.2,A,DoorSpread,DoorMaster,3.515000,D,S,902119.000000
Thu Jul 17 19:32:59 2025,17-Jul-2025,225900,48 54.666300 N,063 15.004400 W,2.2,276.8,A,DoorSpread,DoorMaster,3.515000,D,S,902119.000000
Thu Jul 17 19:32:59 2025,17-Jul-2025,225901,48 54.666300 N,063 15.005500 W,2.2,276.7,A,DoorSpread,DoorMaster,3.515000,D,S,902119.000000
Thu Jul 17 19:32:59 2025,17-Jul-2025,225902,48 54.666200 N,063 15.006400 W,2.1,276.7,A,DoorSpread,DoorMaster,3.515000,D,S,902119.000000
Thu Jul 17 19:32:59 2025,17-Jul-2025,225903,48 54.666200 N,063 15.007100 W,2.0,276.7,A,DoorSpread,DoorMaster,3.515000,D,S,902119.000000
Thu Jul 17 19:32:59 2025,17-Jul-2025,225904,48 54.666200 N,063 15.008000 W,2.1,277.3,A,DoorSpread,DoorMaster,3.515000,D,S,902119.000000
Thu Jul 17 19:32:59 2025,17-Jul-2025,225905,48 54.666200 N,063 15.009000 W,2.1,277.8,A,DoorSpread,DoorMaster,3.515000,D,S,902119.000000
Thu Jul 17 19:32:59 2025,17-Jul-2025,225906,48 54.666100 N,063 15.009800 W,2.1,277.6,A,DoorSpread,DoorMaster,3.515000,D,S,902119.000000
Thu Jul 17 19:32:59 2025,17-Jul-2025,225907,48 54.665900 N,063 15.010600 W,2.0,276.9,A,DoorSpread,DoorMaster,3.515000,D,S,902119.000000
Thu Jul 17 19:32:59 2025,17-Jul-2025,225908,48 54.665800 N,063 15.011300 W,2.0,276.3,A,DoorSpread,DoorMaster,3.515000,D,S,902119.000000
Thu Jul 17 19:32:59 2025,17-Jul-2025,225909,48 54.666000 N,063 15.012000 W,2.1,277.1,A,DoorSpread,DoorMaster,3.515000,D,S,902119.000000
Thu Jul 17 19:32:59 2025,17-Jul-2025,225910,48 54.666300 N,063 15.012900 W,2.1,278.5,A,DoorSpread,DoorMaster,3.515000,D,S,902119.000000
Thu Jul 17 19:32:59 2025,17-Jul-2025,225911,48 54.666400 N,063 15.013800 W,2.2,278.6,A,DoorSpread,DoorMaster,3.515000,D,S,902119.000000
Thu Jul 17 19:32:59 2025,17-Jul-2025,225912,48 54.666300 N,063 15.014800 W,2.2,278.0,A,DoorSpread,DoorMaster,3.515000,D,S,902119.000000
Thu Jul 17 19:32:59 2025,17-Jul-2025,225913,48 54.666300 N,063 15.015600 W,2.1,277.2,A,DoorSpread,DoorMaster,3.515000,D,S,902119.000000
Thu Jul 17 19:32:59 2025,17-Jul-2025,225914,48 54.666600 N,063 15.016500 W,2.2,277.8,A,DoorSpread,DoorMaster,3.515000,D,S,902119.000000
Thu Jul 17 19:32:59 2025,17-Jul-2025,225915,48 54.667000 N,063 15.017500 W,2.3,279.0,A,DoorSpread,DoorMaster,3.515000,D,S,902119.000000
Thu Jul 17 19:32:59 2025,17-Jul-2025,225916,48 54.667300 N,063 15.018300 W,2.3,279.2,A,DoorSpread,DoorMaster,3.515000,D,S,902119.000000
Thu Jul 17 19:32:59 2025,17-Jul-2025,225917,48 54.667300 N,063 15.019100 W,2.3,278.3,A,DoorSpread,DoorMaster,3.515000,D,S,902119.000000
Thu Jul 17 19:32:59 2025,17-Jul-2025,225918,48 54.667200 N,063 15.019900 W,2.2,277.4,A,DoorSpread,DoorMaster,3.515000,D,S,902119.000000
Thu Jul 17 19:32:59 2025,17-Jul-2025,225919,48 54.667300 N,063 15.020700 W,2.3,277.3,A,DoorSpread,DoorMaster,3.515000,D,S,902119.000000
Thu Jul 17 19:32:59 2025,17-Jul-2025,225920,48 54.667600 N,063 15.021600 W,2.3,278.2,A,DoorSpread,DoorMaster,3.515000,D,S,902119.000000
Thu Jul 17 19:32:59 2025,17-Jul-2025,225921,48 54.667900 N,063 15.022500 W,2.3,279.0,A,DoorSpread,DoorMaster,3.515000,D,S,902119.000000
Thu Jul 17 19:32:59 2025,17-Jul-2025,225922,48 54.667900 N,063 15.023400 W,2.3,278.5,A,DoorSpread,DoorMaster,3.515000,D,S,902119.000000
Thu Jul 17 19:32:59 2025,17-Jul-2025,225923,48 54.667700 N,063 15.024200 W,2.3,277.6,A,DoorSpread,DoorMaster,3.515000,D,S,902119.000000
Thu Jul 17 19:32:59 2025,17-Jul-2025,225924,48 54.667800 N,063 15.025100 W,2.2,277.2,A,DoorSpread,DoorMaster,3.515000,D,S,902119.000000
Thu Jul 17 19:32:59 2025,17-Jul-2025,225925,48 54.667900 N,063 15.026000 W,2.2,277.3,A,DoorSpread,DoorMaster,3.515000,D,S,902119.000000
Thu Jul 17 19:32:59 2025,17-Jul-2025,225926,48 54.668000 N,063 15.026900 W,2.3,277.7,A,DoorSpread,DoorMaster,3.515000,D,S,902119.000000
Thu Jul 17 19:32:59 2025,17-Jul-2025,225927,48 54.668100 N,063 15.027800 W,2.2,277.8,A,DoorSpread,DoorMaster,3.515000,D,S,902119.000000
Thu Jul 17 19:32:59 2025,17-Jul-2025,225928,48 54.668100 N,063 15.028800 W,2.2,277.3,A,DoorSpread,DoorMaster,3.515000,D,S,902119.000000
Thu Jul 17 19:32:59 2025,17-Jul-2025,225929,48 54.668100 N,063 15.029700 W,2.2,277.0,A,DoorSpread,DoorMaster,3.515000,D,S,902119.000000
Thu Jul 17 19:32:59 2025,17-Jul-2025,225930,48 54.668200 N,063 15.030600 W,2.2,276.8,A,DoorSpread,DoorMaster,3.515000,D,S,902119.000000
Thu Jul 17 19:32:59 2025,17-Jul-2025,225931,48 54.668300 N,063 15.031300 W,2.1,276.7,A,DoorSpread,DoorMaster,3.515000,D,S,902119.000000
Thu Jul 17 19:32:59 2025,17-Jul-2025,225932,48 54.668400 N,063 15.032200 W,2.1,277.0,A,DoorSpread,DoorMaster,3.515000,D,S,902119.000000
Thu Jul 17 19:32:59 2025,17-Jul-2025,225933,48 54.668500 N,063 15.033000 W,2.1,277.1,A,DoorSpread,DoorMaster,3.515000,D,S,902119.000000
Thu Jul 17 19:32:59 2025,17-Jul-2025,225934,48 54.668600 N,063 15.033900 W,2.1,277.1,A,DoorSpread,DoorMaster,3.515000,D,S,902119.000000
Thu Jul 17 19:32:59 2025,17-Jul-2025,225935,48 54.668500 N,063 15.034700 W,2.1,276.6,A,DoorSpread,DoorMaster,3.515000,D,S,902119.000000
Thu Jul 17 19:32:59 2025,17-Jul-2025,225936,48 54.668600 N,063 15.035600 W,2.1,276.6,A,DoorSpread,DoorMaster,3.515000,D,S,902119.000000
Thu Jul 17 19:32:59 2025,17-Jul-2025,225937,48 54.668700 N,063 15.036500 W,2.2,277.5,A,DoorSpread,DoorMaster,3.515000,D,S,902119.000000
Thu Jul 17 19:32:59 2025,17-Jul-2025,225938,48 54.668800 N,063 15.037400 W,2.2,278.1,A,DoorSpread,DoorMaster,3.515000,D,S,902119.000000
Thu Jul 17 19:32:59 2025,17-Jul-2025,225939,48 54.668900 N,063 15.038400 W,2.2,278.5,A,DoorSpread,DoorMaster,3.515000,D,S,902119.000000
Thu Jul 17 19:32:59 2025,17-Jul-2025,225940,48 54.668800 N,063 15.039500 W,2.3,278.1,A,DoorSpread,DoorMaster,3.515000,D,S,902119.000000
Thu Jul 17 19:32:59 2025,17-Jul-2025,225941,48 54.668800 N,063 15.040400 W,2.2,277.7,A,DoorSpread,DoorMaster,3.515000,D,S,902119.000000
Thu Jul 17 19:32:59 2025,17-Jul-2025,225942,48 54.668800 N,063 15.041200 W,2.1,277.6,A,DoorSpread,DoorMaster,3.515000,D,S,902119.000000
Thu Jul 17 19:32:59 2025,17-Jul-2025,225943,48 54.669100 N,063 15.042000 W,2.2,278.2,A,DoorSpread,DoorMaster,3.515000,D,S,902119.000000
Thu Jul 17 19:32:59 2025,17-Jul-2025,225944,48 54.669200 N,063 15.043000 W,2.2,278.2,A,DoorSpread,DoorMaster,3.515000,D,S,902119.000000
Thu Jul 17 19:32:59 2025,17-Jul-2025,225945,48 54.669200 N,063 15.043900 W,2.2,277.9,A,DoorSpread,DoorMaster,3.515000,D,S,902119.000000
Thu Jul 17 19:32:59 2025,17-Jul-2025,225946,48 54.669200 N,063 15.044700 W,2.1,277.7,A,DoorSpread,DoorMaster,3.515000,D,S,902119.000000
Thu Jul 17 19:32:59 2025,17-Jul-2025,225947,48 54.669300 N,063 15.045600 W,2.1,277.5,A,DoorSpread,DoorMaster,3.515000,D,S,902119.000000
Thu Jul 17 19:32:59 2025,17-Jul-2025,225948,48 54.669400 N,063 15.046600 W,2.1,277.5,A,DoorSpread,DoorMaster,3.515000,D,S,902119.000000
Thu Jul 17 19:32:59 2025,17-Jul-2025,225949,48 54.669600 N,063 15.047600 W,2.1,277.5,A,DoorSpread,DoorMaster,3.515000,D,S,902119.000000
Thu Jul 17 19:32:59 2025,17-Jul-2025,225950,48 54.669600 N,063 15.048400 W,2.0,277.3,A,DoorSpread,DoorMaster,3.515000,D,S,902119.000000
Thu Jul 17 19:32:59 2025,17-Jul-2025,225951,48 54.669500 N,063 15.049100 W,1.9,276.7,A,DoorSpread,DoorMaster,3.515000,D,S,902119.000000
Thu Jul 17 19:32:59 2025,17-Jul-2025,225952,48 54.669400 N,063 15.049900 W,1.9,276.1,A,DoorSpread,DoorMaster,3.515000,D,S,902119.000000
Thu Jul 17 19:32:59 2025,17-Jul-2025,225953,48 54.669600 N,063 15.050900 W,2.0,276.3,A,DoorSpread,DoorMaster,3.515000,D,S,902119.000000
Thu Jul 17 19:32:59 2025,17-Jul-2025,225954,48 54.669700 N,063 15.051800 W,2.0,276.4,A,DoorSpread,DoorMaster,3.515000,D,S,902119.000000
Thu Jul 17 19:32:59 2025,17-Jul-2025,225955,48 54.669700 N,063 15.052700 W,2.0,276.5,A,DoorSpread,DoorMaster,3.515000,D,S,902119.000000
Thu Jul 17 19:32:59 2025,17-Jul-2025,225956,48 54.669700 N,063 15.053700 W,2.1,276.2,A,DoorSpread,DoorMaster,3.515000,D,S,902119.000000
Thu Jul 17 19:32:59 2025,17-Jul-2025,225957,48 54.669600 N,063 15.054700 W,2.1,276.1,A,DoorSpread,DoorMaster,3.515000,D,S,902119.000000
Thu Jul 17 19:32:59 2025,17-Jul-2025,225958,48 54.669600 N,063 15.055700 W,2.1,276.2,A,DoorSpread,DoorMaster,3.515000,D,S,902119.000000
Thu Jul 17 19:32:59 2025,17-Jul-2025,225959,48 54.669600 N,063 15.056600 W,2.0,276.1,A,DoorSpread,DoorMaster,3.515000,D,S,902119.000000
Thu Jul 17 19:32:59 2025,17-Jul-2025,230000,48 54.669500 N,063 15.057500 W,2.1,275.4,A,DoorSpread,DoorMaster,3.515000,D,S,902119.000000
Thu Jul 17 19:32:59 2025,17-Jul-2025,230001,48 54.669400 N,063 15.058500 W,2.1,275.1,A,DoorSpread,DoorMaster,3.515000,D,S,902119.000000
Thu Jul 17 19:32:59 2025,17-Jul-2025,230002,48 54.669600 N,063 15.059400 W,2.1,275.6,A,DoorSpread,DoorMaster,3.515000,D,S,902119.000000
Thu Jul 17 19:32:59 2025,17-Jul-2025,230003,48 54.669700 N,063 15.060300 W,2.1,275.9,A,DoorSpread,DoorMaster,3.515000,D,S,902119.000000
Thu Jul 17 19:32:59 2025,17-Jul-2025,230004,48 54.669800 N,063 15.061200 W,2.2,275.4,A,DoorSpread,DoorMaster,3.515000,D,S,902119.000000
Thu Jul 17 19:32:59 2025,17-Jul-2025,230005,48 54.669800 N,063 15.062100 W,2.1,275.1,A,DoorSpread,DoorMaster,3.515000,D,S,902119.000000
Thu Jul 17 19:32:59 2025,17-Jul-2025,230006,48 54.670000 N,063 15.063000 W,2.1,275.5,A,DoorSpread,DoorMaster,3.515000,D,S,902119.000000
Thu Jul 17 19:32:59 2025,17-Jul-2025,230007,48 54.670100 N,063 15.063900 W,2.1,275.6,A,DoorSpread,DoorMaster,3.515000,D,S,902119.000000
Thu Jul 17 19:32:59 2025,17-Jul-2025,230008,48 54.670100 N,063 15.064800 W,2.1,275.4,A,DoorSpread,DoorMaster,3.515000,D,S,902119.000000
Thu Jul 17 19:32:59 2025,17-Jul-2025,230009,48 54.670200 N,063 15.065800 W,2.1,275.3,A,DoorSpread,DoorMaster,3.515000,D,S,902119.000000
Thu Jul 17 19:32:59 2025,17-Jul-2025,230010,48 54.670200 N,063 15.066600 W,2.1,275.5,A,DoorSpread,DoorMaster,3.515000,D,S,902119.000000
Thu Jul 17 19:32:59 2025,17-Jul-2025,230011,48 54.670400 N,063 15.067300 W,2.1,275.8,A,DoorSpread,DoorMaster,3.515000,D,S,902119.000000
Thu Jul 17 19:32:59 2025,17-Jul-2025,230012,48 54.670600 N,063 15.068100 W,2.1,276.2,A,DoorSpread,DoorMaster,3.515000,D,S,902119.000000
Thu Jul 17 19:32:59 2025,17-Jul-2025,230013,48 54.670900 N,063 15.068800 W,2.1,276.8,A,DoorSpread,DoorMaster,3.515000,D,S,902119.000000
Thu Jul 17 19:32:59 2025,17-Jul-2025,230014,48 54.671000 N,063 15.069500 W,2.1,277.2,A,DoorSpread,DoorMaster,3.515000,D,S,902119.000000
Thu Jul 17 19:32:59 2025,17-Jul-2025,230015,48 54.671100 N,063 15.070200 W,2.1,277.2,A,DoorSpread,DoorMaster,3.515000,D,S,902119.000000
Thu Jul 17 19:32:59 2025,17-Jul-2025,230016,48 54.671200 N,063 15.070900 W,2.0,277.1,A,DoorSpread,DoorMaster,3.515000,D,S,902119.000000
Thu Jul 17 19:32:59 2025,17-Jul-2025,230017,48 54.671300 N,063 15.071700 W,2.1,277.1,A,DoorSpread,DoorMaster,3.515000,D,S,902119.000000
Thu Jul 17 19:32:59 2025,17-Jul-2025,230018,48 54.671500 N,063 15.072600 W,2.1,277.7,A,DoorSpread,DoorMaster,3.515000,D,S,902119.000000
Thu Jul 17 19:32:59 2025,17-Jul-2025,230019,48 54.671700 N,063 15.073400 W,2.1,278.2,A,DoorSpread,DoorMaster,3.515000,D,S,902119.000000
Thu Jul 17 19:32:59 2025,17-Jul-2025,230020,48 54.671800 N,063 15.074200 W,2.1,278.5,A,DoorSpread,DoorMaster,3.515000,D,S,902119.000000
Thu Jul 17 19:32:59 2025,17-Jul-2025,230021,48 54.671800 N,063 15.075000 W,2.1,278.5,A,DoorSpread,DoorMaster,3.515000,D,S,902119.000000
Thu Jul 17 19:32:59 2025,17-Jul-2025,230022,48 54.671900 N,063 15.075700 W,2.1,278.4,A,DoorSpread,DoorMaster,3.515000,D,S,902119.000000
Thu Jul 17 19:32:59 2025,17-Jul-2025,230023,48 54.671800 N,063 15.076400 W,2.0,278.2,A,DoorSpread,DoorMaster,3.515000,D,S,902119.000000
Thu Jul 17 19:32:59 2025,17-Jul-2025,230024,48 54.671900 N,063 15.077000 W,2.0,278.2,A,DoorSpread,DoorMaster,3.515000,D,S,902119.000000
Thu Jul 17 19:32:59 2025,17-Jul-2025,230025,48 54.672100 N,063 15.078000 W,2.1,278.3,A,DoorSpread,DoorMaster,3.515000,D,S,902119.000000
Thu Jul 17 19:32:59 2025,17-Jul-2025,230026,48 54.672200 N,063 15.078800 W,2.1,278.3,A,DoorSpread,DoorMaster,3.515000,D,S,902119.000000
Thu Jul 17 19:32:59 2025,17-Jul-2025,230027,48 54.672300 N,063 15.079600 W,2.1,278.1,A,DoorSpread,DoorMaster,3.515000,D,S,902119.000000
Thu Jul 17 19:32:59 2025,17-Jul-2025,230028,48 54.672500 N,063 15.080600 W,2.1,278.1,A,DoorSpread,DoorMaster,3.515000,D,S,902119.000000
Thu Jul 17 19:32:59 2025,17-Jul-2025,230029,48 54.672700 N,063 15.081600 W,2.1,278.5,A,DoorSpread,DoorMaster,3.515000,D,S,902119.000000
Thu Jul 17 19:32:59 2025,17-Jul-2025,230030,48 54.672900 N,063 15.082400 W,2.1,278.7,A,DoorSpread,DoorMaster,3.515000,D,S,902119.000000
Thu Jul 17 19:32:59 2025,17-Jul-2025,230031,48 54.673000 N,063 15.083300 W,2.1,278.7,A,DoorSpread,DoorMaster,3.515000,D,S,902119.000000
Thu Jul 17 19:32:59 2025,17-Jul-2025,230032,48 54.673000 N,063 15.084300 W,2.2,278.7,A,DoorSpread,DoorMaster,3.515000,D,S,902119.000000
Thu Jul 17 19:32:59 2025,17-Jul-2025,230033,48 54.673100 N,063 15.085300 W,2.2,278.9,A,DoorSpread,DoorMaster,3.515000,D,S,902119.000000
Thu Jul 17 19:32:59 2025,17-Jul-2025,230034,48 54.673200 N,063 15.086200 W,2.1,279.1,A,DoorSpread,DoorMaster,3.515000,D,S,902119.000000
Thu Jul 17 19:32:59 2025,17-Jul-2025,230035,48 54.673300 N,063 15.087100 W,2.1,279.0,A,DoorSpread,DoorMaster,3.515000,D,S,902119.000000
Thu Jul 17 19:32:59 2025,17-Jul-2025,230036,48 54.673300 N,063 15.088200 W,2.2,278.8,A,DoorSpread,DoorMaster,3.515000,D,S,902119.000000
Thu Jul 17 19:32:59 2025,17-Jul-2025,230037,48 54.673500 N,063 15.089200 W,2.2,278.7,A,DoorSpread,DoorMaster,3.515000,D,S,902119.000000
Thu Jul 17 19:32:59 2025,17-Jul-2025,230038,48 54.673600 N,063 15.090000 W,2.1,278.7,A,DoorSpread,DoorMaster,3.515000,D,S,902119.000000
Thu Jul 17 19:32:59 2025,17-Jul-2025,230039,48 54.673700 N,063 15.090800 W,2.1,278.9,A,DoorSpread,DoorMaster,3.515000,D,S,902119.000000
Thu Jul 17 19:32:59 2025,17-Jul-2025,230040,48 54.673900 N,063 15.091900 W,2.2,279.4,A,DoorSpread,DoorMaster,3.515000,D,S,902119.000000
Thu Jul 17 19:32:59 2025,17-Jul-2025,230041,48 54.673900 N,063 15.092800 W,2.1,279.5,A,DoorSpread,DoorMaster,3.515000,D,S,902119.000000
Thu Jul 17 19:32:59 2025,17-Jul-2025,230042,48 54.673900 N,063 15.093600 W,2.1,279.4,A,DoorSpread,DoorMaster,3.515000,D,S,902119.000000
Thu Jul 17 19:32:59 2025,17-Jul-2025,230043,48 54.673900 N,063 15.094300 W,2.0,279.2,A,DoorSpread,DoorMaster,3.515000,D,S,902119.000000
Thu Jul 17 19:32:59 2025,17-Jul-2025,230044,48 54.674000 N,063 15.095000 W,2.0,279.5,A,DoorSpread,DoorMaster,3.515000,D,S,902119.000000
Thu Jul 17 19:32:59 2025,17-Jul-2025,230045,48 54.674200 N,063 15.096000 W,2.1,280.2,A,DoorSpread,DoorMaster,3.515000,D,S,902119.000000
Thu Jul 17 19:32:59 2025,17-Jul-2025,230046,48 54.674400 N,063 15.096800 W,2.0,280.5,A,DoorSpread,DoorMaster,3.515000,D,S,902119.000000
Thu Jul 17 19:32:59 2025,17-Jul-2025,230047,48 54.674300 N,063 15.097500 W,1.9,280.5,A,DoorSpread,DoorMaster,3.515000,D,S,902119.000000
Thu Jul 17 19:32:59 2025,17-Jul-2025,230048,48 54.674300 N,063 15.098300 W,1.9,280.3,A,DoorSpread,DoorMaster,3.515000,D,S,902119.000000
Thu Jul 17 19:32:59 2025,17-Jul-2025,230049,48 54.674300 N,063 15.099100 W,1.9,280.0,A,DoorSpread,DoorMaster,3.515000,D,S,902119.000000
Thu Jul 17 19:32:59 2025,17-Jul-2025,230050,48 54.674400 N,063 15.099900 W,1.9,279.9,A,DoorSpread,DoorMaster,3.515000,D,S,902119.000000
Thu Jul 17 19:32:59 2025,17-Jul-2025,230051,48 54.674500 N,063 15.100600 W,1.9,280.5,A,DoorSpread,DoorMaster,3.515000,D,S,902119.000000
Thu Jul 17 19:32:59 2025,17-Jul-2025,230052,48 54.674700 N,063 15.101300 W,1.9,280.9,A,DoorSpread,DoorMaster,3.515000,D,S,902119.000000
Thu Jul 17 19:32:59 2025,17-Jul-2025,230053,48 54.674700 N,063 15.102100 W,1.9,280.7,A,DoorSpread,DoorMaster,3.515000,D,S,902119.000000
Thu Jul 17 19:32:59 2025,17-Jul-2025,230054,48 54.674700 N,063 15.102900 W,1.9,280.5,A,DoorSpread,DoorMaster,3.515000,D,S,902119.000000
Thu Jul 17 19:32:59 2025,17-Jul-2025,230055,48 54.674900 N,063 15.103700 W,2.0,280.8,A,DoorSpread,DoorMaster,3.515000,D,S,902119.000000
Thu Jul 17 19:32:59 2025,17-Jul-2025,230056,48 54.675300 N,063 15.104500 W,2.0,281.4,A,DoorSpread,DoorMaster,3.515000,D,S,902119.000000
Thu Jul 17 19:32:59 2025,17-Jul-2025,230057,48 54.675500 N,063 15.105300 W,2.0,281.3,A,DoorSpread,DoorMaster,3.515000,D,S,902119.000000
Thu Jul 17 19:32:59 2025,17-Jul-2025,230058,48 54.675500 N,063 15.106000 W,1.9,280.9,A,DoorSpread,DoorMaster,3.515000,D,S,902119.000000
Thu Jul 17 19:32:59 2025,17-Jul-2025,230059,48 54.675600 N,063 15.106700 W,1.9,280.4,A,DoorSpread,DoorMaster,3.515000,D,S,902119.000000
Thu Jul 17 19:32:59 2025,17-Jul-2025,230100,48 54.675700 N,063 15.107600 W,1.9,280.2,A,DoorSpread,DoorMaster,3.515000,D,S,902119.000000
Thu Jul 17 19:32:59 2025,17-Jul-2025,230101,48 54.675900 N,063 15.108500 W,1.9,280.0,A,DoorSpread,DoorMaster,3.515000,D,S,902119.000000
Thu Jul 17 19:32:59 2025,17-Jul-2025,230102,48 54.675900 N,063 15.109400 W,2.0,279.8,A,DoorSpread,DoorMaster,3.515000,D,S,902119.000000
Thu Jul 17 19:32:59 2025,17-Jul-2025,230103,48 54.676000 N,063 15.110200 W,1.9,279.6,A,DoorSpread,DoorMaster,3.515000,D,S,902119.000000
Thu Jul 17 19:32:59 2025,17-Jul-2025,230104,48 54.676000 N,063 15.111000 W,1.9,279.4,A,DoorSpread,DoorMaster,3.515000,D,S,902119.000000
Thu Jul 17 19:32:59 2025,17-Jul-2025,230105,48 54.676100 N,063 15.111900 W,1.9,279.3,A,DoorSpread,DoorMaster,3.515000,D,S,902119.000000
Thu Jul 17 19:32:59 2025,17-Jul-2025,230106,48 54.676000 N,063 15.112700 W,2.0,279.1,A,DoorSpread,DoorMaster,3.515000,D,S,902119.000000
Thu Jul 17 19:32:59 2025,17-Jul-2025,230107,48 54.676100 N,063 15.113800 W,2.0,278.9,A,DoorSpread,DoorMaster,3.515000,D,S,902119.000000
Thu Jul 17 19:32:59 2025,17-Jul-2025,230108,48 54.676100 N,063 15.114700 W,2.0,278.7,A,DoorSpread,DoorMaster,3.515000,D,S,902119.000000
Thu Jul 17 19:32:59 2025,17-Jul-2025,230109,48 54.676200 N,063 15.115600 W,2.0,278.9,A,DoorSpread,DoorMaster,3.515000,D,S,902119.000000
Thu Jul 17 19:32:59 2025,17-Jul-2025,230110,48 54.676300 N,063 15.116500 W,2.1,279.5,A,DoorSpread,DoorMaster,3.515000,D,S,902119.000000
Thu Jul 17 19:32:59 2025,17-Jul-2025,230111,48 54.676400 N,063 15.117500 W,2.1,279.8,A,DoorSpread,DoorMaster,3.515000,D,S,902119.000000
Thu Jul 17 19:32:59 2025,17-Jul-2025,230112,48 54.676400 N,063 15.118300 W,2.0,279.7,A,DoorSpread,DoorMaster,3.515000,D,S,902119.000000
Thu Jul 17 19:32:59 2025,17-Jul-2025,230113,48 54.676300 N,063 15.119000 W,2.0,279.5,A,DoorSpread,DoorMaster,3.515000,D,S,902119.000000
Thu Jul 17 19:32:59 2025,17-Jul-2025,230114,48 54.676400 N,063 15.119900 W,2.0,279.6,A,DoorSpread,DoorMaster,3.515000,D,S,902119.000000
Thu Jul 17 19:32:59 2025,17-Jul-2025,230115,48 54.676500 N,063 15.120800 W,2.0,279.7,A,DoorSpread,DoorMaster,3.515000,D,S,902119.000000
Thu Jul 17 19:32:59 2025,17-Jul-2025,230116,48 54.676500 N,063 15.121700 W,2.0,279.9,A,DoorSpread,DoorMaster,3.515000,D,S,902119.000000
Thu Jul 17 19:32:59 2025,17-Jul-2025,230117,48 54.676400 N,063 15.122500 W,2.0,279.8,A,DoorSpread,DoorMaster,3.515000,D,S,902119.000000
Thu Jul 17 19:32:59 2025,17-Jul-2025,230118,48 54.676400 N,063 15.123400 W,2.0,279.6,A,DoorSpread,DoorMaster,3.515000,D,S,902119.000000
Thu Jul 17 19:32:59 2025,17-Jul-2025,230119,48 54.676300 N,063 15.124200 W,2.0,279.5,A,DoorSpread,DoorMaster,3.515000,D,S,902119.000000
Thu Jul 17 19:32:59 2025,17-Jul-2025,230120,48 54.676400 N,063 15.124900 W,2.0,279.4,A,DoorSpread,DoorMaster,3.515000,D,S,902119.000000
Thu Jul 17 19:32:59 2025,17-Jul-2025,230121,48 54.676400 N,063 15.125700 W,2.0,279.5,A,DoorSpread,DoorMaster,3.515000,D,S,902119.000000
Thu Jul 17 19:32:59 2025,17-Jul-2025,230122,48 54.676400 N,063 15.126500 W,2.1,279.4,A,DoorSpread,DoorMaster,3.515000,D,S,902119.000000
Thu Jul 17 19:32:59 2025,17-Jul-2025,230123,48 54.676400 N,063 15.127400 W,2.0,279.0,A,DoorSpread,DoorMaster,3.515000,D,S,902119.000000
Thu Jul 17 19:32:59 2025,17-Jul-2025,230124,48 54.676400 N,063 15.128300 W,2.1,278.8,A,DoorSpread,DoorMaster,3.515000,D,S,902119.000000
Thu Jul 17 19:32:59 2025,17-Jul-2025,230125,48 54.676500 N,063 15.129000 W,2.0,278.8,A,DoorSpread,DoorMaster,3.515000,D,S,902119.000000
Thu Jul 17 19:32:59 2025,17-Jul-2025,230126,48 54.676600 N,063 15.129700 W,2.0,278.9,A,DoorSpread,DoorMaster,3.515000,D,S,902119.000000
Thu Jul 17 19:32:59 2025,17-Jul-2025,230127,48 54.676700 N,063 15.130500 W,2.0,279.0,A,DoorSpread,DoorMaster,3.515000,D,S,902119.000000
Thu Jul 17 19:32:59 2025,17-Jul-2025,230128,48 54.676700 N,063 15.131300 W,2.0,278.7,A,DoorSpread,DoorMaster,3.515000,D,S,902119.000000
Thu Jul 17 19:32:59 2025,17-Jul-2025,230129,48 54.676700 N,063 15.132100 W,2.0,278.6,A,DoorSpread,DoorMaster,3.515000,D,S,902119.000000
Thu Jul 17 19:32:59 2025,17-Jul-2025,230130,48 54.676800 N,063 15.132900 W,2.0,278.6,A,DoorSpread,DoorMaster,3.515000,D,S,902119.000000
Thu Jul 17 19:32:59 2025,17-Jul-2025,230131,48 54.677000 N,063 15.133600 W,2.0,278.7,A,DoorSpread,DoorMaster,3.515000,D,S,902119.000000
Thu Jul 17 19:32:59 2025,17-Jul-2025,230132,48 54.677000 N,063 15.134400 W,2.0,278.7,A,DoorSpread,DoorMaster,3.515000,D,S,902119.000000
Thu Jul 17 19:32:59 2025,17-Jul-2025,230133,48 54.677000 N,063 15.135200 W,2.0,278.7,A,DoorSpread,DoorMaster,3.515000,D,S,902119.000000
Thu Jul 17 19:32:59 2025,17-Jul-2025,230134,48 54.677100 N,063 15.136000 W,2.0,278.8,A,DoorSpread,DoorMaster,3.515000,D,S,902119.000000
Thu Jul 17 19:32:59 2025,17-Jul-2025,230135,48 54.677200 N,063 15.136800 W,2.0,278.8,A,DoorSpread,DoorMaster,3.515000,D,S,902119.000000
Thu Jul 17 19:32:59 2025,17-Jul-2025,230136,48 54.677200 N,063 15.137600 W,2.0,278.8,A,DoorSpread,DoorMaster,3.515000,D,S,902119.000000
Thu Jul 17 19:32:59 2025,17-Jul-2025,230137,48 54.677300 N,063 15.138500 W,2.0,278.7,A,DoorSpread,DoorMaster,3.515000,D,S,902119.000000
Thu Jul 17 19:32:59 2025,17-Jul-2025,230138,48 54.677300 N,063 15.139300 W,1.9,278.7,A,DoorSpread,DoorMaster,3.515000,D,S,902119.000000
Thu Jul 17 19:32:59 2025,17-Jul-2025,230139,48 54.677400 N,063 15.140100 W,1.9,278.8,A,DoorSpread,DoorMaster,3.515000,D,S,902119.000000
Thu Jul 17 19:32:59 2025,17-Jul-2025,230140,48 54.677500 N,063 15.140900 W,1.9,278.8,A,DoorSpread,DoorMaster,3.515000,D,S,902119.000000
Thu Jul 17 19:32:59 2025,17-Jul-2025,230141,48 54.677500 N,063 15.141700 W,1.9,278.7,A,DoorSpread,DoorMaster,3.515000,D,S,902119.000000
Thu Jul 17 19:32:59 2025,17-Jul-2025,230142,48 54.677400 N,063 15.142600 W,1.9,278.7,A,DoorSpread,DoorMaster,3.515000,D,S,902119.000000
Thu Jul 17 19:32:59 2025,17-Jul-2025,230143,48 54.677400 N,063 15.143500 W,1.9,278.6,A,DoorSpread,DoorMaster,3.515000,D,S,902119.000000
Thu Jul 17 19:32:59 2025,17-Jul-2025,230144,48 54.677500 N,063 15.144300 W,2.0,279.0,A,DoorSpread,DoorMaster,3.515000,D,S,902119.000000
Thu Jul 17 19:32:59 2025,17-Jul-2025,230145,48 54.677700 N,063 15.145200 W,2.0,279.5,A,DoorSpread,DoorMaster,3.515000,D,S,902119.000000
Thu Jul 17 19:32:59 2025,17-Jul-2025,230146,48 54.677900 N,063 15.146000 W,2.0,280.2,A,DoorSpread,DoorMaster,3.515000,D,S,902119.000000
Thu Jul 17 19:32:59 2025,17-Jul-2025,230147,48 54.678100 N,063 15.146900 W,2.0,280.0,A,DoorSpread,DoorMaster,3.515000,D,S,902119.000000
Thu Jul 17 19:32:59 2025,17-Jul-2025,230148,48 54.678100 N,063 15.147600 W,2.0,279.8,A,DoorSpread,DoorMaster,3.515000,D,S,902119.000000
Thu Jul 17 19:32:59 2025,17-Jul-2025,230149,48 54.678400 N,063 15.148400 W,2.1,280.6,A,DoorSpread,DoorMaster,3.515000,D,S,902119.000000
Thu Jul 17 19:32:59 2025,17-Jul-2025,230150,48 54.678700 N,063 15.149200 W,2.1,281.5,A,DoorSpread,DoorMaster,3.515000,D,S,902119.000000
Thu Jul 17 19:32:59 2025,17-Jul-2025,230151,48 54.678900 N,063 15.150100 W,2.0,282.0,A,DoorSpread,DoorMaster,3.515000,D,S,902119.000000
Thu Jul 17 19:32:59 2025,17-Jul-2025,230152,48 54.678900 N,063 15.150900 W,2.0,282.0,A,DoorSpread,DoorMaster,3.515000,D,S,902119.000000
Thu Jul 17 19:32:59 2025,17-Jul-2025,230153,48 54.678900 N,063 15.151700 W,2.0,281.6,A,DoorSpread,DoorMaster,3.515000,D,S,902119.000000
Thu Jul 17 19:32:59 2025,17-Jul-2025,230154,48 54.679000 N,063 15.152800 W,2.1,281.4,A,DoorSpread,DoorMaster,3.515000,D,S,902119.000000
Thu Jul 17 19:32:59 2025,17-Jul-2025,230155,48 54.679200 N,063 15.153900 W,2.2,281.4,A,DoorSpread,DoorMaster,3.515000,D,S,902119.000000
Thu Jul 17 19:32:59 2025,17-Jul-2025,230156,48 54.679300 N,063 15.155000 W,2.3,281.0,A,DoorSpread,DoorMaster,3.515000,D,S,902119.000000
Thu Jul 17 19:32:59 2025,17-Jul-2025,230157,48 54.679300 N,063 15.156300 W,2.4,279.9,A,DoorSpread,DoorMaster,3.515000,D,S,902119.000000
Thu Jul 17 19:32:59 2025,17-Jul-2025,230158,48 54.679200 N,063 15.157500 W,2.5,278.8,A,DoorSpread,DoorMaster,3.515000,D,S,902119.000000
Thu Jul 17 19:32:59 2025,17-Jul-2025,230159,48 54.679200 N,063 15.158700 W,2.6,277.8,A,DoorSpread,DoorMaster,3.515000,D,S,902119.000000
Thu Jul 17 19:32:59 2025,17-Jul-2025,230200,48 54.679300 N,063 15.160100 W,2.8,277.2,A,DoorSpread,DoorMaster,3.515000,D,S,902119.000000
Thu Jul 17 19:32:59 2025,17-Jul-2025,230201,48 54.679400 N,063 15.161600 W,2.9,276.5,A,DoorSpread,DoorMaster,3.515000,D,S,902119.000000
Thu Jul 17 19:32:59 2025,17-Jul-2025,230202,48 54.679500 N,063 15.163100 W,3.0,275.6,A,DoorSpread,DoorMaster,3.515000,D,S,902119.000000
Thu Jul 17 19:32:59 2025,17-Jul-2025,230203,48 54.679400 N,063 15.164700 W,3.1,274.8,A,DoorSpread,DoorMaster,3.515000,D,S,902119.000000
Thu Jul 17 19:32:59 2025,17-Jul-2025,230204,48 54.679500 N,063 15.166200 W,3.3,274.8,A,DoorSpread,DoorMaster,3.515000,D,S,902119.000000
Thu Jul 17 19:32:59 2025,17-Jul-2025,230205,48 54.679700 N,063 15.168000 W,3.4,275.1,A,DoorSpread,DoorMaster,3.515000,D,S,902119.000000
Thu Jul 17 19:32:59 2025,17-Jul-2025,230206,48 54.679800 N,063 15.169800 W,3.5,274.8,A,DoorSpread,DoorMaster,3.515000,D,S,902119.000000
Thu Jul 17 19:32:59 2025,17-Jul-2025,230207,48 54.679800 N,063 15.171500 W,3.6,274.2,A,DoorSpread,DoorMaster,3.515000,D,S,902119.000000
Thu Jul 17 19:32:59 2025,17-Jul-2025,230208,48 54.679800 N,063 15.173200 W,3.7,273.7,A,DoorSpread,DoorMaster,3.515000,D,S,902119.000000
Thu Jul 17 19:32:59 2025,17-Jul-2025,230209,48 54.679800 N,063 15.175000 W,3.8,273.8,A,DoorSpread,DoorMaster,3.515000,D,S,902119.000000
Thu Jul 17 19:32:59 2025,17-Jul-2025,230210,48 54.679900 N,063 15.176800 W,3.9,274.2,A,DoorSpread,DoorMaster,3.515000,D,S,902119.000000
Thu Jul 17 19:32:59 2025,17-Jul-2025,230211,48 54.680100 N,063 15.178500 W,3.9,274.1,A,DoorSpread,DoorMaster,3.515000,D,S,902119.000000
Thu Jul 17 19:32:59 2025,17-Jul-2025,230212,48 54.680200 N,063 15.180200 W,4.0,273.7,A,DoorSpread,DoorMaster,3.515000,D,S,902119.000000
Thu Jul 17 19:32:59 2025,17-Jul-2025,230213,48 54.680300 N,063 15.182100 W,4.1,273.3,A,DoorSpread,DoorMaster,3.515000,D,S,902119.000000
Thu Jul 17 19:32:59 2025,17-Jul-2025,230214,48 54.680500 N,063 15.183900 W,4.1,273.4,A,DoorSpread,DoorMaster,3.515000,D,S,902119.000000
Thu Jul 17 19:32:59 2025,17-Jul-2025,230215,48 54.680800 N,063 15.185700 W,4.2,274.0,A,DoorSpread,DoorMaster,3.515000,D,S,902119.000000
Thu Jul 17 19:32:59 2025,17-Jul-2025,230216,48 54.681000 N,063 15.187400 W,4.2,274.2,A,DoorSpread,DoorMaster,3.515000,D,S,902119.000000
Thu Jul 17 19:32:59 2025,17-Jul-2025,230217,48 54.681200 N,063 15.189200 W,4.2,273.6,A,DoorSpread,DoorMaster,3.515000,D,S,902119.000000
Thu Jul 17 19:32:59 2025,17-Jul-2025,230218,48 54.681300 N,063 15.191000 W,4.2,273.1,A,DoorSpread,DoorMaster,3.515000,D,S,902119.000000
Thu Jul 17 19:32:59 2025,17-Jul-2025,230219,48 54.681400 N,063 15.192900 W,4.3,273.1,A,DoorSpread,DoorMaster,3.515000,D,S,902119.000000
Thu Jul 17 19:32:59 2025,17-Jul-2025,230220,48 54.681600 N,063 15.194800 W,4.3,273.6,A,DoorSpread,DoorMaster,3.515000,D,S,902119.000000
Thu Jul 17 19:32:59 2025,17-Jul-2025,230221,48 54.681700 N,063 15.196800 W,4.4,273.8,A,DoorSpread,DoorMaster,3.515000,D,S,902119.000000
Thu Jul 17 19:32:59 2025,17-Jul-2025,230222,48 54.681700 N,063 15.198600 W,4.3,273.5,A,DoorSpread,DoorMaster,3.515000,D,S,902119.000000
Thu Jul 17 19:32:59 2025,17-Jul-2025,230223,48 54.681800 N,063 15.200400 W,4.3,273.1,A,DoorSpread,DoorMaster,3.515000,D,S,902119.000000
Thu Jul 17 19:32:59 2025,17-Jul-2025,230224,48 54.681900 N,063 15.202200 W,4.3,272.8,A,DoorSpread,DoorMaster,3.515000,D,S,902119.000000
Thu Jul 17 19:32:59 2025,17-Jul-2025,230225,48 54.682000 N,063 15.204000 W,4.3,272.8,A,DoorSpread,DoorMaster,3.515000,D,S,902119.000000
Thu Jul 17 19:32:59 2025,17-Jul-2025,230226,48 54.682100 N,063 15.205900 W,4.4,273.3,A,DoorSpread,DoorMaster,3.515000,D,S,902119.000000
Thu Jul 17 19:32:59 2025,17-Jul-2025,230227,48 54.682200 N,063 15.207900 W,4.5,273.7,A,DoorSpread,DoorMaster,3.515000,D,S,902119.000000
Thu Jul 17 19:32:59 2025,17-Jul-2025,230228,48 54.682200 N,063 15.209900 W,4.5,273.4,A,DoorSpread,DoorMaster,3.515000,D,S,902119.000000
Thu Jul 17 19:32:59 2025,17-Jul-2025,230229,48 54.682100 N,063 15.211700 W,4.4,272.8,A,DoorSpread,DoorMaster,3.515000,D,S,902119.000000
Thu Jul 17 19:32:59 2025,17-Jul-2025,230230,48 54.682100 N,063 15.213500 W,4.4,273.0,A,DoorSpread,DoorMaster,3.515000,D,S,902119.000000
Thu Jul 17 19:32:59 2025,17-Jul-2025,230231,48 54.682200 N,063 15.215500 W,4.5,273.5,A,DoorSpread,DoorMaster,3.515000,D,S,902119.000000
Thu Jul 17 19:32:59 2025,17-Jul-2025,230232,48 54.682300 N,063 15.217500 W,4.5,273.4,A,DoorSpread,DoorMaster,3.515000,D,S,902119.000000
Thu Jul 17 19:32:59 2025,17-Jul-2025,230233,48 54.682200 N,063 15.219300 W,4.5,272.8,A,DoorSpread,DoorMaster,3.515000,D,S,902119.000000
Thu Jul 17 19:32:59 2025,17-Jul-2025,230234,48 54.682300 N,063 15.221100 W,4.5,272.2,A,DoorSpread,DoorMaster,3.515000,D,S,902119.000000
Thu Jul 17 19:32:59 2025,17-Jul-2025,230235,48 54.682300 N,063 15.222900 W,4.5,272.3,A,DoorSpread,DoorMaster,3.515000,D,S,902119.000000
Thu Jul 17 19:32:59 2025,17-Jul-2025,230236,48 54.682500 N,063 15.225000 W,4.6,272.7,A,DoorSpread,DoorMaster,3.515000,D,S,902119.000000
Thu Jul 17 19:32:59 2025,17-Jul-2025,230237,48 54.682600 N,063 15.226900 W,4.6,273.2,A,DoorSpread,DoorMaster,3.515000,D,S,902119.000000
Thu Jul 17 19:32:59 2025,17-Jul-2025,230238,48 54.682800 N,063 15.228900 W,4.6,273.5,A,DoorSpread,DoorMaster,3.515000,D,S,902119.000000
Thu Jul 17 19:32:59 2025,17-Jul-2025,230239,48 54.682900 N,063 15.230700 W,4.5,273.2,A,DoorSpread,DoorMaster,3.515000,D,S,902119.000000
Thu Jul 17 19:32:59 2025,17-Jul-2025,230240,48 54.683000 N,063 15.232500 W,4.5,272.7,A,DoorSpread,DoorMaster,3.515000,D,S,902119.000000
Thu Jul 17 19:32:59 2025,17-Jul-2025,230241,48 54.683200 N,063 15.234200 W,4.5,272.9,A,DoorSpread,DoorMaster,3.515000,D,S,902119.000000
Thu Jul 17 19:32:59 2025,17-Jul-2025,230242,48 54.683500 N,063 15.236000 W,4.5,273.9,A,DoorSpread,DoorMaster,3.515000,D,S,902119.000000
Thu Jul 17 19:32:59 2025,17-Jul-2025,230243,48 54.683600 N,063 15.237800 W,4.5,274.2,A,DoorSpread,DoorMaster,3.515000,D,S,902119.000000
Thu Jul 17 19:32:59 2025,17-Jul-2025,230244,48 54.683600 N,063 15.239500 W,4.5,273.7,A,DoorSpread,DoorMaster,3.515000,D,S,902119.000000
Thu Jul 17 19:32:59 2025,17-Jul-2025,230245,48 54.683500 N,063 15.241300 W,4.4,273.2,A,DoorSpread,DoorMaster,3.515000,D,S,902119.000000
Thu Jul 17 19:32:59 2025,17-Jul-2025,230246,48 54.683600 N,063 15.243100 W,4.4,273.7,A,DoorSpread,DoorMaster,3.515000,D,S,902119.000000
Thu Jul 17 19:32:59 2025,17-Jul-2025,230247,48 54.683900 N,063 15.245100 W,4.5,274.6,A,DoorSpread,DoorMaster,3.515000,D,S,902119.000000
Thu Jul 17 19:32:59 2025,17-Jul-2025,230248,48 54.684100 N,063 15.247200 W,4.5,275.1,A,DoorSpread,DoorMaster,3.515000,D,S,902119.000000
Thu Jul 17 19:32:59 2025,17-Jul-2025,230249,48 54.684000 N,063 15.249200 W,4.5,274.5,A,DoorSpread,DoorMaster,3.515000,D,S,902119.000000
Thu Jul 17 19:32:59 2025,17-Jul-2025,230250,48 54.683900 N,063 15.250900 W,4.3,273.9,A,DoorSpread,DoorMaster,3.515000,D,S,902119.000000
Thu Jul 17 19:32:59 2025,17-Jul-2025,230251,48 54.683900 N,063 15.252500 W,4.3,274.2,A,DoorSpread,DoorMaster,3.515000,D,S,902119.000000
Thu Jul 17 19:32:59 2025,17-Jul-2025,230252,48 54.684200 N,063 15.254100 W,4.3,275.1,A,DoorSpread,DoorMaster,3.515000,D,S,902119.000000
Thu Jul 17 19:32:59 2025,17-Jul-2025,230253,48 54.684500 N,063 15.255700 W,4.3,275.3,A,DoorSpread,DoorMaster,3.515000,D,S,902119.000000
Thu Jul 17 19:32:59 2025,17-Jul-2025,230254,48 54.684400 N,063 15.257300 W,4.2,275.0,A,DoorSpread,DoorMaster,3.515000,D,S,902119.000000
Thu Jul 17 19:32:59 2025,17-Jul-2025,230255,48 54.684400 N,063 15.259000 W,4.1,274.6,A,DoorSpread,DoorMaster,3.515000,D,S,902119.000000
Thu Jul 17 19:32:59 2025,17-Jul-2025,230256,48 54.684600 N,063 15.260700 W,4.2,275.2,A,DoorSpread,DoorMaster,3.515000,D,S,902119.000000
Thu Jul 17 19:32:59 2025,17-Jul-2025,230257,48 54.684700 N,063 15.262400 W,4.2,275.9,A,DoorSpread,DoorMaster,3.515000,D,S,902119.000000
Thu Jul 17 19:32:59 2025,17-Jul-2025,230258,48 54.684800 N,063 15.264000 W,4.1,275.8,A,DoorSpread,DoorMaster,3.515000,D,S,902119.000000
Thu Jul 17 19:32:59 2025,17-Jul-2025,230259,48 54.684700 N,063 15.265600 W,4.1,275.5,A,DoorSpread,DoorMaster,3.515000,D,S,902119.000000
Thu Jul 17 19:32:59 2025,17-Jul-2025,230300,48 54.684600 N,063 15.267200 W,4.0,275.0,A,DoorSpread,DoorMaster,3.515000,D,S,902119.000000
Thu Jul 17 19:32:59 2025,17-Jul-2025,230301,48 54.684700 N,063 15.268900 W,4.0,274.6,A,DoorSpread,DoorMaster,3.515000,D,S,902119.000000
Thu Jul 17 19:32:59 2025,17-Jul-2025,230302,48 54.684800 N,063 15.270600 W,4.0,275.0,A,DoorSpread,DoorMaster,3.515000,D,S,902119.000000
Thu Jul 17 19:32:59 2025,17-Jul-2025,230303,48 54.685000 N,063 15.272300 W,4.1,275.3,A,DoorSpread,DoorMaster,3.515000,D,S,902119.000000
Thu Jul 17 19:32:59 2025,17-Jul-2025,230304,48 54.685000 N,063 15.273900 W,4.0,275.2,A,DoorSpread,DoorMaster,3.515000,D,S,902119.000000
Thu Jul 17 19:32:59 2025,17-Jul-2025,230305,48 54.685000 N,063 15.275500 W,4.0,274.6,A,DoorSpread,DoorMaster,3.515000,D,S,902119.000000
Thu Jul 17 19:32:59 2025,17-Jul-2025,230306,48 54.685000 N,063 15.277100 W,4.0,274.3,A,DoorSpread,DoorMaster,3.515000,D,S,902119.000000
Thu Jul 17 19:32:59 2025,17-Jul-2025,230307,48 54.685100 N,063 15.278800 W,4.0,274.1,A,DoorSpread,DoorMaster,3.515000,D,S,902119.000000
Thu Jul 17 19:32:59 2025,17-Jul-2025,230308,48 54.685300 N,063 15.280400 W,4.0,274.1,A,DoorSpread,DoorMaster,3.515000,D,S,902119.000000
Thu Jul 17 19:32:59 2025,17-Jul-2025,230309,48 54.685500 N,063 15.282100 W,4.0,274.1,A,DoorSpread,DoorMaster,3.515000,D,S,902119.000000
Thu Jul 17 19:32:59 2025,17-Jul-2025,230310,48 54.685600 N,063 15.283800 W,4.0,274.0,A,DoorSpread,DoorMaster,3.515000,D,S,902119.000000
Thu Jul 17 19:32:59 2025,17-Jul-2025,230311,48 54.685700 N,063 15.285600 W,4.0,273.9,A,DoorSpread,DoorMaster,3.515000,D,S,902119.000000
Thu Jul 17 19:32:59 2025,17-Jul-2025,230312,48 54.685700 N,063 15.287300 W,4.0,273.6,A,DoorSpread,DoorMaster,3.515000,D,S,902119.000000
Thu Jul 17 19:32:59 2025,17-Jul-2025,230313,48 54.685600 N,063 15.289100 W,4.0,273.6,A,DoorSpread,DoorMaster,3.515000,D,S,902119.000000
Thu Jul 17 19:32:59 2025,17-Jul-2025,230314,48 54.685500 N,063 15.290900 W,4.0,273.7,A,DoorSpread,DoorMaster,3.515000,D,S,902119.000000
Thu Jul 17 19:32:59 2025,17-Jul-2025,230315,48 54.685500 N,063 15.292600 W,4.0,273.4,A,DoorSpread,DoorMaster,3.515000,D,S,902119.000000
Thu Jul 17 19:32:59 2025,17-Jul-2025,230316,48 54.685300 N,063 15.294300 W,4.0,272.9,A,DoorSpread,DoorMaster,3.515000,D,S,902119.000000
Thu Jul 17 19:32:59 2025,17-Jul-2025,230317,48 54.685300 N,063 15.296000 W,3.9,272.8,A,DoorSpread,DoorMaster,3.515000,D,S,902119.000000
Thu Jul 17 19:32:59 2025,17-Jul-2025,230318,48 54.685400 N,063 15.297600 W,3.9,273.2,A,DoorSpread,DoorMaster,3.515000,D,S,902119.000000
Thu Jul 17 19:32:59 2025,17-Jul-2025,230319,48 54.685600 N,063 15.299100 W,3.9,273.6,A,DoorSpread,DoorMaster,3.515000,D,S,902119.000000
Thu Jul 17 19:32:59 2025,17-Jul-2025,230320,48 54.685500 N,063 15.300600 W,3.8,273.7,A,DoorSpread,DoorMaster,3.515000,D,S,902119.000000
Thu Jul 17 19:32:59 2025,17-Jul-2025,230321,48 54.685500 N,063 15.302000 W,3.7,273.8,A,DoorSpread,DoorMaster,3.515000,D,S,902119.000000
Thu Jul 17 19:32:59 2025,17-Jul-2025,230322,48 54.685600 N,063 15.303400 W,3.6,274.3,A,DoorSpread,DoorMaster,3.515000,D,S,902119.000000
Thu Jul 17 19:32:59 2025,17-Jul-2025,230323,48 54.685700 N,063 15.304700 W,3.5,275.1,A,DoorSpread,DoorMaster,3.515000,D,S,902119.000000
Thu Jul 17 19:32:59 2025,17-Jul-2025,230324,48 54.685800 N,063 15.306000 W,3.5,275.5,A,DoorSpread,DoorMaster,3.515000,D,S,902119.000000
Thu Jul 17 19:32:59 2025,17-Jul-2025,230325,48 54.685800 N,063 15.307300 W,3.4,275.7,A,DoorSpread,DoorMaster,3.515000,D,S,902119.000000
Thu Jul 17 19:32:59 2025,17-Jul-2025,230326,48 54.685900 N,063 15.308400 W,3.2,275.9,A,DoorSpread,DoorMaster,3.515000,D,S,902119.000000
Thu Jul 17 19:32:59 2025,17-Jul-2025,230327,48 54.686100 N,063 15.309300 W,3.1,276.3,A,DoorSpread,DoorMaster,3.515000,D,S,902119.000000
Thu Jul 17 19:32:59 2025,17-Jul-2025,230328,48 54.686300 N,063 15.310400 W,3.0,277.0,A,DoorSpread,DoorMaster,3.515000,D,S,902119.000000
Thu Jul 17 19:32:59 2025,17-Jul-2025,230329,48 54.686300 N,063 15.311400 W,2.9,277.1,A,DoorSpread,DoorMaster,3.515000,D,S,902119.000000
Thu Jul 17 19:32:59 2025,17-Jul-2025,230330,48 54.686100 N,063 15.312300 W,2.8,276.7,A,DoorSpread,DoorMaster,3.515000,D,S,902119.000000
Thu Jul 17 19:32:59 2025,17-Jul-2025,230331,48 54.686100 N,063 15.313100 W,2.6,276.4,A,DoorSpread,DoorMaster,3.515000,D,S,902119.000000
Thu Jul 17 19:32:59 2025,17-Jul-2025,230332,48 54.686300 N,063 15.313900 W,2.7,277.0,A,DoorSpread,DoorMaster,3.515000,D,S,902119.000000
Thu Jul 17 19:32:59 2025,17-Jul-2025,230333,48 54.686600 N,063 15.315100 W,2.7,278.0,A,DoorSpread,DoorMaster,3.515000,D,S,902119.000000
Thu Jul 17 19:32:59 2025,17-Jul-2025,230334,48 54.686700 N,063 15.316100 W,2.6,278.2,A,DoorSpread,DoorMaster,3.515000,D,S,902119.000000
Thu Jul 17 19:32:59 2025,17-Jul-2025,230335,48 54.686500 N,063 15.316900 W,2.5,278.0,A,DoorSpread,DoorMaster,3.515000,D,S,902119.000000
Thu Jul 17 19:32:59 2025,17-Jul-2025,230336,48 54.686400 N,063 15.317600 W,2.4,277.8,A,DoorSpread,DoorMaster,3.515000,D,S,902119.000000
Thu Jul 17 19:32:59 2025,17-Jul-2025,230337,48 54.686500 N,063 15.318600 W,2.4,278.0,A,DoorSpread,DoorMaster,3.515000,D,S,902119.000000
Thu Jul 17 19:32:59 2025,17-Jul-2025,230338,48 54.686700 N,063 15.319600 W,2.4,278.3,A,DoorSpread,DoorMaster,3.515000,D,S,902119.000000
Thu Jul 17 19:32:59 2025,17-Jul-2025,230339,48 54.686700 N,063 15.320300 W,2.3,278.1,A,DoorSpread,DoorMaster,3.515000,D,S,902119.000000
Thu Jul 17 19:32:59 2025,17-Jul-2025,230340,48 54.686600 N,063 15.320900 W,2.2,277.6,A,DoorSpread,DoorMaster,3.515000,D,S,902119.000000
Thu Jul 17 19:32:59 2025,17-Jul-2025,230341,48 54.686600 N,063 15.321600 W,2.2,277.2,A,DoorSpread,DoorMaster,3.515000,D,S,902119.000000
Thu Jul 17 19:32:59 2025,17-Jul-2025,230342,48 54.686800 N,063 15.322300 W,2.2,277.1,A,DoorSpread,DoorMaster,3.515000,D,S,902119.000000
Thu Jul 17 19:32:59 2025,17-Jul-2025,230343,48 54.686900 N,063 15.323300 W,2.3,277.2,A,DoorSpread,DoorMaster,3.515000,D,S,902119.000000
Thu Jul 17 19:32:59 2025,17-Jul-2025,230344,48 54.687100 N,063 15.324100 W,2.2,276.9,A,DoorSpread,DoorMaster,3.515000,D,S,902119.000000
Thu Jul 17 19:32:59 2025,17-Jul-2025,230345,48 54.687100 N,063 15.324800 W,2.2,276.5,A,DoorSpread,DoorMaster,3.515000,D,S,902119.000000
Thu Jul 17 19:32:59 2025,17-Jul-2025,230346,48 54.687200 N,063 15.325600 W,2.3,276.3,A,DoorSpread,DoorMaster,3.515000,D,S,902119.000000
Thu Jul 17 19:32:59 2025,17-Jul-2025,230347,48 54.687400 N,063 15.326600 W,2.4,276.5,A,DoorSpread,DoorMaster,3.515000,D,S,902119.000000
Thu Jul 17 19:32:59 2025,17-Jul-2025,230348,48 54.687500 N,063 15.327600 W,2.3,276.5,A,DoorSpread,DoorMaster,3.515000,D,S,902119.000000
Thu Jul 17 19:32:59 2025,17-Jul-2025,230349,48 54.687600 N,063 15.328500 W,2.3,276.3,A,DoorSpread,DoorMaster,3.515000,D,S,902119.000000
Thu Jul 17 19:32:59 2025,17-Jul-2025,230350,48 54.687600 N,063 15.329300 W,2.3,275.8,A,DoorSpread,DoorMaster,3.515000,D,S,902119.000000
Thu Jul 17 19:32:59 2025,17-Jul-2025,230351,48 54.687600 N,063 15.330200 W,2.4,275.5,A,DoorSpread,DoorMaster,3.515000,D,S,902119.000000
Thu Jul 17 19:32:59 2025,17-Jul-2025,230352,48 54.687800 N,063 15.331100 W,2.4,275.4,A,DoorSpread,DoorMaster,3.515000,D,S,902119.000000
Thu Jul 17 19:32:59 2025,17-Jul-2025,230353,48 54.687900 N,063 15.332100 W,2.4,275.7,A,DoorSpread,DoorMaster,3.515000,D,S,902119.000000
Thu Jul 17 19:32:59 2025,17-Jul-2025,230354,48 54.688000 N,063 15.333200 W,2.5,275.8,A,DoorSpread,DoorMaster,3.515000,D,S,902119.000000
Thu Jul 17 19:32:59 2025,17-Jul-2025,230355,48 54.688000 N,063 15.334200 W,2.4,275.6,A,DoorSpread,DoorMaster,3.515000,D,S,902119.000000
Thu Jul 17 19:32:59 2025,17-Jul-2025,230356,48 54.687900 N,063 15.335100 W,2.4,275.4,A,DoorSpread,DoorMaster,3.515000,D,S,902119.000000
Thu Jul 17 19:32:59 2025,17-Jul-2025,230357,48 54.688000 N,063 15.336100 W,2.5,275.4,A,DoorSpread,DoorMaster,3.515000,D,S,902119.000000
Thu Jul 17 19:32:59 2025,17-Jul-2025,230358,48 54.688200 N,063 15.337300 W,2.5,275.3,A,DoorSpread,DoorMaster,3.515000,D,S,902119.000000
Thu Jul 17 19:32:59 2025,17-Jul-2025,230359,48 54.688200 N,063 15.338300 W,2.5,275.2,A,DoorSpread,DoorMaster,3.515000,D,S,902119.000000
Thu Jul 17 19:32:59 2025,17-Jul-2025,230400,48 54.688300 N,063 15.339200 W,2.5,275.1,A,DoorSpread,DoorMaster,3.515000,D,S,902119.000000
Thu Jul 17 19:32:59 2025,17-Jul-2025,230401,48 54.688400 N,063 15.340300 W,2.5,274.9,A,DoorSpread,DoorMaster,3.515000,D,S,902119.000000
Thu Jul 17 19:32:59 2025,17-Jul-2025,230402,48 54.688400 N,063 15.341300 W,2.5,274.7,A,DoorSpread,DoorMaster,3.515000,D,S,902119.000000
Thu Jul 17 19:32:59 2025,17-Jul-2025,230403,48 54.688500 N,063 15.342300 W,2.5,274.8,A,DoorSpread,DoorMaster,3.515000,D,S,902119.000000
Thu Jul 17 19:32:59 2025,17-Jul-2025,230404,48 54.688500 N,063 15.343400 W,2.6,274.9,A,DoorSpread,DoorMaster,3.515000,D,S,902119.000000
Thu Jul 17 19:32:59 2025,17-Jul-2025,230405,48 54.688600 N,063 15.344600 W,2.6,275.0,A,DoorSpread,DoorMaster,3.515000,D,S,902119.000000
Thu Jul 17 19:32:59 2025,17-Jul-2025,230406,48 54.688600 N,063 15.345700 W,2.6,274.9,A,DoorSpread,DoorMaster,3.515000,D,S,902119.000000
Thu Jul 17 19:32:59 2025,17-Jul-2025,230407,48 54.688700 N,063 15.346800 W,2.6,275.2,A,DoorSpread,DoorMaster,3.515000,D,S,902119.000000
Thu Jul 17 19:32:59 2025,17-Jul-2025,230408,48 54.688900 N,063 15.348000 W,2.7,276.3,A,DoorSpread,DoorMaster,3.515000,D,S,902119.000000
Thu Jul 17 19:32:59 2025,17-Jul-2025,230409,48 54.689000 N,063 15.349300 W,2.8,276.8,A,DoorSpread,DoorMaster,3.515000,D,S,902119.000000
Thu Jul 17 19:32:59 2025,17-Jul-2025,230410,48 54.689000 N,063 15.350300 W,2.7,276.5,A,DoorSpread,DoorMaster,3.515000,D,S,902119.000000
Thu Jul 17 19:32:59 2025,17-Jul-2025,230411,48 54.688900 N,063 15.351200 W,2.6,276.2,A,DoorSpread,DoorMaster,3.515000,D,S,902119.000000
Thu Jul 17 19:32:59 2025,17-Jul-2025,230412,48 54.689100 N,063 15.352200 W,2.8,277.0,A,DoorSpread,DoorMaster,3.515000,D,S,902119.000000
Thu Jul 17 19:32:59 2025,17-Jul-2025,230413,48 54.689300 N,063 15.353500 W,2.8,277.2,A,DoorSpread,DoorMaster,3.515000,D,S,902119.000000
Thu Jul 17 19:32:59 2025,17-Jul-2025,230414,48 54.689100 N,063 15.354600 W,2.7,276.6,A,DoorSpread,DoorMaster,3.515000,D,S,902119.000000
Thu Jul 17 19:32:59 2025,17-Jul-2025,230415,48 54.688900 N,063 15.355600 W,2.7,275.9,A,DoorSpread,DoorMaster,3.515000,D,S,902119.000000
Thu Jul 17 19:32:59 2025,17-Jul-2025,230416,48 54.688900 N,063 15.356600 W,2.7,275.7,A,DoorSpread,DoorMaster,3.515000,D,S,902119.000000
Thu Jul 17 19:32:59 2025,17-Jul-2025,230417,48 54.689000 N,063 15.357700 W,2.7,276.0,A,DoorSpread,DoorMaster,3.515000,D,S,902119.000000
Thu Jul 17 19:32:59 2025,17-Jul-2025,230418,48 54.688900 N,063 15.358800 W,2.7,276.0,A,DoorSpread,DoorMaster,3.515000,D,S,902119.000000
Thu Jul 17 19:32:59 2025,17-Jul-2025,230419,48 54.688800 N,063 15.360100 W,2.7,275.3,A,DoorSpread,DoorMaster,3.515000,D,S,902119.000000
Thu Jul 17 19:32:59 2025,17-Jul-2025,230420,48 54.688600 N,063 15.361300 W,2.7,274.7,A,DoorSpread,DoorMaster,3.515000,D,S,902119.000000
Thu Jul 17 19:32:59 2025,17-Jul-2025,230421,48 54.688600 N,063 15.362600 W,2.7,274.7,A,DoorSpread,DoorMaster,3.515000,D,S,902119.000000
Thu Jul 17 19:32:59 2025,17-Jul-2025,230422,48 54.688700 N,063 15.363800 W,2.8,275.1,A,DoorSpread,DoorMaster,3.515000,D,S,902119.000000
Thu Jul 17 19:32:59 2025,17-Jul-2025,230423,48 54.688600 N,063 15.365000 W,2.7,275.1,A,DoorSpread,DoorMaster,3.515000,D,S,902119.000000
Thu Jul 17 19:32:59 2025,17-Jul-2025,230424,48 54.688500 N,063 15.366000 W,2.7,274.8,A,DoorSpread,DoorMaster,3.515000,D,S,902119.000000
Thu Jul 17 19:32:59 2025,17-Jul-2025,230425,48 54.688500 N,063 15.367200 W,2.7,274.5,A,DoorSpread,DoorMaster,3.515000,D,S,902119.000000
Thu Jul 17 19:32:59 2025,17-Jul-2025,230426,48 54.688500 N,063 15.368400 W,2.7,274.4,A,DoorSpread,DoorMaster,3.515000,D,S,902119.000000
Thu Jul 17 19:32:59 2025,17-Jul-2025,230427,48 54.688600 N,063 15.369600 W,2.7,274.6,A,DoorSpread,DoorMaster,3.515000,D,S,902119.000000
Thu Jul 17 19:32:59 2025,17-Jul-2025,230428,48 54.688700 N,063 15.370700 W,2.7,274.8,A,DoorSpread,DoorMaster,3.515000,D,S,902119.000000
Thu Jul 17 19:32:59 2025,17-Jul-2025,230429,48 54.688800 N,063 15.371800 W,2.6,274.7,A,DoorSpread,DoorMaster,3.515000,D,S,902119.000000
Thu Jul 17 19:32:59 2025,17-Jul-2025,230430,48 54.688700 N,063 15.372800 W,2.6,274.1,A,DoorSpread,DoorMaster,3.515000,D,S,902119.000000
