Ship Number,Trip Number,Tow Number
AVALON VOYAGER,1,4
Comments
"ZONE12"
CPU Date and Time,GPS Date,GPS Time,Latitude,Longitude,Speed,Heading,Validity,Transducer Name,Sensor Name,Sensor Value,Error Code,Hydrophone,Signal Strength
Thu Jul 17 11:10:38 2025,17-Jul-2025,141038,48 41.112900 N,063 13.533900 W,2.4,204.4,A,DoorSpread,DoorMaster,1.710000,D,P,482587.000000
Thu Jul 17 11:10:38 2025,17-Jul-2025,141039,48 41.112300 N,063 13.534300 W,2.4,204.3,A,DoorSpread,DoorMaster,1.710000,D,P,482587.000000
Thu Jul 17 11:10:41 2025,17-Jul-2025,141040,48 41.111700 N,063 13.534600 W,2.3,204.1,A,Primary,Headline,54.346939,D,S,38420.000000
Thu Jul 17 11:10:41 2025,17-Jul-2025,141041,48 41.111200 N,063 13.534700 W,2.2,203.9,A,Primary,Headline,54.346939,D,S,38420.000000
Thu Jul 17 11:10:41 2025,17-Jul-2025,141042,48 41.110800 N,063 13.535100 W,2.2,203.7,A,Primary,Headline,54.346939,D,S,38420.000000
Thu Jul 17 11:10:44 2025,17-Jul-2025,141043,48 41.110200 N,063 13.535500 W,2.2,203.5,A,DoorSpread,DoorMaster,2.000000,D,P,611261.000000
Thu Jul 17 11:10:44 2025,17-Jul-2025,141044,48 41.109600 N,063 13.535900 W,2.3,203.3,A,DoorSpread,DoorMaster,2.000000,D,P,611261.000000
Thu Jul 17 11:10:46 2025,17-Jul-2025,141045,48 41.109100 N,063 13.536200 W,2.3,203.2,A,Primary,Headline,3.612245,D,S,97796.000000
Thu Jul 17 11:10:46 2025,17-Jul-2025,141046,48 41.108400 N,063 13.536600 W,2.4,203.2,A,Primary,Headline,3.612245,D,S,97796.000000
Thu Jul 17 11:10:46 2025,17-Jul-2025,141047,48 41.107800 N,063 13.537000 W,2.4,203.2,A,Primary,Headline,3.612245,D,S,97796.000000
Thu Jul 17 11:10:49 2025,17-Jul-2025,141048,48 41.107200 N,063 13.537400 W,2.4,203.1,A,DoorSpread,DoorMaster,2.260000,D,P,547715.000000
Thu Jul 17 11:10:49 2025,17-Jul-2025,141049,48 41.106500 N,063 13.537900 W,2.5,203.2,A,DoorSpread,DoorMaster,2.260000,D,P,547715.000000
Thu Jul 17 11:10:51 2025,17-Jul-2025,141050,48 41.105800 N,063 13.538500 W,2.6,203.3,A,Primary,Headline,9.795918,D,S,109307.000000
Thu Jul 17 11:10:51 2025,17-Jul-2025,141051,48 41.105000 N,063 13.539000 W,2.8,203.5,A,Primary,Headline,9.795918,D,S,109307.000000
Thu Jul 17 11:10:51 2025,17-Jul-2025,141052,48 41.104100 N,063 13.539600 W,3.0,203.5,A,Primary,Headline,9.795918,D,S,109307.000000
Thu Jul 17 11:10:54 2025,17-Jul-2025,141053,48 41.103200 N,063 13.540100 W,3.1,203.4,A,DoorSpread,DoorMaster,2.110000,D,P,243723.000000
Thu Jul 17 11:10:54 2025,17-Jul-2025,141054,48 41.102300 N,063 13.540500 W,3.2,203.5,A,DoorSpread,DoorMaster,2.110000,D,P,243723.000000
Thu Jul 17 11:10:54 2025,17-Jul-2025,141055,48 41.101300 N,063 13.541100 W,3.4,203.9,A,DoorSpread,DoorMaster,2.110000,D,P,243723.000000
Thu Jul 17 11:10:57 2025,17-Jul-2025,141056,48 41.100200 N,063 13.541900 W,3.6,204.1,A,Primary,Headline,39.163265,D,S,336875.000000
Thu Jul 17 11:10:57 2025,17-Jul-2025,141057,48 41.099100 N,063 13.542600 W,3.7,204.1,A,Depth,Depth,14.351852,D,S,55226.000000
Thu Jul 17 11:10:57 2025,17-Jul-2025,141058,48 41.098000 N,063 13.543400 W,3.8,204.0,A,Depth,Depth,14.351852,D,S,55226.000000
Thu Jul 17 11:11:00 2025,17-Jul-2025,141059,48 41.097000 N,063 13.544200 W,3.9,204.4,A,DoorSpread,DoorMaster,3.760000,D,S,426837.000000
Thu Jul 17 11:11:00 2025,17-Jul-2025,141100,48 41.096000 N,063 13.545200 W,4.0,205.1,A,DoorSpread,DoorMaster,3.760000,D,S,426837.000000
Thu Jul 17 11:11:02 2025,17-Jul-2025,141101,48 41.095000 N,063 13.546300 W,4.1,205.8,A,Primary,Headline,2.061224,D,S,127406.000000
Thu Jul 17 11:11:02 2025,17-Jul-2025,141102,48 41.093900 N,063 13.547400 W,4.1,206.3,A,Primary,Headline,2.061224,D,S,127406.000000
Thu Jul 17 11:11:02 2025,17-Jul-2025,141103,48 41.092900 N,063 13.548300 W,4.2,206.7,A,Primary,Headline,2.061224,D,S,127406.000000
Thu Jul 17 11:11:05 2025,17-Jul-2025,141104,48 41.091900 N,063 13.549200 W,4.3,207.1,A,DoorSpread,DoorMaster,4.160000,D,P,161580.000000
Thu Jul 17 11:11:05 2025,17-Jul-2025,141105,48 41.090900 N,063 13.550200 W,4.3,207.5,A,DoorSpread,DoorMaster,4.160000,D,P,161580.000000
Thu Jul 17 11:11:07 2025,17-Jul-2025,141106,48 41.089800 N,063 13.551300 W,4.4,207.9,A,Primary,Headline,2.795918,D,S,224400.000000
Thu Jul 17 11:11:07 2025,17-Jul-2025,141107,48 41.088700 N,063 13.552400 W,4.5,208.2,A,Primary,Headline,2.795918,D,S,224400.000000
Thu Jul 17 11:11:07 2025,17-Jul-2025,141108,48 41.087600 N,063 13.553400 W,4.5,208.2,A,Primary,Headline,2.795918,D,S,224400.000000
Thu Jul 17 11:11:07 2025,17-Jul-2025,141109,48 41.086500 N,063 13.554300 W,4.6,208.3,A,Primary,Headline,2.795918,D,S,224400.000000
Thu Jul 17 11:11:11 2025,17-Jul-2025,141110,48 41.085400 N,063 13.555300 W,4.6,208.4,A,DoorSpread,DoorMaster,4.395000,D,P,210893.000000
Thu Jul 17 11:11:12 2025,17-Jul-2025,141111,48 41.084200 N,063 13.556400 W,4.7,208.6,A,Depth,Depth,21.944444,D,S,240738.000000
Thu Jul 17 11:11:12 2025,17-Jul-2025,141112,48 41.083000 N,063 13.557600 W,4.8,208.9,A,Primary,Headline,35.428571,D,S,307824.000000
Thu Jul 17 11:11:12 2025,17-Jul-2025,141113,48 41.081800 N,063 13.558800 W,4.9,209.1,A,Primary,Headline,35.428571,D,S,307824.000000
Thu Jul 17 11:11:12 2025,17-Jul-2025,141114,48 41.080600 N,063 13.560000 W,4.9,209.1,A,Primary,Headline,35.428571,D,S,307824.000000
Thu Jul 17 11:11:16 2025,17-Jul-2025,141115,48 41.079400 N,063 13.561100 W,5.0,209.2,A,DoorSpread,DoorMaster,4.610000,D,S,596859.000000
Thu Jul 17 11:11:16 2025,17-Jul-2025,141116,48 41.078200 N,063 13.562200 W,5.0,209.3,A,DoorSpread,DoorMaster,4.610000,D,S,596859.000000
Thu Jul 17 11:11:18 2025,17-Jul-2025,141117,48 41.077000 N,063 13.563400 W,5.0,209.4,A,Primary,Headline,25.673469,D,S,151203.000000
Thu Jul 17 11:11:19 2025,17-Jul-2025,141118,48 41.075800 N,063 13.564600 W,5.1,209.6,A,Depth,Depth,8.796296,D,S,113576.000000
Thu Jul 17 11:11:19 2025,17-Jul-2025,141119,48 41.074700 N,063 13.565700 W,5.1,209.8,A,Depth,Depth,8.796296,D,S,113576.000000
Thu Jul 17 11:11:19 2025,17-Jul-2025,141120,48 41.073400 N,063 13.566700 W,5.1,209.8,A,Depth,Depth,8.796296,D,S,113576.000000
Thu Jul 17 11:11:22 2025,17-Jul-2025,141121,48 41.072300 N,063 13.567700 W,5.1,209.8,A,DoorSpread,DoorMaster,4.780000,D,S,686033.000000
Thu Jul 17 11:11:22 2025,17-Jul-2025,141122,48 41.071000 N,063 13.568600 W,5.1,209.6,A,DoorSpread,DoorMaster,4.780000,D,S,686033.000000
Thu Jul 17 11:11:24 2025,17-Jul-2025,141123,48 41.069900 N,063 13.569700 W,5.1,209.5,A,Primary,Headline,48.428571,D,S,188300.000000
Thu Jul 17 11:11:24 2025,17-Jul-2025,141124,48 41.068700 N,063 13.570900 W,5.1,209.6,A,Primary,Headline,48.428571,D,S,188300.000000
Thu Jul 17 11:11:26 2025,17-Jul-2025,141125,48 41.067600 N,063 13.572200 W,5.0,209.7,A,Depth,Depth,15.925926,D,S,115241.000000
Thu Jul 17 11:11:27 2025,17-Jul-2025,141126,48 41.066500 N,063 13.573300 W,5.0,209.9,A,DoorSpread,DoorMaster,5.055000,D,S,531126.000000
Thu Jul 17 11:11:27 2025,17-Jul-2025,141127,48 41.065300 N,063 13.574300 W,5.0,210.0,A,DoorSpread,DoorMaster,5.055000,D,S,531126.000000
Thu Jul 17 11:11:29 2025,17-Jul-2025,141128,48 41.064000 N,063 13.575300 W,5.0,210.0,A,Primary,Headline,39.061224,D,S,158475.000000
Thu Jul 17 11:11:29 2025,17-Jul-2025,141129,48 41.062800 N,063 13.576300 W,5.0,209.9,A,Primary,Headline,39.061224,D,S,158475.000000
Thu Jul 17 11:11:29 2025,17-Jul-2025,141130,48 41.061600 N,063 13.577300 W,5.0,209.9,A,Primary,Headline,39.061224,D,S,158475.000000
Thu Jul 17 11:11:29 2025,17-Jul-2025,141131,48 41.060300 N,063 13.578300 W,5.0,209.8,A,Primary,Headline,39.061224,D,S,158475.000000
Thu Jul 17 11:11:33 2025,17-Jul-2025,141132,48 41.059100 N,063 13.579300 W,5.0,209.8,A,Depth,Depth,15.277778,D,S,117169.000000
Thu Jul 17 11:11:33 2025,17-Jul-2025,141133,48 41.057800 N,063 13.580400 W,5.1,209.8,A,Depth,Depth,15.277778,D,S,117169.000000
Thu Jul 17 11:11:34 2025,17-Jul-2025,141134,48 41.056500 N,063 13.581400 W,5.0,209.6,A,Primary,Headline,11.489796,D,S,99341.000000
Thu Jul 17 11:11:34 2025,17-Jul-2025,141135,48 41.055300 N,063 13.582400 W,5.0,209.4,A,Primary,Headline,11.489796,D,S,99341.000000
Thu Jul 17 11:11:34 2025,17-Jul-2025,141136,48 41.054000 N,063 13.583400 W,5.0,209.2,A,Primary,Headline,11.489796,D,S,99341.000000
Thu Jul 17 11:11:38 2025,17-Jul-2025,141137,48 41.052800 N,063 13.584400 W,5.0,209.1,A,DoorSpread,DoorMaster,5.105000,D,S,444262.000000
Thu Jul 17 11:11:38 2025,17-Jul-2025,141138,48 41.051600 N,063 13.585300 W,5.0,208.9,A,DoorSpread,DoorMaster,5.105000,D,S,444262.000000
Thu Jul 17 11:11:40 2025,17-Jul-2025,141139,48 41.050300 N,063 13.586200 W,5.0,208.9,A,Depth,Depth,16.851852,D,S,99950.000000
Thu Jul 17 11:11:40 2025,17-Jul-2025,141140,48 41.049100 N,063 13.587200 W,5.0,208.8,A,Depth,Depth,16.851852,D,S,99950.000000
Thu Jul 17 11:11:40 2025,17-Jul-2025,141141,48 41.047900 N,063 13.588100 W,5.0,208.7,A,Depth,Depth,16.851852,D,S,99950.000000
Thu Jul 17 11:11:40 2025,17-Jul-2025,141142,48 41.046700 N,063 13.589000 W,4.9,208.5,A,Depth,Depth,16.851852,D,S,99950.000000
Thu Jul 17 11:11:44 2025,17-Jul-2025,141143,48 41.045600 N,063 13.590000 W,4.9,208.4,A,DoorSpread,DoorMaster,5.085000,D,S,396406.000000
Thu Jul 17 11:11:45 2025,17-Jul-2025,141144,48 41.044400 N,063 13.590900 W,4.9,208.3,A,Primary,Headline,37.448980,D,S,53198.000000
Thu Jul 17 11:11:45 2025,17-Jul-2025,141145,48 41.043300 N,063 13.591900 W,4.9,208.2,A,Primary,Headline,37.448980,D,S,53198.000000
Thu Jul 17 11:11:47 2025,17-Jul-2025,141146,48 41.042200 N,063 13.592800 W,4.9,208.1,A,Depth,Depth,18.703704,D,S,45041.000000
Thu Jul 17 11:11:47 2025,17-Jul-2025,141147,48 41.041000 N,063 13.593800 W,4.9,208.1,A,Depth,Depth,18.703704,D,S,45041.000000
Thu Jul 17 11:11:49 2025,17-Jul-2025,141148,48 41.039700 N,063 13.594900 W,4.9,207.9,A,DoorSpread,DoorMaster,5.115000,D,P,126066.000000
Thu Jul 17 11:11:49 2025,17-Jul-2025,141149,48 41.038600 N,063 13.595900 W,4.9,207.7,A,DoorSpread,DoorMaster,5.115000,D,P,126066.000000
Thu Jul 17 11:11:51 2025,17-Jul-2025,141150,48 41.037400 N,063 13.596800 W,4.9,207.5,A,Primary,Headline,54.755102,D,S,39093.000000
Thu Jul 17 11:11:51 2025,17-Jul-2025,141151,48 41.036200 N,063 13.597800 W,4.9,207.2,A,Primary,Headline,54.755102,D,S,39093.000000
Thu Jul 17 11:11:51 2025,17-Jul-2025,141152,48 41.035100 N,063 13.598700 W,4.9,207.0,A,Primary,Headline,54.755102,D,S,39093.000000
Thu Jul 17 11:11:54 2025,17-Jul-2025,141153,48 41.034000 N,063 13.599600 W,4.8,206.9,A,Depth,Depth,15.925926,D,S,71780.000000
Thu Jul 17 11:11:55 2025,17-Jul-2025,141154,48 41.032800 N,063 13.600600 W,4.8,206.8,A,DoorSpread,DoorMaster,5.070000,D,S,359146.000000
Thu Jul 17 11:11:55 2025,17-Jul-2025,141155,48 41.031600 N,063 13.601600 W,4.9,206.7,A,DoorSpread,DoorMaster,5.070000,D,S,359146.000000
Thu Jul 17 11:11:56 2025,17-Jul-2025,141156,48 41.030400 N,063 13.602600 W,4.8,206.7,A,Primary,Headline,15.387755,D,S,48421.000000
Thu Jul 17 11:11:56 2025,17-Jul-2025,141157,48 41.029300 N,063 13.603400 W,4.8,206.5,A,Primary,Headline,15.387755,D,S,48421.000000
Thu Jul 17 11:11:56 2025,17-Jul-2025,141158,48 41.028100 N,063 13.604200 W,4.8,206.3,A,Primary,Headline,15.387755,D,S,48421.000000
Thu Jul 17 11:12:00 2025,17-Jul-2025,141159,48 41.027000 N,063 13.605100 W,4.8,206.4,A,DoorSpread,DoorMaster,5.075000,D,S,448701.000000
Thu Jul 17 11:12:01 2025,17-Jul-2025,141200,48 41.025800 N,063 13.606000 W,4.8,206.5,A,Depth,Depth,18.703704,D,S,63310.000000
Thu Jul 17 11:12:02 2025,17-Jul-2025,141201,48 41.024400 N,063 13.607000 W,5.0,206.3,A,Primary,Headline,39.204082,D,S,70837.000000
Thu Jul 17 11:12:02 2025,17-Jul-2025,141202,48 41.023100 N,063 13.607900 W,5.0,206.1,A,Primary,Headline,39.204082,D,S,70837.000000
Thu Jul 17 11:12:02 2025,17-Jul-2025,141203,48 41.021900 N,063 13.608700 W,5.0,206.2,A,Primary,Headline,39.204082,D,S,70837.000000
Thu Jul 17 11:12:02 2025,17-Jul-2025,141204,48 41.020700 N,063 13.609700 W,5.0,206.3,A,Primary,Headline,39.204082,D,S,70837.000000
Thu Jul 17 11:12:06 2025,17-Jul-2025,141205,48 41.019400 N,063 13.610500 W,5.0,206.4,A,DoorSpread,DoorMaster,5.135000,D,S,366025.000000
Thu Jul 17 11:12:06 2025,17-Jul-2025,141206,48 41.018200 N,063 13.611200 W,4.9,206.3,A,DoorSpread,DoorMaster,5.135000,D,S,366025.000000
Thu Jul 17 11:12:08 2025,17-Jul-2025,141207,48 41.017000 N,063 13.612000 W,5.0,206.3,A,Depth,Depth,16.944444,D,P,41568.000000
Thu Jul 17 11:12:08 2025,17-Jul-2025,141208,48 41.015800 N,063 13.612900 W,4.9,206.4,A,Depth,Depth,16.944444,D,P,41568.000000
Thu Jul 17 11:12:08 2025,17-Jul-2025,141209,48 41.014600 N,063 13.613800 W,4.9,206.4,A,Depth,Depth,16.944444,D,P,41568.000000
Thu Jul 17 11:12:08 2025,17-Jul-2025,141210,48 41.013400 N,063 13.614600 W,4.9,206.4,A,Depth,Depth,16.944444,D,P,41568.000000
Thu Jul 17 11:12:11 2025,17-Jul-2025,141211,48 41.012200 N,063 13.615500 W,4.9,206.4,A,DoorSpread,DoorMaster,5.410000,D,S,403150.000000
Thu Jul 17 11:12:13 2025,17-Jul-2025,141212,48 41.011100 N,063 13.616400 W,4.9,206.5,A,Primary,Headline,38.244898,D,S,75070.000000
Thu Jul 17 11:12:13 2025,17-Jul-2025,141213,48 41.010000 N,063 13.617200 W,4.8,206.6,A,Primary,Headline,38.244898,D,S,75070.000000
Thu Jul 17 11:12:15 2025,17-Jul-2025,141214,48 41.008900 N,063 13.618100 W,4.8,206.6,A,Depth,Depth,21.296296,D,S,56939.000000
Thu Jul 17 11:12:15 2025,17-Jul-2025,141215,48 41.007700 N,063 13.619000 W,4.8,206.8,A,Depth,Depth,21.296296,D,S,56939.000000
Thu Jul 17 11:12:17 2025,17-Jul-2025,141216,48 41.006600 N,063 13.619900 W,4.8,206.9,A,DoorSpread,DoorMaster,5.625000,D,S,200986.000000
Thu Jul 17 11:12:17 2025,17-Jul-2025,141217,48 41.005400 N,063 13.620900 W,4.8,206.9,A,DoorSpread,DoorMaster,5.625000,D,S,200986.000000
Thu Jul 17 11:12:18 2025,17-Jul-2025,141218,48 41.004300 N,063 13.621700 W,4.8,207.0,A,Primary,Headline,20.653061,D,S,49790.000000
Thu Jul 17 11:12:18 2025,17-Jul-2025,141219,48 41.003100 N,063 13.622600 W,4.8,207.2,A,Primary,Headline,20.653061,D,S,49790.000000
Thu Jul 17 11:12:18 2025,17-Jul-2025,141220,48 41.002000 N,063 13.623600 W,4.7,207.2,A,Primary,Headline,20.653061,D,S,49790.000000
Thu Jul 17 11:12:18 2025,17-Jul-2025,141221,48 41.000900 N,063 13.624600 W,4.7,207.1,A,Primary,Headline,20.653061,D,S,49790.000000
Thu Jul 17 11:12:22 2025,17-Jul-2025,141222,48 40.999800 N,063 13.625500 W,4.7,207.0,A,DoorSpread,DoorMaster,6.165000,D,S,290040.000000
Thu Jul 17 11:12:24 2025,17-Jul-2025,141223,48 40.998600 N,063 13.626400 W,4.8,206.9,A,Primary,Headline,14.612245,D,S,61515.000000
Thu Jul 17 11:12:24 2025,17-Jul-2025,141224,48 40.997500 N,063 13.627300 W,4.7,207.0,A,Primary,Headline,14.612245,D,S,61515.000000
Thu Jul 17 11:12:24 2025,17-Jul-2025,141225,48 40.996200 N,063 13.628200 W,4.8,207.0,A,Primary,Headline,14.612245,D,S,61515.000000
Thu Jul 17 11:12:24 2025,17-Jul-2025,141226,48 40.995000 N,063 13.629000 W,4.8,206.9,A,Primary,Headline,14.612245,D,S,61515.000000
Thu Jul 17 11:12:28 2025,17-Jul-2025,141227,48 40.993700 N,063 13.629800 W,4.8,206.7,A,DoorSpread,DoorMaster,5.370000,D,S,96626.000000
Thu Jul 17 11:12:28 2025,17-Jul-2025,141228,48 40.992500 N,063 13.630700 W,4.7,206.6,A,DoorSpread,DoorMaster,5.370000,D,S,96626.000000
Thu Jul 17 11:12:30 2025,17-Jul-2025,141229,48 40.991300 N,063 13.631700 W,4.8,206.5,A,Primary,Headline,50.571429,D,S,21190.000000
Thu Jul 17 11:12:30 2025,17-Jul-2025,141230,48 40.990000 N,063 13.632700 W,4.8,206.6,A,Primary,Headline,50.571429,D,S,21190.000000
Thu Jul 17 11:12:30 2025,17-Jul-2025,141231,48 40.988800 N,063 13.633700 W,4.8,206.8,A,Primary,Headline,50.571429,D,S,21190.000000
Thu Jul 17 11:12:30 2025,17-Jul-2025,141232,48 40.987700 N,063 13.634600 W,4.8,206.7,A,Primary,Headline,50.571429,D,S,21190.000000
Thu Jul 17 11:12:33 2025,17-Jul-2025,141233,48 40.986400 N,063 13.635500 W,4.8,206.5,A,DoorSpread,DoorMaster,5.065000,D,S,224044.000000
Thu Jul 17 11:12:35 2025,17-Jul-2025,141234,48 40.985200 N,063 13.636300 W,4.8,206.2,A,Primary,Headline,40.469388,D,S,27599.000000
Thu Jul 17 11:12:35 2025,17-Jul-2025,141235,48 40.984000 N,063 13.637200 W,4.7,206.2,A,Primary,Headline,40.469388,D,S,27599.000000
Thu Jul 17 11:12:36 2025,17-Jul-2025,141236,48 40.982800 N,063 13.638100 W,4.7,206.3,A,Depth,Depth,26.944444,D,S,27859.000000
Thu Jul 17 11:12:36 2025,17-Jul-2025,141237,48 40.981600 N,063 13.639000 W,4.7,206.2,A,Depth,Depth,26.944444,D,S,27859.000000
Thu Jul 17 11:12:39 2025,17-Jul-2025,141238,48 40.980300 N,063 13.639700 W,4.7,205.9,A,DoorSpread,DoorMaster,5.085000,D,S,178217.000000
Thu Jul 17 11:12:39 2025,17-Jul-2025,141239,48 40.979100 N,063 13.640500 W,4.7,205.5,A,DoorSpread,DoorMaster,5.085000,D,S,178217.000000
Thu Jul 17 11:12:40 2025,17-Jul-2025,141240,48 40.977900 N,063 13.641300 W,4.7,205.3,A,Primary,Headline,12.081633,D,S,26678.000000
Thu Jul 17 11:12:40 2025,17-Jul-2025,141241,48 40.976600 N,063 13.642200 W,4.7,205.2,A,Primary,Headline,12.081633,D,S,26678.000000
Thu Jul 17 11:12:40 2025,17-Jul-2025,141242,48 40.975400 N,063 13.643200 W,4.8,205.1,A,Primary,Headline,12.081633,D,S,26678.000000
Thu Jul 17 11:12:44 2025,17-Jul-2025,141243,48 40.974300 N,063 13.644100 W,4.8,205.0,A,Depth,Depth,30.555556,D,S,24848.000000
Thu Jul 17 11:12:44 2025,17-Jul-2025,141244,48 40.973200 N,063 13.645000 W,4.8,205.0,A,DoorSpread,DoorMaster,5.125000,D,S,224038.000000
Thu Jul 17 11:12:46 2025,17-Jul-2025,141245,48 40.972000 N,063 13.645900 W,4.8,204.9,A,Primary,Headline,51.918367,D,S,26876.000000
Thu Jul 17 11:12:46 2025,17-Jul-2025,141246,48 40.971000 N,063 13.646700 W,4.8,204.7,A,Primary,Headline,51.918367,D,S,26876.000000
Thu Jul 17 11:12:46 2025,17-Jul-2025,141247,48 40.969900 N,063 13.647500 W,4.8,204.7,A,Primary,Headline,51.918367,D,S,26876.000000
Thu Jul 17 11:12:46 2025,17-Jul-2025,141248,48 40.968700 N,063 13.648400 W,4.8,204.7,A,Primary,Headline,51.918367,D,S,26876.000000
Thu Jul 17 11:12:46 2025,17-Jul-2025,141249,48 40.967600 N,063 13.649200 W,4.9,204.7,A,Primary,Headline,51.918367,D,S,26876.000000
Thu Jul 17 11:12:51 2025,17-Jul-2025,141250,48 40.966400 N,063 13.650000 W,4.9,204.7,A,Depth,Depth,29.351852,D,S,18785.000000
Thu Jul 17 11:12:52 2025,17-Jul-2025,141251,48 40.965200 N,063 13.650800 W,4.9,204.7,A,Primary,Headline,33.489796,D,S,44857.000000
Thu Jul 17 11:12:52 2025,17-Jul-2025,141252,48 40.964000 N,063 13.651600 W,4.9,204.6,A,Primary,Headline,33.489796,D,S,44857.000000
Thu Jul 17 11:12:52 2025,17-Jul-2025,141253,48 40.962800 N,063 13.652300 W,4.9,204.6,A,Primary,Headline,33.489796,D,S,44857.000000
Thu Jul 17 11:12:52 2025,17-Jul-2025,141254,48 40.961600 N,063 13.653100 W,4.9,204.6,A,Primary,Headline,33.489796,D,S,44857.000000
Thu Jul 17 11:12:52 2025,17-Jul-2025,141255,48 40.960300 N,063 13.653900 W,5.0,204.6,A,Primary,Headline,33.489796,D,S,44857.000000
Thu Jul 17 11:12:57 2025,17-Jul-2025,141256,48 40.959200 N,063 13.654700 W,5.0,204.5,A,Primary,Headline,8.489796,D,S,39250.000000
Thu Jul 17 11:12:58 2025,17-Jul-2025,141257,48 40.958000 N,063 13.655600 W,5.0,204.4,A,Depth,Depth,28.796296,D,S,28325.000000
Thu Jul 17 11:12:58 2025,17-Jul-2025,141258,48 40.956700 N,063 13.656500 W,5.1,204.3,A,Depth,Depth,28.796296,D,S,28325.000000
Thu Jul 17 11:13:00 2025,17-Jul-2025,141259,48 40.955500 N,063 13.657500 W,5.1,204.4,A,DoorSpread,DoorMaster,5.505000,D,S,100268.000000
Thu Jul 17 11:13:00 2025,17-Jul-2025,141300,48 40.954300 N,063 13.658400 W,5.0,204.4,A,DoorSpread,DoorMaster,5.505000,D,S,100268.000000
Thu Jul 17 11:13:00 2025,17-Jul-2025,141301,48 40.953000 N,063 13.659400 W,5.0,204.4,A,DoorSpread,DoorMaster,5.505000,D,S,100268.000000
Thu Jul 17 11:13:03 2025,17-Jul-2025,141302,48 40.951700 N,063 13.660300 W,5.0,204.4,A,Primary,Headline,56.734694,D,S,38887.000000
Thu Jul 17 11:13:03 2025,17-Jul-2025,141303,48 40.950500 N,063 13.661100 W,5.0,204.4,A,Primary,Headline,56.734694,D,S,38887.000000
Thu Jul 17 11:13:03 2025,17-Jul-2025,141304,48 40.949200 N,063 13.662000 W,5.0,204.5,A,Primary,Headline,56.734694,D,S,38887.000000
Thu Jul 17 11:13:06 2025,17-Jul-2025,141305,48 40.948000 N,063 13.662900 W,5.0,204.7,A,DoorSpread,DoorMaster,5.665000,D,S,129717.000000
Thu Jul 17 11:13:06 2025,17-Jul-2025,141306,48 40.946700 N,063 13.663700 W,5.0,204.9,A,DoorSpread,DoorMaster,5.665000,D,S,129717.000000
Thu Jul 17 11:13:06 2025,17-Jul-2025,141307,48 40.945400 N,063 13.664600 W,5.0,205.1,A,DoorSpread,DoorMaster,5.665000,D,S,129717.000000
Thu Jul 17 11:13:08 2025,17-Jul-2025,141308,48 40.944100 N,063 13.665500 W,5.0,205.2,A,Primary,Headline,32.183673,D,S,34462.000000
Thu Jul 17 11:13:08 2025,17-Jul-2025,141309,48 40.942900 N,063 13.666500 W,5.0,205.3,A,Primary,Headline,32.183673,D,S,34462.000000
Thu Jul 17 11:13:11 2025,17-Jul-2025,141310,48 40.941700 N,063 13.667400 W,5.0,205.4,A,DoorSpread,DoorMaster,6.050000,D,S,122294.000000
Thu Jul 17 11:13:11 2025,17-Jul-2025,141311,48 40.940500 N,063 13.668300 W,5.0,205.3,A,DoorSpread,DoorMaster,6.050000,D,S,122294.000000
Thu Jul 17 11:13:11 2025,17-Jul-2025,141312,48 40.939300 N,063 13.669200 W,5.0,205.3,A,DoorSpread,DoorMaster,6.050000,D,S,122294.000000
Thu Jul 17 11:13:14 2025,17-Jul-2025,141313,48 40.938000 N,063 13.670200 W,5.0,205.4,A,Primary,Headline,34.469388,D,S,47200.000000
Thu Jul 17 11:13:14 2025,17-Jul-2025,141314,48 40.936800 N,063 13.671200 W,5.0,205.5,A,Primary,Headline,34.469388,D,S,47200.000000
Thu Jul 17 11:13:14 2025,17-Jul-2025,141315,48 40.935600 N,063 13.672200 W,5.0,205.6,A,Primary,Headline,34.469388,D,S,47200.000000
Thu Jul 17 11:13:17 2025,17-Jul-2025,141316,48 40.934400 N,063 13.673200 W,5.0,205.6,A,DoorSpread,DoorMaster,5.530000,D,S,99910.000000
Thu Jul 17 11:13:17 2025,17-Jul-2025,141317,48 40.933200 N,063 13.674000 W,5.0,205.5,A,DoorSpread,DoorMaster,5.530000,D,S,99910.000000
Thu Jul 17 11:13:19 2025,17-Jul-2025,141318,48 40.931900 N,063 13.674900 W,5.0,205.4,A,Primary,Headline,8.612245,D,S,45840.000000
Thu Jul 17 11:13:19 2025,17-Jul-2025,141319,48 40.930700 N,063 13.675900 W,5.0,205.5,A,Primary,Headline,8.612245,D,S,45840.000000
Thu Jul 17 11:13:19 2025,17-Jul-2025,141320,48 40.929400 N,063 13.677000 W,5.0,205.6,A,Primary,Headline,8.612245,D,S,45840.000000
Thu Jul 17 11:13:22 2025,17-Jul-2025,141321,48 40.928200 N,063 13.678100 W,5.0,205.7,A,DoorSpread,DoorMaster,5.665000,D,S,129752.000000
Thu Jul 17 11:13:22 2025,17-Jul-2025,141322,48 40.927000 N,063 13.679000 W,5.0,205.7,A,DoorSpread,DoorMaster,5.665000,D,S,129752.000000
Thu Jul 17 11:13:22 2025,17-Jul-2025,141323,48 40.925700 N,063 13.679900 W,5.0,205.7,A,DoorSpread,DoorMaster,5.665000,D,S,129752.000000
Thu Jul 17 11:13:25 2025,17-Jul-2025,141324,48 40.924500 N,063 13.680800 W,5.0,205.6,A,Primary,Headline,51.959184,D,S,29347.000000
Thu Jul 17 11:13:25 2025,17-Jul-2025,141325,48 40.923300 N,063 13.681800 W,5.0,205.7,A,Primary,Headline,51.959184,D,S,29347.000000
Thu Jul 17 11:13:25 2025,17-Jul-2025,141326,48 40.922000 N,063 13.682800 W,5.0,205.9,A,Primary,Headline,51.959184,D,S,29347.000000
Thu Jul 17 11:13:28 2025,17-Jul-2025,141327,48 40.920800 N,063 13.683900 W,5.0,205.9,A,DoorSpread,DoorMaster,5.615000,D,S,232324.000000
Thu Jul 17 11:13:28 2025,17-Jul-2025,141328,48 40.919500 N,063 13.684900 W,5.0,205.8,A,DoorSpread,DoorMaster,5.615000,D,S,232324.000000
Thu Jul 17 11:13:28 2025,17-Jul-2025,141329,48 40.918300 N,063 13.685800 W,5.0,205.7,A,DoorSpread,DoorMaster,5.615000,D,S,232324.000000
Thu Jul 17 11:13:31 2025,17-Jul-2025,141330,48 40.917100 N,063 13.686800 W,5.0,205.7,A,Primary,Headline,49.142857,D,S,55065.000000
Thu Jul 17 11:13:31 2025,17-Jul-2025,141331,48 40.915900 N,063 13.687900 W,5.0,205.7,A,Primary,Headline,49.142857,D,S,55065.000000
Thu Jul 17 11:13:33 2025,17-Jul-2025,141332,48 40.914600 N,063 13.688900 W,5.0,205.7,A,DoorSpread,DoorMaster,5.690000,D,S,137555.000000
Thu Jul 17 11:13:33 2025,17-Jul-2025,141333,48 40.913300 N,063 13.689900 W,5.0,205.6,A,Depth,Depth,36.296296,D,S,42920.000000
Thu Jul 17 11:13:33 2025,17-Jul-2025,141334,48 40.912100 N,063 13.690700 W,5.0,205.5,A,Depth,Depth,36.296296,D,S,42920.000000
Thu Jul 17 11:13:36 2025,17-Jul-2025,141335,48 40.910800 N,063 13.691500 W,5.0,205.4,A,Primary,Headline,19.775510,D,S,48199.000000
Thu Jul 17 11:13:36 2025,17-Jul-2025,141336,48 40.909600 N,063 13.692400 W,5.0,205.3,A,Primary,Headline,19.775510,D,S,48199.000000
Thu Jul 17 11:13:36 2025,17-Jul-2025,141337,48 40.908300 N,063 13.693200 W,5.1,205.3,A,Primary,Headline,19.775510,D,S,48199.000000
Thu Jul 17 11:13:39 2025,17-Jul-2025,141338,48 40.907100 N,063 13.694000 W,5.1,205.3,A,DoorSpread,DoorMaster,5.845000,D,S,81510.000000
Thu Jul 17 11:13:39 2025,17-Jul-2025,141339,48 40.905900 N,063 13.694800 W,5.1,205.2,A,DoorSpread,DoorMaster,5.845000,D,S,81510.000000
Thu Jul 17 11:13:41 2025,17-Jul-2025,141340,48 40.904700 N,063 13.695600 W,5.0,205.2,A,Depth,Depth,39.537037,D,S,34839.000000
Thu Jul 17 11:13:41 2025,17-Jul-2025,141341,48 40.903500 N,063 13.696400 W,5.0,205.2,A,Primary,Headline,10.285714,D,S,49854.000000
Thu Jul 17 11:13:41 2025,17-Jul-2025,141342,48 40.902300 N,063 13.697300 W,5.0,205.2,A,Primary,Headline,10.285714,D,S,49854.000000
Thu Jul 17 11:13:41 2025,17-Jul-2025,141343,48 40.901000 N,063 13.698100 W,5.1,205.2,A,Primary,Headline,10.285714,D,S,49854.000000
Thu Jul 17 11:13:44 2025,17-Jul-2025,141344,48 40.899800 N,063 13.699000 W,5.1,205.1,A,DoorSpread,DoorMaster,5.870000,D,S,92994.000000
Thu Jul 17 11:13:44 2025,17-Jul-2025,141345,48 40.898600 N,063 13.699800 W,5.0,205.1,A,DoorSpread,DoorMaster,5.870000,D,S,92994.000000
Thu Jul 17 11:13:46 2025,17-Jul-2025,141346,48 40.897400 N,063 13.700700 W,5.0,205.3,A,Primary,Headline,10.408163,D,S,27792.000000
Thu Jul 17 11:13:48 2025,17-Jul-2025,141347,48 40.896200 N,063 13.701700 W,4.9,205.5,A,Depth,Depth,40.462963,D,S,39375.000000
Thu Jul 17 11:13:48 2025,17-Jul-2025,141348,48 40.895000 N,063 13.702700 W,5.0,205.7,A,Depth,Depth,40.462963,D,S,39375.000000
Thu Jul 17 11:13:50 2025,17-Jul-2025,141349,48 40.893700 N,063 13.703500 W,4.9,205.8,A,DoorSpread,DoorMaster,6.320000,D,S,56824.000000
Thu Jul 17 11:13:50 2025,17-Jul-2025,141350,48 40.892400 N,063 13.704400 W,5.0,205.8,A,DoorSpread,DoorMaster,6.320000,D,S,56824.000000
Thu Jul 17 11:13:52 2025,17-Jul-2025,141351,48 40.891100 N,063 13.705300 W,5.0,205.7,A,Primary,Headline,27.285714,D,S,66896.000000
Thu Jul 17 11:13:52 2025,17-Jul-2025,141352,48 40.889900 N,063 13.706300 W,4.9,205.7,A,Primary,Headline,27.285714,D,S,66896.000000
Thu Jul 17 11:13:52 2025,17-Jul-2025,141353,48 40.888700 N,063 13.707300 W,5.0,205.9,A,Primary,Headline,27.285714,D,S,66896.000000
Thu Jul 17 11:13:55 2025,17-Jul-2025,141354,48 40.887500 N,063 13.708400 W,5.0,206.1,A,Depth,Depth,46.759259,D,S,21535.000000
Thu Jul 17 11:13:56 2025,17-Jul-2025,141355,48 40.886300 N,063 13.709300 W,4.9,206.2,A,DoorSpread,DoorMaster,6.205000,D,S,194109.000000
Thu Jul 17 11:13:56 2025,17-Jul-2025,141356,48 40.885100 N,063 13.710200 W,5.0,206.2,A,DoorSpread,DoorMaster,6.205000,D,S,194109.000000
Thu Jul 17 11:13:57 2025,17-Jul-2025,141357,48 40.883800 N,063 13.711000 W,4.9,206.0,A,Primary,Headline,35.693878,D,S,128194.000000
Thu Jul 17 11:13:57 2025,17-Jul-2025,141358,48 40.882600 N,063 13.711700 W,4.9,205.9,A,Primary,Headline,35.693878,D,S,128194.000000
Thu Jul 17 11:13:57 2025,17-Jul-2025,141359,48 40.881400 N,063 13.712500 W,4.9,206.1,A,Primary,Headline,35.693878,D,S,128194.000000
Thu Jul 17 11:14:01 2025,17-Jul-2025,141400,48 40.880200 N,063 13.713400 W,4.9,206.4,A,DoorSpread,DoorMaster,6.310000,D,S,96910.000000
Thu Jul 17 11:14:02 2025,17-Jul-2025,141401,48 40.879100 N,063 13.714200 W,4.9,206.6,A,Depth,Depth,42.314815,D,S,12387.000000
Thu Jul 17 11:14:03 2025,17-Jul-2025,141402,48 40.877900 N,063 13.715000 W,4.9,206.7,A,Primary,Headline,27.734694,D,S,43307.000000
Thu Jul 17 11:14:03 2025,17-Jul-2025,141403,48 40.876700 N,063 13.715700 W,4.9,206.4,A,Primary,Headline,27.734694,D,S,43307.000000
Thu Jul 17 11:14:03 2025,17-Jul-2025,141404,48 40.875400 N,063 13.716400 W,4.9,206.2,A,Primary,Headline,27.734694,D,S,43307.000000
Thu Jul 17 11:14:03 2025,17-Jul-2025,141405,48 40.874200 N,063 13.717300 W,4.8,206.1,A,Primary,Headline,27.734694,D,S,43307.000000
Thu Jul 17 11:14:07 2025,17-Jul-2025,141406,48 40.873000 N,063 13.718300 W,4.9,206.0,A,DoorSpread,DoorMaster,5.620000,D,P,72102.000000
Thu Jul 17 11:14:07 2025,17-Jul-2025,141407,48 40.871800 N,063 13.719400 W,4.9,206.1,A,DoorSpread,DoorMaster,5.620000,D,P,72102.000000
Thu Jul 17 11:14:07 2025,17-Jul-2025,141408,48 40.870600 N,063 13.720400 W,4.9,206.0,A,DoorSpread,DoorMaster,5.620000,D,P,72102.000000
Thu Jul 17 11:14:07 2025,17-Jul-2025,141409,48 40.869300 N,063 13.721300 W,4.9,205.9,A,DoorSpread,DoorMaster,5.620000,D,P,72102.000000
Thu Jul 17 11:14:07 2025,17-Jul-2025,141410,48 40.868100 N,063 13.722200 W,5.0,205.8,A,DoorSpread,DoorMaster,5.620000,D,P,72102.000000
Thu Jul 17 11:14:07 2025,17-Jul-2025,141411,48 40.866900 N,063 13.723200 W,4.9,205.8,A,DoorSpread,DoorMaster,5.620000,D,P,72102.000000
Thu Jul 17 11:14:12 2025,17-Jul-2025,141412,48 40.865800 N,063 13.724100 W,4.9,205.8,A,DoorSpread,DoorMaster,5.865000,D,S,42023.000000
Thu Jul 17 11:14:12 2025,17-Jul-2025,141413,48 40.864600 N,063 13.725100 W,4.9,205.8,A,DoorSpread,DoorMaster,5.865000,D,S,42023.000000
Thu Jul 17 11:14:12 2025,17-Jul-2025,141414,48 40.863500 N,063 13.725900 W,4.9,205.7,A,DoorSpread,DoorMaster,5.865000,D,S,42023.000000
Thu Jul 17 11:14:12 2025,17-Jul-2025,141415,48 40.862300 N,063 13.726700 W,4.9,205.5,A,DoorSpread,DoorMaster,5.865000,D,S,42023.000000
Thu Jul 17 11:14:12 2025,17-Jul-2025,141416,48 40.861100 N,063 13.727500 W,4.9,205.4,A,DoorSpread,DoorMaster,5.865000,D,S,42023.000000
Thu Jul 17 11:14:18 2025,17-Jul-2025,141417,48 40.859900 N,063 13.728300 W,4.9,205.1,A,DoorSpread,DoorMaster,5.885000,D,S,55065.000000
Thu Jul 17 11:14:18 2025,17-Jul-2025,141418,48 40.858700 N,063 13.729100 W,4.9,204.9,A,DoorSpread,DoorMaster,5.885000,D,S,55065.000000
Thu Jul 17 11:14:20 2025,17-Jul-2025,141419,48 40.857400 N,063 13.729900 W,4.9,204.7,A,Primary,Headline,26.285714,D,P,67558.000000
Thu Jul 17 11:14:20 2025,17-Jul-2025,141420,48 40.856200 N,063 13.730800 W,4.9,204.6,A,Primary,Headline,26.285714,D,P,67558.000000
Thu Jul 17 11:14:20 2025,17-Jul-2025,141421,48 40.855100 N,063 13.731600 W,4.9,204.5,A,Primary,Headline,26.285714,D,P,67558.000000
Thu Jul 17 11:14:20 2025,17-Jul-2025,141422,48 40.853900 N,063 13.732400 W,4.9,204.4,A,Primary,Headline,26.285714,D,P,67558.000000
Thu Jul 17 11:14:23 2025,17-Jul-2025,141423,48 40.852700 N,063 13.733200 W,4.9,204.3,A,DoorSpread,DoorMaster,6.060000,D,S,37644.000000
Thu Jul 17 11:14:23 2025,17-Jul-2025,141424,48 40.851400 N,063 13.734000 W,4.9,204.3,A,DoorSpread,DoorMaster,6.060000,D,S,37644.000000
Thu Jul 17 11:14:26 2025,17-Jul-2025,141425,48 40.850200 N,063 13.734900 W,5.0,204.3,A,Primary,Headline,51.326531,D,P,65842.000000
Thu Jul 17 11:14:26 2025,17-Jul-2025,141426,48 40.848900 N,063 13.735700 W,4.9,204.3,A,Primary,Headline,51.326531,D,P,65842.000000
Thu Jul 17 11:14:26 2025,17-Jul-2025,141427,48 40.847700 N,063 13.736600 W,4.9,204.3,A,Primary,Headline,51.326531,D,P,65842.000000
Thu Jul 17 11:14:29 2025,17-Jul-2025,141428,48 40.846500 N,063 13.737400 W,4.9,204.4,A,DoorSpread,DoorMaster,5.900000,D,S,53232.000000
Thu Jul 17 11:14:29 2025,17-Jul-2025,141429,48 40.845400 N,063 13.738400 W,4.9,204.6,A,DoorSpread,DoorMaster,5.900000,D,S,53232.000000
Thu Jul 17 11:14:31 2025,17-Jul-2025,141430,48 40.844200 N,063 13.739400 W,4.9,204.7,A,Primary,Headline,23.346939,D,P,72544.000000
Thu Jul 17 11:14:31 2025,17-Jul-2025,141431,48 40.842900 N,063 13.740300 W,4.9,204.9,A,Primary,Headline,23.346939,D,P,72544.000000
Thu Jul 17 11:14:31 2025,17-Jul-2025,141432,48 40.841800 N,063 13.741400 W,4.9,205.1,A,Primary,Headline,23.346939,D,P,72544.000000
Thu Jul 17 11:14:31 2025,17-Jul-2025,141433,48 40.840600 N,063 13.742300 W,4.9,205.3,A,Primary,Headline,23.346939,D,P,72544.000000
Thu Jul 17 11:14:35 2025,17-Jul-2025,141434,48 40.839300 N,063 13.743300 W,4.9,205.4,A,DoorSpread,DoorMaster,6.000000,D,S,70271.000000
Thu Jul 17 11:14:35 2025,17-Jul-2025,141435,48 40.838100 N,063 13.744200 W,4.9,205.5,A,DoorSpread,DoorMaster,6.000000,D,S,70271.000000
Thu Jul 17 11:14:36 2025,17-Jul-2025,141436,48 40.836700 N,063 13.745000 W,5.0,205.6,A,Primary,Headline,15.653061,D,P,52494.000000
Thu Jul 17 11:14:38 2025,17-Jul-2025,141437,48 40.835500 N,063 13.745900 W,5.0,205.6,A,Depth,Depth,48.518519,D,S,28041.000000
Thu Jul 17 11:14:38 2025,17-Jul-2025,141438,48 40.834200 N,063 13.746700 W,4.9,205.6,A,Depth,Depth,48.518519,D,S,28041.000000
Thu Jul 17 11:14:40 2025,17-Jul-2025,141439,48 40.833000 N,063 13.747500 W,4.9,205.6,A,DoorSpread,DoorMaster,5.810000,D,S,115816.000000
Thu Jul 17 11:14:40 2025,17-Jul-2025,141440,48 40.831800 N,063 13.748300 W,4.9,205.5,A,DoorSpread,DoorMaster,5.810000,D,S,115816.000000
Thu Jul 17 11:14:42 2025,17-Jul-2025,141441,48 40.830600 N,063 13.749100 W,4.9,205.5,A,Primary,Headline,11.979592,D,S,31921.000000
Thu Jul 17 11:14:42 2025,17-Jul-2025,141442,48 40.829200 N,063 13.750000 W,4.9,205.4,A,Primary,Headline,11.979592,D,S,31921.000000
Thu Jul 17 11:14:42 2025,17-Jul-2025,141443,48 40.828000 N,063 13.750800 W,4.9,205.3,A,Primary,Headline,11.979592,D,S,31921.000000
Thu Jul 17 11:14:42 2025,17-Jul-2025,141444,48 40.826700 N,063 13.751600 W,4.9,205.3,A,Primary,Headline,11.979592,D,S,31921.000000
Thu Jul 17 11:14:46 2025,17-Jul-2025,141445,48 40.825400 N,063 13.752500 W,4.9,205.5,A,DoorSpread,DoorMaster,5.815000,D,S,75742.000000
Thu Jul 17 11:14:47 2025,17-Jul-2025,141446,48 40.824100 N,063 13.753600 W,4.9,205.6,A,Primary,Headline,22.020408,D,S,55474.000000
Thu Jul 17 11:14:47 2025,17-Jul-2025,141447,48 40.822900 N,063 13.754500 W,4.9,205.5,A,Primary,Headline,22.020408,D,S,55474.000000
Thu Jul 17 11:14:47 2025,17-Jul-2025,141448,48 40.821600 N,063 13.755500 W,4.9,205.3,A,Primary,Headline,22.020408,D,S,55474.000000
Thu Jul 17 11:14:47 2025,17-Jul-2025,141449,48 40.820400 N,063 13.756500 W,4.9,205.2,A,Primary,Headline,22.020408,D,S,55474.000000
Thu Jul 17 11:14:51 2025,17-Jul-2025,141450,48 40.819100 N,063 13.757500 W,4.9,205.2,A,DoorSpread,DoorMaster,6.305000,D,P,35960.000000
Thu Jul 17 11:14:51 2025,17-Jul-2025,141451,48 40.817900 N,063 13.758500 W,5.0,205.4,A,DoorSpread,DoorMaster,5.890000,D,S,111951.000000
Thu Jul 17 11:14:53 2025,17-Jul-2025,141452,48 40.816600 N,063 13.759500 W,4.9,205.6,A,Primary,Headline,45.448980,D,S,58133.000000
Thu Jul 17 11:14:53 2025,17-Jul-2025,141453,48 40.815400 N,063 13.760400 W,4.9,205.6,A,Primary,Headline,45.448980,D,S,58133.000000
Thu Jul 17 11:14:53 2025,17-Jul-2025,141454,48 40.814200 N,063 13.761200 W,4.9,205.7,A,Primary,Headline,45.448980,D,S,58133.000000
Thu Jul 17 11:14:53 2025,17-Jul-2025,141455,48 40.813000 N,063 13.762000 W,4.9,205.8,A,Primary,Headline,45.448980,D,S,58133.000000
Thu Jul 17 11:14:57 2025,17-Jul-2025,141456,48 40.811800 N,063 13.763000 W,4.9,206.0,A,DoorSpread,DoorMaster,5.795000,D,S,84382.000000
Thu Jul 17 11:14:57 2025,17-Jul-2025,141457,48 40.810500 N,063 13.764100 W,4.9,206.2,A,DoorSpread,DoorMaster,5.795000,D,S,84382.000000
Thu Jul 17 11:14:58 2025,17-Jul-2025,141458,48 40.809200 N,063 13.765100 W,5.0,206.4,A,Primary,Headline,46.040816,D,S,14956.000000
Thu Jul 17 11:14:58 2025,17-Jul-2025,141459,48 40.807900 N,063 13.765900 W,5.0,206.4,A,Primary,Headline,46.040816,D,S,14956.000000
Thu Jul 17 11:14:58 2025,17-Jul-2025,141500,48 40.806600 N,063 13.766700 W,5.0,206.4,A,Primary,Headline,46.040816,D,S,14956.000000
Thu Jul 17 11:14:58 2025,17-Jul-2025,141501,48 40.805400 N,063 13.767600 W,5.0,206.1,A,Primary,Headline,46.040816,D,S,14956.000000
Thu Jul 17 11:15:02 2025,17-Jul-2025,141502,48 40.804200 N,063 13.768400 W,4.9,206.1,A,DoorSpread,DoorMaster,5.885000,D,S,142251.000000
Thu Jul 17 11:15:04 2025,17-Jul-2025,141503,48 40.803000 N,063 13.769400 W,5.0,206.2,A,Primary,Headline,14.244898,D,S,34095.000000
Thu Jul 17 11:15:04 2025,17-Jul-2025,141504,48 40.801700 N,063 13.770300 W,5.0,206.2,A,Primary,Headline,14.244898,D,S,34095.000000
Thu Jul 17 11:15:04 2025,17-Jul-2025,141505,48 40.800500 N,063 13.771200 W,5.0,206.3,A,Primary,Headline,14.244898,D,S,34095.000000
Thu Jul 17 11:15:04 2025,17-Jul-2025,141506,48 40.799200 N,063 13.772000 W,5.0,206.3,A,Primary,Headline,14.244898,D,S,34095.000000
Thu Jul 17 11:15:08 2025,17-Jul-2025,141507,48 40.798000 N,063 13.773000 W,5.0,206.1,A,DoorSpread,DoorMaster,5.890000,D,S,15150.000000
Thu Jul 17 11:15:09 2025,17-Jul-2025,141508,48 40.796700 N,063 13.773800 W,5.0,205.9,A,Primary,Headline,40.632653,D,S,38752.000000
Thu Jul 17 11:15:09 2025,17-Jul-2025,141509,48 40.795500 N,063 13.774800 W,5.0,205.9,A,Primary,Headline,40.632653,D,S,38752.000000
Thu Jul 17 11:15:09 2025,17-Jul-2025,141510,48 40.794300 N,063 13.775700 W,5.0,206.2,A,Primary,Headline,40.632653,D,S,38752.000000
Thu Jul 17 11:15:09 2025,17-Jul-2025,141511,48 40.793100 N,063 13.776700 W,5.0,206.4,A,Primary,Headline,40.632653,D,S,38752.000000
Thu Jul 17 11:15:09 2025,17-Jul-2025,141512,48 40.791900 N,063 13.777700 W,5.0,206.6,A,Primary,Headline,40.632653,D,S,38752.000000
Thu Jul 17 11:15:14 2025,17-Jul-2025,141513,48 40.790800 N,063 13.778600 W,5.0,206.6,A,Depth,Depth,56.203704,D,S,28305.000000
Thu Jul 17 11:15:15 2025,17-Jul-2025,141514,48 40.789700 N,063 13.779400 W,4.9,206.3,A,Primary,Headline,26.122449,D,S,40451.000000
Thu Jul 17 11:15:15 2025,17-Jul-2025,141515,48 40.788500 N,063 13.780000 W,5.0,206.0,A,Primary,Headline,26.122449,D,S,40451.000000
Thu Jul 17 11:15:15 2025,17-Jul-2025,141516,48 40.787200 N,063 13.780800 W,5.0,205.8,A,Primary,Headline,26.122449,D,S,40451.000000
Thu Jul 17 11:15:15 2025,17-Jul-2025,141517,48 40.785900 N,063 13.781700 W,5.0,205.8,A,Primary,Headline,26.122449,D,S,40451.000000
Thu Jul 17 11:15:19 2025,17-Jul-2025,141518,48 40.784700 N,063 13.782700 W,5.0,205.9,A,DoorSpread,DoorMaster,6.110000,D,S,61308.000000
Thu Jul 17 11:15:20 2025,17-Jul-2025,141519,48 40.783500 N,063 13.783700 W,5.0,206.0,A,Primary,Headline,23.653061,D,S,30880.000000
Thu Jul 17 11:15:20 2025,17-Jul-2025,141520,48 40.782200 N,063 13.784600 W,5.0,205.8,A,Primary,Headline,23.653061,D,S,30880.000000
Thu Jul 17 11:15:20 2025,17-Jul-2025,141521,48 40.781000 N,063 13.785300 W,5.0,205.6,A,Primary,Headline,23.653061,D,S,30880.000000
Thu Jul 17 11:15:20 2025,17-Jul-2025,141522,48 40.779800 N,063 13.786000 W,5.0,205.5,A,Primary,Headline,23.653061,D,S,30880.000000
Thu Jul 17 11:15:20 2025,17-Jul-2025,141523,48 40.778500 N,063 13.786800 W,5.0,205.6,A,Primary,Headline,23.653061,D,S,30880.000000
Thu Jul 17 11:15:20 2025,17-Jul-2025,141524,48 40.777400 N,063 13.787700 W,5.0,205.9,A,Primary,Headline,23.653061,D,S,30880.000000
Thu Jul 17 11:15:20 2025,17-Jul-2025,141525,48 40.776100 N,063 13.788700 W,5.0,206.1,A,Primary,Headline,23.653061,D,S,30880.000000
Thu Jul 17 11:15:20 2025,17-Jul-2025,141526,48 40.774800 N,063 13.789500 W,5.0,206.1,A,Primary,Headline,23.653061,D,S,30880.000000
Thu Jul 17 11:15:20 2025,17-Jul-2025,141527,48 40.773600 N,063 13.790400 W,5.0,206.0,A,Primary,Headline,23.653061,D,S,30880.000000
Thu Jul 17 11:15:20 2025,17-Jul-2025,141528,48 40.772400 N,063 13.791400 W,4.9,206.1,A,Primary,Headline,23.653061,D,S,30880.000000
Thu Jul 17 11:15:30 2025,17-Jul-2025,141529,48 40.771200 N,063 13.792500 W,4.9,206.2,A,DoorSpread,DoorMaster,6.350000,D,S,34569.000000
Thu Jul 17 11:15:30 2025,17-Jul-2025,141530,48 40.769900 N,063 13.793500 W,5.1,206.1,A,DoorSpread,DoorMaster,6.350000,D,S,34569.000000
Thu Jul 17 11:15:30 2025,17-Jul-2025,141531,48 40.768600 N,063 13.794600 W,5.0,206.2,A,DoorSpread,DoorMaster,6.350000,D,S,34569.000000
Thu Jul 17 11:15:30 2025,17-Jul-2025,141532,48 40.767300 N,063 13.795600 W,5.0,206.2,A,DoorSpread,DoorMaster,6.350000,D,S,34569.000000
Thu Jul 17 11:15:30 2025,17-Jul-2025,141533,48 40.766000 N,063 13.796600 W,5.0,206.1,A,DoorSpread,DoorMaster,6.350000,D,S,34569.000000
Thu Jul 17 11:15:30 2025,17-Jul-2025,141534,48 40.764700 N,063 13.797600 W,5.0,206.0,A,DoorSpread,DoorMaster,6.350000,D,S,34569.000000
Thu Jul 17 11:15:35 2025,17-Jul-2025,141535,48 40.763400 N,063 13.798500 W,5.0,206.0,A,DoorSpread,DoorMaster,6.335000,D,S,74015.000000
Thu Jul 17 11:15:37 2025,17-Jul-2025,141536,48 40.762200 N,063 13.799500 W,5.1,206.0,A,Primary,Headline,20.204082,D,S,37155.000000
Thu Jul 17 11:15:37 2025,17-Jul-2025,141537,48 40.760900 N,063 13.800400 W,5.0,206.1,A,Primary,Headline,20.204082,D,S,37155.000000
Thu Jul 17 11:15:37 2025,17-Jul-2025,141538,48 40.759700 N,063 13.801300 W,5.0,206.3,A,Primary,Headline,20.204082,D,S,37155.000000
Thu Jul 17 11:15:37 2025,17-Jul-2025,141539,48 40.758500 N,063 13.802200 W,5.0,206.4,A,Primary,Headline,20.204082,D,S,37155.000000
Thu Jul 17 11:15:41 2025,17-Jul-2025,141540,48 40.757400 N,063 13.803100 W,5.0,206.2,A,DoorSpread,DoorMaster,6.175000,D,S,131866.000000
Thu Jul 17 11:15:41 2025,17-Jul-2025,141541,48 40.756300 N,063 13.804000 W,5.0,206.0,A,DoorSpread,DoorMaster,6.175000,D,S,131866.000000
Thu Jul 17 11:15:42 2025,17-Jul-2025,141542,48 40.755100 N,063 13.805000 W,5.0,206.0,A,Primary,Headline,44.632653,D,S,18416.000000
Thu Jul 17 11:15:42 2025,17-Jul-2025,141543,48 40.754000 N,063 13.806000 W,4.9,206.2,A,Primary,Headline,44.632653,D,S,18416.000000
Thu Jul 17 11:15:42 2025,17-Jul-2025,141544,48 40.753000 N,063 13.807000 W,4.9,206.6,A,Primary,Headline,44.632653,D,S,18416.000000
Thu Jul 17 11:15:42 2025,17-Jul-2025,141545,48 40.751900 N,063 13.807900 W,4.9,206.9,A,Primary,Headline,44.632653,D,S,18416.000000
Thu Jul 17 11:15:46 2025,17-Jul-2025,141546,48 40.750700 N,063 13.808800 W,4.8,206.8,A,DoorSpread,DoorMaster,6.080000,D,S,116079.000000
Thu Jul 17 11:15:46 2025,17-Jul-2025,141547,48 40.749600 N,063 13.809600 W,4.8,206.5,A,DoorSpread,DoorMaster,6.080000,D,S,116079.000000
Thu Jul 17 11:15:48 2025,17-Jul-2025,141548,48 40.748400 N,063 13.810400 W,4.8,206.3,A,Primary,Headline,54.755102,D,S,22545.000000
Thu Jul 17 11:15:48 2025,17-Jul-2025,141549,48 40.747200 N,063 13.811400 W,4.8,206.2,A,Primary,Headline,54.755102,D,S,22545.000000
Thu Jul 17 11:15:48 2025,17-Jul-2025,141550,48 40.745900 N,063 13.812400 W,4.8,206.1,A,Primary,Headline,54.755102,D,S,22545.000000
Thu Jul 17 11:15:52 2025,17-Jul-2025,141551,48 40.744700 N,063 13.813400 W,4.8,206.2,A,DoorSpread,DoorMaster,6.180000,D,S,102047.000000
Thu Jul 17 11:15:52 2025,17-Jul-2025,141552,48 40.743400 N,063 13.814300 W,4.8,206.2,A,DoorSpread,DoorMaster,6.180000,D,S,102047.000000
Thu Jul 17 11:15:52 2025,17-Jul-2025,141553,48 40.742300 N,063 13.815100 W,4.8,206.2,A,DoorSpread,DoorMaster,6.180000,D,S,102047.000000
Thu Jul 17 11:15:52 2025,17-Jul-2025,141554,48 40.741000 N,063 13.816000 W,4.8,206.1,A,DoorSpread,DoorMaster,6.180000,D,S,102047.000000
Thu Jul 17 11:15:52 2025,17-Jul-2025,141555,48 40.739800 N,063 13.816800 W,4.8,206.1,A,DoorSpread,DoorMaster,6.180000,D,S,102047.000000
Thu Jul 17 11:15:52 2025,17-Jul-2025,141556,48 40.738500 N,063 13.817700 W,4.9,206.2,A,DoorSpread,DoorMaster,6.180000,D,S,102047.000000
Thu Jul 17 11:15:58 2025,17-Jul-2025,141557,48 40.737300 N,063 13.818600 W,4.9,206.3,A,DoorSpread,DoorMaster,6.165000,D,S,43446.000000
Thu Jul 17 11:15:58 2025,17-Jul-2025,141558,48 40.735900 N,063 13.819600 W,4.9,206.3,A,DoorSpread,DoorMaster,6.165000,D,S,43446.000000
Thu Jul 17 11:15:58 2025,17-Jul-2025,141559,48 40.734700 N,063 13.820500 W,4.9,206.2,A,DoorSpread,DoorMaster,6.165000,D,S,43446.000000
Thu Jul 17 11:15:58 2025,17-Jul-2025,141600,48 40.733400 N,063 13.821300 W,4.9,206.0,A,DoorSpread,DoorMaster,6.165000,D,S,43446.000000
Thu Jul 17 11:15:58 2025,17-Jul-2025,141601,48 40.732100 N,063 13.822300 W,4.9,205.9,A,DoorSpread,DoorMaster,6.165000,D,S,43446.000000
Thu Jul 17 11:15:58 2025,17-Jul-2025,141602,48 40.730900 N,063 13.823300 W,5.0,205.8,A,DoorSpread,DoorMaster,6.165000,D,S,43446.000000
Thu Jul 17 11:15:58 2025,17-Jul-2025,141603,48 40.729500 N,063 13.824300 W,5.0,205.9,A,DoorSpread,DoorMaster,6.165000,D,S,43446.000000
Thu Jul 17 11:16:05 2025,17-Jul-2025,141604,48 40.728200 N,063 13.825300 W,5.0,205.9,A,Primary,Headline,22.816327,D,S,24730.000000
Thu Jul 17 11:16:05 2025,17-Jul-2025,141605,48 40.726800 N,063 13.826200 W,5.0,205.9,A,Primary,Headline,22.816327,D,S,24730.000000
Thu Jul 17 11:16:05 2025,17-Jul-2025,141606,48 40.725500 N,063 13.827100 W,5.0,205.6,A,Primary,Headline,22.816327,D,S,24730.000000
Thu Jul 17 11:16:05 2025,17-Jul-2025,141607,48 40.724200 N,063 13.827900 W,5.0,205.3,A,Primary,Headline,22.816327,D,S,24730.000000
Thu Jul 17 11:16:05 2025,17-Jul-2025,141608,48 40.722900 N,063 13.828700 W,5.0,205.1,A,Primary,Headline,22.816327,D,S,24730.000000
Thu Jul 17 11:16:05 2025,17-Jul-2025,141609,48 40.721600 N,063 13.829700 W,5.0,205.1,A,Primary,Headline,22.816327,D,S,24730.000000
Thu Jul 17 11:16:05 2025,17-Jul-2025,141610,48 40.720300 N,063 13.830800 W,5.1,205.2,A,Primary,Headline,22.816327,D,S,24730.000000
Thu Jul 17 11:16:05 2025,17-Jul-2025,141611,48 40.719100 N,063 13.831800 W,5.1,205.3,A,Primary,Headline,22.816327,D,S,24730.000000
Thu Jul 17 11:16:05 2025,17-Jul-2025,141612,48 40.717900 N,063 13.832800 W,5.0,205.2,A,Primary,Headline,22.816327,D,S,24730.000000
Thu Jul 17 11:16:05 2025,17-Jul-2025,141613,48 40.716700 N,063 13.833600 W,5.0,205.1,A,Primary,Headline,22.816327,D,S,24730.000000
Thu Jul 17 11:16:14 2025,17-Jul-2025,141614,48 40.715500 N,063 13.834500 W,5.0,205.1,A,DoorSpread,DoorMaster,6.310000,D,S,46482.000000
Thu Jul 17 11:16:14 2025,17-Jul-2025,141615,48 40.714200 N,063 13.835500 W,5.0,205.2,A,DoorSpread,DoorMaster,6.310000,D,S,46482.000000
Thu Jul 17 11:16:14 2025,17-Jul-2025,141616,48 40.713100 N,063 13.836500 W,5.0,205.5,A,DoorSpread,DoorMaster,6.310000,D,S,46482.000000
Thu Jul 17 11:16:14 2025,17-Jul-2025,141617,48 40.711800 N,063 13.837500 W,5.0,205.7,A,DoorSpread,DoorMaster,6.310000,D,S,46482.000000
Thu Jul 17 11:16:14 2025,17-Jul-2025,141618,48 40.710600 N,063 13.838300 W,4.9,205.6,A,DoorSpread,DoorMaster,6.310000,D,S,46482.000000
Thu Jul 17 11:16:20 2025,17-Jul-2025,141619,48 40.709300 N,063 13.839100 W,5.0,205.5,A,DoorSpread,DoorMaster,7.145000,D,S,26701.000000
Thu Jul 17 11:16:20 2025,17-Jul-2025,141620,48 40.708100 N,063 13.839900 W,4.9,205.4,A,DoorSpread,DoorMaster,7.145000,D,S,26701.000000
Thu Jul 17 11:16:20 2025,17-Jul-2025,141621,48 40.706900 N,063 13.840800 W,4.9,205.7,A,DoorSpread,DoorMaster,7.145000,D,S,26701.000000
Thu Jul 17 11:16:20 2025,17-Jul-2025,141622,48 40.705700 N,063 13.841800 W,4.9,206.0,A,DoorSpread,DoorMaster,7.145000,D,S,26701.000000
Thu Jul 17 11:16:20 2025,17-Jul-2025,141623,48 40.704500 N,063 13.842800 W,4.9,206.2,A,DoorSpread,DoorMaster,7.145000,D,S,26701.000000
Thu Jul 17 11:16:20 2025,17-Jul-2025,141624,48 40.703300 N,063 13.843700 W,4.9,206.3,A,DoorSpread,DoorMaster,7.145000,D,S,26701.000000
Thu Jul 17 11:16:26 2025,17-Jul-2025,141625,48 40.702200 N,063 13.844500 W,4.8,206.5,A,DoorSpread,DoorMaster,9.645000,D,S,11798.000000
Thu Jul 17 11:16:26 2025,17-Jul-2025,141626,48 40.701000 N,063 13.845400 W,4.8,206.8,A,DoorSpread,DoorMaster,9.645000,D,S,11798.000000
Thu Jul 17 11:16:26 2025,17-Jul-2025,141627,48 40.699900 N,063 13.846200 W,4.8,206.9,A,DoorSpread,DoorMaster,9.645000,D,S,11798.000000
Thu Jul 17 11:16:26 2025,17-Jul-2025,141628,48 40.698700 N,063 13.847100 W,4.8,207.1,A,DoorSpread,DoorMaster,9.645000,D,S,11798.000000
Thu Jul 17 11:16:26 2025,17-Jul-2025,141629,48 40.697600 N,063 13.848100 W,4.8,207.3,A,DoorSpread,DoorMaster,9.645000,D,S,11798.000000
Thu Jul 17 11:16:26 2025,17-Jul-2025,141630,48 40.696400 N,063 13.849100 W,4.8,207.5,A,DoorSpread,DoorMaster,9.645000,D,S,11798.000000
Thu Jul 17 11:16:32 2025,17-Jul-2025,141631,48 40.695100 N,063 13.850100 W,4.8,207.5,A,Primary,Headline,38.918367,D,P,38129.000000
Thu Jul 17 11:16:32 2025,17-Jul-2025,141632,48 40.693900 N,063 13.851200 W,4.8,207.6,A,Primary,Headline,38.918367,D,P,38129.000000
Thu Jul 17 11:16:32 2025,17-Jul-2025,141633,48 40.692700 N,063 13.852200 W,4.8,207.6,A,Primary,Headline,38.918367,D,P,38129.000000
Thu Jul 17 11:16:32 2025,17-Jul-2025,141634,48 40.691600 N,063 13.853200 W,4.8,207.6,A,Primary,Headline,38.918367,D,P,38129.000000
Thu Jul 17 11:16:32 2025,17-Jul-2025,141635,48 40.690400 N,063 13.854100 W,4.8,207.5,A,Primary,Headline,38.918367,D,P,38129.000000
Thu Jul 17 11:16:37 2025,17-Jul-2025,141636,48 40.689200 N,063 13.855200 W,4.8,207.4,A,DoorSpread,DoorMaster,6.660000,D,S,48478.000000
Thu Jul 17 11:16:38 2025,17-Jul-2025,141637,48 40.688100 N,063 13.856200 W,4.8,207.3,A,Primary,Headline,50.346939,D,P,42140.000000
Thu Jul 17 11:16:38 2025,17-Jul-2025,141638,48 40.686900 N,063 13.857100 W,4.9,207.1,A,Primary,Headline,50.346939,D,P,42140.000000
Thu Jul 17 11:16:38 2025,17-Jul-2025,141639,48 40.685700 N,063 13.858000 W,4.8,206.9,A,Primary,Headline,50.346939,D,P,42140.000000
Thu Jul 17 11:16:38 2025,17-Jul-2025,141640,48 40.684400 N,063 13.858900 W,4.9,206.8,A,Primary,Headline,50.346939,D,P,42140.000000
Thu Jul 17 11:16:38 2025,17-Jul-2025,141641,48 40.683200 N,063 13.859800 W,4.9,206.7,A,Primary,Headline,50.346939,D,P,42140.000000
Thu Jul 17 11:16:42 2025,17-Jul-2025,141642,48 40.682000 N,063 13.860600 W,4.9,206.6,A,DoorSpread,DoorMaster,6.785000,D,S,56028.000000
Thu Jul 17 11:16:44 2025,17-Jul-2025,141643,48 40.680800 N,063 13.861500 W,4.9,206.6,A,Primary,Headline,56.673469,D,S,46075.000000
Thu Jul 17 11:16:44 2025,17-Jul-2025,141644,48 40.679600 N,063 13.862300 W,4.9,206.5,A,Primary,Headline,56.673469,D,S,46075.000000
Thu Jul 17 11:16:44 2025,17-Jul-2025,141645,48 40.678500 N,063 13.863100 W,4.9,206.4,A,Primary,Headline,56.673469,D,S,46075.000000
Thu Jul 17 11:16:44 2025,17-Jul-2025,141646,48 40.677300 N,063 13.863900 W,4.9,206.3,A,Primary,Headline,56.673469,D,S,46075.000000
Thu Jul 17 11:16:48 2025,17-Jul-2025,141647,48 40.676200 N,063 13.864800 W,4.9,206.2,A,DoorSpread,DoorMaster,6.940000,D,S,33635.000000
Thu Jul 17 11:16:49 2025,17-Jul-2025,141648,48 40.675100 N,063 13.865600 W,4.8,206.3,A,Depth,Depth,85.462963,D,S,28664.000000
Thu Jul 17 11:16:49 2025,17-Jul-2025,141649,48 40.673800 N,063 13.866600 W,4.9,206.3,A,Depth,Depth,85.462963,D,S,28664.000000
Thu Jul 17 11:16:49 2025,17-Jul-2025,141650,48 40.672600 N,063 13.867500 W,4.9,206.4,A,Depth,Depth,85.462963,D,S,28664.000000
Thu Jul 17 11:16:49 2025,17-Jul-2025,141651,48 40.671300 N,063 13.868400 W,4.9,206.3,A,Depth,Depth,85.462963,D,S,28664.000000
Thu Jul 17 11:16:49 2025,17-Jul-2025,141652,48 40.670100 N,063 13.869300 W,4.9,206.1,A,Depth,Depth,85.462963,D,S,28664.000000
Thu Jul 17 11:16:54 2025,17-Jul-2025,141653,48 40.668900 N,063 13.870200 W,4.9,206.1,A,DoorSpread,DoorMaster,6.795000,D,S,15955.000000
Thu Jul 17 11:16:54 2025,17-Jul-2025,141654,48 40.667700 N,063 13.871200 W,4.9,206.1,A,DoorSpread,DoorMaster,6.795000,D,S,15955.000000
Thu Jul 17 11:16:56 2025,17-Jul-2025,141655,48 40.666500 N,063 13.872100 W,4.9,205.9,A,Depth,Depth,115.925926,D,S,4651.000000
Thu Jul 17 11:16:56 2025,17-Jul-2025,141656,48 40.665400 N,063 13.873000 W,4.9,205.9,A,Depth,Depth,115.925926,D,S,4651.000000
Thu Jul 17 11:16:56 2025,17-Jul-2025,141657,48 40.664200 N,063 13.873900 W,4.9,205.9,A,Depth,Depth,115.925926,D,S,4651.000000
Thu Jul 17 11:16:59 2025,17-Jul-2025,141658,48 40.662900 N,063 13.874800 W,4.9,205.8,A,DoorSpread,DoorMaster,6.440000,D,S,38474.000000
Thu Jul 17 11:16:59 2025,17-Jul-2025,141659,48 40.661700 N,063 13.875700 W,4.9,205.7,A,DoorSpread,DoorMaster,6.440000,D,S,38474.000000
Thu Jul 17 11:16:59 2025,17-Jul-2025,141700,48 40.660400 N,063 13.876700 W,4.9,205.7,A,DoorSpread,DoorMaster,6.440000,D,S,38474.000000
Thu Jul 17 11:16:59 2025,17-Jul-2025,141701,48 40.659200 N,063 13.877600 W,4.9,205.8,A,DoorSpread,DoorMaster,6.440000,D,S,38474.000000
Thu Jul 17 11:16:59 2025,17-Jul-2025,141702,48 40.658000 N,063 13.878600 W,4.9,205.7,A,DoorSpread,DoorMaster,6.440000,D,S,38474.000000
Thu Jul 17 11:17:03 2025,17-Jul-2025,141703,48 40.656800 N,063 13.879500 W,4.9,205.5,A,Depth,Depth,66.851852,D,S,13737.000000
Thu Jul 17 11:17:05 2025,17-Jul-2025,141704,48 40.655600 N,063 13.880400 W,4.9,205.5,A,DoorSpread,DoorMaster,6.540000,D,S,70083.000000
Thu Jul 17 11:17:05 2025,17-Jul-2025,141705,48 40.654400 N,063 13.881300 W,4.9,205.4,A,DoorSpread,DoorMaster,6.540000,D,S,70083.000000
Thu Jul 17 11:17:07 2025,17-Jul-2025,141706,48 40.653200 N,063 13.882200 W,4.9,205.4,A,Primary,Headline,48.265306,D,P,52355.000000
Thu Jul 17 11:17:07 2025,17-Jul-2025,141707,48 40.652000 N,063 13.883100 W,4.9,205.6,A,Primary,Headline,48.265306,D,P,52355.000000
Thu Jul 17 11:17:07 2025,17-Jul-2025,141708,48 40.650900 N,063 13.884000 W,4.9,205.8,A,Primary,Headline,48.265306,D,P,52355.000000
Thu Jul 17 11:17:07 2025,17-Jul-2025,141709,48 40.649700 N,063 13.884800 W,4.9,205.7,A,Primary,Headline,48.265306,D,P,52355.000000
Thu Jul 17 11:17:11 2025,17-Jul-2025,141710,48 40.648500 N,063 13.885600 W,4.9,205.6,A,Depth,Depth,86.851852,D,S,49086.000000
Thu Jul 17 11:17:12 2025,17-Jul-2025,141711,48 40.647300 N,063 13.886500 W,4.9,205.6,A,Primary,Headline,8.632653,D,P,107354.000000
Thu Jul 17 11:17:12 2025,17-Jul-2025,141712,48 40.646100 N,063 13.887500 W,4.9,205.6,A,Primary,Headline,8.632653,D,P,107354.000000
Thu Jul 17 11:17:12 2025,17-Jul-2025,141713,48 40.644800 N,063 13.888600 W,4.9,205.7,A,Primary,Headline,8.632653,D,P,107354.000000
Thu Jul 17 11:17:12 2025,17-Jul-2025,141714,48 40.643600 N,063 13.889600 W,4.9,205.8,A,Primary,Headline,8.632653,D,P,107354.000000
Thu Jul 17 11:17:12 2025,17-Jul-2025,141715,48 40.642300 N,063 13.890400 W,4.9,205.6,A,Primary,Headline,8.632653,D,P,107354.000000
Thu Jul 17 11:17:12 2025,17-Jul-2025,141716,48 40.641000 N,063 13.891300 W,4.9,205.4,A,Primary,Headline,8.632653,D,P,107354.000000
Thu Jul 17 11:17:18 2025,17-Jul-2025,141717,48 40.639800 N,063 13.892200 W,4.9,205.5,A,Primary,Headline,50.000000,D,S,21259.000000
Thu Jul 17 11:17:18 2025,17-Jul-2025,141718,48 40.638600 N,063 13.893200 W,4.9,205.7,A,Primary,Headline,50.000000,D,S,21259.000000
Thu Jul 17 11:17:18 2025,17-Jul-2025,141719,48 40.637400 N,063 13.894200 W,5.0,206.0,A,Primary,Headline,50.000000,D,S,21259.000000
Thu Jul 17 11:17:18 2025,17-Jul-2025,141720,48 40.636200 N,063 13.895200 W,5.0,206.1,A,Primary,Headline,50.000000,D,S,21259.000000
Thu Jul 17 11:17:22 2025,17-Jul-2025,141721,48 40.635000 N,063 13.896100 W,4.9,206.0,A,DoorSpread,DoorMaster,6.495000,D,S,73845.000000
Thu Jul 17 11:17:23 2025,17-Jul-2025,141722,48 40.633800 N,063 13.896900 W,4.9,205.7,A,Primary,Headline,25.632653,D,S,21395.000000
Thu Jul 17 11:17:23 2025,17-Jul-2025,141723,48 40.632600 N,063 13.897800 W,4.9,205.7,A,Primary,Headline,25.632653,D,S,21395.000000
Thu Jul 17 11:17:23 2025,17-Jul-2025,141724,48 40.631400 N,063 13.898800 W,4.9,205.9,A,Primary,Headline,25.632653,D,S,21395.000000
Thu Jul 17 11:17:23 2025,17-Jul-2025,141725,48 40.630200 N,063 13.899900 W,5.0,206.2,A,Primary,Headline,25.632653,D,S,21395.000000
Thu Jul 17 11:17:23 2025,17-Jul-2025,141726,48 40.629100 N,063 13.901000 W,5.0,206.5,A,Primary,Headline,25.632653,D,S,21395.000000
Thu Jul 17 11:17:27 2025,17-Jul-2025,141727,48 40.628000 N,063 13.902000 W,4.9,206.7,A,DoorSpread,DoorMaster,7.210000,D,S,76587.000000
Thu Jul 17 11:17:29 2025,17-Jul-2025,141728,48 40.626800 N,063 13.903000 W,4.9,206.7,A,Primary,Headline,42.714286,D,S,31206.000000
Thu Jul 17 11:17:29 2025,17-Jul-2025,141729,48 40.625600 N,063 13.903900 W,4.9,206.7,A,Primary,Headline,42.714286,D,S,31206.000000
Thu Jul 17 11:17:29 2025,17-Jul-2025,141730,48 40.624500 N,063 13.905000 W,4.9,206.8,A,Primary,Headline,42.714286,D,S,31206.000000
Thu Jul 17 11:17:29 2025,17-Jul-2025,141731,48 40.623400 N,063 13.906100 W,4.9,207.0,A,Primary,Headline,42.714286,D,S,31206.000000
Thu Jul 17 11:17:33 2025,17-Jul-2025,141732,48 40.622200 N,063 13.907200 W,4.9,207.1,A,DoorSpread,DoorMaster,6.895000,D,S,48589.000000
Thu Jul 17 11:17:33 2025,17-Jul-2025,141733,48 40.621000 N,063 13.908200 W,4.9,207.1,A,DoorSpread,DoorMaster,6.895000,D,S,48589.000000
Thu Jul 17 11:17:33 2025,17-Jul-2025,141734,48 40.619700 N,063 13.909100 W,4.9,206.8,A,DoorSpread,DoorMaster,6.895000,D,S,48589.000000
Thu Jul 17 11:17:33 2025,17-Jul-2025,141735,48 40.618500 N,063 13.910000 W,4.9,206.6,A,DoorSpread,DoorMaster,6.895000,D,S,48589.000000
Thu Jul 17 11:17:33 2025,17-Jul-2025,141736,48 40.617300 N,063 13.910900 W,4.9,206.3,A,DoorSpread,DoorMaster,6.895000,D,S,48589.000000
Thu Jul 17 11:17:33 2025,17-Jul-2025,141737,48 40.616000 N,063 13.911800 W,4.9,206.2,A,DoorSpread,DoorMaster,6.895000,D,S,48589.000000
Thu Jul 17 11:17:39 2025,17-Jul-2025,141738,48 40.614800 N,063 13.912900 W,4.9,206.2,A,DoorSpread,DoorMaster,7.375000,D,S,46387.000000
Thu Jul 17 11:17:39 2025,17-Jul-2025,141739,48 40.613600 N,063 13.914000 W,5.0,206.3,A,DoorSpread,DoorMaster,7.375000,D,S,46387.000000
Thu Jul 17 11:17:39 2025,17-Jul-2025,141740,48 40.612400 N,063 13.915000 W,5.0,206.3,A,DoorSpread,DoorMaster,7.375000,D,S,46387.000000
Thu Jul 17 11:17:39 2025,17-Jul-2025,141741,48 40.611200 N,063 13.915900 W,4.9,206.3,A,DoorSpread,DoorMaster,7.375000,D,S,46387.000000
Thu Jul 17 11:17:39 2025,17-Jul-2025,141742,48 40.609900 N,063 13.916600 W,4.9,206.2,A,DoorSpread,DoorMaster,7.375000,D,S,46387.000000
Thu Jul 17 11:17:44 2025,17-Jul-2025,141743,48 40.608700 N,063 13.917300 W,4.9,206.0,A,DoorSpread,DoorMaster,6.580000,D,S,58183.000000
Thu Jul 17 11:17:45 2025,17-Jul-2025,141744,48 40.607400 N,063 13.918100 W,4.9,205.8,A,Primary,Headline,11.081633,D,S,32739.000000
Thu Jul 17 11:17:45 2025,17-Jul-2025,141745,48 40.606200 N,063 13.919100 W,5.0,205.8,A,Primary,Headline,11.081633,D,S,32739.000000
Thu Jul 17 11:17:45 2025,17-Jul-2025,141746,48 40.604900 N,063 13.920000 W,5.0,205.8,A,Primary,Headline,11.081633,D,S,32739.000000
Thu Jul 17 11:17:45 2025,17-Jul-2025,141747,48 40.603700 N,063 13.920900 W,5.0,205.8,A,Primary,Headline,11.081633,D,S,32739.000000
Thu Jul 17 11:17:45 2025,17-Jul-2025,141748,48 40.602500 N,063 13.921800 W,5.0,205.7,A,Primary,Headline,11.081633,D,S,32739.000000
Thu Jul 17 11:17:50 2025,17-Jul-2025,141749,48 40.601300 N,063 13.922600 W,4.9,205.7,A,DoorSpread,DoorMaster,6.210000,D,P,71758.000000
Thu Jul 17 11:17:50 2025,17-Jul-2025,141750,48 40.600100 N,063 13.923400 W,4.9,205.6,A,DoorSpread,DoorMaster,6.210000,D,P,71758.000000
Thu Jul 17 11:17:50 2025,17-Jul-2025,141751,48 40.599000 N,063 13.924300 W,4.9,205.9,A,DoorSpread,DoorMaster,6.210000,D,P,71758.000000
Thu Jul 17 11:17:50 2025,17-Jul-2025,141752,48 40.597900 N,063 13.925200 W,4.9,206.2,A,DoorSpread,DoorMaster,6.210000,D,P,71758.000000
Thu Jul 17 11:17:50 2025,17-Jul-2025,141753,48 40.596700 N,063 13.926200 W,4.9,206.3,A,DoorSpread,DoorMaster,6.210000,D,P,71758.000000
Thu Jul 17 11:17:50 2025,17-Jul-2025,141754,48 40.595600 N,063 13.927000 W,4.9,206.3,A,DoorSpread,DoorMaster,6.210000,D,P,71758.000000
Thu Jul 17 11:17:55 2025,17-Jul-2025,141755,48 40.594500 N,063 13.927900 W,4.9,206.3,A,DoorSpread,DoorMaster,6.185000,D,S,29148.000000
Thu Jul 17 11:17:55 2025,17-Jul-2025,141756,48 40.593300 N,063 13.928700 W,4.9,206.2,A,DoorSpread,DoorMaster,6.185000,D,S,29148.000000
Thu Jul 17 11:17:55 2025,17-Jul-2025,141757,48 40.592000 N,063 13.929500 W,4.9,206.2,A,DoorSpread,DoorMaster,6.185000,D,S,29148.000000
Thu Jul 17 11:17:55 2025,17-Jul-2025,141758,48 40.590700 N,063 13.930400 W,4.9,206.2,A,DoorSpread,DoorMaster,6.185000,D,S,29148.000000
Thu Jul 17 11:17:55 2025,17-Jul-2025,141759,48 40.589500 N,063 13.931300 W,4.9,206.2,A,DoorSpread,DoorMaster,6.185000,D,S,29148.000000
Thu Jul 17 11:18:01 2025,17-Jul-2025,141800,48 40.588300 N,063 13.932200 W,4.9,206.2,A,DoorSpread,DoorMaster,6.320000,D,S,25684.000000
Thu Jul 17 11:18:02 2025,17-Jul-2025,141801,48 40.587000 N,063 13.933100 W,4.9,206.1,A,Primary,Headline,11.653061,D,P,38738.000000
Thu Jul 17 11:18:02 2025,17-Jul-2025,141802,48 40.585700 N,063 13.934000 W,4.9,205.9,A,Primary,Headline,11.653061,D,P,38738.000000
Thu Jul 17 11:18:02 2025,17-Jul-2025,141803,48 40.584500 N,063 13.935000 W,4.9,205.9,A,Primary,Headline,11.653061,D,P,38738.000000
Thu Jul 17 11:18:02 2025,17-Jul-2025,141804,48 40.583200 N,063 13.936000 W,4.9,205.9,A,Primary,Headline,11.653061,D,P,38738.000000
Thu Jul 17 11:18:02 2025,17-Jul-2025,141805,48 40.582000 N,063 13.937000 W,4.9,206.0,A,Primary,Headline,11.653061,D,P,38738.000000
Thu Jul 17 11:18:07 2025,17-Jul-2025,141806,48 40.580800 N,063 13.937900 W,4.9,206.0,A,Primary,Headline,16.551020,D,P,39491.000000
Thu Jul 17 11:18:07 2025,17-Jul-2025,141807,48 40.579500 N,063 13.938600 W,4.9,205.8,A,Primary,Headline,16.551020,D,P,39491.000000
Thu Jul 17 11:18:07 2025,17-Jul-2025,141808,48 40.578200 N,063 13.939400 W,5.0,205.6,A,Primary,Headline,16.551020,D,P,39491.000000
Thu Jul 17 11:18:07 2025,17-Jul-2025,141809,48 40.576800 N,063 13.940200 W,4.9,205.4,A,Primary,Headline,16.551020,D,P,39491.000000
Thu Jul 17 11:18:07 2025,17-Jul-2025,141810,48 40.575500 N,063 13.941100 W,4.9,205.4,A,Primary,Headline,16.551020,D,P,39491.000000
Thu Jul 17 11:18:12 2025,17-Jul-2025,141811,48 40.574300 N,063 13.942200 W,4.9,205.5,A,DoorSpread,DoorMaster,6.220000,D,S,26459.000000
Thu Jul 17 11:18:12 2025,17-Jul-2025,141812,48 40.573100 N,063 13.943100 W,4.9,205.5,A,DoorSpread,DoorMaster,6.220000,D,S,26459.000000
Thu Jul 17 11:18:12 2025,17-Jul-2025,141813,48 40.571900 N,063 13.944000 W,4.9,205.5,A,DoorSpread,DoorMaster,6.220000,D,S,26459.000000
Thu Jul 17 11:18:12 2025,17-Jul-2025,141814,48 40.570600 N,063 13.945000 W,5.0,205.4,A,DoorSpread,DoorMaster,6.220000,D,S,26459.000000
Thu Jul 17 11:18:12 2025,17-Jul-2025,141815,48 40.569400 N,063 13.945900 W,4.9,205.4,A,DoorSpread,DoorMaster,6.220000,D,S,26459.000000
Thu Jul 17 11:18:12 2025,17-Jul-2025,141816,48 40.568300 N,063 13.946800 W,4.9,205.5,A,DoorSpread,DoorMaster,6.220000,D,S,26459.000000
Thu Jul 17 11:18:12 2025,17-Jul-2025,141817,48 40.567100 N,063 13.947900 W,4.9,205.7,A,DoorSpread,DoorMaster,6.220000,D,S,26459.000000
Thu Jul 17 11:18:12 2025,17-Jul-2025,141818,48 40.566000 N,063 13.948800 W,4.9,205.8,A,DoorSpread,DoorMaster,6.220000,D,S,26459.000000
Thu Jul 17 11:18:12 2025,17-Jul-2025,141819,48 40.564800 N,063 13.949700 W,4.9,205.6,A,DoorSpread,DoorMaster,6.220000,D,S,26459.000000
Thu Jul 17 11:18:12 2025,17-Jul-2025,141820,48 40.563600 N,063 13.950600 W,4.9,205.5,A,DoorSpread,DoorMaster,6.220000,D,S,26459.000000
Thu Jul 17 11:18:12 2025,17-Jul-2025,141821,48 40.562300 N,063 13.951500 W,4.9,205.4,A,DoorSpread,DoorMaster,6.220000,D,S,26459.000000
Thu Jul 17 11:18:23 2025,17-Jul-2025,141822,48 40.561000 N,063 13.952300 W,4.9,205.5,A,Primary,Headline,18.938776,D,P,44995.000000
Thu Jul 17 11:18:23 2025,17-Jul-2025,141823,48 40.559800 N,063 13.953200 W,4.9,205.7,A,Primary,Headline,18.938776,D,P,44995.000000
Thu Jul 17 11:18:23 2025,17-Jul-2025,141824,48 40.558500 N,063 13.954100 W,5.0,205.8,A,Primary,Headline,18.938776,D,P,44995.000000
Thu Jul 17 11:18:23 2025,17-Jul-2025,141825,48 40.557300 N,063 13.954900 W,5.0,205.8,A,Primary,Headline,18.938776,D,P,44995.000000
Thu Jul 17 11:18:23 2025,17-Jul-2025,141826,48 40.556000 N,063 13.955700 W,4.9,205.7,A,Primary,Headline,18.938776,D,P,44995.000000
Thu Jul 17 11:18:23 2025,17-Jul-2025,141827,48 40.554900 N,063 13.956600 W,4.9,205.6,A,Primary,Headline,18.938776,D,P,44995.000000
Thu Jul 17 11:18:28 2025,17-Jul-2025,141828,48 40.553600 N,063 13.957500 W,4.9,205.6,A,Primary,Headline,22.244898,D,P,49648.000000
Thu Jul 17 11:18:28 2025,17-Jul-2025,141829,48 40.552400 N,063 13.958500 W,4.9,205.7,A,Primary,Headline,22.244898,D,P,49648.000000
Thu Jul 17 11:18:28 2025,17-Jul-2025,141830,48 40.551100 N,063 13.959500 W,4.9,205.8,A,Primary,Headline,22.244898,D,P,49648.000000
Thu Jul 17 11:18:28 2025,17-Jul-2025,141831,48 40.549900 N,063 13.960600 W,4.9,206.0,A,Primary,Headline,22.244898,D,P,49648.000000
Thu Jul 17 11:18:28 2025,17-Jul-2025,141832,48 40.548700 N,063 13.961600 W,4.9,205.9,A,Primary,Headline,22.244898,D,P,49648.000000
Thu Jul 17 11:18:34 2025,17-Jul-2025,141833,48 40.547500 N,063 13.962400 W,4.9,205.7,A,Primary,Headline,53.224490,D,S,31122.000000
Thu Jul 17 11:18:34 2025,17-Jul-2025,141834,48 40.546200 N,063 13.963300 W,4.9,205.5,A,Primary,Headline,53.224490,D,S,31122.000000
Thu Jul 17 11:18:34 2025,17-Jul-2025,141835,48 40.545000 N,063 13.964100 W,4.9,205.4,A,Primary,Headline,53.224490,D,S,31122.000000
Thu Jul 17 11:18:34 2025,17-Jul-2025,141836,48 40.543700 N,063 13.964900 W,5.0,205.3,A,Primary,Headline,53.224490,D,S,31122.000000
Thu Jul 17 11:18:34 2025,17-Jul-2025,141837,48 40.542500 N,063 13.965800 W,5.0,205.3,A,Primary,Headline,53.224490,D,S,31122.000000
Thu Jul 17 11:18:39 2025,17-Jul-2025,141838,48 40.541200 N,063 13.966600 W,4.9,205.3,A,Depth,Depth,114.351852,D,S,26797.000000
Thu Jul 17 11:18:40 2025,17-Jul-2025,141839,48 40.540100 N,063 13.967200 W,4.9,205.4,A,DoorSpread,DoorMaster,6.695000,D,S,39643.000000
Thu Jul 17 11:18:40 2025,17-Jul-2025,141840,48 40.538800 N,063 13.967900 W,4.9,205.3,A,DoorSpread,DoorMaster,6.695000,D,S,39643.000000
Thu Jul 17 11:18:40 2025,17-Jul-2025,141841,48 40.537600 N,063 13.968700 W,4.9,205.4,A,DoorSpread,DoorMaster,6.695000,D,S,39643.000000
Thu Jul 17 11:18:40 2025,17-Jul-2025,141842,48 40.536500 N,063 13.969600 W,4.9,205.5,A,DoorSpread,DoorMaster,6.695000,D,S,39643.000000
Thu Jul 17 11:18:40 2025,17-Jul-2025,141843,48 40.535300 N,063 13.970500 W,4.9,205.7,A,DoorSpread,DoorMaster,6.695000,D,S,39643.000000
Thu Jul 17 11:18:40 2025,17-Jul-2025,141844,48 40.534100 N,063 13.971500 W,4.9,206.0,A,DoorSpread,DoorMaster,6.695000,D,S,39643.000000
Thu Jul 17 11:18:46 2025,17-Jul-2025,141845,48 40.532900 N,063 13.972500 W,4.9,206.4,A,Primary,Headline,54.122449,D,S,68261.000000
Thu Jul 17 11:18:47 2025,17-Jul-2025,141846,48 40.531800 N,063 13.973400 W,4.8,206.7,A,Depth,Depth,116.759259,D,S,38641.000000
Thu Jul 17 11:18:47 2025,17-Jul-2025,141847,48 40.530600 N,063 13.974300 W,4.8,206.9,A,Depth,Depth,116.759259,D,S,38641.000000
Thu Jul 17 11:18:47 2025,17-Jul-2025,141848,48 40.529400 N,063 13.975200 W,4.8,207.1,A,Depth,Depth,116.759259,D,S,38641.000000
Thu Jul 17 11:18:47 2025,17-Jul-2025,141849,48 40.528200 N,063 13.976100 W,4.8,207.0,A,Depth,Depth,116.759259,D,S,38641.000000
Thu Jul 17 11:18:47 2025,17-Jul-2025,141850,48 40.527000 N,063 13.976900 W,4.8,207.0,A,Depth,Depth,116.759259,D,S,38641.000000
Thu Jul 17 11:18:52 2025,17-Jul-2025,141851,48 40.525800 N,063 13.977800 W,4.8,207.0,A,Primary,Headline,34.979592,D,S,35502.000000
Thu Jul 17 11:18:52 2025,17-Jul-2025,141852,48 40.524600 N,063 13.978600 W,4.9,206.8,A,Primary,Headline,34.979592,D,S,35502.000000
Thu Jul 17 11:18:54 2025,17-Jul-2025,141853,48 40.523300 N,063 13.979400 W,4.9,206.6,A,Depth,Depth,122.870370,D,S,22998.000000
Thu Jul 17 11:18:54 2025,17-Jul-2025,141854,48 40.522000 N,063 13.980200 W,4.9,206.5,A,Depth,Depth,122.870370,D,S,22998.000000
Thu Jul 17 11:18:54 2025,17-Jul-2025,141855,48 40.520800 N,063 13.981100 W,4.9,206.5,A,Depth,Depth,122.870370,D,S,22998.000000
Thu Jul 17 11:18:57 2025,17-Jul-2025,141856,48 40.519600 N,063 13.982000 W,4.9,206.6,A,Primary,Headline,27.938776,D,S,30491.000000
Thu Jul 17 11:18:57 2025,17-Jul-2025,141857,48 40.518400 N,063 13.982900 W,4.9,206.6,A,Primary,Headline,27.938776,D,S,30491.000000
Thu Jul 17 11:18:57 2025,17-Jul-2025,141858,48 40.517300 N,063 13.983800 W,4.8,206.7,A,Primary,Headline,27.938776,D,S,30491.000000
Thu Jul 17 11:18:57 2025,17-Jul-2025,141859,48 40.516200 N,063 13.984600 W,4.8,206.9,A,Primary,Headline,27.938776,D,S,30491.000000
Thu Jul 17 11:18:57 2025,17-Jul-2025,141900,48 40.515000 N,063 13.985400 W,4.8,207.0,A,Primary,Headline,27.938776,D,S,30491.000000
Thu Jul 17 11:19:01 2025,17-Jul-2025,141901,48 40.513900 N,063 13.986200 W,4.8,207.1,A,Depth,Depth,116.296296,D,S,25589.000000
Thu Jul 17 11:19:01 2025,17-Jul-2025,141902,48 40.512600 N,063 13.987000 W,4.8,207.1,A,Depth,Depth,116.296296,D,S,25589.000000
Thu Jul 17 11:19:01 2025,17-Jul-2025,141903,48 40.511500 N,063 13.987700 W,4.8,206.8,A,Depth,Depth,116.296296,D,S,25589.000000
Thu Jul 17 11:19:01 2025,17-Jul-2025,141904,48 40.510300 N,063 13.988400 W,4.8,206.4,A,Depth,Depth,116.296296,D,S,25589.000000
Thu Jul 17 11:19:01 2025,17-Jul-2025,141905,48 40.509100 N,063 13.989100 W,4.8,206.1,A,Depth,Depth,116.296296,D,S,25589.000000
Thu Jul 17 11:19:01 2025,17-Jul-2025,141906,48 40.507900 N,063 13.989900 W,4.8,206.2,A,Depth,Depth,116.296296,D,S,25589.000000
Thu Jul 17 11:19:01 2025,17-Jul-2025,141907,48 40.506800 N,063 13.990700 W,4.8,206.5,A,Depth,Depth,116.296296,D,S,25589.000000
Thu Jul 17 11:19:09 2025,17-Jul-2025,141908,48 40.505600 N,063 13.991600 W,4.8,206.6,A,Depth,Depth,120.370370,D,P,56619.000000
Thu Jul 17 11:19:09 2025,17-Jul-2025,141909,48 40.504400 N,063 13.992500 W,4.8,206.7,A,Depth,Depth,120.370370,D,P,56619.000000
Thu Jul 17 11:19:09 2025,17-Jul-2025,141910,48 40.503300 N,063 13.993500 W,4.8,206.5,A,Depth,Depth,120.370370,D,P,56619.000000
Thu Jul 17 11:19:09 2025,17-Jul-2025,141911,48 40.502100 N,063 13.994400 W,4.8,206.2,A,Depth,Depth,120.370370,D,P,56619.000000
Thu Jul 17 11:19:09 2025,17-Jul-2025,141912,48 40.500800 N,063 13.995400 W,4.8,206.1,A,Depth,Depth,120.370370,D,P,56619.000000
Thu Jul 17 11:19:09 2025,17-Jul-2025,141913,48 40.499600 N,063 13.996400 W,4.8,206.2,A,Depth,Depth,120.370370,D,P,56619.000000
Thu Jul 17 11:19:09 2025,17-Jul-2025,141914,48 40.498400 N,063 13.997500 W,4.8,206.4,A,Depth,Depth,120.370370,D,P,56619.000000
Thu Jul 17 11:19:09 2025,17-Jul-2025,141915,48 40.497100 N,063 13.998600 W,4.9,206.5,A,Depth,Depth,120.370370,D,P,56619.000000
Thu Jul 17 11:19:16 2025,17-Jul-2025,141916,48 40.496000 N,063 13.999500 W,4.9,206.3,A,Depth,Depth,124.166667,D,P,24552.000000
Thu Jul 17 11:19:16 2025,17-Jul-2025,141917,48 40.494900 N,063 14.000300 W,4.8,206.2,A,Depth,Depth,124.166667,D,P,24552.000000
Thu Jul 17 11:19:16 2025,17-Jul-2025,141918,48 40.493700 N,063 14.001100 W,4.8,206.2,A,Depth,Depth,124.166667,D,P,24552.000000
Thu Jul 17 11:19:16 2025,17-Jul-2025,141919,48 40.492500 N,063 14.002100 W,4.9,206.3,A,Depth,Depth,124.166667,D,P,24552.000000
Thu Jul 17 11:19:16 2025,17-Jul-2025,141920,48 40.491300 N,063 14.003000 W,4.9,206.5,A,Depth,Depth,124.166667,D,P,24552.000000
Thu Jul 17 11:19:16 2025,17-Jul-2025,141921,48 40.490100 N,063 14.004000 W,4.9,206.7,A,Depth,Depth,124.166667,D,P,24552.000000
Thu Jul 17 11:19:16 2025,17-Jul-2025,141922,48 40.489000 N,063 14.005000 W,4.9,206.7,A,Depth,Depth,124.166667,D,P,24552.000000
Thu Jul 17 11:19:24 2025,17-Jul-2025,141923,48 40.487800 N,063 14.005900 W,4.9,206.6,A,Depth,Depth,122.592593,D,S,29685.000000
Thu Jul 17 11:19:25 2025,17-Jul-2025,141924,48 40.486700 N,063 14.006800 W,4.8,206.5,A,DoorSpread,DoorMaster,6.110000,D,S,66275.000000
Thu Jul 17 11:19:25 2025,17-Jul-2025,141925,48 40.485600 N,063 14.007700 W,4.8,206.6,A,DoorSpread,DoorMaster,6.110000,D,S,66275.000000
Thu Jul 17 11:19:25 2025,17-Jul-2025,141926,48 40.484500 N,063 14.008700 W,4.8,206.9,A,DoorSpread,DoorMaster,6.110000,D,S,66275.000000
Thu Jul 17 11:19:25 2025,17-Jul-2025,141927,48 40.483400 N,063 14.009600 W,4.8,207.1,A,DoorSpread,DoorMaster,6.110000,D,S,66275.000000
Thu Jul 17 11:19:25 2025,17-Jul-2025,141928,48 40.482300 N,063 14.010500 W,4.8,207.2,A,DoorSpread,DoorMaster,6.110000,D,S,66275.000000
Thu Jul 17 11:19:30 2025,17-Jul-2025,141929,48 40.481100 N,063 14.011300 W,4.8,207.2,A,Primary,Headline,28.489796,D,S,20219.000000
Thu Jul 17 11:19:31 2025,17-Jul-2025,141930,48 40.479900 N,063 14.012100 W,4.8,207.0,A,DoorSpread,DoorMaster,6.320000,D,S,27121.000000
Thu Jul 17 11:19:31 2025,17-Jul-2025,141931,48 40.478600 N,063 14.012800 W,4.8,206.8,A,DoorSpread,DoorMaster,6.320000,D,S,27121.000000
Thu Jul 17 11:19:31 2025,17-Jul-2025,141932,48 40.477400 N,063 14.013700 W,4.9,206.8,A,DoorSpread,DoorMaster,6.320000,D,S,27121.000000
Thu Jul 17 11:19:31 2025,17-Jul-2025,141933,48 40.476200 N,063 14.014700 W,4.9,206.8,A,DoorSpread,DoorMaster,6.320000,D,S,27121.000000
Thu Jul 17 11:19:35 2025,17-Jul-2025,141934,48 40.475000 N,063 14.015600 W,4.9,206.8,A,Primary,Headline,11.693878,D,S,17702.000000
Thu Jul 17 11:19:35 2025,17-Jul-2025,141935,48 40.473800 N,063 14.016500 W,4.9,206.6,A,Primary,Headline,11.693878,D,S,17702.000000
Thu Jul 17 11:19:35 2025,17-Jul-2025,141936,48 40.472600 N,063 14.017400 W,4.9,206.4,A,Primary,Headline,11.693878,D,S,17702.000000
Thu Jul 17 11:19:35 2025,17-Jul-2025,141937,48 40.471400 N,063 14.018300 W,4.9,206.3,A,Primary,Headline,11.693878,D,S,17702.000000
Thu Jul 17 11:19:35 2025,17-Jul-2025,141938,48 40.470200 N,063 14.019200 W,4.9,206.2,A,Primary,Headline,11.693878,D,S,17702.000000
Thu Jul 17 11:19:35 2025,17-Jul-2025,141939,48 40.469000 N,063 14.020200 W,4.9,206.3,A,Primary,Headline,11.693878,D,S,17702.000000
Thu Jul 17 11:19:40 2025,17-Jul-2025,141940,48 40.467800 N,063 14.021100 W,4.9,206.3,A,Primary,Headline,45.428571,D,S,64036.000000
Thu Jul 17 11:19:40 2025,17-Jul-2025,141941,48 40.466600 N,063 14.022100 W,4.9,206.4,A,Primary,Headline,45.428571,D,S,64036.000000
Thu Jul 17 11:19:40 2025,17-Jul-2025,141942,48 40.465400 N,063 14.023000 W,4.9,206.4,A,Primary,Headline,45.428571,D,S,64036.000000
Thu Jul 17 11:19:40 2025,17-Jul-2025,141943,48 40.464200 N,063 14.023800 W,4.9,206.3,A,Primary,Headline,45.428571,D,S,64036.000000
Thu Jul 17 11:19:40 2025,17-Jul-2025,141944,48 40.462900 N,063 14.024600 W,4.9,206.2,A,Primary,Headline,45.428571,D,S,64036.000000
Thu Jul 17 11:19:40 2025,17-Jul-2025,141945,48 40.461700 N,063 14.025500 W,4.9,206.3,A,Primary,Headline,45.428571,D,S,64036.000000
Thu Jul 17 11:19:40 2025,17-Jul-2025,141946,48 40.460600 N,063 14.026400 W,4.9,206.4,A,Primary,Headline,45.428571,D,S,64036.000000
Thu Jul 17 11:19:47 2025,17-Jul-2025,141947,48 40.459400 N,063 14.027400 W,4.9,206.6,A,DoorSpread,DoorMaster,6.520000,D,S,60570.000000
Thu Jul 17 11:19:47 2025,17-Jul-2025,141948,48 40.458300 N,063 14.028200 W,4.9,206.6,A,DoorSpread,DoorMaster,6.520000,D,S,60570.000000
Thu Jul 17 11:19:47 2025,17-Jul-2025,141949,48 40.457000 N,063 14.029100 W,4.9,206.6,A,DoorSpread,DoorMaster,6.520000,D,S,60570.000000
Thu Jul 17 11:19:47 2025,17-Jul-2025,141950,48 40.455800 N,063 14.030000 W,4.9,206.7,A,DoorSpread,DoorMaster,6.520000,D,S,60570.000000
Thu Jul 17 11:19:47 2025,17-Jul-2025,141951,48 40.454600 N,063 14.031000 W,4.9,206.7,A,DoorSpread,DoorMaster,6.520000,D,S,60570.000000
Thu Jul 17 11:19:53 2025,17-Jul-2025,141952,48 40.453400 N,063 14.032000 W,4.9,206.8,A,DoorSpread,DoorMaster,6.465000,D,S,78563.000000
Thu Jul 17 11:19:53 2025,17-Jul-2025,141953,48 40.452100 N,063 14.033100 W,4.9,206.8,A,DoorSpread,DoorMaster,6.465000,D,S,78563.000000
Thu Jul 17 11:19:53 2025,17-Jul-2025,141954,48 40.450900 N,063 14.034000 W,4.9,206.9,A,DoorSpread,DoorMaster,6.465000,D,S,78563.000000
Thu Jul 17 11:19:53 2025,17-Jul-2025,141955,48 40.449600 N,063 14.034900 W,4.9,206.9,A,DoorSpread,DoorMaster,6.465000,D,S,78563.000000
Thu Jul 17 11:19:57 2025,17-Jul-2025,141956,48 40.448400 N,063 14.035800 W,4.9,206.8,A,Primary,Headline,16.183673,D,S,34349.000000
Thu Jul 17 11:19:57 2025,17-Jul-2025,141957,48 40.447200 N,063 14.036600 W,4.9,206.7,A,Primary,Headline,16.183673,D,S,34349.000000
Thu Jul 17 11:19:59 2025,17-Jul-2025,141958,48 40.445900 N,063 14.037400 W,4.9,206.6,A,DoorSpread,DoorMaster,6.455000,D,S,64765.000000
Thu Jul 17 11:19:59 2025,17-Jul-2025,141959,48 40.444700 N,063 14.038300 W,4.9,206.6,A,DoorSpread,DoorMaster,6.455000,D,S,64765.000000
Thu Jul 17 11:20:01 2025,17-Jul-2025,142000,48 40.443400 N,063 14.039200 W,4.9,206.7,A,Depth,Depth,133.148148,D,S,28691.000000
Thu Jul 17 11:20:02 2025,17-Jul-2025,142001,48 40.442200 N,063 14.040100 W,4.9,206.7,A,Primary,Headline,10.816327,D,P,55279.000000
Thu Jul 17 11:20:02 2025,17-Jul-2025,142002,48 40.440900 N,063 14.041000 W,4.9,206.6,A,Primary,Headline,10.816327,D,P,55279.000000
Thu Jul 17 11:20:02 2025,17-Jul-2025,142003,48 40.439600 N,063 14.041900 W,4.9,206.3,A,Primary,Headline,10.816327,D,P,55279.000000
Thu Jul 17 11:20:02 2025,17-Jul-2025,142004,48 40.438400 N,063 14.042800 W,4.9,206.1,A,Primary,Headline,10.816327,D,P,55279.000000
Thu Jul 17 11:20:02 2025,17-Jul-2025,142005,48 40.437100 N,063 14.043700 W,4.9,206.1,A,Primary,Headline,10.816327,D,P,55279.000000
Thu Jul 17 11:20:02 2025,17-Jul-2025,142006,48 40.435900 N,063 14.044700 W,4.9,206.1,A,Primary,Headline,10.816327,D,P,55279.000000
Thu Jul 17 11:20:08 2025,17-Jul-2025,142007,48 40.434700 N,063 14.045500 W,4.9,206.1,A,Primary,Headline,41.653061,D,S,38412.000000
Thu Jul 17 11:20:09 2025,17-Jul-2025,142008,48 40.433600 N,063 14.046400 W,4.9,206.1,A,Depth,Depth,138.240741,D,S,14856.000000
Thu Jul 17 11:20:09 2025,17-Jul-2025,142009,48 40.432500 N,063 14.047200 W,4.9,206.0,A,Depth,Depth,138.240741,D,S,14856.000000
Thu Jul 17 11:20:09 2025,17-Jul-2025,142010,48 40.431300 N,063 14.048100 W,4.9,205.9,A,Depth,Depth,138.240741,D,S,14856.000000
Thu Jul 17 11:20:09 2025,17-Jul-2025,142011,48 40.430100 N,063 14.048900 W,4.9,205.9,A,Depth,Depth,138.240741,D,S,14856.000000
Thu Jul 17 11:20:09 2025,17-Jul-2025,142012,48 40.428900 N,063 14.049800 W,4.9,205.8,A,Depth,Depth,138.240741,D,S,14856.000000
Thu Jul 17 11:20:13 2025,17-Jul-2025,142013,48 40.427800 N,063 14.050600 W,4.9,205.9,A,Primary,Headline,55.653061,D,S,28005.000000
Thu Jul 17 11:20:13 2025,17-Jul-2025,142014,48 40.426700 N,063 14.051400 W,4.9,205.8,A,Primary,Headline,55.653061,D,S,28005.000000
Thu Jul 17 11:20:15 2025,17-Jul-2025,142015,48 40.425600 N,063 14.052100 W,4.9,205.8,A,DoorSpread,DoorMaster,6.400000,D,S,39504.000000
Thu Jul 17 11:20:15 2025,17-Jul-2025,142016,48 40.424500 N,063 14.052900 W,4.9,205.8,A,DoorSpread,DoorMaster,6.400000,D,S,39504.000000
Thu Jul 17 11:20:15 2025,17-Jul-2025,142017,48 40.423400 N,063 14.053800 W,4.9,206.0,A,DoorSpread,DoorMaster,6.400000,D,S,39504.000000
Thu Jul 17 11:20:19 2025,17-Jul-2025,142018,48 40.422200 N,063 14.054700 W,4.9,206.2,A,Primary,Headline,51.755102,D,S,25420.000000
Thu Jul 17 11:20:19 2025,17-Jul-2025,142019,48 40.421000 N,063 14.055500 W,4.9,206.3,A,Primary,Headline,51.755102,D,S,25420.000000
Thu Jul 17 11:20:21 2025,17-Jul-2025,142020,48 40.419700 N,063 14.056500 W,4.9,206.2,A,DoorSpread,DoorMaster,6.785000,D,S,42400.000000
Thu Jul 17 11:20:21 2025,17-Jul-2025,142021,48 40.418500 N,063 14.057400 W,4.9,206.1,A,DoorSpread,DoorMaster,6.785000,D,S,42400.000000
Thu Jul 17 11:20:21 2025,17-Jul-2025,142022,48 40.417300 N,063 14.058300 W,4.9,206.1,A,DoorSpread,DoorMaster,6.785000,D,S,42400.000000
Thu Jul 17 11:20:21 2025,17-Jul-2025,142023,48 40.416100 N,063 14.059200 W,4.9,206.2,A,DoorSpread,DoorMaster,6.785000,D,S,42400.000000
Thu Jul 17 11:20:25 2025,17-Jul-2025,142024,48 40.414900 N,063 14.060200 W,4.9,206.3,A,Primary,Headline,42.265306,D,S,32296.000000
Thu Jul 17 11:20:25 2025,17-Jul-2025,142025,48 40.413700 N,063 14.061100 W,4.9,206.4,A,Primary,Headline,42.265306,D,S,32296.000000
Thu Jul 17 11:20:25 2025,17-Jul-2025,142026,48 40.412400 N,063 14.062000 W,4.9,206.6,A,Primary,Headline,42.265306,D,S,32296.000000
Thu Jul 17 11:20:25 2025,17-Jul-2025,142027,48 40.411200 N,063 14.062900 W,4.8,206.7,A,Primary,Headline,42.265306,D,S,32296.000000
Thu Jul 17 11:20:25 2025,17-Jul-2025,142028,48 40.410000 N,063 14.063700 W,4.8,206.9,A,Primary,Headline,42.265306,D,S,32296.000000
Thu Jul 17 11:20:30 2025,17-Jul-2025,142029,48 40.408800 N,063 14.064500 W,4.9,206.9,A,Primary,Headline,11.000000,D,S,17821.000000
Thu Jul 17 11:20:31 2025,17-Jul-2025,142030,48 40.407400 N,063 14.065200 W,4.9,206.8,A,Depth,Depth,138.796296,D,S,21645.000000
Thu Jul 17 11:20:31 2025,17-Jul-2025,142031,48 40.406100 N,063 14.066000 W,4.9,206.7,A,Depth,Depth,138.796296,D,S,21645.000000
Thu Jul 17 11:20:32 2025,17-Jul-2025,142032,48 40.404900 N,063 14.066800 W,4.9,206.9,A,DoorSpread,DoorMaster,6.995000,D,P,37845.000000
Thu Jul 17 11:20:32 2025,17-Jul-2025,142033,48 40.403700 N,063 14.067800 W,4.9,207.0,A,DoorSpread,DoorMaster,6.995000,D,P,37845.000000
Thu Jul 17 11:20:32 2025,17-Jul-2025,142034,48 40.402500 N,063 14.068700 W,4.9,207.0,A,DoorSpread,DoorMaster,6.995000,D,P,37845.000000
Thu Jul 17 11:20:36 2025,17-Jul-2025,142035,48 40.401300 N,063 14.069600 W,4.9,206.8,A,Primary,Headline,39.591837,D,S,24996.000000
Thu Jul 17 11:20:36 2025,17-Jul-2025,142036,48 40.400100 N,063 14.070600 W,4.9,206.7,A,Primary,Headline,39.591837,D,S,24996.000000
Thu Jul 17 11:20:38 2025,17-Jul-2025,142037,48 40.398900 N,063 14.071600 W,4.9,206.6,A,DoorSpread,DoorMaster,6.875000,D,S,35556.000000
Thu Jul 17 11:20:39 2025,17-Jul-2025,142038,48 40.397700 N,063 14.072500 W,4.9,206.7,A,Depth,Depth,144.629630,D,S,24270.000000
Thu Jul 17 11:20:39 2025,17-Jul-2025,142039,48 40.396600 N,063 14.073400 W,4.9,206.6,A,Depth,Depth,144.629630,D,S,24270.000000
Thu Jul 17 11:20:41 2025,17-Jul-2025,142040,48 40.395400 N,063 14.074200 W,4.9,206.6,A,Primary,Headline,21.122449,D,S,41512.000000
Thu Jul 17 11:20:41 2025,17-Jul-2025,142041,48 40.394300 N,063 14.075100 W,4.9,206.4,A,Primary,Headline,21.122449,D,S,41512.000000
Thu Jul 17 11:20:41 2025,17-Jul-2025,142042,48 40.393200 N,063 14.075900 W,4.9,206.2,A,Primary,Headline,21.122449,D,S,41512.000000
Thu Jul 17 11:20:44 2025,17-Jul-2025,142043,48 40.392100 N,063 14.076900 W,4.9,206.1,A,DoorSpread,DoorMaster,6.625000,D,S,26671.000000
Thu Jul 17 11:20:44 2025,17-Jul-2025,142044,48 40.390900 N,063 14.077900 W,4.9,206.0,A,DoorSpread,DoorMaster,6.625000,D,S,26671.000000
Thu Jul 17 11:20:46 2025,17-Jul-2025,142045,48 40.389800 N,063 14.078800 W,4.8,205.9,A,Depth,Depth,141.944444,D,S,19181.000000
Thu Jul 17 11:20:47 2025,17-Jul-2025,142046,48 40.388600 N,063 14.079800 W,4.8,205.8,A,Primary,Headline,35.857143,D,S,27848.000000
Thu Jul 17 11:20:47 2025,17-Jul-2025,142047,48 40.387400 N,063 14.080600 W,4.9,205.6,A,Primary,Headline,35.857143,D,S,27848.000000
Thu Jul 17 11:20:47 2025,17-Jul-2025,142048,48 40.386200 N,063 14.081400 W,4.9,205.6,A,Primary,Headline,35.857143,D,S,27848.000000
Thu Jul 17 11:20:47 2025,17-Jul-2025,142049,48 40.384800 N,063 14.082300 W,4.9,205.6,A,Primary,Headline,35.857143,D,S,27848.000000
Thu Jul 17 11:20:47 2025,17-Jul-2025,142050,48 40.383500 N,063 14.083300 W,4.9,205.6,A,Primary,Headline,35.857143,D,S,27848.000000
Thu Jul 17 11:20:47 2025,17-Jul-2025,142051,48 40.382200 N,063 14.084200 W,4.9,205.5,A,Primary,Headline,35.857143,D,S,27848.000000
Thu Jul 17 11:20:53 2025,17-Jul-2025,142052,48 40.381000 N,063 14.084900 W,4.9,205.3,A,Primary,Headline,53.510204,D,S,13300.000000
Thu Jul 17 11:20:54 2025,17-Jul-2025,142053,48 40.379800 N,063 14.085700 W,4.9,205.0,A,Depth,Depth,150.648148,D,S,16946.000000
Thu Jul 17 11:20:54 2025,17-Jul-2025,142054,48 40.378600 N,063 14.086400 W,4.9,204.8,A,Depth,Depth,150.648148,D,S,16946.000000
Thu Jul 17 11:20:54 2025,17-Jul-2025,142055,48 40.377400 N,063 14.087200 W,4.9,204.7,A,Depth,Depth,150.648148,D,S,16946.000000
Thu Jul 17 11:20:54 2025,17-Jul-2025,142056,48 40.376200 N,063 14.088200 W,4.9,204.6,A,Depth,Depth,150.648148,D,S,16946.000000
Thu Jul 17 11:20:54 2025,17-Jul-2025,142057,48 40.374900 N,063 14.089100 W,4.9,204.6,A,Depth,Depth,150.648148,D,S,16946.000000
Thu Jul 17 11:20:58 2025,17-Jul-2025,142058,48 40.373700 N,063 14.090000 W,4.9,204.5,A,Primary,Headline,49.428571,D,S,40136.000000
Thu Jul 17 11:20:58 2025,17-Jul-2025,142059,48 40.372500 N,063 14.090700 W,4.9,204.4,A,Primary,Headline,49.428571,D,S,40136.000000
Thu Jul 17 11:21:01 2025,17-Jul-2025,142100,48 40.371400 N,063 14.091500 W,4.9,204.3,A,Depth,Depth,141.018519,D,S,23283.000000
Thu Jul 17 11:21:01 2025,17-Jul-2025,142101,48 40.370200 N,063 14.092500 W,4.9,204.3,A,Depth,Depth,141.018519,D,S,23283.000000
Thu Jul 17 11:21:01 2025,17-Jul-2025,142102,48 40.369000 N,063 14.093500 W,4.9,204.5,A,Depth,Depth,141.018519,D,S,23283.000000
Thu Jul 17 11:21:04 2025,17-Jul-2025,142103,48 40.367800 N,063 14.094500 W,4.9,204.6,A,Primary,Headline,14.428571,D,S,46304.000000
Thu Jul 17 11:21:04 2025,17-Jul-2025,142104,48 40.366600 N,063 14.095500 W,4.8,204.6,A,Primary,Headline,14.428571,D,S,46304.000000
Thu Jul 17 11:21:04 2025,17-Jul-2025,142105,48 40.365400 N,063 14.096500 W,4.8,204.7,A,Primary,Headline,14.428571,D,S,46304.000000
Thu Jul 17 11:21:04 2025,17-Jul-2025,142106,48 40.364200 N,063 14.097600 W,4.9,204.8,A,Primary,Headline,14.428571,D,S,46304.000000
Thu Jul 17 11:21:04 2025,17-Jul-2025,142107,48 40.362900 N,063 14.098700 W,4.9,204.9,A,Primary,Headline,14.428571,D,S,46304.000000
Thu Jul 17 11:21:04 2025,17-Jul-2025,142108,48 40.361600 N,063 14.099700 W,4.9,204.8,A,Primary,Headline,14.428571,D,S,46304.000000
Thu Jul 17 11:21:04 2025,17-Jul-2025,142109,48 40.360300 N,063 14.100500 W,4.9,204.6,A,Primary,Headline,14.428571,D,S,46304.000000
Thu Jul 17 11:21:04 2025,17-Jul-2025,142110,48 40.359000 N,063 14.101400 W,4.9,204.3,A,Primary,Headline,14.428571,D,S,46304.000000
Thu Jul 17 11:21:04 2025,17-Jul-2025,142111,48 40.357800 N,063 14.102400 W,4.9,204.4,A,Primary,Headline,14.428571,D,S,46304.000000
Thu Jul 17 11:21:04 2025,17-Jul-2025,142112,48 40.356600 N,063 14.103400 W,4.9,204.5,A,Primary,Headline,14.428571,D,S,46304.000000
Thu Jul 17 11:21:04 2025,17-Jul-2025,142113,48 40.355200 N,063 14.104400 W,4.9,204.6,A,Primary,Headline,14.428571,D,S,46304.000000
Thu Jul 17 11:21:04 2025,17-Jul-2025,142114,48 40.354000 N,063 14.105100 W,4.9,204.6,A,Primary,Headline,14.428571,D,S,46304.000000
Thu Jul 17 11:21:04 2025,17-Jul-2025,142115,48 40.352600 N,063 14.105900 W,4.9,204.6,A,Primary,Headline,14.428571,D,S,46304.000000
Thu Jul 17 11:21:04 2025,17-Jul-2025,142116,48 40.351300 N,063 14.106600 W,4.9,204.7,A,Primary,Headline,14.428571,D,S,46304.000000
Thu Jul 17 11:21:04 2025,17-Jul-2025,142117,48 40.349900 N,063 14.107400 W,4.9,204.7,A,Primary,Headline,14.428571,D,S,46304.000000
Thu Jul 17 11:21:04 2025,17-Jul-2025,142118,48 40.348500 N,063 14.108300 W,4.9,204.8,A,Primary,Headline,14.428571,D,S,46304.000000
Thu Jul 17 11:21:20 2025,17-Jul-2025,142119,48 40.347200 N,063 14.109100 W,4.9,204.7,A,Primary,Headline,17.653061,D,P,49421.000000
Thu Jul 17 11:21:20 2025,17-Jul-2025,142120,48 40.345900 N,063 14.109900 W,5.0,204.7,A,Primary,Headline,17.653061,D,P,49421.000000
Thu Jul 17 11:21:20 2025,17-Jul-2025,142121,48 40.344700 N,063 14.110800 W,5.0,204.7,A,Primary,Headline,17.653061,D,P,49421.000000
Thu Jul 17 11:21:20 2025,17-Jul-2025,142122,48 40.343500 N,063 14.111800 W,5.0,204.6,A,Primary,Headline,17.653061,D,P,49421.000000
Thu Jul 17 11:21:20 2025,17-Jul-2025,142123,48 40.342200 N,063 14.112600 W,5.0,204.6,A,Primary,Headline,17.653061,D,P,49421.000000
Thu Jul 17 11:21:20 2025,17-Jul-2025,142124,48 40.341000 N,063 14.113700 W,5.0,204.6,A,Primary,Headline,17.653061,D,P,49421.000000
Thu Jul 17 11:21:25 2025,17-Jul-2025,142125,48 40.339700 N,063 14.114700 W,5.0,204.6,A,Primary,Headline,17.591837,D,P,79384.000000
Thu Jul 17 11:21:25 2025,17-Jul-2025,142126,48 40.338500 N,063 14.115600 W,5.0,204.5,A,Primary,Headline,17.591837,D,P,79384.000000
Thu Jul 17 11:21:25 2025,17-Jul-2025,142127,48 40.337300 N,063 14.116500 W,5.0,204.5,A,Primary,Headline,17.591837,D,P,79384.000000
Thu Jul 17 11:21:25 2025,17-Jul-2025,142128,48 40.336100 N,063 14.117400 W,5.0,204.5,A,Primary,Headline,17.591837,D,P,79384.000000
Thu Jul 17 11:21:25 2025,17-Jul-2025,142129,48 40.335000 N,063 14.118200 W,5.0,204.5,A,Primary,Headline,17.591837,D,P,79384.000000
Thu Jul 17 11:21:31 2025,17-Jul-2025,142130,48 40.333800 N,063 14.119000 W,5.0,204.7,A,Primary,Headline,16.183673,D,P,42534.000000
Thu Jul 17 11:21:31 2025,17-Jul-2025,142131,48 40.332600 N,063 14.119900 W,5.0,204.8,A,Primary,Headline,16.183673,D,P,42534.000000
Thu Jul 17 11:21:31 2025,17-Jul-2025,142132,48 40.331400 N,063 14.120700 W,5.0,204.8,A,Primary,Headline,16.183673,D,P,42534.000000
Thu Jul 17 11:21:31 2025,17-Jul-2025,142133,48 40.330200 N,063 14.121300 W,5.0,204.8,A,Primary,Headline,16.183673,D,P,42534.000000
Thu Jul 17 11:21:31 2025,17-Jul-2025,142134,48 40.329000 N,063 14.122100 W,5.0,204.8,A,Primary,Headline,16.183673,D,P,42534.000000
Thu Jul 17 11:21:36 2025,17-Jul-2025,142135,48 40.327800 N,063 14.122900 W,5.0,204.9,A,Primary,Headline,10.857143,D,P,73184.000000
Thu Jul 17 11:21:36 2025,17-Jul-2025,142136,48 40.326600 N,063 14.123800 W,5.0,205.1,A,Primary,Headline,10.857143,D,P,73184.000000
Thu Jul 17 11:21:36 2025,17-Jul-2025,142137,48 40.325400 N,063 14.124700 W,5.0,205.1,A,Primary,Headline,10.857143,D,P,73184.000000
Thu Jul 17 11:21:36 2025,17-Jul-2025,142138,48 40.324200 N,063 14.125600 W,5.0,205.2,A,Primary,Headline,10.857143,D,P,73184.000000
Thu Jul 17 11:21:40 2025,17-Jul-2025,142139,48 40.323000 N,063 14.126400 W,5.0,205.2,A,DoorSpread,DoorMaster,6.620000,D,S,44783.000000
Thu Jul 17 11:21:40 2025,17-Jul-2025,142140,48 40.321900 N,063 14.127200 W,5.0,205.4,A,DoorSpread,DoorMaster,6.620000,D,S,44783.000000
Thu Jul 17 11:21:40 2025,17-Jul-2025,142141,48 40.320700 N,063 14.128100 W,4.9,205.6,A,DoorSpread,DoorMaster,6.620000,D,S,44783.000000
Thu Jul 17 11:21:40 2025,17-Jul-2025,142142,48 40.319600 N,063 14.129100 W,4.9,205.7,A,DoorSpread,DoorMaster,6.620000,D,S,44783.000000
Thu Jul 17 11:21:40 2025,17-Jul-2025,142143,48 40.318400 N,063 14.130300 W,4.9,205.9,A,DoorSpread,DoorMaster,6.620000,D,S,44783.000000
Thu Jul 17 11:21:45 2025,17-Jul-2025,142144,48 40.317200 N,063 14.131400 W,4.9,206.1,A,DoorSpread,DoorMaster,6.480000,D,S,64291.000000
Thu Jul 17 11:21:45 2025,17-Jul-2025,142145,48 40.316100 N,063 14.132400 W,4.9,206.2,A,DoorSpread,DoorMaster,6.480000,D,S,64291.000000
Thu Jul 17 11:21:47 2025,17-Jul-2025,142146,48 40.314900 N,063 14.133300 W,4.9,206.2,A,Depth,Depth,158.796296,D,S,54522.000000
Thu Jul 17 11:21:47 2025,17-Jul-2025,142147,48 40.313800 N,063 14.134300 W,4.9,206.3,A,Depth,Depth,158.796296,D,S,54522.000000
Thu Jul 17 11:21:47 2025,17-Jul-2025,142148,48 40.312600 N,063 14.135300 W,4.9,206.5,A,Depth,Depth,158.796296,D,S,54522.000000
Thu Jul 17 11:21:47 2025,17-Jul-2025,142149,48 40.311400 N,063 14.136200 W,4.9,206.5,A,Depth,Depth,158.796296,D,S,54522.000000
Thu Jul 17 11:21:47 2025,17-Jul-2025,142150,48 40.310100 N,063 14.137100 W,4.9,206.4,A,Depth,Depth,158.796296,D,S,54522.000000
Thu Jul 17 11:21:47 2025,17-Jul-2025,142151,48 40.308800 N,063 14.138000 W,4.9,206.4,A,Depth,Depth,158.796296,D,S,54522.000000
Thu Jul 17 11:21:52 2025,17-Jul-2025,142152,48 40.307500 N,063 14.138900 W,4.9,206.3,A,Primary,Headline,20.224490,D,P,36252.000000
Thu Jul 17 11:21:54 2025,17-Jul-2025,142153,48 40.306400 N,063 14.139800 W,4.9,206.2,A,Depth,Depth,160.740741,D,P,39877.000000
Thu Jul 17 11:21:54 2025,17-Jul-2025,142154,48 40.305100 N,063 14.140600 W,4.8,206.0,A,Depth,Depth,160.740741,D,P,39877.000000
Thu Jul 17 11:21:54 2025,17-Jul-2025,142155,48 40.303800 N,063 14.141300 W,4.9,205.8,A,Depth,Depth,160.740741,D,P,39877.000000
Thu Jul 17 11:21:54 2025,17-Jul-2025,142156,48 40.302500 N,063 14.142100 W,4.9,205.6,A,Depth,Depth,160.740741,D,P,39877.000000
Thu Jul 17 11:21:54 2025,17-Jul-2025,142157,48 40.301200 N,063 14.142800 W,4.9,205.4,A,Depth,Depth,160.740741,D,P,39877.000000
Thu Jul 17 11:21:54 2025,17-Jul-2025,142158,48 40.299900 N,063 14.143600 W,4.9,205.2,A,Depth,Depth,160.740741,D,P,39877.000000
Thu Jul 17 11:21:54 2025,17-Jul-2025,142159,48 40.298700 N,063 14.144500 W,4.9,205.1,A,Depth,Depth,160.740741,D,P,39877.000000
Thu Jul 17 11:21:54 2025,17-Jul-2025,142200,48 40.297600 N,063 14.145300 W,4.9,205.0,A,Depth,Depth,160.740741,D,P,39877.000000
Thu Jul 17 11:21:54 2025,17-Jul-2025,142201,48 40.296400 N,063 14.146300 W,4.9,205.0,A,Depth,Depth,160.740741,D,P,39877.000000
Thu Jul 17 11:21:54 2025,17-Jul-2025,142202,48 40.295300 N,063 14.147300 W,4.9,205.1,A,Depth,Depth,160.740741,D,P,39877.000000
Thu Jul 17 11:21:54 2025,17-Jul-2025,142203,48 40.294100 N,063 14.148400 W,4.9,205.2,A,Depth,Depth,160.740741,D,P,39877.000000
Thu Jul 17 11:21:54 2025,17-Jul-2025,142204,48 40.292900 N,063 14.149300 W,4.9,205.3,A,Depth,Depth,160.740741,D,P,39877.000000
Thu Jul 17 11:21:54 2025,17-Jul-2025,142205,48 40.291700 N,063 14.150200 W,4.8,205.3,A,Depth,Depth,160.740741,D,P,39877.000000
Thu Jul 17 11:21:54 2025,17-Jul-2025,142206,48 40.290500 N,063 14.150900 W,4.8,205.4,A,Depth,Depth,160.740741,D,P,39877.000000
Thu Jul 17 11:22:07 2025,17-Jul-2025,142207,48 40.289300 N,063 14.151700 W,4.8,205.5,A,DoorSpread,DoorMaster,6.010000,D,S,37662.000000
Thu Jul 17 11:22:07 2025,17-Jul-2025,142208,48 40.288100 N,063 14.152500 W,4.8,205.6,A,DoorSpread,DoorMaster,6.010000,D,S,37662.000000
Thu Jul 17 11:22:07 2025,17-Jul-2025,142209,48 40.286800 N,063 14.153500 W,4.9,205.6,A,DoorSpread,DoorMaster,6.010000,D,S,37662.000000
Thu Jul 17 11:22:07 2025,17-Jul-2025,142210,48 40.285600 N,063 14.154400 W,4.9,205.7,A,DoorSpread,DoorMaster,6.010000,D,S,37662.000000
Thu Jul 17 11:22:07 2025,17-Jul-2025,142211,48 40.284400 N,063 14.155300 W,4.9,205.8,A,DoorSpread,DoorMaster,6.010000,D,S,37662.000000
Thu Jul 17 11:22:13 2025,17-Jul-2025,142212,48 40.283200 N,063 14.156200 W,4.9,205.7,A,DoorSpread,DoorMaster,6.465000,D,S,36111.000000
Thu Jul 17 11:22:13 2025,17-Jul-2025,142213,48 40.282000 N,063 14.157000 W,4.9,205.5,A,DoorSpread,DoorMaster,6.465000,D,S,36111.000000
Thu Jul 17 11:22:15 2025,17-Jul-2025,142214,48 40.280700 N,063 14.157900 W,4.9,205.4,A,Primary,Headline,51.469388,D,P,84992.000000
Thu Jul 17 11:22:15 2025,17-Jul-2025,142215,48 40.279500 N,063 14.158700 W,4.9,205.3,A,Primary,Headline,51.469388,D,P,84992.000000
Thu Jul 17 11:22:15 2025,17-Jul-2025,142216,48 40.278200 N,063 14.159400 W,4.9,205.2,A,Primary,Headline,51.469388,D,P,84992.000000
Thu Jul 17 11:22:15 2025,17-Jul-2025,142217,48 40.276900 N,063 14.160200 W,4.9,205.1,A,Primary,Headline,51.469388,D,P,84992.000000
Thu Jul 17 11:22:15 2025,17-Jul-2025,142218,48 40.275700 N,063 14.161000 W,4.9,205.0,A,Primary,Headline,51.469388,D,P,84992.000000
Thu Jul 17 11:22:15 2025,17-Jul-2025,142219,48 40.274500 N,063 14.161900 W,4.9,205.2,A,Primary,Headline,51.469388,D,P,84992.000000
Thu Jul 17 11:22:15 2025,17-Jul-2025,142220,48 40.273300 N,063 14.162800 W,4.9,205.3,A,Primary,Headline,51.469388,D,P,84992.000000
Thu Jul 17 11:22:15 2025,17-Jul-2025,142221,48 40.272000 N,063 14.163700 W,4.9,205.5,A,Primary,Headline,51.469388,D,P,84992.000000
Thu Jul 17 11:22:15 2025,17-Jul-2025,142222,48 40.270700 N,063 14.164500 W,4.9,205.5,A,Primary,Headline,51.469388,D,P,84992.000000
Thu Jul 17 11:22:15 2025,17-Jul-2025,142223,48 40.269500 N,063 14.165300 W,4.9,205.5,A,Primary,Headline,51.469388,D,P,84992.000000
Thu Jul 17 11:22:15 2025,17-Jul-2025,142224,48 40.268300 N,063 14.166200 W,4.8,205.5,A,Primary,Headline,51.469388,D,P,84992.000000
Thu Jul 17 11:22:15 2025,17-Jul-2025,142225,48 40.267100 N,063 14.167000 W,4.9,205.5,A,Primary,Headline,51.469388,D,P,84992.000000
Thu Jul 17 11:22:15 2025,17-Jul-2025,142226,48 40.265900 N,063 14.167900 W,4.9,205.5,A,Primary,Headline,51.469388,D,P,84992.000000
Thu Jul 17 11:22:15 2025,17-Jul-2025,142227,48 40.264700 N,063 14.168800 W,4.9,205.5,A,Primary,Headline,51.469388,D,P,84992.000000
Thu Jul 17 11:22:15 2025,17-Jul-2025,142228,48 40.263400 N,063 14.169600 W,4.9,205.4,A,Primary,Headline,51.469388,D,P,84992.000000
Thu Jul 17 11:22:30 2025,17-Jul-2025,142229,48 40.262100 N,063 14.170500 W,4.9,205.5,A,DoorSpread,DoorMaster,6.460000,D,S,16744.000000
Thu Jul 17 11:22:30 2025,17-Jul-2025,142230,48 40.261000 N,063 14.171300 W,4.9,205.6,A,DoorSpread,DoorMaster,6.460000,D,S,16744.000000
Thu Jul 17 11:22:32 2025,17-Jul-2025,142231,48 40.259700 N,063 14.172200 W,4.9,205.6,A,Primary,Headline,43.959184,D,P,49241.000000
Thu Jul 17 11:22:32 2025,17-Jul-2025,142232,48 40.258500 N,063 14.173100 W,4.9,205.7,A,Primary,Headline,43.959184,D,P,49241.000000
Thu Jul 17 11:22:32 2025,17-Jul-2025,142233,48 40.257300 N,063 14.173800 W,4.9,205.8,A,Primary,Headline,43.959184,D,P,49241.000000
Thu Jul 17 11:22:32 2025,17-Jul-2025,142234,48 40.256100 N,063 14.174700 W,4.9,205.8,A,Primary,Headline,43.959184,D,P,49241.000000
Thu Jul 17 11:22:35 2025,17-Jul-2025,142235,48 40.254900 N,063 14.175600 W,4.8,206.1,A,DoorSpread,DoorMaster,6.385000,D,S,42137.000000
Thu Jul 17 11:22:35 2025,17-Jul-2025,142236,48 40.253700 N,063 14.176500 W,4.9,206.1,A,DoorSpread,DoorMaster,6.385000,D,S,42137.000000
Thu Jul 17 11:22:35 2025,17-Jul-2025,142237,48 40.252500 N,063 14.177300 W,4.8,205.9,A,DoorSpread,DoorMaster,6.385000,D,S,42137.000000
Thu Jul 17 11:22:35 2025,17-Jul-2025,142238,48 40.251300 N,063 14.178100 W,4.9,205.8,A,DoorSpread,DoorMaster,6.385000,D,S,42137.000000
Thu Jul 17 11:22:40 2025,17-Jul-2025,142239,48 40.250100 N,063 14.179100 W,4.8,205.7,A,Depth,Depth,163.981481,D,P,36947.000000
Thu Jul 17 11:22:41 2025,17-Jul-2025,142240,48 40.248900 N,063 14.179900 W,4.8,205.7,A,DoorSpread,DoorMaster,6.550000,D,S,32317.000000
Thu Jul 17 11:22:41 2025,17-Jul-2025,142241,48 40.247800 N,063 14.180700 W,4.8,205.8,A,DoorSpread,DoorMaster,6.550000,D,S,32317.000000
Thu Jul 17 11:22:42 2025,17-Jul-2025,142242,48 40.246700 N,063 14.181700 W,4.9,205.8,A,Primary,Headline,20.306122,D,S,40902.000000
Thu Jul 17 11:22:42 2025,17-Jul-2025,142243,48 40.245500 N,063 14.182600 W,4.8,205.8,A,Primary,Headline,20.306122,D,S,40902.000000
Thu Jul 17 11:22:42 2025,17-Jul-2025,142244,48 40.244400 N,063 14.183600 W,4.8,206.1,A,Primary,Headline,20.306122,D,S,40902.000000
Thu Jul 17 11:22:42 2025,17-Jul-2025,142245,48 40.243200 N,063 14.184600 W,4.8,206.4,A,Primary,Headline,20.306122,D,S,40902.000000
Thu Jul 17 11:22:47 2025,17-Jul-2025,142246,48 40.242100 N,063 14.185600 W,4.8,206.4,A,DoorSpread,DoorMaster,6.635000,D,S,42830.000000
Thu Jul 17 11:22:47 2025,17-Jul-2025,142247,48 40.240800 N,063 14.186600 W,4.8,206.4,A,Depth,Depth,172.685185,D,S,40601.000000
Thu Jul 17 11:22:48 2025,17-Jul-2025,142248,48 40.239500 N,063 14.187700 W,4.8,206.3,A,Primary,Headline,56.285714,D,S,43497.000000
Thu Jul 17 11:22:48 2025,17-Jul-2025,142249,48 40.238300 N,063 14.188900 W,4.9,206.2,A,Primary,Headline,56.285714,D,S,43497.000000
Thu Jul 17 11:22:48 2025,17-Jul-2025,142250,48 40.237000 N,063 14.189900 W,4.9,206.2,A,Primary,Headline,56.285714,D,S,43497.000000
Thu Jul 17 11:22:48 2025,17-Jul-2025,142251,48 40.235700 N,063 14.190800 W,4.9,206.2,A,Primary,Headline,56.285714,D,S,43497.000000
Thu Jul 17 11:22:52 2025,17-Jul-2025,142252,48 40.234500 N,063 14.191600 W,4.9,206.2,A,DoorSpread,DoorMaster,6.425000,D,S,46049.000000
Thu Jul 17 11:22:52 2025,17-Jul-2025,142253,48 40.233200 N,063 14.192600 W,4.9,206.1,A,DoorSpread,DoorMaster,6.425000,D,S,46049.000000
Thu Jul 17 11:22:55 2025,17-Jul-2025,142254,48 40.231900 N,063 14.193600 W,4.9,206.0,A,Depth,Depth,174.166667,D,S,38410.000000
Thu Jul 17 11:22:55 2025,17-Jul-2025,142255,48 40.230700 N,063 14.194500 W,5.0,206.0,A,Depth,Depth,174.166667,D,S,38410.000000
Thu Jul 17 11:22:55 2025,17-Jul-2025,142256,48 40.229400 N,063 14.195400 W,5.0,205.8,A,Depth,Depth,174.166667,D,S,38410.000000
Thu Jul 17 11:22:58 2025,17-Jul-2025,142257,48 40.228200 N,063 14.196400 W,5.0,205.8,A,DoorSpread,DoorMaster,6.675000,D,S,28488.000000
Thu Jul 17 11:22:58 2025,17-Jul-2025,142258,48 40.227000 N,063 14.197300 W,5.0,205.6,A,DoorSpread,DoorMaster,6.675000,D,S,28488.000000
Thu Jul 17 11:22:58 2025,17-Jul-2025,142259,48 40.225800 N,063 14.198200 W,4.9,205.5,A,DoorSpread,DoorMaster,6.675000,D,S,28488.000000
Thu Jul 17 11:22:58 2025,17-Jul-2025,142300,48 40.224600 N,063 14.199100 W,4.9,205.4,A,DoorSpread,DoorMaster,6.675000,D,S,28488.000000
Thu Jul 17 11:22:58 2025,17-Jul-2025,142301,48 40.223400 N,063 14.200100 W,4.9,205.4,A,DoorSpread,DoorMaster,6.675000,D,S,28488.000000
Thu Jul 17 11:23:03 2025,17-Jul-2025,142302,48 40.222200 N,063 14.201000 W,4.9,205.5,A,Depth,Depth,174.814815,D,S,32454.000000
Thu Jul 17 11:23:03 2025,17-Jul-2025,142303,48 40.221000 N,063 14.201900 W,4.9,205.6,A,DoorSpread,DoorMaster,6.375000,D,S,17037.000000
Thu Jul 17 11:23:03 2025,17-Jul-2025,142304,48 40.219800 N,063 14.202800 W,4.9,205.5,A,DoorSpread,DoorMaster,6.375000,D,S,17037.000000
Thu Jul 17 11:23:03 2025,17-Jul-2025,142305,48 40.218600 N,063 14.203600 W,4.9,205.3,A,DoorSpread,DoorMaster,6.375000,D,S,17037.000000
Thu Jul 17 11:23:03 2025,17-Jul-2025,142306,48 40.217400 N,063 14.204500 W,4.9,205.1,A,DoorSpread,DoorMaster,6.375000,D,S,17037.000000
Thu Jul 17 11:23:03 2025,17-Jul-2025,142307,48 40.216200 N,063 14.205300 W,4.9,205.2,A,DoorSpread,DoorMaster,6.375000,D,S,17037.000000
Thu Jul 17 11:23:09 2025,17-Jul-2025,142308,48 40.215200 N,063 14.206000 W,4.9,205.4,A,DoorSpread,DoorMaster,6.210000,D,S,40982.000000
Thu Jul 17 11:23:09 2025,17-Jul-2025,142309,48 40.214100 N,063 14.206500 W,4.8,205.4,A,DoorSpread,DoorMaster,6.210000,D,S,40982.000000
Thu Jul 17 11:23:11 2025,17-Jul-2025,142310,48 40.212900 N,063 14.207100 W,4.8,205.1,A,Primary,Headline,56.142857,D,S,100465.000000
Thu Jul 17 11:23:11 2025,17-Jul-2025,142311,48 40.211700 N,063 14.207800 W,4.8,204.9,A,Primary,Headline,56.142857,D,S,100465.000000
Thu Jul 17 11:23:11 2025,17-Jul-2025,142312,48 40.210400 N,063 14.208700 W,4.8,204.9,A,Primary,Headline,56.142857,D,S,100465.000000
Thu Jul 17 11:23:11 2025,17-Jul-2025,142313,48 40.209300 N,063 14.209700 W,4.8,205.4,A,Primary,Headline,56.142857,D,S,100465.000000
Thu Jul 17 11:23:15 2025,17-Jul-2025,142314,48 40.208100 N,063 14.210600 W,4.8,205.8,A,DoorSpread,DoorMaster,6.815000,D,P,37446.000000
Thu Jul 17 11:23:15 2025,17-Jul-2025,142315,48 40.206800 N,063 14.211500 W,4.8,205.7,A,DoorSpread,DoorMaster,6.815000,D,P,37446.000000
Thu Jul 17 11:23:17 2025,17-Jul-2025,142316,48 40.205600 N,063 14.212300 W,4.7,205.3,A,Primary,Headline,39.163265,D,P,61200.000000
Thu Jul 17 11:23:17 2025,17-Jul-2025,142317,48 40.204400 N,063 14.213000 W,4.8,205.0,A,Primary,Headline,39.163265,D,P,61200.000000
Thu Jul 17 11:23:17 2025,17-Jul-2025,142318,48 40.203100 N,063 14.213900 W,4.8,204.9,A,Primary,Headline,39.163265,D,P,61200.000000
Thu Jul 17 11:23:17 2025,17-Jul-2025,142319,48 40.201800 N,063 14.214700 W,4.8,204.9,A,Primary,Headline,39.163265,D,P,61200.000000
Thu Jul 17 11:23:17 2025,17-Jul-2025,142320,48 40.200500 N,063 14.215400 W,4.8,204.8,A,Primary,Headline,39.163265,D,P,61200.000000
Thu Jul 17 11:23:17 2025,17-Jul-2025,142321,48 40.199200 N,063 14.216100 W,4.8,204.9,A,Primary,Headline,39.163265,D,P,61200.000000
Thu Jul 17 11:23:22 2025,17-Jul-2025,142322,48 40.197900 N,063 14.216800 W,4.8,205.0,A,Primary,Headline,40.183673,D,S,52938.000000
Thu Jul 17 11:23:22 2025,17-Jul-2025,142323,48 40.196600 N,063 14.217500 W,4.8,205.2,A,Primary,Headline,40.183673,D,S,52938.000000
Thu Jul 17 11:23:22 2025,17-Jul-2025,142324,48 40.195400 N,063 14.218300 W,4.8,205.3,A,Primary,Headline,40.183673,D,S,52938.000000
Thu Jul 17 11:23:26 2025,17-Jul-2025,142325,48 40.194200 N,063 14.219200 W,4.8,205.4,A,DoorSpread,DoorMaster,6.220000,D,S,36812.000000
Thu Jul 17 11:23:26 2025,17-Jul-2025,142326,48 40.192900 N,063 14.220100 W,4.8,205.7,A,DoorSpread,DoorMaster,6.220000,D,S,36812.000000
Thu Jul 17 11:23:28 2025,17-Jul-2025,142327,48 40.191700 N,063 14.221000 W,4.8,205.8,A,Primary,Headline,20.877551,D,S,24460.000000
Thu Jul 17 11:23:28 2025,17-Jul-2025,142328,48 40.190500 N,063 14.221800 W,4.8,205.9,A,Primary,Headline,20.877551,D,S,24460.000000
Thu Jul 17 11:23:28 2025,17-Jul-2025,142329,48 40.189200 N,063 14.222600 W,4.8,205.8,A,Primary,Headline,20.877551,D,S,24460.000000
Thu Jul 17 11:23:28 2025,17-Jul-2025,142330,48 40.187900 N,063 14.223400 W,4.8,205.7,A,Primary,Headline,20.877551,D,S,24460.000000
Thu Jul 17 11:23:31 2025,17-Jul-2025,142331,48 40.186700 N,063 14.224300 W,4.8,205.6,A,DoorSpread,DoorMaster,6.225000,D,S,41895.000000
Thu Jul 17 11:23:31 2025,17-Jul-2025,142332,48 40.185400 N,063 14.225200 W,4.8,205.6,A,DoorSpread,DoorMaster,6.225000,D,S,41895.000000
Thu Jul 17 11:23:33 2025,17-Jul-2025,142333,48 40.184200 N,063 14.226100 W,4.8,205.5,A,Depth,Depth,182.962963,D,P,25292.000000
Thu Jul 17 11:23:33 2025,17-Jul-2025,142334,48 40.183000 N,063 14.227000 W,4.8,205.5,A,Depth,Depth,182.962963,D,P,25292.000000
Thu Jul 17 11:23:33 2025,17-Jul-2025,142335,48 40.181800 N,063 14.228000 W,4.9,205.4,A,Depth,Depth,182.962963,D,P,25292.000000
Thu Jul 17 11:23:37 2025,17-Jul-2025,142336,48 40.180600 N,063 14.228900 W,4.9,205.5,A,DoorSpread,DoorMaster,6.170000,D,S,60318.000000
Thu Jul 17 11:23:38 2025,17-Jul-2025,142337,48 40.179500 N,063 14.229800 W,4.8,205.5,A,Primary,Headline,8.795918,D,P,56539.000000
Thu Jul 17 11:23:38 2025,17-Jul-2025,142338,48 40.178400 N,063 14.230800 W,4.8,205.7,A,Primary,Headline,8.795918,D,P,56539.000000
Thu Jul 17 11:23:38 2025,17-Jul-2025,142339,48 40.177200 N,063 14.231800 W,4.8,205.8,A,Primary,Headline,8.795918,D,P,56539.000000
Thu Jul 17 11:23:41 2025,17-Jul-2025,142340,48 40.176100 N,063 14.232700 W,4.7,205.8,A,Depth,Depth,179.907407,D,P,60332.000000
Thu Jul 17 11:23:41 2025,17-Jul-2025,142341,48 40.175000 N,063 14.233500 W,4.7,205.9,A,Depth,Depth,179.907407,D,P,60332.000000
Thu Jul 17 11:23:43 2025,17-Jul-2025,142342,48 40.173900 N,063 14.234400 W,4.7,205.9,A,DoorSpread,DoorMaster,6.480000,D,S,62819.000000
Thu Jul 17 11:23:44 2025,17-Jul-2025,142343,48 40.172800 N,063 14.235300 W,4.7,206.1,A,Primary,Headline,27.775510,D,S,91886.000000
Thu Jul 17 11:23:44 2025,17-Jul-2025,142344,48 40.171700 N,063 14.236200 W,4.7,206.4,A,Primary,Headline,27.775510,D,S,91886.000000
Thu Jul 17 11:23:44 2025,17-Jul-2025,142345,48 40.170500 N,063 14.237100 W,4.7,206.4,A,Primary,Headline,27.775510,D,S,91886.000000
Thu Jul 17 11:23:44 2025,17-Jul-2025,142346,48 40.169300 N,063 14.238000 W,4.8,206.4,A,Primary,Headline,27.775510,D,S,91886.000000
Thu Jul 17 11:23:44 2025,17-Jul-2025,142347,48 40.168100 N,063 14.238800 W,4.8,206.3,A,Primary,Headline,27.775510,D,S,91886.000000
Thu Jul 17 11:23:49 2025,17-Jul-2025,142348,48 40.166900 N,063 14.239600 W,4.8,206.3,A,Depth,Depth,185.185185,D,S,44171.000000
Thu Jul 17 11:23:49 2025,17-Jul-2025,142349,48 40.165800 N,063 14.240600 W,4.8,206.6,A,Depth,Depth,185.185185,D,S,44171.000000
Thu Jul 17 11:23:49 2025,17-Jul-2025,142350,48 40.164600 N,063 14.241500 W,4.8,206.6,A,Depth,Depth,185.185185,D,S,44171.000000
Thu Jul 17 11:23:49 2025,17-Jul-2025,142351,48 40.163500 N,063 14.242500 W,4.8,206.7,A,Depth,Depth,185.185185,D,S,44171.000000
Thu Jul 17 11:23:49 2025,17-Jul-2025,142352,48 40.162300 N,063 14.243500 W,4.8,206.9,A,Depth,Depth,185.185185,D,S,44171.000000
Thu Jul 17 11:23:54 2025,17-Jul-2025,142353,48 40.161100 N,063 14.244500 W,4.8,207.0,A,DoorSpread,DoorMaster,6.375000,D,S,37138.000000
Thu Jul 17 11:23:54 2025,17-Jul-2025,142354,48 40.159900 N,063 14.245400 W,4.8,206.8,A,DoorSpread,DoorMaster,6.375000,D,S,37138.000000
Thu Jul 17 11:23:54 2025,17-Jul-2025,142355,48 40.158700 N,063 14.246300 W,4.8,206.8,A,DoorSpread,DoorMaster,6.375000,D,S,37138.000000
Thu Jul 17 11:23:54 2025,17-Jul-2025,142356,48 40.157600 N,063 14.247300 W,4.8,206.6,A,DoorSpread,DoorMaster,6.375000,D,S,37138.000000
Thu Jul 17 11:23:54 2025,17-Jul-2025,142357,48 40.156400 N,063 14.248300 W,4.8,206.4,A,DoorSpread,DoorMaster,6.375000,D,S,37138.000000
Thu Jul 17 11:23:54 2025,17-Jul-2025,142358,48 40.155300 N,063 14.249300 W,4.7,206.5,A,DoorSpread,DoorMaster,6.375000,D,S,37138.000000
Thu Jul 17 11:24:00 2025,17-Jul-2025,142359,48 40.154100 N,063 14.250300 W,4.8,206.5,A,Primary,Headline,47.673469,D,S,27893.000000
Thu Jul 17 11:24:00 2025,17-Jul-2025,142400,48 40.152800 N,063 14.251200 W,4.8,206.5,A,Primary,Headline,47.673469,D,S,27893.000000
Thu Jul 17 11:24:00 2025,17-Jul-2025,142401,48 40.151600 N,063 14.252000 W,4.8,206.1,A,Primary,Headline,47.673469,D,S,27893.000000
Thu Jul 17 11:24:00 2025,17-Jul-2025,142402,48 40.150400 N,063 14.252700 W,4.8,205.6,A,Primary,Headline,47.673469,D,S,27893.000000
Thu Jul 17 11:24:00 2025,17-Jul-2025,142403,48 40.149200 N,063 14.253500 W,4.8,205.4,A,Primary,Headline,47.673469,D,S,27893.000000
Thu Jul 17 11:24:05 2025,17-Jul-2025,142404,48 40.147900 N,063 14.254300 W,4.8,205.2,A,DoorSpread,DoorMaster,6.415000,D,S,24977.000000
Thu Jul 17 11:24:05 2025,17-Jul-2025,142405,48 40.146700 N,063 14.255200 W,4.8,205.1,A,DoorSpread,DoorMaster,6.415000,D,S,24977.000000
Thu Jul 17 11:24:05 2025,17-Jul-2025,142406,48 40.145500 N,063 14.256000 W,4.8,205.0,A,DoorSpread,DoorMaster,6.415000,D,S,24977.000000
Thu Jul 17 11:24:05 2025,17-Jul-2025,142407,48 40.144200 N,063 14.256700 W,4.8,204.9,A,DoorSpread,DoorMaster,6.415000,D,S,24977.000000
Thu Jul 17 11:24:05 2025,17-Jul-2025,142408,48 40.143100 N,063 14.257500 W,4.8,204.7,A,DoorSpread,DoorMaster,6.415000,D,S,24977.000000
Thu Jul 17 11:24:05 2025,17-Jul-2025,142409,48 40.141900 N,063 14.258100 W,4.7,204.5,A,DoorSpread,DoorMaster,6.415000,D,S,24977.000000
Thu Jul 17 11:24:11 2025,17-Jul-2025,142410,48 40.140800 N,063 14.258800 W,4.8,204.4,A,DoorSpread,DoorMaster,6.300000,D,S,21402.000000
Thu Jul 17 11:24:12 2025,17-Jul-2025,142411,48 40.139600 N,063 14.259600 W,4.8,204.4,A,Depth,Depth,188.981481,D,S,29900.000000
Thu Jul 17 11:24:12 2025,17-Jul-2025,142412,48 40.138400 N,063 14.260400 W,4.8,204.4,A,Depth,Depth,188.981481,D,S,29900.000000
Thu Jul 17 11:24:12 2025,17-Jul-2025,142413,48 40.137200 N,063 14.261200 W,4.8,204.4,A,Depth,Depth,188.981481,D,S,29900.000000
Thu Jul 17 11:24:12 2025,17-Jul-2025,142414,48 40.136000 N,063 14.262100 W,4.8,204.2,A,Depth,Depth,188.981481,D,S,29900.000000
Thu Jul 17 11:24:12 2025,17-Jul-2025,142415,48 40.134800 N,063 14.262900 W,4.8,204.2,A,Depth,Depth,188.981481,D,S,29900.000000
Thu Jul 17 11:24:16 2025,17-Jul-2025,142416,48 40.133600 N,063 14.263700 W,4.8,204.2,A,Primary,Headline,57.734694,D,P,63991.000000
Thu Jul 17 11:24:16 2025,17-Jul-2025,142417,48 40.132400 N,063 14.264700 W,4.8,204.4,A,Primary,Headline,57.734694,D,P,63991.000000
Thu Jul 17 11:24:16 2025,17-Jul-2025,142418,48 40.131100 N,063 14.265600 W,4.8,204.2,A,Primary,Headline,57.734694,D,P,63991.000000
Thu Jul 17 11:24:19 2025,17-Jul-2025,142419,48 40.129900 N,063 14.266400 W,4.8,204.1,A,Depth,Depth,191.944444,D,S,22720.000000
Thu Jul 17 11:24:19 2025,17-Jul-2025,142420,48 40.128700 N,063 14.267200 W,4.8,204.2,A,Depth,Depth,191.944444,D,S,22720.000000
Thu Jul 17 11:24:19 2025,17-Jul-2025,142421,48 40.127500 N,063 14.268200 W,4.8,204.3,A,Depth,Depth,191.944444,D,S,22720.000000
Thu Jul 17 11:24:19 2025,17-Jul-2025,142422,48 40.126400 N,063 14.269000 W,4.8,204.3,A,Depth,Depth,191.944444,D,S,22720.000000
Thu Jul 17 11:24:19 2025,17-Jul-2025,142423,48 40.125200 N,063 14.269900 W,4.8,204.4,A,Depth,Depth,191.944444,D,S,22720.000000
Thu Jul 17 11:24:19 2025,17-Jul-2025,142424,48 40.123900 N,063 14.270700 W,4.8,204.4,A,Depth,Depth,191.944444,D,S,22720.000000
Thu Jul 17 11:24:19 2025,17-Jul-2025,142425,48 40.122700 N,063 14.271600 W,4.8,204.3,A,Depth,Depth,191.944444,D,S,22720.000000
Thu Jul 17 11:24:27 2025,17-Jul-2025,142426,48 40.121500 N,063 14.272300 W,4.8,204.2,A,Depth,Depth,191.851852,D,S,36252.000000
Thu Jul 17 11:24:27 2025,17-Jul-2025,142427,48 40.120300 N,063 14.273100 W,4.8,204.3,A,Depth,Depth,191.851852,D,S,36252.000000
Thu Jul 17 11:24:27 2025,17-Jul-2025,142428,48 40.119000 N,063 14.273900 W,4.8,204.4,A,Depth,Depth,191.851852,D,S,36252.000000
Thu Jul 17 11:24:27 2025,17-Jul-2025,142429,48 40.117800 N,063 14.274800 W,4.8,204.3,A,Depth,Depth,191.851852,D,S,36252.000000
Thu Jul 17 11:24:27 2025,17-Jul-2025,142430,48 40.116500 N,063 14.275700 W,4.8,204.2,A,Depth,Depth,191.851852,D,S,36252.000000
Thu Jul 17 11:24:27 2025,17-Jul-2025,142431,48 40.115200 N,063 14.276700 W,4.8,204.2,A,Depth,Depth,191.851852,D,S,36252.000000
Thu Jul 17 11:24:27 2025,17-Jul-2025,142432,48 40.114100 N,063 14.277600 W,4.8,204.4,A,Depth,Depth,191.851852,D,S,36252.000000
Thu Jul 17 11:24:34 2025,17-Jul-2025,142433,48 40.113000 N,063 14.278500 W,4.8,204.8,A,Primary,Headline,57.673469,D,S,63591.000000
Thu Jul 17 11:24:35 2025,17-Jul-2025,142434,48 40.111800 N,063 14.279400 W,4.8,204.9,A,Depth,Depth,194.351852,D,S,55969.000000
Thu Jul 17 11:24:35 2025,17-Jul-2025,142435,48 40.110700 N,063 14.280100 W,4.8,205.0,A,Depth,Depth,194.351852,D,S,55969.000000
Thu Jul 17 11:24:35 2025,17-Jul-2025,142436,48 40.109500 N,063 14.281000 W,4.8,205.2,A,Depth,Depth,194.351852,D,S,55969.000000
Thu Jul 17 11:24:35 2025,17-Jul-2025,142437,48 40.108300 N,063 14.281700 W,4.8,205.3,A,Depth,Depth,194.351852,D,S,55969.000000
Thu Jul 17 11:24:39 2025,17-Jul-2025,142438,48 40.107200 N,063 14.282500 W,4.8,205.3,A,Primary,Headline,12.142857,D,S,41426.000000
Thu Jul 17 11:24:39 2025,17-Jul-2025,142439,48 40.106000 N,063 14.283200 W,4.8,205.1,A,Primary,Headline,12.142857,D,S,41426.000000
Thu Jul 17 11:24:39 2025,17-Jul-2025,142440,48 40.104800 N,063 14.283900 W,4.8,205.0,A,Primary,Headline,12.142857,D,S,41426.000000
Thu Jul 17 11:24:39 2025,17-Jul-2025,142441,48 40.103600 N,063 14.284700 W,4.8,204.9,A,Primary,Headline,12.142857,D,S,41426.000000
Thu Jul 17 11:24:43 2025,17-Jul-2025,142442,48 40.102400 N,063 14.285600 W,4.8,205.1,A,Depth,Depth,196.666667,D,S,45383.000000
Thu Jul 17 11:24:44 2025,17-Jul-2025,142443,48 40.101300 N,063 14.286500 W,4.8,205.3,A,DoorSpread,DoorMaster,6.290000,D,S,35726.000000
Thu Jul 17 11:24:45 2025,17-Jul-2025,142444,48 40.100100 N,063 14.287400 W,4.8,205.3,A,Primary,Headline,55.551020,D,S,47115.000000
Thu Jul 17 11:24:45 2025,17-Jul-2025,142445,48 40.098800 N,063 14.288200 W,4.8,205.2,A,Primary,Headline,55.551020,D,S,47115.000000
Thu Jul 17 11:24:45 2025,17-Jul-2025,142446,48 40.097600 N,063 14.289100 W,4.8,205.1,A,Primary,Headline,55.551020,D,S,47115.000000
Thu Jul 17 11:24:45 2025,17-Jul-2025,142447,48 40.096500 N,063 14.290000 W,4.8,205.2,A,Primary,Headline,55.551020,D,S,47115.000000
Thu Jul 17 11:24:45 2025,17-Jul-2025,142448,48 40.095300 N,063 14.290800 W,4.8,205.4,A,Primary,Headline,55.551020,D,S,47115.000000
Thu Jul 17 11:24:50 2025,17-Jul-2025,142449,48 40.094000 N,063 14.291700 W,4.8,205.4,A,Depth,Depth,198.425926,D,S,71544.000000
Thu Jul 17 11:24:51 2025,17-Jul-2025,142450,48 40.092900 N,063 14.292600 W,4.8,205.4,A,Primary,Headline,46.326531,D,P,80058.000000
Thu Jul 17 11:24:51 2025,17-Jul-2025,142451,48 40.091700 N,063 14.293400 W,4.8,205.4,A,Primary,Headline,46.326531,D,P,80058.000000
Thu Jul 17 11:24:51 2025,17-Jul-2025,142452,48 40.090400 N,063 14.294300 W,4.8,205.5,A,Primary,Headline,46.326531,D,P,80058.000000
Thu Jul 17 11:24:51 2025,17-Jul-2025,142453,48 40.089200 N,063 14.295200 W,4.8,205.5,A,Primary,Headline,46.326531,D,P,80058.000000
Thu Jul 17 11:24:51 2025,17-Jul-2025,142454,48 40.087900 N,063 14.296000 W,4.8,205.5,A,Primary,Headline,46.326531,D,P,80058.000000
Thu Jul 17 11:24:55 2025,17-Jul-2025,142455,48 40.086700 N,063 14.296700 W,4.8,205.4,A,DoorSpread,DoorMaster,6.260000,D,S,25408.000000
Thu Jul 17 11:24:56 2025,17-Jul-2025,142456,48 40.085300 N,063 14.297600 W,4.8,205.4,A,Primary,Headline,30.387755,D,S,31202.000000
Thu Jul 17 11:24:58 2025,17-Jul-2025,142457,48 40.084000 N,063 14.298400 W,4.8,205.4,A,Depth,Depth,201.666667,D,S,28096.000000
Thu Jul 17 11:24:58 2025,17-Jul-2025,142458,48 40.082800 N,063 14.299200 W,4.8,205.4,A,Depth,Depth,201.666667,D,S,28096.000000
Thu Jul 17 11:24:58 2025,17-Jul-2025,142459,48 40.081600 N,063 14.300100 W,4.8,205.5,A,Depth,Depth,201.666667,D,S,28096.000000
Thu Jul 17 11:25:01 2025,17-Jul-2025,142500,48 40.080400 N,063 14.301000 W,4.8,205.6,A,DoorSpread,DoorMaster,6.195000,D,S,74125.000000
Thu Jul 17 11:25:02 2025,17-Jul-2025,142501,48 40.079200 N,063 14.301800 W,4.8,205.5,A,Primary,Headline,51.918367,D,P,105720.000000
Thu Jul 17 11:25:02 2025,17-Jul-2025,142502,48 40.078000 N,063 14.302500 W,4.8,205.4,A,Primary,Headline,51.918367,D,P,105720.000000
Thu Jul 17 11:25:02 2025,17-Jul-2025,142503,48 40.076900 N,063 14.303200 W,4.8,205.2,A,Primary,Headline,51.918367,D,P,105720.000000
Thu Jul 17 11:25:02 2025,17-Jul-2025,142504,48 40.075700 N,063 14.304000 W,4.8,205.3,A,Primary,Headline,51.918367,D,P,105720.000000
Thu Jul 17 11:25:06 2025,17-Jul-2025,142505,48 40.074400 N,063 14.304900 W,4.8,205.3,A,Depth,Depth,200.833333,D,S,38065.000000
Thu Jul 17 11:25:07 2025,17-Jul-2025,142506,48 40.073200 N,063 14.305700 W,4.8,205.4,A,DoorSpread,DoorMaster,6.520000,D,P,49486.000000
Thu Jul 17 11:25:08 2025,17-Jul-2025,142507,48 40.071900 N,063 14.306600 W,4.8,205.5,A,Primary,Headline,51.163265,D,S,59577.000000
Thu Jul 17 11:25:08 2025,17-Jul-2025,142508,48 40.070700 N,063 14.307400 W,4.8,205.5,A,Primary,Headline,51.163265,D,S,59577.000000
Thu Jul 17 11:25:08 2025,17-Jul-2025,142509,48 40.069500 N,063 14.308200 W,4.7,205.6,A,Primary,Headline,51.163265,D,S,59577.000000
Thu Jul 17 11:25:08 2025,17-Jul-2025,142510,48 40.068200 N,063 14.309000 W,4.8,205.8,A,Primary,Headline,51.163265,D,S,59577.000000
Thu Jul 17 11:25:12 2025,17-Jul-2025,142511,48 40.067000 N,063 14.309900 W,4.8,205.9,A,DoorSpread,DoorMaster,6.595000,D,S,41163.000000
Thu Jul 17 11:25:12 2025,17-Jul-2025,142512,48 40.065800 N,063 14.310700 W,4.7,205.9,A,DoorSpread,DoorMaster,6.595000,D,S,41163.000000
Thu Jul 17 11:25:14 2025,17-Jul-2025,142513,48 40.064600 N,063 14.311500 W,4.7,206.0,A,Primary,Headline,48.938776,D,S,37828.000000
Thu Jul 17 11:25:14 2025,17-Jul-2025,142514,48 40.063400 N,063 14.312200 W,4.7,205.6,A,Primary,Headline,48.938776,D,S,37828.000000
Thu Jul 17 11:25:14 2025,17-Jul-2025,142515,48 40.062200 N,063 14.312900 W,4.7,205.6,A,Primary,Headline,48.938776,D,S,37828.000000
Thu Jul 17 11:25:14 2025,17-Jul-2025,142516,48 40.061000 N,063 14.313900 W,4.7,205.6,A,Primary,Headline,48.938776,D,S,37828.000000
Thu Jul 17 11:25:18 2025,17-Jul-2025,142517,48 40.059900 N,063 14.314800 W,4.7,205.9,A,DoorSpread,DoorMaster,5.930000,D,S,39704.000000
Thu Jul 17 11:25:18 2025,17-Jul-2025,142518,48 40.058800 N,063 14.315600 W,4.7,205.9,A,DoorSpread,DoorMaster,5.930000,D,S,39704.000000
Thu Jul 17 11:25:20 2025,17-Jul-2025,142519,48 40.057700 N,063 14.316500 W,4.7,205.8,A,Primary,Headline,47.897959,D,S,69466.000000
Thu Jul 17 11:25:21 2025,17-Jul-2025,142520,48 40.056500 N,063 14.317300 W,4.7,205.6,A,Depth,Depth,197.962963,D,S,75937.000000
Thu Jul 17 11:25:21 2025,17-Jul-2025,142521,48 40.055400 N,063 14.318200 W,4.7,205.6,A,Depth,Depth,197.962963,D,S,75937.000000
Thu Jul 17 11:25:21 2025,17-Jul-2025,142522,48 40.054200 N,063 14.319000 W,4.7,205.6,A,Depth,Depth,197.962963,D,S,75937.000000
Thu Jul 17 11:25:23 2025,17-Jul-2025,142523,48 40.053100 N,063 14.320000 W,4.7,205.9,A,DoorSpread,DoorMaster,6.585000,D,S,51011.000000
Thu Jul 17 11:25:23 2025,17-Jul-2025,142524,48 40.052000 N,063 14.321000 W,4.7,206.0,A,DoorSpread,DoorMaster,6.585000,D,S,51011.000000
Thu Jul 17 11:25:26 2025,17-Jul-2025,142525,48 40.050800 N,063 14.321800 W,4.7,205.9,A,Primary,Headline,51.000000,D,S,63127.000000
Thu Jul 17 11:25:26 2025,17-Jul-2025,142526,48 40.049600 N,063 14.322600 W,4.7,205.7,A,Primary,Headline,51.000000,D,S,63127.000000
Thu Jul 17 11:25:26 2025,17-Jul-2025,142527,48 40.048300 N,063 14.323500 W,4.8,205.5,A,Primary,Headline,51.000000,D,S,63127.000000
Thu Jul 17 11:25:29 2025,17-Jul-2025,142528,48 40.047100 N,063 14.324500 W,4.8,205.4,A,DoorSpread,DoorMaster,6.410000,D,S,31914.000000
Thu Jul 17 11:25:29 2025,17-Jul-2025,142529,48 40.045900 N,063 14.325400 W,4.8,205.4,A,DoorSpread,DoorMaster,6.410000,D,S,31914.000000
Thu Jul 17 11:25:31 2025,17-Jul-2025,142530,48 40.044700 N,063 14.326400 W,4.8,205.6,A,Primary,Headline,40.877551,D,S,52376.000000
Thu Jul 17 11:25:31 2025,17-Jul-2025,142531,48 40.043500 N,063 14.327300 W,4.8,205.7,A,Primary,Headline,40.877551,D,S,52376.000000
Thu Jul 17 11:25:31 2025,17-Jul-2025,142532,48 40.042300 N,063 14.328300 W,4.8,205.7,A,Primary,Headline,40.877551,D,S,52376.000000
Thu Jul 17 11:25:31 2025,17-Jul-2025,142533,48 40.041100 N,063 14.329100 W,4.8,205.5,A,Primary,Headline,40.877551,D,S,52376.000000
Thu Jul 17 11:25:35 2025,17-Jul-2025,142534,48 40.039800 N,063 14.329900 W,4.8,205.4,A,DoorSpread,DoorMaster,6.765000,D,S,29257.000000
Thu Jul 17 11:25:35 2025,17-Jul-2025,142535,48 40.038700 N,063 14.330800 W,4.7,205.7,A,DoorSpread,DoorMaster,6.765000,D,S,29257.000000
Thu Jul 17 11:25:37 2025,17-Jul-2025,142536,48 40.037700 N,063 14.331600 W,4.5,206.0,A,Primary,Headline,50.571429,D,S,73936.000000
Thu Jul 17 11:25:37 2025,17-Jul-2025,142537,48 40.036700 N,063 14.332200 W,4.3,206.3,A,Primary,Headline,50.571429,D,S,73936.000000
Thu Jul 17 11:25:37 2025,17-Jul-2025,142538,48 40.035800 N,063 14.332800 W,4.2,206.4,A,Primary,Headline,50.571429,D,S,73936.000000
Thu Jul 17 11:25:40 2025,17-Jul-2025,142539,48 40.034900 N,063 14.333500 W,4.1,206.5,A,DoorSpread,DoorMaster,5.945000,D,S,9954.000000
Thu Jul 17 11:25:40 2025,17-Jul-2025,142540,48 40.034000 N,063 14.334200 W,3.9,206.6,A,DoorSpread,DoorMaster,5.945000,D,S,9954.000000
Thu Jul 17 11:25:40 2025,17-Jul-2025,142541,48 40.033300 N,063 14.334700 W,3.7,206.5,A,DoorSpread,DoorMaster,5.945000,D,S,9954.000000
Thu Jul 17 11:25:43 2025,17-Jul-2025,142542,48 40.032700 N,063 14.335300 W,3.5,206.4,A,Primary,Headline,44.734694,D,S,57269.000000
Thu Jul 17 11:25:43 2025,17-Jul-2025,142543,48 40.032000 N,063 14.335900 W,3.4,206.2,A,Primary,Headline,44.734694,D,S,57269.000000
Thu Jul 17 11:25:44 2025,17-Jul-2025,142544,48 40.031400 N,063 14.336300 W,3.2,206.0,A,Depth,Depth,208.796296,D,P,55694.000000
Thu Jul 17 11:25:46 2025,17-Jul-2025,142545,48 40.031000 N,063 14.336700 W,3.0,205.9,A,DoorSpread,DoorMaster,7.025000,D,P,35802.000000
Thu Jul 17 11:25:46 2025,17-Jul-2025,142546,48 40.030400 N,063 14.337100 W,2.9,205.8,A,DoorSpread,DoorMaster,7.025000,D,P,35802.000000
Thu Jul 17 11:25:46 2025,17-Jul-2025,142547,48 40.029800 N,063 14.337700 W,2.9,205.7,A,DoorSpread,DoorMaster,7.025000,D,P,35802.000000
Thu Jul 17 11:25:49 2025,17-Jul-2025,142548,48 40.029300 N,063 14.338100 W,2.7,205.5,A,Primary,Headline,42.734694,D,S,57909.000000
Thu Jul 17 11:25:49 2025,17-Jul-2025,142549,48 40.028900 N,063 14.338400 W,2.6,205.3,A,Primary,Headline,42.734694,D,S,57909.000000
Thu Jul 17 11:25:49 2025,17-Jul-2025,142550,48 40.028300 N,063 14.338600 W,2.6,204.9,A,Primary,Headline,42.734694,D,S,57909.000000
Thu Jul 17 11:25:52 2025,17-Jul-2025,142551,48 40.027800 N,063 14.338900 W,2.5,204.6,A,Depth,Depth,210.833333,D,P,37993.000000
Thu Jul 17 11:25:52 2025,17-Jul-2025,142552,48 40.027200 N,063 14.339100 W,2.4,204.4,A,Depth,Depth,210.833333,D,P,37993.000000
Thu Jul 17 11:25:52 2025,17-Jul-2025,142553,48 40.026800 N,063 14.339400 W,2.4,204.2,A,Depth,Depth,210.833333,D,P,37993.000000
Thu Jul 17 11:25:54 2025,17-Jul-2025,142554,48 40.026200 N,063 14.339700 W,2.3,204.0,A,Primary,Headline,48.346939,D,S,12936.000000
Thu Jul 17 11:25:54 2025,17-Jul-2025,142555,48 40.025700 N,063 14.340100 W,2.3,203.9,A,Primary,Headline,48.346939,D,S,12936.000000
Thu Jul 17 11:25:57 2025,17-Jul-2025,142556,48 40.025200 N,063 14.340400 W,2.2,203.7,A,DoorSpread,DoorMaster,6.665000,D,P,53386.000000
Thu Jul 17 11:25:57 2025,17-Jul-2025,142557,48 40.024700 N,063 14.340700 W,2.1,203.5,A,DoorSpread,DoorMaster,6.665000,D,P,53386.000000
Thu Jul 17 11:25:57 2025,17-Jul-2025,142558,48 40.024200 N,063 14.340900 W,2.1,203.3,A,DoorSpread,DoorMaster,6.665000,D,P,53386.000000
Thu Jul 17 11:26:00 2025,17-Jul-2025,142559,48 40.023700 N,063 14.341300 W,2.1,203.3,A,Primary,Headline,41.428571,D,S,32438.000000
Thu Jul 17 11:26:00 2025,17-Jul-2025,142600,48 40.023200 N,063 14.341600 W,2.0,203.1,A,Primary,Headline,41.428571,D,S,32438.000000
Thu Jul 17 11:26:00 2025,17-Jul-2025,142601,48 40.022800 N,063 14.341900 W,2.0,203.0,A,Primary,Headline,41.428571,D,S,32438.000000
Thu Jul 17 11:26:03 2025,17-Jul-2025,142602,48 40.022300 N,063 14.342200 W,2.0,203.0,A,DoorSpread,DoorMaster,6.515000,D,S,110916.000000
Thu Jul 17 11:26:03 2025,17-Jul-2025,142603,48 40.021800 N,063 14.342500 W,2.0,203.1,A,DoorSpread,DoorMaster,6.515000,D,S,110916.000000
Thu Jul 17 11:26:03 2025,17-Jul-2025,142604,48 40.021300 N,063 14.342800 W,2.0,203.1,A,DoorSpread,DoorMaster,6.515000,D,S,110916.000000
Thu Jul 17 11:26:06 2025,17-Jul-2025,142605,48 40.020800 N,063 14.343000 W,1.9,203.0,A,Primary,Headline,58.755102,D,P,56738.000000
Thu Jul 17 11:26:06 2025,17-Jul-2025,142606,48 40.020300 N,063 14.343300 W,1.9,203.0,A,Primary,Headline,58.755102,D,P,56738.000000
Thu Jul 17 11:26:08 2025,17-Jul-2025,142607,48 40.019800 N,063 14.343800 W,2.0,203.3,A,DoorSpread,DoorMaster,6.360000,D,S,27749.000000
Thu Jul 17 11:26:08 2025,17-Jul-2025,142608,48 40.019300 N,063 14.344100 W,1.9,203.4,A,DoorSpread,DoorMaster,6.360000,D,S,27749.000000
Thu Jul 17 11:26:08 2025,17-Jul-2025,142609,48 40.018800 N,063 14.344400 W,1.9,203.5,A,DoorSpread,DoorMaster,6.360000,D,S,27749.000000
Thu Jul 17 11:26:08 2025,17-Jul-2025,142610,48 40.018300 N,063 14.344700 W,1.9,203.5,A,DoorSpread,DoorMaster,6.360000,D,S,27749.000000
Thu Jul 17 11:26:12 2025,17-Jul-2025,142611,48 40.017700 N,063 14.345000 W,2.0,203.3,A,Primary,Headline,36.877551,D,S,40062.000000
Thu Jul 17 11:26:12 2025,17-Jul-2025,142612,48 40.017200 N,063 14.345300 W,1.9,203.2,A,Primary,Headline,36.877551,D,S,40062.000000
Thu Jul 17 11:26:14 2025,17-Jul-2025,142613,48 40.016700 N,063 14.345600 W,2.0,203.1,A,DoorSpread,DoorMaster,6.265000,D,S,73974.000000
Thu Jul 17 11:26:14 2025,17-Jul-2025,142614,48 40.016100 N,063 14.345900 W,2.0,203.0,A,DoorSpread,DoorMaster,6.265000,D,S,73974.000000
Thu Jul 17 11:26:16 2025,17-Jul-2025,142615,48 40.015500 N,063 14.346100 W,2.0,202.9,A,Depth,Depth,219.351852,D,S,88201.000000
Thu Jul 17 11:26:17 2025,17-Jul-2025,142616,48 40.014900 N,063 14.346400 W,2.0,202.8,A,Primary,Headline,36.510204,D,P,92231.000000
Thu Jul 17 11:26:17 2025,17-Jul-2025,142617,48 40.014300 N,063 14.346700 W,2.1,202.8,A,Primary,Headline,36.510204,D,P,92231.000000
Thu Jul 17 11:26:17 2025,17-Jul-2025,142618,48 40.013700 N,063 14.347000 W,2.1,202.7,A,Primary,Headline,36.510204,D,P,92231.000000
Thu Jul 17 11:26:19 2025,17-Jul-2025,142619,48 40.013100 N,063 14.347200 W,2.1,202.7,A,DoorSpread,DoorMaster,6.355000,D,P,22076.000000
Thu Jul 17 11:26:19 2025,17-Jul-2025,142620,48 40.012600 N,063 14.347400 W,2.1,202.4,A,DoorSpread,DoorMaster,6.355000,D,P,22076.000000
Thu Jul 17 11:26:19 2025,17-Jul-2025,142621,48 40.012000 N,063 14.347600 W,2.1,202.2,A,DoorSpread,DoorMaster,6.355000,D,P,22076.000000
Thu Jul 17 11:26:23 2025,17-Jul-2025,142622,48 40.011500 N,063 14.347900 W,2.2,202.2,A,Primary,Headline,34.285714,D,S,68084.000000
Thu Jul 17 11:26:23 2025,17-Jul-2025,142623,48 40.011000 N,063 14.348100 W,2.2,202.2,A,Depth,Depth,220.092593,D,S,78986.000000
Thu Jul 17 11:26:25 2025,17-Jul-2025,142624,48 40.010500 N,063 14.348500 W,2.2,202.3,A,DoorSpread,DoorMaster,6.180000,D,S,85401.000000
Thu Jul 17 11:26:25 2025,17-Jul-2025,142625,48 40.009900 N,063 14.348800 W,2.2,202.4,A,DoorSpread,DoorMaster,6.180000,D,S,85401.000000
Thu Jul 17 11:26:25 2025,17-Jul-2025,142626,48 40.009300 N,063 14.349300 W,2.2,202.5,A,DoorSpread,DoorMaster,6.180000,D,S,85401.000000
Thu Jul 17 11:26:28 2025,17-Jul-2025,142627,48 40.008700 N,063 14.349700 W,2.2,202.6,A,Primary,Headline,30.918367,D,S,121714.000000
Thu Jul 17 11:26:28 2025,17-Jul-2025,142628,48 40.008100 N,063 14.350100 W,2.2,202.7,A,Primary,Headline,30.918367,D,S,121714.000000
Thu Jul 17 11:26:28 2025,17-Jul-2025,142629,48 40.007400 N,063 14.350500 W,2.2,202.6,A,Primary,Headline,30.918367,D,S,121714.000000
Thu Jul 17 11:26:31 2025,17-Jul-2025,142630,48 40.006800 N,063 14.350900 W,2.2,202.5,A,Depth,Depth,224.074074,D,S,88213.000000
Thu Jul 17 11:26:31 2025,17-Jul-2025,142631,48 40.006200 N,063 14.351300 W,2.2,202.4,A,Depth,Depth,224.074074,D,S,88213.000000
Thu Jul 17 11:26:31 2025,17-Jul-2025,142632,48 40.005600 N,063 14.351600 W,2.2,202.3,A,Depth,Depth,224.074074,D,S,88213.000000
Thu Jul 17 11:26:34 2025,17-Jul-2025,142633,48 40.005000 N,063 14.351800 W,2.3,201.8,A,Primary,Headline,28.020408,D,S,99081.000000
Thu Jul 17 11:26:34 2025,17-Jul-2025,142634,48 40.004400 N,063 14.352000 W,2.3,201.5,A,Primary,Headline,28.020408,D,S,99081.000000
Thu Jul 17 11:26:36 2025,17-Jul-2025,142635,48 40.003800 N,063 14.352300 W,2.3,201.3,A,DoorSpread,DoorMaster,6.030000,D,S,68934.000000
Thu Jul 17 11:26:36 2025,17-Jul-2025,142636,48 40.003100 N,063 14.352600 W,2.3,201.2,A,DoorSpread,DoorMaster,6.030000,D,S,68934.000000
Thu Jul 17 11:26:36 2025,17-Jul-2025,142637,48 40.002500 N,063 14.353000 W,2.3,201.0,A,DoorSpread,DoorMaster,6.030000,D,S,68934.000000
Thu Jul 17 11:26:39 2025,17-Jul-2025,142638,48 40.002000 N,063 14.353300 W,2.3,200.7,A,Primary,Headline,25.897959,D,S,94505.000000
Thu Jul 17 11:26:39 2025,17-Jul-2025,142639,48 40.001300 N,063 14.353700 W,2.4,200.5,A,Primary,Headline,25.897959,D,S,94505.000000
Thu Jul 17 11:26:39 2025,17-Jul-2025,142640,48 40.000600 N,063 14.354100 W,2.4,200.4,A,Primary,Headline,25.897959,D,S,94505.000000
Thu Jul 17 11:26:42 2025,17-Jul-2025,142641,48 40.000000 N,063 14.354500 W,2.3,200.2,A,DoorSpread,DoorMaster,5.830000,D,S,71313.000000
Thu Jul 17 11:26:42 2025,17-Jul-2025,142642,48 39.999400 N,063 14.354800 W,2.3,200.2,A,DoorSpread,DoorMaster,5.830000,D,S,71313.000000
Thu Jul 17 11:26:42 2025,17-Jul-2025,142643,48 39.998800 N,063 14.355200 W,2.3,200.4,A,DoorSpread,DoorMaster,5.830000,D,S,71313.000000
Thu Jul 17 11:26:44 2025,17-Jul-2025,142644,48 39.998200 N,063 14.355500 W,2.3,200.4,A,Primary,Headline,24.020408,D,S,110406.000000
Thu Jul 17 11:26:44 2025,17-Jul-2025,142645,48 39.997500 N,063 14.355900 W,2.3,200.4,A,Primary,Headline,24.020408,D,S,110406.000000
Thu Jul 17 11:26:47 2025,17-Jul-2025,142646,48 39.996900 N,063 14.356100 W,2.4,200.4,A,DoorSpread,DoorMaster,5.835000,D,S,78315.000000
Thu Jul 17 11:26:47 2025,17-Jul-2025,142647,48 39.996200 N,063 14.356200 W,2.3,200.3,A,DoorSpread,DoorMaster,5.835000,D,S,78315.000000
Thu Jul 17 11:26:47 2025,17-Jul-2025,142648,48 39.995700 N,063 14.356400 W,2.3,200.4,A,DoorSpread,DoorMaster,5.835000,D,S,78315.000000
Thu Jul 17 11:26:50 2025,17-Jul-2025,142649,48 39.995200 N,063 14.356600 W,2.3,200.9,A,Primary,Headline,20.836735,D,S,90510.000000
Thu Jul 17 11:26:50 2025,17-Jul-2025,142650,48 39.994700 N,063 14.357000 W,2.3,201.4,A,Primary,Headline,20.836735,D,S,90510.000000
Thu Jul 17 11:26:50 2025,17-Jul-2025,142651,48 39.994100 N,063 14.357300 W,2.2,201.6,A,Primary,Headline,20.836735,D,S,90510.000000
Thu Jul 17 11:26:53 2025,17-Jul-2025,142652,48 39.993600 N,063 14.357700 W,2.3,201.8,A,DoorSpread,DoorMaster,5.960000,D,P,33101.000000
Thu Jul 17 11:26:53 2025,17-Jul-2025,142653,48 39.993000 N,063 14.358100 W,2.3,201.7,A,DoorSpread,DoorMaster,5.960000,D,P,33101.000000
Thu Jul 17 11:26:55 2025,17-Jul-2025,142654,48 39.992400 N,063 14.358500 W,2.2,201.6,A,Primary,Headline,18.224490,D,P,47230.000000
Thu Jul 17 11:26:55 2025,17-Jul-2025,142655,48 39.991900 N,063 14.358900 W,2.3,201.6,A,Primary,Headline,18.224490,D,P,47230.000000
Thu Jul 17 11:26:55 2025,17-Jul-2025,142656,48 39.991300 N,063 14.359300 W,2.3,201.5,A,Primary,Headline,18.224490,D,P,47230.000000
Thu Jul 17 11:26:55 2025,17-Jul-2025,142657,48 39.990600 N,063 14.359700 W,2.3,201.5,A,Primary,Headline,18.224490,D,P,47230.000000
Thu Jul 17 11:26:58 2025,17-Jul-2025,142658,48 39.990100 N,063 14.360000 W,2.2,201.7,A,DoorSpread,DoorMaster,5.905000,D,P,42350.000000
Thu Jul 17 11:26:58 2025,17-Jul-2025,142659,48 39.989600 N,063 14.360400 W,2.2,201.9,A,DoorSpread,DoorMaster,5.905000,D,P,42350.000000
Thu Jul 17 11:27:00 2025,17-Jul-2025,142700,48 39.989000 N,063 14.360800 W,2.2,202.2,A,Primary,Headline,17.387755,D,S,120142.000000
Thu Jul 17 11:27:00 2025,17-Jul-2025,142701,48 39.988500 N,063 14.361100 W,2.2,202.3,A,Primary,Headline,17.387755,D,S,120142.000000
Thu Jul 17 11:27:03 2025,17-Jul-2025,142702,48 39.988000 N,063 14.361500 W,2.2,202.5,A,Depth,Depth,237.407407,D,P,28885.000000
Thu Jul 17 11:27:04 2025,17-Jul-2025,142703,48 39.987600 N,063 14.361800 W,2.1,202.7,A,DoorSpread,DoorMaster,5.905000,D,S,96233.000000
Thu Jul 17 11:27:04 2025,17-Jul-2025,142704,48 39.987000 N,063 14.362200 W,2.1,202.8,A,DoorSpread,DoorMaster,5.905000,D,S,96233.000000
Thu Jul 17 11:27:06 2025,17-Jul-2025,142705,48 39.986500 N,063 14.362500 W,2.1,203.0,A,Primary,Headline,15.591837,D,S,142566.000000
Thu Jul 17 11:27:06 2025,17-Jul-2025,142706,48 39.986000 N,063 14.362900 W,2.1,202.9,A,Primary,Headline,15.591837,D,S,142566.000000
Thu Jul 17 11:27:06 2025,17-Jul-2025,142707,48 39.985500 N,063 14.363100 W,2.1,202.7,A,Primary,Headline,15.591837,D,S,142566.000000
Thu Jul 17 11:27:06 2025,17-Jul-2025,142708,48 39.984900 N,063 14.363300 W,2.1,202.4,A,Primary,Headline,15.591837,D,S,142566.000000
Thu Jul 17 11:27:10 2025,17-Jul-2025,142709,48 39.984400 N,063 14.363500 W,2.1,202.3,A,DoorSpread,DoorMaster,5.915000,D,P,29890.000000
Thu Jul 17 11:27:11 2025,17-Jul-2025,142710,48 39.983900 N,063 14.363800 W,2.1,202.3,A,Primary,Headline,12.959184,D,P,110250.000000
Thu Jul 17 11:27:11 2025,17-Jul-2025,142711,48 39.983400 N,063 14.364000 W,2.1,202.2,A,Primary,Headline,12.959184,D,P,110250.000000
Thu Jul 17 11:27:11 2025,17-Jul-2025,142712,48 39.982800 N,063 14.364300 W,2.1,202.2,A,Primary,Headline,12.959184,D,P,110250.000000
Thu Jul 17 11:27:11 2025,17-Jul-2025,142713,48 39.982200 N,063 14.364600 W,2.1,202.0,A,Primary,Headline,12.959184,D,P,110250.000000
Thu Jul 17 11:27:15 2025,17-Jul-2025,142714,48 39.981700 N,063 14.364900 W,2.0,201.8,A,DoorSpread,DoorMaster,8.770000,D,S,11765.000000
Thu Jul 17 11:27:16 2025,17-Jul-2025,142715,48 39.981200 N,063 14.365200 W,2.0,201.7,A,Primary,Headline,11.306122,D,P,80002.000000
Thu Jul 17 11:27:16 2025,17-Jul-2025,142716,48 39.980600 N,063 14.365600 W,2.1,202.0,A,Primary,Headline,11.306122,D,P,80002.000000
Thu Jul 17 11:27:16 2025,17-Jul-2025,142717,48 39.980100 N,063 14.366000 W,2.1,202.1,A,Primary,Headline,11.306122,D,P,80002.000000
Thu Jul 17 11:27:18 2025,17-Jul-2025,142718,48 39.979500 N,063 14.366200 W,2.0,202.1,A,Depth,Depth,243.981481,D,P,78287.000000
Thu Jul 17 11:27:18 2025,17-Jul-2025,142719,48 39.979000 N,063 14.366500 W,2.0,202.0,A,Depth,Depth,243.981481,D,P,78287.000000
Thu Jul 17 11:27:21 2025,17-Jul-2025,142720,48 39.978400 N,063 14.366800 W,2.1,202.0,A,Primary,Headline,2.755102,D,P,61682.000000
Thu Jul 17 11:27:21 2025,17-Jul-2025,142721,48 39.978000 N,063 14.367300 W,2.0,202.1,A,Primary,Headline,2.755102,D,P,61682.000000
Thu Jul 17 11:27:21 2025,17-Jul-2025,142722,48 39.977600 N,063 14.367600 W,2.0,202.2,A,Primary,Headline,2.755102,D,P,61682.000000
Thu Jul 17 11:27:21 2025,17-Jul-2025,142723,48 39.977100 N,063 14.368000 W,2.0,202.5,A,Primary,Headline,2.755102,D,P,61682.000000
Thu Jul 17 11:27:21 2025,17-Jul-2025,142724,48 39.976600 N,063 14.368500 W,2.0,202.5,A,Primary,Headline,2.755102,D,P,61682.000000
Thu Jul 17 11:27:26 2025,17-Jul-2025,142725,48 39.976200 N,063 14.368800 W,2.0,202.4,A,DoorSpread,DoorMaster,6.520000,D,S,23783.000000
Thu Jul 17 11:27:26 2025,17-Jul-2025,142726,48 39.975700 N,063 14.369100 W,2.0,202.3,A,DoorSpread,DoorMaster,6.520000,D,S,23783.000000
Thu Jul 17 11:27:26 2025,17-Jul-2025,142727,48 39.975200 N,063 14.369400 W,2.0,202.2,A,DoorSpread,DoorMaster,6.520000,D,S,23783.000000
Thu Jul 17 11:27:26 2025,17-Jul-2025,142728,48 39.974700 N,063 14.369800 W,1.9,202.2,A,DoorSpread,DoorMaster,6.520000,D,S,23783.000000
Thu Jul 17 11:27:26 2025,17-Jul-2025,142729,48 39.974300 N,063 14.370100 W,1.9,202.1,A,DoorSpread,DoorMaster,6.520000,D,S,23783.000000
Thu Jul 17 11:27:26 2025,17-Jul-2025,142730,48 39.973800 N,063 14.370500 W,1.9,202.1,A,DoorSpread,DoorMaster,6.520000,D,S,23783.000000
Thu Jul 17 11:27:32 2025,17-Jul-2025,142731,48 39.973300 N,063 14.370800 W,1.9,202.1,A,DoorSpread,DoorMaster,6.280000,D,S,21751.000000
Thu Jul 17 11:27:32 2025,17-Jul-2025,142732,48 39.972800 N,063 14.371100 W,1.9,202.2,A,DoorSpread,DoorMaster,6.280000,D,S,21751.000000
Thu Jul 17 11:27:34 2025,17-Jul-2025,142733,48 39.972400 N,063 14.371600 W,2.0,202.3,A,Depth,Depth,251.574074,D,P,17702.000000
Thu Jul 17 11:27:34 2025,17-Jul-2025,142734,48 39.971800 N,063 14.372000 W,2.0,202.1,A,Depth,Depth,251.574074,D,P,17702.000000
Thu Jul 17 11:27:34 2025,17-Jul-2025,142735,48 39.971400 N,063 14.372200 W,2.0,201.7,A,Depth,Depth,251.574074,D,P,17702.000000
Thu Jul 17 11:27:37 2025,17-Jul-2025,142736,48 39.970900 N,063 14.372500 W,2.0,201.6,A,Primary,Headline,4.632653,D,P,46833.000000
Thu Jul 17 11:27:38 2025,17-Jul-2025,142737,48 39.970400 N,063 14.372900 W,2.0,201.5,A,DoorSpread,DoorMaster,6.695000,D,P,18980.000000
Thu Jul 17 11:27:38 2025,17-Jul-2025,142738,48 39.970000 N,063 14.373300 W,2.0,201.6,A,DoorSpread,DoorMaster,6.695000,D,P,18980.000000
Thu Jul 17 11:27:38 2025,17-Jul-2025,142739,48 39.969500 N,063 14.373600 W,2.0,201.8,A,DoorSpread,DoorMaster,6.695000,D,P,18980.000000
Thu Jul 17 11:27:38 2025,17-Jul-2025,142740,48 39.969000 N,063 14.374000 W,2.0,202.0,A,DoorSpread,DoorMaster,6.695000,D,P,18980.000000
Thu Jul 17 11:27:42 2025,17-Jul-2025,142741,48 39.968500 N,063 14.374300 W,2.0,202.1,A,Depth,Depth,251.296296,D,P,38246.000000
Thu Jul 17 11:27:43 2025,17-Jul-2025,142742,48 39.968100 N,063 14.374700 W,2.0,202.3,A,DoorSpread,DoorMaster,6.405000,D,S,5738.000000
Thu Jul 17 11:27:43 2025,17-Jul-2025,142743,48 39.967600 N,063 14.375100 W,2.0,202.6,A,DoorSpread,DoorMaster,6.405000,D,S,5738.000000
Thu Jul 17 11:27:43 2025,17-Jul-2025,142744,48 39.967100 N,063 14.375500 W,2.0,202.6,A,DoorSpread,DoorMaster,6.405000,D,S,5738.000000
Thu Jul 17 11:27:43 2025,17-Jul-2025,142745,48 39.966600 N,063 14.375900 W,2.0,203.0,A,DoorSpread,DoorMaster,6.405000,D,S,5738.000000
Thu Jul 17 11:27:47 2025,17-Jul-2025,142746,48 39.966100 N,063 14.376400 W,2.1,203.6,A,Primary,Headline,3.204082,D,P,14542.000000
Thu Jul 17 11:27:47 2025,17-Jul-2025,142747,48 39.965700 N,063 14.376800 W,2.1,203.9,A,Primary,Headline,3.204082,D,P,14542.000000
Thu Jul 17 11:27:49 2025,17-Jul-2025,142748,48 39.965200 N,063 14.377200 W,2.0,204.0,A,DoorSpread,DoorMaster,7.035000,D,S,38815.000000
Thu Jul 17 11:27:49 2025,17-Jul-2025,142749,48 39.964700 N,063 14.377700 W,2.1,204.3,A,DoorSpread,DoorMaster,7.035000,D,S,38815.000000
Thu Jul 17 11:27:49 2025,17-Jul-2025,142750,48 39.964200 N,063 14.378200 W,2.1,204.5,A,DoorSpread,DoorMaster,7.035000,D,S,38815.000000
Thu Jul 17 11:27:52 2025,17-Jul-2025,142751,48 39.963800 N,063 14.378600 W,2.1,204.6,A,Primary,Headline,1.265306,D,P,44980.000000
Thu Jul 17 11:27:52 2025,17-Jul-2025,142752,48 39.963300 N,063 14.379100 W,2.1,204.7,A,Primary,Headline,1.265306,D,P,44980.000000
Thu Jul 17 11:27:52 2025,17-Jul-2025,142753,48 39.962900 N,063 14.379500 W,2.1,205.0,A,Primary,Headline,1.265306,D,P,44980.000000
Thu Jul 17 11:27:54 2025,17-Jul-2025,142754,48 39.962400 N,063 14.379900 W,2.1,205.2,A,DoorSpread,DoorMaster,7.995000,D,S,53430.000000
Thu Jul 17 11:27:54 2025,17-Jul-2025,142755,48 39.961900 N,063 14.380300 W,2.1,205.2,A,DoorSpread,DoorMaster,7.995000,D,S,53430.000000
Thu Jul 17 11:27:57 2025,17-Jul-2025,142756,48 39.961300 N,063 14.380500 W,2.1,205.2,A,Primary,Headline,1.816327,D,S,25934.000000
Thu Jul 17 11:27:57 2025,17-Jul-2025,142757,48 39.960800 N,063 14.380700 W,2.1,204.9,A,Primary,Headline,1.816327,D,S,25934.000000
Thu Jul 17 11:27:57 2025,17-Jul-2025,142758,48 39.960200 N,063 14.380900 W,2.2,204.7,A,Primary,Headline,1.816327,D,S,25934.000000
Thu Jul 17 11:28:00 2025,17-Jul-2025,142759,48 39.959500 N,063 14.381400 W,2.2,204.8,A,DoorSpread,DoorMaster,8.715000,D,S,28702.000000
Thu Jul 17 11:28:00 2025,17-Jul-2025,142800,48 39.959000 N,063 14.381800 W,2.2,204.9,A,DoorSpread,DoorMaster,8.715000,D,S,28702.000000
Thu Jul 17 11:28:02 2025,17-Jul-2025,142801,48 39.958500 N,063 14.382200 W,2.2,204.8,A,Primary,Headline,1.326531,D,P,28022.000000
Thu Jul 17 11:28:02 2025,17-Jul-2025,142802,48 39.957900 N,063 14.382500 W,2.2,204.7,A,Primary,Headline,1.326531,D,P,28022.000000
Thu Jul 17 11:28:02 2025,17-Jul-2025,142803,48 39.957300 N,063 14.382900 W,2.2,204.5,A,Primary,Headline,1.326531,D,P,28022.000000
Thu Jul 17 11:28:02 2025,17-Jul-2025,142804,48 39.956700 N,063 14.383300 W,2.2,204.8,A,Primary,Headline,1.326531,D,P,28022.000000
Thu Jul 17 11:28:06 2025,17-Jul-2025,142805,48 39.956200 N,063 14.383800 W,2.2,204.9,A,DoorSpread,DoorMaster,9.240000,D,S,31938.000000
Thu Jul 17 11:28:07 2025,17-Jul-2025,142806,48 39.955600 N,063 14.384300 W,2.2,205.0,A,Primary,Headline,2.020408,D,P,37488.000000
Thu Jul 17 11:28:07 2025,17-Jul-2025,142807,48 39.955100 N,063 14.384700 W,2.2,205.0,A,Primary,Headline,2.020408,D,P,37488.000000
Thu Jul 17 11:28:07 2025,17-Jul-2025,142808,48 39.954600 N,063 14.385000 W,2.2,205.0,A,Primary,Headline,2.020408,D,P,37488.000000
Thu Jul 17 11:28:07 2025,17-Jul-2025,142809,48 39.954100 N,063 14.385300 W,2.2,204.9,A,Primary,Headline,2.020408,D,P,37488.000000
Thu Jul 17 11:28:07 2025,17-Jul-2025,142810,48 39.953500 N,063 14.385600 W,2.2,204.7,A,Primary,Headline,2.020408,D,P,37488.000000
Thu Jul 17 11:28:12 2025,17-Jul-2025,142811,48 39.953000 N,063 14.385800 W,2.2,204.5,A,DoorSpread,DoorMaster,9.080000,D,S,26081.000000
Thu Jul 17 11:28:12 2025,17-Jul-2025,142812,48 39.952400 N,063 14.386300 W,2.2,204.5,A,DoorSpread,DoorMaster,9.080000,D,S,26081.000000
Thu Jul 17 11:28:14 2025,17-Jul-2025,142813,48 39.951900 N,063 14.386700 W,2.2,204.6,A,Depth,Depth,305.370370,D,S,4014.000000
Thu Jul 17 11:28:14 2025,17-Jul-2025,142814,48 39.951400 N,063 14.387000 W,2.2,204.5,A,Depth,Depth,305.370370,D,S,4014.000000
Thu Jul 17 11:28:14 2025,17-Jul-2025,142815,48 39.950900 N,063 14.387300 W,2.2,204.5,A,Depth,Depth,305.370370,D,S,4014.000000
Thu Jul 17 11:28:17 2025,17-Jul-2025,142816,48 39.950400 N,063 14.387600 W,2.3,204.2,A,Primary,Headline,1.040816,D,P,54657.000000
Thu Jul 17 11:28:17 2025,17-Jul-2025,142817,48 39.949800 N,063 14.387800 W,2.3,203.8,A,Primary,Headline,1.040816,D,P,54657.000000
Thu Jul 17 11:28:17 2025,17-Jul-2025,142818,48 39.949100 N,063 14.388000 W,2.3,203.3,A,Primary,Headline,1.040816,D,P,54657.000000
Thu Jul 17 11:28:17 2025,17-Jul-2025,142819,48 39.948500 N,063 14.388200 W,2.3,203.0,A,Primary,Headline,1.040816,D,P,54657.000000
Thu Jul 17 11:28:17 2025,17-Jul-2025,142820,48 39.947900 N,063 14.388600 W,2.4,202.8,A,Primary,Headline,1.040816,D,P,54657.000000
Thu Jul 17 11:28:22 2025,17-Jul-2025,142821,48 39.947300 N,063 14.389000 W,2.4,202.9,A,Primary,Headline,1.816327,D,S,25860.000000
Thu Jul 17 11:28:23 2025,17-Jul-2025,142822,48 39.946700 N,063 14.389500 W,2.4,202.8,A,DoorSpread,DoorMaster,9.220000,D,S,28710.000000
Thu Jul 17 11:28:23 2025,17-Jul-2025,142823,48 39.946100 N,063 14.389900 W,2.3,202.8,A,DoorSpread,DoorMaster,9.220000,D,S,28710.000000
Thu Jul 17 11:28:23 2025,17-Jul-2025,142824,48 39.945500 N,063 14.390400 W,2.4,202.9,A,DoorSpread,DoorMaster,9.220000,D,S,28710.000000
Thu Jul 17 11:28:23 2025,17-Jul-2025,142825,48 39.944800 N,063 14.390800 W,2.4,202.8,A,DoorSpread,DoorMaster,9.220000,D,S,28710.000000
Thu Jul 17 11:28:27 2025,17-Jul-2025,142826,48 39.944200 N,063 14.391200 W,2.3,202.7,A,Primary,Headline,0.795918,D,P,24781.000000
Thu Jul 17 11:28:27 2025,17-Jul-2025,142827,48 39.943600 N,063 14.391500 W,2.3,202.7,A,Primary,Headline,0.795918,D,P,24781.000000
Thu Jul 17 11:28:28 2025,17-Jul-2025,142828,48 39.943000 N,063 14.391800 W,2.3,202.7,A,DoorSpread,DoorMaster,9.315000,D,P,54934.000000
Thu Jul 17 11:28:30 2025,17-Jul-2025,142829,48 39.942600 N,063 14.392200 W,2.3,202.8,A,Depth,Depth,250.833333,D,P,18408.000000
Thu Jul 17 11:28:30 2025,17-Jul-2025,142830,48 39.942000 N,063 14.392500 W,2.2,202.9,A,Depth,Depth,250.833333,D,P,18408.000000
Thu Jul 17 11:28:32 2025,17-Jul-2025,142831,48 39.941500 N,063 14.392800 W,2.2,203.0,A,Primary,Headline,1.265306,D,S,19017.000000
Thu Jul 17 11:28:32 2025,17-Jul-2025,142832,48 39.940900 N,063 14.393100 W,2.2,203.0,A,Primary,Headline,1.265306,D,S,19017.000000
Thu Jul 17 11:28:34 2025,17-Jul-2025,142833,48 39.940400 N,063 14.393400 W,2.1,203.0,A,DoorSpread,DoorMaster,9.875000,D,S,19371.000000
Thu Jul 17 11:28:34 2025,17-Jul-2025,142834,48 39.939900 N,063 14.393600 W,2.1,203.0,A,DoorSpread,DoorMaster,9.875000,D,S,19371.000000
Thu Jul 17 11:28:34 2025,17-Jul-2025,142835,48 39.939300 N,063 14.393900 W,2.1,203.0,A,DoorSpread,DoorMaster,9.875000,D,S,19371.000000
Thu Jul 17 11:28:37 2025,17-Jul-2025,142836,48 39.938900 N,063 14.394200 W,2.1,203.1,A,Primary,Headline,1.204082,D,S,26841.000000
Thu Jul 17 11:28:37 2025,17-Jul-2025,142837,48 39.938400 N,063 14.394500 W,2.1,202.9,A,Depth,Depth,252.870370,D,P,63778.000000
Thu Jul 17 11:28:37 2025,17-Jul-2025,142838,48 39.937900 N,063 14.394800 W,2.1,202.7,A,Depth,Depth,252.870370,D,P,63778.000000
Thu Jul 17 11:28:40 2025,17-Jul-2025,142839,48 39.937400 N,063 14.395000 W,2.1,202.5,A,DoorSpread,DoorMaster,10.480000,D,P,40158.000000
Thu Jul 17 11:28:40 2025,17-Jul-2025,142840,48 39.936900 N,063 14.395400 W,2.1,202.5,A,DoorSpread,DoorMaster,10.480000,D,P,40158.000000
Thu Jul 17 11:28:42 2025,17-Jul-2025,142841,48 39.936400 N,063 14.395800 W,2.0,202.5,A,Primary,Headline,1.265306,D,S,66952.000000
Thu Jul 17 11:28:42 2025,17-Jul-2025,142842,48 39.936000 N,063 14.396100 W,2.0,202.5,A,Primary,Headline,1.265306,D,S,66952.000000
Thu Jul 17 11:28:42 2025,17-Jul-2025,142843,48 39.935500 N,063 14.396300 W,2.0,202.5,A,Primary,Headline,1.265306,D,S,66952.000000
Thu Jul 17 11:28:42 2025,17-Jul-2025,142844,48 39.935000 N,063 14.396600 W,2.0,202.5,A,Primary,Headline,1.265306,D,S,66952.000000
Thu Jul 17 11:28:46 2025,17-Jul-2025,142845,48 39.934500 N,063 14.396900 W,2.0,202.4,A,DoorSpread,DoorMaster,12.000000,D,S,6887.000000
Thu Jul 17 11:28:47 2025,17-Jul-2025,142846,48 39.933900 N,063 14.397300 W,2.0,202.2,A,Primary,Headline,1.346939,D,P,47949.000000
Thu Jul 17 11:28:47 2025,17-Jul-2025,142847,48 39.933400 N,063 14.397700 W,2.0,202.1,A,Primary,Headline,1.346939,D,P,47949.000000
Thu Jul 17 11:28:47 2025,17-Jul-2025,142848,48 39.932900 N,063 14.398000 W,2.0,202.0,A,Primary,Headline,1.346939,D,P,47949.000000
Thu Jul 17 11:28:47 2025,17-Jul-2025,142849,48 39.932300 N,063 14.398400 W,2.0,202.0,A,Primary,Headline,1.346939,D,P,47949.000000
Thu Jul 17 11:28:47 2025,17-Jul-2025,142850,48 39.931800 N,063 14.398700 W,2.0,202.0,A,Primary,Headline,1.346939,D,P,47949.000000
Thu Jul 17 11:28:52 2025,17-Jul-2025,142851,48 39.931400 N,063 14.398900 W,2.0,201.9,A,Primary,Headline,2.142857,D,S,8015.000000
Thu Jul 17 11:28:53 2025,17-Jul-2025,142852,48 39.930700 N,063 14.399200 W,2.0,201.8,A,Depth,Depth,250.185185,D,S,21666.000000
Thu Jul 17 11:28:53 2025,17-Jul-2025,142853,48 39.930200 N,063 14.399400 W,2.0,201.7,A,Depth,Depth,250.185185,D,S,21666.000000
Thu Jul 17 11:28:53 2025,17-Jul-2025,142854,48 39.929700 N,063 14.399700 W,1.9,201.7,A,Depth,Depth,250.185185,D,S,21666.000000
Thu Jul 17 11:28:53 2025,17-Jul-2025,142855,48 39.929200 N,063 14.399800 W,2.0,201.7,A,Depth,Depth,250.185185,D,S,21666.000000
Thu Jul 17 11:28:57 2025,17-Jul-2025,142856,48 39.928700 N,063 14.400100 W,2.0,201.8,A,DoorSpread,DoorMaster,7.745000,D,P,10197.000000
Thu Jul 17 11:28:57 2025,17-Jul-2025,142857,48 39.928100 N,063 14.400400 W,2.0,201.8,A,DoorSpread,DoorMaster,7.725000,D,S,9262.000000
Thu Jul 17 11:28:57 2025,17-Jul-2025,142858,48 39.927700 N,063 14.400700 W,1.9,201.9,A,DoorSpread,DoorMaster,7.725000,D,S,9262.000000
Thu Jul 17 11:28:57 2025,17-Jul-2025,142859,48 39.927100 N,063 14.400900 W,2.0,201.9,A,DoorSpread,DoorMaster,7.725000,D,S,9262.000000
Thu Jul 17 11:29:01 2025,17-Jul-2025,142900,48 39.926500 N,063 14.401200 W,2.0,201.8,A,Depth,Depth,252.870370,D,S,67584.000000
Thu Jul 17 11:29:02 2025,17-Jul-2025,142901,48 39.926000 N,063 14.401500 W,2.0,201.8,A,Primary,Headline,1.367347,D,P,66576.000000
Thu Jul 17 11:29:03 2025,17-Jul-2025,142902,48 39.925500 N,063 14.401900 W,1.9,201.9,A,DoorSpread,DoorMaster,5.145000,D,P,43488.000000
Thu Jul 17 11:29:03 2025,17-Jul-2025,142903,48 39.925000 N,063 14.402400 W,2.0,202.0,A,DoorSpread,DoorMaster,5.145000,D,P,43488.000000
Thu Jul 17 11:29:03 2025,17-Jul-2025,142904,48 39.924500 N,063 14.402800 W,2.0,202.0,A,DoorSpread,DoorMaster,5.145000,D,P,43488.000000
Thu Jul 17 11:29:03 2025,17-Jul-2025,142905,48 39.923900 N,063 14.403300 W,2.0,202.0,A,DoorSpread,DoorMaster,5.145000,D,P,43488.000000
Thu Jul 17 11:29:03 2025,17-Jul-2025,142906,48 39.923400 N,063 14.403700 W,2.0,202.1,A,DoorSpread,DoorMaster,5.145000,D,P,43488.000000
Thu Jul 17 11:29:08 2025,17-Jul-2025,142907,48 39.922900 N,063 14.404200 W,2.0,202.2,A,Primary,Headline,29.673469,D,P,52532.000000
Thu Jul 17 11:29:09 2025,17-Jul-2025,142908,48 39.922400 N,063 14.404700 W,2.0,202.4,A,Depth,Depth,254.166667,D,S,21339.000000
Thu Jul 17 11:29:09 2025,17-Jul-2025,142909,48 39.921900 N,063 14.405200 W,2.0,202.7,A,Depth,Depth,254.166667,D,S,21339.000000
Thu Jul 17 11:29:09 2025,17-Jul-2025,142910,48 39.921500 N,063 14.405700 W,2.0,203.0,A,Depth,Depth,254.166667,D,S,21339.000000
Thu Jul 17 11:29:09 2025,17-Jul-2025,142911,48 39.921000 N,063 14.406100 W,2.0,203.1,A,Depth,Depth,254.166667,D,S,21339.000000
Thu Jul 17 11:29:13 2025,17-Jul-2025,142912,48 39.920500 N,063 14.406500 W,2.1,203.6,A,Primary,Headline,21.204082,D,P,22804.000000
Thu Jul 17 11:29:14 2025,17-Jul-2025,142913,48 39.920000 N,063 14.407000 W,2.1,204.0,A,DoorSpread,DoorMaster,5.770000,D,S,29581.000000
Thu Jul 17 11:29:14 2025,17-Jul-2025,142914,48 39.919500 N,063 14.407400 W,2.1,204.2,A,DoorSpread,DoorMaster,5.770000,D,S,29581.000000
Thu Jul 17 11:29:14 2025,17-Jul-2025,142915,48 39.919100 N,063 14.407700 W,2.1,204.1,A,DoorSpread,DoorMaster,5.770000,D,S,29581.000000
Thu Jul 17 11:29:17 2025,17-Jul-2025,142916,48 39.918500 N,063 14.408200 W,2.1,204.0,A,Depth,Depth,247.222222,D,P,51466.000000
Thu Jul 17 11:29:18 2025,17-Jul-2025,142917,48 39.917900 N,063 14.408600 W,2.2,203.9,A,Primary,Headline,1.959184,D,S,39508.000000
Thu Jul 17 11:29:18 2025,17-Jul-2025,142918,48 39.917300 N,063 14.409000 W,2.1,203.7,A,Primary,Headline,1.959184,D,S,39508.000000
Thu Jul 17 11:29:20 2025,17-Jul-2025,142919,48 39.916800 N,063 14.409300 W,2.1,203.6,A,DoorSpread,DoorMaster,5.390000,D,P,28919.000000
Thu Jul 17 11:29:20 2025,17-Jul-2025,142920,48 39.916200 N,063 14.409400 W,2.1,203.6,A,DoorSpread,DoorMaster,5.390000,D,P,28919.000000
Thu Jul 17 11:29:20 2025,17-Jul-2025,142921,48 39.915700 N,063 14.409600 W,2.1,203.4,A,DoorSpread,DoorMaster,5.390000,D,P,28919.000000
Thu Jul 17 11:29:23 2025,17-Jul-2025,142922,48 39.915100 N,063 14.409800 W,2.1,203.3,A,Primary,Headline,2.102041,D,P,22625.000000
Thu Jul 17 11:29:23 2025,17-Jul-2025,142923,48 39.914600 N,063 14.410000 W,2.1,203.3,A,Primary,Headline,2.102041,D,P,22625.000000
Thu Jul 17 11:29:25 2025,17-Jul-2025,142924,48 39.914100 N,063 14.410300 W,2.1,203.2,A,DoorSpread,DoorMaster,5.665000,D,P,36276.000000
Thu Jul 17 11:29:25 2025,17-Jul-2025,142925,48 39.913600 N,063 14.410600 W,2.1,203.2,A,DoorSpread,DoorMaster,5.665000,D,P,36276.000000
Thu Jul 17 11:29:25 2025,17-Jul-2025,142926,48 39.913100 N,063 14.410900 W,2.1,203.1,A,DoorSpread,DoorMaster,5.665000,D,P,36276.000000
Thu Jul 17 11:29:28 2025,17-Jul-2025,142927,48 39.912700 N,063 14.411200 W,2.1,203.0,A,Primary,Headline,1.857143,D,P,65954.000000
Thu Jul 17 11:29:28 2025,17-Jul-2025,142928,48 39.912200 N,063 14.411500 W,2.1,203.0,A,Primary,Headline,1.857143,D,P,65954.000000
Thu Jul 17 11:29:28 2025,17-Jul-2025,142929,48 39.911800 N,063 14.411700 W,2.1,203.0,A,Primary,Headline,1.857143,D,P,65954.000000
Thu Jul 17 11:29:31 2025,17-Jul-2025,142930,48 39.911300 N,063 14.411800 W,2.1,202.9,A,DoorSpread,DoorMaster,5.750000,D,P,19898.000000
Thu Jul 17 11:29:31 2025,17-Jul-2025,142931,48 39.910900 N,063 14.412000 W,2.0,202.8,A,DoorSpread,DoorMaster,5.750000,D,P,19898.000000
Thu Jul 17 11:29:33 2025,17-Jul-2025,142932,48 39.910300 N,063 14.412100 W,2.0,202.7,A,Depth,Depth,253.333333,D,P,58077.000000
Thu Jul 17 11:29:34 2025,17-Jul-2025,142933,48 39.909600 N,063 14.412200 W,2.1,202.8,A,Primary,Headline,44.163265,D,P,32582.000000
Thu Jul 17 11:29:34 2025,17-Jul-2025,142934,48 39.909000 N,063 14.412300 W,2.0,202.7,A,Primary,Headline,44.163265,D,P,32582.000000
Thu Jul 17 11:29:36 2025,17-Jul-2025,142935,48 39.908400 N,063 14.412500 W,2.0,202.7,A,DoorSpread,DoorMaster,6.105000,D,P,45404.000000
Thu Jul 17 11:29:36 2025,17-Jul-2025,142936,48 39.907800 N,063 14.412700 W,2.0,202.7,A,DoorSpread,DoorMaster,6.105000,D,P,45404.000000
Thu Jul 17 11:29:36 2025,17-Jul-2025,142937,48 39.907200 N,063 14.413100 W,2.0,202.5,A,DoorSpread,DoorMaster,6.105000,D,P,45404.000000
Thu Jul 17 11:29:39 2025,17-Jul-2025,142938,48 39.906600 N,063 14.413400 W,2.0,202.4,A,Primary,Headline,1.979592,D,P,48864.000000
Thu Jul 17 11:29:39 2025,17-Jul-2025,142939,48 39.906100 N,063 14.413700 W,2.0,202.3,A,Primary,Headline,1.979592,D,P,48864.000000
Thu Jul 17 11:29:41 2025,17-Jul-2025,142940,48 39.905500 N,063 14.414200 W,2.0,202.1,A,Depth,Depth,253.981481,D,S,32766.000000
Thu Jul 17 11:29:42 2025,17-Jul-2025,142941,48 39.904900 N,063 14.414600 W,2.0,201.8,A,DoorSpread,DoorMaster,6.510000,D,P,27394.000000
Thu Jul 17 11:29:42 2025,17-Jul-2025,142942,48 39.904300 N,063 14.415100 W,2.0,201.8,A,DoorSpread,DoorMaster,6.510000,D,P,27394.000000
Thu Jul 17 11:29:44 2025,17-Jul-2025,142943,48 39.903800 N,063 14.415700 W,2.0,201.8,A,Primary,Headline,1.714286,D,P,24228.000000
Thu Jul 17 11:29:44 2025,17-Jul-2025,142944,48 39.903200 N,063 14.416200 W,2.0,201.7,A,Primary,Headline,1.714286,D,P,24228.000000
Thu Jul 17 11:29:44 2025,17-Jul-2025,142945,48 39.902700 N,063 14.416700 W,2.0,201.7,A,Primary,Headline,1.714286,D,P,24228.000000
Thu Jul 17 11:29:44 2025,17-Jul-2025,142946,48 39.902200 N,063 14.417200 W,2.0,201.8,A,Primary,Headline,1.714286,D,P,24228.000000
Thu Jul 17 11:29:47 2025,17-Jul-2025,142947,48 39.901700 N,063 14.417700 W,2.0,201.9,A,DoorSpread,DoorMaster,7.180000,D,P,33734.000000
Thu Jul 17 11:29:49 2025,17-Jul-2025,142948,48 39.901200 N,063 14.418100 W,2.0,201.9,A,Primary,Headline,1.775510,D,S,79525.000000
Thu Jul 17 11:29:49 2025,17-Jul-2025,142949,48 39.900700 N,063 14.418500 W,2.0,202.0,A,Primary,Headline,1.775510,D,S,79525.000000
Thu Jul 17 11:29:49 2025,17-Jul-2025,142950,48 39.900300 N,063 14.418900 W,2.0,202.2,A,Primary,Headline,1.775510,D,S,79525.000000
Thu Jul 17 11:29:49 2025,17-Jul-2025,142951,48 39.899900 N,063 14.419400 W,1.9,202.6,A,Primary,Headline,1.775510,D,S,79525.000000
Thu Jul 17 11:29:53 2025,17-Jul-2025,142952,48 39.899500 N,063 14.419800 W,1.9,202.9,A,DoorSpread,DoorMaster,7.180000,D,S,25428.000000
Thu Jul 17 11:29:54 2025,17-Jul-2025,142953,48 39.899000 N,063 14.420100 W,1.9,202.9,A,Primary,Headline,1.673469,D,S,14045.000000
Thu Jul 17 11:29:54 2025,17-Jul-2025,142954,48 39.898600 N,063 14.420200 W,1.9,202.4,A,Primary,Headline,1.673469,D,S,14045.000000
Thu Jul 17 11:29:54 2025,17-Jul-2025,142955,48 39.898100 N,063 14.420400 W,2.0,201.9,A,Primary,Headline,1.673469,D,S,14045.000000
Thu Jul 17 11:29:57 2025,17-Jul-2025,142956,48 39.897700 N,063 14.420800 W,2.0,201.8,A,Depth,Depth,249.166667,D,P,20374.000000
Thu Jul 17 11:29:57 2025,17-Jul-2025,142957,48 39.897300 N,063 14.421100 W,1.9,201.7,A,Depth,Depth,249.166667,D,P,20374.000000
Thu Jul 17 11:29:59 2025,17-Jul-2025,142958,48 39.896900 N,063 14.421400 W,1.9,201.5,A,Primary,Headline,1.693878,D,S,31323.000000
Thu Jul 17 11:29:59 2025,17-Jul-2025,142959,48 39.896500 N,063 14.421600 W,1.9,201.5,A,Primary,Headline,1.693878,D,S,31323.000000
Thu Jul 17 11:29:59 2025,17-Jul-2025,143000,48 39.896000 N,063 14.422100 W,1.9,201.6,A,Primary,Headline,1.693878,D,S,31323.000000
Thu Jul 17 11:29:59 2025,17-Jul-2025,143001,48 39.895500 N,063 14.422400 W,1.9,201.6,A,Primary,Headline,1.693878,D,S,31323.000000
Thu Jul 17 11:29:59 2025,17-Jul-2025,143002,48 39.895000 N,063 14.422700 W,1.8,201.6,A,Primary,Headline,1.693878,D,S,31323.000000
Thu Jul 17 11:30:04 2025,17-Jul-2025,143003,48 39.894600 N,063 14.423100 W,1.8,201.9,A,Primary,Headline,2.204082,D,S,22977.000000
Thu Jul 17 11:30:05 2025,17-Jul-2025,143004,48 39.894100 N,063 14.423400 W,1.8,202.1,A,Depth,Depth,257.500000,D,S,30666.000000
Thu Jul 17 11:30:05 2025,17-Jul-2025,143005,48 39.893700 N,063 14.423800 W,1.8,202.3,A,Depth,Depth,257.500000,D,S,30666.000000
Thu Jul 17 11:30:05 2025,17-Jul-2025,143006,48 39.893200 N,063 14.424200 W,1.8,202.6,A,Depth,Depth,257.500000,D,S,30666.000000
Thu Jul 17 11:30:05 2025,17-Jul-2025,143007,48 39.892800 N,063 14.424500 W,1.8,202.9,A,Depth,Depth,257.500000,D,S,30666.000000
Thu Jul 17 11:30:09 2025,17-Jul-2025,143008,48 39.892300 N,063 14.424900 W,1.8,203.0,A,Primary,Headline,0.877551,D,S,19876.000000
Thu Jul 17 11:30:10 2025,17-Jul-2025,143009,48 39.891800 N,063 14.425300 W,1.9,203.1,A,DoorSpread,DoorMaster,7.495000,D,S,21672.000000
Thu Jul 17 11:30:10 2025,17-Jul-2025,143010,48 39.891300 N,063 14.425700 W,1.9,203.2,A,DoorSpread,DoorMaster,7.495000,D,S,21672.000000
Thu Jul 17 11:30:10 2025,17-Jul-2025,143011,48 39.890700 N,063 14.426100 W,1.9,203.3,A,DoorSpread,DoorMaster,7.495000,D,S,21672.000000
Thu Jul 17 11:30:12 2025,17-Jul-2025,143012,48 39.890200 N,063 14.426500 W,1.9,203.2,A,Depth,Depth,249.351852,D,S,20121.000000
Thu Jul 17 11:30:12 2025,17-Jul-2025,143013,48 39.889800 N,063 14.426900 W,2.0,203.6,A,Depth,Depth,249.351852,D,S,20121.000000
Thu Jul 17 11:30:15 2025,17-Jul-2025,143014,48 39.889400 N,063 14.427400 W,1.9,204.0,A,Primary,Headline,53.938776,D,S,27774.000000
Thu Jul 17 11:30:16 2025,17-Jul-2025,143015,48 39.888900 N,063 14.427600 W,2.0,204.0,A,DoorSpread,DoorMaster,7.380000,D,S,56771.000000
Thu Jul 17 11:30:16 2025,17-Jul-2025,143016,48 39.888400 N,063 14.427800 W,2.0,203.9,A,DoorSpread,DoorMaster,7.380000,D,S,56771.000000
Thu Jul 17 11:30:16 2025,17-Jul-2025,143017,48 39.887800 N,063 14.428000 W,2.0,203.8,A,DoorSpread,DoorMaster,7.380000,D,S,56771.000000
Thu Jul 17 11:30:16 2025,17-Jul-2025,143018,48 39.887300 N,063 14.428100 W,2.0,203.6,A,DoorSpread,DoorMaster,7.380000,D,S,56771.000000
Thu Jul 17 11:30:20 2025,17-Jul-2025,143019,48 39.886800 N,063 14.428200 W,2.0,203.3,A,Depth,Depth,253.148148,D,S,20380.000000
Thu Jul 17 11:30:20 2025,17-Jul-2025,143020,48 39.886200 N,063 14.428500 W,2.0,203.3,A,Depth,Depth,253.148148,D,S,20380.000000
Thu Jul 17 11:30:21 2025,17-Jul-2025,143021,48 39.885700 N,063 14.428800 W,2.1,203.3,A,DoorSpread,DoorMaster,7.580000,D,S,32151.000000
Thu Jul 17 11:30:21 2025,17-Jul-2025,143022,48 39.885100 N,063 14.429100 W,2.1,203.1,A,DoorSpread,DoorMaster,7.580000,D,S,32151.000000
Thu Jul 17 11:30:21 2025,17-Jul-2025,143023,48 39.884600 N,063 14.429300 W,2.1,202.8,A,DoorSpread,DoorMaster,7.580000,D,S,32151.000000
Thu Jul 17 11:30:25 2025,17-Jul-2025,143024,48 39.884100 N,063 14.429600 W,2.1,202.7,A,Primary,Headline,1.448980,D,S,25449.000000
Thu Jul 17 11:30:25 2025,17-Jul-2025,143025,48 39.883600 N,063 14.430100 W,2.1,202.7,A,Primary,Headline,1.448980,D,S,25449.000000
Thu Jul 17 11:30:27 2025,17-Jul-2025,143026,48 39.883100 N,063 14.430500 W,2.1,202.5,A,DoorSpread,DoorMaster,7.800000,D,S,31595.000000
Thu Jul 17 11:30:27 2025,17-Jul-2025,143027,48 39.882600 N,063 14.430800 W,2.1,202.4,A,DoorSpread,DoorMaster,7.800000,D,S,31595.000000
Thu Jul 17 11:30:28 2025,17-Jul-2025,143028,48 39.882100 N,063 14.431200 W,2.1,202.4,A,Depth,Depth,251.944444,D,S,39662.000000
Thu Jul 17 11:30:30 2025,17-Jul-2025,143029,48 39.881500 N,063 14.431600 W,2.2,202.8,A,Primary,Headline,1.530612,D,S,32810.000000
Thu Jul 17 11:30:30 2025,17-Jul-2025,143030,48 39.881000 N,063 14.432000 W,2.2,203.0,A,Primary,Headline,1.530612,D,S,32810.000000
Thu Jul 17 11:30:30 2025,17-Jul-2025,143031,48 39.880400 N,063 14.432200 W,2.1,203.1,A,Primary,Headline,1.530612,D,S,32810.000000
Thu Jul 17 11:30:33 2025,17-Jul-2025,143032,48 39.879900 N,063 14.432600 W,2.2,203.3,A,DoorSpread,DoorMaster,7.665000,D,S,37821.000000
Thu Jul 17 11:30:33 2025,17-Jul-2025,143033,48 39.879300 N,063 14.433100 W,2.2,203.6,A,DoorSpread,DoorMaster,7.665000,D,S,37821.000000
Thu Jul 17 11:30:35 2025,17-Jul-2025,143034,48 39.878600 N,063 14.433300 W,2.2,203.5,A,Primary,Headline,1.714286,D,S,51037.000000
Thu Jul 17 11:30:36 2025,17-Jul-2025,143035,48 39.878000 N,063 14.433400 W,2.2,203.6,A,Depth,Depth,252.129630,D,S,51895.000000
Thu Jul 17 11:30:36 2025,17-Jul-2025,143036,48 39.877300 N,063 14.433600 W,2.2,203.6,A,Depth,Depth,252.129630,D,S,51895.000000
Thu Jul 17 11:30:36 2025,17-Jul-2025,143037,48 39.876700 N,063 14.433800 W,2.2,203.6,A,Depth,Depth,252.129630,D,S,51895.000000
Thu Jul 17 11:30:38 2025,17-Jul-2025,143038,48 39.876100 N,063 14.434000 W,2.2,203.5,A,DoorSpread,DoorMaster,6.895000,D,S,14903.000000
Thu Jul 17 11:30:40 2025,17-Jul-2025,143039,48 39.875600 N,063 14.434200 W,2.2,203.6,A,Primary,Headline,1.591837,D,S,15256.000000
Thu Jul 17 11:30:40 2025,17-Jul-2025,143040,48 39.875100 N,063 14.434600 W,2.2,203.9,A,Primary,Headline,1.591837,D,S,15256.000000
Thu Jul 17 11:30:40 2025,17-Jul-2025,143041,48 39.874500 N,063 14.435000 W,2.2,203.9,A,Primary,Headline,1.591837,D,S,15256.000000
Thu Jul 17 11:30:40 2025,17-Jul-2025,143042,48 39.873900 N,063 14.435300 W,2.2,204.0,A,Primary,Headline,1.591837,D,S,15256.000000
Thu Jul 17 11:30:44 2025,17-Jul-2025,143043,48 39.873200 N,063 14.435600 W,2.2,204.1,A,Depth,Depth,252.314815,D,P,21968.000000
Thu Jul 17 11:30:44 2025,17-Jul-2025,143044,48 39.872600 N,063 14.435900 W,2.1,204.3,A,Depth,Depth,252.314815,D,P,21968.000000
Thu Jul 17 11:30:45 2025,17-Jul-2025,143045,48 39.872100 N,063 14.436300 W,2.2,204.2,A,Primary,Headline,22.510204,D,S,40784.000000
Thu Jul 17 11:30:45 2025,17-Jul-2025,143046,48 39.871400 N,063 14.436600 W,2.2,204.0,A,Primary,Headline,22.510204,D,S,40784.000000
Thu Jul 17 11:30:45 2025,17-Jul-2025,143047,48 39.870800 N,063 14.437000 W,2.2,203.8,A,Primary,Headline,22.510204,D,S,40784.000000
Thu Jul 17 11:30:45 2025,17-Jul-2025,143048,48 39.870300 N,063 14.437300 W,2.2,203.9,A,Primary,Headline,22.510204,D,S,40784.000000
Thu Jul 17 11:30:50 2025,17-Jul-2025,143049,48 39.869800 N,063 14.437700 W,2.2,203.9,A,DoorSpread,DoorMaster,6.635000,D,S,18252.000000
Thu Jul 17 11:30:50 2025,17-Jul-2025,143050,48 39.869300 N,063 14.438000 W,2.2,203.9,A,Primary,Headline,1.469388,D,P,22136.000000
Thu Jul 17 11:30:52 2025,17-Jul-2025,143051,48 39.868800 N,063 14.438300 W,2.2,204.1,A,Depth,Depth,254.259259,D,P,37427.000000
Thu Jul 17 11:30:52 2025,17-Jul-2025,143052,48 39.868200 N,063 14.438600 W,2.2,204.1,A,Depth,Depth,254.259259,D,P,37427.000000
Thu Jul 17 11:30:52 2025,17-Jul-2025,143053,48 39.867800 N,063 14.438800 W,2.1,204.0,A,Depth,Depth,254.259259,D,P,37427.000000
Thu Jul 17 11:30:55 2025,17-Jul-2025,143054,48 39.867400 N,063 14.439100 W,2.1,204.1,A,DoorSpread,DoorMaster,6.920000,D,S,23220.000000
Thu Jul 17 11:30:56 2025,17-Jul-2025,143055,48 39.866900 N,063 14.439500 W,2.1,204.2,A,Primary,Headline,32.795918,D,S,39624.000000
Thu Jul 17 11:30:56 2025,17-Jul-2025,143056,48 39.866300 N,063 14.439800 W,2.1,204.1,A,Primary,Headline,32.795918,D,S,39624.000000
Thu Jul 17 11:30:56 2025,17-Jul-2025,143057,48 39.865800 N,063 14.440100 W,2.1,203.7,A,Primary,Headline,32.795918,D,S,39624.000000
Thu Jul 17 11:30:56 2025,17-Jul-2025,143058,48 39.865100 N,063 14.440400 W,2.2,203.6,A,Primary,Headline,32.795918,D,S,39624.000000
Thu Jul 17 11:31:00 2025,17-Jul-2025,143059,48 39.864400 N,063 14.440600 W,2.2,203.4,A,Depth,Depth,244.629630,D,S,24140.000000
Thu Jul 17 11:31:01 2025,17-Jul-2025,143100,48 39.863700 N,063 14.440900 W,2.3,203.1,A,DoorSpread,DoorMaster,7.130000,D,S,36870.000000
Thu Jul 17 11:31:02 2025,17-Jul-2025,143101,48 39.863000 N,063 14.441200 W,2.3,203.0,A,Primary,Headline,32.367347,D,S,60749.000000
Thu Jul 17 11:31:02 2025,17-Jul-2025,143102,48 39.862400 N,063 14.441700 W,2.3,203.2,A,Primary,Headline,32.367347,D,S,60749.000000
Thu Jul 17 11:31:02 2025,17-Jul-2025,143103,48 39.861700 N,063 14.442200 W,2.3,203.4,A,Primary,Headline,32.367347,D,S,60749.000000
Thu Jul 17 11:31:02 2025,17-Jul-2025,143104,48 39.861000 N,063 14.442600 W,2.3,203.3,A,Primary,Headline,32.367347,D,S,60749.000000
Thu Jul 17 11:31:02 2025,17-Jul-2025,143105,48 39.860400 N,063 14.443000 W,2.2,203.2,A,Primary,Headline,32.367347,D,S,60749.000000
Thu Jul 17 11:31:07 2025,17-Jul-2025,143106,48 39.859800 N,063 14.443500 W,2.3,203.2,A,DoorSpread,DoorMaster,7.390000,D,S,8704.000000
Thu Jul 17 11:31:08 2025,17-Jul-2025,143107,48 39.859200 N,063 14.443900 W,2.3,203.0,A,Depth,Depth,251.759259,D,P,24249.000000
Thu Jul 17 11:31:08 2025,17-Jul-2025,143108,48 39.858700 N,063 14.444400 W,2.3,202.9,A,Depth,Depth,251.759259,D,P,24249.000000
Thu Jul 17 11:31:08 2025,17-Jul-2025,143109,48 39.858100 N,063 14.444900 W,2.3,202.9,A,Depth,Depth,251.759259,D,P,24249.000000
Thu Jul 17 11:31:08 2025,17-Jul-2025,143110,48 39.857600 N,063 14.445500 W,2.3,203.1,A,Depth,Depth,251.759259,D,P,24249.000000
Thu Jul 17 11:31:12 2025,17-Jul-2025,143111,48 39.857100 N,063 14.446000 W,2.2,203.1,A,DoorSpread,DoorMaster,6.880000,D,S,24806.000000
Thu Jul 17 11:31:12 2025,17-Jul-2025,143112,48 39.856600 N,063 14.446400 W,2.2,203.1,A,DoorSpread,DoorMaster,6.880000,D,S,24806.000000
Thu Jul 17 11:31:12 2025,17-Jul-2025,143113,48 39.856100 N,063 14.446700 W,2.2,203.1,A,DoorSpread,DoorMaster,6.880000,D,S,24806.000000
Thu Jul 17 11:31:12 2025,17-Jul-2025,143114,48 39.855700 N,063 14.447100 W,2.2,203.5,A,DoorSpread,DoorMaster,6.880000,D,S,24806.000000
Thu Jul 17 11:31:16 2025,17-Jul-2025,143115,48 39.855300 N,063 14.447400 W,2.2,203.7,A,Depth,Depth,251.851852,D,S,39506.000000
Thu Jul 17 11:31:17 2025,17-Jul-2025,143116,48 39.854700 N,063 14.447600 W,2.2,203.2,A,Primary,Headline,1.673469,D,S,48194.000000
Thu Jul 17 11:31:18 2025,17-Jul-2025,143117,48 39.854100 N,063 14.447800 W,2.2,202.8,A,DoorSpread,DoorMaster,6.615000,D,S,34555.000000
Thu Jul 17 11:31:18 2025,17-Jul-2025,143118,48 39.853600 N,063 14.448100 W,2.2,202.7,A,DoorSpread,DoorMaster,6.615000,D,S,34555.000000
Thu Jul 17 11:31:18 2025,17-Jul-2025,143119,48 39.853200 N,063 14.448400 W,2.2,202.6,A,DoorSpread,DoorMaster,6.615000,D,S,34555.000000
Thu Jul 17 11:31:18 2025,17-Jul-2025,143120,48 39.852600 N,063 14.448700 W,2.2,202.5,A,DoorSpread,DoorMaster,6.615000,D,S,34555.000000
Thu Jul 17 11:31:22 2025,17-Jul-2025,143121,48 39.852100 N,063 14.448900 W,2.2,202.4,A,Primary,Headline,1.489796,D,S,17191.000000
Thu Jul 17 11:31:22 2025,17-Jul-2025,143122,48 39.851500 N,063 14.449200 W,2.3,202.1,A,Primary,Headline,1.489796,D,S,17191.000000
Thu Jul 17 11:31:24 2025,17-Jul-2025,143123,48 39.850800 N,063 14.449500 W,2.3,201.8,A,Depth,Depth,252.314815,D,P,26744.000000
Thu Jul 17 11:31:24 2025,17-Jul-2025,143124,48 39.850300 N,063 14.449800 W,2.3,201.7,A,Depth,Depth,252.314815,D,P,26744.000000
Thu Jul 17 11:31:24 2025,17-Jul-2025,143125,48 39.849700 N,063 14.450300 W,2.3,201.8,A,Depth,Depth,252.314815,D,P,26744.000000
Thu Jul 17 11:31:27 2025,17-Jul-2025,143126,48 39.849200 N,063 14.450700 W,2.3,201.8,A,Primary,Headline,1.632653,D,S,17682.000000
Thu Jul 17 11:31:27 2025,17-Jul-2025,143127,48 39.848700 N,063 14.450900 W,2.3,201.8,A,Primary,Headline,1.632653,D,S,17682.000000
Thu Jul 17 11:31:29 2025,17-Jul-2025,143128,48 39.848200 N,063 14.451200 W,2.3,201.8,A,DoorSpread,DoorMaster,5.425000,D,S,27287.000000
Thu Jul 17 11:31:29 2025,17-Jul-2025,143129,48 39.847500 N,063 14.451400 W,2.3,201.6,A,DoorSpread,DoorMaster,5.425000,D,S,27287.000000
Thu Jul 17 11:31:29 2025,17-Jul-2025,143130,48 39.846900 N,063 14.451600 W,2.3,201.5,A,DoorSpread,DoorMaster,5.425000,D,S,27287.000000
Thu Jul 17 11:31:32 2025,17-Jul-2025,143131,48 39.846400 N,063 14.452100 W,2.3,201.6,A,Primary,Headline,2.326531,D,S,33152.000000
Thu Jul 17 11:31:32 2025,17-Jul-2025,143132,48 39.845900 N,063 14.452500 W,2.3,201.7,A,Primary,Headline,2.326531,D,S,33152.000000
Thu Jul 17 11:31:32 2025,17-Jul-2025,143133,48 39.845400 N,063 14.452900 W,2.3,202.0,A,Primary,Headline,2.326531,D,S,33152.000000
Thu Jul 17 11:31:34 2025,17-Jul-2025,143134,48 39.844800 N,063 14.453300 W,2.3,202.1,A,DoorSpread,DoorMaster,4.645000,D,S,26254.000000
Thu Jul 17 11:31:34 2025,17-Jul-2025,143135,48 39.844300 N,063 14.453700 W,2.3,202.3,A,DoorSpread,DoorMaster,4.645000,D,S,26254.000000
Thu Jul 17 11:31:37 2025,17-Jul-2025,143136,48 39.843700 N,063 14.454200 W,2.3,202.6,A,Primary,Headline,0.693878,D,S,41660.000000
Thu Jul 17 11:31:37 2025,17-Jul-2025,143137,48 39.843200 N,063 14.454600 W,2.2,202.7,A,Primary,Headline,0.693878,D,S,41660.000000
Thu Jul 17 11:31:37 2025,17-Jul-2025,143138,48 39.842600 N,063 14.455000 W,2.2,202.8,A,Primary,Headline,0.693878,D,S,41660.000000
Thu Jul 17 11:31:40 2025,17-Jul-2025,143139,48 39.842000 N,063 14.455500 W,2.2,203.4,A,DoorSpread,DoorMaster,4.395000,D,S,49325.000000
Thu Jul 17 11:31:40 2025,17-Jul-2025,143140,48 39.841400 N,063 14.455900 W,2.3,203.6,A,DoorSpread,DoorMaster,4.395000,D,S,49325.000000
Thu Jul 17 11:31:42 2025,17-Jul-2025,143141,48 39.840800 N,063 14.456100 W,2.3,203.7,A,Primary,Headline,1.836735,D,S,41067.000000
Thu Jul 17 11:31:42 2025,17-Jul-2025,143142,48 39.840300 N,063 14.456300 W,2.3,203.9,A,Primary,Headline,1.836735,D,S,41067.000000
Thu Jul 17 11:31:42 2025,17-Jul-2025,143143,48 39.839700 N,063 14.456700 W,2.3,203.9,A,Primary,Headline,1.836735,D,S,41067.000000
Thu Jul 17 11:31:42 2025,17-Jul-2025,143144,48 39.839000 N,063 14.457000 W,2.3,203.7,A,Primary,Headline,1.836735,D,S,41067.000000
Thu Jul 17 11:31:45 2025,17-Jul-2025,143145,48 39.838400 N,063 14.457400 W,2.2,203.5,A,DoorSpread,DoorMaster,4.430000,D,S,27128.000000
Thu Jul 17 11:31:47 2025,17-Jul-2025,143146,48 39.837800 N,063 14.457700 W,2.2,203.6,A,Depth,Depth,258.425926,D,P,25397.000000
Thu Jul 17 11:31:47 2025,17-Jul-2025,143147,48 39.837300 N,063 14.458100 W,2.2,203.8,A,Depth,Depth,258.425926,D,P,25397.000000
Thu Jul 17 11:31:47 2025,17-Jul-2025,143148,48 39.836700 N,063 14.458400 W,2.3,203.6,A,Depth,Depth,258.425926,D,P,25397.000000
Thu Jul 17 11:31:47 2025,17-Jul-2025,143149,48 39.836100 N,063 14.458600 W,2.2,203.5,A,Depth,Depth,258.425926,D,P,25397.000000
Thu Jul 17 11:31:51 2025,17-Jul-2025,143150,48 39.835500 N,063 14.458800 W,2.2,203.3,A,DoorSpread,DoorMaster,7.265000,D,P,6915.000000
Thu Jul 17 11:31:52 2025,17-Jul-2025,143151,48 39.834900 N,063 14.459100 W,2.2,203.0,A,Primary,Headline,1.775510,D,S,34433.000000
Thu Jul 17 11:31:52 2025,17-Jul-2025,143152,48 39.834400 N,063 14.459300 W,2.2,202.9,A,Primary,Headline,1.775510,D,S,34433.000000
Thu Jul 17 11:31:52 2025,17-Jul-2025,143153,48 39.833800 N,063 14.459700 W,2.2,203.0,A,Primary,Headline,1.775510,D,S,34433.000000
Thu Jul 17 11:31:52 2025,17-Jul-2025,143154,48 39.833300 N,063 14.460000 W,2.2,203.1,A,Primary,Headline,1.775510,D,S,34433.000000
Thu Jul 17 11:31:55 2025,17-Jul-2025,143155,48 39.832800 N,063 14.460300 W,2.2,203.1,A,Depth,Depth,245.925926,D,P,39514.000000
Thu Jul 17 11:31:57 2025,17-Jul-2025,143156,48 39.832300 N,063 14.460600 W,2.2,203.7,A,Primary,Headline,0.632653,D,P,24946.000000
Thu Jul 17 11:31:57 2025,17-Jul-2025,143157,48 39.831800 N,063 14.461000 W,2.2,204.0,A,Primary,Headline,0.632653,D,P,24946.000000
Thu Jul 17 11:31:57 2025,17-Jul-2025,143158,48 39.831300 N,063 14.461300 W,2.1,204.0,A,Primary,Headline,0.632653,D,P,24946.000000
Thu Jul 17 11:31:57 2025,17-Jul-2025,143159,48 39.830800 N,063 14.461600 W,2.2,204.1,A,Primary,Headline,0.632653,D,P,24946.000000
Thu Jul 17 11:31:57 2025,17-Jul-2025,143200,48 39.830200 N,063 14.462100 W,2.2,204.1,A,Primary,Headline,0.632653,D,P,24946.000000
Thu Jul 17 11:32:02 2025,17-Jul-2025,143201,48 39.829600 N,063 14.462500 W,2.2,204.0,A,DoorSpread,DoorMaster,5.765000,D,S,16757.000000
Thu Jul 17 11:32:03 2025,17-Jul-2025,143202,48 39.829100 N,063 14.462800 W,2.1,203.8,A,Depth,Depth,252.592593,D,P,39693.000000
Thu Jul 17 11:32:03 2025,17-Jul-2025,143203,48 39.828600 N,063 14.463300 W,2.1,203.5,A,Depth,Depth,252.592593,D,P,39693.000000
Thu Jul 17 11:32:03 2025,17-Jul-2025,143204,48 39.828100 N,063 14.463800 W,2.1,203.4,A,Depth,Depth,252.592593,D,P,39693.000000
Thu Jul 17 11:32:03 2025,17-Jul-2025,143205,48 39.827600 N,063 14.464300 W,2.1,203.3,A,Depth,Depth,252.592593,D,P,39693.000000
Thu Jul 17 11:32:07 2025,17-Jul-2025,143206,48 39.827000 N,063 14.464700 W,2.1,203.3,A,DoorSpread,DoorMaster,5.310000,D,P,32342.000000
Thu Jul 17 11:32:07 2025,17-Jul-2025,143207,48 39.826500 N,063 14.465000 W,2.1,203.1,A,DoorSpread,DoorMaster,5.310000,D,P,32342.000000
Thu Jul 17 11:32:07 2025,17-Jul-2025,143208,48 39.825900 N,063 14.465500 W,2.1,203.2,A,DoorSpread,DoorMaster,5.310000,D,P,32342.000000
Thu Jul 17 11:32:07 2025,17-Jul-2025,143209,48 39.825300 N,063 14.465900 W,2.0,203.1,A,DoorSpread,DoorMaster,5.310000,D,P,32342.000000
Thu Jul 17 11:32:11 2025,17-Jul-2025,143210,48 39.824800 N,063 14.466300 W,2.0,203.0,A,Depth,Depth,252.962963,D,S,29130.000000
Thu Jul 17 11:32:12 2025,17-Jul-2025,143211,48 39.824300 N,063 14.466600 W,2.0,202.9,A,Primary,Headline,1.285714,D,S,38911.000000
Thu Jul 17 11:32:13 2025,17-Jul-2025,143212,48 39.823800 N,063 14.467000 W,2.0,203.1,A,DoorSpread,DoorMaster,5.790000,D,S,21706.000000
Thu Jul 17 11:32:13 2025,17-Jul-2025,143213,48 39.823300 N,063 14.467500 W,2.0,203.2,A,DoorSpread,DoorMaster,5.790000,D,S,21706.000000
Thu Jul 17 11:32:13 2025,17-Jul-2025,143214,48 39.822800 N,063 14.467600 W,2.0,202.6,A,DoorSpread,DoorMaster,5.790000,D,S,21706.000000
Thu Jul 17 11:32:13 2025,17-Jul-2025,143215,48 39.822300 N,063 14.467700 W,2.0,202.3,A,DoorSpread,DoorMaster,5.790000,D,S,21706.000000
Thu Jul 17 11:32:17 2025,17-Jul-2025,143216,48 39.821800 N,063 14.467900 W,2.0,202.1,A,Primary,Headline,1.857143,D,S,19637.000000
Thu Jul 17 11:32:17 2025,17-Jul-2025,143217,48 39.821300 N,063 14.468000 W,2.0,201.8,A,Primary,Headline,1.857143,D,S,19637.000000
Thu Jul 17 11:32:19 2025,17-Jul-2025,143218,48 39.820700 N,063 14.468300 W,2.0,201.6,A,Depth,Depth,258.240741,D,P,32185.000000
Thu Jul 17 11:32:19 2025,17-Jul-2025,143219,48 39.820200 N,063 14.468500 W,2.0,201.3,A,Depth,Depth,258.240741,D,P,32185.000000
Thu Jul 17 11:32:19 2025,17-Jul-2025,143220,48 39.819700 N,063 14.468600 W,2.0,201.1,A,Depth,Depth,258.240741,D,P,32185.000000
Thu Jul 17 11:32:22 2025,17-Jul-2025,143221,48 39.819200 N,063 14.468800 W,2.0,200.8,A,Primary,Headline,1.632653,D,S,33080.000000
Thu Jul 17 11:32:22 2025,17-Jul-2025,143222,48 39.818700 N,063 14.469100 W,2.0,200.8,A,Primary,Headline,1.632653,D,S,33080.000000
Thu Jul 17 11:32:24 2025,17-Jul-2025,143223,48 39.818200 N,063 14.469400 W,1.9,200.7,A,DoorSpread,DoorMaster,6.740000,D,S,23048.000000
Thu Jul 17 11:32:24 2025,17-Jul-2025,143224,48 39.817700 N,063 14.469700 W,1.9,200.6,A,DoorSpread,DoorMaster,6.740000,D,S,23048.000000
Thu Jul 17 11:32:24 2025,17-Jul-2025,143225,48 39.817200 N,063 14.469900 W,1.9,200.6,A,DoorSpread,DoorMaster,6.740000,D,S,23048.000000
Thu Jul 17 11:32:27 2025,17-Jul-2025,143226,48 39.816800 N,063 14.470200 W,1.9,200.5,A,Primary,Headline,1.551020,D,S,39919.000000
Thu Jul 17 11:32:27 2025,17-Jul-2025,143227,48 39.816300 N,063 14.470500 W,1.9,200.4,A,Primary,Headline,1.551020,D,S,39919.000000
Thu Jul 17 11:32:27 2025,17-Jul-2025,143228,48 39.815800 N,063 14.470700 W,1.9,200.3,A,Primary,Headline,1.551020,D,S,39919.000000
Thu Jul 17 11:32:30 2025,17-Jul-2025,143229,48 39.815300 N,063 14.471000 W,1.9,200.3,A,DoorSpread,DoorMaster,5.595000,D,S,59474.000000
Thu Jul 17 11:32:30 2025,17-Jul-2025,143230,48 39.814800 N,063 14.471300 W,1.9,200.3,A,DoorSpread,DoorMaster,5.595000,D,S,59474.000000
Thu Jul 17 11:32:32 2025,17-Jul-2025,143231,48 39.814300 N,063 14.471600 W,1.9,200.2,A,Primary,Headline,1.551020,D,S,38666.000000
Thu Jul 17 11:32:32 2025,17-Jul-2025,143232,48 39.813800 N,063 14.471800 W,1.9,199.9,A,Primary,Headline,1.551020,D,S,38666.000000
Thu Jul 17 11:32:32 2025,17-Jul-2025,143233,48 39.813300 N,063 14.472000 W,1.9,199.7,A,Primary,Headline,1.551020,D,S,38666.000000
Thu Jul 17 11:32:35 2025,17-Jul-2025,143234,48 39.812700 N,063 14.472300 W,1.9,199.8,A,DoorSpread,DoorMaster,5.965000,D,S,27977.000000
Thu Jul 17 11:32:35 2025,17-Jul-2025,143235,48 39.812200 N,063 14.472800 W,1.9,199.9,A,DoorSpread,DoorMaster,5.965000,D,S,27977.000000
Thu Jul 17 11:32:37 2025,17-Jul-2025,143236,48 39.811700 N,063 14.473200 W,1.9,200.0,A,Primary,Headline,1.693878,D,S,21967.000000
Thu Jul 17 11:32:37 2025,17-Jul-2025,143237,48 39.811200 N,063 14.473700 W,2.0,200.4,A,Primary,Headline,1.693878,D,S,21967.000000
Thu Jul 17 11:32:37 2025,17-Jul-2025,143238,48 39.810600 N,063 14.474100 W,2.0,200.8,A,Primary,Headline,1.693878,D,S,21967.000000
Thu Jul 17 11:32:37 2025,17-Jul-2025,143239,48 39.810000 N,063 14.474400 W,2.0,201.2,A,Primary,Headline,1.693878,D,S,21967.000000
Thu Jul 17 11:32:41 2025,17-Jul-2025,143240,48 39.809400 N,063 14.474700 W,2.0,201.5,A,DoorSpread,DoorMaster,4.535000,D,S,33814.000000
Thu Jul 17 11:32:41 2025,17-Jul-2025,143241,48 39.808900 N,063 14.474800 W,2.0,201.7,A,DoorSpread,DoorMaster,4.535000,D,S,33814.000000
Thu Jul 17 11:32:42 2025,17-Jul-2025,143242,48 39.808200 N,063 14.475000 W,2.1,201.9,A,Primary,Headline,33.000000,D,S,24305.000000
Thu Jul 17 11:32:42 2025,17-Jul-2025,143243,48 39.807500 N,063 14.475300 W,2.2,202.0,A,Primary,Headline,33.000000,D,S,24305.000000
Thu Jul 17 11:32:42 2025,17-Jul-2025,143244,48 39.806900 N,063 14.475500 W,2.2,202.0,A,Primary,Headline,33.000000,D,S,24305.000000
Thu Jul 17 11:32:42 2025,17-Jul-2025,143245,48 39.806400 N,063 14.475900 W,2.2,202.9,A,Primary,Headline,33.000000,D,S,24305.000000
Thu Jul 17 11:32:42 2025,17-Jul-2025,143246,48 39.805700 N,063 14.476500 W,2.3,203.6,A,Primary,Headline,33.000000,D,S,24305.000000
Thu Jul 17 11:32:48 2025,17-Jul-2025,143247,48 39.804900 N,063 14.477000 W,2.4,203.5,A,Primary,Headline,0.959184,D,S,32571.000000
Thu Jul 17 11:32:48 2025,17-Jul-2025,143248,48 39.804200 N,063 14.477300 W,2.5,203.3,A,Primary,Headline,0.959184,D,S,32571.000000
Thu Jul 17 11:32:48 2025,17-Jul-2025,143249,48 39.803300 N,063 14.477800 W,2.6,203.2,A,Primary,Headline,0.959184,D,S,32571.000000
Thu Jul 17 11:32:48 2025,17-Jul-2025,143250,48 39.802500 N,063 14.478300 W,2.7,202.9,A,Primary,Headline,0.959184,D,S,32571.000000
Thu Jul 17 11:32:48 2025,17-Jul-2025,143251,48 39.801700 N,063 14.478800 W,2.8,202.7,A,Primary,Headline,0.959184,D,S,32571.000000
Thu Jul 17 11:32:53 2025,17-Jul-2025,143252,48 39.800900 N,063 14.479400 W,2.9,202.8,A,Primary,Headline,1.714286,D,S,57942.000000
Thu Jul 17 11:32:53 2025,17-Jul-2025,143253,48 39.800100 N,063 14.479900 W,3.0,203.1,A,Primary,Headline,1.714286,D,S,57942.000000
Thu Jul 17 11:32:53 2025,17-Jul-2025,143254,48 39.799300 N,063 14.480300 W,3.0,203.1,A,Primary,Headline,1.714286,D,S,57942.000000
Thu Jul 17 11:32:53 2025,17-Jul-2025,143255,48 39.798400 N,063 14.480700 W,3.1,202.9,A,Primary,Headline,1.714286,D,S,57942.000000
Thu Jul 17 11:32:53 2025,17-Jul-2025,143256,48 39.797500 N,063 14.481200 W,3.2,203.0,A,Primary,Headline,1.714286,D,S,57942.000000
Thu Jul 17 11:32:58 2025,17-Jul-2025,143257,48 39.796600 N,063 14.481800 W,3.3,203.1,A,Primary,Headline,0.816327,D,S,33583.000000
Thu Jul 17 11:32:58 2025,17-Jul-2025,143258,48 39.795800 N,063 14.482500 W,3.3,203.3,A,Depth,Depth,248.055556,D,S,24857.000000
Thu Jul 17 11:32:58 2025,17-Jul-2025,143259,48 39.794900 N,063 14.483100 W,3.4,203.5,A,Depth,Depth,248.055556,D,S,24857.000000
Thu Jul 17 11:32:58 2025,17-Jul-2025,143300,48 39.794000 N,063 14.483700 W,3.4,203.6,A,Depth,Depth,248.055556,D,S,24857.000000
Thu Jul 17 11:32:58 2025,17-Jul-2025,143301,48 39.793100 N,063 14.484300 W,3.5,203.6,A,Depth,Depth,248.055556,D,S,24857.000000
Thu Jul 17 11:32:58 2025,17-Jul-2025,143302,48 39.792300 N,063 14.484900 W,3.5,203.6,A,Depth,Depth,248.055556,D,S,24857.000000
Thu Jul 17 11:32:58 2025,17-Jul-2025,143303,48 39.791500 N,063 14.485500 W,3.5,203.7,A,Depth,Depth,248.055556,D,S,24857.000000
Thu Jul 17 11:32:58 2025,17-Jul-2025,143304,48 39.790600 N,063 14.486200 W,3.6,203.8,A,Depth,Depth,248.055556,D,S,24857.000000
Thu Jul 17 11:32:58 2025,17-Jul-2025,143305,48 39.789700 N,063 14.486600 W,3.6,203.8,A,Depth,Depth,248.055556,D,S,24857.000000
Thu Jul 17 11:33:06 2025,17-Jul-2025,143306,48 39.788700 N,063 14.487100 W,3.6,203.8,A,Depth,Depth,247.129630,D,S,34174.000000
Thu Jul 17 11:33:06 2025,17-Jul-2025,143307,48 39.787800 N,063 14.487700 W,3.6,203.9,A,Depth,Depth,247.129630,D,S,34174.000000
Thu Jul 17 11:33:06 2025,17-Jul-2025,143308,48 39.786800 N,063 14.488400 W,3.6,203.9,A,Depth,Depth,247.129630,D,S,34174.000000
Thu Jul 17 11:33:06 2025,17-Jul-2025,143309,48 39.785800 N,063 14.489000 W,3.7,203.9,A,Depth,Depth,247.129630,D,S,34174.000000
Thu Jul 17 11:33:06 2025,17-Jul-2025,143310,48 39.784700 N,063 14.489500 W,3.7,203.9,A,Depth,Depth,247.129630,D,S,34174.000000
Thu Jul 17 11:33:06 2025,17-Jul-2025,143311,48 39.783700 N,063 14.490100 W,3.7,204.0,A,Depth,Depth,247.129630,D,S,34174.000000
Thu Jul 17 11:33:13 2025,17-Jul-2025,143312,48 39.782600 N,063 14.490700 W,3.7,204.0,A,Primary,Headline,0.755102,D,S,60284.000000
Thu Jul 17 11:33:13 2025,17-Jul-2025,143313,48 39.781500 N,063 14.491300 W,3.7,204.0,A,Primary,Headline,0.755102,D,S,60284.000000
Thu Jul 17 11:33:14 2025,17-Jul-2025,143314,48 39.780600 N,063 14.492100 W,3.7,204.0,A,Depth,Depth,250.185185,D,S,33651.000000
Thu Jul 17 11:33:14 2025,17-Jul-2025,143315,48 39.779600 N,063 14.492800 W,3.7,204.2,A,Depth,Depth,250.185185,D,S,33651.000000
Thu Jul 17 11:33:14 2025,17-Jul-2025,143316,48 39.778700 N,063 14.493600 W,3.7,204.2,A,Depth,Depth,250.185185,D,S,33651.000000
Thu Jul 17 11:33:18 2025,17-Jul-2025,143317,48 39.777700 N,063 14.494200 W,3.7,204.1,A,Primary,Headline,1.755102,D,S,24150.000000
Thu Jul 17 11:33:18 2025,17-Jul-2025,143318,48 39.776700 N,063 14.494800 W,3.8,203.9,A,Primary,Headline,1.755102,D,S,24150.000000
Thu Jul 17 11:33:18 2025,17-Jul-2025,143319,48 39.775700 N,063 14.495500 W,3.8,203.9,A,Primary,Headline,1.755102,D,S,24150.000000
Thu Jul 17 11:33:18 2025,17-Jul-2025,143320,48 39.774600 N,063 14.496200 W,3.8,203.9,A,Primary,Headline,1.755102,D,S,24150.000000
Thu Jul 17 11:33:22 2025,17-Jul-2025,143321,48 39.773600 N,063 14.496700 W,3.8,203.6,A,Depth,Depth,252.222222,D,S,30786.000000
Thu Jul 17 11:33:23 2025,17-Jul-2025,143322,48 39.772600 N,063 14.497200 W,3.8,203.5,A,Primary,Headline,1.000000,D,S,25111.000000
Thu Jul 17 11:33:24 2025,17-Jul-2025,143323,48 39.771700 N,063 14.497700 W,3.8,203.3,A,DoorSpread,DoorMaster,6.185000,D,S,29955.000000
Thu Jul 17 11:33:24 2025,17-Jul-2025,143324,48 39.770700 N,063 14.498200 W,3.8,203.3,A,DoorSpread,DoorMaster,6.185000,D,S,29955.000000
Thu Jul 17 11:33:24 2025,17-Jul-2025,143325,48 39.769800 N,063 14.498900 W,3.8,203.4,A,DoorSpread,DoorMaster,6.185000,D,S,29955.000000
Thu Jul 17 11:33:24 2025,17-Jul-2025,143326,48 39.768800 N,063 14.499500 W,3.8,203.5,A,DoorSpread,DoorMaster,6.185000,D,S,29955.000000
Thu Jul 17 11:33:24 2025,17-Jul-2025,143327,48 39.767800 N,063 14.500100 W,3.9,203.4,A,DoorSpread,DoorMaster,6.185000,D,S,29955.000000
Thu Jul 17 11:33:24 2025,17-Jul-2025,143328,48 39.766800 N,063 14.500700 W,3.8,203.3,A,DoorSpread,DoorMaster,6.185000,D,S,29955.000000
Thu Jul 17 11:33:30 2025,17-Jul-2025,143329,48 39.765900 N,063 14.501400 W,3.8,203.2,A,Depth,Depth,254.722222,D,S,20921.000000
Thu Jul 17 11:33:30 2025,17-Jul-2025,143330,48 39.764900 N,063 14.502100 W,3.8,203.2,A,Depth,Depth,254.722222,D,S,20921.000000
Thu Jul 17 11:33:30 2025,17-Jul-2025,143331,48 39.764000 N,063 14.502800 W,3.8,203.3,A,Depth,Depth,254.722222,D,S,20921.000000
Thu Jul 17 11:33:30 2025,17-Jul-2025,143332,48 39.763000 N,063 14.503500 W,3.8,203.2,A,Depth,Depth,254.722222,D,S,20921.000000
Thu Jul 17 11:33:30 2025,17-Jul-2025,143333,48 39.762100 N,063 14.504200 W,3.8,203.2,A,Depth,Depth,254.722222,D,S,20921.000000
Thu Jul 17 11:33:30 2025,17-Jul-2025,143334,48 39.761100 N,063 14.504800 W,3.8,203.1,A,Depth,Depth,254.722222,D,S,20921.000000
Thu Jul 17 11:33:30 2025,17-Jul-2025,143335,48 39.760200 N,063 14.505500 W,3.7,203.0,A,Depth,Depth,254.722222,D,S,20921.000000
Thu Jul 17 11:33:30 2025,17-Jul-2025,143336,48 39.759400 N,063 14.506100 W,3.7,203.0,A,Depth,Depth,254.722222,D,S,20921.000000
Thu Jul 17 11:33:38 2025,17-Jul-2025,143337,48 39.758500 N,063 14.506700 W,3.6,202.9,A,Primary,Headline,2.000000,D,P,52516.000000
Thu Jul 17 11:33:38 2025,17-Jul-2025,143338,48 39.757600 N,063 14.507200 W,3.6,202.9,A,Primary,Headline,2.000000,D,P,52516.000000
Thu Jul 17 11:33:38 2025,17-Jul-2025,143339,48 39.756800 N,063 14.507800 W,3.5,202.9,A,Primary,Headline,2.000000,D,P,52516.000000
Thu Jul 17 11:33:41 2025,17-Jul-2025,143340,48 39.756000 N,063 14.508300 W,3.5,202.8,A,DoorSpread,DoorMaster,6.155000,D,S,19571.000000
Thu Jul 17 11:33:41 2025,17-Jul-2025,143341,48 39.755300 N,063 14.508700 W,3.4,202.7,A,DoorSpread,DoorMaster,6.155000,D,S,19571.000000
Thu Jul 17 11:33:43 2025,17-Jul-2025,143342,48 39.754600 N,063 14.509200 W,3.4,202.6,A,Primary,Headline,0.877551,D,S,24231.000000
Thu Jul 17 11:33:43 2025,17-Jul-2025,143343,48 39.753800 N,063 14.509700 W,3.3,202.3,A,Primary,Headline,0.877551,D,S,24231.000000
Thu Jul 17 11:33:43 2025,17-Jul-2025,143344,48 39.753000 N,063 14.510100 W,3.3,202.1,A,Primary,Headline,0.877551,D,S,24231.000000
Thu Jul 17 11:33:46 2025,17-Jul-2025,143345,48 39.752300 N,063 14.510400 W,3.2,201.9,A,DoorSpread,DoorMaster,7.165000,D,P,53574.000000
Thu Jul 17 11:33:46 2025,17-Jul-2025,143346,48 39.751400 N,063 14.510800 W,3.2,201.5,A,DoorSpread,DoorMaster,7.165000,D,P,53574.000000
Thu Jul 17 11:33:46 2025,17-Jul-2025,143347,48 39.750700 N,063 14.511100 W,3.2,201.2,A,DoorSpread,DoorMaster,7.165000,D,P,53574.000000
Thu Jul 17 11:33:48 2025,17-Jul-2025,143348,48 39.749800 N,063 14.511500 W,3.2,200.9,A,Primary,Headline,3.673469,D,S,62909.000000
Thu Jul 17 11:33:48 2025,17-Jul-2025,143349,48 39.749000 N,063 14.511900 W,3.1,200.6,A,Primary,Headline,3.673469,D,S,62909.000000
Thu Jul 17 11:33:48 2025,17-Jul-2025,143350,48 39.748200 N,063 14.512300 W,3.1,200.3,A,Primary,Headline,3.673469,D,S,62909.000000
Thu Jul 17 11:33:48 2025,17-Jul-2025,143351,48 39.747400 N,063 14.512800 W,3.0,200.2,A,Primary,Headline,3.673469,D,S,62909.000000
Thu Jul 17 11:33:48 2025,17-Jul-2025,143352,48 39.746500 N,063 14.513200 W,3.0,200.0,A,Primary,Headline,3.673469,D,S,62909.000000
Thu Jul 17 11:33:53 2025,17-Jul-2025,143353,48 39.745600 N,063 14.513700 W,3.0,199.8,A,Primary,Headline,3.285714,D,P,84003.000000
Thu Jul 17 11:33:53 2025,17-Jul-2025,143354,48 39.744800 N,063 14.514100 W,3.0,199.6,A,Primary,Headline,3.285714,D,P,84003.000000
Thu Jul 17 11:33:53 2025,17-Jul-2025,143355,48 39.743900 N,063 14.514500 W,3.0,199.3,A,Primary,Headline,3.285714,D,P,84003.000000
Thu Jul 17 11:33:53 2025,17-Jul-2025,143356,48 39.743100 N,063 14.514700 W,3.0,198.9,A,Primary,Headline,3.285714,D,P,84003.000000
Thu Jul 17 11:33:53 2025,17-Jul-2025,143357,48 39.742300 N,063 14.515000 W,2.9,198.8,A,Primary,Headline,3.285714,D,P,84003.000000
Thu Jul 17 11:33:58 2025,17-Jul-2025,143358,48 39.741600 N,063 14.515500 W,2.9,198.8,A,Primary,Headline,4.326531,D,P,63704.000000
Thu Jul 17 11:33:58 2025,17-Jul-2025,143359,48 39.740900 N,063 14.515900 W,2.8,198.8,A,Primary,Headline,4.326531,D,P,63704.000000
Thu Jul 17 11:33:58 2025,17-Jul-2025,143400,48 39.740200 N,063 14.516300 W,2.8,199.0,A,Primary,Headline,4.326531,D,P,63704.000000
Thu Jul 17 11:34:02 2025,17-Jul-2025,143401,48 39.739500 N,063 14.516700 W,2.7,199.1,A,DoorSpread,DoorMaster,6.235000,D,P,56665.000000
Thu Jul 17 11:34:02 2025,17-Jul-2025,143402,48 39.738900 N,063 14.517100 W,2.7,199.2,A,DoorSpread,DoorMaster,6.235000,D,P,56665.000000
Thu Jul 17 11:34:04 2025,17-Jul-2025,143403,48 39.738200 N,063 14.517500 W,2.6,199.3,A,Primary,Headline,4.163265,D,S,20570.000000
Thu Jul 17 11:34:04 2025,17-Jul-2025,143404,48 39.737500 N,063 14.517900 W,2.7,199.5,A,Primary,Headline,4.163265,D,S,20570.000000
Thu Jul 17 11:34:04 2025,17-Jul-2025,143405,48 39.736800 N,063 14.518200 W,2.6,199.7,A,Primary,Headline,4.163265,D,S,20570.000000
Thu Jul 17 11:34:04 2025,17-Jul-2025,143406,48 39.736100 N,063 14.518400 W,2.6,199.6,A,Primary,Headline,4.163265,D,S,20570.000000
Thu Jul 17 11:34:08 2025,17-Jul-2025,143407,48 39.735300 N,063 14.518700 W,2.6,199.3,A,DoorSpread,DoorMaster,5.695000,D,S,56453.000000
Thu Jul 17 11:34:09 2025,17-Jul-2025,143408,48 39.734500 N,063 14.519000 W,2.7,199.1,A,Primary,Headline,4.816327,D,S,31196.000000
Thu Jul 17 11:34:10 2025,17-Jul-2025,143409,48 39.733800 N,063 14.519300 W,2.6,199.1,A,Depth,Depth,247.407407,D,P,61405.000000
Thu Jul 17 11:34:10 2025,17-Jul-2025,143410,48 39.733200 N,063 14.519500 W,2.6,198.9,A,Depth,Depth,247.407407,D,P,61405.000000
Thu Jul 17 11:34:10 2025,17-Jul-2025,143411,48 39.732500 N,063 14.519800 W,2.6,198.7,A,Depth,Depth,247.407407,D,P,61405.000000
Thu Jul 17 11:34:13 2025,17-Jul-2025,143412,48 39.731800 N,063 14.520000 W,2.6,198.5,A,DoorSpread,DoorMaster,6.375000,D,S,29765.000000
Thu Jul 17 11:34:14 2025,17-Jul-2025,143413,48 39.731100 N,063 14.520200 W,2.6,198.5,A,Primary,Headline,2.734694,D,P,51742.000000
Thu Jul 17 11:34:14 2025,17-Jul-2025,143414,48 39.730500 N,063 14.520600 W,2.6,198.6,A,Primary,Headline,2.734694,D,P,51742.000000
Thu Jul 17 11:34:14 2025,17-Jul-2025,143415,48 39.729900 N,063 14.520900 W,2.5,198.7,A,Primary,Headline,2.734694,D,P,51742.000000
Thu Jul 17 11:34:14 2025,17-Jul-2025,143416,48 39.729300 N,063 14.521200 W,2.5,198.7,A,Primary,Headline,2.734694,D,P,51742.000000
Thu Jul 17 11:34:18 2025,17-Jul-2025,143417,48 39.728600 N,063 14.521500 W,2.5,198.4,A,Depth,Depth,300.000000,D,S,8409.000000
Thu Jul 17 11:34:19 2025,17-Jul-2025,143418,48 39.728000 N,063 14.521800 W,2.5,198.3,A,DoorSpread,DoorMaster,6.980000,D,P,50496.000000
Thu Jul 17 11:34:19 2025,17-Jul-2025,143419,48 39.727400 N,063 14.522300 W,2.5,198.3,A,DoorSpread,DoorMaster,6.980000,D,P,50496.000000
Thu Jul 17 11:34:19 2025,17-Jul-2025,143420,48 39.726800 N,063 14.522700 W,2.5,198.4,A,DoorSpread,DoorMaster,6.980000,D,P,50496.000000
Thu Jul 17 11:34:19 2025,17-Jul-2025,143421,48 39.726300 N,063 14.523000 W,2.5,198.4,A,DoorSpread,DoorMaster,6.980000,D,P,50496.000000
Thu Jul 17 11:34:19 2025,17-Jul-2025,143422,48 39.725700 N,063 14.523300 W,2.5,197.9,A,DoorSpread,DoorMaster,6.980000,D,P,50496.000000
Thu Jul 17 11:34:24 2025,17-Jul-2025,143423,48 39.725100 N,063 14.523600 W,2.5,198.0,A,DoorSpread,DoorMaster,5.080000,D,P,52862.000000
Thu Jul 17 11:34:25 2025,17-Jul-2025,143424,48 39.724600 N,063 14.524100 W,2.5,198.2,A,Depth,Depth,195.370370,D,S,36343.000000
Thu Jul 17 11:34:25 2025,17-Jul-2025,143425,48 39.724100 N,063 14.524400 W,2.4,198.2,A,Depth,Depth,195.370370,D,S,36343.000000
Thu Jul 17 11:34:25 2025,17-Jul-2025,143426,48 39.723600 N,063 14.524600 W,2.4,198.3,A,Depth,Depth,195.370370,D,S,36343.000000
Thu Jul 17 11:34:25 2025,17-Jul-2025,143427,48 39.723000 N,063 14.524900 W,2.5,198.4,A,Depth,Depth,195.370370,D,S,36343.000000
Thu Jul 17 11:34:29 2025,17-Jul-2025,143428,48 39.722500 N,063 14.525400 W,2.4,198.5,A,Primary,Headline,1.673469,D,P,34774.000000
Thu Jul 17 11:34:30 2025,17-Jul-2025,143429,48 39.721900 N,063 14.525800 W,2.4,198.8,A,DoorSpread,DoorMaster,6.105000,D,S,67516.000000
Thu Jul 17 11:34:30 2025,17-Jul-2025,143430,48 39.721400 N,063 14.526300 W,2.4,199.0,A,DoorSpread,DoorMaster,6.105000,D,S,67516.000000
Thu Jul 17 11:34:30 2025,17-Jul-2025,143431,48 39.720800 N,063 14.526600 W,2.4,199.3,A,DoorSpread,DoorMaster,6.105000,D,S,67516.000000
Thu Jul 17 11:34:33 2025,17-Jul-2025,143432,48 39.720300 N,063 14.526800 W,2.4,199.2,A,Depth,Depth,247.222222,D,P,50058.000000
Thu Jul 17 11:34:34 2025,17-Jul-2025,143433,48 39.719700 N,063 14.527000 W,2.5,198.9,A,Primary,Headline,2.102041,D,P,65299.000000
Thu Jul 17 11:34:34 2025,17-Jul-2025,143434,48 39.719000 N,063 14.527300 W,2.5,198.9,A,Primary,Headline,2.102041,D,P,65299.000000
Thu Jul 17 11:34:35 2025,17-Jul-2025,143435,48 39.718400 N,063 14.527700 W,2.4,198.9,A,DoorSpread,DoorMaster,6.115000,D,S,82198.000000
Thu Jul 17 11:34:35 2025,17-Jul-2025,143436,48 39.717700 N,063 14.528000 W,2.4,198.9,A,DoorSpread,DoorMaster,6.115000,D,S,82198.000000
Thu Jul 17 11:34:35 2025,17-Jul-2025,143437,48 39.717100 N,063 14.528300 W,2.4,198.9,A,DoorSpread,DoorMaster,6.115000,D,S,82198.000000
Thu Jul 17 11:34:39 2025,17-Jul-2025,143438,48 39.716400 N,063 14.528600 W,2.4,198.9,A,Primary,Headline,2.816327,D,S,96160.000000
Thu Jul 17 11:34:39 2025,17-Jul-2025,143439,48 39.715800 N,063 14.528900 W,2.4,198.9,A,Primary,Headline,2.816327,D,S,96160.000000
Thu Jul 17 11:34:41 2025,17-Jul-2025,143440,48 39.715100 N,063 14.529300 W,2.4,198.8,A,Depth,Depth,249.074074,D,P,63310.000000
Thu Jul 17 11:34:41 2025,17-Jul-2025,143441,48 39.714500 N,063 14.529600 W,2.4,198.8,A,Depth,Depth,249.074074,D,P,63310.000000
Thu Jul 17 11:34:41 2025,17-Jul-2025,143442,48 39.713900 N,063 14.530000 W,2.4,198.9,A,Depth,Depth,249.074074,D,P,63310.000000
Thu Jul 17 11:34:44 2025,17-Jul-2025,143443,48 39.713200 N,063 14.530300 W,2.4,199.1,A,Primary,Headline,2.836735,D,S,60951.000000
Thu Jul 17 11:34:44 2025,17-Jul-2025,143444,48 39.712600 N,063 14.530600 W,2.4,199.2,A,Primary,Headline,2.836735,D,S,60951.000000
Thu Jul 17 11:34:44 2025,17-Jul-2025,143445,48 39.712000 N,063 14.530900 W,2.4,199.1,A,Primary,Headline,2.836735,D,S,60951.000000
Thu Jul 17 11:34:47 2025,17-Jul-2025,143446,48 39.711400 N,063 14.531100 W,2.4,199.0,A,DoorSpread,DoorMaster,6.845000,D,P,38802.000000
Thu Jul 17 11:34:47 2025,17-Jul-2025,143447,48 39.710800 N,063 14.531400 W,2.4,199.0,A,DoorSpread,DoorMaster,6.845000,D,P,38802.000000
Thu Jul 17 11:34:49 2025,17-Jul-2025,143448,48 39.710300 N,063 14.531800 W,2.4,199.0,A,Primary,Headline,2.367347,D,S,76124.000000
Thu Jul 17 11:34:49 2025,17-Jul-2025,143449,48 39.709600 N,063 14.532300 W,2.4,199.1,A,Primary,Headline,2.367347,D,S,76124.000000
Thu Jul 17 11:34:49 2025,17-Jul-2025,143450,48 39.708900 N,063 14.532600 W,2.4,199.1,A,Primary,Headline,2.367347,D,S,76124.000000
Thu Jul 17 11:34:52 2025,17-Jul-2025,143451,48 39.708300 N,063 14.532900 W,2.3,199.0,A,DoorSpread,DoorMaster,7.875000,D,S,51943.000000
Thu Jul 17 11:34:52 2025,17-Jul-2025,143452,48 39.707600 N,063 14.533200 W,2.3,198.7,A,DoorSpread,DoorMaster,7.875000,D,S,51943.000000
Thu Jul 17 11:34:54 2025,17-Jul-2025,143453,48 39.706900 N,063 14.533700 W,2.4,198.7,A,Primary,Headline,2.673469,D,P,46594.000000
Thu Jul 17 11:34:54 2025,17-Jul-2025,143454,48 39.706100 N,063 14.534100 W,2.4,198.8,A,Primary,Headline,2.673469,D,P,46594.000000
Thu Jul 17 11:34:54 2025,17-Jul-2025,143455,48 39.705300 N,063 14.534300 W,2.4,198.6,A,Primary,Headline,2.673469,D,P,46594.000000
Thu Jul 17 11:34:54 2025,17-Jul-2025,143456,48 39.704700 N,063 14.534500 W,2.4,198.2,A,Primary,Headline,2.673469,D,P,46594.000000
Thu Jul 17 11:34:58 2025,17-Jul-2025,143457,48 39.704000 N,063 14.534700 W,2.4,197.8,A,DoorSpread,DoorMaster,7.090000,D,S,58093.000000
Thu Jul 17 11:34:58 2025,17-Jul-2025,143458,48 39.703200 N,063 14.535000 W,2.5,197.5,A,DoorSpread,DoorMaster,7.090000,D,S,58093.000000
Thu Jul 17 11:34:58 2025,17-Jul-2025,143459,48 39.702500 N,063 14.535300 W,2.5,197.5,A,DoorSpread,DoorMaster,7.090000,D,S,58093.000000
Thu Jul 17 11:34:58 2025,17-Jul-2025,143500,48 39.701900 N,063 14.535600 W,2.5,197.4,A,DoorSpread,DoorMaster,7.090000,D,S,58093.000000
Thu Jul 17 11:34:58 2025,17-Jul-2025,143501,48 39.701200 N,063 14.535900 W,2.5,197.3,A,DoorSpread,DoorMaster,7.090000,D,S,58093.000000
Thu Jul 17 11:34:58 2025,17-Jul-2025,143502,48 39.700500 N,063 14.536200 W,2.5,197.4,A,DoorSpread,DoorMaster,7.090000,D,S,58093.000000
Thu Jul 17 11:35:04 2025,17-Jul-2025,143503,48 39.699800 N,063 14.536500 W,2.5,197.7,A,DoorSpread,DoorMaster,7.480000,D,S,35978.000000
Thu Jul 17 11:35:05 2025,17-Jul-2025,143504,48 39.699100 N,063 14.536700 W,2.4,197.7,A,Depth,Depth,247.592593,D,S,51298.000000
Thu Jul 17 11:35:05 2025,17-Jul-2025,143505,48 39.698600 N,063 14.536900 W,2.4,197.7,A,Depth,Depth,247.592593,D,S,51298.000000
Thu Jul 17 11:35:05 2025,17-Jul-2025,143506,48 39.698000 N,063 14.537200 W,2.4,197.9,A,Depth,Depth,247.592593,D,S,51298.000000
Thu Jul 17 11:35:05 2025,17-Jul-2025,143507,48 39.697500 N,063 14.537400 W,2.4,197.8,A,Depth,Depth,247.592593,D,S,51298.000000
Thu Jul 17 11:35:09 2025,17-Jul-2025,143508,48 39.696800 N,063 14.537600 W,2.4,197.7,A,DoorSpread,DoorMaster,7.460000,D,P,63146.000000
Thu Jul 17 11:35:09 2025,17-Jul-2025,143509,48 39.696200 N,063 14.538000 W,2.5,197.7,A,DoorSpread,DoorMaster,7.460000,D,P,63146.000000
Thu Jul 17 11:35:09 2025,17-Jul-2025,143510,48 39.695500 N,063 14.538300 W,2.5,197.4,A,DoorSpread,DoorMaster,7.460000,D,P,63146.000000
Thu Jul 17 11:35:09 2025,17-Jul-2025,143511,48 39.694800 N,063 14.538500 W,2.5,197.0,A,DoorSpread,DoorMaster,7.460000,D,P,63146.000000
Thu Jul 17 11:35:13 2025,17-Jul-2025,143512,48 39.694000 N,063 14.538800 W,2.6,196.7,A,Depth,Depth,245.648148,D,P,74547.000000
Thu Jul 17 11:35:14 2025,17-Jul-2025,143513,48 39.693300 N,063 14.539000 W,2.6,196.5,A,Primary,Headline,0.734694,D,S,53904.000000
Thu Jul 17 11:35:15 2025,17-Jul-2025,143514,48 39.692700 N,063 14.539400 W,2.5,196.2,A,DoorSpread,DoorMaster,7.150000,D,S,73028.000000
Thu Jul 17 11:35:15 2025,17-Jul-2025,143515,48 39.691900 N,063 14.539600 W,2.6,195.8,A,DoorSpread,DoorMaster,7.150000,D,S,73028.000000
Thu Jul 17 11:35:15 2025,17-Jul-2025,143516,48 39.691100 N,063 14.539900 W,2.6,195.6,A,DoorSpread,DoorMaster,7.150000,D,S,73028.000000
Thu Jul 17 11:35:15 2025,17-Jul-2025,143517,48 39.690400 N,063 14.540200 W,2.6,195.5,A,DoorSpread,DoorMaster,7.150000,D,S,73028.000000
Thu Jul 17 11:35:19 2025,17-Jul-2025,143518,48 39.689800 N,063 14.540500 W,2.6,195.4,A,Primary,Headline,1.306122,D,S,73149.000000
Thu Jul 17 11:35:19 2025,17-Jul-2025,143519,48 39.689200 N,063 14.540800 W,2.6,195.4,A,Primary,Headline,1.306122,D,S,73149.000000
Thu Jul 17 11:35:21 2025,17-Jul-2025,143520,48 39.688500 N,063 14.541100 W,2.6,195.3,A,Depth,Depth,251.296296,D,P,52341.000000
Thu Jul 17 11:35:21 2025,17-Jul-2025,143521,48 39.687900 N,063 14.541500 W,2.6,195.4,A,Depth,Depth,251.296296,D,P,52341.000000
Thu Jul 17 11:35:21 2025,17-Jul-2025,143522,48 39.687200 N,063 14.541900 W,2.6,195.6,A,Depth,Depth,251.296296,D,P,52341.000000
Thu Jul 17 11:35:24 2025,17-Jul-2025,143523,48 39.686600 N,063 14.542200 W,2.6,195.6,A,Primary,Headline,1.183673,D,S,59610.000000
Thu Jul 17 11:35:24 2025,17-Jul-2025,143524,48 39.686000 N,063 14.542500 W,2.6,195.6,A,Primary,Headline,1.183673,D,S,59610.000000
Thu Jul 17 11:35:26 2025,17-Jul-2025,143525,48 39.685300 N,063 14.542800 W,2.6,195.6,A,DoorSpread,DoorMaster,7.020000,D,S,40216.000000
Thu Jul 17 11:35:26 2025,17-Jul-2025,143526,48 39.684600 N,063 14.543000 W,2.7,195.4,A,DoorSpread,DoorMaster,7.020000,D,S,40216.000000
Thu Jul 17 11:35:26 2025,17-Jul-2025,143527,48 39.683800 N,063 14.543300 W,2.7,195.4,A,DoorSpread,DoorMaster,7.020000,D,S,40216.000000
Thu Jul 17 11:35:29 2025,17-Jul-2025,143528,48 39.683000 N,063 14.543500 W,2.8,195.0,A,Primary,Headline,1.244898,D,S,68978.000000
Thu Jul 17 11:35:29 2025,17-Jul-2025,143529,48 39.682100 N,063 14.543700 W,2.8,194.4,A,Primary,Headline,1.244898,D,S,68978.000000
Thu Jul 17 11:35:29 2025,17-Jul-2025,143530,48 39.681400 N,063 14.543900 W,2.8,194.2,A,Primary,Headline,1.244898,D,S,68978.000000
Thu Jul 17 11:35:32 2025,17-Jul-2025,143531,48 39.680700 N,063 14.544300 W,2.8,194.4,A,DoorSpread,DoorMaster,6.675000,D,S,45516.000000
Thu Jul 17 11:35:32 2025,17-Jul-2025,143532,48 39.680200 N,063 14.544700 W,2.7,194.8,A,DoorSpread,DoorMaster,6.675000,D,S,45516.000000
Thu Jul 17 11:35:34 2025,17-Jul-2025,143533,48 39.679600 N,063 14.545000 W,2.7,195.5,A,Primary,Headline,1.775510,D,S,55184.000000
Thu Jul 17 11:35:34 2025,17-Jul-2025,143534,48 39.679000 N,063 14.545300 W,2.7,196.3,A,Primary,Headline,1.775510,D,S,55184.000000
Thu Jul 17 11:35:34 2025,17-Jul-2025,143535,48 39.678400 N,063 14.545700 W,2.7,196.8,A,Primary,Headline,1.775510,D,S,55184.000000
Thu Jul 17 11:35:36 2025,17-Jul-2025,143536,48 39.677700 N,063 14.545900 W,2.7,196.8,A,Depth,Depth,244.722222,D,S,40073.000000
Thu Jul 17 11:35:38 2025,17-Jul-2025,143537,48 39.676900 N,063 14.546100 W,2.7,196.7,A,DoorSpread,DoorMaster,6.645000,D,S,54067.000000
Thu Jul 17 11:35:38 2025,17-Jul-2025,143538,48 39.676200 N,063 14.546400 W,2.7,196.4,A,DoorSpread,DoorMaster,6.645000,D,S,54067.000000
Thu Jul 17 11:35:40 2025,17-Jul-2025,143539,48 39.675500 N,063 14.546700 W,2.7,196.3,A,Primary,Headline,39.673469,D,S,60074.000000
Thu Jul 17 11:35:40 2025,17-Jul-2025,143540,48 39.674900 N,063 14.547200 W,2.7,196.4,A,Primary,Headline,39.673469,D,S,60074.000000
Thu Jul 17 11:35:40 2025,17-Jul-2025,143541,48 39.674200 N,063 14.547700 W,2.7,196.7,A,Primary,Headline,39.673469,D,S,60074.000000
Thu Jul 17 11:35:43 2025,17-Jul-2025,143542,48 39.673500 N,063 14.548000 W,2.7,196.7,A,DoorSpread,DoorMaster,6.705000,D,S,72035.000000
Thu Jul 17 11:35:43 2025,17-Jul-2025,143543,48 39.672800 N,063 14.548400 W,2.7,196.6,A,DoorSpread,DoorMaster,6.705000,D,S,72035.000000
Thu Jul 17 11:35:45 2025,17-Jul-2025,143544,48 39.672100 N,063 14.548600 W,2.7,196.5,A,Primary,Headline,1.551020,D,S,92049.000000
Thu Jul 17 11:35:45 2025,17-Jul-2025,143545,48 39.671500 N,063 14.548800 W,2.7,196.7,A,Primary,Headline,1.551020,D,S,92049.000000
Thu Jul 17 11:35:45 2025,17-Jul-2025,143546,48 39.670800 N,063 14.549100 W,2.7,196.8,A,Primary,Headline,1.551020,D,S,92049.000000
Thu Jul 17 11:35:45 2025,17-Jul-2025,143547,48 39.670200 N,063 14.549300 W,2.7,196.8,A,Primary,Headline,1.551020,D,S,92049.000000
Thu Jul 17 11:35:49 2025,17-Jul-2025,143548,48 39.669500 N,063 14.549500 W,2.7,196.7,A,DoorSpread,DoorMaster,7.625000,D,S,42062.000000
Thu Jul 17 11:35:50 2025,17-Jul-2025,143549,48 39.668800 N,063 14.549700 W,2.7,196.5,A,Primary,Headline,1.816327,D,S,68503.000000
Thu Jul 17 11:35:50 2025,17-Jul-2025,143550,48 39.668200 N,063 14.549900 W,2.6,196.5,A,Primary,Headline,1.816327,D,S,68503.000000
Thu Jul 17 11:35:52 2025,17-Jul-2025,143551,48 39.667500 N,063 14.550200 W,2.7,196.7,A,Depth,Depth,245.555556,D,S,47340.000000
Thu Jul 17 11:35:52 2025,17-Jul-2025,143552,48 39.666900 N,063 14.550600 W,2.6,196.8,A,Depth,Depth,245.555556,D,S,47340.000000
Thu Jul 17 11:35:52 2025,17-Jul-2025,143553,48 39.666100 N,063 14.550800 W,2.6,196.6,A,Depth,Depth,245.555556,D,S,47340.000000
Thu Jul 17 11:35:55 2025,17-Jul-2025,143554,48 39.665300 N,063 14.551000 W,2.7,196.4,A,Primary,Headline,2.020408,D,S,89447.000000
Thu Jul 17 11:35:55 2025,17-Jul-2025,143555,48 39.664600 N,063 14.551400 W,2.7,196.2,A,Primary,Headline,2.020408,D,S,89447.000000
Thu Jul 17 11:35:55 2025,17-Jul-2025,143556,48 39.663800 N,063 14.551700 W,2.7,196.1,A,Primary,Headline,2.020408,D,S,89447.000000
Thu Jul 17 11:35:55 2025,17-Jul-2025,143557,48 39.663000 N,063 14.552000 W,2.7,196.1,A,Primary,Headline,2.020408,D,S,89447.000000
Thu Jul 17 11:35:55 2025,17-Jul-2025,143558,48 39.662300 N,063 14.552400 W,2.6,196.2,A,Primary,Headline,2.020408,D,S,89447.000000
Thu Jul 17 11:36:00 2025,17-Jul-2025,143559,48 39.661500 N,063 14.552700 W,2.6,196.4,A,Primary,Headline,2.653061,D,S,66277.000000
Thu Jul 17 11:36:00 2025,17-Jul-2025,143600,48 39.660800 N,063 14.553100 W,2.7,196.2,A,Primary,Headline,2.653061,D,S,66277.000000
Thu Jul 17 11:36:00 2025,17-Jul-2025,143601,48 39.660000 N,063 14.553500 W,2.7,196.3,A,Primary,Headline,2.653061,D,S,66277.000000
Thu Jul 17 11:36:00 2025,17-Jul-2025,143602,48 39.659400 N,063 14.553800 W,2.7,196.2,A,Primary,Headline,2.653061,D,S,66277.000000
Thu Jul 17 11:36:00 2025,17-Jul-2025,143603,48 39.658600 N,063 14.554200 W,2.7,196.1,A,Primary,Headline,2.653061,D,S,66277.000000
Thu Jul 17 11:36:05 2025,17-Jul-2025,143604,48 39.657900 N,063 14.554600 W,2.7,196.3,A,Primary,Headline,2.693878,D,S,60947.000000
Thu Jul 17 11:36:06 2025,17-Jul-2025,143605,48 39.657200 N,063 14.555000 W,2.6,196.5,A,DoorSpread,DoorMaster,7.295000,D,S,64739.000000
Thu Jul 17 11:36:06 2025,17-Jul-2025,143606,48 39.656600 N,063 14.555400 W,2.6,196.4,A,DoorSpread,DoorMaster,7.295000,D,S,64739.000000
Thu Jul 17 11:36:06 2025,17-Jul-2025,143607,48 39.655800 N,063 14.555700 W,2.6,196.4,A,DoorSpread,DoorMaster,7.295000,D,S,64739.000000
Thu Jul 17 11:36:06 2025,17-Jul-2025,143608,48 39.655100 N,063 14.556000 W,2.6,196.4,A,DoorSpread,DoorMaster,7.295000,D,S,64739.000000
Thu Jul 17 11:36:10 2025,17-Jul-2025,143609,48 39.654500 N,063 14.556400 W,2.6,196.4,A,Primary,Headline,3.285714,D,S,71508.000000
Thu Jul 17 11:36:10 2025,17-Jul-2025,143610,48 39.653700 N,063 14.556800 W,2.6,196.3,A,Primary,Headline,3.285714,D,S,71508.000000
Thu Jul 17 11:36:11 2025,17-Jul-2025,143611,48 39.653000 N,063 14.557100 W,2.6,196.0,A,DoorSpread,DoorMaster,9.530000,D,S,8822.000000
Thu Jul 17 11:36:11 2025,17-Jul-2025,143612,48 39.652200 N,063 14.557300 W,2.6,195.9,A,DoorSpread,DoorMaster,9.530000,D,S,8822.000000
Thu Jul 17 11:36:11 2025,17-Jul-2025,143613,48 39.651500 N,063 14.557600 W,2.6,195.8,A,DoorSpread,DoorMaster,9.530000,D,S,8822.000000
Thu Jul 17 11:36:15 2025,17-Jul-2025,143614,48 39.650900 N,063 14.557900 W,2.5,195.6,A,Primary,Headline,3.551020,D,S,42915.000000
Thu Jul 17 11:36:16 2025,17-Jul-2025,143615,48 39.650300 N,063 14.558200 W,2.5,195.4,A,Depth,Depth,244.537037,D,S,24881.000000
Thu Jul 17 11:36:17 2025,17-Jul-2025,143616,48 39.649600 N,063 14.558600 W,2.5,195.3,A,DoorSpread,DoorMaster,3.445000,D,S,68021.000000
Thu Jul 17 11:36:17 2025,17-Jul-2025,143617,48 39.649000 N,063 14.558900 W,2.5,195.3,A,DoorSpread,DoorMaster,3.445000,D,S,68021.000000
Thu Jul 17 11:36:17 2025,17-Jul-2025,143618,48 39.648500 N,063 14.559300 W,2.4,195.4,A,DoorSpread,DoorMaster,3.445000,D,S,68021.000000
Thu Jul 17 11:36:20 2025,17-Jul-2025,143619,48 39.647900 N,063 14.559600 W,2.4,195.3,A,Primary,Headline,5.816327,D,P,32729.000000
Thu Jul 17 11:36:20 2025,17-Jul-2025,143620,48 39.647300 N,063 14.559900 W,2.4,195.4,A,Primary,Headline,5.816327,D,P,32729.000000
Thu Jul 17 11:36:20 2025,17-Jul-2025,143621,48 39.646700 N,063 14.560300 W,2.5,195.8,A,Primary,Headline,5.816327,D,P,32729.000000
Thu Jul 17 11:36:22 2025,17-Jul-2025,143622,48 39.646000 N,063 14.560700 W,2.4,196.2,A,DoorSpread,DoorMaster,6.520000,D,S,49011.000000
Thu Jul 17 11:36:24 2025,17-Jul-2025,143623,48 39.645500 N,063 14.561100 W,2.4,196.5,A,Depth,Depth,242.685185,D,P,78602.000000
Thu Jul 17 11:36:25 2025,17-Jul-2025,143624,48 39.644900 N,063 14.561500 W,2.5,196.5,A,Primary,Headline,2.693878,D,S,77297.000000
Thu Jul 17 11:36:25 2025,17-Jul-2025,143625,48 39.644200 N,063 14.561800 W,2.5,196.4,A,Primary,Headline,2.693878,D,S,77297.000000
Thu Jul 17 11:36:25 2025,17-Jul-2025,143626,48 39.643500 N,063 14.562200 W,2.6,196.2,A,Primary,Headline,2.693878,D,S,77297.000000
Thu Jul 17 11:36:28 2025,17-Jul-2025,143627,48 39.643000 N,063 14.562500 W,2.5,196.1,A,DoorSpread,DoorMaster,6.670000,D,S,24412.000000
Thu Jul 17 11:36:28 2025,17-Jul-2025,143628,48 39.642400 N,063 14.562700 W,2.5,196.1,A,DoorSpread,DoorMaster,6.670000,D,S,24412.000000
Thu Jul 17 11:36:28 2025,17-Jul-2025,143629,48 39.641700 N,063 14.563100 W,2.6,196.0,A,DoorSpread,DoorMaster,6.670000,D,S,24412.000000
Thu Jul 17 11:36:30 2025,17-Jul-2025,143630,48 39.641100 N,063 14.563200 W,2.5,195.6,A,Primary,Headline,4.530612,D,S,71679.000000
Thu Jul 17 11:36:32 2025,17-Jul-2025,143631,48 39.640400 N,063 14.563300 W,2.5,195.1,A,Depth,Depth,242.870370,D,S,55049.000000
Thu Jul 17 11:36:32 2025,17-Jul-2025,143632,48 39.639700 N,063 14.563500 W,2.5,194.9,A,Depth,Depth,242.870370,D,S,55049.000000
Thu Jul 17 11:36:34 2025,17-Jul-2025,143633,48 39.639100 N,063 14.563800 W,2.5,194.6,A,DoorSpread,DoorMaster,6.480000,D,P,65969.000000
Thu Jul 17 11:36:34 2025,17-Jul-2025,143634,48 39.638300 N,063 14.564000 W,2.6,193.7,A,DoorSpread,DoorMaster,6.480000,D,P,65969.000000
Thu Jul 17 11:36:35 2025,17-Jul-2025,143635,48 39.637500 N,063 14.564000 W,2.8,192.2,A,Primary,Headline,5.061224,D,S,101126.000000
Thu Jul 17 11:36:35 2025,17-Jul-2025,143636,48 39.636600 N,063 14.564000 W,2.8,191.0,A,Primary,Headline,5.061224,D,S,101126.000000
Thu Jul 17 11:36:35 2025,17-Jul-2025,143637,48 39.635900 N,063 14.564300 W,2.7,190.6,A,Primary,Headline,5.061224,D,S,101126.000000
Thu Jul 17 11:36:35 2025,17-Jul-2025,143638,48 39.635300 N,063 14.564700 W,2.7,190.7,A,Primary,Headline,5.061224,D,S,101126.000000
Thu Jul 17 11:36:39 2025,17-Jul-2025,143639,48 39.634700 N,063 14.565200 W,2.6,191.1,A,Depth,Depth,243.148148,D,S,46439.000000
Thu Jul 17 11:36:40 2025,17-Jul-2025,143640,48 39.634200 N,063 14.565600 W,2.6,191.4,A,Primary,Headline,4.632653,D,S,48820.000000
Thu Jul 17 11:36:40 2025,17-Jul-2025,143641,48 39.633600 N,063 14.566000 W,2.5,191.9,A,Primary,Headline,4.632653,D,S,48820.000000
Thu Jul 17 11:36:40 2025,17-Jul-2025,143642,48 39.632900 N,063 14.566500 W,2.5,192.5,A,Primary,Headline,4.632653,D,S,48820.000000
Thu Jul 17 11:36:40 2025,17-Jul-2025,143643,48 39.632300 N,063 14.567000 W,2.5,193.3,A,Primary,Headline,4.632653,D,S,48820.000000
Thu Jul 17 11:36:45 2025,17-Jul-2025,143644,48 39.631800 N,063 14.567500 W,2.5,193.9,A,DoorSpread,DoorMaster,6.760000,D,S,37159.000000
Thu Jul 17 11:36:46 2025,17-Jul-2025,143645,48 39.631200 N,063 14.567900 W,2.5,194.5,A,Primary,Headline,4.959184,D,S,56693.000000
Thu Jul 17 11:36:46 2025,17-Jul-2025,143646,48 39.630600 N,063 14.568300 W,2.5,194.9,A,Primary,Headline,4.959184,D,S,56693.000000
Thu Jul 17 11:36:47 2025,17-Jul-2025,143647,48 39.629900 N,063 14.568600 W,2.5,195.1,A,Depth,Depth,242.129630,D,S,47777.000000
Thu Jul 17 11:36:47 2025,17-Jul-2025,143648,48 39.629200 N,063 14.569000 W,2.6,195.1,A,Depth,Depth,242.129630,D,S,47777.000000
Thu Jul 17 11:36:47 2025,17-Jul-2025,143649,48 39.628500 N,063 14.569300 W,2.5,195.1,A,Depth,Depth,242.129630,D,S,47777.000000
Thu Jul 17 11:36:51 2025,17-Jul-2025,143650,48 39.627900 N,063 14.569600 W,2.5,195.1,A,Primary,Headline,4.591837,D,P,102501.000000
Thu Jul 17 11:36:51 2025,17-Jul-2025,143651,48 39.627300 N,063 14.569800 W,2.5,195.0,A,Primary,Headline,4.591837,D,P,102501.000000
Thu Jul 17 11:36:51 2025,17-Jul-2025,143652,48 39.626700 N,063 14.570200 W,2.5,195.3,A,Primary,Headline,4.591837,D,P,102501.000000
Thu Jul 17 11:36:51 2025,17-Jul-2025,143653,48 39.626100 N,063 14.570500 W,2.5,195.3,A,Primary,Headline,4.591837,D,P,102501.000000
Thu Jul 17 11:36:51 2025,17-Jul-2025,143654,48 39.625500 N,063 14.570800 W,2.5,195.3,A,Primary,Headline,4.591837,D,P,102501.000000
Thu Jul 17 11:36:56 2025,17-Jul-2025,143655,48 39.624800 N,063 14.571200 W,2.5,195.6,A,DoorSpread,DoorMaster,6.505000,D,P,31241.000000
Thu Jul 17 11:36:56 2025,17-Jul-2025,143656,48 39.624200 N,063 14.571600 W,2.5,195.6,A,DoorSpread,DoorMaster,6.505000,D,P,31241.000000
Thu Jul 17 11:36:56 2025,17-Jul-2025,143657,48 39.623600 N,063 14.571900 W,2.5,195.6,A,DoorSpread,DoorMaster,6.505000,D,P,31241.000000
Thu Jul 17 11:36:56 2025,17-Jul-2025,143658,48 39.623000 N,063 14.572300 W,2.5,195.8,A,DoorSpread,DoorMaster,6.505000,D,P,31241.000000
Thu Jul 17 11:36:56 2025,17-Jul-2025,143659,48 39.622300 N,063 14.572600 W,2.5,195.9,A,DoorSpread,DoorMaster,6.505000,D,P,31241.000000
Thu Jul 17 11:37:01 2025,17-Jul-2025,143700,48 39.621700 N,063 14.572800 W,2.5,195.9,A,Primary,Headline,4.734694,D,S,86268.000000
Thu Jul 17 11:37:02 2025,17-Jul-2025,143701,48 39.621100 N,063 14.573000 W,2.5,196.0,A,DoorSpread,DoorMaster,6.325000,D,S,40329.000000
Thu Jul 17 11:37:03 2025,17-Jul-2025,143702,48 39.620500 N,063 14.573300 W,2.5,196.1,A,Depth,Depth,240.092593,D,P,62130.000000
Thu Jul 17 11:37:03 2025,17-Jul-2025,143703,48 39.619900 N,063 14.573500 W,2.4,196.4,A,Depth,Depth,240.092593,D,P,62130.000000
Thu Jul 17 11:37:03 2025,17-Jul-2025,143704,48 39.619500 N,063 14.573700 W,2.4,196.7,A,Depth,Depth,240.092593,D,P,62130.000000
Thu Jul 17 11:37:06 2025,17-Jul-2025,143705,48 39.619000 N,063 14.574100 W,2.4,196.7,A,Primary,Headline,5.367347,D,P,98668.000000
Thu Jul 17 11:37:07 2025,17-Jul-2025,143706,48 39.618300 N,063 14.574300 W,2.4,196.7,A,DoorSpread,DoorMaster,6.280000,D,S,32631.000000
Thu Jul 17 11:37:07 2025,17-Jul-2025,143707,48 39.617600 N,063 14.574700 W,2.4,196.7,A,DoorSpread,DoorMaster,6.280000,D,S,32631.000000
Thu Jul 17 11:37:07 2025,17-Jul-2025,143708,48 39.617000 N,063 14.574900 W,2.5,196.3,A,DoorSpread,DoorMaster,6.280000,D,S,32631.000000
Thu Jul 17 11:37:07 2025,17-Jul-2025,143709,48 39.616300 N,063 14.575000 W,2.5,196.0,A,DoorSpread,DoorMaster,6.280000,D,S,32631.000000
Thu Jul 17 11:37:11 2025,17-Jul-2025,143710,48 39.615600 N,063 14.575300 W,2.5,195.8,A,Primary,Headline,6.061224,D,P,57787.000000
Thu Jul 17 11:37:11 2025,17-Jul-2025,143711,48 39.614900 N,063 14.575500 W,2.6,195.6,A,Primary,Headline,6.061224,D,P,57787.000000
Thu Jul 17 11:37:13 2025,17-Jul-2025,143712,48 39.614200 N,063 14.575900 W,2.6,195.7,A,DoorSpread,DoorMaster,6.345000,D,S,48025.000000
Thu Jul 17 11:37:13 2025,17-Jul-2025,143713,48 39.613600 N,063 14.576200 W,2.6,195.8,A,DoorSpread,DoorMaster,6.345000,D,S,48025.000000
Thu Jul 17 11:37:13 2025,17-Jul-2025,143714,48 39.612900 N,063 14.576400 W,2.6,195.8,A,DoorSpread,DoorMaster,6.345000,D,S,48025.000000
Thu Jul 17 11:37:16 2025,17-Jul-2025,143715,48 39.612200 N,063 14.576600 W,2.6,195.7,A,Primary,Headline,6.489796,D,P,73336.000000
Thu Jul 17 11:37:16 2025,17-Jul-2025,143716,48 39.611500 N,063 14.576800 W,2.7,195.6,A,Primary,Headline,6.489796,D,P,73336.000000
Thu Jul 17 11:37:16 2025,17-Jul-2025,143717,48 39.610900 N,063 14.577100 W,2.6,195.7,A,Primary,Headline,6.489796,D,P,73336.000000
Thu Jul 17 11:37:18 2025,17-Jul-2025,143718,48 39.610300 N,063 14.577300 W,2.6,195.6,A,DoorSpread,DoorMaster,6.095000,D,P,68431.000000
Thu Jul 17 11:37:18 2025,17-Jul-2025,143719,48 39.609700 N,063 14.577600 W,2.6,195.3,A,DoorSpread,DoorMaster,6.095000,D,P,68431.000000
Thu Jul 17 11:37:21 2025,17-Jul-2025,143720,48 39.609000 N,063 14.577800 W,2.6,195.2,A,Primary,Headline,6.816327,D,S,53970.000000
Thu Jul 17 11:37:21 2025,17-Jul-2025,143721,48 39.608400 N,063 14.578100 W,2.6,195.2,A,Primary,Headline,6.816327,D,S,53970.000000
Thu Jul 17 11:37:21 2025,17-Jul-2025,143722,48 39.607700 N,063 14.578400 W,2.6,195.1,A,Primary,Headline,6.816327,D,S,53970.000000
Thu Jul 17 11:37:24 2025,17-Jul-2025,143723,48 39.607000 N,063 14.578800 W,2.6,195.0,A,DoorSpread,DoorMaster,5.795000,D,S,38670.000000
Thu Jul 17 11:37:24 2025,17-Jul-2025,143724,48 39.606300 N,063 14.579100 W,2.6,194.9,A,DoorSpread,DoorMaster,5.795000,D,S,38670.000000
Thu Jul 17 11:37:26 2025,17-Jul-2025,143725,48 39.605700 N,063 14.579500 W,2.6,194.8,A,Primary,Headline,7.918367,D,P,44291.000000
Thu Jul 17 11:37:26 2025,17-Jul-2025,143726,48 39.605100 N,063 14.579800 W,2.6,195.0,A,Primary,Headline,7.918367,D,P,44291.000000
Thu Jul 17 11:37:26 2025,17-Jul-2025,143727,48 39.604400 N,063 14.580200 W,2.6,195.0,A,Primary,Headline,7.918367,D,P,44291.000000
Thu Jul 17 11:37:26 2025,17-Jul-2025,143728,48 39.603800 N,063 14.580400 W,2.6,195.0,A,Primary,Headline,7.918367,D,P,44291.000000
Thu Jul 17 11:37:30 2025,17-Jul-2025,143729,48 39.603200 N,063 14.580700 W,2.6,195.2,A,DoorSpread,DoorMaster,6.330000,D,P,65255.000000
Thu Jul 17 11:37:30 2025,17-Jul-2025,143730,48 39.602600 N,063 14.581000 W,2.6,195.4,A,DoorSpread,DoorMaster,6.330000,D,P,65255.000000
Thu Jul 17 11:37:32 2025,17-Jul-2025,143731,48 39.602000 N,063 14.581200 W,2.5,195.5,A,Primary,Headline,8.346939,D,S,59174.000000
Thu Jul 17 11:37:32 2025,17-Jul-2025,143732,48 39.601400 N,063 14.581500 W,2.5,195.7,A,Primary,Headline,8.346939,D,S,59174.000000
Thu Jul 17 11:37:32 2025,17-Jul-2025,143733,48 39.600700 N,063 14.581800 W,2.5,195.9,A,Primary,Headline,8.346939,D,S,59174.000000
Thu Jul 17 11:37:35 2025,17-Jul-2025,143734,48 39.599900 N,063 14.582100 W,2.6,195.9,A,DoorSpread,DoorMaster,6.590000,D,S,40791.000000
Thu Jul 17 11:37:35 2025,17-Jul-2025,143735,48 39.599200 N,063 14.582500 W,2.6,195.8,A,DoorSpread,DoorMaster,6.590000,D,S,40791.000000
Thu Jul 17 11:37:37 2025,17-Jul-2025,143736,48 39.598600 N,063 14.582700 W,2.6,195.6,A,Primary,Headline,8.612245,D,S,63439.000000
Thu Jul 17 11:37:37 2025,17-Jul-2025,143737,48 39.597900 N,063 14.583000 W,2.6,195.4,A,Primary,Headline,8.612245,D,S,63439.000000
Thu Jul 17 11:37:37 2025,17-Jul-2025,143738,48 39.597100 N,063 14.583100 W,2.7,195.3,A,Primary,Headline,8.612245,D,S,63439.000000
Thu Jul 17 11:37:37 2025,17-Jul-2025,143739,48 39.596400 N,063 14.583300 W,2.6,195.3,A,Primary,Headline,8.612245,D,S,63439.000000
Thu Jul 17 11:37:41 2025,17-Jul-2025,143740,48 39.595700 N,063 14.583500 W,2.6,195.3,A,DoorSpread,DoorMaster,6.670000,D,P,49039.000000
Thu Jul 17 11:37:42 2025,17-Jul-2025,143741,48 39.595000 N,063 14.583700 W,2.6,195.1,A,Primary,Headline,9.040816,D,P,85403.000000
Thu Jul 17 11:37:42 2025,17-Jul-2025,143742,48 39.594300 N,063 14.583900 W,2.6,194.8,A,Depth,Depth,235.833333,D,P,93963.000000
Thu Jul 17 11:37:42 2025,17-Jul-2025,143743,48 39.593600 N,063 14.584200 W,2.6,194.5,A,Depth,Depth,235.833333,D,P,93963.000000
Thu Jul 17 11:37:42 2025,17-Jul-2025,143744,48 39.592800 N,063 14.584600 W,2.6,194.4,A,Depth,Depth,235.833333,D,P,93963.000000
Thu Jul 17 11:37:42 2025,17-Jul-2025,143745,48 39.592200 N,063 14.584900 W,2.6,194.5,A,Depth,Depth,235.833333,D,P,93963.000000
Thu Jul 17 11:37:47 2025,17-Jul-2025,143746,48 39.591500 N,063 14.585200 W,2.6,194.5,A,Primary,Headline,10.408163,D,S,59063.000000
Thu Jul 17 11:37:47 2025,17-Jul-2025,143747,48 39.590800 N,063 14.585500 W,2.6,194.6,A,Primary,Headline,10.408163,D,S,59063.000000
Thu Jul 17 11:37:47 2025,17-Jul-2025,143748,48 39.590100 N,063 14.585700 W,2.7,194.6,A,Primary,Headline,10.408163,D,S,59063.000000
Thu Jul 17 11:37:50 2025,17-Jul-2025,143749,48 39.589600 N,063 14.586000 W,2.6,195.0,A,Depth,Depth,236.666667,D,P,93449.000000
Thu Jul 17 11:37:50 2025,17-Jul-2025,143750,48 39.589100 N,063 14.586200 W,2.5,195.2,A,Depth,Depth,236.666667,D,P,93449.000000
Thu Jul 17 11:37:52 2025,17-Jul-2025,143751,48 39.588500 N,063 14.586400 W,2.5,195.4,A,DoorSpread,DoorMaster,6.200000,D,P,52929.000000
Thu Jul 17 11:37:52 2025,17-Jul-2025,143752,48 39.587800 N,063 14.586700 W,2.5,195.4,A,Primary,Headline,9.408163,D,S,60442.000000
Thu Jul 17 11:37:52 2025,17-Jul-2025,143753,48 39.587300 N,063 14.586800 W,2.5,195.2,A,Primary,Headline,9.408163,D,S,60442.000000
Thu Jul 17 11:37:52 2025,17-Jul-2025,143754,48 39.586700 N,063 14.586900 W,2.5,194.9,A,Primary,Headline,9.408163,D,S,60442.000000
Thu Jul 17 11:37:52 2025,17-Jul-2025,143755,48 39.585900 N,063 14.587100 W,2.6,194.6,A,Primary,Headline,9.408163,D,S,60442.000000
Thu Jul 17 11:37:57 2025,17-Jul-2025,143756,48 39.585200 N,063 14.587300 W,2.6,194.3,A,Primary,Headline,10.938776,D,S,75723.000000
Thu Jul 17 11:37:58 2025,17-Jul-2025,143757,48 39.584500 N,063 14.587600 W,2.6,194.2,A,Depth,Depth,237.500000,D,P,62143.000000
Thu Jul 17 11:37:58 2025,17-Jul-2025,143758,48 39.583800 N,063 14.587900 W,2.6,194.2,A,Depth,Depth,237.500000,D,P,62143.000000
Thu Jul 17 11:37:58 2025,17-Jul-2025,143759,48 39.583100 N,063 14.588100 W,2.6,194.0,A,Depth,Depth,237.500000,D,P,62143.000000
Thu Jul 17 11:37:58 2025,17-Jul-2025,143800,48 39.582300 N,063 14.588300 W,2.6,193.8,A,Depth,Depth,237.500000,D,P,62143.000000
Thu Jul 17 11:37:58 2025,17-Jul-2025,143801,48 39.581600 N,063 14.588600 W,2.7,193.9,A,Depth,Depth,237.500000,D,P,62143.000000
Thu Jul 17 11:38:03 2025,17-Jul-2025,143802,48 39.580800 N,063 14.588900 W,2.6,193.9,A,DoorSpread,DoorMaster,6.250000,D,S,32650.000000
Thu Jul 17 11:38:03 2025,17-Jul-2025,143803,48 39.580200 N,063 14.589200 W,2.6,193.9,A,DoorSpread,DoorMaster,6.250000,D,S,32650.000000
Thu Jul 17 11:38:03 2025,17-Jul-2025,143804,48 39.579600 N,063 14.589500 W,2.5,194.1,A,DoorSpread,DoorMaster,6.250000,D,S,32650.000000
Thu Jul 17 11:38:06 2025,17-Jul-2025,143805,48 39.579100 N,063 14.589700 W,2.5,194.3,A,Depth,Depth,233.240741,D,S,55977.000000
Thu Jul 17 11:38:06 2025,17-Jul-2025,143806,48 39.578400 N,063 14.590000 W,2.5,194.3,A,Depth,Depth,233.240741,D,S,55977.000000
Thu Jul 17 11:38:08 2025,17-Jul-2025,143807,48 39.577800 N,063 14.590100 W,2.5,194.3,A,Primary,Headline,11.816327,D,S,54555.000000
Thu Jul 17 11:38:09 2025,17-Jul-2025,143808,48 39.577000 N,063 14.590300 W,2.6,193.9,A,DoorSpread,DoorMaster,6.255000,D,P,82282.000000
Thu Jul 17 11:38:09 2025,17-Jul-2025,143809,48 39.576200 N,063 14.590500 W,2.7,193.7,A,DoorSpread,DoorMaster,6.255000,D,P,82282.000000
Thu Jul 17 11:38:09 2025,17-Jul-2025,143810,48 39.575500 N,063 14.590800 W,2.6,193.7,A,DoorSpread,DoorMaster,6.255000,D,P,82282.000000
Thu Jul 17 11:38:09 2025,17-Jul-2025,143811,48 39.574900 N,063 14.591100 W,2.6,193.8,A,DoorSpread,DoorMaster,6.255000,D,P,82282.000000
Thu Jul 17 11:38:13 2025,17-Jul-2025,143812,48 39.574300 N,063 14.591500 W,2.6,193.8,A,Primary,Headline,12.734694,D,P,96130.000000
Thu Jul 17 11:38:14 2025,17-Jul-2025,143813,48 39.573700 N,063 14.591800 W,2.6,193.6,A,Depth,Depth,233.611111,D,S,38021.000000
Thu Jul 17 11:38:14 2025,17-Jul-2025,143814,48 39.573000 N,063 14.592100 W,2.6,193.8,A,DoorSpread,DoorMaster,6.360000,D,P,61089.000000
Thu Jul 17 11:38:14 2025,17-Jul-2025,143815,48 39.572300 N,063 14.592500 W,2.5,194.2,A,DoorSpread,DoorMaster,6.360000,D,P,61089.000000
Thu Jul 17 11:38:14 2025,17-Jul-2025,143816,48 39.571700 N,063 14.592900 W,2.5,194.5,A,DoorSpread,DoorMaster,6.360000,D,P,61089.000000
Thu Jul 17 11:38:18 2025,17-Jul-2025,143817,48 39.571000 N,063 14.593200 W,2.5,194.8,A,Primary,Headline,13.448980,D,S,41172.000000
Thu Jul 17 11:38:18 2025,17-Jul-2025,143818,48 39.570400 N,063 14.593600 W,2.5,195.0,A,Primary,Headline,13.448980,D,S,41172.000000
Thu Jul 17 11:38:20 2025,17-Jul-2025,143819,48 39.569600 N,063 14.593800 W,2.5,195.3,A,DoorSpread,DoorMaster,6.090000,D,S,49408.000000
Thu Jul 17 11:38:20 2025,17-Jul-2025,143820,48 39.569000 N,063 14.594000 W,2.5,195.7,A,DoorSpread,DoorMaster,6.090000,D,S,49408.000000
Thu Jul 17 11:38:22 2025,17-Jul-2025,143821,48 39.568300 N,063 14.594300 W,2.5,195.9,A,Depth,Depth,230.925926,D,P,80052.000000
Thu Jul 17 11:38:23 2025,17-Jul-2025,143822,48 39.567700 N,063 14.594700 W,2.5,196.2,A,Primary,Headline,13.979592,D,S,45553.000000
Thu Jul 17 11:38:23 2025,17-Jul-2025,143823,48 39.567100 N,063 14.594900 W,2.5,196.7,A,Primary,Headline,13.979592,D,S,45553.000000
Thu Jul 17 11:38:23 2025,17-Jul-2025,143824,48 39.566500 N,063 14.595200 W,2.5,197.0,A,Primary,Headline,13.979592,D,S,45553.000000
Thu Jul 17 11:38:26 2025,17-Jul-2025,143825,48 39.565700 N,063 14.595500 W,2.6,196.9,A,DoorSpread,DoorMaster,6.010000,D,S,27663.000000
Thu Jul 17 11:38:26 2025,17-Jul-2025,143826,48 39.565000 N,063 14.596000 W,2.6,197.2,A,DoorSpread,DoorMaster,6.010000,D,S,27663.000000
Thu Jul 17 11:38:26 2025,17-Jul-2025,143827,48 39.564300 N,063 14.596300 W,2.6,197.5,A,DoorSpread,DoorMaster,6.010000,D,S,27663.000000
Thu Jul 17 11:38:29 2025,17-Jul-2025,143828,48 39.563700 N,063 14.596700 W,2.5,198.0,A,Primary,Headline,14.693878,D,S,51978.000000
Thu Jul 17 11:38:30 2025,17-Jul-2025,143829,48 39.563000 N,063 14.597100 W,2.6,198.6,A,Depth,Depth,230.925926,D,S,37739.000000
Thu Jul 17 11:38:31 2025,17-Jul-2025,143830,48 39.562200 N,063 14.597500 W,2.7,198.5,A,DoorSpread,DoorMaster,6.010000,D,P,63252.000000
Thu Jul 17 11:38:31 2025,17-Jul-2025,143831,48 39.561400 N,063 14.597800 W,2.7,198.4,A,DoorSpread,DoorMaster,6.010000,D,P,63252.000000
Thu Jul 17 11:38:31 2025,17-Jul-2025,143832,48 39.560700 N,063 14.598200 W,2.6,198.3,A,DoorSpread,DoorMaster,6.010000,D,P,63252.000000
Thu Jul 17 11:38:34 2025,17-Jul-2025,143833,48 39.560100 N,063 14.598500 W,2.6,198.1,A,Primary,Headline,15.326531,D,S,41152.000000
Thu Jul 17 11:38:34 2025,17-Jul-2025,143834,48 39.559400 N,063 14.598800 W,2.6,197.8,A,Primary,Headline,15.326531,D,S,41152.000000
Thu Jul 17 11:38:34 2025,17-Jul-2025,143835,48 39.558800 N,063 14.599100 W,2.6,197.6,A,Primary,Headline,15.326531,D,S,41152.000000
Thu Jul 17 11:38:37 2025,17-Jul-2025,143836,48 39.558000 N,063 14.599400 W,2.6,197.3,A,Depth,Depth,227.500000,D,S,43480.000000
Thu Jul 17 11:38:37 2025,17-Jul-2025,143837,48 39.557300 N,063 14.599600 W,2.6,196.9,A,Depth,Depth,227.500000,D,S,43480.000000
Thu Jul 17 11:38:39 2025,17-Jul-2025,143838,48 39.556600 N,063 14.599900 W,2.6,196.7,A,Primary,Headline,17.040816,D,S,63151.000000
Thu Jul 17 11:38:39 2025,17-Jul-2025,143839,48 39.555800 N,063 14.600200 W,2.6,196.5,A,Primary,Headline,17.040816,D,S,63151.000000
Thu Jul 17 11:38:39 2025,17-Jul-2025,143840,48 39.555000 N,063 14.600300 W,2.6,195.9,A,Primary,Headline,17.040816,D,S,63151.000000
Thu Jul 17 11:38:42 2025,17-Jul-2025,143841,48 39.554100 N,063 14.600300 W,2.7,194.6,A,DoorSpread,DoorMaster,5.890000,D,S,30257.000000
Thu Jul 17 11:38:42 2025,17-Jul-2025,143842,48 39.553200 N,063 14.600400 W,2.8,193.6,A,DoorSpread,DoorMaster,5.890000,D,S,30257.000000
Thu Jul 17 11:38:44 2025,17-Jul-2025,143843,48 39.552500 N,063 14.600700 W,2.7,193.0,A,Primary,Headline,16.102041,D,S,57368.000000
Thu Jul 17 11:38:45 2025,17-Jul-2025,143844,48 39.551800 N,063 14.601000 W,2.7,192.5,A,Depth,Depth,227.500000,D,P,114222.000000
Thu Jul 17 11:38:45 2025,17-Jul-2025,143845,48 39.551100 N,063 14.601400 W,2.7,192.5,A,Depth,Depth,227.500000,D,P,114222.000000
Thu Jul 17 11:38:45 2025,17-Jul-2025,143846,48 39.550500 N,063 14.601800 W,2.7,192.4,A,Depth,Depth,227.500000,D,P,114222.000000
Thu Jul 17 11:38:48 2025,17-Jul-2025,143847,48 39.549900 N,063 14.601900 W,2.7,192.3,A,DoorSpread,DoorMaster,6.190000,D,S,34176.000000
Thu Jul 17 11:38:48 2025,17-Jul-2025,143848,48 39.549300 N,063 14.602100 W,2.7,192.2,A,DoorSpread,DoorMaster,6.190000,D,S,34176.000000
Thu Jul 17 11:38:50 2025,17-Jul-2025,143849,48 39.548800 N,063 14.602300 W,2.7,192.3,A,Primary,Headline,17.102041,D,S,55557.000000
Thu Jul 17 11:38:50 2025,17-Jul-2025,143850,48 39.548200 N,063 14.602600 W,2.6,192.5,A,Primary,Headline,17.102041,D,S,55557.000000
Thu Jul 17 11:38:50 2025,17-Jul-2025,143851,48 39.547700 N,063 14.603000 W,2.6,193.0,A,Primary,Headline,17.102041,D,S,55557.000000
Thu Jul 17 11:38:53 2025,17-Jul-2025,143852,48 39.547100 N,063 14.603400 W,2.6,193.5,A,Depth,Depth,226.481481,D,P,85741.000000
Thu Jul 17 11:38:53 2025,17-Jul-2025,143853,48 39.546500 N,063 14.603700 W,2.6,193.9,A,DoorSpread,DoorMaster,6.100000,D,P,86326.000000
Thu Jul 17 11:38:55 2025,17-Jul-2025,143854,48 39.545900 N,063 14.604000 W,2.6,194.2,A,Primary,Headline,17.836735,D,S,47255.000000
Thu Jul 17 11:38:55 2025,17-Jul-2025,143855,48 39.545200 N,063 14.604200 W,2.6,194.4,A,Primary,Headline,17.836735,D,S,47255.000000
Thu Jul 17 11:38:55 2025,17-Jul-2025,143856,48 39.544500 N,063 14.604300 W,2.6,194.5,A,Primary,Headline,17.836735,D,S,47255.000000
Thu Jul 17 11:38:55 2025,17-Jul-2025,143857,48 39.543900 N,063 14.604700 W,2.6,194.5,A,Primary,Headline,17.836735,D,S,47255.000000
Thu Jul 17 11:38:59 2025,17-Jul-2025,143858,48 39.543300 N,063 14.605000 W,2.6,194.6,A,DoorSpread,DoorMaster,6.020000,D,P,68040.000000
Thu Jul 17 11:39:00 2025,17-Jul-2025,143859,48 39.542700 N,063 14.605300 W,2.6,194.7,A,Primary,Headline,18.428571,D,P,65797.000000
Thu Jul 17 11:39:01 2025,17-Jul-2025,143900,48 39.542100 N,063 14.605600 W,2.6,195.1,A,Depth,Depth,230.555556,D,S,38600.000000
Thu Jul 17 11:39:01 2025,17-Jul-2025,143901,48 39.541500 N,063 14.606000 W,2.6,195.6,A,Depth,Depth,230.555556,D,S,38600.000000
Thu Jul 17 11:39:01 2025,17-Jul-2025,143902,48 39.541000 N,063 14.606300 W,2.6,195.9,A,Depth,Depth,230.555556,D,S,38600.000000
Thu Jul 17 11:39:01 2025,17-Jul-2025,143903,48 39.540300 N,063 14.606500 W,2.6,195.8,A,Depth,Depth,230.555556,D,S,38600.000000
Thu Jul 17 11:39:05 2025,17-Jul-2025,143904,48 39.539600 N,063 14.606700 W,2.6,195.8,A,DoorSpread,DoorMaster,5.835000,D,S,28876.000000
Thu Jul 17 11:39:06 2025,17-Jul-2025,143905,48 39.538900 N,063 14.607100 W,2.6,195.8,A,Primary,Headline,17.693878,D,S,49548.000000
Thu Jul 17 11:39:06 2025,17-Jul-2025,143906,48 39.538200 N,063 14.607500 W,2.6,196.1,A,Primary,Headline,17.693878,D,S,49548.000000
Thu Jul 17 11:39:06 2025,17-Jul-2025,143907,48 39.537400 N,063 14.608000 W,2.6,196.2,A,Primary,Headline,17.693878,D,S,49548.000000
Thu Jul 17 11:39:09 2025,17-Jul-2025,143908,48 39.536600 N,063 14.608400 W,2.6,196.4,A,Depth,Depth,217.962963,D,P,89853.000000
Thu Jul 17 11:39:10 2025,17-Jul-2025,143909,48 39.535800 N,063 14.609000 W,2.6,196.9,A,DoorSpread,DoorMaster,5.945000,D,S,63879.000000
Thu Jul 17 11:39:11 2025,17-Jul-2025,143910,48 39.535000 N,063 14.609500 W,2.7,196.6,A,Primary,Headline,19.795918,D,P,53766.000000
Thu Jul 17 11:39:11 2025,17-Jul-2025,143911,48 39.534200 N,063 14.609800 W,2.6,196.5,A,Primary,Headline,19.795918,D,P,53766.000000
Thu Jul 17 11:39:11 2025,17-Jul-2025,143912,48 39.533600 N,063 14.610400 W,2.6,197.0,A,Primary,Headline,19.795918,D,P,53766.000000
Thu Jul 17 11:39:11 2025,17-Jul-2025,143913,48 39.533000 N,063 14.610900 W,2.6,197.6,A,Primary,Headline,19.795918,D,P,53766.000000
Thu Jul 17 11:39:11 2025,17-Jul-2025,143914,48 39.532300 N,063 14.611300 W,2.5,197.8,A,Primary,Headline,19.795918,D,P,53766.000000
Thu Jul 17 11:39:16 2025,17-Jul-2025,143915,48 39.531700 N,063 14.611700 W,2.5,198.1,A,Primary,Headline,20.938776,D,P,76289.000000
Thu Jul 17 11:39:16 2025,17-Jul-2025,143916,48 39.531000 N,063 14.612100 W,2.5,198.4,A,Depth,Depth,220.833333,D,P,76801.000000
Thu Jul 17 11:39:16 2025,17-Jul-2025,143917,48 39.530300 N,063 14.612600 W,2.5,198.4,A,Depth,Depth,220.833333,D,P,76801.000000
Thu Jul 17 11:39:16 2025,17-Jul-2025,143918,48 39.529700 N,063 14.613000 W,2.6,198.3,A,Depth,Depth,220.833333,D,P,76801.000000
Thu Jul 17 11:39:16 2025,17-Jul-2025,143919,48 39.529000 N,063 14.613400 W,2.5,198.3,A,Depth,Depth,220.833333,D,P,76801.000000
Thu Jul 17 11:39:21 2025,17-Jul-2025,143920,48 39.528300 N,063 14.613800 W,2.5,198.1,A,DoorSpread,DoorMaster,6.055000,D,P,85290.000000
Thu Jul 17 11:39:22 2025,17-Jul-2025,143921,48 39.527600 N,063 14.614200 W,2.5,197.7,A,Primary,Headline,21.469388,D,S,58756.000000
Thu Jul 17 11:39:22 2025,17-Jul-2025,143922,48 39.526900 N,063 14.614500 W,2.6,197.5,A,Primary,Headline,21.469388,D,S,58756.000000
Thu Jul 17 11:39:24 2025,17-Jul-2025,143923,48 39.526200 N,063 14.614900 W,2.6,197.6,A,Depth,Depth,219.537037,D,S,29041.000000
Thu Jul 17 11:39:24 2025,17-Jul-2025,143924,48 39.525400 N,063 14.615100 W,2.6,197.4,A,Depth,Depth,219.537037,D,S,29041.000000
Thu Jul 17 11:39:24 2025,17-Jul-2025,143925,48 39.524600 N,063 14.615300 W,2.6,197.1,A,Depth,Depth,219.537037,D,S,29041.000000
Thu Jul 17 11:39:27 2025,17-Jul-2025,143926,48 39.523900 N,063 14.615600 W,2.6,197.0,A,Primary,Headline,24.183673,D,S,42703.000000
Thu Jul 17 11:39:27 2025,17-Jul-2025,143927,48 39.523100 N,063 14.615800 W,2.6,196.6,A,Primary,Headline,24.183673,D,S,42703.000000
Thu Jul 17 11:39:27 2025,17-Jul-2025,143928,48 39.522300 N,063 14.616000 W,2.6,196.2,A,Primary,Headline,24.183673,D,S,42703.000000
Thu Jul 17 11:39:27 2025,17-Jul-2025,143929,48 39.521500 N,063 14.616100 W,2.7,195.9,A,Primary,Headline,24.183673,D,S,42703.000000
Thu Jul 17 11:39:27 2025,17-Jul-2025,143930,48 39.520900 N,063 14.616300 W,2.6,195.8,A,Primary,Headline,24.183673,D,S,42703.000000
Thu Jul 17 11:39:32 2025,17-Jul-2025,143931,48 39.520200 N,063 14.616600 W,2.6,195.8,A,Depth,Depth,213.796296,D,P,64459.000000
Thu Jul 17 11:39:32 2025,17-Jul-2025,143932,48 39.519700 N,063 14.617000 W,2.6,195.8,A,Primary,Headline,25.836735,D,S,39900.000000
Thu Jul 17 11:39:32 2025,17-Jul-2025,143933,48 39.519100 N,063 14.617300 W,2.6,195.8,A,Primary,Headline,25.836735,D,S,39900.000000
Thu Jul 17 11:39:32 2025,17-Jul-2025,143934,48 39.518500 N,063 14.617600 W,2.6,196.2,A,Primary,Headline,25.836735,D,S,39900.000000
Thu Jul 17 11:39:32 2025,17-Jul-2025,143935,48 39.517900 N,063 14.618000 W,2.5,196.7,A,Primary,Headline,25.836735,D,S,39900.000000
Thu Jul 17 11:39:32 2025,17-Jul-2025,143936,48 39.517200 N,063 14.618400 W,2.6,196.8,A,Primary,Headline,25.836735,D,S,39900.000000
Thu Jul 17 11:39:38 2025,17-Jul-2025,143937,48 39.516400 N,063 14.618600 W,2.7,196.4,A,Primary,Headline,26.714286,D,S,42243.000000
Thu Jul 17 11:39:38 2025,17-Jul-2025,143938,48 39.515600 N,063 14.618600 W,2.6,196.2,A,Primary,Headline,26.714286,D,S,42243.000000
Thu Jul 17 11:39:40 2025,17-Jul-2025,143939,48 39.514900 N,063 14.618800 W,2.6,196.1,A,Depth,Depth,214.351852,D,S,34390.000000
Thu Jul 17 11:39:40 2025,17-Jul-2025,143940,48 39.514300 N,063 14.618900 W,2.6,195.9,A,Depth,Depth,214.351852,D,S,34390.000000
Thu Jul 17 11:39:40 2025,17-Jul-2025,143941,48 39.513600 N,063 14.619300 W,2.6,196.0,A,Depth,Depth,214.351852,D,S,34390.000000
Thu Jul 17 11:39:43 2025,17-Jul-2025,143942,48 39.512900 N,063 14.619700 W,2.6,196.2,A,Primary,Headline,26.836735,D,S,37790.000000
Thu Jul 17 11:39:44 2025,17-Jul-2025,143943,48 39.512200 N,063 14.620000 W,2.6,196.3,A,DoorSpread,DoorMaster,6.205000,D,P,128659.000000
Thu Jul 17 11:39:44 2025,17-Jul-2025,143944,48 39.511500 N,063 14.620300 W,2.6,196.3,A,DoorSpread,DoorMaster,6.205000,D,P,128659.000000
Thu Jul 17 11:39:44 2025,17-Jul-2025,143945,48 39.510800 N,063 14.620500 W,2.6,196.4,A,DoorSpread,DoorMaster,6.205000,D,P,128659.000000
Thu Jul 17 11:39:44 2025,17-Jul-2025,143946,48 39.510100 N,063 14.620900 W,2.7,196.6,A,DoorSpread,DoorMaster,6.205000,D,P,128659.000000
Thu Jul 17 11:39:48 2025,17-Jul-2025,143947,48 39.509400 N,063 14.621200 W,2.6,196.6,A,Depth,Depth,217.129630,D,S,43788.000000
Thu Jul 17 11:39:49 2025,17-Jul-2025,143948,48 39.508700 N,063 14.621400 W,2.6,196.2,A,DoorSpread,DoorMaster,6.200000,D,S,37765.000000
Thu Jul 17 11:39:49 2025,17-Jul-2025,143949,48 39.508100 N,063 14.621600 W,2.7,195.8,A,DoorSpread,DoorMaster,6.200000,D,S,37765.000000
Thu Jul 17 11:39:49 2025,17-Jul-2025,143950,48 39.507400 N,063 14.622000 W,2.7,195.9,A,DoorSpread,DoorMaster,6.200000,D,S,37765.000000
Thu Jul 17 11:39:49 2025,17-Jul-2025,143951,48 39.506800 N,063 14.622400 W,2.7,196.0,A,DoorSpread,DoorMaster,6.200000,D,S,37765.000000
Thu Jul 17 11:39:49 2025,17-Jul-2025,143952,48 39.506100 N,063 14.622600 W,2.6,195.8,A,DoorSpread,DoorMaster,6.200000,D,S,37765.000000
Thu Jul 17 11:39:54 2025,17-Jul-2025,143953,48 39.505500 N,063 14.622800 W,2.7,195.5,A,Primary,Headline,27.530612,D,S,55456.000000
Thu Jul 17 11:39:55 2025,17-Jul-2025,143954,48 39.504800 N,063 14.623100 W,2.7,195.5,A,Depth,Depth,209.444444,D,P,112874.000000
Thu Jul 17 11:39:55 2025,17-Jul-2025,143955,48 39.504100 N,063 14.623400 W,2.6,195.5,A,Depth,Depth,209.444444,D,P,112874.000000
Thu Jul 17 11:39:55 2025,17-Jul-2025,143956,48 39.503400 N,063 14.623800 W,2.6,195.5,A,Depth,Depth,209.444444,D,P,112874.000000
Thu Jul 17 11:39:55 2025,17-Jul-2025,143957,48 39.502700 N,063 14.624300 W,2.6,195.5,A,Depth,Depth,209.444444,D,P,112874.000000
Thu Jul 17 11:39:55 2025,17-Jul-2025,143958,48 39.501900 N,063 14.624800 W,2.7,195.6,A,Depth,Depth,209.444444,D,P,112874.000000
Thu Jul 17 11:40:00 2025,17-Jul-2025,143959,48 39.501200 N,063 14.625300 W,2.6,195.5,A,DoorSpread,DoorMaster,6.010000,D,P,83392.000000
Thu Jul 17 11:40:00 2025,17-Jul-2025,144000,48 39.500700 N,063 14.625800 W,2.5,195.8,A,DoorSpread,DoorMaster,6.010000,D,P,83392.000000
Thu Jul 17 11:40:00 2025,17-Jul-2025,144001,48 39.500100 N,063 14.626200 W,2.5,196.2,A,DoorSpread,DoorMaster,6.010000,D,P,83392.000000
Thu Jul 17 11:40:03 2025,17-Jul-2025,144002,48 39.499500 N,063 14.626400 W,2.5,196.3,A,Depth,Depth,207.592593,D,S,32108.000000
Thu Jul 17 11:40:03 2025,17-Jul-2025,144003,48 39.498700 N,063 14.626600 W,2.6,196.3,A,Depth,Depth,207.592593,D,S,32108.000000
Thu Jul 17 11:40:05 2025,17-Jul-2025,144004,48 39.498000 N,063 14.626700 W,2.6,196.2,A,Primary,Headline,30.265306,D,P,101324.000000
Thu Jul 17 11:40:06 2025,17-Jul-2025,144005,48 39.497300 N,063 14.626800 W,2.6,196.0,A,DoorSpread,DoorMaster,5.990000,D,S,33900.000000
Thu Jul 17 11:40:06 2025,17-Jul-2025,144006,48 39.496600 N,063 14.626800 W,2.6,195.8,A,DoorSpread,DoorMaster,5.990000,D,S,33900.000000
Thu Jul 17 11:40:06 2025,17-Jul-2025,144007,48 39.496000 N,063 14.626900 W,2.6,195.5,A,DoorSpread,DoorMaster,5.990000,D,S,33900.000000
Thu Jul 17 11:40:06 2025,17-Jul-2025,144008,48 39.495300 N,063 14.627000 W,2.6,195.4,A,DoorSpread,DoorMaster,5.990000,D,S,33900.000000
Thu Jul 17 11:40:06 2025,17-Jul-2025,144009,48 39.494700 N,063 14.627200 W,2.5,195.4,A,DoorSpread,DoorMaster,5.990000,D,S,33900.000000
Thu Jul 17 11:40:11 2025,17-Jul-2025,144010,48 39.494000 N,063 14.627400 W,2.5,195.5,A,Primary,Headline,54.510204,D,S,57093.000000
Thu Jul 17 11:40:11 2025,17-Jul-2025,144011,48 39.493400 N,063 14.627800 W,2.5,195.7,A,DoorSpread,DoorMaster,6.060000,D,S,36690.000000
Thu Jul 17 11:40:11 2025,17-Jul-2025,144012,48 39.492700 N,063 14.628100 W,2.5,195.7,A,DoorSpread,DoorMaster,6.060000,D,S,36690.000000
Thu Jul 17 11:40:11 2025,17-Jul-2025,144013,48 39.492000 N,063 14.628400 W,2.5,195.6,A,DoorSpread,DoorMaster,6.060000,D,S,36690.000000
Thu Jul 17 11:40:11 2025,17-Jul-2025,144014,48 39.491400 N,063 14.628700 W,2.6,195.5,A,DoorSpread,DoorMaster,6.060000,D,S,36690.000000
Thu Jul 17 11:40:16 2025,17-Jul-2025,144015,48 39.490800 N,063 14.629000 W,2.6,195.6,A,Primary,Headline,3.571429,D,P,100967.000000
Thu Jul 17 11:40:17 2025,17-Jul-2025,144016,48 39.490200 N,063 14.629300 W,2.6,195.7,A,DoorSpread,DoorMaster,6.040000,D,P,108954.000000
Thu Jul 17 11:40:17 2025,17-Jul-2025,144017,48 39.489600 N,063 14.629600 W,2.5,195.7,A,DoorSpread,DoorMaster,6.040000,D,P,108954.000000
Thu Jul 17 11:40:19 2025,17-Jul-2025,144018,48 39.489100 N,063 14.630000 W,2.5,195.9,A,Depth,Depth,204.259259,D,P,93846.000000
Thu Jul 17 11:40:19 2025,17-Jul-2025,144019,48 39.488500 N,063 14.630400 W,2.5,196.1,A,Depth,Depth,204.259259,D,P,93846.000000
Thu Jul 17 11:40:19 2025,17-Jul-2025,144020,48 39.488000 N,063 14.630800 W,2.4,196.2,A,Depth,Depth,204.259259,D,P,93846.000000
Thu Jul 17 11:40:22 2025,17-Jul-2025,144021,48 39.487400 N,063 14.631000 W,2.5,195.6,A,Primary,Headline,37.020408,D,P,143157.000000
Thu Jul 17 11:40:23 2025,17-Jul-2025,144022,48 39.486600 N,063 14.631100 W,2.6,194.5,A,DoorSpread,DoorMaster,5.905000,D,S,50455.000000
Thu Jul 17 11:40:23 2025,17-Jul-2025,144023,48 39.485800 N,063 14.631300 W,2.6,194.1,A,DoorSpread,DoorMaster,5.905000,D,S,50455.000000
Thu Jul 17 11:40:23 2025,17-Jul-2025,144024,48 39.485200 N,063 14.631600 W,2.5,194.1,A,DoorSpread,DoorMaster,5.905000,D,S,50455.000000
Thu Jul 17 11:40:26 2025,17-Jul-2025,144025,48 39.484600 N,063 14.632000 W,2.5,194.2,A,Depth,Depth,206.481481,D,S,28723.000000
Thu Jul 17 11:40:27 2025,17-Jul-2025,144026,48 39.483900 N,063 14.632200 W,2.5,194.5,A,Primary,Headline,38.061224,D,S,92004.000000
Thu Jul 17 11:40:28 2025,17-Jul-2025,144027,48 39.483100 N,063 14.632600 W,2.6,194.9,A,DoorSpread,DoorMaster,5.955000,D,S,52092.000000
Thu Jul 17 11:40:28 2025,17-Jul-2025,144028,48 39.482400 N,063 14.632800 W,2.5,195.0,A,DoorSpread,DoorMaster,5.955000,D,S,52092.000000
Thu Jul 17 11:40:28 2025,17-Jul-2025,144029,48 39.481700 N,063 14.633100 W,2.5,195.1,A,DoorSpread,DoorMaster,5.955000,D,S,52092.000000
Thu Jul 17 11:40:28 2025,17-Jul-2025,144030,48 39.481000 N,063 14.633500 W,2.6,195.0,A,DoorSpread,DoorMaster,5.955000,D,S,52092.000000
Thu Jul 17 11:40:28 2025,17-Jul-2025,144031,48 39.480300 N,063 14.633800 W,2.6,195.1,A,DoorSpread,DoorMaster,5.955000,D,S,52092.000000
Thu Jul 17 11:40:33 2025,17-Jul-2025,144032,48 39.479600 N,063 14.634100 W,2.5,195.2,A,Primary,Headline,40.816327,D,S,50007.000000
Thu Jul 17 11:40:34 2025,17-Jul-2025,144033,48 39.479000 N,063 14.634400 W,2.5,194.9,A,Depth,Depth,197.407407,D,P,69177.000000
Thu Jul 17 11:40:34 2025,17-Jul-2025,144034,48 39.478300 N,063 14.634600 W,2.6,194.6,A,Depth,Depth,197.407407,D,P,69177.000000
Thu Jul 17 11:40:34 2025,17-Jul-2025,144035,48 39.477400 N,063 14.635000 W,2.7,194.5,A,Depth,Depth,197.407407,D,P,69177.000000
Thu Jul 17 11:40:34 2025,17-Jul-2025,144036,48 39.476700 N,063 14.635300 W,2.7,194.4,A,Depth,Depth,197.407407,D,P,69177.000000
Thu Jul 17 11:40:34 2025,17-Jul-2025,144037,48 39.476000 N,063 14.635600 W,2.7,194.3,A,Depth,Depth,197.407407,D,P,69177.000000
Thu Jul 17 11:40:39 2025,17-Jul-2025,144038,48 39.475300 N,063 14.635900 W,2.7,194.1,A,DoorSpread,DoorMaster,5.800000,D,P,85617.000000
Thu Jul 17 11:40:39 2025,17-Jul-2025,144039,48 39.474600 N,063 14.636100 W,2.7,194.0,A,DoorSpread,DoorMaster,5.800000,D,P,85617.000000
Thu Jul 17 11:40:39 2025,17-Jul-2025,144040,48 39.473800 N,063 14.636300 W,2.7,194.0,A,DoorSpread,DoorMaster,5.800000,D,P,85617.000000
Thu Jul 17 11:40:42 2025,17-Jul-2025,144041,48 39.473100 N,063 14.636400 W,2.8,193.8,A,Depth,Depth,197.129630,D,P,96894.000000
Thu Jul 17 11:40:42 2025,17-Jul-2025,144042,48 39.472500 N,063 14.636500 W,2.7,193.7,A,Depth,Depth,197.129630,D,P,96894.000000
Thu Jul 17 11:40:44 2025,17-Jul-2025,144043,48 39.471800 N,063 14.636700 W,2.7,193.7,A,Primary,Headline,43.102041,D,S,48411.000000
Thu Jul 17 11:40:45 2025,17-Jul-2025,144044,48 39.471200 N,063 14.636900 W,2.7,193.6,A,DoorSpread,DoorMaster,6.020000,D,S,79907.000000
Thu Jul 17 11:40:45 2025,17-Jul-2025,144045,48 39.470500 N,063 14.637100 W,2.7,193.4,A,DoorSpread,DoorMaster,6.020000,D,S,79907.000000
Thu Jul 17 11:40:45 2025,17-Jul-2025,144046,48 39.469800 N,063 14.637300 W,2.7,193.4,A,DoorSpread,DoorMaster,6.020000,D,S,79907.000000
Thu Jul 17 11:40:45 2025,17-Jul-2025,144047,48 39.469200 N,063 14.637700 W,2.6,193.9,A,DoorSpread,DoorMaster,6.020000,D,S,79907.000000
Thu Jul 17 11:40:45 2025,17-Jul-2025,144048,48 39.468500 N,063 14.638000 W,2.6,194.1,A,DoorSpread,DoorMaster,6.020000,D,S,79907.000000
Thu Jul 17 11:40:50 2025,17-Jul-2025,144049,48 39.468000 N,063 14.638200 W,2.6,194.2,A,Primary,Headline,49.714286,D,S,40607.000000
Thu Jul 17 11:40:50 2025,17-Jul-2025,144050,48 39.467400 N,063 14.638500 W,2.5,194.8,A,DoorSpread,DoorMaster,5.875000,D,S,35345.000000
Thu Jul 17 11:40:50 2025,17-Jul-2025,144051,48 39.467000 N,063 14.639000 W,2.5,195.5,A,DoorSpread,DoorMaster,5.875000,D,S,35345.000000
Thu Jul 17 11:40:50 2025,17-Jul-2025,144052,48 39.466300 N,063 14.639300 W,2.5,196.0,A,DoorSpread,DoorMaster,5.875000,D,S,35345.000000
Thu Jul 17 11:40:50 2025,17-Jul-2025,144053,48 39.465700 N,063 14.639600 W,2.5,196.4,A,DoorSpread,DoorMaster,5.875000,D,S,35345.000000
Thu Jul 17 11:40:50 2025,17-Jul-2025,144054,48 39.465000 N,063 14.639900 W,2.5,196.5,A,DoorSpread,DoorMaster,5.875000,D,S,35345.000000
Thu Jul 17 11:40:56 2025,17-Jul-2025,144055,48 39.464300 N,063 14.640100 W,2.6,196.4,A,DoorSpread,DoorMaster,5.995000,D,P,78320.000000
Thu Jul 17 11:40:57 2025,17-Jul-2025,144056,48 39.463600 N,063 14.640400 W,2.6,196.4,A,Depth,Depth,191.388889,D,S,41158.000000
Thu Jul 17 11:40:57 2025,17-Jul-2025,144057,48 39.462900 N,063 14.640700 W,2.5,196.4,A,Depth,Depth,191.388889,D,S,41158.000000
Thu Jul 17 11:40:57 2025,17-Jul-2025,144058,48 39.462400 N,063 14.641100 W,2.5,196.9,A,Depth,Depth,191.388889,D,S,41158.000000
Thu Jul 17 11:40:57 2025,17-Jul-2025,144059,48 39.461800 N,063 14.641600 W,2.5,197.3,A,Depth,Depth,191.388889,D,S,41158.000000
Thu Jul 17 11:41:01 2025,17-Jul-2025,144100,48 39.461200 N,063 14.641900 W,2.5,197.6,A,Primary,Headline,29.387755,D,S,59941.000000
Thu Jul 17 11:41:02 2025,17-Jul-2025,144101,48 39.460600 N,063 14.642100 W,2.4,197.6,A,DoorSpread,DoorMaster,6.115000,D,P,91379.000000
Thu Jul 17 11:41:02 2025,17-Jul-2025,144102,48 39.459900 N,063 14.642300 W,2.5,197.1,A,DoorSpread,DoorMaster,6.115000,D,P,91379.000000
Thu Jul 17 11:41:02 2025,17-Jul-2025,144103,48 39.459200 N,063 14.642600 W,2.5,196.8,A,DoorSpread,DoorMaster,6.115000,D,P,91379.000000
Thu Jul 17 11:41:05 2025,17-Jul-2025,144104,48 39.458500 N,063 14.643000 W,2.5,196.9,A,Depth,Depth,192.129630,D,P,65017.000000
Thu Jul 17 11:41:05 2025,17-Jul-2025,144105,48 39.457800 N,063 14.643400 W,2.5,196.9,A,Depth,Depth,192.129630,D,P,65017.000000
Thu Jul 17 11:41:07 2025,17-Jul-2025,144106,48 39.457100 N,063 14.643600 W,2.5,196.6,A,DoorSpread,DoorMaster,6.020000,D,P,107603.000000
Thu Jul 17 11:41:07 2025,17-Jul-2025,144107,48 39.456400 N,063 14.643800 W,2.5,196.5,A,DoorSpread,DoorMaster,6.020000,D,P,107603.000000
Thu Jul 17 11:41:07 2025,17-Jul-2025,144108,48 39.455700 N,063 14.644200 W,2.5,196.6,A,DoorSpread,DoorMaster,6.020000,D,P,107603.000000
Thu Jul 17 11:41:07 2025,17-Jul-2025,144109,48 39.455000 N,063 14.644600 W,2.5,196.6,A,DoorSpread,DoorMaster,6.020000,D,P,107603.000000
Thu Jul 17 11:41:07 2025,17-Jul-2025,144110,48 39.454300 N,063 14.645000 W,2.5,196.6,A,DoorSpread,DoorMaster,6.020000,D,P,107603.000000
Thu Jul 17 11:41:12 2025,17-Jul-2025,144111,48 39.453600 N,063 14.645400 W,2.5,196.6,A,Primary,Headline,8.408163,D,S,49067.000000
Thu Jul 17 11:41:13 2025,17-Jul-2025,144112,48 39.452900 N,063 14.645800 W,2.5,196.5,A,DoorSpread,DoorMaster,6.090000,D,S,50520.000000
Thu Jul 17 11:41:13 2025,17-Jul-2025,144113,48 39.452300 N,063 14.646100 W,2.5,196.2,A,DoorSpread,DoorMaster,6.090000,D,S,50520.000000
Thu Jul 17 11:41:13 2025,17-Jul-2025,144114,48 39.451600 N,063 14.646400 W,2.5,196.0,A,DoorSpread,DoorMaster,6.090000,D,S,50520.000000
Thu Jul 17 11:41:13 2025,17-Jul-2025,144115,48 39.451000 N,063 14.646700 W,2.5,195.6,A,DoorSpread,DoorMaster,6.090000,D,S,50520.000000
Thu Jul 17 11:41:13 2025,17-Jul-2025,144116,48 39.450300 N,063 14.646900 W,2.6,195.2,A,DoorSpread,DoorMaster,6.090000,D,S,50520.000000
Thu Jul 17 11:41:18 2025,17-Jul-2025,144117,48 39.449500 N,063 14.647100 W,2.6,194.8,A,DoorSpread,DoorMaster,6.070000,D,S,20314.000000
Thu Jul 17 11:41:18 2025,17-Jul-2025,144118,48 39.448700 N,063 14.647400 W,2.7,194.1,A,DoorSpread,DoorMaster,6.070000,D,S,20314.000000
Thu Jul 17 11:41:20 2025,17-Jul-2025,144119,48 39.447900 N,063 14.647800 W,2.7,194.2,A,Depth,Depth,187.592593,D,S,41739.000000
Thu Jul 17 11:41:20 2025,17-Jul-2025,144120,48 39.447100 N,063 14.648200 W,2.7,194.3,A,Depth,Depth,187.592593,D,S,41739.000000
Thu Jul 17 11:41:20 2025,17-Jul-2025,144121,48 39.446300 N,063 14.648600 W,2.7,194.4,A,Depth,Depth,187.592593,D,S,41739.000000
Thu Jul 17 11:41:23 2025,17-Jul-2025,144122,48 39.445600 N,063 14.648800 W,2.7,194.7,A,Primary,Headline,12.775510,D,S,73456.000000
Thu Jul 17 11:41:24 2025,17-Jul-2025,144123,48 39.444800 N,063 14.649200 W,2.6,195.0,A,DoorSpread,DoorMaster,5.845000,D,S,55982.000000
Thu Jul 17 11:41:24 2025,17-Jul-2025,144124,48 39.444200 N,063 14.649600 W,2.5,195.4,A,DoorSpread,DoorMaster,5.845000,D,S,55982.000000
Thu Jul 17 11:41:24 2025,17-Jul-2025,144125,48 39.443700 N,063 14.650000 W,2.5,196.1,A,DoorSpread,DoorMaster,5.845000,D,S,55982.000000
Thu Jul 17 11:41:24 2025,17-Jul-2025,144126,48 39.442900 N,063 14.650400 W,2.6,196.5,A,DoorSpread,DoorMaster,5.845000,D,S,55982.000000
Thu Jul 17 11:41:28 2025,17-Jul-2025,144127,48 39.442200 N,063 14.650700 W,2.6,196.7,A,Depth,Depth,182.962963,D,S,26961.000000
Thu Jul 17 11:41:29 2025,17-Jul-2025,144128,48 39.441500 N,063 14.651100 W,2.5,196.9,A,Primary,Headline,47.938776,D,S,39155.000000
Thu Jul 17 11:41:29 2025,17-Jul-2025,144129,48 39.440800 N,063 14.651400 W,2.6,197.0,A,DoorSpread,DoorMaster,6.080000,D,S,48084.000000
Thu Jul 17 11:41:29 2025,17-Jul-2025,144130,48 39.440000 N,063 14.651700 W,2.6,196.9,A,DoorSpread,DoorMaster,6.080000,D,S,48084.000000
Thu Jul 17 11:41:29 2025,17-Jul-2025,144131,48 39.439300 N,063 14.652000 W,2.6,197.0,A,DoorSpread,DoorMaster,6.080000,D,S,48084.000000
Thu Jul 17 11:41:29 2025,17-Jul-2025,144132,48 39.438600 N,063 14.652400 W,2.6,197.4,A,DoorSpread,DoorMaster,6.080000,D,S,48084.000000
Thu Jul 17 11:41:34 2025,17-Jul-2025,144133,48 39.438000 N,063 14.652900 W,2.5,197.6,A,Primary,Headline,20.346939,D,S,59631.000000
Thu Jul 17 11:41:35 2025,17-Jul-2025,144134,48 39.437400 N,063 14.653200 W,2.5,197.7,A,DoorSpread,DoorMaster,6.190000,D,S,29896.000000
Thu Jul 17 11:41:36 2025,17-Jul-2025,144135,48 39.436700 N,063 14.653600 W,2.6,198.1,A,Depth,Depth,181.388889,D,P,48569.000000
Thu Jul 17 11:41:36 2025,17-Jul-2025,144136,48 39.436100 N,063 14.654100 W,2.6,198.6,A,Depth,Depth,181.388889,D,P,48569.000000
Thu Jul 17 11:41:36 2025,17-Jul-2025,144137,48 39.435400 N,063 14.654400 W,2.6,198.5,A,Depth,Depth,181.388889,D,P,48569.000000
Thu Jul 17 11:41:36 2025,17-Jul-2025,144138,48 39.434600 N,063 14.654700 W,2.7,198.3,A,Depth,Depth,181.388889,D,P,48569.000000
Thu Jul 17 11:41:36 2025,17-Jul-2025,144139,48 39.433700 N,063 14.655000 W,2.7,198.2,A,Depth,Depth,181.388889,D,P,48569.000000
Thu Jul 17 11:41:41 2025,17-Jul-2025,144140,48 39.433000 N,063 14.655200 W,2.6,198.3,A,DoorSpread,DoorMaster,6.090000,D,S,37314.000000
Thu Jul 17 11:41:41 2025,17-Jul-2025,144141,48 39.432300 N,063 14.655400 W,2.7,198.2,A,DoorSpread,DoorMaster,6.090000,D,S,37314.000000
Thu Jul 17 11:41:43 2025,17-Jul-2025,144142,48 39.431500 N,063 14.655700 W,2.7,198.1,A,Depth,Depth,177.685185,D,S,48304.000000
Thu Jul 17 11:41:43 2025,17-Jul-2025,144143,48 39.430700 N,063 14.656000 W,2.7,198.2,A,Depth,Depth,177.685185,D,S,48304.000000
Thu Jul 17 11:41:43 2025,17-Jul-2025,144144,48 39.430000 N,063 14.656300 W,2.7,198.2,A,Depth,Depth,177.685185,D,S,48304.000000
Thu Jul 17 11:41:46 2025,17-Jul-2025,144145,48 39.429300 N,063 14.656500 W,2.8,197.8,A,DoorSpread,DoorMaster,6.095000,D,S,61289.000000
Thu Jul 17 11:41:46 2025,17-Jul-2025,144146,48 39.428500 N,063 14.656700 W,2.8,197.5,A,DoorSpread,DoorMaster,6.095000,D,S,61289.000000
Thu Jul 17 11:41:46 2025,17-Jul-2025,144147,48 39.427900 N,063 14.656900 W,2.7,197.5,A,DoorSpread,DoorMaster,6.095000,D,S,61289.000000
Thu Jul 17 11:41:46 2025,17-Jul-2025,144148,48 39.427300 N,063 14.657200 W,2.7,197.5,A,DoorSpread,DoorMaster,6.095000,D,S,61289.000000
Thu Jul 17 11:41:50 2025,17-Jul-2025,144149,48 39.426700 N,063 14.657500 W,2.6,197.5,A,Primary,Headline,9.142857,D,S,61853.000000
Thu Jul 17 11:41:51 2025,17-Jul-2025,144150,48 39.426100 N,063 14.657700 W,2.6,197.7,A,Depth,Depth,175.555556,D,P,121769.000000
Thu Jul 17 11:41:52 2025,17-Jul-2025,144151,48 39.425400 N,063 14.658100 W,2.6,197.9,A,DoorSpread,DoorMaster,6.100000,D,S,38837.000000
Thu Jul 17 11:41:52 2025,17-Jul-2025,144152,48 39.424700 N,063 14.658400 W,2.6,198.0,A,DoorSpread,DoorMaster,6.100000,D,S,38837.000000
Thu Jul 17 11:41:52 2025,17-Jul-2025,144153,48 39.424000 N,063 14.658700 W,2.6,197.7,A,DoorSpread,DoorMaster,6.100000,D,S,38837.000000
Thu Jul 17 11:41:55 2025,17-Jul-2025,144154,48 39.423300 N,063 14.659000 W,2.6,197.4,A,Primary,Headline,22.918367,D,P,125904.000000
Thu Jul 17 11:41:55 2025,17-Jul-2025,144155,48 39.422500 N,063 14.659300 W,2.7,197.3,A,Primary,Headline,22.816327,D,S,90111.000000
Thu Jul 17 11:41:57 2025,17-Jul-2025,144156,48 39.421800 N,063 14.659700 W,2.7,197.0,A,DoorSpread,DoorMaster,6.165000,D,S,15896.000000
Thu Jul 17 11:41:58 2025,17-Jul-2025,144157,48 39.421000 N,063 14.659800 W,2.8,196.2,A,Depth,Depth,173.240741,D,P,137481.000000
Thu Jul 17 11:41:58 2025,17-Jul-2025,144158,48 39.420200 N,063 14.660200 W,2.7,196.0,A,Depth,Depth,173.240741,D,P,137481.000000
Thu Jul 17 11:41:58 2025,17-Jul-2025,144159,48 39.419600 N,063 14.660500 W,2.8,195.8,A,Depth,Depth,173.240741,D,P,137481.000000
Thu Jul 17 11:42:01 2025,17-Jul-2025,144200,48 39.418900 N,063 14.660900 W,2.7,195.8,A,Primary,Headline,36.224490,D,S,9822.000000
Thu Jul 17 11:42:01 2025,17-Jul-2025,144201,48 39.418200 N,063 14.661400 W,2.7,195.9,A,Primary,Headline,36.224490,D,S,9822.000000
Thu Jul 17 11:42:03 2025,17-Jul-2025,144202,48 39.417500 N,063 14.661900 W,2.7,196.0,A,DoorSpread,DoorMaster,5.895000,D,S,23371.000000
Thu Jul 17 11:42:03 2025,17-Jul-2025,144203,48 39.416800 N,063 14.662500 W,2.7,196.3,A,DoorSpread,DoorMaster,5.895000,D,S,23371.000000
Thu Jul 17 11:42:03 2025,17-Jul-2025,144204,48 39.416200 N,063 14.662900 W,2.6,196.5,A,DoorSpread,DoorMaster,5.895000,D,S,23371.000000
Thu Jul 17 11:42:06 2025,17-Jul-2025,144205,48 39.415600 N,063 14.663300 W,2.7,196.6,A,Primary,Headline,32.979592,D,S,58368.000000
Thu Jul 17 11:42:06 2025,17-Jul-2025,144206,48 39.414900 N,063 14.663800 W,2.7,196.9,A,Primary,Headline,32.979592,D,S,58368.000000
Thu Jul 17 11:42:06 2025,17-Jul-2025,144207,48 39.414300 N,063 14.664200 W,2.7,197.2,A,Primary,Headline,32.979592,D,S,58368.000000
Thu Jul 17 11:42:08 2025,17-Jul-2025,144208,48 39.413600 N,063 14.664600 W,2.7,197.3,A,DoorSpread,DoorMaster,5.930000,D,S,27107.000000
Thu Jul 17 11:42:08 2025,17-Jul-2025,144209,48 39.412900 N,063 14.665100 W,2.7,197.6,A,DoorSpread,DoorMaster,5.930000,D,S,27107.000000
Thu Jul 17 11:42:08 2025,17-Jul-2025,144210,48 39.412200 N,063 14.665600 W,2.7,198.1,A,DoorSpread,DoorMaster,5.930000,D,S,27107.000000
Thu Jul 17 11:42:12 2025,17-Jul-2025,144211,48 39.411600 N,063 14.666100 W,2.7,198.4,A,Primary,Headline,35.795918,D,S,108370.000000
Thu Jul 17 11:42:12 2025,17-Jul-2025,144212,48 39.410900 N,063 14.666500 W,2.7,198.4,A,Primary,Headline,35.795918,D,S,108370.000000
Thu Jul 17 11:42:14 2025,17-Jul-2025,144213,48 39.410400 N,063 14.666900 W,2.6,198.7,A,DoorSpread,DoorMaster,5.905000,D,S,84345.000000
Thu Jul 17 11:42:14 2025,17-Jul-2025,144214,48 39.409800 N,063 14.667300 W,2.6,199.0,A,DoorSpread,DoorMaster,5.905000,D,S,84345.000000
Thu Jul 17 11:42:14 2025,17-Jul-2025,144215,48 39.409200 N,063 14.667800 W,2.7,199.2,A,DoorSpread,DoorMaster,5.905000,D,S,84345.000000
Thu Jul 17 11:42:17 2025,17-Jul-2025,144216,48 39.408600 N,063 14.668100 W,2.7,199.4,A,Primary,Headline,12.306122,D,S,75592.000000
Thu Jul 17 11:42:17 2025,17-Jul-2025,144217,48 39.408000 N,063 14.668500 W,2.6,200.0,A,Primary,Headline,12.306122,D,S,75592.000000
Thu Jul 17 11:42:17 2025,17-Jul-2025,144218,48 39.407400 N,063 14.668800 W,2.6,200.4,A,Primary,Headline,12.306122,D,S,75592.000000
Thu Jul 17 11:42:20 2025,17-Jul-2025,144219,48 39.406800 N,063 14.669100 W,2.6,200.7,A,DoorSpread,DoorMaster,5.965000,D,S,75700.000000
Thu Jul 17 11:42:21 2025,17-Jul-2025,144220,48 39.406100 N,063 14.669300 W,2.6,200.3,A,Depth,Depth,164.907407,D,S,45524.000000
Thu Jul 17 11:42:21 2025,17-Jul-2025,144221,48 39.405300 N,063 14.669500 W,2.7,199.7,A,Depth,Depth,164.907407,D,S,45524.000000
Thu Jul 17 11:42:23 2025,17-Jul-2025,144222,48 39.404700 N,063 14.669800 W,2.6,199.5,A,Primary,Headline,37.285714,D,P,129250.000000
Thu Jul 17 11:42:23 2025,17-Jul-2025,144223,48 39.404100 N,063 14.670200 W,2.6,199.5,A,Primary,Headline,37.285714,D,P,129250.000000
Thu Jul 17 11:42:25 2025,17-Jul-2025,144224,48 39.403500 N,063 14.670500 W,2.6,199.5,A,DoorSpread,DoorMaster,6.085000,D,S,41698.000000
Thu Jul 17 11:42:25 2025,17-Jul-2025,144225,48 39.402800 N,063 14.670800 W,2.6,199.1,A,DoorSpread,DoorMaster,6.085000,D,S,41698.000000
Thu Jul 17 11:42:25 2025,17-Jul-2025,144226,48 39.402200 N,063 14.671200 W,2.6,199.0,A,DoorSpread,DoorMaster,6.085000,D,S,41698.000000
Thu Jul 17 11:42:28 2025,17-Jul-2025,144227,48 39.401700 N,063 14.671600 W,2.6,199.1,A,Primary,Headline,22.285714,D,P,88104.000000
Thu Jul 17 11:42:29 2025,17-Jul-2025,144228,48 39.401000 N,063 14.671900 W,2.6,198.8,A,Depth,Depth,163.425926,D,P,57985.000000
Thu Jul 17 11:42:29 2025,17-Jul-2025,144229,48 39.400300 N,063 14.672100 W,2.6,198.6,A,Depth,Depth,163.425926,D,P,57985.000000
Thu Jul 17 11:42:31 2025,17-Jul-2025,144230,48 39.399700 N,063 14.672300 W,2.5,198.3,A,DoorSpread,DoorMaster,5.830000,D,S,51817.000000
Thu Jul 17 11:42:31 2025,17-Jul-2025,144231,48 39.399100 N,063 14.672700 W,2.5,198.1,A,DoorSpread,DoorMaster,5.830000,D,S,51817.000000
Thu Jul 17 11:42:31 2025,17-Jul-2025,144232,48 39.398500 N,063 14.673000 W,2.5,198.0,A,DoorSpread,DoorMaster,5.830000,D,S,51817.000000
Thu Jul 17 11:42:34 2025,17-Jul-2025,144233,48 39.397700 N,063 14.673400 W,2.5,197.8,A,Primary,Headline,43.265306,D,S,76245.000000
Thu Jul 17 11:42:34 2025,17-Jul-2025,144234,48 39.396900 N,063 14.673600 W,2.5,197.1,A,Primary,Headline,43.265306,D,S,76245.000000
Thu Jul 17 11:42:36 2025,17-Jul-2025,144235,48 39.396200 N,063 14.673800 W,2.5,196.7,A,Depth,Depth,160.000000,D,P,121875.000000
Thu Jul 17 11:42:36 2025,17-Jul-2025,144236,48 39.395600 N,063 14.674100 W,2.5,196.5,A,Depth,Depth,161.203704,D,S,49342.000000
Thu Jul 17 11:42:36 2025,17-Jul-2025,144237,48 39.394900 N,063 14.674500 W,2.4,196.7,A,Depth,Depth,161.203704,D,S,49342.000000
Thu Jul 17 11:42:36 2025,17-Jul-2025,144238,48 39.394200 N,063 14.674800 W,2.4,196.9,A,Depth,Depth,161.203704,D,S,49342.000000
Thu Jul 17 11:42:39 2025,17-Jul-2025,144239,48 39.393500 N,063 14.675100 W,2.4,197.1,A,Primary,Headline,35.428571,D,S,62202.000000
Thu Jul 17 11:42:39 2025,17-Jul-2025,144240,48 39.392800 N,063 14.675400 W,2.3,197.5,A,Primary,Headline,35.428571,D,S,62202.000000
Thu Jul 17 11:42:42 2025,17-Jul-2025,144241,48 39.392200 N,063 14.675600 W,2.4,197.5,A,DoorSpread,DoorMaster,5.860000,D,S,59653.000000
Thu Jul 17 11:42:42 2025,17-Jul-2025,144242,48 39.391400 N,063 14.675900 W,2.4,197.4,A,DoorSpread,DoorMaster,5.860000,D,S,59653.000000
Thu Jul 17 11:42:44 2025,17-Jul-2025,144243,48 39.390700 N,063 14.676300 W,2.4,197.5,A,Depth,Depth,152.685185,D,S,36766.000000
Thu Jul 17 11:42:45 2025,17-Jul-2025,144244,48 39.390000 N,063 14.676700 W,2.4,197.3,A,Primary,Headline,12.469388,D,S,57560.000000
Thu Jul 17 11:42:45 2025,17-Jul-2025,144245,48 39.389300 N,063 14.677000 W,2.4,197.2,A,Primary,Headline,12.469388,D,S,57560.000000
Thu Jul 17 11:42:45 2025,17-Jul-2025,144246,48 39.388700 N,063 14.677300 W,2.4,197.1,A,Primary,Headline,12.469388,D,S,57560.000000
Thu Jul 17 11:42:47 2025,17-Jul-2025,144247,48 39.388100 N,063 14.677600 W,2.4,196.9,A,DoorSpread,DoorMaster,5.960000,D,S,65066.000000
Thu Jul 17 11:42:47 2025,17-Jul-2025,144248,48 39.387600 N,063 14.677800 W,2.4,196.7,A,DoorSpread,DoorMaster,5.960000,D,S,65066.000000
Thu Jul 17 11:42:50 2025,17-Jul-2025,144249,48 39.387100 N,063 14.678100 W,2.3,196.7,A,Primary,Headline,44.469388,D,S,70395.000000
Thu Jul 17 11:42:50 2025,17-Jul-2025,144250,48 39.386600 N,063 14.678500 W,2.3,196.8,A,Primary,Headline,44.469388,D,S,70395.000000
Thu Jul 17 11:42:52 2025,17-Jul-2025,144251,48 39.386000 N,063 14.678800 W,2.3,196.9,A,Depth,Depth,154.814815,D,P,150444.000000
Thu Jul 17 11:42:53 2025,17-Jul-2025,144252,48 39.385300 N,063 14.679100 W,2.3,196.9,A,DoorSpread,DoorMaster,6.005000,D,S,73768.000000
Thu Jul 17 11:42:53 2025,17-Jul-2025,144253,48 39.384700 N,063 14.679400 W,2.4,196.9,A,DoorSpread,DoorMaster,6.005000,D,S,73768.000000
Thu Jul 17 11:42:53 2025,17-Jul-2025,144254,48 39.384100 N,063 14.679800 W,2.3,197.2,A,DoorSpread,DoorMaster,6.005000,D,S,73768.000000
Thu Jul 17 11:42:56 2025,17-Jul-2025,144255,48 39.383600 N,063 14.680300 W,2.3,197.6,A,Primary,Headline,54.673469,D,S,77500.000000
Thu Jul 17 11:42:56 2025,17-Jul-2025,144256,48 39.383000 N,063 14.680800 W,2.3,197.8,A,Primary,Headline,54.673469,D,S,77500.000000
Thu Jul 17 11:42:56 2025,17-Jul-2025,144257,48 39.382200 N,063 14.681300 W,2.3,197.7,A,Primary,Headline,54.673469,D,S,77500.000000
Thu Jul 17 11:42:59 2025,17-Jul-2025,144258,48 39.381600 N,063 14.681700 W,2.3,197.9,A,Depth,Depth,152.685185,D,S,28722.000000
Thu Jul 17 11:42:59 2025,17-Jul-2025,144259,48 39.381000 N,063 14.682100 W,2.2,198.0,A,Depth,Depth,152.685185,D,S,28722.000000
Thu Jul 17 11:42:59 2025,17-Jul-2025,144300,48 39.380400 N,063 14.682500 W,2.3,198.0,A,Depth,Depth,152.685185,D,S,28722.000000
Thu Jul 17 11:43:02 2025,17-Jul-2025,144301,48 39.379700 N,063 14.683000 W,2.3,198.2,A,Primary,Headline,44.877551,D,S,147545.000000
Thu Jul 17 11:43:02 2025,17-Jul-2025,144302,48 39.379100 N,063 14.683500 W,2.2,198.4,A,Primary,Headline,44.877551,D,S,147545.000000
Thu Jul 17 11:43:04 2025,17-Jul-2025,144303,48 39.378600 N,063 14.683800 W,2.1,198.6,A,DoorSpread,DoorMaster,6.245000,D,S,73298.000000
Thu Jul 17 11:43:04 2025,17-Jul-2025,144304,48 39.378100 N,063 14.684200 W,2.2,198.8,A,DoorSpread,DoorMaster,6.245000,D,S,73298.000000
Thu Jul 17 11:43:04 2025,17-Jul-2025,144305,48 39.377500 N,063 14.684500 W,2.2,198.9,A,DoorSpread,DoorMaster,6.245000,D,S,73298.000000
Thu Jul 17 11:43:07 2025,17-Jul-2025,144306,48 39.376900 N,063 14.684700 W,2.2,199.0,A,Depth,Depth,149.259259,D,S,37363.000000
Thu Jul 17 11:43:08 2025,17-Jul-2025,144307,48 39.376300 N,063 14.685100 W,2.2,199.3,A,Primary,Headline,48.285714,D,S,83983.000000
Thu Jul 17 11:43:08 2025,17-Jul-2025,144308,48 39.375600 N,063 14.685400 W,2.2,199.7,A,Primary,Headline,48.285714,D,S,83983.000000
Thu Jul 17 11:43:10 2025,17-Jul-2025,144309,48 39.375000 N,063 14.685800 W,2.2,199.9,A,DoorSpread,DoorMaster,6.115000,D,S,53185.000000
Thu Jul 17 11:43:10 2025,17-Jul-2025,144310,48 39.374300 N,063 14.686100 W,2.2,199.8,A,DoorSpread,DoorMaster,6.115000,D,S,53185.000000
Thu Jul 17 11:43:10 2025,17-Jul-2025,144311,48 39.373600 N,063 14.686500 W,2.3,199.8,A,DoorSpread,DoorMaster,6.115000,D,S,53185.000000
Thu Jul 17 11:43:13 2025,17-Jul-2025,144312,48 39.372900 N,063 14.686800 W,2.3,199.5,A,Primary,Headline,28.387755,D,S,61309.000000
Thu Jul 17 11:43:14 2025,17-Jul-2025,144313,48 39.372200 N,063 14.687100 W,2.3,199.4,A,Depth,Depth,146.574074,D,S,49860.000000
Thu Jul 17 11:43:15 2025,17-Jul-2025,144314,48 39.371500 N,063 14.687300 W,2.3,199.3,A,DoorSpread,DoorMaster,6.005000,D,P,141122.000000
Thu Jul 17 11:43:15 2025,17-Jul-2025,144315,48 39.370900 N,063 14.687700 W,2.3,199.9,A,DoorSpread,DoorMaster,5.995000,D,S,91033.000000
Thu Jul 17 11:43:15 2025,17-Jul-2025,144316,48 39.370300 N,063 14.688000 W,2.3,200.3,A,DoorSpread,DoorMaster,5.995000,D,S,91033.000000
Thu Jul 17 11:43:15 2025,17-Jul-2025,144317,48 39.369600 N,063 14.688200 W,2.3,200.2,A,DoorSpread,DoorMaster,5.995000,D,S,91033.000000
Thu Jul 17 11:43:19 2025,17-Jul-2025,144318,48 39.368900 N,063 14.688300 W,2.4,199.6,A,Primary,Headline,53.673469,D,S,93531.000000
Thu Jul 17 11:43:19 2025,17-Jul-2025,144319,48 39.368200 N,063 14.688400 W,2.4,199.0,A,Primary,Headline,53.673469,D,S,93531.000000
Thu Jul 17 11:43:21 2025,17-Jul-2025,144320,48 39.367600 N,063 14.688600 W,2.4,198.8,A,DoorSpread,DoorMaster,5.950000,D,S,82841.000000
Thu Jul 17 11:43:22 2025,17-Jul-2025,144321,48 39.367000 N,063 14.688800 W,2.4,198.7,A,Depth,Depth,144.907407,D,S,31717.000000
Thu Jul 17 11:43:22 2025,17-Jul-2025,144322,48 39.366400 N,063 14.688900 W,2.4,198.6,A,Depth,Depth,144.907407,D,S,31717.000000
Thu Jul 17 11:43:24 2025,17-Jul-2025,144323,48 39.365800 N,063 14.689200 W,2.4,198.7,A,Primary,Headline,14.326531,D,P,161234.000000
Thu Jul 17 11:43:24 2025,17-Jul-2025,144324,48 39.365200 N,063 14.689400 W,2.4,198.9,A,Primary,Headline,14.387755,D,S,127871.000000
Thu Jul 17 11:43:26 2025,17-Jul-2025,144325,48 39.364600 N,063 14.689600 W,2.4,199.1,A,DoorSpread,DoorMaster,6.140000,D,S,69884.000000
Thu Jul 17 11:43:26 2025,17-Jul-2025,144326,48 39.364000 N,063 14.690000 W,2.3,199.4,A,DoorSpread,DoorMaster,6.115000,D,P,159819.000000
Thu Jul 17 11:43:26 2025,17-Jul-2025,144327,48 39.363400 N,063 14.690300 W,2.3,199.5,A,DoorSpread,DoorMaster,6.115000,D,P,159819.000000
Thu Jul 17 11:43:29 2025,17-Jul-2025,144328,48 39.362700 N,063 14.690500 W,2.4,199.3,A,Depth,Depth,141.759259,D,P,167729.000000
Thu Jul 17 11:43:29 2025,17-Jul-2025,144329,48 39.362000 N,063 14.690800 W,2.3,199.2,A,Primary,Headline,10.224490,D,P,218724.000000
Thu Jul 17 11:43:29 2025,17-Jul-2025,144330,48 39.361300 N,063 14.691000 W,2.3,199.1,A,Primary,Headline,10.224490,D,P,218724.000000
Thu Jul 17 11:43:32 2025,17-Jul-2025,144331,48 39.360600 N,063 14.691200 W,2.4,198.8,A,DoorSpread,DoorMaster,6.150000,D,P,153490.000000
Thu Jul 17 11:43:32 2025,17-Jul-2025,144332,48 39.359900 N,063 14.691400 W,2.4,198.5,A,DoorSpread,DoorMaster,6.150000,D,P,153490.000000
Thu Jul 17 11:43:32 2025,17-Jul-2025,144333,48 39.359300 N,063 14.691600 W,2.4,198.2,A,DoorSpread,DoorMaster,6.150000,D,P,153490.000000
Thu Jul 17 11:43:35 2025,17-Jul-2025,144334,48 39.358600 N,063 14.691800 W,2.4,198.0,A,Primary,Headline,35.775510,D,S,158800.000000
Thu Jul 17 11:43:35 2025,17-Jul-2025,144335,48 39.358000 N,063 14.691900 W,2.3,197.9,A,Primary,Headline,35.775510,D,S,158800.000000
Thu Jul 17 11:43:37 2025,17-Jul-2025,144336,48 39.357300 N,063 14.692000 W,2.4,197.3,A,Depth,Depth,138.888889,D,P,147211.000000
Thu Jul 17 11:43:38 2025,17-Jul-2025,144337,48 39.356600 N,063 14.692200 W,2.4,197.1,A,DoorSpread,DoorMaster,6.160000,D,S,106645.000000
Thu Jul 17 11:43:38 2025,17-Jul-2025,144338,48 39.356100 N,063 14.692400 W,2.3,197.0,A,DoorSpread,DoorMaster,6.160000,D,S,106645.000000
Thu Jul 17 11:43:38 2025,17-Jul-2025,144339,48 39.355600 N,063 14.692600 W,2.3,196.9,A,DoorSpread,DoorMaster,6.160000,D,S,106645.000000
Thu Jul 17 11:43:41 2025,17-Jul-2025,144340,48 39.355100 N,063 14.692800 W,2.3,196.8,A,Primary,Headline,28.020408,D,P,145321.000000
Thu Jul 17 11:43:41 2025,17-Jul-2025,144341,48 39.354500 N,063 14.693000 W,2.2,196.8,A,Primary,Headline,28.020408,D,P,145321.000000
Thu Jul 17 11:43:43 2025,17-Jul-2025,144342,48 39.353900 N,063 14.693200 W,2.2,196.8,A,DoorSpread,DoorMaster,6.185000,D,S,182613.000000
Thu Jul 17 11:43:44 2025,17-Jul-2025,144343,48 39.353300 N,063 14.693400 W,2.3,196.8,A,Depth,Depth,141.574074,D,P,150512.000000
Thu Jul 17 11:43:44 2025,17-Jul-2025,144344,48 39.352600 N,063 14.693600 W,2.3,196.6,A,Depth,Depth,141.574074,D,P,150512.000000
Thu Jul 17 11:43:46 2025,17-Jul-2025,144345,48 39.352100 N,063 14.693700 W,2.3,196.4,A,Primary,Headline,28.857143,D,S,165467.000000
Thu Jul 17 11:43:46 2025,17-Jul-2025,144346,48 39.351500 N,063 14.693900 W,2.3,196.1,A,Primary,Headline,28.857143,D,S,165467.000000
Thu Jul 17 11:43:46 2025,17-Jul-2025,144347,48 39.350800 N,063 14.694100 W,2.3,195.9,A,Primary,Headline,28.857143,D,S,165467.000000
Thu Jul 17 11:43:49 2025,17-Jul-2025,144348,48 39.350200 N,063 14.694200 W,2.3,195.4,A,DoorSpread,DoorMaster,6.315000,D,S,199282.000000
Thu Jul 17 11:43:49 2025,17-Jul-2025,144349,48 39.349600 N,063 14.694300 W,2.3,194.8,A,DoorSpread,DoorMaster,6.315000,D,S,199282.000000
Thu Jul 17 11:43:51 2025,17-Jul-2025,144350,48 39.349000 N,063 14.694600 W,2.3,194.3,A,Primary,Headline,8.775510,D,S,231819.000000
Thu Jul 17 11:43:52 2025,17-Jul-2025,144351,48 39.348400 N,063 14.694900 W,2.3,194.0,A,Depth,Depth,128.981481,D,S,171922.000000
Thu Jul 17 11:43:52 2025,17-Jul-2025,144352,48 39.347900 N,063 14.695200 W,2.3,193.9,A,Depth,Depth,128.981481,D,S,171922.000000
Thu Jul 17 11:43:54 2025,17-Jul-2025,144353,48 39.347300 N,063 14.695500 W,2.3,193.8,A,DoorSpread,DoorMaster,6.240000,D,S,189265.000000
Thu Jul 17 11:43:54 2025,17-Jul-2025,144354,48 39.346700 N,063 14.695800 W,2.3,193.7,A,DoorSpread,DoorMaster,6.240000,D,S,189265.000000
Thu Jul 17 11:43:54 2025,17-Jul-2025,144355,48 39.346100 N,063 14.696100 W,2.3,193.6,A,DoorSpread,DoorMaster,6.240000,D,S,189265.000000
Thu Jul 17 11:43:57 2025,17-Jul-2025,144356,48 39.345400 N,063 14.696300 W,2.4,193.5,A,Primary,Headline,33.693878,D,S,204665.000000
Thu Jul 17 11:43:57 2025,17-Jul-2025,144357,48 39.344700 N,063 14.696500 W,2.4,193.4,A,Primary,Headline,33.693878,D,S,204665.000000
Thu Jul 17 11:43:59 2025,17-Jul-2025,144358,48 39.344000 N,063 14.696900 W,2.4,193.4,A,Depth,Depth,131.203704,D,S,171211.000000
Thu Jul 17 11:44:00 2025,17-Jul-2025,144359,48 39.343300 N,063 14.697400 W,2.5,193.7,A,DoorSpread,DoorMaster,5.965000,D,S,213649.000000
Thu Jul 17 11:44:00 2025,17-Jul-2025,144400,48 39.342600 N,063 14.697700 W,2.4,193.7,A,DoorSpread,DoorMaster,5.965000,D,S,213649.000000
Thu Jul 17 11:44:02 2025,17-Jul-2025,144401,48 39.341900 N,063 14.697900 W,2.4,193.4,A,Primary,Headline,5.265306,D,S,178592.000000
Thu Jul 17 11:44:02 2025,17-Jul-2025,144402,48 39.341200 N,063 14.698000 W,2.5,193.1,A,Primary,Headline,5.265306,D,S,178592.000000
Thu Jul 17 11:44:02 2025,17-Jul-2025,144403,48 39.340500 N,063 14.698200 W,2.5,193.2,A,Primary,Headline,5.265306,D,S,178592.000000
Thu Jul 17 11:44:02 2025,17-Jul-2025,144404,48 39.339900 N,063 14.698600 W,2.5,193.4,A,Primary,Headline,5.265306,D,S,178592.000000
Thu Jul 17 11:44:06 2025,17-Jul-2025,144405,48 39.339200 N,063 14.698900 W,2.5,193.7,A,DoorSpread,DoorMaster,5.865000,D,S,192045.000000
Thu Jul 17 11:44:07 2025,17-Jul-2025,144406,48 39.338600 N,063 14.699200 W,2.5,193.8,A,Primary,Headline,6.265306,D,P,228038.000000
Thu Jul 17 11:44:07 2025,17-Jul-2025,144407,48 39.338000 N,063 14.699600 W,2.4,194.2,A,Primary,Headline,6.265306,D,P,228038.000000
Thu Jul 17 11:44:07 2025,17-Jul-2025,144408,48 39.337400 N,063 14.700000 W,2.4,194.8,A,Primary,Headline,6.265306,D,P,228038.000000
Thu Jul 17 11:44:07 2025,17-Jul-2025,144409,48 39.336900 N,063 14.700300 W,2.4,195.4,A,Primary,Headline,6.265306,D,P,228038.000000
Thu Jul 17 11:44:11 2025,17-Jul-2025,144410,48 39.336300 N,063 14.700600 W,2.3,195.9,A,DoorSpread,DoorMaster,5.870000,D,P,156669.000000
Thu Jul 17 11:44:11 2025,17-Jul-2025,144411,48 39.335800 N,063 14.700800 W,2.3,196.4,A,DoorSpread,DoorMaster,5.870000,D,P,156669.000000
Thu Jul 17 11:44:13 2025,17-Jul-2025,144412,48 39.335000 N,063 14.700900 W,2.4,196.2,A,Primary,Headline,48.591837,D,S,205054.000000
Thu Jul 17 11:44:14 2025,17-Jul-2025,144413,48 39.334400 N,063 14.701100 W,2.4,196.1,A,Depth,Depth,125.000000,D,S,55758.000000
Thu Jul 17 11:44:14 2025,17-Jul-2025,144414,48 39.333800 N,063 14.701400 W,2.3,196.1,A,Depth,Depth,125.000000,D,S,55758.000000
Thu Jul 17 11:44:14 2025,17-Jul-2025,144415,48 39.333200 N,063 14.701700 W,2.4,195.9,A,Depth,Depth,125.000000,D,S,55758.000000
Thu Jul 17 11:44:17 2025,17-Jul-2025,144416,48 39.332500 N,063 14.702100 W,2.4,196.2,A,DoorSpread,DoorMaster,5.860000,D,S,84006.000000
Thu Jul 17 11:44:18 2025,17-Jul-2025,144417,48 39.332000 N,063 14.702500 W,2.4,196.5,A,Primary,Headline,20.326531,D,S,165877.000000
Thu Jul 17 11:44:18 2025,17-Jul-2025,144418,48 39.331400 N,063 14.702700 W,2.4,196.5,A,Primary,Headline,20.326531,D,S,165877.000000
Thu Jul 17 11:44:18 2025,17-Jul-2025,144419,48 39.330800 N,063 14.703000 W,2.4,196.6,A,Primary,Headline,20.326531,D,S,165877.000000
Thu Jul 17 11:44:18 2025,17-Jul-2025,144420,48 39.330200 N,063 14.703400 W,2.4,196.7,A,Primary,Headline,20.326531,D,S,165877.000000
Thu Jul 17 11:44:22 2025,17-Jul-2025,144421,48 39.329500 N,063 14.703800 W,2.4,196.8,A,DoorSpread,DoorMaster,5.850000,D,S,139364.000000
Thu Jul 17 11:44:22 2025,17-Jul-2025,144422,48 39.328900 N,063 14.704200 W,2.4,197.0,A,DoorSpread,DoorMaster,5.850000,D,S,139364.000000
Thu Jul 17 11:44:24 2025,17-Jul-2025,144423,48 39.328300 N,063 14.704500 W,2.4,197.1,A,Primary,Headline,42.897959,D,S,129444.000000
Thu Jul 17 11:44:24 2025,17-Jul-2025,144424,48 39.327700 N,063 14.704900 W,2.4,197.1,A,Primary,Headline,42.897959,D,S,129444.000000
Thu Jul 17 11:44:24 2025,17-Jul-2025,144425,48 39.327000 N,063 14.705200 W,2.4,197.1,A,Primary,Headline,42.897959,D,S,129444.000000
Thu Jul 17 11:44:24 2025,17-Jul-2025,144426,48 39.326300 N,063 14.705600 W,2.4,197.0,A,Primary,Headline,42.897959,D,S,129444.000000
Thu Jul 17 11:44:28 2025,17-Jul-2025,144427,48 39.325700 N,063 14.705800 W,2.5,196.8,A,DoorSpread,DoorMaster,5.960000,D,S,112046.000000
Thu Jul 17 11:44:29 2025,17-Jul-2025,144428,48 39.325000 N,063 14.706100 W,2.5,196.8,A,Primary,Headline,22.551020,D,P,130020.000000
Thu Jul 17 11:44:29 2025,17-Jul-2025,144429,48 39.324300 N,063 14.706500 W,2.5,196.5,A,Primary,Headline,22.551020,D,P,130020.000000
Thu Jul 17 11:44:29 2025,17-Jul-2025,144430,48 39.323700 N,063 14.706700 W,2.5,196.1,A,Primary,Headline,22.551020,D,P,130020.000000
Thu Jul 17 11:44:29 2025,17-Jul-2025,144431,48 39.322900 N,063 14.707000 W,2.6,195.7,A,Primary,Headline,22.551020,D,P,130020.000000
Thu Jul 17 11:44:29 2025,17-Jul-2025,144432,48 39.322100 N,063 14.707200 W,2.6,195.6,A,Primary,Headline,22.551020,D,P,130020.000000
Thu Jul 17 11:44:33 2025,17-Jul-2025,144433,48 39.321400 N,063 14.707400 W,2.6,195.6,A,DoorSpread,DoorMaster,6.010000,D,P,164734.000000
Thu Jul 17 11:44:35 2025,17-Jul-2025,144434,48 39.320800 N,063 14.707600 W,2.6,195.4,A,Primary,Headline,44.387755,D,S,226753.000000
Thu Jul 17 11:44:35 2025,17-Jul-2025,144435,48 39.320100 N,063 14.707800 W,2.6,195.1,A,Primary,Headline,44.387755,D,S,226753.000000
Thu Jul 17 11:44:36 2025,17-Jul-2025,144436,48 39.319400 N,063 14.708100 W,2.5,195.0,A,Depth,Depth,116.481481,D,S,114963.000000
Thu Jul 17 11:44:36 2025,17-Jul-2025,144437,48 39.318800 N,063 14.708200 W,2.5,194.9,A,Depth,Depth,116.481481,D,S,114963.000000
Thu Jul 17 11:44:39 2025,17-Jul-2025,144438,48 39.318200 N,063 14.708400 W,2.5,194.9,A,DoorSpread,DoorMaster,6.090000,D,S,126806.000000
Thu Jul 17 11:44:39 2025,17-Jul-2025,144439,48 39.317600 N,063 14.708700 W,2.4,195.0,A,DoorSpread,DoorMaster,6.090000,D,S,126806.000000
Thu Jul 17 11:44:41 2025,17-Jul-2025,144440,48 39.316900 N,063 14.709000 W,2.5,195.2,A,Primary,Headline,47.510204,D,P,109182.000000
Thu Jul 17 11:44:41 2025,17-Jul-2025,144441,48 39.316100 N,063 14.709200 W,2.6,194.8,A,Primary,Headline,47.510204,D,P,109182.000000
Thu Jul 17 11:44:41 2025,17-Jul-2025,144442,48 39.315400 N,063 14.709400 W,2.5,194.6,A,Primary,Headline,47.510204,D,P,109182.000000
Thu Jul 17 11:44:44 2025,17-Jul-2025,144443,48 39.314700 N,063 14.709800 W,2.6,194.3,A,Depth,Depth,109.814815,D,P,144337.000000
Thu Jul 17 11:44:44 2025,17-Jul-2025,144444,48 39.313900 N,063 14.710100 W,2.6,194.1,A,DoorSpread,DoorMaster,6.265000,D,P,79794.000000
Thu Jul 17 11:44:46 2025,17-Jul-2025,144445,48 39.313200 N,063 14.710500 W,2.5,194.2,A,Primary,Headline,9.775510,D,S,110135.000000
Thu Jul 17 11:44:46 2025,17-Jul-2025,144446,48 39.312600 N,063 14.710800 W,2.5,194.1,A,Primary,Headline,9.775510,D,S,110135.000000
Thu Jul 17 11:44:46 2025,17-Jul-2025,144447,48 39.311900 N,063 14.711000 W,2.5,194.0,A,Primary,Headline,9.775510,D,S,110135.000000
Thu Jul 17 11:44:46 2025,17-Jul-2025,144448,48 39.311200 N,063 14.711200 W,2.5,194.0,A,Primary,Headline,9.775510,D,S,110135.000000
Thu Jul 17 11:44:50 2025,17-Jul-2025,144449,48 39.310600 N,063 14.711500 W,2.5,194.2,A,DoorSpread,DoorMaster,5.985000,D,S,195715.000000
Thu Jul 17 11:44:51 2025,17-Jul-2025,144450,48 39.310000 N,063 14.711800 W,2.5,194.3,A,Primary,Headline,19.040816,D,P,53948.000000
Thu Jul 17 11:44:51 2025,17-Jul-2025,144451,48 39.309400 N,063 14.711900 W,2.5,194.2,A,Primary,Headline,19.040816,D,P,53948.000000
Thu Jul 17 11:44:51 2025,17-Jul-2025,144452,48 39.308800 N,063 14.712000 W,2.6,193.8,A,Primary,Headline,19.040816,D,P,53948.000000
Thu Jul 17 11:44:51 2025,17-Jul-2025,144453,48 39.308100 N,063 14.712100 W,2.5,193.5,A,Primary,Headline,19.040816,D,P,53948.000000
Thu Jul 17 11:44:51 2025,17-Jul-2025,144454,48 39.307500 N,063 14.712300 W,2.5,193.4,A,Primary,Headline,19.040816,D,P,53948.000000
Thu Jul 17 11:44:56 2025,17-Jul-2025,144455,48 39.307000 N,063 14.712500 W,2.5,193.5,A,DoorSpread,DoorMaster,5.925000,D,S,146380.000000
Thu Jul 17 11:44:57 2025,17-Jul-2025,144456,48 39.306500 N,063 14.712900 W,2.5,193.7,A,Primary,Headline,51.408163,D,S,175919.000000
Thu Jul 17 11:44:57 2025,17-Jul-2025,144457,48 39.306100 N,063 14.713200 W,2.4,194.1,A,Primary,Headline,51.408163,D,S,175919.000000
Thu Jul 17 11:44:57 2025,17-Jul-2025,144458,48 39.305600 N,063 14.713600 W,2.4,194.6,A,Primary,Headline,51.408163,D,S,175919.000000
Thu Jul 17 11:44:57 2025,17-Jul-2025,144459,48 39.305100 N,063 14.714000 W,2.4,195.1,A,Primary,Headline,51.408163,D,S,175919.000000
Thu Jul 17 11:45:01 2025,17-Jul-2025,144500,48 39.304500 N,063 14.714300 W,2.4,195.4,A,DoorSpread,DoorMaster,5.815000,D,S,116571.000000
Thu Jul 17 11:45:01 2025,17-Jul-2025,144501,48 39.303800 N,063 14.714700 W,2.5,195.6,A,DoorSpread,DoorMaster,5.815000,D,S,116571.000000
Thu Jul 17 11:45:03 2025,17-Jul-2025,144502,48 39.303100 N,063 14.715200 W,2.5,196.1,A,Primary,Headline,55.857143,D,P,204505.000000
Thu Jul 17 11:45:03 2025,17-Jul-2025,144503,48 39.302500 N,063 14.715800 W,2.4,196.8,A,Primary,Headline,55.857143,D,P,204505.000000
Thu Jul 17 11:45:03 2025,17-Jul-2025,144504,48 39.301900 N,063 14.716300 W,2.4,197.4,A,Primary,Headline,55.857143,D,P,204505.000000
Thu Jul 17 11:45:06 2025,17-Jul-2025,144505,48 39.301200 N,063 14.716700 W,2.4,197.8,A,Depth,Depth,104.444444,D,P,85639.000000
Thu Jul 17 11:45:07 2025,17-Jul-2025,144506,48 39.300600 N,063 14.717100 W,2.4,198.4,A,DoorSpread,DoorMaster,5.545000,D,S,142337.000000
Thu Jul 17 11:45:08 2025,17-Jul-2025,144507,48 39.300000 N,063 14.717600 W,2.3,199.3,A,Primary,Headline,30.897959,D,S,221172.000000
Thu Jul 17 11:45:08 2025,17-Jul-2025,144508,48 39.299400 N,063 14.718000 W,2.3,200.0,A,Primary,Headline,30.897959,D,S,221172.000000
Thu Jul 17 11:45:08 2025,17-Jul-2025,144509,48 39.298800 N,063 14.718200 W,2.3,200.2,A,Primary,Headline,30.897959,D,S,221172.000000
Thu Jul 17 11:45:08 2025,17-Jul-2025,144510,48 39.298100 N,063 14.718500 W,2.4,200.2,A,Primary,Headline,30.897959,D,S,221172.000000
Thu Jul 17 11:45:12 2025,17-Jul-2025,144511,48 39.297400 N,063 14.718700 W,2.4,200.1,A,DoorSpread,DoorMaster,5.485000,D,S,106600.000000
Thu Jul 17 11:45:12 2025,17-Jul-2025,144512,48 39.296800 N,063 14.719000 W,2.4,200.3,A,DoorSpread,DoorMaster,5.485000,D,S,106600.000000
Thu Jul 17 11:45:14 2025,17-Jul-2025,144513,48 39.296100 N,063 14.719300 W,2.4,200.3,A,Primary,Headline,44.734694,D,P,65109.000000
Thu Jul 17 11:45:14 2025,17-Jul-2025,144514,48 39.295400 N,063 14.719500 W,2.4,199.9,A,Primary,Headline,44.734694,D,P,65109.000000
Thu Jul 17 11:45:14 2025,17-Jul-2025,144515,48 39.294600 N,063 14.719800 W,2.4,199.4,A,Primary,Headline,44.734694,D,P,65109.000000
Thu Jul 17 11:45:14 2025,17-Jul-2025,144516,48 39.293900 N,063 14.720300 W,2.4,199.1,A,Primary,Headline,44.734694,D,P,65109.000000
Thu Jul 17 11:45:18 2025,17-Jul-2025,144517,48 39.293300 N,063 14.720600 W,2.4,198.7,A,DoorSpread,DoorMaster,5.750000,D,S,187874.000000
Thu Jul 17 11:45:19 2025,17-Jul-2025,144518,48 39.292600 N,063 14.720800 W,2.5,198.3,A,Primary,Headline,7.673469,D,P,103987.000000
Thu Jul 17 11:45:19 2025,17-Jul-2025,144519,48 39.292000 N,063 14.721100 W,2.5,198.3,A,Primary,Headline,7.673469,D,P,103987.000000
Thu Jul 17 11:45:21 2025,17-Jul-2025,144520,48 39.291300 N,063 14.721400 W,2.5,198.3,A,Depth,Depth,97.777778,D,P,138701.000000
Thu Jul 17 11:45:21 2025,17-Jul-2025,144521,48 39.290700 N,063 14.721600 W,2.4,198.3,A,Depth,Depth,97.777778,D,P,138701.000000
Thu Jul 17 11:45:21 2025,17-Jul-2025,144522,48 39.290100 N,063 14.721800 W,2.4,198.2,A,Depth,Depth,97.777778,D,P,138701.000000
Thu Jul 17 11:45:23 2025,17-Jul-2025,144523,48 39.289600 N,063 14.722000 W,2.4,198.1,A,DoorSpread,DoorMaster,5.710000,D,S,221669.000000
Thu Jul 17 11:45:25 2025,17-Jul-2025,144524,48 39.289000 N,063 14.722200 W,2.4,197.9,A,Primary,Headline,42.061224,D,S,109501.000000
Thu Jul 17 11:45:25 2025,17-Jul-2025,144525,48 39.288200 N,063 14.722500 W,2.5,197.6,A,Primary,Headline,42.061224,D,S,109501.000000
Thu Jul 17 11:45:25 2025,17-Jul-2025,144526,48 39.287600 N,063 14.722800 W,2.5,197.6,A,Primary,Headline,42.061224,D,S,109501.000000
Thu Jul 17 11:45:28 2025,17-Jul-2025,144527,48 39.286800 N,063 14.723000 W,2.5,197.6,A,Depth,Depth,95.000000,D,P,163104.000000
Thu Jul 17 11:45:29 2025,17-Jul-2025,144528,48 39.286100 N,063 14.723300 W,2.6,196.9,A,DoorSpread,DoorMaster,5.855000,D,S,232402.000000
Thu Jul 17 11:45:29 2025,17-Jul-2025,144529,48 39.285200 N,063 14.723500 W,2.6,196.5,A,DoorSpread,DoorMaster,5.855000,D,S,232402.000000
Thu Jul 17 11:45:31 2025,17-Jul-2025,144530,48 39.284600 N,063 14.724000 W,2.6,196.5,A,Primary,Headline,44.734694,D,S,153539.000000
Thu Jul 17 11:45:31 2025,17-Jul-2025,144531,48 39.284000 N,063 14.724600 W,2.5,196.9,A,Primary,Headline,44.734694,D,S,153539.000000
Thu Jul 17 11:45:31 2025,17-Jul-2025,144532,48 39.283500 N,063 14.725000 W,2.4,197.2,A,Primary,Headline,44.734694,D,S,153539.000000
Thu Jul 17 11:45:31 2025,17-Jul-2025,144533,48 39.282800 N,063 14.725500 W,2.4,197.2,A,Primary,Headline,44.734694,D,S,153539.000000
Thu Jul 17 11:45:34 2025,17-Jul-2025,144534,48 39.282100 N,063 14.726000 W,2.4,197.5,A,DoorSpread,DoorMaster,6.230000,D,S,18935.000000
Thu Jul 17 11:45:36 2025,17-Jul-2025,144535,48 39.281500 N,063 14.726400 W,2.4,197.8,A,Primary,Headline,7.775510,D,P,67206.000000
Thu Jul 17 11:45:36 2025,17-Jul-2025,144536,48 39.281000 N,063 14.726800 W,2.4,198.2,A,Primary,Headline,7.775510,D,P,67206.000000
Thu Jul 17 11:45:36 2025,17-Jul-2025,144537,48 39.280400 N,063 14.727200 W,2.4,198.7,A,Primary,Headline,7.775510,D,P,67206.000000
Thu Jul 17 11:45:36 2025,17-Jul-2025,144538,48 39.279700 N,063 14.727600 W,2.4,199.0,A,Primary,Headline,7.775510,D,P,67206.000000
Thu Jul 17 11:45:40 2025,17-Jul-2025,144539,48 39.279100 N,063 14.728000 W,2.4,199.3,A,DoorSpread,DoorMaster,5.445000,D,S,138955.000000
Thu Jul 17 11:45:41 2025,17-Jul-2025,144540,48 39.278500 N,063 14.728200 W,2.4,199.2,A,Primary,Headline,38.408163,D,P,133229.000000
Thu Jul 17 11:45:41 2025,17-Jul-2025,144541,48 39.277800 N,063 14.728400 W,2.4,199.0,A,Primary,Headline,38.408163,D,P,133229.000000
Thu Jul 17 11:45:43 2025,17-Jul-2025,144542,48 39.277100 N,063 14.728800 W,2.4,199.1,A,Depth,Depth,85.277778,D,P,137597.000000
Thu Jul 17 11:45:43 2025,17-Jul-2025,144543,48 39.276500 N,063 14.729100 W,2.4,199.5,A,Depth,Depth,85.277778,D,P,137597.000000
Thu Jul 17 11:45:43 2025,17-Jul-2025,144544,48 39.276000 N,063 14.729400 W,2.3,200.0,A,Depth,Depth,85.277778,D,P,137597.000000
Thu Jul 17 11:45:46 2025,17-Jul-2025,144545,48 39.275400 N,063 14.729600 W,2.4,200.2,A,DoorSpread,DoorMaster,5.705000,D,S,149988.000000
Thu Jul 17 11:45:47 2025,17-Jul-2025,144546,48 39.274800 N,063 14.729900 W,2.4,200.3,A,Primary,Headline,26.000000,D,S,220059.000000
Thu Jul 17 11:45:47 2025,17-Jul-2025,144547,48 39.274100 N,063 14.730200 W,2.4,200.3,A,Primary,Headline,26.000000,D,S,220059.000000
Thu Jul 17 11:45:47 2025,17-Jul-2025,144548,48 39.273500 N,063 14.730600 W,2.4,200.5,A,Primary,Headline,26.000000,D,S,220059.000000
Thu Jul 17 11:45:50 2025,17-Jul-2025,144549,48 39.272900 N,063 14.730900 W,2.4,200.8,A,Depth,Depth,84.814815,D,P,200358.000000
Thu Jul 17 11:45:51 2025,17-Jul-2025,144550,48 39.272200 N,063 14.731300 W,2.4,201.1,A,DoorSpread,DoorMaster,5.720000,D,S,206822.000000
Thu Jul 17 11:45:51 2025,17-Jul-2025,144551,48 39.271600 N,063 14.731800 W,2.4,201.5,A,DoorSpread,DoorMaster,5.720000,D,S,206822.000000
Thu Jul 17 11:45:53 2025,17-Jul-2025,144552,48 39.270900 N,063 14.732300 W,2.4,201.9,A,Primary,Headline,45.918367,D,S,126170.000000
Thu Jul 17 11:45:53 2025,17-Jul-2025,144553,48 39.270300 N,063 14.732700 W,2.4,202.3,A,Primary,Headline,45.918367,D,S,126170.000000
Thu Jul 17 11:45:53 2025,17-Jul-2025,144554,48 39.269700 N,063 14.733000 W,2.4,202.3,A,Primary,Headline,45.918367,D,S,126170.000000
Thu Jul 17 11:45:53 2025,17-Jul-2025,144555,48 39.269100 N,063 14.733500 W,2.4,202.2,A,Primary,Headline,45.918367,D,S,126170.000000
Thu Jul 17 11:45:57 2025,17-Jul-2025,144556,48 39.268400 N,063 14.733900 W,2.5,202.2,A,Depth,Depth,81.481481,D,S,96933.000000
Thu Jul 17 11:45:58 2025,17-Jul-2025,144557,48 39.267800 N,063 14.734300 W,2.5,202.2,A,Primary,Headline,15.632653,D,S,141502.000000
Thu Jul 17 11:45:58 2025,17-Jul-2025,144558,48 39.267200 N,063 14.734700 W,2.5,202.1,A,Primary,Headline,15.632653,D,S,141502.000000
Thu Jul 17 11:45:58 2025,17-Jul-2025,144559,48 39.266700 N,063 14.735000 W,2.5,202.3,A,Primary,Headline,15.632653,D,S,141502.000000
Thu Jul 17 11:45:58 2025,17-Jul-2025,144600,48 39.266200 N,063 14.735400 W,2.5,202.4,A,Primary,Headline,15.632653,D,S,141502.000000
Thu Jul 17 11:46:02 2025,17-Jul-2025,144601,48 39.265500 N,063 14.735700 W,2.5,202.0,A,DoorSpread,DoorMaster,5.785000,D,S,142823.000000
Thu Jul 17 11:46:02 2025,17-Jul-2025,144602,48 39.265000 N,063 14.736000 W,2.5,201.9,A,DoorSpread,DoorMaster,5.785000,D,S,142823.000000
Thu Jul 17 11:46:04 2025,17-Jul-2025,144603,48 39.264400 N,063 14.736400 W,2.5,202.2,A,Primary,Headline,47.489796,D,P,213823.000000
Thu Jul 17 11:46:05 2025,17-Jul-2025,144604,48 39.263800 N,063 14.736800 W,2.5,202.3,A,Depth,Depth,78.611111,D,P,93824.000000
Thu Jul 17 11:46:05 2025,17-Jul-2025,144605,48 39.263100 N,063 14.737000 W,2.4,202.0,A,Depth,Depth,78.611111,D,P,93824.000000
Thu Jul 17 11:46:05 2025,17-Jul-2025,144606,48 39.262500 N,063 14.737100 W,2.5,202.0,A,Depth,Depth,78.611111,D,P,93824.000000
Thu Jul 17 11:46:08 2025,17-Jul-2025,144607,48 39.261800 N,063 14.737400 W,2.5,201.7,A,DoorSpread,DoorMaster,5.960000,D,S,116671.000000
Thu Jul 17 11:46:09 2025,17-Jul-2025,144608,48 39.261000 N,063 14.737600 W,2.5,200.6,A,Primary,Headline,31.224490,D,P,231522.000000
Thu Jul 17 11:46:09 2025,17-Jul-2025,144609,48 39.260300 N,063 14.737700 W,2.5,200.0,A,Primary,Headline,31.224490,D,P,231522.000000
Thu Jul 17 11:46:09 2025,17-Jul-2025,144610,48 39.259700 N,063 14.738000 W,2.6,199.4,A,Primary,Headline,31.224490,D,P,231522.000000
Thu Jul 17 11:46:12 2025,17-Jul-2025,144611,48 39.259000 N,063 14.738200 W,2.6,198.7,A,Depth,Depth,72.685185,D,S,103825.000000
Thu Jul 17 11:46:12 2025,17-Jul-2025,144612,48 39.258300 N,063 14.738300 W,2.6,197.8,A,Depth,Depth,72.685185,D,S,103825.000000
Thu Jul 17 11:46:13 2025,17-Jul-2025,144613,48 39.257600 N,063 14.738600 W,2.6,197.3,A,DoorSpread,DoorMaster,5.715000,D,S,120516.000000
Thu Jul 17 11:46:15 2025,17-Jul-2025,144614,48 39.256900 N,063 14.739000 W,2.5,197.0,A,Primary,Headline,36.040816,D,P,252800.000000
Thu Jul 17 11:46:15 2025,17-Jul-2025,144615,48 39.256300 N,063 14.739400 W,2.4,197.0,A,Primary,Headline,36.040816,D,P,252800.000000
Thu Jul 17 11:46:15 2025,17-Jul-2025,144616,48 39.255800 N,063 14.739900 W,2.4,197.4,A,Primary,Headline,36.040816,D,P,252800.000000
Thu Jul 17 11:46:15 2025,17-Jul-2025,144617,48 39.255200 N,063 14.740400 W,2.4,197.7,A,Primary,Headline,36.040816,D,P,252800.000000
Thu Jul 17 11:46:19 2025,17-Jul-2025,144618,48 39.254600 N,063 14.740900 W,2.3,198.2,A,Depth,Depth,72.500000,D,P,296698.000000
Thu Jul 17 11:46:20 2025,17-Jul-2025,144619,48 39.254000 N,063 14.741400 W,2.3,198.6,A,Primary,Headline,32.306122,D,S,320459.000000
Thu Jul 17 11:46:20 2025,17-Jul-2025,144620,48 39.253400 N,063 14.741700 W,2.3,198.5,A,Primary,Headline,32.306122,D,S,320459.000000
Thu Jul 17 11:46:20 2025,17-Jul-2025,144621,48 39.252800 N,063 14.742100 W,2.4,198.4,A,Primary,Headline,32.306122,D,S,320459.000000
Thu Jul 17 11:46:20 2025,17-Jul-2025,144622,48 39.252200 N,063 14.742500 W,2.3,198.3,A,Primary,Headline,32.306122,D,S,320459.000000
Thu Jul 17 11:46:20 2025,17-Jul-2025,144623,48 39.251700 N,063 14.742800 W,2.4,198.1,A,Primary,Headline,32.306122,D,S,320459.000000
Thu Jul 17 11:46:25 2025,17-Jul-2025,144624,48 39.251000 N,063 14.743100 W,2.4,197.9,A,DoorSpread,DoorMaster,5.615000,D,S,90590.000000
Thu Jul 17 11:46:26 2025,17-Jul-2025,144625,48 39.250400 N,063 14.743200 W,2.4,197.4,A,Primary,Headline,22.163265,D,P,422381.000000
Thu Jul 17 11:46:26 2025,17-Jul-2025,144626,48 39.249800 N,063 14.743300 W,2.4,197.1,A,Depth,Depth,63.425926,D,S,138945.000000
Thu Jul 17 11:46:26 2025,17-Jul-2025,144627,48 39.249200 N,063 14.743500 W,2.4,197.0,A,Depth,Depth,63.425926,D,S,138945.000000
Thu Jul 17 11:46:26 2025,17-Jul-2025,144628,48 39.248600 N,063 14.743700 W,2.4,197.2,A,Depth,Depth,63.425926,D,S,138945.000000
Thu Jul 17 11:46:30 2025,17-Jul-2025,144629,48 39.248000 N,063 14.743900 W,2.4,197.2,A,DoorSpread,DoorMaster,5.625000,D,S,112660.000000
Thu Jul 17 11:46:31 2025,17-Jul-2025,144630,48 39.247300 N,063 14.744200 W,2.4,197.0,A,Primary,Headline,18.040816,D,P,255498.000000
Thu Jul 17 11:46:31 2025,17-Jul-2025,144631,48 39.246600 N,063 14.744300 W,2.5,196.4,A,Primary,Headline,18.040816,D,P,255498.000000
Thu Jul 17 11:46:31 2025,17-Jul-2025,144632,48 39.245900 N,063 14.744500 W,2.4,196.3,A,Primary,Headline,18.040816,D,P,255498.000000
Thu Jul 17 11:46:34 2025,17-Jul-2025,144633,48 39.245200 N,063 14.744900 W,2.5,196.2,A,Depth,Depth,66.574074,D,S,275618.000000
Thu Jul 17 11:46:34 2025,17-Jul-2025,144634,48 39.244500 N,063 14.745200 W,2.5,196.0,A,Depth,Depth,66.574074,D,S,275618.000000
Thu Jul 17 11:46:36 2025,17-Jul-2025,144635,48 39.243800 N,063 14.745500 W,2.5,196.0,A,DoorSpread,DoorMaster,5.540000,D,S,66337.000000
Thu Jul 17 11:46:36 2025,17-Jul-2025,144636,48 39.243100 N,063 14.745700 W,2.5,196.0,A,Primary,Headline,37.183673,D,P,218942.000000
Thu Jul 17 11:46:36 2025,17-Jul-2025,144637,48 39.242400 N,063 14.746000 W,2.5,195.9,A,Primary,Headline,37.183673,D,P,218942.000000
Thu Jul 17 11:46:36 2025,17-Jul-2025,144638,48 39.241800 N,063 14.746400 W,2.5,195.9,A,Primary,Headline,37.183673,D,P,218942.000000
Thu Jul 17 11:46:36 2025,17-Jul-2025,144639,48 39.241100 N,063 14.746700 W,2.5,195.7,A,Primary,Headline,37.183673,D,P,218942.000000
Thu Jul 17 11:46:41 2025,17-Jul-2025,144640,48 39.240500 N,063 14.747100 W,2.5,195.7,A,DoorSpread,DoorMaster,5.380000,D,S,353600.000000
Thu Jul 17 11:46:42 2025,17-Jul-2025,144641,48 39.239900 N,063 14.747500 W,2.5,196.0,A,Primary,Headline,18.653061,D,P,95281.000000
Thu Jul 17 11:46:42 2025,17-Jul-2025,144642,48 39.239200 N,063 14.747900 W,2.5,196.2,A,Primary,Headline,18.653061,D,P,95281.000000
Thu Jul 17 11:46:42 2025,17-Jul-2025,144643,48 39.238600 N,063 14.748200 W,2.4,196.5,A,Primary,Headline,18.653061,D,P,95281.000000
Thu Jul 17 11:46:42 2025,17-Jul-2025,144644,48 39.238100 N,063 14.748700 W,2.4,197.1,A,Primary,Headline,18.653061,D,P,95281.000000
Thu Jul 17 11:46:42 2025,17-Jul-2025,144645,48 39.237700 N,063 14.749200 W,2.3,198.0,A,Primary,Headline,18.653061,D,P,95281.000000
Thu Jul 17 11:46:47 2025,17-Jul-2025,144646,48 39.237100 N,063 14.749600 W,2.3,198.7,A,Primary,Headline,29.224490,D,S,129665.000000
Thu Jul 17 11:46:48 2025,17-Jul-2025,144647,48 39.236500 N,063 14.750000 W,2.4,199.0,A,Depth,Depth,61.666667,D,P,48330.000000
Thu Jul 17 11:46:48 2025,17-Jul-2025,144648,48 39.235900 N,063 14.750300 W,2.4,199.0,A,Depth,Depth,61.666667,D,P,48330.000000
Thu Jul 17 11:46:48 2025,17-Jul-2025,144649,48 39.235300 N,063 14.750600 W,2.4,199.1,A,Depth,Depth,61.666667,D,P,48330.000000
Thu Jul 17 11:46:48 2025,17-Jul-2025,144650,48 39.234600 N,063 14.751000 W,2.4,199.2,A,Depth,Depth,61.666667,D,P,48330.000000
Thu Jul 17 11:46:52 2025,17-Jul-2025,144651,48 39.234100 N,063 14.751400 W,2.4,199.4,A,DoorSpread,DoorMaster,5.575000,D,S,141280.000000
Thu Jul 17 11:46:53 2025,17-Jul-2025,144652,48 39.233500 N,063 14.751900 W,2.4,199.7,A,Primary,Headline,52.530612,D,P,160676.000000
Thu Jul 17 11:46:53 2025,17-Jul-2025,144653,48 39.232900 N,063 14.752300 W,2.4,199.9,A,Primary,Headline,52.530612,D,P,160676.000000
Thu Jul 17 11:46:55 2025,17-Jul-2025,144654,48 39.232300 N,063 14.752800 W,2.3,200.2,A,Depth,Depth,56.481481,D,S,222053.000000
Thu Jul 17 11:46:55 2025,17-Jul-2025,144655,48 39.231800 N,063 14.753100 W,2.4,200.2,A,Depth,Depth,56.481481,D,S,222053.000000
Thu Jul 17 11:46:55 2025,17-Jul-2025,144656,48 39.231200 N,063 14.753400 W,2.4,200.1,A,Depth,Depth,56.481481,D,S,222053.000000
Thu Jul 17 11:46:58 2025,17-Jul-2025,144657,48 39.230600 N,063 14.753700 W,2.4,200.0,A,Primary,Headline,7.571429,D,S,191089.000000
Thu Jul 17 11:46:58 2025,17-Jul-2025,144658,48 39.230100 N,063 14.754000 W,2.3,200.1,A,Primary,Headline,7.571429,D,S,191089.000000
Thu Jul 17 11:46:58 2025,17-Jul-2025,144659,48 39.229500 N,063 14.754300 W,2.3,200.0,A,Primary,Headline,7.571429,D,S,191089.000000
Thu Jul 17 11:46:58 2025,17-Jul-2025,144700,48 39.228800 N,063 14.754600 W,2.3,200.0,A,Primary,Headline,7.571429,D,S,191089.000000
Thu Jul 17 11:46:58 2025,17-Jul-2025,144701,48 39.228200 N,063 14.754900 W,2.3,199.8,A,Primary,Headline,7.571429,D,S,191089.000000
Thu Jul 17 11:47:03 2025,17-Jul-2025,144702,48 39.227600 N,063 14.755300 W,2.3,199.7,A,DoorSpread,DoorMaster,5.635000,D,S,239729.000000
Thu Jul 17 11:47:04 2025,17-Jul-2025,144703,48 39.226900 N,063 14.755600 W,2.3,199.4,A,Primary,Headline,47.979592,D,P,155467.000000
Thu Jul 17 11:47:04 2025,17-Jul-2025,144704,48 39.226300 N,063 14.755800 W,2.4,198.6,A,Primary,Headline,47.979592,D,P,155467.000000
Thu Jul 17 11:47:04 2025,17-Jul-2025,144705,48 39.225600 N,063 14.756000 W,2.4,197.9,A,Primary,Headline,47.979592,D,P,155467.000000
Thu Jul 17 11:47:04 2025,17-Jul-2025,144706,48 39.225000 N,063 14.756200 W,2.4,197.6,A,Primary,Headline,47.979592,D,P,155467.000000
Thu Jul 17 11:47:04 2025,17-Jul-2025,144707,48 39.224300 N,063 14.756400 W,2.5,196.2,A,Primary,Headline,47.979592,D,P,155467.000000
Thu Jul 17 11:47:09 2025,17-Jul-2025,144708,48 39.223600 N,063 14.756300 W,2.5,195.2,A,DoorSpread,DoorMaster,5.640000,D,P,162056.000000
Thu Jul 17 11:47:10 2025,17-Jul-2025,144709,48 39.222900 N,063 14.756500 W,2.4,194.8,A,Depth,Depth,51.944444,D,S,334216.000000
Thu Jul 17 11:47:10 2025,17-Jul-2025,144710,48 39.222400 N,063 14.756700 W,2.4,194.8,A,Depth,Depth,51.944444,D,S,334216.000000
Thu Jul 17 11:47:10 2025,17-Jul-2025,144711,48 39.221800 N,063 14.757000 W,2.3,194.9,A,Depth,Depth,51.944444,D,S,334216.000000
Thu Jul 17 11:47:10 2025,17-Jul-2025,144712,48 39.221200 N,063 14.757300 W,2.3,195.2,A,Depth,Depth,51.944444,D,S,334216.000000
Thu Jul 17 11:47:14 2025,17-Jul-2025,144713,48 39.220600 N,063 14.757700 W,2.3,195.4,A,DoorSpread,DoorMaster,5.795000,D,S,99838.000000
Thu Jul 17 11:47:15 2025,17-Jul-2025,144714,48 39.220100 N,063 14.757900 W,2.3,195.4,A,Primary,Headline,16.836735,D,S,267887.000000
Thu Jul 17 11:47:15 2025,17-Jul-2025,144715,48 39.219600 N,063 14.758100 W,2.3,195.5,A,Primary,Headline,16.836735,D,S,267887.000000
Thu Jul 17 11:47:17 2025,17-Jul-2025,144716,48 39.219000 N,063 14.758500 W,2.3,195.5,A,Depth,Depth,46.111111,D,S,428997.000000
Thu Jul 17 11:47:17 2025,17-Jul-2025,144717,48 39.218300 N,063 14.758800 W,2.3,195.3,A,Depth,Depth,46.111111,D,S,428997.000000
Thu Jul 17 11:47:17 2025,17-Jul-2025,144718,48 39.217600 N,063 14.759100 W,2.3,195.3,A,Depth,Depth,46.111111,D,S,428997.000000
Thu Jul 17 11:47:20 2025,17-Jul-2025,144719,48 39.217000 N,063 14.759400 W,2.2,195.5,A,Primary,Headline,25.755102,D,P,291931.000000
Thu Jul 17 11:47:20 2025,17-Jul-2025,144720,48 39.216500 N,063 14.759700 W,2.2,195.6,A,Primary,Headline,25.755102,D,P,291931.000000
Thu Jul 17 11:47:20 2025,17-Jul-2025,144721,48 39.215900 N,063 14.760000 W,2.3,195.4,A,Primary,Headline,25.755102,D,P,291931.000000
Thu Jul 17 11:47:20 2025,17-Jul-2025,144722,48 39.215300 N,063 14.760100 W,2.3,195.2,A,Primary,Headline,25.755102,D,P,291931.000000
Thu Jul 17 11:47:24 2025,17-Jul-2025,144723,48 39.214700 N,063 14.760300 W,2.2,195.1,A,Depth,Depth,44.444444,D,P,260790.000000
Thu Jul 17 11:47:25 2025,17-Jul-2025,144724,48 39.214100 N,063 14.760500 W,2.2,195.1,A,DoorSpread,DoorMaster,5.940000,D,P,264850.000000
Thu Jul 17 11:47:26 2025,17-Jul-2025,144725,48 39.213500 N,063 14.760800 W,2.2,195.2,A,DoorSpread,DoorMaster,5.935000,D,S,521720.000000
Thu Jul 17 11:47:26 2025,17-Jul-2025,144726,48 39.212800 N,063 14.761100 W,2.2,195.1,A,DoorSpread,DoorMaster,5.935000,D,S,521720.000000
Thu Jul 17 11:47:26 2025,17-Jul-2025,144727,48 39.212200 N,063 14.761400 W,2.2,195.0,A,DoorSpread,DoorMaster,5.935000,D,S,521720.000000
Thu Jul 17 11:47:26 2025,17-Jul-2025,144728,48 39.211700 N,063 14.761700 W,2.2,195.2,A,DoorSpread,DoorMaster,5.935000,D,S,521720.000000
Thu Jul 17 11:47:26 2025,17-Jul-2025,144729,48 39.211100 N,063 14.762100 W,2.1,195.4,A,DoorSpread,DoorMaster,5.935000,D,S,521720.000000
Thu Jul 17 11:47:31 2025,17-Jul-2025,144730,48 39.210600 N,063 14.762300 W,2.1,195.5,A,Depth,Depth,43.055556,D,S,333260.000000
Thu Jul 17 11:47:31 2025,17-Jul-2025,144731,48 39.210100 N,063 14.762600 W,2.1,195.8,A,Depth,Depth,43.055556,D,S,333260.000000
Thu Jul 17 11:47:31 2025,17-Jul-2025,144732,48 39.209500 N,063 14.762900 W,2.1,196.0,A,Depth,Depth,43.055556,D,S,333260.000000
Thu Jul 17 11:47:31 2025,17-Jul-2025,144733,48 39.209000 N,063 14.763000 W,2.1,196.0,A,Depth,Depth,43.055556,D,S,333260.000000
Thu Jul 17 11:47:31 2025,17-Jul-2025,144734,48 39.208500 N,063 14.763200 W,2.1,196.1,A,Depth,Depth,43.055556,D,S,333260.000000
Thu Jul 17 11:47:36 2025,17-Jul-2025,144735,48 39.208100 N,063 14.763300 W,2.1,196.1,A,Primary,Headline,30.877551,D,S,429138.000000
Thu Jul 17 11:47:37 2025,17-Jul-2025,144736,48 39.207600 N,063 14.763500 W,2.0,196.2,A,DoorSpread,DoorMaster,5.790000,D,S,241220.000000
Thu Jul 17 11:47:38 2025,17-Jul-2025,144737,48 39.207100 N,063 14.763600 W,2.0,195.9,A,Depth,Depth,38.981481,D,S,297916.000000
Thu Jul 17 11:47:38 2025,17-Jul-2025,144738,48 39.206600 N,063 14.763800 W,2.0,195.7,A,Depth,Depth,38.981481,D,S,297916.000000
Thu Jul 17 11:47:38 2025,17-Jul-2025,144739,48 39.206000 N,063 14.764000 W,2.1,195.5,A,Depth,Depth,38.981481,D,S,297916.000000
Thu Jul 17 11:47:38 2025,17-Jul-2025,144740,48 39.205500 N,063 14.764100 W,2.1,195.5,A,Depth,Depth,38.981481,D,S,297916.000000
Thu Jul 17 11:47:42 2025,17-Jul-2025,144741,48 39.205000 N,063 14.764300 W,2.1,195.4,A,DoorSpread,DoorMaster,5.495000,D,S,226847.000000
Thu Jul 17 11:47:42 2025,17-Jul-2025,144742,48 39.204500 N,063 14.764400 W,2.1,195.0,A,DoorSpread,DoorMaster,5.495000,D,S,226847.000000
Thu Jul 17 11:47:42 2025,17-Jul-2025,144743,48 39.203900 N,063 14.764600 W,2.1,194.9,A,DoorSpread,DoorMaster,5.495000,D,S,226847.000000
Thu Jul 17 11:47:42 2025,17-Jul-2025,144744,48 39.203400 N,063 14.764800 W,2.1,194.8,A,DoorSpread,DoorMaster,5.495000,D,S,226847.000000
Thu Jul 17 11:47:45 2025,17-Jul-2025,144745,48 39.202900 N,063 14.765100 W,2.0,194.8,A,Depth,Depth,36.203704,D,S,308242.000000
Thu Jul 17 11:47:45 2025,17-Jul-2025,144746,48 39.202400 N,063 14.765400 W,2.0,194.8,A,Depth,Depth,36.203704,D,S,308242.000000
Thu Jul 17 11:47:48 2025,17-Jul-2025,144747,48 39.201900 N,063 14.765800 W,2.1,194.6,A,DoorSpread,DoorMaster,5.545000,D,P,193086.000000
Thu Jul 17 11:47:48 2025,17-Jul-2025,144748,48 39.201400 N,063 14.766000 W,2.1,194.5,A,DoorSpread,DoorMaster,5.545000,D,P,193086.000000
Thu Jul 17 11:47:48 2025,17-Jul-2025,144749,48 39.200900 N,063 14.766300 W,2.0,194.5,A,DoorSpread,DoorMaster,5.545000,D,P,193086.000000
Thu Jul 17 11:47:48 2025,17-Jul-2025,144750,48 39.200400 N,063 14.766600 W,2.1,194.4,A,DoorSpread,DoorMaster,5.545000,D,P,193086.000000
Thu Jul 17 11:47:48 2025,17-Jul-2025,144751,48 39.200000 N,063 14.766800 W,2.1,194.1,A,DoorSpread,DoorMaster,5.545000,D,P,193086.000000
Thu Jul 17 11:47:53 2025,17-Jul-2025,144752,48 39.199500 N,063 14.767000 W,2.1,193.9,A,Primary,Headline,49.469388,D,S,407204.000000
Thu Jul 17 11:47:53 2025,17-Jul-2025,144753,48 39.199000 N,063 14.767200 W,2.1,193.7,A,Primary,Headline,49.469388,D,S,407204.000000
Thu Jul 17 11:47:53 2025,17-Jul-2025,144754,48 39.198600 N,063 14.767400 W,2.1,193.5,A,Primary,Headline,49.469388,D,S,407204.000000
Thu Jul 17 11:47:53 2025,17-Jul-2025,144755,48 39.198200 N,063 14.767700 W,2.0,193.7,A,Primary,Headline,49.469388,D,S,407204.000000
Thu Jul 17 11:47:53 2025,17-Jul-2025,144756,48 39.197600 N,063 14.768100 W,2.1,193.9,A,Primary,Headline,49.469388,D,S,407204.000000
Thu Jul 17 11:47:53 2025,17-Jul-2025,144757,48 39.197000 N,063 14.768500 W,2.1,193.9,A,Primary,Headline,49.469388,D,S,407204.000000
Thu Jul 17 11:47:59 2025,17-Jul-2025,144758,48 39.196500 N,063 14.768800 W,2.0,193.9,A,Primary,Headline,30.469388,D,S,437242.000000
Thu Jul 17 11:48:00 2025,17-Jul-2025,144759,48 39.195900 N,063 14.769000 W,2.1,193.7,A,Depth,Depth,31.759259,D,S,470306.000000
Thu Jul 17 11:48:00 2025,17-Jul-2025,144800,48 39.195300 N,063 14.769200 W,2.1,193.2,A,Depth,Depth,31.759259,D,S,470306.000000
Thu Jul 17 11:48:00 2025,17-Jul-2025,144801,48 39.194700 N,063 14.769400 W,2.1,192.8,A,Depth,Depth,31.759259,D,S,470306.000000
Thu Jul 17 11:48:00 2025,17-Jul-2025,144802,48 39.194100 N,063 14.769600 W,2.1,192.7,A,Depth,Depth,31.759259,D,S,470306.000000
Thu Jul 17 11:48:04 2025,17-Jul-2025,144803,48 39.193600 N,063 14.770000 W,2.1,192.5,A,DoorSpread,DoorMaster,5.275000,D,S,341918.000000
Thu Jul 17 11:48:05 2025,17-Jul-2025,144804,48 39.193000 N,063 14.770200 W,2.1,192.2,A,Primary,Headline,54.489796,D,S,464185.000000
Thu Jul 17 11:48:05 2025,17-Jul-2025,144805,48 39.192400 N,063 14.770300 W,2.2,191.7,A,Primary,Headline,54.489796,D,S,464185.000000
Thu Jul 17 11:48:07 2025,17-Jul-2025,144806,48 39.191700 N,063 14.770500 W,2.2,191.3,A,Depth,Depth,28.703704,D,S,460556.000000
Thu Jul 17 11:48:07 2025,17-Jul-2025,144807,48 39.191100 N,063 14.770700 W,2.2,191.0,A,Depth,Depth,28.703704,D,S,460556.000000
Thu Jul 17 11:48:07 2025,17-Jul-2025,144808,48 39.190600 N,063 14.770800 W,2.1,190.6,A,Depth,Depth,28.703704,D,S,460556.000000
Thu Jul 17 11:48:10 2025,17-Jul-2025,144809,48 39.190000 N,063 14.770900 W,2.2,190.7,A,Primary,Headline,20.061224,D,S,209560.000000
Thu Jul 17 11:48:10 2025,17-Jul-2025,144810,48 39.189300 N,063 14.771200 W,2.2,191.0,A,Primary,Headline,20.061224,D,S,209560.000000
Thu Jul 17 11:48:10 2025,17-Jul-2025,144811,48 39.188800 N,063 14.771400 W,2.1,191.2,A,Primary,Headline,20.061224,D,S,209560.000000
Thu Jul 17 11:48:10 2025,17-Jul-2025,144812,48 39.188300 N,063 14.771500 W,2.1,191.5,A,Primary,Headline,20.061224,D,S,209560.000000
Thu Jul 17 11:48:14 2025,17-Jul-2025,144813,48 39.187800 N,063 14.771700 W,2.1,191.9,A,Depth,Depth,27.037037,D,S,94150.000000
Thu Jul 17 11:48:15 2025,17-Jul-2025,144814,48 39.187300 N,063 14.771900 W,2.1,192.2,A,DoorSpread,DoorMaster,5.415000,D,P,95590.000000
Thu Jul 17 11:48:15 2025,17-Jul-2025,144815,48 39.186800 N,063 14.772000 W,2.0,192.3,A,DoorSpread,DoorMaster,8.730000,D,S,14201.000000
Thu Jul 17 11:48:15 2025,17-Jul-2025,144816,48 39.186400 N,063 14.772000 W,2.0,192.1,A,DoorSpread,DoorMaster,8.730000,D,S,14201.000000
Thu Jul 17 11:48:15 2025,17-Jul-2025,144817,48 39.185900 N,063 14.772200 W,2.0,192.1,A,DoorSpread,DoorMaster,8.730000,D,S,14201.000000
Thu Jul 17 11:48:15 2025,17-Jul-2025,144818,48 39.185400 N,063 14.772400 W,1.9,192.0,A,DoorSpread,DoorMaster,8.730000,D,S,14201.000000
Thu Jul 17 11:48:20 2025,17-Jul-2025,144819,48 39.185000 N,063 14.772500 W,1.9,191.9,A,Primary,Headline,20.979592,D,S,50383.000000
Thu Jul 17 11:48:21 2025,17-Jul-2025,144820,48 39.184500 N,063 14.772600 W,1.9,191.6,A,Depth,Depth,32.500000,D,S,33544.000000
Thu Jul 17 11:48:21 2025,17-Jul-2025,144821,48 39.183900 N,063 14.772700 W,1.9,191.0,A,Depth,Depth,32.500000,D,S,33544.000000
Thu Jul 17 11:48:21 2025,17-Jul-2025,144822,48 39.183300 N,063 14.772900 W,1.9,190.4,A,Depth,Depth,32.500000,D,S,33544.000000
Thu Jul 17 11:48:21 2025,17-Jul-2025,144823,48 39.182800 N,063 14.773100 W,1.9,189.9,A,Depth,Depth,32.500000,D,S,33544.000000
Thu Jul 17 11:48:21 2025,17-Jul-2025,144824,48 39.182300 N,063 14.773100 W,1.9,189.3,A,Depth,Depth,32.500000,D,S,33544.000000
Thu Jul 17 11:48:26 2025,17-Jul-2025,144825,48 39.181800 N,063 14.773100 W,1.9,188.6,A,DoorSpread,DoorMaster,5.210000,D,S,34126.000000
Thu Jul 17 11:48:26 2025,17-Jul-2025,144826,48 39.181400 N,063 14.773100 W,1.8,188.2,A,DoorSpread,DoorMaster,5.210000,D,S,34126.000000
Thu Jul 17 11:48:28 2025,17-Jul-2025,144827,48 39.180900 N,063 14.773200 W,1.8,187.9,A,Depth,Depth,13.240741,D,S,94142.000000
Thu Jul 17 11:48:28 2025,17-Jul-2025,144828,48 39.180500 N,063 14.773300 W,1.8,187.5,A,Depth,Depth,13.240741,D,S,94142.000000
Thu Jul 17 11:48:28 2025,17-Jul-2025,144829,48 39.180000 N,063 14.773500 W,1.8,187.5,A,Depth,Depth,13.240741,D,S,94142.000000
Thu Jul 17 11:48:30 2025,17-Jul-2025,144830,48 39.179600 N,063 14.773600 W,1.7,187.5,A,Primary,Headline,2.061224,D,S,59937.000000
Thu Jul 17 11:48:32 2025,17-Jul-2025,144831,48 39.179100 N,063 14.773700 W,1.7,187.5,A,DoorSpread,DoorMaster,4.950000,D,S,136365.000000
Thu Jul 17 11:48:32 2025,17-Jul-2025,144832,48 39.178700 N,063 14.773900 W,1.7,187.6,A,DoorSpread,DoorMaster,4.950000,D,S,136365.000000
Thu Jul 17 11:48:32 2025,17-Jul-2025,144833,48 39.178200 N,063 14.774000 W,1.7,187.7,A,DoorSpread,DoorMaster,4.950000,D,S,136365.000000
Thu Jul 17 11:48:35 2025,17-Jul-2025,144834,48 39.177700 N,063 14.774200 W,1.7,187.9,A,Depth,Depth,19.537037,D,S,35477.000000
Thu Jul 17 11:48:36 2025,17-Jul-2025,144835,48 39.177100 N,063 14.774400 W,1.8,187.9,A,Primary,Headline,2.448980,D,S,40451.000000
Thu Jul 17 11:48:36 2025,17-Jul-2025,144836,48 39.176500 N,063 14.774600 W,1.9,187.8,A,Primary,Headline,2.448980,D,S,40451.000000
Thu Jul 17 11:48:38 2025,17-Jul-2025,144837,48 39.176000 N,063 14.774600 W,1.9,187.7,A,DoorSpread,DoorMaster,5.180000,D,P,44716.000000
Thu Jul 17 11:48:38 2025,17-Jul-2025,144838,48 39.175500 N,063 14.774700 W,1.9,187.6,A,DoorSpread,DoorMaster,5.180000,D,P,44716.000000
Thu Jul 17 11:48:38 2025,17-Jul-2025,144839,48 39.175000 N,063 14.774600 W,1.9,187.3,A,DoorSpread,DoorMaster,5.180000,D,P,44716.000000
Thu Jul 17 11:48:41 2025,17-Jul-2025,144840,48 39.174500 N,063 14.774700 W,1.9,187.0,A,Primary,Headline,1.673469,D,P,115508.000000
Thu Jul 17 11:48:42 2025,17-Jul-2025,144841,48 39.174100 N,063 14.774600 W,1.9,186.7,A,Depth,Depth,19.444444,D,S,155181.000000
Thu Jul 17 11:48:43 2025,17-Jul-2025,144842,48 39.173600 N,063 14.774600 W,1.9,186.5,A,DoorSpread,DoorMaster,4.200000,D,S,396214.000000
Thu Jul 17 11:48:43 2025,17-Jul-2025,144843,48 39.173000 N,063 14.774800 W,2.0,186.5,A,DoorSpread,DoorMaster,4.200000,D,S,396214.000000
