Ship Number,Trip Number,Tow Number
Avalon Voyager,3,3
Comments
"Zone 12"
CPU Date and Time,GPS Date,GPS Time,Latitude,Longitude,Speed,Heading,Validity,Transducer Name,Sensor Name,Sensor Value,Error Code,Hydrophone,Signal Strength
,02-Sep-2025,111459,47 42.099000 N,062 56.207300 W,3.1,38.8,A,,,,,,
,02-Sep-2025,111500,47 42.099600 N,062 56.206300 W,3.1,38.7,A,,,,,,
,02-Sep-2025,111501,47 42.100200 N,062 56.205400 W,3.1,38.6,A,,,,,,
Tue Sep 02 08:14:57 2025,02-Sep-2025,111502,47 42.100800 N,062 56.204500 W,3.1,38.5,A,Primary,Headline,1.632653,D,S,57308.000000
Tue Sep 02 08:14:57 2025,02-Sep-2025,111503,47 42.101400 N,062 56.203600 W,3.0,38.6,A,Primary,Headline,1.632653,D,S,57308.000000
Tue Sep 02 08:14:57 2025,02-Sep-2025,111504,47 42.102000 N,062 56.202800 W,3.1,38.6,A,Primary,Headline,1.632653,D,S,57308.000000
Tue Sep 02 08:14:57 2025,02-Sep-2025,111505,47 42.102600 N,062 56.201900 W,3.0,38.6,A,Primary,Headline,1.632653,D,S,57308.000000
Tue Sep 02 08:14:57 2025,02-Sep-2025,111506,47 42.103300 N,062 56.201100 W,3.0,38.6,A,Primary,Headline,1.632653,D,S,57308.000000
Tue Sep 02 08:15:02 2025,02-Sep-2025,111507,47 42.103900 N,062 56.200200 W,3.0,38.8,A,Primary,Headline,1.755102,D,P,84565.000000
Tue Sep 02 08:15:02 2025,02-Sep-2025,111508,47 42.104600 N,062 56.199300 W,3.0,38.9,A,Primary,Headline,1.755102,D,P,84565.000000
Tue Sep 02 08:15:02 2025,02-Sep-2025,111509,47 42.105300 N,062 56.198500 W,3.0,38.9,A,Primary,Headline,1.755102,D,P,84565.000000
Tue Sep 02 08:15:02 2025,02-Sep-2025,111510,47 42.106100 N,062 56.197700 W,3.0,39.0,A,Primary,Headline,1.755102,D,P,84565.000000
Tue Sep 02 08:15:02 2025,02-Sep-2025,111511,47 42.106900 N,062 56.196900 W,3.0,39.2,A,Primary,Headline,1.755102,D,P,84565.000000
Tue Sep 02 08:15:02 2025,02-Sep-2025,111512,47 42.107600 N,062 56.196200 W,3.0,39.3,A,Primary,Headline,1.755102,D,P,84565.000000
Tue Sep 02 08:15:07 2025,02-Sep-2025,111513,47 42.108200 N,062 56.195300 W,3.0,39.4,A,DoorSpread,DoorMaster,1.595000,D,P,420436.000000
Tue Sep 02 08:15:08 2025,02-Sep-2025,111514,47 42.109000 N,062 56.194400 W,3.0,39.4,A,Primary,Headline,3.020408,D,P,71830.000000
Tue Sep 02 08:15:08 2025,02-Sep-2025,111515,47 42.109600 N,062 56.193600 W,3.0,39.4,A,Primary,Headline,3.020408,D,P,71830.000000
Tue Sep 02 08:15:08 2025,02-Sep-2025,111516,47 42.110300 N,062 56.192800 W,3.0,39.5,A,Primary,Headline,3.020408,D,P,71830.000000
Tue Sep 02 08:15:10 2025,02-Sep-2025,111517,47 42.110900 N,062 56.192000 W,3.0,39.6,A,Depth,Depth,1.851852,D,P,39668.000000
Tue Sep 02 08:15:13 2025,02-Sep-2025,111518,47 42.111600 N,062 56.191200 W,3.0,39.7,A,Primary,Headline,0.673469,D,P,86133.000000
Tue Sep 02 08:15:13 2025,02-Sep-2025,111519,47 42.112200 N,062 56.190500 W,3.0,39.6,A,Primary,Headline,0.673469,D,P,86133.000000
Tue Sep 02 08:15:13 2025,02-Sep-2025,111520,47 42.112900 N,062 56.189700 W,3.0,39.5,A,Primary,Headline,0.673469,D,P,86133.000000
Tue Sep 02 08:15:13 2025,02-Sep-2025,111521,47 42.113500 N,062 56.189000 W,3.0,39.6,A,Primary,Headline,0.673469,D,P,86133.000000
Tue Sep 02 08:15:13 2025,02-Sep-2025,111522,47 42.114100 N,062 56.188300 W,3.0,39.8,A,Primary,Headline,0.673469,D,P,86133.000000
Tue Sep 02 08:15:18 2025,02-Sep-2025,111523,47 42.114600 N,062 56.187500 W,3.0,39.7,A,Primary,Headline,2.653061,D,P,94234.000000
Tue Sep 02 08:15:18 2025,02-Sep-2025,111524,47 42.115200 N,062 56.186700 W,3.0,39.7,A,Primary,Headline,2.653061,D,P,94234.000000
Tue Sep 02 08:15:19 2025,02-Sep-2025,111525,47 42.115700 N,062 56.186000 W,3.0,39.7,A,Depth,Depth,60.277778,D,S,8396.000000
Tue Sep 02 08:15:19 2025,02-Sep-2025,111526,47 42.116300 N,062 56.185200 W,3.0,39.7,A,Depth,Depth,60.277778,D,S,8396.000000
Tue Sep 02 08:15:19 2025,02-Sep-2025,111527,47 42.116900 N,062 56.184300 W,3.0,39.7,A,Depth,Depth,60.277778,D,S,8396.000000
Tue Sep 02 08:15:23 2025,02-Sep-2025,111528,47 42.117500 N,062 56.183500 W,3.0,39.6,A,Primary,Headline,2.020408,D,S,212044.000000
Tue Sep 02 08:15:23 2025,02-Sep-2025,111529,47 42.118100 N,062 56.182900 W,3.0,39.6,A,Primary,Headline,2.020408,D,S,212044.000000
Tue Sep 02 08:15:23 2025,02-Sep-2025,111530,47 42.118800 N,062 56.182100 W,3.0,39.6,A,Primary,Headline,2.020408,D,S,212044.000000
Tue Sep 02 08:15:24 2025,02-Sep-2025,111531,47 42.119400 N,062 56.181400 W,2.9,39.6,A,Depth,Depth,9.351852,D,S,7828.000000
Tue Sep 02 08:15:24 2025,02-Sep-2025,111532,47 42.120100 N,062 56.180700 W,3.0,39.4,A,Depth,Depth,9.351852,D,S,7828.000000
Tue Sep 02 08:15:28 2025,02-Sep-2025,111533,47 42.120800 N,062 56.180100 W,2.9,39.4,A,Primary,Headline,2.102041,D,S,481900.000000
Tue Sep 02 08:15:28 2025,02-Sep-2025,111534,47 42.121500 N,062 56.179400 W,2.9,39.3,A,Primary,Headline,2.102041,D,S,481900.000000
Tue Sep 02 08:15:28 2025,02-Sep-2025,111535,47 42.122100 N,062 56.178700 W,2.9,39.3,A,Primary,Headline,2.102041,D,S,481900.000000
Tue Sep 02 08:15:28 2025,02-Sep-2025,111536,47 42.122700 N,062 56.178000 W,2.9,39.2,A,Primary,Headline,2.102041,D,S,481900.000000
Tue Sep 02 08:15:31 2025,02-Sep-2025,111537,47 42.123400 N,062 56.177400 W,2.9,39.2,A,Depth,Depth,6.481481,D,P,78769.000000
Tue Sep 02 08:15:33 2025,02-Sep-2025,111538,47 42.124100 N,062 56.176700 W,2.9,39.3,A,Primary,Headline,1.816327,D,S,468771.000000
Tue Sep 02 08:15:33 2025,02-Sep-2025,111539,47 42.124800 N,062 56.175900 W,2.9,39.1,A,Primary,Headline,1.816327,D,S,468771.000000
Tue Sep 02 08:15:33 2025,02-Sep-2025,111540,47 42.125500 N,062 56.175100 W,2.9,39.0,A,Primary,Headline,1.816327,D,S,468771.000000
Tue Sep 02 08:15:33 2025,02-Sep-2025,111541,47 42.126100 N,062 56.174300 W,2.9,39.0,A,Primary,Headline,1.816327,D,S,468771.000000
Tue Sep 02 08:15:33 2025,02-Sep-2025,111542,47 42.126700 N,062 56.173400 W,2.9,39.0,A,Primary,Headline,1.816327,D,S,468771.000000
Tue Sep 02 08:15:38 2025,02-Sep-2025,111543,47 42.127300 N,062 56.172500 W,2.9,39.1,A,Primary,Headline,1.877551,D,P,202481.000000
Tue Sep 02 08:15:38 2025,02-Sep-2025,111544,47 42.127900 N,062 56.171800 W,2.9,39.1,A,Primary,Headline,1.877551,D,P,202481.000000
Tue Sep 02 08:15:39 2025,02-Sep-2025,111545,47 42.128500 N,062 56.171100 W,2.8,38.9,A,Depth,Depth,7.129630,D,P,119496.000000
Tue Sep 02 08:15:39 2025,02-Sep-2025,111546,47 42.129200 N,062 56.170200 W,2.9,38.8,A,Depth,Depth,7.129630,D,P,119496.000000
Tue Sep 02 08:15:39 2025,02-Sep-2025,111547,47 42.129700 N,062 56.169300 W,2.8,38.7,A,Depth,Depth,7.129630,D,P,119496.000000
Tue Sep 02 08:15:43 2025,02-Sep-2025,111548,47 42.130200 N,062 56.168600 W,2.8,38.7,A,Primary,Headline,3.530612,D,S,133737.000000
Tue Sep 02 08:15:43 2025,02-Sep-2025,111549,47 42.130700 N,062 56.168000 W,2.8,38.6,A,Primary,Headline,3.530612,D,S,133737.000000
Tue Sep 02 08:15:43 2025,02-Sep-2025,111550,47 42.131300 N,062 56.167300 W,2.9,38.5,A,Primary,Headline,3.530612,D,S,133737.000000
Tue Sep 02 08:15:43 2025,02-Sep-2025,111551,47 42.132000 N,062 56.166500 W,3.0,38.7,A,Primary,Headline,3.530612,D,S,133737.000000
Tue Sep 02 08:15:46 2025,02-Sep-2025,111552,47 42.132700 N,062 56.165700 W,3.0,38.7,A,Depth,Depth,10.000000,D,S,172793.000000
Tue Sep 02 08:15:48 2025,02-Sep-2025,111553,47 42.133400 N,062 56.164800 W,3.2,38.9,A,DoorSpread,DoorMaster,2.745000,D,S,790901.000000
Tue Sep 02 08:15:48 2025,02-Sep-2025,111554,47 42.134200 N,062 56.163700 W,3.3,38.9,A,DoorSpread,DoorMaster,2.745000,D,S,790901.000000
Tue Sep 02 08:15:48 2025,02-Sep-2025,111555,47 42.135000 N,062 56.162500 W,3.4,39.0,A,DoorSpread,DoorMaster,2.745000,D,S,790901.000000
Tue Sep 02 08:15:48 2025,02-Sep-2025,111556,47 42.135900 N,062 56.161300 W,3.6,38.8,A,DoorSpread,DoorMaster,2.745000,D,S,790901.000000
Tue Sep 02 08:15:48 2025,02-Sep-2025,111557,47 42.136900 N,062 56.160000 W,3.7,38.8,A,DoorSpread,DoorMaster,2.745000,D,S,790901.000000
Tue Sep 02 08:15:54 2025,02-Sep-2025,111558,47 42.138000 N,062 56.158600 W,3.9,39.0,A,Depth,Depth,10.000000,D,S,383975.000000
Tue Sep 02 08:15:54 2025,02-Sep-2025,111559,47 42.138900 N,062 56.157300 W,4.1,39.0,A,Depth,Depth,10.000000,D,S,383975.000000
Tue Sep 02 08:15:54 2025,02-Sep-2025,111600,47 42.140000 N,062 56.155800 W,4.2,38.8,A,Depth,Depth,10.000000,D,S,383975.000000
Tue Sep 02 08:15:54 2025,02-Sep-2025,111601,47 42.141100 N,062 56.154400 W,4.4,38.7,A,Depth,Depth,10.000000,D,S,383975.000000
Tue Sep 02 08:15:54 2025,02-Sep-2025,111602,47 42.142300 N,062 56.153000 W,4.5,38.7,A,Depth,Depth,10.000000,D,S,383975.000000
Tue Sep 02 08:15:58 2025,02-Sep-2025,111603,47 42.143400 N,062 56.151600 W,4.6,38.6,A,DoorSpread,DoorMaster,2.055000,D,S,1007237.000000
Tue Sep 02 08:15:58 2025,02-Sep-2025,111604,47 42.144700 N,062 56.150200 W,4.8,38.8,A,DoorSpread,DoorMaster,2.055000,D,S,1007237.000000
Tue Sep 02 08:16:00 2025,02-Sep-2025,111605,47 42.145900 N,062 56.148900 W,4.8,38.7,A,Depth,Depth,12.129630,D,S,291774.000000
Tue Sep 02 08:16:00 2025,02-Sep-2025,111606,47 42.147100 N,062 56.147500 W,4.9,38.5,A,Depth,Depth,12.129630,D,S,291774.000000
Tue Sep 02 08:16:00 2025,02-Sep-2025,111607,47 42.148300 N,062 56.146200 W,5.0,38.4,A,Depth,Depth,12.129630,D,S,291774.000000
Tue Sep 02 08:16:03 2025,02-Sep-2025,111608,47 42.149500 N,062 56.144800 W,5.1,38.5,A,DoorSpread,DoorMaster,0.000000,E,S,1031017.000000
Tue Sep 02 08:16:03 2025,02-Sep-2025,111609,47 42.150700 N,062 56.143400 W,5.1,38.5,A,DoorSpread,DoorMaster,0.000000,E,S,1031017.000000
Tue Sep 02 08:16:03 2025,02-Sep-2025,111610,47 42.151700 N,062 56.142200 W,5.1,38.6,A,DoorSpread,DoorMaster,0.000000,E,S,1031017.000000
Tue Sep 02 08:16:03 2025,02-Sep-2025,111611,47 42.152800 N,062 56.140900 W,5.2,38.8,A,DoorSpread,DoorMaster,0.000000,E,S,1031017.000000
Tue Sep 02 08:16:03 2025,02-Sep-2025,111612,47 42.153900 N,062 56.139600 W,5.2,38.9,A,DoorSpread,DoorMaster,0.000000,E,S,1031017.000000
Tue Sep 02 08:16:07 2025,02-Sep-2025,111613,47 42.155000 N,062 56.138300 W,5.2,39.0,A,Depth,Depth,11.481481,D,S,480400.000000
Tue Sep 02 08:16:09 2025,02-Sep-2025,111614,47 42.156100 N,062 56.137100 W,5.3,39.0,A,Primary,Headline,51.183673,D,S,501625.000000
Tue Sep 02 08:16:09 2025,02-Sep-2025,111615,47 42.157200 N,062 56.135700 W,5.3,39.0,A,Primary,Headline,51.183673,D,S,501625.000000
Tue Sep 02 08:16:09 2025,02-Sep-2025,111616,47 42.158300 N,062 56.134400 W,5.3,39.1,A,Primary,Headline,51.183673,D,S,501625.000000
Tue Sep 02 08:16:09 2025,02-Sep-2025,111617,47 42.159300 N,062 56.133100 W,5.3,39.2,A,Primary,Headline,51.183673,D,S,501625.000000
Tue Sep 02 08:16:09 2025,02-Sep-2025,111618,47 42.160400 N,062 56.131700 W,5.3,39.2,A,Primary,Headline,51.183673,D,S,501625.000000
Tue Sep 02 08:16:09 2025,02-Sep-2025,111619,47 42.161500 N,062 56.130500 W,5.3,39.2,A,Primary,Headline,51.183673,D,S,501625.000000
Tue Sep 02 08:16:15 2025,02-Sep-2025,111620,47 42.162600 N,062 56.129200 W,5.3,39.2,A,Primary,Headline,53.857143,D,S,668348.000000
Tue Sep 02 08:16:15 2025,02-Sep-2025,111621,47 42.163700 N,062 56.127900 W,5.3,39.1,A,Primary,Headline,53.857143,D,S,668348.000000
Tue Sep 02 08:16:15 2025,02-Sep-2025,111622,47 42.164900 N,062 56.126500 W,5.3,39.4,A,Primary,Headline,53.857143,D,S,668348.000000
Tue Sep 02 08:16:15 2025,02-Sep-2025,111623,47 42.166000 N,062 56.125100 W,5.3,39.5,A,Primary,Headline,53.857143,D,S,668348.000000
Tue Sep 02 08:16:15 2025,02-Sep-2025,111624,47 42.167200 N,062 56.123600 W,5.3,39.5,A,Primary,Headline,53.857143,D,S,668348.000000
Tue Sep 02 08:16:15 2025,02-Sep-2025,111625,47 42.168400 N,062 56.122100 W,5.3,39.2,A,Primary,Headline,53.857143,D,S,668348.000000
Tue Sep 02 08:16:20 2025,02-Sep-2025,111626,47 42.169600 N,062 56.120800 W,5.3,39.1,A,DoorSpread,DoorMaster,9.805000,D,S,943609.000000
Tue Sep 02 08:16:22 2025,02-Sep-2025,111627,47 42.170800 N,062 56.119500 W,5.3,39.2,A,Depth,Depth,12.314815,D,S,464853.000000
Tue Sep 02 08:16:22 2025,02-Sep-2025,111628,47 42.171900 N,062 56.118100 W,5.3,39.3,A,Depth,Depth,12.314815,D,S,464853.000000
Tue Sep 02 08:16:22 2025,02-Sep-2025,111629,47 42.173000 N,062 56.116700 W,5.3,39.3,A,Depth,Depth,12.314815,D,S,464853.000000
Tue Sep 02 08:16:22 2025,02-Sep-2025,111630,47 42.174000 N,062 56.115400 W,5.3,39.2,A,Depth,Depth,12.314815,D,S,464853.000000
Tue Sep 02 08:16:25 2025,02-Sep-2025,111631,47 42.175100 N,062 56.114200 W,5.3,39.1,A,DoorSpread,DoorMaster,2.600000,D,S,837160.000000
Tue Sep 02 08:16:26 2025,02-Sep-2025,111632,47 42.176200 N,062 56.112900 W,5.3,39.3,A,Primary,Headline,49.448980,D,S,698162.000000
Tue Sep 02 08:16:26 2025,02-Sep-2025,111633,47 42.177400 N,062 56.111600 W,5.3,39.5,A,Primary,Headline,49.448980,D,S,698162.000000
Tue Sep 02 08:16:28 2025,02-Sep-2025,111634,47 42.178500 N,062 56.110400 W,5.3,39.5,A,Depth,Depth,12.777778,D,S,674166.000000
Tue Sep 02 08:16:28 2025,02-Sep-2025,111635,47 42.179600 N,062 56.109200 W,5.3,39.5,A,Depth,Depth,12.777778,D,S,674166.000000
Tue Sep 02 08:16:31 2025,02-Sep-2025,111636,47 42.180800 N,062 56.107900 W,5.3,39.5,A,Primary,Headline,3.673469,D,S,558164.000000
Tue Sep 02 08:16:31 2025,02-Sep-2025,111637,47 42.182000 N,062 56.106600 W,5.3,39.3,A,Primary,Headline,3.673469,D,S,558164.000000
Tue Sep 02 08:16:31 2025,02-Sep-2025,111638,47 42.183100 N,062 56.105300 W,5.3,39.2,A,Primary,Headline,3.673469,D,S,558164.000000
Tue Sep 02 08:16:31 2025,02-Sep-2025,111639,47 42.184200 N,062 56.103900 W,5.3,39.3,A,Primary,Headline,3.673469,D,S,558164.000000
Tue Sep 02 08:16:31 2025,02-Sep-2025,111640,47 42.185300 N,062 56.102400 W,5.3,39.5,A,Primary,Headline,3.673469,D,S,558164.000000
Tue Sep 02 08:16:35 2025,02-Sep-2025,111641,47 42.186400 N,062 56.100900 W,5.2,39.5,A,Depth,Depth,13.796296,D,S,462592.000000
Tue Sep 02 08:16:36 2025,02-Sep-2025,111642,47 42.187500 N,062 56.099500 W,5.2,39.3,A,DoorSpread,DoorMaster,6.335000,D,S,876824.000000
Tue Sep 02 08:16:37 2025,02-Sep-2025,111643,47 42.188700 N,062 56.098100 W,5.3,39.0,A,Primary,Headline,50.489796,D,S,723604.000000
Tue Sep 02 08:16:37 2025,02-Sep-2025,111644,47 42.189900 N,062 56.096600 W,5.3,38.9,A,Primary,Headline,50.489796,D,S,723604.000000
Tue Sep 02 08:16:37 2025,02-Sep-2025,111645,47 42.191100 N,062 56.095100 W,5.2,38.8,A,Primary,Headline,50.489796,D,S,723604.000000
Tue Sep 02 08:16:37 2025,02-Sep-2025,111646,47 42.192100 N,062 56.093700 W,5.2,38.8,A,Primary,Headline,50.489796,D,S,723604.000000
Tue Sep 02 08:16:37 2025,02-Sep-2025,111647,47 42.193300 N,062 56.092200 W,5.2,38.8,A,Primary,Headline,50.489796,D,S,723604.000000
Tue Sep 02 08:16:42 2025,02-Sep-2025,111648,47 42.194400 N,062 56.090800 W,5.2,38.9,A,Primary,Headline,4.163265,D,S,809923.000000
Tue Sep 02 08:16:43 2025,02-Sep-2025,111649,47 42.195400 N,062 56.089400 W,5.2,38.9,A,Depth,Depth,14.444444,D,S,658369.000000
Tue Sep 02 08:16:43 2025,02-Sep-2025,111650,47 42.196500 N,062 56.088200 W,5.2,38.8,A,Depth,Depth,14.444444,D,S,658369.000000
Tue Sep 02 08:16:43 2025,02-Sep-2025,111651,47 42.197500 N,062 56.086800 W,5.2,38.8,A,Depth,Depth,14.444444,D,S,658369.000000
Tue Sep 02 08:16:43 2025,02-Sep-2025,111652,47 42.198700 N,062 56.085500 W,5.2,39.1,A,Depth,Depth,14.444444,D,S,658369.000000
Tue Sep 02 08:16:47 2025,02-Sep-2025,111653,47 42.199800 N,062 56.084000 W,5.2,39.3,A,DoorSpread,DoorMaster,0.000000,E,S,191813.000000
Tue Sep 02 08:16:48 2025,02-Sep-2025,111654,47 42.200900 N,062 56.082800 W,5.2,39.3,A,Primary,Headline,49.020408,D,S,710423.000000
Tue Sep 02 08:16:49 2025,02-Sep-2025,111655,47 42.202100 N,062 56.081500 W,5.2,39.3,A,Depth,Depth,16.296296,D,P,151454.000000
Tue Sep 02 08:16:50 2025,02-Sep-2025,111656,47 42.203300 N,062 56.080000 W,5.2,39.5,A,Depth,Depth,15.092593,D,S,422545.000000
Tue Sep 02 08:16:50 2025,02-Sep-2025,111657,47 42.204500 N,062 56.078600 W,5.2,39.6,A,Depth,Depth,15.092593,D,S,422545.000000
Tue Sep 02 08:16:52 2025,02-Sep-2025,111658,47 42.205600 N,062 56.077100 W,5.2,39.8,A,DoorSpread,DoorMaster,4.330000,D,S,201595.000000
Tue Sep 02 08:16:53 2025,02-Sep-2025,111659,47 42.206800 N,062 56.075700 W,5.2,39.9,A,Primary,Headline,48.693878,D,S,639532.000000
Tue Sep 02 08:16:53 2025,02-Sep-2025,111700,47 42.207900 N,062 56.074200 W,5.2,39.8,A,Primary,Headline,48.693878,D,S,639532.000000
Tue Sep 02 08:16:53 2025,02-Sep-2025,111701,47 42.209000 N,062 56.072700 W,5.2,40.1,A,Primary,Headline,48.693878,D,S,639532.000000
Tue Sep 02 08:16:56 2025,02-Sep-2025,111702,47 42.210200 N,062 56.071300 W,5.2,40.3,A,Depth,Depth,16.388889,D,S,439355.000000
Tue Sep 02 08:16:57 2025,02-Sep-2025,111703,47 42.211400 N,062 56.069800 W,5.2,40.1,A,DoorSpread,DoorMaster,0.000000,E,S,179536.000000
Tue Sep 02 08:16:57 2025,02-Sep-2025,111704,47 42.212600 N,062 56.068500 W,5.2,40.0,A,DoorSpread,DoorMaster,0.000000,E,S,179536.000000
Tue Sep 02 08:16:59 2025,02-Sep-2025,111705,47 42.213900 N,062 56.067000 W,5.2,40.1,A,Primary,Headline,50.000000,D,S,404940.000000
Tue Sep 02 08:16:59 2025,02-Sep-2025,111706,47 42.215100 N,062 56.065600 W,5.2,40.2,A,Primary,Headline,50.000000,D,S,404940.000000
Tue Sep 02 08:16:59 2025,02-Sep-2025,111707,47 42.216300 N,062 56.064300 W,5.2,40.4,A,Primary,Headline,50.000000,D,S,404940.000000
Tue Sep 02 08:16:59 2025,02-Sep-2025,111708,47 42.217400 N,062 56.063000 W,5.2,40.6,A,Primary,Headline,50.000000,D,S,404940.000000
Tue Sep 02 08:17:03 2025,02-Sep-2025,111709,47 42.218600 N,062 56.061600 W,5.2,40.7,A,DoorSpread,DoorMaster,4.720000,D,S,202070.000000
Tue Sep 02 08:17:05 2025,02-Sep-2025,111710,47 42.219800 N,062 56.060100 W,5.2,40.6,A,Primary,Headline,3.693878,D,S,545455.000000
Tue Sep 02 08:17:05 2025,02-Sep-2025,111711,47 42.221000 N,062 56.058700 W,5.2,40.6,A,Primary,Headline,3.693878,D,S,545455.000000
Tue Sep 02 08:17:05 2025,02-Sep-2025,111712,47 42.222200 N,062 56.057300 W,5.2,40.6,A,Primary,Headline,3.693878,D,S,545455.000000
Tue Sep 02 08:17:05 2025,02-Sep-2025,111713,47 42.223300 N,062 56.055900 W,5.2,40.8,A,Primary,Headline,3.693878,D,S,545455.000000
Tue Sep 02 08:17:08 2025,02-Sep-2025,111714,47 42.224300 N,062 56.054400 W,5.2,41.0,A,DoorSpread,DoorMaster,4.740000,D,S,102701.000000
Tue Sep 02 08:17:10 2025,02-Sep-2025,111715,47 42.225400 N,062 56.052900 W,5.2,41.0,A,Depth,Depth,17.777778,D,S,364233.000000
Tue Sep 02 08:17:10 2025,02-Sep-2025,111716,47 42.226600 N,062 56.051400 W,5.2,41.0,A,Depth,Depth,17.777778,D,S,364233.000000
Tue Sep 02 08:17:10 2025,02-Sep-2025,111717,47 42.227700 N,062 56.050000 W,5.2,41.0,A,Depth,Depth,17.777778,D,S,364233.000000
Tue Sep 02 08:17:10 2025,02-Sep-2025,111718,47 42.228700 N,062 56.048500 W,5.2,41.0,A,Depth,Depth,17.777778,D,S,364233.000000
Tue Sep 02 08:17:10 2025,02-Sep-2025,111719,47 42.229900 N,062 56.047000 W,5.2,41.0,A,Depth,Depth,17.777778,D,S,364233.000000
Tue Sep 02 08:17:14 2025,02-Sep-2025,111720,47 42.231000 N,062 56.045600 W,5.2,41.1,A,DoorSpread,DoorMaster,4.960000,D,S,173868.000000
Tue Sep 02 08:17:15 2025,02-Sep-2025,111721,47 42.232100 N,062 56.044100 W,5.2,41.1,A,Primary,Headline,43.061224,D,S,583291.000000
Tue Sep 02 08:17:15 2025,02-Sep-2025,111722,47 42.233000 N,062 56.042700 W,5.1,41.2,A,Primary,Headline,43.061224,D,S,583291.000000
Tue Sep 02 08:17:17 2025,02-Sep-2025,111723,47 42.234000 N,062 56.041300 W,5.2,41.2,A,Depth,Depth,20.185185,D,P,104711.000000
Tue Sep 02 08:17:17 2025,02-Sep-2025,111724,47 42.235100 N,062 56.039900 W,5.2,41.2,A,Depth,Depth,20.185185,D,P,104711.000000
Tue Sep 02 08:17:19 2025,02-Sep-2025,111725,47 42.236100 N,062 56.038500 W,5.1,41.3,A,DoorSpread,DoorMaster,5.230000,D,S,73667.000000
Tue Sep 02 08:17:19 2025,02-Sep-2025,111726,47 42.237100 N,062 56.037300 W,5.1,41.3,A,DoorSpread,DoorMaster,5.230000,D,S,73667.000000
Tue Sep 02 08:17:21 2025,02-Sep-2025,111727,47 42.238100 N,062 56.036100 W,5.1,41.5,A,Primary,Headline,41.612245,D,S,473340.000000
Tue Sep 02 08:17:21 2025,02-Sep-2025,111728,47 42.239200 N,062 56.034700 W,5.1,41.4,A,Primary,Headline,41.612245,D,S,473340.000000
Tue Sep 02 08:17:21 2025,02-Sep-2025,111729,47 42.240200 N,062 56.033400 W,5.1,41.0,A,Primary,Headline,41.612245,D,S,473340.000000
Tue Sep 02 08:17:25 2025,02-Sep-2025,111730,47 42.241200 N,062 56.032000 W,5.1,40.8,A,Depth,Depth,22.314815,D,S,160871.000000
Tue Sep 02 08:17:25 2025,02-Sep-2025,111731,47 42.242100 N,062 56.030600 W,5.1,40.5,A,Depth,Depth,22.314815,D,S,160871.000000
Tue Sep 02 08:17:26 2025,02-Sep-2025,111732,47 42.243100 N,062 56.029300 W,5.1,40.4,A,Primary,Headline,42.061224,D,S,402085.000000
Tue Sep 02 08:17:26 2025,02-Sep-2025,111733,47 42.244200 N,062 56.027900 W,5.1,40.5,A,Primary,Headline,42.061224,D,S,402085.000000
Tue Sep 02 08:17:26 2025,02-Sep-2025,111734,47 42.245300 N,062 56.026700 W,5.1,40.3,A,Primary,Headline,42.061224,D,S,402085.000000
Tue Sep 02 08:17:26 2025,02-Sep-2025,111735,47 42.246300 N,062 56.025500 W,5.1,39.8,A,Primary,Headline,42.061224,D,S,402085.000000
Tue Sep 02 08:17:30 2025,02-Sep-2025,111736,47 42.247500 N,062 56.024300 W,5.1,39.6,A,DoorSpread,DoorMaster,12.860000,D,P,173365.000000
Tue Sep 02 08:17:32 2025,02-Sep-2025,111737,47 42.248600 N,062 56.023000 W,5.1,39.5,A,Depth,Depth,23.148148,D,S,172307.000000
Tue Sep 02 08:17:32 2025,02-Sep-2025,111738,47 42.249600 N,062 56.021700 W,5.1,39.3,A,Depth,Depth,23.148148,D,S,172307.000000
Tue Sep 02 08:17:33 2025,02-Sep-2025,111739,47 42.250700 N,062 56.020500 W,5.0,39.1,A,Primary,Headline,41.102041,D,S,197756.000000
Tue Sep 02 08:17:33 2025,02-Sep-2025,111740,47 42.251800 N,062 56.019100 W,5.0,38.8,A,Primary,Headline,41.102041,D,S,197756.000000
Tue Sep 02 08:17:33 2025,02-Sep-2025,111741,47 42.252900 N,062 56.017800 W,5.0,38.6,A,Primary,Headline,41.102041,D,S,197756.000000
Tue Sep 02 08:17:36 2025,02-Sep-2025,111742,47 42.254000 N,062 56.016600 W,5.0,38.8,A,DoorSpread,DoorMaster,5.390000,D,S,168749.000000
Tue Sep 02 08:17:38 2025,02-Sep-2025,111743,47 42.255000 N,062 56.015200 W,5.0,39.3,A,Primary,Headline,39.571429,D,S,295638.000000
Tue Sep 02 08:17:38 2025,02-Sep-2025,111744,47 42.256000 N,062 56.013900 W,5.0,39.3,A,Depth,Depth,26.851852,D,P,107136.000000
Tue Sep 02 08:17:39 2025,02-Sep-2025,111745,47 42.257000 N,062 56.012600 W,5.0,39.2,A,Depth,Depth,24.537037,D,S,383621.000000
Tue Sep 02 08:17:39 2025,02-Sep-2025,111746,47 42.258100 N,062 56.011300 W,5.0,39.4,A,Depth,Depth,24.537037,D,S,383621.000000
Tue Sep 02 08:17:41 2025,02-Sep-2025,111747,47 42.259100 N,062 56.010000 W,5.0,39.4,A,DoorSpread,DoorMaster,5.290000,D,S,174710.000000
Tue Sep 02 08:17:41 2025,02-Sep-2025,111748,47 42.260100 N,062 56.008700 W,5.0,39.4,A,DoorSpread,DoorMaster,5.290000,D,S,174710.000000
Tue Sep 02 08:17:43 2025,02-Sep-2025,111749,47 42.261200 N,062 56.007300 W,5.1,39.4,A,Primary,Headline,38.469388,D,S,409450.000000
Tue Sep 02 08:17:43 2025,02-Sep-2025,111750,47 42.262300 N,062 56.005900 W,5.1,39.4,A,Primary,Headline,38.469388,D,S,409450.000000
Tue Sep 02 08:17:43 2025,02-Sep-2025,111751,47 42.263500 N,062 56.004500 W,5.1,39.5,A,Primary,Headline,38.469388,D,S,409450.000000
Tue Sep 02 08:17:46 2025,02-Sep-2025,111752,47 42.264600 N,062 56.003200 W,5.1,39.5,A,DoorSpread,DoorMaster,0.000000,E,P,37978.000000
Tue Sep 02 08:17:47 2025,02-Sep-2025,111753,47 42.265800 N,062 56.001800 W,5.0,39.5,A,DoorSpread,DoorMaster,0.000000,E,S,148208.000000
Tue Sep 02 08:17:47 2025,02-Sep-2025,111754,47 42.266900 N,062 56.000400 W,5.1,39.5,A,DoorSpread,DoorMaster,0.000000,E,S,148208.000000
Tue Sep 02 08:17:49 2025,02-Sep-2025,111755,47 42.268100 N,062 55.999000 W,5.1,39.2,A,Primary,Headline,37.938776,D,S,271682.000000
Tue Sep 02 08:17:49 2025,02-Sep-2025,111756,47 42.269200 N,062 55.997700 W,5.0,39.0,A,Primary,Headline,37.938776,D,S,271682.000000
Tue Sep 02 08:17:51 2025,02-Sep-2025,111757,47 42.270400 N,062 55.996500 W,5.1,39.0,A,DoorSpread,DoorMaster,0.000000,E,S,160874.000000
Tue Sep 02 08:17:51 2025,02-Sep-2025,111758,47 42.271500 N,062 55.995100 W,5.1,39.1,A,DoorSpread,DoorMaster,0.000000,E,S,160874.000000
Tue Sep 02 08:17:53 2025,02-Sep-2025,111759,47 42.272700 N,062 55.993800 W,5.0,39.1,A,Depth,Depth,28.611111,D,S,168757.000000
Tue Sep 02 08:17:54 2025,02-Sep-2025,111800,47 42.273800 N,062 55.992600 W,5.0,38.9,A,Primary,Headline,36.795918,D,P,108093.000000
Tue Sep 02 08:17:54 2025,02-Sep-2025,111801,47 42.274900 N,062 55.991300 W,5.1,38.9,A,Primary,Headline,36.795918,D,P,108093.000000
Tue Sep 02 08:17:54 2025,02-Sep-2025,111802,47 42.276000 N,062 55.989900 W,5.1,39.2,A,Primary,Headline,36.795918,D,P,108093.000000
Tue Sep 02 08:17:57 2025,02-Sep-2025,111803,47 42.277100 N,062 55.988500 W,5.1,39.2,A,DoorSpread,DoorMaster,5.225000,D,S,218086.000000
Tue Sep 02 08:17:57 2025,02-Sep-2025,111804,47 42.278100 N,062 55.987200 W,5.0,39.2,A,DoorSpread,DoorMaster,5.225000,D,S,218086.000000
Tue Sep 02 08:17:57 2025,02-Sep-2025,111805,47 42.279200 N,062 55.985900 W,5.1,39.1,A,DoorSpread,DoorMaster,5.225000,D,S,218086.000000
Tue Sep 02 08:18:00 2025,02-Sep-2025,111806,47 42.280300 N,062 55.984700 W,5.1,39.2,A,Primary,Headline,34.979592,D,S,435618.000000
Tue Sep 02 08:18:00 2025,02-Sep-2025,111807,47 42.281400 N,062 55.983400 W,5.1,39.4,A,Primary,Headline,34.979592,D,S,435618.000000
Tue Sep 02 08:18:02 2025,02-Sep-2025,111808,47 42.282500 N,062 55.982100 W,5.1,39.4,A,DoorSpread,DoorMaster,5.195000,D,S,144282.000000
Tue Sep 02 08:18:02 2025,02-Sep-2025,111809,47 42.283600 N,062 55.980700 W,5.1,39.6,A,DoorSpread,DoorMaster,5.195000,D,S,144282.000000
Tue Sep 02 08:18:02 2025,02-Sep-2025,111810,47 42.284700 N,062 55.979300 W,5.1,39.8,A,DoorSpread,DoorMaster,5.195000,D,S,144282.000000
Tue Sep 02 08:18:02 2025,02-Sep-2025,111811,47 42.285900 N,062 55.977900 W,5.1,39.8,A,DoorSpread,DoorMaster,5.195000,D,S,144282.000000
Tue Sep 02 08:18:06 2025,02-Sep-2025,111812,47 42.286900 N,062 55.976600 W,5.1,39.9,A,Primary,Headline,35.142857,D,S,414977.000000
Tue Sep 02 08:18:06 2025,02-Sep-2025,111813,47 42.288000 N,062 55.975200 W,5.1,39.9,A,Primary,Headline,35.142857,D,S,414977.000000
Tue Sep 02 08:18:08 2025,02-Sep-2025,111814,47 42.289100 N,062 55.973800 W,5.1,39.9,A,DoorSpread,DoorMaster,5.115000,D,S,108259.000000
Tue Sep 02 08:18:08 2025,02-Sep-2025,111815,47 42.290200 N,062 55.972400 W,5.1,40.0,A,DoorSpread,DoorMaster,5.115000,D,S,108259.000000
Tue Sep 02 08:18:08 2025,02-Sep-2025,111816,47 42.291300 N,062 55.970900 W,5.1,39.9,A,DoorSpread,DoorMaster,5.115000,D,S,108259.000000
Tue Sep 02 08:18:11 2025,02-Sep-2025,111817,47 42.292400 N,062 55.969700 W,5.1,40.0,A,Primary,Headline,33.469388,D,P,106736.000000
Tue Sep 02 08:18:11 2025,02-Sep-2025,111818,47 42.293500 N,062 55.968300 W,5.1,40.1,A,Primary,Headline,33.469388,D,P,106736.000000
Tue Sep 02 08:18:13 2025,02-Sep-2025,111819,47 42.294600 N,062 55.966900 W,5.1,40.1,A,DoorSpread,DoorMaster,5.330000,D,S,166270.000000
Tue Sep 02 08:18:14 2025,02-Sep-2025,111820,47 42.295700 N,062 55.965500 W,5.1,40.1,A,Depth,Depth,31.759259,D,S,210294.000000
Tue Sep 02 08:18:14 2025,02-Sep-2025,111821,47 42.296800 N,062 55.964100 W,5.1,39.9,A,Depth,Depth,31.759259,D,S,210294.000000
Tue Sep 02 08:18:14 2025,02-Sep-2025,111822,47 42.297900 N,062 55.962800 W,5.1,39.8,A,Depth,Depth,31.759259,D,S,210294.000000
Tue Sep 02 08:18:17 2025,02-Sep-2025,111823,47 42.299000 N,062 55.961500 W,5.1,39.9,A,Primary,Headline,31.285714,D,S,268581.000000
Tue Sep 02 08:18:17 2025,02-Sep-2025,111824,47 42.300000 N,062 55.960100 W,5.1,39.8,A,Primary,Headline,31.285714,D,S,268581.000000
Tue Sep 02 08:18:19 2025,02-Sep-2025,111825,47 42.301100 N,062 55.958700 W,5.1,39.8,A,DoorSpread,DoorMaster,5.180000,D,S,199447.000000
Tue Sep 02 08:18:19 2025,02-Sep-2025,111826,47 42.302300 N,062 55.957500 W,5.1,39.6,A,DoorSpread,DoorMaster,5.180000,D,S,199447.000000
Tue Sep 02 08:18:21 2025,02-Sep-2025,111827,47 42.303400 N,062 55.956200 W,5.1,39.5,A,Depth,Depth,36.018519,D,P,66808.000000
Tue Sep 02 08:18:22 2025,02-Sep-2025,111828,47 42.304500 N,062 55.955000 W,5.1,39.5,A,Primary,Headline,10.979592,D,P,107618.000000
Tue Sep 02 08:18:22 2025,02-Sep-2025,111829,47 42.305600 N,062 55.953800 W,5.1,39.5,A,Primary,Headline,10.979592,D,P,107618.000000
Tue Sep 02 08:18:24 2025,02-Sep-2025,111830,47 42.306800 N,062 55.952500 W,5.0,39.5,A,DoorSpread,DoorMaster,0.000000,E,S,96491.000000
Tue Sep 02 08:18:24 2025,02-Sep-2025,111831,47 42.308000 N,062 55.951200 W,5.1,39.3,A,DoorSpread,DoorMaster,0.000000,E,S,96491.000000
Tue Sep 02 08:18:24 2025,02-Sep-2025,111832,47 42.309100 N,062 55.949900 W,5.1,39.2,A,DoorSpread,DoorMaster,0.000000,E,S,96491.000000
Tue Sep 02 08:18:27 2025,02-Sep-2025,111833,47 42.310100 N,062 55.948500 W,5.0,39.3,A,Primary,Headline,28.877551,D,S,246354.000000
Tue Sep 02 08:18:29 2025,02-Sep-2025,111834,47 42.311100 N,062 55.947300 W,5.0,39.4,A,Depth,Depth,35.648148,D,S,272902.000000
Tue Sep 02 08:18:29 2025,02-Sep-2025,111835,47 42.312100 N,062 55.945900 W,5.1,39.3,A,Depth,Depth,35.648148,D,S,272902.000000
Tue Sep 02 08:18:30 2025,02-Sep-2025,111836,47 42.313200 N,062 55.944500 W,5.1,39.1,A,DoorSpread,DoorMaster,5.505000,D,S,237043.000000
Tue Sep 02 08:18:30 2025,02-Sep-2025,111837,47 42.314200 N,062 55.943200 W,5.0,39.1,A,DoorSpread,DoorMaster,5.505000,D,S,237043.000000
Tue Sep 02 08:18:30 2025,02-Sep-2025,111838,47 42.315300 N,062 55.941800 W,5.0,39.2,A,DoorSpread,DoorMaster,5.505000,D,S,237043.000000
Tue Sep 02 08:18:33 2025,02-Sep-2025,111839,47 42.316300 N,062 55.940400 W,5.0,39.2,A,Primary,Headline,27.877551,D,S,328064.000000
Tue Sep 02 08:18:33 2025,02-Sep-2025,111840,47 42.317400 N,062 55.939100 W,5.1,39.2,A,Primary,Headline,27.877551,D,S,328064.000000
Tue Sep 02 08:18:35 2025,02-Sep-2025,111841,47 42.318400 N,062 55.937800 W,5.1,39.4,A,DoorSpread,DoorMaster,5.830000,D,S,121577.000000
Tue Sep 02 08:18:36 2025,02-Sep-2025,111842,47 42.319500 N,062 55.936600 W,5.0,39.4,A,Depth,Depth,37.222222,D,S,278602.000000
Tue Sep 02 08:18:36 2025,02-Sep-2025,111843,47 42.320500 N,062 55.935400 W,5.0,39.4,A,Depth,Depth,37.222222,D,S,278602.000000
Tue Sep 02 08:18:38 2025,02-Sep-2025,111844,47 42.321600 N,062 55.934100 W,5.1,39.3,A,Primary,Headline,25.693878,D,S,424301.000000
Tue Sep 02 08:18:38 2025,02-Sep-2025,111845,47 42.322800 N,062 55.932900 W,5.1,39.4,A,Primary,Headline,25.693878,D,S,424301.000000
Tue Sep 02 08:18:38 2025,02-Sep-2025,111846,47 42.323900 N,062 55.931800 W,5.1,39.4,A,Primary,Headline,25.693878,D,S,424301.000000
Tue Sep 02 08:18:41 2025,02-Sep-2025,111847,47 42.324900 N,062 55.930700 W,5.0,39.4,A,DoorSpread,DoorMaster,5.510000,D,S,189937.000000
Tue Sep 02 08:18:41 2025,02-Sep-2025,111848,47 42.325900 N,062 55.929500 W,5.1,39.5,A,DoorSpread,DoorMaster,5.510000,D,S,189937.000000
Tue Sep 02 08:18:43 2025,02-Sep-2025,111849,47 42.327000 N,062 55.928200 W,5.1,39.6,A,Depth,Depth,39.166667,D,S,383117.000000
Tue Sep 02 08:18:44 2025,02-Sep-2025,111850,47 42.328000 N,062 55.926900 W,5.1,39.6,A,Primary,Headline,25.653061,D,S,543555.000000
Tue Sep 02 08:18:44 2025,02-Sep-2025,111851,47 42.329000 N,062 55.925500 W,5.1,39.7,A,Primary,Headline,25.653061,D,S,543555.000000
Tue Sep 02 08:18:46 2025,02-Sep-2025,111852,47 42.330000 N,062 55.924100 W,5.1,39.6,A,DoorSpread,DoorMaster,0.000000,E,S,161406.000000
Tue Sep 02 08:18:46 2025,02-Sep-2025,111853,47 42.330900 N,062 55.922600 W,5.1,39.6,A,DoorSpread,DoorMaster,0.000000,E,S,161406.000000
Tue Sep 02 08:18:46 2025,02-Sep-2025,111854,47 42.331900 N,062 55.921200 W,5.1,39.8,A,DoorSpread,DoorMaster,0.000000,E,S,161406.000000
Tue Sep 02 08:18:49 2025,02-Sep-2025,111855,47 42.332900 N,062 55.919700 W,5.1,39.9,A,Primary,Headline,23.775510,D,S,386528.000000
Tue Sep 02 08:18:50 2025,02-Sep-2025,111856,47 42.333800 N,062 55.918300 W,5.1,39.8,A,Depth,Depth,40.925926,D,S,264567.000000
Tue Sep 02 08:18:51 2025,02-Sep-2025,111857,47 42.334900 N,062 55.917000 W,5.1,39.8,A,DoorSpread,DoorMaster,5.820000,D,P,66917.000000
Tue Sep 02 08:18:51 2025,02-Sep-2025,111858,47 42.335900 N,062 55.915600 W,5.1,39.9,A,DoorSpread,DoorMaster,5.820000,D,P,66917.000000
Tue Sep 02 08:18:51 2025,02-Sep-2025,111859,47 42.336900 N,062 55.914100 W,5.1,39.9,A,DoorSpread,DoorMaster,5.820000,D,P,66917.000000
Tue Sep 02 08:18:51 2025,02-Sep-2025,111900,47 42.338000 N,062 55.912600 W,5.1,39.9,A,DoorSpread,DoorMaster,5.820000,D,P,66917.000000
Tue Sep 02 08:18:55 2025,02-Sep-2025,111901,47 42.339100 N,062 55.911100 W,5.1,40.0,A,Primary,Headline,39.857143,D,S,437945.000000
Tue Sep 02 08:18:55 2025,02-Sep-2025,111902,47 42.340300 N,062 55.909700 W,5.1,40.1,A,Primary,Headline,39.857143,D,S,437945.000000
Tue Sep 02 08:18:58 2025,02-Sep-2025,111903,47 42.341400 N,062 55.908300 W,5.1,40.1,A,Depth,Depth,39.814815,D,P,59522.000000
Tue Sep 02 08:18:58 2025,02-Sep-2025,111904,47 42.342500 N,062 55.906900 W,5.0,40.1,A,Depth,Depth,39.814815,D,P,59522.000000
Tue Sep 02 08:18:58 2025,02-Sep-2025,111905,47 42.343500 N,062 55.905500 W,4.9,40.1,A,Depth,Depth,39.814815,D,P,59522.000000
Tue Sep 02 08:19:00 2025,02-Sep-2025,111906,47 42.344500 N,062 55.904200 W,4.9,40.0,A,Primary,Headline,21.163265,D,P,138708.000000
Tue Sep 02 08:19:00 2025,02-Sep-2025,111907,47 42.345400 N,062 55.903000 W,4.8,40.0,A,Primary,Headline,21.163265,D,P,138708.000000
Tue Sep 02 08:19:00 2025,02-Sep-2025,111908,47 42.346300 N,062 55.901900 W,4.6,40.0,A,Primary,Headline,21.163265,D,P,138708.000000
Tue Sep 02 08:19:03 2025,02-Sep-2025,111909,47 42.347200 N,062 55.900900 W,4.5,39.9,A,DoorSpread,DoorMaster,6.140000,D,P,66986.000000
Tue Sep 02 08:19:04 2025,02-Sep-2025,111910,47 42.348000 N,062 55.899800 W,4.4,39.7,A,Depth,Depth,43.333333,D,P,113430.000000
Tue Sep 02 08:19:04 2025,02-Sep-2025,111911,47 42.348700 N,062 55.899000 W,4.2,39.5,A,Depth,Depth,43.333333,D,P,113430.000000
Tue Sep 02 08:19:06 2025,02-Sep-2025,111912,47 42.349400 N,062 55.898100 W,4.1,39.4,A,Primary,Headline,47.591837,D,P,117679.000000
Tue Sep 02 08:19:06 2025,02-Sep-2025,111913,47 42.350100 N,062 55.897100 W,4.0,39.3,A,Primary,Headline,47.591837,D,P,117679.000000
Tue Sep 02 08:19:08 2025,02-Sep-2025,111914,47 42.350700 N,062 55.896200 W,3.8,39.2,A,DoorSpread,DoorMaster,5.720000,D,P,110697.000000
Tue Sep 02 08:19:08 2025,02-Sep-2025,111915,47 42.351300 N,062 55.895500 W,3.7,39.0,A,DoorSpread,DoorMaster,5.720000,D,P,110697.000000
Tue Sep 02 08:19:08 2025,02-Sep-2025,111916,47 42.352000 N,062 55.894800 W,3.5,38.9,A,DoorSpread,DoorMaster,5.720000,D,P,110697.000000
Tue Sep 02 08:19:12 2025,02-Sep-2025,111917,47 42.352700 N,062 55.894000 W,3.4,38.8,A,Depth,Depth,45.462963,D,P,123962.000000
Tue Sep 02 08:19:12 2025,02-Sep-2025,111918,47 42.353400 N,062 55.893300 W,3.3,38.6,A,Depth,Depth,45.462963,D,P,123962.000000
Tue Sep 02 08:19:12 2025,02-Sep-2025,111919,47 42.354100 N,062 55.892700 W,3.2,38.5,A,Depth,Depth,45.462963,D,P,123962.000000
Tue Sep 02 08:19:14 2025,02-Sep-2025,111920,47 42.354800 N,062 55.892000 W,3.1,38.3,A,DoorSpread,DoorMaster,5.100000,D,P,77864.000000
Tue Sep 02 08:19:14 2025,02-Sep-2025,111921,47 42.355400 N,062 55.891300 W,3.0,38.1,A,DoorSpread,DoorMaster,5.100000,D,P,77864.000000
Tue Sep 02 08:19:16 2025,02-Sep-2025,111922,47 42.355900 N,062 55.890700 W,2.9,37.9,A,Primary,Headline,18.040816,D,P,146916.000000
Tue Sep 02 08:19:16 2025,02-Sep-2025,111923,47 42.356300 N,062 55.890000 W,2.8,37.7,A,Primary,Headline,18.040816,D,P,146916.000000
Tue Sep 02 08:19:16 2025,02-Sep-2025,111924,47 42.356800 N,062 55.889400 W,2.8,37.4,A,Primary,Headline,18.040816,D,P,146916.000000
Tue Sep 02 08:19:19 2025,02-Sep-2025,111925,47 42.357300 N,062 55.888800 W,2.7,37.2,A,DoorSpread,DoorMaster,6.340000,D,P,160590.000000
Tue Sep 02 08:19:19 2025,02-Sep-2025,111926,47 42.357800 N,062 55.888200 W,2.6,37.1,A,DoorSpread,DoorMaster,6.340000,D,P,160590.000000
Tue Sep 02 08:19:19 2025,02-Sep-2025,111927,47 42.358400 N,062 55.887700 W,2.5,37.0,A,DoorSpread,DoorMaster,6.340000,D,P,160590.000000
Tue Sep 02 08:19:22 2025,02-Sep-2025,111928,47 42.358900 N,062 55.887200 W,2.5,36.8,A,Primary,Headline,17.183673,D,P,102295.000000
Tue Sep 02 08:19:22 2025,02-Sep-2025,111929,47 42.359400 N,062 55.886800 W,2.5,36.5,A,Primary,Headline,17.183673,D,P,102295.000000
Tue Sep 02 08:19:24 2025,02-Sep-2025,111930,47 42.359900 N,062 55.886400 W,2.4,36.3,A,DoorSpread,DoorMaster,0.000000,E,S,353030.000000
Tue Sep 02 08:19:24 2025,02-Sep-2025,111931,47 42.360400 N,062 55.886000 W,2.3,36.2,A,DoorSpread,DoorMaster,0.000000,E,S,353030.000000
Tue Sep 02 08:19:26 2025,02-Sep-2025,111932,47 42.360900 N,062 55.885600 W,2.3,36.1,A,Depth,Depth,48.796296,D,P,140017.000000
Tue Sep 02 08:19:27 2025,02-Sep-2025,111933,47 42.361300 N,062 55.885200 W,2.2,36.1,A,Primary,Headline,15.244898,D,S,292390.000000
Tue Sep 02 08:19:27 2025,02-Sep-2025,111934,47 42.361800 N,062 55.884700 W,2.2,35.9,A,Primary,Headline,15.244898,D,S,292390.000000
Tue Sep 02 08:19:27 2025,02-Sep-2025,111935,47 42.362300 N,062 55.884200 W,2.2,35.8,A,Primary,Headline,15.244898,D,S,292390.000000
Tue Sep 02 08:19:30 2025,02-Sep-2025,111936,47 42.362700 N,062 55.883800 W,2.1,35.8,A,DoorSpread,DoorMaster,11.380000,D,P,178315.000000
Tue Sep 02 08:19:30 2025,02-Sep-2025,111937,47 42.363200 N,062 55.883300 W,2.1,35.8,A,DoorSpread,DoorMaster,11.380000,D,P,178315.000000
Tue Sep 02 08:19:32 2025,02-Sep-2025,111938,47 42.363600 N,062 55.882800 W,2.1,35.7,A,Primary,Headline,13.877551,D,P,95931.000000
Tue Sep 02 08:19:33 2025,02-Sep-2025,111939,47 42.364000 N,062 55.882400 W,2.0,35.6,A,Depth,Depth,54.166667,D,S,237475.000000
Tue Sep 02 08:19:33 2025,02-Sep-2025,111940,47 42.364400 N,062 55.882000 W,2.0,35.5,A,Depth,Depth,54.166667,D,S,237475.000000
Tue Sep 02 08:19:35 2025,02-Sep-2025,111941,47 42.364900 N,062 55.881600 W,2.0,35.4,A,DoorSpread,DoorMaster,0.000000,E,S,254013.000000
Tue Sep 02 08:19:35 2025,02-Sep-2025,111942,47 42.365200 N,062 55.881200 W,2.0,35.2,A,DoorSpread,DoorMaster,0.000000,E,S,254013.000000
Tue Sep 02 08:19:37 2025,02-Sep-2025,111943,47 42.365600 N,062 55.880600 W,2.0,35.1,A,Primary,Headline,12.081633,D,P,218346.000000
Tue Sep 02 08:19:37 2025,02-Sep-2025,111944,47 42.366000 N,062 55.880200 W,1.9,35.1,A,Primary,Headline,12.081633,D,P,218346.000000
Tue Sep 02 08:19:37 2025,02-Sep-2025,111945,47 42.366400 N,062 55.879700 W,1.9,35.0,A,Primary,Headline,12.081633,D,P,218346.000000
Tue Sep 02 08:19:37 2025,02-Sep-2025,111946,47 42.366800 N,062 55.879300 W,1.9,34.9,A,Primary,Headline,12.081633,D,P,218346.000000
Tue Sep 02 08:19:41 2025,02-Sep-2025,111947,47 42.367200 N,062 55.878900 W,1.9,34.8,A,DoorSpread,DoorMaster,13.200000,D,S,352729.000000
Tue Sep 02 08:19:41 2025,02-Sep-2025,111948,47 42.367600 N,062 55.878500 W,1.9,34.7,A,DoorSpread,DoorMaster,13.200000,D,S,352729.000000
Tue Sep 02 08:19:43 2025,02-Sep-2025,111949,47 42.368000 N,062 55.878100 W,1.9,34.7,A,Primary,Headline,11.693878,D,P,101459.000000
Tue Sep 02 08:19:43 2025,02-Sep-2025,111950,47 42.368500 N,062 55.877700 W,1.9,34.8,A,Primary,Headline,11.693878,D,P,101459.000000
Tue Sep 02 08:19:43 2025,02-Sep-2025,111951,47 42.369000 N,062 55.877200 W,2.0,34.9,A,Primary,Headline,11.693878,D,P,101459.000000
Tue Sep 02 08:19:43 2025,02-Sep-2025,111952,47 42.369600 N,062 55.876800 W,2.0,34.9,A,Primary,Headline,11.693878,D,P,101459.000000
Tue Sep 02 08:19:47 2025,02-Sep-2025,111953,47 42.370100 N,062 55.876300 W,2.0,34.9,A,DoorSpread,DoorMaster,4.950000,D,P,129058.000000
Tue Sep 02 08:19:48 2025,02-Sep-2025,111954,47 42.370700 N,062 55.875800 W,2.0,34.9,A,Primary,Headline,8.897959,D,S,323716.000000
Tue Sep 02 08:19:48 2025,02-Sep-2025,111955,47 42.371300 N,062 55.875200 W,2.1,34.9,A,Primary,Headline,8.897959,D,S,323716.000000
Tue Sep 02 08:19:48 2025,02-Sep-2025,111956,47 42.371800 N,062 55.874800 W,2.1,34.8,A,Primary,Headline,8.897959,D,S,323716.000000
Tue Sep 02 08:19:48 2025,02-Sep-2025,111957,47 42.372300 N,062 55.874300 W,2.1,34.8,A,Primary,Headline,8.897959,D,S,323716.000000
Tue Sep 02 08:19:52 2025,02-Sep-2025,111958,47 42.372800 N,062 55.873700 W,2.1,34.7,A,DoorSpread,DoorMaster,0.000000,E,P,81927.000000
Tue Sep 02 08:19:53 2025,02-Sep-2025,111959,47 42.373200 N,062 55.873100 W,2.2,34.7,A,Primary,Headline,7.387755,D,S,382541.000000
Tue Sep 02 08:19:53 2025,02-Sep-2025,112000,47 42.373700 N,062 55.872500 W,2.2,34.6,A,Primary,Headline,7.387755,D,S,382541.000000
Tue Sep 02 08:19:55 2025,02-Sep-2025,112001,47 42.374200 N,062 55.872000 W,2.1,34.6,A,Depth,Depth,58.703704,D,S,434466.000000
Tue Sep 02 08:19:55 2025,02-Sep-2025,112002,47 42.374500 N,062 55.871500 W,2.1,34.6,A,Depth,Depth,58.703704,D,S,434466.000000
Tue Sep 02 08:19:57 2025,02-Sep-2025,112003,47 42.375000 N,062 55.870800 W,2.2,34.5,A,DoorSpread,DoorMaster,0.000000,E,P,111893.000000
Tue Sep 02 08:19:58 2025,02-Sep-2025,112004,47 42.375400 N,062 55.870100 W,2.2,34.5,A,Primary,Headline,4.938776,D,P,160245.000000
Tue Sep 02 08:19:58 2025,02-Sep-2025,112005,47 42.375800 N,062 55.869700 W,2.2,34.5,A,Primary,Headline,4.938776,D,P,160245.000000
Tue Sep 02 08:19:58 2025,02-Sep-2025,112006,47 42.376200 N,062 55.869300 W,2.2,34.5,A,Primary,Headline,4.938776,D,P,160245.000000
Tue Sep 02 08:19:58 2025,02-Sep-2025,112007,47 42.376700 N,062 55.868700 W,2.2,34.5,A,Primary,Headline,4.938776,D,P,160245.000000
Tue Sep 02 08:20:02 2025,02-Sep-2025,112008,47 42.377200 N,062 55.868300 W,2.2,34.4,A,DoorSpread,DoorMaster,0.000000,E,P,76652.000000
Tue Sep 02 08:20:03 2025,02-Sep-2025,112009,47 42.377700 N,062 55.867800 W,2.2,34.3,A,Primary,Headline,3.693878,D,P,186255.000000
Tue Sep 02 08:20:03 2025,02-Sep-2025,112010,47 42.378100 N,062 55.867300 W,2.2,34.3,A,Primary,Headline,3.693878,D,P,186255.000000
Tue Sep 02 08:20:03 2025,02-Sep-2025,112011,47 42.378600 N,062 55.866800 W,2.2,34.2,A,Primary,Headline,3.693878,D,P,186255.000000
Tue Sep 02 08:20:03 2025,02-Sep-2025,112012,47 42.379000 N,062 55.866100 W,2.2,34.1,A,Primary,Headline,3.693878,D,P,186255.000000
Tue Sep 02 08:20:03 2025,02-Sep-2025,112013,47 42.379500 N,062 55.865600 W,2.2,34.0,A,Primary,Headline,3.693878,D,P,186255.000000
Tue Sep 02 08:20:08 2025,02-Sep-2025,112014,47 42.380000 N,062 55.865200 W,2.2,34.0,A,Primary,Headline,3.408163,D,P,91104.000000
Tue Sep 02 08:20:09 2025,02-Sep-2025,112015,47 42.380500 N,062 55.864800 W,2.2,33.9,A,Depth,Depth,62.407407,D,S,466588.000000
Tue Sep 02 08:20:09 2025,02-Sep-2025,112016,47 42.381100 N,062 55.864300 W,2.2,33.8,A,Depth,Depth,62.407407,D,S,466588.000000
Tue Sep 02 08:20:09 2025,02-Sep-2025,112017,47 42.381600 N,062 55.863700 W,2.2,33.9,A,Depth,Depth,62.407407,D,S,466588.000000
Tue Sep 02 08:20:09 2025,02-Sep-2025,112018,47 42.382200 N,062 55.863200 W,2.2,33.8,A,Depth,Depth,62.407407,D,S,466588.000000
Tue Sep 02 08:20:14 2025,02-Sep-2025,112019,47 42.382800 N,062 55.862800 W,2.2,33.7,A,Primary,Headline,2.244898,D,S,617684.000000
Tue Sep 02 08:20:14 2025,02-Sep-2025,112020,47 42.383300 N,062 55.862300 W,2.2,33.5,A,Primary,Headline,2.244898,D,S,617684.000000
Tue Sep 02 08:20:14 2025,02-Sep-2025,112021,47 42.384000 N,062 55.861800 W,2.2,33.5,A,Primary,Headline,2.244898,D,S,617684.000000
Tue Sep 02 08:20:14 2025,02-Sep-2025,112022,47 42.384600 N,062 55.861400 W,2.2,33.6,A,Primary,Headline,2.244898,D,S,617684.000000
Tue Sep 02 08:20:17 2025,02-Sep-2025,112023,47 42.385300 N,062 55.861000 W,2.2,33.6,A,Depth,Depth,63.518519,D,P,293548.000000
Tue Sep 02 08:20:18 2025,02-Sep-2025,112024,47 42.386100 N,062 55.860600 W,2.2,33.5,A,DoorSpread,DoorMaster,0.000000,E,P,343121.000000
Tue Sep 02 08:20:19 2025,02-Sep-2025,112025,47 42.386900 N,062 55.860200 W,2.2,33.3,A,Primary,Headline,2.020408,D,P,237840.000000
Tue Sep 02 08:20:19 2025,02-Sep-2025,112026,47 42.387600 N,062 55.859600 W,2.2,33.3,A,Primary,Headline,2.020408,D,P,237840.000000
Tue Sep 02 08:20:19 2025,02-Sep-2025,112027,47 42.388200 N,062 55.858900 W,2.2,33.2,A,Primary,Headline,2.020408,D,P,237840.000000
Tue Sep 02 08:20:19 2025,02-Sep-2025,112028,47 42.388800 N,062 55.858400 W,2.2,33.2,A,Primary,Headline,2.020408,D,P,237840.000000
Tue Sep 02 08:20:24 2025,02-Sep-2025,112029,47 42.389400 N,062 55.857800 W,2.2,33.3,A,Depth,Depth,69.074074,D,P,243085.000000
Tue Sep 02 08:20:24 2025,02-Sep-2025,112030,47 42.389900 N,062 55.857400 W,2.3,33.2,A,Depth,Depth,69.074074,D,P,243085.000000
Tue Sep 02 08:20:25 2025,02-Sep-2025,112031,47 42.390400 N,062 55.857000 W,2.3,33.1,A,Depth,Depth,64.166667,D,S,379544.000000
Tue Sep 02 08:20:25 2025,02-Sep-2025,112032,47 42.390900 N,062 55.856600 W,2.2,33.2,A,Depth,Depth,64.166667,D,S,379544.000000
Tue Sep 02 08:20:25 2025,02-Sep-2025,112033,47 42.391400 N,062 55.856200 W,2.3,33.3,A,Depth,Depth,64.166667,D,S,379544.000000
Tue Sep 02 08:20:29 2025,02-Sep-2025,112034,47 42.392000 N,062 55.855700 W,2.3,33.4,A,DoorSpread,DoorMaster,0.925000,D,S,45123.000000
Tue Sep 02 08:20:29 2025,02-Sep-2025,112035,47 42.392500 N,062 55.855100 W,2.3,33.5,A,DoorSpread,DoorMaster,0.925000,D,S,45123.000000
Tue Sep 02 08:20:29 2025,02-Sep-2025,112036,47 42.393100 N,062 55.854600 W,2.3,33.4,A,DoorSpread,DoorMaster,0.925000,D,S,45123.000000
Tue Sep 02 08:20:31 2025,02-Sep-2025,112037,47 42.393600 N,062 55.854100 W,2.2,33.3,A,Depth,Depth,58.796296,D,P,277524.000000
Tue Sep 02 08:20:31 2025,02-Sep-2025,112038,47 42.394200 N,062 55.853600 W,2.3,33.3,A,Depth,Depth,58.796296,D,P,277524.000000
Tue Sep 02 08:20:33 2025,02-Sep-2025,112039,47 42.394800 N,062 55.852900 W,2.3,33.5,A,Primary,Headline,1.510204,D,S,315097.000000
Tue Sep 02 08:20:34 2025,02-Sep-2025,112040,47 42.395300 N,062 55.852400 W,2.3,33.7,A,DoorSpread,DoorMaster,1.870000,D,S,396316.000000
Tue Sep 02 08:20:34 2025,02-Sep-2025,112041,47 42.395900 N,062 55.851900 W,2.3,33.6,A,DoorSpread,DoorMaster,1.870000,D,S,396316.000000
Tue Sep 02 08:20:34 2025,02-Sep-2025,112042,47 42.396400 N,062 55.851600 W,2.3,33.5,A,DoorSpread,DoorMaster,1.870000,D,S,396316.000000
Tue Sep 02 08:20:34 2025,02-Sep-2025,112043,47 42.397000 N,062 55.851200 W,2.3,33.5,A,DoorSpread,DoorMaster,1.870000,D,S,396316.000000
Tue Sep 02 08:20:38 2025,02-Sep-2025,112044,47 42.397500 N,062 55.850600 W,2.3,33.4,A,Depth,Depth,65.555556,D,P,91808.000000
Tue Sep 02 08:20:39 2025,02-Sep-2025,112045,47 42.398000 N,062 55.850100 W,2.3,33.4,A,DoorSpread,DoorMaster,6.235000,D,S,350422.000000
Tue Sep 02 08:20:39 2025,02-Sep-2025,112046,47 42.398500 N,062 55.849500 W,2.3,33.4,A,DoorSpread,DoorMaster,6.235000,D,S,350422.000000
Tue Sep 02 08:20:39 2025,02-Sep-2025,112047,47 42.399100 N,062 55.849000 W,2.3,33.3,A,DoorSpread,DoorMaster,6.235000,D,S,350422.000000
Tue Sep 02 08:20:39 2025,02-Sep-2025,112048,47 42.399600 N,062 55.848600 W,2.3,33.0,A,DoorSpread,DoorMaster,6.235000,D,S,350422.000000
Tue Sep 02 08:20:39 2025,02-Sep-2025,112049,47 42.400200 N,062 55.848100 W,2.2,33.0,A,DoorSpread,DoorMaster,6.235000,D,S,350422.000000
Tue Sep 02 08:20:39 2025,02-Sep-2025,112050,47 42.400700 N,062 55.847500 W,2.2,33.0,A,DoorSpread,DoorMaster,6.235000,D,S,350422.000000
Tue Sep 02 08:20:46 2025,02-Sep-2025,112051,47 42.401100 N,062 55.846800 W,2.2,33.1,A,Depth,Depth,66.851852,D,P,195159.000000
Tue Sep 02 08:20:46 2025,02-Sep-2025,112052,47 42.401700 N,062 55.846300 W,2.2,33.1,A,Depth,Depth,66.851852,D,P,195159.000000
Tue Sep 02 08:20:49 2025,02-Sep-2025,112053,47 42.402200 N,062 55.845800 W,2.2,33.0,A,Primary,Headline,1.571429,D,P,200141.000000
Tue Sep 02 08:20:49 2025,02-Sep-2025,112054,47 42.402800 N,062 55.845200 W,2.2,32.9,A,Primary,Headline,1.571429,D,P,200141.000000
Tue Sep 02 08:20:49 2025,02-Sep-2025,112055,47 42.403400 N,062 55.844600 W,2.2,32.8,A,Primary,Headline,1.571429,D,P,200141.000000
Tue Sep 02 08:20:51 2025,02-Sep-2025,112056,47 42.403900 N,062 55.844100 W,2.1,32.8,A,DoorSpread,DoorMaster,6.305000,D,P,275513.000000
Tue Sep 02 08:20:51 2025,02-Sep-2025,112057,47 42.404400 N,062 55.843600 W,2.1,32.6,A,DoorSpread,DoorMaster,6.305000,D,P,275513.000000
Tue Sep 02 08:20:51 2025,02-Sep-2025,112058,47 42.404900 N,062 55.843100 W,2.2,32.5,A,DoorSpread,DoorMaster,6.305000,D,P,275513.000000
Tue Sep 02 08:20:53 2025,02-Sep-2025,112059,47 42.405300 N,062 55.842600 W,2.1,32.5,A,Primary,Headline,1.428571,D,S,584133.000000
Tue Sep 02 08:20:54 2025,02-Sep-2025,112100,47 42.405700 N,062 55.842000 W,2.1,32.4,A,Primary,Headline,1.693878,D,P,146479.000000
Tue Sep 02 08:20:54 2025,02-Sep-2025,112101,47 42.406100 N,062 55.841600 W,2.1,32.4,A,Primary,Headline,1.693878,D,P,146479.000000
Tue Sep 02 08:20:56 2025,02-Sep-2025,112102,47 42.406600 N,062 55.841100 W,2.1,32.3,A,DoorSpread,DoorMaster,6.455000,D,P,73721.000000
Tue Sep 02 08:20:56 2025,02-Sep-2025,112103,47 42.407000 N,062 55.840600 W,2.1,32.2,A,DoorSpread,DoorMaster,6.455000,D,P,73721.000000
Tue Sep 02 08:20:59 2025,02-Sep-2025,112104,47 42.407500 N,062 55.840200 W,2.1,32.2,A,Primary,Headline,1.775510,D,S,497594.000000
Tue Sep 02 08:20:59 2025,02-Sep-2025,112105,47 42.407900 N,062 55.839700 W,2.1,32.3,A,Primary,Headline,1.775510,D,S,497594.000000
Tue Sep 02 08:21:00 2025,02-Sep-2025,112106,47 42.408200 N,062 55.839200 W,2.1,32.1,A,Depth,Depth,63.981481,D,P,264628.000000
Tue Sep 02 08:21:00 2025,02-Sep-2025,112107,47 42.408500 N,062 55.838700 W,2.1,32.1,A,Depth,Depth,63.981481,D,P,264628.000000
Tue Sep 02 08:21:02 2025,02-Sep-2025,112108,47 42.408900 N,062 55.838300 W,2.1,32.0,A,DoorSpread,DoorMaster,6.545000,D,P,102716.000000
Tue Sep 02 08:21:04 2025,02-Sep-2025,112109,47 42.409200 N,062 55.837800 W,2.0,32.1,A,Primary,Headline,1.857143,D,S,465979.000000
Tue Sep 02 08:21:04 2025,02-Sep-2025,112110,47 42.409500 N,062 55.837400 W,2.0,32.0,A,Primary,Headline,1.857143,D,S,465979.000000
Tue Sep 02 08:21:04 2025,02-Sep-2025,112111,47 42.410000 N,062 55.837100 W,2.0,31.9,A,Primary,Headline,1.857143,D,S,465979.000000
Tue Sep 02 08:21:04 2025,02-Sep-2025,112112,47 42.410500 N,062 55.836800 W,2.1,32.0,A,Primary,Headline,1.857143,D,S,465979.000000
Tue Sep 02 08:21:08 2025,02-Sep-2025,112113,47 42.411000 N,062 55.836400 W,2.0,32.0,A,DoorSpread,DoorMaster,6.500000,D,P,118790.000000
Tue Sep 02 08:21:08 2025,02-Sep-2025,112114,47 42.411400 N,062 55.836200 W,2.0,32.0,A,DoorSpread,DoorMaster,6.500000,D,P,118790.000000
Tue Sep 02 08:21:09 2025,02-Sep-2025,112115,47 42.411800 N,062 55.835800 W,2.0,31.9,A,Primary,Headline,1.857143,D,P,402768.000000
Tue Sep 02 08:21:09 2025,02-Sep-2025,112116,47 42.412400 N,062 55.835400 W,2.0,31.8,A,Primary,Headline,1.857143,D,P,402768.000000
Tue Sep 02 08:21:09 2025,02-Sep-2025,112117,47 42.412900 N,062 55.834900 W,2.0,31.8,A,Primary,Headline,1.857143,D,P,402768.000000
Tue Sep 02 08:21:13 2025,02-Sep-2025,112118,47 42.413300 N,062 55.834600 W,1.9,31.9,A,DoorSpread,DoorMaster,0.000000,E,P,115154.000000
Tue Sep 02 08:21:13 2025,02-Sep-2025,112119,47 42.413900 N,062 55.834100 W,2.0,32.0,A,DoorSpread,DoorMaster,0.000000,E,P,115154.000000
Tue Sep 02 08:21:15 2025,02-Sep-2025,112120,47 42.414400 N,062 55.833600 W,2.0,32.0,A,Depth,Depth,64.074074,D,P,165839.000000
Tue Sep 02 08:21:15 2025,02-Sep-2025,112121,47 42.414800 N,062 55.833300 W,2.0,31.9,A,Depth,Depth,64.074074,D,P,165839.000000
Tue Sep 02 08:21:15 2025,02-Sep-2025,112122,47 42.415200 N,062 55.832900 W,2.0,31.9,A,Depth,Depth,64.074074,D,P,165839.000000
Tue Sep 02 08:21:15 2025,02-Sep-2025,112123,47 42.415600 N,062 55.832700 W,2.0,32.0,A,Depth,Depth,64.074074,D,P,165839.000000
Tue Sep 02 08:21:18 2025,02-Sep-2025,112124,47 42.416100 N,062 55.832400 W,2.0,32.1,A,Primary,Headline,1.816327,D,S,318638.000000
Tue Sep 02 08:21:19 2025,02-Sep-2025,112125,47 42.416400 N,062 55.832100 W,2.0,32.2,A,Primary,Headline,2.183673,D,P,95486.000000
Tue Sep 02 08:21:19 2025,02-Sep-2025,112126,47 42.417000 N,062 55.831800 W,2.0,32.2,A,Primary,Headline,2.183673,D,P,95486.000000
Tue Sep 02 08:21:22 2025,02-Sep-2025,112127,47 42.417600 N,062 55.831400 W,2.0,32.1,A,Depth,Depth,63.796296,D,S,388010.000000
Tue Sep 02 08:21:22 2025,02-Sep-2025,112128,47 42.418200 N,062 55.831100 W,2.0,32.2,A,Depth,Depth,63.796296,D,S,388010.000000
Tue Sep 02 08:21:24 2025,02-Sep-2025,112129,47 42.418800 N,062 55.830500 W,2.0,32.2,A,Primary,Headline,2.122449,D,P,139733.000000
Tue Sep 02 08:21:24 2025,02-Sep-2025,112130,47 42.419400 N,062 55.829900 W,2.0,32.3,A,Primary,Headline,2.122449,D,P,139733.000000
Tue Sep 02 08:21:24 2025,02-Sep-2025,112131,47 42.419900 N,062 55.829200 W,2.0,32.3,A,Primary,Headline,2.122449,D,P,139733.000000
Tue Sep 02 08:21:24 2025,02-Sep-2025,112132,47 42.420500 N,062 55.828500 W,2.1,32.2,A,Primary,Headline,2.122449,D,P,139733.000000
Tue Sep 02 08:21:24 2025,02-Sep-2025,112133,47 42.421000 N,062 55.828000 W,2.1,32.3,A,Primary,Headline,2.122449,D,P,139733.000000
Tue Sep 02 08:21:28 2025,02-Sep-2025,112134,47 42.421600 N,062 55.827400 W,2.1,32.3,A,Primary,Headline,1.918367,D,S,554529.000000
Tue Sep 02 08:21:30 2025,02-Sep-2025,112135,47 42.422100 N,062 55.826800 W,2.1,32.1,A,DoorSpread,DoorMaster,7.100000,D,P,127503.000000
Tue Sep 02 08:21:30 2025,02-Sep-2025,112136,47 42.422700 N,062 55.826200 W,2.1,32.1,A,DoorSpread,DoorMaster,7.100000,D,P,127503.000000
Tue Sep 02 08:21:30 2025,02-Sep-2025,112137,47 42.423400 N,062 55.825600 W,2.1,32.2,A,DoorSpread,DoorMaster,7.100000,D,P,127503.000000
Tue Sep 02 08:21:30 2025,02-Sep-2025,112138,47 42.423800 N,062 55.825000 W,2.1,32.3,A,DoorSpread,DoorMaster,7.100000,D,P,127503.000000
Tue Sep 02 08:21:33 2025,02-Sep-2025,112139,47 42.424300 N,062 55.824500 W,2.1,32.3,A,Primary,Headline,1.755102,D,P,55679.000000
Tue Sep 02 08:21:34 2025,02-Sep-2025,112140,47 42.424900 N,062 55.824100 W,2.1,32.2,A,Primary,Headline,1.734694,D,S,96596.000000
Tue Sep 02 08:21:35 2025,02-Sep-2025,112141,47 42.425400 N,062 55.823700 W,2.1,32.1,A,DoorSpread,DoorMaster,6.925000,D,S,312016.000000
Tue Sep 02 08:21:35 2025,02-Sep-2025,112142,47 42.425800 N,062 55.823200 W,2.1,32.0,A,DoorSpread,DoorMaster,6.925000,D,S,312016.000000
Tue Sep 02 08:21:35 2025,02-Sep-2025,112143,47 42.426200 N,062 55.822700 W,2.1,32.2,A,DoorSpread,DoorMaster,6.925000,D,S,312016.000000
Tue Sep 02 08:21:35 2025,02-Sep-2025,112144,47 42.426700 N,062 55.822200 W,2.1,32.4,A,DoorSpread,DoorMaster,6.925000,D,S,312016.000000
Tue Sep 02 08:21:35 2025,02-Sep-2025,112145,47 42.427300 N,062 55.821800 W,2.2,32.2,A,DoorSpread,DoorMaster,6.925000,D,S,312016.000000
Tue Sep 02 08:21:40 2025,02-Sep-2025,112146,47 42.427800 N,062 55.821500 W,2.2,32.0,A,DoorSpread,DoorMaster,6.595000,D,S,320317.000000
Tue Sep 02 08:21:40 2025,02-Sep-2025,112147,47 42.428400 N,062 55.821200 W,2.2,32.1,A,DoorSpread,DoorMaster,6.595000,D,S,320317.000000
Tue Sep 02 08:21:40 2025,02-Sep-2025,112148,47 42.429000 N,062 55.820900 W,2.2,32.1,A,DoorSpread,DoorMaster,6.595000,D,S,320317.000000
Tue Sep 02 08:21:40 2025,02-Sep-2025,112149,47 42.429600 N,062 55.820600 W,2.2,32.0,A,DoorSpread,DoorMaster,6.595000,D,S,320317.000000
Tue Sep 02 08:21:40 2025,02-Sep-2025,112150,47 42.430100 N,062 55.820300 W,2.2,32.0,A,DoorSpread,DoorMaster,6.595000,D,S,320317.000000
Tue Sep 02 08:21:45 2025,02-Sep-2025,112151,47 42.430700 N,062 55.819900 W,2.2,31.9,A,DoorSpread,DoorMaster,0.000000,E,S,342248.000000
Tue Sep 02 08:21:45 2025,02-Sep-2025,112152,47 42.431300 N,062 55.819600 W,2.2,31.8,A,DoorSpread,DoorMaster,0.000000,E,S,342248.000000
Tue Sep 02 08:21:45 2025,02-Sep-2025,112153,47 42.431800 N,062 55.819300 W,2.2,31.8,A,DoorSpread,DoorMaster,0.000000,E,S,342248.000000
Tue Sep 02 08:21:45 2025,02-Sep-2025,112154,47 42.432300 N,062 55.818800 W,2.2,31.7,A,DoorSpread,DoorMaster,0.000000,E,S,342248.000000
Tue Sep 02 08:21:45 2025,02-Sep-2025,112155,47 42.432800 N,062 55.818300 W,2.2,31.8,A,DoorSpread,DoorMaster,0.000000,E,S,342248.000000
Tue Sep 02 08:21:50 2025,02-Sep-2025,112156,47 42.433300 N,062 55.817800 W,2.2,31.9,A,DoorSpread,DoorMaster,0.000000,E,P,100601.000000
Tue Sep 02 08:21:51 2025,02-Sep-2025,112157,47 42.433900 N,062 55.817200 W,2.2,31.9,A,DoorSpread,DoorMaster,0.000000,E,S,226930.000000
Tue Sep 02 08:21:51 2025,02-Sep-2025,112158,47 42.434300 N,062 55.816600 W,2.2,31.9,A,DoorSpread,DoorMaster,0.000000,E,S,226930.000000
Tue Sep 02 08:21:51 2025,02-Sep-2025,112159,47 42.434800 N,062 55.816000 W,2.2,31.9,A,DoorSpread,DoorMaster,0.000000,E,S,226930.000000
Tue Sep 02 08:21:51 2025,02-Sep-2025,112200,47 42.435200 N,062 55.815300 W,2.2,31.8,A,DoorSpread,DoorMaster,0.000000,E,S,226930.000000
Tue Sep 02 08:21:51 2025,02-Sep-2025,112201,47 42.435700 N,062 55.814700 W,2.2,31.8,A,DoorSpread,DoorMaster,0.000000,E,S,226930.000000
Tue Sep 02 08:21:56 2025,02-Sep-2025,112202,47 42.436100 N,062 55.814100 W,2.2,32.0,A,DoorSpread,DoorMaster,6.490000,D,S,337884.000000
Tue Sep 02 08:21:56 2025,02-Sep-2025,112203,47 42.436600 N,062 55.813600 W,2.2,32.0,A,DoorSpread,DoorMaster,6.490000,D,S,337884.000000
Tue Sep 02 08:21:56 2025,02-Sep-2025,112204,47 42.437100 N,062 55.813100 W,2.2,31.9,A,DoorSpread,DoorMaster,6.490000,D,S,337884.000000
Tue Sep 02 08:21:56 2025,02-Sep-2025,112205,47 42.437700 N,062 55.812700 W,2.2,31.8,A,DoorSpread,DoorMaster,6.490000,D,S,337884.000000
Tue Sep 02 08:21:56 2025,02-Sep-2025,112206,47 42.438300 N,062 55.812300 W,2.2,31.7,A,DoorSpread,DoorMaster,6.490000,D,S,337884.000000
Tue Sep 02 08:22:01 2025,02-Sep-2025,112207,47 42.438700 N,062 55.811700 W,2.2,31.7,A,DoorSpread,DoorMaster,0.000000,E,S,243384.000000
Tue Sep 02 08:22:01 2025,02-Sep-2025,112208,47 42.439300 N,062 55.811200 W,2.2,31.9,A,DoorSpread,DoorMaster,0.000000,E,S,243384.000000
Tue Sep 02 08:22:01 2025,02-Sep-2025,112209,47 42.439700 N,062 55.810600 W,2.2,31.9,A,DoorSpread,DoorMaster,0.000000,E,S,243384.000000
Tue Sep 02 08:22:01 2025,02-Sep-2025,112210,47 42.440300 N,062 55.810100 W,2.2,31.8,A,DoorSpread,DoorMaster,0.000000,E,S,243384.000000
Tue Sep 02 08:22:01 2025,02-Sep-2025,112211,47 42.440900 N,062 55.809500 W,2.2,31.7,A,DoorSpread,DoorMaster,0.000000,E,S,243384.000000
Tue Sep 02 08:22:07 2025,02-Sep-2025,112212,47 42.441500 N,062 55.808900 W,2.2,31.6,A,DoorSpread,DoorMaster,6.520000,D,S,217769.000000
Tue Sep 02 08:22:07 2025,02-Sep-2025,112213,47 42.442000 N,062 55.808300 W,2.2,31.7,A,DoorSpread,DoorMaster,6.520000,D,S,217769.000000
Tue Sep 02 08:22:07 2025,02-Sep-2025,112214,47 42.442500 N,062 55.807700 W,2.2,31.8,A,DoorSpread,DoorMaster,6.520000,D,S,217769.000000
Tue Sep 02 08:22:07 2025,02-Sep-2025,112215,47 42.443000 N,062 55.807200 W,2.2,31.7,A,DoorSpread,DoorMaster,6.520000,D,S,217769.000000
Tue Sep 02 08:22:07 2025,02-Sep-2025,112216,47 42.443500 N,062 55.806800 W,2.3,31.5,A,DoorSpread,DoorMaster,6.520000,D,S,217769.000000
Tue Sep 02 08:22:07 2025,02-Sep-2025,112217,47 42.444000 N,062 55.806200 W,2.3,31.5,A,DoorSpread,DoorMaster,6.520000,D,S,217769.000000
Tue Sep 02 08:22:13 2025,02-Sep-2025,112218,47 42.444400 N,062 55.805700 W,2.2,31.5,A,DoorSpread,DoorMaster,6.520000,D,P,129344.000000
Tue Sep 02 08:22:13 2025,02-Sep-2025,112219,47 42.444900 N,062 55.805300 W,2.2,31.5,A,DoorSpread,DoorMaster,6.520000,D,P,129344.000000
Tue Sep 02 08:22:13 2025,02-Sep-2025,112220,47 42.445400 N,062 55.804800 W,2.3,31.4,A,DoorSpread,DoorMaster,6.520000,D,P,129344.000000
Tue Sep 02 08:22:13 2025,02-Sep-2025,112221,47 42.445900 N,062 55.804400 W,2.3,31.4,A,DoorSpread,DoorMaster,6.520000,D,P,129344.000000
Tue Sep 02 08:22:13 2025,02-Sep-2025,112222,47 42.446400 N,062 55.803900 W,2.2,31.3,A,DoorSpread,DoorMaster,6.520000,D,P,129344.000000
Tue Sep 02 08:22:13 2025,02-Sep-2025,112223,47 42.446900 N,062 55.803600 W,2.2,31.3,A,DoorSpread,DoorMaster,6.520000,D,P,129344.000000
Tue Sep 02 08:22:18 2025,02-Sep-2025,112224,47 42.447400 N,062 55.803200 W,2.3,31.3,A,DoorSpread,DoorMaster,6.625000,D,S,284648.000000
Tue Sep 02 08:22:18 2025,02-Sep-2025,112225,47 42.447900 N,062 55.802700 W,2.3,31.4,A,DoorSpread,DoorMaster,6.625000,D,S,284648.000000
Tue Sep 02 08:22:18 2025,02-Sep-2025,112226,47 42.448400 N,062 55.802400 W,2.2,31.3,A,DoorSpread,DoorMaster,6.625000,D,S,284648.000000
Tue Sep 02 08:22:18 2025,02-Sep-2025,112227,47 42.448900 N,062 55.802000 W,2.2,31.3,A,DoorSpread,DoorMaster,6.625000,D,S,284648.000000
Tue Sep 02 08:22:18 2025,02-Sep-2025,112228,47 42.449400 N,062 55.801600 W,2.2,31.3,A,DoorSpread,DoorMaster,6.625000,D,S,284648.000000
Tue Sep 02 08:22:23 2025,02-Sep-2025,112229,47 42.450000 N,062 55.801100 W,2.2,31.2,A,DoorSpread,DoorMaster,7.125000,D,P,54957.000000
Tue Sep 02 08:22:23 2025,02-Sep-2025,112230,47 42.450500 N,062 55.800700 W,2.2,31.2,A,DoorSpread,DoorMaster,7.125000,D,P,54957.000000
Tue Sep 02 08:22:23 2025,02-Sep-2025,112231,47 42.451100 N,062 55.800200 W,2.2,31.2,A,DoorSpread,DoorMaster,7.125000,D,P,54957.000000
Tue Sep 02 08:22:23 2025,02-Sep-2025,112232,47 42.451600 N,062 55.799800 W,2.2,31.2,A,DoorSpread,DoorMaster,7.125000,D,P,54957.000000
Tue Sep 02 08:22:23 2025,02-Sep-2025,112233,47 42.452100 N,062 55.799300 W,2.2,31.1,A,DoorSpread,DoorMaster,7.125000,D,P,54957.000000
Tue Sep 02 08:22:29 2025,02-Sep-2025,112234,47 42.452700 N,062 55.798700 W,2.2,31.0,A,DoorSpread,DoorMaster,0.000000,E,P,79834.000000
Tue Sep 02 08:22:29 2025,02-Sep-2025,112235,47 42.453300 N,062 55.798200 W,2.2,31.1,A,DoorSpread,DoorMaster,0.000000,E,P,79834.000000
Tue Sep 02 08:22:29 2025,02-Sep-2025,112236,47 42.453800 N,062 55.797700 W,2.2,31.1,A,DoorSpread,DoorMaster,0.000000,E,P,79834.000000
Tue Sep 02 08:22:29 2025,02-Sep-2025,112237,47 42.454400 N,062 55.797300 W,2.2,30.9,A,DoorSpread,DoorMaster,0.000000,E,P,79834.000000
Tue Sep 02 08:22:29 2025,02-Sep-2025,112238,47 42.454900 N,062 55.796900 W,2.2,30.7,A,DoorSpread,DoorMaster,0.000000,E,P,79834.000000
Tue Sep 02 08:22:34 2025,02-Sep-2025,112239,47 42.455500 N,062 55.796500 W,2.2,30.7,A,DoorSpread,DoorMaster,0.000000,E,S,227382.000000
Tue Sep 02 08:22:34 2025,02-Sep-2025,112240,47 42.456000 N,062 55.796100 W,2.1,30.7,A,DoorSpread,DoorMaster,0.000000,E,S,227382.000000
Tue Sep 02 08:22:34 2025,02-Sep-2025,112241,47 42.456600 N,062 55.795700 W,2.1,30.7,A,DoorSpread,DoorMaster,0.000000,E,S,227382.000000
Tue Sep 02 08:22:34 2025,02-Sep-2025,112242,47 42.457100 N,062 55.795400 W,2.1,30.7,A,DoorSpread,DoorMaster,0.000000,E,S,227382.000000
Tue Sep 02 08:22:34 2025,02-Sep-2025,112243,47 42.457700 N,062 55.795000 W,2.1,30.7,A,DoorSpread,DoorMaster,0.000000,E,S,227382.000000
Tue Sep 02 08:22:34 2025,02-Sep-2025,112244,47 42.458100 N,062 55.794600 W,2.1,30.6,A,DoorSpread,DoorMaster,0.000000,E,S,227382.000000
Tue Sep 02 08:22:39 2025,02-Sep-2025,112245,47 42.458700 N,062 55.794100 W,2.1,30.6,A,DoorSpread,DoorMaster,6.475000,D,P,235832.000000
Tue Sep 02 08:22:40 2025,02-Sep-2025,112246,47 42.459200 N,062 55.793600 W,2.1,30.6,A,DoorSpread,DoorMaster,6.635000,D,S,511618.000000
Tue Sep 02 08:22:40 2025,02-Sep-2025,112247,47 42.459800 N,062 55.793200 W,2.1,30.6,A,DoorSpread,DoorMaster,6.635000,D,S,511618.000000
Tue Sep 02 08:22:40 2025,02-Sep-2025,112248,47 42.460300 N,062 55.792800 W,2.1,30.6,A,DoorSpread,DoorMaster,6.635000,D,S,511618.000000
Tue Sep 02 08:22:40 2025,02-Sep-2025,112249,47 42.460700 N,062 55.792300 W,2.1,30.5,A,DoorSpread,DoorMaster,6.635000,D,S,511618.000000
Tue Sep 02 08:22:40 2025,02-Sep-2025,112250,47 42.461200 N,062 55.791800 W,2.1,30.5,A,DoorSpread,DoorMaster,6.635000,D,S,511618.000000
Tue Sep 02 08:22:45 2025,02-Sep-2025,112251,47 42.461700 N,062 55.791200 W,2.1,30.5,A,DoorSpread,DoorMaster,6.690000,D,S,290113.000000
Tue Sep 02 08:22:45 2025,02-Sep-2025,112252,47 42.462200 N,062 55.790600 W,2.1,30.5,A,DoorSpread,DoorMaster,6.690000,D,S,290113.000000
Tue Sep 02 08:22:45 2025,02-Sep-2025,112253,47 42.462600 N,062 55.790000 W,2.1,30.5,A,DoorSpread,DoorMaster,6.690000,D,S,290113.000000
Tue Sep 02 08:22:45 2025,02-Sep-2025,112254,47 42.463100 N,062 55.789500 W,2.1,30.6,A,DoorSpread,DoorMaster,6.690000,D,S,290113.000000
Tue Sep 02 08:22:45 2025,02-Sep-2025,112255,47 42.463500 N,062 55.789000 W,2.1,30.7,A,DoorSpread,DoorMaster,6.690000,D,S,290113.000000
Tue Sep 02 08:22:50 2025,02-Sep-2025,112256,47 42.463900 N,062 55.788500 W,2.1,30.6,A,DoorSpread,DoorMaster,0.000000,E,P,258910.000000
Tue Sep 02 08:22:50 2025,02-Sep-2025,112257,47 42.464400 N,062 55.788000 W,2.1,30.6,A,DoorSpread,DoorMaster,0.000000,E,P,258910.000000
Tue Sep 02 08:22:50 2025,02-Sep-2025,112258,47 42.464900 N,062 55.787500 W,2.1,30.6,A,DoorSpread,DoorMaster,0.000000,E,P,258910.000000
Tue Sep 02 08:22:50 2025,02-Sep-2025,112259,47 42.465300 N,062 55.787200 W,2.1,30.6,A,DoorSpread,DoorMaster,0.000000,E,P,258910.000000
Tue Sep 02 08:22:50 2025,02-Sep-2025,112300,47 42.465700 N,062 55.786800 W,2.1,30.6,A,DoorSpread,DoorMaster,0.000000,E,P,258910.000000
Tue Sep 02 08:22:50 2025,02-Sep-2025,112301,47 42.466100 N,062 55.786400 W,2.1,30.5,A,DoorSpread,DoorMaster,0.000000,E,P,258910.000000
Tue Sep 02 08:22:56 2025,02-Sep-2025,112302,47 42.466500 N,062 55.786000 W,2.1,30.5,A,DoorSpread,DoorMaster,6.655000,D,S,451733.000000
Tue Sep 02 08:22:56 2025,02-Sep-2025,112303,47 42.467000 N,062 55.785700 W,2.1,30.5,A,DoorSpread,DoorMaster,6.655000,D,S,451733.000000
Tue Sep 02 08:22:56 2025,02-Sep-2025,112304,47 42.467400 N,062 55.785400 W,2.1,30.5,A,DoorSpread,DoorMaster,6.655000,D,S,451733.000000
Tue Sep 02 08:22:56 2025,02-Sep-2025,112305,47 42.467900 N,062 55.784900 W,2.1,30.5,A,DoorSpread,DoorMaster,6.655000,D,S,451733.000000
Tue Sep 02 08:22:56 2025,02-Sep-2025,112306,47 42.468500 N,062 55.784500 W,2.1,30.4,A,DoorSpread,DoorMaster,6.655000,D,S,451733.000000
Tue Sep 02 08:23:01 2025,02-Sep-2025,112307,47 42.469100 N,062 55.783900 W,2.1,30.4,A,DoorSpread,DoorMaster,6.605000,D,S,239327.000000
Tue Sep 02 08:23:01 2025,02-Sep-2025,112308,47 42.469600 N,062 55.783400 W,2.1,30.5,A,DoorSpread,DoorMaster,6.595000,D,P,177857.000000
Tue Sep 02 08:23:01 2025,02-Sep-2025,112309,47 42.470100 N,062 55.783000 W,2.1,30.5,A,DoorSpread,DoorMaster,6.595000,D,P,177857.000000
Tue Sep 02 08:23:01 2025,02-Sep-2025,112310,47 42.470600 N,062 55.782400 W,2.1,30.5,A,DoorSpread,DoorMaster,6.595000,D,P,177857.000000
Tue Sep 02 08:23:01 2025,02-Sep-2025,112311,47 42.471100 N,062 55.781900 W,2.1,30.5,A,DoorSpread,DoorMaster,6.595000,D,P,177857.000000
Tue Sep 02 08:23:01 2025,02-Sep-2025,112312,47 42.471600 N,062 55.781500 W,2.1,30.4,A,DoorSpread,DoorMaster,6.595000,D,P,177857.000000
Tue Sep 02 08:23:07 2025,02-Sep-2025,112313,47 42.472200 N,062 55.781000 W,2.1,30.3,A,DoorSpread,DoorMaster,6.600000,D,S,287593.000000
Tue Sep 02 08:23:07 2025,02-Sep-2025,112314,47 42.472700 N,062 55.780500 W,2.1,30.3,A,DoorSpread,DoorMaster,6.600000,D,S,287593.000000
Tue Sep 02 08:23:07 2025,02-Sep-2025,112315,47 42.473200 N,062 55.780100 W,2.0,30.3,A,DoorSpread,DoorMaster,6.600000,D,S,287593.000000
Tue Sep 02 08:23:07 2025,02-Sep-2025,112316,47 42.473600 N,062 55.779500 W,2.1,30.2,A,DoorSpread,DoorMaster,6.600000,D,S,287593.000000
Tue Sep 02 08:23:07 2025,02-Sep-2025,112317,47 42.474100 N,062 55.779100 W,2.1,30.1,A,DoorSpread,DoorMaster,6.600000,D,S,287593.000000
Tue Sep 02 08:23:12 2025,02-Sep-2025,112318,47 42.474600 N,062 55.778600 W,2.1,30.0,A,DoorSpread,DoorMaster,0.000000,E,P,101294.000000
Tue Sep 02 08:23:12 2025,02-Sep-2025,112319,47 42.475000 N,062 55.778200 W,2.0,30.0,A,DoorSpread,DoorMaster,0.000000,E,P,101294.000000
Tue Sep 02 08:23:12 2025,02-Sep-2025,112320,47 42.475500 N,062 55.777800 W,2.1,29.9,A,DoorSpread,DoorMaster,0.000000,E,P,101294.000000
Tue Sep 02 08:23:12 2025,02-Sep-2025,112321,47 42.476200 N,062 55.777300 W,2.1,29.8,A,DoorSpread,DoorMaster,0.000000,E,P,101294.000000
Tue Sep 02 08:23:12 2025,02-Sep-2025,112322,47 42.476700 N,062 55.776900 W,2.1,29.7,A,DoorSpread,DoorMaster,0.000000,E,P,101294.000000
Tue Sep 02 08:23:17 2025,02-Sep-2025,112323,47 42.477200 N,062 55.776600 W,2.1,29.7,A,DoorSpread,DoorMaster,6.515000,D,S,249144.000000
Tue Sep 02 08:23:17 2025,02-Sep-2025,112324,47 42.477800 N,062 55.776100 W,2.1,29.9,A,DoorSpread,DoorMaster,6.515000,D,S,249144.000000
Tue Sep 02 08:23:17 2025,02-Sep-2025,112325,47 42.478300 N,062 55.775700 W,2.1,29.9,A,DoorSpread,DoorMaster,6.515000,D,S,249144.000000
Tue Sep 02 08:23:17 2025,02-Sep-2025,112326,47 42.478800 N,062 55.775400 W,2.1,30.0,A,DoorSpread,DoorMaster,6.515000,D,S,249144.000000
Tue Sep 02 08:23:17 2025,02-Sep-2025,112327,47 42.479300 N,062 55.775100 W,2.1,29.7,A,DoorSpread,DoorMaster,6.515000,D,S,249144.000000
Tue Sep 02 08:23:22 2025,02-Sep-2025,112328,47 42.479800 N,062 55.774700 W,2.1,29.5,A,DoorSpread,DoorMaster,0.000000,E,P,123209.000000
Tue Sep 02 08:23:22 2025,02-Sep-2025,112329,47 42.480300 N,062 55.774300 W,2.1,29.3,A,DoorSpread,DoorMaster,0.000000,E,P,123209.000000
Tue Sep 02 08:23:22 2025,02-Sep-2025,112330,47 42.480700 N,062 55.774000 W,2.0,29.3,A,DoorSpread,DoorMaster,0.000000,E,P,123209.000000
Tue Sep 02 08:23:22 2025,02-Sep-2025,112331,47 42.481100 N,062 55.773500 W,2.1,29.3,A,DoorSpread,DoorMaster,0.000000,E,P,123209.000000
Tue Sep 02 08:23:22 2025,02-Sep-2025,112332,47 42.481400 N,062 55.772900 W,2.1,29.4,A,DoorSpread,DoorMaster,0.000000,E,P,123209.000000
Tue Sep 02 08:23:22 2025,02-Sep-2025,112333,47 42.481900 N,062 55.772600 W,2.1,29.4,A,DoorSpread,DoorMaster,0.000000,E,P,123209.000000
Tue Sep 02 08:23:28 2025,02-Sep-2025,112334,47 42.482200 N,062 55.772300 W,2.1,29.4,A,DoorSpread,DoorMaster,6.440000,D,P,112357.000000
Tue Sep 02 08:23:28 2025,02-Sep-2025,112335,47 42.482700 N,062 55.771900 W,2.0,29.3,A,DoorSpread,DoorMaster,6.440000,D,P,112357.000000
Tue Sep 02 08:23:28 2025,02-Sep-2025,112336,47 42.483000 N,062 55.771500 W,2.0,29.3,A,DoorSpread,DoorMaster,6.440000,D,P,112357.000000
Tue Sep 02 08:23:28 2025,02-Sep-2025,112337,47 42.483400 N,062 55.771000 W,2.1,29.3,A,DoorSpread,DoorMaster,6.440000,D,P,112357.000000
Tue Sep 02 08:23:28 2025,02-Sep-2025,112338,47 42.483800 N,062 55.770600 W,2.1,29.3,A,DoorSpread,DoorMaster,6.440000,D,P,112357.000000
Tue Sep 02 08:23:33 2025,02-Sep-2025,112339,47 42.484200 N,062 55.770400 W,2.1,29.3,A,DoorSpread,DoorMaster,0.000000,E,S,519917.000000
Tue Sep 02 08:23:33 2025,02-Sep-2025,112340,47 42.484700 N,062 55.770100 W,2.1,29.3,A,DoorSpread,DoorMaster,0.000000,E,S,519917.000000
Tue Sep 02 08:23:33 2025,02-Sep-2025,112341,47 42.485200 N,062 55.769700 W,2.0,29.2,A,DoorSpread,DoorMaster,0.000000,E,S,519917.000000
Tue Sep 02 08:23:33 2025,02-Sep-2025,112342,47 42.485600 N,062 55.769400 W,2.1,29.3,A,DoorSpread,DoorMaster,0.000000,E,S,519917.000000
Tue Sep 02 08:23:33 2025,02-Sep-2025,112343,47 42.486000 N,062 55.769000 W,2.1,29.2,A,DoorSpread,DoorMaster,0.000000,E,S,519917.000000
Tue Sep 02 08:23:33 2025,02-Sep-2025,112344,47 42.486500 N,062 55.768600 W,2.1,29.0,A,DoorSpread,DoorMaster,0.000000,E,S,519917.000000
Tue Sep 02 08:23:39 2025,02-Sep-2025,112345,47 42.487000 N,062 55.768200 W,2.1,28.9,A,DoorSpread,DoorMaster,6.530000,D,S,349298.000000
Tue Sep 02 08:23:39 2025,02-Sep-2025,112346,47 42.487400 N,062 55.767900 W,2.1,28.8,A,DoorSpread,DoorMaster,6.530000,D,S,349298.000000
Tue Sep 02 08:23:39 2025,02-Sep-2025,112347,47 42.487800 N,062 55.767500 W,2.0,28.8,A,DoorSpread,DoorMaster,6.530000,D,S,349298.000000
Tue Sep 02 08:23:39 2025,02-Sep-2025,112348,47 42.488200 N,062 55.767000 W,2.0,28.7,A,DoorSpread,DoorMaster,6.530000,D,S,349298.000000
Tue Sep 02 08:23:39 2025,02-Sep-2025,112349,47 42.488700 N,062 55.766500 W,2.1,28.7,A,DoorSpread,DoorMaster,6.530000,D,S,349298.000000
Tue Sep 02 08:23:44 2025,02-Sep-2025,112350,47 42.489100 N,062 55.766100 W,2.0,28.7,A,DoorSpread,DoorMaster,6.685000,D,S,107272.000000
Tue Sep 02 08:23:44 2025,02-Sep-2025,112351,47 42.489500 N,062 55.765700 W,2.0,28.7,A,DoorSpread,DoorMaster,6.685000,D,S,107272.000000
Tue Sep 02 08:23:44 2025,02-Sep-2025,112352,47 42.489900 N,062 55.765400 W,2.0,28.6,A,DoorSpread,DoorMaster,6.685000,D,S,107272.000000
Tue Sep 02 08:23:44 2025,02-Sep-2025,112353,47 42.490500 N,062 55.765000 W,2.1,28.6,A,DoorSpread,DoorMaster,6.685000,D,S,107272.000000
Tue Sep 02 08:23:44 2025,02-Sep-2025,112354,47 42.491000 N,062 55.764500 W,2.1,28.6,A,DoorSpread,DoorMaster,6.685000,D,S,107272.000000
Tue Sep 02 08:23:44 2025,02-Sep-2025,112355,47 42.491600 N,062 55.764100 W,2.1,28.7,A,DoorSpread,DoorMaster,6.685000,D,S,107272.000000
Tue Sep 02 08:23:50 2025,02-Sep-2025,112356,47 42.492300 N,062 55.763700 W,2.1,28.7,A,DoorSpread,DoorMaster,6.060000,D,P,153182.000000
Tue Sep 02 08:23:50 2025,02-Sep-2025,112357,47 42.493000 N,062 55.763200 W,2.1,28.7,A,DoorSpread,DoorMaster,6.060000,D,P,153182.000000
Tue Sep 02 08:23:50 2025,02-Sep-2025,112358,47 42.493700 N,062 55.762700 W,2.1,28.7,A,DoorSpread,DoorMaster,6.060000,D,P,153182.000000
Tue Sep 02 08:23:50 2025,02-Sep-2025,112359,47 42.494300 N,062 55.762000 W,2.2,28.7,A,DoorSpread,DoorMaster,6.060000,D,P,153182.000000
Tue Sep 02 08:23:50 2025,02-Sep-2025,112400,47 42.494900 N,062 55.761400 W,2.2,28.7,A,DoorSpread,DoorMaster,6.060000,D,P,153182.000000
Tue Sep 02 08:23:56 2025,02-Sep-2025,112401,47 42.495400 N,062 55.760800 W,2.2,28.7,A,DoorSpread,DoorMaster,6.435000,D,S,336118.000000
Tue Sep 02 08:23:56 2025,02-Sep-2025,112402,47 42.495900 N,062 55.760300 W,2.2,28.7,A,DoorSpread,DoorMaster,6.435000,D,S,336118.000000
Tue Sep 02 08:23:56 2025,02-Sep-2025,112403,47 42.496500 N,062 55.759600 W,2.2,28.7,A,DoorSpread,DoorMaster,6.435000,D,S,336118.000000
Tue Sep 02 08:23:56 2025,02-Sep-2025,112404,47 42.497100 N,062 55.759100 W,2.2,28.7,A,DoorSpread,DoorMaster,6.435000,D,S,336118.000000
Tue Sep 02 08:23:56 2025,02-Sep-2025,112405,47 42.497700 N,062 55.758600 W,2.2,28.6,A,DoorSpread,DoorMaster,6.435000,D,S,336118.000000
Tue Sep 02 08:23:56 2025,02-Sep-2025,112406,47 42.498300 N,062 55.758200 W,2.2,28.7,A,DoorSpread,DoorMaster,6.435000,D,S,336118.000000
Tue Sep 02 08:24:01 2025,02-Sep-2025,112407,47 42.498900 N,062 55.757800 W,2.2,28.7,A,DoorSpread,DoorMaster,6.440000,D,S,226735.000000
Tue Sep 02 08:24:01 2025,02-Sep-2025,112408,47 42.499500 N,062 55.757400 W,2.3,28.6,A,DoorSpread,DoorMaster,6.440000,D,S,226735.000000
Tue Sep 02 08:24:01 2025,02-Sep-2025,112409,47 42.500200 N,062 55.757000 W,2.3,28.6,A,DoorSpread,DoorMaster,6.440000,D,S,226735.000000
Tue Sep 02 08:24:01 2025,02-Sep-2025,112410,47 42.500700 N,062 55.756600 W,2.3,28.6,A,DoorSpread,DoorMaster,6.440000,D,S,226735.000000
Tue Sep 02 08:24:01 2025,02-Sep-2025,112411,47 42.501200 N,062 55.756100 W,2.3,28.7,A,DoorSpread,DoorMaster,6.440000,D,S,226735.000000
Tue Sep 02 08:24:01 2025,02-Sep-2025,112412,47 42.501800 N,062 55.755600 W,2.3,28.7,A,DoorSpread,DoorMaster,6.440000,D,S,226735.000000
Tue Sep 02 08:24:07 2025,02-Sep-2025,112413,47 42.502500 N,062 55.755100 W,2.3,28.7,A,DoorSpread,DoorMaster,6.275000,D,P,229656.000000
Tue Sep 02 08:24:07 2025,02-Sep-2025,112414,47 42.503100 N,062 55.754700 W,2.3,28.6,A,DoorSpread,DoorMaster,6.275000,D,P,229656.000000
Tue Sep 02 08:24:07 2025,02-Sep-2025,112415,47 42.503700 N,062 55.754200 W,2.3,28.6,A,DoorSpread,DoorMaster,6.275000,D,P,229656.000000
Tue Sep 02 08:24:07 2025,02-Sep-2025,112416,47 42.504300 N,062 55.753800 W,2.3,28.7,A,DoorSpread,DoorMaster,6.275000,D,P,229656.000000
Tue Sep 02 08:24:07 2025,02-Sep-2025,112417,47 42.504900 N,062 55.753200 W,2.3,28.7,A,DoorSpread,DoorMaster,6.275000,D,P,229656.000000
Tue Sep 02 08:24:12 2025,02-Sep-2025,112418,47 42.505500 N,062 55.752700 W,2.3,28.5,A,DoorSpread,DoorMaster,0.000000,E,P,235875.000000
Tue Sep 02 08:24:12 2025,02-Sep-2025,112419,47 42.505900 N,062 55.752200 W,2.4,28.4,A,DoorSpread,DoorMaster,0.000000,E,P,235875.000000
Tue Sep 02 08:24:12 2025,02-Sep-2025,112420,47 42.506500 N,062 55.751700 W,2.4,28.4,A,DoorSpread,DoorMaster,0.000000,E,P,235875.000000
Tue Sep 02 08:24:12 2025,02-Sep-2025,112421,47 42.507000 N,062 55.751400 W,2.3,28.4,A,DoorSpread,DoorMaster,0.000000,E,P,235875.000000
Tue Sep 02 08:24:12 2025,02-Sep-2025,112422,47 42.507500 N,062 55.751000 W,2.4,28.5,A,DoorSpread,DoorMaster,0.000000,E,P,235875.000000
Tue Sep 02 08:24:17 2025,02-Sep-2025,112423,47 42.508100 N,062 55.750500 W,2.4,28.5,A,DoorSpread,DoorMaster,0.000000,E,P,247056.000000
Tue Sep 02 08:24:17 2025,02-Sep-2025,112424,47 42.508600 N,062 55.749900 W,2.4,28.4,A,DoorSpread,DoorMaster,0.000000,E,P,247056.000000
Tue Sep 02 08:24:17 2025,02-Sep-2025,112425,47 42.509100 N,062 55.749400 W,2.4,28.3,A,DoorSpread,DoorMaster,0.000000,E,P,247056.000000
Tue Sep 02 08:24:17 2025,02-Sep-2025,112426,47 42.509700 N,062 55.748900 W,2.4,28.4,A,DoorSpread,DoorMaster,0.000000,E,P,247056.000000
Tue Sep 02 08:24:17 2025,02-Sep-2025,112427,47 42.510200 N,062 55.748400 W,2.3,28.5,A,DoorSpread,DoorMaster,0.000000,E,P,247056.000000
Tue Sep 02 08:24:22 2025,02-Sep-2025,112428,47 42.510800 N,062 55.748100 W,2.4,28.4,A,DoorSpread,DoorMaster,0.000000,E,S,285034.000000
Tue Sep 02 08:24:22 2025,02-Sep-2025,112429,47 42.511400 N,062 55.747700 W,2.3,28.4,A,DoorSpread,DoorMaster,0.000000,E,S,285034.000000
Tue Sep 02 08:24:22 2025,02-Sep-2025,112430,47 42.512000 N,062 55.747300 W,2.3,28.2,A,DoorSpread,DoorMaster,0.000000,E,S,285034.000000
Tue Sep 02 08:24:22 2025,02-Sep-2025,112431,47 42.512500 N,062 55.746800 W,2.3,28.2,A,DoorSpread,DoorMaster,0.000000,E,S,285034.000000
Tue Sep 02 08:24:22 2025,02-Sep-2025,112432,47 42.513000 N,062 55.746200 W,2.3,28.1,A,DoorSpread,DoorMaster,0.000000,E,S,285034.000000
Tue Sep 02 08:24:22 2025,02-Sep-2025,112433,47 42.513400 N,062 55.745800 W,2.3,28.0,A,DoorSpread,DoorMaster,0.000000,E,S,285034.000000
Tue Sep 02 08:24:28 2025,02-Sep-2025,112434,47 42.513900 N,062 55.745400 W,2.3,27.9,A,DoorSpread,DoorMaster,6.475000,D,S,160536.000000
Tue Sep 02 08:24:28 2025,02-Sep-2025,112435,47 42.514500 N,062 55.744900 W,2.3,28.0,A,DoorSpread,DoorMaster,6.475000,D,S,160536.000000
Tue Sep 02 08:24:28 2025,02-Sep-2025,112436,47 42.515100 N,062 55.744500 W,2.3,28.2,A,DoorSpread,DoorMaster,6.475000,D,S,160536.000000
Tue Sep 02 08:24:28 2025,02-Sep-2025,112437,47 42.515600 N,062 55.744000 W,2.3,28.1,A,DoorSpread,DoorMaster,6.475000,D,S,160536.000000
Tue Sep 02 08:24:28 2025,02-Sep-2025,112438,47 42.516300 N,062 55.743600 W,2.3,28.0,A,DoorSpread,DoorMaster,6.475000,D,S,160536.000000
Tue Sep 02 08:24:33 2025,02-Sep-2025,112439,47 42.517100 N,062 55.743400 W,2.3,27.7,A,DoorSpread,DoorMaster,6.410000,D,S,94206.000000
Tue Sep 02 08:24:33 2025,02-Sep-2025,112440,47 42.517800 N,062 55.743100 W,2.3,27.7,A,DoorSpread,DoorMaster,6.410000,D,S,94206.000000
Tue Sep 02 08:24:33 2025,02-Sep-2025,112441,47 42.518400 N,062 55.742700 W,2.3,27.9,A,DoorSpread,DoorMaster,6.410000,D,S,94206.000000
Tue Sep 02 08:24:33 2025,02-Sep-2025,112442,47 42.519000 N,062 55.742300 W,2.3,28.1,A,DoorSpread,DoorMaster,6.410000,D,S,94206.000000
Tue Sep 02 08:24:33 2025,02-Sep-2025,112443,47 42.519600 N,062 55.741800 W,2.3,28.0,A,DoorSpread,DoorMaster,6.410000,D,S,94206.000000
Tue Sep 02 08:24:33 2025,02-Sep-2025,112444,47 42.520200 N,062 55.741400 W,2.3,27.8,A,DoorSpread,DoorMaster,6.410000,D,S,94206.000000
Tue Sep 02 08:24:39 2025,02-Sep-2025,112445,47 42.520800 N,062 55.741100 W,2.3,27.7,A,DoorSpread,DoorMaster,6.425000,D,S,271860.000000
Tue Sep 02 08:24:39 2025,02-Sep-2025,112446,47 42.521400 N,062 55.740700 W,2.3,27.6,A,DoorSpread,DoorMaster,6.425000,D,S,271860.000000
Tue Sep 02 08:24:39 2025,02-Sep-2025,112447,47 42.522000 N,062 55.740400 W,2.3,27.6,A,DoorSpread,DoorMaster,6.425000,D,S,271860.000000
Tue Sep 02 08:24:39 2025,02-Sep-2025,112448,47 42.522600 N,062 55.739800 W,2.3,27.6,A,DoorSpread,DoorMaster,6.425000,D,S,271860.000000
Tue Sep 02 08:24:39 2025,02-Sep-2025,112449,47 42.523200 N,062 55.739400 W,2.2,27.5,A,DoorSpread,DoorMaster,6.425000,D,S,271860.000000
Tue Sep 02 08:24:45 2025,02-Sep-2025,112450,47 42.523800 N,062 55.739000 W,2.3,27.4,A,DoorSpread,DoorMaster,6.440000,D,P,164902.000000
Tue Sep 02 08:24:45 2025,02-Sep-2025,112451,47 42.524400 N,062 55.738600 W,2.3,27.4,A,DoorSpread,DoorMaster,6.440000,D,P,164902.000000
Tue Sep 02 08:24:45 2025,02-Sep-2025,112452,47 42.524900 N,062 55.738200 W,2.2,27.6,A,DoorSpread,DoorMaster,6.440000,D,P,164902.000000
Tue Sep 02 08:24:45 2025,02-Sep-2025,112453,47 42.525400 N,062 55.737800 W,2.2,27.5,A,DoorSpread,DoorMaster,6.440000,D,P,164902.000000
Tue Sep 02 08:24:45 2025,02-Sep-2025,112454,47 42.526000 N,062 55.737400 W,2.2,27.3,A,DoorSpread,DoorMaster,6.440000,D,P,164902.000000
Tue Sep 02 08:24:45 2025,02-Sep-2025,112455,47 42.526800 N,062 55.737000 W,2.3,27.2,A,DoorSpread,DoorMaster,6.440000,D,P,164902.000000
Tue Sep 02 08:24:50 2025,02-Sep-2025,112456,47 42.527400 N,062 55.736500 W,2.2,27.2,A,DoorSpread,DoorMaster,6.470000,D,P,134103.000000
Tue Sep 02 08:24:50 2025,02-Sep-2025,112457,47 42.528000 N,062 55.736000 W,2.2,27.2,A,DoorSpread,DoorMaster,6.470000,D,P,134103.000000
Tue Sep 02 08:24:50 2025,02-Sep-2025,112458,47 42.528700 N,062 55.735500 W,2.2,27.2,A,DoorSpread,DoorMaster,6.470000,D,P,134103.000000
Tue Sep 02 08:24:50 2025,02-Sep-2025,112459,47 42.529400 N,062 55.735000 W,2.2,27.2,A,DoorSpread,DoorMaster,6.470000,D,P,134103.000000
Tue Sep 02 08:24:50 2025,02-Sep-2025,112500,47 42.530100 N,062 55.734600 W,2.2,27.1,A,DoorSpread,DoorMaster,6.470000,D,P,134103.000000
Tue Sep 02 08:24:50 2025,02-Sep-2025,112501,47 42.530700 N,062 55.734200 W,2.2,26.9,A,DoorSpread,DoorMaster,6.470000,D,P,134103.000000
Tue Sep 02 08:24:56 2025,02-Sep-2025,112502,47 42.531200 N,062 55.733800 W,2.2,26.8,A,DoorSpread,DoorMaster,6.525000,D,S,304927.000000
Tue Sep 02 08:24:56 2025,02-Sep-2025,112503,47 42.531800 N,062 55.733200 W,2.2,27.0,A,DoorSpread,DoorMaster,6.525000,D,S,304927.000000
Tue Sep 02 08:24:56 2025,02-Sep-2025,112504,47 42.532300 N,062 55.732700 W,2.2,27.2,A,DoorSpread,DoorMaster,6.525000,D,S,304927.000000
Tue Sep 02 08:24:56 2025,02-Sep-2025,112505,47 42.532800 N,062 55.732200 W,2.1,27.2,A,DoorSpread,DoorMaster,6.525000,D,S,304927.000000
Tue Sep 02 08:24:56 2025,02-Sep-2025,112506,47 42.533300 N,062 55.731700 W,2.1,26.8,A,DoorSpread,DoorMaster,6.525000,D,S,304927.000000
Tue Sep 02 08:25:01 2025,02-Sep-2025,112507,47 42.533700 N,062 55.731300 W,2.1,26.6,A,DoorSpread,DoorMaster,6.525000,D,S,214107.000000
Tue Sep 02 08:25:01 2025,02-Sep-2025,112508,47 42.534200 N,062 55.730800 W,2.1,26.7,A,DoorSpread,DoorMaster,6.525000,D,S,214107.000000
Tue Sep 02 08:25:01 2025,02-Sep-2025,112509,47 42.534600 N,062 55.730400 W,2.1,26.8,A,DoorSpread,DoorMaster,6.525000,D,S,214107.000000
Tue Sep 02 08:25:01 2025,02-Sep-2025,112510,47 42.535000 N,062 55.729800 W,2.1,26.9,A,DoorSpread,DoorMaster,6.525000,D,S,214107.000000
Tue Sep 02 08:25:01 2025,02-Sep-2025,112511,47 42.535400 N,062 55.729400 W,2.1,26.7,A,DoorSpread,DoorMaster,6.525000,D,S,214107.000000
Tue Sep 02 08:25:07 2025,02-Sep-2025,112512,47 42.535900 N,062 55.729100 W,2.1,26.5,A,DoorSpread,DoorMaster,0.000000,E,P,263255.000000
Tue Sep 02 08:25:07 2025,02-Sep-2025,112513,47 42.536300 N,062 55.728800 W,2.1,26.4,A,DoorSpread,DoorMaster,0.000000,E,P,263255.000000
Tue Sep 02 08:25:07 2025,02-Sep-2025,112514,47 42.536800 N,062 55.728500 W,2.1,26.5,A,DoorSpread,DoorMaster,0.000000,E,P,263255.000000
Tue Sep 02 08:25:07 2025,02-Sep-2025,112515,47 42.537300 N,062 55.728100 W,2.0,26.4,A,DoorSpread,DoorMaster,0.000000,E,P,263255.000000
Tue Sep 02 08:25:07 2025,02-Sep-2025,112516,47 42.537800 N,062 55.727800 W,2.0,26.4,A,DoorSpread,DoorMaster,0.000000,E,P,263255.000000
Tue Sep 02 08:25:07 2025,02-Sep-2025,112517,47 42.538300 N,062 55.727500 W,2.0,26.4,A,DoorSpread,DoorMaster,0.000000,E,P,263255.000000
Tue Sep 02 08:25:12 2025,02-Sep-2025,112518,47 42.538800 N,062 55.727200 W,2.0,26.4,A,DoorSpread,DoorMaster,6.765000,D,P,154768.000000
Tue Sep 02 08:25:12 2025,02-Sep-2025,112519,47 42.539300 N,062 55.726900 W,2.0,26.3,A,DoorSpread,DoorMaster,6.765000,D,P,154768.000000
Tue Sep 02 08:25:12 2025,02-Sep-2025,112520,47 42.539700 N,062 55.726600 W,2.0,26.3,A,DoorSpread,DoorMaster,6.765000,D,P,154768.000000
Tue Sep 02 08:25:12 2025,02-Sep-2025,112521,47 42.540200 N,062 55.726300 W,2.0,26.4,A,DoorSpread,DoorMaster,6.765000,D,P,154768.000000
Tue Sep 02 08:25:12 2025,02-Sep-2025,112522,47 42.540600 N,062 55.726000 W,2.0,26.3,A,DoorSpread,DoorMaster,6.765000,D,P,154768.000000
Tue Sep 02 08:25:17 2025,02-Sep-2025,112523,47 42.541100 N,062 55.725900 W,2.0,26.2,A,DoorSpread,DoorMaster,0.000000,E,P,282329.000000
Tue Sep 02 08:25:17 2025,02-Sep-2025,112524,47 42.541600 N,062 55.725600 W,2.0,26.2,A,DoorSpread,DoorMaster,0.000000,E,P,282329.000000
Tue Sep 02 08:25:17 2025,02-Sep-2025,112525,47 42.542100 N,062 55.725300 W,1.9,26.1,A,DoorSpread,DoorMaster,0.000000,E,P,282329.000000
Tue Sep 02 08:25:17 2025,02-Sep-2025,112526,47 42.542600 N,062 55.725100 W,1.9,26.1,A,DoorSpread,DoorMaster,0.000000,E,P,282329.000000
Tue Sep 02 08:25:17 2025,02-Sep-2025,112527,47 42.543000 N,062 55.724700 W,1.9,26.2,A,DoorSpread,DoorMaster,0.000000,E,P,282329.000000
Tue Sep 02 08:25:23 2025,02-Sep-2025,112528,47 42.543400 N,062 55.724400 W,1.9,26.1,A,DoorSpread,DoorMaster,6.480000,D,S,182161.000000
Tue Sep 02 08:25:23 2025,02-Sep-2025,112529,47 42.543800 N,062 55.724100 W,2.0,26.1,A,DoorSpread,DoorMaster,6.480000,D,S,182161.000000
Tue Sep 02 08:25:23 2025,02-Sep-2025,112530,47 42.544300 N,062 55.723800 W,2.1,26.0,A,DoorSpread,DoorMaster,6.480000,D,S,182161.000000
Tue Sep 02 08:25:23 2025,02-Sep-2025,112531,47 42.545000 N,062 55.723400 W,2.2,26.1,A,DoorSpread,DoorMaster,6.480000,D,S,182161.000000
Tue Sep 02 08:25:23 2025,02-Sep-2025,112532,47 42.545600 N,062 55.722800 W,2.3,26.2,A,DoorSpread,DoorMaster,6.480000,D,S,182161.000000
Tue Sep 02 08:25:23 2025,02-Sep-2025,112533,47 42.546300 N,062 55.722200 W,2.4,26.5,A,DoorSpread,DoorMaster,6.480000,D,S,182161.000000
Tue Sep 02 08:25:28 2025,02-Sep-2025,112534,47 42.547000 N,062 55.721500 W,2.5,26.7,A,DoorSpread,DoorMaster,6.075000,D,S,304935.000000
Tue Sep 02 08:25:28 2025,02-Sep-2025,112535,47 42.547900 N,062 55.720800 W,2.7,26.9,A,DoorSpread,DoorMaster,6.075000,D,S,304935.000000
Tue Sep 02 08:25:28 2025,02-Sep-2025,112536,47 42.548700 N,062 55.720000 W,2.8,26.9,A,DoorSpread,DoorMaster,6.075000,D,S,304935.000000
Tue Sep 02 08:25:28 2025,02-Sep-2025,112537,47 42.549500 N,062 55.719300 W,2.9,26.8,A,DoorSpread,DoorMaster,6.075000,D,S,304935.000000
Tue Sep 02 08:25:28 2025,02-Sep-2025,112538,47 42.550400 N,062 55.718600 W,3.0,27.0,A,DoorSpread,DoorMaster,6.075000,D,S,304935.000000
Tue Sep 02 08:25:28 2025,02-Sep-2025,112539,47 42.551300 N,062 55.718000 W,3.1,27.0,A,DoorSpread,DoorMaster,6.075000,D,S,304935.000000
Tue Sep 02 08:25:34 2025,02-Sep-2025,112540,47 42.552200 N,062 55.717300 W,3.2,27.1,A,DoorSpread,DoorMaster,6.265000,D,S,462485.000000
Tue Sep 02 08:25:34 2025,02-Sep-2025,112541,47 42.553100 N,062 55.716600 W,3.3,27.2,A,DoorSpread,DoorMaster,6.265000,D,S,462485.000000
Tue Sep 02 08:25:34 2025,02-Sep-2025,112542,47 42.554000 N,062 55.715900 W,3.4,27.2,A,DoorSpread,DoorMaster,6.265000,D,S,462485.000000
Tue Sep 02 08:25:34 2025,02-Sep-2025,112543,47 42.554900 N,062 55.715200 W,3.4,27.2,A,DoorSpread,DoorMaster,6.265000,D,S,462485.000000
Tue Sep 02 08:25:34 2025,02-Sep-2025,112544,47 42.555800 N,062 55.714400 W,3.5,27.3,A,DoorSpread,DoorMaster,6.265000,D,S,462485.000000
Tue Sep 02 08:25:39 2025,02-Sep-2025,112545,47 42.556700 N,062 55.713600 W,3.6,27.2,A,DoorSpread,DoorMaster,6.690000,D,P,179311.000000
Tue Sep 02 08:25:39 2025,02-Sep-2025,112546,47 42.557700 N,062 55.712900 W,3.6,27.0,A,DoorSpread,DoorMaster,6.690000,D,P,179311.000000
Tue Sep 02 08:25:39 2025,02-Sep-2025,112547,47 42.558700 N,062 55.712200 W,3.6,26.8,A,DoorSpread,DoorMaster,6.690000,D,P,179311.000000
Tue Sep 02 08:25:39 2025,02-Sep-2025,112548,47 42.559600 N,062 55.711400 W,3.6,26.8,A,DoorSpread,DoorMaster,6.690000,D,P,179311.000000
Tue Sep 02 08:25:39 2025,02-Sep-2025,112549,47 42.560500 N,062 55.710700 W,3.6,26.7,A,DoorSpread,DoorMaster,6.690000,D,P,179311.000000
Tue Sep 02 08:25:39 2025,02-Sep-2025,112550,47 42.561300 N,062 55.710100 W,3.5,26.7,A,DoorSpread,DoorMaster,6.690000,D,P,179311.000000
Tue Sep 02 08:25:45 2025,02-Sep-2025,112551,47 42.562100 N,062 55.709400 W,3.4,26.7,A,DoorSpread,DoorMaster,6.775000,D,P,363042.000000
Tue Sep 02 08:25:45 2025,02-Sep-2025,112552,47 42.562800 N,062 55.708900 W,3.3,26.5,A,DoorSpread,DoorMaster,6.775000,D,P,363042.000000
Tue Sep 02 08:25:45 2025,02-Sep-2025,112553,47 42.563600 N,062 55.708400 W,3.2,26.3,A,DoorSpread,DoorMaster,6.775000,D,P,363042.000000
Tue Sep 02 08:25:45 2025,02-Sep-2025,112554,47 42.564300 N,062 55.707900 W,3.1,26.0,A,DoorSpread,DoorMaster,6.775000,D,P,363042.000000
Tue Sep 02 08:25:45 2025,02-Sep-2025,112555,47 42.564900 N,062 55.707400 W,3.0,25.8,A,DoorSpread,DoorMaster,6.775000,D,P,363042.000000
Tue Sep 02 08:25:45 2025,02-Sep-2025,112556,47 42.565400 N,062 55.707000 W,2.9,25.6,A,DoorSpread,DoorMaster,6.775000,D,P,363042.000000
Tue Sep 02 08:25:51 2025,02-Sep-2025,112557,47 42.566000 N,062 55.706600 W,2.7,25.6,A,DoorSpread,DoorMaster,10.255000,D,P,271566.000000
Tue Sep 02 08:25:51 2025,02-Sep-2025,112558,47 42.566500 N,062 55.706100 W,2.6,25.5,A,DoorSpread,DoorMaster,10.255000,D,P,271566.000000
Tue Sep 02 08:25:51 2025,02-Sep-2025,112559,47 42.567000 N,062 55.705800 W,2.6,25.2,A,DoorSpread,DoorMaster,10.255000,D,P,271566.000000
Tue Sep 02 08:25:51 2025,02-Sep-2025,112600,47 42.567600 N,062 55.705400 W,2.5,24.9,A,DoorSpread,DoorMaster,10.255000,D,P,271566.000000
Tue Sep 02 08:25:51 2025,02-Sep-2025,112601,47 42.568000 N,062 55.705000 W,2.3,24.7,A,DoorSpread,DoorMaster,10.255000,D,P,271566.000000
Tue Sep 02 08:25:56 2025,02-Sep-2025,112602,47 42.568500 N,062 55.704700 W,2.3,24.5,A,DoorSpread,DoorMaster,6.705000,D,P,215177.000000
Tue Sep 02 08:25:56 2025,02-Sep-2025,112603,47 42.569000 N,062 55.704300 W,2.2,24.3,A,DoorSpread,DoorMaster,6.705000,D,P,215177.000000
Tue Sep 02 08:25:56 2025,02-Sep-2025,112604,47 42.569400 N,062 55.704000 W,2.1,24.1,A,DoorSpread,DoorMaster,6.705000,D,P,215177.000000
Tue Sep 02 08:25:56 2025,02-Sep-2025,112605,47 42.569900 N,062 55.703800 W,2.0,24.0,A,DoorSpread,DoorMaster,6.705000,D,P,215177.000000
Tue Sep 02 08:25:56 2025,02-Sep-2025,112606,47 42.570300 N,062 55.703500 W,2.0,23.9,A,DoorSpread,DoorMaster,6.705000,D,P,215177.000000
Tue Sep 02 08:25:56 2025,02-Sep-2025,112607,47 42.570700 N,062 55.703200 W,1.9,23.8,A,DoorSpread,DoorMaster,6.705000,D,P,215177.000000
Tue Sep 02 08:26:02 2025,02-Sep-2025,112608,47 42.571100 N,062 55.703000 W,1.9,23.7,A,DoorSpread,DoorMaster,6.265000,D,P,343411.000000
Tue Sep 02 08:26:02 2025,02-Sep-2025,112609,47 42.571500 N,062 55.702800 W,1.8,23.4,A,DoorSpread,DoorMaster,6.265000,D,P,343411.000000
Tue Sep 02 08:26:02 2025,02-Sep-2025,112610,47 42.571900 N,062 55.702600 W,1.8,23.1,A,DoorSpread,DoorMaster,6.265000,D,P,343411.000000
Tue Sep 02 08:26:02 2025,02-Sep-2025,112611,47 42.572300 N,062 55.702400 W,1.8,22.9,A,DoorSpread,DoorMaster,6.265000,D,P,343411.000000
Tue Sep 02 08:26:02 2025,02-Sep-2025,112612,47 42.572700 N,062 55.702100 W,1.7,22.9,A,DoorSpread,DoorMaster,6.265000,D,P,343411.000000
Tue Sep 02 08:26:02 2025,02-Sep-2025,112613,47 42.573100 N,062 55.701900 W,1.6,22.8,A,DoorSpread,DoorMaster,6.265000,D,P,343411.000000
Tue Sep 02 08:26:07 2025,02-Sep-2025,112614,47 42.573500 N,062 55.701700 W,1.6,22.6,A,DoorSpread,DoorMaster,6.100000,D,P,160897.000000
Tue Sep 02 08:26:07 2025,02-Sep-2025,112615,47 42.573900 N,062 55.701500 W,1.6,22.3,A,DoorSpread,DoorMaster,6.100000,D,P,160897.000000
Tue Sep 02 08:26:07 2025,02-Sep-2025,112616,47 42.574300 N,062 55.701400 W,1.6,22.2,A,DoorSpread,DoorMaster,6.100000,D,P,160897.000000
Tue Sep 02 08:26:07 2025,02-Sep-2025,112617,47 42.574600 N,062 55.701200 W,1.5,22.0,A,DoorSpread,DoorMaster,6.100000,D,P,160897.000000
Tue Sep 02 08:26:07 2025,02-Sep-2025,112618,47 42.575000 N,062 55.701000 W,1.6,21.9,A,DoorSpread,DoorMaster,6.100000,D,P,160897.000000
Tue Sep 02 08:26:13 2025,02-Sep-2025,112619,47 42.575500 N,062 55.700700 W,1.6,21.7,A,DoorSpread,DoorMaster,5.940000,D,S,213128.000000
Tue Sep 02 08:26:13 2025,02-Sep-2025,112620,47 42.575900 N,062 55.700500 W,1.6,21.6,A,DoorSpread,DoorMaster,5.940000,D,S,213128.000000
Tue Sep 02 08:26:13 2025,02-Sep-2025,112621,47 42.576200 N,062 55.700300 W,1.6,21.6,A,DoorSpread,DoorMaster,5.940000,D,S,213128.000000
Tue Sep 02 08:26:13 2025,02-Sep-2025,112622,47 42.576700 N,062 55.700100 W,1.6,21.5,A,DoorSpread,DoorMaster,5.940000,D,S,213128.000000
Tue Sep 02 08:26:13 2025,02-Sep-2025,112623,47 42.577100 N,062 55.699900 W,1.6,21.3,A,DoorSpread,DoorMaster,5.940000,D,S,213128.000000
Tue Sep 02 08:26:13 2025,02-Sep-2025,112624,47 42.577600 N,062 55.699700 W,1.6,21.1,A,DoorSpread,DoorMaster,5.940000,D,S,213128.000000
Tue Sep 02 08:26:18 2025,02-Sep-2025,112625,47 42.578000 N,062 55.699500 W,1.6,20.8,A,DoorSpread,DoorMaster,5.785000,D,S,175437.000000
Tue Sep 02 08:26:18 2025,02-Sep-2025,112626,47 42.578400 N,062 55.699300 W,1.6,20.7,A,DoorSpread,DoorMaster,5.785000,D,S,175437.000000
Tue Sep 02 08:26:18 2025,02-Sep-2025,112627,47 42.578800 N,062 55.699100 W,1.6,20.8,A,DoorSpread,DoorMaster,5.785000,D,S,175437.000000
Tue Sep 02 08:26:18 2025,02-Sep-2025,112628,47 42.579200 N,062 55.698800 W,1.6,21.1,A,DoorSpread,DoorMaster,5.785000,D,S,175437.000000
Tue Sep 02 08:26:18 2025,02-Sep-2025,112629,47 42.579600 N,062 55.698600 W,1.6,21.1,A,DoorSpread,DoorMaster,5.785000,D,S,175437.000000
Tue Sep 02 08:26:24 2025,02-Sep-2025,112630,47 42.580100 N,062 55.698400 W,1.7,21.1,A,DoorSpread,DoorMaster,5.775000,D,S,143441.000000
Tue Sep 02 08:26:24 2025,02-Sep-2025,112631,47 42.580600 N,062 55.698100 W,1.7,21.0,A,DoorSpread,DoorMaster,5.775000,D,S,143441.000000
Tue Sep 02 08:26:24 2025,02-Sep-2025,112632,47 42.581000 N,062 55.697900 W,1.7,20.9,A,DoorSpread,DoorMaster,5.775000,D,S,143441.000000
Tue Sep 02 08:26:24 2025,02-Sep-2025,112633,47 42.581400 N,062 55.697700 W,1.7,20.8,A,DoorSpread,DoorMaster,5.775000,D,S,143441.000000
Tue Sep 02 08:26:24 2025,02-Sep-2025,112634,47 42.581900 N,062 55.697500 W,1.7,20.8,A,DoorSpread,DoorMaster,5.775000,D,S,143441.000000
Tue Sep 02 08:26:24 2025,02-Sep-2025,112635,47 42.582400 N,062 55.697300 W,1.7,20.7,A,DoorSpread,DoorMaster,5.775000,D,S,143441.000000
Tue Sep 02 08:26:29 2025,02-Sep-2025,112636,47 42.582800 N,062 55.697100 W,1.7,20.7,A,DoorSpread,DoorMaster,5.385000,D,P,269714.000000
Tue Sep 02 08:26:29 2025,02-Sep-2025,112637,47 42.583300 N,062 55.696800 W,1.7,20.9,A,DoorSpread,DoorMaster,5.385000,D,P,269714.000000
Tue Sep 02 08:26:29 2025,02-Sep-2025,112638,47 42.583700 N,062 55.696500 W,1.7,21.2,A,DoorSpread,DoorMaster,5.385000,D,P,269714.000000
Tue Sep 02 08:26:29 2025,02-Sep-2025,112639,47 42.584200 N,062 55.696300 W,1.7,21.4,A,DoorSpread,DoorMaster,5.385000,D,P,269714.000000
Tue Sep 02 08:26:29 2025,02-Sep-2025,112640,47 42.584600 N,062 55.696000 W,1.7,21.5,A,DoorSpread,DoorMaster,5.385000,D,P,269714.000000
Tue Sep 02 08:26:35 2025,02-Sep-2025,112641,47 42.585100 N,062 55.695800 W,1.7,21.4,A,DoorSpread,DoorMaster,5.415000,D,P,167093.000000
Tue Sep 02 08:26:35 2025,02-Sep-2025,112642,47 42.585600 N,062 55.695600 W,1.7,21.1,A,DoorSpread,DoorMaster,5.415000,D,P,167093.000000
Tue Sep 02 08:26:35 2025,02-Sep-2025,112643,47 42.586000 N,062 55.695300 W,1.7,21.2,A,DoorSpread,DoorMaster,5.415000,D,P,167093.000000
Tue Sep 02 08:26:35 2025,02-Sep-2025,112644,47 42.586400 N,062 55.695000 W,1.7,21.4,A,DoorSpread,DoorMaster,5.415000,D,P,167093.000000
Tue Sep 02 08:26:35 2025,02-Sep-2025,112645,47 42.586800 N,062 55.694800 W,1.7,21.6,A,DoorSpread,DoorMaster,5.415000,D,P,167093.000000
Tue Sep 02 08:26:35 2025,02-Sep-2025,112646,47 42.587300 N,062 55.694500 W,1.7,21.8,A,DoorSpread,DoorMaster,5.415000,D,P,167093.000000
Tue Sep 02 08:26:41 2025,02-Sep-2025,112647,47 42.587800 N,062 55.694200 W,1.7,21.7,A,DoorSpread,DoorMaster,5.585000,D,P,125065.000000
Tue Sep 02 08:26:41 2025,02-Sep-2025,112648,47 42.588200 N,062 55.694000 W,1.7,21.5,A,DoorSpread,DoorMaster,5.585000,D,P,125065.000000
Tue Sep 02 08:26:41 2025,02-Sep-2025,112649,47 42.588700 N,062 55.693800 W,1.7,21.4,A,DoorSpread,DoorMaster,5.585000,D,P,125065.000000
Tue Sep 02 08:26:41 2025,02-Sep-2025,112650,47 42.589100 N,062 55.693500 W,1.7,21.5,A,DoorSpread,DoorMaster,5.585000,D,P,125065.000000
Tue Sep 02 08:26:41 2025,02-Sep-2025,112651,47 42.589600 N,062 55.693200 W,1.7,21.5,A,DoorSpread,DoorMaster,5.585000,D,P,125065.000000
Tue Sep 02 08:26:46 2025,02-Sep-2025,112652,47 42.590000 N,062 55.693000 W,1.7,21.5,A,DoorSpread,DoorMaster,5.710000,D,S,84589.000000
Tue Sep 02 08:26:46 2025,02-Sep-2025,112653,47 42.590500 N,062 55.692700 W,1.8,21.5,A,DoorSpread,DoorMaster,5.710000,D,S,84589.000000
Tue Sep 02 08:26:46 2025,02-Sep-2025,112654,47 42.591000 N,062 55.692500 W,1.7,21.5,A,DoorSpread,DoorMaster,5.710000,D,S,84589.000000
Tue Sep 02 08:26:46 2025,02-Sep-2025,112655,47 42.591400 N,062 55.692200 W,1.7,21.4,A,DoorSpread,DoorMaster,5.710000,D,S,84589.000000
Tue Sep 02 08:26:46 2025,02-Sep-2025,112656,47 42.591900 N,062 55.691900 W,1.7,21.4,A,DoorSpread,DoorMaster,5.710000,D,S,84589.000000
Tue Sep 02 08:26:46 2025,02-Sep-2025,112657,47 42.592400 N,062 55.691600 W,1.8,21.3,A,DoorSpread,DoorMaster,5.710000,D,S,84589.000000
Tue Sep 02 08:26:46 2025,02-Sep-2025,112658,47 42.592800 N,062 55.691400 W,1.7,21.1,A,DoorSpread,DoorMaster,5.710000,D,S,84589.000000
Tue Sep 02 08:26:53 2025,02-Sep-2025,112659,47 42.593300 N,062 55.691200 W,1.7,20.8,A,DoorSpread,DoorMaster,13.600000,D,P,158694.000000
Tue Sep 02 08:26:53 2025,02-Sep-2025,112700,47 42.593800 N,062 55.690900 W,1.7,20.7,A,DoorSpread,DoorMaster,13.600000,D,P,158694.000000
Tue Sep 02 08:26:53 2025,02-Sep-2025,112701,47 42.594300 N,062 55.690700 W,1.7,20.7,A,DoorSpread,DoorMaster,13.600000,D,P,158694.000000
Tue Sep 02 08:26:53 2025,02-Sep-2025,112702,47 42.594700 N,062 55.690500 W,1.7,20.5,A,DoorSpread,DoorMaster,13.600000,D,P,158694.000000
Tue Sep 02 08:26:53 2025,02-Sep-2025,112703,47 42.595200 N,062 55.690300 W,1.7,20.4,A,DoorSpread,DoorMaster,13.600000,D,P,158694.000000
Tue Sep 02 08:26:53 2025,02-Sep-2025,112704,47 42.595700 N,062 55.690100 W,1.7,20.3,A,DoorSpread,DoorMaster,13.600000,D,P,158694.000000
Tue Sep 02 08:26:59 2025,02-Sep-2025,112705,47 42.596100 N,062 55.689900 W,1.7,20.0,A,DoorSpread,DoorMaster,18.645000,D,P,127015.000000
Tue Sep 02 08:26:59 2025,02-Sep-2025,112706,47 42.596600 N,062 55.689800 W,1.7,19.8,A,DoorSpread,DoorMaster,18.645000,D,P,127015.000000
Tue Sep 02 08:26:59 2025,02-Sep-2025,112707,47 42.597100 N,062 55.689600 W,1.7,19.5,A,DoorSpread,DoorMaster,18.645000,D,P,127015.000000
Tue Sep 02 08:26:59 2025,02-Sep-2025,112708,47 42.597600 N,062 55.689400 W,1.7,19.4,A,DoorSpread,DoorMaster,18.645000,D,P,127015.000000
Tue Sep 02 08:26:59 2025,02-Sep-2025,112709,47 42.598000 N,062 55.689200 W,1.7,19.2,A,DoorSpread,DoorMaster,18.645000,D,P,127015.000000
Tue Sep 02 08:26:59 2025,02-Sep-2025,112710,47 42.598500 N,062 55.689100 W,1.7,18.9,A,DoorSpread,DoorMaster,18.645000,D,P,127015.000000
Tue Sep 02 08:27:05 2025,02-Sep-2025,112711,47 42.599000 N,062 55.688900 W,1.7,18.7,A,DoorSpread,DoorMaster,13.135000,D,S,151874.000000
Tue Sep 02 08:27:05 2025,02-Sep-2025,112712,47 42.599500 N,062 55.688700 W,1.8,18.6,A,DoorSpread,DoorMaster,13.135000,D,S,151874.000000
Tue Sep 02 08:27:05 2025,02-Sep-2025,112713,47 42.600000 N,062 55.688400 W,1.7,18.6,A,DoorSpread,DoorMaster,13.135000,D,S,151874.000000
Tue Sep 02 08:27:05 2025,02-Sep-2025,112714,47 42.600400 N,062 55.688200 W,1.8,18.6,A,DoorSpread,DoorMaster,13.135000,D,S,151874.000000
Tue Sep 02 08:27:05 2025,02-Sep-2025,112715,47 42.601100 N,062 55.688200 W,1.8,18.4,A,DoorSpread,DoorMaster,13.135000,D,S,151874.000000
Tue Sep 02 08:27:05 2025,02-Sep-2025,112716,47 42.601800 N,062 55.688100 W,1.8,18.2,A,DoorSpread,DoorMaster,13.135000,D,S,151874.000000
Tue Sep 02 08:27:11 2025,02-Sep-2025,112717,47 42.602300 N,062 55.688000 W,1.8,18.0,A,DoorSpread,DoorMaster,14.380000,D,P,93614.000000
Tue Sep 02 08:27:11 2025,02-Sep-2025,112718,47 42.602900 N,062 55.687900 W,1.8,17.8,A,DoorSpread,DoorMaster,14.380000,D,P,93614.000000
Tue Sep 02 08:27:11 2025,02-Sep-2025,112719,47 42.603500 N,062 55.687700 W,1.8,17.7,A,DoorSpread,DoorMaster,14.380000,D,P,93614.000000
Tue Sep 02 08:27:11 2025,02-Sep-2025,112720,47 42.604000 N,062 55.687500 W,1.8,17.7,A,DoorSpread,DoorMaster,14.380000,D,P,93614.000000
Tue Sep 02 08:27:11 2025,02-Sep-2025,112721,47 42.604500 N,062 55.687300 W,1.8,17.8,A,DoorSpread,DoorMaster,14.380000,D,P,93614.000000
Tue Sep 02 08:27:11 2025,02-Sep-2025,112722,47 42.605000 N,062 55.687100 W,1.8,17.9,A,DoorSpread,DoorMaster,14.380000,D,P,93614.000000
Tue Sep 02 08:27:11 2025,02-Sep-2025,112723,47 42.605500 N,062 55.686900 W,1.8,18.1,A,DoorSpread,DoorMaster,14.380000,D,P,93614.000000
Tue Sep 02 08:27:18 2025,02-Sep-2025,112724,47 42.606000 N,062 55.686600 W,1.8,18.3,A,DoorSpread,DoorMaster,26.365000,D,S,167226.000000
Tue Sep 02 08:27:18 2025,02-Sep-2025,112725,47 42.606500 N,062 55.686300 W,1.8,18.5,A,DoorSpread,DoorMaster,26.365000,D,S,167226.000000
Tue Sep 02 08:27:18 2025,02-Sep-2025,112726,47 42.606900 N,062 55.686000 W,1.8,18.7,A,DoorSpread,DoorMaster,26.365000,D,S,167226.000000
Tue Sep 02 08:27:18 2025,02-Sep-2025,112727,47 42.607400 N,062 55.685700 W,1.8,18.8,A,DoorSpread,DoorMaster,26.365000,D,S,167226.000000
Tue Sep 02 08:27:18 2025,02-Sep-2025,112728,47 42.607900 N,062 55.685500 W,1.8,19.0,A,DoorSpread,DoorMaster,26.365000,D,S,167226.000000
Tue Sep 02 08:27:23 2025,02-Sep-2025,112729,47 42.608400 N,062 55.685200 W,1.8,19.2,A,DoorSpread,DoorMaster,0.000000,E,S,26946.000000
Tue Sep 02 08:27:23 2025,02-Sep-2025,112730,47 42.608800 N,062 55.684900 W,1.8,19.4,A,DoorSpread,DoorMaster,0.000000,E,S,26946.000000
Tue Sep 02 08:27:23 2025,02-Sep-2025,112731,47 42.609300 N,062 55.684700 W,1.8,19.5,A,DoorSpread,DoorMaster,0.000000,E,S,26946.000000
Tue Sep 02 08:27:23 2025,02-Sep-2025,112732,47 42.609800 N,062 55.684400 W,1.8,19.6,A,DoorSpread,DoorMaster,0.000000,E,S,26946.000000
Tue Sep 02 08:27:23 2025,02-Sep-2025,112733,47 42.610200 N,062 55.684100 W,1.8,19.8,A,DoorSpread,DoorMaster,0.000000,E,S,26946.000000
Tue Sep 02 08:27:27 2025,02-Sep-2025,112734,47 42.610700 N,062 55.683800 W,1.8,19.8,A,DoorSpread,DoorMaster,0.000000,E,S,17358.000000
Tue Sep 02 08:27:28 2025,02-Sep-2025,112735,47 42.611200 N,062 55.683500 W,1.8,19.7,A,DoorSpread,DoorMaster,10.040000,D,P,111852.000000
Tue Sep 02 08:27:28 2025,02-Sep-2025,112736,47 42.611600 N,062 55.683300 W,1.8,19.8,A,DoorSpread,DoorMaster,10.040000,D,P,111852.000000
Tue Sep 02 08:27:28 2025,02-Sep-2025,112737,47 42.612100 N,062 55.683000 W,1.8,20.0,A,DoorSpread,DoorMaster,10.040000,D,P,111852.000000
Tue Sep 02 08:27:28 2025,02-Sep-2025,112738,47 42.612600 N,062 55.682700 W,1.8,20.1,A,DoorSpread,DoorMaster,10.040000,D,P,111852.000000
Tue Sep 02 08:27:28 2025,02-Sep-2025,112739,47 42.613100 N,062 55.682400 W,1.8,20.0,A,DoorSpread,DoorMaster,10.040000,D,P,111852.000000
Tue Sep 02 08:27:34 2025,02-Sep-2025,112740,47 42.613500 N,062 55.682200 W,1.8,20.0,A,DoorSpread,DoorMaster,0.000000,E,P,53583.000000
Tue Sep 02 08:27:34 2025,02-Sep-2025,112741,47 42.614000 N,062 55.681900 W,1.8,19.9,A,DoorSpread,DoorMaster,0.000000,E,P,53583.000000
Tue Sep 02 08:27:34 2025,02-Sep-2025,112742,47 42.614500 N,062 55.681700 W,1.8,19.8,A,DoorSpread,DoorMaster,0.000000,E,P,53583.000000
Tue Sep 02 08:27:34 2025,02-Sep-2025,112743,47 42.614900 N,062 55.681400 W,1.8,19.9,A,DoorSpread,DoorMaster,0.000000,E,P,53583.000000
Tue Sep 02 08:27:34 2025,02-Sep-2025,112744,47 42.615400 N,062 55.681200 W,1.8,19.9,A,DoorSpread,DoorMaster,0.000000,E,P,53583.000000
Tue Sep 02 08:27:38 2025,02-Sep-2025,112745,47 42.615900 N,062 55.681000 W,1.8,19.7,A,DoorSpread,DoorMaster,0.000000,E,S,33920.000000
Tue Sep 02 08:27:38 2025,02-Sep-2025,112746,47 42.616400 N,062 55.680700 W,1.8,19.6,A,DoorSpread,DoorMaster,0.000000,E,S,33920.000000
Tue Sep 02 08:27:38 2025,02-Sep-2025,112747,47 42.616800 N,062 55.680500 W,1.8,19.5,A,DoorSpread,DoorMaster,0.000000,E,S,33920.000000
Tue Sep 02 08:27:38 2025,02-Sep-2025,112748,47 42.617300 N,062 55.680300 W,1.8,19.4,A,DoorSpread,DoorMaster,0.000000,E,S,33920.000000
Tue Sep 02 08:27:38 2025,02-Sep-2025,112749,47 42.617800 N,062 55.680100 W,1.8,19.2,A,DoorSpread,DoorMaster,0.000000,E,S,33920.000000
Tue Sep 02 08:27:43 2025,02-Sep-2025,112750,47 42.618300 N,062 55.679900 W,1.8,19.0,A,DoorSpread,DoorMaster,1.000000,D,S,179683.000000
Tue Sep 02 08:27:43 2025,02-Sep-2025,112751,47 42.618800 N,062 55.679700 W,1.8,18.9,A,DoorSpread,DoorMaster,1.000000,D,S,179683.000000
Tue Sep 02 08:27:43 2025,02-Sep-2025,112752,47 42.619200 N,062 55.679400 W,1.8,18.8,A,DoorSpread,DoorMaster,1.000000,D,S,179683.000000
Tue Sep 02 08:27:43 2025,02-Sep-2025,112753,47 42.619700 N,062 55.679100 W,1.8,18.6,A,DoorSpread,DoorMaster,1.000000,D,S,179683.000000
Tue Sep 02 08:27:43 2025,02-Sep-2025,112754,47 42.620300 N,062 55.678900 W,1.8,18.4,A,DoorSpread,DoorMaster,1.000000,D,S,179683.000000
Tue Sep 02 08:27:49 2025,02-Sep-2025,112755,47 42.620700 N,062 55.678700 W,1.8,18.3,A,DoorSpread,DoorMaster,0.760000,D,P,121818.000000
Tue Sep 02 08:27:49 2025,02-Sep-2025,112756,47 42.621200 N,062 55.678500 W,1.8,18.1,A,DoorSpread,DoorMaster,0.760000,D,P,121818.000000
Tue Sep 02 08:27:49 2025,02-Sep-2025,112757,47 42.621700 N,062 55.678300 W,1.8,17.9,A,DoorSpread,DoorMaster,0.760000,D,P,121818.000000
Tue Sep 02 08:27:49 2025,02-Sep-2025,112758,47 42.622200 N,062 55.678100 W,1.8,17.7,A,DoorSpread,DoorMaster,0.760000,D,P,121818.000000
Tue Sep 02 08:27:49 2025,02-Sep-2025,112759,47 42.622700 N,062 55.677900 W,1.8,17.4,A,DoorSpread,DoorMaster,0.760000,D,P,121818.000000
Tue Sep 02 08:27:49 2025,02-Sep-2025,112800,47 42.623200 N,062 55.678000 W,1.9,17.4,A,DoorSpread,DoorMaster,0.760000,D,P,121818.000000
Tue Sep 02 08:27:55 2025,02-Sep-2025,112801,47 42.623800 N,062 55.677900 W,1.8,17.3,A,DoorSpread,DoorMaster,11.650000,D,S,355495.000000
Tue Sep 02 08:27:55 2025,02-Sep-2025,112802,47 42.624300 N,062 55.677900 W,1.8,17.0,A,DoorSpread,DoorMaster,11.650000,D,S,355495.000000
Tue Sep 02 08:27:55 2025,02-Sep-2025,112803,47 42.624900 N,062 55.677600 W,1.9,16.8,A,DoorSpread,DoorMaster,11.650000,D,S,355495.000000
Tue Sep 02 08:27:55 2025,02-Sep-2025,112804,47 42.625500 N,062 55.677300 W,1.9,16.6,A,DoorSpread,DoorMaster,11.650000,D,S,355495.000000
Tue Sep 02 08:27:55 2025,02-Sep-2025,112805,47 42.626000 N,062 55.677000 W,1.9,16.6,A,DoorSpread,DoorMaster,11.650000,D,S,355495.000000
Tue Sep 02 08:27:55 2025,02-Sep-2025,112806,47 42.626500 N,062 55.677000 W,1.9,16.5,A,DoorSpread,DoorMaster,11.650000,D,S,355495.000000
Tue Sep 02 08:27:55 2025,02-Sep-2025,112807,47 42.627100 N,062 55.676800 W,1.9,16.1,A,DoorSpread,DoorMaster,11.650000,D,S,355495.000000
Tue Sep 02 08:27:55 2025,02-Sep-2025,112808,47 42.627700 N,062 55.676700 W,1.9,15.9,A,DoorSpread,DoorMaster,11.650000,D,S,355495.000000
Tue Sep 02 08:27:55 2025,02-Sep-2025,112809,47 42.628300 N,062 55.676500 W,1.9,15.6,A,DoorSpread,DoorMaster,11.650000,D,S,355495.000000
Tue Sep 02 08:27:55 2025,02-Sep-2025,112810,47 42.629000 N,062 55.676200 W,1.9,15.3,A,DoorSpread,DoorMaster,11.650000,D,S,355495.000000
Tue Sep 02 08:27:55 2025,02-Sep-2025,112811,47 42.629700 N,062 55.676000 W,1.9,15.0,A,DoorSpread,DoorMaster,11.650000,D,S,355495.000000
Tue Sep 02 08:27:55 2025,02-Sep-2025,112812,47 42.630300 N,062 55.675600 W,1.9,15.0,A,DoorSpread,DoorMaster,11.650000,D,S,355495.000000
Tue Sep 02 08:27:55 2025,02-Sep-2025,112813,47 42.630900 N,062 55.675000 W,1.9,15.4,A,DoorSpread,DoorMaster,11.650000,D,S,355495.000000
Tue Sep 02 08:27:55 2025,02-Sep-2025,112814,47 42.631400 N,062 55.674600 W,1.9,15.8,A,DoorSpread,DoorMaster,11.650000,D,S,355495.000000
Tue Sep 02 08:27:55 2025,02-Sep-2025,112815,47 42.631900 N,062 55.674200 W,1.9,16.0,A,DoorSpread,DoorMaster,11.650000,D,S,355495.000000
Tue Sep 02 08:27:55 2025,02-Sep-2025,112816,47 42.632300 N,062 55.673700 W,2.0,16.2,A,DoorSpread,DoorMaster,11.650000,D,S,355495.000000
Tue Sep 02 08:27:55 2025,02-Sep-2025,112817,47 42.632800 N,062 55.673300 W,1.9,16.3,A,DoorSpread,DoorMaster,11.650000,D,S,355495.000000
Tue Sep 02 08:27:55 2025,02-Sep-2025,112818,47 42.633300 N,062 55.672900 W,1.9,16.4,A,DoorSpread,DoorMaster,11.650000,D,S,355495.000000
Tue Sep 02 08:27:55 2025,02-Sep-2025,112819,47 42.633700 N,062 55.672600 W,2.0,16.6,A,DoorSpread,DoorMaster,11.650000,D,S,355495.000000
Tue Sep 02 08:27:55 2025,02-Sep-2025,112820,47 42.634100 N,062 55.672200 W,2.0,16.7,A,DoorSpread,DoorMaster,11.650000,D,S,355495.000000
Tue Sep 02 08:27:55 2025,02-Sep-2025,112821,47 42.634600 N,062 55.671900 W,1.9,16.8,A,DoorSpread,DoorMaster,11.650000,D,S,355495.000000
Tue Sep 02 08:27:55 2025,02-Sep-2025,112822,47 42.635000 N,062 55.671500 W,1.9,17.2,A,DoorSpread,DoorMaster,11.650000,D,S,355495.000000
Tue Sep 02 08:27:55 2025,02-Sep-2025,112823,47 42.635500 N,062 55.671200 W,1.9,17.5,A,DoorSpread,DoorMaster,11.650000,D,S,355495.000000
Tue Sep 02 08:27:55 2025,02-Sep-2025,112824,47 42.635900 N,062 55.670900 W,1.9,17.7,A,DoorSpread,DoorMaster,11.650000,D,S,355495.000000
Tue Sep 02 08:27:55 2025,02-Sep-2025,112825,47 42.636500 N,062 55.670700 W,1.9,17.9,A,DoorSpread,DoorMaster,11.650000,D,S,355495.000000
Tue Sep 02 08:27:55 2025,02-Sep-2025,112826,47 42.636900 N,062 55.670400 W,2.0,18.1,A,DoorSpread,DoorMaster,11.650000,D,S,355495.000000
Tue Sep 02 08:27:55 2025,02-Sep-2025,112827,47 42.637400 N,062 55.670100 W,1.9,18.1,A,DoorSpread,DoorMaster,11.650000,D,S,355495.000000
Tue Sep 02 08:27:55 2025,02-Sep-2025,112828,47 42.637800 N,062 55.669900 W,1.9,18.1,A,DoorSpread,DoorMaster,11.650000,D,S,355495.000000
Tue Sep 02 08:27:55 2025,02-Sep-2025,112829,47 42.638300 N,062 55.669600 W,2.0,18.2,A,DoorSpread,DoorMaster,11.650000,D,S,355495.000000
Tue Sep 02 08:27:55 2025,02-Sep-2025,112830,47 42.638700 N,062 55.669300 W,2.0,18.3,A,DoorSpread,DoorMaster,11.650000,D,S,355495.000000
Tue Sep 02 08:27:55 2025,02-Sep-2025,112831,47 42.639200 N,062 55.669100 W,1.9,18.4,A,DoorSpread,DoorMaster,11.650000,D,S,355495.000000
Tue Sep 02 08:27:55 2025,02-Sep-2025,112832,47 42.639600 N,062 55.668900 W,1.9,18.5,A,DoorSpread,DoorMaster,11.650000,D,S,355495.000000
Tue Sep 02 08:27:55 2025,02-Sep-2025,112833,47 42.640000 N,062 55.668600 W,1.9,18.2,A,DoorSpread,DoorMaster,11.650000,D,S,355495.000000
Tue Sep 02 08:27:55 2025,02-Sep-2025,112834,47 42.640500 N,062 55.668300 W,2.0,17.8,A,DoorSpread,DoorMaster,11.650000,D,S,355495.000000
Tue Sep 02 08:27:55 2025,02-Sep-2025,112835,47 42.640900 N,062 55.668000 W,1.9,17.6,A,DoorSpread,DoorMaster,11.650000,D,S,355495.000000
Tue Sep 02 08:27:55 2025,02-Sep-2025,112836,47 42.641400 N,062 55.667700 W,1.9,17.5,A,DoorSpread,DoorMaster,11.650000,D,S,355495.000000
Tue Sep 02 08:27:55 2025,02-Sep-2025,112837,47 42.641900 N,062 55.667400 W,1.9,17.2,A,DoorSpread,DoorMaster,11.650000,D,S,355495.000000
Tue Sep 02 08:27:55 2025,02-Sep-2025,112838,47 42.642400 N,062 55.667300 W,1.9,16.8,A,DoorSpread,DoorMaster,11.650000,D,S,355495.000000
Tue Sep 02 08:27:55 2025,02-Sep-2025,112839,47 42.642900 N,062 55.667100 W,2.0,16.6,A,DoorSpread,DoorMaster,11.650000,D,S,355495.000000
Tue Sep 02 08:27:55 2025,02-Sep-2025,112840,47 42.643400 N,062 55.666800 W,2.0,16.5,A,DoorSpread,DoorMaster,11.650000,D,S,355495.000000
Tue Sep 02 08:27:55 2025,02-Sep-2025,112841,47 42.643900 N,062 55.666600 W,1.9,16.6,A,DoorSpread,DoorMaster,11.650000,D,S,355495.000000
Tue Sep 02 08:27:55 2025,02-Sep-2025,112842,47 42.644400 N,062 55.666100 W,2.0,16.6,A,DoorSpread,DoorMaster,11.650000,D,S,355495.000000
Tue Sep 02 08:27:55 2025,02-Sep-2025,112843,47 42.645000 N,062 55.665800 W,2.0,16.4,A,DoorSpread,DoorMaster,11.650000,D,S,355495.000000
Tue Sep 02 08:27:55 2025,02-Sep-2025,112844,47 42.645600 N,062 55.665600 W,2.0,16.2,A,DoorSpread,DoorMaster,11.650000,D,S,355495.000000
Tue Sep 02 08:27:55 2025,02-Sep-2025,112845,47 42.646100 N,062 55.665400 W,2.0,16.0,A,DoorSpread,DoorMaster,11.650000,D,S,355495.000000
Tue Sep 02 08:27:55 2025,02-Sep-2025,112846,47 42.646700 N,062 55.665300 W,2.0,15.9,A,DoorSpread,DoorMaster,11.650000,D,S,355495.000000
Tue Sep 02 08:27:55 2025,02-Sep-2025,112847,47 42.647200 N,062 55.665000 W,2.0,15.8,A,DoorSpread,DoorMaster,11.650000,D,S,355495.000000
Tue Sep 02 08:27:55 2025,02-Sep-2025,112848,47 42.647800 N,062 55.664800 W,2.0,15.8,A,DoorSpread,DoorMaster,11.650000,D,S,355495.000000
Tue Sep 02 08:27:55 2025,02-Sep-2025,112849,47 42.648300 N,062 55.664700 W,2.0,15.5,A,DoorSpread,DoorMaster,11.650000,D,S,355495.000000
Tue Sep 02 08:27:55 2025,02-Sep-2025,112850,47 42.648800 N,062 55.664500 W,2.0,15.4,A,DoorSpread,DoorMaster,11.650000,D,S,355495.000000
Tue Sep 02 08:27:55 2025,02-Sep-2025,112851,47 42.649400 N,062 55.664200 W,2.0,15.3,A,DoorSpread,DoorMaster,11.650000,D,S,355495.000000
Tue Sep 02 08:27:55 2025,02-Sep-2025,112852,47 42.649900 N,062 55.664000 W,2.0,15.1,A,DoorSpread,DoorMaster,11.650000,D,S,355495.000000
Tue Sep 02 08:27:55 2025,02-Sep-2025,112853,47 42.650700 N,062 55.663800 W,2.1,14.8,A,DoorSpread,DoorMaster,11.650000,D,S,355495.000000
