Ship Number,Trip Number,Tow Number
AVALON,2,11
Comments
"ZONE 12"
CPU Date and Time,GPS Date,GPS Time,Latitude,Longitude,Speed,Heading,Validity,Transducer Name,Sensor Name,Sensor Value,Error Code,Hydrophone,Signal Strength
Wed Jul 30 18:34:45 2025,30-Jul-2025,213447,46 50.263900 N,062 49.606100 W,2.9,239.6,A,DoorSpread,DoorMaster,1.605000,D,P,60015.000000
Wed Jul 30 18:34:45 2025,30-Jul-2025,213448,46 50.263500 N,062 49.607100 W,2.9,239.9,A,DoorSpread,DoorMaster,1.605000,D,P,60015.000000
Wed Jul 30 18:34:47 2025,30-Jul-2025,213449,46 50.263000 N,062 49.608200 W,2.9,240.1,A,Depth,Depth,58.148148,D,P,38602.000000
Wed Jul 30 18:34:48 2025,30-Jul-2025,213450,46 50.262600 N,062 49.609200 W,2.9,240.1,A,Primary,Headline,46.183673,D,P,103145.000000
Wed Jul 30 18:34:48 2025,30-Jul-2025,213451,46 50.262200 N,062 49.610100 W,2.9,240.0,A,Primary,Headline,46.183673,D,P,103145.000000
Wed Jul 30 18:34:50 2025,30-Jul-2025,213452,46 50.261700 N,062 49.611000 W,2.9,239.9,A,DoorSpread,DoorMaster,1.590000,D,P,34140.000000
Wed Jul 30 18:34:50 2025,30-Jul-2025,213453,46 50.261300 N,062 49.611800 W,2.9,239.9,A,DoorSpread,DoorMaster,1.590000,D,P,34140.000000
Wed Jul 30 18:34:50 2025,30-Jul-2025,213454,46 50.260900 N,062 49.612600 W,2.8,240.1,A,DoorSpread,DoorMaster,1.590000,D,P,34140.000000
Wed Jul 30 18:34:50 2025,30-Jul-2025,213455,46 50.260600 N,062 49.613500 W,2.8,240.3,A,DoorSpread,DoorMaster,1.590000,D,P,34140.000000
Wed Jul 30 18:34:53 2025,30-Jul-2025,213456,46 50.260200 N,062 49.614500 W,2.8,240.4,A,Depth,Depth,5.277778,D,S,88393.000000
Wed Jul 30 18:34:53 2025,30-Jul-2025,213457,46 50.259800 N,062 49.615600 W,2.8,240.6,A,Depth,Depth,5.277778,D,S,88393.000000
Wed Jul 30 18:34:55 2025,30-Jul-2025,213458,46 50.259400 N,062 49.616500 W,2.8,240.7,A,DoorSpread,DoorMaster,1.600000,D,S,108508.000000
Wed Jul 30 18:34:55 2025,30-Jul-2025,213459,46 50.259000 N,062 49.617600 W,2.8,240.9,A,DoorSpread,DoorMaster,1.600000,D,S,108508.000000
Wed Jul 30 18:34:55 2025,30-Jul-2025,213500,46 50.258700 N,062 49.618600 W,2.8,241.1,A,DoorSpread,DoorMaster,1.600000,D,S,108508.000000
Wed Jul 30 18:34:55 2025,30-Jul-2025,213501,46 50.258200 N,062 49.619500 W,2.8,241.2,A,DoorSpread,DoorMaster,1.600000,D,S,108508.000000
Wed Jul 30 18:34:55 2025,30-Jul-2025,213502,46 50.257700 N,062 49.620500 W,2.8,241.2,A,DoorSpread,DoorMaster,1.600000,D,S,108508.000000
Wed Jul 30 18:35:01 2025,30-Jul-2025,213503,46 50.257200 N,062 49.621400 W,2.8,241.4,A,DoorSpread,DoorMaster,1.660000,D,P,87203.000000
Wed Jul 30 18:35:01 2025,30-Jul-2025,213504,46 50.256900 N,062 49.622300 W,2.8,241.5,A,DoorSpread,DoorMaster,1.660000,D,P,87203.000000
Wed Jul 30 18:35:01 2025,30-Jul-2025,213505,46 50.256500 N,062 49.623300 W,2.8,241.6,A,DoorSpread,DoorMaster,1.660000,D,P,87203.000000
Wed Jul 30 18:35:04 2025,30-Jul-2025,213506,46 50.256200 N,062 49.624200 W,2.8,241.7,A,Primary,Headline,4.204082,D,P,82930.000000
Wed Jul 30 18:35:04 2025,30-Jul-2025,213507,46 50.255800 N,062 49.625200 W,2.8,241.9,A,Primary,Headline,4.204082,D,P,82930.000000
Wed Jul 30 18:35:06 2025,30-Jul-2025,213508,46 50.255500 N,062 49.626300 W,2.8,242.1,A,DoorSpread,DoorMaster,1.745000,D,P,126608.000000
Wed Jul 30 18:35:06 2025,30-Jul-2025,213509,46 50.255200 N,062 49.627300 W,2.8,242.1,A,DoorSpread,DoorMaster,1.745000,D,P,126608.000000
Wed Jul 30 18:35:08 2025,30-Jul-2025,213510,46 50.255000 N,062 49.628400 W,2.8,242.1,A,Depth,Depth,10.185185,D,P,44805.000000
Wed Jul 30 18:35:08 2025,30-Jul-2025,213511,46 50.254600 N,062 49.629400 W,2.8,242.2,A,Depth,Depth,10.185185,D,P,44805.000000
Wed Jul 30 18:35:09 2025,30-Jul-2025,213512,46 50.254300 N,062 49.630400 W,2.8,242.2,A,Primary,Headline,37.836735,D,S,110665.000000
Wed Jul 30 18:35:09 2025,30-Jul-2025,213513,46 50.254100 N,062 49.631400 W,2.8,242.3,A,Primary,Headline,37.836735,D,S,110665.000000
Wed Jul 30 18:35:11 2025,30-Jul-2025,213514,46 50.253800 N,062 49.632400 W,2.8,242.4,A,DoorSpread,DoorMaster,1.665000,D,S,87896.000000
Wed Jul 30 18:35:11 2025,30-Jul-2025,213515,46 50.253500 N,062 49.633400 W,2.8,242.6,A,DoorSpread,DoorMaster,1.665000,D,S,87896.000000
Wed Jul 30 18:35:11 2025,30-Jul-2025,213516,46 50.253200 N,062 49.634300 W,2.7,242.9,A,DoorSpread,DoorMaster,1.665000,D,S,87896.000000
Wed Jul 30 18:35:15 2025,30-Jul-2025,213517,46 50.252900 N,062 49.635200 W,2.7,243.2,A,Depth,Depth,10.000000,D,S,48392.000000
Wed Jul 30 18:35:15 2025,30-Jul-2025,213518,46 50.252500 N,062 49.636300 W,2.7,243.6,A,Depth,Depth,10.000000,D,S,48392.000000
Wed Jul 30 18:35:17 2025,30-Jul-2025,213519,46 50.252200 N,062 49.637200 W,2.7,243.9,A,DoorSpread,DoorMaster,1.860000,D,S,63201.000000
Wed Jul 30 18:35:17 2025,30-Jul-2025,213520,46 50.251800 N,062 49.638200 W,2.7,244.2,A,DoorSpread,DoorMaster,1.860000,D,S,63201.000000
Wed Jul 30 18:35:19 2025,30-Jul-2025,213521,46 50.251500 N,062 49.639100 W,2.7,244.5,A,Primary,Headline,1.775510,D,P,68360.000000
Wed Jul 30 18:35:19 2025,30-Jul-2025,213522,46 50.251300 N,062 49.639900 W,2.7,244.9,A,Primary,Headline,1.775510,D,P,68360.000000
Wed Jul 30 18:35:19 2025,30-Jul-2025,213523,46 50.251000 N,062 49.640800 W,2.7,245.1,A,Primary,Headline,1.775510,D,P,68360.000000
Wed Jul 30 18:35:22 2025,30-Jul-2025,213524,46 50.250700 N,062 49.641700 W,2.7,245.2,A,DoorSpread,DoorMaster,1.585000,D,S,75224.000000
Wed Jul 30 18:35:22 2025,30-Jul-2025,213525,46 50.250400 N,062 49.642600 W,2.7,245.3,A,DoorSpread,DoorMaster,1.585000,D,S,75224.000000
Wed Jul 30 18:35:24 2025,30-Jul-2025,213526,46 50.250100 N,062 49.643500 W,2.7,245.2,A,Primary,Headline,1.632653,D,S,79016.000000
Wed Jul 30 18:35:24 2025,30-Jul-2025,213527,46 50.249700 N,062 49.644500 W,2.7,245.1,A,Primary,Headline,1.632653,D,S,79016.000000
Wed Jul 30 18:35:24 2025,30-Jul-2025,213528,46 50.249300 N,062 49.645400 W,2.7,245.1,A,Primary,Headline,1.632653,D,S,79016.000000
Wed Jul 30 18:35:27 2025,30-Jul-2025,213529,46 50.248900 N,062 49.646200 W,2.7,245.0,A,DoorSpread,DoorMaster,1.860000,D,P,43034.000000
Wed Jul 30 18:35:27 2025,30-Jul-2025,213530,46 50.248600 N,062 49.647100 W,2.7,244.9,A,DoorSpread,DoorMaster,1.860000,D,P,43034.000000
Wed Jul 30 18:35:29 2025,30-Jul-2025,213531,46 50.248200 N,062 49.647900 W,2.7,244.7,A,Depth,Depth,14.074074,D,S,55765.000000
Wed Jul 30 18:35:30 2025,30-Jul-2025,213532,46 50.247900 N,062 49.648800 W,2.6,244.7,A,Primary,Headline,1.877551,D,S,76284.000000
Wed Jul 30 18:35:30 2025,30-Jul-2025,213533,46 50.247700 N,062 49.649800 W,2.6,244.7,A,Primary,Headline,1.877551,D,S,76284.000000
Wed Jul 30 18:35:30 2025,30-Jul-2025,213534,46 50.247500 N,062 49.650700 W,2.6,244.6,A,Primary,Headline,1.877551,D,S,76284.000000
Wed Jul 30 18:35:30 2025,30-Jul-2025,213535,46 50.247200 N,062 49.651500 W,2.6,244.5,A,Primary,Headline,1.877551,D,S,76284.000000
Wed Jul 30 18:35:30 2025,30-Jul-2025,213536,46 50.246800 N,062 49.652300 W,2.6,244.4,A,Primary,Headline,1.877551,D,S,76284.000000
Wed Jul 30 18:35:34 2025,30-Jul-2025,213537,46 50.246500 N,062 49.653200 W,2.7,244.2,A,Primary,Headline,1.918367,D,S,145634.000000
Wed Jul 30 18:35:36 2025,30-Jul-2025,213538,46 50.246100 N,062 49.654200 W,2.7,243.9,A,Depth,Depth,16.296296,D,S,112199.000000
Wed Jul 30 18:35:36 2025,30-Jul-2025,213539,46 50.245600 N,062 49.655200 W,2.7,243.6,A,Depth,Depth,16.296296,D,S,112199.000000
Wed Jul 30 18:35:38 2025,30-Jul-2025,213540,46 50.245100 N,062 49.656300 W,2.8,243.4,A,DoorSpread,DoorMaster,2.940000,D,S,76141.000000
Wed Jul 30 18:35:38 2025,30-Jul-2025,213541,46 50.244500 N,062 49.657600 W,3.0,243.0,A,DoorSpread,DoorMaster,2.940000,D,S,76141.000000
Wed Jul 30 18:35:39 2025,30-Jul-2025,213542,46 50.243900 N,062 49.658900 W,3.1,242.5,A,Primary,Headline,2.142857,D,S,126502.000000
Wed Jul 30 18:35:39 2025,30-Jul-2025,213543,46 50.243300 N,062 49.660200 W,3.3,242.3,A,Primary,Headline,2.142857,D,S,126502.000000
Wed Jul 30 18:35:39 2025,30-Jul-2025,213544,46 50.242700 N,062 49.661600 W,3.4,242.3,A,Primary,Headline,2.142857,D,S,126502.000000
Wed Jul 30 18:35:43 2025,30-Jul-2025,213545,46 50.242200 N,062 49.663000 W,3.6,242.0,A,Depth,Depth,25.740741,D,S,51821.000000
Wed Jul 30 18:35:43 2025,30-Jul-2025,213546,46 50.241600 N,062 49.664600 W,3.7,241.8,A,Depth,Depth,25.740741,D,S,51821.000000
Wed Jul 30 18:35:44 2025,30-Jul-2025,213547,46 50.241000 N,062 49.666100 W,3.8,241.7,A,Primary,Headline,3.346939,D,P,85886.000000
Wed Jul 30 18:35:44 2025,30-Jul-2025,213548,46 50.240500 N,062 49.667800 W,4.0,241.8,A,Primary,Headline,3.346939,D,P,85886.000000
Wed Jul 30 18:35:44 2025,30-Jul-2025,213549,46 50.239900 N,062 49.669600 W,4.1,241.7,A,Primary,Headline,3.346939,D,P,85886.000000
Wed Jul 30 18:35:48 2025,30-Jul-2025,213550,46 50.239200 N,062 49.671300 W,4.2,241.5,A,DoorSpread,DoorMaster,2.475000,D,S,54310.000000
Wed Jul 30 18:35:48 2025,30-Jul-2025,213551,46 50.238600 N,062 49.673000 W,4.4,241.6,A,DoorSpread,DoorMaster,2.475000,D,S,54310.000000
Wed Jul 30 18:35:50 2025,30-Jul-2025,213552,46 50.237900 N,062 49.674700 W,4.5,241.6,A,Depth,Depth,8.611111,D,S,61913.000000
Wed Jul 30 18:35:50 2025,30-Jul-2025,213553,46 50.237200 N,062 49.676500 W,4.6,241.4,A,Depth,Depth,8.611111,D,S,61913.000000
Wed Jul 30 18:35:50 2025,30-Jul-2025,213554,46 50.236400 N,062 49.678300 W,4.7,241.4,A,Depth,Depth,8.611111,D,S,61913.000000
Wed Jul 30 18:35:50 2025,30-Jul-2025,213555,46 50.235800 N,062 49.680200 W,4.7,241.5,A,Depth,Depth,8.611111,D,S,61913.000000
Wed Jul 30 18:35:53 2025,30-Jul-2025,213556,46 50.235000 N,062 49.682100 W,4.8,241.3,A,DoorSpread,DoorMaster,2.890000,D,S,110185.000000
Wed Jul 30 18:35:55 2025,30-Jul-2025,213557,46 50.234300 N,062 49.684000 W,4.9,241.4,A,Primary,Headline,52.897959,D,S,107946.000000
Wed Jul 30 18:35:55 2025,30-Jul-2025,213558,46 50.233500 N,062 49.685900 W,5.0,241.5,A,Primary,Headline,52.897959,D,S,107946.000000
Wed Jul 30 18:35:57 2025,30-Jul-2025,213559,46 50.232900 N,062 49.687900 W,5.0,241.7,A,Depth,Depth,16.666667,D,S,51282.000000
Wed Jul 30 18:35:57 2025,30-Jul-2025,213600,46 50.232200 N,062 49.689800 W,5.1,241.9,A,Depth,Depth,16.666667,D,S,51282.000000
Wed Jul 30 18:35:59 2025,30-Jul-2025,213601,46 50.231400 N,062 49.691800 W,5.1,242.0,A,DoorSpread,DoorMaster,4.010000,D,P,59306.000000
Wed Jul 30 18:35:59 2025,30-Jul-2025,213602,46 50.230700 N,062 49.693800 W,5.2,242.1,A,DoorSpread,DoorMaster,4.010000,D,P,59306.000000
Wed Jul 30 18:36:01 2025,30-Jul-2025,213603,46 50.230000 N,062 49.695900 W,5.2,242.1,A,Primary,Headline,35.816327,D,S,82513.000000
Wed Jul 30 18:36:01 2025,30-Jul-2025,213604,46 50.229300 N,062 49.698000 W,5.2,242.1,A,Primary,Headline,35.816327,D,S,82513.000000
Wed Jul 30 18:36:01 2025,30-Jul-2025,213605,46 50.228600 N,062 49.700000 W,5.3,242.0,A,Primary,Headline,35.816327,D,S,82513.000000
Wed Jul 30 18:36:04 2025,30-Jul-2025,213606,46 50.227700 N,062 49.702000 W,5.3,241.9,A,Depth,Depth,17.962963,D,S,76133.000000
Wed Jul 30 18:36:04 2025,30-Jul-2025,213607,46 50.226900 N,062 49.704000 W,5.3,242.0,A,DoorSpread,DoorMaster,3.960000,D,S,147076.000000
Wed Jul 30 18:36:06 2025,30-Jul-2025,213608,46 50.226200 N,062 49.706000 W,5.4,242.1,A,Primary,Headline,8.244898,D,S,105084.000000
Wed Jul 30 18:36:06 2025,30-Jul-2025,213609,46 50.225400 N,062 49.707900 W,5.4,241.9,A,Primary,Headline,8.244898,D,S,105084.000000
Wed Jul 30 18:36:06 2025,30-Jul-2025,213610,46 50.224600 N,062 49.709800 W,5.4,241.8,A,Primary,Headline,8.244898,D,S,105084.000000
Wed Jul 30 18:36:06 2025,30-Jul-2025,213611,46 50.223900 N,062 49.711700 W,5.4,242.0,A,Primary,Headline,8.244898,D,S,105084.000000
Wed Jul 30 18:36:10 2025,30-Jul-2025,213612,46 50.223200 N,062 49.713600 W,5.4,242.0,A,DoorSpread,DoorMaster,4.075000,D,S,95471.000000
Wed Jul 30 18:36:11 2025,30-Jul-2025,213613,46 50.222400 N,062 49.715500 W,5.4,242.0,A,Depth,Depth,19.537037,D,S,54702.000000
Wed Jul 30 18:36:12 2025,30-Jul-2025,213614,46 50.221700 N,062 49.717400 W,5.4,242.0,A,Primary,Headline,42.285714,D,S,89169.000000
Wed Jul 30 18:36:12 2025,30-Jul-2025,213615,46 50.221000 N,062 49.719400 W,5.4,242.2,A,Primary,Headline,42.285714,D,S,89169.000000
Wed Jul 30 18:36:12 2025,30-Jul-2025,213616,46 50.220300 N,062 49.721200 W,5.4,242.4,A,Primary,Headline,42.285714,D,S,89169.000000
Wed Jul 30 18:36:15 2025,30-Jul-2025,213617,46 50.219700 N,062 49.723100 W,5.4,242.6,A,DoorSpread,DoorMaster,4.190000,D,P,75669.000000
Wed Jul 30 18:36:15 2025,30-Jul-2025,213618,46 50.219000 N,062 49.725000 W,5.4,242.6,A,DoorSpread,DoorMaster,4.190000,D,P,75669.000000
Wed Jul 30 18:36:15 2025,30-Jul-2025,213619,46 50.218400 N,062 49.726900 W,5.4,242.5,A,DoorSpread,DoorMaster,4.190000,D,P,75669.000000
Wed Jul 30 18:36:18 2025,30-Jul-2025,213620,46 50.217700 N,062 49.728800 W,5.4,242.5,A,Depth,Depth,16.944444,D,S,63547.000000
Wed Jul 30 18:36:18 2025,30-Jul-2025,213621,46 50.217100 N,062 49.730700 W,5.4,242.5,A,Depth,Depth,16.944444,D,S,63547.000000
Wed Jul 30 18:36:18 2025,30-Jul-2025,213622,46 50.216500 N,062 49.732700 W,5.4,242.5,A,Depth,Depth,16.944444,D,S,63547.000000
Wed Jul 30 18:36:21 2025,30-Jul-2025,213623,46 50.215800 N,062 49.734600 W,5.4,242.4,A,DoorSpread,DoorMaster,4.410000,D,S,270217.000000
Wed Jul 30 18:36:21 2025,30-Jul-2025,213624,46 50.215200 N,062 49.736500 W,5.4,242.4,A,DoorSpread,DoorMaster,4.410000,D,S,270217.000000
Wed Jul 30 18:36:21 2025,30-Jul-2025,213625,46 50.214500 N,062 49.738400 W,5.4,242.4,A,DoorSpread,DoorMaster,4.410000,D,S,270217.000000
Wed Jul 30 18:36:23 2025,30-Jul-2025,213626,46 50.213900 N,062 49.740300 W,5.3,242.3,A,Primary,Headline,47.571429,D,S,71060.000000
Wed Jul 30 18:36:25 2025,30-Jul-2025,213627,46 50.213200 N,062 49.742200 W,5.3,242.2,A,Depth,Depth,21.296296,D,P,44626.000000
Wed Jul 30 18:36:26 2025,30-Jul-2025,213628,46 50.212500 N,062 49.744000 W,5.3,242.2,A,DoorSpread,DoorMaster,4.520000,D,S,146441.000000
Wed Jul 30 18:36:26 2025,30-Jul-2025,213629,46 50.211800 N,062 49.745800 W,5.3,242.1,A,DoorSpread,DoorMaster,4.520000,D,S,146441.000000
Wed Jul 30 18:36:26 2025,30-Jul-2025,213630,46 50.211100 N,062 49.747600 W,5.3,242.1,A,DoorSpread,DoorMaster,4.520000,D,S,146441.000000
Wed Jul 30 18:36:29 2025,30-Jul-2025,213631,46 50.210500 N,062 49.749500 W,5.2,242.1,A,Primary,Headline,48.693878,D,S,69708.000000
Wed Jul 30 18:36:29 2025,30-Jul-2025,213632,46 50.209800 N,062 49.751400 W,5.2,242.1,A,Primary,Headline,48.693878,D,S,69708.000000
Wed Jul 30 18:36:29 2025,30-Jul-2025,213633,46 50.209200 N,062 49.753300 W,5.2,242.0,A,Primary,Headline,48.693878,D,S,69708.000000
Wed Jul 30 18:36:32 2025,30-Jul-2025,213634,46 50.208500 N,062 49.755200 W,5.2,241.9,A,Depth,Depth,19.907407,D,S,58178.000000
Wed Jul 30 18:36:32 2025,30-Jul-2025,213635,46 50.207900 N,062 49.757000 W,5.2,241.9,A,Depth,Depth,19.907407,D,S,58178.000000
Wed Jul 30 18:36:32 2025,30-Jul-2025,213636,46 50.207300 N,062 49.758900 W,5.2,241.8,A,Depth,Depth,19.907407,D,S,58178.000000
Wed Jul 30 18:36:35 2025,30-Jul-2025,213637,46 50.206600 N,062 49.760800 W,5.1,241.7,A,Primary,Headline,38.897959,D,P,20487.000000
Wed Jul 30 18:36:35 2025,30-Jul-2025,213638,46 50.205900 N,062 49.762700 W,5.1,241.6,A,Primary,Headline,38.897959,D,P,20487.000000
Wed Jul 30 18:36:35 2025,30-Jul-2025,213639,46 50.205300 N,062 49.764600 W,5.1,241.4,A,Primary,Headline,38.897959,D,P,20487.000000
Wed Jul 30 18:36:35 2025,30-Jul-2025,213640,46 50.204600 N,062 49.766400 W,5.1,241.3,A,Primary,Headline,38.897959,D,P,20487.000000
Wed Jul 30 18:36:35 2025,30-Jul-2025,213641,46 50.203900 N,062 49.768300 W,5.1,241.2,A,Primary,Headline,38.897959,D,P,20487.000000
Wed Jul 30 18:36:40 2025,30-Jul-2025,213642,46 50.203300 N,062 49.770200 W,5.1,241.2,A,Primary,Headline,25.081633,D,S,62790.000000
Wed Jul 30 18:36:40 2025,30-Jul-2025,213643,46 50.202600 N,062 49.772100 W,5.1,241.1,A,Primary,Headline,25.081633,D,S,62790.000000
Wed Jul 30 18:36:42 2025,30-Jul-2025,213644,46 50.201800 N,062 49.773800 W,5.1,241.1,A,DoorSpread,DoorMaster,4.670000,D,S,143572.000000
Wed Jul 30 18:36:42 2025,30-Jul-2025,213645,46 50.201200 N,062 49.775500 W,5.1,241.1,A,DoorSpread,DoorMaster,4.670000,D,S,143572.000000
Wed Jul 30 18:36:42 2025,30-Jul-2025,213646,46 50.200400 N,062 49.777300 W,5.1,240.9,A,DoorSpread,DoorMaster,4.670000,D,S,143572.000000
Wed Jul 30 18:36:42 2025,30-Jul-2025,213647,46 50.199700 N,062 49.779200 W,5.1,240.8,A,DoorSpread,DoorMaster,4.670000,D,S,143572.000000
Wed Jul 30 18:36:46 2025,30-Jul-2025,213648,46 50.199000 N,062 49.781000 W,5.1,240.7,A,Primary,Headline,48.367347,D,P,75706.000000
Wed Jul 30 18:36:46 2025,30-Jul-2025,213649,46 50.198300 N,062 49.782800 W,5.1,240.5,A,Depth,Depth,22.407407,D,S,28059.000000
Wed Jul 30 18:36:48 2025,30-Jul-2025,213650,46 50.197700 N,062 49.784500 W,5.1,240.4,A,DoorSpread,DoorMaster,4.500000,D,S,92481.000000
Wed Jul 30 18:36:48 2025,30-Jul-2025,213651,46 50.197000 N,062 49.786200 W,5.1,240.2,A,DoorSpread,DoorMaster,4.500000,D,S,92481.000000
Wed Jul 30 18:36:48 2025,30-Jul-2025,213652,46 50.196300 N,062 49.788000 W,5.1,240.1,A,DoorSpread,DoorMaster,4.500000,D,S,92481.000000
Wed Jul 30 18:36:48 2025,30-Jul-2025,213653,46 50.195700 N,062 49.789800 W,5.1,240.0,A,DoorSpread,DoorMaster,4.500000,D,S,92481.000000
Wed Jul 30 18:36:52 2025,30-Jul-2025,213654,46 50.195000 N,062 49.791600 W,5.1,240.0,A,Primary,Headline,38.408163,D,S,67346.000000
Wed Jul 30 18:36:53 2025,30-Jul-2025,213655,46 50.194300 N,062 49.793400 W,5.0,239.9,A,DoorSpread,DoorMaster,4.770000,D,S,56470.000000
Wed Jul 30 18:36:54 2025,30-Jul-2025,213656,46 50.193700 N,062 49.795100 W,5.0,240.0,A,Depth,Depth,22.685185,D,P,93895.000000
Wed Jul 30 18:36:54 2025,30-Jul-2025,213657,46 50.193100 N,062 49.796700 W,5.0,240.0,A,Depth,Depth,22.685185,D,P,93895.000000
Wed Jul 30 18:36:54 2025,30-Jul-2025,213658,46 50.192500 N,062 49.798300 W,5.0,239.9,A,Depth,Depth,22.685185,D,P,93895.000000
Wed Jul 30 18:36:57 2025,30-Jul-2025,213659,46 50.191800 N,062 49.799900 W,4.9,239.9,A,Primary,Headline,35.714286,D,P,102858.000000
Wed Jul 30 18:36:57 2025,30-Jul-2025,213700,46 50.191200 N,062 49.801500 W,4.9,239.9,A,Primary,Headline,35.755102,D,S,27390.000000
Wed Jul 30 18:36:59 2025,30-Jul-2025,213701,46 50.190500 N,062 49.803200 W,4.9,240.0,A,DoorSpread,DoorMaster,5.070000,D,S,92038.000000
Wed Jul 30 18:36:59 2025,30-Jul-2025,213702,46 50.189900 N,062 49.804900 W,4.9,239.9,A,DoorSpread,DoorMaster,5.070000,D,S,92038.000000
Wed Jul 30 18:37:01 2025,30-Jul-2025,213703,46 50.189300 N,062 49.806600 W,4.9,239.8,A,Depth,Depth,23.981481,D,S,28990.000000
Wed Jul 30 18:37:02 2025,30-Jul-2025,213704,46 50.188700 N,062 49.808300 W,4.9,239.8,A,Primary,Headline,7.551020,D,P,83289.000000
Wed Jul 30 18:37:02 2025,30-Jul-2025,213705,46 50.188100 N,062 49.810000 W,4.9,239.8,A,Primary,Headline,7.551020,D,P,83289.000000
Wed Jul 30 18:37:04 2025,30-Jul-2025,213706,46 50.187600 N,062 49.811700 W,4.9,239.7,A,DoorSpread,DoorMaster,5.300000,D,S,54230.000000
Wed Jul 30 18:37:04 2025,30-Jul-2025,213707,46 50.187000 N,062 49.813400 W,4.9,239.6,A,DoorSpread,DoorMaster,5.300000,D,S,54230.000000
Wed Jul 30 18:37:04 2025,30-Jul-2025,213708,46 50.186300 N,062 49.815000 W,4.9,239.6,A,DoorSpread,DoorMaster,5.300000,D,S,54230.000000
Wed Jul 30 18:37:04 2025,30-Jul-2025,213709,46 50.185700 N,062 49.816600 W,4.9,239.5,A,DoorSpread,DoorMaster,5.300000,D,S,54230.000000
Wed Jul 30 18:37:08 2025,30-Jul-2025,213710,46 50.185000 N,062 49.818300 W,4.9,239.5,A,Primary,Headline,41.816327,D,S,54682.000000
Wed Jul 30 18:37:08 2025,30-Jul-2025,213711,46 50.184200 N,062 49.820000 W,4.9,239.5,A,Primary,Headline,41.816327,D,S,54682.000000
Wed Jul 30 18:37:10 2025,30-Jul-2025,213712,46 50.183600 N,062 49.821800 W,4.8,239.5,A,DoorSpread,DoorMaster,5.655000,D,S,181000.000000
Wed Jul 30 18:37:10 2025,30-Jul-2025,213713,46 50.182900 N,062 49.823500 W,4.9,239.5,A,DoorSpread,DoorMaster,5.655000,D,S,181000.000000
Wed Jul 30 18:37:10 2025,30-Jul-2025,213714,46 50.182200 N,062 49.825400 W,4.9,239.5,A,DoorSpread,DoorMaster,5.655000,D,S,181000.000000
Wed Jul 30 18:37:10 2025,30-Jul-2025,213715,46 50.181500 N,062 49.827100 W,4.8,239.4,A,DoorSpread,DoorMaster,5.655000,D,S,181000.000000
Wed Jul 30 18:37:14 2025,30-Jul-2025,213716,46 50.180800 N,062 49.828800 W,4.8,239.4,A,Primary,Headline,39.857143,D,S,41734.000000
Wed Jul 30 18:37:15 2025,30-Jul-2025,213717,46 50.180100 N,062 49.830500 W,4.8,239.3,A,DoorSpread,DoorMaster,5.740000,D,S,202357.000000
Wed Jul 30 18:37:15 2025,30-Jul-2025,213718,46 50.179300 N,062 49.832200 W,4.8,239.2,A,DoorSpread,DoorMaster,5.740000,D,S,202357.000000
Wed Jul 30 18:37:15 2025,30-Jul-2025,213719,46 50.178500 N,062 49.834000 W,4.8,239.2,A,DoorSpread,DoorMaster,5.740000,D,S,202357.000000
Wed Jul 30 18:37:15 2025,30-Jul-2025,213720,46 50.177700 N,062 49.835700 W,4.8,239.2,A,DoorSpread,DoorMaster,5.740000,D,S,202357.000000
Wed Jul 30 18:37:19 2025,30-Jul-2025,213721,46 50.177000 N,062 49.837300 W,4.8,239.2,A,Primary,Headline,36.428571,D,S,54473.000000
Wed Jul 30 18:37:19 2025,30-Jul-2025,213722,46 50.176300 N,062 49.838900 W,4.8,239.2,A,Primary,Headline,36.428571,D,S,54473.000000
Wed Jul 30 18:37:21 2025,30-Jul-2025,213723,46 50.175600 N,062 49.840500 W,4.8,239.1,A,DoorSpread,DoorMaster,5.465000,D,S,143965.000000
Wed Jul 30 18:37:22 2025,30-Jul-2025,213724,46 50.174900 N,062 49.842100 W,4.8,239.0,A,Depth,Depth,29.444444,D,S,66000.000000
Wed Jul 30 18:37:22 2025,30-Jul-2025,213725,46 50.174200 N,062 49.843700 W,4.8,238.9,A,Depth,Depth,29.444444,D,S,66000.000000
Wed Jul 30 18:37:22 2025,30-Jul-2025,213726,46 50.173600 N,062 49.845300 W,4.8,238.9,A,Depth,Depth,29.444444,D,S,66000.000000
Wed Jul 30 18:37:25 2025,30-Jul-2025,213727,46 50.172900 N,062 49.847000 W,4.8,239.0,A,Primary,Headline,36.857143,D,S,51379.000000
Wed Jul 30 18:37:25 2025,30-Jul-2025,213728,46 50.172300 N,062 49.848600 W,4.8,238.9,A,Primary,Headline,36.857143,D,S,51379.000000
Wed Jul 30 18:37:25 2025,30-Jul-2025,213729,46 50.171700 N,062 49.850200 W,4.8,238.9,A,Primary,Headline,36.857143,D,S,51379.000000
Wed Jul 30 18:37:25 2025,30-Jul-2025,213730,46 50.171200 N,062 49.851700 W,4.8,238.9,A,Primary,Headline,36.857143,D,S,51379.000000
Wed Jul 30 18:37:29 2025,30-Jul-2025,213731,46 50.170700 N,062 49.853100 W,4.8,238.8,A,Depth,Depth,31.851852,D,S,32615.000000
Wed Jul 30 18:37:29 2025,30-Jul-2025,213732,46 50.170100 N,062 49.854600 W,4.8,238.8,A,Depth,Depth,31.851852,D,S,32615.000000
Wed Jul 30 18:37:30 2025,30-Jul-2025,213733,46 50.169400 N,062 49.856100 W,4.8,238.5,A,Primary,Headline,33.102041,D,S,80467.000000
Wed Jul 30 18:37:32 2025,30-Jul-2025,213734,46 50.168800 N,062 49.857700 W,4.8,238.4,A,DoorSpread,DoorMaster,7.940000,D,S,72421.000000
Wed Jul 30 18:37:32 2025,30-Jul-2025,213735,46 50.168100 N,062 49.859300 W,4.8,238.3,A,DoorSpread,DoorMaster,7.940000,D,S,72421.000000
Wed Jul 30 18:37:32 2025,30-Jul-2025,213736,46 50.167300 N,062 49.860800 W,4.8,238.1,A,DoorSpread,DoorMaster,7.940000,D,S,72421.000000
Wed Jul 30 18:37:32 2025,30-Jul-2025,213737,46 50.166600 N,062 49.862400 W,4.8,238.0,A,DoorSpread,DoorMaster,7.940000,D,S,72421.000000
Wed Jul 30 18:37:36 2025,30-Jul-2025,213738,46 50.165800 N,062 49.864100 W,4.8,237.9,A,Depth,Depth,33.703704,D,S,36205.000000
Wed Jul 30 18:37:37 2025,30-Jul-2025,213739,46 50.165100 N,062 49.865800 W,4.8,237.9,A,DoorSpread,DoorMaster,5.830000,D,S,76891.000000
Wed Jul 30 18:37:37 2025,30-Jul-2025,213740,46 50.164500 N,062 49.867400 W,4.8,237.9,A,DoorSpread,DoorMaster,5.830000,D,S,76891.000000
Wed Jul 30 18:37:37 2025,30-Jul-2025,213741,46 50.163900 N,062 49.869000 W,4.8,238.0,A,DoorSpread,DoorMaster,5.830000,D,S,76891.000000
Wed Jul 30 18:37:37 2025,30-Jul-2025,213742,46 50.163200 N,062 49.870500 W,4.8,238.1,A,DoorSpread,DoorMaster,5.830000,D,S,76891.000000
Wed Jul 30 18:37:37 2025,30-Jul-2025,213743,46 50.162600 N,062 49.872200 W,4.8,238.2,A,DoorSpread,DoorMaster,5.830000,D,S,76891.000000
Wed Jul 30 18:37:41 2025,30-Jul-2025,213744,46 50.161900 N,062 49.873800 W,4.8,238.3,A,Primary,Headline,31.244898,D,P,69264.000000
Wed Jul 30 18:37:43 2025,30-Jul-2025,213745,46 50.161300 N,062 49.875400 W,4.8,238.5,A,Depth,Depth,32.500000,D,S,55349.000000
Wed Jul 30 18:37:43 2025,30-Jul-2025,213746,46 50.160700 N,062 49.877100 W,4.8,238.7,A,Depth,Depth,32.500000,D,S,55349.000000
Wed Jul 30 18:37:43 2025,30-Jul-2025,213747,46 50.160000 N,062 49.878800 W,4.8,238.8,A,Depth,Depth,32.500000,D,S,55349.000000
Wed Jul 30 18:37:43 2025,30-Jul-2025,213748,46 50.159300 N,062 49.880400 W,4.8,238.8,A,Depth,Depth,32.500000,D,S,55349.000000
Wed Jul 30 18:37:47 2025,30-Jul-2025,213749,46 50.158600 N,062 49.882000 W,4.8,238.8,A,Primary,Headline,30.816327,D,S,47440.000000
Wed Jul 30 18:37:48 2025,30-Jul-2025,213750,46 50.157900 N,062 49.883700 W,4.8,238.7,A,DoorSpread,DoorMaster,5.885000,D,S,42451.000000
Wed Jul 30 18:37:48 2025,30-Jul-2025,213751,46 50.157200 N,062 49.885500 W,4.8,238.7,A,DoorSpread,DoorMaster,5.885000,D,S,42451.000000
Wed Jul 30 18:37:48 2025,30-Jul-2025,213752,46 50.156500 N,062 49.887100 W,4.8,238.7,A,DoorSpread,DoorMaster,5.885000,D,S,42451.000000
Wed Jul 30 18:37:50 2025,30-Jul-2025,213753,46 50.155800 N,062 49.888800 W,4.8,238.6,A,Depth,Depth,35.555556,D,S,46603.000000
Wed Jul 30 18:37:50 2025,30-Jul-2025,213754,46 50.155000 N,062 49.890500 W,4.8,238.5,A,Depth,Depth,35.555556,D,S,46603.000000
Wed Jul 30 18:37:52 2025,30-Jul-2025,213755,46 50.154300 N,062 49.892300 W,4.8,238.5,A,Primary,Headline,28.020408,D,S,103314.000000
Wed Jul 30 18:37:54 2025,30-Jul-2025,213756,46 50.153600 N,062 49.894100 W,4.8,238.6,A,DoorSpread,DoorMaster,5.855000,D,S,70699.000000
Wed Jul 30 18:37:54 2025,30-Jul-2025,213757,46 50.152900 N,062 49.895900 W,4.8,238.6,A,DoorSpread,DoorMaster,5.855000,D,S,70699.000000
Wed Jul 30 18:37:54 2025,30-Jul-2025,213758,46 50.152100 N,062 49.897600 W,4.8,238.5,A,DoorSpread,DoorMaster,5.855000,D,S,70699.000000
Wed Jul 30 18:37:54 2025,30-Jul-2025,213759,46 50.151400 N,062 49.899300 W,4.8,238.4,A,DoorSpread,DoorMaster,5.855000,D,S,70699.000000
Wed Jul 30 18:37:58 2025,30-Jul-2025,213800,46 50.150700 N,062 49.901100 W,4.8,238.3,A,Primary,Headline,27.204082,D,S,114375.000000
Wed Jul 30 18:37:58 2025,30-Jul-2025,213801,46 50.150000 N,062 49.902800 W,4.8,238.3,A,Primary,Headline,27.204082,D,S,114375.000000
Wed Jul 30 18:37:59 2025,30-Jul-2025,213802,46 50.149300 N,062 49.904500 W,4.8,238.2,A,DoorSpread,DoorMaster,7.020000,D,P,131060.000000
Wed Jul 30 18:37:59 2025,30-Jul-2025,213803,46 50.148600 N,062 49.906200 W,4.8,238.1,A,DoorSpread,DoorMaster,7.020000,D,P,131060.000000
Wed Jul 30 18:37:59 2025,30-Jul-2025,213804,46 50.147900 N,062 49.907800 W,4.8,238.0,A,DoorSpread,DoorMaster,7.020000,D,P,131060.000000
Wed Jul 30 18:38:03 2025,30-Jul-2025,213805,46 50.147300 N,062 49.909400 W,4.8,238.1,A,Primary,Headline,26.122449,D,S,100200.000000
Wed Jul 30 18:38:03 2025,30-Jul-2025,213806,46 50.146700 N,062 49.911000 W,4.8,238.2,A,Primary,Headline,26.122449,D,S,100200.000000
Wed Jul 30 18:38:05 2025,30-Jul-2025,213807,46 50.146000 N,062 49.912600 W,4.8,238.0,A,DoorSpread,DoorMaster,5.600000,D,S,88642.000000
Wed Jul 30 18:38:05 2025,30-Jul-2025,213808,46 50.145300 N,062 49.914300 W,4.8,237.8,A,DoorSpread,DoorMaster,5.600000,D,S,88642.000000
Wed Jul 30 18:38:05 2025,30-Jul-2025,213809,46 50.144700 N,062 49.915900 W,4.8,237.7,A,DoorSpread,DoorMaster,5.600000,D,S,88642.000000
Wed Jul 30 18:38:05 2025,30-Jul-2025,213810,46 50.143900 N,062 49.917600 W,4.8,237.6,A,DoorSpread,DoorMaster,5.600000,D,S,88642.000000
Wed Jul 30 18:38:09 2025,30-Jul-2025,213811,46 50.143100 N,062 49.919200 W,4.8,237.6,A,Primary,Headline,25.265306,D,S,51785.000000
Wed Jul 30 18:38:09 2025,30-Jul-2025,213812,46 50.142400 N,062 49.920800 W,4.8,237.5,A,Primary,Headline,25.265306,D,S,51785.000000
Wed Jul 30 18:38:11 2025,30-Jul-2025,213813,46 50.141800 N,062 49.922400 W,4.7,237.4,A,DoorSpread,DoorMaster,5.775000,D,S,280782.000000
Wed Jul 30 18:38:11 2025,30-Jul-2025,213814,46 50.141100 N,062 49.923900 W,4.7,237.4,A,DoorSpread,DoorMaster,5.775000,D,S,280782.000000
Wed Jul 30 18:38:11 2025,30-Jul-2025,213815,46 50.140400 N,062 49.925500 W,4.7,237.5,A,DoorSpread,DoorMaster,5.775000,D,S,280782.000000
Wed Jul 30 18:38:11 2025,30-Jul-2025,213816,46 50.139700 N,062 49.927000 W,4.7,237.6,A,DoorSpread,DoorMaster,5.775000,D,S,280782.000000
Wed Jul 30 18:38:11 2025,30-Jul-2025,213817,46 50.139000 N,062 49.928500 W,4.7,237.4,A,DoorSpread,DoorMaster,5.775000,D,S,280782.000000
Wed Jul 30 18:38:16 2025,30-Jul-2025,213818,46 50.138200 N,062 49.929900 W,4.7,237.2,A,DoorSpread,DoorMaster,5.850000,D,S,187178.000000
Wed Jul 30 18:38:16 2025,30-Jul-2025,213819,46 50.137500 N,062 49.931300 W,4.7,237.1,A,DoorSpread,DoorMaster,5.850000,D,S,187178.000000
Wed Jul 30 18:38:16 2025,30-Jul-2025,213820,46 50.136700 N,062 49.932600 W,4.7,237.0,A,DoorSpread,DoorMaster,5.850000,D,S,187178.000000
Wed Jul 30 18:38:16 2025,30-Jul-2025,213821,46 50.135900 N,062 49.934000 W,4.7,237.0,A,DoorSpread,DoorMaster,5.850000,D,S,187178.000000
Wed Jul 30 18:38:16 2025,30-Jul-2025,213822,46 50.135200 N,062 49.935400 W,4.7,237.1,A,DoorSpread,DoorMaster,5.850000,D,S,187178.000000
Wed Jul 30 18:38:16 2025,30-Jul-2025,213823,46 50.134400 N,062 49.937000 W,4.7,236.8,A,DoorSpread,DoorMaster,5.850000,D,S,187178.000000
Wed Jul 30 18:38:22 2025,30-Jul-2025,213824,46 50.133700 N,062 49.938400 W,4.7,236.6,A,DoorSpread,DoorMaster,6.490000,D,S,108161.000000
Wed Jul 30 18:38:22 2025,30-Jul-2025,213825,46 50.133000 N,062 49.940000 W,4.7,236.6,A,DoorSpread,DoorMaster,6.490000,D,S,108161.000000
Wed Jul 30 18:38:22 2025,30-Jul-2025,213826,46 50.132300 N,062 49.941600 W,4.7,236.4,A,DoorSpread,DoorMaster,6.490000,D,S,108161.000000
Wed Jul 30 18:38:22 2025,30-Jul-2025,213827,46 50.131600 N,062 49.943100 W,4.7,236.4,A,DoorSpread,DoorMaster,6.490000,D,S,108161.000000
Wed Jul 30 18:38:22 2025,30-Jul-2025,213828,46 50.130900 N,062 49.944700 W,4.7,236.4,A,DoorSpread,DoorMaster,6.490000,D,S,108161.000000
Wed Jul 30 18:38:27 2025,30-Jul-2025,213829,46 50.130200 N,062 49.946300 W,4.7,236.4,A,DoorSpread,DoorMaster,9.395000,D,S,71411.000000
Wed Jul 30 18:38:27 2025,30-Jul-2025,213830,46 50.129500 N,062 49.947800 W,4.7,236.5,A,DoorSpread,DoorMaster,9.395000,D,S,71411.000000
Wed Jul 30 18:38:27 2025,30-Jul-2025,213831,46 50.128900 N,062 49.949300 W,4.7,236.6,A,DoorSpread,DoorMaster,9.395000,D,S,71411.000000
Wed Jul 30 18:38:27 2025,30-Jul-2025,213832,46 50.128300 N,062 49.950800 W,4.7,236.5,A,DoorSpread,DoorMaster,9.395000,D,S,71411.000000
Wed Jul 30 18:38:27 2025,30-Jul-2025,213833,46 50.127600 N,062 49.952300 W,4.7,236.4,A,DoorSpread,DoorMaster,9.395000,D,S,71411.000000
Wed Jul 30 18:38:27 2025,30-Jul-2025,213834,46 50.127000 N,062 49.953800 W,4.7,236.5,A,DoorSpread,DoorMaster,9.395000,D,S,71411.000000
Wed Jul 30 18:38:33 2025,30-Jul-2025,213835,46 50.126300 N,062 49.955400 W,4.7,236.4,A,DoorSpread,DoorMaster,7.135000,D,S,78923.000000
Wed Jul 30 18:38:33 2025,30-Jul-2025,213836,46 50.125500 N,062 49.957000 W,4.7,236.2,A,DoorSpread,DoorMaster,7.135000,D,S,78923.000000
Wed Jul 30 18:38:33 2025,30-Jul-2025,213837,46 50.124800 N,062 49.958600 W,4.7,236.0,A,DoorSpread,DoorMaster,7.135000,D,S,78923.000000
Wed Jul 30 18:38:33 2025,30-Jul-2025,213838,46 50.124100 N,062 49.960200 W,4.7,236.0,A,DoorSpread,DoorMaster,7.135000,D,S,78923.000000
Wed Jul 30 18:38:33 2025,30-Jul-2025,213839,46 50.123200 N,062 49.961900 W,4.7,236.0,A,DoorSpread,DoorMaster,7.135000,D,S,78923.000000
Wed Jul 30 18:38:33 2025,30-Jul-2025,213840,46 50.122500 N,062 49.963300 W,4.7,236.1,A,DoorSpread,DoorMaster,7.135000,D,S,78923.000000
Wed Jul 30 18:38:39 2025,30-Jul-2025,213841,46 50.121800 N,062 49.964900 W,4.7,236.2,A,DoorSpread,DoorMaster,6.220000,D,S,275809.000000
Wed Jul 30 18:38:39 2025,30-Jul-2025,213842,46 50.121100 N,062 49.966500 W,4.7,236.2,A,DoorSpread,DoorMaster,6.220000,D,S,275809.000000
Wed Jul 30 18:38:39 2025,30-Jul-2025,213843,46 50.120500 N,062 49.968100 W,4.7,236.4,A,DoorSpread,DoorMaster,6.220000,D,S,275809.000000
Wed Jul 30 18:38:39 2025,30-Jul-2025,213844,46 50.119900 N,062 49.969700 W,4.7,236.5,A,DoorSpread,DoorMaster,6.220000,D,S,275809.000000
Wed Jul 30 18:38:39 2025,30-Jul-2025,213845,46 50.119200 N,062 49.971300 W,4.7,236.7,A,DoorSpread,DoorMaster,6.220000,D,S,275809.000000
Wed Jul 30 18:38:44 2025,30-Jul-2025,213846,46 50.118500 N,062 49.973000 W,4.7,236.8,A,DoorSpread,DoorMaster,7.355000,D,P,50549.000000
Wed Jul 30 18:38:44 2025,30-Jul-2025,213847,46 50.117800 N,062 49.974600 W,4.7,236.8,A,DoorSpread,DoorMaster,7.325000,D,S,184949.000000
Wed Jul 30 18:38:44 2025,30-Jul-2025,213848,46 50.117200 N,062 49.976300 W,4.7,236.8,A,DoorSpread,DoorMaster,7.325000,D,S,184949.000000
Wed Jul 30 18:38:44 2025,30-Jul-2025,213849,46 50.116500 N,062 49.977800 W,4.7,236.6,A,DoorSpread,DoorMaster,7.325000,D,S,184949.000000
Wed Jul 30 18:38:44 2025,30-Jul-2025,213850,46 50.115800 N,062 49.979300 W,4.7,236.5,A,DoorSpread,DoorMaster,7.325000,D,S,184949.000000
Wed Jul 30 18:38:44 2025,30-Jul-2025,213851,46 50.115000 N,062 49.980900 W,4.7,236.5,A,DoorSpread,DoorMaster,7.325000,D,S,184949.000000
Wed Jul 30 18:38:50 2025,30-Jul-2025,213852,46 50.114300 N,062 49.982400 W,4.7,236.4,A,DoorSpread,DoorMaster,6.790000,D,S,148572.000000
Wed Jul 30 18:38:50 2025,30-Jul-2025,213853,46 50.113500 N,062 49.983900 W,4.8,236.5,A,DoorSpread,DoorMaster,6.790000,D,S,148572.000000
Wed Jul 30 18:38:50 2025,30-Jul-2025,213854,46 50.112700 N,062 49.985400 W,4.8,236.5,A,DoorSpread,DoorMaster,6.790000,D,S,148572.000000
Wed Jul 30 18:38:50 2025,30-Jul-2025,213855,46 50.112000 N,062 49.986900 W,4.8,236.5,A,DoorSpread,DoorMaster,6.790000,D,S,148572.000000
Wed Jul 30 18:38:50 2025,30-Jul-2025,213856,46 50.111200 N,062 49.988400 W,4.7,236.5,A,DoorSpread,DoorMaster,6.790000,D,S,148572.000000
Wed Jul 30 18:38:55 2025,30-Jul-2025,213857,46 50.110500 N,062 49.989900 W,4.7,236.5,A,DoorSpread,DoorMaster,2.520000,D,S,210677.000000
Wed Jul 30 18:38:55 2025,30-Jul-2025,213858,46 50.109800 N,062 49.991500 W,4.7,236.5,A,DoorSpread,DoorMaster,2.520000,D,S,210677.000000
Wed Jul 30 18:38:55 2025,30-Jul-2025,213859,46 50.109100 N,062 49.993200 W,4.8,236.5,A,DoorSpread,DoorMaster,2.520000,D,S,210677.000000
Wed Jul 30 18:38:55 2025,30-Jul-2025,213900,46 50.108400 N,062 49.994900 W,4.8,236.6,A,DoorSpread,DoorMaster,2.520000,D,S,210677.000000
Wed Jul 30 18:38:55 2025,30-Jul-2025,213901,46 50.107600 N,062 49.996600 W,4.8,236.7,A,DoorSpread,DoorMaster,2.520000,D,S,210677.000000
Wed Jul 30 18:38:55 2025,30-Jul-2025,213902,46 50.106800 N,062 49.998300 W,4.8,236.9,A,DoorSpread,DoorMaster,2.520000,D,S,210677.000000
Wed Jul 30 18:39:01 2025,30-Jul-2025,213903,46 50.106100 N,062 49.999900 W,4.7,236.9,A,DoorSpread,DoorMaster,1.225000,D,S,263122.000000
Wed Jul 30 18:39:01 2025,30-Jul-2025,213904,46 50.105400 N,062 50.001500 W,4.7,236.8,A,DoorSpread,DoorMaster,1.225000,D,S,263122.000000
Wed Jul 30 18:39:01 2025,30-Jul-2025,213905,46 50.104600 N,062 50.003100 W,4.6,236.8,A,DoorSpread,DoorMaster,1.225000,D,S,263122.000000
Wed Jul 30 18:39:01 2025,30-Jul-2025,213906,46 50.103900 N,062 50.004600 W,4.5,236.9,A,DoorSpread,DoorMaster,1.225000,D,S,263122.000000
Wed Jul 30 18:39:01 2025,30-Jul-2025,213907,46 50.103300 N,062 50.006100 W,4.5,237.0,A,DoorSpread,DoorMaster,1.225000,D,S,263122.000000
Wed Jul 30 18:39:06 2025,30-Jul-2025,213908,46 50.102600 N,062 50.007500 W,4.4,236.9,A,DoorSpread,DoorMaster,5.585000,D,S,211795.000000
Wed Jul 30 18:39:06 2025,30-Jul-2025,213909,46 50.102100 N,062 50.008800 W,4.2,236.9,A,DoorSpread,DoorMaster,5.585000,D,S,211795.000000
Wed Jul 30 18:39:06 2025,30-Jul-2025,213910,46 50.101500 N,062 50.009900 W,4.1,237.0,A,DoorSpread,DoorMaster,5.585000,D,S,211795.000000
Wed Jul 30 18:39:06 2025,30-Jul-2025,213911,46 50.101000 N,062 50.011000 W,3.9,237.1,A,DoorSpread,DoorMaster,5.585000,D,S,211795.000000
Wed Jul 30 18:39:06 2025,30-Jul-2025,213912,46 50.100500 N,062 50.012100 W,3.8,237.2,A,DoorSpread,DoorMaster,5.585000,D,S,211795.000000
Wed Jul 30 18:39:06 2025,30-Jul-2025,213913,46 50.100100 N,062 50.013300 W,3.7,237.3,A,DoorSpread,DoorMaster,5.585000,D,S,211795.000000
Wed Jul 30 18:39:11 2025,30-Jul-2025,213914,46 50.099700 N,062 50.014400 W,3.6,237.5,A,DoorSpread,DoorMaster,0.735000,D,S,222204.000000
Wed Jul 30 18:39:11 2025,30-Jul-2025,213915,46 50.099300 N,062 50.015500 W,3.5,237.7,A,DoorSpread,DoorMaster,0.735000,D,S,222204.000000
Wed Jul 30 18:39:11 2025,30-Jul-2025,213916,46 50.098900 N,062 50.016400 W,3.4,237.8,A,DoorSpread,DoorMaster,0.735000,D,S,222204.000000
Wed Jul 30 18:39:11 2025,30-Jul-2025,213917,46 50.098500 N,062 50.017400 W,3.3,238.0,A,DoorSpread,DoorMaster,0.735000,D,S,222204.000000
Wed Jul 30 18:39:11 2025,30-Jul-2025,213918,46 50.098100 N,062 50.018400 W,3.3,238.1,A,DoorSpread,DoorMaster,0.735000,D,S,222204.000000
Wed Jul 30 18:39:11 2025,30-Jul-2025,213919,46 50.097800 N,062 50.019500 W,3.2,238.2,A,DoorSpread,DoorMaster,0.735000,D,S,222204.000000
Wed Jul 30 18:39:11 2025,30-Jul-2025,213920,46 50.097400 N,062 50.020600 W,3.2,238.2,A,DoorSpread,DoorMaster,0.735000,D,S,222204.000000
Wed Jul 30 18:39:11 2025,30-Jul-2025,213921,46 50.097000 N,062 50.021700 W,3.1,238.2,A,DoorSpread,DoorMaster,0.735000,D,S,222204.000000
Wed Jul 30 18:39:11 2025,30-Jul-2025,213922,46 50.096600 N,062 50.022800 W,3.0,238.3,A,DoorSpread,DoorMaster,0.735000,D,S,222204.000000
Wed Jul 30 18:39:11 2025,30-Jul-2025,213923,46 50.096200 N,062 50.023800 W,3.0,238.4,A,DoorSpread,DoorMaster,0.735000,D,S,222204.000000
Wed Jul 30 18:39:11 2025,30-Jul-2025,213924,46 50.095900 N,062 50.024800 W,2.9,238.5,A,DoorSpread,DoorMaster,0.735000,D,S,222204.000000
Wed Jul 30 18:39:11 2025,30-Jul-2025,213925,46 50.095500 N,062 50.025800 W,2.9,238.6,A,DoorSpread,DoorMaster,0.735000,D,S,222204.000000
Wed Jul 30 18:39:11 2025,30-Jul-2025,213926,46 50.095200 N,062 50.026800 W,2.8,238.7,A,DoorSpread,DoorMaster,0.735000,D,S,222204.000000
Wed Jul 30 18:39:11 2025,30-Jul-2025,213927,46 50.094700 N,062 50.027800 W,2.8,238.8,A,DoorSpread,DoorMaster,0.735000,D,S,222204.000000
Wed Jul 30 18:39:11 2025,30-Jul-2025,213928,46 50.094400 N,062 50.028700 W,2.7,238.9,A,DoorSpread,DoorMaster,0.735000,D,S,222204.000000
Wed Jul 30 18:39:11 2025,30-Jul-2025,213929,46 50.094000 N,062 50.029700 W,2.7,239.1,A,DoorSpread,DoorMaster,0.735000,D,S,222204.000000
Wed Jul 30 18:39:11 2025,30-Jul-2025,213930,46 50.093700 N,062 50.030600 W,2.6,239.2,A,DoorSpread,DoorMaster,0.735000,D,S,222204.000000
Wed Jul 30 18:39:11 2025,30-Jul-2025,213931,46 50.093400 N,062 50.031400 W,2.6,239.4,A,DoorSpread,DoorMaster,0.735000,D,S,222204.000000
Wed Jul 30 18:39:11 2025,30-Jul-2025,213932,46 50.093200 N,062 50.032200 W,2.6,239.6,A,DoorSpread,DoorMaster,0.735000,D,S,222204.000000
Wed Jul 30 18:39:11 2025,30-Jul-2025,213933,46 50.092900 N,062 50.033100 W,2.6,239.8,A,DoorSpread,DoorMaster,0.735000,D,S,222204.000000
Wed Jul 30 18:39:11 2025,30-Jul-2025,213934,46 50.092700 N,062 50.033900 W,2.5,240.1,A,DoorSpread,DoorMaster,0.735000,D,S,222204.000000
Wed Jul 30 18:39:11 2025,30-Jul-2025,213935,46 50.092400 N,062 50.034700 W,2.5,240.3,A,DoorSpread,DoorMaster,0.735000,D,S,222204.000000
Wed Jul 30 18:39:11 2025,30-Jul-2025,213936,46 50.092100 N,062 50.035500 W,2.5,240.5,A,DoorSpread,DoorMaster,0.735000,D,S,222204.000000
Wed Jul 30 18:39:11 2025,30-Jul-2025,213937,46 50.091900 N,062 50.036400 W,2.4,240.8,A,DoorSpread,DoorMaster,0.735000,D,S,222204.000000
Wed Jul 30 18:39:11 2025,30-Jul-2025,213938,46 50.091700 N,062 50.037300 W,2.4,240.9,A,DoorSpread,DoorMaster,0.735000,D,S,222204.000000
Wed Jul 30 18:39:37 2025,30-Jul-2025,213939,46 50.091300 N,062 50.038100 W,2.4,240.8,A,DoorSpread,DoorMaster,6.515000,D,S,56719.000000
Wed Jul 30 18:39:37 2025,30-Jul-2025,213940,46 50.091000 N,062 50.039000 W,2.4,240.9,A,DoorSpread,DoorMaster,6.515000,D,S,56719.000000
Wed Jul 30 18:39:37 2025,30-Jul-2025,213941,46 50.090700 N,062 50.039900 W,2.4,241.0,A,DoorSpread,DoorMaster,6.515000,D,S,56719.000000
Wed Jul 30 18:39:37 2025,30-Jul-2025,213942,46 50.090300 N,062 50.040900 W,2.3,241.1,A,DoorSpread,DoorMaster,6.515000,D,S,56719.000000
Wed Jul 30 18:39:37 2025,30-Jul-2025,213943,46 50.090000 N,062 50.041700 W,2.3,241.2,A,DoorSpread,DoorMaster,6.515000,D,S,56719.000000
Wed Jul 30 18:39:37 2025,30-Jul-2025,213944,46 50.089700 N,062 50.042500 W,2.3,241.2,A,DoorSpread,DoorMaster,6.515000,D,S,56719.000000
Wed Jul 30 18:39:43 2025,30-Jul-2025,213945,46 50.089400 N,062 50.043200 W,2.3,241.3,A,DoorSpread,DoorMaster,3.835000,D,P,74134.000000
Wed Jul 30 18:39:43 2025,30-Jul-2025,213946,46 50.089100 N,062 50.044000 W,2.3,241.3,A,DoorSpread,DoorMaster,3.835000,D,P,74134.000000
Wed Jul 30 18:39:43 2025,30-Jul-2025,213947,46 50.088800 N,062 50.044600 W,2.2,241.2,A,DoorSpread,DoorMaster,3.835000,D,P,74134.000000
Wed Jul 30 18:39:43 2025,30-Jul-2025,213948,46 50.088500 N,062 50.045300 W,2.2,241.2,A,DoorSpread,DoorMaster,3.835000,D,P,74134.000000
Wed Jul 30 18:39:43 2025,30-Jul-2025,213949,46 50.088200 N,062 50.046100 W,2.2,241.2,A,DoorSpread,DoorMaster,3.835000,D,P,74134.000000
Wed Jul 30 18:39:43 2025,30-Jul-2025,213950,46 50.087800 N,062 50.046900 W,2.2,241.4,A,DoorSpread,DoorMaster,3.835000,D,P,74134.000000
Wed Jul 30 18:39:43 2025,30-Jul-2025,213951,46 50.087500 N,062 50.047700 W,2.2,241.4,A,DoorSpread,DoorMaster,3.835000,D,P,74134.000000
Wed Jul 30 18:39:43 2025,30-Jul-2025,213952,46 50.087200 N,062 50.048400 W,2.2,241.4,A,DoorSpread,DoorMaster,3.835000,D,P,74134.000000
Wed Jul 30 18:39:43 2025,30-Jul-2025,213953,46 50.087000 N,062 50.049200 W,2.2,241.5,A,DoorSpread,DoorMaster,3.835000,D,P,74134.000000
Wed Jul 30 18:39:43 2025,30-Jul-2025,213954,46 50.086600 N,062 50.049800 W,2.2,241.4,A,DoorSpread,DoorMaster,3.835000,D,P,74134.000000
Wed Jul 30 18:39:53 2025,30-Jul-2025,213955,46 50.086400 N,062 50.050500 W,2.1,241.4,A,DoorSpread,DoorMaster,6.360000,D,P,88428.000000
Wed Jul 30 18:39:53 2025,30-Jul-2025,213956,46 50.086200 N,062 50.051200 W,2.1,241.5,A,DoorSpread,DoorMaster,6.360000,D,P,88428.000000
Wed Jul 30 18:39:53 2025,30-Jul-2025,213957,46 50.085900 N,062 50.051900 W,2.1,241.4,A,DoorSpread,DoorMaster,6.360000,D,P,88428.000000
Wed Jul 30 18:39:53 2025,30-Jul-2025,213958,46 50.085700 N,062 50.052500 W,2.1,241.3,A,DoorSpread,DoorMaster,6.360000,D,P,88428.000000
Wed Jul 30 18:39:53 2025,30-Jul-2025,213959,46 50.085300 N,062 50.053200 W,2.1,241.3,A,DoorSpread,DoorMaster,6.360000,D,P,88428.000000
Wed Jul 30 18:39:53 2025,30-Jul-2025,214000,46 50.084900 N,062 50.054000 W,2.1,241.4,A,DoorSpread,DoorMaster,6.360000,D,P,88428.000000
Wed Jul 30 18:39:59 2025,30-Jul-2025,214001,46 50.084500 N,062 50.054700 W,2.1,241.4,A,DoorSpread,DoorMaster,6.735000,D,P,75803.000000
Wed Jul 30 18:39:59 2025,30-Jul-2025,214002,46 50.084100 N,062 50.055500 W,2.1,241.5,A,DoorSpread,DoorMaster,6.735000,D,P,75803.000000
Wed Jul 30 18:39:59 2025,30-Jul-2025,214003,46 50.083800 N,062 50.056400 W,2.1,241.6,A,DoorSpread,DoorMaster,6.735000,D,P,75803.000000
Wed Jul 30 18:39:59 2025,30-Jul-2025,214004,46 50.083500 N,062 50.057200 W,2.1,241.9,A,DoorSpread,DoorMaster,6.735000,D,P,75803.000000
Wed Jul 30 18:39:59 2025,30-Jul-2025,214005,46 50.083200 N,062 50.058000 W,2.2,242.0,A,DoorSpread,DoorMaster,6.735000,D,P,75803.000000
Wed Jul 30 18:39:59 2025,30-Jul-2025,214006,46 50.082900 N,062 50.058800 W,2.2,242.2,A,DoorSpread,DoorMaster,6.735000,D,P,75803.000000
Wed Jul 30 18:40:05 2025,30-Jul-2025,214007,46 50.082600 N,062 50.059700 W,2.2,242.4,A,DoorSpread,DoorMaster,6.910000,D,S,36014.000000
Wed Jul 30 18:40:05 2025,30-Jul-2025,214008,46 50.082300 N,062 50.060500 W,2.2,242.4,A,DoorSpread,DoorMaster,6.910000,D,S,36014.000000
Wed Jul 30 18:40:05 2025,30-Jul-2025,214009,46 50.082000 N,062 50.061300 W,2.3,242.5,A,DoorSpread,DoorMaster,6.910000,D,S,36014.000000
Wed Jul 30 18:40:05 2025,30-Jul-2025,214010,46 50.081600 N,062 50.062100 W,2.3,242.4,A,DoorSpread,DoorMaster,6.910000,D,S,36014.000000
Wed Jul 30 18:40:05 2025,30-Jul-2025,214011,46 50.081100 N,062 50.062900 W,2.3,242.4,A,DoorSpread,DoorMaster,6.910000,D,S,36014.000000
Wed Jul 30 18:40:10 2025,30-Jul-2025,214012,46 50.080800 N,062 50.063800 W,2.3,242.4,A,DoorSpread,DoorMaster,7.185000,D,S,64763.000000
Wed Jul 30 18:40:10 2025,30-Jul-2025,214013,46 50.080400 N,062 50.064600 W,2.4,242.3,A,DoorSpread,DoorMaster,7.185000,D,S,64763.000000
Wed Jul 30 18:40:10 2025,30-Jul-2025,214014,46 50.079900 N,062 50.065500 W,2.4,242.1,A,DoorSpread,DoorMaster,7.185000,D,S,64763.000000
Wed Jul 30 18:40:10 2025,30-Jul-2025,214015,46 50.079500 N,062 50.066500 W,2.4,242.0,A,DoorSpread,DoorMaster,7.185000,D,S,64763.000000
Wed Jul 30 18:40:10 2025,30-Jul-2025,214016,46 50.079000 N,062 50.067400 W,2.4,241.9,A,DoorSpread,DoorMaster,7.185000,D,S,64763.000000
Wed Jul 30 18:40:10 2025,30-Jul-2025,214017,46 50.078600 N,062 50.068400 W,2.4,241.8,A,DoorSpread,DoorMaster,7.185000,D,S,64763.000000
Wed Jul 30 18:40:16 2025,30-Jul-2025,214018,46 50.078200 N,062 50.069300 W,2.4,241.7,A,DoorSpread,DoorMaster,7.200000,D,S,40396.000000
Wed Jul 30 18:40:16 2025,30-Jul-2025,214019,46 50.077800 N,062 50.070200 W,2.4,241.7,A,DoorSpread,DoorMaster,7.200000,D,S,40396.000000
Wed Jul 30 18:40:16 2025,30-Jul-2025,214020,46 50.077400 N,062 50.071000 W,2.4,241.7,A,DoorSpread,DoorMaster,7.200000,D,S,40396.000000
Wed Jul 30 18:40:16 2025,30-Jul-2025,214021,46 50.077000 N,062 50.071900 W,2.4,241.9,A,DoorSpread,DoorMaster,7.200000,D,S,40396.000000
Wed Jul 30 18:40:16 2025,30-Jul-2025,214022,46 50.076600 N,062 50.072800 W,2.5,241.8,A,DoorSpread,DoorMaster,7.200000,D,S,40396.000000
Wed Jul 30 18:40:16 2025,30-Jul-2025,214023,46 50.076300 N,062 50.073700 W,2.5,241.9,A,DoorSpread,DoorMaster,7.200000,D,S,40396.000000
Wed Jul 30 18:40:16 2025,30-Jul-2025,214024,46 50.076000 N,062 50.074700 W,2.4,241.8,A,DoorSpread,DoorMaster,7.200000,D,S,40396.000000
Wed Jul 30 18:40:16 2025,30-Jul-2025,214025,46 50.075800 N,062 50.075700 W,2.4,241.8,A,DoorSpread,DoorMaster,7.200000,D,S,40396.000000
Wed Jul 30 18:40:16 2025,30-Jul-2025,214026,46 50.075400 N,062 50.076600 W,2.4,241.7,A,DoorSpread,DoorMaster,7.200000,D,S,40396.000000
Wed Jul 30 18:40:16 2025,30-Jul-2025,214027,46 50.075100 N,062 50.077500 W,2.4,241.6,A,DoorSpread,DoorMaster,7.200000,D,S,40396.000000
Wed Jul 30 18:40:16 2025,30-Jul-2025,214028,46 50.074700 N,062 50.078300 W,2.4,241.6,A,DoorSpread,DoorMaster,7.200000,D,S,40396.000000
Wed Jul 30 18:40:27 2025,30-Jul-2025,214029,46 50.074400 N,062 50.079200 W,2.4,241.5,A,DoorSpread,DoorMaster,7.725000,D,S,59338.000000
Wed Jul 30 18:40:27 2025,30-Jul-2025,214030,46 50.074100 N,062 50.080000 W,2.4,241.6,A,DoorSpread,DoorMaster,7.725000,D,S,59338.000000
Wed Jul 30 18:40:27 2025,30-Jul-2025,214031,46 50.073700 N,062 50.080700 W,2.4,241.6,A,DoorSpread,DoorMaster,7.725000,D,S,59338.000000
Wed Jul 30 18:40:27 2025,30-Jul-2025,214032,46 50.073400 N,062 50.081400 W,2.3,241.6,A,DoorSpread,DoorMaster,7.725000,D,S,59338.000000
Wed Jul 30 18:40:27 2025,30-Jul-2025,214033,46 50.073100 N,062 50.082200 W,2.3,241.6,A,DoorSpread,DoorMaster,7.725000,D,S,59338.000000
Wed Jul 30 18:40:27 2025,30-Jul-2025,214034,46 50.072800 N,062 50.082900 W,2.3,241.7,A,DoorSpread,DoorMaster,7.725000,D,S,59338.000000
Wed Jul 30 18:40:32 2025,30-Jul-2025,214035,46 50.072500 N,062 50.083600 W,2.3,241.8,A,DoorSpread,DoorMaster,7.345000,D,S,46487.000000
Wed Jul 30 18:40:32 2025,30-Jul-2025,214036,46 50.072200 N,062 50.084400 W,2.3,241.8,A,DoorSpread,DoorMaster,7.345000,D,S,46487.000000
Wed Jul 30 18:40:32 2025,30-Jul-2025,214037,46 50.071900 N,062 50.085200 W,2.3,241.8,A,DoorSpread,DoorMaster,7.345000,D,S,46487.000000
Wed Jul 30 18:40:32 2025,30-Jul-2025,214038,46 50.071600 N,062 50.086000 W,2.2,241.9,A,DoorSpread,DoorMaster,7.345000,D,S,46487.000000
Wed Jul 30 18:40:32 2025,30-Jul-2025,214039,46 50.071200 N,062 50.086800 W,2.2,241.9,A,DoorSpread,DoorMaster,7.345000,D,S,46487.000000
Wed Jul 30 18:40:38 2025,30-Jul-2025,214040,46 50.070900 N,062 50.087600 W,2.2,241.8,A,DoorSpread,DoorMaster,8.755000,D,S,55608.000000
Wed Jul 30 18:40:38 2025,30-Jul-2025,214041,46 50.070600 N,062 50.088300 W,2.2,241.7,A,DoorSpread,DoorMaster,8.755000,D,S,55608.000000
Wed Jul 30 18:40:38 2025,30-Jul-2025,214042,46 50.070300 N,062 50.089000 W,2.2,241.6,A,DoorSpread,DoorMaster,8.755000,D,S,55608.000000
Wed Jul 30 18:40:38 2025,30-Jul-2025,214043,46 50.070000 N,062 50.089700 W,2.2,241.4,A,DoorSpread,DoorMaster,8.755000,D,S,55608.000000
Wed Jul 30 18:40:38 2025,30-Jul-2025,214044,46 50.069600 N,062 50.090400 W,2.2,241.4,A,DoorSpread,DoorMaster,8.755000,D,S,55608.000000
Wed Jul 30 18:40:38 2025,30-Jul-2025,214045,46 50.069300 N,062 50.091100 W,2.2,241.3,A,DoorSpread,DoorMaster,8.755000,D,S,55608.000000
Wed Jul 30 18:40:44 2025,30-Jul-2025,214046,46 50.069000 N,062 50.091700 W,2.2,241.1,A,DoorSpread,DoorMaster,17.225000,D,S,27968.000000
Wed Jul 30 18:40:44 2025,30-Jul-2025,214047,46 50.068700 N,062 50.092300 W,2.1,241.0,A,DoorSpread,DoorMaster,17.225000,D,S,27968.000000
Wed Jul 30 18:40:44 2025,30-Jul-2025,214048,46 50.068600 N,062 50.093000 W,2.1,241.1,A,DoorSpread,DoorMaster,17.225000,D,S,27968.000000
Wed Jul 30 18:40:44 2025,30-Jul-2025,214049,46 50.068500 N,062 50.093600 W,2.1,241.0,A,DoorSpread,DoorMaster,17.225000,D,S,27968.000000
Wed Jul 30 18:40:44 2025,30-Jul-2025,214050,46 50.068300 N,062 50.094100 W,2.1,241.1,A,DoorSpread,DoorMaster,17.225000,D,S,27968.000000
Wed Jul 30 18:40:44 2025,30-Jul-2025,214051,46 50.068100 N,062 50.094800 W,2.1,241.5,A,DoorSpread,DoorMaster,17.225000,D,S,27968.000000
Wed Jul 30 18:40:50 2025,30-Jul-2025,214052,46 50.068000 N,062 50.095400 W,2.0,241.9,A,DoorSpread,DoorMaster,7.910000,D,S,54274.000000
Wed Jul 30 18:40:50 2025,30-Jul-2025,214053,46 50.067800 N,062 50.096100 W,2.0,242.1,A,DoorSpread,DoorMaster,7.910000,D,S,54274.000000
Wed Jul 30 18:40:50 2025,30-Jul-2025,214054,46 50.067700 N,062 50.096800 W,2.0,242.5,A,DoorSpread,DoorMaster,7.910000,D,S,54274.000000
Wed Jul 30 18:40:50 2025,30-Jul-2025,214055,46 50.067600 N,062 50.097400 W,2.0,242.7,A,DoorSpread,DoorMaster,7.910000,D,S,54274.000000
Wed Jul 30 18:40:50 2025,30-Jul-2025,214056,46 50.067400 N,062 50.098000 W,2.0,242.8,A,DoorSpread,DoorMaster,7.910000,D,S,54274.000000
Wed Jul 30 18:40:50 2025,30-Jul-2025,214057,46 50.067200 N,062 50.098700 W,2.0,243.0,A,DoorSpread,DoorMaster,7.910000,D,S,54274.000000
Wed Jul 30 18:40:56 2025,30-Jul-2025,214058,46 50.067000 N,062 50.099500 W,2.0,243.1,A,DoorSpread,DoorMaster,5.940000,D,P,42610.000000
Wed Jul 30 18:40:56 2025,30-Jul-2025,214059,46 50.066800 N,062 50.100200 W,2.0,243.1,A,DoorSpread,DoorMaster,5.940000,D,P,42610.000000
Wed Jul 30 18:40:56 2025,30-Jul-2025,214100,46 50.066600 N,062 50.100800 W,2.0,243.3,A,DoorSpread,DoorMaster,5.940000,D,P,42610.000000
Wed Jul 30 18:40:56 2025,30-Jul-2025,214101,46 50.066500 N,062 50.101500 W,2.0,243.4,A,DoorSpread,DoorMaster,5.940000,D,P,42610.000000
Wed Jul 30 18:40:56 2025,30-Jul-2025,214102,46 50.066200 N,062 50.102200 W,2.0,243.4,A,DoorSpread,DoorMaster,5.940000,D,P,42610.000000
Wed Jul 30 18:40:56 2025,30-Jul-2025,214103,46 50.066000 N,062 50.102900 W,2.0,243.4,A,DoorSpread,DoorMaster,5.940000,D,P,42610.000000
Wed Jul 30 18:40:56 2025,30-Jul-2025,214104,46 50.065800 N,062 50.103700 W,1.9,243.5,A,DoorSpread,DoorMaster,5.940000,D,P,42610.000000
Wed Jul 30 18:41:03 2025,30-Jul-2025,214105,46 50.065600 N,062 50.104400 W,1.9,243.6,A,DoorSpread,DoorMaster,28.715000,D,S,74834.000000
Wed Jul 30 18:41:03 2025,30-Jul-2025,214106,46 50.065300 N,062 50.105200 W,1.9,243.6,A,DoorSpread,DoorMaster,28.715000,D,S,74834.000000
Wed Jul 30 18:41:03 2025,30-Jul-2025,214107,46 50.065100 N,062 50.105800 W,2.0,243.5,A,DoorSpread,DoorMaster,28.715000,D,S,74834.000000
Wed Jul 30 18:41:03 2025,30-Jul-2025,214108,46 50.064800 N,062 50.106400 W,2.0,243.5,A,DoorSpread,DoorMaster,28.715000,D,S,74834.000000
Wed Jul 30 18:41:03 2025,30-Jul-2025,214109,46 50.064600 N,062 50.107000 W,1.9,243.5,A,DoorSpread,DoorMaster,28.715000,D,S,74834.000000
Wed Jul 30 18:41:03 2025,30-Jul-2025,214110,46 50.064500 N,062 50.107700 W,2.0,243.8,A,DoorSpread,DoorMaster,28.715000,D,S,74834.000000
Wed Jul 30 18:41:03 2025,30-Jul-2025,214111,46 50.064300 N,062 50.108400 W,2.0,243.8,A,DoorSpread,DoorMaster,28.715000,D,S,74834.000000
Wed Jul 30 18:41:03 2025,30-Jul-2025,214112,46 50.064000 N,062 50.109000 W,2.0,243.9,A,DoorSpread,DoorMaster,28.715000,D,S,74834.000000
Wed Jul 30 18:41:03 2025,30-Jul-2025,214113,46 50.063900 N,062 50.109800 W,2.0,244.1,A,DoorSpread,DoorMaster,28.715000,D,S,74834.000000
Wed Jul 30 18:41:03 2025,30-Jul-2025,214114,46 50.063600 N,062 50.110700 W,2.0,244.2,A,DoorSpread,DoorMaster,28.715000,D,S,74834.000000
Wed Jul 30 18:41:13 2025,30-Jul-2025,214115,46 50.063400 N,062 50.111600 W,2.0,244.1,A,DoorSpread,DoorMaster,2.505000,D,S,51371.000000
Wed Jul 30 18:41:13 2025,30-Jul-2025,214116,46 50.063200 N,062 50.112400 W,2.0,243.9,A,DoorSpread,DoorMaster,2.505000,D,S,51371.000000
Wed Jul 30 18:41:13 2025,30-Jul-2025,214117,46 50.062900 N,062 50.113300 W,2.0,243.7,A,DoorSpread,DoorMaster,2.505000,D,S,51371.000000
Wed Jul 30 18:41:13 2025,30-Jul-2025,214118,46 50.062600 N,062 50.114200 W,2.0,243.7,A,DoorSpread,DoorMaster,2.505000,D,S,51371.000000
Wed Jul 30 18:41:13 2025,30-Jul-2025,214119,46 50.062300 N,062 50.115100 W,2.1,243.6,A,DoorSpread,DoorMaster,2.505000,D,S,51371.000000
Wed Jul 30 18:41:13 2025,30-Jul-2025,214120,46 50.062100 N,062 50.116000 W,2.1,243.4,A,DoorSpread,DoorMaster,2.505000,D,S,51371.000000
Wed Jul 30 18:41:19 2025,30-Jul-2025,214121,46 50.061800 N,062 50.116800 W,2.1,243.4,A,DoorSpread,DoorMaster,4.775000,D,S,32006.000000
Wed Jul 30 18:41:19 2025,30-Jul-2025,214122,46 50.061500 N,062 50.117700 W,2.1,243.4,A,DoorSpread,DoorMaster,4.775000,D,S,32006.000000
Wed Jul 30 18:41:19 2025,30-Jul-2025,214123,46 50.061200 N,062 50.118500 W,2.1,243.3,A,DoorSpread,DoorMaster,4.775000,D,S,32006.000000
Wed Jul 30 18:41:19 2025,30-Jul-2025,214124,46 50.060900 N,062 50.119400 W,2.1,243.1,A,DoorSpread,DoorMaster,4.775000,D,S,32006.000000
Wed Jul 30 18:41:19 2025,30-Jul-2025,214125,46 50.060600 N,062 50.120200 W,2.1,242.9,A,DoorSpread,DoorMaster,4.775000,D,S,32006.000000
Wed Jul 30 18:41:24 2025,30-Jul-2025,214126,46 50.060300 N,062 50.121100 W,2.1,242.9,A,DoorSpread,DoorMaster,7.910000,D,P,29756.000000
Wed Jul 30 18:41:24 2025,30-Jul-2025,214127,46 50.060000 N,062 50.121900 W,2.2,242.8,A,DoorSpread,DoorMaster,7.845000,D,S,41118.000000
Wed Jul 30 18:41:24 2025,30-Jul-2025,214128,46 50.059700 N,062 50.122700 W,2.2,242.8,A,DoorSpread,DoorMaster,7.845000,D,S,41118.000000
Wed Jul 30 18:41:24 2025,30-Jul-2025,214129,46 50.059400 N,062 50.123500 W,2.2,242.9,A,DoorSpread,DoorMaster,7.845000,D,S,41118.000000
Wed Jul 30 18:41:24 2025,30-Jul-2025,214130,46 50.059200 N,062 50.124300 W,2.2,243.0,A,DoorSpread,DoorMaster,7.845000,D,S,41118.000000
Wed Jul 30 18:41:24 2025,30-Jul-2025,214131,46 50.058900 N,062 50.125200 W,2.2,243.0,A,DoorSpread,DoorMaster,7.845000,D,S,41118.000000
Wed Jul 30 18:41:24 2025,30-Jul-2025,214132,46 50.058600 N,062 50.125900 W,2.2,243.2,A,DoorSpread,DoorMaster,7.845000,D,S,41118.000000
Wed Jul 30 18:41:24 2025,30-Jul-2025,214133,46 50.058300 N,062 50.126700 W,2.2,243.2,A,DoorSpread,DoorMaster,7.845000,D,S,41118.000000
Wed Jul 30 18:41:24 2025,30-Jul-2025,214134,46 50.058000 N,062 50.127500 W,2.2,243.3,A,DoorSpread,DoorMaster,7.845000,D,S,41118.000000
Wed Jul 30 18:41:24 2025,30-Jul-2025,214135,46 50.057700 N,062 50.128300 W,2.2,243.5,A,DoorSpread,DoorMaster,7.845000,D,S,41118.000000
Wed Jul 30 18:41:24 2025,30-Jul-2025,214136,46 50.057500 N,062 50.129100 W,2.2,243.8,A,DoorSpread,DoorMaster,7.845000,D,S,41118.000000
Wed Jul 30 18:41:35 2025,30-Jul-2025,214137,46 50.057100 N,062 50.129900 W,2.2,244.0,A,DoorSpread,DoorMaster,7.950000,D,P,23928.000000
Wed Jul 30 18:41:35 2025,30-Jul-2025,214138,46 50.056800 N,062 50.130600 W,2.2,244.1,A,DoorSpread,DoorMaster,7.950000,D,P,23928.000000
Wed Jul 30 18:41:35 2025,30-Jul-2025,214139,46 50.056500 N,062 50.131500 W,2.2,244.2,A,DoorSpread,DoorMaster,7.950000,D,P,23928.000000
Wed Jul 30 18:41:35 2025,30-Jul-2025,214140,46 50.056200 N,062 50.132400 W,2.2,244.4,A,DoorSpread,DoorMaster,7.950000,D,P,23928.000000
Wed Jul 30 18:41:35 2025,30-Jul-2025,214141,46 50.056000 N,062 50.133300 W,2.2,244.6,A,DoorSpread,DoorMaster,7.950000,D,P,23928.000000
Wed Jul 30 18:41:35 2025,30-Jul-2025,214142,46 50.055600 N,062 50.134200 W,2.2,244.8,A,DoorSpread,DoorMaster,7.950000,D,P,23928.000000
Wed Jul 30 18:41:35 2025,30-Jul-2025,214143,46 50.055300 N,062 50.135200 W,2.2,244.9,A,DoorSpread,DoorMaster,7.950000,D,P,23928.000000
Wed Jul 30 18:41:42 2025,30-Jul-2025,214144,46 50.054900 N,062 50.136100 W,2.2,244.9,A,DoorSpread,DoorMaster,22.270000,D,S,29200.000000
Wed Jul 30 18:41:42 2025,30-Jul-2025,214145,46 50.054600 N,062 50.137100 W,2.2,245.0,A,DoorSpread,DoorMaster,22.270000,D,S,29200.000000
Wed Jul 30 18:41:42 2025,30-Jul-2025,214146,46 50.054300 N,062 50.137900 W,2.2,245.1,A,DoorSpread,DoorMaster,22.270000,D,S,29200.000000
Wed Jul 30 18:41:42 2025,30-Jul-2025,214147,46 50.053900 N,062 50.138700 W,2.2,245.2,A,DoorSpread,DoorMaster,22.270000,D,S,29200.000000
Wed Jul 30 18:41:42 2025,30-Jul-2025,214148,46 50.053600 N,062 50.139600 W,2.2,245.3,A,DoorSpread,DoorMaster,22.270000,D,S,29200.000000
Wed Jul 30 18:41:42 2025,30-Jul-2025,214149,46 50.053400 N,062 50.140400 W,2.2,245.4,A,DoorSpread,DoorMaster,22.270000,D,S,29200.000000
Wed Jul 30 18:41:48 2025,30-Jul-2025,214150,46 50.053100 N,062 50.141200 W,2.2,245.4,A,DoorSpread,DoorMaster,9.620000,D,P,18717.000000
Wed Jul 30 18:41:48 2025,30-Jul-2025,214151,46 50.052800 N,062 50.142100 W,2.2,245.3,A,DoorSpread,DoorMaster,9.620000,D,P,18717.000000
Wed Jul 30 18:41:48 2025,30-Jul-2025,214152,46 50.052500 N,062 50.142900 W,2.2,245.2,A,DoorSpread,DoorMaster,9.620000,D,P,18717.000000
Wed Jul 30 18:41:48 2025,30-Jul-2025,214153,46 50.052200 N,062 50.143700 W,2.2,245.1,A,DoorSpread,DoorMaster,9.620000,D,P,18717.000000
Wed Jul 30 18:41:48 2025,30-Jul-2025,214154,46 50.052000 N,062 50.144400 W,2.2,245.1,A,DoorSpread,DoorMaster,9.620000,D,P,18717.000000
Wed Jul 30 18:41:53 2025,30-Jul-2025,214155,46 50.051800 N,062 50.145200 W,2.2,245.1,A,DoorSpread,DoorMaster,7.890000,D,S,71206.000000
Wed Jul 30 18:41:53 2025,30-Jul-2025,214156,46 50.051600 N,062 50.145900 W,2.2,245.2,A,DoorSpread,DoorMaster,7.890000,D,S,71206.000000
Wed Jul 30 18:41:53 2025,30-Jul-2025,214157,46 50.051400 N,062 50.146600 W,2.2,245.1,A,DoorSpread,DoorMaster,7.890000,D,S,71206.000000
Wed Jul 30 18:41:53 2025,30-Jul-2025,214158,46 50.051200 N,062 50.147300 W,2.2,245.0,A,DoorSpread,DoorMaster,7.890000,D,S,71206.000000
Wed Jul 30 18:41:53 2025,30-Jul-2025,214159,46 50.050900 N,062 50.148100 W,2.2,245.0,A,DoorSpread,DoorMaster,7.890000,D,S,71206.000000
Wed Jul 30 18:41:53 2025,30-Jul-2025,214200,46 50.050600 N,062 50.148900 W,2.2,244.9,A,DoorSpread,DoorMaster,7.890000,D,S,71206.000000
Wed Jul 30 18:41:59 2025,30-Jul-2025,214201,46 50.050400 N,062 50.149600 W,2.2,244.9,A,DoorSpread,DoorMaster,5.410000,D,P,20252.000000
Wed Jul 30 18:41:59 2025,30-Jul-2025,214202,46 50.050100 N,062 50.150300 W,2.2,244.8,A,DoorSpread,DoorMaster,5.410000,D,P,20252.000000
Wed Jul 30 18:41:59 2025,30-Jul-2025,214203,46 50.049800 N,062 50.151000 W,2.2,244.8,A,DoorSpread,DoorMaster,5.410000,D,P,20252.000000
Wed Jul 30 18:41:59 2025,30-Jul-2025,214204,46 50.049500 N,062 50.151700 W,2.2,244.8,A,DoorSpread,DoorMaster,5.410000,D,P,20252.000000
Wed Jul 30 18:41:59 2025,30-Jul-2025,214205,46 50.049300 N,062 50.152300 W,2.2,244.7,A,DoorSpread,DoorMaster,5.410000,D,P,20252.000000
Wed Jul 30 18:41:59 2025,30-Jul-2025,214206,46 50.049100 N,062 50.153100 W,2.1,244.6,A,DoorSpread,DoorMaster,5.410000,D,P,20252.000000
Wed Jul 30 18:41:59 2025,30-Jul-2025,214207,46 50.048900 N,062 50.153800 W,2.1,244.7,A,DoorSpread,DoorMaster,5.410000,D,P,20252.000000
Wed Jul 30 18:42:06 2025,30-Jul-2025,214208,46 50.048700 N,062 50.154600 W,2.1,244.7,A,DoorSpread,DoorMaster,26.720000,D,P,33061.000000
Wed Jul 30 18:42:06 2025,30-Jul-2025,214209,46 50.048400 N,062 50.155300 W,2.1,244.6,A,DoorSpread,DoorMaster,26.720000,D,P,33061.000000
Wed Jul 30 18:42:06 2025,30-Jul-2025,214210,46 50.048200 N,062 50.155900 W,2.1,244.7,A,DoorSpread,DoorMaster,26.720000,D,P,33061.000000
Wed Jul 30 18:42:06 2025,30-Jul-2025,214211,46 50.048000 N,062 50.156600 W,2.1,244.8,A,DoorSpread,DoorMaster,26.720000,D,P,33061.000000
Wed Jul 30 18:42:06 2025,30-Jul-2025,214212,46 50.047700 N,062 50.157400 W,2.1,244.8,A,DoorSpread,DoorMaster,26.720000,D,P,33061.000000
Wed Jul 30 18:42:06 2025,30-Jul-2025,214213,46 50.047500 N,062 50.158100 W,2.1,244.9,A,DoorSpread,DoorMaster,26.720000,D,P,33061.000000
Wed Jul 30 18:42:12 2025,30-Jul-2025,214214,46 50.047300 N,062 50.158800 W,2.1,245.0,A,DoorSpread,DoorMaster,8.340000,D,P,38215.000000
Wed Jul 30 18:42:12 2025,30-Jul-2025,214215,46 50.047200 N,062 50.159500 W,2.1,245.1,A,DoorSpread,DoorMaster,8.340000,D,P,38215.000000
Wed Jul 30 18:42:12 2025,30-Jul-2025,214216,46 50.047000 N,062 50.160200 W,2.1,245.2,A,DoorSpread,DoorMaster,8.340000,D,P,38215.000000
Wed Jul 30 18:42:12 2025,30-Jul-2025,214217,46 50.046800 N,062 50.160900 W,2.1,245.3,A,DoorSpread,DoorMaster,8.340000,D,P,38215.000000
Wed Jul 30 18:42:12 2025,30-Jul-2025,214218,46 50.046600 N,062 50.161600 W,2.1,245.2,A,DoorSpread,DoorMaster,8.340000,D,P,38215.000000
Wed Jul 30 18:42:12 2025,30-Jul-2025,214219,46 50.046500 N,062 50.162400 W,2.1,245.2,A,DoorSpread,DoorMaster,8.340000,D,P,38215.000000
Wed Jul 30 18:42:17 2025,30-Jul-2025,214220,46 50.046300 N,062 50.163000 W,2.1,245.2,A,DoorSpread,DoorMaster,8.215000,D,S,29368.000000
Wed Jul 30 18:42:17 2025,30-Jul-2025,214221,46 50.046200 N,062 50.163700 W,2.1,245.2,A,DoorSpread,DoorMaster,8.215000,D,S,29368.000000
Wed Jul 30 18:42:17 2025,30-Jul-2025,214222,46 50.045900 N,062 50.164300 W,2.1,245.1,A,DoorSpread,DoorMaster,8.215000,D,S,29368.000000
Wed Jul 30 18:42:17 2025,30-Jul-2025,214223,46 50.045700 N,062 50.165000 W,2.1,245.0,A,DoorSpread,DoorMaster,8.215000,D,S,29368.000000
Wed Jul 30 18:42:17 2025,30-Jul-2025,214224,46 50.045500 N,062 50.165800 W,2.1,245.0,A,DoorSpread,DoorMaster,8.215000,D,S,29368.000000
Wed Jul 30 18:42:17 2025,30-Jul-2025,214225,46 50.045300 N,062 50.166600 W,2.1,245.0,A,DoorSpread,DoorMaster,8.215000,D,S,29368.000000
Wed Jul 30 18:42:17 2025,30-Jul-2025,214226,46 50.045000 N,062 50.167400 W,2.1,244.9,A,DoorSpread,DoorMaster,8.215000,D,S,29368.000000
Wed Jul 30 18:42:17 2025,30-Jul-2025,214227,46 50.044800 N,062 50.168200 W,2.1,244.7,A,DoorSpread,DoorMaster,8.215000,D,S,29368.000000
Wed Jul 30 18:42:17 2025,30-Jul-2025,214228,46 50.044600 N,062 50.168900 W,2.1,244.6,A,DoorSpread,DoorMaster,8.215000,D,S,29368.000000
Wed Jul 30 18:42:17 2025,30-Jul-2025,214229,46 50.044400 N,062 50.169600 W,2.1,244.7,A,DoorSpread,DoorMaster,8.215000,D,S,29368.000000
Wed Jul 30 18:42:28 2025,30-Jul-2025,214230,46 50.044200 N,062 50.170400 W,2.1,244.9,A,DoorSpread,DoorMaster,7.725000,D,P,39355.000000
Wed Jul 30 18:42:28 2025,30-Jul-2025,214231,46 50.043900 N,062 50.171100 W,2.1,245.0,A,DoorSpread,DoorMaster,7.920000,D,S,63687.000000
Wed Jul 30 18:42:28 2025,30-Jul-2025,214232,46 50.043600 N,062 50.172000 W,2.1,245.0,A,DoorSpread,DoorMaster,7.920000,D,S,63687.000000
Wed Jul 30 18:42:28 2025,30-Jul-2025,214233,46 50.043200 N,062 50.172900 W,2.1,245.1,A,DoorSpread,DoorMaster,7.920000,D,S,63687.000000
Wed Jul 30 18:42:28 2025,30-Jul-2025,214234,46 50.042700 N,062 50.173600 W,2.0,245.1,A,DoorSpread,DoorMaster,7.920000,D,S,63687.000000
Wed Jul 30 18:42:28 2025,30-Jul-2025,214235,46 50.042300 N,062 50.174300 W,2.0,245.0,A,DoorSpread,DoorMaster,7.920000,D,S,63687.000000
Wed Jul 30 18:42:34 2025,30-Jul-2025,214236,46 50.041900 N,062 50.175100 W,2.0,245.0,A,DoorSpread,DoorMaster,9.690000,D,P,96558.000000
Wed Jul 30 18:42:34 2025,30-Jul-2025,214237,46 50.041600 N,062 50.175800 W,2.1,245.0,A,DoorSpread,DoorMaster,9.690000,D,P,96558.000000
Wed Jul 30 18:42:34 2025,30-Jul-2025,214238,46 50.041400 N,062 50.176500 W,2.0,245.0,A,DoorSpread,DoorMaster,9.690000,D,P,96558.000000
Wed Jul 30 18:42:34 2025,30-Jul-2025,214239,46 50.041200 N,062 50.177200 W,2.0,245.1,A,DoorSpread,DoorMaster,9.690000,D,P,96558.000000
Wed Jul 30 18:42:34 2025,30-Jul-2025,214240,46 50.041000 N,062 50.177900 W,2.1,245.0,A,DoorSpread,DoorMaster,9.690000,D,P,96558.000000
Wed Jul 30 18:42:34 2025,30-Jul-2025,214241,46 50.040800 N,062 50.178600 W,2.0,245.0,A,DoorSpread,DoorMaster,9.690000,D,P,96558.000000
Wed Jul 30 18:42:40 2025,30-Jul-2025,214242,46 50.040600 N,062 50.179200 W,2.0,244.9,A,DoorSpread,DoorMaster,16.600000,D,S,37667.000000
Wed Jul 30 18:42:40 2025,30-Jul-2025,214243,46 50.040400 N,062 50.179900 W,2.0,244.7,A,DoorSpread,DoorMaster,16.575000,D,P,26786.000000
Wed Jul 30 18:42:40 2025,30-Jul-2025,214244,46 50.040100 N,062 50.180700 W,2.1,244.5,A,DoorSpread,DoorMaster,16.575000,D,P,26786.000000
Wed Jul 30 18:42:40 2025,30-Jul-2025,214245,46 50.039800 N,062 50.181500 W,2.1,244.4,A,DoorSpread,DoorMaster,16.575000,D,P,26786.000000
Wed Jul 30 18:42:40 2025,30-Jul-2025,214246,46 50.039600 N,062 50.182200 W,2.1,244.2,A,DoorSpread,DoorMaster,16.575000,D,P,26786.000000
Wed Jul 30 18:42:45 2025,30-Jul-2025,214247,46 50.039400 N,062 50.183000 W,2.0,244.2,A,DoorSpread,DoorMaster,0.085000,D,P,57664.000000
Wed Jul 30 18:42:45 2025,30-Jul-2025,214248,46 50.039200 N,062 50.183900 W,2.1,244.3,A,DoorSpread,DoorMaster,0.085000,D,P,57664.000000
Wed Jul 30 18:42:45 2025,30-Jul-2025,214249,46 50.039000 N,062 50.184800 W,2.1,244.4,A,DoorSpread,DoorMaster,0.085000,D,P,57664.000000
Wed Jul 30 18:42:45 2025,30-Jul-2025,214250,46 50.038700 N,062 50.185500 W,2.0,244.4,A,DoorSpread,DoorMaster,0.085000,D,P,57664.000000
Wed Jul 30 18:42:45 2025,30-Jul-2025,214251,46 50.038500 N,062 50.186300 W,2.0,244.4,A,DoorSpread,DoorMaster,0.085000,D,P,57664.000000
Wed Jul 30 18:42:45 2025,30-Jul-2025,214252,46 50.038300 N,062 50.187100 W,2.0,244.7,A,DoorSpread,DoorMaster,0.085000,D,P,57664.000000
Wed Jul 30 18:42:45 2025,30-Jul-2025,214253,46 50.038100 N,062 50.187800 W,2.0,244.7,A,DoorSpread,DoorMaster,0.085000,D,P,57664.000000
Wed Jul 30 18:42:45 2025,30-Jul-2025,214254,46 50.037900 N,062 50.188400 W,2.0,244.7,A,DoorSpread,DoorMaster,0.085000,D,P,57664.000000
Wed Jul 30 18:42:45 2025,30-Jul-2025,214255,46 50.037600 N,062 50.189000 W,2.0,244.7,A,DoorSpread,DoorMaster,0.085000,D,P,57664.000000
Wed Jul 30 18:42:45 2025,30-Jul-2025,214256,46 50.037400 N,062 50.189700 W,2.0,244.8,A,DoorSpread,DoorMaster,0.085000,D,P,57664.000000
Wed Jul 30 18:42:45 2025,30-Jul-2025,214257,46 50.037200 N,062 50.190400 W,2.0,244.7,A,DoorSpread,DoorMaster,0.085000,D,P,57664.000000
Wed Jul 30 18:42:56 2025,30-Jul-2025,214258,46 50.037000 N,062 50.191100 W,2.0,244.6,A,DoorSpread,DoorMaster,1.615000,D,S,46252.000000
Wed Jul 30 18:42:56 2025,30-Jul-2025,214259,46 50.036800 N,062 50.191800 W,2.0,244.5,A,DoorSpread,DoorMaster,1.615000,D,S,46252.000000
Wed Jul 30 18:42:56 2025,30-Jul-2025,214300,46 50.036600 N,062 50.192500 W,2.0,244.6,A,DoorSpread,DoorMaster,1.615000,D,S,46252.000000
Wed Jul 30 18:42:56 2025,30-Jul-2025,214301,46 50.036400 N,062 50.193200 W,2.0,244.8,A,DoorSpread,DoorMaster,1.615000,D,S,46252.000000
Wed Jul 30 18:42:56 2025,30-Jul-2025,214302,46 50.036200 N,062 50.193800 W,2.0,245.0,A,DoorSpread,DoorMaster,1.615000,D,S,46252.000000
Wed Jul 30 18:42:56 2025,30-Jul-2025,214303,46 50.036000 N,062 50.194500 W,2.0,245.0,A,DoorSpread,DoorMaster,1.615000,D,S,46252.000000
Wed Jul 30 18:43:02 2025,30-Jul-2025,214304,46 50.035700 N,062 50.195200 W,2.0,245.1,A,DoorSpread,DoorMaster,8.490000,D,S,61921.000000
Wed Jul 30 18:43:02 2025,30-Jul-2025,214305,46 50.035400 N,062 50.195800 W,2.0,245.1,A,DoorSpread,DoorMaster,8.490000,D,S,61921.000000
Wed Jul 30 18:43:02 2025,30-Jul-2025,214306,46 50.035100 N,062 50.196400 W,2.0,245.2,A,DoorSpread,DoorMaster,8.490000,D,S,61921.000000
Wed Jul 30 18:43:02 2025,30-Jul-2025,214307,46 50.035000 N,062 50.197000 W,2.0,245.2,A,DoorSpread,DoorMaster,8.490000,D,S,61921.000000
Wed Jul 30 18:43:02 2025,30-Jul-2025,214308,46 50.034700 N,062 50.197600 W,2.0,245.2,A,DoorSpread,DoorMaster,8.490000,D,S,61921.000000
Wed Jul 30 18:43:02 2025,30-Jul-2025,214309,46 50.034500 N,062 50.198200 W,2.0,245.2,A,DoorSpread,DoorMaster,8.490000,D,S,61921.000000
Wed Jul 30 18:43:02 2025,30-Jul-2025,214310,46 50.034300 N,062 50.198900 W,2.0,245.2,A,DoorSpread,DoorMaster,8.490000,D,S,61921.000000
Wed Jul 30 18:43:02 2025,30-Jul-2025,214311,46 50.034100 N,062 50.199700 W,2.1,245.1,A,DoorSpread,DoorMaster,8.490000,D,S,61921.000000
Wed Jul 30 18:43:02 2025,30-Jul-2025,214312,46 50.033900 N,062 50.200600 W,2.1,245.1,A,DoorSpread,DoorMaster,8.490000,D,S,61921.000000
Wed Jul 30 18:43:02 2025,30-Jul-2025,214313,46 50.033600 N,062 50.201400 W,2.1,245.1,A,DoorSpread,DoorMaster,8.490000,D,S,61921.000000
Wed Jul 30 18:43:12 2025,30-Jul-2025,214314,46 50.033300 N,062 50.202100 W,2.1,245.2,A,DoorSpread,DoorMaster,0.780000,D,S,48218.000000
Wed Jul 30 18:43:12 2025,30-Jul-2025,214315,46 50.033200 N,062 50.202900 W,2.1,245.2,A,DoorSpread,DoorMaster,0.780000,D,S,48218.000000
Wed Jul 30 18:43:12 2025,30-Jul-2025,214316,46 50.033000 N,062 50.203700 W,2.1,245.1,A,DoorSpread,DoorMaster,0.780000,D,S,48218.000000
Wed Jul 30 18:43:12 2025,30-Jul-2025,214317,46 50.032800 N,062 50.204400 W,2.1,245.0,A,DoorSpread,DoorMaster,0.780000,D,S,48218.000000
Wed Jul 30 18:43:12 2025,30-Jul-2025,214318,46 50.032700 N,062 50.205200 W,2.1,245.0,A,DoorSpread,DoorMaster,0.780000,D,S,48218.000000
Wed Jul 30 18:43:12 2025,30-Jul-2025,214319,46 50.032600 N,062 50.205900 W,2.1,245.1,A,DoorSpread,DoorMaster,0.780000,D,S,48218.000000
Wed Jul 30 18:43:12 2025,30-Jul-2025,214320,46 50.032500 N,062 50.206600 W,2.2,245.2,A,DoorSpread,DoorMaster,0.780000,D,S,48218.000000
Wed Jul 30 18:43:12 2025,30-Jul-2025,214321,46 50.032300 N,062 50.207400 W,2.2,245.2,A,DoorSpread,DoorMaster,0.780000,D,S,48218.000000
Wed Jul 30 18:43:12 2025,30-Jul-2025,214322,46 50.032100 N,062 50.208200 W,2.2,245.2,A,DoorSpread,DoorMaster,0.780000,D,S,48218.000000
Wed Jul 30 18:43:12 2025,30-Jul-2025,214323,46 50.031900 N,062 50.209100 W,2.2,245.2,A,DoorSpread,DoorMaster,0.780000,D,S,48218.000000
Wed Jul 30 18:43:12 2025,30-Jul-2025,214324,46 50.031600 N,062 50.209900 W,2.2,245.2,A,DoorSpread,DoorMaster,0.780000,D,S,48218.000000
Wed Jul 30 18:43:23 2025,30-Jul-2025,214325,46 50.031400 N,062 50.210800 W,2.2,245.1,A,DoorSpread,DoorMaster,17.010000,D,P,31516.000000
Wed Jul 30 18:43:23 2025,30-Jul-2025,214326,46 50.031200 N,062 50.211600 W,2.2,245.1,A,DoorSpread,DoorMaster,16.980000,D,S,55095.000000
Wed Jul 30 18:43:23 2025,30-Jul-2025,214327,46 50.031100 N,062 50.212600 W,2.2,245.1,A,DoorSpread,DoorMaster,16.980000,D,S,55095.000000
Wed Jul 30 18:43:23 2025,30-Jul-2025,214328,46 50.031000 N,062 50.213500 W,2.2,245.1,A,DoorSpread,DoorMaster,16.980000,D,S,55095.000000
Wed Jul 30 18:43:23 2025,30-Jul-2025,214329,46 50.030700 N,062 50.214400 W,2.2,245.1,A,DoorSpread,DoorMaster,16.980000,D,S,55095.000000
Wed Jul 30 18:43:23 2025,30-Jul-2025,214330,46 50.030500 N,062 50.215300 W,2.3,245.1,A,DoorSpread,DoorMaster,16.980000,D,S,55095.000000
Wed Jul 30 18:43:23 2025,30-Jul-2025,214331,46 50.030200 N,062 50.216200 W,2.3,245.1,A,DoorSpread,DoorMaster,16.980000,D,S,55095.000000
Wed Jul 30 18:43:30 2025,30-Jul-2025,214332,46 50.030000 N,062 50.217200 W,2.3,245.1,A,DoorSpread,DoorMaster,26.175000,D,P,31169.000000
Wed Jul 30 18:43:30 2025,30-Jul-2025,214333,46 50.029700 N,062 50.218100 W,2.3,245.1,A,DoorSpread,DoorMaster,26.175000,D,P,31169.000000
Wed Jul 30 18:43:30 2025,30-Jul-2025,214334,46 50.029500 N,062 50.219100 W,2.3,245.2,A,DoorSpread,DoorMaster,26.175000,D,P,31169.000000
Wed Jul 30 18:43:30 2025,30-Jul-2025,214335,46 50.029300 N,062 50.220000 W,2.3,245.1,A,DoorSpread,DoorMaster,26.175000,D,P,31169.000000
Wed Jul 30 18:43:30 2025,30-Jul-2025,214336,46 50.029000 N,062 50.220900 W,2.3,245.1,A,DoorSpread,DoorMaster,26.175000,D,P,31169.000000
Wed Jul 30 18:43:30 2025,30-Jul-2025,214337,46 50.028800 N,062 50.221800 W,2.3,245.1,A,DoorSpread,DoorMaster,26.175000,D,P,31169.000000
Wed Jul 30 18:43:35 2025,30-Jul-2025,214338,46 50.028500 N,062 50.222500 W,2.3,245.0,A,DoorSpread,DoorMaster,2.245000,D,S,94694.000000
Wed Jul 30 18:43:35 2025,30-Jul-2025,214339,46 50.028200 N,062 50.223300 W,2.3,245.0,A,DoorSpread,DoorMaster,2.245000,D,S,94694.000000
Wed Jul 30 18:43:35 2025,30-Jul-2025,214340,46 50.027900 N,062 50.224200 W,2.3,245.1,A,DoorSpread,DoorMaster,2.245000,D,S,94694.000000
Wed Jul 30 18:43:35 2025,30-Jul-2025,214341,46 50.027600 N,062 50.225000 W,2.3,245.2,A,DoorSpread,DoorMaster,2.245000,D,S,94694.000000
Wed Jul 30 18:43:35 2025,30-Jul-2025,214342,46 50.027400 N,062 50.225900 W,2.3,245.3,A,DoorSpread,DoorMaster,2.245000,D,S,94694.000000
Wed Jul 30 18:43:35 2025,30-Jul-2025,214343,46 50.027100 N,062 50.226800 W,2.3,245.3,A,DoorSpread,DoorMaster,2.245000,D,S,94694.000000
Wed Jul 30 18:43:42 2025,30-Jul-2025,214344,46 50.026900 N,062 50.227600 W,2.3,245.3,A,DoorSpread,DoorMaster,24.010000,D,S,63122.000000
Wed Jul 30 18:43:42 2025,30-Jul-2025,214345,46 50.026700 N,062 50.228400 W,2.3,245.1,A,DoorSpread,DoorMaster,24.010000,D,S,63122.000000
Wed Jul 30 18:43:42 2025,30-Jul-2025,214346,46 50.026600 N,062 50.229300 W,2.3,245.1,A,DoorSpread,DoorMaster,24.010000,D,S,63122.000000
Wed Jul 30 18:43:42 2025,30-Jul-2025,214347,46 50.026400 N,062 50.230200 W,2.3,245.1,A,DoorSpread,DoorMaster,24.010000,D,S,63122.000000
Wed Jul 30 18:43:42 2025,30-Jul-2025,214348,46 50.026200 N,062 50.231000 W,2.3,245.3,A,DoorSpread,DoorMaster,24.010000,D,S,63122.000000
Wed Jul 30 18:43:42 2025,30-Jul-2025,214349,46 50.026000 N,062 50.231900 W,2.3,245.4,A,DoorSpread,DoorMaster,24.010000,D,S,63122.000000
Wed Jul 30 18:43:48 2025,30-Jul-2025,214350,46 50.025700 N,062 50.232900 W,2.2,245.6,A,DoorSpread,DoorMaster,7.785000,D,S,62606.000000
Wed Jul 30 18:43:48 2025,30-Jul-2025,214351,46 50.025500 N,062 50.233700 W,2.2,245.7,A,DoorSpread,DoorMaster,7.785000,D,S,62606.000000
Wed Jul 30 18:43:48 2025,30-Jul-2025,214352,46 50.025200 N,062 50.234500 W,2.2,245.8,A,DoorSpread,DoorMaster,7.785000,D,S,62606.000000
Wed Jul 30 18:43:48 2025,30-Jul-2025,214353,46 50.024900 N,062 50.235300 W,2.2,245.9,A,DoorSpread,DoorMaster,7.785000,D,S,62606.000000
Wed Jul 30 18:43:48 2025,30-Jul-2025,214354,46 50.024600 N,062 50.236000 W,2.2,246.0,A,DoorSpread,DoorMaster,7.785000,D,S,62606.000000
Wed Jul 30 18:43:53 2025,30-Jul-2025,214355,46 50.024200 N,062 50.236700 W,2.2,246.1,A,DoorSpread,DoorMaster,0.000000,D,S,44084.000000
Wed Jul 30 18:43:53 2025,30-Jul-2025,214356,46 50.023900 N,062 50.237500 W,2.2,246.2,A,DoorSpread,DoorMaster,0.000000,D,S,44084.000000
Wed Jul 30 18:43:53 2025,30-Jul-2025,214357,46 50.023500 N,062 50.238200 W,2.2,246.0,A,DoorSpread,DoorMaster,0.000000,D,S,44084.000000
Wed Jul 30 18:43:53 2025,30-Jul-2025,214358,46 50.023100 N,062 50.239000 W,2.2,245.8,A,DoorSpread,DoorMaster,0.000000,D,S,44084.000000
Wed Jul 30 18:43:53 2025,30-Jul-2025,214359,46 50.022800 N,062 50.239700 W,2.2,245.8,A,DoorSpread,DoorMaster,0.000000,D,S,44084.000000
Wed Jul 30 18:43:53 2025,30-Jul-2025,214400,46 50.022500 N,062 50.240600 W,2.2,245.7,A,DoorSpread,DoorMaster,0.000000,D,S,44084.000000
Wed Jul 30 18:43:59 2025,30-Jul-2025,214401,46 50.022200 N,062 50.241400 W,2.1,245.6,A,DoorSpread,DoorMaster,7.650000,D,P,27871.000000
Wed Jul 30 18:43:59 2025,30-Jul-2025,214402,46 50.022000 N,062 50.242300 W,2.1,245.6,A,DoorSpread,DoorMaster,7.650000,D,P,27871.000000
Wed Jul 30 18:43:59 2025,30-Jul-2025,214403,46 50.021700 N,062 50.243100 W,2.1,245.6,A,DoorSpread,DoorMaster,7.650000,D,P,27871.000000
Wed Jul 30 18:43:59 2025,30-Jul-2025,214404,46 50.021300 N,062 50.244000 W,2.1,245.8,A,DoorSpread,DoorMaster,7.650000,D,P,27871.000000
Wed Jul 30 18:43:59 2025,30-Jul-2025,214405,46 50.021000 N,062 50.244800 W,2.1,245.8,A,DoorSpread,DoorMaster,7.650000,D,P,27871.000000
Wed Jul 30 18:43:59 2025,30-Jul-2025,214406,46 50.020800 N,062 50.245500 W,2.1,246.0,A,DoorSpread,DoorMaster,7.650000,D,P,27871.000000
Wed Jul 30 18:44:04 2025,30-Jul-2025,214407,46 50.020600 N,062 50.246200 W,2.1,246.1,A,DoorSpread,DoorMaster,7.790000,D,P,58211.000000
Wed Jul 30 18:44:04 2025,30-Jul-2025,214408,46 50.020400 N,062 50.246900 W,2.1,246.2,A,DoorSpread,DoorMaster,7.790000,D,P,58211.000000
Wed Jul 30 18:44:04 2025,30-Jul-2025,214409,46 50.020100 N,062 50.247700 W,2.1,246.2,A,DoorSpread,DoorMaster,7.790000,D,P,58211.000000
Wed Jul 30 18:44:04 2025,30-Jul-2025,214410,46 50.019700 N,062 50.248300 W,2.1,246.4,A,DoorSpread,DoorMaster,7.790000,D,P,58211.000000
Wed Jul 30 18:44:04 2025,30-Jul-2025,214411,46 50.019500 N,062 50.249000 W,2.1,246.6,A,DoorSpread,DoorMaster,7.790000,D,P,58211.000000
Wed Jul 30 18:44:10 2025,30-Jul-2025,214412,46 50.019100 N,062 50.249800 W,2.1,246.9,A,DoorSpread,DoorMaster,10.820000,D,S,87542.000000
Wed Jul 30 18:44:10 2025,30-Jul-2025,214413,46 50.018800 N,062 50.250500 W,2.0,247.0,A,DoorSpread,DoorMaster,10.820000,D,S,87542.000000
Wed Jul 30 18:44:10 2025,30-Jul-2025,214414,46 50.018500 N,062 50.251200 W,2.0,247.0,A,DoorSpread,DoorMaster,10.820000,D,S,87542.000000
Wed Jul 30 18:44:10 2025,30-Jul-2025,214415,46 50.018300 N,062 50.251900 W,2.0,247.1,A,DoorSpread,DoorMaster,10.820000,D,S,87542.000000
Wed Jul 30 18:44:10 2025,30-Jul-2025,214416,46 50.018000 N,062 50.252700 W,2.0,247.1,A,DoorSpread,DoorMaster,10.820000,D,S,87542.000000
Wed Jul 30 18:44:10 2025,30-Jul-2025,214417,46 50.017800 N,062 50.253400 W,2.0,246.9,A,DoorSpread,DoorMaster,10.820000,D,S,87542.000000
Wed Jul 30 18:44:10 2025,30-Jul-2025,214418,46 50.017500 N,062 50.254200 W,2.0,246.8,A,DoorSpread,DoorMaster,10.820000,D,S,87542.000000
Wed Jul 30 18:44:10 2025,30-Jul-2025,214419,46 50.017300 N,062 50.255000 W,2.0,246.7,A,DoorSpread,DoorMaster,10.820000,D,S,87542.000000
Wed Jul 30 18:44:10 2025,30-Jul-2025,214420,46 50.017200 N,062 50.255800 W,2.0,246.6,A,DoorSpread,DoorMaster,10.820000,D,S,87542.000000
Wed Jul 30 18:44:10 2025,30-Jul-2025,214421,46 50.017000 N,062 50.256600 W,2.0,246.5,A,DoorSpread,DoorMaster,10.820000,D,S,87542.000000
Wed Jul 30 18:44:10 2025,30-Jul-2025,214422,46 50.016800 N,062 50.257400 W,2.0,246.5,A,DoorSpread,DoorMaster,10.820000,D,S,87542.000000
Wed Jul 30 18:44:21 2025,30-Jul-2025,214423,46 50.016600 N,062 50.258200 W,2.0,246.5,A,DoorSpread,DoorMaster,8.850000,D,P,38519.000000
Wed Jul 30 18:44:21 2025,30-Jul-2025,214424,46 50.016500 N,062 50.258900 W,2.0,246.5,A,DoorSpread,DoorMaster,8.850000,D,P,38519.000000
Wed Jul 30 18:44:21 2025,30-Jul-2025,214425,46 50.016300 N,062 50.259600 W,2.0,246.6,A,DoorSpread,DoorMaster,8.850000,D,P,38519.000000
Wed Jul 30 18:44:21 2025,30-Jul-2025,214426,46 50.016100 N,062 50.260400 W,2.0,246.7,A,DoorSpread,DoorMaster,8.850000,D,P,38519.000000
Wed Jul 30 18:44:21 2025,30-Jul-2025,214427,46 50.015900 N,062 50.261100 W,2.0,246.6,A,DoorSpread,DoorMaster,8.850000,D,P,38519.000000
Wed Jul 30 18:44:21 2025,30-Jul-2025,214428,46 50.015700 N,062 50.261700 W,2.0,246.6,A,DoorSpread,DoorMaster,8.850000,D,P,38519.000000
Wed Jul 30 18:44:27 2025,30-Jul-2025,214429,46 50.015500 N,062 50.262400 W,2.0,246.6,A,DoorSpread,DoorMaster,7.720000,D,S,45200.000000
Wed Jul 30 18:44:27 2025,30-Jul-2025,214430,46 50.015400 N,062 50.263000 W,2.0,246.6,A,DoorSpread,DoorMaster,7.720000,D,S,45200.000000
Wed Jul 30 18:44:27 2025,30-Jul-2025,214431,46 50.015200 N,062 50.263600 W,1.9,246.5,A,DoorSpread,DoorMaster,7.720000,D,S,45200.000000
Wed Jul 30 18:44:27 2025,30-Jul-2025,214432,46 50.014900 N,062 50.264300 W,1.9,246.5,A,DoorSpread,DoorMaster,7.720000,D,S,45200.000000
Wed Jul 30 18:44:27 2025,30-Jul-2025,214433,46 50.014800 N,062 50.264900 W,1.9,246.5,A,DoorSpread,DoorMaster,7.720000,D,S,45200.000000
Wed Jul 30 18:44:27 2025,30-Jul-2025,214434,46 50.014600 N,062 50.265600 W,1.9,246.5,A,DoorSpread,DoorMaster,7.720000,D,S,45200.000000
Wed Jul 30 18:44:33 2025,30-Jul-2025,214435,46 50.014400 N,062 50.266200 W,1.9,246.5,A,DoorSpread,DoorMaster,8.550000,D,S,79583.000000
Wed Jul 30 18:44:33 2025,30-Jul-2025,214436,46 50.014300 N,062 50.266900 W,1.9,246.5,A,DoorSpread,DoorMaster,8.550000,D,S,79583.000000
Wed Jul 30 18:44:33 2025,30-Jul-2025,214437,46 50.014100 N,062 50.267600 W,1.9,246.5,A,DoorSpread,DoorMaster,8.550000,D,S,79583.000000
Wed Jul 30 18:44:33 2025,30-Jul-2025,214438,46 50.013900 N,062 50.268300 W,1.9,246.7,A,DoorSpread,DoorMaster,8.550000,D,S,79583.000000
Wed Jul 30 18:44:33 2025,30-Jul-2025,214439,46 50.013700 N,062 50.269000 W,1.9,246.7,A,DoorSpread,DoorMaster,8.550000,D,S,79583.000000
Wed Jul 30 18:44:33 2025,30-Jul-2025,214440,46 50.013400 N,062 50.269700 W,1.9,246.7,A,DoorSpread,DoorMaster,8.550000,D,S,79583.000000
Wed Jul 30 18:44:33 2025,30-Jul-2025,214441,46 50.013200 N,062 50.270400 W,1.9,246.8,A,DoorSpread,DoorMaster,8.550000,D,S,79583.000000
Wed Jul 30 18:44:33 2025,30-Jul-2025,214442,46 50.013000 N,062 50.271100 W,1.9,246.9,A,DoorSpread,DoorMaster,8.550000,D,S,79583.000000
Wed Jul 30 18:44:33 2025,30-Jul-2025,214443,46 50.012600 N,062 50.271700 W,2.0,247.0,A,DoorSpread,DoorMaster,8.550000,D,S,79583.000000
Wed Jul 30 18:44:33 2025,30-Jul-2025,214444,46 50.012300 N,062 50.272400 W,2.0,247.1,A,DoorSpread,DoorMaster,8.550000,D,S,79583.000000
Wed Jul 30 18:44:43 2025,30-Jul-2025,214445,46 50.012000 N,062 50.273100 W,2.0,247.2,A,DoorSpread,DoorMaster,7.240000,D,P,44984.000000
Wed Jul 30 18:44:43 2025,30-Jul-2025,214446,46 50.011800 N,062 50.273900 W,2.0,247.2,A,DoorSpread,DoorMaster,7.395000,D,S,84490.000000
Wed Jul 30 18:44:43 2025,30-Jul-2025,214447,46 50.011600 N,062 50.274600 W,2.0,247.2,A,DoorSpread,DoorMaster,7.395000,D,S,84490.000000
Wed Jul 30 18:44:43 2025,30-Jul-2025,214448,46 50.011400 N,062 50.275300 W,2.0,247.3,A,DoorSpread,DoorMaster,7.395000,D,S,84490.000000
Wed Jul 30 18:44:43 2025,30-Jul-2025,214449,46 50.011200 N,062 50.276100 W,2.0,247.3,A,DoorSpread,DoorMaster,7.395000,D,S,84490.000000
Wed Jul 30 18:44:43 2025,30-Jul-2025,214450,46 50.011000 N,062 50.276900 W,2.0,247.3,A,DoorSpread,DoorMaster,7.395000,D,S,84490.000000
Wed Jul 30 18:44:49 2025,30-Jul-2025,214451,46 50.010700 N,062 50.277600 W,2.1,247.3,A,DoorSpread,DoorMaster,8.930000,D,S,60910.000000
Wed Jul 30 18:44:49 2025,30-Jul-2025,214452,46 50.010500 N,062 50.278400 W,2.1,247.2,A,DoorSpread,DoorMaster,8.930000,D,S,60910.000000
Wed Jul 30 18:44:49 2025,30-Jul-2025,214453,46 50.010200 N,062 50.279200 W,2.1,247.2,A,DoorSpread,DoorMaster,8.930000,D,S,60910.000000
Wed Jul 30 18:44:49 2025,30-Jul-2025,214454,46 50.009900 N,062 50.280000 W,2.1,247.3,A,DoorSpread,DoorMaster,8.930000,D,S,60910.000000
Wed Jul 30 18:44:49 2025,30-Jul-2025,214455,46 50.009600 N,062 50.280800 W,2.1,247.4,A,DoorSpread,DoorMaster,8.930000,D,S,60910.000000
Wed Jul 30 18:44:49 2025,30-Jul-2025,214456,46 50.009300 N,062 50.281600 W,2.1,247.4,A,DoorSpread,DoorMaster,8.930000,D,S,60910.000000
Wed Jul 30 18:44:49 2025,30-Jul-2025,214457,46 50.009000 N,062 50.282600 W,2.2,247.3,A,DoorSpread,DoorMaster,8.930000,D,S,60910.000000
Wed Jul 30 18:44:56 2025,30-Jul-2025,214458,46 50.008700 N,062 50.283400 W,2.2,247.2,A,DoorSpread,DoorMaster,23.780000,D,P,41263.000000
Wed Jul 30 18:44:56 2025,30-Jul-2025,214459,46 50.008400 N,062 50.284200 W,2.2,247.3,A,DoorSpread,DoorMaster,23.780000,D,P,41263.000000
Wed Jul 30 18:44:56 2025,30-Jul-2025,214500,46 50.008200 N,062 50.285100 W,2.2,247.2,A,DoorSpread,DoorMaster,23.780000,D,P,41263.000000
Wed Jul 30 18:44:56 2025,30-Jul-2025,214501,46 50.007900 N,062 50.286000 W,2.2,247.1,A,DoorSpread,DoorMaster,23.780000,D,P,41263.000000
Wed Jul 30 18:44:56 2025,30-Jul-2025,214502,46 50.007600 N,062 50.286900 W,2.2,247.1,A,DoorSpread,DoorMaster,23.780000,D,P,41263.000000
Wed Jul 30 18:44:56 2025,30-Jul-2025,214503,46 50.007200 N,062 50.287800 W,2.2,247.1,A,DoorSpread,DoorMaster,23.780000,D,P,41263.000000
Wed Jul 30 18:45:01 2025,30-Jul-2025,214504,46 50.006900 N,062 50.288600 W,2.2,246.9,A,DoorSpread,DoorMaster,7.565000,D,P,51033.000000
Wed Jul 30 18:45:01 2025,30-Jul-2025,214505,46 50.006600 N,062 50.289500 W,2.3,246.6,A,DoorSpread,DoorMaster,7.565000,D,P,51033.000000
Wed Jul 30 18:45:01 2025,30-Jul-2025,214506,46 50.006300 N,062 50.290400 W,2.3,246.3,A,DoorSpread,DoorMaster,7.565000,D,P,51033.000000
Wed Jul 30 18:45:01 2025,30-Jul-2025,214507,46 50.006100 N,062 50.291300 W,2.3,246.0,A,DoorSpread,DoorMaster,7.565000,D,P,51033.000000
Wed Jul 30 18:45:01 2025,30-Jul-2025,214508,46 50.005800 N,062 50.292100 W,2.3,245.6,A,DoorSpread,DoorMaster,7.565000,D,P,51033.000000
Wed Jul 30 18:45:07 2025,30-Jul-2025,214509,46 50.005600 N,062 50.293100 W,2.3,245.2,A,DoorSpread,DoorMaster,9.270000,D,S,48795.000000
Wed Jul 30 18:45:07 2025,30-Jul-2025,214510,46 50.005300 N,062 50.294100 W,2.3,245.2,A,DoorSpread,DoorMaster,9.270000,D,S,48795.000000
Wed Jul 30 18:45:07 2025,30-Jul-2025,214511,46 50.005100 N,062 50.295100 W,2.3,245.2,A,DoorSpread,DoorMaster,9.270000,D,S,48795.000000
Wed Jul 30 18:45:07 2025,30-Jul-2025,214512,46 50.004800 N,062 50.296000 W,2.3,245.0,A,DoorSpread,DoorMaster,9.270000,D,S,48795.000000
Wed Jul 30 18:45:07 2025,30-Jul-2025,214513,46 50.004500 N,062 50.296900 W,2.3,245.0,A,DoorSpread,DoorMaster,9.270000,D,S,48795.000000
Wed Jul 30 18:45:07 2025,30-Jul-2025,214514,46 50.004200 N,062 50.297800 W,2.3,245.0,A,DoorSpread,DoorMaster,9.270000,D,S,48795.000000
Wed Jul 30 18:45:13 2025,30-Jul-2025,214515,46 50.004000 N,062 50.298700 W,2.3,245.1,A,DoorSpread,DoorMaster,2.290000,D,S,36711.000000
Wed Jul 30 18:45:13 2025,30-Jul-2025,214516,46 50.003700 N,062 50.299600 W,2.3,245.2,A,DoorSpread,DoorMaster,2.290000,D,S,36711.000000
Wed Jul 30 18:45:13 2025,30-Jul-2025,214517,46 50.003500 N,062 50.300500 W,2.3,245.3,A,DoorSpread,DoorMaster,2.290000,D,S,36711.000000
Wed Jul 30 18:45:13 2025,30-Jul-2025,214518,46 50.003300 N,062 50.301400 W,2.3,245.4,A,DoorSpread,DoorMaster,2.290000,D,S,36711.000000
Wed Jul 30 18:45:13 2025,30-Jul-2025,214519,46 50.003100 N,062 50.302200 W,2.3,245.6,A,DoorSpread,DoorMaster,2.290000,D,S,36711.000000
Wed Jul 30 18:45:13 2025,30-Jul-2025,214520,46 50.002900 N,062 50.303000 W,2.3,245.7,A,DoorSpread,DoorMaster,2.290000,D,S,36711.000000
Wed Jul 30 18:45:18 2025,30-Jul-2025,214521,46 50.002600 N,062 50.303800 W,2.3,245.8,A,DoorSpread,DoorMaster,7.695000,D,P,34663.000000
Wed Jul 30 18:45:18 2025,30-Jul-2025,214522,46 50.002400 N,062 50.304700 W,2.3,245.9,A,DoorSpread,DoorMaster,7.695000,D,P,34663.000000
Wed Jul 30 18:45:18 2025,30-Jul-2025,214523,46 50.002200 N,062 50.305700 W,2.3,246.1,A,DoorSpread,DoorMaster,7.695000,D,P,34663.000000
Wed Jul 30 18:45:18 2025,30-Jul-2025,214524,46 50.002000 N,062 50.306600 W,2.3,246.2,A,DoorSpread,DoorMaster,7.695000,D,P,34663.000000
Wed Jul 30 18:45:18 2025,30-Jul-2025,214525,46 50.001700 N,062 50.307500 W,2.3,246.4,A,DoorSpread,DoorMaster,7.695000,D,P,34663.000000
Wed Jul 30 18:45:18 2025,30-Jul-2025,214526,46 50.001300 N,062 50.308500 W,2.3,246.6,A,DoorSpread,DoorMaster,7.695000,D,P,34663.000000
Wed Jul 30 18:45:24 2025,30-Jul-2025,214527,46 50.000900 N,062 50.309400 W,2.3,246.6,A,DoorSpread,DoorMaster,15.965000,D,P,55273.000000
Wed Jul 30 18:45:24 2025,30-Jul-2025,214528,46 50.000600 N,062 50.310200 W,2.2,246.6,A,DoorSpread,DoorMaster,15.965000,D,P,55273.000000
Wed Jul 30 18:45:24 2025,30-Jul-2025,214529,46 50.000400 N,062 50.311200 W,2.2,246.8,A,DoorSpread,DoorMaster,15.965000,D,P,55273.000000
Wed Jul 30 18:45:24 2025,30-Jul-2025,214530,46 50.000100 N,062 50.312200 W,2.3,246.7,A,DoorSpread,DoorMaster,15.965000,D,P,55273.000000
Wed Jul 30 18:45:24 2025,30-Jul-2025,214531,46 49.999800 N,062 50.313100 W,2.4,246.6,A,DoorSpread,DoorMaster,15.965000,D,P,55273.000000
Wed Jul 30 18:45:24 2025,30-Jul-2025,214532,46 49.999500 N,062 50.314100 W,2.5,246.5,A,DoorSpread,DoorMaster,15.965000,D,P,55273.000000
Wed Jul 30 18:45:24 2025,30-Jul-2025,214533,46 49.999200 N,062 50.315200 W,2.6,246.5,A,DoorSpread,DoorMaster,15.965000,D,P,55273.000000
Wed Jul 30 18:45:24 2025,30-Jul-2025,214534,46 49.998900 N,062 50.316300 W,2.7,246.4,A,DoorSpread,DoorMaster,15.965000,D,P,55273.000000
Wed Jul 30 18:45:24 2025,30-Jul-2025,214535,46 49.998500 N,062 50.317500 W,2.8,246.2,A,DoorSpread,DoorMaster,15.965000,D,P,55273.000000
Wed Jul 30 18:45:24 2025,30-Jul-2025,214536,46 49.998000 N,062 50.318800 W,2.9,246.1,A,DoorSpread,DoorMaster,15.965000,D,P,55273.000000
Wed Jul 30 18:45:24 2025,30-Jul-2025,214537,46 49.997600 N,062 50.320100 W,3.0,245.9,A,DoorSpread,DoorMaster,15.965000,D,P,55273.000000
Wed Jul 30 18:45:24 2025,30-Jul-2025,214538,46 49.997200 N,062 50.321500 W,3.1,245.8,A,DoorSpread,DoorMaster,15.965000,D,P,55273.000000
Wed Jul 30 18:45:24 2025,30-Jul-2025,214539,46 49.996700 N,062 50.322900 W,3.2,245.7,A,DoorSpread,DoorMaster,15.965000,D,P,55273.000000
Wed Jul 30 18:45:24 2025,30-Jul-2025,214540,46 49.996200 N,062 50.324400 W,3.3,245.7,A,DoorSpread,DoorMaster,15.965000,D,P,55273.000000
Wed Jul 30 18:45:24 2025,30-Jul-2025,214541,46 49.995700 N,062 50.325800 W,3.3,245.6,A,DoorSpread,DoorMaster,15.965000,D,P,55273.000000
Wed Jul 30 18:45:40 2025,30-Jul-2025,214542,46 49.995300 N,062 50.327200 W,3.4,245.6,A,DoorSpread,DoorMaster,7.370000,D,S,173003.000000
Wed Jul 30 18:45:40 2025,30-Jul-2025,214543,46 49.994900 N,062 50.328600 W,3.5,245.4,A,DoorSpread,DoorMaster,7.370000,D,S,173003.000000
Wed Jul 30 18:45:40 2025,30-Jul-2025,214544,46 49.994400 N,062 50.329900 W,3.5,245.3,A,DoorSpread,DoorMaster,7.370000,D,S,173003.000000
Wed Jul 30 18:45:40 2025,30-Jul-2025,214545,46 49.994000 N,062 50.331300 W,3.5,245.2,A,DoorSpread,DoorMaster,7.370000,D,S,173003.000000
Wed Jul 30 18:45:40 2025,30-Jul-2025,214546,46 49.993600 N,062 50.332700 W,3.6,245.1,A,DoorSpread,DoorMaster,7.370000,D,S,173003.000000
Wed Jul 30 18:45:40 2025,30-Jul-2025,214547,46 49.993100 N,062 50.334200 W,3.6,245.0,A,DoorSpread,DoorMaster,7.370000,D,S,173003.000000
Wed Jul 30 18:45:46 2025,30-Jul-2025,214548,46 49.992700 N,062 50.335600 W,3.6,244.8,A,DoorSpread,DoorMaster,8.075000,D,P,195933.000000
Wed Jul 30 18:45:46 2025,30-Jul-2025,214549,46 49.992200 N,062 50.336900 W,3.6,244.7,A,DoorSpread,DoorMaster,8.075000,D,P,195933.000000
Wed Jul 30 18:45:46 2025,30-Jul-2025,214550,46 49.991700 N,062 50.338300 W,3.6,244.7,A,DoorSpread,DoorMaster,8.075000,D,P,195933.000000
Wed Jul 30 18:45:46 2025,30-Jul-2025,214551,46 49.991300 N,062 50.339600 W,3.6,244.6,A,DoorSpread,DoorMaster,8.075000,D,P,195933.000000
Wed Jul 30 18:45:46 2025,30-Jul-2025,214552,46 49.990900 N,062 50.340800 W,3.6,244.5,A,DoorSpread,DoorMaster,8.075000,D,P,195933.000000
Wed Jul 30 18:45:46 2025,30-Jul-2025,214553,46 49.990500 N,062 50.341900 W,3.6,244.5,A,DoorSpread,DoorMaster,8.075000,D,P,195933.000000
Wed Jul 30 18:45:52 2025,30-Jul-2025,214554,46 49.990100 N,062 50.343200 W,3.5,244.5,A,DoorSpread,DoorMaster,8.420000,D,S,257984.000000
Wed Jul 30 18:45:52 2025,30-Jul-2025,214555,46 49.989700 N,062 50.344400 W,3.5,244.5,A,DoorSpread,DoorMaster,8.420000,D,S,257984.000000
Wed Jul 30 18:45:52 2025,30-Jul-2025,214556,46 49.989300 N,062 50.345500 W,3.5,244.5,A,DoorSpread,DoorMaster,8.420000,D,S,257984.000000
Wed Jul 30 18:45:52 2025,30-Jul-2025,214557,46 49.989000 N,062 50.346600 W,3.4,244.5,A,DoorSpread,DoorMaster,8.420000,D,S,257984.000000
Wed Jul 30 18:45:52 2025,30-Jul-2025,214558,46 49.988500 N,062 50.347600 W,3.3,244.5,A,DoorSpread,DoorMaster,8.420000,D,S,257984.000000
Wed Jul 30 18:45:52 2025,30-Jul-2025,214559,46 49.988100 N,062 50.348700 W,3.3,244.4,A,DoorSpread,DoorMaster,8.420000,D,S,257984.000000
Wed Jul 30 18:45:57 2025,30-Jul-2025,214600,46 49.987800 N,062 50.349700 W,3.2,244.3,A,DoorSpread,DoorMaster,7.985000,D,S,85655.000000
Wed Jul 30 18:45:57 2025,30-Jul-2025,214601,46 49.987400 N,062 50.350600 W,3.1,244.2,A,DoorSpread,DoorMaster,7.985000,D,S,85655.000000
Wed Jul 30 18:45:57 2025,30-Jul-2025,214602,46 49.987100 N,062 50.351500 W,3.0,244.0,A,DoorSpread,DoorMaster,7.985000,D,S,85655.000000
Wed Jul 30 18:45:57 2025,30-Jul-2025,214603,46 49.986800 N,062 50.352300 W,3.0,243.8,A,DoorSpread,DoorMaster,7.985000,D,S,85655.000000
Wed Jul 30 18:45:57 2025,30-Jul-2025,214604,46 49.986400 N,062 50.353100 W,2.9,243.7,A,DoorSpread,DoorMaster,7.985000,D,S,85655.000000
Wed Jul 30 18:46:03 2025,30-Jul-2025,214605,46 49.986000 N,062 50.353900 W,2.9,243.5,A,DoorSpread,DoorMaster,7.455000,D,S,104863.000000
Wed Jul 30 18:46:03 2025,30-Jul-2025,214606,46 49.985700 N,062 50.354700 W,2.8,243.3,A,DoorSpread,DoorMaster,7.455000,D,S,104863.000000
Wed Jul 30 18:46:03 2025,30-Jul-2025,214607,46 49.985500 N,062 50.355500 W,2.7,243.2,A,DoorSpread,DoorMaster,7.455000,D,S,104863.000000
Wed Jul 30 18:46:03 2025,30-Jul-2025,214608,46 49.985200 N,062 50.356400 W,2.7,243.1,A,DoorSpread,DoorMaster,7.455000,D,S,104863.000000
Wed Jul 30 18:46:03 2025,30-Jul-2025,214609,46 49.985000 N,062 50.357200 W,2.6,243.1,A,DoorSpread,DoorMaster,7.455000,D,S,104863.000000
Wed Jul 30 18:46:03 2025,30-Jul-2025,214610,46 49.984600 N,062 50.357900 W,2.6,243.0,A,DoorSpread,DoorMaster,7.455000,D,S,104863.000000
Wed Jul 30 18:46:09 2025,30-Jul-2025,214611,46 49.984300 N,062 50.358600 W,2.6,243.0,A,DoorSpread,DoorMaster,7.165000,D,S,68343.000000
Wed Jul 30 18:46:09 2025,30-Jul-2025,214612,46 49.983900 N,062 50.359400 W,2.5,243.1,A,DoorSpread,DoorMaster,7.165000,D,S,68343.000000
Wed Jul 30 18:46:09 2025,30-Jul-2025,214613,46 49.983600 N,062 50.360300 W,2.5,243.2,A,DoorSpread,DoorMaster,7.165000,D,S,68343.000000
Wed Jul 30 18:46:09 2025,30-Jul-2025,214614,46 49.983200 N,062 50.361000 W,2.4,243.4,A,DoorSpread,DoorMaster,7.165000,D,S,68343.000000
Wed Jul 30 18:46:09 2025,30-Jul-2025,214615,46 49.982900 N,062 50.361800 W,2.4,243.5,A,DoorSpread,DoorMaster,7.165000,D,S,68343.000000
Wed Jul 30 18:46:14 2025,30-Jul-2025,214616,46 49.982600 N,062 50.362700 W,2.4,243.6,A,DoorSpread,DoorMaster,6.675000,D,S,89090.000000
Wed Jul 30 18:46:14 2025,30-Jul-2025,214617,46 49.982200 N,062 50.363600 W,2.4,243.8,A,DoorSpread,DoorMaster,6.675000,D,S,89090.000000
Wed Jul 30 18:46:14 2025,30-Jul-2025,214618,46 49.982000 N,062 50.364400 W,2.3,244.0,A,DoorSpread,DoorMaster,6.675000,D,S,89090.000000
Wed Jul 30 18:46:14 2025,30-Jul-2025,214619,46 49.981700 N,062 50.365100 W,2.3,244.1,A,DoorSpread,DoorMaster,6.675000,D,S,89090.000000
Wed Jul 30 18:46:14 2025,30-Jul-2025,214620,46 49.981600 N,062 50.365900 W,2.3,244.3,A,DoorSpread,DoorMaster,6.675000,D,S,89090.000000
Wed Jul 30 18:46:14 2025,30-Jul-2025,214621,46 49.981300 N,062 50.366600 W,2.2,244.4,A,DoorSpread,DoorMaster,6.675000,D,S,89090.000000
Wed Jul 30 18:46:20 2025,30-Jul-2025,214622,46 49.981200 N,062 50.367300 W,2.2,244.5,A,DoorSpread,DoorMaster,8.880000,D,S,98455.000000
Wed Jul 30 18:46:20 2025,30-Jul-2025,214623,46 49.981000 N,062 50.368000 W,2.2,244.6,A,DoorSpread,DoorMaster,8.880000,D,S,98455.000000
Wed Jul 30 18:46:20 2025,30-Jul-2025,214624,46 49.980800 N,062 50.368800 W,2.2,244.8,A,DoorSpread,DoorMaster,8.880000,D,S,98455.000000
Wed Jul 30 18:46:20 2025,30-Jul-2025,214625,46 49.980600 N,062 50.369700 W,2.2,245.0,A,DoorSpread,DoorMaster,8.880000,D,S,98455.000000
Wed Jul 30 18:46:20 2025,30-Jul-2025,214626,46 49.980400 N,062 50.370500 W,2.2,245.2,A,DoorSpread,DoorMaster,8.880000,D,S,98455.000000
Wed Jul 30 18:46:20 2025,30-Jul-2025,214627,46 49.980200 N,062 50.371400 W,2.2,245.3,A,DoorSpread,DoorMaster,8.880000,D,S,98455.000000
Wed Jul 30 18:46:26 2025,30-Jul-2025,214628,46 49.979900 N,062 50.372300 W,2.1,245.3,A,DoorSpread,DoorMaster,7.875000,D,S,118343.000000
Wed Jul 30 18:46:26 2025,30-Jul-2025,214629,46 49.979600 N,062 50.373200 W,2.1,245.2,A,DoorSpread,DoorMaster,7.875000,D,S,118343.000000
Wed Jul 30 18:46:26 2025,30-Jul-2025,214630,46 49.979300 N,062 50.374100 W,2.1,245.6,A,DoorSpread,DoorMaster,7.875000,D,S,118343.000000
Wed Jul 30 18:46:26 2025,30-Jul-2025,214631,46 49.979100 N,062 50.375000 W,2.1,246.1,A,DoorSpread,DoorMaster,7.875000,D,S,118343.000000
Wed Jul 30 18:46:26 2025,30-Jul-2025,214632,46 49.978800 N,062 50.375900 W,2.1,246.6,A,DoorSpread,DoorMaster,7.875000,D,S,118343.000000
Wed Jul 30 18:46:31 2025,30-Jul-2025,214633,46 49.978600 N,062 50.376800 W,2.1,247.0,A,DoorSpread,DoorMaster,6.400000,D,S,92162.000000
Wed Jul 30 18:46:31 2025,30-Jul-2025,214634,46 49.978300 N,062 50.377700 W,2.1,247.3,A,DoorSpread,DoorMaster,6.400000,D,S,92162.000000
Wed Jul 30 18:46:31 2025,30-Jul-2025,214635,46 49.978000 N,062 50.378500 W,2.1,247.5,A,DoorSpread,DoorMaster,6.400000,D,S,92162.000000
Wed Jul 30 18:46:31 2025,30-Jul-2025,214636,46 49.977700 N,062 50.379200 W,2.1,247.5,A,DoorSpread,DoorMaster,6.400000,D,S,92162.000000
Wed Jul 30 18:46:31 2025,30-Jul-2025,214637,46 49.977400 N,062 50.380000 W,2.1,247.4,A,DoorSpread,DoorMaster,6.400000,D,S,92162.000000
Wed Jul 30 18:46:31 2025,30-Jul-2025,214638,46 49.977200 N,062 50.380900 W,2.1,247.7,A,DoorSpread,DoorMaster,6.400000,D,S,92162.000000
Wed Jul 30 18:46:37 2025,30-Jul-2025,214639,46 49.977000 N,062 50.381700 W,2.1,248.0,A,DoorSpread,DoorMaster,6.575000,D,S,61690.000000
Wed Jul 30 18:46:37 2025,30-Jul-2025,214640,46 49.976700 N,062 50.382600 W,2.1,248.3,A,DoorSpread,DoorMaster,6.575000,D,S,61690.000000
Wed Jul 30 18:46:37 2025,30-Jul-2025,214641,46 49.976500 N,062 50.383400 W,2.1,248.5,A,DoorSpread,DoorMaster,6.575000,D,S,61690.000000
Wed Jul 30 18:46:37 2025,30-Jul-2025,214642,46 49.976200 N,062 50.384200 W,2.1,248.5,A,DoorSpread,DoorMaster,6.575000,D,S,61690.000000
Wed Jul 30 18:46:37 2025,30-Jul-2025,214643,46 49.976000 N,062 50.384900 W,2.1,248.5,A,DoorSpread,DoorMaster,6.575000,D,S,61690.000000
Wed Jul 30 18:46:37 2025,30-Jul-2025,214644,46 49.975800 N,062 50.385600 W,2.1,248.4,A,DoorSpread,DoorMaster,6.575000,D,S,61690.000000
Wed Jul 30 18:46:43 2025,30-Jul-2025,214645,46 49.975500 N,062 50.386200 W,2.1,248.2,A,DoorSpread,DoorMaster,6.350000,D,S,59405.000000
Wed Jul 30 18:46:43 2025,30-Jul-2025,214646,46 49.975300 N,062 50.386900 W,2.1,248.0,A,DoorSpread,DoorMaster,6.350000,D,S,59405.000000
Wed Jul 30 18:46:43 2025,30-Jul-2025,214647,46 49.975000 N,062 50.387700 W,2.1,247.9,A,DoorSpread,DoorMaster,6.350000,D,S,59405.000000
Wed Jul 30 18:46:43 2025,30-Jul-2025,214648,46 49.974800 N,062 50.388500 W,2.1,247.7,A,DoorSpread,DoorMaster,6.350000,D,S,59405.000000
Wed Jul 30 18:46:43 2025,30-Jul-2025,214649,46 49.974500 N,062 50.389300 W,2.1,247.7,A,DoorSpread,DoorMaster,6.350000,D,S,59405.000000
Wed Jul 30 18:46:48 2025,30-Jul-2025,214650,46 49.974300 N,062 50.390100 W,2.1,247.7,A,DoorSpread,DoorMaster,6.225000,D,S,105237.000000
Wed Jul 30 18:46:48 2025,30-Jul-2025,214651,46 49.974000 N,062 50.390800 W,2.1,247.5,A,DoorSpread,DoorMaster,6.225000,D,S,105237.000000
Wed Jul 30 18:46:48 2025,30-Jul-2025,214652,46 49.973800 N,062 50.391400 W,2.1,247.3,A,DoorSpread,DoorMaster,6.225000,D,S,105237.000000
Wed Jul 30 18:46:48 2025,30-Jul-2025,214653,46 49.973600 N,062 50.392100 W,2.1,247.2,A,DoorSpread,DoorMaster,6.225000,D,S,105237.000000
Wed Jul 30 18:46:48 2025,30-Jul-2025,214654,46 49.973400 N,062 50.392700 W,2.1,247.1,A,DoorSpread,DoorMaster,6.225000,D,S,105237.000000
Wed Jul 30 18:46:48 2025,30-Jul-2025,214655,46 49.973200 N,062 50.393300 W,2.1,247.0,A,DoorSpread,DoorMaster,6.225000,D,S,105237.000000
Wed Jul 30 18:46:54 2025,30-Jul-2025,214656,46 49.972900 N,062 50.393900 W,2.1,246.8,A,DoorSpread,DoorMaster,6.400000,D,S,54393.000000
Wed Jul 30 18:46:54 2025,30-Jul-2025,214657,46 49.972600 N,062 50.394600 W,2.1,246.8,A,DoorSpread,DoorMaster,6.400000,D,S,54393.000000
Wed Jul 30 18:46:54 2025,30-Jul-2025,214658,46 49.972400 N,062 50.395400 W,2.1,246.7,A,DoorSpread,DoorMaster,6.400000,D,S,54393.000000
Wed Jul 30 18:46:54 2025,30-Jul-2025,214659,46 49.972200 N,062 50.396200 W,2.1,246.9,A,DoorSpread,DoorMaster,6.400000,D,S,54393.000000
Wed Jul 30 18:46:54 2025,30-Jul-2025,214700,46 49.971900 N,062 50.396900 W,2.1,247.0,A,DoorSpread,DoorMaster,6.400000,D,S,54393.000000
Wed Jul 30 18:46:54 2025,30-Jul-2025,214701,46 49.971500 N,062 50.397600 W,2.1,247.0,A,DoorSpread,DoorMaster,6.400000,D,S,54393.000000
Wed Jul 30 18:46:59 2025,30-Jul-2025,214702,46 49.971200 N,062 50.398300 W,2.1,247.0,A,DoorSpread,DoorMaster,6.055000,D,S,98728.000000
Wed Jul 30 18:46:59 2025,30-Jul-2025,214703,46 49.970900 N,062 50.399200 W,2.1,247.1,A,DoorSpread,DoorMaster,6.055000,D,S,98728.000000
Wed Jul 30 18:46:59 2025,30-Jul-2025,214704,46 49.970600 N,062 50.400100 W,2.1,246.9,A,DoorSpread,DoorMaster,6.055000,D,S,98728.000000
Wed Jul 30 18:46:59 2025,30-Jul-2025,214705,46 49.970300 N,062 50.400900 W,2.1,246.8,A,DoorSpread,DoorMaster,6.055000,D,S,98728.000000
Wed Jul 30 18:46:59 2025,30-Jul-2025,214706,46 49.970100 N,062 50.401800 W,2.1,246.9,A,DoorSpread,DoorMaster,6.055000,D,S,98728.000000
Wed Jul 30 18:47:05 2025,30-Jul-2025,214707,46 49.970000 N,062 50.402600 W,2.1,246.9,A,DoorSpread,DoorMaster,6.190000,D,S,157425.000000
Wed Jul 30 18:47:05 2025,30-Jul-2025,214708,46 49.969700 N,062 50.403400 W,2.1,246.8,A,DoorSpread,DoorMaster,6.190000,D,S,157425.000000
Wed Jul 30 18:47:05 2025,30-Jul-2025,214709,46 49.969500 N,062 50.404200 W,2.1,246.7,A,DoorSpread,DoorMaster,6.190000,D,S,157425.000000
Wed Jul 30 18:47:05 2025,30-Jul-2025,214710,46 49.969200 N,062 50.405000 W,2.1,246.6,A,DoorSpread,DoorMaster,6.190000,D,S,157425.000000
Wed Jul 30 18:47:05 2025,30-Jul-2025,214711,46 49.968900 N,062 50.405800 W,2.1,246.4,A,DoorSpread,DoorMaster,6.190000,D,S,157425.000000
Wed Jul 30 18:47:05 2025,30-Jul-2025,214712,46 49.968700 N,062 50.406600 W,2.1,246.5,A,DoorSpread,DoorMaster,6.190000,D,S,157425.000000
Wed Jul 30 18:47:10 2025,30-Jul-2025,214713,46 49.968500 N,062 50.407300 W,2.1,246.5,A,DoorSpread,DoorMaster,5.995000,D,S,70700.000000
Wed Jul 30 18:47:10 2025,30-Jul-2025,214714,46 49.968200 N,062 50.408100 W,2.1,246.4,A,DoorSpread,DoorMaster,5.995000,D,S,70700.000000
Wed Jul 30 18:47:10 2025,30-Jul-2025,214715,46 49.968000 N,062 50.408900 W,2.1,246.4,A,DoorSpread,DoorMaster,5.995000,D,S,70700.000000
Wed Jul 30 18:47:10 2025,30-Jul-2025,214716,46 49.967700 N,062 50.409800 W,2.1,246.6,A,DoorSpread,DoorMaster,5.995000,D,S,70700.000000
Wed Jul 30 18:47:10 2025,30-Jul-2025,214717,46 49.967500 N,062 50.410600 W,2.1,246.7,A,DoorSpread,DoorMaster,5.995000,D,S,70700.000000
Wed Jul 30 18:47:16 2025,30-Jul-2025,214718,46 49.967200 N,062 50.411400 W,2.1,246.9,A,DoorSpread,DoorMaster,5.890000,D,S,43192.000000
Wed Jul 30 18:47:16 2025,30-Jul-2025,214719,46 49.966900 N,062 50.412100 W,2.1,247.0,A,DoorSpread,DoorMaster,5.890000,D,S,43192.000000
Wed Jul 30 18:47:16 2025,30-Jul-2025,214720,46 49.966700 N,062 50.412900 W,2.1,247.2,A,DoorSpread,DoorMaster,5.890000,D,S,43192.000000
Wed Jul 30 18:47:16 2025,30-Jul-2025,214721,46 49.966500 N,062 50.413700 W,2.1,247.3,A,DoorSpread,DoorMaster,5.890000,D,S,43192.000000
Wed Jul 30 18:47:16 2025,30-Jul-2025,214722,46 49.966200 N,062 50.414600 W,2.1,247.6,A,DoorSpread,DoorMaster,5.890000,D,S,43192.000000
Wed Jul 30 18:47:16 2025,30-Jul-2025,214723,46 49.966000 N,062 50.415300 W,2.1,247.6,A,DoorSpread,DoorMaster,5.890000,D,S,43192.000000
Wed Jul 30 18:47:22 2025,30-Jul-2025,214724,46 49.965700 N,062 50.416200 W,2.1,247.5,A,DoorSpread,DoorMaster,5.850000,D,P,53745.000000
Wed Jul 30 18:47:22 2025,30-Jul-2025,214725,46 49.965500 N,062 50.416900 W,2.1,247.7,A,DoorSpread,DoorMaster,5.850000,D,P,53745.000000
Wed Jul 30 18:47:22 2025,30-Jul-2025,214726,46 49.965300 N,062 50.417800 W,2.1,247.8,A,DoorSpread,DoorMaster,5.850000,D,P,53745.000000
Wed Jul 30 18:47:22 2025,30-Jul-2025,214727,46 49.965000 N,062 50.418600 W,2.1,247.6,A,DoorSpread,DoorMaster,5.850000,D,P,53745.000000
Wed Jul 30 18:47:22 2025,30-Jul-2025,214728,46 49.964700 N,062 50.419400 W,2.1,247.6,A,DoorSpread,DoorMaster,5.850000,D,P,53745.000000
Wed Jul 30 18:47:27 2025,30-Jul-2025,214729,46 49.964500 N,062 50.420100 W,2.1,247.6,A,DoorSpread,DoorMaster,5.830000,D,S,60432.000000
Wed Jul 30 18:47:27 2025,30-Jul-2025,214730,46 49.964300 N,062 50.420800 W,2.1,247.5,A,DoorSpread,DoorMaster,5.830000,D,S,60432.000000
Wed Jul 30 18:47:27 2025,30-Jul-2025,214731,46 49.964000 N,062 50.421600 W,2.1,247.3,A,DoorSpread,DoorMaster,5.830000,D,S,60432.000000
Wed Jul 30 18:47:27 2025,30-Jul-2025,214732,46 49.963800 N,062 50.422300 W,2.1,247.2,A,DoorSpread,DoorMaster,5.830000,D,S,60432.000000
Wed Jul 30 18:47:27 2025,30-Jul-2025,214733,46 49.963600 N,062 50.423100 W,2.1,247.0,A,DoorSpread,DoorMaster,5.830000,D,S,60432.000000
Wed Jul 30 18:47:27 2025,30-Jul-2025,214734,46 49.963400 N,062 50.423800 W,2.1,247.0,A,DoorSpread,DoorMaster,5.830000,D,S,60432.000000
Wed Jul 30 18:47:33 2025,30-Jul-2025,214735,46 49.963100 N,062 50.424500 W,2.1,246.6,A,DoorSpread,DoorMaster,5.960000,D,S,67129.000000
Wed Jul 30 18:47:33 2025,30-Jul-2025,214736,46 49.962900 N,062 50.425200 W,2.1,246.6,A,DoorSpread,DoorMaster,5.960000,D,S,67129.000000
Wed Jul 30 18:47:33 2025,30-Jul-2025,214737,46 49.962800 N,062 50.425900 W,2.1,246.8,A,DoorSpread,DoorMaster,5.960000,D,S,67129.000000
Wed Jul 30 18:47:33 2025,30-Jul-2025,214738,46 49.962600 N,062 50.426700 W,2.1,246.9,A,DoorSpread,DoorMaster,5.960000,D,S,67129.000000
Wed Jul 30 18:47:33 2025,30-Jul-2025,214739,46 49.962300 N,062 50.427400 W,2.1,246.9,A,DoorSpread,DoorMaster,5.960000,D,S,67129.000000
Wed Jul 30 18:47:33 2025,30-Jul-2025,214740,46 49.962100 N,062 50.428100 W,2.1,247.0,A,DoorSpread,DoorMaster,5.960000,D,S,67129.000000
Wed Jul 30 18:47:38 2025,30-Jul-2025,214741,46 49.961900 N,062 50.428800 W,2.1,247.1,A,DoorSpread,DoorMaster,5.710000,D,P,62435.000000
Wed Jul 30 18:47:38 2025,30-Jul-2025,214742,46 49.961700 N,062 50.429600 W,2.1,247.2,A,DoorSpread,DoorMaster,5.710000,D,P,62435.000000
Wed Jul 30 18:47:38 2025,30-Jul-2025,214743,46 49.961500 N,062 50.430400 W,2.1,247.2,A,DoorSpread,DoorMaster,5.710000,D,P,62435.000000
Wed Jul 30 18:47:38 2025,30-Jul-2025,214744,46 49.961200 N,062 50.431100 W,2.1,247.4,A,DoorSpread,DoorMaster,5.710000,D,P,62435.000000
Wed Jul 30 18:47:38 2025,30-Jul-2025,214745,46 49.961000 N,062 50.431900 W,2.1,247.4,A,DoorSpread,DoorMaster,5.710000,D,P,62435.000000
Wed Jul 30 18:47:44 2025,30-Jul-2025,214746,46 49.960800 N,062 50.432700 W,2.1,247.3,A,DoorSpread,DoorMaster,5.750000,D,S,58738.000000
Wed Jul 30 18:47:44 2025,30-Jul-2025,214747,46 49.960600 N,062 50.433500 W,2.1,247.3,A,DoorSpread,DoorMaster,5.750000,D,S,58738.000000
Wed Jul 30 18:47:44 2025,30-Jul-2025,214748,46 49.960300 N,062 50.434200 W,2.1,247.0,A,DoorSpread,DoorMaster,5.750000,D,S,58738.000000
Wed Jul 30 18:47:44 2025,30-Jul-2025,214749,46 49.960000 N,062 50.435000 W,2.1,246.6,A,DoorSpread,DoorMaster,5.750000,D,S,58738.000000
Wed Jul 30 18:47:44 2025,30-Jul-2025,214750,46 49.959700 N,062 50.435700 W,2.1,246.0,A,DoorSpread,DoorMaster,5.750000,D,S,58738.000000
Wed Jul 30 18:47:44 2025,30-Jul-2025,214751,46 49.959400 N,062 50.436500 W,2.1,245.5,A,DoorSpread,DoorMaster,5.750000,D,S,58738.000000
Wed Jul 30 18:47:49 2025,30-Jul-2025,214752,46 49.959100 N,062 50.437300 W,2.1,245.0,A,DoorSpread,DoorMaster,5.365000,D,S,59689.000000
Wed Jul 30 18:47:49 2025,30-Jul-2025,214753,46 49.958700 N,062 50.438000 W,2.1,244.4,A,DoorSpread,DoorMaster,5.365000,D,S,59689.000000
Wed Jul 30 18:47:49 2025,30-Jul-2025,214754,46 49.958300 N,062 50.438800 W,2.1,244.0,A,DoorSpread,DoorMaster,5.365000,D,S,59689.000000
Wed Jul 30 18:47:49 2025,30-Jul-2025,214755,46 49.958000 N,062 50.439600 W,2.1,243.8,A,DoorSpread,DoorMaster,5.365000,D,S,59689.000000
Wed Jul 30 18:47:49 2025,30-Jul-2025,214756,46 49.957700 N,062 50.440400 W,2.1,243.7,A,DoorSpread,DoorMaster,5.365000,D,S,59689.000000
Wed Jul 30 18:47:55 2025,30-Jul-2025,214757,46 49.957300 N,062 50.441100 W,2.1,243.3,A,DoorSpread,DoorMaster,5.495000,D,S,55019.000000
Wed Jul 30 18:47:55 2025,30-Jul-2025,214758,46 49.957000 N,062 50.441900 W,2.1,243.1,A,DoorSpread,DoorMaster,5.495000,D,S,55019.000000
Wed Jul 30 18:47:55 2025,30-Jul-2025,214759,46 49.956600 N,062 50.442700 W,2.1,243.2,A,DoorSpread,DoorMaster,5.495000,D,S,55019.000000
Wed Jul 30 18:47:55 2025,30-Jul-2025,214800,46 49.956300 N,062 50.443600 W,2.1,243.3,A,DoorSpread,DoorMaster,5.495000,D,S,55019.000000
Wed Jul 30 18:47:55 2025,30-Jul-2025,214801,46 49.956000 N,062 50.444400 W,2.1,243.4,A,DoorSpread,DoorMaster,5.495000,D,S,55019.000000
Wed Jul 30 18:47:55 2025,30-Jul-2025,214802,46 49.955600 N,062 50.445200 W,2.1,243.4,A,DoorSpread,DoorMaster,5.495000,D,S,55019.000000
Wed Jul 30 18:48:00 2025,30-Jul-2025,214803,46 49.955200 N,062 50.446000 W,2.1,243.5,A,DoorSpread,DoorMaster,5.660000,D,S,39493.000000
Wed Jul 30 18:48:00 2025,30-Jul-2025,214804,46 49.954900 N,062 50.446900 W,2.1,243.6,A,DoorSpread,DoorMaster,5.660000,D,S,39493.000000
Wed Jul 30 18:48:00 2025,30-Jul-2025,214805,46 49.954500 N,062 50.447800 W,2.1,243.7,A,DoorSpread,DoorMaster,5.660000,D,S,39493.000000
Wed Jul 30 18:48:00 2025,30-Jul-2025,214806,46 49.954300 N,062 50.448600 W,2.1,244.0,A,DoorSpread,DoorMaster,5.660000,D,S,39493.000000
Wed Jul 30 18:48:00 2025,30-Jul-2025,214807,46 49.954000 N,062 50.449300 W,2.2,244.1,A,DoorSpread,DoorMaster,5.660000,D,S,39493.000000
Wed Jul 30 18:48:06 2025,30-Jul-2025,214808,46 49.953700 N,062 50.450000 W,2.2,244.3,A,DoorSpread,DoorMaster,4.965000,D,S,82397.000000
Wed Jul 30 18:48:06 2025,30-Jul-2025,214809,46 49.953400 N,062 50.450900 W,2.2,244.5,A,DoorSpread,DoorMaster,4.965000,D,S,82397.000000
Wed Jul 30 18:48:06 2025,30-Jul-2025,214810,46 49.952900 N,062 50.451700 W,2.2,244.3,A,DoorSpread,DoorMaster,4.965000,D,S,82397.000000
Wed Jul 30 18:48:06 2025,30-Jul-2025,214811,46 49.952500 N,062 50.452400 W,2.2,244.2,A,DoorSpread,DoorMaster,4.965000,D,S,82397.000000
Wed Jul 30 18:48:06 2025,30-Jul-2025,214812,46 49.952100 N,062 50.453200 W,2.2,244.1,A,DoorSpread,DoorMaster,4.965000,D,S,82397.000000
Wed Jul 30 18:48:06 2025,30-Jul-2025,214813,46 49.951700 N,062 50.454000 W,2.2,244.0,A,DoorSpread,DoorMaster,4.965000,D,S,82397.000000
Wed Jul 30 18:48:12 2025,30-Jul-2025,214814,46 49.951400 N,062 50.454700 W,2.2,244.0,A,DoorSpread,DoorMaster,4.660000,D,S,80190.000000
Wed Jul 30 18:48:12 2025,30-Jul-2025,214815,46 49.951100 N,062 50.455600 W,2.2,244.1,A,DoorSpread,DoorMaster,4.660000,D,S,80190.000000
Wed Jul 30 18:48:12 2025,30-Jul-2025,214816,46 49.950800 N,062 50.456400 W,2.2,244.1,A,DoorSpread,DoorMaster,4.660000,D,S,80190.000000
Wed Jul 30 18:48:12 2025,30-Jul-2025,214817,46 49.950500 N,062 50.457100 W,2.2,244.1,A,DoorSpread,DoorMaster,4.660000,D,S,80190.000000
Wed Jul 30 18:48:12 2025,30-Jul-2025,214818,46 49.950300 N,062 50.457800 W,2.2,244.0,A,DoorSpread,DoorMaster,4.660000,D,S,80190.000000
Wed Jul 30 18:48:17 2025,30-Jul-2025,214819,46 49.950100 N,062 50.458600 W,2.2,244.0,A,DoorSpread,DoorMaster,4.440000,D,S,43358.000000
Wed Jul 30 18:48:17 2025,30-Jul-2025,214820,46 49.949800 N,062 50.459400 W,2.3,243.8,A,DoorSpread,DoorMaster,4.440000,D,S,43358.000000
Wed Jul 30 18:48:17 2025,30-Jul-2025,214821,46 49.949600 N,062 50.460300 W,2.3,243.8,A,DoorSpread,DoorMaster,4.440000,D,S,43358.000000
Wed Jul 30 18:48:17 2025,30-Jul-2025,214822,46 49.949400 N,062 50.461200 W,2.3,244.0,A,DoorSpread,DoorMaster,4.440000,D,S,43358.000000
Wed Jul 30 18:48:17 2025,30-Jul-2025,214823,46 49.949200 N,062 50.462100 W,2.3,244.1,A,DoorSpread,DoorMaster,4.440000,D,S,43358.000000
Wed Jul 30 18:48:17 2025,30-Jul-2025,214824,46 49.948900 N,062 50.462800 W,2.3,244.2,A,DoorSpread,DoorMaster,4.440000,D,S,43358.000000
Wed Jul 30 18:48:22 2025,30-Jul-2025,214825,46 49.948800 N,062 50.463500 W,2.3,244.7,A,DoorSpread,DoorMaster,4.600000,D,S,89444.000000
Wed Jul 30 18:48:22 2025,30-Jul-2025,214826,46 49.948600 N,062 50.464200 W,2.3,244.8,A,DoorSpread,DoorMaster,4.600000,D,S,89444.000000
Wed Jul 30 18:48:22 2025,30-Jul-2025,214827,46 49.948300 N,062 50.464900 W,2.3,244.9,A,DoorSpread,DoorMaster,4.600000,D,S,89444.000000
Wed Jul 30 18:48:22 2025,30-Jul-2025,214828,46 49.948100 N,062 50.465600 W,2.3,245.0,A,DoorSpread,DoorMaster,4.600000,D,S,89444.000000
Wed Jul 30 18:48:22 2025,30-Jul-2025,214829,46 49.948000 N,062 50.466500 W,2.3,245.3,A,DoorSpread,DoorMaster,4.600000,D,S,89444.000000
Wed Jul 30 18:48:28 2025,30-Jul-2025,214830,46 49.947800 N,062 50.467300 W,2.3,245.6,A,DoorSpread,DoorMaster,4.280000,D,S,60139.000000
Wed Jul 30 18:48:28 2025,30-Jul-2025,214831,46 49.947700 N,062 50.468200 W,2.3,245.6,A,DoorSpread,DoorMaster,4.280000,D,S,60139.000000
Wed Jul 30 18:48:28 2025,30-Jul-2025,214832,46 49.947500 N,062 50.469200 W,2.3,245.8,A,DoorSpread,DoorMaster,4.280000,D,S,60139.000000
Wed Jul 30 18:48:28 2025,30-Jul-2025,214833,46 49.947300 N,062 50.470200 W,2.3,246.2,A,DoorSpread,DoorMaster,4.280000,D,S,60139.000000
Wed Jul 30 18:48:28 2025,30-Jul-2025,214834,46 49.947000 N,062 50.471100 W,2.3,246.2,A,DoorSpread,DoorMaster,4.280000,D,S,60139.000000
Wed Jul 30 18:48:28 2025,30-Jul-2025,214835,46 49.946700 N,062 50.472000 W,2.3,246.2,A,DoorSpread,DoorMaster,4.280000,D,S,60139.000000
Wed Jul 30 18:48:33 2025,30-Jul-2025,214836,46 49.946500 N,062 50.473100 W,2.3,246.3,A,DoorSpread,DoorMaster,3.825000,D,S,70747.000000
Wed Jul 30 18:48:33 2025,30-Jul-2025,214837,46 49.946300 N,062 50.474000 W,2.3,246.3,A,DoorSpread,DoorMaster,3.825000,D,S,70747.000000
Wed Jul 30 18:48:33 2025,30-Jul-2025,214838,46 49.946100 N,062 50.474900 W,2.3,246.2,A,DoorSpread,DoorMaster,3.825000,D,S,70747.000000
Wed Jul 30 18:48:33 2025,30-Jul-2025,214839,46 49.945900 N,062 50.475700 W,2.3,246.1,A,DoorSpread,DoorMaster,3.825000,D,S,70747.000000
Wed Jul 30 18:48:33 2025,30-Jul-2025,214840,46 49.945800 N,062 50.476700 W,2.3,246.0,A,DoorSpread,DoorMaster,3.825000,D,S,70747.000000
Wed Jul 30 18:48:39 2025,30-Jul-2025,214841,46 49.945700 N,062 50.477500 W,2.2,246.0,A,DoorSpread,DoorMaster,3.770000,D,S,136010.000000
Wed Jul 30 18:48:39 2025,30-Jul-2025,214842,46 49.945600 N,062 50.478400 W,2.2,245.8,A,DoorSpread,DoorMaster,3.770000,D,S,136010.000000
Wed Jul 30 18:48:39 2025,30-Jul-2025,214843,46 49.945400 N,062 50.479200 W,2.2,245.6,A,DoorSpread,DoorMaster,3.770000,D,S,136010.000000
Wed Jul 30 18:48:39 2025,30-Jul-2025,214844,46 49.945200 N,062 50.480000 W,2.2,245.5,A,DoorSpread,DoorMaster,3.770000,D,S,136010.000000
Wed Jul 30 18:48:39 2025,30-Jul-2025,214845,46 49.945000 N,062 50.480700 W,2.2,245.3,A,DoorSpread,DoorMaster,3.770000,D,S,136010.000000
Wed Jul 30 18:48:44 2025,30-Jul-2025,214846,46 49.944800 N,062 50.481500 W,2.2,245.3,A,DoorSpread,DoorMaster,3.620000,D,P,61620.000000
Wed Jul 30 18:48:44 2025,30-Jul-2025,214847,46 49.944600 N,062 50.482300 W,2.2,245.6,A,DoorSpread,DoorMaster,3.630000,D,S,86073.000000
Wed Jul 30 18:48:44 2025,30-Jul-2025,214848,46 49.944500 N,062 50.483100 W,2.2,245.9,A,DoorSpread,DoorMaster,3.630000,D,S,86073.000000
Wed Jul 30 18:48:44 2025,30-Jul-2025,214849,46 49.944300 N,062 50.483900 W,2.2,246.3,A,DoorSpread,DoorMaster,3.630000,D,S,86073.000000
Wed Jul 30 18:48:44 2025,30-Jul-2025,214850,46 49.944000 N,062 50.484600 W,2.2,246.3,A,DoorSpread,DoorMaster,3.630000,D,S,86073.000000
Wed Jul 30 18:48:44 2025,30-Jul-2025,214851,46 49.943600 N,062 50.485200 W,2.2,246.1,A,DoorSpread,DoorMaster,3.630000,D,S,86073.000000
