Ship Number,Trip Number,Tow Number
AVALON,2,12
Comments
"ZONE 12"
CPU Date and Time,GPS Date,GPS Time,Latitude,Longitude,Speed,Heading,Validity,Transducer Name,Sensor Name,Sensor Value,Error Code,Hydrophone,Signal Strength
Thu Jul 31 18:23:24 2025,31-Jul-2025,212326,46 59.770900 N,062 46.330100 W,3.2,173.2,A,Depth,Depth,11.666667,D,S,66270.000000
Thu Jul 31 18:23:24 2025,31-Jul-2025,212327,46 59.769900 N,062 46.330000 W,3.3,173.4,A,Depth,Depth,11.666667,D,S,66270.000000
Thu Jul 31 18:23:24 2025,31-Jul-2025,212328,46 59.768700 N,062 46.330100 W,3.4,174.2,A,Depth,Depth,11.666667,D,S,66270.000000
Thu Jul 31 18:23:24 2025,31-Jul-2025,212329,46 59.767600 N,062 46.330100 W,3.6,174.8,A,Depth,Depth,11.666667,D,S,66270.000000
Thu Jul 31 18:23:28 2025,31-Jul-2025,212330,46 59.766500 N,062 46.329900 W,3.6,174.8,A,DoorSpread,DoorMaster,8.945000,D,S,730785.000000
Thu Jul 31 18:23:28 2025,31-Jul-2025,212331,46 59.765400 N,062 46.329700 W,3.6,174.9,A,DoorSpread,DoorMaster,8.945000,D,S,730785.000000
Thu Jul 31 18:23:28 2025,31-Jul-2025,212332,46 59.764200 N,062 46.329800 W,3.9,175.6,A,DoorSpread,DoorMaster,8.945000,D,S,730785.000000
Thu Jul 31 18:23:31 2025,31-Jul-2025,212333,46 59.762900 N,062 46.329800 W,4.0,176.1,A,Depth,Depth,20.370370,D,S,10511.000000
Thu Jul 31 18:23:31 2025,31-Jul-2025,212334,46 59.761800 N,062 46.329700 W,3.9,176.3,A,Depth,Depth,20.370370,D,S,10511.000000
Thu Jul 31 18:23:31 2025,31-Jul-2025,212335,46 59.760700 N,062 46.329500 W,4.0,176.7,A,Depth,Depth,20.370370,D,S,10511.000000
Thu Jul 31 18:23:33 2025,31-Jul-2025,212336,46 59.759500 N,062 46.329500 W,4.0,177.1,A,Primary,Headline,3.448980,D,S,60804.000000
Thu Jul 31 18:23:34 2025,31-Jul-2025,212337,46 59.758500 N,062 46.329500 W,3.9,177.4,A,DoorSpread,DoorMaster,11.510000,D,S,459070.000000
Thu Jul 31 18:23:34 2025,31-Jul-2025,212338,46 59.757500 N,062 46.329500 W,3.9,177.7,A,DoorSpread,DoorMaster,11.510000,D,S,459070.000000
Thu Jul 31 18:23:34 2025,31-Jul-2025,212339,46 59.756300 N,062 46.329600 W,4.0,178.2,A,DoorSpread,DoorMaster,11.510000,D,S,459070.000000
Thu Jul 31 18:23:38 2025,31-Jul-2025,212340,46 59.755000 N,062 46.329600 W,4.2,178.7,A,Primary,Headline,3.204082,D,S,81603.000000
Thu Jul 31 18:23:38 2025,31-Jul-2025,212341,46 59.753600 N,062 46.329700 W,4.3,179.1,A,Primary,Headline,3.204082,D,S,81603.000000
Thu Jul 31 18:23:38 2025,31-Jul-2025,212342,46 59.752300 N,062 46.329700 W,4.4,179.5,A,Primary,Headline,3.204082,D,S,81603.000000
Thu Jul 31 18:23:41 2025,31-Jul-2025,212343,46 59.751100 N,062 46.329600 W,4.3,179.6,A,DoorSpread,DoorMaster,24.115000,D,S,479110.000000
Thu Jul 31 18:23:41 2025,31-Jul-2025,212344,46 59.750200 N,062 46.329500 W,4.1,179.6,A,DoorSpread,DoorMaster,24.115000,D,S,479110.000000
Thu Jul 31 18:23:41 2025,31-Jul-2025,212345,46 59.749200 N,062 46.329500 W,4.1,180.1,A,DoorSpread,DoorMaster,24.115000,D,S,479110.000000
Thu Jul 31 18:23:43 2025,31-Jul-2025,212346,46 59.747700 N,062 46.329500 W,4.3,180.7,A,Primary,Headline,3.408163,D,S,52775.000000
Thu Jul 31 18:23:45 2025,31-Jul-2025,212347,46 59.746200 N,062 46.329500 W,4.5,181.2,A,Depth,Depth,13.240741,D,P,31595.000000
Thu Jul 31 18:23:45 2025,31-Jul-2025,212348,46 59.744600 N,062 46.329400 W,4.7,181.3,A,Depth,Depth,13.240741,D,P,31595.000000
Thu Jul 31 18:23:45 2025,31-Jul-2025,212349,46 59.743100 N,062 46.329400 W,4.6,181.3,A,Depth,Depth,13.240741,D,P,31595.000000
Thu Jul 31 18:23:47 2025,31-Jul-2025,212350,46 59.742000 N,062 46.329500 W,4.5,181.5,A,DoorSpread,DoorMaster,15.870000,D,P,770703.000000
Thu Jul 31 18:23:48 2025,31-Jul-2025,212351,46 59.740900 N,062 46.329700 W,4.4,181.8,A,Primary,Headline,2.612245,D,S,76415.000000
Thu Jul 31 18:23:48 2025,31-Jul-2025,212352,46 59.739800 N,062 46.329700 W,4.4,181.8,A,Primary,Headline,2.612245,D,S,76415.000000
Thu Jul 31 18:23:48 2025,31-Jul-2025,212353,46 59.738500 N,062 46.329600 W,4.5,181.7,A,Primary,Headline,2.612245,D,S,76415.000000
Thu Jul 31 18:23:52 2025,31-Jul-2025,212354,46 59.737000 N,062 46.329500 W,4.6,181.5,A,Depth,Depth,15.000000,D,S,53377.000000
Thu Jul 31 18:23:52 2025,31-Jul-2025,212355,46 59.735400 N,062 46.329600 W,4.9,181.9,A,Depth,Depth,15.000000,D,S,53377.000000
Thu Jul 31 18:23:54 2025,31-Jul-2025,212356,46 59.733900 N,062 46.329900 W,4.9,182.4,A,DoorSpread,DoorMaster,18.555000,D,S,729419.000000
Thu Jul 31 18:23:54 2025,31-Jul-2025,212357,46 59.732600 N,062 46.329900 W,4.8,182.5,A,DoorSpread,DoorMaster,18.555000,D,S,729419.000000
Thu Jul 31 18:23:54 2025,31-Jul-2025,212358,46 59.731500 N,062 46.329700 W,4.7,182.1,A,DoorSpread,DoorMaster,18.555000,D,S,729419.000000
Thu Jul 31 18:23:54 2025,31-Jul-2025,212359,46 59.730400 N,062 46.329700 W,4.6,181.7,A,DoorSpread,DoorMaster,18.555000,D,S,729419.000000
Thu Jul 31 18:23:54 2025,31-Jul-2025,212400,46 59.729100 N,062 46.329600 W,4.6,181.5,A,DoorSpread,DoorMaster,18.555000,D,S,729419.000000
Thu Jul 31 18:23:59 2025,31-Jul-2025,212401,46 59.727700 N,062 46.329600 W,4.7,181.3,A,Depth,Depth,15.370370,D,S,217075.000000
Thu Jul 31 18:23:59 2025,31-Jul-2025,212402,46 59.726300 N,062 46.329500 W,4.8,181.2,A,Depth,Depth,15.370370,D,S,217075.000000
Thu Jul 31 18:23:59 2025,31-Jul-2025,212403,46 59.724900 N,062 46.329400 W,4.8,181.0,A,Depth,Depth,15.370370,D,S,217075.000000
Thu Jul 31 18:23:59 2025,31-Jul-2025,212404,46 59.723700 N,062 46.329400 W,4.6,180.9,A,Depth,Depth,15.370370,D,S,217075.000000
Thu Jul 31 18:23:59 2025,31-Jul-2025,212405,46 59.722600 N,062 46.329600 W,4.6,181.0,A,Depth,Depth,15.370370,D,S,217075.000000
Thu Jul 31 18:23:59 2025,31-Jul-2025,212406,46 59.721200 N,062 46.329700 W,4.7,180.8,A,Depth,Depth,15.370370,D,S,217075.000000
Thu Jul 31 18:24:05 2025,31-Jul-2025,212407,46 59.719800 N,062 46.329700 W,4.7,180.6,A,Primary,Headline,43.816327,D,S,97412.000000
Thu Jul 31 18:24:05 2025,31-Jul-2025,212408,46 59.718400 N,062 46.329500 W,4.8,180.4,A,Primary,Headline,43.816327,D,S,97412.000000
Thu Jul 31 18:24:06 2025,31-Jul-2025,212409,46 59.717000 N,062 46.329500 W,4.8,180.4,A,Depth,Depth,17.222222,D,S,86262.000000
Thu Jul 31 18:24:06 2025,31-Jul-2025,212410,46 59.715500 N,062 46.329600 W,4.9,180.5,A,Depth,Depth,17.222222,D,S,86262.000000
Thu Jul 31 18:24:06 2025,31-Jul-2025,212411,46 59.714100 N,062 46.329700 W,4.8,180.3,A,Depth,Depth,17.222222,D,S,86262.000000
Thu Jul 31 18:24:06 2025,31-Jul-2025,212412,46 59.712800 N,062 46.329600 W,4.8,180.1,A,Depth,Depth,17.222222,D,S,86262.000000
Thu Jul 31 18:24:10 2025,31-Jul-2025,212413,46 59.711300 N,062 46.329600 W,4.8,180.1,A,Primary,Headline,43.224490,D,S,45191.000000
Thu Jul 31 18:24:10 2025,31-Jul-2025,212414,46 59.709900 N,062 46.329500 W,4.9,180.1,A,Primary,Headline,43.224490,D,S,45191.000000
Thu Jul 31 18:24:10 2025,31-Jul-2025,212415,46 59.708400 N,062 46.329500 W,4.9,180.1,A,Primary,Headline,43.224490,D,S,45191.000000
Thu Jul 31 18:24:13 2025,31-Jul-2025,212416,46 59.707000 N,062 46.329400 W,4.9,180.0,A,Depth,Depth,15.555556,D,P,50909.000000
Thu Jul 31 18:24:13 2025,31-Jul-2025,212417,46 59.705600 N,062 46.329400 W,4.9,179.9,A,Depth,Depth,15.555556,D,P,50909.000000
Thu Jul 31 18:24:16 2025,31-Jul-2025,212418,46 59.704200 N,062 46.329500 W,4.9,179.8,A,Primary,Headline,6.061224,D,S,151360.000000
Thu Jul 31 18:24:16 2025,31-Jul-2025,212419,46 59.702700 N,062 46.329500 W,5.1,179.9,A,Primary,Headline,6.061224,D,S,151360.000000
Thu Jul 31 18:24:16 2025,31-Jul-2025,212420,46 59.701200 N,062 46.329700 W,5.2,180.1,A,Primary,Headline,6.061224,D,S,151360.000000
Thu Jul 31 18:24:16 2025,31-Jul-2025,212421,46 59.699600 N,062 46.329600 W,5.2,180.0,A,Primary,Headline,6.061224,D,S,151360.000000
Thu Jul 31 18:24:16 2025,31-Jul-2025,212422,46 59.698200 N,062 46.329400 W,5.2,179.6,A,Primary,Headline,6.061224,D,S,151360.000000
Thu Jul 31 18:24:21 2025,31-Jul-2025,212423,46 59.696800 N,062 46.329400 W,5.2,179.3,A,Primary,Headline,47.755102,D,S,127849.000000
Thu Jul 31 18:24:21 2025,31-Jul-2025,212424,46 59.695400 N,062 46.329500 W,5.1,179.2,A,Primary,Headline,47.755102,D,S,127849.000000
Thu Jul 31 18:24:21 2025,31-Jul-2025,212425,46 59.694100 N,062 46.329600 W,5.0,179.1,A,Primary,Headline,47.755102,D,S,127849.000000
Thu Jul 31 18:24:21 2025,31-Jul-2025,212426,46 59.692700 N,062 46.329600 W,5.0,179.0,A,Primary,Headline,47.755102,D,S,127849.000000
Thu Jul 31 18:24:21 2025,31-Jul-2025,212427,46 59.691300 N,062 46.329700 W,5.0,179.1,A,Primary,Headline,47.755102,D,S,127849.000000
Thu Jul 31 18:24:21 2025,31-Jul-2025,212428,46 59.689700 N,062 46.329800 W,5.1,179.2,A,Primary,Headline,47.755102,D,S,127849.000000
Thu Jul 31 18:24:27 2025,31-Jul-2025,212429,46 59.688200 N,062 46.329800 W,5.1,179.0,A,Primary,Headline,48.428571,D,S,109216.000000
Thu Jul 31 18:24:28 2025,31-Jul-2025,212430,46 59.686700 N,062 46.329700 W,5.1,178.7,A,Depth,Depth,2.037037,D,S,110120.000000
Thu Jul 31 18:24:28 2025,31-Jul-2025,212431,46 59.685400 N,062 46.329600 W,5.0,178.7,A,Depth,Depth,2.037037,D,S,110120.000000
Thu Jul 31 18:24:28 2025,31-Jul-2025,212432,46 59.684000 N,062 46.329600 W,5.0,178.8,A,Depth,Depth,2.037037,D,S,110120.000000
Thu Jul 31 18:24:28 2025,31-Jul-2025,212433,46 59.682700 N,062 46.329700 W,5.0,179.0,A,Depth,Depth,2.037037,D,S,110120.000000
Thu Jul 31 18:24:28 2025,31-Jul-2025,212434,46 59.681300 N,062 46.329500 W,5.0,178.9,A,Depth,Depth,2.037037,D,S,110120.000000
Thu Jul 31 18:24:33 2025,31-Jul-2025,212435,46 59.679700 N,062 46.329300 W,5.0,178.8,A,Primary,Headline,48.346939,D,S,203151.000000
Thu Jul 31 18:24:33 2025,31-Jul-2025,212436,46 59.678200 N,062 46.329300 W,5.1,178.7,A,Primary,Headline,48.346939,D,S,203151.000000
Thu Jul 31 18:24:34 2025,31-Jul-2025,212437,46 59.676600 N,062 46.329300 W,5.2,178.5,A,Depth,Depth,20.277778,D,S,95448.000000
Thu Jul 31 18:24:34 2025,31-Jul-2025,212438,46 59.675100 N,062 46.329200 W,5.1,178.3,A,Depth,Depth,20.277778,D,S,95448.000000
Thu Jul 31 18:24:34 2025,31-Jul-2025,212439,46 59.673800 N,062 46.329100 W,5.0,178.2,A,Depth,Depth,20.277778,D,S,95448.000000
Thu Jul 31 18:24:34 2025,31-Jul-2025,212440,46 59.672500 N,062 46.329200 W,5.0,178.4,A,Depth,Depth,20.277778,D,S,95448.000000
Thu Jul 31 18:24:38 2025,31-Jul-2025,212441,46 59.671200 N,062 46.329200 W,5.0,178.5,A,Primary,Headline,47.224490,D,S,107191.000000
Thu Jul 31 18:24:38 2025,31-Jul-2025,212442,46 59.669800 N,062 46.329200 W,5.0,178.5,A,Primary,Headline,47.224490,D,S,107191.000000
Thu Jul 31 18:24:38 2025,31-Jul-2025,212443,46 59.668300 N,062 46.329100 W,5.0,178.2,A,Primary,Headline,47.224490,D,S,107191.000000
Thu Jul 31 18:24:41 2025,31-Jul-2025,212444,46 59.666900 N,062 46.329000 W,5.0,177.9,A,Depth,Depth,18.611111,D,S,105298.000000
Thu Jul 31 18:24:41 2025,31-Jul-2025,212445,46 59.665600 N,062 46.328900 W,5.0,177.7,A,Depth,Depth,18.611111,D,S,105298.000000
Thu Jul 31 18:24:41 2025,31-Jul-2025,212446,46 59.664200 N,062 46.328900 W,5.0,177.8,A,Depth,Depth,18.611111,D,S,105298.000000
Thu Jul 31 18:24:44 2025,31-Jul-2025,212447,46 59.662800 N,062 46.328700 W,5.0,177.9,A,Primary,Headline,46.530612,D,S,116768.000000
Thu Jul 31 18:24:44 2025,31-Jul-2025,212448,46 59.661500 N,062 46.328600 W,5.0,177.8,A,Primary,Headline,46.530612,D,S,116768.000000
Thu Jul 31 18:24:44 2025,31-Jul-2025,212449,46 59.660100 N,062 46.328400 W,4.9,177.8,A,Primary,Headline,46.530612,D,S,116768.000000
Thu Jul 31 18:24:44 2025,31-Jul-2025,212450,46 59.658700 N,062 46.328200 W,4.9,177.7,A,Primary,Headline,46.530612,D,S,116768.000000
Thu Jul 31 18:24:49 2025,31-Jul-2025,212451,46 59.657300 N,062 46.327900 W,4.9,177.6,A,Depth,Depth,21.481481,D,S,112260.000000
Thu Jul 31 18:24:49 2025,31-Jul-2025,212452,46 59.655900 N,062 46.327900 W,5.0,177.7,A,Primary,Headline,8.877551,D,S,166106.000000
Thu Jul 31 18:24:49 2025,31-Jul-2025,212453,46 59.654500 N,062 46.327900 W,5.0,177.9,A,Primary,Headline,8.877551,D,S,166106.000000
Thu Jul 31 18:24:49 2025,31-Jul-2025,212454,46 59.653000 N,062 46.327700 W,5.0,178.1,A,Primary,Headline,8.877551,D,S,166106.000000
Thu Jul 31 18:24:49 2025,31-Jul-2025,212455,46 59.651500 N,062 46.327500 W,5.0,178.1,A,Primary,Headline,8.877551,D,S,166106.000000
Thu Jul 31 18:24:49 2025,31-Jul-2025,212456,46 59.650100 N,062 46.327400 W,5.0,178.1,A,Primary,Headline,8.877551,D,S,166106.000000
Thu Jul 31 18:24:55 2025,31-Jul-2025,212457,46 59.648800 N,062 46.327300 W,4.9,178.2,A,Primary,Headline,45.306122,D,S,138744.000000
Thu Jul 31 18:24:56 2025,31-Jul-2025,212458,46 59.647500 N,062 46.327200 W,4.9,178.1,A,Depth,Depth,23.055556,D,P,52204.000000
Thu Jul 31 18:24:56 2025,31-Jul-2025,212459,46 59.646100 N,062 46.327100 W,4.9,178.0,A,Depth,Depth,23.055556,D,P,52204.000000
Thu Jul 31 18:24:56 2025,31-Jul-2025,212500,46 59.644500 N,062 46.326900 W,5.0,177.9,A,Depth,Depth,23.055556,D,P,52204.000000
Thu Jul 31 18:24:56 2025,31-Jul-2025,212501,46 59.643000 N,062 46.326800 W,5.1,177.9,A,Depth,Depth,23.055556,D,P,52204.000000
Thu Jul 31 18:24:56 2025,31-Jul-2025,212502,46 59.641500 N,062 46.326800 W,5.2,178.0,A,Depth,Depth,23.055556,D,P,52204.000000
Thu Jul 31 18:25:01 2025,31-Jul-2025,212503,46 59.640100 N,062 46.326800 W,5.1,178.0,A,Primary,Headline,44.204082,D,S,182694.000000
Thu Jul 31 18:25:01 2025,31-Jul-2025,212504,46 59.638800 N,062 46.326800 W,5.0,177.8,A,DoorSpread,DoorMaster,3.150000,D,S,132940.000000
Thu Jul 31 18:25:03 2025,31-Jul-2025,212505,46 59.637600 N,062 46.326700 W,4.9,177.5,A,Depth,Depth,31.388889,D,P,45732.000000
Thu Jul 31 18:25:03 2025,31-Jul-2025,212506,46 59.636300 N,062 46.326600 W,4.9,177.2,A,Depth,Depth,31.388889,D,P,45732.000000
Thu Jul 31 18:25:03 2025,31-Jul-2025,212507,46 59.634900 N,062 46.326600 W,5.0,177.1,A,Depth,Depth,31.388889,D,P,45732.000000
Thu Jul 31 18:25:03 2025,31-Jul-2025,212508,46 59.633300 N,062 46.326600 W,5.1,177.1,A,Depth,Depth,31.388889,D,P,45732.000000
Thu Jul 31 18:25:07 2025,31-Jul-2025,212509,46 59.631800 N,062 46.326500 W,5.1,177.1,A,DoorSpread,DoorMaster,5.810000,D,P,39651.000000
Thu Jul 31 18:25:07 2025,31-Jul-2025,212510,46 59.630300 N,062 46.326500 W,5.1,177.2,A,DoorSpread,DoorMaster,5.775000,D,S,226776.000000
Thu Jul 31 18:25:07 2025,31-Jul-2025,212511,46 59.628900 N,062 46.326400 W,5.1,177.2,A,DoorSpread,DoorMaster,5.775000,D,S,226776.000000
Thu Jul 31 18:25:10 2025,31-Jul-2025,212512,46 59.627500 N,062 46.326400 W,5.0,177.2,A,Depth,Depth,15.925926,D,P,21176.000000
Thu Jul 31 18:25:10 2025,31-Jul-2025,212513,46 59.626200 N,062 46.326300 W,5.0,176.7,A,Depth,Depth,15.925926,D,P,21176.000000
Thu Jul 31 18:25:12 2025,31-Jul-2025,212514,46 59.624800 N,062 46.326100 W,5.0,176.4,A,Primary,Headline,8.897959,D,S,154407.000000
Thu Jul 31 18:25:12 2025,31-Jul-2025,212515,46 59.623400 N,062 46.326000 W,5.0,176.4,A,DoorSpread,DoorMaster,7.320000,D,S,363093.000000
Thu Jul 31 18:25:12 2025,31-Jul-2025,212516,46 59.622000 N,062 46.326100 W,5.0,176.6,A,DoorSpread,DoorMaster,7.320000,D,S,363093.000000
Thu Jul 31 18:25:12 2025,31-Jul-2025,212517,46 59.620700 N,062 46.326100 W,5.1,176.8,A,DoorSpread,DoorMaster,7.320000,D,S,363093.000000
Thu Jul 31 18:25:12 2025,31-Jul-2025,212518,46 59.619300 N,062 46.325900 W,5.0,176.8,A,DoorSpread,DoorMaster,7.320000,D,S,363093.000000
Thu Jul 31 18:25:17 2025,31-Jul-2025,212519,46 59.618000 N,062 46.325800 W,5.0,176.6,A,Primary,Headline,41.326531,D,S,116546.000000
Thu Jul 31 18:25:17 2025,31-Jul-2025,212520,46 59.616900 N,062 46.325700 W,4.8,176.5,A,Primary,Headline,41.326531,D,S,116546.000000
Thu Jul 31 18:25:17 2025,31-Jul-2025,212521,46 59.615900 N,062 46.325700 W,4.7,176.6,A,Primary,Headline,41.326531,D,S,116546.000000
Thu Jul 31 18:25:17 2025,31-Jul-2025,212522,46 59.614800 N,062 46.325800 W,4.7,176.8,A,Primary,Headline,41.326531,D,S,116546.000000
Thu Jul 31 18:25:17 2025,31-Jul-2025,212523,46 59.613400 N,062 46.326000 W,4.8,177.2,A,Primary,Headline,41.326531,D,S,116546.000000
Thu Jul 31 18:25:17 2025,31-Jul-2025,212524,46 59.611900 N,062 46.326200 W,5.0,177.8,A,Primary,Headline,41.326531,D,S,116546.000000
Thu Jul 31 18:25:23 2025,31-Jul-2025,212525,46 59.610400 N,062 46.326300 W,5.0,178.1,A,Primary,Headline,40.102041,D,S,139642.000000
Thu Jul 31 18:25:23 2025,31-Jul-2025,212526,46 59.609100 N,062 46.326200 W,4.9,178.0,A,Primary,Headline,40.102041,D,S,139642.000000
Thu Jul 31 18:25:24 2025,31-Jul-2025,212527,46 59.607900 N,062 46.326000 W,4.8,177.7,A,Depth,Depth,28.240741,D,S,40652.000000
Thu Jul 31 18:25:24 2025,31-Jul-2025,212528,46 59.606800 N,062 46.325900 W,4.8,177.6,A,Depth,Depth,28.240741,D,S,40652.000000
Thu Jul 31 18:25:24 2025,31-Jul-2025,212529,46 59.605500 N,062 46.325700 W,4.8,177.6,A,Depth,Depth,28.240741,D,S,40652.000000
Thu Jul 31 18:25:28 2025,31-Jul-2025,212530,46 59.604200 N,062 46.325700 W,4.8,177.6,A,Primary,Headline,5.102041,D,S,127970.000000
Thu Jul 31 18:25:29 2025,31-Jul-2025,212531,46 59.602800 N,062 46.325500 W,4.9,177.7,A,DoorSpread,DoorMaster,12.580000,D,S,180818.000000
Thu Jul 31 18:25:29 2025,31-Jul-2025,212532,46 59.601200 N,062 46.325400 W,5.0,177.7,A,DoorSpread,DoorMaster,12.580000,D,S,180818.000000
Thu Jul 31 18:25:29 2025,31-Jul-2025,212533,46 59.599700 N,062 46.325200 W,5.0,177.4,A,DoorSpread,DoorMaster,12.580000,D,S,180818.000000
Thu Jul 31 18:25:31 2025,31-Jul-2025,212534,46 59.598400 N,062 46.324900 W,4.9,177.0,A,Depth,Depth,28.518519,D,S,76783.000000
Thu Jul 31 18:25:31 2025,31-Jul-2025,212535,46 59.597200 N,062 46.324600 W,4.8,176.9,A,Depth,Depth,28.518519,D,S,76783.000000
Thu Jul 31 18:25:33 2025,31-Jul-2025,212536,46 59.595900 N,062 46.324500 W,4.8,177.1,A,Primary,Headline,24.306122,D,S,107553.000000
Thu Jul 31 18:25:35 2025,31-Jul-2025,212537,46 59.594700 N,062 46.324400 W,4.8,177.2,A,DoorSpread,DoorMaster,15.440000,D,S,171559.000000
Thu Jul 31 18:25:35 2025,31-Jul-2025,212538,46 59.593400 N,062 46.324300 W,4.8,177.1,A,DoorSpread,DoorMaster,15.440000,D,S,171559.000000
Thu Jul 31 18:25:35 2025,31-Jul-2025,212539,46 59.592000 N,062 46.324200 W,4.9,177.1,A,DoorSpread,DoorMaster,15.440000,D,S,171559.000000
Thu Jul 31 18:25:35 2025,31-Jul-2025,212540,46 59.590600 N,062 46.324100 W,5.0,177.0,A,DoorSpread,DoorMaster,15.440000,D,S,171559.000000
Thu Jul 31 18:25:39 2025,31-Jul-2025,212541,46 59.589200 N,062 46.324000 W,4.9,177.2,A,Primary,Headline,9.775510,D,S,76196.000000
Thu Jul 31 18:25:39 2025,31-Jul-2025,212542,46 59.588000 N,062 46.323900 W,4.8,177.1,A,Primary,Headline,9.775510,D,S,76196.000000
Thu Jul 31 18:25:39 2025,31-Jul-2025,212543,46 59.586900 N,062 46.323800 W,4.6,177.0,A,Primary,Headline,9.775510,D,S,76196.000000
Thu Jul 31 18:25:41 2025,31-Jul-2025,212544,46 59.585700 N,062 46.323800 W,4.7,177.1,A,DoorSpread,DoorMaster,20.375000,D,S,114047.000000
Thu Jul 31 18:25:41 2025,31-Jul-2025,212545,46 59.584300 N,062 46.323900 W,4.7,177.3,A,DoorSpread,DoorMaster,20.375000,D,S,114047.000000
Thu Jul 31 18:25:41 2025,31-Jul-2025,212546,46 59.582700 N,062 46.323900 W,4.8,177.3,A,DoorSpread,DoorMaster,20.375000,D,S,114047.000000
Thu Jul 31 18:25:44 2025,31-Jul-2025,212547,46 59.581200 N,062 46.323800 W,5.0,177.1,A,Primary,Headline,35.714286,D,S,111918.000000
Thu Jul 31 18:25:45 2025,31-Jul-2025,212548,46 59.579700 N,062 46.323800 W,5.0,177.2,A,Depth,Depth,32.870370,D,S,65169.000000
Thu Jul 31 18:25:45 2025,31-Jul-2025,212549,46 59.578400 N,062 46.324000 W,4.9,177.6,A,Depth,Depth,32.870370,D,S,65169.000000
Thu Jul 31 18:25:48 2025,31-Jul-2025,212550,46 59.577100 N,062 46.324100 W,4.8,177.6,A,DoorSpread,DoorMaster,21.140000,D,S,140433.000000
Thu Jul 31 18:25:48 2025,31-Jul-2025,212551,46 59.575900 N,062 46.324000 W,4.7,177.3,A,DoorSpread,DoorMaster,21.140000,D,S,140433.000000
Thu Jul 31 18:25:50 2025,31-Jul-2025,212552,46 59.574700 N,062 46.323900 W,4.7,177.0,A,Primary,Headline,33.979592,D,S,123588.000000
Thu Jul 31 18:25:50 2025,31-Jul-2025,212553,46 59.573200 N,062 46.323800 W,4.8,177.2,A,Primary,Headline,33.979592,D,S,123588.000000
Thu Jul 31 18:25:50 2025,31-Jul-2025,212554,46 59.571700 N,062 46.323800 W,4.9,177.4,A,Primary,Headline,33.979592,D,S,123588.000000
Thu Jul 31 18:25:52 2025,31-Jul-2025,212555,46 59.570400 N,062 46.323700 W,4.8,177.2,A,Depth,Depth,35.185185,D,S,60641.000000
Thu Jul 31 18:25:53 2025,31-Jul-2025,212556,46 59.569100 N,062 46.323700 W,4.8,177.3,A,DoorSpread,DoorMaster,5.750000,D,S,171480.000000
Thu Jul 31 18:25:53 2025,31-Jul-2025,212557,46 59.567900 N,062 46.323800 W,4.8,177.7,A,DoorSpread,DoorMaster,5.750000,D,S,171480.000000
Thu Jul 31 18:25:55 2025,31-Jul-2025,212558,46 59.566600 N,062 46.323900 W,4.7,177.8,A,Primary,Headline,32.734694,D,S,89856.000000
Thu Jul 31 18:25:55 2025,31-Jul-2025,212559,46 59.565400 N,062 46.323800 W,4.7,177.7,A,Primary,Headline,32.734694,D,S,89856.000000
Thu Jul 31 18:25:55 2025,31-Jul-2025,212600,46 59.564100 N,062 46.323700 W,4.8,177.6,A,Primary,Headline,32.734694,D,S,89856.000000
Thu Jul 31 18:25:55 2025,31-Jul-2025,212601,46 59.562700 N,062 46.323600 W,4.8,177.5,A,Primary,Headline,32.734694,D,S,89856.000000
Thu Jul 31 18:26:00 2025,31-Jul-2025,212602,46 59.561400 N,062 46.323500 W,4.9,177.5,A,Depth,Depth,36.296296,D,S,146562.000000
Thu Jul 31 18:26:01 2025,31-Jul-2025,212603,46 59.560000 N,062 46.323400 W,4.9,177.7,A,Primary,Headline,31.367347,D,S,157465.000000
Thu Jul 31 18:26:01 2025,31-Jul-2025,212604,46 59.558900 N,062 46.323400 W,4.8,177.9,A,Primary,Headline,31.367347,D,S,157465.000000
Thu Jul 31 18:26:01 2025,31-Jul-2025,212605,46 59.557700 N,062 46.323300 W,4.7,178.1,A,Primary,Headline,31.367347,D,S,157465.000000
Thu Jul 31 18:26:01 2025,31-Jul-2025,212606,46 59.556500 N,062 46.323200 W,4.7,178.3,A,Primary,Headline,31.367347,D,S,157465.000000
Thu Jul 31 18:26:01 2025,31-Jul-2025,212607,46 59.555200 N,062 46.323100 W,4.7,178.3,A,Primary,Headline,31.367347,D,S,157465.000000
Thu Jul 31 18:26:01 2025,31-Jul-2025,212608,46 59.553800 N,062 46.323000 W,4.8,178.3,A,Primary,Headline,31.367347,D,S,157465.000000
Thu Jul 31 18:26:07 2025,31-Jul-2025,212609,46 59.552300 N,062 46.323000 W,4.9,178.5,A,Depth,Depth,38.981481,D,S,122430.000000
Thu Jul 31 18:26:07 2025,31-Jul-2025,212610,46 59.550900 N,062 46.323000 W,4.9,178.8,A,Depth,Depth,38.981481,D,S,122430.000000
Thu Jul 31 18:26:07 2025,31-Jul-2025,212611,46 59.549600 N,062 46.323100 W,4.8,179.2,A,Depth,Depth,38.981481,D,S,122430.000000
Thu Jul 31 18:26:07 2025,31-Jul-2025,212612,46 59.548400 N,062 46.323000 W,4.8,179.3,A,Depth,Depth,38.981481,D,S,122430.000000
Thu Jul 31 18:26:07 2025,31-Jul-2025,212613,46 59.547000 N,062 46.322900 W,4.8,179.4,A,Depth,Depth,38.981481,D,S,122430.000000
Thu Jul 31 18:26:12 2025,31-Jul-2025,212614,46 59.545700 N,062 46.322700 W,4.8,179.4,A,Primary,Headline,28.489796,D,S,113369.000000
Thu Jul 31 18:26:12 2025,31-Jul-2025,212615,46 59.544300 N,062 46.322600 W,4.8,179.2,A,Primary,Headline,28.489796,D,S,113369.000000
Thu Jul 31 18:26:12 2025,31-Jul-2025,212616,46 59.543000 N,062 46.322400 W,4.8,179.1,A,Primary,Headline,28.489796,D,S,113369.000000
Thu Jul 31 18:26:14 2025,31-Jul-2025,212617,46 59.541700 N,062 46.322400 W,4.8,179.3,A,Depth,Depth,41.296296,D,S,54019.000000
Thu Jul 31 18:26:14 2025,31-Jul-2025,212618,46 59.540700 N,062 46.322400 W,4.5,179.2,A,Depth,Depth,41.296296,D,S,54019.000000
Thu Jul 31 18:26:14 2025,31-Jul-2025,212619,46 59.539600 N,062 46.322300 W,4.5,179.4,A,Depth,Depth,41.296296,D,S,54019.000000
Thu Jul 31 18:26:17 2025,31-Jul-2025,212620,46 59.538100 N,062 46.322300 W,4.7,179.4,A,Primary,Headline,27.081633,D,S,157121.000000
Thu Jul 31 18:26:17 2025,31-Jul-2025,212621,46 59.536600 N,062 46.322100 W,4.8,179.4,A,Primary,Headline,27.081633,D,S,157121.000000
Thu Jul 31 18:26:17 2025,31-Jul-2025,212622,46 59.535200 N,062 46.322000 W,4.8,179.3,A,Primary,Headline,27.081633,D,S,157121.000000
Thu Jul 31 18:26:17 2025,31-Jul-2025,212623,46 59.533900 N,062 46.321800 W,4.8,179.2,A,Primary,Headline,27.081633,D,S,157121.000000
Thu Jul 31 18:26:21 2025,31-Jul-2025,212624,46 59.532600 N,062 46.321800 W,4.7,179.3,A,Depth,Depth,42.037037,D,S,176803.000000
Thu Jul 31 18:26:22 2025,31-Jul-2025,212625,46 59.531300 N,062 46.321800 W,4.7,179.5,A,Primary,Headline,26.204082,D,S,209819.000000
Thu Jul 31 18:26:22 2025,31-Jul-2025,212626,46 59.529900 N,062 46.321700 W,4.8,179.4,A,Primary,Headline,26.204082,D,S,209819.000000
Thu Jul 31 18:26:22 2025,31-Jul-2025,212627,46 59.528400 N,062 46.321500 W,4.8,179.2,A,Primary,Headline,26.204082,D,S,209819.000000
Thu Jul 31 18:26:22 2025,31-Jul-2025,212628,46 59.527100 N,062 46.321200 W,4.8,179.0,A,Primary,Headline,26.204082,D,S,209819.000000
Thu Jul 31 18:26:22 2025,31-Jul-2025,212629,46 59.525700 N,062 46.321100 W,4.8,179.0,A,Primary,Headline,26.204082,D,S,209819.000000
Thu Jul 31 18:26:28 2025,31-Jul-2025,212630,46 59.524400 N,062 46.320800 W,4.8,178.7,A,Primary,Headline,23.877551,D,S,209502.000000
Thu Jul 31 18:26:28 2025,31-Jul-2025,212631,46 59.523000 N,062 46.320600 W,4.8,178.6,A,Depth,Depth,45.370370,D,S,139123.000000
Thu Jul 31 18:26:28 2025,31-Jul-2025,212632,46 59.521700 N,062 46.320500 W,4.8,178.9,A,Depth,Depth,45.370370,D,S,139123.000000
Thu Jul 31 18:26:28 2025,31-Jul-2025,212633,46 59.520400 N,062 46.320400 W,4.7,179.1,A,Depth,Depth,45.370370,D,S,139123.000000
Thu Jul 31 18:26:28 2025,31-Jul-2025,212634,46 59.519100 N,062 46.320400 W,4.7,179.1,A,Depth,Depth,45.370370,D,S,139123.000000
Thu Jul 31 18:26:28 2025,31-Jul-2025,212635,46 59.517700 N,062 46.320300 W,4.8,179.0,A,Depth,Depth,45.370370,D,S,139123.000000
Thu Jul 31 18:26:33 2025,31-Jul-2025,212636,46 59.516300 N,062 46.320200 W,4.7,178.9,A,Primary,Headline,23.163265,D,S,170656.000000
Thu Jul 31 18:26:35 2025,31-Jul-2025,212637,46 59.515100 N,062 46.320200 W,4.7,178.8,A,DoorSpread,DoorMaster,4.855000,D,P,112784.000000
Thu Jul 31 18:26:36 2025,31-Jul-2025,212638,46 59.513700 N,062 46.320100 W,4.8,178.9,A,Depth,Depth,47.685185,D,S,147511.000000
Thu Jul 31 18:26:36 2025,31-Jul-2025,212639,46 59.512400 N,062 46.320100 W,4.7,179.0,A,Depth,Depth,47.685185,D,S,147511.000000
Thu Jul 31 18:26:36 2025,31-Jul-2025,212640,46 59.511100 N,062 46.320000 W,4.7,178.8,A,Depth,Depth,47.685185,D,S,147511.000000
Thu Jul 31 18:26:38 2025,31-Jul-2025,212641,46 59.510000 N,062 46.319900 W,4.5,178.6,A,Primary,Headline,20.673469,D,P,79200.000000
Thu Jul 31 18:26:39 2025,31-Jul-2025,212642,46 59.509000 N,062 46.319900 W,4.4,178.6,A,Primary,Headline,20.959184,D,S,127956.000000
Thu Jul 31 18:26:40 2025,31-Jul-2025,212643,46 59.507900 N,062 46.319800 W,4.4,178.6,A,DoorSpread,DoorMaster,8.545000,D,P,196669.000000
Thu Jul 31 18:26:40 2025,31-Jul-2025,212644,46 59.506700 N,062 46.319800 W,4.3,178.4,A,DoorSpread,DoorMaster,8.545000,D,P,196669.000000
Thu Jul 31 18:26:43 2025,31-Jul-2025,212645,46 59.505700 N,062 46.319600 W,4.1,178.0,A,Depth,Depth,48.611111,D,P,37770.000000
Thu Jul 31 18:26:43 2025,31-Jul-2025,212646,46 59.504700 N,062 46.319600 W,4.0,177.8,A,Depth,Depth,48.611111,D,P,37770.000000
Thu Jul 31 18:26:44 2025,31-Jul-2025,212647,46 59.503800 N,062 46.319700 W,3.8,177.7,A,Primary,Headline,19.265306,D,S,117540.000000
Thu Jul 31 18:26:44 2025,31-Jul-2025,212648,46 59.503000 N,062 46.319800 W,3.7,177.5,A,Primary,Headline,19.265306,D,S,117540.000000
Thu Jul 31 18:26:44 2025,31-Jul-2025,212649,46 59.502200 N,062 46.319900 W,3.5,177.2,A,Primary,Headline,19.265306,D,S,117540.000000
Thu Jul 31 18:26:44 2025,31-Jul-2025,212650,46 59.501400 N,062 46.319700 W,3.4,176.8,A,Primary,Headline,19.265306,D,S,117540.000000
Thu Jul 31 18:26:44 2025,31-Jul-2025,212651,46 59.500500 N,062 46.319600 W,3.4,176.4,A,Primary,Headline,19.265306,D,S,117540.000000
Thu Jul 31 18:26:50 2025,31-Jul-2025,212652,46 59.499800 N,062 46.319500 W,3.2,176.1,A,Depth,Depth,49.722222,D,P,60648.000000
Thu Jul 31 18:26:50 2025,31-Jul-2025,212653,46 59.499200 N,062 46.319400 W,3.0,175.6,A,Depth,Depth,49.722222,D,P,60648.000000
Thu Jul 31 18:26:51 2025,31-Jul-2025,212654,46 59.498500 N,062 46.319200 W,3.0,175.0,A,DoorSpread,DoorMaster,13.890000,D,S,97861.000000
Thu Jul 31 18:26:51 2025,31-Jul-2025,212655,46 59.497700 N,062 46.319100 W,3.0,174.5,A,DoorSpread,DoorMaster,13.890000,D,S,97861.000000
Thu Jul 31 18:26:51 2025,31-Jul-2025,212656,46 59.496800 N,062 46.319000 W,3.0,174.3,A,DoorSpread,DoorMaster,13.890000,D,S,97861.000000
Thu Jul 31 18:26:55 2025,31-Jul-2025,212657,46 59.495900 N,062 46.318900 W,3.0,174.1,A,Primary,Headline,17.122449,D,S,76596.000000
Thu Jul 31 18:26:55 2025,31-Jul-2025,212658,46 59.495200 N,062 46.318700 W,3.0,173.7,A,Primary,Headline,17.122449,D,S,76596.000000
Thu Jul 31 18:26:57 2025,31-Jul-2025,212659,46 59.494600 N,062 46.318400 W,2.8,173.3,A,Depth,Depth,52.037037,D,S,38680.000000
Thu Jul 31 18:26:58 2025,31-Jul-2025,212700,46 59.494000 N,062 46.318300 W,2.7,173.0,A,DoorSpread,DoorMaster,16.410000,D,S,102141.000000
Thu Jul 31 18:26:58 2025,31-Jul-2025,212701,46 59.493300 N,062 46.318200 W,2.6,172.8,A,DoorSpread,DoorMaster,16.410000,D,S,102141.000000
Thu Jul 31 18:27:00 2025,31-Jul-2025,212702,46 59.492400 N,062 46.318100 W,2.6,172.6,A,Primary,Headline,16.204082,D,S,82145.000000
Thu Jul 31 18:27:00 2025,31-Jul-2025,212703,46 59.491700 N,062 46.317800 W,2.7,171.8,A,Primary,Headline,16.204082,D,S,82145.000000
Thu Jul 31 18:27:00 2025,31-Jul-2025,212704,46 59.490900 N,062 46.317500 W,2.6,171.1,A,Primary,Headline,16.204082,D,S,82145.000000
Thu Jul 31 18:27:00 2025,31-Jul-2025,212705,46 59.490200 N,062 46.317300 W,2.6,170.5,A,Primary,Headline,16.204082,D,S,82145.000000
Thu Jul 31 18:27:00 2025,31-Jul-2025,212706,46 59.489700 N,062 46.317000 W,2.5,170.1,A,Primary,Headline,16.204082,D,S,82145.000000
Thu Jul 31 18:27:04 2025,31-Jul-2025,212707,46 59.489000 N,062 46.316800 W,2.5,169.7,A,Depth,Depth,55.555556,D,S,43711.000000
Thu Jul 31 18:27:05 2025,31-Jul-2025,212708,46 59.488400 N,062 46.316500 W,2.5,169.5,A,Primary,Headline,15.102041,D,P,55116.000000
Thu Jul 31 18:27:05 2025,31-Jul-2025,212709,46 59.487700 N,062 46.316300 W,2.6,169.4,A,Primary,Headline,15.102041,D,P,55116.000000
Thu Jul 31 18:27:05 2025,31-Jul-2025,212710,46 59.486900 N,062 46.315900 W,2.6,169.4,A,Primary,Headline,15.102041,D,P,55116.000000
Thu Jul 31 18:27:05 2025,31-Jul-2025,212711,46 59.486300 N,062 46.315600 W,2.6,169.3,A,Primary,Headline,15.102041,D,P,55116.000000
Thu Jul 31 18:27:09 2025,31-Jul-2025,212712,46 59.485600 N,062 46.315200 W,2.5,169.1,A,DoorSpread,DoorMaster,22.260000,D,P,39430.000000
Thu Jul 31 18:27:10 2025,31-Jul-2025,212713,46 59.485100 N,062 46.315000 W,2.4,169.1,A,Primary,Headline,13.000000,D,S,111770.000000
Thu Jul 31 18:27:12 2025,31-Jul-2025,212714,46 59.484500 N,062 46.314800 W,2.4,169.3,A,Depth,Depth,54.444444,D,P,43676.000000
Thu Jul 31 18:27:12 2025,31-Jul-2025,212715,46 59.483700 N,062 46.314500 W,2.5,169.4,A,Depth,Depth,54.444444,D,P,43676.000000
Thu Jul 31 18:27:12 2025,31-Jul-2025,212716,46 59.483000 N,062 46.314200 W,2.5,169.5,A,Depth,Depth,54.444444,D,P,43676.000000
Thu Jul 31 18:27:12 2025,31-Jul-2025,212717,46 59.482300 N,062 46.313900 W,2.5,169.5,A,Depth,Depth,54.444444,D,P,43676.000000
Thu Jul 31 18:27:15 2025,31-Jul-2025,212718,46 59.481600 N,062 46.313700 W,2.5,169.7,A,Primary,Headline,13.489796,D,S,56807.000000
Thu Jul 31 18:27:16 2025,31-Jul-2025,212719,46 59.481100 N,062 46.313500 W,2.5,169.7,A,DoorSpread,DoorMaster,24.325000,D,S,44690.000000
Thu Jul 31 18:27:16 2025,31-Jul-2025,212720,46 59.480500 N,062 46.313200 W,2.4,169.4,A,DoorSpread,DoorMaster,24.325000,D,S,44690.000000
Thu Jul 31 18:27:19 2025,31-Jul-2025,212721,46 59.480000 N,062 46.312800 W,2.4,168.8,A,Depth,Depth,60.277778,D,S,61151.000000
Thu Jul 31 18:27:19 2025,31-Jul-2025,212722,46 59.479300 N,062 46.312500 W,2.5,168.8,A,Depth,Depth,60.277778,D,S,61151.000000
Thu Jul 31 18:27:21 2025,31-Jul-2025,212723,46 59.478600 N,062 46.312400 W,2.5,169.0,A,Primary,Headline,10.081633,D,P,76823.000000
Thu Jul 31 18:27:21 2025,31-Jul-2025,212724,46 59.478100 N,062 46.312300 W,2.3,169.2,A,Primary,Headline,10.081633,D,P,76823.000000
Thu Jul 31 18:27:21 2025,31-Jul-2025,212725,46 59.477600 N,062 46.311900 W,2.3,169.1,A,Primary,Headline,10.081633,D,P,76823.000000
Thu Jul 31 18:27:23 2025,31-Jul-2025,212726,46 59.477000 N,062 46.311500 W,2.3,168.4,A,DoorSpread,DoorMaster,29.700000,D,S,93832.000000
Thu Jul 31 18:27:23 2025,31-Jul-2025,212727,46 59.476400 N,062 46.311000 W,2.3,167.6,A,DoorSpread,DoorMaster,29.700000,D,S,93832.000000
Thu Jul 31 18:27:26 2025,31-Jul-2025,212728,46 59.475800 N,062 46.310600 W,2.3,167.1,A,Primary,Headline,9.204082,D,P,71219.000000
Thu Jul 31 18:27:26 2025,31-Jul-2025,212729,46 59.475200 N,062 46.310300 W,2.3,166.8,A,Primary,Headline,9.204082,D,P,71219.000000
Thu Jul 31 18:27:26 2025,31-Jul-2025,212730,46 59.474600 N,062 46.310100 W,2.2,166.6,A,Primary,Headline,9.204082,D,P,71219.000000
Thu Jul 31 18:27:26 2025,31-Jul-2025,212731,46 59.474100 N,062 46.309800 W,2.2,166.5,A,Primary,Headline,9.204082,D,P,71219.000000
Thu Jul 31 18:27:26 2025,31-Jul-2025,212732,46 59.473500 N,062 46.309500 W,2.2,166.3,A,Primary,Headline,9.204082,D,P,71219.000000
Thu Jul 31 18:27:31 2025,31-Jul-2025,212733,46 59.472900 N,062 46.309300 W,2.1,166.1,A,Primary,Headline,7.530612,D,P,177814.000000
Thu Jul 31 18:27:31 2025,31-Jul-2025,212734,46 59.472400 N,062 46.309200 W,2.2,166.0,A,Primary,Headline,7.530612,D,P,177814.000000
Thu Jul 31 18:27:31 2025,31-Jul-2025,212735,46 59.471800 N,062 46.309100 W,2.1,166.0,A,Primary,Headline,7.530612,D,P,177814.000000
Thu Jul 31 18:27:31 2025,31-Jul-2025,212736,46 59.471300 N,062 46.309000 W,2.2,166.2,A,Primary,Headline,7.530612,D,P,177814.000000
Thu Jul 31 18:27:31 2025,31-Jul-2025,212737,46 59.470700 N,062 46.308900 W,2.2,166.4,A,Primary,Headline,7.530612,D,P,177814.000000
Thu Jul 31 18:27:31 2025,31-Jul-2025,212738,46 59.470100 N,062 46.308700 W,2.1,166.5,A,Primary,Headline,7.530612,D,P,177814.000000
Thu Jul 31 18:27:36 2025,31-Jul-2025,212739,46 59.469700 N,062 46.308600 W,2.1,166.5,A,Primary,Headline,6.428571,D,P,117330.000000
Thu Jul 31 18:27:36 2025,31-Jul-2025,212740,46 59.469200 N,062 46.308400 W,2.0,166.5,A,Primary,Headline,6.428571,D,P,117330.000000
Thu Jul 31 18:27:39 2025,31-Jul-2025,212741,46 59.468600 N,062 46.308200 W,2.1,166.3,A,DoorSpread,DoorMaster,5.500000,D,P,78368.000000
Thu Jul 31 18:27:39 2025,31-Jul-2025,212742,46 59.468000 N,062 46.308000 W,2.1,166.4,A,DoorSpread,DoorMaster,5.500000,D,P,78368.000000
Thu Jul 31 18:27:40 2025,31-Jul-2025,212743,46 59.467400 N,062 46.307800 W,2.2,166.7,A,Depth,Depth,64.074074,D,S,81866.000000
Thu Jul 31 18:27:41 2025,31-Jul-2025,212744,46 59.466800 N,062 46.307500 W,2.2,166.7,A,Primary,Headline,4.448980,D,S,70458.000000
Thu Jul 31 18:27:41 2025,31-Jul-2025,212745,46 59.466300 N,062 46.307200 W,2.1,166.6,A,Primary,Headline,4.448980,D,S,70458.000000
Thu Jul 31 18:27:41 2025,31-Jul-2025,212746,46 59.465800 N,062 46.306900 W,2.1,166.5,A,Primary,Headline,4.448980,D,S,70458.000000
Thu Jul 31 18:27:44 2025,31-Jul-2025,212747,46 59.465300 N,062 46.306600 W,2.1,166.5,A,DoorSpread,DoorMaster,5.685000,D,S,281171.000000
Thu Jul 31 18:27:44 2025,31-Jul-2025,212748,46 59.464800 N,062 46.306400 W,2.1,166.6,A,DoorSpread,DoorMaster,5.685000,D,S,281171.000000
Thu Jul 31 18:27:46 2025,31-Jul-2025,212749,46 59.464200 N,062 46.306100 W,2.2,166.9,A,Primary,Headline,3.693878,D,S,72561.000000
Thu Jul 31 18:27:48 2025,31-Jul-2025,212750,46 59.463700 N,062 46.305800 W,2.2,167.1,A,Depth,Depth,66.018519,D,P,44326.000000
Thu Jul 31 18:27:48 2025,31-Jul-2025,212751,46 59.463200 N,062 46.305500 W,2.1,167.1,A,Depth,Depth,66.018519,D,P,44326.000000
Thu Jul 31 18:27:50 2025,31-Jul-2025,212752,46 59.462700 N,062 46.305200 W,2.1,166.9,A,DoorSpread,DoorMaster,5.980000,D,S,259537.000000
Thu Jul 31 18:27:50 2025,31-Jul-2025,212753,46 59.462200 N,062 46.305000 W,2.1,166.6,A,DoorSpread,DoorMaster,6.005000,D,P,156816.000000
Thu Jul 31 18:27:51 2025,31-Jul-2025,212754,46 59.461700 N,062 46.304800 W,2.1,166.6,A,Primary,Headline,2.693878,D,S,147068.000000
Thu Jul 31 18:27:51 2025,31-Jul-2025,212755,46 59.461000 N,062 46.304800 W,2.1,166.7,A,Primary,Headline,2.693878,D,S,147068.000000
Thu Jul 31 18:27:51 2025,31-Jul-2025,212756,46 59.460400 N,062 46.304800 W,2.1,166.8,A,Primary,Headline,2.693878,D,S,147068.000000
Thu Jul 31 18:27:55 2025,31-Jul-2025,212757,46 59.459900 N,062 46.304700 W,2.1,166.7,A,Depth,Depth,67.222222,D,S,121157.000000
Thu Jul 31 18:27:56 2025,31-Jul-2025,212758,46 59.459300 N,062 46.304500 W,2.1,166.6,A,DoorSpread,DoorMaster,6.615000,D,S,69729.000000
Thu Jul 31 18:27:57 2025,31-Jul-2025,212759,46 59.458800 N,062 46.304400 W,2.1,166.4,A,Primary,Headline,2.244898,D,P,185929.000000
Thu Jul 31 18:27:57 2025,31-Jul-2025,212800,46 59.458100 N,062 46.304100 W,2.1,166.4,A,Primary,Headline,2.244898,D,P,185929.000000
Thu Jul 31 18:27:57 2025,31-Jul-2025,212801,46 59.457500 N,062 46.304000 W,2.1,166.3,A,Primary,Headline,2.244898,D,P,185929.000000
Thu Jul 31 18:27:57 2025,31-Jul-2025,212802,46 59.457000 N,062 46.303800 W,2.0,166.1,A,Primary,Headline,2.244898,D,P,185929.000000
Thu Jul 31 18:27:57 2025,31-Jul-2025,212803,46 59.456500 N,062 46.303600 W,2.0,166.0,A,Primary,Headline,2.244898,D,P,185929.000000
Thu Jul 31 18:28:02 2025,31-Jul-2025,212804,46 59.455900 N,062 46.303300 W,2.0,166.0,A,Primary,Headline,2.306122,D,S,134002.000000
Thu Jul 31 18:28:02 2025,31-Jul-2025,212805,46 59.455200 N,062 46.303200 W,2.0,166.3,A,Depth,Depth,68.333333,D,S,118080.000000
Thu Jul 31 18:28:02 2025,31-Jul-2025,212806,46 59.454600 N,062 46.303100 W,2.1,166.4,A,Depth,Depth,68.333333,D,S,118080.000000
Thu Jul 31 18:28:02 2025,31-Jul-2025,212807,46 59.454100 N,062 46.302900 W,2.1,166.0,A,Depth,Depth,68.333333,D,S,118080.000000
Thu Jul 31 18:28:02 2025,31-Jul-2025,212808,46 59.453600 N,062 46.302800 W,2.0,165.6,A,Depth,Depth,68.333333,D,S,118080.000000
Thu Jul 31 18:28:07 2025,31-Jul-2025,212809,46 59.453100 N,062 46.302600 W,2.0,165.4,A,DoorSpread,DoorMaster,6.525000,D,S,240042.000000
Thu Jul 31 18:28:07 2025,31-Jul-2025,212810,46 59.452500 N,062 46.302500 W,2.1,165.2,A,DoorSpread,DoorMaster,6.525000,D,S,240042.000000
Thu Jul 31 18:28:07 2025,31-Jul-2025,212811,46 59.451900 N,062 46.302300 W,2.1,164.8,A,DoorSpread,DoorMaster,6.525000,D,S,240042.000000
Thu Jul 31 18:28:09 2025,31-Jul-2025,212812,46 59.451400 N,062 46.302100 W,2.1,164.6,A,Depth,Depth,68.333333,D,S,67328.000000
Thu Jul 31 18:28:09 2025,31-Jul-2025,212813,46 59.450900 N,062 46.302000 W,2.1,164.7,A,Depth,Depth,68.333333,D,S,67328.000000
Thu Jul 31 18:28:11 2025,31-Jul-2025,212814,46 59.450300 N,062 46.302000 W,2.1,165.2,A,Primary,Headline,1.530612,D,S,90647.000000
Thu Jul 31 18:28:13 2025,31-Jul-2025,212815,46 59.449600 N,062 46.301800 W,2.2,165.1,A,DoorSpread,DoorMaster,6.530000,D,S,69953.000000
Thu Jul 31 18:28:13 2025,31-Jul-2025,212816,46 59.449100 N,062 46.301400 W,2.1,164.7,A,DoorSpread,DoorMaster,6.530000,D,S,69953.000000
Thu Jul 31 18:28:13 2025,31-Jul-2025,212817,46 59.448600 N,062 46.300900 W,2.1,164.3,A,DoorSpread,DoorMaster,6.530000,D,S,69953.000000
Thu Jul 31 18:28:13 2025,31-Jul-2025,212818,46 59.447900 N,062 46.300500 W,2.2,164.2,A,DoorSpread,DoorMaster,6.530000,D,S,69953.000000
Thu Jul 31 18:28:17 2025,31-Jul-2025,212819,46 59.447200 N,062 46.300200 W,2.3,164.5,A,Primary,Headline,2.000000,D,P,60215.000000
Thu Jul 31 18:28:18 2025,31-Jul-2025,212820,46 59.446600 N,062 46.299900 W,2.2,164.6,A,DoorSpread,DoorMaster,6.970000,D,S,62937.000000
Thu Jul 31 18:28:18 2025,31-Jul-2025,212821,46 59.446100 N,062 46.299800 W,2.2,164.7,A,DoorSpread,DoorMaster,6.970000,D,S,62937.000000
Thu Jul 31 18:28:18 2025,31-Jul-2025,212822,46 59.445500 N,062 46.299700 W,2.2,164.8,A,DoorSpread,DoorMaster,6.970000,D,S,62937.000000
Thu Jul 31 18:28:18 2025,31-Jul-2025,212823,46 59.444900 N,062 46.299700 W,2.3,165.0,A,DoorSpread,DoorMaster,6.970000,D,S,62937.000000
Thu Jul 31 18:28:22 2025,31-Jul-2025,212824,46 59.444300 N,062 46.299600 W,2.3,165.1,A,Primary,Headline,1.489796,D,S,83897.000000
Thu Jul 31 18:28:22 2025,31-Jul-2025,212825,46 59.443600 N,062 46.299400 W,2.3,165.3,A,Primary,Headline,1.489796,D,S,83897.000000
Thu Jul 31 18:28:24 2025,31-Jul-2025,212826,46 59.442900 N,062 46.299300 W,2.3,165.4,A,DoorSpread,DoorMaster,6.730000,D,S,85122.000000
Thu Jul 31 18:28:24 2025,31-Jul-2025,212827,46 59.442300 N,062 46.299100 W,2.2,165.2,A,DoorSpread,DoorMaster,6.730000,D,S,85122.000000
Thu Jul 31 18:28:24 2025,31-Jul-2025,212828,46 59.441800 N,062 46.298800 W,2.2,164.9,A,DoorSpread,DoorMaster,6.730000,D,S,85122.000000
Thu Jul 31 18:28:24 2025,31-Jul-2025,212829,46 59.441200 N,062 46.298500 W,2.2,164.5,A,DoorSpread,DoorMaster,6.730000,D,S,85122.000000
Thu Jul 31 18:28:27 2025,31-Jul-2025,212830,46 59.440400 N,062 46.298300 W,2.4,164.8,A,Secondary,Headline,7.877551,D,P,83023.000000
Thu Jul 31 18:28:27 2025,31-Jul-2025,212831,46 59.439600 N,062 46.298000 W,2.4,164.8,A,Secondary,Headline,7.877551,D,P,83023.000000
Thu Jul 31 18:28:29 2025,31-Jul-2025,212832,46 59.439000 N,062 46.297600 W,2.3,164.8,A,DoorSpread,DoorMaster,7.300000,D,S,208961.000000
Thu Jul 31 18:28:29 2025,31-Jul-2025,212833,46 59.438500 N,062 46.297200 W,2.3,164.7,A,DoorSpread,DoorMaster,7.300000,D,S,208961.000000
Thu Jul 31 18:28:29 2025,31-Jul-2025,212834,46 59.438000 N,062 46.296800 W,2.2,164.2,A,DoorSpread,DoorMaster,7.300000,D,S,208961.000000
Thu Jul 31 18:28:29 2025,31-Jul-2025,212835,46 59.437500 N,062 46.296400 W,2.2,163.8,A,DoorSpread,DoorMaster,7.300000,D,S,208961.000000
Thu Jul 31 18:28:29 2025,31-Jul-2025,212836,46 59.436800 N,062 46.296100 W,2.3,163.8,A,DoorSpread,DoorMaster,7.300000,D,S,208961.000000
Thu Jul 31 18:28:29 2025,31-Jul-2025,212837,46 59.436100 N,062 46.295900 W,2.3,164.0,A,DoorSpread,DoorMaster,7.300000,D,S,208961.000000
Thu Jul 31 18:28:35 2025,31-Jul-2025,212838,46 59.435600 N,062 46.295700 W,2.3,164.1,A,DoorSpread,DoorMaster,7.055000,D,P,71555.000000
Thu Jul 31 18:28:35 2025,31-Jul-2025,212839,46 59.435100 N,062 46.295400 W,2.2,164.1,A,DoorSpread,DoorMaster,7.055000,D,P,71555.000000
Thu Jul 31 18:28:35 2025,31-Jul-2025,212840,46 59.434600 N,062 46.295100 W,2.2,164.0,A,DoorSpread,DoorMaster,7.055000,D,P,71555.000000
Thu Jul 31 18:28:35 2025,31-Jul-2025,212841,46 59.434100 N,062 46.295000 W,2.2,164.2,A,DoorSpread,DoorMaster,7.055000,D,P,71555.000000
Thu Jul 31 18:28:35 2025,31-Jul-2025,212842,46 59.433500 N,062 46.295000 W,2.2,164.6,A,DoorSpread,DoorMaster,7.055000,D,P,71555.000000
Thu Jul 31 18:28:41 2025,31-Jul-2025,212843,46 59.432800 N,062 46.294900 W,2.2,164.5,A,DoorSpread,DoorMaster,7.205000,D,S,149917.000000
Thu Jul 31 18:28:41 2025,31-Jul-2025,212844,46 59.432200 N,062 46.294800 W,2.2,164.4,A,DoorSpread,DoorMaster,7.205000,D,S,149917.000000
Thu Jul 31 18:28:41 2025,31-Jul-2025,212845,46 59.431700 N,062 46.294600 W,2.2,164.4,A,DoorSpread,DoorMaster,7.205000,D,S,149917.000000
Thu Jul 31 18:28:41 2025,31-Jul-2025,212846,46 59.431200 N,062 46.294300 W,2.2,164.3,A,DoorSpread,DoorMaster,7.205000,D,S,149917.000000
Thu Jul 31 18:28:41 2025,31-Jul-2025,212847,46 59.430600 N,062 46.293900 W,2.2,164.1,A,DoorSpread,DoorMaster,7.205000,D,S,149917.000000
Thu Jul 31 18:28:41 2025,31-Jul-2025,212848,46 59.429900 N,062 46.293500 W,2.2,163.9,A,DoorSpread,DoorMaster,7.205000,D,S,149917.000000
Thu Jul 31 18:28:46 2025,31-Jul-2025,212849,46 59.429200 N,062 46.293100 W,2.3,163.6,A,DoorSpread,DoorMaster,7.425000,D,S,267501.000000
Thu Jul 31 18:28:46 2025,31-Jul-2025,212850,46 59.428500 N,062 46.292900 W,2.3,163.5,A,DoorSpread,DoorMaster,7.425000,D,S,267501.000000
Thu Jul 31 18:28:46 2025,31-Jul-2025,212851,46 59.427800 N,062 46.292700 W,2.2,163.5,A,DoorSpread,DoorMaster,7.425000,D,S,267501.000000
Thu Jul 31 18:28:46 2025,31-Jul-2025,212852,46 59.427300 N,062 46.292500 W,2.2,163.4,A,DoorSpread,DoorMaster,7.425000,D,S,267501.000000
Thu Jul 31 18:28:46 2025,31-Jul-2025,212853,46 59.426700 N,062 46.292100 W,2.2,163.1,A,DoorSpread,DoorMaster,7.425000,D,S,267501.000000
Thu Jul 31 18:28:52 2025,31-Jul-2025,212854,46 59.425900 N,062 46.291600 W,2.3,163.0,A,DoorSpread,DoorMaster,7.510000,D,S,252545.000000
Thu Jul 31 18:28:52 2025,31-Jul-2025,212855,46 59.425000 N,062 46.291200 W,2.4,163.2,A,DoorSpread,DoorMaster,7.510000,D,S,252545.000000
Thu Jul 31 18:28:52 2025,31-Jul-2025,212856,46 59.424400 N,062 46.290800 W,2.3,163.1,A,DoorSpread,DoorMaster,7.510000,D,S,252545.000000
Thu Jul 31 18:28:52 2025,31-Jul-2025,212857,46 59.423900 N,062 46.290400 W,2.2,162.7,A,DoorSpread,DoorMaster,7.510000,D,S,252545.000000
Thu Jul 31 18:28:52 2025,31-Jul-2025,212858,46 59.423400 N,062 46.289900 W,2.2,162.5,A,DoorSpread,DoorMaster,7.510000,D,S,252545.000000
Thu Jul 31 18:28:52 2025,31-Jul-2025,212859,46 59.422700 N,062 46.289700 W,2.2,162.9,A,DoorSpread,DoorMaster,7.510000,D,S,252545.000000
Thu Jul 31 18:28:58 2025,31-Jul-2025,212900,46 59.421800 N,062 46.289300 W,2.3,163.1,A,DoorSpread,DoorMaster,7.570000,D,S,47697.000000
Thu Jul 31 18:28:58 2025,31-Jul-2025,212901,46 59.421000 N,062 46.288800 W,2.4,162.9,A,DoorSpread,DoorMaster,7.570000,D,S,47697.000000
Thu Jul 31 18:28:58 2025,31-Jul-2025,212902,46 59.420400 N,062 46.288300 W,2.4,162.6,A,DoorSpread,DoorMaster,7.570000,D,S,47697.000000
Thu Jul 31 18:28:58 2025,31-Jul-2025,212903,46 59.419800 N,062 46.287900 W,2.3,162.5,A,DoorSpread,DoorMaster,7.570000,D,S,47697.000000
Thu Jul 31 18:28:58 2025,31-Jul-2025,212904,46 59.419400 N,062 46.287800 W,2.3,162.6,A,DoorSpread,DoorMaster,7.570000,D,S,47697.000000
Thu Jul 31 18:28:58 2025,31-Jul-2025,212905,46 59.418700 N,062 46.287600 W,2.3,162.5,A,DoorSpread,DoorMaster,7.570000,D,S,47697.000000
Thu Jul 31 18:29:03 2025,31-Jul-2025,212906,46 59.418000 N,062 46.287200 W,2.4,162.2,A,DoorSpread,DoorMaster,7.650000,D,P,30451.000000
Thu Jul 31 18:29:03 2025,31-Jul-2025,212907,46 59.417300 N,062 46.286900 W,2.4,162.2,A,DoorSpread,DoorMaster,7.650000,D,P,30451.000000
Thu Jul 31 18:29:05 2025,31-Jul-2025,212908,46 59.416600 N,062 46.286700 W,2.4,162.5,A,Secondary,Headline,16.040816,D,S,40505.000000
Thu Jul 31 18:29:05 2025,31-Jul-2025,212909,46 59.416000 N,062 46.286400 W,2.4,162.8,A,Secondary,Headline,16.040816,D,S,40505.000000
Thu Jul 31 18:29:05 2025,31-Jul-2025,212910,46 59.415400 N,062 46.286100 W,2.3,162.3,A,Secondary,Headline,16.040816,D,S,40505.000000
Thu Jul 31 18:29:05 2025,31-Jul-2025,212911,46 59.414900 N,062 46.285600 W,2.3,161.9,A,Secondary,Headline,16.040816,D,S,40505.000000
Thu Jul 31 18:29:09 2025,31-Jul-2025,212912,46 59.414400 N,062 46.285400 W,2.4,161.9,A,DoorSpread,DoorMaster,7.385000,D,S,195830.000000
Thu Jul 31 18:29:09 2025,31-Jul-2025,212913,46 59.413700 N,062 46.285200 W,2.4,161.9,A,DoorSpread,DoorMaster,7.385000,D,S,195830.000000
Thu Jul 31 18:29:09 2025,31-Jul-2025,212914,46 59.413300 N,062 46.284900 W,2.2,161.7,A,DoorSpread,DoorMaster,7.385000,D,S,195830.000000
Thu Jul 31 18:29:09 2025,31-Jul-2025,212915,46 59.413000 N,062 46.284500 W,2.1,161.3,A,DoorSpread,DoorMaster,7.385000,D,S,195830.000000
Thu Jul 31 18:29:09 2025,31-Jul-2025,212916,46 59.412500 N,062 46.284100 W,2.2,161.1,A,DoorSpread,DoorMaster,7.385000,D,S,195830.000000
Thu Jul 31 18:29:15 2025,31-Jul-2025,212917,46 59.411900 N,062 46.283800 W,2.2,160.8,A,DoorSpread,DoorMaster,7.500000,D,S,216022.000000
Thu Jul 31 18:29:15 2025,31-Jul-2025,212918,46 59.411400 N,062 46.283400 W,2.2,160.6,A,DoorSpread,DoorMaster,7.500000,D,S,216022.000000
Thu Jul 31 18:29:15 2025,31-Jul-2025,212919,46 59.410700 N,062 46.283100 W,2.2,161.1,A,DoorSpread,DoorMaster,7.500000,D,S,216022.000000
Thu Jul 31 18:29:15 2025,31-Jul-2025,212920,46 59.410100 N,062 46.283000 W,2.2,161.7,A,DoorSpread,DoorMaster,7.500000,D,S,216022.000000
Thu Jul 31 18:29:15 2025,31-Jul-2025,212921,46 59.409500 N,062 46.282700 W,2.3,162.0,A,DoorSpread,DoorMaster,7.500000,D,S,216022.000000
Thu Jul 31 18:29:15 2025,31-Jul-2025,212922,46 59.408900 N,062 46.282300 W,2.3,161.9,A,DoorSpread,DoorMaster,7.500000,D,S,216022.000000
Thu Jul 31 18:29:21 2025,31-Jul-2025,212923,46 59.408400 N,062 46.281900 W,2.2,161.7,A,DoorSpread,DoorMaster,7.490000,D,S,153761.000000
Thu Jul 31 18:29:21 2025,31-Jul-2025,212924,46 59.407800 N,062 46.281600 W,2.2,161.7,A,DoorSpread,DoorMaster,7.490000,D,S,153761.000000
Thu Jul 31 18:29:21 2025,31-Jul-2025,212925,46 59.407100 N,062 46.281400 W,2.3,161.9,A,DoorSpread,DoorMaster,7.490000,D,S,153761.000000
Thu Jul 31 18:29:21 2025,31-Jul-2025,212926,46 59.406400 N,062 46.281200 W,2.3,161.9,A,DoorSpread,DoorMaster,7.490000,D,S,153761.000000
Thu Jul 31 18:29:21 2025,31-Jul-2025,212927,46 59.405900 N,062 46.280900 W,2.2,161.8,A,DoorSpread,DoorMaster,7.490000,D,S,153761.000000
Thu Jul 31 18:29:21 2025,31-Jul-2025,212928,46 59.405300 N,062 46.280600 W,2.2,161.8,A,DoorSpread,DoorMaster,7.490000,D,S,153761.000000
Thu Jul 31 18:29:26 2025,31-Jul-2025,212929,46 59.404800 N,062 46.280400 W,2.1,161.7,A,DoorSpread,DoorMaster,7.570000,D,S,45497.000000
Thu Jul 31 18:29:26 2025,31-Jul-2025,212930,46 59.404400 N,062 46.280100 W,2.0,161.4,A,DoorSpread,DoorMaster,7.570000,D,S,45497.000000
Thu Jul 31 18:29:26 2025,31-Jul-2025,212931,46 59.404000 N,062 46.279800 W,2.1,160.6,A,DoorSpread,DoorMaster,7.570000,D,S,45497.000000
Thu Jul 31 18:29:26 2025,31-Jul-2025,212932,46 59.403500 N,062 46.279500 W,2.0,160.2,A,DoorSpread,DoorMaster,7.570000,D,S,45497.000000
Thu Jul 31 18:29:26 2025,31-Jul-2025,212933,46 59.403000 N,062 46.279300 W,2.0,159.9,A,DoorSpread,DoorMaster,7.570000,D,S,45497.000000
Thu Jul 31 18:29:32 2025,31-Jul-2025,212934,46 59.402500 N,062 46.279100 W,2.0,160.0,A,DoorSpread,DoorMaster,7.585000,D,S,37641.000000
Thu Jul 31 18:29:32 2025,31-Jul-2025,212935,46 59.402000 N,062 46.278900 W,2.0,159.8,A,DoorSpread,DoorMaster,7.585000,D,S,37641.000000
Thu Jul 31 18:29:32 2025,31-Jul-2025,212936,46 59.401600 N,062 46.278500 W,2.0,159.5,A,DoorSpread,DoorMaster,7.585000,D,S,37641.000000
Thu Jul 31 18:29:32 2025,31-Jul-2025,212937,46 59.401100 N,062 46.278100 W,2.0,159.1,A,DoorSpread,DoorMaster,7.585000,D,S,37641.000000
Thu Jul 31 18:29:32 2025,31-Jul-2025,212938,46 59.400600 N,062 46.277900 W,2.1,159.3,A,DoorSpread,DoorMaster,7.585000,D,S,37641.000000
Thu Jul 31 18:29:32 2025,31-Jul-2025,212939,46 59.400000 N,062 46.277700 W,2.1,159.8,A,DoorSpread,DoorMaster,7.585000,D,S,37641.000000
Thu Jul 31 18:29:37 2025,31-Jul-2025,212940,46 59.399600 N,062 46.277500 W,2.0,160.1,A,DoorSpread,DoorMaster,7.335000,D,S,63909.000000
Thu Jul 31 18:29:37 2025,31-Jul-2025,212941,46 59.399200 N,062 46.277200 W,2.0,160.0,A,DoorSpread,DoorMaster,7.335000,D,S,63909.000000
Thu Jul 31 18:29:37 2025,31-Jul-2025,212942,46 59.398800 N,062 46.276900 W,2.0,160.0,A,DoorSpread,DoorMaster,7.335000,D,S,63909.000000
Thu Jul 31 18:29:37 2025,31-Jul-2025,212943,46 59.398200 N,062 46.276800 W,2.0,160.1,A,DoorSpread,DoorMaster,7.335000,D,S,63909.000000
Thu Jul 31 18:29:37 2025,31-Jul-2025,212944,46 59.397800 N,062 46.276600 W,2.0,160.2,A,DoorSpread,DoorMaster,7.335000,D,S,63909.000000
Thu Jul 31 18:29:37 2025,31-Jul-2025,212945,46 59.397400 N,062 46.276300 W,1.9,160.0,A,DoorSpread,DoorMaster,7.335000,D,S,63909.000000
Thu Jul 31 18:29:43 2025,31-Jul-2025,212946,46 59.397000 N,062 46.276000 W,1.9,159.8,A,DoorSpread,DoorMaster,8.210000,D,S,49843.000000
Thu Jul 31 18:29:43 2025,31-Jul-2025,212947,46 59.396500 N,062 46.275800 W,1.9,159.7,A,DoorSpread,DoorMaster,8.210000,D,S,49843.000000
Thu Jul 31 18:29:43 2025,31-Jul-2025,212948,46 59.396100 N,062 46.275500 W,1.9,159.5,A,DoorSpread,DoorMaster,8.210000,D,S,49843.000000
Thu Jul 31 18:29:43 2025,31-Jul-2025,212949,46 59.395600 N,062 46.275300 W,1.9,159.2,A,DoorSpread,DoorMaster,8.210000,D,S,49843.000000
Thu Jul 31 18:29:43 2025,31-Jul-2025,212950,46 59.394900 N,062 46.275000 W,2.0,159.2,A,DoorSpread,DoorMaster,8.210000,D,S,49843.000000
Thu Jul 31 18:29:49 2025,31-Jul-2025,212951,46 59.394300 N,062 46.274800 W,2.0,159.6,A,DoorSpread,DoorMaster,7.700000,D,S,114329.000000
Thu Jul 31 18:29:49 2025,31-Jul-2025,212952,46 59.393700 N,062 46.274600 W,2.0,159.9,A,DoorSpread,DoorMaster,7.700000,D,S,114329.000000
Thu Jul 31 18:29:49 2025,31-Jul-2025,212953,46 59.393300 N,062 46.274200 W,2.0,159.0,A,DoorSpread,DoorMaster,7.700000,D,S,114329.000000
Thu Jul 31 18:29:49 2025,31-Jul-2025,212954,46 59.392800 N,062 46.273700 W,2.0,158.2,A,DoorSpread,DoorMaster,7.700000,D,S,114329.000000
Thu Jul 31 18:29:49 2025,31-Jul-2025,212955,46 59.392200 N,062 46.273400 W,2.1,158.0,A,DoorSpread,DoorMaster,7.700000,D,S,114329.000000
Thu Jul 31 18:29:49 2025,31-Jul-2025,212956,46 59.391600 N,062 46.273300 W,2.1,158.5,A,DoorSpread,DoorMaster,7.700000,D,S,114329.000000
Thu Jul 31 18:29:54 2025,31-Jul-2025,212957,46 59.391000 N,062 46.273000 W,2.2,158.5,A,DoorSpread,DoorMaster,7.805000,D,P,197367.000000
Thu Jul 31 18:29:54 2025,31-Jul-2025,212958,46 59.390500 N,062 46.272600 W,2.1,158.3,A,DoorSpread,DoorMaster,7.805000,D,P,197367.000000
Thu Jul 31 18:29:54 2025,31-Jul-2025,212959,46 59.390000 N,062 46.272400 W,2.1,158.6,A,DoorSpread,DoorMaster,7.805000,D,P,197367.000000
Thu Jul 31 18:29:54 2025,31-Jul-2025,213000,46 59.389500 N,062 46.272300 W,2.1,159.0,A,DoorSpread,DoorMaster,7.805000,D,P,197367.000000
Thu Jul 31 18:29:54 2025,31-Jul-2025,213001,46 59.388900 N,062 46.272100 W,2.1,159.5,A,DoorSpread,DoorMaster,7.805000,D,P,197367.000000
Thu Jul 31 18:30:00 2025,31-Jul-2025,213002,46 59.388300 N,062 46.271800 W,2.1,159.4,A,DoorSpread,DoorMaster,7.560000,D,S,213645.000000
Thu Jul 31 18:30:00 2025,31-Jul-2025,213003,46 59.387700 N,062 46.271300 W,2.1,159.0,A,DoorSpread,DoorMaster,7.585000,D,P,214172.000000
Thu Jul 31 18:30:00 2025,31-Jul-2025,213004,46 59.387100 N,062 46.271000 W,2.1,158.8,A,DoorSpread,DoorMaster,7.585000,D,P,214172.000000
Thu Jul 31 18:30:00 2025,31-Jul-2025,213005,46 59.386700 N,062 46.270700 W,2.0,158.6,A,DoorSpread,DoorMaster,7.585000,D,P,214172.000000
Thu Jul 31 18:30:00 2025,31-Jul-2025,213006,46 59.386300 N,062 46.270500 W,2.0,158.1,A,DoorSpread,DoorMaster,7.585000,D,P,214172.000000
Thu Jul 31 18:30:00 2025,31-Jul-2025,213007,46 59.385800 N,062 46.270100 W,2.1,157.7,A,DoorSpread,DoorMaster,7.585000,D,P,214172.000000
Thu Jul 31 18:30:06 2025,31-Jul-2025,213008,46 59.385100 N,062 46.269800 W,2.1,157.6,A,DoorSpread,DoorMaster,7.430000,D,S,351177.000000
Thu Jul 31 18:30:06 2025,31-Jul-2025,213009,46 59.384500 N,062 46.269600 W,2.2,157.9,A,DoorSpread,DoorMaster,7.430000,D,S,351177.000000
Thu Jul 31 18:30:06 2025,31-Jul-2025,213010,46 59.383900 N,062 46.269400 W,2.2,158.3,A,DoorSpread,DoorMaster,7.430000,D,S,351177.000000
Thu Jul 31 18:30:06 2025,31-Jul-2025,213011,46 59.383300 N,062 46.269100 W,2.2,158.5,A,DoorSpread,DoorMaster,7.430000,D,S,351177.000000
Thu Jul 31 18:30:06 2025,31-Jul-2025,213012,46 59.382800 N,062 46.268700 W,2.1,158.4,A,DoorSpread,DoorMaster,7.430000,D,S,351177.000000
Thu Jul 31 18:30:06 2025,31-Jul-2025,213013,46 59.382300 N,062 46.268400 W,2.2,158.1,A,DoorSpread,DoorMaster,7.430000,D,S,351177.000000
Thu Jul 31 18:30:12 2025,31-Jul-2025,213014,46 59.381800 N,062 46.268000 W,2.2,157.8,A,DoorSpread,DoorMaster,7.405000,D,S,154366.000000
Thu Jul 31 18:30:12 2025,31-Jul-2025,213015,46 59.381300 N,062 46.267600 W,2.2,157.4,A,DoorSpread,DoorMaster,7.405000,D,S,154366.000000
Thu Jul 31 18:30:12 2025,31-Jul-2025,213016,46 59.380800 N,062 46.267300 W,2.2,157.2,A,DoorSpread,DoorMaster,7.405000,D,S,154366.000000
Thu Jul 31 18:30:12 2025,31-Jul-2025,213017,46 59.380400 N,062 46.266900 W,2.1,156.9,A,DoorSpread,DoorMaster,7.405000,D,S,154366.000000
Thu Jul 31 18:30:12 2025,31-Jul-2025,213018,46 59.380000 N,062 46.266400 W,2.1,156.3,A,DoorSpread,DoorMaster,7.405000,D,S,154366.000000
Thu Jul 31 18:30:12 2025,31-Jul-2025,213019,46 59.379500 N,062 46.265900 W,2.2,155.8,A,DoorSpread,DoorMaster,7.405000,D,S,154366.000000
Thu Jul 31 18:30:17 2025,31-Jul-2025,213020,46 59.378800 N,062 46.265400 W,2.2,155.4,A,DoorSpread,DoorMaster,7.340000,D,S,236131.000000
Thu Jul 31 18:30:17 2025,31-Jul-2025,213021,46 59.378200 N,062 46.265100 W,2.2,155.4,A,DoorSpread,DoorMaster,7.340000,D,S,236131.000000
Thu Jul 31 18:30:17 2025,31-Jul-2025,213022,46 59.377500 N,062 46.264800 W,2.2,155.5,A,DoorSpread,DoorMaster,7.340000,D,S,236131.000000
Thu Jul 31 18:30:17 2025,31-Jul-2025,213023,46 59.376800 N,062 46.264600 W,2.2,155.7,A,DoorSpread,DoorMaster,7.340000,D,S,236131.000000
Thu Jul 31 18:30:17 2025,31-Jul-2025,213024,46 59.376200 N,062 46.264300 W,2.2,155.9,A,DoorSpread,DoorMaster,7.340000,D,S,236131.000000
Thu Jul 31 18:30:23 2025,31-Jul-2025,213025,46 59.375500 N,062 46.263900 W,2.2,156.0,A,DoorSpread,DoorMaster,7.480000,D,P,356427.000000
Thu Jul 31 18:30:23 2025,31-Jul-2025,213026,46 59.374900 N,062 46.263500 W,2.2,155.8,A,DoorSpread,DoorMaster,7.480000,D,P,356427.000000
Thu Jul 31 18:30:23 2025,31-Jul-2025,213027,46 59.374200 N,062 46.263100 W,2.3,155.9,A,DoorSpread,DoorMaster,7.480000,D,P,356427.000000
Thu Jul 31 18:30:23 2025,31-Jul-2025,213028,46 59.373400 N,062 46.262700 W,2.3,156.1,A,DoorSpread,DoorMaster,7.480000,D,P,356427.000000
Thu Jul 31 18:30:23 2025,31-Jul-2025,213029,46 59.372800 N,062 46.262300 W,2.3,156.3,A,DoorSpread,DoorMaster,7.480000,D,P,356427.000000
Thu Jul 31 18:30:23 2025,31-Jul-2025,213030,46 59.372100 N,062 46.261900 W,2.3,156.6,A,DoorSpread,DoorMaster,7.480000,D,P,356427.000000
Thu Jul 31 18:30:28 2025,31-Jul-2025,213031,46 59.371400 N,062 46.261700 W,2.2,157.1,A,DoorSpread,DoorMaster,7.425000,D,S,52861.000000
Thu Jul 31 18:30:28 2025,31-Jul-2025,213032,46 59.370800 N,062 46.261400 W,2.2,157.4,A,DoorSpread,DoorMaster,7.425000,D,S,52861.000000
Thu Jul 31 18:30:28 2025,31-Jul-2025,213033,46 59.370300 N,062 46.261000 W,2.2,156.8,A,DoorSpread,DoorMaster,7.425000,D,S,52861.000000
Thu Jul 31 18:30:28 2025,31-Jul-2025,213034,46 59.369800 N,062 46.260600 W,2.2,156.4,A,DoorSpread,DoorMaster,7.425000,D,S,52861.000000
Thu Jul 31 18:30:28 2025,31-Jul-2025,213035,46 59.369200 N,062 46.260400 W,2.1,156.4,A,DoorSpread,DoorMaster,7.425000,D,S,52861.000000
Thu Jul 31 18:30:28 2025,31-Jul-2025,213036,46 59.368600 N,062 46.260300 W,2.2,157.0,A,DoorSpread,DoorMaster,7.425000,D,S,52861.000000
Thu Jul 31 18:30:34 2025,31-Jul-2025,213037,46 59.367900 N,062 46.260000 W,2.2,157.3,A,DoorSpread,DoorMaster,7.565000,D,P,156055.000000
Thu Jul 31 18:30:34 2025,31-Jul-2025,213038,46 59.367300 N,062 46.259600 W,2.2,157.2,A,DoorSpread,DoorMaster,7.565000,D,P,156055.000000
Thu Jul 31 18:30:34 2025,31-Jul-2025,213039,46 59.366700 N,062 46.259200 W,2.2,157.0,A,DoorSpread,DoorMaster,7.565000,D,P,156055.000000
Thu Jul 31 18:30:34 2025,31-Jul-2025,213040,46 59.366000 N,062 46.258900 W,2.2,157.1,A,DoorSpread,DoorMaster,7.565000,D,P,156055.000000
Thu Jul 31 18:30:34 2025,31-Jul-2025,213041,46 59.365400 N,062 46.258800 W,2.2,157.7,A,DoorSpread,DoorMaster,7.565000,D,P,156055.000000
Thu Jul 31 18:30:40 2025,31-Jul-2025,213042,46 59.364700 N,062 46.258600 W,2.2,158.4,A,DoorSpread,DoorMaster,7.575000,D,S,254479.000000
Thu Jul 31 18:30:40 2025,31-Jul-2025,213043,46 59.364200 N,062 46.258300 W,2.2,158.4,A,DoorSpread,DoorMaster,7.575000,D,S,254479.000000
Thu Jul 31 18:30:40 2025,31-Jul-2025,213044,46 59.363600 N,062 46.257900 W,2.2,158.0,A,DoorSpread,DoorMaster,7.575000,D,S,254479.000000
Thu Jul 31 18:30:40 2025,31-Jul-2025,213045,46 59.363100 N,062 46.257500 W,2.2,157.8,A,DoorSpread,DoorMaster,7.575000,D,S,254479.000000
Thu Jul 31 18:30:40 2025,31-Jul-2025,213046,46 59.362400 N,062 46.257200 W,2.2,158.0,A,DoorSpread,DoorMaster,7.575000,D,S,254479.000000
Thu Jul 31 18:30:40 2025,31-Jul-2025,213047,46 59.361700 N,062 46.256900 W,2.2,158.5,A,DoorSpread,DoorMaster,7.575000,D,S,254479.000000
Thu Jul 31 18:30:46 2025,31-Jul-2025,213048,46 59.361100 N,062 46.256700 W,2.3,158.8,A,DoorSpread,DoorMaster,7.585000,D,P,117293.000000
Thu Jul 31 18:30:46 2025,31-Jul-2025,213049,46 59.360600 N,062 46.256300 W,2.3,158.8,A,DoorSpread,DoorMaster,7.585000,D,P,117293.000000
Thu Jul 31 18:30:46 2025,31-Jul-2025,213050,46 59.360100 N,062 46.256000 W,2.2,158.6,A,DoorSpread,DoorMaster,7.585000,D,P,117293.000000
Thu Jul 31 18:30:46 2025,31-Jul-2025,213051,46 59.359700 N,062 46.255600 W,2.2,158.5,A,DoorSpread,DoorMaster,7.585000,D,P,117293.000000
Thu Jul 31 18:30:46 2025,31-Jul-2025,213052,46 59.359100 N,062 46.255300 W,2.2,158.8,A,DoorSpread,DoorMaster,7.585000,D,P,117293.000000
Thu Jul 31 18:30:46 2025,31-Jul-2025,213053,46 59.358600 N,062 46.255000 W,2.2,158.9,A,DoorSpread,DoorMaster,7.585000,D,P,117293.000000
Thu Jul 31 18:30:51 2025,31-Jul-2025,213054,46 59.358100 N,062 46.254600 W,2.2,158.9,A,DoorSpread,DoorMaster,7.380000,D,S,58920.000000
Thu Jul 31 18:30:51 2025,31-Jul-2025,213055,46 59.357700 N,062 46.254300 W,2.2,158.6,A,DoorSpread,DoorMaster,7.380000,D,S,58920.000000
Thu Jul 31 18:30:51 2025,31-Jul-2025,213056,46 59.357100 N,062 46.254000 W,2.2,158.7,A,DoorSpread,DoorMaster,7.380000,D,S,58920.000000
Thu Jul 31 18:30:51 2025,31-Jul-2025,213057,46 59.356500 N,062 46.253700 W,2.2,158.8,A,DoorSpread,DoorMaster,7.380000,D,S,58920.000000
Thu Jul 31 18:30:51 2025,31-Jul-2025,213058,46 59.356000 N,062 46.253400 W,2.2,158.9,A,DoorSpread,DoorMaster,7.380000,D,S,58920.000000
Thu Jul 31 18:30:57 2025,31-Jul-2025,213059,46 59.355500 N,062 46.253200 W,2.2,159.0,A,DoorSpread,DoorMaster,7.480000,D,P,217845.000000
Thu Jul 31 18:30:57 2025,31-Jul-2025,213100,46 59.355100 N,062 46.252900 W,2.2,159.0,A,DoorSpread,DoorMaster,7.480000,D,P,217845.000000
Thu Jul 31 18:30:57 2025,31-Jul-2025,213101,46 59.354600 N,062 46.252600 W,2.2,159.1,A,DoorSpread,DoorMaster,7.480000,D,P,217845.000000
Thu Jul 31 18:30:57 2025,31-Jul-2025,213102,46 59.354000 N,062 46.252200 W,2.3,158.7,A,DoorSpread,DoorMaster,7.480000,D,P,217845.000000
Thu Jul 31 18:30:57 2025,31-Jul-2025,213103,46 59.353400 N,062 46.251800 W,2.3,158.5,A,DoorSpread,DoorMaster,7.480000,D,P,217845.000000
Thu Jul 31 18:30:57 2025,31-Jul-2025,213104,46 59.352800 N,062 46.251600 W,2.3,158.7,A,DoorSpread,DoorMaster,7.480000,D,P,217845.000000
Thu Jul 31 18:31:02 2025,31-Jul-2025,213105,46 59.352200 N,062 46.251400 W,2.2,158.6,A,DoorSpread,DoorMaster,7.430000,D,S,203510.000000
Thu Jul 31 18:31:02 2025,31-Jul-2025,213106,46 59.351600 N,062 46.251100 W,2.2,158.5,A,DoorSpread,DoorMaster,7.430000,D,S,203510.000000
Thu Jul 31 18:31:02 2025,31-Jul-2025,213107,46 59.351100 N,062 46.250900 W,2.1,158.3,A,DoorSpread,DoorMaster,7.430000,D,S,203510.000000
Thu Jul 31 18:31:02 2025,31-Jul-2025,213108,46 59.350600 N,062 46.250700 W,2.1,157.9,A,DoorSpread,DoorMaster,7.430000,D,S,203510.000000
Thu Jul 31 18:31:02 2025,31-Jul-2025,213109,46 59.349900 N,062 46.250400 W,2.2,157.7,A,DoorSpread,DoorMaster,7.430000,D,S,203510.000000
Thu Jul 31 18:31:02 2025,31-Jul-2025,213110,46 59.349300 N,062 46.250100 W,2.3,157.5,A,DoorSpread,DoorMaster,7.430000,D,S,203510.000000
Thu Jul 31 18:31:08 2025,31-Jul-2025,213111,46 59.348800 N,062 46.249700 W,2.3,157.0,A,DoorSpread,DoorMaster,7.475000,D,S,86872.000000
Thu Jul 31 18:31:08 2025,31-Jul-2025,213112,46 59.348300 N,062 46.249400 W,2.2,156.9,A,DoorSpread,DoorMaster,7.475000,D,S,86872.000000
Thu Jul 31 18:31:08 2025,31-Jul-2025,213113,46 59.347900 N,062 46.249100 W,2.2,157.0,A,DoorSpread,DoorMaster,7.475000,D,S,86872.000000
Thu Jul 31 18:31:08 2025,31-Jul-2025,213114,46 59.347500 N,062 46.248700 W,2.3,156.9,A,DoorSpread,DoorMaster,7.475000,D,S,86872.000000
Thu Jul 31 18:31:08 2025,31-Jul-2025,213115,46 59.347000 N,062 46.248400 W,2.3,156.5,A,DoorSpread,DoorMaster,7.475000,D,S,86872.000000
Thu Jul 31 18:31:14 2025,31-Jul-2025,213116,46 59.346500 N,062 46.248000 W,2.3,156.3,A,DoorSpread,DoorMaster,7.500000,D,S,88472.000000
Thu Jul 31 18:31:14 2025,31-Jul-2025,213117,46 59.346000 N,062 46.247700 W,2.3,156.3,A,DoorSpread,DoorMaster,7.500000,D,S,88472.000000
Thu Jul 31 18:31:14 2025,31-Jul-2025,213118,46 59.345500 N,062 46.247500 W,2.2,156.4,A,DoorSpread,DoorMaster,7.500000,D,S,88472.000000
Thu Jul 31 18:31:14 2025,31-Jul-2025,213119,46 59.345000 N,062 46.247300 W,2.2,156.4,A,DoorSpread,DoorMaster,7.500000,D,S,88472.000000
Thu Jul 31 18:31:14 2025,31-Jul-2025,213120,46 59.344500 N,062 46.247000 W,2.2,156.3,A,DoorSpread,DoorMaster,7.500000,D,S,88472.000000
Thu Jul 31 18:31:14 2025,31-Jul-2025,213121,46 59.343900 N,062 46.246600 W,2.2,156.2,A,DoorSpread,DoorMaster,7.500000,D,S,88472.000000
Thu Jul 31 18:31:19 2025,31-Jul-2025,213122,46 59.343200 N,062 46.246200 W,2.3,156.3,A,DoorSpread,DoorMaster,7.505000,D,S,139292.000000
Thu Jul 31 18:31:19 2025,31-Jul-2025,213123,46 59.342500 N,062 46.246000 W,2.2,156.5,A,DoorSpread,DoorMaster,7.505000,D,S,139292.000000
Thu Jul 31 18:31:19 2025,31-Jul-2025,213124,46 59.341900 N,062 46.245700 W,2.2,156.3,A,DoorSpread,DoorMaster,7.505000,D,S,139292.000000
Thu Jul 31 18:31:19 2025,31-Jul-2025,213125,46 59.341300 N,062 46.245200 W,2.2,155.8,A,DoorSpread,DoorMaster,7.505000,D,S,139292.000000
Thu Jul 31 18:31:19 2025,31-Jul-2025,213126,46 59.340700 N,062 46.244800 W,2.3,155.5,A,DoorSpread,DoorMaster,7.505000,D,S,139292.000000
Thu Jul 31 18:31:19 2025,31-Jul-2025,213127,46 59.340100 N,062 46.244400 W,2.3,155.4,A,DoorSpread,DoorMaster,7.505000,D,S,139292.000000
Thu Jul 31 18:31:25 2025,31-Jul-2025,213128,46 59.339500 N,062 46.244100 W,2.2,155.4,A,DoorSpread,DoorMaster,7.305000,D,S,328226.000000
Thu Jul 31 18:31:25 2025,31-Jul-2025,213129,46 59.339100 N,062 46.243800 W,2.1,155.3,A,DoorSpread,DoorMaster,7.305000,D,S,328226.000000
Thu Jul 31 18:31:25 2025,31-Jul-2025,213130,46 59.338600 N,062 46.243500 W,2.1,155.4,A,DoorSpread,DoorMaster,7.305000,D,S,328226.000000
Thu Jul 31 18:31:25 2025,31-Jul-2025,213131,46 59.338000 N,062 46.243300 W,2.1,155.6,A,DoorSpread,DoorMaster,7.305000,D,S,328226.000000
Thu Jul 31 18:31:25 2025,31-Jul-2025,213132,46 59.337400 N,062 46.243000 W,2.1,156.1,A,DoorSpread,DoorMaster,7.305000,D,S,328226.000000
Thu Jul 31 18:31:31 2025,31-Jul-2025,213133,46 59.336600 N,062 46.242800 W,2.3,157.0,A,DoorSpread,DoorMaster,7.455000,D,S,252834.000000
Thu Jul 31 18:31:31 2025,31-Jul-2025,213134,46 59.335800 N,062 46.242600 W,2.2,157.7,A,DoorSpread,DoorMaster,7.455000,D,S,252834.000000
Thu Jul 31 18:31:31 2025,31-Jul-2025,213135,46 59.335300 N,062 46.242300 W,2.2,158.1,A,DoorSpread,DoorMaster,7.455000,D,S,252834.000000
Thu Jul 31 18:31:31 2025,31-Jul-2025,213136,46 59.334800 N,062 46.242100 W,2.1,158.3,A,DoorSpread,DoorMaster,7.455000,D,S,252834.000000
Thu Jul 31 18:31:31 2025,31-Jul-2025,213137,46 59.334300 N,062 46.241800 W,2.1,158.5,A,DoorSpread,DoorMaster,7.455000,D,S,252834.000000
Thu Jul 31 18:31:31 2025,31-Jul-2025,213138,46 59.333800 N,062 46.241500 W,2.1,158.5,A,DoorSpread,DoorMaster,7.455000,D,S,252834.000000
Thu Jul 31 18:31:37 2025,31-Jul-2025,213139,46 59.333200 N,062 46.241100 W,2.2,158.3,A,DoorSpread,DoorMaster,7.585000,D,S,78658.000000
Thu Jul 31 18:31:37 2025,31-Jul-2025,213140,46 59.332700 N,062 46.240600 W,2.2,158.0,A,DoorSpread,DoorMaster,7.585000,D,S,78658.000000
Thu Jul 31 18:31:37 2025,31-Jul-2025,213141,46 59.332200 N,062 46.240300 W,2.1,157.8,A,DoorSpread,DoorMaster,7.585000,D,S,78658.000000
Thu Jul 31 18:31:37 2025,31-Jul-2025,213142,46 59.331700 N,062 46.240000 W,2.1,157.7,A,DoorSpread,DoorMaster,7.585000,D,S,78658.000000
Thu Jul 31 18:31:37 2025,31-Jul-2025,213143,46 59.331200 N,062 46.239600 W,2.1,157.5,A,DoorSpread,DoorMaster,7.585000,D,S,78658.000000
Thu Jul 31 18:31:37 2025,31-Jul-2025,213144,46 59.330700 N,062 46.239200 W,2.1,157.2,A,DoorSpread,DoorMaster,7.585000,D,S,78658.000000
Thu Jul 31 18:31:42 2025,31-Jul-2025,213145,46 59.330100 N,062 46.238700 W,2.1,156.9,A,DoorSpread,DoorMaster,7.315000,D,S,165537.000000
Thu Jul 31 18:31:42 2025,31-Jul-2025,213146,46 59.329600 N,062 46.238200 W,2.1,156.2,A,DoorSpread,DoorMaster,7.315000,D,S,165537.000000
Thu Jul 31 18:31:42 2025,31-Jul-2025,213147,46 59.329000 N,062 46.237600 W,2.1,155.8,A,DoorSpread,DoorMaster,7.315000,D,S,165537.000000
Thu Jul 31 18:31:42 2025,31-Jul-2025,213148,46 59.328500 N,062 46.237200 W,2.1,155.5,A,DoorSpread,DoorMaster,7.315000,D,S,165537.000000
Thu Jul 31 18:31:42 2025,31-Jul-2025,213149,46 59.328000 N,062 46.236800 W,2.0,155.2,A,DoorSpread,DoorMaster,7.315000,D,S,165537.000000
Thu Jul 31 18:31:48 2025,31-Jul-2025,213150,46 59.327500 N,062 46.236500 W,2.1,155.1,A,DoorSpread,DoorMaster,7.540000,D,S,463628.000000
Thu Jul 31 18:31:48 2025,31-Jul-2025,213151,46 59.327000 N,062 46.236100 W,2.1,155.1,A,DoorSpread,DoorMaster,7.540000,D,S,463628.000000
Thu Jul 31 18:31:48 2025,31-Jul-2025,213152,46 59.326500 N,062 46.235700 W,2.1,155.1,A,DoorSpread,DoorMaster,7.540000,D,S,463628.000000
Thu Jul 31 18:31:48 2025,31-Jul-2025,213153,46 59.326100 N,062 46.235400 W,2.0,155.0,A,DoorSpread,DoorMaster,7.540000,D,S,463628.000000
Thu Jul 31 18:31:48 2025,31-Jul-2025,213154,46 59.325700 N,062 46.235000 W,2.0,154.9,A,DoorSpread,DoorMaster,7.540000,D,S,463628.000000
Thu Jul 31 18:31:48 2025,31-Jul-2025,213155,46 59.325200 N,062 46.234600 W,2.0,154.9,A,DoorSpread,DoorMaster,7.540000,D,S,463628.000000
Thu Jul 31 18:31:53 2025,31-Jul-2025,213156,46 59.324700 N,062 46.234300 W,2.0,154.7,A,DoorSpread,DoorMaster,7.275000,D,P,82249.000000
Thu Jul 31 18:31:53 2025,31-Jul-2025,213157,46 59.324200 N,062 46.233900 W,2.1,154.5,A,DoorSpread,DoorMaster,7.275000,D,P,82249.000000
Thu Jul 31 18:31:53 2025,31-Jul-2025,213158,46 59.323600 N,062 46.233500 W,2.1,154.2,A,DoorSpread,DoorMaster,7.275000,D,P,82249.000000
Thu Jul 31 18:31:53 2025,31-Jul-2025,213159,46 59.323100 N,062 46.233100 W,2.0,153.9,A,DoorSpread,DoorMaster,7.275000,D,P,82249.000000
Thu Jul 31 18:31:53 2025,31-Jul-2025,213200,46 59.322700 N,062 46.232800 W,1.9,153.8,A,DoorSpread,DoorMaster,7.275000,D,P,82249.000000
Thu Jul 31 18:31:59 2025,31-Jul-2025,213201,46 59.322300 N,062 46.232500 W,2.0,153.5,A,DoorSpread,DoorMaster,7.260000,D,P,50067.000000
Thu Jul 31 18:31:59 2025,31-Jul-2025,213202,46 59.321800 N,062 46.232100 W,2.0,153.5,A,DoorSpread,DoorMaster,7.260000,D,P,50067.000000
Thu Jul 31 18:31:59 2025,31-Jul-2025,213203,46 59.321200 N,062 46.231900 W,2.0,154.0,A,DoorSpread,DoorMaster,7.260000,D,P,50067.000000
Thu Jul 31 18:31:59 2025,31-Jul-2025,213204,46 59.320700 N,062 46.231700 W,2.0,154.4,A,DoorSpread,DoorMaster,7.260000,D,P,50067.000000
Thu Jul 31 18:31:59 2025,31-Jul-2025,213205,46 59.320100 N,062 46.231400 W,2.0,154.4,A,DoorSpread,DoorMaster,7.260000,D,P,50067.000000
Thu Jul 31 18:31:59 2025,31-Jul-2025,213206,46 59.319600 N,062 46.231000 W,2.0,154.2,A,DoorSpread,DoorMaster,7.260000,D,P,50067.000000
Thu Jul 31 18:32:05 2025,31-Jul-2025,213207,46 59.319200 N,062 46.230800 W,2.0,154.3,A,DoorSpread,DoorMaster,7.485000,D,S,167178.000000
Thu Jul 31 18:32:05 2025,31-Jul-2025,213208,46 59.318600 N,062 46.230500 W,2.0,154.4,A,DoorSpread,DoorMaster,7.485000,D,S,167178.000000
Thu Jul 31 18:32:05 2025,31-Jul-2025,213209,46 59.318000 N,062 46.230100 W,2.0,154.2,A,DoorSpread,DoorMaster,7.485000,D,S,167178.000000
Thu Jul 31 18:32:05 2025,31-Jul-2025,213210,46 59.317500 N,062 46.229800 W,2.1,153.9,A,DoorSpread,DoorMaster,7.485000,D,S,167178.000000
Thu Jul 31 18:32:05 2025,31-Jul-2025,213211,46 59.316900 N,062 46.229400 W,2.1,153.8,A,DoorSpread,DoorMaster,7.485000,D,S,167178.000000
Thu Jul 31 18:32:05 2025,31-Jul-2025,213212,46 59.316300 N,062 46.229200 W,2.1,153.8,A,DoorSpread,DoorMaster,7.485000,D,S,167178.000000
Thu Jul 31 18:32:11 2025,31-Jul-2025,213213,46 59.315800 N,062 46.228800 W,2.1,153.1,A,DoorSpread,DoorMaster,7.710000,D,S,228182.000000
Thu Jul 31 18:32:11 2025,31-Jul-2025,213214,46 59.315200 N,062 46.228100 W,2.2,152.1,A,DoorSpread,DoorMaster,7.710000,D,S,228182.000000
Thu Jul 31 18:32:11 2025,31-Jul-2025,213215,46 59.314700 N,062 46.227600 W,2.1,151.7,A,DoorSpread,DoorMaster,7.710000,D,S,228182.000000
Thu Jul 31 18:32:11 2025,31-Jul-2025,213216,46 59.314000 N,062 46.227400 W,2.1,152.1,A,DoorSpread,DoorMaster,7.710000,D,S,228182.000000
Thu Jul 31 18:32:15 2025,31-Jul-2025,213217,46 59.313400 N,062 46.227100 W,2.1,152.8,A,Primary,Headline,58.285714,D,S,13610.000000
Thu Jul 31 18:32:15 2025,31-Jul-2025,213218,46 59.312900 N,062 46.226800 W,2.1,153.2,A,Primary,Headline,58.285714,D,S,13610.000000
Thu Jul 31 18:32:16 2025,31-Jul-2025,213219,46 59.312400 N,062 46.226400 W,2.1,152.9,A,DoorSpread,DoorMaster,7.475000,D,P,199113.000000
Thu Jul 31 18:32:16 2025,31-Jul-2025,213220,46 59.312000 N,062 46.225800 W,2.1,152.4,A,DoorSpread,DoorMaster,7.475000,D,P,199113.000000
Thu Jul 31 18:32:16 2025,31-Jul-2025,213221,46 59.311400 N,062 46.225500 W,2.1,152.6,A,DoorSpread,DoorMaster,7.475000,D,P,199113.000000
Thu Jul 31 18:32:16 2025,31-Jul-2025,213222,46 59.310800 N,062 46.225400 W,2.1,153.7,A,DoorSpread,DoorMaster,7.475000,D,P,199113.000000
Thu Jul 31 18:32:16 2025,31-Jul-2025,213223,46 59.310200 N,062 46.225200 W,2.2,154.5,A,DoorSpread,DoorMaster,7.475000,D,P,199113.000000
Thu Jul 31 18:32:22 2025,31-Jul-2025,213224,46 59.309700 N,062 46.224900 W,2.2,154.6,A,DoorSpread,DoorMaster,7.450000,D,P,305981.000000
Thu Jul 31 18:32:22 2025,31-Jul-2025,213225,46 59.309200 N,062 46.224400 W,2.2,154.4,A,DoorSpread,DoorMaster,7.450000,D,P,305981.000000
Thu Jul 31 18:32:22 2025,31-Jul-2025,213226,46 59.308700 N,062 46.224100 W,2.1,154.2,A,DoorSpread,DoorMaster,7.450000,D,P,305981.000000
Thu Jul 31 18:32:22 2025,31-Jul-2025,213227,46 59.308200 N,062 46.223900 W,2.1,154.6,A,DoorSpread,DoorMaster,7.450000,D,P,305981.000000
Thu Jul 31 18:32:22 2025,31-Jul-2025,213228,46 59.307500 N,062 46.223800 W,2.2,155.0,A,DoorSpread,DoorMaster,7.450000,D,P,305981.000000
Thu Jul 31 18:32:22 2025,31-Jul-2025,213229,46 59.306900 N,062 46.223400 W,2.2,155.2,A,DoorSpread,DoorMaster,7.450000,D,P,305981.000000
Thu Jul 31 18:32:27 2025,31-Jul-2025,213230,46 59.306400 N,062 46.223100 W,2.2,155.1,A,DoorSpread,DoorMaster,7.395000,D,S,57349.000000
Thu Jul 31 18:32:27 2025,31-Jul-2025,213231,46 59.305900 N,062 46.222700 W,2.1,155.0,A,DoorSpread,DoorMaster,7.395000,D,S,57349.000000
Thu Jul 31 18:32:27 2025,31-Jul-2025,213232,46 59.305400 N,062 46.222500 W,2.1,154.7,A,DoorSpread,DoorMaster,7.395000,D,S,57349.000000
Thu Jul 31 18:32:27 2025,31-Jul-2025,213233,46 59.304800 N,062 46.222000 W,2.1,154.1,A,DoorSpread,DoorMaster,7.395000,D,S,57349.000000
Thu Jul 31 18:32:27 2025,31-Jul-2025,213234,46 59.304200 N,062 46.221500 W,2.1,153.8,A,DoorSpread,DoorMaster,7.395000,D,S,57349.000000
Thu Jul 31 18:32:27 2025,31-Jul-2025,213235,46 59.303500 N,062 46.221000 W,2.1,153.4,A,DoorSpread,DoorMaster,7.395000,D,S,57349.000000
Thu Jul 31 18:32:33 2025,31-Jul-2025,213236,46 59.302800 N,062 46.220600 W,2.1,152.8,A,DoorSpread,DoorMaster,7.540000,D,S,76439.000000
Thu Jul 31 18:32:33 2025,31-Jul-2025,213237,46 59.302200 N,062 46.220200 W,2.1,152.6,A,DoorSpread,DoorMaster,7.540000,D,S,76439.000000
Thu Jul 31 18:32:33 2025,31-Jul-2025,213238,46 59.301700 N,062 46.219900 W,2.0,152.3,A,DoorSpread,DoorMaster,7.540000,D,S,76439.000000
Thu Jul 31 18:32:33 2025,31-Jul-2025,213239,46 59.301300 N,062 46.219600 W,1.9,152.1,A,DoorSpread,DoorMaster,7.540000,D,S,76439.000000
Thu Jul 31 18:32:33 2025,31-Jul-2025,213240,46 59.300900 N,062 46.219400 W,1.9,152.0,A,DoorSpread,DoorMaster,7.540000,D,S,76439.000000
Thu Jul 31 18:32:39 2025,31-Jul-2025,213241,46 59.300300 N,062 46.219100 W,2.0,152.1,A,DoorSpread,DoorMaster,7.435000,D,S,60454.000000
Thu Jul 31 18:32:39 2025,31-Jul-2025,213242,46 59.299700 N,062 46.218700 W,2.1,152.3,A,DoorSpread,DoorMaster,7.435000,D,S,60454.000000
Thu Jul 31 18:32:39 2025,31-Jul-2025,213243,46 59.299200 N,062 46.218400 W,2.0,152.5,A,DoorSpread,DoorMaster,7.435000,D,S,60454.000000
Thu Jul 31 18:32:39 2025,31-Jul-2025,213244,46 59.298800 N,062 46.218100 W,1.9,152.6,A,DoorSpread,DoorMaster,7.435000,D,S,60454.000000
Thu Jul 31 18:32:39 2025,31-Jul-2025,213245,46 59.298400 N,062 46.217900 W,1.9,153.0,A,DoorSpread,DoorMaster,7.435000,D,S,60454.000000
Thu Jul 31 18:32:39 2025,31-Jul-2025,213246,46 59.297800 N,062 46.217400 W,2.0,152.5,A,DoorSpread,DoorMaster,7.435000,D,S,60454.000000
Thu Jul 31 18:32:45 2025,31-Jul-2025,213247,46 59.297300 N,062 46.216700 W,2.1,152.1,A,DoorSpread,DoorMaster,7.320000,D,S,132028.000000
Thu Jul 31 18:32:45 2025,31-Jul-2025,213248,46 59.296700 N,062 46.216100 W,2.1,151.9,A,DoorSpread,DoorMaster,7.320000,D,S,132028.000000
Thu Jul 31 18:32:45 2025,31-Jul-2025,213249,46 59.296100 N,062 46.215600 W,2.1,151.8,A,DoorSpread,DoorMaster,7.320000,D,S,132028.000000
Thu Jul 31 18:32:45 2025,31-Jul-2025,213250,46 59.295500 N,062 46.215100 W,2.1,151.7,A,DoorSpread,DoorMaster,7.320000,D,S,132028.000000
Thu Jul 31 18:32:45 2025,31-Jul-2025,213251,46 59.295100 N,062 46.214700 W,2.0,151.5,A,DoorSpread,DoorMaster,7.320000,D,S,132028.000000
Thu Jul 31 18:32:45 2025,31-Jul-2025,213252,46 59.294700 N,062 46.214300 W,2.0,151.3,A,DoorSpread,DoorMaster,7.320000,D,S,132028.000000
Thu Jul 31 18:32:50 2025,31-Jul-2025,213253,46 59.294100 N,062 46.213900 W,2.0,151.5,A,DoorSpread,DoorMaster,7.570000,D,S,192464.000000
Thu Jul 31 18:32:50 2025,31-Jul-2025,213254,46 59.293500 N,062 46.213600 W,2.1,152.1,A,DoorSpread,DoorMaster,7.570000,D,S,192464.000000
Thu Jul 31 18:32:50 2025,31-Jul-2025,213255,46 59.292900 N,062 46.213300 W,2.1,153.0,A,DoorSpread,DoorMaster,7.570000,D,S,192464.000000
Thu Jul 31 18:32:50 2025,31-Jul-2025,213256,46 59.292300 N,062 46.213000 W,2.1,153.4,A,DoorSpread,DoorMaster,7.570000,D,S,192464.000000
Thu Jul 31 18:32:50 2025,31-Jul-2025,213257,46 59.291800 N,062 46.212600 W,2.1,153.4,A,DoorSpread,DoorMaster,7.570000,D,S,192464.000000
Thu Jul 31 18:32:56 2025,31-Jul-2025,213258,46 59.291200 N,062 46.212100 W,2.2,153.2,A,DoorSpread,DoorMaster,7.045000,D,S,173626.000000
Thu Jul 31 18:32:56 2025,31-Jul-2025,213259,46 59.290500 N,062 46.211600 W,2.3,153.3,A,DoorSpread,DoorMaster,7.045000,D,S,173626.000000
Thu Jul 31 18:32:56 2025,31-Jul-2025,213300,46 59.289800 N,062 46.211200 W,2.5,153.8,A,DoorSpread,DoorMaster,7.045000,D,S,173626.000000
Thu Jul 31 18:32:56 2025,31-Jul-2025,213301,46 59.288900 N,062 46.210600 W,2.6,154.2,A,DoorSpread,DoorMaster,7.045000,D,S,173626.000000
Thu Jul 31 18:32:56 2025,31-Jul-2025,213302,46 59.288000 N,062 46.210000 W,2.7,154.3,A,DoorSpread,DoorMaster,7.045000,D,S,173626.000000
Thu Jul 31 18:32:56 2025,31-Jul-2025,213303,46 59.287200 N,062 46.209400 W,2.7,154.1,A,DoorSpread,DoorMaster,7.045000,D,S,173626.000000
Thu Jul 31 18:33:01 2025,31-Jul-2025,213304,46 59.286500 N,062 46.208800 W,2.8,154.2,A,DoorSpread,DoorMaster,6.495000,D,S,152437.000000
Thu Jul 31 18:33:01 2025,31-Jul-2025,213305,46 59.285700 N,062 46.208300 W,2.9,154.6,A,DoorSpread,DoorMaster,6.495000,D,S,152437.000000
Thu Jul 31 18:33:01 2025,31-Jul-2025,213306,46 59.284800 N,062 46.207800 W,3.0,154.8,A,DoorSpread,DoorMaster,6.495000,D,S,152437.000000
Thu Jul 31 18:33:01 2025,31-Jul-2025,213307,46 59.284000 N,062 46.207300 W,3.1,154.8,A,DoorSpread,DoorMaster,6.495000,D,S,152437.000000
Thu Jul 31 18:33:01 2025,31-Jul-2025,213308,46 59.283100 N,062 46.206700 W,3.0,154.6,A,DoorSpread,DoorMaster,6.495000,D,S,152437.000000
Thu Jul 31 18:33:01 2025,31-Jul-2025,213309,46 59.282400 N,062 46.206200 W,3.0,154.4,A,DoorSpread,DoorMaster,6.495000,D,S,152437.000000
Thu Jul 31 18:33:07 2025,31-Jul-2025,213310,46 59.281700 N,062 46.205700 W,3.0,154.1,A,DoorSpread,DoorMaster,7.370000,D,S,145638.000000
Thu Jul 31 18:33:07 2025,31-Jul-2025,213311,46 59.280900 N,062 46.205100 W,3.1,154.1,A,DoorSpread,DoorMaster,7.370000,D,S,145638.000000
Thu Jul 31 18:33:07 2025,31-Jul-2025,213312,46 59.280000 N,062 46.204700 W,3.1,154.5,A,DoorSpread,DoorMaster,7.370000,D,S,145638.000000
Thu Jul 31 18:33:07 2025,31-Jul-2025,213313,46 59.279100 N,062 46.204200 W,3.1,154.7,A,DoorSpread,DoorMaster,7.370000,D,S,145638.000000
Thu Jul 31 18:33:07 2025,31-Jul-2025,213314,46 59.278600 N,062 46.203800 W,2.8,154.8,A,DoorSpread,DoorMaster,7.370000,D,S,145638.000000
Thu Jul 31 18:33:13 2025,31-Jul-2025,213315,46 59.278000 N,062 46.203400 W,2.8,154.9,A,DoorSpread,DoorMaster,7.715000,D,P,60897.000000
Thu Jul 31 18:33:13 2025,31-Jul-2025,213316,46 59.277300 N,062 46.203000 W,2.8,155.4,A,DoorSpread,DoorMaster,7.715000,D,P,60897.000000
Thu Jul 31 18:33:13 2025,31-Jul-2025,213317,46 59.276600 N,062 46.202700 W,2.8,156.0,A,DoorSpread,DoorMaster,7.715000,D,P,60897.000000
Thu Jul 31 18:33:13 2025,31-Jul-2025,213318,46 59.275800 N,062 46.202200 W,2.9,156.5,A,DoorSpread,DoorMaster,7.715000,D,P,60897.000000
Thu Jul 31 18:33:13 2025,31-Jul-2025,213319,46 59.275000 N,062 46.201700 W,2.9,156.6,A,DoorSpread,DoorMaster,7.715000,D,P,60897.000000
Thu Jul 31 18:33:13 2025,31-Jul-2025,213320,46 59.274400 N,062 46.201200 W,2.8,156.3,A,DoorSpread,DoorMaster,7.715000,D,P,60897.000000
Thu Jul 31 18:33:18 2025,31-Jul-2025,213321,46 59.273900 N,062 46.200700 W,2.7,155.9,A,DoorSpread,DoorMaster,7.450000,D,S,66890.000000
Thu Jul 31 18:33:18 2025,31-Jul-2025,213322,46 59.273400 N,062 46.200100 W,2.7,155.6,A,DoorSpread,DoorMaster,7.450000,D,S,66890.000000
Thu Jul 31 18:33:18 2025,31-Jul-2025,213323,46 59.272700 N,062 46.199800 W,2.8,156.1,A,DoorSpread,DoorMaster,7.450000,D,S,66890.000000
Thu Jul 31 18:33:18 2025,31-Jul-2025,213324,46 59.271900 N,062 46.199400 W,2.8,156.4,A,DoorSpread,DoorMaster,7.450000,D,S,66890.000000
Thu Jul 31 18:33:18 2025,31-Jul-2025,213325,46 59.271300 N,062 46.198800 W,2.8,156.1,A,DoorSpread,DoorMaster,7.450000,D,S,66890.000000
Thu Jul 31 18:33:18 2025,31-Jul-2025,213326,46 59.270800 N,062 46.198100 W,2.8,155.5,A,DoorSpread,DoorMaster,7.450000,D,S,66890.000000
Thu Jul 31 18:33:24 2025,31-Jul-2025,213327,46 59.270200 N,062 46.197400 W,2.8,155.0,A,DoorSpread,DoorMaster,7.135000,D,S,155243.000000
Thu Jul 31 18:33:24 2025,31-Jul-2025,213328,46 59.269500 N,062 46.196800 W,2.8,154.7,A,DoorSpread,DoorMaster,7.135000,D,S,155243.000000
Thu Jul 31 18:33:24 2025,31-Jul-2025,213329,46 59.268900 N,062 46.196300 W,2.7,154.3,A,DoorSpread,DoorMaster,7.135000,D,S,155243.000000
Thu Jul 31 18:33:24 2025,31-Jul-2025,213330,46 59.268500 N,062 46.195800 W,2.6,153.8,A,DoorSpread,DoorMaster,7.135000,D,S,155243.000000
Thu Jul 31 18:33:24 2025,31-Jul-2025,213331,46 59.268000 N,062 46.195300 W,2.6,153.3,A,DoorSpread,DoorMaster,7.135000,D,S,155243.000000
Thu Jul 31 18:33:30 2025,31-Jul-2025,213332,46 59.267500 N,062 46.194700 W,2.6,152.8,A,DoorSpread,DoorMaster,6.535000,D,S,372678.000000
Thu Jul 31 18:33:30 2025,31-Jul-2025,213333,46 59.266900 N,062 46.194000 W,2.6,151.9,A,DoorSpread,DoorMaster,6.535000,D,S,372678.000000
Thu Jul 31 18:33:30 2025,31-Jul-2025,213334,46 59.266300 N,062 46.193400 W,2.6,151.2,A,DoorSpread,DoorMaster,6.535000,D,S,372678.000000
Thu Jul 31 18:33:30 2025,31-Jul-2025,213335,46 59.265700 N,062 46.192900 W,2.6,150.7,A,DoorSpread,DoorMaster,6.535000,D,S,372678.000000
Thu Jul 31 18:33:30 2025,31-Jul-2025,213336,46 59.265100 N,062 46.192400 W,2.6,150.3,A,DoorSpread,DoorMaster,6.535000,D,S,372678.000000
Thu Jul 31 18:33:30 2025,31-Jul-2025,213337,46 59.264500 N,062 46.191800 W,2.6,149.7,A,DoorSpread,DoorMaster,6.535000,D,S,372678.000000
Thu Jul 31 18:33:35 2025,31-Jul-2025,213338,46 59.263800 N,062 46.191100 W,2.6,149.2,A,DoorSpread,DoorMaster,6.325000,D,S,267475.000000
Thu Jul 31 18:33:35 2025,31-Jul-2025,213339,46 59.263100 N,062 46.190400 W,2.6,149.0,A,DoorSpread,DoorMaster,6.325000,D,S,267475.000000
Thu Jul 31 18:33:35 2025,31-Jul-2025,213340,46 59.262500 N,062 46.189800 W,2.6,148.5,A,DoorSpread,DoorMaster,6.325000,D,S,267475.000000
Thu Jul 31 18:33:35 2025,31-Jul-2025,213341,46 59.261900 N,062 46.189100 W,2.6,147.8,A,DoorSpread,DoorMaster,6.325000,D,S,267475.000000
Thu Jul 31 18:33:35 2025,31-Jul-2025,213342,46 59.261400 N,062 46.188400 W,2.6,147.2,A,DoorSpread,DoorMaster,6.325000,D,S,267475.000000
Thu Jul 31 18:33:41 2025,31-Jul-2025,213343,46 59.260900 N,062 46.187800 W,2.6,146.6,A,DoorSpread,DoorMaster,6.325000,D,S,321842.000000
Thu Jul 31 18:33:41 2025,31-Jul-2025,213344,46 59.260400 N,062 46.187100 W,2.6,146.0,A,DoorSpread,DoorMaster,6.325000,D,S,321842.000000
Thu Jul 31 18:33:41 2025,31-Jul-2025,213345,46 59.259900 N,062 46.186500 W,2.6,145.4,A,DoorSpread,DoorMaster,6.325000,D,S,321842.000000
Thu Jul 31 18:33:41 2025,31-Jul-2025,213346,46 59.259300 N,062 46.185900 W,2.6,145.1,A,DoorSpread,DoorMaster,6.325000,D,S,321842.000000
Thu Jul 31 18:33:41 2025,31-Jul-2025,213347,46 59.258700 N,062 46.185300 W,2.6,145.0,A,DoorSpread,DoorMaster,6.325000,D,S,321842.000000
Thu Jul 31 18:33:41 2025,31-Jul-2025,213348,46 59.258100 N,062 46.184700 W,2.6,144.9,A,DoorSpread,DoorMaster,6.325000,D,S,321842.000000
Thu Jul 31 18:33:41 2025,31-Jul-2025,213349,46 59.257400 N,062 46.184000 W,2.6,144.9,A,DoorSpread,DoorMaster,6.325000,D,S,321842.000000
Thu Jul 31 18:33:41 2025,31-Jul-2025,213350,46 59.256800 N,062 46.183300 W,2.6,144.8,A,DoorSpread,DoorMaster,6.325000,D,S,321842.000000
Thu Jul 31 18:33:41 2025,31-Jul-2025,213351,46 59.256100 N,062 46.182500 W,2.7,144.6,A,DoorSpread,DoorMaster,6.325000,D,S,321842.000000
Thu Jul 31 18:33:41 2025,31-Jul-2025,213352,46 59.255400 N,062 46.181900 W,2.7,144.7,A,DoorSpread,DoorMaster,6.325000,D,S,321842.000000
Thu Jul 31 18:33:41 2025,31-Jul-2025,213353,46 59.254800 N,062 46.181300 W,2.6,144.8,A,DoorSpread,DoorMaster,6.325000,D,S,321842.000000
Thu Jul 31 18:33:51 2025,31-Jul-2025,213354,46 59.254300 N,062 46.180800 W,2.6,144.7,A,DoorSpread,DoorMaster,6.265000,D,S,179579.000000
Thu Jul 31 18:33:51 2025,31-Jul-2025,213355,46 59.253600 N,062 46.180200 W,2.6,144.5,A,DoorSpread,DoorMaster,6.265000,D,S,179579.000000
Thu Jul 31 18:33:51 2025,31-Jul-2025,213356,46 59.253000 N,062 46.179600 W,2.6,144.3,A,DoorSpread,DoorMaster,6.265000,D,S,179579.000000
Thu Jul 31 18:33:51 2025,31-Jul-2025,213357,46 59.252300 N,062 46.179100 W,2.6,144.1,A,DoorSpread,DoorMaster,6.265000,D,S,179579.000000
Thu Jul 31 18:33:51 2025,31-Jul-2025,213358,46 59.251700 N,062 46.178500 W,2.6,143.8,A,DoorSpread,DoorMaster,6.265000,D,S,179579.000000
Thu Jul 31 18:33:57 2025,31-Jul-2025,213359,46 59.251200 N,062 46.177900 W,2.5,143.4,A,DoorSpread,DoorMaster,6.475000,D,P,143650.000000
Thu Jul 31 18:33:57 2025,31-Jul-2025,213400,46 59.250600 N,062 46.177300 W,2.5,142.9,A,DoorSpread,DoorMaster,6.475000,D,P,143650.000000
Thu Jul 31 18:33:57 2025,31-Jul-2025,213401,46 59.249900 N,062 46.176600 W,2.5,142.5,A,DoorSpread,DoorMaster,6.475000,D,P,143650.000000
Thu Jul 31 18:33:57 2025,31-Jul-2025,213402,46 59.249300 N,062 46.175900 W,2.5,142.2,A,DoorSpread,DoorMaster,6.475000,D,P,143650.000000
Thu Jul 31 18:33:57 2025,31-Jul-2025,213403,46 59.248700 N,062 46.175200 W,2.5,141.9,A,DoorSpread,DoorMaster,6.475000,D,P,143650.000000
Thu Jul 31 18:33:57 2025,31-Jul-2025,213404,46 59.248100 N,062 46.174500 W,2.5,141.7,A,DoorSpread,DoorMaster,6.475000,D,P,143650.000000
Thu Jul 31 18:34:03 2025,31-Jul-2025,213405,46 59.247400 N,062 46.173800 W,2.5,141.6,A,DoorSpread,DoorMaster,6.415000,D,S,116430.000000
Thu Jul 31 18:34:03 2025,31-Jul-2025,213406,46 59.246800 N,062 46.173100 W,2.4,141.6,A,DoorSpread,DoorMaster,6.415000,D,S,116430.000000
Thu Jul 31 18:34:03 2025,31-Jul-2025,213407,46 59.246400 N,062 46.172600 W,2.3,141.5,A,DoorSpread,DoorMaster,6.415000,D,S,116430.000000
Thu Jul 31 18:34:03 2025,31-Jul-2025,213408,46 59.245900 N,062 46.172000 W,2.3,141.2,A,DoorSpread,DoorMaster,6.415000,D,S,116430.000000
Thu Jul 31 18:34:03 2025,31-Jul-2025,213409,46 59.245400 N,062 46.171300 W,2.3,140.8,A,DoorSpread,DoorMaster,6.415000,D,S,116430.000000
Thu Jul 31 18:34:03 2025,31-Jul-2025,213410,46 59.244800 N,062 46.170600 W,2.3,140.5,A,DoorSpread,DoorMaster,6.415000,D,S,116430.000000
Thu Jul 31 18:34:08 2025,31-Jul-2025,213411,46 59.244300 N,062 46.170000 W,2.3,140.4,A,DoorSpread,DoorMaster,6.390000,D,S,77163.000000
Thu Jul 31 18:34:08 2025,31-Jul-2025,213412,46 59.243700 N,062 46.169500 W,2.2,140.5,A,DoorSpread,DoorMaster,6.390000,D,S,77163.000000
Thu Jul 31 18:34:08 2025,31-Jul-2025,213413,46 59.243100 N,062 46.169000 W,2.3,140.4,A,DoorSpread,DoorMaster,6.390000,D,S,77163.000000
Thu Jul 31 18:34:08 2025,31-Jul-2025,213414,46 59.242600 N,062 46.168300 W,2.3,140.1,A,DoorSpread,DoorMaster,6.390000,D,S,77163.000000
Thu Jul 31 18:34:08 2025,31-Jul-2025,213415,46 59.242100 N,062 46.167600 W,2.3,139.9,A,DoorSpread,DoorMaster,6.390000,D,S,77163.000000
Thu Jul 31 18:34:14 2025,31-Jul-2025,213416,46 59.241700 N,062 46.167000 W,2.3,140.0,A,DoorSpread,DoorMaster,6.420000,D,S,55827.000000
Thu Jul 31 18:34:14 2025,31-Jul-2025,213417,46 59.241300 N,062 46.166500 W,2.3,140.0,A,DoorSpread,DoorMaster,6.420000,D,S,55827.000000
Thu Jul 31 18:34:14 2025,31-Jul-2025,213418,46 59.240900 N,062 46.166000 W,2.3,139.9,A,DoorSpread,DoorMaster,6.420000,D,S,55827.000000
Thu Jul 31 18:34:14 2025,31-Jul-2025,213419,46 59.240500 N,062 46.165300 W,2.3,139.6,A,DoorSpread,DoorMaster,6.420000,D,S,55827.000000
Thu Jul 31 18:34:14 2025,31-Jul-2025,213420,46 59.240200 N,062 46.164800 W,2.2,139.5,A,DoorSpread,DoorMaster,6.420000,D,S,55827.000000
Thu Jul 31 18:34:14 2025,31-Jul-2025,213421,46 59.239800 N,062 46.164300 W,2.2,139.3,A,DoorSpread,DoorMaster,6.420000,D,S,55827.000000
Thu Jul 31 18:34:19 2025,31-Jul-2025,213422,46 59.239300 N,062 46.163800 W,2.2,139.4,A,DoorSpread,DoorMaster,6.505000,D,S,98378.000000
Thu Jul 31 18:34:19 2025,31-Jul-2025,213423,46 59.238900 N,062 46.163300 W,2.1,139.4,A,DoorSpread,DoorMaster,6.505000,D,S,98378.000000
Thu Jul 31 18:34:19 2025,31-Jul-2025,213424,46 59.238500 N,062 46.162800 W,2.1,139.3,A,DoorSpread,DoorMaster,6.505000,D,S,98378.000000
Thu Jul 31 18:34:19 2025,31-Jul-2025,213425,46 59.238100 N,062 46.162300 W,2.1,139.1,A,DoorSpread,DoorMaster,6.505000,D,S,98378.000000
Thu Jul 31 18:34:19 2025,31-Jul-2025,213426,46 59.237700 N,062 46.161800 W,2.1,139.1,A,DoorSpread,DoorMaster,6.505000,D,S,98378.000000
Thu Jul 31 18:34:19 2025,31-Jul-2025,213427,46 59.237300 N,062 46.161300 W,2.2,139.3,A,DoorSpread,DoorMaster,6.505000,D,S,98378.000000
Thu Jul 31 18:34:25 2025,31-Jul-2025,213428,46 59.236700 N,062 46.160700 W,2.2,139.3,A,DoorSpread,DoorMaster,6.480000,D,S,187929.000000
Thu Jul 31 18:34:25 2025,31-Jul-2025,213429,46 59.236300 N,062 46.160200 W,2.1,139.2,A,DoorSpread,DoorMaster,6.480000,D,S,187929.000000
Thu Jul 31 18:34:25 2025,31-Jul-2025,213430,46 59.235900 N,062 46.159700 W,2.1,139.1,A,DoorSpread,DoorMaster,6.480000,D,S,187929.000000
Thu Jul 31 18:34:25 2025,31-Jul-2025,213431,46 59.235500 N,062 46.159200 W,2.0,139.0,A,DoorSpread,DoorMaster,6.480000,D,S,187929.000000
Thu Jul 31 18:34:25 2025,31-Jul-2025,213432,46 59.235200 N,062 46.158700 W,2.0,138.7,A,DoorSpread,DoorMaster,6.480000,D,S,187929.000000
Thu Jul 31 18:34:31 2025,31-Jul-2025,213433,46 59.234800 N,062 46.158100 W,2.0,138.3,A,DoorSpread,DoorMaster,6.160000,D,S,208031.000000
Thu Jul 31 18:34:31 2025,31-Jul-2025,213434,46 59.234400 N,062 46.157500 W,2.0,138.1,A,DoorSpread,DoorMaster,6.160000,D,S,208031.000000
Thu Jul 31 18:34:31 2025,31-Jul-2025,213435,46 59.234000 N,062 46.157000 W,2.0,138.1,A,DoorSpread,DoorMaster,6.160000,D,S,208031.000000
Thu Jul 31 18:34:31 2025,31-Jul-2025,213436,46 59.233700 N,062 46.156600 W,2.0,138.0,A,DoorSpread,DoorMaster,6.160000,D,S,208031.000000
Thu Jul 31 18:34:31 2025,31-Jul-2025,213437,46 59.233300 N,062 46.156000 W,2.0,137.8,A,DoorSpread,DoorMaster,6.160000,D,S,208031.000000
Thu Jul 31 18:34:31 2025,31-Jul-2025,213438,46 59.232700 N,062 46.155300 W,2.0,137.4,A,DoorSpread,DoorMaster,6.160000,D,S,208031.000000
Thu Jul 31 18:34:36 2025,31-Jul-2025,213439,46 59.232200 N,062 46.154700 W,2.1,137.1,A,DoorSpread,DoorMaster,6.185000,D,S,227908.000000
Thu Jul 31 18:34:36 2025,31-Jul-2025,213440,46 59.231700 N,062 46.154100 W,2.1,137.3,A,DoorSpread,DoorMaster,6.185000,D,S,227908.000000
Thu Jul 31 18:34:36 2025,31-Jul-2025,213441,46 59.231100 N,062 46.153400 W,2.2,137.6,A,DoorSpread,DoorMaster,6.185000,D,S,227908.000000
Thu Jul 31 18:34:36 2025,31-Jul-2025,213442,46 59.230700 N,062 46.152900 W,2.1,137.7,A,DoorSpread,DoorMaster,6.185000,D,S,227908.000000
Thu Jul 31 18:34:36 2025,31-Jul-2025,213443,46 59.230400 N,062 46.152300 W,2.1,137.8,A,DoorSpread,DoorMaster,6.185000,D,S,227908.000000
Thu Jul 31 18:34:42 2025,31-Jul-2025,213444,46 59.229900 N,062 46.151600 W,2.1,137.6,A,DoorSpread,DoorMaster,5.710000,D,S,293867.000000
Thu Jul 31 18:34:42 2025,31-Jul-2025,213445,46 59.229400 N,062 46.150900 W,2.2,138.1,A,DoorSpread,DoorMaster,5.710000,D,S,293867.000000
Thu Jul 31 18:34:42 2025,31-Jul-2025,213446,46 59.228700 N,062 46.150400 W,2.3,138.9,A,DoorSpread,DoorMaster,5.710000,D,S,293867.000000
Thu Jul 31 18:34:42 2025,31-Jul-2025,213447,46 59.228200 N,062 46.149900 W,2.2,139.5,A,DoorSpread,DoorMaster,5.710000,D,S,293867.000000
Thu Jul 31 18:34:42 2025,31-Jul-2025,213448,46 59.227900 N,062 46.149500 W,2.1,139.8,A,DoorSpread,DoorMaster,5.710000,D,S,293867.000000
Thu Jul 31 18:34:42 2025,31-Jul-2025,213449,46 59.227500 N,062 46.148800 W,2.1,139.3,A,DoorSpread,DoorMaster,5.710000,D,S,293867.000000
Thu Jul 31 18:34:47 2025,31-Jul-2025,213450,46 59.227200 N,062 46.148000 W,2.2,138.6,A,DoorSpread,DoorMaster,5.740000,D,S,229221.000000
Thu Jul 31 18:34:47 2025,31-Jul-2025,213451,46 59.226600 N,062 46.147300 W,2.2,138.6,A,DoorSpread,DoorMaster,5.740000,D,S,229221.000000
Thu Jul 31 18:34:47 2025,31-Jul-2025,213452,46 59.226100 N,062 46.146800 W,2.3,139.1,A,DoorSpread,DoorMaster,5.740000,D,S,229221.000000
Thu Jul 31 18:34:47 2025,31-Jul-2025,213453,46 59.225600 N,062 46.146200 W,2.2,139.3,A,DoorSpread,DoorMaster,5.740000,D,S,229221.000000
Thu Jul 31 18:34:47 2025,31-Jul-2025,213454,46 59.225300 N,062 46.145700 W,2.1,139.2,A,DoorSpread,DoorMaster,5.740000,D,S,229221.000000
Thu Jul 31 18:34:53 2025,31-Jul-2025,213455,46 59.224900 N,062 46.144900 W,2.2,138.7,A,DoorSpread,DoorMaster,5.880000,D,S,188993.000000
Thu Jul 31 18:34:53 2025,31-Jul-2025,213456,46 59.224300 N,062 46.144100 W,2.2,138.5,A,DoorSpread,DoorMaster,5.880000,D,S,188993.000000
Thu Jul 31 18:34:53 2025,31-Jul-2025,213457,46 59.223600 N,062 46.143500 W,2.4,139.5,A,DoorSpread,DoorMaster,5.880000,D,S,188993.000000
Thu Jul 31 18:34:53 2025,31-Jul-2025,213458,46 59.222900 N,062 46.143000 W,2.3,140.2,A,DoorSpread,DoorMaster,5.880000,D,S,188993.000000
Thu Jul 31 18:34:53 2025,31-Jul-2025,213459,46 59.222500 N,062 46.142500 W,2.3,140.2,A,DoorSpread,DoorMaster,5.880000,D,S,188993.000000
Thu Jul 31 18:34:53 2025,31-Jul-2025,213500,46 59.222200 N,062 46.141800 W,2.2,139.5,A,DoorSpread,DoorMaster,5.880000,D,S,188993.000000
Thu Jul 31 18:34:59 2025,31-Jul-2025,213501,46 59.221900 N,062 46.141100 W,2.2,138.6,A,DoorSpread,DoorMaster,7.280000,D,S,189417.000000
Thu Jul 31 18:34:59 2025,31-Jul-2025,213502,46 59.221500 N,062 46.140500 W,2.3,138.2,A,DoorSpread,DoorMaster,7.280000,D,S,189417.000000
Thu Jul 31 18:34:59 2025,31-Jul-2025,213503,46 59.220900 N,062 46.139900 W,2.3,138.1,A,DoorSpread,DoorMaster,7.280000,D,S,189417.000000
Thu Jul 31 18:34:59 2025,31-Jul-2025,213504,46 59.220500 N,062 46.139400 W,2.2,138.2,A,DoorSpread,DoorMaster,7.280000,D,S,189417.000000
Thu Jul 31 18:34:59 2025,31-Jul-2025,213505,46 59.220100 N,062 46.138800 W,2.2,138.1,A,DoorSpread,DoorMaster,7.280000,D,S,189417.000000
Thu Jul 31 18:34:59 2025,31-Jul-2025,213506,46 59.219700 N,062 46.138100 W,2.2,137.7,A,DoorSpread,DoorMaster,7.280000,D,S,189417.000000
Thu Jul 31 18:35:04 2025,31-Jul-2025,213507,46 59.219200 N,062 46.137300 W,2.2,137.4,A,DoorSpread,DoorMaster,6.150000,D,S,161211.000000
Thu Jul 31 18:35:04 2025,31-Jul-2025,213508,46 59.218600 N,062 46.136700 W,2.2,137.1,A,DoorSpread,DoorMaster,6.150000,D,S,161211.000000
Thu Jul 31 18:35:04 2025,31-Jul-2025,213509,46 59.217900 N,062 46.135900 W,2.3,136.9,A,DoorSpread,DoorMaster,6.150000,D,S,161211.000000
Thu Jul 31 18:35:04 2025,31-Jul-2025,213510,46 59.217300 N,062 46.135300 W,2.3,136.6,A,DoorSpread,DoorMaster,6.150000,D,S,161211.000000
Thu Jul 31 18:35:04 2025,31-Jul-2025,213511,46 59.216800 N,062 46.134600 W,2.3,136.1,A,DoorSpread,DoorMaster,6.150000,D,S,161211.000000
Thu Jul 31 18:35:10 2025,31-Jul-2025,213512,46 59.216400 N,062 46.133900 W,2.2,135.2,A,DoorSpread,DoorMaster,6.330000,D,S,116207.000000
Thu Jul 31 18:35:10 2025,31-Jul-2025,213513,46 59.215900 N,062 46.133200 W,2.2,135.1,A,DoorSpread,DoorMaster,6.330000,D,S,116207.000000
Thu Jul 31 18:35:10 2025,31-Jul-2025,213514,46 59.215400 N,062 46.132800 W,2.2,135.5,A,DoorSpread,DoorMaster,6.330000,D,S,116207.000000
Thu Jul 31 18:35:10 2025,31-Jul-2025,213515,46 59.215000 N,062 46.132100 W,2.2,135.6,A,DoorSpread,DoorMaster,6.330000,D,S,116207.000000
Thu Jul 31 18:35:10 2025,31-Jul-2025,213516,46 59.214600 N,062 46.131300 W,2.2,135.3,A,DoorSpread,DoorMaster,6.330000,D,S,116207.000000
Thu Jul 31 18:35:10 2025,31-Jul-2025,213517,46 59.214300 N,062 46.130500 W,2.3,134.8,A,DoorSpread,DoorMaster,6.330000,D,S,116207.000000
Thu Jul 31 18:35:15 2025,31-Jul-2025,213518,46 59.213900 N,062 46.129800 W,2.3,134.6,A,DoorSpread,DoorMaster,6.315000,D,S,100598.000000
Thu Jul 31 18:35:15 2025,31-Jul-2025,213519,46 59.213600 N,062 46.129100 W,2.3,134.6,A,DoorSpread,DoorMaster,6.315000,D,S,100598.000000
Thu Jul 31 18:35:15 2025,31-Jul-2025,213520,46 59.213300 N,062 46.128400 W,2.3,134.6,A,DoorSpread,DoorMaster,6.315000,D,S,100598.000000
Thu Jul 31 18:35:15 2025,31-Jul-2025,213521,46 59.213000 N,062 46.127600 W,2.3,134.1,A,DoorSpread,DoorMaster,6.315000,D,S,100598.000000
Thu Jul 31 18:35:15 2025,31-Jul-2025,213522,46 59.212800 N,062 46.126700 W,2.3,133.1,A,DoorSpread,DoorMaster,6.315000,D,S,100598.000000
Thu Jul 31 18:35:21 2025,31-Jul-2025,213523,46 59.212400 N,062 46.125900 W,2.3,132.6,A,DoorSpread,DoorMaster,6.130000,D,S,102522.000000
Thu Jul 31 18:35:21 2025,31-Jul-2025,213524,46 59.212100 N,062 46.125300 W,2.3,132.3,A,DoorSpread,DoorMaster,6.130000,D,S,102522.000000
Thu Jul 31 18:35:21 2025,31-Jul-2025,213525,46 59.211800 N,062 46.124800 W,2.3,132.2,A,DoorSpread,DoorMaster,6.130000,D,S,102522.000000
Thu Jul 31 18:35:21 2025,31-Jul-2025,213526,46 59.211600 N,062 46.124100 W,2.3,131.9,A,DoorSpread,DoorMaster,6.130000,D,S,102522.000000
Thu Jul 31 18:35:21 2025,31-Jul-2025,213527,46 59.211300 N,062 46.123400 W,2.4,131.5,A,DoorSpread,DoorMaster,6.130000,D,S,102522.000000
Thu Jul 31 18:35:21 2025,31-Jul-2025,213528,46 59.210900 N,062 46.122800 W,2.4,131.5,A,DoorSpread,DoorMaster,6.130000,D,S,102522.000000
Thu Jul 31 18:35:26 2025,31-Jul-2025,213529,46 59.210500 N,062 46.122300 W,2.4,131.9,A,DoorSpread,DoorMaster,6.115000,D,S,87260.000000
Thu Jul 31 18:35:26 2025,31-Jul-2025,213530,46 59.210200 N,062 46.121900 W,2.4,132.1,A,DoorSpread,DoorMaster,6.115000,D,S,87260.000000
Thu Jul 31 18:35:26 2025,31-Jul-2025,213531,46 59.209900 N,062 46.121200 W,2.4,131.7,A,DoorSpread,DoorMaster,6.115000,D,S,87260.000000
Thu Jul 31 18:35:26 2025,31-Jul-2025,213532,46 59.209600 N,062 46.120500 W,2.4,131.2,A,DoorSpread,DoorMaster,6.115000,D,S,87260.000000
Thu Jul 31 18:35:26 2025,31-Jul-2025,213533,46 59.209200 N,062 46.119900 W,2.5,130.9,A,DoorSpread,DoorMaster,6.115000,D,S,87260.000000
Thu Jul 31 18:35:32 2025,31-Jul-2025,213534,46 59.208600 N,062 46.119400 W,2.5,131.2,A,DoorSpread,DoorMaster,5.420000,D,S,99876.000000
Thu Jul 31 18:35:32 2025,31-Jul-2025,213535,46 59.208200 N,062 46.118800 W,2.5,131.2,A,DoorSpread,DoorMaster,5.420000,D,S,99876.000000
Thu Jul 31 18:35:32 2025,31-Jul-2025,213536,46 59.207800 N,062 46.118000 W,2.5,130.4,A,DoorSpread,DoorMaster,5.420000,D,S,99876.000000
Thu Jul 31 18:35:32 2025,31-Jul-2025,213537,46 59.207400 N,062 46.117100 W,2.5,130.1,A,DoorSpread,DoorMaster,5.420000,D,S,99876.000000
Thu Jul 31 18:35:32 2025,31-Jul-2025,213538,46 59.206900 N,062 46.116400 W,2.5,130.2,A,DoorSpread,DoorMaster,5.420000,D,S,99876.000000
Thu Jul 31 18:35:32 2025,31-Jul-2025,213539,46 59.206400 N,062 46.115700 W,2.5,130.7,A,DoorSpread,DoorMaster,5.420000,D,S,99876.000000
Thu Jul 31 18:35:37 2025,31-Jul-2025,213540,46 59.205900 N,062 46.115100 W,2.4,131.1,A,DoorSpread,DoorMaster,4.730000,D,S,136758.000000
Thu Jul 31 18:35:37 2025,31-Jul-2025,213541,46 59.205600 N,062 46.114500 W,2.3,131.0,A,DoorSpread,DoorMaster,4.730000,D,S,136758.000000
Thu Jul 31 18:35:37 2025,31-Jul-2025,213542,46 59.205200 N,062 46.113900 W,2.4,130.9,A,DoorSpread,DoorMaster,4.730000,D,S,136758.000000
Thu Jul 31 18:35:37 2025,31-Jul-2025,213543,46 59.204700 N,062 46.113100 W,2.4,131.0,A,DoorSpread,DoorMaster,4.730000,D,S,136758.000000
Thu Jul 31 18:35:37 2025,31-Jul-2025,213544,46 59.204200 N,062 46.112600 W,2.3,131.4,A,DoorSpread,DoorMaster,4.730000,D,S,136758.000000
Thu Jul 31 18:35:43 2025,31-Jul-2025,213545,46 59.203800 N,062 46.112200 W,2.2,131.8,A,DoorSpread,DoorMaster,4.500000,D,S,73282.000000
Thu Jul 31 18:35:43 2025,31-Jul-2025,213546,46 59.203400 N,062 46.111500 W,2.2,132.0,A,DoorSpread,DoorMaster,4.500000,D,S,73282.000000
Thu Jul 31 18:35:43 2025,31-Jul-2025,213547,46 59.203000 N,062 46.110800 W,2.2,131.9,A,DoorSpread,DoorMaster,4.500000,D,S,73282.000000
Thu Jul 31 18:35:43 2025,31-Jul-2025,213548,46 59.202600 N,062 46.110100 W,2.2,131.6,A,DoorSpread,DoorMaster,4.500000,D,S,73282.000000
Thu Jul 31 18:35:43 2025,31-Jul-2025,213549,46 59.202200 N,062 46.109400 W,2.2,131.6,A,DoorSpread,DoorMaster,4.500000,D,S,73282.000000
Thu Jul 31 18:35:43 2025,31-Jul-2025,213550,46 59.201800 N,062 46.108800 W,2.2,131.5,A,DoorSpread,DoorMaster,4.500000,D,S,73282.000000
Thu Jul 31 18:35:48 2025,31-Jul-2025,213551,46 59.201500 N,062 46.108200 W,2.2,131.5,A,DoorSpread,DoorMaster,4.315000,D,S,108894.000000
Thu Jul 31 18:35:48 2025,31-Jul-2025,213552,46 59.201200 N,062 46.107500 W,2.2,131.4,A,DoorSpread,DoorMaster,4.315000,D,S,108894.000000
Thu Jul 31 18:35:48 2025,31-Jul-2025,213553,46 59.200900 N,062 46.106900 W,2.2,131.3,A,DoorSpread,DoorMaster,4.315000,D,S,108894.000000
Thu Jul 31 18:35:48 2025,31-Jul-2025,213554,46 59.200600 N,062 46.106200 W,2.1,131.1,A,DoorSpread,DoorMaster,4.315000,D,S,108894.000000
Thu Jul 31 18:35:48 2025,31-Jul-2025,213555,46 59.200300 N,062 46.105500 W,2.1,130.7,A,DoorSpread,DoorMaster,4.315000,D,S,108894.000000
Thu Jul 31 18:35:54 2025,31-Jul-2025,213556,46 59.200100 N,062 46.104900 W,2.2,130.4,A,DoorSpread,DoorMaster,4.050000,D,S,317190.000000
Thu Jul 31 18:35:54 2025,31-Jul-2025,213557,46 59.199800 N,062 46.104300 W,2.1,129.9,A,DoorSpread,DoorMaster,4.050000,D,S,317190.000000
Thu Jul 31 18:35:54 2025,31-Jul-2025,213558,46 59.199600 N,062 46.103700 W,2.2,129.1,A,DoorSpread,DoorMaster,4.050000,D,S,317190.000000
Thu Jul 31 18:35:54 2025,31-Jul-2025,213559,46 59.199300 N,062 46.103000 W,2.2,128.8,A,DoorSpread,DoorMaster,4.050000,D,S,317190.000000
Thu Jul 31 18:35:54 2025,31-Jul-2025,213600,46 59.199000 N,062 46.102300 W,2.1,128.5,A,DoorSpread,DoorMaster,4.050000,D,S,317190.000000
Thu Jul 31 18:35:54 2025,31-Jul-2025,213601,46 59.198700 N,062 46.101500 W,2.1,128.0,A,DoorSpread,DoorMaster,4.050000,D,S,317190.000000
Thu Jul 31 18:35:59 2025,31-Jul-2025,213602,46 59.198300 N,062 46.100800 W,2.1,127.4,A,DoorSpread,DoorMaster,3.805000,D,S,304302.000000
Thu Jul 31 18:35:59 2025,31-Jul-2025,213603,46 59.198000 N,062 46.100200 W,2.1,127.1,A,DoorSpread,DoorMaster,3.805000,D,S,304302.000000
Thu Jul 31 18:35:59 2025,31-Jul-2025,213604,46 59.197700 N,062 46.099500 W,2.1,126.8,A,DoorSpread,DoorMaster,3.805000,D,S,304302.000000
Thu Jul 31 18:35:59 2025,31-Jul-2025,213605,46 59.197400 N,062 46.098900 W,2.0,126.4,A,DoorSpread,DoorMaster,3.805000,D,S,304302.000000
Thu Jul 31 18:35:59 2025,31-Jul-2025,213606,46 59.197200 N,062 46.098200 W,2.0,126.0,A,DoorSpread,DoorMaster,3.805000,D,S,304302.000000
Thu Jul 31 18:36:05 2025,31-Jul-2025,213607,46 59.196800 N,062 46.097500 W,2.0,126.0,A,DoorSpread,DoorMaster,3.935000,D,S,500683.000000
Thu Jul 31 18:36:05 2025,31-Jul-2025,213608,46 59.196400 N,062 46.096900 W,2.0,126.2,A,DoorSpread,DoorMaster,3.935000,D,S,500683.000000
Thu Jul 31 18:36:05 2025,31-Jul-2025,213609,46 59.196100 N,062 46.096300 W,1.9,126.2,A,DoorSpread,DoorMaster,3.935000,D,S,500683.000000
Thu Jul 31 18:36:05 2025,31-Jul-2025,213610,46 59.195800 N,062 46.095700 W,1.9,126.1,A,DoorSpread,DoorMaster,3.935000,D,S,500683.000000
Thu Jul 31 18:36:05 2025,31-Jul-2025,213611,46 59.195600 N,062 46.095000 W,1.9,125.3,A,DoorSpread,DoorMaster,3.935000,D,S,500683.000000
Thu Jul 31 18:36:05 2025,31-Jul-2025,213612,46 59.195400 N,062 46.094200 W,2.0,125.0,A,DoorSpread,DoorMaster,3.935000,D,S,500683.000000
Thu Jul 31 18:36:05 2025,31-Jul-2025,213613,46 59.195000 N,062 46.093500 W,1.9,124.9,A,DoorSpread,DoorMaster,3.935000,D,S,500683.000000
Thu Jul 31 18:36:11 2025,31-Jul-2025,213614,46 59.194800 N,062 46.092900 W,1.9,124.7,A,DoorSpread,DoorMaster,18.360000,D,S,161274.000000
Thu Jul 31 18:36:11 2025,31-Jul-2025,213615,46 59.194600 N,062 46.092300 W,1.8,124.3,A,DoorSpread,DoorMaster,18.360000,D,S,161274.000000
Thu Jul 31 18:36:11 2025,31-Jul-2025,213616,46 59.194400 N,062 46.091600 W,1.8,124.0,A,DoorSpread,DoorMaster,18.360000,D,S,161274.000000
Thu Jul 31 18:36:11 2025,31-Jul-2025,213617,46 59.194100 N,062 46.091000 W,1.9,123.8,A,DoorSpread,DoorMaster,18.360000,D,S,161274.000000
Thu Jul 31 18:36:11 2025,31-Jul-2025,213618,46 59.193700 N,062 46.090400 W,1.9,123.8,A,DoorSpread,DoorMaster,18.360000,D,S,161274.000000
Thu Jul 31 18:36:17 2025,31-Jul-2025,213619,46 59.193300 N,062 46.089800 W,1.9,123.7,A,DoorSpread,DoorMaster,3.595000,D,P,313159.000000
Thu Jul 31 18:36:17 2025,31-Jul-2025,213620,46 59.192900 N,062 46.089200 W,1.9,122.9,A,DoorSpread,DoorMaster,3.595000,D,P,313159.000000
Thu Jul 31 18:36:17 2025,31-Jul-2025,213621,46 59.192700 N,062 46.088500 W,1.9,122.3,A,DoorSpread,DoorMaster,3.595000,D,P,313159.000000
