Ship Number,Trip Number,Tow Number
Avalon Voyager,4,7
Comments
"Zone 12"
CPU Date and Time,GPS Date,GPS Time,Latitude,Longitude,Speed,Heading,Validity,Transducer Name,Sensor Name,Sensor Value,Error Code,Hydrophone,Signal Strength
Tue Sep 09 14:19:55 2025,09-Sep-2025,171954,47 45.683700 N,062 35.283800 W,2.5,163.0,A,DoorSpread,DoorMaster,0.000000,E,S,87054.000000
Tue Sep 09 14:19:55 2025,09-Sep-2025,171955,47 45.683000 N,062 35.283400 W,2.5,162.9,A,DoorSpread,DoorMaster,0.000000,E,S,87054.000000
Tue Sep 09 14:19:55 2025,09-Sep-2025,171956,47 45.682300 N,062 35.283100 W,2.5,162.7,A,DoorSpread,DoorMaster,0.000000,E,S,87054.000000
Tue Sep 09 14:19:57 2025,09-Sep-2025,171957,47 45.681700 N,062 35.282900 W,2.4,162.9,A,Depth,Depth,13.888889,D,P,5524.000000
Tue Sep 09 14:19:57 2025,09-Sep-2025,171958,47 45.681000 N,062 35.282700 W,2.4,163.1,A,Depth,Depth,13.888889,D,P,5524.000000
Tue Sep 09 14:19:59 2025,09-Sep-2025,171959,47 45.680400 N,062 35.282500 W,2.4,163.0,A,Secondary,Headline,0.000000,E,S,11653.000000
Tue Sep 09 14:20:00 2025,09-Sep-2025,172000,47 45.679800 N,062 35.282200 W,2.4,162.9,A,DoorSpread,DoorMaster,1.540000,D,S,802742.000000
Tue Sep 09 14:20:00 2025,09-Sep-2025,172001,47 45.679200 N,062 35.282000 W,2.4,163.1,A,DoorSpread,DoorMaster,1.540000,D,S,802742.000000
Tue Sep 09 14:20:00 2025,09-Sep-2025,172002,47 45.678700 N,062 35.281700 W,2.4,163.1,A,DoorSpread,DoorMaster,1.540000,D,S,802742.000000
Tue Sep 09 14:20:00 2025,09-Sep-2025,172003,47 45.678100 N,062 35.281400 W,2.5,163.1,A,DoorSpread,DoorMaster,1.540000,D,S,802742.000000
Tue Sep 09 14:20:04 2025,09-Sep-2025,172004,47 45.677500 N,062 35.281000 W,2.5,163.1,A,Primary,Headline,2.979592,D,P,21534.000000
Tue Sep 09 14:20:05 2025,09-Sep-2025,172005,47 45.676900 N,062 35.280600 W,2.5,163.2,A,DoorSpread,DoorMaster,0.000000,E,P,270606.000000
Tue Sep 09 14:20:05 2025,09-Sep-2025,172006,47 45.676300 N,062 35.280400 W,2.5,163.2,A,DoorSpread,DoorMaster,0.000000,E,P,270606.000000
Tue Sep 09 14:20:05 2025,09-Sep-2025,172007,47 45.675800 N,062 35.280200 W,2.4,163.4,A,DoorSpread,DoorMaster,0.000000,E,P,270606.000000
Tue Sep 09 14:20:05 2025,09-Sep-2025,172008,47 45.675100 N,062 35.280100 W,2.4,163.8,A,DoorSpread,DoorMaster,0.000000,E,P,270606.000000
Tue Sep 09 14:20:10 2025,09-Sep-2025,172009,47 45.674400 N,062 35.279800 W,2.4,163.8,A,Primary,Headline,4.918367,D,S,48876.000000
Tue Sep 09 14:20:10 2025,09-Sep-2025,172010,47 45.673700 N,062 35.279500 W,2.4,163.5,A,DoorSpread,DoorMaster,0.000000,E,S,732992.000000
Tue Sep 09 14:20:11 2025,09-Sep-2025,172011,47 45.673000 N,062 35.279400 W,2.4,163.4,A,Depth,Depth,8.333333,D,S,41846.000000
Tue Sep 09 14:20:11 2025,09-Sep-2025,172012,47 45.672300 N,062 35.279200 W,2.4,163.4,A,Depth,Depth,8.333333,D,S,41846.000000
Tue Sep 09 14:20:11 2025,09-Sep-2025,172013,47 45.671600 N,062 35.278900 W,2.4,163.3,A,Depth,Depth,8.333333,D,S,41846.000000
Tue Sep 09 14:20:15 2025,09-Sep-2025,172014,47 45.670900 N,062 35.278600 W,2.4,163.4,A,Primary,Headline,11.326531,D,P,33592.000000
Tue Sep 09 14:20:15 2025,09-Sep-2025,172015,47 45.670200 N,062 35.278400 W,2.4,163.6,A,DoorSpread,DoorMaster,0.160000,D,P,424040.000000
Tue Sep 09 14:20:15 2025,09-Sep-2025,172016,47 45.669500 N,062 35.278200 W,2.4,163.6,A,DoorSpread,DoorMaster,0.160000,D,P,424040.000000
Tue Sep 09 14:20:15 2025,09-Sep-2025,172017,47 45.668900 N,062 35.277900 W,2.4,163.4,A,DoorSpread,DoorMaster,0.160000,D,P,424040.000000
Tue Sep 09 14:20:18 2025,09-Sep-2025,172018,47 45.668200 N,062 35.277500 W,2.4,163.2,A,Depth,Depth,10.277778,D,S,118659.000000
Tue Sep 09 14:20:18 2025,09-Sep-2025,172019,47 45.667500 N,062 35.277300 W,2.4,163.2,A,Depth,Depth,10.277778,D,S,118659.000000
Tue Sep 09 14:20:20 2025,09-Sep-2025,172020,47 45.666800 N,062 35.276900 W,2.4,163.2,A,DoorSpread,DoorMaster,0.000000,E,P,630256.000000
Tue Sep 09 14:20:20 2025,09-Sep-2025,172021,47 45.666100 N,062 35.276600 W,2.4,163.2,A,DoorSpread,DoorMaster,0.000000,E,P,630256.000000
Tue Sep 09 14:20:20 2025,09-Sep-2025,172022,47 45.665300 N,062 35.276200 W,2.4,163.0,A,DoorSpread,DoorMaster,0.000000,E,P,630256.000000
Tue Sep 09 14:20:20 2025,09-Sep-2025,172023,47 45.664600 N,062 35.275800 W,2.4,162.9,A,DoorSpread,DoorMaster,0.000000,E,P,630256.000000
Tue Sep 09 14:20:20 2025,09-Sep-2025,172024,47 45.663900 N,062 35.275500 W,2.4,162.7,A,DoorSpread,DoorMaster,0.000000,E,P,630256.000000
Tue Sep 09 14:20:25 2025,09-Sep-2025,172025,47 45.663300 N,062 35.275300 W,2.4,162.6,A,Primary,Headline,12.040816,D,S,242454.000000
Tue Sep 09 14:20:26 2025,09-Sep-2025,172026,47 45.662600 N,062 35.275100 W,2.4,162.5,A,DoorSpread,DoorMaster,0.000000,E,P,603040.000000
Tue Sep 09 14:20:26 2025,09-Sep-2025,172027,47 45.662100 N,062 35.274800 W,2.4,162.4,A,DoorSpread,DoorMaster,0.000000,E,P,603040.000000
Tue Sep 09 14:20:26 2025,09-Sep-2025,172028,47 45.661600 N,062 35.274600 W,2.3,162.6,A,DoorSpread,DoorMaster,0.000000,E,P,603040.000000
Tue Sep 09 14:20:26 2025,09-Sep-2025,172029,47 45.661000 N,062 35.274300 W,2.4,162.7,A,DoorSpread,DoorMaster,0.000000,E,P,603040.000000
Tue Sep 09 14:20:31 2025,09-Sep-2025,172030,47 45.660400 N,062 35.273900 W,2.4,162.5,A,DoorSpread,DoorMaster,0.275000,D,S,35572.000000
Tue Sep 09 14:20:31 2025,09-Sep-2025,172031,47 45.659900 N,062 35.273500 W,2.4,162.4,A,DoorSpread,DoorMaster,0.275000,D,S,35572.000000
Tue Sep 09 14:20:32 2025,09-Sep-2025,172032,47 45.659300 N,062 35.273200 W,2.4,162.3,A,Depth,Depth,13.333333,D,P,138406.000000
Tue Sep 09 14:20:32 2025,09-Sep-2025,172033,47 45.658800 N,062 35.272900 W,2.4,162.5,A,Depth,Depth,13.333333,D,P,138406.000000
Tue Sep 09 14:20:32 2025,09-Sep-2025,172034,47 45.658200 N,062 35.272600 W,2.5,162.5,A,Depth,Depth,13.333333,D,P,138406.000000
Tue Sep 09 14:20:36 2025,09-Sep-2025,172035,47 45.657600 N,062 35.272300 W,2.5,162.6,A,Primary,Headline,15.000000,D,S,260169.000000
Tue Sep 09 14:20:36 2025,09-Sep-2025,172036,47 45.657100 N,062 35.271900 W,2.4,162.5,A,Primary,Headline,15.000000,D,S,260169.000000
Tue Sep 09 14:20:36 2025,09-Sep-2025,172037,47 45.656500 N,062 35.271600 W,2.5,162.6,A,Primary,Headline,15.000000,D,S,260169.000000
Tue Sep 09 14:20:36 2025,09-Sep-2025,172038,47 45.655900 N,062 35.271300 W,2.5,162.7,A,Primary,Headline,15.000000,D,S,260169.000000
Tue Sep 09 14:20:39 2025,09-Sep-2025,172039,47 45.655200 N,062 35.271000 W,2.4,162.6,A,Depth,Depth,14.537037,D,S,122411.000000
Tue Sep 09 14:20:39 2025,09-Sep-2025,172040,47 45.654600 N,062 35.270700 W,2.4,162.5,A,Depth,Depth,14.537037,D,S,122411.000000
Tue Sep 09 14:20:41 2025,09-Sep-2025,172041,47 45.654000 N,062 35.270400 W,2.4,162.5,A,DoorSpread,DoorMaster,2.360000,D,S,986539.000000
Tue Sep 09 14:20:41 2025,09-Sep-2025,172042,47 45.653400 N,062 35.270100 W,2.4,162.3,A,DoorSpread,DoorMaster,2.360000,D,S,986539.000000
Tue Sep 09 14:20:41 2025,09-Sep-2025,172043,47 45.652700 N,062 35.269900 W,2.4,162.0,A,DoorSpread,DoorMaster,2.360000,D,S,986539.000000
Tue Sep 09 14:20:41 2025,09-Sep-2025,172044,47 45.652100 N,062 35.269500 W,2.4,161.9,A,DoorSpread,DoorMaster,2.360000,D,S,986539.000000
Tue Sep 09 14:20:41 2025,09-Sep-2025,172045,47 45.651400 N,062 35.269300 W,2.4,161.8,A,DoorSpread,DoorMaster,2.360000,D,S,986539.000000
Tue Sep 09 14:20:46 2025,09-Sep-2025,172046,47 45.650800 N,062 35.269000 W,2.5,161.6,A,Primary,Headline,26.897959,D,S,299737.000000
Tue Sep 09 14:20:46 2025,09-Sep-2025,172047,47 45.650000 N,062 35.268700 W,2.6,161.5,A,Primary,Headline,26.897959,D,S,299737.000000
Tue Sep 09 14:20:46 2025,09-Sep-2025,172048,47 45.649200 N,062 35.268300 W,2.7,161.5,A,Primary,Headline,26.897959,D,S,299737.000000
Tue Sep 09 14:20:46 2025,09-Sep-2025,172049,47 45.648300 N,062 35.267800 W,2.9,161.3,A,Primary,Headline,26.897959,D,S,299737.000000
Tue Sep 09 14:20:46 2025,09-Sep-2025,172050,47 45.647300 N,062 35.267200 W,3.1,162.1,A,Primary,Headline,26.897959,D,S,299737.000000
Tue Sep 09 14:20:52 2025,09-Sep-2025,172051,47 45.646200 N,062 35.266600 W,3.2,162.8,A,DoorSpread,DoorMaster,2.565000,D,S,534651.000000
Tue Sep 09 14:20:52 2025,09-Sep-2025,172052,47 45.645100 N,062 35.265800 W,3.4,162.2,A,DoorSpread,DoorMaster,2.565000,D,S,534651.000000
Tue Sep 09 14:20:52 2025,09-Sep-2025,172053,47 45.643900 N,062 35.265000 W,3.6,161.8,A,DoorSpread,DoorMaster,2.565000,D,S,534651.000000
Tue Sep 09 14:20:52 2025,09-Sep-2025,172054,47 45.642800 N,062 35.264400 W,3.8,162.5,A,DoorSpread,DoorMaster,2.565000,D,S,534651.000000
Tue Sep 09 14:20:52 2025,09-Sep-2025,172055,47 45.641600 N,062 35.263800 W,4.0,163.3,A,DoorSpread,DoorMaster,2.565000,D,S,534651.000000
Tue Sep 09 14:20:57 2025,09-Sep-2025,172056,47 45.640200 N,062 35.263200 W,4.2,163.9,A,DoorSpread,DoorMaster,1.835000,D,S,736448.000000
Tue Sep 09 14:20:57 2025,09-Sep-2025,172057,47 45.638900 N,062 35.262700 W,4.3,163.8,A,DoorSpread,DoorMaster,1.835000,D,S,736448.000000
Tue Sep 09 14:20:57 2025,09-Sep-2025,172058,47 45.637500 N,062 35.262000 W,4.4,163.8,A,DoorSpread,DoorMaster,1.835000,D,S,736448.000000
Tue Sep 09 14:20:57 2025,09-Sep-2025,172059,47 45.636000 N,062 35.261500 W,4.6,164.1,A,DoorSpread,DoorMaster,1.835000,D,S,736448.000000
Tue Sep 09 14:21:00 2025,09-Sep-2025,172100,47 45.634600 N,062 35.260900 W,4.7,164.4,A,Depth,Depth,17.685185,D,S,93428.000000
Tue Sep 09 14:21:00 2025,09-Sep-2025,172101,47 45.633100 N,062 35.260400 W,4.8,164.7,A,Depth,Depth,17.685185,D,S,93428.000000
Tue Sep 09 14:21:02 2025,09-Sep-2025,172102,47 45.631700 N,062 35.259800 W,4.9,165.1,A,DoorSpread,DoorMaster,2.820000,D,S,348846.000000
Tue Sep 09 14:21:02 2025,09-Sep-2025,172103,47 45.630300 N,062 35.259300 W,4.9,165.0,A,DoorSpread,DoorMaster,2.820000,D,S,348846.000000
Tue Sep 09 14:21:02 2025,09-Sep-2025,172104,47 45.628900 N,062 35.258700 W,5.0,164.9,A,DoorSpread,DoorMaster,2.820000,D,S,348846.000000
Tue Sep 09 14:21:02 2025,09-Sep-2025,172105,47 45.627500 N,062 35.258200 W,5.0,164.9,A,DoorSpread,DoorMaster,2.820000,D,S,348846.000000
Tue Sep 09 14:21:02 2025,09-Sep-2025,172106,47 45.625900 N,062 35.257900 W,5.1,165.0,A,DoorSpread,DoorMaster,2.820000,D,S,348846.000000
Tue Sep 09 14:21:08 2025,09-Sep-2025,172107,47 45.624400 N,062 35.257500 W,5.2,165.3,A,DoorSpread,DoorMaster,3.495000,D,S,470748.000000
Tue Sep 09 14:21:08 2025,09-Sep-2025,172108,47 45.622800 N,062 35.257000 W,5.2,165.5,A,Primary,Headline,53.102041,D,S,206736.000000
Tue Sep 09 14:21:08 2025,09-Sep-2025,172109,47 45.621300 N,062 35.256400 W,5.2,165.2,A,Primary,Headline,53.102041,D,S,206736.000000
Tue Sep 09 14:21:08 2025,09-Sep-2025,172110,47 45.619800 N,062 35.255900 W,5.3,165.1,A,Primary,Headline,53.102041,D,S,206736.000000
Tue Sep 09 14:21:08 2025,09-Sep-2025,172111,47 45.618300 N,062 35.255300 W,5.3,165.4,A,Primary,Headline,53.102041,D,S,206736.000000
Tue Sep 09 14:21:08 2025,09-Sep-2025,172112,47 45.616900 N,062 35.254800 W,5.3,165.6,A,Primary,Headline,53.102041,D,S,206736.000000
Tue Sep 09 14:21:13 2025,09-Sep-2025,172113,47 45.615500 N,062 35.254200 W,5.3,165.4,A,DoorSpread,DoorMaster,4.835000,D,S,401627.000000
Tue Sep 09 14:21:14 2025,09-Sep-2025,172114,47 45.614100 N,062 35.253700 W,5.4,165.6,A,Depth,Depth,16.296296,D,S,103009.000000
Tue Sep 09 14:21:14 2025,09-Sep-2025,172115,47 45.612600 N,062 35.253200 W,5.4,165.8,A,Depth,Depth,16.296296,D,S,103009.000000
Tue Sep 09 14:21:14 2025,09-Sep-2025,172116,47 45.611200 N,062 35.252700 W,5.4,165.8,A,Depth,Depth,16.296296,D,S,103009.000000
Tue Sep 09 14:21:14 2025,09-Sep-2025,172117,47 45.609700 N,062 35.252200 W,5.4,165.6,A,Depth,Depth,16.296296,D,S,103009.000000
Tue Sep 09 14:21:18 2025,09-Sep-2025,172118,47 45.608300 N,062 35.251500 W,5.4,165.6,A,DoorSpread,DoorMaster,4.055000,D,S,901460.000000
Tue Sep 09 14:21:18 2025,09-Sep-2025,172119,47 45.607000 N,062 35.251000 W,5.3,165.9,A,DoorSpread,DoorMaster,4.055000,D,S,901460.000000
Tue Sep 09 14:21:18 2025,09-Sep-2025,172120,47 45.605600 N,062 35.250400 W,5.3,166.0,A,DoorSpread,DoorMaster,4.055000,D,S,901460.000000
Tue Sep 09 14:21:21 2025,09-Sep-2025,172121,47 45.604200 N,062 35.249900 W,5.3,165.7,A,Depth,Depth,16.851852,D,S,95615.000000
Tue Sep 09 14:21:21 2025,09-Sep-2025,172122,47 45.602800 N,062 35.249400 W,5.3,165.5,A,Depth,Depth,16.851852,D,S,95615.000000
Tue Sep 09 14:21:23 2025,09-Sep-2025,172123,47 45.601400 N,062 35.248800 W,5.3,165.5,A,Primary,Headline,12.612245,D,S,180995.000000
Tue Sep 09 14:21:24 2025,09-Sep-2025,172124,47 45.600000 N,062 35.248300 W,5.3,165.7,A,DoorSpread,DoorMaster,4.315000,D,S,368147.000000
Tue Sep 09 14:21:24 2025,09-Sep-2025,172125,47 45.598600 N,062 35.247800 W,5.2,165.8,A,DoorSpread,DoorMaster,4.315000,D,S,368147.000000
Tue Sep 09 14:21:24 2025,09-Sep-2025,172126,47 45.597200 N,062 35.247400 W,5.2,165.8,A,DoorSpread,DoorMaster,4.315000,D,S,368147.000000
Tue Sep 09 14:21:24 2025,09-Sep-2025,172127,47 45.595900 N,062 35.247000 W,5.2,165.8,A,DoorSpread,DoorMaster,4.315000,D,S,368147.000000
Tue Sep 09 14:21:28 2025,09-Sep-2025,172128,47 45.594600 N,062 35.246500 W,5.2,166.1,A,Primary,Headline,12.469388,D,S,108433.000000
Tue Sep 09 14:21:29 2025,09-Sep-2025,172129,47 45.593100 N,062 35.246000 W,5.2,166.3,A,DoorSpread,DoorMaster,4.605000,D,S,728355.000000
Tue Sep 09 14:21:29 2025,09-Sep-2025,172130,47 45.591700 N,062 35.245300 W,5.2,166.1,A,DoorSpread,DoorMaster,4.605000,D,S,728355.000000
Tue Sep 09 14:21:29 2025,09-Sep-2025,172131,47 45.590300 N,062 35.244700 W,5.2,166.1,A,DoorSpread,DoorMaster,4.605000,D,S,728355.000000
Tue Sep 09 14:21:29 2025,09-Sep-2025,172132,47 45.589000 N,062 35.244200 W,5.2,166.4,A,DoorSpread,DoorMaster,4.605000,D,S,728355.000000
Tue Sep 09 14:21:33 2025,09-Sep-2025,172133,47 45.587600 N,062 35.243700 W,5.2,166.8,A,Primary,Headline,12.367347,D,S,222902.000000
Tue Sep 09 14:21:35 2025,09-Sep-2025,172134,47 45.586200 N,062 35.243200 W,5.1,166.3,A,DoorSpread,DoorMaster,4.565000,D,S,383514.000000
Tue Sep 09 14:21:35 2025,09-Sep-2025,172135,47 45.584800 N,062 35.242600 W,5.1,166.1,A,DoorSpread,DoorMaster,4.565000,D,S,383514.000000
Tue Sep 09 14:21:35 2025,09-Sep-2025,172136,47 45.583600 N,062 35.242100 W,5.1,166.4,A,DoorSpread,DoorMaster,4.565000,D,S,383514.000000
Tue Sep 09 14:21:35 2025,09-Sep-2025,172137,47 45.582200 N,062 35.241700 W,5.1,166.7,A,DoorSpread,DoorMaster,4.565000,D,S,383514.000000
Tue Sep 09 14:21:35 2025,09-Sep-2025,172138,47 45.580800 N,062 35.241200 W,5.1,166.9,A,DoorSpread,DoorMaster,4.565000,D,S,383514.000000
Tue Sep 09 14:21:39 2025,09-Sep-2025,172139,47 45.579400 N,062 35.240800 W,5.1,166.6,A,Primary,Headline,12.551020,D,S,172833.000000
Tue Sep 09 14:21:40 2025,09-Sep-2025,172140,47 45.578000 N,062 35.240200 W,5.1,166.3,A,DoorSpread,DoorMaster,4.830000,D,S,314558.000000
Tue Sep 09 14:21:40 2025,09-Sep-2025,172141,47 45.576600 N,062 35.239700 W,5.1,166.3,A,DoorSpread,DoorMaster,4.830000,D,S,314558.000000
Tue Sep 09 14:21:42 2025,09-Sep-2025,172142,47 45.575300 N,062 35.239200 W,5.0,166.6,A,Depth,Depth,17.222222,D,S,123029.000000
Tue Sep 09 14:21:42 2025,09-Sep-2025,172143,47 45.573900 N,062 35.238800 W,5.1,166.7,A,Depth,Depth,17.222222,D,S,123029.000000
Tue Sep 09 14:21:44 2025,09-Sep-2025,172144,47 45.572400 N,062 35.238400 W,5.1,166.6,A,Primary,Headline,12.551020,D,S,208585.000000
Tue Sep 09 14:21:44 2025,09-Sep-2025,172145,47 45.571100 N,062 35.238000 W,5.1,166.4,A,Primary,Headline,12.551020,D,S,208585.000000
Tue Sep 09 14:21:46 2025,09-Sep-2025,172146,47 45.569700 N,062 35.237600 W,5.1,166.3,A,DoorSpread,DoorMaster,5.000000,D,S,376233.000000
Tue Sep 09 14:21:46 2025,09-Sep-2025,172147,47 45.568300 N,062 35.237200 W,5.1,166.3,A,DoorSpread,DoorMaster,5.000000,D,S,376233.000000
Tue Sep 09 14:21:46 2025,09-Sep-2025,172148,47 45.567000 N,062 35.236800 W,5.1,166.6,A,DoorSpread,DoorMaster,5.000000,D,S,376233.000000
Tue Sep 09 14:21:49 2025,09-Sep-2025,172149,47 45.565600 N,062 35.236500 W,5.1,166.7,A,Depth,Depth,16.759259,D,S,183123.000000
Tue Sep 09 14:21:49 2025,09-Sep-2025,172150,47 45.564300 N,062 35.236100 W,5.1,166.5,A,Depth,Depth,16.759259,D,S,183123.000000
Tue Sep 09 14:21:51 2025,09-Sep-2025,172151,47 45.562900 N,062 35.235600 W,5.0,166.4,A,DoorSpread,DoorMaster,0.000000,E,S,458476.000000
Tue Sep 09 14:21:51 2025,09-Sep-2025,172152,47 45.561600 N,062 35.235300 W,5.1,166.6,A,DoorSpread,DoorMaster,0.000000,E,S,458476.000000
Tue Sep 09 14:21:51 2025,09-Sep-2025,172153,47 45.560100 N,062 35.234900 W,5.1,166.8,A,DoorSpread,DoorMaster,0.000000,E,S,458476.000000
Tue Sep 09 14:21:54 2025,09-Sep-2025,172154,47 45.558700 N,062 35.234600 W,5.1,166.7,A,Primary,Headline,13.734694,D,S,139462.000000
Tue Sep 09 14:21:54 2025,09-Sep-2025,172155,47 45.557200 N,062 35.234100 W,5.1,166.6,A,Primary,Headline,13.734694,D,S,139462.000000
Tue Sep 09 14:21:57 2025,09-Sep-2025,172156,47 45.555700 N,062 35.233700 W,5.1,166.6,A,Depth,Depth,17.777778,D,S,169391.000000
Tue Sep 09 14:21:57 2025,09-Sep-2025,172157,47 45.554300 N,062 35.233200 W,5.1,166.7,A,Depth,Depth,17.777778,D,S,169391.000000
Tue Sep 09 14:21:57 2025,09-Sep-2025,172158,47 45.552900 N,062 35.232800 W,5.0,166.8,A,Depth,Depth,17.777778,D,S,169391.000000
Tue Sep 09 14:21:57 2025,09-Sep-2025,172159,47 45.551400 N,062 35.232300 W,5.1,166.9,A,Depth,Depth,17.777778,D,S,169391.000000
Tue Sep 09 14:22:00 2025,09-Sep-2025,172200,47 45.550100 N,062 35.231900 W,5.1,166.7,A,Primary,Headline,15.040816,D,S,124258.000000
Tue Sep 09 14:22:00 2025,09-Sep-2025,172201,47 45.548700 N,062 35.231400 W,5.1,166.7,A,Primary,Headline,15.040816,D,S,124258.000000
Tue Sep 09 14:22:02 2025,09-Sep-2025,172202,47 45.547400 N,062 35.230800 W,5.1,166.6,A,DoorSpread,DoorMaster,5.190000,D,S,256315.000000
Tue Sep 09 14:22:02 2025,09-Sep-2025,172203,47 45.546100 N,062 35.230200 W,5.1,167.0,A,DoorSpread,DoorMaster,5.190000,D,S,256315.000000
Tue Sep 09 14:22:04 2025,09-Sep-2025,172204,47 45.544700 N,062 35.229700 W,5.1,167.3,A,Depth,Depth,19.074074,D,S,171629.000000
Tue Sep 09 14:22:05 2025,09-Sep-2025,172205,47 45.543400 N,062 35.229200 W,5.1,167.4,A,Primary,Headline,14.816327,D,S,215562.000000
Tue Sep 09 14:22:05 2025,09-Sep-2025,172206,47 45.542100 N,062 35.228600 W,5.1,167.4,A,Primary,Headline,14.816327,D,S,215562.000000
Tue Sep 09 14:22:07 2025,09-Sep-2025,172207,47 45.540800 N,062 35.228100 W,5.1,167.3,A,DoorSpread,DoorMaster,5.285000,D,S,497290.000000
Tue Sep 09 14:22:07 2025,09-Sep-2025,172208,47 45.539400 N,062 35.227700 W,5.1,167.3,A,DoorSpread,DoorMaster,5.285000,D,S,497290.000000
Tue Sep 09 14:22:07 2025,09-Sep-2025,172209,47 45.538100 N,062 35.227100 W,5.1,167.1,A,DoorSpread,DoorMaster,5.285000,D,S,497290.000000
Tue Sep 09 14:22:10 2025,09-Sep-2025,172210,47 45.536700 N,062 35.226700 W,5.1,166.9,A,Primary,Headline,15.816327,D,S,237133.000000
Tue Sep 09 14:22:11 2025,09-Sep-2025,172211,47 45.535400 N,062 35.226100 W,5.1,167.0,A,Depth,Depth,19.722222,D,S,276096.000000
Tue Sep 09 14:22:11 2025,09-Sep-2025,172212,47 45.534000 N,062 35.225600 W,5.1,167.2,A,Depth,Depth,19.722222,D,S,276096.000000
Tue Sep 09 14:22:13 2025,09-Sep-2025,172213,47 45.532700 N,062 35.225000 W,5.1,167.2,A,DoorSpread,DoorMaster,5.365000,D,P,78098.000000
Tue Sep 09 14:22:13 2025,09-Sep-2025,172214,47 45.531400 N,062 35.224400 W,5.1,166.9,A,DoorSpread,DoorMaster,5.365000,D,P,78098.000000
Tue Sep 09 14:22:15 2025,09-Sep-2025,172215,47 45.530000 N,062 35.223800 W,5.1,166.7,A,Primary,Headline,16.816327,D,S,136055.000000
Tue Sep 09 14:22:15 2025,09-Sep-2025,172216,47 45.528500 N,062 35.223400 W,5.1,166.7,A,Primary,Headline,16.816327,D,S,136055.000000
Tue Sep 09 14:22:15 2025,09-Sep-2025,172217,47 45.527100 N,062 35.222900 W,5.1,166.7,A,Primary,Headline,16.816327,D,S,136055.000000
Tue Sep 09 14:22:19 2025,09-Sep-2025,172218,47 45.525700 N,062 35.222300 W,5.1,166.8,A,DoorSpread,DoorMaster,5.290000,D,S,715035.000000
Tue Sep 09 14:22:19 2025,09-Sep-2025,172219,47 45.524200 N,062 35.221800 W,5.1,167.2,A,DoorSpread,DoorMaster,5.290000,D,S,715035.000000
Tue Sep 09 14:22:19 2025,09-Sep-2025,172220,47 45.522900 N,062 35.221300 W,5.1,167.3,A,DoorSpread,DoorMaster,5.290000,D,S,715035.000000
Tue Sep 09 14:22:21 2025,09-Sep-2025,172221,47 45.521600 N,062 35.220800 W,5.1,167.3,A,Primary,Headline,18.000000,D,S,181659.000000
Tue Sep 09 14:22:21 2025,09-Sep-2025,172222,47 45.520400 N,062 35.220200 W,5.1,167.3,A,Primary,Headline,18.000000,D,S,181659.000000
Tue Sep 09 14:22:24 2025,09-Sep-2025,172223,47 45.519100 N,062 35.219600 W,5.1,167.3,A,DoorSpread,DoorMaster,0.000000,E,S,132439.000000
Tue Sep 09 14:22:24 2025,09-Sep-2025,172224,47 45.517900 N,062 35.219100 W,5.1,167.5,A,DoorSpread,DoorMaster,0.000000,E,S,132439.000000
Tue Sep 09 14:22:25 2025,09-Sep-2025,172225,47 45.516600 N,062 35.218500 W,5.1,167.6,A,Depth,Depth,22.314815,D,S,200983.000000
Tue Sep 09 14:22:26 2025,09-Sep-2025,172226,47 45.515200 N,062 35.218000 W,5.1,167.6,A,Primary,Headline,18.551020,D,S,260253.000000
Tue Sep 09 14:22:26 2025,09-Sep-2025,172227,47 45.513900 N,062 35.217600 W,5.1,167.5,A,Primary,Headline,18.551020,D,S,260253.000000
Tue Sep 09 14:22:26 2025,09-Sep-2025,172228,47 45.512600 N,062 35.217000 W,5.1,167.3,A,Primary,Headline,18.551020,D,S,260253.000000
Tue Sep 09 14:22:29 2025,09-Sep-2025,172229,47 45.511200 N,062 35.216600 W,5.1,167.1,A,DoorSpread,DoorMaster,5.670000,D,S,407825.000000
Tue Sep 09 14:22:29 2025,09-Sep-2025,172230,47 45.509900 N,062 35.216100 W,5.1,167.1,A,DoorSpread,DoorMaster,5.670000,D,S,407825.000000
Tue Sep 09 14:22:31 2025,09-Sep-2025,172231,47 45.508500 N,062 35.215500 W,5.1,167.0,A,Primary,Headline,19.265306,D,S,117956.000000
Tue Sep 09 14:22:32 2025,09-Sep-2025,172232,47 45.507200 N,062 35.215000 W,5.1,166.7,A,Depth,Depth,24.351852,D,S,93887.000000
Tue Sep 09 14:22:32 2025,09-Sep-2025,172233,47 45.505800 N,062 35.214400 W,5.1,166.2,A,Depth,Depth,24.351852,D,S,93887.000000
Tue Sep 09 14:22:35 2025,09-Sep-2025,172234,47 45.504300 N,062 35.213900 W,5.1,166.1,A,DoorSpread,DoorMaster,5.395000,D,P,119818.000000
Tue Sep 09 14:22:35 2025,09-Sep-2025,172235,47 45.502900 N,062 35.213500 W,5.1,166.3,A,DoorSpread,DoorMaster,5.395000,D,P,119818.000000
Tue Sep 09 14:22:35 2025,09-Sep-2025,172236,47 45.501500 N,062 35.213100 W,5.0,166.4,A,DoorSpread,DoorMaster,5.395000,D,P,119818.000000
Tue Sep 09 14:22:37 2025,09-Sep-2025,172237,47 45.500200 N,062 35.212500 W,5.1,166.1,A,Primary,Headline,20.040816,D,S,139020.000000
Tue Sep 09 14:22:37 2025,09-Sep-2025,172238,47 45.498900 N,062 35.211800 W,5.0,165.6,A,Primary,Headline,20.040816,D,S,139020.000000
Tue Sep 09 14:22:39 2025,09-Sep-2025,172239,47 45.497600 N,062 35.211100 W,5.0,165.5,A,Depth,Depth,24.259259,D,S,131740.000000
Tue Sep 09 14:22:40 2025,09-Sep-2025,172240,47 45.496200 N,062 35.210500 W,5.1,165.8,A,DoorSpread,DoorMaster,5.320000,D,S,203006.000000
Tue Sep 09 14:22:40 2025,09-Sep-2025,172241,47 45.494900 N,062 35.209900 W,5.1,166.2,A,DoorSpread,DoorMaster,5.320000,D,S,203006.000000
Tue Sep 09 14:22:42 2025,09-Sep-2025,172242,47 45.493500 N,062 35.209400 W,5.1,166.4,A,Primary,Headline,20.938776,D,S,85834.000000
Tue Sep 09 14:22:42 2025,09-Sep-2025,172243,47 45.492300 N,062 35.208800 W,5.0,166.4,A,Primary,Headline,20.938776,D,S,85834.000000
Tue Sep 09 14:22:42 2025,09-Sep-2025,172244,47 45.491000 N,062 35.208200 W,5.0,166.0,A,Primary,Headline,20.938776,D,S,85834.000000
Tue Sep 09 14:22:46 2025,09-Sep-2025,172245,47 45.489600 N,062 35.207500 W,5.0,165.8,A,DoorSpread,DoorMaster,5.420000,D,S,328808.000000
Tue Sep 09 14:22:46 2025,09-Sep-2025,172246,47 45.488200 N,062 35.206800 W,5.0,165.7,A,Depth,Depth,27.314815,D,S,101308.000000
Tue Sep 09 14:22:48 2025,09-Sep-2025,172247,47 45.486800 N,062 35.206200 W,5.0,165.9,A,Primary,Headline,21.530612,D,S,134237.000000
Tue Sep 09 14:22:48 2025,09-Sep-2025,172248,47 45.485400 N,062 35.205700 W,5.0,166.3,A,Primary,Headline,21.530612,D,S,134237.000000
Tue Sep 09 14:22:48 2025,09-Sep-2025,172249,47 45.484000 N,062 35.205300 W,5.0,166.5,A,Primary,Headline,21.530612,D,S,134237.000000
Tue Sep 09 14:22:48 2025,09-Sep-2025,172250,47 45.482600 N,062 35.204700 W,5.1,166.3,A,Primary,Headline,21.530612,D,S,134237.000000
Tue Sep 09 14:22:51 2025,09-Sep-2025,172251,47 45.481200 N,062 35.204300 W,5.0,166.2,A,DoorSpread,DoorMaster,5.470000,D,S,272922.000000
Tue Sep 09 14:22:51 2025,09-Sep-2025,172252,47 45.479900 N,062 35.203800 W,5.0,166.5,A,DoorSpread,DoorMaster,5.470000,D,S,272922.000000
Tue Sep 09 14:22:53 2025,09-Sep-2025,172253,47 45.478600 N,062 35.203300 W,5.1,166.6,A,Depth,Depth,27.592593,D,S,153889.000000
Tue Sep 09 14:22:53 2025,09-Sep-2025,172254,47 45.477200 N,062 35.202800 W,5.1,166.5,A,Depth,Depth,27.592593,D,S,153889.000000
Tue Sep 09 14:22:53 2025,09-Sep-2025,172255,47 45.475900 N,062 35.202200 W,5.1,166.5,A,Depth,Depth,27.592593,D,S,153889.000000
Tue Sep 09 14:22:57 2025,09-Sep-2025,172256,47 45.474600 N,062 35.201800 W,5.1,166.6,A,DoorSpread,DoorMaster,5.870000,D,S,251542.000000
Tue Sep 09 14:22:57 2025,09-Sep-2025,172257,47 45.473200 N,062 35.201300 W,5.1,166.8,A,DoorSpread,DoorMaster,5.870000,D,S,251542.000000
Tue Sep 09 14:22:58 2025,09-Sep-2025,172258,47 45.471800 N,062 35.200900 W,5.1,166.8,A,Primary,Headline,23.673469,D,S,166140.000000
Tue Sep 09 14:22:58 2025,09-Sep-2025,172259,47 45.470500 N,062 35.200500 W,5.0,166.4,A,Primary,Headline,23.673469,D,S,166140.000000
Tue Sep 09 14:23:01 2025,09-Sep-2025,172300,47 45.469100 N,062 35.200100 W,5.0,166.3,A,Depth,Depth,29.074074,D,S,132513.000000
Tue Sep 09 14:23:01 2025,09-Sep-2025,172301,47 45.467700 N,062 35.199800 W,5.0,166.4,A,Depth,Depth,29.074074,D,S,132513.000000
Tue Sep 09 14:23:02 2025,09-Sep-2025,172302,47 45.466300 N,062 35.199400 W,5.1,166.4,A,DoorSpread,DoorMaster,5.485000,D,S,332011.000000
Tue Sep 09 14:23:03 2025,09-Sep-2025,172303,47 45.464900 N,062 35.199000 W,5.1,166.5,A,Primary,Headline,24.877551,D,S,122237.000000
Tue Sep 09 14:23:03 2025,09-Sep-2025,172304,47 45.463400 N,062 35.198500 W,5.1,166.5,A,Primary,Headline,24.877551,D,S,122237.000000
Tue Sep 09 14:23:03 2025,09-Sep-2025,172305,47 45.462000 N,062 35.197900 W,5.1,166.3,A,Primary,Headline,24.877551,D,S,122237.000000
Tue Sep 09 14:23:03 2025,09-Sep-2025,172306,47 45.460600 N,062 35.197300 W,5.1,166.2,A,Primary,Headline,24.877551,D,S,122237.000000
Tue Sep 09 14:23:08 2025,09-Sep-2025,172307,47 45.459200 N,062 35.196900 W,5.0,166.3,A,DoorSpread,DoorMaster,5.600000,D,S,276226.000000
Tue Sep 09 14:23:08 2025,09-Sep-2025,172308,47 45.457800 N,062 35.196400 W,5.1,166.3,A,DoorSpread,DoorMaster,5.600000,D,S,276226.000000
Tue Sep 09 14:23:09 2025,09-Sep-2025,172309,47 45.456400 N,062 35.195800 W,5.1,166.4,A,Primary,Headline,26.714286,D,S,261549.000000
Tue Sep 09 14:23:09 2025,09-Sep-2025,172310,47 45.455000 N,062 35.195300 W,5.1,166.5,A,Primary,Headline,26.714286,D,S,261549.000000
Tue Sep 09 14:23:09 2025,09-Sep-2025,172311,47 45.453700 N,062 35.194800 W,5.1,166.8,A,Primary,Headline,26.714286,D,S,261549.000000
Tue Sep 09 14:23:09 2025,09-Sep-2025,172312,47 45.452300 N,062 35.194300 W,5.1,166.9,A,Primary,Headline,26.714286,D,S,261549.000000
Tue Sep 09 14:23:13 2025,09-Sep-2025,172313,47 45.450900 N,062 35.193700 W,5.1,166.9,A,DoorSpread,DoorMaster,5.570000,D,S,417449.000000
Tue Sep 09 14:23:15 2025,09-Sep-2025,172314,47 45.449600 N,062 35.193200 W,5.0,166.8,A,Primary,Headline,26.612245,D,S,164729.000000
Tue Sep 09 14:23:15 2025,09-Sep-2025,172315,47 45.448300 N,062 35.192800 W,5.0,166.8,A,Depth,Depth,32.222222,D,S,175558.000000
Tue Sep 09 14:23:15 2025,09-Sep-2025,172316,47 45.447000 N,062 35.192500 W,5.0,166.8,A,Depth,Depth,32.222222,D,S,175558.000000
Tue Sep 09 14:23:15 2025,09-Sep-2025,172317,47 45.445600 N,062 35.192200 W,5.0,166.7,A,Depth,Depth,32.222222,D,S,175558.000000
Tue Sep 09 14:23:15 2025,09-Sep-2025,172318,47 45.444300 N,062 35.191800 W,5.0,166.6,A,Depth,Depth,32.222222,D,S,175558.000000
Tue Sep 09 14:23:19 2025,09-Sep-2025,172319,47 45.443000 N,062 35.191400 W,5.0,166.7,A,DoorSpread,DoorMaster,5.675000,D,S,243703.000000
Tue Sep 09 14:23:20 2025,09-Sep-2025,172320,47 45.441700 N,062 35.190900 W,5.0,166.6,A,Primary,Headline,28.734694,D,S,74296.000000
Tue Sep 09 14:23:20 2025,09-Sep-2025,172321,47 45.440400 N,062 35.190400 W,5.0,165.8,A,Primary,Headline,28.734694,D,S,74296.000000
Tue Sep 09 14:23:22 2025,09-Sep-2025,172322,47 45.439000 N,062 35.189800 W,5.0,165.3,A,Depth,Depth,35.092593,D,S,90679.000000
Tue Sep 09 14:23:22 2025,09-Sep-2025,172323,47 45.437600 N,062 35.189200 W,5.0,165.5,A,Depth,Depth,35.092593,D,S,90679.000000
Tue Sep 09 14:23:25 2025,09-Sep-2025,172324,47 45.436200 N,062 35.188800 W,5.0,165.7,A,DoorSpread,DoorMaster,5.765000,D,S,237774.000000
Tue Sep 09 14:23:26 2025,09-Sep-2025,172325,47 45.434700 N,062 35.188300 W,5.1,165.9,A,Primary,Headline,29.142857,D,S,125431.000000
Tue Sep 09 14:23:26 2025,09-Sep-2025,172326,47 45.433400 N,062 35.187800 W,5.0,165.8,A,Primary,Headline,29.142857,D,S,125431.000000
Tue Sep 09 14:23:26 2025,09-Sep-2025,172327,47 45.432100 N,062 35.187300 W,5.0,165.7,A,Primary,Headline,29.142857,D,S,125431.000000
Tue Sep 09 14:23:26 2025,09-Sep-2025,172328,47 45.430700 N,062 35.186700 W,5.0,165.4,A,Primary,Headline,29.142857,D,S,125431.000000
Tue Sep 09 14:23:29 2025,09-Sep-2025,172329,47 45.429400 N,062 35.186000 W,5.0,165.2,A,Depth,Depth,35.648148,D,S,86657.000000
Tue Sep 09 14:23:30 2025,09-Sep-2025,172330,47 45.428100 N,062 35.185400 W,5.0,165.4,A,DoorSpread,DoorMaster,5.665000,D,S,388595.000000
Tue Sep 09 14:23:31 2025,09-Sep-2025,172331,47 45.426700 N,062 35.185000 W,5.0,165.6,A,Primary,Headline,33.836735,D,S,71577.000000
Tue Sep 09 14:23:31 2025,09-Sep-2025,172332,47 45.425300 N,062 35.184500 W,5.0,165.6,A,Primary,Headline,33.836735,D,S,71577.000000
Tue Sep 09 14:23:31 2025,09-Sep-2025,172333,47 45.423900 N,062 35.184000 W,5.0,165.4,A,Primary,Headline,33.836735,D,S,71577.000000
Tue Sep 09 14:23:31 2025,09-Sep-2025,172334,47 45.422600 N,062 35.183400 W,5.0,165.3,A,Primary,Headline,33.836735,D,S,71577.000000
Tue Sep 09 14:23:36 2025,09-Sep-2025,172335,47 45.421200 N,062 35.183000 W,5.0,165.4,A,DoorSpread,DoorMaster,5.805000,D,S,441848.000000
Tue Sep 09 14:23:36 2025,09-Sep-2025,172336,47 45.419800 N,062 35.182500 W,5.0,165.1,A,Primary,Headline,28.408163,D,S,114912.000000
Tue Sep 09 14:23:36 2025,09-Sep-2025,172337,47 45.418500 N,062 35.181900 W,5.0,164.9,A,Primary,Headline,28.408163,D,S,114912.000000
Tue Sep 09 14:23:36 2025,09-Sep-2025,172338,47 45.417100 N,062 35.181400 W,5.0,165.5,A,Primary,Headline,28.408163,D,S,114912.000000
Tue Sep 09 14:23:36 2025,09-Sep-2025,172339,47 45.415800 N,062 35.181000 W,5.0,165.7,A,Primary,Headline,28.408163,D,S,114912.000000
Tue Sep 09 14:23:36 2025,09-Sep-2025,172340,47 45.414400 N,062 35.180300 W,5.1,165.6,A,Primary,Headline,28.408163,D,S,114912.000000
Tue Sep 09 14:23:41 2025,09-Sep-2025,172341,47 45.412900 N,062 35.179600 W,5.1,165.5,A,DoorSpread,DoorMaster,6.055000,D,S,205576.000000
Tue Sep 09 14:23:42 2025,09-Sep-2025,172342,47 45.411600 N,062 35.179000 W,5.0,165.4,A,Primary,Headline,32.836735,D,S,92351.000000
Tue Sep 09 14:23:43 2025,09-Sep-2025,172343,47 45.410300 N,062 35.178400 W,5.0,165.8,A,Depth,Depth,38.148148,D,S,85071.000000
Tue Sep 09 14:23:43 2025,09-Sep-2025,172344,47 45.408900 N,062 35.177900 W,5.1,166.4,A,Depth,Depth,38.148148,D,S,85071.000000
Tue Sep 09 14:23:43 2025,09-Sep-2025,172345,47 45.407500 N,062 35.177400 W,5.1,166.8,A,Depth,Depth,38.148148,D,S,85071.000000
Tue Sep 09 14:23:47 2025,09-Sep-2025,172346,47 45.406200 N,062 35.176900 W,5.1,166.8,A,DoorSpread,DoorMaster,7.040000,D,S,356451.000000
Tue Sep 09 14:23:48 2025,09-Sep-2025,172347,47 45.404800 N,062 35.176100 W,5.1,166.5,A,Primary,Headline,33.877551,D,S,171281.000000
Tue Sep 09 14:23:48 2025,09-Sep-2025,172348,47 45.403500 N,062 35.175500 W,5.0,166.1,A,Primary,Headline,33.877551,D,S,171281.000000
Tue Sep 09 14:23:48 2025,09-Sep-2025,172349,47 45.402300 N,062 35.174900 W,5.0,166.0,A,Primary,Headline,33.877551,D,S,171281.000000
Tue Sep 09 14:23:50 2025,09-Sep-2025,172350,47 45.401100 N,062 35.174400 W,5.0,165.8,A,Depth,Depth,40.370370,D,S,89462.000000
Tue Sep 09 14:23:50 2025,09-Sep-2025,172351,47 45.399900 N,062 35.173900 W,5.0,165.6,A,Depth,Depth,40.370370,D,S,89462.000000
Tue Sep 09 14:23:52 2025,09-Sep-2025,172352,47 45.398600 N,062 35.173300 W,5.0,165.4,A,DoorSpread,DoorMaster,5.950000,D,S,303668.000000
Tue Sep 09 14:23:53 2025,09-Sep-2025,172353,47 45.397300 N,062 35.172800 W,5.0,165.3,A,Primary,Headline,35.122449,D,S,198529.000000
Tue Sep 09 14:23:53 2025,09-Sep-2025,172354,47 45.395900 N,062 35.172300 W,5.0,165.3,A,Primary,Headline,35.122449,D,S,198529.000000
Tue Sep 09 14:23:53 2025,09-Sep-2025,172355,47 45.394600 N,062 35.171900 W,5.0,165.2,A,Primary,Headline,35.122449,D,S,198529.000000
Tue Sep 09 14:23:53 2025,09-Sep-2025,172356,47 45.393200 N,062 35.171400 W,5.0,165.0,A,Primary,Headline,35.122449,D,S,198529.000000
Tue Sep 09 14:23:58 2025,09-Sep-2025,172357,47 45.391900 N,062 35.170700 W,5.1,164.9,A,DoorSpread,DoorMaster,5.890000,D,P,73709.000000
Tue Sep 09 14:23:59 2025,09-Sep-2025,172358,47 45.390400 N,062 35.170100 W,5.0,164.9,A,Primary,Headline,36.530612,D,S,184643.000000
Tue Sep 09 14:23:59 2025,09-Sep-2025,172359,47 45.389100 N,062 35.169600 W,5.0,165.0,A,Primary,Headline,36.530612,D,S,184643.000000
Tue Sep 09 14:23:59 2025,09-Sep-2025,172400,47 45.387700 N,062 35.169100 W,5.0,165.3,A,Primary,Headline,36.530612,D,S,184643.000000
Tue Sep 09 14:23:59 2025,09-Sep-2025,172401,47 45.386300 N,062 35.168600 W,5.0,165.3,A,Primary,Headline,36.530612,D,S,184643.000000
Tue Sep 09 14:23:59 2025,09-Sep-2025,172402,47 45.385100 N,062 35.168000 W,4.8,165.0,A,Primary,Headline,36.530612,D,S,184643.000000
Tue Sep 09 14:24:04 2025,09-Sep-2025,172403,47 45.384000 N,062 35.167500 W,4.7,164.6,A,DoorSpread,DoorMaster,5.980000,D,P,157753.000000
Tue Sep 09 14:24:04 2025,09-Sep-2025,172404,47 45.382900 N,062 35.167100 W,4.6,164.5,A,Primary,Headline,30.734694,D,S,181316.000000
Tue Sep 09 14:24:05 2025,09-Sep-2025,172405,47 45.382000 N,062 35.166700 W,4.5,164.9,A,Depth,Depth,43.333333,D,S,147611.000000
Tue Sep 09 14:24:05 2025,09-Sep-2025,172406,47 45.381000 N,062 35.166400 W,4.4,164.5,A,Depth,Depth,43.333333,D,S,147611.000000
Tue Sep 09 14:24:05 2025,09-Sep-2025,172407,47 45.380100 N,062 35.166000 W,4.2,163.8,A,Depth,Depth,43.333333,D,S,147611.000000
Tue Sep 09 14:24:05 2025,09-Sep-2025,172408,47 45.379300 N,062 35.165600 W,4.0,163.5,A,Depth,Depth,43.333333,D,S,147611.000000
Tue Sep 09 14:24:09 2025,09-Sep-2025,172409,47 45.378600 N,062 35.165200 W,3.9,163.2,A,DoorSpread,DoorMaster,5.945000,D,S,294227.000000
Tue Sep 09 14:24:10 2025,09-Sep-2025,172410,47 45.377800 N,062 35.164800 W,3.7,162.9,A,Primary,Headline,39.346939,D,P,124754.000000
Tue Sep 09 14:24:10 2025,09-Sep-2025,172411,47 45.377000 N,062 35.164500 W,3.6,162.7,A,Primary,Headline,39.346939,D,P,124754.000000
Tue Sep 09 14:24:12 2025,09-Sep-2025,172412,47 45.376400 N,062 35.164200 W,3.4,162.4,A,Depth,Depth,44.907407,D,S,130521.000000
Tue Sep 09 14:24:12 2025,09-Sep-2025,172413,47 45.375700 N,062 35.163900 W,3.3,162.0,A,Depth,Depth,44.907407,D,S,130521.000000
Tue Sep 09 14:24:15 2025,09-Sep-2025,172414,47 45.375000 N,062 35.163700 W,3.2,161.5,A,DoorSpread,DoorMaster,5.900000,D,S,341246.000000
Tue Sep 09 14:24:16 2025,09-Sep-2025,172415,47 45.374400 N,062 35.163500 W,3.1,161.1,A,Primary,Headline,40.000000,D,S,113345.000000
Tue Sep 09 14:24:16 2025,09-Sep-2025,172416,47 45.373700 N,062 35.163200 W,3.0,160.6,A,Primary,Headline,40.000000,D,S,113345.000000
Tue Sep 09 14:24:16 2025,09-Sep-2025,172417,47 45.373100 N,062 35.162800 W,2.9,160.0,A,Primary,Headline,40.000000,D,S,113345.000000
Tue Sep 09 14:24:16 2025,09-Sep-2025,172418,47 45.372400 N,062 35.162500 W,2.8,159.5,A,Primary,Headline,40.000000,D,S,113345.000000
Tue Sep 09 14:24:19 2025,09-Sep-2025,172419,47 45.371800 N,062 35.162200 W,2.7,159.2,A,Depth,Depth,50.277778,D,P,32474.000000
Tue Sep 09 14:24:20 2025,09-Sep-2025,172420,47 45.371100 N,062 35.162000 W,2.6,158.9,A,DoorSpread,DoorMaster,0.000000,E,S,267121.000000
Tue Sep 09 14:24:21 2025,09-Sep-2025,172421,47 45.370400 N,062 35.161800 W,2.6,158.5,A,Primary,Headline,41.102041,D,S,72964.000000
Tue Sep 09 14:24:21 2025,09-Sep-2025,172422,47 45.369900 N,062 35.161500 W,2.5,157.9,A,Primary,Headline,41.102041,D,S,72964.000000
Tue Sep 09 14:24:21 2025,09-Sep-2025,172423,47 45.369300 N,062 35.161200 W,2.5,157.5,A,Primary,Headline,41.102041,D,S,72964.000000
Tue Sep 09 14:24:21 2025,09-Sep-2025,172424,47 45.368600 N,062 35.160900 W,2.5,157.1,A,Primary,Headline,41.102041,D,S,72964.000000
Tue Sep 09 14:24:25 2025,09-Sep-2025,172425,47 45.367900 N,062 35.160400 W,2.4,156.6,A,DoorSpread,DoorMaster,6.005000,D,S,317630.000000
Tue Sep 09 14:24:26 2025,09-Sep-2025,172426,47 45.367300 N,062 35.159900 W,2.4,156.4,A,Depth,Depth,45.185185,D,P,37205.000000
Tue Sep 09 14:24:27 2025,09-Sep-2025,172427,47 45.366700 N,062 35.159500 W,2.4,156.4,A,Primary,Headline,43.367347,D,S,89088.000000
Tue Sep 09 14:24:27 2025,09-Sep-2025,172428,47 45.366100 N,062 35.159100 W,2.4,156.2,A,Primary,Headline,43.367347,D,S,89088.000000
Tue Sep 09 14:24:27 2025,09-Sep-2025,172429,47 45.365600 N,062 35.158600 W,2.3,155.7,A,Primary,Headline,43.367347,D,S,89088.000000
Tue Sep 09 14:24:27 2025,09-Sep-2025,172430,47 45.365100 N,062 35.158100 W,2.3,155.4,A,Primary,Headline,43.367347,D,S,89088.000000
Tue Sep 09 14:24:31 2025,09-Sep-2025,172431,47 45.364500 N,062 35.157700 W,2.3,155.3,A,DoorSpread,DoorMaster,5.750000,D,S,462904.000000
Tue Sep 09 14:24:33 2025,09-Sep-2025,172432,47 45.364000 N,062 35.157300 W,2.3,155.2,A,Primary,Headline,45.244898,D,S,83860.000000
Tue Sep 09 14:24:34 2025,09-Sep-2025,172433,47 45.363500 N,062 35.156800 W,2.2,155.1,A,Depth,Depth,50.925926,D,S,119030.000000
Tue Sep 09 14:24:34 2025,09-Sep-2025,172434,47 45.363100 N,062 35.156400 W,2.2,155.1,A,Depth,Depth,50.925926,D,S,119030.000000
Tue Sep 09 14:24:34 2025,09-Sep-2025,172435,47 45.362700 N,062 35.156000 W,2.2,154.9,A,Depth,Depth,50.925926,D,S,119030.000000
Tue Sep 09 14:24:36 2025,09-Sep-2025,172436,47 45.362200 N,062 35.155700 W,2.2,154.7,A,DoorSpread,DoorMaster,5.630000,D,S,496919.000000
Tue Sep 09 14:24:36 2025,09-Sep-2025,172437,47 45.361700 N,062 35.155400 W,2.1,154.4,A,DoorSpread,DoorMaster,5.630000,D,S,496919.000000
Tue Sep 09 14:24:39 2025,09-Sep-2025,172438,47 45.361300 N,062 35.155000 W,2.1,154.4,A,Primary,Headline,47.469388,D,S,187263.000000
Tue Sep 09 14:24:39 2025,09-Sep-2025,172439,47 45.360700 N,062 35.154600 W,2.2,154.7,A,Primary,Headline,47.469388,D,S,187263.000000
Tue Sep 09 14:24:41 2025,09-Sep-2025,172440,47 45.360200 N,062 35.154300 W,2.2,154.9,A,Depth,Depth,53.148148,D,S,96058.000000
Tue Sep 09 14:24:41 2025,09-Sep-2025,172441,47 45.359700 N,062 35.153900 W,2.1,154.8,A,Depth,Depth,53.148148,D,S,96058.000000
Tue Sep 09 14:24:42 2025,09-Sep-2025,172442,47 45.359200 N,062 35.153400 W,2.1,154.9,A,DoorSpread,DoorMaster,5.480000,D,S,268382.000000
Tue Sep 09 14:24:44 2025,09-Sep-2025,172443,47 45.358500 N,062 35.153000 W,2.2,154.9,A,Primary,Headline,8.122449,D,P,54308.000000
Tue Sep 09 14:24:44 2025,09-Sep-2025,172444,47 45.358000 N,062 35.152600 W,2.1,154.9,A,Primary,Headline,8.122449,D,P,54308.000000
Tue Sep 09 14:24:44 2025,09-Sep-2025,172445,47 45.357500 N,062 35.152200 W,2.1,154.7,A,Primary,Headline,8.122449,D,P,54308.000000
Tue Sep 09 14:24:44 2025,09-Sep-2025,172446,47 45.357000 N,062 35.151900 W,2.1,155.0,A,Primary,Headline,8.122449,D,P,54308.000000
Tue Sep 09 14:24:48 2025,09-Sep-2025,172447,47 45.356400 N,062 35.151600 W,2.1,155.5,A,DoorSpread,DoorMaster,5.345000,D,S,277415.000000
Tue Sep 09 14:24:48 2025,09-Sep-2025,172448,47 45.355800 N,062 35.151200 W,2.1,155.6,A,Depth,Depth,56.944444,D,S,35987.000000
Tue Sep 09 14:24:50 2025,09-Sep-2025,172449,47 45.355300 N,062 35.150800 W,2.1,155.3,A,Primary,Headline,52.081633,D,S,65290.000000
Tue Sep 09 14:24:50 2025,09-Sep-2025,172450,47 45.354900 N,062 35.150500 W,2.1,155.1,A,Primary,Headline,52.081633,D,S,65290.000000
Tue Sep 09 14:24:50 2025,09-Sep-2025,172451,47 45.354400 N,062 35.150200 W,2.1,155.4,A,Primary,Headline,52.081633,D,S,65290.000000
Tue Sep 09 14:24:50 2025,09-Sep-2025,172452,47 45.353800 N,062 35.149900 W,2.1,155.5,A,Primary,Headline,52.081633,D,S,65290.000000
Tue Sep 09 14:24:53 2025,09-Sep-2025,172453,47 45.353200 N,062 35.149400 W,2.1,155.3,A,DoorSpread,DoorMaster,5.440000,D,S,206562.000000
Tue Sep 09 14:24:53 2025,09-Sep-2025,172454,47 45.352700 N,062 35.149000 W,2.1,155.4,A,DoorSpread,DoorMaster,5.440000,D,S,206562.000000
Tue Sep 09 14:24:56 2025,09-Sep-2025,172455,47 45.352200 N,062 35.148700 W,2.1,155.5,A,Primary,Headline,52.020408,D,S,104934.000000
Tue Sep 09 14:24:56 2025,09-Sep-2025,172456,47 45.351500 N,062 35.148200 W,2.2,155.4,A,Primary,Headline,52.020408,D,S,104934.000000
Tue Sep 09 14:24:56 2025,09-Sep-2025,172457,47 45.351000 N,062 35.147800 W,2.1,155.4,A,Primary,Headline,52.020408,D,S,104934.000000
Tue Sep 09 14:24:59 2025,09-Sep-2025,172458,47 45.350400 N,062 35.147400 W,2.2,155.8,A,DoorSpread,DoorMaster,5.345000,D,S,187811.000000
Tue Sep 09 14:24:59 2025,09-Sep-2025,172459,47 45.349800 N,062 35.147300 W,2.2,156.5,A,DoorSpread,DoorMaster,5.345000,D,S,187811.000000
Tue Sep 09 14:24:59 2025,09-Sep-2025,172500,47 45.349300 N,062 35.146900 W,2.2,156.6,A,DoorSpread,DoorMaster,5.345000,D,S,187811.000000
Tue Sep 09 14:25:01 2025,09-Sep-2025,172501,47 45.348800 N,062 35.146400 W,2.2,156.8,A,Primary,Headline,51.000000,D,P,80402.000000
Tue Sep 09 14:25:02 2025,09-Sep-2025,172502,47 45.348200 N,062 35.146000 W,2.2,157.2,A,Depth,Depth,61.574074,D,S,39177.000000
Tue Sep 09 14:25:02 2025,09-Sep-2025,172503,47 45.347700 N,062 35.145600 W,2.2,157.6,A,Depth,Depth,61.574074,D,S,39177.000000
Tue Sep 09 14:25:04 2025,09-Sep-2025,172504,47 45.347200 N,062 35.145100 W,2.2,158.1,A,DoorSpread,DoorMaster,5.375000,D,S,304962.000000
Tue Sep 09 14:25:04 2025,09-Sep-2025,172505,47 45.346700 N,062 35.144700 W,2.2,158.3,A,DoorSpread,DoorMaster,5.375000,D,S,304962.000000
Tue Sep 09 14:25:04 2025,09-Sep-2025,172506,47 45.346200 N,062 35.144400 W,2.2,158.6,A,DoorSpread,DoorMaster,5.375000,D,S,304962.000000
Tue Sep 09 14:25:07 2025,09-Sep-2025,172507,47 45.345700 N,062 35.144100 W,2.2,158.9,A,Primary,Headline,56.551020,D,S,168910.000000
Tue Sep 09 14:25:07 2025,09-Sep-2025,172508,47 45.345100 N,062 35.143700 W,2.2,159.3,A,Primary,Headline,56.551020,D,S,168910.000000
Tue Sep 09 14:25:10 2025,09-Sep-2025,172509,47 45.344600 N,062 35.143400 W,2.2,159.6,A,Depth,Depth,68.518519,D,P,64502.000000
Tue Sep 09 14:25:10 2025,09-Sep-2025,172510,47 45.344000 N,062 35.142900 W,2.2,159.8,A,Depth,Depth,68.518519,D,P,64502.000000
Tue Sep 09 14:25:10 2025,09-Sep-2025,172511,47 45.343400 N,062 35.142500 W,2.2,160.0,A,Depth,Depth,68.518519,D,P,64502.000000
Tue Sep 09 14:25:10 2025,09-Sep-2025,172512,47 45.342800 N,062 35.142200 W,2.2,160.4,A,Depth,Depth,68.518519,D,P,64502.000000
Tue Sep 09 14:25:13 2025,09-Sep-2025,172513,47 45.342300 N,062 35.141800 W,2.2,160.7,A,Primary,Headline,57.877551,D,S,161366.000000
Tue Sep 09 14:25:13 2025,09-Sep-2025,172514,47 45.341800 N,062 35.141500 W,2.2,160.9,A,Primary,Headline,57.877551,D,S,161366.000000
Tue Sep 09 14:25:15 2025,09-Sep-2025,172515,47 45.341200 N,062 35.141200 W,2.2,161.2,A,DoorSpread,DoorMaster,5.635000,D,S,323132.000000
Tue Sep 09 14:25:15 2025,09-Sep-2025,172516,47 45.340700 N,062 35.140900 W,2.2,161.7,A,DoorSpread,DoorMaster,5.635000,D,S,323132.000000
Tue Sep 09 14:25:17 2025,09-Sep-2025,172517,47 45.340200 N,062 35.140500 W,2.2,161.8,A,Depth,Depth,58.703704,D,S,137599.000000
Tue Sep 09 14:25:17 2025,09-Sep-2025,172518,47 45.339700 N,062 35.140200 W,2.2,161.9,A,Depth,Depth,58.703704,D,S,137599.000000
Tue Sep 09 14:25:19 2025,09-Sep-2025,172519,47 45.339200 N,062 35.140000 W,2.2,162.0,A,Primary,Headline,58.244898,D,S,136568.000000
Tue Sep 09 14:25:21 2025,09-Sep-2025,172520,47 45.338600 N,062 35.139600 W,2.2,162.2,A,DoorSpread,DoorMaster,5.550000,D,S,222835.000000
Tue Sep 09 14:25:21 2025,09-Sep-2025,172521,47 45.338100 N,062 35.139100 W,2.2,162.3,A,DoorSpread,DoorMaster,5.550000,D,S,222835.000000
Tue Sep 09 14:25:21 2025,09-Sep-2025,172522,47 45.337700 N,062 35.138700 W,2.2,162.3,A,DoorSpread,DoorMaster,5.550000,D,S,222835.000000
Tue Sep 09 14:25:21 2025,09-Sep-2025,172523,47 45.337100 N,062 35.138200 W,2.2,162.2,A,DoorSpread,DoorMaster,5.550000,D,S,222835.000000
Tue Sep 09 14:25:24 2025,09-Sep-2025,172524,47 45.336600 N,062 35.137900 W,2.2,162.4,A,Depth,Depth,68.425926,D,P,64163.000000
Tue Sep 09 14:25:26 2025,09-Sep-2025,172525,47 45.336000 N,062 35.137600 W,2.2,162.7,A,DoorSpread,DoorMaster,0.000000,E,S,160384.000000
Tue Sep 09 14:25:26 2025,09-Sep-2025,172526,47 45.335400 N,062 35.137400 W,2.2,162.9,A,DoorSpread,DoorMaster,0.000000,E,S,160384.000000
Tue Sep 09 14:25:26 2025,09-Sep-2025,172527,47 45.334800 N,062 35.137000 W,2.2,163.0,A,DoorSpread,DoorMaster,0.000000,E,S,160384.000000
Tue Sep 09 14:25:26 2025,09-Sep-2025,172528,47 45.334200 N,062 35.136700 W,2.2,163.0,A,DoorSpread,DoorMaster,0.000000,E,S,160384.000000
Tue Sep 09 14:25:26 2025,09-Sep-2025,172529,47 45.333600 N,062 35.136400 W,2.2,163.2,A,DoorSpread,DoorMaster,0.000000,E,S,160384.000000
Tue Sep 09 14:25:30 2025,09-Sep-2025,172530,47 45.333000 N,062 35.136100 W,2.2,163.2,A,Primary,Headline,25.163265,D,S,84464.000000
Tue Sep 09 14:25:32 2025,09-Sep-2025,172531,47 45.332400 N,062 35.135900 W,2.2,163.2,A,Depth,Depth,71.111111,D,S,104384.000000
Tue Sep 09 14:25:32 2025,09-Sep-2025,172532,47 45.331800 N,062 35.135700 W,2.2,163.2,A,Depth,Depth,71.111111,D,S,104384.000000
Tue Sep 09 14:25:32 2025,09-Sep-2025,172533,47 45.331200 N,062 35.135500 W,2.2,163.3,A,Depth,Depth,71.111111,D,S,104384.000000
Tue Sep 09 14:25:32 2025,09-Sep-2025,172534,47 45.330700 N,062 35.135300 W,2.1,163.3,A,Depth,Depth,71.111111,D,S,104384.000000
Tue Sep 09 14:25:36 2025,09-Sep-2025,172535,47 45.330100 N,062 35.135100 W,2.2,163.0,A,DoorSpread,DoorMaster,1.105000,D,S,59762.000000
Tue Sep 09 14:25:36 2025,09-Sep-2025,172536,47 45.329500 N,062 35.134800 W,2.2,162.8,A,DoorSpread,DoorMaster,1.105000,D,S,59762.000000
Tue Sep 09 14:25:36 2025,09-Sep-2025,172537,47 45.328800 N,062 35.134600 W,2.1,162.7,A,DoorSpread,DoorMaster,1.105000,D,S,59762.000000
Tue Sep 09 14:25:39 2025,09-Sep-2025,172538,47 45.328300 N,062 35.134400 W,2.1,162.7,A,Depth,Depth,72.222222,D,P,79948.000000
Tue Sep 09 14:25:39 2025,09-Sep-2025,172539,47 45.327900 N,062 35.134200 W,2.1,162.3,A,Depth,Depth,72.222222,D,P,79948.000000
Tue Sep 09 14:25:39 2025,09-Sep-2025,172540,47 45.327500 N,062 35.134100 W,2.1,161.9,A,Depth,Depth,72.222222,D,P,79948.000000
Tue Sep 09 14:25:41 2025,09-Sep-2025,172541,47 45.327100 N,062 35.134000 W,2.1,161.5,A,Primary,Headline,23.428571,D,P,102910.000000
Tue Sep 09 14:25:41 2025,09-Sep-2025,172542,47 45.326700 N,062 35.133700 W,2.1,161.2,A,Primary,Headline,23.428571,D,P,102910.000000
Tue Sep 09 14:25:41 2025,09-Sep-2025,172543,47 45.326300 N,062 35.133400 W,2.1,161.0,A,Primary,Headline,23.428571,D,P,102910.000000
Tue Sep 09 14:25:41 2025,09-Sep-2025,172544,47 45.325900 N,062 35.133100 W,2.0,160.9,A,Primary,Headline,23.428571,D,P,102910.000000
Tue Sep 09 14:25:41 2025,09-Sep-2025,172545,47 45.325500 N,062 35.132900 W,2.0,160.7,A,Primary,Headline,23.428571,D,P,102910.000000
Tue Sep 09 14:25:46 2025,09-Sep-2025,172546,47 45.324800 N,062 35.132700 W,2.0,160.5,A,Primary,Headline,18.367347,D,S,255696.000000
Tue Sep 09 14:25:46 2025,09-Sep-2025,172547,47 45.324200 N,062 35.132500 W,2.0,160.4,A,Primary,Headline,18.367347,D,S,255696.000000
Tue Sep 09 14:25:46 2025,09-Sep-2025,172548,47 45.323600 N,062 35.132200 W,2.1,160.1,A,Primary,Headline,18.367347,D,S,255696.000000
Tue Sep 09 14:25:46 2025,09-Sep-2025,172549,47 45.322900 N,062 35.132000 W,2.1,160.1,A,Primary,Headline,18.367347,D,S,255696.000000
Tue Sep 09 14:25:51 2025,09-Sep-2025,172550,47 45.322200 N,062 35.131800 W,2.1,160.3,A,DoorSpread,DoorMaster,0.000000,E,S,166144.000000
Tue Sep 09 14:25:51 2025,09-Sep-2025,172551,47 45.321500 N,062 35.131500 W,2.1,160.6,A,DoorSpread,DoorMaster,0.000000,E,S,166144.000000
Tue Sep 09 14:25:52 2025,09-Sep-2025,172552,47 45.320900 N,062 35.131100 W,2.1,160.5,A,Primary,Headline,16.061224,D,S,271082.000000
Tue Sep 09 14:25:53 2025,09-Sep-2025,172553,47 45.320300 N,062 35.130700 W,2.1,160.4,A,Depth,Depth,72.407407,D,S,161110.000000
Tue Sep 09 14:25:53 2025,09-Sep-2025,172554,47 45.319800 N,062 35.130300 W,2.1,160.3,A,Depth,Depth,72.407407,D,S,161110.000000
Tue Sep 09 14:25:53 2025,09-Sep-2025,172555,47 45.319200 N,062 35.130000 W,2.2,160.4,A,Depth,Depth,72.407407,D,S,161110.000000
Tue Sep 09 14:25:56 2025,09-Sep-2025,172556,47 45.318600 N,062 35.129700 W,2.2,160.6,A,DoorSpread,DoorMaster,0.000000,E,S,168120.000000
Tue Sep 09 14:25:57 2025,09-Sep-2025,172557,47 45.317900 N,062 35.129300 W,2.2,160.6,A,Primary,Headline,36.346939,D,S,264396.000000
Tue Sep 09 14:25:57 2025,09-Sep-2025,172558,47 45.317300 N,062 35.129100 W,2.2,160.8,A,Primary,Headline,36.346939,D,S,264396.000000
Tue Sep 09 14:25:57 2025,09-Sep-2025,172559,47 45.316700 N,062 35.128800 W,2.2,161.1,A,Primary,Headline,36.346939,D,S,264396.000000
Tue Sep 09 14:26:01 2025,09-Sep-2025,172600,47 45.316100 N,062 35.128600 W,2.2,161.4,A,Depth,Depth,76.203704,D,S,84367.000000
Tue Sep 09 14:26:01 2025,09-Sep-2025,172601,47 45.315400 N,062 35.128300 W,2.2,161.5,A,DoorSpread,DoorMaster,0.000000,E,S,196787.000000
Tue Sep 09 14:26:01 2025,09-Sep-2025,172602,47 45.314800 N,062 35.127900 W,2.2,161.4,A,DoorSpread,DoorMaster,0.000000,E,S,196787.000000
Tue Sep 09 14:26:03 2025,09-Sep-2025,172603,47 45.314200 N,062 35.127600 W,2.2,161.5,A,Primary,Headline,51.897959,D,P,102254.000000
Tue Sep 09 14:26:03 2025,09-Sep-2025,172604,47 45.313500 N,062 35.127400 W,2.2,161.7,A,Primary,Headline,51.897959,D,P,102254.000000
Tue Sep 09 14:26:03 2025,09-Sep-2025,172605,47 45.312700 N,062 35.127100 W,2.3,161.7,A,Primary,Headline,51.897959,D,P,102254.000000
Tue Sep 09 14:26:06 2025,09-Sep-2025,172606,47 45.312000 N,062 35.126800 W,2.3,161.8,A,DoorSpread,DoorMaster,0.000000,E,S,74415.000000
Tue Sep 09 14:26:08 2025,09-Sep-2025,172607,47 45.311400 N,062 35.126600 W,2.3,161.9,A,Depth,Depth,70.370370,D,S,118620.000000
Tue Sep 09 14:26:08 2025,09-Sep-2025,172608,47 45.310800 N,062 35.126500 W,2.3,162.2,A,Depth,Depth,70.370370,D,S,118620.000000
Tue Sep 09 14:26:09 2025,09-Sep-2025,172609,47 45.310100 N,062 35.126300 W,2.3,162.7,A,Primary,Headline,53.673469,D,S,210428.000000
Tue Sep 09 14:26:09 2025,09-Sep-2025,172610,47 45.309400 N,062 35.126000 W,2.3,162.9,A,Primary,Headline,53.673469,D,S,210428.000000
Tue Sep 09 14:26:11 2025,09-Sep-2025,172611,47 45.308800 N,062 35.125700 W,2.3,162.9,A,DoorSpread,DoorMaster,0.000000,E,P,44086.000000
Tue Sep 09 14:26:11 2025,09-Sep-2025,172612,47 45.308200 N,062 35.125400 W,2.2,163.0,A,DoorSpread,DoorMaster,0.000000,E,P,44086.000000
Tue Sep 09 14:26:11 2025,09-Sep-2025,172613,47 45.307600 N,062 35.125200 W,2.3,163.2,A,DoorSpread,DoorMaster,0.000000,E,P,44086.000000
Tue Sep 09 14:26:15 2025,09-Sep-2025,172614,47 45.306900 N,062 35.125000 W,2.3,163.5,A,Depth,Depth,73.611111,D,P,32842.000000
Tue Sep 09 14:26:15 2025,09-Sep-2025,172615,47 45.306300 N,062 35.124800 W,2.3,163.7,A,Depth,Depth,73.611111,D,P,32842.000000
Tue Sep 09 14:26:16 2025,09-Sep-2025,172616,47 45.305800 N,062 35.124500 W,2.2,163.7,A,DoorSpread,DoorMaster,0.000000,E,S,255723.000000
Tue Sep 09 14:26:16 2025,09-Sep-2025,172617,47 45.305300 N,062 35.124200 W,2.2,163.5,A,DoorSpread,DoorMaster,0.000000,E,S,255723.000000
Tue Sep 09 14:26:16 2025,09-Sep-2025,172618,47 45.304700 N,062 35.123900 W,2.2,163.3,A,DoorSpread,DoorMaster,0.000000,E,S,255723.000000
Tue Sep 09 14:26:16 2025,09-Sep-2025,172619,47 45.304100 N,062 35.123600 W,2.2,163.2,A,DoorSpread,DoorMaster,0.000000,E,S,255723.000000
Tue Sep 09 14:26:20 2025,09-Sep-2025,172620,47 45.303600 N,062 35.123300 W,2.1,162.9,A,Primary,Headline,31.265306,D,S,291233.000000
Tue Sep 09 14:26:21 2025,09-Sep-2025,172621,47 45.303100 N,062 35.123000 W,2.1,162.7,A,DoorSpread,DoorMaster,0.000000,E,S,316319.000000
Tue Sep 09 14:26:22 2025,09-Sep-2025,172622,47 45.302600 N,062 35.122700 W,2.1,162.3,A,Depth,Depth,73.611111,D,P,127527.000000
Tue Sep 09 14:26:22 2025,09-Sep-2025,172623,47 45.302000 N,062 35.122200 W,2.1,161.9,A,Depth,Depth,73.611111,D,P,127527.000000
Tue Sep 09 14:26:22 2025,09-Sep-2025,172624,47 45.301400 N,062 35.121800 W,2.1,161.6,A,Depth,Depth,73.611111,D,P,127527.000000
Tue Sep 09 14:26:22 2025,09-Sep-2025,172625,47 45.300900 N,062 35.121400 W,2.0,161.3,A,Depth,Depth,73.611111,D,P,127527.000000
Tue Sep 09 14:26:26 2025,09-Sep-2025,172626,47 45.300500 N,062 35.121200 W,2.0,161.0,A,Primary,Headline,57.775510,D,P,94256.000000
Tue Sep 09 14:26:26 2025,09-Sep-2025,172627,47 45.300000 N,062 35.120900 W,2.1,160.7,A,Primary,Headline,57.775510,D,P,94256.000000
Tue Sep 09 14:26:26 2025,09-Sep-2025,172628,47 45.299500 N,062 35.120700 W,2.0,160.3,A,Primary,Headline,57.775510,D,P,94256.000000
Tue Sep 09 14:26:29 2025,09-Sep-2025,172629,47 45.299100 N,062 35.120400 W,1.9,160.1,A,Depth,Depth,72.314815,D,S,201711.000000
Tue Sep 09 14:26:29 2025,09-Sep-2025,172630,47 45.298700 N,062 35.120300 W,2.0,159.7,A,Depth,Depth,72.314815,D,S,201711.000000
Tue Sep 09 14:26:31 2025,09-Sep-2025,172631,47 45.298200 N,062 35.120100 W,2.0,159.4,A,DoorSpread,DoorMaster,0.000000,E,S,261180.000000
Tue Sep 09 14:26:32 2025,09-Sep-2025,172632,47 45.297800 N,062 35.119900 W,2.0,159.3,A,Primary,Headline,13.693878,D,S,216681.000000
Tue Sep 09 14:26:32 2025,09-Sep-2025,172633,47 45.297400 N,062 35.119700 W,2.0,159.1,A,Primary,Headline,13.693878,D,S,216681.000000
Tue Sep 09 14:26:32 2025,09-Sep-2025,172634,47 45.296900 N,062 35.119300 W,2.0,159.1,A,Primary,Headline,13.693878,D,S,216681.000000
Tue Sep 09 14:26:32 2025,09-Sep-2025,172635,47 45.296400 N,062 35.119000 W,2.0,159.2,A,Primary,Headline,13.693878,D,S,216681.000000
Tue Sep 09 14:26:36 2025,09-Sep-2025,172636,47 45.295900 N,062 35.118600 W,2.1,159.4,A,DoorSpread,DoorMaster,0.000000,E,S,164149.000000
Tue Sep 09 14:26:37 2025,09-Sep-2025,172637,47 45.295200 N,062 35.118300 W,2.1,159.4,A,Primary,Headline,45.265306,D,P,95942.000000
Tue Sep 09 14:26:37 2025,09-Sep-2025,172638,47 45.294700 N,062 35.118100 W,2.1,159.4,A,Primary,Headline,45.265306,D,P,95942.000000
Tue Sep 09 14:26:37 2025,09-Sep-2025,172639,47 45.294100 N,062 35.117900 W,2.1,159.4,A,Primary,Headline,45.265306,D,P,95942.000000
Tue Sep 09 14:26:37 2025,09-Sep-2025,172640,47 45.293400 N,062 35.117700 W,2.2,159.7,A,Primary,Headline,45.265306,D,P,95942.000000
Tue Sep 09 14:26:41 2025,09-Sep-2025,172641,47 45.292700 N,062 35.117400 W,2.2,159.8,A,DoorSpread,DoorMaster,0.000000,E,S,67282.000000
Tue Sep 09 14:26:41 2025,09-Sep-2025,172642,47 45.292200 N,062 35.117000 W,2.1,159.7,A,DoorSpread,DoorMaster,0.000000,E,S,67282.000000
Tue Sep 09 14:26:43 2025,09-Sep-2025,172643,47 45.291600 N,062 35.116800 W,2.1,159.8,A,Primary,Headline,45.979592,D,S,113924.000000
Tue Sep 09 14:26:44 2025,09-Sep-2025,172644,47 45.290900 N,062 35.116500 W,2.2,159.8,A,Depth,Depth,72.777778,D,S,186105.000000
Tue Sep 09 14:26:44 2025,09-Sep-2025,172645,47 45.290200 N,062 35.116200 W,2.2,159.6,A,Depth,Depth,72.777778,D,S,186105.000000
Tue Sep 09 14:26:46 2025,09-Sep-2025,172646,47 45.289600 N,062 35.116100 W,2.2,159.5,A,DoorSpread,DoorMaster,0.000000,E,S,408965.000000
Tue Sep 09 14:26:46 2025,09-Sep-2025,172647,47 45.289000 N,062 35.115900 W,2.2,159.6,A,DoorSpread,DoorMaster,0.000000,E,S,408965.000000
Tue Sep 09 14:26:49 2025,09-Sep-2025,172648,47 45.288300 N,062 35.115700 W,2.2,159.6,A,Primary,Headline,49.448980,D,P,89835.000000
Tue Sep 09 14:26:49 2025,09-Sep-2025,172649,47 45.287600 N,062 35.115500 W,2.2,159.5,A,Primary,Headline,49.448980,D,P,89835.000000
Tue Sep 09 14:26:49 2025,09-Sep-2025,172650,47 45.286800 N,062 35.115400 W,2.2,159.8,A,Primary,Headline,49.448980,D,P,89835.000000
Tue Sep 09 14:26:52 2025,09-Sep-2025,172651,47 45.286200 N,062 35.115200 W,2.3,159.9,A,Depth,Depth,72.592593,D,P,72851.000000
Tue Sep 09 14:26:52 2025,09-Sep-2025,172652,47 45.285600 N,062 35.114900 W,2.3,159.9,A,Depth,Depth,72.592593,D,P,72851.000000
Tue Sep 09 14:26:52 2025,09-Sep-2025,172653,47 45.285000 N,062 35.114700 W,2.2,159.9,A,Depth,Depth,72.592593,D,P,72851.000000
Tue Sep 09 14:26:54 2025,09-Sep-2025,172654,47 45.284500 N,062 35.114400 W,2.2,159.8,A,Primary,Headline,8.081633,D,S,231657.000000
Tue Sep 09 14:26:54 2025,09-Sep-2025,172655,47 45.283900 N,062 35.114200 W,2.2,160.1,A,Primary,Headline,8.081633,D,S,231657.000000
Tue Sep 09 14:26:56 2025,09-Sep-2025,172656,47 45.283200 N,062 35.113800 W,2.2,160.1,A,DoorSpread,DoorMaster,0.000000,E,S,246349.000000
Tue Sep 09 14:26:56 2025,09-Sep-2025,172657,47 45.282600 N,062 35.113400 W,2.2,160.1,A,DoorSpread,DoorMaster,0.000000,E,S,246349.000000
Tue Sep 09 14:26:59 2025,09-Sep-2025,172658,47 45.282000 N,062 35.113100 W,2.2,160.5,A,Depth,Depth,72.962963,D,S,122754.000000
Tue Sep 09 14:27:00 2025,09-Sep-2025,172659,47 45.281400 N,062 35.112900 W,2.2,160.9,A,Primary,Headline,17.795918,D,P,116411.000000
Tue Sep 09 14:27:00 2025,09-Sep-2025,172700,47 45.280900 N,062 35.112700 W,2.2,161.1,A,Primary,Headline,17.795918,D,P,116411.000000
Tue Sep 09 14:27:01 2025,09-Sep-2025,172701,47 45.280200 N,062 35.112400 W,2.3,161.2,A,DoorSpread,DoorMaster,0.000000,E,P,80208.000000
Tue Sep 09 14:27:01 2025,09-Sep-2025,172702,47 45.279500 N,062 35.112100 W,2.3,161.5,A,DoorSpread,DoorMaster,0.000000,E,P,80208.000000
Tue Sep 09 14:27:01 2025,09-Sep-2025,172703,47 45.278900 N,062 35.112100 W,2.2,161.7,A,DoorSpread,DoorMaster,0.000000,E,P,80208.000000
Tue Sep 09 14:27:01 2025,09-Sep-2025,172704,47 45.278200 N,062 35.111900 W,2.2,161.7,A,DoorSpread,DoorMaster,0.000000,E,P,80208.000000
Tue Sep 09 14:27:05 2025,09-Sep-2025,172705,47 45.277500 N,062 35.111500 W,2.3,161.7,A,Primary,Headline,49.061224,D,S,61189.000000
Tue Sep 09 14:27:06 2025,09-Sep-2025,172706,47 45.276800 N,062 35.111300 W,2.3,161.8,A,DoorSpread,DoorMaster,0.000000,E,S,164476.000000
Tue Sep 09 14:27:06 2025,09-Sep-2025,172707,47 45.276200 N,062 35.111000 W,2.2,161.8,A,DoorSpread,DoorMaster,0.000000,E,S,164476.000000
Tue Sep 09 14:27:06 2025,09-Sep-2025,172708,47 45.275600 N,062 35.110700 W,2.2,161.9,A,DoorSpread,DoorMaster,0.000000,E,S,164476.000000
Tue Sep 09 14:27:06 2025,09-Sep-2025,172709,47 45.274900 N,062 35.110400 W,2.2,162.0,A,DoorSpread,DoorMaster,0.000000,E,S,164476.000000
Tue Sep 09 14:27:06 2025,09-Sep-2025,172710,47 45.274300 N,062 35.110100 W,2.2,161.9,A,DoorSpread,DoorMaster,0.000000,E,S,164476.000000
Tue Sep 09 14:27:11 2025,09-Sep-2025,172711,47 45.273700 N,062 35.109800 W,2.2,161.8,A,DoorSpread,DoorMaster,0.000000,E,S,327751.000000
Tue Sep 09 14:27:11 2025,09-Sep-2025,172712,47 45.273100 N,062 35.109600 W,2.2,161.9,A,DoorSpread,DoorMaster,0.000000,E,S,327751.000000
Tue Sep 09 14:27:13 2025,09-Sep-2025,172713,47 45.272400 N,062 35.109400 W,2.2,162.0,A,Depth,Depth,72.500000,D,S,168893.000000
Tue Sep 09 14:27:13 2025,09-Sep-2025,172714,47 45.271700 N,062 35.109200 W,2.2,162.1,A,Depth,Depth,72.500000,D,S,168893.000000
Tue Sep 09 14:27:13 2025,09-Sep-2025,172715,47 45.271100 N,062 35.109000 W,2.2,162.2,A,Depth,Depth,72.500000,D,S,168893.000000
Tue Sep 09 14:27:16 2025,09-Sep-2025,172716,47 45.270400 N,062 35.108600 W,2.2,162.3,A,DoorSpread,DoorMaster,0.000000,E,P,144040.000000
Tue Sep 09 14:27:17 2025,09-Sep-2025,172717,47 45.269900 N,062 35.108200 W,2.2,162.3,A,DoorSpread,DoorMaster,0.000000,E,S,266534.000000
Tue Sep 09 14:27:17 2025,09-Sep-2025,172718,47 45.269400 N,062 35.107800 W,2.2,162.1,A,DoorSpread,DoorMaster,0.000000,E,S,266534.000000
Tue Sep 09 14:27:17 2025,09-Sep-2025,172719,47 45.268800 N,062 35.107500 W,2.2,162.2,A,DoorSpread,DoorMaster,0.000000,E,S,266534.000000
Tue Sep 09 14:27:20 2025,09-Sep-2025,172720,47 45.268200 N,062 35.107300 W,2.2,162.4,A,Depth,Depth,72.685185,D,P,47400.000000
Tue Sep 09 14:27:22 2025,09-Sep-2025,172721,47 45.267700 N,062 35.107000 W,2.2,162.5,A,DoorSpread,DoorMaster,0.190000,D,S,11420.000000
Tue Sep 09 14:27:22 2025,09-Sep-2025,172722,47 45.267200 N,062 35.106700 W,2.2,162.5,A,DoorSpread,DoorMaster,0.190000,D,S,11420.000000
Tue Sep 09 14:27:22 2025,09-Sep-2025,172723,47 45.266700 N,062 35.106400 W,2.2,162.5,A,DoorSpread,DoorMaster,0.190000,D,S,11420.000000
Tue Sep 09 14:27:22 2025,09-Sep-2025,172724,47 45.266200 N,062 35.105900 W,2.3,162.5,A,DoorSpread,DoorMaster,0.190000,D,S,11420.000000
Tue Sep 09 14:27:22 2025,09-Sep-2025,172725,47 45.265600 N,062 35.105500 W,2.2,162.4,A,DoorSpread,DoorMaster,0.190000,D,S,11420.000000
Tue Sep 09 14:27:27 2025,09-Sep-2025,172726,47 45.265200 N,062 35.105100 W,2.2,162.3,A,Primary,Headline,36.469388,D,S,130876.000000
Tue Sep 09 14:27:28 2025,09-Sep-2025,172727,47 45.264600 N,062 35.104700 W,2.2,162.2,A,Depth,Depth,72.777778,D,P,66771.000000
Tue Sep 09 14:27:28 2025,09-Sep-2025,172728,47 45.264000 N,062 35.104300 W,2.2,162.2,A,Depth,Depth,72.777778,D,P,66771.000000
Tue Sep 09 14:27:28 2025,09-Sep-2025,172729,47 45.263300 N,062 35.103900 W,2.2,162.3,A,Depth,Depth,72.777778,D,P,66771.000000
Tue Sep 09 14:27:28 2025,09-Sep-2025,172730,47 45.262700 N,062 35.103500 W,2.3,162.2,A,Depth,Depth,72.777778,D,P,66771.000000
Tue Sep 09 14:27:28 2025,09-Sep-2025,172731,47 45.262200 N,062 35.103000 W,2.2,162.1,A,Depth,Depth,72.777778,D,P,66771.000000
Tue Sep 09 14:27:32 2025,09-Sep-2025,172732,47 45.261700 N,062 35.102600 W,2.2,162.0,A,Primary,Headline,32.489796,D,S,181988.000000
Tue Sep 09 14:27:32 2025,09-Sep-2025,172733,47 45.261200 N,062 35.102400 W,2.2,162.1,A,Primary,Headline,32.489796,D,S,181988.000000
Tue Sep 09 14:27:32 2025,09-Sep-2025,172734,47 45.260500 N,062 35.102100 W,2.2,162.1,A,Primary,Headline,32.489796,D,S,181988.000000
Tue Sep 09 14:27:35 2025,09-Sep-2025,172735,47 45.259900 N,062 35.101800 W,2.2,162.0,A,Depth,Depth,73.518519,D,S,81703.000000
Tue Sep 09 14:27:36 2025,09-Sep-2025,172736,47 45.259400 N,062 35.101600 W,2.2,162.0,A,DoorSpread,DoorMaster,0.000000,E,P,61856.000000
Tue Sep 09 14:27:38 2025,09-Sep-2025,172737,47 45.258800 N,062 35.101300 W,2.2,162.0,A,Primary,Headline,4.897959,D,S,191754.000000
Tue Sep 09 14:27:38 2025,09-Sep-2025,172738,47 45.258100 N,062 35.100900 W,2.2,161.9,A,Primary,Headline,4.897959,D,S,191754.000000
Tue Sep 09 14:27:38 2025,09-Sep-2025,172739,47 45.257400 N,062 35.100600 W,2.2,161.8,A,Primary,Headline,4.897959,D,S,191754.000000
Tue Sep 09 14:27:38 2025,09-Sep-2025,172740,47 45.256800 N,062 35.100300 W,2.2,161.9,A,Primary,Headline,4.897959,D,S,191754.000000
Tue Sep 09 14:27:42 2025,09-Sep-2025,172741,47 45.256100 N,062 35.099900 W,2.2,161.9,A,DoorSpread,DoorMaster,0.000000,E,S,268084.000000
Tue Sep 09 14:27:42 2025,09-Sep-2025,172742,47 45.255400 N,062 35.099700 W,2.2,161.8,A,Depth,Depth,72.870370,D,S,90578.000000
Tue Sep 09 14:27:43 2025,09-Sep-2025,172743,47 45.254700 N,062 35.099500 W,2.2,161.7,A,Primary,Headline,7.897959,D,P,83758.000000
Tue Sep 09 14:27:43 2025,09-Sep-2025,172744,47 45.254200 N,062 35.099300 W,2.2,161.6,A,Primary,Headline,7.897959,D,P,83758.000000
Tue Sep 09 14:27:43 2025,09-Sep-2025,172745,47 45.253600 N,062 35.099000 W,2.2,161.5,A,Primary,Headline,7.897959,D,P,83758.000000
Tue Sep 09 14:27:47 2025,09-Sep-2025,172746,47 45.253100 N,062 35.098800 W,2.2,161.5,A,DoorSpread,DoorMaster,0.000000,E,S,161819.000000
Tue Sep 09 14:27:47 2025,09-Sep-2025,172747,47 45.252500 N,062 35.098500 W,2.2,161.6,A,DoorSpread,DoorMaster,0.000000,E,S,161819.000000
Tue Sep 09 14:27:49 2025,09-Sep-2025,172748,47 45.251900 N,062 35.098200 W,2.2,161.5,A,Primary,Headline,58.755102,D,S,149685.000000
Tue Sep 09 14:27:50 2025,09-Sep-2025,172749,47 45.251300 N,062 35.097900 W,2.2,161.7,A,Depth,Depth,72.870370,D,S,225833.000000
Tue Sep 09 14:27:50 2025,09-Sep-2025,172750,47 45.250700 N,062 35.097700 W,2.2,161.8,A,Depth,Depth,72.870370,D,S,225833.000000
Tue Sep 09 14:27:52 2025,09-Sep-2025,172751,47 45.250100 N,062 35.097400 W,2.2,161.6,A,DoorSpread,DoorMaster,0.000000,E,S,575491.000000
Tue Sep 09 14:27:52 2025,09-Sep-2025,172752,47 45.249400 N,062 35.097200 W,2.2,161.3,A,DoorSpread,DoorMaster,0.000000,E,S,575491.000000
Tue Sep 09 14:27:52 2025,09-Sep-2025,172753,47 45.248900 N,062 35.097000 W,2.2,161.3,A,DoorSpread,DoorMaster,0.000000,E,S,575491.000000
Tue Sep 09 14:27:54 2025,09-Sep-2025,172754,47 45.248400 N,062 35.096900 W,2.2,161.5,A,Primary,Headline,43.102041,D,S,145047.000000
Tue Sep 09 14:27:54 2025,09-Sep-2025,172755,47 45.247800 N,062 35.096600 W,2.2,161.6,A,Primary,Headline,43.102041,D,S,145047.000000
Tue Sep 09 14:27:57 2025,09-Sep-2025,172756,47 45.247300 N,062 35.096300 W,2.2,161.4,A,Depth,Depth,73.611111,D,S,181975.000000
Tue Sep 09 14:27:57 2025,09-Sep-2025,172757,47 45.246800 N,062 35.095900 W,2.2,161.2,A,Depth,Depth,73.611111,D,S,181975.000000
Tue Sep 09 14:27:57 2025,09-Sep-2025,172758,47 45.246200 N,062 35.095700 W,2.2,161.7,A,Depth,Depth,73.611111,D,S,181975.000000
Tue Sep 09 14:27:59 2025,09-Sep-2025,172759,47 45.245500 N,062 35.095500 W,2.3,162.1,A,Primary,Headline,7.693878,D,S,109841.000000
Tue Sep 09 14:27:59 2025,09-Sep-2025,172800,47 45.244900 N,062 35.095100 W,2.2,162.2,A,Primary,Headline,7.693878,D,S,109841.000000
Tue Sep 09 14:28:02 2025,09-Sep-2025,172801,47 45.244300 N,062 35.094800 W,2.2,162.4,A,DoorSpread,DoorMaster,0.000000,E,S,98489.000000
Tue Sep 09 14:28:02 2025,09-Sep-2025,172802,47 45.243800 N,062 35.094400 W,2.2,162.4,A,DoorSpread,DoorMaster,0.000000,E,S,98489.000000
Tue Sep 09 14:28:02 2025,09-Sep-2025,172803,47 45.243200 N,062 35.093900 W,2.2,162.2,A,DoorSpread,DoorMaster,0.000000,E,S,98489.000000
Tue Sep 09 14:28:04 2025,09-Sep-2025,172804,47 45.242800 N,062 35.093500 W,2.2,161.9,A,Primary,Headline,14.183673,D,P,41947.000000
Tue Sep 09 14:28:05 2025,09-Sep-2025,172805,47 45.242400 N,062 35.093200 W,2.2,161.9,A,Primary,Headline,11.591837,D,S,151581.000000
Tue Sep 09 14:28:07 2025,09-Sep-2025,172806,47 45.241900 N,062 35.093000 W,2.2,162.2,A,DoorSpread,DoorMaster,0.000000,E,P,283354.000000
Tue Sep 09 14:28:07 2025,09-Sep-2025,172807,47 45.241300 N,062 35.092800 W,2.3,162.3,A,DoorSpread,DoorMaster,0.000000,E,P,283354.000000
Tue Sep 09 14:28:07 2025,09-Sep-2025,172808,47 45.240800 N,062 35.092600 W,2.3,161.9,A,DoorSpread,DoorMaster,0.000000,E,P,283354.000000
Tue Sep 09 14:28:07 2025,09-Sep-2025,172809,47 45.240400 N,062 35.092200 W,2.2,161.5,A,DoorSpread,DoorMaster,0.000000,E,P,283354.000000
Tue Sep 09 14:28:10 2025,09-Sep-2025,172810,47 45.239900 N,062 35.091800 W,2.2,161.2,A,Primary,Headline,45.530612,D,P,116347.000000
Tue Sep 09 14:28:11 2025,09-Sep-2025,172811,47 45.239400 N,062 35.091400 W,2.3,161.3,A,Depth,Depth,75.648148,D,P,115666.000000
Tue Sep 09 14:28:12 2025,09-Sep-2025,172812,47 45.238900 N,062 35.090900 W,2.3,161.3,A,DoorSpread,DoorMaster,0.000000,E,S,460003.000000
Tue Sep 09 14:28:12 2025,09-Sep-2025,172813,47 45.238500 N,062 35.090500 W,2.3,161.0,A,DoorSpread,DoorMaster,0.000000,E,S,460003.000000
Tue Sep 09 14:28:12 2025,09-Sep-2025,172814,47 45.238100 N,062 35.089900 W,2.2,160.8,A,DoorSpread,DoorMaster,0.000000,E,S,460003.000000
Tue Sep 09 14:28:16 2025,09-Sep-2025,172815,47 45.237600 N,062 35.089500 W,2.2,160.8,A,Primary,Headline,3.775510,D,S,142826.000000
Tue Sep 09 14:28:17 2025,09-Sep-2025,172816,47 45.237100 N,062 35.089100 W,2.3,160.8,A,DoorSpread,DoorMaster,0.000000,E,S,127317.000000
Tue Sep 09 14:28:17 2025,09-Sep-2025,172817,47 45.236600 N,062 35.088600 W,2.3,160.6,A,DoorSpread,DoorMaster,0.000000,E,S,127317.000000
Tue Sep 09 14:28:19 2025,09-Sep-2025,172818,47 45.236100 N,062 35.088200 W,2.2,160.5,A,Depth,Depth,71.018519,D,S,134296.000000
Tue Sep 09 14:28:19 2025,09-Sep-2025,172819,47 45.235500 N,062 35.087900 W,2.2,160.4,A,Depth,Depth,71.018519,D,S,134296.000000
Tue Sep 09 14:28:19 2025,09-Sep-2025,172820,47 45.235000 N,062 35.087600 W,2.2,160.3,A,Depth,Depth,71.018519,D,S,134296.000000
Tue Sep 09 14:28:21 2025,09-Sep-2025,172821,47 45.234400 N,062 35.087400 W,2.2,160.2,A,Primary,Headline,52.653061,D,P,52932.000000
Tue Sep 09 14:28:22 2025,09-Sep-2025,172822,47 45.233800 N,062 35.087200 W,2.2,160.1,A,DoorSpread,DoorMaster,0.000000,E,P,209849.000000
Tue Sep 09 14:28:22 2025,09-Sep-2025,172823,47 45.233300 N,062 35.087100 W,2.2,160.0,A,DoorSpread,DoorMaster,0.000000,E,P,209849.000000
Tue Sep 09 14:28:22 2025,09-Sep-2025,172824,47 45.232700 N,062 35.086900 W,2.2,159.9,A,DoorSpread,DoorMaster,0.000000,E,P,209849.000000
Tue Sep 09 14:28:22 2025,09-Sep-2025,172825,47 45.232200 N,062 35.086600 W,2.1,159.9,A,DoorSpread,DoorMaster,0.000000,E,P,209849.000000
Tue Sep 09 14:28:27 2025,09-Sep-2025,172826,47 45.231600 N,062 35.086200 W,2.2,159.9,A,DoorSpread,DoorMaster,0.000000,E,S,137978.000000
Tue Sep 09 14:28:27 2025,09-Sep-2025,172827,47 45.230900 N,062 35.086000 W,2.2,159.8,A,DoorSpread,DoorMaster,0.000000,E,S,137978.000000
Tue Sep 09 14:28:27 2025,09-Sep-2025,172828,47 45.230300 N,062 35.085800 W,2.1,159.7,A,DoorSpread,DoorMaster,0.000000,E,S,137978.000000
Tue Sep 09 14:28:27 2025,09-Sep-2025,172829,47 45.229800 N,062 35.085500 W,2.1,159.6,A,DoorSpread,DoorMaster,0.000000,E,S,137978.000000
Tue Sep 09 14:28:27 2025,09-Sep-2025,172830,47 45.229200 N,062 35.085300 W,2.1,159.4,A,DoorSpread,DoorMaster,0.000000,E,S,137978.000000
Tue Sep 09 14:28:32 2025,09-Sep-2025,172831,47 45.228700 N,062 35.084900 W,2.1,159.3,A,DoorSpread,DoorMaster,0.000000,E,P,179982.000000
Tue Sep 09 14:28:32 2025,09-Sep-2025,172832,47 45.228100 N,062 35.084600 W,2.1,159.3,A,Primary,Headline,41.306122,D,S,346553.000000
Tue Sep 09 14:28:33 2025,09-Sep-2025,172833,47 45.227600 N,062 35.084200 W,2.1,159.2,A,Depth,Depth,74.629630,D,P,56709.000000
Tue Sep 09 14:28:33 2025,09-Sep-2025,172834,47 45.227100 N,062 35.083900 W,2.0,159.1,A,Depth,Depth,74.629630,D,P,56709.000000
Tue Sep 09 14:28:33 2025,09-Sep-2025,172835,47 45.226600 N,062 35.083600 W,2.1,159.1,A,Depth,Depth,74.629630,D,P,56709.000000
Tue Sep 09 14:28:33 2025,09-Sep-2025,172836,47 45.226000 N,062 35.083200 W,2.1,159.2,A,Depth,Depth,74.629630,D,P,56709.000000
Tue Sep 09 14:28:38 2025,09-Sep-2025,172837,47 45.225500 N,062 35.082900 W,2.1,159.3,A,Primary,Headline,36.000000,D,S,353590.000000
Tue Sep 09 14:28:38 2025,09-Sep-2025,172838,47 45.225100 N,062 35.082500 W,2.1,159.2,A,Primary,Headline,36.000000,D,S,353590.000000
Tue Sep 09 14:28:38 2025,09-Sep-2025,172839,47 45.224500 N,062 35.082100 W,2.0,159.2,A,Primary,Headline,36.000000,D,S,353590.000000
Tue Sep 09 14:28:40 2025,09-Sep-2025,172840,47 45.224000 N,062 35.081700 W,2.1,159.1,A,Depth,Depth,69.074074,D,S,120835.000000
Tue Sep 09 14:28:40 2025,09-Sep-2025,172841,47 45.223300 N,062 35.081400 W,2.1,159.1,A,Depth,Depth,69.074074,D,S,120835.000000
Tue Sep 09 14:28:42 2025,09-Sep-2025,172842,47 45.222800 N,062 35.081200 W,2.1,159.2,A,DoorSpread,DoorMaster,0.000000,E,S,257444.000000
Tue Sep 09 14:28:43 2025,09-Sep-2025,172843,47 45.222300 N,062 35.081000 W,2.1,159.2,A,Primary,Headline,37.795918,D,S,58266.000000
Tue Sep 09 14:28:43 2025,09-Sep-2025,172844,47 45.221700 N,062 35.080700 W,2.1,159.1,A,Primary,Headline,37.795918,D,S,58266.000000
Tue Sep 09 14:28:43 2025,09-Sep-2025,172845,47 45.221200 N,062 35.080500 W,2.1,159.3,A,Primary,Headline,37.795918,D,S,58266.000000
Tue Sep 09 14:28:47 2025,09-Sep-2025,172846,47 45.220700 N,062 35.080300 W,2.1,159.5,A,DoorSpread,DoorMaster,0.000000,E,P,151205.000000
Tue Sep 09 14:28:48 2025,09-Sep-2025,172847,47 45.220200 N,062 35.080100 W,2.1,159.5,A,Depth,Depth,73.240741,D,S,154211.000000
Tue Sep 09 14:28:49 2025,09-Sep-2025,172848,47 45.219800 N,062 35.079700 W,2.1,159.3,A,Primary,Headline,13.816327,D,S,90471.000000
Tue Sep 09 14:28:49 2025,09-Sep-2025,172849,47 45.219300 N,062 35.079500 W,2.2,159.3,A,Primary,Headline,13.816327,D,S,90471.000000
Tue Sep 09 14:28:49 2025,09-Sep-2025,172850,47 45.218800 N,062 35.079200 W,2.2,159.4,A,Primary,Headline,13.816327,D,S,90471.000000
Tue Sep 09 14:28:49 2025,09-Sep-2025,172851,47 45.218300 N,062 35.078900 W,2.2,159.3,A,Primary,Headline,13.816327,D,S,90471.000000
Tue Sep 09 14:28:52 2025,09-Sep-2025,172852,47 45.217800 N,062 35.078600 W,2.2,159.1,A,DoorSpread,DoorMaster,0.000000,E,S,394640.000000
Tue Sep 09 14:28:52 2025,09-Sep-2025,172853,47 45.217300 N,062 35.078200 W,2.2,159.0,A,DoorSpread,DoorMaster,0.000000,E,S,394640.000000
Tue Sep 09 14:28:54 2025,09-Sep-2025,172854,47 45.216700 N,062 35.077900 W,2.2,159.2,A,Primary,Headline,36.755102,D,S,81114.000000
Tue Sep 09 14:28:55 2025,09-Sep-2025,172855,47 45.216100 N,062 35.077700 W,2.3,159.5,A,Depth,Depth,73.703704,D,S,171544.000000
Tue Sep 09 14:28:55 2025,09-Sep-2025,172856,47 45.215500 N,062 35.077300 W,2.3,159.5,A,Depth,Depth,73.703704,D,S,171544.000000
Tue Sep 09 14:28:57 2025,09-Sep-2025,172857,47 45.214900 N,062 35.076900 W,2.3,159.4,A,DoorSpread,DoorMaster,0.000000,E,P,41381.000000
Tue Sep 09 14:28:57 2025,09-Sep-2025,172858,47 45.214200 N,062 35.076600 W,2.3,159.8,A,DoorSpread,DoorMaster,0.000000,E,P,41381.000000
Tue Sep 09 14:28:59 2025,09-Sep-2025,172859,47 45.213500 N,062 35.076500 W,2.3,160.2,A,Primary,Headline,17.163265,D,S,354625.000000
Tue Sep 09 14:28:59 2025,09-Sep-2025,172900,47 45.212900 N,062 35.076300 W,2.3,160.3,A,Primary,Headline,17.163265,D,S,354625.000000
Tue Sep 09 14:28:59 2025,09-Sep-2025,172901,47 45.212300 N,062 35.076000 W,2.4,160.3,A,Primary,Headline,17.163265,D,S,354625.000000
Tue Sep 09 14:29:02 2025,09-Sep-2025,172902,47 45.211700 N,062 35.075700 W,2.4,160.4,A,Depth,Depth,73.055556,D,S,173954.000000
Tue Sep 09 14:29:02 2025,09-Sep-2025,172903,47 45.211000 N,062 35.075500 W,2.4,161.3,A,Depth,Depth,73.055556,D,S,173954.000000
Tue Sep 09 14:29:02 2025,09-Sep-2025,172904,47 45.210300 N,062 35.075200 W,2.4,161.6,A,Depth,Depth,73.055556,D,S,173954.000000
Tue Sep 09 14:29:05 2025,09-Sep-2025,172905,47 45.209700 N,062 35.074700 W,2.4,161.6,A,Primary,Headline,35.938776,D,P,68885.000000
Tue Sep 09 14:29:05 2025,09-Sep-2025,172906,47 45.209200 N,062 35.074300 W,2.4,161.7,A,Primary,Headline,35.938776,D,P,68885.000000
Tue Sep 09 14:29:07 2025,09-Sep-2025,172907,47 45.208500 N,062 35.074100 W,2.4,161.9,A,DoorSpread,DoorMaster,0.000000,E,S,217159.000000
Tue Sep 09 14:29:07 2025,09-Sep-2025,172908,47 45.207900 N,062 35.073900 W,2.4,161.9,A,DoorSpread,DoorMaster,0.000000,E,S,217159.000000
Tue Sep 09 14:29:10 2025,09-Sep-2025,172909,47 45.207200 N,062 35.073500 W,2.4,161.7,A,Depth,Depth,73.981481,D,S,44415.000000
Tue Sep 09 14:29:10 2025,09-Sep-2025,172910,47 45.206600 N,062 35.073200 W,2.3,161.5,A,Primary,Headline,5.795918,D,P,47426.000000
Tue Sep 09 14:29:10 2025,09-Sep-2025,172911,47 45.206000 N,062 35.073000 W,2.3,161.4,A,Primary,Headline,5.795918,D,P,47426.000000
Tue Sep 09 14:29:13 2025,09-Sep-2025,172912,47 45.205300 N,062 35.072800 W,2.3,161.0,A,DoorSpread,DoorMaster,6.985000,D,S,301817.000000
Tue Sep 09 14:29:13 2025,09-Sep-2025,172913,47 45.204700 N,062 35.072600 W,2.3,160.6,A,DoorSpread,DoorMaster,6.985000,D,S,301817.000000
Tue Sep 09 14:29:13 2025,09-Sep-2025,172914,47 45.204000 N,062 35.072300 W,2.3,160.4,A,DoorSpread,DoorMaster,6.985000,D,S,301817.000000
Tue Sep 09 14:29:13 2025,09-Sep-2025,172915,47 45.203400 N,062 35.072000 W,2.2,160.1,A,DoorSpread,DoorMaster,6.985000,D,S,301817.000000
Tue Sep 09 14:29:17 2025,09-Sep-2025,172916,47 45.202700 N,062 35.071600 W,2.2,159.6,A,Depth,Depth,74.074074,D,P,80965.000000
Tue Sep 09 14:29:18 2025,09-Sep-2025,172917,47 45.202100 N,062 35.071300 W,2.2,159.0,A,DoorSpread,DoorMaster,0.000000,E,P,182935.000000
Tue Sep 09 14:29:18 2025,09-Sep-2025,172918,47 45.201500 N,062 35.070800 W,2.2,158.5,A,DoorSpread,DoorMaster,0.000000,E,P,182935.000000
Tue Sep 09 14:29:18 2025,09-Sep-2025,172919,47 45.201000 N,062 35.070300 W,2.2,157.8,A,DoorSpread,DoorMaster,0.000000,E,P,182935.000000
Tue Sep 09 14:29:18 2025,09-Sep-2025,172920,47 45.200500 N,062 35.069700 W,2.1,157.4,A,DoorSpread,DoorMaster,0.000000,E,P,182935.000000
Tue Sep 09 14:29:21 2025,09-Sep-2025,172921,47 45.199900 N,062 35.069200 W,2.1,157.0,A,Primary,Headline,17.040816,D,S,50753.000000
Tue Sep 09 14:29:23 2025,09-Sep-2025,172922,47 45.199300 N,062 35.068700 W,2.1,156.6,A,DoorSpread,DoorMaster,0.000000,E,P,160377.000000
Tue Sep 09 14:29:23 2025,09-Sep-2025,172923,47 45.198800 N,062 35.068100 W,2.1,156.1,A,DoorSpread,DoorMaster,0.000000,E,P,160377.000000
Tue Sep 09 14:29:24 2025,09-Sep-2025,172924,47 45.198400 N,062 35.067600 W,2.1,155.4,A,Depth,Depth,73.333333,D,P,219758.000000
Tue Sep 09 14:29:24 2025,09-Sep-2025,172925,47 45.197800 N,062 35.067100 W,2.1,154.8,A,Depth,Depth,73.333333,D,P,219758.000000
Tue Sep 09 14:29:27 2025,09-Sep-2025,172926,47 45.197300 N,062 35.066600 W,2.1,154.5,A,Primary,Headline,14.653061,D,S,150790.000000
Tue Sep 09 14:29:28 2025,09-Sep-2025,172927,47 45.196700 N,062 35.066100 W,2.1,154.1,A,DoorSpread,DoorMaster,0.000000,E,S,211722.000000
Tue Sep 09 14:29:28 2025,09-Sep-2025,172928,47 45.196300 N,062 35.065600 W,2.1,153.7,A,DoorSpread,DoorMaster,0.000000,E,S,211722.000000
Tue Sep 09 14:29:28 2025,09-Sep-2025,172929,47 45.195800 N,062 35.065100 W,2.1,153.0,A,DoorSpread,DoorMaster,0.000000,E,S,211722.000000
Tue Sep 09 14:29:28 2025,09-Sep-2025,172930,47 45.195300 N,062 35.064600 W,2.1,152.6,A,DoorSpread,DoorMaster,0.000000,E,S,211722.000000
Tue Sep 09 14:29:31 2025,09-Sep-2025,172931,47 45.194800 N,062 35.064200 W,2.1,152.3,A,Depth,Depth,73.703704,D,S,292905.000000
Tue Sep 09 14:29:32 2025,09-Sep-2025,172932,47 45.194400 N,062 35.063700 W,2.1,151.4,A,Primary,Headline,40.326531,D,S,158644.000000
Tue Sep 09 14:29:33 2025,09-Sep-2025,172933,47 45.193900 N,062 35.063300 W,2.1,151.0,A,DoorSpread,DoorMaster,0.000000,E,P,351499.000000
Tue Sep 09 14:29:33 2025,09-Sep-2025,172934,47 45.193300 N,062 35.062800 W,2.1,150.6,A,DoorSpread,DoorMaster,0.000000,E,P,351499.000000
Tue Sep 09 14:29:33 2025,09-Sep-2025,172935,47 45.192700 N,062 35.062200 W,2.1,150.0,A,DoorSpread,DoorMaster,0.000000,E,P,351499.000000
Tue Sep 09 14:29:33 2025,09-Sep-2025,172936,47 45.192200 N,062 35.061600 W,2.1,149.5,A,DoorSpread,DoorMaster,0.000000,E,P,351499.000000
Tue Sep 09 14:29:38 2025,09-Sep-2025,172937,47 45.191700 N,062 35.061100 W,2.1,149.2,A,DoorSpread,DoorMaster,0.000000,E,P,258810.000000
Tue Sep 09 14:29:39 2025,09-Sep-2025,172938,47 45.191100 N,062 35.060500 W,2.1,148.9,A,Depth,Depth,73.240741,D,S,162126.000000
Tue Sep 09 14:29:39 2025,09-Sep-2025,172939,47 45.190500 N,062 35.059900 W,2.1,148.6,A,Depth,Depth,73.240741,D,S,162126.000000
Tue Sep 09 14:29:39 2025,09-Sep-2025,172940,47 45.190000 N,062 35.059400 W,2.1,148.4,A,Depth,Depth,73.240741,D,S,162126.000000
Tue Sep 09 14:29:39 2025,09-Sep-2025,172941,47 45.189400 N,062 35.059000 W,2.1,148.0,A,Depth,Depth,73.240741,D,S,162126.000000
Tue Sep 09 14:29:43 2025,09-Sep-2025,172942,47 45.188900 N,062 35.058500 W,2.1,147.5,A,DoorSpread,DoorMaster,0.000000,E,P,76155.000000
Tue Sep 09 14:29:43 2025,09-Sep-2025,172943,47 45.188400 N,062 35.058000 W,2.2,147.1,A,DoorSpread,DoorMaster,0.000000,E,P,76155.000000
Tue Sep 09 14:29:43 2025,09-Sep-2025,172944,47 45.187800 N,062 35.057500 W,2.2,146.8,A,DoorSpread,DoorMaster,0.000000,E,P,76155.000000
Tue Sep 09 14:29:46 2025,09-Sep-2025,172945,47 45.187400 N,062 35.056900 W,2.2,146.5,A,Depth,Depth,73.518519,D,P,168679.000000
Tue Sep 09 14:29:46 2025,09-Sep-2025,172946,47 45.187000 N,062 35.056300 W,2.2,146.4,A,Depth,Depth,73.611111,D,S,232475.000000
Tue Sep 09 14:29:46 2025,09-Sep-2025,172947,47 45.186600 N,062 35.055800 W,2.2,146.3,A,Depth,Depth,73.611111,D,S,232475.000000
Tue Sep 09 14:29:48 2025,09-Sep-2025,172948,47 45.186100 N,062 35.055400 W,2.2,146.1,A,Primary,Headline,21.244898,D,S,378191.000000
Tue Sep 09 14:29:48 2025,09-Sep-2025,172949,47 45.185700 N,062 35.054800 W,2.2,146.0,A,Primary,Headline,21.244898,D,S,378191.000000
Tue Sep 09 14:29:48 2025,09-Sep-2025,172950,47 45.185200 N,062 35.054100 W,2.2,145.6,A,Primary,Headline,21.244898,D,S,378191.000000
Tue Sep 09 14:29:48 2025,09-Sep-2025,172951,47 45.184700 N,062 35.053600 W,2.2,145.3,A,Primary,Headline,21.244898,D,S,378191.000000
Tue Sep 09 14:29:48 2025,09-Sep-2025,172952,47 45.184200 N,062 35.053100 W,2.2,145.3,A,Primary,Headline,21.244898,D,S,378191.000000
Tue Sep 09 14:29:54 2025,09-Sep-2025,172953,47 45.183600 N,062 35.052600 W,2.2,145.4,A,Primary,Headline,16.346939,D,S,163479.000000
Tue Sep 09 14:29:54 2025,09-Sep-2025,172954,47 45.183100 N,062 35.052200 W,2.2,145.2,A,Primary,Headline,16.346939,D,S,163479.000000
Tue Sep 09 14:29:54 2025,09-Sep-2025,172955,47 45.182500 N,062 35.051600 W,2.2,144.6,A,Primary,Headline,16.346939,D,S,163479.000000
Tue Sep 09 14:29:54 2025,09-Sep-2025,172956,47 45.182000 N,062 35.051000 W,2.2,144.3,A,Primary,Headline,16.346939,D,S,163479.000000
Tue Sep 09 14:29:54 2025,09-Sep-2025,172957,47 45.181400 N,062 35.050500 W,2.2,144.4,A,Primary,Headline,16.346939,D,S,163479.000000
Tue Sep 09 14:29:59 2025,09-Sep-2025,172958,47 45.180800 N,062 35.049900 W,2.2,144.2,A,Primary,Headline,23.571429,D,S,128960.000000
Tue Sep 09 14:29:59 2025,09-Sep-2025,172959,47 45.180300 N,062 35.049200 W,2.2,144.0,A,Primary,Headline,23.571429,D,S,128960.000000
Tue Sep 09 14:30:00 2025,09-Sep-2025,173000,47 45.179800 N,062 35.048700 W,2.2,144.1,A,Depth,Depth,74.351852,D,S,125590.000000
Tue Sep 09 14:30:00 2025,09-Sep-2025,173001,47 45.179300 N,062 35.048200 W,2.2,144.2,A,Depth,Depth,74.351852,D,S,125590.000000
Tue Sep 09 14:30:00 2025,09-Sep-2025,173002,47 45.178800 N,062 35.047700 W,2.2,144.2,A,Depth,Depth,74.351852,D,S,125590.000000
Tue Sep 09 14:30:03 2025,09-Sep-2025,173003,47 45.178400 N,062 35.047200 W,2.2,144.2,A,DoorSpread,DoorMaster,0.000000,E,S,282973.000000
Tue Sep 09 14:30:04 2025,09-Sep-2025,173004,47 45.178000 N,062 35.046700 W,2.2,144.3,A,Primary,Headline,25.775510,D,S,176617.000000
Tue Sep 09 14:30:04 2025,09-Sep-2025,173005,47 45.177500 N,062 35.046100 W,2.2,144.5,A,Primary,Headline,25.775510,D,S,176617.000000
Tue Sep 09 14:30:04 2025,09-Sep-2025,173006,47 45.177100 N,062 35.045600 W,2.2,144.5,A,Primary,Headline,25.775510,D,S,176617.000000
Tue Sep 09 14:30:08 2025,09-Sep-2025,173007,47 45.176700 N,062 35.045000 W,2.2,144.3,A,DoorSpread,DoorMaster,0.000000,E,S,157865.000000
Tue Sep 09 14:30:08 2025,09-Sep-2025,173008,47 45.176100 N,062 35.044400 W,2.2,144.2,A,DoorSpread,DoorMaster,0.000000,E,S,157865.000000
Tue Sep 09 14:30:10 2025,09-Sep-2025,173009,47 45.175500 N,062 35.043900 W,2.2,144.5,A,Primary,Headline,19.387755,D,S,249844.000000
Tue Sep 09 14:30:10 2025,09-Sep-2025,173010,47 45.175000 N,062 35.043500 W,2.2,144.7,A,Primary,Headline,19.387755,D,S,249844.000000
Tue Sep 09 14:30:10 2025,09-Sep-2025,173011,47 45.174400 N,062 35.043000 W,2.3,144.7,A,Primary,Headline,19.387755,D,S,249844.000000
Tue Sep 09 14:30:10 2025,09-Sep-2025,173012,47 45.173800 N,062 35.042400 W,2.3,144.7,A,Primary,Headline,19.387755,D,S,249844.000000
Tue Sep 09 14:30:13 2025,09-Sep-2025,173013,47 45.173300 N,062 35.041800 W,2.2,144.4,A,DoorSpread,DoorMaster,0.000000,E,S,150625.000000
Tue Sep 09 14:30:15 2025,09-Sep-2025,173014,47 45.172800 N,062 35.041300 W,2.2,144.2,A,Primary,Headline,6.183673,D,S,191992.000000
Tue Sep 09 14:30:15 2025,09-Sep-2025,173015,47 45.172400 N,062 35.040800 W,2.3,144.3,A,Depth,Depth,72.685185,D,S,101043.000000
Tue Sep 09 14:30:15 2025,09-Sep-2025,173016,47 45.171900 N,062 35.040400 W,2.3,144.5,A,Depth,Depth,72.685185,D,S,101043.000000
Tue Sep 09 14:30:15 2025,09-Sep-2025,173017,47 45.171300 N,062 35.040000 W,2.3,144.5,A,Depth,Depth,72.685185,D,S,101043.000000
Tue Sep 09 14:30:18 2025,09-Sep-2025,173018,47 45.170900 N,062 35.039500 W,2.2,144.4,A,DoorSpread,DoorMaster,0.000000,E,P,353285.000000
Tue Sep 09 14:30:18 2025,09-Sep-2025,173019,47 45.170400 N,062 35.039000 W,2.2,144.3,A,DoorSpread,DoorMaster,0.000000,E,P,353285.000000
Tue Sep 09 14:30:20 2025,09-Sep-2025,173020,47 45.169900 N,062 35.038300 W,2.2,144.0,A,Primary,Headline,41.612245,D,P,241903.000000
Tue Sep 09 14:30:20 2025,09-Sep-2025,173021,47 45.169500 N,062 35.037700 W,2.2,143.9,A,Primary,Headline,41.612245,D,P,241903.000000
Tue Sep 09 14:30:22 2025,09-Sep-2025,173022,47 45.169100 N,062 35.037100 W,2.2,143.9,A,Depth,Depth,73.796296,D,S,235406.000000
Tue Sep 09 14:30:23 2025,09-Sep-2025,173023,47 45.168700 N,062 35.036600 W,2.1,143.6,A,DoorSpread,DoorMaster,0.000000,E,P,201306.000000
Tue Sep 09 14:30:23 2025,09-Sep-2025,173024,47 45.168200 N,062 35.035900 W,2.1,143.2,A,DoorSpread,DoorMaster,0.000000,E,P,201306.000000
Tue Sep 09 14:30:25 2025,09-Sep-2025,173025,47 45.167800 N,062 35.035300 W,2.2,142.8,A,Primary,Headline,18.448980,D,P,114530.000000
Tue Sep 09 14:30:25 2025,09-Sep-2025,173026,47 45.167300 N,062 35.034900 W,2.1,142.6,A,Primary,Headline,18.448980,D,P,114530.000000
Tue Sep 09 14:30:25 2025,09-Sep-2025,173027,47 45.167000 N,062 35.034400 W,2.1,142.5,A,Primary,Headline,18.448980,D,P,114530.000000
Tue Sep 09 14:30:28 2025,09-Sep-2025,173028,47 45.166600 N,062 35.034000 W,2.1,142.7,A,DoorSpread,DoorMaster,0.000000,E,S,63993.000000
Tue Sep 09 14:30:29 2025,09-Sep-2025,173029,47 45.166000 N,062 35.033300 W,2.2,143.2,A,Depth,Depth,73.055556,D,S,249277.000000
Tue Sep 09 14:30:31 2025,09-Sep-2025,173030,47 45.165400 N,062 35.032600 W,2.4,142.9,A,Primary,Headline,20.591837,D,S,190229.000000
Tue Sep 09 14:30:31 2025,09-Sep-2025,173031,47 45.164800 N,062 35.032000 W,2.4,142.7,A,Primary,Headline,20.591837,D,S,190229.000000
Tue Sep 09 14:30:31 2025,09-Sep-2025,173032,47 45.164100 N,062 35.031200 W,2.5,143.4,A,Primary,Headline,20.591837,D,S,190229.000000
Tue Sep 09 14:30:34 2025,09-Sep-2025,173033,47 45.163300 N,062 35.030500 W,2.7,144.6,A,DoorSpread,DoorMaster,6.270000,D,P,229708.000000
Tue Sep 09 14:30:34 2025,09-Sep-2025,173034,47 45.162400 N,062 35.029800 W,2.8,144.9,A,DoorSpread,DoorMaster,6.270000,D,P,229708.000000
Tue Sep 09 14:30:34 2025,09-Sep-2025,173035,47 45.161600 N,062 35.029000 W,2.9,144.8,A,DoorSpread,DoorMaster,6.270000,D,P,229708.000000
Tue Sep 09 14:30:37 2025,09-Sep-2025,173036,47 45.160900 N,062 35.028300 W,3.0,145.0,A,Primary,Headline,46.081633,D,P,116054.000000
Tue Sep 09 14:30:37 2025,09-Sep-2025,173037,47 45.160100 N,062 35.027600 W,3.1,145.7,A,Primary,Headline,46.081633,D,P,116054.000000
Tue Sep 09 14:30:37 2025,09-Sep-2025,173038,47 45.159200 N,062 35.026700 W,3.2,146.1,A,Primary,Headline,46.081633,D,P,116054.000000
Tue Sep 09 14:30:39 2025,09-Sep-2025,173039,47 45.158300 N,062 35.025800 W,3.2,146.3,A,DoorSpread,DoorMaster,6.645000,D,S,269118.000000
Tue Sep 09 14:30:39 2025,09-Sep-2025,173040,47 45.157500 N,062 35.025200 W,3.3,146.3,A,DoorSpread,DoorMaster,6.645000,D,S,269118.000000
Tue Sep 09 14:30:42 2025,09-Sep-2025,173041,47 45.156700 N,062 35.024500 W,3.4,145.9,A,Primary,Headline,6.204082,D,S,205270.000000
Tue Sep 09 14:30:42 2025,09-Sep-2025,173042,47 45.155900 N,062 35.023800 W,3.4,145.8,A,Primary,Headline,6.204082,D,S,205270.000000
Tue Sep 09 14:30:42 2025,09-Sep-2025,173043,47 45.155200 N,062 35.023100 W,3.5,145.8,A,Primary,Headline,6.204082,D,S,205270.000000
Tue Sep 09 14:30:45 2025,09-Sep-2025,173044,47 45.154300 N,062 35.022300 W,3.5,146.0,A,DoorSpread,DoorMaster,7.020000,D,S,205464.000000
Tue Sep 09 14:30:45 2025,09-Sep-2025,173045,47 45.153500 N,062 35.021500 W,3.6,146.0,A,DoorSpread,DoorMaster,7.020000,D,S,205464.000000
Tue Sep 09 14:30:45 2025,09-Sep-2025,173046,47 45.152700 N,062 35.020800 W,3.6,145.0,A,DoorSpread,DoorMaster,7.020000,D,S,205464.000000
Tue Sep 09 14:30:47 2025,09-Sep-2025,173047,47 45.151900 N,062 35.020000 W,3.6,144.1,A,Primary,Headline,35.877551,D,P,128396.000000
Tue Sep 09 14:30:47 2025,09-Sep-2025,173048,47 45.151100 N,062 35.019300 W,3.6,143.6,A,Primary,Headline,35.877551,D,P,128396.000000
Tue Sep 09 14:30:47 2025,09-Sep-2025,173049,47 45.150400 N,062 35.018500 W,3.6,143.1,A,Primary,Headline,35.877551,D,P,128396.000000
Tue Sep 09 14:30:51 2025,09-Sep-2025,173050,47 45.149600 N,062 35.017800 W,3.6,143.1,A,DoorSpread,DoorMaster,6.990000,D,S,287990.000000
Tue Sep 09 14:30:51 2025,09-Sep-2025,173051,47 45.148900 N,062 35.017000 W,3.5,142.6,A,Depth,Depth,68.425926,D,S,319987.000000
Tue Sep 09 14:30:53 2025,09-Sep-2025,173052,47 45.148300 N,062 35.016200 W,3.4,141.8,A,Primary,Headline,16.224490,D,P,164619.000000
Tue Sep 09 14:30:53 2025,09-Sep-2025,173053,47 45.147700 N,062 35.015500 W,3.3,141.0,A,Primary,Headline,16.224490,D,P,164619.000000
Tue Sep 09 14:30:53 2025,09-Sep-2025,173054,47 45.147100 N,062 35.014700 W,3.2,140.5,A,Primary,Headline,16.224490,D,P,164619.000000
Tue Sep 09 14:30:53 2025,09-Sep-2025,173055,47 45.146600 N,062 35.014000 W,3.1,140.0,A,Primary,Headline,16.224490,D,P,164619.000000
Tue Sep 09 14:30:56 2025,09-Sep-2025,173056,47 45.146100 N,062 35.013300 W,3.0,139.6,A,DoorSpread,DoorMaster,6.930000,D,S,59353.000000
Tue Sep 09 14:30:56 2025,09-Sep-2025,173057,47 45.145600 N,062 35.012500 W,2.9,139.2,A,DoorSpread,DoorMaster,6.930000,D,S,59353.000000
Tue Sep 09 14:30:59 2025,09-Sep-2025,173058,47 45.145300 N,062 35.011800 W,2.8,138.7,A,Depth,Depth,66.851852,D,S,152036.000000
Tue Sep 09 14:30:59 2025,09-Sep-2025,173059,47 45.145000 N,062 35.011000 W,2.6,138.1,A,Depth,Depth,66.851852,D,S,152036.000000
Tue Sep 09 14:30:59 2025,09-Sep-2025,173100,47 45.144600 N,062 35.010300 W,2.6,137.7,A,Depth,Depth,66.851852,D,S,152036.000000
Tue Sep 09 14:31:02 2025,09-Sep-2025,173101,47 45.144200 N,062 35.009600 W,2.5,137.2,A,DoorSpread,DoorMaster,6.705000,D,S,541521.000000
Tue Sep 09 14:31:02 2025,09-Sep-2025,173102,47 45.143900 N,062 35.009000 W,2.4,136.7,A,DoorSpread,DoorMaster,6.705000,D,S,541521.000000
Tue Sep 09 14:31:03 2025,09-Sep-2025,173103,47 45.143600 N,062 35.008400 W,2.3,136.3,A,Primary,Headline,12.367347,D,S,376017.000000
Tue Sep 09 14:31:03 2025,09-Sep-2025,173104,47 45.143300 N,062 35.007800 W,2.2,135.9,A,Primary,Headline,12.367347,D,S,376017.000000
Tue Sep 09 14:31:06 2025,09-Sep-2025,173105,47 45.142900 N,062 35.007200 W,2.1,135.4,A,Depth,Depth,64.814815,D,S,245880.000000
Tue Sep 09 14:31:06 2025,09-Sep-2025,173106,47 45.142600 N,062 35.006600 W,2.1,134.9,A,Depth,Depth,64.814815,D,S,245880.000000
Tue Sep 09 14:31:07 2025,09-Sep-2025,173107,47 45.142400 N,062 35.006000 W,2.0,134.4,A,DoorSpread,DoorMaster,6.610000,D,S,237116.000000
Tue Sep 09 14:31:09 2025,09-Sep-2025,173108,47 45.142100 N,062 35.005600 W,1.9,134.0,A,Primary,Headline,32.938776,D,S,206733.000000
Tue Sep 09 14:31:09 2025,09-Sep-2025,173109,47 45.141800 N,062 35.005100 W,1.9,133.6,A,Primary,Headline,32.938776,D,S,206733.000000
Tue Sep 09 14:31:09 2025,09-Sep-2025,173110,47 45.141400 N,062 35.004500 W,1.9,133.1,A,Primary,Headline,32.938776,D,S,206733.000000
Tue Sep 09 14:31:09 2025,09-Sep-2025,173111,47 45.141200 N,062 35.004000 W,1.7,132.7,A,Primary,Headline,32.938776,D,S,206733.000000
Tue Sep 09 14:31:09 2025,09-Sep-2025,173112,47 45.141000 N,062 35.003600 W,1.7,132.3,A,Primary,Headline,32.938776,D,S,206733.000000
Tue Sep 09 14:31:13 2025,09-Sep-2025,173113,47 45.140700 N,062 35.003100 W,1.7,131.7,A,DoorSpread,DoorMaster,6.470000,D,S,288999.000000
Tue Sep 09 14:31:15 2025,09-Sep-2025,173114,47 45.140500 N,062 35.002500 W,1.7,131.0,A,Primary,Headline,57.265306,D,S,122134.000000
Tue Sep 09 14:31:15 2025,09-Sep-2025,173115,47 45.140300 N,062 35.002100 W,1.6,130.4,A,Primary,Headline,57.265306,D,S,122134.000000
Tue Sep 09 14:31:15 2025,09-Sep-2025,173116,47 45.140100 N,062 35.001600 W,1.6,129.6,A,Primary,Headline,57.265306,D,S,122134.000000
Tue Sep 09 14:31:15 2025,09-Sep-2025,173117,47 45.139800 N,062 35.001100 W,1.6,129.0,A,Primary,Headline,57.265306,D,S,122134.000000
Tue Sep 09 14:31:19 2025,09-Sep-2025,173118,47 45.139600 N,062 35.000600 W,1.5,128.5,A,DoorSpread,DoorMaster,6.245000,D,S,217064.000000
Tue Sep 09 14:31:19 2025,09-Sep-2025,173119,47 45.139500 N,062 35.000200 W,1.4,128.0,A,DoorSpread,DoorMaster,6.245000,D,S,217064.000000
Tue Sep 09 14:31:20 2025,09-Sep-2025,173120,47 45.139200 N,062 34.999800 W,1.5,127.5,A,Depth,Depth,45.925926,D,P,55271.000000
Tue Sep 09 14:31:20 2025,09-Sep-2025,173121,47 45.139000 N,062 34.999300 W,1.5,127.0,A,Depth,Depth,45.925926,D,P,55271.000000
Tue Sep 09 14:31:20 2025,09-Sep-2025,173122,47 45.138800 N,062 34.998700 W,1.4,126.5,A,Depth,Depth,45.925926,D,P,55271.000000
Tue Sep 09 14:31:20 2025,09-Sep-2025,173123,47 45.138600 N,062 34.998300 W,1.4,126.1,A,Depth,Depth,45.925926,D,P,55271.000000
Tue Sep 09 14:31:24 2025,09-Sep-2025,173124,47 45.138400 N,062 34.997900 W,1.4,125.5,A,DoorSpread,DoorMaster,6.300000,D,P,99200.000000
Tue Sep 09 14:31:25 2025,09-Sep-2025,173125,47 45.138200 N,062 34.997400 W,1.4,125.0,A,Primary,Headline,20.183673,D,S,597926.000000
Tue Sep 09 14:31:25 2025,09-Sep-2025,173126,47 45.138000 N,062 34.996900 W,1.4,124.7,A,Primary,Headline,20.183673,D,S,597926.000000
Tue Sep 09 14:31:27 2025,09-Sep-2025,173127,47 45.137800 N,062 34.996500 W,1.3,124.3,A,Depth,Depth,64.722222,D,P,83520.000000
Tue Sep 09 14:31:27 2025,09-Sep-2025,173128,47 45.137600 N,062 34.996000 W,1.4,124.0,A,Depth,Depth,64.722222,D,P,83520.000000
Tue Sep 09 14:31:29 2025,09-Sep-2025,173129,47 45.137400 N,062 34.995500 W,1.4,123.5,A,DoorSpread,DoorMaster,0.000000,E,S,97344.000000
Tue Sep 09 14:31:29 2025,09-Sep-2025,173130,47 45.137300 N,062 34.994900 W,1.4,122.9,A,DoorSpread,DoorMaster,0.000000,E,S,97344.000000
Tue Sep 09 14:31:31 2025,09-Sep-2025,173131,47 45.137100 N,062 34.994400 W,1.4,122.5,A,Primary,Headline,54.795918,D,P,71822.000000
Tue Sep 09 14:31:31 2025,09-Sep-2025,173132,47 45.136800 N,062 34.993900 W,1.4,122.4,A,Primary,Headline,54.795918,D,P,71822.000000
Tue Sep 09 14:31:31 2025,09-Sep-2025,173133,47 45.136500 N,062 34.993300 W,1.4,122.4,A,Primary,Headline,54.795918,D,P,71822.000000
Tue Sep 09 14:31:35 2025,09-Sep-2025,173134,47 45.136200 N,062 34.992900 W,1.5,122.8,A,DoorSpread,DoorMaster,6.340000,D,S,191496.000000
Tue Sep 09 14:31:35 2025,09-Sep-2025,173135,47 45.135900 N,062 34.992400 W,1.6,123.2,A,DoorSpread,DoorMaster,6.340000,D,S,191496.000000
Tue Sep 09 14:31:35 2025,09-Sep-2025,173136,47 45.135600 N,062 34.992000 W,1.6,123.4,A,DoorSpread,DoorMaster,6.340000,D,S,191496.000000
Tue Sep 09 14:31:37 2025,09-Sep-2025,173137,47 45.135400 N,062 34.991500 W,1.7,123.2,A,Primary,Headline,57.163265,D,S,111873.000000
Tue Sep 09 14:31:37 2025,09-Sep-2025,173138,47 45.135200 N,062 34.991100 W,1.7,123.3,A,Primary,Headline,57.163265,D,S,111873.000000
Tue Sep 09 14:31:37 2025,09-Sep-2025,173139,47 45.134800 N,062 34.990600 W,1.8,123.7,A,Primary,Headline,57.163265,D,S,111873.000000
Tue Sep 09 14:31:40 2025,09-Sep-2025,173140,47 45.134500 N,062 34.990200 W,1.8,124.1,A,DoorSpread,DoorMaster,5.925000,D,S,133458.000000
Tue Sep 09 14:31:40 2025,09-Sep-2025,173141,47 45.134300 N,062 34.989700 W,1.8,124.3,A,DoorSpread,DoorMaster,5.925000,D,S,133458.000000
Tue Sep 09 14:31:42 2025,09-Sep-2025,173142,47 45.134000 N,062 34.989100 W,1.8,124.6,A,Depth,Depth,63.981481,D,S,54630.000000
Tue Sep 09 14:31:43 2025,09-Sep-2025,173143,47 45.133700 N,062 34.988600 W,1.9,125.2,A,Primary,Headline,56.877551,D,S,75611.000000
Tue Sep 09 14:31:43 2025,09-Sep-2025,173144,47 45.133500 N,062 34.988000 W,1.9,125.8,A,Primary,Headline,56.877551,D,S,75611.000000
Tue Sep 09 14:31:43 2025,09-Sep-2025,173145,47 45.133200 N,062 34.987200 W,2.0,125.9,A,Primary,Headline,56.877551,D,S,75611.000000
Tue Sep 09 14:31:46 2025,09-Sep-2025,173146,47 45.132900 N,062 34.986300 W,2.0,126.1,A,DoorSpread,DoorMaster,5.785000,D,S,68792.000000
Tue Sep 09 14:31:46 2025,09-Sep-2025,173147,47 45.132500 N,062 34.985500 W,2.0,126.4,A,DoorSpread,DoorMaster,5.785000,D,S,68792.000000
Tue Sep 09 14:31:46 2025,09-Sep-2025,173148,47 45.132200 N,062 34.984600 W,2.0,126.6,A,DoorSpread,DoorMaster,5.785000,D,S,68792.000000
Tue Sep 09 14:31:49 2025,09-Sep-2025,173149,47 45.131800 N,062 34.983700 W,2.1,126.8,A,Depth,Depth,61.574074,D,S,181484.000000
Tue Sep 09 14:31:49 2025,09-Sep-2025,173150,47 45.131400 N,062 34.982700 W,2.1,126.8,A,Depth,Depth,61.574074,D,S,181484.000000
Tue Sep 09 14:31:51 2025,09-Sep-2025,173151,47 45.130900 N,062 34.981900 W,2.1,126.9,A,DoorSpread,DoorMaster,5.875000,D,S,234735.000000
Tue Sep 09 14:31:51 2025,09-Sep-2025,173152,47 45.130400 N,062 34.981000 W,2.1,126.8,A,DoorSpread,DoorMaster,5.875000,D,S,234735.000000
Tue Sep 09 14:31:51 2025,09-Sep-2025,173153,47 45.130000 N,062 34.980100 W,2.1,126.8,A,DoorSpread,DoorMaster,5.875000,D,S,234735.000000
Tue Sep 09 14:31:55 2025,09-Sep-2025,173154,47 45.129500 N,062 34.979100 W,2.2,126.9,A,Primary,Headline,39.346939,D,S,242259.000000
Tue Sep 09 14:31:55 2025,09-Sep-2025,173155,47 45.129000 N,062 34.978200 W,2.2,127.0,A,Primary,Headline,39.346939,D,S,242259.000000
Tue Sep 09 14:31:56 2025,09-Sep-2025,173156,47 45.128600 N,062 34.977400 W,2.1,127.0,A,Depth,Depth,63.055556,D,S,165803.000000
Tue Sep 09 14:31:57 2025,09-Sep-2025,173157,47 45.128200 N,062 34.976500 W,2.2,127.0,A,DoorSpread,DoorMaster,5.995000,D,S,390802.000000
Tue Sep 09 14:31:57 2025,09-Sep-2025,173158,47 45.127700 N,062 34.975600 W,2.2,126.8,A,DoorSpread,DoorMaster,5.995000,D,S,390802.000000
Tue Sep 09 14:31:57 2025,09-Sep-2025,173159,47 45.127300 N,062 34.974700 W,2.2,126.7,A,DoorSpread,DoorMaster,5.995000,D,S,390802.000000
Tue Sep 09 14:32:00 2025,09-Sep-2025,173200,47 45.127000 N,062 34.973900 W,2.2,126.4,A,Primary,Headline,51.326531,D,S,99421.000000
Tue Sep 09 14:32:00 2025,09-Sep-2025,173201,47 45.126700 N,062 34.973100 W,2.2,126.1,A,Primary,Headline,51.326531,D,S,99421.000000
Tue Sep 09 14:32:03 2025,09-Sep-2025,173202,47 45.126300 N,062 34.972300 W,2.2,125.9,A,DoorSpread,DoorMaster,6.230000,D,P,137035.000000
Tue Sep 09 14:32:04 2025,09-Sep-2025,173203,47 45.126000 N,062 34.971400 W,2.2,125.4,A,Depth,Depth,57.407407,D,P,86748.000000
Tue Sep 09 14:32:04 2025,09-Sep-2025,173204,47 45.125800 N,062 34.970500 W,2.2,124.9,A,Depth,Depth,57.407407,D,P,86748.000000
Tue Sep 09 14:32:04 2025,09-Sep-2025,173205,47 45.125400 N,062 34.969700 W,2.2,124.6,A,Depth,Depth,57.407407,D,P,86748.000000
Tue Sep 09 14:32:06 2025,09-Sep-2025,173206,47 45.125100 N,062 34.968900 W,2.2,124.3,A,Primary,Headline,36.775510,D,S,164605.000000
Tue Sep 09 14:32:06 2025,09-Sep-2025,173207,47 45.124800 N,062 34.968000 W,2.2,123.9,A,Primary,Headline,36.775510,D,S,164605.000000
Tue Sep 09 14:32:08 2025,09-Sep-2025,173208,47 45.124600 N,062 34.967300 W,2.2,123.4,A,DoorSpread,DoorMaster,6.265000,D,S,152998.000000
Tue Sep 09 14:32:08 2025,09-Sep-2025,173209,47 45.124300 N,062 34.966700 W,2.2,123.0,A,DoorSpread,DoorMaster,6.265000,D,S,152998.000000
Tue Sep 09 14:32:11 2025,09-Sep-2025,173210,47 45.124000 N,062 34.966000 W,2.2,122.8,A,Depth,Depth,55.925926,D,S,128891.000000
Tue Sep 09 14:32:11 2025,09-Sep-2025,173211,47 45.123700 N,062 34.965300 W,2.2,122.7,A,Depth,Depth,55.925926,D,S,128891.000000
Tue Sep 09 14:32:12 2025,09-Sep-2025,173212,47 45.123400 N,062 34.964700 W,2.2,122.3,A,Primary,Headline,50.918367,D,P,151380.000000
Tue Sep 09 14:32:14 2025,09-Sep-2025,173213,47 45.123100 N,062 34.964000 W,2.1,122.1,A,DoorSpread,DoorMaster,6.180000,D,S,341785.000000
Tue Sep 09 14:32:14 2025,09-Sep-2025,173214,47 45.122800 N,062 34.963300 W,2.2,122.0,A,DoorSpread,DoorMaster,6.180000,D,S,341785.000000
Tue Sep 09 14:32:14 2025,09-Sep-2025,173215,47 45.122600 N,062 34.962600 W,2.1,122.0,A,DoorSpread,DoorMaster,6.180000,D,S,341785.000000
Tue Sep 09 14:32:14 2025,09-Sep-2025,173216,47 45.122400 N,062 34.961900 W,2.1,121.9,A,DoorSpread,DoorMaster,6.180000,D,S,341785.000000
Tue Sep 09 14:32:18 2025,09-Sep-2025,173217,47 45.122300 N,062 34.961200 W,2.1,121.4,A,Primary,Headline,49.795918,D,P,53076.000000
Tue Sep 09 14:32:18 2025,09-Sep-2025,173218,47 45.122100 N,062 34.960500 W,2.1,121.0,A,Depth,Depth,52.777778,D,S,63282.000000
Tue Sep 09 14:32:19 2025,09-Sep-2025,173219,47 45.121900 N,062 34.959800 W,2.1,121.2,A,DoorSpread,DoorMaster,5.655000,D,S,173753.000000
Tue Sep 09 14:32:19 2025,09-Sep-2025,173220,47 45.121700 N,062 34.959000 W,2.1,121.4,A,DoorSpread,DoorMaster,5.655000,D,S,173753.000000
Tue Sep 09 14:32:19 2025,09-Sep-2025,173221,47 45.121400 N,062 34.958300 W,2.0,121.6,A,DoorSpread,DoorMaster,5.655000,D,S,173753.000000
Tue Sep 09 14:32:19 2025,09-Sep-2025,173222,47 45.121200 N,062 34.957600 W,2.0,121.6,A,DoorSpread,DoorMaster,5.655000,D,S,173753.000000
Tue Sep 09 14:32:23 2025,09-Sep-2025,173223,47 45.121000 N,062 34.957000 W,2.0,121.5,A,Primary,Headline,47.346939,D,S,105316.000000
Tue Sep 09 14:32:23 2025,09-Sep-2025,173224,47 45.120700 N,062 34.956400 W,2.0,121.4,A,Primary,Headline,47.346939,D,S,105316.000000
Tue Sep 09 14:32:25 2025,09-Sep-2025,173225,47 45.120400 N,062 34.955700 W,2.0,121.4,A,Depth,Depth,51.851852,D,S,153922.000000
Tue Sep 09 14:32:25 2025,09-Sep-2025,173226,47 45.120100 N,062 34.955100 W,2.0,121.4,A,Depth,Depth,51.851852,D,S,153922.000000
Tue Sep 09 14:32:25 2025,09-Sep-2025,173227,47 45.119800 N,062 34.954500 W,1.9,121.2,A,Depth,Depth,51.851852,D,S,153922.000000
Tue Sep 09 14:32:29 2025,09-Sep-2025,173228,47 45.119500 N,062 34.953800 W,1.9,121.0,A,Primary,Headline,15.551020,D,S,202404.000000
Tue Sep 09 14:32:29 2025,09-Sep-2025,173229,47 45.119200 N,062 34.953100 W,2.0,121.2,A,Primary,Headline,15.551020,D,S,202404.000000
Tue Sep 09 14:32:30 2025,09-Sep-2025,173230,47 45.118900 N,062 34.952400 W,1.9,121.3,A,DoorSpread,DoorMaster,5.505000,D,S,108957.000000
Tue Sep 09 14:32:30 2025,09-Sep-2025,173231,47 45.118600 N,062 34.951700 W,1.9,121.4,A,DoorSpread,DoorMaster,5.505000,D,S,108957.000000
Tue Sep 09 14:32:32 2025,09-Sep-2025,173232,47 45.118500 N,062 34.951100 W,1.9,121.0,A,Depth,Depth,49.537037,D,P,51857.000000
Tue Sep 09 14:32:32 2025,09-Sep-2025,173233,47 45.118300 N,062 34.950500 W,1.9,120.8,A,Depth,Depth,49.537037,D,P,51857.000000
Tue Sep 09 14:32:35 2025,09-Sep-2025,173234,47 45.118100 N,062 34.949900 W,1.9,120.6,A,Primary,Headline,56.489796,D,S,152032.000000
Tue Sep 09 14:32:35 2025,09-Sep-2025,173235,47 45.117900 N,062 34.949200 W,1.9,120.2,A,Primary,Headline,56.489796,D,S,152032.000000
Tue Sep 09 14:32:36 2025,09-Sep-2025,173236,47 45.117700 N,062 34.948600 W,1.8,120.0,A,DoorSpread,DoorMaster,5.575000,D,S,114584.000000
Tue Sep 09 14:32:36 2025,09-Sep-2025,173237,47 45.117400 N,062 34.948100 W,1.8,119.8,A,DoorSpread,DoorMaster,5.575000,D,S,114584.000000
Tue Sep 09 14:32:36 2025,09-Sep-2025,173238,47 45.117300 N,062 34.947300 W,1.9,119.7,A,DoorSpread,DoorMaster,5.575000,D,S,114584.000000
Tue Sep 09 14:32:39 2025,09-Sep-2025,173239,47 45.117100 N,062 34.946300 W,1.9,119.4,A,Depth,Depth,47.222222,D,S,146275.000000
Tue Sep 09 14:32:41 2025,09-Sep-2025,173240,47 45.117000 N,062 34.945500 W,1.8,119.1,A,Primary,Headline,57.836735,D,S,76652.000000
Tue Sep 09 14:32:42 2025,09-Sep-2025,173241,47 45.116900 N,062 34.944800 W,1.8,118.8,A,DoorSpread,DoorMaster,5.565000,D,S,228179.000000
Tue Sep 09 14:32:42 2025,09-Sep-2025,173242,47 45.116600 N,062 34.944000 W,1.8,118.5,A,DoorSpread,DoorMaster,5.565000,D,S,228179.000000
Tue Sep 09 14:32:42 2025,09-Sep-2025,173243,47 45.116200 N,062 34.943200 W,1.9,118.3,A,DoorSpread,DoorMaster,5.565000,D,S,228179.000000
Tue Sep 09 14:32:42 2025,09-Sep-2025,173244,47 45.115900 N,062 34.942500 W,1.8,118.2,A,DoorSpread,DoorMaster,5.565000,D,S,228179.000000
Tue Sep 09 14:32:42 2025,09-Sep-2025,173245,47 45.115600 N,062 34.941800 W,1.8,118.0,A,DoorSpread,DoorMaster,5.565000,D,S,228179.000000
Tue Sep 09 14:32:47 2025,09-Sep-2025,173246,47 45.115400 N,062 34.941100 W,1.8,117.7,A,Depth,Depth,45.555556,D,S,125199.000000
Tue Sep 09 14:32:47 2025,09-Sep-2025,173247,47 45.115100 N,062 34.940400 W,1.9,117.5,A,DoorSpread,DoorMaster,5.575000,D,S,274457.000000
Tue Sep 09 14:32:47 2025,09-Sep-2025,173248,47 45.114800 N,062 34.939800 W,1.9,116.9,A,DoorSpread,DoorMaster,5.575000,D,S,274457.000000
Tue Sep 09 14:32:47 2025,09-Sep-2025,173249,47 45.114600 N,062 34.939200 W,1.8,116.4,A,DoorSpread,DoorMaster,5.575000,D,S,274457.000000
Tue Sep 09 14:32:47 2025,09-Sep-2025,173250,47 45.114400 N,062 34.938800 W,1.8,116.0,A,DoorSpread,DoorMaster,5.575000,D,S,274457.000000
Tue Sep 09 14:32:51 2025,09-Sep-2025,173251,47 45.114200 N,062 34.938200 W,1.8,115.9,A,Primary,Headline,10.346939,D,S,80688.000000
Tue Sep 09 14:32:53 2025,09-Sep-2025,173252,47 45.113900 N,062 34.937500 W,1.9,115.7,A,DoorSpread,DoorMaster,5.565000,D,S,157172.000000
Tue Sep 09 14:32:54 2025,09-Sep-2025,173253,47 45.113700 N,062 34.936800 W,1.9,115.4,A,Depth,Depth,44.259259,D,S,86987.000000
Tue Sep 09 14:32:54 2025,09-Sep-2025,173254,47 45.113500 N,062 34.936200 W,1.8,115.1,A,Depth,Depth,44.259259,D,S,86987.000000
Tue Sep 09 14:32:54 2025,09-Sep-2025,173255,47 45.113400 N,062 34.935600 W,1.9,115.0,A,Depth,Depth,44.259259,D,S,86987.000000
Tue Sep 09 14:32:54 2025,09-Sep-2025,173256,47 45.113300 N,062 34.934800 W,1.9,114.8,A,Depth,Depth,44.259259,D,S,86987.000000
Tue Sep 09 14:32:57 2025,09-Sep-2025,173257,47 45.113200 N,062 34.934100 W,1.9,114.3,A,Primary,Headline,51.816327,D,S,159356.000000
Tue Sep 09 14:32:58 2025,09-Sep-2025,173258,47 45.113100 N,062 34.933300 W,1.9,113.9,A,DoorSpread,DoorMaster,5.590000,D,S,301136.000000
Tue Sep 09 14:32:58 2025,09-Sep-2025,173259,47 45.113000 N,062 34.932700 W,1.9,113.5,A,DoorSpread,DoorMaster,5.590000,D,S,301136.000000
Tue Sep 09 14:32:58 2025,09-Sep-2025,173300,47 45.112700 N,062 34.931900 W,1.9,113.2,A,DoorSpread,DoorMaster,5.590000,D,S,301136.000000
Tue Sep 09 14:33:01 2025,09-Sep-2025,173301,47 45.112500 N,062 34.931200 W,1.9,113.0,A,Depth,Depth,41.388889,D,S,252768.000000
Tue Sep 09 14:33:01 2025,09-Sep-2025,173302,47 45.112300 N,062 34.930500 W,1.9,112.8,A,Depth,Depth,41.388889,D,S,252768.000000
Tue Sep 09 14:33:04 2025,09-Sep-2025,173303,47 45.112100 N,062 34.929800 W,1.9,112.3,A,DoorSpread,DoorMaster,5.645000,D,S,396578.000000
Tue Sep 09 14:33:04 2025,09-Sep-2025,173304,47 45.112000 N,062 34.929000 W,1.9,111.9,A,DoorSpread,DoorMaster,5.645000,D,S,396578.000000
Tue Sep 09 14:33:04 2025,09-Sep-2025,173305,47 45.111900 N,062 34.928000 W,1.9,111.5,A,DoorSpread,DoorMaster,5.645000,D,S,396578.000000
Tue Sep 09 14:33:04 2025,09-Sep-2025,173306,47 45.111700 N,062 34.927200 W,1.9,111.2,A,DoorSpread,DoorMaster,5.645000,D,S,396578.000000
Tue Sep 09 14:33:04 2025,09-Sep-2025,173307,47 45.111600 N,062 34.926400 W,1.9,111.2,A,DoorSpread,DoorMaster,5.645000,D,S,396578.000000
Tue Sep 09 14:33:09 2025,09-Sep-2025,173308,47 45.111300 N,062 34.925500 W,1.9,111.1,A,Primary,Headline,48.265306,D,S,262917.000000
Tue Sep 09 14:33:09 2025,09-Sep-2025,173309,47 45.111100 N,062 34.924600 W,1.9,110.7,A,DoorSpread,DoorMaster,5.570000,D,S,269104.000000
Tue Sep 09 14:33:09 2025,09-Sep-2025,173310,47 45.110900 N,062 34.923700 W,1.9,110.2,A,DoorSpread,DoorMaster,5.570000,D,S,269104.000000
Tue Sep 09 14:33:09 2025,09-Sep-2025,173311,47 45.110600 N,062 34.922800 W,1.9,109.9,A,DoorSpread,DoorMaster,5.570000,D,S,269104.000000
Tue Sep 09 14:33:09 2025,09-Sep-2025,173312,47 45.110100 N,062 34.921900 W,2.0,110.1,A,DoorSpread,DoorMaster,5.570000,D,S,269104.000000
Tue Sep 09 14:33:09 2025,09-Sep-2025,173313,47 45.109700 N,062 34.921100 W,1.9,110.2,A,DoorSpread,DoorMaster,5.570000,D,S,269104.000000
Tue Sep 09 14:33:15 2025,09-Sep-2025,173314,47 45.109500 N,062 34.920300 W,1.9,109.9,A,DoorSpread,DoorMaster,5.510000,D,P,122111.000000
Tue Sep 09 14:33:15 2025,09-Sep-2025,173315,47 45.109200 N,062 34.919500 W,2.0,109.3,A,Depth,Depth,36.481481,D,S,147318.000000
Tue Sep 09 14:33:15 2025,09-Sep-2025,173316,47 45.108900 N,062 34.918600 W,2.0,109.0,A,Depth,Depth,36.481481,D,S,147318.000000
Tue Sep 09 14:33:15 2025,09-Sep-2025,173317,47 45.108700 N,062 34.917800 W,2.0,108.7,A,Depth,Depth,36.481481,D,S,147318.000000
Tue Sep 09 14:33:15 2025,09-Sep-2025,173318,47 45.108600 N,062 34.917100 W,2.0,108.3,A,Depth,Depth,36.481481,D,S,147318.000000
Tue Sep 09 14:33:15 2025,09-Sep-2025,173319,47 45.108400 N,062 34.916600 W,2.0,108.1,A,Depth,Depth,36.481481,D,S,147318.000000
Tue Sep 09 14:33:20 2025,09-Sep-2025,173320,47 45.108200 N,062 34.915900 W,2.0,108.0,A,DoorSpread,DoorMaster,4.730000,D,S,439800.000000
Tue Sep 09 14:33:20 2025,09-Sep-2025,173321,47 45.108000 N,062 34.915200 W,2.0,108.0,A,DoorSpread,DoorMaster,4.730000,D,S,439800.000000
Tue Sep 09 14:33:22 2025,09-Sep-2025,173322,47 45.107800 N,062 34.914600 W,2.0,107.8,A,Depth,Depth,34.629630,D,S,117925.000000
Tue Sep 09 14:33:22 2025,09-Sep-2025,173323,47 45.107700 N,062 34.913800 W,2.0,108.0,A,Depth,Depth,34.629630,D,S,117925.000000
Tue Sep 09 14:33:22 2025,09-Sep-2025,173324,47 45.107700 N,062 34.913100 W,2.0,108.2,A,Depth,Depth,34.629630,D,S,117925.000000
Tue Sep 09 14:33:26 2025,09-Sep-2025,173325,47 45.107600 N,062 34.912300 W,2.0,108.1,A,Primary,Headline,50.836735,D,S,166431.000000
Tue Sep 09 14:33:26 2025,09-Sep-2025,173326,47 45.107500 N,062 34.911700 W,1.9,108.1,A,Primary,Headline,50.836735,D,S,166431.000000
Tue Sep 09 14:33:26 2025,09-Sep-2025,173327,47 45.107300 N,062 34.910800 W,2.0,108.2,A,Primary,Headline,50.836735,D,S,166431.000000
Tue Sep 09 14:33:26 2025,09-Sep-2025,173328,47 45.107100 N,062 34.909900 W,2.0,108.2,A,Primary,Headline,50.836735,D,S,166431.000000
Tue Sep 09 14:33:30 2025,09-Sep-2025,173329,47 45.106900 N,062 34.909100 W,1.9,108.2,A,Depth,Depth,31.666667,D,S,99594.000000
Tue Sep 09 14:33:30 2025,09-Sep-2025,173330,47 45.106800 N,062 34.908300 W,1.9,108.4,A,Depth,Depth,31.666667,D,S,99594.000000
Tue Sep 09 14:33:32 2025,09-Sep-2025,173331,47 45.106600 N,062 34.907500 W,2.0,108.6,A,Primary,Headline,26.408163,D,S,113360.000000
Tue Sep 09 14:33:32 2025,09-Sep-2025,173332,47 45.106400 N,062 34.906700 W,1.9,108.6,A,Primary,Headline,26.408163,D,S,113360.000000
Tue Sep 09 14:33:32 2025,09-Sep-2025,173333,47 45.106200 N,062 34.906000 W,1.9,108.6,A,Primary,Headline,26.408163,D,S,113360.000000
Tue Sep 09 14:33:32 2025,09-Sep-2025,173334,47 45.106000 N,062 34.905300 W,2.0,108.6,A,Primary,Headline,26.408163,D,S,113360.000000
Tue Sep 09 14:33:32 2025,09-Sep-2025,173335,47 45.105700 N,062 34.904400 W,2.0,108.9,A,Primary,Headline,26.408163,D,S,113360.000000
Tue Sep 09 14:33:37 2025,09-Sep-2025,173336,47 45.105500 N,062 34.903700 W,1.9,109.0,A,Depth,Depth,51.203704,D,S,92453.000000
Tue Sep 09 14:33:37 2025,09-Sep-2025,173337,47 45.105400 N,062 34.902900 W,1.9,108.5,A,Depth,Depth,51.203704,D,S,92453.000000
Tue Sep 09 14:33:37 2025,09-Sep-2025,173338,47 45.105300 N,062 34.902000 W,2.0,108.1,A,Depth,Depth,51.203704,D,S,92453.000000
Tue Sep 09 14:33:37 2025,09-Sep-2025,173339,47 45.105100 N,062 34.901200 W,2.0,107.9,A,Depth,Depth,51.203704,D,S,92453.000000
Tue Sep 09 14:33:37 2025,09-Sep-2025,173340,47 45.105000 N,062 34.900500 W,1.9,107.7,A,Depth,Depth,51.203704,D,S,92453.000000
Tue Sep 09 14:33:37 2025,09-Sep-2025,173341,47 45.105000 N,062 34.899900 W,1.9,107.5,A,Depth,Depth,51.203704,D,S,92453.000000
Tue Sep 09 14:33:42 2025,09-Sep-2025,173342,47 45.104900 N,062 34.899100 W,2.0,107.4,A,DoorSpread,DoorMaster,4.440000,D,P,518779.000000
Tue Sep 09 14:33:44 2025,09-Sep-2025,173343,47 45.104900 N,062 34.898300 W,2.0,107.2,A,Depth,Depth,0.000000,D,S,246983.000000
Tue Sep 09 14:33:44 2025,09-Sep-2025,173344,47 45.104900 N,062 34.897600 W,1.9,107.0,A,Depth,Depth,0.000000,D,S,246983.000000
Tue Sep 09 14:33:44 2025,09-Sep-2025,173345,47 45.104800 N,062 34.896900 W,1.9,106.5,A,Depth,Depth,0.000000,D,S,246983.000000
Tue Sep 09 14:33:44 2025,09-Sep-2025,173346,47 45.104700 N,062 34.896100 W,2.0,106.7,A,Depth,Depth,0.000000,D,S,246983.000000
Tue Sep 09 14:33:48 2025,09-Sep-2025,173347,47 45.104500 N,062 34.895100 W,2.0,106.9,A,DoorSpread,DoorMaster,2.860000,D,S,504407.000000
Tue Sep 09 14:33:48 2025,09-Sep-2025,173348,47 45.104400 N,062 34.894200 W,2.0,106.8,A,DoorSpread,DoorMaster,2.860000,D,S,504407.000000
Tue Sep 09 14:33:48 2025,09-Sep-2025,173349,47 45.104300 N,062 34.893400 W,1.9,106.5,A,DoorSpread,DoorMaster,2.860000,D,S,504407.000000
Tue Sep 09 14:33:48 2025,09-Sep-2025,173350,47 45.104200 N,062 34.892600 W,2.0,106.0,A,DoorSpread,DoorMaster,2.860000,D,S,504407.000000
Tue Sep 09 14:33:51 2025,09-Sep-2025,173351,47 45.104000 N,062 34.891800 W,2.0,105.7,A,Depth,Depth,21.388889,D,S,400414.000000
Tue Sep 09 14:33:53 2025,09-Sep-2025,173352,47 45.103900 N,062 34.891000 W,2.0,105.6,A,DoorSpread,DoorMaster,3.330000,D,S,417262.000000
Tue Sep 09 14:33:53 2025,09-Sep-2025,173353,47 45.103800 N,062 34.890300 W,2.0,105.2,A,DoorSpread,DoorMaster,3.330000,D,S,417262.000000
Tue Sep 09 14:33:53 2025,09-Sep-2025,173354,47 45.103700 N,062 34.889300 W,2.0,104.3,A,DoorSpread,DoorMaster,3.330000,D,S,417262.000000
