Ship Number,Trip Number,Tow Number
AVALON,2,8
Comments
"ZONE 12"
CPU Date and Time,GPS Date,GPS Time,Latitude,Longitude,Speed,Heading,Validity,Transducer Name,Sensor Name,Sensor Value,Error Code,Hydrophone,Signal Strength
,30-Jul-2025,171113,46 48.129100 N,062 30.391300 W,3.1,102.0,A,,,,,,
,30-Jul-2025,171114,46 48.128800 N,062 30.390000 W,3.0,102.0,A,,,,,,
,30-Jul-2025,171115,46 48.128600 N,062 30.388700 W,3.0,101.7,A,,,,,,
Wed Jul 30 14:11:14 2025,30-Jul-2025,171116,46 48.128400 N,062 30.387400 W,3.0,101.7,A,Primary,Headline,4.489796,D,P,258683.000000
Wed Jul 30 14:11:14 2025,30-Jul-2025,171117,46 48.128000 N,062 30.386100 W,3.1,102.1,A,Primary,Headline,4.489796,D,P,258683.000000
Wed Jul 30 14:11:14 2025,30-Jul-2025,171118,46 48.127700 N,062 30.384800 W,3.0,102.2,A,Primary,Headline,4.489796,D,P,258683.000000
Wed Jul 30 14:11:14 2025,30-Jul-2025,171119,46 48.127500 N,062 30.383500 W,3.0,101.9,A,Primary,Headline,4.489796,D,P,258683.000000
Wed Jul 30 14:11:14 2025,30-Jul-2025,171120,46 48.127300 N,062 30.382200 W,3.0,101.7,A,Primary,Headline,4.489796,D,P,258683.000000
Wed Jul 30 14:11:20 2025,30-Jul-2025,171121,46 48.126900 N,062 30.381000 W,3.0,101.8,A,DoorSpread,DoorMaster,2.600000,D,P,75945.000000
Wed Jul 30 14:11:20 2025,30-Jul-2025,171122,46 48.126600 N,062 30.379900 W,3.0,101.9,A,DoorSpread,DoorMaster,2.600000,D,P,75945.000000
Wed Jul 30 14:11:20 2025,30-Jul-2025,171123,46 48.126400 N,062 30.378700 W,3.0,101.9,A,DoorSpread,DoorMaster,2.600000,D,P,75945.000000
Wed Jul 30 14:11:20 2025,30-Jul-2025,171124,46 48.126200 N,062 30.377600 W,3.0,101.9,A,DoorSpread,DoorMaster,2.600000,D,P,75945.000000
Wed Jul 30 14:11:20 2025,30-Jul-2025,171125,46 48.126000 N,062 30.376400 W,3.0,101.9,A,DoorSpread,DoorMaster,2.600000,D,P,75945.000000
Wed Jul 30 14:11:25 2025,30-Jul-2025,171126,46 48.125800 N,062 30.375300 W,2.9,101.9,A,Primary,Headline,2.632653,D,P,325607.000000
Wed Jul 30 14:11:25 2025,30-Jul-2025,171127,46 48.125500 N,062 30.374200 W,2.9,101.7,A,DoorSpread,DoorMaster,1.410000,D,S,87679.000000
Wed Jul 30 14:11:25 2025,30-Jul-2025,171128,46 48.125300 N,062 30.373000 W,3.0,101.6,A,DoorSpread,DoorMaster,1.410000,D,S,87679.000000
Wed Jul 30 14:11:25 2025,30-Jul-2025,171129,46 48.125100 N,062 30.371800 W,3.0,101.6,A,DoorSpread,DoorMaster,1.410000,D,S,87679.000000
Wed Jul 30 14:11:29 2025,30-Jul-2025,171130,46 48.124800 N,062 30.370600 W,3.0,101.5,A,Depth,Depth,11.111111,D,S,43853.000000
Wed Jul 30 14:11:30 2025,30-Jul-2025,171131,46 48.124600 N,062 30.369400 W,2.9,101.5,A,Primary,Headline,3.224490,D,P,193841.000000
Wed Jul 30 14:11:30 2025,30-Jul-2025,171132,46 48.124500 N,062 30.368300 W,2.9,101.3,A,DoorSpread,DoorMaster,1.795000,D,P,44823.000000
Wed Jul 30 14:11:30 2025,30-Jul-2025,171133,46 48.124400 N,062 30.367200 W,2.9,101.1,A,DoorSpread,DoorMaster,1.795000,D,P,44823.000000
Wed Jul 30 14:11:30 2025,30-Jul-2025,171134,46 48.124200 N,062 30.366000 W,2.9,101.2,A,DoorSpread,DoorMaster,1.795000,D,P,44823.000000
Wed Jul 30 14:11:30 2025,30-Jul-2025,171135,46 48.124100 N,062 30.364900 W,2.9,101.2,A,DoorSpread,DoorMaster,1.795000,D,P,44823.000000
Wed Jul 30 14:11:30 2025,30-Jul-2025,171136,46 48.124000 N,062 30.363800 W,2.9,101.3,A,DoorSpread,DoorMaster,1.795000,D,P,44823.000000
Wed Jul 30 14:11:36 2025,30-Jul-2025,171137,46 48.124000 N,062 30.362500 W,3.0,101.2,A,Depth,Depth,21.944444,D,P,114895.000000
Wed Jul 30 14:11:36 2025,30-Jul-2025,171138,46 48.123900 N,062 30.361200 W,3.0,101.0,A,Depth,Depth,21.944444,D,P,114895.000000
Wed Jul 30 14:11:36 2025,30-Jul-2025,171139,46 48.123800 N,062 30.359900 W,3.0,101.1,A,Depth,Depth,21.944444,D,P,114895.000000
Wed Jul 30 14:11:36 2025,30-Jul-2025,171140,46 48.123600 N,062 30.358800 W,3.1,101.6,A,Depth,Depth,21.944444,D,P,114895.000000
Wed Jul 30 14:11:36 2025,30-Jul-2025,171141,46 48.123400 N,062 30.357600 W,3.0,102.1,A,Depth,Depth,21.944444,D,P,114895.000000
Wed Jul 30 14:11:40 2025,30-Jul-2025,171142,46 48.123300 N,062 30.356500 W,3.0,102.3,A,Primary,Headline,3.877551,D,S,82593.000000
Wed Jul 30 14:11:41 2025,30-Jul-2025,171143,46 48.123100 N,062 30.355400 W,3.0,102.4,A,DoorSpread,DoorMaster,1.765000,D,S,109033.000000
Wed Jul 30 14:11:43 2025,30-Jul-2025,171144,46 48.122900 N,062 30.354300 W,3.0,102.7,A,Depth,Depth,2.962963,D,P,148410.000000
Wed Jul 30 14:11:43 2025,30-Jul-2025,171145,46 48.122600 N,062 30.353200 W,3.0,103.1,A,Depth,Depth,2.962963,D,P,148410.000000
Wed Jul 30 14:11:43 2025,30-Jul-2025,171146,46 48.122400 N,062 30.352100 W,3.0,103.2,A,Depth,Depth,2.962963,D,P,148410.000000
Wed Jul 30 14:11:45 2025,30-Jul-2025,171147,46 48.122300 N,062 30.351100 W,3.0,103.0,A,Primary,Headline,3.673469,D,S,122857.000000
Wed Jul 30 14:11:46 2025,30-Jul-2025,171148,46 48.122100 N,062 30.350100 W,2.9,103.1,A,DoorSpread,DoorMaster,1.655000,D,S,61312.000000
Wed Jul 30 14:11:46 2025,30-Jul-2025,171149,46 48.121900 N,062 30.349200 W,2.9,103.2,A,DoorSpread,DoorMaster,1.655000,D,S,61312.000000
Wed Jul 30 14:11:46 2025,30-Jul-2025,171150,46 48.121700 N,062 30.348100 W,2.9,103.3,A,DoorSpread,DoorMaster,1.655000,D,S,61312.000000
Wed Jul 30 14:11:50 2025,30-Jul-2025,171151,46 48.121500 N,062 30.347000 W,2.9,103.2,A,Depth,Depth,14.259259,D,S,160172.000000
Wed Jul 30 14:11:50 2025,30-Jul-2025,171152,46 48.121300 N,062 30.346000 W,2.8,103.2,A,Primary,Headline,3.000000,D,P,73336.000000
Wed Jul 30 14:11:51 2025,30-Jul-2025,171153,46 48.121100 N,062 30.345000 W,2.8,103.5,A,DoorSpread,DoorMaster,3.420000,D,S,48852.000000
Wed Jul 30 14:11:51 2025,30-Jul-2025,171154,46 48.120800 N,062 30.343800 W,2.8,103.9,A,DoorSpread,DoorMaster,3.420000,D,S,48852.000000
Wed Jul 30 14:11:51 2025,30-Jul-2025,171155,46 48.120500 N,062 30.342700 W,2.9,104.2,A,DoorSpread,DoorMaster,3.420000,D,S,48852.000000
Wed Jul 30 14:11:55 2025,30-Jul-2025,171156,46 48.120400 N,062 30.341500 W,2.9,104.2,A,Primary,Headline,3.163265,D,S,219245.000000
Wed Jul 30 14:11:55 2025,30-Jul-2025,171157,46 48.120200 N,062 30.340200 W,3.0,104.1,A,Primary,Headline,3.163265,D,S,219245.000000
Wed Jul 30 14:11:57 2025,30-Jul-2025,171158,46 48.120100 N,062 30.338800 W,3.1,103.8,A,DoorSpread,DoorMaster,2.895000,D,P,59998.000000
Wed Jul 30 14:11:57 2025,30-Jul-2025,171159,46 48.119900 N,062 30.337200 W,3.3,103.4,A,DoorSpread,DoorMaster,2.320000,D,S,42215.000000
Wed Jul 30 14:11:57 2025,30-Jul-2025,171200,46 48.119700 N,062 30.335500 W,3.4,103.3,A,DoorSpread,DoorMaster,2.320000,D,S,42215.000000
Wed Jul 30 14:11:57 2025,30-Jul-2025,171201,46 48.119400 N,062 30.333900 W,3.5,103.3,A,DoorSpread,DoorMaster,2.320000,D,S,42215.000000
Wed Jul 30 14:12:00 2025,30-Jul-2025,171202,46 48.119200 N,062 30.332200 W,3.7,102.9,A,Primary,Headline,4.387755,D,S,114092.000000
Wed Jul 30 14:12:00 2025,30-Jul-2025,171203,46 48.119000 N,062 30.330300 W,3.9,102.1,A,Primary,Headline,4.387755,D,S,114092.000000
Wed Jul 30 14:12:02 2025,30-Jul-2025,171204,46 48.118900 N,062 30.328400 W,4.0,101.0,A,DoorSpread,DoorMaster,2.435000,D,S,73571.000000
Wed Jul 30 14:12:04 2025,30-Jul-2025,171205,46 48.118700 N,062 30.326700 W,4.1,101.0,A,Depth,Depth,15.740741,D,S,102520.000000
Wed Jul 30 14:12:04 2025,30-Jul-2025,171206,46 48.118400 N,062 30.325000 W,4.2,101.3,A,Depth,Depth,15.740741,D,S,102520.000000
Wed Jul 30 14:12:05 2025,30-Jul-2025,171207,46 48.118200 N,062 30.323100 W,4.3,101.2,A,Primary,Headline,3.530612,D,S,103382.000000
Wed Jul 30 14:12:05 2025,30-Jul-2025,171208,46 48.118000 N,062 30.321100 W,4.4,100.9,A,Primary,Headline,3.530612,D,S,103382.000000
Wed Jul 30 14:12:07 2025,30-Jul-2025,171209,46 48.117800 N,062 30.319000 W,4.5,101.0,A,DoorSpread,DoorMaster,2.685000,D,S,38993.000000
Wed Jul 30 14:12:07 2025,30-Jul-2025,171210,46 48.117500 N,062 30.317000 W,4.6,101.2,A,DoorSpread,DoorMaster,2.685000,D,S,38993.000000
Wed Jul 30 14:12:07 2025,30-Jul-2025,171211,46 48.117200 N,062 30.315000 W,4.6,101.2,A,DoorSpread,DoorMaster,2.685000,D,S,38993.000000
Wed Jul 30 14:12:11 2025,30-Jul-2025,171212,46 48.117200 N,062 30.312900 W,4.7,100.9,A,Depth,Depth,17.129630,D,S,103242.000000
Wed Jul 30 14:12:11 2025,30-Jul-2025,171213,46 48.117000 N,062 30.310900 W,4.8,100.8,A,Depth,Depth,17.129630,D,S,103242.000000
Wed Jul 30 14:12:13 2025,30-Jul-2025,171214,46 48.116800 N,062 30.308800 W,4.8,100.9,A,DoorSpread,DoorMaster,3.240000,D,S,47860.000000
Wed Jul 30 14:12:13 2025,30-Jul-2025,171215,46 48.116600 N,062 30.306900 W,4.9,101.0,A,DoorSpread,DoorMaster,3.240000,D,S,47860.000000
Wed Jul 30 14:12:13 2025,30-Jul-2025,171216,46 48.116500 N,062 30.305000 W,4.9,101.1,A,DoorSpread,DoorMaster,3.240000,D,S,47860.000000
Wed Jul 30 14:12:15 2025,30-Jul-2025,171217,46 48.116300 N,062 30.303000 W,4.9,101.2,A,Primary,Headline,2.387755,D,S,148207.000000
Wed Jul 30 14:12:15 2025,30-Jul-2025,171218,46 48.116100 N,062 30.300900 W,5.0,101.2,A,Primary,Headline,2.387755,D,S,148207.000000
Wed Jul 30 14:12:15 2025,30-Jul-2025,171219,46 48.115800 N,062 30.298800 W,5.0,101.2,A,Primary,Headline,2.387755,D,S,148207.000000
Wed Jul 30 14:12:18 2025,30-Jul-2025,171220,46 48.115400 N,062 30.296800 W,5.0,101.2,A,DoorSpread,DoorMaster,4.370000,D,S,62865.000000
Wed Jul 30 14:12:18 2025,30-Jul-2025,171221,46 48.115200 N,062 30.294700 W,5.1,100.7,A,DoorSpread,DoorMaster,4.370000,D,S,62865.000000
Wed Jul 30 14:12:20 2025,30-Jul-2025,171222,46 48.115100 N,062 30.292500 W,5.1,100.3,A,Primary,Headline,2.448980,D,S,104615.000000
Wed Jul 30 14:12:20 2025,30-Jul-2025,171223,46 48.114800 N,062 30.290400 W,5.1,100.1,A,Primary,Headline,2.448980,D,S,104615.000000
Wed Jul 30 14:12:20 2025,30-Jul-2025,171224,46 48.114500 N,062 30.288300 W,5.2,100.0,A,Primary,Headline,2.448980,D,S,104615.000000
Wed Jul 30 14:12:24 2025,30-Jul-2025,171225,46 48.114200 N,062 30.286200 W,5.2,99.9,A,DoorSpread,DoorMaster,4.140000,D,P,46080.000000
Wed Jul 30 14:12:24 2025,30-Jul-2025,171226,46 48.113900 N,062 30.284000 W,5.2,99.9,A,DoorSpread,DoorMaster,4.140000,D,P,46080.000000
Wed Jul 30 14:12:25 2025,30-Jul-2025,171227,46 48.113600 N,062 30.281900 W,5.2,100.0,A,Primary,Headline,2.387755,D,S,127972.000000
Wed Jul 30 14:12:25 2025,30-Jul-2025,171228,46 48.113300 N,062 30.279700 W,5.2,100.1,A,Primary,Headline,2.387755,D,S,127972.000000
Wed Jul 30 14:12:25 2025,30-Jul-2025,171229,46 48.113100 N,062 30.277600 W,5.2,99.8,A,Primary,Headline,2.387755,D,S,127972.000000
Wed Jul 30 14:12:25 2025,30-Jul-2025,171230,46 48.112900 N,062 30.275400 W,5.2,99.7,A,Primary,Headline,2.387755,D,S,127972.000000
Wed Jul 30 14:12:29 2025,30-Jul-2025,171231,46 48.112700 N,062 30.273100 W,5.3,99.9,A,DoorSpread,DoorMaster,4.550000,D,S,116862.000000
Wed Jul 30 14:12:31 2025,30-Jul-2025,171232,46 48.112400 N,062 30.270800 W,5.3,100.1,A,Primary,Headline,22.244898,D,S,112699.000000
Wed Jul 30 14:12:31 2025,30-Jul-2025,171233,46 48.112200 N,062 30.268700 W,5.3,100.2,A,Primary,Headline,22.244898,D,S,112699.000000
Wed Jul 30 14:12:32 2025,30-Jul-2025,171234,46 48.112000 N,062 30.266700 W,5.3,100.1,A,Depth,Depth,18.703704,D,P,106123.000000
Wed Jul 30 14:12:32 2025,30-Jul-2025,171235,46 48.111800 N,062 30.264600 W,5.3,99.8,A,Depth,Depth,18.703704,D,P,106123.000000
Wed Jul 30 14:12:35 2025,30-Jul-2025,171236,46 48.111600 N,062 30.262700 W,5.3,99.7,A,DoorSpread,DoorMaster,4.890000,D,S,74689.000000
Wed Jul 30 14:12:35 2025,30-Jul-2025,171237,46 48.111300 N,062 30.260700 W,5.3,99.7,A,DoorSpread,DoorMaster,4.890000,D,S,74689.000000
Wed Jul 30 14:12:36 2025,30-Jul-2025,171238,46 48.110900 N,062 30.258800 W,5.3,99.8,A,Primary,Headline,48.836735,D,S,78764.000000
Wed Jul 30 14:12:36 2025,30-Jul-2025,171239,46 48.110600 N,062 30.256700 W,5.2,99.8,A,Primary,Headline,48.836735,D,S,78764.000000
Wed Jul 30 14:12:36 2025,30-Jul-2025,171240,46 48.110300 N,062 30.254700 W,5.2,99.7,A,Primary,Headline,48.836735,D,S,78764.000000
Wed Jul 30 14:12:39 2025,30-Jul-2025,171241,46 48.109900 N,062 30.252500 W,5.2,99.8,A,Depth,Depth,19.074074,D,P,75068.000000
Wed Jul 30 14:12:40 2025,30-Jul-2025,171242,46 48.109600 N,062 30.250400 W,5.2,99.8,A,DoorSpread,DoorMaster,5.190000,D,S,92625.000000
Wed Jul 30 14:12:42 2025,30-Jul-2025,171243,46 48.109300 N,062 30.248400 W,5.2,100.0,A,Primary,Headline,15.938776,D,S,131331.000000
Wed Jul 30 14:12:42 2025,30-Jul-2025,171244,46 48.108900 N,062 30.246400 W,5.2,100.0,A,Primary,Headline,15.938776,D,S,131331.000000
Wed Jul 30 14:12:42 2025,30-Jul-2025,171245,46 48.108700 N,062 30.244200 W,5.2,100.0,A,Primary,Headline,15.938776,D,S,131331.000000
Wed Jul 30 14:12:42 2025,30-Jul-2025,171246,46 48.108500 N,062 30.242200 W,5.2,99.9,A,Primary,Headline,15.938776,D,S,131331.000000
Wed Jul 30 14:12:46 2025,30-Jul-2025,171247,46 48.108200 N,062 30.240200 W,5.1,99.9,A,DoorSpread,DoorMaster,4.850000,D,S,143335.000000
Wed Jul 30 14:12:46 2025,30-Jul-2025,171248,46 48.108000 N,062 30.238300 W,5.1,99.9,A,Depth,Depth,20.092593,D,S,55627.000000
Wed Jul 30 14:12:47 2025,30-Jul-2025,171249,46 48.107800 N,062 30.236400 W,5.1,99.8,A,Primary,Headline,39.306122,D,S,61622.000000
Wed Jul 30 14:12:47 2025,30-Jul-2025,171250,46 48.107600 N,062 30.234400 W,5.1,99.9,A,Primary,Headline,39.306122,D,S,61622.000000
Wed Jul 30 14:12:47 2025,30-Jul-2025,171251,46 48.107400 N,062 30.232500 W,5.1,99.9,A,Primary,Headline,39.306122,D,S,61622.000000
Wed Jul 30 14:12:47 2025,30-Jul-2025,171252,46 48.107200 N,062 30.230500 W,5.1,99.9,A,Primary,Headline,39.306122,D,S,61622.000000
Wed Jul 30 14:12:51 2025,30-Jul-2025,171253,46 48.107100 N,062 30.228500 W,5.1,99.8,A,DoorSpread,DoorMaster,4.410000,D,S,154312.000000
Wed Jul 30 14:12:51 2025,30-Jul-2025,171254,46 48.106900 N,062 30.226400 W,5.1,99.6,A,DoorSpread,DoorMaster,4.410000,D,S,154312.000000
Wed Jul 30 14:12:53 2025,30-Jul-2025,171255,46 48.106700 N,062 30.224400 W,5.1,99.5,A,Depth,Depth,20.092593,D,P,140490.000000
Wed Jul 30 14:12:53 2025,30-Jul-2025,171256,46 48.106400 N,062 30.222400 W,5.1,99.4,A,Depth,Depth,20.092593,D,P,140490.000000
Wed Jul 30 14:12:53 2025,30-Jul-2025,171257,46 48.106100 N,062 30.220400 W,5.1,99.4,A,Depth,Depth,20.092593,D,P,140490.000000
Wed Jul 30 14:12:57 2025,30-Jul-2025,171258,46 48.105900 N,062 30.218300 W,5.2,99.3,A,DoorSpread,DoorMaster,4.805000,D,S,118363.000000
Wed Jul 30 14:12:57 2025,30-Jul-2025,171259,46 48.105600 N,062 30.216300 W,5.1,99.3,A,DoorSpread,DoorMaster,4.805000,D,S,118363.000000
Wed Jul 30 14:12:57 2025,30-Jul-2025,171300,46 48.105300 N,062 30.214400 W,5.1,99.2,A,DoorSpread,DoorMaster,4.805000,D,S,118363.000000
Wed Jul 30 14:12:57 2025,30-Jul-2025,171301,46 48.105100 N,062 30.212600 W,5.1,99.1,A,DoorSpread,DoorMaster,4.805000,D,S,118363.000000
Wed Jul 30 14:13:00 2025,30-Jul-2025,171302,46 48.104900 N,062 30.210700 W,5.1,99.1,A,Depth,Depth,21.388889,D,S,47590.000000
Wed Jul 30 14:13:00 2025,30-Jul-2025,171303,46 48.104700 N,062 30.208800 W,5.1,99.0,A,Depth,Depth,21.388889,D,S,47590.000000
Wed Jul 30 14:13:02 2025,30-Jul-2025,171304,46 48.104500 N,062 30.206900 W,5.1,99.0,A,DoorSpread,DoorMaster,4.825000,D,S,109217.000000
Wed Jul 30 14:13:02 2025,30-Jul-2025,171305,46 48.104200 N,062 30.204900 W,5.1,99.0,A,DoorSpread,DoorMaster,4.825000,D,S,109217.000000
Wed Jul 30 14:13:04 2025,30-Jul-2025,171306,46 48.104000 N,062 30.202900 W,5.1,98.9,A,Primary,Headline,49.530612,D,P,164600.000000
Wed Jul 30 14:13:04 2025,30-Jul-2025,171307,46 48.103900 N,062 30.200900 W,5.1,98.8,A,Primary,Headline,49.530612,D,P,164600.000000
Wed Jul 30 14:13:04 2025,30-Jul-2025,171308,46 48.103800 N,062 30.198900 W,5.1,98.8,A,Primary,Headline,49.530612,D,P,164600.000000
Wed Jul 30 14:13:08 2025,30-Jul-2025,171309,46 48.103600 N,062 30.196800 W,5.1,98.8,A,DoorSpread,DoorMaster,5.095000,D,S,144602.000000
Wed Jul 30 14:13:08 2025,30-Jul-2025,171310,46 48.103400 N,062 30.194900 W,5.1,99.0,A,DoorSpread,DoorMaster,5.095000,D,S,144602.000000
Wed Jul 30 14:13:08 2025,30-Jul-2025,171311,46 48.103100 N,062 30.192800 W,5.1,99.2,A,DoorSpread,DoorMaster,5.095000,D,S,144602.000000
Wed Jul 30 14:13:10 2025,30-Jul-2025,171312,46 48.102900 N,062 30.190700 W,5.1,99.2,A,Primary,Headline,54.938776,D,S,50631.000000
Wed Jul 30 14:13:10 2025,30-Jul-2025,171313,46 48.102600 N,062 30.188600 W,5.1,99.3,A,Primary,Headline,54.938776,D,S,50631.000000
Wed Jul 30 14:13:10 2025,30-Jul-2025,171314,46 48.102400 N,062 30.186600 W,5.1,99.4,A,Primary,Headline,54.938776,D,S,50631.000000
Wed Jul 30 14:13:13 2025,30-Jul-2025,171315,46 48.102000 N,062 30.184500 W,5.1,99.6,A,DoorSpread,DoorMaster,4.515000,D,S,73208.000000
Wed Jul 30 14:13:15 2025,30-Jul-2025,171316,46 48.101700 N,062 30.182500 W,5.0,99.6,A,Depth,Depth,25.092593,D,S,64658.000000
Wed Jul 30 14:13:15 2025,30-Jul-2025,171317,46 48.101500 N,062 30.180500 W,5.0,99.6,A,Primary,Headline,14.897959,D,S,78404.000000
Wed Jul 30 14:13:15 2025,30-Jul-2025,171318,46 48.101300 N,062 30.178500 W,5.0,99.7,A,Primary,Headline,14.897959,D,S,78404.000000
Wed Jul 30 14:13:15 2025,30-Jul-2025,171319,46 48.101000 N,062 30.176500 W,5.0,99.8,A,Primary,Headline,14.897959,D,S,78404.000000
Wed Jul 30 14:13:19 2025,30-Jul-2025,171320,46 48.100700 N,062 30.174500 W,5.0,99.8,A,DoorSpread,DoorMaster,4.950000,D,S,115176.000000
Wed Jul 30 14:13:19 2025,30-Jul-2025,171321,46 48.100400 N,062 30.172400 W,5.1,99.9,A,DoorSpread,DoorMaster,4.950000,D,S,115176.000000
Wed Jul 30 14:13:21 2025,30-Jul-2025,171322,46 48.100100 N,062 30.170300 W,5.1,99.9,A,Primary,Headline,21.653061,D,S,43871.000000
Wed Jul 30 14:13:22 2025,30-Jul-2025,171323,46 48.099900 N,062 30.168200 W,5.0,99.6,A,Depth,Depth,22.685185,D,S,63609.000000
Wed Jul 30 14:13:22 2025,30-Jul-2025,171324,46 48.099800 N,062 30.166200 W,5.0,99.4,A,Depth,Depth,22.685185,D,S,63609.000000
Wed Jul 30 14:13:22 2025,30-Jul-2025,171325,46 48.099500 N,062 30.164300 W,5.0,99.4,A,Depth,Depth,22.685185,D,S,63609.000000
Wed Jul 30 14:13:24 2025,30-Jul-2025,171326,46 48.099100 N,062 30.162400 W,5.0,99.5,A,DoorSpread,DoorMaster,4.850000,D,S,96656.000000
Wed Jul 30 14:13:24 2025,30-Jul-2025,171327,46 48.098800 N,062 30.160500 W,5.0,99.3,A,DoorSpread,DoorMaster,4.850000,D,S,96656.000000
Wed Jul 30 14:13:26 2025,30-Jul-2025,171328,46 48.098400 N,062 30.158600 W,5.0,99.2,A,Primary,Headline,23.183673,D,S,54659.000000
Wed Jul 30 14:13:26 2025,30-Jul-2025,171329,46 48.098200 N,062 30.156700 W,5.0,99.2,A,Primary,Headline,23.183673,D,S,54659.000000
Wed Jul 30 14:13:29 2025,30-Jul-2025,171330,46 48.097900 N,062 30.154800 W,5.0,99.1,A,Depth,Depth,26.388889,D,S,34753.000000
Wed Jul 30 14:13:30 2025,30-Jul-2025,171331,46 48.097600 N,062 30.152800 W,5.0,99.2,A,DoorSpread,DoorMaster,5.065000,D,P,100720.000000
Wed Jul 30 14:13:30 2025,30-Jul-2025,171332,46 48.097300 N,062 30.150700 W,5.1,99.1,A,DoorSpread,DoorMaster,5.065000,D,P,100720.000000
Wed Jul 30 14:13:30 2025,30-Jul-2025,171333,46 48.097100 N,062 30.148500 W,5.1,98.9,A,DoorSpread,DoorMaster,5.065000,D,P,100720.000000
Wed Jul 30 14:13:32 2025,30-Jul-2025,171334,46 48.096800 N,062 30.146600 W,5.0,98.9,A,Primary,Headline,48.714286,D,S,36530.000000
Wed Jul 30 14:13:32 2025,30-Jul-2025,171335,46 48.096500 N,062 30.144700 W,4.9,99.3,A,Primary,Headline,48.714286,D,S,36530.000000
Wed Jul 30 14:13:32 2025,30-Jul-2025,171336,46 48.096200 N,062 30.142900 W,4.9,99.7,A,Primary,Headline,48.714286,D,S,36530.000000
Wed Jul 30 14:13:35 2025,30-Jul-2025,171337,46 48.095900 N,062 30.141100 W,4.9,99.9,A,DoorSpread,DoorMaster,5.245000,D,S,103384.000000
Wed Jul 30 14:13:36 2025,30-Jul-2025,171338,46 48.095700 N,062 30.139300 W,4.9,99.9,A,Depth,Depth,27.500000,D,S,51979.000000
Wed Jul 30 14:13:38 2025,30-Jul-2025,171339,46 48.095500 N,062 30.137500 W,4.9,100.0,A,Primary,Headline,47.204082,D,S,65733.000000
Wed Jul 30 14:13:38 2025,30-Jul-2025,171340,46 48.095100 N,062 30.135600 W,4.9,100.2,A,Primary,Headline,47.204082,D,S,65733.000000
Wed Jul 30 14:13:38 2025,30-Jul-2025,171341,46 48.094700 N,062 30.133700 W,4.9,100.7,A,Primary,Headline,47.204082,D,S,65733.000000
Wed Jul 30 14:13:41 2025,30-Jul-2025,171342,46 48.094300 N,062 30.131700 W,4.9,100.7,A,DoorSpread,DoorMaster,5.045000,D,P,74535.000000
Wed Jul 30 14:13:41 2025,30-Jul-2025,171343,46 48.094000 N,062 30.129700 W,4.9,100.5,A,DoorSpread,DoorMaster,5.045000,D,P,74535.000000
Wed Jul 30 14:13:41 2025,30-Jul-2025,171344,46 48.093800 N,062 30.127800 W,4.9,100.3,A,DoorSpread,DoorMaster,5.045000,D,P,74535.000000
Wed Jul 30 14:13:43 2025,30-Jul-2025,171345,46 48.093600 N,062 30.125800 W,4.9,100.1,A,Primary,Headline,43.224490,D,S,58595.000000
Wed Jul 30 14:13:43 2025,30-Jul-2025,171346,46 48.093400 N,062 30.123800 W,4.9,100.2,A,Primary,Headline,43.224490,D,S,58595.000000
Wed Jul 30 14:13:43 2025,30-Jul-2025,171347,46 48.093100 N,062 30.121800 W,4.9,100.2,A,Primary,Headline,43.224490,D,S,58595.000000
Wed Jul 30 14:13:46 2025,30-Jul-2025,171348,46 48.092800 N,062 30.119900 W,4.8,100.3,A,DoorSpread,DoorMaster,5.325000,D,P,105602.000000
Wed Jul 30 14:13:46 2025,30-Jul-2025,171349,46 48.092500 N,062 30.118000 W,4.8,100.6,A,DoorSpread,DoorMaster,5.325000,D,P,105602.000000
Wed Jul 30 14:13:46 2025,30-Jul-2025,171350,46 48.092200 N,062 30.116000 W,4.8,100.9,A,DoorSpread,DoorMaster,5.325000,D,P,105602.000000
Wed Jul 30 14:13:49 2025,30-Jul-2025,171351,46 48.092000 N,062 30.114100 W,4.8,100.7,A,Primary,Headline,39.816327,D,P,197146.000000
Wed Jul 30 14:13:50 2025,30-Jul-2025,171352,46 48.091900 N,062 30.112300 W,4.8,100.2,A,Depth,Depth,30.185185,D,S,66554.000000
Wed Jul 30 14:13:52 2025,30-Jul-2025,171353,46 48.091800 N,062 30.110400 W,4.8,100.0,A,DoorSpread,DoorMaster,5.805000,D,P,95928.000000
Wed Jul 30 14:13:52 2025,30-Jul-2025,171354,46 48.091500 N,062 30.108600 W,4.8,100.0,A,DoorSpread,DoorMaster,5.805000,D,P,95928.000000
Wed Jul 30 14:13:52 2025,30-Jul-2025,171355,46 48.091200 N,062 30.106700 W,4.8,100.3,A,DoorSpread,DoorMaster,5.805000,D,P,95928.000000
Wed Jul 30 14:13:55 2025,30-Jul-2025,171356,46 48.091000 N,062 30.104900 W,4.8,100.4,A,Primary,Headline,38.795918,D,S,105968.000000
Wed Jul 30 14:13:55 2025,30-Jul-2025,171357,46 48.090800 N,062 30.103000 W,4.8,100.1,A,Primary,Headline,38.795918,D,S,105968.000000
Wed Jul 30 14:13:55 2025,30-Jul-2025,171358,46 48.090700 N,062 30.101100 W,4.8,99.8,A,Primary,Headline,38.795918,D,S,105968.000000
Wed Jul 30 14:13:57 2025,30-Jul-2025,171359,46 48.090500 N,062 30.099200 W,4.8,99.6,A,DoorSpread,DoorMaster,5.165000,D,S,87938.000000
Wed Jul 30 14:13:57 2025,30-Jul-2025,171400,46 48.090300 N,062 30.097300 W,4.8,99.8,A,DoorSpread,DoorMaster,5.165000,D,S,87938.000000
Wed Jul 30 14:13:57 2025,30-Jul-2025,171401,46 48.090000 N,062 30.095400 W,4.8,100.3,A,DoorSpread,DoorMaster,5.165000,D,S,87938.000000
Wed Jul 30 14:14:00 2025,30-Jul-2025,171402,46 48.089700 N,062 30.093400 W,4.8,100.3,A,Primary,Headline,37.857143,D,S,72148.000000
Wed Jul 30 14:14:00 2025,30-Jul-2025,171403,46 48.089600 N,062 30.091500 W,4.8,99.7,A,Primary,Headline,37.857143,D,S,72148.000000
Wed Jul 30 14:14:00 2025,30-Jul-2025,171404,46 48.089600 N,062 30.089400 W,4.9,99.0,A,Primary,Headline,37.857143,D,S,72148.000000
Wed Jul 30 14:14:03 2025,30-Jul-2025,171405,46 48.089400 N,062 30.087300 W,4.8,99.1,A,DoorSpread,DoorMaster,5.535000,D,S,55352.000000
Wed Jul 30 14:14:04 2025,30-Jul-2025,171406,46 48.089200 N,062 30.085400 W,4.9,99.3,A,Depth,Depth,40.092593,D,S,50743.000000
Wed Jul 30 14:14:04 2025,30-Jul-2025,171407,46 48.089100 N,062 30.083600 W,4.8,99.3,A,Depth,Depth,40.092593,D,S,50743.000000
Wed Jul 30 14:14:06 2025,30-Jul-2025,171408,46 48.088900 N,062 30.081700 W,4.8,99.2,A,Primary,Headline,38.061224,D,P,107812.000000
Wed Jul 30 14:14:06 2025,30-Jul-2025,171409,46 48.088800 N,062 30.079700 W,4.8,98.8,A,Primary,Headline,38.061224,D,P,107812.000000
Wed Jul 30 14:14:08 2025,30-Jul-2025,171410,46 48.088600 N,062 30.077800 W,4.8,98.9,A,DoorSpread,DoorMaster,5.585000,D,S,55340.000000
Wed Jul 30 14:14:08 2025,30-Jul-2025,171411,46 48.088300 N,062 30.075900 W,4.8,99.1,A,DoorSpread,DoorMaster,5.585000,D,S,55340.000000
Wed Jul 30 14:14:08 2025,30-Jul-2025,171412,46 48.088000 N,062 30.074100 W,4.8,99.4,A,DoorSpread,DoorMaster,5.585000,D,S,55340.000000
Wed Jul 30 14:14:12 2025,30-Jul-2025,171413,46 48.087800 N,062 30.072200 W,4.8,98.9,A,Primary,Headline,36.530612,D,P,89916.000000
Wed Jul 30 14:14:12 2025,30-Jul-2025,171414,46 48.087600 N,062 30.070300 W,4.8,98.7,A,Primary,Headline,36.530612,D,P,89916.000000
Wed Jul 30 14:14:12 2025,30-Jul-2025,171415,46 48.087100 N,062 30.068400 W,4.8,98.9,A,Primary,Headline,36.530612,D,P,89916.000000
Wed Jul 30 14:14:14 2025,30-Jul-2025,171416,46 48.086800 N,062 30.066500 W,4.8,99.3,A,DoorSpread,DoorMaster,5.520000,D,S,66111.000000
Wed Jul 30 14:14:14 2025,30-Jul-2025,171417,46 48.086500 N,062 30.064600 W,4.8,99.5,A,DoorSpread,DoorMaster,5.520000,D,S,66111.000000
Wed Jul 30 14:14:14 2025,30-Jul-2025,171418,46 48.086300 N,062 30.062700 W,4.8,99.4,A,DoorSpread,DoorMaster,5.520000,D,S,66111.000000
Wed Jul 30 14:14:17 2025,30-Jul-2025,171419,46 48.086100 N,062 30.060800 W,4.8,99.6,A,Primary,Headline,32.285714,D,S,66406.000000
Wed Jul 30 14:14:19 2025,30-Jul-2025,171420,46 48.085900 N,062 30.059000 W,4.8,99.9,A,Depth,Depth,33.518519,D,P,60763.000000
Wed Jul 30 14:14:19 2025,30-Jul-2025,171421,46 48.085600 N,062 30.057100 W,4.8,100.2,A,DoorSpread,DoorMaster,5.490000,D,S,163411.000000
Wed Jul 30 14:14:19 2025,30-Jul-2025,171422,46 48.085400 N,062 30.055200 W,4.7,100.1,A,DoorSpread,DoorMaster,5.490000,D,S,163411.000000
Wed Jul 30 14:14:19 2025,30-Jul-2025,171423,46 48.085200 N,062 30.053400 W,4.7,100.2,A,DoorSpread,DoorMaster,5.490000,D,S,163411.000000
Wed Jul 30 14:14:23 2025,30-Jul-2025,171424,46 48.084900 N,062 30.051500 W,4.7,100.4,A,Primary,Headline,34.224490,D,S,46218.000000
Wed Jul 30 14:14:23 2025,30-Jul-2025,171425,46 48.084600 N,062 30.049700 W,4.7,100.4,A,Primary,Headline,34.224490,D,S,46218.000000
Wed Jul 30 14:14:23 2025,30-Jul-2025,171426,46 48.084400 N,062 30.047800 W,4.7,100.5,A,Primary,Headline,34.224490,D,S,46218.000000
Wed Jul 30 14:14:26 2025,30-Jul-2025,171427,46 48.084100 N,062 30.045900 W,4.7,100.4,A,Depth,Depth,38.611111,D,S,26754.000000
Wed Jul 30 14:14:26 2025,30-Jul-2025,171428,46 48.084000 N,062 30.044200 W,4.6,100.3,A,Depth,Depth,38.611111,D,S,26754.000000
Wed Jul 30 14:14:26 2025,30-Jul-2025,171429,46 48.083900 N,062 30.042500 W,4.6,99.9,A,Depth,Depth,38.611111,D,S,26754.000000
Wed Jul 30 14:14:28 2025,30-Jul-2025,171430,46 48.083700 N,062 30.040800 W,4.6,100.3,A,Primary,Headline,33.489796,D,P,56354.000000
Wed Jul 30 14:14:28 2025,30-Jul-2025,171431,46 48.083500 N,062 30.039100 W,4.6,100.5,A,Primary,Headline,33.489796,D,P,56354.000000
Wed Jul 30 14:14:31 2025,30-Jul-2025,171432,46 48.083300 N,062 30.037300 W,4.6,100.5,A,DoorSpread,DoorMaster,5.750000,D,S,103793.000000
Wed Jul 30 14:14:31 2025,30-Jul-2025,171433,46 48.083100 N,062 30.035600 W,4.6,100.8,A,DoorSpread,DoorMaster,5.750000,D,S,103793.000000
Wed Jul 30 14:14:33 2025,30-Jul-2025,171434,46 48.082800 N,062 30.033700 W,4.6,100.9,A,Depth,Depth,40.092593,D,S,26937.000000
Wed Jul 30 14:14:34 2025,30-Jul-2025,171435,46 48.082500 N,062 30.031800 W,4.7,100.6,A,Primary,Headline,30.693878,D,S,68002.000000
Wed Jul 30 14:14:34 2025,30-Jul-2025,171436,46 48.082300 N,062 30.029800 W,4.7,100.4,A,Primary,Headline,30.693878,D,S,68002.000000
Wed Jul 30 14:14:34 2025,30-Jul-2025,171437,46 48.082000 N,062 30.027900 W,4.7,100.5,A,Primary,Headline,30.693878,D,S,68002.000000
Wed Jul 30 14:14:36 2025,30-Jul-2025,171438,46 48.081700 N,062 30.026000 W,4.7,100.6,A,DoorSpread,DoorMaster,5.885000,D,P,181035.000000
Wed Jul 30 14:14:36 2025,30-Jul-2025,171439,46 48.081500 N,062 30.024100 W,4.6,100.2,A,DoorSpread,DoorMaster,5.885000,D,P,181035.000000
Wed Jul 30 14:14:36 2025,30-Jul-2025,171440,46 48.081300 N,062 30.022300 W,4.7,100.0,A,DoorSpread,DoorMaster,5.885000,D,P,181035.000000
Wed Jul 30 14:14:39 2025,30-Jul-2025,171441,46 48.081100 N,062 30.020600 W,4.6,100.2,A,Primary,Headline,29.816327,D,S,59668.000000
Wed Jul 30 14:14:40 2025,30-Jul-2025,171442,46 48.080800 N,062 30.018800 W,4.6,100.4,A,Depth,Depth,56.944444,D,P,49357.000000
Wed Jul 30 14:14:42 2025,30-Jul-2025,171443,46 48.080600 N,062 30.016900 W,4.6,100.5,A,DoorSpread,DoorMaster,6.015000,D,S,34610.000000
Wed Jul 30 14:14:42 2025,30-Jul-2025,171444,46 48.080400 N,062 30.015100 W,4.7,100.3,A,DoorSpread,DoorMaster,6.015000,D,S,34610.000000
Wed Jul 30 14:14:42 2025,30-Jul-2025,171445,46 48.080200 N,062 30.013200 W,4.7,99.9,A,DoorSpread,DoorMaster,6.015000,D,S,34610.000000
Wed Jul 30 14:14:45 2025,30-Jul-2025,171446,46 48.080000 N,062 30.011400 W,4.7,99.7,A,Primary,Headline,28.489796,D,P,52867.000000
Wed Jul 30 14:14:45 2025,30-Jul-2025,171447,46 48.079700 N,062 30.009500 W,4.7,99.5,A,Primary,Headline,28.489796,D,P,52867.000000
Wed Jul 30 14:14:45 2025,30-Jul-2025,171448,46 48.079500 N,062 30.007800 W,4.7,99.2,A,Primary,Headline,28.489796,D,P,52867.000000
Wed Jul 30 14:14:47 2025,30-Jul-2025,171449,46 48.079400 N,062 30.006100 W,4.7,99.0,A,DoorSpread,DoorMaster,8.330000,D,S,38742.000000
Wed Jul 30 14:14:47 2025,30-Jul-2025,171450,46 48.079200 N,062 30.004300 W,4.7,99.1,A,DoorSpread,DoorMaster,8.330000,D,S,38742.000000
Wed Jul 30 14:14:47 2025,30-Jul-2025,171451,46 48.079000 N,062 30.002400 W,4.7,98.9,A,DoorSpread,DoorMaster,8.330000,D,S,38742.000000
Wed Jul 30 14:14:50 2025,30-Jul-2025,171452,46 48.078900 N,062 30.000500 W,4.7,98.9,A,Primary,Headline,26.673469,D,P,38001.000000
Wed Jul 30 14:14:50 2025,30-Jul-2025,171453,46 48.078600 N,062 29.998500 W,4.7,99.0,A,Primary,Headline,26.673469,D,P,38001.000000
Wed Jul 30 14:14:50 2025,30-Jul-2025,171454,46 48.078400 N,062 29.996500 W,4.7,98.8,A,Primary,Headline,26.673469,D,P,38001.000000
Wed Jul 30 14:14:53 2025,30-Jul-2025,171455,46 48.078100 N,062 29.994500 W,4.7,98.5,A,DoorSpread,DoorMaster,6.050000,D,S,121561.000000
Wed Jul 30 14:14:54 2025,30-Jul-2025,171456,46 48.077700 N,062 29.992500 W,4.7,98.4,A,Depth,Depth,45.000000,D,S,54906.000000
Wed Jul 30 14:14:56 2025,30-Jul-2025,171457,46 48.077400 N,062 29.990500 W,4.7,98.4,A,Primary,Headline,25.612245,D,S,69263.000000
Wed Jul 30 14:14:56 2025,30-Jul-2025,171458,46 48.077100 N,062 29.988600 W,4.7,98.4,A,Primary,Headline,25.612245,D,S,69263.000000
Wed Jul 30 14:14:56 2025,30-Jul-2025,171459,46 48.076800 N,062 29.986600 W,4.7,98.5,A,Primary,Headline,25.612245,D,S,69263.000000
Wed Jul 30 14:14:59 2025,30-Jul-2025,171500,46 48.076500 N,062 29.984700 W,4.7,99.1,A,DoorSpread,DoorMaster,5.945000,D,P,163114.000000
Wed Jul 30 14:14:59 2025,30-Jul-2025,171501,46 48.076200 N,062 29.982800 W,4.7,99.2,A,DoorSpread,DoorMaster,5.945000,D,P,163114.000000
Wed Jul 30 14:15:01 2025,30-Jul-2025,171502,46 48.076000 N,062 29.980900 W,4.7,99.1,A,Primary,Headline,24.081633,D,S,54736.000000
Wed Jul 30 14:15:02 2025,30-Jul-2025,171503,46 48.075800 N,062 29.978900 W,4.7,99.0,A,Depth,Depth,46.388889,D,S,64322.000000
Wed Jul 30 14:15:02 2025,30-Jul-2025,171504,46 48.075500 N,062 29.977100 W,4.7,99.0,A,Depth,Depth,46.388889,D,S,64322.000000
Wed Jul 30 14:15:02 2025,30-Jul-2025,171505,46 48.075300 N,062 29.975200 W,4.7,98.9,A,Depth,Depth,46.388889,D,S,64322.000000
Wed Jul 30 14:15:04 2025,30-Jul-2025,171506,46 48.075000 N,062 29.973400 W,4.7,99.0,A,DoorSpread,DoorMaster,5.915000,D,S,128449.000000
Wed Jul 30 14:15:04 2025,30-Jul-2025,171507,46 48.074800 N,062 29.971600 W,4.7,99.1,A,DoorSpread,DoorMaster,5.915000,D,S,128449.000000
Wed Jul 30 14:15:06 2025,30-Jul-2025,171508,46 48.074600 N,062 29.969800 W,4.7,99.1,A,Primary,Headline,24.102041,D,S,68632.000000
Wed Jul 30 14:15:06 2025,30-Jul-2025,171509,46 48.074400 N,062 29.968000 W,4.7,99.0,A,Primary,Headline,24.102041,D,S,68632.000000
Wed Jul 30 14:15:09 2025,30-Jul-2025,171510,46 48.074200 N,062 29.966200 W,4.7,99.2,A,Depth,Depth,48.425926,D,S,65985.000000
Wed Jul 30 14:15:10 2025,30-Jul-2025,171511,46 48.074000 N,062 29.964200 W,4.7,99.3,A,DoorSpread,DoorMaster,5.805000,D,S,88479.000000
Wed Jul 30 14:15:10 2025,30-Jul-2025,171512,46 48.073900 N,062 29.962300 W,4.7,99.3,A,DoorSpread,DoorMaster,5.805000,D,S,88479.000000
Wed Jul 30 14:15:12 2025,30-Jul-2025,171513,46 48.073700 N,062 29.960400 W,4.7,99.4,A,Primary,Headline,23.877551,D,S,38526.000000
Wed Jul 30 14:15:12 2025,30-Jul-2025,171514,46 48.073600 N,062 29.958500 W,4.7,99.2,A,Primary,Headline,23.877551,D,S,38526.000000
Wed Jul 30 14:15:12 2025,30-Jul-2025,171515,46 48.073500 N,062 29.956600 W,4.7,99.1,A,Primary,Headline,23.877551,D,S,38526.000000
Wed Jul 30 14:15:12 2025,30-Jul-2025,171516,46 48.073300 N,062 29.954700 W,4.7,99.2,A,Primary,Headline,23.877551,D,S,38526.000000
Wed Jul 30 14:15:15 2025,30-Jul-2025,171517,46 48.073000 N,062 29.952700 W,4.7,99.3,A,DoorSpread,DoorMaster,5.610000,D,P,59272.000000
Wed Jul 30 14:15:16 2025,30-Jul-2025,171518,46 48.072800 N,062 29.950800 W,4.7,99.3,A,Depth,Depth,50.740741,D,S,36727.000000
Wed Jul 30 14:15:17 2025,30-Jul-2025,171519,46 48.072500 N,062 29.948900 W,4.7,99.5,A,Primary,Headline,21.448980,D,S,67174.000000
Wed Jul 30 14:15:17 2025,30-Jul-2025,171520,46 48.072200 N,062 29.947000 W,4.7,99.5,A,Primary,Headline,21.448980,D,S,67174.000000
Wed Jul 30 14:15:17 2025,30-Jul-2025,171521,46 48.072000 N,062 29.945100 W,4.6,99.3,A,Primary,Headline,21.448980,D,S,67174.000000
Wed Jul 30 14:15:17 2025,30-Jul-2025,171522,46 48.071900 N,062 29.943400 W,4.5,99.0,A,Primary,Headline,21.448980,D,S,67174.000000
Wed Jul 30 14:15:21 2025,30-Jul-2025,171523,46 48.071700 N,062 29.941800 W,4.4,99.3,A,DoorSpread,DoorMaster,5.725000,D,S,30740.000000
Wed Jul 30 14:15:22 2025,30-Jul-2025,171524,46 48.071500 N,062 29.940200 W,4.3,99.5,A,Primary,Headline,19.734694,D,P,55375.000000
Wed Jul 30 14:15:23 2025,30-Jul-2025,171525,46 48.071400 N,062 29.938800 W,4.1,99.5,A,Depth,Depth,53.240741,D,S,68178.000000
Wed Jul 30 14:15:23 2025,30-Jul-2025,171526,46 48.071400 N,062 29.937500 W,4.0,99.5,A,Depth,Depth,53.240741,D,S,68178.000000
Wed Jul 30 14:15:23 2025,30-Jul-2025,171527,46 48.071200 N,062 29.936400 W,3.9,99.7,A,Depth,Depth,53.240741,D,S,68178.000000
Wed Jul 30 14:15:26 2025,30-Jul-2025,171528,46 48.071000 N,062 29.935300 W,3.7,100.3,A,DoorSpread,DoorMaster,6.080000,D,S,88207.000000
Wed Jul 30 14:15:28 2025,30-Jul-2025,171529,46 48.070700 N,062 29.934200 W,3.6,100.6,A,Primary,Headline,17.734694,D,S,51222.000000
Wed Jul 30 14:15:28 2025,30-Jul-2025,171530,46 48.070600 N,062 29.933100 W,3.5,100.7,A,Primary,Headline,17.734694,D,S,51222.000000
Wed Jul 30 14:15:28 2025,30-Jul-2025,171531,46 48.070400 N,062 29.932000 W,3.4,100.7,A,Primary,Headline,17.734694,D,S,51222.000000
Wed Jul 30 14:15:30 2025,30-Jul-2025,171532,46 48.070300 N,062 29.930900 W,3.3,100.8,A,Depth,Depth,54.351852,D,S,58063.000000
Wed Jul 30 14:15:30 2025,30-Jul-2025,171533,46 48.070100 N,062 29.929800 W,3.1,101.1,A,Depth,Depth,54.351852,D,S,58063.000000
Wed Jul 30 14:15:32 2025,30-Jul-2025,171534,46 48.069900 N,062 29.929000 W,3.0,101.3,A,DoorSpread,DoorMaster,5.775000,D,P,100741.000000
Wed Jul 30 14:15:33 2025,30-Jul-2025,171535,46 48.069800 N,062 29.928100 W,2.9,101.4,A,Primary,Headline,16.244898,D,P,51831.000000
Wed Jul 30 14:15:33 2025,30-Jul-2025,171536,46 48.069700 N,062 29.927200 W,2.9,101.3,A,Primary,Headline,16.244898,D,P,51831.000000
Wed Jul 30 14:15:33 2025,30-Jul-2025,171537,46 48.069600 N,062 29.926200 W,2.9,101.3,A,Primary,Headline,16.244898,D,P,51831.000000
Wed Jul 30 14:15:33 2025,30-Jul-2025,171538,46 48.069400 N,062 29.925200 W,2.8,101.6,A,Primary,Headline,16.244898,D,P,51831.000000
Wed Jul 30 14:15:38 2025,30-Jul-2025,171539,46 48.069200 N,062 29.924400 W,2.7,101.9,A,DoorSpread,DoorMaster,6.220000,D,P,128623.000000
Wed Jul 30 14:15:38 2025,30-Jul-2025,171540,46 48.069000 N,062 29.923500 W,2.7,102.2,A,Primary,Headline,15.244898,D,S,143666.000000
Wed Jul 30 14:15:38 2025,30-Jul-2025,171541,46 48.068900 N,062 29.922400 W,2.7,102.4,A,Primary,Headline,15.244898,D,S,143666.000000
Wed Jul 30 14:15:38 2025,30-Jul-2025,171542,46 48.068700 N,062 29.921400 W,2.6,102.7,A,Primary,Headline,15.244898,D,S,143666.000000
Wed Jul 30 14:15:38 2025,30-Jul-2025,171543,46 48.068500 N,062 29.920600 W,2.6,103.4,A,Primary,Headline,15.244898,D,S,143666.000000
Wed Jul 30 14:15:38 2025,30-Jul-2025,171544,46 48.068100 N,062 29.919800 W,2.5,104.1,A,Primary,Headline,15.244898,D,S,143666.000000
Wed Jul 30 14:15:44 2025,30-Jul-2025,171545,46 48.068000 N,062 29.919000 W,2.5,104.2,A,Primary,Headline,14.224490,D,P,77996.000000
Wed Jul 30 14:15:45 2025,30-Jul-2025,171546,46 48.067900 N,062 29.918200 W,2.4,104.4,A,Depth,Depth,56.018519,D,P,145704.000000
Wed Jul 30 14:15:45 2025,30-Jul-2025,171547,46 48.067700 N,062 29.917400 W,2.4,105.0,A,Depth,Depth,56.018519,D,S,137111.000000
Wed Jul 30 14:15:45 2025,30-Jul-2025,171548,46 48.067400 N,062 29.916600 W,2.4,105.7,A,Depth,Depth,56.018519,D,S,137111.000000
Wed Jul 30 14:15:45 2025,30-Jul-2025,171549,46 48.067300 N,062 29.915800 W,2.4,105.7,A,Depth,Depth,56.018519,D,S,137111.000000
Wed Jul 30 14:15:49 2025,30-Jul-2025,171550,46 48.067200 N,062 29.914900 W,2.4,105.4,A,DoorSpread,DoorMaster,6.580000,D,P,122749.000000
Wed Jul 30 14:15:49 2025,30-Jul-2025,171551,46 48.067100 N,062 29.914100 W,2.3,105.3,A,DoorSpread,DoorMaster,6.580000,D,P,122749.000000
Wed Jul 30 14:15:49 2025,30-Jul-2025,171552,46 48.066900 N,062 29.913400 W,2.3,105.1,A,DoorSpread,DoorMaster,6.580000,D,P,122749.000000
Wed Jul 30 14:15:52 2025,30-Jul-2025,171553,46 48.066700 N,062 29.912600 W,2.3,105.0,A,Depth,Depth,57.037037,D,S,163025.000000
Wed Jul 30 14:15:52 2025,30-Jul-2025,171554,46 48.066600 N,062 29.911900 W,2.3,105.1,A,Depth,Depth,57.037037,D,S,163025.000000
Wed Jul 30 14:15:54 2025,30-Jul-2025,171555,46 48.066400 N,062 29.911100 W,2.2,105.4,A,Primary,Headline,11.326531,D,S,137408.000000
Wed Jul 30 14:15:54 2025,30-Jul-2025,171556,46 48.066300 N,062 29.910500 W,2.2,105.6,A,DoorSpread,DoorMaster,5.380000,D,P,153508.000000
Wed Jul 30 14:15:54 2025,30-Jul-2025,171557,46 48.066200 N,062 29.909800 W,2.2,106.0,A,DoorSpread,DoorMaster,5.380000,D,P,153508.000000
Wed Jul 30 14:15:54 2025,30-Jul-2025,171558,46 48.066000 N,062 29.908900 W,2.1,106.3,A,DoorSpread,DoorMaster,5.380000,D,P,153508.000000
Wed Jul 30 14:15:54 2025,30-Jul-2025,171559,46 48.065800 N,062 29.908100 W,2.1,106.4,A,DoorSpread,DoorMaster,5.380000,D,P,153508.000000
Wed Jul 30 14:15:54 2025,30-Jul-2025,171600,46 48.065600 N,062 29.907300 W,2.1,106.8,A,DoorSpread,DoorMaster,5.380000,D,P,153508.000000
Wed Jul 30 14:16:00 2025,30-Jul-2025,171601,46 48.065300 N,062 29.906600 W,2.1,107.2,A,DoorSpread,DoorMaster,5.530000,D,P,137255.000000
Wed Jul 30 14:16:00 2025,30-Jul-2025,171602,46 48.065000 N,062 29.905900 W,2.1,107.7,A,DoorSpread,DoorMaster,5.540000,D,S,181357.000000
Wed Jul 30 14:16:00 2025,30-Jul-2025,171603,46 48.064800 N,062 29.905200 W,2.1,107.5,A,DoorSpread,DoorMaster,5.540000,D,S,181357.000000
Wed Jul 30 14:16:00 2025,30-Jul-2025,171604,46 48.064700 N,062 29.904500 W,2.0,107.4,A,DoorSpread,DoorMaster,5.540000,D,S,181357.000000
Wed Jul 30 14:16:00 2025,30-Jul-2025,171605,46 48.064500 N,062 29.903800 W,2.0,107.4,A,DoorSpread,DoorMaster,5.540000,D,S,181357.000000
Wed Jul 30 14:16:04 2025,30-Jul-2025,171606,46 48.064200 N,062 29.903000 W,2.0,107.6,A,Primary,Headline,8.428571,D,P,356840.000000
Wed Jul 30 14:16:05 2025,30-Jul-2025,171607,46 48.063900 N,062 29.902300 W,2.0,107.7,A,DoorSpread,DoorMaster,5.385000,D,S,142759.000000
Wed Jul 30 14:16:05 2025,30-Jul-2025,171608,46 48.063700 N,062 29.901400 W,2.0,107.8,A,DoorSpread,DoorMaster,5.385000,D,S,142759.000000
Wed Jul 30 14:16:05 2025,30-Jul-2025,171609,46 48.063400 N,062 29.900600 W,2.0,107.8,A,DoorSpread,DoorMaster,5.385000,D,S,142759.000000
Wed Jul 30 14:16:05 2025,30-Jul-2025,171610,46 48.063100 N,062 29.899800 W,2.0,108.0,A,DoorSpread,DoorMaster,5.385000,D,S,142759.000000
Wed Jul 30 14:16:09 2025,30-Jul-2025,171611,46 48.062800 N,062 29.899000 W,2.0,108.7,A,Primary,Headline,6.632653,D,P,207723.000000
Wed Jul 30 14:16:09 2025,30-Jul-2025,171612,46 48.062500 N,062 29.898100 W,2.1,109.0,A,Primary,Headline,6.632653,D,P,207723.000000
Wed Jul 30 14:16:11 2025,30-Jul-2025,171613,46 48.062300 N,062 29.897200 W,2.1,108.7,A,DoorSpread,DoorMaster,5.270000,D,S,200994.000000
Wed Jul 30 14:16:11 2025,30-Jul-2025,171614,46 48.062300 N,062 29.896300 W,2.1,108.2,A,DoorSpread,DoorMaster,5.270000,D,S,200994.000000
Wed Jul 30 14:16:14 2025,30-Jul-2025,171615,46 48.062200 N,062 29.895500 W,2.1,107.9,A,Depth,Depth,64.629630,D,S,174239.000000
Wed Jul 30 14:16:14 2025,30-Jul-2025,171616,46 48.062000 N,062 29.894700 W,2.2,108.3,A,Primary,Headline,5.408163,D,S,180198.000000
Wed Jul 30 14:16:14 2025,30-Jul-2025,171617,46 48.061700 N,062 29.894000 W,2.2,108.7,A,Primary,Headline,5.408163,D,S,180198.000000
Wed Jul 30 14:16:16 2025,30-Jul-2025,171618,46 48.061500 N,062 29.893200 W,2.2,108.7,A,DoorSpread,DoorMaster,5.440000,D,P,54548.000000
Wed Jul 30 14:16:16 2025,30-Jul-2025,171619,46 48.061200 N,062 29.892300 W,2.2,108.9,A,DoorSpread,DoorMaster,5.440000,D,P,54548.000000
Wed Jul 30 14:16:16 2025,30-Jul-2025,171620,46 48.060900 N,062 29.891300 W,2.3,109.1,A,DoorSpread,DoorMaster,5.440000,D,P,54548.000000
Wed Jul 30 14:16:19 2025,30-Jul-2025,171621,46 48.060500 N,062 29.890400 W,2.2,109.3,A,Primary,Headline,3.775510,D,S,252860.000000
Wed Jul 30 14:16:21 2025,30-Jul-2025,171622,46 48.060200 N,062 29.889500 W,2.2,109.2,A,Depth,Depth,72.037037,D,P,33628.000000
Wed Jul 30 14:16:21 2025,30-Jul-2025,171623,46 48.060000 N,062 29.888500 W,2.3,108.8,A,Depth,Depth,67.314815,D,S,223599.000000
Wed Jul 30 14:16:22 2025,30-Jul-2025,171624,46 48.059800 N,062 29.887500 W,2.3,108.6,A,DoorSpread,DoorMaster,5.865000,D,S,243394.000000
Wed Jul 30 14:16:22 2025,30-Jul-2025,171625,46 48.059500 N,062 29.886600 W,2.3,108.8,A,DoorSpread,DoorMaster,5.865000,D,S,243394.000000
Wed Jul 30 14:16:24 2025,30-Jul-2025,171626,46 48.059300 N,062 29.885800 W,2.2,109.1,A,Primary,Headline,2.897959,D,S,260264.000000
Wed Jul 30 14:16:24 2025,30-Jul-2025,171627,46 48.059100 N,062 29.884900 W,2.3,109.0,A,Primary,Headline,2.897959,D,S,260264.000000
Wed Jul 30 14:16:24 2025,30-Jul-2025,171628,46 48.058900 N,062 29.884100 W,2.3,109.1,A,Primary,Headline,2.897959,D,S,260264.000000
Wed Jul 30 14:16:28 2025,30-Jul-2025,171629,46 48.058700 N,062 29.883200 W,2.3,109.3,A,DoorSpread,DoorMaster,6.625000,D,S,159997.000000
Wed Jul 30 14:16:28 2025,30-Jul-2025,171630,46 48.058400 N,062 29.882400 W,2.3,109.6,A,Depth,Depth,68.055556,D,S,124411.000000
Wed Jul 30 14:16:29 2025,30-Jul-2025,171631,46 48.058300 N,062 29.881600 W,2.3,109.9,A,Primary,Headline,2.183673,D,S,265752.000000
Wed Jul 30 14:16:29 2025,30-Jul-2025,171632,46 48.058100 N,062 29.880600 W,2.3,109.8,A,Primary,Headline,2.183673,D,S,265752.000000
Wed Jul 30 14:16:29 2025,30-Jul-2025,171633,46 48.057900 N,062 29.879700 W,2.3,109.8,A,Primary,Headline,2.183673,D,S,265752.000000
Wed Jul 30 14:16:29 2025,30-Jul-2025,171634,46 48.057700 N,062 29.878900 W,2.3,109.8,A,Primary,Headline,2.183673,D,S,265752.000000
Wed Jul 30 14:16:33 2025,30-Jul-2025,171635,46 48.057500 N,062 29.878000 W,2.2,109.7,A,DoorSpread,DoorMaster,6.545000,D,S,74311.000000
Wed Jul 30 14:16:35 2025,30-Jul-2025,171636,46 48.057300 N,062 29.877100 W,2.3,109.3,A,Primary,Headline,1.816327,D,P,186902.000000
Wed Jul 30 14:16:35 2025,30-Jul-2025,171637,46 48.057100 N,062 29.876200 W,2.3,109.2,A,Depth,Depth,69.444444,D,P,46044.000000
Wed Jul 30 14:16:35 2025,30-Jul-2025,171638,46 48.056800 N,062 29.875300 W,2.2,109.2,A,Depth,Depth,69.444444,D,P,46044.000000
Wed Jul 30 14:16:35 2025,30-Jul-2025,171639,46 48.056500 N,062 29.874500 W,2.2,109.1,A,Depth,Depth,69.444444,D,P,46044.000000
Wed Jul 30 14:16:35 2025,30-Jul-2025,171640,46 48.056300 N,062 29.873600 W,2.2,109.2,A,Depth,Depth,69.444444,D,P,46044.000000
Wed Jul 30 14:16:40 2025,30-Jul-2025,171641,46 48.056100 N,062 29.872600 W,2.3,109.1,A,Primary,Headline,1.571429,D,S,96574.000000
Wed Jul 30 14:16:40 2025,30-Jul-2025,171642,46 48.055900 N,062 29.871700 W,2.2,109.0,A,Primary,Headline,1.571429,D,S,96574.000000
Wed Jul 30 14:16:40 2025,30-Jul-2025,171643,46 48.055800 N,062 29.870800 W,2.2,108.7,A,Primary,Headline,1.571429,D,S,96574.000000
Wed Jul 30 14:16:43 2025,30-Jul-2025,171644,46 48.055800 N,062 29.870100 W,2.2,108.3,A,Depth,Depth,69.166667,D,P,74533.000000
Wed Jul 30 14:16:43 2025,30-Jul-2025,171645,46 48.055600 N,062 29.869200 W,2.2,108.6,A,Depth,Depth,69.166667,D,P,74533.000000
Wed Jul 30 14:16:45 2025,30-Jul-2025,171646,46 48.055400 N,062 29.868600 W,2.2,109.1,A,Primary,Headline,1.714286,D,S,148140.000000
Wed Jul 30 14:16:45 2025,30-Jul-2025,171647,46 48.055200 N,062 29.867900 W,2.2,109.3,A,Primary,Headline,1.714286,D,S,148140.000000
Wed Jul 30 14:16:45 2025,30-Jul-2025,171648,46 48.055000 N,062 29.867000 W,2.2,109.3,A,Primary,Headline,1.714286,D,S,148140.000000
Wed Jul 30 14:16:45 2025,30-Jul-2025,171649,46 48.054800 N,062 29.866100 W,2.2,109.2,A,Primary,Headline,1.714286,D,S,148140.000000
Wed Jul 30 14:16:45 2025,30-Jul-2025,171650,46 48.054700 N,062 29.865300 W,2.2,109.0,A,Primary,Headline,1.714286,D,S,148140.000000
Wed Jul 30 14:16:50 2025,30-Jul-2025,171651,46 48.054500 N,062 29.864500 W,2.2,108.8,A,Primary,Headline,1.408163,D,P,137325.000000
Wed Jul 30 14:16:50 2025,30-Jul-2025,171652,46 48.054400 N,062 29.863800 W,2.2,108.2,A,DoorSpread,DoorMaster,7.500000,D,S,234698.000000
Wed Jul 30 14:16:50 2025,30-Jul-2025,171653,46 48.054400 N,062 29.863100 W,2.2,107.9,A,DoorSpread,DoorMaster,7.500000,D,S,234698.000000
Wed Jul 30 14:16:50 2025,30-Jul-2025,171654,46 48.054200 N,062 29.862400 W,2.2,107.8,A,DoorSpread,DoorMaster,7.500000,D,S,234698.000000
Wed Jul 30 14:16:50 2025,30-Jul-2025,171655,46 48.054000 N,062 29.861800 W,2.2,108.2,A,DoorSpread,DoorMaster,7.500000,D,S,234698.000000
Wed Jul 30 14:16:55 2025,30-Jul-2025,171656,46 48.053800 N,062 29.861100 W,2.1,108.0,A,Primary,Headline,1.448980,D,S,247848.000000
Wed Jul 30 14:16:55 2025,30-Jul-2025,171657,46 48.053700 N,062 29.860400 W,2.1,108.0,A,Primary,Headline,1.448980,D,S,247848.000000
Wed Jul 30 14:16:56 2025,30-Jul-2025,171658,46 48.053600 N,062 29.859600 W,2.2,107.8,A,DoorSpread,DoorMaster,7.280000,D,S,166517.000000
Wed Jul 30 14:16:57 2025,30-Jul-2025,171659,46 48.053500 N,062 29.858900 W,2.2,108.1,A,Depth,Depth,69.629630,D,P,164336.000000
Wed Jul 30 14:16:57 2025,30-Jul-2025,171700,46 48.053300 N,062 29.858200 W,2.1,108.6,A,Depth,Depth,69.629630,D,P,164336.000000
Wed Jul 30 14:17:00 2025,30-Jul-2025,171701,46 48.053100 N,062 29.857500 W,2.1,108.7,A,Primary,Headline,1.734694,D,S,253679.000000
Wed Jul 30 14:17:00 2025,30-Jul-2025,171702,46 48.053000 N,062 29.856600 W,2.1,108.5,A,Primary,Headline,1.734694,D,S,253679.000000
Wed Jul 30 14:17:02 2025,30-Jul-2025,171703,46 48.052900 N,062 29.855800 W,2.1,108.2,A,DoorSpread,DoorMaster,7.125000,D,S,264920.000000
Wed Jul 30 14:17:02 2025,30-Jul-2025,171704,46 48.052700 N,062 29.854900 W,2.1,108.7,A,DoorSpread,DoorMaster,7.125000,D,S,264920.000000
Wed Jul 30 14:17:02 2025,30-Jul-2025,171705,46 48.052400 N,062 29.854200 W,2.1,109.2,A,DoorSpread,DoorMaster,7.125000,D,S,264920.000000
Wed Jul 30 14:17:05 2025,30-Jul-2025,171706,46 48.052200 N,062 29.853400 W,2.1,109.2,A,Primary,Headline,1.775510,D,P,76186.000000
Wed Jul 30 14:17:05 2025,30-Jul-2025,171707,46 48.052100 N,062 29.852400 W,2.2,109.1,A,Primary,Headline,1.775510,D,P,76186.000000
Wed Jul 30 14:17:05 2025,30-Jul-2025,171708,46 48.051900 N,062 29.851600 W,2.1,109.1,A,Primary,Headline,1.775510,D,P,76186.000000
Wed Jul 30 14:17:07 2025,30-Jul-2025,171709,46 48.051700 N,062 29.850800 W,2.1,109.2,A,DoorSpread,DoorMaster,7.450000,D,S,250595.000000
Wed Jul 30 14:17:07 2025,30-Jul-2025,171710,46 48.051500 N,062 29.850000 W,2.1,109.1,A,DoorSpread,DoorMaster,7.450000,D,S,250595.000000
Wed Jul 30 14:17:10 2025,30-Jul-2025,171711,46 48.051300 N,062 29.849200 W,2.1,109.1,A,Primary,Headline,1.897959,D,P,165411.000000
Wed Jul 30 14:17:10 2025,30-Jul-2025,171712,46 48.051100 N,062 29.848400 W,2.1,109.0,A,Primary,Headline,1.897959,D,P,165411.000000
Wed Jul 30 14:17:12 2025,30-Jul-2025,171713,46 48.050900 N,062 29.847600 W,2.1,109.1,A,Depth,Depth,68.981481,D,P,131410.000000
Wed Jul 30 14:17:13 2025,30-Jul-2025,171714,46 48.050600 N,062 29.847000 W,2.1,109.5,A,DoorSpread,DoorMaster,7.305000,D,S,259822.000000
Wed Jul 30 14:17:13 2025,30-Jul-2025,171715,46 48.050300 N,062 29.846300 W,2.1,109.4,A,DoorSpread,DoorMaster,7.305000,D,S,259822.000000
Wed Jul 30 14:17:13 2025,30-Jul-2025,171716,46 48.050100 N,062 29.845500 W,2.1,109.4,A,DoorSpread,DoorMaster,7.305000,D,S,259822.000000
Wed Jul 30 14:17:15 2025,30-Jul-2025,171717,46 48.050000 N,062 29.844600 W,2.1,109.3,A,Primary,Headline,1.816327,D,S,191176.000000
Wed Jul 30 14:17:15 2025,30-Jul-2025,171718,46 48.049800 N,062 29.843800 W,2.1,109.4,A,Primary,Headline,1.816327,D,S,191176.000000
Wed Jul 30 14:17:15 2025,30-Jul-2025,171719,46 48.049500 N,062 29.843000 W,2.1,109.5,A,Primary,Headline,1.816327,D,S,191176.000000
Wed Jul 30 14:17:18 2025,30-Jul-2025,171720,46 48.049300 N,062 29.842300 W,2.1,109.7,A,DoorSpread,DoorMaster,7.355000,D,P,57731.000000
Wed Jul 30 14:17:19 2025,30-Jul-2025,171721,46 48.049000 N,062 29.841600 W,2.1,109.8,A,Depth,Depth,68.888889,D,P,113896.000000
Wed Jul 30 14:17:20 2025,30-Jul-2025,171722,46 48.049000 N,062 29.840800 W,2.1,109.7,A,Primary,Headline,1.204082,D,P,116337.000000
Wed Jul 30 14:17:20 2025,30-Jul-2025,171723,46 48.048800 N,062 29.840000 W,2.2,109.7,A,Primary,Headline,1.204082,D,P,116337.000000
Wed Jul 30 14:17:20 2025,30-Jul-2025,171724,46 48.048600 N,062 29.839100 W,2.1,109.7,A,Primary,Headline,1.204082,D,P,116337.000000
Wed Jul 30 14:17:20 2025,30-Jul-2025,171725,46 48.048400 N,062 29.838400 W,2.1,109.7,A,Primary,Headline,1.204082,D,P,116337.000000
Wed Jul 30 14:17:24 2025,30-Jul-2025,171726,46 48.048200 N,062 29.837500 W,2.1,109.5,A,DoorSpread,DoorMaster,7.420000,D,S,162903.000000
Wed Jul 30 14:17:25 2025,30-Jul-2025,171727,46 48.048100 N,062 29.836700 W,2.1,109.2,A,Primary,Headline,1.489796,D,S,192970.000000
Wed Jul 30 14:17:26 2025,30-Jul-2025,171728,46 48.048000 N,062 29.836000 W,2.1,109.0,A,Depth,Depth,69.629630,D,P,73669.000000
Wed Jul 30 14:17:26 2025,30-Jul-2025,171729,46 48.047900 N,062 29.835300 W,2.1,109.1,A,Depth,Depth,69.629630,D,P,73669.000000
Wed Jul 30 14:17:26 2025,30-Jul-2025,171730,46 48.047700 N,062 29.834500 W,2.2,109.0,A,Depth,Depth,69.629630,D,P,73669.000000
Wed Jul 30 14:17:30 2025,30-Jul-2025,171731,46 48.047600 N,062 29.833800 W,2.1,108.9,A,Primary,Headline,2.673469,D,S,133909.000000
Wed Jul 30 14:17:30 2025,30-Jul-2025,171732,46 48.047500 N,062 29.832900 W,2.2,108.7,A,Primary,Headline,2.673469,D,S,133909.000000
Wed Jul 30 14:17:30 2025,30-Jul-2025,171733,46 48.047300 N,062 29.832100 W,2.2,109.1,A,Primary,Headline,2.673469,D,S,133909.000000
Wed Jul 30 14:17:30 2025,30-Jul-2025,171734,46 48.047000 N,062 29.831300 W,2.2,109.8,A,Primary,Headline,2.673469,D,S,133909.000000
Wed Jul 30 14:17:33 2025,30-Jul-2025,171735,46 48.046700 N,062 29.830600 W,2.2,110.5,A,Depth,Depth,67.685185,D,P,90158.000000
Wed Jul 30 14:17:35 2025,30-Jul-2025,171736,46 48.046600 N,062 29.829800 W,2.2,110.4,A,Primary,Headline,1.693878,D,P,183927.000000
Wed Jul 30 14:17:35 2025,30-Jul-2025,171737,46 48.046600 N,062 29.829000 W,2.2,110.3,A,DoorSpread,DoorMaster,8.240000,D,S,303150.000000
Wed Jul 30 14:17:35 2025,30-Jul-2025,171738,46 48.046400 N,062 29.828300 W,2.2,110.5,A,DoorSpread,DoorMaster,8.240000,D,S,303150.000000
Wed Jul 30 14:17:35 2025,30-Jul-2025,171739,46 48.046100 N,062 29.827500 W,2.2,110.6,A,DoorSpread,DoorMaster,8.240000,D,S,303150.000000
Wed Jul 30 14:17:35 2025,30-Jul-2025,171740,46 48.046000 N,062 29.826800 W,2.1,110.4,A,DoorSpread,DoorMaster,8.240000,D,S,303150.000000
Wed Jul 30 14:17:35 2025,30-Jul-2025,171741,46 48.045900 N,062 29.826000 W,2.1,110.2,A,DoorSpread,DoorMaster,8.240000,D,S,303150.000000
Wed Jul 30 14:17:41 2025,30-Jul-2025,171742,46 48.045600 N,062 29.825300 W,2.2,110.4,A,Depth,Depth,68.796296,D,P,94589.000000
Wed Jul 30 14:17:41 2025,30-Jul-2025,171743,46 48.045300 N,062 29.824500 W,2.1,110.8,A,DoorSpread,DoorMaster,7.885000,D,S,119806.000000
Wed Jul 30 14:17:41 2025,30-Jul-2025,171744,46 48.045100 N,062 29.823800 W,2.1,111.0,A,DoorSpread,DoorMaster,7.885000,D,S,119806.000000
Wed Jul 30 14:17:41 2025,30-Jul-2025,171745,46 48.044900 N,062 29.822900 W,2.1,111.1,A,DoorSpread,DoorMaster,7.885000,D,S,119806.000000
Wed Jul 30 14:17:41 2025,30-Jul-2025,171746,46 48.044700 N,062 29.822000 W,2.2,111.0,A,DoorSpread,DoorMaster,7.885000,D,S,119806.000000
Wed Jul 30 14:17:45 2025,30-Jul-2025,171747,46 48.044600 N,062 29.821100 W,2.1,110.9,A,Primary,Headline,1.755102,D,P,89934.000000
Wed Jul 30 14:17:47 2025,30-Jul-2025,171748,46 48.044400 N,062 29.820400 W,2.1,111.0,A,DoorSpread,DoorMaster,8.255000,D,S,127900.000000
Wed Jul 30 14:17:47 2025,30-Jul-2025,171749,46 48.044100 N,062 29.819700 W,2.1,111.1,A,DoorSpread,DoorMaster,8.325000,D,P,37786.000000
Wed Jul 30 14:17:48 2025,30-Jul-2025,171750,46 48.043900 N,062 29.819000 W,2.2,111.0,A,Depth,Depth,69.074074,D,P,94056.000000
Wed Jul 30 14:17:48 2025,30-Jul-2025,171751,46 48.043700 N,062 29.818300 W,2.1,110.9,A,Depth,Depth,69.074074,D,P,94056.000000
Wed Jul 30 14:17:50 2025,30-Jul-2025,171752,46 48.043500 N,062 29.817700 W,2.1,110.7,A,Primary,Headline,1.571429,D,P,97132.000000
Wed Jul 30 14:17:50 2025,30-Jul-2025,171753,46 48.043400 N,062 29.816900 W,2.1,110.5,A,Primary,Headline,1.571429,D,P,97132.000000
Wed Jul 30 14:17:53 2025,30-Jul-2025,171754,46 48.043200 N,062 29.816100 W,2.2,110.5,A,DoorSpread,DoorMaster,7.565000,D,P,212955.000000
Wed Jul 30 14:17:53 2025,30-Jul-2025,171755,46 48.043000 N,062 29.815300 W,2.2,110.5,A,DoorSpread,DoorMaster,7.565000,D,P,212955.000000
Wed Jul 30 14:17:53 2025,30-Jul-2025,171756,46 48.042900 N,062 29.814600 W,2.1,110.5,A,DoorSpread,DoorMaster,7.565000,D,P,212955.000000
Wed Jul 30 14:17:55 2025,30-Jul-2025,171757,46 48.042700 N,062 29.814000 W,2.1,110.6,A,Depth,Depth,68.703704,D,S,193733.000000
Wed Jul 30 14:17:55 2025,30-Jul-2025,171758,46 48.042400 N,062 29.813000 W,2.2,110.4,A,Depth,Depth,68.703704,D,S,193733.000000
Wed Jul 30 14:17:55 2025,30-Jul-2025,171759,46 48.042100 N,062 29.812200 W,2.1,110.5,A,Depth,Depth,68.703704,D,S,193733.000000
Wed Jul 30 14:17:58 2025,30-Jul-2025,171800,46 48.041700 N,062 29.811300 W,2.1,110.4,A,DoorSpread,DoorMaster,7.430000,D,S,190838.000000
Wed Jul 30 14:17:58 2025,30-Jul-2025,171801,46 48.041400 N,062 29.810400 W,2.2,110.5,A,DoorSpread,DoorMaster,7.430000,D,S,190838.000000
Wed Jul 30 14:18:00 2025,30-Jul-2025,171802,46 48.040900 N,062 29.809400 W,2.2,110.8,A,Primary,Headline,1.714286,D,S,88514.000000
Wed Jul 30 14:18:00 2025,30-Jul-2025,171803,46 48.040500 N,062 29.808600 W,2.1,111.1,A,Primary,Headline,1.714286,D,S,88514.000000
Wed Jul 30 14:18:02 2025,30-Jul-2025,171804,46 48.040200 N,062 29.807700 W,2.1,111.2,A,Depth,Depth,68.703704,D,S,126059.000000
Wed Jul 30 14:18:02 2025,30-Jul-2025,171805,46 48.039800 N,062 29.806900 W,2.2,111.2,A,Depth,Depth,68.703704,D,S,126059.000000
Wed Jul 30 14:18:04 2025,30-Jul-2025,171806,46 48.039400 N,062 29.806000 W,2.1,111.3,A,DoorSpread,DoorMaster,7.565000,D,S,226684.000000
Wed Jul 30 14:18:05 2025,30-Jul-2025,171807,46 48.039100 N,062 29.805200 W,2.1,111.4,A,Primary,Headline,1.959184,D,P,159273.000000
Wed Jul 30 14:18:05 2025,30-Jul-2025,171808,46 48.038700 N,062 29.804300 W,2.1,111.6,A,Primary,Headline,1.959184,D,P,159273.000000
Wed Jul 30 14:18:05 2025,30-Jul-2025,171809,46 48.038300 N,062 29.803400 W,2.2,111.6,A,Primary,Headline,1.959184,D,P,159273.000000
Wed Jul 30 14:18:05 2025,30-Jul-2025,171810,46 48.038100 N,062 29.802400 W,2.1,111.4,A,Primary,Headline,1.959184,D,P,159273.000000
Wed Jul 30 14:18:10 2025,30-Jul-2025,171811,46 48.037800 N,062 29.801500 W,2.2,111.4,A,DoorSpread,DoorMaster,7.435000,D,S,199679.000000
Wed Jul 30 14:18:10 2025,30-Jul-2025,171812,46 48.037500 N,062 29.800600 W,2.2,111.3,A,Primary,Headline,1.734694,D,P,75261.000000
Wed Jul 30 14:18:10 2025,30-Jul-2025,171813,46 48.037300 N,062 29.799800 W,2.1,111.1,A,Primary,Headline,1.734694,D,P,75261.000000
Wed Jul 30 14:18:10 2025,30-Jul-2025,171814,46 48.037100 N,062 29.799000 W,2.1,110.9,A,Primary,Headline,1.734694,D,P,75261.000000
Wed Jul 30 14:18:10 2025,30-Jul-2025,171815,46 48.036900 N,062 29.798200 W,2.2,111.0,A,Primary,Headline,1.734694,D,P,75261.000000
Wed Jul 30 14:18:10 2025,30-Jul-2025,171816,46 48.036700 N,062 29.797300 W,2.2,111.1,A,Primary,Headline,1.734694,D,P,75261.000000
Wed Jul 30 14:18:15 2025,30-Jul-2025,171817,46 48.036500 N,062 29.796500 W,2.1,111.1,A,DoorSpread,DoorMaster,9.535000,D,S,34177.000000
Wed Jul 30 14:18:15 2025,30-Jul-2025,171818,46 48.036300 N,062 29.795600 W,2.2,111.0,A,DoorSpread,DoorMaster,9.535000,D,S,34177.000000
Wed Jul 30 14:18:17 2025,30-Jul-2025,171819,46 48.036100 N,062 29.794700 W,2.2,110.9,A,Depth,Depth,62.314815,D,S,38723.000000
Wed Jul 30 14:18:17 2025,30-Jul-2025,171820,46 48.035900 N,062 29.793900 W,2.1,110.8,A,Depth,Depth,62.314815,D,S,38723.000000
Wed Jul 30 14:18:17 2025,30-Jul-2025,171821,46 48.035600 N,062 29.793200 W,2.1,111.0,A,Depth,Depth,62.314815,D,S,38723.000000
Wed Jul 30 14:18:20 2025,30-Jul-2025,171822,46 48.035300 N,062 29.792300 W,2.2,111.0,A,Primary,Headline,2.571429,D,S,58045.000000
Wed Jul 30 14:18:21 2025,30-Jul-2025,171823,46 48.035100 N,062 29.791500 W,2.2,111.1,A,DoorSpread,DoorMaster,5.835000,D,S,98193.000000
Wed Jul 30 14:18:21 2025,30-Jul-2025,171824,46 48.034900 N,062 29.790800 W,2.1,111.2,A,DoorSpread,DoorMaster,5.835000,D,S,98193.000000
Wed Jul 30 14:18:21 2025,30-Jul-2025,171825,46 48.034800 N,062 29.790000 W,2.1,111.1,A,DoorSpread,DoorMaster,5.835000,D,S,98193.000000
Wed Jul 30 14:18:24 2025,30-Jul-2025,171826,46 48.034600 N,062 29.789200 W,2.2,111.0,A,Depth,Depth,68.888889,D,P,63893.000000
Wed Jul 30 14:18:25 2025,30-Jul-2025,171827,46 48.034500 N,062 29.788400 W,2.2,111.1,A,Primary,Headline,1.102041,D,P,50538.000000
Wed Jul 30 14:18:27 2025,30-Jul-2025,171828,46 48.034200 N,062 29.787600 W,2.2,111.2,A,DoorSpread,DoorMaster,7.800000,D,S,166338.000000
Wed Jul 30 14:18:27 2025,30-Jul-2025,171829,46 48.033900 N,062 29.786900 W,2.2,111.9,A,DoorSpread,DoorMaster,7.800000,D,S,166338.000000
Wed Jul 30 14:18:27 2025,30-Jul-2025,171830,46 48.033500 N,062 29.786300 W,2.3,113.6,A,DoorSpread,DoorMaster,7.800000,D,S,166338.000000
Wed Jul 30 14:18:27 2025,30-Jul-2025,171831,46 48.033200 N,062 29.785400 W,2.3,113.9,A,DoorSpread,DoorMaster,7.800000,D,S,166338.000000
Wed Jul 30 14:18:30 2025,30-Jul-2025,171832,46 48.033100 N,062 29.784500 W,2.3,113.5,A,Primary,Headline,1.306122,D,P,68803.000000
Wed Jul 30 14:18:31 2025,30-Jul-2025,171833,46 48.033000 N,062 29.783500 W,2.4,112.7,A,Depth,Depth,68.703704,D,P,42414.000000
Wed Jul 30 14:18:32 2025,30-Jul-2025,171834,46 48.032900 N,062 29.782600 W,2.4,111.9,A,DoorSpread,DoorMaster,8.010000,D,S,264977.000000
Wed Jul 30 14:18:32 2025,30-Jul-2025,171835,46 48.032700 N,062 29.781800 W,2.3,111.1,A,DoorSpread,DoorMaster,8.010000,D,S,264977.000000
Wed Jul 30 14:18:32 2025,30-Jul-2025,171836,46 48.032600 N,062 29.781000 W,2.3,110.4,A,DoorSpread,DoorMaster,8.010000,D,S,264977.000000
Wed Jul 30 14:18:35 2025,30-Jul-2025,171837,46 48.032400 N,062 29.780400 W,2.3,110.3,A,Primary,Headline,1.428571,D,P,69696.000000
Wed Jul 30 14:18:35 2025,30-Jul-2025,171838,46 48.032100 N,062 29.779700 W,2.3,110.5,A,Primary,Headline,1.428571,D,P,69696.000000
Wed Jul 30 14:18:35 2025,30-Jul-2025,171839,46 48.031900 N,062 29.779000 W,2.3,110.6,A,Primary,Headline,1.428571,D,P,69696.000000
Wed Jul 30 14:18:39 2025,30-Jul-2025,171840,46 48.031700 N,062 29.778400 W,2.2,110.7,A,Depth,Depth,68.888889,D,S,81176.000000
Wed Jul 30 14:18:39 2025,30-Jul-2025,171841,46 48.031300 N,062 29.777700 W,2.3,111.0,A,Depth,Depth,68.888889,D,S,81176.000000
Wed Jul 30 14:18:40 2025,30-Jul-2025,171842,46 48.031000 N,062 29.777100 W,2.2,111.8,A,Primary,Headline,1.591837,D,S,87848.000000
Wed Jul 30 14:18:40 2025,30-Jul-2025,171843,46 48.030700 N,062 29.776600 W,2.2,112.4,A,Primary,Headline,1.591837,D,S,87848.000000
Wed Jul 30 14:18:40 2025,30-Jul-2025,171844,46 48.030500 N,062 29.776000 W,2.1,112.9,A,Primary,Headline,1.591837,D,S,87848.000000
Wed Jul 30 14:18:40 2025,30-Jul-2025,171845,46 48.030400 N,062 29.775300 W,2.1,112.8,A,Primary,Headline,1.591837,D,S,87848.000000
Wed Jul 30 14:18:40 2025,30-Jul-2025,171846,46 48.030200 N,062 29.774500 W,2.2,112.7,A,Primary,Headline,1.591837,D,S,87848.000000
Wed Jul 30 14:18:46 2025,30-Jul-2025,171847,46 48.030000 N,062 29.773800 W,2.1,112.6,A,Depth,Depth,72.962963,D,P,130955.000000
Wed Jul 30 14:18:46 2025,30-Jul-2025,171848,46 48.029700 N,062 29.773200 W,2.1,112.7,A,Depth,Depth,76.481481,D,S,57235.000000
Wed Jul 30 14:18:46 2025,30-Jul-2025,171849,46 48.029400 N,062 29.772500 W,2.1,112.8,A,Depth,Depth,76.481481,D,S,57235.000000
Wed Jul 30 14:18:46 2025,30-Jul-2025,171850,46 48.029200 N,062 29.771800 W,2.1,112.5,A,Depth,Depth,76.481481,D,S,57235.000000
Wed Jul 30 14:18:49 2025,30-Jul-2025,171851,46 48.029000 N,062 29.771100 W,2.0,112.3,A,DoorSpread,DoorMaster,9.180000,D,S,87909.000000
Wed Jul 30 14:18:50 2025,30-Jul-2025,171852,46 48.028700 N,062 29.770600 W,2.0,112.8,A,Primary,Headline,1.367347,D,S,199318.000000
Wed Jul 30 14:18:50 2025,30-Jul-2025,171853,46 48.028400 N,062 29.770000 W,2.1,113.5,A,Primary,Headline,1.367347,D,S,199318.000000
Wed Jul 30 14:18:50 2025,30-Jul-2025,171854,46 48.028200 N,062 29.769400 W,2.0,114.0,A,Primary,Headline,1.367347,D,S,199318.000000
Wed Jul 30 14:18:53 2025,30-Jul-2025,171855,46 48.028000 N,062 29.768800 W,2.0,114.4,A,Depth,Depth,61.203704,D,S,151441.000000
Wed Jul 30 14:18:55 2025,30-Jul-2025,171856,46 48.028000 N,062 29.768200 W,2.0,114.8,A,DoorSpread,DoorMaster,9.565000,D,S,72455.000000
Wed Jul 30 14:18:55 2025,30-Jul-2025,171857,46 48.027800 N,062 29.767700 W,2.0,114.9,A,Primary,Headline,1.367347,D,P,127490.000000
Wed Jul 30 14:18:55 2025,30-Jul-2025,171858,46 48.027600 N,062 29.767100 W,2.0,115.0,A,Primary,Headline,1.367347,D,P,127490.000000
Wed Jul 30 14:18:55 2025,30-Jul-2025,171859,46 48.027500 N,062 29.766600 W,2.0,115.3,A,Primary,Headline,1.367347,D,P,127490.000000
Wed Jul 30 14:18:55 2025,30-Jul-2025,171900,46 48.027300 N,062 29.766100 W,2.0,115.5,A,Primary,Headline,1.367347,D,P,127490.000000
Wed Jul 30 14:18:55 2025,30-Jul-2025,171901,46 48.027100 N,062 29.765600 W,2.0,115.8,A,Primary,Headline,1.367347,D,P,127490.000000
Wed Jul 30 14:19:01 2025,30-Jul-2025,171902,46 48.026900 N,062 29.765100 W,1.9,115.9,A,DoorSpread,DoorMaster,9.905000,D,P,155959.000000
Wed Jul 30 14:19:01 2025,30-Jul-2025,171903,46 48.026700 N,062 29.764500 W,1.9,116.0,A,DoorSpread,DoorMaster,9.905000,D,P,155959.000000
Wed Jul 30 14:19:01 2025,30-Jul-2025,171904,46 48.026400 N,062 29.763900 W,2.0,116.2,A,DoorSpread,DoorMaster,9.905000,D,P,155959.000000
Wed Jul 30 14:19:01 2025,30-Jul-2025,171905,46 48.026100 N,062 29.763100 W,2.0,116.4,A,DoorSpread,DoorMaster,9.905000,D,P,155959.000000
Wed Jul 30 14:19:01 2025,30-Jul-2025,171906,46 48.025800 N,062 29.762500 W,2.0,116.1,A,DoorSpread,DoorMaster,9.905000,D,P,155959.000000
Wed Jul 30 14:19:05 2025,30-Jul-2025,171907,46 48.025500 N,062 29.761900 W,2.0,116.1,A,Primary,Headline,1.755102,D,S,128997.000000
Wed Jul 30 14:19:06 2025,30-Jul-2025,171908,46 48.025200 N,062 29.761400 W,2.0,116.3,A,DoorSpread,DoorMaster,9.190000,D,S,176047.000000
Wed Jul 30 14:19:06 2025,30-Jul-2025,171909,46 48.024900 N,062 29.760700 W,2.0,116.5,A,DoorSpread,DoorMaster,9.190000,D,S,176047.000000
Wed Jul 30 14:19:06 2025,30-Jul-2025,171910,46 48.024600 N,062 29.760100 W,2.0,116.7,A,DoorSpread,DoorMaster,9.190000,D,S,176047.000000
Wed Jul 30 14:19:06 2025,30-Jul-2025,171911,46 48.024400 N,062 29.759400 W,2.0,116.2,A,DoorSpread,DoorMaster,9.190000,D,S,176047.000000
Wed Jul 30 14:19:10 2025,30-Jul-2025,171912,46 48.024300 N,062 29.758800 W,2.0,115.7,A,Primary,Headline,1.448980,D,P,222456.000000
Wed Jul 30 14:19:10 2025,30-Jul-2025,171913,46 48.024200 N,062 29.758100 W,2.0,115.7,A,Primary,Headline,1.448980,D,P,222456.000000
Wed Jul 30 14:19:12 2025,30-Jul-2025,171914,46 48.024000 N,062 29.757500 W,2.0,115.7,A,DoorSpread,DoorMaster,10.200000,D,P,39052.000000
Wed Jul 30 14:19:12 2025,30-Jul-2025,171915,46 48.023800 N,062 29.756800 W,2.0,115.0,A,DoorSpread,DoorMaster,10.200000,D,P,39052.000000
Wed Jul 30 14:19:12 2025,30-Jul-2025,171916,46 48.023700 N,062 29.756100 W,2.0,114.3,A,DoorSpread,DoorMaster,10.200000,D,P,39052.000000
Wed Jul 30 14:19:15 2025,30-Jul-2025,171917,46 48.023400 N,062 29.755200 W,2.0,113.8,A,Primary,Headline,1.346939,D,P,268982.000000
Wed Jul 30 14:19:15 2025,30-Jul-2025,171918,46 48.023100 N,062 29.754400 W,2.0,113.7,A,Primary,Headline,1.346939,D,P,268982.000000
Wed Jul 30 14:19:15 2025,30-Jul-2025,171919,46 48.022900 N,062 29.753600 W,2.1,113.6,A,Primary,Headline,1.346939,D,P,268982.000000
Wed Jul 30 14:19:15 2025,30-Jul-2025,171920,46 48.022600 N,062 29.752700 W,2.1,113.7,A,Primary,Headline,1.346939,D,P,268982.000000
Wed Jul 30 14:19:15 2025,30-Jul-2025,171921,46 48.022400 N,062 29.751700 W,2.1,113.7,A,Primary,Headline,1.346939,D,P,268982.000000
Wed Jul 30 14:19:20 2025,30-Jul-2025,171922,46 48.022200 N,062 29.750700 W,2.1,113.6,A,Primary,Headline,1.326531,D,P,154906.000000
Wed Jul 30 14:19:20 2025,30-Jul-2025,171923,46 48.021900 N,062 29.749700 W,2.1,113.3,A,Primary,Headline,1.326531,D,P,154906.000000
Wed Jul 30 14:19:22 2025,30-Jul-2025,171924,46 48.021600 N,062 29.748800 W,2.1,113.0,A,Depth,Depth,68.888889,D,P,147787.000000
Wed Jul 30 14:19:23 2025,30-Jul-2025,171925,46 48.021400 N,062 29.748000 W,2.0,112.8,A,DoorSpread,DoorMaster,11.320000,D,S,271838.000000
Wed Jul 30 14:19:23 2025,30-Jul-2025,171926,46 48.021000 N,062 29.747100 W,2.0,113.0,A,DoorSpread,DoorMaster,11.320000,D,S,271838.000000
Wed Jul 30 14:19:25 2025,30-Jul-2025,171927,46 48.020600 N,062 29.746300 W,2.1,113.5,A,Primary,Headline,1.510204,D,P,89233.000000
Wed Jul 30 14:19:25 2025,30-Jul-2025,171928,46 48.020300 N,062 29.745500 W,2.0,113.7,A,Primary,Headline,1.510204,D,P,89233.000000
Wed Jul 30 14:19:25 2025,30-Jul-2025,171929,46 48.020000 N,062 29.744800 W,2.0,113.9,A,Primary,Headline,1.510204,D,P,89233.000000
Wed Jul 30 14:19:25 2025,30-Jul-2025,171930,46 48.019800 N,062 29.744000 W,2.0,113.8,A,Primary,Headline,1.510204,D,P,89233.000000
Wed Jul 30 14:19:30 2025,30-Jul-2025,171931,46 48.019500 N,062 29.743200 W,2.0,114.1,A,Depth,Depth,68.518519,D,P,229372.000000
Wed Jul 30 14:19:31 2025,30-Jul-2025,171932,46 48.019200 N,062 29.742500 W,2.0,114.2,A,Primary,Headline,1.142857,D,P,215506.000000
Wed Jul 30 14:19:31 2025,30-Jul-2025,171933,46 48.018900 N,062 29.741900 W,1.9,114.3,A,Primary,Headline,1.142857,D,P,215506.000000
Wed Jul 30 14:19:31 2025,30-Jul-2025,171934,46 48.018700 N,062 29.741300 W,1.9,114.4,A,Primary,Headline,1.142857,D,P,215506.000000
Wed Jul 30 14:19:31 2025,30-Jul-2025,171935,46 48.018400 N,062 29.740700 W,1.9,114.2,A,Primary,Headline,1.142857,D,P,215506.000000
Wed Jul 30 14:19:31 2025,30-Jul-2025,171936,46 48.018200 N,062 29.740000 W,1.9,114.3,A,Primary,Headline,1.142857,D,P,215506.000000
Wed Jul 30 14:19:36 2025,30-Jul-2025,171937,46 48.017900 N,062 29.739400 W,1.9,114.4,A,Primary,Headline,1.265306,D,S,225808.000000
Wed Jul 30 14:19:37 2025,30-Jul-2025,171938,46 48.017700 N,062 29.738800 W,1.9,114.4,A,Depth,Depth,69.259259,D,P,213629.000000
Wed Jul 30 14:19:37 2025,30-Jul-2025,171939,46 48.017400 N,062 29.738200 W,1.9,114.6,A,Depth,Depth,69.259259,D,P,213629.000000
Wed Jul 30 14:19:37 2025,30-Jul-2025,171940,46 48.017100 N,062 29.737600 W,1.9,114.8,A,Depth,Depth,69.259259,D,P,213629.000000
Wed Jul 30 14:19:37 2025,30-Jul-2025,171941,46 48.016800 N,062 29.737100 W,1.8,115.0,A,Depth,Depth,69.259259,D,P,213629.000000
Wed Jul 30 14:19:40 2025,30-Jul-2025,171942,46 48.016500 N,062 29.736500 W,1.9,115.8,A,Primary,Headline,1.122449,D,P,193068.000000
Wed Jul 30 14:19:40 2025,30-Jul-2025,171943,46 48.016200 N,062 29.736000 W,1.9,116.5,A,Primary,Headline,1.122449,D,P,193068.000000
Wed Jul 30 14:19:40 2025,30-Jul-2025,171944,46 48.015900 N,062 29.735400 W,1.8,116.9,A,Primary,Headline,1.122449,D,P,193068.000000
Wed Jul 30 14:19:44 2025,30-Jul-2025,171945,46 48.015700 N,062 29.734900 W,1.8,117.3,A,Depth,Depth,69.351852,D,P,156628.000000
Wed Jul 30 14:19:44 2025,30-Jul-2025,171946,46 48.015500 N,062 29.734200 W,1.9,117.6,A,Depth,Depth,69.351852,D,P,156628.000000
Wed Jul 30 14:19:44 2025,30-Jul-2025,171947,46 48.015300 N,062 29.733600 W,1.8,117.8,A,Depth,Depth,69.351852,D,P,156628.000000
Wed Jul 30 14:19:46 2025,30-Jul-2025,171948,46 48.015000 N,062 29.733200 W,1.8,118.1,A,Primary,Headline,32.285714,D,S,344261.000000
Wed Jul 30 14:19:46 2025,30-Jul-2025,171949,46 48.014700 N,062 29.732600 W,1.8,118.5,A,Primary,Headline,32.285714,D,S,344261.000000
Wed Jul 30 14:19:46 2025,30-Jul-2025,171950,46 48.014500 N,062 29.732000 W,1.8,118.8,A,Primary,Headline,32.285714,D,S,344261.000000
Wed Jul 30 14:19:50 2025,30-Jul-2025,171951,46 48.014200 N,062 29.731500 W,1.8,118.9,A,DoorSpread,DoorMaster,13.385000,D,S,64232.000000
Wed Jul 30 14:19:50 2025,30-Jul-2025,171952,46 48.014000 N,062 29.730900 W,1.8,119.2,A,DoorSpread,DoorMaster,13.385000,D,S,64232.000000
Wed Jul 30 14:19:51 2025,30-Jul-2025,171953,46 48.013700 N,062 29.730300 W,1.9,119.3,A,Primary,Headline,1.102041,D,S,230598.000000
Wed Jul 30 14:19:51 2025,30-Jul-2025,171954,46 48.013500 N,062 29.729600 W,1.8,119.3,A,Primary,Headline,1.102041,D,S,230598.000000
Wed Jul 30 14:19:51 2025,30-Jul-2025,171955,46 48.013300 N,062 29.729100 W,1.9,119.2,A,Primary,Headline,1.102041,D,S,230598.000000
Wed Jul 30 14:19:51 2025,30-Jul-2025,171956,46 48.013000 N,062 29.728500 W,1.9,119.3,A,Primary,Headline,1.102041,D,S,230598.000000
Wed Jul 30 14:19:51 2025,30-Jul-2025,171957,46 48.012700 N,062 29.728000 W,1.8,119.5,A,Primary,Headline,1.102041,D,S,230598.000000
Wed Jul 30 14:19:56 2025,30-Jul-2025,171958,46 48.012400 N,062 29.727500 W,1.9,119.8,A,Primary,Headline,1.081633,D,S,113872.000000
Wed Jul 30 14:19:56 2025,30-Jul-2025,171959,46 48.012100 N,062 29.726800 W,1.9,120.1,A,Primary,Headline,1.081633,D,S,113872.000000
Wed Jul 30 14:19:56 2025,30-Jul-2025,172000,46 48.011900 N,062 29.726300 W,1.8,120.2,A,Primary,Headline,1.081633,D,S,113872.000000
Wed Jul 30 14:19:56 2025,30-Jul-2025,172001,46 48.011600 N,062 29.725700 W,1.9,120.4,A,Primary,Headline,1.081633,D,S,113872.000000
Wed Jul 30 14:20:01 2025,30-Jul-2025,172002,46 48.011200 N,062 29.725200 W,1.9,120.7,A,Primary,Headline,1.122449,D,P,79632.000000
Wed Jul 30 14:20:01 2025,30-Jul-2025,172003,46 48.010900 N,062 29.724500 W,1.9,121.0,A,Primary,Headline,1.061224,D,S,141368.000000
Wed Jul 30 14:20:01 2025,30-Jul-2025,172004,46 48.010500 N,062 29.723800 W,1.9,121.4,A,Primary,Headline,1.061224,D,S,141368.000000
Wed Jul 30 14:20:01 2025,30-Jul-2025,172005,46 48.010100 N,062 29.723200 W,1.9,122.0,A,Primary,Headline,1.061224,D,S,141368.000000
Wed Jul 30 14:20:01 2025,30-Jul-2025,172006,46 48.009800 N,062 29.722700 W,2.0,122.4,A,Primary,Headline,1.061224,D,S,141368.000000
Wed Jul 30 14:20:06 2025,30-Jul-2025,172007,46 48.009400 N,062 29.721900 W,2.0,122.7,A,Depth,Depth,69.722222,D,S,192873.000000
Wed Jul 30 14:20:06 2025,30-Jul-2025,172008,46 48.008900 N,062 29.721100 W,2.0,123.0,A,Primary,Headline,1.244898,D,S,135667.000000
Wed Jul 30 14:20:06 2025,30-Jul-2025,172009,46 48.008300 N,062 29.720300 W,2.1,123.5,A,Primary,Headline,1.244898,D,S,135667.000000
Wed Jul 30 14:20:06 2025,30-Jul-2025,172010,46 48.007800 N,062 29.719600 W,2.1,123.9,A,Primary,Headline,1.244898,D,S,135667.000000
Wed Jul 30 14:20:06 2025,30-Jul-2025,172011,46 48.007400 N,062 29.718900 W,2.1,124.2,A,Primary,Headline,1.244898,D,S,135667.000000
Wed Jul 30 14:20:06 2025,30-Jul-2025,172012,46 48.006900 N,062 29.718300 W,2.1,124.4,A,Primary,Headline,1.244898,D,S,135667.000000
Wed Jul 30 14:20:11 2025,30-Jul-2025,172013,46 48.006500 N,062 29.717600 W,2.1,124.5,A,Primary,Headline,1.224490,D,S,171660.000000
Wed Jul 30 14:20:13 2025,30-Jul-2025,172014,46 48.006100 N,062 29.717000 W,2.1,124.6,A,Depth,Depth,74.074074,D,S,170360.000000
Wed Jul 30 14:20:13 2025,30-Jul-2025,172015,46 48.005800 N,062 29.716400 W,2.1,124.6,A,Depth,Depth,74.074074,D,S,170360.000000
Wed Jul 30 14:20:13 2025,30-Jul-2025,172016,46 48.005400 N,062 29.715800 W,2.1,124.8,A,Depth,Depth,74.074074,D,S,170360.000000
Wed Jul 30 14:20:13 2025,30-Jul-2025,172017,46 48.005000 N,062 29.715200 W,2.1,124.6,A,Depth,Depth,74.074074,D,S,170360.000000
Wed Jul 30 14:20:13 2025,30-Jul-2025,172018,46 48.004700 N,062 29.714500 W,2.1,124.6,A,Depth,Depth,74.074074,D,S,170360.000000
Wed Jul 30 14:20:13 2025,30-Jul-2025,172019,46 48.004400 N,062 29.713800 W,2.0,124.4,A,Depth,Depth,74.074074,D,S,170360.000000
Wed Jul 30 14:20:13 2025,30-Jul-2025,172020,46 48.004000 N,062 29.713100 W,2.1,124.8,A,Depth,Depth,74.074074,D,S,170360.000000
Wed Jul 30 14:20:13 2025,30-Jul-2025,172021,46 48.003600 N,062 29.712300 W,2.1,125.1,A,Depth,Depth,74.074074,D,S,170360.000000
Wed Jul 30 14:20:20 2025,30-Jul-2025,172022,46 48.003300 N,062 29.711500 W,2.1,125.1,A,Depth,Depth,66.203704,D,P,200231.000000
Wed Jul 30 14:20:20 2025,30-Jul-2025,172023,46 48.003000 N,062 29.710700 W,2.1,124.8,A,Depth,Depth,66.203704,D,P,200231.000000
Wed Jul 30 14:20:23 2025,30-Jul-2025,172024,46 48.002700 N,062 29.710000 W,2.1,124.5,A,DoorSpread,DoorMaster,10.675000,D,S,41191.000000
Wed Jul 30 14:20:23 2025,30-Jul-2025,172025,46 48.002400 N,062 29.709200 W,2.1,124.6,A,DoorSpread,DoorMaster,10.675000,D,S,41191.000000
Wed Jul 30 14:20:23 2025,30-Jul-2025,172026,46 48.002100 N,062 29.708600 W,2.0,124.6,A,DoorSpread,DoorMaster,10.675000,D,S,41191.000000
Wed Jul 30 14:20:23 2025,30-Jul-2025,172027,46 48.001800 N,062 29.707900 W,2.0,124.6,A,DoorSpread,DoorMaster,10.675000,D,S,41191.000000
Wed Jul 30 14:20:26 2025,30-Jul-2025,172028,46 48.001400 N,062 29.707000 W,2.0,124.6,A,Primary,Headline,1.326531,D,P,184702.000000
Wed Jul 30 14:20:27 2025,30-Jul-2025,172029,46 48.001000 N,062 29.706200 W,2.0,124.6,A,Depth,Depth,69.537037,D,S,195761.000000
Wed Jul 30 14:20:29 2025,30-Jul-2025,172030,46 48.000500 N,062 29.705600 W,2.0,124.7,A,DoorSpread,DoorMaster,7.690000,D,S,53768.000000
Wed Jul 30 14:20:29 2025,30-Jul-2025,172031,46 48.000000 N,062 29.705000 W,2.0,124.7,A,DoorSpread,DoorMaster,7.690000,D,S,53768.000000
Wed Jul 30 14:20:29 2025,30-Jul-2025,172032,46 47.999600 N,062 29.704300 W,2.0,124.7,A,DoorSpread,DoorMaster,7.690000,D,S,53768.000000
Wed Jul 30 14:20:31 2025,30-Jul-2025,172033,46 47.999200 N,062 29.703800 W,1.9,124.7,A,Primary,Headline,1.591837,D,S,185055.000000
Wed Jul 30 14:20:31 2025,30-Jul-2025,172034,46 47.998800 N,062 29.703100 W,2.0,124.7,A,Primary,Headline,1.591837,D,S,185055.000000
Wed Jul 30 14:20:31 2025,30-Jul-2025,172035,46 47.998500 N,062 29.702500 W,2.0,124.8,A,Primary,Headline,1.591837,D,S,185055.000000
Wed Jul 30 14:20:35 2025,30-Jul-2025,172036,46 47.998200 N,062 29.701900 W,1.9,124.9,A,Depth,Depth,70.000000,D,S,75020.000000
Wed Jul 30 14:20:35 2025,30-Jul-2025,172037,46 47.998000 N,062 29.701400 W,2.0,125.0,A,Depth,Depth,70.000000,D,S,75020.000000
Wed Jul 30 14:20:36 2025,30-Jul-2025,172038,46 47.997700 N,062 29.700700 W,1.9,125.2,A,Primary,Headline,1.122449,D,S,101449.000000
Wed Jul 30 14:20:36 2025,30-Jul-2025,172039,46 47.997500 N,062 29.700200 W,2.0,125.3,A,Primary,Headline,1.122449,D,S,101449.000000
Wed Jul 30 14:20:36 2025,30-Jul-2025,172040,46 47.997200 N,062 29.699400 W,2.0,125.2,A,Primary,Headline,1.122449,D,S,101449.000000
Wed Jul 30 14:20:39 2025,30-Jul-2025,172041,46 47.997000 N,062 29.698600 W,2.0,125.1,A,DoorSpread,DoorMaster,8.460000,D,S,94073.000000
Wed Jul 30 14:20:39 2025,30-Jul-2025,172042,46 47.996700 N,062 29.697800 W,2.0,125.4,A,DoorSpread,DoorMaster,8.460000,D,S,94073.000000
Wed Jul 30 14:20:42 2025,30-Jul-2025,172043,46 47.996500 N,062 29.697100 W,2.0,125.8,A,Depth,Depth,68.611111,D,P,151303.000000
Wed Jul 30 14:20:42 2025,30-Jul-2025,172044,46 47.996200 N,062 29.696300 W,2.1,126.2,A,Depth,Depth,68.148148,D,S,54286.000000
Wed Jul 30 14:20:42 2025,30-Jul-2025,172045,46 47.996000 N,062 29.695500 W,2.1,126.6,A,Depth,Depth,68.148148,D,S,54286.000000
Wed Jul 30 14:20:42 2025,30-Jul-2025,172046,46 47.995700 N,062 29.694700 W,2.1,127.0,A,Depth,Depth,68.148148,D,S,54286.000000
Wed Jul 30 14:20:45 2025,30-Jul-2025,172047,46 47.995500 N,062 29.693800 W,2.1,127.1,A,DoorSpread,DoorMaster,6.840000,D,S,90293.000000
Wed Jul 30 14:20:46 2025,30-Jul-2025,172048,46 47.995100 N,062 29.692900 W,2.2,127.0,A,Primary,Headline,1.326531,D,S,92296.000000
Wed Jul 30 14:20:46 2025,30-Jul-2025,172049,46 47.994900 N,062 29.692000 W,2.2,127.0,A,Primary,Headline,1.326531,D,S,92296.000000
Wed Jul 30 14:20:46 2025,30-Jul-2025,172050,46 47.994600 N,062 29.691100 W,2.2,126.8,A,Primary,Headline,1.326531,D,S,92296.000000
Wed Jul 30 14:20:49 2025,30-Jul-2025,172051,46 47.994300 N,062 29.690300 W,2.2,126.5,A,Depth,Depth,69.166667,D,S,52631.000000
Wed Jul 30 14:20:51 2025,30-Jul-2025,172052,46 47.994000 N,062 29.689500 W,2.2,126.2,A,DoorSpread,DoorMaster,6.835000,D,S,57453.000000
Wed Jul 30 14:20:51 2025,30-Jul-2025,172053,46 47.993700 N,062 29.688700 W,2.3,125.8,A,Primary,Headline,1.367347,D,S,210053.000000
Wed Jul 30 14:20:51 2025,30-Jul-2025,172054,46 47.993500 N,062 29.687900 W,2.3,125.5,A,Primary,Headline,1.367347,D,S,210053.000000
Wed Jul 30 14:20:51 2025,30-Jul-2025,172055,46 47.993200 N,062 29.687000 W,2.3,125.4,A,Primary,Headline,1.367347,D,S,210053.000000
Wed Jul 30 14:20:51 2025,30-Jul-2025,172056,46 47.992900 N,062 29.686100 W,2.3,125.5,A,Primary,Headline,1.367347,D,S,210053.000000
Wed Jul 30 14:20:51 2025,30-Jul-2025,172057,46 47.992600 N,062 29.685400 W,2.3,125.5,A,Primary,Headline,1.367347,D,S,210053.000000
Wed Jul 30 14:20:56 2025,30-Jul-2025,172058,46 47.992400 N,062 29.684600 W,2.2,125.3,A,Primary,Headline,1.448980,D,S,156493.000000
Wed Jul 30 14:20:56 2025,30-Jul-2025,172059,46 47.992200 N,062 29.684000 W,2.2,125.1,A,Primary,Headline,1.448980,D,S,156493.000000
Wed Jul 30 14:20:56 2025,30-Jul-2025,172100,46 47.991900 N,062 29.683400 W,2.2,125.1,A,Primary,Headline,1.448980,D,S,156493.000000
Wed Jul 30 14:20:56 2025,30-Jul-2025,172101,46 47.991700 N,062 29.682900 W,2.2,125.0,A,Primary,Headline,1.448980,D,S,156493.000000
Wed Jul 30 14:20:56 2025,30-Jul-2025,172102,46 47.991300 N,062 29.682400 W,2.2,125.0,A,Primary,Headline,1.448980,D,S,156493.000000
Wed Jul 30 14:21:02 2025,30-Jul-2025,172103,46 47.991000 N,062 29.681900 W,2.2,124.7,A,DoorSpread,DoorMaster,4.290000,D,S,73553.000000
Wed Jul 30 14:21:02 2025,30-Jul-2025,172104,46 47.990700 N,062 29.681200 W,2.2,124.5,A,DoorSpread,DoorMaster,4.290000,D,S,73553.000000
Wed Jul 30 14:21:02 2025,30-Jul-2025,172105,46 47.990400 N,062 29.680500 W,2.1,124.4,A,DoorSpread,DoorMaster,4.290000,D,S,73553.000000
Wed Jul 30 14:21:02 2025,30-Jul-2025,172106,46 47.990000 N,062 29.680000 W,2.1,124.3,A,DoorSpread,DoorMaster,4.290000,D,S,73553.000000
Wed Jul 30 14:21:02 2025,30-Jul-2025,172107,46 47.989700 N,062 29.679200 W,2.2,124.0,A,DoorSpread,DoorMaster,4.290000,D,S,73553.000000
Wed Jul 30 14:21:06 2025,30-Jul-2025,172108,46 47.989400 N,062 29.678400 W,2.2,123.5,A,Primary,Headline,1.183673,D,S,176003.000000
Wed Jul 30 14:21:07 2025,30-Jul-2025,172109,46 47.989100 N,062 29.677600 W,2.2,123.2,A,DoorSpread,DoorMaster,3.895000,D,P,251093.000000
Wed Jul 30 14:21:07 2025,30-Jul-2025,172110,46 47.988800 N,062 29.676900 W,2.2,123.1,A,DoorSpread,DoorMaster,3.895000,D,P,251093.000000
Wed Jul 30 14:21:07 2025,30-Jul-2025,172111,46 47.988500 N,062 29.676200 W,2.2,122.9,A,DoorSpread,DoorMaster,3.895000,D,P,251093.000000
Wed Jul 30 14:21:07 2025,30-Jul-2025,172112,46 47.988200 N,062 29.675400 W,2.2,122.4,A,DoorSpread,DoorMaster,3.895000,D,P,251093.000000
Wed Jul 30 14:21:11 2025,30-Jul-2025,172113,46 47.988000 N,062 29.674600 W,2.2,121.8,A,Depth,Depth,68.055556,D,P,172791.000000
Wed Jul 30 14:21:11 2025,30-Jul-2025,172114,46 47.987800 N,062 29.673900 W,2.2,121.2,A,Depth,Depth,68.055556,D,P,172791.000000
Wed Jul 30 14:21:11 2025,30-Jul-2025,172115,46 47.987600 N,062 29.673100 W,2.2,120.7,A,Depth,Depth,68.055556,D,P,172791.000000
Wed Jul 30 14:21:11 2025,30-Jul-2025,172116,46 47.987300 N,062 29.672100 W,2.2,120.1,A,Depth,Depth,68.055556,D,P,172791.000000
Wed Jul 30 14:21:11 2025,30-Jul-2025,172117,46 47.987000 N,062 29.671400 W,2.2,119.5,A,Depth,Depth,68.055556,D,P,172791.000000
Wed Jul 30 14:21:11 2025,30-Jul-2025,172118,46 47.986600 N,062 29.670500 W,2.2,119.2,A,Depth,Depth,68.055556,D,P,172791.000000
Wed Jul 30 14:21:18 2025,30-Jul-2025,172119,46 47.986300 N,062 29.669800 W,2.2,119.0,A,DoorSpread,DoorMaster,3.885000,D,S,94968.000000
Wed Jul 30 14:21:18 2025,30-Jul-2025,172120,46 47.985900 N,062 29.669000 W,2.3,118.7,A,Depth,Depth,68.148148,D,S,235025.000000
Wed Jul 30 14:21:18 2025,30-Jul-2025,172121,46 47.985600 N,062 29.668200 W,2.3,118.4,A,Depth,Depth,68.148148,D,S,235025.000000
Wed Jul 30 14:21:18 2025,30-Jul-2025,172122,46 47.985300 N,062 29.667400 W,2.2,118.1,A,Depth,Depth,68.148148,D,S,235025.000000
Wed Jul 30 14:21:21 2025,30-Jul-2025,172123,46 47.985000 N,062 29.666500 W,2.2,117.8,A,Primary,Headline,1.775510,D,S,354371.000000
Wed Jul 30 14:21:21 2025,30-Jul-2025,172124,46 47.984600 N,062 29.665700 W,2.3,117.4,A,Primary,Headline,1.775510,D,S,354371.000000
Wed Jul 30 14:21:21 2025,30-Jul-2025,172125,46 47.984200 N,062 29.664900 W,2.3,117.2,A,Primary,Headline,1.775510,D,S,354371.000000
Wed Jul 30 14:21:21 2025,30-Jul-2025,172126,46 47.983800 N,062 29.664000 W,2.3,117.0,A,Primary,Headline,1.775510,D,S,354371.000000
Wed Jul 30 14:21:25 2025,30-Jul-2025,172127,46 47.983300 N,062 29.663200 W,2.3,116.9,A,Depth,Depth,68.148148,D,P,60672.000000
Wed Jul 30 14:21:27 2025,30-Jul-2025,172128,46 47.982800 N,062 29.662300 W,2.4,116.8,A,Primary,Headline,2.163265,D,S,168480.000000
Wed Jul 30 14:21:27 2025,30-Jul-2025,172129,46 47.982300 N,062 29.661400 W,2.4,116.7,A,Primary,Headline,2.163265,D,S,168480.000000
Wed Jul 30 14:21:28 2025,30-Jul-2025,172130,46 47.982000 N,062 29.660600 W,2.4,116.5,A,DoorSpread,DoorMaster,4.550000,D,S,389914.000000
Wed Jul 30 14:21:28 2025,30-Jul-2025,172131,46 47.981600 N,062 29.659900 W,2.4,116.4,A,DoorSpread,DoorMaster,4.550000,D,S,389914.000000
Wed Jul 30 14:21:28 2025,30-Jul-2025,172132,46 47.981200 N,062 29.659000 W,2.4,116.1,A,DoorSpread,DoorMaster,4.550000,D,S,389914.000000
Wed Jul 30 14:21:31 2025,30-Jul-2025,172133,46 47.980900 N,062 29.658100 W,2.5,116.1,A,Primary,Headline,1.714286,D,S,69224.000000
Wed Jul 30 14:21:32 2025,30-Jul-2025,172134,46 47.980400 N,062 29.657300 W,2.5,116.0,A,Depth,Depth,67.592593,D,S,68672.000000
Wed Jul 30 14:21:34 2025,30-Jul-2025,172135,46 47.979900 N,062 29.656300 W,2.6,116.0,A,DoorSpread,DoorMaster,5.075000,D,S,115580.000000
Wed Jul 30 14:21:34 2025,30-Jul-2025,172136,46 47.979500 N,062 29.655100 W,2.7,115.9,A,DoorSpread,DoorMaster,5.075000,D,S,115580.000000
Wed Jul 30 14:21:34 2025,30-Jul-2025,172137,46 47.979100 N,062 29.653800 W,2.8,115.8,A,DoorSpread,DoorMaster,5.075000,D,S,115580.000000
Wed Jul 30 14:21:36 2025,30-Jul-2025,172138,46 47.978700 N,062 29.652600 W,2.8,115.9,A,Primary,Headline,0.979592,D,S,226783.000000
Wed Jul 30 14:21:36 2025,30-Jul-2025,172139,46 47.978300 N,062 29.651400 W,2.9,115.9,A,Primary,Headline,0.979592,D,S,226783.000000
Wed Jul 30 14:21:36 2025,30-Jul-2025,172140,46 47.978100 N,062 29.650100 W,3.0,115.9,A,Primary,Headline,0.979592,D,S,226783.000000
Wed Jul 30 14:21:40 2025,30-Jul-2025,172141,46 47.977800 N,062 29.648800 W,3.0,115.7,A,Depth,Depth,67.685185,D,S,174322.000000
Wed Jul 30 14:21:40 2025,30-Jul-2025,172142,46 47.977600 N,062 29.647600 W,3.1,115.6,A,Depth,Depth,67.685185,D,S,174322.000000
Wed Jul 30 14:21:41 2025,30-Jul-2025,172143,46 47.977300 N,062 29.646400 W,3.2,115.4,A,Primary,Headline,1.448980,D,S,133018.000000
Wed Jul 30 14:21:41 2025,30-Jul-2025,172144,46 47.977000 N,062 29.645000 W,3.2,114.9,A,Primary,Headline,1.448980,D,S,133018.000000
Wed Jul 30 14:21:41 2025,30-Jul-2025,172145,46 47.976800 N,062 29.643700 W,3.4,113.8,A,Primary,Headline,1.448980,D,S,133018.000000
Wed Jul 30 14:21:45 2025,30-Jul-2025,172146,46 47.976500 N,062 29.642500 W,3.4,113.1,A,DoorSpread,DoorMaster,6.370000,D,S,245679.000000
Wed Jul 30 14:21:45 2025,30-Jul-2025,172147,46 47.976300 N,062 29.641400 W,3.4,112.6,A,DoorSpread,DoorMaster,6.370000,D,S,245679.000000
Wed Jul 30 14:21:46 2025,30-Jul-2025,172148,46 47.976000 N,062 29.640300 W,3.4,112.2,A,Primary,Headline,2.775510,D,S,127742.000000
Wed Jul 30 14:21:47 2025,30-Jul-2025,172149,46 47.975600 N,062 29.639100 W,3.4,111.9,A,Depth,Depth,69.444444,D,S,167036.000000
Wed Jul 30 14:21:47 2025,30-Jul-2025,172150,46 47.975300 N,062 29.638100 W,3.3,111.7,A,Depth,Depth,69.444444,D,S,167036.000000
Wed Jul 30 14:21:47 2025,30-Jul-2025,172151,46 47.974900 N,062 29.637200 W,3.2,111.7,A,Depth,Depth,69.444444,D,S,167036.000000
Wed Jul 30 14:21:50 2025,30-Jul-2025,172152,46 47.974600 N,062 29.636300 W,3.2,111.7,A,DoorSpread,DoorMaster,7.470000,D,S,415595.000000
Wed Jul 30 14:21:52 2025,30-Jul-2025,172153,46 47.974300 N,062 29.635300 W,3.1,111.8,A,Primary,Headline,4.632653,D,S,117344.000000
Wed Jul 30 14:21:52 2025,30-Jul-2025,172154,46 47.973900 N,062 29.634200 W,3.1,111.9,A,Primary,Headline,4.632653,D,S,117344.000000
Wed Jul 30 14:21:52 2025,30-Jul-2025,172155,46 47.973500 N,062 29.633100 W,3.0,112.0,A,Primary,Headline,4.632653,D,S,117344.000000
Wed Jul 30 14:21:54 2025,30-Jul-2025,172156,46 47.973200 N,062 29.632100 W,3.0,112.1,A,Depth,Depth,61.481481,D,S,123865.000000
Wed Jul 30 14:21:54 2025,30-Jul-2025,172157,46 47.972900 N,062 29.631300 W,2.9,112.3,A,Depth,Depth,61.481481,D,S,123865.000000
Wed Jul 30 14:21:57 2025,30-Jul-2025,172158,46 47.972600 N,062 29.630400 W,2.9,112.5,A,Primary,Headline,6.265306,D,S,194282.000000
Wed Jul 30 14:21:57 2025,30-Jul-2025,172159,46 47.972300 N,062 29.629500 W,2.9,112.7,A,Primary,Headline,6.265306,D,S,194282.000000
Wed Jul 30 14:21:57 2025,30-Jul-2025,172200,46 47.971900 N,062 29.628600 W,2.8,112.8,A,Primary,Headline,6.265306,D,S,194282.000000
Wed Jul 30 14:21:57 2025,30-Jul-2025,172201,46 47.971600 N,062 29.627800 W,2.7,112.8,A,Primary,Headline,6.265306,D,S,194282.000000
Wed Jul 30 14:21:57 2025,30-Jul-2025,172202,46 47.971300 N,062 29.626900 W,2.7,112.9,A,Primary,Headline,6.265306,D,S,194282.000000
Wed Jul 30 14:22:02 2025,30-Jul-2025,172203,46 47.971000 N,062 29.626100 W,2.7,112.9,A,Primary,Headline,7.836735,D,S,59099.000000
Wed Jul 30 14:22:02 2025,30-Jul-2025,172204,46 47.970800 N,062 29.625300 W,2.6,112.8,A,DoorSpread,DoorMaster,5.785000,D,S,268246.000000
Wed Jul 30 14:22:02 2025,30-Jul-2025,172205,46 47.970500 N,062 29.624500 W,2.6,112.8,A,DoorSpread,DoorMaster,5.785000,D,S,268246.000000
Wed Jul 30 14:22:02 2025,30-Jul-2025,172206,46 47.970200 N,062 29.623700 W,2.6,112.9,A,DoorSpread,DoorMaster,5.785000,D,S,268246.000000
Wed Jul 30 14:22:02 2025,30-Jul-2025,172207,46 47.969900 N,062 29.622900 W,2.5,112.9,A,DoorSpread,DoorMaster,5.785000,D,S,268246.000000
Wed Jul 30 14:22:02 2025,30-Jul-2025,172208,46 47.969700 N,062 29.621900 W,2.5,112.8,A,DoorSpread,DoorMaster,5.785000,D,S,268246.000000
Wed Jul 30 14:22:08 2025,30-Jul-2025,172209,46 47.969500 N,062 29.621000 W,2.4,112.6,A,DoorSpread,DoorMaster,5.425000,D,P,54997.000000
Wed Jul 30 14:22:09 2025,30-Jul-2025,172210,46 47.969300 N,062 29.620100 W,2.4,112.6,A,Depth,Depth,58.333333,D,P,81422.000000
Wed Jul 30 14:22:09 2025,30-Jul-2025,172211,46 47.969100 N,062 29.619200 W,2.4,112.5,A,Depth,Depth,58.333333,D,P,81422.000000
Wed Jul 30 14:22:09 2025,30-Jul-2025,172212,46 47.969000 N,062 29.618300 W,2.3,112.3,A,Depth,Depth,58.333333,D,P,81422.000000
Wed Jul 30 14:22:09 2025,30-Jul-2025,172213,46 47.968800 N,062 29.617500 W,2.3,112.1,A,Depth,Depth,58.333333,D,P,81422.000000
Wed Jul 30 14:22:12 2025,30-Jul-2025,172214,46 47.968500 N,062 29.616500 W,2.3,111.7,A,Primary,Headline,10.306122,D,S,163970.000000
Wed Jul 30 14:22:13 2025,30-Jul-2025,172215,46 47.968400 N,062 29.615700 W,2.3,111.4,A,DoorSpread,DoorMaster,5.145000,D,S,176555.000000
Wed Jul 30 14:22:13 2025,30-Jul-2025,172216,46 47.968100 N,062 29.614900 W,2.2,111.5,A,DoorSpread,DoorMaster,5.145000,D,S,176555.000000
Wed Jul 30 14:22:16 2025,30-Jul-2025,172217,46 47.967800 N,062 29.614200 W,2.2,111.8,A,Depth,Depth,58.703704,D,S,128196.000000
Wed Jul 30 14:22:16 2025,30-Jul-2025,172218,46 47.967600 N,062 29.613400 W,2.2,111.9,A,Depth,Depth,58.703704,D,S,128196.000000
Wed Jul 30 14:22:17 2025,30-Jul-2025,172219,46 47.967500 N,062 29.612600 W,2.2,111.8,A,Primary,Headline,11.428571,D,S,111364.000000
Wed Jul 30 14:22:17 2025,30-Jul-2025,172220,46 47.967500 N,062 29.611800 W,2.2,111.4,A,Primary,Headline,11.428571,D,S,111364.000000
Wed Jul 30 14:22:17 2025,30-Jul-2025,172221,46 47.967400 N,062 29.610900 W,2.2,110.9,A,Primary,Headline,11.428571,D,S,111364.000000
Wed Jul 30 14:22:17 2025,30-Jul-2025,172222,46 47.967300 N,062 29.610100 W,2.1,110.6,A,Primary,Headline,11.428571,D,S,111364.000000
Wed Jul 30 14:22:17 2025,30-Jul-2025,172223,46 47.967100 N,062 29.609200 W,2.1,110.5,A,Primary,Headline,11.428571,D,S,111364.000000
Wed Jul 30 14:22:23 2025,30-Jul-2025,172224,46 47.966900 N,062 29.608400 W,2.1,110.4,A,Primary,Headline,11.897959,D,S,98686.000000
Wed Jul 30 14:22:23 2025,30-Jul-2025,172225,46 47.966700 N,062 29.607600 W,2.1,110.4,A,Depth,Depth,59.074074,D,P,105158.000000
Wed Jul 30 14:22:23 2025,30-Jul-2025,172226,46 47.966400 N,062 29.606800 W,2.1,110.5,A,Depth,Depth,59.074074,D,P,105158.000000
Wed Jul 30 14:22:23 2025,30-Jul-2025,172227,46 47.966100 N,062 29.605900 W,2.1,110.6,A,Depth,Depth,59.074074,D,P,105158.000000
Wed Jul 30 14:22:23 2025,30-Jul-2025,172228,46 47.965900 N,062 29.605100 W,2.0,110.6,A,Depth,Depth,59.074074,D,P,105158.000000
Wed Jul 30 14:22:28 2025,30-Jul-2025,172229,46 47.965600 N,062 29.604300 W,2.1,110.9,A,Primary,Headline,11.612245,D,P,133775.000000
Wed Jul 30 14:22:29 2025,30-Jul-2025,172230,46 47.965300 N,062 29.603500 W,2.0,111.2,A,DoorSpread,DoorMaster,5.495000,D,P,147747.000000
Wed Jul 30 14:22:29 2025,30-Jul-2025,172231,46 47.965100 N,062 29.602800 W,2.0,111.5,A,DoorSpread,DoorMaster,5.480000,D,S,115116.000000
Wed Jul 30 14:22:30 2025,30-Jul-2025,172232,46 47.964800 N,062 29.602100 W,2.0,111.8,A,Depth,Depth,45.740741,D,S,128539.000000
Wed Jul 30 14:22:30 2025,30-Jul-2025,172233,46 47.964400 N,062 29.601300 W,2.1,112.1,A,Depth,Depth,45.740741,D,S,128539.000000
Wed Jul 30 14:22:33 2025,30-Jul-2025,172234,46 47.964100 N,062 29.600600 W,2.0,112.4,A,Primary,Headline,11.836735,D,P,146030.000000
Wed Jul 30 14:22:33 2025,30-Jul-2025,172235,46 47.963900 N,062 29.599900 W,2.0,112.7,A,Primary,Headline,11.836735,D,P,146030.000000
Wed Jul 30 14:22:33 2025,30-Jul-2025,172236,46 47.963600 N,062 29.599200 W,2.0,113.1,A,Primary,Headline,11.836735,D,P,146030.000000
Wed Jul 30 14:22:33 2025,30-Jul-2025,172237,46 47.963300 N,062 29.598500 W,2.0,113.6,A,Primary,Headline,11.836735,D,P,146030.000000
Wed Jul 30 14:22:33 2025,30-Jul-2025,172238,46 47.963000 N,062 29.597800 W,2.0,114.0,A,Primary,Headline,11.836735,D,P,146030.000000
Wed Jul 30 14:22:38 2025,30-Jul-2025,172239,46 47.962800 N,062 29.597100 W,1.9,114.2,A,Depth,Depth,54.814815,D,S,118910.000000
Wed Jul 30 14:22:38 2025,30-Jul-2025,172240,46 47.962600 N,062 29.596500 W,1.9,114.5,A,Primary,Headline,12.163265,D,S,80797.000000
Wed Jul 30 14:22:38 2025,30-Jul-2025,172241,46 47.962300 N,062 29.595800 W,1.9,114.7,A,Primary,Headline,12.163265,D,S,80797.000000
Wed Jul 30 14:22:38 2025,30-Jul-2025,172242,46 47.962100 N,062 29.595100 W,1.9,115.0,A,Primary,Headline,12.163265,D,S,80797.000000
Wed Jul 30 14:22:38 2025,30-Jul-2025,172243,46 47.961900 N,062 29.594400 W,1.9,115.2,A,Primary,Headline,12.163265,D,S,80797.000000
Wed Jul 30 14:22:38 2025,30-Jul-2025,172244,46 47.961600 N,062 29.593800 W,1.9,115.3,A,Primary,Headline,12.163265,D,S,80797.000000
Wed Jul 30 14:22:43 2025,30-Jul-2025,172245,46 47.961500 N,062 29.593100 W,1.9,115.2,A,Primary,Headline,17.530612,D,P,49234.000000
Wed Jul 30 14:22:45 2025,30-Jul-2025,172246,46 47.961300 N,062 29.592400 W,1.9,115.2,A,Depth,Depth,58.518519,D,P,82782.000000
Wed Jul 30 14:22:45 2025,30-Jul-2025,172247,46 47.961000 N,062 29.591800 W,1.9,115.3,A,Depth,Depth,58.518519,D,P,82782.000000
Wed Jul 30 14:22:45 2025,30-Jul-2025,172248,46 47.960800 N,062 29.591200 W,1.8,115.4,A,Depth,Depth,58.518519,D,P,82782.000000
Wed Jul 30 14:22:45 2025,30-Jul-2025,172249,46 47.960500 N,062 29.590500 W,1.8,115.4,A,Depth,Depth,58.518519,D,P,82782.000000
Wed Jul 30 14:22:49 2025,30-Jul-2025,172250,46 47.960400 N,062 29.589900 W,1.8,115.4,A,Primary,Headline,12.469388,D,S,154697.000000
Wed Jul 30 14:22:49 2025,30-Jul-2025,172251,46 47.960100 N,062 29.589200 W,1.8,115.4,A,Primary,Headline,12.469388,D,S,154697.000000
Wed Jul 30 14:22:49 2025,30-Jul-2025,172252,46 47.959900 N,062 29.588700 W,1.8,115.4,A,Primary,Headline,12.469388,D,S,154697.000000
Wed Jul 30 14:22:49 2025,30-Jul-2025,172253,46 47.959700 N,062 29.588000 W,1.8,115.5,A,Primary,Headline,12.469388,D,S,154697.000000
Wed Jul 30 14:22:52 2025,30-Jul-2025,172254,46 47.959400 N,062 29.587400 W,1.8,115.5,A,Depth,Depth,53.981481,D,S,127546.000000
Wed Jul 30 14:22:54 2025,30-Jul-2025,172255,46 47.959300 N,062 29.586800 W,1.8,115.5,A,Primary,Headline,12.897959,D,S,100879.000000
Wed Jul 30 14:22:54 2025,30-Jul-2025,172256,46 47.959100 N,062 29.586200 W,1.7,115.4,A,Primary,Headline,12.897959,D,S,100879.000000
Wed Jul 30 14:22:54 2025,30-Jul-2025,172257,46 47.958900 N,062 29.585500 W,1.8,115.3,A,Primary,Headline,12.897959,D,S,100879.000000
Wed Jul 30 14:22:54 2025,30-Jul-2025,172258,46 47.958600 N,062 29.584800 W,1.8,115.3,A,Primary,Headline,12.897959,D,S,100879.000000
Wed Jul 30 14:22:54 2025,30-Jul-2025,172259,46 47.958400 N,062 29.584200 W,1.8,115.2,A,Primary,Headline,12.897959,D,S,100879.000000
Wed Jul 30 14:22:59 2025,30-Jul-2025,172300,46 47.958200 N,062 29.583500 W,1.8,115.1,A,Primary,Headline,13.591837,D,P,43039.000000
Wed Jul 30 14:23:00 2025,30-Jul-2025,172301,46 47.958000 N,062 29.582900 W,1.8,115.0,A,Depth,Depth,191.018519,D,S,124044.000000
Wed Jul 30 14:23:00 2025,30-Jul-2025,172302,46 47.957800 N,062 29.582300 W,1.8,115.0,A,Depth,Depth,191.018519,D,S,124044.000000
Wed Jul 30 14:23:00 2025,30-Jul-2025,172303,46 47.957500 N,062 29.581600 W,1.8,114.9,A,Depth,Depth,191.018519,D,S,124044.000000
Wed Jul 30 14:23:00 2025,30-Jul-2025,172304,46 47.957300 N,062 29.581000 W,1.8,114.9,A,Depth,Depth,191.018519,D,S,124044.000000
Wed Jul 30 14:23:00 2025,30-Jul-2025,172305,46 47.957100 N,062 29.580300 W,1.8,114.8,A,Depth,Depth,191.018519,D,S,124044.000000
Wed Jul 30 14:23:05 2025,30-Jul-2025,172306,46 47.956900 N,062 29.579700 W,1.8,114.7,A,Primary,Headline,51.326531,D,S,102198.000000
Wed Jul 30 14:23:05 2025,30-Jul-2025,172307,46 47.956500 N,062 29.579200 W,1.8,114.8,A,Primary,Headline,51.326531,D,S,102198.000000
Wed Jul 30 14:23:07 2025,30-Jul-2025,172308,46 47.956200 N,062 29.578600 W,1.8,114.8,A,Depth,Depth,51.296296,D,S,28417.000000
Wed Jul 30 14:23:07 2025,30-Jul-2025,172309,46 47.955900 N,062 29.578000 W,1.8,114.8,A,Depth,Depth,51.296296,D,S,28417.000000
Wed Jul 30 14:23:07 2025,30-Jul-2025,172310,46 47.955700 N,062 29.577400 W,1.8,114.8,A,Depth,Depth,51.296296,D,S,28417.000000
Wed Jul 30 14:23:10 2025,30-Jul-2025,172311,46 47.955400 N,062 29.576800 W,1.8,115.1,A,DoorSpread,DoorMaster,3.510000,D,P,96592.000000
Wed Jul 30 14:23:10 2025,30-Jul-2025,172312,46 47.955100 N,062 29.576200 W,1.8,115.3,A,DoorSpread,DoorMaster,3.510000,D,P,96592.000000
Wed Jul 30 14:23:10 2025,30-Jul-2025,172313,46 47.954800 N,062 29.575600 W,1.8,115.5,A,DoorSpread,DoorMaster,3.510000,D,P,96592.000000
Wed Jul 30 14:23:10 2025,30-Jul-2025,172314,46 47.954600 N,062 29.574900 W,1.8,115.6,A,DoorSpread,DoorMaster,3.510000,D,P,96592.000000
Wed Jul 30 14:23:10 2025,30-Jul-2025,172315,46 47.954400 N,062 29.574300 W,1.8,115.7,A,DoorSpread,DoorMaster,3.510000,D,P,96592.000000
Wed Jul 30 14:23:10 2025,30-Jul-2025,172316,46 47.954100 N,062 29.573500 W,1.8,115.9,A,DoorSpread,DoorMaster,3.510000,D,P,96592.000000
Wed Jul 30 14:23:10 2025,30-Jul-2025,172317,46 47.953900 N,062 29.572800 W,1.8,116.0,A,DoorSpread,DoorMaster,3.510000,D,P,96592.000000
Wed Jul 30 14:23:10 2025,30-Jul-2025,172318,46 47.953600 N,062 29.572000 W,1.8,116.1,A,DoorSpread,DoorMaster,3.510000,D,P,96592.000000
Wed Jul 30 14:23:10 2025,30-Jul-2025,172319,46 47.953400 N,062 29.571300 W,1.8,116.3,A,DoorSpread,DoorMaster,3.510000,D,P,96592.000000
Wed Jul 30 14:23:10 2025,30-Jul-2025,172320,46 47.953100 N,062 29.570700 W,1.8,116.4,A,DoorSpread,DoorMaster,3.510000,D,P,96592.000000
Wed Jul 30 14:23:10 2025,30-Jul-2025,172321,46 47.952900 N,062 29.570000 W,1.8,116.4,A,DoorSpread,DoorMaster,3.510000,D,P,96592.000000
Wed Jul 30 14:23:10 2025,30-Jul-2025,172322,46 47.952700 N,062 29.569400 W,1.8,116.4,A,DoorSpread,DoorMaster,3.510000,D,P,96592.000000
Wed Jul 30 14:23:10 2025,30-Jul-2025,172323,46 47.952500 N,062 29.568800 W,1.8,116.5,A,DoorSpread,DoorMaster,3.510000,D,P,96592.000000
Wed Jul 30 14:23:10 2025,30-Jul-2025,172324,46 47.952200 N,062 29.568100 W,1.8,116.6,A,DoorSpread,DoorMaster,3.510000,D,P,96592.000000
Wed Jul 30 14:23:10 2025,30-Jul-2025,172325,46 47.952000 N,062 29.567400 W,1.8,116.6,A,DoorSpread,DoorMaster,3.510000,D,P,96592.000000
Wed Jul 30 14:23:10 2025,30-Jul-2025,172326,46 47.951800 N,062 29.566800 W,1.8,116.6,A,DoorSpread,DoorMaster,3.510000,D,P,96592.000000
Wed Jul 30 14:23:10 2025,30-Jul-2025,172327,46 47.951500 N,062 29.566100 W,1.8,116.6,A,DoorSpread,DoorMaster,3.510000,D,P,96592.000000
Wed Jul 30 14:23:10 2025,30-Jul-2025,172328,46 47.951400 N,062 29.565500 W,1.7,116.6,A,DoorSpread,DoorMaster,3.510000,D,P,96592.000000
Wed Jul 30 14:23:10 2025,30-Jul-2025,172329,46 47.951200 N,062 29.564900 W,1.7,116.6,A,DoorSpread,DoorMaster,3.510000,D,P,96592.000000
Wed Jul 30 14:23:10 2025,30-Jul-2025,172330,46 47.950900 N,062 29.564000 W,1.8,116.4,A,DoorSpread,DoorMaster,3.510000,D,P,96592.000000
Wed Jul 30 14:23:10 2025,30-Jul-2025,172331,46 47.950500 N,062 29.563200 W,1.8,116.4,A,DoorSpread,DoorMaster,3.510000,D,P,96592.000000
Wed Jul 30 14:23:10 2025,30-Jul-2025,172332,46 47.950300 N,062 29.562500 W,1.7,116.2,A,DoorSpread,DoorMaster,3.510000,D,P,96592.000000
Wed Jul 30 14:23:10 2025,30-Jul-2025,172333,46 47.950100 N,062 29.561800 W,1.7,116.0,A,DoorSpread,DoorMaster,3.510000,D,P,96592.000000
Wed Jul 30 14:23:10 2025,30-Jul-2025,172334,46 47.949800 N,062 29.561100 W,1.8,115.7,A,DoorSpread,DoorMaster,3.510000,D,P,96592.000000
Wed Jul 30 14:23:10 2025,30-Jul-2025,172335,46 47.949600 N,062 29.560400 W,1.8,115.6,A,DoorSpread,DoorMaster,3.510000,D,P,96592.000000
Wed Jul 30 14:23:10 2025,30-Jul-2025,172336,46 47.949400 N,062 29.559800 W,1.7,115.4,A,DoorSpread,DoorMaster,3.510000,D,P,96592.000000
Wed Jul 30 14:23:35 2025,30-Jul-2025,172337,46 47.949200 N,062 29.559100 W,1.7,115.2,A,DoorSpread,DoorMaster,3.935000,D,S,115583.000000
Wed Jul 30 14:23:35 2025,30-Jul-2025,172338,46 47.949000 N,062 29.558300 W,1.8,115.0,A,DoorSpread,DoorMaster,3.935000,D,S,115583.000000
Wed Jul 30 14:23:35 2025,30-Jul-2025,172339,46 47.948900 N,062 29.557700 W,1.8,114.9,A,DoorSpread,DoorMaster,3.935000,D,S,115583.000000
Wed Jul 30 14:23:35 2025,30-Jul-2025,172340,46 47.948700 N,062 29.557000 W,1.8,114.6,A,DoorSpread,DoorMaster,3.935000,D,S,115583.000000
Wed Jul 30 14:23:35 2025,30-Jul-2025,172341,46 47.948500 N,062 29.556400 W,1.8,114.4,A,DoorSpread,DoorMaster,3.935000,D,S,115583.000000
Wed Jul 30 14:23:35 2025,30-Jul-2025,172342,46 47.948300 N,062 29.555700 W,1.8,114.2,A,DoorSpread,DoorMaster,3.935000,D,S,115583.000000
Wed Jul 30 14:23:35 2025,30-Jul-2025,172343,46 47.948100 N,062 29.555000 W,1.8,114.1,A,DoorSpread,DoorMaster,3.935000,D,S,115583.000000
Wed Jul 30 14:23:35 2025,30-Jul-2025,172344,46 47.947900 N,062 29.554400 W,1.8,114.0,A,DoorSpread,DoorMaster,3.935000,D,S,115583.000000
Wed Jul 30 14:23:35 2025,30-Jul-2025,172345,46 47.947800 N,062 29.553800 W,1.7,113.8,A,DoorSpread,DoorMaster,3.935000,D,S,115583.000000
Wed Jul 30 14:23:35 2025,30-Jul-2025,172346,46 47.947600 N,062 29.553100 W,1.7,113.6,A,DoorSpread,DoorMaster,3.935000,D,S,115583.000000
Wed Jul 30 14:23:35 2025,30-Jul-2025,172347,46 47.947400 N,062 29.552500 W,1.8,113.4,A,DoorSpread,DoorMaster,3.935000,D,S,115583.000000
Wed Jul 30 14:23:35 2025,30-Jul-2025,172348,46 47.947300 N,062 29.551900 W,1.7,113.3,A,DoorSpread,DoorMaster,3.935000,D,S,115583.000000
Wed Jul 30 14:23:35 2025,30-Jul-2025,172349,46 47.947100 N,062 29.551300 W,1.7,113.3,A,DoorSpread,DoorMaster,3.935000,D,S,115583.000000
Wed Jul 30 14:23:35 2025,30-Jul-2025,172350,46 47.946900 N,062 29.550600 W,1.7,113.2,A,DoorSpread,DoorMaster,3.935000,D,S,115583.000000
Wed Jul 30 14:23:35 2025,30-Jul-2025,172351,46 47.946700 N,062 29.549900 W,1.7,113.1,A,DoorSpread,DoorMaster,3.935000,D,S,115583.000000
Wed Jul 30 14:23:35 2025,30-Jul-2025,172352,46 47.946600 N,062 29.549300 W,1.7,113.1,A,DoorSpread,DoorMaster,3.935000,D,S,115583.000000
Wed Jul 30 14:23:51 2025,30-Jul-2025,172353,46 47.946400 N,062 29.548800 W,1.7,113.1,A,DoorSpread,DoorMaster,4.650000,D,S,177573.000000
Wed Jul 30 14:23:51 2025,30-Jul-2025,172354,46 47.946200 N,062 29.548200 W,1.7,113.2,A,DoorSpread,DoorMaster,4.650000,D,S,177573.000000
Wed Jul 30 14:23:51 2025,30-Jul-2025,172355,46 47.946000 N,062 29.547500 W,1.8,113.2,A,DoorSpread,DoorMaster,4.650000,D,S,177573.000000
Wed Jul 30 14:23:51 2025,30-Jul-2025,172356,46 47.945800 N,062 29.546800 W,1.7,113.2,A,DoorSpread,DoorMaster,4.650000,D,S,177573.000000
Wed Jul 30 14:23:51 2025,30-Jul-2025,172357,46 47.945600 N,062 29.546300 W,1.7,113.2,A,DoorSpread,DoorMaster,4.650000,D,S,177573.000000
Wed Jul 30 14:23:57 2025,30-Jul-2025,172358,46 47.945400 N,062 29.545700 W,1.7,113.4,A,DoorSpread,DoorMaster,4.325000,D,S,122077.000000
Wed Jul 30 14:23:57 2025,30-Jul-2025,172359,46 47.945200 N,062 29.545100 W,1.8,113.5,A,DoorSpread,DoorMaster,4.325000,D,S,122077.000000
Wed Jul 30 14:23:57 2025,30-Jul-2025,172400,46 47.945000 N,062 29.544500 W,1.8,113.6,A,DoorSpread,DoorMaster,4.325000,D,S,122077.000000
Wed Jul 30 14:23:57 2025,30-Jul-2025,172401,46 47.944800 N,062 29.543800 W,1.8,113.5,A,DoorSpread,DoorMaster,4.325000,D,S,122077.000000
Wed Jul 30 14:23:57 2025,30-Jul-2025,172402,46 47.944600 N,062 29.543200 W,1.8,113.4,A,DoorSpread,DoorMaster,4.325000,D,S,122077.000000
Wed Jul 30 14:23:57 2025,30-Jul-2025,172403,46 47.944400 N,062 29.542400 W,1.8,113.2,A,DoorSpread,DoorMaster,4.325000,D,S,122077.000000
Wed Jul 30 14:23:57 2025,30-Jul-2025,172404,46 47.944200 N,062 29.541600 W,1.8,113.2,A,DoorSpread,DoorMaster,4.325000,D,S,122077.000000
Wed Jul 30 14:23:57 2025,30-Jul-2025,172405,46 47.944000 N,062 29.540800 W,1.8,113.1,A,DoorSpread,DoorMaster,4.325000,D,S,122077.000000
Wed Jul 30 14:23:57 2025,30-Jul-2025,172406,46 47.943800 N,062 29.540000 W,1.8,113.1,A,DoorSpread,DoorMaster,4.325000,D,S,122077.000000
Wed Jul 30 14:23:57 2025,30-Jul-2025,172407,46 47.943600 N,062 29.539200 W,1.8,113.1,A,DoorSpread,DoorMaster,4.325000,D,S,122077.000000
Wed Jul 30 14:23:57 2025,30-Jul-2025,172408,46 47.943500 N,062 29.538300 W,1.9,113.1,A,DoorSpread,DoorMaster,4.325000,D,S,122077.000000
Wed Jul 30 14:23:57 2025,30-Jul-2025,172409,46 47.943400 N,062 29.537400 W,1.9,113.2,A,DoorSpread,DoorMaster,4.325000,D,S,122077.000000
Wed Jul 30 14:23:57 2025,30-Jul-2025,172410,46 47.943300 N,062 29.536600 W,1.8,113.1,A,DoorSpread,DoorMaster,4.325000,D,S,122077.000000
Wed Jul 30 14:23:57 2025,30-Jul-2025,172411,46 47.943200 N,062 29.535800 W,1.8,113.0,A,DoorSpread,DoorMaster,4.325000,D,S,122077.000000
Wed Jul 30 14:23:57 2025,30-Jul-2025,172412,46 47.943100 N,062 29.535100 W,1.8,112.9,A,DoorSpread,DoorMaster,4.325000,D,S,122077.000000
Wed Jul 30 14:23:57 2025,30-Jul-2025,172413,46 47.942800 N,062 29.534300 W,1.9,113.0,A,DoorSpread,DoorMaster,4.325000,D,S,122077.000000
Wed Jul 30 14:23:57 2025,30-Jul-2025,172414,46 47.942700 N,062 29.533600 W,1.8,113.1,A,DoorSpread,DoorMaster,4.325000,D,S,122077.000000
Wed Jul 30 14:23:57 2025,30-Jul-2025,172415,46 47.942400 N,062 29.532900 W,1.8,113.2,A,DoorSpread,DoorMaster,4.325000,D,S,122077.000000
Wed Jul 30 14:23:57 2025,30-Jul-2025,172416,46 47.942200 N,062 29.532200 W,1.8,113.4,A,DoorSpread,DoorMaster,4.325000,D,S,122077.000000
Wed Jul 30 14:23:57 2025,30-Jul-2025,172417,46 47.942000 N,062 29.531500 W,1.8,113.5,A,DoorSpread,DoorMaster,4.325000,D,S,122077.000000
Wed Jul 30 14:23:57 2025,30-Jul-2025,172418,46 47.941800 N,062 29.530900 W,1.8,113.7,A,DoorSpread,DoorMaster,4.325000,D,S,122077.000000
Wed Jul 30 14:23:57 2025,30-Jul-2025,172419,46 47.941600 N,062 29.530100 W,1.8,113.8,A,DoorSpread,DoorMaster,4.325000,D,S,122077.000000
Wed Jul 30 14:23:57 2025,30-Jul-2025,172420,46 47.941300 N,062 29.529500 W,1.8,113.9,A,DoorSpread,DoorMaster,4.325000,D,S,122077.000000
Wed Jul 30 14:23:57 2025,30-Jul-2025,172421,46 47.941100 N,062 29.528800 W,1.8,114.0,A,DoorSpread,DoorMaster,4.325000,D,S,122077.000000
Wed Jul 30 14:23:57 2025,30-Jul-2025,172422,46 47.940900 N,062 29.528100 W,1.8,113.9,A,DoorSpread,DoorMaster,4.325000,D,S,122077.000000
Wed Jul 30 14:23:57 2025,30-Jul-2025,172423,46 47.940700 N,062 29.527400 W,1.9,113.9,A,DoorSpread,DoorMaster,4.325000,D,S,122077.000000
Wed Jul 30 14:24:22 2025,30-Jul-2025,172424,46 47.940500 N,062 29.526800 W,1.9,114.0,A,DoorSpread,DoorMaster,3.115000,D,P,49770.000000
Wed Jul 30 14:24:22 2025,30-Jul-2025,172425,46 47.940300 N,062 29.526000 W,1.9,114.9,A,DoorSpread,DoorMaster,3.115000,D,P,49770.000000
Wed Jul 30 14:24:22 2025,30-Jul-2025,172426,46 47.940100 N,062 29.525200 W,1.9,115.6,A,DoorSpread,DoorMaster,3.115000,D,P,49770.000000
Wed Jul 30 14:24:22 2025,30-Jul-2025,172427,46 47.939900 N,062 29.524400 W,1.9,115.9,A,DoorSpread,DoorMaster,3.115000,D,P,49770.000000
Wed Jul 30 14:24:22 2025,30-Jul-2025,172428,46 47.939800 N,062 29.523700 W,1.9,116.2,A,DoorSpread,DoorMaster,3.115000,D,P,49770.000000
Wed Jul 30 14:24:28 2025,30-Jul-2025,172429,46 47.939500 N,062 29.522800 W,1.9,116.6,A,DoorSpread,DoorMaster,3.005000,D,S,71477.000000
Wed Jul 30 14:24:28 2025,30-Jul-2025,172430,46 47.939300 N,062 29.521900 W,1.9,116.8,A,DoorSpread,DoorMaster,3.005000,D,S,71477.000000
Wed Jul 30 14:24:28 2025,30-Jul-2025,172431,46 47.939100 N,062 29.521200 W,1.9,117.0,A,DoorSpread,DoorMaster,3.005000,D,S,71477.000000
Wed Jul 30 14:24:28 2025,30-Jul-2025,172432,46 47.938800 N,062 29.520500 W,1.9,117.0,A,DoorSpread,DoorMaster,3.005000,D,S,71477.000000
Wed Jul 30 14:24:28 2025,30-Jul-2025,172433,46 47.938600 N,062 29.519700 W,1.9,117.0,A,DoorSpread,DoorMaster,3.005000,D,S,71477.000000
Wed Jul 30 14:24:33 2025,30-Jul-2025,172434,46 47.938200 N,062 29.518900 W,2.0,117.0,A,DoorSpread,DoorMaster,3.290000,D,S,120635.000000
Wed Jul 30 14:24:33 2025,30-Jul-2025,172435,46 47.938000 N,062 29.518200 W,1.9,116.9,A,DoorSpread,DoorMaster,3.290000,D,S,120635.000000
Wed Jul 30 14:24:33 2025,30-Jul-2025,172436,46 47.937700 N,062 29.517600 W,1.9,116.7,A,DoorSpread,DoorMaster,3.290000,D,S,120635.000000
Wed Jul 30 14:24:33 2025,30-Jul-2025,172437,46 47.937400 N,062 29.517000 W,2.0,116.5,A,DoorSpread,DoorMaster,3.290000,D,S,120635.000000
Wed Jul 30 14:24:33 2025,30-Jul-2025,172438,46 47.937200 N,062 29.516300 W,1.9,116.3,A,DoorSpread,DoorMaster,3.290000,D,S,120635.000000
Wed Jul 30 14:24:33 2025,30-Jul-2025,172439,46 47.937000 N,062 29.515800 W,1.9,116.2,A,DoorSpread,DoorMaster,3.290000,D,S,120635.000000
Wed Jul 30 14:24:38 2025,30-Jul-2025,172440,46 47.936600 N,062 29.515300 W,1.9,116.0,A,DoorSpread,DoorMaster,2.495000,D,S,76924.000000
Wed Jul 30 14:24:38 2025,30-Jul-2025,172441,46 47.936200 N,062 29.514500 W,1.9,116.0,A,DoorSpread,DoorMaster,2.495000,D,S,76924.000000
Wed Jul 30 14:24:38 2025,30-Jul-2025,172442,46 47.935800 N,062 29.513700 W,1.9,116.0,A,DoorSpread,DoorMaster,2.495000,D,S,76924.000000
Wed Jul 30 14:24:38 2025,30-Jul-2025,172443,46 47.935500 N,062 29.513000 W,1.9,115.9,A,DoorSpread,DoorMaster,2.495000,D,S,76924.000000
Wed Jul 30 14:24:38 2025,30-Jul-2025,172444,46 47.935200 N,062 29.512300 W,1.9,115.8,A,DoorSpread,DoorMaster,2.495000,D,S,76924.000000
Wed Jul 30 14:24:44 2025,30-Jul-2025,172445,46 47.934900 N,062 29.511600 W,1.9,115.8,A,DoorSpread,DoorMaster,2.825000,D,S,51831.000000
Wed Jul 30 14:24:44 2025,30-Jul-2025,172446,46 47.934500 N,062 29.510700 W,1.9,115.9,A,DoorSpread,DoorMaster,2.825000,D,S,51831.000000
Wed Jul 30 14:24:44 2025,30-Jul-2025,172447,46 47.934300 N,062 29.509900 W,1.9,115.9,A,DoorSpread,DoorMaster,2.825000,D,S,51831.000000
Wed Jul 30 14:24:44 2025,30-Jul-2025,172448,46 47.934100 N,062 29.509200 W,1.9,115.9,A,DoorSpread,DoorMaster,2.825000,D,S,51831.000000
Wed Jul 30 14:24:44 2025,30-Jul-2025,172449,46 47.933700 N,062 29.508400 W,2.0,115.9,A,DoorSpread,DoorMaster,2.825000,D,S,51831.000000
Wed Jul 30 14:24:44 2025,30-Jul-2025,172450,46 47.933400 N,062 29.507500 W,2.0,116.1,A,DoorSpread,DoorMaster,2.825000,D,S,51831.000000
Wed Jul 30 14:24:49 2025,30-Jul-2025,172451,46 47.933100 N,062 29.506700 W,2.0,116.1,A,DoorSpread,DoorMaster,2.995000,D,P,86177.000000
Wed Jul 30 14:24:49 2025,30-Jul-2025,172452,46 47.932900 N,062 29.505900 W,2.0,116.0,A,DoorSpread,DoorMaster,2.995000,D,P,86177.000000
Wed Jul 30 14:24:49 2025,30-Jul-2025,172453,46 47.932600 N,062 29.504900 W,2.0,115.9,A,DoorSpread,DoorMaster,2.995000,D,P,86177.000000
Wed Jul 30 14:24:49 2025,30-Jul-2025,172454,46 47.932400 N,062 29.504000 W,2.0,115.9,A,DoorSpread,DoorMaster,2.995000,D,P,86177.000000
Wed Jul 30 14:24:49 2025,30-Jul-2025,172455,46 47.932200 N,062 29.503200 W,2.0,115.9,A,DoorSpread,DoorMaster,2.995000,D,P,86177.000000
Wed Jul 30 14:24:55 2025,30-Jul-2025,172456,46 47.932000 N,062 29.502400 W,2.0,115.6,A,DoorSpread,DoorMaster,5.965000,D,S,140996.000000
Wed Jul 30 14:24:55 2025,30-Jul-2025,172457,46 47.931800 N,062 29.501600 W,2.1,115.3,A,DoorSpread,DoorMaster,5.965000,D,S,140996.000000
Wed Jul 30 14:24:55 2025,30-Jul-2025,172458,46 47.931700 N,062 29.500800 W,2.1,114.8,A,DoorSpread,DoorMaster,5.965000,D,S,140996.000000
Wed Jul 30 14:24:55 2025,30-Jul-2025,172459,46 47.931600 N,062 29.500100 W,2.1,114.7,A,DoorSpread,DoorMaster,5.965000,D,S,140996.000000
