Ship Number,Trip Number,Tow Number
AVALON VOYAGER,1,8
Comments
"ZONE12E"
CPU Date and Time,GPS Date,GPS Time,Latitude,Longitude,Speed,Heading,Validity,Transducer Name,Sensor Name,Sensor Value,Error Code,Hydrophone,Signal Strength
Wed Jul 16 20:07:57 2025,16-Jul-2025,230756,48 22.919100 N,062 8.616500 W,2.5,52.3,A,Primary,Headline,54.918367,D,S,73846.000000
Wed Jul 16 20:07:57 2025,16-Jul-2025,230757,48 22.919400 N,062 8.615600 W,2.6,52.2,A,Primary,Headline,54.918367,D,S,73846.000000
Wed Jul 16 20:07:57 2025,16-Jul-2025,230758,48 22.919900 N,062 8.614700 W,2.6,51.8,A,Primary,Headline,54.918367,D,S,73846.000000
Wed Jul 16 20:08:00 2025,16-Jul-2025,230759,48 22.920400 N,062 8.613800 W,2.6,51.2,A,DoorSpread,DoorMaster,1.445000,D,P,90099.000000
Wed Jul 16 20:08:00 2025,16-Jul-2025,230800,48 22.920900 N,062 8.612900 W,2.6,50.8,A,DoorSpread,DoorMaster,1.445000,D,P,90099.000000
Wed Jul 16 20:08:02 2025,16-Jul-2025,230801,48 22.921400 N,062 8.612000 W,2.6,50.7,A,Primary,Headline,4.428571,D,S,1667.000000
Wed Jul 16 20:08:02 2025,16-Jul-2025,230802,48 22.921900 N,062 8.611100 W,2.6,50.3,A,Primary,Headline,4.428571,D,S,1667.000000
Wed Jul 16 20:08:02 2025,16-Jul-2025,230803,48 22.922400 N,062 8.610200 W,2.6,50.1,A,Primary,Headline,4.428571,D,S,1667.000000
Wed Jul 16 20:08:06 2025,16-Jul-2025,230804,48 22.922800 N,062 8.609300 W,2.5,50.2,A,DoorSpread,DoorMaster,1.575000,D,P,352082.000000
Wed Jul 16 20:08:06 2025,16-Jul-2025,230805,48 22.923300 N,062 8.608400 W,2.6,50.4,A,DoorSpread,DoorMaster,1.575000,D,P,352082.000000
Wed Jul 16 20:08:07 2025,16-Jul-2025,230806,48 22.923800 N,062 8.607600 W,2.6,50.4,A,Primary,Headline,2.877551,D,P,31672.000000
Wed Jul 16 20:08:07 2025,16-Jul-2025,230807,48 22.924300 N,062 8.606700 W,2.6,50.3,A,Primary,Headline,2.877551,D,P,31672.000000
Wed Jul 16 20:08:07 2025,16-Jul-2025,230808,48 22.924800 N,062 8.605800 W,2.6,50.3,A,Primary,Headline,2.877551,D,P,31672.000000
Wed Jul 16 20:08:07 2025,16-Jul-2025,230809,48 22.925400 N,062 8.604800 W,2.7,50.1,A,Primary,Headline,2.877551,D,P,31672.000000
Wed Jul 16 20:08:11 2025,16-Jul-2025,230810,48 22.926000 N,062 8.603800 W,2.7,49.9,A,Depth,Depth,14.814815,D,S,10246.000000
Wed Jul 16 20:08:12 2025,16-Jul-2025,230811,48 22.926600 N,062 8.602900 W,2.7,49.8,A,Primary,Headline,4.632653,D,P,39670.000000
Wed Jul 16 20:08:12 2025,16-Jul-2025,230812,48 22.927100 N,062 8.602000 W,2.8,49.7,A,Primary,Headline,4.632653,D,P,39670.000000
Wed Jul 16 20:08:12 2025,16-Jul-2025,230813,48 22.927700 N,062 8.601200 W,2.9,49.3,A,Primary,Headline,4.632653,D,P,39670.000000
Wed Jul 16 20:08:12 2025,16-Jul-2025,230814,48 22.928300 N,062 8.600200 W,2.9,48.9,A,Primary,Headline,4.632653,D,P,39670.000000
Wed Jul 16 20:08:12 2025,16-Jul-2025,230815,48 22.928900 N,062 8.599200 W,3.0,48.5,A,Primary,Headline,4.632653,D,P,39670.000000
Wed Jul 16 20:08:17 2025,16-Jul-2025,230816,48 22.929600 N,062 8.598100 W,3.1,48.1,A,Primary,Headline,5.489796,D,S,41366.000000
Wed Jul 16 20:08:18 2025,16-Jul-2025,230817,48 22.930400 N,062 8.597000 W,3.3,48.0,A,Depth,Depth,18.333333,D,P,21518.000000
Wed Jul 16 20:08:18 2025,16-Jul-2025,230818,48 22.931100 N,062 8.595800 W,3.3,47.9,A,Depth,Depth,18.333333,D,P,21518.000000
Wed Jul 16 20:08:18 2025,16-Jul-2025,230819,48 22.931800 N,062 8.594600 W,3.4,47.8,A,Depth,Depth,18.333333,D,P,21518.000000
Wed Jul 16 20:08:18 2025,16-Jul-2025,230820,48 22.932500 N,062 8.593500 W,3.5,47.7,A,Depth,Depth,18.333333,D,P,21518.000000
Wed Jul 16 20:08:22 2025,16-Jul-2025,230821,48 22.933300 N,062 8.592300 W,3.6,47.1,A,DoorSpread,DoorMaster,2.235000,D,P,276239.000000
Wed Jul 16 20:08:22 2025,16-Jul-2025,230822,48 22.934200 N,062 8.591000 W,3.7,46.5,A,DoorSpread,DoorMaster,2.235000,D,P,276239.000000
Wed Jul 16 20:08:22 2025,16-Jul-2025,230823,48 22.935000 N,062 8.590000 W,3.7,46.1,A,DoorSpread,DoorMaster,2.235000,D,P,276239.000000
Wed Jul 16 20:08:22 2025,16-Jul-2025,230824,48 22.935800 N,062 8.588800 W,3.9,45.7,A,DoorSpread,DoorMaster,2.235000,D,P,276239.000000
Wed Jul 16 20:08:22 2025,16-Jul-2025,230825,48 22.936700 N,062 8.587500 W,4.0,45.5,A,DoorSpread,DoorMaster,2.235000,D,P,276239.000000
Wed Jul 16 20:08:27 2025,16-Jul-2025,230826,48 22.937500 N,062 8.586300 W,4.0,45.2,A,DoorSpread,DoorMaster,0.700000,D,S,11668.000000
Wed Jul 16 20:08:28 2025,16-Jul-2025,230827,48 22.938300 N,062 8.585200 W,4.0,45.1,A,DoorSpread,DoorMaster,14.085000,D,P,146376.000000
Wed Jul 16 20:08:28 2025,16-Jul-2025,230828,48 22.939200 N,062 8.583900 W,4.1,44.9,A,DoorSpread,DoorMaster,14.085000,D,P,146376.000000
Wed Jul 16 20:08:28 2025,16-Jul-2025,230829,48 22.940000 N,062 8.582600 W,4.1,44.8,A,DoorSpread,DoorMaster,14.085000,D,P,146376.000000
Wed Jul 16 20:08:28 2025,16-Jul-2025,230830,48 22.940900 N,062 8.581300 W,4.2,44.6,A,DoorSpread,DoorMaster,14.085000,D,P,146376.000000
Wed Jul 16 20:08:32 2025,16-Jul-2025,230831,48 22.941800 N,062 8.580200 W,4.2,44.5,A,Primary,Headline,0.734694,D,P,84503.000000
Wed Jul 16 20:08:32 2025,16-Jul-2025,230832,48 22.942700 N,062 8.578800 W,4.3,44.4,A,Primary,Headline,0.734694,D,P,84503.000000
Wed Jul 16 20:08:35 2025,16-Jul-2025,230833,48 22.943600 N,062 8.577400 W,4.4,44.3,A,DoorSpread,DoorMaster,28.885000,D,S,173460.000000
Wed Jul 16 20:08:35 2025,16-Jul-2025,230834,48 22.944600 N,062 8.576000 W,4.5,44.2,A,DoorSpread,DoorMaster,28.885000,D,S,173460.000000
Wed Jul 16 20:08:35 2025,16-Jul-2025,230835,48 22.945600 N,062 8.574500 W,4.6,44.2,A,DoorSpread,DoorMaster,28.885000,D,S,173460.000000
Wed Jul 16 20:08:37 2025,16-Jul-2025,230836,48 22.946600 N,062 8.573000 W,4.6,44.2,A,Primary,Headline,4.306122,D,P,77929.000000
Wed Jul 16 20:08:37 2025,16-Jul-2025,230837,48 22.947600 N,062 8.571600 W,4.7,44.1,A,Primary,Headline,4.306122,D,P,77929.000000
Wed Jul 16 20:08:37 2025,16-Jul-2025,230838,48 22.948700 N,062 8.570200 W,4.8,43.8,A,Primary,Headline,4.306122,D,P,77929.000000
Wed Jul 16 20:08:40 2025,16-Jul-2025,230839,48 22.949700 N,062 8.568700 W,4.8,43.5,A,DoorSpread,DoorMaster,3.290000,D,S,76290.000000
Wed Jul 16 20:08:40 2025,16-Jul-2025,230840,48 22.950700 N,062 8.567300 W,4.8,43.4,A,DoorSpread,DoorMaster,3.290000,D,S,76290.000000
Wed Jul 16 20:08:42 2025,16-Jul-2025,230841,48 22.951700 N,062 8.565800 W,4.9,43.4,A,Primary,Headline,2.551020,D,S,13325.000000
Wed Jul 16 20:08:42 2025,16-Jul-2025,230842,48 22.952800 N,062 8.564300 W,4.9,43.4,A,Primary,Headline,2.551020,D,S,13325.000000
Wed Jul 16 20:08:42 2025,16-Jul-2025,230843,48 22.953800 N,062 8.562600 W,5.0,43.5,A,Primary,Headline,2.551020,D,S,13325.000000
Wed Jul 16 20:08:42 2025,16-Jul-2025,230844,48 22.954800 N,062 8.561000 W,5.0,43.4,A,Primary,Headline,2.551020,D,S,13325.000000
Wed Jul 16 20:08:46 2025,16-Jul-2025,230845,48 22.955900 N,062 8.559400 W,5.1,43.4,A,Depth,Depth,16.018519,D,P,66234.000000
Wed Jul 16 20:08:47 2025,16-Jul-2025,230846,48 22.957000 N,062 8.557800 W,5.1,43.4,A,Primary,Headline,2.448980,D,P,72436.000000
Wed Jul 16 20:08:47 2025,16-Jul-2025,230847,48 22.958000 N,062 8.556100 W,5.2,43.4,A,Primary,Headline,2.448980,D,P,72436.000000
Wed Jul 16 20:08:47 2025,16-Jul-2025,230848,48 22.959100 N,062 8.554400 W,5.2,43.6,A,Primary,Headline,2.448980,D,P,72436.000000
Wed Jul 16 20:08:47 2025,16-Jul-2025,230849,48 22.960100 N,062 8.552700 W,5.3,43.9,A,Primary,Headline,2.448980,D,P,72436.000000
Wed Jul 16 20:08:47 2025,16-Jul-2025,230850,48 22.961100 N,062 8.550900 W,5.3,44.0,A,Primary,Headline,2.448980,D,P,72436.000000
Wed Jul 16 20:08:52 2025,16-Jul-2025,230851,48 22.962200 N,062 8.549300 W,5.4,44.1,A,Primary,Headline,3.938776,D,P,32370.000000
Wed Jul 16 20:08:53 2025,16-Jul-2025,230852,48 22.963300 N,062 8.547700 W,5.4,44.1,A,Depth,Depth,17.962963,D,P,42732.000000
Wed Jul 16 20:08:53 2025,16-Jul-2025,230853,48 22.964300 N,062 8.546200 W,5.4,44.0,A,Depth,Depth,17.962963,D,P,42732.000000
Wed Jul 16 20:08:53 2025,16-Jul-2025,230854,48 22.965300 N,062 8.544500 W,5.4,44.2,A,Depth,Depth,17.962963,D,P,42732.000000
Wed Jul 16 20:08:53 2025,16-Jul-2025,230855,48 22.966300 N,062 8.542700 W,5.5,44.3,A,Depth,Depth,17.962963,D,P,42732.000000
Wed Jul 16 20:08:57 2025,16-Jul-2025,230856,48 22.967200 N,062 8.540900 W,5.4,44.6,A,Primary,Headline,0.510204,D,P,145109.000000
Wed Jul 16 20:08:57 2025,16-Jul-2025,230857,48 22.968200 N,062 8.539300 W,5.4,44.7,A,Primary,Headline,0.510204,D,P,145109.000000
Wed Jul 16 20:08:57 2025,16-Jul-2025,230858,48 22.969200 N,062 8.537700 W,5.4,44.7,A,Primary,Headline,0.510204,D,P,145109.000000
Wed Jul 16 20:09:00 2025,16-Jul-2025,230859,48 22.970100 N,062 8.536100 W,5.3,44.7,A,Depth,Depth,13.055556,D,P,130540.000000
Wed Jul 16 20:09:00 2025,16-Jul-2025,230900,48 22.971100 N,062 8.534600 W,5.3,44.9,A,Depth,Depth,13.055556,D,P,130540.000000
Wed Jul 16 20:09:02 2025,16-Jul-2025,230901,48 22.972000 N,062 8.533000 W,5.3,45.1,A,Primary,Headline,2.346939,D,P,87934.000000
Wed Jul 16 20:09:02 2025,16-Jul-2025,230902,48 22.973000 N,062 8.531500 W,5.3,45.2,A,Primary,Headline,2.346939,D,P,87934.000000
Wed Jul 16 20:09:02 2025,16-Jul-2025,230903,48 22.974000 N,062 8.530000 W,5.3,45.2,A,Primary,Headline,2.346939,D,P,87934.000000
Wed Jul 16 20:09:02 2025,16-Jul-2025,230904,48 22.975100 N,062 8.528400 W,5.3,45.2,A,Primary,Headline,2.346939,D,P,87934.000000
Wed Jul 16 20:09:02 2025,16-Jul-2025,230905,48 22.976100 N,062 8.526900 W,5.3,45.1,A,Primary,Headline,2.346939,D,P,87934.000000
Wed Jul 16 20:09:07 2025,16-Jul-2025,230906,48 22.977100 N,062 8.525400 W,5.2,45.0,A,Depth,Depth,17.407407,D,P,102617.000000
Wed Jul 16 20:09:08 2025,16-Jul-2025,230907,48 22.978000 N,062 8.523900 W,5.2,45.1,A,Primary,Headline,43.775510,D,P,140975.000000
Wed Jul 16 20:09:09 2025,16-Jul-2025,230908,48 22.978900 N,062 8.522500 W,5.2,45.2,A,DoorSpread,DoorMaster,21.855000,D,P,289661.000000
Wed Jul 16 20:09:09 2025,16-Jul-2025,230909,48 22.979900 N,062 8.521100 W,5.2,45.4,A,DoorSpread,DoorMaster,21.855000,D,P,289661.000000
Wed Jul 16 20:09:09 2025,16-Jul-2025,230910,48 22.980800 N,062 8.519600 W,5.1,45.5,A,DoorSpread,DoorMaster,21.855000,D,P,289661.000000
Wed Jul 16 20:09:09 2025,16-Jul-2025,230911,48 22.981800 N,062 8.518200 W,5.1,45.6,A,DoorSpread,DoorMaster,21.855000,D,P,289661.000000
Wed Jul 16 20:09:13 2025,16-Jul-2025,230912,48 22.982800 N,062 8.516800 W,5.1,45.6,A,Primary,Headline,2.326531,D,P,148666.000000
Wed Jul 16 20:09:14 2025,16-Jul-2025,230913,48 22.983700 N,062 8.515300 W,5.1,45.8,A,Depth,Depth,19.629630,D,P,153568.000000
Wed Jul 16 20:09:14 2025,16-Jul-2025,230914,48 22.984700 N,062 8.513900 W,5.1,45.9,A,Depth,Depth,19.629630,D,P,153568.000000
Wed Jul 16 20:09:14 2025,16-Jul-2025,230915,48 22.985600 N,062 8.512400 W,5.0,46.1,A,Depth,Depth,19.629630,D,P,153568.000000
Wed Jul 16 20:09:14 2025,16-Jul-2025,230916,48 22.986400 N,062 8.510800 W,5.0,46.4,A,Depth,Depth,19.629630,D,P,153568.000000
Wed Jul 16 20:09:18 2025,16-Jul-2025,230917,48 22.987300 N,062 8.509300 W,5.0,46.7,A,Primary,Headline,19.183673,D,S,15942.000000
Wed Jul 16 20:09:18 2025,16-Jul-2025,230918,48 22.988200 N,062 8.507800 W,5.0,47.0,A,Primary,Headline,19.183673,D,S,15942.000000
Wed Jul 16 20:09:18 2025,16-Jul-2025,230919,48 22.989100 N,062 8.506200 W,5.0,47.3,A,Primary,Headline,19.183673,D,S,15942.000000
Wed Jul 16 20:09:21 2025,16-Jul-2025,230920,48 22.989900 N,062 8.504600 W,4.9,47.7,A,Depth,Depth,24.629630,D,P,31750.000000
Wed Jul 16 20:09:21 2025,16-Jul-2025,230921,48 22.990800 N,062 8.503100 W,4.9,48.1,A,Depth,Depth,24.629630,D,P,31750.000000
Wed Jul 16 20:09:21 2025,16-Jul-2025,230922,48 22.991700 N,062 8.501700 W,5.0,48.2,A,Depth,Depth,24.629630,D,P,31750.000000
Wed Jul 16 20:09:21 2025,16-Jul-2025,230923,48 22.992700 N,062 8.500200 W,5.0,48.3,A,Depth,Depth,24.629630,D,P,31750.000000
Wed Jul 16 20:09:21 2025,16-Jul-2025,230924,48 22.993600 N,062 8.498800 W,5.0,48.2,A,Depth,Depth,24.629630,D,P,31750.000000
Wed Jul 16 20:09:21 2025,16-Jul-2025,230925,48 22.994600 N,062 8.497500 W,5.0,48.1,A,Depth,Depth,24.629630,D,P,31750.000000
Wed Jul 16 20:09:21 2025,16-Jul-2025,230926,48 22.995400 N,062 8.496200 W,5.0,48.0,A,Depth,Depth,24.629630,D,P,31750.000000
Wed Jul 16 20:09:21 2025,16-Jul-2025,230927,48 22.996400 N,062 8.494900 W,4.9,47.8,A,Depth,Depth,24.629630,D,P,31750.000000
Wed Jul 16 20:09:21 2025,16-Jul-2025,230928,48 22.997200 N,062 8.493600 W,4.9,47.6,A,Depth,Depth,24.629630,D,P,31750.000000
Wed Jul 16 20:09:21 2025,16-Jul-2025,230929,48 22.998100 N,062 8.492400 W,4.9,47.5,A,Depth,Depth,24.629630,D,P,31750.000000
Wed Jul 16 20:09:21 2025,16-Jul-2025,230930,48 22.998900 N,062 8.491000 W,4.9,47.4,A,Depth,Depth,24.629630,D,P,31750.000000
Wed Jul 16 20:09:21 2025,16-Jul-2025,230931,48 22.999700 N,062 8.489700 W,4.8,47.2,A,Depth,Depth,24.629630,D,P,31750.000000
Wed Jul 16 20:09:34 2025,16-Jul-2025,230932,48 23.000600 N,062 8.488300 W,4.8,46.8,A,Primary,Headline,2.204082,D,P,166682.000000
Wed Jul 16 20:09:34 2025,16-Jul-2025,230933,48 23.001500 N,062 8.487000 W,4.9,46.5,A,Primary,Headline,2.204082,D,P,166682.000000
Wed Jul 16 20:09:34 2025,16-Jul-2025,230934,48 23.002400 N,062 8.485500 W,4.9,46.4,A,Primary,Headline,2.204082,D,P,166682.000000
Wed Jul 16 20:09:34 2025,16-Jul-2025,230935,48 23.003300 N,062 8.484100 W,4.9,46.3,A,Primary,Headline,2.204082,D,P,166682.000000
Wed Jul 16 20:09:34 2025,16-Jul-2025,230936,48 23.004400 N,062 8.482900 W,4.9,46.2,A,Primary,Headline,2.204082,D,P,166682.000000
Wed Jul 16 20:09:34 2025,16-Jul-2025,230937,48 23.005400 N,062 8.481500 W,4.9,46.1,A,Primary,Headline,2.204082,D,P,166682.000000
Wed Jul 16 20:09:38 2025,16-Jul-2025,230938,48 23.006300 N,062 8.480000 W,4.9,46.6,A,Primary,Headline,2.408163,D,P,119942.000000
Wed Jul 16 20:09:38 2025,16-Jul-2025,230939,48 23.007200 N,062 8.478500 W,4.9,46.8,A,Primary,Headline,2.408163,D,P,119942.000000
Wed Jul 16 20:09:38 2025,16-Jul-2025,230940,48 23.008000 N,062 8.477000 W,4.9,47.1,A,Primary,Headline,2.408163,D,P,119942.000000
Wed Jul 16 20:09:38 2025,16-Jul-2025,230941,48 23.008900 N,062 8.475600 W,4.9,47.0,A,Primary,Headline,2.408163,D,P,119942.000000
Wed Jul 16 20:09:43 2025,16-Jul-2025,230942,48 23.009800 N,062 8.474200 W,4.9,46.9,A,Depth,Depth,25.092593,D,P,98343.000000
Wed Jul 16 20:09:44 2025,16-Jul-2025,230943,48 23.010600 N,062 8.472800 W,4.9,46.8,A,Primary,Headline,12.734694,D,P,114545.000000
Wed Jul 16 20:09:44 2025,16-Jul-2025,230944,48 23.011600 N,062 8.471300 W,5.0,46.6,A,Primary,Headline,12.734694,D,P,114545.000000
Wed Jul 16 20:09:44 2025,16-Jul-2025,230945,48 23.012500 N,062 8.469800 W,4.9,46.5,A,Primary,Headline,12.734694,D,P,114545.000000
Wed Jul 16 20:09:44 2025,16-Jul-2025,230946,48 23.013500 N,062 8.468400 W,5.0,46.3,A,Primary,Headline,12.734694,D,P,114545.000000
Wed Jul 16 20:09:44 2025,16-Jul-2025,230947,48 23.014400 N,062 8.466800 W,5.0,46.3,A,Primary,Headline,12.734694,D,P,114545.000000
Wed Jul 16 20:09:49 2025,16-Jul-2025,230948,48 23.015400 N,062 8.465200 W,5.1,46.5,A,Primary,Headline,2.122449,D,P,120197.000000
Wed Jul 16 20:09:50 2025,16-Jul-2025,230949,48 23.016200 N,062 8.463400 W,5.1,46.7,A,Depth,Depth,25.648148,D,P,79805.000000
Wed Jul 16 20:09:50 2025,16-Jul-2025,230950,48 23.017100 N,062 8.461700 W,5.1,46.9,A,Depth,Depth,25.648148,D,P,79805.000000
Wed Jul 16 20:09:50 2025,16-Jul-2025,230951,48 23.018000 N,062 8.460200 W,5.0,47.0,A,Depth,Depth,25.648148,D,P,79805.000000
Wed Jul 16 20:09:50 2025,16-Jul-2025,230952,48 23.018900 N,062 8.458500 W,5.1,47.0,A,Depth,Depth,25.648148,D,P,79805.000000
Wed Jul 16 20:09:54 2025,16-Jul-2025,230953,48 23.019800 N,062 8.456800 W,5.1,47.0,A,Primary,Headline,1.918367,D,P,114985.000000
Wed Jul 16 20:09:54 2025,16-Jul-2025,230954,48 23.020600 N,062 8.455200 W,5.1,47.0,A,Primary,Headline,1.918367,D,P,114985.000000
Wed Jul 16 20:09:54 2025,16-Jul-2025,230955,48 23.021500 N,062 8.453500 W,5.1,47.1,A,Primary,Headline,1.918367,D,P,114985.000000
Wed Jul 16 20:09:57 2025,16-Jul-2025,230956,48 23.022400 N,062 8.452000 W,5.1,47.2,A,Depth,Depth,29.814815,D,P,91737.000000
Wed Jul 16 20:09:57 2025,16-Jul-2025,230957,48 23.023300 N,062 8.450500 W,5.1,47.3,A,Depth,Depth,29.814815,D,P,91737.000000
Wed Jul 16 20:09:59 2025,16-Jul-2025,230958,48 23.024200 N,062 8.449100 W,5.1,47.3,A,Primary,Headline,2.183673,D,P,134721.000000
Wed Jul 16 20:09:59 2025,16-Jul-2025,230959,48 23.025200 N,062 8.447600 W,5.1,47.3,A,Primary,Headline,2.183673,D,P,134721.000000
Wed Jul 16 20:09:59 2025,16-Jul-2025,231000,48 23.026100 N,062 8.446100 W,5.2,47.4,A,Primary,Headline,2.183673,D,P,134721.000000
Wed Jul 16 20:09:59 2025,16-Jul-2025,231001,48 23.027000 N,062 8.444500 W,5.1,47.6,A,Primary,Headline,2.183673,D,P,134721.000000
Wed Jul 16 20:09:59 2025,16-Jul-2025,231002,48 23.027800 N,062 8.443000 W,5.1,47.6,A,Primary,Headline,2.183673,D,P,134721.000000
Wed Jul 16 20:10:04 2025,16-Jul-2025,231003,48 23.028700 N,062 8.441500 W,5.1,47.5,A,Depth,Depth,32.407407,D,P,52053.000000
Wed Jul 16 20:10:04 2025,16-Jul-2025,231004,48 23.029600 N,062 8.440000 W,5.1,47.4,A,Depth,Depth,32.407407,D,P,52053.000000
Wed Jul 16 20:10:04 2025,16-Jul-2025,231005,48 23.030500 N,062 8.438400 W,5.1,47.2,A,Depth,Depth,32.407407,D,P,52053.000000
Wed Jul 16 20:10:04 2025,16-Jul-2025,231006,48 23.031400 N,062 8.436900 W,5.1,47.1,A,Depth,Depth,32.407407,D,P,52053.000000
Wed Jul 16 20:10:04 2025,16-Jul-2025,231007,48 23.032400 N,062 8.435300 W,5.1,47.0,A,Depth,Depth,32.407407,D,P,52053.000000
Wed Jul 16 20:10:09 2025,16-Jul-2025,231008,48 23.033300 N,062 8.433700 W,5.1,46.9,A,Primary,Headline,5.367347,D,P,108850.000000
Wed Jul 16 20:10:09 2025,16-Jul-2025,231009,48 23.034200 N,062 8.432200 W,5.0,46.9,A,Primary,Headline,5.367347,D,P,108850.000000
Wed Jul 16 20:10:11 2025,16-Jul-2025,231010,48 23.035100 N,062 8.430700 W,5.1,46.9,A,Depth,Depth,28.425926,D,P,95975.000000
Wed Jul 16 20:10:11 2025,16-Jul-2025,231011,48 23.036100 N,062 8.429200 W,5.1,46.7,A,Depth,Depth,28.425926,D,P,95975.000000
Wed Jul 16 20:10:11 2025,16-Jul-2025,231012,48 23.037100 N,062 8.427800 W,5.1,46.5,A,Depth,Depth,28.425926,D,P,95975.000000
Wed Jul 16 20:10:14 2025,16-Jul-2025,231013,48 23.038000 N,062 8.426300 W,5.0,46.8,A,Primary,Headline,4.326531,D,P,31676.000000
Wed Jul 16 20:10:14 2025,16-Jul-2025,231014,48 23.038800 N,062 8.424800 W,5.0,47.0,A,Primary,Headline,4.326531,D,P,31676.000000
Wed Jul 16 20:10:14 2025,16-Jul-2025,231015,48 23.039700 N,062 8.423300 W,5.0,47.2,A,Primary,Headline,4.326531,D,P,31676.000000
Wed Jul 16 20:10:14 2025,16-Jul-2025,231016,48 23.040600 N,062 8.421700 W,5.1,47.3,A,Primary,Headline,4.326531,D,P,31676.000000
Wed Jul 16 20:10:14 2025,16-Jul-2025,231017,48 23.041500 N,062 8.420300 W,5.0,47.2,A,Primary,Headline,4.326531,D,P,31676.000000
Wed Jul 16 20:10:19 2025,16-Jul-2025,231018,48 23.042300 N,062 8.418900 W,5.0,47.3,A,Primary,Headline,2.040816,D,S,17485.000000
Wed Jul 16 20:10:19 2025,16-Jul-2025,231019,48 23.043200 N,062 8.417400 W,5.0,47.3,A,Primary,Headline,2.040816,D,S,17485.000000
Wed Jul 16 20:10:19 2025,16-Jul-2025,231020,48 23.044100 N,062 8.415900 W,5.0,47.1,A,Primary,Headline,2.040816,D,S,17485.000000
Wed Jul 16 20:10:19 2025,16-Jul-2025,231021,48 23.045100 N,062 8.414500 W,5.0,47.1,A,Primary,Headline,2.040816,D,S,17485.000000
Wed Jul 16 20:10:19 2025,16-Jul-2025,231022,48 23.046000 N,062 8.412800 W,5.1,47.1,A,Primary,Headline,2.040816,D,S,17485.000000
Wed Jul 16 20:10:19 2025,16-Jul-2025,231023,48 23.047000 N,062 8.411100 W,5.1,47.2,A,Primary,Headline,2.040816,D,S,17485.000000
Wed Jul 16 20:10:25 2025,16-Jul-2025,231024,48 23.047900 N,062 8.409500 W,5.0,47.0,A,DoorSpread,DoorMaster,6.195000,D,S,45230.000000
Wed Jul 16 20:10:25 2025,16-Jul-2025,231025,48 23.048700 N,062 8.408100 W,5.0,46.9,A,DoorSpread,DoorMaster,6.195000,D,S,45230.000000
Wed Jul 16 20:10:25 2025,16-Jul-2025,231026,48 23.049600 N,062 8.406600 W,5.0,46.8,A,DoorSpread,DoorMaster,6.195000,D,S,45230.000000
Wed Jul 16 20:10:25 2025,16-Jul-2025,231027,48 23.050500 N,062 8.405100 W,5.0,46.8,A,DoorSpread,DoorMaster,6.195000,D,S,45230.000000
Wed Jul 16 20:10:25 2025,16-Jul-2025,231028,48 23.051400 N,062 8.403600 W,5.0,46.8,A,DoorSpread,DoorMaster,6.195000,D,S,45230.000000
Wed Jul 16 20:10:30 2025,16-Jul-2025,231029,48 23.052300 N,062 8.402200 W,5.0,46.6,A,DoorSpread,DoorMaster,6.240000,D,P,64948.000000
Wed Jul 16 20:10:30 2025,16-Jul-2025,231030,48 23.053300 N,062 8.400800 W,5.0,46.4,A,DoorSpread,DoorMaster,6.240000,D,P,64948.000000
Wed Jul 16 20:10:30 2025,16-Jul-2025,231031,48 23.054200 N,062 8.399500 W,5.0,46.4,A,DoorSpread,DoorMaster,6.240000,D,P,64948.000000
Wed Jul 16 20:10:30 2025,16-Jul-2025,231032,48 23.055200 N,062 8.398000 W,5.0,46.4,A,DoorSpread,DoorMaster,6.240000,D,P,64948.000000
Wed Jul 16 20:10:30 2025,16-Jul-2025,231033,48 23.056100 N,062 8.396400 W,5.0,46.6,A,DoorSpread,DoorMaster,6.240000,D,P,64948.000000
Wed Jul 16 20:10:30 2025,16-Jul-2025,231034,48 23.057100 N,062 8.394900 W,5.0,46.7,A,DoorSpread,DoorMaster,6.240000,D,P,64948.000000
Wed Jul 16 20:10:36 2025,16-Jul-2025,231035,48 23.058100 N,062 8.393500 W,5.0,46.6,A,DoorSpread,DoorMaster,6.255000,D,P,80684.000000
Wed Jul 16 20:10:36 2025,16-Jul-2025,231036,48 23.059100 N,062 8.392000 W,5.1,46.5,A,DoorSpread,DoorMaster,6.255000,D,P,80684.000000
Wed Jul 16 20:10:36 2025,16-Jul-2025,231037,48 23.060100 N,062 8.390400 W,5.1,46.5,A,DoorSpread,DoorMaster,6.255000,D,P,80684.000000
Wed Jul 16 20:10:36 2025,16-Jul-2025,231038,48 23.061000 N,062 8.389000 W,5.1,46.5,A,DoorSpread,DoorMaster,6.255000,D,P,80684.000000
Wed Jul 16 20:10:36 2025,16-Jul-2025,231039,48 23.062000 N,062 8.387600 W,5.1,46.4,A,DoorSpread,DoorMaster,6.255000,D,P,80684.000000
Wed Jul 16 20:10:36 2025,16-Jul-2025,231040,48 23.062900 N,062 8.386000 W,5.1,46.4,A,DoorSpread,DoorMaster,6.255000,D,P,80684.000000
Wed Jul 16 20:10:41 2025,16-Jul-2025,231041,48 23.063900 N,062 8.384400 W,5.1,46.4,A,DoorSpread,DoorMaster,6.380000,D,P,107688.000000
Wed Jul 16 20:10:41 2025,16-Jul-2025,231042,48 23.064800 N,062 8.382700 W,5.1,46.4,A,DoorSpread,DoorMaster,6.380000,D,P,107688.000000
Wed Jul 16 20:10:41 2025,16-Jul-2025,231043,48 23.065700 N,062 8.381000 W,5.1,46.5,A,DoorSpread,DoorMaster,6.380000,D,P,107688.000000
Wed Jul 16 20:10:41 2025,16-Jul-2025,231044,48 23.066600 N,062 8.379300 W,5.1,46.6,A,DoorSpread,DoorMaster,6.380000,D,P,107688.000000
Wed Jul 16 20:10:41 2025,16-Jul-2025,231045,48 23.067600 N,062 8.377700 W,5.1,46.6,A,DoorSpread,DoorMaster,6.380000,D,P,107688.000000
Wed Jul 16 20:10:47 2025,16-Jul-2025,231046,48 23.068500 N,062 8.376100 W,5.1,46.6,A,DoorSpread,DoorMaster,6.505000,D,P,83386.000000
Wed Jul 16 20:10:47 2025,16-Jul-2025,231047,48 23.069300 N,062 8.374400 W,5.0,46.6,A,DoorSpread,DoorMaster,6.505000,D,P,83386.000000
Wed Jul 16 20:10:47 2025,16-Jul-2025,231048,48 23.070200 N,062 8.372700 W,5.0,46.8,A,DoorSpread,DoorMaster,6.505000,D,P,83386.000000
Wed Jul 16 20:10:47 2025,16-Jul-2025,231049,48 23.071000 N,062 8.371000 W,5.0,46.8,A,DoorSpread,DoorMaster,6.505000,D,P,83386.000000
Wed Jul 16 20:10:47 2025,16-Jul-2025,231050,48 23.071900 N,062 8.369500 W,5.0,46.8,A,DoorSpread,DoorMaster,6.505000,D,P,83386.000000
Wed Jul 16 20:10:47 2025,16-Jul-2025,231051,48 23.072900 N,062 8.367900 W,5.0,46.9,A,DoorSpread,DoorMaster,6.505000,D,P,83386.000000
Wed Jul 16 20:10:53 2025,16-Jul-2025,231052,48 23.073700 N,062 8.366300 W,5.0,47.0,A,DoorSpread,DoorMaster,6.665000,D,S,29000.000000
Wed Jul 16 20:10:53 2025,16-Jul-2025,231053,48 23.074600 N,062 8.364700 W,5.0,47.1,A,DoorSpread,DoorMaster,6.665000,D,S,29000.000000
Wed Jul 16 20:10:53 2025,16-Jul-2025,231054,48 23.075500 N,062 8.363100 W,5.0,47.2,A,DoorSpread,DoorMaster,6.665000,D,S,29000.000000
Wed Jul 16 20:10:53 2025,16-Jul-2025,231055,48 23.076300 N,062 8.361500 W,5.0,47.4,A,DoorSpread,DoorMaster,6.665000,D,S,29000.000000
Wed Jul 16 20:10:53 2025,16-Jul-2025,231056,48 23.077200 N,062 8.360100 W,4.9,47.4,A,DoorSpread,DoorMaster,6.665000,D,S,29000.000000
Wed Jul 16 20:10:53 2025,16-Jul-2025,231057,48 23.078100 N,062 8.358700 W,4.9,47.5,A,DoorSpread,DoorMaster,6.665000,D,S,29000.000000
Wed Jul 16 20:10:58 2025,16-Jul-2025,231058,48 23.078900 N,062 8.357300 W,4.9,47.7,A,DoorSpread,DoorMaster,6.885000,D,P,85434.000000
Wed Jul 16 20:10:58 2025,16-Jul-2025,231059,48 23.079800 N,062 8.355900 W,4.9,47.8,A,DoorSpread,DoorMaster,6.885000,D,P,85434.000000
Wed Jul 16 20:10:58 2025,16-Jul-2025,231100,48 23.080600 N,062 8.354600 W,4.9,47.9,A,DoorSpread,DoorMaster,6.885000,D,P,85434.000000
Wed Jul 16 20:10:58 2025,16-Jul-2025,231101,48 23.081500 N,062 8.353200 W,4.9,47.9,A,DoorSpread,DoorMaster,6.885000,D,P,85434.000000
Wed Jul 16 20:10:58 2025,16-Jul-2025,231102,48 23.082400 N,062 8.351800 W,4.9,48.0,A,DoorSpread,DoorMaster,6.885000,D,P,85434.000000
Wed Jul 16 20:11:04 2025,16-Jul-2025,231103,48 23.083200 N,062 8.350200 W,4.9,48.1,A,DoorSpread,DoorMaster,6.915000,D,P,98692.000000
Wed Jul 16 20:11:04 2025,16-Jul-2025,231104,48 23.084000 N,062 8.348800 W,4.9,48.2,A,DoorSpread,DoorMaster,6.915000,D,P,98692.000000
Wed Jul 16 20:11:04 2025,16-Jul-2025,231105,48 23.084900 N,062 8.347400 W,4.9,48.3,A,DoorSpread,DoorMaster,6.915000,D,P,98692.000000
Wed Jul 16 20:11:04 2025,16-Jul-2025,231106,48 23.085700 N,062 8.346000 W,4.9,48.4,A,DoorSpread,DoorMaster,6.915000,D,P,98692.000000
Wed Jul 16 20:11:04 2025,16-Jul-2025,231107,48 23.086400 N,062 8.344600 W,4.9,48.4,A,DoorSpread,DoorMaster,6.915000,D,P,98692.000000
Wed Jul 16 20:11:04 2025,16-Jul-2025,231108,48 23.087300 N,062 8.343200 W,4.9,48.4,A,DoorSpread,DoorMaster,6.915000,D,P,98692.000000
Wed Jul 16 20:11:10 2025,16-Jul-2025,231109,48 23.088100 N,062 8.341700 W,4.9,48.4,A,DoorSpread,DoorMaster,6.470000,D,S,50196.000000
Wed Jul 16 20:11:10 2025,16-Jul-2025,231110,48 23.088900 N,062 8.340300 W,4.9,48.5,A,DoorSpread,DoorMaster,6.470000,D,S,50196.000000
Wed Jul 16 20:11:10 2025,16-Jul-2025,231111,48 23.089700 N,062 8.338700 W,4.9,49.1,A,DoorSpread,DoorMaster,6.470000,D,S,50196.000000
Wed Jul 16 20:11:10 2025,16-Jul-2025,231112,48 23.090600 N,062 8.337000 W,4.9,49.5,A,DoorSpread,DoorMaster,6.470000,D,S,50196.000000
Wed Jul 16 20:11:10 2025,16-Jul-2025,231113,48 23.091500 N,062 8.335400 W,4.9,49.7,A,DoorSpread,DoorMaster,6.470000,D,S,50196.000000
Wed Jul 16 20:11:15 2025,16-Jul-2025,231114,48 23.092500 N,062 8.333900 W,4.9,49.7,A,DoorSpread,DoorMaster,6.885000,D,P,63490.000000
Wed Jul 16 20:11:15 2025,16-Jul-2025,231115,48 23.093400 N,062 8.332400 W,4.9,49.6,A,DoorSpread,DoorMaster,6.885000,D,P,63490.000000
Wed Jul 16 20:11:15 2025,16-Jul-2025,231116,48 23.094300 N,062 8.330900 W,5.0,49.6,A,DoorSpread,DoorMaster,6.885000,D,P,63490.000000
Wed Jul 16 20:11:15 2025,16-Jul-2025,231117,48 23.095200 N,062 8.329300 W,5.0,49.5,A,DoorSpread,DoorMaster,6.885000,D,P,63490.000000
Wed Jul 16 20:11:15 2025,16-Jul-2025,231118,48 23.096100 N,062 8.327800 W,5.0,49.2,A,DoorSpread,DoorMaster,6.885000,D,P,63490.000000
Wed Jul 16 20:11:15 2025,16-Jul-2025,231119,48 23.097100 N,062 8.326300 W,5.0,48.9,A,DoorSpread,DoorMaster,6.885000,D,P,63490.000000
Wed Jul 16 20:11:21 2025,16-Jul-2025,231120,48 23.098000 N,062 8.324800 W,5.1,48.6,A,DoorSpread,DoorMaster,6.940000,D,P,67353.000000
Wed Jul 16 20:11:21 2025,16-Jul-2025,231121,48 23.099000 N,062 8.323200 W,5.1,48.4,A,DoorSpread,DoorMaster,6.940000,D,P,67353.000000
Wed Jul 16 20:11:21 2025,16-Jul-2025,231122,48 23.100000 N,062 8.321600 W,5.1,48.2,A,DoorSpread,DoorMaster,6.940000,D,P,67353.000000
Wed Jul 16 20:11:21 2025,16-Jul-2025,231123,48 23.101000 N,062 8.320100 W,5.1,47.9,A,DoorSpread,DoorMaster,6.940000,D,P,67353.000000
Wed Jul 16 20:11:21 2025,16-Jul-2025,231124,48 23.101900 N,062 8.318600 W,5.1,47.8,A,DoorSpread,DoorMaster,6.940000,D,P,67353.000000
Wed Jul 16 20:11:21 2025,16-Jul-2025,231125,48 23.102800 N,062 8.316900 W,5.1,47.8,A,DoorSpread,DoorMaster,6.940000,D,P,67353.000000
Wed Jul 16 20:11:26 2025,16-Jul-2025,231126,48 23.103700 N,062 8.315400 W,5.1,47.8,A,DoorSpread,DoorMaster,6.940000,D,P,49864.000000
Wed Jul 16 20:11:26 2025,16-Jul-2025,231127,48 23.104500 N,062 8.313900 W,5.0,48.1,A,DoorSpread,DoorMaster,6.940000,D,P,49864.000000
Wed Jul 16 20:11:26 2025,16-Jul-2025,231128,48 23.105300 N,062 8.312300 W,5.0,48.3,A,DoorSpread,DoorMaster,6.940000,D,P,49864.000000
Wed Jul 16 20:11:26 2025,16-Jul-2025,231129,48 23.106200 N,062 8.310700 W,5.0,48.3,A,DoorSpread,DoorMaster,6.940000,D,P,49864.000000
Wed Jul 16 20:11:26 2025,16-Jul-2025,231130,48 23.106900 N,062 8.309200 W,4.9,48.3,A,DoorSpread,DoorMaster,6.940000,D,P,49864.000000
Wed Jul 16 20:11:26 2025,16-Jul-2025,231131,48 23.107700 N,062 8.307500 W,4.9,48.2,A,DoorSpread,DoorMaster,6.940000,D,P,49864.000000
Wed Jul 16 20:11:26 2025,16-Jul-2025,231132,48 23.108600 N,062 8.305800 W,4.9,48.2,A,DoorSpread,DoorMaster,6.940000,D,P,49864.000000
Wed Jul 16 20:11:26 2025,16-Jul-2025,231133,48 23.109400 N,062 8.304100 W,4.9,48.2,A,DoorSpread,DoorMaster,6.940000,D,P,49864.000000
Wed Jul 16 20:11:26 2025,16-Jul-2025,231134,48 23.110200 N,062 8.302500 W,4.9,48.3,A,DoorSpread,DoorMaster,6.940000,D,P,49864.000000
Wed Jul 16 20:11:26 2025,16-Jul-2025,231135,48 23.111000 N,062 8.301000 W,4.9,48.2,A,DoorSpread,DoorMaster,6.940000,D,P,49864.000000
Wed Jul 16 20:11:26 2025,16-Jul-2025,231136,48 23.111900 N,062 8.299400 W,4.9,48.1,A,DoorSpread,DoorMaster,6.940000,D,P,49864.000000
Wed Jul 16 20:11:26 2025,16-Jul-2025,231137,48 23.112700 N,062 8.297700 W,4.9,48.1,A,DoorSpread,DoorMaster,6.940000,D,P,49864.000000
Wed Jul 16 20:11:26 2025,16-Jul-2025,231138,48 23.113500 N,062 8.296000 W,4.9,48.1,A,DoorSpread,DoorMaster,6.940000,D,P,49864.000000
Wed Jul 16 20:11:26 2025,16-Jul-2025,231139,48 23.114200 N,062 8.294500 W,4.9,48.2,A,DoorSpread,DoorMaster,6.940000,D,P,49864.000000
Wed Jul 16 20:11:26 2025,16-Jul-2025,231140,48 23.115100 N,062 8.292900 W,4.9,48.3,A,DoorSpread,DoorMaster,6.940000,D,P,49864.000000
Wed Jul 16 20:11:26 2025,16-Jul-2025,231141,48 23.116000 N,062 8.291300 W,4.9,48.3,A,DoorSpread,DoorMaster,6.940000,D,P,49864.000000
Wed Jul 16 20:11:26 2025,16-Jul-2025,231142,48 23.116900 N,062 8.289700 W,4.9,48.3,A,DoorSpread,DoorMaster,6.940000,D,P,49864.000000
Wed Jul 16 20:11:26 2025,16-Jul-2025,231143,48 23.117800 N,062 8.288000 W,4.9,48.3,A,DoorSpread,DoorMaster,6.940000,D,P,49864.000000
Wed Jul 16 20:11:26 2025,16-Jul-2025,231144,48 23.118600 N,062 8.286400 W,4.9,48.2,A,DoorSpread,DoorMaster,6.940000,D,P,49864.000000
Wed Jul 16 20:11:26 2025,16-Jul-2025,231145,48 23.119500 N,062 8.284900 W,4.9,48.0,A,DoorSpread,DoorMaster,6.940000,D,P,49864.000000
Wed Jul 16 20:11:26 2025,16-Jul-2025,231146,48 23.120300 N,062 8.283400 W,4.9,47.9,A,DoorSpread,DoorMaster,6.940000,D,P,49864.000000
Wed Jul 16 20:11:26 2025,16-Jul-2025,231147,48 23.121200 N,062 8.281800 W,4.9,47.9,A,DoorSpread,DoorMaster,6.940000,D,P,49864.000000
Wed Jul 16 20:11:49 2025,16-Jul-2025,231148,48 23.122100 N,062 8.280300 W,4.9,47.6,A,DoorSpread,DoorMaster,6.695000,D,P,169677.000000
Wed Jul 16 20:11:49 2025,16-Jul-2025,231149,48 23.123100 N,062 8.278800 W,4.9,47.2,A,DoorSpread,DoorMaster,6.695000,D,P,169677.000000
Wed Jul 16 20:11:49 2025,16-Jul-2025,231150,48 23.124000 N,062 8.277300 W,4.9,46.8,A,DoorSpread,DoorMaster,6.695000,D,P,169677.000000
Wed Jul 16 20:11:49 2025,16-Jul-2025,231151,48 23.124900 N,062 8.275600 W,4.9,46.7,A,DoorSpread,DoorMaster,6.695000,D,P,169677.000000
Wed Jul 16 20:11:49 2025,16-Jul-2025,231152,48 23.125700 N,062 8.273900 W,4.9,46.9,A,DoorSpread,DoorMaster,6.695000,D,P,169677.000000
Wed Jul 16 20:11:49 2025,16-Jul-2025,231153,48 23.126700 N,062 8.272400 W,4.9,46.8,A,DoorSpread,DoorMaster,6.695000,D,P,169677.000000
Wed Jul 16 20:11:55 2025,16-Jul-2025,231154,48 23.127600 N,062 8.271100 W,4.9,46.6,A,DoorSpread,DoorMaster,10.950000,D,S,13917.000000
Wed Jul 16 20:11:55 2025,16-Jul-2025,231155,48 23.128600 N,062 8.269700 W,4.9,46.4,A,DoorSpread,DoorMaster,10.950000,D,S,13917.000000
Wed Jul 16 20:11:55 2025,16-Jul-2025,231156,48 23.129600 N,062 8.268300 W,4.9,46.3,A,DoorSpread,DoorMaster,10.950000,D,S,13917.000000
Wed Jul 16 20:11:55 2025,16-Jul-2025,231157,48 23.130500 N,062 8.266900 W,4.9,46.3,A,DoorSpread,DoorMaster,10.950000,D,S,13917.000000
Wed Jul 16 20:11:55 2025,16-Jul-2025,231158,48 23.131400 N,062 8.265500 W,4.9,46.4,A,DoorSpread,DoorMaster,10.950000,D,S,13917.000000
Wed Jul 16 20:12:00 2025,16-Jul-2025,231159,48 23.132200 N,062 8.264200 W,4.8,46.1,A,DoorSpread,DoorMaster,5.980000,D,P,100242.000000
Wed Jul 16 20:12:00 2025,16-Jul-2025,231200,48 23.133200 N,062 8.263000 W,4.8,45.5,A,DoorSpread,DoorMaster,5.980000,D,P,100242.000000
Wed Jul 16 20:12:00 2025,16-Jul-2025,231201,48 23.134100 N,062 8.261700 W,4.8,45.1,A,DoorSpread,DoorMaster,5.980000,D,P,100242.000000
Wed Jul 16 20:12:00 2025,16-Jul-2025,231202,48 23.135000 N,062 8.260400 W,4.8,45.1,A,DoorSpread,DoorMaster,5.980000,D,P,100242.000000
Wed Jul 16 20:12:00 2025,16-Jul-2025,231203,48 23.135900 N,062 8.259000 W,4.8,45.3,A,DoorSpread,DoorMaster,5.980000,D,P,100242.000000
Wed Jul 16 20:12:00 2025,16-Jul-2025,231204,48 23.136900 N,062 8.257500 W,4.8,45.5,A,DoorSpread,DoorMaster,5.980000,D,P,100242.000000
Wed Jul 16 20:12:06 2025,16-Jul-2025,231205,48 23.137800 N,062 8.256100 W,4.8,45.5,A,DoorSpread,DoorMaster,5.560000,D,P,110196.000000
Wed Jul 16 20:12:06 2025,16-Jul-2025,231206,48 23.138800 N,062 8.254700 W,4.9,45.6,A,DoorSpread,DoorMaster,5.560000,D,P,110196.000000
Wed Jul 16 20:12:06 2025,16-Jul-2025,231207,48 23.139800 N,062 8.253200 W,4.9,45.6,A,DoorSpread,DoorMaster,5.560000,D,P,110196.000000
Wed Jul 16 20:12:06 2025,16-Jul-2025,231208,48 23.140800 N,062 8.251700 W,4.9,45.6,A,DoorSpread,DoorMaster,5.560000,D,P,110196.000000
Wed Jul 16 20:12:06 2025,16-Jul-2025,231209,48 23.141800 N,062 8.250200 W,4.9,45.7,A,DoorSpread,DoorMaster,5.560000,D,P,110196.000000
Wed Jul 16 20:12:11 2025,16-Jul-2025,231210,48 23.142700 N,062 8.248600 W,4.9,45.9,A,DoorSpread,DoorMaster,5.955000,D,P,32864.000000
Wed Jul 16 20:12:11 2025,16-Jul-2025,231211,48 23.143600 N,062 8.247100 W,4.9,46.0,A,DoorSpread,DoorMaster,5.955000,D,P,32864.000000
Wed Jul 16 20:12:11 2025,16-Jul-2025,231212,48 23.144600 N,062 8.245500 W,4.9,46.2,A,DoorSpread,DoorMaster,5.955000,D,P,32864.000000
Wed Jul 16 20:12:11 2025,16-Jul-2025,231213,48 23.145500 N,062 8.243900 W,5.0,46.3,A,DoorSpread,DoorMaster,5.955000,D,P,32864.000000
Wed Jul 16 20:12:11 2025,16-Jul-2025,231214,48 23.146400 N,062 8.242300 W,5.0,46.6,A,DoorSpread,DoorMaster,5.955000,D,P,32864.000000
Wed Jul 16 20:12:11 2025,16-Jul-2025,231215,48 23.147400 N,062 8.240900 W,5.0,46.6,A,DoorSpread,DoorMaster,5.955000,D,P,32864.000000
Wed Jul 16 20:12:17 2025,16-Jul-2025,231216,48 23.148300 N,062 8.239400 W,4.9,46.6,A,DoorSpread,DoorMaster,5.470000,D,P,37671.000000
Wed Jul 16 20:12:17 2025,16-Jul-2025,231217,48 23.149200 N,062 8.238000 W,4.9,46.7,A,DoorSpread,DoorMaster,5.470000,D,P,37671.000000
Wed Jul 16 20:12:17 2025,16-Jul-2025,231218,48 23.149900 N,062 8.236600 W,5.0,46.8,A,DoorSpread,DoorMaster,5.470000,D,P,37671.000000
Wed Jul 16 20:12:17 2025,16-Jul-2025,231219,48 23.150700 N,062 8.235100 W,5.0,46.9,A,DoorSpread,DoorMaster,5.470000,D,P,37671.000000
Wed Jul 16 20:12:17 2025,16-Jul-2025,231220,48 23.151600 N,062 8.233600 W,5.0,47.0,A,DoorSpread,DoorMaster,5.470000,D,P,37671.000000
Wed Jul 16 20:12:17 2025,16-Jul-2025,231221,48 23.152500 N,062 8.232100 W,5.0,46.9,A,DoorSpread,DoorMaster,5.470000,D,P,37671.000000
Wed Jul 16 20:12:23 2025,16-Jul-2025,231222,48 23.153400 N,062 8.230800 W,5.0,46.8,A,DoorSpread,DoorMaster,5.630000,D,P,62732.000000
Wed Jul 16 20:12:23 2025,16-Jul-2025,231223,48 23.154400 N,062 8.229400 W,5.0,46.7,A,DoorSpread,DoorMaster,5.630000,D,P,62732.000000
Wed Jul 16 20:12:23 2025,16-Jul-2025,231224,48 23.155300 N,062 8.228000 W,5.0,46.5,A,DoorSpread,DoorMaster,5.630000,D,P,62732.000000
Wed Jul 16 20:12:23 2025,16-Jul-2025,231225,48 23.156300 N,062 8.226700 W,5.0,46.3,A,DoorSpread,DoorMaster,5.630000,D,P,62732.000000
Wed Jul 16 20:12:23 2025,16-Jul-2025,231226,48 23.157300 N,062 8.225400 W,4.9,46.1,A,DoorSpread,DoorMaster,5.630000,D,P,62732.000000
Wed Jul 16 20:12:28 2025,16-Jul-2025,231227,48 23.158200 N,062 8.224100 W,4.9,45.9,A,DoorSpread,DoorMaster,5.490000,D,P,97935.000000
Wed Jul 16 20:12:28 2025,16-Jul-2025,231228,48 23.159200 N,062 8.222800 W,4.9,45.8,A,DoorSpread,DoorMaster,5.490000,D,P,97935.000000
Wed Jul 16 20:12:28 2025,16-Jul-2025,231229,48 23.160200 N,062 8.221400 W,5.0,45.8,A,DoorSpread,DoorMaster,5.490000,D,P,97935.000000
Wed Jul 16 20:12:28 2025,16-Jul-2025,231230,48 23.161100 N,062 8.220000 W,4.9,45.6,A,DoorSpread,DoorMaster,5.490000,D,P,97935.000000
Wed Jul 16 20:12:28 2025,16-Jul-2025,231231,48 23.162100 N,062 8.218600 W,4.9,45.5,A,DoorSpread,DoorMaster,5.490000,D,P,97935.000000
Wed Jul 16 20:12:28 2025,16-Jul-2025,231232,48 23.163000 N,062 8.217100 W,4.9,45.5,A,DoorSpread,DoorMaster,5.490000,D,P,97935.000000
Wed Jul 16 20:12:28 2025,16-Jul-2025,231233,48 23.163900 N,062 8.215700 W,4.9,45.5,A,DoorSpread,DoorMaster,5.490000,D,P,97935.000000
Wed Jul 16 20:12:28 2025,16-Jul-2025,231234,48 23.164800 N,062 8.214300 W,4.9,45.4,A,DoorSpread,DoorMaster,5.490000,D,P,97935.000000
Wed Jul 16 20:12:28 2025,16-Jul-2025,231235,48 23.165800 N,062 8.212900 W,4.9,45.5,A,DoorSpread,DoorMaster,5.490000,D,P,97935.000000
Wed Jul 16 20:12:28 2025,16-Jul-2025,231236,48 23.166600 N,062 8.211300 W,4.9,45.6,A,DoorSpread,DoorMaster,5.490000,D,P,97935.000000
Wed Jul 16 20:12:28 2025,16-Jul-2025,231237,48 23.167600 N,062 8.209700 W,4.9,45.7,A,DoorSpread,DoorMaster,5.490000,D,P,97935.000000
Wed Jul 16 20:12:28 2025,16-Jul-2025,231238,48 23.168500 N,062 8.208100 W,4.9,45.8,A,DoorSpread,DoorMaster,5.490000,D,P,97935.000000
Wed Jul 16 20:12:28 2025,16-Jul-2025,231239,48 23.169300 N,062 8.206500 W,4.9,46.1,A,DoorSpread,DoorMaster,5.490000,D,P,97935.000000
Wed Jul 16 20:12:28 2025,16-Jul-2025,231240,48 23.170200 N,062 8.204900 W,4.9,46.4,A,DoorSpread,DoorMaster,5.490000,D,P,97935.000000
Wed Jul 16 20:12:28 2025,16-Jul-2025,231241,48 23.171200 N,062 8.203200 W,4.9,46.5,A,DoorSpread,DoorMaster,5.490000,D,P,97935.000000
Wed Jul 16 20:12:28 2025,16-Jul-2025,231242,48 23.172100 N,062 8.201600 W,4.9,46.7,A,DoorSpread,DoorMaster,5.490000,D,P,97935.000000
Wed Jul 16 20:12:28 2025,16-Jul-2025,231243,48 23.173000 N,062 8.200000 W,4.9,47.0,A,DoorSpread,DoorMaster,5.490000,D,P,97935.000000
Wed Jul 16 20:12:45 2025,16-Jul-2025,231244,48 23.174000 N,062 8.198500 W,5.0,47.1,A,DoorSpread,DoorMaster,6.110000,D,P,27876.000000
Wed Jul 16 20:12:45 2025,16-Jul-2025,231245,48 23.175000 N,062 8.197000 W,5.0,47.2,A,DoorSpread,DoorMaster,6.110000,D,P,27876.000000
Wed Jul 16 20:12:45 2025,16-Jul-2025,231246,48 23.175900 N,062 8.195500 W,5.0,47.4,A,DoorSpread,DoorMaster,6.110000,D,P,27876.000000
Wed Jul 16 20:12:45 2025,16-Jul-2025,231247,48 23.176800 N,062 8.193900 W,5.0,47.5,A,DoorSpread,DoorMaster,6.110000,D,P,27876.000000
Wed Jul 16 20:12:45 2025,16-Jul-2025,231248,48 23.177700 N,062 8.192100 W,5.0,47.6,A,DoorSpread,DoorMaster,6.110000,D,P,27876.000000
Wed Jul 16 20:12:45 2025,16-Jul-2025,231249,48 23.178600 N,062 8.190400 W,5.0,47.8,A,DoorSpread,DoorMaster,6.110000,D,P,27876.000000
Wed Jul 16 20:12:45 2025,16-Jul-2025,231250,48 23.179500 N,062 8.188800 W,5.0,47.7,A,DoorSpread,DoorMaster,6.110000,D,P,27876.000000
Wed Jul 16 20:12:45 2025,16-Jul-2025,231251,48 23.180500 N,062 8.187400 W,5.0,47.6,A,DoorSpread,DoorMaster,6.110000,D,P,27876.000000
Wed Jul 16 20:12:45 2025,16-Jul-2025,231252,48 23.181400 N,062 8.186000 W,5.0,47.6,A,DoorSpread,DoorMaster,6.110000,D,P,27876.000000
Wed Jul 16 20:12:45 2025,16-Jul-2025,231253,48 23.182400 N,062 8.184600 W,5.0,47.5,A,DoorSpread,DoorMaster,6.110000,D,P,27876.000000
Wed Jul 16 20:12:45 2025,16-Jul-2025,231254,48 23.183300 N,062 8.183200 W,5.0,47.4,A,DoorSpread,DoorMaster,6.110000,D,P,27876.000000
Wed Jul 16 20:12:56 2025,16-Jul-2025,231255,48 23.184100 N,062 8.181800 W,4.9,47.2,A,DoorSpread,DoorMaster,10.355000,D,S,15601.000000
Wed Jul 16 20:12:56 2025,16-Jul-2025,231256,48 23.185000 N,062 8.180400 W,4.9,47.1,A,DoorSpread,DoorMaster,10.355000,D,S,15601.000000
Wed Jul 16 20:12:56 2025,16-Jul-2025,231257,48 23.185800 N,062 8.178900 W,4.9,46.9,A,DoorSpread,DoorMaster,10.355000,D,S,15601.000000
Wed Jul 16 20:12:56 2025,16-Jul-2025,231258,48 23.186600 N,062 8.177400 W,4.9,46.9,A,DoorSpread,DoorMaster,10.355000,D,S,15601.000000
Wed Jul 16 20:12:56 2025,16-Jul-2025,231259,48 23.187500 N,062 8.175900 W,4.9,47.0,A,DoorSpread,DoorMaster,10.355000,D,S,15601.000000
Wed Jul 16 20:13:01 2025,16-Jul-2025,231300,48 23.188300 N,062 8.174400 W,4.9,47.2,A,DoorSpread,DoorMaster,1.900000,D,S,13022.000000
Wed Jul 16 20:13:01 2025,16-Jul-2025,231301,48 23.189100 N,062 8.173000 W,4.8,47.0,A,DoorSpread,DoorMaster,1.900000,D,S,13022.000000
Wed Jul 16 20:13:01 2025,16-Jul-2025,231302,48 23.190000 N,062 8.171700 W,4.8,46.7,A,DoorSpread,DoorMaster,1.900000,D,S,13022.000000
Wed Jul 16 20:13:01 2025,16-Jul-2025,231303,48 23.190900 N,062 8.170300 W,4.8,46.4,A,DoorSpread,DoorMaster,1.900000,D,S,13022.000000
Wed Jul 16 20:13:01 2025,16-Jul-2025,231304,48 23.191800 N,062 8.168900 W,4.8,46.3,A,DoorSpread,DoorMaster,1.900000,D,S,13022.000000
Wed Jul 16 20:13:01 2025,16-Jul-2025,231305,48 23.192600 N,062 8.167500 W,4.8,46.3,A,DoorSpread,DoorMaster,1.900000,D,S,13022.000000
Wed Jul 16 20:13:01 2025,16-Jul-2025,231306,48 23.193500 N,062 8.166200 W,4.8,46.1,A,DoorSpread,DoorMaster,1.900000,D,S,13022.000000
Wed Jul 16 20:13:01 2025,16-Jul-2025,231307,48 23.194400 N,062 8.164900 W,4.8,45.9,A,DoorSpread,DoorMaster,1.900000,D,S,13022.000000
Wed Jul 16 20:13:01 2025,16-Jul-2025,231308,48 23.195300 N,062 8.163600 W,4.8,45.8,A,DoorSpread,DoorMaster,1.900000,D,S,13022.000000
Wed Jul 16 20:13:01 2025,16-Jul-2025,231309,48 23.196200 N,062 8.162200 W,4.8,45.9,A,DoorSpread,DoorMaster,1.900000,D,S,13022.000000
Wed Jul 16 20:13:01 2025,16-Jul-2025,231310,48 23.197000 N,062 8.160700 W,4.9,46.0,A,DoorSpread,DoorMaster,1.900000,D,S,13022.000000
Wed Jul 16 20:13:01 2025,16-Jul-2025,231311,48 23.197900 N,062 8.159300 W,4.8,46.0,A,DoorSpread,DoorMaster,1.900000,D,S,13022.000000
Wed Jul 16 20:13:01 2025,16-Jul-2025,231312,48 23.198800 N,062 8.158000 W,4.8,45.9,A,DoorSpread,DoorMaster,1.900000,D,S,13022.000000
Wed Jul 16 20:13:01 2025,16-Jul-2025,231313,48 23.199700 N,062 8.156700 W,4.8,45.9,A,DoorSpread,DoorMaster,1.900000,D,S,13022.000000
Wed Jul 16 20:13:01 2025,16-Jul-2025,231314,48 23.200700 N,062 8.155300 W,4.9,45.9,A,DoorSpread,DoorMaster,1.900000,D,S,13022.000000
Wed Jul 16 20:13:01 2025,16-Jul-2025,231315,48 23.201700 N,062 8.153700 W,4.9,46.0,A,DoorSpread,DoorMaster,1.900000,D,S,13022.000000
Wed Jul 16 20:13:01 2025,16-Jul-2025,231316,48 23.202700 N,062 8.152300 W,4.9,46.1,A,DoorSpread,DoorMaster,1.900000,D,S,13022.000000
Wed Jul 16 20:13:01 2025,16-Jul-2025,231317,48 23.203500 N,062 8.151000 W,4.8,46.0,A,DoorSpread,DoorMaster,1.900000,D,S,13022.000000
Wed Jul 16 20:13:01 2025,16-Jul-2025,231318,48 23.204400 N,062 8.149600 W,4.8,46.2,A,DoorSpread,DoorMaster,1.900000,D,S,13022.000000
Wed Jul 16 20:13:01 2025,16-Jul-2025,231319,48 23.205200 N,062 8.148000 W,4.8,46.4,A,DoorSpread,DoorMaster,1.900000,D,S,13022.000000
Wed Jul 16 20:13:01 2025,16-Jul-2025,231320,48 23.206100 N,062 8.146400 W,4.8,46.5,A,DoorSpread,DoorMaster,1.900000,D,S,13022.000000
Wed Jul 16 20:13:01 2025,16-Jul-2025,231321,48 23.206900 N,062 8.144900 W,4.8,46.4,A,DoorSpread,DoorMaster,1.900000,D,S,13022.000000
Wed Jul 16 20:13:01 2025,16-Jul-2025,231322,48 23.207800 N,062 8.143400 W,4.8,46.5,A,DoorSpread,DoorMaster,1.900000,D,S,13022.000000
Wed Jul 16 20:13:01 2025,16-Jul-2025,231323,48 23.208700 N,062 8.141900 W,4.8,46.6,A,DoorSpread,DoorMaster,1.900000,D,S,13022.000000
Wed Jul 16 20:13:01 2025,16-Jul-2025,231324,48 23.209500 N,062 8.140200 W,4.8,46.7,A,DoorSpread,DoorMaster,1.900000,D,S,13022.000000
Wed Jul 16 20:13:01 2025,16-Jul-2025,231325,48 23.210300 N,062 8.138800 W,4.8,46.6,A,DoorSpread,DoorMaster,1.900000,D,S,13022.000000
Wed Jul 16 20:13:01 2025,16-Jul-2025,231326,48 23.211100 N,062 8.137400 W,4.8,46.6,A,DoorSpread,DoorMaster,1.900000,D,S,13022.000000
Wed Jul 16 20:13:01 2025,16-Jul-2025,231327,48 23.211900 N,062 8.135900 W,4.8,46.7,A,DoorSpread,DoorMaster,1.900000,D,S,13022.000000
Wed Jul 16 20:13:29 2025,16-Jul-2025,231328,48 23.212700 N,062 8.134500 W,4.8,46.9,A,DoorSpread,DoorMaster,6.710000,D,S,17370.000000
Wed Jul 16 20:13:29 2025,16-Jul-2025,231329,48 23.213500 N,062 8.133200 W,4.7,47.1,A,DoorSpread,DoorMaster,6.710000,D,S,17370.000000
Wed Jul 16 20:13:29 2025,16-Jul-2025,231330,48 23.214100 N,062 8.131800 W,4.7,47.3,A,DoorSpread,DoorMaster,6.710000,D,S,17370.000000
Wed Jul 16 20:13:29 2025,16-Jul-2025,231331,48 23.214900 N,062 8.130400 W,4.7,47.4,A,DoorSpread,DoorMaster,6.710000,D,S,17370.000000
Wed Jul 16 20:13:29 2025,16-Jul-2025,231332,48 23.215700 N,062 8.128900 W,4.7,47.5,A,DoorSpread,DoorMaster,6.710000,D,S,17370.000000
Wed Jul 16 20:13:29 2025,16-Jul-2025,231333,48 23.216500 N,062 8.127500 W,4.7,47.6,A,DoorSpread,DoorMaster,6.710000,D,S,17370.000000
Wed Jul 16 20:13:35 2025,16-Jul-2025,231334,48 23.217300 N,062 8.126100 W,4.7,47.8,A,DoorSpread,DoorMaster,6.630000,D,S,21778.000000
Wed Jul 16 20:13:35 2025,16-Jul-2025,231335,48 23.218000 N,062 8.124600 W,4.6,47.8,A,DoorSpread,DoorMaster,6.630000,D,S,21778.000000
Wed Jul 16 20:13:35 2025,16-Jul-2025,231336,48 23.218900 N,062 8.123200 W,4.7,47.9,A,DoorSpread,DoorMaster,6.630000,D,S,21778.000000
Wed Jul 16 20:13:35 2025,16-Jul-2025,231337,48 23.219700 N,062 8.121700 W,4.7,47.8,A,DoorSpread,DoorMaster,6.630000,D,S,21778.000000
Wed Jul 16 20:13:35 2025,16-Jul-2025,231338,48 23.220500 N,062 8.120300 W,4.6,47.9,A,DoorSpread,DoorMaster,6.630000,D,S,21778.000000
Wed Jul 16 20:13:35 2025,16-Jul-2025,231339,48 23.221200 N,062 8.118900 W,4.6,48.1,A,DoorSpread,DoorMaster,6.630000,D,S,21778.000000
Wed Jul 16 20:13:40 2025,16-Jul-2025,231340,48 23.221900 N,062 8.117400 W,4.6,48.2,A,DoorSpread,DoorMaster,6.880000,D,S,32999.000000
Wed Jul 16 20:13:40 2025,16-Jul-2025,231341,48 23.222600 N,062 8.115900 W,4.7,48.2,A,DoorSpread,DoorMaster,6.880000,D,S,32999.000000
Wed Jul 16 20:13:40 2025,16-Jul-2025,231342,48 23.223400 N,062 8.114200 W,4.7,48.2,A,DoorSpread,DoorMaster,6.880000,D,S,32999.000000
Wed Jul 16 20:13:40 2025,16-Jul-2025,231343,48 23.224200 N,062 8.112700 W,4.7,48.3,A,DoorSpread,DoorMaster,6.880000,D,S,32999.000000
Wed Jul 16 20:13:40 2025,16-Jul-2025,231344,48 23.225000 N,062 8.111200 W,4.7,48.4,A,DoorSpread,DoorMaster,6.880000,D,S,32999.000000
Wed Jul 16 20:13:40 2025,16-Jul-2025,231345,48 23.225800 N,062 8.109800 W,4.7,48.2,A,DoorSpread,DoorMaster,6.880000,D,S,32999.000000
Wed Jul 16 20:13:40 2025,16-Jul-2025,231346,48 23.226700 N,062 8.108500 W,4.7,48.3,A,DoorSpread,DoorMaster,6.880000,D,S,32999.000000
Wed Jul 16 20:13:40 2025,16-Jul-2025,231347,48 23.227600 N,062 8.107100 W,4.7,48.6,A,DoorSpread,DoorMaster,6.880000,D,S,32999.000000
Wed Jul 16 20:13:40 2025,16-Jul-2025,231348,48 23.228400 N,062 8.105700 W,4.7,48.7,A,DoorSpread,DoorMaster,6.880000,D,S,32999.000000
Wed Jul 16 20:13:40 2025,16-Jul-2025,231349,48 23.229300 N,062 8.104400 W,4.7,48.6,A,DoorSpread,DoorMaster,6.880000,D,S,32999.000000
Wed Jul 16 20:13:40 2025,16-Jul-2025,231350,48 23.230100 N,062 8.103000 W,4.7,48.7,A,DoorSpread,DoorMaster,6.880000,D,S,32999.000000
Wed Jul 16 20:13:40 2025,16-Jul-2025,231351,48 23.231000 N,062 8.101500 W,4.7,48.9,A,DoorSpread,DoorMaster,6.880000,D,S,32999.000000
Wed Jul 16 20:13:40 2025,16-Jul-2025,231352,48 23.231800 N,062 8.100100 W,4.7,48.9,A,DoorSpread,DoorMaster,6.880000,D,S,32999.000000
Wed Jul 16 20:13:40 2025,16-Jul-2025,231353,48 23.232700 N,062 8.098600 W,4.7,48.8,A,DoorSpread,DoorMaster,6.880000,D,S,32999.000000
Wed Jul 16 20:13:40 2025,16-Jul-2025,231354,48 23.233600 N,062 8.097200 W,4.7,48.4,A,DoorSpread,DoorMaster,6.880000,D,S,32999.000000
Wed Jul 16 20:13:40 2025,16-Jul-2025,231355,48 23.234500 N,062 8.095800 W,4.7,48.0,A,DoorSpread,DoorMaster,6.880000,D,S,32999.000000
Wed Jul 16 20:13:40 2025,16-Jul-2025,231356,48 23.235400 N,062 8.094400 W,4.7,47.9,A,DoorSpread,DoorMaster,6.880000,D,S,32999.000000
Wed Jul 16 20:13:40 2025,16-Jul-2025,231357,48 23.236200 N,062 8.092900 W,4.7,47.9,A,DoorSpread,DoorMaster,6.880000,D,S,32999.000000
Wed Jul 16 20:13:40 2025,16-Jul-2025,231358,48 23.237100 N,062 8.091500 W,4.7,48.0,A,DoorSpread,DoorMaster,6.880000,D,S,32999.000000
Wed Jul 16 20:13:40 2025,16-Jul-2025,231359,48 23.238000 N,062 8.090000 W,4.7,47.9,A,DoorSpread,DoorMaster,6.880000,D,S,32999.000000
Wed Jul 16 20:13:40 2025,16-Jul-2025,231400,48 23.238900 N,062 8.088600 W,4.7,47.8,A,DoorSpread,DoorMaster,6.880000,D,S,32999.000000
Wed Jul 16 20:13:40 2025,16-Jul-2025,231401,48 23.239800 N,062 8.087100 W,4.8,47.8,A,DoorSpread,DoorMaster,6.880000,D,S,32999.000000
Wed Jul 16 20:13:40 2025,16-Jul-2025,231402,48 23.240700 N,062 8.085500 W,4.8,47.7,A,DoorSpread,DoorMaster,6.880000,D,S,32999.000000
Wed Jul 16 20:13:40 2025,16-Jul-2025,231403,48 23.241500 N,062 8.084000 W,4.8,47.9,A,DoorSpread,DoorMaster,6.880000,D,S,32999.000000
Wed Jul 16 20:13:40 2025,16-Jul-2025,231404,48 23.242400 N,062 8.082600 W,4.8,48.0,A,DoorSpread,DoorMaster,6.880000,D,S,32999.000000
Wed Jul 16 20:13:40 2025,16-Jul-2025,231405,48 23.243300 N,062 8.081100 W,4.8,48.1,A,DoorSpread,DoorMaster,6.880000,D,S,32999.000000
Wed Jul 16 20:13:40 2025,16-Jul-2025,231406,48 23.244200 N,062 8.079600 W,4.9,48.1,A,DoorSpread,DoorMaster,6.880000,D,S,32999.000000
Wed Jul 16 20:13:40 2025,16-Jul-2025,231407,48 23.245100 N,062 8.078000 W,4.9,48.3,A,DoorSpread,DoorMaster,6.880000,D,S,32999.000000
Wed Jul 16 20:14:09 2025,16-Jul-2025,231408,48 23.245900 N,062 8.076400 W,4.9,48.6,A,DoorSpread,DoorMaster,6.615000,D,S,31621.000000
Wed Jul 16 20:14:09 2025,16-Jul-2025,231409,48 23.246700 N,062 8.074700 W,4.9,48.8,A,DoorSpread,DoorMaster,6.615000,D,S,31621.000000
Wed Jul 16 20:14:09 2025,16-Jul-2025,231410,48 23.247600 N,062 8.073100 W,4.9,48.9,A,DoorSpread,DoorMaster,6.615000,D,S,31621.000000
Wed Jul 16 20:14:09 2025,16-Jul-2025,231411,48 23.248500 N,062 8.071600 W,4.9,48.8,A,DoorSpread,DoorMaster,6.615000,D,S,31621.000000
Wed Jul 16 20:14:09 2025,16-Jul-2025,231412,48 23.249400 N,062 8.070000 W,5.0,48.7,A,DoorSpread,DoorMaster,6.615000,D,S,31621.000000
Wed Jul 16 20:14:09 2025,16-Jul-2025,231413,48 23.250400 N,062 8.068500 W,5.0,48.5,A,DoorSpread,DoorMaster,6.615000,D,S,31621.000000
Wed Jul 16 20:14:14 2025,16-Jul-2025,231414,48 23.251300 N,062 8.066800 W,5.1,48.3,A,DoorSpread,DoorMaster,10.110000,D,S,13466.000000
Wed Jul 16 20:14:14 2025,16-Jul-2025,231415,48 23.252200 N,062 8.065200 W,5.1,48.1,A,DoorSpread,DoorMaster,10.110000,D,S,13466.000000
Wed Jul 16 20:14:14 2025,16-Jul-2025,231416,48 23.253300 N,062 8.063600 W,5.1,47.9,A,DoorSpread,DoorMaster,10.110000,D,S,13466.000000
Wed Jul 16 20:14:14 2025,16-Jul-2025,231417,48 23.254300 N,062 8.062100 W,5.2,47.6,A,DoorSpread,DoorMaster,10.110000,D,S,13466.000000
Wed Jul 16 20:14:14 2025,16-Jul-2025,231418,48 23.255400 N,062 8.060600 W,5.2,47.4,A,DoorSpread,DoorMaster,10.110000,D,S,13466.000000
Wed Jul 16 20:14:20 2025,16-Jul-2025,231419,48 23.256500 N,062 8.059000 W,5.2,47.2,A,DoorSpread,DoorMaster,3.255000,D,S,28439.000000
Wed Jul 16 20:14:20 2025,16-Jul-2025,231420,48 23.257600 N,062 8.057500 W,5.2,47.1,A,DoorSpread,DoorMaster,3.255000,D,S,28439.000000
Wed Jul 16 20:14:20 2025,16-Jul-2025,231421,48 23.258600 N,062 8.056000 W,5.2,47.0,A,DoorSpread,DoorMaster,3.255000,D,S,28439.000000
Wed Jul 16 20:14:20 2025,16-Jul-2025,231422,48 23.259700 N,062 8.054400 W,5.2,46.9,A,DoorSpread,DoorMaster,3.255000,D,S,28439.000000
Wed Jul 16 20:14:20 2025,16-Jul-2025,231423,48 23.260700 N,062 8.052700 W,5.3,46.9,A,DoorSpread,DoorMaster,3.255000,D,S,28439.000000
Wed Jul 16 20:14:25 2025,16-Jul-2025,231424,48 23.261800 N,062 8.051100 W,5.3,46.8,A,DoorSpread,DoorMaster,7.220000,D,S,18465.000000
Wed Jul 16 20:14:25 2025,16-Jul-2025,231425,48 23.262800 N,062 8.049500 W,5.3,46.7,A,DoorSpread,DoorMaster,7.220000,D,S,18465.000000
Wed Jul 16 20:14:25 2025,16-Jul-2025,231426,48 23.263800 N,062 8.048000 W,5.2,46.6,A,DoorSpread,DoorMaster,7.220000,D,S,18465.000000
Wed Jul 16 20:14:25 2025,16-Jul-2025,231427,48 23.264900 N,062 8.046700 W,5.2,46.4,A,DoorSpread,DoorMaster,7.220000,D,S,18465.000000
Wed Jul 16 20:14:25 2025,16-Jul-2025,231428,48 23.265900 N,062 8.045300 W,5.2,46.2,A,DoorSpread,DoorMaster,7.220000,D,S,18465.000000
Wed Jul 16 20:14:25 2025,16-Jul-2025,231429,48 23.267000 N,062 8.043900 W,5.2,46.1,A,DoorSpread,DoorMaster,7.220000,D,S,18465.000000
Wed Jul 16 20:14:31 2025,16-Jul-2025,231430,48 23.268200 N,062 8.042300 W,5.3,45.9,A,DoorSpread,DoorMaster,7.035000,D,S,21082.000000
Wed Jul 16 20:14:31 2025,16-Jul-2025,231431,48 23.269200 N,062 8.040900 W,5.2,45.7,A,DoorSpread,DoorMaster,7.035000,D,S,21082.000000
Wed Jul 16 20:14:31 2025,16-Jul-2025,231432,48 23.270200 N,062 8.039600 W,5.2,45.5,A,DoorSpread,DoorMaster,7.035000,D,S,21082.000000
Wed Jul 16 20:14:31 2025,16-Jul-2025,231433,48 23.271200 N,062 8.038100 W,5.2,45.3,A,DoorSpread,DoorMaster,7.035000,D,S,21082.000000
Wed Jul 16 20:14:31 2025,16-Jul-2025,231434,48 23.272100 N,062 8.036600 W,5.3,45.2,A,DoorSpread,DoorMaster,7.035000,D,S,21082.000000
Wed Jul 16 20:14:31 2025,16-Jul-2025,231435,48 23.273100 N,062 8.035100 W,5.3,45.2,A,DoorSpread,DoorMaster,7.035000,D,S,21082.000000
Wed Jul 16 20:14:31 2025,16-Jul-2025,231436,48 23.273900 N,062 8.033600 W,5.2,45.2,A,DoorSpread,DoorMaster,7.035000,D,S,21082.000000
Wed Jul 16 20:14:31 2025,16-Jul-2025,231437,48 23.274800 N,062 8.032200 W,5.2,45.2,A,DoorSpread,DoorMaster,7.035000,D,S,21082.000000
Wed Jul 16 20:14:31 2025,16-Jul-2025,231438,48 23.275700 N,062 8.030800 W,5.2,45.3,A,DoorSpread,DoorMaster,7.035000,D,S,21082.000000
Wed Jul 16 20:14:31 2025,16-Jul-2025,231439,48 23.276500 N,062 8.029400 W,5.2,45.3,A,DoorSpread,DoorMaster,7.035000,D,S,21082.000000
Wed Jul 16 20:14:31 2025,16-Jul-2025,231440,48 23.277500 N,062 8.027800 W,5.2,45.3,A,DoorSpread,DoorMaster,7.035000,D,S,21082.000000
Wed Jul 16 20:14:31 2025,16-Jul-2025,231441,48 23.278500 N,062 8.026300 W,5.2,45.4,A,DoorSpread,DoorMaster,7.035000,D,S,21082.000000
Wed Jul 16 20:14:31 2025,16-Jul-2025,231442,48 23.279400 N,062 8.024700 W,5.1,45.4,A,DoorSpread,DoorMaster,7.035000,D,S,21082.000000
Wed Jul 16 20:14:31 2025,16-Jul-2025,231443,48 23.280400 N,062 8.023200 W,5.1,45.5,A,DoorSpread,DoorMaster,7.035000,D,S,21082.000000
Wed Jul 16 20:14:31 2025,16-Jul-2025,231444,48 23.281400 N,062 8.021600 W,5.1,45.6,A,DoorSpread,DoorMaster,7.035000,D,S,21082.000000
Wed Jul 16 20:14:31 2025,16-Jul-2025,231445,48 23.282300 N,062 8.020200 W,5.1,45.7,A,DoorSpread,DoorMaster,7.035000,D,S,21082.000000
Wed Jul 16 20:14:31 2025,16-Jul-2025,231446,48 23.283200 N,062 8.018700 W,5.1,45.7,A,DoorSpread,DoorMaster,7.035000,D,S,21082.000000
Wed Jul 16 20:14:31 2025,16-Jul-2025,231447,48 23.284200 N,062 8.017200 W,5.1,45.7,A,DoorSpread,DoorMaster,7.035000,D,S,21082.000000
Wed Jul 16 20:14:31 2025,16-Jul-2025,231448,48 23.285100 N,062 8.015700 W,5.1,45.8,A,DoorSpread,DoorMaster,7.035000,D,S,21082.000000
Wed Jul 16 20:14:31 2025,16-Jul-2025,231449,48 23.286100 N,062 8.014100 W,5.1,46.0,A,DoorSpread,DoorMaster,7.035000,D,S,21082.000000
Wed Jul 16 20:14:31 2025,16-Jul-2025,231450,48 23.287200 N,062 8.012500 W,5.1,45.8,A,DoorSpread,DoorMaster,7.035000,D,S,21082.000000
Wed Jul 16 20:14:31 2025,16-Jul-2025,231451,48 23.288300 N,062 8.011000 W,5.1,45.6,A,DoorSpread,DoorMaster,7.035000,D,S,21082.000000
Wed Jul 16 20:14:31 2025,16-Jul-2025,231452,48 23.289400 N,062 8.009500 W,5.1,45.5,A,DoorSpread,DoorMaster,7.035000,D,S,21082.000000
Wed Jul 16 20:14:31 2025,16-Jul-2025,231453,48 23.290500 N,062 8.007900 W,5.1,45.4,A,DoorSpread,DoorMaster,7.035000,D,S,21082.000000
Wed Jul 16 20:14:31 2025,16-Jul-2025,231454,48 23.291600 N,062 8.006100 W,5.2,45.5,A,DoorSpread,DoorMaster,7.035000,D,S,21082.000000
Wed Jul 16 20:14:31 2025,16-Jul-2025,231455,48 23.292600 N,062 8.004500 W,5.2,45.6,A,DoorSpread,DoorMaster,7.035000,D,S,21082.000000
Wed Jul 16 20:14:31 2025,16-Jul-2025,231456,48 23.293600 N,062 8.002800 W,5.2,45.6,A,DoorSpread,DoorMaster,7.035000,D,S,21082.000000
Wed Jul 16 20:14:31 2025,16-Jul-2025,231457,48 23.294700 N,062 8.001300 W,5.2,45.5,A,DoorSpread,DoorMaster,7.035000,D,S,21082.000000
Wed Jul 16 20:14:31 2025,16-Jul-2025,231458,48 23.295800 N,062 7.999700 W,5.2,45.4,A,DoorSpread,DoorMaster,7.035000,D,S,21082.000000
Wed Jul 16 20:14:31 2025,16-Jul-2025,231459,48 23.296800 N,062 7.998200 W,5.2,45.3,A,DoorSpread,DoorMaster,7.035000,D,S,21082.000000
Wed Jul 16 20:14:31 2025,16-Jul-2025,231500,48 23.297800 N,062 7.996700 W,5.2,45.3,A,DoorSpread,DoorMaster,7.035000,D,S,21082.000000
Wed Jul 16 20:14:31 2025,16-Jul-2025,231501,48 23.298800 N,062 7.995200 W,5.1,45.1,A,DoorSpread,DoorMaster,7.035000,D,S,21082.000000
Wed Jul 16 20:14:31 2025,16-Jul-2025,231502,48 23.299700 N,062 7.993800 W,5.1,45.1,A,DoorSpread,DoorMaster,7.035000,D,S,21082.000000
Wed Jul 16 20:14:31 2025,16-Jul-2025,231503,48 23.300600 N,062 7.992400 W,5.0,44.8,A,DoorSpread,DoorMaster,7.035000,D,S,21082.000000
Wed Jul 16 20:14:31 2025,16-Jul-2025,231504,48 23.301500 N,062 7.991100 W,5.0,44.5,A,DoorSpread,DoorMaster,7.035000,D,S,21082.000000
Wed Jul 16 20:14:31 2025,16-Jul-2025,231505,48 23.302500 N,062 7.989500 W,5.1,44.3,A,DoorSpread,DoorMaster,7.035000,D,S,21082.000000
Wed Jul 16 20:14:31 2025,16-Jul-2025,231506,48 23.303500 N,062 7.987900 W,5.1,44.4,A,DoorSpread,DoorMaster,7.035000,D,S,21082.000000
Wed Jul 16 20:14:31 2025,16-Jul-2025,231507,48 23.304500 N,062 7.986500 W,5.1,44.4,A,DoorSpread,DoorMaster,7.035000,D,S,21082.000000
Wed Jul 16 20:14:31 2025,16-Jul-2025,231508,48 23.305400 N,062 7.985100 W,5.0,44.3,A,DoorSpread,DoorMaster,7.035000,D,S,21082.000000
Wed Jul 16 20:14:31 2025,16-Jul-2025,231509,48 23.306400 N,062 7.983700 W,5.0,44.3,A,DoorSpread,DoorMaster,7.035000,D,S,21082.000000
Wed Jul 16 20:14:31 2025,16-Jul-2025,231510,48 23.307400 N,062 7.982400 W,5.0,44.2,A,DoorSpread,DoorMaster,7.035000,D,S,21082.000000
Wed Jul 16 20:14:31 2025,16-Jul-2025,231511,48 23.308400 N,062 7.981000 W,5.0,44.3,A,DoorSpread,DoorMaster,7.035000,D,S,21082.000000
Wed Jul 16 20:14:31 2025,16-Jul-2025,231512,48 23.309300 N,062 7.979700 W,5.0,44.2,A,DoorSpread,DoorMaster,7.035000,D,S,21082.000000
Wed Jul 16 20:14:31 2025,16-Jul-2025,231513,48 23.310300 N,062 7.978400 W,4.9,44.2,A,DoorSpread,DoorMaster,7.035000,D,S,21082.000000
Wed Jul 16 20:14:31 2025,16-Jul-2025,231514,48 23.311200 N,062 7.976900 W,4.9,44.2,A,DoorSpread,DoorMaster,7.035000,D,S,21082.000000
Wed Jul 16 20:15:16 2025,16-Jul-2025,231515,48 23.312100 N,062 7.975400 W,4.9,44.3,A,DoorSpread,DoorMaster,5.700000,D,S,69828.000000
Wed Jul 16 20:15:16 2025,16-Jul-2025,231516,48 23.313100 N,062 7.973800 W,5.0,44.1,A,DoorSpread,DoorMaster,5.700000,D,S,69828.000000
Wed Jul 16 20:15:16 2025,16-Jul-2025,231517,48 23.314000 N,062 7.972300 W,5.0,44.2,A,DoorSpread,DoorMaster,5.700000,D,S,69828.000000
Wed Jul 16 20:15:16 2025,16-Jul-2025,231518,48 23.314900 N,062 7.970600 W,5.1,44.5,A,DoorSpread,DoorMaster,5.700000,D,S,69828.000000
Wed Jul 16 20:15:16 2025,16-Jul-2025,231519,48 23.315800 N,062 7.968900 W,5.1,44.7,A,DoorSpread,DoorMaster,5.700000,D,S,69828.000000
Wed Jul 16 20:15:16 2025,16-Jul-2025,231520,48 23.316700 N,062 7.967200 W,5.1,44.8,A,DoorSpread,DoorMaster,5.700000,D,S,69828.000000
Wed Jul 16 20:15:16 2025,16-Jul-2025,231521,48 23.317700 N,062 7.965600 W,5.1,44.9,A,DoorSpread,DoorMaster,5.700000,D,S,69828.000000
Wed Jul 16 20:15:16 2025,16-Jul-2025,231522,48 23.318700 N,062 7.963900 W,5.1,44.9,A,DoorSpread,DoorMaster,5.700000,D,S,69828.000000
Wed Jul 16 20:15:16 2025,16-Jul-2025,231523,48 23.319600 N,062 7.962400 W,5.1,44.9,A,DoorSpread,DoorMaster,5.700000,D,S,69828.000000
Wed Jul 16 20:15:16 2025,16-Jul-2025,231524,48 23.320600 N,062 7.960700 W,5.1,45.0,A,DoorSpread,DoorMaster,5.700000,D,S,69828.000000
Wed Jul 16 20:15:16 2025,16-Jul-2025,231525,48 23.321600 N,062 7.959100 W,5.1,45.1,A,DoorSpread,DoorMaster,5.700000,D,S,69828.000000
Wed Jul 16 20:15:16 2025,16-Jul-2025,231526,48 23.322600 N,062 7.957600 W,5.1,45.0,A,DoorSpread,DoorMaster,5.700000,D,S,69828.000000
Wed Jul 16 20:15:16 2025,16-Jul-2025,231527,48 23.323500 N,062 7.956100 W,5.1,44.9,A,DoorSpread,DoorMaster,5.700000,D,S,69828.000000
Wed Jul 16 20:15:16 2025,16-Jul-2025,231528,48 23.324600 N,062 7.954500 W,5.1,44.8,A,DoorSpread,DoorMaster,5.700000,D,S,69828.000000
Wed Jul 16 20:15:16 2025,16-Jul-2025,231529,48 23.325600 N,062 7.953100 W,5.1,44.7,A,DoorSpread,DoorMaster,5.700000,D,S,69828.000000
Wed Jul 16 20:15:16 2025,16-Jul-2025,231530,48 23.326600 N,062 7.951700 W,5.1,44.5,A,DoorSpread,DoorMaster,5.700000,D,S,69828.000000
Wed Jul 16 20:15:16 2025,16-Jul-2025,231531,48 23.327500 N,062 7.950300 W,5.1,44.3,A,DoorSpread,DoorMaster,5.700000,D,S,69828.000000
Wed Jul 16 20:15:16 2025,16-Jul-2025,231532,48 23.328400 N,062 7.948900 W,5.1,44.2,A,DoorSpread,DoorMaster,5.700000,D,S,69828.000000
Wed Jul 16 20:15:16 2025,16-Jul-2025,231533,48 23.329400 N,062 7.947400 W,5.1,44.2,A,DoorSpread,DoorMaster,5.700000,D,S,69828.000000
Wed Jul 16 20:15:16 2025,16-Jul-2025,231534,48 23.330300 N,062 7.946000 W,5.1,44.3,A,DoorSpread,DoorMaster,5.700000,D,S,69828.000000
Wed Jul 16 20:15:16 2025,16-Jul-2025,231535,48 23.331300 N,062 7.944500 W,5.1,44.3,A,DoorSpread,DoorMaster,5.700000,D,S,69828.000000
Wed Jul 16 20:15:16 2025,16-Jul-2025,231536,48 23.332300 N,062 7.943000 W,5.1,44.3,A,DoorSpread,DoorMaster,5.700000,D,S,69828.000000
Wed Jul 16 20:15:16 2025,16-Jul-2025,231537,48 23.333200 N,062 7.941500 W,5.1,44.3,A,DoorSpread,DoorMaster,5.700000,D,S,69828.000000
Wed Jul 16 20:15:16 2025,16-Jul-2025,231538,48 23.334200 N,062 7.940100 W,5.1,44.1,A,DoorSpread,DoorMaster,5.700000,D,S,69828.000000
Wed Jul 16 20:15:16 2025,16-Jul-2025,231539,48 23.335300 N,062 7.938700 W,5.1,43.9,A,DoorSpread,DoorMaster,5.700000,D,S,69828.000000
Wed Jul 16 20:15:16 2025,16-Jul-2025,231540,48 23.336300 N,062 7.937300 W,5.1,43.7,A,DoorSpread,DoorMaster,5.700000,D,S,69828.000000
Wed Jul 16 20:15:16 2025,16-Jul-2025,231541,48 23.337300 N,062 7.935900 W,5.2,43.8,A,DoorSpread,DoorMaster,5.700000,D,S,69828.000000
Wed Jul 16 20:15:16 2025,16-Jul-2025,231542,48 23.338400 N,062 7.934300 W,5.2,43.8,A,DoorSpread,DoorMaster,5.700000,D,S,69828.000000
Wed Jul 16 20:15:44 2025,16-Jul-2025,231543,48 23.339500 N,062 7.933000 W,5.2,43.8,A,DoorSpread,DoorMaster,2.930000,D,S,14540.000000
Wed Jul 16 20:15:44 2025,16-Jul-2025,231544,48 23.340600 N,062 7.931700 W,5.1,43.7,A,DoorSpread,DoorMaster,2.930000,D,S,14540.000000
Wed Jul 16 20:15:44 2025,16-Jul-2025,231545,48 23.341600 N,062 7.930300 W,5.1,43.7,A,DoorSpread,DoorMaster,2.930000,D,S,14540.000000
Wed Jul 16 20:15:44 2025,16-Jul-2025,231546,48 23.342500 N,062 7.928800 W,5.1,43.8,A,DoorSpread,DoorMaster,2.930000,D,S,14540.000000
Wed Jul 16 20:15:44 2025,16-Jul-2025,231547,48 23.343400 N,062 7.927300 W,5.1,43.9,A,DoorSpread,DoorMaster,2.930000,D,S,14540.000000
Wed Jul 16 20:15:49 2025,16-Jul-2025,231548,48 23.344300 N,062 7.926000 W,5.0,43.7,A,DoorSpread,DoorMaster,8.595000,D,S,28714.000000
Wed Jul 16 20:15:49 2025,16-Jul-2025,231549,48 23.345300 N,062 7.924700 W,5.0,43.5,A,DoorSpread,DoorMaster,8.595000,D,S,28714.000000
Wed Jul 16 20:15:49 2025,16-Jul-2025,231550,48 23.346200 N,062 7.923400 W,5.1,43.5,A,DoorSpread,DoorMaster,8.595000,D,S,28714.000000
Wed Jul 16 20:15:49 2025,16-Jul-2025,231551,48 23.347100 N,062 7.921900 W,5.1,43.6,A,DoorSpread,DoorMaster,8.595000,D,S,28714.000000
Wed Jul 16 20:15:49 2025,16-Jul-2025,231552,48 23.348000 N,062 7.920300 W,5.0,44.0,A,DoorSpread,DoorMaster,8.595000,D,S,28714.000000
Wed Jul 16 20:15:49 2025,16-Jul-2025,231553,48 23.348900 N,062 7.918800 W,5.0,43.9,A,DoorSpread,DoorMaster,8.595000,D,S,28714.000000
Wed Jul 16 20:15:49 2025,16-Jul-2025,231554,48 23.349900 N,062 7.917400 W,5.0,43.7,A,DoorSpread,DoorMaster,8.595000,D,S,28714.000000
Wed Jul 16 20:15:49 2025,16-Jul-2025,231555,48 23.350900 N,062 7.916000 W,5.0,43.4,A,DoorSpread,DoorMaster,8.595000,D,S,28714.000000
Wed Jul 16 20:15:49 2025,16-Jul-2025,231556,48 23.351900 N,062 7.914600 W,5.0,43.3,A,DoorSpread,DoorMaster,8.595000,D,S,28714.000000
Wed Jul 16 20:15:49 2025,16-Jul-2025,231557,48 23.352900 N,062 7.913100 W,5.0,43.1,A,DoorSpread,DoorMaster,8.595000,D,S,28714.000000
Wed Jul 16 20:15:49 2025,16-Jul-2025,231558,48 23.354000 N,062 7.911600 W,5.0,42.8,A,DoorSpread,DoorMaster,8.595000,D,S,28714.000000
Wed Jul 16 20:15:49 2025,16-Jul-2025,231559,48 23.355000 N,062 7.910200 W,5.0,42.5,A,DoorSpread,DoorMaster,8.595000,D,S,28714.000000
Wed Jul 16 20:15:49 2025,16-Jul-2025,231600,48 23.356000 N,062 7.908700 W,5.0,42.4,A,DoorSpread,DoorMaster,8.595000,D,S,28714.000000
Wed Jul 16 20:15:49 2025,16-Jul-2025,231601,48 23.357100 N,062 7.907100 W,5.1,42.4,A,DoorSpread,DoorMaster,8.595000,D,S,28714.000000
Wed Jul 16 20:15:49 2025,16-Jul-2025,231602,48 23.358100 N,062 7.905700 W,5.1,42.3,A,DoorSpread,DoorMaster,8.595000,D,S,28714.000000
Wed Jul 16 20:15:49 2025,16-Jul-2025,231603,48 23.359200 N,062 7.904300 W,5.1,42.1,A,DoorSpread,DoorMaster,8.595000,D,S,28714.000000
Wed Jul 16 20:15:49 2025,16-Jul-2025,231604,48 23.360200 N,062 7.902900 W,5.1,41.8,A,DoorSpread,DoorMaster,8.595000,D,S,28714.000000
Wed Jul 16 20:15:49 2025,16-Jul-2025,231605,48 23.361300 N,062 7.901500 W,5.1,41.8,A,DoorSpread,DoorMaster,8.595000,D,S,28714.000000
Wed Jul 16 20:15:49 2025,16-Jul-2025,231606,48 23.362300 N,062 7.900000 W,5.1,41.9,A,DoorSpread,DoorMaster,8.595000,D,S,28714.000000
Wed Jul 16 20:15:49 2025,16-Jul-2025,231607,48 23.363300 N,062 7.898500 W,5.1,42.1,A,DoorSpread,DoorMaster,8.595000,D,S,28714.000000
Wed Jul 16 20:15:49 2025,16-Jul-2025,231608,48 23.364200 N,062 7.896900 W,5.1,42.4,A,DoorSpread,DoorMaster,8.595000,D,S,28714.000000
Wed Jul 16 20:15:49 2025,16-Jul-2025,231609,48 23.365100 N,062 7.895400 W,5.1,42.7,A,DoorSpread,DoorMaster,8.595000,D,S,28714.000000
Wed Jul 16 20:15:49 2025,16-Jul-2025,231610,48 23.366000 N,062 7.893900 W,5.1,43.1,A,DoorSpread,DoorMaster,8.595000,D,S,28714.000000
Wed Jul 16 20:16:12 2025,16-Jul-2025,231611,48 23.367000 N,062 7.892400 W,5.1,43.2,A,DoorSpread,DoorMaster,6.435000,D,S,34809.000000
Wed Jul 16 20:16:12 2025,16-Jul-2025,231612,48 23.368000 N,062 7.890900 W,5.1,43.3,A,DoorSpread,DoorMaster,6.435000,D,S,34809.000000
Wed Jul 16 20:16:12 2025,16-Jul-2025,231613,48 23.368900 N,062 7.889500 W,5.1,43.4,A,DoorSpread,DoorMaster,6.435000,D,S,34809.000000
Wed Jul 16 20:16:12 2025,16-Jul-2025,231614,48 23.369800 N,062 7.888000 W,5.1,43.6,A,DoorSpread,DoorMaster,6.435000,D,S,34809.000000
Wed Jul 16 20:16:12 2025,16-Jul-2025,231615,48 23.370800 N,062 7.886400 W,5.1,43.7,A,DoorSpread,DoorMaster,6.435000,D,S,34809.000000
Wed Jul 16 20:16:12 2025,16-Jul-2025,231616,48 23.371800 N,062 7.884900 W,5.1,43.7,A,DoorSpread,DoorMaster,6.435000,D,S,34809.000000
Wed Jul 16 20:16:12 2025,16-Jul-2025,231617,48 23.372800 N,062 7.883500 W,5.1,43.8,A,DoorSpread,DoorMaster,6.435000,D,S,34809.000000
Wed Jul 16 20:16:12 2025,16-Jul-2025,231618,48 23.373800 N,062 7.882100 W,5.0,43.5,A,DoorSpread,DoorMaster,6.435000,D,S,34809.000000
Wed Jul 16 20:16:12 2025,16-Jul-2025,231619,48 23.374800 N,062 7.880700 W,5.0,43.3,A,DoorSpread,DoorMaster,6.435000,D,S,34809.000000
Wed Jul 16 20:16:12 2025,16-Jul-2025,231620,48 23.375800 N,062 7.879200 W,5.0,43.3,A,DoorSpread,DoorMaster,6.435000,D,S,34809.000000
Wed Jul 16 20:16:12 2025,16-Jul-2025,231621,48 23.376800 N,062 7.877800 W,5.0,43.4,A,DoorSpread,DoorMaster,6.435000,D,S,34809.000000
Wed Jul 16 20:16:12 2025,16-Jul-2025,231622,48 23.377800 N,062 7.876400 W,5.0,43.4,A,DoorSpread,DoorMaster,6.435000,D,S,34809.000000
Wed Jul 16 20:16:12 2025,16-Jul-2025,231623,48 23.378700 N,062 7.875100 W,5.0,43.5,A,DoorSpread,DoorMaster,6.435000,D,S,34809.000000
Wed Jul 16 20:16:12 2025,16-Jul-2025,231624,48 23.379500 N,062 7.873900 W,4.9,43.4,A,DoorSpread,DoorMaster,6.435000,D,S,34809.000000
Wed Jul 16 20:16:12 2025,16-Jul-2025,231625,48 23.380400 N,062 7.872600 W,4.9,43.3,A,DoorSpread,DoorMaster,6.435000,D,S,34809.000000
Wed Jul 16 20:16:12 2025,16-Jul-2025,231626,48 23.381300 N,062 7.871400 W,4.9,43.1,A,DoorSpread,DoorMaster,6.435000,D,S,34809.000000
Wed Jul 16 20:16:28 2025,16-Jul-2025,231627,48 23.382200 N,062 7.870000 W,4.9,43.2,A,DoorSpread,DoorMaster,7.995000,D,S,13753.000000
Wed Jul 16 20:16:28 2025,16-Jul-2025,231628,48 23.383100 N,062 7.868700 W,4.9,43.3,A,DoorSpread,DoorMaster,7.995000,D,S,13753.000000
Wed Jul 16 20:16:28 2025,16-Jul-2025,231629,48 23.384100 N,062 7.867300 W,4.9,43.3,A,DoorSpread,DoorMaster,7.995000,D,S,13753.000000
Wed Jul 16 20:16:28 2025,16-Jul-2025,231630,48 23.385100 N,062 7.866000 W,4.9,43.3,A,DoorSpread,DoorMaster,7.995000,D,S,13753.000000
Wed Jul 16 20:16:28 2025,16-Jul-2025,231631,48 23.386000 N,062 7.864500 W,4.9,43.3,A,DoorSpread,DoorMaster,7.995000,D,S,13753.000000
Wed Jul 16 20:16:28 2025,16-Jul-2025,231632,48 23.386900 N,062 7.863100 W,4.9,43.3,A,DoorSpread,DoorMaster,7.995000,D,S,13753.000000
Wed Jul 16 20:16:34 2025,16-Jul-2025,231633,48 23.387800 N,062 7.861600 W,4.9,43.3,A,DoorSpread,DoorMaster,5.860000,D,S,19614.000000
Wed Jul 16 20:16:34 2025,16-Jul-2025,231634,48 23.388700 N,062 7.860000 W,5.0,43.4,A,DoorSpread,DoorMaster,5.860000,D,S,19614.000000
Wed Jul 16 20:16:34 2025,16-Jul-2025,231635,48 23.389600 N,062 7.858300 W,5.0,43.7,A,DoorSpread,DoorMaster,5.860000,D,S,19614.000000
Wed Jul 16 20:16:34 2025,16-Jul-2025,231636,48 23.390500 N,062 7.856700 W,5.0,43.9,A,DoorSpread,DoorMaster,5.860000,D,S,19614.000000
Wed Jul 16 20:16:34 2025,16-Jul-2025,231637,48 23.391600 N,062 7.855000 W,5.0,44.1,A,DoorSpread,DoorMaster,5.860000,D,S,19614.000000
Wed Jul 16 20:16:34 2025,16-Jul-2025,231638,48 23.392600 N,062 7.853500 W,5.0,44.2,A,DoorSpread,DoorMaster,5.860000,D,S,19614.000000
Wed Jul 16 20:16:34 2025,16-Jul-2025,231639,48 23.393600 N,062 7.851900 W,5.0,44.2,A,DoorSpread,DoorMaster,5.860000,D,S,19614.000000
Wed Jul 16 20:16:34 2025,16-Jul-2025,231640,48 23.394600 N,062 7.850400 W,5.0,44.2,A,DoorSpread,DoorMaster,5.860000,D,S,19614.000000
Wed Jul 16 20:16:34 2025,16-Jul-2025,231641,48 23.395600 N,062 7.848800 W,5.0,44.1,A,DoorSpread,DoorMaster,5.860000,D,S,19614.000000
Wed Jul 16 20:16:34 2025,16-Jul-2025,231642,48 23.396600 N,062 7.847300 W,5.0,44.1,A,DoorSpread,DoorMaster,5.860000,D,S,19614.000000
Wed Jul 16 20:16:34 2025,16-Jul-2025,231643,48 23.397600 N,062 7.845600 W,4.9,44.2,A,DoorSpread,DoorMaster,5.860000,D,S,19614.000000
Wed Jul 16 20:16:34 2025,16-Jul-2025,231644,48 23.398500 N,062 7.843900 W,5.0,44.4,A,DoorSpread,DoorMaster,5.860000,D,S,19614.000000
Wed Jul 16 20:16:34 2025,16-Jul-2025,231645,48 23.399500 N,062 7.842300 W,5.0,44.3,A,DoorSpread,DoorMaster,5.860000,D,S,19614.000000
Wed Jul 16 20:16:34 2025,16-Jul-2025,231646,48 23.400500 N,062 7.840700 W,5.0,44.3,A,DoorSpread,DoorMaster,5.860000,D,S,19614.000000
Wed Jul 16 20:16:34 2025,16-Jul-2025,231647,48 23.401500 N,062 7.839100 W,5.0,44.2,A,DoorSpread,DoorMaster,5.860000,D,S,19614.000000
Wed Jul 16 20:16:34 2025,16-Jul-2025,231648,48 23.402500 N,062 7.837500 W,5.1,44.2,A,DoorSpread,DoorMaster,5.860000,D,S,19614.000000
Wed Jul 16 20:16:34 2025,16-Jul-2025,231649,48 23.403500 N,062 7.835900 W,5.1,44.4,A,DoorSpread,DoorMaster,5.860000,D,S,19614.000000
Wed Jul 16 20:16:34 2025,16-Jul-2025,231650,48 23.404400 N,062 7.834400 W,5.1,44.4,A,DoorSpread,DoorMaster,5.860000,D,S,19614.000000
Wed Jul 16 20:16:34 2025,16-Jul-2025,231651,48 23.405400 N,062 7.833000 W,5.1,44.2,A,DoorSpread,DoorMaster,5.860000,D,S,19614.000000
Wed Jul 16 20:16:34 2025,16-Jul-2025,231652,48 23.406400 N,062 7.831700 W,5.1,44.0,A,DoorSpread,DoorMaster,5.860000,D,S,19614.000000
Wed Jul 16 20:16:34 2025,16-Jul-2025,231653,48 23.407300 N,062 7.830300 W,5.1,43.8,A,DoorSpread,DoorMaster,5.860000,D,S,19614.000000
Wed Jul 16 20:16:34 2025,16-Jul-2025,231654,48 23.408300 N,062 7.829000 W,5.1,43.5,A,DoorSpread,DoorMaster,5.860000,D,S,19614.000000
Wed Jul 16 20:16:34 2025,16-Jul-2025,231655,48 23.409300 N,062 7.827700 W,5.1,43.4,A,DoorSpread,DoorMaster,5.860000,D,S,19614.000000
Wed Jul 16 20:16:34 2025,16-Jul-2025,231656,48 23.410300 N,062 7.826300 W,5.1,43.2,A,DoorSpread,DoorMaster,5.860000,D,S,19614.000000
Wed Jul 16 20:16:34 2025,16-Jul-2025,231657,48 23.411500 N,062 7.825000 W,5.1,43.0,A,DoorSpread,DoorMaster,5.860000,D,S,19614.000000
Wed Jul 16 20:16:34 2025,16-Jul-2025,231658,48 23.412600 N,062 7.823600 W,5.1,42.8,A,DoorSpread,DoorMaster,5.860000,D,S,19614.000000
Wed Jul 16 20:16:34 2025,16-Jul-2025,231659,48 23.413700 N,062 7.822100 W,5.1,42.5,A,DoorSpread,DoorMaster,5.860000,D,S,19614.000000
Wed Jul 16 20:16:34 2025,16-Jul-2025,231700,48 23.414800 N,062 7.820600 W,5.2,42.5,A,DoorSpread,DoorMaster,5.860000,D,S,19614.000000
Wed Jul 16 20:16:34 2025,16-Jul-2025,231701,48 23.415900 N,062 7.818900 W,5.2,42.6,A,DoorSpread,DoorMaster,5.860000,D,S,19614.000000
Wed Jul 16 20:16:34 2025,16-Jul-2025,231702,48 23.416900 N,062 7.817400 W,5.1,42.7,A,DoorSpread,DoorMaster,5.860000,D,S,19614.000000
Wed Jul 16 20:16:34 2025,16-Jul-2025,231703,48 23.418000 N,062 7.815900 W,5.1,43.0,A,DoorSpread,DoorMaster,5.860000,D,S,19614.000000
Wed Jul 16 20:16:34 2025,16-Jul-2025,231704,48 23.418900 N,062 7.814500 W,5.0,42.9,A,DoorSpread,DoorMaster,5.860000,D,S,19614.000000
Wed Jul 16 20:16:34 2025,16-Jul-2025,231705,48 23.419900 N,062 7.813100 W,5.0,42.9,A,DoorSpread,DoorMaster,5.860000,D,S,19614.000000
Wed Jul 16 20:17:07 2025,16-Jul-2025,231706,48 23.420900 N,062 7.811500 W,5.1,43.0,A,DoorSpread,DoorMaster,6.175000,D,S,19449.000000
Wed Jul 16 20:17:07 2025,16-Jul-2025,231707,48 23.421900 N,062 7.809800 W,5.1,43.3,A,DoorSpread,DoorMaster,6.175000,D,S,19449.000000
Wed Jul 16 20:17:07 2025,16-Jul-2025,231708,48 23.422800 N,062 7.808200 W,5.1,43.4,A,DoorSpread,DoorMaster,6.175000,D,S,19449.000000
Wed Jul 16 20:17:07 2025,16-Jul-2025,231709,48 23.423800 N,062 7.806700 W,5.1,43.5,A,DoorSpread,DoorMaster,6.175000,D,S,19449.000000
Wed Jul 16 20:17:07 2025,16-Jul-2025,231710,48 23.424800 N,062 7.805200 W,5.1,43.7,A,DoorSpread,DoorMaster,6.175000,D,S,19449.000000
Wed Jul 16 20:17:07 2025,16-Jul-2025,231711,48 23.425700 N,062 7.803600 W,5.1,44.2,A,DoorSpread,DoorMaster,6.175000,D,S,19449.000000
Wed Jul 16 20:17:13 2025,16-Jul-2025,231712,48 23.426600 N,062 7.802000 W,5.1,44.6,A,DoorSpread,DoorMaster,5.835000,D,S,22530.000000
Wed Jul 16 20:17:13 2025,16-Jul-2025,231713,48 23.427600 N,062 7.800400 W,5.1,44.8,A,DoorSpread,DoorMaster,5.835000,D,S,22530.000000
Wed Jul 16 20:17:13 2025,16-Jul-2025,231714,48 23.428600 N,062 7.799000 W,5.1,44.5,A,DoorSpread,DoorMaster,5.835000,D,S,22530.000000
Wed Jul 16 20:17:13 2025,16-Jul-2025,231715,48 23.429700 N,062 7.797700 W,5.1,44.3,A,DoorSpread,DoorMaster,5.835000,D,S,22530.000000
Wed Jul 16 20:17:13 2025,16-Jul-2025,231716,48 23.430700 N,062 7.796200 W,5.1,44.1,A,DoorSpread,DoorMaster,5.835000,D,S,22530.000000
Wed Jul 16 20:17:13 2025,16-Jul-2025,231717,48 23.431800 N,062 7.794800 W,5.1,44.1,A,DoorSpread,DoorMaster,5.835000,D,S,22530.000000
Wed Jul 16 20:17:13 2025,16-Jul-2025,231718,48 23.432900 N,062 7.793400 W,5.1,43.9,A,DoorSpread,DoorMaster,5.835000,D,S,22530.000000
Wed Jul 16 20:17:13 2025,16-Jul-2025,231719,48 23.434000 N,062 7.792000 W,5.1,43.7,A,DoorSpread,DoorMaster,5.835000,D,S,22530.000000
Wed Jul 16 20:17:13 2025,16-Jul-2025,231720,48 23.435100 N,062 7.790600 W,5.1,43.5,A,DoorSpread,DoorMaster,5.835000,D,S,22530.000000
Wed Jul 16 20:17:13 2025,16-Jul-2025,231721,48 23.436200 N,062 7.789200 W,5.1,43.4,A,DoorSpread,DoorMaster,5.835000,D,S,22530.000000
Wed Jul 16 20:17:13 2025,16-Jul-2025,231722,48 23.437200 N,062 7.787900 W,5.2,43.2,A,DoorSpread,DoorMaster,5.835000,D,S,22530.000000
Wed Jul 16 20:17:13 2025,16-Jul-2025,231723,48 23.438300 N,062 7.786400 W,5.2,43.0,A,DoorSpread,DoorMaster,5.835000,D,S,22530.000000
Wed Jul 16 20:17:13 2025,16-Jul-2025,231724,48 23.439400 N,062 7.785000 W,5.2,43.0,A,DoorSpread,DoorMaster,5.835000,D,S,22530.000000
Wed Jul 16 20:17:13 2025,16-Jul-2025,231725,48 23.440400 N,062 7.783500 W,5.2,43.0,A,DoorSpread,DoorMaster,5.835000,D,S,22530.000000
Wed Jul 16 20:17:13 2025,16-Jul-2025,231726,48 23.441300 N,062 7.782100 W,5.2,43.1,A,DoorSpread,DoorMaster,5.835000,D,S,22530.000000
Wed Jul 16 20:17:13 2025,16-Jul-2025,231727,48 23.442300 N,062 7.780600 W,5.2,43.2,A,DoorSpread,DoorMaster,5.835000,D,S,22530.000000
Wed Jul 16 20:17:13 2025,16-Jul-2025,231728,48 23.443300 N,062 7.779100 W,5.2,43.2,A,DoorSpread,DoorMaster,5.835000,D,S,22530.000000
Wed Jul 16 20:17:13 2025,16-Jul-2025,231729,48 23.444200 N,062 7.777600 W,5.2,43.3,A,DoorSpread,DoorMaster,5.835000,D,S,22530.000000
Wed Jul 16 20:17:13 2025,16-Jul-2025,231730,48 23.445100 N,062 7.776000 W,5.2,43.4,A,DoorSpread,DoorMaster,5.835000,D,S,22530.000000
Wed Jul 16 20:17:13 2025,16-Jul-2025,231731,48 23.446100 N,062 7.774600 W,5.1,43.6,A,DoorSpread,DoorMaster,5.835000,D,S,22530.000000
Wed Jul 16 20:17:13 2025,16-Jul-2025,231732,48 23.447000 N,062 7.773100 W,5.1,43.7,A,DoorSpread,DoorMaster,5.835000,D,S,22530.000000
Wed Jul 16 20:17:13 2025,16-Jul-2025,231733,48 23.448000 N,062 7.771700 W,5.1,43.7,A,DoorSpread,DoorMaster,5.835000,D,S,22530.000000
Wed Jul 16 20:17:35 2025,16-Jul-2025,231734,48 23.449000 N,062 7.770200 W,5.1,43.9,A,DoorSpread,DoorMaster,6.485000,D,S,18828.000000
Wed Jul 16 20:17:35 2025,16-Jul-2025,231735,48 23.449900 N,062 7.768800 W,5.1,44.1,A,DoorSpread,DoorMaster,6.485000,D,S,18828.000000
Wed Jul 16 20:17:35 2025,16-Jul-2025,231736,48 23.450900 N,062 7.767400 W,5.1,44.2,A,DoorSpread,DoorMaster,6.485000,D,S,18828.000000
Wed Jul 16 20:17:35 2025,16-Jul-2025,231737,48 23.451800 N,062 7.766100 W,5.1,44.1,A,DoorSpread,DoorMaster,6.485000,D,S,18828.000000
Wed Jul 16 20:17:35 2025,16-Jul-2025,231738,48 23.452800 N,062 7.764700 W,5.1,43.9,A,DoorSpread,DoorMaster,6.485000,D,S,18828.000000
Wed Jul 16 20:17:35 2025,16-Jul-2025,231739,48 23.453800 N,062 7.763200 W,5.1,43.7,A,DoorSpread,DoorMaster,6.485000,D,S,18828.000000
Wed Jul 16 20:17:35 2025,16-Jul-2025,231740,48 23.454800 N,062 7.761700 W,5.1,43.5,A,DoorSpread,DoorMaster,6.485000,D,S,18828.000000
Wed Jul 16 20:17:35 2025,16-Jul-2025,231741,48 23.455900 N,062 7.760200 W,5.1,43.5,A,DoorSpread,DoorMaster,6.485000,D,S,18828.000000
Wed Jul 16 20:17:35 2025,16-Jul-2025,231742,48 23.457000 N,062 7.758800 W,5.0,43.2,A,DoorSpread,DoorMaster,6.485000,D,S,18828.000000
Wed Jul 16 20:17:35 2025,16-Jul-2025,231743,48 23.458000 N,062 7.757400 W,5.0,42.9,A,DoorSpread,DoorMaster,6.485000,D,S,18828.000000
Wed Jul 16 20:17:35 2025,16-Jul-2025,231744,48 23.458900 N,062 7.755900 W,5.1,42.8,A,DoorSpread,DoorMaster,6.485000,D,S,18828.000000
Wed Jul 16 20:17:35 2025,16-Jul-2025,231745,48 23.459900 N,062 7.754300 W,5.1,42.7,A,DoorSpread,DoorMaster,6.485000,D,S,18828.000000
Wed Jul 16 20:17:35 2025,16-Jul-2025,231746,48 23.460800 N,062 7.752700 W,5.1,42.6,A,DoorSpread,DoorMaster,6.485000,D,S,18828.000000
Wed Jul 16 20:17:35 2025,16-Jul-2025,231747,48 23.461800 N,062 7.751200 W,5.1,42.5,A,DoorSpread,DoorMaster,6.485000,D,S,18828.000000
Wed Jul 16 20:17:35 2025,16-Jul-2025,231748,48 23.462900 N,062 7.749800 W,5.1,42.5,A,DoorSpread,DoorMaster,6.485000,D,S,18828.000000
Wed Jul 16 20:17:35 2025,16-Jul-2025,231749,48 23.463900 N,062 7.748500 W,5.1,42.4,A,DoorSpread,DoorMaster,6.485000,D,S,18828.000000
Wed Jul 16 20:17:35 2025,16-Jul-2025,231750,48 23.464900 N,062 7.747200 W,5.1,42.4,A,DoorSpread,DoorMaster,6.485000,D,S,18828.000000
Wed Jul 16 20:17:52 2025,16-Jul-2025,231751,48 23.466000 N,062 7.745800 W,5.1,42.3,A,DoorSpread,DoorMaster,8.480000,D,S,16274.000000
Wed Jul 16 20:17:52 2025,16-Jul-2025,231752,48 23.467000 N,062 7.744400 W,5.2,42.2,A,DoorSpread,DoorMaster,8.480000,D,S,16274.000000
Wed Jul 16 20:17:52 2025,16-Jul-2025,231753,48 23.468000 N,062 7.743100 W,5.1,42.2,A,DoorSpread,DoorMaster,8.480000,D,S,16274.000000
Wed Jul 16 20:17:52 2025,16-Jul-2025,231754,48 23.468900 N,062 7.741700 W,5.1,42.1,A,DoorSpread,DoorMaster,8.480000,D,S,16274.000000
Wed Jul 16 20:17:52 2025,16-Jul-2025,231755,48 23.469900 N,062 7.740400 W,5.1,42.1,A,DoorSpread,DoorMaster,8.480000,D,S,16274.000000
Wed Jul 16 20:17:57 2025,16-Jul-2025,231756,48 23.470900 N,062 7.739100 W,5.1,42.0,A,DoorSpread,DoorMaster,5.835000,D,S,18649.000000
Wed Jul 16 20:17:57 2025,16-Jul-2025,231757,48 23.471900 N,062 7.737800 W,5.2,41.8,A,DoorSpread,DoorMaster,5.835000,D,S,18649.000000
Wed Jul 16 20:17:57 2025,16-Jul-2025,231758,48 23.472900 N,062 7.736500 W,5.2,41.8,A,DoorSpread,DoorMaster,5.835000,D,S,18649.000000
Wed Jul 16 20:17:57 2025,16-Jul-2025,231759,48 23.473800 N,062 7.735100 W,5.1,41.9,A,DoorSpread,DoorMaster,5.835000,D,S,18649.000000
Wed Jul 16 20:17:57 2025,16-Jul-2025,231800,48 23.474800 N,062 7.733700 W,5.1,42.0,A,DoorSpread,DoorMaster,5.835000,D,S,18649.000000
Wed Jul 16 20:17:57 2025,16-Jul-2025,231801,48 23.475800 N,062 7.732400 W,5.1,41.8,A,DoorSpread,DoorMaster,5.835000,D,S,18649.000000
Wed Jul 16 20:18:03 2025,16-Jul-2025,231802,48 23.476900 N,062 7.731100 W,5.1,41.7,A,DoorSpread,DoorMaster,5.885000,D,S,17416.000000
Wed Jul 16 20:18:03 2025,16-Jul-2025,231803,48 23.477900 N,062 7.729600 W,5.1,41.8,A,DoorSpread,DoorMaster,5.885000,D,S,17416.000000
Wed Jul 16 20:18:03 2025,16-Jul-2025,231804,48 23.478900 N,062 7.728000 W,5.2,41.9,A,DoorSpread,DoorMaster,5.885000,D,S,17416.000000
Wed Jul 16 20:18:03 2025,16-Jul-2025,231805,48 23.479900 N,062 7.726600 W,5.2,41.6,A,DoorSpread,DoorMaster,5.885000,D,S,17416.000000
Wed Jul 16 20:18:03 2025,16-Jul-2025,231806,48 23.481000 N,062 7.725100 W,5.2,41.5,A,DoorSpread,DoorMaster,5.885000,D,S,17416.000000
Wed Jul 16 20:18:03 2025,16-Jul-2025,231807,48 23.482000 N,062 7.723500 W,5.3,41.5,A,DoorSpread,DoorMaster,5.885000,D,S,17416.000000
Wed Jul 16 20:18:09 2025,16-Jul-2025,231808,48 23.483100 N,062 7.722000 W,5.3,41.4,A,DoorSpread,DoorMaster,5.995000,D,S,20295.000000
Wed Jul 16 20:18:09 2025,16-Jul-2025,231809,48 23.484100 N,062 7.720700 W,5.2,41.3,A,DoorSpread,DoorMaster,5.995000,D,S,20295.000000
Wed Jul 16 20:18:09 2025,16-Jul-2025,231810,48 23.485200 N,062 7.719300 W,5.2,41.4,A,DoorSpread,DoorMaster,5.995000,D,S,20295.000000
Wed Jul 16 20:18:09 2025,16-Jul-2025,231811,48 23.486300 N,062 7.717900 W,5.2,41.4,A,DoorSpread,DoorMaster,5.995000,D,S,20295.000000
Wed Jul 16 20:18:09 2025,16-Jul-2025,231812,48 23.487400 N,062 7.716700 W,5.1,41.4,A,DoorSpread,DoorMaster,5.995000,D,S,20295.000000
Wed Jul 16 20:18:09 2025,16-Jul-2025,231813,48 23.488400 N,062 7.715400 W,5.1,41.3,A,DoorSpread,DoorMaster,5.995000,D,S,20295.000000
Wed Jul 16 20:18:09 2025,16-Jul-2025,231814,48 23.489400 N,062 7.714100 W,5.1,41.5,A,DoorSpread,DoorMaster,5.995000,D,S,20295.000000
Wed Jul 16 20:18:09 2025,16-Jul-2025,231815,48 23.490300 N,062 7.712500 W,5.1,41.8,A,DoorSpread,DoorMaster,5.995000,D,S,20295.000000
Wed Jul 16 20:18:09 2025,16-Jul-2025,231816,48 23.491300 N,062 7.710900 W,5.1,41.8,A,DoorSpread,DoorMaster,5.995000,D,S,20295.000000
Wed Jul 16 20:18:09 2025,16-Jul-2025,231817,48 23.492400 N,062 7.709500 W,5.1,41.7,A,DoorSpread,DoorMaster,5.995000,D,S,20295.000000
Wed Jul 16 20:18:09 2025,16-Jul-2025,231818,48 23.493600 N,062 7.708100 W,5.1,41.6,A,DoorSpread,DoorMaster,5.995000,D,S,20295.000000
Wed Jul 16 20:18:09 2025,16-Jul-2025,231819,48 23.494800 N,062 7.706700 W,5.1,41.4,A,DoorSpread,DoorMaster,5.995000,D,S,20295.000000
Wed Jul 16 20:18:09 2025,16-Jul-2025,231820,48 23.495900 N,062 7.705500 W,5.1,41.4,A,DoorSpread,DoorMaster,5.995000,D,S,20295.000000
Wed Jul 16 20:18:09 2025,16-Jul-2025,231821,48 23.496900 N,062 7.704200 W,5.0,41.3,A,DoorSpread,DoorMaster,5.995000,D,S,20295.000000
Wed Jul 16 20:18:09 2025,16-Jul-2025,231822,48 23.497800 N,062 7.703000 W,5.0,41.3,A,DoorSpread,DoorMaster,5.995000,D,S,20295.000000
Wed Jul 16 20:18:09 2025,16-Jul-2025,231823,48 23.498700 N,062 7.701600 W,5.0,41.4,A,DoorSpread,DoorMaster,5.995000,D,S,20295.000000
Wed Jul 16 20:18:25 2025,16-Jul-2025,231824,48 23.499600 N,062 7.700300 W,4.9,41.6,A,DoorSpread,DoorMaster,4.300000,D,S,17441.000000
Wed Jul 16 20:18:25 2025,16-Jul-2025,231825,48 23.500500 N,062 7.699000 W,4.9,41.7,A,DoorSpread,DoorMaster,4.300000,D,S,17441.000000
Wed Jul 16 20:18:25 2025,16-Jul-2025,231826,48 23.501500 N,062 7.697700 W,4.9,41.8,A,DoorSpread,DoorMaster,4.300000,D,S,17441.000000
Wed Jul 16 20:18:25 2025,16-Jul-2025,231827,48 23.502500 N,062 7.696400 W,5.0,41.8,A,DoorSpread,DoorMaster,4.300000,D,S,17441.000000
Wed Jul 16 20:18:25 2025,16-Jul-2025,231828,48 23.503500 N,062 7.695000 W,5.0,41.8,A,DoorSpread,DoorMaster,4.300000,D,S,17441.000000
Wed Jul 16 20:18:25 2025,16-Jul-2025,231829,48 23.504600 N,062 7.693500 W,5.1,41.9,A,DoorSpread,DoorMaster,4.300000,D,S,17441.000000
Wed Jul 16 20:18:25 2025,16-Jul-2025,231830,48 23.505700 N,062 7.692000 W,5.1,41.9,A,DoorSpread,DoorMaster,4.300000,D,S,17441.000000
Wed Jul 16 20:18:32 2025,16-Jul-2025,231831,48 23.506700 N,062 7.690600 W,5.2,42.0,A,DoorSpread,DoorMaster,24.260000,D,S,22096.000000
Wed Jul 16 20:18:32 2025,16-Jul-2025,231832,48 23.507800 N,062 7.689200 W,5.2,41.9,A,DoorSpread,DoorMaster,24.260000,D,S,22096.000000
Wed Jul 16 20:18:32 2025,16-Jul-2025,231833,48 23.508800 N,062 7.687800 W,5.2,41.8,A,DoorSpread,DoorMaster,24.260000,D,S,22096.000000
Wed Jul 16 20:18:32 2025,16-Jul-2025,231834,48 23.509800 N,062 7.686400 W,5.1,41.8,A,DoorSpread,DoorMaster,24.260000,D,S,22096.000000
Wed Jul 16 20:18:32 2025,16-Jul-2025,231835,48 23.510700 N,062 7.684900 W,5.2,41.9,A,DoorSpread,DoorMaster,24.260000,D,S,22096.000000
Wed Jul 16 20:18:32 2025,16-Jul-2025,231836,48 23.511600 N,062 7.683400 W,5.1,42.1,A,DoorSpread,DoorMaster,24.260000,D,S,22096.000000
Wed Jul 16 20:18:32 2025,16-Jul-2025,231837,48 23.512500 N,062 7.682000 W,5.1,42.1,A,DoorSpread,DoorMaster,24.260000,D,S,22096.000000
Wed Jul 16 20:18:32 2025,16-Jul-2025,231838,48 23.513400 N,062 7.680700 W,5.0,42.0,A,DoorSpread,DoorMaster,24.260000,D,S,22096.000000
Wed Jul 16 20:18:32 2025,16-Jul-2025,231839,48 23.514100 N,062 7.679300 W,5.0,42.2,A,DoorSpread,DoorMaster,24.260000,D,S,22096.000000
Wed Jul 16 20:18:32 2025,16-Jul-2025,231840,48 23.514900 N,062 7.677800 W,4.9,42.6,A,DoorSpread,DoorMaster,24.260000,D,S,22096.000000
Wed Jul 16 20:18:32 2025,16-Jul-2025,231841,48 23.515700 N,062 7.676400 W,4.9,42.9,A,DoorSpread,DoorMaster,24.260000,D,S,22096.000000
Wed Jul 16 20:18:32 2025,16-Jul-2025,231842,48 23.516600 N,062 7.675000 W,4.9,43.1,A,DoorSpread,DoorMaster,24.260000,D,S,22096.000000
Wed Jul 16 20:18:32 2025,16-Jul-2025,231843,48 23.517600 N,062 7.673600 W,4.9,43.2,A,DoorSpread,DoorMaster,24.260000,D,S,22096.000000
Wed Jul 16 20:18:32 2025,16-Jul-2025,231844,48 23.518600 N,062 7.672300 W,4.9,43.0,A,DoorSpread,DoorMaster,24.260000,D,S,22096.000000
Wed Jul 16 20:18:32 2025,16-Jul-2025,231845,48 23.519500 N,062 7.671000 W,4.9,42.9,A,DoorSpread,DoorMaster,24.260000,D,S,22096.000000
Wed Jul 16 20:18:32 2025,16-Jul-2025,231846,48 23.520600 N,062 7.669600 W,4.9,42.8,A,DoorSpread,DoorMaster,24.260000,D,S,22096.000000
Wed Jul 16 20:18:32 2025,16-Jul-2025,231847,48 23.521700 N,062 7.668400 W,4.9,42.5,A,DoorSpread,DoorMaster,24.260000,D,S,22096.000000
Wed Jul 16 20:18:32 2025,16-Jul-2025,231848,48 23.522700 N,062 7.667100 W,4.9,42.2,A,DoorSpread,DoorMaster,24.260000,D,S,22096.000000
Wed Jul 16 20:18:32 2025,16-Jul-2025,231849,48 23.523700 N,062 7.665700 W,4.9,42.1,A,DoorSpread,DoorMaster,24.260000,D,S,22096.000000
Wed Jul 16 20:18:32 2025,16-Jul-2025,231850,48 23.524700 N,062 7.664300 W,4.9,42.0,A,DoorSpread,DoorMaster,24.260000,D,S,22096.000000
Wed Jul 16 20:18:32 2025,16-Jul-2025,231851,48 23.525800 N,062 7.662900 W,5.0,41.9,A,DoorSpread,DoorMaster,24.260000,D,S,22096.000000
Wed Jul 16 20:18:32 2025,16-Jul-2025,231852,48 23.526800 N,062 7.661500 W,5.0,41.9,A,DoorSpread,DoorMaster,24.260000,D,S,22096.000000
Wed Jul 16 20:18:32 2025,16-Jul-2025,231853,48 23.527700 N,062 7.660200 W,5.0,41.9,A,DoorSpread,DoorMaster,24.260000,D,S,22096.000000
Wed Jul 16 20:18:32 2025,16-Jul-2025,231854,48 23.528600 N,062 7.658800 W,5.0,42.0,A,DoorSpread,DoorMaster,24.260000,D,S,22096.000000
Wed Jul 16 20:18:32 2025,16-Jul-2025,231855,48 23.529500 N,062 7.657400 W,5.0,42.2,A,DoorSpread,DoorMaster,24.260000,D,S,22096.000000
Wed Jul 16 20:18:32 2025,16-Jul-2025,231856,48 23.530400 N,062 7.656000 W,5.0,42.2,A,DoorSpread,DoorMaster,24.260000,D,S,22096.000000
Wed Jul 16 20:18:32 2025,16-Jul-2025,231857,48 23.531400 N,062 7.654700 W,5.0,42.1,A,DoorSpread,DoorMaster,24.260000,D,S,22096.000000
Wed Jul 16 20:18:32 2025,16-Jul-2025,231858,48 23.532400 N,062 7.653400 W,5.0,42.1,A,DoorSpread,DoorMaster,24.260000,D,S,22096.000000
Wed Jul 16 20:18:32 2025,16-Jul-2025,231859,48 23.533300 N,062 7.652000 W,5.0,42.1,A,DoorSpread,DoorMaster,24.260000,D,S,22096.000000
Wed Jul 16 20:18:32 2025,16-Jul-2025,231900,48 23.534400 N,062 7.650600 W,5.1,42.1,A,DoorSpread,DoorMaster,24.260000,D,S,22096.000000
Wed Jul 16 20:18:32 2025,16-Jul-2025,231901,48 23.535400 N,062 7.649200 W,5.1,42.0,A,DoorSpread,DoorMaster,24.260000,D,S,22096.000000
Wed Jul 16 20:18:32 2025,16-Jul-2025,231902,48 23.536400 N,062 7.647700 W,5.1,41.9,A,DoorSpread,DoorMaster,24.260000,D,S,22096.000000
Wed Jul 16 20:18:32 2025,16-Jul-2025,231903,48 23.537400 N,062 7.646300 W,5.1,41.7,A,DoorSpread,DoorMaster,24.260000,D,S,22096.000000
Wed Jul 16 20:18:32 2025,16-Jul-2025,231904,48 23.538300 N,062 7.644800 W,5.0,42.0,A,DoorSpread,DoorMaster,24.260000,D,S,22096.000000
Wed Jul 16 20:18:32 2025,16-Jul-2025,231905,48 23.539200 N,062 7.643200 W,5.0,42.4,A,DoorSpread,DoorMaster,24.260000,D,S,22096.000000
Wed Jul 16 20:18:32 2025,16-Jul-2025,231906,48 23.540100 N,062 7.641600 W,5.0,42.8,A,DoorSpread,DoorMaster,24.260000,D,S,22096.000000
Wed Jul 16 20:18:32 2025,16-Jul-2025,231907,48 23.541000 N,062 7.640100 W,5.0,43.1,A,DoorSpread,DoorMaster,24.260000,D,S,22096.000000
Wed Jul 16 20:18:32 2025,16-Jul-2025,231908,48 23.541900 N,062 7.638800 W,5.0,42.9,A,DoorSpread,DoorMaster,24.260000,D,S,22096.000000
Wed Jul 16 20:19:10 2025,16-Jul-2025,231909,48 23.542800 N,062 7.637600 W,4.9,42.9,A,DoorSpread,DoorMaster,5.625000,D,S,16964.000000
Wed Jul 16 20:19:10 2025,16-Jul-2025,231910,48 23.543700 N,062 7.636300 W,4.9,42.8,A,DoorSpread,DoorMaster,5.625000,D,S,16964.000000
Wed Jul 16 20:19:10 2025,16-Jul-2025,231911,48 23.544700 N,062 7.635000 W,4.9,42.7,A,DoorSpread,DoorMaster,5.625000,D,S,16964.000000
Wed Jul 16 20:19:10 2025,16-Jul-2025,231912,48 23.545700 N,062 7.633700 W,4.9,42.6,A,DoorSpread,DoorMaster,5.625000,D,S,16964.000000
Wed Jul 16 20:19:10 2025,16-Jul-2025,231913,48 23.546600 N,062 7.632300 W,4.9,42.6,A,DoorSpread,DoorMaster,5.625000,D,S,16964.000000
Wed Jul 16 20:19:15 2025,16-Jul-2025,231914,48 23.547600 N,062 7.631000 W,4.9,42.6,A,DoorSpread,DoorMaster,8.010000,D,S,17269.000000
Wed Jul 16 20:19:15 2025,16-Jul-2025,231915,48 23.548600 N,062 7.629700 W,4.9,42.5,A,DoorSpread,DoorMaster,8.010000,D,S,17269.000000
Wed Jul 16 20:19:15 2025,16-Jul-2025,231916,48 23.549700 N,062 7.628300 W,5.0,42.4,A,DoorSpread,DoorMaster,8.010000,D,S,17269.000000
Wed Jul 16 20:19:15 2025,16-Jul-2025,231917,48 23.550700 N,062 7.627000 W,5.0,42.3,A,DoorSpread,DoorMaster,8.010000,D,S,17269.000000
Wed Jul 16 20:19:15 2025,16-Jul-2025,231918,48 23.551700 N,062 7.625600 W,5.0,42.2,A,DoorSpread,DoorMaster,8.010000,D,S,17269.000000
Wed Jul 16 20:19:15 2025,16-Jul-2025,231919,48 23.552700 N,062 7.624300 W,5.0,42.1,A,DoorSpread,DoorMaster,8.010000,D,S,17269.000000
Wed Jul 16 20:19:15 2025,16-Jul-2025,231920,48 23.553600 N,062 7.623100 W,4.9,41.9,A,DoorSpread,DoorMaster,8.010000,D,S,17269.000000
Wed Jul 16 20:19:15 2025,16-Jul-2025,231921,48 23.554600 N,062 7.621800 W,4.9,41.7,A,DoorSpread,DoorMaster,8.010000,D,S,17269.000000
Wed Jul 16 20:19:15 2025,16-Jul-2025,231922,48 23.555600 N,062 7.620400 W,5.0,41.6,A,DoorSpread,DoorMaster,8.010000,D,S,17269.000000
Wed Jul 16 20:19:15 2025,16-Jul-2025,231923,48 23.556600 N,062 7.619000 W,5.0,41.6,A,DoorSpread,DoorMaster,8.010000,D,S,17269.000000
Wed Jul 16 20:19:15 2025,16-Jul-2025,231924,48 23.557600 N,062 7.617600 W,4.9,41.7,A,DoorSpread,DoorMaster,8.010000,D,S,17269.000000
Wed Jul 16 20:19:15 2025,16-Jul-2025,231925,48 23.558800 N,062 7.616400 W,4.9,41.2,A,DoorSpread,DoorMaster,8.010000,D,S,17269.000000
Wed Jul 16 20:19:15 2025,16-Jul-2025,231926,48 23.559900 N,062 7.615300 W,4.9,40.8,A,DoorSpread,DoorMaster,8.010000,D,S,17269.000000
Wed Jul 16 20:19:15 2025,16-Jul-2025,231927,48 23.561000 N,062 7.614100 W,4.9,40.5,A,DoorSpread,DoorMaster,8.010000,D,S,17269.000000
Wed Jul 16 20:19:15 2025,16-Jul-2025,231928,48 23.562000 N,062 7.612600 W,5.0,40.4,A,DoorSpread,DoorMaster,8.010000,D,S,17269.000000
Wed Jul 16 20:19:15 2025,16-Jul-2025,231929,48 23.563000 N,062 7.611100 W,5.0,40.7,A,DoorSpread,DoorMaster,8.010000,D,S,17269.000000
Wed Jul 16 20:19:15 2025,16-Jul-2025,231930,48 23.563900 N,062 7.609600 W,5.0,41.0,A,DoorSpread,DoorMaster,8.010000,D,S,17269.000000
Wed Jul 16 20:19:15 2025,16-Jul-2025,231931,48 23.565000 N,062 7.608100 W,5.0,41.2,A,DoorSpread,DoorMaster,8.010000,D,S,17269.000000
Wed Jul 16 20:19:15 2025,16-Jul-2025,231932,48 23.566000 N,062 7.606800 W,5.1,41.3,A,DoorSpread,DoorMaster,8.010000,D,S,17269.000000
Wed Jul 16 20:19:15 2025,16-Jul-2025,231933,48 23.567000 N,062 7.605300 W,5.1,41.6,A,DoorSpread,DoorMaster,8.010000,D,S,17269.000000
Wed Jul 16 20:19:15 2025,16-Jul-2025,231934,48 23.567900 N,062 7.603900 W,5.0,41.8,A,DoorSpread,DoorMaster,8.010000,D,S,17269.000000
Wed Jul 16 20:19:15 2025,16-Jul-2025,231935,48 23.568900 N,062 7.602500 W,5.1,42.0,A,DoorSpread,DoorMaster,8.010000,D,S,17269.000000
Wed Jul 16 20:19:15 2025,16-Jul-2025,231936,48 23.569900 N,062 7.601100 W,5.1,42.1,A,DoorSpread,DoorMaster,8.010000,D,S,17269.000000
Wed Jul 16 20:19:37 2025,16-Jul-2025,231937,48 23.571000 N,062 7.599800 W,5.1,42.0,A,DoorSpread,DoorMaster,5.775000,D,S,23166.000000
Wed Jul 16 20:19:37 2025,16-Jul-2025,231938,48 23.572100 N,062 7.598500 W,5.1,41.9,A,DoorSpread,DoorMaster,5.775000,D,S,23166.000000
Wed Jul 16 20:19:37 2025,16-Jul-2025,231939,48 23.573200 N,062 7.597100 W,5.1,41.7,A,DoorSpread,DoorMaster,5.775000,D,S,23166.000000
Wed Jul 16 20:19:37 2025,16-Jul-2025,231940,48 23.574300 N,062 7.595700 W,5.1,41.4,A,DoorSpread,DoorMaster,5.775000,D,S,23166.000000
Wed Jul 16 20:19:37 2025,16-Jul-2025,231941,48 23.575300 N,062 7.594300 W,5.1,41.2,A,DoorSpread,DoorMaster,5.775000,D,S,23166.000000
Wed Jul 16 20:19:37 2025,16-Jul-2025,231942,48 23.576200 N,062 7.592800 W,5.1,41.1,A,DoorSpread,DoorMaster,5.775000,D,S,23166.000000
Wed Jul 16 20:19:37 2025,16-Jul-2025,231943,48 23.577200 N,062 7.591400 W,5.1,41.3,A,DoorSpread,DoorMaster,5.775000,D,S,23166.000000
Wed Jul 16 20:19:37 2025,16-Jul-2025,231944,48 23.578200 N,062 7.589900 W,5.2,41.3,A,DoorSpread,DoorMaster,5.775000,D,S,23166.000000
Wed Jul 16 20:19:37 2025,16-Jul-2025,231945,48 23.579200 N,062 7.588400 W,5.2,41.3,A,DoorSpread,DoorMaster,5.775000,D,S,23166.000000
Wed Jul 16 20:19:37 2025,16-Jul-2025,231946,48 23.580300 N,062 7.587000 W,5.2,41.3,A,DoorSpread,DoorMaster,5.775000,D,S,23166.000000
Wed Jul 16 20:19:37 2025,16-Jul-2025,231947,48 23.581300 N,062 7.585500 W,5.2,41.4,A,DoorSpread,DoorMaster,5.775000,D,S,23166.000000
Wed Jul 16 20:19:37 2025,16-Jul-2025,231948,48 23.582400 N,062 7.583900 W,5.2,41.6,A,DoorSpread,DoorMaster,5.775000,D,S,23166.000000
Wed Jul 16 20:19:37 2025,16-Jul-2025,231949,48 23.583500 N,062 7.582400 W,5.2,41.7,A,DoorSpread,DoorMaster,5.775000,D,S,23166.000000
Wed Jul 16 20:19:37 2025,16-Jul-2025,231950,48 23.584500 N,062 7.581000 W,5.1,41.7,A,DoorSpread,DoorMaster,5.775000,D,S,23166.000000
Wed Jul 16 20:19:37 2025,16-Jul-2025,231951,48 23.585500 N,062 7.579600 W,5.1,41.7,A,DoorSpread,DoorMaster,5.775000,D,S,23166.000000
Wed Jul 16 20:19:37 2025,16-Jul-2025,231952,48 23.586500 N,062 7.578200 W,5.1,41.8,A,DoorSpread,DoorMaster,5.775000,D,S,23166.000000
Wed Jul 16 20:19:37 2025,16-Jul-2025,231953,48 23.587500 N,062 7.576900 W,5.1,41.8,A,DoorSpread,DoorMaster,5.775000,D,S,23166.000000
Wed Jul 16 20:19:37 2025,16-Jul-2025,231954,48 23.588500 N,062 7.575600 W,5.1,41.6,A,DoorSpread,DoorMaster,5.775000,D,S,23166.000000
Wed Jul 16 20:19:37 2025,16-Jul-2025,231955,48 23.589500 N,062 7.574300 W,5.1,41.6,A,DoorSpread,DoorMaster,5.775000,D,S,23166.000000
Wed Jul 16 20:19:37 2025,16-Jul-2025,231956,48 23.590500 N,062 7.573000 W,5.1,41.6,A,DoorSpread,DoorMaster,5.775000,D,S,23166.000000
Wed Jul 16 20:19:37 2025,16-Jul-2025,231957,48 23.591400 N,062 7.571600 W,5.1,41.6,A,DoorSpread,DoorMaster,5.775000,D,S,23166.000000
Wed Jul 16 20:19:37 2025,16-Jul-2025,231958,48 23.592400 N,062 7.570200 W,5.1,41.6,A,DoorSpread,DoorMaster,5.775000,D,S,23166.000000
Wed Jul 16 20:20:00 2025,16-Jul-2025,231959,48 23.593400 N,062 7.568700 W,5.1,41.7,A,DoorSpread,DoorMaster,5.695000,D,S,34937.000000
Wed Jul 16 20:20:00 2025,16-Jul-2025,232000,48 23.594300 N,062 7.567200 W,5.1,41.8,A,DoorSpread,DoorMaster,5.695000,D,S,34937.000000
Wed Jul 16 20:20:00 2025,16-Jul-2025,232001,48 23.595200 N,062 7.565800 W,5.1,42.0,A,DoorSpread,DoorMaster,5.695000,D,S,34937.000000
Wed Jul 16 20:20:00 2025,16-Jul-2025,232002,48 23.596200 N,062 7.564300 W,5.1,42.2,A,DoorSpread,DoorMaster,5.695000,D,S,34937.000000
Wed Jul 16 20:20:00 2025,16-Jul-2025,232003,48 23.597200 N,062 7.562900 W,5.1,42.2,A,DoorSpread,DoorMaster,5.695000,D,S,34937.000000
Wed Jul 16 20:20:05 2025,16-Jul-2025,232004,48 23.598200 N,062 7.561500 W,5.1,42.1,A,DoorSpread,DoorMaster,6.195000,D,S,41414.000000
Wed Jul 16 20:20:05 2025,16-Jul-2025,232005,48 23.599200 N,062 7.560000 W,5.1,42.1,A,DoorSpread,DoorMaster,6.195000,D,S,41414.000000
Wed Jul 16 20:20:05 2025,16-Jul-2025,232006,48 23.600100 N,062 7.558600 W,5.1,42.2,A,DoorSpread,DoorMaster,6.195000,D,S,41414.000000
Wed Jul 16 20:20:05 2025,16-Jul-2025,232007,48 23.601000 N,062 7.557300 W,5.0,42.2,A,DoorSpread,DoorMaster,6.195000,D,S,41414.000000
Wed Jul 16 20:20:05 2025,16-Jul-2025,232008,48 23.601900 N,062 7.556100 W,5.0,41.8,A,DoorSpread,DoorMaster,6.195000,D,S,41414.000000
Wed Jul 16 20:20:05 2025,16-Jul-2025,232009,48 23.602800 N,062 7.554900 W,5.0,41.5,A,DoorSpread,DoorMaster,6.195000,D,S,41414.000000
Wed Jul 16 20:20:05 2025,16-Jul-2025,232010,48 23.603800 N,062 7.553600 W,5.0,41.2,A,DoorSpread,DoorMaster,6.195000,D,S,41414.000000
Wed Jul 16 20:20:05 2025,16-Jul-2025,232011,48 23.604800 N,062 7.552200 W,5.0,41.1,A,DoorSpread,DoorMaster,6.195000,D,S,41414.000000
Wed Jul 16 20:20:05 2025,16-Jul-2025,232012,48 23.605700 N,062 7.550900 W,5.0,40.9,A,DoorSpread,DoorMaster,6.195000,D,S,41414.000000
Wed Jul 16 20:20:05 2025,16-Jul-2025,232013,48 23.606600 N,062 7.549500 W,5.0,40.9,A,DoorSpread,DoorMaster,6.195000,D,S,41414.000000
Wed Jul 16 20:20:05 2025,16-Jul-2025,232014,48 23.607600 N,062 7.548100 W,4.9,40.9,A,DoorSpread,DoorMaster,6.195000,D,S,41414.000000
Wed Jul 16 20:20:05 2025,16-Jul-2025,232015,48 23.608500 N,062 7.546900 W,4.9,40.8,A,DoorSpread,DoorMaster,6.195000,D,S,41414.000000
Wed Jul 16 20:20:05 2025,16-Jul-2025,232016,48 23.609500 N,062 7.545500 W,4.9,40.8,A,DoorSpread,DoorMaster,6.195000,D,S,41414.000000
Wed Jul 16 20:20:05 2025,16-Jul-2025,232017,48 23.610500 N,062 7.544000 W,5.0,40.9,A,DoorSpread,DoorMaster,6.195000,D,S,41414.000000
Wed Jul 16 20:20:05 2025,16-Jul-2025,232018,48 23.611500 N,062 7.542600 W,4.9,41.1,A,DoorSpread,DoorMaster,6.195000,D,S,41414.000000
Wed Jul 16 20:20:05 2025,16-Jul-2025,232019,48 23.612400 N,062 7.541200 W,4.9,41.3,A,DoorSpread,DoorMaster,6.195000,D,S,41414.000000
Wed Jul 16 20:20:05 2025,16-Jul-2025,232020,48 23.613500 N,062 7.539700 W,4.9,41.4,A,DoorSpread,DoorMaster,6.195000,D,S,41414.000000
Wed Jul 16 20:20:22 2025,16-Jul-2025,232021,48 23.614400 N,062 7.538300 W,4.9,41.6,A,DoorSpread,DoorMaster,5.850000,D,S,20116.000000
Wed Jul 16 20:20:22 2025,16-Jul-2025,232022,48 23.615200 N,062 7.536900 W,4.9,41.8,A,DoorSpread,DoorMaster,5.850000,D,S,20116.000000
Wed Jul 16 20:20:22 2025,16-Jul-2025,232023,48 23.616100 N,062 7.535500 W,4.9,41.9,A,DoorSpread,DoorMaster,5.850000,D,S,20116.000000
Wed Jul 16 20:20:22 2025,16-Jul-2025,232024,48 23.617000 N,062 7.534100 W,4.9,42.1,A,DoorSpread,DoorMaster,5.850000,D,S,20116.000000
Wed Jul 16 20:20:22 2025,16-Jul-2025,232025,48 23.617800 N,062 7.532700 W,4.9,42.2,A,DoorSpread,DoorMaster,5.850000,D,S,20116.000000
Wed Jul 16 20:20:22 2025,16-Jul-2025,232026,48 23.618600 N,062 7.531500 W,4.8,42.3,A,DoorSpread,DoorMaster,5.850000,D,S,20116.000000
Wed Jul 16 20:20:27 2025,16-Jul-2025,232027,48 23.619500 N,062 7.530100 W,4.8,42.4,A,DoorSpread,DoorMaster,5.755000,D,S,28035.000000
Wed Jul 16 20:20:27 2025,16-Jul-2025,232028,48 23.620300 N,062 7.528700 W,4.9,42.6,A,DoorSpread,DoorMaster,5.755000,D,S,28035.000000
Wed Jul 16 20:20:27 2025,16-Jul-2025,232029,48 23.621200 N,062 7.527300 W,4.9,42.8,A,DoorSpread,DoorMaster,5.755000,D,S,28035.000000
Wed Jul 16 20:20:27 2025,16-Jul-2025,232030,48 23.622100 N,062 7.526000 W,4.9,43.0,A,DoorSpread,DoorMaster,5.755000,D,S,28035.000000
Wed Jul 16 20:20:27 2025,16-Jul-2025,232031,48 23.623000 N,062 7.524700 W,4.8,43.1,A,DoorSpread,DoorMaster,5.755000,D,S,28035.000000
Wed Jul 16 20:20:33 2025,16-Jul-2025,232032,48 23.623800 N,062 7.523500 W,4.8,43.0,A,DoorSpread,DoorMaster,6.175000,D,S,18705.000000
Wed Jul 16 20:20:33 2025,16-Jul-2025,232033,48 23.624600 N,062 7.522300 W,4.8,42.8,A,DoorSpread,DoorMaster,6.175000,D,S,18705.000000
Wed Jul 16 20:20:33 2025,16-Jul-2025,232034,48 23.625400 N,062 7.521100 W,4.8,42.4,A,DoorSpread,DoorMaster,6.175000,D,S,18705.000000
Wed Jul 16 20:20:33 2025,16-Jul-2025,232035,48 23.626300 N,062 7.519900 W,4.8,41.9,A,DoorSpread,DoorMaster,6.175000,D,S,18705.000000
Wed Jul 16 20:20:33 2025,16-Jul-2025,232036,48 23.627300 N,062 7.518800 W,4.8,41.3,A,DoorSpread,DoorMaster,6.175000,D,S,18705.000000
Wed Jul 16 20:20:33 2025,16-Jul-2025,232037,48 23.628300 N,062 7.517600 W,4.9,40.9,A,DoorSpread,DoorMaster,6.175000,D,S,18705.000000
Wed Jul 16 20:20:33 2025,16-Jul-2025,232038,48 23.629400 N,062 7.516300 W,4.9,40.7,A,DoorSpread,DoorMaster,6.175000,D,S,18705.000000
Wed Jul 16 20:20:33 2025,16-Jul-2025,232039,48 23.630300 N,062 7.514700 W,4.9,40.7,A,DoorSpread,DoorMaster,6.175000,D,S,18705.000000
Wed Jul 16 20:20:33 2025,16-Jul-2025,232040,48 23.631200 N,062 7.513100 W,4.9,40.8,A,DoorSpread,DoorMaster,6.175000,D,S,18705.000000
Wed Jul 16 20:20:33 2025,16-Jul-2025,232041,48 23.632200 N,062 7.511500 W,5.0,40.9,A,DoorSpread,DoorMaster,6.175000,D,S,18705.000000
Wed Jul 16 20:20:33 2025,16-Jul-2025,232042,48 23.633100 N,062 7.510000 W,5.0,41.1,A,DoorSpread,DoorMaster,6.175000,D,S,18705.000000
Wed Jul 16 20:20:33 2025,16-Jul-2025,232043,48 23.634000 N,062 7.508600 W,4.9,41.1,A,DoorSpread,DoorMaster,6.175000,D,S,18705.000000
Wed Jul 16 20:20:33 2025,16-Jul-2025,232044,48 23.635000 N,062 7.507200 W,4.9,41.0,A,DoorSpread,DoorMaster,6.175000,D,S,18705.000000
Wed Jul 16 20:20:33 2025,16-Jul-2025,232045,48 23.636000 N,062 7.505800 W,4.9,40.9,A,DoorSpread,DoorMaster,6.175000,D,S,18705.000000
Wed Jul 16 20:20:33 2025,16-Jul-2025,232046,48 23.637100 N,062 7.504400 W,5.0,40.7,A,DoorSpread,DoorMaster,6.175000,D,S,18705.000000
Wed Jul 16 20:20:33 2025,16-Jul-2025,232047,48 23.638200 N,062 7.503000 W,5.0,40.6,A,DoorSpread,DoorMaster,6.175000,D,S,18705.000000
Wed Jul 16 20:20:33 2025,16-Jul-2025,232048,48 23.639300 N,062 7.501600 W,5.0,40.5,A,DoorSpread,DoorMaster,6.175000,D,S,18705.000000
Wed Jul 16 20:20:50 2025,16-Jul-2025,232049,48 23.640200 N,062 7.500200 W,5.0,40.6,A,DoorSpread,DoorMaster,6.045000,D,S,36680.000000
Wed Jul 16 20:20:50 2025,16-Jul-2025,232050,48 23.641200 N,062 7.498700 W,5.0,40.8,A,DoorSpread,DoorMaster,6.045000,D,S,36680.000000
Wed Jul 16 20:20:50 2025,16-Jul-2025,232051,48 23.642200 N,062 7.497300 W,5.0,40.9,A,DoorSpread,DoorMaster,6.045000,D,S,36680.000000
Wed Jul 16 20:20:50 2025,16-Jul-2025,232052,48 23.643100 N,062 7.495800 W,5.0,41.0,A,DoorSpread,DoorMaster,6.045000,D,S,36680.000000
Wed Jul 16 20:20:50 2025,16-Jul-2025,232053,48 23.644100 N,062 7.494500 W,5.0,41.0,A,DoorSpread,DoorMaster,6.045000,D,S,36680.000000
Wed Jul 16 20:20:55 2025,16-Jul-2025,232054,48 23.645100 N,062 7.493000 W,5.0,41.2,A,DoorSpread,DoorMaster,5.990000,D,S,41021.000000
Wed Jul 16 20:20:55 2025,16-Jul-2025,232055,48 23.646100 N,062 7.491400 W,5.1,41.2,A,DoorSpread,DoorMaster,5.990000,D,S,41021.000000
Wed Jul 16 20:20:55 2025,16-Jul-2025,232056,48 23.647100 N,062 7.489900 W,5.1,41.1,A,DoorSpread,DoorMaster,5.990000,D,S,41021.000000
Wed Jul 16 20:20:55 2025,16-Jul-2025,232057,48 23.648100 N,062 7.488600 W,5.0,40.9,A,DoorSpread,DoorMaster,5.990000,D,S,41021.000000
Wed Jul 16 20:20:55 2025,16-Jul-2025,232058,48 23.649100 N,062 7.487200 W,5.0,40.8,A,DoorSpread,DoorMaster,5.990000,D,S,41021.000000
Wed Jul 16 20:20:55 2025,16-Jul-2025,232059,48 23.650100 N,062 7.485700 W,5.1,40.8,A,DoorSpread,DoorMaster,5.990000,D,S,41021.000000
Wed Jul 16 20:21:01 2025,16-Jul-2025,232100,48 23.651100 N,062 7.484200 W,5.1,40.9,A,DoorSpread,DoorMaster,5.990000,D,S,42516.000000
Wed Jul 16 20:21:01 2025,16-Jul-2025,232101,48 23.652100 N,062 7.482700 W,5.1,40.9,A,DoorSpread,DoorMaster,5.990000,D,S,42516.000000
Wed Jul 16 20:21:01 2025,16-Jul-2025,232102,48 23.653100 N,062 7.481400 W,5.1,41.1,A,DoorSpread,DoorMaster,5.990000,D,S,42516.000000
Wed Jul 16 20:21:01 2025,16-Jul-2025,232103,48 23.654100 N,062 7.480000 W,5.1,41.2,A,DoorSpread,DoorMaster,5.990000,D,S,42516.000000
Wed Jul 16 20:21:01 2025,16-Jul-2025,232104,48 23.655200 N,062 7.478500 W,5.1,41.3,A,DoorSpread,DoorMaster,5.990000,D,S,42516.000000
Wed Jul 16 20:21:06 2025,16-Jul-2025,232105,48 23.656200 N,062 7.477100 W,5.1,41.3,A,DoorSpread,DoorMaster,5.870000,D,S,37322.000000
Wed Jul 16 20:21:06 2025,16-Jul-2025,232106,48 23.657200 N,062 7.475700 W,5.1,41.4,A,DoorSpread,DoorMaster,5.870000,D,S,37322.000000
Wed Jul 16 20:21:06 2025,16-Jul-2025,232107,48 23.658200 N,062 7.474200 W,5.1,41.5,A,DoorSpread,DoorMaster,5.870000,D,S,37322.000000
Wed Jul 16 20:21:06 2025,16-Jul-2025,232108,48 23.659100 N,062 7.472800 W,5.0,41.4,A,DoorSpread,DoorMaster,5.870000,D,S,37322.000000
Wed Jul 16 20:21:06 2025,16-Jul-2025,232109,48 23.660100 N,062 7.471500 W,5.0,41.2,A,DoorSpread,DoorMaster,5.870000,D,S,37322.000000
Wed Jul 16 20:21:06 2025,16-Jul-2025,232110,48 23.661000 N,062 7.470000 W,5.0,41.1,A,DoorSpread,DoorMaster,5.870000,D,S,37322.000000
Wed Jul 16 20:21:12 2025,16-Jul-2025,232111,48 23.662000 N,062 7.468600 W,5.0,41.2,A,DoorSpread,DoorMaster,5.720000,D,S,37138.000000
Wed Jul 16 20:21:12 2025,16-Jul-2025,232112,48 23.662900 N,062 7.467100 W,5.0,41.3,A,DoorSpread,DoorMaster,5.720000,D,S,37138.000000
Wed Jul 16 20:21:12 2025,16-Jul-2025,232113,48 23.663900 N,062 7.465700 W,5.0,41.3,A,DoorSpread,DoorMaster,5.720000,D,S,37138.000000
Wed Jul 16 20:21:12 2025,16-Jul-2025,232114,48 23.664800 N,062 7.464200 W,5.0,41.2,A,DoorSpread,DoorMaster,5.720000,D,S,37138.000000
Wed Jul 16 20:21:12 2025,16-Jul-2025,232115,48 23.665700 N,062 7.462800 W,5.0,41.2,A,DoorSpread,DoorMaster,5.720000,D,S,37138.000000
Wed Jul 16 20:21:12 2025,16-Jul-2025,232116,48 23.666600 N,062 7.461300 W,5.0,41.3,A,DoorSpread,DoorMaster,5.720000,D,S,37138.000000
Wed Jul 16 20:21:18 2025,16-Jul-2025,232117,48 23.667600 N,062 7.459900 W,5.0,41.4,A,DoorSpread,DoorMaster,5.515000,D,S,35963.000000
Wed Jul 16 20:21:18 2025,16-Jul-2025,232118,48 23.668600 N,062 7.458500 W,5.1,41.4,A,DoorSpread,DoorMaster,5.515000,D,S,35963.000000
Wed Jul 16 20:21:18 2025,16-Jul-2025,232119,48 23.669700 N,062 7.457000 W,5.1,41.4,A,DoorSpread,DoorMaster,5.515000,D,S,35963.000000
Wed Jul 16 20:21:18 2025,16-Jul-2025,232120,48 23.670600 N,062 7.455600 W,5.1,41.4,A,DoorSpread,DoorMaster,5.515000,D,S,35963.000000
Wed Jul 16 20:21:18 2025,16-Jul-2025,232121,48 23.671500 N,062 7.454100 W,5.0,41.5,A,DoorSpread,DoorMaster,5.515000,D,S,35963.000000
Wed Jul 16 20:21:23 2025,16-Jul-2025,232122,48 23.672400 N,062 7.452700 W,5.0,41.6,A,DoorSpread,DoorMaster,7.695000,D,S,20883.000000
Wed Jul 16 20:21:23 2025,16-Jul-2025,232123,48 23.673400 N,062 7.451200 W,5.0,41.8,A,DoorSpread,DoorMaster,7.695000,D,S,20883.000000
Wed Jul 16 20:21:23 2025,16-Jul-2025,232124,48 23.674200 N,062 7.449900 W,4.9,41.9,A,DoorSpread,DoorMaster,7.695000,D,S,20883.000000
Wed Jul 16 20:21:23 2025,16-Jul-2025,232125,48 23.675200 N,062 7.448400 W,4.9,42.1,A,DoorSpread,DoorMaster,7.695000,D,S,20883.000000
Wed Jul 16 20:21:23 2025,16-Jul-2025,232126,48 23.676200 N,062 7.447000 W,5.0,42.2,A,DoorSpread,DoorMaster,7.695000,D,S,20883.000000
Wed Jul 16 20:21:23 2025,16-Jul-2025,232127,48 23.677200 N,062 7.445600 W,5.0,42.2,A,DoorSpread,DoorMaster,7.695000,D,S,20883.000000
Wed Jul 16 20:21:29 2025,16-Jul-2025,232128,48 23.678200 N,062 7.444300 W,5.0,42.0,A,DoorSpread,DoorMaster,3.790000,D,S,25843.000000
Wed Jul 16 20:21:29 2025,16-Jul-2025,232129,48 23.679200 N,062 7.442900 W,5.0,41.8,A,DoorSpread,DoorMaster,3.790000,D,S,25843.000000
Wed Jul 16 20:21:29 2025,16-Jul-2025,232130,48 23.680300 N,062 7.441600 W,5.0,41.7,A,DoorSpread,DoorMaster,3.790000,D,S,25843.000000
Wed Jul 16 20:21:29 2025,16-Jul-2025,232131,48 23.681300 N,062 7.440100 W,5.0,41.7,A,DoorSpread,DoorMaster,3.790000,D,S,25843.000000
Wed Jul 16 20:21:29 2025,16-Jul-2025,232132,48 23.682300 N,062 7.438700 W,5.0,41.4,A,DoorSpread,DoorMaster,3.790000,D,S,25843.000000
Wed Jul 16 20:21:34 2025,16-Jul-2025,232133,48 23.683300 N,062 7.437400 W,5.0,41.1,A,DoorSpread,DoorMaster,5.880000,D,S,28076.000000
Wed Jul 16 20:21:34 2025,16-Jul-2025,232134,48 23.684300 N,062 7.436100 W,5.0,41.0,A,DoorSpread,DoorMaster,5.880000,D,S,28076.000000
Wed Jul 16 20:21:34 2025,16-Jul-2025,232135,48 23.685300 N,062 7.434600 W,5.0,41.0,A,DoorSpread,DoorMaster,5.880000,D,S,28076.000000
Wed Jul 16 20:21:34 2025,16-Jul-2025,232136,48 23.686300 N,062 7.433300 W,5.0,41.0,A,DoorSpread,DoorMaster,5.880000,D,S,28076.000000
Wed Jul 16 20:21:34 2025,16-Jul-2025,232137,48 23.687200 N,062 7.432000 W,4.9,41.1,A,DoorSpread,DoorMaster,5.880000,D,S,28076.000000
Wed Jul 16 20:21:34 2025,16-Jul-2025,232138,48 23.688200 N,062 7.430700 W,4.9,41.1,A,DoorSpread,DoorMaster,5.880000,D,S,28076.000000
Wed Jul 16 20:21:40 2025,16-Jul-2025,232139,48 23.689200 N,062 7.429300 W,5.0,41.2,A,DoorSpread,DoorMaster,5.915000,D,S,22398.000000
Wed Jul 16 20:21:40 2025,16-Jul-2025,232140,48 23.690300 N,062 7.428100 W,5.0,41.1,A,DoorSpread,DoorMaster,5.915000,D,S,22398.000000
Wed Jul 16 20:21:40 2025,16-Jul-2025,232141,48 23.691400 N,062 7.426700 W,5.0,40.9,A,DoorSpread,DoorMaster,5.915000,D,S,22398.000000
Wed Jul 16 20:21:40 2025,16-Jul-2025,232142,48 23.692500 N,062 7.425400 W,4.9,40.8,A,DoorSpread,DoorMaster,5.915000,D,S,22398.000000
Wed Jul 16 20:21:40 2025,16-Jul-2025,232143,48 23.693500 N,062 7.424000 W,4.9,40.8,A,DoorSpread,DoorMaster,5.915000,D,S,22398.000000
Wed Jul 16 20:21:40 2025,16-Jul-2025,232144,48 23.694400 N,062 7.422600 W,4.9,40.9,A,DoorSpread,DoorMaster,5.915000,D,S,22398.000000
Wed Jul 16 20:21:40 2025,16-Jul-2025,232145,48 23.695400 N,062 7.421200 W,4.9,40.7,A,DoorSpread,DoorMaster,5.915000,D,S,22398.000000
Wed Jul 16 20:21:40 2025,16-Jul-2025,232146,48 23.696400 N,062 7.419900 W,4.9,40.4,A,DoorSpread,DoorMaster,5.915000,D,S,22398.000000
Wed Jul 16 20:21:40 2025,16-Jul-2025,232147,48 23.697300 N,062 7.418500 W,4.9,40.5,A,DoorSpread,DoorMaster,5.915000,D,S,22398.000000
Wed Jul 16 20:21:40 2025,16-Jul-2025,232148,48 23.698100 N,062 7.417000 W,4.9,40.9,A,DoorSpread,DoorMaster,5.915000,D,S,22398.000000
Wed Jul 16 20:21:40 2025,16-Jul-2025,232149,48 23.699000 N,062 7.415500 W,4.9,41.2,A,DoorSpread,DoorMaster,5.915000,D,S,22398.000000
Wed Jul 16 20:21:40 2025,16-Jul-2025,232150,48 23.699900 N,062 7.414200 W,4.9,41.4,A,DoorSpread,DoorMaster,5.915000,D,S,22398.000000
Wed Jul 16 20:21:40 2025,16-Jul-2025,232151,48 23.700900 N,062 7.412800 W,4.9,41.5,A,DoorSpread,DoorMaster,5.915000,D,S,22398.000000
Wed Jul 16 20:21:40 2025,16-Jul-2025,232152,48 23.701600 N,062 7.411500 W,4.8,41.7,A,DoorSpread,DoorMaster,5.915000,D,S,22398.000000
Wed Jul 16 20:21:40 2025,16-Jul-2025,232153,48 23.702500 N,062 7.410200 W,4.8,41.9,A,DoorSpread,DoorMaster,5.915000,D,S,22398.000000
Wed Jul 16 20:21:40 2025,16-Jul-2025,232154,48 23.703400 N,062 7.408800 W,4.9,42.2,A,DoorSpread,DoorMaster,5.915000,D,S,22398.000000
Wed Jul 16 20:21:40 2025,16-Jul-2025,232155,48 23.704300 N,062 7.407400 W,4.9,42.6,A,DoorSpread,DoorMaster,5.915000,D,S,22398.000000
Wed Jul 16 20:21:40 2025,16-Jul-2025,232156,48 23.705300 N,062 7.406000 W,4.9,42.8,A,DoorSpread,DoorMaster,5.915000,D,S,22398.000000
Wed Jul 16 20:21:40 2025,16-Jul-2025,232157,48 23.706300 N,062 7.404600 W,4.9,43.0,A,DoorSpread,DoorMaster,5.915000,D,S,22398.000000
Wed Jul 16 20:21:40 2025,16-Jul-2025,232158,48 23.707400 N,062 7.403200 W,4.9,43.1,A,DoorSpread,DoorMaster,5.915000,D,S,22398.000000
Wed Jul 16 20:21:40 2025,16-Jul-2025,232159,48 23.708500 N,062 7.401800 W,4.9,43.2,A,DoorSpread,DoorMaster,5.915000,D,S,22398.000000
Wed Jul 16 20:21:40 2025,16-Jul-2025,232200,48 23.709600 N,062 7.400500 W,4.9,43.1,A,DoorSpread,DoorMaster,5.915000,D,S,22398.000000
Wed Jul 16 20:22:02 2025,16-Jul-2025,232201,48 23.710600 N,062 7.399100 W,4.9,43.0,A,DoorSpread,DoorMaster,5.985000,D,S,18500.000000
Wed Jul 16 20:22:02 2025,16-Jul-2025,232202,48 23.711700 N,062 7.397900 W,4.9,42.7,A,DoorSpread,DoorMaster,5.985000,D,S,18500.000000
Wed Jul 16 20:22:02 2025,16-Jul-2025,232203,48 23.712700 N,062 7.396700 W,4.9,42.4,A,DoorSpread,DoorMaster,5.985000,D,S,18500.000000
Wed Jul 16 20:22:02 2025,16-Jul-2025,232204,48 23.713600 N,062 7.395400 W,4.9,42.3,A,DoorSpread,DoorMaster,5.985000,D,S,18500.000000
Wed Jul 16 20:22:02 2025,16-Jul-2025,232205,48 23.714600 N,062 7.394200 W,4.8,42.1,A,DoorSpread,DoorMaster,5.985000,D,S,18500.000000
Wed Jul 16 20:22:02 2025,16-Jul-2025,232206,48 23.715600 N,062 7.393000 W,4.8,41.7,A,DoorSpread,DoorMaster,5.985000,D,S,18500.000000
Wed Jul 16 20:22:08 2025,16-Jul-2025,232207,48 23.716700 N,062 7.391700 W,4.9,41.4,A,DoorSpread,DoorMaster,5.395000,D,S,34437.000000
Wed Jul 16 20:22:08 2025,16-Jul-2025,232208,48 23.717700 N,062 7.390300 W,4.9,41.2,A,DoorSpread,DoorMaster,5.395000,D,S,34437.000000
Wed Jul 16 20:22:08 2025,16-Jul-2025,232209,48 23.718700 N,062 7.388900 W,4.9,41.1,A,DoorSpread,DoorMaster,5.395000,D,S,34437.000000
Wed Jul 16 20:22:08 2025,16-Jul-2025,232210,48 23.719600 N,062 7.387600 W,4.9,41.1,A,DoorSpread,DoorMaster,5.395000,D,S,34437.000000
Wed Jul 16 20:22:08 2025,16-Jul-2025,232211,48 23.720500 N,062 7.386200 W,4.8,41.3,A,DoorSpread,DoorMaster,5.395000,D,S,34437.000000
Wed Jul 16 20:22:08 2025,16-Jul-2025,232212,48 23.721500 N,062 7.385000 W,4.8,41.2,A,DoorSpread,DoorMaster,5.395000,D,S,34437.000000
Wed Jul 16 20:22:08 2025,16-Jul-2025,232213,48 23.722500 N,062 7.383600 W,4.8,41.0,A,DoorSpread,DoorMaster,5.395000,D,S,34437.000000
Wed Jul 16 20:22:08 2025,16-Jul-2025,232214,48 23.723700 N,062 7.382200 W,4.9,41.0,A,DoorSpread,DoorMaster,5.395000,D,S,34437.000000
Wed Jul 16 20:22:08 2025,16-Jul-2025,232215,48 23.724700 N,062 7.380800 W,4.8,40.8,A,DoorSpread,DoorMaster,5.395000,D,S,34437.000000
Wed Jul 16 20:22:08 2025,16-Jul-2025,232216,48 23.725800 N,062 7.379500 W,4.8,40.7,A,DoorSpread,DoorMaster,5.395000,D,S,34437.000000
Wed Jul 16 20:22:08 2025,16-Jul-2025,232217,48 23.726900 N,062 7.378000 W,4.8,40.6,A,DoorSpread,DoorMaster,5.395000,D,S,34437.000000
Wed Jul 16 20:22:08 2025,16-Jul-2025,232218,48 23.727900 N,062 7.376500 W,4.8,40.6,A,DoorSpread,DoorMaster,5.395000,D,S,34437.000000
Wed Jul 16 20:22:08 2025,16-Jul-2025,232219,48 23.728800 N,062 7.375100 W,4.8,40.6,A,DoorSpread,DoorMaster,5.395000,D,S,34437.000000
Wed Jul 16 20:22:08 2025,16-Jul-2025,232220,48 23.729800 N,062 7.373600 W,4.9,40.7,A,DoorSpread,DoorMaster,5.395000,D,S,34437.000000
Wed Jul 16 20:22:08 2025,16-Jul-2025,232221,48 23.730900 N,062 7.372200 W,4.9,40.7,A,DoorSpread,DoorMaster,5.395000,D,S,34437.000000
Wed Jul 16 20:22:23 2025,16-Jul-2025,232222,48 23.731900 N,062 7.370900 W,4.8,40.6,A,DoorSpread,DoorMaster,6.275000,D,S,18793.000000
Wed Jul 16 20:22:23 2025,16-Jul-2025,232223,48 23.732900 N,062 7.369500 W,4.8,40.5,A,DoorSpread,DoorMaster,6.275000,D,S,18793.000000
Wed Jul 16 20:22:23 2025,16-Jul-2025,232224,48 23.734000 N,062 7.368100 W,4.9,40.6,A,DoorSpread,DoorMaster,6.275000,D,S,18793.000000
Wed Jul 16 20:22:23 2025,16-Jul-2025,232225,48 23.735000 N,062 7.366800 W,4.9,40.6,A,DoorSpread,DoorMaster,6.275000,D,S,18793.000000
Wed Jul 16 20:22:23 2025,16-Jul-2025,232226,48 23.736000 N,062 7.365500 W,4.9,40.7,A,DoorSpread,DoorMaster,6.275000,D,S,18793.000000
Wed Jul 16 20:22:23 2025,16-Jul-2025,232227,48 23.737000 N,062 7.364200 W,4.9,40.9,A,DoorSpread,DoorMaster,6.275000,D,S,18793.000000
Wed Jul 16 20:22:29 2025,16-Jul-2025,232228,48 23.737900 N,062 7.362800 W,4.9,41.2,A,DoorSpread,DoorMaster,5.790000,D,S,35923.000000
Wed Jul 16 20:22:29 2025,16-Jul-2025,232229,48 23.739000 N,062 7.361300 W,5.0,41.4,A,DoorSpread,DoorMaster,5.790000,D,S,35923.000000
Wed Jul 16 20:22:29 2025,16-Jul-2025,232230,48 23.740000 N,062 7.359900 W,5.0,41.5,A,DoorSpread,DoorMaster,5.790000,D,S,35923.000000
Wed Jul 16 20:22:29 2025,16-Jul-2025,232231,48 23.741100 N,062 7.358600 W,5.0,41.4,A,DoorSpread,DoorMaster,5.790000,D,S,35923.000000
Wed Jul 16 20:22:29 2025,16-Jul-2025,232232,48 23.742100 N,062 7.357300 W,5.0,41.5,A,DoorSpread,DoorMaster,5.790000,D,S,35923.000000
Wed Jul 16 20:22:29 2025,16-Jul-2025,232233,48 23.743000 N,062 7.355800 W,5.0,41.6,A,DoorSpread,DoorMaster,5.790000,D,S,35923.000000
Wed Jul 16 20:22:34 2025,16-Jul-2025,232234,48 23.744100 N,062 7.354500 W,5.0,41.5,A,DoorSpread,DoorMaster,6.825000,D,S,22224.000000
Wed Jul 16 20:22:34 2025,16-Jul-2025,232235,48 23.745100 N,062 7.353300 W,5.0,41.2,A,DoorSpread,DoorMaster,6.825000,D,S,22224.000000
Wed Jul 16 20:22:34 2025,16-Jul-2025,232236,48 23.746100 N,062 7.352100 W,5.0,41.0,A,DoorSpread,DoorMaster,6.825000,D,S,22224.000000
Wed Jul 16 20:22:34 2025,16-Jul-2025,232237,48 23.747100 N,062 7.350800 W,5.0,40.9,A,DoorSpread,DoorMaster,6.825000,D,S,22224.000000
Wed Jul 16 20:22:34 2025,16-Jul-2025,232238,48 23.748100 N,062 7.349400 W,4.9,40.9,A,DoorSpread,DoorMaster,6.825000,D,S,22224.000000
Wed Jul 16 20:22:34 2025,16-Jul-2025,232239,48 23.749000 N,062 7.348200 W,5.0,41.0,A,DoorSpread,DoorMaster,6.825000,D,S,22224.000000
Wed Jul 16 20:22:34 2025,16-Jul-2025,232240,48 23.750000 N,062 7.346900 W,5.0,40.9,A,DoorSpread,DoorMaster,6.825000,D,S,22224.000000
Wed Jul 16 20:22:34 2025,16-Jul-2025,232241,48 23.751100 N,062 7.345700 W,4.9,40.8,A,DoorSpread,DoorMaster,6.825000,D,S,22224.000000
Wed Jul 16 20:22:34 2025,16-Jul-2025,232242,48 23.752100 N,062 7.344400 W,4.9,40.9,A,DoorSpread,DoorMaster,6.825000,D,S,22224.000000
Wed Jul 16 20:22:34 2025,16-Jul-2025,232243,48 23.753000 N,062 7.343000 W,4.9,41.1,A,DoorSpread,DoorMaster,6.825000,D,S,22224.000000
Wed Jul 16 20:22:45 2025,16-Jul-2025,232244,48 23.754000 N,062 7.341700 W,4.9,41.2,A,DoorSpread,DoorMaster,6.420000,D,S,34694.000000
Wed Jul 16 20:22:45 2025,16-Jul-2025,232245,48 23.755000 N,062 7.340300 W,4.9,41.4,A,DoorSpread,DoorMaster,6.420000,D,S,34694.000000
Wed Jul 16 20:22:45 2025,16-Jul-2025,232246,48 23.756100 N,062 7.339000 W,5.0,41.3,A,DoorSpread,DoorMaster,6.420000,D,S,34694.000000
Wed Jul 16 20:22:45 2025,16-Jul-2025,232247,48 23.757200 N,062 7.337800 W,4.9,41.2,A,DoorSpread,DoorMaster,6.420000,D,S,34694.000000
Wed Jul 16 20:22:45 2025,16-Jul-2025,232248,48 23.758100 N,062 7.336600 W,4.9,41.3,A,DoorSpread,DoorMaster,6.420000,D,S,34694.000000
Wed Jul 16 20:22:45 2025,16-Jul-2025,232249,48 23.759100 N,062 7.335300 W,4.9,41.5,A,DoorSpread,DoorMaster,6.420000,D,S,34694.000000
Wed Jul 16 20:22:45 2025,16-Jul-2025,232250,48 23.760000 N,062 7.334000 W,4.9,41.5,A,DoorSpread,DoorMaster,6.420000,D,S,34694.000000
Wed Jul 16 20:22:45 2025,16-Jul-2025,232251,48 23.761000 N,062 7.332700 W,4.9,41.7,A,DoorSpread,DoorMaster,6.420000,D,S,34694.000000
Wed Jul 16 20:22:45 2025,16-Jul-2025,232252,48 23.762000 N,062 7.331300 W,4.9,41.8,A,DoorSpread,DoorMaster,6.420000,D,S,34694.000000
Wed Jul 16 20:22:45 2025,16-Jul-2025,232253,48 23.763000 N,062 7.330000 W,4.9,41.8,A,DoorSpread,DoorMaster,6.420000,D,S,34694.000000
Wed Jul 16 20:22:45 2025,16-Jul-2025,232254,48 23.764100 N,062 7.328600 W,4.9,41.8,A,DoorSpread,DoorMaster,6.420000,D,S,34694.000000
Wed Jul 16 20:22:45 2025,16-Jul-2025,232255,48 23.765100 N,062 7.327400 W,4.9,41.8,A,DoorSpread,DoorMaster,6.420000,D,S,34694.000000
Wed Jul 16 20:22:45 2025,16-Jul-2025,232256,48 23.766000 N,062 7.326100 W,4.9,42.0,A,DoorSpread,DoorMaster,6.420000,D,S,34694.000000
Wed Jul 16 20:22:45 2025,16-Jul-2025,232257,48 23.766900 N,062 7.324800 W,4.9,42.1,A,DoorSpread,DoorMaster,6.420000,D,S,34694.000000
Wed Jul 16 20:22:45 2025,16-Jul-2025,232258,48 23.767800 N,062 7.323500 W,4.9,42.1,A,DoorSpread,DoorMaster,6.420000,D,S,34694.000000
Wed Jul 16 20:22:45 2025,16-Jul-2025,232259,48 23.768800 N,062 7.322300 W,4.8,41.9,A,DoorSpread,DoorMaster,6.420000,D,S,34694.000000
Wed Jul 16 20:22:45 2025,16-Jul-2025,232300,48 23.769700 N,062 7.320900 W,4.9,41.9,A,DoorSpread,DoorMaster,6.420000,D,S,34694.000000
Wed Jul 16 20:23:02 2025,16-Jul-2025,232301,48 23.770700 N,062 7.319500 W,4.9,41.9,A,DoorSpread,DoorMaster,6.405000,D,S,40269.000000
Wed Jul 16 20:23:02 2025,16-Jul-2025,232302,48 23.771700 N,062 7.318100 W,4.9,41.8,A,DoorSpread,DoorMaster,6.405000,D,S,40269.000000
Wed Jul 16 20:23:02 2025,16-Jul-2025,232303,48 23.772700 N,062 7.316700 W,4.9,41.7,A,DoorSpread,DoorMaster,6.405000,D,S,40269.000000
Wed Jul 16 20:23:02 2025,16-Jul-2025,232304,48 23.773600 N,062 7.315400 W,4.8,41.9,A,DoorSpread,DoorMaster,6.405000,D,S,40269.000000
Wed Jul 16 20:23:02 2025,16-Jul-2025,232305,48 23.774500 N,062 7.314000 W,4.9,42.0,A,DoorSpread,DoorMaster,6.405000,D,S,40269.000000
Wed Jul 16 20:23:02 2025,16-Jul-2025,232306,48 23.775400 N,062 7.312700 W,4.8,41.8,A,DoorSpread,DoorMaster,6.405000,D,S,40269.000000
Wed Jul 16 20:23:07 2025,16-Jul-2025,232307,48 23.776400 N,062 7.311500 W,4.8,41.7,A,DoorSpread,DoorMaster,6.275000,D,S,19743.000000
Wed Jul 16 20:23:07 2025,16-Jul-2025,232308,48 23.777200 N,062 7.310300 W,4.8,41.9,A,DoorSpread,DoorMaster,6.275000,D,S,19743.000000
Wed Jul 16 20:23:07 2025,16-Jul-2025,232309,48 23.778100 N,062 7.309000 W,4.7,42.2,A,DoorSpread,DoorMaster,6.275000,D,S,19743.000000
Wed Jul 16 20:23:07 2025,16-Jul-2025,232310,48 23.778900 N,062 7.307700 W,4.7,42.6,A,DoorSpread,DoorMaster,6.275000,D,S,19743.000000
Wed Jul 16 20:23:07 2025,16-Jul-2025,232311,48 23.779900 N,062 7.306400 W,4.7,42.6,A,DoorSpread,DoorMaster,6.275000,D,S,19743.000000
Wed Jul 16 20:23:13 2025,16-Jul-2025,232312,48 23.780900 N,062 7.304900 W,4.8,42.8,A,DoorSpread,DoorMaster,6.640000,D,S,19628.000000
Wed Jul 16 20:23:13 2025,16-Jul-2025,232313,48 23.781900 N,062 7.303500 W,4.8,43.2,A,DoorSpread,DoorMaster,6.640000,D,S,19628.000000
Wed Jul 16 20:23:13 2025,16-Jul-2025,232314,48 23.782800 N,062 7.302000 W,4.7,43.4,A,DoorSpread,DoorMaster,6.640000,D,S,19628.000000
Wed Jul 16 20:23:13 2025,16-Jul-2025,232315,48 23.783800 N,062 7.300800 W,4.7,43.4,A,DoorSpread,DoorMaster,6.640000,D,S,19628.000000
Wed Jul 16 20:23:13 2025,16-Jul-2025,232316,48 23.784800 N,062 7.299500 W,4.7,43.3,A,DoorSpread,DoorMaster,6.640000,D,S,19628.000000
Wed Jul 16 20:23:13 2025,16-Jul-2025,232317,48 23.785800 N,062 7.298200 W,4.7,43.2,A,DoorSpread,DoorMaster,6.640000,D,S,19628.000000
Wed Jul 16 20:23:19 2025,16-Jul-2025,232318,48 23.786800 N,062 7.297000 W,4.7,42.9,A,DoorSpread,DoorMaster,6.575000,D,S,24002.000000
Wed Jul 16 20:23:19 2025,16-Jul-2025,232319,48 23.787800 N,062 7.295700 W,4.7,42.5,A,DoorSpread,DoorMaster,6.575000,D,S,24002.000000
Wed Jul 16 20:23:19 2025,16-Jul-2025,232320,48 23.788800 N,062 7.294400 W,4.7,42.4,A,DoorSpread,DoorMaster,6.575000,D,S,24002.000000
Wed Jul 16 20:23:19 2025,16-Jul-2025,232321,48 23.789800 N,062 7.293100 W,4.7,42.4,A,DoorSpread,DoorMaster,6.575000,D,S,24002.000000
Wed Jul 16 20:23:19 2025,16-Jul-2025,232322,48 23.790700 N,062 7.291800 W,4.7,41.9,A,DoorSpread,DoorMaster,6.575000,D,S,24002.000000
Wed Jul 16 20:23:19 2025,16-Jul-2025,232323,48 23.791600 N,062 7.290500 W,4.7,41.5,A,DoorSpread,DoorMaster,6.575000,D,S,24002.000000
Wed Jul 16 20:23:19 2025,16-Jul-2025,232324,48 23.792600 N,062 7.289200 W,4.7,41.3,A,DoorSpread,DoorMaster,6.575000,D,S,24002.000000
Wed Jul 16 20:23:19 2025,16-Jul-2025,232325,48 23.793500 N,062 7.287900 W,4.7,41.1,A,DoorSpread,DoorMaster,6.575000,D,S,24002.000000
Wed Jul 16 20:23:19 2025,16-Jul-2025,232326,48 23.794600 N,062 7.286500 W,4.7,40.9,A,DoorSpread,DoorMaster,6.575000,D,S,24002.000000
Wed Jul 16 20:23:19 2025,16-Jul-2025,232327,48 23.795600 N,062 7.285200 W,4.7,40.9,A,DoorSpread,DoorMaster,6.575000,D,S,24002.000000
Wed Jul 16 20:23:19 2025,16-Jul-2025,232328,48 23.796700 N,062 7.283900 W,4.8,40.9,A,DoorSpread,DoorMaster,6.575000,D,S,24002.000000
Wed Jul 16 20:23:19 2025,16-Jul-2025,232329,48 23.797800 N,062 7.282500 W,4.8,40.8,A,DoorSpread,DoorMaster,6.575000,D,S,24002.000000
Wed Jul 16 20:23:19 2025,16-Jul-2025,232330,48 23.798900 N,062 7.281100 W,4.8,40.8,A,DoorSpread,DoorMaster,6.575000,D,S,24002.000000
Wed Jul 16 20:23:19 2025,16-Jul-2025,232331,48 23.800100 N,062 7.279600 W,4.9,40.9,A,DoorSpread,DoorMaster,6.575000,D,S,24002.000000
Wed Jul 16 20:23:19 2025,16-Jul-2025,232332,48 23.801200 N,062 7.278300 W,4.9,40.7,A,DoorSpread,DoorMaster,6.575000,D,S,24002.000000
Wed Jul 16 20:23:19 2025,16-Jul-2025,232333,48 23.802300 N,062 7.277100 W,4.9,40.3,A,DoorSpread,DoorMaster,6.575000,D,S,24002.000000
Wed Jul 16 20:23:19 2025,16-Jul-2025,232334,48 23.803400 N,062 7.275900 W,4.9,40.3,A,DoorSpread,DoorMaster,6.575000,D,S,24002.000000
Wed Jul 16 20:23:35 2025,16-Jul-2025,232335,48 23.804400 N,062 7.274500 W,4.9,40.7,A,DoorSpread,DoorMaster,6.975000,D,S,39264.000000
Wed Jul 16 20:23:35 2025,16-Jul-2025,232336,48 23.805400 N,062 7.273200 W,4.9,40.7,A,DoorSpread,DoorMaster,6.975000,D,S,39264.000000
Wed Jul 16 20:23:35 2025,16-Jul-2025,232337,48 23.806500 N,062 7.272000 W,4.8,40.5,A,DoorSpread,DoorMaster,6.975000,D,S,39264.000000
Wed Jul 16 20:23:35 2025,16-Jul-2025,232338,48 23.807500 N,062 7.270700 W,4.8,40.4,A,DoorSpread,DoorMaster,6.975000,D,S,39264.000000
Wed Jul 16 20:23:35 2025,16-Jul-2025,232339,48 23.808500 N,062 7.269300 W,4.8,40.5,A,DoorSpread,DoorMaster,6.975000,D,S,39264.000000
Wed Jul 16 20:23:41 2025,16-Jul-2025,232340,48 23.809400 N,062 7.267900 W,4.8,40.7,A,DoorSpread,DoorMaster,6.630000,D,S,73679.000000
Wed Jul 16 20:23:41 2025,16-Jul-2025,232341,48 23.810300 N,062 7.266600 W,4.8,40.9,A,DoorSpread,DoorMaster,6.630000,D,S,73679.000000
Wed Jul 16 20:23:41 2025,16-Jul-2025,232342,48 23.811400 N,062 7.265300 W,4.8,41.1,A,DoorSpread,DoorMaster,6.630000,D,S,73679.000000
Wed Jul 16 20:23:41 2025,16-Jul-2025,232343,48 23.812300 N,062 7.263900 W,4.8,41.3,A,DoorSpread,DoorMaster,6.630000,D,S,73679.000000
Wed Jul 16 20:23:41 2025,16-Jul-2025,232344,48 23.813200 N,062 7.262600 W,4.8,41.5,A,DoorSpread,DoorMaster,6.630000,D,S,73679.000000
Wed Jul 16 20:23:41 2025,16-Jul-2025,232345,48 23.814200 N,062 7.261400 W,4.8,41.5,A,DoorSpread,DoorMaster,6.630000,D,S,73679.000000
Wed Jul 16 20:23:47 2025,16-Jul-2025,232346,48 23.815200 N,062 7.260200 W,4.8,41.5,A,DoorSpread,DoorMaster,6.740000,D,S,45350.000000
Wed Jul 16 20:23:47 2025,16-Jul-2025,232347,48 23.816100 N,062 7.259000 W,4.8,41.6,A,DoorSpread,DoorMaster,6.740000,D,S,45350.000000
Wed Jul 16 20:23:47 2025,16-Jul-2025,232348,48 23.817100 N,062 7.257800 W,4.8,41.7,A,DoorSpread,DoorMaster,6.740000,D,S,45350.000000
Wed Jul 16 20:23:47 2025,16-Jul-2025,232349,48 23.818000 N,062 7.256600 W,4.8,41.8,A,DoorSpread,DoorMaster,6.740000,D,S,45350.000000
Wed Jul 16 20:23:47 2025,16-Jul-2025,232350,48 23.819000 N,062 7.255200 W,4.8,41.8,A,DoorSpread,DoorMaster,6.740000,D,S,45350.000000
Wed Jul 16 20:23:47 2025,16-Jul-2025,232351,48 23.820100 N,062 7.253800 W,4.9,41.6,A,DoorSpread,DoorMaster,6.740000,D,S,45350.000000
Wed Jul 16 20:23:52 2025,16-Jul-2025,232352,48 23.821200 N,062 7.252500 W,4.9,41.3,A,DoorSpread,DoorMaster,6.535000,D,S,26690.000000
Wed Jul 16 20:23:52 2025,16-Jul-2025,232353,48 23.822400 N,062 7.251100 W,4.9,41.1,A,DoorSpread,DoorMaster,6.535000,D,S,26690.000000
Wed Jul 16 20:23:52 2025,16-Jul-2025,232354,48 23.823300 N,062 7.249700 W,4.9,41.0,A,DoorSpread,DoorMaster,6.535000,D,S,26690.000000
Wed Jul 16 20:23:52 2025,16-Jul-2025,232355,48 23.824400 N,062 7.248300 W,4.9,41.1,A,DoorSpread,DoorMaster,6.535000,D,S,26690.000000
Wed Jul 16 20:23:52 2025,16-Jul-2025,232356,48 23.825300 N,062 7.246800 W,4.9,41.2,A,DoorSpread,DoorMaster,6.535000,D,S,26690.000000
Wed Jul 16 20:23:58 2025,16-Jul-2025,232357,48 23.826200 N,062 7.245500 W,4.9,41.5,A,DoorSpread,DoorMaster,6.530000,D,S,35715.000000
Wed Jul 16 20:23:58 2025,16-Jul-2025,232358,48 23.827100 N,062 7.244000 W,4.9,41.9,A,DoorSpread,DoorMaster,6.530000,D,S,35715.000000
Wed Jul 16 20:23:58 2025,16-Jul-2025,232359,48 23.828000 N,062 7.242400 W,4.9,42.6,A,DoorSpread,DoorMaster,6.530000,D,S,35715.000000
Wed Jul 16 20:23:58 2025,16-Jul-2025,232400,48 23.828900 N,062 7.241000 W,4.8,42.8,A,DoorSpread,DoorMaster,6.530000,D,S,35715.000000
Wed Jul 16 20:23:58 2025,16-Jul-2025,232401,48 23.829800 N,062 7.239700 W,4.8,42.8,A,DoorSpread,DoorMaster,6.530000,D,S,35715.000000
Wed Jul 16 20:23:58 2025,16-Jul-2025,232402,48 23.830700 N,062 7.238300 W,4.8,43.2,A,DoorSpread,DoorMaster,6.530000,D,S,35715.000000
Wed Jul 16 20:24:04 2025,16-Jul-2025,232403,48 23.831600 N,062 7.236900 W,4.8,43.3,A,DoorSpread,DoorMaster,6.120000,D,S,35563.000000
Wed Jul 16 20:24:04 2025,16-Jul-2025,232404,48 23.832600 N,062 7.235600 W,4.8,43.1,A,DoorSpread,DoorMaster,6.120000,D,S,35563.000000
Wed Jul 16 20:24:04 2025,16-Jul-2025,232405,48 23.833500 N,062 7.234300 W,4.9,43.0,A,DoorSpread,DoorMaster,6.120000,D,S,35563.000000
Wed Jul 16 20:24:04 2025,16-Jul-2025,232406,48 23.834500 N,062 7.232900 W,4.9,42.9,A,DoorSpread,DoorMaster,6.120000,D,S,35563.000000
Wed Jul 16 20:24:04 2025,16-Jul-2025,232407,48 23.835500 N,062 7.231400 W,4.9,42.9,A,DoorSpread,DoorMaster,6.120000,D,S,35563.000000
Wed Jul 16 20:24:04 2025,16-Jul-2025,232408,48 23.836500 N,062 7.230000 W,4.9,42.9,A,DoorSpread,DoorMaster,6.120000,D,S,35563.000000
Wed Jul 16 20:24:04 2025,16-Jul-2025,232409,48 23.837400 N,062 7.228600 W,4.8,42.7,A,DoorSpread,DoorMaster,6.120000,D,S,35563.000000
Wed Jul 16 20:24:04 2025,16-Jul-2025,232410,48 23.838400 N,062 7.227300 W,4.8,42.7,A,DoorSpread,DoorMaster,6.120000,D,S,35563.000000
Wed Jul 16 20:24:04 2025,16-Jul-2025,232411,48 23.839200 N,062 7.226000 W,4.8,42.9,A,DoorSpread,DoorMaster,6.120000,D,S,35563.000000
Wed Jul 16 20:24:04 2025,16-Jul-2025,232412,48 23.840100 N,062 7.224700 W,4.7,43.1,A,DoorSpread,DoorMaster,6.120000,D,S,35563.000000
Wed Jul 16 20:24:04 2025,16-Jul-2025,232413,48 23.841000 N,062 7.223400 W,4.7,43.3,A,DoorSpread,DoorMaster,6.120000,D,S,35563.000000
Wed Jul 16 20:24:04 2025,16-Jul-2025,232414,48 23.842000 N,062 7.222100 W,4.8,43.3,A,DoorSpread,DoorMaster,6.120000,D,S,35563.000000
Wed Jul 16 20:24:04 2025,16-Jul-2025,232415,48 23.843000 N,062 7.220700 W,4.8,43.4,A,DoorSpread,DoorMaster,6.120000,D,S,35563.000000
Wed Jul 16 20:24:04 2025,16-Jul-2025,232416,48 23.844000 N,062 7.219300 W,4.8,43.3,A,DoorSpread,DoorMaster,6.120000,D,S,35563.000000
Wed Jul 16 20:24:04 2025,16-Jul-2025,232417,48 23.845000 N,062 7.217900 W,4.8,43.3,A,DoorSpread,DoorMaster,6.120000,D,S,35563.000000
Wed Jul 16 20:24:04 2025,16-Jul-2025,232418,48 23.846100 N,062 7.216500 W,4.9,43.3,A,DoorSpread,DoorMaster,6.120000,D,S,35563.000000
Wed Jul 16 20:24:04 2025,16-Jul-2025,232419,48 23.847000 N,062 7.215100 W,4.9,43.2,A,DoorSpread,DoorMaster,6.120000,D,S,35563.000000
Wed Jul 16 20:24:20 2025,16-Jul-2025,232420,48 23.848000 N,062 7.213700 W,4.9,43.1,A,DoorSpread,DoorMaster,6.395000,D,S,61386.000000
Wed Jul 16 20:24:20 2025,16-Jul-2025,232421,48 23.849000 N,062 7.212400 W,4.9,43.0,A,DoorSpread,DoorMaster,6.395000,D,S,61386.000000
Wed Jul 16 20:24:20 2025,16-Jul-2025,232422,48 23.850000 N,062 7.211000 W,4.9,42.9,A,DoorSpread,DoorMaster,6.395000,D,S,61386.000000
Wed Jul 16 20:24:20 2025,16-Jul-2025,232423,48 23.850900 N,062 7.209500 W,4.9,42.8,A,DoorSpread,DoorMaster,6.395000,D,S,61386.000000
Wed Jul 16 20:24:20 2025,16-Jul-2025,232424,48 23.851900 N,062 7.208200 W,4.9,42.8,A,DoorSpread,DoorMaster,6.395000,D,S,61386.000000
Wed Jul 16 20:24:20 2025,16-Jul-2025,232425,48 23.853000 N,062 7.206800 W,5.0,42.7,A,DoorSpread,DoorMaster,6.395000,D,S,61386.000000
Wed Jul 16 20:24:20 2025,16-Jul-2025,232426,48 23.854000 N,062 7.205500 W,4.9,42.6,A,DoorSpread,DoorMaster,6.395000,D,S,61386.000000
Wed Jul 16 20:24:20 2025,16-Jul-2025,232427,48 23.854900 N,062 7.204100 W,4.9,42.5,A,DoorSpread,DoorMaster,6.395000,D,S,61386.000000
Wed Jul 16 20:24:20 2025,16-Jul-2025,232428,48 23.855900 N,062 7.202700 W,4.9,42.5,A,DoorSpread,DoorMaster,6.395000,D,S,61386.000000
Wed Jul 16 20:24:20 2025,16-Jul-2025,232429,48 23.856900 N,062 7.201200 W,4.9,42.6,A,DoorSpread,DoorMaster,6.395000,D,S,61386.000000
Wed Jul 16 20:24:20 2025,16-Jul-2025,232430,48 23.857900 N,062 7.199800 W,4.9,42.8,A,DoorSpread,DoorMaster,6.395000,D,S,61386.000000
Wed Jul 16 20:24:20 2025,16-Jul-2025,232431,48 23.858900 N,062 7.198300 W,4.9,42.8,A,DoorSpread,DoorMaster,6.395000,D,S,61386.000000
Wed Jul 16 20:24:20 2025,16-Jul-2025,232432,48 23.859900 N,062 7.196900 W,4.9,42.7,A,DoorSpread,DoorMaster,6.395000,D,S,61386.000000
Wed Jul 16 20:24:20 2025,16-Jul-2025,232433,48 23.860900 N,062 7.195500 W,4.9,42.6,A,DoorSpread,DoorMaster,6.395000,D,S,61386.000000
Wed Jul 16 20:24:20 2025,16-Jul-2025,232434,48 23.862000 N,062 7.194000 W,5.0,42.6,A,DoorSpread,DoorMaster,6.395000,D,S,61386.000000
Wed Jul 16 20:24:20 2025,16-Jul-2025,232435,48 23.863100 N,062 7.192500 W,5.0,42.5,A,DoorSpread,DoorMaster,6.395000,D,S,61386.000000
Wed Jul 16 20:24:20 2025,16-Jul-2025,232436,48 23.864100 N,062 7.191100 W,5.0,42.5,A,DoorSpread,DoorMaster,6.395000,D,S,61386.000000
Wed Jul 16 20:24:20 2025,16-Jul-2025,232437,48 23.865100 N,062 7.189700 W,5.0,42.4,A,DoorSpread,DoorMaster,6.395000,D,S,61386.000000
Wed Jul 16 20:24:20 2025,16-Jul-2025,232438,48 23.866100 N,062 7.188300 W,5.0,42.4,A,DoorSpread,DoorMaster,6.395000,D,S,61386.000000
Wed Jul 16 20:24:20 2025,16-Jul-2025,232439,48 23.867100 N,062 7.186900 W,5.0,42.3,A,DoorSpread,DoorMaster,6.395000,D,S,61386.000000
Wed Jul 16 20:24:20 2025,16-Jul-2025,232440,48 23.868100 N,062 7.185500 W,5.0,42.2,A,DoorSpread,DoorMaster,6.395000,D,S,61386.000000
Wed Jul 16 20:24:20 2025,16-Jul-2025,232441,48 23.869000 N,062 7.184100 W,5.0,42.2,A,DoorSpread,DoorMaster,6.395000,D,S,61386.000000
Wed Jul 16 20:24:20 2025,16-Jul-2025,232442,48 23.869900 N,062 7.182500 W,5.0,42.2,A,DoorSpread,DoorMaster,6.395000,D,S,61386.000000
Wed Jul 16 20:24:20 2025,16-Jul-2025,232443,48 23.870800 N,062 7.181000 W,5.0,42.5,A,DoorSpread,DoorMaster,6.395000,D,S,61386.000000
Wed Jul 16 20:24:20 2025,16-Jul-2025,232444,48 23.871600 N,062 7.179400 W,5.0,42.7,A,DoorSpread,DoorMaster,6.395000,D,S,61386.000000
Wed Jul 16 20:24:20 2025,16-Jul-2025,232445,48 23.872500 N,062 7.177900 W,4.9,42.8,A,DoorSpread,DoorMaster,6.395000,D,S,61386.000000
Wed Jul 16 20:24:20 2025,16-Jul-2025,232446,48 23.873400 N,062 7.176600 W,4.9,42.8,A,DoorSpread,DoorMaster,6.395000,D,S,61386.000000
Wed Jul 16 20:24:48 2025,16-Jul-2025,232447,48 23.874400 N,062 7.175200 W,4.9,42.8,A,DoorSpread,DoorMaster,6.185000,D,S,44464.000000
Wed Jul 16 20:24:48 2025,16-Jul-2025,232448,48 23.875300 N,062 7.173800 W,5.0,42.7,A,DoorSpread,DoorMaster,6.185000,D,S,44464.000000
Wed Jul 16 20:24:48 2025,16-Jul-2025,232449,48 23.876300 N,062 7.172300 W,5.0,42.8,A,DoorSpread,DoorMaster,6.185000,D,S,44464.000000
Wed Jul 16 20:24:48 2025,16-Jul-2025,232450,48 23.877200 N,062 7.170900 W,5.0,42.9,A,DoorSpread,DoorMaster,6.185000,D,S,44464.000000
Wed Jul 16 20:24:48 2025,16-Jul-2025,232451,48 23.878000 N,062 7.169500 W,4.9,43.0,A,DoorSpread,DoorMaster,6.185000,D,S,44464.000000
Wed Jul 16 20:24:48 2025,16-Jul-2025,232452,48 23.878800 N,062 7.168200 W,4.9,43.2,A,DoorSpread,DoorMaster,6.185000,D,S,44464.000000
Wed Jul 16 20:24:48 2025,16-Jul-2025,232453,48 23.879600 N,062 7.166800 W,4.9,43.3,A,DoorSpread,DoorMaster,6.185000,D,S,44464.000000
Wed Jul 16 20:24:48 2025,16-Jul-2025,232454,48 23.880600 N,062 7.165400 W,4.9,43.5,A,DoorSpread,DoorMaster,6.185000,D,S,44464.000000
Wed Jul 16 20:24:48 2025,16-Jul-2025,232455,48 23.881600 N,062 7.164000 W,5.0,43.5,A,DoorSpread,DoorMaster,6.185000,D,S,44464.000000
Wed Jul 16 20:24:48 2025,16-Jul-2025,232456,48 23.882600 N,062 7.162600 W,5.0,43.6,A,DoorSpread,DoorMaster,6.185000,D,S,44464.000000
Wed Jul 16 20:24:48 2025,16-Jul-2025,232457,48 23.883600 N,062 7.161200 W,5.0,43.7,A,DoorSpread,DoorMaster,6.185000,D,S,44464.000000
Wed Jul 16 20:24:48 2025,16-Jul-2025,232458,48 23.884600 N,062 7.159700 W,5.0,43.8,A,DoorSpread,DoorMaster,6.185000,D,S,44464.000000
Wed Jul 16 20:24:48 2025,16-Jul-2025,232459,48 23.885600 N,062 7.158300 W,5.0,43.9,A,DoorSpread,DoorMaster,6.185000,D,S,44464.000000
Wed Jul 16 20:24:48 2025,16-Jul-2025,232500,48 23.886500 N,062 7.156800 W,5.0,44.0,A,DoorSpread,DoorMaster,6.185000,D,S,44464.000000
Wed Jul 16 20:24:48 2025,16-Jul-2025,232501,48 23.887500 N,062 7.155400 W,5.0,44.0,A,DoorSpread,DoorMaster,6.185000,D,S,44464.000000
Wed Jul 16 20:24:48 2025,16-Jul-2025,232502,48 23.888400 N,062 7.154000 W,5.0,44.1,A,DoorSpread,DoorMaster,6.185000,D,S,44464.000000
Wed Jul 16 20:24:48 2025,16-Jul-2025,232503,48 23.889300 N,062 7.152500 W,4.9,44.3,A,DoorSpread,DoorMaster,6.185000,D,S,44464.000000
Wed Jul 16 20:24:48 2025,16-Jul-2025,232504,48 23.890200 N,062 7.151100 W,4.9,44.5,A,DoorSpread,DoorMaster,6.185000,D,S,44464.000000
Wed Jul 16 20:24:48 2025,16-Jul-2025,232505,48 23.891200 N,062 7.149500 W,4.9,44.7,A,DoorSpread,DoorMaster,6.185000,D,S,44464.000000
Wed Jul 16 20:24:48 2025,16-Jul-2025,232506,48 23.892100 N,062 7.148100 W,5.0,44.7,A,DoorSpread,DoorMaster,6.185000,D,S,44464.000000
Wed Jul 16 20:24:48 2025,16-Jul-2025,232507,48 23.893200 N,062 7.146700 W,5.0,44.5,A,DoorSpread,DoorMaster,6.185000,D,S,44464.000000
Wed Jul 16 20:24:48 2025,16-Jul-2025,232508,48 23.894200 N,062 7.145300 W,4.9,44.5,A,DoorSpread,DoorMaster,6.185000,D,S,44464.000000
Wed Jul 16 20:24:48 2025,16-Jul-2025,232509,48 23.895100 N,062 7.143800 W,4.9,44.7,A,DoorSpread,DoorMaster,6.185000,D,S,44464.000000
Wed Jul 16 20:24:48 2025,16-Jul-2025,232510,48 23.896000 N,062 7.142300 W,4.9,44.6,A,DoorSpread,DoorMaster,6.185000,D,S,44464.000000
Wed Jul 16 20:24:48 2025,16-Jul-2025,232511,48 23.897100 N,062 7.140900 W,4.9,44.3,A,DoorSpread,DoorMaster,6.185000,D,S,44464.000000
Wed Jul 16 20:24:48 2025,16-Jul-2025,232512,48 23.898100 N,062 7.139600 W,4.9,44.0,A,DoorSpread,DoorMaster,6.185000,D,S,44464.000000
Wed Jul 16 20:24:48 2025,16-Jul-2025,232513,48 23.899100 N,062 7.138200 W,4.9,43.7,A,DoorSpread,DoorMaster,6.185000,D,S,44464.000000
Wed Jul 16 20:24:48 2025,16-Jul-2025,232514,48 23.900100 N,062 7.136900 W,4.9,43.6,A,DoorSpread,DoorMaster,6.185000,D,S,44464.000000
Wed Jul 16 20:24:48 2025,16-Jul-2025,232515,48 23.901000 N,062 7.135600 W,4.9,43.5,A,DoorSpread,DoorMaster,6.185000,D,S,44464.000000
Wed Jul 16 20:24:48 2025,16-Jul-2025,232516,48 23.901900 N,062 7.134300 W,4.9,43.6,A,DoorSpread,DoorMaster,6.185000,D,S,44464.000000
Wed Jul 16 20:24:48 2025,16-Jul-2025,232517,48 23.902900 N,062 7.132900 W,4.9,43.8,A,DoorSpread,DoorMaster,6.185000,D,S,44464.000000
Wed Jul 16 20:24:48 2025,16-Jul-2025,232518,48 23.903800 N,062 7.131400 W,4.9,44.1,A,DoorSpread,DoorMaster,6.185000,D,S,44464.000000
Wed Jul 16 20:24:48 2025,16-Jul-2025,232519,48 23.904700 N,062 7.129900 W,4.9,44.4,A,DoorSpread,DoorMaster,6.185000,D,S,44464.000000
Wed Jul 16 20:24:48 2025,16-Jul-2025,232520,48 23.905600 N,062 7.128500 W,4.9,44.6,A,DoorSpread,DoorMaster,6.185000,D,S,44464.000000
Wed Jul 16 20:24:48 2025,16-Jul-2025,232521,48 23.906500 N,062 7.127000 W,4.9,44.6,A,DoorSpread,DoorMaster,6.185000,D,S,44464.000000
Wed Jul 16 20:24:48 2025,16-Jul-2025,232522,48 23.907500 N,062 7.125500 W,4.9,44.8,A,DoorSpread,DoorMaster,6.185000,D,S,44464.000000
Wed Jul 16 20:24:48 2025,16-Jul-2025,232523,48 23.908400 N,062 7.124100 W,4.9,44.9,A,DoorSpread,DoorMaster,6.185000,D,S,44464.000000
Wed Jul 16 20:24:48 2025,16-Jul-2025,232524,48 23.909300 N,062 7.122700 W,4.9,44.9,A,DoorSpread,DoorMaster,6.185000,D,S,44464.000000
Wed Jul 16 20:24:48 2025,16-Jul-2025,232525,48 23.910300 N,062 7.121300 W,4.9,44.8,A,DoorSpread,DoorMaster,6.185000,D,S,44464.000000
Wed Jul 16 20:24:48 2025,16-Jul-2025,232526,48 23.911300 N,062 7.119900 W,4.9,44.7,A,DoorSpread,DoorMaster,6.185000,D,S,44464.000000
Wed Jul 16 20:24:48 2025,16-Jul-2025,232527,48 23.912200 N,062 7.118500 W,4.9,44.5,A,DoorSpread,DoorMaster,6.185000,D,S,44464.000000
Wed Jul 16 20:24:48 2025,16-Jul-2025,232528,48 23.913100 N,062 7.117200 W,4.9,44.3,A,DoorSpread,DoorMaster,6.185000,D,S,44464.000000
Wed Jul 16 20:24:48 2025,16-Jul-2025,232529,48 23.914000 N,062 7.116000 W,4.9,44.1,A,DoorSpread,DoorMaster,6.185000,D,S,44464.000000
Wed Jul 16 20:24:48 2025,16-Jul-2025,232530,48 23.915000 N,062 7.114600 W,4.9,44.1,A,DoorSpread,DoorMaster,6.185000,D,S,44464.000000
Wed Jul 16 20:25:31 2025,16-Jul-2025,232531,48 23.915900 N,062 7.113300 W,4.9,44.0,A,DoorSpread,DoorMaster,6.215000,D,S,17901.000000
Wed Jul 16 20:25:31 2025,16-Jul-2025,232532,48 23.916800 N,062 7.111900 W,4.9,43.9,A,DoorSpread,DoorMaster,6.215000,D,S,17901.000000
Wed Jul 16 20:25:31 2025,16-Jul-2025,232533,48 23.917800 N,062 7.110500 W,4.9,43.6,A,DoorSpread,DoorMaster,6.215000,D,S,17901.000000
Wed Jul 16 20:25:31 2025,16-Jul-2025,232534,48 23.918800 N,062 7.109000 W,5.0,43.4,A,DoorSpread,DoorMaster,6.215000,D,S,17901.000000
Wed Jul 16 20:25:31 2025,16-Jul-2025,232535,48 23.919800 N,062 7.107400 W,5.0,43.4,A,DoorSpread,DoorMaster,6.215000,D,S,17901.000000
Wed Jul 16 20:25:37 2025,16-Jul-2025,232536,48 23.920800 N,062 7.105900 W,4.9,43.4,A,DoorSpread,DoorMaster,6.290000,D,S,18097.000000
Wed Jul 16 20:25:37 2025,16-Jul-2025,232537,48 23.921700 N,062 7.104400 W,4.9,43.2,A,DoorSpread,DoorMaster,6.290000,D,S,18097.000000
Wed Jul 16 20:25:37 2025,16-Jul-2025,232538,48 23.922700 N,062 7.102900 W,5.0,43.2,A,DoorSpread,DoorMaster,6.290000,D,S,18097.000000
Wed Jul 16 20:25:37 2025,16-Jul-2025,232539,48 23.923800 N,062 7.101300 W,5.0,43.2,A,DoorSpread,DoorMaster,6.290000,D,S,18097.000000
Wed Jul 16 20:25:37 2025,16-Jul-2025,232540,48 23.924800 N,062 7.099800 W,5.0,43.3,A,DoorSpread,DoorMaster,6.290000,D,S,18097.000000
Wed Jul 16 20:25:37 2025,16-Jul-2025,232541,48 23.925800 N,062 7.098400 W,5.0,43.2,A,DoorSpread,DoorMaster,6.290000,D,S,18097.000000
Wed Jul 16 20:25:37 2025,16-Jul-2025,232542,48 23.926700 N,062 7.096900 W,5.0,43.0,A,DoorSpread,DoorMaster,6.290000,D,S,18097.000000
Wed Jul 16 20:25:37 2025,16-Jul-2025,232543,48 23.927700 N,062 7.095500 W,5.0,43.0,A,DoorSpread,DoorMaster,6.290000,D,S,18097.000000
Wed Jul 16 20:25:37 2025,16-Jul-2025,232544,48 23.928600 N,062 7.094000 W,5.0,43.0,A,DoorSpread,DoorMaster,6.290000,D,S,18097.000000
Wed Jul 16 20:25:37 2025,16-Jul-2025,232545,48 23.929500 N,062 7.092500 W,5.0,43.1,A,DoorSpread,DoorMaster,6.290000,D,S,18097.000000
Wed Jul 16 20:25:37 2025,16-Jul-2025,232546,48 23.930400 N,062 7.091000 W,5.0,43.1,A,DoorSpread,DoorMaster,6.290000,D,S,18097.000000
Wed Jul 16 20:25:37 2025,16-Jul-2025,232547,48 23.931400 N,062 7.089400 W,5.0,43.3,A,DoorSpread,DoorMaster,6.290000,D,S,18097.000000
Wed Jul 16 20:25:37 2025,16-Jul-2025,232548,48 23.932300 N,062 7.087900 W,5.0,43.4,A,DoorSpread,DoorMaster,6.290000,D,S,18097.000000
Wed Jul 16 20:25:37 2025,16-Jul-2025,232549,48 23.933200 N,062 7.086300 W,5.0,43.4,A,DoorSpread,DoorMaster,6.290000,D,S,18097.000000
Wed Jul 16 20:25:37 2025,16-Jul-2025,232550,48 23.934100 N,062 7.084900 W,5.0,43.6,A,DoorSpread,DoorMaster,6.290000,D,S,18097.000000
Wed Jul 16 20:25:37 2025,16-Jul-2025,232551,48 23.935000 N,062 7.083300 W,5.0,43.9,A,DoorSpread,DoorMaster,6.290000,D,S,18097.000000
Wed Jul 16 20:25:53 2025,16-Jul-2025,232552,48 23.936000 N,062 7.081800 W,5.0,44.1,A,DoorSpread,DoorMaster,6.015000,D,S,53239.000000
Wed Jul 16 20:25:53 2025,16-Jul-2025,232553,48 23.936900 N,062 7.080300 W,5.0,44.1,A,DoorSpread,DoorMaster,6.015000,D,S,53239.000000
Wed Jul 16 20:25:53 2025,16-Jul-2025,232554,48 23.937900 N,062 7.078900 W,5.0,44.2,A,DoorSpread,DoorMaster,6.015000,D,S,53239.000000
Wed Jul 16 20:25:53 2025,16-Jul-2025,232555,48 23.938800 N,062 7.077500 W,5.0,44.3,A,DoorSpread,DoorMaster,6.015000,D,S,53239.000000
Wed Jul 16 20:25:53 2025,16-Jul-2025,232556,48 23.939900 N,062 7.076100 W,5.0,44.2,A,DoorSpread,DoorMaster,6.015000,D,S,53239.000000
Wed Jul 16 20:25:53 2025,16-Jul-2025,232557,48 23.940900 N,062 7.074900 W,5.0,44.1,A,DoorSpread,DoorMaster,6.015000,D,S,53239.000000
Wed Jul 16 20:25:59 2025,16-Jul-2025,232558,48 23.941800 N,062 7.073600 W,5.0,44.1,A,DoorSpread,DoorMaster,6.315000,D,S,14373.000000
Wed Jul 16 20:25:59 2025,16-Jul-2025,232559,48 23.942700 N,062 7.072300 W,4.9,44.1,A,DoorSpread,DoorMaster,6.315000,D,S,14373.000000
Wed Jul 16 20:25:59 2025,16-Jul-2025,232600,48 23.943600 N,062 7.070900 W,4.9,44.2,A,DoorSpread,DoorMaster,6.315000,D,S,14373.000000
Wed Jul 16 20:25:59 2025,16-Jul-2025,232601,48 23.944600 N,062 7.069700 W,4.9,44.2,A,DoorSpread,DoorMaster,6.315000,D,S,14373.000000
Wed Jul 16 20:25:59 2025,16-Jul-2025,232602,48 23.945500 N,062 7.068500 W,4.9,44.1,A,DoorSpread,DoorMaster,6.315000,D,S,14373.000000
Wed Jul 16 20:25:59 2025,16-Jul-2025,232603,48 23.946400 N,062 7.067200 W,4.8,44.1,A,DoorSpread,DoorMaster,6.315000,D,S,14373.000000
Wed Jul 16 20:25:59 2025,16-Jul-2025,232604,48 23.947300 N,062 7.065800 W,4.8,44.2,A,DoorSpread,DoorMaster,6.315000,D,S,14373.000000
Wed Jul 16 20:25:59 2025,16-Jul-2025,232605,48 23.948300 N,062 7.064400 W,4.9,44.2,A,DoorSpread,DoorMaster,6.315000,D,S,14373.000000
Wed Jul 16 20:25:59 2025,16-Jul-2025,232606,48 23.949400 N,062 7.063100 W,4.9,44.0,A,DoorSpread,DoorMaster,6.315000,D,S,14373.000000
Wed Jul 16 20:25:59 2025,16-Jul-2025,232607,48 23.950400 N,062 7.061800 W,4.9,43.9,A,DoorSpread,DoorMaster,6.315000,D,S,14373.000000
Wed Jul 16 20:25:59 2025,16-Jul-2025,232608,48 23.951300 N,062 7.060400 W,4.8,43.9,A,DoorSpread,DoorMaster,6.315000,D,S,14373.000000
Wed Jul 16 20:25:59 2025,16-Jul-2025,232609,48 23.952300 N,062 7.059200 W,4.9,43.9,A,DoorSpread,DoorMaster,6.315000,D,S,14373.000000
Wed Jul 16 20:25:59 2025,16-Jul-2025,232610,48 23.953300 N,062 7.057900 W,4.9,43.9,A,DoorSpread,DoorMaster,6.315000,D,S,14373.000000
Wed Jul 16 20:25:59 2025,16-Jul-2025,232611,48 23.954300 N,062 7.056600 W,4.9,43.9,A,DoorSpread,DoorMaster,6.315000,D,S,14373.000000
Wed Jul 16 20:25:59 2025,16-Jul-2025,232612,48 23.955300 N,062 7.055300 W,4.9,43.7,A,DoorSpread,DoorMaster,6.315000,D,S,14373.000000
Wed Jul 16 20:25:59 2025,16-Jul-2025,232613,48 23.956300 N,062 7.054000 W,4.8,43.5,A,DoorSpread,DoorMaster,6.315000,D,S,14373.000000
Wed Jul 16 20:25:59 2025,16-Jul-2025,232614,48 23.957300 N,062 7.052800 W,4.9,43.5,A,DoorSpread,DoorMaster,6.315000,D,S,14373.000000
Wed Jul 16 20:25:59 2025,16-Jul-2025,232615,48 23.958300 N,062 7.051500 W,4.9,43.5,A,DoorSpread,DoorMaster,6.315000,D,S,14373.000000
Wed Jul 16 20:25:59 2025,16-Jul-2025,232616,48 23.959300 N,062 7.050300 W,4.9,43.5,A,DoorSpread,DoorMaster,6.315000,D,S,14373.000000
Wed Jul 16 20:25:59 2025,16-Jul-2025,232617,48 23.960300 N,062 7.049000 W,4.9,43.5,A,DoorSpread,DoorMaster,6.315000,D,S,14373.000000
Wed Jul 16 20:25:59 2025,16-Jul-2025,232618,48 23.961300 N,062 7.047800 W,4.9,43.6,A,DoorSpread,DoorMaster,6.315000,D,S,14373.000000
Wed Jul 16 20:25:59 2025,16-Jul-2025,232619,48 23.962200 N,062 7.046400 W,4.9,43.6,A,DoorSpread,DoorMaster,6.315000,D,S,14373.000000
Wed Jul 16 20:26:21 2025,16-Jul-2025,232620,48 23.963200 N,062 7.045000 W,4.9,43.6,A,DoorSpread,DoorMaster,6.340000,D,S,30952.000000
Wed Jul 16 20:26:21 2025,16-Jul-2025,232621,48 23.964200 N,062 7.043500 W,4.9,43.6,A,DoorSpread,DoorMaster,6.340000,D,S,30952.000000
Wed Jul 16 20:26:21 2025,16-Jul-2025,232622,48 23.965200 N,062 7.042000 W,5.0,43.7,A,DoorSpread,DoorMaster,6.340000,D,S,30952.000000
Wed Jul 16 20:26:21 2025,16-Jul-2025,232623,48 23.966200 N,062 7.040300 W,5.1,43.7,A,DoorSpread,DoorMaster,6.340000,D,S,30952.000000
Wed Jul 16 20:26:21 2025,16-Jul-2025,232624,48 23.967300 N,062 7.038800 W,5.1,43.5,A,DoorSpread,DoorMaster,6.340000,D,S,30952.000000
Wed Jul 16 20:26:21 2025,16-Jul-2025,232625,48 23.968300 N,062 7.037300 W,5.1,43.3,A,DoorSpread,DoorMaster,6.340000,D,S,30952.000000
Wed Jul 16 20:26:27 2025,16-Jul-2025,232626,48 23.969200 N,062 7.035900 W,5.0,43.3,A,DoorSpread,DoorMaster,5.905000,D,S,48546.000000
Wed Jul 16 20:26:27 2025,16-Jul-2025,232627,48 23.970000 N,062 7.034500 W,5.0,43.5,A,DoorSpread,DoorMaster,5.905000,D,S,48546.000000
Wed Jul 16 20:26:27 2025,16-Jul-2025,232628,48 23.971000 N,062 7.033100 W,5.0,43.4,A,DoorSpread,DoorMaster,5.905000,D,S,48546.000000
Wed Jul 16 20:26:27 2025,16-Jul-2025,232629,48 23.972000 N,062 7.031900 W,4.9,42.9,A,DoorSpread,DoorMaster,5.905000,D,S,48546.000000
Wed Jul 16 20:26:27 2025,16-Jul-2025,232630,48 23.973000 N,062 7.030800 W,4.9,43.0,A,DoorSpread,DoorMaster,5.905000,D,S,48546.000000
Wed Jul 16 20:26:27 2025,16-Jul-2025,232631,48 23.974000 N,062 7.029400 W,4.9,43.1,A,DoorSpread,DoorMaster,5.905000,D,S,48546.000000
Wed Jul 16 20:26:32 2025,16-Jul-2025,232632,48 23.974900 N,062 7.028000 W,4.9,43.2,A,DoorSpread,DoorMaster,6.135000,D,S,59115.000000
Wed Jul 16 20:26:32 2025,16-Jul-2025,232633,48 23.975900 N,062 7.026600 W,4.9,43.2,A,DoorSpread,DoorMaster,6.135000,D,S,59115.000000
Wed Jul 16 20:26:32 2025,16-Jul-2025,232634,48 23.976900 N,062 7.025100 W,5.0,43.2,A,DoorSpread,DoorMaster,6.135000,D,S,59115.000000
Wed Jul 16 20:26:32 2025,16-Jul-2025,232635,48 23.978000 N,062 7.023600 W,5.0,43.2,A,DoorSpread,DoorMaster,6.135000,D,S,59115.000000
Wed Jul 16 20:26:32 2025,16-Jul-2025,232636,48 23.979000 N,062 7.022100 W,5.1,43.2,A,DoorSpread,DoorMaster,6.135000,D,S,59115.000000
Wed Jul 16 20:26:32 2025,16-Jul-2025,232637,48 23.980000 N,062 7.020600 W,5.0,43.6,A,DoorSpread,DoorMaster,6.135000,D,S,59115.000000
Wed Jul 16 20:26:32 2025,16-Jul-2025,232638,48 23.980900 N,062 7.019300 W,5.0,43.8,A,DoorSpread,DoorMaster,6.135000,D,S,59115.000000
Wed Jul 16 20:26:32 2025,16-Jul-2025,232639,48 23.981800 N,062 7.018000 W,5.0,43.9,A,DoorSpread,DoorMaster,6.135000,D,S,59115.000000
Wed Jul 16 20:26:32 2025,16-Jul-2025,232640,48 23.982900 N,062 7.016600 W,5.0,43.9,A,DoorSpread,DoorMaster,6.135000,D,S,59115.000000
Wed Jul 16 20:26:32 2025,16-Jul-2025,232641,48 23.983900 N,062 7.015200 W,4.9,43.9,A,DoorSpread,DoorMaster,6.135000,D,S,59115.000000
Wed Jul 16 20:26:43 2025,16-Jul-2025,232642,48 23.984800 N,062 7.013800 W,4.9,43.9,A,DoorSpread,DoorMaster,6.715000,D,S,27903.000000
Wed Jul 16 20:26:43 2025,16-Jul-2025,232643,48 23.985800 N,062 7.012400 W,4.9,44.1,A,DoorSpread,DoorMaster,6.715000,D,S,27903.000000
Wed Jul 16 20:26:43 2025,16-Jul-2025,232644,48 23.986700 N,062 7.011100 W,4.8,44.1,A,DoorSpread,DoorMaster,6.715000,D,S,27903.000000
Wed Jul 16 20:26:43 2025,16-Jul-2025,232645,48 23.987600 N,062 7.009800 W,4.8,44.0,A,DoorSpread,DoorMaster,6.715000,D,S,27903.000000
Wed Jul 16 20:26:43 2025,16-Jul-2025,232646,48 23.988500 N,062 7.008400 W,4.8,44.0,A,DoorSpread,DoorMaster,6.715000,D,S,27903.000000
Wed Jul 16 20:26:43 2025,16-Jul-2025,232647,48 23.989400 N,062 7.006900 W,4.8,43.9,A,DoorSpread,DoorMaster,6.715000,D,S,27903.000000
Wed Jul 16 20:26:43 2025,16-Jul-2025,232648,48 23.990400 N,062 7.005500 W,4.8,43.9,A,DoorSpread,DoorMaster,6.715000,D,S,27903.000000
Wed Jul 16 20:26:43 2025,16-Jul-2025,232649,48 23.991400 N,062 7.004100 W,4.9,43.9,A,DoorSpread,DoorMaster,6.715000,D,S,27903.000000
Wed Jul 16 20:26:43 2025,16-Jul-2025,232650,48 23.992400 N,062 7.002600 W,4.8,43.9,A,DoorSpread,DoorMaster,6.715000,D,S,27903.000000
Wed Jul 16 20:26:43 2025,16-Jul-2025,232651,48 23.993300 N,062 7.001300 W,4.8,44.0,A,DoorSpread,DoorMaster,6.715000,D,S,27903.000000
Wed Jul 16 20:26:43 2025,16-Jul-2025,232652,48 23.994200 N,062 6.999800 W,4.8,43.9,A,DoorSpread,DoorMaster,6.715000,D,S,27903.000000
Wed Jul 16 20:26:54 2025,16-Jul-2025,232653,48 23.995200 N,062 6.998400 W,4.8,43.9,A,DoorSpread,DoorMaster,5.805000,D,S,24822.000000
Wed Jul 16 20:26:54 2025,16-Jul-2025,232654,48 23.996100 N,062 6.996800 W,4.8,44.1,A,DoorSpread,DoorMaster,5.805000,D,S,24822.000000
Wed Jul 16 20:26:54 2025,16-Jul-2025,232655,48 23.997000 N,062 6.995300 W,4.8,44.3,A,DoorSpread,DoorMaster,5.805000,D,S,24822.000000
Wed Jul 16 20:26:54 2025,16-Jul-2025,232656,48 23.998000 N,062 6.993800 W,4.9,44.4,A,DoorSpread,DoorMaster,5.805000,D,S,24822.000000
Wed Jul 16 20:26:54 2025,16-Jul-2025,232657,48 23.998900 N,062 6.992400 W,4.8,44.4,A,DoorSpread,DoorMaster,5.805000,D,S,24822.000000
Wed Jul 16 20:26:59 2025,16-Jul-2025,232658,48 23.999800 N,062 6.990900 W,4.9,44.4,A,DoorSpread,DoorMaster,6.190000,D,S,43487.000000
Wed Jul 16 20:26:59 2025,16-Jul-2025,232659,48 24.000800 N,062 6.989300 W,4.9,44.5,A,DoorSpread,DoorMaster,6.190000,D,S,43487.000000
Wed Jul 16 20:26:59 2025,16-Jul-2025,232700,48 24.001800 N,062 6.987900 W,4.9,44.4,A,DoorSpread,DoorMaster,6.190000,D,S,43487.000000
Wed Jul 16 20:26:59 2025,16-Jul-2025,232701,48 24.002800 N,062 6.986500 W,4.9,44.2,A,DoorSpread,DoorMaster,6.190000,D,S,43487.000000
Wed Jul 16 20:26:59 2025,16-Jul-2025,232702,48 24.003800 N,062 6.985200 W,4.9,44.1,A,DoorSpread,DoorMaster,6.190000,D,S,43487.000000
Wed Jul 16 20:26:59 2025,16-Jul-2025,232703,48 24.004800 N,062 6.983800 W,4.9,44.1,A,DoorSpread,DoorMaster,6.190000,D,S,43487.000000
Wed Jul 16 20:27:05 2025,16-Jul-2025,232704,48 24.005700 N,062 6.982300 W,4.9,44.1,A,DoorSpread,DoorMaster,5.795000,D,S,30561.000000
Wed Jul 16 20:27:05 2025,16-Jul-2025,232705,48 24.006700 N,062 6.980800 W,4.9,44.2,A,DoorSpread,DoorMaster,5.795000,D,S,30561.000000
Wed Jul 16 20:27:05 2025,16-Jul-2025,232706,48 24.007600 N,062 6.979400 W,4.9,44.3,A,DoorSpread,DoorMaster,5.795000,D,S,30561.000000
Wed Jul 16 20:27:05 2025,16-Jul-2025,232707,48 24.008600 N,062 6.977800 W,5.0,44.5,A,DoorSpread,DoorMaster,5.795000,D,S,30561.000000
Wed Jul 16 20:27:05 2025,16-Jul-2025,232708,48 24.009500 N,062 6.976300 W,4.9,44.6,A,DoorSpread,DoorMaster,5.795000,D,S,30561.000000
Wed Jul 16 20:27:10 2025,16-Jul-2025,232709,48 24.010400 N,062 6.974900 W,4.9,44.5,A,DoorSpread,DoorMaster,6.390000,D,S,21366.000000
Wed Jul 16 20:27:10 2025,16-Jul-2025,232710,48 24.011400 N,062 6.973400 W,4.9,44.6,A,DoorSpread,DoorMaster,6.390000,D,S,21366.000000
Wed Jul 16 20:27:10 2025,16-Jul-2025,232711,48 24.012400 N,062 6.972000 W,4.9,44.7,A,DoorSpread,DoorMaster,6.390000,D,S,21366.000000
Wed Jul 16 20:27:10 2025,16-Jul-2025,232712,48 24.013400 N,062 6.970700 W,4.9,44.8,A,DoorSpread,DoorMaster,6.390000,D,S,21366.000000
Wed Jul 16 20:27:10 2025,16-Jul-2025,232713,48 24.014300 N,062 6.969300 W,4.9,44.9,A,DoorSpread,DoorMaster,6.390000,D,S,21366.000000
Wed Jul 16 20:27:10 2025,16-Jul-2025,232714,48 24.015400 N,062 6.968000 W,4.9,44.8,A,DoorSpread,DoorMaster,6.390000,D,S,21366.000000
Wed Jul 16 20:27:10 2025,16-Jul-2025,232715,48 24.016500 N,062 6.966600 W,5.0,44.6,A,DoorSpread,DoorMaster,6.390000,D,S,21366.000000
Wed Jul 16 20:27:10 2025,16-Jul-2025,232716,48 24.017600 N,062 6.965100 W,5.0,44.5,A,DoorSpread,DoorMaster,6.390000,D,S,21366.000000
Wed Jul 16 20:27:10 2025,16-Jul-2025,232717,48 24.018600 N,062 6.963600 W,5.0,44.2,A,DoorSpread,DoorMaster,6.390000,D,S,21366.000000
Wed Jul 16 20:27:10 2025,16-Jul-2025,232718,48 24.019600 N,062 6.962300 W,5.0,44.0,A,DoorSpread,DoorMaster,6.390000,D,S,21366.000000
Wed Jul 16 20:27:10 2025,16-Jul-2025,232719,48 24.020500 N,062 6.960900 W,4.9,44.0,A,DoorSpread,DoorMaster,6.390000,D,S,21366.000000
Wed Jul 16 20:27:21 2025,16-Jul-2025,232720,48 24.021300 N,062 6.959500 W,4.9,44.1,A,DoorSpread,DoorMaster,6.065000,D,S,45634.000000
Wed Jul 16 20:27:21 2025,16-Jul-2025,232721,48 24.022300 N,062 6.958100 W,4.9,44.1,A,DoorSpread,DoorMaster,6.065000,D,S,45634.000000
Wed Jul 16 20:27:21 2025,16-Jul-2025,232722,48 24.023300 N,062 6.956800 W,4.9,44.0,A,DoorSpread,DoorMaster,6.065000,D,S,45634.000000
Wed Jul 16 20:27:21 2025,16-Jul-2025,232723,48 24.024300 N,062 6.955600 W,4.9,43.8,A,DoorSpread,DoorMaster,6.065000,D,S,45634.000000
Wed Jul 16 20:27:21 2025,16-Jul-2025,232724,48 24.025300 N,062 6.954200 W,5.0,43.9,A,DoorSpread,DoorMaster,6.065000,D,S,45634.000000
Wed Jul 16 20:27:21 2025,16-Jul-2025,232725,48 24.026100 N,062 6.952700 W,5.0,44.1,A,DoorSpread,DoorMaster,6.065000,D,S,45634.000000
Wed Jul 16 20:27:27 2025,16-Jul-2025,232726,48 24.027100 N,062 6.951300 W,5.0,44.2,A,DoorSpread,DoorMaster,5.835000,D,S,45938.000000
Wed Jul 16 20:27:27 2025,16-Jul-2025,232727,48 24.028000 N,062 6.949900 W,5.0,44.3,A,DoorSpread,DoorMaster,5.835000,D,S,45938.000000
Wed Jul 16 20:27:27 2025,16-Jul-2025,232728,48 24.029000 N,062 6.948500 W,5.0,44.3,A,DoorSpread,DoorMaster,5.835000,D,S,45938.000000
Wed Jul 16 20:27:27 2025,16-Jul-2025,232729,48 24.029900 N,062 6.947000 W,5.0,44.4,A,DoorSpread,DoorMaster,5.835000,D,S,45938.000000
Wed Jul 16 20:27:27 2025,16-Jul-2025,232730,48 24.030800 N,062 6.945600 W,5.0,44.6,A,DoorSpread,DoorMaster,5.835000,D,S,45938.000000
Wed Jul 16 20:27:32 2025,16-Jul-2025,232731,48 24.031700 N,062 6.944200 W,5.0,44.6,A,DoorSpread,DoorMaster,6.365000,D,S,19927.000000
Wed Jul 16 20:27:32 2025,16-Jul-2025,232732,48 24.032700 N,062 6.943000 W,5.0,44.4,A,DoorSpread,DoorMaster,6.365000,D,S,19927.000000
Wed Jul 16 20:27:32 2025,16-Jul-2025,232733,48 24.033700 N,062 6.941600 W,5.0,44.2,A,DoorSpread,DoorMaster,6.365000,D,S,19927.000000
Wed Jul 16 20:27:32 2025,16-Jul-2025,232734,48 24.034700 N,062 6.940100 W,5.0,44.2,A,DoorSpread,DoorMaster,6.365000,D,S,19927.000000
Wed Jul 16 20:27:32 2025,16-Jul-2025,232735,48 24.035700 N,062 6.938600 W,5.0,44.3,A,DoorSpread,DoorMaster,6.365000,D,S,19927.000000
Wed Jul 16 20:27:32 2025,16-Jul-2025,232736,48 24.036600 N,062 6.937400 W,5.0,44.1,A,DoorSpread,DoorMaster,6.365000,D,S,19927.000000
Wed Jul 16 20:27:38 2025,16-Jul-2025,232737,48 24.037600 N,062 6.936100 W,5.0,43.9,A,DoorSpread,DoorMaster,5.540000,D,S,35352.000000
Wed Jul 16 20:27:38 2025,16-Jul-2025,232738,48 24.038500 N,062 6.934600 W,5.0,43.8,A,DoorSpread,DoorMaster,5.540000,D,S,35352.000000
Wed Jul 16 20:27:38 2025,16-Jul-2025,232739,48 24.039400 N,062 6.933000 W,5.0,43.8,A,DoorSpread,DoorMaster,5.540000,D,S,35352.000000
Wed Jul 16 20:27:38 2025,16-Jul-2025,232740,48 24.040300 N,062 6.931400 W,5.0,43.7,A,DoorSpread,DoorMaster,5.540000,D,S,35352.000000
Wed Jul 16 20:27:38 2025,16-Jul-2025,232741,48 24.041200 N,062 6.930100 W,5.0,43.5,A,DoorSpread,DoorMaster,5.540000,D,S,35352.000000
Wed Jul 16 20:27:43 2025,16-Jul-2025,232742,48 24.042200 N,062 6.928600 W,4.9,43.3,A,DoorSpread,DoorMaster,5.730000,D,S,51549.000000
Wed Jul 16 20:27:43 2025,16-Jul-2025,232743,48 24.043100 N,062 6.927200 W,4.9,43.3,A,DoorSpread,DoorMaster,5.730000,D,S,51549.000000
Wed Jul 16 20:27:43 2025,16-Jul-2025,232744,48 24.044000 N,062 6.925700 W,4.9,43.4,A,DoorSpread,DoorMaster,5.730000,D,S,51549.000000
Wed Jul 16 20:27:43 2025,16-Jul-2025,232745,48 24.044900 N,062 6.924300 W,4.9,43.4,A,DoorSpread,DoorMaster,5.730000,D,S,51549.000000
Wed Jul 16 20:27:43 2025,16-Jul-2025,232746,48 24.045700 N,062 6.923000 W,4.9,43.4,A,DoorSpread,DoorMaster,5.730000,D,S,51549.000000
Wed Jul 16 20:27:43 2025,16-Jul-2025,232747,48 24.046600 N,062 6.921600 W,4.9,43.4,A,DoorSpread,DoorMaster,5.730000,D,S,51549.000000
Wed Jul 16 20:27:49 2025,16-Jul-2025,232748,48 24.047600 N,062 6.920400 W,4.9,43.4,A,DoorSpread,DoorMaster,6.025000,D,S,30017.000000
Wed Jul 16 20:27:49 2025,16-Jul-2025,232749,48 24.048600 N,062 6.919100 W,4.9,43.2,A,DoorSpread,DoorMaster,6.025000,D,S,30017.000000
Wed Jul 16 20:27:49 2025,16-Jul-2025,232750,48 24.049500 N,062 6.918000 W,4.9,43.3,A,DoorSpread,DoorMaster,6.025000,D,S,30017.000000
Wed Jul 16 20:27:49 2025,16-Jul-2025,232751,48 24.050500 N,062 6.916800 W,4.9,43.4,A,DoorSpread,DoorMaster,6.025000,D,S,30017.000000
Wed Jul 16 20:27:49 2025,16-Jul-2025,232752,48 24.051300 N,062 6.915600 W,4.8,43.3,A,DoorSpread,DoorMaster,6.025000,D,S,30017.000000
Wed Jul 16 20:27:49 2025,16-Jul-2025,232753,48 24.052100 N,062 6.914500 W,4.8,43.3,A,DoorSpread,DoorMaster,6.025000,D,S,30017.000000
Wed Jul 16 20:27:49 2025,16-Jul-2025,232754,48 24.053000 N,062 6.913300 W,4.8,43.4,A,DoorSpread,DoorMaster,6.025000,D,S,30017.000000
Wed Jul 16 20:27:49 2025,16-Jul-2025,232755,48 24.053900 N,062 6.912000 W,4.8,43.6,A,DoorSpread,DoorMaster,6.025000,D,S,30017.000000
Wed Jul 16 20:27:49 2025,16-Jul-2025,232756,48 24.054700 N,062 6.910700 W,4.8,43.7,A,DoorSpread,DoorMaster,6.025000,D,S,30017.000000
Wed Jul 16 20:27:49 2025,16-Jul-2025,232757,48 24.055600 N,062 6.909500 W,4.8,43.8,A,DoorSpread,DoorMaster,6.025000,D,S,30017.000000
Wed Jul 16 20:27:49 2025,16-Jul-2025,232758,48 24.056600 N,062 6.908100 W,4.8,43.7,A,DoorSpread,DoorMaster,6.025000,D,S,30017.000000
Wed Jul 16 20:27:49 2025,16-Jul-2025,232759,48 24.057500 N,062 6.906800 W,4.8,43.7,A,DoorSpread,DoorMaster,6.025000,D,S,30017.000000
Wed Jul 16 20:27:49 2025,16-Jul-2025,232800,48 24.058400 N,062 6.905400 W,4.8,44.0,A,DoorSpread,DoorMaster,6.025000,D,S,30017.000000
Wed Jul 16 20:27:49 2025,16-Jul-2025,232801,48 24.059300 N,062 6.903900 W,4.8,44.2,A,DoorSpread,DoorMaster,6.025000,D,S,30017.000000
Wed Jul 16 20:27:49 2025,16-Jul-2025,232802,48 24.060200 N,062 6.902600 W,4.8,44.2,A,DoorSpread,DoorMaster,6.025000,D,S,30017.000000
Wed Jul 16 20:27:49 2025,16-Jul-2025,232803,48 24.061200 N,062 6.901300 W,4.8,44.2,A,DoorSpread,DoorMaster,6.025000,D,S,30017.000000
Wed Jul 16 20:27:49 2025,16-Jul-2025,232804,48 24.062100 N,062 6.900000 W,4.7,44.1,A,DoorSpread,DoorMaster,6.025000,D,S,30017.000000
Wed Jul 16 20:28:05 2025,16-Jul-2025,232805,48 24.063000 N,062 6.898700 W,4.7,44.2,A,DoorSpread,DoorMaster,5.600000,D,S,67496.000000
Wed Jul 16 20:28:05 2025,16-Jul-2025,232806,48 24.063900 N,062 6.897400 W,4.7,44.2,A,DoorSpread,DoorMaster,5.600000,D,S,67496.000000
Wed Jul 16 20:28:05 2025,16-Jul-2025,232807,48 24.064800 N,062 6.896100 W,4.7,44.1,A,DoorSpread,DoorMaster,5.600000,D,S,67496.000000
Wed Jul 16 20:28:05 2025,16-Jul-2025,232808,48 24.065700 N,062 6.894800 W,4.6,44.0,A,DoorSpread,DoorMaster,5.600000,D,S,67496.000000
Wed Jul 16 20:28:05 2025,16-Jul-2025,232809,48 24.066600 N,062 6.893400 W,4.7,44.0,A,DoorSpread,DoorMaster,5.600000,D,S,67496.000000
Wed Jul 16 20:28:11 2025,16-Jul-2025,232810,48 24.067600 N,062 6.891900 W,4.7,44.1,A,DoorSpread,DoorMaster,6.255000,D,S,26000.000000
Wed Jul 16 20:28:11 2025,16-Jul-2025,232811,48 24.068500 N,062 6.890300 W,4.8,44.3,A,DoorSpread,DoorMaster,6.255000,D,S,26000.000000
Wed Jul 16 20:28:11 2025,16-Jul-2025,232812,48 24.069600 N,062 6.888900 W,4.8,44.0,A,DoorSpread,DoorMaster,6.255000,D,S,26000.000000
Wed Jul 16 20:28:11 2025,16-Jul-2025,232813,48 24.070600 N,062 6.887400 W,4.8,43.8,A,DoorSpread,DoorMaster,6.255000,D,S,26000.000000
Wed Jul 16 20:28:11 2025,16-Jul-2025,232814,48 24.071600 N,062 6.886000 W,4.8,43.6,A,DoorSpread,DoorMaster,6.255000,D,S,26000.000000
Wed Jul 16 20:28:11 2025,16-Jul-2025,232815,48 24.072600 N,062 6.884500 W,4.8,43.6,A,DoorSpread,DoorMaster,6.255000,D,S,26000.000000
Wed Jul 16 20:28:17 2025,16-Jul-2025,232816,48 24.073500 N,062 6.883000 W,4.8,43.8,A,DoorSpread,DoorMaster,5.890000,D,S,23383.000000
Wed Jul 16 20:28:17 2025,16-Jul-2025,232817,48 24.074400 N,062 6.881600 W,4.8,43.8,A,DoorSpread,DoorMaster,5.890000,D,S,23383.000000
Wed Jul 16 20:28:17 2025,16-Jul-2025,232818,48 24.075300 N,062 6.880200 W,4.8,43.8,A,DoorSpread,DoorMaster,5.890000,D,S,23383.000000
Wed Jul 16 20:28:17 2025,16-Jul-2025,232819,48 24.076200 N,062 6.879000 W,4.8,43.8,A,DoorSpread,DoorMaster,5.890000,D,S,23383.000000
Wed Jul 16 20:28:17 2025,16-Jul-2025,232820,48 24.077100 N,062 6.877800 W,4.7,43.7,A,DoorSpread,DoorMaster,5.890000,D,S,23383.000000
Wed Jul 16 20:28:22 2025,16-Jul-2025,232821,48 24.078000 N,062 6.876600 W,4.8,43.5,A,DoorSpread,DoorMaster,5.790000,D,S,45635.000000
Wed Jul 16 20:28:22 2025,16-Jul-2025,232822,48 24.079100 N,062 6.875400 W,4.8,43.3,A,DoorSpread,DoorMaster,5.790000,D,S,45635.000000
Wed Jul 16 20:28:22 2025,16-Jul-2025,232823,48 24.080100 N,062 6.874100 W,4.8,43.2,A,DoorSpread,DoorMaster,5.790000,D,S,45635.000000
Wed Jul 16 20:28:22 2025,16-Jul-2025,232824,48 24.081100 N,062 6.872800 W,4.8,43.0,A,DoorSpread,DoorMaster,5.790000,D,S,45635.000000
Wed Jul 16 20:28:22 2025,16-Jul-2025,232825,48 24.082100 N,062 6.871600 W,4.8,42.7,A,DoorSpread,DoorMaster,5.790000,D,S,45635.000000
Wed Jul 16 20:28:22 2025,16-Jul-2025,232826,48 24.083100 N,062 6.870300 W,4.8,42.6,A,DoorSpread,DoorMaster,5.790000,D,S,45635.000000
Wed Jul 16 20:28:28 2025,16-Jul-2025,232827,48 24.084200 N,062 6.869000 W,4.8,42.6,A,DoorSpread,DoorMaster,5.860000,D,S,52359.000000
Wed Jul 16 20:28:28 2025,16-Jul-2025,232828,48 24.085200 N,062 6.867700 W,4.8,42.7,A,DoorSpread,DoorMaster,5.860000,D,S,52359.000000
Wed Jul 16 20:28:28 2025,16-Jul-2025,232829,48 24.086100 N,062 6.866300 W,4.8,42.9,A,DoorSpread,DoorMaster,5.860000,D,S,52359.000000
Wed Jul 16 20:28:28 2025,16-Jul-2025,232830,48 24.087000 N,062 6.865000 W,4.8,43.1,A,DoorSpread,DoorMaster,5.860000,D,S,52359.000000
Wed Jul 16 20:28:28 2025,16-Jul-2025,232831,48 24.088000 N,062 6.863700 W,4.8,43.2,A,DoorSpread,DoorMaster,5.860000,D,S,52359.000000
Wed Jul 16 20:28:33 2025,16-Jul-2025,232832,48 24.088900 N,062 6.862300 W,4.8,43.3,A,DoorSpread,DoorMaster,5.960000,D,S,46265.000000
Wed Jul 16 20:28:33 2025,16-Jul-2025,232833,48 24.090000 N,062 6.860900 W,4.9,43.3,A,DoorSpread,DoorMaster,5.960000,D,S,46265.000000
Wed Jul 16 20:28:33 2025,16-Jul-2025,232834,48 24.091000 N,062 6.859300 W,4.9,43.6,A,DoorSpread,DoorMaster,5.960000,D,S,46265.000000
Wed Jul 16 20:28:33 2025,16-Jul-2025,232835,48 24.092000 N,062 6.857800 W,4.9,43.8,A,DoorSpread,DoorMaster,5.960000,D,S,46265.000000
Wed Jul 16 20:28:33 2025,16-Jul-2025,232836,48 24.093100 N,062 6.856500 W,5.0,43.9,A,DoorSpread,DoorMaster,5.960000,D,S,46265.000000
Wed Jul 16 20:28:33 2025,16-Jul-2025,232837,48 24.094200 N,062 6.855100 W,4.9,44.0,A,DoorSpread,DoorMaster,5.960000,D,S,46265.000000
Wed Jul 16 20:28:39 2025,16-Jul-2025,232838,48 24.095100 N,062 6.853700 W,4.9,44.0,A,DoorSpread,DoorMaster,5.950000,D,S,85568.000000
Wed Jul 16 20:28:39 2025,16-Jul-2025,232839,48 24.096100 N,062 6.852300 W,4.9,43.9,A,DoorSpread,DoorMaster,5.950000,D,S,85568.000000
Wed Jul 16 20:28:39 2025,16-Jul-2025,232840,48 24.097000 N,062 6.850800 W,4.9,43.9,A,DoorSpread,DoorMaster,5.950000,D,S,85568.000000
Wed Jul 16 20:28:39 2025,16-Jul-2025,232841,48 24.097900 N,062 6.849300 W,4.9,44.0,A,DoorSpread,DoorMaster,5.950000,D,S,85568.000000
Wed Jul 16 20:28:39 2025,16-Jul-2025,232842,48 24.098800 N,062 6.847900 W,4.9,44.0,A,DoorSpread,DoorMaster,5.950000,D,S,85568.000000
Wed Jul 16 20:28:44 2025,16-Jul-2025,232843,48 24.099800 N,062 6.846500 W,4.9,44.1,A,DoorSpread,DoorMaster,5.955000,D,S,37604.000000
Wed Jul 16 20:28:44 2025,16-Jul-2025,232844,48 24.100800 N,062 6.844900 W,4.9,44.2,A,DoorSpread,DoorMaster,5.955000,D,S,37604.000000
Wed Jul 16 20:28:44 2025,16-Jul-2025,232845,48 24.101700 N,062 6.843500 W,4.9,44.2,A,DoorSpread,DoorMaster,5.955000,D,S,37604.000000
Wed Jul 16 20:28:44 2025,16-Jul-2025,232846,48 24.102700 N,062 6.842200 W,5.0,44.0,A,DoorSpread,DoorMaster,5.955000,D,S,37604.000000
Wed Jul 16 20:28:44 2025,16-Jul-2025,232847,48 24.103800 N,062 6.840800 W,5.0,43.8,A,DoorSpread,DoorMaster,5.955000,D,S,37604.000000
Wed Jul 16 20:28:44 2025,16-Jul-2025,232848,48 24.104800 N,062 6.839400 W,5.0,43.7,A,DoorSpread,DoorMaster,5.955000,D,S,37604.000000
Wed Jul 16 20:28:50 2025,16-Jul-2025,232849,48 24.105700 N,062 6.838000 W,5.0,43.6,A,DoorSpread,DoorMaster,5.935000,D,S,45995.000000
Wed Jul 16 20:28:50 2025,16-Jul-2025,232850,48 24.106700 N,062 6.836600 W,4.9,43.5,A,DoorSpread,DoorMaster,5.935000,D,S,45995.000000
Wed Jul 16 20:28:50 2025,16-Jul-2025,232851,48 24.107700 N,062 6.835200 W,5.0,43.5,A,DoorSpread,DoorMaster,5.935000,D,S,45995.000000
Wed Jul 16 20:28:50 2025,16-Jul-2025,232852,48 24.108900 N,062 6.833800 W,5.1,43.0,A,DoorSpread,DoorMaster,5.935000,D,S,45995.000000
Wed Jul 16 20:28:50 2025,16-Jul-2025,232853,48 24.110100 N,062 6.832400 W,5.1,42.7,A,DoorSpread,DoorMaster,5.935000,D,S,45995.000000
Wed Jul 16 20:28:50 2025,16-Jul-2025,232854,48 24.111100 N,062 6.831000 W,5.1,42.5,A,DoorSpread,DoorMaster,5.935000,D,S,45995.000000
Wed Jul 16 20:28:55 2025,16-Jul-2025,232855,48 24.112000 N,062 6.829500 W,5.0,42.7,A,DoorSpread,DoorMaster,6.300000,D,S,30942.000000
Wed Jul 16 20:28:55 2025,16-Jul-2025,232856,48 24.112900 N,062 6.828000 W,5.0,43.0,A,DoorSpread,DoorMaster,6.300000,D,S,30942.000000
Wed Jul 16 20:28:55 2025,16-Jul-2025,232857,48 24.113800 N,062 6.826500 W,5.0,43.3,A,DoorSpread,DoorMaster,6.300000,D,S,30942.000000
Wed Jul 16 20:28:55 2025,16-Jul-2025,232858,48 24.114600 N,062 6.825100 W,5.0,43.6,A,DoorSpread,DoorMaster,6.300000,D,S,30942.000000
Wed Jul 16 20:28:55 2025,16-Jul-2025,232859,48 24.115600 N,062 6.823700 W,5.0,43.9,A,DoorSpread,DoorMaster,6.300000,D,S,30942.000000
Wed Jul 16 20:29:01 2025,16-Jul-2025,232900,48 24.116500 N,062 6.822300 W,4.9,44.2,A,DoorSpread,DoorMaster,5.960000,D,S,26006.000000
Wed Jul 16 20:29:01 2025,16-Jul-2025,232901,48 24.117400 N,062 6.820900 W,4.9,44.5,A,DoorSpread,DoorMaster,5.960000,D,S,26006.000000
Wed Jul 16 20:29:01 2025,16-Jul-2025,232902,48 24.118400 N,062 6.819500 W,4.9,44.6,A,DoorSpread,DoorMaster,5.960000,D,S,26006.000000
Wed Jul 16 20:29:01 2025,16-Jul-2025,232903,48 24.119300 N,062 6.818100 W,4.9,44.7,A,DoorSpread,DoorMaster,5.960000,D,S,26006.000000
Wed Jul 16 20:29:01 2025,16-Jul-2025,232904,48 24.120200 N,062 6.816800 W,4.9,44.8,A,DoorSpread,DoorMaster,5.960000,D,S,26006.000000
Wed Jul 16 20:29:01 2025,16-Jul-2025,232905,48 24.121200 N,062 6.815400 W,4.9,44.8,A,DoorSpread,DoorMaster,5.960000,D,S,26006.000000
Wed Jul 16 20:29:07 2025,16-Jul-2025,232906,48 24.122100 N,062 6.814000 W,4.9,44.8,A,DoorSpread,DoorMaster,6.065000,D,S,30927.000000
Wed Jul 16 20:29:07 2025,16-Jul-2025,232907,48 24.123000 N,062 6.812600 W,4.9,44.8,A,DoorSpread,DoorMaster,6.065000,D,S,30927.000000
Wed Jul 16 20:29:07 2025,16-Jul-2025,232908,48 24.124000 N,062 6.811100 W,4.9,44.7,A,DoorSpread,DoorMaster,6.065000,D,S,30927.000000
Wed Jul 16 20:29:07 2025,16-Jul-2025,232909,48 24.124900 N,062 6.809700 W,4.9,44.6,A,DoorSpread,DoorMaster,6.065000,D,S,30927.000000
Wed Jul 16 20:29:07 2025,16-Jul-2025,232910,48 24.125900 N,062 6.808300 W,4.9,44.6,A,DoorSpread,DoorMaster,6.065000,D,S,30927.000000
Wed Jul 16 20:29:12 2025,16-Jul-2025,232911,48 24.126800 N,062 6.806800 W,4.9,44.5,A,DoorSpread,DoorMaster,5.955000,D,S,26363.000000
Wed Jul 16 20:29:12 2025,16-Jul-2025,232912,48 24.127900 N,062 6.805400 W,4.9,44.5,A,DoorSpread,DoorMaster,5.955000,D,S,26363.000000
Wed Jul 16 20:29:12 2025,16-Jul-2025,232913,48 24.129000 N,062 6.804000 W,4.9,44.5,A,DoorSpread,DoorMaster,5.955000,D,S,26363.000000
Wed Jul 16 20:29:12 2025,16-Jul-2025,232914,48 24.130000 N,062 6.802600 W,4.9,44.5,A,DoorSpread,DoorMaster,5.955000,D,S,26363.000000
Wed Jul 16 20:29:12 2025,16-Jul-2025,232915,48 24.131000 N,062 6.801100 W,5.0,44.3,A,DoorSpread,DoorMaster,5.955000,D,S,26363.000000
Wed Jul 16 20:29:12 2025,16-Jul-2025,232916,48 24.132100 N,062 6.799800 W,5.0,44.1,A,DoorSpread,DoorMaster,5.955000,D,S,26363.000000
Wed Jul 16 20:29:18 2025,16-Jul-2025,232917,48 24.133100 N,062 6.798400 W,4.9,44.0,A,DoorSpread,DoorMaster,6.370000,D,S,17560.000000
Wed Jul 16 20:29:18 2025,16-Jul-2025,232918,48 24.134000 N,062 6.797100 W,4.9,44.0,A,DoorSpread,DoorMaster,6.370000,D,S,17560.000000
Wed Jul 16 20:29:18 2025,16-Jul-2025,232919,48 24.135000 N,062 6.795600 W,5.0,44.0,A,DoorSpread,DoorMaster,6.370000,D,S,17560.000000
Wed Jul 16 20:29:18 2025,16-Jul-2025,232920,48 24.136000 N,062 6.794100 W,5.0,44.0,A,DoorSpread,DoorMaster,6.370000,D,S,17560.000000
Wed Jul 16 20:29:18 2025,16-Jul-2025,232921,48 24.136900 N,062 6.792800 W,4.9,44.1,A,DoorSpread,DoorMaster,6.370000,D,S,17560.000000
Wed Jul 16 20:29:18 2025,16-Jul-2025,232922,48 24.137900 N,062 6.791200 W,5.0,44.3,A,DoorSpread,DoorMaster,6.370000,D,S,17560.000000
Wed Jul 16 20:29:23 2025,16-Jul-2025,232923,48 24.138900 N,062 6.789600 W,5.0,44.6,A,DoorSpread,DoorMaster,5.850000,D,S,61432.000000
Wed Jul 16 20:29:23 2025,16-Jul-2025,232924,48 24.139800 N,062 6.787900 W,5.0,45.0,A,DoorSpread,DoorMaster,5.850000,D,S,61432.000000
Wed Jul 16 20:29:23 2025,16-Jul-2025,232925,48 24.140700 N,062 6.786200 W,5.0,45.3,A,DoorSpread,DoorMaster,5.850000,D,S,61432.000000
Wed Jul 16 20:29:23 2025,16-Jul-2025,232926,48 24.141600 N,062 6.784400 W,5.0,45.6,A,DoorSpread,DoorMaster,5.850000,D,S,61432.000000
Wed Jul 16 20:29:23 2025,16-Jul-2025,232927,48 24.142500 N,062 6.782700 W,5.0,45.8,A,DoorSpread,DoorMaster,5.850000,D,S,61432.000000
Wed Jul 16 20:29:29 2025,16-Jul-2025,232928,48 24.143400 N,062 6.781100 W,5.0,45.9,A,DoorSpread,DoorMaster,6.080000,D,S,24985.000000
Wed Jul 16 20:29:29 2025,16-Jul-2025,232929,48 24.144400 N,062 6.779600 W,5.0,45.9,A,DoorSpread,DoorMaster,6.080000,D,S,24985.000000
Wed Jul 16 20:29:29 2025,16-Jul-2025,232930,48 24.145300 N,062 6.777900 W,5.0,45.9,A,DoorSpread,DoorMaster,6.080000,D,S,24985.000000
Wed Jul 16 20:29:29 2025,16-Jul-2025,232931,48 24.146300 N,062 6.776200 W,5.1,46.0,A,DoorSpread,DoorMaster,6.080000,D,S,24985.000000
Wed Jul 16 20:29:29 2025,16-Jul-2025,232932,48 24.147300 N,062 6.774700 W,5.0,45.9,A,DoorSpread,DoorMaster,6.080000,D,S,24985.000000
Wed Jul 16 20:29:29 2025,16-Jul-2025,232933,48 24.148200 N,062 6.773200 W,5.0,45.7,A,DoorSpread,DoorMaster,6.080000,D,S,24985.000000
Wed Jul 16 20:29:35 2025,16-Jul-2025,232934,48 24.149300 N,062 6.771900 W,5.0,45.4,A,DoorSpread,DoorMaster,5.820000,D,S,28170.000000
Wed Jul 16 20:29:35 2025,16-Jul-2025,232935,48 24.150300 N,062 6.770500 W,5.0,45.3,A,DoorSpread,DoorMaster,5.820000,D,S,28170.000000
Wed Jul 16 20:29:35 2025,16-Jul-2025,232936,48 24.151200 N,062 6.769100 W,5.0,45.3,A,DoorSpread,DoorMaster,5.820000,D,S,28170.000000
Wed Jul 16 20:29:35 2025,16-Jul-2025,232937,48 24.152100 N,062 6.767800 W,5.0,45.1,A,DoorSpread,DoorMaster,5.820000,D,S,28170.000000
Wed Jul 16 20:29:35 2025,16-Jul-2025,232938,48 24.153100 N,062 6.766600 W,5.0,45.0,A,DoorSpread,DoorMaster,5.820000,D,S,28170.000000
Wed Jul 16 20:29:40 2025,16-Jul-2025,232939,48 24.154100 N,062 6.765200 W,5.0,44.9,A,DoorSpread,DoorMaster,5.955000,D,S,42376.000000
Wed Jul 16 20:29:40 2025,16-Jul-2025,232940,48 24.155100 N,062 6.763800 W,5.0,44.8,A,DoorSpread,DoorMaster,5.955000,D,S,42376.000000
Wed Jul 16 20:29:40 2025,16-Jul-2025,232941,48 24.156000 N,062 6.762500 W,5.0,44.7,A,DoorSpread,DoorMaster,5.955000,D,S,42376.000000
Wed Jul 16 20:29:40 2025,16-Jul-2025,232942,48 24.156800 N,062 6.761200 W,5.0,44.6,A,DoorSpread,DoorMaster,5.955000,D,S,42376.000000
Wed Jul 16 20:29:40 2025,16-Jul-2025,232943,48 24.157800 N,062 6.759900 W,5.0,44.5,A,DoorSpread,DoorMaster,5.955000,D,S,42376.000000
Wed Jul 16 20:29:40 2025,16-Jul-2025,232944,48 24.158800 N,062 6.758500 W,5.0,44.4,A,DoorSpread,DoorMaster,5.955000,D,S,42376.000000
Wed Jul 16 20:29:46 2025,16-Jul-2025,232945,48 24.159700 N,062 6.757100 W,5.0,44.4,A,DoorSpread,DoorMaster,5.995000,D,S,39461.000000
Wed Jul 16 20:29:46 2025,16-Jul-2025,232946,48 24.160700 N,062 6.755900 W,5.0,44.2,A,DoorSpread,DoorMaster,5.995000,D,S,39461.000000
Wed Jul 16 20:29:46 2025,16-Jul-2025,232947,48 24.161700 N,062 6.754700 W,5.0,44.2,A,DoorSpread,DoorMaster,5.995000,D,S,39461.000000
Wed Jul 16 20:29:46 2025,16-Jul-2025,232948,48 24.162700 N,062 6.753300 W,5.0,44.2,A,DoorSpread,DoorMaster,5.995000,D,S,39461.000000
Wed Jul 16 20:29:46 2025,16-Jul-2025,232949,48 24.163700 N,062 6.752000 W,5.0,44.1,A,DoorSpread,DoorMaster,5.995000,D,S,39461.000000
Wed Jul 16 20:29:51 2025,16-Jul-2025,232950,48 24.164700 N,062 6.750800 W,5.0,43.9,A,DoorSpread,DoorMaster,6.115000,D,S,35890.000000
Wed Jul 16 20:29:51 2025,16-Jul-2025,232951,48 24.165800 N,062 6.749400 W,5.0,43.9,A,DoorSpread,DoorMaster,6.115000,D,S,35890.000000
Wed Jul 16 20:29:51 2025,16-Jul-2025,232952,48 24.166900 N,062 6.748100 W,4.9,43.8,A,DoorSpread,DoorMaster,6.115000,D,S,35890.000000
Wed Jul 16 20:29:51 2025,16-Jul-2025,232953,48 24.167700 N,062 6.746700 W,4.9,43.8,A,DoorSpread,DoorMaster,6.115000,D,S,35890.000000
Wed Jul 16 20:29:51 2025,16-Jul-2025,232954,48 24.168600 N,062 6.745300 W,5.0,44.0,A,DoorSpread,DoorMaster,6.115000,D,S,35890.000000
Wed Jul 16 20:29:51 2025,16-Jul-2025,232955,48 24.169500 N,062 6.743900 W,5.0,44.2,A,DoorSpread,DoorMaster,6.115000,D,S,35890.000000
Wed Jul 16 20:29:57 2025,16-Jul-2025,232956,48 24.170400 N,062 6.742500 W,5.0,44.3,A,DoorSpread,DoorMaster,5.825000,D,S,47018.000000
Wed Jul 16 20:29:57 2025,16-Jul-2025,232957,48 24.171200 N,062 6.741000 W,5.0,44.4,A,DoorSpread,DoorMaster,5.825000,D,S,47018.000000
Wed Jul 16 20:29:57 2025,16-Jul-2025,232958,48 24.172200 N,062 6.739600 W,5.1,44.4,A,DoorSpread,DoorMaster,5.825000,D,S,47018.000000
Wed Jul 16 20:29:57 2025,16-Jul-2025,232959,48 24.173200 N,062 6.738200 W,5.1,44.4,A,DoorSpread,DoorMaster,5.825000,D,S,47018.000000
Wed Jul 16 20:29:57 2025,16-Jul-2025,233000,48 24.174200 N,062 6.736700 W,5.1,44.3,A,DoorSpread,DoorMaster,5.825000,D,S,47018.000000
Wed Jul 16 20:29:57 2025,16-Jul-2025,233001,48 24.175200 N,062 6.735200 W,5.1,44.2,A,DoorSpread,DoorMaster,5.825000,D,S,47018.000000
Wed Jul 16 20:30:02 2025,16-Jul-2025,233002,48 24.176200 N,062 6.733800 W,5.1,44.0,A,DoorSpread,DoorMaster,6.060000,D,S,65569.000000
Wed Jul 16 20:30:02 2025,16-Jul-2025,233003,48 24.177200 N,062 6.732400 W,5.1,43.8,A,DoorSpread,DoorMaster,6.060000,D,S,65569.000000
Wed Jul 16 20:30:02 2025,16-Jul-2025,233004,48 24.178100 N,062 6.731100 W,5.1,43.6,A,DoorSpread,DoorMaster,6.060000,D,S,65569.000000
Wed Jul 16 20:30:02 2025,16-Jul-2025,233005,48 24.179100 N,062 6.729700 W,5.1,43.4,A,DoorSpread,DoorMaster,6.060000,D,S,65569.000000
Wed Jul 16 20:30:02 2025,16-Jul-2025,233006,48 24.179900 N,062 6.728200 W,5.1,43.5,A,DoorSpread,DoorMaster,6.060000,D,S,65569.000000
Wed Jul 16 20:30:08 2025,16-Jul-2025,233007,48 24.180900 N,062 6.726800 W,5.1,43.5,A,DoorSpread,DoorMaster,5.955000,D,S,32235.000000
Wed Jul 16 20:30:08 2025,16-Jul-2025,233008,48 24.181800 N,062 6.725500 W,5.1,43.3,A,DoorSpread,DoorMaster,5.955000,D,S,32235.000000
Wed Jul 16 20:30:08 2025,16-Jul-2025,233009,48 24.182800 N,062 6.724100 W,5.1,43.2,A,DoorSpread,DoorMaster,5.955000,D,S,32235.000000
Wed Jul 16 20:30:08 2025,16-Jul-2025,233010,48 24.183900 N,062 6.722800 W,5.1,42.9,A,DoorSpread,DoorMaster,5.955000,D,S,32235.000000
Wed Jul 16 20:30:08 2025,16-Jul-2025,233011,48 24.185000 N,062 6.721500 W,5.1,42.5,A,DoorSpread,DoorMaster,5.955000,D,S,32235.000000
Wed Jul 16 20:30:08 2025,16-Jul-2025,233012,48 24.186100 N,062 6.720200 W,5.1,42.0,A,DoorSpread,DoorMaster,5.955000,D,S,32235.000000
Wed Jul 16 20:30:14 2025,16-Jul-2025,233013,48 24.187300 N,062 6.718900 W,5.2,41.6,A,DoorSpread,DoorMaster,5.825000,D,S,27681.000000
Wed Jul 16 20:30:14 2025,16-Jul-2025,233014,48 24.188300 N,062 6.717500 W,5.2,41.5,A,DoorSpread,DoorMaster,5.825000,D,S,27681.000000
Wed Jul 16 20:30:14 2025,16-Jul-2025,233015,48 24.189300 N,062 6.716000 W,5.1,41.6,A,DoorSpread,DoorMaster,5.825000,D,S,27681.000000
Wed Jul 16 20:30:14 2025,16-Jul-2025,233016,48 24.190300 N,062 6.714700 W,5.1,41.5,A,DoorSpread,DoorMaster,5.825000,D,S,27681.000000
Wed Jul 16 20:30:14 2025,16-Jul-2025,233017,48 24.191400 N,062 6.713400 W,5.1,41.4,A,DoorSpread,DoorMaster,5.825000,D,S,27681.000000
Wed Jul 16 20:30:19 2025,16-Jul-2025,233018,48 24.192500 N,062 6.712000 W,5.1,41.5,A,DoorSpread,DoorMaster,5.940000,D,S,32615.000000
Wed Jul 16 20:30:19 2025,16-Jul-2025,233019,48 24.193400 N,062 6.710600 W,5.1,41.7,A,DoorSpread,DoorMaster,5.940000,D,S,32615.000000
Wed Jul 16 20:30:19 2025,16-Jul-2025,233020,48 24.194400 N,062 6.709200 W,5.1,41.6,A,DoorSpread,DoorMaster,5.940000,D,S,32615.000000
Wed Jul 16 20:30:19 2025,16-Jul-2025,233021,48 24.195400 N,062 6.707800 W,5.1,41.6,A,DoorSpread,DoorMaster,5.940000,D,S,32615.000000
Wed Jul 16 20:30:19 2025,16-Jul-2025,233022,48 24.196300 N,062 6.706400 W,5.0,41.7,A,DoorSpread,DoorMaster,5.940000,D,S,32615.000000
Wed Jul 16 20:30:19 2025,16-Jul-2025,233023,48 24.197200 N,062 6.705000 W,5.1,41.9,A,DoorSpread,DoorMaster,5.940000,D,S,32615.000000
Wed Jul 16 20:30:25 2025,16-Jul-2025,233024,48 24.198100 N,062 6.703600 W,5.1,42.1,A,DoorSpread,DoorMaster,5.945000,D,S,26487.000000
Wed Jul 16 20:30:25 2025,16-Jul-2025,233025,48 24.199100 N,062 6.702200 W,5.1,42.3,A,DoorSpread,DoorMaster,5.945000,D,S,26487.000000
Wed Jul 16 20:30:25 2025,16-Jul-2025,233026,48 24.200000 N,062 6.700800 W,5.1,42.4,A,DoorSpread,DoorMaster,5.945000,D,S,26487.000000
Wed Jul 16 20:30:25 2025,16-Jul-2025,233027,48 24.200900 N,062 6.699400 W,5.1,42.7,A,DoorSpread,DoorMaster,5.945000,D,S,26487.000000
Wed Jul 16 20:30:25 2025,16-Jul-2025,233028,48 24.201900 N,062 6.697800 W,5.1,42.8,A,DoorSpread,DoorMaster,5.945000,D,S,26487.000000
Wed Jul 16 20:30:30 2025,16-Jul-2025,233029,48 24.202800 N,062 6.696400 W,5.1,42.8,A,DoorSpread,DoorMaster,5.935000,D,S,28680.000000
Wed Jul 16 20:30:30 2025,16-Jul-2025,233030,48 24.203800 N,062 6.695000 W,5.1,42.8,A,DoorSpread,DoorMaster,5.935000,D,S,28680.000000
Wed Jul 16 20:30:30 2025,16-Jul-2025,233031,48 24.204600 N,062 6.693800 W,5.1,42.8,A,DoorSpread,DoorMaster,5.935000,D,S,28680.000000
Wed Jul 16 20:30:30 2025,16-Jul-2025,233032,48 24.205700 N,062 6.692500 W,5.1,42.7,A,DoorSpread,DoorMaster,5.935000,D,S,28680.000000
Wed Jul 16 20:30:30 2025,16-Jul-2025,233033,48 24.206600 N,062 6.691300 W,5.1,42.7,A,DoorSpread,DoorMaster,5.935000,D,S,28680.000000
Wed Jul 16 20:30:30 2025,16-Jul-2025,233034,48 24.207700 N,062 6.690100 W,5.1,42.7,A,DoorSpread,DoorMaster,5.935000,D,S,28680.000000
Wed Jul 16 20:30:36 2025,16-Jul-2025,233035,48 24.208600 N,062 6.688900 W,5.1,42.7,A,DoorSpread,DoorMaster,6.025000,D,S,15008.000000
Wed Jul 16 20:30:36 2025,16-Jul-2025,233036,48 24.209500 N,062 6.687600 W,5.0,42.6,A,DoorSpread,DoorMaster,6.025000,D,S,15008.000000
Wed Jul 16 20:30:36 2025,16-Jul-2025,233037,48 24.210600 N,062 6.686600 W,5.0,42.4,A,DoorSpread,DoorMaster,6.025000,D,S,15008.000000
Wed Jul 16 20:30:36 2025,16-Jul-2025,233038,48 24.211600 N,062 6.685400 W,5.0,42.2,A,DoorSpread,DoorMaster,6.025000,D,S,15008.000000
Wed Jul 16 20:30:36 2025,16-Jul-2025,233039,48 24.212500 N,062 6.684100 W,5.0,42.3,A,DoorSpread,DoorMaster,6.025000,D,S,15008.000000
Wed Jul 16 20:30:41 2025,16-Jul-2025,233040,48 24.213400 N,062 6.682900 W,4.9,42.5,A,DoorSpread,DoorMaster,5.460000,D,S,51740.000000
Wed Jul 16 20:30:41 2025,16-Jul-2025,233041,48 24.214200 N,062 6.681700 W,4.9,42.5,A,DoorSpread,DoorMaster,5.460000,D,S,51740.000000
Wed Jul 16 20:30:41 2025,16-Jul-2025,233042,48 24.215200 N,062 6.680500 W,4.9,42.4,A,DoorSpread,DoorMaster,5.460000,D,S,51740.000000
Wed Jul 16 20:30:41 2025,16-Jul-2025,233043,48 24.216000 N,062 6.679200 W,4.9,42.5,A,DoorSpread,DoorMaster,5.460000,D,S,51740.000000
Wed Jul 16 20:30:41 2025,16-Jul-2025,233044,48 24.217000 N,062 6.677900 W,4.9,42.4,A,DoorSpread,DoorMaster,5.460000,D,S,51740.000000
Wed Jul 16 20:30:41 2025,16-Jul-2025,233045,48 24.217900 N,062 6.676600 W,4.9,42.4,A,DoorSpread,DoorMaster,5.460000,D,S,51740.000000
Wed Jul 16 20:30:47 2025,16-Jul-2025,233046,48 24.218900 N,062 6.675300 W,5.0,42.3,A,DoorSpread,DoorMaster,5.910000,D,S,27891.000000
Wed Jul 16 20:30:47 2025,16-Jul-2025,233047,48 24.219900 N,062 6.674000 W,5.0,42.1,A,DoorSpread,DoorMaster,5.910000,D,S,27891.000000
Wed Jul 16 20:30:47 2025,16-Jul-2025,233048,48 24.220800 N,062 6.672600 W,5.0,42.0,A,DoorSpread,DoorMaster,5.910000,D,S,27891.000000
Wed Jul 16 20:30:47 2025,16-Jul-2025,233049,48 24.221800 N,062 6.671200 W,5.0,41.9,A,DoorSpread,DoorMaster,5.910000,D,S,27891.000000
Wed Jul 16 20:30:47 2025,16-Jul-2025,233050,48 24.222800 N,062 6.669900 W,5.0,41.8,A,DoorSpread,DoorMaster,5.910000,D,S,27891.000000
Wed Jul 16 20:30:52 2025,16-Jul-2025,233051,48 24.223700 N,062 6.668600 W,5.0,41.8,A,DoorSpread,DoorMaster,6.060000,D,S,34663.000000
Wed Jul 16 20:30:52 2025,16-Jul-2025,233052,48 24.224700 N,062 6.667300 W,5.0,41.9,A,DoorSpread,DoorMaster,6.060000,D,S,34663.000000
Wed Jul 16 20:30:52 2025,16-Jul-2025,233053,48 24.225600 N,062 6.666000 W,5.0,42.0,A,DoorSpread,DoorMaster,6.060000,D,S,34663.000000
Wed Jul 16 20:30:52 2025,16-Jul-2025,233054,48 24.226600 N,062 6.664600 W,5.0,42.2,A,DoorSpread,DoorMaster,6.060000,D,S,34663.000000
Wed Jul 16 20:30:52 2025,16-Jul-2025,233055,48 24.227500 N,062 6.663100 W,5.0,42.4,A,DoorSpread,DoorMaster,6.060000,D,S,34663.000000
Wed Jul 16 20:30:52 2025,16-Jul-2025,233056,48 24.228500 N,062 6.661700 W,5.0,42.8,A,DoorSpread,DoorMaster,6.060000,D,S,34663.000000
Wed Jul 16 20:30:58 2025,16-Jul-2025,233057,48 24.229400 N,062 6.660200 W,4.9,42.9,A,DoorSpread,DoorMaster,5.845000,D,S,32612.000000
Wed Jul 16 20:30:58 2025,16-Jul-2025,233058,48 24.230400 N,062 6.658800 W,4.9,43.1,A,DoorSpread,DoorMaster,5.845000,D,S,32612.000000
Wed Jul 16 20:30:58 2025,16-Jul-2025,233059,48 24.231300 N,062 6.657400 W,4.9,43.1,A,DoorSpread,DoorMaster,5.845000,D,S,32612.000000
Wed Jul 16 20:30:58 2025,16-Jul-2025,233100,48 24.232300 N,062 6.656000 W,5.0,43.0,A,DoorSpread,DoorMaster,5.845000,D,S,32612.000000
Wed Jul 16 20:30:58 2025,16-Jul-2025,233101,48 24.233400 N,062 6.654600 W,5.0,42.7,A,DoorSpread,DoorMaster,5.845000,D,S,32612.000000
Wed Jul 16 20:30:58 2025,16-Jul-2025,233102,48 24.234500 N,062 6.653300 W,5.0,42.5,A,DoorSpread,DoorMaster,5.845000,D,S,32612.000000
Wed Jul 16 20:31:04 2025,16-Jul-2025,233103,48 24.235400 N,062 6.652000 W,5.0,42.4,A,DoorSpread,DoorMaster,5.545000,D,S,33003.000000
Wed Jul 16 20:31:04 2025,16-Jul-2025,233104,48 24.236400 N,062 6.650600 W,5.0,42.3,A,DoorSpread,DoorMaster,5.545000,D,S,33003.000000
Wed Jul 16 20:31:04 2025,16-Jul-2025,233105,48 24.237400 N,062 6.649300 W,5.0,42.3,A,DoorSpread,DoorMaster,5.545000,D,S,33003.000000
Wed Jul 16 20:31:04 2025,16-Jul-2025,233106,48 24.238300 N,062 6.648000 W,4.9,42.5,A,DoorSpread,DoorMaster,5.545000,D,S,33003.000000
Wed Jul 16 20:31:04 2025,16-Jul-2025,233107,48 24.239200 N,062 6.646500 W,5.0,42.8,A,DoorSpread,DoorMaster,5.545000,D,S,33003.000000
Wed Jul 16 20:31:09 2025,16-Jul-2025,233108,48 24.240100 N,062 6.645000 W,5.0,43.0,A,DoorSpread,DoorMaster,6.275000,D,S,42725.000000
Wed Jul 16 20:31:09 2025,16-Jul-2025,233109,48 24.241100 N,062 6.643600 W,5.0,43.0,A,DoorSpread,DoorMaster,6.275000,D,S,42725.000000
Wed Jul 16 20:31:09 2025,16-Jul-2025,233110,48 24.242000 N,062 6.642100 W,5.0,43.2,A,DoorSpread,DoorMaster,6.275000,D,S,42725.000000
Wed Jul 16 20:31:09 2025,16-Jul-2025,233111,48 24.242900 N,062 6.640700 W,4.9,43.5,A,DoorSpread,DoorMaster,6.275000,D,S,42725.000000
Wed Jul 16 20:31:09 2025,16-Jul-2025,233112,48 24.243700 N,062 6.639200 W,4.9,43.9,A,DoorSpread,DoorMaster,6.275000,D,S,42725.000000
Wed Jul 16 20:31:09 2025,16-Jul-2025,233113,48 24.244500 N,062 6.637900 W,4.9,44.1,A,DoorSpread,DoorMaster,6.275000,D,S,42725.000000
Wed Jul 16 20:31:15 2025,16-Jul-2025,233114,48 24.245400 N,062 6.636700 W,4.9,44.0,A,DoorSpread,DoorMaster,5.745000,D,S,24756.000000
Wed Jul 16 20:31:15 2025,16-Jul-2025,233115,48 24.246300 N,062 6.635500 W,4.9,44.0,A,DoorSpread,DoorMaster,5.745000,D,S,24756.000000
Wed Jul 16 20:31:15 2025,16-Jul-2025,233116,48 24.247200 N,062 6.634100 W,4.9,44.0,A,DoorSpread,DoorMaster,5.745000,D,S,24756.000000
Wed Jul 16 20:31:15 2025,16-Jul-2025,233117,48 24.248100 N,062 6.632800 W,4.9,44.0,A,DoorSpread,DoorMaster,5.745000,D,S,24756.000000
Wed Jul 16 20:31:15 2025,16-Jul-2025,233118,48 24.249100 N,062 6.631600 W,4.9,43.9,A,DoorSpread,DoorMaster,5.745000,D,S,24756.000000
Wed Jul 16 20:31:20 2025,16-Jul-2025,233119,48 24.250100 N,062 6.630300 W,4.9,43.8,A,DoorSpread,DoorMaster,5.580000,D,S,23120.000000
Wed Jul 16 20:31:20 2025,16-Jul-2025,233120,48 24.251100 N,062 6.629000 W,4.9,43.6,A,DoorSpread,DoorMaster,5.580000,D,S,23120.000000
Wed Jul 16 20:31:20 2025,16-Jul-2025,233121,48 24.252100 N,062 6.627800 W,4.9,43.2,A,DoorSpread,DoorMaster,5.580000,D,S,23120.000000
Wed Jul 16 20:31:20 2025,16-Jul-2025,233122,48 24.253100 N,062 6.626500 W,4.8,42.8,A,DoorSpread,DoorMaster,5.580000,D,S,23120.000000
Wed Jul 16 20:31:20 2025,16-Jul-2025,233123,48 24.254000 N,062 6.625100 W,4.8,42.8,A,DoorSpread,DoorMaster,5.580000,D,S,23120.000000
Wed Jul 16 20:31:20 2025,16-Jul-2025,233124,48 24.255000 N,062 6.623700 W,4.8,42.8,A,DoorSpread,DoorMaster,5.580000,D,S,23120.000000
Wed Jul 16 20:31:26 2025,16-Jul-2025,233125,48 24.255900 N,062 6.622300 W,4.8,42.8,A,DoorSpread,DoorMaster,5.755000,D,S,37391.000000
Wed Jul 16 20:31:26 2025,16-Jul-2025,233126,48 24.256900 N,062 6.620900 W,4.8,42.8,A,DoorSpread,DoorMaster,5.755000,D,S,37391.000000
Wed Jul 16 20:31:26 2025,16-Jul-2025,233127,48 24.257900 N,062 6.619400 W,4.8,42.8,A,DoorSpread,DoorMaster,5.755000,D,S,37391.000000
Wed Jul 16 20:31:26 2025,16-Jul-2025,233128,48 24.258800 N,062 6.617900 W,4.8,43.3,A,DoorSpread,DoorMaster,5.755000,D,S,37391.000000
Wed Jul 16 20:31:26 2025,16-Jul-2025,233129,48 24.259600 N,062 6.616500 W,4.7,43.6,A,DoorSpread,DoorMaster,5.755000,D,S,37391.000000
Wed Jul 16 20:31:31 2025,16-Jul-2025,233130,48 24.260500 N,062 6.615100 W,4.7,43.9,A,DoorSpread,DoorMaster,5.945000,D,S,42230.000000
Wed Jul 16 20:31:31 2025,16-Jul-2025,233131,48 24.261300 N,062 6.613600 W,4.7,44.6,A,DoorSpread,DoorMaster,5.945000,D,S,42230.000000
Wed Jul 16 20:31:31 2025,16-Jul-2025,233132,48 24.262100 N,062 6.612200 W,4.7,44.8,A,DoorSpread,DoorMaster,5.945000,D,S,42230.000000
Wed Jul 16 20:31:31 2025,16-Jul-2025,233133,48 24.263100 N,062 6.610800 W,4.8,44.7,A,DoorSpread,DoorMaster,5.945000,D,S,42230.000000
Wed Jul 16 20:31:31 2025,16-Jul-2025,233134,48 24.264000 N,062 6.609500 W,4.7,44.5,A,DoorSpread,DoorMaster,5.945000,D,S,42230.000000
Wed Jul 16 20:31:31 2025,16-Jul-2025,233135,48 24.264900 N,062 6.608000 W,4.8,44.3,A,DoorSpread,DoorMaster,5.945000,D,S,42230.000000
Wed Jul 16 20:31:37 2025,16-Jul-2025,233136,48 24.265900 N,062 6.606500 W,4.8,44.0,A,DoorSpread,DoorMaster,5.815000,D,S,48751.000000
Wed Jul 16 20:31:37 2025,16-Jul-2025,233137,48 24.266900 N,062 6.605100 W,4.8,43.3,A,DoorSpread,DoorMaster,5.815000,D,S,48751.000000
Wed Jul 16 20:31:37 2025,16-Jul-2025,233138,48 24.267900 N,062 6.603700 W,4.8,42.7,A,DoorSpread,DoorMaster,5.815000,D,S,48751.000000
Wed Jul 16 20:31:37 2025,16-Jul-2025,233139,48 24.268900 N,062 6.602300 W,4.9,42.3,A,DoorSpread,DoorMaster,5.815000,D,S,48751.000000
Wed Jul 16 20:31:37 2025,16-Jul-2025,233140,48 24.269900 N,062 6.600900 W,4.9,42.1,A,DoorSpread,DoorMaster,5.815000,D,S,48751.000000
Wed Jul 16 20:31:37 2025,16-Jul-2025,233141,48 24.270800 N,062 6.599500 W,4.8,42.1,A,DoorSpread,DoorMaster,5.815000,D,S,48751.000000
Wed Jul 16 20:31:43 2025,16-Jul-2025,233142,48 24.271700 N,062 6.598300 W,4.8,42.1,A,DoorSpread,DoorMaster,5.725000,D,S,48116.000000
Wed Jul 16 20:31:43 2025,16-Jul-2025,233143,48 24.272600 N,062 6.596900 W,4.8,42.4,A,DoorSpread,DoorMaster,5.725000,D,S,48116.000000
Wed Jul 16 20:31:43 2025,16-Jul-2025,233144,48 24.273500 N,062 6.595600 W,4.8,42.2,A,DoorSpread,DoorMaster,5.725000,D,S,48116.000000
Wed Jul 16 20:31:43 2025,16-Jul-2025,233145,48 24.274400 N,062 6.594400 W,4.7,42.0,A,DoorSpread,DoorMaster,5.725000,D,S,48116.000000
Wed Jul 16 20:31:43 2025,16-Jul-2025,233146,48 24.275300 N,062 6.593000 W,4.7,42.3,A,DoorSpread,DoorMaster,5.725000,D,S,48116.000000
Wed Jul 16 20:31:48 2025,16-Jul-2025,233147,48 24.276200 N,062 6.591700 W,4.7,42.7,A,DoorSpread,DoorMaster,5.865000,D,S,39412.000000
Wed Jul 16 20:31:48 2025,16-Jul-2025,233148,48 24.277100 N,062 6.590300 W,4.7,42.6,A,DoorSpread,DoorMaster,5.865000,D,S,39412.000000
Wed Jul 16 20:31:48 2025,16-Jul-2025,233149,48 24.278100 N,062 6.589100 W,4.7,42.6,A,DoorSpread,DoorMaster,5.865000,D,S,39412.000000
Wed Jul 16 20:31:48 2025,16-Jul-2025,233150,48 24.279100 N,062 6.587700 W,4.8,42.7,A,DoorSpread,DoorMaster,5.865000,D,S,39412.000000
Wed Jul 16 20:31:48 2025,16-Jul-2025,233151,48 24.280000 N,062 6.586200 W,4.8,42.7,A,DoorSpread,DoorMaster,5.865000,D,S,39412.000000
Wed Jul 16 20:31:48 2025,16-Jul-2025,233152,48 24.280900 N,062 6.584800 W,4.8,42.7,A,DoorSpread,DoorMaster,5.865000,D,S,39412.000000
Wed Jul 16 20:31:54 2025,16-Jul-2025,233153,48 24.281800 N,062 6.583500 W,4.8,42.6,A,DoorSpread,DoorMaster,6.045000,D,S,26423.000000
Wed Jul 16 20:31:54 2025,16-Jul-2025,233154,48 24.282700 N,062 6.582300 W,4.8,42.4,A,DoorSpread,DoorMaster,6.045000,D,S,26423.000000
Wed Jul 16 20:31:54 2025,16-Jul-2025,233155,48 24.283500 N,062 6.580900 W,4.8,42.4,A,DoorSpread,DoorMaster,6.045000,D,S,26423.000000
Wed Jul 16 20:31:54 2025,16-Jul-2025,233156,48 24.284200 N,062 6.579500 W,4.8,42.7,A,DoorSpread,DoorMaster,6.045000,D,S,26423.000000
Wed Jul 16 20:31:54 2025,16-Jul-2025,233157,48 24.284900 N,062 6.578000 W,4.8,43.0,A,DoorSpread,DoorMaster,6.045000,D,S,26423.000000
Wed Jul 16 20:31:54 2025,16-Jul-2025,233158,48 24.285600 N,062 6.576400 W,4.7,43.0,A,DoorSpread,DoorMaster,6.045000,D,S,26423.000000
Wed Jul 16 20:31:54 2025,16-Jul-2025,233159,48 24.286300 N,062 6.575000 W,4.7,43.1,A,DoorSpread,DoorMaster,6.045000,D,S,26423.000000
Wed Jul 16 20:31:54 2025,16-Jul-2025,233200,48 24.287100 N,062 6.573400 W,4.8,43.3,A,DoorSpread,DoorMaster,6.045000,D,S,26423.000000
Wed Jul 16 20:31:54 2025,16-Jul-2025,233201,48 24.287900 N,062 6.571900 W,4.8,43.4,A,DoorSpread,DoorMaster,6.045000,D,S,26423.000000
Wed Jul 16 20:31:54 2025,16-Jul-2025,233202,48 24.288700 N,062 6.570500 W,4.8,43.5,A,DoorSpread,DoorMaster,6.045000,D,S,26423.000000
Wed Jul 16 20:32:04 2025,16-Jul-2025,233203,48 24.289500 N,062 6.569200 W,4.8,43.4,A,DoorSpread,DoorMaster,6.210000,D,S,18695.000000
Wed Jul 16 20:32:04 2025,16-Jul-2025,233204,48 24.290300 N,062 6.568000 W,4.8,43.6,A,DoorSpread,DoorMaster,6.210000,D,S,18695.000000
Wed Jul 16 20:32:04 2025,16-Jul-2025,233205,48 24.291100 N,062 6.566700 W,4.8,43.8,A,DoorSpread,DoorMaster,6.210000,D,S,18695.000000
Wed Jul 16 20:32:04 2025,16-Jul-2025,233206,48 24.292000 N,062 6.565200 W,4.9,44.0,A,DoorSpread,DoorMaster,6.210000,D,S,18695.000000
Wed Jul 16 20:32:04 2025,16-Jul-2025,233207,48 24.293000 N,062 6.563900 W,4.8,43.7,A,DoorSpread,DoorMaster,6.210000,D,S,18695.000000
Wed Jul 16 20:32:04 2025,16-Jul-2025,233208,48 24.294000 N,062 6.562700 W,4.8,43.4,A,DoorSpread,DoorMaster,6.210000,D,S,18695.000000
Wed Jul 16 20:32:04 2025,16-Jul-2025,233209,48 24.294900 N,062 6.561500 W,4.8,43.7,A,DoorSpread,DoorMaster,6.210000,D,S,18695.000000
Wed Jul 16 20:32:04 2025,16-Jul-2025,233210,48 24.295800 N,062 6.560200 W,4.8,44.1,A,DoorSpread,DoorMaster,6.210000,D,S,18695.000000
Wed Jul 16 20:32:04 2025,16-Jul-2025,233211,48 24.296600 N,062 6.558900 W,4.7,44.5,A,DoorSpread,DoorMaster,6.210000,D,S,18695.000000
Wed Jul 16 20:32:04 2025,16-Jul-2025,233212,48 24.297300 N,062 6.557500 W,4.6,45.3,A,DoorSpread,DoorMaster,6.210000,D,S,18695.000000
Wed Jul 16 20:32:04 2025,16-Jul-2025,233213,48 24.298100 N,062 6.556100 W,4.6,46.2,A,DoorSpread,DoorMaster,6.210000,D,S,18695.000000
Wed Jul 16 20:32:15 2025,16-Jul-2025,233214,48 24.298800 N,062 6.554700 W,4.6,46.8,A,DoorSpread,DoorMaster,5.835000,D,S,50311.000000
Wed Jul 16 20:32:15 2025,16-Jul-2025,233215,48 24.299800 N,062 6.553300 W,4.6,46.7,A,DoorSpread,DoorMaster,5.835000,D,S,50311.000000
Wed Jul 16 20:32:15 2025,16-Jul-2025,233216,48 24.300800 N,062 6.551900 W,4.7,45.9,A,DoorSpread,DoorMaster,5.835000,D,S,50311.000000
Wed Jul 16 20:32:15 2025,16-Jul-2025,233217,48 24.301700 N,062 6.550600 W,4.5,46.3,A,DoorSpread,DoorMaster,5.835000,D,S,50311.000000
Wed Jul 16 20:32:15 2025,16-Jul-2025,233218,48 24.302600 N,062 6.549100 W,4.6,46.2,A,DoorSpread,DoorMaster,5.835000,D,S,50311.000000
Wed Jul 16 20:32:20 2025,16-Jul-2025,233219,48 24.303600 N,062 6.547700 W,4.7,45.9,A,DoorSpread,DoorMaster,6.005000,D,S,39156.000000
Wed Jul 16 20:32:20 2025,16-Jul-2025,233220,48 24.304600 N,062 6.546400 W,4.6,45.5,A,DoorSpread,DoorMaster,6.005000,D,S,39156.000000
Wed Jul 16 20:32:20 2025,16-Jul-2025,233221,48 24.305400 N,062 6.545200 W,4.6,45.1,A,DoorSpread,DoorMaster,6.005000,D,S,39156.000000
Wed Jul 16 20:32:20 2025,16-Jul-2025,233222,48 24.306300 N,062 6.543900 W,4.6,44.5,A,DoorSpread,DoorMaster,6.005000,D,S,39156.000000
Wed Jul 16 20:32:20 2025,16-Jul-2025,233223,48 24.307300 N,062 6.542600 W,4.5,44.1,A,DoorSpread,DoorMaster,6.005000,D,S,39156.000000
Wed Jul 16 20:32:20 2025,16-Jul-2025,233224,48 24.308100 N,062 6.541300 W,4.5,44.0,A,DoorSpread,DoorMaster,6.005000,D,S,39156.000000
Wed Jul 16 20:32:26 2025,16-Jul-2025,233225,48 24.309000 N,062 6.540000 W,4.5,44.1,A,DoorSpread,DoorMaster,6.055000,D,S,23181.000000
Wed Jul 16 20:32:26 2025,16-Jul-2025,233226,48 24.309900 N,062 6.538800 W,4.6,44.0,A,DoorSpread,DoorMaster,6.055000,D,S,23181.000000
Wed Jul 16 20:32:26 2025,16-Jul-2025,233227,48 24.310900 N,062 6.537500 W,4.6,44.0,A,DoorSpread,DoorMaster,6.055000,D,S,23181.000000
Wed Jul 16 20:32:26 2025,16-Jul-2025,233228,48 24.311700 N,062 6.536200 W,4.6,44.3,A,DoorSpread,DoorMaster,6.055000,D,S,23181.000000
Wed Jul 16 20:32:26 2025,16-Jul-2025,233229,48 24.312400 N,062 6.534900 W,4.5,45.6,A,DoorSpread,DoorMaster,6.055000,D,S,23181.000000
Wed Jul 16 20:32:26 2025,16-Jul-2025,233230,48 24.313100 N,062 6.533700 W,4.5,46.3,A,DoorSpread,DoorMaster,6.055000,D,S,23181.000000
Wed Jul 16 20:32:31 2025,16-Jul-2025,233231,48 24.314000 N,062 6.532500 W,4.5,46.6,A,DoorSpread,DoorMaster,5.920000,D,S,32659.000000
Wed Jul 16 20:32:31 2025,16-Jul-2025,233232,48 24.314800 N,062 6.531100 W,4.5,46.8,A,DoorSpread,DoorMaster,5.920000,D,S,32659.000000
Wed Jul 16 20:32:31 2025,16-Jul-2025,233233,48 24.315600 N,062 6.529900 W,4.5,46.6,A,DoorSpread,DoorMaster,5.920000,D,S,32659.000000
Wed Jul 16 20:32:31 2025,16-Jul-2025,233234,48 24.316400 N,062 6.528900 W,4.5,46.1,A,DoorSpread,DoorMaster,5.920000,D,S,32659.000000
Wed Jul 16 20:32:31 2025,16-Jul-2025,233235,48 24.317300 N,062 6.527700 W,4.5,45.8,A,DoorSpread,DoorMaster,5.920000,D,S,32659.000000
Wed Jul 16 20:32:37 2025,16-Jul-2025,233236,48 24.318300 N,062 6.526400 W,4.5,45.5,A,DoorSpread,DoorMaster,5.895000,D,S,30595.000000
Wed Jul 16 20:32:37 2025,16-Jul-2025,233237,48 24.319300 N,062 6.525300 W,4.5,45.3,A,DoorSpread,DoorMaster,5.895000,D,S,30595.000000
Wed Jul 16 20:32:37 2025,16-Jul-2025,233238,48 24.320500 N,062 6.524300 W,4.6,44.4,A,DoorSpread,DoorMaster,5.895000,D,S,30595.000000
Wed Jul 16 20:32:37 2025,16-Jul-2025,233239,48 24.321600 N,062 6.523300 W,4.5,44.1,A,DoorSpread,DoorMaster,5.895000,D,S,30595.000000
Wed Jul 16 20:32:37 2025,16-Jul-2025,233240,48 24.322500 N,062 6.522200 W,4.5,44.0,A,DoorSpread,DoorMaster,5.895000,D,S,30595.000000
Wed Jul 16 20:32:37 2025,16-Jul-2025,233241,48 24.323300 N,062 6.521100 W,4.4,43.9,A,DoorSpread,DoorMaster,5.895000,D,S,30595.000000
Wed Jul 16 20:32:43 2025,16-Jul-2025,233242,48 24.324000 N,062 6.520100 W,4.2,43.8,A,DoorSpread,DoorMaster,5.895000,D,S,20983.000000
Wed Jul 16 20:32:43 2025,16-Jul-2025,233243,48 24.324600 N,062 6.519000 W,4.0,43.8,A,DoorSpread,DoorMaster,5.895000,D,S,20983.000000
Wed Jul 16 20:32:43 2025,16-Jul-2025,233244,48 24.325100 N,062 6.518100 W,3.8,44.0,A,DoorSpread,DoorMaster,5.895000,D,S,20983.000000
Wed Jul 16 20:32:43 2025,16-Jul-2025,233245,48 24.325800 N,062 6.517100 W,3.7,44.1,A,DoorSpread,DoorMaster,5.895000,D,S,20983.000000
Wed Jul 16 20:32:43 2025,16-Jul-2025,233246,48 24.326300 N,062 6.516300 W,3.5,44.1,A,DoorSpread,DoorMaster,5.895000,D,S,20983.000000
Wed Jul 16 20:32:49 2025,16-Jul-2025,233247,48 24.326800 N,062 6.515600 W,3.3,44.1,A,DoorSpread,DoorMaster,6.010000,D,S,44429.000000
Wed Jul 16 20:32:49 2025,16-Jul-2025,233248,48 24.327200 N,062 6.514700 W,3.1,44.2,A,DoorSpread,DoorMaster,6.010000,D,S,44429.000000
Wed Jul 16 20:32:49 2025,16-Jul-2025,233249,48 24.327600 N,062 6.513900 W,3.0,44.2,A,DoorSpread,DoorMaster,6.010000,D,S,44429.000000
Wed Jul 16 20:32:49 2025,16-Jul-2025,233250,48 24.328000 N,062 6.513300 W,2.9,43.9,A,DoorSpread,DoorMaster,6.010000,D,S,44429.000000
Wed Jul 16 20:32:49 2025,16-Jul-2025,233251,48 24.328500 N,062 6.512900 W,2.7,43.7,A,DoorSpread,DoorMaster,6.010000,D,S,44429.000000
Wed Jul 16 20:32:49 2025,16-Jul-2025,233252,48 24.328900 N,062 6.512200 W,2.6,43.9,A,DoorSpread,DoorMaster,6.010000,D,S,44429.000000
Wed Jul 16 20:32:54 2025,16-Jul-2025,233253,48 24.329200 N,062 6.511300 W,2.6,44.3,A,DoorSpread,DoorMaster,5.805000,D,S,22871.000000
Wed Jul 16 20:32:54 2025,16-Jul-2025,233254,48 24.329800 N,062 6.510500 W,2.6,44.0,A,DoorSpread,DoorMaster,5.805000,D,S,22871.000000
Wed Jul 16 20:32:54 2025,16-Jul-2025,233255,48 24.330300 N,062 6.509900 W,2.5,43.7,A,DoorSpread,DoorMaster,5.805000,D,S,22871.000000
Wed Jul 16 20:32:54 2025,16-Jul-2025,233256,48 24.330800 N,062 6.509200 W,2.5,43.7,A,DoorSpread,DoorMaster,5.805000,D,S,22871.000000
Wed Jul 16 20:32:54 2025,16-Jul-2025,233257,48 24.331300 N,062 6.508400 W,2.4,43.9,A,DoorSpread,DoorMaster,5.805000,D,S,22871.000000
Wed Jul 16 20:32:54 2025,16-Jul-2025,233258,48 24.331800 N,062 6.507600 W,2.4,44.0,A,DoorSpread,DoorMaster,5.805000,D,S,22871.000000
Wed Jul 16 20:33:00 2025,16-Jul-2025,233259,48 24.332200 N,062 6.506900 W,2.4,44.0,A,DoorSpread,DoorMaster,5.585000,D,P,12432.000000
Wed Jul 16 20:33:00 2025,16-Jul-2025,233300,48 24.332700 N,062 6.506400 W,2.3,43.9,A,DoorSpread,DoorMaster,5.585000,D,P,12432.000000
Wed Jul 16 20:33:00 2025,16-Jul-2025,233301,48 24.333100 N,062 6.505800 W,2.4,43.6,A,DoorSpread,DoorMaster,5.585000,D,P,12432.000000
Wed Jul 16 20:33:00 2025,16-Jul-2025,233302,48 24.333700 N,062 6.505200 W,2.4,43.2,A,DoorSpread,DoorMaster,5.585000,D,P,12432.000000
Wed Jul 16 20:33:00 2025,16-Jul-2025,233303,48 24.334100 N,062 6.504700 W,2.3,43.0,A,DoorSpread,DoorMaster,5.585000,D,P,12432.000000
Wed Jul 16 20:33:05 2025,16-Jul-2025,233304,48 24.334400 N,062 6.504200 W,2.2,42.8,A,DoorSpread,DoorMaster,5.640000,D,S,25437.000000
Wed Jul 16 20:33:05 2025,16-Jul-2025,233305,48 24.334800 N,062 6.503600 W,2.2,42.6,A,DoorSpread,DoorMaster,5.640000,D,S,25437.000000
Wed Jul 16 20:33:05 2025,16-Jul-2025,233306,48 24.335300 N,062 6.503000 W,2.2,42.7,A,DoorSpread,DoorMaster,5.640000,D,S,25437.000000
Wed Jul 16 20:33:05 2025,16-Jul-2025,233307,48 24.335600 N,062 6.502400 W,2.2,43.0,A,DoorSpread,DoorMaster,5.640000,D,S,25437.000000
Wed Jul 16 20:33:05 2025,16-Jul-2025,233308,48 24.336000 N,062 6.501800 W,2.2,42.9,A,DoorSpread,DoorMaster,5.640000,D,S,25437.000000
Wed Jul 16 20:33:11 2025,16-Jul-2025,233309,48 24.336300 N,062 6.501200 W,2.2,43.0,A,DoorSpread,DoorMaster,5.550000,D,P,26991.000000
Wed Jul 16 20:33:11 2025,16-Jul-2025,233310,48 24.336700 N,062 6.500400 W,2.1,43.3,A,DoorSpread,DoorMaster,5.550000,D,P,26991.000000
Wed Jul 16 20:33:11 2025,16-Jul-2025,233311,48 24.337000 N,062 6.499600 W,2.1,43.5,A,DoorSpread,DoorMaster,5.550000,D,P,26991.000000
Wed Jul 16 20:33:11 2025,16-Jul-2025,233312,48 24.337400 N,062 6.498900 W,2.1,43.5,A,DoorSpread,DoorMaster,5.550000,D,P,26991.000000
Wed Jul 16 20:33:11 2025,16-Jul-2025,233313,48 24.337900 N,062 6.498200 W,2.1,43.4,A,DoorSpread,DoorMaster,5.550000,D,P,26991.000000
Wed Jul 16 20:33:11 2025,16-Jul-2025,233314,48 24.338400 N,062 6.497300 W,2.1,43.5,A,DoorSpread,DoorMaster,5.550000,D,P,26991.000000
Wed Jul 16 20:33:16 2025,16-Jul-2025,233315,48 24.338700 N,062 6.496600 W,2.1,43.5,A,DoorSpread,DoorMaster,5.610000,D,P,9588.000000
Wed Jul 16 20:33:16 2025,16-Jul-2025,233316,48 24.339200 N,062 6.496000 W,2.1,43.1,A,DoorSpread,DoorMaster,5.610000,D,P,9588.000000
Wed Jul 16 20:33:16 2025,16-Jul-2025,233317,48 24.339700 N,062 6.495400 W,2.2,42.3,A,DoorSpread,DoorMaster,5.610000,D,P,9588.000000
Wed Jul 16 20:33:16 2025,16-Jul-2025,233318,48 24.340200 N,062 6.494700 W,2.2,42.0,A,DoorSpread,DoorMaster,5.610000,D,P,9588.000000
Wed Jul 16 20:33:16 2025,16-Jul-2025,233319,48 24.340600 N,062 6.494200 W,2.2,41.7,A,DoorSpread,DoorMaster,5.610000,D,P,9588.000000
Wed Jul 16 20:33:22 2025,16-Jul-2025,233320,48 24.341000 N,062 6.493700 W,2.2,41.6,A,DoorSpread,DoorMaster,4.975000,D,S,35371.000000
Wed Jul 16 20:33:22 2025,16-Jul-2025,233321,48 24.341400 N,062 6.493100 W,2.2,41.5,A,DoorSpread,DoorMaster,4.975000,D,S,35371.000000
Wed Jul 16 20:33:22 2025,16-Jul-2025,233322,48 24.341700 N,062 6.492500 W,2.1,41.6,A,DoorSpread,DoorMaster,4.975000,D,S,35371.000000
Wed Jul 16 20:33:22 2025,16-Jul-2025,233323,48 24.342100 N,062 6.491900 W,2.1,41.7,A,DoorSpread,DoorMaster,4.975000,D,S,35371.000000
Wed Jul 16 20:33:22 2025,16-Jul-2025,233324,48 24.342500 N,062 6.491400 W,2.2,41.7,A,DoorSpread,DoorMaster,4.975000,D,S,35371.000000
Wed Jul 16 20:33:22 2025,16-Jul-2025,233325,48 24.342900 N,062 6.490900 W,2.2,41.3,A,DoorSpread,DoorMaster,4.975000,D,S,35371.000000
Wed Jul 16 20:33:27 2025,16-Jul-2025,233326,48 24.343400 N,062 6.490400 W,2.2,40.9,A,DoorSpread,DoorMaster,5.395000,D,P,32816.000000
Wed Jul 16 20:33:27 2025,16-Jul-2025,233327,48 24.343900 N,062 6.489900 W,2.2,40.7,A,DoorSpread,DoorMaster,5.395000,D,P,32816.000000
Wed Jul 16 20:33:27 2025,16-Jul-2025,233328,48 24.344300 N,062 6.489300 W,2.2,40.5,A,DoorSpread,DoorMaster,5.395000,D,P,32816.000000
Wed Jul 16 20:33:27 2025,16-Jul-2025,233329,48 24.344700 N,062 6.488800 W,2.2,40.1,A,DoorSpread,DoorMaster,5.395000,D,P,32816.000000
Wed Jul 16 20:33:27 2025,16-Jul-2025,233330,48 24.345100 N,062 6.488100 W,2.2,40.0,A,DoorSpread,DoorMaster,5.395000,D,P,32816.000000
Wed Jul 16 20:33:27 2025,16-Jul-2025,233331,48 24.345500 N,062 6.487600 W,2.2,40.2,A,DoorSpread,DoorMaster,5.395000,D,P,32816.000000
Wed Jul 16 20:33:33 2025,16-Jul-2025,233332,48 24.345900 N,062 6.487000 W,2.3,40.4,A,DoorSpread,DoorMaster,5.490000,D,S,30729.000000
Wed Jul 16 20:33:33 2025,16-Jul-2025,233333,48 24.346400 N,062 6.486500 W,2.3,40.5,A,DoorSpread,DoorMaster,5.490000,D,S,30729.000000
Wed Jul 16 20:33:33 2025,16-Jul-2025,233334,48 24.346900 N,062 6.485900 W,2.3,40.7,A,DoorSpread,DoorMaster,5.490000,D,S,30729.000000
Wed Jul 16 20:33:33 2025,16-Jul-2025,233335,48 24.347200 N,062 6.485300 W,2.2,41.5,A,DoorSpread,DoorMaster,5.490000,D,S,30729.000000
Wed Jul 16 20:33:33 2025,16-Jul-2025,233336,48 24.347600 N,062 6.484600 W,2.3,42.0,A,DoorSpread,DoorMaster,5.490000,D,S,30729.000000
Wed Jul 16 20:33:38 2025,16-Jul-2025,233337,48 24.348200 N,062 6.483900 W,2.3,41.9,A,DoorSpread,DoorMaster,5.510000,D,P,22104.000000
Wed Jul 16 20:33:38 2025,16-Jul-2025,233338,48 24.348700 N,062 6.483300 W,2.3,41.8,A,DoorSpread,DoorMaster,5.510000,D,P,22104.000000
Wed Jul 16 20:33:38 2025,16-Jul-2025,233339,48 24.349200 N,062 6.482800 W,2.3,41.8,A,DoorSpread,DoorMaster,5.510000,D,P,22104.000000
Wed Jul 16 20:33:38 2025,16-Jul-2025,233340,48 24.349700 N,062 6.482200 W,2.3,41.6,A,DoorSpread,DoorMaster,5.510000,D,P,22104.000000
Wed Jul 16 20:33:38 2025,16-Jul-2025,233341,48 24.350200 N,062 6.481700 W,2.3,41.5,A,DoorSpread,DoorMaster,5.510000,D,P,22104.000000
Wed Jul 16 20:33:38 2025,16-Jul-2025,233342,48 24.350800 N,062 6.481100 W,2.3,41.6,A,DoorSpread,DoorMaster,5.510000,D,P,22104.000000
Wed Jul 16 20:33:44 2025,16-Jul-2025,233343,48 24.351200 N,062 6.480500 W,2.3,41.6,A,DoorSpread,DoorMaster,5.470000,D,P,26802.000000
Wed Jul 16 20:33:44 2025,16-Jul-2025,233344,48 24.351600 N,062 6.479800 W,2.3,41.7,A,DoorSpread,DoorMaster,5.470000,D,P,26802.000000
Wed Jul 16 20:33:44 2025,16-Jul-2025,233345,48 24.352000 N,062 6.479100 W,2.4,41.9,A,DoorSpread,DoorMaster,5.470000,D,P,26802.000000
Wed Jul 16 20:33:44 2025,16-Jul-2025,233346,48 24.352500 N,062 6.478500 W,2.4,42.1,A,DoorSpread,DoorMaster,5.470000,D,P,26802.000000
Wed Jul 16 20:33:44 2025,16-Jul-2025,233347,48 24.352900 N,062 6.477900 W,2.4,42.1,A,DoorSpread,DoorMaster,5.470000,D,P,26802.000000
Wed Jul 16 20:33:49 2025,16-Jul-2025,233348,48 24.353300 N,062 6.477200 W,2.4,42.2,A,DoorSpread,DoorMaster,5.430000,D,P,28205.000000
Wed Jul 16 20:33:49 2025,16-Jul-2025,233349,48 24.353800 N,062 6.476400 W,2.4,42.4,A,DoorSpread,DoorMaster,5.430000,D,P,28205.000000
Wed Jul 16 20:33:49 2025,16-Jul-2025,233350,48 24.354200 N,062 6.475600 W,2.4,42.4,A,DoorSpread,DoorMaster,5.430000,D,P,28205.000000
Wed Jul 16 20:33:49 2025,16-Jul-2025,233351,48 24.354700 N,062 6.475000 W,2.4,42.5,A,DoorSpread,DoorMaster,5.430000,D,P,28205.000000
Wed Jul 16 20:33:49 2025,16-Jul-2025,233352,48 24.355100 N,062 6.474300 W,2.4,42.5,A,DoorSpread,DoorMaster,5.430000,D,P,28205.000000
Wed Jul 16 20:33:49 2025,16-Jul-2025,233353,48 24.355600 N,062 6.473600 W,2.4,42.6,A,DoorSpread,DoorMaster,5.430000,D,P,28205.000000
Wed Jul 16 20:33:49 2025,16-Jul-2025,233354,48 24.356100 N,062 6.472900 W,2.5,42.9,A,DoorSpread,DoorMaster,5.430000,D,P,28205.000000
Wed Jul 16 20:33:49 2025,16-Jul-2025,233355,48 24.356500 N,062 6.472200 W,2.5,42.9,A,DoorSpread,DoorMaster,5.430000,D,P,28205.000000
Wed Jul 16 20:33:49 2025,16-Jul-2025,233356,48 24.357000 N,062 6.471500 W,2.5,42.7,A,DoorSpread,DoorMaster,5.430000,D,P,28205.000000
Wed Jul 16 20:33:49 2025,16-Jul-2025,233357,48 24.357500 N,062 6.470900 W,2.5,42.6,A,DoorSpread,DoorMaster,5.430000,D,P,28205.000000
Wed Jul 16 20:33:49 2025,16-Jul-2025,233358,48 24.357900 N,062 6.470100 W,2.5,42.9,A,DoorSpread,DoorMaster,5.430000,D,P,28205.000000
Wed Jul 16 20:33:49 2025,16-Jul-2025,233359,48 24.358300 N,062 6.469400 W,2.5,42.9,A,DoorSpread,DoorMaster,5.430000,D,P,28205.000000
Wed Jul 16 20:33:49 2025,16-Jul-2025,233400,48 24.358800 N,062 6.468800 W,2.6,42.4,A,DoorSpread,DoorMaster,5.430000,D,P,28205.000000
Wed Jul 16 20:33:49 2025,16-Jul-2025,233401,48 24.359300 N,062 6.468200 W,2.5,42.0,A,DoorSpread,DoorMaster,5.430000,D,P,28205.000000
Wed Jul 16 20:33:49 2025,16-Jul-2025,233402,48 24.359800 N,062 6.467500 W,2.5,42.0,A,DoorSpread,DoorMaster,5.430000,D,P,28205.000000
Wed Jul 16 20:33:49 2025,16-Jul-2025,233403,48 24.360200 N,062 6.466800 W,2.5,42.4,A,DoorSpread,DoorMaster,5.430000,D,P,28205.000000
Wed Jul 16 20:33:49 2025,16-Jul-2025,233404,48 24.360500 N,062 6.466200 W,2.4,42.5,A,DoorSpread,DoorMaster,5.430000,D,P,28205.000000
Wed Jul 16 20:34:06 2025,16-Jul-2025,233405,48 24.361000 N,062 6.465600 W,2.4,42.6,A,DoorSpread,DoorMaster,5.570000,D,S,12928.000000
Wed Jul 16 20:34:06 2025,16-Jul-2025,233406,48 24.361600 N,062 6.464900 W,2.4,42.8,A,DoorSpread,DoorMaster,5.570000,D,S,12928.000000
Wed Jul 16 20:34:06 2025,16-Jul-2025,233407,48 24.362100 N,062 6.464200 W,2.5,42.7,A,DoorSpread,DoorMaster,5.570000,D,S,12928.000000
Wed Jul 16 20:34:06 2025,16-Jul-2025,233408,48 24.362600 N,062 6.463600 W,2.4,42.5,A,DoorSpread,DoorMaster,5.570000,D,S,12928.000000
Wed Jul 16 20:34:06 2025,16-Jul-2025,233409,48 24.363100 N,062 6.463100 W,2.5,42.2,A,DoorSpread,DoorMaster,5.570000,D,S,12928.000000
Wed Jul 16 20:34:12 2025,16-Jul-2025,233410,48 24.363700 N,062 6.462400 W,2.5,42.2,A,DoorSpread,DoorMaster,4.940000,D,S,23545.000000
Wed Jul 16 20:34:12 2025,16-Jul-2025,233411,48 24.364100 N,062 6.461800 W,2.4,42.4,A,DoorSpread,DoorMaster,4.940000,D,S,23545.000000
Wed Jul 16 20:34:12 2025,16-Jul-2025,233412,48 24.364500 N,062 6.461300 W,2.4,42.5,A,DoorSpread,DoorMaster,4.940000,D,S,23545.000000
Wed Jul 16 20:34:12 2025,16-Jul-2025,233413,48 24.364900 N,062 6.460700 W,2.3,42.5,A,DoorSpread,DoorMaster,4.940000,D,S,23545.000000
Wed Jul 16 20:34:12 2025,16-Jul-2025,233414,48 24.365400 N,062 6.460200 W,2.3,42.5,A,DoorSpread,DoorMaster,4.940000,D,S,23545.000000
Wed Jul 16 20:34:12 2025,16-Jul-2025,233415,48 24.365800 N,062 6.459600 W,2.3,42.6,A,DoorSpread,DoorMaster,4.940000,D,S,23545.000000
Wed Jul 16 20:34:17 2025,16-Jul-2025,233416,48 24.366200 N,062 6.459300 W,2.3,42.3,A,DoorSpread,DoorMaster,5.095000,D,P,21249.000000
Wed Jul 16 20:34:17 2025,16-Jul-2025,233417,48 24.366700 N,062 6.458900 W,2.4,41.4,A,DoorSpread,DoorMaster,5.095000,D,P,21249.000000
Wed Jul 16 20:34:17 2025,16-Jul-2025,233418,48 24.367200 N,062 6.458400 W,2.4,41.1,A,DoorSpread,DoorMaster,5.095000,D,P,21249.000000
Wed Jul 16 20:34:17 2025,16-Jul-2025,233419,48 24.367500 N,062 6.457800 W,2.3,41.3,A,DoorSpread,DoorMaster,5.095000,D,P,21249.000000
Wed Jul 16 20:34:17 2025,16-Jul-2025,233420,48 24.367900 N,062 6.457200 W,2.3,41.2,A,DoorSpread,DoorMaster,5.095000,D,P,21249.000000
Wed Jul 16 20:34:23 2025,16-Jul-2025,233421,48 24.368300 N,062 6.456600 W,2.3,41.2,A,DoorSpread,DoorMaster,5.165000,D,S,20532.000000
Wed Jul 16 20:34:23 2025,16-Jul-2025,233422,48 24.368700 N,062 6.455900 W,2.4,41.6,A,DoorSpread,DoorMaster,5.165000,D,S,20532.000000
Wed Jul 16 20:34:23 2025,16-Jul-2025,233423,48 24.369100 N,062 6.455100 W,2.4,41.6,A,DoorSpread,DoorMaster,5.165000,D,S,20532.000000
Wed Jul 16 20:34:23 2025,16-Jul-2025,233424,48 24.369600 N,062 6.454600 W,2.4,41.5,A,DoorSpread,DoorMaster,5.165000,D,S,20532.000000
Wed Jul 16 20:34:23 2025,16-Jul-2025,233425,48 24.370000 N,062 6.454000 W,2.3,41.6,A,DoorSpread,DoorMaster,5.165000,D,S,20532.000000
Wed Jul 16 20:34:23 2025,16-Jul-2025,233426,48 24.370400 N,062 6.453400 W,2.3,41.8,A,DoorSpread,DoorMaster,5.165000,D,S,20532.000000
Wed Jul 16 20:34:28 2025,16-Jul-2025,233427,48 24.370900 N,062 6.452700 W,2.3,42.0,A,DoorSpread,DoorMaster,5.170000,D,S,23330.000000
Wed Jul 16 20:34:28 2025,16-Jul-2025,233428,48 24.371300 N,062 6.452100 W,2.3,42.3,A,DoorSpread,DoorMaster,5.170000,D,S,23330.000000
Wed Jul 16 20:34:28 2025,16-Jul-2025,233429,48 24.371700 N,062 6.451500 W,2.3,42.5,A,DoorSpread,DoorMaster,5.170000,D,S,23330.000000
Wed Jul 16 20:34:28 2025,16-Jul-2025,233430,48 24.372100 N,062 6.450800 W,2.3,42.6,A,DoorSpread,DoorMaster,5.170000,D,S,23330.000000
Wed Jul 16 20:34:28 2025,16-Jul-2025,233431,48 24.372500 N,062 6.450000 W,2.3,42.9,A,DoorSpread,DoorMaster,5.170000,D,S,23330.000000
Wed Jul 16 20:34:33 2025,16-Jul-2025,233432,48 24.372800 N,062 6.449200 W,2.3,43.2,A,DoorSpread,DoorMaster,5.100000,D,S,20427.000000
Wed Jul 16 20:34:33 2025,16-Jul-2025,233433,48 24.373200 N,062 6.448600 W,2.3,43.0,A,DoorSpread,DoorMaster,5.100000,D,S,20427.000000
Wed Jul 16 20:34:33 2025,16-Jul-2025,233434,48 24.373600 N,062 6.447900 W,2.3,42.1,A,DoorSpread,DoorMaster,5.100000,D,S,20427.000000
Wed Jul 16 20:34:33 2025,16-Jul-2025,233435,48 24.374100 N,062 6.447400 W,2.3,41.8,A,DoorSpread,DoorMaster,5.100000,D,S,20427.000000
Wed Jul 16 20:34:33 2025,16-Jul-2025,233436,48 24.374400 N,062 6.446800 W,2.3,41.3,A,DoorSpread,DoorMaster,5.100000,D,S,20427.000000
Wed Jul 16 20:34:33 2025,16-Jul-2025,233437,48 24.374800 N,062 6.446200 W,2.3,41.2,A,DoorSpread,DoorMaster,5.100000,D,S,20427.000000
Wed Jul 16 20:34:33 2025,16-Jul-2025,233438,48 24.375200 N,062 6.445700 W,2.3,40.9,A,DoorSpread,DoorMaster,5.100000,D,S,20427.000000
Wed Jul 16 20:34:33 2025,16-Jul-2025,233439,48 24.375600 N,062 6.445200 W,2.2,40.8,A,DoorSpread,DoorMaster,5.100000,D,S,20427.000000
Wed Jul 16 20:34:33 2025,16-Jul-2025,233440,48 24.375900 N,062 6.444600 W,2.2,40.9,A,DoorSpread,DoorMaster,5.100000,D,S,20427.000000
Wed Jul 16 20:34:33 2025,16-Jul-2025,233441,48 24.376200 N,062 6.444000 W,2.2,41.5,A,DoorSpread,DoorMaster,5.100000,D,S,20427.000000
Wed Jul 16 20:34:33 2025,16-Jul-2025,233442,48 24.376600 N,062 6.443300 W,2.2,41.7,A,DoorSpread,DoorMaster,5.100000,D,S,20427.000000
Wed Jul 16 20:34:33 2025,16-Jul-2025,233443,48 24.377000 N,062 6.442600 W,2.2,42.1,A,DoorSpread,DoorMaster,5.100000,D,S,20427.000000
Wed Jul 16 20:34:33 2025,16-Jul-2025,233444,48 24.377300 N,062 6.442000 W,2.1,42.5,A,DoorSpread,DoorMaster,5.100000,D,S,20427.000000
Wed Jul 16 20:34:33 2025,16-Jul-2025,233445,48 24.377600 N,062 6.441300 W,2.1,43.1,A,DoorSpread,DoorMaster,5.100000,D,S,20427.000000
Wed Jul 16 20:34:33 2025,16-Jul-2025,233446,48 24.377900 N,062 6.440700 W,2.1,43.3,A,DoorSpread,DoorMaster,5.100000,D,S,20427.000000
Wed Jul 16 20:34:33 2025,16-Jul-2025,233447,48 24.378300 N,062 6.440000 W,2.1,43.2,A,DoorSpread,DoorMaster,5.100000,D,S,20427.000000
Wed Jul 16 20:34:33 2025,16-Jul-2025,233448,48 24.378700 N,062 6.439400 W,2.1,43.4,A,DoorSpread,DoorMaster,5.100000,D,S,20427.000000
Wed Jul 16 20:34:50 2025,16-Jul-2025,233449,48 24.379100 N,062 6.438600 W,2.2,44.0,A,DoorSpread,DoorMaster,5.165000,D,S,24874.000000
Wed Jul 16 20:34:50 2025,16-Jul-2025,233450,48 24.379600 N,062 6.437800 W,2.2,44.2,A,DoorSpread,DoorMaster,5.165000,D,S,24874.000000
Wed Jul 16 20:34:50 2025,16-Jul-2025,233451,48 24.380000 N,062 6.437200 W,2.1,44.3,A,DoorSpread,DoorMaster,5.165000,D,S,24874.000000
Wed Jul 16 20:34:50 2025,16-Jul-2025,233452,48 24.380300 N,062 6.436500 W,2.1,44.7,A,DoorSpread,DoorMaster,5.165000,D,S,24874.000000
Wed Jul 16 20:34:50 2025,16-Jul-2025,233453,48 24.380800 N,062 6.435800 W,2.2,44.7,A,DoorSpread,DoorMaster,5.165000,D,S,24874.000000
Wed Jul 16 20:34:56 2025,16-Jul-2025,233454,48 24.381200 N,062 6.435200 W,2.2,44.3,A,DoorSpread,DoorMaster,5.080000,D,S,24106.000000
Wed Jul 16 20:34:56 2025,16-Jul-2025,233455,48 24.381600 N,062 6.434700 W,2.1,44.0,A,DoorSpread,DoorMaster,5.080000,D,S,24106.000000
Wed Jul 16 20:34:56 2025,16-Jul-2025,233456,48 24.381900 N,062 6.434100 W,2.1,44.1,A,DoorSpread,DoorMaster,5.080000,D,S,24106.000000
Wed Jul 16 20:34:56 2025,16-Jul-2025,233457,48 24.382200 N,062 6.433400 W,2.2,44.5,A,DoorSpread,DoorMaster,5.080000,D,S,24106.000000
Wed Jul 16 20:34:56 2025,16-Jul-2025,233458,48 24.382600 N,062 6.432800 W,2.1,44.7,A,DoorSpread,DoorMaster,5.080000,D,S,24106.000000
Wed Jul 16 20:34:56 2025,16-Jul-2025,233459,48 24.382900 N,062 6.432100 W,2.1,44.8,A,DoorSpread,DoorMaster,5.080000,D,S,24106.000000
Wed Jul 16 20:35:01 2025,16-Jul-2025,233500,48 24.383200 N,062 6.431400 W,2.1,44.9,A,DoorSpread,DoorMaster,5.115000,D,S,10012.000000
Wed Jul 16 20:35:01 2025,16-Jul-2025,233501,48 24.383500 N,062 6.430600 W,2.1,45.2,A,DoorSpread,DoorMaster,5.115000,D,S,10012.000000
Wed Jul 16 20:35:01 2025,16-Jul-2025,233502,48 24.383700 N,062 6.430000 W,2.0,45.5,A,DoorSpread,DoorMaster,5.115000,D,S,10012.000000
Wed Jul 16 20:35:01 2025,16-Jul-2025,233503,48 24.384000 N,062 6.429300 W,2.1,46.0,A,DoorSpread,DoorMaster,5.115000,D,S,10012.000000
Wed Jul 16 20:35:01 2025,16-Jul-2025,233504,48 24.384400 N,062 6.428600 W,2.1,46.0,A,DoorSpread,DoorMaster,5.115000,D,S,10012.000000
Wed Jul 16 20:35:07 2025,16-Jul-2025,233505,48 24.384800 N,062 6.428000 W,2.1,45.9,A,DoorSpread,DoorMaster,4.890000,D,P,21930.000000
Wed Jul 16 20:35:07 2025,16-Jul-2025,233506,48 24.385200 N,062 6.427400 W,2.0,45.7,A,DoorSpread,DoorMaster,4.890000,D,P,21930.000000
Wed Jul 16 20:35:07 2025,16-Jul-2025,233507,48 24.385600 N,062 6.426900 W,2.0,45.6,A,DoorSpread,DoorMaster,4.890000,D,P,21930.000000
Wed Jul 16 20:35:07 2025,16-Jul-2025,233508,48 24.386000 N,062 6.426400 W,2.1,44.9,A,DoorSpread,DoorMaster,4.890000,D,P,21930.000000
Wed Jul 16 20:35:07 2025,16-Jul-2025,233509,48 24.386500 N,062 6.425900 W,2.0,44.5,A,DoorSpread,DoorMaster,4.890000,D,P,21930.000000
Wed Jul 16 20:35:07 2025,16-Jul-2025,233510,48 24.386900 N,062 6.425400 W,2.0,44.3,A,DoorSpread,DoorMaster,4.890000,D,P,21930.000000
Wed Jul 16 20:35:12 2025,16-Jul-2025,233511,48 24.387300 N,062 6.424800 W,2.1,44.2,A,DoorSpread,DoorMaster,5.240000,D,S,16804.000000
Wed Jul 16 20:35:12 2025,16-Jul-2025,233512,48 24.387800 N,062 6.424200 W,2.1,44.1,A,DoorSpread,DoorMaster,5.240000,D,S,16804.000000
Wed Jul 16 20:35:12 2025,16-Jul-2025,233513,48 24.388300 N,062 6.423800 W,2.1,43.7,A,DoorSpread,DoorMaster,5.240000,D,S,16804.000000
Wed Jul 16 20:35:12 2025,16-Jul-2025,233514,48 24.388800 N,062 6.423100 W,2.1,43.5,A,DoorSpread,DoorMaster,5.240000,D,S,16804.000000
Wed Jul 16 20:35:12 2025,16-Jul-2025,233515,48 24.389300 N,062 6.422300 W,2.2,43.4,A,DoorSpread,DoorMaster,5.240000,D,S,16804.000000
Wed Jul 16 20:35:17 2025,16-Jul-2025,233516,48 24.389700 N,062 6.421600 W,2.1,43.3,A,DoorSpread,DoorMaster,4.735000,D,S,31461.000000
Wed Jul 16 20:35:17 2025,16-Jul-2025,233517,48 24.390100 N,062 6.421100 W,2.1,43.1,A,DoorSpread,DoorMaster,4.735000,D,S,31461.000000
Wed Jul 16 20:35:17 2025,16-Jul-2025,233518,48 24.390500 N,062 6.420500 W,2.1,43.0,A,DoorSpread,DoorMaster,4.735000,D,S,31461.000000
Wed Jul 16 20:35:17 2025,16-Jul-2025,233519,48 24.390900 N,062 6.419900 W,2.1,42.8,A,DoorSpread,DoorMaster,4.735000,D,S,31461.000000
Wed Jul 16 20:35:17 2025,16-Jul-2025,233520,48 24.391300 N,062 6.419400 W,2.1,42.6,A,DoorSpread,DoorMaster,4.735000,D,S,31461.000000
Wed Jul 16 20:35:17 2025,16-Jul-2025,233521,48 24.391800 N,062 6.419000 W,2.1,42.3,A,DoorSpread,DoorMaster,4.735000,D,S,31461.000000
Wed Jul 16 20:35:23 2025,16-Jul-2025,233522,48 24.392200 N,062 6.418600 W,2.1,41.5,A,DoorSpread,DoorMaster,4.910000,D,S,31552.000000
Wed Jul 16 20:35:23 2025,16-Jul-2025,233523,48 24.392700 N,062 6.418100 W,2.1,40.9,A,DoorSpread,DoorMaster,4.910000,D,S,31552.000000
Wed Jul 16 20:35:23 2025,16-Jul-2025,233524,48 24.393100 N,062 6.417600 W,2.1,40.5,A,DoorSpread,DoorMaster,4.910000,D,S,31552.000000
Wed Jul 16 20:35:23 2025,16-Jul-2025,233525,48 24.393500 N,062 6.417100 W,2.1,39.8,A,DoorSpread,DoorMaster,4.910000,D,S,31552.000000
Wed Jul 16 20:35:23 2025,16-Jul-2025,233526,48 24.394100 N,062 6.416500 W,2.1,39.1,A,DoorSpread,DoorMaster,4.910000,D,S,31552.000000
Wed Jul 16 20:35:29 2025,16-Jul-2025,233527,48 24.394500 N,062 6.415900 W,2.1,38.9,A,DoorSpread,DoorMaster,5.000000,D,S,31097.000000
Wed Jul 16 20:35:29 2025,16-Jul-2025,233528,48 24.394900 N,062 6.415400 W,2.0,38.8,A,DoorSpread,DoorMaster,5.000000,D,S,31097.000000
Wed Jul 16 20:35:29 2025,16-Jul-2025,233529,48 24.395300 N,062 6.414800 W,2.0,39.0,A,DoorSpread,DoorMaster,5.000000,D,S,31097.000000
Wed Jul 16 20:35:29 2025,16-Jul-2025,233530,48 24.395700 N,062 6.414100 W,2.1,39.3,A,DoorSpread,DoorMaster,5.000000,D,S,31097.000000
Wed Jul 16 20:35:29 2025,16-Jul-2025,233531,48 24.396200 N,062 6.413600 W,2.1,39.6,A,DoorSpread,DoorMaster,5.000000,D,S,31097.000000
Wed Jul 16 20:35:29 2025,16-Jul-2025,233532,48 24.396700 N,062 6.413000 W,2.1,39.8,A,DoorSpread,DoorMaster,5.000000,D,S,31097.000000
Wed Jul 16 20:35:34 2025,16-Jul-2025,233533,48 24.397300 N,062 6.412400 W,2.2,40.0,A,DoorSpread,DoorMaster,5.215000,D,S,36960.000000
Wed Jul 16 20:35:34 2025,16-Jul-2025,233534,48 24.397800 N,062 6.411700 W,2.2,40.4,A,DoorSpread,DoorMaster,5.215000,D,S,36960.000000
Wed Jul 16 20:35:34 2025,16-Jul-2025,233535,48 24.398200 N,062 6.411100 W,2.2,40.9,A,DoorSpread,DoorMaster,5.215000,D,S,36960.000000
Wed Jul 16 20:35:34 2025,16-Jul-2025,233536,48 24.398700 N,062 6.410400 W,2.3,41.6,A,DoorSpread,DoorMaster,5.215000,D,S,36960.000000
Wed Jul 16 20:35:34 2025,16-Jul-2025,233537,48 24.399200 N,062 6.409800 W,2.3,42.0,A,DoorSpread,DoorMaster,5.215000,D,S,36960.000000
Wed Jul 16 20:35:40 2025,16-Jul-2025,233538,48 24.399800 N,062 6.409200 W,2.3,42.1,A,DoorSpread,DoorMaster,5.245000,D,S,30932.000000
Wed Jul 16 20:35:40 2025,16-Jul-2025,233539,48 24.400300 N,062 6.408700 W,2.3,42.2,A,DoorSpread,DoorMaster,5.245000,D,S,30932.000000
Wed Jul 16 20:35:40 2025,16-Jul-2025,233540,48 24.400700 N,062 6.408200 W,2.3,42.3,A,DoorSpread,DoorMaster,5.245000,D,S,30932.000000
Wed Jul 16 20:35:40 2025,16-Jul-2025,233541,48 24.401100 N,062 6.407500 W,2.3,42.6,A,DoorSpread,DoorMaster,5.245000,D,S,30932.000000
Wed Jul 16 20:35:40 2025,16-Jul-2025,233542,48 24.401500 N,062 6.406800 W,2.3,42.8,A,DoorSpread,DoorMaster,5.245000,D,S,30932.000000
Wed Jul 16 20:35:40 2025,16-Jul-2025,233543,48 24.402000 N,062 6.406100 W,2.3,42.8,A,DoorSpread,DoorMaster,5.245000,D,S,30932.000000
Wed Jul 16 20:35:45 2025,16-Jul-2025,233544,48 24.402500 N,062 6.405600 W,2.3,42.5,A,DoorSpread,DoorMaster,5.165000,D,S,31070.000000
Wed Jul 16 20:35:45 2025,16-Jul-2025,233545,48 24.403000 N,062 6.404900 W,2.3,42.4,A,DoorSpread,DoorMaster,5.165000,D,S,31070.000000
Wed Jul 16 20:35:45 2025,16-Jul-2025,233546,48 24.403400 N,062 6.404300 W,2.4,42.2,A,DoorSpread,DoorMaster,5.165000,D,S,31070.000000
Wed Jul 16 20:35:45 2025,16-Jul-2025,233547,48 24.403900 N,062 6.403700 W,2.4,41.8,A,DoorSpread,DoorMaster,5.165000,D,S,31070.000000
Wed Jul 16 20:35:45 2025,16-Jul-2025,233548,48 24.404400 N,062 6.403200 W,2.3,41.6,A,DoorSpread,DoorMaster,5.165000,D,S,31070.000000
Wed Jul 16 20:35:51 2025,16-Jul-2025,233549,48 24.404800 N,062 6.402500 W,2.4,41.8,A,DoorSpread,DoorMaster,5.180000,D,S,36018.000000
Wed Jul 16 20:35:51 2025,16-Jul-2025,233550,48 24.405200 N,062 6.401900 W,2.4,41.7,A,DoorSpread,DoorMaster,5.180000,D,S,36018.000000
Wed Jul 16 20:35:51 2025,16-Jul-2025,233551,48 24.405700 N,062 6.401300 W,2.3,41.2,A,DoorSpread,DoorMaster,5.180000,D,S,36018.000000
Wed Jul 16 20:35:51 2025,16-Jul-2025,233552,48 24.406200 N,062 6.400700 W,2.3,41.0,A,DoorSpread,DoorMaster,5.180000,D,S,36018.000000
Wed Jul 16 20:35:51 2025,16-Jul-2025,233553,48 24.406500 N,062 6.399800 W,2.3,41.4,A,DoorSpread,DoorMaster,5.180000,D,S,36018.000000
Wed Jul 16 20:35:51 2025,16-Jul-2025,233554,48 24.406900 N,062 6.399100 W,2.3,41.6,A,DoorSpread,DoorMaster,5.180000,D,S,36018.000000
Wed Jul 16 20:35:56 2025,16-Jul-2025,233555,48 24.407200 N,062 6.398600 W,2.1,41.8,A,DoorSpread,DoorMaster,5.220000,D,S,40066.000000
Wed Jul 16 20:35:56 2025,16-Jul-2025,233556,48 24.407500 N,062 6.398200 W,2.1,42.0,A,DoorSpread,DoorMaster,5.220000,D,S,40066.000000
Wed Jul 16 20:35:56 2025,16-Jul-2025,233557,48 24.407800 N,062 6.397600 W,2.1,42.8,A,DoorSpread,DoorMaster,5.220000,D,S,40066.000000
Wed Jul 16 20:35:56 2025,16-Jul-2025,233558,48 24.408100 N,062 6.396900 W,2.0,43.6,A,DoorSpread,DoorMaster,5.220000,D,S,40066.000000
Wed Jul 16 20:35:56 2025,16-Jul-2025,233559,48 24.408600 N,062 6.396400 W,2.0,43.9,A,DoorSpread,DoorMaster,5.220000,D,S,40066.000000
Wed Jul 16 20:36:02 2025,16-Jul-2025,233600,48 24.408900 N,062 6.396000 W,2.0,44.1,A,DoorSpread,DoorMaster,5.095000,D,S,17549.000000
Wed Jul 16 20:36:02 2025,16-Jul-2025,233601,48 24.409200 N,062 6.395300 W,2.1,44.3,A,DoorSpread,DoorMaster,5.095000,D,S,17549.000000
Wed Jul 16 20:36:02 2025,16-Jul-2025,233602,48 24.409600 N,062 6.394600 W,2.1,44.2,A,DoorSpread,DoorMaster,5.095000,D,S,17549.000000
Wed Jul 16 20:36:02 2025,16-Jul-2025,233603,48 24.410000 N,062 6.394000 W,2.1,43.9,A,DoorSpread,DoorMaster,5.095000,D,S,17549.000000
Wed Jul 16 20:36:02 2025,16-Jul-2025,233604,48 24.410400 N,062 6.393300 W,2.1,43.5,A,DoorSpread,DoorMaster,5.095000,D,S,17549.000000
Wed Jul 16 20:36:02 2025,16-Jul-2025,233605,48 24.410800 N,062 6.392600 W,2.1,43.2,A,DoorSpread,DoorMaster,5.095000,D,S,17549.000000
Wed Jul 16 20:36:07 2025,16-Jul-2025,233606,48 24.411100 N,062 6.392000 W,2.1,43.0,A,DoorSpread,DoorMaster,5.070000,D,P,23826.000000
Wed Jul 16 20:36:07 2025,16-Jul-2025,233607,48 24.411500 N,062 6.391300 W,2.1,42.7,A,DoorSpread,DoorMaster,5.070000,D,P,23826.000000
Wed Jul 16 20:36:07 2025,16-Jul-2025,233608,48 24.411900 N,062 6.390800 W,2.1,42.7,A,DoorSpread,DoorMaster,5.070000,D,P,23826.000000
Wed Jul 16 20:36:07 2025,16-Jul-2025,233609,48 24.412300 N,062 6.390300 W,2.0,42.6,A,DoorSpread,DoorMaster,5.070000,D,P,23826.000000
Wed Jul 16 20:36:07 2025,16-Jul-2025,233610,48 24.412700 N,062 6.389900 W,2.0,42.5,A,DoorSpread,DoorMaster,5.070000,D,P,23826.000000
Wed Jul 16 20:36:07 2025,16-Jul-2025,233611,48 24.413200 N,062 6.389500 W,2.0,42.3,A,DoorSpread,DoorMaster,5.070000,D,P,23826.000000
Wed Jul 16 20:36:13 2025,16-Jul-2025,233612,48 24.413500 N,062 6.389100 W,1.9,42.2,A,DoorSpread,DoorMaster,5.055000,D,S,16140.000000
Wed Jul 16 20:36:13 2025,16-Jul-2025,233613,48 24.413800 N,062 6.388800 W,1.8,42.1,A,DoorSpread,DoorMaster,5.055000,D,S,16140.000000
Wed Jul 16 20:36:13 2025,16-Jul-2025,233614,48 24.414100 N,062 6.388400 W,1.8,42.2,A,DoorSpread,DoorMaster,5.055000,D,S,16140.000000
Wed Jul 16 20:36:13 2025,16-Jul-2025,233615,48 24.414500 N,062 6.387800 W,1.9,42.0,A,DoorSpread,DoorMaster,5.055000,D,S,16140.000000
Wed Jul 16 20:36:13 2025,16-Jul-2025,233616,48 24.414900 N,062 6.387200 W,1.9,41.7,A,DoorSpread,DoorMaster,5.055000,D,S,16140.000000
Wed Jul 16 20:36:18 2025,16-Jul-2025,233617,48 24.415300 N,062 6.386600 W,2.0,41.6,A,DoorSpread,DoorMaster,5.260000,D,S,25441.000000
Wed Jul 16 20:36:18 2025,16-Jul-2025,233618,48 24.415800 N,062 6.385900 W,2.1,41.7,A,DoorSpread,DoorMaster,5.260000,D,S,25441.000000
Wed Jul 16 20:36:18 2025,16-Jul-2025,233619,48 24.416200 N,062 6.385300 W,2.1,41.5,A,DoorSpread,DoorMaster,5.260000,D,S,25441.000000
Wed Jul 16 20:36:18 2025,16-Jul-2025,233620,48 24.416600 N,062 6.384800 W,2.0,41.2,A,DoorSpread,DoorMaster,5.260000,D,S,25441.000000
Wed Jul 16 20:36:18 2025,16-Jul-2025,233621,48 24.416900 N,062 6.384400 W,2.0,41.0,A,DoorSpread,DoorMaster,5.260000,D,S,25441.000000
Wed Jul 16 20:36:18 2025,16-Jul-2025,233622,48 24.417300 N,062 6.383800 W,2.1,41.0,A,DoorSpread,DoorMaster,5.260000,D,S,25441.000000
Wed Jul 16 20:36:24 2025,16-Jul-2025,233623,48 24.417900 N,062 6.383300 W,2.1,40.8,A,DoorSpread,DoorMaster,5.060000,D,S,29074.000000
Wed Jul 16 20:36:24 2025,16-Jul-2025,233624,48 24.418300 N,062 6.382800 W,2.0,40.6,A,DoorSpread,DoorMaster,5.060000,D,S,29074.000000
Wed Jul 16 20:36:24 2025,16-Jul-2025,233625,48 24.418800 N,062 6.382400 W,2.0,39.9,A,DoorSpread,DoorMaster,5.060000,D,S,29074.000000
Wed Jul 16 20:36:24 2025,16-Jul-2025,233626,48 24.419200 N,062 6.381900 W,2.1,39.6,A,DoorSpread,DoorMaster,5.060000,D,S,29074.000000
Wed Jul 16 20:36:24 2025,16-Jul-2025,233627,48 24.419700 N,062 6.381200 W,2.1,39.6,A,DoorSpread,DoorMaster,5.060000,D,S,29074.000000
Wed Jul 16 20:36:29 2025,16-Jul-2025,233628,48 24.420000 N,062 6.380800 W,1.9,39.5,A,DoorSpread,DoorMaster,5.275000,D,S,11413.000000
Wed Jul 16 20:36:29 2025,16-Jul-2025,233629,48 24.420400 N,062 6.380400 W,1.9,39.5,A,DoorSpread,DoorMaster,5.275000,D,S,11413.000000
Wed Jul 16 20:36:29 2025,16-Jul-2025,233630,48 24.420800 N,062 6.379900 W,2.0,39.8,A,DoorSpread,DoorMaster,5.275000,D,S,11413.000000
Wed Jul 16 20:36:29 2025,16-Jul-2025,233631,48 24.421200 N,062 6.379000 W,2.0,40.2,A,DoorSpread,DoorMaster,5.275000,D,S,11413.000000
Wed Jul 16 20:36:29 2025,16-Jul-2025,233632,48 24.421600 N,062 6.378300 W,2.1,40.4,A,DoorSpread,DoorMaster,5.275000,D,S,11413.000000
Wed Jul 16 20:36:29 2025,16-Jul-2025,233633,48 24.422000 N,062 6.377600 W,2.1,40.4,A,DoorSpread,DoorMaster,5.275000,D,S,11413.000000
Wed Jul 16 20:36:35 2025,16-Jul-2025,233634,48 24.422300 N,062 6.377000 W,2.1,40.6,A,DoorSpread,DoorMaster,5.320000,D,S,15895.000000
Wed Jul 16 20:36:35 2025,16-Jul-2025,233635,48 24.422700 N,062 6.376200 W,2.1,41.1,A,DoorSpread,DoorMaster,5.320000,D,S,15895.000000
Wed Jul 16 20:36:35 2025,16-Jul-2025,233636,48 24.423100 N,062 6.375600 W,2.1,41.0,A,DoorSpread,DoorMaster,5.320000,D,S,15895.000000
Wed Jul 16 20:36:35 2025,16-Jul-2025,233637,48 24.423500 N,062 6.375100 W,2.1,40.7,A,DoorSpread,DoorMaster,5.320000,D,S,15895.000000
Wed Jul 16 20:36:35 2025,16-Jul-2025,233638,48 24.424000 N,062 6.374500 W,2.1,40.4,A,DoorSpread,DoorMaster,5.320000,D,S,15895.000000
Wed Jul 16 20:36:40 2025,16-Jul-2025,233639,48 24.424400 N,062 6.373800 W,2.1,40.2,A,DoorSpread,DoorMaster,5.390000,D,S,19000.000000
Wed Jul 16 20:36:40 2025,16-Jul-2025,233640,48 24.424800 N,062 6.373100 W,2.2,39.9,A,DoorSpread,DoorMaster,5.390000,D,S,19000.000000
Wed Jul 16 20:36:40 2025,16-Jul-2025,233641,48 24.425200 N,062 6.372500 W,2.1,39.5,A,DoorSpread,DoorMaster,5.390000,D,S,19000.000000
Wed Jul 16 20:36:40 2025,16-Jul-2025,233642,48 24.425600 N,062 6.371900 W,2.1,39.2,A,DoorSpread,DoorMaster,5.390000,D,S,19000.000000
Wed Jul 16 20:36:40 2025,16-Jul-2025,233643,48 24.426100 N,062 6.371300 W,2.2,39.1,A,DoorSpread,DoorMaster,5.390000,D,S,19000.000000
Wed Jul 16 20:36:40 2025,16-Jul-2025,233644,48 24.426600 N,062 6.370600 W,2.2,38.8,A,DoorSpread,DoorMaster,5.390000,D,S,19000.000000
Wed Jul 16 20:36:46 2025,16-Jul-2025,233645,48 24.427000 N,062 6.370000 W,2.3,38.5,A,DoorSpread,DoorMaster,5.665000,D,S,9635.000000
Wed Jul 16 20:36:46 2025,16-Jul-2025,233646,48 24.427500 N,062 6.369400 W,2.3,38.6,A,DoorSpread,DoorMaster,5.665000,D,S,9635.000000
Wed Jul 16 20:36:46 2025,16-Jul-2025,233647,48 24.428000 N,062 6.368800 W,2.3,39.0,A,DoorSpread,DoorMaster,5.665000,D,S,9635.000000
Wed Jul 16 20:36:46 2025,16-Jul-2025,233648,48 24.428400 N,062 6.368200 W,2.3,39.4,A,DoorSpread,DoorMaster,5.665000,D,S,9635.000000
Wed Jul 16 20:36:46 2025,16-Jul-2025,233649,48 24.428800 N,062 6.367700 W,2.2,39.7,A,DoorSpread,DoorMaster,5.665000,D,S,9635.000000
Wed Jul 16 20:36:51 2025,16-Jul-2025,233650,48 24.429200 N,062 6.367100 W,2.3,40.0,A,DoorSpread,DoorMaster,5.675000,D,S,21397.000000
Wed Jul 16 20:36:51 2025,16-Jul-2025,233651,48 24.429700 N,062 6.366400 W,2.3,40.1,A,DoorSpread,DoorMaster,5.675000,D,S,21397.000000
Wed Jul 16 20:36:51 2025,16-Jul-2025,233652,48 24.430100 N,062 6.365900 W,2.2,40.1,A,DoorSpread,DoorMaster,5.675000,D,S,21397.000000
Wed Jul 16 20:36:51 2025,16-Jul-2025,233653,48 24.430500 N,062 6.365300 W,2.2,40.4,A,DoorSpread,DoorMaster,5.675000,D,S,21397.000000
Wed Jul 16 20:36:51 2025,16-Jul-2025,233654,48 24.431000 N,062 6.364800 W,2.2,40.5,A,DoorSpread,DoorMaster,5.675000,D,S,21397.000000
Wed Jul 16 20:36:51 2025,16-Jul-2025,233655,48 24.431400 N,062 6.364300 W,2.1,40.7,A,DoorSpread,DoorMaster,5.675000,D,S,21397.000000
Wed Jul 16 20:36:57 2025,16-Jul-2025,233656,48 24.431700 N,062 6.363700 W,2.1,41.0,A,DoorSpread,DoorMaster,5.955000,D,S,8599.000000
Wed Jul 16 20:36:57 2025,16-Jul-2025,233657,48 24.432200 N,062 6.363100 W,2.2,41.0,A,DoorSpread,DoorMaster,5.955000,D,S,8599.000000
Wed Jul 16 20:36:57 2025,16-Jul-2025,233658,48 24.432600 N,062 6.362400 W,2.2,40.7,A,DoorSpread,DoorMaster,5.955000,D,S,8599.000000
Wed Jul 16 20:36:57 2025,16-Jul-2025,233659,48 24.433000 N,062 6.361800 W,2.2,40.5,A,DoorSpread,DoorMaster,5.955000,D,S,8599.000000
Wed Jul 16 20:36:57 2025,16-Jul-2025,233700,48 24.433300 N,062 6.361100 W,2.2,40.7,A,DoorSpread,DoorMaster,5.955000,D,S,8599.000000
Wed Jul 16 20:37:03 2025,16-Jul-2025,233701,48 24.433600 N,062 6.360400 W,2.2,40.9,A,DoorSpread,DoorMaster,6.400000,D,S,17428.000000
Wed Jul 16 20:37:03 2025,16-Jul-2025,233702,48 24.434000 N,062 6.359800 W,2.1,40.9,A,DoorSpread,DoorMaster,6.400000,D,S,17428.000000
Wed Jul 16 20:37:03 2025,16-Jul-2025,233703,48 24.434400 N,062 6.359200 W,2.1,41.0,A,DoorSpread,DoorMaster,6.400000,D,S,17428.000000
Wed Jul 16 20:37:03 2025,16-Jul-2025,233704,48 24.434800 N,062 6.358600 W,2.1,41.2,A,DoorSpread,DoorMaster,6.400000,D,S,17428.000000
Wed Jul 16 20:37:03 2025,16-Jul-2025,233705,48 24.435300 N,062 6.357900 W,2.1,41.3,A,DoorSpread,DoorMaster,6.400000,D,S,17428.000000
Wed Jul 16 20:37:03 2025,16-Jul-2025,233706,48 24.435700 N,062 6.357400 W,2.1,41.2,A,DoorSpread,DoorMaster,6.400000,D,S,17428.000000
Wed Jul 16 20:37:08 2025,16-Jul-2025,233707,48 24.436100 N,062 6.356900 W,2.1,41.3,A,DoorSpread,DoorMaster,7.180000,D,S,12776.000000
Wed Jul 16 20:37:08 2025,16-Jul-2025,233708,48 24.436400 N,062 6.356300 W,2.1,41.3,A,DoorSpread,DoorMaster,7.180000,D,S,12776.000000
Wed Jul 16 20:37:08 2025,16-Jul-2025,233709,48 24.436800 N,062 6.355800 W,2.1,41.3,A,DoorSpread,DoorMaster,7.180000,D,S,12776.000000
Wed Jul 16 20:37:08 2025,16-Jul-2025,233710,48 24.437100 N,062 6.355300 W,2.1,41.2,A,DoorSpread,DoorMaster,7.180000,D,S,12776.000000
Wed Jul 16 20:37:08 2025,16-Jul-2025,233711,48 24.437400 N,062 6.354900 W,2.0,41.0,A,DoorSpread,DoorMaster,7.180000,D,S,12776.000000
Wed Jul 16 20:37:08 2025,16-Jul-2025,233712,48 24.437800 N,062 6.354500 W,2.1,40.9,A,DoorSpread,DoorMaster,7.180000,D,S,12776.000000
Wed Jul 16 20:37:14 2025,16-Jul-2025,233713,48 24.438200 N,062 6.353900 W,2.1,41.0,A,DoorSpread,DoorMaster,8.270000,D,S,16438.000000
Wed Jul 16 20:37:14 2025,16-Jul-2025,233714,48 24.438500 N,062 6.353500 W,2.0,41.0,A,DoorSpread,DoorMaster,8.270000,D,S,16438.000000
Wed Jul 16 20:37:14 2025,16-Jul-2025,233715,48 24.438900 N,062 6.353100 W,2.1,40.8,A,DoorSpread,DoorMaster,8.270000,D,S,16438.000000
Wed Jul 16 20:37:14 2025,16-Jul-2025,233716,48 24.439300 N,062 6.352500 W,2.1,40.9,A,DoorSpread,DoorMaster,8.270000,D,S,16438.000000
Wed Jul 16 20:37:14 2025,16-Jul-2025,233717,48 24.439600 N,062 6.351900 W,2.0,41.3,A,DoorSpread,DoorMaster,8.270000,D,S,16438.000000
Wed Jul 16 20:37:14 2025,16-Jul-2025,233718,48 24.439900 N,062 6.351300 W,2.0,41.6,A,DoorSpread,DoorMaster,8.270000,D,S,16438.000000
Wed Jul 16 20:37:20 2025,16-Jul-2025,233719,48 24.440300 N,062 6.350800 W,2.1,42.0,A,DoorSpread,DoorMaster,9.355000,D,S,17818.000000
Wed Jul 16 20:37:20 2025,16-Jul-2025,233720,48 24.440800 N,062 6.350200 W,2.1,42.1,A,DoorSpread,DoorMaster,9.355000,D,S,17818.000000
Wed Jul 16 20:37:20 2025,16-Jul-2025,233721,48 24.441100 N,062 6.349700 W,2.0,42.1,A,DoorSpread,DoorMaster,9.355000,D,S,17818.000000
Wed Jul 16 20:37:20 2025,16-Jul-2025,233722,48 24.441500 N,062 6.349300 W,2.0,41.9,A,DoorSpread,DoorMaster,9.355000,D,S,17818.000000
Wed Jul 16 20:37:20 2025,16-Jul-2025,233723,48 24.441900 N,062 6.348700 W,2.1,41.6,A,DoorSpread,DoorMaster,9.355000,D,S,17818.000000
Wed Jul 16 20:37:25 2025,16-Jul-2025,233724,48 24.442300 N,062 6.348200 W,2.1,41.2,A,DoorSpread,DoorMaster,9.810000,D,S,28462.000000
Wed Jul 16 20:37:25 2025,16-Jul-2025,233725,48 24.442800 N,062 6.347800 W,2.1,40.7,A,DoorSpread,DoorMaster,9.810000,D,S,28462.000000
Wed Jul 16 20:37:25 2025,16-Jul-2025,233726,48 24.443200 N,062 6.347500 W,2.0,40.0,A,DoorSpread,DoorMaster,9.810000,D,S,28462.000000
Wed Jul 16 20:37:25 2025,16-Jul-2025,233727,48 24.443600 N,062 6.347100 W,2.0,39.3,A,DoorSpread,DoorMaster,9.810000,D,S,28462.000000
Wed Jul 16 20:37:25 2025,16-Jul-2025,233728,48 24.444000 N,062 6.346700 W,2.0,38.7,A,DoorSpread,DoorMaster,9.810000,D,S,28462.000000
Wed Jul 16 20:37:25 2025,16-Jul-2025,233729,48 24.444400 N,062 6.346300 W,2.1,38.3,A,DoorSpread,DoorMaster,9.810000,D,S,28462.000000
Wed Jul 16 20:37:31 2025,16-Jul-2025,233730,48 24.444700 N,062 6.345900 W,2.0,37.9,A,DoorSpread,DoorMaster,10.225000,D,S,20835.000000
Wed Jul 16 20:37:31 2025,16-Jul-2025,233731,48 24.445100 N,062 6.345600 W,2.0,37.4,A,DoorSpread,DoorMaster,10.225000,D,S,20835.000000
Wed Jul 16 20:37:31 2025,16-Jul-2025,233732,48 24.445500 N,062 6.345100 W,2.0,37.2,A,DoorSpread,DoorMaster,10.225000,D,S,20835.000000
Wed Jul 16 20:37:31 2025,16-Jul-2025,233733,48 24.446000 N,062 6.344600 W,2.1,37.4,A,DoorSpread,DoorMaster,10.225000,D,S,20835.000000
Wed Jul 16 20:37:31 2025,16-Jul-2025,233734,48 24.446400 N,062 6.344000 W,2.1,37.6,A,DoorSpread,DoorMaster,10.225000,D,S,20835.000000
Wed Jul 16 20:37:31 2025,16-Jul-2025,233735,48 24.446900 N,062 6.343600 W,2.1,37.5,A,DoorSpread,DoorMaster,10.225000,D,S,20835.000000
Wed Jul 16 20:37:31 2025,16-Jul-2025,233736,48 24.447300 N,062 6.343200 W,2.1,37.7,A,DoorSpread,DoorMaster,10.225000,D,S,20835.000000
Wed Jul 16 20:37:31 2025,16-Jul-2025,233737,48 24.448000 N,062 6.342600 W,2.2,37.1,A,DoorSpread,DoorMaster,10.225000,D,S,20835.000000
Wed Jul 16 20:37:31 2025,16-Jul-2025,233738,48 24.448800 N,062 6.342100 W,2.5,34.3,A,DoorSpread,DoorMaster,10.225000,D,S,20835.000000
Wed Jul 16 20:37:31 2025,16-Jul-2025,233739,48 24.449500 N,062 6.341500 W,2.5,33.5,A,DoorSpread,DoorMaster,10.225000,D,S,20835.000000
Wed Jul 16 20:37:31 2025,16-Jul-2025,233740,48 24.449900 N,062 6.340900 W,2.4,33.4,A,DoorSpread,DoorMaster,10.225000,D,S,20835.000000
Wed Jul 16 20:37:42 2025,16-Jul-2025,233741,48 24.450300 N,062 6.340300 W,2.3,33.4,A,DoorSpread,DoorMaster,10.965000,D,S,16695.000000
Wed Jul 16 20:37:42 2025,16-Jul-2025,233742,48 24.450500 N,062 6.339900 W,2.2,33.5,A,DoorSpread,DoorMaster,10.965000,D,S,16695.000000
Wed Jul 16 20:37:42 2025,16-Jul-2025,233743,48 24.450900 N,062 6.339300 W,2.2,33.9,A,DoorSpread,DoorMaster,10.965000,D,S,16695.000000
Wed Jul 16 20:37:42 2025,16-Jul-2025,233744,48 24.451300 N,062 6.338700 W,2.1,34.2,A,DoorSpread,DoorMaster,10.965000,D,S,16695.000000
Wed Jul 16 20:37:42 2025,16-Jul-2025,233745,48 24.451700 N,062 6.338200 W,2.1,34.4,A,DoorSpread,DoorMaster,10.965000,D,S,16695.000000
Wed Jul 16 20:37:42 2025,16-Jul-2025,233746,48 24.452200 N,062 6.337700 W,2.1,34.9,A,DoorSpread,DoorMaster,10.965000,D,S,16695.000000
Wed Jul 16 20:37:48 2025,16-Jul-2025,233747,48 24.452600 N,062 6.337000 W,2.1,35.2,A,DoorSpread,DoorMaster,10.135000,D,S,17548.000000
Wed Jul 16 20:37:48 2025,16-Jul-2025,233748,48 24.453000 N,062 6.336300 W,2.1,35.5,A,DoorSpread,DoorMaster,10.135000,D,S,17548.000000
Wed Jul 16 20:37:48 2025,16-Jul-2025,233749,48 24.453400 N,062 6.335600 W,2.1,36.0,A,DoorSpread,DoorMaster,10.135000,D,S,17548.000000
Wed Jul 16 20:37:48 2025,16-Jul-2025,233750,48 24.453800 N,062 6.334900 W,2.1,36.7,A,DoorSpread,DoorMaster,10.135000,D,S,17548.000000
Wed Jul 16 20:37:48 2025,16-Jul-2025,233751,48 24.454200 N,062 6.334200 W,2.1,37.3,A,DoorSpread,DoorMaster,10.135000,D,S,17548.000000
Wed Jul 16 20:37:48 2025,16-Jul-2025,233752,48 24.454700 N,062 6.333500 W,2.1,37.5,A,DoorSpread,DoorMaster,10.135000,D,S,17548.000000
Wed Jul 16 20:37:54 2025,16-Jul-2025,233753,48 24.455200 N,062 6.333000 W,2.1,37.5,A,DoorSpread,DoorMaster,10.565000,D,S,12425.000000
Wed Jul 16 20:37:54 2025,16-Jul-2025,233754,48 24.455600 N,062 6.332300 W,2.1,37.7,A,DoorSpread,DoorMaster,10.565000,D,S,12425.000000
Wed Jul 16 20:37:54 2025,16-Jul-2025,233755,48 24.455900 N,062 6.331700 W,2.1,37.9,A,DoorSpread,DoorMaster,10.565000,D,S,12425.000000
Wed Jul 16 20:37:54 2025,16-Jul-2025,233756,48 24.456400 N,062 6.331100 W,2.1,37.7,A,DoorSpread,DoorMaster,10.565000,D,S,12425.000000
Wed Jul 16 20:37:54 2025,16-Jul-2025,233757,48 24.456900 N,062 6.330600 W,2.1,37.4,A,DoorSpread,DoorMaster,10.565000,D,S,12425.000000
Wed Jul 16 20:37:54 2025,16-Jul-2025,233758,48 24.457400 N,062 6.329900 W,2.2,37.5,A,DoorSpread,DoorMaster,10.565000,D,S,12425.000000
Wed Jul 16 20:38:00 2025,16-Jul-2025,233759,48 24.458000 N,062 6.329300 W,2.2,37.4,A,DoorSpread,DoorMaster,11.205000,D,S,13082.000000
Wed Jul 16 20:38:00 2025,16-Jul-2025,233800,48 24.458500 N,062 6.328800 W,2.2,37.5,A,DoorSpread,DoorMaster,11.205000,D,S,13082.000000
Wed Jul 16 20:38:00 2025,16-Jul-2025,233801,48 24.458900 N,062 6.328200 W,2.2,37.6,A,DoorSpread,DoorMaster,11.205000,D,S,13082.000000
Wed Jul 16 20:38:00 2025,16-Jul-2025,233802,48 24.459400 N,062 6.327600 W,2.3,37.8,A,DoorSpread,DoorMaster,11.205000,D,S,13082.000000
Wed Jul 16 20:38:00 2025,16-Jul-2025,233803,48 24.459800 N,062 6.327000 W,2.3,38.1,A,DoorSpread,DoorMaster,11.205000,D,S,13082.000000
Wed Jul 16 20:38:00 2025,16-Jul-2025,233804,48 24.460100 N,062 6.326500 W,2.2,38.3,A,DoorSpread,DoorMaster,11.205000,D,S,13082.000000
Wed Jul 16 20:38:06 2025,16-Jul-2025,233805,48 24.460500 N,062 6.326100 W,2.1,38.6,A,DoorSpread,DoorMaster,9.660000,D,S,13243.000000
Wed Jul 16 20:38:06 2025,16-Jul-2025,233806,48 24.460900 N,062 6.325700 W,2.2,38.7,A,DoorSpread,DoorMaster,9.660000,D,S,13243.000000
Wed Jul 16 20:38:06 2025,16-Jul-2025,233807,48 24.461400 N,062 6.325300 W,2.1,38.4,A,DoorSpread,DoorMaster,9.660000,D,S,13243.000000
Wed Jul 16 20:38:06 2025,16-Jul-2025,233808,48 24.461800 N,062 6.324900 W,2.1,38.3,A,DoorSpread,DoorMaster,9.660000,D,S,13243.000000
Wed Jul 16 20:38:06 2025,16-Jul-2025,233809,48 24.462200 N,062 6.324300 W,2.1,38.1,A,DoorSpread,DoorMaster,9.660000,D,S,13243.000000
Wed Jul 16 20:38:11 2025,16-Jul-2025,233810,48 24.462700 N,062 6.323800 W,2.1,37.7,A,DoorSpread,DoorMaster,9.675000,D,S,13036.000000
Wed Jul 16 20:38:11 2025,16-Jul-2025,233811,48 24.463100 N,062 6.323400 W,2.0,37.3,A,DoorSpread,DoorMaster,9.675000,D,S,13036.000000
Wed Jul 16 20:38:11 2025,16-Jul-2025,233812,48 24.463400 N,062 6.322900 W,2.0,37.2,A,DoorSpread,DoorMaster,9.675000,D,S,13036.000000
Wed Jul 16 20:38:11 2025,16-Jul-2025,233813,48 24.463800 N,062 6.322300 W,2.1,37.6,A,DoorSpread,DoorMaster,9.675000,D,S,13036.000000
Wed Jul 16 20:38:11 2025,16-Jul-2025,233814,48 24.464100 N,062 6.321700 W,2.0,37.7,A,DoorSpread,DoorMaster,9.675000,D,S,13036.000000
Wed Jul 16 20:38:11 2025,16-Jul-2025,233815,48 24.464500 N,062 6.321300 W,2.0,37.8,A,DoorSpread,DoorMaster,9.675000,D,S,13036.000000
Wed Jul 16 20:38:17 2025,16-Jul-2025,233816,48 24.464900 N,062 6.320600 W,2.1,38.1,A,DoorSpread,DoorMaster,8.975000,D,S,7528.000000
Wed Jul 16 20:38:17 2025,16-Jul-2025,233817,48 24.465300 N,062 6.320000 W,2.1,38.5,A,DoorSpread,DoorMaster,8.975000,D,S,7528.000000
Wed Jul 16 20:38:17 2025,16-Jul-2025,233818,48 24.465600 N,062 6.319400 W,2.0,38.7,A,DoorSpread,DoorMaster,8.975000,D,S,7528.000000
Wed Jul 16 20:38:17 2025,16-Jul-2025,233819,48 24.466000 N,062 6.319000 W,1.9,38.9,A,DoorSpread,DoorMaster,8.975000,D,S,7528.000000
Wed Jul 16 20:38:17 2025,16-Jul-2025,233820,48 24.466300 N,062 6.318300 W,2.0,39.3,A,DoorSpread,DoorMaster,8.975000,D,S,7528.000000
Wed Jul 16 20:38:17 2025,16-Jul-2025,233821,48 24.466600 N,062 6.317600 W,2.0,39.9,A,DoorSpread,DoorMaster,8.975000,D,S,7528.000000
Wed Jul 16 20:38:23 2025,16-Jul-2025,233822,48 24.466900 N,062 6.317000 W,2.0,40.3,A,DoorSpread,DoorMaster,8.780000,D,S,9462.000000
Wed Jul 16 20:38:23 2025,16-Jul-2025,233823,48 24.467400 N,062 6.316400 W,2.0,40.4,A,DoorSpread,DoorMaster,8.780000,D,S,9462.000000
Wed Jul 16 20:38:23 2025,16-Jul-2025,233824,48 24.467900 N,062 6.315900 W,1.9,40.5,A,DoorSpread,DoorMaster,8.780000,D,S,9462.000000
Wed Jul 16 20:38:23 2025,16-Jul-2025,233825,48 24.468300 N,062 6.315400 W,1.9,40.5,A,DoorSpread,DoorMaster,8.780000,D,S,9462.000000
Wed Jul 16 20:38:23 2025,16-Jul-2025,233826,48 24.468700 N,062 6.314900 W,1.9,40.5,A,DoorSpread,DoorMaster,8.780000,D,S,9462.000000
Wed Jul 16 20:38:23 2025,16-Jul-2025,233827,48 24.469000 N,062 6.314200 W,1.9,40.5,A,DoorSpread,DoorMaster,8.780000,D,S,9462.000000
Wed Jul 16 20:38:29 2025,16-Jul-2025,233828,48 24.469500 N,062 6.313600 W,1.9,40.5,A,DoorSpread,DoorMaster,9.010000,D,S,12194.000000
Wed Jul 16 20:38:29 2025,16-Jul-2025,233829,48 24.469900 N,062 6.313100 W,1.9,40.4,A,DoorSpread,DoorMaster,9.010000,D,S,12194.000000
Wed Jul 16 20:38:29 2025,16-Jul-2025,233830,48 24.470300 N,062 6.312700 W,1.9,40.1,A,DoorSpread,DoorMaster,9.010000,D,S,12194.000000
Wed Jul 16 20:38:29 2025,16-Jul-2025,233831,48 24.470700 N,062 6.312200 W,1.9,39.9,A,DoorSpread,DoorMaster,9.010000,D,S,12194.000000
Wed Jul 16 20:38:29 2025,16-Jul-2025,233832,48 24.471100 N,062 6.311700 W,2.0,39.9,A,DoorSpread,DoorMaster,9.010000,D,S,12194.000000
Wed Jul 16 20:38:29 2025,16-Jul-2025,233833,48 24.471600 N,062 6.311200 W,2.0,39.8,A,DoorSpread,DoorMaster,9.010000,D,S,12194.000000
Wed Jul 16 20:38:34 2025,16-Jul-2025,233834,48 24.472000 N,062 6.310700 W,2.0,39.6,A,DoorSpread,DoorMaster,8.900000,D,S,11497.000000
Wed Jul 16 20:38:34 2025,16-Jul-2025,233835,48 24.472600 N,062 6.310300 W,2.0,39.3,A,DoorSpread,DoorMaster,8.900000,D,S,11497.000000
Wed Jul 16 20:38:34 2025,16-Jul-2025,233836,48 24.473100 N,062 6.309800 W,2.1,39.1,A,DoorSpread,DoorMaster,8.900000,D,S,11497.000000
Wed Jul 16 20:38:34 2025,16-Jul-2025,233837,48 24.473600 N,062 6.309200 W,2.1,39.4,A,DoorSpread,DoorMaster,8.900000,D,S,11497.000000
Wed Jul 16 20:38:34 2025,16-Jul-2025,233838,48 24.474000 N,062 6.308500 W,2.2,39.8,A,DoorSpread,DoorMaster,8.900000,D,S,11497.000000
Wed Jul 16 20:38:40 2025,16-Jul-2025,233839,48 24.474400 N,062 6.307800 W,2.2,39.8,A,DoorSpread,DoorMaster,9.510000,D,S,10889.000000
Wed Jul 16 20:38:40 2025,16-Jul-2025,233840,48 24.474900 N,062 6.307400 W,2.2,39.7,A,DoorSpread,DoorMaster,9.510000,D,S,10889.000000
Wed Jul 16 20:38:40 2025,16-Jul-2025,233841,48 24.475300 N,062 6.306800 W,2.2,40.0,A,DoorSpread,DoorMaster,9.510000,D,S,10889.000000
Wed Jul 16 20:38:40 2025,16-Jul-2025,233842,48 24.475700 N,062 6.306300 W,2.2,39.9,A,DoorSpread,DoorMaster,9.510000,D,S,10889.000000
Wed Jul 16 20:38:40 2025,16-Jul-2025,233843,48 24.476100 N,062 6.305900 W,2.2,39.5,A,DoorSpread,DoorMaster,9.510000,D,S,10889.000000
Wed Jul 16 20:38:40 2025,16-Jul-2025,233844,48 24.476600 N,062 6.305300 W,2.2,39.3,A,DoorSpread,DoorMaster,9.510000,D,S,10889.000000
Wed Jul 16 20:38:46 2025,16-Jul-2025,233845,48 24.477000 N,062 6.304700 W,2.2,39.1,A,DoorSpread,DoorMaster,9.005000,D,S,18816.000000
Wed Jul 16 20:38:46 2025,16-Jul-2025,233846,48 24.477400 N,062 6.304200 W,2.2,38.9,A,DoorSpread,DoorMaster,9.005000,D,S,18816.000000
Wed Jul 16 20:38:46 2025,16-Jul-2025,233847,48 24.477800 N,062 6.303600 W,2.2,39.0,A,DoorSpread,DoorMaster,9.005000,D,S,18816.000000
Wed Jul 16 20:38:46 2025,16-Jul-2025,233848,48 24.478300 N,062 6.302900 W,2.2,39.2,A,DoorSpread,DoorMaster,9.005000,D,S,18816.000000
Wed Jul 16 20:38:46 2025,16-Jul-2025,233849,48 24.478900 N,062 6.302400 W,2.2,39.2,A,DoorSpread,DoorMaster,9.005000,D,S,18816.000000
Wed Jul 16 20:38:46 2025,16-Jul-2025,233850,48 24.479400 N,062 6.301900 W,2.2,39.0,A,DoorSpread,DoorMaster,9.005000,D,S,18816.000000
Wed Jul 16 20:38:52 2025,16-Jul-2025,233851,48 24.480000 N,062 6.301300 W,2.2,38.9,A,DoorSpread,DoorMaster,8.985000,D,S,12935.000000
Wed Jul 16 20:38:52 2025,16-Jul-2025,233852,48 24.480500 N,062 6.300700 W,2.2,38.9,A,DoorSpread,DoorMaster,8.985000,D,S,12935.000000
Wed Jul 16 20:38:52 2025,16-Jul-2025,233853,48 24.481000 N,062 6.300200 W,2.2,39.1,A,DoorSpread,DoorMaster,8.985000,D,S,12935.000000
Wed Jul 16 20:38:52 2025,16-Jul-2025,233854,48 24.481600 N,062 6.299700 W,2.2,39.2,A,DoorSpread,DoorMaster,8.985000,D,S,12935.000000
Wed Jul 16 20:38:52 2025,16-Jul-2025,233855,48 24.482100 N,062 6.299000 W,2.2,39.4,A,DoorSpread,DoorMaster,8.985000,D,S,12935.000000
Wed Jul 16 20:38:52 2025,16-Jul-2025,233856,48 24.482700 N,062 6.298400 W,2.2,39.5,A,DoorSpread,DoorMaster,8.985000,D,S,12935.000000
Wed Jul 16 20:38:58 2025,16-Jul-2025,233857,48 24.483100 N,062 6.297900 W,2.2,39.4,A,DoorSpread,DoorMaster,8.760000,D,S,11444.000000
Wed Jul 16 20:38:58 2025,16-Jul-2025,233858,48 24.483500 N,062 6.297300 W,2.2,39.4,A,DoorSpread,DoorMaster,8.760000,D,S,11444.000000
Wed Jul 16 20:38:58 2025,16-Jul-2025,233859,48 24.483900 N,062 6.296700 W,2.1,39.4,A,DoorSpread,DoorMaster,8.760000,D,S,11444.000000
Wed Jul 16 20:38:58 2025,16-Jul-2025,233900,48 24.484200 N,062 6.296200 W,2.1,39.4,A,DoorSpread,DoorMaster,8.760000,D,S,11444.000000
Wed Jul 16 20:38:58 2025,16-Jul-2025,233901,48 24.484600 N,062 6.295700 W,2.1,39.5,A,DoorSpread,DoorMaster,8.760000,D,S,11444.000000
Wed Jul 16 20:39:03 2025,16-Jul-2025,233902,48 24.484900 N,062 6.295200 W,2.0,39.5,A,DoorSpread,DoorMaster,9.475000,D,S,10871.000000
Wed Jul 16 20:39:03 2025,16-Jul-2025,233903,48 24.485300 N,062 6.294800 W,2.0,39.5,A,DoorSpread,DoorMaster,9.475000,D,S,10871.000000
Wed Jul 16 20:39:03 2025,16-Jul-2025,233904,48 24.485700 N,062 6.294400 W,2.0,39.5,A,DoorSpread,DoorMaster,9.475000,D,S,10871.000000
Wed Jul 16 20:39:03 2025,16-Jul-2025,233905,48 24.486000 N,062 6.293900 W,2.0,39.4,A,DoorSpread,DoorMaster,9.475000,D,S,10871.000000
Wed Jul 16 20:39:03 2025,16-Jul-2025,233906,48 24.486400 N,062 6.293400 W,2.0,39.4,A,DoorSpread,DoorMaster,9.475000,D,S,10871.000000
Wed Jul 16 20:39:03 2025,16-Jul-2025,233907,48 24.486700 N,062 6.292900 W,1.9,39.4,A,DoorSpread,DoorMaster,9.475000,D,S,10871.000000
Wed Jul 16 20:39:09 2025,16-Jul-2025,233908,48 24.487100 N,062 6.292400 W,2.0,39.4,A,DoorSpread,DoorMaster,9.150000,D,S,8027.000000
Wed Jul 16 20:39:09 2025,16-Jul-2025,233909,48 24.487500 N,062 6.291900 W,2.0,39.4,A,DoorSpread,DoorMaster,9.150000,D,S,8027.000000
Wed Jul 16 20:39:09 2025,16-Jul-2025,233910,48 24.488000 N,062 6.291500 W,2.0,39.5,A,DoorSpread,DoorMaster,9.150000,D,S,8027.000000
Wed Jul 16 20:39:09 2025,16-Jul-2025,233911,48 24.488400 N,062 6.291000 W,2.0,39.3,A,DoorSpread,DoorMaster,9.150000,D,S,8027.000000
Wed Jul 16 20:39:09 2025,16-Jul-2025,233912,48 24.488900 N,062 6.290600 W,2.1,39.2,A,DoorSpread,DoorMaster,9.150000,D,S,8027.000000
Wed Jul 16 20:39:09 2025,16-Jul-2025,233913,48 24.489400 N,062 6.290100 W,2.1,39.4,A,DoorSpread,DoorMaster,9.150000,D,S,8027.000000
Wed Jul 16 20:39:15 2025,16-Jul-2025,233914,48 24.489800 N,062 6.289500 W,2.1,39.6,A,DoorSpread,DoorMaster,8.455000,D,S,11403.000000
Wed Jul 16 20:39:15 2025,16-Jul-2025,233915,48 24.490300 N,062 6.288900 W,2.2,39.4,A,DoorSpread,DoorMaster,8.455000,D,S,11403.000000
Wed Jul 16 20:39:15 2025,16-Jul-2025,233916,48 24.490900 N,062 6.288400 W,2.2,39.2,A,DoorSpread,DoorMaster,8.455000,D,S,11403.000000
Wed Jul 16 20:39:15 2025,16-Jul-2025,233917,48 24.491400 N,062 6.287900 W,2.2,39.2,A,DoorSpread,DoorMaster,8.455000,D,S,11403.000000
Wed Jul 16 20:39:15 2025,16-Jul-2025,233918,48 24.491800 N,062 6.287300 W,2.2,39.2,A,DoorSpread,DoorMaster,8.455000,D,S,11403.000000
Wed Jul 16 20:39:15 2025,16-Jul-2025,233919,48 24.492200 N,062 6.286700 W,2.2,39.1,A,DoorSpread,DoorMaster,8.455000,D,S,11403.000000
Wed Jul 16 20:39:21 2025,16-Jul-2025,233920,48 24.492700 N,062 6.286100 W,2.2,38.9,A,DoorSpread,DoorMaster,8.835000,D,S,10892.000000
Wed Jul 16 20:39:21 2025,16-Jul-2025,233921,48 24.493100 N,062 6.285500 W,2.2,39.0,A,DoorSpread,DoorMaster,8.835000,D,S,10892.000000
Wed Jul 16 20:39:21 2025,16-Jul-2025,233922,48 24.493500 N,062 6.284900 W,2.3,39.0,A,DoorSpread,DoorMaster,8.835000,D,S,10892.000000
Wed Jul 16 20:39:21 2025,16-Jul-2025,233923,48 24.494000 N,062 6.284200 W,2.2,38.8,A,DoorSpread,DoorMaster,8.835000,D,S,10892.000000
Wed Jul 16 20:39:21 2025,16-Jul-2025,233924,48 24.494300 N,062 6.283400 W,2.2,38.7,A,DoorSpread,DoorMaster,8.835000,D,S,10892.000000
Wed Jul 16 20:39:26 2025,16-Jul-2025,233925,48 24.494700 N,062 6.282600 W,2.2,38.8,A,DoorSpread,DoorMaster,8.305000,D,S,18031.000000
Wed Jul 16 20:39:26 2025,16-Jul-2025,233926,48 24.495000 N,062 6.281900 W,2.2,38.9,A,DoorSpread,DoorMaster,8.305000,D,S,18031.000000
Wed Jul 16 20:39:26 2025,16-Jul-2025,233927,48 24.495400 N,062 6.281100 W,2.1,39.1,A,DoorSpread,DoorMaster,8.305000,D,S,18031.000000
Wed Jul 16 20:39:26 2025,16-Jul-2025,233928,48 24.495700 N,062 6.280500 W,2.1,39.3,A,DoorSpread,DoorMaster,8.305000,D,S,18031.000000
Wed Jul 16 20:39:26 2025,16-Jul-2025,233929,48 24.496100 N,062 6.279900 W,2.1,39.4,A,DoorSpread,DoorMaster,8.305000,D,S,18031.000000
Wed Jul 16 20:39:26 2025,16-Jul-2025,233930,48 24.496500 N,062 6.279400 W,2.0,39.5,A,DoorSpread,DoorMaster,8.305000,D,S,18031.000000
Wed Jul 16 20:39:26 2025,16-Jul-2025,233931,48 24.496900 N,062 6.278800 W,2.0,39.7,A,DoorSpread,DoorMaster,8.305000,D,S,18031.000000
Wed Jul 16 20:39:26 2025,16-Jul-2025,233932,48 24.497200 N,062 6.278200 W,2.0,39.8,A,DoorSpread,DoorMaster,8.305000,D,S,18031.000000
Wed Jul 16 20:39:26 2025,16-Jul-2025,233933,48 24.497600 N,062 6.277700 W,2.0,39.9,A,DoorSpread,DoorMaster,8.305000,D,S,18031.000000
Wed Jul 16 20:39:26 2025,16-Jul-2025,233934,48 24.497900 N,062 6.277100 W,2.0,39.9,A,DoorSpread,DoorMaster,8.305000,D,S,18031.000000
Wed Jul 16 20:39:26 2025,16-Jul-2025,233935,48 24.498200 N,062 6.276500 W,1.9,39.8,A,DoorSpread,DoorMaster,8.305000,D,S,18031.000000
Wed Jul 16 20:39:26 2025,16-Jul-2025,233936,48 24.498600 N,062 6.275900 W,1.9,39.9,A,DoorSpread,DoorMaster,8.305000,D,S,18031.000000
Wed Jul 16 20:39:26 2025,16-Jul-2025,233937,48 24.498800 N,062 6.275300 W,1.9,39.9,A,DoorSpread,DoorMaster,8.305000,D,S,18031.000000
Wed Jul 16 20:39:26 2025,16-Jul-2025,233938,48 24.499100 N,062 6.274500 W,2.0,39.7,A,DoorSpread,DoorMaster,8.305000,D,S,18031.000000
Wed Jul 16 20:39:26 2025,16-Jul-2025,233939,48 24.499400 N,062 6.273800 W,2.0,39.6,A,DoorSpread,DoorMaster,8.305000,D,S,18031.000000
Wed Jul 16 20:39:26 2025,16-Jul-2025,233940,48 24.499700 N,062 6.273100 W,2.0,39.5,A,DoorSpread,DoorMaster,8.305000,D,S,18031.000000
Wed Jul 16 20:39:26 2025,16-Jul-2025,233941,48 24.500000 N,062 6.272500 W,2.1,39.5,A,DoorSpread,DoorMaster,8.305000,D,S,18031.000000
Wed Jul 16 20:39:26 2025,16-Jul-2025,233942,48 24.500400 N,062 6.271800 W,2.1,39.6,A,DoorSpread,DoorMaster,8.305000,D,S,18031.000000
Wed Jul 16 20:39:26 2025,16-Jul-2025,233943,48 24.500700 N,062 6.271100 W,2.1,39.8,A,DoorSpread,DoorMaster,8.305000,D,S,18031.000000
Wed Jul 16 20:39:26 2025,16-Jul-2025,233944,48 24.501100 N,062 6.270500 W,2.1,39.8,A,DoorSpread,DoorMaster,8.305000,D,S,18031.000000
Wed Jul 16 20:39:26 2025,16-Jul-2025,233945,48 24.501400 N,062 6.269800 W,2.2,39.8,A,DoorSpread,DoorMaster,8.305000,D,S,18031.000000
Wed Jul 16 20:39:26 2025,16-Jul-2025,233946,48 24.501900 N,062 6.269100 W,2.3,39.9,A,DoorSpread,DoorMaster,8.305000,D,S,18031.000000
Wed Jul 16 20:39:26 2025,16-Jul-2025,233947,48 24.502400 N,062 6.268500 W,2.3,40.0,A,DoorSpread,DoorMaster,8.305000,D,S,18031.000000
Wed Jul 16 20:39:26 2025,16-Jul-2025,233948,48 24.502900 N,062 6.268000 W,2.4,39.7,A,DoorSpread,DoorMaster,8.305000,D,S,18031.000000
Wed Jul 16 20:39:26 2025,16-Jul-2025,233949,48 24.503600 N,062 6.267300 W,2.5,39.4,A,DoorSpread,DoorMaster,8.305000,D,S,18031.000000
Wed Jul 16 20:39:26 2025,16-Jul-2025,233950,48 24.504200 N,062 6.266500 W,2.6,39.4,A,DoorSpread,DoorMaster,8.305000,D,S,18031.000000
Wed Jul 16 20:39:26 2025,16-Jul-2025,233951,48 24.504800 N,062 6.265800 W,2.6,39.3,A,DoorSpread,DoorMaster,8.305000,D,S,18031.000000
Wed Jul 16 20:39:26 2025,16-Jul-2025,233952,48 24.505600 N,062 6.265200 W,2.7,38.9,A,DoorSpread,DoorMaster,8.305000,D,S,18031.000000
Wed Jul 16 20:39:26 2025,16-Jul-2025,233953,48 24.506300 N,062 6.264600 W,2.8,38.7,A,DoorSpread,DoorMaster,8.305000,D,S,18031.000000
Wed Jul 16 20:39:26 2025,16-Jul-2025,233954,48 24.507100 N,062 6.263800 W,2.8,38.6,A,DoorSpread,DoorMaster,8.305000,D,S,18031.000000
Wed Jul 16 20:39:26 2025,16-Jul-2025,233955,48 24.507800 N,062 6.263000 W,3.0,38.5,A,DoorSpread,DoorMaster,8.305000,D,S,18031.000000
Wed Jul 16 20:39:26 2025,16-Jul-2025,233956,48 24.508500 N,062 6.262100 W,3.1,38.4,A,DoorSpread,DoorMaster,8.305000,D,S,18031.000000
Wed Jul 16 20:39:26 2025,16-Jul-2025,233957,48 24.509200 N,062 6.261000 W,3.2,38.7,A,DoorSpread,DoorMaster,8.305000,D,S,18031.000000
Wed Jul 16 20:39:26 2025,16-Jul-2025,233958,48 24.510000 N,062 6.260000 W,3.3,39.1,A,DoorSpread,DoorMaster,8.305000,D,S,18031.000000
Wed Jul 16 20:39:26 2025,16-Jul-2025,233959,48 24.510700 N,062 6.259000 W,3.4,39.3,A,DoorSpread,DoorMaster,8.305000,D,S,18031.000000
Wed Jul 16 20:39:26 2025,16-Jul-2025,234000,48 24.511500 N,062 6.258100 W,3.5,39.3,A,DoorSpread,DoorMaster,8.305000,D,S,18031.000000
Wed Jul 16 20:39:26 2025,16-Jul-2025,234001,48 24.512300 N,062 6.257200 W,3.6,39.3,A,DoorSpread,DoorMaster,8.305000,D,S,18031.000000
Wed Jul 16 20:39:26 2025,16-Jul-2025,234002,48 24.513200 N,062 6.256200 W,3.6,39.3,A,DoorSpread,DoorMaster,8.305000,D,S,18031.000000
Wed Jul 16 20:39:26 2025,16-Jul-2025,234003,48 24.514000 N,062 6.255300 W,3.6,39.3,A,DoorSpread,DoorMaster,8.305000,D,S,18031.000000
Wed Jul 16 20:39:26 2025,16-Jul-2025,234004,48 24.514800 N,062 6.254400 W,3.7,39.2,A,DoorSpread,DoorMaster,8.305000,D,S,18031.000000
Wed Jul 16 20:39:26 2025,16-Jul-2025,234005,48 24.515600 N,062 6.253300 W,3.7,39.5,A,DoorSpread,DoorMaster,8.305000,D,S,18031.000000
Wed Jul 16 20:39:26 2025,16-Jul-2025,234006,48 24.516500 N,062 6.252200 W,3.8,39.7,A,DoorSpread,DoorMaster,8.305000,D,S,18031.000000
Wed Jul 16 20:39:26 2025,16-Jul-2025,234007,48 24.517300 N,062 6.251300 W,3.8,39.4,A,DoorSpread,DoorMaster,8.305000,D,S,18031.000000
Wed Jul 16 20:39:26 2025,16-Jul-2025,234008,48 24.518200 N,062 6.250400 W,3.8,39.1,A,DoorSpread,DoorMaster,8.305000,D,S,18031.000000
Wed Jul 16 20:39:26 2025,16-Jul-2025,234009,48 24.519100 N,062 6.249500 W,3.9,39.0,A,DoorSpread,DoorMaster,8.305000,D,S,18031.000000
Wed Jul 16 20:39:26 2025,16-Jul-2025,234010,48 24.519900 N,062 6.248600 W,3.9,38.9,A,DoorSpread,DoorMaster,8.305000,D,S,18031.000000
Wed Jul 16 20:39:26 2025,16-Jul-2025,234011,48 24.520700 N,062 6.247700 W,3.9,38.7,A,DoorSpread,DoorMaster,8.305000,D,S,18031.000000
Wed Jul 16 20:39:26 2025,16-Jul-2025,234012,48 24.521600 N,062 6.246700 W,3.9,38.6,A,DoorSpread,DoorMaster,8.305000,D,S,18031.000000
Wed Jul 16 20:39:26 2025,16-Jul-2025,234013,48 24.522500 N,062 6.245600 W,3.9,38.7,A,DoorSpread,DoorMaster,8.305000,D,S,18031.000000
Wed Jul 16 20:39:26 2025,16-Jul-2025,234014,48 24.523400 N,062 6.244500 W,4.0,38.8,A,DoorSpread,DoorMaster,8.305000,D,S,18031.000000
Wed Jul 16 20:39:26 2025,16-Jul-2025,234015,48 24.524400 N,062 6.243300 W,4.1,39.0,A,DoorSpread,DoorMaster,8.305000,D,S,18031.000000
Wed Jul 16 20:39:26 2025,16-Jul-2025,234016,48 24.525300 N,062 6.242100 W,4.2,39.1,A,DoorSpread,DoorMaster,8.305000,D,S,18031.000000
Wed Jul 16 20:39:26 2025,16-Jul-2025,234017,48 24.526400 N,062 6.240900 W,4.2,39.1,A,DoorSpread,DoorMaster,8.305000,D,S,18031.000000
Wed Jul 16 20:39:26 2025,16-Jul-2025,234018,48 24.527300 N,062 6.239700 W,4.2,39.0,A,DoorSpread,DoorMaster,8.305000,D,S,18031.000000
Wed Jul 16 20:39:26 2025,16-Jul-2025,234019,48 24.528200 N,062 6.238400 W,4.3,39.2,A,DoorSpread,DoorMaster,8.305000,D,S,18031.000000
Wed Jul 16 20:39:26 2025,16-Jul-2025,234020,48 24.529000 N,062 6.237000 W,4.3,39.2,A,DoorSpread,DoorMaster,8.305000,D,S,18031.000000
Wed Jul 16 20:39:26 2025,16-Jul-2025,234021,48 24.529900 N,062 6.235600 W,4.3,39.0,A,DoorSpread,DoorMaster,8.305000,D,S,18031.000000
Wed Jul 16 20:39:26 2025,16-Jul-2025,234022,48 24.530800 N,062 6.234400 W,4.3,38.6,A,DoorSpread,DoorMaster,8.305000,D,S,18031.000000
Wed Jul 16 20:39:26 2025,16-Jul-2025,234023,48 24.531600 N,062 6.233300 W,4.2,38.6,A,DoorSpread,DoorMaster,8.305000,D,S,18031.000000
Wed Jul 16 20:39:26 2025,16-Jul-2025,234024,48 24.532400 N,062 6.232100 W,4.2,38.8,A,DoorSpread,DoorMaster,8.305000,D,S,18031.000000
Wed Jul 16 20:39:26 2025,16-Jul-2025,234025,48 24.533200 N,062 6.230900 W,4.2,38.8,A,DoorSpread,DoorMaster,8.305000,D,S,18031.000000
Wed Jul 16 20:39:26 2025,16-Jul-2025,234026,48 24.534100 N,062 6.229900 W,4.2,38.4,A,DoorSpread,DoorMaster,8.305000,D,S,18031.000000
Wed Jul 16 20:39:26 2025,16-Jul-2025,234027,48 24.535000 N,062 6.229000 W,4.1,38.1,A,DoorSpread,DoorMaster,8.305000,D,S,18031.000000
Wed Jul 16 20:39:26 2025,16-Jul-2025,234028,48 24.535800 N,062 6.227900 W,4.1,38.2,A,DoorSpread,DoorMaster,8.305000,D,S,18031.000000
Wed Jul 16 20:39:26 2025,16-Jul-2025,234029,48 24.536600 N,062 6.226600 W,4.2,38.5,A,DoorSpread,DoorMaster,8.305000,D,S,18031.000000
Wed Jul 16 20:39:26 2025,16-Jul-2025,234030,48 24.537500 N,062 6.225400 W,4.2,38.6,A,DoorSpread,DoorMaster,8.305000,D,S,18031.000000
Wed Jul 16 20:39:26 2025,16-Jul-2025,234031,48 24.538400 N,062 6.224300 W,4.2,38.7,A,DoorSpread,DoorMaster,8.305000,D,S,18031.000000
Wed Jul 16 20:39:26 2025,16-Jul-2025,234032,48 24.539200 N,062 6.223200 W,4.1,38.9,A,DoorSpread,DoorMaster,8.305000,D,S,18031.000000
Wed Jul 16 20:39:26 2025,16-Jul-2025,234033,48 24.540100 N,062 6.222200 W,4.1,39.0,A,DoorSpread,DoorMaster,8.305000,D,S,18031.000000
Wed Jul 16 20:39:26 2025,16-Jul-2025,234034,48 24.541000 N,062 6.221200 W,4.2,38.9,A,DoorSpread,DoorMaster,8.305000,D,S,18031.000000
Wed Jul 16 20:39:26 2025,16-Jul-2025,234035,48 24.541900 N,062 6.220200 W,4.2,39.1,A,DoorSpread,DoorMaster,8.305000,D,S,18031.000000
Wed Jul 16 20:39:26 2025,16-Jul-2025,234036,48 24.542800 N,062 6.219000 W,4.2,38.9,A,DoorSpread,DoorMaster,8.305000,D,S,18031.000000
Wed Jul 16 20:39:26 2025,16-Jul-2025,234037,48 24.543700 N,062 6.217900 W,4.2,38.8,A,DoorSpread,DoorMaster,8.305000,D,S,18031.000000
Wed Jul 16 20:39:26 2025,16-Jul-2025,234038,48 24.544600 N,062 6.216800 W,4.2,38.9,A,DoorSpread,DoorMaster,8.305000,D,S,18031.000000
Wed Jul 16 20:39:26 2025,16-Jul-2025,234039,48 24.545500 N,062 6.215600 W,4.2,39.3,A,DoorSpread,DoorMaster,8.305000,D,S,18031.000000
Wed Jul 16 20:39:26 2025,16-Jul-2025,234040,48 24.546300 N,062 6.214600 W,4.2,39.4,A,DoorSpread,DoorMaster,8.305000,D,S,18031.000000
Wed Jul 16 20:39:26 2025,16-Jul-2025,234041,48 24.547200 N,062 6.213700 W,4.2,39.2,A,DoorSpread,DoorMaster,8.305000,D,S,18031.000000
Wed Jul 16 20:39:26 2025,16-Jul-2025,234042,48 24.548100 N,062 6.212800 W,4.2,39.0,A,DoorSpread,DoorMaster,8.305000,D,S,18031.000000
Wed Jul 16 20:39:26 2025,16-Jul-2025,234043,48 24.548900 N,062 6.211700 W,4.2,39.2,A,DoorSpread,DoorMaster,8.305000,D,S,18031.000000
Wed Jul 16 20:39:26 2025,16-Jul-2025,234044,48 24.549800 N,062 6.210500 W,4.1,39.4,A,DoorSpread,DoorMaster,8.305000,D,S,18031.000000
Wed Jul 16 20:39:26 2025,16-Jul-2025,234045,48 24.550600 N,062 6.209400 W,4.1,39.2,A,DoorSpread,DoorMaster,8.305000,D,S,18031.000000
Wed Jul 16 20:39:26 2025,16-Jul-2025,234046,48 24.551500 N,062 6.208300 W,4.1,39.2,A,DoorSpread,DoorMaster,8.305000,D,S,18031.000000
Wed Jul 16 20:39:26 2025,16-Jul-2025,234047,48 24.552300 N,062 6.207300 W,4.1,39.2,A,DoorSpread,DoorMaster,8.305000,D,S,18031.000000
Wed Jul 16 20:39:26 2025,16-Jul-2025,234048,48 24.553100 N,062 6.206300 W,4.0,39.3,A,DoorSpread,DoorMaster,8.305000,D,S,18031.000000
Wed Jul 16 20:39:26 2025,16-Jul-2025,234049,48 24.553800 N,062 6.205300 W,4.0,39.3,A,DoorSpread,DoorMaster,8.305000,D,S,18031.000000
Wed Jul 16 20:39:26 2025,16-Jul-2025,234050,48 24.554600 N,062 6.204300 W,4.0,39.3,A,DoorSpread,DoorMaster,8.305000,D,S,18031.000000
Wed Jul 16 20:39:26 2025,16-Jul-2025,234051,48 24.555500 N,062 6.203400 W,4.0,39.2,A,DoorSpread,DoorMaster,8.305000,D,S,18031.000000
Wed Jul 16 20:39:26 2025,16-Jul-2025,234052,48 24.556400 N,062 6.202500 W,3.9,39.1,A,DoorSpread,DoorMaster,8.305000,D,S,18031.000000
Wed Jul 16 20:39:26 2025,16-Jul-2025,234053,48 24.557200 N,062 6.201600 W,3.9,39.0,A,DoorSpread,DoorMaster,8.305000,D,S,18031.000000
Wed Jul 16 20:39:26 2025,16-Jul-2025,234054,48 24.558000 N,062 6.200700 W,3.9,39.1,A,DoorSpread,DoorMaster,8.305000,D,S,18031.000000
Wed Jul 16 20:39:26 2025,16-Jul-2025,234055,48 24.558800 N,062 6.199800 W,3.9,39.0,A,DoorSpread,DoorMaster,8.305000,D,S,18031.000000
Wed Jul 16 20:39:26 2025,16-Jul-2025,234056,48 24.559600 N,062 6.198900 W,3.9,38.8,A,DoorSpread,DoorMaster,8.305000,D,S,18031.000000
Wed Jul 16 20:39:26 2025,16-Jul-2025,234057,48 24.560500 N,062 6.197900 W,3.9,38.9,A,DoorSpread,DoorMaster,8.305000,D,S,18031.000000
Wed Jul 16 20:39:26 2025,16-Jul-2025,234058,48 24.561300 N,062 6.197000 W,3.9,39.0,A,DoorSpread,DoorMaster,8.305000,D,S,18031.000000
Wed Jul 16 20:39:26 2025,16-Jul-2025,234059,48 24.562200 N,062 6.196200 W,3.8,38.9,A,DoorSpread,DoorMaster,8.305000,D,S,18031.000000
Wed Jul 16 20:39:26 2025,16-Jul-2025,234100,48 24.563000 N,062 6.195400 W,3.8,38.7,A,DoorSpread,DoorMaster,8.305000,D,S,18031.000000
Wed Jul 16 20:39:26 2025,16-Jul-2025,234101,48 24.563800 N,062 6.194600 W,3.8,38.7,A,DoorSpread,DoorMaster,8.305000,D,S,18031.000000
Wed Jul 16 20:39:26 2025,16-Jul-2025,234102,48 24.564500 N,062 6.193700 W,3.7,38.7,A,DoorSpread,DoorMaster,8.305000,D,S,18031.000000
Wed Jul 16 20:39:26 2025,16-Jul-2025,234103,48 24.565300 N,062 6.193000 W,3.7,38.7,A,DoorSpread,DoorMaster,8.305000,D,S,18031.000000
Wed Jul 16 20:39:26 2025,16-Jul-2025,234104,48 24.566100 N,062 6.192200 W,3.7,38.7,A,DoorSpread,DoorMaster,8.305000,D,S,18031.000000
Wed Jul 16 20:39:26 2025,16-Jul-2025,234105,48 24.566800 N,062 6.191300 W,3.7,38.8,A,DoorSpread,DoorMaster,8.305000,D,S,18031.000000
Wed Jul 16 20:39:26 2025,16-Jul-2025,234106,48 24.567600 N,062 6.190400 W,3.6,38.8,A,DoorSpread,DoorMaster,8.305000,D,S,18031.000000
Wed Jul 16 20:39:26 2025,16-Jul-2025,234107,48 24.568300 N,062 6.189500 W,3.6,38.7,A,DoorSpread,DoorMaster,8.305000,D,S,18031.000000
Wed Jul 16 20:39:26 2025,16-Jul-2025,234108,48 24.569000 N,062 6.188600 W,3.6,38.7,A,DoorSpread,DoorMaster,8.305000,D,S,18031.000000
Wed Jul 16 20:39:26 2025,16-Jul-2025,234109,48 24.569700 N,062 6.187700 W,3.6,38.7,A,DoorSpread,DoorMaster,8.305000,D,S,18031.000000
Wed Jul 16 20:39:26 2025,16-Jul-2025,234110,48 24.570400 N,062 6.186700 W,3.7,38.7,A,DoorSpread,DoorMaster,8.305000,D,S,18031.000000
Wed Jul 16 20:39:26 2025,16-Jul-2025,234111,48 24.571200 N,062 6.185800 W,3.7,38.7,A,DoorSpread,DoorMaster,8.305000,D,S,18031.000000
Wed Jul 16 20:39:26 2025,16-Jul-2025,234112,48 24.571900 N,062 6.184800 W,3.7,38.7,A,DoorSpread,DoorMaster,8.305000,D,S,18031.000000
Wed Jul 16 20:39:26 2025,16-Jul-2025,234113,48 24.572700 N,062 6.183900 W,3.7,38.8,A,DoorSpread,DoorMaster,8.305000,D,S,18031.000000
Wed Jul 16 20:39:26 2025,16-Jul-2025,234114,48 24.573500 N,062 6.182900 W,3.7,38.7,A,DoorSpread,DoorMaster,8.305000,D,S,18031.000000
Wed Jul 16 20:39:26 2025,16-Jul-2025,234115,48 24.574300 N,062 6.181900 W,3.8,38.3,A,DoorSpread,DoorMaster,8.305000,D,S,18031.000000
Wed Jul 16 20:39:26 2025,16-Jul-2025,234116,48 24.575100 N,062 6.181000 W,3.8,38.0,A,DoorSpread,DoorMaster,8.305000,D,S,18031.000000
Wed Jul 16 20:39:26 2025,16-Jul-2025,234117,48 24.575900 N,062 6.180100 W,3.8,38.2,A,DoorSpread,DoorMaster,8.305000,D,S,18031.000000
Wed Jul 16 20:39:26 2025,16-Jul-2025,234118,48 24.576800 N,062 6.179000 W,3.8,38.4,A,DoorSpread,DoorMaster,8.305000,D,S,18031.000000
Wed Jul 16 20:39:26 2025,16-Jul-2025,234119,48 24.577600 N,062 6.178100 W,3.8,38.3,A,DoorSpread,DoorMaster,8.305000,D,S,18031.000000
Wed Jul 16 20:39:26 2025,16-Jul-2025,234120,48 24.578500 N,062 6.177200 W,3.8,38.1,A,DoorSpread,DoorMaster,8.305000,D,S,18031.000000
Wed Jul 16 20:39:26 2025,16-Jul-2025,234121,48 24.579400 N,062 6.176400 W,3.8,38.1,A,DoorSpread,DoorMaster,8.305000,D,S,18031.000000
Wed Jul 16 20:39:26 2025,16-Jul-2025,234122,48 24.580200 N,062 6.175500 W,3.9,38.2,A,DoorSpread,DoorMaster,8.305000,D,S,18031.000000
Wed Jul 16 20:39:26 2025,16-Jul-2025,234123,48 24.581100 N,062 6.174500 W,3.9,38.4,A,DoorSpread,DoorMaster,8.305000,D,S,18031.000000
Wed Jul 16 20:39:26 2025,16-Jul-2025,234124,48 24.582000 N,062 6.173500 W,3.9,38.6,A,DoorSpread,DoorMaster,8.305000,D,S,18031.000000
Wed Jul 16 20:39:26 2025,16-Jul-2025,234125,48 24.582800 N,062 6.172500 W,4.0,38.7,A,DoorSpread,DoorMaster,8.305000,D,S,18031.000000
Wed Jul 16 20:39:26 2025,16-Jul-2025,234126,48 24.583800 N,062 6.171500 W,4.0,38.6,A,DoorSpread,DoorMaster,8.305000,D,S,18031.000000
Wed Jul 16 20:41:28 2025,16-Jul-2025,234127,48 24.584700 N,062 6.170500 W,4.0,38.7,A,DoorSpread,DoorMaster,5.845000,D,S,20874.000000
Wed Jul 16 20:41:28 2025,16-Jul-2025,234128,48 24.585600 N,062 6.169500 W,4.0,38.8,A,DoorSpread,DoorMaster,5.845000,D,S,20874.000000
Wed Jul 16 20:41:28 2025,16-Jul-2025,234129,48 24.586400 N,062 6.168500 W,4.0,38.7,A,DoorSpread,DoorMaster,5.845000,D,S,20874.000000
Wed Jul 16 20:41:28 2025,16-Jul-2025,234130,48 24.587300 N,062 6.167600 W,4.0,38.5,A,DoorSpread,DoorMaster,5.845000,D,S,20874.000000
Wed Jul 16 20:41:28 2025,16-Jul-2025,234131,48 24.588200 N,062 6.166700 W,3.9,38.3,A,DoorSpread,DoorMaster,5.845000,D,S,20874.000000
Wed Jul 16 20:41:28 2025,16-Jul-2025,234132,48 24.588900 N,062 6.165800 W,3.9,38.4,A,DoorSpread,DoorMaster,5.845000,D,S,20874.000000
Wed Jul 16 20:41:34 2025,16-Jul-2025,234133,48 24.589600 N,062 6.164800 W,3.9,38.6,A,DoorSpread,DoorMaster,6.175000,D,S,21400.000000
Wed Jul 16 20:41:34 2025,16-Jul-2025,234134,48 24.590400 N,062 6.164000 W,3.9,38.6,A,DoorSpread,DoorMaster,6.175000,D,S,21400.000000
Wed Jul 16 20:41:34 2025,16-Jul-2025,234135,48 24.591200 N,062 6.163100 W,3.9,38.3,A,DoorSpread,DoorMaster,6.175000,D,S,21400.000000
Wed Jul 16 20:41:34 2025,16-Jul-2025,234136,48 24.592100 N,062 6.162200 W,3.9,38.4,A,DoorSpread,DoorMaster,6.175000,D,S,21400.000000
Wed Jul 16 20:41:34 2025,16-Jul-2025,234137,48 24.592800 N,062 6.161200 W,3.9,38.7,A,DoorSpread,DoorMaster,6.175000,D,S,21400.000000
Wed Jul 16 20:41:34 2025,16-Jul-2025,234138,48 24.593600 N,062 6.160200 W,3.9,38.9,A,DoorSpread,DoorMaster,6.175000,D,S,21400.000000
Wed Jul 16 20:41:34 2025,16-Jul-2025,234139,48 24.594500 N,062 6.159300 W,3.9,38.9,A,DoorSpread,DoorMaster,6.175000,D,S,21400.000000
Wed Jul 16 20:41:34 2025,16-Jul-2025,234140,48 24.595300 N,062 6.158600 W,3.9,38.8,A,DoorSpread,DoorMaster,6.175000,D,S,21400.000000
Wed Jul 16 20:41:34 2025,16-Jul-2025,234141,48 24.596100 N,062 6.157600 W,3.9,39.0,A,DoorSpread,DoorMaster,6.175000,D,S,21400.000000
Wed Jul 16 20:41:34 2025,16-Jul-2025,234142,48 24.596900 N,062 6.156500 W,4.0,39.2,A,DoorSpread,DoorMaster,6.175000,D,S,21400.000000
Wed Jul 16 20:41:34 2025,16-Jul-2025,234143,48 24.597800 N,062 6.155400 W,4.0,39.0,A,DoorSpread,DoorMaster,6.175000,D,S,21400.000000
Wed Jul 16 20:41:34 2025,16-Jul-2025,234144,48 24.598600 N,062 6.154300 W,4.0,38.9,A,DoorSpread,DoorMaster,6.175000,D,S,21400.000000
Wed Jul 16 20:41:34 2025,16-Jul-2025,234145,48 24.599300 N,062 6.153200 W,4.0,39.1,A,DoorSpread,DoorMaster,6.175000,D,S,21400.000000
Wed Jul 16 20:41:34 2025,16-Jul-2025,234146,48 24.600100 N,062 6.152100 W,4.0,39.2,A,DoorSpread,DoorMaster,6.175000,D,S,21400.000000
Wed Jul 16 20:41:34 2025,16-Jul-2025,234147,48 24.600900 N,062 6.151000 W,4.0,39.5,A,DoorSpread,DoorMaster,6.175000,D,S,21400.000000
Wed Jul 16 20:41:34 2025,16-Jul-2025,234148,48 24.601700 N,062 6.149900 W,4.0,39.6,A,DoorSpread,DoorMaster,6.175000,D,S,21400.000000
Wed Jul 16 20:41:50 2025,16-Jul-2025,234149,48 24.602400 N,062 6.148800 W,4.0,39.6,A,DoorSpread,DoorMaster,5.670000,D,S,25987.000000
Wed Jul 16 20:41:50 2025,16-Jul-2025,234150,48 24.603200 N,062 6.147600 W,3.9,39.7,A,DoorSpread,DoorMaster,5.670000,D,S,25987.000000
Wed Jul 16 20:41:50 2025,16-Jul-2025,234151,48 24.604000 N,062 6.146500 W,3.9,39.7,A,DoorSpread,DoorMaster,5.670000,D,S,25987.000000
Wed Jul 16 20:41:50 2025,16-Jul-2025,234152,48 24.604800 N,062 6.145400 W,3.9,39.6,A,DoorSpread,DoorMaster,5.670000,D,S,25987.000000
Wed Jul 16 20:41:50 2025,16-Jul-2025,234153,48 24.605500 N,062 6.144100 W,3.9,39.8,A,DoorSpread,DoorMaster,5.670000,D,S,25987.000000
Wed Jul 16 20:41:50 2025,16-Jul-2025,234154,48 24.606300 N,062 6.142900 W,3.9,39.8,A,DoorSpread,DoorMaster,5.670000,D,S,25987.000000
Wed Jul 16 20:41:50 2025,16-Jul-2025,234155,48 24.607000 N,062 6.141700 W,3.9,39.6,A,DoorSpread,DoorMaster,5.670000,D,S,25987.000000
Wed Jul 16 20:41:50 2025,16-Jul-2025,234156,48 24.607800 N,062 6.140600 W,3.9,39.4,A,DoorSpread,DoorMaster,5.670000,D,S,25987.000000
Wed Jul 16 20:41:50 2025,16-Jul-2025,234157,48 24.608600 N,062 6.139400 W,4.0,39.6,A,DoorSpread,DoorMaster,5.670000,D,S,25987.000000
Wed Jul 16 20:41:50 2025,16-Jul-2025,234158,48 24.609400 N,062 6.138300 W,4.0,39.9,A,DoorSpread,DoorMaster,5.670000,D,S,25987.000000
Wed Jul 16 20:41:50 2025,16-Jul-2025,234159,48 24.610200 N,062 6.137300 W,4.0,39.9,A,DoorSpread,DoorMaster,5.670000,D,S,25987.000000
Wed Jul 16 20:41:50 2025,16-Jul-2025,234200,48 24.611000 N,062 6.136300 W,3.9,39.7,A,DoorSpread,DoorMaster,5.670000,D,S,25987.000000
Wed Jul 16 20:41:50 2025,16-Jul-2025,234201,48 24.611900 N,062 6.135300 W,4.0,39.7,A,DoorSpread,DoorMaster,5.670000,D,S,25987.000000
Wed Jul 16 20:41:50 2025,16-Jul-2025,234202,48 24.612700 N,062 6.134100 W,3.9,39.8,A,DoorSpread,DoorMaster,5.670000,D,S,25987.000000
Wed Jul 16 20:41:50 2025,16-Jul-2025,234203,48 24.613400 N,062 6.132900 W,3.9,39.8,A,DoorSpread,DoorMaster,5.670000,D,S,25987.000000
Wed Jul 16 20:41:50 2025,16-Jul-2025,234204,48 24.614200 N,062 6.131900 W,3.9,39.7,A,DoorSpread,DoorMaster,5.670000,D,S,25987.000000
Wed Jul 16 20:41:50 2025,16-Jul-2025,234205,48 24.615000 N,062 6.130900 W,3.9,39.5,A,DoorSpread,DoorMaster,5.670000,D,S,25987.000000
Wed Jul 16 20:41:50 2025,16-Jul-2025,234206,48 24.615700 N,062 6.129800 W,3.8,39.6,A,DoorSpread,DoorMaster,5.670000,D,S,25987.000000
Wed Jul 16 20:41:50 2025,16-Jul-2025,234207,48 24.616500 N,062 6.128700 W,3.8,39.9,A,DoorSpread,DoorMaster,5.670000,D,S,25987.000000
Wed Jul 16 20:41:50 2025,16-Jul-2025,234208,48 24.617200 N,062 6.127800 W,3.8,40.0,A,DoorSpread,DoorMaster,5.670000,D,S,25987.000000
Wed Jul 16 20:41:50 2025,16-Jul-2025,234209,48 24.618000 N,062 6.126900 W,3.8,39.9,A,DoorSpread,DoorMaster,5.670000,D,S,25987.000000
Wed Jul 16 20:41:50 2025,16-Jul-2025,234210,48 24.618900 N,062 6.126100 W,3.8,39.9,A,DoorSpread,DoorMaster,5.670000,D,S,25987.000000
Wed Jul 16 20:41:50 2025,16-Jul-2025,234211,48 24.619600 N,062 6.125200 W,3.8,40.0,A,DoorSpread,DoorMaster,5.670000,D,S,25987.000000
Wed Jul 16 20:41:50 2025,16-Jul-2025,234212,48 24.620300 N,062 6.124300 W,3.8,40.0,A,DoorSpread,DoorMaster,5.670000,D,S,25987.000000
Wed Jul 16 20:41:50 2025,16-Jul-2025,234213,48 24.621200 N,062 6.123400 W,3.8,39.4,A,DoorSpread,DoorMaster,5.670000,D,S,25987.000000
Wed Jul 16 20:41:50 2025,16-Jul-2025,234214,48 24.622000 N,062 6.122400 W,3.8,39.0,A,DoorSpread,DoorMaster,5.670000,D,S,25987.000000
Wed Jul 16 20:41:50 2025,16-Jul-2025,234215,48 24.622800 N,062 6.121400 W,3.8,38.9,A,DoorSpread,DoorMaster,5.670000,D,S,25987.000000
Wed Jul 16 20:41:50 2025,16-Jul-2025,234216,48 24.623600 N,062 6.120300 W,3.8,38.9,A,DoorSpread,DoorMaster,5.670000,D,S,25987.000000
Wed Jul 16 20:41:50 2025,16-Jul-2025,234217,48 24.624400 N,062 6.119300 W,3.8,38.8,A,DoorSpread,DoorMaster,5.670000,D,S,25987.000000
Wed Jul 16 20:41:50 2025,16-Jul-2025,234218,48 24.625200 N,062 6.118300 W,3.8,38.6,A,DoorSpread,DoorMaster,5.670000,D,S,25987.000000
Wed Jul 16 20:41:50 2025,16-Jul-2025,234219,48 24.626000 N,062 6.117300 W,3.8,38.7,A,DoorSpread,DoorMaster,5.670000,D,S,25987.000000
Wed Jul 16 20:41:50 2025,16-Jul-2025,234220,48 24.626800 N,062 6.116300 W,3.8,38.8,A,DoorSpread,DoorMaster,5.670000,D,S,25987.000000
Wed Jul 16 20:41:50 2025,16-Jul-2025,234221,48 24.627700 N,062 6.115300 W,3.9,38.5,A,DoorSpread,DoorMaster,5.670000,D,S,25987.000000
Wed Jul 16 20:41:50 2025,16-Jul-2025,234222,48 24.628600 N,062 6.114200 W,4.0,38.4,A,DoorSpread,DoorMaster,5.670000,D,S,25987.000000
Wed Jul 16 20:41:50 2025,16-Jul-2025,234223,48 24.629500 N,062 6.113000 W,4.0,38.3,A,DoorSpread,DoorMaster,5.670000,D,S,25987.000000
Wed Jul 16 20:41:50 2025,16-Jul-2025,234224,48 24.630400 N,062 6.111800 W,4.0,38.3,A,DoorSpread,DoorMaster,5.670000,D,S,25987.000000
Wed Jul 16 20:41:50 2025,16-Jul-2025,234225,48 24.631100 N,062 6.110700 W,4.1,38.2,A,DoorSpread,DoorMaster,5.670000,D,S,25987.000000
Wed Jul 16 20:41:50 2025,16-Jul-2025,234226,48 24.632000 N,062 6.109500 W,4.1,38.0,A,DoorSpread,DoorMaster,5.670000,D,S,25987.000000
Wed Jul 16 20:41:50 2025,16-Jul-2025,234227,48 24.632800 N,062 6.108300 W,4.1,38.1,A,DoorSpread,DoorMaster,5.670000,D,S,25987.000000
Wed Jul 16 20:41:50 2025,16-Jul-2025,234228,48 24.633500 N,062 6.107200 W,4.1,38.1,A,DoorSpread,DoorMaster,5.670000,D,S,25987.000000
Wed Jul 16 20:41:50 2025,16-Jul-2025,234229,48 24.634300 N,062 6.106200 W,4.1,38.1,A,DoorSpread,DoorMaster,5.670000,D,S,25987.000000
Wed Jul 16 20:41:50 2025,16-Jul-2025,234230,48 24.635100 N,062 6.105200 W,4.1,38.2,A,DoorSpread,DoorMaster,5.670000,D,S,25987.000000
Wed Jul 16 20:41:50 2025,16-Jul-2025,234231,48 24.636000 N,062 6.104100 W,4.1,38.3,A,DoorSpread,DoorMaster,5.670000,D,S,25987.000000
Wed Jul 16 20:41:50 2025,16-Jul-2025,234232,48 24.636900 N,062 6.103000 W,4.1,38.1,A,DoorSpread,DoorMaster,5.670000,D,S,25987.000000
Wed Jul 16 20:42:34 2025,16-Jul-2025,234233,48 24.637800 N,062 6.102000 W,4.1,38.0,A,DoorSpread,DoorMaster,5.940000,D,S,23663.000000
Wed Jul 16 20:42:34 2025,16-Jul-2025,234234,48 24.638600 N,062 6.101000 W,4.2,38.0,A,DoorSpread,DoorMaster,5.940000,D,S,23663.000000
Wed Jul 16 20:42:34 2025,16-Jul-2025,234235,48 24.639500 N,062 6.099900 W,4.2,38.0,A,DoorSpread,DoorMaster,5.940000,D,S,23663.000000
Wed Jul 16 20:42:34 2025,16-Jul-2025,234236,48 24.640400 N,062 6.099000 W,4.2,37.8,A,DoorSpread,DoorMaster,5.940000,D,S,23663.000000
Wed Jul 16 20:42:34 2025,16-Jul-2025,234237,48 24.641300 N,062 6.098000 W,4.1,37.9,A,DoorSpread,DoorMaster,5.940000,D,S,23663.000000
Wed Jul 16 20:42:34 2025,16-Jul-2025,234238,48 24.642000 N,062 6.097000 W,4.0,38.1,A,DoorSpread,DoorMaster,5.940000,D,S,23663.000000
Wed Jul 16 20:42:34 2025,16-Jul-2025,234239,48 24.642700 N,062 6.096100 W,4.0,38.2,A,DoorSpread,DoorMaster,5.940000,D,S,23663.000000
Wed Jul 16 20:42:34 2025,16-Jul-2025,234240,48 24.643500 N,062 6.095200 W,3.9,38.2,A,DoorSpread,DoorMaster,5.940000,D,S,23663.000000
Wed Jul 16 20:42:34 2025,16-Jul-2025,234241,48 24.644300 N,062 6.094300 W,3.9,38.3,A,DoorSpread,DoorMaster,5.940000,D,S,23663.000000
Wed Jul 16 20:42:34 2025,16-Jul-2025,234242,48 24.645100 N,062 6.093300 W,3.9,38.5,A,DoorSpread,DoorMaster,5.940000,D,S,23663.000000
Wed Jul 16 20:42:34 2025,16-Jul-2025,234243,48 24.645900 N,062 6.092200 W,3.9,38.8,A,DoorSpread,DoorMaster,5.940000,D,S,23663.000000
Wed Jul 16 20:42:34 2025,16-Jul-2025,234244,48 24.646800 N,062 6.091100 W,4.0,38.8,A,DoorSpread,DoorMaster,5.940000,D,S,23663.000000
Wed Jul 16 20:42:34 2025,16-Jul-2025,234245,48 24.647800 N,062 6.090200 W,4.0,38.8,A,DoorSpread,DoorMaster,5.940000,D,S,23663.000000
Wed Jul 16 20:42:34 2025,16-Jul-2025,234246,48 24.648700 N,062 6.089200 W,4.1,38.8,A,DoorSpread,DoorMaster,5.940000,D,S,23663.000000
Wed Jul 16 20:42:34 2025,16-Jul-2025,234247,48 24.649600 N,062 6.088200 W,4.1,38.8,A,DoorSpread,DoorMaster,5.940000,D,S,23663.000000
Wed Jul 16 20:42:34 2025,16-Jul-2025,234248,48 24.650500 N,062 6.087400 W,4.1,38.7,A,DoorSpread,DoorMaster,5.940000,D,S,23663.000000
Wed Jul 16 20:42:34 2025,16-Jul-2025,234249,48 24.651500 N,062 6.086500 W,4.1,38.6,A,DoorSpread,DoorMaster,5.940000,D,S,23663.000000
Wed Jul 16 20:42:51 2025,16-Jul-2025,234250,48 24.652400 N,062 6.085600 W,4.1,38.6,A,DoorSpread,DoorMaster,6.150000,D,S,38021.000000
Wed Jul 16 20:42:51 2025,16-Jul-2025,234251,48 24.653200 N,062 6.084600 W,4.1,38.8,A,DoorSpread,DoorMaster,6.150000,D,S,38021.000000
Wed Jul 16 20:42:51 2025,16-Jul-2025,234252,48 24.654100 N,062 6.083600 W,4.1,39.1,A,DoorSpread,DoorMaster,6.150000,D,S,38021.000000
Wed Jul 16 20:42:51 2025,16-Jul-2025,234253,48 24.654900 N,062 6.082800 W,4.0,39.3,A,DoorSpread,DoorMaster,6.150000,D,S,38021.000000
Wed Jul 16 20:42:51 2025,16-Jul-2025,234254,48 24.655700 N,062 6.082000 W,4.0,39.3,A,DoorSpread,DoorMaster,6.150000,D,S,38021.000000
Wed Jul 16 20:42:51 2025,16-Jul-2025,234255,48 24.656500 N,062 6.081100 W,4.0,39.4,A,DoorSpread,DoorMaster,6.150000,D,S,38021.000000
Wed Jul 16 20:42:51 2025,16-Jul-2025,234256,48 24.657200 N,062 6.080100 W,4.0,39.7,A,DoorSpread,DoorMaster,6.150000,D,S,38021.000000
Wed Jul 16 20:42:51 2025,16-Jul-2025,234257,48 24.658000 N,062 6.079100 W,4.0,40.0,A,DoorSpread,DoorMaster,6.150000,D,S,38021.000000
Wed Jul 16 20:42:51 2025,16-Jul-2025,234258,48 24.658800 N,062 6.078100 W,4.0,40.1,A,DoorSpread,DoorMaster,6.150000,D,S,38021.000000
Wed Jul 16 20:42:51 2025,16-Jul-2025,234259,48 24.659600 N,062 6.077000 W,4.0,40.2,A,DoorSpread,DoorMaster,6.150000,D,S,38021.000000
Wed Jul 16 20:42:51 2025,16-Jul-2025,234300,48 24.660400 N,062 6.075800 W,4.1,40.2,A,DoorSpread,DoorMaster,6.150000,D,S,38021.000000
Wed Jul 16 20:42:51 2025,16-Jul-2025,234301,48 24.661300 N,062 6.074500 W,4.2,40.6,A,DoorSpread,DoorMaster,6.150000,D,S,38021.000000
Wed Jul 16 20:42:51 2025,16-Jul-2025,234302,48 24.662200 N,062 6.073300 W,4.1,40.8,A,DoorSpread,DoorMaster,6.150000,D,S,38021.000000
Wed Jul 16 20:42:51 2025,16-Jul-2025,234303,48 24.662900 N,062 6.072400 W,4.1,40.8,A,DoorSpread,DoorMaster,6.150000,D,S,38021.000000
Wed Jul 16 20:42:51 2025,16-Jul-2025,234304,48 24.663800 N,062 6.071400 W,4.1,40.6,A,DoorSpread,DoorMaster,6.150000,D,S,38021.000000
Wed Jul 16 20:42:51 2025,16-Jul-2025,234305,48 24.664700 N,062 6.070300 W,4.2,40.4,A,DoorSpread,DoorMaster,6.150000,D,S,38021.000000
Wed Jul 16 20:42:51 2025,16-Jul-2025,234306,48 24.665700 N,062 6.069200 W,4.1,40.7,A,DoorSpread,DoorMaster,6.150000,D,S,38021.000000
Wed Jul 16 20:42:51 2025,16-Jul-2025,234307,48 24.666500 N,062 6.068100 W,4.1,40.9,A,DoorSpread,DoorMaster,6.150000,D,S,38021.000000
Wed Jul 16 20:42:51 2025,16-Jul-2025,234308,48 24.667400 N,062 6.067100 W,4.1,40.8,A,DoorSpread,DoorMaster,6.150000,D,S,38021.000000
Wed Jul 16 20:42:51 2025,16-Jul-2025,234309,48 24.668300 N,062 6.066000 W,4.1,40.7,A,DoorSpread,DoorMaster,6.150000,D,S,38021.000000
Wed Jul 16 20:42:51 2025,16-Jul-2025,234310,48 24.669200 N,062 6.064800 W,4.2,40.9,A,DoorSpread,DoorMaster,6.150000,D,S,38021.000000
Wed Jul 16 20:42:51 2025,16-Jul-2025,234311,48 24.670100 N,062 6.063400 W,4.3,41.2,A,DoorSpread,DoorMaster,6.150000,D,S,38021.000000
Wed Jul 16 20:42:51 2025,16-Jul-2025,234312,48 24.671000 N,062 6.062000 W,4.4,41.3,A,DoorSpread,DoorMaster,6.150000,D,S,38021.000000
Wed Jul 16 20:42:51 2025,16-Jul-2025,234313,48 24.671900 N,062 6.060900 W,4.3,41.2,A,DoorSpread,DoorMaster,6.150000,D,S,38021.000000
Wed Jul 16 20:42:51 2025,16-Jul-2025,234314,48 24.672700 N,062 6.059800 W,4.3,41.0,A,DoorSpread,DoorMaster,6.150000,D,S,38021.000000
Wed Jul 16 20:42:51 2025,16-Jul-2025,234315,48 24.673600 N,062 6.058700 W,4.3,41.1,A,DoorSpread,DoorMaster,6.150000,D,S,38021.000000
Wed Jul 16 20:42:51 2025,16-Jul-2025,234316,48 24.674400 N,062 6.057500 W,4.3,41.2,A,DoorSpread,DoorMaster,6.150000,D,S,38021.000000
Wed Jul 16 20:42:51 2025,16-Jul-2025,234317,48 24.675300 N,062 6.056500 W,4.3,41.2,A,DoorSpread,DoorMaster,6.150000,D,S,38021.000000
Wed Jul 16 20:42:51 2025,16-Jul-2025,234318,48 24.676300 N,062 6.055500 W,4.3,41.1,A,DoorSpread,DoorMaster,6.150000,D,S,38021.000000
Wed Jul 16 20:42:51 2025,16-Jul-2025,234319,48 24.677200 N,062 6.054500 W,4.3,40.9,A,DoorSpread,DoorMaster,6.150000,D,S,38021.000000
Wed Jul 16 20:42:51 2025,16-Jul-2025,234320,48 24.678100 N,062 6.053500 W,4.3,40.8,A,DoorSpread,DoorMaster,6.150000,D,S,38021.000000
Wed Jul 16 20:42:51 2025,16-Jul-2025,234321,48 24.679000 N,062 6.052400 W,4.2,40.8,A,DoorSpread,DoorMaster,6.150000,D,S,38021.000000
Wed Jul 16 20:42:51 2025,16-Jul-2025,234322,48 24.679900 N,062 6.051400 W,4.3,40.7,A,DoorSpread,DoorMaster,6.150000,D,S,38021.000000
Wed Jul 16 20:42:51 2025,16-Jul-2025,234323,48 24.680800 N,062 6.050200 W,4.3,40.5,A,DoorSpread,DoorMaster,6.150000,D,S,38021.000000
Wed Jul 16 20:42:51 2025,16-Jul-2025,234324,48 24.681800 N,062 6.049100 W,4.4,40.0,A,DoorSpread,DoorMaster,6.150000,D,S,38021.000000
Wed Jul 16 20:42:51 2025,16-Jul-2025,234325,48 24.682800 N,062 6.048000 W,4.4,40.1,A,DoorSpread,DoorMaster,6.150000,D,S,38021.000000
Wed Jul 16 20:42:51 2025,16-Jul-2025,234326,48 24.683600 N,062 6.046700 W,4.4,40.4,A,DoorSpread,DoorMaster,6.150000,D,S,38021.000000
Wed Jul 16 20:42:51 2025,16-Jul-2025,234327,48 24.684400 N,062 6.045500 W,4.3,40.7,A,DoorSpread,DoorMaster,6.150000,D,S,38021.000000
Wed Jul 16 20:42:51 2025,16-Jul-2025,234328,48 24.685200 N,062 6.044400 W,4.3,40.5,A,DoorSpread,DoorMaster,6.150000,D,S,38021.000000
Wed Jul 16 20:42:51 2025,16-Jul-2025,234329,48 24.686000 N,062 6.043400 W,4.2,40.4,A,DoorSpread,DoorMaster,6.150000,D,S,38021.000000
Wed Jul 16 20:42:51 2025,16-Jul-2025,234330,48 24.686800 N,062 6.042500 W,4.2,40.5,A,DoorSpread,DoorMaster,6.150000,D,S,38021.000000
Wed Jul 16 20:42:51 2025,16-Jul-2025,234331,48 24.687600 N,062 6.041400 W,4.2,40.4,A,DoorSpread,DoorMaster,6.150000,D,S,38021.000000
Wed Jul 16 20:42:51 2025,16-Jul-2025,234332,48 24.688500 N,062 6.040300 W,4.2,40.0,A,DoorSpread,DoorMaster,6.150000,D,S,38021.000000
Wed Jul 16 20:42:51 2025,16-Jul-2025,234333,48 24.689400 N,062 6.039200 W,4.3,39.8,A,DoorSpread,DoorMaster,6.150000,D,S,38021.000000
Wed Jul 16 20:42:51 2025,16-Jul-2025,234334,48 24.690400 N,062 6.038000 W,4.3,39.7,A,DoorSpread,DoorMaster,6.150000,D,S,38021.000000
Wed Jul 16 20:42:51 2025,16-Jul-2025,234335,48 24.691300 N,062 6.036900 W,4.2,39.3,A,DoorSpread,DoorMaster,6.150000,D,S,38021.000000
Wed Jul 16 20:42:51 2025,16-Jul-2025,234336,48 24.692200 N,062 6.035900 W,4.2,38.8,A,DoorSpread,DoorMaster,6.150000,D,S,38021.000000
Wed Jul 16 20:42:51 2025,16-Jul-2025,234337,48 24.693100 N,062 6.034900 W,4.3,38.8,A,DoorSpread,DoorMaster,6.150000,D,S,38021.000000
Wed Jul 16 20:42:51 2025,16-Jul-2025,234338,48 24.694000 N,062 6.033900 W,4.2,38.4,A,DoorSpread,DoorMaster,6.150000,D,S,38021.000000
Wed Jul 16 20:42:51 2025,16-Jul-2025,234339,48 24.694900 N,062 6.033000 W,4.2,38.2,A,DoorSpread,DoorMaster,6.150000,D,S,38021.000000
Wed Jul 16 20:42:51 2025,16-Jul-2025,234340,48 24.695800 N,062 6.032100 W,4.2,37.9,A,DoorSpread,DoorMaster,6.150000,D,S,38021.000000
Wed Jul 16 20:42:51 2025,16-Jul-2025,234341,48 24.696700 N,062 6.031100 W,4.2,37.6,A,DoorSpread,DoorMaster,6.150000,D,S,38021.000000
Wed Jul 16 20:42:51 2025,16-Jul-2025,234342,48 24.697600 N,062 6.030000 W,4.2,37.7,A,DoorSpread,DoorMaster,6.150000,D,S,38021.000000
Wed Jul 16 20:42:51 2025,16-Jul-2025,234343,48 24.698600 N,062 6.028900 W,4.3,37.9,A,DoorSpread,DoorMaster,6.150000,D,S,38021.000000
Wed Jul 16 20:42:51 2025,16-Jul-2025,234344,48 24.699500 N,062 6.027800 W,4.3,38.1,A,DoorSpread,DoorMaster,6.150000,D,S,38021.000000
Wed Jul 16 20:42:51 2025,16-Jul-2025,234345,48 24.700400 N,062 6.026700 W,4.3,38.0,A,DoorSpread,DoorMaster,6.150000,D,S,38021.000000
Wed Jul 16 20:42:51 2025,16-Jul-2025,234346,48 24.701200 N,062 6.025600 W,4.3,38.1,A,DoorSpread,DoorMaster,6.150000,D,S,38021.000000
Wed Jul 16 20:42:51 2025,16-Jul-2025,234347,48 24.702000 N,062 6.024400 W,4.3,38.2,A,DoorSpread,DoorMaster,6.150000,D,S,38021.000000
Wed Jul 16 20:42:51 2025,16-Jul-2025,234348,48 24.702800 N,062 6.023200 W,4.3,37.9,A,DoorSpread,DoorMaster,6.150000,D,S,38021.000000
Wed Jul 16 20:42:51 2025,16-Jul-2025,234349,48 24.703700 N,062 6.022200 W,4.3,37.6,A,DoorSpread,DoorMaster,6.150000,D,S,38021.000000
Wed Jul 16 20:42:51 2025,16-Jul-2025,234350,48 24.704500 N,062 6.021100 W,4.2,37.4,A,DoorSpread,DoorMaster,6.150000,D,S,38021.000000
Wed Jul 16 20:42:51 2025,16-Jul-2025,234351,48 24.705400 N,062 6.020000 W,4.2,37.2,A,DoorSpread,DoorMaster,6.150000,D,S,38021.000000
Wed Jul 16 20:42:51 2025,16-Jul-2025,234352,48 24.706300 N,062 6.018900 W,4.3,37.0,A,DoorSpread,DoorMaster,6.150000,D,S,38021.000000
Wed Jul 16 20:42:51 2025,16-Jul-2025,234353,48 24.707200 N,062 6.017700 W,4.3,36.8,A,DoorSpread,DoorMaster,6.150000,D,S,38021.000000
Wed Jul 16 20:42:51 2025,16-Jul-2025,234354,48 24.708200 N,062 6.016600 W,4.3,36.2,A,DoorSpread,DoorMaster,6.150000,D,S,38021.000000
Wed Jul 16 20:42:51 2025,16-Jul-2025,234355,48 24.709200 N,062 6.015500 W,4.3,36.3,A,DoorSpread,DoorMaster,6.150000,D,S,38021.000000
Wed Jul 16 20:42:51 2025,16-Jul-2025,234356,48 24.710000 N,062 6.014300 W,4.3,36.4,A,DoorSpread,DoorMaster,6.150000,D,S,38021.000000
Wed Jul 16 20:42:51 2025,16-Jul-2025,234357,48 24.710900 N,062 6.013200 W,4.3,36.4,A,DoorSpread,DoorMaster,6.150000,D,S,38021.000000
Wed Jul 16 20:42:51 2025,16-Jul-2025,234358,48 24.711800 N,062 6.012100 W,4.3,35.9,A,DoorSpread,DoorMaster,6.150000,D,S,38021.000000
Wed Jul 16 20:42:51 2025,16-Jul-2025,234359,48 24.712800 N,062 6.011100 W,4.3,35.7,A,DoorSpread,DoorMaster,6.150000,D,S,38021.000000
Wed Jul 16 20:42:51 2025,16-Jul-2025,234400,48 24.713700 N,062 6.009900 W,4.3,35.8,A,DoorSpread,DoorMaster,6.150000,D,S,38021.000000
Wed Jul 16 20:42:51 2025,16-Jul-2025,234401,48 24.714600 N,062 6.008800 W,4.4,36.0,A,DoorSpread,DoorMaster,6.150000,D,S,38021.000000
Wed Jul 16 20:42:51 2025,16-Jul-2025,234402,48 24.715700 N,062 6.007600 W,4.4,36.2,A,DoorSpread,DoorMaster,6.150000,D,S,38021.000000
Wed Jul 16 20:42:51 2025,16-Jul-2025,234403,48 24.716600 N,062 6.006400 W,4.5,36.5,A,DoorSpread,DoorMaster,6.150000,D,S,38021.000000
Wed Jul 16 20:42:51 2025,16-Jul-2025,234404,48 24.717600 N,062 6.005300 W,4.4,36.6,A,DoorSpread,DoorMaster,6.150000,D,S,38021.000000
Wed Jul 16 20:42:51 2025,16-Jul-2025,234405,48 24.718500 N,062 6.004300 W,4.4,36.7,A,DoorSpread,DoorMaster,6.150000,D,S,38021.000000
Wed Jul 16 20:42:51 2025,16-Jul-2025,234406,48 24.719400 N,062 6.003200 W,4.4,36.6,A,DoorSpread,DoorMaster,6.150000,D,S,38021.000000
Wed Jul 16 20:42:51 2025,16-Jul-2025,234407,48 24.720400 N,062 6.002100 W,4.4,36.4,A,DoorSpread,DoorMaster,6.150000,D,S,38021.000000
Wed Jul 16 20:42:51 2025,16-Jul-2025,234408,48 24.721400 N,062 6.001100 W,4.4,36.1,A,DoorSpread,DoorMaster,6.150000,D,S,38021.000000
Wed Jul 16 20:42:51 2025,16-Jul-2025,234409,48 24.722300 N,062 6.000100 W,4.4,35.9,A,DoorSpread,DoorMaster,6.150000,D,S,38021.000000
Wed Jul 16 20:42:51 2025,16-Jul-2025,234410,48 24.723300 N,062 5.999100 W,4.4,35.9,A,DoorSpread,DoorMaster,6.150000,D,S,38021.000000
Wed Jul 16 20:42:51 2025,16-Jul-2025,234411,48 24.724200 N,062 5.998200 W,4.4,36.3,A,DoorSpread,DoorMaster,6.150000,D,S,38021.000000
Wed Jul 16 20:42:51 2025,16-Jul-2025,234412,48 24.725100 N,062 5.997200 W,4.4,36.5,A,DoorSpread,DoorMaster,6.150000,D,S,38021.000000
Wed Jul 16 20:42:51 2025,16-Jul-2025,234413,48 24.725900 N,062 5.996200 W,4.4,36.5,A,DoorSpread,DoorMaster,6.150000,D,S,38021.000000
Wed Jul 16 20:42:51 2025,16-Jul-2025,234414,48 24.726800 N,062 5.995200 W,4.3,36.7,A,DoorSpread,DoorMaster,6.150000,D,S,38021.000000
Wed Jul 16 20:42:51 2025,16-Jul-2025,234415,48 24.727600 N,062 5.994100 W,4.3,37.1,A,DoorSpread,DoorMaster,6.150000,D,S,38021.000000
Wed Jul 16 20:42:51 2025,16-Jul-2025,234416,48 24.728400 N,062 5.993000 W,4.3,37.5,A,DoorSpread,DoorMaster,6.150000,D,S,38021.000000
Wed Jul 16 20:42:51 2025,16-Jul-2025,234417,48 24.729300 N,062 5.992000 W,4.3,37.4,A,DoorSpread,DoorMaster,6.150000,D,S,38021.000000
Wed Jul 16 20:42:51 2025,16-Jul-2025,234418,48 24.730200 N,062 5.991000 W,4.3,37.2,A,DoorSpread,DoorMaster,6.150000,D,S,38021.000000
Wed Jul 16 20:42:51 2025,16-Jul-2025,234419,48 24.731100 N,062 5.990100 W,4.3,37.2,A,DoorSpread,DoorMaster,6.150000,D,S,38021.000000
Wed Jul 16 20:42:51 2025,16-Jul-2025,234420,48 24.731900 N,062 5.989200 W,4.3,37.2,A,DoorSpread,DoorMaster,6.150000,D,S,38021.000000
Wed Jul 16 20:42:51 2025,16-Jul-2025,234421,48 24.732700 N,062 5.988100 W,4.3,36.9,A,DoorSpread,DoorMaster,6.150000,D,S,38021.000000
Wed Jul 16 20:42:51 2025,16-Jul-2025,234422,48 24.733500 N,062 5.987000 W,4.3,37.0,A,DoorSpread,DoorMaster,6.150000,D,S,38021.000000
Wed Jul 16 20:42:51 2025,16-Jul-2025,234423,48 24.734300 N,062 5.985800 W,4.2,37.2,A,DoorSpread,DoorMaster,6.150000,D,S,38021.000000
Wed Jul 16 20:42:51 2025,16-Jul-2025,234424,48 24.735000 N,062 5.984700 W,4.2,37.3,A,DoorSpread,DoorMaster,6.150000,D,S,38021.000000
Wed Jul 16 20:42:51 2025,16-Jul-2025,234425,48 24.735800 N,062 5.983700 W,4.2,37.5,A,DoorSpread,DoorMaster,6.150000,D,S,38021.000000
Wed Jul 16 20:42:51 2025,16-Jul-2025,234426,48 24.736600 N,062 5.982800 W,4.2,37.3,A,DoorSpread,DoorMaster,6.150000,D,S,38021.000000
Wed Jul 16 20:42:51 2025,16-Jul-2025,234427,48 24.737500 N,062 5.981900 W,4.2,37.6,A,DoorSpread,DoorMaster,6.150000,D,S,38021.000000
Wed Jul 16 20:42:51 2025,16-Jul-2025,234428,48 24.738300 N,062 5.980900 W,4.2,37.8,A,DoorSpread,DoorMaster,6.150000,D,S,38021.000000
Wed Jul 16 20:42:51 2025,16-Jul-2025,234429,48 24.739100 N,062 5.979800 W,4.2,38.0,A,DoorSpread,DoorMaster,6.150000,D,S,38021.000000
Wed Jul 16 20:42:51 2025,16-Jul-2025,234430,48 24.739900 N,062 5.978600 W,4.2,38.4,A,DoorSpread,DoorMaster,6.150000,D,S,38021.000000
Wed Jul 16 20:42:51 2025,16-Jul-2025,234431,48 24.740600 N,062 5.977300 W,4.2,38.9,A,DoorSpread,DoorMaster,6.150000,D,S,38021.000000
Wed Jul 16 20:42:51 2025,16-Jul-2025,234432,48 24.741400 N,062 5.976200 W,4.2,39.1,A,DoorSpread,DoorMaster,6.150000,D,S,38021.000000
Wed Jul 16 20:42:51 2025,16-Jul-2025,234433,48 24.742100 N,062 5.975100 W,4.1,39.1,A,DoorSpread,DoorMaster,6.150000,D,S,38021.000000
Wed Jul 16 20:42:51 2025,16-Jul-2025,234434,48 24.742900 N,062 5.974100 W,4.1,39.3,A,DoorSpread,DoorMaster,6.150000,D,S,38021.000000
Wed Jul 16 20:42:51 2025,16-Jul-2025,234435,48 24.743700 N,062 5.973000 W,4.1,39.4,A,DoorSpread,DoorMaster,6.150000,D,S,38021.000000
Wed Jul 16 20:42:51 2025,16-Jul-2025,234436,48 24.744600 N,062 5.971900 W,4.1,39.5,A,DoorSpread,DoorMaster,6.150000,D,S,38021.000000
Wed Jul 16 20:42:51 2025,16-Jul-2025,234437,48 24.745400 N,062 5.970700 W,4.2,39.6,A,DoorSpread,DoorMaster,6.150000,D,S,38021.000000
Wed Jul 16 20:42:51 2025,16-Jul-2025,234438,48 24.746200 N,062 5.969500 W,4.2,39.8,A,DoorSpread,DoorMaster,6.150000,D,S,38021.000000
Wed Jul 16 20:42:51 2025,16-Jul-2025,234439,48 24.747100 N,062 5.968300 W,4.2,39.9,A,DoorSpread,DoorMaster,6.150000,D,S,38021.000000
Wed Jul 16 20:42:51 2025,16-Jul-2025,234440,48 24.748000 N,062 5.967100 W,4.2,40.0,A,DoorSpread,DoorMaster,6.150000,D,S,38021.000000
Wed Jul 16 20:42:51 2025,16-Jul-2025,234441,48 24.748900 N,062 5.966100 W,4.2,40.1,A,DoorSpread,DoorMaster,6.150000,D,S,38021.000000
Wed Jul 16 20:42:51 2025,16-Jul-2025,234442,48 24.749800 N,062 5.965000 W,4.2,40.2,A,DoorSpread,DoorMaster,6.150000,D,S,38021.000000
Wed Jul 16 20:42:51 2025,16-Jul-2025,234443,48 24.750600 N,062 5.964000 W,4.2,40.6,A,DoorSpread,DoorMaster,6.150000,D,S,38021.000000
Wed Jul 16 20:42:51 2025,16-Jul-2025,234444,48 24.751400 N,062 5.962900 W,4.2,40.8,A,DoorSpread,DoorMaster,6.150000,D,S,38021.000000
Wed Jul 16 20:42:51 2025,16-Jul-2025,234445,48 24.752200 N,062 5.961800 W,4.2,41.2,A,DoorSpread,DoorMaster,6.150000,D,S,38021.000000
Wed Jul 16 20:42:51 2025,16-Jul-2025,234446,48 24.753000 N,062 5.960600 W,4.2,41.8,A,DoorSpread,DoorMaster,6.150000,D,S,38021.000000
Wed Jul 16 20:42:51 2025,16-Jul-2025,234447,48 24.753900 N,062 5.959500 W,4.2,42.4,A,DoorSpread,DoorMaster,6.150000,D,S,38021.000000
Wed Jul 16 20:42:51 2025,16-Jul-2025,234448,48 24.754800 N,062 5.958500 W,4.2,42.7,A,DoorSpread,DoorMaster,6.150000,D,S,38021.000000
Wed Jul 16 20:42:51 2025,16-Jul-2025,234449,48 24.755600 N,062 5.957500 W,4.2,42.8,A,DoorSpread,DoorMaster,6.150000,D,S,38021.000000
Wed Jul 16 20:42:51 2025,16-Jul-2025,234450,48 24.756600 N,062 5.956500 W,4.2,42.7,A,DoorSpread,DoorMaster,6.150000,D,S,38021.000000
Wed Jul 16 20:42:51 2025,16-Jul-2025,234451,48 24.757500 N,062 5.955400 W,4.2,42.6,A,DoorSpread,DoorMaster,6.150000,D,S,38021.000000
Wed Jul 16 20:42:51 2025,16-Jul-2025,234452,48 24.758300 N,062 5.954400 W,4.3,42.6,A,DoorSpread,DoorMaster,6.150000,D,S,38021.000000
Wed Jul 16 20:42:51 2025,16-Jul-2025,234453,48 24.759200 N,062 5.953300 W,4.3,42.6,A,DoorSpread,DoorMaster,6.150000,D,S,38021.000000
Wed Jul 16 20:42:51 2025,16-Jul-2025,234454,48 24.760100 N,062 5.952200 W,4.4,42.7,A,DoorSpread,DoorMaster,6.150000,D,S,38021.000000
Wed Jul 16 20:42:51 2025,16-Jul-2025,234455,48 24.760900 N,062 5.951000 W,4.4,42.9,A,DoorSpread,DoorMaster,6.150000,D,S,38021.000000
Wed Jul 16 20:42:51 2025,16-Jul-2025,234456,48 24.761700 N,062 5.949900 W,4.4,43.0,A,DoorSpread,DoorMaster,6.150000,D,S,38021.000000
Wed Jul 16 20:42:51 2025,16-Jul-2025,234457,48 24.762600 N,062 5.948900 W,4.4,42.7,A,DoorSpread,DoorMaster,6.150000,D,S,38021.000000
Wed Jul 16 20:42:51 2025,16-Jul-2025,234458,48 24.763400 N,062 5.947900 W,4.4,42.5,A,DoorSpread,DoorMaster,6.150000,D,S,38021.000000
Wed Jul 16 20:42:51 2025,16-Jul-2025,234459,48 24.764100 N,062 5.946700 W,4.3,42.7,A,DoorSpread,DoorMaster,6.150000,D,S,38021.000000
Wed Jul 16 20:42:51 2025,16-Jul-2025,234500,48 24.764800 N,062 5.945400 W,4.3,42.7,A,DoorSpread,DoorMaster,6.150000,D,S,38021.000000
Wed Jul 16 20:42:51 2025,16-Jul-2025,234501,48 24.765600 N,062 5.944300 W,4.3,42.9,A,DoorSpread,DoorMaster,6.150000,D,S,38021.000000
Wed Jul 16 20:42:51 2025,16-Jul-2025,234502,48 24.766400 N,062 5.943100 W,4.4,43.1,A,DoorSpread,DoorMaster,6.150000,D,S,38021.000000
Wed Jul 16 20:42:51 2025,16-Jul-2025,234503,48 24.767300 N,062 5.941800 W,4.4,43.1,A,DoorSpread,DoorMaster,6.150000,D,S,38021.000000
Wed Jul 16 20:42:51 2025,16-Jul-2025,234504,48 24.768200 N,062 5.940600 W,4.4,43.0,A,DoorSpread,DoorMaster,6.150000,D,S,38021.000000
Wed Jul 16 20:42:51 2025,16-Jul-2025,234505,48 24.769000 N,062 5.939200 W,4.5,43.2,A,DoorSpread,DoorMaster,6.150000,D,S,38021.000000
Wed Jul 16 20:42:51 2025,16-Jul-2025,234506,48 24.769800 N,062 5.937900 W,4.5,43.4,A,DoorSpread,DoorMaster,6.150000,D,S,38021.000000
Wed Jul 16 20:42:51 2025,16-Jul-2025,234507,48 24.770600 N,062 5.936600 W,4.5,43.4,A,DoorSpread,DoorMaster,6.150000,D,S,38021.000000
Wed Jul 16 20:42:51 2025,16-Jul-2025,234508,48 24.771500 N,062 5.935500 W,4.4,43.1,A,DoorSpread,DoorMaster,6.150000,D,S,38021.000000
Wed Jul 16 20:42:51 2025,16-Jul-2025,234509,48 24.772300 N,062 5.934300 W,4.5,43.1,A,DoorSpread,DoorMaster,6.150000,D,S,38021.000000
Wed Jul 16 20:42:51 2025,16-Jul-2025,234510,48 24.773100 N,062 5.933000 W,4.5,43.3,A,DoorSpread,DoorMaster,6.150000,D,S,38021.000000
Wed Jul 16 20:42:51 2025,16-Jul-2025,234511,48 24.774000 N,062 5.931600 W,4.4,42.9,A,DoorSpread,DoorMaster,6.150000,D,S,38021.000000
Wed Jul 16 20:42:51 2025,16-Jul-2025,234512,48 24.774900 N,062 5.930400 W,4.4,42.5,A,DoorSpread,DoorMaster,6.150000,D,S,38021.000000
Wed Jul 16 20:42:51 2025,16-Jul-2025,234513,48 24.775700 N,062 5.929100 W,4.4,42.5,A,DoorSpread,DoorMaster,6.150000,D,S,38021.000000
Wed Jul 16 20:42:51 2025,16-Jul-2025,234514,48 24.776500 N,062 5.927800 W,4.4,42.6,A,DoorSpread,DoorMaster,6.150000,D,S,38021.000000
Wed Jul 16 20:42:51 2025,16-Jul-2025,234515,48 24.777300 N,062 5.926700 W,4.3,42.8,A,DoorSpread,DoorMaster,6.150000,D,S,38021.000000
Wed Jul 16 20:42:51 2025,16-Jul-2025,234516,48 24.778100 N,062 5.925600 W,4.3,43.0,A,DoorSpread,DoorMaster,6.150000,D,S,38021.000000
Wed Jul 16 20:42:51 2025,16-Jul-2025,234517,48 24.778800 N,062 5.924500 W,4.2,43.2,A,DoorSpread,DoorMaster,6.150000,D,S,38021.000000
Wed Jul 16 20:42:51 2025,16-Jul-2025,234518,48 24.779500 N,062 5.923300 W,4.2,43.7,A,DoorSpread,DoorMaster,6.150000,D,S,38021.000000
Wed Jul 16 20:42:51 2025,16-Jul-2025,234519,48 24.780200 N,062 5.922000 W,4.2,44.5,A,DoorSpread,DoorMaster,6.150000,D,S,38021.000000
Wed Jul 16 20:42:51 2025,16-Jul-2025,234520,48 24.780800 N,062 5.920800 W,4.1,45.2,A,DoorSpread,DoorMaster,6.150000,D,S,38021.000000
Wed Jul 16 20:42:51 2025,16-Jul-2025,234521,48 24.781500 N,062 5.919700 W,4.1,45.8,A,DoorSpread,DoorMaster,6.150000,D,S,38021.000000
Wed Jul 16 20:42:51 2025,16-Jul-2025,234522,48 24.782200 N,062 5.918600 W,4.1,45.9,A,DoorSpread,DoorMaster,6.150000,D,S,38021.000000
Wed Jul 16 20:42:51 2025,16-Jul-2025,234523,48 24.783000 N,062 5.917400 W,4.2,46.1,A,DoorSpread,DoorMaster,6.150000,D,S,38021.000000
Wed Jul 16 20:42:51 2025,16-Jul-2025,234524,48 24.783800 N,062 5.916200 W,4.2,46.1,A,DoorSpread,DoorMaster,6.150000,D,S,38021.000000
Wed Jul 16 20:42:51 2025,16-Jul-2025,234525,48 24.784600 N,062 5.915000 W,4.2,46.0,A,DoorSpread,DoorMaster,6.150000,D,S,38021.000000
Wed Jul 16 20:42:51 2025,16-Jul-2025,234526,48 24.785400 N,062 5.913900 W,4.2,45.9,A,DoorSpread,DoorMaster,6.150000,D,S,38021.000000
Wed Jul 16 20:42:51 2025,16-Jul-2025,234527,48 24.786100 N,062 5.912700 W,4.2,45.8,A,DoorSpread,DoorMaster,6.150000,D,S,38021.000000
Wed Jul 16 20:42:51 2025,16-Jul-2025,234528,48 24.787000 N,062 5.911500 W,4.2,45.9,A,DoorSpread,DoorMaster,6.150000,D,S,38021.000000
Wed Jul 16 20:42:51 2025,16-Jul-2025,234529,48 24.787800 N,062 5.910300 W,4.3,45.8,A,DoorSpread,DoorMaster,6.150000,D,S,38021.000000
Wed Jul 16 20:42:51 2025,16-Jul-2025,234530,48 24.788600 N,062 5.909200 W,4.3,45.6,A,DoorSpread,DoorMaster,6.150000,D,S,38021.000000
Wed Jul 16 20:42:51 2025,16-Jul-2025,234531,48 24.789400 N,062 5.908000 W,4.3,45.2,A,DoorSpread,DoorMaster,6.150000,D,S,38021.000000
Wed Jul 16 20:42:51 2025,16-Jul-2025,234532,48 24.790100 N,062 5.906900 W,4.3,44.6,A,DoorSpread,DoorMaster,6.150000,D,S,38021.000000
Wed Jul 16 20:42:51 2025,16-Jul-2025,234533,48 24.790900 N,062 5.905600 W,4.3,44.4,A,DoorSpread,DoorMaster,6.150000,D,S,38021.000000
Wed Jul 16 20:42:51 2025,16-Jul-2025,234534,48 24.791700 N,062 5.904300 W,4.4,44.6,A,DoorSpread,DoorMaster,6.150000,D,S,38021.000000
Wed Jul 16 20:42:51 2025,16-Jul-2025,234535,48 24.792400 N,062 5.903000 W,4.3,44.8,A,DoorSpread,DoorMaster,6.150000,D,S,38021.000000
Wed Jul 16 20:42:51 2025,16-Jul-2025,234536,48 24.793100 N,062 5.901700 W,4.3,45.1,A,DoorSpread,DoorMaster,6.150000,D,S,38021.000000
Wed Jul 16 20:42:51 2025,16-Jul-2025,234537,48 24.793900 N,062 5.900600 W,4.3,45.3,A,DoorSpread,DoorMaster,6.150000,D,S,38021.000000
Wed Jul 16 20:42:51 2025,16-Jul-2025,234538,48 24.794600 N,062 5.899500 W,4.3,45.2,A,DoorSpread,DoorMaster,6.150000,D,S,38021.000000
Wed Jul 16 20:42:51 2025,16-Jul-2025,234539,48 24.795500 N,062 5.898400 W,4.3,44.8,A,DoorSpread,DoorMaster,6.150000,D,S,38021.000000
Wed Jul 16 20:42:51 2025,16-Jul-2025,234540,48 24.796400 N,062 5.897300 W,4.4,44.2,A,DoorSpread,DoorMaster,6.150000,D,S,38021.000000
Wed Jul 16 20:42:51 2025,16-Jul-2025,234541,48 24.797300 N,062 5.896200 W,4.4,43.2,A,DoorSpread,DoorMaster,6.150000,D,S,38021.000000
Wed Jul 16 20:42:51 2025,16-Jul-2025,234542,48 24.798200 N,062 5.895300 W,4.5,42.2,A,DoorSpread,DoorMaster,6.150000,D,S,38021.000000
Wed Jul 16 20:42:51 2025,16-Jul-2025,234543,48 24.799200 N,062 5.894400 W,4.5,41.4,A,DoorSpread,DoorMaster,6.150000,D,S,38021.000000
Wed Jul 16 20:42:51 2025,16-Jul-2025,234544,48 24.800200 N,062 5.893300 W,4.5,40.7,A,DoorSpread,DoorMaster,6.150000,D,S,38021.000000
Wed Jul 16 20:45:46 2025,16-Jul-2025,234545,48 24.801100 N,062 5.892300 W,4.5,40.4,A,DoorSpread,DoorMaster,2.665000,D,S,14077.000000
Wed Jul 16 20:45:46 2025,16-Jul-2025,234546,48 24.802000 N,062 5.891200 W,4.5,40.4,A,DoorSpread,DoorMaster,2.665000,D,S,14077.000000
Wed Jul 16 20:45:46 2025,16-Jul-2025,234547,48 24.802900 N,062 5.890100 W,4.5,40.5,A,DoorSpread,DoorMaster,2.665000,D,S,14077.000000
Wed Jul 16 20:45:46 2025,16-Jul-2025,234548,48 24.803800 N,062 5.889100 W,4.4,40.5,A,DoorSpread,DoorMaster,2.665000,D,S,14077.000000
Wed Jul 16 20:45:46 2025,16-Jul-2025,234549,48 24.804700 N,062 5.888200 W,4.4,40.5,A,DoorSpread,DoorMaster,2.665000,D,S,14077.000000
Wed Jul 16 20:45:46 2025,16-Jul-2025,234550,48 24.805600 N,062 5.887200 W,4.4,40.9,A,DoorSpread,DoorMaster,2.665000,D,S,14077.000000
Wed Jul 16 20:45:46 2025,16-Jul-2025,234551,48 24.806300 N,062 5.886100 W,4.4,41.3,A,DoorSpread,DoorMaster,2.665000,D,S,14077.000000
Wed Jul 16 20:45:46 2025,16-Jul-2025,234552,48 24.807100 N,062 5.885100 W,4.3,41.4,A,DoorSpread,DoorMaster,2.665000,D,S,14077.000000
Wed Jul 16 20:45:46 2025,16-Jul-2025,234553,48 24.807900 N,062 5.883900 W,4.3,41.5,A,DoorSpread,DoorMaster,2.665000,D,S,14077.000000
Wed Jul 16 20:45:46 2025,16-Jul-2025,234554,48 24.808700 N,062 5.882600 W,4.3,42.0,A,DoorSpread,DoorMaster,2.665000,D,S,14077.000000
Wed Jul 16 20:45:46 2025,16-Jul-2025,234555,48 24.809400 N,062 5.881300 W,4.3,42.4,A,DoorSpread,DoorMaster,2.665000,D,S,14077.000000
Wed Jul 16 20:45:46 2025,16-Jul-2025,234556,48 24.810100 N,062 5.880200 W,4.3,42.5,A,DoorSpread,DoorMaster,2.665000,D,S,14077.000000
Wed Jul 16 20:45:46 2025,16-Jul-2025,234557,48 24.810900 N,062 5.879200 W,4.3,42.5,A,DoorSpread,DoorMaster,2.665000,D,S,14077.000000
Wed Jul 16 20:45:46 2025,16-Jul-2025,234558,48 24.811700 N,062 5.878200 W,4.3,42.3,A,DoorSpread,DoorMaster,2.665000,D,S,14077.000000
Wed Jul 16 20:45:46 2025,16-Jul-2025,234559,48 24.812500 N,062 5.877100 W,4.3,42.3,A,DoorSpread,DoorMaster,2.665000,D,S,14077.000000
Wed Jul 16 20:45:46 2025,16-Jul-2025,234600,48 24.813300 N,062 5.875800 W,4.4,42.6,A,DoorSpread,DoorMaster,2.665000,D,S,14077.000000
Wed Jul 16 20:45:46 2025,16-Jul-2025,234601,48 24.814100 N,062 5.874600 W,4.4,42.5,A,DoorSpread,DoorMaster,2.665000,D,S,14077.000000
Wed Jul 16 20:45:46 2025,16-Jul-2025,234602,48 24.814900 N,062 5.873600 W,4.3,42.2,A,DoorSpread,DoorMaster,2.665000,D,S,14077.000000
Wed Jul 16 20:45:46 2025,16-Jul-2025,234603,48 24.815700 N,062 5.872500 W,4.3,41.9,A,DoorSpread,DoorMaster,2.665000,D,S,14077.000000
Wed Jul 16 20:45:46 2025,16-Jul-2025,234604,48 24.816500 N,062 5.871200 W,4.4,42.2,A,DoorSpread,DoorMaster,2.665000,D,S,14077.000000
Wed Jul 16 20:45:46 2025,16-Jul-2025,234605,48 24.817400 N,062 5.869700 W,4.5,42.4,A,DoorSpread,DoorMaster,2.665000,D,S,14077.000000
Wed Jul 16 20:45:46 2025,16-Jul-2025,234606,48 24.818300 N,062 5.868500 W,4.4,42.1,A,DoorSpread,DoorMaster,2.665000,D,S,14077.000000
Wed Jul 16 20:46:08 2025,16-Jul-2025,234607,48 24.819000 N,062 5.867400 W,4.4,41.6,A,DoorSpread,DoorMaster,2.910000,D,S,22133.000000
Wed Jul 16 20:46:08 2025,16-Jul-2025,234608,48 24.819800 N,062 5.866300 W,4.4,41.7,A,DoorSpread,DoorMaster,2.910000,D,S,22133.000000
Wed Jul 16 20:46:08 2025,16-Jul-2025,234609,48 24.820600 N,062 5.865100 W,4.4,41.7,A,DoorSpread,DoorMaster,2.910000,D,S,22133.000000
Wed Jul 16 20:46:08 2025,16-Jul-2025,234610,48 24.821400 N,062 5.864000 W,4.3,41.2,A,DoorSpread,DoorMaster,2.910000,D,S,22133.000000
Wed Jul 16 20:46:08 2025,16-Jul-2025,234611,48 24.822200 N,062 5.862900 W,4.3,40.5,A,DoorSpread,DoorMaster,2.910000,D,S,22133.000000
Wed Jul 16 20:46:13 2025,16-Jul-2025,234612,48 24.822900 N,062 5.861900 W,4.3,40.0,A,DoorSpread,DoorMaster,2.820000,D,S,18969.000000
Wed Jul 16 20:46:13 2025,16-Jul-2025,234613,48 24.823600 N,062 5.860700 W,4.2,39.9,A,DoorSpread,DoorMaster,2.820000,D,S,18969.000000
Wed Jul 16 20:46:13 2025,16-Jul-2025,234614,48 24.824300 N,062 5.859500 W,4.2,39.8,A,DoorSpread,DoorMaster,2.820000,D,S,18969.000000
Wed Jul 16 20:46:13 2025,16-Jul-2025,234615,48 24.825000 N,062 5.858300 W,4.2,39.6,A,DoorSpread,DoorMaster,2.820000,D,S,18969.000000
Wed Jul 16 20:46:13 2025,16-Jul-2025,234616,48 24.825700 N,062 5.857200 W,4.1,39.3,A,DoorSpread,DoorMaster,2.820000,D,S,18969.000000
Wed Jul 16 20:46:13 2025,16-Jul-2025,234617,48 24.826500 N,062 5.856100 W,4.1,39.2,A,DoorSpread,DoorMaster,2.820000,D,S,18969.000000
Wed Jul 16 20:46:19 2025,16-Jul-2025,234618,48 24.827300 N,062 5.855000 W,4.1,39.1,A,DoorSpread,DoorMaster,4.635000,D,S,13751.000000
Wed Jul 16 20:46:19 2025,16-Jul-2025,234619,48 24.828000 N,062 5.854000 W,4.1,38.8,A,DoorSpread,DoorMaster,4.635000,D,S,13751.000000
Wed Jul 16 20:46:19 2025,16-Jul-2025,234620,48 24.828700 N,062 5.853000 W,4.1,38.5,A,DoorSpread,DoorMaster,4.635000,D,S,13751.000000
Wed Jul 16 20:46:19 2025,16-Jul-2025,234621,48 24.829500 N,062 5.852000 W,4.1,38.0,A,DoorSpread,DoorMaster,4.635000,D,S,13751.000000
Wed Jul 16 20:46:19 2025,16-Jul-2025,234622,48 24.830400 N,062 5.851100 W,4.1,37.5,A,DoorSpread,DoorMaster,4.635000,D,S,13751.000000
Wed Jul 16 20:46:24 2025,16-Jul-2025,234623,48 24.831300 N,062 5.850200 W,4.1,37.4,A,DoorSpread,DoorMaster,4.140000,D,S,15728.000000
Wed Jul 16 20:46:24 2025,16-Jul-2025,234624,48 24.832100 N,062 5.849300 W,4.1,37.4,A,DoorSpread,DoorMaster,4.140000,D,S,15728.000000
Wed Jul 16 20:46:24 2025,16-Jul-2025,234625,48 24.832800 N,062 5.848300 W,4.0,37.6,A,DoorSpread,DoorMaster,4.140000,D,S,15728.000000
Wed Jul 16 20:46:24 2025,16-Jul-2025,234626,48 24.833500 N,062 5.847500 W,4.0,37.8,A,DoorSpread,DoorMaster,4.140000,D,S,15728.000000
Wed Jul 16 20:46:24 2025,16-Jul-2025,234627,48 24.834200 N,062 5.846500 W,4.0,37.6,A,DoorSpread,DoorMaster,4.140000,D,S,15728.000000
Wed Jul 16 20:46:24 2025,16-Jul-2025,234628,48 24.835000 N,062 5.845600 W,4.0,37.2,A,DoorSpread,DoorMaster,4.140000,D,S,15728.000000
Wed Jul 16 20:46:30 2025,16-Jul-2025,234629,48 24.835700 N,062 5.844700 W,4.0,37.1,A,DoorSpread,DoorMaster,3.965000,D,S,36688.000000
Wed Jul 16 20:46:30 2025,16-Jul-2025,234630,48 24.836400 N,062 5.843700 W,4.0,38.0,A,DoorSpread,DoorMaster,3.965000,D,S,36688.000000
Wed Jul 16 20:46:30 2025,16-Jul-2025,234631,48 24.837000 N,062 5.842600 W,4.0,38.3,A,DoorSpread,DoorMaster,3.965000,D,S,36688.000000
Wed Jul 16 20:46:30 2025,16-Jul-2025,234632,48 24.837700 N,062 5.841900 W,4.0,38.3,A,DoorSpread,DoorMaster,3.965000,D,S,36688.000000
Wed Jul 16 20:46:30 2025,16-Jul-2025,234633,48 24.838400 N,062 5.841100 W,4.0,38.0,A,DoorSpread,DoorMaster,3.965000,D,S,36688.000000
Wed Jul 16 20:46:35 2025,16-Jul-2025,234634,48 24.839100 N,062 5.840100 W,4.0,37.9,A,DoorSpread,DoorMaster,4.035000,D,S,31901.000000
Wed Jul 16 20:46:35 2025,16-Jul-2025,234635,48 24.839700 N,062 5.839100 W,4.0,37.8,A,DoorSpread,DoorMaster,4.035000,D,S,31901.000000
Wed Jul 16 20:46:35 2025,16-Jul-2025,234636,48 24.840400 N,062 5.838200 W,3.9,37.6,A,DoorSpread,DoorMaster,4.035000,D,S,31901.000000
Wed Jul 16 20:46:35 2025,16-Jul-2025,234637,48 24.841100 N,062 5.837300 W,4.0,37.2,A,DoorSpread,DoorMaster,4.035000,D,S,31901.000000
Wed Jul 16 20:46:35 2025,16-Jul-2025,234638,48 24.841800 N,062 5.836300 W,3.9,37.1,A,DoorSpread,DoorMaster,4.035000,D,S,31901.000000
Wed Jul 16 20:46:40 2025,16-Jul-2025,234639,48 24.842400 N,062 5.835400 W,3.9,37.0,A,DoorSpread,DoorMaster,3.790000,D,S,16671.000000
Wed Jul 16 20:46:40 2025,16-Jul-2025,234640,48 24.843100 N,062 5.834500 W,3.9,36.9,A,DoorSpread,DoorMaster,3.790000,D,S,16671.000000
Wed Jul 16 20:46:40 2025,16-Jul-2025,234641,48 24.843800 N,062 5.833600 W,3.9,36.9,A,DoorSpread,DoorMaster,3.790000,D,S,16671.000000
Wed Jul 16 20:46:40 2025,16-Jul-2025,234642,48 24.844500 N,062 5.832800 W,3.9,36.7,A,DoorSpread,DoorMaster,3.790000,D,S,16671.000000
Wed Jul 16 20:46:40 2025,16-Jul-2025,234643,48 24.845200 N,062 5.831900 W,3.9,36.8,A,DoorSpread,DoorMaster,3.790000,D,S,16671.000000
Wed Jul 16 20:46:40 2025,16-Jul-2025,234644,48 24.845900 N,062 5.831000 W,3.9,36.7,A,DoorSpread,DoorMaster,3.790000,D,S,16671.000000
Wed Jul 16 20:46:46 2025,16-Jul-2025,234645,48 24.846700 N,062 5.830200 W,3.9,36.5,A,DoorSpread,DoorMaster,4.565000,D,S,29039.000000
Wed Jul 16 20:46:46 2025,16-Jul-2025,234646,48 24.847500 N,062 5.829300 W,3.9,36.3,A,DoorSpread,DoorMaster,4.565000,D,S,29039.000000
Wed Jul 16 20:46:46 2025,16-Jul-2025,234647,48 24.848400 N,062 5.828500 W,3.9,36.1,A,DoorSpread,DoorMaster,4.565000,D,S,29039.000000
Wed Jul 16 20:46:46 2025,16-Jul-2025,234648,48 24.849100 N,062 5.827600 W,3.9,36.1,A,DoorSpread,DoorMaster,4.565000,D,S,29039.000000
Wed Jul 16 20:46:46 2025,16-Jul-2025,234649,48 24.850000 N,062 5.826700 W,3.9,36.1,A,DoorSpread,DoorMaster,4.565000,D,S,29039.000000
Wed Jul 16 20:46:46 2025,16-Jul-2025,234650,48 24.850800 N,062 5.825800 W,3.9,35.9,A,DoorSpread,DoorMaster,4.565000,D,S,29039.000000
Wed Jul 16 20:46:46 2025,16-Jul-2025,234651,48 24.851500 N,062 5.824800 W,3.9,35.9,A,DoorSpread,DoorMaster,4.565000,D,S,29039.000000
Wed Jul 16 20:46:46 2025,16-Jul-2025,234652,48 24.852200 N,062 5.823800 W,3.9,36.1,A,DoorSpread,DoorMaster,4.565000,D,S,29039.000000
Wed Jul 16 20:46:46 2025,16-Jul-2025,234653,48 24.853000 N,062 5.822700 W,4.0,36.1,A,DoorSpread,DoorMaster,4.565000,D,S,29039.000000
Wed Jul 16 20:46:46 2025,16-Jul-2025,234654,48 24.853700 N,062 5.821600 W,4.0,36.3,A,DoorSpread,DoorMaster,4.565000,D,S,29039.000000
Wed Jul 16 20:46:46 2025,16-Jul-2025,234655,48 24.854400 N,062 5.820500 W,4.0,36.3,A,DoorSpread,DoorMaster,4.565000,D,S,29039.000000
Wed Jul 16 20:46:46 2025,16-Jul-2025,234656,48 24.855100 N,062 5.819500 W,4.0,36.3,A,DoorSpread,DoorMaster,4.565000,D,S,29039.000000
Wed Jul 16 20:46:46 2025,16-Jul-2025,234657,48 24.855900 N,062 5.818500 W,4.0,36.6,A,DoorSpread,DoorMaster,4.565000,D,S,29039.000000
Wed Jul 16 20:46:46 2025,16-Jul-2025,234658,48 24.856600 N,062 5.817500 W,4.0,36.6,A,DoorSpread,DoorMaster,4.565000,D,S,29039.000000
Wed Jul 16 20:46:46 2025,16-Jul-2025,234659,48 24.857300 N,062 5.816600 W,3.9,36.5,A,DoorSpread,DoorMaster,4.565000,D,S,29039.000000
Wed Jul 16 20:46:46 2025,16-Jul-2025,234700,48 24.858100 N,062 5.815600 W,3.9,36.6,A,DoorSpread,DoorMaster,4.565000,D,S,29039.000000
Wed Jul 16 20:46:46 2025,16-Jul-2025,234701,48 24.858800 N,062 5.814600 W,3.9,36.7,A,DoorSpread,DoorMaster,4.565000,D,S,29039.000000
Wed Jul 16 20:46:46 2025,16-Jul-2025,234702,48 24.859600 N,062 5.813700 W,3.9,36.2,A,DoorSpread,DoorMaster,4.565000,D,S,29039.000000
Wed Jul 16 20:46:46 2025,16-Jul-2025,234703,48 24.860500 N,062 5.812800 W,3.9,35.7,A,DoorSpread,DoorMaster,4.565000,D,S,29039.000000
Wed Jul 16 20:46:46 2025,16-Jul-2025,234704,48 24.861300 N,062 5.811900 W,3.9,35.4,A,DoorSpread,DoorMaster,4.565000,D,S,29039.000000
Wed Jul 16 20:46:46 2025,16-Jul-2025,234705,48 24.862000 N,062 5.811000 W,3.9,35.6,A,DoorSpread,DoorMaster,4.565000,D,S,29039.000000
Wed Jul 16 20:46:46 2025,16-Jul-2025,234706,48 24.862800 N,062 5.810100 W,3.9,35.4,A,DoorSpread,DoorMaster,4.565000,D,S,29039.000000
Wed Jul 16 20:46:46 2025,16-Jul-2025,234707,48 24.863700 N,062 5.809300 W,4.0,34.9,A,DoorSpread,DoorMaster,4.565000,D,S,29039.000000
Wed Jul 16 20:46:46 2025,16-Jul-2025,234708,48 24.864600 N,062 5.808500 W,3.9,34.5,A,DoorSpread,DoorMaster,4.565000,D,S,29039.000000
Wed Jul 16 20:46:46 2025,16-Jul-2025,234709,48 24.865300 N,062 5.807600 W,3.8,34.6,A,DoorSpread,DoorMaster,4.565000,D,S,29039.000000
Wed Jul 16 20:46:46 2025,16-Jul-2025,234710,48 24.866000 N,062 5.806700 W,3.9,34.5,A,DoorSpread,DoorMaster,4.565000,D,S,29039.000000
Wed Jul 16 20:46:46 2025,16-Jul-2025,234711,48 24.866900 N,062 5.806000 W,3.9,34.1,A,DoorSpread,DoorMaster,4.565000,D,S,29039.000000
Wed Jul 16 20:46:46 2025,16-Jul-2025,234712,48 24.867800 N,062 5.805100 W,3.9,34.2,A,DoorSpread,DoorMaster,4.565000,D,S,29039.000000
Wed Jul 16 20:46:46 2025,16-Jul-2025,234713,48 24.868500 N,062 5.804200 W,3.9,34.4,A,DoorSpread,DoorMaster,4.565000,D,S,29039.000000
Wed Jul 16 20:46:46 2025,16-Jul-2025,234714,48 24.869400 N,062 5.803300 W,3.9,34.5,A,DoorSpread,DoorMaster,4.565000,D,S,29039.000000
Wed Jul 16 20:46:46 2025,16-Jul-2025,234715,48 24.870100 N,062 5.802400 W,3.9,34.5,A,DoorSpread,DoorMaster,4.565000,D,S,29039.000000
Wed Jul 16 20:46:46 2025,16-Jul-2025,234716,48 24.870900 N,062 5.801600 W,3.9,34.5,A,DoorSpread,DoorMaster,4.565000,D,S,29039.000000
Wed Jul 16 20:46:46 2025,16-Jul-2025,234717,48 24.871600 N,062 5.800800 W,3.8,34.5,A,DoorSpread,DoorMaster,4.565000,D,S,29039.000000
Wed Jul 16 20:46:46 2025,16-Jul-2025,234718,48 24.872300 N,062 5.800000 W,3.8,34.5,A,DoorSpread,DoorMaster,4.565000,D,S,29039.000000
Wed Jul 16 20:46:46 2025,16-Jul-2025,234719,48 24.873200 N,062 5.799300 W,3.8,34.4,A,DoorSpread,DoorMaster,4.565000,D,S,29039.000000
Wed Jul 16 20:46:46 2025,16-Jul-2025,234720,48 24.874000 N,062 5.798500 W,3.8,34.3,A,DoorSpread,DoorMaster,4.565000,D,S,29039.000000
Wed Jul 16 20:46:46 2025,16-Jul-2025,234721,48 24.874800 N,062 5.797800 W,3.8,34.3,A,DoorSpread,DoorMaster,4.565000,D,S,29039.000000
Wed Jul 16 20:46:46 2025,16-Jul-2025,234722,48 24.875600 N,062 5.797000 W,3.8,34.3,A,DoorSpread,DoorMaster,4.565000,D,S,29039.000000
Wed Jul 16 20:47:24 2025,16-Jul-2025,234723,48 24.876400 N,062 5.796100 W,3.8,34.4,A,DoorSpread,DoorMaster,4.220000,D,S,20325.000000
Wed Jul 16 20:47:24 2025,16-Jul-2025,234724,48 24.877100 N,062 5.795300 W,3.8,34.7,A,DoorSpread,DoorMaster,4.220000,D,S,20325.000000
Wed Jul 16 20:47:24 2025,16-Jul-2025,234725,48 24.877800 N,062 5.794500 W,3.8,35.0,A,DoorSpread,DoorMaster,4.220000,D,S,20325.000000
Wed Jul 16 20:47:24 2025,16-Jul-2025,234726,48 24.878600 N,062 5.793700 W,3.8,35.3,A,DoorSpread,DoorMaster,4.220000,D,S,20325.000000
Wed Jul 16 20:47:24 2025,16-Jul-2025,234727,48 24.879300 N,062 5.793000 W,3.8,35.7,A,DoorSpread,DoorMaster,4.220000,D,S,20325.000000
Wed Jul 16 20:47:24 2025,16-Jul-2025,234728,48 24.880100 N,062 5.792300 W,3.8,36.1,A,DoorSpread,DoorMaster,4.220000,D,S,20325.000000
Wed Jul 16 20:47:24 2025,16-Jul-2025,234729,48 24.880900 N,062 5.791600 W,3.8,36.0,A,DoorSpread,DoorMaster,4.220000,D,S,20325.000000
Wed Jul 16 20:47:24 2025,16-Jul-2025,234730,48 24.881700 N,062 5.791000 W,3.8,35.8,A,DoorSpread,DoorMaster,4.220000,D,S,20325.000000
Wed Jul 16 20:47:24 2025,16-Jul-2025,234731,48 24.882500 N,062 5.790300 W,3.8,35.7,A,DoorSpread,DoorMaster,4.220000,D,S,20325.000000
Wed Jul 16 20:47:24 2025,16-Jul-2025,234732,48 24.883300 N,062 5.789500 W,3.9,35.7,A,DoorSpread,DoorMaster,4.220000,D,S,20325.000000
Wed Jul 16 20:47:24 2025,16-Jul-2025,234733,48 24.884100 N,062 5.788700 W,3.8,35.8,A,DoorSpread,DoorMaster,4.220000,D,S,20325.000000
Wed Jul 16 20:47:24 2025,16-Jul-2025,234734,48 24.884900 N,062 5.787700 W,3.8,36.0,A,DoorSpread,DoorMaster,4.220000,D,S,20325.000000
Wed Jul 16 20:47:24 2025,16-Jul-2025,234735,48 24.885600 N,062 5.786800 W,3.8,36.2,A,DoorSpread,DoorMaster,4.220000,D,S,20325.000000
Wed Jul 16 20:47:24 2025,16-Jul-2025,234736,48 24.886400 N,062 5.785800 W,3.8,36.2,A,DoorSpread,DoorMaster,4.220000,D,S,20325.000000
Wed Jul 16 20:47:24 2025,16-Jul-2025,234737,48 24.887200 N,062 5.784800 W,3.8,36.2,A,DoorSpread,DoorMaster,4.220000,D,S,20325.000000
Wed Jul 16 20:47:24 2025,16-Jul-2025,234738,48 24.888000 N,062 5.783800 W,3.9,36.4,A,DoorSpread,DoorMaster,4.220000,D,S,20325.000000
Wed Jul 16 20:47:24 2025,16-Jul-2025,234739,48 24.888800 N,062 5.782800 W,3.9,36.2,A,DoorSpread,DoorMaster,4.220000,D,S,20325.000000
Wed Jul 16 20:47:24 2025,16-Jul-2025,234740,48 24.889700 N,062 5.781800 W,3.9,36.1,A,DoorSpread,DoorMaster,4.220000,D,S,20325.000000
Wed Jul 16 20:47:24 2025,16-Jul-2025,234741,48 24.890500 N,062 5.780800 W,3.9,36.2,A,DoorSpread,DoorMaster,4.220000,D,S,20325.000000
Wed Jul 16 20:47:24 2025,16-Jul-2025,234742,48 24.891400 N,062 5.779800 W,3.9,36.3,A,DoorSpread,DoorMaster,4.220000,D,S,20325.000000
Wed Jul 16 20:47:24 2025,16-Jul-2025,234743,48 24.892200 N,062 5.778900 W,3.9,36.1,A,DoorSpread,DoorMaster,4.220000,D,S,20325.000000
Wed Jul 16 20:47:24 2025,16-Jul-2025,234744,48 24.893100 N,062 5.778000 W,3.9,36.3,A,DoorSpread,DoorMaster,4.220000,D,S,20325.000000
Wed Jul 16 20:47:24 2025,16-Jul-2025,234745,48 24.893900 N,062 5.777000 W,3.9,36.6,A,DoorSpread,DoorMaster,4.220000,D,S,20325.000000
Wed Jul 16 20:47:24 2025,16-Jul-2025,234746,48 24.894700 N,062 5.776000 W,3.9,36.8,A,DoorSpread,DoorMaster,4.220000,D,S,20325.000000
Wed Jul 16 20:47:24 2025,16-Jul-2025,234747,48 24.895500 N,062 5.775000 W,3.9,37.0,A,DoorSpread,DoorMaster,4.220000,D,S,20325.000000
Wed Jul 16 20:47:24 2025,16-Jul-2025,234748,48 24.896300 N,062 5.774100 W,3.9,37.5,A,DoorSpread,DoorMaster,4.220000,D,S,20325.000000
Wed Jul 16 20:47:24 2025,16-Jul-2025,234749,48 24.897200 N,062 5.773300 W,3.9,37.6,A,DoorSpread,DoorMaster,4.220000,D,S,20325.000000
Wed Jul 16 20:47:24 2025,16-Jul-2025,234750,48 24.898100 N,062 5.772400 W,3.9,37.3,A,DoorSpread,DoorMaster,4.220000,D,S,20325.000000
Wed Jul 16 20:47:24 2025,16-Jul-2025,234751,48 24.898800 N,062 5.771700 W,3.9,37.1,A,DoorSpread,DoorMaster,4.220000,D,S,20325.000000
Wed Jul 16 20:47:24 2025,16-Jul-2025,234752,48 24.899600 N,062 5.771000 W,3.9,36.9,A,DoorSpread,DoorMaster,4.220000,D,S,20325.000000
Wed Jul 16 20:47:24 2025,16-Jul-2025,234753,48 24.900400 N,062 5.770100 W,3.9,36.9,A,DoorSpread,DoorMaster,4.220000,D,S,20325.000000
Wed Jul 16 20:47:24 2025,16-Jul-2025,234754,48 24.901200 N,062 5.769100 W,4.0,36.6,A,DoorSpread,DoorMaster,4.220000,D,S,20325.000000
Wed Jul 16 20:47:24 2025,16-Jul-2025,234755,48 24.902000 N,062 5.768300 W,3.9,36.3,A,DoorSpread,DoorMaster,4.220000,D,S,20325.000000
Wed Jul 16 20:47:24 2025,16-Jul-2025,234756,48 24.902800 N,062 5.767300 W,3.9,36.2,A,DoorSpread,DoorMaster,4.220000,D,S,20325.000000
Wed Jul 16 20:47:24 2025,16-Jul-2025,234757,48 24.903600 N,062 5.766000 W,4.0,36.9,A,DoorSpread,DoorMaster,4.220000,D,S,20325.000000
Wed Jul 16 20:47:24 2025,16-Jul-2025,234758,48 24.904400 N,062 5.764700 W,4.0,37.3,A,DoorSpread,DoorMaster,4.220000,D,S,20325.000000
Wed Jul 16 20:47:24 2025,16-Jul-2025,234759,48 24.905100 N,062 5.763600 W,3.9,37.4,A,DoorSpread,DoorMaster,4.220000,D,S,20325.000000
Wed Jul 16 20:47:24 2025,16-Jul-2025,234800,48 24.905800 N,062 5.762600 W,3.8,37.5,A,DoorSpread,DoorMaster,4.220000,D,S,20325.000000
Wed Jul 16 20:47:24 2025,16-Jul-2025,234801,48 24.906500 N,062 5.761400 W,3.8,37.9,A,DoorSpread,DoorMaster,4.220000,D,S,20325.000000
Wed Jul 16 20:47:24 2025,16-Jul-2025,234802,48 24.907300 N,062 5.760100 W,3.9,38.3,A,DoorSpread,DoorMaster,4.220000,D,S,20325.000000
Wed Jul 16 20:47:24 2025,16-Jul-2025,234803,48 24.908000 N,062 5.759000 W,3.9,38.6,A,DoorSpread,DoorMaster,4.220000,D,S,20325.000000
Wed Jul 16 20:47:24 2025,16-Jul-2025,234804,48 24.908600 N,062 5.758200 W,3.8,38.7,A,DoorSpread,DoorMaster,4.220000,D,S,20325.000000
Wed Jul 16 20:47:24 2025,16-Jul-2025,234805,48 24.909200 N,062 5.757200 W,3.8,38.9,A,DoorSpread,DoorMaster,4.220000,D,S,20325.000000
Wed Jul 16 20:47:24 2025,16-Jul-2025,234806,48 24.909900 N,062 5.756100 W,3.8,39.1,A,DoorSpread,DoorMaster,4.220000,D,S,20325.000000
Wed Jul 16 20:47:24 2025,16-Jul-2025,234807,48 24.910600 N,062 5.755100 W,3.8,39.1,A,DoorSpread,DoorMaster,4.220000,D,S,20325.000000
Wed Jul 16 20:47:24 2025,16-Jul-2025,234808,48 24.911300 N,062 5.754200 W,3.8,39.0,A,DoorSpread,DoorMaster,4.220000,D,S,20325.000000
Wed Jul 16 20:47:24 2025,16-Jul-2025,234809,48 24.912100 N,062 5.753400 W,3.8,38.8,A,DoorSpread,DoorMaster,4.220000,D,S,20325.000000
Wed Jul 16 20:47:24 2025,16-Jul-2025,234810,48 24.912900 N,062 5.752600 W,3.8,38.5,A,DoorSpread,DoorMaster,4.220000,D,S,20325.000000
Wed Jul 16 20:47:24 2025,16-Jul-2025,234811,48 24.913700 N,062 5.751800 W,3.9,38.3,A,DoorSpread,DoorMaster,4.220000,D,S,20325.000000
Wed Jul 16 20:47:24 2025,16-Jul-2025,234812,48 24.914500 N,062 5.750900 W,3.9,37.8,A,DoorSpread,DoorMaster,4.220000,D,S,20325.000000
Wed Jul 16 20:47:24 2025,16-Jul-2025,234813,48 24.915500 N,062 5.750300 W,3.9,37.2,A,DoorSpread,DoorMaster,4.220000,D,S,20325.000000
Wed Jul 16 20:47:24 2025,16-Jul-2025,234814,48 24.916300 N,062 5.749500 W,3.9,36.7,A,DoorSpread,DoorMaster,4.220000,D,S,20325.000000
Wed Jul 16 20:47:24 2025,16-Jul-2025,234815,48 24.917200 N,062 5.748500 W,3.9,36.9,A,DoorSpread,DoorMaster,4.220000,D,S,20325.000000
Wed Jul 16 20:47:24 2025,16-Jul-2025,234816,48 24.918100 N,062 5.747500 W,4.0,36.5,A,DoorSpread,DoorMaster,4.220000,D,S,20325.000000
Wed Jul 16 20:47:24 2025,16-Jul-2025,234817,48 24.919100 N,062 5.746400 W,4.0,36.1,A,DoorSpread,DoorMaster,4.220000,D,S,20325.000000
Wed Jul 16 20:47:24 2025,16-Jul-2025,234818,48 24.919900 N,062 5.745400 W,4.0,35.4,A,DoorSpread,DoorMaster,4.220000,D,S,20325.000000
Wed Jul 16 20:47:24 2025,16-Jul-2025,234819,48 24.920800 N,062 5.744400 W,4.0,35.1,A,DoorSpread,DoorMaster,4.220000,D,S,20325.000000
Wed Jul 16 20:47:24 2025,16-Jul-2025,234820,48 24.921700 N,062 5.743400 W,4.0,34.8,A,DoorSpread,DoorMaster,4.220000,D,S,20325.000000
Wed Jul 16 20:47:24 2025,16-Jul-2025,234821,48 24.922700 N,062 5.742600 W,4.0,34.6,A,DoorSpread,DoorMaster,4.220000,D,S,20325.000000
Wed Jul 16 20:47:24 2025,16-Jul-2025,234822,48 24.923600 N,062 5.741800 W,4.0,34.3,A,DoorSpread,DoorMaster,4.220000,D,S,20325.000000
Wed Jul 16 20:47:24 2025,16-Jul-2025,234823,48 24.924600 N,062 5.740900 W,4.0,34.2,A,DoorSpread,DoorMaster,4.220000,D,S,20325.000000
Wed Jul 16 20:47:24 2025,16-Jul-2025,234824,48 24.925500 N,062 5.739900 W,4.0,34.1,A,DoorSpread,DoorMaster,4.220000,D,S,20325.000000
Wed Jul 16 20:47:24 2025,16-Jul-2025,234825,48 24.926400 N,062 5.739100 W,4.0,34.1,A,DoorSpread,DoorMaster,4.220000,D,S,20325.000000
Wed Jul 16 20:47:24 2025,16-Jul-2025,234826,48 24.927300 N,062 5.738300 W,3.9,33.9,A,DoorSpread,DoorMaster,4.220000,D,S,20325.000000
Wed Jul 16 20:47:24 2025,16-Jul-2025,234827,48 24.928100 N,062 5.737400 W,3.9,33.8,A,DoorSpread,DoorMaster,4.220000,D,S,20325.000000
Wed Jul 16 20:47:24 2025,16-Jul-2025,234828,48 24.928900 N,062 5.736600 W,3.9,33.9,A,DoorSpread,DoorMaster,4.220000,D,S,20325.000000
Wed Jul 16 20:47:24 2025,16-Jul-2025,234829,48 24.929700 N,062 5.735800 W,3.9,34.0,A,DoorSpread,DoorMaster,4.220000,D,S,20325.000000
Wed Jul 16 20:47:24 2025,16-Jul-2025,234830,48 24.930600 N,062 5.735100 W,3.9,33.9,A,DoorSpread,DoorMaster,4.220000,D,S,20325.000000
Wed Jul 16 20:47:24 2025,16-Jul-2025,234831,48 24.931400 N,062 5.734400 W,3.9,33.9,A,DoorSpread,DoorMaster,4.220000,D,S,20325.000000
Wed Jul 16 20:47:24 2025,16-Jul-2025,234832,48 24.932200 N,062 5.733500 W,3.9,33.9,A,DoorSpread,DoorMaster,4.220000,D,S,20325.000000
Wed Jul 16 20:47:24 2025,16-Jul-2025,234833,48 24.933100 N,062 5.732600 W,3.9,34.0,A,DoorSpread,DoorMaster,4.220000,D,S,20325.000000
Wed Jul 16 20:47:24 2025,16-Jul-2025,234834,48 24.933900 N,062 5.731600 W,3.9,34.0,A,DoorSpread,DoorMaster,4.220000,D,S,20325.000000
Wed Jul 16 20:47:24 2025,16-Jul-2025,234835,48 24.934800 N,062 5.730600 W,3.9,34.1,A,DoorSpread,DoorMaster,4.220000,D,S,20325.000000
Wed Jul 16 20:47:24 2025,16-Jul-2025,234836,48 24.935600 N,062 5.729600 W,4.0,34.3,A,DoorSpread,DoorMaster,4.220000,D,S,20325.000000
Wed Jul 16 20:47:24 2025,16-Jul-2025,234837,48 24.936500 N,062 5.728500 W,4.0,34.5,A,DoorSpread,DoorMaster,4.220000,D,S,20325.000000
Wed Jul 16 20:47:24 2025,16-Jul-2025,234838,48 24.937400 N,062 5.727500 W,4.0,34.5,A,DoorSpread,DoorMaster,4.220000,D,S,20325.000000
Wed Jul 16 20:47:24 2025,16-Jul-2025,234839,48 24.938300 N,062 5.726600 W,4.0,34.4,A,DoorSpread,DoorMaster,4.220000,D,S,20325.000000
Wed Jul 16 20:47:24 2025,16-Jul-2025,234840,48 24.939100 N,062 5.725700 W,4.0,34.8,A,DoorSpread,DoorMaster,4.220000,D,S,20325.000000
Wed Jul 16 20:47:24 2025,16-Jul-2025,234841,48 24.940000 N,062 5.724700 W,4.0,35.2,A,DoorSpread,DoorMaster,4.220000,D,S,20325.000000
Wed Jul 16 20:47:24 2025,16-Jul-2025,234842,48 24.940900 N,062 5.723600 W,4.1,35.2,A,DoorSpread,DoorMaster,4.220000,D,S,20325.000000
Wed Jul 16 20:48:44 2025,16-Jul-2025,234843,48 24.941800 N,062 5.722500 W,4.1,35.3,A,DoorSpread,DoorMaster,3.185000,D,S,16650.000000
Wed Jul 16 20:48:44 2025,16-Jul-2025,234844,48 24.942600 N,062 5.721400 W,4.1,35.6,A,DoorSpread,DoorMaster,3.185000,D,S,16650.000000
Wed Jul 16 20:48:44 2025,16-Jul-2025,234845,48 24.943500 N,062 5.720300 W,4.1,36.0,A,DoorSpread,DoorMaster,3.185000,D,S,16650.000000
Wed Jul 16 20:48:44 2025,16-Jul-2025,234846,48 24.944300 N,062 5.719400 W,4.1,35.7,A,DoorSpread,DoorMaster,3.185000,D,S,16650.000000
Wed Jul 16 20:48:44 2025,16-Jul-2025,234847,48 24.945200 N,062 5.718600 W,4.0,35.6,A,DoorSpread,DoorMaster,3.185000,D,S,16650.000000
Wed Jul 16 20:48:44 2025,16-Jul-2025,234848,48 24.945900 N,062 5.717600 W,4.0,35.6,A,DoorSpread,DoorMaster,3.185000,D,S,16650.000000
Wed Jul 16 20:48:50 2025,16-Jul-2025,234849,48 24.946600 N,062 5.716500 W,4.0,35.9,A,DoorSpread,DoorMaster,2.545000,D,S,36196.000000
Wed Jul 16 20:48:50 2025,16-Jul-2025,234850,48 24.947400 N,062 5.715400 W,4.0,35.9,A,DoorSpread,DoorMaster,2.545000,D,S,36196.000000
Wed Jul 16 20:48:50 2025,16-Jul-2025,234851,48 24.948200 N,062 5.714400 W,4.0,36.0,A,DoorSpread,DoorMaster,2.545000,D,S,36196.000000
Wed Jul 16 20:48:50 2025,16-Jul-2025,234852,48 24.949100 N,062 5.713400 W,4.0,36.0,A,DoorSpread,DoorMaster,2.545000,D,S,36196.000000
Wed Jul 16 20:48:50 2025,16-Jul-2025,234853,48 24.949800 N,062 5.712400 W,4.0,36.2,A,DoorSpread,DoorMaster,2.545000,D,S,36196.000000
Wed Jul 16 20:48:50 2025,16-Jul-2025,234854,48 24.950700 N,062 5.711200 W,4.1,36.1,A,DoorSpread,DoorMaster,2.545000,D,S,36196.000000
Wed Jul 16 20:48:50 2025,16-Jul-2025,234855,48 24.951500 N,062 5.710200 W,4.1,35.9,A,DoorSpread,DoorMaster,2.545000,D,S,36196.000000
Wed Jul 16 20:48:50 2025,16-Jul-2025,234856,48 24.952300 N,062 5.709200 W,4.1,36.1,A,DoorSpread,DoorMaster,2.545000,D,S,36196.000000
Wed Jul 16 20:48:50 2025,16-Jul-2025,234857,48 24.953200 N,062 5.708300 W,4.1,36.5,A,DoorSpread,DoorMaster,2.545000,D,S,36196.000000
Wed Jul 16 20:48:50 2025,16-Jul-2025,234858,48 24.954100 N,062 5.707400 W,4.1,36.2,A,DoorSpread,DoorMaster,2.545000,D,S,36196.000000
Wed Jul 16 20:48:50 2025,16-Jul-2025,234859,48 24.955000 N,062 5.706700 W,4.1,35.9,A,DoorSpread,DoorMaster,2.545000,D,S,36196.000000
Wed Jul 16 20:48:50 2025,16-Jul-2025,234900,48 24.955900 N,062 5.705800 W,4.1,36.2,A,DoorSpread,DoorMaster,2.545000,D,S,36196.000000
Wed Jul 16 20:48:50 2025,16-Jul-2025,234901,48 24.956700 N,062 5.704600 W,4.1,36.7,A,DoorSpread,DoorMaster,2.545000,D,S,36196.000000
Wed Jul 16 20:48:50 2025,16-Jul-2025,234902,48 24.957600 N,062 5.703500 W,4.1,36.8,A,DoorSpread,DoorMaster,2.545000,D,S,36196.000000
Wed Jul 16 20:48:50 2025,16-Jul-2025,234903,48 24.958400 N,062 5.702700 W,4.0,36.7,A,DoorSpread,DoorMaster,2.545000,D,S,36196.000000
Wed Jul 16 20:48:50 2025,16-Jul-2025,234904,48 24.959300 N,062 5.701600 W,4.1,36.8,A,DoorSpread,DoorMaster,2.545000,D,S,36196.000000
Wed Jul 16 20:49:06 2025,16-Jul-2025,234905,48 24.960200 N,062 5.700600 W,4.1,36.5,A,DoorSpread,DoorMaster,2.595000,D,S,20303.000000
Wed Jul 16 20:49:06 2025,16-Jul-2025,234906,48 24.961000 N,062 5.699600 W,4.0,36.2,A,DoorSpread,DoorMaster,2.595000,D,S,20303.000000
Wed Jul 16 20:49:06 2025,16-Jul-2025,234907,48 24.961800 N,062 5.698800 W,4.0,36.0,A,DoorSpread,DoorMaster,2.595000,D,S,20303.000000
Wed Jul 16 20:49:06 2025,16-Jul-2025,234908,48 24.962700 N,062 5.697800 W,4.0,35.7,A,DoorSpread,DoorMaster,2.595000,D,S,20303.000000
Wed Jul 16 20:49:06 2025,16-Jul-2025,234909,48 24.963500 N,062 5.696900 W,4.0,36.0,A,DoorSpread,DoorMaster,2.595000,D,S,20303.000000
Wed Jul 16 20:49:06 2025,16-Jul-2025,234910,48 24.964300 N,062 5.695900 W,4.0,36.1,A,DoorSpread,DoorMaster,2.595000,D,S,20303.000000
Wed Jul 16 20:49:06 2025,16-Jul-2025,234911,48 24.965200 N,062 5.695000 W,4.0,36.0,A,DoorSpread,DoorMaster,2.595000,D,S,20303.000000
Wed Jul 16 20:49:06 2025,16-Jul-2025,234912,48 24.966100 N,062 5.694000 W,4.0,35.8,A,DoorSpread,DoorMaster,2.595000,D,S,20303.000000
Wed Jul 16 20:49:06 2025,16-Jul-2025,234913,48 24.967000 N,062 5.693100 W,4.0,35.9,A,DoorSpread,DoorMaster,2.595000,D,S,20303.000000
Wed Jul 16 20:49:06 2025,16-Jul-2025,234914,48 24.967800 N,062 5.692100 W,4.0,35.7,A,DoorSpread,DoorMaster,2.595000,D,S,20303.000000
Wed Jul 16 20:49:06 2025,16-Jul-2025,234915,48 24.968700 N,062 5.691200 W,4.0,35.4,A,DoorSpread,DoorMaster,2.595000,D,S,20303.000000
Wed Jul 16 20:49:06 2025,16-Jul-2025,234916,48 24.969500 N,062 5.690200 W,4.0,35.1,A,DoorSpread,DoorMaster,2.595000,D,S,20303.000000
Wed Jul 16 20:49:06 2025,16-Jul-2025,234917,48 24.970400 N,062 5.689300 W,4.0,35.2,A,DoorSpread,DoorMaster,2.595000,D,S,20303.000000
Wed Jul 16 20:49:06 2025,16-Jul-2025,234918,48 24.971200 N,062 5.688300 W,4.1,35.5,A,DoorSpread,DoorMaster,2.595000,D,S,20303.000000
Wed Jul 16 20:49:06 2025,16-Jul-2025,234919,48 24.972200 N,062 5.687300 W,4.2,35.5,A,DoorSpread,DoorMaster,2.595000,D,S,20303.000000
Wed Jul 16 20:49:06 2025,16-Jul-2025,234920,48 24.973200 N,062 5.686400 W,4.2,35.2,A,DoorSpread,DoorMaster,2.595000,D,S,20303.000000
Wed Jul 16 20:49:22 2025,16-Jul-2025,234921,48 24.974200 N,062 5.685500 W,4.2,35.2,A,DoorSpread,DoorMaster,2.755000,D,S,18616.000000
Wed Jul 16 20:49:22 2025,16-Jul-2025,234922,48 24.975200 N,062 5.684500 W,4.2,35.2,A,DoorSpread,DoorMaster,2.755000,D,S,18616.000000
Wed Jul 16 20:49:22 2025,16-Jul-2025,234923,48 24.976200 N,062 5.683400 W,4.3,35.2,A,DoorSpread,DoorMaster,2.755000,D,S,18616.000000
Wed Jul 16 20:49:22 2025,16-Jul-2025,234924,48 24.977100 N,062 5.682300 W,4.3,35.1,A,DoorSpread,DoorMaster,2.755000,D,S,18616.000000
Wed Jul 16 20:49:22 2025,16-Jul-2025,234925,48 24.978100 N,062 5.681400 W,4.3,34.8,A,DoorSpread,DoorMaster,2.755000,D,S,18616.000000
Wed Jul 16 20:49:22 2025,16-Jul-2025,234926,48 24.979100 N,062 5.680300 W,4.3,35.0,A,DoorSpread,DoorMaster,2.755000,D,S,18616.000000
Wed Jul 16 20:49:22 2025,16-Jul-2025,234927,48 24.980000 N,062 5.679300 W,4.3,35.1,A,DoorSpread,DoorMaster,2.755000,D,S,18616.000000
Wed Jul 16 20:49:22 2025,16-Jul-2025,234928,48 24.980900 N,062 5.678300 W,4.2,35.2,A,DoorSpread,DoorMaster,2.755000,D,S,18616.000000
Wed Jul 16 20:49:22 2025,16-Jul-2025,234929,48 24.981700 N,062 5.677300 W,4.2,35.2,A,DoorSpread,DoorMaster,2.755000,D,S,18616.000000
Wed Jul 16 20:49:22 2025,16-Jul-2025,234930,48 24.982500 N,062 5.676300 W,4.2,35.4,A,DoorSpread,DoorMaster,2.755000,D,S,18616.000000
Wed Jul 16 20:49:22 2025,16-Jul-2025,234931,48 24.983300 N,062 5.675300 W,4.2,35.8,A,DoorSpread,DoorMaster,2.755000,D,S,18616.000000
Wed Jul 16 20:49:22 2025,16-Jul-2025,234932,48 24.984100 N,062 5.674300 W,4.2,35.9,A,DoorSpread,DoorMaster,2.755000,D,S,18616.000000
Wed Jul 16 20:49:22 2025,16-Jul-2025,234933,48 24.984800 N,062 5.673200 W,4.2,36.1,A,DoorSpread,DoorMaster,2.755000,D,S,18616.000000
Wed Jul 16 20:49:22 2025,16-Jul-2025,234934,48 24.985500 N,062 5.672000 W,4.2,36.5,A,DoorSpread,DoorMaster,2.755000,D,S,18616.000000
Wed Jul 16 20:49:22 2025,16-Jul-2025,234935,48 24.986200 N,062 5.670900 W,4.1,37.1,A,DoorSpread,DoorMaster,2.755000,D,S,18616.000000
Wed Jul 16 20:49:22 2025,16-Jul-2025,234936,48 24.986900 N,062 5.669600 W,4.2,37.4,A,DoorSpread,DoorMaster,2.755000,D,S,18616.000000
Wed Jul 16 20:49:22 2025,16-Jul-2025,234937,48 24.987700 N,062 5.668400 W,4.2,37.2,A,DoorSpread,DoorMaster,2.755000,D,S,18616.000000
Wed Jul 16 20:49:22 2025,16-Jul-2025,234938,48 24.988400 N,062 5.667300 W,4.1,37.3,A,DoorSpread,DoorMaster,2.755000,D,S,18616.000000
Wed Jul 16 20:49:22 2025,16-Jul-2025,234939,48 24.989200 N,062 5.666100 W,4.1,37.5,A,DoorSpread,DoorMaster,2.755000,D,S,18616.000000
Wed Jul 16 20:49:22 2025,16-Jul-2025,234940,48 24.989900 N,062 5.665000 W,4.1,37.3,A,DoorSpread,DoorMaster,2.755000,D,S,18616.000000
Wed Jul 16 20:49:22 2025,16-Jul-2025,234941,48 24.990700 N,062 5.664100 W,4.1,37.0,A,DoorSpread,DoorMaster,2.755000,D,S,18616.000000
Wed Jul 16 20:49:22 2025,16-Jul-2025,234942,48 24.991500 N,062 5.663100 W,4.1,37.0,A,DoorSpread,DoorMaster,2.755000,D,S,18616.000000
Wed Jul 16 20:49:22 2025,16-Jul-2025,234943,48 24.992300 N,062 5.662000 W,4.1,37.0,A,DoorSpread,DoorMaster,2.755000,D,S,18616.000000
Wed Jul 16 20:49:22 2025,16-Jul-2025,234944,48 24.993200 N,062 5.660900 W,4.1,36.8,A,DoorSpread,DoorMaster,2.755000,D,S,18616.000000
Wed Jul 16 20:49:22 2025,16-Jul-2025,234945,48 24.994100 N,062 5.659900 W,4.2,36.4,A,DoorSpread,DoorMaster,2.755000,D,S,18616.000000
Wed Jul 16 20:49:22 2025,16-Jul-2025,234946,48 24.994900 N,062 5.658800 W,4.2,36.0,A,DoorSpread,DoorMaster,2.755000,D,S,18616.000000
Wed Jul 16 20:49:22 2025,16-Jul-2025,234947,48 24.995800 N,062 5.657800 W,4.2,36.2,A,DoorSpread,DoorMaster,2.755000,D,S,18616.000000
Wed Jul 16 20:49:22 2025,16-Jul-2025,234948,48 24.996800 N,062 5.656800 W,4.1,36.2,A,DoorSpread,DoorMaster,2.755000,D,S,18616.000000
Wed Jul 16 20:49:22 2025,16-Jul-2025,234949,48 24.997600 N,062 5.655900 W,4.1,36.2,A,DoorSpread,DoorMaster,2.755000,D,S,18616.000000
Wed Jul 16 20:49:22 2025,16-Jul-2025,234950,48 24.998500 N,062 5.654900 W,4.1,36.0,A,DoorSpread,DoorMaster,2.755000,D,S,18616.000000
Wed Jul 16 20:49:22 2025,16-Jul-2025,234951,48 24.999300 N,062 5.653900 W,4.1,36.1,A,DoorSpread,DoorMaster,2.755000,D,S,18616.000000
Wed Jul 16 20:49:22 2025,16-Jul-2025,234952,48 25.000100 N,062 5.653000 W,4.1,36.1,A,DoorSpread,DoorMaster,2.755000,D,S,18616.000000
Wed Jul 16 20:49:54 2025,16-Jul-2025,234953,48 25.001000 N,062 5.652100 W,4.0,36.0,A,DoorSpread,DoorMaster,3.965000,D,S,21221.000000
Wed Jul 16 20:49:54 2025,16-Jul-2025,234954,48 25.001800 N,062 5.651300 W,4.0,35.8,A,DoorSpread,DoorMaster,3.965000,D,S,21221.000000
Wed Jul 16 20:49:54 2025,16-Jul-2025,234955,48 25.002800 N,062 5.650400 W,4.1,35.4,A,DoorSpread,DoorMaster,3.965000,D,S,21221.000000
Wed Jul 16 20:49:54 2025,16-Jul-2025,234956,48 25.003600 N,062 5.649700 W,4.0,35.0,A,DoorSpread,DoorMaster,3.965000,D,S,21221.000000
Wed Jul 16 20:49:54 2025,16-Jul-2025,234957,48 25.004400 N,062 5.649100 W,4.0,34.8,A,DoorSpread,DoorMaster,3.965000,D,S,21221.000000
Wed Jul 16 20:49:59 2025,16-Jul-2025,234958,48 25.005300 N,062 5.648400 W,4.0,34.5,A,DoorSpread,DoorMaster,3.215000,D,S,26000.000000
Wed Jul 16 20:49:59 2025,16-Jul-2025,234959,48 25.006100 N,062 5.647700 W,4.0,34.3,A,DoorSpread,DoorMaster,3.215000,D,S,26000.000000
Wed Jul 16 20:49:59 2025,16-Jul-2025,235000,48 25.006900 N,062 5.646800 W,4.0,34.2,A,DoorSpread,DoorMaster,3.215000,D,S,26000.000000
Wed Jul 16 20:49:59 2025,16-Jul-2025,235001,48 25.007700 N,062 5.645800 W,4.0,34.1,A,DoorSpread,DoorMaster,3.215000,D,S,26000.000000
Wed Jul 16 20:49:59 2025,16-Jul-2025,235002,48 25.008600 N,062 5.644900 W,4.0,33.9,A,DoorSpread,DoorMaster,3.215000,D,S,26000.000000
Wed Jul 16 20:50:04 2025,16-Jul-2025,235003,48 25.009400 N,062 5.644000 W,4.0,33.3,A,DoorSpread,DoorMaster,2.315000,D,S,34798.000000
Wed Jul 16 20:50:04 2025,16-Jul-2025,235004,48 25.010300 N,062 5.643000 W,4.0,33.1,A,DoorSpread,DoorMaster,2.315000,D,S,34798.000000
Wed Jul 16 20:50:04 2025,16-Jul-2025,235005,48 25.011200 N,062 5.641900 W,4.1,33.1,A,DoorSpread,DoorMaster,2.315000,D,S,34798.000000
Wed Jul 16 20:50:04 2025,16-Jul-2025,235006,48 25.012000 N,062 5.640900 W,4.0,33.2,A,DoorSpread,DoorMaster,2.315000,D,S,34798.000000
Wed Jul 16 20:50:04 2025,16-Jul-2025,235007,48 25.012900 N,062 5.639800 W,4.0,33.4,A,DoorSpread,DoorMaster,2.315000,D,S,34798.000000
Wed Jul 16 20:50:04 2025,16-Jul-2025,235008,48 25.013700 N,062 5.638800 W,4.0,33.6,A,DoorSpread,DoorMaster,2.315000,D,S,34798.000000
Wed Jul 16 20:50:10 2025,16-Jul-2025,235009,48 25.014500 N,062 5.637900 W,4.0,33.8,A,DoorSpread,DoorMaster,3.710000,D,S,30061.000000
Wed Jul 16 20:50:10 2025,16-Jul-2025,235010,48 25.015500 N,062 5.636800 W,4.1,33.7,A,DoorSpread,DoorMaster,3.710000,D,S,30061.000000
Wed Jul 16 20:50:10 2025,16-Jul-2025,235011,48 25.016400 N,062 5.635700 W,4.1,33.6,A,DoorSpread,DoorMaster,3.710000,D,S,30061.000000
Wed Jul 16 20:50:10 2025,16-Jul-2025,235012,48 25.017300 N,062 5.634700 W,4.1,33.8,A,DoorSpread,DoorMaster,3.710000,D,S,30061.000000
Wed Jul 16 20:50:10 2025,16-Jul-2025,235013,48 25.018200 N,062 5.633700 W,4.1,33.9,A,DoorSpread,DoorMaster,3.710000,D,S,30061.000000
Wed Jul 16 20:50:15 2025,16-Jul-2025,235014,48 25.019100 N,062 5.632700 W,4.1,33.9,A,DoorSpread,DoorMaster,4.305000,D,S,19618.000000
Wed Jul 16 20:50:15 2025,16-Jul-2025,235015,48 25.020000 N,062 5.631700 W,4.1,34.0,A,DoorSpread,DoorMaster,4.305000,D,S,19618.000000
Wed Jul 16 20:50:15 2025,16-Jul-2025,235016,48 25.020900 N,062 5.630700 W,4.1,34.3,A,DoorSpread,DoorMaster,4.305000,D,S,19618.000000
Wed Jul 16 20:50:15 2025,16-Jul-2025,235017,48 25.022000 N,062 5.629700 W,4.1,34.2,A,DoorSpread,DoorMaster,4.305000,D,S,19618.000000
Wed Jul 16 20:50:15 2025,16-Jul-2025,235018,48 25.023000 N,062 5.628800 W,4.1,34.0,A,DoorSpread,DoorMaster,4.305000,D,S,19618.000000
Wed Jul 16 20:50:15 2025,16-Jul-2025,235019,48 25.023900 N,062 5.628000 W,4.0,34.0,A,DoorSpread,DoorMaster,4.305000,D,S,19618.000000
Wed Jul 16 20:50:21 2025,16-Jul-2025,235020,48 25.024800 N,062 5.627100 W,4.0,34.3,A,DoorSpread,DoorMaster,2.770000,D,S,29820.000000
Wed Jul 16 20:50:21 2025,16-Jul-2025,235021,48 25.025700 N,062 5.626100 W,4.1,34.6,A,DoorSpread,DoorMaster,2.770000,D,S,29820.000000
Wed Jul 16 20:50:21 2025,16-Jul-2025,235022,48 25.026700 N,062 5.625200 W,4.0,34.4,A,DoorSpread,DoorMaster,2.770000,D,S,29820.000000
Wed Jul 16 20:50:21 2025,16-Jul-2025,235023,48 25.027600 N,062 5.624400 W,4.0,34.0,A,DoorSpread,DoorMaster,2.770000,D,S,29820.000000
Wed Jul 16 20:50:21 2025,16-Jul-2025,235024,48 25.028500 N,062 5.623500 W,4.0,33.7,A,DoorSpread,DoorMaster,2.770000,D,S,29820.000000
Wed Jul 16 20:50:26 2025,16-Jul-2025,235025,48 25.029400 N,062 5.622500 W,4.0,33.6,A,DoorSpread,DoorMaster,2.065000,D,S,42317.000000
Wed Jul 16 20:50:26 2025,16-Jul-2025,235026,48 25.030200 N,062 5.621700 W,4.0,33.5,A,DoorSpread,DoorMaster,2.065000,D,S,42317.000000
Wed Jul 16 20:50:26 2025,16-Jul-2025,235027,48 25.031100 N,062 5.620900 W,4.0,33.3,A,DoorSpread,DoorMaster,2.065000,D,S,42317.000000
Wed Jul 16 20:50:26 2025,16-Jul-2025,235028,48 25.032000 N,062 5.620000 W,4.0,33.1,A,DoorSpread,DoorMaster,2.065000,D,S,42317.000000
Wed Jul 16 20:50:26 2025,16-Jul-2025,235029,48 25.032800 N,062 5.619100 W,4.0,33.2,A,DoorSpread,DoorMaster,2.065000,D,S,42317.000000
Wed Jul 16 20:50:31 2025,16-Jul-2025,235030,48 25.033600 N,062 5.618200 W,3.9,33.2,A,DoorSpread,DoorMaster,3.160000,D,S,56806.000000
Wed Jul 16 20:50:31 2025,16-Jul-2025,235031,48 25.034400 N,062 5.617400 W,3.9,33.1,A,DoorSpread,DoorMaster,3.160000,D,S,56806.000000
Wed Jul 16 20:50:31 2025,16-Jul-2025,235032,48 25.035300 N,062 5.616700 W,3.9,32.9,A,DoorSpread,DoorMaster,3.160000,D,S,56806.000000
Wed Jul 16 20:50:31 2025,16-Jul-2025,235033,48 25.036200 N,062 5.615800 W,3.9,32.9,A,DoorSpread,DoorMaster,3.160000,D,S,56806.000000
Wed Jul 16 20:50:31 2025,16-Jul-2025,235034,48 25.037100 N,062 5.614900 W,3.9,32.9,A,DoorSpread,DoorMaster,3.160000,D,S,56806.000000
Wed Jul 16 20:50:31 2025,16-Jul-2025,235035,48 25.037900 N,062 5.614000 W,3.9,32.8,A,DoorSpread,DoorMaster,3.160000,D,S,56806.000000
Wed Jul 16 20:50:37 2025,16-Jul-2025,235036,48 25.038700 N,062 5.613200 W,3.9,32.6,A,DoorSpread,DoorMaster,4.020000,D,S,33805.000000
Wed Jul 16 20:50:37 2025,16-Jul-2025,235037,48 25.039600 N,062 5.612300 W,4.0,32.7,A,DoorSpread,DoorMaster,4.020000,D,S,33805.000000
Wed Jul 16 20:50:37 2025,16-Jul-2025,235038,48 25.040400 N,062 5.611400 W,4.0,32.9,A,DoorSpread,DoorMaster,4.020000,D,S,33805.000000
Wed Jul 16 20:50:37 2025,16-Jul-2025,235039,48 25.041200 N,062 5.610600 W,3.9,32.8,A,DoorSpread,DoorMaster,4.020000,D,S,33805.000000
Wed Jul 16 20:50:37 2025,16-Jul-2025,235040,48 25.042000 N,062 5.609900 W,3.9,32.4,A,DoorSpread,DoorMaster,4.020000,D,S,33805.000000
Wed Jul 16 20:50:42 2025,16-Jul-2025,235041,48 25.042800 N,062 5.609100 W,3.9,32.2,A,DoorSpread,DoorMaster,4.280000,D,S,22148.000000
Wed Jul 16 20:50:42 2025,16-Jul-2025,235042,48 25.043600 N,062 5.608100 W,4.0,32.3,A,DoorSpread,DoorMaster,4.280000,D,S,22148.000000
Wed Jul 16 20:50:42 2025,16-Jul-2025,235043,48 25.044500 N,062 5.607100 W,4.0,32.2,A,DoorSpread,DoorMaster,4.280000,D,S,22148.000000
Wed Jul 16 20:50:42 2025,16-Jul-2025,235044,48 25.045300 N,062 5.606300 W,3.9,31.9,A,DoorSpread,DoorMaster,4.280000,D,S,22148.000000
Wed Jul 16 20:50:42 2025,16-Jul-2025,235045,48 25.046100 N,062 5.605700 W,3.8,31.5,A,DoorSpread,DoorMaster,4.280000,D,S,22148.000000
Wed Jul 16 20:50:42 2025,16-Jul-2025,235046,48 25.047000 N,062 5.605100 W,3.8,31.0,A,DoorSpread,DoorMaster,4.280000,D,S,22148.000000
Wed Jul 16 20:50:48 2025,16-Jul-2025,235047,48 25.047700 N,062 5.604500 W,3.7,30.4,A,DoorSpread,DoorMaster,3.125000,D,S,30236.000000
Wed Jul 16 20:50:48 2025,16-Jul-2025,235048,48 25.048600 N,062 5.604000 W,3.7,29.8,A,DoorSpread,DoorMaster,3.125000,D,S,30236.000000
Wed Jul 16 20:50:48 2025,16-Jul-2025,235049,48 25.049500 N,062 5.603300 W,3.7,29.3,A,DoorSpread,DoorMaster,3.125000,D,S,30236.000000
Wed Jul 16 20:50:48 2025,16-Jul-2025,235050,48 25.050400 N,062 5.602500 W,3.8,28.7,A,DoorSpread,DoorMaster,3.125000,D,S,30236.000000
Wed Jul 16 20:50:48 2025,16-Jul-2025,235051,48 25.051400 N,062 5.601700 W,3.8,28.3,A,DoorSpread,DoorMaster,3.125000,D,S,30236.000000
Wed Jul 16 20:50:53 2025,16-Jul-2025,235052,48 25.052300 N,062 5.600900 W,3.9,28.3,A,DoorSpread,DoorMaster,2.425000,D,P,45881.000000
Wed Jul 16 20:50:53 2025,16-Jul-2025,235053,48 25.053100 N,062 5.600000 W,3.8,28.4,A,DoorSpread,DoorMaster,2.425000,D,P,45881.000000
Wed Jul 16 20:50:53 2025,16-Jul-2025,235054,48 25.054000 N,062 5.599300 W,3.8,28.2,A,DoorSpread,DoorMaster,2.425000,D,P,45881.000000
Wed Jul 16 20:50:53 2025,16-Jul-2025,235055,48 25.055100 N,062 5.598300 W,3.9,28.1,A,DoorSpread,DoorMaster,2.425000,D,P,45881.000000
Wed Jul 16 20:50:53 2025,16-Jul-2025,235056,48 25.056100 N,062 5.597300 W,3.9,28.4,A,DoorSpread,DoorMaster,2.425000,D,P,45881.000000
Wed Jul 16 20:50:58 2025,16-Jul-2025,235057,48 25.057100 N,062 5.596300 W,3.9,28.8,A,DoorSpread,DoorMaster,1.495000,D,S,24679.000000
Wed Jul 16 20:50:58 2025,16-Jul-2025,235058,48 25.058000 N,062 5.595400 W,3.9,29.2,A,DoorSpread,DoorMaster,1.495000,D,S,24679.000000
Wed Jul 16 20:50:58 2025,16-Jul-2025,235059,48 25.059000 N,062 5.594400 W,4.0,29.5,A,DoorSpread,DoorMaster,1.495000,D,S,24679.000000
Wed Jul 16 20:50:58 2025,16-Jul-2025,235100,48 25.060000 N,062 5.593500 W,4.0,29.7,A,DoorSpread,DoorMaster,1.495000,D,S,24679.000000
Wed Jul 16 20:50:58 2025,16-Jul-2025,235101,48 25.061000 N,062 5.592500 W,4.1,30.2,A,DoorSpread,DoorMaster,1.495000,D,S,24679.000000
Wed Jul 16 20:50:58 2025,16-Jul-2025,235102,48 25.061900 N,062 5.591400 W,4.1,30.7,A,DoorSpread,DoorMaster,1.495000,D,S,24679.000000
Wed Jul 16 20:51:03 2025,16-Jul-2025,235103,48 25.062800 N,062 5.590400 W,4.0,31.1,A,DoorSpread,DoorMaster,3.225000,D,S,12883.000000
Wed Jul 16 20:51:03 2025,16-Jul-2025,235104,48 25.063700 N,062 5.589400 W,4.1,31.3,A,DoorSpread,DoorMaster,3.225000,D,S,12883.000000
Wed Jul 16 20:51:03 2025,16-Jul-2025,235105,48 25.064700 N,062 5.588400 W,4.1,31.5,A,DoorSpread,DoorMaster,3.225000,D,S,12883.000000
Wed Jul 16 20:51:03 2025,16-Jul-2025,235106,48 25.065700 N,062 5.587300 W,4.1,32.0,A,DoorSpread,DoorMaster,3.225000,D,S,12883.000000
Wed Jul 16 20:51:03 2025,16-Jul-2025,235107,48 25.066600 N,062 5.586200 W,4.2,32.3,A,DoorSpread,DoorMaster,3.225000,D,S,12883.000000
Wed Jul 16 20:51:03 2025,16-Jul-2025,235108,48 25.067600 N,062 5.585100 W,4.2,32.2,A,DoorSpread,DoorMaster,3.225000,D,S,12883.000000
Wed Jul 16 20:51:03 2025,16-Jul-2025,235109,48 25.068600 N,062 5.584000 W,4.2,32.2,A,DoorSpread,DoorMaster,3.225000,D,S,12883.000000
Wed Jul 16 20:51:03 2025,16-Jul-2025,235110,48 25.069600 N,062 5.582800 W,4.2,32.4,A,DoorSpread,DoorMaster,3.225000,D,S,12883.000000
Wed Jul 16 20:51:03 2025,16-Jul-2025,235111,48 25.070600 N,062 5.581500 W,4.3,32.8,A,DoorSpread,DoorMaster,3.225000,D,S,12883.000000
Wed Jul 16 20:51:03 2025,16-Jul-2025,235112,48 25.071700 N,062 5.580200 W,4.3,32.8,A,DoorSpread,DoorMaster,3.225000,D,S,12883.000000
Wed Jul 16 20:51:14 2025,16-Jul-2025,235113,48 25.072800 N,062 5.579100 W,4.3,32.6,A,DoorSpread,DoorMaster,1.100000,D,S,26544.000000
Wed Jul 16 20:51:14 2025,16-Jul-2025,235114,48 25.073900 N,062 5.578100 W,4.3,32.3,A,DoorSpread,DoorMaster,1.100000,D,S,26544.000000
Wed Jul 16 20:51:14 2025,16-Jul-2025,235115,48 25.075000 N,062 5.577100 W,4.4,32.3,A,DoorSpread,DoorMaster,1.100000,D,S,26544.000000
Wed Jul 16 20:51:14 2025,16-Jul-2025,235116,48 25.075900 N,062 5.576000 W,4.3,32.4,A,DoorSpread,DoorMaster,1.100000,D,S,26544.000000
Wed Jul 16 20:51:14 2025,16-Jul-2025,235117,48 25.077000 N,062 5.574900 W,4.3,32.3,A,DoorSpread,DoorMaster,1.100000,D,S,26544.000000
Wed Jul 16 20:51:19 2025,16-Jul-2025,235118,48 25.078000 N,062 5.573800 W,4.3,32.1,A,DoorSpread,DoorMaster,0.750000,D,S,22303.000000
Wed Jul 16 20:51:19 2025,16-Jul-2025,235119,48 25.079000 N,062 5.572700 W,4.4,32.1,A,DoorSpread,DoorMaster,0.750000,D,S,22303.000000
Wed Jul 16 20:51:19 2025,16-Jul-2025,235120,48 25.080000 N,062 5.571600 W,4.3,32.3,A,DoorSpread,DoorMaster,0.750000,D,S,22303.000000
Wed Jul 16 20:51:19 2025,16-Jul-2025,235121,48 25.081000 N,062 5.570500 W,4.3,32.3,A,DoorSpread,DoorMaster,0.750000,D,S,22303.000000
Wed Jul 16 20:51:19 2025,16-Jul-2025,235122,48 25.082000 N,062 5.569600 W,4.3,32.2,A,DoorSpread,DoorMaster,0.750000,D,S,22303.000000
Wed Jul 16 20:51:25 2025,16-Jul-2025,235123,48 25.083100 N,062 5.568700 W,4.3,31.6,A,DoorSpread,DoorMaster,1.130000,D,S,78580.000000
Wed Jul 16 20:51:25 2025,16-Jul-2025,235124,48 25.084200 N,062 5.567800 W,4.3,31.3,A,DoorSpread,DoorMaster,1.130000,D,S,78580.000000
Wed Jul 16 20:51:25 2025,16-Jul-2025,235125,48 25.085200 N,062 5.566800 W,4.3,31.3,A,DoorSpread,DoorMaster,1.130000,D,S,78580.000000
Wed Jul 16 20:51:25 2025,16-Jul-2025,235126,48 25.086100 N,062 5.565900 W,4.3,31.6,A,DoorSpread,DoorMaster,1.130000,D,S,78580.000000
Wed Jul 16 20:51:25 2025,16-Jul-2025,235127,48 25.087100 N,062 5.565000 W,4.3,31.7,A,DoorSpread,DoorMaster,1.130000,D,S,78580.000000
Wed Jul 16 20:51:25 2025,16-Jul-2025,235128,48 25.088000 N,062 5.564000 W,4.3,31.7,A,DoorSpread,DoorMaster,1.130000,D,S,78580.000000
Wed Jul 16 20:51:30 2025,16-Jul-2025,235129,48 25.089000 N,062 5.563100 W,4.4,31.7,A,DoorSpread,DoorMaster,1.250000,D,S,60327.000000
Wed Jul 16 20:51:30 2025,16-Jul-2025,235130,48 25.090000 N,062 5.562100 W,4.3,31.9,A,DoorSpread,DoorMaster,1.250000,D,S,60327.000000
Wed Jul 16 20:51:30 2025,16-Jul-2025,235131,48 25.090900 N,062 5.561100 W,4.2,32.0,A,DoorSpread,DoorMaster,1.250000,D,S,60327.000000
Wed Jul 16 20:51:30 2025,16-Jul-2025,235132,48 25.091700 N,062 5.560200 W,4.2,32.1,A,DoorSpread,DoorMaster,1.250000,D,S,60327.000000
Wed Jul 16 20:51:30 2025,16-Jul-2025,235133,48 25.092600 N,062 5.559300 W,4.2,32.1,A,DoorSpread,DoorMaster,1.250000,D,S,60327.000000
Wed Jul 16 20:51:35 2025,16-Jul-2025,235134,48 25.093600 N,062 5.558400 W,4.2,32.2,A,DoorSpread,DoorMaster,1.170000,D,S,152999.000000
Wed Jul 16 20:51:35 2025,16-Jul-2025,235135,48 25.094500 N,062 5.557600 W,4.1,32.2,A,DoorSpread,DoorMaster,1.170000,D,S,152999.000000
Wed Jul 16 20:51:35 2025,16-Jul-2025,235136,48 25.095400 N,062 5.556800 W,4.1,32.2,A,DoorSpread,DoorMaster,1.170000,D,S,152999.000000
Wed Jul 16 20:51:35 2025,16-Jul-2025,235137,48 25.096200 N,062 5.556000 W,4.1,32.2,A,DoorSpread,DoorMaster,1.170000,D,S,152999.000000
Wed Jul 16 20:51:35 2025,16-Jul-2025,235138,48 25.097100 N,062 5.555200 W,4.2,32.0,A,DoorSpread,DoorMaster,1.170000,D,S,152999.000000
Wed Jul 16 20:51:40 2025,16-Jul-2025,235139,48 25.098000 N,062 5.554400 W,4.1,31.6,A,DoorSpread,DoorMaster,1.460000,D,S,66490.000000
Wed Jul 16 20:51:40 2025,16-Jul-2025,235140,48 25.098900 N,062 5.553700 W,4.1,31.0,A,DoorSpread,DoorMaster,1.460000,D,S,66490.000000
Wed Jul 16 20:51:40 2025,16-Jul-2025,235141,48 25.099800 N,062 5.552900 W,4.2,30.6,A,DoorSpread,DoorMaster,1.460000,D,S,66490.000000
Wed Jul 16 20:51:40 2025,16-Jul-2025,235142,48 25.100700 N,062 5.552200 W,4.1,30.4,A,DoorSpread,DoorMaster,1.460000,D,S,66490.000000
Wed Jul 16 20:51:40 2025,16-Jul-2025,235143,48 25.101500 N,062 5.551500 W,4.0,30.2,A,DoorSpread,DoorMaster,1.460000,D,S,66490.000000
Wed Jul 16 20:51:45 2025,16-Jul-2025,235144,48 25.102400 N,062 5.550900 W,4.0,29.8,A,DoorSpread,DoorMaster,0.990000,D,S,55606.000000
Wed Jul 16 20:51:45 2025,16-Jul-2025,235145,48 25.103300 N,062 5.550200 W,4.0,29.5,A,DoorSpread,DoorMaster,0.990000,D,S,55606.000000
Wed Jul 16 20:51:45 2025,16-Jul-2025,235146,48 25.104200 N,062 5.549500 W,3.9,29.2,A,DoorSpread,DoorMaster,0.990000,D,S,55606.000000
Wed Jul 16 20:51:45 2025,16-Jul-2025,235147,48 25.105100 N,062 5.548800 W,4.0,28.8,A,DoorSpread,DoorMaster,0.990000,D,S,55606.000000
Wed Jul 16 20:51:45 2025,16-Jul-2025,235148,48 25.106000 N,062 5.548000 W,4.0,28.5,A,DoorSpread,DoorMaster,0.990000,D,S,55606.000000
Wed Jul 16 20:51:45 2025,16-Jul-2025,235149,48 25.106800 N,062 5.547400 W,3.9,28.2,A,DoorSpread,DoorMaster,0.990000,D,S,55606.000000
Wed Jul 16 20:51:51 2025,16-Jul-2025,235150,48 25.107600 N,062 5.546900 W,3.8,28.0,A,DoorSpread,DoorMaster,1.105000,D,S,65530.000000
Wed Jul 16 20:51:51 2025,16-Jul-2025,235151,48 25.108500 N,062 5.546200 W,3.8,27.9,A,DoorSpread,DoorMaster,1.105000,D,S,65530.000000
Wed Jul 16 20:51:51 2025,16-Jul-2025,235152,48 25.109500 N,062 5.545500 W,3.9,27.8,A,DoorSpread,DoorMaster,1.105000,D,S,65530.000000
Wed Jul 16 20:51:51 2025,16-Jul-2025,235153,48 25.110400 N,062 5.544800 W,3.9,27.8,A,DoorSpread,DoorMaster,1.105000,D,S,65530.000000
Wed Jul 16 20:51:51 2025,16-Jul-2025,235154,48 25.111300 N,062 5.544100 W,3.9,28.0,A,DoorSpread,DoorMaster,1.105000,D,S,65530.000000
Wed Jul 16 20:51:56 2025,16-Jul-2025,235155,48 25.112300 N,062 5.543300 W,3.9,28.1,A,DoorSpread,DoorMaster,0.780000,D,S,138653.000000
Wed Jul 16 20:51:56 2025,16-Jul-2025,235156,48 25.113200 N,062 5.542500 W,3.8,28.3,A,DoorSpread,DoorMaster,0.780000,D,S,138653.000000
Wed Jul 16 20:51:56 2025,16-Jul-2025,235157,48 25.114000 N,062 5.541700 W,3.8,28.5,A,DoorSpread,DoorMaster,0.780000,D,S,138653.000000
Wed Jul 16 20:51:56 2025,16-Jul-2025,235158,48 25.115000 N,062 5.541000 W,3.8,28.7,A,DoorSpread,DoorMaster,0.780000,D,S,138653.000000
Wed Jul 16 20:51:56 2025,16-Jul-2025,235159,48 25.116000 N,062 5.540200 W,3.8,28.4,A,DoorSpread,DoorMaster,0.780000,D,S,138653.000000
Wed Jul 16 20:51:56 2025,16-Jul-2025,235200,48 25.117100 N,062 5.539400 W,3.8,28.1,A,DoorSpread,DoorMaster,0.780000,D,S,138653.000000
Wed Jul 16 20:51:56 2025,16-Jul-2025,235201,48 25.118100 N,062 5.538600 W,3.9,28.0,A,DoorSpread,DoorMaster,0.780000,D,S,138653.000000
Wed Jul 16 20:51:56 2025,16-Jul-2025,235202,48 25.119100 N,062 5.537800 W,3.9,27.5,A,DoorSpread,DoorMaster,0.780000,D,S,138653.000000
Wed Jul 16 20:51:56 2025,16-Jul-2025,235203,48 25.120100 N,062 5.537200 W,3.9,27.0,A,DoorSpread,DoorMaster,0.780000,D,S,138653.000000
Wed Jul 16 20:51:56 2025,16-Jul-2025,235204,48 25.121000 N,062 5.536500 W,3.9,26.6,A,DoorSpread,DoorMaster,0.780000,D,S,138653.000000
Wed Jul 16 20:51:56 2025,16-Jul-2025,235205,48 25.122000 N,062 5.535800 W,3.9,26.4,A,DoorSpread,DoorMaster,0.780000,D,S,138653.000000
Wed Jul 16 20:51:56 2025,16-Jul-2025,235206,48 25.122900 N,062 5.535000 W,3.9,26.3,A,DoorSpread,DoorMaster,0.780000,D,S,138653.000000
Wed Jul 16 20:51:56 2025,16-Jul-2025,235207,48 25.123700 N,062 5.534300 W,3.8,26.3,A,DoorSpread,DoorMaster,0.780000,D,S,138653.000000
Wed Jul 16 20:51:56 2025,16-Jul-2025,235208,48 25.124700 N,062 5.533600 W,3.9,26.2,A,DoorSpread,DoorMaster,0.780000,D,S,138653.000000
Wed Jul 16 20:51:56 2025,16-Jul-2025,235209,48 25.125600 N,062 5.532900 W,3.9,26.3,A,DoorSpread,DoorMaster,0.780000,D,S,138653.000000
Wed Jul 16 20:51:56 2025,16-Jul-2025,235210,48 25.126500 N,062 5.532200 W,3.9,26.3,A,DoorSpread,DoorMaster,0.780000,D,S,138653.000000
Wed Jul 16 20:51:56 2025,16-Jul-2025,235211,48 25.127400 N,062 5.531600 W,3.9,26.1,A,DoorSpread,DoorMaster,0.780000,D,S,138653.000000
Wed Jul 16 20:51:56 2025,16-Jul-2025,235212,48 25.128400 N,062 5.530900 W,3.9,26.3,A,DoorSpread,DoorMaster,0.780000,D,S,138653.000000
Wed Jul 16 20:51:56 2025,16-Jul-2025,235213,48 25.129300 N,062 5.530300 W,3.9,26.5,A,DoorSpread,DoorMaster,0.780000,D,S,138653.000000
Wed Jul 16 20:51:56 2025,16-Jul-2025,235214,48 25.130200 N,062 5.529700 W,3.9,26.7,A,DoorSpread,DoorMaster,0.780000,D,S,138653.000000
Wed Jul 16 20:51:56 2025,16-Jul-2025,235215,48 25.131100 N,062 5.529100 W,3.9,26.7,A,DoorSpread,DoorMaster,0.780000,D,S,138653.000000
Wed Jul 16 20:51:56 2025,16-Jul-2025,235216,48 25.132000 N,062 5.528500 W,3.9,26.7,A,DoorSpread,DoorMaster,0.780000,D,S,138653.000000
Wed Jul 16 20:51:56 2025,16-Jul-2025,235217,48 25.133000 N,062 5.527800 W,3.9,26.6,A,DoorSpread,DoorMaster,0.780000,D,S,138653.000000
Wed Jul 16 20:51:56 2025,16-Jul-2025,235218,48 25.133900 N,062 5.527100 W,3.9,26.6,A,DoorSpread,DoorMaster,0.780000,D,S,138653.000000
Wed Jul 16 20:51:56 2025,16-Jul-2025,235219,48 25.134800 N,062 5.526400 W,3.9,26.7,A,DoorSpread,DoorMaster,0.780000,D,S,138653.000000
Wed Jul 16 20:51:56 2025,16-Jul-2025,235220,48 25.135800 N,062 5.525700 W,3.9,26.7,A,DoorSpread,DoorMaster,0.780000,D,S,138653.000000
Wed Jul 16 20:51:56 2025,16-Jul-2025,235221,48 25.136800 N,062 5.525100 W,3.9,26.5,A,DoorSpread,DoorMaster,0.780000,D,S,138653.000000
Wed Jul 16 20:51:56 2025,16-Jul-2025,235222,48 25.137900 N,062 5.524400 W,3.9,26.0,A,DoorSpread,DoorMaster,0.780000,D,S,138653.000000
Wed Jul 16 20:51:56 2025,16-Jul-2025,235223,48 25.139000 N,062 5.523700 W,3.9,25.5,A,DoorSpread,DoorMaster,0.780000,D,S,138653.000000
Wed Jul 16 20:51:56 2025,16-Jul-2025,235224,48 25.140000 N,062 5.523100 W,3.9,25.1,A,DoorSpread,DoorMaster,0.780000,D,S,138653.000000
Wed Jul 16 20:51:56 2025,16-Jul-2025,235225,48 25.141100 N,062 5.522300 W,3.9,24.7,A,DoorSpread,DoorMaster,0.780000,D,S,138653.000000
Wed Jul 16 20:51:56 2025,16-Jul-2025,235226,48 25.142100 N,062 5.521600 W,3.9,24.2,A,DoorSpread,DoorMaster,0.780000,D,S,138653.000000
Wed Jul 16 20:51:56 2025,16-Jul-2025,235227,48 25.143100 N,062 5.520900 W,3.9,23.8,A,DoorSpread,DoorMaster,0.780000,D,S,138653.000000
Wed Jul 16 20:51:56 2025,16-Jul-2025,235228,48 25.144200 N,062 5.520100 W,4.0,23.6,A,DoorSpread,DoorMaster,0.780000,D,S,138653.000000
Wed Jul 16 20:51:56 2025,16-Jul-2025,235229,48 25.145200 N,062 5.519300 W,4.0,23.4,A,DoorSpread,DoorMaster,0.780000,D,S,138653.000000
Wed Jul 16 20:51:56 2025,16-Jul-2025,235230,48 25.146300 N,062 5.518800 W,3.9,23.0,A,DoorSpread,DoorMaster,0.780000,D,S,138653.000000
Wed Jul 16 20:51:56 2025,16-Jul-2025,235231,48 25.147300 N,062 5.518100 W,3.9,22.7,A,DoorSpread,DoorMaster,0.780000,D,S,138653.000000
Wed Jul 16 20:51:56 2025,16-Jul-2025,235232,48 25.148200 N,062 5.517400 W,3.9,22.6,A,DoorSpread,DoorMaster,0.780000,D,S,138653.000000
Wed Jul 16 20:51:56 2025,16-Jul-2025,235233,48 25.149200 N,062 5.516700 W,3.9,22.8,A,DoorSpread,DoorMaster,0.780000,D,S,138653.000000
Wed Jul 16 20:51:56 2025,16-Jul-2025,235234,48 25.150000 N,062 5.515900 W,3.9,23.1,A,DoorSpread,DoorMaster,0.780000,D,S,138653.000000
Wed Jul 16 20:52:36 2025,16-Jul-2025,235235,48 25.150800 N,062 5.515200 W,3.9,23.5,A,DoorSpread,DoorMaster,3.125000,D,S,12921.000000
Wed Jul 16 20:52:36 2025,16-Jul-2025,235236,48 25.151700 N,062 5.514400 W,3.9,24.1,A,DoorSpread,DoorMaster,3.125000,D,S,12921.000000
Wed Jul 16 20:52:36 2025,16-Jul-2025,235237,48 25.152600 N,062 5.513700 W,3.9,24.6,A,DoorSpread,DoorMaster,3.125000,D,S,12921.000000
Wed Jul 16 20:52:36 2025,16-Jul-2025,235238,48 25.153500 N,062 5.512900 W,3.9,25.1,A,DoorSpread,DoorMaster,3.125000,D,S,12921.000000
Wed Jul 16 20:52:36 2025,16-Jul-2025,235239,48 25.154300 N,062 5.512300 W,3.9,25.5,A,DoorSpread,DoorMaster,3.125000,D,S,12921.000000
Wed Jul 16 20:52:36 2025,16-Jul-2025,235240,48 25.155200 N,062 5.511600 W,3.8,25.8,A,DoorSpread,DoorMaster,3.125000,D,S,12921.000000
Wed Jul 16 20:52:36 2025,16-Jul-2025,235241,48 25.156000 N,062 5.510900 W,3.8,25.9,A,DoorSpread,DoorMaster,3.125000,D,S,12921.000000
Wed Jul 16 20:52:36 2025,16-Jul-2025,235242,48 25.156800 N,062 5.510100 W,3.8,25.9,A,DoorSpread,DoorMaster,3.125000,D,S,12921.000000
Wed Jul 16 20:52:36 2025,16-Jul-2025,235243,48 25.157800 N,062 5.509300 W,3.8,25.9,A,DoorSpread,DoorMaster,3.125000,D,S,12921.000000
Wed Jul 16 20:52:36 2025,16-Jul-2025,235244,48 25.158700 N,062 5.508600 W,3.8,25.6,A,DoorSpread,DoorMaster,3.125000,D,S,12921.000000
Wed Jul 16 20:52:36 2025,16-Jul-2025,235245,48 25.159700 N,062 5.507900 W,3.8,25.2,A,DoorSpread,DoorMaster,3.125000,D,S,12921.000000
Wed Jul 16 20:52:36 2025,16-Jul-2025,235246,48 25.160600 N,062 5.507200 W,3.8,24.9,A,DoorSpread,DoorMaster,3.125000,D,S,12921.000000
Wed Jul 16 20:52:36 2025,16-Jul-2025,235247,48 25.161600 N,062 5.506400 W,3.9,25.0,A,DoorSpread,DoorMaster,3.125000,D,S,12921.000000
Wed Jul 16 20:52:36 2025,16-Jul-2025,235248,48 25.162500 N,062 5.505400 W,3.9,25.2,A,DoorSpread,DoorMaster,3.125000,D,S,12921.000000
Wed Jul 16 20:52:36 2025,16-Jul-2025,235249,48 25.163400 N,062 5.504600 W,3.9,25.4,A,DoorSpread,DoorMaster,3.125000,D,S,12921.000000
Wed Jul 16 20:52:36 2025,16-Jul-2025,235250,48 25.164400 N,062 5.503600 W,3.9,25.8,A,DoorSpread,DoorMaster,3.125000,D,S,12921.000000
Wed Jul 16 20:52:36 2025,16-Jul-2025,235251,48 25.165200 N,062 5.502700 W,3.9,26.1,A,DoorSpread,DoorMaster,3.125000,D,S,12921.000000
Wed Jul 16 20:52:36 2025,16-Jul-2025,235252,48 25.166100 N,062 5.501900 W,3.9,26.2,A,DoorSpread,DoorMaster,3.125000,D,S,12921.000000
Wed Jul 16 20:52:36 2025,16-Jul-2025,235253,48 25.166900 N,062 5.501000 W,3.9,26.5,A,DoorSpread,DoorMaster,3.125000,D,S,12921.000000
Wed Jul 16 20:52:36 2025,16-Jul-2025,235254,48 25.167600 N,062 5.500200 W,3.9,26.8,A,DoorSpread,DoorMaster,3.125000,D,S,12921.000000
Wed Jul 16 20:52:36 2025,16-Jul-2025,235255,48 25.168500 N,062 5.499400 W,3.8,26.8,A,DoorSpread,DoorMaster,3.125000,D,S,12921.000000
Wed Jul 16 20:52:36 2025,16-Jul-2025,235256,48 25.169200 N,062 5.498700 W,3.8,26.7,A,DoorSpread,DoorMaster,3.125000,D,S,12921.000000
Wed Jul 16 20:52:36 2025,16-Jul-2025,235257,48 25.170100 N,062 5.498000 W,3.8,26.6,A,DoorSpread,DoorMaster,3.125000,D,S,12921.000000
Wed Jul 16 20:52:36 2025,16-Jul-2025,235258,48 25.170800 N,062 5.497300 W,3.8,26.5,A,DoorSpread,DoorMaster,3.125000,D,S,12921.000000
Wed Jul 16 20:52:36 2025,16-Jul-2025,235259,48 25.171600 N,062 5.496600 W,3.7,26.4,A,DoorSpread,DoorMaster,3.125000,D,S,12921.000000
Wed Jul 16 20:52:36 2025,16-Jul-2025,235300,48 25.172400 N,062 5.495900 W,3.8,26.0,A,DoorSpread,DoorMaster,3.125000,D,S,12921.000000
Wed Jul 16 20:52:36 2025,16-Jul-2025,235301,48 25.173400 N,062 5.495100 W,3.8,25.7,A,DoorSpread,DoorMaster,3.125000,D,S,12921.000000
Wed Jul 16 20:52:36 2025,16-Jul-2025,235302,48 25.174400 N,062 5.494200 W,3.9,25.7,A,DoorSpread,DoorMaster,3.125000,D,S,12921.000000
Wed Jul 16 20:52:36 2025,16-Jul-2025,235303,48 25.175300 N,062 5.493400 W,3.9,25.6,A,DoorSpread,DoorMaster,3.125000,D,S,12921.000000
Wed Jul 16 20:52:36 2025,16-Jul-2025,235304,48 25.176300 N,062 5.492600 W,3.9,25.5,A,DoorSpread,DoorMaster,3.125000,D,S,12921.000000
Wed Jul 16 20:52:36 2025,16-Jul-2025,235305,48 25.177200 N,062 5.491800 W,3.8,25.2,A,DoorSpread,DoorMaster,3.125000,D,S,12921.000000
Wed Jul 16 20:52:36 2025,16-Jul-2025,235306,48 25.178100 N,062 5.491100 W,3.8,25.2,A,DoorSpread,DoorMaster,3.125000,D,S,12921.000000
Wed Jul 16 20:52:36 2025,16-Jul-2025,235307,48 25.179000 N,062 5.490200 W,3.8,25.3,A,DoorSpread,DoorMaster,3.125000,D,S,12921.000000
Wed Jul 16 20:52:36 2025,16-Jul-2025,235308,48 25.180100 N,062 5.489500 W,3.9,25.0,A,DoorSpread,DoorMaster,3.125000,D,S,12921.000000
Wed Jul 16 20:52:36 2025,16-Jul-2025,235309,48 25.181100 N,062 5.488900 W,3.9,24.7,A,DoorSpread,DoorMaster,3.125000,D,S,12921.000000
Wed Jul 16 20:52:36 2025,16-Jul-2025,235310,48 25.182200 N,062 5.488100 W,3.9,24.8,A,DoorSpread,DoorMaster,3.125000,D,S,12921.000000
Wed Jul 16 20:52:36 2025,16-Jul-2025,235311,48 25.183200 N,062 5.487400 W,3.9,24.7,A,DoorSpread,DoorMaster,3.125000,D,S,12921.000000
Wed Jul 16 20:52:36 2025,16-Jul-2025,235312,48 25.184200 N,062 5.486700 W,3.9,24.7,A,DoorSpread,DoorMaster,3.125000,D,S,12921.000000
Wed Jul 16 20:52:36 2025,16-Jul-2025,235313,48 25.185100 N,062 5.485900 W,3.9,24.7,A,DoorSpread,DoorMaster,3.125000,D,S,12921.000000
Wed Jul 16 20:52:36 2025,16-Jul-2025,235314,48 25.186000 N,062 5.485100 W,3.9,25.1,A,DoorSpread,DoorMaster,3.125000,D,S,12921.000000
Wed Jul 16 20:52:36 2025,16-Jul-2025,235315,48 25.186900 N,062 5.484300 W,3.9,25.3,A,DoorSpread,DoorMaster,3.125000,D,S,12921.000000
Wed Jul 16 20:52:36 2025,16-Jul-2025,235316,48 25.187800 N,062 5.483600 W,4.0,25.1,A,DoorSpread,DoorMaster,3.125000,D,S,12921.000000
Wed Jul 16 20:52:36 2025,16-Jul-2025,235317,48 25.188800 N,062 5.483000 W,4.0,24.6,A,DoorSpread,DoorMaster,3.125000,D,S,12921.000000
Wed Jul 16 20:52:36 2025,16-Jul-2025,235318,48 25.189800 N,062 5.482300 W,4.0,24.0,A,DoorSpread,DoorMaster,3.125000,D,S,12921.000000
Wed Jul 16 20:52:36 2025,16-Jul-2025,235319,48 25.190800 N,062 5.481600 W,4.0,23.5,A,DoorSpread,DoorMaster,3.125000,D,S,12921.000000
Wed Jul 16 20:52:36 2025,16-Jul-2025,235320,48 25.191700 N,062 5.481000 W,4.0,23.0,A,DoorSpread,DoorMaster,3.125000,D,S,12921.000000
Wed Jul 16 20:52:36 2025,16-Jul-2025,235321,48 25.192700 N,062 5.480200 W,4.0,22.6,A,DoorSpread,DoorMaster,3.125000,D,S,12921.000000
Wed Jul 16 20:52:36 2025,16-Jul-2025,235322,48 25.193700 N,062 5.479400 W,4.1,22.4,A,DoorSpread,DoorMaster,3.125000,D,S,12921.000000
Wed Jul 16 20:52:36 2025,16-Jul-2025,235323,48 25.194700 N,062 5.478700 W,4.1,22.3,A,DoorSpread,DoorMaster,3.125000,D,S,12921.000000
Wed Jul 16 20:52:36 2025,16-Jul-2025,235324,48 25.195800 N,062 5.478100 W,4.1,22.0,A,DoorSpread,DoorMaster,3.125000,D,S,12921.000000
Wed Jul 16 20:52:36 2025,16-Jul-2025,235325,48 25.196700 N,062 5.477500 W,4.0,21.6,A,DoorSpread,DoorMaster,3.125000,D,S,12921.000000
Wed Jul 16 20:52:36 2025,16-Jul-2025,235326,48 25.197700 N,062 5.476900 W,4.1,21.3,A,DoorSpread,DoorMaster,3.125000,D,S,12921.000000
Wed Jul 16 20:52:36 2025,16-Jul-2025,235327,48 25.198800 N,062 5.476300 W,4.1,21.2,A,DoorSpread,DoorMaster,3.125000,D,S,12921.000000
Wed Jul 16 20:52:36 2025,16-Jul-2025,235328,48 25.199900 N,062 5.475600 W,4.1,21.2,A,DoorSpread,DoorMaster,3.125000,D,S,12921.000000
Wed Jul 16 20:52:36 2025,16-Jul-2025,235329,48 25.200800 N,062 5.474900 W,4.0,21.2,A,DoorSpread,DoorMaster,3.125000,D,S,12921.000000
Wed Jul 16 20:52:36 2025,16-Jul-2025,235330,48 25.201600 N,062 5.474200 W,3.9,21.4,A,DoorSpread,DoorMaster,3.125000,D,S,12921.000000
Wed Jul 16 20:53:32 2025,16-Jul-2025,235331,48 25.202300 N,062 5.473300 W,3.9,21.8,A,DoorSpread,DoorMaster,3.025000,D,S,90334.000000
Wed Jul 16 20:53:32 2025,16-Jul-2025,235332,48 25.203100 N,062 5.472400 W,3.9,22.4,A,DoorSpread,DoorMaster,3.025000,D,S,90334.000000
Wed Jul 16 20:53:32 2025,16-Jul-2025,235333,48 25.204100 N,062 5.471500 W,3.9,23.1,A,DoorSpread,DoorMaster,3.025000,D,S,90334.000000
Wed Jul 16 20:53:32 2025,16-Jul-2025,235334,48 25.205000 N,062 5.470600 W,4.0,23.6,A,DoorSpread,DoorMaster,3.025000,D,S,90334.000000
Wed Jul 16 20:53:32 2025,16-Jul-2025,235335,48 25.205900 N,062 5.469800 W,3.9,24.0,A,DoorSpread,DoorMaster,3.025000,D,S,90334.000000
Wed Jul 16 20:53:32 2025,16-Jul-2025,235336,48 25.206900 N,062 5.469000 W,3.9,24.3,A,DoorSpread,DoorMaster,3.025000,D,S,90334.000000
Wed Jul 16 20:53:32 2025,16-Jul-2025,235337,48 25.207700 N,062 5.468200 W,3.9,24.5,A,DoorSpread,DoorMaster,3.025000,D,S,90334.000000
Wed Jul 16 20:53:32 2025,16-Jul-2025,235338,48 25.208500 N,062 5.467500 W,3.9,24.7,A,DoorSpread,DoorMaster,3.025000,D,S,90334.000000
Wed Jul 16 20:53:32 2025,16-Jul-2025,235339,48 25.209400 N,062 5.466700 W,3.9,24.9,A,DoorSpread,DoorMaster,3.025000,D,S,90334.000000
Wed Jul 16 20:53:32 2025,16-Jul-2025,235340,48 25.210300 N,062 5.465900 W,3.8,25.1,A,DoorSpread,DoorMaster,3.025000,D,S,90334.000000
Wed Jul 16 20:53:32 2025,16-Jul-2025,235341,48 25.211100 N,062 5.465100 W,3.8,25.4,A,DoorSpread,DoorMaster,3.025000,D,S,90334.000000
Wed Jul 16 20:53:43 2025,16-Jul-2025,235342,48 25.212000 N,062 5.464300 W,3.8,25.7,A,DoorSpread,DoorMaster,0.510000,D,S,128157.000000
Wed Jul 16 20:53:43 2025,16-Jul-2025,235343,48 25.212900 N,062 5.463500 W,3.8,25.9,A,DoorSpread,DoorMaster,0.510000,D,S,128157.000000
Wed Jul 16 20:53:43 2025,16-Jul-2025,235344,48 25.213900 N,062 5.462800 W,3.8,26.0,A,DoorSpread,DoorMaster,0.510000,D,S,128157.000000
Wed Jul 16 20:53:43 2025,16-Jul-2025,235345,48 25.214700 N,062 5.461900 W,3.9,27.0,A,DoorSpread,DoorMaster,0.510000,D,S,128157.000000
Wed Jul 16 20:53:43 2025,16-Jul-2025,235346,48 25.215700 N,062 5.460800 W,3.9,27.8,A,DoorSpread,DoorMaster,0.510000,D,S,128157.000000
Wed Jul 16 20:53:48 2025,16-Jul-2025,235347,48 25.216600 N,062 5.459900 W,3.9,28.2,A,DoorSpread,DoorMaster,0.850000,D,S,171875.000000
Wed Jul 16 20:53:48 2025,16-Jul-2025,235348,48 25.217600 N,062 5.459200 W,3.9,27.9,A,DoorSpread,DoorMaster,0.850000,D,S,171875.000000
Wed Jul 16 20:53:48 2025,16-Jul-2025,235349,48 25.218600 N,062 5.458400 W,3.9,27.5,A,DoorSpread,DoorMaster,0.850000,D,S,171875.000000
Wed Jul 16 20:53:48 2025,16-Jul-2025,235350,48 25.219600 N,062 5.457700 W,4.0,26.9,A,DoorSpread,DoorMaster,0.850000,D,S,171875.000000
Wed Jul 16 20:53:48 2025,16-Jul-2025,235351,48 25.220600 N,062 5.457000 W,4.0,26.1,A,DoorSpread,DoorMaster,0.850000,D,S,171875.000000
Wed Jul 16 20:53:48 2025,16-Jul-2025,235352,48 25.221700 N,062 5.456200 W,4.0,25.2,A,DoorSpread,DoorMaster,0.850000,D,S,171875.000000
Wed Jul 16 20:53:48 2025,16-Jul-2025,235353,48 25.222800 N,062 5.455500 W,4.0,24.5,A,DoorSpread,DoorMaster,0.850000,D,S,171875.000000
Wed Jul 16 20:53:48 2025,16-Jul-2025,235354,48 25.223800 N,062 5.454600 W,4.0,24.3,A,DoorSpread,DoorMaster,0.850000,D,S,171875.000000
Wed Jul 16 20:53:48 2025,16-Jul-2025,235355,48 25.224900 N,062 5.453700 W,4.1,23.9,A,DoorSpread,DoorMaster,0.850000,D,S,171875.000000
Wed Jul 16 20:53:48 2025,16-Jul-2025,235356,48 25.226000 N,062 5.453000 W,4.1,23.2,A,DoorSpread,DoorMaster,0.850000,D,S,171875.000000
Wed Jul 16 20:53:48 2025,16-Jul-2025,235357,48 25.227000 N,062 5.452600 W,4.0,22.4,A,DoorSpread,DoorMaster,0.850000,D,S,171875.000000
Wed Jul 16 20:53:48 2025,16-Jul-2025,235358,48 25.228100 N,062 5.452000 W,4.0,22.0,A,DoorSpread,DoorMaster,0.850000,D,S,171875.000000
Wed Jul 16 20:53:48 2025,16-Jul-2025,235359,48 25.229100 N,062 5.451300 W,4.0,21.9,A,DoorSpread,DoorMaster,0.850000,D,S,171875.000000
Wed Jul 16 20:53:48 2025,16-Jul-2025,235400,48 25.230100 N,062 5.450600 W,4.0,21.7,A,DoorSpread,DoorMaster,0.850000,D,S,171875.000000
Wed Jul 16 20:53:48 2025,16-Jul-2025,235401,48 25.231200 N,062 5.449900 W,4.0,21.7,A,DoorSpread,DoorMaster,0.850000,D,S,171875.000000
Wed Jul 16 20:53:48 2025,16-Jul-2025,235402,48 25.232200 N,062 5.449200 W,4.0,21.7,A,DoorSpread,DoorMaster,0.850000,D,S,171875.000000
Wed Jul 16 20:53:48 2025,16-Jul-2025,235403,48 25.233100 N,062 5.448500 W,4.0,21.7,A,DoorSpread,DoorMaster,0.850000,D,S,171875.000000
Wed Jul 16 20:53:48 2025,16-Jul-2025,235404,48 25.234100 N,062 5.447800 W,4.0,21.7,A,DoorSpread,DoorMaster,0.850000,D,S,171875.000000
Wed Jul 16 20:53:48 2025,16-Jul-2025,235405,48 25.235200 N,062 5.447100 W,4.0,21.5,A,DoorSpread,DoorMaster,0.850000,D,S,171875.000000
Wed Jul 16 20:53:48 2025,16-Jul-2025,235406,48 25.236100 N,062 5.446300 W,4.0,22.2,A,DoorSpread,DoorMaster,0.850000,D,S,171875.000000
Wed Jul 16 20:53:48 2025,16-Jul-2025,235407,48 25.237000 N,062 5.445400 W,4.0,22.7,A,DoorSpread,DoorMaster,0.850000,D,S,171875.000000
Wed Jul 16 20:53:48 2025,16-Jul-2025,235408,48 25.238100 N,062 5.444700 W,4.1,22.9,A,DoorSpread,DoorMaster,0.850000,D,S,171875.000000
Wed Jul 16 20:53:48 2025,16-Jul-2025,235409,48 25.239000 N,062 5.444000 W,4.0,22.8,A,DoorSpread,DoorMaster,0.850000,D,S,171875.000000
Wed Jul 16 20:53:48 2025,16-Jul-2025,235410,48 25.240000 N,062 5.443600 W,4.0,22.3,A,DoorSpread,DoorMaster,0.850000,D,S,171875.000000
Wed Jul 16 20:53:48 2025,16-Jul-2025,235411,48 25.241000 N,062 5.443200 W,4.0,22.0,A,DoorSpread,DoorMaster,0.850000,D,S,171875.000000
Wed Jul 16 20:53:48 2025,16-Jul-2025,235412,48 25.242000 N,062 5.442700 W,4.0,21.8,A,DoorSpread,DoorMaster,0.850000,D,S,171875.000000
Wed Jul 16 20:53:48 2025,16-Jul-2025,235413,48 25.242900 N,062 5.442200 W,4.0,21.7,A,DoorSpread,DoorMaster,0.850000,D,S,171875.000000
Wed Jul 16 20:53:48 2025,16-Jul-2025,235414,48 25.244000 N,062 5.441600 W,4.0,21.6,A,DoorSpread,DoorMaster,0.850000,D,S,171875.000000
Wed Jul 16 20:53:48 2025,16-Jul-2025,235415,48 25.245000 N,062 5.441100 W,4.0,21.6,A,DoorSpread,DoorMaster,0.850000,D,S,171875.000000
Wed Jul 16 20:53:48 2025,16-Jul-2025,235416,48 25.246100 N,062 5.440400 W,4.0,21.5,A,DoorSpread,DoorMaster,0.850000,D,S,171875.000000
Wed Jul 16 20:53:48 2025,16-Jul-2025,235417,48 25.247200 N,062 5.439700 W,4.1,21.3,A,DoorSpread,DoorMaster,0.850000,D,S,171875.000000
Wed Jul 16 20:53:48 2025,16-Jul-2025,235418,48 25.248300 N,062 5.439100 W,4.1,21.1,A,DoorSpread,DoorMaster,0.850000,D,S,171875.000000
Wed Jul 16 20:53:48 2025,16-Jul-2025,235419,48 25.249300 N,062 5.438600 W,4.0,21.1,A,DoorSpread,DoorMaster,0.850000,D,S,171875.000000
Wed Jul 16 20:53:48 2025,16-Jul-2025,235420,48 25.250400 N,062 5.437900 W,4.0,21.1,A,DoorSpread,DoorMaster,0.850000,D,S,171875.000000
Wed Jul 16 20:53:48 2025,16-Jul-2025,235421,48 25.251400 N,062 5.437300 W,4.0,21.3,A,DoorSpread,DoorMaster,0.850000,D,S,171875.000000
Wed Jul 16 20:53:48 2025,16-Jul-2025,235422,48 25.252300 N,062 5.436600 W,4.0,21.4,A,DoorSpread,DoorMaster,0.850000,D,S,171875.000000
Wed Jul 16 20:54:24 2025,16-Jul-2025,235423,48 25.253300 N,062 5.436000 W,4.0,21.7,A,DoorSpread,DoorMaster,4.500000,D,S,30594.000000
Wed Jul 16 20:54:24 2025,16-Jul-2025,235424,48 25.254100 N,062 5.435300 W,4.0,22.1,A,DoorSpread,DoorMaster,4.500000,D,S,30594.000000
Wed Jul 16 20:54:24 2025,16-Jul-2025,235425,48 25.255000 N,062 5.434600 W,3.9,22.4,A,DoorSpread,DoorMaster,4.500000,D,S,30594.000000
Wed Jul 16 20:54:24 2025,16-Jul-2025,235426,48 25.255900 N,062 5.433900 W,4.0,22.6,A,DoorSpread,DoorMaster,4.500000,D,S,30594.000000
Wed Jul 16 20:54:24 2025,16-Jul-2025,235427,48 25.256800 N,062 5.433200 W,4.0,22.9,A,DoorSpread,DoorMaster,4.500000,D,S,30594.000000
Wed Jul 16 20:54:29 2025,16-Jul-2025,235428,48 25.257600 N,062 5.432400 W,4.0,23.1,A,DoorSpread,DoorMaster,2.595000,D,P,78224.000000
Wed Jul 16 20:54:29 2025,16-Jul-2025,235429,48 25.258300 N,062 5.431600 W,3.9,23.3,A,DoorSpread,DoorMaster,2.595000,D,P,78224.000000
Wed Jul 16 20:54:29 2025,16-Jul-2025,235430,48 25.259100 N,062 5.430900 W,3.9,23.3,A,DoorSpread,DoorMaster,2.595000,D,P,78224.000000
Wed Jul 16 20:54:29 2025,16-Jul-2025,235431,48 25.260000 N,062 5.430200 W,4.0,23.4,A,DoorSpread,DoorMaster,2.595000,D,P,78224.000000
Wed Jul 16 20:54:29 2025,16-Jul-2025,235432,48 25.260800 N,062 5.429400 W,3.9,23.4,A,DoorSpread,DoorMaster,2.595000,D,P,78224.000000
Wed Jul 16 20:54:34 2025,16-Jul-2025,235433,48 25.261600 N,062 5.428700 W,3.9,23.6,A,DoorSpread,DoorMaster,2.945000,D,P,49376.000000
Wed Jul 16 20:54:34 2025,16-Jul-2025,235434,48 25.262400 N,062 5.427800 W,3.9,23.8,A,DoorSpread,DoorMaster,2.945000,D,P,49376.000000
Wed Jul 16 20:54:34 2025,16-Jul-2025,235435,48 25.263300 N,062 5.427000 W,3.9,24.1,A,DoorSpread,DoorMaster,2.945000,D,P,49376.000000
Wed Jul 16 20:54:34 2025,16-Jul-2025,235436,48 25.264200 N,062 5.426200 W,3.9,24.2,A,DoorSpread,DoorMaster,2.945000,D,P,49376.000000
Wed Jul 16 20:54:34 2025,16-Jul-2025,235437,48 25.265000 N,062 5.425500 W,3.9,24.3,A,DoorSpread,DoorMaster,2.945000,D,P,49376.000000
Wed Jul 16 20:54:34 2025,16-Jul-2025,235438,48 25.266000 N,062 5.424800 W,3.9,24.2,A,DoorSpread,DoorMaster,2.945000,D,P,49376.000000
Wed Jul 16 20:54:40 2025,16-Jul-2025,235439,48 25.267000 N,062 5.424100 W,3.9,24.2,A,DoorSpread,DoorMaster,1.300000,D,P,88354.000000
Wed Jul 16 20:54:40 2025,16-Jul-2025,235440,48 25.267900 N,062 5.423500 W,3.9,24.1,A,DoorSpread,DoorMaster,1.300000,D,P,88354.000000
Wed Jul 16 20:54:40 2025,16-Jul-2025,235441,48 25.268800 N,062 5.422800 W,3.9,24.0,A,DoorSpread,DoorMaster,1.300000,D,P,88354.000000
Wed Jul 16 20:54:40 2025,16-Jul-2025,235442,48 25.269600 N,062 5.422000 W,3.9,24.4,A,DoorSpread,DoorMaster,1.300000,D,P,88354.000000
Wed Jul 16 20:54:40 2025,16-Jul-2025,235443,48 25.270500 N,062 5.421300 W,3.9,24.5,A,DoorSpread,DoorMaster,1.300000,D,P,88354.000000
Wed Jul 16 20:54:45 2025,16-Jul-2025,235444,48 25.271400 N,062 5.420700 W,3.9,24.5,A,DoorSpread,DoorMaster,0.900000,D,S,38571.000000
Wed Jul 16 20:54:45 2025,16-Jul-2025,235445,48 25.272300 N,062 5.419900 W,3.9,24.6,A,DoorSpread,DoorMaster,0.900000,D,S,38571.000000
Wed Jul 16 20:54:45 2025,16-Jul-2025,235446,48 25.273100 N,062 5.419100 W,3.9,25.0,A,DoorSpread,DoorMaster,0.900000,D,S,38571.000000
Wed Jul 16 20:54:45 2025,16-Jul-2025,235447,48 25.273900 N,062 5.418300 W,3.9,25.3,A,DoorSpread,DoorMaster,0.900000,D,S,38571.000000
Wed Jul 16 20:54:45 2025,16-Jul-2025,235448,48 25.274700 N,062 5.417500 W,3.9,25.5,A,DoorSpread,DoorMaster,0.900000,D,S,38571.000000
Wed Jul 16 20:54:50 2025,16-Jul-2025,235449,48 25.275500 N,062 5.416700 W,3.9,25.6,A,DoorSpread,DoorMaster,0.700000,D,S,57514.000000
Wed Jul 16 20:54:50 2025,16-Jul-2025,235450,48 25.276400 N,062 5.415900 W,3.9,25.7,A,DoorSpread,DoorMaster,0.700000,D,S,57514.000000
Wed Jul 16 20:54:50 2025,16-Jul-2025,235451,48 25.277200 N,062 5.415000 W,3.9,25.9,A,DoorSpread,DoorMaster,0.700000,D,S,57514.000000
Wed Jul 16 20:54:50 2025,16-Jul-2025,235452,48 25.278100 N,062 5.414200 W,3.9,26.0,A,DoorSpread,DoorMaster,0.700000,D,S,57514.000000
Wed Jul 16 20:54:50 2025,16-Jul-2025,235453,48 25.278900 N,062 5.413400 W,3.8,26.0,A,DoorSpread,DoorMaster,0.700000,D,S,57514.000000
Wed Jul 16 20:54:55 2025,16-Jul-2025,235454,48 25.279900 N,062 5.412700 W,3.9,25.8,A,DoorSpread,DoorMaster,0.655000,D,S,99687.000000
Wed Jul 16 20:54:55 2025,16-Jul-2025,235455,48 25.280900 N,062 5.411900 W,3.9,25.7,A,DoorSpread,DoorMaster,0.655000,D,S,99687.000000
Wed Jul 16 20:54:55 2025,16-Jul-2025,235456,48 25.281800 N,062 5.411100 W,3.9,25.5,A,DoorSpread,DoorMaster,0.655000,D,S,99687.000000
Wed Jul 16 20:54:55 2025,16-Jul-2025,235457,48 25.282900 N,062 5.410400 W,3.9,25.3,A,DoorSpread,DoorMaster,0.655000,D,S,99687.000000
Wed Jul 16 20:54:55 2025,16-Jul-2025,235458,48 25.283800 N,062 5.409600 W,3.9,25.3,A,DoorSpread,DoorMaster,0.655000,D,S,99687.000000
Wed Jul 16 20:55:01 2025,16-Jul-2025,235459,48 25.284700 N,062 5.408700 W,3.9,25.5,A,DoorSpread,DoorMaster,0.635000,D,S,88390.000000
Wed Jul 16 20:55:01 2025,16-Jul-2025,235500,48 25.285600 N,062 5.407900 W,3.9,25.8,A,DoorSpread,DoorMaster,0.635000,D,S,88390.000000
Wed Jul 16 20:55:01 2025,16-Jul-2025,235501,48 25.286500 N,062 5.406900 W,3.8,26.1,A,DoorSpread,DoorMaster,0.635000,D,S,88390.000000
Wed Jul 16 20:55:01 2025,16-Jul-2025,235502,48 25.287300 N,062 5.406100 W,3.8,26.3,A,DoorSpread,DoorMaster,0.635000,D,S,88390.000000
Wed Jul 16 20:55:01 2025,16-Jul-2025,235503,48 25.288200 N,062 5.405300 W,3.8,26.5,A,DoorSpread,DoorMaster,0.635000,D,S,88390.000000
Wed Jul 16 20:55:01 2025,16-Jul-2025,235504,48 25.289100 N,062 5.404600 W,3.8,26.5,A,DoorSpread,DoorMaster,0.635000,D,S,88390.000000
Wed Jul 16 20:55:06 2025,16-Jul-2025,235505,48 25.290100 N,062 5.403900 W,3.8,26.3,A,DoorSpread,DoorMaster,0.705000,D,S,91972.000000
Wed Jul 16 20:55:06 2025,16-Jul-2025,235506,48 25.291100 N,062 5.403100 W,3.9,26.2,A,DoorSpread,DoorMaster,0.705000,D,S,91972.000000
Wed Jul 16 20:55:06 2025,16-Jul-2025,235507,48 25.292100 N,062 5.402400 W,3.9,25.7,A,DoorSpread,DoorMaster,0.705000,D,S,91972.000000
Wed Jul 16 20:55:06 2025,16-Jul-2025,235508,48 25.293100 N,062 5.401700 W,3.9,25.1,A,DoorSpread,DoorMaster,0.705000,D,S,91972.000000
Wed Jul 16 20:55:06 2025,16-Jul-2025,235509,48 25.294100 N,062 5.401000 W,3.9,24.8,A,DoorSpread,DoorMaster,0.705000,D,S,91972.000000
Wed Jul 16 20:55:11 2025,16-Jul-2025,235510,48 25.295200 N,062 5.400300 W,3.9,24.7,A,DoorSpread,DoorMaster,0.615000,D,S,83382.000000
Wed Jul 16 20:55:11 2025,16-Jul-2025,235511,48 25.296200 N,062 5.399500 W,3.9,24.7,A,DoorSpread,DoorMaster,0.615000,D,S,83382.000000
Wed Jul 16 20:55:11 2025,16-Jul-2025,235512,48 25.297100 N,062 5.398900 W,3.9,24.5,A,DoorSpread,DoorMaster,0.615000,D,S,83382.000000
Wed Jul 16 20:55:11 2025,16-Jul-2025,235513,48 25.298200 N,062 5.398200 W,3.9,24.4,A,DoorSpread,DoorMaster,0.615000,D,S,83382.000000
Wed Jul 16 20:55:11 2025,16-Jul-2025,235514,48 25.299200 N,062 5.397500 W,3.9,24.2,A,DoorSpread,DoorMaster,0.615000,D,S,83382.000000
Wed Jul 16 20:55:16 2025,16-Jul-2025,235515,48 25.300200 N,062 5.396800 W,3.9,23.9,A,DoorSpread,DoorMaster,0.870000,D,S,108242.000000
Wed Jul 16 20:55:16 2025,16-Jul-2025,235516,48 25.301200 N,062 5.396200 W,4.0,23.6,A,DoorSpread,DoorMaster,0.870000,D,S,108242.000000
Wed Jul 16 20:55:16 2025,16-Jul-2025,235517,48 25.302200 N,062 5.395500 W,4.0,23.6,A,DoorSpread,DoorMaster,0.870000,D,S,108242.000000
Wed Jul 16 20:55:16 2025,16-Jul-2025,235518,48 25.303200 N,062 5.394900 W,4.0,22.8,A,DoorSpread,DoorMaster,0.870000,D,S,108242.000000
Wed Jul 16 20:55:16 2025,16-Jul-2025,235519,48 25.304300 N,062 5.394400 W,4.0,22.0,A,DoorSpread,DoorMaster,0.870000,D,S,108242.000000
Wed Jul 16 20:55:21 2025,16-Jul-2025,235520,48 25.305300 N,062 5.393800 W,4.0,21.6,A,DoorSpread,DoorMaster,0.700000,D,S,99224.000000
Wed Jul 16 20:55:21 2025,16-Jul-2025,235521,48 25.306300 N,062 5.393100 W,4.0,21.8,A,DoorSpread,DoorMaster,0.700000,D,S,99224.000000
Wed Jul 16 20:55:21 2025,16-Jul-2025,235522,48 25.307300 N,062 5.392300 W,4.0,22.2,A,DoorSpread,DoorMaster,0.700000,D,S,99224.000000
Wed Jul 16 20:55:21 2025,16-Jul-2025,235523,48 25.308300 N,062 5.391600 W,4.0,22.3,A,DoorSpread,DoorMaster,0.700000,D,S,99224.000000
Wed Jul 16 20:55:21 2025,16-Jul-2025,235524,48 25.309200 N,062 5.390900 W,4.0,22.6,A,DoorSpread,DoorMaster,0.700000,D,S,99224.000000
Wed Jul 16 20:55:27 2025,16-Jul-2025,235525,48 25.310100 N,062 5.390200 W,4.0,22.9,A,DoorSpread,DoorMaster,0.865000,D,S,154262.000000
Wed Jul 16 20:55:27 2025,16-Jul-2025,235526,48 25.311100 N,062 5.389500 W,3.9,23.1,A,DoorSpread,DoorMaster,0.865000,D,S,154262.000000
Wed Jul 16 20:55:27 2025,16-Jul-2025,235527,48 25.312000 N,062 5.388800 W,3.9,23.1,A,DoorSpread,DoorMaster,0.865000,D,S,154262.000000
Wed Jul 16 20:55:27 2025,16-Jul-2025,235528,48 25.312900 N,062 5.388100 W,3.9,23.1,A,DoorSpread,DoorMaster,0.865000,D,S,154262.000000
Wed Jul 16 20:55:27 2025,16-Jul-2025,235529,48 25.313800 N,062 5.387300 W,3.9,23.2,A,DoorSpread,DoorMaster,0.865000,D,S,154262.000000
Wed Jul 16 20:55:27 2025,16-Jul-2025,235530,48 25.314700 N,062 5.386500 W,3.9,23.6,A,DoorSpread,DoorMaster,0.865000,D,S,154262.000000
Wed Jul 16 20:55:32 2025,16-Jul-2025,235531,48 25.315800 N,062 5.385800 W,3.9,24.1,A,DoorSpread,DoorMaster,0.880000,D,S,60928.000000
Wed Jul 16 20:55:32 2025,16-Jul-2025,235532,48 25.316700 N,062 5.385100 W,3.9,24.3,A,DoorSpread,DoorMaster,0.880000,D,S,60928.000000
Wed Jul 16 20:55:32 2025,16-Jul-2025,235533,48 25.317600 N,062 5.384400 W,3.9,24.5,A,DoorSpread,DoorMaster,0.880000,D,S,60928.000000
Wed Jul 16 20:55:32 2025,16-Jul-2025,235534,48 25.318500 N,062 5.383700 W,3.9,24.7,A,DoorSpread,DoorMaster,0.880000,D,S,60928.000000
Wed Jul 16 20:55:32 2025,16-Jul-2025,235535,48 25.319400 N,062 5.382900 W,3.9,24.8,A,DoorSpread,DoorMaster,0.880000,D,S,60928.000000
Wed Jul 16 20:55:37 2025,16-Jul-2025,235536,48 25.320200 N,062 5.382300 W,3.9,24.5,A,DoorSpread,DoorMaster,0.910000,D,S,35525.000000
Wed Jul 16 20:55:37 2025,16-Jul-2025,235537,48 25.321100 N,062 5.381600 W,3.9,24.5,A,DoorSpread,DoorMaster,0.910000,D,S,35525.000000
Wed Jul 16 20:55:37 2025,16-Jul-2025,235538,48 25.321900 N,062 5.380800 W,3.9,24.6,A,DoorSpread,DoorMaster,0.910000,D,S,35525.000000
Wed Jul 16 20:55:37 2025,16-Jul-2025,235539,48 25.322700 N,062 5.380200 W,3.9,24.6,A,DoorSpread,DoorMaster,0.910000,D,S,35525.000000
Wed Jul 16 20:55:37 2025,16-Jul-2025,235540,48 25.323500 N,062 5.379500 W,3.9,24.6,A,DoorSpread,DoorMaster,0.910000,D,S,35525.000000
Wed Jul 16 20:55:42 2025,16-Jul-2025,235541,48 25.324300 N,062 5.378800 W,3.9,24.7,A,DoorSpread,DoorMaster,0.500000,D,S,81059.000000
Wed Jul 16 20:55:42 2025,16-Jul-2025,235542,48 25.325200 N,062 5.378100 W,3.9,24.5,A,DoorSpread,DoorMaster,0.500000,D,S,81059.000000
Wed Jul 16 20:55:42 2025,16-Jul-2025,235543,48 25.326200 N,062 5.377600 W,4.0,23.7,A,DoorSpread,DoorMaster,0.500000,D,S,81059.000000
Wed Jul 16 20:55:42 2025,16-Jul-2025,235544,48 25.327300 N,062 5.377100 W,4.0,22.4,A,DoorSpread,DoorMaster,0.500000,D,S,81059.000000
Wed Jul 16 20:55:42 2025,16-Jul-2025,235545,48 25.328300 N,062 5.376400 W,4.0,22.0,A,DoorSpread,DoorMaster,0.500000,D,S,81059.000000
Wed Jul 16 20:55:48 2025,16-Jul-2025,235546,48 25.329300 N,062 5.375700 W,4.0,21.9,A,DoorSpread,DoorMaster,0.645000,D,S,51005.000000
Wed Jul 16 20:55:48 2025,16-Jul-2025,235547,48 25.330300 N,062 5.375000 W,4.0,22.0,A,DoorSpread,DoorMaster,0.645000,D,S,51005.000000
Wed Jul 16 20:55:48 2025,16-Jul-2025,235548,48 25.331300 N,062 5.374300 W,4.0,22.2,A,DoorSpread,DoorMaster,0.645000,D,S,51005.000000
Wed Jul 16 20:55:48 2025,16-Jul-2025,235549,48 25.332300 N,062 5.373600 W,4.0,22.2,A,DoorSpread,DoorMaster,0.645000,D,S,51005.000000
Wed Jul 16 20:55:48 2025,16-Jul-2025,235550,48 25.333200 N,062 5.373000 W,4.0,22.4,A,DoorSpread,DoorMaster,0.645000,D,S,51005.000000
Wed Jul 16 20:55:53 2025,16-Jul-2025,235551,48 25.334200 N,062 5.372300 W,4.0,22.8,A,DoorSpread,DoorMaster,0.475000,D,P,45604.000000
Wed Jul 16 20:55:53 2025,16-Jul-2025,235552,48 25.335100 N,062 5.371600 W,4.1,23.1,A,DoorSpread,DoorMaster,0.475000,D,P,45604.000000
Wed Jul 16 20:55:53 2025,16-Jul-2025,235553,48 25.336100 N,062 5.371100 W,4.1,23.2,A,DoorSpread,DoorMaster,0.475000,D,P,45604.000000
Wed Jul 16 20:55:53 2025,16-Jul-2025,235554,48 25.337000 N,062 5.370500 W,4.0,23.3,A,DoorSpread,DoorMaster,0.475000,D,P,45604.000000
Wed Jul 16 20:55:53 2025,16-Jul-2025,235555,48 25.337900 N,062 5.369900 W,4.0,23.4,A,DoorSpread,DoorMaster,0.475000,D,P,45604.000000
Wed Jul 16 20:55:53 2025,16-Jul-2025,235556,48 25.338900 N,062 5.369400 W,4.0,23.0,A,DoorSpread,DoorMaster,0.475000,D,P,45604.000000
Wed Jul 16 20:55:58 2025,16-Jul-2025,235557,48 25.340000 N,062 5.368800 W,4.1,22.8,A,DoorSpread,DoorMaster,0.610000,D,P,68242.000000
Wed Jul 16 20:55:58 2025,16-Jul-2025,235558,48 25.341000 N,062 5.368200 W,4.0,22.7,A,DoorSpread,DoorMaster,0.610000,D,P,68242.000000
Wed Jul 16 20:55:58 2025,16-Jul-2025,235559,48 25.341900 N,062 5.367600 W,4.0,22.9,A,DoorSpread,DoorMaster,0.610000,D,P,68242.000000
Wed Jul 16 20:55:58 2025,16-Jul-2025,235600,48 25.342800 N,062 5.366800 W,4.0,23.5,A,DoorSpread,DoorMaster,0.610000,D,P,68242.000000
Wed Jul 16 20:55:58 2025,16-Jul-2025,235601,48 25.343800 N,062 5.366000 W,4.0,23.9,A,DoorSpread,DoorMaster,0.610000,D,P,68242.000000
Wed Jul 16 20:56:03 2025,16-Jul-2025,235602,48 25.344700 N,062 5.365200 W,4.0,24.5,A,DoorSpread,DoorMaster,0.585000,D,S,61633.000000
Wed Jul 16 20:56:03 2025,16-Jul-2025,235603,48 25.345700 N,062 5.364400 W,4.0,24.6,A,DoorSpread,DoorMaster,0.585000,D,S,61633.000000
Wed Jul 16 20:56:03 2025,16-Jul-2025,235604,48 25.346700 N,062 5.363600 W,4.0,24.4,A,DoorSpread,DoorMaster,0.585000,D,S,61633.000000
Wed Jul 16 20:56:03 2025,16-Jul-2025,235605,48 25.347700 N,062 5.362900 W,4.0,24.2,A,DoorSpread,DoorMaster,0.585000,D,S,61633.000000
Wed Jul 16 20:56:03 2025,16-Jul-2025,235606,48 25.348600 N,062 5.362200 W,4.0,23.8,A,DoorSpread,DoorMaster,0.585000,D,S,61633.000000
Wed Jul 16 20:56:03 2025,16-Jul-2025,235607,48 25.349700 N,062 5.361600 W,4.0,22.8,A,DoorSpread,DoorMaster,0.585000,D,S,61633.000000
Wed Jul 16 20:56:03 2025,16-Jul-2025,235608,48 25.350900 N,062 5.361100 W,4.0,21.9,A,DoorSpread,DoorMaster,0.585000,D,S,61633.000000
Wed Jul 16 20:56:03 2025,16-Jul-2025,235609,48 25.351900 N,062 5.360500 W,3.9,21.3,A,DoorSpread,DoorMaster,0.585000,D,S,61633.000000
Wed Jul 16 20:56:03 2025,16-Jul-2025,235610,48 25.352800 N,062 5.360000 W,3.9,20.9,A,DoorSpread,DoorMaster,0.585000,D,S,61633.000000
Wed Jul 16 20:56:03 2025,16-Jul-2025,235611,48 25.353800 N,062 5.359400 W,3.9,20.6,A,DoorSpread,DoorMaster,0.585000,D,S,61633.000000
Wed Jul 16 20:56:13 2025,16-Jul-2025,235612,48 25.354700 N,062 5.358800 W,3.9,20.6,A,DoorSpread,DoorMaster,0.640000,D,S,86147.000000
Wed Jul 16 20:56:13 2025,16-Jul-2025,235613,48 25.355500 N,062 5.358200 W,4.0,20.4,A,DoorSpread,DoorMaster,0.640000,D,S,86147.000000
Wed Jul 16 20:56:13 2025,16-Jul-2025,235614,48 25.356500 N,062 5.357700 W,3.9,20.3,A,DoorSpread,DoorMaster,0.640000,D,S,86147.000000
Wed Jul 16 20:56:13 2025,16-Jul-2025,235615,48 25.357400 N,062 5.357100 W,3.9,20.2,A,DoorSpread,DoorMaster,0.640000,D,S,86147.000000
Wed Jul 16 20:56:13 2025,16-Jul-2025,235616,48 25.358300 N,062 5.356500 W,3.9,20.3,A,DoorSpread,DoorMaster,0.640000,D,S,86147.000000
Wed Jul 16 20:56:19 2025,16-Jul-2025,235617,48 25.359200 N,062 5.355800 W,3.9,20.4,A,DoorSpread,DoorMaster,0.750000,D,P,56865.000000
Wed Jul 16 20:56:19 2025,16-Jul-2025,235618,48 25.360000 N,062 5.355100 W,3.9,20.6,A,DoorSpread,DoorMaster,0.750000,D,P,56865.000000
Wed Jul 16 20:56:19 2025,16-Jul-2025,235619,48 25.360900 N,062 5.354400 W,3.9,20.9,A,DoorSpread,DoorMaster,0.750000,D,P,56865.000000
Wed Jul 16 20:56:19 2025,16-Jul-2025,235620,48 25.361800 N,062 5.353800 W,3.9,21.1,A,DoorSpread,DoorMaster,0.750000,D,P,56865.000000
Wed Jul 16 20:56:19 2025,16-Jul-2025,235621,48 25.362700 N,062 5.353100 W,3.9,21.3,A,DoorSpread,DoorMaster,0.750000,D,P,56865.000000
Wed Jul 16 20:56:19 2025,16-Jul-2025,235622,48 25.363700 N,062 5.352300 W,3.9,22.0,A,DoorSpread,DoorMaster,0.750000,D,P,56865.000000
Wed Jul 16 20:56:24 2025,16-Jul-2025,235623,48 25.364700 N,062 5.351600 W,3.9,22.7,A,DoorSpread,DoorMaster,0.790000,D,P,27126.000000
Wed Jul 16 20:56:24 2025,16-Jul-2025,235624,48 25.365600 N,062 5.350900 W,3.9,23.3,A,DoorSpread,DoorMaster,0.790000,D,P,27126.000000
Wed Jul 16 20:56:24 2025,16-Jul-2025,235625,48 25.366700 N,062 5.350300 W,3.9,23.2,A,DoorSpread,DoorMaster,0.790000,D,P,27126.000000
Wed Jul 16 20:56:24 2025,16-Jul-2025,235626,48 25.367700 N,062 5.349700 W,4.0,23.0,A,DoorSpread,DoorMaster,0.790000,D,P,27126.000000
Wed Jul 16 20:56:24 2025,16-Jul-2025,235627,48 25.368700 N,062 5.349000 W,4.0,23.0,A,DoorSpread,DoorMaster,0.790000,D,P,27126.000000
Wed Jul 16 20:56:29 2025,16-Jul-2025,235628,48 25.369700 N,062 5.348300 W,4.0,23.3,A,DoorSpread,DoorMaster,0.985000,D,P,39298.000000
Wed Jul 16 20:56:29 2025,16-Jul-2025,235629,48 25.370700 N,062 5.347400 W,4.0,23.1,A,DoorSpread,DoorMaster,0.985000,D,P,39298.000000
Wed Jul 16 20:56:29 2025,16-Jul-2025,235630,48 25.371700 N,062 5.346600 W,4.0,23.1,A,DoorSpread,DoorMaster,0.985000,D,P,39298.000000
Wed Jul 16 20:56:29 2025,16-Jul-2025,235631,48 25.372500 N,062 5.345800 W,4.0,23.3,A,DoorSpread,DoorMaster,0.985000,D,P,39298.000000
Wed Jul 16 20:56:29 2025,16-Jul-2025,235632,48 25.373400 N,062 5.345000 W,4.0,23.9,A,DoorSpread,DoorMaster,0.985000,D,P,39298.000000
Wed Jul 16 20:56:29 2025,16-Jul-2025,235633,48 25.374300 N,062 5.344200 W,4.0,23.6,A,DoorSpread,DoorMaster,0.985000,D,P,39298.000000
Wed Jul 16 20:56:29 2025,16-Jul-2025,235634,48 25.375300 N,062 5.343500 W,4.0,23.4,A,DoorSpread,DoorMaster,0.985000,D,P,39298.000000
Wed Jul 16 20:56:29 2025,16-Jul-2025,235635,48 25.376200 N,062 5.342800 W,4.0,23.2,A,DoorSpread,DoorMaster,0.985000,D,P,39298.000000
Wed Jul 16 20:56:29 2025,16-Jul-2025,235636,48 25.377100 N,062 5.342100 W,4.0,23.4,A,DoorSpread,DoorMaster,0.985000,D,P,39298.000000
Wed Jul 16 20:56:29 2025,16-Jul-2025,235637,48 25.378000 N,062 5.341200 W,4.0,23.5,A,DoorSpread,DoorMaster,0.985000,D,P,39298.000000
Wed Jul 16 20:56:29 2025,16-Jul-2025,235638,48 25.378900 N,062 5.340300 W,4.0,23.6,A,DoorSpread,DoorMaster,0.985000,D,P,39298.000000
Wed Jul 16 20:56:29 2025,16-Jul-2025,235639,48 25.379800 N,062 5.339600 W,4.0,23.7,A,DoorSpread,DoorMaster,0.985000,D,P,39298.000000
Wed Jul 16 20:56:29 2025,16-Jul-2025,235640,48 25.380700 N,062 5.338800 W,4.0,23.7,A,DoorSpread,DoorMaster,0.985000,D,P,39298.000000
Wed Jul 16 20:56:29 2025,16-Jul-2025,235641,48 25.381600 N,062 5.338000 W,4.0,23.8,A,DoorSpread,DoorMaster,0.985000,D,P,39298.000000
Wed Jul 16 20:56:29 2025,16-Jul-2025,235642,48 25.382500 N,062 5.337200 W,4.0,23.8,A,DoorSpread,DoorMaster,0.985000,D,P,39298.000000
Wed Jul 16 20:56:29 2025,16-Jul-2025,235643,48 25.383500 N,062 5.336500 W,4.0,23.4,A,DoorSpread,DoorMaster,0.985000,D,P,39298.000000
Wed Jul 16 20:56:45 2025,16-Jul-2025,235644,48 25.384400 N,062 5.335900 W,4.0,23.0,A,DoorSpread,DoorMaster,0.655000,D,S,71856.000000
Wed Jul 16 20:56:45 2025,16-Jul-2025,235645,48 25.385400 N,062 5.335100 W,4.0,23.5,A,DoorSpread,DoorMaster,0.655000,D,S,71856.000000
Wed Jul 16 20:56:45 2025,16-Jul-2025,235646,48 25.386400 N,062 5.334200 W,4.1,23.8,A,DoorSpread,DoorMaster,0.655000,D,S,71856.000000
Wed Jul 16 20:56:45 2025,16-Jul-2025,235647,48 25.387500 N,062 5.333400 W,4.1,23.9,A,DoorSpread,DoorMaster,0.655000,D,S,71856.000000
Wed Jul 16 20:56:45 2025,16-Jul-2025,235648,48 25.388600 N,062 5.332700 W,4.1,23.6,A,DoorSpread,DoorMaster,0.655000,D,S,71856.000000
Wed Jul 16 20:56:50 2025,16-Jul-2025,235649,48 25.389800 N,062 5.332000 W,4.2,23.2,A,DoorSpread,DoorMaster,0.830000,D,S,20316.000000
Wed Jul 16 20:56:50 2025,16-Jul-2025,235650,48 25.390900 N,062 5.331400 W,4.2,22.7,A,DoorSpread,DoorMaster,0.830000,D,S,20316.000000
Wed Jul 16 20:56:50 2025,16-Jul-2025,235651,48 25.391900 N,062 5.330700 W,4.1,22.3,A,DoorSpread,DoorMaster,0.830000,D,S,20316.000000
Wed Jul 16 20:56:50 2025,16-Jul-2025,235652,48 25.393000 N,062 5.330100 W,4.1,22.1,A,DoorSpread,DoorMaster,0.830000,D,S,20316.000000
Wed Jul 16 20:56:50 2025,16-Jul-2025,235653,48 25.394100 N,062 5.329500 W,4.2,21.9,A,DoorSpread,DoorMaster,0.830000,D,S,20316.000000
Wed Jul 16 20:56:55 2025,16-Jul-2025,235654,48 25.395200 N,062 5.328900 W,4.2,21.6,A,DoorSpread,DoorMaster,0.815000,D,S,18598.000000
Wed Jul 16 20:56:55 2025,16-Jul-2025,235655,48 25.396200 N,062 5.328400 W,4.2,21.4,A,DoorSpread,DoorMaster,0.815000,D,S,18598.000000
Wed Jul 16 20:56:55 2025,16-Jul-2025,235656,48 25.397300 N,062 5.327900 W,4.2,21.5,A,DoorSpread,DoorMaster,0.815000,D,S,18598.000000
Wed Jul 16 20:56:55 2025,16-Jul-2025,235657,48 25.398400 N,062 5.327400 W,4.2,21.2,A,DoorSpread,DoorMaster,0.815000,D,S,18598.000000
Wed Jul 16 20:56:55 2025,16-Jul-2025,235658,48 25.399500 N,062 5.326800 W,4.2,21.1,A,DoorSpread,DoorMaster,0.815000,D,S,18598.000000
Wed Jul 16 20:57:00 2025,16-Jul-2025,235659,48 25.400700 N,062 5.326100 W,4.2,21.0,A,DoorSpread,DoorMaster,0.560000,D,S,51954.000000
Wed Jul 16 20:57:00 2025,16-Jul-2025,235700,48 25.401700 N,062 5.325300 W,4.3,21.2,A,DoorSpread,DoorMaster,0.560000,D,S,51954.000000
Wed Jul 16 20:57:00 2025,16-Jul-2025,235701,48 25.402800 N,062 5.324500 W,4.3,21.7,A,DoorSpread,DoorMaster,0.560000,D,S,51954.000000
Wed Jul 16 20:57:00 2025,16-Jul-2025,235702,48 25.403700 N,062 5.323700 W,4.2,22.0,A,DoorSpread,DoorMaster,0.560000,D,S,51954.000000
Wed Jul 16 20:57:00 2025,16-Jul-2025,235703,48 25.404600 N,062 5.322900 W,4.2,22.3,A,DoorSpread,DoorMaster,0.560000,D,S,51954.000000
Wed Jul 16 20:57:06 2025,16-Jul-2025,235704,48 25.405600 N,062 5.322200 W,4.2,22.4,A,DoorSpread,DoorMaster,0.630000,D,S,54568.000000
Wed Jul 16 20:57:06 2025,16-Jul-2025,235705,48 25.406500 N,062 5.321500 W,4.2,22.4,A,DoorSpread,DoorMaster,0.630000,D,S,54568.000000
Wed Jul 16 20:57:06 2025,16-Jul-2025,235706,48 25.407400 N,062 5.320800 W,4.0,22.5,A,DoorSpread,DoorMaster,0.630000,D,S,54568.000000
Wed Jul 16 20:57:06 2025,16-Jul-2025,235707,48 25.408200 N,062 5.320000 W,4.0,22.9,A,DoorSpread,DoorMaster,0.630000,D,S,54568.000000
Wed Jul 16 20:57:06 2025,16-Jul-2025,235708,48 25.409100 N,062 5.319000 W,4.0,23.5,A,DoorSpread,DoorMaster,0.630000,D,S,54568.000000
Wed Jul 16 20:57:06 2025,16-Jul-2025,235709,48 25.410000 N,062 5.318000 W,4.0,23.8,A,DoorSpread,DoorMaster,0.630000,D,S,54568.000000
Wed Jul 16 20:57:11 2025,16-Jul-2025,235710,48 25.410800 N,062 5.317200 W,4.0,23.9,A,DoorSpread,DoorMaster,0.945000,D,S,68658.000000
Wed Jul 16 20:57:11 2025,16-Jul-2025,235711,48 25.411600 N,062 5.316400 W,3.9,23.9,A,DoorSpread,DoorMaster,0.945000,D,S,68658.000000
Wed Jul 16 20:57:11 2025,16-Jul-2025,235712,48 25.412500 N,062 5.315500 W,3.9,23.8,A,DoorSpread,DoorMaster,0.945000,D,S,68658.000000
Wed Jul 16 20:57:11 2025,16-Jul-2025,235713,48 25.413300 N,062 5.314600 W,3.9,23.8,A,DoorSpread,DoorMaster,0.945000,D,S,68658.000000
Wed Jul 16 20:57:11 2025,16-Jul-2025,235714,48 25.414200 N,062 5.313800 W,3.9,23.1,A,DoorSpread,DoorMaster,0.945000,D,S,68658.000000
Wed Jul 16 20:57:16 2025,16-Jul-2025,235715,48 25.415100 N,062 5.313100 W,3.9,22.7,A,DoorSpread,DoorMaster,0.755000,D,S,42522.000000
Wed Jul 16 20:57:16 2025,16-Jul-2025,235716,48 25.415900 N,062 5.312500 W,3.7,22.4,A,DoorSpread,DoorMaster,0.755000,D,S,42522.000000
Wed Jul 16 20:57:16 2025,16-Jul-2025,235717,48 25.416700 N,062 5.311900 W,3.7,22.2,A,DoorSpread,DoorMaster,0.755000,D,S,42522.000000
Wed Jul 16 20:57:16 2025,16-Jul-2025,235718,48 25.417700 N,062 5.311300 W,3.8,21.2,A,DoorSpread,DoorMaster,0.755000,D,S,42522.000000
Wed Jul 16 20:57:16 2025,16-Jul-2025,235719,48 25.418700 N,062 5.310600 W,3.8,20.6,A,DoorSpread,DoorMaster,0.755000,D,S,42522.000000
Wed Jul 16 20:57:21 2025,16-Jul-2025,235720,48 25.419600 N,062 5.309900 W,3.8,20.6,A,DoorSpread,DoorMaster,0.655000,D,P,45931.000000
Wed Jul 16 20:57:21 2025,16-Jul-2025,235721,48 25.420400 N,062 5.309100 W,3.8,20.9,A,DoorSpread,DoorMaster,0.655000,D,P,45931.000000
Wed Jul 16 20:57:21 2025,16-Jul-2025,235722,48 25.421300 N,062 5.308400 W,3.8,21.0,A,DoorSpread,DoorMaster,0.655000,D,P,45931.000000
Wed Jul 16 20:57:21 2025,16-Jul-2025,235723,48 25.422200 N,062 5.307800 W,3.8,21.1,A,DoorSpread,DoorMaster,0.655000,D,P,45931.000000
Wed Jul 16 20:57:21 2025,16-Jul-2025,235724,48 25.423100 N,062 5.307200 W,3.8,21.1,A,DoorSpread,DoorMaster,0.655000,D,P,45931.000000
Wed Jul 16 20:57:27 2025,16-Jul-2025,235725,48 25.424000 N,062 5.306600 W,3.8,21.3,A,DoorSpread,DoorMaster,0.645000,D,S,34251.000000
Wed Jul 16 20:57:27 2025,16-Jul-2025,235726,48 25.424800 N,062 5.306000 W,3.8,21.4,A,DoorSpread,DoorMaster,0.645000,D,S,34251.000000
Wed Jul 16 20:57:27 2025,16-Jul-2025,235727,48 25.425600 N,062 5.305300 W,3.8,21.7,A,DoorSpread,DoorMaster,0.645000,D,S,34251.000000
Wed Jul 16 20:57:27 2025,16-Jul-2025,235728,48 25.426500 N,062 5.304500 W,3.8,22.1,A,DoorSpread,DoorMaster,0.645000,D,S,34251.000000
Wed Jul 16 20:57:27 2025,16-Jul-2025,235729,48 25.427400 N,062 5.303700 W,3.8,22.6,A,DoorSpread,DoorMaster,0.645000,D,S,34251.000000
Wed Jul 16 20:57:27 2025,16-Jul-2025,235730,48 25.428300 N,062 5.303000 W,3.8,22.8,A,DoorSpread,DoorMaster,0.645000,D,S,34251.000000
Wed Jul 16 20:57:32 2025,16-Jul-2025,235731,48 25.429200 N,062 5.302400 W,3.8,22.6,A,DoorSpread,DoorMaster,0.715000,D,S,40542.000000
Wed Jul 16 20:57:32 2025,16-Jul-2025,235732,48 25.430300 N,062 5.301800 W,3.8,22.5,A,DoorSpread,DoorMaster,0.715000,D,S,40542.000000
Wed Jul 16 20:57:32 2025,16-Jul-2025,235733,48 25.431200 N,062 5.301100 W,3.9,22.5,A,DoorSpread,DoorMaster,0.715000,D,S,40542.000000
Wed Jul 16 20:57:32 2025,16-Jul-2025,235734,48 25.432200 N,062 5.300500 W,3.9,22.5,A,DoorSpread,DoorMaster,0.715000,D,S,40542.000000
Wed Jul 16 20:57:32 2025,16-Jul-2025,235735,48 25.433300 N,062 5.299900 W,3.9,22.4,A,DoorSpread,DoorMaster,0.715000,D,S,40542.000000
Wed Jul 16 20:57:37 2025,16-Jul-2025,235736,48 25.434400 N,062 5.299300 W,3.9,22.2,A,DoorSpread,DoorMaster,0.735000,D,S,26649.000000
Wed Jul 16 20:57:37 2025,16-Jul-2025,235737,48 25.435500 N,062 5.298700 W,3.9,22.1,A,DoorSpread,DoorMaster,0.735000,D,S,26649.000000
Wed Jul 16 20:57:37 2025,16-Jul-2025,235738,48 25.436500 N,062 5.298000 W,3.9,22.1,A,DoorSpread,DoorMaster,0.735000,D,S,26649.000000
Wed Jul 16 20:57:37 2025,16-Jul-2025,235739,48 25.437600 N,062 5.297300 W,4.0,22.2,A,DoorSpread,DoorMaster,0.735000,D,S,26649.000000
Wed Jul 16 20:57:37 2025,16-Jul-2025,235740,48 25.438800 N,062 5.296600 W,4.0,22.0,A,DoorSpread,DoorMaster,0.735000,D,S,26649.000000
Wed Jul 16 20:57:42 2025,16-Jul-2025,235741,48 25.439800 N,062 5.296000 W,4.0,21.9,A,DoorSpread,DoorMaster,1.125000,D,S,76387.000000
Wed Jul 16 20:57:42 2025,16-Jul-2025,235742,48 25.440900 N,062 5.295500 W,4.0,21.7,A,DoorSpread,DoorMaster,1.125000,D,S,76387.000000
Wed Jul 16 20:57:42 2025,16-Jul-2025,235743,48 25.441900 N,062 5.295000 W,4.0,21.5,A,DoorSpread,DoorMaster,1.125000,D,S,76387.000000
Wed Jul 16 20:57:42 2025,16-Jul-2025,235744,48 25.443000 N,062 5.294400 W,4.0,21.6,A,DoorSpread,DoorMaster,1.125000,D,S,76387.000000
Wed Jul 16 20:57:42 2025,16-Jul-2025,235745,48 25.444100 N,062 5.293800 W,4.1,21.7,A,DoorSpread,DoorMaster,1.125000,D,S,76387.000000
Wed Jul 16 20:57:47 2025,16-Jul-2025,235746,48 25.445200 N,062 5.293200 W,4.1,21.7,A,DoorSpread,DoorMaster,0.755000,D,S,28001.000000
Wed Jul 16 20:57:47 2025,16-Jul-2025,235747,48 25.446200 N,062 5.292600 W,4.1,21.7,A,DoorSpread,DoorMaster,0.755000,D,S,28001.000000
Wed Jul 16 20:57:47 2025,16-Jul-2025,235748,48 25.447200 N,062 5.292000 W,4.1,21.7,A,DoorSpread,DoorMaster,0.755000,D,S,28001.000000
Wed Jul 16 20:57:47 2025,16-Jul-2025,235749,48 25.448200 N,062 5.291300 W,4.1,22.3,A,DoorSpread,DoorMaster,0.755000,D,S,28001.000000
Wed Jul 16 20:57:47 2025,16-Jul-2025,235750,48 25.449200 N,062 5.290500 W,4.1,23.0,A,DoorSpread,DoorMaster,0.755000,D,S,28001.000000
Wed Jul 16 20:57:52 2025,16-Jul-2025,235751,48 25.450200 N,062 5.289800 W,4.1,23.4,A,DoorSpread,DoorMaster,0.670000,D,S,28340.000000
Wed Jul 16 20:57:52 2025,16-Jul-2025,235752,48 25.451200 N,062 5.289400 W,4.1,23.5,A,DoorSpread,DoorMaster,0.670000,D,S,28340.000000
Wed Jul 16 20:57:52 2025,16-Jul-2025,235753,48 25.452200 N,062 5.288900 W,4.1,23.6,A,DoorSpread,DoorMaster,0.670000,D,S,28340.000000
Wed Jul 16 20:57:52 2025,16-Jul-2025,235754,48 25.453200 N,062 5.288400 W,4.1,23.3,A,DoorSpread,DoorMaster,0.670000,D,S,28340.000000
Wed Jul 16 20:57:52 2025,16-Jul-2025,235755,48 25.454300 N,062 5.287800 W,4.1,23.1,A,DoorSpread,DoorMaster,0.670000,D,S,28340.000000
Wed Jul 16 20:57:52 2025,16-Jul-2025,235756,48 25.455300 N,062 5.287100 W,4.1,23.0,A,DoorSpread,DoorMaster,0.670000,D,S,28340.000000
Wed Jul 16 20:57:58 2025,16-Jul-2025,235757,48 25.456300 N,062 5.286500 W,4.1,22.8,A,DoorSpread,DoorMaster,0.765000,D,S,152622.000000
Wed Jul 16 20:57:58 2025,16-Jul-2025,235758,48 25.457400 N,062 5.285900 W,4.1,22.6,A,DoorSpread,DoorMaster,0.765000,D,S,152622.000000
Wed Jul 16 20:57:58 2025,16-Jul-2025,235759,48 25.458400 N,062 5.285400 W,4.1,22.4,A,DoorSpread,DoorMaster,0.765000,D,S,152622.000000
Wed Jul 16 20:57:58 2025,16-Jul-2025,235800,48 25.459400 N,062 5.284700 W,4.1,22.4,A,DoorSpread,DoorMaster,0.765000,D,S,152622.000000
Wed Jul 16 20:57:58 2025,16-Jul-2025,235801,48 25.460400 N,062 5.284000 W,4.1,22.4,A,DoorSpread,DoorMaster,0.765000,D,S,152622.000000
Wed Jul 16 20:58:03 2025,16-Jul-2025,235802,48 25.461300 N,062 5.283400 W,4.1,22.4,A,DoorSpread,DoorMaster,0.830000,D,P,102209.000000
Wed Jul 16 20:58:03 2025,16-Jul-2025,235803,48 25.462300 N,062 5.282700 W,4.0,22.5,A,DoorSpread,DoorMaster,0.830000,D,P,102209.000000
Wed Jul 16 20:58:03 2025,16-Jul-2025,235804,48 25.463200 N,062 5.281900 W,4.0,22.9,A,DoorSpread,DoorMaster,0.830000,D,P,102209.000000
Wed Jul 16 20:58:03 2025,16-Jul-2025,235805,48 25.464000 N,062 5.281200 W,4.0,23.3,A,DoorSpread,DoorMaster,0.830000,D,P,102209.000000
Wed Jul 16 20:58:03 2025,16-Jul-2025,235806,48 25.465000 N,062 5.280600 W,4.0,23.5,A,DoorSpread,DoorMaster,0.830000,D,P,102209.000000
Wed Jul 16 20:58:08 2025,16-Jul-2025,235807,48 25.466000 N,062 5.280000 W,4.0,23.1,A,DoorSpread,DoorMaster,0.805000,D,S,74067.000000
Wed Jul 16 20:58:08 2025,16-Jul-2025,235808,48 25.467000 N,062 5.279500 W,4.0,22.7,A,DoorSpread,DoorMaster,0.805000,D,S,74067.000000
Wed Jul 16 20:58:08 2025,16-Jul-2025,235809,48 25.468000 N,062 5.278900 W,4.0,22.1,A,DoorSpread,DoorMaster,0.805000,D,S,74067.000000
Wed Jul 16 20:58:08 2025,16-Jul-2025,235810,48 25.469100 N,062 5.278400 W,4.0,21.6,A,DoorSpread,DoorMaster,0.805000,D,S,74067.000000
Wed Jul 16 20:58:08 2025,16-Jul-2025,235811,48 25.470100 N,062 5.277800 W,4.0,21.2,A,DoorSpread,DoorMaster,0.805000,D,S,74067.000000
Wed Jul 16 20:58:14 2025,16-Jul-2025,235812,48 25.471100 N,062 5.277300 W,4.0,20.8,A,DoorSpread,DoorMaster,0.835000,D,S,100040.000000
Wed Jul 16 20:58:14 2025,16-Jul-2025,235813,48 25.472100 N,062 5.276700 W,4.0,20.7,A,DoorSpread,DoorMaster,0.835000,D,S,100040.000000
Wed Jul 16 20:58:14 2025,16-Jul-2025,235814,48 25.473000 N,062 5.276000 W,4.0,20.8,A,DoorSpread,DoorMaster,0.835000,D,S,100040.000000
Wed Jul 16 20:58:14 2025,16-Jul-2025,235815,48 25.474100 N,062 5.275300 W,4.0,20.9,A,DoorSpread,DoorMaster,0.835000,D,S,100040.000000
Wed Jul 16 20:58:14 2025,16-Jul-2025,235816,48 25.475100 N,062 5.274600 W,4.0,21.1,A,DoorSpread,DoorMaster,0.835000,D,S,100040.000000
Wed Jul 16 20:58:14 2025,16-Jul-2025,235817,48 25.476000 N,062 5.273800 W,4.0,21.4,A,DoorSpread,DoorMaster,0.835000,D,S,100040.000000
Wed Jul 16 20:58:19 2025,16-Jul-2025,235818,48 25.476900 N,062 5.273100 W,4.0,21.9,A,DoorSpread,DoorMaster,0.810000,D,S,156162.000000
Wed Jul 16 20:58:19 2025,16-Jul-2025,235819,48 25.477800 N,062 5.272200 W,4.0,22.3,A,DoorSpread,DoorMaster,0.810000,D,S,156162.000000
Wed Jul 16 20:58:19 2025,16-Jul-2025,235820,48 25.478600 N,062 5.271400 W,3.9,22.6,A,DoorSpread,DoorMaster,0.810000,D,S,156162.000000
Wed Jul 16 20:58:19 2025,16-Jul-2025,235821,48 25.479400 N,062 5.270700 W,3.9,22.8,A,DoorSpread,DoorMaster,0.810000,D,S,156162.000000
Wed Jul 16 20:58:19 2025,16-Jul-2025,235822,48 25.480300 N,062 5.270100 W,3.8,22.8,A,DoorSpread,DoorMaster,0.810000,D,S,156162.000000
Wed Jul 16 20:58:24 2025,16-Jul-2025,235823,48 25.481200 N,062 5.269400 W,3.9,22.8,A,DoorSpread,DoorMaster,1.170000,D,S,68260.000000
Wed Jul 16 20:58:24 2025,16-Jul-2025,235824,48 25.482100 N,062 5.268600 W,3.9,22.9,A,DoorSpread,DoorMaster,1.170000,D,S,68260.000000
Wed Jul 16 20:58:24 2025,16-Jul-2025,235825,48 25.483000 N,062 5.267800 W,3.8,23.0,A,DoorSpread,DoorMaster,1.170000,D,S,68260.000000
Wed Jul 16 20:58:24 2025,16-Jul-2025,235826,48 25.484000 N,062 5.267200 W,3.8,23.0,A,DoorSpread,DoorMaster,1.170000,D,S,68260.000000
Wed Jul 16 20:58:24 2025,16-Jul-2025,235827,48 25.484900 N,062 5.266500 W,3.8,23.1,A,DoorSpread,DoorMaster,1.170000,D,S,68260.000000
Wed Jul 16 20:58:29 2025,16-Jul-2025,235828,48 25.485900 N,062 5.265700 W,3.8,23.3,A,DoorSpread,DoorMaster,0.860000,D,P,92940.000000
Wed Jul 16 20:58:29 2025,16-Jul-2025,235829,48 25.486800 N,062 5.265200 W,3.8,23.2,A,DoorSpread,DoorMaster,0.860000,D,P,92940.000000
Wed Jul 16 20:58:29 2025,16-Jul-2025,235830,48 25.487900 N,062 5.264500 W,3.8,23.4,A,DoorSpread,DoorMaster,0.860000,D,P,92940.000000
Wed Jul 16 20:58:29 2025,16-Jul-2025,235831,48 25.489100 N,062 5.263700 W,3.9,23.4,A,DoorSpread,DoorMaster,0.860000,D,P,92940.000000
Wed Jul 16 20:58:29 2025,16-Jul-2025,235832,48 25.490100 N,062 5.263100 W,3.9,23.2,A,DoorSpread,DoorMaster,0.860000,D,P,92940.000000
Wed Jul 16 20:58:29 2025,16-Jul-2025,235833,48 25.491200 N,062 5.262600 W,3.9,22.9,A,DoorSpread,DoorMaster,0.860000,D,P,92940.000000
Wed Jul 16 20:58:29 2025,16-Jul-2025,235834,48 25.492200 N,062 5.262100 W,3.9,22.4,A,DoorSpread,DoorMaster,0.860000,D,P,92940.000000
Wed Jul 16 20:58:29 2025,16-Jul-2025,235835,48 25.493100 N,062 5.261500 W,3.9,22.2,A,DoorSpread,DoorMaster,0.860000,D,P,92940.000000
Wed Jul 16 20:58:29 2025,16-Jul-2025,235836,48 25.494000 N,062 5.260800 W,3.8,22.4,A,DoorSpread,DoorMaster,0.860000,D,P,92940.000000
Wed Jul 16 20:58:29 2025,16-Jul-2025,235837,48 25.494800 N,062 5.260200 W,3.8,22.6,A,DoorSpread,DoorMaster,0.860000,D,P,92940.000000
Wed Jul 16 20:58:29 2025,16-Jul-2025,235838,48 25.495700 N,062 5.259600 W,3.8,22.5,A,DoorSpread,DoorMaster,0.860000,D,P,92940.000000
Wed Jul 16 20:58:29 2025,16-Jul-2025,235839,48 25.496700 N,062 5.259000 W,3.8,22.3,A,DoorSpread,DoorMaster,0.860000,D,P,92940.000000
Wed Jul 16 20:58:29 2025,16-Jul-2025,235840,48 25.497800 N,062 5.258300 W,3.8,22.0,A,DoorSpread,DoorMaster,0.860000,D,P,92940.000000
Wed Jul 16 20:58:29 2025,16-Jul-2025,235841,48 25.498700 N,062 5.257800 W,3.8,21.9,A,DoorSpread,DoorMaster,0.860000,D,P,92940.000000
Wed Jul 16 20:58:29 2025,16-Jul-2025,235842,48 25.499700 N,062 5.257200 W,3.8,21.9,A,DoorSpread,DoorMaster,0.860000,D,P,92940.000000
Wed Jul 16 20:58:29 2025,16-Jul-2025,235843,48 25.500700 N,062 5.256700 W,3.9,21.9,A,DoorSpread,DoorMaster,0.860000,D,P,92940.000000
Wed Jul 16 20:58:29 2025,16-Jul-2025,235844,48 25.501700 N,062 5.256100 W,3.9,21.8,A,DoorSpread,DoorMaster,0.860000,D,P,92940.000000
Wed Jul 16 20:58:29 2025,16-Jul-2025,235845,48 25.502700 N,062 5.255600 W,3.9,21.8,A,DoorSpread,DoorMaster,0.860000,D,P,92940.000000
Wed Jul 16 20:58:29 2025,16-Jul-2025,235846,48 25.503600 N,062 5.255100 W,3.9,21.4,A,DoorSpread,DoorMaster,0.860000,D,P,92940.000000
Wed Jul 16 20:58:29 2025,16-Jul-2025,235847,48 25.504700 N,062 5.254400 W,4.0,21.2,A,DoorSpread,DoorMaster,0.860000,D,P,92940.000000
Wed Jul 16 20:58:50 2025,16-Jul-2025,235848,48 25.505700 N,062 5.253700 W,4.0,21.2,A,DoorSpread,DoorMaster,0.990000,D,S,32720.000000
Wed Jul 16 20:58:50 2025,16-Jul-2025,235849,48 25.506800 N,062 5.253000 W,4.0,21.3,A,DoorSpread,DoorMaster,0.990000,D,S,32720.000000
Wed Jul 16 20:58:50 2025,16-Jul-2025,235850,48 25.507800 N,062 5.252400 W,4.0,21.1,A,DoorSpread,DoorMaster,0.990000,D,S,32720.000000
Wed Jul 16 20:58:50 2025,16-Jul-2025,235851,48 25.508900 N,062 5.251700 W,4.1,20.9,A,DoorSpread,DoorMaster,0.990000,D,S,32720.000000
Wed Jul 16 20:58:50 2025,16-Jul-2025,235852,48 25.509900 N,062 5.251000 W,4.1,20.4,A,DoorSpread,DoorMaster,0.990000,D,S,32720.000000
Wed Jul 16 20:58:50 2025,16-Jul-2025,235853,48 25.510900 N,062 5.250200 W,4.1,20.7,A,DoorSpread,DoorMaster,0.990000,D,S,32720.000000
Wed Jul 16 20:58:55 2025,16-Jul-2025,235854,48 25.512000 N,062 5.249400 W,4.1,20.9,A,DoorSpread,DoorMaster,0.715000,D,S,46356.000000
Wed Jul 16 20:58:55 2025,16-Jul-2025,235855,48 25.513000 N,062 5.248600 W,4.1,20.9,A,DoorSpread,DoorMaster,0.715000,D,S,46356.000000
Wed Jul 16 20:58:55 2025,16-Jul-2025,235856,48 25.514000 N,062 5.247900 W,4.1,21.2,A,DoorSpread,DoorMaster,0.715000,D,S,46356.000000
Wed Jul 16 20:58:55 2025,16-Jul-2025,235857,48 25.515000 N,062 5.247100 W,4.1,21.6,A,DoorSpread,DoorMaster,0.715000,D,S,46356.000000
Wed Jul 16 20:58:55 2025,16-Jul-2025,235858,48 25.516000 N,062 5.246300 W,4.1,21.7,A,DoorSpread,DoorMaster,0.715000,D,S,46356.000000
Wed Jul 16 20:59:00 2025,16-Jul-2025,235859,48 25.517000 N,062 5.245600 W,4.1,21.7,A,DoorSpread,DoorMaster,1.000000,D,S,73621.000000
Wed Jul 16 20:59:00 2025,16-Jul-2025,235900,48 25.517900 N,062 5.244900 W,4.0,21.4,A,DoorSpread,DoorMaster,1.000000,D,S,73621.000000
Wed Jul 16 20:59:00 2025,16-Jul-2025,235901,48 25.518900 N,062 5.244300 W,4.1,21.2,A,DoorSpread,DoorMaster,1.000000,D,S,73621.000000
Wed Jul 16 20:59:00 2025,16-Jul-2025,235902,48 25.519900 N,062 5.243600 W,4.0,21.1,A,DoorSpread,DoorMaster,1.000000,D,S,73621.000000
Wed Jul 16 20:59:00 2025,16-Jul-2025,235903,48 25.520900 N,062 5.242800 W,4.1,20.9,A,DoorSpread,DoorMaster,1.000000,D,S,73621.000000
Wed Jul 16 20:59:05 2025,16-Jul-2025,235904,48 25.521800 N,062 5.242100 W,4.0,20.9,A,DoorSpread,DoorMaster,0.905000,D,S,63073.000000
Wed Jul 16 20:59:05 2025,16-Jul-2025,235905,48 25.522800 N,062 5.241300 W,4.0,21.1,A,DoorSpread,DoorMaster,0.905000,D,S,63073.000000
Wed Jul 16 20:59:05 2025,16-Jul-2025,235906,48 25.523800 N,062 5.240700 W,4.0,20.7,A,DoorSpread,DoorMaster,0.905000,D,S,63073.000000
Wed Jul 16 20:59:05 2025,16-Jul-2025,235907,48 25.524700 N,062 5.240300 W,4.0,20.3,A,DoorSpread,DoorMaster,0.905000,D,S,63073.000000
Wed Jul 16 20:59:05 2025,16-Jul-2025,235908,48 25.525600 N,062 5.239700 W,4.0,21.1,A,DoorSpread,DoorMaster,0.905000,D,S,63073.000000
Wed Jul 16 20:59:10 2025,16-Jul-2025,235909,48 25.526600 N,062 5.239100 W,4.0,21.0,A,DoorSpread,DoorMaster,0.950000,D,S,71149.000000
Wed Jul 16 20:59:10 2025,16-Jul-2025,235910,48 25.527700 N,062 5.238600 W,4.0,20.8,A,DoorSpread,DoorMaster,0.950000,D,S,71149.000000
Wed Jul 16 20:59:10 2025,16-Jul-2025,235911,48 25.528600 N,062 5.238100 W,3.9,20.7,A,DoorSpread,DoorMaster,0.950000,D,S,71149.000000
Wed Jul 16 20:59:10 2025,16-Jul-2025,235912,48 25.529600 N,062 5.237600 W,3.9,20.5,A,DoorSpread,DoorMaster,0.950000,D,S,71149.000000
Wed Jul 16 20:59:10 2025,16-Jul-2025,235913,48 25.530600 N,062 5.237100 W,3.9,20.2,A,DoorSpread,DoorMaster,0.950000,D,S,71149.000000
Wed Jul 16 20:59:10 2025,16-Jul-2025,235914,48 25.531600 N,062 5.236700 W,3.8,19.9,A,DoorSpread,DoorMaster,0.950000,D,S,71149.000000
Wed Jul 16 20:59:16 2025,16-Jul-2025,235915,48 25.532500 N,062 5.236200 W,3.7,20.0,A,DoorSpread,DoorMaster,1.085000,D,P,42024.000000
Wed Jul 16 20:59:16 2025,16-Jul-2025,235916,48 25.533300 N,062 5.235600 W,3.7,20.1,A,DoorSpread,DoorMaster,1.085000,D,P,42024.000000
Wed Jul 16 20:59:16 2025,16-Jul-2025,235917,48 25.534300 N,062 5.235100 W,3.7,20.0,A,DoorSpread,DoorMaster,1.085000,D,P,42024.000000
Wed Jul 16 20:59:16 2025,16-Jul-2025,235918,48 25.535100 N,062 5.234700 W,3.7,19.6,A,DoorSpread,DoorMaster,1.085000,D,P,42024.000000
Wed Jul 16 20:59:16 2025,16-Jul-2025,235919,48 25.536000 N,062 5.234300 W,3.6,19.3,A,DoorSpread,DoorMaster,1.085000,D,P,42024.000000
Wed Jul 16 20:59:16 2025,16-Jul-2025,235920,48 25.536900 N,062 5.233700 W,3.6,19.0,A,DoorSpread,DoorMaster,1.085000,D,P,42024.000000
Wed Jul 16 20:59:16 2025,16-Jul-2025,235921,48 25.537900 N,062 5.233400 W,3.6,18.7,A,DoorSpread,DoorMaster,1.085000,D,P,42024.000000
Wed Jul 16 20:59:16 2025,16-Jul-2025,235922,48 25.538900 N,062 5.233000 W,3.6,18.3,A,DoorSpread,DoorMaster,1.085000,D,P,42024.000000
Wed Jul 16 20:59:16 2025,16-Jul-2025,235923,48 25.539900 N,062 5.232600 W,3.7,17.7,A,DoorSpread,DoorMaster,1.085000,D,P,42024.000000
Wed Jul 16 20:59:16 2025,16-Jul-2025,235924,48 25.540900 N,062 5.232000 W,3.7,17.3,A,DoorSpread,DoorMaster,1.085000,D,P,42024.000000
Wed Jul 16 20:59:16 2025,16-Jul-2025,235925,48 25.541900 N,062 5.231500 W,3.7,17.0,A,DoorSpread,DoorMaster,1.085000,D,P,42024.000000
Wed Jul 16 20:59:16 2025,16-Jul-2025,235926,48 25.542900 N,062 5.231000 W,3.7,16.7,A,DoorSpread,DoorMaster,1.085000,D,P,42024.000000
Wed Jul 16 20:59:16 2025,16-Jul-2025,235927,48 25.543900 N,062 5.230500 W,3.7,16.6,A,DoorSpread,DoorMaster,1.085000,D,P,42024.000000
Wed Jul 16 20:59:16 2025,16-Jul-2025,235928,48 25.544800 N,062 5.229900 W,3.7,16.7,A,DoorSpread,DoorMaster,1.085000,D,P,42024.000000
Wed Jul 16 20:59:16 2025,16-Jul-2025,235929,48 25.545700 N,062 5.229400 W,3.7,16.8,A,DoorSpread,DoorMaster,1.085000,D,P,42024.000000
Wed Jul 16 20:59:16 2025,16-Jul-2025,235930,48 25.546600 N,062 5.228900 W,3.7,16.9,A,DoorSpread,DoorMaster,1.085000,D,P,42024.000000
Wed Jul 16 20:59:16 2025,16-Jul-2025,235931,48 25.547400 N,062 5.228400 W,3.6,17.1,A,DoorSpread,DoorMaster,1.085000,D,P,42024.000000
Wed Jul 16 20:59:16 2025,16-Jul-2025,235932,48 25.548200 N,062 5.227800 W,3.6,17.3,A,DoorSpread,DoorMaster,1.085000,D,P,42024.000000
Wed Jul 16 20:59:16 2025,16-Jul-2025,235933,48 25.549000 N,062 5.227300 W,3.6,17.4,A,DoorSpread,DoorMaster,1.085000,D,P,42024.000000
Wed Jul 16 20:59:16 2025,16-Jul-2025,235934,48 25.549900 N,062 5.226800 W,3.6,17.6,A,DoorSpread,DoorMaster,1.085000,D,P,42024.000000
Wed Jul 16 20:59:37 2025,16-Jul-2025,235935,48 25.550700 N,062 5.226300 W,3.5,17.6,A,DoorSpread,DoorMaster,1.485000,D,P,34388.000000
Wed Jul 16 20:59:37 2025,16-Jul-2025,235936,48 25.551600 N,062 5.225900 W,3.5,17.6,A,DoorSpread,DoorMaster,1.485000,D,P,34388.000000
Wed Jul 16 20:59:37 2025,16-Jul-2025,235937,48 25.552600 N,062 5.225400 W,3.6,17.5,A,DoorSpread,DoorMaster,1.485000,D,P,34388.000000
Wed Jul 16 20:59:37 2025,16-Jul-2025,235938,48 25.553500 N,062 5.224800 W,3.6,17.6,A,DoorSpread,DoorMaster,1.485000,D,P,34388.000000
Wed Jul 16 20:59:37 2025,16-Jul-2025,235939,48 25.554500 N,062 5.224200 W,3.6,17.9,A,DoorSpread,DoorMaster,1.485000,D,P,34388.000000
Wed Jul 16 20:59:37 2025,16-Jul-2025,235940,48 25.555400 N,062 5.223600 W,3.6,18.2,A,DoorSpread,DoorMaster,1.485000,D,P,34388.000000
Wed Jul 16 20:59:42 2025,16-Jul-2025,235941,48 25.556300 N,062 5.223000 W,3.6,18.5,A,DoorSpread,DoorMaster,0.895000,D,S,147741.000000
Wed Jul 16 20:59:42 2025,16-Jul-2025,235942,48 25.557300 N,062 5.222400 W,3.6,19.1,A,DoorSpread,DoorMaster,0.895000,D,S,147741.000000
Wed Jul 16 20:59:42 2025,16-Jul-2025,235943,48 25.558200 N,062 5.221900 W,3.6,19.4,A,DoorSpread,DoorMaster,0.895000,D,S,147741.000000
Wed Jul 16 20:59:42 2025,16-Jul-2025,235944,48 25.559200 N,062 5.221400 W,3.6,19.5,A,DoorSpread,DoorMaster,0.895000,D,S,147741.000000
Wed Jul 16 20:59:42 2025,16-Jul-2025,235945,48 25.560100 N,062 5.221000 W,3.6,19.6,A,DoorSpread,DoorMaster,0.895000,D,S,147741.000000
Wed Jul 16 20:59:47 2025,16-Jul-2025,235946,48 25.561100 N,062 5.220500 W,3.7,19.3,A,DoorSpread,DoorMaster,1.250000,D,S,143955.000000
Wed Jul 16 20:59:47 2025,16-Jul-2025,235947,48 25.562200 N,062 5.220000 W,3.7,19.0,A,DoorSpread,DoorMaster,1.250000,D,S,143955.000000
Wed Jul 16 20:59:47 2025,16-Jul-2025,235948,48 25.563400 N,062 5.219400 W,3.8,18.8,A,DoorSpread,DoorMaster,1.250000,D,S,143955.000000
Wed Jul 16 20:59:47 2025,16-Jul-2025,235949,48 25.564500 N,062 5.218900 W,3.8,18.6,A,DoorSpread,DoorMaster,1.250000,D,S,143955.000000
Wed Jul 16 20:59:47 2025,16-Jul-2025,235950,48 25.565400 N,062 5.218500 W,3.8,18.1,A,DoorSpread,DoorMaster,1.250000,D,S,143955.000000
Wed Jul 16 20:59:52 2025,16-Jul-2025,235951,48 25.566400 N,062 5.218000 W,3.8,17.8,A,DoorSpread,DoorMaster,1.085000,D,S,269818.000000
Wed Jul 16 20:59:52 2025,16-Jul-2025,235952,48 25.567400 N,062 5.217500 W,3.8,17.8,A,DoorSpread,DoorMaster,1.085000,D,S,269818.000000
Wed Jul 16 20:59:52 2025,16-Jul-2025,235953,48 25.568300 N,062 5.216800 W,3.8,17.9,A,DoorSpread,DoorMaster,1.085000,D,S,269818.000000
Wed Jul 16 20:59:52 2025,16-Jul-2025,235954,48 25.569300 N,062 5.216200 W,3.8,18.6,A,DoorSpread,DoorMaster,1.085000,D,S,269818.000000
Wed Jul 16 20:59:52 2025,16-Jul-2025,235955,48 25.570300 N,062 5.215500 W,3.9,19.6,A,DoorSpread,DoorMaster,1.085000,D,S,269818.000000
Wed Jul 16 20:59:58 2025,16-Jul-2025,235956,48 25.571300 N,062 5.214600 W,3.9,20.2,A,DoorSpread,DoorMaster,1.350000,D,S,187749.000000
Wed Jul 16 20:59:58 2025,16-Jul-2025,235957,48 25.572400 N,062 5.213900 W,4.0,20.5,A,DoorSpread,DoorMaster,1.350000,D,S,187749.000000
Wed Jul 16 20:59:58 2025,16-Jul-2025,235958,48 25.573300 N,062 5.213300 W,4.0,20.3,A,DoorSpread,DoorMaster,1.350000,D,S,187749.000000
Wed Jul 16 20:59:58 2025,16-Jul-2025,235959,48 25.574400 N,062 5.212700 W,4.0,20.1,A,DoorSpread,DoorMaster,1.350000,D,S,187749.000000
Wed Jul 16 20:59:58 2025,17-Jul-2025,000000,48 25.575400 N,062 5.212100 W,4.0,20.0,A,DoorSpread,DoorMaster,1.350000,D,S,187749.000000
Wed Jul 16 20:59:58 2025,17-Jul-2025,000001,48 25.576400 N,062 5.211500 W,4.0,19.8,A,DoorSpread,DoorMaster,1.350000,D,S,187749.000000
Wed Jul 16 21:00:03 2025,17-Jul-2025,000002,48 25.577400 N,062 5.211000 W,4.0,19.6,A,DoorSpread,DoorMaster,1.510000,D,P,101809.000000
Wed Jul 16 21:00:03 2025,17-Jul-2025,000003,48 25.578400 N,062 5.210500 W,3.9,19.5,A,DoorSpread,DoorMaster,1.510000,D,P,101809.000000
Wed Jul 16 21:00:03 2025,17-Jul-2025,000004,48 25.579400 N,062 5.209900 W,3.9,19.4,A,DoorSpread,DoorMaster,1.510000,D,P,101809.000000
Wed Jul 16 21:00:03 2025,17-Jul-2025,000005,48 25.580400 N,062 5.209600 W,3.9,18.4,A,DoorSpread,DoorMaster,1.510000,D,P,101809.000000
Wed Jul 16 21:00:03 2025,17-Jul-2025,000006,48 25.581500 N,062 5.209200 W,3.9,17.8,A,DoorSpread,DoorMaster,1.510000,D,P,101809.000000
Wed Jul 16 21:00:08 2025,17-Jul-2025,000007,48 25.582400 N,062 5.208600 W,3.9,17.5,A,DoorSpread,DoorMaster,1.240000,D,S,88431.000000
Wed Jul 16 21:00:08 2025,17-Jul-2025,000008,48 25.583300 N,062 5.207900 W,3.9,17.3,A,DoorSpread,DoorMaster,1.240000,D,S,88431.000000
Wed Jul 16 21:00:08 2025,17-Jul-2025,000009,48 25.584200 N,062 5.207400 W,3.9,17.0,A,DoorSpread,DoorMaster,1.240000,D,S,88431.000000
Wed Jul 16 21:00:08 2025,17-Jul-2025,000010,48 25.585200 N,062 5.206800 W,3.9,16.9,A,DoorSpread,DoorMaster,1.240000,D,S,88431.000000
Wed Jul 16 21:00:08 2025,17-Jul-2025,000011,48 25.586200 N,062 5.206200 W,3.9,16.9,A,DoorSpread,DoorMaster,1.240000,D,S,88431.000000
Wed Jul 16 21:00:13 2025,17-Jul-2025,000012,48 25.587200 N,062 5.205600 W,4.0,17.0,A,DoorSpread,DoorMaster,1.510000,D,S,276408.000000
Wed Jul 16 21:00:13 2025,17-Jul-2025,000013,48 25.588200 N,062 5.204900 W,3.9,17.2,A,DoorSpread,DoorMaster,1.510000,D,S,276408.000000
Wed Jul 16 21:00:13 2025,17-Jul-2025,000014,48 25.589000 N,062 5.204300 W,3.9,17.3,A,DoorSpread,DoorMaster,1.510000,D,S,276408.000000
Wed Jul 16 21:00:13 2025,17-Jul-2025,000015,48 25.589900 N,062 5.203800 W,3.8,17.3,A,DoorSpread,DoorMaster,1.510000,D,S,276408.000000
Wed Jul 16 21:00:13 2025,17-Jul-2025,000016,48 25.590800 N,062 5.203000 W,3.8,17.5,A,DoorSpread,DoorMaster,1.510000,D,S,276408.000000
Wed Jul 16 21:00:13 2025,17-Jul-2025,000017,48 25.591800 N,062 5.202500 W,3.8,17.7,A,DoorSpread,DoorMaster,1.510000,D,S,276408.000000
Wed Jul 16 21:00:19 2025,17-Jul-2025,000018,48 25.592800 N,062 5.202000 W,3.8,17.7,A,DoorSpread,DoorMaster,1.830000,D,P,127755.000000
Wed Jul 16 21:00:19 2025,17-Jul-2025,000019,48 25.593700 N,062 5.201700 W,3.8,17.7,A,DoorSpread,DoorMaster,1.830000,D,P,127755.000000
Wed Jul 16 21:00:19 2025,17-Jul-2025,000020,48 25.594600 N,062 5.201300 W,3.8,17.8,A,DoorSpread,DoorMaster,1.830000,D,P,127755.000000
Wed Jul 16 21:00:19 2025,17-Jul-2025,000021,48 25.595600 N,062 5.200900 W,3.9,17.7,A,DoorSpread,DoorMaster,1.830000,D,P,127755.000000
Wed Jul 16 21:00:19 2025,17-Jul-2025,000022,48 25.596600 N,062 5.200500 W,3.8,17.6,A,DoorSpread,DoorMaster,1.830000,D,P,127755.000000
Wed Jul 16 21:00:24 2025,17-Jul-2025,000023,48 25.597600 N,062 5.200100 W,3.9,17.5,A,DoorSpread,DoorMaster,1.515000,D,P,186455.000000
Wed Jul 16 21:00:24 2025,17-Jul-2025,000024,48 25.598700 N,062 5.199600 W,3.9,17.4,A,DoorSpread,DoorMaster,1.515000,D,P,186455.000000
Wed Jul 16 21:00:24 2025,17-Jul-2025,000025,48 25.599700 N,062 5.199100 W,3.9,17.3,A,DoorSpread,DoorMaster,1.515000,D,P,186455.000000
Wed Jul 16 21:00:24 2025,17-Jul-2025,000026,48 25.600700 N,062 5.198700 W,3.9,17.3,A,DoorSpread,DoorMaster,1.515000,D,P,186455.000000
Wed Jul 16 21:00:24 2025,17-Jul-2025,000027,48 25.601700 N,062 5.198100 W,3.9,17.2,A,DoorSpread,DoorMaster,1.515000,D,P,186455.000000
Wed Jul 16 21:00:29 2025,17-Jul-2025,000028,48 25.602700 N,062 5.197600 W,3.9,16.9,A,DoorSpread,DoorMaster,1.405000,D,S,343693.000000
Wed Jul 16 21:00:29 2025,17-Jul-2025,000029,48 25.603700 N,062 5.197100 W,3.9,16.8,A,DoorSpread,DoorMaster,1.405000,D,S,343693.000000
Wed Jul 16 21:00:29 2025,17-Jul-2025,000030,48 25.604800 N,062 5.196500 W,3.9,16.8,A,DoorSpread,DoorMaster,1.405000,D,S,343693.000000
Wed Jul 16 21:00:29 2025,17-Jul-2025,000031,48 25.605800 N,062 5.196000 W,3.9,16.8,A,DoorSpread,DoorMaster,1.405000,D,S,343693.000000
Wed Jul 16 21:00:29 2025,17-Jul-2025,000032,48 25.606800 N,062 5.195600 W,3.9,16.7,A,DoorSpread,DoorMaster,1.405000,D,S,343693.000000
Wed Jul 16 21:00:34 2025,17-Jul-2025,000033,48 25.607800 N,062 5.195100 W,3.9,16.4,A,DoorSpread,DoorMaster,2.190000,D,S,106284.000000
Wed Jul 16 21:00:34 2025,17-Jul-2025,000034,48 25.608800 N,062 5.194700 W,3.9,16.2,A,DoorSpread,DoorMaster,2.190000,D,S,106284.000000
Wed Jul 16 21:00:34 2025,17-Jul-2025,000035,48 25.609700 N,062 5.194100 W,3.9,16.1,A,DoorSpread,DoorMaster,2.190000,D,S,106284.000000
Wed Jul 16 21:00:34 2025,17-Jul-2025,000036,48 25.610600 N,062 5.193500 W,3.9,16.1,A,DoorSpread,DoorMaster,2.190000,D,S,106284.000000
Wed Jul 16 21:00:34 2025,17-Jul-2025,000037,48 25.611500 N,062 5.192900 W,3.9,16.1,A,DoorSpread,DoorMaster,2.190000,D,S,106284.000000
Wed Jul 16 21:00:39 2025,17-Jul-2025,000038,48 25.612500 N,062 5.192500 W,3.8,16.2,A,DoorSpread,DoorMaster,1.390000,D,S,70836.000000
Wed Jul 16 21:00:39 2025,17-Jul-2025,000039,48 25.613500 N,062 5.192100 W,3.8,16.4,A,DoorSpread,DoorMaster,1.390000,D,S,70836.000000
Wed Jul 16 21:00:39 2025,17-Jul-2025,000040,48 25.614500 N,062 5.191700 W,3.8,16.5,A,DoorSpread,DoorMaster,1.390000,D,S,70836.000000
Wed Jul 16 21:00:39 2025,17-Jul-2025,000041,48 25.615400 N,062 5.191200 W,3.8,16.7,A,DoorSpread,DoorMaster,1.390000,D,S,70836.000000
Wed Jul 16 21:00:39 2025,17-Jul-2025,000042,48 25.616300 N,062 5.190500 W,3.8,17.1,A,DoorSpread,DoorMaster,1.390000,D,S,70836.000000
Wed Jul 16 21:00:39 2025,17-Jul-2025,000043,48 25.617300 N,062 5.189900 W,3.8,17.3,A,DoorSpread,DoorMaster,1.390000,D,S,70836.000000
Wed Jul 16 21:00:39 2025,17-Jul-2025,000044,48 25.618300 N,062 5.189400 W,3.7,17.4,A,DoorSpread,DoorMaster,1.390000,D,S,70836.000000
Wed Jul 16 21:00:39 2025,17-Jul-2025,000045,48 25.619300 N,062 5.188900 W,3.7,17.4,A,DoorSpread,DoorMaster,1.390000,D,S,70836.000000
Wed Jul 16 21:00:39 2025,17-Jul-2025,000046,48 25.620300 N,062 5.188400 W,3.7,17.6,A,DoorSpread,DoorMaster,1.390000,D,S,70836.000000
Wed Jul 16 21:00:39 2025,17-Jul-2025,000047,48 25.621300 N,062 5.187900 W,3.7,17.7,A,DoorSpread,DoorMaster,1.390000,D,S,70836.000000
Wed Jul 16 21:00:39 2025,17-Jul-2025,000048,48 25.622400 N,062 5.187600 W,3.7,17.7,A,DoorSpread,DoorMaster,1.390000,D,S,70836.000000
Wed Jul 16 21:00:39 2025,17-Jul-2025,000049,48 25.623400 N,062 5.187300 W,3.7,17.6,A,DoorSpread,DoorMaster,1.390000,D,S,70836.000000
Wed Jul 16 21:00:39 2025,17-Jul-2025,000050,48 25.624300 N,062 5.187000 W,3.7,17.7,A,DoorSpread,DoorMaster,1.390000,D,S,70836.000000
Wed Jul 16 21:00:39 2025,17-Jul-2025,000051,48 25.625300 N,062 5.186600 W,3.7,17.6,A,DoorSpread,DoorMaster,1.390000,D,S,70836.000000
Wed Jul 16 21:00:39 2025,17-Jul-2025,000052,48 25.626300 N,062 5.186400 W,3.7,17.3,A,DoorSpread,DoorMaster,1.390000,D,S,70836.000000
Wed Jul 16 21:00:39 2025,17-Jul-2025,000053,48 25.627200 N,062 5.186100 W,3.7,17.0,A,DoorSpread,DoorMaster,1.390000,D,S,70836.000000
Wed Jul 16 21:00:39 2025,17-Jul-2025,000054,48 25.628000 N,062 5.185700 W,3.7,16.9,A,DoorSpread,DoorMaster,1.390000,D,S,70836.000000
Wed Jul 16 21:00:39 2025,17-Jul-2025,000055,48 25.628900 N,062 5.185200 W,3.7,16.8,A,DoorSpread,DoorMaster,1.390000,D,S,70836.000000
Wed Jul 16 21:00:39 2025,17-Jul-2025,000056,48 25.629800 N,062 5.184800 W,3.7,16.6,A,DoorSpread,DoorMaster,1.390000,D,S,70836.000000
Wed Jul 16 21:00:39 2025,17-Jul-2025,000057,48 25.630700 N,062 5.184500 W,3.7,16.2,A,DoorSpread,DoorMaster,1.390000,D,S,70836.000000
Wed Jul 16 21:00:39 2025,17-Jul-2025,000058,48 25.631500 N,062 5.184000 W,3.7,16.1,A,DoorSpread,DoorMaster,1.390000,D,S,70836.000000
Wed Jul 16 21:00:39 2025,17-Jul-2025,000059,48 25.632500 N,062 5.183600 W,3.7,16.1,A,DoorSpread,DoorMaster,1.390000,D,S,70836.000000
Wed Jul 16 21:00:39 2025,17-Jul-2025,000100,48 25.633300 N,062 5.183200 W,3.6,16.0,A,DoorSpread,DoorMaster,1.390000,D,S,70836.000000
Wed Jul 16 21:00:39 2025,17-Jul-2025,000101,48 25.634300 N,062 5.182800 W,3.7,15.8,A,DoorSpread,DoorMaster,1.390000,D,S,70836.000000
Wed Jul 16 21:00:39 2025,17-Jul-2025,000102,48 25.635200 N,062 5.182400 W,3.6,15.6,A,DoorSpread,DoorMaster,1.390000,D,S,70836.000000
Wed Jul 16 21:00:39 2025,17-Jul-2025,000103,48 25.636200 N,062 5.182000 W,3.6,15.5,A,DoorSpread,DoorMaster,1.390000,D,S,70836.000000
Wed Jul 16 21:00:39 2025,17-Jul-2025,000104,48 25.637100 N,062 5.181700 W,3.5,15.3,A,DoorSpread,DoorMaster,1.390000,D,S,70836.000000
Wed Jul 16 21:00:39 2025,17-Jul-2025,000105,48 25.637900 N,062 5.181400 W,3.5,15.2,A,DoorSpread,DoorMaster,1.390000,D,S,70836.000000
Wed Jul 16 21:00:39 2025,17-Jul-2025,000106,48 25.638700 N,062 5.181100 W,3.4,15.0,A,DoorSpread,DoorMaster,1.390000,D,S,70836.000000
Wed Jul 16 21:00:39 2025,17-Jul-2025,000107,48 25.639600 N,062 5.180800 W,3.4,14.8,A,DoorSpread,DoorMaster,1.390000,D,S,70836.000000
Wed Jul 16 21:00:39 2025,17-Jul-2025,000108,48 25.640400 N,062 5.180600 W,3.3,14.9,A,DoorSpread,DoorMaster,1.390000,D,S,70836.000000
Wed Jul 16 21:00:39 2025,17-Jul-2025,000109,48 25.641200 N,062 5.180300 W,3.3,14.8,A,DoorSpread,DoorMaster,1.390000,D,S,70836.000000
Wed Jul 16 21:00:39 2025,17-Jul-2025,000110,48 25.642000 N,062 5.180000 W,3.2,14.6,A,DoorSpread,DoorMaster,1.390000,D,S,70836.000000
Wed Jul 16 21:00:39 2025,17-Jul-2025,000111,48 25.642800 N,062 5.179800 W,3.2,13.9,A,DoorSpread,DoorMaster,1.390000,D,S,70836.000000
Wed Jul 16 21:00:39 2025,17-Jul-2025,000112,48 25.643600 N,062 5.179600 W,3.2,13.4,A,DoorSpread,DoorMaster,1.390000,D,S,70836.000000
Wed Jul 16 21:00:39 2025,17-Jul-2025,000113,48 25.644300 N,062 5.179300 W,3.1,13.2,A,DoorSpread,DoorMaster,1.390000,D,S,70836.000000
Wed Jul 16 21:00:39 2025,17-Jul-2025,000114,48 25.644900 N,062 5.178900 W,3.0,13.1,A,DoorSpread,DoorMaster,1.390000,D,S,70836.000000
Wed Jul 16 21:00:39 2025,17-Jul-2025,000115,48 25.645500 N,062 5.178500 W,3.0,12.9,A,DoorSpread,DoorMaster,1.390000,D,S,70836.000000
Wed Jul 16 21:00:39 2025,17-Jul-2025,000116,48 25.646100 N,062 5.178100 W,3.0,12.9,A,DoorSpread,DoorMaster,1.390000,D,S,70836.000000
Wed Jul 16 21:00:39 2025,17-Jul-2025,000117,48 25.646800 N,062 5.177700 W,2.9,12.9,A,DoorSpread,DoorMaster,1.390000,D,S,70836.000000
Wed Jul 16 21:00:39 2025,17-Jul-2025,000118,48 25.647400 N,062 5.177400 W,2.9,13.0,A,DoorSpread,DoorMaster,1.390000,D,S,70836.000000
Wed Jul 16 21:00:39 2025,17-Jul-2025,000119,48 25.648100 N,062 5.177200 W,2.8,12.8,A,DoorSpread,DoorMaster,1.390000,D,S,70836.000000
Wed Jul 16 21:00:39 2025,17-Jul-2025,000120,48 25.648800 N,062 5.177000 W,2.9,12.5,A,DoorSpread,DoorMaster,1.390000,D,S,70836.000000
Wed Jul 16 21:00:39 2025,17-Jul-2025,000121,48 25.649600 N,062 5.176800 W,2.9,12.2,A,DoorSpread,DoorMaster,1.390000,D,S,70836.000000
Wed Jul 16 21:00:39 2025,17-Jul-2025,000122,48 25.650300 N,062 5.176400 W,2.8,12.0,A,DoorSpread,DoorMaster,1.390000,D,S,70836.000000
Wed Jul 16 21:00:39 2025,17-Jul-2025,000123,48 25.650900 N,062 5.176000 W,2.8,12.0,A,DoorSpread,DoorMaster,1.390000,D,S,70836.000000
Wed Jul 16 21:00:39 2025,17-Jul-2025,000124,48 25.651700 N,062 5.175700 W,2.8,12.1,A,DoorSpread,DoorMaster,1.390000,D,S,70836.000000
Wed Jul 16 21:00:39 2025,17-Jul-2025,000125,48 25.652400 N,062 5.175300 W,2.8,12.1,A,DoorSpread,DoorMaster,1.390000,D,S,70836.000000
Wed Jul 16 21:00:39 2025,17-Jul-2025,000126,48 25.653000 N,062 5.174900 W,2.7,12.2,A,DoorSpread,DoorMaster,1.390000,D,S,70836.000000
Wed Jul 16 21:00:39 2025,17-Jul-2025,000127,48 25.653600 N,062 5.174700 W,2.7,12.1,A,DoorSpread,DoorMaster,1.390000,D,S,70836.000000
Wed Jul 16 21:00:39 2025,17-Jul-2025,000128,48 25.654300 N,062 5.174300 W,2.7,12.1,A,DoorSpread,DoorMaster,1.390000,D,S,70836.000000
Wed Jul 16 21:00:39 2025,17-Jul-2025,000129,48 25.654900 N,062 5.174000 W,2.7,12.0,A,DoorSpread,DoorMaster,1.390000,D,S,70836.000000
Wed Jul 16 21:00:39 2025,17-Jul-2025,000130,48 25.655600 N,062 5.173700 W,2.6,12.2,A,DoorSpread,DoorMaster,1.390000,D,S,70836.000000
Wed Jul 16 21:00:39 2025,17-Jul-2025,000131,48 25.656200 N,062 5.173300 W,2.6,12.5,A,DoorSpread,DoorMaster,1.390000,D,S,70836.000000
Wed Jul 16 21:00:39 2025,17-Jul-2025,000132,48 25.656900 N,062 5.172900 W,2.6,12.8,A,DoorSpread,DoorMaster,1.390000,D,S,70836.000000
Wed Jul 16 21:00:39 2025,17-Jul-2025,000133,48 25.657600 N,062 5.172500 W,2.6,13.0,A,DoorSpread,DoorMaster,1.390000,D,S,70836.000000
Wed Jul 16 21:00:39 2025,17-Jul-2025,000134,48 25.658200 N,062 5.172300 W,2.5,13.0,A,DoorSpread,DoorMaster,1.390000,D,S,70836.000000
Wed Jul 16 21:00:39 2025,17-Jul-2025,000135,48 25.658900 N,062 5.172000 W,2.5,13.2,A,DoorSpread,DoorMaster,1.390000,D,S,70836.000000
Wed Jul 16 21:00:39 2025,17-Jul-2025,000136,48 25.659600 N,062 5.171600 W,2.5,13.5,A,DoorSpread,DoorMaster,1.390000,D,S,70836.000000
Wed Jul 16 21:00:39 2025,17-Jul-2025,000137,48 25.660200 N,062 5.171300 W,2.5,13.9,A,DoorSpread,DoorMaster,1.390000,D,S,70836.000000
Wed Jul 16 21:00:39 2025,17-Jul-2025,000138,48 25.660800 N,062 5.170900 W,2.4,14.4,A,DoorSpread,DoorMaster,1.390000,D,S,70836.000000
Wed Jul 16 21:00:39 2025,17-Jul-2025,000139,48 25.661400 N,062 5.170600 W,2.5,14.7,A,DoorSpread,DoorMaster,1.390000,D,S,70836.000000
Wed Jul 16 21:00:39 2025,17-Jul-2025,000140,48 25.662100 N,062 5.170400 W,2.5,14.9,A,DoorSpread,DoorMaster,1.390000,D,S,70836.000000
Wed Jul 16 21:00:39 2025,17-Jul-2025,000141,48 25.662700 N,062 5.170200 W,2.4,15.1,A,DoorSpread,DoorMaster,1.390000,D,S,70836.000000
Wed Jul 16 21:00:39 2025,17-Jul-2025,000142,48 25.663300 N,062 5.169900 W,2.5,15.2,A,DoorSpread,DoorMaster,1.390000,D,S,70836.000000
Wed Jul 16 21:00:39 2025,17-Jul-2025,000143,48 25.664000 N,062 5.169700 W,2.5,15.4,A,DoorSpread,DoorMaster,1.390000,D,S,70836.000000
Wed Jul 16 21:00:39 2025,17-Jul-2025,000144,48 25.664800 N,062 5.169400 W,2.5,15.3,A,DoorSpread,DoorMaster,1.390000,D,S,70836.000000
Wed Jul 16 21:00:39 2025,17-Jul-2025,000145,48 25.665500 N,062 5.169100 W,2.5,15.3,A,DoorSpread,DoorMaster,1.390000,D,S,70836.000000
Wed Jul 16 21:00:39 2025,17-Jul-2025,000146,48 25.666200 N,062 5.168700 W,2.5,15.4,A,DoorSpread,DoorMaster,1.390000,D,S,70836.000000
Wed Jul 16 21:00:39 2025,17-Jul-2025,000147,48 25.666800 N,062 5.168500 W,2.5,15.4,A,DoorSpread,DoorMaster,1.390000,D,S,70836.000000
Wed Jul 16 21:00:39 2025,17-Jul-2025,000148,48 25.667500 N,062 5.168200 W,2.5,15.5,A,DoorSpread,DoorMaster,1.390000,D,S,70836.000000
Wed Jul 16 21:00:39 2025,17-Jul-2025,000149,48 25.668100 N,062 5.167800 W,2.5,16.1,A,DoorSpread,DoorMaster,1.390000,D,S,70836.000000
Wed Jul 16 21:00:39 2025,17-Jul-2025,000150,48 25.668700 N,062 5.167400 W,2.4,16.3,A,DoorSpread,DoorMaster,1.390000,D,S,70836.000000
Wed Jul 16 21:00:39 2025,17-Jul-2025,000151,48 25.669200 N,062 5.167100 W,2.4,16.4,A,DoorSpread,DoorMaster,1.390000,D,S,70836.000000
Wed Jul 16 21:00:39 2025,17-Jul-2025,000152,48 25.669800 N,062 5.166900 W,2.5,16.1,A,DoorSpread,DoorMaster,1.390000,D,S,70836.000000
Wed Jul 16 21:00:39 2025,17-Jul-2025,000153,48 25.670500 N,062 5.166700 W,2.5,15.7,A,DoorSpread,DoorMaster,1.390000,D,S,70836.000000
Wed Jul 16 21:00:39 2025,17-Jul-2025,000154,48 25.671100 N,062 5.166500 W,2.5,15.5,A,DoorSpread,DoorMaster,1.390000,D,S,70836.000000
Wed Jul 16 21:00:39 2025,17-Jul-2025,000155,48 25.671700 N,062 5.166300 W,2.5,15.4,A,DoorSpread,DoorMaster,1.390000,D,S,70836.000000
Wed Jul 16 21:00:39 2025,17-Jul-2025,000156,48 25.672300 N,062 5.166000 W,2.5,15.3,A,DoorSpread,DoorMaster,1.390000,D,S,70836.000000
Wed Jul 16 21:00:39 2025,17-Jul-2025,000157,48 25.672800 N,062 5.165700 W,2.5,15.3,A,DoorSpread,DoorMaster,1.390000,D,S,70836.000000
Wed Jul 16 21:00:39 2025,17-Jul-2025,000158,48 25.673400 N,062 5.165500 W,2.5,15.4,A,DoorSpread,DoorMaster,1.390000,D,S,70836.000000
Wed Jul 16 21:00:39 2025,17-Jul-2025,000159,48 25.674000 N,062 5.165300 W,2.4,15.5,A,DoorSpread,DoorMaster,1.390000,D,S,70836.000000
Wed Jul 16 21:00:39 2025,17-Jul-2025,000200,48 25.674600 N,062 5.165100 W,2.4,15.6,A,DoorSpread,DoorMaster,1.390000,D,S,70836.000000
Wed Jul 16 21:00:39 2025,17-Jul-2025,000201,48 25.675200 N,062 5.164900 W,2.5,15.9,A,DoorSpread,DoorMaster,1.390000,D,S,70836.000000
Wed Jul 16 21:00:39 2025,17-Jul-2025,000202,48 25.675900 N,062 5.164600 W,2.5,16.3,A,DoorSpread,DoorMaster,1.390000,D,S,70836.000000
Wed Jul 16 21:00:39 2025,17-Jul-2025,000203,48 25.676400 N,062 5.164300 W,2.4,16.6,A,DoorSpread,DoorMaster,1.390000,D,S,70836.000000
Wed Jul 16 21:00:39 2025,17-Jul-2025,000204,48 25.677000 N,062 5.164000 W,2.5,16.9,A,DoorSpread,DoorMaster,1.390000,D,S,70836.000000
Wed Jul 16 21:00:39 2025,17-Jul-2025,000205,48 25.677700 N,062 5.163500 W,2.5,17.3,A,DoorSpread,DoorMaster,1.390000,D,S,70836.000000
Wed Jul 16 21:00:39 2025,17-Jul-2025,000206,48 25.678400 N,062 5.163000 W,2.5,17.4,A,DoorSpread,DoorMaster,1.390000,D,S,70836.000000
Wed Jul 16 21:00:39 2025,17-Jul-2025,000207,48 25.679000 N,062 5.162700 W,2.5,17.5,A,DoorSpread,DoorMaster,1.390000,D,S,70836.000000
Wed Jul 16 21:00:39 2025,17-Jul-2025,000208,48 25.679600 N,062 5.162300 W,2.5,17.6,A,DoorSpread,DoorMaster,1.390000,D,S,70836.000000
Wed Jul 16 21:00:39 2025,17-Jul-2025,000209,48 25.680400 N,062 5.162000 W,2.6,17.5,A,DoorSpread,DoorMaster,1.390000,D,S,70836.000000
Wed Jul 16 21:00:39 2025,17-Jul-2025,000210,48 25.681100 N,062 5.161700 W,2.6,17.6,A,DoorSpread,DoorMaster,1.390000,D,S,70836.000000
Wed Jul 16 21:00:39 2025,17-Jul-2025,000211,48 25.681700 N,062 5.161400 W,2.5,17.7,A,DoorSpread,DoorMaster,1.390000,D,S,70836.000000
Wed Jul 16 21:00:39 2025,17-Jul-2025,000212,48 25.682400 N,062 5.161100 W,2.6,17.8,A,DoorSpread,DoorMaster,1.390000,D,S,70836.000000
Wed Jul 16 21:00:39 2025,17-Jul-2025,000213,48 25.683100 N,062 5.160800 W,2.6,17.7,A,DoorSpread,DoorMaster,1.390000,D,S,70836.000000
Wed Jul 16 21:00:39 2025,17-Jul-2025,000214,48 25.683800 N,062 5.160400 W,2.6,17.6,A,DoorSpread,DoorMaster,1.390000,D,S,70836.000000
Wed Jul 16 21:00:39 2025,17-Jul-2025,000215,48 25.684500 N,062 5.160100 W,2.5,17.5,A,DoorSpread,DoorMaster,1.390000,D,S,70836.000000
Wed Jul 16 21:00:39 2025,17-Jul-2025,000216,48 25.685200 N,062 5.159900 W,2.6,17.1,A,DoorSpread,DoorMaster,1.390000,D,S,70836.000000
Wed Jul 16 21:00:39 2025,17-Jul-2025,000217,48 25.686000 N,062 5.159600 W,2.6,16.8,A,DoorSpread,DoorMaster,1.390000,D,S,70836.000000
