Ship Number,Trip Number,Tow Number
AVALON VOYAGER,1,10
Comments
"ZONE12"
CPU Date and Time,GPS Date,GPS Time,Latitude,Longitude,Speed,Heading,Validity,Transducer Name,Sensor Name,Sensor Value,Error Code,Hydrophone,Signal Strength
,23-Jul-2025,182355,48 0.227500 N,062 0.616100 W,3.6,39.4,A,,,,,,
Wed Jul 23 15:23:55 2025,23-Jul-2025,182356,48 0.228200 N,062 0.615000 W,3.6,39.7,A,DoorSpread,DoorMaster,1.595000,D,S,63979.000000
Wed Jul 23 15:23:55 2025,23-Jul-2025,182357,48 0.229000 N,062 0.614000 W,3.6,39.9,A,DoorSpread,DoorMaster,1.595000,D,S,63979.000000
Wed Jul 23 15:23:55 2025,23-Jul-2025,182358,48 0.229700 N,062 0.613000 W,3.6,40.1,A,DoorSpread,DoorMaster,1.595000,D,S,63979.000000
Wed Jul 23 15:23:55 2025,23-Jul-2025,182359,48 0.230500 N,062 0.612200 W,3.5,40.2,A,DoorSpread,DoorMaster,1.595000,D,S,63979.000000
Wed Jul 23 15:23:55 2025,23-Jul-2025,182400,48 0.231200 N,062 0.611300 W,3.5,40.1,A,DoorSpread,DoorMaster,1.595000,D,S,63979.000000
Wed Jul 23 15:24:00 2025,23-Jul-2025,182401,48 0.232000 N,062 0.610400 W,3.6,40.1,A,DoorSpread,DoorMaster,1.220000,D,P,1018717.000000
Wed Jul 23 15:24:00 2025,23-Jul-2025,182402,48 0.232800 N,062 0.609300 W,3.5,40.1,A,DoorSpread,DoorMaster,1.220000,D,P,1018717.000000
Wed Jul 23 15:24:00 2025,23-Jul-2025,182403,48 0.233600 N,062 0.608500 W,3.5,40.1,A,DoorSpread,DoorMaster,1.220000,D,P,1018717.000000
Wed Jul 23 15:24:00 2025,23-Jul-2025,182404,48 0.234400 N,062 0.607500 W,3.5,40.2,A,DoorSpread,DoorMaster,1.220000,D,P,1018717.000000
Wed Jul 23 15:24:00 2025,23-Jul-2025,182405,48 0.235200 N,062 0.606400 W,3.4,40.2,A,DoorSpread,DoorMaster,1.220000,D,P,1018717.000000
Wed Jul 23 15:24:06 2025,23-Jul-2025,182406,48 0.235900 N,062 0.605500 W,3.5,40.1,A,DoorSpread,DoorMaster,1.890000,D,P,876225.000000
Wed Jul 23 15:24:06 2025,23-Jul-2025,182407,48 0.236600 N,062 0.604500 W,3.5,40.2,A,DoorSpread,DoorMaster,1.890000,D,P,876225.000000
Wed Jul 23 15:24:06 2025,23-Jul-2025,182408,48 0.237200 N,062 0.603600 W,3.4,40.4,A,DoorSpread,DoorMaster,1.890000,D,P,876225.000000
Wed Jul 23 15:24:06 2025,23-Jul-2025,182409,48 0.237900 N,062 0.602700 W,3.4,40.6,A,DoorSpread,DoorMaster,1.890000,D,P,876225.000000
Wed Jul 23 15:24:06 2025,23-Jul-2025,182410,48 0.238500 N,062 0.601800 W,3.5,40.7,A,DoorSpread,DoorMaster,1.890000,D,P,876225.000000
Wed Jul 23 15:24:06 2025,23-Jul-2025,182411,48 0.239100 N,062 0.601000 W,3.4,40.6,A,DoorSpread,DoorMaster,1.890000,D,P,876225.000000
Wed Jul 23 15:24:06 2025,23-Jul-2025,182412,48 0.239700 N,062 0.600300 W,3.3,40.6,A,DoorSpread,DoorMaster,1.890000,D,P,876225.000000
Wed Jul 23 15:24:06 2025,23-Jul-2025,182413,48 0.240200 N,062 0.599500 W,3.3,40.7,A,DoorSpread,DoorMaster,1.890000,D,P,876225.000000
Wed Jul 23 15:24:13 2025,23-Jul-2025,182414,48 0.240800 N,062 0.598600 W,3.3,40.9,A,Primary,Headline,7.979592,D,S,29465.000000
Wed Jul 23 15:24:14 2025,23-Jul-2025,182415,48 0.241500 N,062 0.597800 W,3.2,40.8,A,Primary,Headline,4.224490,D,P,255492.000000
Wed Jul 23 15:24:14 2025,23-Jul-2025,182416,48 0.242200 N,062 0.597000 W,3.2,40.7,A,Primary,Headline,4.224490,D,P,255492.000000
Wed Jul 23 15:24:16 2025,23-Jul-2025,182417,48 0.242900 N,062 0.596100 W,3.3,40.7,A,DoorSpread,DoorMaster,2.260000,D,P,1055605.000000
Wed Jul 23 15:24:16 2025,23-Jul-2025,182418,48 0.243700 N,062 0.595000 W,3.3,40.7,A,DoorSpread,DoorMaster,2.260000,D,P,1055605.000000
Wed Jul 23 15:24:18 2025,23-Jul-2025,182419,48 0.244400 N,062 0.594100 W,3.3,40.7,A,Primary,Headline,2.673469,D,P,373723.000000
Wed Jul 23 15:24:18 2025,23-Jul-2025,182420,48 0.245000 N,062 0.593200 W,3.2,40.8,A,Primary,Headline,2.673469,D,P,373723.000000
Wed Jul 23 15:24:18 2025,23-Jul-2025,182421,48 0.245800 N,062 0.592200 W,3.3,41.2,A,Primary,Headline,2.673469,D,P,373723.000000
Wed Jul 23 15:24:21 2025,23-Jul-2025,182422,48 0.246600 N,062 0.591100 W,3.3,41.4,A,DoorSpread,DoorMaster,2.445000,D,P,1020375.000000
Wed Jul 23 15:24:21 2025,23-Jul-2025,182423,48 0.247400 N,062 0.590100 W,3.3,41.4,A,DoorSpread,DoorMaster,2.445000,D,P,1020375.000000
Wed Jul 23 15:24:24 2025,23-Jul-2025,182424,48 0.248200 N,062 0.589100 W,3.2,41.3,A,Primary,Headline,3.551020,D,S,84894.000000
Wed Jul 23 15:24:24 2025,23-Jul-2025,182425,48 0.248900 N,062 0.588100 W,3.3,41.3,A,Primary,Headline,3.551020,D,S,84894.000000
Wed Jul 23 15:24:24 2025,23-Jul-2025,182426,48 0.249600 N,062 0.587200 W,3.3,41.3,A,Primary,Headline,3.551020,D,S,84894.000000
Wed Jul 23 15:24:27 2025,23-Jul-2025,182427,48 0.250300 N,062 0.586300 W,3.2,41.3,A,DoorSpread,DoorMaster,2.360000,D,P,300331.000000
Wed Jul 23 15:24:27 2025,23-Jul-2025,182428,48 0.251000 N,062 0.585400 W,3.3,41.4,A,Depth,Depth,7.500000,D,S,55308.000000
Wed Jul 23 15:24:29 2025,23-Jul-2025,182429,48 0.251700 N,062 0.584400 W,3.3,41.4,A,Primary,Headline,4.469388,D,S,69904.000000
Wed Jul 23 15:24:29 2025,23-Jul-2025,182430,48 0.252400 N,062 0.583500 W,3.3,41.4,A,Primary,Headline,4.469388,D,S,69904.000000
Wed Jul 23 15:24:29 2025,23-Jul-2025,182431,48 0.253100 N,062 0.582800 W,3.2,41.4,A,Primary,Headline,4.469388,D,S,69904.000000
Wed Jul 23 15:24:29 2025,23-Jul-2025,182432,48 0.253700 N,062 0.582100 W,3.3,41.4,A,Primary,Headline,4.469388,D,S,69904.000000
Wed Jul 23 15:24:32 2025,23-Jul-2025,182433,48 0.254400 N,062 0.581300 W,3.3,41.3,A,DoorSpread,DoorMaster,1.820000,D,P,1052858.000000
Wed Jul 23 15:24:33 2025,23-Jul-2025,182434,48 0.255100 N,062 0.580400 W,3.3,41.4,A,Primary,Headline,5.469388,D,S,96792.000000
Wed Jul 23 15:24:34 2025,23-Jul-2025,182435,48 0.255700 N,062 0.579500 W,3.3,41.5,A,Depth,Depth,5.370370,D,S,77096.000000
Wed Jul 23 15:24:34 2025,23-Jul-2025,182436,48 0.256300 N,062 0.578700 W,3.3,41.6,A,Depth,Depth,5.370370,D,S,77096.000000
Wed Jul 23 15:24:34 2025,23-Jul-2025,182437,48 0.257000 N,062 0.577700 W,3.3,41.7,A,Depth,Depth,5.370370,D,S,77096.000000
Wed Jul 23 15:24:37 2025,23-Jul-2025,182438,48 0.257600 N,062 0.576500 W,3.3,41.8,A,DoorSpread,DoorMaster,1.725000,D,P,1047899.000000
Wed Jul 23 15:24:37 2025,23-Jul-2025,182439,48 0.258200 N,062 0.575500 W,3.3,41.8,A,DoorSpread,DoorMaster,1.725000,D,P,1047899.000000
Wed Jul 23 15:24:39 2025,23-Jul-2025,182440,48 0.258800 N,062 0.574500 W,3.3,41.8,A,Primary,Headline,6.204082,D,S,91813.000000
Wed Jul 23 15:24:39 2025,23-Jul-2025,182441,48 0.259500 N,062 0.573400 W,3.3,41.8,A,Primary,Headline,6.204082,D,S,91813.000000
Wed Jul 23 15:24:41 2025,23-Jul-2025,182442,48 0.260100 N,062 0.572400 W,3.3,41.9,A,Depth,Depth,4.166667,D,S,72789.000000
Wed Jul 23 15:24:43 2025,23-Jul-2025,182443,48 0.260700 N,062 0.571600 W,3.3,41.8,A,DoorSpread,DoorMaster,1.525000,D,S,1002388.000000
Wed Jul 23 15:24:43 2025,23-Jul-2025,182444,48 0.261300 N,062 0.570700 W,3.3,41.8,A,DoorSpread,DoorMaster,1.525000,D,S,1002388.000000
Wed Jul 23 15:24:44 2025,23-Jul-2025,182445,48 0.261900 N,062 0.569900 W,3.3,41.9,A,Primary,Headline,7.469388,D,P,64032.000000
Wed Jul 23 15:24:44 2025,23-Jul-2025,182446,48 0.262600 N,062 0.569100 W,3.3,42.0,A,Primary,Headline,7.469388,D,P,64032.000000
Wed Jul 23 15:24:44 2025,23-Jul-2025,182447,48 0.263300 N,062 0.568200 W,3.3,42.1,A,Primary,Headline,7.469388,D,P,64032.000000
Wed Jul 23 15:24:44 2025,23-Jul-2025,182448,48 0.264100 N,062 0.567400 W,3.3,42.1,A,Primary,Headline,7.469388,D,P,64032.000000
Wed Jul 23 15:24:48 2025,23-Jul-2025,182449,48 0.265000 N,062 0.566500 W,3.3,42.1,A,Depth,Depth,8.240741,D,S,51569.000000
Wed Jul 23 15:24:49 2025,23-Jul-2025,182450,48 0.265800 N,062 0.565600 W,3.3,42.2,A,Primary,Headline,8.367347,D,S,98825.000000
Wed Jul 23 15:24:49 2025,23-Jul-2025,182451,48 0.266600 N,062 0.564700 W,3.3,42.3,A,Primary,Headline,8.367347,D,S,98825.000000
Wed Jul 23 15:24:49 2025,23-Jul-2025,182452,48 0.267400 N,062 0.563900 W,3.3,42.3,A,Primary,Headline,8.367347,D,S,98825.000000
Wed Jul 23 15:24:49 2025,23-Jul-2025,182453,48 0.268200 N,062 0.563000 W,3.3,42.3,A,Primary,Headline,8.367347,D,S,98825.000000
Wed Jul 23 15:24:53 2025,23-Jul-2025,182454,48 0.269000 N,062 0.562100 W,3.3,42.3,A,DoorSpread,DoorMaster,1.590000,D,P,1024595.000000
Wed Jul 23 15:24:54 2025,23-Jul-2025,182455,48 0.269700 N,062 0.561200 W,3.3,42.4,A,Primary,Headline,8.877551,D,S,138223.000000
Wed Jul 23 15:24:55 2025,23-Jul-2025,182456,48 0.270500 N,062 0.560500 W,3.3,42.3,A,Depth,Depth,11.296296,D,S,125593.000000
Wed Jul 23 15:24:55 2025,23-Jul-2025,182457,48 0.271200 N,062 0.559700 W,3.2,42.3,A,Depth,Depth,11.296296,D,S,125593.000000
Wed Jul 23 15:24:55 2025,23-Jul-2025,182458,48 0.271800 N,062 0.559000 W,3.2,42.3,A,Depth,Depth,11.296296,D,S,125593.000000
Wed Jul 23 15:24:58 2025,23-Jul-2025,182459,48 0.272400 N,062 0.558100 W,3.2,42.3,A,DoorSpread,DoorMaster,1.515000,D,P,751140.000000
Wed Jul 23 15:24:59 2025,23-Jul-2025,182500,48 0.273000 N,062 0.557300 W,3.2,42.4,A,Primary,Headline,9.918367,D,S,185900.000000
Wed Jul 23 15:24:59 2025,23-Jul-2025,182501,48 0.273600 N,062 0.556400 W,3.2,42.4,A,Primary,Headline,9.918367,D,S,185900.000000
Wed Jul 23 15:24:59 2025,23-Jul-2025,182502,48 0.274300 N,062 0.555400 W,3.2,42.4,A,Primary,Headline,9.918367,D,S,185900.000000
Wed Jul 23 15:25:03 2025,23-Jul-2025,182503,48 0.274900 N,062 0.554400 W,3.2,42.5,A,Depth,Depth,9.259259,D,S,119610.000000
Wed Jul 23 15:25:03 2025,23-Jul-2025,182504,48 0.275400 N,062 0.553500 W,3.2,42.6,A,DoorSpread,DoorMaster,1.440000,D,S,1075214.000000
Wed Jul 23 15:25:05 2025,23-Jul-2025,182505,48 0.275900 N,062 0.552600 W,3.3,42.6,A,Primary,Headline,10.938776,D,S,60348.000000
Wed Jul 23 15:25:05 2025,23-Jul-2025,182506,48 0.276500 N,062 0.551600 W,3.3,42.7,A,Primary,Headline,10.938776,D,S,60348.000000
Wed Jul 23 15:25:05 2025,23-Jul-2025,182507,48 0.276900 N,062 0.550600 W,3.2,43.0,A,Primary,Headline,10.938776,D,S,60348.000000
Wed Jul 23 15:25:05 2025,23-Jul-2025,182508,48 0.277400 N,062 0.549600 W,3.2,43.4,A,Primary,Headline,10.938776,D,S,60348.000000
Wed Jul 23 15:25:05 2025,23-Jul-2025,182509,48 0.278000 N,062 0.548700 W,3.3,43.5,A,Primary,Headline,10.938776,D,S,60348.000000
Wed Jul 23 15:25:10 2025,23-Jul-2025,182510,48 0.278700 N,062 0.547800 W,3.2,43.5,A,Primary,Headline,11.510204,D,P,295835.000000
Wed Jul 23 15:25:10 2025,23-Jul-2025,182511,48 0.279200 N,062 0.546900 W,3.2,43.6,A,Primary,Headline,11.510204,D,P,295835.000000
Wed Jul 23 15:25:10 2025,23-Jul-2025,182512,48 0.279800 N,062 0.545900 W,3.2,43.9,A,Primary,Headline,11.510204,D,P,295835.000000
Wed Jul 23 15:25:10 2025,23-Jul-2025,182513,48 0.280400 N,062 0.545000 W,3.2,44.0,A,Primary,Headline,11.510204,D,P,295835.000000
Wed Jul 23 15:25:10 2025,23-Jul-2025,182514,48 0.281100 N,062 0.544100 W,3.2,44.0,A,Primary,Headline,11.510204,D,P,295835.000000
Wed Jul 23 15:25:14 2025,23-Jul-2025,182515,48 0.281800 N,062 0.543200 W,3.2,44.0,A,DoorSpread,DoorMaster,1.510000,D,P,640986.000000
Wed Jul 23 15:25:15 2025,23-Jul-2025,182516,48 0.282500 N,062 0.542300 W,3.2,44.0,A,Primary,Headline,12.285714,D,P,81005.000000
Wed Jul 23 15:25:17 2025,23-Jul-2025,182517,48 0.283200 N,062 0.541500 W,3.2,44.1,A,Depth,Depth,13.518519,D,P,45648.000000
Wed Jul 23 15:25:17 2025,23-Jul-2025,182518,48 0.283800 N,062 0.540700 W,3.2,44.1,A,Depth,Depth,13.518519,D,P,45648.000000
Wed Jul 23 15:25:17 2025,23-Jul-2025,182519,48 0.284500 N,062 0.539900 W,3.1,44.0,A,Depth,Depth,13.518519,D,P,45648.000000
Wed Jul 23 15:25:19 2025,23-Jul-2025,182520,48 0.285100 N,062 0.539200 W,3.1,44.0,A,DoorSpread,DoorMaster,1.875000,D,S,1103969.000000
Wed Jul 23 15:25:20 2025,23-Jul-2025,182521,48 0.285700 N,062 0.538300 W,3.1,43.9,A,Primary,Headline,12.755102,D,S,203064.000000
Wed Jul 23 15:25:20 2025,23-Jul-2025,182522,48 0.286300 N,062 0.537400 W,3.1,43.8,A,Primary,Headline,12.755102,D,S,203064.000000
Wed Jul 23 15:25:20 2025,23-Jul-2025,182523,48 0.286900 N,062 0.536500 W,3.1,43.8,A,Primary,Headline,12.755102,D,S,203064.000000
Wed Jul 23 15:25:24 2025,23-Jul-2025,182524,48 0.287400 N,062 0.535500 W,3.1,44.0,A,Depth,Depth,14.629630,D,S,140213.000000
Wed Jul 23 15:25:24 2025,23-Jul-2025,182525,48 0.287900 N,062 0.534600 W,3.0,44.2,A,DoorSpread,DoorMaster,2.175000,D,S,1079930.000000
Wed Jul 23 15:25:25 2025,23-Jul-2025,182526,48 0.288500 N,062 0.533800 W,3.0,44.4,A,Primary,Headline,13.000000,D,S,166728.000000
Wed Jul 23 15:25:25 2025,23-Jul-2025,182527,48 0.289000 N,062 0.533000 W,3.0,44.5,A,Primary,Headline,13.000000,D,S,166728.000000
Wed Jul 23 15:25:25 2025,23-Jul-2025,182528,48 0.289600 N,062 0.532200 W,3.0,44.6,A,Primary,Headline,13.000000,D,S,166728.000000
Wed Jul 23 15:25:25 2025,23-Jul-2025,182529,48 0.290300 N,062 0.531200 W,3.1,44.4,A,Primary,Headline,13.000000,D,S,166728.000000
Wed Jul 23 15:25:25 2025,23-Jul-2025,182530,48 0.291000 N,062 0.530100 W,3.2,44.3,A,Primary,Headline,13.000000,D,S,166728.000000
Wed Jul 23 15:25:30 2025,23-Jul-2025,182531,48 0.291800 N,062 0.529000 W,3.3,44.0,A,DoorSpread,DoorMaster,2.205000,D,S,1013691.000000
Wed Jul 23 15:25:31 2025,23-Jul-2025,182532,48 0.292800 N,062 0.527900 W,3.5,43.5,A,Primary,Headline,13.265306,D,P,216263.000000
Wed Jul 23 15:25:31 2025,23-Jul-2025,182533,48 0.293800 N,062 0.526600 W,3.6,43.2,A,Primary,Headline,13.265306,D,P,216263.000000
Wed Jul 23 15:25:31 2025,23-Jul-2025,182534,48 0.294700 N,062 0.525400 W,3.7,43.0,A,Primary,Headline,13.265306,D,P,216263.000000
Wed Jul 23 15:25:31 2025,23-Jul-2025,182535,48 0.295700 N,062 0.524000 W,3.9,42.6,A,Primary,Headline,13.265306,D,P,216263.000000
Wed Jul 23 15:25:35 2025,23-Jul-2025,182536,48 0.296800 N,062 0.522700 W,4.0,42.1,A,DoorSpread,DoorMaster,2.430000,D,S,784972.000000
Wed Jul 23 15:25:36 2025,23-Jul-2025,182537,48 0.297800 N,062 0.521400 W,4.1,41.6,A,Primary,Headline,12.367347,D,S,88722.000000
Wed Jul 23 15:25:36 2025,23-Jul-2025,182538,48 0.298800 N,062 0.520100 W,4.2,41.3,A,Primary,Headline,12.367347,D,S,88722.000000
Wed Jul 23 15:25:36 2025,23-Jul-2025,182539,48 0.299800 N,062 0.518700 W,4.4,41.0,A,Primary,Headline,12.367347,D,S,88722.000000
Wed Jul 23 15:25:36 2025,23-Jul-2025,182540,48 0.300900 N,062 0.517300 W,4.5,40.8,A,Primary,Headline,12.367347,D,S,88722.000000
Wed Jul 23 15:25:40 2025,23-Jul-2025,182541,48 0.301900 N,062 0.516000 W,4.5,40.7,A,DoorSpread,DoorMaster,2.440000,D,P,272633.000000
Wed Jul 23 15:25:41 2025,23-Jul-2025,182542,48 0.303000 N,062 0.514700 W,4.6,40.5,A,Primary,Headline,13.428571,D,S,87609.000000
Wed Jul 23 15:25:41 2025,23-Jul-2025,182543,48 0.304100 N,062 0.513300 W,4.7,40.3,A,Primary,Headline,13.428571,D,S,87609.000000
Wed Jul 23 15:25:41 2025,23-Jul-2025,182544,48 0.305300 N,062 0.512000 W,4.7,40.1,A,Primary,Headline,13.428571,D,S,87609.000000
Wed Jul 23 15:25:41 2025,23-Jul-2025,182545,48 0.306400 N,062 0.510600 W,4.8,39.9,A,Primary,Headline,13.428571,D,S,87609.000000
Wed Jul 23 15:25:45 2025,23-Jul-2025,182546,48 0.307500 N,062 0.509200 W,4.9,39.7,A,Depth,Depth,13.148148,D,P,226636.000000
Wed Jul 23 15:25:46 2025,23-Jul-2025,182547,48 0.308700 N,062 0.507800 W,5.0,39.6,A,Primary,Headline,15.816327,D,S,55049.000000
Wed Jul 23 15:25:46 2025,23-Jul-2025,182548,48 0.310000 N,062 0.506300 W,5.0,39.4,A,Primary,Headline,15.816327,D,S,55049.000000
Wed Jul 23 15:25:46 2025,23-Jul-2025,182549,48 0.311200 N,062 0.504800 W,5.1,39.3,A,Primary,Headline,15.816327,D,S,55049.000000
Wed Jul 23 15:25:46 2025,23-Jul-2025,182550,48 0.312500 N,062 0.503300 W,5.1,39.2,A,Primary,Headline,15.816327,D,S,55049.000000
Wed Jul 23 15:25:46 2025,23-Jul-2025,182551,48 0.313700 N,062 0.501900 W,5.1,39.2,A,Primary,Headline,15.816327,D,S,55049.000000
Wed Jul 23 15:25:52 2025,23-Jul-2025,182552,48 0.314900 N,062 0.500500 W,5.2,39.0,A,Primary,Headline,12.775510,D,S,81698.000000
Wed Jul 23 15:25:52 2025,23-Jul-2025,182553,48 0.316200 N,062 0.499100 W,5.3,38.9,A,Depth,Depth,16.296296,D,S,48702.000000
Wed Jul 23 15:25:52 2025,23-Jul-2025,182554,48 0.317500 N,062 0.497900 W,5.3,38.7,A,Depth,Depth,16.296296,D,S,48702.000000
Wed Jul 23 15:25:52 2025,23-Jul-2025,182555,48 0.318700 N,062 0.496500 W,5.3,38.6,A,Depth,Depth,16.296296,D,S,48702.000000
Wed Jul 23 15:25:52 2025,23-Jul-2025,182556,48 0.319900 N,062 0.495000 W,5.3,38.6,A,Depth,Depth,16.296296,D,S,48702.000000
Wed Jul 23 15:25:57 2025,23-Jul-2025,182557,48 0.321100 N,062 0.493500 W,5.4,38.5,A,Primary,Headline,13.122449,D,S,99183.000000
Wed Jul 23 15:25:57 2025,23-Jul-2025,182558,48 0.322300 N,062 0.492100 W,5.4,38.5,A,Primary,Headline,13.122449,D,S,99183.000000
Wed Jul 23 15:25:57 2025,23-Jul-2025,182559,48 0.323400 N,062 0.490600 W,5.4,38.4,A,Primary,Headline,13.122449,D,S,99183.000000
Wed Jul 23 15:25:59 2025,23-Jul-2025,182600,48 0.324500 N,062 0.489100 W,5.4,38.5,A,Depth,Depth,14.351852,D,S,80489.000000
Wed Jul 23 15:25:59 2025,23-Jul-2025,182601,48 0.325700 N,062 0.487400 W,5.5,38.7,A,Depth,Depth,14.351852,D,S,80489.000000
Wed Jul 23 15:25:59 2025,23-Jul-2025,182602,48 0.326900 N,062 0.485700 W,5.5,38.9,A,Depth,Depth,14.351852,D,S,80489.000000
Wed Jul 23 15:26:02 2025,23-Jul-2025,182603,48 0.328100 N,062 0.484300 W,5.5,39.0,A,Primary,Headline,12.979592,D,S,84824.000000
Wed Jul 23 15:26:02 2025,23-Jul-2025,182604,48 0.329400 N,062 0.482800 W,5.6,39.1,A,Primary,Headline,12.979592,D,S,84824.000000
Wed Jul 23 15:26:02 2025,23-Jul-2025,182605,48 0.330600 N,062 0.481400 W,5.5,39.2,A,Primary,Headline,12.979592,D,S,84824.000000
Wed Jul 23 15:26:02 2025,23-Jul-2025,182606,48 0.331700 N,062 0.480000 W,5.4,39.5,A,Primary,Headline,12.979592,D,S,84824.000000
Wed Jul 23 15:26:06 2025,23-Jul-2025,182607,48 0.332800 N,062 0.478700 W,5.4,39.5,A,Depth,Depth,13.888889,D,P,71666.000000
Wed Jul 23 15:26:07 2025,23-Jul-2025,182608,48 0.334000 N,062 0.477400 W,5.4,39.5,A,Primary,Headline,13.265306,D,S,70835.000000
Wed Jul 23 15:26:07 2025,23-Jul-2025,182609,48 0.335100 N,062 0.475900 W,5.4,39.4,A,Primary,Headline,13.265306,D,S,70835.000000
Wed Jul 23 15:26:07 2025,23-Jul-2025,182610,48 0.336300 N,062 0.474500 W,5.4,39.5,A,Primary,Headline,13.265306,D,S,70835.000000
Wed Jul 23 15:26:07 2025,23-Jul-2025,182611,48 0.337400 N,062 0.473100 W,5.4,39.5,A,Primary,Headline,13.265306,D,S,70835.000000
Wed Jul 23 15:26:07 2025,23-Jul-2025,182612,48 0.338600 N,062 0.471700 W,5.4,39.5,A,Primary,Headline,13.265306,D,S,70835.000000
Wed Jul 23 15:26:12 2025,23-Jul-2025,182613,48 0.339700 N,062 0.470300 W,5.4,39.5,A,Primary,Headline,16.408163,D,S,60735.000000
Wed Jul 23 15:26:13 2025,23-Jul-2025,182614,48 0.340900 N,062 0.469000 W,5.3,39.6,A,Depth,Depth,24.537037,D,S,50041.000000
Wed Jul 23 15:26:13 2025,23-Jul-2025,182615,48 0.341900 N,062 0.467600 W,5.3,39.6,A,Depth,Depth,24.537037,D,S,50041.000000
Wed Jul 23 15:26:13 2025,23-Jul-2025,182616,48 0.343000 N,062 0.466300 W,5.3,39.5,A,Depth,Depth,24.537037,D,S,50041.000000
Wed Jul 23 15:26:13 2025,23-Jul-2025,182617,48 0.344100 N,062 0.465000 W,5.2,39.6,A,Depth,Depth,24.537037,D,S,50041.000000
Wed Jul 23 15:26:13 2025,23-Jul-2025,182618,48 0.345200 N,062 0.463400 W,5.3,39.8,A,Depth,Depth,24.537037,D,S,50041.000000
Wed Jul 23 15:26:18 2025,23-Jul-2025,182619,48 0.346300 N,062 0.462100 W,5.2,39.7,A,Primary,Headline,15.142857,D,P,64170.000000
Wed Jul 23 15:26:18 2025,23-Jul-2025,182620,48 0.347300 N,062 0.460900 W,5.1,39.6,A,Primary,Headline,15.142857,D,P,64170.000000
Wed Jul 23 15:26:20 2025,23-Jul-2025,182621,48 0.348400 N,062 0.459700 W,5.1,39.7,A,Depth,Depth,8.240741,D,S,52687.000000
Wed Jul 23 15:26:20 2025,23-Jul-2025,182622,48 0.349400 N,062 0.458300 W,5.1,39.7,A,Depth,Depth,8.240741,D,S,52687.000000
Wed Jul 23 15:26:20 2025,23-Jul-2025,182623,48 0.350400 N,062 0.457100 W,5.1,39.6,A,Depth,Depth,8.240741,D,S,52687.000000
Wed Jul 23 15:26:23 2025,23-Jul-2025,182624,48 0.351300 N,062 0.455800 W,5.0,39.6,A,Primary,Headline,16.489796,D,P,162338.000000
Wed Jul 23 15:26:23 2025,23-Jul-2025,182625,48 0.352300 N,062 0.454400 W,5.1,39.7,A,Primary,Headline,16.489796,D,P,162338.000000
Wed Jul 23 15:26:23 2025,23-Jul-2025,182626,48 0.353300 N,062 0.452900 W,5.0,39.7,A,Primary,Headline,16.489796,D,P,162338.000000
Wed Jul 23 15:26:23 2025,23-Jul-2025,182627,48 0.354200 N,062 0.451600 W,5.0,39.7,A,Primary,Headline,16.489796,D,P,162338.000000
Wed Jul 23 15:26:27 2025,23-Jul-2025,182628,48 0.355200 N,062 0.450200 W,4.9,39.8,A,Depth,Depth,18.981481,D,S,50704.000000
Wed Jul 23 15:26:28 2025,23-Jul-2025,182629,48 0.356300 N,062 0.448900 W,5.0,39.8,A,Primary,Headline,17.469388,D,P,170982.000000
Wed Jul 23 15:26:28 2025,23-Jul-2025,182630,48 0.357400 N,062 0.447600 W,5.0,39.7,A,Primary,Headline,17.469388,D,P,170982.000000
Wed Jul 23 15:26:28 2025,23-Jul-2025,182631,48 0.358500 N,062 0.446400 W,4.9,39.7,A,Primary,Headline,17.469388,D,P,170982.000000
Wed Jul 23 15:26:28 2025,23-Jul-2025,182632,48 0.359500 N,062 0.445200 W,5.0,39.6,A,Primary,Headline,17.469388,D,P,170982.000000
Wed Jul 23 15:26:32 2025,23-Jul-2025,182633,48 0.360500 N,062 0.443900 W,4.9,39.5,A,DoorSpread,DoorMaster,3.785000,D,S,277611.000000
Wed Jul 23 15:26:33 2025,23-Jul-2025,182634,48 0.361500 N,062 0.442700 W,4.9,39.4,A,Primary,Headline,16.387755,D,P,67279.000000
Wed Jul 23 15:26:34 2025,23-Jul-2025,182635,48 0.362500 N,062 0.441400 W,4.9,39.3,A,Depth,Depth,22.037037,D,S,41338.000000
Wed Jul 23 15:26:34 2025,23-Jul-2025,182636,48 0.363700 N,062 0.440200 W,4.9,39.2,A,Depth,Depth,22.037037,D,S,41338.000000
Wed Jul 23 15:26:34 2025,23-Jul-2025,182637,48 0.364700 N,062 0.438900 W,4.9,39.1,A,Depth,Depth,22.037037,D,S,41338.000000
Wed Jul 23 15:26:38 2025,23-Jul-2025,182638,48 0.365800 N,062 0.437600 W,4.8,38.9,A,DoorSpread,DoorMaster,4.130000,D,S,282572.000000
Wed Jul 23 15:26:38 2025,23-Jul-2025,182639,48 0.366900 N,062 0.436400 W,4.9,38.8,A,DoorSpread,DoorMaster,4.130000,D,S,282572.000000
Wed Jul 23 15:26:39 2025,23-Jul-2025,182640,48 0.368000 N,062 0.435100 W,4.8,38.6,A,Primary,Headline,17.571429,D,P,84004.000000
Wed Jul 23 15:26:39 2025,23-Jul-2025,182641,48 0.369100 N,062 0.433900 W,4.8,38.5,A,Primary,Headline,17.571429,D,P,84004.000000
Wed Jul 23 15:26:41 2025,23-Jul-2025,182642,48 0.370100 N,062 0.432800 W,4.8,38.4,A,Depth,Depth,16.666667,D,P,49044.000000
Wed Jul 23 15:26:41 2025,23-Jul-2025,182643,48 0.371200 N,062 0.431600 W,4.8,38.2,A,Depth,Depth,16.666667,D,P,49044.000000
Wed Jul 23 15:26:41 2025,23-Jul-2025,182644,48 0.372300 N,062 0.430600 W,4.8,38.2,A,Depth,Depth,16.666667,D,P,49044.000000
Wed Jul 23 15:26:44 2025,23-Jul-2025,182645,48 0.373300 N,062 0.429600 W,4.7,38.1,A,Primary,Headline,18.530612,D,S,109797.000000
Wed Jul 23 15:26:44 2025,23-Jul-2025,182646,48 0.374300 N,062 0.428600 W,4.7,38.0,A,Primary,Headline,18.530612,D,S,109797.000000
Wed Jul 23 15:26:44 2025,23-Jul-2025,182647,48 0.375400 N,062 0.427600 W,4.7,38.0,A,Primary,Headline,18.530612,D,S,109797.000000
Wed Jul 23 15:26:44 2025,23-Jul-2025,182648,48 0.376500 N,062 0.426500 W,4.7,37.9,A,Primary,Headline,18.530612,D,S,109797.000000
Wed Jul 23 15:26:48 2025,23-Jul-2025,182649,48 0.377600 N,062 0.425300 W,4.7,37.9,A,Depth,Depth,25.185185,D,S,36708.000000
Wed Jul 23 15:26:49 2025,23-Jul-2025,182650,48 0.378600 N,062 0.424100 W,4.6,38.1,A,Primary,Headline,21.346939,D,P,68765.000000
Wed Jul 23 15:26:49 2025,23-Jul-2025,182651,48 0.379500 N,062 0.423000 W,4.6,38.1,A,Primary,Headline,21.346939,D,P,68765.000000
Wed Jul 23 15:26:49 2025,23-Jul-2025,182652,48 0.380600 N,062 0.421800 W,4.6,38.0,A,Primary,Headline,21.346939,D,P,68765.000000
Wed Jul 23 15:26:49 2025,23-Jul-2025,182653,48 0.381700 N,062 0.420700 W,4.6,38.1,A,Primary,Headline,21.346939,D,P,68765.000000
Wed Jul 23 15:26:49 2025,23-Jul-2025,182654,48 0.382700 N,062 0.419500 W,4.6,38.2,A,Primary,Headline,21.346939,D,P,68765.000000
Wed Jul 23 15:26:55 2025,23-Jul-2025,182655,48 0.383700 N,062 0.418200 W,4.6,38.3,A,Primary,Headline,19.183673,D,P,82836.000000
Wed Jul 23 15:26:55 2025,23-Jul-2025,182656,48 0.384800 N,062 0.416900 W,4.6,38.5,A,Depth,Depth,20.462963,D,S,212808.000000
Wed Jul 23 15:26:55 2025,23-Jul-2025,182657,48 0.385900 N,062 0.415600 W,4.6,38.6,A,Depth,Depth,20.462963,D,S,212808.000000
Wed Jul 23 15:26:55 2025,23-Jul-2025,182658,48 0.387000 N,062 0.414300 W,4.6,38.6,A,Depth,Depth,20.462963,D,S,212808.000000
Wed Jul 23 15:26:55 2025,23-Jul-2025,182659,48 0.387900 N,062 0.413000 W,4.6,38.5,A,Depth,Depth,20.462963,D,S,212808.000000
Wed Jul 23 15:26:55 2025,23-Jul-2025,182700,48 0.388900 N,062 0.411700 W,4.6,38.7,A,Depth,Depth,20.462963,D,S,212808.000000
Wed Jul 23 15:27:00 2025,23-Jul-2025,182701,48 0.389900 N,062 0.410300 W,4.6,38.8,A,Primary,Headline,21.755102,D,P,127333.000000
Wed Jul 23 15:27:00 2025,23-Jul-2025,182702,48 0.390800 N,062 0.409100 W,4.6,38.6,A,Primary,Headline,21.755102,D,P,127333.000000
Wed Jul 23 15:27:03 2025,23-Jul-2025,182703,48 0.391700 N,062 0.408100 W,4.6,38.5,A,Depth,Depth,28.888889,D,S,84105.000000
Wed Jul 23 15:27:03 2025,23-Jul-2025,182704,48 0.392600 N,062 0.407100 W,4.7,38.5,A,Depth,Depth,28.888889,D,S,84105.000000
Wed Jul 23 15:27:03 2025,23-Jul-2025,182705,48 0.393600 N,062 0.405900 W,4.7,38.5,A,Depth,Depth,28.888889,D,S,84105.000000
Wed Jul 23 15:27:05 2025,23-Jul-2025,182706,48 0.394400 N,062 0.404800 W,4.7,38.4,A,Primary,Headline,21.346939,D,S,103061.000000
Wed Jul 23 15:27:05 2025,23-Jul-2025,182707,48 0.395300 N,062 0.403700 W,4.7,38.3,A,Primary,Headline,21.346939,D,S,103061.000000
Wed Jul 23 15:27:05 2025,23-Jul-2025,182708,48 0.396200 N,062 0.402600 W,4.7,38.5,A,Primary,Headline,21.346939,D,S,103061.000000
Wed Jul 23 15:27:05 2025,23-Jul-2025,182709,48 0.397100 N,062 0.401400 W,4.7,38.8,A,Primary,Headline,21.346939,D,S,103061.000000
Wed Jul 23 15:27:05 2025,23-Jul-2025,182710,48 0.398100 N,062 0.400200 W,4.7,39.0,A,Primary,Headline,21.346939,D,S,103061.000000
Wed Jul 23 15:27:10 2025,23-Jul-2025,182711,48 0.399100 N,062 0.398900 W,4.7,38.9,A,Depth,Depth,23.611111,D,S,50962.000000
Wed Jul 23 15:27:11 2025,23-Jul-2025,182712,48 0.400000 N,062 0.397600 W,4.7,39.1,A,Primary,Headline,23.877551,D,P,108340.000000
Wed Jul 23 15:27:11 2025,23-Jul-2025,182713,48 0.400900 N,062 0.396200 W,4.8,39.3,A,Primary,Headline,23.877551,D,P,108340.000000
Wed Jul 23 15:27:11 2025,23-Jul-2025,182714,48 0.402000 N,062 0.394800 W,4.8,39.3,A,Primary,Headline,23.877551,D,P,108340.000000
Wed Jul 23 15:27:11 2025,23-Jul-2025,182715,48 0.403000 N,062 0.393600 W,4.8,39.1,A,Primary,Headline,23.877551,D,P,108340.000000
Wed Jul 23 15:27:11 2025,23-Jul-2025,182716,48 0.403900 N,062 0.392500 W,4.7,39.2,A,Primary,Headline,23.877551,D,P,108340.000000
Wed Jul 23 15:27:16 2025,23-Jul-2025,182717,48 0.404800 N,062 0.391200 W,4.7,39.6,A,Primary,Headline,24.591837,D,P,182530.000000
Wed Jul 23 15:27:17 2025,23-Jul-2025,182718,48 0.405900 N,062 0.390000 W,4.8,39.7,A,Depth,Depth,27.685185,D,S,155132.000000
Wed Jul 23 15:27:19 2025,23-Jul-2025,182719,48 0.406900 N,062 0.388800 W,4.7,39.4,A,DoorSpread,DoorMaster,5.450000,D,S,143614.000000
Wed Jul 23 15:27:19 2025,23-Jul-2025,182720,48 0.408000 N,062 0.387600 W,4.7,39.2,A,DoorSpread,DoorMaster,5.450000,D,S,143614.000000
Wed Jul 23 15:27:19 2025,23-Jul-2025,182721,48 0.409200 N,062 0.386200 W,4.8,39.1,A,DoorSpread,DoorMaster,5.450000,D,S,143614.000000
Wed Jul 23 15:27:22 2025,23-Jul-2025,182722,48 0.410500 N,062 0.384900 W,4.8,38.9,A,Primary,Headline,27.877551,D,P,109637.000000
Wed Jul 23 15:27:22 2025,23-Jul-2025,182723,48 0.411600 N,062 0.383700 W,4.7,38.8,A,Primary,Headline,27.877551,D,P,109637.000000
Wed Jul 23 15:27:22 2025,23-Jul-2025,182724,48 0.412700 N,062 0.382500 W,4.8,38.5,A,Primary,Headline,27.877551,D,P,109637.000000
Wed Jul 23 15:27:24 2025,23-Jul-2025,182725,48 0.413900 N,062 0.381200 W,4.8,38.3,A,DoorSpread,DoorMaster,6.135000,D,P,147119.000000
Wed Jul 23 15:27:24 2025,23-Jul-2025,182726,48 0.415000 N,062 0.380100 W,4.7,38.1,A,DoorSpread,DoorMaster,6.135000,D,P,147119.000000
Wed Jul 23 15:27:24 2025,23-Jul-2025,182727,48 0.416100 N,062 0.379000 W,4.7,37.9,A,DoorSpread,DoorMaster,6.135000,D,P,147119.000000
Wed Jul 23 15:27:27 2025,23-Jul-2025,182728,48 0.417200 N,062 0.377800 W,4.8,37.7,A,Primary,Headline,28.346939,D,P,63396.000000
Wed Jul 23 15:27:27 2025,23-Jul-2025,182729,48 0.418400 N,062 0.376700 W,4.8,37.6,A,Primary,Headline,28.346939,D,P,63396.000000
Wed Jul 23 15:27:27 2025,23-Jul-2025,182730,48 0.419400 N,062 0.375600 W,4.8,37.5,A,Primary,Headline,28.346939,D,P,63396.000000
Wed Jul 23 15:27:27 2025,23-Jul-2025,182731,48 0.420400 N,062 0.374400 W,4.8,37.3,A,Primary,Headline,28.346939,D,P,63396.000000
Wed Jul 23 15:27:31 2025,23-Jul-2025,182732,48 0.421500 N,062 0.373200 W,4.8,37.3,A,Depth,Depth,32.129630,D,S,98628.000000
Wed Jul 23 15:27:33 2025,23-Jul-2025,182733,48 0.422500 N,062 0.372000 W,4.8,37.4,A,Primary,Headline,26.959184,D,S,136900.000000
Wed Jul 23 15:27:33 2025,23-Jul-2025,182734,48 0.423600 N,062 0.370800 W,4.9,37.3,A,Primary,Headline,26.959184,D,S,136900.000000
Wed Jul 23 15:27:33 2025,23-Jul-2025,182735,48 0.424700 N,062 0.369700 W,4.9,37.3,A,Primary,Headline,26.959184,D,S,136900.000000
Wed Jul 23 15:27:33 2025,23-Jul-2025,182736,48 0.425700 N,062 0.368400 W,4.9,37.4,A,Primary,Headline,26.959184,D,S,136900.000000
Wed Jul 23 15:27:33 2025,23-Jul-2025,182737,48 0.426800 N,062 0.367200 W,4.9,37.6,A,Primary,Headline,26.959184,D,S,136900.000000
Wed Jul 23 15:27:33 2025,23-Jul-2025,182738,48 0.428000 N,062 0.366000 W,4.9,37.6,A,Primary,Headline,26.959184,D,S,136900.000000
Wed Jul 23 15:27:38 2025,23-Jul-2025,182739,48 0.429200 N,062 0.364900 W,4.9,37.5,A,Primary,Headline,28.285714,D,S,51972.000000
Wed Jul 23 15:27:38 2025,23-Jul-2025,182740,48 0.430300 N,062 0.363800 W,4.9,37.4,A,Primary,Headline,28.285714,D,S,51972.000000
Wed Jul 23 15:27:38 2025,23-Jul-2025,182741,48 0.431400 N,062 0.362600 W,4.9,37.7,A,Primary,Headline,28.285714,D,S,51972.000000
Wed Jul 23 15:27:38 2025,23-Jul-2025,182742,48 0.432500 N,062 0.361300 W,5.0,38.0,A,Primary,Headline,28.285714,D,S,51972.000000
Wed Jul 23 15:27:38 2025,23-Jul-2025,182743,48 0.433700 N,062 0.360000 W,5.0,37.8,A,Primary,Headline,28.285714,D,S,51972.000000
Wed Jul 23 15:27:44 2025,23-Jul-2025,182744,48 0.434700 N,062 0.358900 W,4.9,37.5,A,Primary,Headline,30.571429,D,P,174449.000000
Wed Jul 23 15:27:44 2025,23-Jul-2025,182745,48 0.435700 N,062 0.357600 W,4.9,37.5,A,Primary,Headline,30.571429,D,P,174449.000000
Wed Jul 23 15:27:44 2025,23-Jul-2025,182746,48 0.436800 N,062 0.356200 W,5.0,37.4,A,Primary,Headline,30.571429,D,P,174449.000000
Wed Jul 23 15:27:44 2025,23-Jul-2025,182747,48 0.437900 N,062 0.354900 W,5.0,37.1,A,Primary,Headline,30.571429,D,P,174449.000000
Wed Jul 23 15:27:44 2025,23-Jul-2025,182748,48 0.439000 N,062 0.353700 W,4.9,36.9,A,Primary,Headline,30.571429,D,P,174449.000000
Wed Jul 23 15:27:44 2025,23-Jul-2025,182749,48 0.440100 N,062 0.352400 W,4.9,36.8,A,Primary,Headline,30.571429,D,P,174449.000000
Wed Jul 23 15:27:49 2025,23-Jul-2025,182750,48 0.441200 N,062 0.351100 W,4.9,36.7,A,Primary,Headline,30.653061,D,S,70012.000000
Wed Jul 23 15:27:50 2025,23-Jul-2025,182751,48 0.442200 N,062 0.349800 W,4.9,36.5,A,DoorSpread,DoorMaster,6.220000,D,S,185211.000000
Wed Jul 23 15:27:50 2025,23-Jul-2025,182752,48 0.443200 N,062 0.348400 W,4.9,36.3,A,DoorSpread,DoorMaster,6.220000,D,S,185211.000000
Wed Jul 23 15:27:52 2025,23-Jul-2025,182753,48 0.444300 N,062 0.347200 W,4.9,36.2,A,Depth,Depth,21.851852,D,S,89781.000000
Wed Jul 23 15:27:52 2025,23-Jul-2025,182754,48 0.445400 N,062 0.345900 W,4.9,36.1,A,Depth,Depth,21.851852,D,S,89781.000000
Wed Jul 23 15:27:55 2025,23-Jul-2025,182755,48 0.446600 N,062 0.344700 W,4.9,36.0,A,Primary,Headline,32.204082,D,S,56960.000000
Wed Jul 23 15:27:55 2025,23-Jul-2025,182756,48 0.447700 N,062 0.343600 W,4.8,35.9,A,Primary,Headline,32.204082,D,S,56960.000000
Wed Jul 23 15:27:55 2025,23-Jul-2025,182757,48 0.448700 N,062 0.342400 W,4.8,36.1,A,Primary,Headline,32.204082,D,S,56960.000000
Wed Jul 23 15:27:55 2025,23-Jul-2025,182758,48 0.449800 N,062 0.341200 W,4.9,36.3,A,Primary,Headline,32.204082,D,S,56960.000000
Wed Jul 23 15:27:55 2025,23-Jul-2025,182759,48 0.450900 N,062 0.340000 W,4.9,36.2,A,Primary,Headline,32.204082,D,S,56960.000000
Wed Jul 23 15:28:00 2025,23-Jul-2025,182800,48 0.452000 N,062 0.338800 W,4.8,36.2,A,Depth,Depth,36.574074,D,S,73933.000000
Wed Jul 23 15:28:00 2025,23-Jul-2025,182801,48 0.453000 N,062 0.337500 W,4.8,36.4,A,DoorSpread,DoorMaster,6.615000,D,S,178475.000000
Wed Jul 23 15:28:00 2025,23-Jul-2025,182802,48 0.454000 N,062 0.336200 W,4.8,36.5,A,DoorSpread,DoorMaster,6.615000,D,S,178475.000000
Wed Jul 23 15:28:00 2025,23-Jul-2025,182803,48 0.455100 N,062 0.335000 W,4.8,36.5,A,DoorSpread,DoorMaster,6.615000,D,S,178475.000000
Wed Jul 23 15:28:00 2025,23-Jul-2025,182804,48 0.456100 N,062 0.333700 W,4.8,36.9,A,DoorSpread,DoorMaster,6.615000,D,S,178475.000000
Wed Jul 23 15:28:00 2025,23-Jul-2025,182805,48 0.457200 N,062 0.332600 W,4.8,37.0,A,DoorSpread,DoorMaster,6.615000,D,S,178475.000000
Wed Jul 23 15:28:00 2025,23-Jul-2025,182806,48 0.458400 N,062 0.331600 W,4.8,37.0,A,DoorSpread,DoorMaster,6.615000,D,S,178475.000000
Wed Jul 23 15:28:06 2025,23-Jul-2025,182807,48 0.459500 N,062 0.330600 W,4.8,37.0,A,DoorSpread,DoorMaster,6.670000,D,S,240742.000000
Wed Jul 23 15:28:07 2025,23-Jul-2025,182808,48 0.460600 N,062 0.329400 W,4.9,37.2,A,Depth,Depth,37.222222,D,S,108408.000000
Wed Jul 23 15:28:07 2025,23-Jul-2025,182809,48 0.461800 N,062 0.328200 W,4.9,37.3,A,Depth,Depth,37.222222,D,S,108408.000000
Wed Jul 23 15:28:07 2025,23-Jul-2025,182810,48 0.462900 N,062 0.327200 W,4.8,37.1,A,Depth,Depth,37.222222,D,S,108408.000000
Wed Jul 23 15:28:07 2025,23-Jul-2025,182811,48 0.464000 N,062 0.326000 W,4.8,37.0,A,Depth,Depth,37.222222,D,S,108408.000000
Wed Jul 23 15:28:11 2025,23-Jul-2025,182812,48 0.465100 N,062 0.324700 W,4.9,37.0,A,Primary,Headline,33.408163,D,S,179917.000000
Wed Jul 23 15:28:12 2025,23-Jul-2025,182813,48 0.466300 N,062 0.323500 W,4.9,36.8,A,DoorSpread,DoorMaster,6.775000,D,P,116647.000000
Wed Jul 23 15:28:12 2025,23-Jul-2025,182814,48 0.467500 N,062 0.322300 W,4.9,36.7,A,DoorSpread,DoorMaster,6.775000,D,P,116647.000000
Wed Jul 23 15:28:14 2025,23-Jul-2025,182815,48 0.468600 N,062 0.321100 W,4.9,36.7,A,Depth,Depth,38.518519,D,S,93221.000000
Wed Jul 23 15:28:14 2025,23-Jul-2025,182816,48 0.469800 N,062 0.319900 W,4.9,36.6,A,Depth,Depth,38.518519,D,S,93221.000000
Wed Jul 23 15:28:14 2025,23-Jul-2025,182817,48 0.470900 N,062 0.318700 W,4.9,36.5,A,Depth,Depth,38.518519,D,S,93221.000000
Wed Jul 23 15:28:17 2025,23-Jul-2025,182818,48 0.472000 N,062 0.317600 W,4.8,36.6,A,Primary,Headline,54.959184,D,S,157638.000000
Wed Jul 23 15:28:17 2025,23-Jul-2025,182819,48 0.473200 N,062 0.316300 W,4.9,36.8,A,Primary,Headline,54.959184,D,S,157638.000000
Wed Jul 23 15:28:17 2025,23-Jul-2025,182820,48 0.474400 N,062 0.315100 W,4.9,36.9,A,Primary,Headline,54.959184,D,S,157638.000000
Wed Jul 23 15:28:17 2025,23-Jul-2025,182821,48 0.475400 N,062 0.313900 W,4.8,36.9,A,Primary,Headline,54.959184,D,S,157638.000000
Wed Jul 23 15:28:21 2025,23-Jul-2025,182822,48 0.476400 N,062 0.312600 W,4.8,37.0,A,Depth,Depth,35.000000,D,S,75554.000000
Wed Jul 23 15:28:21 2025,23-Jul-2025,182823,48 0.477400 N,062 0.311300 W,4.9,37.2,A,Depth,Depth,35.000000,D,S,75554.000000
Wed Jul 23 15:28:23 2025,23-Jul-2025,182824,48 0.478500 N,062 0.310100 W,4.9,37.3,A,Primary,Headline,40.775510,D,S,54913.000000
Wed Jul 23 15:28:23 2025,23-Jul-2025,182825,48 0.479600 N,062 0.308900 W,4.9,37.2,A,Primary,Headline,40.775510,D,S,54913.000000
Wed Jul 23 15:28:23 2025,23-Jul-2025,182826,48 0.480700 N,062 0.307800 W,4.8,37.1,A,Primary,Headline,40.775510,D,S,54913.000000
Wed Jul 23 15:28:23 2025,23-Jul-2025,182827,48 0.481700 N,062 0.306500 W,4.8,37.3,A,Primary,Headline,40.775510,D,S,54913.000000
Wed Jul 23 15:28:23 2025,23-Jul-2025,182828,48 0.482700 N,062 0.305100 W,4.8,37.5,A,Primary,Headline,40.775510,D,S,54913.000000
Wed Jul 23 15:28:28 2025,23-Jul-2025,182829,48 0.483700 N,062 0.303800 W,4.9,37.6,A,Primary,Headline,41.469388,D,P,92525.000000
Wed Jul 23 15:28:29 2025,23-Jul-2025,182830,48 0.484800 N,062 0.302500 W,4.9,37.7,A,Primary,Headline,40.734694,D,S,95709.000000
Wed Jul 23 15:28:29 2025,23-Jul-2025,182831,48 0.485900 N,062 0.301200 W,4.9,37.7,A,Primary,Headline,40.734694,D,S,95709.000000
Wed Jul 23 15:28:29 2025,23-Jul-2025,182832,48 0.486900 N,062 0.299900 W,4.9,37.6,A,Primary,Headline,40.734694,D,S,95709.000000
Wed Jul 23 15:28:29 2025,23-Jul-2025,182833,48 0.487900 N,062 0.298600 W,4.9,37.6,A,Primary,Headline,40.734694,D,S,95709.000000
Wed Jul 23 15:28:29 2025,23-Jul-2025,182834,48 0.489000 N,062 0.297400 W,4.9,37.5,A,Primary,Headline,40.734694,D,S,95709.000000
Wed Jul 23 15:28:34 2025,23-Jul-2025,182835,48 0.490000 N,062 0.296000 W,4.9,37.6,A,Primary,Headline,41.938776,D,S,71620.000000
Wed Jul 23 15:28:35 2025,23-Jul-2025,182836,48 0.491000 N,062 0.294800 W,4.9,37.6,A,Depth,Depth,43.333333,D,S,84243.000000
Wed Jul 23 15:28:35 2025,23-Jul-2025,182837,48 0.492000 N,062 0.293500 W,4.9,37.6,A,Depth,Depth,43.333333,D,S,84243.000000
Wed Jul 23 15:28:35 2025,23-Jul-2025,182838,48 0.493100 N,062 0.292200 W,4.9,37.7,A,Depth,Depth,43.333333,D,S,84243.000000
Wed Jul 23 15:28:35 2025,23-Jul-2025,182839,48 0.494000 N,062 0.290800 W,4.9,37.9,A,Depth,Depth,43.333333,D,S,84243.000000
Wed Jul 23 15:28:40 2025,23-Jul-2025,182840,48 0.495000 N,062 0.289500 W,4.9,38.0,A,Primary,Headline,38.285714,D,S,99920.000000
Wed Jul 23 15:28:40 2025,23-Jul-2025,182841,48 0.496000 N,062 0.288200 W,4.9,38.0,A,Primary,Headline,38.285714,D,S,99920.000000
Wed Jul 23 15:28:40 2025,23-Jul-2025,182842,48 0.497000 N,062 0.286900 W,4.9,37.9,A,Primary,Headline,38.285714,D,S,99920.000000
Wed Jul 23 15:28:42 2025,23-Jul-2025,182843,48 0.498000 N,062 0.285700 W,4.9,37.9,A,Depth,Depth,39.444444,D,S,92085.000000
Wed Jul 23 15:28:42 2025,23-Jul-2025,182844,48 0.499000 N,062 0.284500 W,4.8,37.8,A,Depth,Depth,39.444444,D,S,92085.000000
Wed Jul 23 15:28:42 2025,23-Jul-2025,182845,48 0.500000 N,062 0.283400 W,4.7,37.9,A,Depth,Depth,39.444444,D,S,92085.000000
Wed Jul 23 15:28:45 2025,23-Jul-2025,182846,48 0.501000 N,062 0.282200 W,4.8,37.9,A,Primary,Headline,38.714286,D,P,142861.000000
Wed Jul 23 15:28:45 2025,23-Jul-2025,182847,48 0.502100 N,062 0.280900 W,4.8,37.9,A,Primary,Headline,38.714286,D,P,142861.000000
Wed Jul 23 15:28:45 2025,23-Jul-2025,182848,48 0.503100 N,062 0.279700 W,4.7,38.0,A,Primary,Headline,38.714286,D,P,142861.000000
Wed Jul 23 15:28:45 2025,23-Jul-2025,182849,48 0.504100 N,062 0.278400 W,4.8,38.2,A,Primary,Headline,38.714286,D,P,142861.000000
Wed Jul 23 15:28:50 2025,23-Jul-2025,182850,48 0.505200 N,062 0.277100 W,4.8,38.3,A,Depth,Depth,47.037037,D,S,97303.000000
Wed Jul 23 15:28:50 2025,23-Jul-2025,182851,48 0.506300 N,062 0.276000 W,4.8,38.2,A,Depth,Depth,47.037037,D,S,97303.000000
Wed Jul 23 15:28:51 2025,23-Jul-2025,182852,48 0.507400 N,062 0.274900 W,4.8,38.5,A,Primary,Headline,41.000000,D,P,103929.000000
Wed Jul 23 15:28:51 2025,23-Jul-2025,182853,48 0.508400 N,062 0.273700 W,4.8,38.7,A,Primary,Headline,41.000000,D,P,103929.000000
Wed Jul 23 15:28:51 2025,23-Jul-2025,182854,48 0.509500 N,062 0.272400 W,4.8,38.6,A,Primary,Headline,41.000000,D,P,103929.000000
Wed Jul 23 15:28:51 2025,23-Jul-2025,182855,48 0.510500 N,062 0.271200 W,4.7,38.4,A,Primary,Headline,41.000000,D,P,103929.000000
Wed Jul 23 15:28:51 2025,23-Jul-2025,182856,48 0.511500 N,062 0.269900 W,4.8,38.2,A,Primary,Headline,41.000000,D,P,103929.000000
Wed Jul 23 15:28:57 2025,23-Jul-2025,182857,48 0.512600 N,062 0.268600 W,4.8,38.2,A,Primary,Headline,43.265306,D,P,63877.000000
Wed Jul 23 15:28:57 2025,23-Jul-2025,182858,48 0.513600 N,062 0.267300 W,4.7,38.2,A,DoorSpread,DoorMaster,6.305000,D,S,290468.000000
Wed Jul 23 15:28:57 2025,23-Jul-2025,182859,48 0.514600 N,062 0.266200 W,4.7,38.1,A,DoorSpread,DoorMaster,6.305000,D,S,290468.000000
Wed Jul 23 15:28:57 2025,23-Jul-2025,182900,48 0.515800 N,062 0.265000 W,4.7,37.9,A,DoorSpread,DoorMaster,6.305000,D,S,290468.000000
Wed Jul 23 15:28:57 2025,23-Jul-2025,182901,48 0.516900 N,062 0.263700 W,4.7,38.2,A,DoorSpread,DoorMaster,6.305000,D,S,290468.000000
Wed Jul 23 15:28:57 2025,23-Jul-2025,182902,48 0.517900 N,062 0.262400 W,4.7,38.8,A,DoorSpread,DoorMaster,6.305000,D,S,290468.000000
Wed Jul 23 15:29:03 2025,23-Jul-2025,182903,48 0.518800 N,062 0.261200 W,4.6,38.8,A,DoorSpread,DoorMaster,0.490000,D,P,40249.000000
Wed Jul 23 15:29:03 2025,23-Jul-2025,182904,48 0.519800 N,062 0.260300 W,4.5,38.4,A,DoorSpread,DoorMaster,0.490000,D,P,40249.000000
Wed Jul 23 15:29:03 2025,23-Jul-2025,182905,48 0.520700 N,062 0.259300 W,4.4,38.4,A,DoorSpread,DoorMaster,0.490000,D,P,40249.000000
Wed Jul 23 15:29:03 2025,23-Jul-2025,182906,48 0.521500 N,062 0.258100 W,4.3,38.8,A,DoorSpread,DoorMaster,0.490000,D,P,40249.000000
Wed Jul 23 15:29:03 2025,23-Jul-2025,182907,48 0.522200 N,062 0.257000 W,4.2,39.1,A,DoorSpread,DoorMaster,0.490000,D,P,40249.000000
Wed Jul 23 15:29:07 2025,23-Jul-2025,182908,48 0.522900 N,062 0.256100 W,4.0,39.3,A,DoorSpread,DoorMaster,0.000000,E,P,139418.000000
Wed Jul 23 15:29:08 2025,23-Jul-2025,182909,48 0.523400 N,062 0.255200 W,3.8,39.6,A,Primary,Headline,44.591837,D,P,160221.000000
Wed Jul 23 15:29:08 2025,23-Jul-2025,182910,48 0.524100 N,062 0.254000 W,3.8,40.3,A,Primary,Headline,44.591837,D,P,160221.000000
Wed Jul 23 15:29:08 2025,23-Jul-2025,182911,48 0.524800 N,062 0.252900 W,3.7,40.6,A,Primary,Headline,44.591837,D,P,160221.000000
Wed Jul 23 15:29:11 2025,23-Jul-2025,182912,48 0.525500 N,062 0.252000 W,3.6,40.8,A,Depth,Depth,51.388889,D,P,42134.000000
Wed Jul 23 15:29:11 2025,23-Jul-2025,182913,48 0.526100 N,062 0.251000 W,3.5,41.3,A,Depth,Depth,51.388889,D,P,42134.000000
Wed Jul 23 15:29:11 2025,23-Jul-2025,182914,48 0.526600 N,062 0.250000 W,3.5,41.7,A,Depth,Depth,51.388889,D,P,42134.000000
Wed Jul 23 15:29:14 2025,23-Jul-2025,182915,48 0.527300 N,062 0.249200 W,3.3,42.0,A,Primary,Headline,45.530612,D,P,83908.000000
Wed Jul 23 15:29:14 2025,23-Jul-2025,182916,48 0.528000 N,062 0.248400 W,3.3,42.2,A,Primary,Headline,45.530612,D,P,83908.000000
Wed Jul 23 15:29:14 2025,23-Jul-2025,182917,48 0.528700 N,062 0.247600 W,3.2,42.4,A,Primary,Headline,45.530612,D,P,83908.000000
Wed Jul 23 15:29:14 2025,23-Jul-2025,182918,48 0.529300 N,062 0.246600 W,3.2,42.7,A,Primary,Headline,45.530612,D,P,83908.000000
Wed Jul 23 15:29:18 2025,23-Jul-2025,182919,48 0.529900 N,062 0.245800 W,3.1,42.9,A,Depth,Depth,53.425926,D,S,94219.000000
Wed Jul 23 15:29:19 2025,23-Jul-2025,182920,48 0.530400 N,062 0.245100 W,3.0,43.1,A,DoorSpread,DoorMaster,21.910000,D,P,90404.000000
Wed Jul 23 15:29:20 2025,23-Jul-2025,182921,48 0.530800 N,062 0.244400 W,2.9,43.4,A,Primary,Headline,46.755102,D,S,153103.000000
Wed Jul 23 15:29:20 2025,23-Jul-2025,182922,48 0.531300 N,062 0.243600 W,2.9,43.8,A,Primary,Headline,46.755102,D,S,153103.000000
Wed Jul 23 15:29:20 2025,23-Jul-2025,182923,48 0.531800 N,062 0.242800 W,2.9,44.0,A,Primary,Headline,46.755102,D,S,153103.000000
Wed Jul 23 15:29:20 2025,23-Jul-2025,182924,48 0.532400 N,062 0.242000 W,2.9,44.0,A,Primary,Headline,46.755102,D,S,153103.000000
Wed Jul 23 15:29:20 2025,23-Jul-2025,182925,48 0.532900 N,062 0.241200 W,2.8,44.1,A,Primary,Headline,46.755102,D,S,153103.000000
Wed Jul 23 15:29:25 2025,23-Jul-2025,182926,48 0.533400 N,062 0.240400 W,2.8,44.4,A,Primary,Headline,48.020408,D,S,129322.000000
Wed Jul 23 15:29:25 2025,23-Jul-2025,182927,48 0.533900 N,062 0.239600 W,2.8,44.5,A,Primary,Headline,48.020408,D,S,129322.000000
Wed Jul 23 15:29:25 2025,23-Jul-2025,182928,48 0.534300 N,062 0.239000 W,2.7,44.6,A,Primary,Headline,48.020408,D,S,129322.000000
Wed Jul 23 15:29:25 2025,23-Jul-2025,182929,48 0.534700 N,062 0.238300 W,2.7,44.8,A,Primary,Headline,48.020408,D,S,129322.000000
Wed Jul 23 15:29:25 2025,23-Jul-2025,182930,48 0.535200 N,062 0.237600 W,2.6,44.9,A,Primary,Headline,48.020408,D,S,129322.000000
Wed Jul 23 15:29:25 2025,23-Jul-2025,182931,48 0.535700 N,062 0.236800 W,2.6,45.0,A,Primary,Headline,48.020408,D,S,129322.000000
Wed Jul 23 15:29:31 2025,23-Jul-2025,182932,48 0.536200 N,062 0.236100 W,2.5,45.1,A,DoorSpread,DoorMaster,14.030000,D,P,218405.000000
Wed Jul 23 15:29:32 2025,23-Jul-2025,182933,48 0.536600 N,062 0.235500 W,2.5,45.3,A,Primary,Headline,50.204082,D,P,88432.000000
Wed Jul 23 15:29:32 2025,23-Jul-2025,182934,48 0.537000 N,062 0.234900 W,2.5,45.6,A,Primary,Headline,50.204082,D,P,88432.000000
Wed Jul 23 15:29:32 2025,23-Jul-2025,182935,48 0.537500 N,062 0.234300 W,2.5,45.6,A,Primary,Headline,50.204082,D,P,88432.000000
Wed Jul 23 15:29:32 2025,23-Jul-2025,182936,48 0.538000 N,062 0.233600 W,2.4,45.6,A,Primary,Headline,50.204082,D,P,88432.000000
Wed Jul 23 15:29:32 2025,23-Jul-2025,182937,48 0.538400 N,062 0.232800 W,2.4,46.1,A,Primary,Headline,50.204082,D,P,88432.000000
Wed Jul 23 15:29:37 2025,23-Jul-2025,182938,48 0.538800 N,062 0.232000 W,2.4,46.5,A,Primary,Headline,49.877551,D,S,114382.000000
Wed Jul 23 15:29:37 2025,23-Jul-2025,182939,48 0.539300 N,062 0.231400 W,2.4,46.6,A,Primary,Headline,49.877551,D,S,114382.000000
Wed Jul 23 15:29:37 2025,23-Jul-2025,182940,48 0.539700 N,062 0.230800 W,2.3,46.6,A,Primary,Headline,49.877551,D,S,114382.000000
Wed Jul 23 15:29:40 2025,23-Jul-2025,182941,48 0.540000 N,062 0.230200 W,2.3,46.8,A,Depth,Depth,56.481481,D,S,79646.000000
Wed Jul 23 15:29:40 2025,23-Jul-2025,182942,48 0.540400 N,062 0.229400 W,2.4,46.8,A,Depth,Depth,56.481481,D,S,79646.000000
Wed Jul 23 15:29:43 2025,23-Jul-2025,182943,48 0.541000 N,062 0.228700 W,2.4,46.5,A,Primary,Headline,53.183673,D,P,266607.000000
Wed Jul 23 15:29:43 2025,23-Jul-2025,182944,48 0.541400 N,062 0.228100 W,2.3,46.4,A,Primary,Headline,53.040816,D,S,230179.000000
Wed Jul 23 15:29:43 2025,23-Jul-2025,182945,48 0.541700 N,062 0.227500 W,2.3,46.4,A,Primary,Headline,53.040816,D,S,230179.000000
Wed Jul 23 15:29:43 2025,23-Jul-2025,182946,48 0.542100 N,062 0.227000 W,2.3,46.6,A,Primary,Headline,53.040816,D,S,230179.000000
Wed Jul 23 15:29:43 2025,23-Jul-2025,182947,48 0.542400 N,062 0.226400 W,2.3,46.8,A,Primary,Headline,53.040816,D,S,230179.000000
Wed Jul 23 15:29:47 2025,23-Jul-2025,182948,48 0.542800 N,062 0.225900 W,2.2,47.0,A,Depth,Depth,56.111111,D,S,183481.000000
Wed Jul 23 15:29:48 2025,23-Jul-2025,182949,48 0.543200 N,062 0.225300 W,2.2,47.1,A,DoorSpread,DoorMaster,6.155000,D,P,212262.000000
Wed Jul 23 15:29:49 2025,23-Jul-2025,182950,48 0.543500 N,062 0.224700 W,2.2,47.3,A,Primary,Headline,54.061224,D,P,284671.000000
Wed Jul 23 15:29:49 2025,23-Jul-2025,182951,48 0.543900 N,062 0.223800 W,2.3,47.6,A,Primary,Headline,54.061224,D,P,284671.000000
Wed Jul 23 15:29:49 2025,23-Jul-2025,182952,48 0.544300 N,062 0.223000 W,2.2,47.8,A,Primary,Headline,54.061224,D,P,284671.000000
Wed Jul 23 15:29:49 2025,23-Jul-2025,182953,48 0.544600 N,062 0.222300 W,2.3,47.8,A,Primary,Headline,54.061224,D,P,284671.000000
Wed Jul 23 15:29:49 2025,23-Jul-2025,182954,48 0.545100 N,062 0.221600 W,2.3,47.8,A,Primary,Headline,54.061224,D,P,284671.000000
Wed Jul 23 15:29:55 2025,23-Jul-2025,182955,48 0.545600 N,062 0.220900 W,2.3,47.7,A,Primary,Headline,55.408163,D,P,204014.000000
Wed Jul 23 15:29:55 2025,23-Jul-2025,182956,48 0.546100 N,062 0.220100 W,2.3,48.0,A,Primary,Headline,55.408163,D,P,204014.000000
Wed Jul 23 15:29:55 2025,23-Jul-2025,182957,48 0.546500 N,062 0.219200 W,2.3,48.2,A,Primary,Headline,55.408163,D,P,204014.000000
Wed Jul 23 15:29:55 2025,23-Jul-2025,182958,48 0.547100 N,062 0.218400 W,2.3,48.2,A,Primary,Headline,55.408163,D,P,204014.000000
Wed Jul 23 15:29:55 2025,23-Jul-2025,182959,48 0.547600 N,062 0.217900 W,2.2,47.9,A,Primary,Headline,55.408163,D,P,204014.000000
Wed Jul 23 15:29:59 2025,23-Jul-2025,183000,48 0.548100 N,062 0.217200 W,2.2,47.8,A,DoorSpread,DoorMaster,6.045000,D,P,178963.000000
Wed Jul 23 15:29:59 2025,23-Jul-2025,183001,48 0.548500 N,062 0.216400 W,2.2,47.8,A,DoorSpread,DoorMaster,6.045000,D,P,178963.000000
Wed Jul 23 15:30:02 2025,23-Jul-2025,183002,48 0.549000 N,062 0.215700 W,2.2,47.5,A,Depth,Depth,62.037037,D,P,131931.000000
Wed Jul 23 15:30:02 2025,23-Jul-2025,183003,48 0.549500 N,062 0.214900 W,2.2,47.4,A,Depth,Depth,62.037037,D,P,131931.000000
Wed Jul 23 15:30:02 2025,23-Jul-2025,183004,48 0.550000 N,062 0.214200 W,2.2,47.4,A,Depth,Depth,62.037037,D,P,131931.000000
Wed Jul 23 15:30:02 2025,23-Jul-2025,183005,48 0.550500 N,062 0.213400 W,2.1,47.4,A,Depth,Depth,62.037037,D,P,131931.000000
Wed Jul 23 15:30:05 2025,23-Jul-2025,183006,48 0.551000 N,062 0.212700 W,2.2,47.4,A,DoorSpread,DoorMaster,6.315000,D,P,101286.000000
Wed Jul 23 15:30:07 2025,23-Jul-2025,183007,48 0.551500 N,062 0.212100 W,2.2,47.3,A,Primary,Headline,58.448980,D,P,107373.000000
Wed Jul 23 15:30:07 2025,23-Jul-2025,183008,48 0.551900 N,062 0.211400 W,2.3,47.3,A,Primary,Headline,58.448980,D,P,107373.000000
Wed Jul 23 15:30:07 2025,23-Jul-2025,183009,48 0.552300 N,062 0.210600 W,2.3,47.3,A,Primary,Headline,58.448980,D,P,107373.000000
Wed Jul 23 15:30:09 2025,23-Jul-2025,183010,48 0.552700 N,062 0.209900 W,2.2,47.3,A,Depth,Depth,63.425926,D,P,208160.000000
Wed Jul 23 15:30:10 2025,23-Jul-2025,183011,48 0.553100 N,062 0.209300 W,2.2,47.3,A,DoorSpread,DoorMaster,6.665000,D,P,67363.000000
Wed Jul 23 15:30:10 2025,23-Jul-2025,183012,48 0.553500 N,062 0.208500 W,2.2,47.5,A,DoorSpread,DoorMaster,6.665000,D,P,67363.000000
Wed Jul 23 15:30:12 2025,23-Jul-2025,183013,48 0.554000 N,062 0.207700 W,2.3,47.6,A,Primary,Headline,4.836735,D,P,236040.000000
Wed Jul 23 15:30:12 2025,23-Jul-2025,183014,48 0.554500 N,062 0.207100 W,2.2,47.5,A,Primary,Headline,4.836735,D,P,236040.000000
Wed Jul 23 15:30:12 2025,23-Jul-2025,183015,48 0.555000 N,062 0.206500 W,2.2,47.6,A,Primary,Headline,4.836735,D,P,236040.000000
Wed Jul 23 15:30:12 2025,23-Jul-2025,183016,48 0.555400 N,062 0.205700 W,2.3,47.7,A,Primary,Headline,4.836735,D,P,236040.000000
Wed Jul 23 15:30:17 2025,23-Jul-2025,183017,48 0.555900 N,062 0.205000 W,2.3,47.7,A,DoorSpread,DoorMaster,7.655000,D,P,58106.000000
Wed Jul 23 15:30:18 2025,23-Jul-2025,183018,48 0.556300 N,062 0.204300 W,2.2,47.6,A,Primary,Headline,51.979592,D,S,124256.000000
Wed Jul 23 15:30:18 2025,23-Jul-2025,183019,48 0.556800 N,062 0.203700 W,2.2,47.5,A,Primary,Headline,51.979592,D,S,124256.000000
Wed Jul 23 15:30:18 2025,23-Jul-2025,183020,48 0.557100 N,062 0.203000 W,2.2,47.5,A,Primary,Headline,51.979592,D,S,124256.000000
Wed Jul 23 15:30:18 2025,23-Jul-2025,183021,48 0.557500 N,062 0.202200 W,2.3,47.8,A,Primary,Headline,51.979592,D,S,124256.000000
Wed Jul 23 15:30:18 2025,23-Jul-2025,183022,48 0.557900 N,062 0.201400 W,2.3,47.9,A,Primary,Headline,51.979592,D,S,124256.000000
Wed Jul 23 15:30:22 2025,23-Jul-2025,183023,48 0.558200 N,062 0.200900 W,2.2,47.9,A,Primary,Headline,6.795918,D,P,153290.000000
Wed Jul 23 15:30:23 2025,23-Jul-2025,183024,48 0.558500 N,062 0.200300 W,2.1,48.2,A,Depth,Depth,64.629630,D,S,87768.000000
Wed Jul 23 15:30:23 2025,23-Jul-2025,183025,48 0.558900 N,062 0.199600 W,2.2,48.4,A,Depth,Depth,64.629630,D,S,87768.000000
Wed Jul 23 15:30:23 2025,23-Jul-2025,183026,48 0.559200 N,062 0.198800 W,2.2,48.3,A,Depth,Depth,64.629630,D,S,87768.000000
Wed Jul 23 15:30:23 2025,23-Jul-2025,183027,48 0.559600 N,062 0.198200 W,2.1,48.2,A,Depth,Depth,64.629630,D,S,87768.000000
Wed Jul 23 15:30:27 2025,23-Jul-2025,183028,48 0.560000 N,062 0.197600 W,2.1,47.9,A,DoorSpread,DoorMaster,6.400000,D,S,101947.000000
Wed Jul 23 15:30:28 2025,23-Jul-2025,183029,48 0.560500 N,062 0.196800 W,2.2,47.5,A,Primary,Headline,20.591837,D,S,116487.000000
Wed Jul 23 15:30:28 2025,23-Jul-2025,183030,48 0.560900 N,062 0.196000 W,2.2,47.3,A,Primary,Headline,20.591837,D,S,116487.000000
Wed Jul 23 15:30:31 2025,23-Jul-2025,183031,48 0.561200 N,062 0.195300 W,2.1,47.3,A,Depth,Depth,63.981481,D,S,158463.000000
Wed Jul 23 15:30:31 2025,23-Jul-2025,183032,48 0.561500 N,062 0.194500 W,2.2,47.7,A,Depth,Depth,63.981481,D,S,158463.000000
Wed Jul 23 15:30:31 2025,23-Jul-2025,183033,48 0.561900 N,062 0.193700 W,2.3,47.9,A,Depth,Depth,63.981481,D,S,158463.000000
Wed Jul 23 15:30:34 2025,23-Jul-2025,183034,48 0.562400 N,062 0.193100 W,2.2,47.8,A,Primary,Headline,7.408163,D,P,105290.000000
Wed Jul 23 15:30:34 2025,23-Jul-2025,183035,48 0.562700 N,062 0.192600 W,2.2,48.0,A,Primary,Headline,7.408163,D,P,105290.000000
Wed Jul 23 15:30:34 2025,23-Jul-2025,183036,48 0.563100 N,062 0.192000 W,2.1,48.4,A,Primary,Headline,7.408163,D,P,105290.000000
Wed Jul 23 15:30:34 2025,23-Jul-2025,183037,48 0.563500 N,062 0.191300 W,2.2,48.6,A,Primary,Headline,7.408163,D,P,105290.000000
Wed Jul 23 15:30:34 2025,23-Jul-2025,183038,48 0.564000 N,062 0.190700 W,2.2,48.4,A,Primary,Headline,7.408163,D,P,105290.000000
Wed Jul 23 15:30:39 2025,23-Jul-2025,183039,48 0.564500 N,062 0.190200 W,2.2,48.1,A,DoorSpread,DoorMaster,7.790000,D,P,71641.000000
Wed Jul 23 15:30:39 2025,23-Jul-2025,183040,48 0.564900 N,062 0.189600 W,2.2,48.2,A,DoorSpread,DoorMaster,7.790000,D,P,71641.000000
Wed Jul 23 15:30:39 2025,23-Jul-2025,183041,48 0.565300 N,062 0.188900 W,2.2,48.3,A,DoorSpread,DoorMaster,7.790000,D,P,71641.000000
Wed Jul 23 15:30:39 2025,23-Jul-2025,183042,48 0.565700 N,062 0.188400 W,2.2,48.0,A,DoorSpread,DoorMaster,7.790000,D,P,71641.000000
Wed Jul 23 15:30:39 2025,23-Jul-2025,183043,48 0.566100 N,062 0.187900 W,2.2,47.7,A,DoorSpread,DoorMaster,7.790000,D,P,71641.000000
Wed Jul 23 15:30:39 2025,23-Jul-2025,183044,48 0.566500 N,062 0.187100 W,2.3,48.0,A,DoorSpread,DoorMaster,7.790000,D,P,71641.000000
Wed Jul 23 15:30:45 2025,23-Jul-2025,183045,48 0.567000 N,062 0.186200 W,2.4,47.9,A,DoorSpread,DoorMaster,5.955000,D,P,82496.000000
Wed Jul 23 15:30:45 2025,23-Jul-2025,183046,48 0.567400 N,062 0.185500 W,2.3,47.8,A,Depth,Depth,59.166667,D,P,72578.000000
Wed Jul 23 15:30:45 2025,23-Jul-2025,183047,48 0.567700 N,062 0.185000 W,2.2,47.7,A,Depth,Depth,59.166667,D,P,72578.000000
Wed Jul 23 15:30:45 2025,23-Jul-2025,183048,48 0.568000 N,062 0.184400 W,2.2,48.0,A,Depth,Depth,59.166667,D,P,72578.000000
Wed Jul 23 15:30:45 2025,23-Jul-2025,183049,48 0.568400 N,062 0.183600 W,2.3,48.5,A,Depth,Depth,59.166667,D,P,72578.000000
Wed Jul 23 15:30:45 2025,23-Jul-2025,183050,48 0.568700 N,062 0.182900 W,2.2,48.8,A,Depth,Depth,59.166667,D,P,72578.000000
Wed Jul 23 15:30:50 2025,23-Jul-2025,183051,48 0.569100 N,062 0.182200 W,2.2,48.9,A,DoorSpread,DoorMaster,7.260000,D,S,144814.000000
Wed Jul 23 15:30:50 2025,23-Jul-2025,183052,48 0.569500 N,062 0.181400 W,2.3,48.8,A,DoorSpread,DoorMaster,7.260000,D,S,144814.000000
Wed Jul 23 15:30:52 2025,23-Jul-2025,183053,48 0.569900 N,062 0.180700 W,2.3,48.7,A,Depth,Depth,66.759259,D,P,74021.000000
Wed Jul 23 15:30:52 2025,23-Jul-2025,183054,48 0.570200 N,062 0.180100 W,2.2,48.7,A,Depth,Depth,66.759259,D,P,74021.000000
Wed Jul 23 15:30:52 2025,23-Jul-2025,183055,48 0.570500 N,062 0.179500 W,2.2,48.7,A,Depth,Depth,66.759259,D,P,74021.000000
Wed Jul 23 15:30:55 2025,23-Jul-2025,183056,48 0.571000 N,062 0.178800 W,2.2,48.5,A,Primary,Headline,32.204082,D,S,168146.000000
Wed Jul 23 15:30:56 2025,23-Jul-2025,183057,48 0.571500 N,062 0.178200 W,2.2,48.3,A,DoorSpread,DoorMaster,6.985000,D,P,66308.000000
Wed Jul 23 15:30:56 2025,23-Jul-2025,183058,48 0.572000 N,062 0.177700 W,2.1,48.1,A,DoorSpread,DoorMaster,6.985000,D,P,66308.000000
Wed Jul 23 15:30:56 2025,23-Jul-2025,183059,48 0.572300 N,062 0.177100 W,2.1,48.2,A,DoorSpread,DoorMaster,6.985000,D,P,66308.000000
Wed Jul 23 15:30:59 2025,23-Jul-2025,183100,48 0.572700 N,062 0.176300 W,2.2,48.5,A,Depth,Depth,62.777778,D,S,139204.000000
Wed Jul 23 15:30:59 2025,23-Jul-2025,183101,48 0.573200 N,062 0.175500 W,2.3,48.6,A,Depth,Depth,62.777778,D,S,139204.000000
Wed Jul 23 15:31:02 2025,23-Jul-2025,183102,48 0.573700 N,062 0.174600 W,2.3,48.6,A,DoorSpread,DoorMaster,11.150000,D,P,28585.000000
Wed Jul 23 15:31:02 2025,23-Jul-2025,183103,48 0.574200 N,062 0.173800 W,2.3,48.6,A,DoorSpread,DoorMaster,11.150000,D,P,28585.000000
Wed Jul 23 15:31:02 2025,23-Jul-2025,183104,48 0.574600 N,062 0.173100 W,2.3,48.8,A,DoorSpread,DoorMaster,11.150000,D,P,28585.000000
Wed Jul 23 15:31:02 2025,23-Jul-2025,183105,48 0.574900 N,062 0.172300 W,2.3,49.0,A,DoorSpread,DoorMaster,11.150000,D,P,28585.000000
Wed Jul 23 15:31:02 2025,23-Jul-2025,183106,48 0.575400 N,062 0.171400 W,2.3,49.1,A,DoorSpread,DoorMaster,11.150000,D,P,28585.000000
Wed Jul 23 15:31:07 2025,23-Jul-2025,183107,48 0.575800 N,062 0.170700 W,2.3,49.1,A,Depth,Depth,64.907407,D,P,102367.000000
Wed Jul 23 15:31:07 2025,23-Jul-2025,183108,48 0.576200 N,062 0.170100 W,2.2,49.2,A,Depth,Depth,64.907407,D,P,102367.000000
Wed Jul 23 15:31:07 2025,23-Jul-2025,183109,48 0.576700 N,062 0.169400 W,2.2,49.5,A,Depth,Depth,64.907407,D,P,102367.000000
Wed Jul 23 15:31:07 2025,23-Jul-2025,183110,48 0.577100 N,062 0.168600 W,2.2,49.7,A,Depth,Depth,64.907407,D,P,102367.000000
Wed Jul 23 15:31:07 2025,23-Jul-2025,183111,48 0.577600 N,062 0.167800 W,2.2,49.7,A,Depth,Depth,64.907407,D,P,102367.000000
Wed Jul 23 15:31:07 2025,23-Jul-2025,183112,48 0.578000 N,062 0.167200 W,2.2,49.7,A,Depth,Depth,64.907407,D,P,102367.000000
Wed Jul 23 15:31:12 2025,23-Jul-2025,183113,48 0.578400 N,062 0.166400 W,2.2,49.7,A,DoorSpread,DoorMaster,7.585000,D,P,47904.000000
Wed Jul 23 15:31:12 2025,23-Jul-2025,183114,48 0.578800 N,062 0.165600 W,2.3,49.9,A,DoorSpread,DoorMaster,7.585000,D,P,47904.000000
Wed Jul 23 15:31:14 2025,23-Jul-2025,183115,48 0.579300 N,062 0.164700 W,2.3,50.2,A,Depth,Depth,63.611111,D,P,61246.000000
Wed Jul 23 15:31:14 2025,23-Jul-2025,183116,48 0.579700 N,062 0.163900 W,2.2,50.4,A,Depth,Depth,63.611111,D,P,61246.000000
Wed Jul 23 15:31:14 2025,23-Jul-2025,183117,48 0.580100 N,062 0.163300 W,2.2,50.4,A,Depth,Depth,63.611111,D,P,61246.000000
Wed Jul 23 15:31:17 2025,23-Jul-2025,183118,48 0.580600 N,062 0.162700 W,2.2,50.4,A,Primary,Headline,41.122449,D,P,75995.000000
Wed Jul 23 15:31:18 2025,23-Jul-2025,183119,48 0.581000 N,062 0.162000 W,2.2,50.6,A,Primary,Headline,41.408163,D,S,178421.000000
Wed Jul 23 15:31:18 2025,23-Jul-2025,183120,48 0.581400 N,062 0.161100 W,2.2,50.9,A,Primary,Headline,41.408163,D,S,178421.000000
Wed Jul 23 15:31:18 2025,23-Jul-2025,183121,48 0.581800 N,062 0.160600 W,2.2,50.8,A,Primary,Headline,41.408163,D,S,178421.000000
Wed Jul 23 15:31:21 2025,23-Jul-2025,183122,48 0.582400 N,062 0.159900 W,2.2,50.5,A,Depth,Depth,63.425926,D,P,83213.000000
Wed Jul 23 15:31:21 2025,23-Jul-2025,183123,48 0.582800 N,062 0.159200 W,2.2,50.5,A,Depth,Depth,63.425926,D,P,83213.000000
Wed Jul 23 15:31:23 2025,23-Jul-2025,183124,48 0.583200 N,062 0.158400 W,2.2,50.8,A,DoorSpread,DoorMaster,7.655000,D,P,47212.000000
Wed Jul 23 15:31:24 2025,23-Jul-2025,183125,48 0.583500 N,062 0.157500 W,2.3,51.1,A,Primary,Headline,58.714286,D,S,247578.000000
Wed Jul 23 15:31:24 2025,23-Jul-2025,183126,48 0.583800 N,062 0.156700 W,2.2,51.1,A,Primary,Headline,58.714286,D,S,247578.000000
Wed Jul 23 15:31:24 2025,23-Jul-2025,183127,48 0.584000 N,062 0.156100 W,2.2,51.0,A,Primary,Headline,58.714286,D,S,247578.000000
Wed Jul 23 15:31:24 2025,23-Jul-2025,183128,48 0.584300 N,062 0.155500 W,2.1,50.9,A,Primary,Headline,58.714286,D,S,247578.000000
Wed Jul 23 15:31:29 2025,23-Jul-2025,183129,48 0.584700 N,062 0.154800 W,2.2,51.1,A,DoorSpread,DoorMaster,7.445000,D,S,115842.000000
Wed Jul 23 15:31:29 2025,23-Jul-2025,183130,48 0.585100 N,062 0.154100 W,2.2,51.1,A,Primary,Headline,14.551020,D,P,216338.000000
Wed Jul 23 15:31:29 2025,23-Jul-2025,183131,48 0.585400 N,062 0.153400 W,2.2,51.3,A,Primary,Headline,14.551020,D,P,216338.000000
Wed Jul 23 15:31:29 2025,23-Jul-2025,183132,48 0.585800 N,062 0.152700 W,2.2,51.4,A,Primary,Headline,14.551020,D,P,216338.000000
Wed Jul 23 15:31:29 2025,23-Jul-2025,183133,48 0.586100 N,062 0.152000 W,2.2,51.5,A,Primary,Headline,14.551020,D,P,216338.000000
Wed Jul 23 15:31:29 2025,23-Jul-2025,183134,48 0.586600 N,062 0.151300 W,2.2,51.4,A,Primary,Headline,14.551020,D,P,216338.000000
Wed Jul 23 15:31:34 2025,23-Jul-2025,183135,48 0.587000 N,062 0.150700 W,2.2,51.4,A,DoorSpread,DoorMaster,7.960000,D,P,45910.000000
Wed Jul 23 15:31:36 2025,23-Jul-2025,183136,48 0.587400 N,062 0.150200 W,2.2,51.3,A,Depth,Depth,63.796296,D,S,266816.000000
Wed Jul 23 15:31:36 2025,23-Jul-2025,183137,48 0.587700 N,062 0.149600 W,2.2,51.5,A,Depth,Depth,63.796296,D,S,266816.000000
Wed Jul 23 15:31:36 2025,23-Jul-2025,183138,48 0.588100 N,062 0.148700 W,2.3,51.8,A,Depth,Depth,63.796296,D,S,266816.000000
Wed Jul 23 15:31:36 2025,23-Jul-2025,183139,48 0.588500 N,062 0.147900 W,2.3,51.7,A,Depth,Depth,63.796296,D,S,266816.000000
Wed Jul 23 15:31:36 2025,23-Jul-2025,183140,48 0.588800 N,062 0.147300 W,2.2,51.7,A,Depth,Depth,63.796296,D,S,266816.000000
Wed Jul 23 15:31:40 2025,23-Jul-2025,183141,48 0.589000 N,062 0.146700 W,2.1,51.7,A,DoorSpread,DoorMaster,10.195000,D,S,49163.000000
Wed Jul 23 15:31:40 2025,23-Jul-2025,183142,48 0.589300 N,062 0.145900 W,2.2,51.7,A,DoorSpread,DoorMaster,10.195000,D,S,49163.000000
Wed Jul 23 15:31:40 2025,23-Jul-2025,183143,48 0.589600 N,062 0.145100 W,2.2,51.7,A,DoorSpread,DoorMaster,10.195000,D,S,49163.000000
Wed Jul 23 15:31:43 2025,23-Jul-2025,183144,48 0.589900 N,062 0.144400 W,2.2,51.7,A,Depth,Depth,64.259259,D,S,163132.000000
Wed Jul 23 15:31:43 2025,23-Jul-2025,183145,48 0.590200 N,062 0.143600 W,2.2,51.7,A,Depth,Depth,64.259259,D,S,163132.000000
Wed Jul 23 15:31:45 2025,23-Jul-2025,183146,48 0.590500 N,062 0.142800 W,2.2,51.8,A,Primary,Headline,15.020408,D,S,188109.000000
Wed Jul 23 15:31:46 2025,23-Jul-2025,183147,48 0.590900 N,062 0.141900 W,2.3,51.9,A,DoorSpread,DoorMaster,5.075000,D,S,146856.000000
Wed Jul 23 15:31:46 2025,23-Jul-2025,183148,48 0.591200 N,062 0.141200 W,2.3,51.8,A,DoorSpread,DoorMaster,5.075000,D,S,146856.000000
Wed Jul 23 15:31:46 2025,23-Jul-2025,183149,48 0.591600 N,062 0.140600 W,2.2,51.9,A,DoorSpread,DoorMaster,5.075000,D,S,146856.000000
Wed Jul 23 15:31:46 2025,23-Jul-2025,183150,48 0.591900 N,062 0.139900 W,2.2,52.2,A,DoorSpread,DoorMaster,5.075000,D,S,146856.000000
Wed Jul 23 15:31:50 2025,23-Jul-2025,183151,48 0.592200 N,062 0.139000 W,2.3,52.4,A,Depth,Depth,63.981481,D,S,216078.000000
Wed Jul 23 15:31:51 2025,23-Jul-2025,183152,48 0.592600 N,062 0.138200 W,2.3,52.4,A,DoorSpread,DoorMaster,7.975000,D,S,108116.000000
Wed Jul 23 15:31:51 2025,23-Jul-2025,183153,48 0.593000 N,062 0.137600 W,2.2,52.3,A,DoorSpread,DoorMaster,7.975000,D,S,108116.000000
Wed Jul 23 15:31:51 2025,23-Jul-2025,183154,48 0.593400 N,062 0.136900 W,2.2,52.4,A,DoorSpread,DoorMaster,7.975000,D,S,108116.000000
Wed Jul 23 15:31:51 2025,23-Jul-2025,183155,48 0.593700 N,062 0.136100 W,2.2,52.5,A,DoorSpread,DoorMaster,7.975000,D,S,108116.000000
Wed Jul 23 15:31:51 2025,23-Jul-2025,183156,48 0.594100 N,062 0.135400 W,2.3,52.4,A,DoorSpread,DoorMaster,7.975000,D,S,108116.000000
Wed Jul 23 15:31:56 2025,23-Jul-2025,183157,48 0.594500 N,062 0.134700 W,2.2,52.3,A,Primary,Headline,9.285714,D,S,237603.000000
Wed Jul 23 15:31:58 2025,23-Jul-2025,183158,48 0.594900 N,062 0.133900 W,2.2,52.2,A,Depth,Depth,64.166667,D,P,137648.000000
Wed Jul 23 15:31:58 2025,23-Jul-2025,183159,48 0.595200 N,062 0.133200 W,2.2,52.2,A,Depth,Depth,64.166667,D,P,137648.000000
Wed Jul 23 15:31:58 2025,23-Jul-2025,183200,48 0.595600 N,062 0.132500 W,2.2,52.3,A,Depth,Depth,64.166667,D,P,137648.000000
Wed Jul 23 15:31:58 2025,23-Jul-2025,183201,48 0.595900 N,062 0.131700 W,2.2,52.3,A,Depth,Depth,64.166667,D,P,137648.000000
Wed Jul 23 15:31:58 2025,23-Jul-2025,183202,48 0.596300 N,062 0.130800 W,2.2,52.2,A,Depth,Depth,64.166667,D,P,137648.000000
Wed Jul 23 15:32:02 2025,23-Jul-2025,183203,48 0.596600 N,062 0.130100 W,2.2,52.1,A,Primary,Headline,59.000000,D,S,171467.000000
Wed Jul 23 15:32:03 2025,23-Jul-2025,183204,48 0.596900 N,062 0.129400 W,2.2,52.1,A,DoorSpread,DoorMaster,8.305000,D,P,76413.000000
Wed Jul 23 15:32:05 2025,23-Jul-2025,183205,48 0.597400 N,062 0.128700 W,2.2,52.2,A,Depth,Depth,55.185185,D,S,228714.000000
Wed Jul 23 15:32:05 2025,23-Jul-2025,183206,48 0.597800 N,062 0.127800 W,2.2,52.2,A,Depth,Depth,55.185185,D,S,228714.000000
Wed Jul 23 15:32:05 2025,23-Jul-2025,183207,48 0.598100 N,062 0.127000 W,2.2,52.3,A,Depth,Depth,55.185185,D,S,228714.000000
Wed Jul 23 15:32:07 2025,23-Jul-2025,183208,48 0.598300 N,062 0.126200 W,2.2,52.2,A,Primary,Headline,22.326531,D,S,266952.000000
Wed Jul 23 15:32:09 2025,23-Jul-2025,183209,48 0.598600 N,062 0.125500 W,2.2,52.1,A,DoorSpread,DoorMaster,8.165000,D,P,76620.000000
Wed Jul 23 15:32:09 2025,23-Jul-2025,183210,48 0.599000 N,062 0.124600 W,2.2,52.1,A,DoorSpread,DoorMaster,8.165000,D,P,76620.000000
Wed Jul 23 15:32:09 2025,23-Jul-2025,183211,48 0.599300 N,062 0.123800 W,2.2,52.5,A,DoorSpread,DoorMaster,8.165000,D,P,76620.000000
Wed Jul 23 15:32:09 2025,23-Jul-2025,183212,48 0.599700 N,062 0.122900 W,2.3,52.6,A,DoorSpread,DoorMaster,8.165000,D,P,76620.000000
Wed Jul 23 15:32:12 2025,23-Jul-2025,183213,48 0.600100 N,062 0.122200 W,2.3,52.4,A,Primary,Headline,22.122449,D,S,230800.000000
Wed Jul 23 15:32:13 2025,23-Jul-2025,183214,48 0.600500 N,062 0.121600 W,2.2,52.2,A,Primary,Headline,21.510204,D,P,64535.000000
Wed Jul 23 15:32:14 2025,23-Jul-2025,183215,48 0.600700 N,062 0.120800 W,2.2,52.3,A,DoorSpread,DoorMaster,7.960000,D,P,102916.000000
Wed Jul 23 15:32:14 2025,23-Jul-2025,183216,48 0.601100 N,062 0.120100 W,2.2,52.4,A,DoorSpread,DoorMaster,7.960000,D,P,102916.000000
Wed Jul 23 15:32:14 2025,23-Jul-2025,183217,48 0.601500 N,062 0.119400 W,2.2,52.3,A,DoorSpread,DoorMaster,7.960000,D,P,102916.000000
Wed Jul 23 15:32:14 2025,23-Jul-2025,183218,48 0.602000 N,062 0.118800 W,2.2,52.1,A,DoorSpread,DoorMaster,7.960000,D,P,102916.000000
Wed Jul 23 15:32:19 2025,23-Jul-2025,183219,48 0.602400 N,062 0.118000 W,2.2,52.1,A,Primary,Headline,56.755102,D,P,88310.000000
Wed Jul 23 15:32:20 2025,23-Jul-2025,183220,48 0.602800 N,062 0.117300 W,2.1,52.1,A,DoorSpread,DoorMaster,7.890000,D,P,91460.000000
Wed Jul 23 15:32:20 2025,23-Jul-2025,183221,48 0.603100 N,062 0.116700 W,2.1,52.2,A,DoorSpread,DoorMaster,7.890000,D,P,91460.000000
Wed Jul 23 15:32:20 2025,23-Jul-2025,183222,48 0.603400 N,062 0.115900 W,2.2,52.3,A,DoorSpread,DoorMaster,7.890000,D,P,91460.000000
Wed Jul 23 15:32:20 2025,23-Jul-2025,183223,48 0.603800 N,062 0.115300 W,2.2,52.4,A,DoorSpread,DoorMaster,7.890000,D,P,91460.000000
Wed Jul 23 15:32:20 2025,23-Jul-2025,183224,48 0.604100 N,062 0.114700 W,2.2,52.5,A,DoorSpread,DoorMaster,7.890000,D,P,91460.000000
Wed Jul 23 15:32:24 2025,23-Jul-2025,183225,48 0.604500 N,062 0.114300 W,2.1,52.3,A,Primary,Headline,46.163265,D,S,205843.000000
Wed Jul 23 15:32:26 2025,23-Jul-2025,183226,48 0.604900 N,062 0.113700 W,2.1,52.2,A,DoorSpread,DoorMaster,4.550000,D,S,137242.000000
Wed Jul 23 15:32:26 2025,23-Jul-2025,183227,48 0.605300 N,062 0.113000 W,2.2,52.2,A,Depth,Depth,61.018519,D,P,174617.000000
Wed Jul 23 15:32:26 2025,23-Jul-2025,183228,48 0.605700 N,062 0.112200 W,2.2,52.4,A,Depth,Depth,61.018519,D,P,174617.000000
Wed Jul 23 15:32:26 2025,23-Jul-2025,183229,48 0.606000 N,062 0.111500 W,2.2,52.6,A,Depth,Depth,61.018519,D,P,174617.000000
Wed Jul 23 15:32:26 2025,23-Jul-2025,183230,48 0.606400 N,062 0.110800 W,2.2,52.5,A,Depth,Depth,61.018519,D,P,174617.000000
Wed Jul 23 15:32:30 2025,23-Jul-2025,183231,48 0.606700 N,062 0.110100 W,2.2,52.5,A,Primary,Headline,44.061224,D,P,371537.000000
Wed Jul 23 15:32:31 2025,23-Jul-2025,183232,48 0.607000 N,062 0.109200 W,2.3,52.8,A,DoorSpread,DoorMaster,8.130000,D,P,109169.000000
Wed Jul 23 15:32:31 2025,23-Jul-2025,183233,48 0.607400 N,062 0.108400 W,2.3,53.0,A,DoorSpread,DoorMaster,8.130000,D,P,109169.000000
Wed Jul 23 15:32:34 2025,23-Jul-2025,183234,48 0.607800 N,062 0.107700 W,2.3,53.0,A,Depth,Depth,62.870370,D,S,196078.000000
Wed Jul 23 15:32:34 2025,23-Jul-2025,183235,48 0.608100 N,062 0.107100 W,2.3,52.8,A,Depth,Depth,62.870370,D,S,196078.000000
Wed Jul 23 15:32:35 2025,23-Jul-2025,183236,48 0.608400 N,062 0.106500 W,2.2,52.8,A,Primary,Headline,6.510204,D,P,233038.000000
Wed Jul 23 15:32:35 2025,23-Jul-2025,183237,48 0.608600 N,062 0.105700 W,2.2,53.0,A,Primary,Headline,6.510204,D,P,233038.000000
Wed Jul 23 15:32:37 2025,23-Jul-2025,183238,48 0.609000 N,062 0.104800 W,2.3,53.0,A,DoorSpread,DoorMaster,8.860000,D,P,53892.000000
Wed Jul 23 15:32:37 2025,23-Jul-2025,183239,48 0.609300 N,062 0.104000 W,2.3,52.8,A,DoorSpread,DoorMaster,8.860000,D,P,53892.000000
Wed Jul 23 15:32:37 2025,23-Jul-2025,183240,48 0.609600 N,062 0.103400 W,2.2,52.7,A,DoorSpread,DoorMaster,8.860000,D,P,53892.000000
Wed Jul 23 15:32:40 2025,23-Jul-2025,183241,48 0.609800 N,062 0.102700 W,2.2,53.0,A,Primary,Headline,11.428571,D,S,121983.000000
Wed Jul 23 15:32:41 2025,23-Jul-2025,183242,48 0.610100 N,062 0.101800 W,2.4,53.2,A,Depth,Depth,64.351852,D,P,80546.000000
Wed Jul 23 15:32:43 2025,23-Jul-2025,183243,48 0.610600 N,062 0.101000 W,2.3,53.1,A,DoorSpread,DoorMaster,7.820000,D,P,106316.000000
Wed Jul 23 15:32:43 2025,23-Jul-2025,183244,48 0.610800 N,062 0.100600 W,2.1,53.0,A,DoorSpread,DoorMaster,7.820000,D,P,106316.000000
Wed Jul 23 15:32:43 2025,23-Jul-2025,183245,48 0.611000 N,062 0.100000 W,2.1,53.3,A,DoorSpread,DoorMaster,7.820000,D,P,106316.000000
Wed Jul 23 15:32:43 2025,23-Jul-2025,183246,48 0.611400 N,062 0.099000 W,2.4,53.6,A,DoorSpread,DoorMaster,7.820000,D,P,106316.000000
Wed Jul 23 15:32:46 2025,23-Jul-2025,183247,48 0.611800 N,062 0.098000 W,2.3,53.9,A,Primary,Headline,44.326531,D,P,105336.000000
Wed Jul 23 15:32:46 2025,23-Jul-2025,183248,48 0.612100 N,062 0.097500 W,2.1,54.0,A,Primary,Headline,44.326531,D,P,105336.000000
Wed Jul 23 15:32:48 2025,23-Jul-2025,183249,48 0.612400 N,062 0.097100 W,2.1,54.2,A,DoorSpread,DoorMaster,8.555000,D,P,107654.000000
Wed Jul 23 15:32:49 2025,23-Jul-2025,183250,48 0.612800 N,062 0.096400 W,2.2,54.3,A,DoorSpread,DoorMaster,8.510000,D,S,118814.000000
Wed Jul 23 15:32:49 2025,23-Jul-2025,183251,48 0.613100 N,062 0.095600 W,2.2,54.6,A,DoorSpread,DoorMaster,8.510000,D,S,118814.000000
Wed Jul 23 15:32:49 2025,23-Jul-2025,183252,48 0.613300 N,062 0.094800 W,2.2,55.0,A,DoorSpread,DoorMaster,8.510000,D,S,118814.000000
Wed Jul 23 15:32:52 2025,23-Jul-2025,183253,48 0.613600 N,062 0.094100 W,2.2,55.1,A,Primary,Headline,56.265306,D,P,282244.000000
Wed Jul 23 15:32:52 2025,23-Jul-2025,183254,48 0.614000 N,062 0.093500 W,2.2,54.9,A,Primary,Headline,56.265306,D,P,282244.000000
Wed Jul 23 15:32:54 2025,23-Jul-2025,183255,48 0.614200 N,062 0.092800 W,2.2,55.0,A,DoorSpread,DoorMaster,9.225000,D,P,57595.000000
Wed Jul 23 15:32:55 2025,23-Jul-2025,183256,48 0.614400 N,062 0.092100 W,2.2,55.2,A,Depth,Depth,63.611111,D,P,285830.000000
Wed Jul 23 15:32:55 2025,23-Jul-2025,183257,48 0.614800 N,062 0.091200 W,2.3,55.3,A,Depth,Depth,63.611111,D,P,285830.000000
Wed Jul 23 15:32:57 2025,23-Jul-2025,183258,48 0.615200 N,062 0.090500 W,2.3,55.1,A,Primary,Headline,13.081633,D,P,257219.000000
Wed Jul 23 15:32:57 2025,23-Jul-2025,183259,48 0.615500 N,062 0.089700 W,2.3,55.0,A,Primary,Headline,13.081633,D,P,257219.000000
Wed Jul 23 15:32:57 2025,23-Jul-2025,183300,48 0.615800 N,062 0.089100 W,2.2,55.1,A,Primary,Headline,13.081633,D,P,257219.000000
Wed Jul 23 15:33:00 2025,23-Jul-2025,183301,48 0.616100 N,062 0.088300 W,2.2,55.3,A,DoorSpread,DoorMaster,8.420000,D,P,180593.000000
Wed Jul 23 15:33:00 2025,23-Jul-2025,183302,48 0.616400 N,062 0.087600 W,2.3,55.2,A,DoorSpread,DoorMaster,8.420000,D,P,180593.000000
Wed Jul 23 15:33:03 2025,23-Jul-2025,183303,48 0.616800 N,062 0.086900 W,2.2,54.9,A,Primary,Headline,17.877551,D,S,237847.000000
Wed Jul 23 15:33:03 2025,23-Jul-2025,183304,48 0.617100 N,062 0.086400 W,2.2,54.6,A,Primary,Headline,17.877551,D,S,237847.000000
Wed Jul 23 15:33:03 2025,23-Jul-2025,183305,48 0.617500 N,062 0.085800 W,2.2,54.6,A,Primary,Headline,17.877551,D,S,237847.000000
Wed Jul 23 15:33:03 2025,23-Jul-2025,183306,48 0.617900 N,062 0.085000 W,2.3,54.5,A,Primary,Headline,17.877551,D,S,237847.000000
Wed Jul 23 15:33:03 2025,23-Jul-2025,183307,48 0.618300 N,062 0.084300 W,2.2,54.3,A,Primary,Headline,17.877551,D,S,237847.000000
Wed Jul 23 15:33:08 2025,23-Jul-2025,183308,48 0.618700 N,062 0.083600 W,2.2,54.3,A,Primary,Headline,11.775510,D,P,250386.000000
Wed Jul 23 15:33:08 2025,23-Jul-2025,183309,48 0.619000 N,062 0.082900 W,2.2,54.3,A,Primary,Headline,11.775510,D,P,250386.000000
Wed Jul 23 15:33:08 2025,23-Jul-2025,183310,48 0.619400 N,062 0.082100 W,2.2,54.4,A,Primary,Headline,11.775510,D,P,250386.000000
Wed Jul 23 15:33:08 2025,23-Jul-2025,183311,48 0.619800 N,062 0.081300 W,2.2,54.4,A,Primary,Headline,11.775510,D,P,250386.000000
Wed Jul 23 15:33:08 2025,23-Jul-2025,183312,48 0.620200 N,062 0.080600 W,2.2,54.3,A,Primary,Headline,11.775510,D,P,250386.000000
Wed Jul 23 15:33:08 2025,23-Jul-2025,183313,48 0.620500 N,062 0.079900 W,2.1,54.2,A,Primary,Headline,11.775510,D,P,250386.000000
Wed Jul 23 15:33:13 2025,23-Jul-2025,183314,48 0.620800 N,062 0.079200 W,2.2,54.4,A,Primary,Headline,5.510204,D,P,222066.000000
Wed Jul 23 15:33:13 2025,23-Jul-2025,183315,48 0.621200 N,062 0.078300 W,2.2,54.8,A,Primary,Headline,5.510204,D,P,222066.000000
Wed Jul 23 15:33:13 2025,23-Jul-2025,183316,48 0.621500 N,062 0.077500 W,2.2,55.1,A,Primary,Headline,5.510204,D,P,222066.000000
Wed Jul 23 15:33:16 2025,23-Jul-2025,183317,48 0.621800 N,062 0.076800 W,2.2,55.2,A,DoorSpread,DoorMaster,9.160000,D,S,157074.000000
Wed Jul 23 15:33:17 2025,23-Jul-2025,183318,48 0.622100 N,062 0.076100 W,2.1,55.2,A,Depth,Depth,59.444444,D,S,168333.000000
Wed Jul 23 15:33:17 2025,23-Jul-2025,183319,48 0.622400 N,062 0.075600 W,2.1,55.1,A,Depth,Depth,59.444444,D,S,168333.000000
Wed Jul 23 15:33:19 2025,23-Jul-2025,183320,48 0.622700 N,062 0.074900 W,2.1,54.8,A,Primary,Headline,57.979592,D,P,268280.000000
Wed Jul 23 15:33:19 2025,23-Jul-2025,183321,48 0.623000 N,062 0.074200 W,2.1,54.4,A,Primary,Headline,57.979592,D,P,268280.000000
Wed Jul 23 15:33:22 2025,23-Jul-2025,183322,48 0.623400 N,062 0.073400 W,2.1,54.4,A,DoorSpread,DoorMaster,9.815000,D,S,93710.000000
Wed Jul 23 15:33:22 2025,23-Jul-2025,183323,48 0.623600 N,062 0.072600 W,2.1,54.5,A,DoorSpread,DoorMaster,9.815000,D,S,93710.000000
Wed Jul 23 15:33:22 2025,23-Jul-2025,183324,48 0.623900 N,062 0.071900 W,2.1,54.7,A,DoorSpread,DoorMaster,9.815000,D,S,93710.000000
Wed Jul 23 15:33:24 2025,23-Jul-2025,183325,48 0.624200 N,062 0.071100 W,2.1,54.7,A,Primary,Headline,58.734694,D,S,180922.000000
Wed Jul 23 15:33:25 2025,23-Jul-2025,183326,48 0.624600 N,062 0.070300 W,2.1,54.4,A,Primary,Headline,58.836735,D,P,141891.000000
Wed Jul 23 15:33:25 2025,23-Jul-2025,183327,48 0.625000 N,062 0.069500 W,2.1,54.2,A,Primary,Headline,58.836735,D,P,141891.000000
Wed Jul 23 15:33:27 2025,23-Jul-2025,183328,48 0.625300 N,062 0.068800 W,2.1,54.1,A,DoorSpread,DoorMaster,10.785000,D,P,73618.000000
Wed Jul 23 15:33:27 2025,23-Jul-2025,183329,48 0.625600 N,062 0.068100 W,2.1,53.7,A,DoorSpread,DoorMaster,10.785000,D,P,73618.000000
Wed Jul 23 15:33:27 2025,23-Jul-2025,183330,48 0.626100 N,062 0.067300 W,2.1,53.4,A,DoorSpread,DoorMaster,10.785000,D,P,73618.000000
Wed Jul 23 15:33:31 2025,23-Jul-2025,183331,48 0.626400 N,062 0.066600 W,2.0,53.4,A,Primary,Headline,56.020408,D,S,120586.000000
Wed Jul 23 15:33:31 2025,23-Jul-2025,183332,48 0.626600 N,062 0.066000 W,1.9,53.5,A,Depth,Depth,63.055556,D,S,198380.000000
Wed Jul 23 15:33:31 2025,23-Jul-2025,183333,48 0.627000 N,062 0.065200 W,2.1,53.8,A,Depth,Depth,63.055556,D,S,198380.000000
Wed Jul 23 15:33:33 2025,23-Jul-2025,183334,48 0.627300 N,062 0.064400 W,2.1,54.2,A,DoorSpread,DoorMaster,10.265000,D,P,303390.000000
Wed Jul 23 15:33:33 2025,23-Jul-2025,183335,48 0.627600 N,062 0.063700 W,2.1,54.5,A,DoorSpread,DoorMaster,10.265000,D,P,303390.000000
Wed Jul 23 15:33:33 2025,23-Jul-2025,183336,48 0.627900 N,062 0.063000 W,2.1,54.8,A,DoorSpread,DoorMaster,10.265000,D,P,303390.000000
Wed Jul 23 15:33:36 2025,23-Jul-2025,183337,48 0.628300 N,062 0.062300 W,2.2,54.8,A,Primary,Headline,53.122449,D,P,177042.000000
Wed Jul 23 15:33:36 2025,23-Jul-2025,183338,48 0.628800 N,062 0.061600 W,2.2,54.8,A,Primary,Headline,53.122449,D,P,177042.000000
Wed Jul 23 15:33:39 2025,23-Jul-2025,183339,48 0.629100 N,062 0.061000 W,2.1,54.9,A,Depth,Depth,64.351852,D,S,115145.000000
Wed Jul 23 15:33:39 2025,23-Jul-2025,183340,48 0.629300 N,062 0.060300 W,2.1,55.1,A,DoorSpread,DoorMaster,11.220000,D,S,98676.000000
Wed Jul 23 15:33:39 2025,23-Jul-2025,183341,48 0.629700 N,062 0.059500 W,2.2,55.4,A,DoorSpread,DoorMaster,11.220000,D,S,98676.000000
Wed Jul 23 15:33:39 2025,23-Jul-2025,183342,48 0.630000 N,062 0.058900 W,2.2,55.4,A,DoorSpread,DoorMaster,11.220000,D,S,98676.000000
Wed Jul 23 15:33:42 2025,23-Jul-2025,183343,48 0.630300 N,062 0.058300 W,2.1,55.3,A,Primary,Headline,58.571429,D,S,187063.000000
Wed Jul 23 15:33:42 2025,23-Jul-2025,183344,48 0.630500 N,062 0.057800 W,2.0,55.4,A,Primary,Headline,58.571429,D,S,187063.000000
Wed Jul 23 15:33:42 2025,23-Jul-2025,183345,48 0.630800 N,062 0.057200 W,2.0,55.2,A,Primary,Headline,58.571429,D,S,187063.000000
Wed Jul 23 15:33:45 2025,23-Jul-2025,183346,48 0.631100 N,062 0.056400 W,2.1,55.2,A,DoorSpread,DoorMaster,10.255000,D,S,132135.000000
Wed Jul 23 15:33:46 2025,23-Jul-2025,183347,48 0.631400 N,062 0.055700 W,2.1,55.0,A,Depth,Depth,63.240741,D,S,211039.000000
Wed Jul 23 15:33:46 2025,23-Jul-2025,183348,48 0.631700 N,062 0.055100 W,1.9,54.9,A,Depth,Depth,63.240741,D,S,211039.000000
Wed Jul 23 15:33:48 2025,23-Jul-2025,183349,48 0.631800 N,062 0.054400 W,2.0,54.9,A,Primary,Headline,58.367347,D,S,215948.000000
Wed Jul 23 15:33:48 2025,23-Jul-2025,183350,48 0.632100 N,062 0.053600 W,2.0,54.9,A,Primary,Headline,58.367347,D,S,215948.000000
Wed Jul 23 15:33:48 2025,23-Jul-2025,183351,48 0.632300 N,062 0.052800 W,2.1,55.0,A,Primary,Headline,58.367347,D,S,215948.000000
Wed Jul 23 15:33:51 2025,23-Jul-2025,183352,48 0.632600 N,062 0.051900 W,2.1,55.0,A,DoorSpread,DoorMaster,9.190000,D,P,154934.000000
Wed Jul 23 15:33:51 2025,23-Jul-2025,183353,48 0.632900 N,062 0.051100 W,2.0,55.1,A,DoorSpread,DoorMaster,9.190000,D,P,154934.000000
Wed Jul 23 15:33:53 2025,23-Jul-2025,183354,48 0.633300 N,062 0.050200 W,2.1,55.3,A,Depth,Depth,63.981481,D,S,180217.000000
Wed Jul 23 15:33:54 2025,23-Jul-2025,183355,48 0.633700 N,062 0.049400 W,2.1,55.5,A,Primary,Headline,57.918367,D,P,282665.000000
Wed Jul 23 15:33:54 2025,23-Jul-2025,183356,48 0.634100 N,062 0.048600 W,2.1,55.8,A,Primary,Headline,57.918367,D,P,282665.000000
Wed Jul 23 15:33:57 2025,23-Jul-2025,183357,48 0.634400 N,062 0.047900 W,2.1,56.0,A,DoorSpread,DoorMaster,9.480000,D,S,147505.000000
Wed Jul 23 15:33:57 2025,23-Jul-2025,183358,48 0.634700 N,062 0.047300 W,2.1,56.0,A,DoorSpread,DoorMaster,9.480000,D,S,147505.000000
Wed Jul 23 15:33:57 2025,23-Jul-2025,183359,48 0.635000 N,062 0.046600 W,2.1,56.0,A,DoorSpread,DoorMaster,9.480000,D,S,147505.000000
Wed Jul 23 15:33:57 2025,23-Jul-2025,183400,48 0.635400 N,062 0.045900 W,2.1,56.2,A,DoorSpread,DoorMaster,9.480000,D,S,147505.000000
Wed Jul 23 15:34:00 2025,23-Jul-2025,183401,48 0.635700 N,062 0.045200 W,2.1,56.5,A,Primary,Headline,57.081633,D,P,323716.000000
Wed Jul 23 15:34:00 2025,23-Jul-2025,183402,48 0.636100 N,062 0.044300 W,2.2,56.5,A,Primary,Headline,57.081633,D,P,323716.000000
Wed Jul 23 15:34:03 2025,23-Jul-2025,183403,48 0.636500 N,062 0.043500 W,2.2,56.6,A,DoorSpread,DoorMaster,9.200000,D,P,212566.000000
Wed Jul 23 15:34:03 2025,23-Jul-2025,183404,48 0.636800 N,062 0.042800 W,2.1,56.6,A,DoorSpread,DoorMaster,9.200000,D,P,212566.000000
Wed Jul 23 15:34:03 2025,23-Jul-2025,183405,48 0.637100 N,062 0.042000 W,2.2,57.0,A,DoorSpread,DoorMaster,9.200000,D,P,212566.000000
Wed Jul 23 15:34:05 2025,23-Jul-2025,183406,48 0.637500 N,062 0.041000 W,2.3,57.4,A,Primary,Headline,5.857143,D,S,199800.000000
Wed Jul 23 15:34:05 2025,23-Jul-2025,183407,48 0.637800 N,062 0.040100 W,2.2,57.6,A,Primary,Headline,5.857143,D,S,199800.000000
Wed Jul 23 15:34:05 2025,23-Jul-2025,183408,48 0.638200 N,062 0.039500 W,2.2,57.4,A,Primary,Headline,5.857143,D,S,199800.000000
Wed Jul 23 15:34:08 2025,23-Jul-2025,183409,48 0.638600 N,062 0.038800 W,2.2,57.3,A,DoorSpread,DoorMaster,9.530000,D,P,151118.000000
Wed Jul 23 15:34:08 2025,23-Jul-2025,183410,48 0.638900 N,062 0.038000 W,2.2,57.3,A,DoorSpread,DoorMaster,9.530000,D,P,151118.000000
Wed Jul 23 15:34:08 2025,23-Jul-2025,183411,48 0.639300 N,062 0.037200 W,2.3,57.1,A,DoorSpread,DoorMaster,9.530000,D,P,151118.000000
Wed Jul 23 15:34:11 2025,23-Jul-2025,183412,48 0.639600 N,062 0.036400 W,2.3,57.0,A,Primary,Headline,58.183673,D,P,208420.000000
Wed Jul 23 15:34:11 2025,23-Jul-2025,183413,48 0.640000 N,062 0.035700 W,2.2,56.9,A,Primary,Headline,58.183673,D,P,208420.000000
Wed Jul 23 15:34:11 2025,23-Jul-2025,183414,48 0.640300 N,062 0.035000 W,2.2,56.9,A,Primary,Headline,58.183673,D,P,208420.000000
Wed Jul 23 15:34:14 2025,23-Jul-2025,183415,48 0.640600 N,062 0.034300 W,2.3,57.0,A,DoorSpread,DoorMaster,9.315000,D,P,123909.000000
Wed Jul 23 15:34:15 2025,23-Jul-2025,183416,48 0.641000 N,062 0.033600 W,2.3,56.9,A,Depth,Depth,63.981481,D,P,212317.000000
Wed Jul 23 15:34:15 2025,23-Jul-2025,183417,48 0.641400 N,062 0.032800 W,2.3,56.7,A,Depth,Depth,63.981481,D,P,212317.000000
Wed Jul 23 15:34:17 2025,23-Jul-2025,183418,48 0.641700 N,062 0.032100 W,2.3,56.6,A,Primary,Headline,43.836735,D,S,345411.000000
Wed Jul 23 15:34:17 2025,23-Jul-2025,183419,48 0.642000 N,062 0.031400 W,2.2,56.6,A,Primary,Headline,43.836735,D,S,345411.000000
Wed Jul 23 15:34:17 2025,23-Jul-2025,183420,48 0.642300 N,062 0.030700 W,2.3,56.2,A,Primary,Headline,43.836735,D,S,345411.000000
Wed Jul 23 15:34:20 2025,23-Jul-2025,183421,48 0.642700 N,062 0.029800 W,2.3,56.1,A,DoorSpread,DoorMaster,9.515000,D,P,127269.000000
Wed Jul 23 15:34:20 2025,23-Jul-2025,183422,48 0.642900 N,062 0.029000 W,2.3,55.9,A,DoorSpread,DoorMaster,9.515000,D,P,127269.000000
Wed Jul 23 15:34:23 2025,23-Jul-2025,183423,48 0.643200 N,062 0.028300 W,2.2,55.7,A,Primary,Headline,14.204082,D,P,282516.000000
Wed Jul 23 15:34:23 2025,23-Jul-2025,183424,48 0.643500 N,062 0.027600 W,2.3,55.3,A,Primary,Headline,14.204082,D,P,282516.000000
Wed Jul 23 15:34:23 2025,23-Jul-2025,183425,48 0.643800 N,062 0.026900 W,2.3,55.3,A,Primary,Headline,14.204082,D,P,282516.000000
Wed Jul 23 15:34:26 2025,23-Jul-2025,183426,48 0.644100 N,062 0.026200 W,2.2,55.3,A,DoorSpread,DoorMaster,9.200000,D,S,112461.000000
Wed Jul 23 15:34:26 2025,23-Jul-2025,183427,48 0.644400 N,062 0.025500 W,2.3,55.4,A,DoorSpread,DoorMaster,9.200000,D,S,112461.000000
Wed Jul 23 15:34:26 2025,23-Jul-2025,183428,48 0.644800 N,062 0.024700 W,2.3,55.5,A,DoorSpread,DoorMaster,9.200000,D,S,112461.000000
Wed Jul 23 15:34:28 2025,23-Jul-2025,183429,48 0.645100 N,062 0.024100 W,2.2,55.5,A,Primary,Headline,42.653061,D,S,199949.000000
Wed Jul 23 15:34:29 2025,23-Jul-2025,183430,48 0.645400 N,062 0.023400 W,2.2,55.7,A,Depth,Depth,64.166667,D,P,290767.000000
Wed Jul 23 15:34:29 2025,23-Jul-2025,183431,48 0.645700 N,062 0.022700 W,2.2,55.7,A,Depth,Depth,64.166667,D,P,290767.000000
Wed Jul 23 15:34:32 2025,23-Jul-2025,183432,48 0.646000 N,062 0.021900 W,2.3,55.8,A,DoorSpread,DoorMaster,10.225000,D,P,142872.000000
Wed Jul 23 15:34:32 2025,23-Jul-2025,183433,48 0.646300 N,062 0.021100 W,2.3,56.0,A,DoorSpread,DoorMaster,10.225000,D,P,142872.000000
Wed Jul 23 15:34:33 2025,23-Jul-2025,183434,48 0.646500 N,062 0.020300 W,2.2,56.3,A,Primary,Headline,5.714286,D,P,135073.000000
Wed Jul 23 15:34:33 2025,23-Jul-2025,183435,48 0.646700 N,062 0.019600 W,2.2,56.6,A,Primary,Headline,5.714286,D,P,135073.000000
Wed Jul 23 15:34:33 2025,23-Jul-2025,183436,48 0.647000 N,062 0.018700 W,2.2,56.9,A,Primary,Headline,5.714286,D,P,135073.000000
Wed Jul 23 15:34:37 2025,23-Jul-2025,183437,48 0.647300 N,062 0.017900 W,2.2,57.0,A,Depth,Depth,64.074074,D,S,110193.000000
Wed Jul 23 15:34:38 2025,23-Jul-2025,183438,48 0.647600 N,062 0.017100 W,2.2,56.9,A,DoorSpread,DoorMaster,11.440000,D,P,175665.000000
Wed Jul 23 15:34:38 2025,23-Jul-2025,183439,48 0.648000 N,062 0.016400 W,2.2,56.9,A,DoorSpread,DoorMaster,11.440000,D,P,175665.000000
Wed Jul 23 15:34:39 2025,23-Jul-2025,183440,48 0.648400 N,062 0.015600 W,2.2,56.9,A,Primary,Headline,58.612245,D,S,175185.000000
Wed Jul 23 15:34:39 2025,23-Jul-2025,183441,48 0.648800 N,062 0.014800 W,2.2,57.0,A,Primary,Headline,58.612245,D,S,175185.000000
Wed Jul 23 15:34:39 2025,23-Jul-2025,183442,48 0.649100 N,062 0.014000 W,2.2,57.0,A,Primary,Headline,58.612245,D,S,175185.000000
Wed Jul 23 15:34:39 2025,23-Jul-2025,183443,48 0.649500 N,062 0.013200 W,2.2,57.0,A,Primary,Headline,58.612245,D,S,175185.000000
Wed Jul 23 15:34:44 2025,23-Jul-2025,183444,48 0.649700 N,062 0.012400 W,2.2,57.2,A,Depth,Depth,64.074074,D,S,232832.000000
Wed Jul 23 15:34:45 2025,23-Jul-2025,183445,48 0.650100 N,062 0.011500 W,2.2,57.3,A,Primary,Headline,28.510204,D,S,116115.000000
Wed Jul 23 15:34:45 2025,23-Jul-2025,183446,48 0.650500 N,062 0.010700 W,2.2,57.2,A,Primary,Headline,28.510204,D,S,116115.000000
Wed Jul 23 15:34:45 2025,23-Jul-2025,183447,48 0.650900 N,062 0.010000 W,2.2,57.0,A,Primary,Headline,28.510204,D,S,116115.000000
Wed Jul 23 15:34:45 2025,23-Jul-2025,183448,48 0.651200 N,062 0.009200 W,2.2,57.0,A,Primary,Headline,28.510204,D,S,116115.000000
Wed Jul 23 15:34:45 2025,23-Jul-2025,183449,48 0.651500 N,062 0.008300 W,2.2,56.9,A,Primary,Headline,28.510204,D,S,116115.000000
Wed Jul 23 15:34:45 2025,23-Jul-2025,183450,48 0.651900 N,062 0.007400 W,2.2,56.8,A,Primary,Headline,28.510204,D,S,116115.000000
Wed Jul 23 15:34:50 2025,23-Jul-2025,183451,48 0.652200 N,062 0.006600 W,2.2,56.9,A,Primary,Headline,48.775510,D,P,196267.000000
Wed Jul 23 15:34:51 2025,23-Jul-2025,183452,48 0.652500 N,062 0.005600 W,2.2,57.1,A,Depth,Depth,64.166667,D,S,150745.000000
Wed Jul 23 15:34:51 2025,23-Jul-2025,183453,48 0.652900 N,062 0.004700 W,2.2,57.3,A,Depth,Depth,64.166667,D,S,150745.000000
Wed Jul 23 15:34:51 2025,23-Jul-2025,183454,48 0.653300 N,062 0.003600 W,2.2,57.5,A,Depth,Depth,64.166667,D,S,150745.000000
Wed Jul 23 15:34:54 2025,23-Jul-2025,183455,48 0.653700 N,062 0.002600 W,2.3,57.9,A,DoorSpread,DoorMaster,6.260000,D,P,90489.000000
Wed Jul 23 15:34:54 2025,23-Jul-2025,183456,48 0.654100 N,062 0.001600 W,2.3,58.1,A,DoorSpread,DoorMaster,6.260000,D,P,90489.000000
Wed Jul 23 15:34:56 2025,23-Jul-2025,183457,48 0.654500 N,062 0.000700 W,2.3,58.3,A,Primary,Headline,52.102041,D,S,199740.000000
Wed Jul 23 15:34:56 2025,23-Jul-2025,183458,48 0.654800 N,061 59.999900 W,2.3,58.3,A,Primary,Headline,52.102041,D,S,199740.000000
Wed Jul 23 15:34:58 2025,23-Jul-2025,183459,48 0.655300 N,061 59.999000 W,2.3,58.2,A,Depth,Depth,64.351852,D,P,65589.000000
Wed Jul 23 15:34:58 2025,23-Jul-2025,183500,48 0.655600 N,061 59.998300 W,2.2,58.1,A,Depth,Depth,64.351852,D,P,65589.000000
Wed Jul 23 15:35:00 2025,23-Jul-2025,183501,48 0.655900 N,061 59.997700 W,2.2,58.0,A,DoorSpread,DoorMaster,10.575000,D,S,160789.000000
Wed Jul 23 15:35:01 2025,23-Jul-2025,183502,48 0.656200 N,061 59.996900 W,2.2,57.9,A,Primary,Headline,7.755102,D,S,297822.000000
Wed Jul 23 15:35:01 2025,23-Jul-2025,183503,48 0.656600 N,061 59.996100 W,2.2,57.9,A,Primary,Headline,7.755102,D,S,297822.000000
Wed Jul 23 15:35:01 2025,23-Jul-2025,183504,48 0.656900 N,061 59.995300 W,2.2,57.9,A,Primary,Headline,7.755102,D,S,297822.000000
Wed Jul 23 15:35:01 2025,23-Jul-2025,183505,48 0.657300 N,061 59.994400 W,2.2,58.1,A,Primary,Headline,7.755102,D,S,297822.000000
Wed Jul 23 15:35:05 2025,23-Jul-2025,183506,48 0.657700 N,061 59.993600 W,2.2,58.4,A,Depth,Depth,63.981481,D,P,72800.000000
Wed Jul 23 15:35:07 2025,23-Jul-2025,183507,48 0.658000 N,061 59.992900 W,2.1,58.6,A,Primary,Headline,12.632653,D,S,339500.000000
Wed Jul 23 15:35:07 2025,23-Jul-2025,183508,48 0.658300 N,061 59.992200 W,2.1,58.8,A,Primary,Headline,12.632653,D,S,339500.000000
Wed Jul 23 15:35:07 2025,23-Jul-2025,183509,48 0.658700 N,061 59.991400 W,2.2,59.3,A,Primary,Headline,12.632653,D,S,339500.000000
Wed Jul 23 15:35:07 2025,23-Jul-2025,183510,48 0.659000 N,061 59.990700 W,2.1,59.6,A,Primary,Headline,12.632653,D,S,339500.000000
Wed Jul 23 15:35:07 2025,23-Jul-2025,183511,48 0.659200 N,061 59.990100 W,2.1,59.6,A,Primary,Headline,12.632653,D,S,339500.000000
Wed Jul 23 15:35:11 2025,23-Jul-2025,183512,48 0.659500 N,061 59.989500 W,2.2,59.3,A,DoorSpread,DoorMaster,2.525000,D,P,68381.000000
Wed Jul 23 15:35:13 2025,23-Jul-2025,183513,48 0.659900 N,061 59.988700 W,2.2,59.3,A,Depth,Depth,63.888889,D,P,170728.000000
Wed Jul 23 15:35:13 2025,23-Jul-2025,183514,48 0.660100 N,061 59.987900 W,2.2,59.6,A,Depth,Depth,63.888889,D,P,170728.000000
Wed Jul 23 15:35:13 2025,23-Jul-2025,183515,48 0.660200 N,061 59.987100 W,2.2,59.9,A,Depth,Depth,63.888889,D,P,170728.000000
Wed Jul 23 15:35:13 2025,23-Jul-2025,183516,48 0.660500 N,061 59.986400 W,2.2,60.0,A,Depth,Depth,63.888889,D,P,170728.000000
Wed Jul 23 15:35:17 2025,23-Jul-2025,183517,48 0.660700 N,061 59.985600 W,2.2,60.2,A,DoorSpread,DoorMaster,5.360000,D,S,61710.000000
Wed Jul 23 15:35:18 2025,23-Jul-2025,183518,48 0.661000 N,061 59.985000 W,2.1,60.1,A,Primary,Headline,53.061224,D,S,216526.000000
Wed Jul 23 15:35:18 2025,23-Jul-2025,183519,48 0.661300 N,061 59.984400 W,2.1,60.0,A,Primary,Headline,53.061224,D,S,216526.000000
Wed Jul 23 15:35:18 2025,23-Jul-2025,183520,48 0.661600 N,061 59.983700 W,2.2,59.7,A,Primary,Headline,53.061224,D,S,216526.000000
Wed Jul 23 15:35:20 2025,23-Jul-2025,183521,48 0.661900 N,061 59.982900 W,2.2,59.4,A,Depth,Depth,63.981481,D,S,127165.000000
Wed Jul 23 15:35:20 2025,23-Jul-2025,183522,48 0.662300 N,061 59.982000 W,2.3,59.5,A,Depth,Depth,63.981481,D,S,127165.000000
Wed Jul 23 15:35:20 2025,23-Jul-2025,183523,48 0.662800 N,061 59.981100 W,2.4,59.4,A,Depth,Depth,63.981481,D,S,127165.000000
Wed Jul 23 15:35:23 2025,23-Jul-2025,183524,48 0.663300 N,061 59.980200 W,2.4,59.2,A,Primary,Headline,56.489796,D,S,175301.000000
Wed Jul 23 15:35:23 2025,23-Jul-2025,183525,48 0.663900 N,061 59.979200 W,2.5,58.8,A,Primary,Headline,56.489796,D,S,175301.000000
Wed Jul 23 15:35:23 2025,23-Jul-2025,183526,48 0.664600 N,061 59.978300 W,2.7,58.1,A,Primary,Headline,56.489796,D,S,175301.000000
Wed Jul 23 15:35:23 2025,23-Jul-2025,183527,48 0.665200 N,061 59.977300 W,2.7,57.4,A,Primary,Headline,56.489796,D,S,175301.000000
Wed Jul 23 15:35:27 2025,23-Jul-2025,183528,48 0.665800 N,061 59.976300 W,2.8,56.8,A,Depth,Depth,63.703704,D,S,274381.000000
Wed Jul 23 15:35:27 2025,23-Jul-2025,183529,48 0.666400 N,061 59.975100 W,3.0,56.0,A,Depth,Depth,63.703704,D,S,274381.000000
Wed Jul 23 15:35:29 2025,23-Jul-2025,183530,48 0.667100 N,061 59.973900 W,3.1,55.3,A,Primary,Headline,44.387755,D,S,170708.000000
Wed Jul 23 15:35:29 2025,23-Jul-2025,183531,48 0.667700 N,061 59.972800 W,3.2,54.9,A,Primary,Headline,44.387755,D,S,170708.000000
Wed Jul 23 15:35:29 2025,23-Jul-2025,183532,48 0.668300 N,061 59.971600 W,3.2,54.7,A,Primary,Headline,44.387755,D,S,170708.000000
Wed Jul 23 15:35:32 2025,23-Jul-2025,183533,48 0.668900 N,061 59.970300 W,3.5,54.5,A,DoorSpread,DoorMaster,7.185000,D,S,194730.000000
Wed Jul 23 15:35:32 2025,23-Jul-2025,183534,48 0.669700 N,061 59.968900 W,3.6,54.3,A,DoorSpread,DoorMaster,7.185000,D,S,194730.000000
Wed Jul 23 15:35:35 2025,23-Jul-2025,183535,48 0.670300 N,061 59.967600 W,3.6,54.1,A,Primary,Headline,26.571429,D,S,200015.000000
Wed Jul 23 15:35:35 2025,23-Jul-2025,183536,48 0.670900 N,061 59.966400 W,3.7,54.0,A,Primary,Headline,26.571429,D,S,200015.000000
Wed Jul 23 15:35:35 2025,23-Jul-2025,183537,48 0.671700 N,061 59.964900 W,3.8,53.7,A,Primary,Headline,26.571429,D,S,200015.000000
Wed Jul 23 15:35:35 2025,23-Jul-2025,183538,48 0.672400 N,061 59.963400 W,3.9,53.3,A,Primary,Headline,26.571429,D,S,200015.000000
Wed Jul 23 15:35:38 2025,23-Jul-2025,183539,48 0.673200 N,061 59.961900 W,4.0,53.2,A,DoorSpread,DoorMaster,8.040000,D,S,149066.000000
Wed Jul 23 15:35:38 2025,23-Jul-2025,183540,48 0.673900 N,061 59.960600 W,3.9,53.1,A,DoorSpread,DoorMaster,8.040000,D,S,149066.000000
Wed Jul 23 15:35:40 2025,23-Jul-2025,183541,48 0.674600 N,061 59.959300 W,4.0,52.9,A,Primary,Headline,38.265306,D,S,216262.000000
Wed Jul 23 15:35:42 2025,23-Jul-2025,183542,48 0.675300 N,061 59.958000 W,4.0,52.7,A,Depth,Depth,63.981481,D,S,117195.000000
Wed Jul 23 15:35:42 2025,23-Jul-2025,183543,48 0.676100 N,061 59.956800 W,4.0,52.6,A,Depth,Depth,63.981481,D,S,117195.000000
Wed Jul 23 15:35:44 2025,23-Jul-2025,183544,48 0.676800 N,061 59.955500 W,4.0,52.2,A,DoorSpread,DoorMaster,7.920000,D,P,136804.000000
Wed Jul 23 15:35:44 2025,23-Jul-2025,183545,48 0.677400 N,061 59.954200 W,3.9,52.0,A,DoorSpread,DoorMaster,7.920000,D,P,136804.000000
Wed Jul 23 15:35:44 2025,23-Jul-2025,183546,48 0.677900 N,061 59.953100 W,3.8,51.7,A,DoorSpread,DoorMaster,7.920000,D,P,136804.000000
Wed Jul 23 15:35:46 2025,23-Jul-2025,183547,48 0.678500 N,061 59.952100 W,3.8,51.5,A,Primary,Headline,58.448980,D,P,117840.000000
Wed Jul 23 15:35:46 2025,23-Jul-2025,183548,48 0.679000 N,061 59.951000 W,3.6,51.6,A,Primary,Headline,58.448980,D,P,117840.000000
Wed Jul 23 15:35:49 2025,23-Jul-2025,183549,48 0.679500 N,061 59.950000 W,3.5,51.7,A,Depth,Depth,59.259259,D,S,117962.000000
Wed Jul 23 15:35:49 2025,23-Jul-2025,183550,48 0.680000 N,061 59.949100 W,3.4,51.7,A,DoorSpread,DoorMaster,7.625000,D,P,66917.000000
Wed Jul 23 15:35:49 2025,23-Jul-2025,183551,48 0.680500 N,061 59.948200 W,3.2,51.8,A,DoorSpread,DoorMaster,7.625000,D,P,66917.000000
Wed Jul 23 15:35:49 2025,23-Jul-2025,183552,48 0.680800 N,061 59.947500 W,3.0,52.0,A,DoorSpread,DoorMaster,7.625000,D,P,66917.000000
Wed Jul 23 15:35:52 2025,23-Jul-2025,183553,48 0.681200 N,061 59.946600 W,2.9,52.2,A,Primary,Headline,27.061224,D,S,168514.000000
Wed Jul 23 15:35:52 2025,23-Jul-2025,183554,48 0.681700 N,061 59.945700 W,2.9,52.6,A,Primary,Headline,27.061224,D,S,168514.000000
Wed Jul 23 15:35:52 2025,23-Jul-2025,183555,48 0.682000 N,061 59.944800 W,2.8,53.1,A,Primary,Headline,27.061224,D,S,168514.000000
Wed Jul 23 15:35:55 2025,23-Jul-2025,183556,48 0.682300 N,061 59.944000 W,2.6,53.4,A,DoorSpread,DoorMaster,7.215000,D,P,71471.000000
Wed Jul 23 15:35:56 2025,23-Jul-2025,183557,48 0.682700 N,061 59.943300 W,2.5,53.7,A,Depth,Depth,57.500000,D,P,208364.000000
Wed Jul 23 15:35:57 2025,23-Jul-2025,183558,48 0.683100 N,061 59.942400 W,2.5,54.0,A,Primary,Headline,35.571429,D,P,178373.000000
Wed Jul 23 15:35:57 2025,23-Jul-2025,183559,48 0.683400 N,061 59.941500 W,2.5,54.5,A,Primary,Headline,35.571429,D,P,178373.000000
Wed Jul 23 15:35:57 2025,23-Jul-2025,183600,48 0.683700 N,061 59.940700 W,2.3,54.9,A,Primary,Headline,35.571429,D,P,178373.000000
Wed Jul 23 15:35:57 2025,23-Jul-2025,183601,48 0.684000 N,061 59.940100 W,2.3,55.4,A,Primary,Headline,35.571429,D,P,178373.000000
Wed Jul 23 15:36:01 2025,23-Jul-2025,183602,48 0.684300 N,061 59.939300 W,2.2,55.8,A,DoorSpread,DoorMaster,7.810000,D,S,118689.000000
Wed Jul 23 15:36:01 2025,23-Jul-2025,183603,48 0.684400 N,061 59.938700 W,2.1,56.3,A,DoorSpread,DoorMaster,7.810000,D,S,118689.000000
Wed Jul 23 15:36:03 2025,23-Jul-2025,183604,48 0.684700 N,061 59.937900 W,2.1,57.1,A,Depth,Depth,55.370370,D,S,206951.000000
Wed Jul 23 15:36:03 2025,23-Jul-2025,183605,48 0.684900 N,061 59.937200 W,2.0,57.6,A,Depth,Depth,55.370370,D,S,206951.000000
Wed Jul 23 15:36:03 2025,23-Jul-2025,183606,48 0.685200 N,061 59.936600 W,1.9,58.0,A,Depth,Depth,55.370370,D,S,206951.000000
Wed Jul 23 15:36:06 2025,23-Jul-2025,183607,48 0.685400 N,061 59.936000 W,1.9,58.5,A,DoorSpread,DoorMaster,6.680000,D,P,90289.000000
Wed Jul 23 15:36:07 2025,23-Jul-2025,183608,48 0.685600 N,061 59.935400 W,1.8,58.9,A,DoorSpread,DoorMaster,6.935000,D,S,75290.000000
Wed Jul 23 15:36:08 2025,23-Jul-2025,183609,48 0.685900 N,061 59.934700 W,1.8,59.2,A,Primary,Headline,35.551020,D,S,180922.000000
Wed Jul 23 15:36:08 2025,23-Jul-2025,183610,48 0.686100 N,061 59.934100 W,1.8,59.5,A,Primary,Headline,35.551020,D,S,180922.000000
Wed Jul 23 15:36:11 2025,23-Jul-2025,183611,48 0.686200 N,061 59.933500 W,1.7,59.8,A,Depth,Depth,55.277778,D,S,84265.000000
Wed Jul 23 15:36:11 2025,23-Jul-2025,183612,48 0.686400 N,061 59.933000 W,1.7,60.1,A,Depth,Depth,55.277778,D,S,84265.000000
Wed Jul 23 15:36:12 2025,23-Jul-2025,183613,48 0.686600 N,061 59.932400 W,1.7,60.3,A,DoorSpread,DoorMaster,6.080000,D,S,95898.000000
Wed Jul 23 15:36:12 2025,23-Jul-2025,183614,48 0.686900 N,061 59.931800 W,1.7,60.5,A,DoorSpread,DoorMaster,6.080000,D,S,95898.000000
Wed Jul 23 15:36:14 2025,23-Jul-2025,183615,48 0.687000 N,061 59.931200 W,1.7,60.7,A,Primary,Headline,51.285714,D,P,294089.000000
Wed Jul 23 15:36:14 2025,23-Jul-2025,183616,48 0.687200 N,061 59.930700 W,1.6,60.8,A,Primary,Headline,51.285714,D,P,294089.000000
Wed Jul 23 15:36:14 2025,23-Jul-2025,183617,48 0.687300 N,061 59.930200 W,1.6,61.2,A,Primary,Headline,51.285714,D,P,294089.000000
Wed Jul 23 15:36:18 2025,23-Jul-2025,183618,48 0.687600 N,061 59.929600 W,1.6,61.4,A,Depth,Depth,59.259259,D,S,195556.000000
Wed Jul 23 15:36:18 2025,23-Jul-2025,183619,48 0.687800 N,061 59.929000 W,1.6,61.6,A,Depth,Depth,59.259259,D,S,195556.000000
Wed Jul 23 15:36:18 2025,23-Jul-2025,183620,48 0.687900 N,061 59.928500 W,1.5,61.9,A,Depth,Depth,59.259259,D,S,195556.000000
Wed Jul 23 15:36:20 2025,23-Jul-2025,183621,48 0.688000 N,061 59.928000 W,1.5,62.2,A,Primary,Headline,52.408163,D,P,153964.000000
Wed Jul 23 15:36:20 2025,23-Jul-2025,183622,48 0.688200 N,061 59.927500 W,1.5,62.5,A,Primary,Headline,52.408163,D,P,153964.000000
Wed Jul 23 15:36:20 2025,23-Jul-2025,183623,48 0.688300 N,061 59.926900 W,1.5,62.9,A,Primary,Headline,52.408163,D,P,153964.000000
Wed Jul 23 15:36:23 2025,23-Jul-2025,183624,48 0.688500 N,061 59.926300 W,1.6,63.2,A,DoorSpread,DoorMaster,6.115000,D,P,229764.000000
Wed Jul 23 15:36:23 2025,23-Jul-2025,183625,48 0.688700 N,061 59.925700 W,1.5,63.4,A,DoorSpread,DoorMaster,6.115000,D,P,229764.000000
Wed Jul 23 15:36:25 2025,23-Jul-2025,183626,48 0.688800 N,061 59.925200 W,1.5,63.5,A,Primary,Headline,27.000000,D,P,78961.000000
Wed Jul 23 15:36:25 2025,23-Jul-2025,183627,48 0.689000 N,061 59.924800 W,1.4,63.6,A,Primary,Headline,27.000000,D,P,78961.000000
Wed Jul 23 15:36:25 2025,23-Jul-2025,183628,48 0.689100 N,061 59.924300 W,1.4,63.7,A,Primary,Headline,27.000000,D,P,78961.000000
Wed Jul 23 15:36:25 2025,23-Jul-2025,183629,48 0.689300 N,061 59.923800 W,1.4,63.7,A,Primary,Headline,27.000000,D,P,78961.000000
Wed Jul 23 15:36:29 2025,23-Jul-2025,183630,48 0.689500 N,061 59.923200 W,1.4,63.8,A,DoorSpread,DoorMaster,6.070000,D,P,162083.000000
Wed Jul 23 15:36:29 2025,23-Jul-2025,183631,48 0.689600 N,061 59.922700 W,1.4,63.9,A,DoorSpread,DoorMaster,6.070000,D,P,162083.000000
Wed Jul 23 15:36:31 2025,23-Jul-2025,183632,48 0.689800 N,061 59.922100 W,1.5,64.0,A,Primary,Headline,55.081633,D,S,188928.000000
Wed Jul 23 15:36:32 2025,23-Jul-2025,183633,48 0.690000 N,061 59.921600 W,1.5,64.0,A,Depth,Depth,55.833333,D,P,171360.000000
Wed Jul 23 15:36:32 2025,23-Jul-2025,183634,48 0.690200 N,061 59.921100 W,1.5,63.9,A,Depth,Depth,55.833333,D,P,171360.000000
Wed Jul 23 15:36:34 2025,23-Jul-2025,183635,48 0.690400 N,061 59.920500 W,1.5,63.5,A,DoorSpread,DoorMaster,5.840000,D,P,156695.000000
Wed Jul 23 15:36:34 2025,23-Jul-2025,183636,48 0.690700 N,061 59.919900 W,1.5,63.3,A,DoorSpread,DoorMaster,5.840000,D,P,156695.000000
Wed Jul 23 15:36:36 2025,23-Jul-2025,183637,48 0.690800 N,061 59.919300 W,1.5,63.3,A,Primary,Headline,5.877551,D,S,167629.000000
Wed Jul 23 15:36:36 2025,23-Jul-2025,183638,48 0.691000 N,061 59.918700 W,1.5,63.1,A,Primary,Headline,5.877551,D,S,167629.000000
Wed Jul 23 15:36:36 2025,23-Jul-2025,183639,48 0.691300 N,061 59.918100 W,1.6,62.8,A,Primary,Headline,5.877551,D,S,167629.000000
Wed Jul 23 15:36:39 2025,23-Jul-2025,183640,48 0.691600 N,061 59.917400 W,1.6,62.7,A,Depth,Depth,56.851852,D,S,184740.000000
Wed Jul 23 15:36:40 2025,23-Jul-2025,183641,48 0.691700 N,061 59.916800 W,1.6,62.6,A,DoorSpread,DoorMaster,5.835000,D,P,204199.000000
Wed Jul 23 15:36:40 2025,23-Jul-2025,183642,48 0.692000 N,061 59.916200 W,1.6,62.3,A,DoorSpread,DoorMaster,5.835000,D,P,204199.000000
Wed Jul 23 15:36:42 2025,23-Jul-2025,183643,48 0.692100 N,061 59.915500 W,1.7,61.9,A,Primary,Headline,26.020408,D,S,146634.000000
Wed Jul 23 15:36:42 2025,23-Jul-2025,183644,48 0.692300 N,061 59.914800 W,1.7,61.8,A,Primary,Headline,26.020408,D,S,146634.000000
Wed Jul 23 15:36:42 2025,23-Jul-2025,183645,48 0.692500 N,061 59.914200 W,1.7,61.6,A,Primary,Headline,26.020408,D,S,146634.000000
Wed Jul 23 15:36:46 2025,23-Jul-2025,183646,48 0.692700 N,061 59.913500 W,1.7,61.3,A,DoorSpread,DoorMaster,5.705000,D,P,77176.000000
Wed Jul 23 15:36:46 2025,23-Jul-2025,183647,48 0.693000 N,061 59.912800 W,1.8,61.1,A,Depth,Depth,57.592593,D,S,188473.000000
Wed Jul 23 15:36:47 2025,23-Jul-2025,183648,48 0.693200 N,061 59.912000 W,1.8,61.0,A,Primary,Headline,12.306122,D,S,184872.000000
Wed Jul 23 15:36:47 2025,23-Jul-2025,183649,48 0.693500 N,061 59.911300 W,1.8,60.9,A,Primary,Headline,12.306122,D,S,184872.000000
Wed Jul 23 15:36:47 2025,23-Jul-2025,183650,48 0.693800 N,061 59.910600 W,1.8,60.8,A,Primary,Headline,12.306122,D,S,184872.000000
Wed Jul 23 15:36:47 2025,23-Jul-2025,183651,48 0.694100 N,061 59.909800 W,1.9,60.2,A,Primary,Headline,12.306122,D,S,184872.000000
Wed Jul 23 15:36:51 2025,23-Jul-2025,183652,48 0.694400 N,061 59.909000 W,1.9,59.9,A,DoorSpread,DoorMaster,5.865000,D,P,164151.000000
Wed Jul 23 15:36:52 2025,23-Jul-2025,183653,48 0.694700 N,061 59.908300 W,1.9,59.7,A,Primary,Headline,14.795918,D,P,99065.000000
Wed Jul 23 15:36:54 2025,23-Jul-2025,183654,48 0.695000 N,061 59.907600 W,1.9,59.5,A,Depth,Depth,58.796296,D,S,87018.000000
Wed Jul 23 15:36:54 2025,23-Jul-2025,183655,48 0.695200 N,061 59.906900 W,1.9,59.5,A,Depth,Depth,58.796296,D,S,87018.000000
Wed Jul 23 15:36:54 2025,23-Jul-2025,183656,48 0.695500 N,061 59.906100 W,1.9,59.7,A,Depth,Depth,58.796296,D,S,87018.000000
Wed Jul 23 15:36:57 2025,23-Jul-2025,183657,48 0.695800 N,061 59.905200 W,2.0,59.7,A,DoorSpread,DoorMaster,6.020000,D,S,168683.000000
Wed Jul 23 15:36:57 2025,23-Jul-2025,183658,48 0.696000 N,061 59.904400 W,2.0,59.8,A,Primary,Headline,9.836735,D,S,108214.000000
Wed Jul 23 15:36:57 2025,23-Jul-2025,183659,48 0.696300 N,061 59.903800 W,1.9,59.9,A,Primary,Headline,9.836735,D,S,108214.000000
Wed Jul 23 15:36:57 2025,23-Jul-2025,183700,48 0.696500 N,061 59.903200 W,1.9,60.0,A,Primary,Headline,9.836735,D,S,108214.000000
Wed Jul 23 15:36:57 2025,23-Jul-2025,183701,48 0.696700 N,061 59.902500 W,1.9,59.8,A,Primary,Headline,9.836735,D,S,108214.000000
Wed Jul 23 15:37:01 2025,23-Jul-2025,183702,48 0.697000 N,061 59.901700 W,2.0,59.7,A,Depth,Depth,56.851852,D,P,105300.000000
Wed Jul 23 15:37:02 2025,23-Jul-2025,183703,48 0.697300 N,061 59.901100 W,1.9,59.5,A,DoorSpread,DoorMaster,6.280000,D,S,177614.000000
Wed Jul 23 15:37:03 2025,23-Jul-2025,183704,48 0.697500 N,061 59.900500 W,1.9,59.4,A,Primary,Headline,15.122449,D,S,112515.000000
Wed Jul 23 15:37:03 2025,23-Jul-2025,183705,48 0.697900 N,061 59.899700 W,2.0,59.5,A,Primary,Headline,15.122449,D,S,112515.000000
Wed Jul 23 15:37:03 2025,23-Jul-2025,183706,48 0.698200 N,061 59.898900 W,2.0,59.8,A,Primary,Headline,15.122449,D,S,112515.000000
Wed Jul 23 15:37:03 2025,23-Jul-2025,183707,48 0.698500 N,061 59.898100 W,2.0,59.8,A,Primary,Headline,15.122449,D,S,112515.000000
Wed Jul 23 15:37:03 2025,23-Jul-2025,183708,48 0.698800 N,061 59.897400 W,2.0,59.9,A,Primary,Headline,15.122449,D,S,112515.000000
Wed Jul 23 15:37:08 2025,23-Jul-2025,183709,48 0.699100 N,061 59.896800 W,2.0,59.7,A,Depth,Depth,61.203704,D,S,110589.000000
Wed Jul 23 15:37:09 2025,23-Jul-2025,183710,48 0.699600 N,061 59.896000 W,2.0,59.3,A,Primary,Headline,48.571429,D,P,303975.000000
Wed Jul 23 15:37:09 2025,23-Jul-2025,183711,48 0.700000 N,061 59.895300 W,2.0,59.1,A,Primary,Headline,48.571429,D,P,303975.000000
Wed Jul 23 15:37:09 2025,23-Jul-2025,183712,48 0.700300 N,061 59.894700 W,2.0,58.9,A,Primary,Headline,48.571429,D,P,303975.000000
Wed Jul 23 15:37:09 2025,23-Jul-2025,183713,48 0.700700 N,061 59.894000 W,2.0,58.8,A,Primary,Headline,48.571429,D,P,303975.000000
Wed Jul 23 15:37:13 2025,23-Jul-2025,183714,48 0.701000 N,061 59.893200 W,2.0,58.8,A,DoorSpread,DoorMaster,6.095000,D,S,166659.000000
Wed Jul 23 15:37:14 2025,23-Jul-2025,183715,48 0.701200 N,061 59.892500 W,2.0,58.8,A,Primary,Headline,23.734694,D,P,121784.000000
Wed Jul 23 15:37:15 2025,23-Jul-2025,183716,48 0.701500 N,061 59.891800 W,2.0,58.5,A,Depth,Depth,51.018519,D,S,101797.000000
Wed Jul 23 15:37:15 2025,23-Jul-2025,183717,48 0.701800 N,061 59.891100 W,2.0,58.3,A,Depth,Depth,51.018519,D,S,101797.000000
Wed Jul 23 15:37:15 2025,23-Jul-2025,183718,48 0.702100 N,061 59.890500 W,1.9,58.1,A,Depth,Depth,51.018519,D,S,101797.000000
Wed Jul 23 15:37:15 2025,23-Jul-2025,183719,48 0.702500 N,061 59.889700 W,2.0,57.7,A,Depth,Depth,51.018519,D,S,101797.000000
Wed Jul 23 15:37:19 2025,23-Jul-2025,183720,48 0.702900 N,061 59.888900 W,2.0,57.6,A,Primary,Headline,21.714286,D,P,88980.000000
Wed Jul 23 15:37:20 2025,23-Jul-2025,183721,48 0.703200 N,061 59.888200 W,2.0,57.6,A,Primary,Headline,21.632653,D,S,103145.000000
Wed Jul 23 15:37:20 2025,23-Jul-2025,183722,48 0.703500 N,061 59.887500 W,2.0,57.6,A,Primary,Headline,21.632653,D,S,103145.000000
Wed Jul 23 15:37:23 2025,23-Jul-2025,183723,48 0.703900 N,061 59.886700 W,2.0,57.8,A,Depth,Depth,50.555556,D,S,241924.000000
Wed Jul 23 15:37:23 2025,23-Jul-2025,183724,48 0.704200 N,061 59.885800 W,2.0,57.9,A,Depth,Depth,50.555556,D,S,241924.000000
Wed Jul 23 15:37:24 2025,23-Jul-2025,183725,48 0.704400 N,061 59.885100 W,2.0,58.1,A,DoorSpread,DoorMaster,6.540000,D,P,210412.000000
Wed Jul 23 15:37:25 2025,23-Jul-2025,183726,48 0.704700 N,061 59.884300 W,2.0,58.2,A,DoorSpread,DoorMaster,6.730000,D,S,245805.000000
Wed Jul 23 15:37:25 2025,23-Jul-2025,183727,48 0.705000 N,061 59.883400 W,2.1,58.5,A,DoorSpread,DoorMaster,6.730000,D,S,245805.000000
Wed Jul 23 15:37:25 2025,23-Jul-2025,183728,48 0.705200 N,061 59.882600 W,2.0,58.5,A,DoorSpread,DoorMaster,6.730000,D,S,245805.000000
Wed Jul 23 15:37:25 2025,23-Jul-2025,183729,48 0.705400 N,061 59.882000 W,2.0,58.6,A,DoorSpread,DoorMaster,6.730000,D,S,245805.000000
Wed Jul 23 15:37:30 2025,23-Jul-2025,183730,48 0.705600 N,061 59.881400 W,1.9,58.7,A,Primary,Headline,47.571429,D,P,203647.000000
Wed Jul 23 15:37:30 2025,23-Jul-2025,183731,48 0.705700 N,061 59.880700 W,2.0,58.9,A,Primary,Headline,47.571429,D,P,203647.000000
Wed Jul 23 15:37:31 2025,23-Jul-2025,183732,48 0.705900 N,061 59.879900 W,2.0,59.1,A,DoorSpread,DoorMaster,8.595000,D,P,53061.000000
Wed Jul 23 15:37:31 2025,23-Jul-2025,183733,48 0.706100 N,061 59.879400 W,1.9,59.1,A,DoorSpread,DoorMaster,8.595000,D,P,53061.000000
Wed Jul 23 15:37:31 2025,23-Jul-2025,183734,48 0.706400 N,061 59.878700 W,1.9,59.1,A,DoorSpread,DoorMaster,8.595000,D,P,53061.000000
Wed Jul 23 15:37:31 2025,23-Jul-2025,183735,48 0.706600 N,061 59.878100 W,1.9,59.1,A,DoorSpread,DoorMaster,8.595000,D,P,53061.000000
Wed Jul 23 15:37:35 2025,23-Jul-2025,183736,48 0.706900 N,061 59.877400 W,1.9,59.2,A,Primary,Headline,9.122449,D,P,411073.000000
Wed Jul 23 15:37:36 2025,23-Jul-2025,183737,48 0.707100 N,061 59.876800 W,1.9,59.0,A,DoorSpread,DoorMaster,4.135000,D,P,207245.000000
Wed Jul 23 15:37:37 2025,23-Jul-2025,183738,48 0.707300 N,061 59.876100 W,2.0,58.7,A,Depth,Depth,47.407407,D,S,199564.000000
Wed Jul 23 15:37:37 2025,23-Jul-2025,183739,48 0.707500 N,061 59.875500 W,2.0,58.5,A,Depth,Depth,47.407407,D,S,199564.000000
Wed Jul 23 15:37:37 2025,23-Jul-2025,183740,48 0.707700 N,061 59.874800 W,2.0,58.5,A,Depth,Depth,47.407407,D,S,199564.000000
Wed Jul 23 15:37:37 2025,23-Jul-2025,183741,48 0.707900 N,061 59.874100 W,1.9,58.5,A,Depth,Depth,47.407407,D,S,199564.000000
Wed Jul 23 15:37:41 2025,23-Jul-2025,183742,48 0.708200 N,061 59.873400 W,2.0,58.3,A,DoorSpread,DoorMaster,6.245000,D,S,452808.000000
Wed Jul 23 15:37:41 2025,23-Jul-2025,183743,48 0.708400 N,061 59.872800 W,2.0,58.1,A,DoorSpread,DoorMaster,6.245000,D,S,452808.000000
Wed Jul 23 15:37:41 2025,23-Jul-2025,183744,48 0.708700 N,061 59.872300 W,1.9,57.9,A,DoorSpread,DoorMaster,6.245000,D,S,452808.000000
Wed Jul 23 15:37:44 2025,23-Jul-2025,183745,48 0.708900 N,061 59.871600 W,1.9,57.9,A,Depth,Depth,47.592593,D,S,166276.000000
Wed Jul 23 15:37:44 2025,23-Jul-2025,183746,48 0.709300 N,061 59.870800 W,2.0,57.7,A,Depth,Depth,47.592593,D,S,166276.000000
Wed Jul 23 15:37:46 2025,23-Jul-2025,183747,48 0.709600 N,061 59.869800 W,2.1,57.5,A,Primary,Headline,24.959184,D,S,127822.000000
Wed Jul 23 15:37:47 2025,23-Jul-2025,183748,48 0.709800 N,061 59.869100 W,2.0,57.5,A,DoorSpread,DoorMaster,6.265000,D,P,80271.000000
Wed Jul 23 15:37:47 2025,23-Jul-2025,183749,48 0.710000 N,061 59.868400 W,2.0,57.5,A,DoorSpread,DoorMaster,6.265000,D,P,80271.000000
Wed Jul 23 15:37:47 2025,23-Jul-2025,183750,48 0.710400 N,061 59.867500 W,2.1,57.3,A,DoorSpread,DoorMaster,6.265000,D,P,80271.000000
Wed Jul 23 15:37:47 2025,23-Jul-2025,183751,48 0.710800 N,061 59.866600 W,2.1,57.3,A,DoorSpread,DoorMaster,6.265000,D,P,80271.000000
Wed Jul 23 15:37:51 2025,23-Jul-2025,183752,48 0.711100 N,061 59.866000 W,2.0,57.3,A,Primary,Headline,4.040816,D,P,260419.000000
Wed Jul 23 15:37:53 2025,23-Jul-2025,183753,48 0.711400 N,061 59.865300 W,2.0,57.3,A,DoorSpread,DoorMaster,6.255000,D,S,333311.000000
Wed Jul 23 15:37:53 2025,23-Jul-2025,183754,48 0.711700 N,061 59.864700 W,2.0,56.9,A,DoorSpread,DoorMaster,6.255000,D,S,333311.000000
Wed Jul 23 15:37:53 2025,23-Jul-2025,183755,48 0.712000 N,061 59.864100 W,2.0,56.8,A,DoorSpread,DoorMaster,6.255000,D,S,333311.000000
Wed Jul 23 15:37:53 2025,23-Jul-2025,183756,48 0.712300 N,061 59.863400 W,2.0,56.8,A,DoorSpread,DoorMaster,6.255000,D,S,333311.000000
Wed Jul 23 15:37:53 2025,23-Jul-2025,183757,48 0.712500 N,061 59.862900 W,2.0,56.8,A,DoorSpread,DoorMaster,6.255000,D,S,333311.000000
Wed Jul 23 15:37:53 2025,23-Jul-2025,183758,48 0.712900 N,061 59.862200 W,2.0,56.7,A,DoorSpread,DoorMaster,6.255000,D,S,333311.000000
Wed Jul 23 15:37:59 2025,23-Jul-2025,183759,48 0.713200 N,061 59.861500 W,2.0,56.9,A,Depth,Depth,42.592593,D,S,259851.000000
Wed Jul 23 15:37:59 2025,23-Jul-2025,183800,48 0.713500 N,061 59.860800 W,2.0,57.1,A,Depth,Depth,42.592593,D,S,259851.000000
Wed Jul 23 15:37:59 2025,23-Jul-2025,183801,48 0.713700 N,061 59.860000 W,2.0,57.1,A,Depth,Depth,42.592593,D,S,259851.000000
Wed Jul 23 15:37:59 2025,23-Jul-2025,183802,48 0.714100 N,061 59.859300 W,2.1,57.1,A,Depth,Depth,42.592593,D,S,259851.000000
Wed Jul 23 15:37:59 2025,23-Jul-2025,183803,48 0.714400 N,061 59.858500 W,2.1,57.0,A,Depth,Depth,42.592593,D,S,259851.000000
Wed Jul 23 15:38:04 2025,23-Jul-2025,183804,48 0.714700 N,061 59.857800 W,2.1,56.8,A,DoorSpread,DoorMaster,6.095000,D,S,375566.000000
Wed Jul 23 15:38:04 2025,23-Jul-2025,183805,48 0.715000 N,061 59.857100 W,2.1,56.5,A,DoorSpread,DoorMaster,6.095000,D,S,375566.000000
Wed Jul 23 15:38:05 2025,23-Jul-2025,183806,48 0.715400 N,061 59.856400 W,2.0,56.3,A,Depth,Depth,31.203704,D,P,78830.000000
Wed Jul 23 15:38:05 2025,23-Jul-2025,183807,48 0.715600 N,061 59.855700 W,2.0,56.1,A,Depth,Depth,31.203704,D,P,78830.000000
Wed Jul 23 15:38:05 2025,23-Jul-2025,183808,48 0.716000 N,061 59.854900 W,2.1,55.9,A,Depth,Depth,31.203704,D,P,78830.000000
Wed Jul 23 15:38:08 2025,23-Jul-2025,183809,48 0.716400 N,061 59.854200 W,2.0,55.8,A,Primary,Headline,12.204082,D,P,162351.000000
Wed Jul 23 15:38:09 2025,23-Jul-2025,183810,48 0.716700 N,061 59.853500 W,2.0,55.6,A,DoorSpread,DoorMaster,5.810000,D,S,215595.000000
Wed Jul 23 15:38:09 2025,23-Jul-2025,183811,48 0.717300 N,061 59.852800 W,2.1,55.4,A,DoorSpread,DoorMaster,5.810000,D,S,215595.000000
Wed Jul 23 15:38:09 2025,23-Jul-2025,183812,48 0.717800 N,061 59.852000 W,2.1,55.4,A,DoorSpread,DoorMaster,5.810000,D,S,215595.000000
Wed Jul 23 15:38:13 2025,23-Jul-2025,183813,48 0.718300 N,061 59.851100 W,2.1,55.3,A,Depth,Depth,38.518519,D,S,154383.000000
Wed Jul 23 15:38:13 2025,23-Jul-2025,183814,48 0.718800 N,061 59.850300 W,2.0,55.1,A,Depth,Depth,38.518519,D,S,154383.000000
Wed Jul 23 15:38:15 2025,23-Jul-2025,183815,48 0.719200 N,061 59.849600 W,2.0,54.9,A,DoorSpread,DoorMaster,5.170000,D,S,182383.000000
Wed Jul 23 15:38:15 2025,23-Jul-2025,183816,48 0.719600 N,061 59.849000 W,2.0,54.9,A,DoorSpread,DoorMaster,5.170000,D,S,182383.000000
Wed Jul 23 15:38:15 2025,23-Jul-2025,183817,48 0.719900 N,061 59.848200 W,2.0,54.9,A,DoorSpread,DoorMaster,5.170000,D,S,182383.000000
Wed Jul 23 15:38:15 2025,23-Jul-2025,183818,48 0.720300 N,061 59.847400 W,2.0,54.8,A,DoorSpread,DoorMaster,5.170000,D,S,182383.000000
Wed Jul 23 15:38:15 2025,23-Jul-2025,183819,48 0.720600 N,061 59.846700 W,2.0,54.8,A,DoorSpread,DoorMaster,5.170000,D,S,182383.000000
Wed Jul 23 15:38:19 2025,23-Jul-2025,183820,48 0.720800 N,061 59.846000 W,2.0,54.7,A,Primary,Headline,37.755102,D,S,131751.000000
Wed Jul 23 15:38:20 2025,23-Jul-2025,183821,48 0.721200 N,061 59.845200 W,2.0,54.5,A,DoorSpread,DoorMaster,5.075000,D,S,178961.000000
Wed Jul 23 15:38:20 2025,23-Jul-2025,183822,48 0.721500 N,061 59.844300 W,2.0,54.2,A,DoorSpread,DoorMaster,5.075000,D,S,178961.000000
Wed Jul 23 15:38:20 2025,23-Jul-2025,183823,48 0.721800 N,061 59.843400 W,2.0,54.2,A,DoorSpread,DoorMaster,5.075000,D,S,178961.000000
Wed Jul 23 15:38:20 2025,23-Jul-2025,183824,48 0.722100 N,061 59.842600 W,2.0,54.1,A,DoorSpread,DoorMaster,5.075000,D,S,178961.000000
Wed Jul 23 15:38:20 2025,23-Jul-2025,183825,48 0.722400 N,061 59.841700 W,2.1,54.0,A,DoorSpread,DoorMaster,5.075000,D,S,178961.000000
Wed Jul 23 15:38:25 2025,23-Jul-2025,183826,48 0.722700 N,061 59.840900 W,2.0,53.9,A,Primary,Headline,40.510204,D,S,147122.000000
Wed Jul 23 15:38:26 2025,23-Jul-2025,183827,48 0.722900 N,061 59.840100 W,2.0,53.8,A,DoorSpread,DoorMaster,5.450000,D,P,90214.000000
Wed Jul 23 15:38:27 2025,23-Jul-2025,183828,48 0.723200 N,061 59.839300 W,2.1,53.7,A,Depth,Depth,31.759259,D,P,80145.000000
Wed Jul 23 15:38:27 2025,23-Jul-2025,183829,48 0.723600 N,061 59.838500 W,2.1,53.7,A,Depth,Depth,31.759259,D,P,80145.000000
Wed Jul 23 15:38:27 2025,23-Jul-2025,183830,48 0.724000 N,061 59.837700 W,2.1,53.7,A,Depth,Depth,31.759259,D,P,80145.000000
Wed Jul 23 15:38:30 2025,23-Jul-2025,183831,48 0.724400 N,061 59.837100 W,2.1,53.4,A,Primary,Headline,34.020408,D,P,78572.000000
Wed Jul 23 15:38:31 2025,23-Jul-2025,183832,48 0.724800 N,061 59.836400 W,2.1,53.2,A,DoorSpread,DoorMaster,4.825000,D,S,188759.000000
Wed Jul 23 15:38:31 2025,23-Jul-2025,183833,48 0.725200 N,061 59.835600 W,2.1,53.3,A,DoorSpread,DoorMaster,4.825000,D,S,188759.000000
Wed Jul 23 15:38:31 2025,23-Jul-2025,183834,48 0.725500 N,061 59.834900 W,2.0,53.3,A,DoorSpread,DoorMaster,4.825000,D,S,188759.000000
Wed Jul 23 15:38:34 2025,23-Jul-2025,183835,48 0.725900 N,061 59.834300 W,2.0,53.2,A,Depth,Depth,29.814815,D,S,167050.000000
Wed Jul 23 15:38:34 2025,23-Jul-2025,183836,48 0.726200 N,061 59.833700 W,2.0,53.0,A,Depth,Depth,29.814815,D,S,167050.000000
Wed Jul 23 15:38:36 2025,23-Jul-2025,183837,48 0.726500 N,061 59.833000 W,2.1,52.6,A,Primary,Headline,46.755102,D,S,211099.000000
Wed Jul 23 15:38:37 2025,23-Jul-2025,183838,48 0.726900 N,061 59.832200 W,2.1,52.5,A,DoorSpread,DoorMaster,4.635000,D,S,394790.000000
Wed Jul 23 15:38:37 2025,23-Jul-2025,183839,48 0.727200 N,061 59.831500 W,2.1,52.6,A,DoorSpread,DoorMaster,4.635000,D,S,394790.000000
Wed Jul 23 15:38:37 2025,23-Jul-2025,183840,48 0.727600 N,061 59.830800 W,2.2,52.6,A,DoorSpread,DoorMaster,4.635000,D,S,394790.000000
Wed Jul 23 15:38:37 2025,23-Jul-2025,183841,48 0.728100 N,061 59.830200 W,2.2,52.4,A,DoorSpread,DoorMaster,4.635000,D,S,394790.000000
Wed Jul 23 15:38:41 2025,23-Jul-2025,183842,48 0.728500 N,061 59.829700 W,2.0,52.3,A,Depth,Depth,26.574074,D,S,121689.000000
Wed Jul 23 15:38:43 2025,23-Jul-2025,183843,48 0.728900 N,061 59.829200 W,2.1,52.3,A,DoorSpread,DoorMaster,10.725000,D,P,26878.000000
Wed Jul 23 15:38:43 2025,23-Jul-2025,183844,48 0.729300 N,061 59.828400 W,2.1,52.2,A,DoorSpread,DoorMaster,10.725000,D,P,26878.000000
Wed Jul 23 15:38:43 2025,23-Jul-2025,183845,48 0.729800 N,061 59.827800 W,2.1,52.1,A,DoorSpread,DoorMaster,10.725000,D,P,26878.000000
Wed Jul 23 15:38:43 2025,23-Jul-2025,183846,48 0.730400 N,061 59.827300 W,2.1,51.9,A,DoorSpread,DoorMaster,10.725000,D,P,26878.000000
Wed Jul 23 15:38:43 2025,23-Jul-2025,183847,48 0.731000 N,061 59.826700 W,2.1,51.8,A,DoorSpread,DoorMaster,10.725000,D,P,26878.000000
Wed Jul 23 15:38:47 2025,23-Jul-2025,183848,48 0.731500 N,061 59.826000 W,2.2,51.6,A,Primary,Headline,18.673469,D,P,95275.000000
Wed Jul 23 15:38:48 2025,23-Jul-2025,183849,48 0.732100 N,061 59.825300 W,2.2,51.5,A,Depth,Depth,28.518519,D,S,240409.000000
Wed Jul 23 15:38:48 2025,23-Jul-2025,183850,48 0.732500 N,061 59.824800 W,2.1,51.4,A,Depth,Depth,28.518519,D,S,240409.000000
Wed Jul 23 15:38:48 2025,23-Jul-2025,183851,48 0.732900 N,061 59.824100 W,2.2,51.3,A,Depth,Depth,28.518519,D,S,240409.000000
