Ship Number,Trip Number,Tow Number
Avalon,2,1
Comments
"zone 12"
CPU Date and Time,GPS Date,GPS Time,Latitude,Longitude,Speed,Heading,Validity,Transducer Name,Sensor Name,Sensor Value,Error Code,Hydrophone,Signal Strength
,29-Jul-2025,082643,46 36.602200 N,061 42.947200 W,3.0,67.4,A,,,,,,
,29-Jul-2025,082644,46 36.602400 N,061 42.946100 W,2.9,67.6,A,,,,,,
Tue Jul 29 05:26:45 2025,29-Jul-2025,082645,46 36.602800 N,061 42.945100 W,2.9,67.3,A,DoorSpread,DoorMaster,0.000000,E,S,58120.000000
Tue Jul 29 05:26:45 2025,29-Jul-2025,082646,46 36.603100 N,061 42.944100 W,2.9,67.1,A,DoorSpread,DoorMaster,0.000000,E,S,58120.000000
Tue Jul 29 05:26:45 2025,29-Jul-2025,082647,46 36.603400 N,061 42.943000 W,2.9,67.1,A,DoorSpread,DoorMaster,0.000000,E,S,58120.000000
Tue Jul 29 05:26:48 2025,29-Jul-2025,082648,46 36.603700 N,061 42.941900 W,2.9,67.1,A,Depth,Depth,9.629630,D,S,130025.000000
Tue Jul 29 05:26:48 2025,29-Jul-2025,082649,46 36.604000 N,061 42.940800 W,2.8,67.1,A,Depth,Depth,9.629630,D,S,130025.000000
Tue Jul 29 05:26:49 2025,29-Jul-2025,082650,46 36.604400 N,061 42.939700 W,2.8,67.1,A,Primary,Headline,2.918367,D,S,177628.000000
Tue Jul 29 05:26:49 2025,29-Jul-2025,082651,46 36.604800 N,061 42.938600 W,2.9,66.6,A,Primary,Headline,2.918367,D,S,177628.000000
Tue Jul 29 05:26:49 2025,29-Jul-2025,082652,46 36.605200 N,061 42.937600 W,2.8,66.1,A,Primary,Headline,2.918367,D,S,177628.000000
Tue Jul 29 05:26:49 2025,29-Jul-2025,082653,46 36.605500 N,061 42.936600 W,2.9,65.9,A,Primary,Headline,2.918367,D,S,177628.000000
Tue Jul 29 05:26:49 2025,29-Jul-2025,082654,46 36.605800 N,061 42.935500 W,2.9,65.9,A,Primary,Headline,2.918367,D,S,177628.000000
Tue Jul 29 05:26:54 2025,29-Jul-2025,082655,46 36.606100 N,061 42.934300 W,3.0,65.8,A,Primary,Headline,3.102041,D,S,236763.000000
Tue Jul 29 05:26:55 2025,29-Jul-2025,082656,46 36.606500 N,061 42.933000 W,3.0,65.9,A,Depth,Depth,10.833333,D,S,145710.000000
Tue Jul 29 05:26:55 2025,29-Jul-2025,082657,46 36.606800 N,061 42.931700 W,3.1,66.0,A,Depth,Depth,10.833333,D,S,145710.000000
Tue Jul 29 05:26:55 2025,29-Jul-2025,082658,46 36.607200 N,061 42.930400 W,3.2,66.1,A,Depth,Depth,10.833333,D,S,145710.000000
Tue Jul 29 05:26:55 2025,29-Jul-2025,082659,46 36.607600 N,061 42.928800 W,3.4,66.1,A,Depth,Depth,10.833333,D,S,145710.000000
Tue Jul 29 05:27:00 2025,29-Jul-2025,082700,46 36.608100 N,061 42.927200 W,3.5,66.4,A,Primary,Headline,3.612245,D,S,342350.000000
Tue Jul 29 05:27:00 2025,29-Jul-2025,082701,46 36.608600 N,061 42.925700 W,3.7,66.2,A,Primary,Headline,3.612245,D,S,342350.000000
Tue Jul 29 05:27:01 2025,29-Jul-2025,082702,46 36.609200 N,061 42.924000 W,3.9,66.0,A,DoorSpread,DoorMaster,23.450000,D,S,630128.000000
Tue Jul 29 05:27:02 2025,29-Jul-2025,082703,46 36.609600 N,061 42.922400 W,4.0,65.9,A,Depth,Depth,11.944444,D,S,83604.000000
Tue Jul 29 05:27:02 2025,29-Jul-2025,082704,46 36.610200 N,061 42.920800 W,4.1,65.7,A,Depth,Depth,11.944444,D,S,83604.000000
Tue Jul 29 05:27:05 2025,29-Jul-2025,082705,46 36.610700 N,061 42.919200 W,4.3,65.7,A,Primary,Headline,3.020408,D,S,201088.000000
Tue Jul 29 05:27:05 2025,29-Jul-2025,082706,46 36.611200 N,061 42.917400 W,4.3,65.7,A,Primary,Headline,3.020408,D,S,201088.000000
Tue Jul 29 05:27:07 2025,29-Jul-2025,082707,46 36.611800 N,061 42.915600 W,4.4,65.8,A,DoorSpread,DoorMaster,2.705000,D,S,1034828.000000
Tue Jul 29 05:27:07 2025,29-Jul-2025,082708,46 36.612400 N,061 42.913800 W,4.5,65.7,A,DoorSpread,DoorMaster,2.705000,D,S,1034828.000000
Tue Jul 29 05:27:09 2025,29-Jul-2025,082709,46 36.613000 N,061 42.911900 W,4.6,65.7,A,Depth,Depth,12.870370,D,S,134026.000000
Tue Jul 29 05:27:09 2025,29-Jul-2025,082710,46 36.613600 N,061 42.910200 W,4.7,65.7,A,Depth,Depth,12.870370,D,S,134026.000000
Tue Jul 29 05:27:10 2025,29-Jul-2025,082711,46 36.614200 N,061 42.908400 W,4.7,65.8,A,Primary,Headline,29.734694,D,S,415201.000000
Tue Jul 29 05:27:10 2025,29-Jul-2025,082712,46 36.614700 N,061 42.906600 W,4.8,66.0,A,Primary,Headline,29.734694,D,S,415201.000000
Tue Jul 29 05:27:12 2025,29-Jul-2025,082713,46 36.615200 N,061 42.904900 W,4.8,66.2,A,DoorSpread,DoorMaster,3.500000,D,S,745551.000000
Tue Jul 29 05:27:12 2025,29-Jul-2025,082714,46 36.615800 N,061 42.903000 W,4.9,66.4,A,DoorSpread,DoorMaster,3.500000,D,S,745551.000000
Tue Jul 29 05:27:12 2025,29-Jul-2025,082715,46 36.616300 N,061 42.901100 W,5.0,66.5,A,DoorSpread,DoorMaster,3.500000,D,S,745551.000000
Tue Jul 29 05:27:15 2025,29-Jul-2025,082716,46 36.616800 N,061 42.899100 W,5.0,66.6,A,Primary,Headline,3.918367,D,S,330568.000000
Tue Jul 29 05:27:16 2025,29-Jul-2025,082717,46 36.617300 N,061 42.897100 W,5.1,66.6,A,Depth,Depth,12.129630,D,S,126019.000000
Tue Jul 29 05:27:18 2025,29-Jul-2025,082718,46 36.617800 N,061 42.895200 W,5.1,66.5,A,DoorSpread,DoorMaster,3.550000,D,S,945212.000000
Tue Jul 29 05:27:18 2025,29-Jul-2025,082719,46 36.618300 N,061 42.893200 W,5.2,66.6,A,DoorSpread,DoorMaster,3.550000,D,S,945212.000000
Tue Jul 29 05:27:18 2025,29-Jul-2025,082720,46 36.618900 N,061 42.891300 W,5.2,66.5,A,DoorSpread,DoorMaster,3.550000,D,S,945212.000000
Tue Jul 29 05:27:21 2025,29-Jul-2025,082721,46 36.619500 N,061 42.889400 W,5.2,66.4,A,Primary,Headline,30.183673,D,S,246468.000000
Tue Jul 29 05:27:21 2025,29-Jul-2025,082722,46 36.620000 N,061 42.887700 W,5.2,66.3,A,Primary,Headline,30.183673,D,S,246468.000000
Tue Jul 29 05:27:21 2025,29-Jul-2025,082723,46 36.620500 N,061 42.885800 W,5.3,66.2,A,Primary,Headline,30.183673,D,S,246468.000000
Tue Jul 29 05:27:23 2025,29-Jul-2025,082724,46 36.621000 N,061 42.884000 W,5.2,66.2,A,Depth,Depth,12.962963,D,S,231576.000000
Tue Jul 29 05:27:23 2025,29-Jul-2025,082725,46 36.621400 N,061 42.882200 W,5.2,66.2,A,Depth,Depth,12.962963,D,S,231576.000000
Tue Jul 29 05:27:23 2025,29-Jul-2025,082726,46 36.621900 N,061 42.880300 W,5.1,66.1,A,Depth,Depth,12.962963,D,S,231576.000000
Tue Jul 29 05:27:26 2025,29-Jul-2025,082727,46 36.622400 N,061 42.878600 W,5.1,66.3,A,Primary,Headline,51.020408,D,S,440370.000000
Tue Jul 29 05:27:26 2025,29-Jul-2025,082728,46 36.622800 N,061 42.876800 W,5.0,66.5,A,Primary,Headline,51.020408,D,S,440370.000000
Tue Jul 29 05:27:26 2025,29-Jul-2025,082729,46 36.623200 N,061 42.874900 W,5.0,66.7,A,Primary,Headline,51.020408,D,S,440370.000000
Tue Jul 29 05:27:26 2025,29-Jul-2025,082730,46 36.623700 N,061 42.873100 W,5.0,66.9,A,Primary,Headline,51.020408,D,S,440370.000000
Tue Jul 29 05:27:30 2025,29-Jul-2025,082731,46 36.624100 N,061 42.871300 W,4.9,67.2,A,Depth,Depth,12.592593,D,S,329254.000000
Tue Jul 29 05:27:30 2025,29-Jul-2025,082732,46 36.624600 N,061 42.869500 W,4.9,67.5,A,Depth,Depth,12.592593,D,S,329254.000000
Tue Jul 29 05:27:32 2025,29-Jul-2025,082733,46 36.625100 N,061 42.867800 W,4.9,67.9,A,Primary,Headline,49.918367,D,S,488327.000000
Tue Jul 29 05:27:32 2025,29-Jul-2025,082734,46 36.625600 N,061 42.865900 W,5.0,68.1,A,Primary,Headline,49.918367,D,S,488327.000000
Tue Jul 29 05:27:32 2025,29-Jul-2025,082735,46 36.626200 N,061 42.864000 W,5.0,68.4,A,Primary,Headline,49.918367,D,S,488327.000000
Tue Jul 29 05:27:32 2025,29-Jul-2025,082736,46 36.626700 N,061 42.862100 W,5.0,68.5,A,Primary,Headline,49.918367,D,S,488327.000000
Tue Jul 29 05:27:32 2025,29-Jul-2025,082737,46 36.627200 N,061 42.860200 W,4.9,68.8,A,Primary,Headline,49.918367,D,S,488327.000000
Tue Jul 29 05:27:38 2025,29-Jul-2025,082738,46 36.627700 N,061 42.858300 W,4.9,69.0,A,Primary,Headline,25.714286,D,S,414980.000000
Tue Jul 29 05:27:38 2025,29-Jul-2025,082739,46 36.628200 N,061 42.856400 W,5.0,69.1,A,Primary,Headline,25.714286,D,S,414980.000000
Tue Jul 29 05:27:38 2025,29-Jul-2025,082740,46 36.628800 N,061 42.854600 W,5.0,69.1,A,Primary,Headline,25.714286,D,S,414980.000000
Tue Jul 29 05:27:38 2025,29-Jul-2025,082741,46 36.629400 N,061 42.852800 W,5.0,69.0,A,Primary,Headline,25.714286,D,S,414980.000000
Tue Jul 29 05:27:38 2025,29-Jul-2025,082742,46 36.630000 N,061 42.851000 W,5.0,69.0,A,Primary,Headline,25.714286,D,S,414980.000000
Tue Jul 29 05:27:38 2025,29-Jul-2025,082743,46 36.630500 N,061 42.849200 W,4.9,69.3,A,Primary,Headline,25.714286,D,S,414980.000000
Tue Jul 29 05:27:43 2025,29-Jul-2025,082744,46 36.630900 N,061 42.847300 W,4.9,69.6,A,Primary,Headline,48.224490,D,S,511068.000000
Tue Jul 29 05:27:44 2025,29-Jul-2025,082745,46 36.631300 N,061 42.845500 W,4.9,69.8,A,Depth,Depth,14.629630,D,S,385941.000000
Tue Jul 29 05:27:44 2025,29-Jul-2025,082746,46 36.631800 N,061 42.843700 W,4.9,70.0,A,Depth,Depth,14.629630,D,S,385941.000000
Tue Jul 29 05:27:44 2025,29-Jul-2025,082747,46 36.632300 N,061 42.841800 W,4.9,70.2,A,Depth,Depth,14.629630,D,S,385941.000000
Tue Jul 29 05:27:44 2025,29-Jul-2025,082748,46 36.632900 N,061 42.840100 W,4.8,70.2,A,Depth,Depth,14.629630,D,S,385941.000000
Tue Jul 29 05:27:49 2025,29-Jul-2025,082749,46 36.633400 N,061 42.838300 W,4.9,70.2,A,Primary,Headline,28.244898,D,P,80735.000000
Tue Jul 29 05:27:49 2025,29-Jul-2025,082750,46 36.633900 N,061 42.836400 W,4.9,70.3,A,Primary,Headline,27.571429,D,S,535883.000000
Tue Jul 29 05:27:49 2025,29-Jul-2025,082751,46 36.634500 N,061 42.834600 W,4.8,70.1,A,Primary,Headline,27.571429,D,S,535883.000000
Tue Jul 29 05:27:51 2025,29-Jul-2025,082752,46 36.635100 N,061 42.832900 W,4.8,69.9,A,Depth,Depth,14.629630,D,S,544421.000000
Tue Jul 29 05:27:51 2025,29-Jul-2025,082753,46 36.635600 N,061 42.831100 W,4.8,69.8,A,Depth,Depth,14.629630,D,S,544421.000000
Tue Jul 29 05:27:51 2025,29-Jul-2025,082754,46 36.636100 N,061 42.829200 W,4.9,69.6,A,Depth,Depth,14.629630,D,S,544421.000000
Tue Jul 29 05:27:54 2025,29-Jul-2025,082755,46 36.636700 N,061 42.827300 W,4.9,69.2,A,Primary,Headline,19.755102,D,S,417550.000000
Tue Jul 29 05:27:54 2025,29-Jul-2025,082756,46 36.637300 N,061 42.825400 W,4.9,69.0,A,Primary,Headline,19.755102,D,S,417550.000000
Tue Jul 29 05:27:54 2025,29-Jul-2025,082757,46 36.637800 N,061 42.823500 W,4.9,68.8,A,Primary,Headline,19.755102,D,S,417550.000000
Tue Jul 29 05:27:54 2025,29-Jul-2025,082758,46 36.638400 N,061 42.821500 W,4.9,68.7,A,Primary,Headline,19.755102,D,S,417550.000000
Tue Jul 29 05:27:58 2025,29-Jul-2025,082759,46 36.638900 N,061 42.819700 W,4.8,68.8,A,Depth,Depth,16.388889,D,S,413626.000000
Tue Jul 29 05:28:00 2025,29-Jul-2025,082800,46 36.639300 N,061 42.817900 W,4.8,69.2,A,DoorSpread,DoorMaster,4.855000,D,S,747076.000000
Tue Jul 29 05:28:00 2025,29-Jul-2025,082801,46 36.639700 N,061 42.816000 W,4.8,69.4,A,Primary,Headline,54.285714,D,S,534333.000000
Tue Jul 29 05:28:00 2025,29-Jul-2025,082802,46 36.640300 N,061 42.814100 W,4.8,69.5,A,Primary,Headline,54.285714,D,S,534333.000000
Tue Jul 29 05:28:00 2025,29-Jul-2025,082803,46 36.640800 N,061 42.812100 W,4.9,69.5,A,Primary,Headline,54.285714,D,S,534333.000000
Tue Jul 29 05:28:00 2025,29-Jul-2025,082804,46 36.641400 N,061 42.810200 W,4.9,69.4,A,Primary,Headline,54.285714,D,S,534333.000000
Tue Jul 29 05:28:00 2025,29-Jul-2025,082805,46 36.641900 N,061 42.808300 W,4.9,69.4,A,Primary,Headline,54.285714,D,S,534333.000000
Tue Jul 29 05:28:05 2025,29-Jul-2025,082806,46 36.642400 N,061 42.806400 W,4.9,69.5,A,Depth,Depth,17.870370,D,S,463022.000000
Tue Jul 29 05:28:06 2025,29-Jul-2025,082807,46 36.642900 N,061 42.804500 W,4.9,69.4,A,Primary,Headline,51.612245,D,S,546349.000000
Tue Jul 29 05:28:06 2025,29-Jul-2025,082808,46 36.643500 N,061 42.802700 W,5.0,69.0,A,Primary,Headline,51.612245,D,S,546349.000000
Tue Jul 29 05:28:06 2025,29-Jul-2025,082809,46 36.644000 N,061 42.800800 W,5.0,68.8,A,Primary,Headline,51.612245,D,S,546349.000000
Tue Jul 29 05:28:06 2025,29-Jul-2025,082810,46 36.644500 N,061 42.798800 W,5.0,68.6,A,Primary,Headline,51.612245,D,S,546349.000000
Tue Jul 29 05:28:06 2025,29-Jul-2025,082811,46 36.645000 N,061 42.796900 W,5.0,68.6,A,Primary,Headline,51.612245,D,S,546349.000000
Tue Jul 29 05:28:12 2025,29-Jul-2025,082812,46 36.645500 N,061 42.795000 W,5.0,68.6,A,Primary,Headline,50.918367,D,S,486176.000000
Tue Jul 29 05:28:13 2025,29-Jul-2025,082813,46 36.646000 N,061 42.793000 W,5.0,68.5,A,Depth,Depth,19.259259,D,S,381654.000000
Tue Jul 29 05:28:13 2025,29-Jul-2025,082814,46 36.646700 N,061 42.790900 W,5.0,68.3,A,Depth,Depth,19.259259,D,S,381654.000000
Tue Jul 29 05:28:13 2025,29-Jul-2025,082815,46 36.647200 N,061 42.788900 W,5.0,68.1,A,Depth,Depth,19.259259,D,S,381654.000000
Tue Jul 29 05:28:13 2025,29-Jul-2025,082816,46 36.647700 N,061 42.786900 W,5.0,68.2,A,Depth,Depth,19.259259,D,S,381654.000000
Tue Jul 29 05:28:13 2025,29-Jul-2025,082817,46 36.648200 N,061 42.784800 W,5.0,68.2,A,Depth,Depth,19.259259,D,S,381654.000000
Tue Jul 29 05:28:18 2025,29-Jul-2025,082818,46 36.648600 N,061 42.782800 W,5.0,68.5,A,Primary,Headline,53.367347,D,P,153413.000000
Tue Jul 29 05:28:18 2025,29-Jul-2025,082819,46 36.649100 N,061 42.780900 W,5.0,68.8,A,Primary,Headline,53.367347,D,P,153413.000000
Tue Jul 29 05:28:20 2025,29-Jul-2025,082820,46 36.649500 N,061 42.778900 W,4.9,69.0,A,Depth,Depth,20.185185,D,S,349099.000000
Tue Jul 29 05:28:20 2025,29-Jul-2025,082821,46 36.649900 N,061 42.776800 W,4.9,69.3,A,DoorSpread,DoorMaster,5.580000,D,S,556254.000000
Tue Jul 29 05:28:20 2025,29-Jul-2025,082822,46 36.650500 N,061 42.774600 W,5.0,69.3,A,DoorSpread,DoorMaster,5.580000,D,S,556254.000000
Tue Jul 29 05:28:20 2025,29-Jul-2025,082823,46 36.651000 N,061 42.772500 W,5.0,69.4,A,DoorSpread,DoorMaster,5.580000,D,S,556254.000000
Tue Jul 29 05:28:24 2025,29-Jul-2025,082824,46 36.651500 N,061 42.770400 W,5.0,69.4,A,Primary,Headline,47.346939,D,S,281162.000000
Tue Jul 29 05:28:24 2025,29-Jul-2025,082825,46 36.652000 N,061 42.768400 W,5.0,69.6,A,Primary,Headline,47.346939,D,S,281162.000000
Tue Jul 29 05:28:26 2025,29-Jul-2025,082826,46 36.652500 N,061 42.766500 W,4.9,69.6,A,DoorSpread,DoorMaster,5.990000,D,S,481868.000000
Tue Jul 29 05:28:27 2025,29-Jul-2025,082827,46 36.652900 N,061 42.764700 W,5.0,69.6,A,Depth,Depth,21.944444,D,P,76203.000000
Tue Jul 29 05:28:27 2025,29-Jul-2025,082828,46 36.653300 N,061 42.762700 W,5.0,69.7,A,Depth,Depth,21.944444,D,P,76203.000000
Tue Jul 29 05:28:29 2025,29-Jul-2025,082829,46 36.653700 N,061 42.760700 W,5.0,69.7,A,Primary,Headline,25.020408,D,S,354139.000000
Tue Jul 29 05:28:29 2025,29-Jul-2025,082830,46 36.654100 N,061 42.758800 W,5.0,69.7,A,Primary,Headline,25.020408,D,S,354139.000000
Tue Jul 29 05:28:29 2025,29-Jul-2025,082831,46 36.654500 N,061 42.756800 W,5.0,69.7,A,Primary,Headline,25.020408,D,S,354139.000000
Tue Jul 29 05:28:29 2025,29-Jul-2025,082832,46 36.655000 N,061 42.754900 W,5.0,69.6,A,Primary,Headline,25.020408,D,S,354139.000000
Tue Jul 29 05:28:29 2025,29-Jul-2025,082833,46 36.655400 N,061 42.753000 W,5.0,69.7,A,Primary,Headline,25.020408,D,S,354139.000000
Tue Jul 29 05:28:34 2025,29-Jul-2025,082834,46 36.655900 N,061 42.751200 W,5.0,69.7,A,Depth,Depth,23.055556,D,S,260183.000000
Tue Jul 29 05:28:34 2025,29-Jul-2025,082835,46 36.656300 N,061 42.749400 W,5.0,69.7,A,Primary,Headline,27.448980,D,S,294267.000000
Tue Jul 29 05:28:34 2025,29-Jul-2025,082836,46 36.656700 N,061 42.747500 W,5.0,69.7,A,Primary,Headline,27.448980,D,S,294267.000000
Tue Jul 29 05:28:34 2025,29-Jul-2025,082837,46 36.657100 N,061 42.745600 W,5.0,69.7,A,Primary,Headline,27.448980,D,S,294267.000000
Tue Jul 29 05:28:34 2025,29-Jul-2025,082838,46 36.657600 N,061 42.743700 W,5.0,69.9,A,Primary,Headline,27.448980,D,S,294267.000000
Tue Jul 29 05:28:34 2025,29-Jul-2025,082839,46 36.657900 N,061 42.741900 W,4.9,69.9,A,Primary,Headline,27.448980,D,S,294267.000000
Tue Jul 29 05:28:34 2025,29-Jul-2025,082840,46 36.658400 N,061 42.740200 W,4.9,69.8,A,Primary,Headline,27.448980,D,S,294267.000000
Tue Jul 29 05:28:41 2025,29-Jul-2025,082841,46 36.658800 N,061 42.738400 W,4.9,70.0,A,Depth,Depth,25.648148,D,S,134816.000000
Tue Jul 29 05:28:41 2025,29-Jul-2025,082842,46 36.659300 N,061 42.736600 W,4.9,70.0,A,Depth,Depth,25.648148,D,S,134816.000000
Tue Jul 29 05:28:41 2025,29-Jul-2025,082843,46 36.659700 N,061 42.734900 W,4.9,70.0,A,Depth,Depth,25.648148,D,S,134816.000000
Tue Jul 29 05:28:41 2025,29-Jul-2025,082844,46 36.660200 N,061 42.733100 W,4.9,69.9,A,Depth,Depth,25.648148,D,S,134816.000000
Tue Jul 29 05:28:41 2025,29-Jul-2025,082845,46 36.660700 N,061 42.731400 W,4.9,69.7,A,Depth,Depth,25.648148,D,S,134816.000000
Tue Jul 29 05:28:45 2025,29-Jul-2025,082846,46 36.661200 N,061 42.729600 W,4.8,69.8,A,Primary,Headline,12.775510,D,S,286973.000000
Tue Jul 29 05:28:45 2025,29-Jul-2025,082847,46 36.661600 N,061 42.727900 W,4.9,69.7,A,Primary,Headline,12.775510,D,S,286973.000000
Tue Jul 29 05:28:45 2025,29-Jul-2025,082848,46 36.662100 N,061 42.726100 W,4.9,69.7,A,Primary,Headline,12.775510,D,S,286973.000000
Tue Jul 29 05:28:48 2025,29-Jul-2025,082849,46 36.662600 N,061 42.724300 W,4.9,69.6,A,Depth,Depth,26.851852,D,S,198583.000000
Tue Jul 29 05:28:48 2025,29-Jul-2025,082850,46 36.663000 N,061 42.722600 W,4.9,69.6,A,Depth,Depth,26.851852,D,S,198583.000000
Tue Jul 29 05:28:51 2025,29-Jul-2025,082851,46 36.663500 N,061 42.720900 W,4.8,69.5,A,DoorSpread,DoorMaster,0.750000,D,S,20305.000000
Tue Jul 29 05:28:51 2025,29-Jul-2025,082852,46 36.663900 N,061 42.719200 W,4.8,69.4,A,DoorSpread,DoorMaster,0.750000,D,S,20305.000000
Tue Jul 29 05:28:51 2025,29-Jul-2025,082853,46 36.664500 N,061 42.717300 W,4.8,69.4,A,DoorSpread,DoorMaster,0.750000,D,S,20305.000000
Tue Jul 29 05:28:51 2025,29-Jul-2025,082854,46 36.665000 N,061 42.715400 W,4.9,69.5,A,DoorSpread,DoorMaster,0.750000,D,S,20305.000000
Tue Jul 29 05:28:51 2025,29-Jul-2025,082855,46 36.665400 N,061 42.713400 W,4.8,69.6,A,DoorSpread,DoorMaster,0.750000,D,S,20305.000000
Tue Jul 29 05:28:55 2025,29-Jul-2025,082856,46 36.666000 N,061 42.711500 W,4.8,69.8,A,Depth,Depth,23.981481,D,P,62324.000000
Tue Jul 29 05:28:57 2025,29-Jul-2025,082857,46 36.666400 N,061 42.709500 W,4.9,70.0,A,Primary,Headline,35.183673,D,S,179968.000000
Tue Jul 29 05:28:57 2025,29-Jul-2025,082858,46 36.666700 N,061 42.707500 W,4.9,70.1,A,Primary,Headline,35.183673,D,S,179968.000000
Tue Jul 29 05:28:57 2025,29-Jul-2025,082859,46 36.667100 N,061 42.705800 W,4.8,70.0,A,Primary,Headline,35.183673,D,S,179968.000000
Tue Jul 29 05:28:57 2025,29-Jul-2025,082900,46 36.667400 N,061 42.703900 W,4.8,70.1,A,Primary,Headline,35.183673,D,S,179968.000000
Tue Jul 29 05:28:57 2025,29-Jul-2025,082901,46 36.667800 N,061 42.702000 W,4.9,70.3,A,Primary,Headline,35.183673,D,S,179968.000000
Tue Jul 29 05:28:57 2025,29-Jul-2025,082902,46 36.668200 N,061 42.700100 W,4.8,70.1,A,Primary,Headline,35.183673,D,S,179968.000000
Tue Jul 29 05:29:03 2025,29-Jul-2025,082903,46 36.668500 N,061 42.698400 W,4.8,70.1,A,Primary,Headline,57.285714,D,S,125353.000000
Tue Jul 29 05:29:03 2025,29-Jul-2025,082904,46 36.668900 N,061 42.696500 W,4.9,70.0,A,Primary,Headline,57.285714,D,S,125353.000000
Tue Jul 29 05:29:03 2025,29-Jul-2025,082905,46 36.669400 N,061 42.694600 W,5.0,69.9,A,Primary,Headline,57.285714,D,S,125353.000000
Tue Jul 29 05:29:03 2025,29-Jul-2025,082906,46 36.669900 N,061 42.692800 W,4.9,70.0,A,Primary,Headline,57.285714,D,S,125353.000000
Tue Jul 29 05:29:03 2025,29-Jul-2025,082907,46 36.670300 N,061 42.690900 W,4.9,69.9,A,Primary,Headline,57.285714,D,S,125353.000000
Tue Jul 29 05:29:03 2025,29-Jul-2025,082908,46 36.670900 N,061 42.689100 W,4.9,70.0,A,Primary,Headline,57.285714,D,S,125353.000000
Tue Jul 29 05:29:08 2025,29-Jul-2025,082909,46 36.671300 N,061 42.687200 W,4.9,70.2,A,Primary,Headline,35.938776,D,S,111938.000000
Tue Jul 29 05:29:09 2025,29-Jul-2025,082910,46 36.671700 N,061 42.685300 W,4.8,70.5,A,Depth,Depth,30.740741,D,S,86565.000000
Tue Jul 29 05:29:09 2025,29-Jul-2025,082911,46 36.672100 N,061 42.683400 W,4.8,70.8,A,Depth,Depth,30.740741,D,S,86565.000000
Tue Jul 29 05:29:09 2025,29-Jul-2025,082912,46 36.672600 N,061 42.681500 W,4.8,71.0,A,Depth,Depth,30.740741,D,S,86565.000000
Tue Jul 29 05:29:09 2025,29-Jul-2025,082913,46 36.673100 N,061 42.679500 W,4.9,71.0,A,Depth,Depth,30.740741,D,S,86565.000000
Tue Jul 29 05:29:14 2025,29-Jul-2025,082914,46 36.673600 N,061 42.677500 W,4.9,71.2,A,Primary,Headline,45.612245,D,S,166713.000000
Tue Jul 29 05:29:14 2025,29-Jul-2025,082915,46 36.674000 N,061 42.675600 W,4.9,71.2,A,Primary,Headline,45.612245,D,S,166713.000000
Tue Jul 29 05:29:14 2025,29-Jul-2025,082916,46 36.674400 N,061 42.673500 W,4.9,71.6,A,Primary,Headline,45.612245,D,S,166713.000000
Tue Jul 29 05:29:16 2025,29-Jul-2025,082917,46 36.674800 N,061 42.671500 W,4.9,71.8,A,Depth,Depth,32.685185,D,S,113177.000000
Tue Jul 29 05:29:16 2025,29-Jul-2025,082918,46 36.675200 N,061 42.669600 W,4.9,71.6,A,Depth,Depth,32.685185,D,S,113177.000000
Tue Jul 29 05:29:16 2025,29-Jul-2025,082919,46 36.675800 N,061 42.667700 W,5.0,71.1,A,Depth,Depth,32.685185,D,S,113177.000000
Tue Jul 29 05:29:20 2025,29-Jul-2025,082920,46 36.676400 N,061 42.665700 W,5.1,70.6,A,Primary,Headline,45.734694,D,S,102327.000000
Tue Jul 29 05:29:20 2025,29-Jul-2025,082921,46 36.676900 N,061 42.663700 W,5.1,70.2,A,Primary,Headline,45.734694,D,S,102327.000000
Tue Jul 29 05:29:20 2025,29-Jul-2025,082922,46 36.677500 N,061 42.661900 W,5.1,69.8,A,Primary,Headline,45.734694,D,S,102327.000000
Tue Jul 29 05:29:22 2025,29-Jul-2025,082923,46 36.678000 N,061 42.660100 W,5.1,69.6,A,DoorSpread,DoorMaster,6.055000,D,S,93205.000000
Tue Jul 29 05:29:24 2025,29-Jul-2025,082924,46 36.678500 N,061 42.658300 W,5.2,69.4,A,Depth,Depth,33.888889,D,S,144695.000000
Tue Jul 29 05:29:24 2025,29-Jul-2025,082925,46 36.679000 N,061 42.656500 W,5.1,69.5,A,Depth,Depth,33.888889,D,S,144695.000000
Tue Jul 29 05:29:25 2025,29-Jul-2025,082926,46 36.679400 N,061 42.654800 W,5.1,69.6,A,Primary,Headline,51.020408,D,S,102364.000000
Tue Jul 29 05:29:25 2025,29-Jul-2025,082927,46 36.679800 N,061 42.652900 W,5.1,69.7,A,Primary,Headline,51.020408,D,S,102364.000000
Tue Jul 29 05:29:25 2025,29-Jul-2025,082928,46 36.680300 N,061 42.651100 W,5.1,69.9,A,Primary,Headline,51.020408,D,S,102364.000000
Tue Jul 29 05:29:25 2025,29-Jul-2025,082929,46 36.680700 N,061 42.649300 W,5.1,70.0,A,Primary,Headline,51.020408,D,S,102364.000000
Tue Jul 29 05:29:25 2025,29-Jul-2025,082930,46 36.681100 N,061 42.647400 W,5.1,70.1,A,Primary,Headline,51.020408,D,S,102364.000000
Tue Jul 29 05:29:31 2025,29-Jul-2025,082931,46 36.681400 N,061 42.645600 W,5.1,70.2,A,Depth,Depth,36.944444,D,S,124206.000000
Tue Jul 29 05:29:31 2025,29-Jul-2025,082932,46 36.681800 N,061 42.643800 W,5.0,70.4,A,Primary,Headline,29.244898,D,S,139357.000000
Tue Jul 29 05:29:33 2025,29-Jul-2025,082933,46 36.682100 N,061 42.641900 W,5.0,70.7,A,DoorSpread,DoorMaster,5.930000,D,S,72649.000000
Tue Jul 29 05:29:33 2025,29-Jul-2025,082934,46 36.682400 N,061 42.640100 W,5.0,70.9,A,DoorSpread,DoorMaster,5.930000,D,S,72649.000000
Tue Jul 29 05:29:33 2025,29-Jul-2025,082935,46 36.682800 N,061 42.638300 W,5.0,71.1,A,DoorSpread,DoorMaster,5.930000,D,S,72649.000000
Tue Jul 29 05:29:33 2025,29-Jul-2025,082936,46 36.683200 N,061 42.636500 W,5.0,71.1,A,DoorSpread,DoorMaster,5.930000,D,S,72649.000000
Tue Jul 29 05:29:36 2025,29-Jul-2025,082937,46 36.683600 N,061 42.634600 W,5.0,71.1,A,Primary,Headline,28.040816,D,S,110487.000000
Tue Jul 29 05:29:38 2025,29-Jul-2025,082938,46 36.683900 N,061 42.632700 W,5.1,71.2,A,Depth,Depth,37.500000,D,S,54217.000000
Tue Jul 29 05:29:38 2025,29-Jul-2025,082939,46 36.684400 N,061 42.630700 W,5.1,71.2,A,Depth,Depth,37.500000,D,S,54217.000000
Tue Jul 29 05:29:38 2025,29-Jul-2025,082940,46 36.684800 N,061 42.628800 W,5.0,71.1,A,Depth,Depth,37.500000,D,S,54217.000000
Tue Jul 29 05:29:38 2025,29-Jul-2025,082941,46 36.685200 N,061 42.626900 W,5.0,71.0,A,Depth,Depth,37.500000,D,S,54217.000000
Tue Jul 29 05:29:42 2025,29-Jul-2025,082942,46 36.685600 N,061 42.625000 W,5.1,71.1,A,Primary,Headline,26.571429,D,S,105896.000000
Tue Jul 29 05:29:42 2025,29-Jul-2025,082943,46 36.686100 N,061 42.623100 W,5.0,71.1,A,Primary,Headline,26.571429,D,S,105896.000000
Tue Jul 29 05:29:42 2025,29-Jul-2025,082944,46 36.686500 N,061 42.621400 W,5.0,71.1,A,Primary,Headline,26.571429,D,S,105896.000000
Tue Jul 29 05:29:45 2025,29-Jul-2025,082945,46 36.686900 N,061 42.619600 W,5.0,71.0,A,Depth,Depth,40.370370,D,S,112414.000000
Tue Jul 29 05:29:45 2025,29-Jul-2025,082946,46 36.687400 N,061 42.617700 W,5.0,71.0,A,Depth,Depth,40.370370,D,S,112414.000000
Tue Jul 29 05:29:45 2025,29-Jul-2025,082947,46 36.687900 N,061 42.615700 W,5.0,70.9,A,Depth,Depth,40.370370,D,S,112414.000000
Tue Jul 29 05:29:47 2025,29-Jul-2025,082948,46 36.688300 N,061 42.613800 W,5.0,70.7,A,Primary,Headline,23.612245,D,P,411242.000000
Tue Jul 29 05:29:47 2025,29-Jul-2025,082949,46 36.688800 N,061 42.611800 W,5.0,70.6,A,Primary,Headline,23.612245,D,P,411242.000000
Tue Jul 29 05:29:47 2025,29-Jul-2025,082950,46 36.689100 N,061 42.609900 W,5.0,70.5,A,Primary,Headline,23.612245,D,P,411242.000000
Tue Jul 29 05:29:47 2025,29-Jul-2025,082951,46 36.689600 N,061 42.608000 W,5.0,70.4,A,Primary,Headline,23.612245,D,P,411242.000000
Tue Jul 29 05:29:47 2025,29-Jul-2025,082952,46 36.690000 N,061 42.606100 W,5.0,70.4,A,Primary,Headline,23.612245,D,P,411242.000000
Tue Jul 29 05:29:52 2025,29-Jul-2025,082953,46 36.690300 N,061 42.604300 W,5.0,70.5,A,Depth,Depth,48.981481,D,S,46625.000000
Tue Jul 29 05:29:53 2025,29-Jul-2025,082954,46 36.690700 N,061 42.602400 W,5.0,70.6,A,Primary,Headline,52.734694,D,S,61661.000000
Tue Jul 29 05:29:53 2025,29-Jul-2025,082955,46 36.691100 N,061 42.600500 W,5.0,70.6,A,Primary,Headline,52.734694,D,S,61661.000000
Tue Jul 29 05:29:53 2025,29-Jul-2025,082956,46 36.691500 N,061 42.598600 W,5.0,70.7,A,Primary,Headline,52.734694,D,S,61661.000000
Tue Jul 29 05:29:53 2025,29-Jul-2025,082957,46 36.692000 N,061 42.596800 W,5.0,70.7,A,Primary,Headline,52.734694,D,S,61661.000000
Tue Jul 29 05:29:53 2025,29-Jul-2025,082958,46 36.692400 N,061 42.595000 W,5.0,70.7,A,Primary,Headline,52.734694,D,S,61661.000000
Tue Jul 29 05:29:58 2025,29-Jul-2025,082959,46 36.692700 N,061 42.593100 W,5.0,70.8,A,Primary,Headline,21.408163,D,S,68289.000000
Tue Jul 29 05:29:59 2025,29-Jul-2025,083000,46 36.693100 N,061 42.591300 W,5.0,70.8,A,Depth,Depth,36.111111,D,S,85628.000000
Tue Jul 29 05:29:59 2025,29-Jul-2025,083001,46 36.693600 N,061 42.589400 W,5.0,70.7,A,Depth,Depth,36.111111,D,S,85628.000000
Tue Jul 29 05:29:59 2025,29-Jul-2025,083002,46 36.694000 N,061 42.587600 W,5.0,70.7,A,Depth,Depth,36.111111,D,S,85628.000000
Tue Jul 29 05:29:59 2025,29-Jul-2025,083003,46 36.694500 N,061 42.585700 W,5.0,70.8,A,Depth,Depth,36.111111,D,S,85628.000000
Tue Jul 29 05:30:04 2025,29-Jul-2025,083004,46 36.694900 N,061 42.583700 W,5.0,70.8,A,Primary,Headline,21.571429,D,S,130774.000000
Tue Jul 29 05:30:04 2025,29-Jul-2025,083005,46 36.695300 N,061 42.581800 W,5.0,70.9,A,Primary,Headline,21.571429,D,S,130774.000000
Tue Jul 29 05:30:04 2025,29-Jul-2025,083006,46 36.695700 N,061 42.579900 W,5.0,70.8,A,Primary,Headline,21.571429,D,S,130774.000000
Tue Jul 29 05:30:06 2025,29-Jul-2025,083007,46 36.696100 N,061 42.577900 W,5.0,70.7,A,Depth,Depth,46.851852,D,S,108902.000000
Tue Jul 29 05:30:06 2025,29-Jul-2025,083008,46 36.696600 N,061 42.576000 W,5.0,70.6,A,Depth,Depth,46.851852,D,S,108902.000000
Tue Jul 29 05:30:06 2025,29-Jul-2025,083009,46 36.696900 N,061 42.574000 W,5.0,70.5,A,Depth,Depth,46.851852,D,S,108902.000000
Tue Jul 29 05:30:09 2025,29-Jul-2025,083010,46 36.697300 N,061 42.571900 W,5.0,70.5,A,Primary,Headline,19.877551,D,S,79985.000000
Tue Jul 29 05:30:09 2025,29-Jul-2025,083011,46 36.697700 N,061 42.569900 W,5.0,70.5,A,Primary,Headline,19.877551,D,S,79985.000000
Tue Jul 29 05:30:09 2025,29-Jul-2025,083012,46 36.698100 N,061 42.568000 W,5.0,70.7,A,Primary,Headline,19.877551,D,S,79985.000000
Tue Jul 29 05:30:09 2025,29-Jul-2025,083013,46 36.698500 N,061 42.566100 W,4.9,70.9,A,Primary,Headline,19.877551,D,S,79985.000000
Tue Jul 29 05:30:09 2025,29-Jul-2025,083014,46 36.698800 N,061 42.564200 W,4.9,71.0,A,Primary,Headline,19.877551,D,S,79985.000000
Tue Jul 29 05:30:15 2025,29-Jul-2025,083015,46 36.699200 N,061 42.562400 W,4.8,70.9,A,Primary,Headline,18.795918,D,P,149093.000000
Tue Jul 29 05:30:15 2025,29-Jul-2025,083016,46 36.699600 N,061 42.560700 W,4.8,70.9,A,Primary,Headline,18.795918,D,P,149093.000000
Tue Jul 29 05:30:15 2025,29-Jul-2025,083017,46 36.700000 N,061 42.559000 W,4.7,70.7,A,Primary,Headline,18.795918,D,P,149093.000000
Tue Jul 29 05:30:15 2025,29-Jul-2025,083018,46 36.700500 N,061 42.557300 W,4.7,70.4,A,Primary,Headline,18.795918,D,P,149093.000000
Tue Jul 29 05:30:15 2025,29-Jul-2025,083019,46 36.700900 N,061 42.555800 W,4.6,70.2,A,Primary,Headline,18.795918,D,P,149093.000000
Tue Jul 29 05:30:20 2025,29-Jul-2025,083020,46 36.701300 N,061 42.554300 W,4.4,69.9,A,Primary,Headline,17.346939,D,S,213581.000000
Tue Jul 29 05:30:20 2025,29-Jul-2025,083021,46 36.701600 N,061 42.552800 W,4.3,70.0,A,Primary,Headline,17.346939,D,S,213581.000000
Tue Jul 29 05:30:20 2025,29-Jul-2025,083022,46 36.701900 N,061 42.551400 W,4.2,69.8,A,Primary,Headline,17.346939,D,S,213581.000000
Tue Jul 29 05:30:20 2025,29-Jul-2025,083023,46 36.702300 N,061 42.550000 W,4.1,69.7,A,Primary,Headline,17.346939,D,S,213581.000000
Tue Jul 29 05:30:20 2025,29-Jul-2025,083024,46 36.702600 N,061 42.548700 W,3.9,69.5,A,Primary,Headline,17.346939,D,S,213581.000000
Tue Jul 29 05:30:24 2025,29-Jul-2025,083025,46 36.703000 N,061 42.547500 W,3.9,69.2,A,DoorSpread,DoorMaster,6.675000,D,P,53949.000000
Tue Jul 29 05:30:25 2025,29-Jul-2025,083026,46 36.703400 N,061 42.546400 W,3.7,68.9,A,Primary,Headline,15.836735,D,S,150636.000000
Tue Jul 29 05:30:25 2025,29-Jul-2025,083027,46 36.703700 N,061 42.545400 W,3.6,68.6,A,Primary,Headline,15.836735,D,S,150636.000000
Tue Jul 29 05:30:25 2025,29-Jul-2025,083028,46 36.704000 N,061 42.544500 W,3.5,68.5,A,Primary,Headline,15.836735,D,S,150636.000000
Tue Jul 29 05:30:25 2025,29-Jul-2025,083029,46 36.704200 N,061 42.543500 W,3.4,68.3,A,Primary,Headline,15.836735,D,S,150636.000000
Tue Jul 29 05:30:30 2025,29-Jul-2025,083030,46 36.704400 N,061 42.542700 W,3.2,68.3,A,DoorSpread,DoorMaster,7.315000,D,S,243081.000000
Tue Jul 29 05:30:30 2025,29-Jul-2025,083031,46 36.704700 N,061 42.541800 W,3.1,68.1,A,DoorSpread,DoorMaster,7.315000,D,S,243081.000000
Tue Jul 29 05:30:30 2025,29-Jul-2025,083032,46 36.705000 N,061 42.541000 W,3.1,68.1,A,DoorSpread,DoorMaster,7.315000,D,S,243081.000000
Tue Jul 29 05:30:30 2025,29-Jul-2025,083033,46 36.705300 N,061 42.540100 W,3.0,68.0,A,DoorSpread,DoorMaster,7.315000,D,S,243081.000000
Tue Jul 29 05:30:30 2025,29-Jul-2025,083034,46 36.705600 N,061 42.539300 W,2.9,67.9,A,DoorSpread,DoorMaster,7.315000,D,S,243081.000000
Tue Jul 29 05:30:30 2025,29-Jul-2025,083035,46 36.705800 N,061 42.538600 W,2.8,67.9,A,DoorSpread,DoorMaster,7.315000,D,S,243081.000000
Tue Jul 29 05:30:30 2025,29-Jul-2025,083036,46 36.706000 N,061 42.537800 W,2.7,67.8,A,DoorSpread,DoorMaster,7.315000,D,S,243081.000000
Tue Jul 29 05:30:30 2025,29-Jul-2025,083037,46 36.706300 N,061 42.537100 W,2.6,67.7,A,DoorSpread,DoorMaster,7.315000,D,S,243081.000000
Tue Jul 29 05:30:30 2025,29-Jul-2025,083038,46 36.706600 N,061 42.536400 W,2.5,67.5,A,DoorSpread,DoorMaster,7.315000,D,S,243081.000000
Tue Jul 29 05:30:30 2025,29-Jul-2025,083039,46 36.706800 N,061 42.535800 W,2.5,67.2,A,DoorSpread,DoorMaster,7.315000,D,S,243081.000000
Tue Jul 29 05:30:30 2025,29-Jul-2025,083040,46 36.707100 N,061 42.535100 W,2.4,67.2,A,DoorSpread,DoorMaster,7.315000,D,S,243081.000000
Tue Jul 29 05:30:40 2025,29-Jul-2025,083041,46 36.707400 N,061 42.534300 W,2.4,67.2,A,DoorSpread,DoorMaster,6.880000,D,P,160946.000000
Tue Jul 29 05:30:40 2025,29-Jul-2025,083042,46 36.707600 N,061 42.533500 W,2.3,67.3,A,DoorSpread,DoorMaster,6.880000,D,P,160946.000000
Tue Jul 29 05:30:40 2025,29-Jul-2025,083043,46 36.707700 N,061 42.532700 W,2.3,67.9,A,DoorSpread,DoorMaster,6.880000,D,P,160946.000000
Tue Jul 29 05:30:40 2025,29-Jul-2025,083044,46 36.707900 N,061 42.531700 W,2.2,68.4,A,DoorSpread,DoorMaster,6.880000,D,P,160946.000000
Tue Jul 29 05:30:40 2025,29-Jul-2025,083045,46 36.708000 N,061 42.530800 W,2.2,68.8,A,DoorSpread,DoorMaster,6.880000,D,P,160946.000000
Tue Jul 29 05:30:46 2025,29-Jul-2025,083046,46 36.708300 N,061 42.529900 W,2.2,68.8,A,DoorSpread,DoorMaster,5.800000,D,P,167248.000000
Tue Jul 29 05:30:46 2025,29-Jul-2025,083047,46 36.708500 N,061 42.529100 W,2.2,68.8,A,DoorSpread,DoorMaster,5.800000,D,P,167248.000000
Tue Jul 29 05:30:46 2025,29-Jul-2025,083048,46 36.708700 N,061 42.528300 W,2.2,68.6,A,DoorSpread,DoorMaster,5.800000,D,P,167248.000000
Tue Jul 29 05:30:46 2025,29-Jul-2025,083049,46 36.709000 N,061 42.527400 W,2.2,68.7,A,DoorSpread,DoorMaster,5.800000,D,P,167248.000000
Tue Jul 29 05:30:46 2025,29-Jul-2025,083050,46 36.709100 N,061 42.526500 W,2.1,69.0,A,DoorSpread,DoorMaster,5.800000,D,P,167248.000000
Tue Jul 29 05:30:46 2025,29-Jul-2025,083051,46 36.709400 N,061 42.525800 W,2.1,69.0,A,DoorSpread,DoorMaster,5.800000,D,P,167248.000000
Tue Jul 29 05:30:51 2025,29-Jul-2025,083052,46 36.709700 N,061 42.525100 W,2.1,69.0,A,DoorSpread,DoorMaster,6.115000,D,S,268888.000000
Tue Jul 29 05:30:51 2025,29-Jul-2025,083053,46 36.709900 N,061 42.524400 W,2.1,68.9,A,DoorSpread,DoorMaster,6.115000,D,S,268888.000000
Tue Jul 29 05:30:51 2025,29-Jul-2025,083054,46 36.710200 N,061 42.523800 W,2.1,68.7,A,DoorSpread,DoorMaster,6.115000,D,S,268888.000000
Tue Jul 29 05:30:51 2025,29-Jul-2025,083055,46 36.710400 N,061 42.523200 W,2.1,68.8,A,DoorSpread,DoorMaster,6.115000,D,S,268888.000000
Tue Jul 29 05:30:51 2025,29-Jul-2025,083056,46 36.710600 N,061 42.522500 W,2.1,68.8,A,DoorSpread,DoorMaster,6.115000,D,S,268888.000000
Tue Jul 29 05:30:51 2025,29-Jul-2025,083057,46 36.710800 N,061 42.521700 W,2.1,68.9,A,DoorSpread,DoorMaster,6.115000,D,S,268888.000000
Tue Jul 29 05:30:57 2025,29-Jul-2025,083058,46 36.711000 N,061 42.520900 W,2.1,69.1,A,DoorSpread,DoorMaster,5.500000,D,S,184735.000000
Tue Jul 29 05:30:57 2025,29-Jul-2025,083059,46 36.711100 N,061 42.520100 W,2.1,69.4,A,DoorSpread,DoorMaster,5.500000,D,S,184735.000000
Tue Jul 29 05:30:57 2025,29-Jul-2025,083100,46 36.711200 N,061 42.519300 W,2.1,69.6,A,DoorSpread,DoorMaster,5.500000,D,S,184735.000000
Tue Jul 29 05:30:57 2025,29-Jul-2025,083101,46 36.711300 N,061 42.518500 W,2.1,69.6,A,DoorSpread,DoorMaster,5.500000,D,S,184735.000000
Tue Jul 29 05:30:57 2025,29-Jul-2025,083102,46 36.711500 N,061 42.517700 W,2.1,69.9,A,DoorSpread,DoorMaster,5.500000,D,S,184735.000000
Tue Jul 29 05:31:02 2025,29-Jul-2025,083103,46 36.711700 N,061 42.517000 W,2.1,70.0,A,DoorSpread,DoorMaster,5.655000,D,P,206860.000000
Tue Jul 29 05:31:02 2025,29-Jul-2025,083104,46 36.711900 N,061 42.516300 W,2.1,70.1,A,DoorSpread,DoorMaster,5.655000,D,P,206860.000000
Tue Jul 29 05:31:02 2025,29-Jul-2025,083105,46 36.712000 N,061 42.515700 W,2.1,70.2,A,DoorSpread,DoorMaster,5.655000,D,P,206860.000000
Tue Jul 29 05:31:02 2025,29-Jul-2025,083106,46 36.712200 N,061 42.515000 W,2.1,70.3,A,DoorSpread,DoorMaster,5.655000,D,P,206860.000000
Tue Jul 29 05:31:02 2025,29-Jul-2025,083107,46 36.712400 N,061 42.514400 W,2.0,70.4,A,DoorSpread,DoorMaster,5.655000,D,P,206860.000000
Tue Jul 29 05:31:08 2025,29-Jul-2025,083108,46 36.712500 N,061 42.513700 W,2.1,70.5,A,DoorSpread,DoorMaster,5.645000,D,P,79089.000000
Tue Jul 29 05:31:08 2025,29-Jul-2025,083109,46 36.712700 N,061 42.512800 W,2.1,70.6,A,DoorSpread,DoorMaster,5.645000,D,P,79089.000000
Tue Jul 29 05:31:08 2025,29-Jul-2025,083110,46 36.712800 N,061 42.511900 W,2.1,70.6,A,DoorSpread,DoorMaster,5.645000,D,P,79089.000000
Tue Jul 29 05:31:08 2025,29-Jul-2025,083111,46 36.713000 N,061 42.511000 W,2.1,70.6,A,DoorSpread,DoorMaster,5.645000,D,P,79089.000000
Tue Jul 29 05:31:08 2025,29-Jul-2025,083112,46 36.713100 N,061 42.510100 W,2.1,70.7,A,DoorSpread,DoorMaster,5.645000,D,P,79089.000000
Tue Jul 29 05:31:08 2025,29-Jul-2025,083113,46 36.713200 N,061 42.509200 W,2.2,70.7,A,DoorSpread,DoorMaster,5.645000,D,P,79089.000000
Tue Jul 29 05:31:14 2025,29-Jul-2025,083114,46 36.713400 N,061 42.508300 W,2.1,70.6,A,DoorSpread,DoorMaster,6.085000,D,S,316915.000000
Tue Jul 29 05:31:14 2025,29-Jul-2025,083115,46 36.713600 N,061 42.507600 W,2.1,70.6,A,DoorSpread,DoorMaster,6.085000,D,S,316915.000000
Tue Jul 29 05:31:14 2025,29-Jul-2025,083116,46 36.713700 N,061 42.506900 W,2.1,70.6,A,DoorSpread,DoorMaster,6.085000,D,S,316915.000000
Tue Jul 29 05:31:14 2025,29-Jul-2025,083117,46 36.713900 N,061 42.506100 W,2.1,70.7,A,DoorSpread,DoorMaster,6.085000,D,S,316915.000000
Tue Jul 29 05:31:14 2025,29-Jul-2025,083118,46 36.714100 N,061 42.505400 W,2.1,70.9,A,DoorSpread,DoorMaster,6.085000,D,S,316915.000000
Tue Jul 29 05:31:14 2025,29-Jul-2025,083119,46 36.714200 N,061 42.504600 W,2.0,70.9,A,DoorSpread,DoorMaster,6.085000,D,S,316915.000000
Tue Jul 29 05:31:19 2025,29-Jul-2025,083120,46 36.714400 N,061 42.503900 W,2.0,71.1,A,DoorSpread,DoorMaster,6.440000,D,P,64424.000000
Tue Jul 29 05:31:19 2025,29-Jul-2025,083121,46 36.714500 N,061 42.503100 W,2.0,71.1,A,DoorSpread,DoorMaster,6.440000,D,P,64424.000000
Tue Jul 29 05:31:19 2025,29-Jul-2025,083122,46 36.714700 N,061 42.502300 W,2.0,71.1,A,DoorSpread,DoorMaster,6.440000,D,P,64424.000000
Tue Jul 29 05:31:19 2025,29-Jul-2025,083123,46 36.714800 N,061 42.501600 W,2.0,71.0,A,DoorSpread,DoorMaster,6.440000,D,P,64424.000000
Tue Jul 29 05:31:19 2025,29-Jul-2025,083124,46 36.715000 N,061 42.500800 W,2.1,71.0,A,DoorSpread,DoorMaster,6.440000,D,P,64424.000000
Tue Jul 29 05:31:25 2025,29-Jul-2025,083125,46 36.715200 N,061 42.500000 W,2.0,71.1,A,DoorSpread,DoorMaster,6.455000,D,P,92449.000000
Tue Jul 29 05:31:25 2025,29-Jul-2025,083126,46 36.715400 N,061 42.499300 W,2.0,71.0,A,DoorSpread,DoorMaster,6.455000,D,P,92449.000000
Tue Jul 29 05:31:25 2025,29-Jul-2025,083127,46 36.715600 N,061 42.498700 W,2.0,71.0,A,DoorSpread,DoorMaster,6.455000,D,P,92449.000000
Tue Jul 29 05:31:25 2025,29-Jul-2025,083128,46 36.715800 N,061 42.498100 W,2.0,71.0,A,DoorSpread,DoorMaster,6.455000,D,P,92449.000000
Tue Jul 29 05:31:25 2025,29-Jul-2025,083129,46 36.716000 N,061 42.497500 W,2.0,70.9,A,DoorSpread,DoorMaster,6.455000,D,P,92449.000000
Tue Jul 29 05:31:25 2025,29-Jul-2025,083130,46 36.716200 N,061 42.496900 W,2.0,70.9,A,DoorSpread,DoorMaster,6.455000,D,P,92449.000000
Tue Jul 29 05:31:31 2025,29-Jul-2025,083131,46 36.716300 N,061 42.496200 W,2.0,70.7,A,DoorSpread,DoorMaster,6.715000,D,P,457182.000000
Tue Jul 29 05:31:31 2025,29-Jul-2025,083132,46 36.716400 N,061 42.495300 W,2.0,70.7,A,DoorSpread,DoorMaster,6.715000,D,P,457182.000000
Tue Jul 29 05:31:31 2025,29-Jul-2025,083133,46 36.716600 N,061 42.494400 W,2.1,70.7,A,DoorSpread,DoorMaster,6.715000,D,P,457182.000000
Tue Jul 29 05:31:31 2025,29-Jul-2025,083134,46 36.716700 N,061 42.493700 W,2.1,70.9,A,DoorSpread,DoorMaster,6.715000,D,P,457182.000000
Tue Jul 29 05:31:31 2025,29-Jul-2025,083135,46 36.716900 N,061 42.492900 W,2.0,71.1,A,DoorSpread,DoorMaster,6.715000,D,P,457182.000000
Tue Jul 29 05:31:31 2025,29-Jul-2025,083136,46 36.717000 N,061 42.492200 W,2.1,71.1,A,DoorSpread,DoorMaster,6.715000,D,P,457182.000000
Tue Jul 29 05:31:36 2025,29-Jul-2025,083137,46 36.717200 N,061 42.491500 W,2.0,71.1,A,DoorSpread,DoorMaster,6.950000,D,P,176375.000000
Tue Jul 29 05:31:37 2025,29-Jul-2025,083138,46 36.717300 N,061 42.490800 W,2.0,71.0,A,Primary,Headline,44.979592,D,P,48552.000000
Tue Jul 29 05:31:37 2025,29-Jul-2025,083139,46 36.717400 N,061 42.490100 W,2.0,70.9,A,Primary,Headline,44.979592,D,P,48552.000000
Tue Jul 29 05:31:37 2025,29-Jul-2025,083140,46 36.717600 N,061 42.489300 W,2.0,70.9,A,Primary,Headline,44.979592,D,P,48552.000000
Tue Jul 29 05:31:37 2025,29-Jul-2025,083141,46 36.717800 N,061 42.488600 W,2.0,70.9,A,Primary,Headline,44.979592,D,P,48552.000000
Tue Jul 29 05:31:37 2025,29-Jul-2025,083142,46 36.718000 N,061 42.487900 W,2.0,70.7,A,Primary,Headline,44.979592,D,P,48552.000000
Tue Jul 29 05:31:37 2025,29-Jul-2025,083143,46 36.718300 N,061 42.487300 W,2.0,70.5,A,Primary,Headline,44.979592,D,P,48552.000000
Tue Jul 29 05:31:37 2025,29-Jul-2025,083144,46 36.718400 N,061 42.486500 W,2.0,70.4,A,Primary,Headline,44.979592,D,P,48552.000000
Tue Jul 29 05:31:37 2025,29-Jul-2025,083145,46 36.718500 N,061 42.485700 W,2.0,70.3,A,Primary,Headline,44.979592,D,P,48552.000000
Tue Jul 29 05:31:37 2025,29-Jul-2025,083146,46 36.718700 N,061 42.484900 W,2.0,70.2,A,Primary,Headline,44.979592,D,P,48552.000000
Tue Jul 29 05:31:47 2025,29-Jul-2025,083147,46 36.718800 N,061 42.484100 W,2.0,70.1,A,DoorSpread,DoorMaster,7.270000,D,S,650841.000000
Tue Jul 29 05:31:47 2025,29-Jul-2025,083148,46 36.719000 N,061 42.483300 W,2.0,70.2,A,DoorSpread,DoorMaster,7.270000,D,S,650841.000000
Tue Jul 29 05:31:47 2025,29-Jul-2025,083149,46 36.719100 N,061 42.482500 W,2.0,70.3,A,DoorSpread,DoorMaster,7.270000,D,S,650841.000000
Tue Jul 29 05:31:47 2025,29-Jul-2025,083150,46 36.719300 N,061 42.481700 W,2.0,70.3,A,DoorSpread,DoorMaster,7.270000,D,S,650841.000000
Tue Jul 29 05:31:47 2025,29-Jul-2025,083151,46 36.719500 N,061 42.481000 W,2.0,70.2,A,DoorSpread,DoorMaster,7.270000,D,S,650841.000000
Tue Jul 29 05:31:47 2025,29-Jul-2025,083152,46 36.719800 N,061 42.480200 W,2.1,70.2,A,DoorSpread,DoorMaster,7.270000,D,S,650841.000000
Tue Jul 29 05:31:52 2025,29-Jul-2025,083153,46 36.720100 N,061 42.479400 W,2.1,70.1,A,DoorSpread,DoorMaster,7.340000,D,S,254664.000000
Tue Jul 29 05:31:52 2025,29-Jul-2025,083154,46 36.720400 N,061 42.478700 W,2.1,70.0,A,DoorSpread,DoorMaster,7.340000,D,S,254664.000000
Tue Jul 29 05:31:52 2025,29-Jul-2025,083155,46 36.720800 N,061 42.478000 W,2.1,70.0,A,DoorSpread,DoorMaster,7.340000,D,S,254664.000000
Tue Jul 29 05:31:52 2025,29-Jul-2025,083156,46 36.721000 N,061 42.477400 W,2.1,70.1,A,DoorSpread,DoorMaster,7.340000,D,S,254664.000000
Tue Jul 29 05:31:52 2025,29-Jul-2025,083157,46 36.721200 N,061 42.476700 W,2.1,70.3,A,DoorSpread,DoorMaster,7.340000,D,S,254664.000000
Tue Jul 29 05:31:52 2025,29-Jul-2025,083158,46 36.721400 N,061 42.475900 W,2.0,70.4,A,DoorSpread,DoorMaster,7.340000,D,S,254664.000000
Tue Jul 29 05:31:58 2025,29-Jul-2025,083159,46 36.721500 N,061 42.475100 W,2.0,70.5,A,DoorSpread,DoorMaster,7.405000,D,P,216511.000000
Tue Jul 29 05:31:58 2025,29-Jul-2025,083200,46 36.721700 N,061 42.474300 W,2.0,70.7,A,DoorSpread,DoorMaster,7.405000,D,P,216511.000000
Tue Jul 29 05:31:58 2025,29-Jul-2025,083201,46 36.721900 N,061 42.473400 W,2.0,70.8,A,DoorSpread,DoorMaster,7.405000,D,P,216511.000000
Tue Jul 29 05:31:58 2025,29-Jul-2025,083202,46 36.722100 N,061 42.472400 W,2.0,70.8,A,DoorSpread,DoorMaster,7.405000,D,P,216511.000000
Tue Jul 29 05:31:58 2025,29-Jul-2025,083203,46 36.722200 N,061 42.471400 W,2.0,70.7,A,DoorSpread,DoorMaster,7.405000,D,P,216511.000000
Tue Jul 29 05:32:04 2025,29-Jul-2025,083204,46 36.722300 N,061 42.470500 W,2.0,70.7,A,DoorSpread,DoorMaster,7.395000,D,P,673823.000000
Tue Jul 29 05:32:04 2025,29-Jul-2025,083205,46 36.722500 N,061 42.469600 W,2.0,70.9,A,DoorSpread,DoorMaster,7.395000,D,P,673823.000000
Tue Jul 29 05:32:04 2025,29-Jul-2025,083206,46 36.722600 N,061 42.468700 W,2.0,70.9,A,DoorSpread,DoorMaster,7.395000,D,P,673823.000000
Tue Jul 29 05:32:04 2025,29-Jul-2025,083207,46 36.722700 N,061 42.467900 W,2.0,71.0,A,DoorSpread,DoorMaster,7.395000,D,P,673823.000000
Tue Jul 29 05:32:04 2025,29-Jul-2025,083208,46 36.722800 N,061 42.467000 W,2.0,70.8,A,DoorSpread,DoorMaster,7.395000,D,P,673823.000000
Tue Jul 29 05:32:04 2025,29-Jul-2025,083209,46 36.723000 N,061 42.466200 W,2.0,70.7,A,DoorSpread,DoorMaster,7.395000,D,P,673823.000000
Tue Jul 29 05:32:04 2025,29-Jul-2025,083210,46 36.723100 N,061 42.465500 W,2.0,70.7,A,DoorSpread,DoorMaster,7.395000,D,P,673823.000000
Tue Jul 29 05:32:04 2025,29-Jul-2025,083211,46 36.723300 N,061 42.464700 W,2.0,70.6,A,DoorSpread,DoorMaster,7.395000,D,P,673823.000000
Tue Jul 29 05:32:04 2025,29-Jul-2025,083212,46 36.723400 N,061 42.464000 W,2.1,70.6,A,DoorSpread,DoorMaster,7.395000,D,P,673823.000000
Tue Jul 29 05:32:04 2025,29-Jul-2025,083213,46 36.723600 N,061 42.463200 W,2.0,70.7,A,DoorSpread,DoorMaster,7.395000,D,P,673823.000000
Tue Jul 29 05:32:04 2025,29-Jul-2025,083214,46 36.723700 N,061 42.462500 W,2.0,70.3,A,DoorSpread,DoorMaster,7.395000,D,P,673823.000000
Tue Jul 29 05:32:14 2025,29-Jul-2025,083215,46 36.723900 N,061 42.461800 W,2.0,70.2,A,DoorSpread,DoorMaster,7.145000,D,P,333979.000000
Tue Jul 29 05:32:14 2025,29-Jul-2025,083216,46 36.724000 N,061 42.461100 W,2.0,70.1,A,DoorSpread,DoorMaster,7.145000,D,P,333979.000000
Tue Jul 29 05:32:14 2025,29-Jul-2025,083217,46 36.724200 N,061 42.460400 W,2.0,69.9,A,DoorSpread,DoorMaster,7.145000,D,P,333979.000000
Tue Jul 29 05:32:14 2025,29-Jul-2025,083218,46 36.724400 N,061 42.459600 W,2.0,69.9,A,DoorSpread,DoorMaster,7.145000,D,P,333979.000000
Tue Jul 29 05:32:14 2025,29-Jul-2025,083219,46 36.724600 N,061 42.458900 W,2.0,69.7,A,DoorSpread,DoorMaster,7.145000,D,P,333979.000000
Tue Jul 29 05:32:14 2025,29-Jul-2025,083220,46 36.724800 N,061 42.458100 W,2.0,69.6,A,DoorSpread,DoorMaster,7.145000,D,P,333979.000000
Tue Jul 29 05:32:20 2025,29-Jul-2025,083221,46 36.725000 N,061 42.457200 W,2.0,69.5,A,DoorSpread,DoorMaster,7.415000,D,S,505259.000000
Tue Jul 29 05:32:20 2025,29-Jul-2025,083222,46 36.725200 N,061 42.456400 W,2.0,69.4,A,DoorSpread,DoorMaster,7.415000,D,S,505259.000000
Tue Jul 29 05:32:20 2025,29-Jul-2025,083223,46 36.725200 N,061 42.455600 W,2.0,69.3,A,DoorSpread,DoorMaster,7.415000,D,S,505259.000000
Tue Jul 29 05:32:20 2025,29-Jul-2025,083224,46 36.725400 N,061 42.454800 W,2.0,69.2,A,DoorSpread,DoorMaster,7.415000,D,S,505259.000000
Tue Jul 29 05:32:20 2025,29-Jul-2025,083225,46 36.725500 N,061 42.454000 W,2.0,69.2,A,DoorSpread,DoorMaster,7.415000,D,S,505259.000000
Tue Jul 29 05:32:26 2025,29-Jul-2025,083226,46 36.725700 N,061 42.453100 W,2.0,69.3,A,DoorSpread,DoorMaster,7.480000,D,S,639897.000000
Tue Jul 29 05:32:26 2025,29-Jul-2025,083227,46 36.725900 N,061 42.452200 W,2.0,69.4,A,DoorSpread,DoorMaster,7.480000,D,S,639897.000000
Tue Jul 29 05:32:26 2025,29-Jul-2025,083228,46 36.726100 N,061 42.451400 W,2.0,69.5,A,DoorSpread,DoorMaster,7.480000,D,S,639897.000000
Tue Jul 29 05:32:26 2025,29-Jul-2025,083229,46 36.726200 N,061 42.450600 W,2.0,70.0,A,DoorSpread,DoorMaster,7.480000,D,S,639897.000000
Tue Jul 29 05:32:26 2025,29-Jul-2025,083230,46 36.726300 N,061 42.449800 W,2.1,70.3,A,DoorSpread,DoorMaster,7.480000,D,S,639897.000000
Tue Jul 29 05:32:26 2025,29-Jul-2025,083231,46 36.726600 N,061 42.448900 W,2.1,70.5,A,DoorSpread,DoorMaster,7.480000,D,S,639897.000000
Tue Jul 29 05:32:31 2025,29-Jul-2025,083232,46 36.726700 N,061 42.448100 W,2.0,70.5,A,DoorSpread,DoorMaster,7.420000,D,S,599820.000000
Tue Jul 29 05:32:31 2025,29-Jul-2025,083233,46 36.727000 N,061 42.447400 W,2.0,70.5,A,DoorSpread,DoorMaster,7.420000,D,S,599820.000000
Tue Jul 29 05:32:31 2025,29-Jul-2025,083234,46 36.727200 N,061 42.446600 W,2.0,70.5,A,DoorSpread,DoorMaster,7.420000,D,S,599820.000000
Tue Jul 29 05:32:31 2025,29-Jul-2025,083235,46 36.727400 N,061 42.445800 W,2.0,70.6,A,DoorSpread,DoorMaster,7.420000,D,S,599820.000000
Tue Jul 29 05:32:31 2025,29-Jul-2025,083236,46 36.727600 N,061 42.445100 W,2.0,70.7,A,DoorSpread,DoorMaster,7.420000,D,S,599820.000000
Tue Jul 29 05:32:31 2025,29-Jul-2025,083237,46 36.727800 N,061 42.444300 W,2.0,70.8,A,DoorSpread,DoorMaster,7.420000,D,S,599820.000000
Tue Jul 29 05:32:37 2025,29-Jul-2025,083238,46 36.727900 N,061 42.443600 W,2.0,70.9,A,DoorSpread,DoorMaster,7.580000,D,S,305047.000000
Tue Jul 29 05:32:37 2025,29-Jul-2025,083239,46 36.728000 N,061 42.442800 W,2.1,71.1,A,DoorSpread,DoorMaster,7.580000,D,S,305047.000000
Tue Jul 29 05:32:37 2025,29-Jul-2025,083240,46 36.728100 N,061 42.442100 W,2.1,71.4,A,DoorSpread,DoorMaster,7.580000,D,S,305047.000000
Tue Jul 29 05:32:37 2025,29-Jul-2025,083241,46 36.728200 N,061 42.441300 W,2.0,71.5,A,DoorSpread,DoorMaster,7.580000,D,S,305047.000000
Tue Jul 29 05:32:37 2025,29-Jul-2025,083242,46 36.728300 N,061 42.440600 W,2.0,71.9,A,DoorSpread,DoorMaster,7.580000,D,S,305047.000000
Tue Jul 29 05:32:43 2025,29-Jul-2025,083243,46 36.728400 N,061 42.439800 W,2.1,72.1,A,DoorSpread,DoorMaster,7.595000,D,P,369920.000000
Tue Jul 29 05:32:43 2025,29-Jul-2025,083244,46 36.728500 N,061 42.439100 W,2.1,72.2,A,DoorSpread,DoorMaster,7.595000,D,P,369920.000000
Tue Jul 29 05:32:43 2025,29-Jul-2025,083245,46 36.728600 N,061 42.438300 W,2.0,72.4,A,DoorSpread,DoorMaster,7.595000,D,P,369920.000000
Tue Jul 29 05:32:43 2025,29-Jul-2025,083246,46 36.728800 N,061 42.437600 W,2.1,72.3,A,DoorSpread,DoorMaster,7.595000,D,P,369920.000000
Tue Jul 29 05:32:43 2025,29-Jul-2025,083247,46 36.728900 N,061 42.436900 W,2.1,72.4,A,DoorSpread,DoorMaster,7.595000,D,P,369920.000000
Tue Jul 29 05:32:47 2025,29-Jul-2025,083248,46 36.729100 N,061 42.436100 W,2.0,72.5,A,Primary,Headline,35.102041,D,P,9866.000000
Tue Jul 29 05:32:48 2025,29-Jul-2025,083249,46 36.729300 N,061 42.435300 W,2.1,72.2,A,DoorSpread,DoorMaster,7.765000,D,P,473621.000000
Tue Jul 29 05:32:48 2025,29-Jul-2025,083250,46 36.729600 N,061 42.434400 W,2.0,72.0,A,DoorSpread,DoorMaster,7.765000,D,P,473621.000000
Tue Jul 29 05:32:48 2025,29-Jul-2025,083251,46 36.729800 N,061 42.433600 W,2.1,71.9,A,DoorSpread,DoorMaster,7.765000,D,P,473621.000000
Tue Jul 29 05:32:48 2025,29-Jul-2025,083252,46 36.729900 N,061 42.432800 W,2.0,71.8,A,DoorSpread,DoorMaster,7.765000,D,P,473621.000000
Tue Jul 29 05:32:48 2025,29-Jul-2025,083253,46 36.730200 N,061 42.431900 W,2.1,71.4,A,DoorSpread,DoorMaster,7.765000,D,P,473621.000000
Tue Jul 29 05:32:53 2025,29-Jul-2025,083254,46 36.730400 N,061 42.431100 W,2.1,71.1,A,Secondary,Headline,3.816327,D,P,76486.000000
Tue Jul 29 05:32:54 2025,29-Jul-2025,083255,46 36.730600 N,061 42.430300 W,2.1,70.6,A,DoorSpread,DoorMaster,7.655000,D,S,389047.000000
Tue Jul 29 05:32:54 2025,29-Jul-2025,083256,46 36.730800 N,061 42.429500 W,2.1,70.2,A,DoorSpread,DoorMaster,7.655000,D,S,389047.000000
Tue Jul 29 05:32:54 2025,29-Jul-2025,083257,46 36.730900 N,061 42.428600 W,2.1,69.9,A,DoorSpread,DoorMaster,7.655000,D,S,389047.000000
Tue Jul 29 05:32:54 2025,29-Jul-2025,083258,46 36.731000 N,061 42.427800 W,2.1,69.6,A,DoorSpread,DoorMaster,7.655000,D,S,389047.000000
Tue Jul 29 05:32:54 2025,29-Jul-2025,083259,46 36.731200 N,061 42.427000 W,2.1,69.5,A,DoorSpread,DoorMaster,7.655000,D,S,389047.000000
Tue Jul 29 05:33:00 2025,29-Jul-2025,083300,46 36.731300 N,061 42.426100 W,2.1,69.6,A,DoorSpread,DoorMaster,7.635000,D,S,273128.000000
Tue Jul 29 05:33:00 2025,29-Jul-2025,083301,46 36.731400 N,061 42.425400 W,2.1,69.6,A,DoorSpread,DoorMaster,7.635000,D,S,273128.000000
Tue Jul 29 05:33:00 2025,29-Jul-2025,083302,46 36.731600 N,061 42.424700 W,2.1,69.5,A,DoorSpread,DoorMaster,7.635000,D,S,273128.000000
Tue Jul 29 05:33:00 2025,29-Jul-2025,083303,46 36.731800 N,061 42.424000 W,2.1,69.2,A,DoorSpread,DoorMaster,7.635000,D,S,273128.000000
Tue Jul 29 05:33:00 2025,29-Jul-2025,083304,46 36.731900 N,061 42.423200 W,2.1,69.3,A,DoorSpread,DoorMaster,7.635000,D,S,273128.000000
Tue Jul 29 05:33:00 2025,29-Jul-2025,083305,46 36.732000 N,061 42.422400 W,2.1,69.3,A,DoorSpread,DoorMaster,7.635000,D,S,273128.000000
Tue Jul 29 05:33:05 2025,29-Jul-2025,083306,46 36.732200 N,061 42.421800 W,2.0,69.3,A,DoorSpread,DoorMaster,7.620000,D,S,445332.000000
Tue Jul 29 05:33:05 2025,29-Jul-2025,083307,46 36.732300 N,061 42.421100 W,2.0,69.4,A,DoorSpread,DoorMaster,7.620000,D,S,445332.000000
Tue Jul 29 05:33:05 2025,29-Jul-2025,083308,46 36.732500 N,061 42.420300 W,2.0,69.5,A,DoorSpread,DoorMaster,7.620000,D,S,445332.000000
Tue Jul 29 05:33:05 2025,29-Jul-2025,083309,46 36.732700 N,061 42.419700 W,2.1,69.3,A,DoorSpread,DoorMaster,7.620000,D,S,445332.000000
Tue Jul 29 05:33:05 2025,29-Jul-2025,083310,46 36.732900 N,061 42.418900 W,2.0,69.2,A,DoorSpread,DoorMaster,7.620000,D,S,445332.000000
Tue Jul 29 05:33:05 2025,29-Jul-2025,083311,46 36.733100 N,061 42.418100 W,2.0,69.1,A,DoorSpread,DoorMaster,7.620000,D,S,445332.000000
Tue Jul 29 05:33:11 2025,29-Jul-2025,083312,46 36.733200 N,061 42.417400 W,2.0,69.2,A,DoorSpread,DoorMaster,7.735000,D,S,539935.000000
Tue Jul 29 05:33:11 2025,29-Jul-2025,083313,46 36.733400 N,061 42.416700 W,2.0,69.3,A,DoorSpread,DoorMaster,7.735000,D,S,539935.000000
Tue Jul 29 05:33:11 2025,29-Jul-2025,083314,46 36.733700 N,061 42.415900 W,2.1,69.3,A,DoorSpread,DoorMaster,7.735000,D,S,539935.000000
Tue Jul 29 05:33:11 2025,29-Jul-2025,083315,46 36.733900 N,061 42.415100 W,2.0,69.2,A,DoorSpread,DoorMaster,7.735000,D,S,539935.000000
Tue Jul 29 05:33:11 2025,29-Jul-2025,083316,46 36.734100 N,061 42.414300 W,2.1,69.2,A,DoorSpread,DoorMaster,7.735000,D,S,539935.000000
Tue Jul 29 05:33:16 2025,29-Jul-2025,083317,46 36.734200 N,061 42.413500 W,2.0,69.2,A,DoorSpread,DoorMaster,4.655000,D,P,7826.000000
Tue Jul 29 05:33:17 2025,29-Jul-2025,083318,46 36.734300 N,061 42.412700 W,2.0,69.1,A,DoorSpread,DoorMaster,7.780000,D,S,865251.000000
Tue Jul 29 05:33:17 2025,29-Jul-2025,083319,46 36.734500 N,061 42.412000 W,2.0,69.1,A,DoorSpread,DoorMaster,7.780000,D,S,865251.000000
Tue Jul 29 05:33:17 2025,29-Jul-2025,083320,46 36.734600 N,061 42.411300 W,2.0,69.3,A,DoorSpread,DoorMaster,7.780000,D,S,865251.000000
Tue Jul 29 05:33:17 2025,29-Jul-2025,083321,46 36.734800 N,061 42.410600 W,2.0,69.3,A,DoorSpread,DoorMaster,7.780000,D,S,865251.000000
Tue Jul 29 05:33:17 2025,29-Jul-2025,083322,46 36.735000 N,061 42.409900 W,2.0,69.4,A,DoorSpread,DoorMaster,7.780000,D,S,865251.000000
Tue Jul 29 05:33:23 2025,29-Jul-2025,083323,46 36.735100 N,061 42.409200 W,2.0,69.4,A,DoorSpread,DoorMaster,10.825000,D,P,305174.000000
Tue Jul 29 05:33:23 2025,29-Jul-2025,083324,46 36.735300 N,061 42.408500 W,2.0,69.5,A,DoorSpread,DoorMaster,10.825000,D,P,305174.000000
Tue Jul 29 05:33:24 2025,29-Jul-2025,083325,46 36.735600 N,061 42.407700 W,2.0,69.8,A,Secondary,Headline,36.795918,D,S,78274.000000
Tue Jul 29 05:33:24 2025,29-Jul-2025,083326,46 36.735800 N,061 42.406900 W,2.0,70.0,A,Secondary,Headline,36.795918,D,S,78274.000000
Tue Jul 29 05:33:24 2025,29-Jul-2025,083327,46 36.736100 N,061 42.406300 W,2.0,70.0,A,Secondary,Headline,36.795918,D,S,78274.000000
Tue Jul 29 05:33:27 2025,29-Jul-2025,083328,46 36.736300 N,061 42.405400 W,2.1,70.3,A,Primary,Headline,7.142857,D,P,47816.000000
Tue Jul 29 05:33:28 2025,29-Jul-2025,083329,46 36.736600 N,061 42.404600 W,2.1,70.4,A,DoorSpread,DoorMaster,7.870000,D,P,106050.000000
Tue Jul 29 05:33:28 2025,29-Jul-2025,083330,46 36.736800 N,061 42.403900 W,2.0,70.4,A,DoorSpread,DoorMaster,7.870000,D,P,106050.000000
Tue Jul 29 05:33:30 2025,29-Jul-2025,083331,46 36.737100 N,061 42.403100 W,2.1,70.4,A,Primary,Headline,55.714286,D,S,7502.000000
Tue Jul 29 05:33:30 2025,29-Jul-2025,083332,46 36.737300 N,061 42.402200 W,2.1,70.3,A,Primary,Headline,55.714286,D,S,7502.000000
Tue Jul 29 05:33:30 2025,29-Jul-2025,083333,46 36.737500 N,061 42.401300 W,2.1,70.3,A,Primary,Headline,55.714286,D,S,7502.000000
Tue Jul 29 05:33:30 2025,29-Jul-2025,083334,46 36.737700 N,061 42.400500 W,2.1,70.3,A,Primary,Headline,55.714286,D,S,7502.000000
Tue Jul 29 05:33:34 2025,29-Jul-2025,083335,46 36.738000 N,061 42.399700 W,2.1,70.3,A,FishCount,Headline,0.319728,D,P,71448.000000
Tue Jul 29 05:33:35 2025,29-Jul-2025,083336,46 36.738200 N,061 42.399000 W,2.1,70.2,A,Primary,Headline,3.836735,D,S,8496.000000
Tue Jul 29 05:33:35 2025,29-Jul-2025,083337,46 36.738400 N,061 42.398300 W,2.0,70.1,A,Primary,Headline,3.836735,D,S,8496.000000
Tue Jul 29 05:33:35 2025,29-Jul-2025,083338,46 36.738600 N,061 42.397600 W,2.0,70.1,A,Primary,Headline,3.836735,D,S,8496.000000
Tue Jul 29 05:33:35 2025,29-Jul-2025,083339,46 36.738700 N,061 42.396900 W,2.0,70.1,A,Primary,Headline,3.836735,D,S,8496.000000
Tue Jul 29 05:33:40 2025,29-Jul-2025,083340,46 36.738900 N,061 42.396100 W,2.0,70.2,A,DoorSpread,DoorMaster,7.885000,D,S,202540.000000
Tue Jul 29 05:33:40 2025,29-Jul-2025,083341,46 36.739000 N,061 42.395200 W,2.0,70.1,A,DoorSpread,DoorMaster,7.885000,D,S,202540.000000
Tue Jul 29 05:33:40 2025,29-Jul-2025,083342,46 36.739100 N,061 42.394500 W,2.0,70.2,A,DoorSpread,DoorMaster,7.885000,D,S,202540.000000
Tue Jul 29 05:33:40 2025,29-Jul-2025,083343,46 36.739300 N,061 42.393700 W,2.0,70.2,A,DoorSpread,DoorMaster,7.885000,D,S,202540.000000
Tue Jul 29 05:33:43 2025,29-Jul-2025,083344,46 36.739500 N,061 42.393000 W,2.0,70.1,A,FishCount,Headline,6.863946,D,S,95731.000000
Tue Jul 29 05:33:43 2025,29-Jul-2025,083345,46 36.739700 N,061 42.392300 W,2.0,70.0,A,FishCount,Headline,6.863946,D,S,95731.000000
Tue Jul 29 05:33:45 2025,29-Jul-2025,083346,46 36.739900 N,061 42.391500 W,2.0,69.9,A,DoorSpread,DoorMaster,7.850000,D,P,65928.000000
Tue Jul 29 05:33:45 2025,29-Jul-2025,083347,46 36.740100 N,061 42.390700 W,2.0,70.1,A,DoorSpread,DoorMaster,7.850000,D,P,65928.000000
Tue Jul 29 05:33:45 2025,29-Jul-2025,083348,46 36.740400 N,061 42.389900 W,2.1,70.2,A,DoorSpread,DoorMaster,7.850000,D,P,65928.000000
Tue Jul 29 05:33:45 2025,29-Jul-2025,083349,46 36.740600 N,061 42.389000 W,2.1,70.2,A,DoorSpread,DoorMaster,7.850000,D,P,65928.000000
Tue Jul 29 05:33:45 2025,29-Jul-2025,083350,46 36.740800 N,061 42.388300 W,2.0,70.2,A,DoorSpread,DoorMaster,7.850000,D,P,65928.000000
Tue Jul 29 05:33:45 2025,29-Jul-2025,083351,46 36.741100 N,061 42.387600 W,2.0,70.0,A,DoorSpread,DoorMaster,7.850000,D,P,65928.000000
Tue Jul 29 05:33:51 2025,29-Jul-2025,083352,46 36.741300 N,061 42.386900 W,2.0,69.9,A,DoorSpread,DoorMaster,7.850000,D,S,514499.000000
Tue Jul 29 05:33:51 2025,29-Jul-2025,083353,46 36.741400 N,061 42.386100 W,2.0,70.1,A,DoorSpread,DoorMaster,7.850000,D,S,514499.000000
Tue Jul 29 05:33:51 2025,29-Jul-2025,083354,46 36.741500 N,061 42.385400 W,2.0,70.2,A,DoorSpread,DoorMaster,7.850000,D,S,514499.000000
Tue Jul 29 05:33:51 2025,29-Jul-2025,083355,46 36.741600 N,061 42.384700 W,2.0,70.3,A,DoorSpread,DoorMaster,7.850000,D,S,514499.000000
Tue Jul 29 05:33:51 2025,29-Jul-2025,083356,46 36.741800 N,061 42.384000 W,2.0,70.4,A,DoorSpread,DoorMaster,7.850000,D,S,514499.000000
Tue Jul 29 05:33:57 2025,29-Jul-2025,083357,46 36.742000 N,061 42.383200 W,2.0,70.3,A,DoorSpread,DoorMaster,7.770000,D,P,64321.000000
Tue Jul 29 05:33:57 2025,29-Jul-2025,083358,46 36.742200 N,061 42.382400 W,2.0,70.1,A,DoorSpread,DoorMaster,7.770000,D,P,64321.000000
Tue Jul 29 05:33:57 2025,29-Jul-2025,083359,46 36.742300 N,061 42.381600 W,2.0,70.0,A,DoorSpread,DoorMaster,7.770000,D,P,64321.000000
Tue Jul 29 05:33:57 2025,29-Jul-2025,083400,46 36.742400 N,061 42.380600 W,2.1,70.0,A,DoorSpread,DoorMaster,7.770000,D,P,64321.000000
Tue Jul 29 05:33:57 2025,29-Jul-2025,083401,46 36.742600 N,061 42.379800 W,2.1,69.9,A,DoorSpread,DoorMaster,7.770000,D,P,64321.000000
Tue Jul 29 05:33:57 2025,29-Jul-2025,083402,46 36.742700 N,061 42.379100 W,2.0,69.9,A,DoorSpread,DoorMaster,7.770000,D,P,64321.000000
Tue Jul 29 05:34:02 2025,29-Jul-2025,083403,46 36.742900 N,061 42.378400 W,2.1,69.9,A,DoorSpread,DoorMaster,7.920000,D,S,524746.000000
Tue Jul 29 05:34:02 2025,29-Jul-2025,083404,46 36.743100 N,061 42.377500 W,2.1,69.7,A,DoorSpread,DoorMaster,7.920000,D,S,524746.000000
Tue Jul 29 05:34:02 2025,29-Jul-2025,083405,46 36.743300 N,061 42.376800 W,2.1,69.5,A,DoorSpread,DoorMaster,7.920000,D,S,524746.000000
Tue Jul 29 05:34:02 2025,29-Jul-2025,083406,46 36.743500 N,061 42.376100 W,2.0,69.3,A,DoorSpread,DoorMaster,7.920000,D,S,524746.000000
Tue Jul 29 05:34:06 2025,29-Jul-2025,083407,46 36.743700 N,061 42.375300 W,2.0,69.1,A,FishCount,Headline,1.574830,D,P,5921.000000
Tue Jul 29 05:34:06 2025,29-Jul-2025,083408,46 36.743900 N,061 42.374500 W,2.1,69.1,A,FishCount,Headline,1.574830,D,P,5921.000000
Tue Jul 29 05:34:08 2025,29-Jul-2025,083409,46 36.744200 N,061 42.373700 W,2.1,69.0,A,DoorSpread,DoorMaster,8.055000,D,S,153533.000000
Tue Jul 29 05:34:08 2025,29-Jul-2025,083410,46 36.744400 N,061 42.373000 W,2.1,68.7,A,DoorSpread,DoorMaster,8.055000,D,S,153533.000000
Tue Jul 29 05:34:08 2025,29-Jul-2025,083411,46 36.744700 N,061 42.372200 W,2.1,68.4,A,DoorSpread,DoorMaster,8.055000,D,S,153533.000000
Tue Jul 29 05:34:08 2025,29-Jul-2025,083412,46 36.744900 N,061 42.371300 W,2.2,68.5,A,DoorSpread,DoorMaster,8.055000,D,S,153533.000000
Tue Jul 29 05:34:08 2025,29-Jul-2025,083413,46 36.745100 N,061 42.370400 W,2.1,68.7,A,DoorSpread,DoorMaster,8.055000,D,S,153533.000000
Tue Jul 29 05:34:14 2025,29-Jul-2025,083414,46 36.745300 N,061 42.369600 W,2.1,69.0,A,DoorSpread,DoorMaster,7.930000,D,P,198025.000000
Tue Jul 29 05:34:14 2025,29-Jul-2025,083415,46 36.745500 N,061 42.368700 W,2.1,69.3,A,Primary,Headline,50.163265,D,S,62181.000000
Tue Jul 29 05:34:14 2025,29-Jul-2025,083416,46 36.745700 N,061 42.368000 W,2.1,69.7,A,Primary,Headline,50.163265,D,S,62181.000000
Tue Jul 29 05:34:14 2025,29-Jul-2025,083417,46 36.746000 N,061 42.367300 W,2.1,70.0,A,Primary,Headline,50.163265,D,S,62181.000000
Tue Jul 29 05:34:14 2025,29-Jul-2025,083418,46 36.746200 N,061 42.366700 W,2.1,70.5,A,Primary,Headline,50.163265,D,S,62181.000000
Tue Jul 29 05:34:14 2025,29-Jul-2025,083419,46 36.746400 N,061 42.366000 W,2.1,70.8,A,Primary,Headline,50.163265,D,S,62181.000000
Tue Jul 29 05:34:20 2025,29-Jul-2025,083420,46 36.746600 N,061 42.365200 W,2.1,70.9,A,DoorSpread,DoorMaster,8.105000,D,S,405711.000000
Tue Jul 29 05:34:20 2025,29-Jul-2025,083421,46 36.746900 N,061 42.364500 W,2.0,70.9,A,DoorSpread,DoorMaster,8.105000,D,S,405711.000000
Tue Jul 29 05:34:20 2025,29-Jul-2025,083422,46 36.747100 N,061 42.363700 W,2.1,70.7,A,DoorSpread,DoorMaster,8.105000,D,S,405711.000000
Tue Jul 29 05:34:20 2025,29-Jul-2025,083423,46 36.747300 N,061 42.362900 W,2.1,70.4,A,DoorSpread,DoorMaster,8.105000,D,S,405711.000000
Tue Jul 29 05:34:20 2025,29-Jul-2025,083424,46 36.747500 N,061 42.362000 W,2.1,70.3,A,DoorSpread,DoorMaster,8.105000,D,S,405711.000000
Tue Jul 29 05:34:20 2025,29-Jul-2025,083425,46 36.747700 N,061 42.361300 W,2.1,70.1,A,DoorSpread,DoorMaster,8.105000,D,S,405711.000000
Tue Jul 29 05:34:25 2025,29-Jul-2025,083426,46 36.748000 N,061 42.360600 W,2.1,69.7,A,DoorSpread,DoorMaster,7.990000,D,P,412353.000000
Tue Jul 29 05:34:25 2025,29-Jul-2025,083427,46 36.748200 N,061 42.359900 W,2.1,69.3,A,DoorSpread,DoorMaster,7.990000,D,P,412353.000000
Tue Jul 29 05:34:25 2025,29-Jul-2025,083428,46 36.748400 N,061 42.359200 W,2.1,69.1,A,DoorSpread,DoorMaster,7.990000,D,P,412353.000000
Tue Jul 29 05:34:25 2025,29-Jul-2025,083429,46 36.748600 N,061 42.358400 W,2.1,69.2,A,DoorSpread,DoorMaster,7.990000,D,P,412353.000000
Tue Jul 29 05:34:25 2025,29-Jul-2025,083430,46 36.748800 N,061 42.357800 W,2.0,69.1,A,DoorSpread,DoorMaster,7.990000,D,P,412353.000000
Tue Jul 29 05:34:31 2025,29-Jul-2025,083431,46 36.749000 N,061 42.357200 W,2.0,69.0,A,DoorSpread,DoorMaster,8.020000,D,S,250698.000000
Tue Jul 29 05:34:31 2025,29-Jul-2025,083432,46 36.749300 N,061 42.356400 W,2.1,68.8,A,DoorSpread,DoorMaster,8.020000,D,S,250698.000000
Tue Jul 29 05:34:31 2025,29-Jul-2025,083433,46 36.749500 N,061 42.355600 W,2.1,68.7,A,DoorSpread,DoorMaster,8.020000,D,S,250698.000000
Tue Jul 29 05:34:31 2025,29-Jul-2025,083434,46 36.749800 N,061 42.354800 W,2.1,68.5,A,DoorSpread,DoorMaster,8.020000,D,S,250698.000000
Tue Jul 29 05:34:31 2025,29-Jul-2025,083435,46 36.750000 N,061 42.354000 W,2.1,68.0,A,DoorSpread,DoorMaster,8.020000,D,S,250698.000000
Tue Jul 29 05:34:31 2025,29-Jul-2025,083436,46 36.750200 N,061 42.353100 W,2.1,67.7,A,DoorSpread,DoorMaster,8.020000,D,S,250698.000000
Tue Jul 29 05:34:37 2025,29-Jul-2025,083437,46 36.750400 N,061 42.352300 W,2.1,67.5,A,DoorSpread,DoorMaster,8.015000,D,S,198301.000000
Tue Jul 29 05:34:37 2025,29-Jul-2025,083438,46 36.750600 N,061 42.351600 W,2.0,67.4,A,DoorSpread,DoorMaster,8.015000,D,S,198301.000000
Tue Jul 29 05:34:37 2025,29-Jul-2025,083439,46 36.750800 N,061 42.350900 W,2.0,67.1,A,DoorSpread,DoorMaster,8.015000,D,S,198301.000000
Tue Jul 29 05:34:37 2025,29-Jul-2025,083440,46 36.751000 N,061 42.350100 W,2.0,67.0,A,DoorSpread,DoorMaster,8.015000,D,S,198301.000000
Tue Jul 29 05:34:37 2025,29-Jul-2025,083441,46 36.751200 N,061 42.349300 W,2.0,67.1,A,DoorSpread,DoorMaster,8.015000,D,S,198301.000000
Tue Jul 29 05:34:42 2025,29-Jul-2025,083442,46 36.751300 N,061 42.348500 W,2.0,67.2,A,FishCount,Headline,3.850340,D,S,68727.000000
Tue Jul 29 05:34:42 2025,29-Jul-2025,083443,46 36.751500 N,061 42.347800 W,2.0,67.4,A,DoorSpread,DoorMaster,7.985000,D,P,135557.000000
Tue Jul 29 05:34:42 2025,29-Jul-2025,083444,46 36.751800 N,061 42.347000 W,2.0,67.5,A,DoorSpread,DoorMaster,7.985000,D,P,135557.000000
Tue Jul 29 05:34:42 2025,29-Jul-2025,083445,46 36.752000 N,061 42.346300 W,2.0,67.7,A,DoorSpread,DoorMaster,7.985000,D,P,135557.000000
Tue Jul 29 05:34:42 2025,29-Jul-2025,083446,46 36.752200 N,061 42.345700 W,2.0,67.7,A,DoorSpread,DoorMaster,7.985000,D,P,135557.000000
Tue Jul 29 05:34:42 2025,29-Jul-2025,083447,46 36.752300 N,061 42.345000 W,2.0,67.8,A,DoorSpread,DoorMaster,7.985000,D,P,135557.000000
Tue Jul 29 05:34:48 2025,29-Jul-2025,083448,46 36.752500 N,061 42.344400 W,2.0,67.9,A,DoorSpread,DoorMaster,8.095000,D,S,634365.000000
Tue Jul 29 05:34:48 2025,29-Jul-2025,083449,46 36.752700 N,061 42.343800 W,2.0,68.0,A,DoorSpread,DoorMaster,8.090000,D,P,138693.000000
Tue Jul 29 05:34:48 2025,29-Jul-2025,083450,46 36.752900 N,061 42.343100 W,2.0,68.1,A,DoorSpread,DoorMaster,8.090000,D,P,138693.000000
Tue Jul 29 05:34:48 2025,29-Jul-2025,083451,46 36.753100 N,061 42.342600 W,2.0,68.3,A,DoorSpread,DoorMaster,8.090000,D,P,138693.000000
Tue Jul 29 05:34:48 2025,29-Jul-2025,083452,46 36.753300 N,061 42.342000 W,1.9,68.5,A,DoorSpread,DoorMaster,8.090000,D,P,138693.000000
Tue Jul 29 05:34:48 2025,29-Jul-2025,083453,46 36.753500 N,061 42.341400 W,2.0,68.7,A,DoorSpread,DoorMaster,8.090000,D,P,138693.000000
Tue Jul 29 05:34:54 2025,29-Jul-2025,083454,46 36.753700 N,061 42.340600 W,2.0,68.9,A,DoorSpread,DoorMaster,8.090000,D,S,228603.000000
Tue Jul 29 05:34:54 2025,29-Jul-2025,083455,46 36.753900 N,061 42.339900 W,2.0,69.0,A,DoorSpread,DoorMaster,8.090000,D,S,228603.000000
Tue Jul 29 05:34:54 2025,29-Jul-2025,083456,46 36.754200 N,061 42.339200 W,2.0,69.0,A,DoorSpread,DoorMaster,8.090000,D,S,228603.000000
Tue Jul 29 05:34:54 2025,29-Jul-2025,083457,46 36.754400 N,061 42.338400 W,2.0,69.0,A,DoorSpread,DoorMaster,8.090000,D,S,228603.000000
Tue Jul 29 05:34:54 2025,29-Jul-2025,083458,46 36.754600 N,061 42.337500 W,2.1,68.9,A,DoorSpread,DoorMaster,8.090000,D,S,228603.000000
Tue Jul 29 05:34:54 2025,29-Jul-2025,083459,46 36.754900 N,061 42.336700 W,2.1,68.8,A,DoorSpread,DoorMaster,8.090000,D,S,228603.000000
Tue Jul 29 05:34:59 2025,29-Jul-2025,083500,46 36.755100 N,061 42.335900 W,2.0,68.7,A,DoorSpread,DoorMaster,8.200000,D,P,209427.000000
Tue Jul 29 05:34:59 2025,29-Jul-2025,083501,46 36.755200 N,061 42.335000 W,2.1,68.6,A,DoorSpread,DoorMaster,8.200000,D,P,209427.000000
Tue Jul 29 05:34:59 2025,29-Jul-2025,083502,46 36.755400 N,061 42.334000 W,2.1,68.7,A,DoorSpread,DoorMaster,8.200000,D,P,209427.000000
Tue Jul 29 05:34:59 2025,29-Jul-2025,083503,46 36.755600 N,061 42.333100 W,2.1,68.8,A,DoorSpread,DoorMaster,8.200000,D,P,209427.000000
Tue Jul 29 05:34:59 2025,29-Jul-2025,083504,46 36.755700 N,061 42.332400 W,2.0,68.9,A,DoorSpread,DoorMaster,8.200000,D,P,209427.000000
Tue Jul 29 05:34:59 2025,29-Jul-2025,083505,46 36.756000 N,061 42.331700 W,2.0,69.0,A,DoorSpread,DoorMaster,8.200000,D,P,209427.000000
Tue Jul 29 05:35:05 2025,29-Jul-2025,083506,46 36.756100 N,061 42.330900 W,2.0,68.9,A,DoorSpread,DoorMaster,8.110000,D,P,108868.000000
Tue Jul 29 05:35:05 2025,29-Jul-2025,083507,46 36.756300 N,061 42.330100 W,2.0,69.0,A,DoorSpread,DoorMaster,8.110000,D,P,108868.000000
Tue Jul 29 05:35:05 2025,29-Jul-2025,083508,46 36.756300 N,061 42.329300 W,2.0,69.3,A,DoorSpread,DoorMaster,8.110000,D,P,108868.000000
Tue Jul 29 05:35:05 2025,29-Jul-2025,083509,46 36.756500 N,061 42.328500 W,2.0,69.4,A,DoorSpread,DoorMaster,8.110000,D,P,108868.000000
Tue Jul 29 05:35:05 2025,29-Jul-2025,083510,46 36.756700 N,061 42.327700 W,2.0,69.6,A,DoorSpread,DoorMaster,8.110000,D,P,108868.000000
Tue Jul 29 05:35:11 2025,29-Jul-2025,083511,46 36.756900 N,061 42.326900 W,2.0,69.9,A,DoorSpread,DoorMaster,8.230000,D,P,100077.000000
Tue Jul 29 05:35:11 2025,29-Jul-2025,083512,46 36.757000 N,061 42.326100 W,2.1,70.1,A,DoorSpread,DoorMaster,8.230000,D,P,100077.000000
Tue Jul 29 05:35:11 2025,29-Jul-2025,083513,46 36.757300 N,061 42.325300 W,2.1,70.1,A,DoorSpread,DoorMaster,8.230000,D,P,100077.000000
Tue Jul 29 05:35:11 2025,29-Jul-2025,083514,46 36.757500 N,061 42.324600 W,2.1,70.2,A,DoorSpread,DoorMaster,8.230000,D,P,100077.000000
Tue Jul 29 05:35:11 2025,29-Jul-2025,083515,46 36.757700 N,061 42.323800 W,2.1,70.5,A,DoorSpread,DoorMaster,8.230000,D,P,100077.000000
Tue Jul 29 05:35:15 2025,29-Jul-2025,083516,46 36.757800 N,061 42.322900 W,2.1,71.1,A,Primary,Headline,9.122449,D,P,7479.000000
Tue Jul 29 05:35:17 2025,29-Jul-2025,083517,46 36.758000 N,061 42.322100 W,2.1,71.4,A,DoorSpread,DoorMaster,8.190000,D,P,176716.000000
Tue Jul 29 05:35:17 2025,29-Jul-2025,083518,46 36.758200 N,061 42.321400 W,2.0,71.4,A,DoorSpread,DoorMaster,8.190000,D,P,176716.000000
Tue Jul 29 05:35:17 2025,29-Jul-2025,083519,46 36.758500 N,061 42.320500 W,2.1,70.9,A,DoorSpread,DoorMaster,8.190000,D,P,176716.000000
Tue Jul 29 05:35:17 2025,29-Jul-2025,083520,46 36.758700 N,061 42.319600 W,2.1,70.4,A,DoorSpread,DoorMaster,8.190000,D,P,176716.000000
Tue Jul 29 05:35:17 2025,29-Jul-2025,083521,46 36.758900 N,061 42.318900 W,2.1,70.1,A,DoorSpread,DoorMaster,8.190000,D,P,176716.000000
Tue Jul 29 05:35:17 2025,29-Jul-2025,083522,46 36.759100 N,061 42.318100 W,2.1,69.8,A,DoorSpread,DoorMaster,8.190000,D,P,176716.000000
Tue Jul 29 05:35:22 2025,29-Jul-2025,083523,46 36.759300 N,061 42.317400 W,2.1,69.7,A,DoorSpread,DoorMaster,8.130000,D,S,442058.000000
Tue Jul 29 05:35:22 2025,29-Jul-2025,083524,46 36.759500 N,061 42.316600 W,2.1,69.7,A,DoorSpread,DoorMaster,8.130000,D,S,442058.000000
Tue Jul 29 05:35:22 2025,29-Jul-2025,083525,46 36.759700 N,061 42.315800 W,2.0,69.7,A,DoorSpread,DoorMaster,8.130000,D,S,442058.000000
Tue Jul 29 05:35:22 2025,29-Jul-2025,083526,46 36.759900 N,061 42.315100 W,2.0,69.7,A,DoorSpread,DoorMaster,8.130000,D,S,442058.000000
Tue Jul 29 05:35:22 2025,29-Jul-2025,083527,46 36.760100 N,061 42.314300 W,2.0,69.8,A,DoorSpread,DoorMaster,8.130000,D,S,442058.000000
Tue Jul 29 05:35:22 2025,29-Jul-2025,083528,46 36.760300 N,061 42.313400 W,2.0,70.2,A,DoorSpread,DoorMaster,8.130000,D,S,442058.000000
Tue Jul 29 05:35:28 2025,29-Jul-2025,083529,46 36.760500 N,061 42.312600 W,2.1,70.6,A,DoorSpread,DoorMaster,8.165000,D,P,100178.000000
Tue Jul 29 05:35:28 2025,29-Jul-2025,083530,46 36.760700 N,061 42.311700 W,2.1,70.8,A,DoorSpread,DoorMaster,8.165000,D,P,100178.000000
Tue Jul 29 05:35:28 2025,29-Jul-2025,083531,46 36.760900 N,061 42.310900 W,2.1,70.8,A,DoorSpread,DoorMaster,8.165000,D,P,100178.000000
Tue Jul 29 05:35:28 2025,29-Jul-2025,083532,46 36.761100 N,061 42.310000 W,2.1,70.7,A,DoorSpread,DoorMaster,8.165000,D,P,100178.000000
Tue Jul 29 05:35:28 2025,29-Jul-2025,083533,46 36.761300 N,061 42.309200 W,2.1,70.6,A,DoorSpread,DoorMaster,8.165000,D,P,100178.000000
Tue Jul 29 05:35:34 2025,29-Jul-2025,083534,46 36.761400 N,061 42.308400 W,2.0,70.5,A,DoorSpread,DoorMaster,8.225000,D,S,147887.000000
Tue Jul 29 05:35:34 2025,29-Jul-2025,083535,46 36.761600 N,061 42.307700 W,2.0,70.4,A,DoorSpread,DoorMaster,8.225000,D,S,147887.000000
Tue Jul 29 05:35:35 2025,29-Jul-2025,083536,46 36.761800 N,061 42.306900 W,2.1,70.6,A,Secondary,Headline,20.367347,D,S,7388.000000
Tue Jul 29 05:35:35 2025,29-Jul-2025,083537,46 36.761900 N,061 42.306000 W,2.0,70.7,A,Secondary,Headline,20.367347,D,S,7388.000000
Tue Jul 29 05:35:35 2025,29-Jul-2025,083538,46 36.762100 N,061 42.305200 W,2.0,70.8,A,Secondary,Headline,20.367347,D,S,7388.000000
Tue Jul 29 05:35:35 2025,29-Jul-2025,083539,46 36.762300 N,061 42.304400 W,2.0,70.9,A,Secondary,Headline,20.367347,D,S,7388.000000
Tue Jul 29 05:35:40 2025,29-Jul-2025,083540,46 36.762500 N,061 42.303600 W,2.0,71.0,A,DoorSpread,DoorMaster,8.250000,D,S,372316.000000
Tue Jul 29 05:35:40 2025,29-Jul-2025,083541,46 36.762600 N,061 42.302900 W,2.0,71.0,A,DoorSpread,DoorMaster,8.250000,D,S,372316.000000
Tue Jul 29 05:35:40 2025,29-Jul-2025,083542,46 36.762800 N,061 42.302200 W,2.0,71.1,A,DoorSpread,DoorMaster,8.250000,D,S,372316.000000
Tue Jul 29 05:35:40 2025,29-Jul-2025,083543,46 36.762900 N,061 42.301400 W,2.0,71.1,A,DoorSpread,DoorMaster,8.250000,D,S,372316.000000
Tue Jul 29 05:35:40 2025,29-Jul-2025,083544,46 36.763100 N,061 42.300700 W,2.0,70.9,A,DoorSpread,DoorMaster,8.250000,D,S,372316.000000
Tue Jul 29 05:35:40 2025,29-Jul-2025,083545,46 36.763300 N,061 42.299800 W,2.0,70.6,A,DoorSpread,DoorMaster,8.250000,D,S,372316.000000
Tue Jul 29 05:35:45 2025,29-Jul-2025,083546,46 36.763500 N,061 42.299000 W,2.1,70.5,A,DoorSpread,DoorMaster,8.240000,D,P,60000.000000
Tue Jul 29 05:35:45 2025,29-Jul-2025,083547,46 36.763700 N,061 42.298200 W,2.0,70.1,A,DoorSpread,DoorMaster,8.240000,D,P,60000.000000
Tue Jul 29 05:35:45 2025,29-Jul-2025,083548,46 36.764000 N,061 42.297500 W,2.1,69.3,A,DoorSpread,DoorMaster,8.240000,D,P,60000.000000
Tue Jul 29 05:35:45 2025,29-Jul-2025,083549,46 36.764200 N,061 42.296700 W,2.1,68.9,A,DoorSpread,DoorMaster,8.240000,D,P,60000.000000
Tue Jul 29 05:35:45 2025,29-Jul-2025,083550,46 36.764400 N,061 42.295900 W,2.1,68.6,A,DoorSpread,DoorMaster,8.240000,D,P,60000.000000
Tue Jul 29 05:35:45 2025,29-Jul-2025,083551,46 36.764500 N,061 42.295100 W,2.0,68.9,A,DoorSpread,DoorMaster,8.240000,D,P,60000.000000
Tue Jul 29 05:35:51 2025,29-Jul-2025,083552,46 36.764600 N,061 42.294400 W,2.1,69.0,A,DoorSpread,DoorMaster,8.225000,D,P,166848.000000
Tue Jul 29 05:35:51 2025,29-Jul-2025,083553,46 36.764700 N,061 42.293700 W,2.1,68.7,A,DoorSpread,DoorMaster,8.225000,D,P,166848.000000
Tue Jul 29 05:35:51 2025,29-Jul-2025,083554,46 36.764900 N,061 42.293000 W,2.0,68.6,A,DoorSpread,DoorMaster,8.225000,D,P,166848.000000
Tue Jul 29 05:35:51 2025,29-Jul-2025,083555,46 36.765000 N,061 42.292300 W,2.0,68.6,A,DoorSpread,DoorMaster,8.225000,D,P,166848.000000
Tue Jul 29 05:35:51 2025,29-Jul-2025,083556,46 36.765100 N,061 42.291400 W,2.1,68.8,A,DoorSpread,DoorMaster,8.225000,D,P,166848.000000
Tue Jul 29 05:35:57 2025,29-Jul-2025,083557,46 36.765300 N,061 42.290600 W,2.1,69.2,A,Primary,Headline,22.571429,D,P,4951.000000
Tue Jul 29 05:35:57 2025,29-Jul-2025,083558,46 36.765500 N,061 42.289900 W,2.0,69.3,A,Primary,Headline,22.571429,D,P,4951.000000
Tue Jul 29 05:35:57 2025,29-Jul-2025,083559,46 36.765600 N,061 42.289100 W,2.0,69.8,A,Primary,Headline,22.571429,D,P,4951.000000
Tue Jul 29 05:35:57 2025,29-Jul-2025,083600,46 36.765600 N,061 42.288300 W,2.0,70.2,A,Primary,Headline,22.571429,D,P,4951.000000
Tue Jul 29 05:35:57 2025,29-Jul-2025,083601,46 36.765800 N,061 42.287600 W,2.0,70.3,A,Primary,Headline,22.571429,D,P,4951.000000
Tue Jul 29 05:35:57 2025,29-Jul-2025,083602,46 36.765900 N,061 42.286800 W,2.0,70.4,A,Primary,Headline,22.571429,D,P,4951.000000
Tue Jul 29 05:36:02 2025,29-Jul-2025,083603,46 36.766100 N,061 42.286000 W,2.0,70.4,A,DoorSpread,DoorMaster,8.315000,D,P,103550.000000
Tue Jul 29 05:36:02 2025,29-Jul-2025,083604,46 36.766300 N,061 42.285400 W,2.0,70.2,A,DoorSpread,DoorMaster,8.315000,D,P,103550.000000
Tue Jul 29 05:36:02 2025,29-Jul-2025,083605,46 36.766400 N,061 42.284500 W,2.0,70.4,A,DoorSpread,DoorMaster,8.315000,D,P,103550.000000
Tue Jul 29 05:36:02 2025,29-Jul-2025,083606,46 36.766500 N,061 42.283800 W,2.0,70.4,A,DoorSpread,DoorMaster,8.315000,D,P,103550.000000
Tue Jul 29 05:36:02 2025,29-Jul-2025,083607,46 36.766700 N,061 42.283000 W,2.0,70.2,A,DoorSpread,DoorMaster,8.315000,D,P,103550.000000
Tue Jul 29 05:36:02 2025,29-Jul-2025,083608,46 36.766800 N,061 42.282100 W,2.0,70.1,A,DoorSpread,DoorMaster,8.315000,D,P,103550.000000
Tue Jul 29 05:36:08 2025,29-Jul-2025,083609,46 36.767000 N,061 42.281300 W,2.0,70.3,A,DoorSpread,DoorMaster,8.140000,D,S,339320.000000
Tue Jul 29 05:36:08 2025,29-Jul-2025,083610,46 36.767100 N,061 42.280500 W,2.1,70.7,A,DoorSpread,DoorMaster,8.140000,D,S,339320.000000
Tue Jul 29 05:36:08 2025,29-Jul-2025,083611,46 36.767300 N,061 42.279600 W,2.1,70.7,A,DoorSpread,DoorMaster,8.140000,D,S,339320.000000
Tue Jul 29 05:36:08 2025,29-Jul-2025,083612,46 36.767500 N,061 42.278900 W,2.0,70.6,A,DoorSpread,DoorMaster,8.140000,D,S,339320.000000
Tue Jul 29 05:36:08 2025,29-Jul-2025,083613,46 36.767800 N,061 42.278200 W,2.1,70.7,A,DoorSpread,DoorMaster,8.140000,D,S,339320.000000
Tue Jul 29 05:36:14 2025,29-Jul-2025,083614,46 36.768000 N,061 42.277400 W,2.1,70.8,A,DoorSpread,DoorMaster,8.320000,D,P,94696.000000
Tue Jul 29 05:36:14 2025,29-Jul-2025,083615,46 36.768200 N,061 42.276700 W,2.0,70.6,A,DoorSpread,DoorMaster,8.320000,D,P,94696.000000
Tue Jul 29 05:36:14 2025,29-Jul-2025,083616,46 36.768200 N,061 42.275900 W,2.0,70.4,A,DoorSpread,DoorMaster,8.320000,D,P,94696.000000
Tue Jul 29 05:36:14 2025,29-Jul-2025,083617,46 36.768400 N,061 42.275000 W,2.1,70.3,A,DoorSpread,DoorMaster,8.320000,D,P,94696.000000
Tue Jul 29 05:36:14 2025,29-Jul-2025,083618,46 36.768600 N,061 42.274200 W,2.1,70.7,A,DoorSpread,DoorMaster,8.320000,D,P,94696.000000
Tue Jul 29 05:36:14 2025,29-Jul-2025,083619,46 36.768600 N,061 42.273400 W,2.1,70.8,A,DoorSpread,DoorMaster,8.320000,D,P,94696.000000
Tue Jul 29 05:36:19 2025,29-Jul-2025,083620,46 36.768900 N,061 42.272800 W,2.0,70.7,A,DoorSpread,DoorMaster,8.440000,D,S,395559.000000
Tue Jul 29 05:36:19 2025,29-Jul-2025,083621,46 36.769100 N,061 42.272100 W,2.0,70.5,A,DoorSpread,DoorMaster,8.440000,D,S,395559.000000
Tue Jul 29 05:36:19 2025,29-Jul-2025,083622,46 36.769300 N,061 42.271300 W,2.1,70.8,A,DoorSpread,DoorMaster,8.440000,D,S,395559.000000
Tue Jul 29 05:36:19 2025,29-Jul-2025,083623,46 36.769500 N,061 42.270400 W,2.1,70.9,A,DoorSpread,DoorMaster,8.440000,D,S,395559.000000
Tue Jul 29 05:36:19 2025,29-Jul-2025,083624,46 36.769700 N,061 42.269500 W,2.2,71.0,A,DoorSpread,DoorMaster,8.440000,D,S,395559.000000
Tue Jul 29 05:36:19 2025,29-Jul-2025,083625,46 36.770000 N,061 42.268400 W,2.3,71.1,A,DoorSpread,DoorMaster,8.440000,D,S,395559.000000
Tue Jul 29 05:36:25 2025,29-Jul-2025,083626,46 36.770300 N,061 42.267300 W,2.4,71.1,A,DoorSpread,DoorMaster,7.830000,D,S,301678.000000
Tue Jul 29 05:36:25 2025,29-Jul-2025,083627,46 36.770700 N,061 42.266100 W,2.5,71.0,A,DoorSpread,DoorMaster,7.830000,D,S,301678.000000
Tue Jul 29 05:36:25 2025,29-Jul-2025,083628,46 36.771100 N,061 42.265000 W,2.5,70.6,A,DoorSpread,DoorMaster,7.830000,D,S,301678.000000
Tue Jul 29 05:36:25 2025,29-Jul-2025,083629,46 36.771300 N,061 42.264000 W,2.7,70.5,A,DoorSpread,DoorMaster,7.830000,D,S,301678.000000
Tue Jul 29 05:36:25 2025,29-Jul-2025,083630,46 36.771600 N,061 42.262800 W,2.8,70.4,A,DoorSpread,DoorMaster,7.830000,D,S,301678.000000
Tue Jul 29 05:36:31 2025,29-Jul-2025,083631,46 36.771900 N,061 42.261600 W,2.9,70.2,A,DoorSpread,DoorMaster,6.920000,D,S,271431.000000
Tue Jul 29 05:36:31 2025,29-Jul-2025,083632,46 36.772300 N,061 42.260400 W,3.0,70.0,A,DoorSpread,DoorMaster,6.920000,D,S,271431.000000
Tue Jul 29 05:36:31 2025,29-Jul-2025,083633,46 36.772700 N,061 42.259400 W,3.0,69.7,A,DoorSpread,DoorMaster,6.920000,D,S,271431.000000
Tue Jul 29 05:36:31 2025,29-Jul-2025,083634,46 36.773100 N,061 42.258200 W,3.1,69.4,A,DoorSpread,DoorMaster,6.920000,D,S,271431.000000
Tue Jul 29 05:36:31 2025,29-Jul-2025,083635,46 36.773500 N,061 42.257000 W,3.1,69.1,A,DoorSpread,DoorMaster,6.920000,D,S,271431.000000
Tue Jul 29 05:36:31 2025,29-Jul-2025,083636,46 36.773800 N,061 42.255800 W,3.2,69.1,A,DoorSpread,DoorMaster,6.920000,D,S,271431.000000
Tue Jul 29 05:36:36 2025,29-Jul-2025,083637,46 36.774200 N,061 42.254400 W,3.3,69.1,A,DoorSpread,DoorMaster,7.265000,D,S,390261.000000
Tue Jul 29 05:36:36 2025,29-Jul-2025,083638,46 36.774500 N,061 42.253000 W,3.3,69.4,A,DoorSpread,DoorMaster,7.265000,D,S,390261.000000
Tue Jul 29 05:36:36 2025,29-Jul-2025,083639,46 36.774700 N,061 42.251600 W,3.4,69.6,A,DoorSpread,DoorMaster,7.265000,D,S,390261.000000
Tue Jul 29 05:36:36 2025,29-Jul-2025,083640,46 36.775100 N,061 42.250300 W,3.4,69.6,A,DoorSpread,DoorMaster,7.265000,D,S,390261.000000
Tue Jul 29 05:36:36 2025,29-Jul-2025,083641,46 36.775500 N,061 42.249000 W,3.4,69.7,A,DoorSpread,DoorMaster,7.265000,D,S,390261.000000
Tue Jul 29 05:36:36 2025,29-Jul-2025,083642,46 36.775800 N,061 42.247600 W,3.5,69.7,A,DoorSpread,DoorMaster,7.265000,D,S,390261.000000
Tue Jul 29 05:36:42 2025,29-Jul-2025,083643,46 36.776200 N,061 42.246200 W,3.5,69.6,A,DoorSpread,DoorMaster,7.730000,D,S,97799.000000
Tue Jul 29 05:36:42 2025,29-Jul-2025,083644,46 36.776400 N,061 42.244900 W,3.5,69.6,A,DoorSpread,DoorMaster,7.730000,D,S,97799.000000
Tue Jul 29 05:36:42 2025,29-Jul-2025,083645,46 36.776700 N,061 42.243600 W,3.6,69.8,A,DoorSpread,DoorMaster,7.730000,D,S,97799.000000
Tue Jul 29 05:36:42 2025,29-Jul-2025,083646,46 36.776900 N,061 42.242200 W,3.6,69.9,A,DoorSpread,DoorMaster,7.730000,D,S,97799.000000
Tue Jul 29 05:36:42 2025,29-Jul-2025,083647,46 36.777300 N,061 42.240800 W,3.6,69.9,A,DoorSpread,DoorMaster,7.730000,D,S,97799.000000
Tue Jul 29 05:36:48 2025,29-Jul-2025,083648,46 36.777600 N,061 42.239500 W,3.6,70.1,A,DoorSpread,DoorMaster,7.910000,D,S,89224.000000
Tue Jul 29 05:36:48 2025,29-Jul-2025,083649,46 36.777900 N,061 42.238100 W,3.6,70.2,A,DoorSpread,DoorMaster,7.910000,D,S,89224.000000
Tue Jul 29 05:36:48 2025,29-Jul-2025,083650,46 36.778200 N,061 42.236700 W,3.6,70.3,A,DoorSpread,DoorMaster,7.910000,D,S,89224.000000
Tue Jul 29 05:36:48 2025,29-Jul-2025,083651,46 36.778500 N,061 42.235400 W,3.5,70.3,A,DoorSpread,DoorMaster,7.910000,D,S,89224.000000
Tue Jul 29 05:36:48 2025,29-Jul-2025,083652,46 36.778600 N,061 42.234200 W,3.4,70.6,A,DoorSpread,DoorMaster,7.910000,D,S,89224.000000
Tue Jul 29 05:36:48 2025,29-Jul-2025,083653,46 36.778700 N,061 42.233000 W,3.4,70.9,A,DoorSpread,DoorMaster,7.910000,D,S,89224.000000
Tue Jul 29 05:36:53 2025,29-Jul-2025,083654,46 36.779000 N,061 42.231800 W,3.3,71.0,A,DoorSpread,DoorMaster,7.235000,D,S,123901.000000
Tue Jul 29 05:36:53 2025,29-Jul-2025,083655,46 36.779300 N,061 42.230800 W,3.2,70.9,A,DoorSpread,DoorMaster,7.235000,D,S,123901.000000
Tue Jul 29 05:36:53 2025,29-Jul-2025,083656,46 36.779600 N,061 42.229800 W,3.2,70.8,A,DoorSpread,DoorMaster,7.235000,D,S,123901.000000
Tue Jul 29 05:36:53 2025,29-Jul-2025,083657,46 36.779800 N,061 42.228700 W,3.1,70.8,A,DoorSpread,DoorMaster,7.235000,D,S,123901.000000
Tue Jul 29 05:36:53 2025,29-Jul-2025,083658,46 36.780000 N,061 42.227800 W,3.0,70.8,A,DoorSpread,DoorMaster,7.235000,D,S,123901.000000
Tue Jul 29 05:36:53 2025,29-Jul-2025,083659,46 36.780200 N,061 42.227000 W,2.9,70.7,A,DoorSpread,DoorMaster,7.235000,D,S,123901.000000
Tue Jul 29 05:36:59 2025,29-Jul-2025,083700,46 36.780400 N,061 42.226200 W,2.8,70.5,A,DoorSpread,DoorMaster,6.910000,D,S,235328.000000
Tue Jul 29 05:36:59 2025,29-Jul-2025,083701,46 36.780600 N,061 42.225500 W,2.7,70.2,A,DoorSpread,DoorMaster,6.910000,D,S,235328.000000
Tue Jul 29 05:36:59 2025,29-Jul-2025,083702,46 36.780900 N,061 42.224700 W,2.7,70.0,A,DoorSpread,DoorMaster,6.910000,D,S,235328.000000
Tue Jul 29 05:36:59 2025,29-Jul-2025,083703,46 36.781000 N,061 42.223900 W,2.6,69.7,A,DoorSpread,DoorMaster,6.910000,D,S,235328.000000
Tue Jul 29 05:36:59 2025,29-Jul-2025,083704,46 36.781300 N,061 42.223100 W,2.5,69.5,A,DoorSpread,DoorMaster,6.910000,D,S,235328.000000
Tue Jul 29 05:37:05 2025,29-Jul-2025,083705,46 36.781500 N,061 42.222400 W,2.5,69.2,A,DoorSpread,DoorMaster,6.985000,D,S,170352.000000
Tue Jul 29 05:37:05 2025,29-Jul-2025,083706,46 36.781700 N,061 42.221600 W,2.4,68.8,A,DoorSpread,DoorMaster,6.985000,D,S,170352.000000
Tue Jul 29 05:37:05 2025,29-Jul-2025,083707,46 36.782000 N,061 42.220900 W,2.4,68.4,A,DoorSpread,DoorMaster,6.985000,D,S,170352.000000
Tue Jul 29 05:37:05 2025,29-Jul-2025,083708,46 36.782200 N,061 42.220100 W,2.4,68.2,A,DoorSpread,DoorMaster,6.985000,D,S,170352.000000
Tue Jul 29 05:37:05 2025,29-Jul-2025,083709,46 36.782400 N,061 42.219200 W,2.4,68.2,A,DoorSpread,DoorMaster,6.985000,D,S,170352.000000
Tue Jul 29 05:37:05 2025,29-Jul-2025,083710,46 36.782700 N,061 42.218200 W,2.3,68.4,A,DoorSpread,DoorMaster,6.985000,D,S,170352.000000
Tue Jul 29 05:37:10 2025,29-Jul-2025,083711,46 36.782800 N,061 42.217400 W,2.3,68.5,A,DoorSpread,DoorMaster,6.680000,D,S,201594.000000
Tue Jul 29 05:37:10 2025,29-Jul-2025,083712,46 36.783100 N,061 42.216500 W,2.3,68.6,A,DoorSpread,DoorMaster,6.680000,D,S,201594.000000
Tue Jul 29 05:37:10 2025,29-Jul-2025,083713,46 36.783400 N,061 42.215600 W,2.3,68.8,A,DoorSpread,DoorMaster,6.680000,D,S,201594.000000
Tue Jul 29 05:37:10 2025,29-Jul-2025,083714,46 36.783700 N,061 42.214800 W,2.3,68.7,A,DoorSpread,DoorMaster,6.680000,D,S,201594.000000
Tue Jul 29 05:37:10 2025,29-Jul-2025,083715,46 36.784000 N,061 42.214100 W,2.2,68.5,A,DoorSpread,DoorMaster,6.680000,D,S,201594.000000
Tue Jul 29 05:37:10 2025,29-Jul-2025,083716,46 36.784200 N,061 42.213400 W,2.2,68.3,A,DoorSpread,DoorMaster,6.680000,D,S,201594.000000
Tue Jul 29 05:37:16 2025,29-Jul-2025,083717,46 36.784500 N,061 42.212500 W,2.2,68.0,A,DoorSpread,DoorMaster,6.675000,D,S,296034.000000
Tue Jul 29 05:37:16 2025,29-Jul-2025,083718,46 36.784900 N,061 42.211700 W,2.2,67.5,A,DoorSpread,DoorMaster,6.675000,D,S,296034.000000
Tue Jul 29 05:37:16 2025,29-Jul-2025,083719,46 36.785200 N,061 42.210800 W,2.2,66.8,A,DoorSpread,DoorMaster,6.675000,D,S,296034.000000
Tue Jul 29 05:37:16 2025,29-Jul-2025,083720,46 36.785500 N,061 42.210100 W,2.2,66.3,A,DoorSpread,DoorMaster,6.675000,D,S,296034.000000
Tue Jul 29 05:37:16 2025,29-Jul-2025,083721,46 36.785800 N,061 42.209300 W,2.2,66.2,A,DoorSpread,DoorMaster,6.675000,D,S,296034.000000
Tue Jul 29 05:37:22 2025,29-Jul-2025,083722,46 36.785900 N,061 42.208300 W,2.2,66.1,A,DoorSpread,DoorMaster,6.400000,D,S,97297.000000
Tue Jul 29 05:37:22 2025,29-Jul-2025,083723,46 36.786200 N,061 42.207600 W,2.2,66.0,A,DoorSpread,DoorMaster,6.400000,D,S,97297.000000
Tue Jul 29 05:37:22 2025,29-Jul-2025,083724,46 36.786400 N,061 42.206900 W,2.2,66.0,A,DoorSpread,DoorMaster,6.400000,D,S,97297.000000
Tue Jul 29 05:37:22 2025,29-Jul-2025,083725,46 36.786700 N,061 42.206000 W,2.2,66.3,A,DoorSpread,DoorMaster,6.400000,D,S,97297.000000
Tue Jul 29 05:37:22 2025,29-Jul-2025,083726,46 36.786900 N,061 42.205200 W,2.2,66.5,A,DoorSpread,DoorMaster,6.400000,D,S,97297.000000
Tue Jul 29 05:37:22 2025,29-Jul-2025,083727,46 36.787100 N,061 42.204400 W,2.1,66.6,A,DoorSpread,DoorMaster,6.400000,D,S,97297.000000
Tue Jul 29 05:37:27 2025,29-Jul-2025,083728,46 36.787400 N,061 42.203700 W,2.1,66.7,A,DoorSpread,DoorMaster,6.205000,D,S,372684.000000
Tue Jul 29 05:37:27 2025,29-Jul-2025,083729,46 36.787600 N,061 42.202900 W,2.1,67.0,A,DoorSpread,DoorMaster,6.205000,D,S,372684.000000
Tue Jul 29 05:37:27 2025,29-Jul-2025,083730,46 36.787800 N,061 42.201900 W,2.2,67.6,A,DoorSpread,DoorMaster,6.205000,D,S,372684.000000
Tue Jul 29 05:37:27 2025,29-Jul-2025,083731,46 36.788000 N,061 42.201000 W,2.2,67.7,A,DoorSpread,DoorMaster,6.205000,D,S,372684.000000
Tue Jul 29 05:37:27 2025,29-Jul-2025,083732,46 36.788200 N,061 42.200200 W,2.2,67.8,A,DoorSpread,DoorMaster,6.205000,D,S,372684.000000
Tue Jul 29 05:37:33 2025,29-Jul-2025,083733,46 36.788500 N,061 42.199300 W,2.3,67.7,A,DoorSpread,DoorMaster,6.275000,D,S,173898.000000
Tue Jul 29 05:37:33 2025,29-Jul-2025,083734,46 36.788800 N,061 42.198500 W,2.3,67.2,A,DoorSpread,DoorMaster,6.275000,D,S,173898.000000
Tue Jul 29 05:37:33 2025,29-Jul-2025,083735,46 36.789100 N,061 42.197700 W,2.3,66.8,A,DoorSpread,DoorMaster,6.275000,D,S,173898.000000
Tue Jul 29 05:37:33 2025,29-Jul-2025,083736,46 36.789400 N,061 42.196800 W,2.3,66.6,A,DoorSpread,DoorMaster,6.275000,D,S,173898.000000
Tue Jul 29 05:37:33 2025,29-Jul-2025,083737,46 36.789700 N,061 42.195900 W,2.3,66.2,A,DoorSpread,DoorMaster,6.275000,D,S,173898.000000
Tue Jul 29 05:37:33 2025,29-Jul-2025,083738,46 36.789900 N,061 42.195100 W,2.3,66.0,A,DoorSpread,DoorMaster,6.275000,D,S,173898.000000
Tue Jul 29 05:37:38 2025,29-Jul-2025,083739,46 36.790200 N,061 42.194400 W,2.2,65.7,A,DoorSpread,DoorMaster,6.285000,D,S,117250.000000
Tue Jul 29 05:37:38 2025,29-Jul-2025,083740,46 36.790600 N,061 42.193600 W,2.3,65.6,A,DoorSpread,DoorMaster,6.285000,D,S,117250.000000
Tue Jul 29 05:37:38 2025,29-Jul-2025,083741,46 36.790900 N,061 42.192900 W,2.2,65.6,A,DoorSpread,DoorMaster,6.285000,D,S,117250.000000
Tue Jul 29 05:37:38 2025,29-Jul-2025,083742,46 36.791200 N,061 42.192200 W,2.2,65.7,A,DoorSpread,DoorMaster,6.285000,D,S,117250.000000
Tue Jul 29 05:37:38 2025,29-Jul-2025,083743,46 36.791500 N,061 42.191500 W,2.2,65.9,A,DoorSpread,DoorMaster,6.285000,D,S,117250.000000
Tue Jul 29 05:37:38 2025,29-Jul-2025,083744,46 36.791700 N,061 42.190600 W,2.2,66.3,A,DoorSpread,DoorMaster,6.285000,D,S,117250.000000
Tue Jul 29 05:37:44 2025,29-Jul-2025,083745,46 36.791900 N,061 42.189900 W,2.2,66.6,A,DoorSpread,DoorMaster,6.205000,D,P,96707.000000
Tue Jul 29 05:37:44 2025,29-Jul-2025,083746,46 36.792100 N,061 42.189200 W,2.2,66.9,A,DoorSpread,DoorMaster,6.205000,D,P,96707.000000
Tue Jul 29 05:37:44 2025,29-Jul-2025,083747,46 36.792300 N,061 42.188500 W,2.2,67.2,A,DoorSpread,DoorMaster,6.205000,D,P,96707.000000
Tue Jul 29 05:37:44 2025,29-Jul-2025,083748,46 36.792700 N,061 42.187700 W,2.2,67.2,A,DoorSpread,DoorMaster,6.205000,D,P,96707.000000
Tue Jul 29 05:37:44 2025,29-Jul-2025,083749,46 36.792900 N,061 42.187000 W,2.2,67.1,A,DoorSpread,DoorMaster,6.205000,D,P,96707.000000
Tue Jul 29 05:37:50 2025,29-Jul-2025,083750,46 36.793200 N,061 42.186200 W,2.2,67.1,A,DoorSpread,DoorMaster,6.030000,D,P,106339.000000
Tue Jul 29 05:37:50 2025,29-Jul-2025,083751,46 36.793400 N,061 42.185400 W,2.2,67.4,A,DoorSpread,DoorMaster,6.030000,D,P,106339.000000
Tue Jul 29 05:37:50 2025,29-Jul-2025,083752,46 36.793600 N,061 42.184600 W,2.1,67.6,A,DoorSpread,DoorMaster,6.030000,D,P,106339.000000
Tue Jul 29 05:37:50 2025,29-Jul-2025,083753,46 36.793800 N,061 42.183800 W,2.2,67.6,A,DoorSpread,DoorMaster,6.030000,D,P,106339.000000
Tue Jul 29 05:37:50 2025,29-Jul-2025,083754,46 36.794000 N,061 42.183000 W,2.2,67.7,A,DoorSpread,DoorMaster,6.030000,D,P,106339.000000
Tue Jul 29 05:37:50 2025,29-Jul-2025,083755,46 36.794200 N,061 42.182300 W,2.2,67.5,A,DoorSpread,DoorMaster,6.030000,D,P,106339.000000
Tue Jul 29 05:37:55 2025,29-Jul-2025,083756,46 36.794500 N,061 42.181500 W,2.2,67.3,A,DoorSpread,DoorMaster,5.765000,D,S,116935.000000
Tue Jul 29 05:37:55 2025,29-Jul-2025,083757,46 36.794700 N,061 42.180600 W,2.2,67.1,A,DoorSpread,DoorMaster,5.765000,D,S,116935.000000
Tue Jul 29 05:37:55 2025,29-Jul-2025,083758,46 36.794900 N,061 42.179700 W,2.2,67.4,A,DoorSpread,DoorMaster,5.765000,D,S,116935.000000
Tue Jul 29 05:37:55 2025,29-Jul-2025,083759,46 36.795100 N,061 42.178900 W,2.2,67.9,A,DoorSpread,DoorMaster,5.765000,D,S,116935.000000
Tue Jul 29 05:37:55 2025,29-Jul-2025,083800,46 36.795300 N,061 42.178100 W,2.2,68.0,A,DoorSpread,DoorMaster,5.765000,D,S,116935.000000
Tue Jul 29 05:38:01 2025,29-Jul-2025,083801,46 36.795600 N,061 42.177400 W,2.2,67.9,A,DoorSpread,DoorMaster,5.645000,D,S,304014.000000
Tue Jul 29 05:38:01 2025,29-Jul-2025,083802,46 36.795800 N,061 42.176700 W,2.2,67.7,A,DoorSpread,DoorMaster,5.645000,D,S,304014.000000
Tue Jul 29 05:38:01 2025,29-Jul-2025,083803,46 36.795900 N,061 42.176000 W,2.1,67.9,A,DoorSpread,DoorMaster,5.645000,D,S,304014.000000
Tue Jul 29 05:38:01 2025,29-Jul-2025,083804,46 36.796100 N,061 42.175200 W,2.1,67.9,A,DoorSpread,DoorMaster,5.645000,D,S,304014.000000
Tue Jul 29 05:38:01 2025,29-Jul-2025,083805,46 36.796200 N,061 42.174300 W,2.2,68.0,A,DoorSpread,DoorMaster,5.645000,D,S,304014.000000
Tue Jul 29 05:38:01 2025,29-Jul-2025,083806,46 36.796400 N,061 42.173500 W,2.2,67.9,A,DoorSpread,DoorMaster,5.645000,D,S,304014.000000
Tue Jul 29 05:38:06 2025,29-Jul-2025,083807,46 36.796700 N,061 42.172800 W,2.2,68.0,A,DoorSpread,DoorMaster,5.835000,D,S,296441.000000
Tue Jul 29 05:38:06 2025,29-Jul-2025,083808,46 36.797000 N,061 42.172100 W,2.1,67.9,A,DoorSpread,DoorMaster,5.835000,D,S,296441.000000
Tue Jul 29 05:38:06 2025,29-Jul-2025,083809,46 36.797200 N,061 42.171300 W,2.2,68.1,A,DoorSpread,DoorMaster,5.835000,D,S,296441.000000
Tue Jul 29 05:38:06 2025,29-Jul-2025,083810,46 36.797500 N,061 42.170500 W,2.2,68.3,A,DoorSpread,DoorMaster,5.835000,D,S,296441.000000
Tue Jul 29 05:38:06 2025,29-Jul-2025,083811,46 36.797800 N,061 42.169800 W,2.1,68.5,A,DoorSpread,DoorMaster,5.835000,D,S,296441.000000
Tue Jul 29 05:38:12 2025,29-Jul-2025,083812,46 36.798000 N,061 42.169100 W,2.1,68.7,A,DoorSpread,DoorMaster,5.515000,D,S,246153.000000
Tue Jul 29 05:38:12 2025,29-Jul-2025,083813,46 36.798100 N,061 42.168300 W,2.1,69.2,A,DoorSpread,DoorMaster,5.515000,D,S,246153.000000
Tue Jul 29 05:38:12 2025,29-Jul-2025,083814,46 36.798300 N,061 42.167500 W,2.1,69.5,A,DoorSpread,DoorMaster,5.515000,D,S,246153.000000
Tue Jul 29 05:38:12 2025,29-Jul-2025,083815,46 36.798500 N,061 42.166700 W,2.0,69.9,A,DoorSpread,DoorMaster,5.515000,D,S,246153.000000
Tue Jul 29 05:38:12 2025,29-Jul-2025,083816,46 36.798700 N,061 42.166000 W,2.0,69.8,A,DoorSpread,DoorMaster,5.515000,D,S,246153.000000
Tue Jul 29 05:38:12 2025,29-Jul-2025,083817,46 36.799000 N,061 42.165300 W,2.0,70.0,A,DoorSpread,DoorMaster,5.515000,D,S,246153.000000
Tue Jul 29 05:38:17 2025,29-Jul-2025,083818,46 36.799200 N,061 42.164500 W,2.0,70.2,A,DoorSpread,DoorMaster,5.695000,D,P,295835.000000
Tue Jul 29 05:38:17 2025,29-Jul-2025,083819,46 36.799400 N,061 42.163800 W,2.0,70.3,A,DoorSpread,DoorMaster,5.695000,D,P,295835.000000
Tue Jul 29 05:38:17 2025,29-Jul-2025,083820,46 36.799600 N,061 42.163200 W,2.0,70.4,A,DoorSpread,DoorMaster,5.695000,D,P,295835.000000
Tue Jul 29 05:38:17 2025,29-Jul-2025,083821,46 36.799800 N,061 42.162500 W,2.0,70.4,A,DoorSpread,DoorMaster,5.695000,D,P,295835.000000
Tue Jul 29 05:38:17 2025,29-Jul-2025,083822,46 36.800000 N,061 42.161700 W,1.9,70.4,A,DoorSpread,DoorMaster,5.695000,D,P,295835.000000
Tue Jul 29 05:38:23 2025,29-Jul-2025,083823,46 36.800200 N,061 42.161100 W,1.9,70.4,A,DoorSpread,DoorMaster,5.720000,D,S,162008.000000
Tue Jul 29 05:38:23 2025,29-Jul-2025,083824,46 36.800400 N,061 42.160400 W,1.9,70.3,A,DoorSpread,DoorMaster,5.720000,D,S,162008.000000
Tue Jul 29 05:38:23 2025,29-Jul-2025,083825,46 36.800600 N,061 42.159700 W,1.9,70.3,A,DoorSpread,DoorMaster,5.720000,D,S,162008.000000
Tue Jul 29 05:38:23 2025,29-Jul-2025,083826,46 36.800800 N,061 42.158900 W,1.9,70.3,A,DoorSpread,DoorMaster,5.720000,D,S,162008.000000
Tue Jul 29 05:38:23 2025,29-Jul-2025,083827,46 36.801000 N,061 42.158200 W,1.9,70.3,A,DoorSpread,DoorMaster,5.720000,D,S,162008.000000
Tue Jul 29 05:38:23 2025,29-Jul-2025,083828,46 36.801100 N,061 42.157500 W,1.9,70.3,A,DoorSpread,DoorMaster,5.720000,D,S,162008.000000
Tue Jul 29 05:38:28 2025,29-Jul-2025,083829,46 36.801300 N,061 42.156800 W,1.9,70.3,A,DoorSpread,DoorMaster,5.630000,D,P,126756.000000
Tue Jul 29 05:38:28 2025,29-Jul-2025,083830,46 36.801500 N,061 42.156200 W,1.9,70.3,A,DoorSpread,DoorMaster,5.630000,D,P,126756.000000
Tue Jul 29 05:38:28 2025,29-Jul-2025,083831,46 36.801700 N,061 42.155500 W,1.9,70.1,A,DoorSpread,DoorMaster,5.630000,D,P,126756.000000
Tue Jul 29 05:38:28 2025,29-Jul-2025,083832,46 36.801900 N,061 42.154800 W,1.9,70.1,A,DoorSpread,DoorMaster,5.630000,D,P,126756.000000
Tue Jul 29 05:38:28 2025,29-Jul-2025,083833,46 36.802100 N,061 42.154100 W,1.9,70.0,A,DoorSpread,DoorMaster,5.630000,D,P,126756.000000
Tue Jul 29 05:38:28 2025,29-Jul-2025,083834,46 36.802200 N,061 42.153400 W,1.9,70.1,A,DoorSpread,DoorMaster,5.630000,D,P,126756.000000
Tue Jul 29 05:38:34 2025,29-Jul-2025,083835,46 36.802400 N,061 42.152700 W,1.9,70.1,A,DoorSpread,DoorMaster,6.090000,D,S,107114.000000
Tue Jul 29 05:38:34 2025,29-Jul-2025,083836,46 36.802500 N,061 42.152100 W,1.9,70.1,A,DoorSpread,DoorMaster,6.090000,D,S,107114.000000
Tue Jul 29 05:38:34 2025,29-Jul-2025,083837,46 36.802700 N,061 42.151500 W,1.8,70.0,A,DoorSpread,DoorMaster,6.090000,D,S,107114.000000
Tue Jul 29 05:38:34 2025,29-Jul-2025,083838,46 36.803000 N,061 42.151000 W,1.9,69.0,A,DoorSpread,DoorMaster,6.090000,D,S,107114.000000
Tue Jul 29 05:38:34 2025,29-Jul-2025,083839,46 36.803400 N,061 42.150400 W,1.9,68.2,A,DoorSpread,DoorMaster,6.090000,D,S,107114.000000
Tue Jul 29 05:38:40 2025,29-Jul-2025,083840,46 36.803500 N,061 42.149700 W,1.9,67.6,A,DoorSpread,DoorMaster,5.490000,D,S,268702.000000
Tue Jul 29 05:38:40 2025,29-Jul-2025,083841,46 36.803600 N,061 42.149000 W,2.0,67.2,A,DoorSpread,DoorMaster,5.490000,D,S,268702.000000
Tue Jul 29 05:38:40 2025,29-Jul-2025,083842,46 36.803900 N,061 42.148300 W,1.9,66.9,A,DoorSpread,DoorMaster,5.490000,D,S,268702.000000
Tue Jul 29 05:38:40 2025,29-Jul-2025,083843,46 36.804000 N,061 42.147700 W,2.0,66.5,A,DoorSpread,DoorMaster,5.490000,D,S,268702.000000
Tue Jul 29 05:38:40 2025,29-Jul-2025,083844,46 36.804300 N,061 42.147100 W,2.0,66.3,A,DoorSpread,DoorMaster,5.490000,D,S,268702.000000
Tue Jul 29 05:38:40 2025,29-Jul-2025,083845,46 36.804500 N,061 42.146500 W,1.9,66.1,A,DoorSpread,DoorMaster,5.490000,D,S,268702.000000
Tue Jul 29 05:38:45 2025,29-Jul-2025,083846,46 36.804700 N,061 42.145900 W,1.9,66.1,A,DoorSpread,DoorMaster,5.715000,D,P,261718.000000
Tue Jul 29 05:38:45 2025,29-Jul-2025,083847,46 36.804800 N,061 42.145200 W,1.9,66.3,A,DoorSpread,DoorMaster,5.715000,D,P,261718.000000
Tue Jul 29 05:38:45 2025,29-Jul-2025,083848,46 36.805000 N,061 42.144600 W,1.9,66.4,A,DoorSpread,DoorMaster,5.715000,D,P,261718.000000
Tue Jul 29 05:38:45 2025,29-Jul-2025,083849,46 36.805200 N,061 42.143900 W,1.9,65.9,A,DoorSpread,DoorMaster,5.715000,D,P,261718.000000
Tue Jul 29 05:38:45 2025,29-Jul-2025,083850,46 36.805500 N,061 42.143200 W,1.9,65.4,A,DoorSpread,DoorMaster,5.715000,D,P,261718.000000
Tue Jul 29 05:38:51 2025,29-Jul-2025,083851,46 36.805600 N,061 42.142600 W,1.9,65.1,A,DoorSpread,DoorMaster,5.645000,D,S,165972.000000
Tue Jul 29 05:38:51 2025,29-Jul-2025,083852,46 36.805700 N,061 42.141900 W,1.9,64.8,A,DoorSpread,DoorMaster,5.645000,D,S,165972.000000
Tue Jul 29 05:38:51 2025,29-Jul-2025,083853,46 36.806000 N,061 42.141300 W,1.9,64.4,A,DoorSpread,DoorMaster,5.645000,D,S,165972.000000
Tue Jul 29 05:38:51 2025,29-Jul-2025,083854,46 36.806300 N,061 42.140500 W,1.9,63.9,A,DoorSpread,DoorMaster,5.645000,D,S,165972.000000
Tue Jul 29 05:38:51 2025,29-Jul-2025,083855,46 36.806500 N,061 42.139700 W,1.9,63.7,A,DoorSpread,DoorMaster,5.645000,D,S,165972.000000
Tue Jul 29 05:38:51 2025,29-Jul-2025,083856,46 36.806800 N,061 42.139000 W,1.9,63.5,A,DoorSpread,DoorMaster,5.645000,D,S,165972.000000
Tue Jul 29 05:38:56 2025,29-Jul-2025,083857,46 36.807000 N,061 42.138400 W,1.9,63.3,A,DoorSpread,DoorMaster,5.555000,D,S,174952.000000
Tue Jul 29 05:38:56 2025,29-Jul-2025,083858,46 36.807200 N,061 42.137700 W,1.9,63.4,A,DoorSpread,DoorMaster,5.555000,D,S,174952.000000
Tue Jul 29 05:38:56 2025,29-Jul-2025,083859,46 36.807400 N,061 42.137000 W,1.8,63.6,A,DoorSpread,DoorMaster,5.555000,D,S,174952.000000
Tue Jul 29 05:38:56 2025,29-Jul-2025,083900,46 36.807500 N,061 42.136400 W,1.8,63.8,A,DoorSpread,DoorMaster,5.555000,D,S,174952.000000
Tue Jul 29 05:38:56 2025,29-Jul-2025,083901,46 36.807700 N,061 42.135600 W,1.9,64.3,A,DoorSpread,DoorMaster,5.555000,D,S,174952.000000
Tue Jul 29 05:39:02 2025,29-Jul-2025,083902,46 36.808000 N,061 42.134700 W,2.0,65.2,A,DoorSpread,DoorMaster,5.635000,D,S,123090.000000
Tue Jul 29 05:39:02 2025,29-Jul-2025,083903,46 36.808100 N,061 42.133800 W,2.0,65.6,A,DoorSpread,DoorMaster,5.635000,D,S,123090.000000
Tue Jul 29 05:39:02 2025,29-Jul-2025,083904,46 36.808300 N,061 42.132900 W,2.0,66.1,A,DoorSpread,DoorMaster,5.635000,D,S,123090.000000
Tue Jul 29 05:39:02 2025,29-Jul-2025,083905,46 36.808500 N,061 42.132100 W,1.9,66.5,A,DoorSpread,DoorMaster,5.635000,D,S,123090.000000
Tue Jul 29 05:39:02 2025,29-Jul-2025,083906,46 36.808700 N,061 42.131400 W,1.9,66.7,A,DoorSpread,DoorMaster,5.635000,D,S,123090.000000
Tue Jul 29 05:39:02 2025,29-Jul-2025,083907,46 36.808800 N,061 42.130700 W,1.9,67.0,A,DoorSpread,DoorMaster,5.635000,D,S,123090.000000
Tue Jul 29 05:39:07 2025,29-Jul-2025,083908,46 36.809000 N,061 42.130000 W,1.9,67.3,A,DoorSpread,DoorMaster,5.285000,D,S,118137.000000
Tue Jul 29 05:39:07 2025,29-Jul-2025,083909,46 36.809100 N,061 42.129300 W,1.9,67.5,A,DoorSpread,DoorMaster,5.285000,D,S,118137.000000
Tue Jul 29 05:39:07 2025,29-Jul-2025,083910,46 36.809300 N,061 42.128600 W,1.9,67.6,A,DoorSpread,DoorMaster,5.285000,D,S,118137.000000
Tue Jul 29 05:39:07 2025,29-Jul-2025,083911,46 36.809400 N,061 42.127900 W,1.9,67.8,A,DoorSpread,DoorMaster,5.285000,D,S,118137.000000
Tue Jul 29 05:39:07 2025,29-Jul-2025,083912,46 36.809700 N,061 42.127300 W,1.9,68.2,A,DoorSpread,DoorMaster,5.285000,D,S,118137.000000
Tue Jul 29 05:39:13 2025,29-Jul-2025,083913,46 36.809800 N,061 42.126500 W,1.9,68.6,A,DoorSpread,DoorMaster,4.980000,D,P,145172.000000
Tue Jul 29 05:39:13 2025,29-Jul-2025,083914,46 36.809900 N,061 42.125800 W,1.9,69.0,A,DoorSpread,DoorMaster,4.980000,D,P,145172.000000
Tue Jul 29 05:39:13 2025,29-Jul-2025,083915,46 36.810100 N,061 42.125200 W,1.9,69.0,A,DoorSpread,DoorMaster,4.980000,D,P,145172.000000
Tue Jul 29 05:39:13 2025,29-Jul-2025,083916,46 36.810200 N,061 42.124500 W,1.9,69.2,A,DoorSpread,DoorMaster,4.980000,D,P,145172.000000
Tue Jul 29 05:39:13 2025,29-Jul-2025,083917,46 36.810300 N,061 42.123700 W,1.9,69.5,A,DoorSpread,DoorMaster,4.980000,D,P,145172.000000
Tue Jul 29 05:39:13 2025,29-Jul-2025,083918,46 36.810300 N,061 42.122900 W,1.9,69.6,A,DoorSpread,DoorMaster,4.980000,D,P,145172.000000
Tue Jul 29 05:39:18 2025,29-Jul-2025,083919,46 36.810400 N,061 42.122200 W,1.9,69.4,A,DoorSpread,DoorMaster,5.055000,D,S,101121.000000
Tue Jul 29 05:39:18 2025,29-Jul-2025,083920,46 36.810500 N,061 42.121400 W,2.0,68.7,A,DoorSpread,DoorMaster,5.055000,D,S,101121.000000
Tue Jul 29 05:39:18 2025,29-Jul-2025,083921,46 36.810900 N,061 42.120500 W,2.1,67.9,A,DoorSpread,DoorMaster,5.055000,D,S,101121.000000
Tue Jul 29 05:39:18 2025,29-Jul-2025,083922,46 36.811000 N,061 42.119700 W,2.1,67.4,A,DoorSpread,DoorMaster,5.055000,D,S,101121.000000
Tue Jul 29 05:39:18 2025,29-Jul-2025,083923,46 36.811200 N,061 42.119000 W,2.0,67.1,A,DoorSpread,DoorMaster,5.055000,D,S,101121.000000
Tue Jul 29 05:39:24 2025,29-Jul-2025,083924,46 36.811300 N,061 42.118300 W,2.0,67.0,A,DoorSpread,DoorMaster,5.035000,D,P,279044.000000
Tue Jul 29 05:39:24 2025,29-Jul-2025,083925,46 36.811400 N,061 42.117500 W,2.0,67.1,A,DoorSpread,DoorMaster,5.035000,D,P,279044.000000
Tue Jul 29 05:39:24 2025,29-Jul-2025,083926,46 36.811400 N,061 42.116800 W,1.9,67.5,A,DoorSpread,DoorMaster,5.035000,D,P,279044.000000
Tue Jul 29 05:39:24 2025,29-Jul-2025,083927,46 36.811600 N,061 42.116100 W,1.9,67.5,A,DoorSpread,DoorMaster,5.035000,D,P,279044.000000
Tue Jul 29 05:39:24 2025,29-Jul-2025,083928,46 36.811800 N,061 42.115500 W,1.9,67.5,A,DoorSpread,DoorMaster,5.035000,D,P,279044.000000
Tue Jul 29 05:39:24 2025,29-Jul-2025,083929,46 36.812000 N,061 42.114800 W,1.9,67.6,A,DoorSpread,DoorMaster,5.035000,D,P,279044.000000
Tue Jul 29 05:39:29 2025,29-Jul-2025,083930,46 36.812300 N,061 42.114100 W,1.9,67.6,A,DoorSpread,DoorMaster,4.790000,D,P,328831.000000
Tue Jul 29 05:39:29 2025,29-Jul-2025,083931,46 36.812600 N,061 42.113300 W,1.9,68.2,A,DoorSpread,DoorMaster,4.790000,D,P,328831.000000
Tue Jul 29 05:39:29 2025,29-Jul-2025,083932,46 36.812700 N,061 42.112500 W,1.9,68.8,A,DoorSpread,DoorMaster,4.790000,D,P,328831.000000
Tue Jul 29 05:39:29 2025,29-Jul-2025,083933,46 36.813000 N,061 42.111800 W,1.9,69.1,A,DoorSpread,DoorMaster,4.790000,D,P,328831.000000
Tue Jul 29 05:39:29 2025,29-Jul-2025,083934,46 36.813300 N,061 42.111000 W,1.9,69.2,A,DoorSpread,DoorMaster,4.790000,D,P,328831.000000
Tue Jul 29 05:39:35 2025,29-Jul-2025,083935,46 36.813700 N,061 42.110300 W,1.9,69.5,A,DoorSpread,DoorMaster,4.370000,D,S,201722.000000
Tue Jul 29 05:39:35 2025,29-Jul-2025,083936,46 36.813900 N,061 42.109600 W,1.9,69.8,A,DoorSpread,DoorMaster,4.370000,D,S,201722.000000
Tue Jul 29 05:39:35 2025,29-Jul-2025,083937,46 36.814100 N,061 42.108900 W,1.9,70.0,A,DoorSpread,DoorMaster,4.370000,D,S,201722.000000
Tue Jul 29 05:39:35 2025,29-Jul-2025,083938,46 36.814400 N,061 42.108300 W,1.9,70.1,A,DoorSpread,DoorMaster,4.370000,D,S,201722.000000
Tue Jul 29 05:39:38 2025,29-Jul-2025,083939,46 36.814700 N,061 42.107500 W,1.9,70.0,A,FishCount,Headline,7.411565,D,S,7962.000000
Tue Jul 29 05:39:38 2025,29-Jul-2025,083940,46 36.814900 N,061 42.106700 W,2.0,69.8,A,FishCount,Headline,7.411565,D,S,7962.000000
Tue Jul 29 05:39:40 2025,29-Jul-2025,083941,46 36.815100 N,061 42.106000 W,1.9,69.6,A,DoorSpread,DoorMaster,4.275000,D,S,468815.000000
Tue Jul 29 05:39:40 2025,29-Jul-2025,083942,46 36.815400 N,061 42.105400 W,2.0,68.6,A,DoorSpread,DoorMaster,4.275000,D,S,468815.000000
Tue Jul 29 05:39:40 2025,29-Jul-2025,083943,46 36.815800 N,061 42.104800 W,2.0,68.2,A,DoorSpread,DoorMaster,4.275000,D,S,468815.000000
Tue Jul 29 05:39:40 2025,29-Jul-2025,083944,46 36.816000 N,061 42.104100 W,2.0,68.0,A,DoorSpread,DoorMaster,4.275000,D,S,468815.000000
Tue Jul 29 05:39:40 2025,29-Jul-2025,083945,46 36.816300 N,061 42.103400 W,1.9,67.8,A,DoorSpread,DoorMaster,4.275000,D,S,468815.000000
Tue Jul 29 05:39:46 2025,29-Jul-2025,083946,46 36.816500 N,061 42.102800 W,1.9,67.6,A,DoorSpread,DoorMaster,3.995000,D,P,619924.000000
Tue Jul 29 05:39:46 2025,29-Jul-2025,083947,46 36.816700 N,061 42.102100 W,1.9,67.4,A,DoorSpread,DoorMaster,3.995000,D,P,619924.000000
