Ship Number,Trip Number,Tow Number
Avalon,2,2
Comments
"zone 12"
CPU Date and Time,GPS Date,GPS Time,Latitude,Longitude,Speed,Heading,Validity,Transducer Name,Sensor Name,Sensor Value,Error Code,Hydrophone,Signal Strength
Tue Jul 29 07:11:47 2025,29-Jul-2025,101147,46 34.544200 N,061 54.400100 W,2.9,71.0,A,Primary,Headline,55.387755,D,P,65218.000000
Tue Jul 29 07:11:48 2025,29-Jul-2025,101148,46 34.544400 N,061 54.399000 W,2.8,71.1,A,DoorSpread,DoorMaster,2.340000,D,P,938103.000000
Tue Jul 29 07:11:48 2025,29-Jul-2025,101149,46 34.544600 N,061 54.397800 W,2.8,71.0,A,DoorSpread,DoorMaster,2.340000,D,P,938103.000000
Tue Jul 29 07:11:48 2025,29-Jul-2025,101150,46 34.544900 N,061 54.396600 W,2.9,71.0,A,DoorSpread,DoorMaster,2.340000,D,P,938103.000000
Tue Jul 29 07:11:48 2025,29-Jul-2025,101151,46 34.545200 N,061 54.395400 W,2.9,71.1,A,DoorSpread,DoorMaster,2.340000,D,P,938103.000000
Tue Jul 29 07:11:48 2025,29-Jul-2025,101152,46 34.545500 N,061 54.394200 W,2.9,71.3,A,DoorSpread,DoorMaster,2.340000,D,P,938103.000000
Tue Jul 29 07:11:53 2025,29-Jul-2025,101153,46 34.545700 N,061 54.393000 W,2.9,71.5,A,Secondary,Headline,44.918367,D,S,71511.000000
Tue Jul 29 07:11:53 2025,29-Jul-2025,101154,46 34.545900 N,061 54.391800 W,2.9,71.7,A,DoorSpread,DoorMaster,2.130000,D,P,479270.000000
Tue Jul 29 07:11:53 2025,29-Jul-2025,101155,46 34.546000 N,061 54.390700 W,2.9,71.9,A,DoorSpread,DoorMaster,2.130000,D,P,479270.000000
Tue Jul 29 07:11:53 2025,29-Jul-2025,101156,46 34.546200 N,061 54.389500 W,2.9,72.0,A,DoorSpread,DoorMaster,2.130000,D,P,479270.000000
Tue Jul 29 07:11:53 2025,29-Jul-2025,101157,46 34.546500 N,061 54.388400 W,2.9,72.1,A,DoorSpread,DoorMaster,2.130000,D,P,479270.000000
Tue Jul 29 07:11:58 2025,29-Jul-2025,101158,46 34.546800 N,061 54.387400 W,2.9,72.3,A,Primary,Headline,21.346939,D,P,61619.000000
Tue Jul 29 07:11:59 2025,29-Jul-2025,101159,46 34.547000 N,061 54.386300 W,3.0,72.4,A,DoorSpread,DoorMaster,1.650000,D,S,538269.000000
Tue Jul 29 07:11:59 2025,29-Jul-2025,101200,46 34.547300 N,061 54.385100 W,3.0,72.5,A,DoorSpread,DoorMaster,1.650000,D,S,538269.000000
Tue Jul 29 07:11:59 2025,29-Jul-2025,101201,46 34.547500 N,061 54.383800 W,3.0,72.7,A,DoorSpread,DoorMaster,1.650000,D,S,538269.000000
Tue Jul 29 07:11:59 2025,29-Jul-2025,101202,46 34.547800 N,061 54.382700 W,3.0,72.9,A,DoorSpread,DoorMaster,1.650000,D,S,538269.000000
Tue Jul 29 07:12:02 2025,29-Jul-2025,101203,46 34.548000 N,061 54.381500 W,3.0,73.1,A,Depth,Depth,2.685185,D,S,49881.000000
Tue Jul 29 07:12:04 2025,29-Jul-2025,101204,46 34.548200 N,061 54.380200 W,3.0,73.3,A,Secondary,Headline,4.530612,D,S,22371.000000
Tue Jul 29 07:12:04 2025,29-Jul-2025,101205,46 34.548500 N,061 54.379200 W,3.0,73.3,A,Secondary,Headline,4.530612,D,S,22371.000000
Tue Jul 29 07:12:04 2025,29-Jul-2025,101206,46 34.548700 N,061 54.378100 W,3.0,73.5,A,Secondary,Headline,4.530612,D,S,22371.000000
Tue Jul 29 07:12:04 2025,29-Jul-2025,101207,46 34.548900 N,061 54.377000 W,3.0,73.6,A,Secondary,Headline,4.530612,D,S,22371.000000
Tue Jul 29 07:12:04 2025,29-Jul-2025,101208,46 34.549100 N,061 54.375900 W,3.0,73.6,A,Secondary,Headline,4.530612,D,S,22371.000000
Tue Jul 29 07:12:08 2025,29-Jul-2025,101209,46 34.549300 N,061 54.374800 W,2.9,73.6,A,Primary,Headline,0.571429,D,P,67458.000000
Tue Jul 29 07:12:09 2025,29-Jul-2025,101210,46 34.549500 N,061 54.373800 W,2.9,73.8,A,Depth,Depth,9.259259,D,P,38362.000000
Tue Jul 29 07:12:09 2025,29-Jul-2025,101211,46 34.549700 N,061 54.372800 W,2.9,73.7,A,Depth,Depth,9.259259,D,P,38362.000000
Tue Jul 29 07:12:09 2025,29-Jul-2025,101212,46 34.550000 N,061 54.371700 W,2.9,73.6,A,Depth,Depth,9.259259,D,P,38362.000000
Tue Jul 29 07:12:09 2025,29-Jul-2025,101213,46 34.550200 N,061 54.370700 W,2.9,73.3,A,Depth,Depth,9.259259,D,P,38362.000000
Tue Jul 29 07:12:09 2025,29-Jul-2025,101214,46 34.550500 N,061 54.369600 W,2.9,73.1,A,Depth,Depth,9.259259,D,P,38362.000000
Tue Jul 29 07:12:15 2025,29-Jul-2025,101215,46 34.550800 N,061 54.368600 W,2.9,73.0,A,Primary,Headline,58.448980,D,P,18143.000000
Tue Jul 29 07:12:15 2025,29-Jul-2025,101216,46 34.551100 N,061 54.367500 W,2.9,73.1,A,Primary,Headline,58.448980,D,P,18143.000000
Tue Jul 29 07:12:17 2025,29-Jul-2025,101217,46 34.551300 N,061 54.366400 W,2.9,73.2,A,Depth,Depth,12.592593,D,S,39565.000000
Tue Jul 29 07:12:17 2025,29-Jul-2025,101218,46 34.551500 N,061 54.365300 W,2.9,73.3,A,Depth,Depth,12.592593,D,S,39565.000000
Tue Jul 29 07:12:17 2025,29-Jul-2025,101219,46 34.551800 N,061 54.364100 W,3.0,73.3,A,Depth,Depth,12.592593,D,S,39565.000000
Tue Jul 29 07:12:20 2025,29-Jul-2025,101220,46 34.552100 N,061 54.363000 W,3.0,73.2,A,Primary,Headline,8.408163,D,P,92151.000000
Tue Jul 29 07:12:20 2025,29-Jul-2025,101221,46 34.552300 N,061 54.361900 W,3.0,73.0,A,Primary,Headline,8.408163,D,P,92151.000000
Tue Jul 29 07:12:20 2025,29-Jul-2025,101222,46 34.552600 N,061 54.360900 W,2.9,72.7,A,Primary,Headline,8.408163,D,P,92151.000000
Tue Jul 29 07:12:20 2025,29-Jul-2025,101223,46 34.552800 N,061 54.359900 W,2.9,72.5,A,Primary,Headline,8.408163,D,P,92151.000000
Tue Jul 29 07:12:24 2025,29-Jul-2025,101224,46 34.553000 N,061 54.358900 W,2.9,72.0,A,Depth,Depth,5.370370,D,P,50481.000000
Tue Jul 29 07:12:25 2025,29-Jul-2025,101225,46 34.553300 N,061 54.357900 W,2.9,71.3,A,DoorSpread,DoorMaster,1.655000,D,S,299972.000000
Tue Jul 29 07:12:25 2025,29-Jul-2025,101226,46 34.553600 N,061 54.356800 W,2.9,70.9,A,Primary,Headline,21.816327,D,S,92586.000000
Tue Jul 29 07:12:25 2025,29-Jul-2025,101227,46 34.553800 N,061 54.355700 W,2.9,70.4,A,Primary,Headline,21.816327,D,S,92586.000000
Tue Jul 29 07:12:25 2025,29-Jul-2025,101228,46 34.554000 N,061 54.354700 W,2.8,70.1,A,Primary,Headline,21.816327,D,S,92586.000000
Tue Jul 29 07:12:25 2025,29-Jul-2025,101229,46 34.554300 N,061 54.353800 W,2.8,69.6,A,Primary,Headline,21.816327,D,S,92586.000000
Tue Jul 29 07:12:30 2025,29-Jul-2025,101230,46 34.554400 N,061 54.352700 W,2.8,70.0,A,DoorSpread,DoorMaster,1.460000,D,P,635649.000000
Tue Jul 29 07:12:31 2025,29-Jul-2025,101231,46 34.554600 N,061 54.351600 W,2.8,70.3,A,Primary,Headline,47.979592,D,P,80684.000000
Tue Jul 29 07:12:31 2025,29-Jul-2025,101232,46 34.554900 N,061 54.350500 W,2.9,70.4,A,Primary,Headline,47.979592,D,P,80684.000000
Tue Jul 29 07:12:31 2025,29-Jul-2025,101233,46 34.555300 N,061 54.349400 W,2.9,70.1,A,Primary,Headline,47.979592,D,P,80684.000000
Tue Jul 29 07:12:31 2025,29-Jul-2025,101234,46 34.555600 N,061 54.348300 W,2.9,70.1,A,Primary,Headline,47.979592,D,P,80684.000000
Tue Jul 29 07:12:31 2025,29-Jul-2025,101235,46 34.555800 N,061 54.347200 W,2.9,70.4,A,Primary,Headline,47.979592,D,P,80684.000000
Tue Jul 29 07:12:31 2025,29-Jul-2025,101236,46 34.556000 N,061 54.346100 W,2.8,70.6,A,Primary,Headline,47.979592,D,P,80684.000000
Tue Jul 29 07:12:37 2025,29-Jul-2025,101237,46 34.556300 N,061 54.344900 W,2.9,70.6,A,Primary,Headline,49.061224,D,P,72677.000000
Tue Jul 29 07:12:38 2025,29-Jul-2025,101238,46 34.556700 N,061 54.343800 W,2.8,70.5,A,Depth,Depth,18.425926,D,S,42925.000000
Tue Jul 29 07:12:38 2025,29-Jul-2025,101239,46 34.557000 N,061 54.342800 W,2.8,70.0,A,Depth,Depth,18.425926,D,S,42925.000000
Tue Jul 29 07:12:38 2025,29-Jul-2025,101240,46 34.557400 N,061 54.341700 W,2.8,69.6,A,Depth,Depth,18.425926,D,S,42925.000000
Tue Jul 29 07:12:40 2025,29-Jul-2025,101241,46 34.557600 N,061 54.340600 W,2.8,69.5,A,DoorSpread,DoorMaster,1.935000,D,P,857999.000000
Tue Jul 29 07:12:42 2025,29-Jul-2025,101242,46 34.557800 N,061 54.339600 W,2.8,69.6,A,Primary,Headline,3.408163,D,S,73210.000000
Tue Jul 29 07:12:42 2025,29-Jul-2025,101243,46 34.558000 N,061 54.338600 W,2.9,70.2,A,Primary,Headline,3.408163,D,S,73210.000000
Tue Jul 29 07:12:42 2025,29-Jul-2025,101244,46 34.558100 N,061 54.337600 W,2.8,70.7,A,Primary,Headline,3.408163,D,S,73210.000000
Tue Jul 29 07:12:45 2025,29-Jul-2025,101245,46 34.558300 N,061 54.336600 W,2.8,71.0,A,Depth,Depth,21.574074,D,P,42820.000000
Tue Jul 29 07:12:46 2025,29-Jul-2025,101246,46 34.558500 N,061 54.335400 W,2.9,71.2,A,DoorSpread,DoorMaster,2.115000,D,S,241460.000000
Tue Jul 29 07:12:47 2025,29-Jul-2025,101247,46 34.558800 N,061 54.334200 W,3.0,71.0,A,Primary,Headline,4.244898,D,S,99180.000000
Tue Jul 29 07:12:47 2025,29-Jul-2025,101248,46 34.559100 N,061 54.332900 W,3.1,70.9,A,Primary,Headline,4.244898,D,S,99180.000000
Tue Jul 29 07:12:47 2025,29-Jul-2025,101249,46 34.559400 N,061 54.331300 W,3.3,71.4,A,Primary,Headline,4.244898,D,S,99180.000000
Tue Jul 29 07:12:47 2025,29-Jul-2025,101250,46 34.559600 N,061 54.329800 W,3.4,72.0,A,Primary,Headline,4.244898,D,S,99180.000000
Tue Jul 29 07:12:51 2025,29-Jul-2025,101251,46 34.559900 N,061 54.328400 W,3.5,72.1,A,DoorSpread,DoorMaster,2.455000,D,S,971518.000000
Tue Jul 29 07:12:52 2025,29-Jul-2025,101252,46 34.560200 N,061 54.326800 W,3.6,72.2,A,Depth,Depth,27.129630,D,P,34982.000000
Tue Jul 29 07:12:52 2025,29-Jul-2025,101253,46 34.560500 N,061 54.325200 W,3.7,72.1,A,Primary,Headline,22.714286,D,P,148871.000000
Tue Jul 29 07:12:52 2025,29-Jul-2025,101254,46 34.560800 N,061 54.323400 W,3.9,73.0,A,Primary,Headline,22.714286,D,P,148871.000000
Tue Jul 29 07:12:52 2025,29-Jul-2025,101255,46 34.560800 N,061 54.321400 W,4.1,74.8,A,Primary,Headline,22.714286,D,P,148871.000000
Tue Jul 29 07:12:52 2025,29-Jul-2025,101256,46 34.560900 N,061 54.319500 W,4.2,75.2,A,Primary,Headline,22.714286,D,P,148871.000000
Tue Jul 29 07:12:56 2025,29-Jul-2025,101257,46 34.561300 N,061 54.317700 W,4.3,74.8,A,DoorSpread,DoorMaster,2.185000,D,S,407786.000000
Tue Jul 29 07:12:57 2025,29-Jul-2025,101258,46 34.561800 N,061 54.316100 W,4.4,73.3,A,Primary,Headline,3.551020,D,S,85717.000000
Tue Jul 29 07:12:59 2025,29-Jul-2025,101259,46 34.562400 N,061 54.314400 W,4.5,72.0,A,Depth,Depth,3.796296,D,S,45101.000000
Tue Jul 29 07:12:59 2025,29-Jul-2025,101300,46 34.562900 N,061 54.312700 W,4.5,70.9,A,Depth,Depth,3.796296,D,S,45101.000000
Tue Jul 29 07:12:59 2025,29-Jul-2025,101301,46 34.563500 N,061 54.310900 W,4.6,69.9,A,Depth,Depth,3.796296,D,S,45101.000000
Tue Jul 29 07:13:01 2025,29-Jul-2025,101302,46 34.564000 N,061 54.309000 W,4.7,69.3,A,DoorSpread,DoorMaster,2.505000,D,S,854101.000000
Tue Jul 29 07:13:02 2025,29-Jul-2025,101303,46 34.564400 N,061 54.307000 W,4.8,68.9,A,Primary,Headline,3.387755,D,S,134680.000000
Tue Jul 29 07:13:02 2025,29-Jul-2025,101304,46 34.564900 N,061 54.305100 W,4.8,68.6,A,Primary,Headline,3.387755,D,S,134680.000000
Tue Jul 29 07:13:02 2025,29-Jul-2025,101305,46 34.565400 N,061 54.303200 W,4.9,68.4,A,Primary,Headline,3.387755,D,S,134680.000000
Tue Jul 29 07:13:06 2025,29-Jul-2025,101306,46 34.565900 N,061 54.301200 W,5.0,68.2,A,Depth,Depth,28.611111,D,S,32195.000000
Tue Jul 29 07:13:06 2025,29-Jul-2025,101307,46 34.566500 N,061 54.299200 W,5.1,68.1,A,Depth,Depth,28.611111,D,S,32195.000000
Tue Jul 29 07:13:08 2025,29-Jul-2025,101308,46 34.567000 N,061 54.297100 W,5.2,68.1,A,DoorSpread,DoorMaster,17.800000,D,S,648728.000000
Tue Jul 29 07:13:08 2025,29-Jul-2025,101309,46 34.567500 N,061 54.295000 W,5.2,68.1,A,DoorSpread,DoorMaster,17.800000,D,S,648728.000000
Tue Jul 29 07:13:08 2025,29-Jul-2025,101310,46 34.568000 N,061 54.292900 W,5.2,68.1,A,DoorSpread,DoorMaster,17.800000,D,S,648728.000000
Tue Jul 29 07:13:08 2025,29-Jul-2025,101311,46 34.568500 N,061 54.290700 W,5.3,68.2,A,DoorSpread,DoorMaster,17.800000,D,S,648728.000000
Tue Jul 29 07:13:08 2025,29-Jul-2025,101312,46 34.569000 N,061 54.288700 W,5.3,68.4,A,DoorSpread,DoorMaster,17.800000,D,S,648728.000000
Tue Jul 29 07:13:13 2025,29-Jul-2025,101313,46 34.569500 N,061 54.286600 W,5.3,68.5,A,Depth,Depth,44.259259,D,S,18001.000000
Tue Jul 29 07:13:13 2025,29-Jul-2025,101314,46 34.570000 N,061 54.284300 W,5.4,68.9,A,Depth,Depth,44.259259,D,S,18001.000000
Tue Jul 29 07:13:13 2025,29-Jul-2025,101315,46 34.570500 N,061 54.282200 W,5.4,68.9,A,Depth,Depth,44.259259,D,S,18001.000000
Tue Jul 29 07:13:13 2025,29-Jul-2025,101316,46 34.571000 N,061 54.280100 W,5.4,69.2,A,Depth,Depth,44.259259,D,S,18001.000000
Tue Jul 29 07:13:13 2025,29-Jul-2025,101317,46 34.571400 N,061 54.278000 W,5.5,69.4,A,Depth,Depth,44.259259,D,S,18001.000000
Tue Jul 29 07:13:13 2025,29-Jul-2025,101318,46 34.572000 N,061 54.275900 W,5.5,69.6,A,Depth,Depth,44.259259,D,S,18001.000000
Tue Jul 29 07:13:18 2025,29-Jul-2025,101319,46 34.572600 N,061 54.274000 W,5.5,69.7,A,Primary,Headline,39.979592,D,S,115834.000000
Tue Jul 29 07:13:18 2025,29-Jul-2025,101320,46 34.573300 N,061 54.271900 W,5.5,70.0,A,Primary,Headline,39.979592,D,S,115834.000000
Tue Jul 29 07:13:18 2025,29-Jul-2025,101321,46 34.573900 N,061 54.269900 W,5.5,70.2,A,Primary,Headline,39.979592,D,S,115834.000000
Tue Jul 29 07:13:18 2025,29-Jul-2025,101322,46 34.574500 N,061 54.268000 W,5.5,70.3,A,Primary,Headline,39.979592,D,S,115834.000000
Tue Jul 29 07:13:18 2025,29-Jul-2025,101323,46 34.575100 N,061 54.266000 W,5.5,70.5,A,Primary,Headline,39.979592,D,S,115834.000000
Tue Jul 29 07:13:18 2025,29-Jul-2025,101324,46 34.575600 N,061 54.263900 W,5.4,70.8,A,Primary,Headline,39.979592,D,S,115834.000000
Tue Jul 29 07:13:24 2025,29-Jul-2025,101325,46 34.576100 N,061 54.261900 W,5.5,70.9,A,Primary,Headline,43.081633,D,P,80814.000000
Tue Jul 29 07:13:24 2025,29-Jul-2025,101326,46 34.576700 N,061 54.259800 W,5.5,71.1,A,Primary,Headline,43.081633,D,P,80814.000000
Tue Jul 29 07:13:24 2025,29-Jul-2025,101327,46 34.577200 N,061 54.257700 W,5.4,71.1,A,Primary,Headline,43.081633,D,P,80814.000000
Tue Jul 29 07:13:24 2025,29-Jul-2025,101328,46 34.577900 N,061 54.255600 W,5.4,71.0,A,Primary,Headline,43.081633,D,P,80814.000000
Tue Jul 29 07:13:24 2025,29-Jul-2025,101329,46 34.578500 N,061 54.253600 W,5.4,70.6,A,Primary,Headline,43.081633,D,P,80814.000000
Tue Jul 29 07:13:29 2025,29-Jul-2025,101330,46 34.579200 N,061 54.251700 W,5.4,70.2,A,Primary,Headline,14.877551,D,P,28269.000000
Tue Jul 29 07:13:29 2025,29-Jul-2025,101331,46 34.579800 N,061 54.249800 W,5.4,70.0,A,Primary,Headline,14.877551,D,P,28269.000000
Tue Jul 29 07:13:29 2025,29-Jul-2025,101332,46 34.580400 N,061 54.247800 W,5.3,69.9,A,Primary,Headline,14.877551,D,P,28269.000000
Tue Jul 29 07:13:29 2025,29-Jul-2025,101333,46 34.581000 N,061 54.245800 W,5.3,69.9,A,Primary,Headline,14.877551,D,P,28269.000000
Tue Jul 29 07:13:29 2025,29-Jul-2025,101334,46 34.581500 N,061 54.243700 W,5.3,69.8,A,Primary,Headline,14.877551,D,P,28269.000000
Tue Jul 29 07:13:35 2025,29-Jul-2025,101335,46 34.582100 N,061 54.241700 W,5.3,69.9,A,Primary,Headline,38.612245,D,S,85849.000000
Tue Jul 29 07:13:35 2025,29-Jul-2025,101336,46 34.582700 N,061 54.239700 W,5.3,69.8,A,Primary,Headline,38.612245,D,S,85849.000000
Tue Jul 29 07:13:35 2025,29-Jul-2025,101337,46 34.583200 N,061 54.237800 W,5.3,69.8,A,Primary,Headline,38.612245,D,S,85849.000000
Tue Jul 29 07:13:35 2025,29-Jul-2025,101338,46 34.583600 N,061 54.235800 W,5.3,70.0,A,Primary,Headline,38.612245,D,S,85849.000000
Tue Jul 29 07:13:35 2025,29-Jul-2025,101339,46 34.584100 N,061 54.233900 W,5.3,70.2,A,Primary,Headline,38.612245,D,S,85849.000000
Tue Jul 29 07:13:35 2025,29-Jul-2025,101340,46 34.584600 N,061 54.231900 W,5.3,70.5,A,Primary,Headline,38.612245,D,S,85849.000000
Tue Jul 29 07:13:41 2025,29-Jul-2025,101341,46 34.585100 N,061 54.230000 W,5.2,70.7,A,Primary,Headline,46.469388,D,P,18308.000000
Tue Jul 29 07:13:41 2025,29-Jul-2025,101342,46 34.585600 N,061 54.228100 W,5.2,70.8,A,Depth,Depth,12.777778,D,S,52461.000000
Tue Jul 29 07:13:41 2025,29-Jul-2025,101343,46 34.586100 N,061 54.226200 W,5.2,70.9,A,Depth,Depth,12.777778,D,S,52461.000000
Tue Jul 29 07:13:41 2025,29-Jul-2025,101344,46 34.586600 N,061 54.224300 W,5.2,71.0,A,Depth,Depth,12.777778,D,S,52461.000000
Tue Jul 29 07:13:41 2025,29-Jul-2025,101345,46 34.587100 N,061 54.222400 W,5.2,71.1,A,Depth,Depth,12.777778,D,S,52461.000000
Tue Jul 29 07:13:41 2025,29-Jul-2025,101346,46 34.587600 N,061 54.220500 W,5.1,71.2,A,Depth,Depth,12.777778,D,S,52461.000000
Tue Jul 29 07:13:46 2025,29-Jul-2025,101347,46 34.588000 N,061 54.218600 W,5.1,71.5,A,Primary,Headline,30.857143,D,P,42125.000000
Tue Jul 29 07:13:46 2025,29-Jul-2025,101348,46 34.588400 N,061 54.216600 W,5.1,71.6,A,Primary,Headline,30.857143,D,P,42125.000000
Tue Jul 29 07:13:49 2025,29-Jul-2025,101349,46 34.588900 N,061 54.214700 W,5.1,71.7,A,DoorSpread,DoorMaster,4.770000,D,P,240749.000000
Tue Jul 29 07:13:49 2025,29-Jul-2025,101350,46 34.589400 N,061 54.212800 W,5.1,71.7,A,DoorSpread,DoorMaster,4.770000,D,P,240749.000000
Tue Jul 29 07:13:49 2025,29-Jul-2025,101351,46 34.589900 N,061 54.211000 W,5.1,71.7,A,DoorSpread,DoorMaster,4.770000,D,P,240749.000000
Tue Jul 29 07:13:52 2025,29-Jul-2025,101352,46 34.590400 N,061 54.209100 W,5.1,71.6,A,Primary,Headline,27.204082,D,S,75367.000000
Tue Jul 29 07:13:52 2025,29-Jul-2025,101353,46 34.590900 N,061 54.207300 W,5.1,71.6,A,Primary,Headline,27.204082,D,S,75367.000000
Tue Jul 29 07:13:52 2025,29-Jul-2025,101354,46 34.591400 N,061 54.205400 W,5.0,71.6,A,Primary,Headline,27.204082,D,S,75367.000000
Tue Jul 29 07:13:52 2025,29-Jul-2025,101355,46 34.591800 N,061 54.203600 W,5.0,72.0,A,Primary,Headline,27.204082,D,S,75367.000000
Tue Jul 29 07:13:55 2025,29-Jul-2025,101356,46 34.592200 N,061 54.201600 W,5.1,72.3,A,Depth,Depth,20.462963,D,S,43513.000000
Tue Jul 29 07:13:55 2025,29-Jul-2025,101357,46 34.592700 N,061 54.199600 W,5.1,72.6,A,Depth,Depth,20.462963,D,S,43513.000000
Tue Jul 29 07:13:57 2025,29-Jul-2025,101358,46 34.593200 N,061 54.197600 W,5.1,72.6,A,Primary,Headline,37.224490,D,P,48015.000000
Tue Jul 29 07:13:57 2025,29-Jul-2025,101359,46 34.593600 N,061 54.195700 W,5.0,72.5,A,Primary,Headline,37.224490,D,P,48015.000000
Tue Jul 29 07:13:57 2025,29-Jul-2025,101400,46 34.594100 N,061 54.193900 W,5.0,72.5,A,Primary,Headline,37.224490,D,P,48015.000000
Tue Jul 29 07:13:57 2025,29-Jul-2025,101401,46 34.594400 N,061 54.192000 W,5.0,72.6,A,Primary,Headline,37.224490,D,P,48015.000000
Tue Jul 29 07:13:57 2025,29-Jul-2025,101402,46 34.594800 N,061 54.190100 W,5.0,72.8,A,Primary,Headline,37.224490,D,P,48015.000000
Tue Jul 29 07:14:03 2025,29-Jul-2025,101403,46 34.595200 N,061 54.188100 W,5.0,72.9,A,Primary,Headline,39.510204,D,P,48710.000000
Tue Jul 29 07:14:03 2025,29-Jul-2025,101404,46 34.595500 N,061 54.186200 W,5.0,73.0,A,Primary,Headline,39.510204,D,P,48710.000000
Tue Jul 29 07:14:04 2025,29-Jul-2025,101405,46 34.595900 N,061 54.184400 W,5.0,73.3,A,DoorSpread,DoorMaster,4.465000,D,S,257715.000000
Tue Jul 29 07:14:04 2025,29-Jul-2025,101406,46 34.596300 N,061 54.182500 W,5.0,73.6,A,DoorSpread,DoorMaster,4.465000,D,S,257715.000000
Tue Jul 29 07:14:04 2025,29-Jul-2025,101407,46 34.596700 N,061 54.180500 W,5.0,73.7,A,DoorSpread,DoorMaster,4.465000,D,S,257715.000000
Tue Jul 29 07:14:04 2025,29-Jul-2025,101408,46 34.597200 N,061 54.178700 W,4.9,73.7,A,DoorSpread,DoorMaster,4.465000,D,S,257715.000000
Tue Jul 29 07:14:08 2025,29-Jul-2025,101409,46 34.597600 N,061 54.177000 W,4.9,73.8,A,Primary,Headline,21.387755,D,S,85176.000000
Tue Jul 29 07:14:10 2025,29-Jul-2025,101410,46 34.598100 N,061 54.175100 W,4.9,73.8,A,DoorSpread,DoorMaster,5.225000,D,P,471896.000000
Tue Jul 29 07:14:10 2025,29-Jul-2025,101411,46 34.598500 N,061 54.173100 W,4.9,73.9,A,DoorSpread,DoorMaster,5.225000,D,P,471896.000000
Tue Jul 29 07:14:10 2025,29-Jul-2025,101412,46 34.598900 N,061 54.171100 W,4.9,74.0,A,DoorSpread,DoorMaster,5.225000,D,P,471896.000000
Tue Jul 29 07:14:10 2025,29-Jul-2025,101413,46 34.599200 N,061 54.169200 W,4.9,74.1,A,DoorSpread,DoorMaster,5.225000,D,P,471896.000000
Tue Jul 29 07:14:13 2025,29-Jul-2025,101414,46 34.599600 N,061 54.167400 W,4.9,73.9,A,Primary,Headline,15.224490,D,P,87004.000000
Tue Jul 29 07:14:13 2025,29-Jul-2025,101415,46 34.600000 N,061 54.165400 W,4.9,73.9,A,Primary,Headline,15.224490,D,P,87004.000000
Tue Jul 29 07:14:13 2025,29-Jul-2025,101416,46 34.600300 N,061 54.163500 W,4.9,73.9,A,Primary,Headline,15.224490,D,P,87004.000000
Tue Jul 29 07:14:16 2025,29-Jul-2025,101417,46 34.600700 N,061 54.161500 W,4.9,74.0,A,Depth,Depth,11.111111,D,S,89161.000000
Tue Jul 29 07:14:16 2025,29-Jul-2025,101418,46 34.601100 N,061 54.159500 W,4.9,74.1,A,Depth,Depth,11.111111,D,S,89161.000000
Tue Jul 29 07:14:19 2025,29-Jul-2025,101419,46 34.601500 N,061 54.157600 W,4.9,73.9,A,Primary,Headline,32.938776,D,S,134757.000000
Tue Jul 29 07:14:19 2025,29-Jul-2025,101420,46 34.601900 N,061 54.155800 W,4.9,73.8,A,Primary,Headline,32.938776,D,S,134757.000000
Tue Jul 29 07:14:19 2025,29-Jul-2025,101421,46 34.602400 N,061 54.153800 W,4.9,73.5,A,Primary,Headline,32.938776,D,S,134757.000000
Tue Jul 29 07:14:19 2025,29-Jul-2025,101422,46 34.602700 N,061 54.151800 W,4.9,73.4,A,Primary,Headline,32.938776,D,S,134757.000000
Tue Jul 29 07:14:19 2025,29-Jul-2025,101423,46 34.603100 N,061 54.149800 W,4.9,73.4,A,Primary,Headline,32.938776,D,S,134757.000000
Tue Jul 29 07:14:24 2025,29-Jul-2025,101424,46 34.603500 N,061 54.147600 W,5.0,73.4,A,Depth,Depth,27.500000,D,S,50672.000000
Tue Jul 29 07:14:24 2025,29-Jul-2025,101425,46 34.603900 N,061 54.145500 W,5.0,73.4,A,Primary,Headline,31.367347,D,S,70478.000000
Tue Jul 29 07:14:24 2025,29-Jul-2025,101426,46 34.604300 N,061 54.143500 W,5.0,73.3,A,Primary,Headline,31.367347,D,S,70478.000000
Tue Jul 29 07:14:24 2025,29-Jul-2025,101427,46 34.604600 N,061 54.141400 W,5.1,73.6,A,Primary,Headline,31.367347,D,S,70478.000000
Tue Jul 29 07:14:24 2025,29-Jul-2025,101428,46 34.604900 N,061 54.139200 W,5.1,74.0,A,Primary,Headline,31.367347,D,S,70478.000000
Tue Jul 29 07:14:24 2025,29-Jul-2025,101429,46 34.605300 N,061 54.137100 W,5.1,74.1,A,Primary,Headline,31.367347,D,S,70478.000000
Tue Jul 29 07:14:30 2025,29-Jul-2025,101430,46 34.605700 N,061 54.135200 W,5.1,74.4,A,Primary,Headline,32.183673,D,S,134412.000000
Tue Jul 29 07:14:31 2025,29-Jul-2025,101431,46 34.605900 N,061 54.133200 W,5.0,74.8,A,Depth,Depth,25.555556,D,S,72722.000000
Tue Jul 29 07:14:31 2025,29-Jul-2025,101432,46 34.606200 N,061 54.131400 W,5.0,75.0,A,Depth,Depth,25.555556,D,S,72722.000000
Tue Jul 29 07:14:31 2025,29-Jul-2025,101433,46 34.606600 N,061 54.129600 W,5.0,74.8,A,Depth,Depth,25.555556,D,S,72722.000000
Tue Jul 29 07:14:31 2025,29-Jul-2025,101434,46 34.607000 N,061 54.127800 W,4.9,74.8,A,Depth,Depth,25.555556,D,S,72722.000000
Tue Jul 29 07:14:31 2025,29-Jul-2025,101435,46 34.607200 N,061 54.126100 W,4.8,74.8,A,Depth,Depth,25.555556,D,S,72722.000000
Tue Jul 29 07:14:35 2025,29-Jul-2025,101436,46 34.607600 N,061 54.124300 W,4.8,74.5,A,Primary,Headline,7.795918,D,P,58730.000000
Tue Jul 29 07:14:35 2025,29-Jul-2025,101437,46 34.608000 N,061 54.122500 W,4.8,74.2,A,Primary,Headline,7.795918,D,P,58730.000000
Tue Jul 29 07:14:38 2025,29-Jul-2025,101438,46 34.608400 N,061 54.120700 W,4.8,74.2,A,Depth,Depth,27.685185,D,S,93387.000000
Tue Jul 29 07:14:38 2025,29-Jul-2025,101439,46 34.608900 N,061 54.118900 W,4.8,73.5,A,Depth,Depth,27.685185,D,S,93387.000000
Tue Jul 29 07:14:38 2025,29-Jul-2025,101440,46 34.609400 N,061 54.117100 W,4.8,73.0,A,Depth,Depth,27.685185,D,S,93387.000000
Tue Jul 29 07:14:41 2025,29-Jul-2025,101441,46 34.609800 N,061 54.115300 W,4.8,72.7,A,Primary,Headline,27.755102,D,P,72903.000000
Tue Jul 29 07:14:41 2025,29-Jul-2025,101442,46 34.610200 N,061 54.113500 W,4.8,72.8,A,Primary,Headline,27.755102,D,P,72903.000000
Tue Jul 29 07:14:41 2025,29-Jul-2025,101443,46 34.610600 N,061 54.111600 W,4.8,73.1,A,Primary,Headline,27.755102,D,P,72903.000000
Tue Jul 29 07:14:41 2025,29-Jul-2025,101444,46 34.610900 N,061 54.109800 W,4.8,73.3,A,Primary,Headline,27.755102,D,P,72903.000000
Tue Jul 29 07:14:45 2025,29-Jul-2025,101445,46 34.611300 N,061 54.107800 W,4.8,73.7,A,Depth,Depth,32.870370,D,S,51873.000000
Tue Jul 29 07:14:45 2025,29-Jul-2025,101446,46 34.611500 N,061 54.105900 W,4.8,74.0,A,Depth,Depth,32.870370,D,S,51873.000000
Tue Jul 29 07:14:46 2025,29-Jul-2025,101447,46 34.611800 N,061 54.104000 W,4.8,74.2,A,Primary,Headline,57.836735,D,S,110063.000000
Tue Jul 29 07:14:46 2025,29-Jul-2025,101448,46 34.612200 N,061 54.102300 W,4.8,73.8,A,Primary,Headline,57.836735,D,S,110063.000000
Tue Jul 29 07:14:46 2025,29-Jul-2025,101449,46 34.612600 N,061 54.100500 W,4.8,73.7,A,Primary,Headline,57.836735,D,S,110063.000000
Tue Jul 29 07:14:46 2025,29-Jul-2025,101450,46 34.612900 N,061 54.098800 W,4.7,73.6,A,Primary,Headline,57.836735,D,S,110063.000000
Tue Jul 29 07:14:50 2025,29-Jul-2025,101451,46 34.613200 N,061 54.097000 W,4.7,73.7,A,DoorSpread,DoorMaster,5.460000,D,S,418932.000000
Tue Jul 29 07:14:52 2025,29-Jul-2025,101452,46 34.613600 N,061 54.095100 W,4.7,73.5,A,Depth,Depth,30.648148,D,P,41101.000000
Tue Jul 29 07:14:52 2025,29-Jul-2025,101453,46 34.613900 N,061 54.093300 W,4.7,73.6,A,Depth,Depth,49.814815,D,S,42498.000000
Tue Jul 29 07:14:52 2025,29-Jul-2025,101454,46 34.614100 N,061 54.091500 W,4.7,74.0,A,Depth,Depth,49.814815,D,S,42498.000000
Tue Jul 29 07:14:52 2025,29-Jul-2025,101455,46 34.614500 N,061 54.089700 W,4.7,73.9,A,Depth,Depth,49.814815,D,S,42498.000000
Tue Jul 29 07:14:56 2025,29-Jul-2025,101456,46 34.614800 N,061 54.087900 W,4.7,73.7,A,DoorSpread,DoorMaster,6.395000,D,S,493084.000000
Tue Jul 29 07:14:56 2025,29-Jul-2025,101457,46 34.615200 N,061 54.086100 W,4.7,73.7,A,DoorSpread,DoorMaster,6.395000,D,S,493084.000000
Tue Jul 29 07:14:57 2025,29-Jul-2025,101458,46 34.615600 N,061 54.084300 W,4.6,73.9,A,Primary,Headline,23.510204,D,S,78662.000000
Tue Jul 29 07:14:57 2025,29-Jul-2025,101459,46 34.615800 N,061 54.082400 W,4.6,73.9,A,Primary,Headline,23.510204,D,S,78662.000000
Tue Jul 29 07:14:59 2025,29-Jul-2025,101500,46 34.616100 N,061 54.080600 W,4.6,73.9,A,Depth,Depth,28.611111,D,P,57458.000000
Tue Jul 29 07:14:59 2025,29-Jul-2025,101501,46 34.616300 N,061 54.078700 W,4.6,74.1,A,Depth,Depth,28.611111,D,P,57458.000000
Tue Jul 29 07:14:59 2025,29-Jul-2025,101502,46 34.616600 N,061 54.076800 W,4.6,74.3,A,Depth,Depth,28.611111,D,P,57458.000000
Tue Jul 29 07:15:03 2025,29-Jul-2025,101503,46 34.616900 N,061 54.074900 W,4.7,74.4,A,Primary,Headline,22.591837,D,S,79088.000000
Tue Jul 29 07:15:03 2025,29-Jul-2025,101504,46 34.617200 N,061 54.073000 W,4.7,74.5,A,Primary,Headline,22.591837,D,S,79088.000000
Tue Jul 29 07:15:03 2025,29-Jul-2025,101505,46 34.617600 N,061 54.071100 W,4.7,74.6,A,Primary,Headline,22.591837,D,S,79088.000000
Tue Jul 29 07:15:03 2025,29-Jul-2025,101506,46 34.617900 N,061 54.069200 W,4.7,74.7,A,Primary,Headline,22.591837,D,S,79088.000000
Tue Jul 29 07:15:06 2025,29-Jul-2025,101507,46 34.618200 N,061 54.067200 W,4.7,74.9,A,Depth,Depth,36.666667,D,P,43138.000000
Tue Jul 29 07:15:08 2025,29-Jul-2025,101508,46 34.618500 N,061 54.065200 W,4.7,75.1,A,Primary,Headline,21.102041,D,P,60324.000000
Tue Jul 29 07:15:08 2025,29-Jul-2025,101509,46 34.618900 N,061 54.063300 W,4.7,75.1,A,Primary,Headline,21.102041,D,P,60324.000000
Tue Jul 29 07:15:08 2025,29-Jul-2025,101510,46 34.619200 N,061 54.061500 W,4.7,75.4,A,Primary,Headline,21.102041,D,P,60324.000000
Tue Jul 29 07:15:08 2025,29-Jul-2025,101511,46 34.619500 N,061 54.059600 W,4.7,75.7,A,Primary,Headline,21.102041,D,P,60324.000000
Tue Jul 29 07:15:08 2025,29-Jul-2025,101512,46 34.619900 N,061 54.057800 W,4.8,75.5,A,Primary,Headline,21.102041,D,P,60324.000000
Tue Jul 29 07:15:13 2025,29-Jul-2025,101513,46 34.620200 N,061 54.056000 W,4.7,75.6,A,Primary,Headline,1.530612,D,P,24810.000000
Tue Jul 29 07:15:14 2025,29-Jul-2025,101514,46 34.620500 N,061 54.054200 W,4.7,75.8,A,Depth,Depth,37.222222,D,S,43084.000000
Tue Jul 29 07:15:14 2025,29-Jul-2025,101515,46 34.620800 N,061 54.052400 W,4.7,76.0,A,Depth,Depth,37.222222,D,S,43084.000000
Tue Jul 29 07:15:16 2025,29-Jul-2025,101516,46 34.621200 N,061 54.050500 W,4.7,76.2,A,DoorSpread,DoorMaster,0.075000,D,S,32295.000000
Tue Jul 29 07:15:16 2025,29-Jul-2025,101517,46 34.621400 N,061 54.048800 W,4.7,76.1,A,DoorSpread,DoorMaster,0.075000,D,S,32295.000000
Tue Jul 29 07:15:16 2025,29-Jul-2025,101518,46 34.621700 N,061 54.047100 W,4.6,76.0,A,DoorSpread,DoorMaster,0.075000,D,S,32295.000000
Tue Jul 29 07:15:18 2025,29-Jul-2025,101519,46 34.622000 N,061 54.045500 W,4.5,76.1,A,Primary,Headline,39.102041,D,P,71549.000000
Tue Jul 29 07:15:18 2025,29-Jul-2025,101520,46 34.622300 N,061 54.043900 W,4.4,75.8,A,Primary,Headline,39.102041,D,P,71549.000000
Tue Jul 29 07:15:21 2025,29-Jul-2025,101521,46 34.622600 N,061 54.042400 W,4.3,75.6,A,Depth,Depth,37.777778,D,P,36507.000000
Tue Jul 29 07:15:22 2025,29-Jul-2025,101522,46 34.622900 N,061 54.041000 W,4.2,75.4,A,DoorSpread,DoorMaster,7.740000,D,P,93759.000000
Tue Jul 29 07:15:22 2025,29-Jul-2025,101523,46 34.623100 N,061 54.039600 W,4.1,75.2,A,DoorSpread,DoorMaster,7.740000,D,P,93759.000000
Tue Jul 29 07:15:24 2025,29-Jul-2025,101524,46 34.623400 N,061 54.038200 W,4.0,75.2,A,Primary,Headline,17.367347,D,P,92150.000000
Tue Jul 29 07:15:24 2025,29-Jul-2025,101525,46 34.623600 N,061 54.036800 W,3.9,75.4,A,Primary,Headline,17.367347,D,P,92150.000000
Tue Jul 29 07:15:24 2025,29-Jul-2025,101526,46 34.623900 N,061 54.035500 W,3.8,75.3,A,Primary,Headline,17.367347,D,P,92150.000000
Tue Jul 29 07:15:24 2025,29-Jul-2025,101527,46 34.624200 N,061 54.034200 W,3.6,75.0,A,Primary,Headline,17.367347,D,P,92150.000000
Tue Jul 29 07:15:28 2025,29-Jul-2025,101528,46 34.624500 N,061 54.033200 W,3.5,74.6,A,Depth,Depth,38.148148,D,P,55577.000000
Tue Jul 29 07:15:28 2025,29-Jul-2025,101529,46 34.624800 N,061 54.032200 W,3.4,74.3,A,Depth,Depth,38.148148,D,P,55577.000000
Tue Jul 29 07:15:29 2025,29-Jul-2025,101530,46 34.625100 N,061 54.031200 W,3.3,74.0,A,Primary,Headline,17.204082,D,S,102851.000000
Tue Jul 29 07:15:29 2025,29-Jul-2025,101531,46 34.625300 N,061 54.030100 W,3.2,73.7,A,Primary,Headline,17.204082,D,S,102851.000000
Tue Jul 29 07:15:29 2025,29-Jul-2025,101532,46 34.625500 N,061 54.029100 W,3.1,73.4,A,Primary,Headline,17.204082,D,S,102851.000000
Tue Jul 29 07:15:29 2025,29-Jul-2025,101533,46 34.625700 N,061 54.028200 W,3.0,73.4,A,Primary,Headline,17.204082,D,S,102851.000000
Tue Jul 29 07:15:29 2025,29-Jul-2025,101534,46 34.625800 N,061 54.027200 W,3.0,73.7,A,Primary,Headline,17.204082,D,S,102851.000000
Tue Jul 29 07:15:35 2025,29-Jul-2025,101535,46 34.625900 N,061 54.026200 W,2.9,74.0,A,Primary,Headline,15.530612,D,P,55961.000000
Tue Jul 29 07:15:35 2025,29-Jul-2025,101536,46 34.626000 N,061 54.025200 W,2.9,74.4,A,Depth,Depth,40.092593,D,P,93558.000000
Tue Jul 29 07:15:35 2025,29-Jul-2025,101537,46 34.626100 N,061 54.024300 W,2.7,74.7,A,Depth,Depth,40.092593,D,P,93558.000000
Tue Jul 29 07:15:35 2025,29-Jul-2025,101538,46 34.626400 N,061 54.023500 W,2.7,75.0,A,Depth,Depth,40.092593,D,P,93558.000000
Tue Jul 29 07:15:35 2025,29-Jul-2025,101539,46 34.626600 N,061 54.022600 W,2.7,75.5,A,Depth,Depth,40.092593,D,P,93558.000000
Tue Jul 29 07:15:39 2025,29-Jul-2025,101540,46 34.626800 N,061 54.021600 W,2.6,75.6,A,Primary,Headline,15.591837,D,S,21294.000000
Tue Jul 29 07:15:40 2025,29-Jul-2025,101541,46 34.627100 N,061 54.020900 W,2.5,75.7,A,Secondary,Headline,3.530612,D,P,18472.000000
Tue Jul 29 07:15:40 2025,29-Jul-2025,101542,46 34.627500 N,061 54.020300 W,2.5,75.6,A,Secondary,Headline,3.530612,D,P,18472.000000
Tue Jul 29 07:15:40 2025,29-Jul-2025,101543,46 34.627700 N,061 54.019600 W,2.4,75.5,A,Secondary,Headline,3.530612,D,P,18472.000000
Tue Jul 29 07:15:40 2025,29-Jul-2025,101544,46 34.627900 N,061 54.018900 W,2.3,75.1,A,Secondary,Headline,3.530612,D,P,18472.000000
Tue Jul 29 07:15:45 2025,29-Jul-2025,101545,46 34.628100 N,061 54.018200 W,2.3,74.6,A,Primary,Headline,12.877551,D,S,86741.000000
Tue Jul 29 07:15:45 2025,29-Jul-2025,101546,46 34.628300 N,061 54.017300 W,2.3,74.3,A,Primary,Headline,12.877551,D,S,86741.000000
Tue Jul 29 07:15:45 2025,29-Jul-2025,101547,46 34.628500 N,061 54.016500 W,2.3,74.0,A,Primary,Headline,12.877551,D,S,86741.000000
Tue Jul 29 07:15:45 2025,29-Jul-2025,101548,46 34.628700 N,061 54.015600 W,2.3,73.4,A,Primary,Headline,12.877551,D,S,86741.000000
Tue Jul 29 07:15:45 2025,29-Jul-2025,101549,46 34.628900 N,061 54.014600 W,2.4,73.3,A,Primary,Headline,12.877551,D,S,86741.000000
Tue Jul 29 07:15:45 2025,29-Jul-2025,101550,46 34.629000 N,061 54.013600 W,2.3,73.2,A,Primary,Headline,12.877551,D,S,86741.000000
Tue Jul 29 07:15:45 2025,29-Jul-2025,101551,46 34.629200 N,061 54.012700 W,2.3,73.2,A,Primary,Headline,12.877551,D,S,86741.000000
Tue Jul 29 07:15:45 2025,29-Jul-2025,101552,46 34.629400 N,061 54.011900 W,2.3,73.2,A,Primary,Headline,12.877551,D,S,86741.000000
Tue Jul 29 07:15:52 2025,29-Jul-2025,101553,46 34.629700 N,061 54.011100 W,2.3,72.7,A,FishCount,Headline,5.340136,D,S,81483.000000
Tue Jul 29 07:15:52 2025,29-Jul-2025,101554,46 34.629900 N,061 54.010300 W,2.3,72.5,A,FishCount,Headline,5.340136,D,S,81483.000000
Tue Jul 29 07:15:52 2025,29-Jul-2025,101555,46 34.630100 N,061 54.009600 W,2.2,72.4,A,FishCount,Headline,5.340136,D,S,81483.000000
Tue Jul 29 07:15:52 2025,29-Jul-2025,101556,46 34.630300 N,061 54.009000 W,2.1,72.1,A,FishCount,Headline,5.340136,D,S,81483.000000
Tue Jul 29 07:15:52 2025,29-Jul-2025,101557,46 34.630400 N,061 54.008300 W,2.2,72.1,A,FishCount,Headline,5.340136,D,S,81483.000000
Tue Jul 29 07:15:58 2025,29-Jul-2025,101558,46 34.630600 N,061 54.007400 W,2.2,72.1,A,Primary,Headline,36.591837,D,S,111092.000000
Tue Jul 29 07:15:58 2025,29-Jul-2025,101559,46 34.630800 N,061 54.006700 W,2.2,71.9,A,Primary,Headline,36.591837,D,S,111092.000000
Tue Jul 29 07:15:58 2025,29-Jul-2025,101600,46 34.631100 N,061 54.006100 W,2.1,71.6,A,Primary,Headline,36.591837,D,S,111092.000000
Tue Jul 29 07:16:00 2025,29-Jul-2025,101601,46 34.631300 N,061 54.005400 W,2.1,71.1,A,Primary,Headline,44.877551,D,P,13044.000000
Tue Jul 29 07:16:00 2025,29-Jul-2025,101602,46 34.631500 N,061 54.004700 W,2.1,70.8,A,Primary,Headline,44.877551,D,P,13044.000000
Tue Jul 29 07:16:00 2025,29-Jul-2025,101603,46 34.631700 N,061 54.004000 W,2.1,71.1,A,Primary,Headline,44.877551,D,P,13044.000000
Tue Jul 29 07:16:00 2025,29-Jul-2025,101604,46 34.631700 N,061 54.003200 W,2.0,71.3,A,Primary,Headline,44.877551,D,P,13044.000000
Tue Jul 29 07:16:00 2025,29-Jul-2025,101605,46 34.632000 N,061 54.002500 W,2.1,70.9,A,Primary,Headline,44.877551,D,P,13044.000000
Tue Jul 29 07:16:00 2025,29-Jul-2025,101606,46 34.632100 N,061 54.001700 W,2.1,70.9,A,Primary,Headline,44.877551,D,P,13044.000000
Tue Jul 29 07:16:00 2025,29-Jul-2025,101607,46 34.632300 N,061 54.000900 W,2.1,71.0,A,Primary,Headline,44.877551,D,P,13044.000000
Tue Jul 29 07:16:00 2025,29-Jul-2025,101608,46 34.632400 N,061 54.000000 W,2.1,71.3,A,Primary,Headline,44.877551,D,P,13044.000000
Tue Jul 29 07:16:00 2025,29-Jul-2025,101609,46 34.632600 N,061 53.999100 W,2.1,71.7,A,Primary,Headline,44.877551,D,P,13044.000000
Tue Jul 29 07:16:00 2025,29-Jul-2025,101610,46 34.632800 N,061 53.998200 W,2.1,72.0,A,Primary,Headline,44.877551,D,P,13044.000000
Tue Jul 29 07:16:00 2025,29-Jul-2025,101611,46 34.632800 N,061 53.997500 W,2.1,72.0,A,Primary,Headline,44.877551,D,P,13044.000000
Tue Jul 29 07:16:00 2025,29-Jul-2025,101612,46 34.633000 N,061 53.996800 W,2.0,72.1,A,Primary,Headline,44.877551,D,P,13044.000000
Tue Jul 29 07:16:00 2025,29-Jul-2025,101613,46 34.633100 N,061 53.996000 W,2.0,72.3,A,Primary,Headline,44.877551,D,P,13044.000000
Tue Jul 29 07:16:00 2025,29-Jul-2025,101614,46 34.633200 N,061 53.995200 W,2.0,72.3,A,Primary,Headline,44.877551,D,P,13044.000000
Tue Jul 29 07:16:00 2025,29-Jul-2025,101615,46 34.633400 N,061 53.994500 W,2.0,72.2,A,Primary,Headline,44.877551,D,P,13044.000000
Tue Jul 29 07:16:00 2025,29-Jul-2025,101616,46 34.633500 N,061 53.993700 W,2.0,72.5,A,Primary,Headline,44.877551,D,P,13044.000000
Tue Jul 29 07:16:00 2025,29-Jul-2025,101617,46 34.633500 N,061 53.993000 W,2.0,72.8,A,Primary,Headline,44.877551,D,P,13044.000000
Tue Jul 29 07:16:00 2025,29-Jul-2025,101618,46 34.633600 N,061 53.992200 W,2.1,73.2,A,Primary,Headline,44.877551,D,P,13044.000000
Tue Jul 29 07:16:00 2025,29-Jul-2025,101619,46 34.633600 N,061 53.991400 W,2.1,73.7,A,Primary,Headline,44.877551,D,P,13044.000000
Tue Jul 29 07:16:00 2025,29-Jul-2025,101620,46 34.633600 N,061 53.990600 W,2.0,74.1,A,Primary,Headline,44.877551,D,P,13044.000000
Tue Jul 29 07:16:00 2025,29-Jul-2025,101621,46 34.633600 N,061 53.989900 W,2.1,74.3,A,Primary,Headline,44.877551,D,P,13044.000000
Tue Jul 29 07:16:00 2025,29-Jul-2025,101622,46 34.633700 N,061 53.989000 W,2.0,74.5,A,Primary,Headline,44.877551,D,P,13044.000000
Tue Jul 29 07:16:00 2025,29-Jul-2025,101623,46 34.633800 N,061 53.988100 W,2.1,74.6,A,Primary,Headline,44.877551,D,P,13044.000000
Tue Jul 29 07:16:00 2025,29-Jul-2025,101624,46 34.633900 N,061 53.987200 W,2.1,74.6,A,Primary,Headline,44.877551,D,P,13044.000000
Tue Jul 29 07:16:00 2025,29-Jul-2025,101625,46 34.634000 N,061 53.986400 W,2.1,74.8,A,Primary,Headline,44.877551,D,P,13044.000000
Tue Jul 29 07:16:00 2025,29-Jul-2025,101626,46 34.634000 N,061 53.985400 W,2.2,75.5,A,Primary,Headline,44.877551,D,P,13044.000000
Tue Jul 29 07:16:00 2025,29-Jul-2025,101627,46 34.634100 N,061 53.984600 W,2.1,76.0,A,Primary,Headline,44.877551,D,P,13044.000000
Tue Jul 29 07:16:28 2025,29-Jul-2025,101628,46 34.634200 N,061 53.983900 W,2.1,76.5,A,DoorSpread,DoorMaster,5.450000,D,P,397894.000000
Tue Jul 29 07:16:28 2025,29-Jul-2025,101629,46 34.634500 N,061 53.983100 W,2.1,76.5,A,DoorSpread,DoorMaster,5.450000,D,P,397894.000000
Tue Jul 29 07:16:28 2025,29-Jul-2025,101630,46 34.634700 N,061 53.982200 W,2.1,76.4,A,DoorSpread,DoorMaster,5.450000,D,P,397894.000000
Tue Jul 29 07:16:28 2025,29-Jul-2025,101631,46 34.634900 N,061 53.981400 W,2.1,76.0,A,DoorSpread,DoorMaster,5.450000,D,P,397894.000000
Tue Jul 29 07:16:28 2025,29-Jul-2025,101632,46 34.635100 N,061 53.980600 W,2.1,75.5,A,DoorSpread,DoorMaster,5.450000,D,P,397894.000000
Tue Jul 29 07:16:28 2025,29-Jul-2025,101633,46 34.635300 N,061 53.979700 W,2.1,75.5,A,DoorSpread,DoorMaster,5.450000,D,P,397894.000000
Tue Jul 29 07:16:33 2025,29-Jul-2025,101634,46 34.635500 N,061 53.978900 W,2.1,75.0,A,DoorSpread,DoorMaster,5.315000,D,P,328997.000000
Tue Jul 29 07:16:33 2025,29-Jul-2025,101635,46 34.635700 N,061 53.978100 W,2.1,74.5,A,DoorSpread,DoorMaster,5.315000,D,P,328997.000000
Tue Jul 29 07:16:33 2025,29-Jul-2025,101636,46 34.636000 N,061 53.977300 W,2.1,74.0,A,DoorSpread,DoorMaster,5.315000,D,P,328997.000000
Tue Jul 29 07:16:33 2025,29-Jul-2025,101637,46 34.636200 N,061 53.976600 W,2.1,73.9,A,DoorSpread,DoorMaster,5.315000,D,P,328997.000000
Tue Jul 29 07:16:33 2025,29-Jul-2025,101638,46 34.636300 N,061 53.975800 W,2.1,74.3,A,DoorSpread,DoorMaster,5.315000,D,P,328997.000000
Tue Jul 29 07:16:39 2025,29-Jul-2025,101639,46 34.636400 N,061 53.975000 W,2.1,74.7,A,DoorSpread,DoorMaster,5.550000,D,P,287017.000000
Tue Jul 29 07:16:39 2025,29-Jul-2025,101640,46 34.636600 N,061 53.974200 W,2.1,74.8,A,DoorSpread,DoorMaster,5.550000,D,P,287017.000000
Tue Jul 29 07:16:39 2025,29-Jul-2025,101641,46 34.636900 N,061 53.973400 W,2.1,74.9,A,DoorSpread,DoorMaster,5.550000,D,P,287017.000000
Tue Jul 29 07:16:39 2025,29-Jul-2025,101642,46 34.637100 N,061 53.972700 W,2.0,75.1,A,DoorSpread,DoorMaster,5.550000,D,P,287017.000000
Tue Jul 29 07:16:39 2025,29-Jul-2025,101643,46 34.637200 N,061 53.972000 W,2.0,75.0,A,DoorSpread,DoorMaster,5.550000,D,P,287017.000000
Tue Jul 29 07:16:39 2025,29-Jul-2025,101644,46 34.637500 N,061 53.971300 W,2.0,74.8,A,DoorSpread,DoorMaster,5.550000,D,P,287017.000000
Tue Jul 29 07:16:44 2025,29-Jul-2025,101645,46 34.637700 N,061 53.970400 W,2.0,74.5,A,DoorSpread,DoorMaster,5.470000,D,P,220934.000000
Tue Jul 29 07:16:44 2025,29-Jul-2025,101646,46 34.637900 N,061 53.969500 W,2.0,73.9,A,DoorSpread,DoorMaster,5.470000,D,P,220934.000000
Tue Jul 29 07:16:44 2025,29-Jul-2025,101647,46 34.638100 N,061 53.968700 W,2.0,73.6,A,DoorSpread,DoorMaster,5.470000,D,P,220934.000000
Tue Jul 29 07:16:44 2025,29-Jul-2025,101648,46 34.638300 N,061 53.967800 W,2.0,73.7,A,DoorSpread,DoorMaster,5.470000,D,P,220934.000000
Tue Jul 29 07:16:44 2025,29-Jul-2025,101649,46 34.638500 N,061 53.966900 W,2.0,73.5,A,DoorSpread,DoorMaster,5.470000,D,P,220934.000000
Tue Jul 29 07:16:44 2025,29-Jul-2025,101650,46 34.638700 N,061 53.966200 W,2.1,73.3,A,DoorSpread,DoorMaster,5.470000,D,P,220934.000000
Tue Jul 29 07:16:50 2025,29-Jul-2025,101651,46 34.638900 N,061 53.965300 W,2.1,73.8,A,DoorSpread,DoorMaster,5.555000,D,S,96520.000000
Tue Jul 29 07:16:50 2025,29-Jul-2025,101652,46 34.639000 N,061 53.964400 W,2.1,74.2,A,DoorSpread,DoorMaster,5.555000,D,S,96520.000000
Tue Jul 29 07:16:53 2025,29-Jul-2025,101653,46 34.639300 N,061 53.963500 W,2.2,74.6,A,Secondary,Headline,51.040816,D,P,58093.000000
Tue Jul 29 07:16:53 2025,29-Jul-2025,101654,46 34.639400 N,061 53.962600 W,2.2,74.9,A,Secondary,Headline,51.040816,D,P,58093.000000
Tue Jul 29 07:16:53 2025,29-Jul-2025,101655,46 34.639600 N,061 53.961900 W,2.1,75.0,A,Secondary,Headline,51.040816,D,P,58093.000000
Tue Jul 29 07:16:55 2025,29-Jul-2025,101656,46 34.640000 N,061 53.961200 W,2.2,74.0,A,DoorSpread,DoorMaster,5.340000,D,P,229407.000000
Tue Jul 29 07:16:55 2025,29-Jul-2025,101657,46 34.640400 N,061 53.960500 W,2.2,72.6,A,DoorSpread,DoorMaster,5.340000,D,P,229407.000000
Tue Jul 29 07:16:55 2025,29-Jul-2025,101658,46 34.640700 N,061 53.959800 W,2.1,71.8,A,DoorSpread,DoorMaster,5.340000,D,P,229407.000000
Tue Jul 29 07:16:55 2025,29-Jul-2025,101659,46 34.640900 N,061 53.959100 W,2.1,71.0,A,DoorSpread,DoorMaster,5.340000,D,P,229407.000000
Tue Jul 29 07:16:55 2025,29-Jul-2025,101700,46 34.641100 N,061 53.958400 W,2.1,70.5,A,DoorSpread,DoorMaster,5.340000,D,P,229407.000000
Tue Jul 29 07:17:01 2025,29-Jul-2025,101701,46 34.641300 N,061 53.957600 W,2.2,70.5,A,DoorSpread,DoorMaster,5.375000,D,S,178181.000000
Tue Jul 29 07:17:01 2025,29-Jul-2025,101702,46 34.641500 N,061 53.956800 W,2.1,70.4,A,DoorSpread,DoorMaster,5.375000,D,S,178181.000000
Tue Jul 29 07:17:01 2025,29-Jul-2025,101703,46 34.641800 N,061 53.956200 W,2.1,69.5,A,DoorSpread,DoorMaster,5.375000,D,S,178181.000000
Tue Jul 29 07:17:01 2025,29-Jul-2025,101704,46 34.642000 N,061 53.955400 W,2.1,69.1,A,DoorSpread,DoorMaster,5.375000,D,S,178181.000000
Tue Jul 29 07:17:01 2025,29-Jul-2025,101705,46 34.642200 N,061 53.954700 W,2.1,69.2,A,DoorSpread,DoorMaster,5.375000,D,S,178181.000000
Tue Jul 29 07:17:01 2025,29-Jul-2025,101706,46 34.642300 N,061 53.953900 W,2.1,69.1,A,DoorSpread,DoorMaster,5.375000,D,S,178181.000000
Tue Jul 29 07:17:07 2025,29-Jul-2025,101707,46 34.642500 N,061 53.953100 W,2.2,69.6,A,DoorSpread,DoorMaster,5.385000,D,P,291276.000000
Tue Jul 29 07:17:07 2025,29-Jul-2025,101708,46 34.642700 N,061 53.952300 W,2.1,69.9,A,DoorSpread,DoorMaster,5.385000,D,P,291276.000000
Tue Jul 29 07:17:07 2025,29-Jul-2025,101709,46 34.642900 N,061 53.951700 W,2.1,70.3,A,DoorSpread,DoorMaster,5.385000,D,P,291276.000000
Tue Jul 29 07:17:07 2025,29-Jul-2025,101710,46 34.643000 N,061 53.951000 W,2.1,70.5,A,DoorSpread,DoorMaster,5.385000,D,P,291276.000000
Tue Jul 29 07:17:07 2025,29-Jul-2025,101711,46 34.643200 N,061 53.950300 W,2.1,70.3,A,DoorSpread,DoorMaster,5.385000,D,P,291276.000000
Tue Jul 29 07:17:12 2025,29-Jul-2025,101712,46 34.643500 N,061 53.949500 W,2.2,70.3,A,DoorSpread,DoorMaster,5.610000,D,S,168562.000000
Tue Jul 29 07:17:12 2025,29-Jul-2025,101713,46 34.643600 N,061 53.948700 W,2.1,70.3,A,DoorSpread,DoorMaster,5.610000,D,S,168562.000000
Tue Jul 29 07:17:14 2025,29-Jul-2025,101714,46 34.643800 N,061 53.947800 W,2.2,70.6,A,Secondary,Headline,1.122449,D,P,13344.000000
Tue Jul 29 07:17:14 2025,29-Jul-2025,101715,46 34.644000 N,061 53.946900 W,2.1,71.0,A,Secondary,Headline,1.122449,D,P,13344.000000
Tue Jul 29 07:17:14 2025,29-Jul-2025,101716,46 34.644100 N,061 53.946200 W,2.1,71.2,A,Secondary,Headline,1.122449,D,P,13344.000000
Tue Jul 29 07:17:14 2025,29-Jul-2025,101717,46 34.644300 N,061 53.945500 W,2.1,71.5,A,Secondary,Headline,1.122449,D,P,13344.000000
Tue Jul 29 07:17:18 2025,29-Jul-2025,101718,46 34.644500 N,061 53.944600 W,2.1,71.5,A,DoorSpread,DoorMaster,5.625000,D,P,378224.000000
Tue Jul 29 07:17:18 2025,29-Jul-2025,101719,46 34.644600 N,061 53.943800 W,2.0,71.4,A,DoorSpread,DoorMaster,5.625000,D,P,378224.000000
Tue Jul 29 07:17:18 2025,29-Jul-2025,101720,46 34.644700 N,061 53.943100 W,2.0,70.9,A,DoorSpread,DoorMaster,5.625000,D,P,378224.000000
Tue Jul 29 07:17:18 2025,29-Jul-2025,101721,46 34.644900 N,061 53.942300 W,2.0,70.5,A,DoorSpread,DoorMaster,5.625000,D,P,378224.000000
Tue Jul 29 07:17:18 2025,29-Jul-2025,101722,46 34.645000 N,061 53.941500 W,2.0,70.6,A,DoorSpread,DoorMaster,5.625000,D,P,378224.000000
Tue Jul 29 07:17:18 2025,29-Jul-2025,101723,46 34.645200 N,061 53.940700 W,2.0,70.3,A,DoorSpread,DoorMaster,5.625000,D,P,378224.000000
Tue Jul 29 07:17:23 2025,29-Jul-2025,101724,46 34.645400 N,061 53.939900 W,2.1,70.1,A,DoorSpread,DoorMaster,5.635000,D,S,144473.000000
Tue Jul 29 07:17:23 2025,29-Jul-2025,101725,46 34.645600 N,061 53.939100 W,2.1,70.0,A,DoorSpread,DoorMaster,5.635000,D,S,144473.000000
Tue Jul 29 07:17:23 2025,29-Jul-2025,101726,46 34.645800 N,061 53.938200 W,2.1,70.1,A,DoorSpread,DoorMaster,5.635000,D,S,144473.000000
Tue Jul 29 07:17:23 2025,29-Jul-2025,101727,46 34.646000 N,061 53.937200 W,2.2,70.4,A,DoorSpread,DoorMaster,5.635000,D,S,144473.000000
Tue Jul 29 07:17:23 2025,29-Jul-2025,101728,46 34.646200 N,061 53.936300 W,2.2,70.1,A,DoorSpread,DoorMaster,5.635000,D,S,144473.000000
Tue Jul 29 07:17:29 2025,29-Jul-2025,101729,46 34.646400 N,061 53.935500 W,2.2,70.1,A,DoorSpread,DoorMaster,5.725000,D,S,230821.000000
Tue Jul 29 07:17:29 2025,29-Jul-2025,101730,46 34.646600 N,061 53.934500 W,2.2,69.9,A,DoorSpread,DoorMaster,5.725000,D,S,230821.000000
Tue Jul 29 07:17:29 2025,29-Jul-2025,101731,46 34.646900 N,061 53.933500 W,2.2,69.7,A,DoorSpread,DoorMaster,5.725000,D,S,230821.000000
Tue Jul 29 07:17:29 2025,29-Jul-2025,101732,46 34.647000 N,061 53.932700 W,2.2,69.6,A,DoorSpread,DoorMaster,5.725000,D,S,230821.000000
Tue Jul 29 07:17:29 2025,29-Jul-2025,101733,46 34.647200 N,061 53.931900 W,2.2,69.2,A,DoorSpread,DoorMaster,5.725000,D,S,230821.000000
Tue Jul 29 07:17:33 2025,29-Jul-2025,101734,46 34.647400 N,061 53.931200 W,2.2,69.1,A,FishCount,Headline,8.506803,D,P,46921.000000
Tue Jul 29 07:17:34 2025,29-Jul-2025,101735,46 34.647600 N,061 53.930400 W,2.1,69.0,A,DoorSpread,DoorMaster,5.835000,D,P,421655.000000
Tue Jul 29 07:17:34 2025,29-Jul-2025,101736,46 34.647800 N,061 53.929600 W,2.1,68.8,A,DoorSpread,DoorMaster,5.835000,D,P,421655.000000
Tue Jul 29 07:17:34 2025,29-Jul-2025,101737,46 34.648000 N,061 53.928700 W,2.1,68.3,A,DoorSpread,DoorMaster,5.835000,D,P,421655.000000
Tue Jul 29 07:17:34 2025,29-Jul-2025,101738,46 34.648300 N,061 53.927900 W,2.1,67.7,A,DoorSpread,DoorMaster,5.835000,D,P,421655.000000
Tue Jul 29 07:17:34 2025,29-Jul-2025,101739,46 34.648600 N,061 53.926900 W,2.2,68.0,A,DoorSpread,DoorMaster,5.835000,D,P,421655.000000
Tue Jul 29 07:17:40 2025,29-Jul-2025,101740,46 34.648700 N,061 53.925900 W,2.2,68.2,A,DoorSpread,DoorMaster,5.860000,D,P,444976.000000
Tue Jul 29 07:17:40 2025,29-Jul-2025,101741,46 34.648900 N,061 53.925000 W,2.2,68.7,A,DoorSpread,DoorMaster,5.860000,D,P,444976.000000
Tue Jul 29 07:17:40 2025,29-Jul-2025,101742,46 34.649000 N,061 53.924300 W,2.2,69.0,A,DoorSpread,DoorMaster,5.860000,D,P,444976.000000
Tue Jul 29 07:17:40 2025,29-Jul-2025,101743,46 34.649300 N,061 53.923500 W,2.2,69.3,A,DoorSpread,DoorMaster,5.860000,D,P,444976.000000
Tue Jul 29 07:17:40 2025,29-Jul-2025,101744,46 34.649500 N,061 53.922700 W,2.1,69.5,A,DoorSpread,DoorMaster,5.860000,D,P,444976.000000
Tue Jul 29 07:17:40 2025,29-Jul-2025,101745,46 34.649700 N,061 53.922100 W,2.1,69.4,A,DoorSpread,DoorMaster,5.860000,D,P,444976.000000
Tue Jul 29 07:17:46 2025,29-Jul-2025,101746,46 34.650100 N,061 53.921400 W,2.1,68.9,A,Primary,Headline,57.857143,D,S,68564.000000
Tue Jul 29 07:17:46 2025,29-Jul-2025,101747,46 34.650500 N,061 53.920600 W,2.1,68.7,A,Primary,Headline,57.857143,D,S,68564.000000
Tue Jul 29 07:17:46 2025,29-Jul-2025,101748,46 34.650700 N,061 53.919800 W,2.1,68.6,A,Primary,Headline,57.857143,D,S,68564.000000
Tue Jul 29 07:17:46 2025,29-Jul-2025,101749,46 34.650900 N,061 53.919000 W,2.1,68.4,A,Primary,Headline,57.857143,D,S,68564.000000
Tue Jul 29 07:17:46 2025,29-Jul-2025,101750,46 34.651100 N,061 53.918400 W,2.1,67.6,A,Primary,Headline,57.857143,D,S,68564.000000
Tue Jul 29 07:17:51 2025,29-Jul-2025,101751,46 34.651300 N,061 53.917800 W,2.1,66.8,A,DoorSpread,DoorMaster,6.055000,D,P,355216.000000
Tue Jul 29 07:17:51 2025,29-Jul-2025,101752,46 34.651500 N,061 53.917100 W,2.1,66.3,A,DoorSpread,DoorMaster,6.055000,D,P,355216.000000
Tue Jul 29 07:17:51 2025,29-Jul-2025,101753,46 34.651700 N,061 53.916300 W,2.1,66.3,A,DoorSpread,DoorMaster,6.055000,D,P,355216.000000
Tue Jul 29 07:17:51 2025,29-Jul-2025,101754,46 34.651800 N,061 53.915500 W,2.1,66.3,A,DoorSpread,DoorMaster,6.055000,D,P,355216.000000
Tue Jul 29 07:17:51 2025,29-Jul-2025,101755,46 34.651900 N,061 53.914700 W,2.2,66.6,A,DoorSpread,DoorMaster,6.055000,D,P,355216.000000
Tue Jul 29 07:17:51 2025,29-Jul-2025,101756,46 34.652000 N,061 53.913800 W,2.2,67.4,A,DoorSpread,DoorMaster,6.055000,D,P,355216.000000
Tue Jul 29 07:17:51 2025,29-Jul-2025,101757,46 34.652000 N,061 53.913100 W,2.2,68.2,A,DoorSpread,DoorMaster,6.055000,D,P,355216.000000
Tue Jul 29 07:17:51 2025,29-Jul-2025,101758,46 34.652100 N,061 53.912200 W,2.2,69.0,A,DoorSpread,DoorMaster,6.055000,D,P,355216.000000
Tue Jul 29 07:17:51 2025,29-Jul-2025,101759,46 34.652300 N,061 53.911300 W,2.2,70.1,A,DoorSpread,DoorMaster,6.055000,D,P,355216.000000
Tue Jul 29 07:17:51 2025,29-Jul-2025,101800,46 34.652300 N,061 53.910400 W,2.2,70.8,A,DoorSpread,DoorMaster,6.055000,D,P,355216.000000
Tue Jul 29 07:17:51 2025,29-Jul-2025,101801,46 34.652500 N,061 53.909500 W,2.2,71.2,A,DoorSpread,DoorMaster,6.055000,D,P,355216.000000
Tue Jul 29 07:18:02 2025,29-Jul-2025,101802,46 34.652600 N,061 53.908600 W,2.2,71.6,A,DoorSpread,DoorMaster,5.765000,D,P,336606.000000
Tue Jul 29 07:18:02 2025,29-Jul-2025,101803,46 34.652700 N,061 53.907700 W,2.2,72.1,A,DoorSpread,DoorMaster,5.765000,D,P,336606.000000
Tue Jul 29 07:18:02 2025,29-Jul-2025,101804,46 34.652900 N,061 53.906800 W,2.2,72.3,A,DoorSpread,DoorMaster,5.765000,D,P,336606.000000
Tue Jul 29 07:18:04 2025,29-Jul-2025,101805,46 34.653000 N,061 53.905900 W,2.2,72.4,A,Primary,Headline,2.000000,D,P,68849.000000
Tue Jul 29 07:18:04 2025,29-Jul-2025,101806,46 34.653200 N,061 53.905000 W,2.2,72.5,A,Primary,Headline,2.000000,D,P,68849.000000
Tue Jul 29 07:18:04 2025,29-Jul-2025,101807,46 34.653400 N,061 53.904200 W,2.2,72.4,A,Primary,Headline,2.000000,D,P,68849.000000
Tue Jul 29 07:18:07 2025,29-Jul-2025,101808,46 34.653700 N,061 53.903300 W,2.3,72.5,A,DoorSpread,DoorMaster,5.915000,D,P,259466.000000
Tue Jul 29 07:18:07 2025,29-Jul-2025,101809,46 34.653800 N,061 53.902300 W,2.2,72.6,A,DoorSpread,DoorMaster,5.915000,D,P,259466.000000
Tue Jul 29 07:18:07 2025,29-Jul-2025,101810,46 34.654100 N,061 53.901500 W,2.2,72.7,A,DoorSpread,DoorMaster,5.915000,D,P,259466.000000
Tue Jul 29 07:18:10 2025,29-Jul-2025,101811,46 34.654200 N,061 53.900600 W,2.2,72.7,A,Primary,Headline,48.469388,D,P,9251.000000
Tue Jul 29 07:18:10 2025,29-Jul-2025,101812,46 34.654400 N,061 53.899600 W,2.3,73.1,A,Primary,Headline,48.469388,D,P,9251.000000
Tue Jul 29 07:18:13 2025,29-Jul-2025,101813,46 34.654400 N,061 53.898600 W,2.2,73.5,A,DoorSpread,DoorMaster,5.755000,D,P,325304.000000
Tue Jul 29 07:18:13 2025,29-Jul-2025,101814,46 34.654500 N,061 53.897700 W,2.3,74.2,A,DoorSpread,DoorMaster,5.755000,D,P,325304.000000
Tue Jul 29 07:18:13 2025,29-Jul-2025,101815,46 34.654700 N,061 53.896800 W,2.3,75.0,A,DoorSpread,DoorMaster,5.755000,D,P,325304.000000
Tue Jul 29 07:18:13 2025,29-Jul-2025,101816,46 34.654900 N,061 53.895900 W,2.3,75.4,A,DoorSpread,DoorMaster,5.755000,D,P,325304.000000
Tue Jul 29 07:18:13 2025,29-Jul-2025,101817,46 34.655100 N,061 53.895100 W,2.4,75.4,A,DoorSpread,DoorMaster,5.755000,D,P,325304.000000
Tue Jul 29 07:18:13 2025,29-Jul-2025,101818,46 34.655400 N,061 53.894300 W,2.3,75.2,A,DoorSpread,DoorMaster,5.755000,D,P,325304.000000
Tue Jul 29 07:18:18 2025,29-Jul-2025,101819,46 34.655500 N,061 53.893500 W,2.3,74.8,A,DoorSpread,DoorMaster,7.505000,D,P,302817.000000
Tue Jul 29 07:18:18 2025,29-Jul-2025,101820,46 34.655800 N,061 53.892700 W,2.3,74.5,A,DoorSpread,DoorMaster,7.505000,D,P,302817.000000
Tue Jul 29 07:18:20 2025,29-Jul-2025,101821,46 34.655900 N,061 53.892000 W,2.2,74.4,A,Secondary,Headline,4.469388,D,S,142846.000000
Tue Jul 29 07:18:20 2025,29-Jul-2025,101822,46 34.656000 N,061 53.891200 W,2.2,74.2,A,Secondary,Headline,4.469388,D,S,142846.000000
Tue Jul 29 07:18:20 2025,29-Jul-2025,101823,46 34.656200 N,061 53.890500 W,2.2,73.8,A,Secondary,Headline,4.469388,D,S,142846.000000
Tue Jul 29 07:18:24 2025,29-Jul-2025,101824,46 34.656300 N,061 53.889800 W,2.2,73.4,A,DoorSpread,DoorMaster,6.065000,D,P,327459.000000
Tue Jul 29 07:18:24 2025,29-Jul-2025,101825,46 34.656400 N,061 53.889100 W,2.2,72.9,A,DoorSpread,DoorMaster,6.065000,D,P,327459.000000
Tue Jul 29 07:18:24 2025,29-Jul-2025,101826,46 34.656600 N,061 53.888400 W,2.2,72.5,A,DoorSpread,DoorMaster,6.065000,D,P,327459.000000
Tue Jul 29 07:18:24 2025,29-Jul-2025,101827,46 34.656700 N,061 53.887600 W,2.1,72.4,A,DoorSpread,DoorMaster,6.065000,D,P,327459.000000
Tue Jul 29 07:18:24 2025,29-Jul-2025,101828,46 34.656800 N,061 53.886900 W,2.1,72.5,A,DoorSpread,DoorMaster,6.065000,D,P,327459.000000
Tue Jul 29 07:18:24 2025,29-Jul-2025,101829,46 34.657000 N,061 53.886100 W,2.2,72.2,A,DoorSpread,DoorMaster,6.065000,D,P,327459.000000
Tue Jul 29 07:18:29 2025,29-Jul-2025,101830,46 34.657100 N,061 53.885200 W,2.2,72.3,A,DoorSpread,DoorMaster,5.665000,D,S,235630.000000
Tue Jul 29 07:18:29 2025,29-Jul-2025,101831,46 34.657300 N,061 53.884400 W,2.2,72.3,A,DoorSpread,DoorMaster,5.665000,D,S,235630.000000
Tue Jul 29 07:18:29 2025,29-Jul-2025,101832,46 34.657400 N,061 53.883700 W,2.2,72.2,A,DoorSpread,DoorMaster,5.665000,D,S,235630.000000
Tue Jul 29 07:18:32 2025,29-Jul-2025,101833,46 34.657600 N,061 53.882900 W,2.2,72.3,A,Primary,Headline,0.959184,D,P,34324.000000
Tue Jul 29 07:18:32 2025,29-Jul-2025,101834,46 34.657800 N,061 53.882100 W,2.2,72.5,A,Primary,Headline,0.959184,D,P,34324.000000
Tue Jul 29 07:18:35 2025,29-Jul-2025,101835,46 34.658000 N,061 53.881200 W,2.2,72.5,A,DoorSpread,DoorMaster,5.875000,D,S,121576.000000
Tue Jul 29 07:18:35 2025,29-Jul-2025,101836,46 34.658200 N,061 53.880400 W,2.2,72.5,A,DoorSpread,DoorMaster,5.875000,D,S,121576.000000
Tue Jul 29 07:18:35 2025,29-Jul-2025,101837,46 34.658500 N,061 53.879500 W,2.2,72.4,A,DoorSpread,DoorMaster,5.875000,D,S,121576.000000
Tue Jul 29 07:18:35 2025,29-Jul-2025,101838,46 34.658800 N,061 53.878700 W,2.2,72.3,A,DoorSpread,DoorMaster,5.875000,D,S,121576.000000
Tue Jul 29 07:18:35 2025,29-Jul-2025,101839,46 34.659000 N,061 53.878000 W,2.2,72.4,A,DoorSpread,DoorMaster,5.875000,D,S,121576.000000
Tue Jul 29 07:18:35 2025,29-Jul-2025,101840,46 34.659100 N,061 53.877300 W,2.2,72.4,A,DoorSpread,DoorMaster,5.875000,D,S,121576.000000
Tue Jul 29 07:18:41 2025,29-Jul-2025,101841,46 34.659300 N,061 53.876500 W,2.2,72.3,A,DoorSpread,DoorMaster,6.215000,D,S,123404.000000
Tue Jul 29 07:18:41 2025,29-Jul-2025,101842,46 34.659500 N,061 53.875800 W,2.2,72.3,A,DoorSpread,DoorMaster,6.215000,D,S,123404.000000
Tue Jul 29 07:18:41 2025,29-Jul-2025,101843,46 34.659700 N,061 53.875000 W,2.2,72.2,A,DoorSpread,DoorMaster,6.215000,D,S,123404.000000
Tue Jul 29 07:18:41 2025,29-Jul-2025,101844,46 34.659900 N,061 53.874100 W,2.2,72.3,A,DoorSpread,DoorMaster,6.215000,D,S,123404.000000
Tue Jul 29 07:18:41 2025,29-Jul-2025,101845,46 34.660100 N,061 53.873300 W,2.2,72.4,A,DoorSpread,DoorMaster,6.215000,D,S,123404.000000
Tue Jul 29 07:18:46 2025,29-Jul-2025,101846,46 34.660200 N,061 53.872500 W,2.1,72.1,A,DoorSpread,DoorMaster,6.220000,D,P,221370.000000
Tue Jul 29 07:18:47 2025,29-Jul-2025,101847,46 34.660400 N,061 53.871800 W,2.1,72.0,A,FishCount,Headline,2.755102,D,S,106308.000000
Tue Jul 29 07:18:47 2025,29-Jul-2025,101848,46 34.660600 N,061 53.871000 W,2.1,72.0,A,FishCount,Headline,2.755102,D,S,106308.000000
Tue Jul 29 07:18:47 2025,29-Jul-2025,101849,46 34.660700 N,061 53.870400 W,2.0,71.8,A,FishCount,Headline,2.755102,D,S,106308.000000
Tue Jul 29 07:18:47 2025,29-Jul-2025,101850,46 34.660900 N,061 53.869600 W,2.1,71.6,A,FishCount,Headline,2.755102,D,S,106308.000000
Tue Jul 29 07:18:47 2025,29-Jul-2025,101851,46 34.661100 N,061 53.868800 W,2.1,72.1,A,FishCount,Headline,2.755102,D,S,106308.000000
Tue Jul 29 07:18:52 2025,29-Jul-2025,101852,46 34.661300 N,061 53.868000 W,2.1,72.2,A,DoorSpread,DoorMaster,5.710000,D,P,374215.000000
Tue Jul 29 07:18:52 2025,29-Jul-2025,101853,46 34.661500 N,061 53.867400 W,2.1,72.4,A,DoorSpread,DoorMaster,5.710000,D,P,374215.000000
Tue Jul 29 07:18:52 2025,29-Jul-2025,101854,46 34.661700 N,061 53.866700 W,2.1,72.6,A,DoorSpread,DoorMaster,5.710000,D,P,374215.000000
Tue Jul 29 07:18:52 2025,29-Jul-2025,101855,46 34.661900 N,061 53.866000 W,2.0,72.7,A,DoorSpread,DoorMaster,5.710000,D,P,374215.000000
Tue Jul 29 07:18:52 2025,29-Jul-2025,101856,46 34.662100 N,061 53.865400 W,2.0,72.9,A,DoorSpread,DoorMaster,5.710000,D,P,374215.000000
Tue Jul 29 07:18:52 2025,29-Jul-2025,101857,46 34.662200 N,061 53.864600 W,2.0,73.1,A,DoorSpread,DoorMaster,5.710000,D,P,374215.000000
Tue Jul 29 07:18:57 2025,29-Jul-2025,101858,46 34.662400 N,061 53.864000 W,2.0,73.3,A,DoorSpread,DoorMaster,5.785000,D,S,252795.000000
Tue Jul 29 07:18:59 2025,29-Jul-2025,101859,46 34.662600 N,061 53.863300 W,2.0,73.0,A,FishCount,Headline,2.544218,D,S,20414.000000
Tue Jul 29 07:18:59 2025,29-Jul-2025,101900,46 34.662700 N,061 53.862600 W,2.0,72.8,A,FishCount,Headline,2.544218,D,S,20414.000000
Tue Jul 29 07:18:59 2025,29-Jul-2025,101901,46 34.662800 N,061 53.861800 W,2.1,72.5,A,FishCount,Headline,2.544218,D,S,20414.000000
Tue Jul 29 07:18:59 2025,29-Jul-2025,101902,46 34.663000 N,061 53.861100 W,2.1,72.3,A,FishCount,Headline,2.544218,D,S,20414.000000
Tue Jul 29 07:18:59 2025,29-Jul-2025,101903,46 34.663200 N,061 53.860300 W,2.1,72.2,A,FishCount,Headline,2.544218,D,S,20414.000000
Tue Jul 29 07:18:59 2025,29-Jul-2025,101904,46 34.663400 N,061 53.859500 W,2.1,72.2,A,FishCount,Headline,2.544218,D,S,20414.000000
Tue Jul 29 07:18:59 2025,29-Jul-2025,101905,46 34.663600 N,061 53.858700 W,2.1,71.6,A,FishCount,Headline,2.544218,D,S,20414.000000
Tue Jul 29 07:18:59 2025,29-Jul-2025,101906,46 34.663900 N,061 53.857800 W,2.1,71.3,A,FishCount,Headline,2.544218,D,S,20414.000000
Tue Jul 29 07:18:59 2025,29-Jul-2025,101907,46 34.664200 N,061 53.857000 W,2.1,71.0,A,FishCount,Headline,2.544218,D,S,20414.000000
Tue Jul 29 07:19:08 2025,29-Jul-2025,101908,46 34.664400 N,061 53.856100 W,2.2,70.6,A,DoorSpread,DoorMaster,5.940000,D,P,192198.000000
Tue Jul 29 07:19:08 2025,29-Jul-2025,101909,46 34.664700 N,061 53.855200 W,2.2,70.2,A,DoorSpread,DoorMaster,5.940000,D,P,192198.000000
Tue Jul 29 07:19:08 2025,29-Jul-2025,101910,46 34.664900 N,061 53.854400 W,2.2,69.8,A,DoorSpread,DoorMaster,5.940000,D,P,192198.000000
Tue Jul 29 07:19:08 2025,29-Jul-2025,101911,46 34.665200 N,061 53.853600 W,2.2,69.6,A,DoorSpread,DoorMaster,5.940000,D,P,192198.000000
Tue Jul 29 07:19:08 2025,29-Jul-2025,101912,46 34.665300 N,061 53.852800 W,2.2,69.6,A,DoorSpread,DoorMaster,5.940000,D,P,192198.000000
Tue Jul 29 07:19:08 2025,29-Jul-2025,101913,46 34.665400 N,061 53.852000 W,2.3,70.0,A,DoorSpread,DoorMaster,5.940000,D,P,192198.000000
Tue Jul 29 07:19:14 2025,29-Jul-2025,101914,46 34.665500 N,061 53.851100 W,2.3,70.4,A,DoorSpread,DoorMaster,5.845000,D,P,210031.000000
Tue Jul 29 07:19:14 2025,29-Jul-2025,101915,46 34.665700 N,061 53.850300 W,2.3,70.5,A,DoorSpread,DoorMaster,5.845000,D,P,210031.000000
Tue Jul 29 07:19:14 2025,29-Jul-2025,101916,46 34.666000 N,061 53.849500 W,2.3,70.8,A,DoorSpread,DoorMaster,5.845000,D,P,210031.000000
Tue Jul 29 07:19:14 2025,29-Jul-2025,101917,46 34.666200 N,061 53.848800 W,2.2,71.1,A,DoorSpread,DoorMaster,5.845000,D,P,210031.000000
Tue Jul 29 07:19:14 2025,29-Jul-2025,101918,46 34.666500 N,061 53.848100 W,2.3,71.0,A,DoorSpread,DoorMaster,5.845000,D,P,210031.000000
Tue Jul 29 07:19:19 2025,29-Jul-2025,101919,46 34.666800 N,061 53.847300 W,2.2,71.0,A,DoorSpread,DoorMaster,5.815000,D,P,185535.000000
Tue Jul 29 07:19:19 2025,29-Jul-2025,101920,46 34.667000 N,061 53.846600 W,2.2,71.0,A,DoorSpread,DoorMaster,5.815000,D,P,185535.000000
Tue Jul 29 07:19:19 2025,29-Jul-2025,101921,46 34.667200 N,061 53.846000 W,2.2,71.0,A,DoorSpread,DoorMaster,5.815000,D,P,185535.000000
Tue Jul 29 07:19:19 2025,29-Jul-2025,101922,46 34.667400 N,061 53.845200 W,2.2,70.9,A,DoorSpread,DoorMaster,5.815000,D,P,185535.000000
Tue Jul 29 07:19:19 2025,29-Jul-2025,101923,46 34.667600 N,061 53.844500 W,2.1,70.9,A,DoorSpread,DoorMaster,5.815000,D,P,185535.000000
Tue Jul 29 07:19:19 2025,29-Jul-2025,101924,46 34.667800 N,061 53.843800 W,2.1,70.9,A,DoorSpread,DoorMaster,5.815000,D,P,185535.000000
Tue Jul 29 07:19:25 2025,29-Jul-2025,101925,46 34.667900 N,061 53.843000 W,2.1,70.8,A,Secondary,Headline,1.918367,D,S,32166.000000
Tue Jul 29 07:19:25 2025,29-Jul-2025,101926,46 34.668000 N,061 53.842300 W,2.1,70.8,A,Secondary,Headline,1.918367,D,S,32166.000000
Tue Jul 29 07:19:25 2025,29-Jul-2025,101927,46 34.668100 N,061 53.841500 W,2.1,70.9,A,Secondary,Headline,1.918367,D,S,32166.000000
Tue Jul 29 07:19:25 2025,29-Jul-2025,101928,46 34.668300 N,061 53.840600 W,2.1,71.0,A,Secondary,Headline,1.918367,D,S,32166.000000
Tue Jul 29 07:19:25 2025,29-Jul-2025,101929,46 34.668400 N,061 53.839700 W,2.1,71.2,A,Secondary,Headline,1.918367,D,S,32166.000000
Tue Jul 29 07:19:25 2025,29-Jul-2025,101930,46 34.668600 N,061 53.839000 W,2.1,71.2,A,Secondary,Headline,1.918367,D,S,32166.000000
Tue Jul 29 07:19:30 2025,29-Jul-2025,101931,46 34.668700 N,061 53.838300 W,2.1,71.1,A,DoorSpread,DoorMaster,5.845000,D,P,339421.000000
Tue Jul 29 07:19:32 2025,29-Jul-2025,101932,46 34.668900 N,061 53.837700 W,2.1,71.0,A,FishCount,Headline,1.683673,D,S,64610.000000
Tue Jul 29 07:19:32 2025,29-Jul-2025,101933,46 34.669100 N,061 53.837200 W,2.0,70.8,A,FishCount,Headline,1.683673,D,S,64610.000000
Tue Jul 29 07:19:32 2025,29-Jul-2025,101934,46 34.669200 N,061 53.836700 W,2.0,70.8,A,FishCount,Headline,1.683673,D,S,64610.000000
Tue Jul 29 07:19:32 2025,29-Jul-2025,101935,46 34.669300 N,061 53.835900 W,2.1,71.4,A,FishCount,Headline,1.683673,D,S,64610.000000
Tue Jul 29 07:19:36 2025,29-Jul-2025,101936,46 34.669400 N,061 53.835000 W,2.0,71.7,A,DoorSpread,DoorMaster,6.425000,D,P,301919.000000
Tue Jul 29 07:19:36 2025,29-Jul-2025,101937,46 34.669600 N,061 53.834400 W,2.0,71.4,A,DoorSpread,DoorMaster,6.425000,D,P,301919.000000
Tue Jul 29 07:19:36 2025,29-Jul-2025,101938,46 34.669700 N,061 53.833600 W,2.0,71.3,A,DoorSpread,DoorMaster,6.425000,D,P,301919.000000
Tue Jul 29 07:19:38 2025,29-Jul-2025,101939,46 34.669900 N,061 53.832700 W,2.1,71.2,A,Secondary,Headline,21.530612,D,P,120407.000000
Tue Jul 29 07:19:38 2025,29-Jul-2025,101940,46 34.670000 N,061 53.831800 W,2.1,71.2,A,Secondary,Headline,21.530612,D,P,120407.000000
Tue Jul 29 07:19:38 2025,29-Jul-2025,101941,46 34.670200 N,061 53.831000 W,2.0,71.2,A,Secondary,Headline,21.530612,D,P,120407.000000
Tue Jul 29 07:19:42 2025,29-Jul-2025,101942,46 34.670400 N,061 53.830400 W,2.0,71.4,A,DoorSpread,DoorMaster,5.695000,D,P,297995.000000
Tue Jul 29 07:19:42 2025,29-Jul-2025,101943,46 34.670600 N,061 53.829700 W,2.0,71.5,A,DoorSpread,DoorMaster,5.695000,D,P,297995.000000
Tue Jul 29 07:19:42 2025,29-Jul-2025,101944,46 34.670700 N,061 53.829000 W,2.0,71.5,A,DoorSpread,DoorMaster,5.695000,D,P,297995.000000
Tue Jul 29 07:19:42 2025,29-Jul-2025,101945,46 34.671000 N,061 53.828400 W,2.0,71.6,A,DoorSpread,DoorMaster,5.695000,D,P,297995.000000
Tue Jul 29 07:19:42 2025,29-Jul-2025,101946,46 34.671200 N,061 53.827600 W,2.1,71.6,A,DoorSpread,DoorMaster,5.695000,D,P,297995.000000
Tue Jul 29 07:19:47 2025,29-Jul-2025,101947,46 34.671500 N,061 53.826800 W,2.1,71.5,A,DoorSpread,DoorMaster,5.740000,D,P,242685.000000
Tue Jul 29 07:19:47 2025,29-Jul-2025,101948,46 34.671900 N,061 53.826000 W,2.1,71.8,A,DoorSpread,DoorMaster,5.740000,D,P,242685.000000
Tue Jul 29 07:19:47 2025,29-Jul-2025,101949,46 34.672100 N,061 53.825100 W,2.1,72.1,A,DoorSpread,DoorMaster,5.740000,D,P,242685.000000
Tue Jul 29 07:19:47 2025,29-Jul-2025,101950,46 34.672300 N,061 53.824200 W,2.1,72.3,A,DoorSpread,DoorMaster,5.740000,D,P,242685.000000
Tue Jul 29 07:19:47 2025,29-Jul-2025,101951,46 34.672600 N,061 53.823200 W,2.2,72.3,A,DoorSpread,DoorMaster,5.740000,D,P,242685.000000
Tue Jul 29 07:19:47 2025,29-Jul-2025,101952,46 34.672900 N,061 53.822400 W,2.2,72.0,A,DoorSpread,DoorMaster,5.740000,D,P,242685.000000
Tue Jul 29 07:19:52 2025,29-Jul-2025,101953,46 34.673000 N,061 53.821600 W,2.1,71.8,A,DoorSpread,DoorMaster,5.750000,D,P,308972.000000
Tue Jul 29 07:19:52 2025,29-Jul-2025,101954,46 34.673200 N,061 53.820800 W,2.1,71.6,A,DoorSpread,DoorMaster,5.750000,D,P,308972.000000
Tue Jul 29 07:19:52 2025,29-Jul-2025,101955,46 34.673300 N,061 53.820100 W,2.1,71.7,A,DoorSpread,DoorMaster,5.750000,D,P,308972.000000
Tue Jul 29 07:19:52 2025,29-Jul-2025,101956,46 34.673400 N,061 53.819300 W,2.1,71.7,A,DoorSpread,DoorMaster,5.750000,D,P,308972.000000
Tue Jul 29 07:19:52 2025,29-Jul-2025,101957,46 34.673600 N,061 53.818600 W,2.0,71.6,A,DoorSpread,DoorMaster,5.750000,D,P,308972.000000
Tue Jul 29 07:19:58 2025,29-Jul-2025,101958,46 34.673800 N,061 53.817800 W,2.0,71.4,A,DoorSpread,DoorMaster,6.400000,D,S,141144.000000
Tue Jul 29 07:19:58 2025,29-Jul-2025,101959,46 34.674000 N,061 53.817100 W,2.0,71.3,A,DoorSpread,DoorMaster,6.400000,D,S,141144.000000
Tue Jul 29 07:19:58 2025,29-Jul-2025,102000,46 34.674200 N,061 53.816300 W,2.0,71.3,A,DoorSpread,DoorMaster,6.400000,D,S,141144.000000
Tue Jul 29 07:19:58 2025,29-Jul-2025,102001,46 34.674300 N,061 53.815500 W,2.0,71.5,A,DoorSpread,DoorMaster,6.400000,D,S,141144.000000
Tue Jul 29 07:19:58 2025,29-Jul-2025,102002,46 34.674500 N,061 53.814700 W,2.0,71.8,A,DoorSpread,DoorMaster,6.400000,D,S,141144.000000
Tue Jul 29 07:20:02 2025,29-Jul-2025,102003,46 34.674700 N,061 53.813900 W,2.0,71.8,A,Secondary,Headline,0.000000,E,S,28649.000000
Tue Jul 29 07:20:04 2025,29-Jul-2025,102004,46 34.675000 N,061 53.813100 W,2.1,71.9,A,DoorSpread,DoorMaster,5.970000,D,P,348041.000000
Tue Jul 29 07:20:04 2025,29-Jul-2025,102005,46 34.675200 N,061 53.812300 W,2.1,71.9,A,DoorSpread,DoorMaster,5.970000,D,P,348041.000000
Tue Jul 29 07:20:04 2025,29-Jul-2025,102006,46 34.675500 N,061 53.811600 W,2.1,72.0,A,DoorSpread,DoorMaster,5.970000,D,P,348041.000000
Tue Jul 29 07:20:04 2025,29-Jul-2025,102007,46 34.675700 N,061 53.810700 W,2.1,72.4,A,DoorSpread,DoorMaster,5.970000,D,P,348041.000000
Tue Jul 29 07:20:04 2025,29-Jul-2025,102008,46 34.675800 N,061 53.809900 W,2.1,72.6,A,DoorSpread,DoorMaster,5.970000,D,P,348041.000000
Tue Jul 29 07:20:04 2025,29-Jul-2025,102009,46 34.676000 N,061 53.809100 W,2.2,72.8,A,DoorSpread,DoorMaster,5.970000,D,P,348041.000000
Tue Jul 29 07:20:09 2025,29-Jul-2025,102010,46 34.676100 N,061 53.808300 W,2.2,72.9,A,DoorSpread,DoorMaster,3.810000,D,S,179345.000000
Tue Jul 29 07:20:09 2025,29-Jul-2025,102011,46 34.676300 N,061 53.807400 W,2.2,73.2,A,DoorSpread,DoorMaster,3.810000,D,S,179345.000000
Tue Jul 29 07:20:09 2025,29-Jul-2025,102012,46 34.676500 N,061 53.806500 W,2.3,73.5,A,DoorSpread,DoorMaster,3.810000,D,S,179345.000000
Tue Jul 29 07:20:09 2025,29-Jul-2025,102013,46 34.676600 N,061 53.805700 W,2.3,73.6,A,DoorSpread,DoorMaster,3.810000,D,S,179345.000000
Tue Jul 29 07:20:09 2025,29-Jul-2025,102014,46 34.676800 N,061 53.804800 W,2.3,73.8,A,DoorSpread,DoorMaster,3.810000,D,S,179345.000000
Tue Jul 29 07:20:15 2025,29-Jul-2025,102015,46 34.677000 N,061 53.804000 W,2.3,73.9,A,DoorSpread,DoorMaster,5.900000,D,P,245206.000000
Tue Jul 29 07:20:15 2025,29-Jul-2025,102016,46 34.677200 N,061 53.803100 W,2.3,74.0,A,Secondary,Headline,21.836735,D,P,50414.000000
Tue Jul 29 07:20:15 2025,29-Jul-2025,102017,46 34.677300 N,061 53.802200 W,2.3,74.3,A,Secondary,Headline,21.836735,D,P,50414.000000
Tue Jul 29 07:20:15 2025,29-Jul-2025,102018,46 34.677500 N,061 53.801500 W,2.3,74.4,A,Secondary,Headline,21.836735,D,P,50414.000000
Tue Jul 29 07:20:15 2025,29-Jul-2025,102019,46 34.677700 N,061 53.800700 W,2.3,74.4,A,Secondary,Headline,21.836735,D,P,50414.000000
Tue Jul 29 07:20:15 2025,29-Jul-2025,102020,46 34.677900 N,061 53.800000 W,2.3,74.4,A,Secondary,Headline,21.836735,D,P,50414.000000
Tue Jul 29 07:20:20 2025,29-Jul-2025,102021,46 34.678100 N,061 53.799300 W,2.3,74.3,A,DoorSpread,DoorMaster,6.405000,D,P,319858.000000
Tue Jul 29 07:20:20 2025,29-Jul-2025,102022,46 34.678300 N,061 53.798700 W,2.2,74.2,A,DoorSpread,DoorMaster,6.405000,D,P,319858.000000
Tue Jul 29 07:20:22 2025,29-Jul-2025,102023,46 34.678500 N,061 53.798100 W,2.2,74.1,A,Secondary,Headline,44.571429,D,P,100924.000000
Tue Jul 29 07:20:22 2025,29-Jul-2025,102024,46 34.678700 N,061 53.797500 W,2.1,73.9,A,Secondary,Headline,44.571429,D,P,100924.000000
Tue Jul 29 07:20:22 2025,29-Jul-2025,102025,46 34.678900 N,061 53.796800 W,2.1,73.7,A,Secondary,Headline,44.571429,D,P,100924.000000
Tue Jul 29 07:20:26 2025,29-Jul-2025,102026,46 34.679100 N,061 53.796100 W,2.1,73.5,A,DoorSpread,DoorMaster,6.030000,D,P,247836.000000
Tue Jul 29 07:20:26 2025,29-Jul-2025,102027,46 34.679300 N,061 53.795400 W,2.1,73.2,A,DoorSpread,DoorMaster,6.030000,D,P,247836.000000
Tue Jul 29 07:20:26 2025,29-Jul-2025,102028,46 34.679600 N,061 53.794700 W,2.1,73.0,A,DoorSpread,DoorMaster,6.030000,D,P,247836.000000
Tue Jul 29 07:20:26 2025,29-Jul-2025,102029,46 34.679900 N,061 53.794000 W,2.1,72.8,A,DoorSpread,DoorMaster,6.030000,D,P,247836.000000
Tue Jul 29 07:20:26 2025,29-Jul-2025,102030,46 34.680200 N,061 53.793400 W,2.1,72.7,A,DoorSpread,DoorMaster,6.030000,D,P,247836.000000
Tue Jul 29 07:20:26 2025,29-Jul-2025,102031,46 34.680400 N,061 53.792800 W,2.1,72.6,A,DoorSpread,DoorMaster,6.030000,D,P,247836.000000
Tue Jul 29 07:20:32 2025,29-Jul-2025,102032,46 34.680700 N,061 53.792100 W,2.1,72.6,A,DoorSpread,DoorMaster,5.750000,D,P,309763.000000
Tue Jul 29 07:20:32 2025,29-Jul-2025,102033,46 34.681000 N,061 53.791500 W,2.1,72.4,A,DoorSpread,DoorMaster,5.750000,D,P,309763.000000
Tue Jul 29 07:20:32 2025,29-Jul-2025,102034,46 34.681200 N,061 53.790800 W,2.0,72.3,A,DoorSpread,DoorMaster,5.750000,D,P,309763.000000
Tue Jul 29 07:20:32 2025,29-Jul-2025,102035,46 34.681400 N,061 53.790100 W,2.0,72.2,A,DoorSpread,DoorMaster,5.750000,D,P,309763.000000
Tue Jul 29 07:20:32 2025,29-Jul-2025,102036,46 34.681600 N,061 53.789400 W,2.0,72.1,A,DoorSpread,DoorMaster,5.750000,D,P,309763.000000
Tue Jul 29 07:20:37 2025,29-Jul-2025,102037,46 34.681900 N,061 53.788600 W,2.0,72.0,A,DoorSpread,DoorMaster,5.605000,D,S,147755.000000
Tue Jul 29 07:20:37 2025,29-Jul-2025,102038,46 34.682000 N,061 53.787900 W,2.0,71.8,A,DoorSpread,DoorMaster,5.605000,D,S,147755.000000
Tue Jul 29 07:20:38 2025,29-Jul-2025,102039,46 34.682100 N,061 53.787300 W,2.0,71.8,A,Secondary,Headline,60.000000,D,S,26233.000000
Tue Jul 29 07:20:38 2025,29-Jul-2025,102040,46 34.682200 N,061 53.786600 W,2.0,71.8,A,Secondary,Headline,60.000000,D,S,26233.000000
Tue Jul 29 07:20:38 2025,29-Jul-2025,102041,46 34.682400 N,061 53.785900 W,2.0,71.7,A,Secondary,Headline,60.000000,D,S,26233.000000
Tue Jul 29 07:20:38 2025,29-Jul-2025,102042,46 34.682500 N,061 53.785200 W,2.0,71.7,A,Secondary,Headline,60.000000,D,S,26233.000000
Tue Jul 29 07:20:43 2025,29-Jul-2025,102043,46 34.682700 N,061 53.784400 W,2.0,71.6,A,DoorSpread,DoorMaster,5.590000,D,P,304041.000000
Tue Jul 29 07:20:43 2025,29-Jul-2025,102044,46 34.682800 N,061 53.783600 W,2.0,71.4,A,DoorSpread,DoorMaster,5.590000,D,P,304041.000000
Tue Jul 29 07:20:43 2025,29-Jul-2025,102045,46 34.683000 N,061 53.782800 W,2.0,71.5,A,DoorSpread,DoorMaster,5.590000,D,P,304041.000000
Tue Jul 29 07:20:43 2025,29-Jul-2025,102046,46 34.683100 N,061 53.782000 W,2.0,71.6,A,DoorSpread,DoorMaster,5.590000,D,P,304041.000000
Tue Jul 29 07:20:46 2025,29-Jul-2025,102047,46 34.683300 N,061 53.781300 W,2.0,71.5,A,FishCount,Headline,5.295918,D,P,27580.000000
Tue Jul 29 07:20:48 2025,29-Jul-2025,102048,46 34.683500 N,061 53.780400 W,2.0,71.5,A,DoorSpread,DoorMaster,5.740000,D,P,246556.000000
Tue Jul 29 07:20:48 2025,29-Jul-2025,102049,46 34.683600 N,061 53.779500 W,2.0,71.7,A,DoorSpread,DoorMaster,5.740000,D,P,246556.000000
Tue Jul 29 07:20:48 2025,29-Jul-2025,102050,46 34.683700 N,061 53.778600 W,2.0,71.7,A,DoorSpread,DoorMaster,5.740000,D,P,246556.000000
Tue Jul 29 07:20:48 2025,29-Jul-2025,102051,46 34.684000 N,061 53.777700 W,2.0,71.3,A,DoorSpread,DoorMaster,5.740000,D,P,246556.000000
Tue Jul 29 07:20:48 2025,29-Jul-2025,102052,46 34.684100 N,061 53.776900 W,2.0,71.0,A,DoorSpread,DoorMaster,5.740000,D,P,246556.000000
Tue Jul 29 07:20:48 2025,29-Jul-2025,102053,46 34.684400 N,061 53.776100 W,2.1,70.7,A,DoorSpread,DoorMaster,5.740000,D,P,246556.000000
Tue Jul 29 07:20:54 2025,29-Jul-2025,102054,46 34.684700 N,061 53.775300 W,2.1,69.9,A,DoorSpread,DoorMaster,5.520000,D,P,372456.000000
Tue Jul 29 07:20:54 2025,29-Jul-2025,102055,46 34.685200 N,061 53.774700 W,2.2,68.3,A,DoorSpread,DoorMaster,5.520000,D,P,372456.000000
Tue Jul 29 07:20:54 2025,29-Jul-2025,102056,46 34.685500 N,061 53.774000 W,2.1,68.0,A,DoorSpread,DoorMaster,5.520000,D,P,372456.000000
Tue Jul 29 07:20:54 2025,29-Jul-2025,102057,46 34.685600 N,061 53.773300 W,2.1,68.1,A,DoorSpread,DoorMaster,5.520000,D,P,372456.000000
Tue Jul 29 07:20:54 2025,29-Jul-2025,102058,46 34.685800 N,061 53.772700 W,2.1,68.2,A,DoorSpread,DoorMaster,5.520000,D,P,372456.000000
Tue Jul 29 07:20:59 2025,29-Jul-2025,102059,46 34.685900 N,061 53.772100 W,2.1,68.5,A,DoorSpread,DoorMaster,5.605000,D,P,299582.000000
Tue Jul 29 07:20:59 2025,29-Jul-2025,102100,46 34.686100 N,061 53.771300 W,2.1,68.7,A,DoorSpread,DoorMaster,5.605000,D,P,299582.000000
Tue Jul 29 07:20:59 2025,29-Jul-2025,102101,46 34.686300 N,061 53.770400 W,2.2,68.8,A,DoorSpread,DoorMaster,5.605000,D,P,299582.000000
Tue Jul 29 07:20:59 2025,29-Jul-2025,102102,46 34.686600 N,061 53.769600 W,2.2,68.6,A,DoorSpread,DoorMaster,5.605000,D,P,299582.000000
Tue Jul 29 07:20:59 2025,29-Jul-2025,102103,46 34.686900 N,061 53.768800 W,2.2,68.7,A,DoorSpread,DoorMaster,5.605000,D,P,299582.000000
Tue Jul 29 07:20:59 2025,29-Jul-2025,102104,46 34.687000 N,061 53.767900 W,2.2,68.9,A,DoorSpread,DoorMaster,5.605000,D,P,299582.000000
Tue Jul 29 07:21:05 2025,29-Jul-2025,102105,46 34.687200 N,061 53.767100 W,2.2,69.2,A,DoorSpread,DoorMaster,5.795000,D,S,93884.000000
Tue Jul 29 07:21:05 2025,29-Jul-2025,102106,46 34.687400 N,061 53.766300 W,2.2,69.3,A,DoorSpread,DoorMaster,5.795000,D,S,93884.000000
Tue Jul 29 07:21:05 2025,29-Jul-2025,102107,46 34.687600 N,061 53.765500 W,2.2,69.5,A,DoorSpread,DoorMaster,5.795000,D,S,93884.000000
Tue Jul 29 07:21:05 2025,29-Jul-2025,102108,46 34.687800 N,061 53.764600 W,2.2,69.8,A,DoorSpread,DoorMaster,5.795000,D,S,93884.000000
Tue Jul 29 07:21:05 2025,29-Jul-2025,102109,46 34.688000 N,061 53.763700 W,2.2,70.1,A,DoorSpread,DoorMaster,5.795000,D,S,93884.000000
Tue Jul 29 07:21:09 2025,29-Jul-2025,102110,46 34.688200 N,061 53.762800 W,2.2,70.2,A,Secondary,Headline,29.632653,D,P,21178.000000
Tue Jul 29 07:21:10 2025,29-Jul-2025,102111,46 34.688400 N,061 53.762000 W,2.2,70.2,A,DoorSpread,DoorMaster,5.680000,D,S,173170.000000
Tue Jul 29 07:21:10 2025,29-Jul-2025,102112,46 34.688500 N,061 53.761000 W,2.3,70.7,A,DoorSpread,DoorMaster,5.680000,D,S,173170.000000
Tue Jul 29 07:21:10 2025,29-Jul-2025,102113,46 34.688800 N,061 53.759900 W,2.3,71.0,A,DoorSpread,DoorMaster,5.680000,D,S,173170.000000
Tue Jul 29 07:21:10 2025,29-Jul-2025,102114,46 34.689000 N,061 53.759000 W,2.3,71.3,A,DoorSpread,DoorMaster,5.680000,D,S,173170.000000
Tue Jul 29 07:21:10 2025,29-Jul-2025,102115,46 34.689300 N,061 53.758300 W,2.3,71.2,A,DoorSpread,DoorMaster,5.680000,D,S,173170.000000
Tue Jul 29 07:21:16 2025,29-Jul-2025,102116,46 34.689500 N,061 53.757500 W,2.3,71.0,A,DoorSpread,DoorMaster,6.280000,D,S,275725.000000
Tue Jul 29 07:21:16 2025,29-Jul-2025,102117,46 34.689800 N,061 53.756700 W,2.2,70.7,A,DoorSpread,DoorMaster,6.280000,D,S,275725.000000
Tue Jul 29 07:21:16 2025,29-Jul-2025,102118,46 34.690000 N,061 53.755900 W,2.2,70.6,A,DoorSpread,DoorMaster,6.280000,D,S,275725.000000
Tue Jul 29 07:21:16 2025,29-Jul-2025,102119,46 34.690200 N,061 53.755100 W,2.1,70.5,A,DoorSpread,DoorMaster,6.280000,D,S,275725.000000
Tue Jul 29 07:21:16 2025,29-Jul-2025,102120,46 34.690500 N,061 53.754500 W,2.1,70.3,A,DoorSpread,DoorMaster,6.280000,D,S,275725.000000
Tue Jul 29 07:21:16 2025,29-Jul-2025,102121,46 34.690700 N,061 53.753800 W,2.1,70.2,A,DoorSpread,DoorMaster,6.280000,D,S,275725.000000
Tue Jul 29 07:21:22 2025,29-Jul-2025,102122,46 34.690900 N,061 53.753100 W,2.1,70.1,A,Secondary,Headline,31.285714,D,P,33462.000000
Tue Jul 29 07:21:22 2025,29-Jul-2025,102123,46 34.691200 N,061 53.752200 W,2.1,69.7,A,Secondary,Headline,31.285714,D,P,33462.000000
Tue Jul 29 07:21:22 2025,29-Jul-2025,102124,46 34.691400 N,061 53.751500 W,2.1,69.3,A,Secondary,Headline,31.285714,D,P,33462.000000
Tue Jul 29 07:21:22 2025,29-Jul-2025,102125,46 34.691600 N,061 53.750700 W,2.1,69.4,A,Secondary,Headline,31.285714,D,P,33462.000000
Tue Jul 29 07:21:22 2025,29-Jul-2025,102126,46 34.691700 N,061 53.750100 W,2.0,69.5,A,Secondary,Headline,31.285714,D,P,33462.000000
Tue Jul 29 07:21:22 2025,29-Jul-2025,102127,46 34.691800 N,061 53.749500 W,2.1,69.6,A,Secondary,Headline,31.285714,D,P,33462.000000
Tue Jul 29 07:21:27 2025,29-Jul-2025,102128,46 34.692000 N,061 53.748800 W,2.1,70.0,A,DoorSpread,DoorMaster,7.780000,D,S,192978.000000
Tue Jul 29 07:21:27 2025,29-Jul-2025,102129,46 34.692100 N,061 53.748000 W,2.1,70.1,A,DoorSpread,DoorMaster,7.780000,D,S,192978.000000
Tue Jul 29 07:21:27 2025,29-Jul-2025,102130,46 34.692400 N,061 53.747300 W,2.1,70.1,A,DoorSpread,DoorMaster,7.780000,D,S,192978.000000
Tue Jul 29 07:21:27 2025,29-Jul-2025,102131,46 34.692700 N,061 53.746700 W,2.1,70.0,A,DoorSpread,DoorMaster,7.780000,D,S,192978.000000
Tue Jul 29 07:21:27 2025,29-Jul-2025,102132,46 34.692800 N,061 53.746000 W,2.1,69.9,A,DoorSpread,DoorMaster,7.780000,D,S,192978.000000
Tue Jul 29 07:21:33 2025,29-Jul-2025,102133,46 34.693000 N,061 53.745300 W,2.1,69.8,A,DoorSpread,DoorMaster,6.655000,D,P,127463.000000
Tue Jul 29 07:21:33 2025,29-Jul-2025,102134,46 34.693200 N,061 53.744600 W,2.0,69.8,A,DoorSpread,DoorMaster,6.655000,D,P,127463.000000
Tue Jul 29 07:21:33 2025,29-Jul-2025,102135,46 34.693300 N,061 53.743900 W,2.0,69.8,A,DoorSpread,DoorMaster,6.655000,D,P,127463.000000
Tue Jul 29 07:21:33 2025,29-Jul-2025,102136,46 34.693500 N,061 53.743100 W,2.1,69.7,A,DoorSpread,DoorMaster,6.655000,D,P,127463.000000
Tue Jul 29 07:21:36 2025,29-Jul-2025,102137,46 34.693800 N,061 53.742400 W,2.1,69.1,A,Primary,Headline,42.530612,D,P,17910.000000
Tue Jul 29 07:21:36 2025,29-Jul-2025,102138,46 34.694100 N,061 53.741600 W,2.1,68.7,A,Primary,Headline,42.530612,D,P,17910.000000
Tue Jul 29 07:21:39 2025,29-Jul-2025,102139,46 34.694300 N,061 53.740800 W,2.1,68.5,A,Primary,Headline,12.714286,D,S,28752.000000
Tue Jul 29 07:21:39 2025,29-Jul-2025,102140,46 34.694600 N,061 53.740200 W,2.0,68.2,A,Primary,Headline,12.714286,D,S,28752.000000
Tue Jul 29 07:21:39 2025,29-Jul-2025,102141,46 34.694800 N,061 53.739400 W,2.0,68.2,A,Primary,Headline,12.714286,D,S,28752.000000
Tue Jul 29 07:21:42 2025,29-Jul-2025,102142,46 34.694900 N,061 53.738600 W,2.0,68.3,A,Primary,Headline,32.959184,D,P,103453.000000
Tue Jul 29 07:21:42 2025,29-Jul-2025,102143,46 34.695200 N,061 53.737800 W,2.0,68.1,A,Primary,Headline,32.959184,D,P,103453.000000
Tue Jul 29 07:21:42 2025,29-Jul-2025,102144,46 34.695500 N,061 53.737000 W,2.1,68.0,A,Primary,Headline,32.959184,D,P,103453.000000
Tue Jul 29 07:21:44 2025,29-Jul-2025,102145,46 34.695600 N,061 53.736100 W,2.1,68.3,A,Secondary,Headline,21.775510,D,S,53124.000000
Tue Jul 29 07:21:44 2025,29-Jul-2025,102146,46 34.695800 N,061 53.735100 W,2.2,69.2,A,Secondary,Headline,21.775510,D,S,53124.000000
Tue Jul 29 07:21:44 2025,29-Jul-2025,102147,46 34.696000 N,061 53.734100 W,2.2,69.3,A,Secondary,Headline,21.775510,D,S,53124.000000
Tue Jul 29 07:21:44 2025,29-Jul-2025,102148,46 34.696200 N,061 53.733300 W,2.2,69.8,A,Secondary,Headline,21.775510,D,S,53124.000000
Tue Jul 29 07:21:49 2025,29-Jul-2025,102149,46 34.696400 N,061 53.732400 W,2.2,70.2,A,DoorSpread,DoorMaster,6.570000,D,P,218060.000000
Tue Jul 29 07:21:49 2025,29-Jul-2025,102150,46 34.696600 N,061 53.731600 W,2.2,70.2,A,DoorSpread,DoorMaster,6.570000,D,P,218060.000000
Tue Jul 29 07:21:49 2025,29-Jul-2025,102151,46 34.696800 N,061 53.730700 W,2.2,70.1,A,DoorSpread,DoorMaster,6.570000,D,P,218060.000000
Tue Jul 29 07:21:49 2025,29-Jul-2025,102152,46 34.697000 N,061 53.729900 W,2.2,69.9,A,DoorSpread,DoorMaster,6.570000,D,P,218060.000000
Tue Jul 29 07:21:49 2025,29-Jul-2025,102153,46 34.697200 N,061 53.729200 W,2.1,69.9,A,DoorSpread,DoorMaster,6.570000,D,P,218060.000000
Tue Jul 29 07:21:49 2025,29-Jul-2025,102154,46 34.697400 N,061 53.728400 W,2.1,69.9,A,DoorSpread,DoorMaster,6.570000,D,P,218060.000000
Tue Jul 29 07:21:55 2025,29-Jul-2025,102155,46 34.697600 N,061 53.727700 W,2.1,70.0,A,DoorSpread,DoorMaster,6.920000,D,S,92262.000000
Tue Jul 29 07:21:55 2025,29-Jul-2025,102156,46 34.697700 N,061 53.727000 W,2.1,70.1,A,DoorSpread,DoorMaster,6.920000,D,S,92262.000000
Tue Jul 29 07:21:55 2025,29-Jul-2025,102157,46 34.697900 N,061 53.726400 W,2.0,70.1,A,DoorSpread,DoorMaster,6.920000,D,S,92262.000000
Tue Jul 29 07:21:55 2025,29-Jul-2025,102158,46 34.698000 N,061 53.725600 W,2.1,70.1,A,DoorSpread,DoorMaster,6.920000,D,S,92262.000000
Tue Jul 29 07:21:55 2025,29-Jul-2025,102159,46 34.698100 N,061 53.724700 W,2.1,70.1,A,DoorSpread,DoorMaster,6.920000,D,S,92262.000000
Tue Jul 29 07:21:55 2025,29-Jul-2025,102200,46 34.698300 N,061 53.723800 W,2.2,70.1,A,DoorSpread,DoorMaster,6.920000,D,S,92262.000000
Tue Jul 29 07:22:00 2025,29-Jul-2025,102201,46 34.698500 N,061 53.722600 W,2.4,70.5,A,DoorSpread,DoorMaster,7.180000,D,S,145067.000000
Tue Jul 29 07:22:00 2025,29-Jul-2025,102202,46 34.698700 N,061 53.721400 W,2.5,70.8,A,DoorSpread,DoorMaster,7.180000,D,S,145067.000000
Tue Jul 29 07:22:00 2025,29-Jul-2025,102203,46 34.699000 N,061 53.720200 W,2.6,71.0,A,DoorSpread,DoorMaster,7.180000,D,S,145067.000000
Tue Jul 29 07:22:00 2025,29-Jul-2025,102204,46 34.699300 N,061 53.719000 W,2.7,71.0,A,DoorSpread,DoorMaster,7.180000,D,S,145067.000000
Tue Jul 29 07:22:00 2025,29-Jul-2025,102205,46 34.699600 N,061 53.717800 W,2.8,71.0,A,DoorSpread,DoorMaster,7.180000,D,S,145067.000000
Tue Jul 29 07:22:06 2025,29-Jul-2025,102206,46 34.700000 N,061 53.716500 W,3.0,71.1,A,DoorSpread,DoorMaster,6.440000,D,S,159518.000000
Tue Jul 29 07:22:06 2025,29-Jul-2025,102207,46 34.700300 N,061 53.715300 W,3.0,71.1,A,DoorSpread,DoorMaster,6.440000,D,S,159518.000000
Tue Jul 29 07:22:06 2025,29-Jul-2025,102208,46 34.700600 N,061 53.714100 W,3.0,70.9,A,DoorSpread,DoorMaster,6.440000,D,S,159518.000000
Tue Jul 29 07:22:06 2025,29-Jul-2025,102209,46 34.701000 N,061 53.712700 W,3.1,70.7,A,DoorSpread,DoorMaster,6.440000,D,S,159518.000000
Tue Jul 29 07:22:06 2025,29-Jul-2025,102210,46 34.701400 N,061 53.711300 W,3.2,70.5,A,DoorSpread,DoorMaster,6.440000,D,S,159518.000000
Tue Jul 29 07:22:06 2025,29-Jul-2025,102211,46 34.701800 N,061 53.710100 W,3.2,70.2,A,DoorSpread,DoorMaster,6.440000,D,S,159518.000000
Tue Jul 29 07:22:12 2025,29-Jul-2025,102212,46 34.702100 N,061 53.708800 W,3.2,70.1,A,DoorSpread,DoorMaster,8.330000,D,P,108518.000000
Tue Jul 29 07:22:12 2025,29-Jul-2025,102213,46 34.702500 N,061 53.707500 W,3.3,70.0,A,DoorSpread,DoorMaster,8.330000,D,P,108518.000000
Tue Jul 29 07:22:12 2025,29-Jul-2025,102214,46 34.702900 N,061 53.706100 W,3.3,69.8,A,DoorSpread,DoorMaster,8.330000,D,P,108518.000000
Tue Jul 29 07:22:12 2025,29-Jul-2025,102215,46 34.703400 N,061 53.704900 W,3.4,69.5,A,DoorSpread,DoorMaster,8.330000,D,P,108518.000000
Tue Jul 29 07:22:12 2025,29-Jul-2025,102216,46 34.703800 N,061 53.703700 W,3.3,69.4,A,DoorSpread,DoorMaster,8.330000,D,P,108518.000000
Tue Jul 29 07:22:12 2025,29-Jul-2025,102217,46 34.704100 N,061 53.702600 W,3.3,69.4,A,DoorSpread,DoorMaster,8.330000,D,P,108518.000000
Tue Jul 29 07:22:12 2025,29-Jul-2025,102218,46 34.704400 N,061 53.701300 W,3.4,69.3,A,DoorSpread,DoorMaster,8.330000,D,P,108518.000000
Tue Jul 29 07:22:12 2025,29-Jul-2025,102219,46 34.704800 N,061 53.700000 W,3.4,69.3,A,DoorSpread,DoorMaster,8.330000,D,P,108518.000000
Tue Jul 29 07:22:12 2025,29-Jul-2025,102220,46 34.705000 N,061 53.698800 W,3.3,69.3,A,DoorSpread,DoorMaster,8.330000,D,P,108518.000000
Tue Jul 29 07:22:12 2025,29-Jul-2025,102221,46 34.705300 N,061 53.697700 W,3.2,69.3,A,DoorSpread,DoorMaster,8.330000,D,P,108518.000000
Tue Jul 29 07:22:12 2025,29-Jul-2025,102222,46 34.705500 N,061 53.696700 W,3.2,69.3,A,DoorSpread,DoorMaster,8.330000,D,P,108518.000000
Tue Jul 29 07:22:22 2025,29-Jul-2025,102223,46 34.705800 N,061 53.695500 W,3.2,69.5,A,DoorSpread,DoorMaster,7.790000,D,S,92360.000000
Tue Jul 29 07:22:22 2025,29-Jul-2025,102224,46 34.706100 N,061 53.694200 W,3.2,69.7,A,DoorSpread,DoorMaster,7.790000,D,S,92360.000000
Tue Jul 29 07:22:22 2025,29-Jul-2025,102225,46 34.706200 N,061 53.693000 W,3.2,70.2,A,DoorSpread,DoorMaster,7.790000,D,S,92360.000000
Tue Jul 29 07:22:22 2025,29-Jul-2025,102226,46 34.706500 N,061 53.691700 W,3.2,71.1,A,DoorSpread,DoorMaster,7.790000,D,S,92360.000000
Tue Jul 29 07:22:22 2025,29-Jul-2025,102227,46 34.706700 N,061 53.690600 W,3.1,71.7,A,DoorSpread,DoorMaster,7.790000,D,S,92360.000000
Tue Jul 29 07:22:28 2025,29-Jul-2025,102228,46 34.707000 N,061 53.689700 W,3.1,72.0,A,DoorSpread,DoorMaster,6.655000,D,P,115695.000000
Tue Jul 29 07:22:28 2025,29-Jul-2025,102229,46 34.707100 N,061 53.688700 W,3.1,72.5,A,DoorSpread,DoorMaster,6.655000,D,P,115695.000000
Tue Jul 29 07:22:28 2025,29-Jul-2025,102230,46 34.707200 N,061 53.687600 W,3.0,72.9,A,DoorSpread,DoorMaster,6.655000,D,P,115695.000000
Tue Jul 29 07:22:30 2025,29-Jul-2025,102231,46 34.707200 N,061 53.686500 W,3.0,73.2,A,FishCount,Headline,6.268707,D,S,26257.000000
Tue Jul 29 07:22:30 2025,29-Jul-2025,102232,46 34.707300 N,061 53.685500 W,2.9,73.2,A,FishCount,Headline,6.268707,D,S,26257.000000
Tue Jul 29 07:22:33 2025,29-Jul-2025,102233,46 34.707400 N,061 53.684600 W,2.8,73.1,A,FishCount,Headline,5.170068,D,P,15385.000000
Tue Jul 29 07:22:34 2025,29-Jul-2025,102234,46 34.707600 N,061 53.683700 W,2.7,72.9,A,DoorSpread,DoorMaster,6.440000,D,S,179591.000000
Tue Jul 29 07:22:34 2025,29-Jul-2025,102235,46 34.707900 N,061 53.682800 W,2.7,72.5,A,DoorSpread,DoorMaster,6.440000,D,S,179591.000000
Tue Jul 29 07:22:34 2025,29-Jul-2025,102236,46 34.708100 N,061 53.682000 W,2.6,72.0,A,DoorSpread,DoorMaster,6.440000,D,S,179591.000000
Tue Jul 29 07:22:37 2025,29-Jul-2025,102237,46 34.708400 N,061 53.681200 W,2.6,71.3,A,Secondary,Headline,6.000000,D,S,75141.000000
Tue Jul 29 07:22:37 2025,29-Jul-2025,102238,46 34.708600 N,061 53.680500 W,2.5,70.7,A,Secondary,Headline,6.000000,D,S,75141.000000
Tue Jul 29 07:22:38 2025,29-Jul-2025,102239,46 34.708800 N,061 53.679700 W,2.4,70.1,A,Primary,Headline,42.122449,D,P,11857.000000
Tue Jul 29 07:22:39 2025,29-Jul-2025,102240,46 34.709100 N,061 53.679000 W,2.4,69.3,A,DoorSpread,DoorMaster,6.490000,D,S,109126.000000
Tue Jul 29 07:22:39 2025,29-Jul-2025,102241,46 34.709500 N,061 53.678100 W,2.4,68.2,A,DoorSpread,DoorMaster,6.490000,D,S,109126.000000
Tue Jul 29 07:22:39 2025,29-Jul-2025,102242,46 34.709800 N,061 53.677400 W,2.3,67.4,A,DoorSpread,DoorMaster,6.490000,D,S,109126.000000
Tue Jul 29 07:22:39 2025,29-Jul-2025,102243,46 34.710100 N,061 53.676700 W,2.3,66.9,A,DoorSpread,DoorMaster,6.490000,D,S,109126.000000
Tue Jul 29 07:22:39 2025,29-Jul-2025,102244,46 34.710200 N,061 53.675900 W,2.3,67.1,A,DoorSpread,DoorMaster,6.490000,D,S,109126.000000
Tue Jul 29 07:22:45 2025,29-Jul-2025,102245,46 34.710300 N,061 53.675000 W,2.3,67.3,A,DoorSpread,DoorMaster,5.580000,D,S,147172.000000
Tue Jul 29 07:22:45 2025,29-Jul-2025,102246,46 34.710500 N,061 53.674200 W,2.2,67.4,A,DoorSpread,DoorMaster,5.580000,D,S,147172.000000
Tue Jul 29 07:22:45 2025,29-Jul-2025,102247,46 34.710700 N,061 53.673500 W,2.2,67.5,A,DoorSpread,DoorMaster,5.580000,D,S,147172.000000
Tue Jul 29 07:22:45 2025,29-Jul-2025,102248,46 34.710800 N,061 53.672700 W,2.3,67.6,A,DoorSpread,DoorMaster,5.580000,D,S,147172.000000
Tue Jul 29 07:22:45 2025,29-Jul-2025,102249,46 34.710900 N,061 53.671900 W,2.2,67.7,A,DoorSpread,DoorMaster,5.580000,D,S,147172.000000
Tue Jul 29 07:22:45 2025,29-Jul-2025,102250,46 34.711000 N,061 53.671300 W,2.1,67.7,A,DoorSpread,DoorMaster,5.580000,D,S,147172.000000
Tue Jul 29 07:22:50 2025,29-Jul-2025,102251,46 34.711200 N,061 53.670600 W,2.1,67.5,A,DoorSpread,DoorMaster,5.990000,D,S,247496.000000
Tue Jul 29 07:22:50 2025,29-Jul-2025,102252,46 34.711500 N,061 53.669800 W,2.1,67.4,A,DoorSpread,DoorMaster,5.990000,D,S,247496.000000
Tue Jul 29 07:22:50 2025,29-Jul-2025,102253,46 34.711600 N,061 53.669000 W,2.1,67.4,A,DoorSpread,DoorMaster,5.990000,D,S,247496.000000
Tue Jul 29 07:22:50 2025,29-Jul-2025,102254,46 34.711800 N,061 53.668300 W,2.0,67.5,A,DoorSpread,DoorMaster,5.990000,D,S,247496.000000
Tue Jul 29 07:22:50 2025,29-Jul-2025,102255,46 34.712000 N,061 53.667600 W,2.0,67.5,A,DoorSpread,DoorMaster,5.990000,D,S,247496.000000
Tue Jul 29 07:22:56 2025,29-Jul-2025,102256,46 34.712200 N,061 53.667000 W,2.1,67.8,A,DoorSpread,DoorMaster,5.835000,D,S,153687.000000
Tue Jul 29 07:22:56 2025,29-Jul-2025,102257,46 34.712400 N,061 53.666300 W,2.0,68.1,A,DoorSpread,DoorMaster,5.835000,D,S,153687.000000
Tue Jul 29 07:22:56 2025,29-Jul-2025,102258,46 34.712600 N,061 53.665600 W,2.0,68.3,A,DoorSpread,DoorMaster,5.835000,D,S,153687.000000
Tue Jul 29 07:22:56 2025,29-Jul-2025,102259,46 34.712900 N,061 53.664900 W,2.0,68.3,A,DoorSpread,DoorMaster,5.835000,D,S,153687.000000
Tue Jul 29 07:22:56 2025,29-Jul-2025,102300,46 34.713100 N,061 53.664200 W,2.0,68.4,A,DoorSpread,DoorMaster,5.835000,D,S,153687.000000
Tue Jul 29 07:22:56 2025,29-Jul-2025,102301,46 34.713300 N,061 53.663600 W,2.0,68.4,A,DoorSpread,DoorMaster,5.835000,D,S,153687.000000
Tue Jul 29 07:23:01 2025,29-Jul-2025,102302,46 34.713600 N,061 53.663000 W,1.9,68.0,A,DoorSpread,DoorMaster,5.805000,D,P,214867.000000
Tue Jul 29 07:23:01 2025,29-Jul-2025,102303,46 34.713800 N,061 53.662400 W,2.0,67.6,A,DoorSpread,DoorMaster,5.805000,D,P,214867.000000
Tue Jul 29 07:23:01 2025,29-Jul-2025,102304,46 34.714000 N,061 53.661600 W,2.0,67.6,A,DoorSpread,DoorMaster,5.805000,D,P,214867.000000
Tue Jul 29 07:23:01 2025,29-Jul-2025,102305,46 34.714100 N,061 53.660900 W,1.9,67.5,A,DoorSpread,DoorMaster,5.805000,D,P,214867.000000
Tue Jul 29 07:23:01 2025,29-Jul-2025,102306,46 34.714400 N,061 53.660300 W,1.9,67.3,A,DoorSpread,DoorMaster,5.805000,D,P,214867.000000
Tue Jul 29 07:23:07 2025,29-Jul-2025,102307,46 34.714600 N,061 53.659600 W,1.9,67.1,A,DoorSpread,DoorMaster,5.650000,D,S,129064.000000
Tue Jul 29 07:23:07 2025,29-Jul-2025,102308,46 34.714900 N,061 53.659000 W,1.9,66.9,A,DoorSpread,DoorMaster,5.650000,D,S,129064.000000
Tue Jul 29 07:23:07 2025,29-Jul-2025,102309,46 34.715100 N,061 53.658200 W,2.0,66.6,A,DoorSpread,DoorMaster,5.650000,D,S,129064.000000
Tue Jul 29 07:23:07 2025,29-Jul-2025,102310,46 34.715400 N,061 53.657400 W,2.0,66.5,A,DoorSpread,DoorMaster,5.650000,D,S,129064.000000
Tue Jul 29 07:23:10 2025,29-Jul-2025,102311,46 34.715700 N,061 53.656600 W,2.0,66.5,A,Secondary,Headline,29.326531,D,S,84037.000000
Tue Jul 29 07:23:10 2025,29-Jul-2025,102312,46 34.715900 N,061 53.655700 W,2.0,66.5,A,Secondary,Headline,29.326531,D,S,84037.000000
Tue Jul 29 07:23:13 2025,29-Jul-2025,102313,46 34.716100 N,061 53.654900 W,2.0,66.6,A,DoorSpread,DoorMaster,5.650000,D,S,146654.000000
Tue Jul 29 07:23:13 2025,29-Jul-2025,102314,46 34.716300 N,061 53.654100 W,2.0,66.7,A,DoorSpread,DoorMaster,5.650000,D,S,146654.000000
Tue Jul 29 07:23:13 2025,29-Jul-2025,102315,46 34.716600 N,061 53.653400 W,1.9,66.7,A,DoorSpread,DoorMaster,5.650000,D,S,146654.000000
Tue Jul 29 07:23:13 2025,29-Jul-2025,102316,46 34.716800 N,061 53.652800 W,1.9,66.6,A,DoorSpread,DoorMaster,5.650000,D,S,146654.000000
Tue Jul 29 07:23:13 2025,29-Jul-2025,102317,46 34.717000 N,061 53.652100 W,1.9,66.6,A,DoorSpread,DoorMaster,5.650000,D,S,146654.000000
Tue Jul 29 07:23:18 2025,29-Jul-2025,102318,46 34.717200 N,061 53.651400 W,1.9,66.7,A,DoorSpread,DoorMaster,5.805000,D,P,189982.000000
Tue Jul 29 07:23:18 2025,29-Jul-2025,102319,46 34.717400 N,061 53.650700 W,1.9,66.6,A,DoorSpread,DoorMaster,5.805000,D,P,189982.000000
Tue Jul 29 07:23:18 2025,29-Jul-2025,102320,46 34.717600 N,061 53.649900 W,1.9,66.7,A,DoorSpread,DoorMaster,5.805000,D,P,189982.000000
Tue Jul 29 07:23:18 2025,29-Jul-2025,102321,46 34.717700 N,061 53.649300 W,1.8,66.8,A,DoorSpread,DoorMaster,5.805000,D,P,189982.000000
Tue Jul 29 07:23:18 2025,29-Jul-2025,102322,46 34.717800 N,061 53.648700 W,1.8,66.9,A,DoorSpread,DoorMaster,5.805000,D,P,189982.000000
Tue Jul 29 07:23:18 2025,29-Jul-2025,102323,46 34.718100 N,061 53.648000 W,1.9,66.6,A,DoorSpread,DoorMaster,5.805000,D,P,189982.000000
Tue Jul 29 07:23:24 2025,29-Jul-2025,102324,46 34.718200 N,061 53.647100 W,1.9,67.5,A,DoorSpread,DoorMaster,5.275000,D,P,122024.000000
Tue Jul 29 07:23:24 2025,29-Jul-2025,102325,46 34.718300 N,061 53.646300 W,2.0,67.7,A,DoorSpread,DoorMaster,5.275000,D,P,122024.000000
Tue Jul 29 07:23:24 2025,29-Jul-2025,102326,46 34.718600 N,061 53.645400 W,2.1,67.3,A,DoorSpread,DoorMaster,5.275000,D,P,122024.000000
Tue Jul 29 07:23:24 2025,29-Jul-2025,102327,46 34.718800 N,061 53.644600 W,2.1,66.9,A,DoorSpread,DoorMaster,5.275000,D,P,122024.000000
Tue Jul 29 07:23:24 2025,29-Jul-2025,102328,46 34.719100 N,061 53.643700 W,2.1,66.5,A,DoorSpread,DoorMaster,5.275000,D,P,122024.000000
Tue Jul 29 07:23:29 2025,29-Jul-2025,102329,46 34.719300 N,061 53.643000 W,2.1,66.2,A,DoorSpread,DoorMaster,5.490000,D,P,137886.000000
Tue Jul 29 07:23:29 2025,29-Jul-2025,102330,46 34.719500 N,061 53.642500 W,2.1,65.5,A,DoorSpread,DoorMaster,5.490000,D,P,137886.000000
Tue Jul 29 07:23:29 2025,29-Jul-2025,102331,46 34.719800 N,061 53.641800 W,2.1,64.9,A,DoorSpread,DoorMaster,5.490000,D,P,137886.000000
Tue Jul 29 07:23:29 2025,29-Jul-2025,102332,46 34.719900 N,061 53.641100 W,2.1,65.0,A,DoorSpread,DoorMaster,5.490000,D,P,137886.000000
Tue Jul 29 07:23:29 2025,29-Jul-2025,102333,46 34.720000 N,061 53.640500 W,2.1,64.9,A,DoorSpread,DoorMaster,5.490000,D,P,137886.000000
Tue Jul 29 07:23:29 2025,29-Jul-2025,102334,46 34.720200 N,061 53.639900 W,2.1,64.0,A,DoorSpread,DoorMaster,5.490000,D,P,137886.000000
Tue Jul 29 07:23:35 2025,29-Jul-2025,102335,46 34.720500 N,061 53.639100 W,2.1,63.7,A,DoorSpread,DoorMaster,5.300000,D,P,102039.000000
Tue Jul 29 07:23:35 2025,29-Jul-2025,102336,46 34.720600 N,061 53.638300 W,2.1,63.5,A,DoorSpread,DoorMaster,5.300000,D,P,102039.000000
Tue Jul 29 07:23:35 2025,29-Jul-2025,102337,46 34.720700 N,061 53.637600 W,2.1,63.4,A,DoorSpread,DoorMaster,5.300000,D,P,102039.000000
Tue Jul 29 07:23:35 2025,29-Jul-2025,102338,46 34.720900 N,061 53.636700 W,2.1,63.2,A,DoorSpread,DoorMaster,5.300000,D,P,102039.000000
Tue Jul 29 07:23:35 2025,29-Jul-2025,102339,46 34.721000 N,061 53.635800 W,2.1,63.2,A,DoorSpread,DoorMaster,5.300000,D,P,102039.000000
Tue Jul 29 07:23:35 2025,29-Jul-2025,102340,46 34.721200 N,061 53.635000 W,2.1,63.0,A,DoorSpread,DoorMaster,5.300000,D,P,102039.000000
Tue Jul 29 07:23:40 2025,29-Jul-2025,102341,46 34.721500 N,061 53.634400 W,2.1,62.5,A,DoorSpread,DoorMaster,5.175000,D,S,194864.000000
Tue Jul 29 07:23:40 2025,29-Jul-2025,102342,46 34.721800 N,061 53.633500 W,2.1,62.4,A,DoorSpread,DoorMaster,5.175000,D,S,194864.000000
Tue Jul 29 07:23:40 2025,29-Jul-2025,102343,46 34.722000 N,061 53.632800 W,2.1,61.9,A,DoorSpread,DoorMaster,5.175000,D,S,194864.000000
Tue Jul 29 07:23:40 2025,29-Jul-2025,102344,46 34.722400 N,061 53.632200 W,2.1,61.4,A,DoorSpread,DoorMaster,5.175000,D,S,194864.000000
Tue Jul 29 07:23:40 2025,29-Jul-2025,102345,46 34.722700 N,061 53.631600 W,2.1,60.9,A,DoorSpread,DoorMaster,5.175000,D,S,194864.000000
Tue Jul 29 07:23:46 2025,29-Jul-2025,102346,46 34.722900 N,061 53.631000 W,2.0,60.4,A,DoorSpread,DoorMaster,4.740000,D,P,125840.000000
Tue Jul 29 07:23:46 2025,29-Jul-2025,102347,46 34.723300 N,061 53.630400 W,2.1,59.7,A,DoorSpread,DoorMaster,4.740000,D,P,125840.000000
Tue Jul 29 07:23:46 2025,29-Jul-2025,102348,46 34.723700 N,061 53.629600 W,2.1,59.4,A,DoorSpread,DoorMaster,4.740000,D,P,125840.000000
Tue Jul 29 07:23:46 2025,29-Jul-2025,102349,46 34.724000 N,061 53.628800 W,2.2,59.7,A,DoorSpread,DoorMaster,4.740000,D,P,125840.000000
Tue Jul 29 07:23:46 2025,29-Jul-2025,102350,46 34.724200 N,061 53.628000 W,2.2,60.2,A,DoorSpread,DoorMaster,4.740000,D,P,125840.000000
Tue Jul 29 07:23:46 2025,29-Jul-2025,102351,46 34.724500 N,061 53.627200 W,2.2,60.7,A,DoorSpread,DoorMaster,4.740000,D,P,125840.000000
Tue Jul 29 07:23:51 2025,29-Jul-2025,102352,46 34.724800 N,061 53.626500 W,2.2,61.0,A,DoorSpread,DoorMaster,4.400000,D,P,192452.000000
Tue Jul 29 07:23:51 2025,29-Jul-2025,102353,46 34.725000 N,061 53.625800 W,2.2,61.5,A,DoorSpread,DoorMaster,4.400000,D,P,192452.000000
Tue Jul 29 07:23:51 2025,29-Jul-2025,102354,46 34.725300 N,061 53.625100 W,2.2,61.7,A,DoorSpread,DoorMaster,4.400000,D,P,192452.000000
Tue Jul 29 07:23:51 2025,29-Jul-2025,102355,46 34.725600 N,061 53.624500 W,2.2,61.5,A,DoorSpread,DoorMaster,4.400000,D,P,192452.000000
Tue Jul 29 07:23:51 2025,29-Jul-2025,102356,46 34.725800 N,061 53.623700 W,2.2,61.7,A,DoorSpread,DoorMaster,4.400000,D,P,192452.000000
Tue Jul 29 07:23:57 2025,29-Jul-2025,102357,46 34.726000 N,061 53.622900 W,2.2,61.8,A,DoorSpread,DoorMaster,4.585000,D,P,121248.000000
Tue Jul 29 07:23:57 2025,29-Jul-2025,102358,46 34.726200 N,061 53.622200 W,2.2,61.9,A,DoorSpread,DoorMaster,4.585000,D,P,121248.000000
Tue Jul 29 07:23:57 2025,29-Jul-2025,102359,46 34.726400 N,061 53.621300 W,2.2,62.1,A,DoorSpread,DoorMaster,4.585000,D,P,121248.000000
Tue Jul 29 07:23:57 2025,29-Jul-2025,102400,46 34.726700 N,061 53.620400 W,2.4,62.1,A,DoorSpread,DoorMaster,4.585000,D,P,121248.000000
Tue Jul 29 07:24:00 2025,29-Jul-2025,102401,46 34.727100 N,061 53.619500 W,2.3,62.2,A,Secondary,Headline,20.122449,D,P,97639.000000
Tue Jul 29 07:24:02 2025,29-Jul-2025,102402,46 34.727300 N,061 53.618700 W,2.3,62.3,A,DoorSpread,DoorMaster,4.450000,D,S,157195.000000
Tue Jul 29 07:24:02 2025,29-Jul-2025,102403,46 34.727500 N,061 53.618100 W,2.2,62.3,A,DoorSpread,DoorMaster,4.450000,D,S,157195.000000
Tue Jul 29 07:24:02 2025,29-Jul-2025,102404,46 34.727700 N,061 53.617400 W,2.2,62.4,A,DoorSpread,DoorMaster,4.450000,D,S,157195.000000
Tue Jul 29 07:24:02 2025,29-Jul-2025,102405,46 34.727800 N,061 53.616600 W,2.2,63.1,A,DoorSpread,DoorMaster,4.450000,D,S,157195.000000
Tue Jul 29 07:24:02 2025,29-Jul-2025,102406,46 34.728000 N,061 53.615900 W,2.2,63.3,A,DoorSpread,DoorMaster,4.450000,D,S,157195.000000
Tue Jul 29 07:24:06 2025,29-Jul-2025,102407,46 34.728200 N,061 53.615300 W,2.1,63.6,A,Primary,Headline,55.489796,D,P,37974.000000
Tue Jul 29 07:24:08 2025,29-Jul-2025,102408,46 34.728500 N,061 53.614300 W,2.2,63.8,A,DoorSpread,DoorMaster,4.720000,D,P,86525.000000
Tue Jul 29 07:24:08 2025,29-Jul-2025,102409,46 34.728700 N,061 53.613500 W,2.1,64.0,A,DoorSpread,DoorMaster,4.720000,D,P,86525.000000
Tue Jul 29 07:24:08 2025,29-Jul-2025,102410,46 34.728900 N,061 53.612800 W,2.1,64.0,A,DoorSpread,DoorMaster,4.720000,D,P,86525.000000
Tue Jul 29 07:24:08 2025,29-Jul-2025,102411,46 34.729200 N,061 53.612000 W,2.1,64.0,A,DoorSpread,DoorMaster,4.720000,D,P,86525.000000
Tue Jul 29 07:24:08 2025,29-Jul-2025,102412,46 34.729400 N,061 53.611300 W,2.0,63.8,A,DoorSpread,DoorMaster,4.720000,D,P,86525.000000
Tue Jul 29 07:24:13 2025,29-Jul-2025,102413,46 34.729600 N,061 53.610700 W,2.0,63.6,A,DoorSpread,DoorMaster,4.180000,D,S,259811.000000
Tue Jul 29 07:24:13 2025,29-Jul-2025,102414,46 34.729900 N,061 53.609900 W,2.0,63.5,A,DoorSpread,DoorMaster,4.180000,D,S,259811.000000
Tue Jul 29 07:24:13 2025,29-Jul-2025,102415,46 34.730100 N,061 53.609300 W,2.0,63.3,A,DoorSpread,DoorMaster,4.180000,D,S,259811.000000
Tue Jul 29 07:24:13 2025,29-Jul-2025,102416,46 34.730300 N,061 53.608700 W,2.0,63.0,A,DoorSpread,DoorMaster,4.180000,D,S,259811.000000
Tue Jul 29 07:24:13 2025,29-Jul-2025,102417,46 34.730700 N,061 53.608200 W,2.0,62.4,A,DoorSpread,DoorMaster,4.180000,D,S,259811.000000
Tue Jul 29 07:24:13 2025,29-Jul-2025,102418,46 34.730900 N,061 53.607700 W,2.0,61.9,A,DoorSpread,DoorMaster,4.180000,D,S,259811.000000
Tue Jul 29 07:24:19 2025,29-Jul-2025,102419,46 34.731200 N,061 53.607200 W,1.9,61.6,A,DoorSpread,DoorMaster,4.160000,D,S,313427.000000
Tue Jul 29 07:24:19 2025,29-Jul-2025,102420,46 34.731400 N,061 53.606800 W,1.8,61.3,A,DoorSpread,DoorMaster,4.160000,D,S,313427.000000
Tue Jul 29 07:24:19 2025,29-Jul-2025,102421,46 34.731600 N,061 53.606300 W,1.8,60.9,A,DoorSpread,DoorMaster,4.160000,D,S,313427.000000
Tue Jul 29 07:24:19 2025,29-Jul-2025,102422,46 34.731800 N,061 53.605700 W,1.8,60.5,A,DoorSpread,DoorMaster,4.160000,D,S,313427.000000
Tue Jul 29 07:24:19 2025,29-Jul-2025,102423,46 34.732100 N,061 53.605100 W,1.8,60.4,A,DoorSpread,DoorMaster,4.160000,D,S,313427.000000
Tue Jul 29 07:24:24 2025,29-Jul-2025,102424,46 34.732200 N,061 53.604600 W,1.8,60.3,A,DoorSpread,DoorMaster,4.225000,D,P,231220.000000
Tue Jul 29 07:24:24 2025,29-Jul-2025,102425,46 34.732400 N,061 53.604000 W,1.8,60.2,A,DoorSpread,DoorMaster,4.225000,D,P,231220.000000
Tue Jul 29 07:24:24 2025,29-Jul-2025,102426,46 34.732600 N,061 53.603500 W,1.8,60.2,A,DoorSpread,DoorMaster,4.225000,D,P,231220.000000
Tue Jul 29 07:24:24 2025,29-Jul-2025,102427,46 34.732800 N,061 53.602800 W,1.8,60.2,A,DoorSpread,DoorMaster,4.225000,D,P,231220.000000
Tue Jul 29 07:24:24 2025,29-Jul-2025,102428,46 34.733100 N,061 53.602200 W,1.8,60.2,A,DoorSpread,DoorMaster,4.225000,D,P,231220.000000
Tue Jul 29 07:24:24 2025,29-Jul-2025,102429,46 34.733300 N,061 53.601600 W,1.8,60.2,A,DoorSpread,DoorMaster,4.225000,D,P,231220.000000
Tue Jul 29 07:24:29 2025,29-Jul-2025,102430,46 34.733600 N,061 53.601000 W,1.9,59.5,A,DoorSpread,DoorMaster,5.325000,D,S,394786.000000
Tue Jul 29 07:24:29 2025,29-Jul-2025,102431,46 34.733900 N,061 53.600400 W,1.9,58.8,A,DoorSpread,DoorMaster,5.325000,D,S,394786.000000
Tue Jul 29 07:24:29 2025,29-Jul-2025,102432,46 34.734200 N,061 53.599700 W,2.0,58.6,A,DoorSpread,DoorMaster,5.325000,D,S,394786.000000
Tue Jul 29 07:24:29 2025,29-Jul-2025,102433,46 34.734400 N,061 53.599100 W,2.0,58.4,A,DoorSpread,DoorMaster,5.325000,D,S,394786.000000
Tue Jul 29 07:24:29 2025,29-Jul-2025,102434,46 34.734700 N,061 53.598500 W,2.0,58.2,A,DoorSpread,DoorMaster,5.325000,D,S,394786.000000
