Ship Number,Trip Number,Tow Number
Avalon Voyager,4,8
Comments
"Zone 12"
CPU Date and Time,GPS Date,GPS Time,Latitude,Longitude,Speed,Heading,Validity,Transducer Name,Sensor Name,Sensor Value,Error Code,Hydrophone,Signal Strength
,13-Sep-2025,175724,47 2.990100 N,061 9.370600 W,2.4,174.3,A,,,,,,
,13-Sep-2025,175725,47 2.989400 N,061 9.370500 W,2.4,174.8,A,,,,,,
,13-Sep-2025,175726,47 2.988800 N,061 9.370600 W,2.4,175.1,A,,,,,,
Sat Sep 13 14:57:24 2025,13-Sep-2025,175727,47 2.988200 N,061 9.370500 W,2.4,174.8,A,Primary,Headline,3.632653,D,P,74650.000000
Sat Sep 13 14:57:24 2025,13-Sep-2025,175728,47 2.987500 N,061 9.370400 W,2.4,174.6,A,Primary,Headline,3.632653,D,P,74650.000000
Sat Sep 13 14:57:24 2025,13-Sep-2025,175729,47 2.986900 N,061 9.370300 W,2.4,174.4,A,Primary,Headline,3.632653,D,P,74650.000000
Sat Sep 13 14:57:24 2025,13-Sep-2025,175730,47 2.986300 N,061 9.370200 W,2.4,174.6,A,Primary,Headline,3.632653,D,P,74650.000000
Sat Sep 13 14:57:24 2025,13-Sep-2025,175731,47 2.985600 N,061 9.370100 W,2.4,174.4,A,Primary,Headline,3.632653,D,P,74650.000000
Sat Sep 13 14:57:29 2025,13-Sep-2025,175732,47 2.984900 N,061 9.369900 W,2.4,174.1,A,DoorSpread,DoorMaster,2.340000,D,P,92183.000000
Sat Sep 13 14:57:29 2025,13-Sep-2025,175733,47 2.984200 N,061 9.369700 W,2.4,173.9,A,DoorSpread,DoorMaster,2.340000,D,P,92183.000000
Sat Sep 13 14:57:29 2025,13-Sep-2025,175734,47 2.983500 N,061 9.369600 W,2.5,174.1,A,DoorSpread,DoorMaster,2.340000,D,P,92183.000000
Sat Sep 13 14:57:29 2025,13-Sep-2025,175735,47 2.982800 N,061 9.369700 W,2.5,174.5,A,DoorSpread,DoorMaster,2.340000,D,P,92183.000000
Sat Sep 13 14:57:29 2025,13-Sep-2025,175736,47 2.982000 N,061 9.369600 W,2.5,175.0,A,DoorSpread,DoorMaster,2.340000,D,P,92183.000000
Sat Sep 13 14:57:34 2025,13-Sep-2025,175737,47 2.981300 N,061 9.369400 W,2.5,174.9,A,DoorSpread,DoorMaster,2.195000,D,P,162673.000000
Sat Sep 13 14:57:34 2025,13-Sep-2025,175738,47 2.980600 N,061 9.369400 W,2.5,174.4,A,DoorSpread,DoorMaster,2.195000,D,P,162673.000000
Sat Sep 13 14:57:34 2025,13-Sep-2025,175739,47 2.980000 N,061 9.369300 W,2.5,173.7,A,DoorSpread,DoorMaster,2.195000,D,P,162673.000000
Sat Sep 13 14:57:34 2025,13-Sep-2025,175740,47 2.979300 N,061 9.369200 W,2.5,173.3,A,DoorSpread,DoorMaster,2.195000,D,P,162673.000000
Sat Sep 13 14:57:34 2025,13-Sep-2025,175741,47 2.978500 N,061 9.369200 W,2.5,173.4,A,DoorSpread,DoorMaster,2.195000,D,P,162673.000000
Sat Sep 13 14:57:39 2025,13-Sep-2025,175742,47 2.977700 N,061 9.369400 W,2.6,173.9,A,Primary,Headline,1.571429,D,S,32538.000000
Sat Sep 13 14:57:40 2025,13-Sep-2025,175743,47 2.976900 N,061 9.369400 W,2.6,174.3,A,Depth,Depth,12.407407,D,P,10576.000000
Sat Sep 13 14:57:40 2025,13-Sep-2025,175744,47 2.976100 N,061 9.369100 W,2.5,174.0,A,Depth,Depth,12.407407,D,P,10576.000000
Sat Sep 13 14:57:40 2025,13-Sep-2025,175745,47 2.975500 N,061 9.368700 W,2.5,173.0,A,Depth,Depth,12.407407,D,P,10576.000000
Sat Sep 13 14:57:40 2025,13-Sep-2025,175746,47 2.974900 N,061 9.368400 W,2.5,172.2,A,Depth,Depth,12.407407,D,P,10576.000000
Sat Sep 13 14:57:44 2025,13-Sep-2025,175747,47 2.974400 N,061 9.368300 W,2.4,171.8,A,Primary,Headline,3.367347,D,S,151896.000000
Sat Sep 13 14:57:45 2025,13-Sep-2025,175748,47 2.973800 N,061 9.368500 W,2.4,172.1,A,DoorSpread,DoorMaster,1.580000,D,P,286234.000000
Sat Sep 13 14:57:45 2025,13-Sep-2025,175749,47 2.973200 N,061 9.368600 W,2.5,173.3,A,DoorSpread,DoorMaster,1.580000,D,P,286234.000000
Sat Sep 13 14:57:47 2025,13-Sep-2025,175750,47 2.972500 N,061 9.368700 W,2.5,174.1,A,Depth,Depth,6.851852,D,S,285137.000000
Sat Sep 13 14:57:47 2025,13-Sep-2025,175751,47 2.971800 N,061 9.368500 W,2.5,174.3,A,Depth,Depth,6.851852,D,S,285137.000000
Sat Sep 13 14:57:49 2025,13-Sep-2025,175752,47 2.971300 N,061 9.368300 W,2.4,174.1,A,Primary,Headline,4.306122,D,S,148479.000000
Sat Sep 13 14:57:50 2025,13-Sep-2025,175753,47 2.970700 N,061 9.368100 W,2.4,173.7,A,DoorSpread,DoorMaster,1.615000,D,P,583493.000000
Sat Sep 13 14:57:50 2025,13-Sep-2025,175754,47 2.970100 N,061 9.368000 W,2.4,173.5,A,DoorSpread,DoorMaster,1.615000,D,P,583493.000000
Sat Sep 13 14:57:50 2025,13-Sep-2025,175755,47 2.969400 N,061 9.368100 W,2.4,173.6,A,DoorSpread,DoorMaster,1.615000,D,P,583493.000000
Sat Sep 13 14:57:50 2025,13-Sep-2025,175756,47 2.968700 N,061 9.368100 W,2.4,174.2,A,DoorSpread,DoorMaster,1.615000,D,P,583493.000000
Sat Sep 13 14:57:54 2025,13-Sep-2025,175757,47 2.968000 N,061 9.368000 W,2.4,174.5,A,Primary,Headline,1.673469,D,S,177738.000000
Sat Sep 13 14:57:55 2025,13-Sep-2025,175758,47 2.967200 N,061 9.367800 W,2.4,174.5,A,DoorSpread,DoorMaster,1.650000,D,P,433467.000000
Sat Sep 13 14:57:55 2025,13-Sep-2025,175759,47 2.966500 N,061 9.367600 W,2.4,174.5,A,DoorSpread,DoorMaster,1.650000,D,P,433467.000000
Sat Sep 13 14:57:55 2025,13-Sep-2025,175800,47 2.965900 N,061 9.367400 W,2.4,174.5,A,DoorSpread,DoorMaster,1.650000,D,P,433467.000000
Sat Sep 13 14:57:55 2025,13-Sep-2025,175801,47 2.965200 N,061 9.367200 W,2.3,174.3,A,DoorSpread,DoorMaster,1.650000,D,P,433467.000000
Sat Sep 13 14:57:59 2025,13-Sep-2025,175802,47 2.964500 N,061 9.367200 W,2.3,174.0,A,Primary,Headline,3.918367,D,S,568942.000000
Sat Sep 13 14:58:01 2025,13-Sep-2025,175803,47 2.963800 N,061 9.367100 W,2.3,173.9,A,DoorSpread,DoorMaster,2.260000,D,S,245256.000000
Sat Sep 13 14:58:01 2025,13-Sep-2025,175804,47 2.963200 N,061 9.366900 W,2.3,173.9,A,DoorSpread,DoorMaster,2.260000,D,S,245256.000000
Sat Sep 13 14:58:01 2025,13-Sep-2025,175805,47 2.962500 N,061 9.366700 W,2.4,174.1,A,DoorSpread,DoorMaster,2.260000,D,S,245256.000000
Sat Sep 13 14:58:01 2025,13-Sep-2025,175806,47 2.961600 N,061 9.366500 W,2.5,173.8,A,DoorSpread,DoorMaster,2.260000,D,S,245256.000000
Sat Sep 13 14:58:04 2025,13-Sep-2025,175807,47 2.960700 N,061 9.366200 W,2.6,173.8,A,Primary,Headline,3.775510,D,S,373484.000000
Sat Sep 13 14:58:04 2025,13-Sep-2025,175808,47 2.959700 N,061 9.366000 W,2.8,173.9,A,Primary,Headline,3.775510,D,S,373484.000000
Sat Sep 13 14:58:06 2025,13-Sep-2025,175809,47 2.958700 N,061 9.365800 W,3.0,173.8,A,DoorSpread,DoorMaster,2.435000,D,S,454121.000000
Sat Sep 13 14:58:06 2025,13-Sep-2025,175810,47 2.957700 N,061 9.365700 W,3.2,173.5,A,DoorSpread,DoorMaster,2.435000,D,S,454121.000000
Sat Sep 13 14:58:08 2025,13-Sep-2025,175811,47 2.956800 N,061 9.365500 W,3.3,173.4,A,Depth,Depth,11.759259,D,S,104500.000000
Sat Sep 13 14:58:09 2025,13-Sep-2025,175812,47 2.955800 N,061 9.365400 W,3.5,174.0,A,Primary,Headline,2.591837,D,S,177009.000000
Sat Sep 13 14:58:09 2025,13-Sep-2025,175813,47 2.954500 N,061 9.365400 W,3.7,174.6,A,Primary,Headline,2.591837,D,S,177009.000000
Sat Sep 13 14:58:11 2025,13-Sep-2025,175814,47 2.953200 N,061 9.365200 W,3.9,174.9,A,DoorSpread,DoorMaster,2.390000,D,S,1015705.000000
Sat Sep 13 14:58:11 2025,13-Sep-2025,175815,47 2.952000 N,061 9.365100 W,4.1,175.3,A,DoorSpread,DoorMaster,2.390000,D,S,1015705.000000
Sat Sep 13 14:58:11 2025,13-Sep-2025,175816,47 2.950600 N,061 9.365000 W,4.2,175.5,A,DoorSpread,DoorMaster,2.390000,D,S,1015705.000000
Sat Sep 13 14:58:14 2025,13-Sep-2025,175817,47 2.949300 N,061 9.365000 W,4.3,175.4,A,Primary,Headline,3.918367,D,S,239728.000000
Sat Sep 13 14:58:15 2025,13-Sep-2025,175818,47 2.948000 N,061 9.365000 W,4.4,175.6,A,Depth,Depth,16.481481,D,S,57581.000000
Sat Sep 13 14:58:15 2025,13-Sep-2025,175819,47 2.946700 N,061 9.364800 W,4.5,176.3,A,Depth,Depth,16.481481,D,S,57581.000000
Sat Sep 13 14:58:17 2025,13-Sep-2025,175820,47 2.945200 N,061 9.364800 W,4.6,177.0,A,DoorSpread,DoorMaster,12.665000,D,S,314309.000000
Sat Sep 13 14:58:17 2025,13-Sep-2025,175821,47 2.943700 N,061 9.364700 W,4.8,177.3,A,DoorSpread,DoorMaster,12.665000,D,S,314309.000000
Sat Sep 13 14:58:19 2025,13-Sep-2025,175822,47 2.942200 N,061 9.364700 W,4.8,177.6,A,Primary,Headline,3.877551,D,S,90961.000000
Sat Sep 13 14:58:19 2025,13-Sep-2025,175823,47 2.940700 N,061 9.364600 W,4.9,178.3,A,Primary,Headline,3.877551,D,S,90961.000000
Sat Sep 13 14:58:19 2025,13-Sep-2025,175824,47 2.939300 N,061 9.364500 W,5.0,178.4,A,Primary,Headline,3.877551,D,S,90961.000000
Sat Sep 13 14:58:22 2025,13-Sep-2025,175825,47 2.937900 N,061 9.364400 W,5.0,178.5,A,Depth,Depth,8.888889,D,S,204284.000000
Sat Sep 13 14:58:23 2025,13-Sep-2025,175826,47 2.936500 N,061 9.364300 W,5.1,178.8,A,DoorSpread,DoorMaster,12.945000,D,S,1030889.000000
Sat Sep 13 14:58:23 2025,13-Sep-2025,175827,47 2.935200 N,061 9.364200 W,5.1,179.3,A,DoorSpread,DoorMaster,12.945000,D,S,1030889.000000
Sat Sep 13 14:58:24 2025,13-Sep-2025,175828,47 2.933700 N,061 9.364200 W,5.2,180.0,A,Primary,Headline,3.285714,D,S,58671.000000
Sat Sep 13 14:58:24 2025,13-Sep-2025,175829,47 2.932200 N,061 9.364300 W,5.2,180.4,A,Primary,Headline,3.285714,D,S,58671.000000
Sat Sep 13 14:58:24 2025,13-Sep-2025,175830,47 2.930800 N,061 9.364300 W,5.2,180.6,A,Primary,Headline,3.285714,D,S,58671.000000
Sat Sep 13 14:58:24 2025,13-Sep-2025,175831,47 2.929200 N,061 9.364300 W,5.3,180.6,A,Primary,Headline,3.285714,D,S,58671.000000
Sat Sep 13 14:58:29 2025,13-Sep-2025,175832,47 2.927600 N,061 9.364400 W,5.3,180.6,A,DoorSpread,DoorMaster,13.200000,D,S,1001139.000000
Sat Sep 13 14:58:29 2025,13-Sep-2025,175833,47 2.926000 N,061 9.364600 W,5.3,180.6,A,Depth,Depth,12.500000,D,S,140360.000000
Sat Sep 13 14:58:29 2025,13-Sep-2025,175834,47 2.924400 N,061 9.364500 W,5.3,180.5,A,Depth,Depth,12.500000,D,S,140360.000000
Sat Sep 13 14:58:29 2025,13-Sep-2025,175835,47 2.922800 N,061 9.364500 W,5.3,180.8,A,Depth,Depth,12.500000,D,S,140360.000000
Sat Sep 13 14:58:29 2025,13-Sep-2025,175836,47 2.921200 N,061 9.364600 W,5.4,181.2,A,Depth,Depth,12.500000,D,S,140360.000000
Sat Sep 13 14:58:29 2025,13-Sep-2025,175837,47 2.919700 N,061 9.364700 W,5.4,181.6,A,Depth,Depth,12.500000,D,S,140360.000000
Sat Sep 13 14:58:35 2025,13-Sep-2025,175838,47 2.918200 N,061 9.364800 W,5.4,182.0,A,DoorSpread,DoorMaster,2.685000,D,S,437471.000000
Sat Sep 13 14:58:35 2025,13-Sep-2025,175839,47 2.916600 N,061 9.364900 W,5.4,182.0,A,DoorSpread,DoorMaster,2.685000,D,S,437471.000000
Sat Sep 13 14:58:36 2025,13-Sep-2025,175840,47 2.915100 N,061 9.365000 W,5.4,181.6,A,Depth,Depth,13.518519,D,S,108969.000000
Sat Sep 13 14:58:36 2025,13-Sep-2025,175841,47 2.913600 N,061 9.364900 W,5.4,181.5,A,Depth,Depth,13.518519,D,S,108969.000000
Sat Sep 13 14:58:36 2025,13-Sep-2025,175842,47 2.912100 N,061 9.365100 W,5.4,181.6,A,Depth,Depth,13.518519,D,S,108969.000000
Sat Sep 13 14:58:40 2025,13-Sep-2025,175843,47 2.910600 N,061 9.365400 W,5.4,181.8,A,Primary,Headline,4.122449,D,S,118871.000000
Sat Sep 13 14:58:41 2025,13-Sep-2025,175844,47 2.909000 N,061 9.365700 W,5.4,182.1,A,DoorSpread,DoorMaster,17.270000,D,S,722932.000000
Sat Sep 13 14:58:41 2025,13-Sep-2025,175845,47 2.907500 N,061 9.366000 W,5.4,182.6,A,DoorSpread,DoorMaster,17.270000,D,S,722932.000000
Sat Sep 13 14:58:41 2025,13-Sep-2025,175846,47 2.906000 N,061 9.366300 W,5.5,183.0,A,DoorSpread,DoorMaster,17.270000,D,S,722932.000000
Sat Sep 13 14:58:44 2025,13-Sep-2025,175847,47 2.904400 N,061 9.366500 W,5.5,183.2,A,Depth,Depth,12.222222,D,S,82609.000000
Sat Sep 13 14:58:45 2025,13-Sep-2025,175848,47 2.902900 N,061 9.366600 W,5.5,183.1,A,Primary,Headline,3.836735,D,S,126423.000000
Sat Sep 13 14:58:45 2025,13-Sep-2025,175849,47 2.901400 N,061 9.366600 W,5.5,183.0,A,Primary,Headline,3.836735,D,S,126423.000000
Sat Sep 13 14:58:45 2025,13-Sep-2025,175850,47 2.900000 N,061 9.366800 W,5.4,182.8,A,Primary,Headline,3.836735,D,S,126423.000000
Sat Sep 13 14:58:48 2025,13-Sep-2025,175851,47 2.898600 N,061 9.366900 W,5.4,182.6,A,DoorSpread,DoorMaster,21.640000,D,S,953865.000000
Sat Sep 13 14:58:48 2025,13-Sep-2025,175852,47 2.897200 N,061 9.367000 W,5.3,182.6,A,DoorSpread,DoorMaster,21.640000,D,S,953865.000000
Sat Sep 13 14:58:48 2025,13-Sep-2025,175853,47 2.895800 N,061 9.367100 W,5.4,183.0,A,DoorSpread,DoorMaster,21.640000,D,S,953865.000000
Sat Sep 13 14:58:51 2025,13-Sep-2025,175854,47 2.894400 N,061 9.367300 W,5.4,183.8,A,Primary,Headline,53.673469,D,S,304243.000000
Sat Sep 13 14:58:51 2025,13-Sep-2025,175855,47 2.892800 N,061 9.367600 W,5.5,184.5,A,Primary,Headline,53.673469,D,S,304243.000000
Sat Sep 13 14:58:51 2025,13-Sep-2025,175856,47 2.891300 N,061 9.367900 W,5.6,184.7,A,Primary,Headline,53.673469,D,S,304243.000000
Sat Sep 13 14:58:54 2025,13-Sep-2025,175857,47 2.889700 N,061 9.368100 W,5.5,184.3,A,DoorSpread,DoorMaster,16.585000,D,S,304829.000000
Sat Sep 13 14:58:54 2025,13-Sep-2025,175858,47 2.888200 N,061 9.368200 W,5.5,183.8,A,DoorSpread,DoorMaster,16.585000,D,S,304829.000000
Sat Sep 13 14:58:56 2025,13-Sep-2025,175859,47 2.886800 N,061 9.368200 W,5.4,183.2,A,Primary,Headline,3.122449,D,S,66913.000000
Sat Sep 13 14:58:56 2025,13-Sep-2025,175900,47 2.885600 N,061 9.368100 W,5.3,183.3,A,Primary,Headline,3.122449,D,S,66913.000000
Sat Sep 13 14:58:56 2025,13-Sep-2025,175901,47 2.884200 N,061 9.368200 W,5.3,183.8,A,Primary,Headline,3.122449,D,S,66913.000000
Sat Sep 13 14:58:59 2025,13-Sep-2025,175902,47 2.882800 N,061 9.368200 W,5.4,184.2,A,DoorSpread,DoorMaster,0.000000,E,S,975539.000000
Sat Sep 13 14:58:59 2025,13-Sep-2025,175903,47 2.881400 N,061 9.368300 W,5.4,184.6,A,DoorSpread,DoorMaster,0.000000,E,S,975539.000000
Sat Sep 13 14:59:01 2025,13-Sep-2025,175904,47 2.879800 N,061 9.368300 W,5.5,184.9,A,Primary,Headline,2.469388,D,S,191628.000000
Sat Sep 13 14:59:01 2025,13-Sep-2025,175905,47 2.878300 N,061 9.368400 W,5.5,184.9,A,Primary,Headline,2.469388,D,S,191628.000000
Sat Sep 13 14:59:01 2025,13-Sep-2025,175906,47 2.876800 N,061 9.368500 W,5.5,184.3,A,Primary,Headline,2.469388,D,S,191628.000000
Sat Sep 13 14:59:01 2025,13-Sep-2025,175907,47 2.875400 N,061 9.368700 W,5.4,184.0,A,Primary,Headline,2.469388,D,S,191628.000000
Sat Sep 13 14:59:05 2025,13-Sep-2025,175908,47 2.874200 N,061 9.368800 W,5.3,184.1,A,Depth,Depth,13.703704,D,S,92495.000000
Sat Sep 13 14:59:06 2025,13-Sep-2025,175909,47 2.872800 N,061 9.369100 W,5.3,184.4,A,DoorSpread,DoorMaster,26.400000,D,S,442702.000000
Sat Sep 13 14:59:06 2025,13-Sep-2025,175910,47 2.871400 N,061 9.369400 W,5.2,184.7,A,DoorSpread,DoorMaster,26.400000,D,S,442702.000000
Sat Sep 13 14:59:06 2025,13-Sep-2025,175911,47 2.869900 N,061 9.369700 W,5.3,184.8,A,DoorSpread,DoorMaster,26.400000,D,S,442702.000000
Sat Sep 13 14:59:06 2025,13-Sep-2025,175912,47 2.868500 N,061 9.369900 W,5.3,184.9,A,DoorSpread,DoorMaster,26.400000,D,S,442702.000000
Sat Sep 13 14:59:06 2025,13-Sep-2025,175913,47 2.867000 N,061 9.370100 W,5.4,185.1,A,DoorSpread,DoorMaster,26.400000,D,S,442702.000000
Sat Sep 13 14:59:11 2025,13-Sep-2025,175914,47 2.865500 N,061 9.370400 W,5.4,185.3,A,Primary,Headline,3.020408,D,S,422744.000000
Sat Sep 13 14:59:12 2025,13-Sep-2025,175915,47 2.864100 N,061 9.370800 W,5.3,185.1,A,DoorSpread,DoorMaster,16.755000,D,S,249734.000000
Sat Sep 13 14:59:12 2025,13-Sep-2025,175916,47 2.862700 N,061 9.371100 W,5.3,184.8,A,DoorSpread,DoorMaster,16.755000,D,S,249734.000000
Sat Sep 13 14:59:12 2025,13-Sep-2025,175917,47 2.861200 N,061 9.371300 W,5.2,184.8,A,DoorSpread,DoorMaster,16.755000,D,S,249734.000000
Sat Sep 13 14:59:12 2025,13-Sep-2025,175918,47 2.859700 N,061 9.371600 W,5.2,184.7,A,DoorSpread,DoorMaster,16.755000,D,S,249734.000000
Sat Sep 13 14:59:16 2025,13-Sep-2025,175919,47 2.858300 N,061 9.371600 W,5.2,185.2,A,Primary,Headline,2.938776,D,S,82299.000000
Sat Sep 13 14:59:17 2025,13-Sep-2025,175920,47 2.856700 N,061 9.371800 W,5.2,185.5,A,DoorSpread,DoorMaster,0.000000,E,P,102583.000000
Sat Sep 13 14:59:17 2025,13-Sep-2025,175921,47 2.855200 N,061 9.372000 W,5.3,185.6,A,DoorSpread,DoorMaster,0.000000,E,P,102583.000000
Sat Sep 13 14:59:19 2025,13-Sep-2025,175922,47 2.853700 N,061 9.372100 W,5.3,185.7,A,Depth,Depth,15.740741,D,S,75951.000000
Sat Sep 13 14:59:19 2025,13-Sep-2025,175923,47 2.852200 N,061 9.372300 W,5.3,185.7,A,Depth,Depth,15.740741,D,S,75951.000000
Sat Sep 13 14:59:21 2025,13-Sep-2025,175924,47 2.850800 N,061 9.372600 W,5.3,185.4,A,Primary,Headline,2.551020,D,S,176912.000000
Sat Sep 13 14:59:22 2025,13-Sep-2025,175925,47 2.849500 N,061 9.372700 W,5.2,185.0,A,DoorSpread,DoorMaster,0.000000,E,S,984192.000000
Sat Sep 13 14:59:22 2025,13-Sep-2025,175926,47 2.848100 N,061 9.372800 W,5.1,184.9,A,DoorSpread,DoorMaster,0.000000,E,S,984192.000000
Sat Sep 13 14:59:22 2025,13-Sep-2025,175927,47 2.846800 N,061 9.373100 W,5.1,185.2,A,DoorSpread,DoorMaster,0.000000,E,S,984192.000000
Sat Sep 13 14:59:22 2025,13-Sep-2025,175928,47 2.845300 N,061 9.373400 W,5.2,185.4,A,DoorSpread,DoorMaster,0.000000,E,S,984192.000000
Sat Sep 13 14:59:26 2025,13-Sep-2025,175929,47 2.843800 N,061 9.373700 W,5.2,185.6,A,Depth,Depth,16.759259,D,S,188354.000000
Sat Sep 13 14:59:27 2025,13-Sep-2025,175930,47 2.842200 N,061 9.373800 W,5.2,185.7,A,Primary,Headline,51.244898,D,S,228492.000000
Sat Sep 13 14:59:27 2025,13-Sep-2025,175931,47 2.840600 N,061 9.374000 W,5.2,185.4,A,Primary,Headline,51.244898,D,S,228492.000000
Sat Sep 13 14:59:29 2025,13-Sep-2025,175932,47 2.839200 N,061 9.374100 W,5.2,185.2,A,DoorSpread,DoorMaster,19.510000,D,S,483641.000000
Sat Sep 13 14:59:29 2025,13-Sep-2025,175933,47 2.837700 N,061 9.374300 W,5.2,185.0,A,DoorSpread,DoorMaster,19.510000,D,S,483641.000000
Sat Sep 13 14:59:29 2025,13-Sep-2025,175934,47 2.836300 N,061 9.374500 W,5.2,185.0,A,DoorSpread,DoorMaster,19.510000,D,S,483641.000000
Sat Sep 13 14:59:32 2025,13-Sep-2025,175935,47 2.834800 N,061 9.374600 W,5.2,185.0,A,Primary,Headline,2.714286,D,S,205894.000000
Sat Sep 13 14:59:33 2025,13-Sep-2025,175936,47 2.833300 N,061 9.374600 W,5.2,185.0,A,Depth,Depth,18.055556,D,S,155372.000000
Sat Sep 13 14:59:33 2025,13-Sep-2025,175937,47 2.831800 N,061 9.374800 W,5.2,185.0,A,Depth,Depth,18.055556,D,S,155372.000000
Sat Sep 13 14:59:35 2025,13-Sep-2025,175938,47 2.830500 N,061 9.375100 W,5.2,185.0,A,DoorSpread,DoorMaster,20.770000,D,P,112147.000000
Sat Sep 13 14:59:35 2025,13-Sep-2025,175939,47 2.829100 N,061 9.375400 W,5.2,185.0,A,DoorSpread,DoorMaster,20.770000,D,P,112147.000000
Sat Sep 13 14:59:37 2025,13-Sep-2025,175940,47 2.827700 N,061 9.375600 W,5.2,185.0,A,Primary,Headline,3.551020,D,S,259161.000000
Sat Sep 13 14:59:37 2025,13-Sep-2025,175941,47 2.826400 N,061 9.375700 W,5.2,184.7,A,Primary,Headline,3.551020,D,S,259161.000000
Sat Sep 13 14:59:37 2025,13-Sep-2025,175942,47 2.825000 N,061 9.375700 W,5.2,184.4,A,Primary,Headline,3.551020,D,S,259161.000000
Sat Sep 13 14:59:40 2025,13-Sep-2025,175943,47 2.823600 N,061 9.375700 W,5.2,184.3,A,Depth,Depth,19.907407,D,S,189513.000000
Sat Sep 13 14:59:40 2025,13-Sep-2025,175944,47 2.822200 N,061 9.375800 W,5.2,184.3,A,Depth,Depth,19.907407,D,S,189513.000000
Sat Sep 13 14:59:42 2025,13-Sep-2025,175945,47 2.820700 N,061 9.375900 W,5.2,184.5,A,Primary,Headline,5.693878,D,S,243868.000000
Sat Sep 13 14:59:42 2025,13-Sep-2025,175946,47 2.819200 N,061 9.376100 W,5.2,184.8,A,Primary,Headline,5.693878,D,S,243868.000000
Sat Sep 13 14:59:42 2025,13-Sep-2025,175947,47 2.817800 N,061 9.376300 W,5.2,184.9,A,Primary,Headline,5.693878,D,S,243868.000000
Sat Sep 13 14:59:42 2025,13-Sep-2025,175948,47 2.816300 N,061 9.376400 W,5.2,184.9,A,Primary,Headline,5.693878,D,S,243868.000000
Sat Sep 13 14:59:42 2025,13-Sep-2025,175949,47 2.814900 N,061 9.376600 W,5.2,184.8,A,Primary,Headline,5.693878,D,S,243868.000000
Sat Sep 13 14:59:47 2025,13-Sep-2025,175950,47 2.813500 N,061 9.376700 W,5.3,184.6,A,Depth,Depth,22.037037,D,S,84472.000000
Sat Sep 13 14:59:47 2025,13-Sep-2025,175951,47 2.812100 N,061 9.376900 W,5.3,184.5,A,Depth,Depth,22.037037,D,S,84472.000000
Sat Sep 13 14:59:49 2025,13-Sep-2025,175952,47 2.810700 N,061 9.377100 W,5.2,184.5,A,DoorSpread,DoorMaster,23.640000,D,S,365481.000000
Sat Sep 13 14:59:49 2025,13-Sep-2025,175953,47 2.809300 N,061 9.377200 W,5.2,184.4,A,DoorSpread,DoorMaster,23.640000,D,S,365481.000000
Sat Sep 13 14:59:49 2025,13-Sep-2025,175954,47 2.808000 N,061 9.377300 W,5.2,184.2,A,DoorSpread,DoorMaster,23.640000,D,S,365481.000000
Sat Sep 13 14:59:52 2025,13-Sep-2025,175955,47 2.806500 N,061 9.377400 W,5.2,184.0,A,Primary,Headline,3.755102,D,S,136143.000000
Sat Sep 13 14:59:52 2025,13-Sep-2025,175956,47 2.805100 N,061 9.377500 W,5.2,184.0,A,Primary,Headline,3.755102,D,S,136143.000000
Sat Sep 13 14:59:54 2025,13-Sep-2025,175957,47 2.803600 N,061 9.377700 W,5.3,184.3,A,Depth,Depth,23.518519,D,S,105927.000000
Sat Sep 13 14:59:55 2025,13-Sep-2025,175958,47 2.802100 N,061 9.377900 W,5.3,184.3,A,DoorSpread,DoorMaster,24.915000,D,S,333682.000000
Sat Sep 13 14:59:55 2025,13-Sep-2025,175959,47 2.800600 N,061 9.378000 W,5.3,184.1,A,DoorSpread,DoorMaster,24.915000,D,S,333682.000000
Sat Sep 13 14:59:57 2025,13-Sep-2025,180000,47 2.799100 N,061 9.378100 W,5.3,183.7,A,Primary,Headline,4.244898,D,S,98253.000000
Sat Sep 13 14:59:57 2025,13-Sep-2025,180001,47 2.797600 N,061 9.378200 W,5.3,183.5,A,Primary,Headline,4.244898,D,S,98253.000000
Sat Sep 13 14:59:57 2025,13-Sep-2025,180002,47 2.796100 N,061 9.378200 W,5.3,183.4,A,Primary,Headline,4.244898,D,S,98253.000000
Sat Sep 13 14:59:57 2025,13-Sep-2025,180003,47 2.794500 N,061 9.378300 W,5.3,183.5,A,Primary,Headline,4.244898,D,S,98253.000000
Sat Sep 13 15:00:01 2025,13-Sep-2025,180004,47 2.792900 N,061 9.378300 W,5.3,183.6,A,Depth,Depth,24.074074,D,S,112351.000000
Sat Sep 13 15:00:02 2025,13-Sep-2025,180005,47 2.791400 N,061 9.378300 W,5.3,183.6,A,DoorSpread,DoorMaster,26.630000,D,S,434736.000000
Sat Sep 13 15:00:02 2025,13-Sep-2025,180006,47 2.789800 N,061 9.378300 W,5.3,183.5,A,DoorSpread,DoorMaster,26.630000,D,S,434736.000000
Sat Sep 13 15:00:02 2025,13-Sep-2025,180007,47 2.788300 N,061 9.378400 W,5.3,183.1,A,DoorSpread,DoorMaster,26.630000,D,S,434736.000000
Sat Sep 13 15:00:02 2025,13-Sep-2025,180008,47 2.786800 N,061 9.378500 W,5.3,182.8,A,DoorSpread,DoorMaster,26.630000,D,S,434736.000000
Sat Sep 13 15:00:02 2025,13-Sep-2025,180009,47 2.785300 N,061 9.378700 W,5.3,183.1,A,DoorSpread,DoorMaster,26.630000,D,S,434736.000000
Sat Sep 13 15:00:07 2025,13-Sep-2025,180010,47 2.783800 N,061 9.378900 W,5.3,183.4,A,DoorSpread,DoorMaster,0.000000,E,S,345215.000000
Sat Sep 13 15:00:08 2025,13-Sep-2025,180011,47 2.782200 N,061 9.379100 W,5.3,183.7,A,Depth,Depth,26.944444,D,S,132434.000000
Sat Sep 13 15:00:08 2025,13-Sep-2025,180012,47 2.780700 N,061 9.379200 W,5.3,183.7,A,Depth,Depth,26.944444,D,S,132434.000000
Sat Sep 13 15:00:08 2025,13-Sep-2025,180013,47 2.779200 N,061 9.379400 W,5.3,183.4,A,Depth,Depth,26.944444,D,S,132434.000000
Sat Sep 13 15:00:08 2025,13-Sep-2025,180014,47 2.777700 N,061 9.379500 W,5.3,183.2,A,Depth,Depth,26.944444,D,S,132434.000000
Sat Sep 13 15:00:12 2025,13-Sep-2025,180015,47 2.776400 N,061 9.379500 W,5.3,182.9,A,Primary,Headline,9.428571,D,S,151891.000000
Sat Sep 13 15:00:12 2025,13-Sep-2025,180016,47 2.775100 N,061 9.379500 W,5.3,183.0,A,Primary,Headline,9.428571,D,S,151891.000000
Sat Sep 13 15:00:14 2025,13-Sep-2025,180017,47 2.773800 N,061 9.379700 W,5.3,183.5,A,DoorSpread,DoorMaster,29.615000,D,S,367971.000000
Sat Sep 13 15:00:14 2025,13-Sep-2025,180018,47 2.772400 N,061 9.379800 W,5.3,183.8,A,DoorSpread,DoorMaster,29.615000,D,S,367971.000000
Sat Sep 13 15:00:16 2025,13-Sep-2025,180019,47 2.770900 N,061 9.379900 W,5.3,183.7,A,Depth,Depth,33.240741,D,S,135850.000000
Sat Sep 13 15:00:17 2025,13-Sep-2025,180020,47 2.769500 N,061 9.380000 W,5.3,183.6,A,Primary,Headline,2.836735,D,S,251701.000000
Sat Sep 13 15:00:17 2025,13-Sep-2025,180021,47 2.768100 N,061 9.380000 W,5.3,183.5,A,Primary,Headline,2.836735,D,S,251701.000000
Sat Sep 13 15:00:20 2025,13-Sep-2025,180022,47 2.766600 N,061 9.380000 W,5.3,183.4,A,DoorSpread,DoorMaster,0.000000,E,S,438790.000000
Sat Sep 13 15:00:20 2025,13-Sep-2025,180023,47 2.765200 N,061 9.380000 W,5.2,183.4,A,DoorSpread,DoorMaster,0.000000,E,S,438790.000000
Sat Sep 13 15:00:20 2025,13-Sep-2025,180024,47 2.763700 N,061 9.380100 W,5.2,183.2,A,DoorSpread,DoorMaster,0.000000,E,S,438790.000000
Sat Sep 13 15:00:22 2025,13-Sep-2025,180025,47 2.762400 N,061 9.380200 W,5.2,183.3,A,Primary,Headline,5.367347,D,P,31880.000000
Sat Sep 13 15:00:23 2025,13-Sep-2025,180026,47 2.761000 N,061 9.380400 W,5.2,184.0,A,Depth,Depth,26.203704,D,S,77829.000000
Sat Sep 13 15:00:23 2025,13-Sep-2025,180027,47 2.759500 N,061 9.380700 W,5.2,184.4,A,Depth,Depth,26.203704,D,S,77829.000000
Sat Sep 13 15:00:25 2025,13-Sep-2025,180028,47 2.758000 N,061 9.381100 W,5.3,184.4,A,DoorSpread,DoorMaster,0.000000,E,S,254839.000000
Sat Sep 13 15:00:25 2025,13-Sep-2025,180029,47 2.756500 N,061 9.381300 W,5.3,184.1,A,DoorSpread,DoorMaster,0.000000,E,S,254839.000000
Sat Sep 13 15:00:25 2025,13-Sep-2025,180030,47 2.755100 N,061 9.381500 W,5.2,183.6,A,DoorSpread,DoorMaster,0.000000,E,S,254839.000000
Sat Sep 13 15:00:27 2025,13-Sep-2025,180031,47 2.753800 N,061 9.381700 W,5.2,183.5,A,Primary,Headline,2.632653,D,S,118583.000000
Sat Sep 13 15:00:27 2025,13-Sep-2025,180032,47 2.752400 N,061 9.381900 W,5.2,183.6,A,Primary,Headline,2.632653,D,S,118583.000000
Sat Sep 13 15:00:30 2025,13-Sep-2025,180033,47 2.751000 N,061 9.382000 W,5.2,183.8,A,DoorSpread,DoorMaster,5.525000,D,S,393984.000000
Sat Sep 13 15:00:30 2025,13-Sep-2025,180034,47 2.751000 N,061 9.382000 W,5.2,183.9,A,DoorSpread,DoorMaster,5.525000,D,S,393984.000000
Sat Sep 13 15:00:30 2025,13-Sep-2025,180035,47 2.749500 N,061 9.382100 W,5.2,183.8,A,DoorSpread,DoorMaster,5.525000,D,S,393984.000000
Sat Sep 13 15:00:33 2025,13-Sep-2025,180036,47 2.746600 N,061 9.382200 W,5.2,183.4,A,Primary,Headline,15.408163,D,S,245836.000000
Sat Sep 13 15:00:33 2025,13-Sep-2025,180037,47 2.745100 N,061 9.382300 W,5.2,183.3,A,Primary,Headline,15.408163,D,S,245836.000000
Sat Sep 13 15:00:35 2025,13-Sep-2025,180038,47 2.743700 N,061 9.382400 W,5.2,182.9,A,DoorSpread,DoorMaster,0.000000,E,S,333880.000000
Sat Sep 13 15:00:35 2025,13-Sep-2025,180039,47 2.742300 N,061 9.382500 W,5.2,182.4,A,DoorSpread,DoorMaster,0.000000,E,S,333880.000000
Sat Sep 13 15:00:37 2025,13-Sep-2025,180040,47 2.740800 N,061 9.382700 W,5.2,182.1,A,Depth,Depth,35.648148,D,S,204433.000000
Sat Sep 13 15:00:38 2025,13-Sep-2025,180041,47 2.739300 N,061 9.382800 W,5.2,181.8,A,Primary,Headline,30.836735,D,S,230408.000000
Sat Sep 13 15:00:38 2025,13-Sep-2025,180042,47 2.737900 N,061 9.383000 W,5.2,181.8,A,Primary,Headline,30.836735,D,S,230408.000000
Sat Sep 13 15:00:40 2025,13-Sep-2025,180043,47 2.736600 N,061 9.382900 W,5.2,181.6,A,DoorSpread,DoorMaster,0.000000,E,S,447920.000000
Sat Sep 13 15:00:40 2025,13-Sep-2025,180044,47 2.735100 N,061 9.383000 W,5.2,181.4,A,DoorSpread,DoorMaster,0.000000,E,S,447920.000000
Sat Sep 13 15:00:40 2025,13-Sep-2025,180045,47 2.733700 N,061 9.383100 W,5.2,181.4,A,DoorSpread,DoorMaster,0.000000,E,S,447920.000000
Sat Sep 13 15:00:40 2025,13-Sep-2025,180046,47 2.732300 N,061 9.383100 W,5.2,181.4,A,DoorSpread,DoorMaster,0.000000,E,S,447920.000000
Sat Sep 13 15:00:44 2025,13-Sep-2025,180047,47 2.730800 N,061 9.383300 W,5.2,181.2,A,Depth,Depth,35.092593,D,S,187232.000000
Sat Sep 13 15:00:45 2025,13-Sep-2025,180048,47 2.729400 N,061 9.383300 W,5.2,180.6,A,DoorSpread,DoorMaster,0.000000,E,S,330988.000000
Sat Sep 13 15:00:45 2025,13-Sep-2025,180049,47 2.727900 N,061 9.383400 W,5.2,180.3,A,DoorSpread,DoorMaster,0.000000,E,S,330988.000000
Sat Sep 13 15:00:45 2025,13-Sep-2025,180050,47 2.726500 N,061 9.383500 W,5.2,180.7,A,DoorSpread,DoorMaster,0.000000,E,S,330988.000000
Sat Sep 13 15:00:45 2025,13-Sep-2025,180051,47 2.725100 N,061 9.383700 W,5.2,181.2,A,DoorSpread,DoorMaster,0.000000,E,S,330988.000000
Sat Sep 13 15:00:49 2025,13-Sep-2025,180052,47 2.723700 N,061 9.383900 W,5.2,181.3,A,Primary,Headline,28.326531,D,S,176963.000000
Sat Sep 13 15:00:50 2025,13-Sep-2025,180053,47 2.722300 N,061 9.383900 W,5.2,180.9,A,DoorSpread,DoorMaster,0.000000,E,S,319597.000000
Sat Sep 13 15:00:51 2025,13-Sep-2025,180054,47 2.720800 N,061 9.384000 W,5.2,180.5,A,Depth,Depth,37.777778,D,S,120866.000000
Sat Sep 13 15:00:51 2025,13-Sep-2025,180055,47 2.719400 N,061 9.383900 W,5.2,180.4,A,Depth,Depth,37.777778,D,S,120866.000000
Sat Sep 13 15:00:51 2025,13-Sep-2025,180056,47 2.717900 N,061 9.383700 W,5.2,180.5,A,Depth,Depth,37.777778,D,S,120866.000000
Sat Sep 13 15:00:51 2025,13-Sep-2025,180057,47 2.716400 N,061 9.383600 W,5.2,180.6,A,Depth,Depth,37.777778,D,S,120866.000000
Sat Sep 13 15:00:55 2025,13-Sep-2025,180058,47 2.714900 N,061 9.383600 W,5.2,180.8,A,DoorSpread,DoorMaster,0.000000,E,S,330218.000000
Sat Sep 13 15:00:55 2025,13-Sep-2025,180059,47 2.713400 N,061 9.383500 W,5.2,181.1,A,DoorSpread,DoorMaster,0.000000,E,S,330218.000000
Sat Sep 13 15:00:55 2025,13-Sep-2025,180100,47 2.712000 N,061 9.383400 W,5.2,181.2,A,DoorSpread,DoorMaster,0.000000,E,S,330218.000000
Sat Sep 13 15:00:58 2025,13-Sep-2025,180101,47 2.710500 N,061 9.383400 W,5.2,181.0,A,Depth,Depth,39.074074,D,S,140653.000000
Sat Sep 13 15:00:58 2025,13-Sep-2025,180102,47 2.709000 N,061 9.383400 W,5.2,180.7,A,Depth,Depth,39.074074,D,S,140653.000000
Sat Sep 13 15:01:00 2025,13-Sep-2025,180103,47 2.707600 N,061 9.383300 W,5.2,180.5,A,DoorSpread,DoorMaster,0.000000,E,S,199168.000000
Sat Sep 13 15:01:00 2025,13-Sep-2025,180104,47 2.706100 N,061 9.383200 W,5.2,180.5,A,DoorSpread,DoorMaster,0.000000,E,S,199168.000000
Sat Sep 13 15:01:00 2025,13-Sep-2025,180105,47 2.704600 N,061 9.383200 W,5.2,180.8,A,DoorSpread,DoorMaster,0.000000,E,S,199168.000000
Sat Sep 13 15:01:00 2025,13-Sep-2025,180106,47 2.703200 N,061 9.383300 W,5.2,181.2,A,DoorSpread,DoorMaster,0.000000,E,S,199168.000000
Sat Sep 13 15:01:00 2025,13-Sep-2025,180107,47 2.701700 N,061 9.383400 W,5.2,181.3,A,DoorSpread,DoorMaster,0.000000,E,S,199168.000000
Sat Sep 13 15:01:05 2025,13-Sep-2025,180108,47 2.700100 N,061 9.383300 W,5.2,181.5,A,DoorSpread,DoorMaster,0.000000,E,S,235923.000000
Sat Sep 13 15:01:05 2025,13-Sep-2025,180109,47 2.698600 N,061 9.383300 W,5.2,181.2,A,Primary,Headline,25.428571,D,S,130546.000000
Sat Sep 13 15:01:05 2025,13-Sep-2025,180110,47 2.697100 N,061 9.383100 W,5.2,180.7,A,Primary,Headline,25.428571,D,S,130546.000000
Sat Sep 13 15:01:05 2025,13-Sep-2025,180111,47 2.695600 N,061 9.383100 W,5.2,180.4,A,Primary,Headline,25.428571,D,S,130546.000000
Sat Sep 13 15:01:05 2025,13-Sep-2025,180112,47 2.694200 N,061 9.383000 W,5.1,180.5,A,Primary,Headline,25.428571,D,S,130546.000000
Sat Sep 13 15:01:10 2025,13-Sep-2025,180113,47 2.692800 N,061 9.383100 W,5.2,180.9,A,DoorSpread,DoorMaster,0.000000,E,S,163141.000000
Sat Sep 13 15:01:11 2025,13-Sep-2025,180114,47 2.691400 N,061 9.383300 W,5.2,181.5,A,Primary,Headline,24.020408,D,S,215377.000000
Sat Sep 13 15:01:11 2025,13-Sep-2025,180115,47 2.689900 N,061 9.383500 W,5.2,181.7,A,Primary,Headline,24.020408,D,S,215377.000000
Sat Sep 13 15:01:11 2025,13-Sep-2025,180116,47 2.688500 N,061 9.383500 W,5.3,181.5,A,Primary,Headline,24.020408,D,S,215377.000000
Sat Sep 13 15:01:11 2025,13-Sep-2025,180117,47 2.687000 N,061 9.383600 W,5.3,181.2,A,Primary,Headline,24.020408,D,S,215377.000000
Sat Sep 13 15:01:15 2025,13-Sep-2025,180118,47 2.685500 N,061 9.383700 W,5.2,181.1,A,DoorSpread,DoorMaster,0.000000,E,S,337540.000000
Sat Sep 13 15:01:16 2025,13-Sep-2025,180119,47 2.684100 N,061 9.383800 W,5.2,181.0,A,Primary,Headline,22.795918,D,S,178231.000000
Sat Sep 13 15:01:16 2025,13-Sep-2025,180120,47 2.682700 N,061 9.383700 W,5.1,180.9,A,Primary,Headline,22.795918,D,S,178231.000000
Sat Sep 13 15:01:16 2025,13-Sep-2025,180121,47 2.681400 N,061 9.383700 W,4.9,181.1,A,Primary,Headline,22.795918,D,S,178231.000000
Sat Sep 13 15:01:16 2025,13-Sep-2025,180122,47 2.680100 N,061 9.383700 W,4.9,181.4,A,Primary,Headline,22.795918,D,S,178231.000000
Sat Sep 13 15:01:20 2025,13-Sep-2025,180123,47 2.678700 N,061 9.383800 W,4.8,181.4,A,DoorSpread,DoorMaster,0.000000,E,S,208768.000000
Sat Sep 13 15:01:20 2025,13-Sep-2025,180124,47 2.677400 N,061 9.383900 W,4.7,181.3,A,DoorSpread,DoorMaster,0.000000,E,S,208768.000000
Sat Sep 13 15:01:22 2025,13-Sep-2025,180125,47 2.676300 N,061 9.383900 W,4.6,181.3,A,Primary,Headline,21.489796,D,S,139838.000000
Sat Sep 13 15:01:22 2025,13-Sep-2025,180126,47 2.675300 N,061 9.383900 W,4.4,181.2,A,Primary,Headline,21.489796,D,S,139838.000000
Sat Sep 13 15:01:22 2025,13-Sep-2025,180127,47 2.674300 N,061 9.383900 W,4.2,181.0,A,Primary,Headline,21.489796,D,S,139838.000000
Sat Sep 13 15:01:26 2025,13-Sep-2025,180128,47 2.673400 N,061 9.384000 W,4.1,180.9,A,DoorSpread,DoorMaster,0.000000,E,P,146051.000000
Sat Sep 13 15:01:26 2025,13-Sep-2025,180129,47 2.672600 N,061 9.384000 W,3.9,180.8,A,DoorSpread,DoorMaster,0.000000,E,P,146051.000000
Sat Sep 13 15:01:27 2025,13-Sep-2025,180130,47 2.671800 N,061 9.384100 W,3.8,180.8,A,Primary,Headline,19.469388,D,S,241357.000000
Sat Sep 13 15:01:27 2025,13-Sep-2025,180131,47 2.670900 N,061 9.384100 W,3.7,180.9,A,Primary,Headline,19.469388,D,S,241357.000000
Sat Sep 13 15:01:27 2025,13-Sep-2025,180132,47 2.670100 N,061 9.384100 W,3.6,180.8,A,Primary,Headline,19.469388,D,S,241357.000000
Sat Sep 13 15:01:27 2025,13-Sep-2025,180133,47 2.669200 N,061 9.384000 W,3.5,180.7,A,Primary,Headline,19.469388,D,S,241357.000000
Sat Sep 13 15:01:31 2025,13-Sep-2025,180134,47 2.668400 N,061 9.384000 W,3.3,180.5,A,DoorSpread,DoorMaster,0.000000,E,S,369502.000000
Sat Sep 13 15:01:32 2025,13-Sep-2025,180135,47 2.667600 N,061 9.383800 W,3.2,180.2,A,Primary,Headline,18.612245,D,P,77719.000000
Sat Sep 13 15:01:32 2025,13-Sep-2025,180136,47 2.666900 N,061 9.383500 W,3.1,179.9,A,Primary,Headline,18.612245,D,P,77719.000000
Sat Sep 13 15:01:32 2025,13-Sep-2025,180137,47 2.666200 N,061 9.383400 W,3.0,179.5,A,Primary,Headline,18.612245,D,P,77719.000000
Sat Sep 13 15:01:32 2025,13-Sep-2025,180138,47 2.665500 N,061 9.383200 W,3.0,179.3,A,Primary,Headline,18.612245,D,P,77719.000000
Sat Sep 13 15:01:36 2025,13-Sep-2025,180139,47 2.664800 N,061 9.383100 W,2.9,179.2,A,DoorSpread,DoorMaster,0.000000,E,S,299294.000000
Sat Sep 13 15:01:38 2025,13-Sep-2025,180140,47 2.664200 N,061 9.382900 W,2.9,178.6,A,Primary,Headline,16.877551,D,P,44072.000000
Sat Sep 13 15:01:38 2025,13-Sep-2025,180141,47 2.663600 N,061 9.382600 W,2.8,177.8,A,Primary,Headline,16.877551,D,P,44072.000000
Sat Sep 13 15:01:38 2025,13-Sep-2025,180142,47 2.663000 N,061 9.382400 W,2.7,177.0,A,Primary,Headline,16.877551,D,P,44072.000000
Sat Sep 13 15:01:38 2025,13-Sep-2025,180143,47 2.662600 N,061 9.382100 W,2.6,176.2,A,Primary,Headline,16.877551,D,P,44072.000000
Sat Sep 13 15:01:42 2025,13-Sep-2025,180144,47 2.662100 N,061 9.382000 W,2.6,175.4,A,Depth,Depth,48.981481,D,S,105429.000000
Sat Sep 13 15:01:42 2025,13-Sep-2025,180145,47 2.661600 N,061 9.381800 W,2.5,174.9,A,Depth,Depth,48.981481,D,S,105429.000000
Sat Sep 13 15:01:43 2025,13-Sep-2025,180146,47 2.661000 N,061 9.381500 W,2.5,174.6,A,Primary,Headline,15.816327,D,P,73292.000000
Sat Sep 13 15:01:43 2025,13-Sep-2025,180147,47 2.660300 N,061 9.381300 W,2.5,174.6,A,Primary,Headline,15.816327,D,P,73292.000000
Sat Sep 13 15:01:43 2025,13-Sep-2025,180148,47 2.659700 N,061 9.381100 W,2.5,174.3,A,Primary,Headline,15.816327,D,P,73292.000000
Sat Sep 13 15:01:46 2025,13-Sep-2025,180149,47 2.659100 N,061 9.380900 W,2.5,173.7,A,DoorSpread,DoorMaster,0.000000,E,S,171169.000000
Sat Sep 13 15:01:46 2025,13-Sep-2025,180150,47 2.658600 N,061 9.380600 W,2.4,172.8,A,DoorSpread,DoorMaster,0.000000,E,S,171169.000000
Sat Sep 13 15:01:48 2025,13-Sep-2025,180151,47 2.658100 N,061 9.380300 W,2.3,172.1,A,Primary,Headline,14.081633,D,P,79510.000000
Sat Sep 13 15:01:49 2025,13-Sep-2025,180152,47 2.657500 N,061 9.380300 W,2.3,171.6,A,Depth,Depth,51.018519,D,P,55969.000000
Sat Sep 13 15:01:49 2025,13-Sep-2025,180153,47 2.656800 N,061 9.380200 W,2.4,172.0,A,Depth,Depth,51.018519,D,P,55969.000000
Sat Sep 13 15:01:51 2025,13-Sep-2025,180154,47 2.656200 N,061 9.380100 W,2.3,172.8,A,DoorSpread,DoorMaster,0.000000,E,S,405537.000000
Sat Sep 13 15:01:51 2025,13-Sep-2025,180155,47 2.655500 N,061 9.380100 W,2.3,173.2,A,DoorSpread,DoorMaster,0.000000,E,S,405537.000000
Sat Sep 13 15:01:53 2025,13-Sep-2025,180156,47 2.654900 N,061 9.380000 W,2.3,173.3,A,Primary,Headline,12.551020,D,S,161397.000000
Sat Sep 13 15:01:53 2025,13-Sep-2025,180157,47 2.654300 N,061 9.380000 W,2.3,173.1,A,Primary,Headline,12.551020,D,S,161397.000000
Sat Sep 13 15:01:53 2025,13-Sep-2025,180158,47 2.653700 N,061 9.379900 W,2.2,172.9,A,Primary,Headline,12.551020,D,S,161397.000000
Sat Sep 13 15:01:56 2025,13-Sep-2025,180159,47 2.653100 N,061 9.379900 W,2.2,173.0,A,Depth,Depth,54.537037,D,S,204008.000000
Sat Sep 13 15:01:56 2025,13-Sep-2025,180200,47 2.652500 N,061 9.380000 W,2.3,173.5,A,Depth,Depth,54.537037,D,S,204008.000000
Sat Sep 13 15:01:58 2025,13-Sep-2025,180201,47 2.651800 N,061 9.380000 W,2.3,174.0,A,Primary,Headline,10.489796,D,S,268896.000000
Sat Sep 13 15:01:58 2025,13-Sep-2025,180202,47 2.651200 N,061 9.380000 W,2.3,174.4,A,Primary,Headline,10.489796,D,S,268896.000000
Sat Sep 13 15:01:58 2025,13-Sep-2025,180203,47 2.650600 N,061 9.380000 W,2.2,174.6,A,Primary,Headline,10.489796,D,S,268896.000000
Sat Sep 13 15:02:01 2025,13-Sep-2025,180204,47 2.650000 N,061 9.379900 W,2.3,174.7,A,DoorSpread,DoorMaster,0.000000,E,P,236526.000000
Sat Sep 13 15:02:01 2025,13-Sep-2025,180205,47 2.649300 N,061 9.380000 W,2.3,174.7,A,DoorSpread,DoorMaster,0.000000,E,P,236526.000000
Sat Sep 13 15:02:03 2025,13-Sep-2025,180206,47 2.648600 N,061 9.380000 W,2.3,174.8,A,Depth,Depth,56.018519,D,S,175625.000000
Sat Sep 13 15:02:04 2025,13-Sep-2025,180207,47 2.648000 N,061 9.380000 W,2.4,175.2,A,Primary,Headline,8.795918,D,S,208632.000000
Sat Sep 13 15:02:04 2025,13-Sep-2025,180208,47 2.647300 N,061 9.380100 W,2.4,175.7,A,Primary,Headline,8.795918,D,S,208632.000000
Sat Sep 13 15:02:06 2025,13-Sep-2025,180209,47 2.646700 N,061 9.380100 W,2.4,176.1,A,DoorSpread,DoorMaster,5.335000,D,S,219927.000000
Sat Sep 13 15:02:06 2025,13-Sep-2025,180210,47 2.646000 N,061 9.380000 W,2.5,176.5,A,DoorSpread,DoorMaster,5.335000,D,S,219927.000000
Sat Sep 13 15:02:06 2025,13-Sep-2025,180211,47 2.645300 N,061 9.379900 W,2.5,176.8,A,DoorSpread,DoorMaster,5.335000,D,S,219927.000000
Sat Sep 13 15:02:09 2025,13-Sep-2025,180212,47 2.644800 N,061 9.379700 W,2.5,177.0,A,Primary,Headline,7.122449,D,S,197571.000000
Sat Sep 13 15:02:10 2025,13-Sep-2025,180213,47 2.644200 N,061 9.379600 W,2.5,177.3,A,Depth,Depth,58.518519,D,S,92605.000000
Sat Sep 13 15:02:10 2025,13-Sep-2025,180214,47 2.643500 N,061 9.379400 W,2.5,177.7,A,Depth,Depth,58.518519,D,S,92605.000000
Sat Sep 13 15:02:12 2025,13-Sep-2025,180215,47 2.642800 N,061 9.379200 W,2.5,177.9,A,DoorSpread,DoorMaster,5.275000,D,P,57884.000000
Sat Sep 13 15:02:12 2025,13-Sep-2025,180216,47 2.642200 N,061 9.379200 W,2.5,178.1,A,DoorSpread,DoorMaster,5.275000,D,P,57884.000000
Sat Sep 13 15:02:14 2025,13-Sep-2025,180217,47 2.641600 N,061 9.379100 W,2.5,178.5,A,Primary,Headline,5.489796,D,S,166658.000000
Sat Sep 13 15:02:14 2025,13-Sep-2025,180218,47 2.640800 N,061 9.379200 W,2.5,179.1,A,Primary,Headline,5.489796,D,S,166658.000000
Sat Sep 13 15:02:14 2025,13-Sep-2025,180219,47 2.640000 N,061 9.379200 W,2.5,179.5,A,Primary,Headline,5.489796,D,S,166658.000000
Sat Sep 13 15:02:17 2025,13-Sep-2025,180220,47 2.639300 N,061 9.379300 W,2.5,179.7,A,Depth,Depth,61.296296,D,S,85672.000000
Sat Sep 13 15:02:17 2025,13-Sep-2025,180221,47 2.638600 N,061 9.379300 W,2.5,179.9,A,Depth,Depth,61.296296,D,S,85672.000000
Sat Sep 13 15:02:19 2025,13-Sep-2025,180222,47 2.637900 N,061 9.379400 W,2.5,180.1,A,Primary,Headline,3.979592,D,S,59782.000000
Sat Sep 13 15:02:19 2025,13-Sep-2025,180223,47 2.637200 N,061 9.379500 W,2.4,180.2,A,Primary,Headline,3.979592,D,S,59782.000000
Sat Sep 13 15:02:19 2025,13-Sep-2025,180224,47 2.636400 N,061 9.379700 W,2.4,180.3,A,Primary,Headline,3.979592,D,S,59782.000000
Sat Sep 13 15:02:22 2025,13-Sep-2025,180225,47 2.635700 N,061 9.379800 W,2.4,180.5,A,DoorSpread,DoorMaster,5.005000,D,P,60228.000000
Sat Sep 13 15:02:22 2025,13-Sep-2025,180226,47 2.635000 N,061 9.379800 W,2.4,180.7,A,DoorSpread,DoorMaster,5.005000,D,P,60228.000000
Sat Sep 13 15:02:24 2025,13-Sep-2025,180227,47 2.634200 N,061 9.379800 W,2.4,180.9,A,Primary,Headline,3.224490,D,S,246705.000000
Sat Sep 13 15:02:25 2025,13-Sep-2025,180228,47 2.633500 N,061 9.379600 W,2.4,180.9,A,Depth,Depth,63.425926,D,P,37746.000000
Sat Sep 13 15:02:25 2025,13-Sep-2025,180229,47 2.632900 N,061 9.379500 W,2.4,180.7,A,Depth,Depth,63.425926,D,P,37746.000000
Sat Sep 13 15:02:25 2025,13-Sep-2025,180230,47 2.632200 N,061 9.379400 W,2.3,180.6,A,Depth,Depth,63.425926,D,P,37746.000000
Sat Sep 13 15:02:28 2025,13-Sep-2025,180231,47 2.631700 N,061 9.379500 W,2.3,180.5,A,DoorSpread,DoorMaster,5.385000,D,S,242223.000000
Sat Sep 13 15:02:29 2025,13-Sep-2025,180232,47 2.631100 N,061 9.379500 W,2.3,180.3,A,Primary,Headline,2.653061,D,S,52732.000000
Sat Sep 13 15:02:29 2025,13-Sep-2025,180233,47 2.630400 N,061 9.379500 W,2.3,180.2,A,Primary,Headline,2.653061,D,S,52732.000000
Sat Sep 13 15:02:29 2025,13-Sep-2025,180234,47 2.629700 N,061 9.379600 W,2.3,180.3,A,Primary,Headline,2.653061,D,S,52732.000000
Sat Sep 13 15:02:32 2025,13-Sep-2025,180235,47 2.629100 N,061 9.379800 W,2.3,180.2,A,Depth,Depth,65.833333,D,S,59736.000000
Sat Sep 13 15:02:33 2025,13-Sep-2025,180236,47 2.628600 N,061 9.379900 W,2.3,180.1,A,DoorSpread,DoorMaster,6.230000,D,S,207208.000000
Sat Sep 13 15:02:34 2025,13-Sep-2025,180237,47 2.628100 N,061 9.380000 W,2.2,180.0,A,Primary,Headline,1.265306,D,P,57883.000000
Sat Sep 13 15:02:34 2025,13-Sep-2025,180238,47 2.627700 N,061 9.380100 W,2.1,179.8,A,Primary,Headline,1.265306,D,P,57883.000000
Sat Sep 13 15:02:34 2025,13-Sep-2025,180239,47 2.627200 N,061 9.380100 W,2.1,179.7,A,Primary,Headline,1.265306,D,P,57883.000000
Sat Sep 13 15:02:34 2025,13-Sep-2025,180240,47 2.626600 N,061 9.380200 W,2.2,179.7,A,Primary,Headline,1.265306,D,P,57883.000000
Sat Sep 13 15:02:34 2025,13-Sep-2025,180241,47 2.625900 N,061 9.380200 W,2.2,180.1,A,Primary,Headline,1.265306,D,P,57883.000000
Sat Sep 13 15:02:39 2025,13-Sep-2025,180242,47 2.625400 N,061 9.380300 W,2.1,180.3,A,Depth,Depth,63.240741,D,P,55073.000000
Sat Sep 13 15:02:39 2025,13-Sep-2025,180243,47 2.624900 N,061 9.380200 W,2.0,180.1,A,Depth,Depth,63.240741,D,P,55073.000000
Sat Sep 13 15:02:39 2025,13-Sep-2025,180244,47 2.624400 N,061 9.379900 W,2.0,179.4,A,Depth,Depth,63.240741,D,P,55073.000000
Sat Sep 13 15:02:39 2025,13-Sep-2025,180245,47 2.623800 N,061 9.379700 W,2.0,178.7,A,Depth,Depth,63.240741,D,P,55073.000000
Sat Sep 13 15:02:39 2025,13-Sep-2025,180246,47 2.623300 N,061 9.379600 W,1.9,178.1,A,Depth,Depth,63.240741,D,P,55073.000000
Sat Sep 13 15:02:44 2025,13-Sep-2025,180247,47 2.622800 N,061 9.379600 W,1.9,177.8,A,Primary,Headline,1.755102,D,S,83862.000000
Sat Sep 13 15:02:45 2025,13-Sep-2025,180248,47 2.622200 N,061 9.379700 W,2.0,177.5,A,DoorSpread,DoorMaster,6.740000,D,P,69828.000000
Sat Sep 13 15:02:46 2025,13-Sep-2025,180249,47 2.621700 N,061 9.379800 W,2.0,177.3,A,Depth,Depth,64.444444,D,S,116454.000000
Sat Sep 13 15:02:46 2025,13-Sep-2025,180250,47 2.621000 N,061 9.379900 W,2.1,177.5,A,Depth,Depth,64.444444,D,S,116454.000000
Sat Sep 13 15:02:46 2025,13-Sep-2025,180251,47 2.620500 N,061 9.379900 W,2.1,177.3,A,Depth,Depth,64.444444,D,S,116454.000000
Sat Sep 13 15:02:49 2025,13-Sep-2025,180252,47 2.620000 N,061 9.379700 W,2.0,176.7,A,Primary,Headline,1.775510,D,P,127337.000000
Sat Sep 13 15:02:51 2025,13-Sep-2025,180253,47 2.619500 N,061 9.379600 W,2.1,176.3,A,DoorSpread,DoorMaster,8.190000,D,S,63321.000000
Sat Sep 13 15:02:51 2025,13-Sep-2025,180254,47 2.618700 N,061 9.379700 W,2.2,176.7,A,DoorSpread,DoorMaster,8.190000,D,S,63321.000000
Sat Sep 13 15:02:51 2025,13-Sep-2025,180255,47 2.618000 N,061 9.379700 W,2.2,177.2,A,DoorSpread,DoorMaster,8.190000,D,S,63321.000000
Sat Sep 13 15:02:51 2025,13-Sep-2025,180256,47 2.617400 N,061 9.379600 W,2.2,177.3,A,DoorSpread,DoorMaster,8.190000,D,S,63321.000000
Sat Sep 13 15:02:54 2025,13-Sep-2025,180257,47 2.616800 N,061 9.379400 W,2.2,177.0,A,Primary,Headline,1.469388,D,S,89924.000000
Sat Sep 13 15:02:54 2025,13-Sep-2025,180258,47 2.616300 N,061 9.379300 W,2.2,176.3,A,Primary,Headline,1.469388,D,S,89924.000000
Sat Sep 13 15:02:56 2025,13-Sep-2025,180259,47 2.615700 N,061 9.379200 W,2.2,176.1,A,DoorSpread,DoorMaster,8.605000,D,S,75438.000000
Sat Sep 13 15:02:56 2025,13-Sep-2025,180300,47 2.615200 N,061 9.379200 W,2.2,175.9,A,DoorSpread,DoorMaster,8.605000,D,S,75438.000000
Sat Sep 13 15:02:56 2025,13-Sep-2025,180301,47 2.614600 N,061 9.379200 W,2.2,176.1,A,DoorSpread,DoorMaster,8.605000,D,S,75438.000000
Sat Sep 13 15:02:59 2025,13-Sep-2025,180302,47 2.614100 N,061 9.379200 W,2.2,176.3,A,Primary,Headline,1.714286,D,P,73299.000000
Sat Sep 13 15:02:59 2025,13-Sep-2025,180303,47 2.613400 N,061 9.379300 W,2.2,176.4,A,Primary,Headline,1.714286,D,P,73299.000000
Sat Sep 13 15:03:01 2025,13-Sep-2025,180304,47 2.612700 N,061 9.379200 W,2.2,176.2,A,Depth,Depth,64.537037,D,P,49292.000000
Sat Sep 13 15:03:02 2025,13-Sep-2025,180305,47 2.612100 N,061 9.379200 W,2.2,176.1,A,DoorSpread,DoorMaster,8.320000,D,S,85406.000000
Sat Sep 13 15:03:02 2025,13-Sep-2025,180306,47 2.611400 N,061 9.379100 W,2.2,176.1,A,DoorSpread,DoorMaster,8.320000,D,S,85406.000000
Sat Sep 13 15:03:04 2025,13-Sep-2025,180307,47 2.610700 N,061 9.379100 W,2.2,176.6,A,Primary,Headline,1.653061,D,S,139709.000000
Sat Sep 13 15:03:04 2025,13-Sep-2025,180308,47 2.610100 N,061 9.379000 W,2.2,177.1,A,Primary,Headline,1.653061,D,S,139709.000000
Sat Sep 13 15:03:04 2025,13-Sep-2025,180309,47 2.609400 N,061 9.379000 W,2.2,177.6,A,Primary,Headline,1.653061,D,S,139709.000000
Sat Sep 13 15:03:04 2025,13-Sep-2025,180310,47 2.608700 N,061 9.378900 W,2.2,177.9,A,Primary,Headline,1.653061,D,S,139709.000000
Sat Sep 13 15:03:08 2025,13-Sep-2025,180311,47 2.608000 N,061 9.378800 W,2.3,178.1,A,Depth,Depth,65.370370,D,P,78917.000000
Sat Sep 13 15:03:09 2025,13-Sep-2025,180312,47 2.607300 N,061 9.378700 W,2.3,178.2,A,Primary,Headline,1.714286,D,S,161116.000000
Sat Sep 13 15:03:09 2025,13-Sep-2025,180313,47 2.606600 N,061 9.378700 W,2.3,178.4,A,Primary,Headline,1.714286,D,S,161116.000000
Sat Sep 13 15:03:09 2025,13-Sep-2025,180314,47 2.606000 N,061 9.378800 W,2.3,178.7,A,Primary,Headline,1.714286,D,S,161116.000000
Sat Sep 13 15:03:09 2025,13-Sep-2025,180315,47 2.605400 N,061 9.378900 W,2.3,179.0,A,Primary,Headline,1.714286,D,S,161116.000000
Sat Sep 13 15:03:13 2025,13-Sep-2025,180316,47 2.604800 N,061 9.379000 W,2.3,179.1,A,DoorSpread,DoorMaster,8.535000,D,S,100571.000000
Sat Sep 13 15:03:14 2025,13-Sep-2025,180317,47 2.604300 N,061 9.379100 W,2.3,179.2,A,Primary,Headline,1.530612,D,S,158682.000000
Sat Sep 13 15:03:15 2025,13-Sep-2025,180318,47 2.603700 N,061 9.379100 W,2.3,179.3,A,Depth,Depth,65.185185,D,S,93370.000000
Sat Sep 13 15:03:15 2025,13-Sep-2025,180319,47 2.603200 N,061 9.379100 W,2.2,179.4,A,Depth,Depth,65.185185,D,S,93370.000000
Sat Sep 13 15:03:15 2025,13-Sep-2025,180320,47 2.602600 N,061 9.379000 W,2.3,179.3,A,Depth,Depth,65.185185,D,S,93370.000000
Sat Sep 13 15:03:15 2025,13-Sep-2025,180321,47 2.601900 N,061 9.378900 W,2.3,179.2,A,Depth,Depth,65.185185,D,S,93370.000000
Sat Sep 13 15:03:19 2025,13-Sep-2025,180322,47 2.601300 N,061 9.378900 W,2.3,179.4,A,Primary,Headline,1.673469,D,S,182634.000000
Sat Sep 13 15:03:19 2025,13-Sep-2025,180323,47 2.600700 N,061 9.379000 W,2.3,179.7,A,Primary,Headline,1.673469,D,S,182634.000000
Sat Sep 13 15:03:19 2025,13-Sep-2025,180324,47 2.600000 N,061 9.379100 W,2.3,179.9,A,Primary,Headline,1.673469,D,S,182634.000000
Sat Sep 13 15:03:19 2025,13-Sep-2025,180325,47 2.599300 N,061 9.379100 W,2.3,180.0,A,Primary,Headline,1.673469,D,S,182634.000000
Sat Sep 13 15:03:23 2025,13-Sep-2025,180326,47 2.598600 N,061 9.379100 W,2.3,180.0,A,Depth,Depth,65.370370,D,P,33428.000000
Sat Sep 13 15:03:24 2025,13-Sep-2025,180327,47 2.598000 N,061 9.379000 W,2.2,179.9,A,Primary,Headline,1.285714,D,P,80530.000000
Sat Sep 13 15:03:25 2025,13-Sep-2025,180328,47 2.597300 N,061 9.378900 W,2.2,179.8,A,DoorSpread,DoorMaster,8.590000,D,S,167129.000000
Sat Sep 13 15:03:25 2025,13-Sep-2025,180329,47 2.596600 N,061 9.378900 W,2.2,179.7,A,DoorSpread,DoorMaster,8.590000,D,S,167129.000000
Sat Sep 13 15:03:25 2025,13-Sep-2025,180330,47 2.596000 N,061 9.378900 W,2.2,179.9,A,DoorSpread,DoorMaster,8.590000,D,S,167129.000000
Sat Sep 13 15:03:25 2025,13-Sep-2025,180331,47 2.595400 N,061 9.379000 W,2.2,180.1,A,DoorSpread,DoorMaster,8.590000,D,S,167129.000000
Sat Sep 13 15:03:29 2025,13-Sep-2025,180332,47 2.594700 N,061 9.379000 W,2.2,180.1,A,Primary,Headline,1.387755,D,S,89424.000000
Sat Sep 13 15:03:30 2025,13-Sep-2025,180333,47 2.594000 N,061 9.378800 W,2.2,179.9,A,Depth,Depth,65.277778,D,S,160136.000000
Sat Sep 13 15:03:31 2025,13-Sep-2025,180334,47 2.593500 N,061 9.378800 W,2.1,179.4,A,DoorSpread,DoorMaster,8.715000,D,S,101080.000000
Sat Sep 13 15:03:31 2025,13-Sep-2025,180335,47 2.592900 N,061 9.378800 W,2.2,179.1,A,DoorSpread,DoorMaster,8.715000,D,S,101080.000000
Sat Sep 13 15:03:31 2025,13-Sep-2025,180336,47 2.592300 N,061 9.378700 W,2.1,178.8,A,DoorSpread,DoorMaster,8.715000,D,S,101080.000000
Sat Sep 13 15:03:34 2025,13-Sep-2025,180337,47 2.591700 N,061 9.378700 W,2.1,178.7,A,Primary,Headline,1.612245,D,S,63493.000000
Sat Sep 13 15:03:34 2025,13-Sep-2025,180338,47 2.591100 N,061 9.378800 W,2.2,178.9,A,Primary,Headline,1.612245,D,S,63493.000000
Sat Sep 13 15:03:36 2025,13-Sep-2025,180339,47 2.590400 N,061 9.378900 W,2.2,179.0,A,DoorSpread,DoorMaster,8.950000,D,P,78164.000000
Sat Sep 13 15:03:37 2025,13-Sep-2025,180340,47 2.589700 N,061 9.378900 W,2.2,179.0,A,Depth,Depth,65.370370,D,S,147109.000000
Sat Sep 13 15:03:37 2025,13-Sep-2025,180341,47 2.589000 N,061 9.378900 W,2.2,179.0,A,Depth,Depth,65.370370,D,S,147109.000000
Sat Sep 13 15:03:39 2025,13-Sep-2025,180342,47 2.588500 N,061 9.378800 W,2.2,178.8,A,Primary,Headline,2.040816,D,S,168667.000000
Sat Sep 13 15:03:39 2025,13-Sep-2025,180343,47 2.587900 N,061 9.378700 W,2.2,178.7,A,Primary,Headline,2.040816,D,S,168667.000000
Sat Sep 13 15:03:39 2025,13-Sep-2025,180344,47 2.587300 N,061 9.378700 W,2.2,178.5,A,Primary,Headline,2.040816,D,S,168667.000000
Sat Sep 13 15:03:42 2025,13-Sep-2025,180345,47 2.586700 N,061 9.378800 W,2.2,178.8,A,DoorSpread,DoorMaster,8.680000,D,S,318591.000000
Sat Sep 13 15:03:42 2025,13-Sep-2025,180346,47 2.586000 N,061 9.378800 W,2.3,179.1,A,DoorSpread,DoorMaster,8.680000,D,S,318591.000000
Sat Sep 13 15:03:44 2025,13-Sep-2025,180347,47 2.585400 N,061 9.378800 W,2.2,179.2,A,Primary,Headline,1.204082,D,S,230045.000000
Sat Sep 13 15:03:44 2025,13-Sep-2025,180348,47 2.584700 N,061 9.378800 W,2.2,179.1,A,Primary,Headline,1.204082,D,S,230045.000000
Sat Sep 13 15:03:44 2025,13-Sep-2025,180349,47 2.584100 N,061 9.378700 W,2.3,179.0,A,Primary,Headline,1.204082,D,S,230045.000000
Sat Sep 13 15:03:44 2025,13-Sep-2025,180350,47 2.583500 N,061 9.378600 W,2.2,178.8,A,Primary,Headline,1.204082,D,S,230045.000000
Sat Sep 13 15:03:48 2025,13-Sep-2025,180351,47 2.583000 N,061 9.378500 W,2.2,178.7,A,DoorSpread,DoorMaster,8.765000,D,S,57991.000000
Sat Sep 13 15:03:49 2025,13-Sep-2025,180352,47 2.582400 N,061 9.378400 W,2.2,178.4,A,Primary,Headline,1.489796,D,P,84543.000000
Sat Sep 13 15:03:49 2025,13-Sep-2025,180353,47 2.581700 N,061 9.378200 W,2.2,178.1,A,Primary,Headline,1.489796,D,P,84543.000000
Sat Sep 13 15:03:49 2025,13-Sep-2025,180354,47 2.581000 N,061 9.378100 W,2.2,178.0,A,Primary,Headline,1.489796,D,P,84543.000000
Sat Sep 13 15:03:49 2025,13-Sep-2025,180355,47 2.580400 N,061 9.378100 W,2.2,178.0,A,Primary,Headline,1.489796,D,P,84543.000000
Sat Sep 13 15:03:49 2025,13-Sep-2025,180356,47 2.579600 N,061 9.378000 W,2.2,177.9,A,Primary,Headline,1.489796,D,P,84543.000000
Sat Sep 13 15:03:54 2025,13-Sep-2025,180357,47 2.579000 N,061 9.378000 W,2.2,177.9,A,Primary,Headline,1.673469,D,S,120392.000000
Sat Sep 13 15:03:54 2025,13-Sep-2025,180358,47 2.578400 N,061 9.378000 W,2.2,177.9,A,Primary,Headline,1.673469,D,S,120392.000000
Sat Sep 13 15:03:54 2025,13-Sep-2025,180359,47 2.577800 N,061 9.378000 W,2.2,177.8,A,Primary,Headline,1.673469,D,S,120392.000000
Sat Sep 13 15:03:54 2025,13-Sep-2025,180400,47 2.577200 N,061 9.378000 W,2.2,177.7,A,Primary,Headline,1.673469,D,S,120392.000000
Sat Sep 13 15:03:54 2025,13-Sep-2025,180401,47 2.576600 N,061 9.378000 W,2.2,177.8,A,Primary,Headline,1.673469,D,S,120392.000000
Sat Sep 13 15:04:00 2025,13-Sep-2025,180402,47 2.576000 N,061 9.378000 W,2.2,177.9,A,Primary,Headline,3.612245,D,S,49416.000000
Sat Sep 13 15:04:00 2025,13-Sep-2025,180403,47 2.575500 N,061 9.377900 W,2.2,177.9,A,Primary,Headline,3.612245,D,S,49416.000000
Sat Sep 13 15:04:00 2025,13-Sep-2025,180404,47 2.574900 N,061 9.378100 W,2.2,177.9,A,Primary,Headline,3.612245,D,S,49416.000000
Sat Sep 13 15:04:00 2025,13-Sep-2025,180405,47 2.574300 N,061 9.378200 W,2.3,178.2,A,Primary,Headline,3.612245,D,S,49416.000000
Sat Sep 13 15:04:00 2025,13-Sep-2025,180406,47 2.573700 N,061 9.378300 W,2.3,178.4,A,Primary,Headline,3.612245,D,S,49416.000000
Sat Sep 13 15:04:04 2025,13-Sep-2025,180407,47 2.573100 N,061 9.378400 W,2.2,178.5,A,Primary,Headline,1.387755,D,P,64281.000000
Sat Sep 13 15:04:05 2025,13-Sep-2025,180408,47 2.572500 N,061 9.378500 W,2.2,178.4,A,DoorSpread,DoorMaster,8.765000,D,P,63974.000000
Sat Sep 13 15:04:06 2025,13-Sep-2025,180409,47 2.571800 N,061 9.378400 W,2.2,178.1,A,Depth,Depth,65.185185,D,P,46354.000000
Sat Sep 13 15:04:06 2025,13-Sep-2025,180410,47 2.571200 N,061 9.378300 W,2.2,177.9,A,Depth,Depth,65.185185,D,P,46354.000000
Sat Sep 13 15:04:06 2025,13-Sep-2025,180411,47 2.570600 N,061 9.378300 W,2.2,177.8,A,Depth,Depth,65.185185,D,P,46354.000000
Sat Sep 13 15:04:06 2025,13-Sep-2025,180412,47 2.570000 N,061 9.378300 W,2.2,177.9,A,Depth,Depth,65.185185,D,P,46354.000000
Sat Sep 13 15:04:10 2025,13-Sep-2025,180413,47 2.569400 N,061 9.378300 W,2.2,178.2,A,Primary,Headline,1.489796,D,S,119844.000000
Sat Sep 13 15:04:11 2025,13-Sep-2025,180414,47 2.568700 N,061 9.378300 W,2.2,178.3,A,DoorSpread,DoorMaster,8.485000,D,P,45186.000000
Sat Sep 13 15:04:11 2025,13-Sep-2025,180415,47 2.568000 N,061 9.378100 W,2.2,178.0,A,DoorSpread,DoorMaster,8.485000,D,P,45186.000000
Sat Sep 13 15:04:13 2025,13-Sep-2025,180416,47 2.567400 N,061 9.377900 W,2.2,177.5,A,Depth,Depth,65.185185,D,S,61475.000000
Sat Sep 13 15:04:13 2025,13-Sep-2025,180417,47 2.566800 N,061 9.377900 W,2.2,177.3,A,Depth,Depth,65.185185,D,S,61475.000000
Sat Sep 13 15:04:15 2025,13-Sep-2025,180418,47 2.566200 N,061 9.377900 W,2.2,177.5,A,Primary,Headline,1.489796,D,P,57796.000000
Sat Sep 13 15:04:15 2025,13-Sep-2025,180419,47 2.565600 N,061 9.378100 W,2.2,177.9,A,Primary,Headline,1.489796,D,P,57796.000000
Sat Sep 13 15:04:17 2025,13-Sep-2025,180420,47 2.564900 N,061 9.378200 W,2.2,178.3,A,DoorSpread,DoorMaster,8.415000,D,S,150350.000000
Sat Sep 13 15:04:17 2025,13-Sep-2025,180421,47 2.564200 N,061 9.378200 W,2.2,178.5,A,DoorSpread,DoorMaster,8.415000,D,S,150350.000000
Sat Sep 13 15:04:20 2025,13-Sep-2025,180422,47 2.563500 N,061 9.378200 W,2.2,178.4,A,Primary,Headline,1.571429,D,S,128302.000000
Sat Sep 13 15:04:20 2025,13-Sep-2025,180423,47 2.562800 N,061 9.378000 W,2.1,178.1,A,Primary,Headline,1.571429,D,S,128302.000000
Sat Sep 13 15:04:21 2025,13-Sep-2025,180424,47 2.562200 N,061 9.377900 W,2.1,178.1,A,Depth,Depth,65.462963,D,P,72418.000000
Sat Sep 13 15:04:22 2025,13-Sep-2025,180425,47 2.561600 N,061 9.377800 W,2.1,178.3,A,DoorSpread,DoorMaster,8.610000,D,S,99582.000000
Sat Sep 13 15:04:22 2025,13-Sep-2025,180426,47 2.561000 N,061 9.377800 W,2.1,178.5,A,DoorSpread,DoorMaster,8.610000,D,S,99582.000000
Sat Sep 13 15:04:22 2025,13-Sep-2025,180427,47 2.560400 N,061 9.377800 W,2.1,178.6,A,DoorSpread,DoorMaster,8.610000,D,S,99582.000000
Sat Sep 13 15:04:25 2025,13-Sep-2025,180428,47 2.559800 N,061 9.377800 W,2.1,178.7,A,Primary,Headline,1.428571,D,P,62385.000000
Sat Sep 13 15:04:25 2025,13-Sep-2025,180429,47 2.559300 N,061 9.377800 W,2.1,178.7,A,Primary,Headline,1.428571,D,P,62385.000000
Sat Sep 13 15:04:25 2025,13-Sep-2025,180430,47 2.558900 N,061 9.377800 W,2.1,178.5,A,Primary,Headline,1.428571,D,P,62385.000000
Sat Sep 13 15:04:28 2025,13-Sep-2025,180431,47 2.558400 N,061 9.377700 W,2.1,178.4,A,DoorSpread,DoorMaster,8.620000,D,S,65622.000000
Sat Sep 13 15:04:28 2025,13-Sep-2025,180432,47 2.557900 N,061 9.377800 W,2.1,178.4,A,DoorSpread,DoorMaster,8.620000,D,S,65622.000000
Sat Sep 13 15:04:30 2025,13-Sep-2025,180433,47 2.557500 N,061 9.377800 W,2.0,178.3,A,Primary,Headline,1.897959,D,S,109563.000000
Sat Sep 13 15:04:30 2025,13-Sep-2025,180434,47 2.557000 N,061 9.377700 W,2.0,178.2,A,Primary,Headline,1.897959,D,S,109563.000000
Sat Sep 13 15:04:30 2025,13-Sep-2025,180435,47 2.556500 N,061 9.377800 W,2.1,178.3,A,Primary,Headline,1.897959,D,S,109563.000000
Sat Sep 13 15:04:30 2025,13-Sep-2025,180436,47 2.556000 N,061 9.377900 W,2.1,178.3,A,Primary,Headline,1.897959,D,S,109563.000000
Sat Sep 13 15:04:34 2025,13-Sep-2025,180437,47 2.555400 N,061 9.377800 W,2.1,178.3,A,DoorSpread,DoorMaster,8.405000,D,S,60112.000000
Sat Sep 13 15:04:35 2025,13-Sep-2025,180438,47 2.554900 N,061 9.377800 W,2.0,178.2,A,Depth,Depth,66.574074,D,P,66683.000000
Sat Sep 13 15:04:35 2025,13-Sep-2025,180439,47 2.554300 N,061 9.377700 W,2.0,178.1,A,Depth,Depth,66.574074,D,P,66683.000000
Sat Sep 13 15:04:35 2025,13-Sep-2025,180440,47 2.553700 N,061 9.377600 W,2.1,178.0,A,Depth,Depth,66.574074,D,P,66683.000000
Sat Sep 13 15:04:35 2025,13-Sep-2025,180441,47 2.553100 N,061 9.377600 W,2.1,178.1,A,Depth,Depth,66.574074,D,P,66683.000000
Sat Sep 13 15:04:35 2025,13-Sep-2025,180442,47 2.552400 N,061 9.377500 W,2.1,178.3,A,Depth,Depth,66.574074,D,P,66683.000000
Sat Sep 13 15:04:40 2025,13-Sep-2025,180443,47 2.551800 N,061 9.377400 W,2.0,178.3,A,Primary,Headline,3.224490,D,S,86485.000000
Sat Sep 13 15:04:40 2025,13-Sep-2025,180444,47 2.551200 N,061 9.377400 W,2.1,178.2,A,Primary,Headline,3.224490,D,S,86485.000000
Sat Sep 13 15:04:42 2025,13-Sep-2025,180445,47 2.550500 N,061 9.377300 W,2.1,178.1,A,Depth,Depth,63.796296,D,S,116043.000000
Sat Sep 13 15:04:42 2025,13-Sep-2025,180446,47 2.549800 N,061 9.377300 W,2.1,177.9,A,Depth,Depth,63.796296,D,S,116043.000000
Sat Sep 13 15:04:42 2025,13-Sep-2025,180447,47 2.549100 N,061 9.377400 W,2.1,177.6,A,Depth,Depth,63.796296,D,S,116043.000000
Sat Sep 13 15:04:45 2025,13-Sep-2025,180448,47 2.548600 N,061 9.377500 W,2.1,177.5,A,DoorSpread,DoorMaster,8.870000,D,S,111194.000000
Sat Sep 13 15:04:45 2025,13-Sep-2025,180449,47 2.547900 N,061 9.377600 W,2.1,177.5,A,DoorSpread,DoorMaster,8.870000,D,S,111194.000000
Sat Sep 13 15:04:45 2025,13-Sep-2025,180450,47 2.547100 N,061 9.377700 W,2.1,177.6,A,DoorSpread,DoorMaster,8.870000,D,S,111194.000000
Sat Sep 13 15:04:45 2025,13-Sep-2025,180451,47 2.546500 N,061 9.377800 W,2.1,177.6,A,DoorSpread,DoorMaster,8.870000,D,S,111194.000000
Sat Sep 13 15:04:45 2025,13-Sep-2025,180452,47 2.545900 N,061 9.377900 W,2.2,177.5,A,DoorSpread,DoorMaster,8.870000,D,S,111194.000000
Sat Sep 13 15:04:50 2025,13-Sep-2025,180453,47 2.545200 N,061 9.377800 W,2.2,177.4,A,Primary,Headline,1.755102,D,P,78812.000000
Sat Sep 13 15:04:51 2025,13-Sep-2025,180454,47 2.544600 N,061 9.377800 W,2.1,177.2,A,DoorSpread,DoorMaster,8.320000,D,P,32401.000000
Sat Sep 13 15:04:51 2025,13-Sep-2025,180455,47 2.543900 N,061 9.377800 W,2.2,177.1,A,DoorSpread,DoorMaster,8.320000,D,P,32401.000000
Sat Sep 13 15:04:51 2025,13-Sep-2025,180456,47 2.543100 N,061 9.377900 W,2.2,177.2,A,DoorSpread,DoorMaster,8.320000,D,P,32401.000000
Sat Sep 13 15:04:51 2025,13-Sep-2025,180457,47 2.542500 N,061 9.378000 W,2.2,177.4,A,DoorSpread,DoorMaster,8.320000,D,P,32401.000000
Sat Sep 13 15:04:55 2025,13-Sep-2025,180458,47 2.541900 N,061 9.378100 W,2.2,177.6,A,Primary,Headline,1.653061,D,S,142552.000000
Sat Sep 13 15:04:55 2025,13-Sep-2025,180459,47 2.541200 N,061 9.378100 W,2.2,177.7,A,Primary,Headline,1.653061,D,S,142552.000000
Sat Sep 13 15:04:57 2025,13-Sep-2025,180500,47 2.540600 N,061 9.378000 W,2.2,177.6,A,DoorSpread,DoorMaster,9.370000,D,P,99381.000000
Sat Sep 13 15:04:57 2025,13-Sep-2025,180501,47 2.540000 N,061 9.378000 W,2.2,177.6,A,DoorSpread,DoorMaster,9.370000,D,P,99381.000000
Sat Sep 13 15:04:57 2025,13-Sep-2025,180502,47 2.539400 N,061 9.378000 W,2.2,177.7,A,DoorSpread,DoorMaster,9.370000,D,P,99381.000000
Sat Sep 13 15:05:00 2025,13-Sep-2025,180503,47 2.538900 N,061 9.377900 W,2.2,177.8,A,Primary,Headline,1.571429,D,P,58870.000000
Sat Sep 13 15:05:00 2025,13-Sep-2025,180504,47 2.538300 N,061 9.377900 W,2.2,177.9,A,Primary,Headline,1.571429,D,P,58870.000000
Sat Sep 13 15:05:00 2025,13-Sep-2025,180505,47 2.537900 N,061 9.377900 W,2.2,178.0,A,Primary,Headline,1.571429,D,P,58870.000000
Sat Sep 13 15:05:03 2025,13-Sep-2025,180506,47 2.537400 N,061 9.377800 W,2.2,177.9,A,DoorSpread,DoorMaster,8.105000,D,P,86284.000000
Sat Sep 13 15:05:04 2025,13-Sep-2025,180507,47 2.536900 N,061 9.377700 W,2.2,177.8,A,Depth,Depth,65.000000,D,S,102048.000000
Sat Sep 13 15:05:05 2025,13-Sep-2025,180508,47 2.536500 N,061 9.377600 W,2.2,177.9,A,Primary,Headline,1.346939,D,S,165981.000000
Sat Sep 13 15:05:05 2025,13-Sep-2025,180509,47 2.536000 N,061 9.377700 W,2.2,178.0,A,Primary,Headline,1.346939,D,S,165981.000000
Sat Sep 13 15:05:05 2025,13-Sep-2025,180510,47 2.535400 N,061 9.377600 W,2.2,177.9,A,Primary,Headline,1.346939,D,S,165981.000000
Sat Sep 13 15:05:08 2025,13-Sep-2025,180511,47 2.534700 N,061 9.377500 W,2.3,177.9,A,DoorSpread,DoorMaster,7.880000,D,S,120078.000000
Sat Sep 13 15:05:08 2025,13-Sep-2025,180512,47 2.534100 N,061 9.377400 W,2.3,178.1,A,DoorSpread,DoorMaster,7.880000,D,S,120078.000000
Sat Sep 13 15:05:10 2025,13-Sep-2025,180513,47 2.533400 N,061 9.377400 W,2.3,178.1,A,Primary,Headline,1.489796,D,S,286753.000000
Sat Sep 13 15:05:11 2025,13-Sep-2025,180514,47 2.532900 N,061 9.377300 W,2.2,177.8,A,Depth,Depth,65.833333,D,S,96355.000000
Sat Sep 13 15:05:11 2025,13-Sep-2025,180515,47 2.532300 N,061 9.377100 W,2.2,177.7,A,Depth,Depth,65.833333,D,S,96355.000000
Sat Sep 13 15:05:11 2025,13-Sep-2025,180516,47 2.531700 N,061 9.377100 W,2.2,177.8,A,Depth,Depth,65.833333,D,S,96355.000000
Sat Sep 13 15:05:14 2025,13-Sep-2025,180517,47 2.531000 N,061 9.377100 W,2.3,178.1,A,DoorSpread,DoorMaster,7.730000,D,P,54505.000000
Sat Sep 13 15:05:15 2025,13-Sep-2025,180518,47 2.530400 N,061 9.377000 W,2.2,178.2,A,Primary,Headline,1.857143,D,S,226451.000000
Sat Sep 13 15:05:15 2025,13-Sep-2025,180519,47 2.529900 N,061 9.376800 W,2.2,177.9,A,Primary,Headline,1.857143,D,S,226451.000000
Sat Sep 13 15:05:15 2025,13-Sep-2025,180520,47 2.529300 N,061 9.376500 W,2.2,177.4,A,Primary,Headline,1.857143,D,S,226451.000000
Sat Sep 13 15:05:15 2025,13-Sep-2025,180521,47 2.528700 N,061 9.376400 W,2.2,177.3,A,Primary,Headline,1.857143,D,S,226451.000000
Sat Sep 13 15:05:18 2025,13-Sep-2025,180522,47 2.528200 N,061 9.376300 W,2.2,177.5,A,Depth,Depth,65.462963,D,S,31365.000000
Sat Sep 13 15:05:20 2025,13-Sep-2025,180523,47 2.527700 N,061 9.376300 W,2.2,177.8,A,Primary,Headline,1.489796,D,S,80029.000000
Sat Sep 13 15:05:20 2025,13-Sep-2025,180524,47 2.527100 N,061 9.376200 W,2.2,178.0,A,Primary,Headline,1.489796,D,S,80029.000000
Sat Sep 13 15:05:20 2025,13-Sep-2025,180525,47 2.526400 N,061 9.376000 W,2.2,177.8,A,Primary,Headline,1.489796,D,S,80029.000000
Sat Sep 13 15:05:20 2025,13-Sep-2025,180526,47 2.525700 N,061 9.375900 W,2.2,177.4,A,Primary,Headline,1.489796,D,S,80029.000000
Sat Sep 13 15:05:20 2025,13-Sep-2025,180527,47 2.525100 N,061 9.375700 W,2.2,177.2,A,Primary,Headline,1.489796,D,S,80029.000000
Sat Sep 13 15:05:25 2025,13-Sep-2025,180528,47 2.524400 N,061 9.375600 W,2.2,177.1,A,DoorSpread,DoorMaster,7.945000,D,S,57644.000000
Sat Sep 13 15:05:26 2025,13-Sep-2025,180529,47 2.523800 N,061 9.375500 W,2.2,177.3,A,Depth,Depth,65.185185,D,S,180189.000000
Sat Sep 13 15:05:26 2025,13-Sep-2025,180530,47 2.523300 N,061 9.375400 W,2.1,177.4,A,Depth,Depth,65.185185,D,S,180189.000000
Sat Sep 13 15:05:26 2025,13-Sep-2025,180531,47 2.522700 N,061 9.375200 W,2.1,177.3,A,Depth,Depth,65.185185,D,S,180189.000000
Sat Sep 13 15:05:26 2025,13-Sep-2025,180532,47 2.522100 N,061 9.375000 W,2.1,176.6,A,Depth,Depth,65.185185,D,S,180189.000000
Sat Sep 13 15:05:30 2025,13-Sep-2025,180533,47 2.521600 N,061 9.374800 W,2.1,176.0,A,Primary,Headline,1.510204,D,S,93564.000000
Sat Sep 13 15:05:31 2025,13-Sep-2025,180534,47 2.521000 N,061 9.374800 W,2.1,176.1,A,DoorSpread,DoorMaster,7.820000,D,S,42373.000000
Sat Sep 13 15:05:31 2025,13-Sep-2025,180535,47 2.520400 N,061 9.374800 W,2.1,176.5,A,DoorSpread,DoorMaster,7.820000,D,S,42373.000000
Sat Sep 13 15:05:33 2025,13-Sep-2025,180536,47 2.519900 N,061 9.374700 W,2.1,176.6,A,Depth,Depth,65.648148,D,S,82816.000000
Sat Sep 13 15:05:33 2025,13-Sep-2025,180537,47 2.519400 N,061 9.374500 W,2.1,176.5,A,Depth,Depth,65.648148,D,S,82816.000000
Sat Sep 13 15:05:35 2025,13-Sep-2025,180538,47 2.518900 N,061 9.374400 W,2.1,176.4,A,Primary,Headline,2.061224,D,P,56082.000000
Sat Sep 13 15:05:35 2025,13-Sep-2025,180539,47 2.518400 N,061 9.374200 W,2.1,176.2,A,Primary,Headline,2.061224,D,P,56082.000000
Sat Sep 13 15:05:37 2025,13-Sep-2025,180540,47 2.517800 N,061 9.374000 W,2.1,176.0,A,DoorSpread,DoorMaster,8.005000,D,S,66968.000000
Sat Sep 13 15:05:37 2025,13-Sep-2025,180541,47 2.517200 N,061 9.373800 W,2.1,175.6,A,DoorSpread,DoorMaster,8.005000,D,S,66968.000000
Sat Sep 13 15:05:37 2025,13-Sep-2025,180542,47 2.516500 N,061 9.373700 W,2.2,175.4,A,DoorSpread,DoorMaster,8.005000,D,S,66968.000000
Sat Sep 13 15:05:40 2025,13-Sep-2025,180543,47 2.515900 N,061 9.373600 W,2.1,175.3,A,Depth,Depth,65.277778,D,S,66795.000000
Sat Sep 13 15:05:40 2025,13-Sep-2025,180544,47 2.515300 N,061 9.373400 W,2.1,175.3,A,Depth,Depth,65.277778,D,S,66795.000000
Sat Sep 13 15:05:40 2025,13-Sep-2025,180545,47 2.514700 N,061 9.373300 W,2.2,175.6,A,Depth,Depth,65.277778,D,S,66795.000000
Sat Sep 13 15:05:43 2025,13-Sep-2025,180546,47 2.514100 N,061 9.373000 W,2.2,175.8,A,DoorSpread,DoorMaster,7.925000,D,P,47307.000000
Sat Sep 13 15:05:43 2025,13-Sep-2025,180547,47 2.513500 N,061 9.372700 W,2.1,175.8,A,DoorSpread,DoorMaster,7.925000,D,P,47307.000000
Sat Sep 13 15:05:45 2025,13-Sep-2025,180548,47 2.513000 N,061 9.372600 W,2.1,175.7,A,Primary,Headline,1.408163,D,P,97584.000000
Sat Sep 13 15:05:45 2025,13-Sep-2025,180549,47 2.512400 N,061 9.372400 W,2.2,175.5,A,Primary,Headline,1.408163,D,P,97584.000000
Sat Sep 13 15:05:45 2025,13-Sep-2025,180550,47 2.511800 N,061 9.372300 W,2.2,175.4,A,Primary,Headline,1.408163,D,P,97584.000000
Sat Sep 13 15:05:48 2025,13-Sep-2025,180551,47 2.511200 N,061 9.372200 W,2.2,175.6,A,DoorSpread,DoorMaster,7.800000,D,P,98748.000000
Sat Sep 13 15:05:48 2025,13-Sep-2025,180552,47 2.510800 N,061 9.372100 W,2.2,175.7,A,DoorSpread,DoorMaster,7.800000,D,P,98748.000000
Sat Sep 13 15:05:50 2025,13-Sep-2025,180553,47 2.510200 N,061 9.372000 W,2.2,176.0,A,Primary,Headline,1.755102,D,S,87328.000000
Sat Sep 13 15:05:50 2025,13-Sep-2025,180554,47 2.509500 N,061 9.372000 W,2.2,176.0,A,Primary,Headline,1.755102,D,S,87328.000000
Sat Sep 13 15:05:50 2025,13-Sep-2025,180555,47 2.508800 N,061 9.371900 W,2.2,176.1,A,Primary,Headline,1.755102,D,S,87328.000000
Sat Sep 13 15:05:50 2025,13-Sep-2025,180556,47 2.508000 N,061 9.371900 W,2.2,176.0,A,Primary,Headline,1.755102,D,S,87328.000000
Sat Sep 13 15:05:54 2025,13-Sep-2025,180557,47 2.507300 N,061 9.371900 W,2.2,176.0,A,DoorSpread,DoorMaster,7.595000,D,S,63814.000000
Sat Sep 13 15:05:55 2025,13-Sep-2025,180558,47 2.506700 N,061 9.371900 W,2.2,176.0,A,Primary,Headline,1.734694,D,S,106990.000000
Sat Sep 13 15:05:55 2025,13-Sep-2025,180559,47 2.506000 N,061 9.372100 W,2.2,176.1,A,Primary,Headline,1.734694,D,S,106990.000000
Sat Sep 13 15:05:55 2025,13-Sep-2025,180600,47 2.505400 N,061 9.372100 W,2.2,176.5,A,Primary,Headline,1.734694,D,S,106990.000000
Sat Sep 13 15:05:55 2025,13-Sep-2025,180601,47 2.504800 N,061 9.372100 W,2.2,176.7,A,Primary,Headline,1.734694,D,S,106990.000000
Sat Sep 13 15:05:55 2025,13-Sep-2025,180602,47 2.504300 N,061 9.372100 W,2.2,176.7,A,Primary,Headline,1.734694,D,S,106990.000000
Sat Sep 13 15:06:00 2025,13-Sep-2025,180603,47 2.503700 N,061 9.372000 W,2.2,176.7,A,Primary,Headline,1.632653,D,P,61354.000000
Sat Sep 13 15:06:00 2025,13-Sep-2025,180604,47 2.503100 N,061 9.371900 W,2.2,176.8,A,Primary,Headline,1.632653,D,P,61354.000000
Sat Sep 13 15:06:02 2025,13-Sep-2025,180605,47 2.502600 N,061 9.372000 W,2.2,177.0,A,Depth,Depth,63.611111,D,S,66528.000000
Sat Sep 13 15:06:02 2025,13-Sep-2025,180606,47 2.502000 N,061 9.372100 W,2.2,177.1,A,Depth,Depth,63.611111,D,S,66528.000000
Sat Sep 13 15:06:02 2025,13-Sep-2025,180607,47 2.501400 N,061 9.372100 W,2.2,177.4,A,Depth,Depth,63.611111,D,S,66528.000000
Sat Sep 13 15:06:05 2025,13-Sep-2025,180608,47 2.500700 N,061 9.372300 W,2.2,177.6,A,DoorSpread,DoorMaster,7.975000,D,S,56268.000000
Sat Sep 13 15:06:05 2025,13-Sep-2025,180609,47 2.499900 N,061 9.372300 W,2.2,177.7,A,DoorSpread,DoorMaster,7.975000,D,S,56268.000000
Sat Sep 13 15:06:05 2025,13-Sep-2025,180610,47 2.499200 N,061 9.372300 W,2.2,177.8,A,DoorSpread,DoorMaster,7.975000,D,S,56268.000000
Sat Sep 13 15:06:05 2025,13-Sep-2025,180611,47 2.498600 N,061 9.372500 W,2.2,177.8,A,DoorSpread,DoorMaster,7.975000,D,S,56268.000000
Sat Sep 13 15:06:09 2025,13-Sep-2025,180612,47 2.497900 N,061 9.372600 W,2.2,177.9,A,Depth,Depth,65.277778,D,S,184018.000000
Sat Sep 13 15:06:10 2025,13-Sep-2025,180613,47 2.497200 N,061 9.372600 W,2.3,178.0,A,Primary,Headline,1.224490,D,S,201394.000000
Sat Sep 13 15:06:11 2025,13-Sep-2025,180614,47 2.496500 N,061 9.372700 W,2.3,178.1,A,DoorSpread,DoorMaster,6.865000,D,S,118573.000000
Sat Sep 13 15:06:11 2025,13-Sep-2025,180615,47 2.495900 N,061 9.372700 W,2.2,178.1,A,DoorSpread,DoorMaster,6.865000,D,S,118573.000000
Sat Sep 13 15:06:11 2025,13-Sep-2025,180616,47 2.495200 N,061 9.372700 W,2.2,178.0,A,DoorSpread,DoorMaster,6.865000,D,S,118573.000000
Sat Sep 13 15:06:11 2025,13-Sep-2025,180617,47 2.494500 N,061 9.372800 W,2.3,178.0,A,DoorSpread,DoorMaster,6.865000,D,S,118573.000000
Sat Sep 13 15:06:15 2025,13-Sep-2025,180618,47 2.493900 N,061 9.372700 W,2.3,177.6,A,Primary,Headline,1.510204,D,S,101704.000000
Sat Sep 13 15:06:16 2025,13-Sep-2025,180619,47 2.493200 N,061 9.372600 W,2.2,177.3,A,Depth,Depth,65.370370,D,S,102504.000000
Sat Sep 13 15:06:17 2025,13-Sep-2025,180620,47 2.492600 N,061 9.372600 W,2.2,177.4,A,DoorSpread,DoorMaster,7.515000,D,S,73384.000000
Sat Sep 13 15:06:17 2025,13-Sep-2025,180621,47 2.491900 N,061 9.372700 W,2.2,177.5,A,DoorSpread,DoorMaster,7.515000,D,S,73384.000000
Sat Sep 13 15:06:17 2025,13-Sep-2025,180622,47 2.491200 N,061 9.372500 W,2.2,177.4,A,DoorSpread,DoorMaster,7.515000,D,S,73384.000000
Sat Sep 13 15:06:20 2025,13-Sep-2025,180623,47 2.490500 N,061 9.372400 W,2.2,177.3,A,Primary,Headline,1.551020,D,S,50049.000000
Sat Sep 13 15:06:20 2025,13-Sep-2025,180624,47 2.489800 N,061 9.372200 W,2.2,177.2,A,Primary,Headline,1.551020,D,S,50049.000000
Sat Sep 13 15:06:22 2025,13-Sep-2025,180625,47 2.489200 N,061 9.372100 W,2.2,177.2,A,DoorSpread,DoorMaster,7.580000,D,P,107663.000000
Sat Sep 13 15:06:22 2025,13-Sep-2025,180626,47 2.488700 N,061 9.372000 W,2.2,177.1,A,DoorSpread,DoorMaster,7.580000,D,P,107663.000000
Sat Sep 13 15:06:24 2025,13-Sep-2025,180627,47 2.488100 N,061 9.372000 W,2.2,176.9,A,Depth,Depth,65.555556,D,S,167734.000000
Sat Sep 13 15:06:25 2025,13-Sep-2025,180628,47 2.487500 N,061 9.371800 W,2.2,176.8,A,Primary,Headline,1.857143,D,S,81822.000000
Sat Sep 13 15:06:25 2025,13-Sep-2025,180629,47 2.486900 N,061 9.371700 W,2.2,177.1,A,Primary,Headline,1.857143,D,S,81822.000000
Sat Sep 13 15:06:25 2025,13-Sep-2025,180630,47 2.486200 N,061 9.371600 W,2.2,177.4,A,Primary,Headline,1.857143,D,S,81822.000000
Sat Sep 13 15:06:28 2025,13-Sep-2025,180631,47 2.485600 N,061 9.371500 W,2.2,177.6,A,DoorSpread,DoorMaster,7.540000,D,S,168600.000000
Sat Sep 13 15:06:28 2025,13-Sep-2025,180632,47 2.485000 N,061 9.371400 W,2.2,177.6,A,DoorSpread,DoorMaster,7.540000,D,S,168600.000000
Sat Sep 13 15:06:30 2025,13-Sep-2025,180633,47 2.484500 N,061 9.371300 W,2.2,177.2,A,Primary,Headline,1.795918,D,S,70933.000000
Sat Sep 13 15:06:31 2025,13-Sep-2025,180634,47 2.484000 N,061 9.371100 W,2.2,176.7,A,Depth,Depth,64.444444,D,S,78241.000000
Sat Sep 13 15:06:31 2025,13-Sep-2025,180635,47 2.483500 N,061 9.371000 W,2.2,176.3,A,Depth,Depth,64.444444,D,S,78241.000000
Sat Sep 13 15:06:33 2025,13-Sep-2025,180636,47 2.483000 N,061 9.370900 W,2.2,176.9,A,DoorSpread,DoorMaster,7.500000,D,S,103753.000000
Sat Sep 13 15:06:33 2025,13-Sep-2025,180637,47 2.482400 N,061 9.370900 W,2.3,177.8,A,DoorSpread,DoorMaster,7.500000,D,S,103753.000000
Sat Sep 13 15:06:35 2025,13-Sep-2025,180638,47 2.481900 N,061 9.370800 W,2.3,178.3,A,Primary,Headline,1.714286,D,S,104622.000000
Sat Sep 13 15:06:35 2025,13-Sep-2025,180639,47 2.481400 N,061 9.370600 W,2.2,178.2,A,Primary,Headline,1.714286,D,S,104622.000000
Sat Sep 13 15:06:35 2025,13-Sep-2025,180640,47 2.480900 N,061 9.370300 W,2.2,177.5,A,Primary,Headline,1.714286,D,S,104622.000000
Sat Sep 13 15:06:38 2025,13-Sep-2025,180641,47 2.480300 N,061 9.370100 W,2.2,176.8,A,Depth,Depth,65.648148,D,S,193604.000000
Sat Sep 13 15:06:39 2025,13-Sep-2025,180642,47 2.479600 N,061 9.370100 W,2.2,176.8,A,DoorSpread,DoorMaster,7.495000,D,S,51421.000000
Sat Sep 13 15:06:40 2025,13-Sep-2025,180643,47 2.479000 N,061 9.370000 W,2.2,177.0,A,Primary,Headline,1.285714,D,S,199726.000000
Sat Sep 13 15:06:40 2025,13-Sep-2025,180644,47 2.478500 N,061 9.369900 W,2.2,177.2,A,Primary,Headline,1.285714,D,S,199726.000000
Sat Sep 13 15:06:40 2025,13-Sep-2025,180645,47 2.477900 N,061 9.369800 W,2.2,177.3,A,Primary,Headline,1.285714,D,S,199726.000000
Sat Sep 13 15:06:40 2025,13-Sep-2025,180646,47 2.477200 N,061 9.369700 W,2.2,177.1,A,Primary,Headline,1.285714,D,S,199726.000000
Sat Sep 13 15:06:40 2025,13-Sep-2025,180647,47 2.476600 N,061 9.369400 W,2.2,176.6,A,Primary,Headline,1.285714,D,S,199726.000000
Sat Sep 13 15:06:45 2025,13-Sep-2025,180648,47 2.476000 N,061 9.369300 W,2.2,176.2,A,Primary,Headline,1.551020,D,S,104707.000000
Sat Sep 13 15:06:45 2025,13-Sep-2025,180649,47 2.475400 N,061 9.369200 W,2.1,175.8,A,Primary,Headline,1.551020,D,S,104707.000000
Sat Sep 13 15:06:45 2025,13-Sep-2025,180650,47 2.474900 N,061 9.369200 W,2.1,175.5,A,Primary,Headline,1.551020,D,S,104707.000000
Sat Sep 13 15:06:45 2025,13-Sep-2025,180651,47 2.474500 N,061 9.369300 W,2.1,175.3,A,Primary,Headline,1.551020,D,S,104707.000000
Sat Sep 13 15:06:45 2025,13-Sep-2025,180652,47 2.474100 N,061 9.369400 W,2.1,175.5,A,Primary,Headline,1.551020,D,S,104707.000000
Sat Sep 13 15:06:51 2025,13-Sep-2025,180653,47 2.473600 N,061 9.369400 W,2.1,175.6,A,DoorSpread,DoorMaster,7.670000,D,S,68112.000000
Sat Sep 13 15:06:51 2025,13-Sep-2025,180654,47 2.473100 N,061 9.369200 W,2.1,175.5,A,DoorSpread,DoorMaster,7.670000,D,S,68112.000000
Sat Sep 13 15:06:51 2025,13-Sep-2025,180655,47 2.472600 N,061 9.369000 W,2.1,175.3,A,DoorSpread,DoorMaster,7.670000,D,S,68112.000000
Sat Sep 13 15:06:51 2025,13-Sep-2025,180656,47 2.472100 N,061 9.368900 W,2.1,175.0,A,DoorSpread,DoorMaster,7.670000,D,S,68112.000000
Sat Sep 13 15:06:51 2025,13-Sep-2025,180657,47 2.471600 N,061 9.368800 W,2.1,174.6,A,DoorSpread,DoorMaster,7.670000,D,S,68112.000000
Sat Sep 13 15:06:55 2025,13-Sep-2025,180658,47 2.471100 N,061 9.368700 W,2.0,174.6,A,Primary,Headline,2.020408,D,S,165268.000000
Sat Sep 13 15:06:56 2025,13-Sep-2025,180659,47 2.470400 N,061 9.368500 W,2.1,175.6,A,DoorSpread,DoorMaster,8.245000,D,S,72745.000000
Sat Sep 13 15:06:56 2025,13-Sep-2025,180700,47 2.469800 N,061 9.368400 W,2.1,176.4,A,DoorSpread,DoorMaster,8.245000,D,S,72745.000000
Sat Sep 13 15:06:56 2025,13-Sep-2025,180701,47 2.469100 N,061 9.368300 W,2.1,176.8,A,DoorSpread,DoorMaster,8.245000,D,S,72745.000000
Sat Sep 13 15:06:56 2025,13-Sep-2025,180702,47 2.468500 N,061 9.368200 W,2.1,176.4,A,DoorSpread,DoorMaster,8.245000,D,S,72745.000000
Sat Sep 13 15:07:00 2025,13-Sep-2025,180703,47 2.468000 N,061 9.368000 W,2.1,176.0,A,Primary,Headline,1.428571,D,S,72142.000000
Sat Sep 13 15:07:00 2025,13-Sep-2025,180704,47 2.467500 N,061 9.367900 W,2.0,175.6,A,Primary,Headline,1.428571,D,S,72142.000000
Sat Sep 13 15:07:02 2025,13-Sep-2025,180705,47 2.467100 N,061 9.367800 W,2.0,175.5,A,DoorSpread,DoorMaster,8.465000,D,S,175972.000000
Sat Sep 13 15:07:02 2025,13-Sep-2025,180706,47 2.466500 N,061 9.367800 W,2.1,176.1,A,DoorSpread,DoorMaster,8.465000,D,S,175972.000000
Sat Sep 13 15:07:02 2025,13-Sep-2025,180707,47 2.465900 N,061 9.367800 W,2.1,176.6,A,DoorSpread,DoorMaster,8.465000,D,S,175972.000000
Sat Sep 13 15:07:05 2025,13-Sep-2025,180708,47 2.465500 N,061 9.367700 W,2.1,176.9,A,Primary,Headline,1.836735,D,S,175124.000000
Sat Sep 13 15:07:05 2025,13-Sep-2025,180709,47 2.465000 N,061 9.367600 W,2.1,176.7,A,Primary,Headline,1.836735,D,S,175124.000000
Sat Sep 13 15:07:07 2025,13-Sep-2025,180710,47 2.464500 N,061 9.367500 W,2.1,176.2,A,DoorSpread,DoorMaster,0.000000,E,S,168920.000000
Sat Sep 13 15:07:07 2025,13-Sep-2025,180711,47 2.463900 N,061 9.367500 W,2.1,175.9,A,DoorSpread,DoorMaster,0.000000,E,S,168920.000000
Sat Sep 13 15:07:07 2025,13-Sep-2025,180712,47 2.463400 N,061 9.367500 W,2.0,175.7,A,DoorSpread,DoorMaster,0.000000,E,S,168920.000000
Sat Sep 13 15:07:10 2025,13-Sep-2025,180713,47 2.463000 N,061 9.367500 W,2.0,175.6,A,Primary,Headline,1.571429,D,P,88211.000000
Sat Sep 13 15:07:10 2025,13-Sep-2025,180714,47 2.462400 N,061 9.367500 W,2.1,175.6,A,Primary,Headline,1.571429,D,P,88211.000000
Sat Sep 13 15:07:10 2025,13-Sep-2025,180715,47 2.461700 N,061 9.367500 W,2.1,175.5,A,Primary,Headline,1.571429,D,P,88211.000000
Sat Sep 13 15:07:13 2025,13-Sep-2025,180716,47 2.461200 N,061 9.367400 W,2.1,175.3,A,DoorSpread,DoorMaster,7.735000,D,S,103601.000000
Sat Sep 13 15:07:14 2025,13-Sep-2025,180717,47 2.460600 N,061 9.367300 W,2.1,175.0,A,Depth,Depth,65.370370,D,S,70915.000000
Sat Sep 13 15:07:15 2025,13-Sep-2025,180718,47 2.460200 N,061 9.367200 W,2.0,174.7,A,Primary,Headline,1.530612,D,P,138616.000000
Sat Sep 13 15:07:15 2025,13-Sep-2025,180719,47 2.459600 N,061 9.367100 W,2.0,174.6,A,Primary,Headline,1.530612,D,P,138616.000000
Sat Sep 13 15:07:15 2025,13-Sep-2025,180720,47 2.459000 N,061 9.367000 W,2.0,174.9,A,Primary,Headline,1.530612,D,P,138616.000000
Sat Sep 13 15:07:19 2025,13-Sep-2025,180721,47 2.458300 N,061 9.367000 W,2.1,175.3,A,DoorSpread,DoorMaster,8.180000,D,S,200897.000000
Sat Sep 13 15:07:19 2025,13-Sep-2025,180722,47 2.457500 N,061 9.367000 W,2.1,175.6,A,DoorSpread,DoorMaster,8.180000,D,S,200897.000000
Sat Sep 13 15:07:19 2025,13-Sep-2025,180723,47 2.456800 N,061 9.367000 W,2.1,175.5,A,DoorSpread,DoorMaster,8.180000,D,S,200897.000000
Sat Sep 13 15:07:21 2025,13-Sep-2025,180724,47 2.456200 N,061 9.366900 W,2.1,175.3,A,Primary,Headline,1.612245,D,P,109155.000000
Sat Sep 13 15:07:22 2025,13-Sep-2025,180725,47 2.455600 N,061 9.366800 W,2.1,174.9,A,Depth,Depth,65.092593,D,S,114880.000000
Sat Sep 13 15:07:22 2025,13-Sep-2025,180726,47 2.455000 N,061 9.366800 W,2.1,174.7,A,Depth,Depth,65.092593,D,S,114880.000000
Sat Sep 13 15:07:24 2025,13-Sep-2025,180727,47 2.454400 N,061 9.366800 W,2.1,174.7,A,DoorSpread,DoorMaster,7.940000,D,S,157037.000000
Sat Sep 13 15:07:26 2025,13-Sep-2025,180728,47 2.453800 N,061 9.366900 W,2.1,174.9,A,Primary,Headline,1.632653,D,S,94291.000000
Sat Sep 13 15:07:26 2025,13-Sep-2025,180729,47 2.453200 N,061 9.366900 W,2.1,175.2,A,Primary,Headline,1.632653,D,S,94291.000000
Sat Sep 13 15:07:26 2025,13-Sep-2025,180730,47 2.452700 N,061 9.366800 W,2.1,175.3,A,Primary,Headline,1.632653,D,S,94291.000000
Sat Sep 13 15:07:26 2025,13-Sep-2025,180731,47 2.452300 N,061 9.366700 W,2.1,175.3,A,Primary,Headline,1.632653,D,S,94291.000000
Sat Sep 13 15:07:29 2025,13-Sep-2025,180732,47 2.451800 N,061 9.366600 W,2.1,175.1,A,DoorSpread,DoorMaster,0.000000,E,P,46042.000000
Sat Sep 13 15:07:31 2025,13-Sep-2025,180733,47 2.451300 N,061 9.366500 W,2.1,174.9,A,Primary,Headline,1.510204,D,S,137691.000000
Sat Sep 13 15:07:31 2025,13-Sep-2025,180734,47 2.450900 N,061 9.366300 W,2.1,174.7,A,Primary,Headline,1.510204,D,S,137691.000000
Sat Sep 13 15:07:31 2025,13-Sep-2025,180735,47 2.450400 N,061 9.366300 W,2.1,174.8,A,Primary,Headline,1.510204,D,S,137691.000000
Sat Sep 13 15:07:31 2025,13-Sep-2025,180736,47 2.449800 N,061 9.366100 W,2.1,175.1,A,Primary,Headline,1.510204,D,S,137691.000000
Sat Sep 13 15:07:31 2025,13-Sep-2025,180737,47 2.449100 N,061 9.366100 W,2.1,175.4,A,Primary,Headline,1.510204,D,S,137691.000000
Sat Sep 13 15:07:35 2025,13-Sep-2025,180738,47 2.448500 N,061 9.365900 W,2.1,175.4,A,Primary,Headline,5.571429,D,S,31339.000000
Sat Sep 13 15:07:36 2025,13-Sep-2025,180739,47 2.447800 N,061 9.365800 W,2.2,175.4,A,Depth,Depth,69.259259,D,S,97734.000000
Sat Sep 13 15:07:36 2025,13-Sep-2025,180740,47 2.447000 N,061 9.365700 W,2.3,175.4,A,Depth,Depth,69.259259,D,S,97734.000000
Sat Sep 13 15:07:36 2025,13-Sep-2025,180741,47 2.446200 N,061 9.365800 W,2.3,175.3,A,Depth,Depth,69.259259,D,S,97734.000000
Sat Sep 13 15:07:36 2025,13-Sep-2025,180742,47 2.445300 N,061 9.365700 W,2.4,175.4,A,Depth,Depth,69.259259,D,S,97734.000000
Sat Sep 13 15:07:41 2025,13-Sep-2025,180743,47 2.444300 N,061 9.365700 W,2.6,176.8,A,Secondary,Headline,0.000000,E,S,159824.000000
Sat Sep 13 15:07:41 2025,13-Sep-2025,180744,47 2.443300 N,061 9.365700 W,2.8,177.6,A,DoorSpread,DoorMaster,8.180000,D,S,104265.000000
Sat Sep 13 15:07:41 2025,13-Sep-2025,180745,47 2.442300 N,061 9.365600 W,3.0,177.3,A,DoorSpread,DoorMaster,8.180000,D,S,104265.000000
Sat Sep 13 15:07:43 2025,13-Sep-2025,180746,47 2.441300 N,061 9.365400 W,3.1,176.9,A,Depth,Depth,60.648148,D,S,97982.000000
Sat Sep 13 15:07:43 2025,13-Sep-2025,180747,47 2.440300 N,061 9.365200 W,3.2,176.2,A,Depth,Depth,60.648148,D,S,97982.000000
Sat Sep 13 15:07:43 2025,13-Sep-2025,180748,47 2.439300 N,061 9.364900 W,3.3,175.5,A,Depth,Depth,60.648148,D,S,97982.000000
Sat Sep 13 15:07:46 2025,13-Sep-2025,180749,47 2.438300 N,061 9.364500 W,3.4,174.8,A,DoorSpread,DoorMaster,6.585000,D,S,330255.000000
Sat Sep 13 15:07:46 2025,13-Sep-2025,180750,47 2.437200 N,061 9.364200 W,3.5,174.3,A,DoorSpread,DoorMaster,6.585000,D,S,330255.000000
Sat Sep 13 15:07:46 2025,13-Sep-2025,180751,47 2.436100 N,061 9.363800 W,3.6,173.1,A,DoorSpread,DoorMaster,6.585000,D,S,330255.000000
Sat Sep 13 15:07:46 2025,13-Sep-2025,180752,47 2.434900 N,061 9.363300 W,3.7,171.8,A,DoorSpread,DoorMaster,6.585000,D,S,330255.000000
Sat Sep 13 15:07:50 2025,13-Sep-2025,180753,47 2.433700 N,061 9.362800 W,3.8,170.4,A,Depth,Depth,64.351852,D,S,201583.000000
Sat Sep 13 15:07:51 2025,13-Sep-2025,180754,47 2.432500 N,061 9.362200 W,3.8,168.8,A,Primary,Headline,1.755102,D,S,183902.000000
Sat Sep 13 15:07:52 2025,13-Sep-2025,180755,47 2.431400 N,061 9.361600 W,3.8,167.5,A,DoorSpread,DoorMaster,7.120000,D,S,166332.000000
Sat Sep 13 15:07:52 2025,13-Sep-2025,180756,47 2.430300 N,061 9.361100 W,3.8,166.8,A,DoorSpread,DoorMaster,7.120000,D,S,166332.000000
Sat Sep 13 15:07:52 2025,13-Sep-2025,180757,47 2.429200 N,061 9.360600 W,3.8,166.2,A,DoorSpread,DoorMaster,7.120000,D,S,166332.000000
Sat Sep 13 15:07:52 2025,13-Sep-2025,180758,47 2.428200 N,061 9.360100 W,3.8,165.8,A,DoorSpread,DoorMaster,7.120000,D,S,166332.000000
Sat Sep 13 15:07:56 2025,13-Sep-2025,180759,47 2.427100 N,061 9.359600 W,3.9,165.6,A,Primary,Headline,2.979592,D,S,115287.000000
Sat Sep 13 15:07:58 2025,13-Sep-2025,180800,47 2.425900 N,061 9.359200 W,3.9,165.4,A,DoorSpread,DoorMaster,6.915000,D,S,81082.000000
Sat Sep 13 15:07:58 2025,13-Sep-2025,180801,47 2.424900 N,061 9.358700 W,3.9,164.6,A,Depth,Depth,69.722222,D,S,106434.000000
Sat Sep 13 15:07:58 2025,13-Sep-2025,180802,47 2.424000 N,061 9.358200 W,3.9,163.6,A,Depth,Depth,69.722222,D,S,106434.000000
Sat Sep 13 15:07:58 2025,13-Sep-2025,180803,47 2.423000 N,061 9.357600 W,3.8,162.7,A,Depth,Depth,69.722222,D,S,106434.000000
Sat Sep 13 15:08:01 2025,13-Sep-2025,180804,47 2.422000 N,061 9.357100 W,3.7,161.9,A,Primary,Headline,4.367347,D,S,66087.000000
Sat Sep 13 15:08:01 2025,13-Sep-2025,180805,47 2.421200 N,061 9.356600 W,3.6,161.4,A,Primary,Headline,4.367347,D,S,66087.000000
Sat Sep 13 15:08:03 2025,13-Sep-2025,180806,47 2.420500 N,061 9.356100 W,3.5,161.0,A,DoorSpread,DoorMaster,6.435000,D,S,239568.000000
Sat Sep 13 15:08:03 2025,13-Sep-2025,180807,47 2.419800 N,061 9.355600 W,3.3,160.5,A,DoorSpread,DoorMaster,6.435000,D,S,239568.000000
Sat Sep 13 15:08:05 2025,13-Sep-2025,180808,47 2.419100 N,061 9.355100 W,3.2,160.1,A,Depth,Depth,60.277778,D,P,42554.000000
Sat Sep 13 15:08:06 2025,13-Sep-2025,180809,47 2.418500 N,061 9.354700 W,3.1,159.8,A,Primary,Headline,6.510204,D,S,82203.000000
Sat Sep 13 15:08:06 2025,13-Sep-2025,180810,47 2.418100 N,061 9.354200 W,2.9,159.1,A,Primary,Headline,6.510204,D,S,82203.000000
Sat Sep 13 15:08:06 2025,13-Sep-2025,180811,47 2.417600 N,061 9.353600 W,2.8,157.9,A,Primary,Headline,6.510204,D,S,82203.000000
Sat Sep 13 15:08:09 2025,13-Sep-2025,180812,47 2.417100 N,061 9.353100 W,2.7,156.8,A,DoorSpread,DoorMaster,6.165000,D,S,264910.000000
Sat Sep 13 15:08:09 2025,13-Sep-2025,180813,47 2.416600 N,061 9.352600 W,2.5,156.2,A,DoorSpread,DoorMaster,6.165000,D,S,264910.000000
Sat Sep 13 15:08:11 2025,13-Sep-2025,180814,47 2.416200 N,061 9.352400 W,2.4,156.0,A,Primary,Headline,8.020408,D,S,110532.000000
Sat Sep 13 15:08:12 2025,13-Sep-2025,180815,47 2.415700 N,061 9.352100 W,2.3,155.8,A,Depth,Depth,57.407407,D,P,77664.000000
Sat Sep 13 15:08:12 2025,13-Sep-2025,180816,47 2.415300 N,061 9.351700 W,2.2,155.4,A,Depth,Depth,57.407407,D,P,77664.000000
Sat Sep 13 15:08:14 2025,13-Sep-2025,180817,47 2.414900 N,061 9.351300 W,2.1,154.8,A,DoorSpread,DoorMaster,6.110000,D,S,209832.000000
Sat Sep 13 15:08:14 2025,13-Sep-2025,180818,47 2.414500 N,061 9.351000 W,2.0,154.2,A,DoorSpread,DoorMaster,6.110000,D,S,209832.000000
Sat Sep 13 15:08:16 2025,13-Sep-2025,180819,47 2.414200 N,061 9.350600 W,1.9,153.7,A,Primary,Headline,8.775510,D,P,56637.000000
Sat Sep 13 15:08:16 2025,13-Sep-2025,180820,47 2.413900 N,061 9.350400 W,1.7,153.2,A,Primary,Headline,8.775510,D,P,56637.000000
Sat Sep 13 15:08:16 2025,13-Sep-2025,180821,47 2.413600 N,061 9.350200 W,1.7,152.7,A,Primary,Headline,8.775510,D,P,56637.000000
Sat Sep 13 15:08:19 2025,13-Sep-2025,180822,47 2.413200 N,061 9.349900 W,1.7,152.5,A,Depth,Depth,55.648148,D,P,150333.000000
Sat Sep 13 15:08:20 2025,13-Sep-2025,180823,47 2.412900 N,061 9.349700 W,1.6,152.2,A,DoorSpread,DoorMaster,5.870000,D,S,280052.000000
Sat Sep 13 15:08:21 2025,13-Sep-2025,180824,47 2.412600 N,061 9.349500 W,1.5,151.7,A,Primary,Headline,8.653061,D,S,225771.000000
Sat Sep 13 15:08:21 2025,13-Sep-2025,180825,47 2.412400 N,061 9.349200 W,1.5,151.2,A,Primary,Headline,8.653061,D,S,225771.000000
Sat Sep 13 15:08:21 2025,13-Sep-2025,180826,47 2.412100 N,061 9.348800 W,1.5,150.3,A,Primary,Headline,8.653061,D,S,225771.000000
Sat Sep 13 15:08:21 2025,13-Sep-2025,180827,47 2.411800 N,061 9.348500 W,1.4,149.5,A,Primary,Headline,8.653061,D,S,225771.000000
Sat Sep 13 15:08:25 2025,13-Sep-2025,180828,47 2.411600 N,061 9.348300 W,1.3,149.0,A,DoorSpread,DoorMaster,5.675000,D,P,145752.000000
Sat Sep 13 15:08:26 2025,13-Sep-2025,180829,47 2.411200 N,061 9.348200 W,1.3,149.3,A,Primary,Headline,8.591837,D,P,114791.000000
Sat Sep 13 15:08:26 2025,13-Sep-2025,180830,47 2.410800 N,061 9.348000 W,1.4,150.1,A,Primary,Headline,8.591837,D,P,114791.000000
Sat Sep 13 15:08:26 2025,13-Sep-2025,180831,47 2.410400 N,061 9.347800 W,1.4,150.4,A,Primary,Headline,8.591837,D,P,114791.000000
Sat Sep 13 15:08:26 2025,13-Sep-2025,180832,47 2.410100 N,061 9.347500 W,1.4,149.7,A,Primary,Headline,8.591837,D,P,114791.000000
Sat Sep 13 15:08:26 2025,13-Sep-2025,180833,47 2.409800 N,061 9.347100 W,1.4,148.6,A,Primary,Headline,8.591837,D,P,114791.000000
Sat Sep 13 15:08:32 2025,13-Sep-2025,180834,47 2.409400 N,061 9.346700 W,1.5,147.9,A,Primary,Headline,8.530612,D,S,340758.000000
Sat Sep 13 15:08:32 2025,13-Sep-2025,180835,47 2.409000 N,061 9.346400 W,1.5,147.9,A,Primary,Headline,8.530612,D,S,340758.000000
Sat Sep 13 15:08:32 2025,13-Sep-2025,180836,47 2.408500 N,061 9.346200 W,1.6,148.9,A,Primary,Headline,8.530612,D,S,340758.000000
Sat Sep 13 15:08:32 2025,13-Sep-2025,180837,47 2.408100 N,061 9.345800 W,1.7,150.4,A,Primary,Headline,8.530612,D,S,340758.000000
Sat Sep 13 15:08:32 2025,13-Sep-2025,180838,47 2.407700 N,061 9.345300 W,1.7,150.2,A,Primary,Headline,8.530612,D,S,340758.000000
Sat Sep 13 15:08:36 2025,13-Sep-2025,180839,47 2.407400 N,061 9.344800 W,1.7,149.3,A,DoorSpread,DoorMaster,5.145000,D,P,474887.000000
Sat Sep 13 15:08:37 2025,13-Sep-2025,180840,47 2.407100 N,061 9.344300 W,1.8,148.1,A,Primary,Headline,8.142857,D,S,340402.000000
Sat Sep 13 15:08:37 2025,13-Sep-2025,180841,47 2.406700 N,061 9.343800 W,1.8,147.5,A,Primary,Headline,8.142857,D,S,340402.000000
Sat Sep 13 15:08:37 2025,13-Sep-2025,180842,47 2.406200 N,061 9.343500 W,1.8,147.5,A,Primary,Headline,8.142857,D,S,340402.000000
Sat Sep 13 15:08:37 2025,13-Sep-2025,180843,47 2.405900 N,061 9.343200 W,1.8,148.8,A,Primary,Headline,8.142857,D,S,340402.000000
Sat Sep 13 15:08:41 2025,13-Sep-2025,180844,47 2.405500 N,061 9.342800 W,1.9,149.9,A,Depth,Depth,56.759259,D,S,249546.000000
Sat Sep 13 15:08:42 2025,13-Sep-2025,180845,47 2.405200 N,061 9.342400 W,1.9,149.7,A,DoorSpread,DoorMaster,4.950000,D,S,636407.000000
Sat Sep 13 15:08:42 2025,13-Sep-2025,180846,47 2.404800 N,061 9.341700 W,1.9,148.4,A,DoorSpread,DoorMaster,4.950000,D,S,636407.000000
Sat Sep 13 15:08:42 2025,13-Sep-2025,180847,47 2.404500 N,061 9.341100 W,1.9,147.0,A,DoorSpread,DoorMaster,4.950000,D,S,636407.000000
Sat Sep 13 15:08:42 2025,13-Sep-2025,180848,47 2.404000 N,061 9.340500 W,1.9,146.6,A,DoorSpread,DoorMaster,4.950000,D,S,636407.000000
Sat Sep 13 15:08:42 2025,13-Sep-2025,180849,47 2.403500 N,061 9.340100 W,2.0,146.7,A,DoorSpread,DoorMaster,4.950000,D,S,636407.000000
Sat Sep 13 15:08:47 2025,13-Sep-2025,180850,47 2.402800 N,061 9.339700 W,2.0,146.9,A,DoorSpread,DoorMaster,0.000000,E,P,335213.000000
Sat Sep 13 15:08:48 2025,13-Sep-2025,180851,47 2.402200 N,061 9.339300 W,2.0,147.2,A,Depth,Depth,57.592593,D,S,262512.000000
Sat Sep 13 15:08:48 2025,13-Sep-2025,180852,47 2.401700 N,061 9.338800 W,2.0,147.5,A,Depth,Depth,57.592593,D,S,262512.000000
Sat Sep 13 15:08:48 2025,13-Sep-2025,180853,47 2.401200 N,061 9.338500 W,2.0,147.5,A,Depth,Depth,57.592593,D,S,262512.000000
Sat Sep 13 15:08:48 2025,13-Sep-2025,180854,47 2.400800 N,061 9.338200 W,2.0,147.1,A,Depth,Depth,57.592593,D,S,262512.000000
Sat Sep 13 15:08:52 2025,13-Sep-2025,180855,47 2.400400 N,061 9.337700 W,2.1,146.0,A,DoorSpread,DoorMaster,4.510000,D,S,465712.000000
Sat Sep 13 15:08:52 2025,13-Sep-2025,180856,47 2.399900 N,061 9.337300 W,2.1,145.5,A,DoorSpread,DoorMaster,4.510000,D,S,465712.000000
Sat Sep 13 15:08:52 2025,13-Sep-2025,180857,47 2.399400 N,061 9.337000 W,2.1,145.7,A,DoorSpread,DoorMaster,4.510000,D,S,465712.000000
Sat Sep 13 15:08:55 2025,13-Sep-2025,180858,47 2.398900 N,061 9.336600 W,2.1,145.8,A,Depth,Depth,57.037037,D,S,225593.000000
Sat Sep 13 15:08:55 2025,13-Sep-2025,180859,47 2.398400 N,061 9.336200 W,2.1,145.9,A,Depth,Depth,57.037037,D,S,225593.000000
Sat Sep 13 15:08:57 2025,13-Sep-2025,180900,47 2.397900 N,061 9.335900 W,2.1,146.0,A,Primary,Headline,8.775510,D,P,168449.000000
Sat Sep 13 15:08:58 2025,13-Sep-2025,180901,47 2.397300 N,061 9.335400 W,2.1,146.7,A,DoorSpread,DoorMaster,5.120000,D,S,462194.000000
Sat Sep 13 15:08:58 2025,13-Sep-2025,180902,47 2.396800 N,061 9.334900 W,2.1,146.8,A,DoorSpread,DoorMaster,5.120000,D,S,462194.000000
Sat Sep 13 15:08:58 2025,13-Sep-2025,180903,47 2.396400 N,061 9.334400 W,2.0,146.3,A,DoorSpread,DoorMaster,5.120000,D,S,462194.000000
Sat Sep 13 15:08:58 2025,13-Sep-2025,180904,47 2.396100 N,061 9.333800 W,2.0,144.6,A,DoorSpread,DoorMaster,5.120000,D,S,462194.000000
Sat Sep 13 15:09:02 2025,13-Sep-2025,180905,47 2.395600 N,061 9.333300 W,2.0,144.2,A,Primary,Headline,9.102041,D,S,420023.000000
Sat Sep 13 15:09:03 2025,13-Sep-2025,180906,47 2.395000 N,061 9.332900 W,2.0,144.6,A,DoorSpread,DoorMaster,0.000000,E,P,258389.000000
Sat Sep 13 15:09:03 2025,13-Sep-2025,180907,47 2.394400 N,061 9.332700 W,2.0,145.3,A,DoorSpread,DoorMaster,0.000000,E,P,258389.000000
Sat Sep 13 15:09:03 2025,13-Sep-2025,180908,47 2.393900 N,061 9.332400 W,1.9,145.6,A,DoorSpread,DoorMaster,0.000000,E,P,258389.000000
Sat Sep 13 15:09:03 2025,13-Sep-2025,180909,47 2.393600 N,061 9.331900 W,1.9,145.0,A,DoorSpread,DoorMaster,0.000000,E,P,258389.000000
Sat Sep 13 15:09:03 2025,13-Sep-2025,180910,47 2.393300 N,061 9.331300 W,1.9,142.6,A,DoorSpread,DoorMaster,0.000000,E,P,258389.000000
Sat Sep 13 15:09:08 2025,13-Sep-2025,180911,47 2.393000 N,061 9.330700 W,1.9,141.0,A,Primary,Headline,9.979592,D,S,245360.000000
Sat Sep 13 15:09:09 2025,13-Sep-2025,180912,47 2.392600 N,061 9.330300 W,1.8,140.0,A,DoorSpread,DoorMaster,5.450000,D,S,284928.000000
Sat Sep 13 15:09:10 2025,13-Sep-2025,180913,47 2.392100 N,061 9.330100 W,1.8,140.0,A,Depth,Depth,54.537037,D,P,194373.000000
Sat Sep 13 15:09:10 2025,13-Sep-2025,180914,47 2.391600 N,061 9.329800 W,1.8,141.4,A,Depth,Depth,54.537037,D,P,194373.000000
Sat Sep 13 15:09:10 2025,13-Sep-2025,180915,47 2.391200 N,061 9.329400 W,1.8,142.3,A,Depth,Depth,54.537037,D,P,194373.000000
Sat Sep 13 15:09:13 2025,13-Sep-2025,180916,47 2.390800 N,061 9.328900 W,1.8,142.2,A,Primary,Headline,10.469388,D,S,203946.000000
Sat Sep 13 15:09:14 2025,13-Sep-2025,180917,47 2.390500 N,061 9.328400 W,1.8,141.1,A,DoorSpread,DoorMaster,5.515000,D,S,153247.000000
Sat Sep 13 15:09:14 2025,13-Sep-2025,180918,47 2.390300 N,061 9.327800 W,1.7,140.1,A,DoorSpread,DoorMaster,5.515000,D,S,153247.000000
Sat Sep 13 15:09:14 2025,13-Sep-2025,180919,47 2.389900 N,061 9.327500 W,1.7,139.9,A,DoorSpread,DoorMaster,5.515000,D,S,153247.000000
Sat Sep 13 15:09:17 2025,13-Sep-2025,180920,47 2.389500 N,061 9.327200 W,1.7,140.1,A,Depth,Depth,53.981481,D,S,252457.000000
Sat Sep 13 15:09:18 2025,13-Sep-2025,180921,47 2.389100 N,061 9.326900 W,1.7,140.3,A,Primary,Headline,12.244898,D,S,256172.000000
Sat Sep 13 15:09:18 2025,13-Sep-2025,180922,47 2.388700 N,061 9.326500 W,1.7,140.5,A,Primary,Headline,12.244898,D,S,256172.000000
Sat Sep 13 15:09:20 2025,13-Sep-2025,180923,47 2.388400 N,061 9.326000 W,1.7,140.5,A,DoorSpread,DoorMaster,5.615000,D,P,308142.000000
Sat Sep 13 15:09:20 2025,13-Sep-2025,180924,47 2.388100 N,061 9.325600 W,1.6,140.0,A,DoorSpread,DoorMaster,5.615000,D,P,308142.000000
Sat Sep 13 15:09:20 2025,13-Sep-2025,180925,47 2.387900 N,061 9.325000 W,1.6,138.9,A,DoorSpread,DoorMaster,5.615000,D,P,308142.000000
Sat Sep 13 15:09:23 2025,13-Sep-2025,180926,47 2.387600 N,061 9.324500 W,1.6,138.0,A,Primary,Headline,13.142857,D,P,125298.000000
Sat Sep 13 15:09:24 2025,13-Sep-2025,180927,47 2.387300 N,061 9.324100 W,1.6,137.8,A,Depth,Depth,53.888889,D,S,109239.000000
Sat Sep 13 15:09:25 2025,13-Sep-2025,180928,47 2.386900 N,061 9.323800 W,1.6,138.0,A,DoorSpread,DoorMaster,5.515000,D,S,85806.000000
Sat Sep 13 15:09:25 2025,13-Sep-2025,180929,47 2.386400 N,061 9.323500 W,1.6,138.4,A,DoorSpread,DoorMaster,5.515000,D,S,85806.000000
Sat Sep 13 15:09:25 2025,13-Sep-2025,180930,47 2.386000 N,061 9.323100 W,1.6,138.5,A,DoorSpread,DoorMaster,5.515000,D,S,85806.000000
Sat Sep 13 15:09:28 2025,13-Sep-2025,180931,47 2.385800 N,061 9.322500 W,1.7,137.9,A,Primary,Headline,12.816327,D,P,268768.000000
Sat Sep 13 15:09:28 2025,13-Sep-2025,180932,47 2.385500 N,061 9.322000 W,1.7,136.8,A,Primary,Headline,12.816327,D,P,268768.000000
Sat Sep 13 15:09:28 2025,13-Sep-2025,180933,47 2.385200 N,061 9.321400 W,1.6,136.2,A,Primary,Headline,12.816327,D,P,268768.000000
Sat Sep 13 15:09:31 2025,13-Sep-2025,180934,47 2.384900 N,061 9.321100 W,1.6,135.8,A,Depth,Depth,52.777778,D,P,207682.000000
Sat Sep 13 15:09:31 2025,13-Sep-2025,180935,47 2.384500 N,061 9.320700 W,1.6,135.9,A,Depth,Depth,52.777778,D,P,207682.000000
Sat Sep 13 15:09:34 2025,13-Sep-2025,180936,47 2.384100 N,061 9.320300 W,1.6,136.3,A,Primary,Headline,13.081633,D,S,221829.000000
Sat Sep 13 15:09:34 2025,13-Sep-2025,180937,47 2.383700 N,061 9.319900 W,1.6,136.8,A,Primary,Headline,13.000000,D,P,150584.000000
Sat Sep 13 15:09:34 2025,13-Sep-2025,180938,47 2.383300 N,061 9.319500 W,1.6,137.2,A,Primary,Headline,13.000000,D,P,150584.000000
Sat Sep 13 15:09:36 2025,13-Sep-2025,180939,47 2.383000 N,061 9.319100 W,1.6,137.3,A,DoorSpread,DoorMaster,4.540000,D,P,338719.000000
Sat Sep 13 15:09:36 2025,13-Sep-2025,180940,47 2.382700 N,061 9.318600 W,1.6,136.6,A,DoorSpread,DoorMaster,4.540000,D,P,338719.000000
Sat Sep 13 15:09:36 2025,13-Sep-2025,180941,47 2.382500 N,061 9.318100 W,1.6,135.8,A,DoorSpread,DoorMaster,4.540000,D,P,338719.000000
Sat Sep 13 15:09:39 2025,13-Sep-2025,180942,47 2.382200 N,061 9.317600 W,1.6,135.2,A,Primary,Headline,14.020408,D,S,79236.000000
Sat Sep 13 15:09:39 2025,13-Sep-2025,180943,47 2.381800 N,061 9.317200 W,1.6,135.1,A,Primary,Headline,14.020408,D,S,79236.000000
Sat Sep 13 15:09:39 2025,13-Sep-2025,180944,47 2.381400 N,061 9.316800 W,1.6,135.3,A,Primary,Headline,14.020408,D,S,79236.000000
Sat Sep 13 15:09:42 2025,13-Sep-2025,180945,47 2.381100 N,061 9.316500 W,1.6,135.6,A,DoorSpread,DoorMaster,4.590000,D,P,336210.000000
Sat Sep 13 15:09:42 2025,13-Sep-2025,180946,47 2.380800 N,061 9.316000 W,1.6,135.6,A,DoorSpread,DoorMaster,4.590000,D,P,336210.000000
Sat Sep 13 15:09:44 2025,13-Sep-2025,180947,47 2.380500 N,061 9.315500 W,1.6,135.4,A,Primary,Headline,15.040816,D,S,123784.000000
Sat Sep 13 15:09:44 2025,13-Sep-2025,180948,47 2.380200 N,061 9.314900 W,1.6,135.1,A,Primary,Headline,15.040816,D,S,123784.000000
Sat Sep 13 15:09:46 2025,13-Sep-2025,180949,47 2.379900 N,061 9.314500 W,1.6,134.9,A,Depth,Depth,49.907407,D,S,162846.000000
Sat Sep 13 15:09:47 2025,13-Sep-2025,180950,47 2.379600 N,061 9.314100 W,1.6,134.8,A,DoorSpread,DoorMaster,0.000000,E,S,511503.000000
Sat Sep 13 15:09:47 2025,13-Sep-2025,180951,47 2.379200 N,061 9.313600 W,1.6,135.4,A,DoorSpread,DoorMaster,0.000000,E,S,511503.000000
Sat Sep 13 15:09:49 2025,13-Sep-2025,180952,47 2.378800 N,061 9.313300 W,1.6,135.9,A,Primary,Headline,15.836735,D,P,215465.000000
Sat Sep 13 15:09:49 2025,13-Sep-2025,180953,47 2.378500 N,061 9.312900 W,1.5,136.2,A,Primary,Headline,15.836735,D,P,215465.000000
Sat Sep 13 15:09:49 2025,13-Sep-2025,180954,47 2.378300 N,061 9.312400 W,1.6,136.1,A,Primary,Headline,15.836735,D,P,215465.000000
Sat Sep 13 15:09:52 2025,13-Sep-2025,180955,47 2.378000 N,061 9.311800 W,1.6,135.5,A,DoorSpread,DoorMaster,4.710000,D,P,184304.000000
Sat Sep 13 15:09:53 2025,13-Sep-2025,180956,47 2.377800 N,061 9.311200 W,1.6,135.1,A,Depth,Depth,48.240741,D,S,47930.000000
Sat Sep 13 15:09:53 2025,13-Sep-2025,180957,47 2.377500 N,061 9.310800 W,1.5,135.0,A,Depth,Depth,48.240741,D,S,47930.000000
Sat Sep 13 15:09:55 2025,13-Sep-2025,180958,47 2.377200 N,061 9.310400 W,1.6,134.8,A,Primary,Headline,17.673469,D,S,120517.000000
Sat Sep 13 15:09:55 2025,13-Sep-2025,180959,47 2.376800 N,061 9.309900 W,1.6,134.7,A,Primary,Headline,17.673469,D,S,120517.000000
Sat Sep 13 15:09:55 2025,13-Sep-2025,181000,47 2.376500 N,061 9.309400 W,1.6,134.9,A,Primary,Headline,17.673469,D,S,120517.000000
Sat Sep 13 15:09:58 2025,13-Sep-2025,181001,47 2.376200 N,061 9.309000 W,1.6,134.9,A,DoorSpread,DoorMaster,4.745000,D,S,460824.000000
Sat Sep 13 15:09:58 2025,13-Sep-2025,181002,47 2.376000 N,061 9.308500 W,1.6,134.6,A,DoorSpread,DoorMaster,4.745000,D,S,460824.000000
Sat Sep 13 15:10:00 2025,13-Sep-2025,181003,47 2.375800 N,061 9.307900 W,1.6,133.5,A,Depth,Depth,46.944444,D,P,106474.000000
Sat Sep 13 15:10:00 2025,13-Sep-2025,181004,47 2.375600 N,061 9.307300 W,1.6,132.4,A,Depth,Depth,46.944444,D,P,106474.000000
Sat Sep 13 15:10:00 2025,13-Sep-2025,181005,47 2.375400 N,061 9.306900 W,1.6,131.7,A,Depth,Depth,46.944444,D,P,106474.000000
Sat Sep 13 15:10:03 2025,13-Sep-2025,181006,47 2.375000 N,061 9.306500 W,1.6,132.3,A,DoorSpread,DoorMaster,4.820000,D,P,72248.000000
Sat Sep 13 15:10:03 2025,13-Sep-2025,181007,47 2.374600 N,061 9.306300 W,1.6,133.3,A,DoorSpread,DoorMaster,4.820000,D,P,72248.000000
Sat Sep 13 15:10:05 2025,13-Sep-2025,181008,47 2.374300 N,061 9.305900 W,1.6,133.7,A,Primary,Headline,20.346939,D,S,131424.000000
Sat Sep 13 15:10:05 2025,13-Sep-2025,181009,47 2.374100 N,061 9.305400 W,1.6,133.4,A,Primary,Headline,20.346939,D,S,131424.000000
Sat Sep 13 15:10:07 2025,13-Sep-2025,181010,47 2.374000 N,061 9.304500 W,1.7,131.4,A,Depth,Depth,43.981481,D,S,101402.000000
Sat Sep 13 15:10:07 2025,13-Sep-2025,181011,47 2.373900 N,061 9.303600 W,1.7,129.6,A,Depth,Depth,43.981481,D,S,101402.000000
Sat Sep 13 15:10:09 2025,13-Sep-2025,181012,47 2.373700 N,061 9.303000 W,1.7,128.6,A,DoorSpread,DoorMaster,4.830000,D,P,169495.000000
Sat Sep 13 15:10:09 2025,13-Sep-2025,181013,47 2.373300 N,061 9.302600 W,1.7,128.5,A,DoorSpread,DoorMaster,4.830000,D,P,169495.000000
Sat Sep 13 15:10:11 2025,13-Sep-2025,181014,47 2.372900 N,061 9.302200 W,1.7,128.8,A,Primary,Headline,22.653061,D,S,352339.000000
Sat Sep 13 15:10:11 2025,13-Sep-2025,181015,47 2.372600 N,061 9.301700 W,1.7,128.7,A,Primary,Headline,22.653061,D,S,352339.000000
Sat Sep 13 15:10:11 2025,13-Sep-2025,181016,47 2.372500 N,061 9.301000 W,1.7,127.8,A,Primary,Headline,22.653061,D,S,352339.000000
Sat Sep 13 15:10:14 2025,13-Sep-2025,181017,47 2.372400 N,061 9.300200 W,1.7,126.6,A,Depth,Depth,43.055556,D,P,106038.000000
Sat Sep 13 15:10:14 2025,13-Sep-2025,181018,47 2.372200 N,061 9.299600 W,1.7,126.0,A,Depth,Depth,42.870370,D,S,118059.000000
Sat Sep 13 15:10:16 2025,13-Sep-2025,181019,47 2.371800 N,061 9.299100 W,1.7,125.8,A,Primary,Headline,23.979592,D,P,72370.000000
Sat Sep 13 15:10:16 2025,13-Sep-2025,181020,47 2.371500 N,061 9.298700 W,1.7,126.1,A,Primary,Headline,23.979592,D,P,72370.000000
Sat Sep 13 15:10:16 2025,13-Sep-2025,181021,47 2.371100 N,061 9.298300 W,1.7,126.6,A,Primary,Headline,23.979592,D,P,72370.000000
Sat Sep 13 15:10:19 2025,13-Sep-2025,181022,47 2.370700 N,061 9.297800 W,1.7,126.9,A,DoorSpread,DoorMaster,0.000000,E,P,280388.000000
Sat Sep 13 15:10:19 2025,13-Sep-2025,181023,47 2.370500 N,061 9.297200 W,1.7,126.4,A,DoorSpread,DoorMaster,0.000000,E,P,280388.000000
Sat Sep 13 15:10:21 2025,13-Sep-2025,181024,47 2.370300 N,061 9.296600 W,1.7,125.4,A,Primary,Headline,24.530612,D,P,49370.000000
Sat Sep 13 15:10:22 2025,13-Sep-2025,181025,47 2.370100 N,061 9.296000 W,1.7,124.6,A,Depth,Depth,40.462963,D,S,182706.000000
Sat Sep 13 15:10:22 2025,13-Sep-2025,181026,47 2.369800 N,061 9.295500 W,1.7,125.0,A,Depth,Depth,40.462963,D,S,182706.000000
Sat Sep 13 15:10:25 2025,13-Sep-2025,181027,47 2.369300 N,061 9.295100 W,1.7,125.8,A,DoorSpread,DoorMaster,3.960000,D,S,617309.000000
Sat Sep 13 15:10:25 2025,13-Sep-2025,181028,47 2.369000 N,061 9.294600 W,1.7,126.2,A,DoorSpread,DoorMaster,3.960000,D,S,617309.000000
Sat Sep 13 15:10:25 2025,13-Sep-2025,181029,47 2.368800 N,061 9.294100 W,1.7,126.7,A,DoorSpread,DoorMaster,3.960000,D,S,617309.000000
Sat Sep 13 15:10:27 2025,13-Sep-2025,181030,47 2.368500 N,061 9.293500 W,1.7,127.0,A,Primary,Headline,25.306122,D,S,312589.000000
Sat Sep 13 15:10:27 2025,13-Sep-2025,181031,47 2.368200 N,061 9.292900 W,1.7,127.1,A,Primary,Headline,25.306122,D,S,312589.000000
Sat Sep 13 15:10:29 2025,13-Sep-2025,181032,47 2.368000 N,061 9.292400 W,1.7,127.0,A,Depth,Depth,38.703704,D,P,101769.000000
Sat Sep 13 15:10:30 2025,13-Sep-2025,181033,47 2.367800 N,061 9.291800 W,1.7,126.8,A,DoorSpread,DoorMaster,0.000000,E,S,369922.000000
Sat Sep 13 15:10:30 2025,13-Sep-2025,181034,47 2.367500 N,061 9.291300 W,1.7,126.7,A,DoorSpread,DoorMaster,0.000000,E,S,369922.000000
Sat Sep 13 15:10:32 2025,13-Sep-2025,181035,47 2.367200 N,061 9.290700 W,1.7,126.7,A,Primary,Headline,2.693878,D,S,289068.000000
Sat Sep 13 15:10:32 2025,13-Sep-2025,181036,47 2.367000 N,061 9.290300 W,1.7,126.8,A,Primary,Headline,2.693878,D,S,289068.000000
Sat Sep 13 15:10:32 2025,13-Sep-2025,181037,47 2.366700 N,061 9.289700 W,1.6,126.8,A,Primary,Headline,2.693878,D,S,289068.000000
Sat Sep 13 15:10:35 2025,13-Sep-2025,181038,47 2.366400 N,061 9.289200 W,1.7,126.9,A,DoorSpread,DoorMaster,0.000000,E,S,390368.000000
Sat Sep 13 15:10:36 2025,13-Sep-2025,181039,47 2.366000 N,061 9.288500 W,1.7,126.7,A,Depth,Depth,34.814815,D,S,223244.000000
Sat Sep 13 15:10:37 2025,13-Sep-2025,181040,47 2.365800 N,061 9.288000 W,1.7,126.5,A,Primary,Headline,29.734694,D,S,212278.000000
Sat Sep 13 15:10:37 2025,13-Sep-2025,181041,47 2.365600 N,061 9.287500 W,1.6,126.2,A,Primary,Headline,29.734694,D,S,212278.000000
Sat Sep 13 15:10:37 2025,13-Sep-2025,181042,47 2.365200 N,061 9.286600 W,1.7,125.1,A,Primary,Headline,29.734694,D,S,212278.000000
Sat Sep 13 15:10:40 2025,13-Sep-2025,181043,47 2.364900 N,061 9.285900 W,1.7,124.4,A,DoorSpread,DoorMaster,0.000000,E,S,323506.000000
Sat Sep 13 15:10:40 2025,13-Sep-2025,181044,47 2.364600 N,061 9.285400 W,1.7,124.4,A,DoorSpread,DoorMaster,0.000000,E,S,323506.000000
Sat Sep 13 15:10:40 2025,13-Sep-2025,181045,47 2.364200 N,061 9.285000 W,1.7,124.7,A,DoorSpread,DoorMaster,0.000000,E,S,323506.000000
Sat Sep 13 15:10:43 2025,13-Sep-2025,181046,47 2.363900 N,061 9.284600 W,1.7,125.0,A,Primary,Headline,31.612245,D,P,137659.000000
Sat Sep 13 15:10:43 2025,13-Sep-2025,181047,47 2.363700 N,061 9.284000 W,1.7,124.9,A,Primary,Headline,31.612245,D,P,137659.000000
Sat Sep 13 15:10:45 2025,13-Sep-2025,181048,47 2.363600 N,061 9.283300 W,1.7,124.4,A,DoorSpread,DoorMaster,3.950000,D,P,791236.000000
Sat Sep 13 15:10:45 2025,13-Sep-2025,181049,47 2.363300 N,061 9.282700 W,1.7,124.2,A,DoorSpread,DoorMaster,3.950000,D,P,791236.000000
Sat Sep 13 15:10:45 2025,13-Sep-2025,181050,47 2.363100 N,061 9.282200 W,1.6,124.3,A,DoorSpread,DoorMaster,3.950000,D,P,791236.000000
Sat Sep 13 15:10:48 2025,13-Sep-2025,181051,47 2.362800 N,061 9.281700 W,1.6,124.3,A,Primary,Headline,33.755102,D,S,146328.000000
Sat Sep 13 15:10:48 2025,13-Sep-2025,181052,47 2.362500 N,061 9.281200 W,1.7,124.3,A,Primary,Headline,33.755102,D,S,146328.000000
Sat Sep 13 15:10:48 2025,13-Sep-2025,181053,47 2.362300 N,061 9.280500 W,1.7,124.3,A,Primary,Headline,33.755102,D,S,146328.000000
Sat Sep 13 15:10:51 2025,13-Sep-2025,181054,47 2.362000 N,061 9.280000 W,1.6,124.0,A,DoorSpread,DoorMaster,3.875000,D,S,794542.000000
Sat Sep 13 15:10:51 2025,13-Sep-2025,181055,47 2.361900 N,061 9.279400 W,1.6,123.7,A,DoorSpread,DoorMaster,3.875000,D,S,794542.000000
Sat Sep 13 15:10:51 2025,13-Sep-2025,181056,47 2.361700 N,061 9.278800 W,1.7,122.9,A,DoorSpread,DoorMaster,3.875000,D,S,794542.000000
Sat Sep 13 15:10:54 2025,13-Sep-2025,181057,47 2.361500 N,061 9.278200 W,1.7,122.2,A,Primary,Headline,37.142857,D,S,69002.000000
Sat Sep 13 15:10:54 2025,13-Sep-2025,181058,47 2.361200 N,061 9.277600 W,1.6,122.0,A,Primary,Headline,37.142857,D,S,69002.000000
Sat Sep 13 15:10:56 2025,13-Sep-2025,181059,47 2.360900 N,061 9.277300 W,1.6,122.2,A,DoorSpread,DoorMaster,3.630000,D,S,888876.000000
Sat Sep 13 15:10:57 2025,13-Sep-2025,181100,47 2.360500 N,061 9.276700 W,1.7,122.4,A,Depth,Depth,26.203704,D,S,331644.000000
Sat Sep 13 15:10:57 2025,13-Sep-2025,181101,47 2.360300 N,061 9.276100 W,1.7,122.1,A,Depth,Depth,26.203704,D,S,331644.000000
Sat Sep 13 15:10:57 2025,13-Sep-2025,181102,47 2.360200 N,061 9.275400 W,1.7,121.0,A,Depth,Depth,26.203704,D,S,331644.000000
Sat Sep 13 15:11:00 2025,13-Sep-2025,181103,47 2.360100 N,061 9.274700 W,1.7,119.8,A,Primary,Headline,38.959184,D,S,180208.000000
Sat Sep 13 15:11:01 2025,13-Sep-2025,181104,47 2.359800 N,061 9.274000 W,1.7,119.1,A,DoorSpread,DoorMaster,3.680000,D,P,744799.000000
Sat Sep 13 15:11:01 2025,13-Sep-2025,181105,47 2.359600 N,061 9.273500 W,1.7,118.7,A,DoorSpread,DoorMaster,3.680000,D,P,744799.000000
