Ship Number,Trip Number,Tow Number
Avalon Voyager,4,10
Comments
"Zone 12"
CPU Date and Time,GPS Date,GPS Time,Latitude,Longitude,Speed,Heading,Validity,Transducer Name,Sensor Name,Sensor Value,Error Code,Hydrophone,Signal Strength
,16-Sep-2025,212225,46 52.538700 N,061 20.298000 W,2.6,183.3,A,,,,,,
,16-Sep-2025,212226,46 52.537900 N,061 20.297900 W,2.6,182.9,A,,,,,,
Tue Sep 16 18:22:21 2025,16-Sep-2025,212227,46 52.537100 N,061 20.297900 W,2.6,183.1,A,DoorSpread,DoorMaster,1.530000,D,S,166113.000000
Tue Sep 16 18:22:21 2025,16-Sep-2025,212228,46 52.536200 N,061 20.297900 W,2.7,183.7,A,DoorSpread,DoorMaster,1.530000,D,S,166113.000000
Tue Sep 16 18:22:21 2025,16-Sep-2025,212229,46 52.535300 N,061 20.297900 W,2.7,183.7,A,DoorSpread,DoorMaster,1.530000,D,S,166113.000000
Tue Sep 16 18:22:24 2025,16-Sep-2025,212230,46 52.534600 N,061 20.297800 W,2.7,183.2,A,Primary,Headline,0.000000,D,P,35475.000000
Tue Sep 16 18:22:24 2025,16-Sep-2025,212231,46 52.533900 N,061 20.297900 W,2.7,183.0,A,Primary,Headline,0.000000,D,P,35475.000000
Tue Sep 16 18:22:26 2025,16-Sep-2025,212232,46 52.533100 N,061 20.298100 W,2.6,182.8,A,DoorSpread,DoorMaster,1.600000,D,S,182040.000000
Tue Sep 16 18:22:26 2025,16-Sep-2025,212233,46 52.532300 N,061 20.298200 W,2.6,182.8,A,DoorSpread,DoorMaster,1.600000,D,S,182040.000000
Tue Sep 16 18:22:26 2025,16-Sep-2025,212234,46 52.531500 N,061 20.298200 W,2.6,183.1,A,DoorSpread,DoorMaster,1.600000,D,S,182040.000000
Tue Sep 16 18:22:26 2025,16-Sep-2025,212235,46 52.530700 N,061 20.298400 W,2.7,183.3,A,DoorSpread,DoorMaster,1.600000,D,S,182040.000000
Tue Sep 16 18:22:26 2025,16-Sep-2025,212236,46 52.529900 N,061 20.298500 W,2.7,183.3,A,DoorSpread,DoorMaster,1.600000,D,S,182040.000000
Tue Sep 16 18:22:31 2025,16-Sep-2025,212237,46 52.529200 N,061 20.298400 W,2.6,183.2,A,DoorSpread,DoorMaster,1.685000,D,S,847168.000000
Tue Sep 16 18:22:31 2025,16-Sep-2025,212238,46 52.528600 N,061 20.298400 W,2.6,183.0,A,DoorSpread,DoorMaster,1.685000,D,S,847168.000000
Tue Sep 16 18:22:31 2025,16-Sep-2025,212239,46 52.528000 N,061 20.298300 W,2.6,182.9,A,DoorSpread,DoorMaster,1.685000,D,S,847168.000000
Tue Sep 16 18:22:31 2025,16-Sep-2025,212240,46 52.527300 N,061 20.298500 W,2.6,183.3,A,DoorSpread,DoorMaster,1.685000,D,S,847168.000000
Tue Sep 16 18:22:35 2025,16-Sep-2025,212241,46 52.526600 N,061 20.298600 W,2.7,183.6,A,Depth,Depth,32.407407,D,P,18669.000000
Tue Sep 16 18:22:37 2025,16-Sep-2025,212242,46 52.525800 N,061 20.298800 W,2.6,183.6,A,DoorSpread,DoorMaster,1.575000,D,S,717214.000000
Tue Sep 16 18:22:37 2025,16-Sep-2025,212243,46 52.525200 N,061 20.298900 W,2.6,183.5,A,DoorSpread,DoorMaster,1.605000,D,P,343676.000000
Tue Sep 16 18:22:37 2025,16-Sep-2025,212244,46 52.524500 N,061 20.298900 W,2.6,183.4,A,DoorSpread,DoorMaster,1.605000,D,P,343676.000000
Tue Sep 16 18:22:39 2025,16-Sep-2025,212245,46 52.523900 N,061 20.299000 W,2.6,183.5,A,Primary,Headline,2.591837,D,S,60678.000000
Tue Sep 16 18:22:39 2025,16-Sep-2025,212246,46 52.523200 N,061 20.299100 W,2.6,183.5,A,Primary,Headline,2.591837,D,S,60678.000000
Tue Sep 16 18:22:39 2025,16-Sep-2025,212247,46 52.522600 N,061 20.299100 W,2.6,183.6,A,Primary,Headline,2.591837,D,S,60678.000000
Tue Sep 16 18:22:42 2025,16-Sep-2025,212248,46 52.521900 N,061 20.299200 W,2.5,183.6,A,Depth,Depth,5.462963,D,S,20377.000000
Tue Sep 16 18:22:42 2025,16-Sep-2025,212249,46 52.521300 N,061 20.299200 W,2.6,183.7,A,Depth,Depth,5.462963,D,S,20377.000000
Tue Sep 16 18:22:44 2025,16-Sep-2025,212250,46 52.520500 N,061 20.299300 W,2.5,183.6,A,Primary,Headline,2.591837,D,S,41146.000000
Tue Sep 16 18:22:44 2025,16-Sep-2025,212251,46 52.519800 N,061 20.299400 W,2.5,183.6,A,Primary,Headline,2.591837,D,S,41146.000000
Tue Sep 16 18:22:44 2025,16-Sep-2025,212252,46 52.519100 N,061 20.299600 W,2.5,183.8,A,Primary,Headline,2.591837,D,S,41146.000000
Tue Sep 16 18:22:47 2025,16-Sep-2025,212253,46 52.518400 N,061 20.299700 W,2.5,183.9,A,DoorSpread,DoorMaster,1.650000,D,P,411606.000000
Tue Sep 16 18:22:47 2025,16-Sep-2025,212254,46 52.517700 N,061 20.299800 W,2.5,183.9,A,DoorSpread,DoorMaster,1.650000,D,P,411606.000000
Tue Sep 16 18:22:49 2025,16-Sep-2025,212255,46 52.517100 N,061 20.299900 W,2.4,183.8,A,Depth,Depth,18.148148,D,S,32896.000000
Tue Sep 16 18:22:49 2025,16-Sep-2025,212256,46 52.516400 N,061 20.299900 W,2.4,183.4,A,Depth,Depth,18.148148,D,S,32896.000000
Tue Sep 16 18:22:49 2025,16-Sep-2025,212257,46 52.515500 N,061 20.300000 W,2.6,183.2,A,Depth,Depth,18.148148,D,S,32896.000000
Tue Sep 16 18:22:52 2025,16-Sep-2025,212258,46 52.514500 N,061 20.300100 W,2.8,183.7,A,DoorSpread,DoorMaster,2.645000,D,S,931530.000000
Tue Sep 16 18:22:52 2025,16-Sep-2025,212259,46 52.513500 N,061 20.300200 W,2.9,183.5,A,DoorSpread,DoorMaster,2.645000,D,S,931530.000000
Tue Sep 16 18:22:52 2025,16-Sep-2025,212300,46 52.512400 N,061 20.300200 W,3.0,182.6,A,DoorSpread,DoorMaster,2.645000,D,S,931530.000000
Tue Sep 16 18:22:52 2025,16-Sep-2025,212301,46 52.511200 N,061 20.300100 W,3.2,181.4,A,DoorSpread,DoorMaster,2.645000,D,S,931530.000000
Tue Sep 16 18:22:52 2025,16-Sep-2025,212302,46 52.510100 N,061 20.300000 W,3.3,181.3,A,DoorSpread,DoorMaster,2.645000,D,S,931530.000000
Tue Sep 16 18:22:52 2025,16-Sep-2025,212303,46 52.509100 N,061 20.300000 W,3.4,181.6,A,DoorSpread,DoorMaster,2.645000,D,S,931530.000000
Tue Sep 16 18:22:58 2025,16-Sep-2025,212304,46 52.507900 N,061 20.300100 W,3.6,181.7,A,DoorSpread,DoorMaster,2.605000,D,S,949408.000000
Tue Sep 16 18:23:00 2025,16-Sep-2025,212305,46 52.506700 N,061 20.300100 W,3.7,181.6,A,Primary,Headline,3.428571,D,S,55694.000000
Tue Sep 16 18:23:00 2025,16-Sep-2025,212306,46 52.505400 N,061 20.300000 W,3.9,181.0,A,Primary,Headline,3.428571,D,S,55694.000000
Tue Sep 16 18:23:00 2025,16-Sep-2025,212307,46 52.504200 N,061 20.300000 W,4.0,180.7,A,Primary,Headline,3.428571,D,S,55694.000000
Tue Sep 16 18:23:00 2025,16-Sep-2025,212308,46 52.502900 N,061 20.299900 W,4.1,180.4,A,Primary,Headline,3.428571,D,S,55694.000000
Tue Sep 16 18:23:04 2025,16-Sep-2025,212309,46 52.501700 N,061 20.299800 W,4.2,180.0,A,DoorSpread,DoorMaster,9.440000,D,S,917761.000000
Tue Sep 16 18:23:04 2025,16-Sep-2025,212310,46 52.500400 N,061 20.299600 W,4.3,179.6,A,DoorSpread,DoorMaster,9.440000,D,S,917761.000000
Tue Sep 16 18:23:05 2025,16-Sep-2025,212311,46 52.499100 N,061 20.299400 W,4.4,179.6,A,Primary,Headline,4.204082,D,S,61095.000000
Tue Sep 16 18:23:05 2025,16-Sep-2025,212312,46 52.497800 N,061 20.299300 W,4.4,179.6,A,Primary,Headline,4.204082,D,S,61095.000000
Tue Sep 16 18:23:05 2025,16-Sep-2025,212313,46 52.496400 N,061 20.299100 W,4.6,180.0,A,Primary,Headline,4.204082,D,S,61095.000000
Tue Sep 16 18:23:05 2025,16-Sep-2025,212314,46 52.495000 N,061 20.299000 W,4.7,179.9,A,Primary,Headline,4.204082,D,S,61095.000000
Tue Sep 16 18:23:10 2025,16-Sep-2025,212315,46 52.493500 N,061 20.298900 W,4.8,179.7,A,DoorSpread,DoorMaster,13.620000,D,S,972596.000000
Tue Sep 16 18:23:10 2025,16-Sep-2025,212316,46 52.492000 N,061 20.298700 W,4.8,179.5,A,Depth,Depth,10.555556,D,S,117356.000000
Tue Sep 16 18:23:10 2025,16-Sep-2025,212317,46 52.490600 N,061 20.298600 W,4.8,179.3,A,Depth,Depth,10.555556,D,S,117356.000000
Tue Sep 16 18:23:10 2025,16-Sep-2025,212318,46 52.489200 N,061 20.298700 W,4.9,179.5,A,Depth,Depth,10.555556,D,S,117356.000000
Tue Sep 16 18:23:10 2025,16-Sep-2025,212319,46 52.487800 N,061 20.298900 W,4.8,179.8,A,Depth,Depth,10.555556,D,S,117356.000000
Tue Sep 16 18:23:10 2025,16-Sep-2025,212320,46 52.486500 N,061 20.299100 W,4.8,180.1,A,Depth,Depth,10.555556,D,S,117356.000000
Tue Sep 16 18:23:15 2025,16-Sep-2025,212321,46 52.485200 N,061 20.299200 W,4.8,179.9,A,Primary,Headline,2.857143,D,S,162932.000000
Tue Sep 16 18:23:16 2025,16-Sep-2025,212322,46 52.483800 N,061 20.299200 W,4.9,179.8,A,DoorSpread,DoorMaster,15.295000,D,S,952521.000000
Tue Sep 16 18:23:17 2025,16-Sep-2025,212323,46 52.482300 N,061 20.299300 W,5.0,180.0,A,Depth,Depth,12.592593,D,S,109589.000000
Tue Sep 16 18:23:17 2025,16-Sep-2025,212324,46 52.480800 N,061 20.299400 W,5.0,180.3,A,Depth,Depth,12.592593,D,S,109589.000000
Tue Sep 16 18:23:17 2025,16-Sep-2025,212325,46 52.479400 N,061 20.299400 W,5.0,180.4,A,Depth,Depth,12.592593,D,S,109589.000000
Tue Sep 16 18:23:20 2025,16-Sep-2025,212326,46 52.478100 N,061 20.299400 W,4.9,179.6,A,Primary,Headline,3.102041,D,S,223556.000000
Tue Sep 16 18:23:22 2025,16-Sep-2025,212327,46 52.476700 N,061 20.299300 W,4.9,179.5,A,DoorSpread,DoorMaster,9.035000,D,S,822510.000000
Tue Sep 16 18:23:22 2025,16-Sep-2025,212328,46 52.475300 N,061 20.299300 W,4.9,179.6,A,DoorSpread,DoorMaster,9.035000,D,S,822510.000000
Tue Sep 16 18:23:22 2025,16-Sep-2025,212329,46 52.473800 N,061 20.299300 W,4.9,179.8,A,DoorSpread,DoorMaster,9.035000,D,S,822510.000000
Tue Sep 16 18:23:24 2025,16-Sep-2025,212330,46 52.472400 N,061 20.299400 W,5.0,180.5,A,Depth,Depth,12.962963,D,S,223553.000000
Tue Sep 16 18:23:25 2025,16-Sep-2025,212331,46 52.470900 N,061 20.299500 W,5.0,181.0,A,Primary,Headline,1.857143,D,P,107857.000000
Tue Sep 16 18:23:25 2025,16-Sep-2025,212332,46 52.469400 N,061 20.299500 W,5.1,181.1,A,Primary,Headline,1.857143,D,P,107857.000000
Tue Sep 16 18:23:28 2025,16-Sep-2025,212333,46 52.468000 N,061 20.299400 W,5.0,180.9,A,DoorSpread,DoorMaster,13.490000,D,S,843242.000000
Tue Sep 16 18:23:28 2025,16-Sep-2025,212334,46 52.466800 N,061 20.299400 W,4.9,180.8,A,DoorSpread,DoorMaster,13.490000,D,S,843242.000000
Tue Sep 16 18:23:28 2025,16-Sep-2025,212335,46 52.465500 N,061 20.299500 W,4.9,181.0,A,DoorSpread,DoorMaster,13.490000,D,S,843242.000000
Tue Sep 16 18:23:30 2025,16-Sep-2025,212336,46 52.464200 N,061 20.299500 W,4.9,181.4,A,Primary,Headline,3.428571,D,S,231523.000000
Tue Sep 16 18:23:31 2025,16-Sep-2025,212337,46 52.462900 N,061 20.299700 W,4.9,181.9,A,Depth,Depth,12.685185,D,S,182394.000000
Tue Sep 16 18:23:31 2025,16-Sep-2025,212338,46 52.461500 N,061 20.300000 W,4.9,182.4,A,Depth,Depth,12.685185,D,S,182394.000000
Tue Sep 16 18:23:31 2025,16-Sep-2025,212339,46 52.460100 N,061 20.300400 W,5.0,182.2,A,Depth,Depth,12.685185,D,S,182394.000000
Tue Sep 16 18:23:34 2025,16-Sep-2025,212340,46 52.458600 N,061 20.300500 W,5.0,181.9,A,DoorSpread,DoorMaster,21.200000,D,S,69740.000000
Tue Sep 16 18:23:35 2025,16-Sep-2025,212341,46 52.457200 N,061 20.300600 W,5.0,181.9,A,Primary,Headline,2.836735,D,S,62309.000000
Tue Sep 16 18:23:35 2025,16-Sep-2025,212342,46 52.455900 N,061 20.300800 W,5.0,182.0,A,Primary,Headline,2.836735,D,S,62309.000000
Tue Sep 16 18:23:35 2025,16-Sep-2025,212343,46 52.454700 N,061 20.300900 W,4.9,181.8,A,Primary,Headline,2.836735,D,S,62309.000000
Tue Sep 16 18:23:38 2025,16-Sep-2025,212344,46 52.453400 N,061 20.300800 W,4.9,181.7,A,Depth,Depth,13.981481,D,S,46236.000000
Tue Sep 16 18:23:38 2025,16-Sep-2025,212345,46 52.452100 N,061 20.300900 W,4.9,182.0,A,Depth,Depth,13.981481,D,S,46236.000000
Tue Sep 16 18:23:38 2025,16-Sep-2025,212346,46 52.450800 N,061 20.301100 W,4.9,182.6,A,Depth,Depth,13.981481,D,S,46236.000000
Tue Sep 16 18:23:41 2025,16-Sep-2025,212347,46 52.449300 N,061 20.301400 W,5.0,182.7,A,DoorSpread,DoorMaster,23.765000,D,S,728338.000000
Tue Sep 16 18:23:41 2025,16-Sep-2025,212348,46 52.447800 N,061 20.301500 W,5.0,182.5,A,DoorSpread,DoorMaster,23.765000,D,S,728338.000000
Tue Sep 16 18:23:41 2025,16-Sep-2025,212349,46 52.446400 N,061 20.301600 W,5.0,182.5,A,DoorSpread,DoorMaster,23.765000,D,S,728338.000000
Tue Sep 16 18:23:41 2025,16-Sep-2025,212350,46 52.445100 N,061 20.301700 W,4.9,182.6,A,DoorSpread,DoorMaster,23.765000,D,S,728338.000000
Tue Sep 16 18:23:45 2025,16-Sep-2025,212351,46 52.443900 N,061 20.301900 W,4.9,182.7,A,Depth,Depth,14.444444,D,S,220467.000000
Tue Sep 16 18:23:46 2025,16-Sep-2025,212352,46 52.442700 N,061 20.302000 W,4.9,182.8,A,Primary,Headline,4.142857,D,S,39202.000000
Tue Sep 16 18:23:47 2025,16-Sep-2025,212353,46 52.441300 N,061 20.302100 W,4.9,182.8,A,DoorSpread,DoorMaster,14.515000,D,S,91585.000000
Tue Sep 16 18:23:47 2025,16-Sep-2025,212354,46 52.439900 N,061 20.302200 W,4.9,182.8,A,DoorSpread,DoorMaster,14.515000,D,S,91585.000000
Tue Sep 16 18:23:47 2025,16-Sep-2025,212355,46 52.438400 N,061 20.302200 W,4.9,182.8,A,DoorSpread,DoorMaster,14.515000,D,S,91585.000000
Tue Sep 16 18:23:47 2025,16-Sep-2025,212356,46 52.436800 N,061 20.302300 W,5.0,182.9,A,DoorSpread,DoorMaster,14.515000,D,S,91585.000000
Tue Sep 16 18:23:51 2025,16-Sep-2025,212357,46 52.435300 N,061 20.302300 W,5.0,183.0,A,Primary,Headline,2.306122,D,S,209551.000000
Tue Sep 16 18:23:53 2025,16-Sep-2025,212358,46 52.433800 N,061 20.302300 W,5.0,183.0,A,Depth,Depth,14.907407,D,S,186027.000000
Tue Sep 16 18:23:54 2025,16-Sep-2025,212359,46 52.432300 N,061 20.302400 W,4.9,183.0,A,DoorSpread,DoorMaster,18.220000,D,S,985350.000000
Tue Sep 16 18:23:54 2025,16-Sep-2025,212400,46 52.430900 N,061 20.302500 W,4.9,183.0,A,DoorSpread,DoorMaster,18.220000,D,S,985350.000000
Tue Sep 16 18:23:54 2025,16-Sep-2025,212401,46 52.429500 N,061 20.302500 W,4.9,182.9,A,DoorSpread,DoorMaster,18.220000,D,S,985350.000000
Tue Sep 16 18:23:56 2025,16-Sep-2025,212402,46 52.428000 N,061 20.302500 W,4.9,182.6,A,Primary,Headline,2.755102,D,S,199661.000000
Tue Sep 16 18:23:56 2025,16-Sep-2025,212403,46 52.426600 N,061 20.302700 W,5.0,182.9,A,Primary,Headline,2.755102,D,S,199661.000000
Tue Sep 16 18:23:56 2025,16-Sep-2025,212404,46 52.425200 N,061 20.302800 W,5.0,183.3,A,Primary,Headline,2.755102,D,S,199661.000000
Tue Sep 16 18:24:00 2025,16-Sep-2025,212405,46 52.423800 N,061 20.302900 W,5.0,183.4,A,Depth,Depth,16.296296,D,S,240662.000000
Tue Sep 16 18:24:00 2025,16-Sep-2025,212406,46 52.422500 N,061 20.302900 W,5.0,183.1,A,DoorSpread,DoorMaster,18.670000,D,P,213661.000000
Tue Sep 16 18:24:01 2025,16-Sep-2025,212407,46 52.421200 N,061 20.302900 W,4.9,182.6,A,Primary,Headline,2.530612,D,S,238342.000000
Tue Sep 16 18:24:01 2025,16-Sep-2025,212408,46 52.419900 N,061 20.302900 W,4.9,182.1,A,Primary,Headline,2.530612,D,S,238342.000000
Tue Sep 16 18:24:01 2025,16-Sep-2025,212409,46 52.418600 N,061 20.302900 W,4.8,182.3,A,Primary,Headline,2.530612,D,S,238342.000000
Tue Sep 16 18:24:01 2025,16-Sep-2025,212410,46 52.417300 N,061 20.303000 W,4.9,182.9,A,Primary,Headline,2.530612,D,S,238342.000000
Tue Sep 16 18:24:05 2025,16-Sep-2025,212411,46 52.416000 N,061 20.303200 W,4.9,183.2,A,DoorSpread,DoorMaster,0.000000,E,S,886346.000000
Tue Sep 16 18:24:07 2025,16-Sep-2025,212412,46 52.414600 N,061 20.303300 W,5.0,182.7,A,Depth,Depth,17.870370,D,S,126025.000000
Tue Sep 16 18:24:07 2025,16-Sep-2025,212413,46 52.413300 N,061 20.303300 W,4.9,182.3,A,Depth,Depth,17.870370,D,S,126025.000000
Tue Sep 16 18:24:07 2025,16-Sep-2025,212414,46 52.412100 N,061 20.303200 W,4.9,181.9,A,Depth,Depth,17.870370,D,S,126025.000000
Tue Sep 16 18:24:07 2025,16-Sep-2025,212415,46 52.410800 N,061 20.303300 W,4.8,181.8,A,Depth,Depth,17.870370,D,S,126025.000000
Tue Sep 16 18:24:10 2025,16-Sep-2025,212416,46 52.409600 N,061 20.303400 W,4.8,182.1,A,DoorSpread,DoorMaster,0.000000,E,S,569187.000000
Tue Sep 16 18:24:11 2025,16-Sep-2025,212417,46 52.408100 N,061 20.303600 W,4.9,182.4,A,Primary,Headline,2.632653,D,P,142976.000000
Tue Sep 16 18:24:11 2025,16-Sep-2025,212418,46 52.406700 N,061 20.303800 W,4.9,182.4,A,Primary,Headline,2.632653,D,P,142976.000000
Tue Sep 16 18:24:14 2025,16-Sep-2025,212419,46 52.405200 N,061 20.304000 W,5.0,182.3,A,Depth,Depth,20.185185,D,S,102530.000000
Tue Sep 16 18:24:14 2025,16-Sep-2025,212420,46 52.403800 N,061 20.304100 W,5.0,182.2,A,Depth,Depth,20.185185,D,S,102530.000000
Tue Sep 16 18:24:14 2025,16-Sep-2025,212421,46 52.402500 N,061 20.304300 W,5.0,182.4,A,Depth,Depth,20.185185,D,S,102530.000000
Tue Sep 16 18:24:14 2025,16-Sep-2025,212422,46 52.401400 N,061 20.304400 W,4.9,182.4,A,Depth,Depth,20.185185,D,S,102530.000000
Tue Sep 16 18:24:17 2025,16-Sep-2025,212423,46 52.400200 N,061 20.304400 W,4.8,182.3,A,Primary,Headline,49.367347,D,S,216170.000000
Tue Sep 16 18:24:17 2025,16-Sep-2025,212424,46 52.398800 N,061 20.304400 W,4.8,182.3,A,Primary,Headline,49.367347,D,S,216170.000000
Tue Sep 16 18:24:17 2025,16-Sep-2025,212425,46 52.397500 N,061 20.304400 W,4.9,182.4,A,Primary,Headline,49.367347,D,S,216170.000000
Tue Sep 16 18:24:17 2025,16-Sep-2025,212426,46 52.396000 N,061 20.304500 W,4.9,182.4,A,Primary,Headline,49.367347,D,S,216170.000000
Tue Sep 16 18:24:21 2025,16-Sep-2025,212427,46 52.394700 N,061 20.304600 W,4.9,182.7,A,Depth,Depth,21.018519,D,S,115409.000000
Tue Sep 16 18:24:22 2025,16-Sep-2025,212428,46 52.393400 N,061 20.304700 W,4.9,182.7,A,Primary,Headline,2.673469,D,S,246283.000000
Tue Sep 16 18:24:24 2025,16-Sep-2025,212429,46 52.392300 N,061 20.304700 W,4.8,182.3,A,DoorSpread,DoorMaster,25.615000,D,S,347267.000000
Tue Sep 16 18:24:24 2025,16-Sep-2025,212430,46 52.391100 N,061 20.304800 W,4.8,181.9,A,DoorSpread,DoorMaster,25.615000,D,S,347267.000000
Tue Sep 16 18:24:24 2025,16-Sep-2025,212431,46 52.389800 N,061 20.304900 W,4.8,182.2,A,DoorSpread,DoorMaster,25.615000,D,S,347267.000000
Tue Sep 16 18:24:24 2025,16-Sep-2025,212432,46 52.388400 N,061 20.305100 W,4.9,182.5,A,DoorSpread,DoorMaster,25.615000,D,S,347267.000000
Tue Sep 16 18:24:27 2025,16-Sep-2025,212433,46 52.386900 N,061 20.305300 W,4.9,182.8,A,Primary,Headline,2.795918,D,S,98773.000000
Tue Sep 16 18:24:28 2025,16-Sep-2025,212434,46 52.385300 N,061 20.305500 W,5.0,183.2,A,Depth,Depth,22.129630,D,S,146710.000000
Tue Sep 16 18:24:29 2025,16-Sep-2025,212435,46 52.383900 N,061 20.305700 W,4.9,183.3,A,DoorSpread,DoorMaster,5.550000,D,S,508050.000000
Tue Sep 16 18:24:29 2025,16-Sep-2025,212436,46 52.382600 N,061 20.305600 W,4.9,182.7,A,DoorSpread,DoorMaster,5.550000,D,S,508050.000000
Tue Sep 16 18:24:29 2025,16-Sep-2025,212437,46 52.381400 N,061 20.305500 W,4.8,182.5,A,DoorSpread,DoorMaster,5.550000,D,S,508050.000000
Tue Sep 16 18:24:32 2025,16-Sep-2025,212438,46 52.380100 N,061 20.305500 W,4.8,182.8,A,Primary,Headline,2.551020,D,S,208713.000000
Tue Sep 16 18:24:32 2025,16-Sep-2025,212439,46 52.378800 N,061 20.305600 W,4.9,183.3,A,Primary,Headline,2.551020,D,S,208713.000000
Tue Sep 16 18:24:34 2025,16-Sep-2025,212440,46 52.377300 N,061 20.305700 W,4.9,183.5,A,DoorSpread,DoorMaster,0.000000,E,S,368908.000000
Tue Sep 16 18:24:35 2025,16-Sep-2025,212441,46 52.375800 N,061 20.305800 W,4.9,183.5,A,Depth,Depth,24.351852,D,S,131956.000000
Tue Sep 16 18:24:35 2025,16-Sep-2025,212442,46 52.374400 N,061 20.305800 W,4.9,183.2,A,Depth,Depth,24.351852,D,S,131956.000000
Tue Sep 16 18:24:37 2025,16-Sep-2025,212443,46 52.373000 N,061 20.305600 W,4.9,182.5,A,Primary,Headline,13.367347,D,S,252448.000000
Tue Sep 16 18:24:37 2025,16-Sep-2025,212444,46 52.371600 N,061 20.305500 W,4.9,182.0,A,Primary,Headline,13.367347,D,S,252448.000000
Tue Sep 16 18:24:39 2025,16-Sep-2025,212445,46 52.370200 N,061 20.305300 W,4.9,182.0,A,DoorSpread,DoorMaster,0.000000,E,S,399678.000000
Tue Sep 16 18:24:39 2025,16-Sep-2025,212446,46 52.368900 N,061 20.305400 W,4.9,182.4,A,DoorSpread,DoorMaster,0.000000,E,S,399678.000000
Tue Sep 16 18:24:39 2025,16-Sep-2025,212447,46 52.367500 N,061 20.305600 W,4.9,182.7,A,DoorSpread,DoorMaster,0.000000,E,S,399678.000000
Tue Sep 16 18:24:42 2025,16-Sep-2025,212448,46 52.366100 N,061 20.305700 W,4.9,182.5,A,Depth,Depth,25.462963,D,S,119755.000000
Tue Sep 16 18:24:43 2025,16-Sep-2025,212449,46 52.364700 N,061 20.305800 W,4.9,181.8,A,Primary,Headline,41.265306,D,P,126784.000000
Tue Sep 16 18:24:44 2025,16-Sep-2025,212450,46 52.363300 N,061 20.305800 W,5.0,181.4,A,DoorSpread,DoorMaster,0.000000,E,S,332622.000000
Tue Sep 16 18:24:44 2025,16-Sep-2025,212451,46 52.361900 N,061 20.305900 W,5.0,181.4,A,DoorSpread,DoorMaster,0.000000,E,S,332622.000000
Tue Sep 16 18:24:44 2025,16-Sep-2025,212452,46 52.360500 N,061 20.306100 W,5.0,181.8,A,DoorSpread,DoorMaster,0.000000,E,S,332622.000000
Tue Sep 16 18:24:44 2025,16-Sep-2025,212453,46 52.359100 N,061 20.306300 W,4.9,181.8,A,DoorSpread,DoorMaster,0.000000,E,S,332622.000000
Tue Sep 16 18:24:48 2025,16-Sep-2025,212454,46 52.357800 N,061 20.306400 W,4.9,181.6,A,Primary,Headline,3.040816,D,S,142864.000000
Tue Sep 16 18:24:49 2025,16-Sep-2025,212455,46 52.356500 N,061 20.306400 W,4.9,181.5,A,DoorSpread,DoorMaster,0.000000,E,P,245828.000000
Tue Sep 16 18:24:49 2025,16-Sep-2025,212456,46 52.355000 N,061 20.306300 W,4.9,181.3,A,DoorSpread,DoorMaster,0.000000,E,P,245828.000000
Tue Sep 16 18:24:49 2025,16-Sep-2025,212457,46 52.353500 N,061 20.306300 W,5.0,181.2,A,DoorSpread,DoorMaster,0.000000,E,P,245828.000000
Tue Sep 16 18:24:49 2025,16-Sep-2025,212458,46 52.352000 N,061 20.306300 W,5.0,181.5,A,DoorSpread,DoorMaster,0.000000,E,P,245828.000000
Tue Sep 16 18:24:53 2025,16-Sep-2025,212459,46 52.350500 N,061 20.306400 W,5.0,182.0,A,Primary,Headline,20.632653,D,S,118856.000000
Tue Sep 16 18:24:53 2025,16-Sep-2025,212500,46 52.349100 N,061 20.306500 W,5.0,181.9,A,Primary,Headline,20.632653,D,S,118856.000000
Tue Sep 16 18:24:55 2025,16-Sep-2025,212501,46 52.347700 N,061 20.306400 W,5.0,181.3,A,DoorSpread,DoorMaster,5.395000,D,S,321571.000000
Tue Sep 16 18:24:56 2025,16-Sep-2025,212502,46 52.346500 N,061 20.306200 W,5.0,180.8,A,Depth,Depth,29.444444,D,S,211226.000000
Tue Sep 16 18:24:56 2025,16-Sep-2025,212503,46 52.345300 N,061 20.306300 W,4.9,181.3,A,Depth,Depth,29.444444,D,S,211226.000000
Tue Sep 16 18:24:58 2025,16-Sep-2025,212504,46 52.344100 N,061 20.306500 W,5.0,181.8,A,Primary,Headline,2.755102,D,P,184269.000000
Tue Sep 16 18:24:58 2025,16-Sep-2025,212505,46 52.342800 N,061 20.306700 W,5.0,181.7,A,Primary,Headline,2.755102,D,P,184269.000000
Tue Sep 16 18:25:00 2025,16-Sep-2025,212506,46 52.341400 N,061 20.306900 W,5.1,181.5,A,DoorSpread,DoorMaster,0.000000,E,S,236481.000000
Tue Sep 16 18:25:00 2025,16-Sep-2025,212507,46 52.340000 N,061 20.307100 W,5.1,181.9,A,DoorSpread,DoorMaster,0.000000,E,S,236481.000000
Tue Sep 16 18:25:00 2025,16-Sep-2025,212508,46 52.338600 N,061 20.307300 W,5.1,182.5,A,DoorSpread,DoorMaster,0.000000,E,S,236481.000000
Tue Sep 16 18:25:00 2025,16-Sep-2025,212509,46 52.337300 N,061 20.307600 W,5.0,182.7,A,DoorSpread,DoorMaster,0.000000,E,S,236481.000000
Tue Sep 16 18:25:00 2025,16-Sep-2025,212510,46 52.336000 N,061 20.307600 W,5.0,182.0,A,DoorSpread,DoorMaster,0.000000,E,S,236481.000000
Tue Sep 16 18:25:05 2025,16-Sep-2025,212511,46 52.334800 N,061 20.307700 W,4.9,181.4,A,DoorSpread,DoorMaster,0.000000,E,P,52839.000000
Tue Sep 16 18:25:05 2025,16-Sep-2025,212512,46 52.333400 N,061 20.308000 W,5.0,182.4,A,DoorSpread,DoorMaster,0.000000,E,P,52839.000000
Tue Sep 16 18:25:05 2025,16-Sep-2025,212513,46 52.332000 N,061 20.308300 W,5.0,183.4,A,DoorSpread,DoorMaster,0.000000,E,P,52839.000000
Tue Sep 16 18:25:05 2025,16-Sep-2025,212514,46 52.330500 N,061 20.308800 W,5.0,183.8,A,DoorSpread,DoorMaster,0.000000,E,P,52839.000000
Tue Sep 16 18:25:05 2025,16-Sep-2025,212515,46 52.329100 N,061 20.309100 W,5.0,183.6,A,DoorSpread,DoorMaster,0.000000,E,P,52839.000000
Tue Sep 16 18:25:11 2025,16-Sep-2025,212516,46 52.327700 N,061 20.309100 W,4.9,182.6,A,DoorSpread,DoorMaster,7.600000,D,S,312303.000000
Tue Sep 16 18:25:11 2025,16-Sep-2025,212517,46 52.326300 N,061 20.309300 W,4.9,182.8,A,DoorSpread,DoorMaster,7.600000,D,S,312303.000000
Tue Sep 16 18:25:11 2025,16-Sep-2025,212518,46 52.324800 N,061 20.309500 W,4.9,183.1,A,DoorSpread,DoorMaster,7.600000,D,S,312303.000000
Tue Sep 16 18:25:14 2025,16-Sep-2025,212519,46 52.323300 N,061 20.309800 W,4.9,183.7,A,Primary,Headline,2.591837,D,S,130155.000000
Tue Sep 16 18:25:14 2025,16-Sep-2025,212520,46 52.321900 N,061 20.310100 W,4.9,183.6,A,Primary,Headline,2.591837,D,S,130155.000000
Tue Sep 16 18:25:14 2025,16-Sep-2025,212521,46 52.320400 N,061 20.310200 W,5.0,182.7,A,Primary,Headline,2.591837,D,S,130155.000000
Tue Sep 16 18:25:16 2025,16-Sep-2025,212522,46 52.319000 N,061 20.310200 W,4.9,182.2,A,DoorSpread,DoorMaster,5.515000,D,S,303333.000000
Tue Sep 16 18:25:18 2025,16-Sep-2025,212523,46 52.317600 N,061 20.310200 W,4.9,182.2,A,Depth,Depth,35.185185,D,S,97854.000000
Tue Sep 16 18:25:19 2025,16-Sep-2025,212524,46 52.316300 N,061 20.310300 W,4.9,182.4,A,Primary,Headline,2.530612,D,S,109878.000000
Tue Sep 16 18:25:19 2025,16-Sep-2025,212525,46 52.314900 N,061 20.310400 W,4.9,182.6,A,Primary,Headline,2.530612,D,S,109878.000000
Tue Sep 16 18:25:19 2025,16-Sep-2025,212526,46 52.313600 N,061 20.310600 W,4.9,182.4,A,Primary,Headline,2.530612,D,S,109878.000000
Tue Sep 16 18:25:21 2025,16-Sep-2025,212527,46 52.312300 N,061 20.310500 W,4.9,182.0,A,DoorSpread,DoorMaster,0.000000,E,S,327332.000000
Tue Sep 16 18:25:21 2025,16-Sep-2025,212528,46 52.311000 N,061 20.310500 W,4.9,181.8,A,DoorSpread,DoorMaster,0.000000,E,S,327332.000000
Tue Sep 16 18:25:21 2025,16-Sep-2025,212529,46 52.309700 N,061 20.310500 W,4.9,181.9,A,DoorSpread,DoorMaster,0.000000,E,S,327332.000000
Tue Sep 16 18:25:24 2025,16-Sep-2025,212530,46 52.308400 N,061 20.310600 W,4.9,182.2,A,Primary,Headline,17.387755,D,S,180781.000000
Tue Sep 16 18:25:25 2025,16-Sep-2025,212531,46 52.307100 N,061 20.310600 W,4.9,182.1,A,Depth,Depth,36.018519,D,P,178171.000000
Tue Sep 16 18:25:26 2025,16-Sep-2025,212532,46 52.305700 N,061 20.310500 W,4.9,181.6,A,DoorSpread,DoorMaster,0.000000,E,S,311961.000000
Tue Sep 16 18:25:26 2025,16-Sep-2025,212533,46 52.304400 N,061 20.310400 W,4.9,181.1,A,DoorSpread,DoorMaster,0.000000,E,S,311961.000000
Tue Sep 16 18:25:26 2025,16-Sep-2025,212534,46 52.303000 N,061 20.310400 W,4.9,181.3,A,DoorSpread,DoorMaster,0.000000,E,S,311961.000000
Tue Sep 16 18:25:29 2025,16-Sep-2025,212535,46 52.301700 N,061 20.310500 W,5.0,181.6,A,Primary,Headline,30.122449,D,S,60301.000000
Tue Sep 16 18:25:29 2025,16-Sep-2025,212536,46 52.300400 N,061 20.310400 W,4.9,181.8,A,Primary,Headline,30.122449,D,S,60301.000000
Tue Sep 16 18:25:31 2025,16-Sep-2025,212537,46 52.299100 N,061 20.310200 W,4.9,181.5,A,DoorSpread,DoorMaster,0.000000,E,S,280800.000000
Tue Sep 16 18:25:32 2025,16-Sep-2025,212538,46 52.297700 N,061 20.310100 W,4.9,181.0,A,Depth,Depth,40.277778,D,S,114711.000000
Tue Sep 16 18:25:32 2025,16-Sep-2025,212539,46 52.296500 N,061 20.310200 W,4.9,181.2,A,Depth,Depth,40.277778,D,S,114711.000000
Tue Sep 16 18:25:32 2025,16-Sep-2025,212540,46 52.295200 N,061 20.310500 W,4.9,181.6,A,Depth,Depth,40.277778,D,S,114711.000000
Tue Sep 16 18:25:35 2025,16-Sep-2025,212541,46 52.293900 N,061 20.310600 W,4.9,181.7,A,Primary,Headline,26.836735,D,P,134680.000000
Tue Sep 16 18:25:36 2025,16-Sep-2025,212542,46 52.292600 N,061 20.310600 W,4.9,180.9,A,DoorSpread,DoorMaster,0.000000,E,S,115340.000000
Tue Sep 16 18:25:36 2025,16-Sep-2025,212543,46 52.291200 N,061 20.310600 W,4.9,180.7,A,DoorSpread,DoorMaster,0.000000,E,S,115340.000000
Tue Sep 16 18:25:36 2025,16-Sep-2025,212544,46 52.289700 N,061 20.310600 W,4.9,181.1,A,DoorSpread,DoorMaster,0.000000,E,S,115340.000000
Tue Sep 16 18:25:39 2025,16-Sep-2025,212545,46 52.288300 N,061 20.310700 W,4.9,181.5,A,Depth,Depth,40.925926,D,S,186373.000000
Tue Sep 16 18:25:40 2025,16-Sep-2025,212546,46 52.286900 N,061 20.310600 W,4.9,181.1,A,Primary,Headline,25.265306,D,S,199482.000000
Tue Sep 16 18:25:41 2025,16-Sep-2025,212547,46 52.285500 N,061 20.310500 W,4.9,180.7,A,DoorSpread,DoorMaster,0.000000,E,S,160352.000000
Tue Sep 16 18:25:41 2025,16-Sep-2025,212548,46 52.284100 N,061 20.310400 W,4.9,180.5,A,DoorSpread,DoorMaster,0.000000,E,S,160352.000000
Tue Sep 16 18:25:41 2025,16-Sep-2025,212549,46 52.282700 N,061 20.310400 W,4.9,180.8,A,DoorSpread,DoorMaster,0.000000,E,S,160352.000000
Tue Sep 16 18:25:41 2025,16-Sep-2025,212550,46 52.281400 N,061 20.310400 W,4.9,181.2,A,DoorSpread,DoorMaster,0.000000,E,S,160352.000000
Tue Sep 16 18:25:46 2025,16-Sep-2025,212551,46 52.280000 N,061 20.310500 W,4.9,181.2,A,Primary,Headline,24.530612,D,S,222412.000000
Tue Sep 16 18:25:46 2025,16-Sep-2025,212552,46 52.278700 N,061 20.310500 W,4.9,181.2,A,DoorSpread,DoorMaster,0.000000,E,S,183940.000000
Tue Sep 16 18:25:46 2025,16-Sep-2025,212553,46 52.277500 N,061 20.310500 W,4.9,181.2,A,DoorSpread,DoorMaster,0.000000,E,S,183940.000000
Tue Sep 16 18:25:46 2025,16-Sep-2025,212554,46 52.276200 N,061 20.310400 W,4.9,180.9,A,DoorSpread,DoorMaster,0.000000,E,S,183940.000000
Tue Sep 16 18:25:46 2025,16-Sep-2025,212555,46 52.274800 N,061 20.310300 W,4.9,180.7,A,DoorSpread,DoorMaster,0.000000,E,S,183940.000000
Tue Sep 16 18:25:46 2025,16-Sep-2025,212556,46 52.273500 N,061 20.310400 W,4.9,180.7,A,DoorSpread,DoorMaster,0.000000,E,S,183940.000000
Tue Sep 16 18:25:51 2025,16-Sep-2025,212557,46 52.272200 N,061 20.310500 W,4.9,180.5,A,Primary,Headline,21.959184,D,S,217837.000000
Tue Sep 16 18:25:52 2025,16-Sep-2025,212558,46 52.270900 N,061 20.310500 W,4.9,180.4,A,DoorSpread,DoorMaster,5.910000,D,S,282369.000000
Tue Sep 16 18:25:53 2025,16-Sep-2025,212559,46 52.269600 N,061 20.310600 W,4.9,180.6,A,Depth,Depth,45.000000,D,S,190289.000000
Tue Sep 16 18:25:53 2025,16-Sep-2025,212600,46 52.268200 N,061 20.310700 W,4.9,180.8,A,Depth,Depth,45.000000,D,S,190289.000000
Tue Sep 16 18:25:53 2025,16-Sep-2025,212601,46 52.266800 N,061 20.310700 W,4.9,180.8,A,Depth,Depth,45.000000,D,S,190289.000000
Tue Sep 16 18:25:56 2025,16-Sep-2025,212602,46 52.265400 N,061 20.310800 W,4.9,181.1,A,Primary,Headline,22.285714,D,S,208776.000000
Tue Sep 16 18:25:57 2025,16-Sep-2025,212603,46 52.264000 N,061 20.310900 W,4.9,181.5,A,DoorSpread,DoorMaster,0.000000,E,S,351987.000000
Tue Sep 16 18:25:57 2025,16-Sep-2025,212604,46 52.262600 N,061 20.310800 W,4.9,181.1,A,DoorSpread,DoorMaster,0.000000,E,S,351987.000000
Tue Sep 16 18:25:57 2025,16-Sep-2025,212605,46 52.261200 N,061 20.310800 W,4.9,180.4,A,DoorSpread,DoorMaster,0.000000,E,S,351987.000000
Tue Sep 16 18:26:01 2025,16-Sep-2025,212606,46 52.259700 N,061 20.310800 W,4.9,180.5,A,Depth,Depth,46.944444,D,S,156945.000000
Tue Sep 16 18:26:02 2025,16-Sep-2025,212607,46 52.258300 N,061 20.310900 W,4.9,181.5,A,Primary,Headline,20.469388,D,P,169749.000000
Tue Sep 16 18:26:02 2025,16-Sep-2025,212608,46 52.256800 N,061 20.311000 W,4.9,182.1,A,DoorSpread,DoorMaster,0.000000,E,S,340309.000000
Tue Sep 16 18:26:02 2025,16-Sep-2025,212609,46 52.255200 N,061 20.311200 W,4.9,182.4,A,DoorSpread,DoorMaster,0.000000,E,S,340309.000000
Tue Sep 16 18:26:02 2025,16-Sep-2025,212610,46 52.253700 N,061 20.311400 W,4.9,182.3,A,DoorSpread,DoorMaster,0.000000,E,S,340309.000000
Tue Sep 16 18:26:02 2025,16-Sep-2025,212611,46 52.252300 N,061 20.311500 W,4.8,181.8,A,DoorSpread,DoorMaster,0.000000,E,S,340309.000000
Tue Sep 16 18:26:02 2025,16-Sep-2025,212612,46 52.251000 N,061 20.311600 W,4.7,181.6,A,DoorSpread,DoorMaster,0.000000,E,S,340309.000000
Tue Sep 16 18:26:07 2025,16-Sep-2025,212613,46 52.249700 N,061 20.311700 W,4.7,181.9,A,DoorSpread,DoorMaster,0.000000,E,S,254978.000000
Tue Sep 16 18:26:08 2025,16-Sep-2025,212614,46 52.248600 N,061 20.312000 W,4.6,182.4,A,Depth,Depth,48.703704,D,S,203812.000000
Tue Sep 16 18:26:08 2025,16-Sep-2025,212615,46 52.247600 N,061 20.312200 W,4.4,182.6,A,Depth,Depth,48.703704,D,S,203812.000000
Tue Sep 16 18:26:08 2025,16-Sep-2025,212616,46 52.246500 N,061 20.312200 W,4.3,182.7,A,Depth,Depth,48.703704,D,S,203812.000000
Tue Sep 16 18:26:08 2025,16-Sep-2025,212617,46 52.245600 N,061 20.312200 W,4.2,182.7,A,Depth,Depth,48.703704,D,S,203812.000000
Tue Sep 16 18:26:12 2025,16-Sep-2025,212618,46 52.244600 N,061 20.312100 W,4.1,182.7,A,Primary,Headline,17.367347,D,S,172419.000000
Tue Sep 16 18:26:12 2025,16-Sep-2025,212619,46 52.243800 N,061 20.312100 W,3.9,182.7,A,Primary,Headline,17.367347,D,S,172419.000000
Tue Sep 16 18:26:12 2025,16-Sep-2025,212620,46 52.243000 N,061 20.312200 W,3.8,182.8,A,Primary,Headline,17.367347,D,S,172419.000000
Tue Sep 16 18:26:15 2025,16-Sep-2025,212621,46 52.242200 N,061 20.312300 W,3.7,183.0,A,Depth,Depth,49.537037,D,S,172694.000000
Tue Sep 16 18:26:15 2025,16-Sep-2025,212622,46 52.241400 N,061 20.312400 W,3.5,183.0,A,Depth,Depth,49.537037,D,S,172694.000000
Tue Sep 16 18:26:18 2025,16-Sep-2025,212623,46 52.240700 N,061 20.312400 W,3.4,183.0,A,Primary,Headline,15.571429,D,S,178748.000000
Tue Sep 16 18:26:18 2025,16-Sep-2025,212624,46 52.240100 N,061 20.312500 W,3.3,182.9,A,Primary,Headline,15.571429,D,S,178748.000000
Tue Sep 16 18:26:18 2025,16-Sep-2025,212625,46 52.239500 N,061 20.312500 W,3.2,183.1,A,Primary,Headline,15.571429,D,S,178748.000000
Tue Sep 16 18:26:18 2025,16-Sep-2025,212626,46 52.238800 N,061 20.312600 W,3.1,183.3,A,Primary,Headline,15.571429,D,S,178748.000000
Tue Sep 16 18:26:18 2025,16-Sep-2025,212627,46 52.238100 N,061 20.312600 W,3.0,183.4,A,Primary,Headline,15.571429,D,S,178748.000000
Tue Sep 16 18:26:22 2025,16-Sep-2025,212628,46 52.237500 N,061 20.312600 W,2.9,183.4,A,Depth,Depth,92.222222,D,P,9934.000000
Tue Sep 16 18:26:23 2025,16-Sep-2025,212629,46 52.236900 N,061 20.312700 W,2.8,183.5,A,Primary,Headline,14.102041,D,P,176632.000000
Tue Sep 16 18:26:23 2025,16-Sep-2025,212630,46 52.236400 N,061 20.312700 W,2.7,183.7,A,Primary,Headline,14.102041,D,P,176632.000000
Tue Sep 16 18:26:23 2025,16-Sep-2025,212631,46 52.235800 N,061 20.312700 W,2.6,183.9,A,Primary,Headline,14.102041,D,P,176632.000000
Tue Sep 16 18:26:23 2025,16-Sep-2025,212632,46 52.235300 N,061 20.312700 W,2.6,184.0,A,Primary,Headline,14.102041,D,P,176632.000000
Tue Sep 16 18:26:27 2025,16-Sep-2025,212633,46 52.234700 N,061 20.312800 W,2.4,184.0,A,DoorSpread,DoorMaster,0.000000,E,S,159287.000000
Tue Sep 16 18:26:28 2025,16-Sep-2025,212634,46 52.234200 N,061 20.312800 W,2.4,184.1,A,Primary,Headline,13.510204,D,P,193443.000000
Tue Sep 16 18:26:29 2025,16-Sep-2025,212635,46 52.233600 N,061 20.313000 W,2.4,184.3,A,Depth,Depth,28.333333,D,S,415459.000000
Tue Sep 16 18:26:29 2025,16-Sep-2025,212636,46 52.233100 N,061 20.313200 W,2.4,184.4,A,Depth,Depth,28.333333,D,S,415459.000000
Tue Sep 16 18:26:29 2025,16-Sep-2025,212637,46 52.232600 N,061 20.313300 W,2.2,184.5,A,Depth,Depth,28.333333,D,S,415459.000000
Tue Sep 16 18:26:32 2025,16-Sep-2025,212638,46 52.232100 N,061 20.313400 W,2.2,184.6,A,DoorSpread,DoorMaster,0.000000,E,S,159892.000000
Tue Sep 16 18:26:33 2025,16-Sep-2025,212639,46 52.231600 N,061 20.313700 W,2.2,184.9,A,Primary,Headline,11.653061,D,P,214876.000000
Tue Sep 16 18:26:33 2025,16-Sep-2025,212640,46 52.231100 N,061 20.313800 W,2.2,185.0,A,Primary,Headline,11.653061,D,P,214876.000000
Tue Sep 16 18:26:33 2025,16-Sep-2025,212641,46 52.230600 N,061 20.313900 W,2.1,185.0,A,Primary,Headline,11.653061,D,P,214876.000000
Tue Sep 16 18:26:37 2025,16-Sep-2025,212642,46 52.230100 N,061 20.314000 W,2.0,185.0,A,Depth,Depth,55.462963,D,P,96371.000000
Tue Sep 16 18:26:37 2025,16-Sep-2025,212643,46 52.229600 N,061 20.314200 W,2.0,185.5,A,DoorSpread,DoorMaster,0.000000,E,S,87620.000000
Tue Sep 16 18:26:38 2025,16-Sep-2025,212644,46 52.229000 N,061 20.314500 W,2.1,185.8,A,Primary,Headline,11.102041,D,S,203257.000000
Tue Sep 16 18:26:38 2025,16-Sep-2025,212645,46 52.228300 N,061 20.314600 W,2.1,185.9,A,Primary,Headline,11.102041,D,S,203257.000000
Tue Sep 16 18:26:38 2025,16-Sep-2025,212646,46 52.227700 N,061 20.314700 W,2.1,185.8,A,Primary,Headline,11.102041,D,S,203257.000000
Tue Sep 16 18:26:38 2025,16-Sep-2025,212647,46 52.227200 N,061 20.314800 W,2.1,185.7,A,Primary,Headline,11.102041,D,S,203257.000000
Tue Sep 16 18:26:42 2025,16-Sep-2025,212648,46 52.226500 N,061 20.314800 W,2.1,185.5,A,DoorSpread,DoorMaster,0.000000,E,P,90896.000000
Tue Sep 16 18:26:43 2025,16-Sep-2025,212649,46 52.225900 N,061 20.314800 W,2.2,185.5,A,Primary,Headline,9.000000,D,S,135076.000000
Tue Sep 16 18:26:44 2025,16-Sep-2025,212650,46 52.225300 N,061 20.315000 W,2.2,185.7,A,Depth,Depth,57.777778,D,P,114753.000000
Tue Sep 16 18:26:44 2025,16-Sep-2025,212651,46 52.224700 N,061 20.315100 W,2.2,186.0,A,Depth,Depth,57.777778,D,P,114753.000000
Tue Sep 16 18:26:44 2025,16-Sep-2025,212652,46 52.224100 N,061 20.315200 W,2.2,186.1,A,Depth,Depth,57.777778,D,P,114753.000000
Tue Sep 16 18:26:44 2025,16-Sep-2025,212653,46 52.223400 N,061 20.315100 W,2.2,185.7,A,Depth,Depth,57.777778,D,P,114753.000000
Tue Sep 16 18:26:49 2025,16-Sep-2025,212654,46 52.222600 N,061 20.315100 W,2.2,185.3,A,Primary,Headline,6.836735,D,S,67743.000000
Tue Sep 16 18:26:49 2025,16-Sep-2025,212655,46 52.221900 N,061 20.315200 W,2.2,185.4,A,Primary,Headline,6.836735,D,S,67743.000000
Tue Sep 16 18:26:49 2025,16-Sep-2025,212656,46 52.221300 N,061 20.315400 W,2.2,185.8,A,Primary,Headline,6.836735,D,S,67743.000000
Tue Sep 16 18:26:51 2025,16-Sep-2025,212657,46 52.220600 N,061 20.315600 W,2.3,186.1,A,Depth,Depth,59.259259,D,S,82814.000000
Tue Sep 16 18:26:51 2025,16-Sep-2025,212658,46 52.220000 N,061 20.315700 W,2.3,186.0,A,Depth,Depth,59.259259,D,S,82814.000000
Tue Sep 16 18:26:54 2025,16-Sep-2025,212659,46 52.219300 N,061 20.315800 W,2.3,185.7,A,Primary,Headline,5.959184,D,S,112313.000000
Tue Sep 16 18:26:54 2025,16-Sep-2025,212700,46 52.218600 N,061 20.316000 W,2.2,185.6,A,Primary,Headline,5.959184,D,S,112313.000000
Tue Sep 16 18:26:54 2025,16-Sep-2025,212701,46 52.218100 N,061 20.316300 W,2.2,185.9,A,Primary,Headline,5.959184,D,S,112313.000000
Tue Sep 16 18:26:54 2025,16-Sep-2025,212702,46 52.217400 N,061 20.316500 W,2.3,186.6,A,Primary,Headline,5.959184,D,S,112313.000000
Tue Sep 16 18:26:54 2025,16-Sep-2025,212703,46 52.216800 N,061 20.316700 W,2.3,186.8,A,Primary,Headline,5.959184,D,S,112313.000000
Tue Sep 16 18:26:59 2025,16-Sep-2025,212704,46 52.216200 N,061 20.316800 W,2.3,186.5,A,Primary,Headline,3.979592,D,P,323055.000000
Tue Sep 16 18:26:59 2025,16-Sep-2025,212705,46 52.215800 N,061 20.316700 W,2.2,186.3,A,Primary,Headline,4.122449,D,S,225563.000000
Tue Sep 16 18:26:59 2025,16-Sep-2025,212706,46 52.215200 N,061 20.316800 W,2.3,186.3,A,Primary,Headline,4.122449,D,S,225563.000000
Tue Sep 16 18:26:59 2025,16-Sep-2025,212707,46 52.214600 N,061 20.317000 W,2.3,186.4,A,Primary,Headline,4.122449,D,S,225563.000000
Tue Sep 16 18:26:59 2025,16-Sep-2025,212708,46 52.214000 N,061 20.317100 W,2.2,186.6,A,Primary,Headline,4.122449,D,S,225563.000000
Tue Sep 16 18:26:59 2025,16-Sep-2025,212709,46 52.213500 N,061 20.317300 W,2.2,186.6,A,Primary,Headline,4.122449,D,S,225563.000000
Tue Sep 16 18:27:04 2025,16-Sep-2025,212710,46 52.212700 N,061 20.317400 W,2.3,186.5,A,DoorSpread,DoorMaster,6.160000,D,P,212989.000000
Tue Sep 16 18:27:06 2025,16-Sep-2025,212711,46 52.212000 N,061 20.317500 W,2.3,186.4,A,Depth,Depth,63.981481,D,S,121572.000000
Tue Sep 16 18:27:06 2025,16-Sep-2025,212712,46 52.211300 N,061 20.317500 W,2.3,186.3,A,Depth,Depth,63.981481,D,S,121572.000000
Tue Sep 16 18:27:06 2025,16-Sep-2025,212713,46 52.210800 N,061 20.317500 W,2.3,186.3,A,Depth,Depth,63.981481,D,S,121572.000000
Tue Sep 16 18:27:06 2025,16-Sep-2025,212714,46 52.210200 N,061 20.317500 W,2.3,186.1,A,Depth,Depth,63.981481,D,S,121572.000000
Tue Sep 16 18:27:10 2025,16-Sep-2025,212715,46 52.209600 N,061 20.317500 W,2.3,185.8,A,DoorSpread,DoorMaster,6.495000,D,S,332358.000000
Tue Sep 16 18:27:10 2025,16-Sep-2025,212716,46 52.209100 N,061 20.317600 W,2.2,185.7,A,DoorSpread,DoorMaster,6.495000,D,S,332358.000000
Tue Sep 16 18:27:10 2025,16-Sep-2025,212717,46 52.208600 N,061 20.317700 W,2.2,185.9,A,DoorSpread,DoorMaster,6.495000,D,S,332358.000000
Tue Sep 16 18:27:10 2025,16-Sep-2025,212718,46 52.207900 N,061 20.317800 W,2.3,185.8,A,DoorSpread,DoorMaster,6.495000,D,S,332358.000000
Tue Sep 16 18:27:13 2025,16-Sep-2025,212719,46 52.207400 N,061 20.317900 W,2.2,185.8,A,Depth,Depth,64.907407,D,S,311385.000000
Tue Sep 16 18:27:14 2025,16-Sep-2025,212720,46 52.206900 N,061 20.317800 W,2.1,185.5,A,Primary,Headline,2.020408,D,S,350012.000000
Tue Sep 16 18:27:15 2025,16-Sep-2025,212721,46 52.206300 N,061 20.317900 W,2.2,185.3,A,DoorSpread,DoorMaster,7.485000,D,P,128452.000000
Tue Sep 16 18:27:15 2025,16-Sep-2025,212722,46 52.205700 N,061 20.318100 W,2.2,185.6,A,DoorSpread,DoorMaster,7.485000,D,P,128452.000000
Tue Sep 16 18:27:15 2025,16-Sep-2025,212723,46 52.205200 N,061 20.318400 W,2.2,186.0,A,DoorSpread,DoorMaster,7.485000,D,P,128452.000000
Tue Sep 16 18:27:15 2025,16-Sep-2025,212724,46 52.204600 N,061 20.318500 W,2.1,186.2,A,DoorSpread,DoorMaster,7.485000,D,P,128452.000000
Tue Sep 16 18:27:19 2025,16-Sep-2025,212725,46 52.204100 N,061 20.318400 W,2.1,185.7,A,Primary,Headline,2.142857,D,S,181627.000000
Tue Sep 16 18:27:20 2025,16-Sep-2025,212726,46 52.203500 N,061 20.318400 W,2.1,185.4,A,Depth,Depth,65.370370,D,S,133473.000000
Tue Sep 16 18:27:21 2025,16-Sep-2025,212727,46 52.202900 N,061 20.318500 W,2.1,185.1,A,DoorSpread,DoorMaster,8.025000,D,P,111055.000000
Tue Sep 16 18:27:21 2025,16-Sep-2025,212728,46 52.202400 N,061 20.318600 W,2.1,185.2,A,DoorSpread,DoorMaster,8.025000,D,P,111055.000000
Tue Sep 16 18:27:21 2025,16-Sep-2025,212729,46 52.201900 N,061 20.318800 W,2.0,185.3,A,DoorSpread,DoorMaster,8.025000,D,P,111055.000000
Tue Sep 16 18:27:24 2025,16-Sep-2025,212730,46 52.201300 N,061 20.318800 W,2.1,184.9,A,Primary,Headline,1.979592,D,S,388932.000000
Tue Sep 16 18:27:24 2025,16-Sep-2025,212731,46 52.200500 N,061 20.318800 W,2.2,184.4,A,Primary,Headline,1.979592,D,S,388932.000000
Tue Sep 16 18:27:27 2025,16-Sep-2025,212732,46 52.199900 N,061 20.318900 W,2.1,184.2,A,DoorSpread,DoorMaster,8.280000,D,S,545842.000000
Tue Sep 16 18:27:27 2025,16-Sep-2025,212733,46 52.199400 N,061 20.319000 W,2.0,184.1,A,Depth,Depth,65.277778,D,S,334103.000000
Tue Sep 16 18:27:27 2025,16-Sep-2025,212734,46 52.198900 N,061 20.319200 W,2.0,184.1,A,Depth,Depth,65.277778,D,S,334103.000000
Tue Sep 16 18:27:29 2025,16-Sep-2025,212735,46 52.198400 N,061 20.319300 W,2.0,184.2,A,Primary,Headline,1.510204,D,S,303713.000000
Tue Sep 16 18:27:29 2025,16-Sep-2025,212736,46 52.197800 N,061 20.319400 W,2.1,184.4,A,Primary,Headline,1.510204,D,S,303713.000000
Tue Sep 16 18:27:29 2025,16-Sep-2025,212737,46 52.197100 N,061 20.319500 W,2.1,184.6,A,Primary,Headline,1.510204,D,S,303713.000000
Tue Sep 16 18:27:32 2025,16-Sep-2025,212738,46 52.196600 N,061 20.319600 W,2.1,184.8,A,DoorSpread,DoorMaster,8.800000,D,S,295729.000000
Tue Sep 16 18:27:32 2025,16-Sep-2025,212739,46 52.196100 N,061 20.319600 W,2.0,184.8,A,DoorSpread,DoorMaster,8.800000,D,S,295729.000000
Tue Sep 16 18:27:34 2025,16-Sep-2025,212740,46 52.195600 N,061 20.319600 W,2.0,184.8,A,Depth,Depth,66.018519,D,S,220545.000000
Tue Sep 16 18:27:34 2025,16-Sep-2025,212741,46 52.195100 N,061 20.319700 W,2.1,185.3,A,Depth,Depth,66.018519,D,S,220545.000000
Tue Sep 16 18:27:34 2025,16-Sep-2025,212742,46 52.194400 N,061 20.319800 W,2.2,185.7,A,Depth,Depth,66.018519,D,S,220545.000000
Tue Sep 16 18:27:34 2025,16-Sep-2025,212743,46 52.193900 N,061 20.319900 W,2.2,185.9,A,Depth,Depth,66.018519,D,S,220545.000000
Tue Sep 16 18:27:38 2025,16-Sep-2025,212744,46 52.193300 N,061 20.319900 W,2.2,185.7,A,DoorSpread,DoorMaster,8.880000,D,P,95917.000000
Tue Sep 16 18:27:39 2025,16-Sep-2025,212745,46 52.192700 N,061 20.319900 W,2.2,185.4,A,Primary,Headline,1.387755,D,S,117690.000000
Tue Sep 16 18:27:39 2025,16-Sep-2025,212746,46 52.191900 N,061 20.319900 W,2.2,185.0,A,Primary,Headline,1.387755,D,S,117690.000000
Tue Sep 16 18:27:39 2025,16-Sep-2025,212747,46 52.191300 N,061 20.320000 W,2.2,184.9,A,Primary,Headline,1.387755,D,S,117690.000000
Tue Sep 16 18:27:42 2025,16-Sep-2025,212748,46 52.190600 N,061 20.320200 W,2.2,185.1,A,Depth,Depth,66.296296,D,S,235610.000000
Tue Sep 16 18:27:43 2025,16-Sep-2025,212749,46 52.189900 N,061 20.320300 W,2.3,185.6,A,DoorSpread,DoorMaster,0.000000,E,S,63209.000000
Tue Sep 16 18:27:44 2025,16-Sep-2025,212750,46 52.189100 N,061 20.320300 W,2.4,185.7,A,Primary,Headline,1.673469,D,P,313054.000000
Tue Sep 16 18:27:44 2025,16-Sep-2025,212751,46 52.188500 N,061 20.320100 W,2.3,185.4,A,Primary,Headline,1.673469,D,P,313054.000000
Tue Sep 16 18:27:44 2025,16-Sep-2025,212752,46 52.188000 N,061 20.320000 W,2.2,185.2,A,Primary,Headline,1.673469,D,P,313054.000000
Tue Sep 16 18:27:44 2025,16-Sep-2025,212753,46 52.187300 N,061 20.320200 W,2.3,185.7,A,Primary,Headline,1.673469,D,P,313054.000000
Tue Sep 16 18:27:48 2025,16-Sep-2025,212754,46 52.186500 N,061 20.320500 W,2.4,186.4,A,DoorSpread,DoorMaster,0.000000,E,S,70300.000000
Tue Sep 16 18:27:49 2025,16-Sep-2025,212755,46 52.185700 N,061 20.320800 W,2.3,186.8,A,Primary,Headline,1.326531,D,S,141135.000000
Tue Sep 16 18:27:49 2025,16-Sep-2025,212756,46 52.185100 N,061 20.320800 W,2.3,186.7,A,Primary,Headline,1.326531,D,S,141135.000000
Tue Sep 16 18:27:49 2025,16-Sep-2025,212757,46 52.184500 N,061 20.320700 W,2.3,186.3,A,Primary,Headline,1.326531,D,S,141135.000000
Tue Sep 16 18:27:49 2025,16-Sep-2025,212758,46 52.183900 N,061 20.320700 W,2.3,186.0,A,Primary,Headline,1.326531,D,S,141135.000000
Tue Sep 16 18:27:53 2025,16-Sep-2025,212759,46 52.183300 N,061 20.320700 W,2.3,186.0,A,DoorSpread,DoorMaster,0.000000,E,S,172178.000000
Tue Sep 16 18:27:54 2025,16-Sep-2025,212800,46 52.182800 N,061 20.321000 W,2.2,186.4,A,Primary,Headline,1.591837,D,S,306516.000000
Tue Sep 16 18:27:54 2025,16-Sep-2025,212801,46 52.182200 N,061 20.321300 W,2.2,186.7,A,Primary,Headline,1.591837,D,S,306516.000000
Tue Sep 16 18:27:56 2025,16-Sep-2025,212802,46 52.181700 N,061 20.321400 W,2.2,186.8,A,Depth,Depth,63.796296,D,P,57922.000000
Tue Sep 16 18:27:56 2025,16-Sep-2025,212803,46 52.181100 N,061 20.321500 W,2.2,186.7,A,Depth,Depth,63.796296,D,P,57922.000000
Tue Sep 16 18:27:58 2025,16-Sep-2025,212804,46 52.180500 N,061 20.321600 W,2.1,186.6,A,DoorSpread,DoorMaster,0.000000,E,S,107099.000000
Tue Sep 16 18:27:59 2025,16-Sep-2025,212805,46 52.180000 N,061 20.321700 W,2.1,186.5,A,Primary,Headline,1.653061,D,S,269781.000000
Tue Sep 16 18:27:59 2025,16-Sep-2025,212806,46 52.179500 N,061 20.321800 W,2.0,186.7,A,Primary,Headline,1.653061,D,S,269781.000000
Tue Sep 16 18:27:59 2025,16-Sep-2025,212807,46 52.178900 N,061 20.322100 W,2.0,187.0,A,Primary,Headline,1.653061,D,S,269781.000000
Tue Sep 16 18:27:59 2025,16-Sep-2025,212808,46 52.178300 N,061 20.322200 W,2.0,187.4,A,Primary,Headline,1.653061,D,S,269781.000000
Tue Sep 16 18:28:04 2025,16-Sep-2025,212809,46 52.177600 N,061 20.322300 W,2.0,187.4,A,Depth,Depth,73.148148,D,S,296845.000000
Tue Sep 16 18:28:04 2025,16-Sep-2025,212810,46 52.177000 N,061 20.322300 W,2.0,187.3,A,Primary,Headline,1.775510,D,P,157824.000000
Tue Sep 16 18:28:04 2025,16-Sep-2025,212811,46 52.176400 N,061 20.322300 W,2.0,187.3,A,Primary,Headline,1.775510,D,P,157824.000000
Tue Sep 16 18:28:04 2025,16-Sep-2025,212812,46 52.175900 N,061 20.322400 W,1.9,187.3,A,Primary,Headline,1.775510,D,P,157824.000000
Tue Sep 16 18:28:04 2025,16-Sep-2025,212813,46 52.175200 N,061 20.322400 W,1.9,187.4,A,Primary,Headline,1.775510,D,P,157824.000000
Tue Sep 16 18:28:08 2025,16-Sep-2025,212814,46 52.174500 N,061 20.322600 W,2.0,187.6,A,DoorSpread,DoorMaster,0.000000,E,P,247450.000000
Tue Sep 16 18:28:09 2025,16-Sep-2025,212815,46 52.173800 N,061 20.322800 W,2.0,187.8,A,Primary,Headline,1.632653,D,S,276538.000000
Tue Sep 16 18:28:09 2025,16-Sep-2025,212816,46 52.173300 N,061 20.322900 W,1.9,188.0,A,Primary,Headline,1.632653,D,S,276538.000000
Tue Sep 16 18:28:11 2025,16-Sep-2025,212817,46 52.172700 N,061 20.323000 W,1.9,187.9,A,Depth,Depth,58.703704,D,S,219384.000000
Tue Sep 16 18:28:11 2025,16-Sep-2025,212818,46 52.172200 N,061 20.323000 W,1.9,187.8,A,Depth,Depth,58.703704,D,S,219384.000000
Tue Sep 16 18:28:13 2025,16-Sep-2025,212819,46 52.171600 N,061 20.323100 W,1.9,187.8,A,DoorSpread,DoorMaster,0.000000,E,P,57054.000000
Tue Sep 16 18:28:14 2025,16-Sep-2025,212820,46 52.171000 N,061 20.323400 W,1.9,188.3,A,Primary,Headline,2.163265,D,P,106797.000000
Tue Sep 16 18:28:14 2025,16-Sep-2025,212821,46 52.170400 N,061 20.323700 W,2.0,188.8,A,Primary,Headline,2.163265,D,P,106797.000000
Tue Sep 16 18:28:14 2025,16-Sep-2025,212822,46 52.169700 N,061 20.323800 W,2.0,188.8,A,Primary,Headline,2.163265,D,P,106797.000000
Tue Sep 16 18:28:14 2025,16-Sep-2025,212823,46 52.169100 N,061 20.323900 W,2.0,188.8,A,Primary,Headline,2.163265,D,P,106797.000000
Tue Sep 16 18:28:18 2025,16-Sep-2025,212824,46 52.168600 N,061 20.324000 W,2.0,188.7,A,DoorSpread,DoorMaster,0.000000,E,S,97727.000000
Tue Sep 16 18:28:19 2025,16-Sep-2025,212825,46 52.168000 N,061 20.324100 W,2.0,188.7,A,Primary,Headline,1.551020,D,S,232553.000000
Tue Sep 16 18:28:19 2025,16-Sep-2025,212826,46 52.167400 N,061 20.324200 W,2.1,188.9,A,Primary,Headline,1.551020,D,S,232553.000000
Tue Sep 16 18:28:19 2025,16-Sep-2025,212827,46 52.166800 N,061 20.324300 W,2.1,189.0,A,Primary,Headline,1.551020,D,S,232553.000000
Tue Sep 16 18:28:19 2025,16-Sep-2025,212828,46 52.166200 N,061 20.324400 W,2.0,189.1,A,Primary,Headline,1.551020,D,S,232553.000000
Tue Sep 16 18:28:24 2025,16-Sep-2025,212829,46 52.165700 N,061 20.324400 W,2.1,188.6,A,DoorSpread,DoorMaster,0.000000,E,S,107610.000000
Tue Sep 16 18:28:24 2025,16-Sep-2025,212830,46 52.165100 N,061 20.324300 W,2.1,188.1,A,Primary,Headline,1.918367,D,P,50556.000000
Tue Sep 16 18:28:25 2025,16-Sep-2025,212831,46 52.164400 N,061 20.324300 W,2.2,187.6,A,Depth,Depth,66.203704,D,S,94992.000000
Tue Sep 16 18:28:25 2025,16-Sep-2025,212832,46 52.163900 N,061 20.324400 W,2.1,187.4,A,Depth,Depth,66.203704,D,S,94992.000000
Tue Sep 16 18:28:25 2025,16-Sep-2025,212833,46 52.163400 N,061 20.324500 W,2.1,187.3,A,Depth,Depth,66.203704,D,S,94992.000000
Tue Sep 16 18:28:29 2025,16-Sep-2025,212834,46 52.162800 N,061 20.324400 W,2.2,186.9,A,DoorSpread,DoorMaster,0.000000,E,S,68315.000000
Tue Sep 16 18:28:29 2025,16-Sep-2025,212835,46 52.162200 N,061 20.324500 W,2.2,186.6,A,Primary,Headline,1.612245,D,P,87759.000000
Tue Sep 16 18:28:29 2025,16-Sep-2025,212836,46 52.161600 N,061 20.324500 W,2.2,186.4,A,Primary,Headline,1.612245,D,P,87759.000000
Tue Sep 16 18:28:29 2025,16-Sep-2025,212837,46 52.161100 N,061 20.324600 W,2.1,186.4,A,Primary,Headline,1.612245,D,P,87759.000000
Tue Sep 16 18:28:32 2025,16-Sep-2025,212838,46 52.160500 N,061 20.324900 W,2.2,186.5,A,Depth,Depth,65.925926,D,S,46652.000000
Tue Sep 16 18:28:33 2025,16-Sep-2025,212839,46 52.159900 N,061 20.325200 W,2.2,186.7,A,DoorSpread,DoorMaster,0.000000,E,S,47498.000000
Tue Sep 16 18:28:34 2025,16-Sep-2025,212840,46 52.159300 N,061 20.325300 W,2.2,186.6,A,Primary,Headline,2.734694,D,S,77805.000000
Tue Sep 16 18:28:34 2025,16-Sep-2025,212841,46 52.158700 N,061 20.325400 W,2.2,186.6,A,Primary,Headline,2.734694,D,S,77805.000000
Tue Sep 16 18:28:34 2025,16-Sep-2025,212842,46 52.158200 N,061 20.325600 W,2.2,186.7,A,Primary,Headline,2.734694,D,S,77805.000000
Tue Sep 16 18:28:34 2025,16-Sep-2025,212843,46 52.157600 N,061 20.325800 W,2.2,187.0,A,Primary,Headline,2.734694,D,S,77805.000000
Tue Sep 16 18:28:39 2025,16-Sep-2025,212844,46 52.157000 N,061 20.325900 W,2.2,187.2,A,DoorSpread,DoorMaster,0.000000,E,P,48937.000000
Tue Sep 16 18:28:39 2025,16-Sep-2025,212845,46 52.156300 N,061 20.326000 W,2.2,187.2,A,Primary,Headline,0.489796,D,S,93213.000000
Tue Sep 16 18:28:40 2025,16-Sep-2025,212846,46 52.155700 N,061 20.326100 W,2.2,187.2,A,Depth,Depth,66.111111,D,P,66692.000000
Tue Sep 16 18:28:40 2025,16-Sep-2025,212847,46 52.155200 N,061 20.326400 W,2.2,187.5,A,Depth,Depth,66.111111,D,P,66692.000000
Tue Sep 16 18:28:40 2025,16-Sep-2025,212848,46 52.154500 N,061 20.326500 W,2.2,187.7,A,Depth,Depth,66.111111,D,P,66692.000000
Tue Sep 16 18:28:44 2025,16-Sep-2025,212849,46 52.153900 N,061 20.326800 W,2.2,187.9,A,DoorSpread,DoorMaster,0.000000,E,P,145372.000000
Tue Sep 16 18:28:44 2025,16-Sep-2025,212850,46 52.153400 N,061 20.327000 W,2.1,188.1,A,Primary,Headline,1.979592,D,P,76600.000000
Tue Sep 16 18:28:44 2025,16-Sep-2025,212851,46 52.152900 N,061 20.327100 W,2.1,188.3,A,Primary,Headline,1.979592,D,P,76600.000000
Tue Sep 16 18:28:44 2025,16-Sep-2025,212852,46 52.152300 N,061 20.327200 W,2.2,188.4,A,Primary,Headline,1.979592,D,P,76600.000000
Tue Sep 16 18:28:47 2025,16-Sep-2025,212853,46 52.151700 N,061 20.327400 W,2.2,188.5,A,Depth,Depth,65.925926,D,P,108257.000000
Tue Sep 16 18:28:49 2025,16-Sep-2025,212854,46 52.151200 N,061 20.327600 W,2.2,188.7,A,DoorSpread,DoorMaster,0.000000,E,S,183771.000000
Tue Sep 16 18:28:49 2025,16-Sep-2025,212855,46 52.150700 N,061 20.327800 W,2.2,188.6,A,Primary,Headline,1.551020,D,S,283473.000000
Tue Sep 16 18:28:49 2025,16-Sep-2025,212856,46 52.150100 N,061 20.328000 W,2.2,188.5,A,Primary,Headline,1.551020,D,S,283473.000000
Tue Sep 16 18:28:49 2025,16-Sep-2025,212857,46 52.149500 N,061 20.328000 W,2.1,188.5,A,Primary,Headline,1.551020,D,S,283473.000000
Tue Sep 16 18:28:49 2025,16-Sep-2025,212858,46 52.148900 N,061 20.328200 W,2.1,188.6,A,Primary,Headline,1.551020,D,S,283473.000000
Tue Sep 16 18:28:54 2025,16-Sep-2025,212859,46 52.148300 N,061 20.328300 W,2.2,188.8,A,DoorSpread,DoorMaster,0.000000,E,P,139347.000000
Tue Sep 16 18:28:55 2025,16-Sep-2025,212900,46 52.147700 N,061 20.328500 W,2.2,189.0,A,Primary,Headline,1.938776,D,P,190576.000000
Tue Sep 16 18:28:55 2025,16-Sep-2025,212901,46 52.147100 N,061 20.328600 W,2.2,188.9,A,Primary,Headline,1.938776,D,P,190576.000000
Tue Sep 16 18:28:55 2025,16-Sep-2025,212902,46 52.146600 N,061 20.328600 W,2.2,188.9,A,Primary,Headline,1.938776,D,P,190576.000000
Tue Sep 16 18:28:55 2025,16-Sep-2025,212903,46 52.146100 N,061 20.328600 W,2.2,189.0,A,Primary,Headline,1.938776,D,P,190576.000000
Tue Sep 16 18:28:59 2025,16-Sep-2025,212904,46 52.145600 N,061 20.328700 W,2.1,189.0,A,DoorSpread,DoorMaster,0.000000,E,P,26239.000000
Tue Sep 16 18:29:00 2025,16-Sep-2025,212905,46 52.145100 N,061 20.328700 W,2.1,188.8,A,Primary,Headline,1.653061,D,S,331054.000000
Tue Sep 16 18:29:00 2025,16-Sep-2025,212906,46 52.144500 N,061 20.328600 W,2.1,188.7,A,Primary,Headline,1.653061,D,S,331054.000000
Tue Sep 16 18:29:01 2025,16-Sep-2025,212907,46 52.143900 N,061 20.328900 W,2.2,188.9,A,Depth,Depth,65.925926,D,S,226340.000000
Tue Sep 16 18:29:01 2025,16-Sep-2025,212908,46 52.143100 N,061 20.329100 W,2.2,189.3,A,Depth,Depth,65.925926,D,S,226340.000000
Tue Sep 16 18:29:01 2025,16-Sep-2025,212909,46 52.142500 N,061 20.329200 W,2.2,189.2,A,Depth,Depth,65.925926,D,S,226340.000000
Tue Sep 16 18:29:05 2025,16-Sep-2025,212910,46 52.141900 N,061 20.329200 W,2.1,188.8,A,Primary,Headline,1.979592,D,S,194867.000000
Tue Sep 16 18:29:05 2025,16-Sep-2025,212911,46 52.141300 N,061 20.329100 W,2.1,188.5,A,Primary,Headline,1.979592,D,S,194867.000000
Tue Sep 16 18:29:05 2025,16-Sep-2025,212912,46 52.140800 N,061 20.329300 W,2.2,188.7,A,Primary,Headline,1.979592,D,S,194867.000000
Tue Sep 16 18:29:05 2025,16-Sep-2025,212913,46 52.140100 N,061 20.329500 W,2.2,188.9,A,Primary,Headline,1.979592,D,S,194867.000000
Tue Sep 16 18:29:09 2025,16-Sep-2025,212914,46 52.139500 N,061 20.329600 W,2.2,189.0,A,Depth,Depth,66.481481,D,P,101351.000000
Tue Sep 16 18:29:10 2025,16-Sep-2025,212915,46 52.139000 N,061 20.329700 W,2.1,188.8,A,Primary,Headline,0.612245,D,P,103187.000000
Tue Sep 16 18:29:10 2025,16-Sep-2025,212916,46 52.138400 N,061 20.329700 W,2.2,188.5,A,Primary,Headline,0.612245,D,P,103187.000000
Tue Sep 16 18:29:10 2025,16-Sep-2025,212917,46 52.137700 N,061 20.329800 W,2.2,188.3,A,Primary,Headline,0.612245,D,P,103187.000000
Tue Sep 16 18:29:10 2025,16-Sep-2025,212918,46 52.137200 N,061 20.330100 W,2.2,188.3,A,Primary,Headline,0.612245,D,P,103187.000000
Tue Sep 16 18:29:10 2025,16-Sep-2025,212919,46 52.136700 N,061 20.330400 W,2.1,188.5,A,Primary,Headline,0.612245,D,P,103187.000000
Tue Sep 16 18:29:15 2025,16-Sep-2025,212920,46 52.136200 N,061 20.330700 W,2.1,188.7,A,Primary,Headline,1.714286,D,S,361868.000000
Tue Sep 16 18:29:15 2025,16-Sep-2025,212921,46 52.135700 N,061 20.331000 W,2.1,189.1,A,Primary,Headline,1.714286,D,S,361868.000000
Tue Sep 16 18:29:16 2025,16-Sep-2025,212922,46 52.135200 N,061 20.331200 W,2.1,189.2,A,Depth,Depth,66.574074,D,S,177109.000000
Tue Sep 16 18:29:16 2025,16-Sep-2025,212923,46 52.134700 N,061 20.331300 W,2.1,189.3,A,Depth,Depth,66.574074,D,S,177109.000000
Tue Sep 16 18:29:19 2025,16-Sep-2025,212924,46 52.134200 N,061 20.331500 W,2.1,189.4,A,DoorSpread,DoorMaster,0.000000,E,P,38785.000000
Tue Sep 16 18:29:20 2025,16-Sep-2025,212925,46 52.133600 N,061 20.331700 W,2.1,189.5,A,Primary,Headline,1.326531,D,S,374415.000000
Tue Sep 16 18:29:20 2025,16-Sep-2025,212926,46 52.133100 N,061 20.331800 W,2.1,189.5,A,Primary,Headline,1.326531,D,S,374415.000000
Tue Sep 16 18:29:20 2025,16-Sep-2025,212927,46 52.132600 N,061 20.332000 W,2.1,189.8,A,Primary,Headline,1.326531,D,S,374415.000000
Tue Sep 16 18:29:20 2025,16-Sep-2025,212928,46 52.132000 N,061 20.332200 W,2.1,189.9,A,Primary,Headline,1.326531,D,S,374415.000000
Tue Sep 16 18:29:23 2025,16-Sep-2025,212929,46 52.131300 N,061 20.332500 W,2.1,189.8,A,Depth,Depth,66.851852,D,P,158534.000000
Tue Sep 16 18:29:25 2025,16-Sep-2025,212930,46 52.130700 N,061 20.332700 W,2.0,189.7,A,Primary,Headline,1.408163,D,S,227682.000000
Tue Sep 16 18:29:25 2025,16-Sep-2025,212931,46 52.130000 N,061 20.332900 W,2.1,189.6,A,Primary,Headline,1.408163,D,S,227682.000000
Tue Sep 16 18:29:25 2025,16-Sep-2025,212932,46 52.129300 N,061 20.333100 W,2.2,189.8,A,Primary,Headline,1.408163,D,S,227682.000000
Tue Sep 16 18:29:25 2025,16-Sep-2025,212933,46 52.128500 N,061 20.333300 W,2.2,189.7,A,Primary,Headline,1.408163,D,S,227682.000000
Tue Sep 16 18:29:25 2025,16-Sep-2025,212934,46 52.127800 N,061 20.333400 W,2.1,189.5,A,Primary,Headline,1.408163,D,S,227682.000000
Tue Sep 16 18:29:30 2025,16-Sep-2025,212935,46 52.127200 N,061 20.333400 W,2.1,189.3,A,Primary,Headline,1.285714,D,P,94915.000000
Tue Sep 16 18:29:30 2025,16-Sep-2025,212936,46 52.126500 N,061 20.333500 W,2.2,189.5,A,Depth,Depth,66.574074,D,P,164230.000000
Tue Sep 16 18:29:30 2025,16-Sep-2025,212937,46 52.125900 N,061 20.333700 W,2.2,189.7,A,Depth,Depth,66.574074,D,P,164230.000000
Tue Sep 16 18:29:30 2025,16-Sep-2025,212938,46 52.125200 N,061 20.333700 W,2.2,189.7,A,Depth,Depth,66.574074,D,P,164230.000000
Tue Sep 16 18:29:30 2025,16-Sep-2025,212939,46 52.124600 N,061 20.333600 W,2.2,189.5,A,Depth,Depth,66.574074,D,P,164230.000000
Tue Sep 16 18:29:35 2025,16-Sep-2025,212940,46 52.123900 N,061 20.333600 W,2.1,189.5,A,Primary,Headline,1.326531,D,S,254159.000000
Tue Sep 16 18:29:35 2025,16-Sep-2025,212941,46 52.123300 N,061 20.333700 W,2.2,189.6,A,Primary,Headline,1.326531,D,S,254159.000000
Tue Sep 16 18:29:35 2025,16-Sep-2025,212942,46 52.122700 N,061 20.333800 W,2.1,189.7,A,Primary,Headline,1.326531,D,S,254159.000000
Tue Sep 16 18:29:38 2025,16-Sep-2025,212943,46 52.122100 N,061 20.333800 W,2.1,189.7,A,Depth,Depth,74.259259,D,P,30683.000000
Tue Sep 16 18:29:38 2025,16-Sep-2025,212944,46 52.121600 N,061 20.333900 W,2.1,189.7,A,Depth,Depth,68.703704,D,S,224205.000000
Tue Sep 16 18:29:40 2025,16-Sep-2025,212945,46 52.121000 N,061 20.334100 W,2.1,189.8,A,Primary,Headline,1.346939,D,S,237069.000000
Tue Sep 16 18:29:40 2025,16-Sep-2025,212946,46 52.120300 N,061 20.334200 W,2.2,189.6,A,Primary,Headline,1.285714,D,P,121790.000000
Tue Sep 16 18:29:40 2025,16-Sep-2025,212947,46 52.119800 N,061 20.334200 W,2.1,189.3,A,Primary,Headline,1.285714,D,P,121790.000000
Tue Sep 16 18:29:40 2025,16-Sep-2025,212948,46 52.119200 N,061 20.334300 W,2.1,189.0,A,Primary,Headline,1.285714,D,P,121790.000000
Tue Sep 16 18:29:40 2025,16-Sep-2025,212949,46 52.118700 N,061 20.334300 W,2.1,188.7,A,Primary,Headline,1.285714,D,P,121790.000000
Tue Sep 16 18:29:45 2025,16-Sep-2025,212950,46 52.118000 N,061 20.334400 W,2.1,188.3,A,Primary,Headline,1.530612,D,P,117835.000000
Tue Sep 16 18:29:45 2025,16-Sep-2025,212951,46 52.117400 N,061 20.334600 W,2.1,188.0,A,Primary,Headline,1.530612,D,P,117835.000000
Tue Sep 16 18:29:45 2025,16-Sep-2025,212952,46 52.116900 N,061 20.334700 W,2.1,187.8,A,Primary,Headline,1.530612,D,P,117835.000000
Tue Sep 16 18:29:45 2025,16-Sep-2025,212953,46 52.116300 N,061 20.334800 W,2.1,187.8,A,Primary,Headline,1.530612,D,P,117835.000000
Tue Sep 16 18:29:45 2025,16-Sep-2025,212954,46 52.115700 N,061 20.335100 W,2.1,187.9,A,Primary,Headline,1.530612,D,P,117835.000000
Tue Sep 16 18:29:49 2025,16-Sep-2025,212955,46 52.115200 N,061 20.335200 W,2.1,187.8,A,DoorSpread,DoorMaster,0.000000,E,S,284444.000000
Tue Sep 16 18:29:50 2025,16-Sep-2025,212956,46 52.114800 N,061 20.335200 W,2.1,188.1,A,Primary,Headline,1.653061,D,S,371550.000000
Tue Sep 16 18:29:50 2025,16-Sep-2025,212957,46 52.114200 N,061 20.335400 W,2.1,188.6,A,Primary,Headline,1.653061,D,S,371550.000000
Tue Sep 16 18:29:50 2025,16-Sep-2025,212958,46 52.113700 N,061 20.335400 W,2.1,188.8,A,Primary,Headline,1.653061,D,S,371550.000000
Tue Sep 16 18:29:50 2025,16-Sep-2025,212959,46 52.113100 N,061 20.335200 W,2.1,188.6,A,Primary,Headline,1.653061,D,S,371550.000000
Tue Sep 16 18:29:54 2025,16-Sep-2025,213000,46 52.112600 N,061 20.335200 W,2.1,188.5,A,DoorSpread,DoorMaster,0.000000,E,S,219276.000000
Tue Sep 16 18:29:55 2025,16-Sep-2025,213001,46 52.112000 N,061 20.335400 W,2.1,189.0,A,Primary,Headline,1.469388,D,S,348475.000000
Tue Sep 16 18:29:55 2025,16-Sep-2025,213002,46 52.111500 N,061 20.335500 W,2.1,189.4,A,Primary,Headline,1.469388,D,S,348475.000000
Tue Sep 16 18:29:55 2025,16-Sep-2025,213003,46 52.110900 N,061 20.335600 W,2.1,189.4,A,Primary,Headline,1.469388,D,S,348475.000000
Tue Sep 16 18:29:55 2025,16-Sep-2025,213004,46 52.110500 N,061 20.335600 W,2.1,189.4,A,Primary,Headline,1.469388,D,S,348475.000000
Tue Sep 16 18:30:00 2025,16-Sep-2025,213005,46 52.110000 N,061 20.335700 W,2.1,189.5,A,Primary,Headline,1.734694,D,P,100953.000000
Tue Sep 16 18:30:00 2025,16-Sep-2025,213006,46 52.109400 N,061 20.336000 W,2.2,189.7,A,Primary,Headline,1.734694,D,P,100953.000000
Tue Sep 16 18:30:00 2025,16-Sep-2025,213007,46 52.108800 N,061 20.336300 W,2.2,189.8,A,Primary,Headline,1.734694,D,P,100953.000000
Tue Sep 16 18:30:00 2025,16-Sep-2025,213008,46 52.108400 N,061 20.336400 W,2.1,189.8,A,Primary,Headline,1.734694,D,P,100953.000000
Tue Sep 16 18:30:00 2025,16-Sep-2025,213009,46 52.107900 N,061 20.336600 W,2.1,189.8,A,Primary,Headline,1.734694,D,P,100953.000000
Tue Sep 16 18:30:04 2025,16-Sep-2025,213010,46 52.107400 N,061 20.336900 W,2.2,190.0,A,DoorSpread,DoorMaster,0.000000,E,S,63733.000000
Tue Sep 16 18:30:05 2025,16-Sep-2025,213011,46 52.106900 N,061 20.337100 W,2.2,189.9,A,Primary,Headline,1.408163,D,S,270378.000000
Tue Sep 16 18:30:07 2025,16-Sep-2025,213012,46 52.106400 N,061 20.337400 W,2.1,190.0,A,Depth,Depth,66.759259,D,S,252925.000000
Tue Sep 16 18:30:07 2025,16-Sep-2025,213013,46 52.105800 N,061 20.337600 W,2.1,190.4,A,Depth,Depth,66.759259,D,S,252925.000000
Tue Sep 16 18:30:07 2025,16-Sep-2025,213014,46 52.105200 N,061 20.337900 W,2.1,190.5,A,Depth,Depth,66.759259,D,S,252925.000000
Tue Sep 16 18:30:09 2025,16-Sep-2025,213015,46 52.104700 N,061 20.338000 W,2.1,190.3,A,DoorSpread,DoorMaster,0.000000,E,P,51560.000000
Tue Sep 16 18:30:10 2025,16-Sep-2025,213016,46 52.104000 N,061 20.338200 W,2.1,190.4,A,Primary,Headline,1.653061,D,S,366634.000000
Tue Sep 16 18:30:10 2025,16-Sep-2025,213017,46 52.103400 N,061 20.338600 W,2.2,190.6,A,Primary,Headline,1.653061,D,S,366634.000000
Tue Sep 16 18:30:10 2025,16-Sep-2025,213018,46 52.102800 N,061 20.338800 W,2.1,190.7,A,Primary,Headline,1.653061,D,S,366634.000000
Tue Sep 16 18:30:10 2025,16-Sep-2025,213019,46 52.102300 N,061 20.339100 W,2.0,190.9,A,Primary,Headline,1.653061,D,S,366634.000000
Tue Sep 16 18:30:14 2025,16-Sep-2025,213020,46 52.101800 N,061 20.339300 W,2.1,190.9,A,DoorSpread,DoorMaster,0.000000,E,P,53586.000000
Tue Sep 16 18:30:15 2025,16-Sep-2025,213021,46 52.101100 N,061 20.339400 W,2.2,191.0,A,Primary,Headline,1.122449,D,S,387899.000000
Tue Sep 16 18:30:15 2025,16-Sep-2025,213022,46 52.100300 N,061 20.339700 W,2.2,191.4,A,Primary,Headline,1.122449,D,S,387899.000000
Tue Sep 16 18:30:15 2025,16-Sep-2025,213023,46 52.099700 N,061 20.339900 W,2.2,191.7,A,Primary,Headline,1.122449,D,S,387899.000000
Tue Sep 16 18:30:15 2025,16-Sep-2025,213024,46 52.099200 N,061 20.339900 W,2.2,191.4,A,Primary,Headline,1.122449,D,S,387899.000000
Tue Sep 16 18:30:19 2025,16-Sep-2025,213025,46 52.098600 N,061 20.340000 W,2.2,191.0,A,DoorSpread,DoorMaster,0.000000,E,S,40617.000000
Tue Sep 16 18:30:20 2025,16-Sep-2025,213026,46 52.097900 N,061 20.340300 W,2.2,190.7,A,Primary,Headline,1.612245,D,S,282258.000000
Tue Sep 16 18:30:21 2025,16-Sep-2025,213027,46 52.097400 N,061 20.340500 W,2.2,190.7,A,Depth,Depth,67.129630,D,S,100639.000000
Tue Sep 16 18:30:21 2025,16-Sep-2025,213028,46 52.096800 N,061 20.340900 W,2.2,190.9,A,Depth,Depth,67.129630,D,S,100639.000000
Tue Sep 16 18:30:21 2025,16-Sep-2025,213029,46 52.096200 N,061 20.341100 W,2.2,190.8,A,Depth,Depth,67.129630,D,S,100639.000000
Tue Sep 16 18:30:24 2025,16-Sep-2025,213030,46 52.095600 N,061 20.341200 W,2.2,190.4,A,DoorSpread,DoorMaster,0.000000,E,P,45313.000000
Tue Sep 16 18:30:25 2025,16-Sep-2025,213031,46 52.094900 N,061 20.341400 W,2.2,190.2,A,Primary,Headline,1.326531,D,S,213163.000000
Tue Sep 16 18:30:25 2025,16-Sep-2025,213032,46 52.094400 N,061 20.341600 W,2.1,190.1,A,Primary,Headline,1.326531,D,S,213163.000000
Tue Sep 16 18:30:25 2025,16-Sep-2025,213033,46 52.093900 N,061 20.341800 W,2.1,190.1,A,Primary,Headline,1.326531,D,S,213163.000000
Tue Sep 16 18:30:28 2025,16-Sep-2025,213034,46 52.093300 N,061 20.342200 W,2.1,190.3,A,Depth,Depth,66.666667,D,P,41901.000000
Tue Sep 16 18:30:29 2025,16-Sep-2025,213035,46 52.092600 N,061 20.342500 W,2.1,190.5,A,DoorSpread,DoorMaster,0.000000,E,S,104173.000000
Tue Sep 16 18:30:30 2025,16-Sep-2025,213036,46 52.091800 N,061 20.342800 W,2.1,190.6,A,Primary,Headline,1.510204,D,S,139859.000000
Tue Sep 16 18:30:30 2025,16-Sep-2025,213037,46 52.091200 N,061 20.343000 W,2.1,190.7,A,Primary,Headline,1.510204,D,S,139859.000000
Tue Sep 16 18:30:30 2025,16-Sep-2025,213038,46 52.090600 N,061 20.343100 W,2.0,190.8,A,Primary,Headline,1.510204,D,S,139859.000000
Tue Sep 16 18:30:30 2025,16-Sep-2025,213039,46 52.090000 N,061 20.343300 W,2.1,190.8,A,Primary,Headline,1.510204,D,S,139859.000000
Tue Sep 16 18:30:34 2025,16-Sep-2025,213040,46 52.089300 N,061 20.343600 W,2.2,191.3,A,DoorSpread,DoorMaster,0.000000,E,S,103259.000000
Tue Sep 16 18:30:35 2025,16-Sep-2025,213041,46 52.088700 N,061 20.344000 W,2.2,191.7,A,Depth,Depth,68.333333,D,S,81025.000000
Tue Sep 16 18:30:36 2025,16-Sep-2025,213042,46 52.088100 N,061 20.344200 W,2.1,191.9,A,Depth,Depth,67.777778,D,P,120393.000000
Tue Sep 16 18:30:36 2025,16-Sep-2025,213043,46 52.087500 N,061 20.344300 W,2.1,191.7,A,Depth,Depth,67.777778,D,P,120393.000000
Tue Sep 16 18:30:36 2025,16-Sep-2025,213044,46 52.087100 N,061 20.344400 W,2.2,191.4,A,Depth,Depth,67.777778,D,P,120393.000000
Tue Sep 16 18:30:39 2025,16-Sep-2025,213045,46 52.086600 N,061 20.344700 W,2.1,191.6,A,DoorSpread,DoorMaster,0.000000,E,P,73250.000000
Tue Sep 16 18:30:40 2025,16-Sep-2025,213046,46 52.086200 N,061 20.345100 W,2.1,191.8,A,Primary,Headline,1.591837,D,P,135461.000000
Tue Sep 16 18:30:40 2025,16-Sep-2025,213047,46 52.085800 N,061 20.345300 W,2.1,191.9,A,Primary,Headline,1.591837,D,P,135461.000000
Tue Sep 16 18:30:40 2025,16-Sep-2025,213048,46 52.085300 N,061 20.345400 W,2.1,192.0,A,Primary,Headline,1.591837,D,P,135461.000000
Tue Sep 16 18:30:43 2025,16-Sep-2025,213049,46 52.084700 N,061 20.345600 W,2.1,192.0,A,Depth,Depth,66.481481,D,P,130227.000000
Tue Sep 16 18:30:44 2025,16-Sep-2025,213050,46 52.084200 N,061 20.345800 W,2.1,192.0,A,DoorSpread,DoorMaster,0.000000,E,S,171632.000000
Tue Sep 16 18:30:45 2025,16-Sep-2025,213051,46 52.083700 N,061 20.346000 W,2.1,192.0,A,Primary,Headline,1.469388,D,S,300546.000000
Tue Sep 16 18:30:45 2025,16-Sep-2025,213052,46 52.083300 N,061 20.346200 W,2.0,192.0,A,Primary,Headline,1.469388,D,S,300546.000000
Tue Sep 16 18:30:45 2025,16-Sep-2025,213053,46 52.082700 N,061 20.346300 W,2.1,192.3,A,Primary,Headline,1.469388,D,S,300546.000000
Tue Sep 16 18:30:45 2025,16-Sep-2025,213054,46 52.082100 N,061 20.346500 W,2.2,192.6,A,Primary,Headline,1.469388,D,S,300546.000000
Tue Sep 16 18:30:49 2025,16-Sep-2025,213055,46 52.081500 N,061 20.346700 W,2.1,192.8,A,DoorSpread,DoorMaster,0.000000,E,S,68734.000000
Tue Sep 16 18:30:50 2025,16-Sep-2025,213056,46 52.081000 N,061 20.346800 W,2.1,192.9,A,Primary,Headline,1.469388,D,S,288616.000000
Tue Sep 16 18:30:50 2025,16-Sep-2025,213057,46 52.080500 N,061 20.346900 W,2.2,192.5,A,Primary,Headline,1.469388,D,S,288616.000000
Tue Sep 16 18:30:50 2025,16-Sep-2025,213058,46 52.079900 N,061 20.347100 W,2.2,192.3,A,Primary,Headline,1.469388,D,S,288616.000000
Tue Sep 16 18:30:50 2025,16-Sep-2025,213059,46 52.079400 N,061 20.347400 W,2.2,192.3,A,Primary,Headline,1.469388,D,S,288616.000000
Tue Sep 16 18:30:54 2025,16-Sep-2025,213100,46 52.078800 N,061 20.347600 W,2.1,192.6,A,DoorSpread,DoorMaster,0.000000,E,S,53240.000000
Tue Sep 16 18:30:55 2025,16-Sep-2025,213101,46 52.078100 N,061 20.347800 W,2.1,193.0,A,Primary,Headline,1.489796,D,P,100087.000000
Tue Sep 16 18:30:55 2025,16-Sep-2025,213102,46 52.077500 N,061 20.347900 W,2.2,193.1,A,Primary,Headline,1.489796,D,P,100087.000000
Tue Sep 16 18:30:55 2025,16-Sep-2025,213103,46 52.076800 N,061 20.348000 W,2.2,192.9,A,Primary,Headline,1.489796,D,P,100087.000000
Tue Sep 16 18:30:55 2025,16-Sep-2025,213104,46 52.076200 N,061 20.348000 W,2.1,192.8,A,Primary,Headline,1.489796,D,P,100087.000000
Tue Sep 16 18:30:59 2025,16-Sep-2025,213105,46 52.075700 N,061 20.348300 W,2.1,192.8,A,DoorSpread,DoorMaster,0.000000,E,S,141519.000000
Tue Sep 16 18:31:00 2025,16-Sep-2025,213106,46 52.075100 N,061 20.348600 W,2.1,192.9,A,Primary,Headline,1.571429,D,S,216418.000000
Tue Sep 16 18:31:00 2025,16-Sep-2025,213107,46 52.074400 N,061 20.349000 W,2.2,193.1,A,Primary,Headline,1.571429,D,S,216418.000000
Tue Sep 16 18:31:00 2025,16-Sep-2025,213108,46 52.073700 N,061 20.349400 W,2.2,193.0,A,Primary,Headline,1.571429,D,S,216418.000000
Tue Sep 16 18:31:00 2025,16-Sep-2025,213109,46 52.073100 N,061 20.349700 W,2.1,193.1,A,Primary,Headline,1.571429,D,S,216418.000000
Tue Sep 16 18:31:05 2025,16-Sep-2025,213110,46 52.072600 N,061 20.350100 W,2.1,193.5,A,Depth,Depth,73.240741,D,S,173017.000000
Tue Sep 16 18:31:05 2025,16-Sep-2025,213111,46 52.072100 N,061 20.350500 W,2.1,193.9,A,Primary,Headline,1.448980,D,P,74526.000000
Tue Sep 16 18:31:05 2025,16-Sep-2025,213112,46 52.071500 N,061 20.350700 W,2.1,194.1,A,Primary,Headline,1.448980,D,P,74526.000000
Tue Sep 16 18:31:05 2025,16-Sep-2025,213113,46 52.071000 N,061 20.350900 W,2.1,194.1,A,Primary,Headline,1.448980,D,P,74526.000000
Tue Sep 16 18:31:05 2025,16-Sep-2025,213114,46 52.070500 N,061 20.351000 W,2.1,194.1,A,Primary,Headline,1.448980,D,P,74526.000000
Tue Sep 16 18:31:10 2025,16-Sep-2025,213115,46 52.069900 N,061 20.351100 W,2.2,194.1,A,DoorSpread,DoorMaster,0.000000,E,P,71330.000000
Tue Sep 16 18:31:10 2025,16-Sep-2025,213116,46 52.069200 N,061 20.351200 W,2.2,194.1,A,Primary,Headline,1.183673,D,P,91813.000000
Tue Sep 16 18:31:10 2025,16-Sep-2025,213117,46 52.068500 N,061 20.351300 W,2.2,194.0,A,Primary,Headline,1.183673,D,P,91813.000000
Tue Sep 16 18:31:12 2025,16-Sep-2025,213118,46 52.067800 N,061 20.351500 W,2.2,193.9,A,Depth,Depth,60.925926,D,S,126858.000000
Tue Sep 16 18:31:12 2025,16-Sep-2025,213119,46 52.067200 N,061 20.351500 W,2.2,193.3,A,Depth,Depth,60.925926,D,S,126858.000000
Tue Sep 16 18:31:15 2025,16-Sep-2025,213120,46 52.066500 N,061 20.351600 W,2.2,192.8,A,DoorSpread,DoorMaster,0.015000,D,S,39618.000000
Tue Sep 16 18:31:15 2025,16-Sep-2025,213121,46 52.065900 N,061 20.351900 W,2.2,192.7,A,Primary,Headline,1.632653,D,S,261120.000000
Tue Sep 16 18:31:15 2025,16-Sep-2025,213122,46 52.065400 N,061 20.352300 W,2.2,192.6,A,Primary,Headline,1.632653,D,S,261120.000000
Tue Sep 16 18:31:15 2025,16-Sep-2025,213123,46 52.064900 N,061 20.352600 W,2.2,192.6,A,Primary,Headline,1.632653,D,S,261120.000000
Tue Sep 16 18:31:15 2025,16-Sep-2025,213124,46 52.064400 N,061 20.352800 W,2.2,192.8,A,Primary,Headline,1.632653,D,S,261120.000000
Tue Sep 16 18:31:20 2025,16-Sep-2025,213125,46 52.063800 N,061 20.353100 W,2.3,192.9,A,DoorSpread,DoorMaster,0.125000,D,S,34154.000000
Tue Sep 16 18:31:20 2025,16-Sep-2025,213126,46 52.063200 N,061 20.353200 W,2.3,192.8,A,Primary,Headline,1.387755,D,S,346678.000000
Tue Sep 16 18:31:20 2025,16-Sep-2025,213127,46 52.062700 N,061 20.353200 W,2.2,192.7,A,Primary,Headline,1.387755,D,S,346678.000000
Tue Sep 16 18:31:20 2025,16-Sep-2025,213128,46 52.062300 N,061 20.353400 W,2.2,192.8,A,Primary,Headline,1.387755,D,S,346678.000000
Tue Sep 16 18:31:20 2025,16-Sep-2025,213129,46 52.061800 N,061 20.353600 W,2.2,193.0,A,Primary,Headline,1.387755,D,S,346678.000000
Tue Sep 16 18:31:24 2025,16-Sep-2025,213130,46 52.061100 N,061 20.353800 W,2.2,193.2,A,DoorSpread,DoorMaster,0.000000,E,P,64585.000000
Tue Sep 16 18:31:25 2025,16-Sep-2025,213131,46 52.060600 N,061 20.354000 W,2.2,193.3,A,Primary,Headline,1.551020,D,P,222160.000000
Tue Sep 16 18:31:26 2025,16-Sep-2025,213132,46 52.060100 N,061 20.354100 W,2.2,193.3,A,Depth,Depth,67.592593,D,S,340035.000000
Tue Sep 16 18:31:26 2025,16-Sep-2025,213133,46 52.059600 N,061 20.354200 W,2.2,193.1,A,Depth,Depth,67.592593,D,S,340035.000000
Tue Sep 16 18:31:26 2025,16-Sep-2025,213134,46 52.059000 N,061 20.354400 W,2.2,192.9,A,Depth,Depth,67.592593,D,S,340035.000000
Tue Sep 16 18:31:30 2025,16-Sep-2025,213135,46 52.058400 N,061 20.354600 W,2.2,193.0,A,DoorSpread,DoorMaster,0.000000,E,P,98617.000000
Tue Sep 16 18:31:30 2025,16-Sep-2025,213136,46 52.057800 N,061 20.354900 W,2.1,193.2,A,Primary,Headline,1.653061,D,S,297127.000000
Tue Sep 16 18:31:30 2025,16-Sep-2025,213137,46 52.057300 N,061 20.355000 W,2.2,193.2,A,Primary,Headline,1.653061,D,S,297127.000000
Tue Sep 16 18:31:30 2025,16-Sep-2025,213138,46 52.056700 N,061 20.355300 W,2.2,193.2,A,Primary,Headline,1.653061,D,S,297127.000000
Tue Sep 16 18:31:34 2025,16-Sep-2025,213139,46 52.056100 N,061 20.355500 W,2.2,193.2,A,Depth,Depth,67.314815,D,S,231835.000000
Tue Sep 16 18:31:35 2025,16-Sep-2025,213140,46 52.055500 N,061 20.355700 W,2.2,193.2,A,DoorSpread,DoorMaster,0.000000,E,P,46591.000000
Tue Sep 16 18:31:35 2025,16-Sep-2025,213141,46 52.054800 N,061 20.356000 W,2.2,193.3,A,Primary,Headline,1.489796,D,S,187461.000000
Tue Sep 16 18:31:35 2025,16-Sep-2025,213142,46 52.054200 N,061 20.356400 W,2.2,193.5,A,Primary,Headline,1.489796,D,S,187461.000000
Tue Sep 16 18:31:35 2025,16-Sep-2025,213143,46 52.053700 N,061 20.356600 W,2.2,193.4,A,Primary,Headline,1.489796,D,S,187461.000000
Tue Sep 16 18:31:35 2025,16-Sep-2025,213144,46 52.053100 N,061 20.356800 W,2.1,193.4,A,Primary,Headline,1.489796,D,S,187461.000000
Tue Sep 16 18:31:40 2025,16-Sep-2025,213145,46 52.052600 N,061 20.356900 W,2.1,193.5,A,DoorSpread,DoorMaster,0.000000,E,P,66340.000000
Tue Sep 16 18:31:40 2025,16-Sep-2025,213146,46 52.051900 N,061 20.357100 W,2.2,193.6,A,Primary,Headline,1.510204,D,P,202621.000000
Tue Sep 16 18:31:41 2025,16-Sep-2025,213147,46 52.051300 N,061 20.357200 W,2.2,193.6,A,Depth,Depth,67.407407,D,S,211559.000000
Tue Sep 16 18:31:41 2025,16-Sep-2025,213148,46 52.050700 N,061 20.357300 W,2.2,193.4,A,Depth,Depth,67.407407,D,S,211559.000000
Tue Sep 16 18:31:41 2025,16-Sep-2025,213149,46 52.050100 N,061 20.357400 W,2.2,193.2,A,Depth,Depth,67.407407,D,S,211559.000000
Tue Sep 16 18:31:45 2025,16-Sep-2025,213150,46 52.049400 N,061 20.357500 W,2.2,193.3,A,DoorSpread,DoorMaster,0.000000,E,S,219947.000000
Tue Sep 16 18:31:45 2025,16-Sep-2025,213151,46 52.048800 N,061 20.357700 W,2.2,193.4,A,Primary,Headline,1.530612,D,S,346321.000000
Tue Sep 16 18:31:45 2025,16-Sep-2025,213152,46 52.048100 N,061 20.357900 W,2.2,193.4,A,Primary,Headline,1.530612,D,S,346321.000000
Tue Sep 16 18:31:45 2025,16-Sep-2025,213153,46 52.047500 N,061 20.358200 W,2.2,193.3,A,Primary,Headline,1.530612,D,S,346321.000000
Tue Sep 16 18:31:48 2025,16-Sep-2025,213154,46 52.046900 N,061 20.358400 W,2.2,193.4,A,Depth,Depth,67.407407,D,S,314219.000000
Tue Sep 16 18:31:48 2025,16-Sep-2025,213155,46 52.046200 N,061 20.358600 W,2.2,193.7,A,Depth,Depth,67.407407,D,S,314219.000000
Tue Sep 16 18:31:50 2025,16-Sep-2025,213156,46 52.045600 N,061 20.358800 W,2.2,194.0,A,Primary,Headline,1.469388,D,S,234186.000000
Tue Sep 16 18:31:50 2025,16-Sep-2025,213157,46 52.045100 N,061 20.359000 W,2.2,194.0,A,Primary,Headline,1.469388,D,S,234186.000000
Tue Sep 16 18:31:50 2025,16-Sep-2025,213158,46 52.044400 N,061 20.359100 W,2.2,193.6,A,Primary,Headline,1.469388,D,S,234186.000000
Tue Sep 16 18:31:50 2025,16-Sep-2025,213159,46 52.043800 N,061 20.359200 W,2.2,193.4,A,Primary,Headline,1.469388,D,S,234186.000000
Tue Sep 16 18:31:55 2025,16-Sep-2025,213200,46 52.043300 N,061 20.359500 W,2.3,193.8,A,DoorSpread,DoorMaster,0.000000,E,P,53743.000000
Tue Sep 16 18:31:55 2025,16-Sep-2025,213201,46 52.042700 N,061 20.359900 W,2.2,194.2,A,Primary,Headline,1.469388,D,S,312849.000000
Tue Sep 16 18:31:55 2025,16-Sep-2025,213202,46 52.042300 N,061 20.360000 W,2.2,194.3,A,Primary,Headline,1.469388,D,S,312849.000000
Tue Sep 16 18:31:55 2025,16-Sep-2025,213203,46 52.041700 N,061 20.360200 W,2.2,193.8,A,Primary,Headline,1.469388,D,S,312849.000000
Tue Sep 16 18:31:55 2025,16-Sep-2025,213204,46 52.041200 N,061 20.360400 W,2.3,193.4,A,Primary,Headline,1.469388,D,S,312849.000000
Tue Sep 16 18:32:00 2025,16-Sep-2025,213205,46 52.040500 N,061 20.360700 W,2.3,193.6,A,DoorSpread,DoorMaster,0.000000,E,S,300731.000000
Tue Sep 16 18:32:00 2025,16-Sep-2025,213206,46 52.040000 N,061 20.361200 W,2.3,194.0,A,Primary,Headline,1.204082,D,P,233793.000000
Tue Sep 16 18:32:00 2025,16-Sep-2025,213207,46 52.039400 N,061 20.361600 W,2.2,194.2,A,Primary,Headline,1.204082,D,P,233793.000000
Tue Sep 16 18:32:03 2025,16-Sep-2025,213208,46 52.038900 N,061 20.361800 W,2.2,194.1,A,Depth,Depth,67.500000,D,S,327898.000000
Tue Sep 16 18:32:03 2025,16-Sep-2025,213209,46 52.038300 N,061 20.362100 W,2.2,194.1,A,Depth,Depth,67.500000,D,S,327898.000000
Tue Sep 16 18:32:03 2025,16-Sep-2025,213210,46 52.037800 N,061 20.362500 W,2.1,194.3,A,Depth,Depth,67.500000,D,S,327898.000000
Tue Sep 16 18:32:05 2025,16-Sep-2025,213211,46 52.037300 N,061 20.362900 W,2.2,194.5,A,Primary,Headline,1.612245,D,P,272260.000000
Tue Sep 16 18:32:05 2025,16-Sep-2025,213212,46 52.036700 N,061 20.363300 W,2.2,194.6,A,Primary,Headline,1.612245,D,P,272260.000000
Tue Sep 16 18:32:05 2025,16-Sep-2025,213213,46 52.036100 N,061 20.363500 W,2.2,194.7,A,Primary,Headline,1.612245,D,P,272260.000000
Tue Sep 16 18:32:05 2025,16-Sep-2025,213214,46 52.035500 N,061 20.363600 W,2.2,194.6,A,Primary,Headline,1.612245,D,P,272260.000000
Tue Sep 16 18:32:10 2025,16-Sep-2025,213215,46 52.034900 N,061 20.363800 W,2.1,194.6,A,Depth,Depth,66.388889,D,S,320433.000000
Tue Sep 16 18:32:10 2025,16-Sep-2025,213216,46 52.034400 N,061 20.364100 W,2.1,194.8,A,Primary,Headline,1.612245,D,P,183600.000000
Tue Sep 16 18:32:10 2025,16-Sep-2025,213217,46 52.033800 N,061 20.364600 W,2.1,194.9,A,Primary,Headline,1.612245,D,P,183600.000000
Tue Sep 16 18:32:10 2025,16-Sep-2025,213218,46 52.033200 N,061 20.365000 W,2.2,195.0,A,Primary,Headline,1.612245,D,P,183600.000000
Tue Sep 16 18:32:10 2025,16-Sep-2025,213219,46 52.032500 N,061 20.365300 W,2.3,195.0,A,Primary,Headline,1.612245,D,P,183600.000000
Tue Sep 16 18:32:10 2025,16-Sep-2025,213220,46 52.031600 N,061 20.365400 W,2.3,194.8,A,Primary,Headline,1.612245,D,P,183600.000000
Tue Sep 16 18:32:15 2025,16-Sep-2025,213221,46 52.030900 N,061 20.365700 W,2.4,194.7,A,Primary,Headline,1.224490,D,S,339549.000000
Tue Sep 16 18:32:15 2025,16-Sep-2025,213222,46 52.030100 N,061 20.366000 W,2.5,194.4,A,Primary,Headline,1.224490,D,S,339549.000000
Tue Sep 16 18:32:17 2025,16-Sep-2025,213223,46 52.029200 N,061 20.366300 W,2.6,194.0,A,Depth,Depth,68.518519,D,S,245389.000000
Tue Sep 16 18:32:17 2025,16-Sep-2025,213224,46 52.028200 N,061 20.366500 W,2.7,194.2,A,Depth,Depth,68.518519,D,S,245389.000000
Tue Sep 16 18:32:17 2025,16-Sep-2025,213225,46 52.027200 N,061 20.366900 W,2.9,193.8,A,Depth,Depth,68.518519,D,S,245389.000000
Tue Sep 16 18:32:20 2025,16-Sep-2025,213226,46 52.026200 N,061 20.367100 W,3.0,193.1,A,Primary,Headline,1.326531,D,S,206555.000000
Tue Sep 16 18:32:20 2025,16-Sep-2025,213227,46 52.025100 N,061 20.367300 W,3.1,192.5,A,Primary,Headline,1.326531,D,S,206555.000000
Tue Sep 16 18:32:20 2025,16-Sep-2025,213228,46 52.024100 N,061 20.367400 W,3.2,192.2,A,Primary,Headline,1.326531,D,S,206555.000000
Tue Sep 16 18:32:20 2025,16-Sep-2025,213229,46 52.023000 N,061 20.367600 W,3.3,192.6,A,Primary,Headline,1.326531,D,S,206555.000000
Tue Sep 16 18:32:24 2025,16-Sep-2025,213230,46 52.022000 N,061 20.367900 W,3.3,192.7,A,Depth,Depth,64.166667,D,S,239013.000000
Tue Sep 16 18:32:25 2025,16-Sep-2025,213231,46 52.020800 N,061 20.368000 W,3.4,191.6,A,Primary,Headline,1.306122,D,S,212644.000000
Tue Sep 16 18:32:25 2025,16-Sep-2025,213232,46 52.019700 N,061 20.368200 W,3.5,191.2,A,Primary,Headline,1.306122,D,S,212644.000000
Tue Sep 16 18:32:25 2025,16-Sep-2025,213233,46 52.018600 N,061 20.368500 W,3.6,191.2,A,Primary,Headline,1.306122,D,S,212644.000000
Tue Sep 16 18:32:25 2025,16-Sep-2025,213234,46 52.017500 N,061 20.368900 W,3.7,191.1,A,Primary,Headline,1.306122,D,S,212644.000000
Tue Sep 16 18:32:25 2025,16-Sep-2025,213235,46 52.016400 N,061 20.369100 W,3.7,190.8,A,Primary,Headline,1.306122,D,S,212644.000000
Tue Sep 16 18:32:30 2025,16-Sep-2025,213236,46 52.015400 N,061 20.369400 W,3.7,190.5,A,Primary,Headline,2.448980,D,S,264212.000000
Tue Sep 16 18:32:31 2025,16-Sep-2025,213237,46 52.014400 N,061 20.369600 W,3.7,190.2,A,Depth,Depth,67.129630,D,P,77327.000000
Tue Sep 16 18:32:31 2025,16-Sep-2025,213238,46 52.013400 N,061 20.369900 W,3.7,190.0,A,Depth,Depth,67.129630,D,P,77327.000000
Tue Sep 16 18:32:31 2025,16-Sep-2025,213239,46 52.012300 N,061 20.370100 W,3.7,189.8,A,Depth,Depth,67.129630,D,P,77327.000000
Tue Sep 16 18:32:31 2025,16-Sep-2025,213240,46 52.011300 N,061 20.370200 W,3.7,189.5,A,Depth,Depth,67.129630,D,P,77327.000000
Tue Sep 16 18:32:36 2025,16-Sep-2025,213241,46 52.010300 N,061 20.370400 W,3.7,189.5,A,Primary,Headline,3.204082,D,P,54315.000000
Tue Sep 16 18:32:36 2025,16-Sep-2025,213242,46 52.009400 N,061 20.370700 W,3.6,189.7,A,Primary,Headline,3.204082,D,P,54315.000000
Tue Sep 16 18:32:36 2025,16-Sep-2025,213243,46 52.008600 N,061 20.371000 W,3.5,189.8,A,Primary,Headline,3.204082,D,P,54315.000000
Tue Sep 16 18:32:39 2025,16-Sep-2025,213244,46 52.008000 N,061 20.371300 W,3.4,189.8,A,Depth,Depth,59.537037,D,P,29557.000000
Tue Sep 16 18:32:39 2025,16-Sep-2025,213245,46 52.007300 N,061 20.371600 W,3.3,190.0,A,Depth,Depth,59.537037,D,P,29557.000000
Tue Sep 16 18:32:40 2025,16-Sep-2025,213246,46 52.006600 N,061 20.371800 W,3.2,190.2,A,DoorSpread,DoorMaster,0.000000,E,P,139462.000000
Tue Sep 16 18:32:41 2025,16-Sep-2025,213247,46 52.005900 N,061 20.371900 W,3.0,190.3,A,Primary,Headline,5.877551,D,S,190229.000000
Tue Sep 16 18:32:41 2025,16-Sep-2025,213248,46 52.005300 N,061 20.372200 W,2.9,190.7,A,Primary,Headline,5.877551,D,S,190229.000000
Tue Sep 16 18:32:41 2025,16-Sep-2025,213249,46 52.004700 N,061 20.372600 W,2.8,191.2,A,Primary,Headline,5.877551,D,S,190229.000000
Tue Sep 16 18:32:41 2025,16-Sep-2025,213250,46 52.004100 N,061 20.372800 W,2.7,191.5,A,Primary,Headline,5.877551,D,S,190229.000000
Tue Sep 16 18:32:46 2025,16-Sep-2025,213251,46 52.003500 N,061 20.373000 W,2.5,191.7,A,Primary,Headline,7.244898,D,P,79531.000000
Tue Sep 16 18:32:46 2025,16-Sep-2025,213252,46 52.003000 N,061 20.373100 W,2.5,192.1,A,Primary,Headline,7.244898,D,S,261669.000000
Tue Sep 16 18:32:46 2025,16-Sep-2025,213253,46 52.002500 N,061 20.373400 W,2.3,192.6,A,Primary,Headline,7.244898,D,S,261669.000000
Tue Sep 16 18:32:46 2025,16-Sep-2025,213254,46 52.002000 N,061 20.373600 W,2.2,193.1,A,Primary,Headline,7.244898,D,S,261669.000000
Tue Sep 16 18:32:46 2025,16-Sep-2025,213255,46 52.001600 N,061 20.373800 W,2.1,193.6,A,Primary,Headline,7.244898,D,S,261669.000000
Tue Sep 16 18:32:50 2025,16-Sep-2025,213256,46 52.001100 N,061 20.374000 W,2.0,194.0,A,DoorSpread,DoorMaster,0.000000,E,P,39167.000000
Tue Sep 16 18:32:51 2025,16-Sep-2025,213257,46 52.000700 N,061 20.374200 W,1.9,194.3,A,Primary,Headline,8.265306,D,S,97647.000000
Tue Sep 16 18:32:51 2025,16-Sep-2025,213258,46 52.000300 N,061 20.374400 W,1.9,194.8,A,Primary,Headline,8.265306,D,S,97647.000000
Tue Sep 16 18:32:51 2025,16-Sep-2025,213259,46 51.999800 N,061 20.374700 W,1.9,195.3,A,Primary,Headline,8.265306,D,S,97647.000000
Tue Sep 16 18:32:51 2025,16-Sep-2025,213300,46 51.999400 N,061 20.374900 W,1.8,195.7,A,Primary,Headline,8.265306,D,S,97647.000000
Tue Sep 16 18:32:55 2025,16-Sep-2025,213301,46 51.999100 N,061 20.375100 W,1.7,196.1,A,DoorSpread,DoorMaster,0.000000,E,P,93921.000000
Tue Sep 16 18:32:56 2025,16-Sep-2025,213302,46 51.998700 N,061 20.375400 W,1.7,196.7,A,Primary,Headline,8.918367,D,S,100667.000000
Tue Sep 16 18:32:56 2025,16-Sep-2025,213303,46 51.998300 N,061 20.375700 W,1.7,197.4,A,Primary,Headline,8.918367,D,S,100667.000000
Tue Sep 16 18:32:56 2025,16-Sep-2025,213304,46 51.997900 N,061 20.375900 W,1.6,197.6,A,Primary,Headline,8.918367,D,S,100667.000000
Tue Sep 16 18:32:56 2025,16-Sep-2025,213305,46 51.997600 N,061 20.376000 W,1.5,197.8,A,Primary,Headline,8.918367,D,S,100667.000000
Tue Sep 16 18:33:00 2025,16-Sep-2025,213306,46 51.997300 N,061 20.376300 W,1.5,198.2,A,Depth,Depth,57.500000,D,S,131346.000000
Tue Sep 16 18:33:01 2025,16-Sep-2025,213307,46 51.996900 N,061 20.376600 W,1.5,198.8,A,Primary,Headline,9.714286,D,P,111153.000000
Tue Sep 16 18:33:01 2025,16-Sep-2025,213308,46 51.996500 N,061 20.376800 W,1.5,199.0,A,Primary,Headline,9.714286,D,P,111153.000000
Tue Sep 16 18:33:01 2025,16-Sep-2025,213309,46 51.996300 N,061 20.377000 W,1.3,199.2,A,Primary,Headline,9.714286,D,P,111153.000000
Tue Sep 16 18:33:01 2025,16-Sep-2025,213310,46 51.996000 N,061 20.377100 W,1.3,199.4,A,Primary,Headline,9.714286,D,P,111153.000000
Tue Sep 16 18:33:05 2025,16-Sep-2025,213311,46 51.995600 N,061 20.377400 W,1.4,199.8,A,DoorSpread,DoorMaster,0.000000,E,P,166281.000000
Tue Sep 16 18:33:06 2025,16-Sep-2025,213312,46 51.995200 N,061 20.377700 W,1.4,200.2,A,Primary,Headline,10.306122,D,P,215725.000000
Tue Sep 16 18:33:08 2025,16-Sep-2025,213313,46 51.994900 N,061 20.377900 W,1.3,200.5,A,Depth,Depth,58.425926,D,S,202507.000000
Tue Sep 16 18:33:08 2025,16-Sep-2025,213314,46 51.994700 N,061 20.378100 W,1.3,201.0,A,Depth,Depth,58.425926,D,S,202507.000000
Tue Sep 16 18:33:08 2025,16-Sep-2025,213315,46 51.994400 N,061 20.378400 W,1.3,201.6,A,Depth,Depth,58.425926,D,S,202507.000000
Tue Sep 16 18:33:10 2025,16-Sep-2025,213316,46 51.994000 N,061 20.378600 W,1.3,201.8,A,DoorSpread,DoorMaster,0.000000,E,P,180177.000000
Tue Sep 16 18:33:12 2025,16-Sep-2025,213317,46 51.993700 N,061 20.378700 W,1.2,201.7,A,Primary,Headline,9.306122,D,P,121100.000000
Tue Sep 16 18:33:12 2025,16-Sep-2025,213318,46 51.993500 N,061 20.378900 W,1.2,201.8,A,Primary,Headline,9.306122,D,P,121100.000000
Tue Sep 16 18:33:12 2025,16-Sep-2025,213319,46 51.993100 N,061 20.379200 W,1.3,202.3,A,Primary,Headline,9.306122,D,P,121100.000000
Tue Sep 16 18:33:12 2025,16-Sep-2025,213320,46 51.992800 N,061 20.379600 W,1.3,202.9,A,Primary,Headline,9.306122,D,P,121100.000000
Tue Sep 16 18:33:15 2025,16-Sep-2025,213321,46 51.992400 N,061 20.379800 W,1.3,203.2,A,DoorSpread,DoorMaster,0.000000,E,S,77734.000000
Tue Sep 16 18:33:17 2025,16-Sep-2025,213322,46 51.992200 N,061 20.380000 W,1.2,203.4,A,Primary,Headline,9.061224,D,S,315359.000000
Tue Sep 16 18:33:17 2025,16-Sep-2025,213323,46 51.991900 N,061 20.380200 W,1.3,203.4,A,Primary,Headline,9.061224,D,S,315359.000000
Tue Sep 16 18:33:17 2025,16-Sep-2025,213324,46 51.991500 N,061 20.380300 W,1.3,203.3,A,Primary,Headline,9.061224,D,S,315359.000000
Tue Sep 16 18:33:17 2025,16-Sep-2025,213325,46 51.991100 N,061 20.380600 W,1.3,203.4,A,Primary,Headline,9.061224,D,S,315359.000000
Tue Sep 16 18:33:20 2025,16-Sep-2025,213326,46 51.990900 N,061 20.380900 W,1.3,203.6,A,DoorSpread,DoorMaster,0.000000,E,S,140026.000000
Tue Sep 16 18:33:20 2025,16-Sep-2025,213327,46 51.990600 N,061 20.381100 W,1.3,203.9,A,DoorSpread,DoorMaster,0.000000,E,S,140026.000000
Tue Sep 16 18:33:22 2025,16-Sep-2025,213328,46 51.990200 N,061 20.381400 W,1.3,204.2,A,Primary,Headline,8.020408,D,S,163978.000000
Tue Sep 16 18:33:22 2025,16-Sep-2025,213329,46 51.989800 N,061 20.381600 W,1.3,204.2,A,Primary,Headline,8.020408,D,S,163978.000000
Tue Sep 16 18:33:22 2025,16-Sep-2025,213330,46 51.989400 N,061 20.381800 W,1.3,204.2,A,Primary,Headline,8.020408,D,S,163978.000000
Tue Sep 16 18:33:25 2025,16-Sep-2025,213331,46 51.989100 N,061 20.382100 W,1.4,204.4,A,DoorSpread,DoorMaster,0.000000,E,S,280031.000000
Tue Sep 16 18:33:25 2025,16-Sep-2025,213332,46 51.988600 N,061 20.382400 W,1.4,204.4,A,DoorSpread,DoorMaster,0.000000,E,S,280031.000000
Tue Sep 16 18:33:27 2025,16-Sep-2025,213333,46 51.988200 N,061 20.382700 W,1.4,204.3,A,Primary,Headline,7.346939,D,S,216402.000000
Tue Sep 16 18:33:27 2025,16-Sep-2025,213334,46 51.987900 N,061 20.383000 W,1.4,204.6,A,Primary,Headline,7.346939,D,S,216402.000000
Tue Sep 16 18:33:27 2025,16-Sep-2025,213335,46 51.987500 N,061 20.383400 W,1.4,205.0,A,Primary,Headline,7.346939,D,S,216402.000000
Tue Sep 16 18:33:30 2025,16-Sep-2025,213336,46 51.987100 N,061 20.383700 W,1.5,205.2,A,DoorSpread,DoorMaster,0.000000,E,S,292814.000000
Tue Sep 16 18:33:30 2025,16-Sep-2025,213337,46 51.986700 N,061 20.384000 W,1.5,205.2,A,DoorSpread,DoorMaster,0.000000,E,S,292814.000000
Tue Sep 16 18:33:32 2025,16-Sep-2025,213338,46 51.986300 N,061 20.384300 W,1.5,205.2,A,Primary,Headline,7.367347,D,S,262771.000000
Tue Sep 16 18:33:32 2025,16-Sep-2025,213339,46 51.985900 N,061 20.384600 W,1.6,205.1,A,Primary,Headline,7.367347,D,S,262771.000000
Tue Sep 16 18:33:32 2025,16-Sep-2025,213340,46 51.985500 N,061 20.384800 W,1.5,204.8,A,Primary,Headline,7.367347,D,S,262771.000000
Tue Sep 16 18:33:35 2025,16-Sep-2025,213341,46 51.985200 N,061 20.385000 W,1.5,204.9,A,DoorSpread,DoorMaster,0.000000,E,S,103450.000000
Tue Sep 16 18:33:36 2025,16-Sep-2025,213342,46 51.984800 N,061 20.385400 W,1.5,205.1,A,Depth,Depth,59.259259,D,S,84842.000000
Tue Sep 16 18:33:37 2025,16-Sep-2025,213343,46 51.984400 N,061 20.385700 W,1.6,205.0,A,Primary,Headline,7.653061,D,S,162976.000000
Tue Sep 16 18:33:37 2025,16-Sep-2025,213344,46 51.983900 N,061 20.386000 W,1.6,205.0,A,Primary,Headline,7.653061,D,S,162976.000000
Tue Sep 16 18:33:37 2025,16-Sep-2025,213345,46 51.983600 N,061 20.386300 W,1.6,205.0,A,Primary,Headline,7.653061,D,S,162976.000000
Tue Sep 16 18:33:40 2025,16-Sep-2025,213346,46 51.983100 N,061 20.386500 W,1.6,205.0,A,DoorSpread,DoorMaster,0.000000,E,P,169743.000000
Tue Sep 16 18:33:40 2025,16-Sep-2025,213347,46 51.982700 N,061 20.386800 W,1.6,205.0,A,DoorSpread,DoorMaster,0.000000,E,P,169743.000000
Tue Sep 16 18:33:42 2025,16-Sep-2025,213348,46 51.982400 N,061 20.387100 W,1.5,204.9,A,Primary,Headline,7.571429,D,S,174896.000000
Tue Sep 16 18:33:44 2025,16-Sep-2025,213349,46 51.982000 N,061 20.387300 W,1.5,205.1,A,Depth,Depth,59.629630,D,S,141294.000000
Tue Sep 16 18:33:44 2025,16-Sep-2025,213350,46 51.981600 N,061 20.387800 W,1.6,205.2,A,Depth,Depth,59.629630,D,S,141294.000000
Tue Sep 16 18:33:45 2025,16-Sep-2025,213351,46 51.981200 N,061 20.388200 W,1.7,205.2,A,DoorSpread,DoorMaster,0.000000,E,S,191617.000000
Tue Sep 16 18:33:45 2025,16-Sep-2025,213352,46 51.980900 N,061 20.388400 W,1.6,205.0,A,DoorSpread,DoorMaster,0.000000,E,S,191617.000000
Tue Sep 16 18:33:47 2025,16-Sep-2025,213353,46 51.980500 N,061 20.388600 W,1.6,204.7,A,Primary,Headline,8.183673,D,S,119109.000000
Tue Sep 16 18:33:47 2025,16-Sep-2025,213354,46 51.980100 N,061 20.388800 W,1.6,204.3,A,Primary,Headline,8.183673,D,S,119109.000000
Tue Sep 16 18:33:47 2025,16-Sep-2025,213355,46 51.979700 N,061 20.389100 W,1.6,204.0,A,Primary,Headline,8.183673,D,S,119109.000000
Tue Sep 16 18:33:50 2025,16-Sep-2025,213356,46 51.979300 N,061 20.389400 W,1.6,203.8,A,DoorSpread,DoorMaster,0.000000,E,P,182050.000000
Tue Sep 16 18:33:51 2025,16-Sep-2025,213357,46 51.978900 N,061 20.389600 W,1.6,203.5,A,Depth,Depth,58.518519,D,S,108276.000000
Tue Sep 16 18:33:53 2025,16-Sep-2025,213358,46 51.978400 N,061 20.389700 W,1.6,203.1,A,Primary,Headline,9.102041,D,S,169656.000000
Tue Sep 16 18:33:53 2025,16-Sep-2025,213359,46 51.978000 N,061 20.390000 W,1.6,202.8,A,Primary,Headline,9.102041,D,S,169656.000000
Tue Sep 16 18:33:53 2025,16-Sep-2025,213400,46 51.977600 N,061 20.390300 W,1.6,202.7,A,Primary,Headline,9.102041,D,S,169656.000000
Tue Sep 16 18:33:55 2025,16-Sep-2025,213401,46 51.977200 N,061 20.390500 W,1.6,202.5,A,DoorSpread,DoorMaster,0.000000,E,S,248580.000000
Tue Sep 16 18:33:55 2025,16-Sep-2025,213402,46 51.976800 N,061 20.390700 W,1.6,202.3,A,DoorSpread,DoorMaster,0.000000,E,S,248580.000000
Tue Sep 16 18:33:55 2025,16-Sep-2025,213403,46 51.976400 N,061 20.391000 W,1.6,202.1,A,DoorSpread,DoorMaster,0.000000,E,S,248580.000000
Tue Sep 16 18:33:58 2025,16-Sep-2025,213404,46 51.975900 N,061 20.391200 W,1.7,201.9,A,Depth,Depth,57.129630,D,P,89195.000000
Tue Sep 16 18:33:58 2025,16-Sep-2025,213405,46 51.975400 N,061 20.391500 W,1.7,201.9,A,Depth,Depth,57.129630,D,P,89195.000000
Tue Sep 16 18:34:00 2025,16-Sep-2025,213406,46 51.975000 N,061 20.391700 W,1.7,201.8,A,DoorSpread,DoorMaster,0.000000,E,P,53633.000000
Tue Sep 16 18:34:00 2025,16-Sep-2025,213407,46 51.974500 N,061 20.391900 W,1.7,201.5,A,DoorSpread,DoorMaster,0.000000,E,P,53633.000000
Tue Sep 16 18:34:00 2025,16-Sep-2025,213408,46 51.974100 N,061 20.392100 W,1.7,201.5,A,DoorSpread,DoorMaster,0.000000,E,P,53633.000000
Tue Sep 16 18:34:00 2025,16-Sep-2025,213409,46 51.973700 N,061 20.392400 W,1.7,201.5,A,DoorSpread,DoorMaster,0.000000,E,P,53633.000000
Tue Sep 16 18:34:00 2025,16-Sep-2025,213410,46 51.973300 N,061 20.392500 W,1.7,201.2,A,DoorSpread,DoorMaster,0.000000,E,P,53633.000000
Tue Sep 16 18:34:05 2025,16-Sep-2025,213411,46 51.972700 N,061 20.392600 W,1.8,200.5,A,DoorSpread,DoorMaster,0.000000,E,P,345974.000000
Tue Sep 16 18:34:05 2025,16-Sep-2025,213412,46 51.972200 N,061 20.392700 W,1.7,200.1,A,DoorSpread,DoorMaster,0.000000,E,P,345974.000000
Tue Sep 16 18:34:05 2025,16-Sep-2025,213413,46 51.971800 N,061 20.392900 W,1.7,200.0,A,DoorSpread,DoorMaster,0.000000,E,P,345974.000000
Tue Sep 16 18:34:08 2025,16-Sep-2025,213414,46 51.971400 N,061 20.393200 W,1.7,200.1,A,Primary,Headline,10.653061,D,S,300745.000000
Tue Sep 16 18:34:08 2025,16-Sep-2025,213415,46 51.970900 N,061 20.393500 W,1.8,200.3,A,Primary,Headline,10.653061,D,S,300745.000000
Tue Sep 16 18:34:11 2025,16-Sep-2025,213416,46 51.970400 N,061 20.393700 W,1.7,200.5,A,DoorSpread,DoorMaster,0.000000,E,P,293726.000000
Tue Sep 16 18:34:11 2025,16-Sep-2025,213417,46 51.970000 N,061 20.394000 W,1.7,200.6,A,DoorSpread,DoorMaster,0.000000,E,P,293726.000000
Tue Sep 16 18:34:12 2025,16-Sep-2025,213418,46 51.969600 N,061 20.394200 W,1.7,200.5,A,Depth,Depth,54.444444,D,S,134602.000000
Tue Sep 16 18:34:13 2025,16-Sep-2025,213419,46 51.969100 N,061 20.394400 W,1.7,200.6,A,Primary,Headline,10.877551,D,S,238028.000000
Tue Sep 16 18:34:13 2025,16-Sep-2025,213420,46 51.968700 N,061 20.394700 W,1.7,200.9,A,Primary,Headline,10.877551,D,S,238028.000000
Tue Sep 16 18:34:16 2025,16-Sep-2025,213421,46 51.968300 N,061 20.395100 W,1.7,201.2,A,DoorSpread,DoorMaster,0.000000,E,P,137391.000000
Tue Sep 16 18:34:16 2025,16-Sep-2025,213422,46 51.967800 N,061 20.395400 W,1.7,201.3,A,DoorSpread,DoorMaster,0.000000,E,P,137391.000000
Tue Sep 16 18:34:16 2025,16-Sep-2025,213423,46 51.967400 N,061 20.395600 W,1.7,201.4,A,DoorSpread,DoorMaster,0.000000,E,P,137391.000000
Tue Sep 16 18:34:18 2025,16-Sep-2025,213424,46 51.967000 N,061 20.395900 W,1.7,201.5,A,Primary,Headline,12.673469,D,S,181543.000000
Tue Sep 16 18:34:20 2025,16-Sep-2025,213425,46 51.966500 N,061 20.396200 W,1.7,201.8,A,Depth,Depth,52.962963,D,S,104329.000000
Tue Sep 16 18:34:21 2025,16-Sep-2025,213426,46 51.966100 N,061 20.396600 W,1.7,202.0,A,DoorSpread,DoorMaster,0.000000,E,P,60886.000000
Tue Sep 16 18:34:21 2025,16-Sep-2025,213427,46 51.965700 N,061 20.396800 W,1.7,202.2,A,DoorSpread,DoorMaster,0.000000,E,P,60886.000000
Tue Sep 16 18:34:21 2025,16-Sep-2025,213428,46 51.965300 N,061 20.397100 W,1.7,202.4,A,DoorSpread,DoorMaster,0.000000,E,P,60886.000000
Tue Sep 16 18:34:24 2025,16-Sep-2025,213429,46 51.964800 N,061 20.397200 W,1.8,202.4,A,Primary,Headline,13.326531,D,S,242941.000000
Tue Sep 16 18:34:24 2025,16-Sep-2025,213430,46 51.964300 N,061 20.397400 W,1.7,202.6,A,Primary,Headline,13.326531,D,S,242941.000000
Tue Sep 16 18:34:26 2025,16-Sep-2025,213431,46 51.964000 N,061 20.397700 W,1.7,202.7,A,DoorSpread,DoorMaster,0.000000,E,P,239874.000000
Tue Sep 16 18:34:26 2025,16-Sep-2025,213432,46 51.963400 N,061 20.397800 W,1.8,202.4,A,DoorSpread,DoorMaster,0.000000,E,P,239874.000000
Tue Sep 16 18:34:27 2025,16-Sep-2025,213433,46 51.962800 N,061 20.397900 W,1.8,202.1,A,Depth,Depth,51.574074,D,S,214508.000000
Tue Sep 16 18:34:27 2025,16-Sep-2025,213434,46 51.962300 N,061 20.398100 W,1.8,202.1,A,Depth,Depth,51.574074,D,S,214508.000000
Tue Sep 16 18:34:29 2025,16-Sep-2025,213435,46 51.961900 N,061 20.398300 W,1.7,202.3,A,Primary,Headline,15.224490,D,S,330450.000000
Tue Sep 16 18:34:31 2025,16-Sep-2025,213436,46 51.961400 N,061 20.398600 W,1.8,202.4,A,DoorSpread,DoorMaster,0.000000,E,P,150014.000000
Tue Sep 16 18:34:31 2025,16-Sep-2025,213437,46 51.961000 N,061 20.398800 W,1.7,202.4,A,DoorSpread,DoorMaster,0.000000,E,P,150014.000000
Tue Sep 16 18:34:31 2025,16-Sep-2025,213438,46 51.960500 N,061 20.399000 W,1.7,202.4,A,DoorSpread,DoorMaster,0.000000,E,P,150014.000000
Tue Sep 16 18:34:31 2025,16-Sep-2025,213439,46 51.960100 N,061 20.399300 W,1.7,202.5,A,DoorSpread,DoorMaster,0.000000,E,P,150014.000000
Tue Sep 16 18:34:34 2025,16-Sep-2025,213440,46 51.959600 N,061 20.399700 W,1.8,202.8,A,Primary,Headline,16.653061,D,S,268560.000000
Tue Sep 16 18:34:36 2025,16-Sep-2025,213441,46 51.959200 N,061 20.400000 W,1.8,203.0,A,DoorSpread,DoorMaster,0.000000,E,S,320676.000000
Tue Sep 16 18:34:36 2025,16-Sep-2025,213442,46 51.958700 N,061 20.400300 W,1.8,203.0,A,DoorSpread,DoorMaster,0.000000,E,S,320676.000000
Tue Sep 16 18:34:36 2025,16-Sep-2025,213443,46 51.958300 N,061 20.400500 W,1.7,202.9,A,DoorSpread,DoorMaster,0.000000,E,S,320676.000000
Tue Sep 16 18:34:36 2025,16-Sep-2025,213444,46 51.957800 N,061 20.400800 W,1.7,202.9,A,DoorSpread,DoorMaster,0.000000,E,S,320676.000000
Tue Sep 16 18:34:39 2025,16-Sep-2025,213445,46 51.957400 N,061 20.401200 W,1.7,203.1,A,Primary,Headline,18.020408,D,S,359173.000000
Tue Sep 16 18:34:41 2025,16-Sep-2025,213446,46 51.956900 N,061 20.401500 W,1.8,203.1,A,DoorSpread,DoorMaster,0.000000,E,S,863924.000000
Tue Sep 16 18:34:41 2025,16-Sep-2025,213447,46 51.956500 N,061 20.401700 W,1.7,203.0,A,Depth,Depth,47.222222,D,S,239992.000000
Tue Sep 16 18:34:41 2025,16-Sep-2025,213448,46 51.956000 N,061 20.402000 W,1.7,203.0,A,Depth,Depth,47.222222,D,S,239992.000000
Tue Sep 16 18:34:41 2025,16-Sep-2025,213449,46 51.955600 N,061 20.402300 W,1.8,203.0,A,Depth,Depth,47.222222,D,S,239992.000000
Tue Sep 16 18:34:41 2025,16-Sep-2025,213450,46 51.955100 N,061 20.402600 W,1.8,203.0,A,Depth,Depth,47.222222,D,S,239992.000000
Tue Sep 16 18:34:46 2025,16-Sep-2025,213451,46 51.954600 N,061 20.403000 W,1.8,202.9,A,DoorSpread,DoorMaster,0.000000,E,P,70724.000000
Tue Sep 16 18:34:46 2025,16-Sep-2025,213452,46 51.954200 N,061 20.403300 W,1.8,202.9,A,DoorSpread,DoorMaster,0.000000,E,S,608601.000000
Tue Sep 16 18:34:46 2025,16-Sep-2025,213453,46 51.953700 N,061 20.403600 W,1.8,202.7,A,DoorSpread,DoorMaster,0.000000,E,S,608601.000000
Tue Sep 16 18:34:48 2025,16-Sep-2025,213454,46 51.953200 N,061 20.403800 W,1.7,202.5,A,Depth,Depth,45.000000,D,S,240860.000000
Tue Sep 16 18:34:48 2025,16-Sep-2025,213455,46 51.952800 N,061 20.404100 W,1.8,202.3,A,Depth,Depth,45.000000,D,S,240860.000000
Tue Sep 16 18:34:51 2025,16-Sep-2025,213456,46 51.952300 N,061 20.404400 W,1.8,202.3,A,DoorSpread,DoorMaster,0.000000,E,P,249743.000000
Tue Sep 16 18:34:51 2025,16-Sep-2025,213457,46 51.951800 N,061 20.404800 W,1.8,202.3,A,DoorSpread,DoorMaster,0.000000,E,S,701916.000000
Tue Sep 16 18:34:51 2025,16-Sep-2025,213458,46 51.951300 N,061 20.405100 W,1.8,202.1,A,DoorSpread,DoorMaster,0.000000,E,S,701916.000000
Tue Sep 16 18:34:51 2025,16-Sep-2025,213459,46 51.950800 N,061 20.405300 W,1.8,201.9,A,DoorSpread,DoorMaster,0.000000,E,S,701916.000000
Tue Sep 16 18:34:51 2025,16-Sep-2025,213500,46 51.950400 N,061 20.405600 W,1.8,201.6,A,DoorSpread,DoorMaster,0.000000,E,S,701916.000000
Tue Sep 16 18:34:56 2025,16-Sep-2025,213501,46 51.949800 N,061 20.405500 W,1.8,201.2,A,Primary,Headline,22.755102,D,P,162547.000000
Tue Sep 16 18:34:56 2025,16-Sep-2025,213502,46 51.949200 N,061 20.405700 W,1.8,200.8,A,DoorSpread,DoorMaster,0.000000,E,P,259235.000000
Tue Sep 16 18:34:56 2025,16-Sep-2025,213503,46 51.948800 N,061 20.405900 W,1.8,200.7,A,DoorSpread,DoorMaster,0.000000,E,P,259235.000000
Tue Sep 16 18:34:56 2025,16-Sep-2025,213504,46 51.948300 N,061 20.406100 W,1.8,200.7,A,DoorSpread,DoorMaster,0.000000,E,P,259235.000000
Tue Sep 16 18:34:56 2025,16-Sep-2025,213505,46 51.947900 N,061 20.406500 W,1.9,200.4,A,DoorSpread,DoorMaster,0.000000,E,P,259235.000000
Tue Sep 16 18:34:56 2025,16-Sep-2025,213506,46 51.947400 N,061 20.406800 W,1.9,200.2,A,DoorSpread,DoorMaster,0.000000,E,P,259235.000000
Tue Sep 16 18:35:01 2025,16-Sep-2025,213507,46 51.947100 N,061 20.407000 W,1.8,200.2,A,Primary,Headline,24.551020,D,S,173529.000000
Tue Sep 16 18:35:03 2025,16-Sep-2025,213508,46 51.946700 N,061 20.407300 W,1.8,200.2,A,Depth,Depth,41.481481,D,S,176385.000000
Tue Sep 16 18:35:03 2025,16-Sep-2025,213509,46 51.946300 N,061 20.407700 W,1.9,200.3,A,Depth,Depth,41.481481,D,S,176385.000000
Tue Sep 16 18:35:03 2025,16-Sep-2025,213510,46 51.945700 N,061 20.408100 W,1.9,200.6,A,Depth,Depth,41.481481,D,S,176385.000000
Tue Sep 16 18:35:03 2025,16-Sep-2025,213511,46 51.945100 N,061 20.408400 W,1.9,200.9,A,Depth,Depth,41.481481,D,S,176385.000000
Tue Sep 16 18:35:06 2025,16-Sep-2025,213512,46 51.944700 N,061 20.408700 W,1.8,201.0,A,Primary,Headline,26.448980,D,S,167350.000000
Tue Sep 16 18:35:06 2025,16-Sep-2025,213513,46 51.944300 N,061 20.408900 W,1.8,201.2,A,Primary,Headline,26.448980,D,S,167350.000000
Tue Sep 16 18:35:06 2025,16-Sep-2025,213514,46 51.943700 N,061 20.409100 W,1.9,201.4,A,Primary,Headline,26.448980,D,S,167350.000000
Tue Sep 16 18:35:06 2025,16-Sep-2025,213515,46 51.943200 N,061 20.409300 W,1.9,201.5,A,Primary,Headline,26.448980,D,S,167350.000000
Tue Sep 16 18:35:10 2025,16-Sep-2025,213516,46 51.942700 N,061 20.409500 W,1.8,201.7,A,Depth,Depth,38.240741,D,S,150818.000000
Tue Sep 16 18:35:11 2025,16-Sep-2025,213517,46 51.942200 N,061 20.409900 W,1.9,202.2,A,DoorSpread,DoorMaster,0.000000,E,S,275415.000000
Tue Sep 16 18:35:12 2025,16-Sep-2025,213518,46 51.941600 N,061 20.410300 W,1.9,202.5,A,Primary,Headline,29.142857,D,P,53049.000000
Tue Sep 16 18:35:12 2025,16-Sep-2025,213519,46 51.941100 N,061 20.410600 W,1.9,202.6,A,Primary,Headline,29.142857,D,P,53049.000000
Tue Sep 16 18:35:12 2025,16-Sep-2025,213520,46 51.940500 N,061 20.410900 W,1.9,202.7,A,Primary,Headline,29.142857,D,P,53049.000000
Tue Sep 16 18:35:12 2025,16-Sep-2025,213521,46 51.940100 N,061 20.411200 W,1.8,202.8,A,Primary,Headline,29.142857,D,P,53049.000000
Tue Sep 16 18:35:16 2025,16-Sep-2025,213522,46 51.939700 N,061 20.411500 W,1.8,203.0,A,DoorSpread,DoorMaster,0.000000,E,S,631728.000000
Tue Sep 16 18:35:17 2025,16-Sep-2025,213523,46 51.939300 N,061 20.411800 W,1.9,203.5,A,Primary,Headline,30.857143,D,P,268613.000000
Tue Sep 16 18:35:17 2025,16-Sep-2025,213524,46 51.938900 N,061 20.412000 W,1.9,203.7,A,Primary,Headline,30.857143,D,P,268613.000000
Tue Sep 16 18:35:17 2025,16-Sep-2025,213525,46 51.938500 N,061 20.412200 W,1.9,203.7,A,Primary,Headline,30.857143,D,P,268613.000000
Tue Sep 16 18:35:17 2025,16-Sep-2025,213526,46 51.938200 N,061 20.412400 W,1.8,203.9,A,Primary,Headline,30.857143,D,P,268613.000000
Tue Sep 16 18:35:21 2025,16-Sep-2025,213527,46 51.937800 N,061 20.412800 W,1.8,204.2,A,DoorSpread,DoorMaster,0.000000,E,P,199967.000000
Tue Sep 16 18:35:21 2025,16-Sep-2025,213528,46 51.937200 N,061 20.413200 W,1.8,204.4,A,DoorSpread,DoorMaster,0.000000,E,P,199967.000000
Tue Sep 16 18:35:23 2025,16-Sep-2025,213529,46 51.936700 N,061 20.413600 W,1.9,204.6,A,Primary,Headline,33.122449,D,S,271978.000000
Tue Sep 16 18:35:24 2025,16-Sep-2025,213530,46 51.936200 N,061 20.414000 W,1.8,204.6,A,Depth,Depth,32.129630,D,S,154869.000000
Tue Sep 16 18:35:24 2025,16-Sep-2025,213531,46 51.935700 N,061 20.414300 W,1.8,204.7,A,Depth,Depth,32.129630,D,S,154869.000000
Tue Sep 16 18:35:26 2025,16-Sep-2025,213532,46 51.935300 N,061 20.414700 W,1.8,204.8,A,DoorSpread,DoorMaster,0.000000,E,P,305101.000000
Tue Sep 16 18:35:26 2025,16-Sep-2025,213533,46 51.934800 N,061 20.415000 W,1.8,204.8,A,DoorSpread,DoorMaster,0.000000,E,P,305101.000000
Tue Sep 16 18:35:28 2025,16-Sep-2025,213534,46 51.934300 N,061 20.415300 W,1.8,204.9,A,Primary,Headline,3.000000,D,S,493197.000000
Tue Sep 16 18:35:28 2025,16-Sep-2025,213535,46 51.933900 N,061 20.415700 W,1.8,205.1,A,Primary,Headline,3.000000,D,S,493197.000000
Tue Sep 16 18:35:28 2025,16-Sep-2025,213536,46 51.933500 N,061 20.416100 W,1.8,205.3,A,Primary,Headline,3.000000,D,S,493197.000000
Tue Sep 16 18:35:31 2025,16-Sep-2025,213537,46 51.933100 N,061 20.416200 W,1.8,204.4,A,Depth,Depth,29.259259,D,S,332917.000000
Tue Sep 16 18:35:31 2025,16-Sep-2025,213538,46 51.932500 N,061 20.416200 W,1.8,203.7,A,Depth,Depth,29.259259,D,S,332917.000000
Tue Sep 16 18:35:34 2025,16-Sep-2025,213539,46 51.932000 N,061 20.416400 W,1.8,203.5,A,Primary,Headline,37.510204,D,P,228398.000000
Tue Sep 16 18:35:34 2025,16-Sep-2025,213540,46 51.931600 N,061 20.416700 W,1.8,203.5,A,Primary,Headline,37.510204,D,P,228398.000000
Tue Sep 16 18:35:34 2025,16-Sep-2025,213541,46 51.931100 N,061 20.417000 W,1.8,203.3,A,Primary,Headline,37.510204,D,P,228398.000000
Tue Sep 16 18:35:36 2025,16-Sep-2025,213542,46 51.930600 N,061 20.417200 W,1.8,203.2,A,DoorSpread,DoorMaster,0.000000,E,P,735297.000000
Tue Sep 16 18:35:36 2025,16-Sep-2025,213543,46 51.930100 N,061 20.417400 W,1.8,203.1,A,DoorSpread,DoorMaster,0.000000,E,P,735297.000000
Tue Sep 16 18:35:38 2025,16-Sep-2025,213544,46 51.929600 N,061 20.417800 W,1.9,203.4,A,Depth,Depth,25.462963,D,S,61163.000000
Tue Sep 16 18:35:39 2025,16-Sep-2025,213545,46 51.929000 N,061 20.418000 W,1.9,203.5,A,Primary,Headline,3.244898,D,S,286941.000000
