Ship Number,Trip Number,Tow Number
Avalon Voyager,4,5
Comments
"Zone 19"
CPU Date and Time,GPS Date,GPS Time,Latitude,Longitude,Speed,Heading,Validity,Transducer Name,Sensor Name,Sensor Value,Error Code,Hydrophone,Signal Strength
Tue Sep 16 11:23:15 2025,16-Sep-2025,142322,46 41.252500 N,061 7.664000 W,3.0,184.1,A,DoorSpread,DoorMaster,1.165000,D,P,29741.000000
Tue Sep 16 11:23:16 2025,16-Sep-2025,142323,46 41.251700 N,061 7.664100 W,3.0,183.6,A,Primary,Headline,5.020408,D,S,29603.000000
Tue Sep 16 11:23:16 2025,16-Sep-2025,142324,46 41.250800 N,061 7.664100 W,3.0,181.7,A,Primary,Headline,5.020408,D,S,29603.000000
Tue Sep 16 11:23:16 2025,16-Sep-2025,142325,46 41.250000 N,061 7.664000 W,3.0,180.4,A,Primary,Headline,5.020408,D,S,29603.000000
Tue Sep 16 11:23:16 2025,16-Sep-2025,142326,46 41.249300 N,061 7.664000 W,3.0,180.8,A,Primary,Headline,5.020408,D,S,29603.000000
Tue Sep 16 11:23:21 2025,16-Sep-2025,142327,46 41.248500 N,061 7.664100 W,3.0,181.2,A,DoorSpread,DoorMaster,2.490000,D,S,46859.000000
Tue Sep 16 11:23:21 2025,16-Sep-2025,142328,46 41.247600 N,061 7.664200 W,3.0,182.0,A,DoorSpread,DoorMaster,2.490000,D,S,46859.000000
Tue Sep 16 11:23:21 2025,16-Sep-2025,142329,46 41.246800 N,061 7.664300 W,3.0,182.8,A,DoorSpread,DoorMaster,2.490000,D,S,46859.000000
Tue Sep 16 11:23:21 2025,16-Sep-2025,142330,46 41.246100 N,061 7.664400 W,2.9,183.1,A,DoorSpread,DoorMaster,2.490000,D,S,46859.000000
Tue Sep 16 11:23:21 2025,16-Sep-2025,142331,46 41.245400 N,061 7.664500 W,2.9,183.1,A,DoorSpread,DoorMaster,2.490000,D,S,46859.000000
Tue Sep 16 11:23:26 2025,16-Sep-2025,142332,46 41.244600 N,061 7.664400 W,3.0,182.7,A,DoorSpread,DoorMaster,0.680000,D,S,25598.000000
Tue Sep 16 11:23:26 2025,16-Sep-2025,142333,46 41.243700 N,061 7.664400 W,3.0,182.5,A,DoorSpread,DoorMaster,0.680000,D,S,25598.000000
Tue Sep 16 11:23:26 2025,16-Sep-2025,142334,46 41.242800 N,061 7.664300 W,2.9,182.2,A,DoorSpread,DoorMaster,0.680000,D,S,25598.000000
Tue Sep 16 11:23:26 2025,16-Sep-2025,142335,46 41.242100 N,061 7.664400 W,3.0,182.3,A,DoorSpread,DoorMaster,0.680000,D,S,25598.000000
Tue Sep 16 11:23:26 2025,16-Sep-2025,142336,46 41.241200 N,061 7.664600 W,3.0,183.3,A,DoorSpread,DoorMaster,0.680000,D,S,25598.000000
Tue Sep 16 11:23:26 2025,16-Sep-2025,142337,46 41.240300 N,061 7.664600 W,3.0,183.4,A,DoorSpread,DoorMaster,0.680000,D,S,25598.000000
Tue Sep 16 11:23:31 2025,16-Sep-2025,142338,46 41.239600 N,061 7.664300 W,2.9,182.9,A,DoorSpread,DoorMaster,1.300000,D,P,33562.000000
Tue Sep 16 11:23:31 2025,16-Sep-2025,142339,46 41.239000 N,061 7.664100 W,2.9,182.4,A,DoorSpread,DoorMaster,1.300000,D,P,33562.000000
Tue Sep 16 11:23:31 2025,16-Sep-2025,142340,46 41.238200 N,061 7.664100 W,3.0,183.4,A,DoorSpread,DoorMaster,1.300000,D,P,33562.000000
Tue Sep 16 11:23:31 2025,16-Sep-2025,142341,46 41.237400 N,061 7.664300 W,3.0,183.2,A,DoorSpread,DoorMaster,1.300000,D,P,33562.000000
Tue Sep 16 11:23:31 2025,16-Sep-2025,142342,46 41.236600 N,061 7.664400 W,3.0,182.7,A,DoorSpread,DoorMaster,1.300000,D,P,33562.000000
Tue Sep 16 11:23:37 2025,16-Sep-2025,142343,46 41.235900 N,061 7.664300 W,2.9,181.8,A,DoorSpread,DoorMaster,1.760000,D,P,48232.000000
Tue Sep 16 11:23:37 2025,16-Sep-2025,142344,46 41.235200 N,061 7.664400 W,2.9,181.0,A,DoorSpread,DoorMaster,1.760000,D,P,48232.000000
Tue Sep 16 11:23:37 2025,16-Sep-2025,142345,46 41.234300 N,061 7.664400 W,2.9,180.2,A,DoorSpread,DoorMaster,1.760000,D,P,48232.000000
Tue Sep 16 11:23:37 2025,16-Sep-2025,142346,46 41.233400 N,061 7.664400 W,2.9,179.5,A,DoorSpread,DoorMaster,1.760000,D,P,48232.000000
Tue Sep 16 11:23:37 2025,16-Sep-2025,142347,46 41.232500 N,061 7.664500 W,2.8,179.0,A,DoorSpread,DoorMaster,1.760000,D,P,48232.000000
Tue Sep 16 11:23:42 2025,16-Sep-2025,142348,46 41.231600 N,061 7.664600 W,2.8,178.9,A,DoorSpread,DoorMaster,1.350000,D,P,67602.000000
Tue Sep 16 11:23:42 2025,16-Sep-2025,142349,46 41.230700 N,061 7.664700 W,2.9,178.9,A,DoorSpread,DoorMaster,1.350000,D,P,67602.000000
Tue Sep 16 11:23:42 2025,16-Sep-2025,142350,46 41.229800 N,061 7.664700 W,2.9,178.7,A,DoorSpread,DoorMaster,1.350000,D,P,67602.000000
Tue Sep 16 11:23:42 2025,16-Sep-2025,142351,46 41.228900 N,061 7.664500 W,2.9,178.2,A,DoorSpread,DoorMaster,1.350000,D,P,67602.000000
Tue Sep 16 11:23:45 2025,16-Sep-2025,142352,46 41.228100 N,061 7.664300 W,2.8,177.6,A,Depth,Depth,10.092593,D,S,20342.000000
Tue Sep 16 11:23:47 2025,16-Sep-2025,142353,46 41.227300 N,061 7.664100 W,2.8,177.2,A,DoorSpread,DoorMaster,1.305000,D,P,172786.000000
Tue Sep 16 11:23:47 2025,16-Sep-2025,142354,46 41.226600 N,061 7.664200 W,2.8,177.2,A,DoorSpread,DoorMaster,1.305000,D,P,172786.000000
Tue Sep 16 11:23:47 2025,16-Sep-2025,142355,46 41.225800 N,061 7.664400 W,2.8,177.3,A,DoorSpread,DoorMaster,1.305000,D,P,172786.000000
Tue Sep 16 11:23:47 2025,16-Sep-2025,142356,46 41.225100 N,061 7.664400 W,2.8,177.4,A,DoorSpread,DoorMaster,1.305000,D,P,172786.000000
Tue Sep 16 11:23:47 2025,16-Sep-2025,142357,46 41.224300 N,061 7.664200 W,2.8,177.3,A,DoorSpread,DoorMaster,1.305000,D,P,172786.000000
Tue Sep 16 11:23:51 2025,16-Sep-2025,142358,46 41.223600 N,061 7.664100 W,2.8,177.3,A,Primary,Headline,0.959184,D,P,30508.000000
Tue Sep 16 11:23:52 2025,16-Sep-2025,142359,46 41.222900 N,061 7.663900 W,2.8,177.3,A,DoorSpread,DoorMaster,1.180000,D,P,328236.000000
Tue Sep 16 11:23:52 2025,16-Sep-2025,142400,46 41.222300 N,061 7.663800 W,2.7,177.1,A,DoorSpread,DoorMaster,1.180000,D,P,328236.000000
Tue Sep 16 11:23:52 2025,16-Sep-2025,142401,46 41.221700 N,061 7.663700 W,2.8,177.1,A,DoorSpread,DoorMaster,1.180000,D,P,328236.000000
Tue Sep 16 11:23:52 2025,16-Sep-2025,142402,46 41.221000 N,061 7.663800 W,2.8,177.5,A,DoorSpread,DoorMaster,1.180000,D,P,328236.000000
Tue Sep 16 11:23:56 2025,16-Sep-2025,142403,46 41.220300 N,061 7.663800 W,2.7,177.9,A,Primary,Headline,7.061224,D,S,7255.000000
Tue Sep 16 11:23:58 2025,16-Sep-2025,142404,46 41.219600 N,061 7.663800 W,2.7,178.2,A,DoorSpread,DoorMaster,3.185000,D,P,131241.000000
Tue Sep 16 11:23:58 2025,16-Sep-2025,142405,46 41.218800 N,061 7.663600 W,2.8,178.1,A,DoorSpread,DoorMaster,3.185000,D,P,131241.000000
Tue Sep 16 11:23:58 2025,16-Sep-2025,142406,46 41.217900 N,061 7.663500 W,2.7,177.8,A,DoorSpread,DoorMaster,3.185000,D,P,131241.000000
Tue Sep 16 11:23:58 2025,16-Sep-2025,142407,46 41.217200 N,061 7.663400 W,2.7,177.8,A,DoorSpread,DoorMaster,3.185000,D,P,131241.000000
Tue Sep 16 11:23:58 2025,16-Sep-2025,142408,46 41.216500 N,061 7.663500 W,2.7,178.3,A,DoorSpread,DoorMaster,3.185000,D,P,131241.000000
Tue Sep 16 11:24:03 2025,16-Sep-2025,142409,46 41.215600 N,061 7.663700 W,2.7,179.1,A,DoorSpread,DoorMaster,1.880000,D,S,267080.000000
Tue Sep 16 11:24:03 2025,16-Sep-2025,142410,46 41.214700 N,061 7.663800 W,2.8,179.7,A,DoorSpread,DoorMaster,1.880000,D,S,267080.000000
Tue Sep 16 11:24:03 2025,16-Sep-2025,142411,46 41.213700 N,061 7.663800 W,3.0,179.9,A,DoorSpread,DoorMaster,1.880000,D,S,267080.000000
Tue Sep 16 11:24:03 2025,16-Sep-2025,142412,46 41.212800 N,061 7.663800 W,3.1,179.4,A,DoorSpread,DoorMaster,1.880000,D,S,267080.000000
Tue Sep 16 11:24:03 2025,16-Sep-2025,142413,46 41.211800 N,061 7.663800 W,3.2,179.2,A,DoorSpread,DoorMaster,1.880000,D,S,267080.000000
Tue Sep 16 11:24:03 2025,16-Sep-2025,142414,46 41.210700 N,061 7.663800 W,3.3,179.8,A,DoorSpread,DoorMaster,1.880000,D,S,267080.000000
Tue Sep 16 11:24:08 2025,16-Sep-2025,142415,46 41.209500 N,061 7.663800 W,3.5,180.7,A,DoorSpread,DoorMaster,2.325000,D,S,472026.000000
Tue Sep 16 11:24:08 2025,16-Sep-2025,142416,46 41.208400 N,061 7.663800 W,3.6,181.5,A,DoorSpread,DoorMaster,2.325000,D,S,472026.000000
Tue Sep 16 11:24:08 2025,16-Sep-2025,142417,46 41.207100 N,061 7.663900 W,3.9,182.4,A,DoorSpread,DoorMaster,2.325000,D,S,472026.000000
Tue Sep 16 11:24:08 2025,16-Sep-2025,142418,46 41.205800 N,061 7.663900 W,4.1,182.1,A,DoorSpread,DoorMaster,2.325000,D,S,472026.000000
Tue Sep 16 11:24:08 2025,16-Sep-2025,142419,46 41.204500 N,061 7.663800 W,4.3,181.3,A,DoorSpread,DoorMaster,2.325000,D,S,472026.000000
Tue Sep 16 11:24:14 2025,16-Sep-2025,142420,46 41.203200 N,061 7.663800 W,4.4,180.9,A,DoorSpread,DoorMaster,2.580000,D,S,900444.000000
Tue Sep 16 11:24:14 2025,16-Sep-2025,142421,46 41.201900 N,061 7.663800 W,4.4,181.3,A,DoorSpread,DoorMaster,2.580000,D,S,900444.000000
Tue Sep 16 11:24:14 2025,16-Sep-2025,142422,46 41.200600 N,061 7.663900 W,4.5,181.9,A,DoorSpread,DoorMaster,2.580000,D,S,900444.000000
Tue Sep 16 11:24:14 2025,16-Sep-2025,142423,46 41.199200 N,061 7.664100 W,4.6,182.7,A,DoorSpread,DoorMaster,2.580000,D,S,900444.000000
Tue Sep 16 11:24:14 2025,16-Sep-2025,142424,46 41.197700 N,061 7.664300 W,4.6,183.1,A,DoorSpread,DoorMaster,2.580000,D,S,900444.000000
Tue Sep 16 11:24:14 2025,16-Sep-2025,142425,46 41.196200 N,061 7.664500 W,4.8,183.1,A,DoorSpread,DoorMaster,2.580000,D,S,900444.000000
Tue Sep 16 11:24:19 2025,16-Sep-2025,142426,46 41.194700 N,061 7.664500 W,4.9,182.6,A,DoorSpread,DoorMaster,10.695000,D,S,847063.000000
Tue Sep 16 11:24:19 2025,16-Sep-2025,142427,46 41.193000 N,061 7.664500 W,5.0,182.3,A,DoorSpread,DoorMaster,10.695000,D,S,847063.000000
Tue Sep 16 11:24:22 2025,16-Sep-2025,142428,46 41.191600 N,061 7.664500 W,5.0,182.1,A,Primary,Headline,3.551020,D,S,126727.000000
Tue Sep 16 11:24:22 2025,16-Sep-2025,142429,46 41.190200 N,061 7.664600 W,4.9,182.4,A,Primary,Headline,3.551020,D,S,126727.000000
Tue Sep 16 11:24:22 2025,16-Sep-2025,142430,46 41.188900 N,061 7.664800 W,4.9,183.0,A,Primary,Headline,3.551020,D,S,126727.000000
Tue Sep 16 11:24:22 2025,16-Sep-2025,142431,46 41.187500 N,061 7.665100 W,5.0,183.6,A,Primary,Headline,3.551020,D,S,126727.000000
Tue Sep 16 11:24:25 2025,16-Sep-2025,142432,46 41.186000 N,061 7.665300 W,5.1,183.7,A,DoorSpread,DoorMaster,7.225000,D,P,124136.000000
Tue Sep 16 11:24:27 2025,16-Sep-2025,142433,46 41.184500 N,061 7.665400 W,5.1,183.3,A,Primary,Headline,3.673469,D,S,154562.000000
Tue Sep 16 11:24:27 2025,16-Sep-2025,142434,46 41.183000 N,061 7.665400 W,5.1,182.8,A,Primary,Headline,3.673469,D,S,154562.000000
Tue Sep 16 11:24:27 2025,16-Sep-2025,142435,46 41.181500 N,061 7.665500 W,5.2,182.8,A,Primary,Headline,3.673469,D,S,154562.000000
Tue Sep 16 11:24:27 2025,16-Sep-2025,142436,46 41.180100 N,061 7.665600 W,5.2,183.0,A,Primary,Headline,3.673469,D,S,154562.000000
Tue Sep 16 11:24:31 2025,16-Sep-2025,142437,46 41.178700 N,061 7.665900 W,5.2,183.6,A,DoorSpread,DoorMaster,9.950000,D,S,1002932.000000
Tue Sep 16 11:24:32 2025,16-Sep-2025,142438,46 41.177200 N,061 7.666000 W,5.1,183.7,A,Primary,Headline,3.673469,D,S,114097.000000
Tue Sep 16 11:24:32 2025,16-Sep-2025,142439,46 41.175900 N,061 7.666200 W,5.1,183.8,A,Primary,Headline,3.673469,D,S,114097.000000
Tue Sep 16 11:24:32 2025,16-Sep-2025,142440,46 41.174600 N,061 7.666300 W,5.1,183.8,A,Primary,Headline,3.673469,D,S,114097.000000
Tue Sep 16 11:24:34 2025,16-Sep-2025,142441,46 41.173100 N,061 7.666500 W,5.2,183.8,A,Depth,Depth,9.074074,D,S,121494.000000
Tue Sep 16 11:24:34 2025,16-Sep-2025,142442,46 41.171600 N,061 7.666600 W,5.2,184.0,A,Depth,Depth,9.074074,D,S,121494.000000
Tue Sep 16 11:24:37 2025,16-Sep-2025,142443,46 41.170200 N,061 7.666800 W,5.2,184.2,A,Primary,Headline,3.510204,D,S,159887.000000
Tue Sep 16 11:24:37 2025,16-Sep-2025,142444,46 41.168800 N,061 7.666900 W,5.2,184.1,A,Primary,Headline,3.510204,D,S,159887.000000
Tue Sep 16 11:24:37 2025,16-Sep-2025,142445,46 41.167500 N,061 7.667100 W,5.2,184.4,A,Primary,Headline,3.510204,D,S,159887.000000
Tue Sep 16 11:24:37 2025,16-Sep-2025,142446,46 41.166100 N,061 7.667300 W,5.2,184.7,A,Primary,Headline,3.510204,D,S,159887.000000
Tue Sep 16 11:24:37 2025,16-Sep-2025,142447,46 41.164800 N,061 7.667600 W,5.2,184.6,A,Primary,Headline,3.510204,D,S,159887.000000
Tue Sep 16 11:24:41 2025,16-Sep-2025,142448,46 41.163300 N,061 7.667800 W,5.2,184.7,A,Depth,Depth,10.370370,D,S,138328.000000
Tue Sep 16 11:24:42 2025,16-Sep-2025,142449,46 41.161900 N,061 7.667900 W,5.2,184.6,A,Primary,Headline,38.265306,D,S,191793.000000
Tue Sep 16 11:24:42 2025,16-Sep-2025,142450,46 41.160500 N,061 7.667900 W,5.2,184.1,A,Primary,Headline,38.265306,D,S,191793.000000
Tue Sep 16 11:24:42 2025,16-Sep-2025,142451,46 41.159000 N,061 7.668000 W,5.2,183.8,A,Primary,Headline,38.265306,D,S,191793.000000
Tue Sep 16 11:24:42 2025,16-Sep-2025,142452,46 41.157500 N,061 7.668100 W,5.2,184.4,A,Primary,Headline,38.265306,D,S,191793.000000
Tue Sep 16 11:24:42 2025,16-Sep-2025,142453,46 41.156100 N,061 7.668300 W,5.3,185.3,A,Primary,Headline,38.265306,D,S,191793.000000
Tue Sep 16 11:24:48 2025,16-Sep-2025,142454,46 41.154600 N,061 7.668400 W,5.3,185.2,A,Primary,Headline,4.673469,D,S,129840.000000
Tue Sep 16 11:24:49 2025,16-Sep-2025,142455,46 41.153200 N,061 7.668500 W,5.2,185.0,A,DoorSpread,DoorMaster,14.450000,D,S,936658.000000
Tue Sep 16 11:24:49 2025,16-Sep-2025,142456,46 41.151800 N,061 7.668600 W,5.2,184.6,A,DoorSpread,DoorMaster,14.450000,D,S,936658.000000
Tue Sep 16 11:24:49 2025,16-Sep-2025,142457,46 41.150400 N,061 7.668700 W,5.2,184.1,A,DoorSpread,DoorMaster,14.450000,D,S,936658.000000
Tue Sep 16 11:24:49 2025,16-Sep-2025,142458,46 41.149000 N,061 7.668800 W,5.1,184.1,A,DoorSpread,DoorMaster,14.450000,D,S,936658.000000
Tue Sep 16 11:24:53 2025,16-Sep-2025,142459,46 41.147600 N,061 7.669100 W,5.1,185.0,A,Primary,Headline,3.714286,D,S,326839.000000
Tue Sep 16 11:24:53 2025,16-Sep-2025,142500,46 41.146000 N,061 7.669400 W,5.2,185.7,A,Primary,Headline,3.714286,D,S,326839.000000
Tue Sep 16 11:24:54 2025,16-Sep-2025,142501,46 41.144500 N,061 7.669600 W,5.2,185.9,A,DoorSpread,DoorMaster,4.905000,D,P,144751.000000
Tue Sep 16 11:24:56 2025,16-Sep-2025,142502,46 41.143100 N,061 7.669800 W,5.2,185.6,A,Depth,Depth,12.037037,D,S,236012.000000
Tue Sep 16 11:24:56 2025,16-Sep-2025,142503,46 41.141600 N,061 7.670000 W,5.2,185.2,A,Depth,Depth,12.037037,D,S,236012.000000
Tue Sep 16 11:24:58 2025,16-Sep-2025,142504,46 41.140200 N,061 7.670300 W,5.2,185.0,A,Primary,Headline,14.122449,D,S,280549.000000
Tue Sep 16 11:24:58 2025,16-Sep-2025,142505,46 41.138900 N,061 7.670300 W,5.1,184.7,A,Primary,Headline,14.122449,D,S,280549.000000
Tue Sep 16 11:24:58 2025,16-Sep-2025,142506,46 41.137700 N,061 7.670500 W,5.1,185.3,A,Primary,Headline,14.122449,D,S,280549.000000
Tue Sep 16 11:25:01 2025,16-Sep-2025,142507,46 41.136300 N,061 7.670700 W,5.2,185.4,A,DoorSpread,DoorMaster,22.855000,D,S,527462.000000
Tue Sep 16 11:25:01 2025,16-Sep-2025,142508,46 41.134900 N,061 7.670800 W,5.1,184.3,A,DoorSpread,DoorMaster,22.855000,D,S,527462.000000
Tue Sep 16 11:25:03 2025,16-Sep-2025,142509,46 41.133500 N,061 7.670900 W,5.1,184.0,A,Primary,Headline,3.959184,D,S,146557.000000
Tue Sep 16 11:25:03 2025,16-Sep-2025,142510,46 41.132000 N,061 7.671200 W,5.2,184.5,A,Primary,Headline,3.959184,D,S,146557.000000
Tue Sep 16 11:25:03 2025,16-Sep-2025,142511,46 41.130500 N,061 7.671600 W,5.2,184.6,A,Primary,Headline,3.959184,D,S,146557.000000
Tue Sep 16 11:25:03 2025,16-Sep-2025,142512,46 41.129100 N,061 7.671700 W,5.2,183.9,A,Primary,Headline,3.959184,D,S,146557.000000
Tue Sep 16 11:25:03 2025,16-Sep-2025,142513,46 41.127600 N,061 7.671700 W,5.2,182.9,A,Primary,Headline,3.959184,D,S,146557.000000
Tue Sep 16 11:25:08 2025,16-Sep-2025,142514,46 41.126100 N,061 7.671600 W,5.1,182.3,A,DoorSpread,DoorMaster,23.330000,D,S,699153.000000
Tue Sep 16 11:25:08 2025,16-Sep-2025,142515,46 41.124600 N,061 7.671800 W,5.1,183.1,A,Primary,Headline,3.265306,D,S,138604.000000
Tue Sep 16 11:25:10 2025,16-Sep-2025,142516,46 41.123200 N,061 7.672100 W,5.1,183.5,A,Depth,Depth,13.611111,D,S,106533.000000
Tue Sep 16 11:25:10 2025,16-Sep-2025,142517,46 41.121700 N,061 7.672300 W,5.1,183.3,A,Depth,Depth,13.611111,D,S,106533.000000
Tue Sep 16 11:25:10 2025,16-Sep-2025,142518,46 41.120400 N,061 7.672400 W,5.1,183.2,A,Depth,Depth,13.611111,D,S,106533.000000
Tue Sep 16 11:25:10 2025,16-Sep-2025,142519,46 41.119000 N,061 7.672500 W,5.2,183.1,A,Depth,Depth,13.611111,D,S,106533.000000
Tue Sep 16 11:25:14 2025,16-Sep-2025,142520,46 41.117600 N,061 7.672600 W,5.2,183.1,A,DoorSpread,DoorMaster,18.110000,D,S,620280.000000
Tue Sep 16 11:25:14 2025,16-Sep-2025,142521,46 41.116200 N,061 7.672600 W,5.1,182.9,A,DoorSpread,DoorMaster,18.110000,D,S,620280.000000
Tue Sep 16 11:25:14 2025,16-Sep-2025,142522,46 41.114800 N,061 7.672700 W,5.1,182.7,A,DoorSpread,DoorMaster,18.110000,D,S,620280.000000
Tue Sep 16 11:25:17 2025,16-Sep-2025,142523,46 41.113400 N,061 7.672700 W,5.1,182.6,A,Depth,Depth,16.481481,D,S,125534.000000
Tue Sep 16 11:25:17 2025,16-Sep-2025,142524,46 41.111900 N,061 7.672800 W,5.1,182.9,A,Depth,Depth,16.481481,D,S,125534.000000
Tue Sep 16 11:25:19 2025,16-Sep-2025,142525,46 41.110500 N,061 7.673000 W,5.1,183.5,A,Primary,Headline,52.204082,D,S,117962.000000
Tue Sep 16 11:25:19 2025,16-Sep-2025,142526,46 41.109000 N,061 7.673200 W,5.2,183.6,A,Primary,Headline,52.204082,D,S,117962.000000
Tue Sep 16 11:25:21 2025,16-Sep-2025,142527,46 41.107500 N,061 7.673500 W,5.2,183.7,A,DoorSpread,DoorMaster,29.300000,D,S,684749.000000
Tue Sep 16 11:25:21 2025,16-Sep-2025,142528,46 41.106000 N,061 7.673600 W,5.2,183.5,A,DoorSpread,DoorMaster,29.300000,D,S,684749.000000
Tue Sep 16 11:25:21 2025,16-Sep-2025,142529,46 41.104600 N,061 7.673600 W,5.2,182.4,A,DoorSpread,DoorMaster,29.300000,D,S,684749.000000
Tue Sep 16 11:25:24 2025,16-Sep-2025,142530,46 41.103100 N,061 7.673400 W,5.1,181.8,A,Primary,Headline,3.897959,D,P,69247.000000
Tue Sep 16 11:25:24 2025,16-Sep-2025,142531,46 41.101800 N,061 7.673500 W,5.1,182.9,A,Primary,Headline,4.244898,D,S,166632.000000
Tue Sep 16 11:25:24 2025,16-Sep-2025,142532,46 41.100300 N,061 7.673800 W,5.1,184.1,A,Primary,Headline,4.244898,D,S,166632.000000
Tue Sep 16 11:25:24 2025,16-Sep-2025,142533,46 41.098800 N,061 7.674100 W,5.2,183.9,A,Primary,Headline,4.244898,D,S,166632.000000
Tue Sep 16 11:25:28 2025,16-Sep-2025,142534,46 41.097300 N,061 7.674200 W,5.2,183.5,A,DoorSpread,DoorMaster,20.890000,D,S,363820.000000
Tue Sep 16 11:25:28 2025,16-Sep-2025,142535,46 41.095800 N,061 7.674400 W,5.2,183.7,A,DoorSpread,DoorMaster,20.890000,D,S,363820.000000
Tue Sep 16 11:25:29 2025,16-Sep-2025,142536,46 41.094400 N,061 7.674700 W,5.2,183.7,A,Primary,Headline,3.612245,D,S,199457.000000
Tue Sep 16 11:25:31 2025,16-Sep-2025,142537,46 41.093100 N,061 7.675000 W,5.1,183.5,A,Depth,Depth,15.370370,D,S,118928.000000
Tue Sep 16 11:25:31 2025,16-Sep-2025,142538,46 41.091900 N,061 7.675300 W,5.1,183.9,A,Depth,Depth,15.370370,D,S,118928.000000
Tue Sep 16 11:25:33 2025,16-Sep-2025,142539,46 41.090600 N,061 7.675700 W,5.1,184.7,A,DoorSpread,DoorMaster,0.000000,E,S,298158.000000
Tue Sep 16 11:25:33 2025,16-Sep-2025,142540,46 41.089200 N,061 7.676000 W,5.1,185.1,A,DoorSpread,DoorMaster,0.000000,E,S,298158.000000
Tue Sep 16 11:25:35 2025,16-Sep-2025,142541,46 41.087800 N,061 7.676200 W,5.1,185.1,A,Primary,Headline,39.346939,D,S,57926.000000
Tue Sep 16 11:25:35 2025,16-Sep-2025,142542,46 41.086300 N,061 7.676200 W,5.1,184.4,A,Primary,Headline,39.346939,D,S,57926.000000
Tue Sep 16 11:25:35 2025,16-Sep-2025,142543,46 41.085000 N,061 7.676300 W,5.1,184.6,A,Primary,Headline,39.346939,D,S,57926.000000
Tue Sep 16 11:25:38 2025,16-Sep-2025,142544,46 41.083500 N,061 7.676500 W,5.2,185.2,A,Depth,Depth,18.240741,D,S,144317.000000
Tue Sep 16 11:25:38 2025,16-Sep-2025,142545,46 41.082100 N,061 7.676500 W,5.1,184.9,A,Depth,Depth,18.240741,D,S,144317.000000
Tue Sep 16 11:25:40 2025,16-Sep-2025,142546,46 41.080700 N,061 7.676500 W,5.1,184.7,A,Primary,Headline,3.693878,D,S,135763.000000
Tue Sep 16 11:25:40 2025,16-Sep-2025,142547,46 41.079300 N,061 7.676600 W,5.1,184.8,A,Primary,Headline,3.693878,D,S,135763.000000
Tue Sep 16 11:25:40 2025,16-Sep-2025,142548,46 41.078000 N,061 7.676600 W,5.0,184.4,A,Primary,Headline,3.693878,D,S,135763.000000
Tue Sep 16 11:25:43 2025,16-Sep-2025,142549,46 41.076600 N,061 7.676700 W,5.0,184.3,A,DoorSpread,DoorMaster,0.000000,E,S,603156.000000
Tue Sep 16 11:25:43 2025,16-Sep-2025,142550,46 41.075100 N,061 7.676800 W,5.1,184.3,A,DoorSpread,DoorMaster,0.000000,E,S,603156.000000
Tue Sep 16 11:25:45 2025,16-Sep-2025,142551,46 41.073600 N,061 7.676900 W,5.0,184.1,A,Depth,Depth,18.888889,D,S,108930.000000
Tue Sep 16 11:25:45 2025,16-Sep-2025,142552,46 41.072200 N,061 7.677000 W,5.1,184.1,A,Primary,Headline,24.877551,D,S,131956.000000
Tue Sep 16 11:25:45 2025,16-Sep-2025,142553,46 41.070600 N,061 7.677200 W,5.1,184.1,A,Primary,Headline,24.877551,D,S,131956.000000
Tue Sep 16 11:25:48 2025,16-Sep-2025,142554,46 41.069200 N,061 7.677300 W,5.1,184.1,A,DoorSpread,DoorMaster,0.000000,E,S,528029.000000
Tue Sep 16 11:25:48 2025,16-Sep-2025,142555,46 41.067800 N,061 7.677400 W,5.0,184.0,A,DoorSpread,DoorMaster,0.000000,E,S,528029.000000
Tue Sep 16 11:25:48 2025,16-Sep-2025,142556,46 41.066400 N,061 7.677500 W,5.0,183.8,A,DoorSpread,DoorMaster,0.000000,E,S,528029.000000
Tue Sep 16 11:25:51 2025,16-Sep-2025,142557,46 41.065000 N,061 7.677600 W,5.0,183.8,A,Primary,Headline,43.612245,D,S,133378.000000
Tue Sep 16 11:25:51 2025,16-Sep-2025,142558,46 41.063600 N,061 7.677800 W,5.0,183.6,A,Primary,Headline,43.612245,D,S,133378.000000
Tue Sep 16 11:25:52 2025,16-Sep-2025,142559,46 41.062100 N,061 7.677900 W,5.0,183.4,A,Depth,Depth,21.018519,D,S,96009.000000
Tue Sep 16 11:25:52 2025,16-Sep-2025,142600,46 41.060700 N,061 7.678100 W,5.1,183.3,A,Depth,Depth,21.018519,D,S,96009.000000
Tue Sep 16 11:25:55 2025,16-Sep-2025,142601,46 41.059200 N,061 7.678400 W,5.1,183.3,A,DoorSpread,DoorMaster,24.750000,D,S,283556.000000
Tue Sep 16 11:25:56 2025,16-Sep-2025,142602,46 41.057800 N,061 7.678600 W,5.0,183.2,A,Primary,Headline,4.775510,D,S,157366.000000
Tue Sep 16 11:25:56 2025,16-Sep-2025,142603,46 41.056500 N,061 7.678800 W,5.1,183.0,A,Primary,Headline,4.775510,D,S,157366.000000
Tue Sep 16 11:25:56 2025,16-Sep-2025,142604,46 41.055100 N,061 7.678800 W,5.0,181.9,A,Primary,Headline,4.775510,D,S,157366.000000
Tue Sep 16 11:25:56 2025,16-Sep-2025,142605,46 41.053700 N,061 7.678600 W,4.9,181.1,A,Primary,Headline,4.775510,D,S,157366.000000
Tue Sep 16 11:25:59 2025,16-Sep-2025,142606,46 41.052300 N,061 7.678600 W,5.0,181.5,A,Depth,Depth,22.314815,D,S,94197.000000
Tue Sep 16 11:25:59 2025,16-Sep-2025,142607,46 41.050800 N,061 7.678600 W,5.0,181.6,A,Depth,Depth,22.314815,D,S,94197.000000
Tue Sep 16 11:26:02 2025,16-Sep-2025,142608,46 41.049300 N,061 7.678600 W,5.0,181.7,A,Primary,Headline,55.653061,D,S,86685.000000
Tue Sep 16 11:26:02 2025,16-Sep-2025,142609,46 41.047900 N,061 7.678600 W,5.1,181.8,A,Primary,Headline,55.653061,D,S,86685.000000
Tue Sep 16 11:26:02 2025,16-Sep-2025,142610,46 41.046600 N,061 7.678600 W,5.1,181.7,A,Primary,Headline,55.653061,D,S,86685.000000
Tue Sep 16 11:26:02 2025,16-Sep-2025,142611,46 41.045300 N,061 7.678500 W,5.0,181.1,A,Primary,Headline,55.653061,D,S,86685.000000
Tue Sep 16 11:26:02 2025,16-Sep-2025,142612,46 41.044100 N,061 7.678300 W,5.0,180.4,A,Primary,Headline,55.653061,D,S,86685.000000
Tue Sep 16 11:26:06 2025,16-Sep-2025,142613,46 41.042800 N,061 7.678100 W,5.0,180.2,A,DoorSpread,DoorMaster,0.000000,E,S,346291.000000
Tue Sep 16 11:26:07 2025,16-Sep-2025,142614,46 41.041500 N,061 7.678200 W,5.0,180.3,A,Primary,Headline,29.714286,D,S,155743.000000
Tue Sep 16 11:26:07 2025,16-Sep-2025,142615,46 41.040100 N,061 7.678100 W,5.0,180.5,A,Primary,Headline,29.714286,D,S,155743.000000
Tue Sep 16 11:26:07 2025,16-Sep-2025,142616,46 41.038700 N,061 7.678100 W,5.1,180.5,A,Primary,Headline,29.714286,D,S,155743.000000
Tue Sep 16 11:26:07 2025,16-Sep-2025,142617,46 41.037300 N,061 7.678100 W,5.1,180.1,A,Primary,Headline,29.714286,D,S,155743.000000
Tue Sep 16 11:26:11 2025,16-Sep-2025,142618,46 41.036000 N,061 7.677900 W,5.1,179.3,A,DoorSpread,DoorMaster,0.000000,E,S,416738.000000
Tue Sep 16 11:26:13 2025,16-Sep-2025,142619,46 41.034700 N,061 7.677900 W,5.1,179.0,A,Primary,Headline,25.163265,D,S,157991.000000
Tue Sep 16 11:26:13 2025,16-Sep-2025,142620,46 41.033400 N,061 7.678000 W,5.0,179.2,A,Depth,Depth,24.907407,D,S,133690.000000
Tue Sep 16 11:26:13 2025,16-Sep-2025,142621,46 41.032100 N,061 7.678000 W,5.0,179.5,A,Depth,Depth,24.907407,D,S,133690.000000
Tue Sep 16 11:26:13 2025,16-Sep-2025,142622,46 41.030600 N,061 7.678200 W,5.0,179.7,A,Depth,Depth,24.907407,D,S,133690.000000
Tue Sep 16 11:26:17 2025,16-Sep-2025,142623,46 41.029100 N,061 7.678300 W,5.1,179.6,A,DoorSpread,DoorMaster,5.690000,D,S,263777.000000
Tue Sep 16 11:26:18 2025,16-Sep-2025,142624,46 41.027500 N,061 7.678400 W,5.1,179.4,A,Primary,Headline,20.979592,D,S,138373.000000
Tue Sep 16 11:26:18 2025,16-Sep-2025,142625,46 41.026100 N,061 7.678500 W,5.2,179.3,A,Primary,Headline,20.979592,D,S,138373.000000
Tue Sep 16 11:26:18 2025,16-Sep-2025,142626,46 41.024700 N,061 7.678600 W,5.2,179.5,A,Primary,Headline,20.979592,D,S,138373.000000
Tue Sep 16 11:26:20 2025,16-Sep-2025,142627,46 41.023400 N,061 7.678700 W,5.1,179.6,A,Depth,Depth,26.481481,D,P,149049.000000
Tue Sep 16 11:26:20 2025,16-Sep-2025,142628,46 41.022200 N,061 7.678600 W,5.0,179.8,A,Depth,Depth,26.481481,D,P,149049.000000
Tue Sep 16 11:26:23 2025,16-Sep-2025,142629,46 41.020800 N,061 7.678600 W,5.1,179.8,A,DoorSpread,DoorMaster,5.280000,D,S,301718.000000
Tue Sep 16 11:26:23 2025,16-Sep-2025,142630,46 41.019300 N,061 7.678500 W,5.1,179.8,A,Primary,Headline,24.122449,D,S,151885.000000
Tue Sep 16 11:26:23 2025,16-Sep-2025,142631,46 41.017800 N,061 7.678500 W,5.1,179.8,A,Primary,Headline,24.122449,D,S,151885.000000
Tue Sep 16 11:26:23 2025,16-Sep-2025,142632,46 41.016300 N,061 7.678400 W,5.2,179.9,A,Primary,Headline,24.122449,D,S,151885.000000
Tue Sep 16 11:26:23 2025,16-Sep-2025,142633,46 41.014700 N,061 7.678500 W,5.2,180.3,A,Primary,Headline,24.122449,D,S,151885.000000
Tue Sep 16 11:26:28 2025,16-Sep-2025,142634,46 41.013300 N,061 7.678500 W,5.2,180.4,A,DoorSpread,DoorMaster,0.000000,E,S,406695.000000
Tue Sep 16 11:26:28 2025,16-Sep-2025,142635,46 41.012000 N,061 7.678500 W,5.1,180.1,A,DoorSpread,DoorMaster,0.000000,E,S,406695.000000
Tue Sep 16 11:26:29 2025,16-Sep-2025,142636,46 41.010800 N,061 7.678500 W,5.1,179.8,A,Primary,Headline,45.102041,D,P,166659.000000
Tue Sep 16 11:26:29 2025,16-Sep-2025,142637,46 41.009500 N,061 7.678500 W,5.0,179.8,A,Primary,Headline,45.102041,D,P,166659.000000
Tue Sep 16 11:26:29 2025,16-Sep-2025,142638,46 41.008200 N,061 7.678600 W,5.1,180.3,A,Primary,Headline,45.102041,D,P,166659.000000
Tue Sep 16 11:26:29 2025,16-Sep-2025,142639,46 41.006800 N,061 7.678800 W,5.1,180.8,A,Primary,Headline,45.102041,D,P,166659.000000
Tue Sep 16 11:26:33 2025,16-Sep-2025,142640,46 41.005400 N,061 7.678900 W,5.1,180.5,A,DoorSpread,DoorMaster,5.520000,D,S,229234.000000
Tue Sep 16 11:26:35 2025,16-Sep-2025,142641,46 41.004000 N,061 7.678700 W,5.1,180.1,A,Depth,Depth,29.074074,D,S,125660.000000
Tue Sep 16 11:26:35 2025,16-Sep-2025,142642,46 41.002600 N,061 7.678600 W,5.1,180.0,A,Depth,Depth,29.074074,D,S,125660.000000
Tue Sep 16 11:26:35 2025,16-Sep-2025,142643,46 41.001100 N,061 7.678600 W,5.0,180.1,A,Depth,Depth,29.074074,D,S,125660.000000
Tue Sep 16 11:26:35 2025,16-Sep-2025,142644,46 40.999600 N,061 7.678600 W,5.0,180.4,A,Depth,Depth,29.074074,D,S,125660.000000
Tue Sep 16 11:26:38 2025,16-Sep-2025,142645,46 40.998100 N,061 7.678500 W,5.1,180.5,A,DoorSpread,DoorMaster,0.000000,E,S,328204.000000
Tue Sep 16 11:26:38 2025,16-Sep-2025,142646,46 40.996500 N,061 7.678400 W,5.0,180.0,A,DoorSpread,DoorMaster,0.000000,E,S,328204.000000
Tue Sep 16 11:26:38 2025,16-Sep-2025,142647,46 40.995000 N,061 7.678300 W,5.0,179.5,A,DoorSpread,DoorMaster,0.000000,E,S,328204.000000
Tue Sep 16 11:26:42 2025,16-Sep-2025,142648,46 40.993700 N,061 7.678200 W,5.0,179.9,A,Depth,Depth,30.092593,D,S,109959.000000
Tue Sep 16 11:26:42 2025,16-Sep-2025,142649,46 40.992200 N,061 7.678200 W,5.0,180.6,A,Depth,Depth,30.092593,D,S,109959.000000
Tue Sep 16 11:26:43 2025,16-Sep-2025,142650,46 40.990800 N,061 7.678300 W,5.0,180.3,A,DoorSpread,DoorMaster,0.000000,E,S,352539.000000
Tue Sep 16 11:26:43 2025,16-Sep-2025,142651,46 40.989400 N,061 7.678100 W,5.0,179.8,A,DoorSpread,DoorMaster,0.000000,E,S,352539.000000
Tue Sep 16 11:26:46 2025,16-Sep-2025,142652,46 40.988100 N,061 7.678100 W,5.0,179.5,A,Primary,Headline,29.530612,D,S,101608.000000
Tue Sep 16 11:26:46 2025,16-Sep-2025,142653,46 40.986600 N,061 7.678100 W,4.9,179.7,A,Primary,Headline,29.530612,D,S,101608.000000
Tue Sep 16 11:26:46 2025,16-Sep-2025,142654,46 40.985200 N,061 7.678200 W,5.0,180.2,A,Primary,Headline,29.530612,D,S,101608.000000
Tue Sep 16 11:26:49 2025,16-Sep-2025,142655,46 40.983800 N,061 7.678300 W,5.0,180.6,A,Depth,Depth,39.259259,D,S,83819.000000
Tue Sep 16 11:26:49 2025,16-Sep-2025,142656,46 40.982400 N,061 7.678300 W,5.0,180.3,A,Depth,Depth,39.259259,D,S,83819.000000
Tue Sep 16 11:26:49 2025,16-Sep-2025,142657,46 40.981200 N,061 7.678300 W,4.9,179.5,A,Depth,Depth,39.259259,D,S,83819.000000
Tue Sep 16 11:26:51 2025,16-Sep-2025,142658,46 40.979800 N,061 7.678200 W,5.0,179.3,A,Primary,Headline,48.428571,D,S,148726.000000
Tue Sep 16 11:26:51 2025,16-Sep-2025,142659,46 40.978400 N,061 7.678200 W,5.0,179.7,A,Primary,Headline,48.428571,D,S,148726.000000
Tue Sep 16 11:26:51 2025,16-Sep-2025,142700,46 40.977000 N,061 7.678200 W,4.9,179.9,A,Primary,Headline,48.428571,D,S,148726.000000
Tue Sep 16 11:26:54 2025,16-Sep-2025,142701,46 40.975600 N,061 7.678300 W,5.0,180.2,A,DoorSpread,DoorMaster,5.985000,D,S,261735.000000
Tue Sep 16 11:26:56 2025,16-Sep-2025,142702,46 40.974200 N,061 7.678400 W,5.0,180.1,A,Depth,Depth,33.055556,D,P,137263.000000
Tue Sep 16 11:26:57 2025,16-Sep-2025,142703,46 40.972800 N,061 7.678300 W,5.0,179.7,A,Primary,Headline,18.693878,D,P,175519.000000
Tue Sep 16 11:26:57 2025,16-Sep-2025,142704,46 40.971400 N,061 7.678400 W,5.0,179.9,A,Primary,Headline,18.693878,D,P,175519.000000
Tue Sep 16 11:26:57 2025,16-Sep-2025,142705,46 40.970000 N,061 7.678500 W,5.0,180.3,A,Primary,Headline,18.693878,D,P,175519.000000
Tue Sep 16 11:27:00 2025,16-Sep-2025,142706,46 40.968500 N,061 7.678600 W,5.0,180.1,A,DoorSpread,DoorMaster,5.740000,D,S,278963.000000
Tue Sep 16 11:27:00 2025,16-Sep-2025,142707,46 40.967100 N,061 7.678600 W,5.0,179.6,A,DoorSpread,DoorMaster,5.740000,D,S,278963.000000
Tue Sep 16 11:27:02 2025,16-Sep-2025,142708,46 40.965600 N,061 7.678600 W,5.0,179.6,A,Primary,Headline,4.387755,D,S,156269.000000
Tue Sep 16 11:27:02 2025,16-Sep-2025,142709,46 40.964200 N,061 7.678600 W,5.0,180.0,A,Primary,Headline,4.387755,D,S,156269.000000
Tue Sep 16 11:27:03 2025,16-Sep-2025,142710,46 40.962800 N,061 7.678700 W,5.0,180.3,A,Depth,Depth,35.092593,D,S,123413.000000
Tue Sep 16 11:27:03 2025,16-Sep-2025,142711,46 40.961600 N,061 7.678700 W,5.0,180.5,A,Depth,Depth,35.092593,D,S,123413.000000
Tue Sep 16 11:27:05 2025,16-Sep-2025,142712,46 40.960200 N,061 7.678700 W,5.0,179.9,A,DoorSpread,DoorMaster,5.735000,D,S,316104.000000
Tue Sep 16 11:27:07 2025,16-Sep-2025,142713,46 40.958800 N,061 7.678700 W,5.0,179.9,A,Primary,Headline,14.857143,D,S,132995.000000
Tue Sep 16 11:27:07 2025,16-Sep-2025,142714,46 40.957400 N,061 7.678800 W,5.0,180.4,A,Primary,Headline,14.857143,D,S,132995.000000
Tue Sep 16 11:27:07 2025,16-Sep-2025,142715,46 40.955900 N,061 7.678900 W,5.0,180.8,A,Primary,Headline,14.857143,D,S,132995.000000
Tue Sep 16 11:27:07 2025,16-Sep-2025,142716,46 40.954400 N,061 7.679000 W,5.0,180.7,A,Primary,Headline,14.857143,D,S,132995.000000
Tue Sep 16 11:27:11 2025,16-Sep-2025,142717,46 40.953000 N,061 7.679000 W,5.0,180.6,A,DoorSpread,DoorMaster,5.745000,D,S,293314.000000
Tue Sep 16 11:27:11 2025,16-Sep-2025,142718,46 40.951600 N,061 7.679100 W,5.0,180.5,A,DoorSpread,DoorMaster,5.745000,D,S,293314.000000
Tue Sep 16 11:27:12 2025,16-Sep-2025,142719,46 40.950300 N,061 7.679100 W,5.0,180.6,A,Primary,Headline,33.346939,D,P,114795.000000
Tue Sep 16 11:27:12 2025,16-Sep-2025,142720,46 40.948900 N,061 7.679100 W,5.0,180.8,A,Primary,Headline,33.346939,D,P,114795.000000
Tue Sep 16 11:27:12 2025,16-Sep-2025,142721,46 40.947600 N,061 7.679000 W,5.0,181.0,A,Primary,Headline,33.346939,D,P,114795.000000
Tue Sep 16 11:27:12 2025,16-Sep-2025,142722,46 40.946200 N,061 7.679000 W,5.0,180.9,A,Primary,Headline,33.346939,D,P,114795.000000
Tue Sep 16 11:27:17 2025,16-Sep-2025,142723,46 40.944900 N,061 7.678800 W,5.0,180.4,A,DoorSpread,DoorMaster,6.450000,D,S,307918.000000
Tue Sep 16 11:27:18 2025,16-Sep-2025,142724,46 40.943600 N,061 7.678500 W,5.0,179.9,A,Primary,Headline,23.591837,D,P,118380.000000
Tue Sep 16 11:27:18 2025,16-Sep-2025,142725,46 40.942200 N,061 7.678300 W,5.0,180.2,A,Primary,Headline,23.591837,D,P,118380.000000
Tue Sep 16 11:27:18 2025,16-Sep-2025,142726,46 40.940700 N,061 7.678500 W,5.0,180.8,A,Primary,Headline,23.591837,D,P,118380.000000
Tue Sep 16 11:27:18 2025,16-Sep-2025,142727,46 40.939200 N,061 7.678600 W,5.0,181.1,A,Primary,Headline,23.591837,D,P,118380.000000
Tue Sep 16 11:27:22 2025,16-Sep-2025,142728,46 40.937800 N,061 7.678600 W,5.0,180.4,A,DoorSpread,DoorMaster,0.000000,E,S,260896.000000
Tue Sep 16 11:27:22 2025,16-Sep-2025,142729,46 40.936400 N,061 7.678400 W,5.0,179.6,A,DoorSpread,DoorMaster,0.000000,E,S,260896.000000
Tue Sep 16 11:27:24 2025,16-Sep-2025,142730,46 40.935000 N,061 7.678300 W,5.0,179.5,A,Primary,Headline,42.326531,D,S,144821.000000
Tue Sep 16 11:27:25 2025,16-Sep-2025,142731,46 40.933500 N,061 7.678200 W,5.0,179.9,A,Depth,Depth,42.129630,D,P,66004.000000
Tue Sep 16 11:27:25 2025,16-Sep-2025,142732,46 40.932000 N,061 7.678300 W,5.0,180.2,A,Depth,Depth,42.129630,D,P,66004.000000
Tue Sep 16 11:27:27 2025,16-Sep-2025,142733,46 40.930500 N,061 7.678500 W,5.0,180.0,A,DoorSpread,DoorMaster,0.000000,E,S,225724.000000
Tue Sep 16 11:27:27 2025,16-Sep-2025,142734,46 40.929000 N,061 7.678600 W,5.0,179.8,A,DoorSpread,DoorMaster,0.000000,E,S,225724.000000
Tue Sep 16 11:27:27 2025,16-Sep-2025,142735,46 40.927400 N,061 7.678800 W,5.0,180.2,A,DoorSpread,DoorMaster,0.000000,E,S,225724.000000
Tue Sep 16 11:27:29 2025,16-Sep-2025,142736,46 40.925900 N,061 7.679100 W,5.0,180.5,A,Primary,Headline,53.551020,D,P,159799.000000
Tue Sep 16 11:27:29 2025,16-Sep-2025,142737,46 40.924600 N,061 7.679200 W,5.0,180.2,A,Primary,Headline,53.551020,D,P,159799.000000
Tue Sep 16 11:27:32 2025,16-Sep-2025,142738,46 40.923300 N,061 7.679100 W,5.0,179.4,A,Depth,Depth,51.018519,D,S,92059.000000
Tue Sep 16 11:27:32 2025,16-Sep-2025,142739,46 40.922000 N,061 7.678800 W,4.9,178.9,A,Depth,Depth,51.018519,D,S,92059.000000
Tue Sep 16 11:27:32 2025,16-Sep-2025,142740,46 40.920700 N,061 7.678600 W,4.9,179.5,A,Depth,Depth,51.018519,D,S,92059.000000
Tue Sep 16 11:27:35 2025,16-Sep-2025,142741,46 40.919400 N,061 7.678700 W,4.9,180.3,A,Primary,Headline,9.040816,D,S,147649.000000
Tue Sep 16 11:27:35 2025,16-Sep-2025,142742,46 40.918100 N,061 7.678800 W,5.0,180.4,A,Primary,Headline,9.040816,D,S,147649.000000
Tue Sep 16 11:27:35 2025,16-Sep-2025,142743,46 40.916700 N,061 7.678700 W,5.0,179.9,A,Primary,Headline,9.040816,D,S,147649.000000
Tue Sep 16 11:27:37 2025,16-Sep-2025,142744,46 40.915300 N,061 7.678600 W,5.0,179.6,A,DoorSpread,DoorMaster,6.710000,D,S,208706.000000
Tue Sep 16 11:27:39 2025,16-Sep-2025,142745,46 40.913900 N,061 7.678600 W,5.0,179.6,A,Depth,Depth,34.444444,D,S,75760.000000
Tue Sep 16 11:27:40 2025,16-Sep-2025,142746,46 40.912600 N,061 7.678700 W,5.0,180.0,A,Primary,Headline,21.591837,D,P,98846.000000
Tue Sep 16 11:27:40 2025,16-Sep-2025,142747,46 40.911200 N,061 7.678900 W,5.0,180.1,A,Primary,Headline,21.591837,D,P,98846.000000
Tue Sep 16 11:27:40 2025,16-Sep-2025,142748,46 40.909900 N,061 7.679000 W,4.9,179.7,A,Primary,Headline,21.591837,D,P,98846.000000
Tue Sep 16 11:27:43 2025,16-Sep-2025,142749,46 40.908600 N,061 7.678900 W,4.9,179.4,A,DoorSpread,DoorMaster,7.100000,D,S,246052.000000
Tue Sep 16 11:27:43 2025,16-Sep-2025,142750,46 40.907200 N,061 7.679000 W,4.9,179.7,A,DoorSpread,DoorMaster,7.100000,D,S,246052.000000
Tue Sep 16 11:27:43 2025,16-Sep-2025,142751,46 40.905800 N,061 7.679300 W,5.0,180.6,A,DoorSpread,DoorMaster,7.100000,D,S,246052.000000
Tue Sep 16 11:27:46 2025,16-Sep-2025,142752,46 40.904400 N,061 7.679500 W,5.1,181.0,A,Depth,Depth,46.759259,D,S,66259.000000
Tue Sep 16 11:27:46 2025,16-Sep-2025,142753,46 40.902900 N,061 7.679700 W,5.1,180.5,A,Depth,Depth,46.759259,D,S,66259.000000
Tue Sep 16 11:27:46 2025,16-Sep-2025,142754,46 40.901600 N,061 7.679700 W,5.0,179.4,A,Depth,Depth,46.759259,D,S,66259.000000
Tue Sep 16 11:27:49 2025,16-Sep-2025,142755,46 40.900300 N,061 7.679600 W,4.9,178.5,A,DoorSpread,DoorMaster,6.275000,D,S,259598.000000
Tue Sep 16 11:27:49 2025,16-Sep-2025,142756,46 40.899100 N,061 7.679500 W,4.8,178.8,A,DoorSpread,DoorMaster,6.275000,D,S,259598.000000
Tue Sep 16 11:27:49 2025,16-Sep-2025,142757,46 40.897700 N,061 7.679600 W,4.9,180.0,A,DoorSpread,DoorMaster,6.275000,D,S,259598.000000
Tue Sep 16 11:27:51 2025,16-Sep-2025,142758,46 40.896300 N,061 7.679700 W,5.0,181.0,A,Primary,Headline,46.734694,D,P,49220.000000
Tue Sep 16 11:27:51 2025,16-Sep-2025,142759,46 40.894800 N,061 7.679700 W,5.1,180.9,A,Primary,Headline,46.734694,D,P,49220.000000
Tue Sep 16 11:27:54 2025,16-Sep-2025,142800,46 40.893300 N,061 7.679600 W,5.1,179.8,A,DoorSpread,DoorMaster,0.000000,E,S,210150.000000
Tue Sep 16 11:27:54 2025,16-Sep-2025,142801,46 40.891900 N,061 7.679400 W,5.0,179.3,A,DoorSpread,DoorMaster,0.000000,E,S,210150.000000
Tue Sep 16 11:27:54 2025,16-Sep-2025,142802,46 40.890500 N,061 7.679400 W,5.0,179.4,A,DoorSpread,DoorMaster,0.000000,E,S,210150.000000
Tue Sep 16 11:27:57 2025,16-Sep-2025,142803,46 40.889100 N,061 7.679300 W,4.9,179.6,A,Primary,Headline,27.163265,D,S,57865.000000
Tue Sep 16 11:27:57 2025,16-Sep-2025,142804,46 40.887700 N,061 7.679400 W,4.9,179.6,A,Primary,Headline,27.163265,D,S,57865.000000
Tue Sep 16 11:27:59 2025,16-Sep-2025,142805,46 40.886300 N,061 7.679400 W,4.9,180.3,A,DoorSpread,DoorMaster,0.000000,E,S,115227.000000
Tue Sep 16 11:27:59 2025,16-Sep-2025,142806,46 40.884900 N,061 7.679500 W,5.0,181.0,A,DoorSpread,DoorMaster,0.000000,E,S,115227.000000
Tue Sep 16 11:28:00 2025,16-Sep-2025,142807,46 40.883500 N,061 7.679600 W,5.0,181.0,A,Depth,Depth,57.314815,D,S,53245.000000
Tue Sep 16 11:28:02 2025,16-Sep-2025,142808,46 40.882100 N,061 7.679600 W,5.0,180.3,A,Primary,Headline,6.204082,D,S,93710.000000
Tue Sep 16 11:28:02 2025,16-Sep-2025,142809,46 40.880800 N,061 7.679500 W,4.9,180.1,A,Primary,Headline,6.204082,D,S,93710.000000
Tue Sep 16 11:28:02 2025,16-Sep-2025,142810,46 40.879600 N,061 7.679500 W,4.9,180.2,A,Primary,Headline,6.204082,D,S,93710.000000
Tue Sep 16 11:28:04 2025,16-Sep-2025,142811,46 40.878300 N,061 7.679600 W,4.9,180.6,A,DoorSpread,DoorMaster,6.415000,D,S,316400.000000
Tue Sep 16 11:28:04 2025,16-Sep-2025,142812,46 40.877000 N,061 7.679900 W,4.8,181.0,A,DoorSpread,DoorMaster,6.415000,D,S,316400.000000
Tue Sep 16 11:28:04 2025,16-Sep-2025,142813,46 40.875700 N,061 7.680000 W,4.9,180.8,A,DoorSpread,DoorMaster,6.415000,D,S,316400.000000
Tue Sep 16 11:28:08 2025,16-Sep-2025,142814,46 40.874400 N,061 7.680100 W,4.9,180.3,A,Depth,Depth,40.648148,D,S,58474.000000
Tue Sep 16 11:28:08 2025,16-Sep-2025,142815,46 40.873100 N,061 7.680100 W,4.9,180.5,A,Depth,Depth,40.648148,D,S,58474.000000
Tue Sep 16 11:28:09 2025,16-Sep-2025,142816,46 40.871700 N,061 7.680200 W,5.0,181.0,A,DoorSpread,DoorMaster,0.000000,E,S,272397.000000
Tue Sep 16 11:28:09 2025,16-Sep-2025,142817,46 40.870300 N,061 7.680400 W,5.0,181.0,A,DoorSpread,DoorMaster,0.000000,E,S,272397.000000
Tue Sep 16 11:28:09 2025,16-Sep-2025,142818,46 40.869100 N,061 7.680500 W,4.8,180.5,A,DoorSpread,DoorMaster,0.000000,E,S,272397.000000
Tue Sep 16 11:28:13 2025,16-Sep-2025,142819,46 40.868100 N,061 7.680300 W,4.6,179.8,A,Primary,Headline,41.102041,D,S,181647.000000
Tue Sep 16 11:28:13 2025,16-Sep-2025,142820,46 40.867100 N,061 7.680200 W,4.5,179.7,A,Primary,Headline,40.326531,D,P,80119.000000
Tue Sep 16 11:28:15 2025,16-Sep-2025,142821,46 40.866000 N,061 7.680200 W,4.4,179.9,A,Depth,Depth,52.592593,D,P,49138.000000
Tue Sep 16 11:28:15 2025,16-Sep-2025,142822,46 40.865000 N,061 7.680100 W,4.4,180.1,A,Depth,Depth,52.592593,D,P,49138.000000
Tue Sep 16 11:28:15 2025,16-Sep-2025,142823,46 40.864000 N,061 7.680100 W,4.3,180.4,A,Depth,Depth,52.592593,D,P,49138.000000
Tue Sep 16 11:28:15 2025,16-Sep-2025,142824,46 40.863000 N,061 7.680000 W,4.2,180.2,A,Depth,Depth,52.592593,D,P,49138.000000
Tue Sep 16 11:28:19 2025,16-Sep-2025,142825,46 40.862100 N,061 7.679800 W,4.0,179.8,A,Primary,Headline,37.734694,D,P,95846.000000
Tue Sep 16 11:28:19 2025,16-Sep-2025,142826,46 40.861200 N,061 7.679700 W,3.9,179.3,A,DoorSpread,DoorMaster,0.000000,E,P,144138.000000
Tue Sep 16 11:28:19 2025,16-Sep-2025,142827,46 40.860300 N,061 7.679500 W,3.7,178.9,A,DoorSpread,DoorMaster,0.000000,E,P,144138.000000
Tue Sep 16 11:28:19 2025,16-Sep-2025,142828,46 40.859500 N,061 7.679500 W,3.6,178.7,A,DoorSpread,DoorMaster,0.000000,E,P,144138.000000
Tue Sep 16 11:28:22 2025,16-Sep-2025,142829,46 40.858600 N,061 7.679400 W,3.5,179.0,A,Depth,Depth,54.629630,D,S,113030.000000
Tue Sep 16 11:28:22 2025,16-Sep-2025,142830,46 40.857600 N,061 7.679400 W,3.5,179.3,A,Depth,Depth,54.629630,D,S,113030.000000
Tue Sep 16 11:28:25 2025,16-Sep-2025,142831,46 40.856800 N,061 7.679500 W,3.3,179.6,A,DoorSpread,DoorMaster,7.420000,D,P,204035.000000
Tue Sep 16 11:28:25 2025,16-Sep-2025,142832,46 40.856200 N,061 7.679400 W,3.2,179.5,A,DoorSpread,DoorMaster,7.420000,D,P,204035.000000
Tue Sep 16 11:28:25 2025,16-Sep-2025,142833,46 40.855500 N,061 7.679300 W,3.1,179.1,A,DoorSpread,DoorMaster,7.420000,D,P,204035.000000
Tue Sep 16 11:28:25 2025,16-Sep-2025,142834,46 40.855000 N,061 7.679200 W,2.9,178.8,A,DoorSpread,DoorMaster,7.420000,D,P,204035.000000
Tue Sep 16 11:28:25 2025,16-Sep-2025,142835,46 40.854400 N,061 7.679100 W,2.8,178.6,A,DoorSpread,DoorMaster,7.420000,D,P,204035.000000
Tue Sep 16 11:28:30 2025,16-Sep-2025,142836,46 40.853700 N,061 7.679300 W,2.8,178.6,A,DoorSpread,DoorMaster,0.000000,E,S,138157.000000
Tue Sep 16 11:28:30 2025,16-Sep-2025,142837,46 40.853000 N,061 7.679400 W,2.7,178.9,A,DoorSpread,DoorMaster,0.000000,E,S,138157.000000
Tue Sep 16 11:28:30 2025,16-Sep-2025,142838,46 40.852400 N,061 7.679400 W,2.6,179.0,A,DoorSpread,DoorMaster,0.000000,E,S,138157.000000
Tue Sep 16 11:28:30 2025,16-Sep-2025,142839,46 40.851800 N,061 7.679300 W,2.5,178.7,A,DoorSpread,DoorMaster,0.000000,E,S,138157.000000
Tue Sep 16 11:28:30 2025,16-Sep-2025,142840,46 40.851200 N,061 7.679000 W,2.4,178.3,A,DoorSpread,DoorMaster,0.000000,E,S,138157.000000
Tue Sep 16 11:28:30 2025,16-Sep-2025,142841,46 40.850700 N,061 7.678800 W,2.3,178.1,A,DoorSpread,DoorMaster,0.000000,E,S,138157.000000
Tue Sep 16 11:28:35 2025,16-Sep-2025,142842,46 40.849900 N,061 7.678800 W,2.3,177.8,A,DoorSpread,DoorMaster,1.810000,D,P,7394.000000
Tue Sep 16 11:28:37 2025,16-Sep-2025,142843,46 40.849200 N,061 7.678700 W,2.3,178.0,A,Depth,Depth,59.537037,D,S,72558.000000
Tue Sep 16 11:28:37 2025,16-Sep-2025,142844,46 40.848400 N,061 7.678800 W,2.3,178.6,A,Depth,Depth,59.537037,D,S,72558.000000
Tue Sep 16 11:28:37 2025,16-Sep-2025,142845,46 40.847700 N,061 7.678800 W,2.2,179.2,A,Depth,Depth,59.537037,D,S,72558.000000
Tue Sep 16 11:28:37 2025,16-Sep-2025,142846,46 40.847100 N,061 7.678600 W,2.2,178.9,A,Depth,Depth,59.537037,D,S,72558.000000
Tue Sep 16 11:28:41 2025,16-Sep-2025,142847,46 40.846400 N,061 7.678200 W,2.2,177.8,A,Primary,Headline,26.367347,D,S,56705.000000
Tue Sep 16 11:28:41 2025,16-Sep-2025,142848,46 40.845800 N,061 7.678000 W,2.1,177.2,A,Primary,Headline,26.367347,D,S,56705.000000
Tue Sep 16 11:28:41 2025,16-Sep-2025,142849,46 40.845200 N,061 7.678200 W,2.1,177.8,A,Primary,Headline,26.367347,D,S,56705.000000
Tue Sep 16 11:28:44 2025,16-Sep-2025,142850,46 40.844600 N,061 7.678400 W,2.1,178.5,A,Depth,Depth,61.203704,D,S,32627.000000
Tue Sep 16 11:28:44 2025,16-Sep-2025,142851,46 40.844000 N,061 7.678400 W,2.1,178.8,A,Depth,Depth,61.203704,D,S,32627.000000
Tue Sep 16 11:28:46 2025,16-Sep-2025,142852,46 40.843500 N,061 7.678200 W,2.1,178.7,A,Primary,Headline,25.428571,D,S,57329.000000
Tue Sep 16 11:28:46 2025,16-Sep-2025,142853,46 40.843000 N,061 7.678100 W,2.0,178.8,A,Primary,Headline,25.428571,D,S,57329.000000
Tue Sep 16 11:28:46 2025,16-Sep-2025,142854,46 40.842500 N,061 7.678100 W,2.0,178.8,A,Primary,Headline,25.428571,D,S,57329.000000
Tue Sep 16 11:28:46 2025,16-Sep-2025,142855,46 40.842000 N,061 7.678300 W,2.0,179.3,A,Primary,Headline,25.428571,D,S,57329.000000
Tue Sep 16 11:28:46 2025,16-Sep-2025,142856,46 40.841300 N,061 7.678500 W,2.1,179.8,A,Primary,Headline,25.428571,D,S,57329.000000
Tue Sep 16 11:28:51 2025,16-Sep-2025,142857,46 40.840700 N,061 7.678600 W,2.1,180.0,A,Depth,Depth,63.240741,D,P,142749.000000
Tue Sep 16 11:28:51 2025,16-Sep-2025,142858,46 40.840000 N,061 7.678600 W,2.1,180.1,A,Primary,Headline,22.775510,D,S,190596.000000
Tue Sep 16 11:28:51 2025,16-Sep-2025,142859,46 40.839300 N,061 7.678700 W,2.1,179.9,A,Primary,Headline,22.775510,D,S,190596.000000
Tue Sep 16 11:28:51 2025,16-Sep-2025,142900,46 40.838600 N,061 7.678600 W,2.1,179.3,A,Primary,Headline,22.775510,D,S,190596.000000
Tue Sep 16 11:28:51 2025,16-Sep-2025,142901,46 40.837900 N,061 7.678600 W,2.2,179.2,A,Primary,Headline,22.775510,D,S,190596.000000
Tue Sep 16 11:28:56 2025,16-Sep-2025,142902,46 40.837400 N,061 7.678700 W,2.1,179.6,A,DoorSpread,DoorMaster,5.845000,D,S,207703.000000
Tue Sep 16 11:28:57 2025,16-Sep-2025,142903,46 40.836800 N,061 7.678800 W,2.1,180.0,A,Primary,Headline,21.428571,D,P,183269.000000
Tue Sep 16 11:28:57 2025,16-Sep-2025,142904,46 40.836300 N,061 7.678900 W,2.2,180.0,A,Primary,Headline,21.428571,D,P,183269.000000
Tue Sep 16 11:28:58 2025,16-Sep-2025,142905,46 40.835700 N,061 7.678800 W,2.2,179.8,A,Depth,Depth,65.462963,D,P,159051.000000
Tue Sep 16 11:28:58 2025,16-Sep-2025,142906,46 40.835200 N,061 7.678600 W,2.2,179.7,A,Depth,Depth,65.462963,D,P,159051.000000
Tue Sep 16 11:29:01 2025,16-Sep-2025,142907,46 40.834500 N,061 7.678600 W,2.2,179.9,A,DoorSpread,DoorMaster,0.000000,E,S,269241.000000
Tue Sep 16 11:29:02 2025,16-Sep-2025,142908,46 40.833800 N,061 7.678700 W,2.2,180.0,A,Primary,Headline,18.591837,D,P,176465.000000
Tue Sep 16 11:29:02 2025,16-Sep-2025,142909,46 40.833200 N,061 7.678600 W,2.2,180.0,A,Primary,Headline,18.591837,D,P,176465.000000
Tue Sep 16 11:29:02 2025,16-Sep-2025,142910,46 40.832700 N,061 7.678600 W,2.2,179.8,A,Primary,Headline,18.591837,D,P,176465.000000
Tue Sep 16 11:29:02 2025,16-Sep-2025,142911,46 40.832000 N,061 7.678500 W,2.3,180.1,A,Primary,Headline,18.591837,D,P,176465.000000
Tue Sep 16 11:29:06 2025,16-Sep-2025,142912,46 40.831400 N,061 7.678600 W,2.3,180.4,A,DoorSpread,DoorMaster,0.000000,E,P,173116.000000
Tue Sep 16 11:29:06 2025,16-Sep-2025,142913,46 40.830900 N,061 7.678600 W,2.2,180.5,A,DoorSpread,DoorMaster,0.000000,E,P,173116.000000
Tue Sep 16 11:29:07 2025,16-Sep-2025,142914,46 40.830300 N,061 7.678600 W,2.3,179.7,A,Primary,Headline,16.755102,D,P,68809.000000
Tue Sep 16 11:29:07 2025,16-Sep-2025,142915,46 40.829700 N,061 7.678500 W,2.3,178.9,A,Primary,Headline,16.755102,D,P,68809.000000
Tue Sep 16 11:29:07 2025,16-Sep-2025,142916,46 40.829000 N,061 7.678600 W,2.3,178.7,A,Primary,Headline,16.755102,D,P,68809.000000
Tue Sep 16 11:29:07 2025,16-Sep-2025,142917,46 40.828400 N,061 7.678700 W,2.3,178.7,A,Primary,Headline,16.755102,D,P,68809.000000
Tue Sep 16 11:29:11 2025,16-Sep-2025,142918,46 40.827800 N,061 7.678800 W,2.3,178.7,A,DoorSpread,DoorMaster,5.495000,D,S,335483.000000
Tue Sep 16 11:29:13 2025,16-Sep-2025,142919,46 40.827200 N,061 7.678800 W,2.3,178.5,A,Primary,Headline,14.000000,D,S,129231.000000
Tue Sep 16 11:29:13 2025,16-Sep-2025,142920,46 40.826600 N,061 7.678700 W,2.2,178.2,A,Primary,Headline,14.000000,D,S,129231.000000
Tue Sep 16 11:29:13 2025,16-Sep-2025,142921,46 40.826000 N,061 7.678600 W,2.3,178.0,A,Primary,Headline,14.000000,D,S,129231.000000
Tue Sep 16 11:29:13 2025,16-Sep-2025,142922,46 40.825400 N,061 7.678500 W,2.3,178.1,A,Primary,Headline,14.000000,D,S,129231.000000
Tue Sep 16 11:29:16 2025,16-Sep-2025,142923,46 40.824700 N,061 7.678600 W,2.3,178.3,A,DoorSpread,DoorMaster,0.000000,E,S,294492.000000
Tue Sep 16 11:29:18 2025,16-Sep-2025,142924,46 40.824200 N,061 7.678600 W,2.2,178.4,A,Primary,Headline,12.938776,D,P,92714.000000
Tue Sep 16 11:29:18 2025,16-Sep-2025,142925,46 40.823700 N,061 7.678500 W,2.2,178.3,A,Primary,Headline,12.938776,D,P,92714.000000
Tue Sep 16 11:29:18 2025,16-Sep-2025,142926,46 40.823000 N,061 7.678400 W,2.3,178.3,A,Primary,Headline,12.938776,D,P,92714.000000
Tue Sep 16 11:29:18 2025,16-Sep-2025,142927,46 40.822300 N,061 7.678400 W,2.3,178.4,A,Primary,Headline,12.938776,D,P,92714.000000
Tue Sep 16 11:29:22 2025,16-Sep-2025,142928,46 40.821700 N,061 7.678400 W,2.2,178.5,A,DoorSpread,DoorMaster,5.900000,D,P,47167.000000
Tue Sep 16 11:29:23 2025,16-Sep-2025,142929,46 40.821100 N,061 7.678200 W,2.3,177.7,A,Primary,Headline,10.224490,D,P,45170.000000
Tue Sep 16 11:29:23 2025,16-Sep-2025,142930,46 40.820400 N,061 7.678100 W,2.3,177.2,A,Primary,Headline,10.224490,D,P,45170.000000
Tue Sep 16 11:29:23 2025,16-Sep-2025,142931,46 40.819800 N,061 7.678200 W,2.2,177.0,A,Primary,Headline,10.224490,D,P,45170.000000
Tue Sep 16 11:29:23 2025,16-Sep-2025,142932,46 40.819400 N,061 7.678200 W,2.2,177.0,A,Primary,Headline,10.224490,D,P,45170.000000
Tue Sep 16 11:29:23 2025,16-Sep-2025,142933,46 40.818800 N,061 7.678300 W,2.2,177.3,A,Primary,Headline,10.224490,D,P,45170.000000
Tue Sep 16 11:29:27 2025,16-Sep-2025,142934,46 40.818300 N,061 7.678500 W,2.2,177.4,A,DoorSpread,DoorMaster,5.595000,D,S,177026.000000
Tue Sep 16 11:29:28 2025,16-Sep-2025,142935,46 40.817800 N,061 7.678500 W,2.2,177.2,A,Primary,Headline,8.530612,D,P,82029.000000
Tue Sep 16 11:29:28 2025,16-Sep-2025,142936,46 40.817200 N,061 7.678500 W,2.2,176.8,A,Primary,Headline,8.530612,D,P,82029.000000
Tue Sep 16 11:29:28 2025,16-Sep-2025,142937,46 40.816700 N,061 7.678500 W,2.2,176.8,A,Primary,Headline,8.530612,D,P,82029.000000
Tue Sep 16 11:29:28 2025,16-Sep-2025,142938,46 40.816200 N,061 7.678700 W,2.1,177.3,A,Primary,Headline,8.530612,D,P,82029.000000
Tue Sep 16 11:29:33 2025,16-Sep-2025,142939,46 40.815500 N,061 7.678800 W,2.2,177.9,A,DoorSpread,DoorMaster,0.000000,E,P,49679.000000
Tue Sep 16 11:29:33 2025,16-Sep-2025,142940,46 40.814800 N,061 7.679000 W,2.2,178.0,A,Primary,Headline,6.897959,D,P,211921.000000
Tue Sep 16 11:29:35 2025,16-Sep-2025,142941,46 40.814200 N,061 7.679000 W,2.1,177.9,A,Depth,Depth,82.129630,D,P,23116.000000
Tue Sep 16 11:29:35 2025,16-Sep-2025,142942,46 40.813600 N,061 7.679000 W,2.1,177.9,A,Depth,Depth,82.129630,D,P,23116.000000
Tue Sep 16 11:29:35 2025,16-Sep-2025,142943,46 40.812800 N,061 7.679000 W,2.2,178.5,A,Depth,Depth,82.129630,D,P,23116.000000
Tue Sep 16 11:29:38 2025,16-Sep-2025,142944,46 40.812100 N,061 7.679000 W,2.2,178.9,A,DoorSpread,DoorMaster,5.765000,D,S,344369.000000
Tue Sep 16 11:29:38 2025,16-Sep-2025,142945,46 40.811600 N,061 7.679000 W,2.1,178.9,A,Primary,Headline,5.142857,D,S,344665.000000
Tue Sep 16 11:29:38 2025,16-Sep-2025,142946,46 40.811100 N,061 7.679000 W,2.1,178.9,A,Primary,Headline,5.142857,D,S,344665.000000
Tue Sep 16 11:29:38 2025,16-Sep-2025,142947,46 40.810400 N,061 7.679000 W,2.2,179.0,A,Primary,Headline,5.142857,D,S,344665.000000
Tue Sep 16 11:29:42 2025,16-Sep-2025,142948,46 40.809800 N,061 7.679100 W,2.2,178.8,A,Depth,Depth,80.092593,D,P,92545.000000
Tue Sep 16 11:29:42 2025,16-Sep-2025,142949,46 40.809200 N,061 7.679100 W,2.1,178.7,A,Depth,Depth,80.092593,D,P,92545.000000
Tue Sep 16 11:29:44 2025,16-Sep-2025,142950,46 40.808700 N,061 7.679000 W,2.1,178.4,A,DoorSpread,DoorMaster,5.810000,D,S,54242.000000
Tue Sep 16 11:29:44 2025,16-Sep-2025,142951,46 40.808100 N,061 7.678900 W,2.2,178.0,A,DoorSpread,DoorMaster,5.810000,D,S,54242.000000
Tue Sep 16 11:29:44 2025,16-Sep-2025,142952,46 40.807500 N,061 7.678700 W,2.2,177.7,A,DoorSpread,DoorMaster,5.810000,D,S,54242.000000
Tue Sep 16 11:29:44 2025,16-Sep-2025,142953,46 40.807000 N,061 7.678600 W,2.1,177.5,A,DoorSpread,DoorMaster,5.810000,D,S,54242.000000
Tue Sep 16 11:29:44 2025,16-Sep-2025,142954,46 40.806400 N,061 7.678500 W,2.1,177.8,A,DoorSpread,DoorMaster,5.810000,D,S,54242.000000
Tue Sep 16 11:29:49 2025,16-Sep-2025,142955,46 40.805800 N,061 7.678500 W,2.1,178.1,A,Depth,Depth,105.648148,D,P,39313.000000
Tue Sep 16 11:29:49 2025,16-Sep-2025,142956,46 40.805200 N,061 7.678300 W,2.1,177.9,A,DoorSpread,DoorMaster,6.805000,D,S,139440.000000
Tue Sep 16 11:29:49 2025,16-Sep-2025,142957,46 40.804500 N,061 7.678100 W,2.1,177.2,A,DoorSpread,DoorMaster,6.805000,D,S,139440.000000
Tue Sep 16 11:29:49 2025,16-Sep-2025,142958,46 40.803900 N,061 7.678000 W,2.2,176.9,A,DoorSpread,DoorMaster,6.805000,D,S,139440.000000
Tue Sep 16 11:29:49 2025,16-Sep-2025,142959,46 40.803200 N,061 7.677900 W,2.2,177.2,A,DoorSpread,DoorMaster,6.805000,D,S,139440.000000
Tue Sep 16 11:29:54 2025,16-Sep-2025,143000,46 40.802600 N,061 7.677900 W,2.2,177.3,A,Primary,Headline,2.387755,D,S,280955.000000
Tue Sep 16 11:29:55 2025,16-Sep-2025,143001,46 40.802000 N,061 7.677700 W,2.2,177.1,A,DoorSpread,DoorMaster,5.675000,D,S,96166.000000
Tue Sep 16 11:29:55 2025,16-Sep-2025,143002,46 40.801300 N,061 7.677600 W,2.2,176.9,A,DoorSpread,DoorMaster,5.675000,D,S,96166.000000
Tue Sep 16 11:29:56 2025,16-Sep-2025,143003,46 40.800600 N,061 7.677700 W,2.2,177.1,A,Depth,Depth,84.259259,D,S,201701.000000
Tue Sep 16 11:29:56 2025,16-Sep-2025,143004,46 40.799800 N,061 7.677700 W,2.2,177.1,A,Depth,Depth,84.259259,D,S,201701.000000
Tue Sep 16 11:29:58 2025,16-Sep-2025,143005,46 40.799100 N,061 7.677600 W,2.2,176.7,A,Primary,Headline,2.102041,D,S,223898.000000
Tue Sep 16 11:29:58 2025,16-Sep-2025,143006,46 40.798500 N,061 7.677500 W,2.2,176.3,A,Primary,Headline,2.102041,D,S,223898.000000
Tue Sep 16 11:30:00 2025,16-Sep-2025,143007,46 40.798000 N,061 7.677400 W,2.2,176.3,A,DoorSpread,DoorMaster,6.750000,D,S,71960.000000
Tue Sep 16 11:30:00 2025,16-Sep-2025,143008,46 40.797400 N,061 7.677500 W,2.2,176.7,A,DoorSpread,DoorMaster,6.750000,D,S,71960.000000
Tue Sep 16 11:30:00 2025,16-Sep-2025,143009,46 40.796700 N,061 7.677500 W,2.2,176.9,A,DoorSpread,DoorMaster,6.750000,D,S,71960.000000
Tue Sep 16 11:30:04 2025,16-Sep-2025,143010,46 40.796100 N,061 7.677400 W,2.2,176.9,A,Depth,Depth,86.759259,D,S,230531.000000
Tue Sep 16 11:30:04 2025,16-Sep-2025,143011,46 40.795600 N,061 7.677200 W,2.2,176.5,A,Depth,Depth,86.759259,D,S,230531.000000
Tue Sep 16 11:30:06 2025,16-Sep-2025,143012,46 40.795000 N,061 7.677000 W,2.2,176.2,A,DoorSpread,DoorMaster,6.960000,D,P,144395.000000
Tue Sep 16 11:30:06 2025,16-Sep-2025,143013,46 40.794400 N,061 7.677100 W,2.2,176.2,A,DoorSpread,DoorMaster,6.960000,D,P,144395.000000
Tue Sep 16 11:30:06 2025,16-Sep-2025,143014,46 40.793800 N,061 7.677000 W,2.2,176.1,A,DoorSpread,DoorMaster,6.960000,D,P,144395.000000
Tue Sep 16 11:30:09 2025,16-Sep-2025,143015,46 40.793300 N,061 7.677100 W,2.2,176.4,A,Primary,Headline,1.653061,D,P,57157.000000
Tue Sep 16 11:30:09 2025,16-Sep-2025,143016,46 40.792800 N,061 7.677300 W,2.2,176.7,A,Primary,Headline,1.653061,D,P,57157.000000
Tue Sep 16 11:30:11 2025,16-Sep-2025,143017,46 40.792100 N,061 7.677400 W,2.3,176.6,A,Depth,Depth,84.814815,D,P,93972.000000
Tue Sep 16 11:30:12 2025,16-Sep-2025,143018,46 40.791500 N,061 7.677200 W,2.2,176.2,A,DoorSpread,DoorMaster,6.900000,D,S,118481.000000
Tue Sep 16 11:30:12 2025,16-Sep-2025,143019,46 40.791000 N,061 7.677100 W,2.2,176.0,A,DoorSpread,DoorMaster,6.900000,D,S,118481.000000
Tue Sep 16 11:30:14 2025,16-Sep-2025,143020,46 40.790300 N,061 7.677100 W,2.3,176.0,A,Primary,Headline,1.571429,D,P,59299.000000
Tue Sep 16 11:30:14 2025,16-Sep-2025,143021,46 40.789500 N,061 7.677000 W,2.3,176.0,A,Primary,Headline,1.571429,D,P,59299.000000
Tue Sep 16 11:30:14 2025,16-Sep-2025,143022,46 40.788900 N,061 7.676800 W,2.3,176.1,A,Primary,Headline,1.571429,D,P,59299.000000
Tue Sep 16 11:30:14 2025,16-Sep-2025,143023,46 40.788200 N,061 7.676900 W,2.3,176.6,A,Primary,Headline,1.571429,D,P,59299.000000
Tue Sep 16 11:30:17 2025,16-Sep-2025,143024,46 40.787500 N,061 7.676900 W,2.3,176.7,A,DoorSpread,DoorMaster,7.205000,D,P,120931.000000
Tue Sep 16 11:30:19 2025,16-Sep-2025,143025,46 40.786900 N,061 7.676700 W,2.3,176.1,A,Primary,Headline,1.510204,D,P,145671.000000
Tue Sep 16 11:30:19 2025,16-Sep-2025,143026,46 40.786300 N,061 7.676500 W,2.3,175.5,A,Primary,Headline,1.510204,D,P,145671.000000
Tue Sep 16 11:30:19 2025,16-Sep-2025,143027,46 40.785700 N,061 7.676400 W,2.3,175.4,A,Primary,Headline,1.510204,D,P,145671.000000
Tue Sep 16 11:30:19 2025,16-Sep-2025,143028,46 40.785000 N,061 7.676500 W,2.3,175.6,A,Primary,Headline,1.510204,D,P,145671.000000
Tue Sep 16 11:30:23 2025,16-Sep-2025,143029,46 40.784300 N,061 7.676600 W,2.3,175.8,A,DoorSpread,DoorMaster,7.285000,D,S,123971.000000
Tue Sep 16 11:30:24 2025,16-Sep-2025,143030,46 40.783700 N,061 7.676400 W,2.3,175.6,A,Primary,Headline,2.775510,D,P,61384.000000
Tue Sep 16 11:30:24 2025,16-Sep-2025,143031,46 40.783000 N,061 7.676100 W,2.3,175.3,A,Primary,Headline,2.775510,D,P,61384.000000
Tue Sep 16 11:30:26 2025,16-Sep-2025,143032,46 40.782400 N,061 7.675900 W,2.3,175.3,A,Depth,Depth,84.814815,D,S,201534.000000
Tue Sep 16 11:30:26 2025,16-Sep-2025,143033,46 40.781700 N,061 7.675800 W,2.4,175.3,A,Depth,Depth,84.814815,D,S,201534.000000
Tue Sep 16 11:30:26 2025,16-Sep-2025,143034,46 40.781000 N,061 7.675700 W,2.4,175.2,A,Depth,Depth,84.814815,D,S,201534.000000
Tue Sep 16 11:30:29 2025,16-Sep-2025,143035,46 40.780400 N,061 7.675600 W,2.3,175.1,A,DoorSpread,DoorMaster,13.335000,D,S,34309.000000
Tue Sep 16 11:30:29 2025,16-Sep-2025,143036,46 40.779900 N,061 7.675400 W,2.3,175.2,A,DoorSpread,DoorMaster,13.335000,D,S,34309.000000
Tue Sep 16 11:30:29 2025,16-Sep-2025,143037,46 40.779200 N,061 7.675300 W,2.4,175.5,A,DoorSpread,DoorMaster,13.335000,D,S,34309.000000
Tue Sep 16 11:30:29 2025,16-Sep-2025,143038,46 40.778500 N,061 7.675100 W,2.4,175.7,A,DoorSpread,DoorMaster,13.335000,D,S,34309.000000
Tue Sep 16 11:30:33 2025,16-Sep-2025,143039,46 40.778000 N,061 7.674800 W,2.3,175.7,A,Depth,Depth,85.277778,D,S,126881.000000
Tue Sep 16 11:30:34 2025,16-Sep-2025,143040,46 40.777600 N,061 7.674500 W,2.2,175.5,A,Primary,Headline,1.632653,D,P,152450.000000
Tue Sep 16 11:30:34 2025,16-Sep-2025,143041,46 40.777100 N,061 7.674400 W,2.3,175.3,A,DoorSpread,DoorMaster,4.960000,D,P,94882.000000
Tue Sep 16 11:30:34 2025,16-Sep-2025,143042,46 40.776600 N,061 7.674300 W,2.2,175.2,A,DoorSpread,DoorMaster,4.960000,D,P,94882.000000
Tue Sep 16 11:30:34 2025,16-Sep-2025,143043,46 40.776100 N,061 7.674300 W,2.1,175.2,A,DoorSpread,DoorMaster,4.960000,D,P,94882.000000
Tue Sep 16 11:30:34 2025,16-Sep-2025,143044,46 40.775600 N,061 7.674500 W,2.2,175.6,A,DoorSpread,DoorMaster,4.960000,D,P,94882.000000
Tue Sep 16 11:30:39 2025,16-Sep-2025,143045,46 40.775000 N,061 7.674700 W,2.2,175.5,A,Primary,Headline,1.775510,D,S,143468.000000
Tue Sep 16 11:30:40 2025,16-Sep-2025,143046,46 40.774500 N,061 7.674500 W,2.1,175.2,A,DoorSpread,DoorMaster,8.375000,D,P,32373.000000
Tue Sep 16 11:30:40 2025,16-Sep-2025,143047,46 40.774100 N,061 7.674400 W,2.1,174.5,A,Depth,Depth,84.722222,D,S,86886.000000
Tue Sep 16 11:30:40 2025,16-Sep-2025,143048,46 40.773400 N,061 7.674300 W,2.2,174.2,A,Depth,Depth,84.722222,D,S,86886.000000
Tue Sep 16 11:30:40 2025,16-Sep-2025,143049,46 40.772700 N,061 7.674300 W,2.1,174.2,A,Depth,Depth,84.722222,D,S,86886.000000
Tue Sep 16 11:30:44 2025,16-Sep-2025,143050,46 40.772200 N,061 7.674300 W,2.0,174.1,A,Primary,Headline,2.102041,D,P,108651.000000
Tue Sep 16 11:30:44 2025,16-Sep-2025,143051,46 40.771700 N,061 7.674300 W,2.1,173.8,A,Primary,Headline,2.102041,D,P,108651.000000
Tue Sep 16 11:30:46 2025,16-Sep-2025,143052,46 40.771000 N,061 7.674100 W,2.1,173.2,A,DoorSpread,DoorMaster,6.985000,D,P,157881.000000
Tue Sep 16 11:30:46 2025,16-Sep-2025,143053,46 40.770400 N,061 7.673800 W,2.1,172.6,A,DoorSpread,DoorMaster,6.985000,D,P,157881.000000
Tue Sep 16 11:30:48 2025,16-Sep-2025,143054,46 40.770000 N,061 7.673600 W,2.0,172.1,A,Depth,Depth,85.370370,D,S,206579.000000
Tue Sep 16 11:30:49 2025,16-Sep-2025,143055,46 40.769500 N,061 7.673500 W,2.0,171.7,A,Primary,Headline,1.632653,D,S,237253.000000
Tue Sep 16 11:30:49 2025,16-Sep-2025,143056,46 40.769100 N,061 7.673400 W,2.0,171.7,A,Primary,Headline,1.632653,D,S,237253.000000
Tue Sep 16 11:30:49 2025,16-Sep-2025,143057,46 40.768500 N,061 7.673500 W,2.1,171.8,A,Primary,Headline,1.632653,D,S,237253.000000
Tue Sep 16 11:30:51 2025,16-Sep-2025,143058,46 40.768100 N,061 7.673600 W,2.0,172.0,A,DoorSpread,DoorMaster,7.800000,D,S,202242.000000
Tue Sep 16 11:30:51 2025,16-Sep-2025,143059,46 40.767700 N,061 7.673500 W,2.0,172.0,A,DoorSpread,DoorMaster,7.800000,D,S,202242.000000
Tue Sep 16 11:30:54 2025,16-Sep-2025,143100,46 40.767200 N,061 7.673200 W,2.0,171.6,A,Primary,Headline,1.571429,D,P,82975.000000
Tue Sep 16 11:30:55 2025,16-Sep-2025,143101,46 40.766600 N,061 7.673000 W,2.1,171.2,A,Depth,Depth,90.462963,D,P,50851.000000
Tue Sep 16 11:30:55 2025,16-Sep-2025,143102,46 40.765900 N,061 7.672800 W,2.1,171.1,A,Depth,Depth,90.462963,D,P,50851.000000
Tue Sep 16 11:30:57 2025,16-Sep-2025,143103,46 40.765400 N,061 7.672700 W,2.0,171.1,A,DoorSpread,DoorMaster,8.105000,D,P,82447.000000
Tue Sep 16 11:30:57 2025,16-Sep-2025,143104,46 40.764800 N,061 7.672500 W,2.0,171.0,A,DoorSpread,DoorMaster,8.105000,D,P,82447.000000
Tue Sep 16 11:30:59 2025,16-Sep-2025,143105,46 40.764100 N,061 7.672300 W,2.1,170.9,A,Primary,Headline,2.183673,D,S,202771.000000
Tue Sep 16 11:30:59 2025,16-Sep-2025,143106,46 40.763400 N,061 7.672200 W,2.1,170.9,A,Primary,Headline,2.183673,D,S,202771.000000
Tue Sep 16 11:30:59 2025,16-Sep-2025,143107,46 40.762800 N,061 7.672200 W,2.1,170.9,A,Primary,Headline,2.183673,D,S,202771.000000
Tue Sep 16 11:30:59 2025,16-Sep-2025,143108,46 40.762300 N,061 7.672100 W,2.0,170.9,A,Primary,Headline,2.183673,D,S,202771.000000
Tue Sep 16 11:31:03 2025,16-Sep-2025,143109,46 40.761700 N,061 7.672000 W,2.1,171.0,A,DoorSpread,DoorMaster,8.630000,D,P,63226.000000
Tue Sep 16 11:31:04 2025,16-Sep-2025,143110,46 40.761100 N,061 7.671800 W,2.1,170.4,A,Primary,Headline,0.959184,D,P,57966.000000
Tue Sep 16 11:31:04 2025,16-Sep-2025,143111,46 40.760500 N,061 7.671500 W,2.1,169.9,A,Primary,Headline,0.959184,D,P,57966.000000
Tue Sep 16 11:31:04 2025,16-Sep-2025,143112,46 40.760000 N,061 7.671400 W,2.1,169.7,A,Primary,Headline,0.959184,D,P,57966.000000
Tue Sep 16 11:31:04 2025,16-Sep-2025,143113,46 40.759300 N,061 7.671300 W,2.1,170.4,A,Primary,Headline,0.959184,D,P,57966.000000
Tue Sep 16 11:31:04 2025,16-Sep-2025,143114,46 40.758500 N,061 7.671200 W,2.1,170.9,A,Primary,Headline,0.959184,D,P,57966.000000
Tue Sep 16 11:31:09 2025,16-Sep-2025,143115,46 40.757800 N,061 7.671100 W,2.1,171.2,A,Primary,Headline,1.591837,D,S,346509.000000
Tue Sep 16 11:31:10 2025,16-Sep-2025,143116,46 40.757100 N,061 7.670800 W,2.1,170.9,A,Depth,Depth,84.722222,D,P,171104.000000
Tue Sep 16 11:31:10 2025,16-Sep-2025,143117,46 40.756500 N,061 7.670700 W,2.1,170.6,A,Depth,Depth,84.722222,D,P,171104.000000
Tue Sep 16 11:31:10 2025,16-Sep-2025,143118,46 40.755900 N,061 7.670500 W,2.1,170.3,A,Depth,Depth,84.722222,D,P,171104.000000
Tue Sep 16 11:31:10 2025,16-Sep-2025,143119,46 40.755300 N,061 7.670500 W,2.1,170.5,A,Depth,Depth,84.722222,D,P,171104.000000
Tue Sep 16 11:31:14 2025,16-Sep-2025,143120,46 40.754800 N,061 7.670700 W,2.1,171.0,A,Primary,Headline,1.428571,D,S,263172.000000
Tue Sep 16 11:31:14 2025,16-Sep-2025,143121,46 40.754100 N,061 7.670800 W,2.1,171.4,A,DoorSpread,DoorMaster,9.385000,D,P,143154.000000
Tue Sep 16 11:31:14 2025,16-Sep-2025,143122,46 40.753600 N,061 7.670800 W,2.1,171.3,A,DoorSpread,DoorMaster,9.385000,D,P,143154.000000
Tue Sep 16 11:31:17 2025,16-Sep-2025,143123,46 40.753100 N,061 7.670700 W,2.1,171.0,A,Depth,Depth,84.722222,D,P,153879.000000
Tue Sep 16 11:31:17 2025,16-Sep-2025,143124,46 40.752500 N,061 7.670700 W,2.1,170.8,A,Depth,Depth,84.722222,D,P,153879.000000
Tue Sep 16 11:31:19 2025,16-Sep-2025,143125,46 40.751900 N,061 7.670700 W,2.1,170.8,A,Primary,Headline,1.530612,D,P,111028.000000
Tue Sep 16 11:31:19 2025,16-Sep-2025,143126,46 40.751400 N,061 7.670700 W,2.0,170.8,A,Primary,Headline,1.530612,D,P,111028.000000
Tue Sep 16 11:31:20 2025,16-Sep-2025,143127,46 40.750900 N,061 7.670400 W,2.1,170.9,A,DoorSpread,DoorMaster,10.250000,D,P,33445.000000
Tue Sep 16 11:31:20 2025,16-Sep-2025,143128,46 40.750300 N,061 7.670100 W,2.2,170.6,A,DoorSpread,DoorMaster,10.250000,D,P,33445.000000
Tue Sep 16 11:31:20 2025,16-Sep-2025,143129,46 40.749800 N,061 7.669700 W,2.1,170.3,A,DoorSpread,DoorMaster,10.250000,D,P,33445.000000
Tue Sep 16 11:31:24 2025,16-Sep-2025,143130,46 40.749400 N,061 7.669500 W,2.0,170.0,A,Primary,Headline,1.612245,D,S,108974.000000
Tue Sep 16 11:31:24 2025,16-Sep-2025,143131,46 40.749000 N,061 7.669300 W,2.0,169.9,A,Depth,Depth,85.185185,D,P,84226.000000
Tue Sep 16 11:31:26 2025,16-Sep-2025,143132,46 40.748300 N,061 7.669300 W,2.1,170.3,A,DoorSpread,DoorMaster,9.225000,D,S,228162.000000
Tue Sep 16 11:31:26 2025,16-Sep-2025,143133,46 40.747700 N,061 7.669200 W,2.1,170.5,A,DoorSpread,DoorMaster,9.225000,D,S,228162.000000
Tue Sep 16 11:31:26 2025,16-Sep-2025,143134,46 40.747300 N,061 7.669100 W,2.0,170.6,A,DoorSpread,DoorMaster,9.225000,D,S,228162.000000
Tue Sep 16 11:31:29 2025,16-Sep-2025,143135,46 40.746700 N,061 7.669000 W,2.0,170.4,A,Primary,Headline,1.551020,D,P,143023.000000
Tue Sep 16 11:31:29 2025,16-Sep-2025,143136,46 40.746100 N,061 7.668900 W,2.1,170.0,A,Primary,Headline,1.551020,D,P,143023.000000
Tue Sep 16 11:31:29 2025,16-Sep-2025,143137,46 40.745600 N,061 7.668700 W,2.0,169.7,A,Primary,Headline,1.551020,D,P,143023.000000
Tue Sep 16 11:31:32 2025,16-Sep-2025,143138,46 40.745000 N,061 7.668700 W,2.0,169.9,A,DoorSpread,DoorMaster,9.145000,D,P,136022.000000
Tue Sep 16 11:31:32 2025,16-Sep-2025,143139,46 40.744300 N,061 7.668900 W,2.1,170.6,A,DoorSpread,DoorMaster,9.145000,D,P,136022.000000
Tue Sep 16 11:31:34 2025,16-Sep-2025,143140,46 40.743600 N,061 7.668900 W,2.1,171.1,A,Primary,Headline,1.673469,D,S,149040.000000
Tue Sep 16 11:31:34 2025,16-Sep-2025,143141,46 40.743100 N,061 7.668900 W,2.1,171.2,A,Primary,Headline,1.673469,D,S,149040.000000
Tue Sep 16 11:31:34 2025,16-Sep-2025,143142,46 40.742500 N,061 7.668700 W,2.0,171.2,A,Primary,Headline,1.673469,D,S,149040.000000
Tue Sep 16 11:31:34 2025,16-Sep-2025,143143,46 40.741900 N,061 7.668600 W,2.1,171.3,A,Primary,Headline,1.673469,D,S,149040.000000
Tue Sep 16 11:31:38 2025,16-Sep-2025,143144,46 40.741200 N,061 7.668500 W,2.2,171.9,A,DoorSpread,DoorMaster,10.225000,D,S,103730.000000
Tue Sep 16 11:31:39 2025,16-Sep-2025,143145,46 40.740600 N,061 7.668500 W,2.1,172.2,A,Primary,Headline,1.816327,D,S,287570.000000
Tue Sep 16 11:31:39 2025,16-Sep-2025,143146,46 40.740000 N,061 7.668300 W,2.1,172.5,A,Primary,Headline,1.816327,D,S,287570.000000
Tue Sep 16 11:31:39 2025,16-Sep-2025,143147,46 40.739500 N,061 7.668100 W,2.1,172.6,A,Primary,Headline,1.816327,D,S,287570.000000
Tue Sep 16 11:31:39 2025,16-Sep-2025,143148,46 40.738800 N,061 7.667800 W,2.2,172.6,A,Primary,Headline,1.816327,D,S,287570.000000
Tue Sep 16 11:31:39 2025,16-Sep-2025,143149,46 40.738200 N,061 7.667600 W,2.1,172.5,A,Primary,Headline,1.816327,D,S,287570.000000
Tue Sep 16 11:31:44 2025,16-Sep-2025,143150,46 40.737700 N,061 7.667500 W,2.1,172.6,A,Primary,Headline,1.448980,D,S,232131.000000
Tue Sep 16 11:31:44 2025,16-Sep-2025,143151,46 40.737200 N,061 7.667300 W,2.2,173.0,A,Primary,Headline,1.448980,D,S,232131.000000
Tue Sep 16 11:31:44 2025,16-Sep-2025,143152,46 40.736500 N,061 7.667100 W,2.2,173.3,A,Primary,Headline,1.448980,D,S,232131.000000
Tue Sep 16 11:31:46 2025,16-Sep-2025,143153,46 40.736000 N,061 7.666800 W,2.2,173.0,A,Depth,Depth,85.092593,D,S,217256.000000
Tue Sep 16 11:31:46 2025,16-Sep-2025,143154,46 40.735500 N,061 7.666500 W,2.1,172.8,A,Depth,Depth,85.092593,D,S,217256.000000
Tue Sep 16 11:31:49 2025,16-Sep-2025,143155,46 40.735000 N,061 7.666400 W,2.2,172.9,A,Primary,Headline,1.734694,D,S,256161.000000
Tue Sep 16 11:31:49 2025,16-Sep-2025,143156,46 40.734300 N,061 7.666500 W,2.3,173.5,A,DoorSpread,DoorMaster,10.265000,D,S,189789.000000
Tue Sep 16 11:31:49 2025,16-Sep-2025,143157,46 40.733600 N,061 7.666600 W,2.3,173.8,A,DoorSpread,DoorMaster,10.265000,D,S,189789.000000
Tue Sep 16 11:31:49 2025,16-Sep-2025,143158,46 40.733100 N,061 7.666700 W,2.3,174.0,A,DoorSpread,DoorMaster,10.265000,D,S,189789.000000
Tue Sep 16 11:31:49 2025,16-Sep-2025,143159,46 40.732500 N,061 7.666600 W,2.2,173.7,A,DoorSpread,DoorMaster,10.265000,D,S,189789.000000
Tue Sep 16 11:31:53 2025,16-Sep-2025,143200,46 40.731900 N,061 7.666600 W,2.3,173.4,A,Depth,Depth,85.000000,D,P,203692.000000
Tue Sep 16 11:31:54 2025,16-Sep-2025,143201,46 40.731200 N,061 7.666700 W,2.3,173.4,A,Primary,Headline,1.306122,D,P,192307.000000
Tue Sep 16 11:31:55 2025,16-Sep-2025,143202,46 40.730700 N,061 7.666800 W,2.2,173.5,A,DoorSpread,DoorMaster,9.935000,D,S,199488.000000
Tue Sep 16 11:31:55 2025,16-Sep-2025,143203,46 40.730200 N,061 7.667000 W,2.3,173.8,A,DoorSpread,DoorMaster,9.935000,D,S,199488.000000
Tue Sep 16 11:31:55 2025,16-Sep-2025,143204,46 40.729500 N,061 7.666900 W,2.3,174.3,A,DoorSpread,DoorMaster,9.935000,D,S,199488.000000
Tue Sep 16 11:31:55 2025,16-Sep-2025,143205,46 40.728900 N,061 7.666700 W,2.3,174.1,A,DoorSpread,DoorMaster,9.935000,D,S,199488.000000
Tue Sep 16 11:31:59 2025,16-Sep-2025,143206,46 40.728300 N,061 7.666400 W,2.3,173.4,A,Primary,Headline,1.714286,D,P,176156.000000
Tue Sep 16 11:32:01 2025,16-Sep-2025,143207,46 40.727700 N,061 7.666100 W,2.3,173.0,A,DoorSpread,DoorMaster,10.410000,D,P,158201.000000
Tue Sep 16 11:32:01 2025,16-Sep-2025,143208,46 40.727000 N,061 7.666000 W,2.3,173.3,A,DoorSpread,DoorMaster,10.410000,D,P,158201.000000
Tue Sep 16 11:32:01 2025,16-Sep-2025,143209,46 40.726400 N,061 7.666000 W,2.3,173.7,A,DoorSpread,DoorMaster,10.410000,D,P,158201.000000
Tue Sep 16 11:32:01 2025,16-Sep-2025,143210,46 40.725800 N,061 7.665900 W,2.3,173.8,A,DoorSpread,DoorMaster,10.410000,D,P,158201.000000
Tue Sep 16 11:32:04 2025,16-Sep-2025,143211,46 40.725200 N,061 7.665600 W,2.3,173.3,A,Primary,Headline,1.367347,D,S,206900.000000
Tue Sep 16 11:32:04 2025,16-Sep-2025,143212,46 40.724700 N,061 7.665400 W,2.3,172.7,A,Primary,Headline,1.367347,D,S,206900.000000
Tue Sep 16 11:32:07 2025,16-Sep-2025,143213,46 40.724300 N,061 7.665200 W,2.2,172.2,A,DoorSpread,DoorMaster,10.110000,D,S,58078.000000
Tue Sep 16 11:32:08 2025,16-Sep-2025,143214,46 40.723700 N,061 7.665300 W,2.2,172.4,A,Depth,Depth,84.907407,D,S,215226.000000
Tue Sep 16 11:32:08 2025,16-Sep-2025,143215,46 40.723300 N,061 7.665400 W,2.2,172.6,A,Depth,Depth,84.907407,D,S,215226.000000
Tue Sep 16 11:32:09 2025,16-Sep-2025,143216,46 40.722900 N,061 7.665300 W,2.2,172.5,A,Primary,Headline,1.571429,D,P,174692.000000
Tue Sep 16 11:32:09 2025,16-Sep-2025,143217,46 40.722400 N,061 7.665100 W,2.2,172.4,A,Primary,Headline,1.571429,D,P,174692.000000
Tue Sep 16 11:32:09 2025,16-Sep-2025,143218,46 40.721900 N,061 7.664900 W,2.1,172.3,A,Primary,Headline,1.571429,D,P,174692.000000
Tue Sep 16 11:32:13 2025,16-Sep-2025,143219,46 40.721400 N,061 7.664700 W,2.1,171.9,A,DoorSpread,DoorMaster,10.255000,D,P,103578.000000
Tue Sep 16 11:32:13 2025,16-Sep-2025,143220,46 40.720900 N,061 7.664500 W,2.1,171.6,A,DoorSpread,DoorMaster,10.255000,D,P,103578.000000
Tue Sep 16 11:32:14 2025,16-Sep-2025,143221,46 40.720400 N,061 7.664400 W,2.0,171.4,A,Primary,Headline,1.571429,D,S,336712.000000
Tue Sep 16 11:32:15 2025,16-Sep-2025,143222,46 40.719900 N,061 7.664300 W,2.0,172.0,A,Depth,Depth,84.907407,D,P,91521.000000
Tue Sep 16 11:32:15 2025,16-Sep-2025,143223,46 40.719300 N,061 7.664300 W,2.0,172.8,A,Depth,Depth,84.907407,D,P,91521.000000
Tue Sep 16 11:32:15 2025,16-Sep-2025,143224,46 40.718800 N,061 7.664300 W,2.0,173.2,A,Depth,Depth,84.907407,D,P,91521.000000
Tue Sep 16 11:32:19 2025,16-Sep-2025,143225,46 40.718400 N,061 7.664100 W,1.9,173.2,A,DoorSpread,DoorMaster,10.965000,D,S,76425.000000
Tue Sep 16 11:32:19 2025,16-Sep-2025,143226,46 40.718000 N,061 7.663800 W,1.9,173.1,A,Primary,Headline,1.102041,D,S,210860.000000
Tue Sep 16 11:32:19 2025,16-Sep-2025,143227,46 40.717500 N,061 7.663700 W,1.9,172.9,A,Primary,Headline,1.102041,D,S,210860.000000
Tue Sep 16 11:32:19 2025,16-Sep-2025,143228,46 40.716900 N,061 7.663600 W,1.9,172.9,A,Primary,Headline,1.102041,D,S,210860.000000
Tue Sep 16 11:32:23 2025,16-Sep-2025,143229,46 40.716300 N,061 7.663500 W,1.9,173.1,A,Depth,Depth,85.185185,D,S,256881.000000
Tue Sep 16 11:32:24 2025,16-Sep-2025,143230,46 40.715800 N,061 7.663500 W,1.9,173.2,A,DoorSpread,DoorMaster,1.865000,D,S,54362.000000
Tue Sep 16 11:32:24 2025,16-Sep-2025,143231,46 40.715400 N,061 7.663400 W,1.8,173.1,A,Primary,Headline,1.673469,D,P,84143.000000
Tue Sep 16 11:32:24 2025,16-Sep-2025,143232,46 40.714900 N,061 7.663200 W,1.8,172.9,A,Primary,Headline,1.673469,D,P,84143.000000
Tue Sep 16 11:32:24 2025,16-Sep-2025,143233,46 40.714400 N,061 7.663100 W,1.8,172.7,A,Primary,Headline,1.673469,D,P,84143.000000
Tue Sep 16 11:32:24 2025,16-Sep-2025,143234,46 40.713900 N,061 7.663000 W,1.8,172.7,A,Primary,Headline,1.673469,D,P,84143.000000
Tue Sep 16 11:32:24 2025,16-Sep-2025,143235,46 40.713400 N,061 7.663000 W,1.8,172.7,A,Primary,Headline,1.673469,D,P,84143.000000
Tue Sep 16 11:32:30 2025,16-Sep-2025,143236,46 40.712800 N,061 7.663000 W,1.9,172.5,A,Depth,Depth,85.000000,D,S,89939.000000
Tue Sep 16 11:32:30 2025,16-Sep-2025,143237,46 40.712100 N,061 7.662900 W,1.9,172.3,A,Depth,Depth,85.000000,D,S,89939.000000
Tue Sep 16 11:32:30 2025,16-Sep-2025,143238,46 40.711300 N,061 7.662800 W,1.9,172.3,A,Depth,Depth,85.000000,D,S,89939.000000
Tue Sep 16 11:32:30 2025,16-Sep-2025,143239,46 40.710700 N,061 7.662700 W,2.0,172.2,A,Depth,Depth,85.000000,D,S,89939.000000
Tue Sep 16 11:32:30 2025,16-Sep-2025,143240,46 40.710000 N,061 7.662500 W,2.0,171.6,A,Depth,Depth,85.000000,D,S,89939.000000
Tue Sep 16 11:32:34 2025,16-Sep-2025,143241,46 40.709200 N,061 7.662200 W,2.1,170.8,A,Primary,Headline,0.877551,D,S,162137.000000
Tue Sep 16 11:32:36 2025,16-Sep-2025,143242,46 40.708500 N,061 7.662000 W,2.1,170.7,A,DoorSpread,DoorMaster,8.930000,D,S,181845.000000
Tue Sep 16 11:32:36 2025,16-Sep-2025,143243,46 40.707700 N,061 7.662000 W,2.1,170.8,A,DoorSpread,DoorMaster,8.930000,D,S,181845.000000
Tue Sep 16 11:32:37 2025,16-Sep-2025,143244,46 40.706900 N,061 7.661800 W,2.1,170.9,A,Depth,Depth,85.000000,D,S,123806.000000
Tue Sep 16 11:32:37 2025,16-Sep-2025,143245,46 40.706300 N,061 7.661500 W,2.2,170.7,A,Depth,Depth,85.000000,D,S,123806.000000
Tue Sep 16 11:32:39 2025,16-Sep-2025,143246,46 40.705500 N,061 7.661000 W,2.2,170.2,A,Primary,Headline,1.551020,D,S,116031.000000
Tue Sep 16 11:32:41 2025,16-Sep-2025,143247,46 40.704900 N,061 7.660500 W,2.2,169.6,A,DoorSpread,DoorMaster,0.000000,E,S,242723.000000
Tue Sep 16 11:32:41 2025,16-Sep-2025,143248,46 40.704200 N,061 7.660200 W,2.2,169.6,A,DoorSpread,DoorMaster,0.000000,E,S,242723.000000
Tue Sep 16 11:32:41 2025,16-Sep-2025,143249,46 40.703600 N,061 7.660000 W,2.3,170.1,A,DoorSpread,DoorMaster,0.000000,E,S,242723.000000
Tue Sep 16 11:32:41 2025,16-Sep-2025,143250,46 40.703000 N,061 7.659800 W,2.3,170.3,A,DoorSpread,DoorMaster,0.000000,E,S,242723.000000
Tue Sep 16 11:32:45 2025,16-Sep-2025,143251,46 40.702500 N,061 7.659400 W,2.2,169.9,A,Depth,Depth,85.000000,D,P,34114.000000
Tue Sep 16 11:32:45 2025,16-Sep-2025,143252,46 40.702000 N,061 7.659100 W,2.3,169.4,A,Depth,Depth,85.000000,D,P,34114.000000
Tue Sep 16 11:32:47 2025,16-Sep-2025,143253,46 40.701500 N,061 7.658700 W,2.2,169.0,A,DoorSpread,DoorMaster,8.685000,D,S,141284.000000
Tue Sep 16 11:32:47 2025,16-Sep-2025,143254,46 40.700900 N,061 7.658300 W,2.2,168.7,A,DoorSpread,DoorMaster,8.685000,D,S,141284.000000
Tue Sep 16 11:32:47 2025,16-Sep-2025,143255,46 40.700200 N,061 7.658100 W,2.2,168.6,A,DoorSpread,DoorMaster,8.685000,D,S,141284.000000
Tue Sep 16 11:32:49 2025,16-Sep-2025,143256,46 40.699600 N,061 7.657900 W,2.2,168.6,A,Primary,Headline,3.163265,D,P,41040.000000
Tue Sep 16 11:32:49 2025,16-Sep-2025,143257,46 40.698900 N,061 7.657700 W,2.2,168.8,A,Primary,Headline,3.163265,D,P,41040.000000
Tue Sep 16 11:32:52 2025,16-Sep-2025,143258,46 40.698300 N,061 7.657500 W,2.2,168.8,A,Depth,Depth,84.814815,D,S,104126.000000
Tue Sep 16 11:32:52 2025,16-Sep-2025,143259,46 40.697600 N,061 7.657100 W,2.1,168.2,A,Depth,Depth,84.814815,D,S,104126.000000
Tue Sep 16 11:32:52 2025,16-Sep-2025,143300,46 40.697000 N,061 7.656700 W,2.1,167.7,A,Depth,Depth,84.814815,D,S,104126.000000
Tue Sep 16 11:32:54 2025,16-Sep-2025,143301,46 40.696400 N,061 7.656600 W,2.2,167.8,A,Primary,Headline,0.122449,D,P,42247.000000
Tue Sep 16 11:32:54 2025,16-Sep-2025,143302,46 40.695800 N,061 7.656600 W,2.1,168.2,A,Primary,Headline,0.122449,D,P,42247.000000
Tue Sep 16 11:32:56 2025,16-Sep-2025,143303,46 40.695200 N,061 7.656400 W,2.1,168.5,A,DoorSpread,DoorMaster,0.000000,E,P,72356.000000
Tue Sep 16 11:32:56 2025,16-Sep-2025,143304,46 40.694700 N,061 7.656200 W,2.1,168.3,A,DoorSpread,DoorMaster,0.000000,E,P,72356.000000
Tue Sep 16 11:32:56 2025,16-Sep-2025,143305,46 40.694100 N,061 7.655900 W,2.1,168.0,A,DoorSpread,DoorMaster,0.000000,E,P,72356.000000
Tue Sep 16 11:32:59 2025,16-Sep-2025,143306,46 40.693600 N,061 7.655800 W,2.1,167.9,A,Primary,Headline,1.510204,D,S,165572.000000
Tue Sep 16 11:32:59 2025,16-Sep-2025,143307,46 40.693100 N,061 7.655700 W,2.0,167.9,A,Primary,Headline,1.510204,D,S,165572.000000
Tue Sep 16 11:33:02 2025,16-Sep-2025,143308,46 40.692500 N,061 7.655500 W,2.1,167.9,A,DoorSpread,DoorMaster,0.000000,E,S,169579.000000
Tue Sep 16 11:33:02 2025,16-Sep-2025,143309,46 40.691900 N,061 7.655500 W,2.1,168.2,A,DoorSpread,DoorMaster,0.000000,E,S,169579.000000
Tue Sep 16 11:33:02 2025,16-Sep-2025,143310,46 40.691400 N,061 7.655400 W,2.1,168.4,A,DoorSpread,DoorMaster,0.000000,E,S,169579.000000
Tue Sep 16 11:33:04 2025,16-Sep-2025,143311,46 40.690900 N,061 7.655300 W,2.0,168.4,A,Primary,Headline,1.367347,D,P,87734.000000
Tue Sep 16 11:33:04 2025,16-Sep-2025,143312,46 40.690500 N,061 7.655000 W,2.0,167.9,A,Primary,Headline,1.367347,D,P,87734.000000
Tue Sep 16 11:33:07 2025,16-Sep-2025,143313,46 40.690000 N,061 7.654800 W,2.1,167.5,A,Depth,Depth,85.092593,D,S,96784.000000
Tue Sep 16 11:33:07 2025,16-Sep-2025,143314,46 40.689500 N,061 7.654600 W,2.1,167.7,A,Depth,Depth,85.092593,D,S,96784.000000
Tue Sep 16 11:33:07 2025,16-Sep-2025,143315,46 40.689000 N,061 7.654500 W,2.1,168.0,A,Depth,Depth,85.092593,D,S,96784.000000
Tue Sep 16 11:33:09 2025,16-Sep-2025,143316,46 40.688600 N,061 7.654400 W,2.1,168.0,A,Primary,Headline,1.469388,D,S,106030.000000
Tue Sep 16 11:33:09 2025,16-Sep-2025,143317,46 40.688100 N,061 7.654100 W,2.1,167.7,A,Primary,Headline,1.469388,D,S,106030.000000
Tue Sep 16 11:33:11 2025,16-Sep-2025,143318,46 40.687600 N,061 7.653800 W,2.1,167.2,A,DoorSpread,DoorMaster,0.000000,E,S,89175.000000
Tue Sep 16 11:33:11 2025,16-Sep-2025,143319,46 40.687100 N,061 7.653600 W,2.1,167.0,A,DoorSpread,DoorMaster,0.000000,E,S,89175.000000
Tue Sep 16 11:33:14 2025,16-Sep-2025,143320,46 40.686600 N,061 7.653700 W,2.1,167.3,A,Depth,Depth,78.055556,D,S,63067.000000
Tue Sep 16 11:33:14 2025,16-Sep-2025,143321,46 40.686000 N,061 7.653600 W,2.1,167.5,A,Primary,Headline,1.591837,D,P,82956.000000
Tue Sep 16 11:33:14 2025,16-Sep-2025,143322,46 40.685400 N,061 7.653400 W,2.1,167.4,A,Primary,Headline,1.591837,D,P,82956.000000
Tue Sep 16 11:33:17 2025,16-Sep-2025,143323,46 40.684900 N,061 7.653200 W,2.1,167.3,A,DoorSpread,DoorMaster,0.000000,E,S,228593.000000
Tue Sep 16 11:33:17 2025,16-Sep-2025,143324,46 40.684300 N,061 7.653000 W,2.1,167.6,A,DoorSpread,DoorMaster,0.000000,E,S,228593.000000
Tue Sep 16 11:33:17 2025,16-Sep-2025,143325,46 40.683700 N,061 7.652900 W,2.0,167.8,A,DoorSpread,DoorMaster,0.000000,E,S,228593.000000
Tue Sep 16 11:33:19 2025,16-Sep-2025,143326,46 40.683200 N,061 7.652700 W,2.0,167.7,A,Primary,Headline,1.693878,D,P,72612.000000
Tue Sep 16 11:33:19 2025,16-Sep-2025,143327,46 40.682600 N,061 7.652300 W,2.1,167.3,A,Primary,Headline,1.693878,D,P,72612.000000
Tue Sep 16 11:33:21 2025,16-Sep-2025,143328,46 40.681800 N,061 7.652100 W,2.2,167.5,A,Depth,Depth,85.648148,D,S,82204.000000
Tue Sep 16 11:33:22 2025,16-Sep-2025,143329,46 40.681200 N,061 7.652000 W,2.1,168.2,A,DoorSpread,DoorMaster,7.315000,D,P,71266.000000
Tue Sep 16 11:33:22 2025,16-Sep-2025,143330,46 40.680600 N,061 7.651900 W,2.1,168.7,A,DoorSpread,DoorMaster,7.315000,D,P,71266.000000
Tue Sep 16 11:33:25 2025,16-Sep-2025,143331,46 40.680200 N,061 7.651600 W,2.1,168.5,A,Primary,Headline,1.959184,D,S,133618.000000
Tue Sep 16 11:33:25 2025,16-Sep-2025,143332,46 40.679600 N,061 7.651200 W,2.2,167.8,A,Primary,Headline,1.959184,D,S,133618.000000
Tue Sep 16 11:33:25 2025,16-Sep-2025,143333,46 40.679100 N,061 7.650900 W,2.2,167.4,A,Primary,Headline,1.959184,D,S,133618.000000
Tue Sep 16 11:33:28 2025,16-Sep-2025,143334,46 40.678600 N,061 7.650800 W,2.1,167.4,A,DoorSpread,DoorMaster,6.350000,D,S,130065.000000
Tue Sep 16 11:33:28 2025,16-Sep-2025,143335,46 40.678000 N,061 7.650800 W,2.1,168.0,A,Depth,Depth,85.740741,D,S,67141.000000
Tue Sep 16 11:33:30 2025,16-Sep-2025,143336,46 40.677300 N,061 7.650800 W,2.2,168.5,A,Primary,Headline,1.816327,D,P,56348.000000
Tue Sep 16 11:33:30 2025,16-Sep-2025,143337,46 40.676800 N,061 7.650700 W,2.2,168.6,A,Primary,Headline,1.816327,D,P,56348.000000
Tue Sep 16 11:33:30 2025,16-Sep-2025,143338,46 40.676300 N,061 7.650400 W,2.1,168.3,A,Primary,Headline,1.816327,D,P,56348.000000
Tue Sep 16 11:33:30 2025,16-Sep-2025,143339,46 40.675800 N,061 7.650100 W,2.1,168.1,A,Primary,Headline,1.816327,D,P,56348.000000
Tue Sep 16 11:33:33 2025,16-Sep-2025,143340,46 40.675200 N,061 7.649900 W,2.2,168.1,A,DoorSpread,DoorMaster,6.510000,D,S,78710.000000
Tue Sep 16 11:33:35 2025,16-Sep-2025,143341,46 40.674600 N,061 7.649800 W,2.2,168.4,A,Primary,Headline,2.020408,D,S,59559.000000
Tue Sep 16 11:33:36 2025,16-Sep-2025,143342,46 40.673900 N,061 7.649700 W,2.2,168.8,A,Depth,Depth,89.907407,D,S,175441.000000
Tue Sep 16 11:33:36 2025,16-Sep-2025,143343,46 40.673400 N,061 7.649500 W,2.2,169.3,A,Depth,Depth,89.907407,D,S,175441.000000
Tue Sep 16 11:33:36 2025,16-Sep-2025,143344,46 40.672800 N,061 7.649400 W,2.2,169.5,A,Depth,Depth,89.907407,D,S,175441.000000
Tue Sep 16 11:33:39 2025,16-Sep-2025,143345,46 40.672200 N,061 7.649100 W,2.2,169.2,A,DoorSpread,DoorMaster,6.680000,D,P,67039.000000
Tue Sep 16 11:33:40 2025,16-Sep-2025,143346,46 40.671600 N,061 7.648700 W,2.2,168.6,A,Primary,Headline,1.632653,D,S,110570.000000
Tue Sep 16 11:33:40 2025,16-Sep-2025,143347,46 40.671000 N,061 7.648400 W,2.2,168.6,A,Primary,Headline,1.632653,D,S,110570.000000
Tue Sep 16 11:33:40 2025,16-Sep-2025,143348,46 40.670400 N,061 7.648300 W,2.2,169.0,A,Primary,Headline,1.632653,D,S,110570.000000
Tue Sep 16 11:33:40 2025,16-Sep-2025,143349,46 40.669800 N,061 7.648100 W,2.2,169.3,A,Primary,Headline,1.632653,D,S,110570.000000
Tue Sep 16 11:33:43 2025,16-Sep-2025,143350,46 40.669100 N,061 7.647800 W,2.3,169.4,A,Depth,Depth,83.055556,D,S,64979.000000
Tue Sep 16 11:33:45 2025,16-Sep-2025,143351,46 40.668400 N,061 7.647600 W,2.3,169.5,A,Primary,Headline,2.285714,D,S,102449.000000
Tue Sep 16 11:33:45 2025,16-Sep-2025,143352,46 40.667800 N,061 7.647400 W,2.2,169.5,A,Primary,Headline,2.285714,D,S,102449.000000
Tue Sep 16 11:33:45 2025,16-Sep-2025,143353,46 40.667200 N,061 7.647100 W,2.3,169.0,A,Primary,Headline,2.285714,D,S,102449.000000
Tue Sep 16 11:33:45 2025,16-Sep-2025,143354,46 40.666500 N,061 7.646900 W,2.3,168.4,A,Primary,Headline,2.285714,D,S,102449.000000
Tue Sep 16 11:33:45 2025,16-Sep-2025,143355,46 40.665900 N,061 7.646900 W,2.2,168.4,A,Primary,Headline,2.285714,D,S,102449.000000
Tue Sep 16 11:33:50 2025,16-Sep-2025,143356,46 40.665200 N,061 7.647000 W,2.2,169.0,A,DoorSpread,DoorMaster,3.450000,D,S,151336.000000
Tue Sep 16 11:33:50 2025,16-Sep-2025,143357,46 40.664400 N,061 7.646900 W,2.2,169.1,A,Depth,Depth,86.296296,D,P,78107.000000
Tue Sep 16 11:33:50 2025,16-Sep-2025,143358,46 40.663700 N,061 7.646600 W,2.3,168.7,A,Depth,Depth,86.296296,D,P,78107.000000
Tue Sep 16 11:33:50 2025,16-Sep-2025,143359,46 40.663000 N,061 7.646300 W,2.2,168.4,A,Depth,Depth,86.296296,D,P,78107.000000
Tue Sep 16 11:33:50 2025,16-Sep-2025,143400,46 40.662500 N,061 7.646200 W,2.2,168.1,A,Depth,Depth,86.296296,D,P,78107.000000
Tue Sep 16 11:33:55 2025,16-Sep-2025,143401,46 40.661900 N,061 7.646100 W,2.2,168.1,A,Primary,Headline,1.142857,D,P,38026.000000
Tue Sep 16 11:33:55 2025,16-Sep-2025,143402,46 40.661200 N,061 7.646000 W,2.2,168.4,A,Primary,Headline,1.142857,D,P,38026.000000
Tue Sep 16 11:33:55 2025,16-Sep-2025,143403,46 40.660500 N,061 7.645900 W,2.2,168.6,A,Primary,Headline,1.142857,D,P,38026.000000
Tue Sep 16 11:33:58 2025,16-Sep-2025,143404,46 40.660000 N,061 7.645800 W,2.1,168.8,A,Depth,Depth,86.944444,D,S,109284.000000
Tue Sep 16 11:33:58 2025,16-Sep-2025,143405,46 40.659500 N,061 7.645600 W,2.1,168.8,A,Depth,Depth,86.944444,D,S,109284.000000
Tue Sep 16 11:34:00 2025,16-Sep-2025,143406,46 40.659000 N,061 7.645400 W,2.1,168.6,A,Primary,Headline,1.387755,D,S,124767.000000
Tue Sep 16 11:34:00 2025,16-Sep-2025,143407,46 40.658300 N,061 7.645100 W,2.2,168.2,A,Primary,Headline,1.387755,D,S,124767.000000
Tue Sep 16 11:34:00 2025,16-Sep-2025,143408,46 40.657800 N,061 7.644900 W,2.1,168.1,A,Primary,Headline,1.387755,D,S,124767.000000
Tue Sep 16 11:34:03 2025,16-Sep-2025,143409,46 40.657300 N,061 7.644900 W,2.0,168.2,A,DoorSpread,DoorMaster,7.660000,D,P,70090.000000
Tue Sep 16 11:34:03 2025,16-Sep-2025,143410,46 40.656900 N,061 7.644900 W,2.0,168.4,A,DoorSpread,DoorMaster,7.660000,D,P,70090.000000
Tue Sep 16 11:34:05 2025,16-Sep-2025,143411,46 40.656300 N,061 7.644700 W,2.1,168.0,A,Depth,Depth,87.314815,D,S,76423.000000
Tue Sep 16 11:34:05 2025,16-Sep-2025,143412,46 40.655700 N,061 7.644400 W,2.1,167.4,A,Depth,Depth,87.314815,D,S,76423.000000
Tue Sep 16 11:34:05 2025,16-Sep-2025,143413,46 40.655200 N,061 7.644300 W,2.1,167.3,A,Depth,Depth,87.314815,D,S,76423.000000
Tue Sep 16 11:34:05 2025,16-Sep-2025,143414,46 40.654600 N,061 7.644100 W,2.1,167.8,A,Depth,Depth,87.314815,D,S,76423.000000
Tue Sep 16 11:34:08 2025,16-Sep-2025,143415,46 40.653900 N,061 7.644000 W,2.2,168.2,A,DoorSpread,DoorMaster,7.770000,D,P,82367.000000
Tue Sep 16 11:34:10 2025,16-Sep-2025,143416,46 40.653300 N,061 7.643700 W,2.2,168.1,A,Primary,Headline,1.795918,D,P,89218.000000
Tue Sep 16 11:34:10 2025,16-Sep-2025,143417,46 40.652700 N,061 7.643400 W,2.2,168.3,A,Primary,Headline,1.795918,D,P,89218.000000
Tue Sep 16 11:34:10 2025,16-Sep-2025,143418,46 40.652100 N,061 7.643300 W,2.3,168.6,A,Primary,Headline,1.795918,D,P,89218.000000
Tue Sep 16 11:34:12 2025,16-Sep-2025,143419,46 40.651400 N,061 7.643000 W,2.3,168.6,A,Depth,Depth,90.185185,D,S,59382.000000
Tue Sep 16 11:34:12 2025,16-Sep-2025,143420,46 40.650800 N,061 7.642800 W,2.3,168.4,A,Depth,Depth,90.185185,D,S,59382.000000
Tue Sep 16 11:34:15 2025,16-Sep-2025,143421,46 40.650200 N,061 7.642600 W,2.3,168.4,A,Primary,Headline,1.081633,D,P,80388.000000
Tue Sep 16 11:34:15 2025,16-Sep-2025,143422,46 40.649500 N,061 7.642500 W,2.4,169.0,A,Primary,Headline,1.081633,D,P,80388.000000
Tue Sep 16 11:34:15 2025,16-Sep-2025,143423,46 40.648800 N,061 7.642400 W,2.4,169.6,A,Primary,Headline,1.081633,D,P,80388.000000
Tue Sep 16 11:34:15 2025,16-Sep-2025,143424,46 40.648200 N,061 7.642200 W,2.3,169.7,A,Primary,Headline,1.081633,D,P,80388.000000
Tue Sep 16 11:34:15 2025,16-Sep-2025,143425,46 40.647600 N,061 7.642000 W,2.3,169.7,A,Primary,Headline,1.081633,D,P,80388.000000
Tue Sep 16 11:34:20 2025,16-Sep-2025,143426,46 40.646900 N,061 7.641900 W,2.4,169.8,A,Primary,Headline,1.510204,D,P,84777.000000
Tue Sep 16 11:34:20 2025,16-Sep-2025,143427,46 40.646100 N,061 7.641800 W,2.4,169.9,A,Primary,Headline,1.510204,D,P,84777.000000
Tue Sep 16 11:34:20 2025,16-Sep-2025,143428,46 40.645500 N,061 7.641700 W,2.3,170.0,A,Primary,Headline,1.510204,D,P,84777.000000
Tue Sep 16 11:34:20 2025,16-Sep-2025,143429,46 40.644900 N,061 7.641600 W,2.3,170.2,A,Primary,Headline,1.510204,D,P,84777.000000
Tue Sep 16 11:34:20 2025,16-Sep-2025,143430,46 40.644100 N,061 7.641400 W,2.3,170.4,A,Primary,Headline,1.510204,D,P,84777.000000
Tue Sep 16 11:34:25 2025,16-Sep-2025,143431,46 40.643400 N,061 7.641300 W,2.3,170.5,A,Primary,Headline,1.387755,D,P,61085.000000
Tue Sep 16 11:34:25 2025,16-Sep-2025,143432,46 40.642900 N,061 7.641100 W,2.2,170.4,A,DoorSpread,DoorMaster,6.305000,D,P,89508.000000
Tue Sep 16 11:34:27 2025,16-Sep-2025,143433,46 40.642300 N,061 7.640800 W,2.2,169.9,A,Depth,Depth,87.129630,D,S,242882.000000
Tue Sep 16 11:34:27 2025,16-Sep-2025,143434,46 40.641600 N,061 7.640500 W,2.2,169.8,A,Depth,Depth,87.129630,D,S,242882.000000
Tue Sep 16 11:34:27 2025,16-Sep-2025,143435,46 40.641000 N,061 7.640400 W,2.1,169.9,A,Depth,Depth,87.129630,D,S,242882.000000
Tue Sep 16 11:34:30 2025,16-Sep-2025,143436,46 40.640500 N,061 7.640400 W,2.1,170.1,A,Primary,Headline,1.775510,D,P,228216.000000
Tue Sep 16 11:34:30 2025,16-Sep-2025,143437,46 40.640000 N,061 7.640300 W,2.1,169.2,A,DoorSpread,DoorMaster,0.000000,E,S,124312.000000
Tue Sep 16 11:34:30 2025,16-Sep-2025,143438,46 40.639500 N,061 7.640000 W,2.0,168.4,A,DoorSpread,DoorMaster,0.000000,E,S,124312.000000
Tue Sep 16 11:34:30 2025,16-Sep-2025,143439,46 40.639100 N,061 7.639900 W,2.0,167.9,A,DoorSpread,DoorMaster,0.000000,E,S,124312.000000
Tue Sep 16 11:34:30 2025,16-Sep-2025,143440,46 40.638600 N,061 7.639900 W,2.0,168.1,A,DoorSpread,DoorMaster,0.000000,E,S,124312.000000
Tue Sep 16 11:34:35 2025,16-Sep-2025,143441,46 40.638000 N,061 7.639900 W,2.0,168.4,A,Primary,Headline,1.489796,D,S,320778.000000
Tue Sep 16 11:34:36 2025,16-Sep-2025,143442,46 40.637400 N,061 7.639700 W,2.0,168.6,A,DoorSpread,DoorMaster,7.345000,D,P,117166.000000
Tue Sep 16 11:34:36 2025,16-Sep-2025,143443,46 40.636900 N,061 7.639600 W,2.0,168.8,A,DoorSpread,DoorMaster,7.345000,D,P,117166.000000
Tue Sep 16 11:34:36 2025,16-Sep-2025,143444,46 40.636300 N,061 7.639500 W,2.0,169.1,A,DoorSpread,DoorMaster,7.345000,D,P,117166.000000
Tue Sep 16 11:34:36 2025,16-Sep-2025,143445,46 40.635800 N,061 7.639400 W,2.0,169.4,A,DoorSpread,DoorMaster,7.345000,D,P,117166.000000
Tue Sep 16 11:34:40 2025,16-Sep-2025,143446,46 40.635300 N,061 7.639300 W,2.0,169.4,A,Primary,Headline,1.714286,D,P,111725.000000
Tue Sep 16 11:34:40 2025,16-Sep-2025,143447,46 40.634700 N,061 7.639200 W,2.1,169.3,A,Primary,Headline,1.714286,D,P,111725.000000
Tue Sep 16 11:34:42 2025,16-Sep-2025,143448,46 40.634000 N,061 7.639100 W,2.1,169.4,A,Depth,Depth,87.870370,D,S,342173.000000
Tue Sep 16 11:34:42 2025,16-Sep-2025,143449,46 40.633400 N,061 7.639100 W,2.1,169.8,A,Depth,Depth,87.870370,D,S,342173.000000
Tue Sep 16 11:34:42 2025,16-Sep-2025,143450,46 40.632800 N,061 7.639000 W,2.1,170.1,A,Depth,Depth,87.870370,D,S,342173.000000
Tue Sep 16 11:34:45 2025,16-Sep-2025,143451,46 40.632300 N,061 7.638900 W,2.2,170.1,A,Primary,Headline,1.632653,D,S,333301.000000
Tue Sep 16 11:34:45 2025,16-Sep-2025,143452,46 40.631700 N,061 7.638700 W,2.2,170.1,A,Primary,Headline,1.632653,D,S,333301.000000
Tue Sep 16 11:34:47 2025,16-Sep-2025,143453,46 40.631100 N,061 7.638600 W,2.2,170.3,A,DoorSpread,DoorMaster,7.555000,D,S,200263.000000
Tue Sep 16 11:34:47 2025,16-Sep-2025,143454,46 40.630600 N,061 7.638600 W,2.2,170.6,A,DoorSpread,DoorMaster,7.555000,D,S,200263.000000
Tue Sep 16 11:34:49 2025,16-Sep-2025,143455,46 40.630000 N,061 7.638400 W,2.2,170.5,A,Depth,Depth,88.425926,D,P,200247.000000
Tue Sep 16 11:34:50 2025,16-Sep-2025,143456,46 40.629500 N,061 7.638200 W,2.2,170.4,A,Primary,Headline,1.877551,D,P,82845.000000
Tue Sep 16 11:34:50 2025,16-Sep-2025,143457,46 40.628900 N,061 7.638100 W,2.2,171.0,A,Primary,Headline,1.877551,D,P,82845.000000
Tue Sep 16 11:34:50 2025,16-Sep-2025,143458,46 40.628400 N,061 7.638000 W,2.2,171.5,A,Primary,Headline,1.877551,D,P,82845.000000
Tue Sep 16 11:34:52 2025,16-Sep-2025,143459,46 40.627900 N,061 7.637700 W,2.2,171.1,A,DoorSpread,DoorMaster,7.360000,D,S,175768.000000
Tue Sep 16 11:34:52 2025,16-Sep-2025,143500,46 40.627400 N,061 7.637400 W,2.2,170.6,A,DoorSpread,DoorMaster,7.360000,D,S,175768.000000
Tue Sep 16 11:34:55 2025,16-Sep-2025,143501,46 40.626800 N,061 7.637200 W,2.2,170.4,A,Primary,Headline,1.857143,D,S,226871.000000
Tue Sep 16 11:34:55 2025,16-Sep-2025,143502,46 40.626200 N,061 7.637000 W,2.2,170.5,A,Primary,Headline,1.857143,D,S,226871.000000
Tue Sep 16 11:34:56 2025,16-Sep-2025,143503,46 40.625500 N,061 7.636800 W,2.4,170.5,A,Depth,Depth,88.981481,D,S,172646.000000
Tue Sep 16 11:34:58 2025,16-Sep-2025,143504,46 40.624600 N,061 7.636500 W,2.6,170.6,A,DoorSpread,DoorMaster,6.510000,D,S,133789.000000
Tue Sep 16 11:34:58 2025,16-Sep-2025,143505,46 40.623800 N,061 7.636200 W,2.7,170.4,A,DoorSpread,DoorMaster,6.510000,D,S,133789.000000
Tue Sep 16 11:35:00 2025,16-Sep-2025,143506,46 40.622900 N,061 7.635900 W,2.8,169.0,A,Primary,Headline,1.224490,D,S,270011.000000
Tue Sep 16 11:35:00 2025,16-Sep-2025,143507,46 40.622100 N,061 7.635600 W,2.9,168.1,A,Primary,Headline,1.224490,D,S,270011.000000
Tue Sep 16 11:35:00 2025,16-Sep-2025,143508,46 40.621100 N,061 7.635400 W,3.0,169.7,A,Primary,Headline,1.224490,D,S,270011.000000
Tue Sep 16 11:35:00 2025,16-Sep-2025,143509,46 40.620200 N,061 7.635300 W,3.2,171.2,A,Primary,Headline,1.224490,D,S,270011.000000
Tue Sep 16 11:35:04 2025,16-Sep-2025,143510,46 40.619200 N,061 7.635000 W,3.3,170.4,A,Depth,Depth,96.018519,D,S,186862.000000
Tue Sep 16 11:35:05 2025,16-Sep-2025,143511,46 40.618100 N,061 7.634400 W,3.4,168.6,A,Primary,Headline,2.122449,D,P,62645.000000
Tue Sep 16 11:35:05 2025,16-Sep-2025,143512,46 40.617200 N,061 7.633900 W,3.5,168.2,A,Primary,Headline,2.122449,D,P,62645.000000
Tue Sep 16 11:35:05 2025,16-Sep-2025,143513,46 40.616100 N,061 7.633600 W,3.5,169.4,A,Primary,Headline,2.122449,D,P,62645.000000
Tue Sep 16 11:35:05 2025,16-Sep-2025,143514,46 40.614900 N,061 7.633400 W,3.7,170.3,A,Primary,Headline,2.122449,D,P,62645.000000
Tue Sep 16 11:35:05 2025,16-Sep-2025,143515,46 40.613600 N,061 7.633000 W,3.7,169.6,A,Primary,Headline,2.122449,D,P,62645.000000
Tue Sep 16 11:35:10 2025,16-Sep-2025,143516,46 40.612600 N,061 7.632700 W,3.7,168.2,A,Primary,Headline,3.367347,D,S,147096.000000
Tue Sep 16 11:35:11 2025,16-Sep-2025,143517,46 40.611600 N,061 7.632300 W,3.7,167.6,A,Depth,Depth,82.314815,D,P,134248.000000
Tue Sep 16 11:35:11 2025,16-Sep-2025,143518,46 40.610400 N,061 7.631900 W,3.9,168.4,A,Depth,Depth,82.314815,D,P,134248.000000
Tue Sep 16 11:35:11 2025,16-Sep-2025,143519,46 40.609200 N,061 7.631500 W,3.9,168.7,A,Depth,Depth,82.314815,D,P,134248.000000
Tue Sep 16 11:35:11 2025,16-Sep-2025,143520,46 40.608100 N,061 7.631100 W,3.9,168.8,A,Depth,Depth,82.314815,D,P,134248.000000
Tue Sep 16 11:35:15 2025,16-Sep-2025,143521,46 40.607000 N,061 7.630700 W,3.8,168.1,A,DoorSpread,DoorMaster,7.210000,D,S,107153.000000
Tue Sep 16 11:35:15 2025,16-Sep-2025,143522,46 40.605900 N,061 7.630200 W,3.8,167.6,A,Primary,Headline,3.489796,D,S,130003.000000
Tue Sep 16 11:35:15 2025,16-Sep-2025,143523,46 40.604900 N,061 7.629900 W,3.8,167.9,A,Primary,Headline,3.489796,D,S,130003.000000
Tue Sep 16 11:35:15 2025,16-Sep-2025,143524,46 40.604000 N,061 7.629600 W,3.7,168.5,A,Primary,Headline,3.489796,D,S,130003.000000
Tue Sep 16 11:35:18 2025,16-Sep-2025,143525,46 40.603000 N,061 7.629400 W,3.6,168.9,A,Depth,Depth,86.296296,D,S,105806.000000
Tue Sep 16 11:35:18 2025,16-Sep-2025,143526,46 40.602100 N,061 7.629300 W,3.5,168.6,A,Depth,Depth,86.296296,D,S,105806.000000
Tue Sep 16 11:35:20 2025,16-Sep-2025,143527,46 40.601200 N,061 7.629100 W,3.5,168.0,A,DoorSpread,DoorMaster,7.110000,D,S,64884.000000
Tue Sep 16 11:35:20 2025,16-Sep-2025,143528,46 40.600500 N,061 7.628900 W,3.3,167.6,A,DoorSpread,DoorMaster,7.110000,D,S,64884.000000
Tue Sep 16 11:35:20 2025,16-Sep-2025,143529,46 40.599600 N,061 7.628700 W,3.3,167.4,A,DoorSpread,DoorMaster,7.110000,D,S,64884.000000
Tue Sep 16 11:35:20 2025,16-Sep-2025,143530,46 40.598700 N,061 7.628700 W,3.3,168.6,A,DoorSpread,DoorMaster,7.110000,D,S,64884.000000
Tue Sep 16 11:35:20 2025,16-Sep-2025,143531,46 40.597900 N,061 7.628500 W,3.1,169.3,A,DoorSpread,DoorMaster,7.110000,D,S,64884.000000
Tue Sep 16 11:35:26 2025,16-Sep-2025,143532,46 40.597200 N,061 7.628300 W,3.0,169.5,A,Primary,Headline,9.632653,D,S,124196.000000
Tue Sep 16 11:35:26 2025,16-Sep-2025,143533,46 40.596600 N,061 7.628000 W,2.9,169.6,A,DoorSpread,DoorMaster,6.360000,D,S,82345.000000
Tue Sep 16 11:35:26 2025,16-Sep-2025,143534,46 40.595800 N,061 7.627800 W,2.9,169.7,A,DoorSpread,DoorMaster,6.360000,D,S,82345.000000
Tue Sep 16 11:35:26 2025,16-Sep-2025,143535,46 40.595200 N,061 7.627700 W,2.8,169.6,A,DoorSpread,DoorMaster,6.360000,D,S,82345.000000
Tue Sep 16 11:35:26 2025,16-Sep-2025,143536,46 40.594700 N,061 7.627400 W,2.7,169.5,A,DoorSpread,DoorMaster,6.360000,D,S,82345.000000
Tue Sep 16 11:35:31 2025,16-Sep-2025,143537,46 40.594100 N,061 7.627300 W,2.6,169.5,A,Primary,Headline,11.591837,D,S,208265.000000
Tue Sep 16 11:35:32 2025,16-Sep-2025,143538,46 40.593600 N,061 7.627200 W,2.5,169.5,A,DoorSpread,DoorMaster,6.355000,D,S,51282.000000
Tue Sep 16 11:35:32 2025,16-Sep-2025,143539,46 40.593000 N,061 7.626900 W,2.4,169.3,A,DoorSpread,DoorMaster,6.355000,D,S,51282.000000
Tue Sep 16 11:35:32 2025,16-Sep-2025,143540,46 40.592600 N,061 7.626600 W,2.4,168.7,A,DoorSpread,DoorMaster,6.355000,D,S,51282.000000
Tue Sep 16 11:35:32 2025,16-Sep-2025,143541,46 40.592100 N,061 7.626400 W,2.4,168.4,A,DoorSpread,DoorMaster,6.355000,D,S,51282.000000
Tue Sep 16 11:35:36 2025,16-Sep-2025,143542,46 40.591500 N,061 7.626300 W,2.3,168.3,A,Primary,Headline,14.428571,D,S,282104.000000
Tue Sep 16 11:35:36 2025,16-Sep-2025,143543,46 40.591100 N,061 7.626200 W,2.1,168.3,A,Primary,Headline,14.428571,D,S,282104.000000
Tue Sep 16 11:35:37 2025,16-Sep-2025,143544,46 40.590700 N,061 7.626000 W,2.1,168.1,A,DoorSpread,DoorMaster,6.305000,D,S,72651.000000
Tue Sep 16 11:35:37 2025,16-Sep-2025,143545,46 40.590100 N,061 7.625600 W,2.2,167.8,A,DoorSpread,DoorMaster,6.305000,D,S,72651.000000
Tue Sep 16 11:35:37 2025,16-Sep-2025,143546,46 40.589600 N,061 7.625500 W,2.1,167.7,A,DoorSpread,DoorMaster,6.305000,D,S,72651.000000
Tue Sep 16 11:35:41 2025,16-Sep-2025,143547,46 40.589200 N,061 7.625300 W,2.0,167.7,A,Primary,Headline,15.122449,D,S,95921.000000
Tue Sep 16 11:35:41 2025,16-Sep-2025,143548,46 40.588800 N,061 7.625300 W,1.9,167.8,A,Primary,Headline,15.040816,D,P,105969.000000
Tue Sep 16 11:35:43 2025,16-Sep-2025,143549,46 40.588300 N,061 7.625200 W,1.9,167.8,A,DoorSpread,DoorMaster,6.065000,D,S,183826.000000
Tue Sep 16 11:35:43 2025,16-Sep-2025,143550,46 40.587800 N,061 7.624900 W,1.9,167.7,A,DoorSpread,DoorMaster,6.065000,D,S,183826.000000
Tue Sep 16 11:35:43 2025,16-Sep-2025,143551,46 40.587300 N,061 7.624700 W,1.8,167.5,A,DoorSpread,DoorMaster,6.065000,D,S,183826.000000
Tue Sep 16 11:35:43 2025,16-Sep-2025,143552,46 40.586900 N,061 7.624500 W,1.8,167.5,A,DoorSpread,DoorMaster,6.065000,D,S,183826.000000
Tue Sep 16 11:35:46 2025,16-Sep-2025,143553,46 40.586300 N,061 7.624400 W,1.8,167.8,A,Primary,Headline,15.408163,D,S,187117.000000
Tue Sep 16 11:35:47 2025,16-Sep-2025,143554,46 40.585800 N,061 7.624300 W,1.8,168.1,A,Depth,Depth,77.407407,D,S,161308.000000
Tue Sep 16 11:35:48 2025,16-Sep-2025,143555,46 40.585400 N,061 7.624200 W,1.7,168.2,A,DoorSpread,DoorMaster,5.910000,D,S,120372.000000
Tue Sep 16 11:35:48 2025,16-Sep-2025,143556,46 40.585000 N,061 7.624000 W,1.7,168.1,A,DoorSpread,DoorMaster,5.910000,D,S,120372.000000
Tue Sep 16 11:35:48 2025,16-Sep-2025,143557,46 40.584400 N,061 7.623700 W,1.8,168.2,A,DoorSpread,DoorMaster,5.910000,D,S,120372.000000
Tue Sep 16 11:35:52 2025,16-Sep-2025,143558,46 40.583800 N,061 7.623600 W,1.8,168.5,A,Primary,Headline,16.387755,D,S,284505.000000
Tue Sep 16 11:35:52 2025,16-Sep-2025,143559,46 40.583300 N,061 7.623600 W,1.8,168.9,A,Primary,Headline,16.387755,D,S,284505.000000
Tue Sep 16 11:35:54 2025,16-Sep-2025,143600,46 40.582800 N,061 7.623500 W,1.7,169.0,A,DoorSpread,DoorMaster,5.840000,D,S,44397.000000
Tue Sep 16 11:35:55 2025,16-Sep-2025,143601,46 40.582400 N,061 7.623200 W,1.7,169.0,A,Depth,Depth,77.407407,D,S,44540.000000
Tue Sep 16 11:35:55 2025,16-Sep-2025,143602,46 40.582000 N,061 7.623000 W,1.7,168.8,A,Depth,Depth,77.407407,D,S,44540.000000
Tue Sep 16 11:35:57 2025,16-Sep-2025,143603,46 40.581500 N,061 7.622900 W,1.7,168.7,A,Primary,Headline,16.489796,D,P,109470.000000
Tue Sep 16 11:35:57 2025,16-Sep-2025,143604,46 40.581000 N,061 7.622800 W,1.7,168.8,A,Primary,Headline,16.489796,D,P,109470.000000
Tue Sep 16 11:35:57 2025,16-Sep-2025,143605,46 40.580500 N,061 7.622900 W,1.7,169.7,A,Primary,Headline,16.489796,D,P,109470.000000
Tue Sep 16 11:35:59 2025,16-Sep-2025,143606,46 40.580000 N,061 7.622900 W,1.8,170.5,A,DoorSpread,DoorMaster,5.775000,D,P,42135.000000
Tue Sep 16 11:35:59 2025,16-Sep-2025,143607,46 40.579500 N,061 7.622900 W,1.7,171.0,A,DoorSpread,DoorMaster,5.775000,D,P,42135.000000
Tue Sep 16 11:36:02 2025,16-Sep-2025,143608,46 40.579100 N,061 7.622600 W,1.7,170.9,A,Depth,Depth,77.129630,D,P,42546.000000
Tue Sep 16 11:36:02 2025,16-Sep-2025,143609,46 40.578800 N,061 7.622300 W,1.7,170.6,A,Primary,Headline,17.061224,D,S,241569.000000
Tue Sep 16 11:36:02 2025,16-Sep-2025,143610,46 40.578300 N,061 7.622300 W,1.8,171.3,A,Primary,Headline,17.061224,D,S,241569.000000
Tue Sep 16 11:36:05 2025,16-Sep-2025,143611,46 40.577900 N,061 7.622400 W,1.8,172.5,A,DoorSpread,DoorMaster,5.620000,D,S,162967.000000
Tue Sep 16 11:36:05 2025,16-Sep-2025,143612,46 40.577600 N,061 7.622300 W,1.7,173.1,A,DoorSpread,DoorMaster,5.600000,D,P,54159.000000
Tue Sep 16 11:36:05 2025,16-Sep-2025,143613,46 40.577400 N,061 7.622100 W,1.7,173.3,A,DoorSpread,DoorMaster,5.600000,D,P,54159.000000
Tue Sep 16 11:36:07 2025,16-Sep-2025,143614,46 40.577000 N,061 7.621900 W,1.7,173.2,A,Primary,Headline,17.346939,D,P,57453.000000
Tue Sep 16 11:36:07 2025,16-Sep-2025,143615,46 40.576600 N,061 7.621900 W,1.8,173.2,A,Primary,Headline,17.346939,D,P,57453.000000
Tue Sep 16 11:36:09 2025,16-Sep-2025,143616,46 40.576100 N,061 7.622000 W,1.7,173.2,A,Depth,Depth,76.666667,D,S,153884.000000
Tue Sep 16 11:36:11 2025,16-Sep-2025,143617,46 40.575800 N,061 7.622000 W,1.7,173.2,A,DoorSpread,DoorMaster,5.655000,D,P,62856.000000
Tue Sep 16 11:36:11 2025,16-Sep-2025,143618,46 40.575300 N,061 7.622100 W,1.7,173.4,A,DoorSpread,DoorMaster,5.655000,D,P,62856.000000
Tue Sep 16 11:36:13 2025,16-Sep-2025,143619,46 40.574800 N,061 7.622200 W,1.7,173.6,A,Primary,Headline,18.448980,D,S,211202.000000
Tue Sep 16 11:36:13 2025,16-Sep-2025,143620,46 40.574300 N,061 7.622100 W,1.7,173.6,A,Primary,Headline,18.448980,D,S,211202.000000
Tue Sep 16 11:36:13 2025,16-Sep-2025,143621,46 40.573900 N,061 7.622000 W,1.6,173.3,A,Primary,Headline,18.448980,D,S,211202.000000
Tue Sep 16 11:36:13 2025,16-Sep-2025,143622,46 40.573600 N,061 7.621800 W,1.6,172.7,A,Primary,Headline,18.448980,D,S,211202.000000
Tue Sep 16 11:36:17 2025,16-Sep-2025,143623,46 40.573100 N,061 7.621700 W,1.7,172.4,A,Depth,Depth,75.555556,D,P,157466.000000
Tue Sep 16 11:36:17 2025,16-Sep-2025,143624,46 40.572400 N,061 7.621700 W,1.8,173.3,A,Depth,Depth,75.555556,D,P,157466.000000
Tue Sep 16 11:36:18 2025,16-Sep-2025,143625,46 40.571900 N,061 7.621800 W,1.7,174.0,A,Primary,Headline,18.530612,D,S,200120.000000
Tue Sep 16 11:36:18 2025,16-Sep-2025,143626,46 40.571400 N,061 7.621600 W,1.7,174.3,A,Primary,Headline,18.530612,D,S,200120.000000
Tue Sep 16 11:36:18 2025,16-Sep-2025,143627,46 40.571000 N,061 7.621300 W,1.7,173.8,A,Primary,Headline,18.530612,D,S,200120.000000
Tue Sep 16 11:36:22 2025,16-Sep-2025,143628,46 40.570600 N,061 7.620900 W,1.7,173.3,A,DoorSpread,DoorMaster,5.555000,D,S,122825.000000
Tue Sep 16 11:36:22 2025,16-Sep-2025,143629,46 40.570200 N,061 7.620800 W,1.6,172.9,A,DoorSpread,DoorMaster,5.555000,D,S,122825.000000
Tue Sep 16 11:36:24 2025,16-Sep-2025,143630,46 40.569700 N,061 7.620800 W,1.7,173.2,A,Depth,Depth,75.185185,D,S,106022.000000
Tue Sep 16 11:36:24 2025,16-Sep-2025,143631,46 40.569000 N,061 7.620700 W,1.8,173.6,A,Depth,Depth,75.185185,D,S,106022.000000
Tue Sep 16 11:36:24 2025,16-Sep-2025,143632,46 40.568500 N,061 7.620500 W,1.7,173.9,A,Depth,Depth,75.185185,D,S,106022.000000
Tue Sep 16 11:36:24 2025,16-Sep-2025,143633,46 40.568200 N,061 7.620200 W,1.7,173.7,A,Depth,Depth,75.185185,D,S,106022.000000
Tue Sep 16 11:36:27 2025,16-Sep-2025,143634,46 40.567800 N,061 7.619800 W,1.7,172.3,A,DoorSpread,DoorMaster,5.635000,D,S,77363.000000
Tue Sep 16 11:36:29 2025,16-Sep-2025,143635,46 40.567300 N,061 7.619400 W,1.8,171.6,A,Primary,Headline,19.938776,D,S,155233.000000
Tue Sep 16 11:36:29 2025,16-Sep-2025,143636,46 40.566800 N,061 7.619400 W,1.8,171.8,A,Primary,Headline,19.938776,D,S,155233.000000
Tue Sep 16 11:36:31 2025,16-Sep-2025,143637,46 40.566300 N,061 7.619500 W,1.7,172.0,A,Depth,Depth,74.444444,D,P,105306.000000
Tue Sep 16 11:36:31 2025,16-Sep-2025,143638,46 40.565900 N,061 7.619300 W,1.7,171.9,A,Depth,Depth,74.444444,D,P,105306.000000
Tue Sep 16 11:36:33 2025,16-Sep-2025,143639,46 40.565400 N,061 7.619000 W,1.8,171.6,A,DoorSpread,DoorMaster,5.755000,D,S,139719.000000
Tue Sep 16 11:36:34 2025,16-Sep-2025,143640,46 40.565000 N,061 7.618800 W,1.7,171.2,A,Primary,Headline,20.836735,D,P,143191.000000
Tue Sep 16 11:36:34 2025,16-Sep-2025,143641,46 40.564600 N,061 7.618700 W,1.7,171.0,A,Primary,Headline,20.857143,D,S,67447.000000
Tue Sep 16 11:36:34 2025,16-Sep-2025,143642,46 40.564100 N,061 7.618700 W,1.7,171.2,A,Primary,Headline,20.857143,D,S,67447.000000
Tue Sep 16 11:36:34 2025,16-Sep-2025,143643,46 40.563500 N,061 7.618600 W,1.7,171.8,A,Primary,Headline,20.857143,D,S,67447.000000
Tue Sep 16 11:36:34 2025,16-Sep-2025,143644,46 40.562900 N,061 7.618400 W,1.8,172.0,A,Primary,Headline,20.857143,D,S,67447.000000
Tue Sep 16 11:36:38 2025,16-Sep-2025,143645,46 40.562400 N,061 7.618200 W,1.7,172.1,A,Depth,Depth,74.166667,D,P,125360.000000
Tue Sep 16 11:36:39 2025,16-Sep-2025,143646,46 40.562000 N,061 7.618000 W,1.7,172.0,A,Primary,Headline,22.816327,D,P,42506.000000
Tue Sep 16 11:36:39 2025,16-Sep-2025,143647,46 40.561500 N,061 7.617900 W,1.7,171.9,A,Primary,Headline,22.816327,D,P,42506.000000
Tue Sep 16 11:36:39 2025,16-Sep-2025,143648,46 40.561000 N,061 7.617700 W,1.7,171.7,A,Primary,Headline,22.816327,D,P,42506.000000
Tue Sep 16 11:36:39 2025,16-Sep-2025,143649,46 40.560500 N,061 7.617600 W,1.7,171.6,A,Primary,Headline,22.816327,D,P,42506.000000
Tue Sep 16 11:36:44 2025,16-Sep-2025,143650,46 40.560000 N,061 7.617600 W,1.7,171.8,A,DoorSpread,DoorMaster,6.140000,D,S,80226.000000
Tue Sep 16 11:36:45 2025,16-Sep-2025,143651,46 40.559500 N,061 7.617600 W,1.7,172.0,A,Primary,Headline,23.591837,D,S,258462.000000
Tue Sep 16 11:36:46 2025,16-Sep-2025,143652,46 40.559000 N,061 7.617500 W,1.7,171.9,A,Depth,Depth,68.425926,D,S,179723.000000
Tue Sep 16 11:36:46 2025,16-Sep-2025,143653,46 40.558500 N,061 7.617200 W,1.7,171.4,A,Depth,Depth,68.425926,D,S,179723.000000
Tue Sep 16 11:36:46 2025,16-Sep-2025,143654,46 40.558000 N,061 7.617000 W,1.8,171.2,A,Depth,Depth,68.425926,D,S,179723.000000
Tue Sep 16 11:36:46 2025,16-Sep-2025,143655,46 40.557400 N,061 7.616900 W,1.8,171.9,A,Depth,Depth,68.425926,D,S,179723.000000
Tue Sep 16 11:36:49 2025,16-Sep-2025,143656,46 40.556900 N,061 7.616900 W,1.8,172.3,A,DoorSpread,DoorMaster,5.465000,D,S,143139.000000
Tue Sep 16 11:36:50 2025,16-Sep-2025,143657,46 40.556500 N,061 7.616800 W,1.8,172.5,A,Primary,Headline,23.877551,D,S,176628.000000
Tue Sep 16 11:36:50 2025,16-Sep-2025,143658,46 40.555900 N,061 7.616500 W,1.8,172.2,A,Primary,Headline,23.877551,D,S,176628.000000
Tue Sep 16 11:36:53 2025,16-Sep-2025,143659,46 40.555400 N,061 7.616300 W,1.9,172.2,A,Depth,Depth,71.666667,D,S,146699.000000
Tue Sep 16 11:36:53 2025,16-Sep-2025,143700,46 40.554900 N,061 7.616200 W,1.8,172.4,A,Depth,Depth,71.666667,D,S,146699.000000
Tue Sep 16 11:36:55 2025,16-Sep-2025,143701,46 40.554500 N,061 7.616200 W,1.7,172.5,A,DoorSpread,DoorMaster,5.615000,D,S,133587.000000
Tue Sep 16 11:36:56 2025,16-Sep-2025,143702,46 40.554100 N,061 7.615900 W,1.8,172.2,A,Primary,Headline,24.367347,D,S,168742.000000
Tue Sep 16 11:36:56 2025,16-Sep-2025,143703,46 40.553600 N,061 7.615700 W,1.8,172.0,A,Primary,Headline,24.367347,D,S,168742.000000
Tue Sep 16 11:36:56 2025,16-Sep-2025,143704,46 40.553100 N,061 7.615500 W,1.8,172.0,A,Primary,Headline,24.367347,D,S,168742.000000
Tue Sep 16 11:36:56 2025,16-Sep-2025,143705,46 40.552600 N,061 7.615500 W,1.8,172.1,A,Primary,Headline,24.367347,D,S,168742.000000
Tue Sep 16 11:36:56 2025,16-Sep-2025,143706,46 40.552000 N,061 7.615300 W,1.8,172.0,A,Primary,Headline,24.367347,D,S,168742.000000
Tue Sep 16 11:37:00 2025,16-Sep-2025,143707,46 40.551600 N,061 7.615200 W,1.8,172.0,A,DoorSpread,DoorMaster,5.675000,D,P,91298.000000
Tue Sep 16 11:37:01 2025,16-Sep-2025,143708,46 40.551200 N,061 7.615100 W,1.7,172.0,A,Primary,Headline,25.489796,D,P,192817.000000
Tue Sep 16 11:37:01 2025,16-Sep-2025,143709,46 40.550700 N,061 7.615000 W,1.8,172.2,A,Primary,Headline,25.489796,D,P,192817.000000
Tue Sep 16 11:37:01 2025,16-Sep-2025,143710,46 40.550100 N,061 7.615000 W,1.8,172.4,A,Primary,Headline,25.489796,D,P,192817.000000
Tue Sep 16 11:37:01 2025,16-Sep-2025,143711,46 40.549700 N,061 7.614900 W,1.8,172.5,A,Primary,Headline,25.489796,D,P,192817.000000
Tue Sep 16 11:37:06 2025,16-Sep-2025,143712,46 40.549200 N,061 7.614700 W,1.7,172.5,A,DoorSpread,DoorMaster,5.680000,D,P,80821.000000
Tue Sep 16 11:37:07 2025,16-Sep-2025,143713,46 40.548700 N,061 7.614700 W,1.8,172.6,A,Primary,Headline,26.714286,D,S,175320.000000
Tue Sep 16 11:37:07 2025,16-Sep-2025,143714,46 40.548200 N,061 7.614700 W,1.8,172.9,A,Depth,Depth,68.148148,D,S,170265.000000
Tue Sep 16 11:37:07 2025,16-Sep-2025,143715,46 40.547800 N,061 7.614600 W,1.7,172.9,A,Depth,Depth,68.148148,D,S,170265.000000
Tue Sep 16 11:37:07 2025,16-Sep-2025,143716,46 40.547400 N,061 7.614500 W,1.7,172.8,A,Depth,Depth,68.148148,D,S,170265.000000
Tue Sep 16 11:37:07 2025,16-Sep-2025,143717,46 40.547000 N,061 7.614300 W,1.8,173.6,A,Depth,Depth,68.148148,D,S,170265.000000
Tue Sep 16 11:37:12 2025,16-Sep-2025,143718,46 40.546500 N,061 7.614300 W,1.8,174.1,A,DoorSpread,DoorMaster,5.735000,D,S,70542.000000
Tue Sep 16 11:37:12 2025,16-Sep-2025,143719,46 40.546000 N,061 7.614000 W,1.7,174.2,A,Primary,Headline,28.653061,D,S,129461.000000
Tue Sep 16 11:37:12 2025,16-Sep-2025,143720,46 40.545700 N,061 7.613900 W,1.7,174.4,A,Primary,Headline,28.653061,D,S,129461.000000
Tue Sep 16 11:37:15 2025,16-Sep-2025,143721,46 40.545200 N,061 7.614000 W,1.7,174.7,A,Depth,Depth,67.314815,D,S,195398.000000
Tue Sep 16 11:37:15 2025,16-Sep-2025,143722,46 40.544600 N,061 7.614000 W,1.7,174.7,A,Depth,Depth,67.314815,D,S,195398.000000
Tue Sep 16 11:37:15 2025,16-Sep-2025,143723,46 40.544200 N,061 7.613900 W,1.7,174.6,A,Depth,Depth,67.314815,D,S,195398.000000
Tue Sep 16 11:37:18 2025,16-Sep-2025,143724,46 40.543700 N,061 7.613900 W,1.7,174.5,A,Primary,Headline,30.877551,D,P,107126.000000
Tue Sep 16 11:37:18 2025,16-Sep-2025,143725,46 40.543300 N,061 7.613800 W,1.7,174.3,A,Primary,Headline,30.877551,D,P,107126.000000
Tue Sep 16 11:37:18 2025,16-Sep-2025,143726,46 40.542800 N,061 7.613700 W,1.7,174.0,A,Primary,Headline,30.877551,D,P,107126.000000
Tue Sep 16 11:37:18 2025,16-Sep-2025,143727,46 40.542300 N,061 7.613600 W,1.7,173.9,A,Primary,Headline,30.877551,D,P,107126.000000
Tue Sep 16 11:37:22 2025,16-Sep-2025,143728,46 40.541800 N,061 7.613700 W,1.7,174.0,A,Depth,Depth,63.888889,D,S,203186.000000
Tue Sep 16 11:37:23 2025,16-Sep-2025,143729,46 40.541300 N,061 7.613600 W,1.7,173.8,A,DoorSpread,DoorMaster,5.610000,D,S,130234.000000
Tue Sep 16 11:37:23 2025,16-Sep-2025,143730,46 40.540900 N,061 7.613400 W,1.7,173.2,A,Primary,Headline,32.612245,D,S,180159.000000
Tue Sep 16 11:37:23 2025,16-Sep-2025,143731,46 40.540500 N,061 7.613200 W,1.6,172.7,A,Primary,Headline,32.612245,D,S,180159.000000
Tue Sep 16 11:37:23 2025,16-Sep-2025,143732,46 40.540100 N,061 7.613100 W,1.7,172.5,A,Primary,Headline,32.612245,D,S,180159.000000
Tue Sep 16 11:37:23 2025,16-Sep-2025,143733,46 40.539600 N,061 7.613100 W,1.7,172.3,A,Primary,Headline,32.612245,D,S,180159.000000
Tue Sep 16 11:37:23 2025,16-Sep-2025,143734,46 40.539100 N,061 7.613000 W,1.7,172.2,A,Primary,Headline,32.612245,D,S,180159.000000
Tue Sep 16 11:37:29 2025,16-Sep-2025,143735,46 40.538600 N,061 7.612900 W,1.7,172.1,A,Primary,Headline,33.428571,D,P,49994.000000
Tue Sep 16 11:37:29 2025,16-Sep-2025,143736,46 40.538200 N,061 7.612700 W,1.7,171.7,A,Depth,Depth,62.870370,D,P,116599.000000
Tue Sep 16 11:37:29 2025,16-Sep-2025,143737,46 40.537700 N,061 7.612500 W,1.7,171.1,A,Depth,Depth,62.870370,D,P,116599.000000
Tue Sep 16 11:37:29 2025,16-Sep-2025,143738,46 40.537200 N,061 7.612300 W,1.8,171.2,A,Depth,Depth,62.870370,D,P,116599.000000
Tue Sep 16 11:37:29 2025,16-Sep-2025,143739,46 40.536400 N,061 7.612100 W,1.8,171.7,A,Depth,Depth,62.870370,D,P,116599.000000
Tue Sep 16 11:37:34 2025,16-Sep-2025,143740,46 40.535800 N,061 7.611900 W,1.8,171.9,A,DoorSpread,DoorMaster,5.655000,D,S,88494.000000
Tue Sep 16 11:37:34 2025,16-Sep-2025,143741,46 40.535400 N,061 7.611600 W,1.7,171.8,A,Primary,Headline,37.142857,D,P,147709.000000
Tue Sep 16 11:37:34 2025,16-Sep-2025,143742,46 40.534800 N,061 7.611400 W,1.8,171.2,A,Primary,Headline,37.142857,D,P,147709.000000
Tue Sep 16 11:37:36 2025,16-Sep-2025,143743,46 40.534300 N,061 7.611200 W,1.8,170.4,A,Depth,Depth,60.648148,D,S,128172.000000
Tue Sep 16 11:37:36 2025,16-Sep-2025,143744,46 40.533800 N,061 7.611100 W,1.7,170.1,A,Depth,Depth,60.648148,D,S,128172.000000
Tue Sep 16 11:37:36 2025,16-Sep-2025,143745,46 40.533300 N,061 7.611200 W,1.8,170.3,A,Depth,Depth,60.648148,D,S,128172.000000
Tue Sep 16 11:37:40 2025,16-Sep-2025,143746,46 40.532800 N,061 7.611200 W,1.8,170.3,A,Primary,Headline,40.816327,D,P,60167.000000
Tue Sep 16 11:37:40 2025,16-Sep-2025,143747,46 40.532300 N,061 7.611000 W,1.8,170.0,A,Primary,Headline,40.816327,D,P,60167.000000
Tue Sep 16 11:37:40 2025,16-Sep-2025,143748,46 40.531800 N,061 7.610800 W,1.8,169.7,A,Primary,Headline,40.816327,D,P,60167.000000
Tue Sep 16 11:37:40 2025,16-Sep-2025,143749,46 40.531400 N,061 7.610700 W,1.8,169.5,A,Primary,Headline,40.816327,D,P,60167.000000
Tue Sep 16 11:37:44 2025,16-Sep-2025,143750,46 40.530900 N,061 7.610600 W,1.8,169.2,A,Depth,Depth,58.796296,D,S,184107.000000
Tue Sep 16 11:37:45 2025,16-Sep-2025,143751,46 40.530400 N,061 7.610500 W,1.9,169.0,A,DoorSpread,DoorMaster,5.100000,D,S,131242.000000
Tue Sep 16 11:37:46 2025,16-Sep-2025,143752,46 40.530000 N,061 7.610400 W,1.8,168.9,A,Primary,Headline,41.285714,D,S,309214.000000
Tue Sep 16 11:37:46 2025,16-Sep-2025,143753,46 40.529600 N,061 7.610400 W,1.8,168.9,A,Primary,Headline,41.285714,D,S,309214.000000
Tue Sep 16 11:37:46 2025,16-Sep-2025,143754,46 40.529200 N,061 7.610500 W,1.8,169.2,A,Primary,Headline,41.285714,D,S,309214.000000
Tue Sep 16 11:37:46 2025,16-Sep-2025,143755,46 40.528800 N,061 7.610500 W,1.8,169.5,A,Primary,Headline,41.285714,D,S,309214.000000
Tue Sep 16 11:37:46 2025,16-Sep-2025,143756,46 40.528400 N,061 7.610400 W,1.7,169.5,A,Primary,Headline,41.285714,D,S,309214.000000
Tue Sep 16 11:37:51 2025,16-Sep-2025,143757,46 40.528000 N,061 7.610100 W,1.8,169.1,A,Depth,Depth,55.185185,D,P,181259.000000
Tue Sep 16 11:37:51 2025,16-Sep-2025,143758,46 40.527500 N,061 7.609900 W,1.8,169.2,A,Primary,Headline,42.040816,D,S,217150.000000
Tue Sep 16 11:37:51 2025,16-Sep-2025,143759,46 40.526900 N,061 7.609700 W,1.9,169.9,A,Primary,Headline,42.040816,D,S,217150.000000
Tue Sep 16 11:37:51 2025,16-Sep-2025,143800,46 40.526400 N,061 7.609600 W,1.8,170.2,A,Primary,Headline,42.040816,D,S,217150.000000
Tue Sep 16 11:37:51 2025,16-Sep-2025,143801,46 40.526000 N,061 7.609400 W,1.7,170.3,A,Primary,Headline,42.040816,D,S,217150.000000
Tue Sep 16 11:37:56 2025,16-Sep-2025,143802,46 40.525600 N,061 7.609100 W,1.7,170.2,A,DoorSpread,DoorMaster,5.025000,D,P,114737.000000
Tue Sep 16 11:37:57 2025,16-Sep-2025,143803,46 40.525100 N,061 7.608900 W,1.8,170.2,A,Primary,Headline,44.204082,D,S,82389.000000
Tue Sep 16 11:37:58 2025,16-Sep-2025,143804,46 40.524600 N,061 7.608700 W,1.8,170.2,A,Depth,Depth,54.166667,D,P,224153.000000
Tue Sep 16 11:37:58 2025,16-Sep-2025,143805,46 40.524200 N,061 7.608600 W,1.7,170.2,A,Depth,Depth,54.166667,D,P,224153.000000
Tue Sep 16 11:37:58 2025,16-Sep-2025,143806,46 40.523800 N,061 7.608600 W,1.8,171.1,A,Depth,Depth,54.166667,D,P,224153.000000
Tue Sep 16 11:37:58 2025,16-Sep-2025,143807,46 40.523300 N,061 7.608600 W,1.8,172.0,A,Depth,Depth,54.166667,D,P,224153.000000
Tue Sep 16 11:38:02 2025,16-Sep-2025,143808,46 40.522800 N,061 7.608500 W,1.8,172.3,A,DoorSpread,DoorMaster,5.150000,D,S,175277.000000
Tue Sep 16 11:38:03 2025,16-Sep-2025,143809,46 40.522400 N,061 7.608200 W,1.8,172.2,A,Primary,Headline,45.612245,D,P,82443.000000
Tue Sep 16 11:38:03 2025,16-Sep-2025,143810,46 40.522100 N,061 7.608000 W,1.7,172.0,A,Primary,Headline,45.612245,D,P,82443.000000
Tue Sep 16 11:38:03 2025,16-Sep-2025,143811,46 40.521500 N,061 7.608000 W,1.8,172.3,A,Primary,Headline,45.612245,D,P,82443.000000
Tue Sep 16 11:38:05 2025,16-Sep-2025,143812,46 40.521000 N,061 7.608000 W,1.7,172.5,A,Depth,Depth,49.166667,D,S,183083.000000
Tue Sep 16 11:38:05 2025,16-Sep-2025,143813,46 40.520600 N,061 7.607900 W,1.7,172.3,A,Depth,Depth,49.166667,D,S,183083.000000
Tue Sep 16 11:38:07 2025,16-Sep-2025,143814,46 40.520100 N,061 7.607700 W,1.7,172.1,A,DoorSpread,DoorMaster,5.015000,D,S,202214.000000
Tue Sep 16 11:38:08 2025,16-Sep-2025,143815,46 40.519600 N,061 7.607700 W,1.7,172.1,A,Primary,Headline,50.204082,D,P,60357.000000
Tue Sep 16 11:38:08 2025,16-Sep-2025,143816,46 40.519100 N,061 7.607600 W,1.7,171.9,A,Primary,Headline,50.204082,D,P,60357.000000
Tue Sep 16 11:38:08 2025,16-Sep-2025,143817,46 40.518700 N,061 7.607400 W,1.7,171.5,A,Primary,Headline,50.204082,D,P,60357.000000
Tue Sep 16 11:38:08 2025,16-Sep-2025,143818,46 40.518100 N,061 7.607200 W,1.8,171.0,A,Primary,Headline,50.204082,D,P,60357.000000
Tue Sep 16 11:38:12 2025,16-Sep-2025,143819,46 40.517600 N,061 7.607100 W,1.8,170.9,A,DoorSpread,DoorMaster,5.320000,D,S,130316.000000
Tue Sep 16 11:38:12 2025,16-Sep-2025,143820,46 40.517100 N,061 7.607100 W,1.7,170.8,A,DoorSpread,DoorMaster,5.320000,D,S,130316.000000
Tue Sep 16 11:38:14 2025,16-Sep-2025,143821,46 40.516600 N,061 7.607000 W,1.8,170.6,A,Primary,Headline,50.142857,D,S,296315.000000
Tue Sep 16 11:38:14 2025,16-Sep-2025,143822,46 40.516100 N,061 7.606800 W,1.8,170.1,A,Primary,Headline,50.142857,D,S,296315.000000
Tue Sep 16 11:38:14 2025,16-Sep-2025,143823,46 40.515600 N,061 7.606700 W,1.7,169.8,A,Primary,Headline,50.142857,D,S,296315.000000
Tue Sep 16 11:38:18 2025,16-Sep-2025,143824,46 40.515200 N,061 7.606500 W,1.7,169.3,A,DoorSpread,DoorMaster,4.750000,D,P,97059.000000
Tue Sep 16 11:38:18 2025,16-Sep-2025,143825,46 40.514700 N,061 7.606300 W,1.7,168.8,A,DoorSpread,DoorMaster,4.970000,D,S,149482.000000
Tue Sep 16 11:38:19 2025,16-Sep-2025,143826,46 40.514200 N,061 7.606200 W,1.7,168.5,A,Depth,Depth,44.166667,D,P,232582.000000
Tue Sep 16 11:38:20 2025,16-Sep-2025,143827,46 40.513700 N,061 7.606000 W,1.7,168.2,A,Primary,Headline,57.469388,D,P,310012.000000
Tue Sep 16 11:38:20 2025,16-Sep-2025,143828,46 40.513200 N,061 7.605900 W,1.8,167.9,A,Primary,Headline,57.469388,D,P,310012.000000
Tue Sep 16 11:38:20 2025,16-Sep-2025,143829,46 40.512700 N,061 7.605700 W,1.7,167.7,A,Primary,Headline,57.469388,D,P,310012.000000
Tue Sep 16 11:38:24 2025,16-Sep-2025,143830,46 40.512400 N,061 7.605500 W,1.7,167.2,A,DoorSpread,DoorMaster,5.100000,D,P,55990.000000
Tue Sep 16 11:38:24 2025,16-Sep-2025,143831,46 40.511900 N,061 7.604800 W,1.8,166.2,A,DoorSpread,DoorMaster,5.100000,D,P,55990.000000
Tue Sep 16 11:38:24 2025,16-Sep-2025,143832,46 40.511600 N,061 7.604300 W,1.8,165.9,A,DoorSpread,DoorMaster,5.100000,D,P,55990.000000
Tue Sep 16 11:38:27 2025,16-Sep-2025,143833,46 40.511300 N,061 7.604100 W,1.7,165.9,A,Depth,Depth,42.314815,D,S,119175.000000
Tue Sep 16 11:38:27 2025,16-Sep-2025,143834,46 40.511000 N,061 7.603800 W,1.7,165.7,A,Depth,Depth,42.314815,D,S,119175.000000
Tue Sep 16 11:38:27 2025,16-Sep-2025,143835,46 40.510600 N,061 7.603300 W,1.8,165.4,A,Depth,Depth,42.314815,D,S,119175.000000
Tue Sep 16 11:38:29 2025,16-Sep-2025,143836,46 40.510200 N,061 7.602800 W,1.8,165.0,A,DoorSpread,DoorMaster,5.125000,D,S,340343.000000
Tue Sep 16 11:38:29 2025,16-Sep-2025,143837,46 40.509800 N,061 7.602500 W,1.7,164.8,A,DoorSpread,DoorMaster,5.125000,D,S,340343.000000
Tue Sep 16 11:38:32 2025,16-Sep-2025,143838,46 40.509400 N,061 7.602300 W,1.8,164.6,A,Primary,Headline,25.081633,D,P,114693.000000
Tue Sep 16 11:38:32 2025,16-Sep-2025,143839,46 40.508900 N,061 7.602100 W,1.8,164.9,A,Primary,Headline,25.081633,D,P,114693.000000
Tue Sep 16 11:38:34 2025,16-Sep-2025,143840,46 40.508300 N,061 7.602000 W,1.8,165.2,A,Depth,Depth,37.129630,D,P,120011.000000
Tue Sep 16 11:38:34 2025,16-Sep-2025,143841,46 40.507900 N,061 7.601800 W,1.8,165.5,A,DoorSpread,DoorMaster,4.900000,D,S,452039.000000
Tue Sep 16 11:38:34 2025,16-Sep-2025,143842,46 40.507400 N,061 7.601500 W,1.8,165.4,A,DoorSpread,DoorMaster,4.900000,D,S,452039.000000
Tue Sep 16 11:38:37 2025,16-Sep-2025,143843,46 40.507000 N,061 7.601200 W,1.8,165.2,A,Primary,Headline,11.959184,D,S,164012.000000
Tue Sep 16 11:38:37 2025,16-Sep-2025,143844,46 40.506500 N,061 7.601000 W,1.8,165.1,A,Primary,Headline,11.959184,D,S,164012.000000
Tue Sep 16 11:38:37 2025,16-Sep-2025,143845,46 40.506000 N,061 7.600900 W,1.8,165.5,A,Primary,Headline,11.959184,D,S,164012.000000
Tue Sep 16 11:38:40 2025,16-Sep-2025,143846,46 40.505300 N,061 7.600700 W,1.9,166.0,A,DoorSpread,DoorMaster,4.315000,D,P,281336.000000
Tue Sep 16 11:38:41 2025,16-Sep-2025,143847,46 40.504700 N,061 7.600600 W,1.9,166.4,A,Depth,Depth,36.481481,D,P,71106.000000
Tue Sep 16 11:38:41 2025,16-Sep-2025,143848,46 40.504200 N,061 7.600600 W,1.8,166.8,A,Depth,Depth,36.481481,D,P,71106.000000
Tue Sep 16 11:38:42 2025,16-Sep-2025,143849,46 40.503800 N,061 7.600400 W,1.8,167.0,A,Primary,Headline,32.183673,D,S,408615.000000
Tue Sep 16 11:38:42 2025,16-Sep-2025,143850,46 40.503100 N,061 7.600000 W,1.8,166.8,A,Primary,Headline,32.183673,D,S,408615.000000
Tue Sep 16 11:38:42 2025,16-Sep-2025,143851,46 40.502500 N,061 7.599700 W,1.8,166.5,A,Primary,Headline,32.183673,D,S,408615.000000
Tue Sep 16 11:38:45 2025,16-Sep-2025,143852,46 40.501700 N,061 7.599300 W,1.8,166.7,A,DoorSpread,DoorMaster,4.130000,D,S,721969.000000
Tue Sep 16 11:38:45 2025,16-Sep-2025,143853,46 40.501000 N,061 7.599200 W,1.9,167.4,A,DoorSpread,DoorMaster,4.130000,D,S,721969.000000
Tue Sep 16 11:38:48 2025,16-Sep-2025,143854,46 40.500300 N,061 7.599200 W,1.8,168.1,A,Primary,Headline,46.040816,D,S,293714.000000
Tue Sep 16 11:38:48 2025,16-Sep-2025,143855,46 40.499700 N,061 7.599000 W,1.8,168.6,A,Primary,Headline,46.040816,D,S,293714.000000
Tue Sep 16 11:38:48 2025,16-Sep-2025,143856,46 40.499200 N,061 7.598700 W,1.8,168.6,A,Primary,Headline,46.040816,D,S,293714.000000
Tue Sep 16 11:38:51 2025,16-Sep-2025,143857,46 40.498600 N,061 7.598400 W,1.9,168.1,A,DoorSpread,DoorMaster,3.960000,D,S,419592.000000
Tue Sep 16 11:38:51 2025,16-Sep-2025,143858,46 40.498000 N,061 7.598200 W,1.9,168.1,A,DoorSpread,DoorMaster,3.960000,D,S,419592.000000
Tue Sep 16 11:38:51 2025,16-Sep-2025,143859,46 40.497400 N,061 7.598200 W,1.9,168.6,A,DoorSpread,DoorMaster,3.960000,D,S,419592.000000
Tue Sep 16 11:38:54 2025,16-Sep-2025,143900,46 40.496800 N,061 7.598300 W,1.9,169.1,A,Primary,Headline,34.938776,D,P,127334.000000
Tue Sep 16 11:38:54 2025,16-Sep-2025,143901,46 40.496300 N,061 7.598200 W,1.8,169.3,A,Primary,Headline,34.938776,D,P,127334.000000
Tue Sep 16 11:38:54 2025,16-Sep-2025,143902,46 40.495900 N,061 7.597900 W,1.8,168.9,A,Primary,Headline,34.938776,D,P,127334.000000
Tue Sep 16 11:38:56 2025,16-Sep-2025,143903,46 40.495400 N,061 7.597600 W,1.9,168.2,A,DoorSpread,DoorMaster,3.840000,D,P,143594.000000
Tue Sep 16 11:38:56 2025,16-Sep-2025,143904,46 40.494900 N,061 7.597500 W,1.9,168.3,A,DoorSpread,DoorMaster,3.840000,D,P,143594.000000
Tue Sep 16 11:38:56 2025,16-Sep-2025,143905,46 40.494300 N,061 7.597500 W,1.9,168.6,A,DoorSpread,DoorMaster,3.840000,D,P,143594.000000
Tue Sep 16 11:38:59 2025,16-Sep-2025,143906,46 40.493900 N,061 7.597600 W,1.8,168.9,A,Primary,Headline,38.142857,D,P,34131.000000
Tue Sep 16 11:38:59 2025,16-Sep-2025,143907,46 40.493500 N,061 7.597500 W,1.8,169.2,A,Primary,Headline,38.142857,D,P,34131.000000
Tue Sep 16 11:39:02 2025,16-Sep-2025,143908,46 40.493000 N,061 7.597300 W,1.9,168.0,A,DoorSpread,DoorMaster,3.635000,D,S,736058.000000
Tue Sep 16 11:39:02 2025,16-Sep-2025,143909,46 40.492600 N,061 7.597000 W,1.8,167.1,A,Depth,Depth,23.333333,D,S,237772.000000
Tue Sep 16 11:39:02 2025,16-Sep-2025,143910,46 40.492100 N,061 7.597000 W,1.9,167.0,A,Depth,Depth,23.333333,D,S,237772.000000
Tue Sep 16 11:39:04 2025,16-Sep-2025,143911,46 40.491600 N,061 7.597000 W,1.9,167.4,A,Primary,Headline,1.897959,D,P,157572.000000
Tue Sep 16 11:39:04 2025,16-Sep-2025,143912,46 40.491100 N,061 7.596800 W,1.9,167.4,A,Primary,Headline,1.897959,D,P,157572.000000
Tue Sep 16 11:39:07 2025,16-Sep-2025,143913,46 40.490700 N,061 7.596500 W,1.8,167.1,A,DoorSpread,DoorMaster,3.465000,D,S,819703.000000
Tue Sep 16 11:39:07 2025,16-Sep-2025,143914,46 40.490200 N,061 7.596100 W,1.9,166.6,A,DoorSpread,DoorMaster,3.465000,D,S,819703.000000
Tue Sep 16 11:39:07 2025,16-Sep-2025,143915,46 40.489500 N,061 7.595800 W,1.9,166.2,A,DoorSpread,DoorMaster,3.465000,D,S,819703.000000
Tue Sep 16 11:39:09 2025,16-Sep-2025,143916,46 40.489000 N,061 7.595500 W,1.8,165.8,A,Primary,Headline,2.244898,D,S,342369.000000
Tue Sep 16 11:39:09 2025,16-Sep-2025,143917,46 40.488400 N,061 7.595300 W,1.8,165.5,A,Primary,Headline,2.244898,D,S,342369.000000
Tue Sep 16 11:39:09 2025,16-Sep-2025,143918,46 40.488000 N,061 7.595100 W,1.9,165.6,A,Primary,Headline,2.244898,D,S,342369.000000
Tue Sep 16 11:39:12 2025,16-Sep-2025,143919,46 40.487600 N,061 7.594900 W,1.9,165.5,A,DoorSpread,DoorMaster,3.460000,D,S,1058812.000000
Tue Sep 16 11:39:12 2025,16-Sep-2025,143920,46 40.487200 N,061 7.594500 W,1.8,165.1,A,DoorSpread,DoorMaster,3.460000,D,S,1058812.000000
Tue Sep 16 11:39:14 2025,16-Sep-2025,143921,46 40.486800 N,061 7.594200 W,1.8,164.6,A,Primary,Headline,5.367347,D,S,246386.000000
Tue Sep 16 11:39:14 2025,16-Sep-2025,143922,46 40.486300 N,061 7.593900 W,1.9,164.3,A,Primary,Headline,5.367347,D,S,246386.000000
Tue Sep 16 11:39:14 2025,16-Sep-2025,143923,46 40.485900 N,061 7.593600 W,2.0,164.2,A,Primary,Headline,5.367347,D,S,246386.000000
Tue Sep 16 11:39:18 2025,16-Sep-2025,143924,46 40.485500 N,061 7.593300 W,1.9,164.0,A,DoorSpread,DoorMaster,3.485000,D,S,1037048.000000
Tue Sep 16 11:39:18 2025,16-Sep-2025,143925,46 40.485200 N,061 7.593200 W,1.9,163.6,A,DoorSpread,DoorMaster,3.485000,D,S,1037048.000000
Tue Sep 16 11:39:19 2025,16-Sep-2025,143926,46 40.484800 N,061 7.593000 W,1.9,163.1,A,Primary,Headline,2.122449,D,S,584301.000000
