Ship Number,Trip Number,Tow Number
Avalon Voyager,4,7
Comments
"Zone 19"
CPU Date and Time,GPS Date,GPS Time,Latitude,Longitude,Speed,Heading,Validity,Transducer Name,Sensor Name,Sensor Value,Error Code,Hydrophone,Signal Strength
,16-Sep-2025,172332,46 51.650800 N,061 2.156400 W,3.0,179.7,A,,,,,,
Tue Sep 16 14:23:27 2025,16-Sep-2025,172333,46 51.650100 N,061 2.156200 W,3.0,179.1,A,DoorSpread,DoorMaster,1.480000,D,P,56063.000000
Tue Sep 16 14:23:28 2025,16-Sep-2025,172334,46 51.649300 N,061 2.156100 W,3.0,178.8,A,Primary,Headline,35.979592,D,S,5026.000000
Tue Sep 16 14:23:28 2025,16-Sep-2025,172335,46 51.648500 N,061 2.156200 W,3.0,178.6,A,Primary,Headline,35.979592,D,S,5026.000000
Tue Sep 16 14:23:28 2025,16-Sep-2025,172336,46 51.647700 N,061 2.156200 W,3.0,178.3,A,Primary,Headline,35.979592,D,S,5026.000000
Tue Sep 16 14:23:28 2025,16-Sep-2025,172337,46 51.647000 N,061 2.156200 W,3.0,178.1,A,Primary,Headline,35.979592,D,S,5026.000000
Tue Sep 16 14:23:32 2025,16-Sep-2025,172338,46 51.646100 N,061 2.156100 W,3.0,178.0,A,DoorSpread,DoorMaster,1.355000,D,P,86533.000000
Tue Sep 16 14:23:33 2025,16-Sep-2025,172339,46 51.645300 N,061 2.156200 W,3.0,178.0,A,Primary,Headline,29.265306,D,S,5253.000000
Tue Sep 16 14:23:33 2025,16-Sep-2025,172340,46 51.644300 N,061 2.156200 W,3.0,177.9,A,Primary,Headline,29.265306,D,S,5253.000000
Tue Sep 16 14:23:33 2025,16-Sep-2025,172341,46 51.643400 N,061 2.156300 W,3.0,178.0,A,Primary,Headline,29.265306,D,S,5253.000000
Tue Sep 16 14:23:33 2025,16-Sep-2025,172342,46 51.642500 N,061 2.156300 W,3.0,178.1,A,Primary,Headline,29.265306,D,S,5253.000000
Tue Sep 16 14:23:33 2025,16-Sep-2025,172343,46 51.641700 N,061 2.156300 W,3.0,178.1,A,Primary,Headline,29.265306,D,S,5253.000000
Tue Sep 16 14:23:38 2025,16-Sep-2025,172344,46 51.640900 N,061 2.156300 W,3.0,177.7,A,Primary,Headline,3.857143,D,S,3944.000000
Tue Sep 16 14:23:38 2025,16-Sep-2025,172345,46 51.640200 N,061 2.156300 W,3.0,177.4,A,Primary,Headline,3.857143,D,S,3944.000000
Tue Sep 16 14:23:39 2025,16-Sep-2025,172346,46 51.639400 N,061 2.156300 W,2.9,177.4,A,Depth,Depth,0.833333,D,S,6522.000000
Tue Sep 16 14:23:39 2025,16-Sep-2025,172347,46 51.638600 N,061 2.156300 W,3.0,177.3,A,Depth,Depth,0.833333,D,S,6522.000000
Tue Sep 16 14:23:39 2025,16-Sep-2025,172348,46 51.637800 N,061 2.156100 W,3.0,177.0,A,Depth,Depth,0.833333,D,S,6522.000000
Tue Sep 16 14:23:43 2025,16-Sep-2025,172349,46 51.636900 N,061 2.155900 W,3.0,176.9,A,Primary,Headline,4.959184,D,S,6600.000000
Tue Sep 16 14:23:43 2025,16-Sep-2025,172350,46 51.636100 N,061 2.155900 W,3.0,177.1,A,Primary,Headline,4.959184,D,S,6600.000000
Tue Sep 16 14:23:43 2025,16-Sep-2025,172351,46 51.635300 N,061 2.155900 W,3.0,177.0,A,Primary,Headline,4.959184,D,S,6600.000000
Tue Sep 16 14:23:43 2025,16-Sep-2025,172352,46 51.634500 N,061 2.155800 W,3.0,176.8,A,Primary,Headline,4.959184,D,S,6600.000000
Tue Sep 16 14:23:47 2025,16-Sep-2025,172353,46 51.633800 N,061 2.155800 W,3.0,176.7,A,Depth,Depth,10.925926,D,S,19378.000000
Tue Sep 16 14:23:48 2025,16-Sep-2025,172354,46 51.633000 N,061 2.155900 W,3.0,176.9,A,Primary,Headline,4.673469,D,S,5710.000000
Tue Sep 16 14:23:48 2025,16-Sep-2025,172355,46 51.632200 N,061 2.156000 W,3.0,176.9,A,Primary,Headline,4.673469,D,S,5710.000000
Tue Sep 16 14:23:48 2025,16-Sep-2025,172356,46 51.631500 N,061 2.155800 W,3.0,176.7,A,Primary,Headline,4.673469,D,S,5710.000000
Tue Sep 16 14:23:48 2025,16-Sep-2025,172357,46 51.630600 N,061 2.155900 W,3.0,176.7,A,Primary,Headline,4.673469,D,S,5710.000000
Tue Sep 16 14:23:48 2025,16-Sep-2025,172358,46 51.629700 N,061 2.156100 W,3.1,177.5,A,Primary,Headline,4.673469,D,S,5710.000000
Tue Sep 16 14:23:53 2025,16-Sep-2025,172359,46 51.628800 N,061 2.156100 W,3.0,177.9,A,Secondary,Headline,0.000000,E,P,24027.000000
Tue Sep 16 14:23:53 2025,16-Sep-2025,172400,46 51.627800 N,061 2.155900 W,3.0,178.0,A,Secondary,Headline,0.000000,E,P,24027.000000
Tue Sep 16 14:23:53 2025,16-Sep-2025,172401,46 51.626900 N,061 2.155800 W,3.1,177.8,A,Secondary,Headline,0.000000,E,P,24027.000000
Tue Sep 16 14:23:53 2025,16-Sep-2025,172402,46 51.625900 N,061 2.155700 W,3.1,178.0,A,Secondary,Headline,0.000000,E,P,24027.000000
Tue Sep 16 14:23:53 2025,16-Sep-2025,172403,46 51.625100 N,061 2.155700 W,3.0,178.2,A,Secondary,Headline,0.000000,E,P,24027.000000
Tue Sep 16 14:23:53 2025,16-Sep-2025,172404,46 51.624300 N,061 2.155800 W,3.0,178.4,A,Secondary,Headline,0.000000,E,P,24027.000000
Tue Sep 16 14:23:58 2025,16-Sep-2025,172405,46 51.623400 N,061 2.155700 W,3.1,178.3,A,DoorSpread,DoorMaster,4.435000,D,S,11570.000000
Tue Sep 16 14:23:58 2025,16-Sep-2025,172406,46 51.622500 N,061 2.155500 W,3.1,177.4,A,DoorSpread,DoorMaster,4.435000,D,S,11570.000000
Tue Sep 16 14:24:00 2025,16-Sep-2025,172407,46 51.621700 N,061 2.155300 W,3.0,177.0,A,Depth,Depth,6.759259,D,P,21838.000000
Tue Sep 16 14:24:00 2025,16-Sep-2025,172408,46 51.621000 N,061 2.155200 W,3.0,177.2,A,Depth,Depth,6.759259,D,P,21838.000000
Tue Sep 16 14:24:00 2025,16-Sep-2025,172409,46 51.620300 N,061 2.155100 W,3.0,177.1,A,Depth,Depth,6.759259,D,P,21838.000000
Tue Sep 16 14:24:04 2025,16-Sep-2025,172410,46 51.619500 N,061 2.154800 W,2.9,177.0,A,DoorSpread,DoorMaster,5.995000,D,P,397697.000000
Tue Sep 16 14:24:04 2025,16-Sep-2025,172411,46 51.618700 N,061 2.154700 W,3.0,177.4,A,DoorSpread,DoorMaster,5.995000,D,P,397697.000000
Tue Sep 16 14:24:04 2025,16-Sep-2025,172412,46 51.617800 N,061 2.154600 W,3.0,177.8,A,DoorSpread,DoorMaster,5.995000,D,P,397697.000000
Tue Sep 16 14:24:04 2025,16-Sep-2025,172413,46 51.617000 N,061 2.154500 W,3.1,178.0,A,DoorSpread,DoorMaster,5.995000,D,P,397697.000000
Tue Sep 16 14:24:04 2025,16-Sep-2025,172414,46 51.616000 N,061 2.154500 W,3.2,178.0,A,DoorSpread,DoorMaster,5.995000,D,P,397697.000000
Tue Sep 16 14:24:09 2025,16-Sep-2025,172415,46 51.615100 N,061 2.154500 W,3.3,178.2,A,DoorSpread,DoorMaster,3.225000,D,P,491605.000000
Tue Sep 16 14:24:09 2025,16-Sep-2025,172416,46 51.614100 N,061 2.154600 W,3.4,179.3,A,DoorSpread,DoorMaster,3.225000,D,P,491605.000000
Tue Sep 16 14:24:09 2025,16-Sep-2025,172417,46 51.613100 N,061 2.154800 W,3.6,179.5,A,DoorSpread,DoorMaster,3.225000,D,P,491605.000000
Tue Sep 16 14:24:09 2025,16-Sep-2025,172418,46 51.611800 N,061 2.154800 W,3.7,179.1,A,DoorSpread,DoorMaster,3.225000,D,P,491605.000000
Tue Sep 16 14:24:09 2025,16-Sep-2025,172419,46 51.610600 N,061 2.154800 W,3.8,178.8,A,DoorSpread,DoorMaster,3.225000,D,P,491605.000000
Tue Sep 16 14:24:09 2025,16-Sep-2025,172420,46 51.609300 N,061 2.154800 W,4.0,178.9,A,DoorSpread,DoorMaster,3.225000,D,P,491605.000000
Tue Sep 16 14:24:15 2025,16-Sep-2025,172421,46 51.608000 N,061 2.154900 W,4.1,179.6,A,DoorSpread,DoorMaster,2.940000,D,P,145298.000000
Tue Sep 16 14:24:15 2025,16-Sep-2025,172422,46 51.606600 N,061 2.155000 W,4.2,180.2,A,DoorSpread,DoorMaster,2.940000,D,P,145298.000000
Tue Sep 16 14:24:15 2025,16-Sep-2025,172423,46 51.605300 N,061 2.155000 W,4.3,179.3,A,DoorSpread,DoorMaster,2.940000,D,P,145298.000000
Tue Sep 16 14:24:15 2025,16-Sep-2025,172424,46 51.603900 N,061 2.154900 W,4.4,178.7,A,DoorSpread,DoorMaster,2.940000,D,P,145298.000000
Tue Sep 16 14:24:15 2025,16-Sep-2025,172425,46 51.602500 N,061 2.154900 W,4.6,179.2,A,DoorSpread,DoorMaster,2.940000,D,P,145298.000000
Tue Sep 16 14:24:20 2025,16-Sep-2025,172426,46 51.601000 N,061 2.154900 W,4.7,179.3,A,DoorSpread,DoorMaster,3.655000,D,P,95717.000000
Tue Sep 16 14:24:20 2025,16-Sep-2025,172427,46 51.599600 N,061 2.154900 W,4.8,178.8,A,DoorSpread,DoorMaster,3.655000,D,P,95717.000000
Tue Sep 16 14:24:20 2025,16-Sep-2025,172428,46 51.598200 N,061 2.154800 W,4.8,178.7,A,DoorSpread,DoorMaster,3.655000,D,P,95717.000000
Tue Sep 16 14:24:20 2025,16-Sep-2025,172429,46 51.596800 N,061 2.154800 W,4.9,179.1,A,DoorSpread,DoorMaster,3.655000,D,P,95717.000000
Tue Sep 16 14:24:20 2025,16-Sep-2025,172430,46 51.595400 N,061 2.154800 W,5.0,179.5,A,DoorSpread,DoorMaster,3.655000,D,P,95717.000000
Tue Sep 16 14:24:20 2025,16-Sep-2025,172431,46 51.593900 N,061 2.154800 W,5.0,179.3,A,DoorSpread,DoorMaster,3.655000,D,P,95717.000000
Tue Sep 16 14:24:26 2025,16-Sep-2025,172432,46 51.592400 N,061 2.154800 W,5.1,179.3,A,DoorSpread,DoorMaster,12.240000,D,P,93786.000000
Tue Sep 16 14:24:26 2025,16-Sep-2025,172433,46 51.591000 N,061 2.154900 W,5.1,179.7,A,DoorSpread,DoorMaster,12.240000,D,P,93786.000000
Tue Sep 16 14:24:26 2025,16-Sep-2025,172434,46 51.589500 N,061 2.155000 W,5.1,179.9,A,DoorSpread,DoorMaster,12.240000,D,P,93786.000000
Tue Sep 16 14:24:26 2025,16-Sep-2025,172435,46 51.588100 N,061 2.155000 W,5.1,180.0,A,DoorSpread,DoorMaster,12.240000,D,P,93786.000000
Tue Sep 16 14:24:26 2025,16-Sep-2025,172436,46 51.586600 N,061 2.155100 W,5.2,180.4,A,DoorSpread,DoorMaster,12.240000,D,P,93786.000000
Tue Sep 16 14:24:26 2025,16-Sep-2025,172437,46 51.585100 N,061 2.155200 W,5.2,180.9,A,DoorSpread,DoorMaster,12.240000,D,P,93786.000000
Tue Sep 16 14:24:26 2025,16-Sep-2025,172438,46 51.583600 N,061 2.155500 W,5.2,181.6,A,DoorSpread,DoorMaster,12.240000,D,P,93786.000000
Tue Sep 16 14:24:33 2025,16-Sep-2025,172439,46 51.582100 N,061 2.155800 W,5.3,181.9,A,DoorSpread,DoorMaster,19.840000,D,S,599976.000000
Tue Sep 16 14:24:33 2025,16-Sep-2025,172440,46 51.580600 N,061 2.156000 W,5.3,181.9,A,DoorSpread,DoorMaster,19.840000,D,S,599976.000000
Tue Sep 16 14:24:33 2025,16-Sep-2025,172441,46 51.579100 N,061 2.156300 W,5.3,182.1,A,DoorSpread,DoorMaster,19.840000,D,S,599976.000000
Tue Sep 16 14:24:36 2025,16-Sep-2025,172442,46 51.577700 N,061 2.156600 W,5.2,182.3,A,Depth,Depth,4.259259,D,S,76103.000000
Tue Sep 16 14:24:36 2025,16-Sep-2025,172443,46 51.576200 N,061 2.156800 W,5.2,182.2,A,Depth,Depth,4.259259,D,S,76103.000000
Tue Sep 16 14:24:38 2025,16-Sep-2025,172444,46 51.574800 N,061 2.156900 W,5.3,182.3,A,DoorSpread,DoorMaster,0.000000,E,S,996632.000000
Tue Sep 16 14:24:39 2025,16-Sep-2025,172445,46 51.573300 N,061 2.157000 W,5.3,182.6,A,Primary,Headline,3.795918,D,S,108921.000000
Tue Sep 16 14:24:39 2025,16-Sep-2025,172446,46 51.571800 N,061 2.157100 W,5.3,183.0,A,Primary,Headline,3.795918,D,S,108921.000000
Tue Sep 16 14:24:39 2025,16-Sep-2025,172447,46 51.570400 N,061 2.157300 W,5.3,183.2,A,Primary,Headline,3.795918,D,S,108921.000000
Tue Sep 16 14:24:39 2025,16-Sep-2025,172448,46 51.568900 N,061 2.157500 W,5.3,183.2,A,Primary,Headline,3.795918,D,S,108921.000000
Tue Sep 16 14:24:43 2025,16-Sep-2025,172449,46 51.567500 N,061 2.157700 W,5.3,183.1,A,Depth,Depth,12.407407,D,S,51885.000000
Tue Sep 16 14:24:44 2025,16-Sep-2025,172450,46 51.566100 N,061 2.157700 W,5.2,183.0,A,Primary,Headline,3.673469,D,S,58730.000000
Tue Sep 16 14:24:44 2025,16-Sep-2025,172451,46 51.564700 N,061 2.157800 W,5.3,183.0,A,Primary,Headline,3.673469,D,S,58730.000000
Tue Sep 16 14:24:44 2025,16-Sep-2025,172452,46 51.563300 N,061 2.157900 W,5.3,183.1,A,Primary,Headline,3.673469,D,S,58730.000000
Tue Sep 16 14:24:44 2025,16-Sep-2025,172453,46 51.561800 N,061 2.158000 W,5.3,183.3,A,Primary,Headline,3.673469,D,S,58730.000000
Tue Sep 16 14:24:48 2025,16-Sep-2025,172454,46 51.560400 N,061 2.158100 W,5.2,183.3,A,DoorSpread,DoorMaster,0.000000,E,P,262765.000000
Tue Sep 16 14:24:49 2025,16-Sep-2025,172455,46 51.558900 N,061 2.158200 W,5.2,183.2,A,Primary,Headline,2.775510,D,S,144968.000000
Tue Sep 16 14:24:50 2025,16-Sep-2025,172456,46 51.557400 N,061 2.158300 W,5.2,183.2,A,Depth,Depth,11.481481,D,S,111669.000000
Tue Sep 16 14:24:50 2025,16-Sep-2025,172457,46 51.555800 N,061 2.158300 W,5.2,182.8,A,Depth,Depth,11.481481,D,S,111669.000000
Tue Sep 16 14:24:50 2025,16-Sep-2025,172458,46 51.554400 N,061 2.158200 W,5.2,182.5,A,Depth,Depth,11.481481,D,S,111669.000000
Tue Sep 16 14:24:50 2025,16-Sep-2025,172459,46 51.552900 N,061 2.158200 W,5.2,182.8,A,Depth,Depth,11.481481,D,S,111669.000000
Tue Sep 16 14:24:54 2025,16-Sep-2025,172500,46 51.551400 N,061 2.158300 W,5.3,183.4,A,DoorSpread,DoorMaster,19.630000,D,S,815637.000000
Tue Sep 16 14:24:55 2025,16-Sep-2025,172501,46 51.549900 N,061 2.158700 W,5.2,183.8,A,Primary,Headline,51.775510,D,S,176191.000000
Tue Sep 16 14:24:55 2025,16-Sep-2025,172502,46 51.548400 N,061 2.158900 W,5.2,183.5,A,Primary,Headline,51.775510,D,S,176191.000000
Tue Sep 16 14:24:57 2025,16-Sep-2025,172503,46 51.547000 N,061 2.158900 W,5.2,182.8,A,Depth,Depth,12.037037,D,S,115138.000000
Tue Sep 16 14:24:57 2025,16-Sep-2025,172504,46 51.545500 N,061 2.159100 W,5.2,182.5,A,Depth,Depth,12.037037,D,S,115138.000000
Tue Sep 16 14:24:59 2025,16-Sep-2025,172505,46 51.544000 N,061 2.159400 W,5.2,182.7,A,DoorSpread,DoorMaster,0.000000,E,P,140921.000000
Tue Sep 16 14:25:00 2025,16-Sep-2025,172506,46 51.542600 N,061 2.159700 W,5.2,183.1,A,Primary,Headline,3.428571,D,S,147796.000000
Tue Sep 16 14:25:00 2025,16-Sep-2025,172507,46 51.541200 N,061 2.159900 W,5.2,183.4,A,Primary,Headline,3.428571,D,S,147796.000000
Tue Sep 16 14:25:00 2025,16-Sep-2025,172508,46 51.539800 N,061 2.160000 W,5.2,183.1,A,Primary,Headline,3.428571,D,S,147796.000000
Tue Sep 16 14:25:00 2025,16-Sep-2025,172509,46 51.538500 N,061 2.159900 W,5.2,182.5,A,Primary,Headline,3.428571,D,S,147796.000000
Tue Sep 16 14:25:04 2025,16-Sep-2025,172510,46 51.537200 N,061 2.159900 W,5.2,182.4,A,DoorSpread,DoorMaster,0.000000,E,S,616872.000000
Tue Sep 16 14:25:04 2025,16-Sep-2025,172511,46 51.535800 N,061 2.159900 W,5.2,182.4,A,DoorSpread,DoorMaster,0.000000,E,S,616872.000000
Tue Sep 16 14:25:05 2025,16-Sep-2025,172512,46 51.534400 N,061 2.159900 W,5.2,182.2,A,Primary,Headline,37.081633,D,S,113743.000000
Tue Sep 16 14:25:05 2025,16-Sep-2025,172513,46 51.533000 N,061 2.159900 W,5.2,182.3,A,Primary,Headline,37.081633,D,S,113743.000000
Tue Sep 16 14:25:05 2025,16-Sep-2025,172514,46 51.531500 N,061 2.160000 W,5.2,182.2,A,Primary,Headline,37.081633,D,S,113743.000000
Tue Sep 16 14:25:05 2025,16-Sep-2025,172515,46 51.530100 N,061 2.160100 W,5.2,182.5,A,Primary,Headline,37.081633,D,S,113743.000000
Tue Sep 16 14:25:05 2025,16-Sep-2025,172516,46 51.528600 N,061 2.160100 W,5.2,182.4,A,Primary,Headline,37.081633,D,S,113743.000000
Tue Sep 16 14:25:11 2025,16-Sep-2025,172517,46 51.527100 N,061 2.160200 W,5.2,182.4,A,DoorSpread,DoorMaster,27.960000,D,S,663783.000000
Tue Sep 16 14:25:11 2025,16-Sep-2025,172518,46 51.525700 N,061 2.160100 W,5.2,182.5,A,DoorSpread,DoorMaster,27.960000,D,S,663783.000000
Tue Sep 16 14:25:11 2025,16-Sep-2025,172519,46 51.524100 N,061 2.160200 W,5.2,182.5,A,DoorSpread,DoorMaster,27.960000,D,S,663783.000000
Tue Sep 16 14:25:11 2025,16-Sep-2025,172520,46 51.522600 N,061 2.160400 W,5.2,182.7,A,DoorSpread,DoorMaster,27.960000,D,S,663783.000000
Tue Sep 16 14:25:11 2025,16-Sep-2025,172521,46 51.521100 N,061 2.160600 W,5.2,183.1,A,DoorSpread,DoorMaster,27.960000,D,S,663783.000000
Tue Sep 16 14:25:16 2025,16-Sep-2025,172522,46 51.519700 N,061 2.160800 W,5.2,183.1,A,DoorSpread,DoorMaster,0.000000,E,S,826604.000000
Tue Sep 16 14:25:16 2025,16-Sep-2025,172523,46 51.518200 N,061 2.160800 W,5.2,182.5,A,DoorSpread,DoorMaster,0.000000,E,S,826604.000000
Tue Sep 16 14:25:18 2025,16-Sep-2025,172524,46 51.516800 N,061 2.160800 W,5.3,182.0,A,Depth,Depth,11.574074,D,S,114848.000000
Tue Sep 16 14:25:18 2025,16-Sep-2025,172525,46 51.515400 N,061 2.160800 W,5.2,182.2,A,Depth,Depth,11.574074,D,S,114848.000000
Tue Sep 16 14:25:18 2025,16-Sep-2025,172526,46 51.514000 N,061 2.161100 W,5.2,183.2,A,Depth,Depth,11.574074,D,S,114848.000000
Tue Sep 16 14:25:21 2025,16-Sep-2025,172527,46 51.512600 N,061 2.161400 W,5.1,183.9,A,DoorSpread,DoorMaster,0.000000,E,S,568483.000000
Tue Sep 16 14:25:22 2025,16-Sep-2025,172528,46 51.511200 N,061 2.161500 W,5.1,183.7,A,Primary,Headline,56.693878,D,S,70154.000000
Tue Sep 16 14:25:22 2025,16-Sep-2025,172529,46 51.509800 N,061 2.161500 W,5.1,182.7,A,Primary,Headline,56.693878,D,S,70154.000000
Tue Sep 16 14:25:22 2025,16-Sep-2025,172530,46 51.508300 N,061 2.161600 W,5.2,182.5,A,Primary,Headline,56.693878,D,S,70154.000000
Tue Sep 16 14:25:25 2025,16-Sep-2025,172531,46 51.506900 N,061 2.161700 W,5.2,183.4,A,Depth,Depth,16.018519,D,S,140526.000000
Tue Sep 16 14:25:26 2025,16-Sep-2025,172532,46 51.505400 N,061 2.161900 W,5.2,184.3,A,DoorSpread,DoorMaster,0.000000,E,S,521650.000000
Tue Sep 16 14:25:27 2025,16-Sep-2025,172533,46 51.503900 N,061 2.162000 W,5.2,184.3,A,Primary,Headline,4.163265,D,S,170400.000000
Tue Sep 16 14:25:27 2025,16-Sep-2025,172534,46 51.502400 N,061 2.162000 W,5.1,183.6,A,Primary,Headline,4.163265,D,S,170400.000000
Tue Sep 16 14:25:27 2025,16-Sep-2025,172535,46 51.500900 N,061 2.162100 W,5.1,183.4,A,Primary,Headline,4.163265,D,S,170400.000000
Tue Sep 16 14:25:27 2025,16-Sep-2025,172536,46 51.499400 N,061 2.162200 W,5.1,183.6,A,Primary,Headline,4.163265,D,S,170400.000000
Tue Sep 16 14:25:27 2025,16-Sep-2025,172537,46 51.498000 N,061 2.162400 W,5.1,184.2,A,Primary,Headline,4.163265,D,S,170400.000000
Tue Sep 16 14:25:32 2025,16-Sep-2025,172538,46 51.496600 N,061 2.162600 W,5.1,184.6,A,Depth,Depth,18.518519,D,S,119489.000000
Tue Sep 16 14:25:32 2025,16-Sep-2025,172539,46 51.495200 N,061 2.162900 W,5.2,184.6,A,Depth,Depth,18.518519,D,S,119489.000000
Tue Sep 16 14:25:32 2025,16-Sep-2025,172540,46 51.493800 N,061 2.163200 W,5.1,184.4,A,Depth,Depth,18.518519,D,S,119489.000000
Tue Sep 16 14:25:32 2025,16-Sep-2025,172541,46 51.492400 N,061 2.163500 W,5.1,184.5,A,Depth,Depth,18.518519,D,S,119489.000000
Tue Sep 16 14:25:32 2025,16-Sep-2025,172542,46 51.491000 N,061 2.163800 W,5.1,185.0,A,Depth,Depth,18.518519,D,S,119489.000000
Tue Sep 16 14:25:37 2025,16-Sep-2025,172543,46 51.489400 N,061 2.164000 W,5.1,185.0,A,Primary,Headline,20.551020,D,S,143649.000000
Tue Sep 16 14:25:37 2025,16-Sep-2025,172544,46 51.487900 N,061 2.164200 W,5.2,184.6,A,Primary,Headline,20.551020,D,S,143649.000000
Tue Sep 16 14:25:39 2025,16-Sep-2025,172545,46 51.486500 N,061 2.164200 W,5.1,184.5,A,Depth,Depth,17.314815,D,S,165150.000000
Tue Sep 16 14:25:39 2025,16-Sep-2025,172546,46 51.485100 N,061 2.164300 W,5.2,184.6,A,Depth,Depth,17.314815,D,S,165150.000000
Tue Sep 16 14:25:39 2025,16-Sep-2025,172547,46 51.483600 N,061 2.164600 W,5.1,184.8,A,Depth,Depth,17.314815,D,S,165150.000000
Tue Sep 16 14:25:41 2025,16-Sep-2025,172548,46 51.482200 N,061 2.164900 W,5.1,185.0,A,DoorSpread,DoorMaster,0.000000,E,S,701654.000000
Tue Sep 16 14:25:43 2025,16-Sep-2025,172549,46 51.480600 N,061 2.165100 W,5.1,185.1,A,Primary,Headline,17.387755,D,S,263211.000000
Tue Sep 16 14:25:43 2025,16-Sep-2025,172550,46 51.479100 N,061 2.165300 W,5.1,184.8,A,Primary,Headline,17.387755,D,S,263211.000000
Tue Sep 16 14:25:43 2025,16-Sep-2025,172551,46 51.477600 N,061 2.165500 W,5.1,184.6,A,Primary,Headline,17.387755,D,S,263211.000000
Tue Sep 16 14:25:43 2025,16-Sep-2025,172552,46 51.476200 N,061 2.165700 W,5.1,184.6,A,Primary,Headline,17.387755,D,S,263211.000000
Tue Sep 16 14:25:46 2025,16-Sep-2025,172553,46 51.474900 N,061 2.165900 W,5.1,184.7,A,DoorSpread,DoorMaster,0.000000,E,S,658472.000000
Tue Sep 16 14:25:48 2025,16-Sep-2025,172554,46 51.473600 N,061 2.166000 W,5.1,184.8,A,Primary,Headline,36.734694,D,P,144536.000000
Tue Sep 16 14:25:48 2025,16-Sep-2025,172555,46 51.472200 N,061 2.166100 W,5.1,184.5,A,Primary,Headline,36.734694,D,P,144536.000000
Tue Sep 16 14:25:48 2025,16-Sep-2025,172556,46 51.470800 N,061 2.166300 W,5.1,184.2,A,Primary,Headline,36.734694,D,P,144536.000000
Tue Sep 16 14:25:48 2025,16-Sep-2025,172557,46 51.469300 N,061 2.166500 W,5.1,183.9,A,Primary,Headline,36.734694,D,P,144536.000000
Tue Sep 16 14:25:51 2025,16-Sep-2025,172558,46 51.467800 N,061 2.166700 W,5.1,183.7,A,DoorSpread,DoorMaster,0.000000,E,S,358051.000000
Tue Sep 16 14:25:53 2025,16-Sep-2025,172559,46 51.466400 N,061 2.167000 W,5.1,183.7,A,Primary,Headline,5.755102,D,S,151286.000000
Tue Sep 16 14:25:53 2025,16-Sep-2025,172600,46 51.465000 N,061 2.167200 W,5.1,183.9,A,Primary,Headline,5.755102,D,S,151286.000000
Tue Sep 16 14:25:53 2025,16-Sep-2025,172601,46 51.463700 N,061 2.167400 W,5.1,184.0,A,Primary,Headline,5.755102,D,S,151286.000000
Tue Sep 16 14:25:53 2025,16-Sep-2025,172602,46 51.462400 N,061 2.167600 W,5.1,183.8,A,Primary,Headline,5.755102,D,S,151286.000000
Tue Sep 16 14:25:57 2025,16-Sep-2025,172603,46 51.461000 N,061 2.167600 W,5.1,183.3,A,DoorSpread,DoorMaster,0.000000,E,S,239926.000000
Tue Sep 16 14:25:57 2025,16-Sep-2025,172604,46 51.459600 N,061 2.167500 W,5.1,182.6,A,DoorSpread,DoorMaster,0.000000,E,S,239926.000000
Tue Sep 16 14:25:59 2025,16-Sep-2025,172605,46 51.458200 N,061 2.167500 W,5.1,182.8,A,Primary,Headline,23.367347,D,S,115487.000000
Tue Sep 16 14:25:59 2025,16-Sep-2025,172606,46 51.456700 N,061 2.167700 W,5.1,183.4,A,Primary,Headline,23.367347,D,S,115487.000000
Tue Sep 16 14:25:59 2025,16-Sep-2025,172607,46 51.455300 N,061 2.167900 W,5.1,183.9,A,Primary,Headline,23.367347,D,S,115487.000000
Tue Sep 16 14:26:02 2025,16-Sep-2025,172608,46 51.453900 N,061 2.168100 W,5.1,184.0,A,DoorSpread,DoorMaster,0.000000,E,P,81140.000000
Tue Sep 16 14:26:02 2025,16-Sep-2025,172609,46 51.452600 N,061 2.168200 W,5.1,183.1,A,DoorSpread,DoorMaster,0.000000,E,P,81140.000000
Tue Sep 16 14:26:04 2025,16-Sep-2025,172610,46 51.451200 N,061 2.168100 W,5.1,182.1,A,Primary,Headline,4.693878,D,S,173284.000000
Tue Sep 16 14:26:04 2025,16-Sep-2025,172611,46 51.449900 N,061 2.168100 W,5.1,182.4,A,Primary,Headline,4.693878,D,S,173284.000000
Tue Sep 16 14:26:04 2025,16-Sep-2025,172612,46 51.448500 N,061 2.168300 W,5.1,183.3,A,Primary,Headline,4.693878,D,S,173284.000000
Tue Sep 16 14:26:07 2025,16-Sep-2025,172613,46 51.447000 N,061 2.168500 W,5.1,183.4,A,DoorSpread,DoorMaster,0.000000,E,S,393807.000000
Tue Sep 16 14:26:07 2025,16-Sep-2025,172614,46 51.445600 N,061 2.168700 W,5.1,183.0,A,Depth,Depth,23.518519,D,S,163507.000000
Tue Sep 16 14:26:09 2025,16-Sep-2025,172615,46 51.444200 N,061 2.168700 W,5.1,182.7,A,Primary,Headline,16.020408,D,S,229743.000000
Tue Sep 16 14:26:09 2025,16-Sep-2025,172616,46 51.442700 N,061 2.168700 W,5.1,182.7,A,Primary,Headline,16.020408,D,S,229743.000000
Tue Sep 16 14:26:09 2025,16-Sep-2025,172617,46 51.441300 N,061 2.168600 W,5.1,182.9,A,Primary,Headline,16.020408,D,S,229743.000000
Tue Sep 16 14:26:12 2025,16-Sep-2025,172618,46 51.439900 N,061 2.168700 W,5.1,183.4,A,DoorSpread,DoorMaster,0.000000,E,S,273084.000000
Tue Sep 16 14:26:12 2025,16-Sep-2025,172619,46 51.438400 N,061 2.168900 W,5.2,183.4,A,DoorSpread,DoorMaster,0.000000,E,S,273084.000000
Tue Sep 16 14:26:12 2025,16-Sep-2025,172620,46 51.437000 N,061 2.169100 W,5.2,183.3,A,DoorSpread,DoorMaster,0.000000,E,S,273084.000000
Tue Sep 16 14:26:15 2025,16-Sep-2025,172621,46 51.435600 N,061 2.169300 W,5.1,183.5,A,Primary,Headline,47.163265,D,P,71773.000000
Tue Sep 16 14:26:15 2025,16-Sep-2025,172622,46 51.434200 N,061 2.169500 W,5.1,183.8,A,Primary,Headline,47.163265,D,P,71773.000000
Tue Sep 16 14:26:17 2025,16-Sep-2025,172623,46 51.432800 N,061 2.169700 W,5.1,184.2,A,DoorSpread,DoorMaster,0.000000,E,S,413364.000000
Tue Sep 16 14:26:17 2025,16-Sep-2025,172624,46 51.431500 N,061 2.169900 W,5.1,184.6,A,DoorSpread,DoorMaster,0.000000,E,S,413364.000000
Tue Sep 16 14:26:17 2025,16-Sep-2025,172625,46 51.430300 N,061 2.170100 W,5.1,184.0,A,DoorSpread,DoorMaster,0.000000,E,S,413364.000000
Tue Sep 16 14:26:20 2025,16-Sep-2025,172626,46 51.429000 N,061 2.170100 W,5.1,183.4,A,Primary,Headline,17.306122,D,S,146356.000000
Tue Sep 16 14:26:20 2025,16-Sep-2025,172627,46 51.427600 N,061 2.170300 W,5.1,183.8,A,Primary,Headline,17.306122,D,S,146356.000000
Tue Sep 16 14:26:22 2025,16-Sep-2025,172628,46 51.426000 N,061 2.170400 W,5.1,184.3,A,Depth,Depth,38.611111,D,P,100798.000000
Tue Sep 16 14:26:22 2025,16-Sep-2025,172629,46 51.424500 N,061 2.170600 W,5.1,184.4,A,Depth,Depth,38.611111,D,P,100798.000000
Tue Sep 16 14:26:22 2025,16-Sep-2025,172630,46 51.423000 N,061 2.170700 W,5.1,184.0,A,Depth,Depth,38.611111,D,P,100798.000000
Tue Sep 16 14:26:22 2025,16-Sep-2025,172631,46 51.421500 N,061 2.170800 W,5.1,183.5,A,Depth,Depth,38.611111,D,P,100798.000000
Tue Sep 16 14:26:25 2025,16-Sep-2025,172632,46 51.420100 N,061 2.170800 W,5.1,183.7,A,Primary,Headline,19.836735,D,S,99692.000000
Tue Sep 16 14:26:27 2025,16-Sep-2025,172633,46 51.418700 N,061 2.171000 W,5.1,184.3,A,DoorSpread,DoorMaster,0.000000,E,S,266469.000000
Tue Sep 16 14:26:27 2025,16-Sep-2025,172634,46 51.417100 N,061 2.171200 W,5.1,184.3,A,DoorSpread,DoorMaster,0.000000,E,S,266469.000000
Tue Sep 16 14:26:29 2025,16-Sep-2025,172635,46 51.415700 N,061 2.171400 W,5.1,183.6,A,Depth,Depth,14.444444,D,P,131895.000000
Tue Sep 16 14:26:29 2025,16-Sep-2025,172636,46 51.414400 N,061 2.171400 W,5.1,183.4,A,Depth,Depth,14.444444,D,P,131895.000000
Tue Sep 16 14:26:30 2025,16-Sep-2025,172637,46 51.413000 N,061 2.171400 W,5.1,183.8,A,Primary,Headline,4.877551,D,S,125058.000000
Tue Sep 16 14:26:32 2025,16-Sep-2025,172638,46 51.411600 N,061 2.171400 W,5.1,184.0,A,DoorSpread,DoorMaster,0.000000,E,S,295371.000000
Tue Sep 16 14:26:32 2025,16-Sep-2025,172639,46 51.410300 N,061 2.171400 W,5.1,183.9,A,DoorSpread,DoorMaster,0.000000,E,S,295371.000000
Tue Sep 16 14:26:32 2025,16-Sep-2025,172640,46 51.408900 N,061 2.171500 W,5.1,183.7,A,DoorSpread,DoorMaster,0.000000,E,S,295371.000000
Tue Sep 16 14:26:32 2025,16-Sep-2025,172641,46 51.407500 N,061 2.171500 W,5.1,183.4,A,DoorSpread,DoorMaster,0.000000,E,S,295371.000000
Tue Sep 16 14:26:36 2025,16-Sep-2025,172642,46 51.406100 N,061 2.171400 W,5.1,183.6,A,Primary,Headline,41.897959,D,S,218296.000000
Tue Sep 16 14:26:37 2025,16-Sep-2025,172643,46 51.404700 N,061 2.171400 W,5.1,183.9,A,DoorSpread,DoorMaster,0.000000,E,S,378486.000000
Tue Sep 16 14:26:37 2025,16-Sep-2025,172644,46 51.403300 N,061 2.171400 W,5.1,183.9,A,DoorSpread,DoorMaster,0.000000,E,S,378486.000000
Tue Sep 16 14:26:37 2025,16-Sep-2025,172645,46 51.401900 N,061 2.171400 W,5.1,183.7,A,DoorSpread,DoorMaster,0.000000,E,S,378486.000000
Tue Sep 16 14:26:37 2025,16-Sep-2025,172646,46 51.400500 N,061 2.171300 W,5.1,183.8,A,DoorSpread,DoorMaster,0.000000,E,S,378486.000000
Tue Sep 16 14:26:37 2025,16-Sep-2025,172647,46 51.399100 N,061 2.171400 W,5.1,184.1,A,DoorSpread,DoorMaster,0.000000,E,S,378486.000000
Tue Sep 16 14:26:42 2025,16-Sep-2025,172648,46 51.397700 N,061 2.171500 W,5.1,184.1,A,DoorSpread,DoorMaster,0.000000,E,S,331039.000000
Tue Sep 16 14:26:43 2025,16-Sep-2025,172649,46 51.396300 N,061 2.171600 W,5.1,184.1,A,Depth,Depth,31.851852,D,S,105397.000000
Tue Sep 16 14:26:43 2025,16-Sep-2025,172650,46 51.394700 N,061 2.171700 W,5.1,184.0,A,Depth,Depth,31.851852,D,S,105397.000000
Tue Sep 16 14:26:43 2025,16-Sep-2025,172651,46 51.393200 N,061 2.171800 W,5.1,183.9,A,Depth,Depth,31.851852,D,S,105397.000000
Tue Sep 16 14:26:43 2025,16-Sep-2025,172652,46 51.391800 N,061 2.172000 W,5.1,184.2,A,Depth,Depth,31.851852,D,S,105397.000000
Tue Sep 16 14:26:47 2025,16-Sep-2025,172653,46 51.390400 N,061 2.172300 W,5.1,184.6,A,Primary,Headline,18.102041,D,S,270214.000000
Tue Sep 16 14:26:47 2025,16-Sep-2025,172654,46 51.389000 N,061 2.172500 W,5.1,184.8,A,Primary,Headline,18.102041,D,S,270214.000000
Tue Sep 16 14:26:47 2025,16-Sep-2025,172655,46 51.387700 N,061 2.172700 W,5.1,184.5,A,Primary,Headline,18.102041,D,S,270214.000000
Tue Sep 16 14:26:50 2025,16-Sep-2025,172656,46 51.386400 N,061 2.172900 W,5.1,184.1,A,Depth,Depth,33.333333,D,S,133963.000000
Tue Sep 16 14:26:50 2025,16-Sep-2025,172657,46 51.385000 N,061 2.173100 W,5.1,183.9,A,Depth,Depth,33.333333,D,S,133963.000000
Tue Sep 16 14:26:52 2025,16-Sep-2025,172658,46 51.383500 N,061 2.173400 W,5.1,184.3,A,Primary,Headline,2.836735,D,S,142236.000000
Tue Sep 16 14:26:52 2025,16-Sep-2025,172659,46 51.382000 N,061 2.173800 W,5.1,184.8,A,Primary,Headline,2.836735,D,S,142236.000000
Tue Sep 16 14:26:52 2025,16-Sep-2025,172700,46 51.380600 N,061 2.174300 W,5.1,185.4,A,Primary,Headline,2.836735,D,S,142236.000000
Tue Sep 16 14:26:52 2025,16-Sep-2025,172701,46 51.379200 N,061 2.174700 W,5.1,185.4,A,Primary,Headline,2.836735,D,S,142236.000000
Tue Sep 16 14:26:52 2025,16-Sep-2025,172702,46 51.377800 N,061 2.174900 W,5.2,184.7,A,Primary,Headline,2.836735,D,S,142236.000000
Tue Sep 16 14:26:52 2025,16-Sep-2025,172703,46 51.376400 N,061 2.174900 W,5.1,183.9,A,Primary,Headline,2.836735,D,S,142236.000000
Tue Sep 16 14:26:58 2025,16-Sep-2025,172704,46 51.375200 N,061 2.174900 W,5.1,183.8,A,Primary,Headline,26.632653,D,S,194662.000000
Tue Sep 16 14:26:58 2025,16-Sep-2025,172705,46 51.373800 N,061 2.175100 W,5.1,184.7,A,Primary,Headline,26.632653,D,S,194662.000000
Tue Sep 16 14:26:58 2025,16-Sep-2025,172706,46 51.372400 N,061 2.175300 W,5.1,185.1,A,Primary,Headline,26.632653,D,S,194662.000000
Tue Sep 16 14:26:58 2025,16-Sep-2025,172707,46 51.370900 N,061 2.175400 W,5.2,184.7,A,Primary,Headline,26.632653,D,S,194662.000000
Tue Sep 16 14:27:02 2025,16-Sep-2025,172708,46 51.369500 N,061 2.175500 W,5.2,184.0,A,DoorSpread,DoorMaster,0.000000,E,S,247576.000000
Tue Sep 16 14:27:03 2025,16-Sep-2025,172709,46 51.368100 N,061 2.175400 W,5.1,183.6,A,Primary,Headline,21.877551,D,S,248484.000000
Tue Sep 16 14:27:03 2025,16-Sep-2025,172710,46 51.366700 N,061 2.175500 W,5.1,183.8,A,Primary,Headline,21.877551,D,S,248484.000000
Tue Sep 16 14:27:04 2025,16-Sep-2025,172711,46 51.365300 N,061 2.175800 W,5.1,184.2,A,Depth,Depth,37.962963,D,S,108283.000000
Tue Sep 16 14:27:04 2025,16-Sep-2025,172712,46 51.364000 N,061 2.176100 W,5.1,184.7,A,Depth,Depth,37.962963,D,S,108283.000000
Tue Sep 16 14:27:07 2025,16-Sep-2025,172713,46 51.362700 N,061 2.176400 W,5.1,184.9,A,DoorSpread,DoorMaster,0.000000,E,S,247148.000000
Tue Sep 16 14:27:08 2025,16-Sep-2025,172714,46 51.361300 N,061 2.176600 W,5.1,184.9,A,Primary,Headline,15.408163,D,S,135036.000000
Tue Sep 16 14:27:08 2025,16-Sep-2025,172715,46 51.359800 N,061 2.176800 W,5.2,184.8,A,Primary,Headline,15.408163,D,S,135036.000000
Tue Sep 16 14:27:08 2025,16-Sep-2025,172716,46 51.358400 N,061 2.176900 W,5.2,184.4,A,Primary,Headline,15.408163,D,S,135036.000000
Tue Sep 16 14:27:08 2025,16-Sep-2025,172717,46 51.357000 N,061 2.177000 W,5.1,183.9,A,Primary,Headline,15.408163,D,S,135036.000000
Tue Sep 16 14:27:12 2025,16-Sep-2025,172718,46 51.355500 N,061 2.177200 W,5.1,184.2,A,DoorSpread,DoorMaster,0.000000,E,S,193635.000000
Tue Sep 16 14:27:12 2025,16-Sep-2025,172719,46 51.354100 N,061 2.177500 W,5.1,184.7,A,DoorSpread,DoorMaster,0.000000,E,S,193635.000000
Tue Sep 16 14:27:14 2025,16-Sep-2025,172720,46 51.352700 N,061 2.177600 W,5.1,184.7,A,Primary,Headline,26.224490,D,S,99644.000000
Tue Sep 16 14:27:14 2025,16-Sep-2025,172721,46 51.351300 N,061 2.177800 W,5.1,184.5,A,Primary,Headline,26.224490,D,S,99644.000000
Tue Sep 16 14:27:14 2025,16-Sep-2025,172722,46 51.349800 N,061 2.177900 W,5.1,184.2,A,Primary,Headline,26.224490,D,S,99644.000000
Tue Sep 16 14:27:17 2025,16-Sep-2025,172723,46 51.348300 N,061 2.178000 W,5.2,184.2,A,DoorSpread,DoorMaster,0.000000,E,S,331239.000000
Tue Sep 16 14:27:17 2025,16-Sep-2025,172724,46 51.346800 N,061 2.178100 W,5.2,184.3,A,DoorSpread,DoorMaster,0.000000,E,S,331239.000000
Tue Sep 16 14:27:19 2025,16-Sep-2025,172725,46 51.345400 N,061 2.178300 W,5.2,184.1,A,Depth,Depth,42.777778,D,P,144411.000000
Tue Sep 16 14:27:19 2025,16-Sep-2025,172726,46 51.343900 N,061 2.178400 W,5.1,183.9,A,Primary,Headline,46.489796,D,S,179796.000000
Tue Sep 16 14:27:19 2025,16-Sep-2025,172727,46 51.342400 N,061 2.178400 W,5.1,184.2,A,Primary,Headline,46.489796,D,S,179796.000000
Tue Sep 16 14:27:22 2025,16-Sep-2025,172728,46 51.341000 N,061 2.178500 W,5.1,184.4,A,DoorSpread,DoorMaster,0.000000,E,S,61244.000000
Tue Sep 16 14:27:22 2025,16-Sep-2025,172729,46 51.339500 N,061 2.178600 W,5.1,184.0,A,DoorSpread,DoorMaster,0.000000,E,S,61244.000000
Tue Sep 16 14:27:22 2025,16-Sep-2025,172730,46 51.337900 N,061 2.178500 W,5.1,183.6,A,DoorSpread,DoorMaster,0.000000,E,S,61244.000000
Tue Sep 16 14:27:25 2025,16-Sep-2025,172731,46 51.336400 N,061 2.178600 W,5.1,183.6,A,Primary,Headline,13.244898,D,S,124251.000000
Tue Sep 16 14:27:26 2025,16-Sep-2025,172732,46 51.334900 N,061 2.178700 W,5.1,183.8,A,Depth,Depth,41.388889,D,P,123901.000000
Tue Sep 16 14:27:27 2025,16-Sep-2025,172733,46 51.333500 N,061 2.178900 W,5.1,183.5,A,DoorSpread,DoorMaster,0.000000,E,S,390147.000000
Tue Sep 16 14:27:27 2025,16-Sep-2025,172734,46 51.332200 N,061 2.178900 W,5.1,183.1,A,DoorSpread,DoorMaster,0.000000,E,S,390147.000000
Tue Sep 16 14:27:27 2025,16-Sep-2025,172735,46 51.330800 N,061 2.179000 W,5.1,183.0,A,DoorSpread,DoorMaster,0.000000,E,S,390147.000000
Tue Sep 16 14:27:30 2025,16-Sep-2025,172736,46 51.329400 N,061 2.179300 W,5.1,183.1,A,Primary,Headline,5.551020,D,S,161743.000000
Tue Sep 16 14:27:30 2025,16-Sep-2025,172737,46 51.327900 N,061 2.179400 W,5.1,183.4,A,Primary,Headline,5.551020,D,S,161743.000000
Tue Sep 16 14:27:32 2025,16-Sep-2025,172738,46 51.326400 N,061 2.179600 W,5.2,183.3,A,DoorSpread,DoorMaster,0.000000,E,P,85029.000000
Tue Sep 16 14:27:33 2025,16-Sep-2025,172739,46 51.324900 N,061 2.179600 W,5.2,182.8,A,Depth,Depth,45.092593,D,S,139178.000000
Tue Sep 16 14:27:33 2025,16-Sep-2025,172740,46 51.323500 N,061 2.179700 W,5.2,182.2,A,Depth,Depth,45.092593,D,S,139178.000000
Tue Sep 16 14:27:35 2025,16-Sep-2025,172741,46 51.322200 N,061 2.179800 W,5.1,182.3,A,Primary,Headline,29.081633,D,S,164218.000000
Tue Sep 16 14:27:35 2025,16-Sep-2025,172742,46 51.320800 N,061 2.180100 W,5.1,183.1,A,Primary,Headline,29.081633,D,S,164218.000000
Tue Sep 16 14:27:37 2025,16-Sep-2025,172743,46 51.319400 N,061 2.180300 W,5.1,183.4,A,DoorSpread,DoorMaster,0.000000,E,S,245547.000000
Tue Sep 16 14:27:37 2025,16-Sep-2025,172744,46 51.317900 N,061 2.180500 W,5.1,183.1,A,DoorSpread,DoorMaster,0.000000,E,S,245547.000000
Tue Sep 16 14:27:37 2025,16-Sep-2025,172745,46 51.316500 N,061 2.180500 W,5.1,182.7,A,DoorSpread,DoorMaster,0.000000,E,S,245547.000000
Tue Sep 16 14:27:40 2025,16-Sep-2025,172746,46 51.315000 N,061 2.180600 W,5.2,182.4,A,Depth,Depth,46.481481,D,S,79828.000000
Tue Sep 16 14:27:41 2025,16-Sep-2025,172747,46 51.313500 N,061 2.180800 W,5.2,182.8,A,Primary,Headline,37.693878,D,S,136884.000000
Tue Sep 16 14:27:42 2025,16-Sep-2025,172748,46 51.312100 N,061 2.181100 W,5.2,183.4,A,DoorSpread,DoorMaster,0.000000,E,S,326154.000000
Tue Sep 16 14:27:42 2025,16-Sep-2025,172749,46 51.310800 N,061 2.181300 W,5.2,183.3,A,DoorSpread,DoorMaster,0.000000,E,S,326154.000000
Tue Sep 16 14:27:42 2025,16-Sep-2025,172750,46 51.309500 N,061 2.181400 W,5.1,182.7,A,DoorSpread,DoorMaster,0.000000,E,S,326154.000000
Tue Sep 16 14:27:42 2025,16-Sep-2025,172751,46 51.308100 N,061 2.181500 W,5.1,182.0,A,DoorSpread,DoorMaster,0.000000,E,S,326154.000000
Tue Sep 16 14:27:42 2025,16-Sep-2025,172752,46 51.306700 N,061 2.181500 W,5.1,182.3,A,DoorSpread,DoorMaster,0.000000,E,S,326154.000000
Tue Sep 16 14:27:47 2025,16-Sep-2025,172753,46 51.305200 N,061 2.181600 W,5.2,183.0,A,DoorSpread,DoorMaster,0.000000,E,S,184067.000000
Tue Sep 16 14:27:47 2025,16-Sep-2025,172754,46 51.303700 N,061 2.181900 W,5.2,182.9,A,Depth,Depth,50.648148,D,S,91056.000000
Tue Sep 16 14:27:47 2025,16-Sep-2025,172755,46 51.302200 N,061 2.181900 W,5.2,182.5,A,Depth,Depth,50.648148,D,S,91056.000000
Tue Sep 16 14:27:47 2025,16-Sep-2025,172756,46 51.300800 N,061 2.181800 W,5.1,182.3,A,Depth,Depth,50.648148,D,S,91056.000000
Tue Sep 16 14:27:47 2025,16-Sep-2025,172757,46 51.299500 N,061 2.181900 W,5.1,182.4,A,Depth,Depth,50.648148,D,S,91056.000000
Tue Sep 16 14:27:52 2025,16-Sep-2025,172758,46 51.298200 N,061 2.182000 W,5.1,182.7,A,DoorSpread,DoorMaster,0.000000,E,P,32067.000000
Tue Sep 16 14:27:52 2025,16-Sep-2025,172759,46 51.296900 N,061 2.182100 W,5.1,182.7,A,DoorSpread,DoorMaster,0.000000,E,S,251415.000000
Tue Sep 16 14:27:52 2025,16-Sep-2025,172800,46 51.295500 N,061 2.182100 W,5.1,182.6,A,DoorSpread,DoorMaster,0.000000,E,S,251415.000000
Tue Sep 16 14:27:55 2025,16-Sep-2025,172801,46 51.294200 N,061 2.182200 W,5.1,182.9,A,Depth,Depth,47.500000,D,S,168163.000000
Tue Sep 16 14:27:55 2025,16-Sep-2025,172802,46 51.292800 N,061 2.182500 W,5.1,183.5,A,Depth,Depth,47.500000,D,S,168163.000000
Tue Sep 16 14:27:57 2025,16-Sep-2025,172803,46 51.291400 N,061 2.182800 W,5.1,183.8,A,DoorSpread,DoorMaster,0.000000,E,S,257933.000000
Tue Sep 16 14:27:58 2025,16-Sep-2025,172804,46 51.290000 N,061 2.183100 W,5.1,183.5,A,Primary,Headline,44.795918,D,S,229656.000000
Tue Sep 16 14:27:58 2025,16-Sep-2025,172805,46 51.288700 N,061 2.183400 W,5.1,183.4,A,Primary,Headline,44.795918,D,S,229656.000000
Tue Sep 16 14:27:58 2025,16-Sep-2025,172806,46 51.287300 N,061 2.183600 W,5.1,183.7,A,Primary,Headline,44.795918,D,S,229656.000000
Tue Sep 16 14:27:58 2025,16-Sep-2025,172807,46 51.285900 N,061 2.183700 W,5.1,184.0,A,Primary,Headline,44.795918,D,S,229656.000000
Tue Sep 16 14:28:02 2025,16-Sep-2025,172808,46 51.284500 N,061 2.183900 W,5.1,184.1,A,DoorSpread,DoorMaster,0.000000,E,S,296208.000000
Tue Sep 16 14:28:03 2025,16-Sep-2025,172809,46 51.283200 N,061 2.183900 W,5.1,184.2,A,Primary,Headline,36.693878,D,S,203088.000000
Tue Sep 16 14:28:03 2025,16-Sep-2025,172810,46 51.281800 N,061 2.184000 W,5.1,184.8,A,Primary,Headline,36.693878,D,S,203088.000000
Tue Sep 16 14:28:03 2025,16-Sep-2025,172811,46 51.280400 N,061 2.184100 W,5.1,184.7,A,Primary,Headline,36.693878,D,S,203088.000000
Tue Sep 16 14:28:03 2025,16-Sep-2025,172812,46 51.278900 N,061 2.184100 W,5.1,184.4,A,Primary,Headline,36.693878,D,S,203088.000000
Tue Sep 16 14:28:07 2025,16-Sep-2025,172813,46 51.277500 N,061 2.184200 W,5.1,184.4,A,DoorSpread,DoorMaster,0.000000,E,S,366978.000000
Tue Sep 16 14:28:08 2025,16-Sep-2025,172814,46 51.276100 N,061 2.184300 W,5.1,184.5,A,Primary,Headline,2.959184,D,S,142925.000000
Tue Sep 16 14:28:09 2025,16-Sep-2025,172815,46 51.274600 N,061 2.184400 W,5.1,184.5,A,Depth,Depth,52.129630,D,S,125920.000000
Tue Sep 16 14:28:09 2025,16-Sep-2025,172816,46 51.273300 N,061 2.184600 W,5.1,184.9,A,Depth,Depth,52.129630,D,S,125920.000000
Tue Sep 16 14:28:09 2025,16-Sep-2025,172817,46 51.271900 N,061 2.184900 W,5.1,185.2,A,Depth,Depth,52.129630,D,S,125920.000000
Tue Sep 16 14:28:09 2025,16-Sep-2025,172818,46 51.270400 N,061 2.185200 W,5.1,185.1,A,Depth,Depth,52.129630,D,S,125920.000000
Tue Sep 16 14:28:12 2025,16-Sep-2025,172819,46 51.269000 N,061 2.185300 W,5.1,184.7,A,DoorSpread,DoorMaster,0.000000,E,S,381279.000000
Tue Sep 16 14:28:14 2025,16-Sep-2025,172820,46 51.267600 N,061 2.185400 W,5.1,184.1,A,Primary,Headline,29.469388,D,S,100883.000000
Tue Sep 16 14:28:14 2025,16-Sep-2025,172821,46 51.266200 N,061 2.185400 W,5.1,183.9,A,Primary,Headline,29.469388,D,S,100883.000000
Tue Sep 16 14:28:16 2025,16-Sep-2025,172822,46 51.264800 N,061 2.185600 W,5.1,184.4,A,Depth,Depth,55.648148,D,S,153924.000000
Tue Sep 16 14:28:16 2025,16-Sep-2025,172823,46 51.263300 N,061 2.185900 W,5.1,184.9,A,Depth,Depth,55.648148,D,S,153924.000000
Tue Sep 16 14:28:17 2025,16-Sep-2025,172824,46 51.261800 N,061 2.186000 W,5.1,184.8,A,DoorSpread,DoorMaster,0.000000,E,S,274700.000000
Tue Sep 16 14:28:19 2025,16-Sep-2025,172825,46 51.260300 N,061 2.186100 W,5.1,184.3,A,Primary,Headline,6.367347,D,S,144222.000000
Tue Sep 16 14:28:19 2025,16-Sep-2025,172826,46 51.258900 N,061 2.186100 W,5.1,183.8,A,Primary,Headline,6.367347,D,S,144222.000000
Tue Sep 16 14:28:19 2025,16-Sep-2025,172827,46 51.257400 N,061 2.186200 W,5.1,183.8,A,Primary,Headline,6.367347,D,S,144222.000000
Tue Sep 16 14:28:19 2025,16-Sep-2025,172828,46 51.256100 N,061 2.186400 W,5.1,184.2,A,Primary,Headline,6.367347,D,S,144222.000000
Tue Sep 16 14:28:22 2025,16-Sep-2025,172829,46 51.254700 N,061 2.186400 W,5.1,184.2,A,DoorSpread,DoorMaster,0.000000,E,S,155087.000000
Tue Sep 16 14:28:24 2025,16-Sep-2025,172830,46 51.253300 N,061 2.186400 W,5.1,184.1,A,Primary,Headline,30.061224,D,S,267563.000000
Tue Sep 16 14:28:24 2025,16-Sep-2025,172831,46 51.252000 N,061 2.186400 W,5.1,184.3,A,Primary,Headline,30.061224,D,S,267563.000000
Tue Sep 16 14:28:24 2025,16-Sep-2025,172832,46 51.250600 N,061 2.186500 W,5.1,184.6,A,Primary,Headline,30.061224,D,S,267563.000000
Tue Sep 16 14:28:24 2025,16-Sep-2025,172833,46 51.249300 N,061 2.186600 W,5.1,184.1,A,Primary,Headline,30.061224,D,S,267563.000000
Tue Sep 16 14:28:28 2025,16-Sep-2025,172834,46 51.247900 N,061 2.186700 W,5.1,183.4,A,DoorSpread,DoorMaster,0.000000,E,S,81993.000000
Tue Sep 16 14:28:28 2025,16-Sep-2025,172835,46 51.246600 N,061 2.187000 W,5.1,184.0,A,DoorSpread,DoorMaster,0.000000,E,S,81993.000000
Tue Sep 16 14:28:30 2025,16-Sep-2025,172836,46 51.245200 N,061 2.187200 W,5.1,184.6,A,Primary,Headline,52.693878,D,S,221622.000000
Tue Sep 16 14:28:31 2025,16-Sep-2025,172837,46 51.243800 N,061 2.187400 W,5.1,184.5,A,Depth,Depth,60.462963,D,P,58848.000000
Tue Sep 16 14:28:31 2025,16-Sep-2025,172838,46 51.242400 N,061 2.187500 W,5.1,183.9,A,Depth,Depth,60.462963,D,P,58848.000000
Tue Sep 16 14:28:32 2025,16-Sep-2025,172839,46 51.241000 N,061 2.187700 W,5.1,183.3,A,DoorSpread,DoorMaster,0.000000,E,S,74062.000000
Tue Sep 16 14:28:32 2025,16-Sep-2025,172840,46 51.239600 N,061 2.187900 W,5.1,183.3,A,DoorSpread,DoorMaster,0.000000,E,S,74062.000000
Tue Sep 16 14:28:32 2025,16-Sep-2025,172841,46 51.238300 N,061 2.188200 W,5.1,183.8,A,DoorSpread,DoorMaster,0.000000,E,S,74062.000000
Tue Sep 16 14:28:36 2025,16-Sep-2025,172842,46 51.236900 N,061 2.188500 W,5.0,183.9,A,Primary,Headline,35.020408,D,S,115286.000000
Tue Sep 16 14:28:36 2025,16-Sep-2025,172843,46 51.235400 N,061 2.188700 W,5.1,184.0,A,Primary,Headline,35.020408,D,S,115286.000000
Tue Sep 16 14:28:38 2025,16-Sep-2025,172844,46 51.233900 N,061 2.189000 W,5.1,184.2,A,Depth,Depth,64.259259,D,S,80779.000000
Tue Sep 16 14:28:38 2025,16-Sep-2025,172845,46 51.232500 N,061 2.189300 W,5.1,184.2,A,Depth,Depth,64.259259,D,S,80779.000000
Tue Sep 16 14:28:38 2025,16-Sep-2025,172846,46 51.231000 N,061 2.189500 W,5.1,184.4,A,Depth,Depth,64.259259,D,S,80779.000000
Tue Sep 16 14:28:38 2025,16-Sep-2025,172847,46 51.229600 N,061 2.189800 W,5.1,184.6,A,Depth,Depth,64.259259,D,S,80779.000000
Tue Sep 16 14:28:42 2025,16-Sep-2025,172848,46 51.228100 N,061 2.190000 W,5.0,184.8,A,Primary,Headline,49.040816,D,S,147607.000000
Tue Sep 16 14:28:43 2025,16-Sep-2025,172849,46 51.226700 N,061 2.190200 W,5.0,184.5,A,DoorSpread,DoorMaster,0.000000,E,P,20729.000000
Tue Sep 16 14:28:43 2025,16-Sep-2025,172850,46 51.225300 N,061 2.190300 W,5.0,184.1,A,DoorSpread,DoorMaster,0.000000,E,P,20729.000000
Tue Sep 16 14:28:45 2025,16-Sep-2025,172851,46 51.223800 N,061 2.190400 W,5.0,183.7,A,Depth,Depth,56.388889,D,P,76644.000000
Tue Sep 16 14:28:45 2025,16-Sep-2025,172852,46 51.222400 N,061 2.190500 W,5.1,184.1,A,Depth,Depth,56.388889,D,P,76644.000000
Tue Sep 16 14:28:47 2025,16-Sep-2025,172853,46 51.221000 N,061 2.190700 W,5.1,184.6,A,Primary,Headline,12.795918,D,S,125847.000000
Tue Sep 16 14:28:48 2025,16-Sep-2025,172854,46 51.219600 N,061 2.190800 W,5.1,184.3,A,DoorSpread,DoorMaster,0.000000,E,S,41079.000000
Tue Sep 16 14:28:48 2025,16-Sep-2025,172855,46 51.218200 N,061 2.190700 W,5.1,182.9,A,DoorSpread,DoorMaster,0.000000,E,S,41079.000000
Tue Sep 16 14:28:48 2025,16-Sep-2025,172856,46 51.216900 N,061 2.190500 W,5.0,182.5,A,DoorSpread,DoorMaster,0.000000,E,S,41079.000000
Tue Sep 16 14:28:48 2025,16-Sep-2025,172857,46 51.215700 N,061 2.190500 W,5.0,183.6,A,DoorSpread,DoorMaster,0.000000,E,S,41079.000000
Tue Sep 16 14:28:48 2025,16-Sep-2025,172858,46 51.214200 N,061 2.190700 W,5.0,184.7,A,DoorSpread,DoorMaster,0.000000,E,S,41079.000000
Tue Sep 16 14:28:53 2025,16-Sep-2025,172859,46 51.212800 N,061 2.190900 W,5.0,184.5,A,DoorSpread,DoorMaster,0.000000,E,S,130660.000000
Tue Sep 16 14:28:53 2025,16-Sep-2025,172900,46 51.211300 N,061 2.190900 W,5.1,183.8,A,DoorSpread,DoorMaster,0.000000,E,S,130660.000000
Tue Sep 16 14:28:53 2025,16-Sep-2025,172901,46 51.209800 N,061 2.191000 W,5.1,183.2,A,DoorSpread,DoorMaster,0.000000,E,S,130660.000000
Tue Sep 16 14:28:53 2025,16-Sep-2025,172902,46 51.208300 N,061 2.191100 W,5.0,182.8,A,DoorSpread,DoorMaster,0.000000,E,S,130660.000000
Tue Sep 16 14:28:53 2025,16-Sep-2025,172903,46 51.206900 N,061 2.191300 W,5.0,183.6,A,DoorSpread,DoorMaster,0.000000,E,S,130660.000000
Tue Sep 16 14:28:58 2025,16-Sep-2025,172904,46 51.205500 N,061 2.191600 W,5.0,184.8,A,Primary,Headline,28.489796,D,S,64656.000000
Tue Sep 16 14:28:58 2025,16-Sep-2025,172905,46 51.204100 N,061 2.191800 W,5.0,184.9,A,Primary,Headline,28.489796,D,S,64656.000000
Tue Sep 16 14:29:00 2025,16-Sep-2025,172906,46 51.202700 N,061 2.191900 W,5.0,183.5,A,Depth,Depth,68.703704,D,S,58867.000000
Tue Sep 16 14:29:00 2025,16-Sep-2025,172907,46 51.201200 N,061 2.191800 W,5.0,182.4,A,Depth,Depth,68.703704,D,S,58867.000000
Tue Sep 16 14:29:00 2025,16-Sep-2025,172908,46 51.199800 N,061 2.192000 W,5.1,182.7,A,Depth,Depth,68.703704,D,S,58867.000000
Tue Sep 16 14:29:03 2025,16-Sep-2025,172909,46 51.198400 N,061 2.192300 W,5.0,183.5,A,DoorSpread,DoorMaster,0.000000,E,S,65859.000000
Tue Sep 16 14:29:04 2025,16-Sep-2025,172910,46 51.197000 N,061 2.192600 W,5.0,183.8,A,Primary,Headline,44.714286,D,S,77831.000000
Tue Sep 16 14:29:04 2025,16-Sep-2025,172911,46 51.195700 N,061 2.192700 W,5.0,183.4,A,Primary,Headline,44.714286,D,S,77831.000000
Tue Sep 16 14:29:04 2025,16-Sep-2025,172912,46 51.194500 N,061 2.192700 W,4.9,182.7,A,Primary,Headline,44.714286,D,S,77831.000000
Tue Sep 16 14:29:07 2025,16-Sep-2025,172913,46 51.193300 N,061 2.192800 W,4.9,182.7,A,Depth,Depth,64.629630,D,P,77729.000000
Tue Sep 16 14:29:08 2025,16-Sep-2025,172914,46 51.192000 N,061 2.193000 W,5.0,182.9,A,DoorSpread,DoorMaster,0.000000,E,S,78986.000000
Tue Sep 16 14:29:08 2025,16-Sep-2025,172915,46 51.190600 N,061 2.193100 W,5.0,182.6,A,DoorSpread,DoorMaster,0.000000,E,S,78986.000000
Tue Sep 16 14:29:09 2025,16-Sep-2025,172916,46 51.189200 N,061 2.193200 W,5.0,182.4,A,Primary,Headline,44.530612,D,S,62105.000000
Tue Sep 16 14:29:09 2025,16-Sep-2025,172917,46 51.187800 N,061 2.193500 W,5.0,183.2,A,Primary,Headline,44.530612,D,S,62105.000000
Tue Sep 16 14:29:09 2025,16-Sep-2025,172918,46 51.186400 N,061 2.193700 W,4.9,183.7,A,Primary,Headline,44.530612,D,S,62105.000000
Tue Sep 16 14:29:13 2025,16-Sep-2025,172919,46 51.185000 N,061 2.193900 W,4.9,183.1,A,DoorSpread,DoorMaster,0.000000,E,S,99896.000000
Tue Sep 16 14:29:14 2025,16-Sep-2025,172920,46 51.183600 N,061 2.193800 W,4.9,182.5,A,Depth,Depth,72.592593,D,S,86853.000000
Tue Sep 16 14:29:15 2025,16-Sep-2025,172921,46 51.182200 N,061 2.193800 W,4.9,182.5,A,Primary,Headline,40.020408,D,S,135253.000000
Tue Sep 16 14:29:15 2025,16-Sep-2025,172922,46 51.180700 N,061 2.193900 W,5.0,182.9,A,Primary,Headline,40.020408,D,S,135253.000000
Tue Sep 16 14:29:15 2025,16-Sep-2025,172923,46 51.179300 N,061 2.194000 W,5.0,183.1,A,Primary,Headline,40.020408,D,S,135253.000000
Tue Sep 16 14:29:18 2025,16-Sep-2025,172924,46 51.178000 N,061 2.194200 W,5.0,182.8,A,DoorSpread,DoorMaster,0.000000,E,S,90222.000000
Tue Sep 16 14:29:18 2025,16-Sep-2025,172925,46 51.176600 N,061 2.194400 W,4.9,182.7,A,DoorSpread,DoorMaster,0.000000,E,S,90222.000000
Tue Sep 16 14:29:18 2025,16-Sep-2025,172926,46 51.175300 N,061 2.194600 W,4.9,183.0,A,DoorSpread,DoorMaster,0.000000,E,S,90222.000000
Tue Sep 16 14:29:21 2025,16-Sep-2025,172927,46 51.173800 N,061 2.194900 W,5.0,183.2,A,Primary,Headline,37.734694,D,S,34273.000000
Tue Sep 16 14:29:21 2025,16-Sep-2025,172928,46 51.172400 N,061 2.194900 W,5.0,182.8,A,Depth,Depth,77.222222,D,S,37167.000000
Tue Sep 16 14:29:23 2025,16-Sep-2025,172929,46 51.171100 N,061 2.194900 W,4.9,182.4,A,DoorSpread,DoorMaster,0.000000,E,S,187439.000000
Tue Sep 16 14:29:23 2025,16-Sep-2025,172930,46 51.169800 N,061 2.194900 W,5.0,182.1,A,DoorSpread,DoorMaster,0.000000,E,S,187439.000000
Tue Sep 16 14:29:23 2025,16-Sep-2025,172931,46 51.168400 N,061 2.194900 W,5.0,182.1,A,DoorSpread,DoorMaster,0.000000,E,S,187439.000000
Tue Sep 16 14:29:23 2025,16-Sep-2025,172932,46 51.167200 N,061 2.195000 W,4.9,182.0,A,DoorSpread,DoorMaster,0.000000,E,S,187439.000000
Tue Sep 16 14:29:26 2025,16-Sep-2025,172933,46 51.165800 N,061 2.195100 W,4.9,182.7,A,Primary,Headline,36.040816,D,S,102493.000000
Tue Sep 16 14:29:28 2025,16-Sep-2025,172934,46 51.164400 N,061 2.195300 W,5.0,183.3,A,DoorSpread,DoorMaster,0.000000,E,S,138498.000000
Tue Sep 16 14:29:29 2025,16-Sep-2025,172935,46 51.163000 N,061 2.195400 W,5.0,183.3,A,Depth,Depth,73.240741,D,S,62955.000000
Tue Sep 16 14:29:29 2025,16-Sep-2025,172936,46 51.161600 N,061 2.195300 W,5.0,182.7,A,Depth,Depth,73.240741,D,S,62955.000000
Tue Sep 16 14:29:29 2025,16-Sep-2025,172937,46 51.160200 N,061 2.195300 W,5.0,182.4,A,Depth,Depth,73.240741,D,S,62955.000000
Tue Sep 16 14:29:32 2025,16-Sep-2025,172938,46 51.158900 N,061 2.195300 W,5.0,182.7,A,Primary,Headline,35.448980,D,S,75470.000000
Tue Sep 16 14:29:33 2025,16-Sep-2025,172939,46 51.157600 N,061 2.195600 W,5.0,183.3,A,DoorSpread,DoorMaster,0.000000,E,S,141874.000000
Tue Sep 16 14:29:33 2025,16-Sep-2025,172940,46 51.156300 N,061 2.196000 W,5.0,183.8,A,DoorSpread,DoorMaster,0.000000,E,S,141874.000000
Tue Sep 16 14:29:33 2025,16-Sep-2025,172941,46 51.154900 N,061 2.196300 W,5.0,184.1,A,DoorSpread,DoorMaster,0.000000,E,S,141874.000000
Tue Sep 16 14:29:36 2025,16-Sep-2025,172942,46 51.153500 N,061 2.196400 W,5.0,183.9,A,Depth,Depth,79.629630,D,S,119792.000000
Tue Sep 16 14:29:36 2025,16-Sep-2025,172943,46 51.152100 N,061 2.196300 W,5.0,183.3,A,Depth,Depth,79.629630,D,S,119792.000000
Tue Sep 16 14:29:38 2025,16-Sep-2025,172944,46 51.150700 N,061 2.196300 W,5.0,182.8,A,DoorSpread,DoorMaster,0.000000,E,S,100348.000000
Tue Sep 16 14:29:38 2025,16-Sep-2025,172945,46 51.149300 N,061 2.196400 W,5.0,183.2,A,DoorSpread,DoorMaster,0.000000,E,S,100348.000000
Tue Sep 16 14:29:38 2025,16-Sep-2025,172946,46 51.148000 N,061 2.196600 W,5.0,184.0,A,DoorSpread,DoorMaster,0.000000,E,S,100348.000000
Tue Sep 16 14:29:38 2025,16-Sep-2025,172947,46 51.146700 N,061 2.196800 W,5.0,184.2,A,DoorSpread,DoorMaster,0.000000,E,S,100348.000000
Tue Sep 16 14:29:38 2025,16-Sep-2025,172948,46 51.145300 N,061 2.196800 W,5.0,184.0,A,DoorSpread,DoorMaster,0.000000,E,S,100348.000000
Tue Sep 16 14:29:43 2025,16-Sep-2025,172949,46 51.144000 N,061 2.196800 W,5.0,183.7,A,Depth,Depth,77.962963,D,S,101720.000000
Tue Sep 16 14:29:43 2025,16-Sep-2025,172950,46 51.142500 N,061 2.196800 W,5.0,183.7,A,Depth,Depth,77.962963,D,S,101720.000000
Tue Sep 16 14:29:43 2025,16-Sep-2025,172951,46 51.141100 N,061 2.196800 W,5.1,183.7,A,Depth,Depth,77.962963,D,S,101720.000000
Tue Sep 16 14:29:43 2025,16-Sep-2025,172952,46 51.139600 N,061 2.197000 W,5.1,184.0,A,Depth,Depth,77.962963,D,S,101720.000000
Tue Sep 16 14:29:43 2025,16-Sep-2025,172953,46 51.138100 N,061 2.197100 W,5.0,184.4,A,Depth,Depth,77.962963,D,S,101720.000000
Tue Sep 16 14:29:43 2025,16-Sep-2025,172954,46 51.136700 N,061 2.197200 W,5.0,183.9,A,Depth,Depth,77.962963,D,S,101720.000000
Tue Sep 16 14:29:48 2025,16-Sep-2025,172955,46 51.135200 N,061 2.197100 W,5.0,183.2,A,Primary,Headline,31.632653,D,S,83171.000000
Tue Sep 16 14:29:48 2025,16-Sep-2025,172956,46 51.133700 N,061 2.197200 W,5.0,183.2,A,Primary,Headline,31.632653,D,S,83171.000000
Tue Sep 16 14:29:50 2025,16-Sep-2025,172957,46 51.132200 N,061 2.197500 W,5.1,183.8,A,Depth,Depth,81.111111,D,S,60756.000000
Tue Sep 16 14:29:50 2025,16-Sep-2025,172958,46 51.130800 N,061 2.197800 W,5.1,184.2,A,Depth,Depth,81.111111,D,S,60756.000000
Tue Sep 16 14:29:53 2025,16-Sep-2025,172959,46 51.129300 N,061 2.198000 W,5.1,184.0,A,DoorSpread,DoorMaster,0.000000,E,S,98175.000000
Tue Sep 16 14:29:54 2025,16-Sep-2025,173000,46 51.128000 N,061 2.198100 W,5.0,183.6,A,Primary,Headline,29.693878,D,S,115476.000000
Tue Sep 16 14:29:54 2025,16-Sep-2025,173001,46 51.126600 N,061 2.198100 W,5.0,183.3,A,Primary,Headline,29.693878,D,S,115476.000000
Tue Sep 16 14:29:54 2025,16-Sep-2025,173002,46 51.125200 N,061 2.198000 W,5.0,182.9,A,Primary,Headline,29.693878,D,S,115476.000000
Tue Sep 16 14:29:54 2025,16-Sep-2025,173003,46 51.123800 N,061 2.198100 W,5.0,183.3,A,Primary,Headline,29.693878,D,S,115476.000000
Tue Sep 16 14:29:58 2025,16-Sep-2025,173004,46 51.122500 N,061 2.198200 W,4.9,183.9,A,DoorSpread,DoorMaster,0.000000,E,S,99636.000000
Tue Sep 16 14:29:58 2025,16-Sep-2025,173005,46 51.121300 N,061 2.198300 W,4.8,184.2,A,DoorSpread,DoorMaster,0.000000,E,S,99636.000000
Tue Sep 16 14:30:00 2025,16-Sep-2025,173006,46 51.120200 N,061 2.198300 W,4.7,184.0,A,Primary,Headline,28.795918,D,P,24010.000000
Tue Sep 16 14:30:00 2025,16-Sep-2025,173007,46 51.119100 N,061 2.198400 W,4.6,183.7,A,Primary,Headline,28.795918,D,P,24010.000000
Tue Sep 16 14:30:00 2025,16-Sep-2025,173008,46 51.118100 N,061 2.198500 W,4.4,183.2,A,Primary,Headline,28.795918,D,P,24010.000000
Tue Sep 16 14:30:03 2025,16-Sep-2025,173009,46 51.117200 N,061 2.198500 W,4.3,183.2,A,DoorSpread,DoorMaster,0.000000,E,P,41978.000000
Tue Sep 16 14:30:03 2025,16-Sep-2025,173010,46 51.116200 N,061 2.198600 W,4.2,184.0,A,DoorSpread,DoorMaster,0.000000,E,P,41978.000000
Tue Sep 16 14:30:05 2025,16-Sep-2025,173011,46 51.115200 N,061 2.198800 W,4.0,184.6,A,Depth,Depth,85.277778,D,S,166845.000000
Tue Sep 16 14:30:05 2025,16-Sep-2025,173012,46 51.114300 N,061 2.198900 W,3.9,184.2,A,Depth,Depth,85.277778,D,S,166845.000000
Tue Sep 16 14:30:05 2025,16-Sep-2025,173013,46 51.113500 N,061 2.198900 W,3.7,183.7,A,Depth,Depth,85.277778,D,S,166845.000000
Tue Sep 16 14:30:08 2025,16-Sep-2025,173014,46 51.112800 N,061 2.199000 W,3.5,183.4,A,DoorSpread,DoorMaster,0.000000,E,P,52352.000000
Tue Sep 16 14:30:08 2025,16-Sep-2025,173015,46 51.112100 N,061 2.199000 W,3.4,183.1,A,DoorSpread,DoorMaster,0.000000,E,P,52352.000000
Tue Sep 16 14:30:10 2025,16-Sep-2025,173016,46 51.111300 N,061 2.199100 W,3.3,182.9,A,Primary,Headline,25.979592,D,S,169655.000000
Tue Sep 16 14:30:10 2025,16-Sep-2025,173017,46 51.110500 N,061 2.199200 W,3.2,182.9,A,Primary,Headline,25.979592,D,S,169655.000000
Tue Sep 16 14:30:10 2025,16-Sep-2025,173018,46 51.109900 N,061 2.199300 W,3.0,183.0,A,Primary,Headline,25.979592,D,S,169655.000000
Tue Sep 16 14:30:13 2025,16-Sep-2025,173019,46 51.109200 N,061 2.199400 W,2.9,182.9,A,DoorSpread,DoorMaster,0.000000,E,S,111198.000000
Tue Sep 16 14:30:13 2025,16-Sep-2025,173020,46 51.108400 N,061 2.199600 W,2.8,182.7,A,DoorSpread,DoorMaster,0.000000,E,S,111198.000000
Tue Sep 16 14:30:13 2025,16-Sep-2025,173021,46 51.107700 N,061 2.199700 W,2.7,182.5,A,DoorSpread,DoorMaster,0.000000,E,S,111198.000000
Tue Sep 16 14:30:16 2025,16-Sep-2025,173022,46 51.107300 N,061 2.199800 W,2.6,182.4,A,Primary,Headline,25.040816,D,S,32991.000000
Tue Sep 16 14:30:16 2025,16-Sep-2025,173023,46 51.106700 N,061 2.200000 W,2.5,182.6,A,Primary,Headline,25.040816,D,S,32991.000000
Tue Sep 16 14:30:16 2025,16-Sep-2025,173024,46 51.106100 N,061 2.199900 W,2.4,182.7,A,Primary,Headline,25.040816,D,S,32991.000000
Tue Sep 16 14:30:18 2025,16-Sep-2025,173025,46 51.105500 N,061 2.200000 W,2.4,182.5,A,DoorSpread,DoorMaster,0.000000,E,S,54310.000000
Tue Sep 16 14:30:20 2025,16-Sep-2025,173026,46 51.105000 N,061 2.199800 W,2.3,182.3,A,Depth,Depth,86.388889,D,S,33884.000000
Tue Sep 16 14:30:21 2025,16-Sep-2025,173027,46 51.104500 N,061 2.199800 W,2.2,182.1,A,Primary,Headline,24.040816,D,S,48590.000000
Tue Sep 16 14:30:21 2025,16-Sep-2025,173028,46 51.104000 N,061 2.199800 W,2.2,182.2,A,Primary,Headline,24.040816,D,S,48590.000000
Tue Sep 16 14:30:23 2025,16-Sep-2025,173029,46 51.103400 N,061 2.199900 W,2.2,182.4,A,DoorSpread,DoorMaster,0.000000,E,S,104713.000000
Tue Sep 16 14:30:23 2025,16-Sep-2025,173030,46 51.102700 N,061 2.200000 W,2.1,182.5,A,DoorSpread,DoorMaster,0.000000,E,S,104713.000000
Tue Sep 16 14:30:23 2025,16-Sep-2025,173031,46 51.102200 N,061 2.200000 W,2.1,182.4,A,DoorSpread,DoorMaster,0.000000,E,S,104713.000000
Tue Sep 16 14:30:23 2025,16-Sep-2025,173032,46 51.101600 N,061 2.200000 W,2.0,182.1,A,DoorSpread,DoorMaster,0.000000,E,S,104713.000000
Tue Sep 16 14:30:27 2025,16-Sep-2025,173033,46 51.101100 N,061 2.200100 W,2.1,182.7,A,Depth,Depth,94.722222,D,S,48335.000000
Tue Sep 16 14:30:28 2025,16-Sep-2025,173034,46 51.100500 N,061 2.200300 W,2.1,183.1,A,DoorSpread,DoorMaster,0.000000,E,P,58736.000000
Tue Sep 16 14:30:28 2025,16-Sep-2025,173035,46 51.100000 N,061 2.200300 W,2.0,183.2,A,DoorSpread,DoorMaster,0.000000,E,P,58736.000000
Tue Sep 16 14:30:28 2025,16-Sep-2025,173036,46 51.099400 N,061 2.200300 W,2.0,183.0,A,DoorSpread,DoorMaster,0.000000,E,P,58736.000000
Tue Sep 16 14:30:28 2025,16-Sep-2025,173037,46 51.098800 N,061 2.200200 W,2.1,183.1,A,DoorSpread,DoorMaster,0.000000,E,P,58736.000000
Tue Sep 16 14:30:32 2025,16-Sep-2025,173038,46 51.098200 N,061 2.200200 W,2.1,183.2,A,Primary,Headline,21.204082,D,S,109742.000000
Tue Sep 16 14:30:33 2025,16-Sep-2025,173039,46 51.097600 N,061 2.200100 W,2.1,183.1,A,DoorSpread,DoorMaster,0.000000,E,P,64248.000000
Tue Sep 16 14:30:34 2025,16-Sep-2025,173040,46 51.097000 N,061 2.200000 W,2.1,182.6,A,Depth,Depth,89.537037,D,P,138135.000000
Tue Sep 16 14:30:34 2025,16-Sep-2025,173041,46 51.096400 N,061 2.200100 W,2.1,182.6,A,Depth,Depth,88.703704,D,S,118816.000000
Tue Sep 16 14:30:34 2025,16-Sep-2025,173042,46 51.095700 N,061 2.200300 W,2.2,182.7,A,Depth,Depth,88.703704,D,S,118816.000000
Tue Sep 16 14:30:37 2025,16-Sep-2025,173043,46 51.095200 N,061 2.200200 W,2.2,182.4,A,Primary,Headline,18.653061,D,S,271940.000000
Tue Sep 16 14:30:38 2025,16-Sep-2025,173044,46 51.094600 N,061 2.200100 W,2.2,182.0,A,DoorSpread,DoorMaster,0.000000,E,P,20561.000000
Tue Sep 16 14:30:38 2025,16-Sep-2025,173045,46 51.094000 N,061 2.200000 W,2.2,181.8,A,DoorSpread,DoorMaster,0.000000,E,S,69789.000000
Tue Sep 16 14:30:38 2025,16-Sep-2025,173046,46 51.093300 N,061 2.200000 W,2.3,181.8,A,DoorSpread,DoorMaster,0.000000,E,S,69789.000000
Tue Sep 16 14:30:38 2025,16-Sep-2025,173047,46 51.092600 N,061 2.200000 W,2.3,181.7,A,DoorSpread,DoorMaster,0.000000,E,S,69789.000000
Tue Sep 16 14:30:42 2025,16-Sep-2025,173048,46 51.092000 N,061 2.199900 W,2.3,181.4,A,Depth,Depth,95.833333,D,S,164419.000000
Tue Sep 16 14:30:43 2025,16-Sep-2025,173049,46 51.091500 N,061 2.199900 W,2.3,181.2,A,DoorSpread,DoorMaster,0.000000,E,S,115474.000000
Tue Sep 16 14:30:43 2025,16-Sep-2025,173050,46 51.090900 N,061 2.199900 W,2.4,181.2,A,DoorSpread,DoorMaster,0.000000,E,S,115474.000000
Tue Sep 16 14:30:43 2025,16-Sep-2025,173051,46 51.090300 N,061 2.199900 W,2.3,181.0,A,DoorSpread,DoorMaster,0.000000,E,S,115474.000000
Tue Sep 16 14:30:43 2025,16-Sep-2025,173052,46 51.089800 N,061 2.199700 W,2.3,180.3,A,DoorSpread,DoorMaster,0.000000,E,S,115474.000000
Tue Sep 16 14:30:43 2025,16-Sep-2025,173053,46 51.089200 N,061 2.199600 W,2.4,180.4,A,DoorSpread,DoorMaster,0.000000,E,S,115474.000000
Tue Sep 16 14:30:48 2025,16-Sep-2025,173054,46 51.088500 N,061 2.199800 W,2.4,181.1,A,Primary,Headline,14.408163,D,S,241713.000000
Tue Sep 16 14:30:49 2025,16-Sep-2025,173055,46 51.087800 N,061 2.200000 W,2.3,181.5,A,Depth,Depth,99.444444,D,S,152954.000000
Tue Sep 16 14:30:49 2025,16-Sep-2025,173056,46 51.087300 N,061 2.199900 W,2.3,181.0,A,Depth,Depth,99.444444,D,S,152954.000000
Tue Sep 16 14:30:49 2025,16-Sep-2025,173057,46 51.086800 N,061 2.199800 W,2.3,180.4,A,Depth,Depth,99.444444,D,S,152954.000000
Tue Sep 16 14:30:49 2025,16-Sep-2025,173058,46 51.086200 N,061 2.199800 W,2.3,180.2,A,Depth,Depth,99.444444,D,S,152954.000000
Tue Sep 16 14:30:53 2025,16-Sep-2025,173059,46 51.085700 N,061 2.199900 W,2.3,180.4,A,Primary,Headline,12.306122,D,S,231659.000000
Tue Sep 16 14:30:54 2025,16-Sep-2025,173100,46 51.085200 N,061 2.200000 W,2.2,180.5,A,DoorSpread,DoorMaster,0.000000,E,S,125223.000000
Tue Sep 16 14:30:54 2025,16-Sep-2025,173101,46 51.084700 N,061 2.199800 W,2.2,179.8,A,DoorSpread,DoorMaster,0.000000,E,S,125223.000000
Tue Sep 16 14:30:54 2025,16-Sep-2025,173102,46 51.084100 N,061 2.199700 W,2.2,179.2,A,DoorSpread,DoorMaster,0.000000,E,S,125223.000000
Tue Sep 16 14:30:57 2025,16-Sep-2025,173103,46 51.083500 N,061 2.199600 W,2.2,179.1,A,Depth,Depth,102.037037,D,S,177198.000000
Tue Sep 16 14:30:58 2025,16-Sep-2025,173104,46 51.082900 N,061 2.199600 W,2.1,179.1,A,Primary,Headline,10.448980,D,P,148098.000000
Tue Sep 16 14:30:59 2025,16-Sep-2025,173105,46 51.082400 N,061 2.199500 W,2.0,178.9,A,DoorSpread,DoorMaster,0.000000,E,S,118105.000000
Tue Sep 16 14:30:59 2025,16-Sep-2025,173106,46 51.081900 N,061 2.199300 W,2.0,179.0,A,DoorSpread,DoorMaster,0.000000,E,S,118105.000000
Tue Sep 16 14:30:59 2025,16-Sep-2025,173107,46 51.081300 N,061 2.199400 W,2.0,179.4,A,DoorSpread,DoorMaster,0.000000,E,S,118105.000000
Tue Sep 16 14:30:59 2025,16-Sep-2025,173108,46 51.080800 N,061 2.199300 W,1.9,179.6,A,DoorSpread,DoorMaster,0.000000,E,S,118105.000000
Tue Sep 16 14:31:03 2025,16-Sep-2025,173109,46 51.080400 N,061 2.199200 W,1.9,179.6,A,Primary,Headline,9.204082,D,P,184995.000000
Tue Sep 16 14:31:04 2025,16-Sep-2025,173110,46 51.079800 N,061 2.199200 W,1.9,179.5,A,DoorSpread,DoorMaster,5.695000,D,P,37134.000000
Tue Sep 16 14:31:04 2025,16-Sep-2025,173111,46 51.079300 N,061 2.199100 W,1.9,179.5,A,DoorSpread,DoorMaster,5.695000,D,P,37134.000000
Tue Sep 16 14:31:04 2025,16-Sep-2025,173112,46 51.078800 N,061 2.199200 W,1.8,179.6,A,DoorSpread,DoorMaster,5.695000,D,P,37134.000000
Tue Sep 16 14:31:04 2025,16-Sep-2025,173113,46 51.078400 N,061 2.199100 W,1.8,179.7,A,DoorSpread,DoorMaster,5.695000,D,P,37134.000000
Tue Sep 16 14:31:04 2025,16-Sep-2025,173114,46 51.077900 N,061 2.199200 W,1.8,179.7,A,DoorSpread,DoorMaster,5.695000,D,P,37134.000000
Tue Sep 16 14:31:08 2025,16-Sep-2025,173115,46 51.077400 N,061 2.199200 W,1.8,179.5,A,Primary,Headline,7.591837,D,S,199459.000000
Tue Sep 16 14:31:10 2025,16-Sep-2025,173116,46 51.076800 N,061 2.199200 W,1.8,179.1,A,DoorSpread,DoorMaster,5.605000,D,S,189694.000000
Tue Sep 16 14:31:11 2025,16-Sep-2025,173117,46 51.076100 N,061 2.199000 W,1.9,179.0,A,Depth,Depth,107.777778,D,S,165124.000000
Tue Sep 16 14:31:11 2025,16-Sep-2025,173118,46 51.075500 N,061 2.198900 W,1.9,178.9,A,Depth,Depth,107.777778,D,S,165124.000000
Tue Sep 16 14:31:11 2025,16-Sep-2025,173119,46 51.074900 N,061 2.198800 W,1.9,179.0,A,Depth,Depth,107.777778,D,S,165124.000000
Tue Sep 16 14:31:13 2025,16-Sep-2025,173120,46 51.074300 N,061 2.198700 W,1.9,179.0,A,Primary,Headline,5.673469,D,S,109198.000000
Tue Sep 16 14:31:15 2025,16-Sep-2025,173121,46 51.073700 N,061 2.198500 W,2.0,179.0,A,DoorSpread,DoorMaster,5.850000,D,S,275167.000000
Tue Sep 16 14:31:15 2025,16-Sep-2025,173122,46 51.073200 N,061 2.198300 W,2.0,178.9,A,DoorSpread,DoorMaster,5.850000,D,S,275167.000000
Tue Sep 16 14:31:15 2025,16-Sep-2025,173123,46 51.072700 N,061 2.198200 W,2.0,178.9,A,DoorSpread,DoorMaster,5.850000,D,S,275167.000000
Tue Sep 16 14:31:15 2025,16-Sep-2025,173124,46 51.072200 N,061 2.198200 W,2.0,179.1,A,DoorSpread,DoorMaster,5.850000,D,S,275167.000000
Tue Sep 16 14:31:19 2025,16-Sep-2025,173125,46 51.071700 N,061 2.198100 W,2.0,179.2,A,Primary,Headline,4.428571,D,P,75254.000000
Tue Sep 16 14:31:19 2025,16-Sep-2025,173126,46 51.071200 N,061 2.198200 W,2.0,179.3,A,Primary,Headline,4.428571,D,P,75254.000000
Tue Sep 16 14:31:21 2025,16-Sep-2025,173127,46 51.070700 N,061 2.198200 W,2.1,179.3,A,DoorSpread,DoorMaster,6.235000,D,S,169556.000000
Tue Sep 16 14:31:21 2025,16-Sep-2025,173128,46 51.070100 N,061 2.198300 W,2.1,179.1,A,DoorSpread,DoorMaster,6.235000,D,S,169556.000000
Tue Sep 16 14:31:21 2025,16-Sep-2025,173129,46 51.069600 N,061 2.198400 W,2.1,179.0,A,DoorSpread,DoorMaster,6.235000,D,S,169556.000000
Tue Sep 16 14:31:24 2025,16-Sep-2025,173130,46 51.069100 N,061 2.198600 W,2.1,179.6,A,Primary,Headline,2.938776,D,S,72707.000000
Tue Sep 16 14:31:24 2025,16-Sep-2025,173131,46 51.068600 N,061 2.199000 W,2.1,180.4,A,Primary,Headline,2.938776,D,S,72707.000000
Tue Sep 16 14:31:24 2025,16-Sep-2025,173132,46 51.068000 N,061 2.199200 W,2.1,180.7,A,Primary,Headline,2.938776,D,S,72707.000000
Tue Sep 16 14:31:26 2025,16-Sep-2025,173133,46 51.067400 N,061 2.199200 W,2.1,180.7,A,DoorSpread,DoorMaster,6.600000,D,P,44954.000000
Tue Sep 16 14:31:26 2025,16-Sep-2025,173134,46 51.066900 N,061 2.199100 W,2.1,180.7,A,DoorSpread,DoorMaster,6.600000,D,P,44954.000000
Tue Sep 16 14:31:29 2025,16-Sep-2025,173135,46 51.066400 N,061 2.199000 W,2.1,180.6,A,Primary,Headline,2.408163,D,S,64550.000000
Tue Sep 16 14:31:29 2025,16-Sep-2025,173136,46 51.065800 N,061 2.198900 W,2.1,180.4,A,Primary,Headline,2.408163,D,S,64550.000000
Tue Sep 16 14:31:29 2025,16-Sep-2025,173137,46 51.065200 N,061 2.198700 W,2.1,180.4,A,Primary,Headline,2.408163,D,S,64550.000000
Tue Sep 16 14:31:32 2025,16-Sep-2025,173138,46 51.064500 N,061 2.198700 W,2.1,180.5,A,DoorSpread,DoorMaster,7.055000,D,P,24016.000000
Tue Sep 16 14:31:32 2025,16-Sep-2025,173139,46 51.063900 N,061 2.198500 W,2.1,180.3,A,DoorSpread,DoorMaster,7.055000,D,P,24016.000000
Tue Sep 16 14:31:34 2025,16-Sep-2025,173140,46 51.063200 N,061 2.198500 W,2.1,180.1,A,Primary,Headline,2.020408,D,S,89934.000000
Tue Sep 16 14:31:34 2025,16-Sep-2025,173141,46 51.062500 N,061 2.198500 W,2.1,180.1,A,Primary,Headline,2.020408,D,S,89934.000000
Tue Sep 16 14:31:34 2025,16-Sep-2025,173142,46 51.061800 N,061 2.198500 W,2.1,180.2,A,Primary,Headline,2.020408,D,S,89934.000000
Tue Sep 16 14:31:34 2025,16-Sep-2025,173143,46 51.061100 N,061 2.198400 W,2.1,180.2,A,Primary,Headline,2.020408,D,S,89934.000000
Tue Sep 16 14:31:38 2025,16-Sep-2025,173144,46 51.060600 N,061 2.198200 W,2.1,179.3,A,DoorSpread,DoorMaster,7.330000,D,S,118908.000000
Tue Sep 16 14:31:39 2025,16-Sep-2025,173145,46 51.060000 N,061 2.198200 W,2.1,178.7,A,Primary,Headline,1.938776,D,S,80747.000000
Tue Sep 16 14:31:39 2025,16-Sep-2025,173146,46 51.059500 N,061 2.198400 W,2.1,178.8,A,Primary,Headline,1.938776,D,S,80747.000000
Tue Sep 16 14:31:41 2025,16-Sep-2025,173147,46 51.058900 N,061 2.198600 W,2.2,179.2,A,Depth,Depth,113.148148,D,S,203391.000000
Tue Sep 16 14:31:41 2025,16-Sep-2025,173148,46 51.058300 N,061 2.198500 W,2.1,179.1,A,Depth,Depth,113.148148,D,S,203391.000000
Tue Sep 16 14:31:41 2025,16-Sep-2025,173149,46 51.057900 N,061 2.198500 W,2.1,178.9,A,Depth,Depth,113.148148,D,S,203391.000000
Tue Sep 16 14:31:44 2025,16-Sep-2025,173150,46 51.057300 N,061 2.198300 W,2.1,179.0,A,Primary,Headline,2.591837,D,S,95832.000000
Tue Sep 16 14:31:44 2025,16-Sep-2025,173151,46 51.056700 N,061 2.198300 W,2.2,179.5,A,Primary,Headline,2.591837,D,S,95832.000000
Tue Sep 16 14:31:44 2025,16-Sep-2025,173152,46 51.056000 N,061 2.198400 W,2.2,179.7,A,Primary,Headline,2.591837,D,S,95832.000000
Tue Sep 16 14:31:44 2025,16-Sep-2025,173153,46 51.055400 N,061 2.198300 W,2.1,179.7,A,Primary,Headline,2.591837,D,S,95832.000000
Tue Sep 16 14:31:44 2025,16-Sep-2025,173154,46 51.054800 N,061 2.198300 W,2.1,179.3,A,Primary,Headline,2.591837,D,S,95832.000000
Tue Sep 16 14:31:49 2025,16-Sep-2025,173155,46 51.054100 N,061 2.198300 W,2.2,179.0,A,DoorSpread,DoorMaster,7.425000,D,S,78158.000000
Tue Sep 16 14:31:49 2025,16-Sep-2025,173156,46 51.053300 N,061 2.198400 W,2.2,179.0,A,DoorSpread,DoorMaster,7.425000,D,S,78158.000000
Tue Sep 16 14:31:49 2025,16-Sep-2025,173157,46 51.052600 N,061 2.198600 W,2.2,179.4,A,DoorSpread,DoorMaster,7.425000,D,S,78158.000000
Tue Sep 16 14:31:49 2025,16-Sep-2025,173158,46 51.051800 N,061 2.198800 W,2.1,179.6,A,DoorSpread,DoorMaster,7.425000,D,S,78158.000000
Tue Sep 16 14:31:49 2025,16-Sep-2025,173159,46 51.051100 N,061 2.198900 W,2.2,179.3,A,DoorSpread,DoorMaster,7.425000,D,S,78158.000000
Tue Sep 16 14:31:54 2025,16-Sep-2025,173200,46 51.050400 N,061 2.199000 W,2.2,179.2,A,Primary,Headline,1.775510,D,P,114176.000000
Tue Sep 16 14:31:55 2025,16-Sep-2025,173201,46 51.049700 N,061 2.199100 W,2.2,179.4,A,DoorSpread,DoorMaster,7.570000,D,S,181665.000000
Tue Sep 16 14:31:56 2025,16-Sep-2025,173202,46 51.049100 N,061 2.199200 W,2.2,179.4,A,Depth,Depth,113.796296,D,S,83511.000000
Tue Sep 16 14:31:56 2025,16-Sep-2025,173203,46 51.048500 N,061 2.199100 W,2.2,179.3,A,Depth,Depth,113.796296,D,S,83511.000000
Tue Sep 16 14:31:56 2025,16-Sep-2025,173204,46 51.047900 N,061 2.199200 W,2.2,179.4,A,Depth,Depth,113.796296,D,S,83511.000000
Tue Sep 16 14:31:59 2025,16-Sep-2025,173205,46 51.047200 N,061 2.199300 W,2.2,179.6,A,Primary,Headline,1.755102,D,P,150451.000000
Tue Sep 16 14:32:00 2025,16-Sep-2025,173206,46 51.046600 N,061 2.199200 W,2.2,179.5,A,DoorSpread,DoorMaster,7.435000,D,S,296495.000000
Tue Sep 16 14:32:00 2025,16-Sep-2025,173207,46 51.045900 N,061 2.199100 W,2.2,179.2,A,DoorSpread,DoorMaster,7.435000,D,S,296495.000000
Tue Sep 16 14:32:00 2025,16-Sep-2025,173208,46 51.045300 N,061 2.199100 W,2.2,179.2,A,DoorSpread,DoorMaster,7.435000,D,S,296495.000000
Tue Sep 16 14:32:03 2025,16-Sep-2025,173209,46 51.044700 N,061 2.199000 W,2.2,179.2,A,Depth,Depth,113.425926,D,S,74290.000000
Tue Sep 16 14:32:04 2025,16-Sep-2025,173210,46 51.044000 N,061 2.198900 W,2.2,179.1,A,Primary,Headline,1.428571,D,S,166707.000000
Tue Sep 16 14:32:04 2025,16-Sep-2025,173211,46 51.043300 N,061 2.198800 W,2.2,179.1,A,Primary,Headline,1.428571,D,S,166707.000000
Tue Sep 16 14:32:06 2025,16-Sep-2025,173212,46 51.042700 N,061 2.198900 W,2.2,179.1,A,DoorSpread,DoorMaster,6.955000,D,P,76160.000000
Tue Sep 16 14:32:06 2025,16-Sep-2025,173213,46 51.042100 N,061 2.198700 W,2.2,178.7,A,DoorSpread,DoorMaster,6.955000,D,P,76160.000000
Tue Sep 16 14:32:06 2025,16-Sep-2025,173214,46 51.041500 N,061 2.198600 W,2.3,178.4,A,DoorSpread,DoorMaster,6.955000,D,P,76160.000000
Tue Sep 16 14:32:09 2025,16-Sep-2025,173215,46 51.040800 N,061 2.198500 W,2.2,178.6,A,Primary,Headline,1.775510,D,S,129889.000000
Tue Sep 16 14:32:09 2025,16-Sep-2025,173216,46 51.040300 N,061 2.198400 W,2.2,178.7,A,Primary,Headline,1.775510,D,S,129889.000000
Tue Sep 16 14:32:11 2025,16-Sep-2025,173217,46 51.039800 N,061 2.198200 W,2.2,178.5,A,Depth,Depth,113.240741,D,P,114843.000000
Tue Sep 16 14:32:12 2025,16-Sep-2025,173218,46 51.039200 N,061 2.198100 W,2.2,178.2,A,DoorSpread,DoorMaster,6.900000,D,P,96049.000000
Tue Sep 16 14:32:12 2025,16-Sep-2025,173219,46 51.038600 N,061 2.198200 W,2.2,178.1,A,DoorSpread,DoorMaster,6.900000,D,P,96049.000000
Tue Sep 16 14:32:14 2025,16-Sep-2025,173220,46 51.038000 N,061 2.198300 W,2.2,178.2,A,Primary,Headline,1.612245,D,S,171924.000000
Tue Sep 16 14:32:14 2025,16-Sep-2025,173221,46 51.037500 N,061 2.198500 W,2.3,178.4,A,Primary,Headline,1.612245,D,S,171924.000000
Tue Sep 16 14:32:14 2025,16-Sep-2025,173222,46 51.037000 N,061 2.198600 W,2.2,178.5,A,Primary,Headline,1.612245,D,S,171924.000000
Tue Sep 16 14:32:17 2025,16-Sep-2025,173223,46 51.036500 N,061 2.198600 W,2.2,178.6,A,DoorSpread,DoorMaster,0.000000,E,S,29969.000000
Tue Sep 16 14:32:18 2025,16-Sep-2025,173224,46 51.036000 N,061 2.198500 W,2.3,178.5,A,Depth,Depth,113.888889,D,S,320786.000000
Tue Sep 16 14:32:19 2025,16-Sep-2025,173225,46 51.035400 N,061 2.198300 W,2.3,178.4,A,Primary,Headline,1.693878,D,S,190635.000000
Tue Sep 16 14:32:19 2025,16-Sep-2025,173226,46 51.034800 N,061 2.198200 W,2.2,178.5,A,Primary,Headline,1.693878,D,S,190635.000000
Tue Sep 16 14:32:19 2025,16-Sep-2025,173227,46 51.034300 N,061 2.198200 W,2.3,178.8,A,Primary,Headline,1.693878,D,S,190635.000000
Tue Sep 16 14:32:22 2025,16-Sep-2025,173228,46 51.033500 N,061 2.198100 W,2.3,179.1,A,DoorSpread,DoorMaster,0.000000,E,P,76719.000000
Tue Sep 16 14:32:22 2025,16-Sep-2025,173229,46 51.032900 N,061 2.198000 W,2.2,179.2,A,DoorSpread,DoorMaster,0.000000,E,P,76719.000000
Tue Sep 16 14:32:24 2025,16-Sep-2025,173230,46 51.032300 N,061 2.197900 W,2.2,178.7,A,Primary,Headline,1.632653,D,P,22887.000000
Tue Sep 16 14:32:25 2025,16-Sep-2025,173231,46 51.031700 N,061 2.198000 W,2.3,178.3,A,Depth,Depth,113.703704,D,P,79360.000000
Tue Sep 16 14:32:25 2025,16-Sep-2025,173232,46 51.030900 N,061 2.198200 W,2.3,178.6,A,Depth,Depth,113.703704,D,P,79360.000000
Tue Sep 16 14:32:27 2025,16-Sep-2025,173233,46 51.030300 N,061 2.198400 W,2.3,178.9,A,DoorSpread,DoorMaster,0.000000,E,S,89426.000000
Tue Sep 16 14:32:27 2025,16-Sep-2025,173234,46 51.029700 N,061 2.198300 W,2.3,178.8,A,DoorSpread,DoorMaster,0.000000,E,S,89426.000000
Tue Sep 16 14:32:29 2025,16-Sep-2025,173235,46 51.029100 N,061 2.198100 W,2.3,178.6,A,Primary,Headline,1.571429,D,S,75747.000000
Tue Sep 16 14:32:29 2025,16-Sep-2025,173236,46 51.028600 N,061 2.198000 W,2.3,178.4,A,Primary,Headline,1.571429,D,S,75747.000000
Tue Sep 16 14:32:29 2025,16-Sep-2025,173237,46 51.028000 N,061 2.198100 W,2.3,178.3,A,Primary,Headline,1.571429,D,S,75747.000000
Tue Sep 16 14:32:32 2025,16-Sep-2025,173238,46 51.027400 N,061 2.198200 W,2.3,178.9,A,DoorSpread,DoorMaster,0.000000,E,P,37757.000000
Tue Sep 16 14:32:33 2025,16-Sep-2025,173239,46 51.026800 N,061 2.198300 W,2.3,179.2,A,Depth,Depth,113.518519,D,S,127543.000000
Tue Sep 16 14:32:34 2025,16-Sep-2025,173240,46 51.026200 N,061 2.198400 W,2.3,179.0,A,Primary,Headline,1.877551,D,P,45371.000000
Tue Sep 16 14:32:34 2025,16-Sep-2025,173241,46 51.025600 N,061 2.198400 W,2.3,178.8,A,Primary,Headline,1.877551,D,P,45371.000000
Tue Sep 16 14:32:34 2025,16-Sep-2025,173242,46 51.024900 N,061 2.198300 W,2.3,178.6,A,Primary,Headline,1.877551,D,P,45371.000000
Tue Sep 16 14:32:37 2025,16-Sep-2025,173243,46 51.024300 N,061 2.198300 W,2.2,178.5,A,DoorSpread,DoorMaster,0.000000,E,S,30291.000000
Tue Sep 16 14:32:37 2025,16-Sep-2025,173244,46 51.023600 N,061 2.198300 W,2.2,179.0,A,DoorSpread,DoorMaster,0.000000,E,S,30291.000000
Tue Sep 16 14:32:39 2025,16-Sep-2025,173245,46 51.022900 N,061 2.198300 W,2.3,179.3,A,Primary,Headline,1.693878,D,P,67519.000000
Tue Sep 16 14:32:40 2025,16-Sep-2025,173246,46 51.022100 N,061 2.198200 W,2.3,179.0,A,Depth,Depth,113.703704,D,S,140320.000000
Tue Sep 16 14:32:40 2025,16-Sep-2025,173247,46 51.021500 N,061 2.198100 W,2.2,178.8,A,Depth,Depth,113.703704,D,S,140320.000000
Tue Sep 16 14:32:42 2025,16-Sep-2025,173248,46 51.021000 N,061 2.198200 W,2.2,179.0,A,DoorSpread,DoorMaster,0.000000,E,S,37678.000000
Tue Sep 16 14:32:42 2025,16-Sep-2025,173249,46 51.020400 N,061 2.198200 W,2.2,179.1,A,DoorSpread,DoorMaster,0.000000,E,S,37678.000000
Tue Sep 16 14:32:44 2025,16-Sep-2025,173250,46 51.019800 N,061 2.198100 W,2.2,179.0,A,Primary,Headline,1.755102,D,S,237273.000000
Tue Sep 16 14:32:44 2025,16-Sep-2025,173251,46 51.019200 N,061 2.198000 W,2.1,178.9,A,Primary,Headline,1.755102,D,S,237273.000000
Tue Sep 16 14:32:44 2025,16-Sep-2025,173252,46 51.018700 N,061 2.198000 W,2.1,179.3,A,Primary,Headline,1.755102,D,S,237273.000000
Tue Sep 16 14:32:47 2025,16-Sep-2025,173253,46 51.018100 N,061 2.197900 W,2.1,179.7,A,DoorSpread,DoorMaster,0.000000,E,P,184367.000000
Tue Sep 16 14:32:48 2025,16-Sep-2025,173254,46 51.017500 N,061 2.197800 W,2.1,179.7,A,Depth,Depth,113.611111,D,S,131736.000000
Tue Sep 16 14:32:49 2025,16-Sep-2025,173255,46 51.017000 N,061 2.197600 W,2.1,179.6,A,Primary,Headline,2.081633,D,S,146151.000000
Tue Sep 16 14:32:49 2025,16-Sep-2025,173256,46 51.016500 N,061 2.197500 W,2.1,179.7,A,Primary,Headline,2.081633,D,S,146151.000000
Tue Sep 16 14:32:49 2025,16-Sep-2025,173257,46 51.015900 N,061 2.197500 W,2.1,180.1,A,Primary,Headline,2.081633,D,S,146151.000000
Tue Sep 16 14:32:52 2025,16-Sep-2025,173258,46 51.015400 N,061 2.197500 W,2.0,180.4,A,DoorSpread,DoorMaster,0.000000,E,S,58301.000000
Tue Sep 16 14:32:52 2025,16-Sep-2025,173259,46 51.015000 N,061 2.197400 W,2.0,180.5,A,DoorSpread,DoorMaster,0.000000,E,S,58301.000000
Tue Sep 16 14:32:54 2025,16-Sep-2025,173300,46 51.014400 N,061 2.197500 W,2.0,180.2,A,Primary,Headline,1.877551,D,S,192195.000000
Tue Sep 16 14:32:55 2025,16-Sep-2025,173301,46 51.013900 N,061 2.197500 W,2.0,180.1,A,Depth,Depth,113.518519,D,P,124063.000000
Tue Sep 16 14:32:55 2025,16-Sep-2025,173302,46 51.013400 N,061 2.197600 W,2.0,179.9,A,Depth,Depth,113.518519,D,P,124063.000000
Tue Sep 16 14:32:57 2025,16-Sep-2025,173303,46 51.012800 N,061 2.197600 W,2.0,179.8,A,DoorSpread,DoorMaster,0.000000,E,S,94343.000000
Tue Sep 16 14:32:57 2025,16-Sep-2025,173304,46 51.012300 N,061 2.197500 W,2.0,180.6,A,DoorSpread,DoorMaster,0.000000,E,S,94343.000000
Tue Sep 16 14:32:59 2025,16-Sep-2025,173305,46 51.011700 N,061 2.197400 W,2.0,181.0,A,Primary,Headline,1.714286,D,S,95166.000000
Tue Sep 16 14:32:59 2025,16-Sep-2025,173306,46 51.011100 N,061 2.197100 W,2.0,180.8,A,Primary,Headline,1.714286,D,S,95166.000000
Tue Sep 16 14:32:59 2025,16-Sep-2025,173307,46 51.010500 N,061 2.196900 W,2.0,180.6,A,Primary,Headline,1.714286,D,S,95166.000000
Tue Sep 16 14:33:02 2025,16-Sep-2025,173308,46 51.009900 N,061 2.196800 W,2.0,180.7,A,Depth,Depth,113.333333,D,P,90407.000000
Tue Sep 16 14:33:02 2025,16-Sep-2025,173309,46 51.009200 N,061 2.196800 W,2.0,181.0,A,Depth,Depth,113.333333,D,P,90407.000000
Tue Sep 16 14:33:04 2025,16-Sep-2025,173310,46 51.008600 N,061 2.196800 W,2.0,180.9,A,Primary,Headline,1.816327,D,S,103098.000000
Tue Sep 16 14:33:04 2025,16-Sep-2025,173311,46 51.008100 N,061 2.196700 W,2.0,180.7,A,Primary,Headline,1.816327,D,S,103098.000000
Tue Sep 16 14:33:04 2025,16-Sep-2025,173312,46 51.007500 N,061 2.196600 W,2.0,180.7,A,Primary,Headline,1.816327,D,S,103098.000000
Tue Sep 16 14:33:07 2025,16-Sep-2025,173313,46 51.006900 N,061 2.196600 W,2.0,180.7,A,DoorSpread,DoorMaster,0.000000,E,P,68373.000000
Tue Sep 16 14:33:07 2025,16-Sep-2025,173314,46 51.006300 N,061 2.196700 W,2.1,180.7,A,DoorSpread,DoorMaster,0.000000,E,P,68373.000000
Tue Sep 16 14:33:09 2025,16-Sep-2025,173315,46 51.005700 N,061 2.196800 W,2.0,180.5,A,Primary,Headline,1.897959,D,S,71078.000000
Tue Sep 16 14:33:10 2025,16-Sep-2025,173316,46 51.005200 N,061 2.196800 W,2.0,180.5,A,Depth,Depth,113.333333,D,S,73728.000000
Tue Sep 16 14:33:10 2025,16-Sep-2025,173317,46 51.004700 N,061 2.196900 W,2.1,180.9,A,Depth,Depth,113.333333,D,S,73728.000000
Tue Sep 16 14:33:12 2025,16-Sep-2025,173318,46 51.004000 N,061 2.196700 W,2.1,180.8,A,DoorSpread,DoorMaster,0.000000,E,P,90054.000000
Tue Sep 16 14:33:12 2025,16-Sep-2025,173319,46 51.003300 N,061 2.196700 W,2.1,180.6,A,DoorSpread,DoorMaster,0.000000,E,P,90054.000000
Tue Sep 16 14:33:14 2025,16-Sep-2025,173320,46 51.002800 N,061 2.196600 W,2.1,180.4,A,Primary,Headline,1.816327,D,P,85414.000000
Tue Sep 16 14:33:14 2025,16-Sep-2025,173321,46 51.002300 N,061 2.196600 W,2.1,180.4,A,Primary,Headline,1.816327,D,P,85414.000000
Tue Sep 16 14:33:14 2025,16-Sep-2025,173322,46 51.001600 N,061 2.196600 W,2.2,180.4,A,Primary,Headline,1.816327,D,P,85414.000000
Tue Sep 16 14:33:17 2025,16-Sep-2025,173323,46 51.000800 N,061 2.196600 W,2.2,180.3,A,Depth,Depth,114.537037,D,S,13620.000000
Tue Sep 16 14:33:17 2025,16-Sep-2025,173324,46 51.000300 N,061 2.196600 W,2.2,180.2,A,Depth,Depth,114.537037,D,S,13620.000000
Tue Sep 16 14:33:19 2025,16-Sep-2025,173325,46 50.999800 N,061 2.196600 W,2.2,180.0,A,Primary,Headline,1.918367,D,P,54217.000000
Tue Sep 16 14:33:19 2025,16-Sep-2025,173326,46 50.999200 N,061 2.196600 W,2.2,179.6,A,Primary,Headline,1.918367,D,P,54217.000000
Tue Sep 16 14:33:19 2025,16-Sep-2025,173327,46 50.998600 N,061 2.196500 W,2.3,179.1,A,Primary,Headline,1.918367,D,P,54217.000000
Tue Sep 16 14:33:22 2025,16-Sep-2025,173328,46 50.998000 N,061 2.196400 W,2.2,178.8,A,DoorSpread,DoorMaster,0.000000,E,P,18978.000000
Tue Sep 16 14:33:22 2025,16-Sep-2025,173329,46 50.997500 N,061 2.196300 W,2.2,178.7,A,DoorSpread,DoorMaster,0.000000,E,P,18978.000000
Tue Sep 16 14:33:24 2025,16-Sep-2025,173330,46 50.997000 N,061 2.196400 W,2.2,178.7,A,Primary,Headline,2.204082,D,S,41667.000000
Tue Sep 16 14:33:25 2025,16-Sep-2025,173331,46 50.996400 N,061 2.196400 W,2.2,178.5,A,Depth,Depth,112.777778,D,S,24560.000000
Tue Sep 16 14:33:25 2025,16-Sep-2025,173332,46 50.995700 N,061 2.196400 W,2.2,178.4,A,Depth,Depth,112.777778,D,S,24560.000000
Tue Sep 16 14:33:27 2025,16-Sep-2025,173333,46 50.995200 N,061 2.196400 W,2.3,178.4,A,DoorSpread,DoorMaster,0.000000,E,P,5893.000000
Tue Sep 16 14:33:27 2025,16-Sep-2025,173334,46 50.994600 N,061 2.196400 W,2.2,178.6,A,DoorSpread,DoorMaster,0.000000,E,P,5893.000000
Tue Sep 16 14:33:29 2025,16-Sep-2025,173335,46 50.993900 N,061 2.196300 W,2.2,178.7,A,Primary,Headline,2.755102,D,S,47646.000000
Tue Sep 16 14:33:29 2025,16-Sep-2025,173336,46 50.993200 N,061 2.196200 W,2.2,178.4,A,Primary,Headline,2.755102,D,S,47646.000000
Tue Sep 16 14:33:29 2025,16-Sep-2025,173337,46 50.992600 N,061 2.196100 W,2.2,178.3,A,Primary,Headline,2.755102,D,S,47646.000000
Tue Sep 16 14:33:32 2025,16-Sep-2025,173338,46 50.991900 N,061 2.196200 W,2.3,178.4,A,Depth,Depth,144.814815,D,P,10696.000000
Tue Sep 16 14:33:32 2025,16-Sep-2025,173339,46 50.991300 N,061 2.196100 W,2.3,178.6,A,Depth,Depth,144.814815,D,P,10696.000000
Tue Sep 16 14:33:34 2025,16-Sep-2025,173340,46 50.990700 N,061 2.196100 W,2.2,178.8,A,Primary,Headline,0.510204,D,P,20607.000000
Tue Sep 16 14:33:34 2025,16-Sep-2025,173341,46 50.990100 N,061 2.196200 W,2.2,179.1,A,Primary,Headline,0.510204,D,P,20607.000000
Tue Sep 16 14:33:34 2025,16-Sep-2025,173342,46 50.989400 N,061 2.196200 W,2.3,179.1,A,Primary,Headline,0.510204,D,P,20607.000000
Tue Sep 16 14:33:37 2025,16-Sep-2025,173343,46 50.988700 N,061 2.196200 W,2.3,178.7,A,DoorSpread,DoorMaster,0.000000,E,S,129310.000000
Tue Sep 16 14:33:37 2025,16-Sep-2025,173344,46 50.988100 N,061 2.196200 W,2.2,178.4,A,DoorSpread,DoorMaster,0.000000,E,S,129310.000000
Tue Sep 16 14:33:37 2025,16-Sep-2025,173345,46 50.987500 N,061 2.196300 W,2.2,178.3,A,DoorSpread,DoorMaster,0.000000,E,S,129310.000000
Tue Sep 16 14:33:40 2025,16-Sep-2025,173346,46 50.986900 N,061 2.196500 W,2.2,179.0,A,Primary,Headline,11.346939,D,S,23783.000000
Tue Sep 16 14:33:40 2025,16-Sep-2025,173347,46 50.986200 N,061 2.196500 W,2.3,179.1,A,Primary,Headline,11.346939,D,S,23783.000000
Tue Sep 16 14:33:42 2025,16-Sep-2025,173348,46 50.985500 N,061 2.196400 W,2.3,178.8,A,DoorSpread,DoorMaster,0.000000,E,S,281397.000000
Tue Sep 16 14:33:42 2025,16-Sep-2025,173349,46 50.984900 N,061 2.196300 W,2.2,178.7,A,DoorSpread,DoorMaster,0.000000,E,S,281397.000000
Tue Sep 16 14:33:42 2025,16-Sep-2025,173350,46 50.984300 N,061 2.196200 W,2.2,178.8,A,DoorSpread,DoorMaster,0.000000,E,S,281397.000000
Tue Sep 16 14:33:44 2025,16-Sep-2025,173351,46 50.983600 N,061 2.196000 W,2.3,178.9,A,Secondary,Headline,0.000000,E,P,16047.000000
Tue Sep 16 14:33:44 2025,16-Sep-2025,173352,46 50.982900 N,061 2.195800 W,2.3,178.8,A,Secondary,Headline,0.000000,E,P,16047.000000
Tue Sep 16 14:33:47 2025,16-Sep-2025,173353,46 50.982300 N,061 2.195700 W,2.2,178.7,A,Depth,Depth,431.481481,D,S,39854.000000
Tue Sep 16 14:33:47 2025,16-Sep-2025,173354,46 50.981800 N,061 2.195600 W,2.1,178.6,A,Depth,Depth,431.481481,D,S,39854.000000
Tue Sep 16 14:33:47 2025,16-Sep-2025,173355,46 50.981100 N,061 2.195400 W,2.2,178.3,A,Depth,Depth,431.481481,D,S,39854.000000
Tue Sep 16 14:33:47 2025,16-Sep-2025,173356,46 50.980400 N,061 2.195400 W,2.3,178.1,A,Depth,Depth,431.481481,D,S,39854.000000
Tue Sep 16 14:33:47 2025,16-Sep-2025,173357,46 50.979800 N,061 2.195400 W,2.2,178.1,A,Depth,Depth,431.481481,D,S,39854.000000
Tue Sep 16 14:33:52 2025,16-Sep-2025,173358,46 50.979300 N,061 2.195400 W,2.1,178.1,A,DoorSpread,DoorMaster,0.000000,E,P,61001.000000
Tue Sep 16 14:33:52 2025,16-Sep-2025,173359,46 50.978700 N,061 2.195400 W,2.1,178.1,A,DoorSpread,DoorMaster,0.000000,E,P,61001.000000
Tue Sep 16 14:33:52 2025,16-Sep-2025,173400,46 50.978000 N,061 2.195400 W,2.2,178.0,A,DoorSpread,DoorMaster,0.000000,E,P,61001.000000
Tue Sep 16 14:33:52 2025,16-Sep-2025,173401,46 50.977400 N,061 2.195400 W,2.2,178.1,A,DoorSpread,DoorMaster,0.000000,E,P,61001.000000
Tue Sep 16 14:33:52 2025,16-Sep-2025,173402,46 50.976800 N,061 2.195300 W,2.2,178.0,A,DoorSpread,DoorMaster,0.000000,E,P,61001.000000
Tue Sep 16 14:33:57 2025,16-Sep-2025,173403,46 50.976300 N,061 2.195200 W,2.1,177.8,A,DoorSpread,DoorMaster,0.000000,E,P,48592.000000
Tue Sep 16 14:33:57 2025,16-Sep-2025,173404,46 50.975800 N,061 2.195200 W,2.2,177.9,A,DoorSpread,DoorMaster,0.000000,E,P,48592.000000
Tue Sep 16 14:33:57 2025,16-Sep-2025,173405,46 50.975100 N,061 2.195100 W,2.2,177.7,A,DoorSpread,DoorMaster,0.000000,E,P,48592.000000
Tue Sep 16 14:33:57 2025,16-Sep-2025,173406,46 50.974300 N,061 2.194900 W,2.2,177.4,A,DoorSpread,DoorMaster,0.000000,E,P,48592.000000
Tue Sep 16 14:33:57 2025,16-Sep-2025,173407,46 50.973600 N,061 2.194700 W,2.2,177.3,A,DoorSpread,DoorMaster,0.000000,E,P,48592.000000
Tue Sep 16 14:34:02 2025,16-Sep-2025,173408,46 50.973000 N,061 2.194700 W,2.2,177.9,A,DoorSpread,DoorMaster,0.000000,E,P,36910.000000
Tue Sep 16 14:34:02 2025,16-Sep-2025,173409,46 50.972400 N,061 2.194800 W,2.3,178.3,A,DoorSpread,DoorMaster,0.000000,E,S,7501.000000
Tue Sep 16 14:34:02 2025,16-Sep-2025,173410,46 50.971700 N,061 2.194700 W,2.3,178.2,A,DoorSpread,DoorMaster,0.000000,E,S,7501.000000
Tue Sep 16 14:34:02 2025,16-Sep-2025,173411,46 50.971200 N,061 2.194600 W,2.2,178.1,A,DoorSpread,DoorMaster,0.000000,E,S,7501.000000
Tue Sep 16 14:34:02 2025,16-Sep-2025,173412,46 50.970700 N,061 2.194700 W,2.2,178.5,A,DoorSpread,DoorMaster,0.000000,E,S,7501.000000
Tue Sep 16 14:34:02 2025,16-Sep-2025,173413,46 50.970000 N,061 2.194700 W,2.2,178.8,A,DoorSpread,DoorMaster,0.000000,E,S,7501.000000
Tue Sep 16 14:34:07 2025,16-Sep-2025,173414,46 50.969400 N,061 2.194600 W,2.2,178.9,A,DoorSpread,DoorMaster,0.000000,E,P,27516.000000
Tue Sep 16 14:34:07 2025,16-Sep-2025,173415,46 50.968800 N,061 2.194500 W,2.2,179.1,A,DoorSpread,DoorMaster,0.000000,E,P,27516.000000
Tue Sep 16 14:34:07 2025,16-Sep-2025,173416,46 50.968200 N,061 2.194600 W,2.2,179.2,A,DoorSpread,DoorMaster,0.000000,E,P,27516.000000
Tue Sep 16 14:34:07 2025,16-Sep-2025,173417,46 50.967700 N,061 2.194600 W,2.2,179.2,A,DoorSpread,DoorMaster,0.000000,E,P,27516.000000
Tue Sep 16 14:34:07 2025,16-Sep-2025,173418,46 50.967200 N,061 2.194500 W,2.2,178.9,A,DoorSpread,DoorMaster,0.000000,E,P,27516.000000
Tue Sep 16 14:34:12 2025,16-Sep-2025,173419,46 50.966600 N,061 2.194600 W,2.2,178.8,A,DoorSpread,DoorMaster,0.000000,E,P,22934.000000
Tue Sep 16 14:34:12 2025,16-Sep-2025,173420,46 50.966100 N,061 2.194600 W,2.2,179.1,A,DoorSpread,DoorMaster,0.000000,E,P,22934.000000
Tue Sep 16 14:34:12 2025,16-Sep-2025,173421,46 50.965500 N,061 2.194600 W,2.2,179.3,A,DoorSpread,DoorMaster,0.000000,E,P,22934.000000
Tue Sep 16 14:34:12 2025,16-Sep-2025,173422,46 50.964900 N,061 2.194400 W,2.2,179.1,A,DoorSpread,DoorMaster,0.000000,E,P,22934.000000
Tue Sep 16 14:34:17 2025,16-Sep-2025,173423,46 50.964400 N,061 2.194200 W,2.2,178.8,A,DoorSpread,DoorMaster,0.000000,E,P,50182.000000
Tue Sep 16 14:34:17 2025,16-Sep-2025,173424,46 50.963800 N,061 2.194100 W,2.2,179.1,A,DoorSpread,DoorMaster,0.000000,E,P,50182.000000
Tue Sep 16 14:34:17 2025,16-Sep-2025,173425,46 50.963300 N,061 2.194000 W,2.2,179.4,A,DoorSpread,DoorMaster,0.000000,E,P,50182.000000
Tue Sep 16 14:34:17 2025,16-Sep-2025,173426,46 50.962700 N,061 2.193900 W,2.2,179.3,A,DoorSpread,DoorMaster,0.000000,E,P,50182.000000
Tue Sep 16 14:34:17 2025,16-Sep-2025,173427,46 50.962200 N,061 2.193900 W,2.2,179.3,A,DoorSpread,DoorMaster,0.000000,E,P,50182.000000
Tue Sep 16 14:34:22 2025,16-Sep-2025,173428,46 50.961600 N,061 2.194100 W,2.2,179.4,A,DoorSpread,DoorMaster,0.000000,E,P,134500.000000
Tue Sep 16 14:34:22 2025,16-Sep-2025,173429,46 50.961000 N,061 2.194200 W,2.2,179.4,A,DoorSpread,DoorMaster,0.000000,E,S,210578.000000
Tue Sep 16 14:34:22 2025,16-Sep-2025,173430,46 50.960500 N,061 2.194200 W,2.2,179.2,A,DoorSpread,DoorMaster,0.000000,E,S,210578.000000
Tue Sep 16 14:34:22 2025,16-Sep-2025,173431,46 50.959900 N,061 2.194200 W,2.1,179.0,A,DoorSpread,DoorMaster,0.000000,E,S,210578.000000
Tue Sep 16 14:34:22 2025,16-Sep-2025,173432,46 50.959500 N,061 2.194200 W,2.1,179.1,A,DoorSpread,DoorMaster,0.000000,E,S,210578.000000
Tue Sep 16 14:34:22 2025,16-Sep-2025,173433,46 50.959000 N,061 2.194300 W,2.2,179.1,A,DoorSpread,DoorMaster,0.000000,E,S,210578.000000
Tue Sep 16 14:34:27 2025,16-Sep-2025,173434,46 50.958500 N,061 2.194500 W,2.2,179.3,A,DoorSpread,DoorMaster,0.000000,E,S,231477.000000
Tue Sep 16 14:34:27 2025,16-Sep-2025,173435,46 50.957900 N,061 2.194500 W,2.2,179.4,A,DoorSpread,DoorMaster,0.000000,E,S,231477.000000
Tue Sep 16 14:34:27 2025,16-Sep-2025,173436,46 50.957300 N,061 2.194400 W,2.2,178.9,A,DoorSpread,DoorMaster,0.000000,E,S,231477.000000
Tue Sep 16 14:34:27 2025,16-Sep-2025,173437,46 50.956600 N,061 2.194400 W,2.2,178.4,A,DoorSpread,DoorMaster,0.000000,E,S,231477.000000
Tue Sep 16 14:34:32 2025,16-Sep-2025,173438,46 50.955900 N,061 2.194400 W,2.2,178.3,A,DoorSpread,DoorMaster,0.000000,E,P,65257.000000
Tue Sep 16 14:34:32 2025,16-Sep-2025,173439,46 50.955300 N,061 2.194500 W,2.2,178.6,A,DoorSpread,DoorMaster,0.000000,E,P,65257.000000
Tue Sep 16 14:34:32 2025,16-Sep-2025,173440,46 50.954600 N,061 2.194500 W,2.2,178.6,A,DoorSpread,DoorMaster,0.000000,E,P,65257.000000
Tue Sep 16 14:34:32 2025,16-Sep-2025,173441,46 50.953800 N,061 2.194400 W,2.2,178.4,A,DoorSpread,DoorMaster,0.000000,E,P,65257.000000
Tue Sep 16 14:34:32 2025,16-Sep-2025,173442,46 50.953100 N,061 2.194400 W,2.2,178.4,A,DoorSpread,DoorMaster,0.000000,E,P,65257.000000
Tue Sep 16 14:34:32 2025,16-Sep-2025,173443,46 50.952400 N,061 2.194500 W,2.2,178.6,A,DoorSpread,DoorMaster,0.000000,E,P,65257.000000
Tue Sep 16 14:34:37 2025,16-Sep-2025,173444,46 50.951700 N,061 2.194500 W,2.3,178.6,A,DoorSpread,DoorMaster,0.000000,E,P,79507.000000
Tue Sep 16 14:34:37 2025,16-Sep-2025,173445,46 50.951100 N,061 2.194400 W,2.2,178.5,A,DoorSpread,DoorMaster,0.000000,E,P,79507.000000
Tue Sep 16 14:34:37 2025,16-Sep-2025,173446,46 50.950400 N,061 2.194300 W,2.2,178.3,A,DoorSpread,DoorMaster,0.000000,E,P,79507.000000
Tue Sep 16 14:34:37 2025,16-Sep-2025,173447,46 50.949700 N,061 2.194200 W,2.3,178.0,A,DoorSpread,DoorMaster,0.000000,E,P,79507.000000
Tue Sep 16 14:34:37 2025,16-Sep-2025,173448,46 50.948900 N,061 2.194200 W,2.3,178.0,A,DoorSpread,DoorMaster,0.000000,E,P,79507.000000
Tue Sep 16 14:34:43 2025,16-Sep-2025,173449,46 50.948200 N,061 2.194200 W,2.3,178.4,A,DoorSpread,DoorMaster,0.000000,E,S,86462.000000
Tue Sep 16 14:34:43 2025,16-Sep-2025,173450,46 50.947600 N,061 2.194100 W,2.3,178.3,A,DoorSpread,DoorMaster,0.000000,E,S,86462.000000
Tue Sep 16 14:34:43 2025,16-Sep-2025,173451,46 50.947100 N,061 2.194000 W,2.3,177.7,A,DoorSpread,DoorMaster,0.000000,E,S,86462.000000
Tue Sep 16 14:34:43 2025,16-Sep-2025,173452,46 50.946400 N,061 2.194000 W,2.3,177.3,A,DoorSpread,DoorMaster,0.000000,E,S,86462.000000
Tue Sep 16 14:34:43 2025,16-Sep-2025,173453,46 50.945800 N,061 2.194100 W,2.3,177.5,A,DoorSpread,DoorMaster,0.000000,E,S,86462.000000
Tue Sep 16 14:34:48 2025,16-Sep-2025,173454,46 50.945100 N,061 2.194000 W,2.3,177.8,A,DoorSpread,DoorMaster,0.000000,E,S,146046.000000
Tue Sep 16 14:34:48 2025,16-Sep-2025,173455,46 50.944500 N,061 2.193800 W,2.3,177.7,A,DoorSpread,DoorMaster,0.000000,E,S,146046.000000
Tue Sep 16 14:34:48 2025,16-Sep-2025,173456,46 50.943900 N,061 2.193500 W,2.3,177.4,A,DoorSpread,DoorMaster,0.000000,E,S,146046.000000
Tue Sep 16 14:34:48 2025,16-Sep-2025,173457,46 50.943200 N,061 2.193400 W,2.3,177.2,A,DoorSpread,DoorMaster,0.000000,E,S,146046.000000
Tue Sep 16 14:34:48 2025,16-Sep-2025,173458,46 50.942600 N,061 2.193300 W,2.3,177.3,A,DoorSpread,DoorMaster,0.000000,E,S,146046.000000
Tue Sep 16 14:34:53 2025,16-Sep-2025,173459,46 50.942000 N,061 2.193200 W,2.3,177.5,A,DoorSpread,DoorMaster,0.000000,E,S,83956.000000
Tue Sep 16 14:34:53 2025,16-Sep-2025,173500,46 50.941500 N,061 2.193100 W,2.2,177.6,A,DoorSpread,DoorMaster,0.000000,E,S,83956.000000
Tue Sep 16 14:34:53 2025,16-Sep-2025,173501,46 50.941000 N,061 2.193100 W,2.3,177.8,A,DoorSpread,DoorMaster,0.000000,E,S,83956.000000
Tue Sep 16 14:34:53 2025,16-Sep-2025,173502,46 50.940400 N,061 2.193100 W,2.2,177.9,A,DoorSpread,DoorMaster,0.000000,E,S,83956.000000
Tue Sep 16 14:34:53 2025,16-Sep-2025,173503,46 50.939900 N,061 2.192900 W,2.2,177.8,A,DoorSpread,DoorMaster,0.000000,E,S,83956.000000
Tue Sep 16 14:34:58 2025,16-Sep-2025,173504,46 50.939400 N,061 2.192900 W,2.2,177.5,A,DoorSpread,DoorMaster,0.000000,E,P,27163.000000
Tue Sep 16 14:34:58 2025,16-Sep-2025,173505,46 50.938800 N,061 2.193000 W,2.2,177.7,A,DoorSpread,DoorMaster,0.000000,E,P,27163.000000
Tue Sep 16 14:34:58 2025,16-Sep-2025,173506,46 50.938200 N,061 2.193200 W,2.2,178.1,A,DoorSpread,DoorMaster,0.000000,E,P,27163.000000
Tue Sep 16 14:34:58 2025,16-Sep-2025,173507,46 50.937600 N,061 2.193200 W,2.2,178.2,A,DoorSpread,DoorMaster,0.000000,E,P,27163.000000
Tue Sep 16 14:34:58 2025,16-Sep-2025,173508,46 50.937100 N,061 2.193200 W,2.1,178.1,A,DoorSpread,DoorMaster,0.000000,E,P,27163.000000
Tue Sep 16 14:35:03 2025,16-Sep-2025,173509,46 50.936400 N,061 2.193300 W,2.1,178.1,A,DoorSpread,DoorMaster,0.000000,E,P,12383.000000
Tue Sep 16 14:35:03 2025,16-Sep-2025,173510,46 50.935800 N,061 2.193300 W,2.1,178.0,A,DoorSpread,DoorMaster,0.000000,E,P,12383.000000
Tue Sep 16 14:35:03 2025,16-Sep-2025,173511,46 50.935100 N,061 2.193300 W,2.1,178.1,A,DoorSpread,DoorMaster,0.000000,E,P,12383.000000
Tue Sep 16 14:35:03 2025,16-Sep-2025,173512,46 50.934500 N,061 2.193300 W,2.1,178.2,A,DoorSpread,DoorMaster,0.000000,E,P,12383.000000
Tue Sep 16 14:35:03 2025,16-Sep-2025,173513,46 50.933900 N,061 2.193200 W,2.0,178.2,A,DoorSpread,DoorMaster,0.000000,E,P,12383.000000
Tue Sep 16 14:35:08 2025,16-Sep-2025,173514,46 50.933400 N,061 2.193200 W,2.0,178.3,A,DoorSpread,DoorMaster,0.000000,E,S,44987.000000
Tue Sep 16 14:35:08 2025,16-Sep-2025,173515,46 50.932800 N,061 2.193100 W,2.1,178.3,A,DoorSpread,DoorMaster,0.000000,E,S,44987.000000
Tue Sep 16 14:35:08 2025,16-Sep-2025,173516,46 50.932100 N,061 2.193200 W,2.1,178.2,A,DoorSpread,DoorMaster,0.000000,E,S,44987.000000
Tue Sep 16 14:35:08 2025,16-Sep-2025,173517,46 50.931600 N,061 2.193100 W,2.0,177.9,A,DoorSpread,DoorMaster,0.000000,E,S,44987.000000
Tue Sep 16 14:35:08 2025,16-Sep-2025,173518,46 50.931100 N,061 2.193200 W,1.9,177.8,A,DoorSpread,DoorMaster,0.000000,E,S,44987.000000
Tue Sep 16 14:35:13 2025,16-Sep-2025,173519,46 50.930500 N,061 2.193300 W,2.0,178.5,A,DoorSpread,DoorMaster,0.000000,E,P,6698.000000
Tue Sep 16 14:35:13 2025,16-Sep-2025,173520,46 50.929800 N,061 2.193100 W,2.1,178.7,A,DoorSpread,DoorMaster,0.000000,E,P,6698.000000
Tue Sep 16 14:35:13 2025,16-Sep-2025,173521,46 50.929300 N,061 2.192900 W,2.0,178.6,A,DoorSpread,DoorMaster,0.000000,E,P,6698.000000
Tue Sep 16 14:35:13 2025,16-Sep-2025,173522,46 50.928800 N,061 2.192800 W,1.9,178.5,A,DoorSpread,DoorMaster,0.000000,E,P,6698.000000
Tue Sep 16 14:35:13 2025,16-Sep-2025,173523,46 50.928200 N,061 2.192600 W,1.9,178.7,A,DoorSpread,DoorMaster,0.000000,E,P,6698.000000
Tue Sep 16 14:35:18 2025,16-Sep-2025,173524,46 50.927700 N,061 2.192300 W,2.0,178.7,A,DoorSpread,DoorMaster,0.000000,E,S,180462.000000
Tue Sep 16 14:35:18 2025,16-Sep-2025,173525,46 50.927100 N,061 2.192100 W,2.0,178.5,A,DoorSpread,DoorMaster,0.000000,E,S,180462.000000
Tue Sep 16 14:35:18 2025,16-Sep-2025,173526,46 50.926600 N,061 2.192000 W,2.0,178.6,A,DoorSpread,DoorMaster,0.000000,E,S,180462.000000
Tue Sep 16 14:35:18 2025,16-Sep-2025,173527,46 50.925900 N,061 2.191800 W,2.0,178.7,A,DoorSpread,DoorMaster,0.000000,E,S,180462.000000
Tue Sep 16 14:35:18 2025,16-Sep-2025,173528,46 50.925300 N,061 2.191800 W,2.0,178.4,A,DoorSpread,DoorMaster,0.000000,E,S,180462.000000
Tue Sep 16 14:35:23 2025,16-Sep-2025,173529,46 50.924600 N,061 2.191800 W,2.0,178.1,A,DoorSpread,DoorMaster,0.000000,E,S,56219.000000
Tue Sep 16 14:35:23 2025,16-Sep-2025,173530,46 50.923900 N,061 2.191900 W,2.1,178.6,A,DoorSpread,DoorMaster,0.000000,E,S,56219.000000
Tue Sep 16 14:35:23 2025,16-Sep-2025,173531,46 50.923400 N,061 2.192000 W,2.1,178.8,A,DoorSpread,DoorMaster,0.000000,E,S,56219.000000
Tue Sep 16 14:35:23 2025,16-Sep-2025,173532,46 50.922800 N,061 2.192100 W,2.1,178.3,A,DoorSpread,DoorMaster,0.000000,E,S,56219.000000
Tue Sep 16 14:35:23 2025,16-Sep-2025,173533,46 50.922300 N,061 2.192000 W,2.1,178.0,A,DoorSpread,DoorMaster,0.000000,E,S,56219.000000
Tue Sep 16 14:35:28 2025,16-Sep-2025,173534,46 50.921600 N,061 2.192000 W,2.2,178.0,A,DoorSpread,DoorMaster,0.000000,E,S,99172.000000
Tue Sep 16 14:35:28 2025,16-Sep-2025,173535,46 50.920900 N,061 2.191800 W,2.1,177.6,A,DoorSpread,DoorMaster,0.000000,E,S,99172.000000
Tue Sep 16 14:35:28 2025,16-Sep-2025,173536,46 50.920400 N,061 2.191600 W,2.1,177.3,A,DoorSpread,DoorMaster,0.000000,E,S,99172.000000
Tue Sep 16 14:35:28 2025,16-Sep-2025,173537,46 50.919800 N,061 2.191400 W,2.1,177.2,A,DoorSpread,DoorMaster,0.000000,E,S,99172.000000
Tue Sep 16 14:35:28 2025,16-Sep-2025,173538,46 50.919200 N,061 2.191500 W,2.2,177.1,A,DoorSpread,DoorMaster,0.000000,E,S,99172.000000
Tue Sep 16 14:35:33 2025,16-Sep-2025,173539,46 50.918700 N,061 2.191500 W,2.2,177.1,A,DoorSpread,DoorMaster,0.000000,E,S,73889.000000
Tue Sep 16 14:35:33 2025,16-Sep-2025,173540,46 50.918200 N,061 2.191400 W,2.2,177.1,A,DoorSpread,DoorMaster,0.000000,E,S,73889.000000
Tue Sep 16 14:35:33 2025,16-Sep-2025,173541,46 50.917600 N,061 2.191400 W,2.2,177.1,A,DoorSpread,DoorMaster,0.000000,E,S,73889.000000
Tue Sep 16 14:35:33 2025,16-Sep-2025,173542,46 50.917100 N,061 2.191300 W,2.1,177.1,A,DoorSpread,DoorMaster,0.000000,E,S,73889.000000
Tue Sep 16 14:35:33 2025,16-Sep-2025,173543,46 50.916500 N,061 2.191400 W,2.2,177.2,A,DoorSpread,DoorMaster,0.000000,E,S,73889.000000
Tue Sep 16 14:35:38 2025,16-Sep-2025,173544,46 50.916000 N,061 2.191400 W,2.2,177.3,A,DoorSpread,DoorMaster,0.000000,E,S,212878.000000
Tue Sep 16 14:35:38 2025,16-Sep-2025,173545,46 50.915400 N,061 2.191400 W,2.2,177.0,A,DoorSpread,DoorMaster,0.000000,E,S,212878.000000
Tue Sep 16 14:35:38 2025,16-Sep-2025,173546,46 50.914800 N,061 2.191300 W,2.2,176.9,A,DoorSpread,DoorMaster,0.000000,E,S,212878.000000
Tue Sep 16 14:35:38 2025,16-Sep-2025,173547,46 50.914200 N,061 2.191500 W,2.2,177.6,A,DoorSpread,DoorMaster,0.000000,E,S,212878.000000
Tue Sep 16 14:35:38 2025,16-Sep-2025,173548,46 50.913500 N,061 2.191600 W,2.3,178.3,A,DoorSpread,DoorMaster,0.000000,E,S,212878.000000
Tue Sep 16 14:35:43 2025,16-Sep-2025,173549,46 50.912800 N,061 2.191400 W,2.3,178.3,A,DoorSpread,DoorMaster,0.000000,E,P,149761.000000
Tue Sep 16 14:35:43 2025,16-Sep-2025,173550,46 50.912200 N,061 2.191100 W,2.3,178.0,A,DoorSpread,DoorMaster,0.000000,E,P,149761.000000
Tue Sep 16 14:35:43 2025,16-Sep-2025,173551,46 50.911600 N,061 2.191000 W,2.3,177.8,A,DoorSpread,DoorMaster,0.000000,E,P,149761.000000
Tue Sep 16 14:35:43 2025,16-Sep-2025,173552,46 50.910900 N,061 2.190900 W,2.3,178.1,A,DoorSpread,DoorMaster,0.000000,E,P,149761.000000
Tue Sep 16 14:35:43 2025,16-Sep-2025,173553,46 50.910100 N,061 2.190900 W,2.3,178.5,A,DoorSpread,DoorMaster,0.000000,E,P,149761.000000
Tue Sep 16 14:35:48 2025,16-Sep-2025,173554,46 50.909400 N,061 2.190800 W,2.3,178.6,A,DoorSpread,DoorMaster,0.000000,E,P,66519.000000
Tue Sep 16 14:35:48 2025,16-Sep-2025,173555,46 50.908700 N,061 2.190500 W,2.3,178.3,A,DoorSpread,DoorMaster,0.000000,E,P,66519.000000
Tue Sep 16 14:35:48 2025,16-Sep-2025,173556,46 50.908000 N,061 2.190200 W,2.3,178.0,A,DoorSpread,DoorMaster,0.000000,E,P,66519.000000
Tue Sep 16 14:35:48 2025,16-Sep-2025,173557,46 50.907400 N,061 2.190200 W,2.3,178.1,A,DoorSpread,DoorMaster,0.000000,E,P,66519.000000
Tue Sep 16 14:35:48 2025,16-Sep-2025,173558,46 50.906700 N,061 2.190200 W,2.3,178.8,A,DoorSpread,DoorMaster,0.000000,E,P,66519.000000
Tue Sep 16 14:35:53 2025,16-Sep-2025,173559,46 50.906100 N,061 2.190200 W,2.3,179.1,A,DoorSpread,DoorMaster,0.000000,E,P,40240.000000
Tue Sep 16 14:35:53 2025,16-Sep-2025,173600,46 50.905500 N,061 2.190000 W,2.3,179.0,A,DoorSpread,DoorMaster,0.000000,E,P,40240.000000
Tue Sep 16 14:35:53 2025,16-Sep-2025,173601,46 50.905000 N,061 2.189800 W,2.3,178.8,A,DoorSpread,DoorMaster,0.000000,E,P,40240.000000
Tue Sep 16 14:35:53 2025,16-Sep-2025,173602,46 50.904500 N,061 2.189600 W,2.3,178.9,A,DoorSpread,DoorMaster,0.000000,E,P,40240.000000
Tue Sep 16 14:35:53 2025,16-Sep-2025,173603,46 50.903800 N,061 2.189700 W,2.3,179.1,A,DoorSpread,DoorMaster,0.000000,E,P,40240.000000
Tue Sep 16 14:35:58 2025,16-Sep-2025,173604,46 50.903200 N,061 2.189700 W,2.3,179.0,A,DoorSpread,DoorMaster,0.000000,E,P,45812.000000
Tue Sep 16 14:35:58 2025,16-Sep-2025,173605,46 50.902600 N,061 2.189700 W,2.2,178.8,A,DoorSpread,DoorMaster,0.000000,E,P,45812.000000
Tue Sep 16 14:35:58 2025,16-Sep-2025,173606,46 50.902100 N,061 2.189600 W,2.2,178.7,A,DoorSpread,DoorMaster,0.000000,E,P,45812.000000
Tue Sep 16 14:35:58 2025,16-Sep-2025,173607,46 50.901600 N,061 2.189500 W,2.2,178.3,A,DoorSpread,DoorMaster,0.000000,E,P,45812.000000
Tue Sep 16 14:35:58 2025,16-Sep-2025,173608,46 50.901000 N,061 2.189400 W,2.1,178.0,A,DoorSpread,DoorMaster,0.000000,E,P,45812.000000
Tue Sep 16 14:36:03 2025,16-Sep-2025,173609,46 50.900400 N,061 2.189300 W,2.2,178.4,A,DoorSpread,DoorMaster,0.000000,E,S,95727.000000
Tue Sep 16 14:36:03 2025,16-Sep-2025,173610,46 50.899800 N,061 2.189300 W,2.2,178.8,A,DoorSpread,DoorMaster,0.000000,E,S,95727.000000
Tue Sep 16 14:36:03 2025,16-Sep-2025,173611,46 50.899300 N,061 2.189200 W,2.1,178.9,A,DoorSpread,DoorMaster,0.000000,E,S,95727.000000
Tue Sep 16 14:36:03 2025,16-Sep-2025,173612,46 50.898800 N,061 2.189000 W,2.1,178.7,A,DoorSpread,DoorMaster,0.000000,E,S,95727.000000
Tue Sep 16 14:36:03 2025,16-Sep-2025,173613,46 50.898300 N,061 2.189000 W,2.1,178.6,A,DoorSpread,DoorMaster,0.000000,E,S,95727.000000
Tue Sep 16 14:36:08 2025,16-Sep-2025,173614,46 50.897700 N,061 2.189100 W,2.1,178.6,A,DoorSpread,DoorMaster,0.000000,E,P,62795.000000
Tue Sep 16 14:36:08 2025,16-Sep-2025,173615,46 50.897200 N,061 2.189100 W,2.0,178.5,A,DoorSpread,DoorMaster,0.000000,E,P,62795.000000
Tue Sep 16 14:36:08 2025,16-Sep-2025,173616,46 50.896700 N,061 2.189100 W,2.0,178.4,A,DoorSpread,DoorMaster,0.000000,E,P,62795.000000
Tue Sep 16 14:36:08 2025,16-Sep-2025,173617,46 50.896100 N,061 2.189200 W,2.1,178.2,A,DoorSpread,DoorMaster,0.000000,E,P,62795.000000
Tue Sep 16 14:36:08 2025,16-Sep-2025,173618,46 50.895500 N,061 2.189300 W,2.1,178.1,A,DoorSpread,DoorMaster,0.000000,E,P,62795.000000
Tue Sep 16 14:36:13 2025,16-Sep-2025,173619,46 50.895000 N,061 2.189400 W,2.0,178.1,A,DoorSpread,DoorMaster,0.000000,E,S,62673.000000
Tue Sep 16 14:36:13 2025,16-Sep-2025,173620,46 50.894500 N,061 2.189500 W,2.0,177.9,A,DoorSpread,DoorMaster,0.000000,E,S,62673.000000
Tue Sep 16 14:36:13 2025,16-Sep-2025,173621,46 50.893800 N,061 2.189500 W,2.0,177.7,A,DoorSpread,DoorMaster,0.000000,E,S,62673.000000
Tue Sep 16 14:36:13 2025,16-Sep-2025,173622,46 50.893200 N,061 2.189600 W,2.0,177.4,A,DoorSpread,DoorMaster,0.000000,E,S,62673.000000
Tue Sep 16 14:36:13 2025,16-Sep-2025,173623,46 50.892700 N,061 2.189600 W,2.0,177.1,A,DoorSpread,DoorMaster,0.000000,E,S,62673.000000
Tue Sep 16 14:36:18 2025,16-Sep-2025,173624,46 50.892200 N,061 2.189500 W,2.0,176.7,A,DoorSpread,DoorMaster,0.000000,E,P,60829.000000
Tue Sep 16 14:36:18 2025,16-Sep-2025,173625,46 50.891700 N,061 2.189600 W,2.1,176.8,A,DoorSpread,DoorMaster,0.000000,E,P,60829.000000
Tue Sep 16 14:36:18 2025,16-Sep-2025,173626,46 50.891100 N,061 2.189600 W,2.1,177.0,A,DoorSpread,DoorMaster,0.000000,E,P,60829.000000
Tue Sep 16 14:36:18 2025,16-Sep-2025,173627,46 50.890600 N,061 2.189400 W,2.1,176.9,A,DoorSpread,DoorMaster,0.000000,E,P,60829.000000
Tue Sep 16 14:36:18 2025,16-Sep-2025,173628,46 50.890100 N,061 2.189200 W,2.0,176.6,A,DoorSpread,DoorMaster,0.000000,E,P,60829.000000
Tue Sep 16 14:36:23 2025,16-Sep-2025,173629,46 50.889600 N,061 2.189100 W,2.1,176.9,A,DoorSpread,DoorMaster,0.000000,E,S,132754.000000
Tue Sep 16 14:36:23 2025,16-Sep-2025,173630,46 50.888900 N,061 2.189100 W,2.1,177.9,A,DoorSpread,DoorMaster,0.000000,E,S,132754.000000
Tue Sep 16 14:36:23 2025,16-Sep-2025,173631,46 50.888200 N,061 2.189100 W,2.1,178.4,A,DoorSpread,DoorMaster,0.000000,E,S,132754.000000
Tue Sep 16 14:36:23 2025,16-Sep-2025,173632,46 50.887600 N,061 2.188900 W,2.1,178.5,A,DoorSpread,DoorMaster,0.000000,E,S,132754.000000
Tue Sep 16 14:36:23 2025,16-Sep-2025,173633,46 50.886900 N,061 2.188800 W,2.1,178.4,A,DoorSpread,DoorMaster,0.000000,E,S,132754.000000
Tue Sep 16 14:36:28 2025,16-Sep-2025,173634,46 50.886300 N,061 2.188700 W,2.2,178.2,A,DoorSpread,DoorMaster,0.000000,E,P,67214.000000
Tue Sep 16 14:36:28 2025,16-Sep-2025,173635,46 50.885700 N,061 2.188700 W,2.2,178.0,A,DoorSpread,DoorMaster,0.000000,E,P,67214.000000
Tue Sep 16 14:36:28 2025,16-Sep-2025,173636,46 50.885000 N,061 2.188600 W,2.2,177.9,A,DoorSpread,DoorMaster,0.000000,E,P,67214.000000
Tue Sep 16 14:36:28 2025,16-Sep-2025,173637,46 50.884400 N,061 2.188600 W,2.2,178.1,A,DoorSpread,DoorMaster,0.000000,E,P,67214.000000
Tue Sep 16 14:36:28 2025,16-Sep-2025,173638,46 50.883800 N,061 2.188600 W,2.2,177.3,A,DoorSpread,DoorMaster,0.000000,E,P,67214.000000
Tue Sep 16 14:36:33 2025,16-Sep-2025,173639,46 50.883200 N,061 2.188400 W,2.3,176.3,A,DoorSpread,DoorMaster,0.000000,E,S,174785.000000
Tue Sep 16 14:36:33 2025,16-Sep-2025,173640,46 50.882600 N,061 2.188400 W,2.2,175.9,A,DoorSpread,DoorMaster,0.000000,E,S,174785.000000
Tue Sep 16 14:36:33 2025,16-Sep-2025,173641,46 50.881900 N,061 2.188400 W,2.2,176.0,A,DoorSpread,DoorMaster,0.000000,E,S,174785.000000
Tue Sep 16 14:36:33 2025,16-Sep-2025,173642,46 50.881300 N,061 2.188400 W,2.3,176.2,A,DoorSpread,DoorMaster,0.000000,E,S,174785.000000
Tue Sep 16 14:36:33 2025,16-Sep-2025,173643,46 50.880500 N,061 2.188400 W,2.4,176.0,A,DoorSpread,DoorMaster,0.000000,E,S,174785.000000
Tue Sep 16 14:36:38 2025,16-Sep-2025,173644,46 50.879800 N,061 2.188300 W,2.4,175.6,A,DoorSpread,DoorMaster,0.000000,E,P,136139.000000
Tue Sep 16 14:36:38 2025,16-Sep-2025,173645,46 50.879100 N,061 2.188300 W,2.4,175.4,A,DoorSpread,DoorMaster,0.000000,E,P,136139.000000
Tue Sep 16 14:36:38 2025,16-Sep-2025,173646,46 50.878300 N,061 2.188400 W,2.6,175.7,A,DoorSpread,DoorMaster,0.000000,E,P,136139.000000
Tue Sep 16 14:36:38 2025,16-Sep-2025,173647,46 50.877300 N,061 2.188500 W,2.7,176.8,A,DoorSpread,DoorMaster,0.000000,E,P,136139.000000
Tue Sep 16 14:36:38 2025,16-Sep-2025,173648,46 50.876300 N,061 2.188600 W,2.9,177.1,A,DoorSpread,DoorMaster,0.000000,E,P,136139.000000
Tue Sep 16 14:36:43 2025,16-Sep-2025,173649,46 50.875200 N,061 2.188400 W,3.0,176.6,A,DoorSpread,DoorMaster,0.000000,E,P,62336.000000
Tue Sep 16 14:36:43 2025,16-Sep-2025,173650,46 50.874100 N,061 2.188300 W,3.1,176.5,A,DoorSpread,DoorMaster,0.000000,E,P,62336.000000
Tue Sep 16 14:36:43 2025,16-Sep-2025,173651,46 50.872900 N,061 2.188100 W,3.2,176.7,A,DoorSpread,DoorMaster,0.000000,E,P,62336.000000
Tue Sep 16 14:36:43 2025,16-Sep-2025,173652,46 50.871800 N,061 2.188000 W,3.3,176.9,A,DoorSpread,DoorMaster,0.000000,E,P,62336.000000
Tue Sep 16 14:36:43 2025,16-Sep-2025,173653,46 50.870700 N,061 2.187900 W,3.4,177.0,A,DoorSpread,DoorMaster,0.000000,E,P,62336.000000
Tue Sep 16 14:36:48 2025,16-Sep-2025,173654,46 50.869500 N,061 2.187800 W,3.6,176.8,A,DoorSpread,DoorMaster,0.000000,E,S,228843.000000
Tue Sep 16 14:36:48 2025,16-Sep-2025,173655,46 50.868300 N,061 2.187600 W,3.7,176.4,A,DoorSpread,DoorMaster,0.000000,E,S,228843.000000
Tue Sep 16 14:36:48 2025,16-Sep-2025,173656,46 50.867100 N,061 2.187400 W,3.8,176.6,A,DoorSpread,DoorMaster,0.000000,E,S,228843.000000
Tue Sep 16 14:36:48 2025,16-Sep-2025,173657,46 50.866000 N,061 2.187300 W,3.8,177.1,A,DoorSpread,DoorMaster,0.000000,E,S,228843.000000
Tue Sep 16 14:36:48 2025,16-Sep-2025,173658,46 50.864900 N,061 2.187400 W,3.8,177.4,A,DoorSpread,DoorMaster,0.000000,E,S,228843.000000
Tue Sep 16 14:36:53 2025,16-Sep-2025,173659,46 50.863900 N,061 2.187300 W,3.8,176.6,A,DoorSpread,DoorMaster,0.000000,E,S,108815.000000
Tue Sep 16 14:36:53 2025,16-Sep-2025,173700,46 50.862800 N,061 2.187100 W,3.9,176.0,A,DoorSpread,DoorMaster,0.000000,E,S,108815.000000
Tue Sep 16 14:36:53 2025,16-Sep-2025,173701,46 50.861700 N,061 2.187000 W,3.9,176.0,A,DoorSpread,DoorMaster,0.000000,E,S,108815.000000
Tue Sep 16 14:36:53 2025,16-Sep-2025,173702,46 50.860600 N,061 2.187100 W,4.0,176.5,A,DoorSpread,DoorMaster,0.000000,E,S,108815.000000
Tue Sep 16 14:36:53 2025,16-Sep-2025,173703,46 50.859500 N,061 2.187200 W,4.0,177.0,A,DoorSpread,DoorMaster,0.000000,E,S,108815.000000
Tue Sep 16 14:36:58 2025,16-Sep-2025,173704,46 50.858400 N,061 2.187200 W,4.0,176.8,A,DoorSpread,DoorMaster,0.000000,E,S,53575.000000
Tue Sep 16 14:36:58 2025,16-Sep-2025,173705,46 50.857300 N,061 2.187100 W,4.0,176.2,A,DoorSpread,DoorMaster,0.000000,E,S,53575.000000
Tue Sep 16 14:36:58 2025,16-Sep-2025,173706,46 50.856200 N,061 2.187000 W,3.9,175.9,A,DoorSpread,DoorMaster,0.000000,E,S,53575.000000
Tue Sep 16 14:36:58 2025,16-Sep-2025,173707,46 50.855100 N,061 2.186900 W,3.9,176.2,A,DoorSpread,DoorMaster,0.000000,E,S,53575.000000
Tue Sep 16 14:36:58 2025,16-Sep-2025,173708,46 50.853900 N,061 2.186900 W,3.9,176.1,A,DoorSpread,DoorMaster,0.000000,E,S,53575.000000
Tue Sep 16 14:37:03 2025,16-Sep-2025,173709,46 50.852800 N,061 2.186700 W,3.9,176.0,A,DoorSpread,DoorMaster,0.000000,E,S,45579.000000
Tue Sep 16 14:37:03 2025,16-Sep-2025,173710,46 50.851700 N,061 2.186500 W,3.9,176.4,A,DoorSpread,DoorMaster,0.000000,E,S,45579.000000
Tue Sep 16 14:37:03 2025,16-Sep-2025,173711,46 50.850700 N,061 2.186300 W,3.9,176.7,A,DoorSpread,DoorMaster,0.000000,E,S,45579.000000
Tue Sep 16 14:37:03 2025,16-Sep-2025,173712,46 50.849700 N,061 2.186100 W,3.9,176.7,A,DoorSpread,DoorMaster,0.000000,E,S,45579.000000
Tue Sep 16 14:37:03 2025,16-Sep-2025,173713,46 50.848600 N,061 2.185700 W,3.8,175.7,A,DoorSpread,DoorMaster,0.000000,E,S,45579.000000
Tue Sep 16 14:37:08 2025,16-Sep-2025,173714,46 50.847500 N,061 2.185400 W,3.8,175.4,A,DoorSpread,DoorMaster,0.000000,E,S,46137.000000
Tue Sep 16 14:37:08 2025,16-Sep-2025,173715,46 50.846500 N,061 2.185300 W,3.8,176.0,A,DoorSpread,DoorMaster,0.000000,E,S,46137.000000
Tue Sep 16 14:37:08 2025,16-Sep-2025,173716,46 50.845400 N,061 2.185400 W,3.8,176.8,A,DoorSpread,DoorMaster,0.000000,E,S,46137.000000
Tue Sep 16 14:37:08 2025,16-Sep-2025,173717,46 50.844500 N,061 2.185600 W,3.7,177.2,A,DoorSpread,DoorMaster,0.000000,E,S,46137.000000
Tue Sep 16 14:37:08 2025,16-Sep-2025,173718,46 50.843500 N,061 2.185700 W,3.7,176.5,A,DoorSpread,DoorMaster,0.000000,E,S,46137.000000
Tue Sep 16 14:37:13 2025,16-Sep-2025,173719,46 50.842500 N,061 2.185600 W,3.7,175.4,A,DoorSpread,DoorMaster,0.000000,E,S,170502.000000
Tue Sep 16 14:37:13 2025,16-Sep-2025,173720,46 50.841400 N,061 2.185400 W,3.7,174.6,A,DoorSpread,DoorMaster,0.000000,E,S,170502.000000
Tue Sep 16 14:37:13 2025,16-Sep-2025,173721,46 50.840300 N,061 2.185400 W,3.7,175.6,A,DoorSpread,DoorMaster,0.000000,E,S,170502.000000
Tue Sep 16 14:37:13 2025,16-Sep-2025,173722,46 50.839300 N,061 2.185500 W,3.7,176.8,A,DoorSpread,DoorMaster,0.000000,E,S,170502.000000
Tue Sep 16 14:37:13 2025,16-Sep-2025,173723,46 50.838300 N,061 2.185600 W,3.7,176.5,A,DoorSpread,DoorMaster,0.000000,E,S,170502.000000
Tue Sep 16 14:37:18 2025,16-Sep-2025,173724,46 50.837300 N,061 2.185300 W,3.7,175.1,A,DoorSpread,DoorMaster,0.000000,E,S,209145.000000
Tue Sep 16 14:37:18 2025,16-Sep-2025,173725,46 50.836300 N,061 2.185000 W,3.7,174.9,A,DoorSpread,DoorMaster,0.000000,E,S,209145.000000
Tue Sep 16 14:37:18 2025,16-Sep-2025,173726,46 50.835300 N,061 2.184900 W,3.7,175.4,A,DoorSpread,DoorMaster,0.000000,E,S,209145.000000
Tue Sep 16 14:37:18 2025,16-Sep-2025,173727,46 50.834300 N,061 2.184800 W,3.7,175.3,A,DoorSpread,DoorMaster,0.000000,E,S,209145.000000
Tue Sep 16 14:37:18 2025,16-Sep-2025,173728,46 50.833300 N,061 2.184600 W,3.7,175.1,A,DoorSpread,DoorMaster,0.000000,E,S,209145.000000
Tue Sep 16 14:37:18 2025,16-Sep-2025,173729,46 50.832200 N,061 2.184500 W,3.7,175.2,A,DoorSpread,DoorMaster,0.000000,E,S,209145.000000
Tue Sep 16 14:37:23 2025,16-Sep-2025,173730,46 50.831200 N,061 2.184400 W,3.7,175.2,A,DoorSpread,DoorMaster,0.000000,E,S,186716.000000
Tue Sep 16 14:37:23 2025,16-Sep-2025,173731,46 50.830200 N,061 2.184100 W,3.7,175.1,A,DoorSpread,DoorMaster,0.000000,E,S,186716.000000
Tue Sep 16 14:37:23 2025,16-Sep-2025,173732,46 50.829200 N,061 2.183800 W,3.7,174.9,A,DoorSpread,DoorMaster,0.000000,E,S,186716.000000
Tue Sep 16 14:37:23 2025,16-Sep-2025,173733,46 50.828200 N,061 2.183500 W,3.7,174.7,A,DoorSpread,DoorMaster,0.000000,E,S,186716.000000
Tue Sep 16 14:37:23 2025,16-Sep-2025,173734,46 50.827300 N,061 2.183100 W,3.6,174.4,A,DoorSpread,DoorMaster,0.000000,E,S,186716.000000
Tue Sep 16 14:37:28 2025,16-Sep-2025,173735,46 50.826500 N,061 2.182900 W,3.5,174.4,A,DoorSpread,DoorMaster,0.000000,E,P,73032.000000
Tue Sep 16 14:37:28 2025,16-Sep-2025,173736,46 50.825800 N,061 2.182700 W,3.4,174.4,A,DoorSpread,DoorMaster,0.000000,E,P,73032.000000
Tue Sep 16 14:37:28 2025,16-Sep-2025,173737,46 50.825000 N,061 2.182500 W,3.3,174.1,A,DoorSpread,DoorMaster,0.000000,E,P,73032.000000
Tue Sep 16 14:37:28 2025,16-Sep-2025,173738,46 50.824200 N,061 2.182200 W,3.2,173.7,A,DoorSpread,DoorMaster,0.000000,E,P,73032.000000
Tue Sep 16 14:37:28 2025,16-Sep-2025,173739,46 50.823600 N,061 2.181800 W,3.1,173.5,A,DoorSpread,DoorMaster,0.000000,E,P,73032.000000
Tue Sep 16 14:37:33 2025,16-Sep-2025,173740,46 50.822900 N,061 2.181600 W,3.0,173.6,A,DoorSpread,DoorMaster,0.000000,E,P,61769.000000
Tue Sep 16 14:37:33 2025,16-Sep-2025,173741,46 50.822200 N,061 2.181400 W,2.9,173.6,A,DoorSpread,DoorMaster,0.000000,E,P,61769.000000
Tue Sep 16 14:37:33 2025,16-Sep-2025,173742,46 50.821500 N,061 2.181200 W,2.8,173.5,A,DoorSpread,DoorMaster,0.000000,E,P,61769.000000
Tue Sep 16 14:37:33 2025,16-Sep-2025,173743,46 50.820900 N,061 2.181000 W,2.7,172.9,A,DoorSpread,DoorMaster,0.000000,E,P,61769.000000
Tue Sep 16 14:37:33 2025,16-Sep-2025,173744,46 50.820300 N,061 2.180700 W,2.7,172.5,A,DoorSpread,DoorMaster,0.000000,E,P,61769.000000
Tue Sep 16 14:37:38 2025,16-Sep-2025,173745,46 50.819700 N,061 2.180700 W,2.6,172.5,A,DoorSpread,DoorMaster,0.000000,E,S,74835.000000
Tue Sep 16 14:37:38 2025,16-Sep-2025,173746,46 50.819100 N,061 2.180700 W,2.5,172.5,A,DoorSpread,DoorMaster,0.000000,E,S,74835.000000
Tue Sep 16 14:37:38 2025,16-Sep-2025,173747,46 50.818500 N,061 2.180700 W,2.5,172.5,A,DoorSpread,DoorMaster,0.000000,E,S,74835.000000
Tue Sep 16 14:37:38 2025,16-Sep-2025,173748,46 50.818000 N,061 2.180600 W,2.4,172.3,A,DoorSpread,DoorMaster,0.000000,E,S,74835.000000
Tue Sep 16 14:37:38 2025,16-Sep-2025,173749,46 50.817500 N,061 2.180600 W,2.3,172.3,A,DoorSpread,DoorMaster,0.000000,E,S,74835.000000
Tue Sep 16 14:37:43 2025,16-Sep-2025,173750,46 50.816900 N,061 2.180500 W,2.3,172.6,A,DoorSpread,DoorMaster,0.000000,E,S,40946.000000
Tue Sep 16 14:37:43 2025,16-Sep-2025,173751,46 50.816400 N,061 2.180600 W,2.2,173.1,A,DoorSpread,DoorMaster,0.000000,E,S,40946.000000
Tue Sep 16 14:37:43 2025,16-Sep-2025,173752,46 50.815800 N,061 2.180700 W,2.2,173.4,A,DoorSpread,DoorMaster,0.000000,E,S,40946.000000
Tue Sep 16 14:37:43 2025,16-Sep-2025,173753,46 50.815300 N,061 2.180600 W,2.2,173.6,A,DoorSpread,DoorMaster,0.000000,E,S,40946.000000
Tue Sep 16 14:37:43 2025,16-Sep-2025,173754,46 50.814700 N,061 2.180600 W,2.1,173.9,A,DoorSpread,DoorMaster,0.000000,E,S,40946.000000
Tue Sep 16 14:37:49 2025,16-Sep-2025,173755,46 50.814200 N,061 2.180700 W,2.1,174.3,A,DoorSpread,DoorMaster,0.000000,E,S,41558.000000
Tue Sep 16 14:37:49 2025,16-Sep-2025,173756,46 50.813700 N,061 2.180600 W,2.0,174.4,A,DoorSpread,DoorMaster,0.000000,E,S,41558.000000
Tue Sep 16 14:37:49 2025,16-Sep-2025,173757,46 50.813200 N,061 2.180600 W,2.0,174.6,A,DoorSpread,DoorMaster,0.000000,E,S,41558.000000
Tue Sep 16 14:37:49 2025,16-Sep-2025,173758,46 50.812700 N,061 2.180500 W,2.0,175.2,A,DoorSpread,DoorMaster,0.000000,E,S,41558.000000
Tue Sep 16 14:37:49 2025,16-Sep-2025,173759,46 50.812200 N,061 2.180500 W,2.0,175.4,A,DoorSpread,DoorMaster,0.000000,E,S,41558.000000
Tue Sep 16 14:37:54 2025,16-Sep-2025,173800,46 50.811700 N,061 2.180300 W,1.9,175.3,A,DoorSpread,DoorMaster,0.000000,E,S,95754.000000
Tue Sep 16 14:37:54 2025,16-Sep-2025,173801,46 50.811200 N,061 2.180200 W,1.9,175.2,A,DoorSpread,DoorMaster,0.000000,E,S,95754.000000
Tue Sep 16 14:37:54 2025,16-Sep-2025,173802,46 50.810700 N,061 2.180200 W,1.9,175.3,A,DoorSpread,DoorMaster,0.000000,E,S,95754.000000
Tue Sep 16 14:37:54 2025,16-Sep-2025,173803,46 50.810300 N,061 2.180200 W,1.9,175.5,A,DoorSpread,DoorMaster,0.000000,E,S,95754.000000
Tue Sep 16 14:37:54 2025,16-Sep-2025,173804,46 50.809800 N,061 2.180100 W,1.9,175.5,A,DoorSpread,DoorMaster,0.000000,E,S,95754.000000
Tue Sep 16 14:37:59 2025,16-Sep-2025,173805,46 50.809200 N,061 2.180000 W,1.8,175.4,A,DoorSpread,DoorMaster,0.000000,E,S,81216.000000
Tue Sep 16 14:37:59 2025,16-Sep-2025,173806,46 50.808800 N,061 2.179900 W,1.8,175.3,A,DoorSpread,DoorMaster,0.000000,E,S,81216.000000
Tue Sep 16 14:37:59 2025,16-Sep-2025,173807,46 50.808200 N,061 2.179900 W,1.9,175.5,A,DoorSpread,DoorMaster,0.000000,E,S,81216.000000
Tue Sep 16 14:37:59 2025,16-Sep-2025,173808,46 50.807600 N,061 2.179800 W,1.9,175.6,A,DoorSpread,DoorMaster,0.000000,E,S,81216.000000
Tue Sep 16 14:37:59 2025,16-Sep-2025,173809,46 50.807200 N,061 2.179800 W,1.8,175.5,A,DoorSpread,DoorMaster,0.000000,E,S,81216.000000
Tue Sep 16 14:37:59 2025,16-Sep-2025,173810,46 50.806700 N,061 2.179600 W,1.8,175.3,A,DoorSpread,DoorMaster,0.000000,E,S,81216.000000
Tue Sep 16 14:37:59 2025,16-Sep-2025,173811,46 50.806200 N,061 2.179600 W,1.8,174.9,A,DoorSpread,DoorMaster,0.000000,E,S,81216.000000
Tue Sep 16 14:37:59 2025,16-Sep-2025,173812,46 50.805600 N,061 2.179600 W,1.9,174.9,A,DoorSpread,DoorMaster,0.000000,E,S,81216.000000
Tue Sep 16 14:37:59 2025,16-Sep-2025,173813,46 50.805000 N,061 2.179600 W,1.8,174.8,A,DoorSpread,DoorMaster,0.000000,E,S,81216.000000
Tue Sep 16 14:37:59 2025,16-Sep-2025,173814,46 50.804600 N,061 2.179500 W,1.8,174.6,A,DoorSpread,DoorMaster,0.000000,E,S,81216.000000
Tue Sep 16 14:38:09 2025,16-Sep-2025,173815,46 50.804100 N,061 2.179300 W,1.8,173.7,A,DoorSpread,DoorMaster,0.000000,E,P,47980.000000
Tue Sep 16 14:38:09 2025,16-Sep-2025,173816,46 50.803500 N,061 2.179000 W,1.9,173.1,A,DoorSpread,DoorMaster,0.000000,E,P,47980.000000
Tue Sep 16 14:38:09 2025,16-Sep-2025,173817,46 50.803000 N,061 2.178800 W,1.8,172.9,A,DoorSpread,DoorMaster,0.000000,E,P,47980.000000
Tue Sep 16 14:38:09 2025,16-Sep-2025,173818,46 50.802500 N,061 2.178700 W,1.8,172.8,A,DoorSpread,DoorMaster,0.000000,E,P,47980.000000
Tue Sep 16 14:38:09 2025,16-Sep-2025,173819,46 50.802000 N,061 2.178600 W,1.8,172.7,A,DoorSpread,DoorMaster,0.000000,E,P,47980.000000
Tue Sep 16 14:38:14 2025,16-Sep-2025,173820,46 50.801500 N,061 2.178400 W,1.8,172.0,A,DoorSpread,DoorMaster,0.000000,E,P,62486.000000
Tue Sep 16 14:38:14 2025,16-Sep-2025,173821,46 50.801100 N,061 2.178200 W,1.9,171.4,A,DoorSpread,DoorMaster,0.000000,E,P,62486.000000
Tue Sep 16 14:38:14 2025,16-Sep-2025,173822,46 50.800600 N,061 2.178100 W,1.8,171.1,A,DoorSpread,DoorMaster,0.000000,E,P,62486.000000
Tue Sep 16 14:38:14 2025,16-Sep-2025,173823,46 50.800200 N,061 2.178100 W,1.8,170.9,A,DoorSpread,DoorMaster,0.000000,E,P,62486.000000
Tue Sep 16 14:38:14 2025,16-Sep-2025,173824,46 50.799700 N,061 2.178000 W,1.8,170.8,A,DoorSpread,DoorMaster,0.000000,E,P,62486.000000
Tue Sep 16 14:38:19 2025,16-Sep-2025,173825,46 50.799200 N,061 2.178000 W,1.8,170.8,A,DoorSpread,DoorMaster,0.000000,E,S,78848.000000
Tue Sep 16 14:38:19 2025,16-Sep-2025,173826,46 50.798800 N,061 2.177900 W,1.8,170.6,A,DoorSpread,DoorMaster,0.000000,E,S,78848.000000
Tue Sep 16 14:38:19 2025,16-Sep-2025,173827,46 50.798300 N,061 2.177700 W,1.8,170.4,A,DoorSpread,DoorMaster,0.000000,E,S,78848.000000
Tue Sep 16 14:38:19 2025,16-Sep-2025,173828,46 50.797800 N,061 2.177600 W,1.8,170.3,A,DoorSpread,DoorMaster,0.000000,E,S,78848.000000
Tue Sep 16 14:38:19 2025,16-Sep-2025,173829,46 50.797300 N,061 2.177600 W,1.8,170.4,A,DoorSpread,DoorMaster,0.000000,E,S,78848.000000
Tue Sep 16 14:38:24 2025,16-Sep-2025,173830,46 50.796800 N,061 2.177600 W,1.8,170.5,A,DoorSpread,DoorMaster,0.000000,E,S,116021.000000
