Ship Number,Trip Number,Tow Number
Avalon Voyager,4,3
Comments
"Zone 19"
CPU Date and Time,GPS Date,GPS Time,Latitude,Longitude,Speed,Heading,Validity,Transducer Name,Sensor Name,Sensor Value,Error Code,Hydrophone,Signal Strength
,13-Sep-2025,113128,47 10.491800 N,060 54.794600 W,2.9,171.9,A,,,,,,
,13-Sep-2025,113129,47 10.491100 N,060 54.794400 W,2.9,172.0,A,,,,,,
,13-Sep-2025,113130,47 10.490200 N,060 54.793900 W,2.9,172.0,A,,,,,,
Sat Sep 13 08:31:28 2025,13-Sep-2025,113131,47 10.489500 N,060 54.793400 W,2.8,171.8,A,DoorSpread,DoorMaster,2.210000,D,P,363050.000000
Sat Sep 13 08:31:28 2025,13-Sep-2025,113132,47 10.488800 N,060 54.792900 W,2.7,171.3,A,DoorSpread,DoorMaster,2.210000,D,P,363050.000000
Sat Sep 13 08:31:28 2025,13-Sep-2025,113133,47 10.488000 N,060 54.792400 W,2.8,170.7,A,DoorSpread,DoorMaster,2.210000,D,P,363050.000000
Sat Sep 13 08:31:28 2025,13-Sep-2025,113134,47 10.487200 N,060 54.792200 W,2.8,170.8,A,DoorSpread,DoorMaster,2.210000,D,P,363050.000000
Sat Sep 13 08:31:33 2025,13-Sep-2025,113135,47 10.486400 N,060 54.792000 W,2.8,170.9,A,Secondary,Headline,0.000000,E,P,18551.000000
Sat Sep 13 08:31:34 2025,13-Sep-2025,113136,47 10.485700 N,060 54.791800 W,2.8,170.9,A,DoorSpread,DoorMaster,2.270000,D,S,230360.000000
Sat Sep 13 08:31:34 2025,13-Sep-2025,113137,47 10.484900 N,060 54.791500 W,2.9,170.4,A,DoorSpread,DoorMaster,2.270000,D,S,230360.000000
Sat Sep 13 08:31:34 2025,13-Sep-2025,113138,47 10.484100 N,060 54.791300 W,2.9,170.0,A,DoorSpread,DoorMaster,2.270000,D,S,230360.000000
Sat Sep 13 08:31:34 2025,13-Sep-2025,113139,47 10.483500 N,060 54.791100 W,2.9,169.6,A,DoorSpread,DoorMaster,2.270000,D,S,230360.000000
Sat Sep 13 08:31:38 2025,13-Sep-2025,113140,47 10.482900 N,060 54.790800 W,2.9,169.0,A,Primary,Headline,1.755102,D,P,60568.000000
Sat Sep 13 08:31:38 2025,13-Sep-2025,113141,47 10.482100 N,060 54.790500 W,2.9,168.4,A,Primary,Headline,1.755102,D,P,60568.000000
Sat Sep 13 08:31:39 2025,13-Sep-2025,113142,47 10.481300 N,060 54.790400 W,3.0,168.4,A,DoorSpread,DoorMaster,1.990000,D,P,56663.000000
Sat Sep 13 08:31:39 2025,13-Sep-2025,113143,47 10.480400 N,060 54.790400 W,3.1,168.9,A,DoorSpread,DoorMaster,1.990000,D,P,56663.000000
Sat Sep 13 08:31:39 2025,13-Sep-2025,113144,47 10.479600 N,060 54.790400 W,3.1,169.3,A,DoorSpread,DoorMaster,1.990000,D,P,56663.000000
Sat Sep 13 08:31:43 2025,13-Sep-2025,113145,47 10.478700 N,060 54.790300 W,3.1,169.5,A,Primary,Headline,3.102041,D,S,70594.000000
Sat Sep 13 08:31:43 2025,13-Sep-2025,113146,47 10.477800 N,060 54.790100 W,3.1,169.4,A,Primary,Headline,3.102041,D,S,70594.000000
Sat Sep 13 08:31:44 2025,13-Sep-2025,113147,47 10.476900 N,060 54.789900 W,3.1,169.3,A,DoorSpread,DoorMaster,0.000000,E,P,608262.000000
Sat Sep 13 08:31:45 2025,13-Sep-2025,113148,47 10.476200 N,060 54.789700 W,3.0,169.1,A,Depth,Depth,17.037037,D,P,19084.000000
Sat Sep 13 08:31:45 2025,13-Sep-2025,113149,47 10.475400 N,060 54.789700 W,3.0,168.9,A,Depth,Depth,17.037037,D,P,19084.000000
Sat Sep 13 08:31:48 2025,13-Sep-2025,113150,47 10.474600 N,060 54.789600 W,3.0,168.7,A,Primary,Headline,2.163265,D,P,129156.000000
Sat Sep 13 08:31:48 2025,13-Sep-2025,113151,47 10.473700 N,060 54.789500 W,3.0,168.7,A,Primary,Headline,2.163265,D,P,129156.000000
Sat Sep 13 08:31:49 2025,13-Sep-2025,113152,47 10.472900 N,060 54.789400 W,3.0,169.4,A,DoorSpread,DoorMaster,1.500000,D,S,283115.000000
Sat Sep 13 08:31:49 2025,13-Sep-2025,113153,47 10.472000 N,060 54.789500 W,3.0,170.3,A,DoorSpread,DoorMaster,1.500000,D,S,283115.000000
Sat Sep 13 08:31:49 2025,13-Sep-2025,113154,47 10.471200 N,060 54.789500 W,3.0,170.8,A,DoorSpread,DoorMaster,1.500000,D,S,283115.000000
Sat Sep 13 08:31:53 2025,13-Sep-2025,113155,47 10.470500 N,060 54.789400 W,3.0,171.0,A,Primary,Headline,1.755102,D,P,49846.000000
Sat Sep 13 08:31:53 2025,13-Sep-2025,113156,47 10.469900 N,060 54.789200 W,2.9,170.8,A,Primary,Headline,1.755102,D,P,49846.000000
Sat Sep 13 08:31:54 2025,13-Sep-2025,113157,47 10.469200 N,060 54.788900 W,2.9,170.2,A,DoorSpread,DoorMaster,0.000000,E,P,338823.000000
Sat Sep 13 08:31:54 2025,13-Sep-2025,113158,47 10.468600 N,060 54.788600 W,2.8,169.6,A,DoorSpread,DoorMaster,0.000000,E,P,338823.000000
Sat Sep 13 08:31:54 2025,13-Sep-2025,113159,47 10.467800 N,060 54.788400 W,2.9,169.7,A,DoorSpread,DoorMaster,0.000000,E,P,338823.000000
Sat Sep 13 08:31:58 2025,13-Sep-2025,113200,47 10.467000 N,060 54.788200 W,2.9,170.0,A,Primary,Headline,2.326531,D,P,57106.000000
Sat Sep 13 08:31:58 2025,13-Sep-2025,113201,47 10.466100 N,060 54.787900 W,2.9,170.2,A,Primary,Headline,2.326531,D,P,57106.000000
Sat Sep 13 08:32:00 2025,13-Sep-2025,113202,47 10.465300 N,060 54.787600 W,2.9,169.9,A,Depth,Depth,64.444444,D,S,10427.000000
Sat Sep 13 08:32:00 2025,13-Sep-2025,113203,47 10.464400 N,060 54.787100 W,2.9,169.6,A,Depth,Depth,64.444444,D,S,10427.000000
Sat Sep 13 08:32:00 2025,13-Sep-2025,113204,47 10.463500 N,060 54.786800 W,2.9,169.2,A,Depth,Depth,64.444444,D,S,10427.000000
Sat Sep 13 08:32:03 2025,13-Sep-2025,113205,47 10.462700 N,060 54.786500 W,2.8,168.9,A,Primary,Headline,1.979592,D,P,28579.000000
Sat Sep 13 08:32:03 2025,13-Sep-2025,113206,47 10.461900 N,060 54.786200 W,2.8,168.6,A,Primary,Headline,1.979592,D,P,28579.000000
Sat Sep 13 08:32:05 2025,13-Sep-2025,113207,47 10.461200 N,060 54.785900 W,2.7,168.3,A,DoorSpread,DoorMaster,1.525000,D,S,400015.000000
Sat Sep 13 08:32:05 2025,13-Sep-2025,113208,47 10.460400 N,060 54.785700 W,2.7,167.9,A,DoorSpread,DoorMaster,1.550000,D,P,436924.000000
Sat Sep 13 08:32:07 2025,13-Sep-2025,113209,47 10.459600 N,060 54.785300 W,2.8,167.3,A,Depth,Depth,0.000000,D,P,14727.000000
Sat Sep 13 08:32:08 2025,13-Sep-2025,113210,47 10.458700 N,060 54.785200 W,2.8,168.8,A,Primary,Headline,2.326531,D,P,71690.000000
Sat Sep 13 08:32:08 2025,13-Sep-2025,113211,47 10.457700 N,060 54.785100 W,2.9,170.0,A,Primary,Headline,2.326531,D,P,71690.000000
Sat Sep 13 08:32:08 2025,13-Sep-2025,113212,47 10.456900 N,060 54.785100 W,2.9,171.0,A,Primary,Headline,2.326531,D,P,71690.000000
Sat Sep 13 08:32:10 2025,13-Sep-2025,113213,47 10.456200 N,060 54.784900 W,2.8,171.1,A,DoorSpread,DoorMaster,1.505000,D,P,139963.000000
Sat Sep 13 08:32:10 2025,13-Sep-2025,113214,47 10.455600 N,060 54.784600 W,2.7,171.1,A,DoorSpread,DoorMaster,1.505000,D,P,139963.000000
Sat Sep 13 08:32:10 2025,13-Sep-2025,113215,47 10.455000 N,060 54.784500 W,2.6,171.0,A,DoorSpread,DoorMaster,1.505000,D,P,139963.000000
Sat Sep 13 08:32:14 2025,13-Sep-2025,113216,47 10.454400 N,060 54.784200 W,2.6,171.0,A,Depth,Depth,34.629630,D,P,6177.000000
Sat Sep 13 08:32:14 2025,13-Sep-2025,113217,47 10.453700 N,060 54.784100 W,2.6,170.9,A,Depth,Depth,34.629630,D,P,6177.000000
Sat Sep 13 08:32:15 2025,13-Sep-2025,113218,47 10.453000 N,060 54.784000 W,2.6,170.8,A,DoorSpread,DoorMaster,0.000000,E,S,707466.000000
Sat Sep 13 08:32:15 2025,13-Sep-2025,113219,47 10.452200 N,060 54.783800 W,2.7,170.6,A,DoorSpread,DoorMaster,0.000000,E,S,707466.000000
Sat Sep 13 08:32:15 2025,13-Sep-2025,113220,47 10.451500 N,060 54.783600 W,2.7,170.4,A,DoorSpread,DoorMaster,0.000000,E,S,707466.000000
Sat Sep 13 08:32:18 2025,13-Sep-2025,113221,47 10.450800 N,060 54.783400 W,2.7,169.9,A,Primary,Headline,3.489796,D,S,146619.000000
Sat Sep 13 08:32:18 2025,13-Sep-2025,113222,47 10.450000 N,060 54.783000 W,2.7,169.6,A,Primary,Headline,3.489796,D,S,146619.000000
Sat Sep 13 08:32:21 2025,13-Sep-2025,113223,47 10.449100 N,060 54.782600 W,2.8,169.4,A,Depth,Depth,11.574074,D,S,118685.000000
Sat Sep 13 08:32:21 2025,13-Sep-2025,113224,47 10.448100 N,060 54.782200 W,3.0,169.3,A,Depth,Depth,11.574074,D,S,118685.000000
Sat Sep 13 08:32:21 2025,13-Sep-2025,113225,47 10.447100 N,060 54.781700 W,3.2,169.3,A,Depth,Depth,11.574074,D,S,118685.000000
Sat Sep 13 08:32:23 2025,13-Sep-2025,113226,47 10.446100 N,060 54.781200 W,3.3,169.1,A,Primary,Headline,3.489796,D,S,239939.000000
Sat Sep 13 08:32:23 2025,13-Sep-2025,113227,47 10.445100 N,060 54.780700 W,3.4,168.8,A,Primary,Headline,3.489796,D,S,239939.000000
Sat Sep 13 08:32:26 2025,13-Sep-2025,113228,47 10.444000 N,060 54.780300 W,3.5,168.6,A,DoorSpread,DoorMaster,2.430000,D,S,485948.000000
Sat Sep 13 08:32:26 2025,13-Sep-2025,113229,47 10.442900 N,060 54.779800 W,3.7,168.4,A,DoorSpread,DoorMaster,2.430000,D,S,485948.000000
Sat Sep 13 08:32:28 2025,13-Sep-2025,113230,47 10.441700 N,060 54.779500 W,3.8,168.4,A,Depth,Depth,10.277778,D,S,291554.000000
Sat Sep 13 08:32:28 2025,13-Sep-2025,113231,47 10.440400 N,060 54.779300 W,4.0,168.7,A,Primary,Headline,2.816327,D,S,408389.000000
Sat Sep 13 08:32:28 2025,13-Sep-2025,113232,47 10.439200 N,060 54.779000 W,4.1,169.0,A,Primary,Headline,2.816327,D,S,408389.000000
Sat Sep 13 08:32:28 2025,13-Sep-2025,113233,47 10.437900 N,060 54.778700 W,4.2,169.4,A,Primary,Headline,2.816327,D,S,408389.000000
Sat Sep 13 08:32:31 2025,13-Sep-2025,113234,47 10.436600 N,060 54.778400 W,4.4,169.7,A,DoorSpread,DoorMaster,2.395000,D,S,994389.000000
Sat Sep 13 08:32:31 2025,13-Sep-2025,113235,47 10.435200 N,060 54.778000 W,4.5,169.6,A,DoorSpread,DoorMaster,2.395000,D,S,994389.000000
Sat Sep 13 08:32:33 2025,13-Sep-2025,113236,47 10.433900 N,060 54.777500 W,4.5,169.2,A,Primary,Headline,3.428571,D,S,302218.000000
Sat Sep 13 08:32:35 2025,13-Sep-2025,113237,47 10.432600 N,060 54.776900 W,4.6,168.7,A,Depth,Depth,11.111111,D,P,103622.000000
Sat Sep 13 08:32:35 2025,13-Sep-2025,113238,47 10.431300 N,060 54.776500 W,4.7,169.3,A,Depth,Depth,11.111111,D,P,103622.000000
Sat Sep 13 08:32:36 2025,13-Sep-2025,113239,47 10.429700 N,060 54.776300 W,4.9,170.5,A,DoorSpread,DoorMaster,3.050000,D,S,911260.000000
Sat Sep 13 08:32:36 2025,13-Sep-2025,113240,47 10.428100 N,060 54.776200 W,5.0,171.5,A,DoorSpread,DoorMaster,3.050000,D,S,911260.000000
Sat Sep 13 08:32:38 2025,13-Sep-2025,113241,47 10.426600 N,060 54.776000 W,5.0,172.1,A,Primary,Headline,3.530612,D,S,301739.000000
Sat Sep 13 08:32:38 2025,13-Sep-2025,113242,47 10.425100 N,060 54.775700 W,5.1,170.5,A,Primary,Headline,3.530612,D,S,301739.000000
Sat Sep 13 08:32:38 2025,13-Sep-2025,113243,47 10.423700 N,060 54.775200 W,5.1,169.2,A,Primary,Headline,3.530612,D,S,301739.000000
Sat Sep 13 08:32:42 2025,13-Sep-2025,113244,47 10.422400 N,060 54.774700 W,5.1,169.1,A,DoorSpread,DoorMaster,3.460000,D,P,410972.000000
Sat Sep 13 08:32:42 2025,13-Sep-2025,113245,47 10.421000 N,060 54.774500 W,5.1,170.2,A,DoorSpread,DoorMaster,3.460000,D,P,410972.000000
Sat Sep 13 08:32:43 2025,13-Sep-2025,113246,47 10.419500 N,060 54.774200 W,5.2,171.0,A,Primary,Headline,4.428571,D,S,162510.000000
Sat Sep 13 08:32:43 2025,13-Sep-2025,113247,47 10.418000 N,060 54.773800 W,5.3,171.5,A,Primary,Headline,4.428571,D,S,162510.000000
Sat Sep 13 08:32:43 2025,13-Sep-2025,113248,47 10.416500 N,060 54.773400 W,5.3,171.2,A,Primary,Headline,4.428571,D,S,162510.000000
Sat Sep 13 08:32:43 2025,13-Sep-2025,113249,47 10.415100 N,060 54.772900 W,5.3,170.5,A,Primary,Headline,4.428571,D,S,162510.000000
Sat Sep 13 08:32:47 2025,13-Sep-2025,113250,47 10.413800 N,060 54.772300 W,5.3,170.1,A,DoorSpread,DoorMaster,4.170000,D,P,54659.000000
Sat Sep 13 08:32:49 2025,13-Sep-2025,113251,47 10.412500 N,060 54.771800 W,5.2,170.0,A,Depth,Depth,13.703704,D,S,112187.000000
Sat Sep 13 08:32:49 2025,13-Sep-2025,113252,47 10.411100 N,060 54.771300 W,5.2,170.8,A,Depth,Depth,13.703704,D,S,112187.000000
Sat Sep 13 08:32:49 2025,13-Sep-2025,113253,47 10.409600 N,060 54.771100 W,5.3,171.3,A,Depth,Depth,13.703704,D,S,112187.000000
Sat Sep 13 08:32:49 2025,13-Sep-2025,113254,47 10.408100 N,060 54.770700 W,5.3,171.4,A,Depth,Depth,13.703704,D,S,112187.000000
Sat Sep 13 08:32:53 2025,13-Sep-2025,113255,47 10.406500 N,060 54.770200 W,5.4,170.7,A,DoorSpread,DoorMaster,4.485000,D,S,996799.000000
Sat Sep 13 08:32:53 2025,13-Sep-2025,113256,47 10.405000 N,060 54.769700 W,5.5,170.6,A,DoorSpread,DoorMaster,4.485000,D,S,996799.000000
Sat Sep 13 08:32:54 2025,13-Sep-2025,113257,47 10.403500 N,060 54.769300 W,5.5,170.5,A,Primary,Headline,58.530612,D,S,316738.000000
Sat Sep 13 08:32:54 2025,13-Sep-2025,113258,47 10.402100 N,060 54.769000 W,5.4,170.5,A,Primary,Headline,58.530612,D,S,316738.000000
Sat Sep 13 08:32:56 2025,13-Sep-2025,113259,47 10.400600 N,060 54.768600 W,5.4,170.4,A,Depth,Depth,13.796296,D,S,264057.000000
Sat Sep 13 08:32:56 2025,13-Sep-2025,113300,47 10.399200 N,060 54.768200 W,5.4,170.0,A,Depth,Depth,13.796296,D,S,264057.000000
Sat Sep 13 08:32:58 2025,13-Sep-2025,113301,47 10.397800 N,060 54.767900 W,5.4,169.6,A,DoorSpread,DoorMaster,4.390000,D,P,245467.000000
Sat Sep 13 08:32:59 2025,13-Sep-2025,113302,47 10.396400 N,060 54.767400 W,5.4,169.6,A,Primary,Headline,2.775510,D,S,196985.000000
Sat Sep 13 08:32:59 2025,13-Sep-2025,113303,47 10.394900 N,060 54.767100 W,5.5,170.0,A,Primary,Headline,2.775510,D,S,196985.000000
Sat Sep 13 08:32:59 2025,13-Sep-2025,113304,47 10.393300 N,060 54.766800 W,5.5,170.1,A,Primary,Headline,2.775510,D,S,196985.000000
Sat Sep 13 08:32:59 2025,13-Sep-2025,113305,47 10.391800 N,060 54.766600 W,5.5,170.2,A,Primary,Headline,2.775510,D,S,196985.000000
Sat Sep 13 08:33:04 2025,13-Sep-2025,113306,47 10.390400 N,060 54.766500 W,5.5,170.1,A,DoorSpread,DoorMaster,4.345000,D,S,914587.000000
Sat Sep 13 08:33:04 2025,13-Sep-2025,113307,47 10.388900 N,060 54.766300 W,5.5,169.9,A,Primary,Headline,9.061224,D,S,107242.000000
Sat Sep 13 08:33:04 2025,13-Sep-2025,113308,47 10.387300 N,060 54.766000 W,5.5,169.9,A,Primary,Headline,9.061224,D,S,107242.000000
Sat Sep 13 08:33:04 2025,13-Sep-2025,113309,47 10.385800 N,060 54.765800 W,5.5,169.9,A,Primary,Headline,9.061224,D,S,107242.000000
Sat Sep 13 08:33:04 2025,13-Sep-2025,113310,47 10.384300 N,060 54.765400 W,5.5,169.6,A,Primary,Headline,9.061224,D,S,107242.000000
Sat Sep 13 08:33:04 2025,13-Sep-2025,113311,47 10.382900 N,060 54.765000 W,5.5,169.3,A,Primary,Headline,9.061224,D,S,107242.000000
Sat Sep 13 08:33:09 2025,13-Sep-2025,113312,47 10.381400 N,060 54.764500 W,5.4,168.9,A,Primary,Headline,3.408163,D,S,350326.000000
Sat Sep 13 08:33:10 2025,13-Sep-2025,113313,47 10.380000 N,060 54.764100 W,5.4,168.6,A,Depth,Depth,14.074074,D,S,266599.000000
Sat Sep 13 08:33:10 2025,13-Sep-2025,113314,47 10.378500 N,060 54.763900 W,5.4,168.5,A,Depth,Depth,14.074074,D,S,266599.000000
Sat Sep 13 08:33:10 2025,13-Sep-2025,113315,47 10.376900 N,060 54.763600 W,5.5,169.0,A,Depth,Depth,14.074074,D,S,266599.000000
Sat Sep 13 08:33:10 2025,13-Sep-2025,113316,47 10.375300 N,060 54.763400 W,5.5,169.5,A,Depth,Depth,14.074074,D,S,266599.000000
Sat Sep 13 08:33:15 2025,13-Sep-2025,113317,47 10.373700 N,060 54.763200 W,5.5,169.9,A,DoorSpread,DoorMaster,5.355000,D,S,834558.000000
Sat Sep 13 08:33:15 2025,13-Sep-2025,113318,47 10.372100 N,060 54.763000 W,5.6,170.3,A,DoorSpread,DoorMaster,5.355000,D,S,834558.000000
Sat Sep 13 08:33:15 2025,13-Sep-2025,113319,47 10.370700 N,060 54.762800 W,5.5,170.3,A,DoorSpread,DoorMaster,5.355000,D,S,834558.000000
Sat Sep 13 08:33:17 2025,13-Sep-2025,113320,47 10.369300 N,060 54.762500 W,5.5,170.0,A,Depth,Depth,15.370370,D,S,233726.000000
Sat Sep 13 08:33:17 2025,13-Sep-2025,113321,47 10.367900 N,060 54.762000 W,5.4,169.2,A,Depth,Depth,15.370370,D,S,233726.000000
Sat Sep 13 08:33:20 2025,13-Sep-2025,113322,47 10.366500 N,060 54.761400 W,5.4,168.7,A,Primary,Headline,3.265306,D,S,185788.000000
Sat Sep 13 08:33:21 2025,13-Sep-2025,113323,47 10.365000 N,060 54.761000 W,5.4,169.3,A,DoorSpread,DoorMaster,16.795000,D,P,109348.000000
Sat Sep 13 08:33:21 2025,13-Sep-2025,113324,47 10.363500 N,060 54.760800 W,5.4,170.0,A,DoorSpread,DoorMaster,16.365000,D,S,954328.000000
Sat Sep 13 08:33:21 2025,13-Sep-2025,113325,47 10.362000 N,060 54.760600 W,5.5,170.6,A,DoorSpread,DoorMaster,16.365000,D,S,954328.000000
Sat Sep 13 08:33:21 2025,13-Sep-2025,113326,47 10.360500 N,060 54.760500 W,5.5,171.0,A,DoorSpread,DoorMaster,16.365000,D,S,954328.000000
Sat Sep 13 08:33:25 2025,13-Sep-2025,113327,47 10.358900 N,060 54.760300 W,5.6,170.6,A,Primary,Headline,3.489796,D,S,331501.000000
Sat Sep 13 08:33:25 2025,13-Sep-2025,113328,47 10.357300 N,060 54.760000 W,5.5,170.0,A,Primary,Headline,3.489796,D,S,331501.000000
Sat Sep 13 08:33:25 2025,13-Sep-2025,113329,47 10.355800 N,060 54.759500 W,5.4,168.9,A,Primary,Headline,3.489796,D,S,331501.000000
Sat Sep 13 08:33:28 2025,13-Sep-2025,113330,47 10.354300 N,060 54.758900 W,5.4,168.0,A,DoorSpread,DoorMaster,23.260000,D,P,256681.000000
Sat Sep 13 08:33:28 2025,13-Sep-2025,113331,47 10.352800 N,060 54.758300 W,5.3,167.5,A,DoorSpread,DoorMaster,23.260000,D,P,256681.000000
Sat Sep 13 08:33:28 2025,13-Sep-2025,113332,47 10.351300 N,060 54.757700 W,5.3,167.6,A,DoorSpread,DoorMaster,23.260000,D,P,256681.000000
Sat Sep 13 08:33:30 2025,13-Sep-2025,113333,47 10.349700 N,060 54.757300 W,5.4,168.3,A,Primary,Headline,42.918367,D,S,160312.000000
Sat Sep 13 08:33:31 2025,13-Sep-2025,113334,47 10.348000 N,060 54.756900 W,5.5,169.0,A,Depth,Depth,16.851852,D,S,116286.000000
Sat Sep 13 08:33:31 2025,13-Sep-2025,113335,47 10.346300 N,060 54.756400 W,5.6,169.3,A,Depth,Depth,16.851852,D,S,116286.000000
Sat Sep 13 08:33:34 2025,13-Sep-2025,113336,47 10.344800 N,060 54.755800 W,5.5,168.5,A,DoorSpread,DoorMaster,16.625000,D,S,624718.000000
Sat Sep 13 08:33:34 2025,13-Sep-2025,113337,47 10.343400 N,060 54.755100 W,5.5,167.2,A,DoorSpread,DoorMaster,16.625000,D,S,624718.000000
Sat Sep 13 08:33:35 2025,13-Sep-2025,113338,47 10.341800 N,060 54.754300 W,5.5,166.4,A,Primary,Headline,5.061224,D,S,107388.000000
Sat Sep 13 08:33:35 2025,13-Sep-2025,113339,47 10.340400 N,060 54.753700 W,5.4,166.6,A,Primary,Headline,5.061224,D,S,107388.000000
Sat Sep 13 08:33:35 2025,13-Sep-2025,113340,47 10.338900 N,060 54.753300 W,5.4,167.6,A,Primary,Headline,5.061224,D,S,107388.000000
Sat Sep 13 08:33:38 2025,13-Sep-2025,113341,47 10.337400 N,060 54.752900 W,5.4,168.2,A,Depth,Depth,21.111111,D,S,108105.000000
Sat Sep 13 08:33:39 2025,13-Sep-2025,113342,47 10.335800 N,060 54.752400 W,5.4,168.1,A,DoorSpread,DoorMaster,4.815000,D,S,441939.000000
Sat Sep 13 08:33:40 2025,13-Sep-2025,113343,47 10.334500 N,060 54.751900 W,5.4,167.6,A,Primary,Headline,4.551020,D,S,218980.000000
Sat Sep 13 08:33:40 2025,13-Sep-2025,113344,47 10.333000 N,060 54.751200 W,5.5,166.9,A,Primary,Headline,4.551020,D,S,218980.000000
Sat Sep 13 08:33:40 2025,13-Sep-2025,113345,47 10.331600 N,060 54.750500 W,5.5,166.7,A,Primary,Headline,4.551020,D,S,218980.000000
Sat Sep 13 08:33:40 2025,13-Sep-2025,113346,47 10.330200 N,060 54.749900 W,5.5,166.8,A,Primary,Headline,4.551020,D,S,218980.000000
Sat Sep 13 08:33:45 2025,13-Sep-2025,113347,47 10.328700 N,060 54.749300 W,5.5,166.8,A,DoorSpread,DoorMaster,4.885000,D,S,328929.000000
Sat Sep 13 08:33:46 2025,13-Sep-2025,113348,47 10.327100 N,060 54.748600 W,5.5,166.5,A,Primary,Headline,5.102041,D,S,148638.000000
Sat Sep 13 08:33:46 2025,13-Sep-2025,113349,47 10.325500 N,060 54.748000 W,5.5,166.4,A,Primary,Headline,5.102041,D,S,148638.000000
Sat Sep 13 08:33:46 2025,13-Sep-2025,113350,47 10.324000 N,060 54.747400 W,5.4,165.8,A,Primary,Headline,5.102041,D,S,148638.000000
Sat Sep 13 08:33:46 2025,13-Sep-2025,113351,47 10.322600 N,060 54.746700 W,5.4,165.0,A,Primary,Headline,5.102041,D,S,148638.000000
Sat Sep 13 08:33:46 2025,13-Sep-2025,113352,47 10.321300 N,060 54.746100 W,5.4,164.5,A,Primary,Headline,5.102041,D,S,148638.000000
Sat Sep 13 08:33:51 2025,13-Sep-2025,113353,47 10.319800 N,060 54.745500 W,5.4,164.9,A,Primary,Headline,6.142857,D,S,154517.000000
Sat Sep 13 08:33:51 2025,13-Sep-2025,113354,47 10.318200 N,060 54.745100 W,5.5,165.9,A,Primary,Headline,6.142857,D,S,154517.000000
Sat Sep 13 08:33:52 2025,13-Sep-2025,113355,47 10.316500 N,060 54.744800 W,5.6,167.3,A,Depth,Depth,20.000000,D,S,91857.000000
Sat Sep 13 08:33:52 2025,13-Sep-2025,113356,47 10.314900 N,060 54.744300 W,5.6,167.5,A,Depth,Depth,20.000000,D,S,91857.000000
Sat Sep 13 08:33:52 2025,13-Sep-2025,113357,47 10.313400 N,060 54.743700 W,5.6,166.3,A,Depth,Depth,20.000000,D,S,91857.000000
Sat Sep 13 08:33:56 2025,13-Sep-2025,113358,47 10.312100 N,060 54.742800 W,5.5,164.9,A,DoorSpread,DoorMaster,5.125000,D,S,309166.000000
Sat Sep 13 08:33:56 2025,13-Sep-2025,113359,47 10.310800 N,060 54.742000 W,5.4,164.2,A,DoorSpread,DoorMaster,5.125000,D,S,309166.000000
Sat Sep 13 08:33:56 2025,13-Sep-2025,113400,47 10.309500 N,060 54.741400 W,5.4,164.6,A,DoorSpread,DoorMaster,5.125000,D,S,309166.000000
Sat Sep 13 08:33:56 2025,13-Sep-2025,113401,47 10.308000 N,060 54.741000 W,5.4,165.2,A,DoorSpread,DoorMaster,5.125000,D,S,309166.000000
Sat Sep 13 08:33:59 2025,13-Sep-2025,113402,47 10.306500 N,060 54.740400 W,5.4,165.9,A,Depth,Depth,20.555556,D,S,128577.000000
Sat Sep 13 08:33:59 2025,13-Sep-2025,113403,47 10.304900 N,060 54.739800 W,5.5,165.8,A,Depth,Depth,20.555556,D,S,128577.000000
Sat Sep 13 08:34:01 2025,13-Sep-2025,113404,47 10.303400 N,060 54.739100 W,5.5,165.0,A,Primary,Headline,44.265306,D,S,199670.000000
Sat Sep 13 08:34:01 2025,13-Sep-2025,113405,47 10.301900 N,060 54.738400 W,5.5,164.7,A,Primary,Headline,44.265306,D,S,199670.000000
Sat Sep 13 08:34:01 2025,13-Sep-2025,113406,47 10.300500 N,060 54.737800 W,5.5,164.8,A,Primary,Headline,44.265306,D,S,199670.000000
Sat Sep 13 08:34:01 2025,13-Sep-2025,113407,47 10.299000 N,060 54.737200 W,5.5,165.0,A,Primary,Headline,44.265306,D,S,199670.000000
Sat Sep 13 08:34:01 2025,13-Sep-2025,113408,47 10.297400 N,060 54.736600 W,5.5,165.5,A,Primary,Headline,44.265306,D,S,199670.000000
Sat Sep 13 08:34:07 2025,13-Sep-2025,113409,47 10.296000 N,060 54.736000 W,5.4,165.7,A,DoorSpread,DoorMaster,5.085000,D,P,68633.000000
Sat Sep 13 08:34:07 2025,13-Sep-2025,113410,47 10.294600 N,060 54.735300 W,5.5,164.9,A,Primary,Headline,59.020408,D,S,199693.000000
Sat Sep 13 08:34:07 2025,13-Sep-2025,113411,47 10.293300 N,060 54.734500 W,5.4,163.8,A,Primary,Headline,59.020408,D,S,199693.000000
Sat Sep 13 08:34:07 2025,13-Sep-2025,113412,47 10.292100 N,060 54.733700 W,5.4,163.2,A,Primary,Headline,59.020408,D,S,199693.000000
Sat Sep 13 08:34:07 2025,13-Sep-2025,113413,47 10.290900 N,060 54.733100 W,5.4,163.2,A,Primary,Headline,59.020408,D,S,199693.000000
Sat Sep 13 08:34:07 2025,13-Sep-2025,113414,47 10.289600 N,060 54.732500 W,5.4,163.5,A,Primary,Headline,59.020408,D,S,199693.000000
Sat Sep 13 08:34:12 2025,13-Sep-2025,113415,47 10.288200 N,060 54.732000 W,5.5,164.0,A,Primary,Headline,2.693878,D,S,126128.000000
Sat Sep 13 08:34:14 2025,13-Sep-2025,113416,47 10.286700 N,060 54.731500 W,5.5,164.1,A,Depth,Depth,23.703704,D,S,93958.000000
Sat Sep 13 08:34:14 2025,13-Sep-2025,113417,47 10.285400 N,060 54.730900 W,5.5,164.0,A,Depth,Depth,23.703704,D,S,93958.000000
Sat Sep 13 08:34:14 2025,13-Sep-2025,113418,47 10.284000 N,060 54.730200 W,5.5,163.6,A,Depth,Depth,23.703704,D,S,93958.000000
Sat Sep 13 08:34:14 2025,13-Sep-2025,113419,47 10.282700 N,060 54.729300 W,5.5,163.0,A,Depth,Depth,23.703704,D,S,93958.000000
Sat Sep 13 08:34:18 2025,13-Sep-2025,113420,47 10.281400 N,060 54.728600 W,5.4,162.3,A,DoorSpread,DoorMaster,4.930000,D,S,134313.000000
Sat Sep 13 08:34:18 2025,13-Sep-2025,113421,47 10.280100 N,060 54.727900 W,5.4,161.8,A,DoorSpread,DoorMaster,4.930000,D,S,134313.000000
Sat Sep 13 08:34:18 2025,13-Sep-2025,113422,47 10.278900 N,060 54.727200 W,5.4,161.6,A,DoorSpread,DoorMaster,4.930000,D,S,134313.000000
Sat Sep 13 08:34:21 2025,13-Sep-2025,113423,47 10.277400 N,060 54.726500 W,5.4,162.5,A,Depth,Depth,26.018519,D,S,76105.000000
Sat Sep 13 08:34:21 2025,13-Sep-2025,113424,47 10.275800 N,060 54.725800 W,5.5,163.9,A,Depth,Depth,26.018519,D,S,76105.000000
Sat Sep 13 08:34:21 2025,13-Sep-2025,113425,47 10.274100 N,060 54.725100 W,5.5,164.4,A,Depth,Depth,26.018519,D,S,76105.000000
Sat Sep 13 08:34:23 2025,13-Sep-2025,113426,47 10.272500 N,060 54.724500 W,5.6,164.3,A,DoorSpread,DoorMaster,4.970000,D,S,149767.000000
Sat Sep 13 08:34:23 2025,13-Sep-2025,113427,47 10.270900 N,060 54.723700 W,5.5,163.7,A,DoorSpread,DoorMaster,4.970000,D,S,149767.000000
Sat Sep 13 08:34:23 2025,13-Sep-2025,113428,47 10.269400 N,060 54.723100 W,5.4,163.0,A,DoorSpread,DoorMaster,4.970000,D,S,149767.000000
Sat Sep 13 08:34:23 2025,13-Sep-2025,113429,47 10.267900 N,060 54.722500 W,5.4,162.5,A,DoorSpread,DoorMaster,4.970000,D,S,149767.000000
Sat Sep 13 08:34:28 2025,13-Sep-2025,113430,47 10.266600 N,060 54.722000 W,5.4,162.3,A,Depth,Depth,26.944444,D,S,122270.000000
Sat Sep 13 08:34:29 2025,13-Sep-2025,113431,47 10.265200 N,060 54.721500 W,5.3,162.1,A,DoorSpread,DoorMaster,6.470000,D,P,50086.000000
Sat Sep 13 08:34:29 2025,13-Sep-2025,113432,47 10.263700 N,060 54.720900 W,5.3,162.4,A,DoorSpread,DoorMaster,6.470000,D,P,50086.000000
Sat Sep 13 08:34:29 2025,13-Sep-2025,113433,47 10.262200 N,060 54.720400 W,5.4,162.7,A,DoorSpread,DoorMaster,6.470000,D,P,50086.000000
Sat Sep 13 08:34:29 2025,13-Sep-2025,113434,47 10.260600 N,060 54.719800 W,5.4,163.1,A,DoorSpread,DoorMaster,6.470000,D,P,50086.000000
Sat Sep 13 08:34:29 2025,13-Sep-2025,113435,47 10.259100 N,060 54.719300 W,5.5,164.0,A,DoorSpread,DoorMaster,6.470000,D,P,50086.000000
Sat Sep 13 08:34:29 2025,13-Sep-2025,113436,47 10.257700 N,060 54.718800 W,5.5,164.3,A,DoorSpread,DoorMaster,6.470000,D,P,50086.000000
Sat Sep 13 08:34:35 2025,13-Sep-2025,113437,47 10.256200 N,060 54.718100 W,5.4,163.2,A,Primary,Headline,55.775510,D,S,123347.000000
Sat Sep 13 08:34:35 2025,13-Sep-2025,113438,47 10.254800 N,060 54.717100 W,5.4,161.5,A,Primary,Headline,55.775510,D,S,123347.000000
Sat Sep 13 08:34:35 2025,13-Sep-2025,113439,47 10.253400 N,060 54.716200 W,5.3,160.1,A,Primary,Headline,55.775510,D,S,123347.000000
Sat Sep 13 08:34:35 2025,13-Sep-2025,113440,47 10.252100 N,060 54.715300 W,5.2,159.8,A,Primary,Headline,55.775510,D,S,123347.000000
Sat Sep 13 08:34:35 2025,13-Sep-2025,113441,47 10.250600 N,060 54.714600 W,5.3,160.7,A,Primary,Headline,55.775510,D,S,123347.000000
Sat Sep 13 08:34:40 2025,13-Sep-2025,113442,47 10.249000 N,060 54.714100 W,5.3,162.2,A,DoorSpread,DoorMaster,6.095000,D,S,100262.000000
Sat Sep 13 08:34:40 2025,13-Sep-2025,113443,47 10.247500 N,060 54.713800 W,5.3,163.3,A,DoorSpread,DoorMaster,6.095000,D,S,100262.000000
Sat Sep 13 08:34:40 2025,13-Sep-2025,113444,47 10.245900 N,060 54.713400 W,5.4,163.6,A,DoorSpread,DoorMaster,6.095000,D,S,100262.000000
Sat Sep 13 08:34:40 2025,13-Sep-2025,113445,47 10.244400 N,060 54.712800 W,5.4,163.3,A,DoorSpread,DoorMaster,6.095000,D,S,100262.000000
Sat Sep 13 08:34:40 2025,13-Sep-2025,113446,47 10.242900 N,060 54.712100 W,5.4,162.2,A,DoorSpread,DoorMaster,6.095000,D,S,100262.000000
Sat Sep 13 08:34:40 2025,13-Sep-2025,113447,47 10.241600 N,060 54.711300 W,5.2,160.7,A,DoorSpread,DoorMaster,6.095000,D,S,100262.000000
Sat Sep 13 08:34:45 2025,13-Sep-2025,113448,47 10.240400 N,060 54.710400 W,5.2,160.0,A,DoorSpread,DoorMaster,6.125000,D,S,72743.000000
Sat Sep 13 08:34:45 2025,13-Sep-2025,113449,47 10.239000 N,060 54.709500 W,5.2,159.8,A,DoorSpread,DoorMaster,6.125000,D,S,72743.000000
Sat Sep 13 08:34:45 2025,13-Sep-2025,113450,47 10.237600 N,060 54.708800 W,5.1,160.3,A,DoorSpread,DoorMaster,6.125000,D,S,72743.000000
Sat Sep 13 08:34:45 2025,13-Sep-2025,113451,47 10.236300 N,060 54.708200 W,5.1,161.0,A,DoorSpread,DoorMaster,6.125000,D,S,72743.000000
Sat Sep 13 08:34:49 2025,13-Sep-2025,113452,47 10.234800 N,060 54.707600 W,5.3,162.4,A,Depth,Depth,30.555556,D,S,46828.000000
Sat Sep 13 08:34:50 2025,13-Sep-2025,113453,47 10.233100 N,060 54.707200 W,5.3,163.6,A,Primary,Headline,2.795918,D,S,64165.000000
Sat Sep 13 08:34:51 2025,13-Sep-2025,113454,47 10.231600 N,060 54.706600 W,5.4,164.1,A,DoorSpread,DoorMaster,6.275000,D,S,31356.000000
Sat Sep 13 08:34:51 2025,13-Sep-2025,113455,47 10.230100 N,060 54.705900 W,5.4,163.7,A,DoorSpread,DoorMaster,6.275000,D,S,31356.000000
Sat Sep 13 08:34:51 2025,13-Sep-2025,113456,47 10.228900 N,060 54.705100 W,5.3,162.4,A,DoorSpread,DoorMaster,6.275000,D,S,31356.000000
Sat Sep 13 08:34:51 2025,13-Sep-2025,113457,47 10.227800 N,060 54.704200 W,5.2,161.0,A,DoorSpread,DoorMaster,6.275000,D,S,31356.000000
Sat Sep 13 08:34:56 2025,13-Sep-2025,113458,47 10.226600 N,060 54.703400 W,5.1,160.1,A,Primary,Headline,48.142857,D,P,92090.000000
Sat Sep 13 08:34:57 2025,13-Sep-2025,113459,47 10.225300 N,060 54.702800 W,5.1,160.2,A,DoorSpread,DoorMaster,5.615000,D,S,54140.000000
Sat Sep 13 08:34:57 2025,13-Sep-2025,113500,47 10.223800 N,060 54.702300 W,5.2,161.1,A,DoorSpread,DoorMaster,5.615000,D,S,54140.000000
Sat Sep 13 08:34:57 2025,13-Sep-2025,113501,47 10.222300 N,060 54.701800 W,5.3,162.0,A,DoorSpread,DoorMaster,5.615000,D,S,54140.000000
Sat Sep 13 08:34:57 2025,13-Sep-2025,113502,47 10.220800 N,060 54.701100 W,5.4,162.2,A,DoorSpread,DoorMaster,5.615000,D,S,54140.000000
Sat Sep 13 08:34:57 2025,13-Sep-2025,113503,47 10.219400 N,060 54.700300 W,5.4,162.1,A,DoorSpread,DoorMaster,5.615000,D,S,54140.000000
Sat Sep 13 08:35:01 2025,13-Sep-2025,113504,47 10.218000 N,060 54.699500 W,5.4,161.7,A,Primary,Headline,2.224490,D,S,135438.000000
Sat Sep 13 08:35:02 2025,13-Sep-2025,113505,47 10.216700 N,060 54.698700 W,5.3,161.2,A,DoorSpread,DoorMaster,5.665000,D,S,174725.000000
Sat Sep 13 08:35:03 2025,13-Sep-2025,113506,47 10.215500 N,060 54.698100 W,5.2,160.7,A,Depth,Depth,33.796296,D,S,101461.000000
Sat Sep 13 08:35:03 2025,13-Sep-2025,113507,47 10.214200 N,060 54.697400 W,5.2,160.7,A,Depth,Depth,33.796296,D,S,101461.000000
Sat Sep 13 08:35:03 2025,13-Sep-2025,113508,47 10.212900 N,060 54.696800 W,5.2,160.8,A,Depth,Depth,33.796296,D,S,101461.000000
Sat Sep 13 08:35:06 2025,13-Sep-2025,113509,47 10.211700 N,060 54.696200 W,5.2,160.7,A,Primary,Headline,3.326531,D,S,118532.000000
Sat Sep 13 08:35:06 2025,13-Sep-2025,113510,47 10.210400 N,060 54.695500 W,5.2,161.0,A,Primary,Headline,3.326531,D,S,118532.000000
Sat Sep 13 08:35:08 2025,13-Sep-2025,113511,47 10.208800 N,060 54.694800 W,5.3,161.6,A,DoorSpread,DoorMaster,6.145000,D,S,106434.000000
Sat Sep 13 08:35:08 2025,13-Sep-2025,113512,47 10.207300 N,060 54.694200 W,5.3,162.1,A,DoorSpread,DoorMaster,6.145000,D,S,106434.000000
Sat Sep 13 08:35:10 2025,13-Sep-2025,113513,47 10.205900 N,060 54.693600 W,5.3,162.3,A,Depth,Depth,35.740741,D,S,104802.000000
Sat Sep 13 08:35:11 2025,13-Sep-2025,113514,47 10.204600 N,060 54.692900 W,5.3,161.7,A,Primary,Headline,2.081633,D,S,126739.000000
Sat Sep 13 08:35:11 2025,13-Sep-2025,113515,47 10.203300 N,060 54.692000 W,5.3,160.8,A,Primary,Headline,2.081633,D,S,126739.000000
Sat Sep 13 08:35:13 2025,13-Sep-2025,113516,47 10.202100 N,060 54.691200 W,5.2,160.1,A,DoorSpread,DoorMaster,6.560000,D,P,44547.000000
Sat Sep 13 08:35:13 2025,13-Sep-2025,113517,47 10.200800 N,060 54.690400 W,5.2,159.9,A,DoorSpread,DoorMaster,6.560000,D,P,44547.000000
Sat Sep 13 08:35:13 2025,13-Sep-2025,113518,47 10.199400 N,060 54.689800 W,5.2,159.9,A,DoorSpread,DoorMaster,6.560000,D,P,44547.000000
Sat Sep 13 08:35:16 2025,13-Sep-2025,113519,47 10.198000 N,060 54.689200 W,5.2,160.3,A,Primary,Headline,19.122449,D,S,74014.000000
Sat Sep 13 08:35:18 2025,13-Sep-2025,113520,47 10.196500 N,060 54.688500 W,5.3,161.1,A,Depth,Depth,44.166667,D,S,35645.000000
Sat Sep 13 08:35:19 2025,13-Sep-2025,113521,47 10.194900 N,060 54.687700 W,5.3,161.5,A,DoorSpread,DoorMaster,5.820000,D,S,117645.000000
Sat Sep 13 08:35:19 2025,13-Sep-2025,113522,47 10.193600 N,060 54.686800 W,5.2,161.3,A,DoorSpread,DoorMaster,5.820000,D,S,117645.000000
Sat Sep 13 08:35:19 2025,13-Sep-2025,113523,47 10.192200 N,060 54.686000 W,5.3,160.7,A,DoorSpread,DoorMaster,5.820000,D,S,117645.000000
Sat Sep 13 08:35:21 2025,13-Sep-2025,113524,47 10.190800 N,060 54.685100 W,5.3,160.3,A,Primary,Headline,2.591837,D,S,78495.000000
Sat Sep 13 08:35:21 2025,13-Sep-2025,113525,47 10.189500 N,060 54.684400 W,5.2,160.1,A,Primary,Headline,2.591837,D,S,78495.000000
Sat Sep 13 08:35:21 2025,13-Sep-2025,113526,47 10.188100 N,060 54.683700 W,5.2,160.0,A,Primary,Headline,2.591837,D,S,78495.000000
Sat Sep 13 08:35:25 2025,13-Sep-2025,113527,47 10.186600 N,060 54.682900 W,5.3,160.2,A,Depth,Depth,35.092593,D,S,35750.000000
Sat Sep 13 08:35:25 2025,13-Sep-2025,113528,47 10.185200 N,060 54.682200 W,5.3,160.5,A,Depth,Depth,35.092593,D,S,35750.000000
Sat Sep 13 08:35:26 2025,13-Sep-2025,113529,47 10.183700 N,060 54.681500 W,5.2,160.8,A,Primary,Headline,2.163265,D,S,73981.000000
Sat Sep 13 08:35:26 2025,13-Sep-2025,113530,47 10.182200 N,060 54.680600 W,5.3,160.6,A,Primary,Headline,2.163265,D,S,73981.000000
Sat Sep 13 08:35:26 2025,13-Sep-2025,113531,47 10.180800 N,060 54.679700 W,5.3,160.2,A,Primary,Headline,2.163265,D,S,73981.000000
Sat Sep 13 08:35:26 2025,13-Sep-2025,113532,47 10.179500 N,060 54.678600 W,5.2,159.7,A,Primary,Headline,2.163265,D,S,73981.000000
Sat Sep 13 08:35:30 2025,13-Sep-2025,113533,47 10.178200 N,060 54.677700 W,5.2,159.3,A,DoorSpread,DoorMaster,5.645000,D,P,69131.000000
Sat Sep 13 08:35:31 2025,13-Sep-2025,113534,47 10.176900 N,060 54.676900 W,5.3,159.2,A,Primary,Headline,2.408163,D,S,101243.000000
Sat Sep 13 08:35:32 2025,13-Sep-2025,113535,47 10.175500 N,060 54.676300 W,5.3,159.5,A,Depth,Depth,39.907407,D,S,71254.000000
Sat Sep 13 08:35:32 2025,13-Sep-2025,113536,47 10.174200 N,060 54.675700 W,5.2,159.9,A,Depth,Depth,39.907407,D,S,71254.000000
Sat Sep 13 08:35:32 2025,13-Sep-2025,113537,47 10.173000 N,060 54.675100 W,5.2,160.1,A,Depth,Depth,39.907407,D,S,71254.000000
Sat Sep 13 08:35:36 2025,13-Sep-2025,113538,47 10.171600 N,060 54.674300 W,5.3,160.1,A,DoorSpread,DoorMaster,6.250000,D,S,134418.000000
Sat Sep 13 08:35:36 2025,13-Sep-2025,113539,47 10.170300 N,060 54.673500 W,5.2,160.0,A,DoorSpread,DoorMaster,6.250000,D,S,134418.000000
Sat Sep 13 08:35:37 2025,13-Sep-2025,113540,47 10.169000 N,060 54.672700 W,5.2,159.8,A,Primary,Headline,53.571429,D,S,213755.000000
Sat Sep 13 08:35:37 2025,13-Sep-2025,113541,47 10.167700 N,060 54.671800 W,5.3,159.3,A,Primary,Headline,53.571429,D,S,213755.000000
Sat Sep 13 08:35:39 2025,13-Sep-2025,113542,47 10.166400 N,060 54.670900 W,5.2,158.7,A,Depth,Depth,43.518519,D,S,127370.000000
Sat Sep 13 08:35:39 2025,13-Sep-2025,113543,47 10.165000 N,060 54.670000 W,5.2,158.3,A,Depth,Depth,43.518519,D,S,127370.000000
Sat Sep 13 08:35:41 2025,13-Sep-2025,113544,47 10.163700 N,060 54.669300 W,5.2,158.9,A,DoorSpread,DoorMaster,5.815000,D,S,117697.000000
Sat Sep 13 08:35:41 2025,13-Sep-2025,113545,47 10.162300 N,060 54.668700 W,5.2,159.5,A,DoorSpread,DoorMaster,5.815000,D,S,117697.000000
Sat Sep 13 08:35:43 2025,13-Sep-2025,113546,47 10.161000 N,060 54.668100 W,5.2,159.8,A,Primary,Headline,47.142857,D,S,189937.000000
Sat Sep 13 08:35:43 2025,13-Sep-2025,113547,47 10.159500 N,060 54.667500 W,5.3,160.0,A,Primary,Headline,47.142857,D,S,189937.000000
Sat Sep 13 08:35:43 2025,13-Sep-2025,113548,47 10.158200 N,060 54.666800 W,5.3,159.7,A,Primary,Headline,47.142857,D,S,189937.000000
Sat Sep 13 08:35:47 2025,13-Sep-2025,113549,47 10.157000 N,060 54.666000 W,5.2,158.6,A,DoorSpread,DoorMaster,5.740000,D,S,148605.000000
Sat Sep 13 08:35:47 2025,13-Sep-2025,113550,47 10.155800 N,060 54.665100 W,5.2,156.9,A,DoorSpread,DoorMaster,5.740000,D,S,148605.000000
Sat Sep 13 08:35:49 2025,13-Sep-2025,113551,47 10.154600 N,060 54.664200 W,5.2,156.6,A,Primary,Headline,42.428571,D,S,89381.000000
Sat Sep 13 08:35:49 2025,13-Sep-2025,113552,47 10.153400 N,060 54.663400 W,5.1,156.8,A,Primary,Headline,42.428571,D,S,89381.000000
Sat Sep 13 08:35:49 2025,13-Sep-2025,113553,47 10.152000 N,060 54.662800 W,5.2,157.6,A,Primary,Headline,42.428571,D,S,89381.000000
Sat Sep 13 08:35:52 2025,13-Sep-2025,113554,47 10.150600 N,060 54.662100 W,5.2,158.5,A,DoorSpread,DoorMaster,0.000000,E,S,96530.000000
Sat Sep 13 08:35:52 2025,13-Sep-2025,113555,47 10.149100 N,060 54.661300 W,5.2,159.1,A,DoorSpread,DoorMaster,0.000000,E,S,96530.000000
Sat Sep 13 08:35:53 2025,13-Sep-2025,113556,47 10.147700 N,060 54.660400 W,5.3,159.2,A,Depth,Depth,48.425926,D,S,124362.000000
Sat Sep 13 08:35:54 2025,13-Sep-2025,113557,47 10.146300 N,060 54.659500 W,5.3,158.7,A,Primary,Headline,41.795918,D,S,114534.000000
Sat Sep 13 08:35:54 2025,13-Sep-2025,113558,47 10.145100 N,060 54.658500 W,5.3,157.6,A,Primary,Headline,41.795918,D,S,114534.000000
Sat Sep 13 08:35:54 2025,13-Sep-2025,113559,47 10.143900 N,060 54.657500 W,5.2,157.0,A,Primary,Headline,41.795918,D,S,114534.000000
Sat Sep 13 08:35:57 2025,13-Sep-2025,113600,47 10.142600 N,060 54.656800 W,5.2,157.2,A,DoorSpread,DoorMaster,6.815000,D,S,113294.000000
Sat Sep 13 08:35:57 2025,13-Sep-2025,113601,47 10.141300 N,060 54.656100 W,5.2,157.7,A,DoorSpread,DoorMaster,6.815000,D,S,113294.000000
Sat Sep 13 08:35:57 2025,13-Sep-2025,113602,47 10.139900 N,060 54.655500 W,5.2,158.6,A,DoorSpread,DoorMaster,6.815000,D,S,113294.000000
Sat Sep 13 08:36:01 2025,13-Sep-2025,113603,47 10.138400 N,060 54.654900 W,5.3,159.5,A,Depth,Depth,46.944444,D,S,67833.000000
Sat Sep 13 08:36:01 2025,13-Sep-2025,113604,47 10.136900 N,060 54.654200 W,5.3,159.9,A,Depth,Depth,46.944444,D,S,67833.000000
Sat Sep 13 08:36:01 2025,13-Sep-2025,113605,47 10.135500 N,060 54.653400 W,5.3,159.4,A,Depth,Depth,46.944444,D,S,67833.000000
Sat Sep 13 08:36:03 2025,13-Sep-2025,113606,47 10.134200 N,060 54.652400 W,5.3,158.7,A,DoorSpread,DoorMaster,5.960000,D,S,147950.000000
Sat Sep 13 08:36:03 2025,13-Sep-2025,113607,47 10.133000 N,060 54.651600 W,5.2,158.2,A,DoorSpread,DoorMaster,5.960000,D,S,147950.000000
Sat Sep 13 08:36:06 2025,13-Sep-2025,113608,47 10.131700 N,060 54.650800 W,5.1,157.9,A,Primary,Headline,40.693878,D,S,191741.000000
Sat Sep 13 08:36:06 2025,13-Sep-2025,113609,47 10.130400 N,060 54.650100 W,5.1,157.7,A,Primary,Headline,40.693878,D,S,191741.000000
Sat Sep 13 08:36:08 2025,13-Sep-2025,113610,47 10.129100 N,060 54.649300 W,5.1,157.6,A,Depth,Depth,50.555556,D,S,132682.000000
Sat Sep 13 08:36:09 2025,13-Sep-2025,113611,47 10.127700 N,060 54.648600 W,5.2,157.8,A,DoorSpread,DoorMaster,5.765000,D,P,54036.000000
Sat Sep 13 08:36:09 2025,13-Sep-2025,113612,47 10.126300 N,060 54.647900 W,5.3,158.1,A,DoorSpread,DoorMaster,5.765000,D,P,54036.000000
Sat Sep 13 08:36:09 2025,13-Sep-2025,113613,47 10.124900 N,060 54.647300 W,5.3,158.4,A,DoorSpread,DoorMaster,5.765000,D,P,54036.000000
Sat Sep 13 08:36:11 2025,13-Sep-2025,113614,47 10.123600 N,060 54.646700 W,5.2,158.8,A,Primary,Headline,39.448980,D,S,80745.000000
Sat Sep 13 08:36:11 2025,13-Sep-2025,113615,47 10.122200 N,060 54.646100 W,5.3,159.1,A,Primary,Headline,39.448980,D,S,80745.000000
Sat Sep 13 08:36:14 2025,13-Sep-2025,113616,47 10.120800 N,060 54.645200 W,5.3,158.9,A,DoorSpread,DoorMaster,0.000000,E,S,109219.000000
Sat Sep 13 08:36:14 2025,13-Sep-2025,113617,47 10.119600 N,060 54.644300 W,5.2,158.5,A,DoorSpread,DoorMaster,0.000000,E,S,109219.000000
Sat Sep 13 08:36:15 2025,13-Sep-2025,113618,47 10.118300 N,060 54.643300 W,5.2,157.8,A,Depth,Depth,50.185185,D,S,66385.000000
Sat Sep 13 08:36:15 2025,13-Sep-2025,113619,47 10.117000 N,060 54.642500 W,5.2,157.8,A,Depth,Depth,50.185185,D,S,66385.000000
Sat Sep 13 08:36:17 2025,13-Sep-2025,113620,47 10.115700 N,060 54.641900 W,5.2,158.4,A,Primary,Headline,39.061224,D,S,73938.000000
Sat Sep 13 08:36:17 2025,13-Sep-2025,113621,47 10.114300 N,060 54.641400 W,5.2,159.2,A,Primary,Headline,39.061224,D,S,73938.000000
Sat Sep 13 08:36:19 2025,13-Sep-2025,113622,47 10.112800 N,060 54.640700 W,5.3,159.6,A,DoorSpread,DoorMaster,6.075000,D,S,156364.000000
Sat Sep 13 08:36:19 2025,13-Sep-2025,113623,47 10.111300 N,060 54.639900 W,5.3,159.6,A,DoorSpread,DoorMaster,6.075000,D,S,156364.000000
Sat Sep 13 08:36:19 2025,13-Sep-2025,113624,47 10.109900 N,060 54.639100 W,5.3,159.5,A,DoorSpread,DoorMaster,6.075000,D,S,156364.000000
Sat Sep 13 08:36:23 2025,13-Sep-2025,113625,47 10.108600 N,060 54.638300 W,5.2,159.2,A,Primary,Headline,37.571429,D,S,63368.000000
Sat Sep 13 08:36:23 2025,13-Sep-2025,113626,47 10.107400 N,060 54.637600 W,5.1,158.9,A,Primary,Headline,37.571429,D,S,63368.000000
Sat Sep 13 08:36:25 2025,13-Sep-2025,113627,47 10.106400 N,060 54.637000 W,4.9,158.6,A,DoorSpread,DoorMaster,6.100000,D,P,42188.000000
Sat Sep 13 08:36:25 2025,13-Sep-2025,113628,47 10.105300 N,060 54.636300 W,4.9,158.4,A,DoorSpread,DoorMaster,6.100000,D,P,42188.000000
Sat Sep 13 08:36:25 2025,13-Sep-2025,113629,47 10.104200 N,060 54.635700 W,4.8,158.5,A,DoorSpread,DoorMaster,6.100000,D,P,42188.000000
Sat Sep 13 08:36:25 2025,13-Sep-2025,113630,47 10.103100 N,060 54.635000 W,4.7,158.8,A,DoorSpread,DoorMaster,6.100000,D,P,42188.000000
Sat Sep 13 08:36:28 2025,13-Sep-2025,113631,47 10.102100 N,060 54.634400 W,4.6,159.0,A,Primary,Headline,37.285714,D,S,120786.000000
Sat Sep 13 08:36:29 2025,13-Sep-2025,113632,47 10.101100 N,060 54.633800 W,4.4,159.0,A,Depth,Depth,53.148148,D,S,117194.000000
Sat Sep 13 08:36:31 2025,13-Sep-2025,113633,47 10.100200 N,060 54.633100 W,4.3,158.9,A,DoorSpread,DoorMaster,5.865000,D,S,111975.000000
Sat Sep 13 08:36:31 2025,13-Sep-2025,113634,47 10.099300 N,060 54.632500 W,4.1,158.6,A,DoorSpread,DoorMaster,5.865000,D,S,111975.000000
Sat Sep 13 08:36:31 2025,13-Sep-2025,113635,47 10.098400 N,060 54.632000 W,4.0,158.6,A,DoorSpread,DoorMaster,5.865000,D,S,111975.000000
Sat Sep 13 08:36:31 2025,13-Sep-2025,113636,47 10.097500 N,060 54.631500 W,3.8,158.7,A,DoorSpread,DoorMaster,5.865000,D,S,111975.000000
Sat Sep 13 08:36:34 2025,13-Sep-2025,113637,47 10.096600 N,060 54.631200 W,3.6,158.7,A,Primary,Headline,35.877551,D,P,71088.000000
Sat Sep 13 08:36:36 2025,13-Sep-2025,113638,47 10.095800 N,060 54.630700 W,3.5,158.5,A,DoorSpread,DoorMaster,5.775000,D,P,65741.000000
Sat Sep 13 08:36:37 2025,13-Sep-2025,113639,47 10.095000 N,060 54.630100 W,3.4,158.1,A,Depth,Depth,58.518519,D,P,23993.000000
Sat Sep 13 08:36:37 2025,13-Sep-2025,113640,47 10.094400 N,060 54.629700 W,3.2,157.8,A,Depth,Depth,56.851852,D,S,118430.000000
Sat Sep 13 08:36:37 2025,13-Sep-2025,113641,47 10.093700 N,060 54.629400 W,3.1,157.7,A,Depth,Depth,56.851852,D,S,118430.000000
Sat Sep 13 08:36:40 2025,13-Sep-2025,113642,47 10.093000 N,060 54.629100 W,3.0,157.8,A,Primary,Headline,34.469388,D,S,202908.000000
Sat Sep 13 08:36:40 2025,13-Sep-2025,113643,47 10.092300 N,060 54.628700 W,2.9,158.0,A,Primary,Headline,34.469388,D,S,202908.000000
Sat Sep 13 08:36:42 2025,13-Sep-2025,113644,47 10.091700 N,060 54.628400 W,2.8,158.0,A,DoorSpread,DoorMaster,5.705000,D,P,48705.000000
Sat Sep 13 08:36:42 2025,13-Sep-2025,113645,47 10.091000 N,060 54.628100 W,2.8,157.8,A,DoorSpread,DoorMaster,5.705000,D,P,48705.000000
Sat Sep 13 08:36:44 2025,13-Sep-2025,113646,47 10.090400 N,060 54.627700 W,2.7,157.5,A,Depth,Depth,52.592593,D,P,17015.000000
Sat Sep 13 08:36:44 2025,13-Sep-2025,113647,47 10.089900 N,060 54.627400 W,2.5,157.2,A,Depth,Depth,53.888889,D,S,76594.000000
Sat Sep 13 08:36:45 2025,13-Sep-2025,113648,47 10.089400 N,060 54.627100 W,2.5,156.9,A,Primary,Headline,34.448980,D,S,120086.000000
Sat Sep 13 08:36:45 2025,13-Sep-2025,113649,47 10.088900 N,060 54.626800 W,2.4,156.8,A,Primary,Headline,34.448980,D,S,120086.000000
Sat Sep 13 08:36:47 2025,13-Sep-2025,113650,47 10.088300 N,060 54.626400 W,2.4,156.7,A,DoorSpread,DoorMaster,5.700000,D,S,126477.000000
Sat Sep 13 08:36:47 2025,13-Sep-2025,113651,47 10.087800 N,060 54.626000 W,2.4,156.5,A,DoorSpread,DoorMaster,5.700000,D,S,126477.000000
Sat Sep 13 08:36:47 2025,13-Sep-2025,113652,47 10.087400 N,060 54.625600 W,2.4,156.6,A,DoorSpread,DoorMaster,5.700000,D,S,126477.000000
Sat Sep 13 08:36:51 2025,13-Sep-2025,113653,47 10.086800 N,060 54.625300 W,2.4,157.0,A,Primary,Headline,32.408163,D,S,133272.000000
Sat Sep 13 08:36:51 2025,13-Sep-2025,113654,47 10.086100 N,060 54.624900 W,2.4,157.2,A,Depth,Depth,59.907407,D,P,27261.000000
Sat Sep 13 08:36:53 2025,13-Sep-2025,113655,47 10.085700 N,060 54.624500 W,2.4,156.9,A,DoorSpread,DoorMaster,5.630000,D,S,73302.000000
Sat Sep 13 08:36:53 2025,13-Sep-2025,113656,47 10.085300 N,060 54.624000 W,2.3,156.3,A,DoorSpread,DoorMaster,5.630000,D,S,73302.000000
Sat Sep 13 08:36:53 2025,13-Sep-2025,113657,47 10.084900 N,060 54.623500 W,2.3,155.3,A,DoorSpread,DoorMaster,5.630000,D,S,73302.000000
Sat Sep 13 08:36:53 2025,13-Sep-2025,113658,47 10.084200 N,060 54.622900 W,2.4,154.8,A,DoorSpread,DoorMaster,5.630000,D,S,73302.000000
Sat Sep 13 08:36:56 2025,13-Sep-2025,113659,47 10.083500 N,060 54.622700 W,2.4,155.6,A,Primary,Headline,29.959184,D,P,60336.000000
Sat Sep 13 08:36:56 2025,13-Sep-2025,113700,47 10.082900 N,060 54.622700 W,2.4,157.1,A,Primary,Headline,29.959184,D,P,60336.000000
Sat Sep 13 08:36:58 2025,13-Sep-2025,113701,47 10.082200 N,060 54.622500 W,2.5,158.4,A,Depth,Depth,93.240741,D,P,3951.000000
Sat Sep 13 08:36:58 2025,13-Sep-2025,113702,47 10.081500 N,060 54.622000 W,2.6,158.3,A,Depth,Depth,93.240741,D,P,3951.000000
Sat Sep 13 08:36:58 2025,13-Sep-2025,113703,47 10.081100 N,060 54.621300 W,2.5,157.2,A,Depth,Depth,93.240741,D,P,3951.000000
Sat Sep 13 08:37:02 2025,13-Sep-2025,113704,47 10.080700 N,060 54.620700 W,2.4,156.3,A,Primary,Headline,28.265306,D,P,46017.000000
Sat Sep 13 08:37:02 2025,13-Sep-2025,113705,47 10.080200 N,060 54.620300 W,2.4,156.0,A,Primary,Headline,28.265306,D,P,46017.000000
Sat Sep 13 08:37:04 2025,13-Sep-2025,113706,47 10.079500 N,060 54.620000 W,2.4,156.5,A,DoorSpread,DoorMaster,5.775000,D,S,72809.000000
Sat Sep 13 08:37:04 2025,13-Sep-2025,113707,47 10.079000 N,060 54.619700 W,2.3,156.9,A,DoorSpread,DoorMaster,5.775000,D,S,72809.000000
Sat Sep 13 08:37:06 2025,13-Sep-2025,113708,47 10.078400 N,060 54.619300 W,2.3,156.9,A,Depth,Depth,30.185185,D,P,113586.000000
Sat Sep 13 08:37:06 2025,13-Sep-2025,113709,47 10.077700 N,060 54.618600 W,2.4,156.6,A,Depth,Depth,30.185185,D,P,113586.000000
Sat Sep 13 08:37:07 2025,13-Sep-2025,113710,47 10.077000 N,060 54.618000 W,2.3,156.5,A,Primary,Headline,28.061224,D,P,54681.000000
Sat Sep 13 08:37:07 2025,13-Sep-2025,113711,47 10.076600 N,060 54.617700 W,2.1,156.5,A,Primary,Headline,28.061224,D,P,54681.000000
Sat Sep 13 08:37:09 2025,13-Sep-2025,113712,47 10.076300 N,060 54.617200 W,2.1,156.1,A,DoorSpread,DoorMaster,5.240000,D,S,62162.000000
Sat Sep 13 08:37:09 2025,13-Sep-2025,113713,47 10.075900 N,060 54.616600 W,2.1,155.6,A,DoorSpread,DoorMaster,5.240000,D,S,62162.000000
Sat Sep 13 08:37:09 2025,13-Sep-2025,113714,47 10.075500 N,060 54.616200 W,2.0,155.2,A,DoorSpread,DoorMaster,5.240000,D,S,62162.000000
Sat Sep 13 08:37:13 2025,13-Sep-2025,113715,47 10.075100 N,060 54.615800 W,1.9,154.8,A,Depth,Depth,66.666667,D,P,79195.000000
Sat Sep 13 08:37:13 2025,13-Sep-2025,113716,47 10.074600 N,060 54.615500 W,2.0,155.6,A,Depth,Depth,66.666667,D,P,79195.000000
Sat Sep 13 08:37:15 2025,13-Sep-2025,113717,47 10.074000 N,060 54.615300 W,2.0,156.5,A,DoorSpread,DoorMaster,5.315000,D,S,180556.000000
Sat Sep 13 08:37:15 2025,13-Sep-2025,113718,47 10.073400 N,060 54.615000 W,2.0,157.0,A,DoorSpread,DoorMaster,5.315000,D,S,180556.000000
Sat Sep 13 08:37:15 2025,13-Sep-2025,113719,47 10.073000 N,060 54.614600 W,2.0,157.3,A,DoorSpread,DoorMaster,5.315000,D,S,180556.000000
Sat Sep 13 08:37:18 2025,13-Sep-2025,113720,47 10.072600 N,060 54.614200 W,1.9,157.1,A,Primary,Headline,22.571429,D,P,156932.000000
Sat Sep 13 08:37:18 2025,13-Sep-2025,113721,47 10.072200 N,060 54.613700 W,1.9,156.7,A,Primary,Headline,22.571429,D,P,156932.000000
Sat Sep 13 08:37:18 2025,13-Sep-2025,113722,47 10.071800 N,060 54.613400 W,1.9,156.6,A,Primary,Headline,22.571429,D,P,156932.000000
Sat Sep 13 08:37:20 2025,13-Sep-2025,113723,47 10.071300 N,060 54.613300 W,1.9,157.0,A,DoorSpread,DoorMaster,5.225000,D,S,113167.000000
Sat Sep 13 08:37:20 2025,13-Sep-2025,113724,47 10.070800 N,060 54.613200 W,1.9,157.7,A,DoorSpread,DoorMaster,5.225000,D,S,113167.000000
Sat Sep 13 08:37:20 2025,13-Sep-2025,113725,47 10.070400 N,060 54.613000 W,2.0,158.0,A,DoorSpread,DoorMaster,5.225000,D,S,113167.000000
Sat Sep 13 08:37:23 2025,13-Sep-2025,113726,47 10.069900 N,060 54.612700 W,2.0,157.6,A,Primary,Headline,20.612245,D,P,98144.000000
Sat Sep 13 08:37:23 2025,13-Sep-2025,113727,47 10.069400 N,060 54.612400 W,2.0,157.1,A,Primary,Headline,20.612245,D,P,98144.000000
Sat Sep 13 08:37:26 2025,13-Sep-2025,113728,47 10.068800 N,060 54.612100 W,2.0,156.8,A,DoorSpread,DoorMaster,5.190000,D,S,123940.000000
Sat Sep 13 08:37:26 2025,13-Sep-2025,113729,47 10.068400 N,060 54.611800 W,2.0,156.3,A,DoorSpread,DoorMaster,5.190000,D,S,123940.000000
Sat Sep 13 08:37:27 2025,13-Sep-2025,113730,47 10.068100 N,060 54.611300 W,1.9,155.3,A,Depth,Depth,71.574074,D,S,154294.000000
Sat Sep 13 08:37:28 2025,13-Sep-2025,113731,47 10.067600 N,060 54.610800 W,2.0,154.9,A,Primary,Headline,18.938776,D,S,172285.000000
Sat Sep 13 08:37:28 2025,13-Sep-2025,113732,47 10.066900 N,060 54.610700 W,2.1,155.6,A,Primary,Headline,18.938776,D,S,172285.000000
Sat Sep 13 08:37:28 2025,13-Sep-2025,113733,47 10.066200 N,060 54.610700 W,2.1,156.9,A,Primary,Headline,18.938776,D,S,172285.000000
Sat Sep 13 08:37:31 2025,13-Sep-2025,113734,47 10.065700 N,060 54.610500 W,2.1,157.7,A,DoorSpread,DoorMaster,4.945000,D,S,163988.000000
Sat Sep 13 08:37:31 2025,13-Sep-2025,113735,47 10.065100 N,060 54.610100 W,2.2,157.3,A,DoorSpread,DoorMaster,4.945000,D,S,163988.000000
Sat Sep 13 08:37:34 2025,13-Sep-2025,113736,47 10.064600 N,060 54.609500 W,2.3,156.1,A,Primary,Headline,17.061224,D,S,58504.000000
Sat Sep 13 08:37:35 2025,13-Sep-2025,113737,47 10.064100 N,060 54.609000 W,2.2,155.3,A,Depth,Depth,76.111111,D,S,106935.000000
Sat Sep 13 08:37:35 2025,13-Sep-2025,113738,47 10.063700 N,060 54.608700 W,2.1,154.6,A,Depth,Depth,76.111111,D,S,106935.000000
Sat Sep 13 08:37:37 2025,13-Sep-2025,113739,47 10.063200 N,060 54.608300 W,2.1,154.3,A,DoorSpread,DoorMaster,4.870000,D,P,72981.000000
Sat Sep 13 08:37:37 2025,13-Sep-2025,113740,47 10.062700 N,060 54.608000 W,2.2,154.3,A,DoorSpread,DoorMaster,4.870000,D,P,72981.000000
Sat Sep 13 08:37:37 2025,13-Sep-2025,113741,47 10.062000 N,060 54.607600 W,2.2,154.3,A,DoorSpread,DoorMaster,4.870000,D,P,72981.000000
Sat Sep 13 08:37:39 2025,13-Sep-2025,113742,47 10.061500 N,060 54.607300 W,2.2,154.1,A,Primary,Headline,14.530612,D,S,91163.000000
Sat Sep 13 08:37:39 2025,13-Sep-2025,113743,47 10.061000 N,060 54.606800 W,2.2,153.7,A,Primary,Headline,14.530612,D,S,91163.000000
Sat Sep 13 08:37:42 2025,13-Sep-2025,113744,47 10.060500 N,060 54.606400 W,2.2,153.4,A,Depth,Depth,78.981481,D,P,107385.000000
Sat Sep 13 08:37:42 2025,13-Sep-2025,113745,47 10.060100 N,060 54.606000 W,2.1,153.1,A,DoorSpread,DoorMaster,4.905000,D,S,81565.000000
Sat Sep 13 08:37:42 2025,13-Sep-2025,113746,47 10.059600 N,060 54.605400 W,2.1,152.6,A,DoorSpread,DoorMaster,4.905000,D,S,81565.000000
Sat Sep 13 08:37:44 2025,13-Sep-2025,113747,47 10.059100 N,060 54.604900 W,2.2,152.5,A,Primary,Headline,12.081633,D,S,130401.000000
Sat Sep 13 08:37:44 2025,13-Sep-2025,113748,47 10.058500 N,060 54.604600 W,2.3,153.2,A,Primary,Headline,12.081633,D,S,130401.000000
Sat Sep 13 08:37:44 2025,13-Sep-2025,113749,47 10.058000 N,060 54.604300 W,2.2,153.8,A,Primary,Headline,12.081633,D,S,130401.000000
Sat Sep 13 08:37:48 2025,13-Sep-2025,113750,47 10.057400 N,060 54.604000 W,2.2,154.1,A,DoorSpread,DoorMaster,5.305000,D,P,37483.000000
Sat Sep 13 08:37:48 2025,13-Sep-2025,113751,47 10.056900 N,060 54.603400 W,2.2,153.9,A,DoorSpread,DoorMaster,5.305000,D,P,37483.000000
Sat Sep 13 08:37:49 2025,13-Sep-2025,113752,47 10.056300 N,060 54.602600 W,2.2,152.9,A,Primary,Headline,3.081633,D,S,111748.000000
Sat Sep 13 08:37:49 2025,13-Sep-2025,113753,47 10.055900 N,060 54.602000 W,2.2,152.1,A,Primary,Headline,3.081633,D,S,111748.000000
Sat Sep 13 08:37:49 2025,13-Sep-2025,113754,47 10.055300 N,060 54.601500 W,2.2,152.4,A,Primary,Headline,3.081633,D,S,111748.000000
Sat Sep 13 08:37:49 2025,13-Sep-2025,113755,47 10.054500 N,060 54.601200 W,2.3,153.8,A,Primary,Headline,3.081633,D,S,111748.000000
Sat Sep 13 08:37:53 2025,13-Sep-2025,113756,47 10.053600 N,060 54.601000 W,2.3,154.7,A,DoorSpread,DoorMaster,5.615000,D,S,103699.000000
Sat Sep 13 08:37:54 2025,13-Sep-2025,113757,47 10.053100 N,060 54.600700 W,2.3,155.0,A,Primary,Headline,3.306122,D,S,61802.000000
Sat Sep 13 08:37:54 2025,13-Sep-2025,113758,47 10.052500 N,060 54.600200 W,2.3,154.4,A,Primary,Headline,3.306122,D,S,61802.000000
Sat Sep 13 08:37:56 2025,13-Sep-2025,113759,47 10.052000 N,060 54.599600 W,2.2,153.3,A,Depth,Depth,84.722222,D,P,87511.000000
Sat Sep 13 08:37:56 2025,13-Sep-2025,113800,47 10.051700 N,060 54.599000 W,2.2,152.1,A,Depth,Depth,84.722222,D,P,87511.000000
Sat Sep 13 08:37:56 2025,13-Sep-2025,113801,47 10.051300 N,060 54.598600 W,2.2,151.7,A,Depth,Depth,84.722222,D,P,87511.000000
Sat Sep 13 08:37:59 2025,13-Sep-2025,113802,47 10.050700 N,060 54.598400 W,2.2,152.5,A,Primary,Headline,3.326531,D,S,112472.000000
Sat Sep 13 08:37:59 2025,13-Sep-2025,113803,47 10.050000 N,060 54.598100 W,2.3,153.8,A,Primary,Headline,3.326531,D,S,112472.000000
Sat Sep 13 08:37:59 2025,13-Sep-2025,113804,47 10.049300 N,060 54.597800 W,2.3,154.7,A,Primary,Headline,3.326531,D,S,112472.000000
Sat Sep 13 08:37:59 2025,13-Sep-2025,113805,47 10.048800 N,060 54.597200 W,2.3,154.4,A,Primary,Headline,3.326531,D,S,112472.000000
Sat Sep 13 08:38:04 2025,13-Sep-2025,113806,47 10.048400 N,060 54.596500 W,2.3,153.0,A,Depth,Depth,86.851852,D,S,121112.000000
Sat Sep 13 08:38:05 2025,13-Sep-2025,113807,47 10.047900 N,060 54.595800 W,2.3,151.8,A,DoorSpread,DoorMaster,6.490000,D,S,47938.000000
Sat Sep 13 08:38:05 2025,13-Sep-2025,113808,47 10.047400 N,060 54.595400 W,2.2,151.1,A,DoorSpread,DoorMaster,6.490000,D,S,47938.000000
Sat Sep 13 08:38:05 2025,13-Sep-2025,113809,47 10.046900 N,060 54.595200 W,2.2,151.9,A,DoorSpread,DoorMaster,6.490000,D,S,47938.000000
Sat Sep 13 08:38:05 2025,13-Sep-2025,113810,47 10.046200 N,060 54.595100 W,2.3,153.3,A,DoorSpread,DoorMaster,6.490000,D,S,47938.000000
Sat Sep 13 08:38:05 2025,13-Sep-2025,113811,47 10.045500 N,060 54.594800 W,2.3,154.1,A,DoorSpread,DoorMaster,6.490000,D,S,47938.000000
Sat Sep 13 08:38:10 2025,13-Sep-2025,113812,47 10.045000 N,060 54.594400 W,2.2,153.9,A,Primary,Headline,3.551020,D,P,87978.000000
Sat Sep 13 08:38:10 2025,13-Sep-2025,113813,47 10.044600 N,060 54.593600 W,2.3,152.4,A,DoorSpread,DoorMaster,6.295000,D,P,55525.000000
Sat Sep 13 08:38:11 2025,13-Sep-2025,113814,47 10.044200 N,060 54.592900 W,2.2,151.0,A,Depth,Depth,89.259259,D,P,51257.000000
Sat Sep 13 08:38:11 2025,13-Sep-2025,113815,47 10.043800 N,060 54.592600 W,2.2,150.3,A,Depth,Depth,89.259259,D,P,51257.000000
Sat Sep 13 08:38:11 2025,13-Sep-2025,113816,47 10.043300 N,060 54.592500 W,2.1,150.2,A,Depth,Depth,89.259259,D,P,51257.000000
Sat Sep 13 08:38:15 2025,13-Sep-2025,113817,47 10.042800 N,060 54.592300 W,2.1,150.3,A,Primary,Headline,2.836735,D,P,47737.000000
Sat Sep 13 08:38:16 2025,13-Sep-2025,113818,47 10.042300 N,060 54.591900 W,2.1,150.2,A,DoorSpread,DoorMaster,7.300000,D,S,46540.000000
Sat Sep 13 08:38:16 2025,13-Sep-2025,113819,47 10.041900 N,060 54.591300 W,2.1,149.8,A,DoorSpread,DoorMaster,7.300000,D,S,46540.000000
Sat Sep 13 08:38:16 2025,13-Sep-2025,113820,47 10.041500 N,060 54.590800 W,2.1,149.4,A,DoorSpread,DoorMaster,7.300000,D,S,46540.000000
Sat Sep 13 08:38:19 2025,13-Sep-2025,113821,47 10.041000 N,060 54.590500 W,2.0,149.2,A,Depth,Depth,90.555556,D,P,174371.000000
Sat Sep 13 08:38:20 2025,13-Sep-2025,113822,47 10.040600 N,060 54.590200 W,2.0,148.7,A,Primary,Headline,2.551020,D,P,105382.000000
Sat Sep 13 08:38:20 2025,13-Sep-2025,113823,47 10.040200 N,060 54.589600 W,2.0,148.3,A,Primary,Headline,2.551020,D,P,105382.000000
Sat Sep 13 08:38:21 2025,13-Sep-2025,113824,47 10.039700 N,060 54.589200 W,2.0,148.1,A,DoorSpread,DoorMaster,8.025000,D,P,72572.000000
Sat Sep 13 08:38:21 2025,13-Sep-2025,113825,47 10.039200 N,060 54.588900 W,1.9,148.2,A,DoorSpread,DoorMaster,8.025000,D,P,72572.000000
Sat Sep 13 08:38:21 2025,13-Sep-2025,113826,47 10.038800 N,060 54.588700 W,1.9,148.3,A,DoorSpread,DoorMaster,8.025000,D,P,72572.000000
Sat Sep 13 08:38:25 2025,13-Sep-2025,113827,47 10.038400 N,060 54.588200 W,1.9,148.1,A,Primary,Headline,2.122449,D,P,60904.000000
Sat Sep 13 08:38:26 2025,13-Sep-2025,113828,47 10.037900 N,060 54.587700 W,1.9,148.1,A,Depth,Depth,90.925926,D,S,52851.000000
Sat Sep 13 08:38:26 2025,13-Sep-2025,113829,47 10.037400 N,060 54.587200 W,1.9,148.3,A,Depth,Depth,90.925926,D,S,52851.000000
Sat Sep 13 08:38:27 2025,13-Sep-2025,113830,47 10.037000 N,060 54.586900 W,1.9,148.7,A,DoorSpread,DoorMaster,9.025000,D,S,30596.000000
Sat Sep 13 08:38:27 2025,13-Sep-2025,113831,47 10.036500 N,060 54.586600 W,1.9,148.6,A,DoorSpread,DoorMaster,9.025000,D,S,30596.000000
Sat Sep 13 08:38:30 2025,13-Sep-2025,113832,47 10.036000 N,060 54.586100 W,2.0,148.2,A,Primary,Headline,2.265306,D,S,72492.000000
Sat Sep 13 08:38:30 2025,13-Sep-2025,113833,47 10.035500 N,060 54.585600 W,1.9,147.7,A,Primary,Headline,2.265306,D,S,72492.000000
Sat Sep 13 08:38:30 2025,13-Sep-2025,113834,47 10.035000 N,060 54.585300 W,1.9,147.9,A,Primary,Headline,2.265306,D,S,72492.000000
Sat Sep 13 08:38:30 2025,13-Sep-2025,113835,47 10.034500 N,060 54.585100 W,2.0,148.7,A,Primary,Headline,2.265306,D,S,72492.000000
Sat Sep 13 08:38:33 2025,13-Sep-2025,113836,47 10.033800 N,060 54.584800 W,2.1,150.0,A,Depth,Depth,95.092593,D,P,121482.000000
Sat Sep 13 08:38:35 2025,13-Sep-2025,113837,47 10.033200 N,060 54.584500 W,2.1,150.8,A,Primary,Headline,4.632653,D,S,47987.000000
Sat Sep 13 08:38:35 2025,13-Sep-2025,113838,47 10.032800 N,060 54.584000 W,2.1,150.7,A,Primary,Headline,4.632653,D,S,47987.000000
Sat Sep 13 08:38:35 2025,13-Sep-2025,113839,47 10.032300 N,060 54.583300 W,2.1,149.9,A,Primary,Headline,4.632653,D,S,47987.000000
Sat Sep 13 08:38:35 2025,13-Sep-2025,113840,47 10.031900 N,060 54.582600 W,2.1,149.1,A,Primary,Headline,4.632653,D,S,47987.000000
Sat Sep 13 08:38:39 2025,13-Sep-2025,113841,47 10.031300 N,060 54.582200 W,2.1,149.4,A,DoorSpread,DoorMaster,9.395000,D,S,116675.000000
Sat Sep 13 08:38:40 2025,13-Sep-2025,113842,47 10.030700 N,060 54.582000 W,2.1,150.5,A,Primary,Headline,1.020408,D,P,162626.000000
Sat Sep 13 08:38:40 2025,13-Sep-2025,113843,47 10.030300 N,060 54.581800 W,2.1,151.3,A,Depth,Depth,83.148148,D,S,125247.000000
Sat Sep 13 08:38:40 2025,13-Sep-2025,113844,47 10.029800 N,060 54.581100 W,2.2,150.9,A,Depth,Depth,83.148148,D,S,125247.000000
Sat Sep 13 08:38:40 2025,13-Sep-2025,113845,47 10.029400 N,060 54.580400 W,2.2,150.0,A,Depth,Depth,83.148148,D,S,125247.000000
Sat Sep 13 08:38:40 2025,13-Sep-2025,113846,47 10.029000 N,060 54.579800 W,2.2,149.5,A,Depth,Depth,83.148148,D,S,125247.000000
Sat Sep 13 08:38:45 2025,13-Sep-2025,113847,47 10.028600 N,060 54.579700 W,2.2,150.1,A,Primary,Headline,1.693878,D,S,185934.000000
Sat Sep 13 08:38:45 2025,13-Sep-2025,113848,47 10.028100 N,060 54.579400 W,2.2,150.6,A,Primary,Headline,1.693878,D,S,185934.000000
Sat Sep 13 08:38:45 2025,13-Sep-2025,113849,47 10.027600 N,060 54.578900 W,2.2,150.3,A,Primary,Headline,1.693878,D,S,185934.000000
Sat Sep 13 08:38:48 2025,13-Sep-2025,113850,47 10.027100 N,060 54.578400 W,2.1,149.9,A,Depth,Depth,92.037037,D,P,23051.000000
Sat Sep 13 08:38:48 2025,13-Sep-2025,113851,47 10.026500 N,060 54.577900 W,2.2,149.7,A,Depth,Depth,91.851852,D,S,32598.000000
Sat Sep 13 08:38:50 2025,13-Sep-2025,113852,47 10.026000 N,060 54.577300 W,2.2,149.4,A,Primary,Headline,1.469388,D,S,147068.000000
Sat Sep 13 08:38:50 2025,13-Sep-2025,113853,47 10.025600 N,060 54.576800 W,2.2,149.3,A,DoorSpread,DoorMaster,9.465000,D,S,40285.000000
Sat Sep 13 08:38:50 2025,13-Sep-2025,113854,47 10.025000 N,060 54.576500 W,2.2,149.5,A,DoorSpread,DoorMaster,9.465000,D,S,40285.000000
Sat Sep 13 08:38:50 2025,13-Sep-2025,113855,47 10.024500 N,060 54.576300 W,2.2,149.8,A,DoorSpread,DoorMaster,9.465000,D,S,40285.000000
Sat Sep 13 08:38:50 2025,13-Sep-2025,113856,47 10.024000 N,060 54.575900 W,2.2,149.8,A,DoorSpread,DoorMaster,9.465000,D,S,40285.000000
Sat Sep 13 08:38:55 2025,13-Sep-2025,113857,47 10.023600 N,060 54.575500 W,2.2,149.7,A,Primary,Headline,1.897959,D,S,113398.000000
Sat Sep 13 08:38:55 2025,13-Sep-2025,113858,47 10.023100 N,060 54.575200 W,2.2,149.8,A,Depth,Depth,91.481481,D,P,36077.000000
Sat Sep 13 08:38:56 2025,13-Sep-2025,113859,47 10.022600 N,060 54.575000 W,2.2,150.0,A,DoorSpread,DoorMaster,9.235000,D,P,67936.000000
Sat Sep 13 08:38:56 2025,13-Sep-2025,113900,47 10.022000 N,060 54.574700 W,2.2,150.1,A,DoorSpread,DoorMaster,9.235000,D,P,67936.000000
Sat Sep 13 08:38:56 2025,13-Sep-2025,113901,47 10.021500 N,060 54.574300 W,2.2,150.0,A,DoorSpread,DoorMaster,9.235000,D,P,67936.000000
Sat Sep 13 08:38:56 2025,13-Sep-2025,113902,47 10.021000 N,060 54.573800 W,2.2,149.6,A,DoorSpread,DoorMaster,9.235000,D,P,67936.000000
Sat Sep 13 08:39:00 2025,13-Sep-2025,113903,47 10.020500 N,060 54.573300 W,2.2,149.4,A,Primary,Headline,1.285714,D,P,72382.000000
Sat Sep 13 08:39:00 2025,13-Sep-2025,113904,47 10.019800 N,060 54.572900 W,2.2,150.2,A,Primary,Headline,1.285714,D,P,72382.000000
Sat Sep 13 08:39:02 2025,13-Sep-2025,113905,47 10.019100 N,060 54.572600 W,2.2,151.2,A,Depth,Depth,91.759259,D,S,72939.000000
Sat Sep 13 08:39:02 2025,13-Sep-2025,113906,47 10.018600 N,060 54.572000 W,2.2,151.4,A,Depth,Depth,91.759259,D,S,72939.000000
Sat Sep 13 08:39:05 2025,13-Sep-2025,113907,47 10.018200 N,060 54.571300 W,2.2,150.6,A,Primary,Headline,1.714286,D,P,70753.000000
Sat Sep 13 08:39:05 2025,13-Sep-2025,113908,47 10.017800 N,060 54.570600 W,2.3,149.2,A,Primary,Headline,1.714286,D,P,70753.000000
Sat Sep 13 08:39:05 2025,13-Sep-2025,113909,47 10.017300 N,060 54.570000 W,2.3,148.6,A,Primary,Headline,1.714286,D,P,70753.000000
Sat Sep 13 08:39:08 2025,13-Sep-2025,113910,47 10.016900 N,060 54.569700 W,2.2,148.8,A,DoorSpread,DoorMaster,8.930000,D,S,77295.000000
Sat Sep 13 08:39:08 2025,13-Sep-2025,113911,47 10.016400 N,060 54.569400 W,2.3,149.8,A,DoorSpread,DoorMaster,8.930000,D,S,77295.000000
Sat Sep 13 08:39:10 2025,13-Sep-2025,113912,47 10.015900 N,060 54.569100 W,2.3,150.6,A,Depth,Depth,91.944444,D,P,26680.000000
Sat Sep 13 08:39:10 2025,13-Sep-2025,113913,47 10.015400 N,060 54.568700 W,2.3,150.8,A,Depth,Depth,91.944444,D,P,26680.000000
Sat Sep 13 08:39:10 2025,13-Sep-2025,113914,47 10.015000 N,060 54.568100 W,2.3,150.1,A,Depth,Depth,91.944444,D,P,26680.000000
Sat Sep 13 08:39:10 2025,13-Sep-2025,113915,47 10.014600 N,060 54.567400 W,2.3,149.3,A,Depth,Depth,91.944444,D,P,26680.000000
Sat Sep 13 08:39:14 2025,13-Sep-2025,113916,47 10.014200 N,060 54.567000 W,2.2,148.8,A,DoorSpread,DoorMaster,9.285000,D,S,56853.000000
Sat Sep 13 08:39:14 2025,13-Sep-2025,113917,47 10.013800 N,060 54.566700 W,2.1,148.6,A,DoorSpread,DoorMaster,9.285000,D,S,56853.000000
Sat Sep 13 08:39:14 2025,13-Sep-2025,113918,47 10.013400 N,060 54.566300 W,2.1,149.2,A,DoorSpread,DoorMaster,9.285000,D,S,56853.000000
Sat Sep 13 08:39:14 2025,13-Sep-2025,113919,47 10.012700 N,060 54.566000 W,2.1,149.7,A,DoorSpread,DoorMaster,9.285000,D,S,56853.000000
Sat Sep 13 08:39:17 2025,13-Sep-2025,113920,47 10.012200 N,060 54.565600 W,2.1,150.0,A,Depth,Depth,92.037037,D,S,89401.000000
Sat Sep 13 08:39:17 2025,13-Sep-2025,113921,47 10.011600 N,060 54.565200 W,2.1,150.2,A,Depth,Depth,92.037037,D,S,89401.000000
Sat Sep 13 08:39:20 2025,13-Sep-2025,113922,47 10.011100 N,060 54.564700 W,2.1,150.0,A,Primary,Headline,1.734694,D,P,54447.000000
Sat Sep 13 08:39:20 2025,13-Sep-2025,113923,47 10.010600 N,060 54.564100 W,2.1,149.7,A,Primary,Headline,1.734694,D,P,54447.000000
Sat Sep 13 08:39:20 2025,13-Sep-2025,113924,47 10.010100 N,060 54.563600 W,2.1,149.2,A,Primary,Headline,1.734694,D,P,54447.000000
Sat Sep 13 08:39:20 2025,13-Sep-2025,113925,47 10.009800 N,060 54.563000 W,2.1,148.4,A,Primary,Headline,1.734694,D,P,54447.000000
Sat Sep 13 08:39:20 2025,13-Sep-2025,113926,47 10.009400 N,060 54.562300 W,2.1,147.7,A,Primary,Headline,1.734694,D,P,54447.000000
Sat Sep 13 08:39:25 2025,13-Sep-2025,113927,47 10.008900 N,060 54.562000 W,2.1,148.2,A,Depth,Depth,91.944444,D,P,75020.000000
Sat Sep 13 08:39:25 2025,13-Sep-2025,113928,47 10.008400 N,060 54.561900 W,2.1,148.8,A,DoorSpread,DoorMaster,9.400000,D,S,134367.000000
Sat Sep 13 08:39:25 2025,13-Sep-2025,113929,47 10.007900 N,060 54.561600 W,2.1,149.7,A,DoorSpread,DoorMaster,9.400000,D,S,134367.000000
Sat Sep 13 08:39:25 2025,13-Sep-2025,113930,47 10.007300 N,060 54.561200 W,2.1,150.1,A,DoorSpread,DoorMaster,9.400000,D,S,134367.000000
Sat Sep 13 08:39:25 2025,13-Sep-2025,113931,47 10.006800 N,060 54.560600 W,2.1,149.5,A,DoorSpread,DoorMaster,9.400000,D,S,134367.000000
Sat Sep 13 08:39:25 2025,13-Sep-2025,113932,47 10.006400 N,060 54.560200 W,2.1,148.2,A,DoorSpread,DoorMaster,9.400000,D,S,134367.000000
Sat Sep 13 08:39:30 2025,13-Sep-2025,113933,47 10.006000 N,060 54.559700 W,2.1,147.0,A,Primary,Headline,2.061224,D,P,36783.000000
Sat Sep 13 08:39:32 2025,13-Sep-2025,113934,47 10.005500 N,060 54.559500 W,2.1,146.8,A,Depth,Depth,93.981481,D,P,36182.000000
Sat Sep 13 08:39:32 2025,13-Sep-2025,113935,47 10.005000 N,060 54.559400 W,2.1,147.4,A,Depth,Depth,93.981481,D,P,36182.000000
Sat Sep 13 08:39:32 2025,13-Sep-2025,113936,47 10.004500 N,060 54.559400 W,2.1,148.1,A,Depth,Depth,93.981481,D,P,36182.000000
Sat Sep 13 08:39:32 2025,13-Sep-2025,113937,47 10.004000 N,060 54.559100 W,2.1,148.5,A,Depth,Depth,93.981481,D,P,36182.000000
Sat Sep 13 08:39:35 2025,13-Sep-2025,113938,47 10.003400 N,060 54.558400 W,2.1,148.2,A,Primary,Headline,1.326531,D,P,115768.000000
Sat Sep 13 08:39:37 2025,13-Sep-2025,113939,47 10.002900 N,060 54.557900 W,2.1,147.4,A,DoorSpread,DoorMaster,9.895000,D,S,118426.000000
Sat Sep 13 08:39:37 2025,13-Sep-2025,113940,47 10.002500 N,060 54.557300 W,2.1,146.5,A,DoorSpread,DoorMaster,9.895000,D,S,118426.000000
Sat Sep 13 08:39:37 2025,13-Sep-2025,113941,47 10.002000 N,060 54.556700 W,2.1,146.1,A,DoorSpread,DoorMaster,9.895000,D,S,118426.000000
Sat Sep 13 08:39:40 2025,13-Sep-2025,113942,47 10.001500 N,060 54.556200 W,2.1,146.2,A,Primary,Headline,1.857143,D,P,75069.000000
Sat Sep 13 08:39:40 2025,13-Sep-2025,113943,47 10.001000 N,060 54.555500 W,2.1,146.3,A,Primary,Headline,1.612245,D,S,144800.000000
Sat Sep 13 08:39:40 2025,13-Sep-2025,113944,47 10.000500 N,060 54.554800 W,2.0,146.2,A,Primary,Headline,1.612245,D,S,144800.000000
Sat Sep 13 08:39:43 2025,13-Sep-2025,113945,47 10.000000 N,060 54.554200 W,2.1,146.5,A,DoorSpread,DoorMaster,9.610000,D,S,65940.000000
Sat Sep 13 08:39:43 2025,13-Sep-2025,113946,47 9.999400 N,060 54.553700 W,2.2,147.3,A,DoorSpread,DoorMaster,9.610000,D,S,65940.000000
Sat Sep 13 08:39:43 2025,13-Sep-2025,113947,47 9.998900 N,060 54.553300 W,2.1,147.8,A,DoorSpread,DoorMaster,9.610000,D,S,65940.000000
Sat Sep 13 08:39:45 2025,13-Sep-2025,113948,47 9.998500 N,060 54.552800 W,2.1,147.7,A,Primary,Headline,2.020408,D,S,215367.000000
Sat Sep 13 08:39:46 2025,13-Sep-2025,113949,47 9.998100 N,060 54.552100 W,2.2,147.0,A,Depth,Depth,91.759259,D,S,108242.000000
Sat Sep 13 08:39:46 2025,13-Sep-2025,113950,47 9.997700 N,060 54.551400 W,2.1,146.2,A,Depth,Depth,91.759259,D,S,108242.000000
Sat Sep 13 08:39:48 2025,13-Sep-2025,113951,47 9.997200 N,060 54.550900 W,2.1,145.8,A,DoorSpread,DoorMaster,9.675000,D,S,66012.000000
Sat Sep 13 08:39:48 2025,13-Sep-2025,113952,47 9.996800 N,060 54.550400 W,2.1,146.0,A,DoorSpread,DoorMaster,9.675000,D,S,66012.000000
Sat Sep 13 08:39:50 2025,13-Sep-2025,113953,47 9.996300 N,060 54.550100 W,2.1,146.5,A,Primary,Headline,1.734694,D,S,203408.000000
Sat Sep 13 08:39:50 2025,13-Sep-2025,113954,47 9.995800 N,060 54.549800 W,2.1,147.1,A,Primary,Headline,1.734694,D,S,203408.000000
Sat Sep 13 08:39:50 2025,13-Sep-2025,113955,47 9.995300 N,060 54.549300 W,2.1,147.4,A,Primary,Headline,1.734694,D,S,203408.000000
Sat Sep 13 08:39:54 2025,13-Sep-2025,113956,47 9.994800 N,060 54.548700 W,2.2,146.9,A,Depth,Depth,91.759259,D,P,96671.000000
Sat Sep 13 08:39:54 2025,13-Sep-2025,113957,47 9.994400 N,060 54.548200 W,2.2,146.1,A,DoorSpread,DoorMaster,9.075000,D,S,24364.000000
Sat Sep 13 08:39:55 2025,13-Sep-2025,113958,47 9.994000 N,060 54.547700 W,2.2,145.9,A,Primary,Headline,1.714286,D,P,48226.000000
Sat Sep 13 08:39:55 2025,13-Sep-2025,113959,47 9.993400 N,060 54.547300 W,2.3,146.4,A,Primary,Headline,1.714286,D,P,48226.000000
Sat Sep 13 08:39:55 2025,13-Sep-2025,114000,47 9.992800 N,060 54.546900 W,2.2,146.7,A,Primary,Headline,1.714286,D,P,48226.000000
Sat Sep 13 08:39:55 2025,13-Sep-2025,114001,47 9.992400 N,060 54.546500 W,2.2,146.3,A,Primary,Headline,1.714286,D,P,48226.000000
Sat Sep 13 08:40:00 2025,13-Sep-2025,114002,47 9.992000 N,060 54.545900 W,2.3,146.0,A,DoorSpread,DoorMaster,9.150000,D,P,56792.000000
Sat Sep 13 08:40:00 2025,13-Sep-2025,114003,47 9.991400 N,060 54.545400 W,2.3,145.8,A,Primary,Headline,1.510204,D,P,111742.000000
Sat Sep 13 08:40:01 2025,13-Sep-2025,114004,47 9.991000 N,060 54.545000 W,2.2,145.7,A,Depth,Depth,93.333333,D,P,93297.000000
Sat Sep 13 08:40:01 2025,13-Sep-2025,114005,47 9.990600 N,060 54.544700 W,2.2,146.0,A,Depth,Depth,93.333333,D,P,93297.000000
Sat Sep 13 08:40:01 2025,13-Sep-2025,114006,47 9.990000 N,060 54.544300 W,2.2,146.5,A,Depth,Depth,93.333333,D,P,93297.000000
Sat Sep 13 08:40:01 2025,13-Sep-2025,114007,47 9.989400 N,060 54.543900 W,2.3,146.8,A,Depth,Depth,93.333333,D,P,93297.000000
Sat Sep 13 08:40:06 2025,13-Sep-2025,114008,47 9.988800 N,060 54.543200 W,2.3,146.5,A,DoorSpread,DoorMaster,9.175000,D,S,102254.000000
Sat Sep 13 08:40:06 2025,13-Sep-2025,114009,47 9.988400 N,060 54.542500 W,2.3,146.0,A,DoorSpread,DoorMaster,9.175000,D,S,102254.000000
Sat Sep 13 08:40:06 2025,13-Sep-2025,114010,47 9.988000 N,060 54.542100 W,2.2,146.0,A,DoorSpread,DoorMaster,9.175000,D,S,102254.000000
Sat Sep 13 08:40:09 2025,13-Sep-2025,114011,47 9.987400 N,060 54.541700 W,2.3,146.5,A,Depth,Depth,91.944444,D,P,53787.000000
Sat Sep 13 08:40:09 2025,13-Sep-2025,114012,47 9.986800 N,060 54.541300 W,2.3,147.2,A,Depth,Depth,91.944444,D,P,53787.000000
Sat Sep 13 08:40:10 2025,13-Sep-2025,114013,47 9.986200 N,060 54.540800 W,2.3,147.5,A,Primary,Headline,1.775510,D,S,127735.000000
Sat Sep 13 08:40:12 2025,13-Sep-2025,114014,47 9.985800 N,060 54.540400 W,2.3,147.5,A,DoorSpread,DoorMaster,9.205000,D,S,56085.000000
Sat Sep 13 08:40:12 2025,13-Sep-2025,114015,47 9.985300 N,060 54.539600 W,2.4,146.9,A,DoorSpread,DoorMaster,9.205000,D,S,56085.000000
Sat Sep 13 08:40:12 2025,13-Sep-2025,114016,47 9.984800 N,060 54.538800 W,2.4,146.2,A,DoorSpread,DoorMaster,9.205000,D,S,56085.000000
Sat Sep 13 08:40:12 2025,13-Sep-2025,114017,47 9.984400 N,060 54.538300 W,2.3,145.8,A,DoorSpread,DoorMaster,9.205000,D,S,56085.000000
Sat Sep 13 08:40:15 2025,13-Sep-2025,114018,47 9.983900 N,060 54.537900 W,2.3,145.7,A,Primary,Headline,1.408163,D,S,97863.000000
Sat Sep 13 08:40:16 2025,13-Sep-2025,114019,47 9.983400 N,060 54.537500 W,2.3,146.0,A,Depth,Depth,92.777778,D,S,69159.000000
Sat Sep 13 08:40:17 2025,13-Sep-2025,114020,47 9.982800 N,060 54.537200 W,2.3,147.0,A,DoorSpread,DoorMaster,9.165000,D,S,68688.000000
Sat Sep 13 08:40:17 2025,13-Sep-2025,114021,47 9.982200 N,060 54.536900 W,2.4,148.0,A,DoorSpread,DoorMaster,9.165000,D,S,68688.000000
Sat Sep 13 08:40:17 2025,13-Sep-2025,114022,47 9.981700 N,060 54.536500 W,2.3,148.1,A,DoorSpread,DoorMaster,9.165000,D,S,68688.000000
Sat Sep 13 08:40:20 2025,13-Sep-2025,114023,47 9.981300 N,060 54.535900 W,2.3,147.3,A,Primary,Headline,1.591837,D,P,110546.000000
Sat Sep 13 08:40:20 2025,13-Sep-2025,114024,47 9.980900 N,060 54.535200 W,2.3,146.1,A,Primary,Headline,1.591837,D,P,110546.000000
Sat Sep 13 08:40:20 2025,13-Sep-2025,114025,47 9.980500 N,060 54.534600 W,2.2,145.3,A,Primary,Headline,1.591837,D,P,110546.000000
Sat Sep 13 08:40:23 2025,13-Sep-2025,114026,47 9.980100 N,060 54.534300 W,2.2,145.5,A,Depth,Depth,100.185185,D,S,105581.000000
Sat Sep 13 08:40:23 2025,13-Sep-2025,114027,47 9.979500 N,060 54.534100 W,2.3,146.8,A,Depth,Depth,100.185185,D,S,105581.000000
Sat Sep 13 08:40:25 2025,13-Sep-2025,114028,47 9.978800 N,060 54.533800 W,2.3,148.1,A,Primary,Headline,1.897959,D,P,62917.000000
Sat Sep 13 08:40:25 2025,13-Sep-2025,114029,47 9.978200 N,060 54.533300 W,2.3,148.6,A,Primary,Headline,1.897959,D,P,62917.000000
Sat Sep 13 08:40:25 2025,13-Sep-2025,114030,47 9.977600 N,060 54.532700 W,2.3,147.9,A,Primary,Headline,1.897959,D,P,62917.000000
Sat Sep 13 08:40:29 2025,13-Sep-2025,114031,47 9.977300 N,060 54.532000 W,2.3,146.4,A,DoorSpread,DoorMaster,9.515000,D,P,63178.000000
Sat Sep 13 08:40:29 2025,13-Sep-2025,114032,47 9.977000 N,060 54.531500 W,2.2,145.2,A,DoorSpread,DoorMaster,9.515000,D,P,63178.000000
Sat Sep 13 08:40:30 2025,13-Sep-2025,114033,47 9.976600 N,060 54.531200 W,2.2,144.6,A,Depth,Depth,88.703704,D,P,39507.000000
Sat Sep 13 08:40:30 2025,13-Sep-2025,114034,47 9.975900 N,060 54.530900 W,2.3,145.5,A,Depth,Depth,88.703704,D,P,39507.000000
Sat Sep 13 08:40:30 2025,13-Sep-2025,114035,47 9.975200 N,060 54.530500 W,2.3,146.7,A,Depth,Depth,88.703704,D,P,39507.000000
Sat Sep 13 08:40:30 2025,13-Sep-2025,114036,47 9.974700 N,060 54.530200 W,2.2,147.5,A,Depth,Depth,88.703704,D,P,39507.000000
Sat Sep 13 08:40:35 2025,13-Sep-2025,114037,47 9.974300 N,060 54.529500 W,2.2,147.5,A,DoorSpread,DoorMaster,9.275000,D,S,56404.000000
Sat Sep 13 08:40:35 2025,13-Sep-2025,114038,47 9.973800 N,060 54.528800 W,2.2,146.6,A,Primary,Headline,1.469388,D,S,53505.000000
Sat Sep 13 08:40:35 2025,13-Sep-2025,114039,47 9.973400 N,060 54.528100 W,2.2,145.7,A,Primary,Headline,1.469388,D,S,53505.000000
Sat Sep 13 08:40:35 2025,13-Sep-2025,114040,47 9.973200 N,060 54.527500 W,2.0,145.1,A,Primary,Headline,1.469388,D,S,53505.000000
Sat Sep 13 08:40:38 2025,13-Sep-2025,114041,47 9.972800 N,060 54.527200 W,2.0,144.7,A,Depth,Depth,92.500000,D,P,27469.000000
Sat Sep 13 08:40:38 2025,13-Sep-2025,114042,47 9.972200 N,060 54.527000 W,2.1,145.9,A,Depth,Depth,92.500000,D,P,27469.000000
Sat Sep 13 08:40:40 2025,13-Sep-2025,114043,47 9.971600 N,060 54.526900 W,2.0,146.7,A,DoorSpread,DoorMaster,12.015000,D,S,6038.000000
Sat Sep 13 08:40:40 2025,13-Sep-2025,114044,47 9.971200 N,060 54.526600 W,1.9,147.3,A,DoorSpread,DoorMaster,12.015000,D,S,6038.000000
Sat Sep 13 08:40:40 2025,13-Sep-2025,114045,47 9.970900 N,060 54.526000 W,2.0,146.9,A,DoorSpread,DoorMaster,12.015000,D,S,6038.000000
Sat Sep 13 08:40:40 2025,13-Sep-2025,114046,47 9.970500 N,060 54.525200 W,2.0,145.5,A,DoorSpread,DoorMaster,12.015000,D,S,6038.000000
Sat Sep 13 08:40:40 2025,13-Sep-2025,114047,47 9.970300 N,060 54.524400 W,2.0,144.2,A,DoorSpread,DoorMaster,12.015000,D,S,6038.000000
Sat Sep 13 08:40:45 2025,13-Sep-2025,114048,47 9.970000 N,060 54.523800 W,1.9,143.1,A,Primary,Headline,1.673469,D,P,96350.000000
Sat Sep 13 08:40:46 2025,13-Sep-2025,114049,47 9.969500 N,060 54.523400 W,1.9,143.2,A,DoorSpread,DoorMaster,7.155000,D,P,48140.000000
Sat Sep 13 08:40:46 2025,13-Sep-2025,114050,47 9.969000 N,060 54.523300 W,2.0,144.8,A,DoorSpread,DoorMaster,7.155000,D,P,48140.000000
Sat Sep 13 08:40:46 2025,13-Sep-2025,114051,47 9.968400 N,060 54.523100 W,1.9,145.9,A,DoorSpread,DoorMaster,7.155000,D,P,48140.000000
Sat Sep 13 08:40:46 2025,13-Sep-2025,114052,47 9.968000 N,060 54.522700 W,1.9,146.2,A,DoorSpread,DoorMaster,7.155000,D,P,48140.000000
Sat Sep 13 08:40:50 2025,13-Sep-2025,114053,47 9.967700 N,060 54.522000 W,2.0,145.2,A,Primary,Headline,1.836735,D,S,104842.000000
Sat Sep 13 08:40:50 2025,13-Sep-2025,114054,47 9.967300 N,060 54.521200 W,2.0,143.7,A,Primary,Headline,1.836735,D,S,104842.000000
Sat Sep 13 08:40:52 2025,13-Sep-2025,114055,47 9.967000 N,060 54.520600 W,1.9,142.8,A,Depth,Depth,92.870370,D,P,41975.000000
Sat Sep 13 08:40:52 2025,13-Sep-2025,114056,47 9.966700 N,060 54.520200 W,1.9,142.2,A,Depth,Depth,92.870370,D,P,41975.000000
Sat Sep 13 08:40:52 2025,13-Sep-2025,114057,47 9.966100 N,060 54.520000 W,1.9,143.5,A,Depth,Depth,92.870370,D,P,41975.000000
Sat Sep 13 08:40:55 2025,13-Sep-2025,114058,47 9.965600 N,060 54.519600 W,2.0,145.0,A,Primary,Headline,2.306122,D,S,98915.000000
Sat Sep 13 08:40:55 2025,13-Sep-2025,114059,47 9.965100 N,060 54.519200 W,2.0,145.8,A,Primary,Headline,2.306122,D,S,98915.000000
Sat Sep 13 08:40:58 2025,13-Sep-2025,114100,47 9.964600 N,060 54.518700 W,2.0,145.6,A,DoorSpread,DoorMaster,9.740000,D,S,114843.000000
Sat Sep 13 08:40:58 2025,13-Sep-2025,114101,47 9.964200 N,060 54.517900 W,2.0,144.8,A,DoorSpread,DoorMaster,9.740000,D,S,114843.000000
Sat Sep 13 08:40:58 2025,13-Sep-2025,114102,47 9.963700 N,060 54.517100 W,2.0,143.8,A,DoorSpread,DoorMaster,9.740000,D,S,114843.000000
Sat Sep 13 08:41:00 2025,13-Sep-2025,114103,47 9.963300 N,060 54.516400 W,2.0,143.2,A,Primary,Headline,0.938776,D,P,63490.000000
Sat Sep 13 08:41:00 2025,13-Sep-2025,114104,47 9.962900 N,060 54.515900 W,2.0,142.9,A,Primary,Headline,0.938776,D,P,63490.000000
Sat Sep 13 08:41:00 2025,13-Sep-2025,114105,47 9.962500 N,060 54.515600 W,2.0,143.5,A,Primary,Headline,0.938776,D,P,63490.000000
Sat Sep 13 08:41:04 2025,13-Sep-2025,114106,47 9.962100 N,060 54.515300 W,2.1,145.0,A,DoorSpread,DoorMaster,9.960000,D,S,66938.000000
Sat Sep 13 08:41:04 2025,13-Sep-2025,114107,47 9.961600 N,060 54.514900 W,2.1,146.0,A,DoorSpread,DoorMaster,9.960000,D,S,66938.000000
Sat Sep 13 08:41:06 2025,13-Sep-2025,114108,47 9.961300 N,060 54.514300 W,2.2,145.8,A,Primary,Headline,1.775510,D,S,160551.000000
Sat Sep 13 08:41:06 2025,13-Sep-2025,114109,47 9.961000 N,060 54.513600 W,2.2,144.6,A,Primary,Headline,1.775510,D,S,160551.000000
Sat Sep 13 08:41:07 2025,13-Sep-2025,114110,47 9.960700 N,060 54.513000 W,2.1,143.7,A,Depth,Depth,92.407407,D,P,67912.000000
Sat Sep 13 08:41:07 2025,13-Sep-2025,114111,47 9.960400 N,060 54.512700 W,2.0,143.2,A,Depth,Depth,92.407407,D,P,67912.000000
Sat Sep 13 08:41:10 2025,13-Sep-2025,114112,47 9.960000 N,060 54.512400 W,2.1,143.4,A,DoorSpread,DoorMaster,10.290000,D,P,67640.000000
Sat Sep 13 08:41:10 2025,13-Sep-2025,114113,47 9.959500 N,060 54.512100 W,2.1,143.9,A,Primary,Headline,1.795918,D,S,171727.000000
Sat Sep 13 08:41:10 2025,13-Sep-2025,114114,47 9.958900 N,060 54.511800 W,2.1,144.2,A,Primary,Headline,1.795918,D,S,171727.000000
Sat Sep 13 08:41:10 2025,13-Sep-2025,114115,47 9.958300 N,060 54.511300 W,2.2,144.6,A,Primary,Headline,1.795918,D,S,171727.000000
Sat Sep 13 08:41:10 2025,13-Sep-2025,114116,47 9.957800 N,060 54.510800 W,2.2,144.7,A,Primary,Headline,1.795918,D,S,171727.000000
Sat Sep 13 08:41:14 2025,13-Sep-2025,114117,47 9.957400 N,060 54.510000 W,2.2,143.9,A,Depth,Depth,92.962963,D,S,55992.000000
Sat Sep 13 08:41:16 2025,13-Sep-2025,114118,47 9.957100 N,060 54.509200 W,2.2,142.5,A,Primary,Headline,1.653061,D,S,83726.000000
Sat Sep 13 08:41:16 2025,13-Sep-2025,114119,47 9.956600 N,060 54.508500 W,2.2,141.4,A,Primary,Headline,1.653061,D,S,83726.000000
Sat Sep 13 08:41:16 2025,13-Sep-2025,114120,47 9.956000 N,060 54.507900 W,2.3,141.9,A,Primary,Headline,1.653061,D,S,83726.000000
Sat Sep 13 08:41:16 2025,13-Sep-2025,114121,47 9.955100 N,060 54.507600 W,2.4,143.8,A,Primary,Headline,1.653061,D,S,83726.000000
Sat Sep 13 08:41:16 2025,13-Sep-2025,114122,47 9.954400 N,060 54.507300 W,2.4,145.3,A,Primary,Headline,1.653061,D,S,83726.000000
Sat Sep 13 08:41:21 2025,13-Sep-2025,114123,47 9.953800 N,060 54.506700 W,2.4,145.4,A,Primary,Headline,1.571429,D,P,90593.000000
Sat Sep 13 08:41:21 2025,13-Sep-2025,114124,47 9.953400 N,060 54.505900 W,2.4,144.1,A,DoorSpread,DoorMaster,9.765000,D,S,106865.000000
Sat Sep 13 08:41:22 2025,13-Sep-2025,114125,47 9.953000 N,060 54.505200 W,2.3,143.1,A,Depth,Depth,92.407407,D,S,37109.000000
Sat Sep 13 08:41:22 2025,13-Sep-2025,114126,47 9.952500 N,060 54.504800 W,2.3,142.5,A,Depth,Depth,92.407407,D,S,37109.000000
Sat Sep 13 08:41:22 2025,13-Sep-2025,114127,47 9.951900 N,060 54.504500 W,2.2,142.4,A,Depth,Depth,92.407407,D,S,37109.000000
Sat Sep 13 08:41:26 2025,13-Sep-2025,114128,47 9.951200 N,060 54.504100 W,2.3,142.6,A,Primary,Headline,1.795918,D,P,86993.000000
Sat Sep 13 08:41:26 2025,13-Sep-2025,114129,47 9.950600 N,060 54.503500 W,2.3,142.8,A,Primary,Headline,1.795918,D,P,86993.000000
Sat Sep 13 08:41:27 2025,13-Sep-2025,114130,47 9.950000 N,060 54.503000 W,2.2,143.1,A,DoorSpread,DoorMaster,9.530000,D,S,144086.000000
Sat Sep 13 08:41:27 2025,13-Sep-2025,114131,47 9.949400 N,060 54.502600 W,2.2,143.7,A,DoorSpread,DoorMaster,9.530000,D,S,144086.000000
Sat Sep 13 08:41:29 2025,13-Sep-2025,114132,47 9.948800 N,060 54.502000 W,2.2,143.7,A,Depth,Depth,92.685185,D,S,57564.000000
Sat Sep 13 08:41:31 2025,13-Sep-2025,114133,47 9.948400 N,060 54.501200 W,2.2,142.4,A,Primary,Headline,1.428571,D,P,140030.000000
Sat Sep 13 08:41:31 2025,13-Sep-2025,114134,47 9.948000 N,060 54.500200 W,2.2,140.4,A,Primary,Headline,1.428571,D,P,140030.000000
Sat Sep 13 08:41:33 2025,13-Sep-2025,114135,47 9.947600 N,060 54.499500 W,2.2,139.6,A,DoorSpread,DoorMaster,9.835000,D,P,26598.000000
Sat Sep 13 08:41:33 2025,13-Sep-2025,114136,47 9.947000 N,060 54.499300 W,2.3,141.5,A,DoorSpread,DoorMaster,9.835000,D,P,26598.000000
Sat Sep 13 08:41:33 2025,13-Sep-2025,114137,47 9.946200 N,060 54.499500 W,2.3,144.7,A,DoorSpread,DoorMaster,9.835000,D,P,26598.000000
Sat Sep 13 08:41:36 2025,13-Sep-2025,114138,47 9.945600 N,060 54.499400 W,2.2,146.7,A,Primary,Headline,1.551020,D,S,97444.000000
Sat Sep 13 08:41:37 2025,13-Sep-2025,114139,47 9.945200 N,060 54.498600 W,2.3,146.1,A,Depth,Depth,92.407407,D,S,59332.000000
Sat Sep 13 08:41:37 2025,13-Sep-2025,114140,47 9.944900 N,060 54.497500 W,2.3,143.8,A,Depth,Depth,92.407407,D,S,59332.000000
Sat Sep 13 08:41:39 2025,13-Sep-2025,114141,47 9.944700 N,060 54.496700 W,2.2,142.3,A,DoorSpread,DoorMaster,9.900000,D,S,38340.000000
Sat Sep 13 08:41:39 2025,13-Sep-2025,114142,47 9.944200 N,060 54.496200 W,2.2,141.3,A,DoorSpread,DoorMaster,9.900000,D,S,38340.000000
Sat Sep 13 08:41:41 2025,13-Sep-2025,114143,47 9.943700 N,060 54.495900 W,2.1,141.7,A,Primary,Headline,1.693878,D,S,109030.000000
Sat Sep 13 08:41:41 2025,13-Sep-2025,114144,47 9.943100 N,060 54.495600 W,2.2,143.9,A,Primary,Headline,1.693878,D,S,109030.000000
Sat Sep 13 08:41:41 2025,13-Sep-2025,114145,47 9.942500 N,060 54.495300 W,2.1,145.3,A,Primary,Headline,1.693878,D,S,109030.000000
Sat Sep 13 08:41:44 2025,13-Sep-2025,114146,47 9.942200 N,060 54.494800 W,2.0,146.0,A,Depth,Depth,92.129630,D,P,131097.000000
Sat Sep 13 08:41:44 2025,13-Sep-2025,114147,47 9.941900 N,060 54.494000 W,2.1,144.7,A,DoorSpread,DoorMaster,9.580000,D,S,116073.000000
Sat Sep 13 08:41:46 2025,13-Sep-2025,114148,47 9.941700 N,060 54.493000 W,2.1,143.1,A,Primary,Headline,1.918367,D,P,97506.000000
Sat Sep 13 08:41:46 2025,13-Sep-2025,114149,47 9.941400 N,060 54.492400 W,2.0,142.4,A,Primary,Headline,1.918367,D,P,97506.000000
Sat Sep 13 08:41:46 2025,13-Sep-2025,114150,47 9.941000 N,060 54.492200 W,1.9,142.2,A,Primary,Headline,1.918367,D,P,97506.000000
Sat Sep 13 08:41:46 2025,13-Sep-2025,114151,47 9.940600 N,060 54.492000 W,1.9,142.5,A,Primary,Headline,1.918367,D,P,97506.000000
Sat Sep 13 08:41:46 2025,13-Sep-2025,114152,47 9.940100 N,060 54.491500 W,2.0,142.5,A,Primary,Headline,1.918367,D,P,97506.000000
Sat Sep 13 08:41:51 2025,13-Sep-2025,114153,47 9.939800 N,060 54.491000 W,1.9,142.3,A,Primary,Headline,1.897959,D,S,144525.000000
Sat Sep 13 08:41:51 2025,13-Sep-2025,114154,47 9.939400 N,060 54.490500 W,1.9,142.4,A,Depth,Depth,92.407407,D,S,135219.000000
Sat Sep 13 08:41:51 2025,13-Sep-2025,114155,47 9.939000 N,060 54.490200 W,1.8,142.6,A,Depth,Depth,92.407407,D,S,135219.000000
Sat Sep 13 08:41:51 2025,13-Sep-2025,114156,47 9.938700 N,060 54.489800 W,1.8,142.5,A,Depth,Depth,92.407407,D,S,135219.000000
Sat Sep 13 08:41:51 2025,13-Sep-2025,114157,47 9.938400 N,060 54.489300 W,1.9,141.7,A,Depth,Depth,92.407407,D,S,135219.000000
Sat Sep 13 08:41:56 2025,13-Sep-2025,114158,47 9.938000 N,060 54.488800 W,1.9,141.4,A,Primary,Headline,1.836735,D,P,131318.000000
Sat Sep 13 08:41:56 2025,13-Sep-2025,114159,47 9.937600 N,060 54.488500 W,1.9,141.4,A,DoorSpread,DoorMaster,10.340000,D,P,115339.000000
Sat Sep 13 08:41:56 2025,13-Sep-2025,114200,47 9.937200 N,060 54.488300 W,1.9,141.6,A,DoorSpread,DoorMaster,10.340000,D,P,115339.000000
Sat Sep 13 08:41:59 2025,13-Sep-2025,114201,47 9.936600 N,060 54.487900 W,1.9,142.0,A,Depth,Depth,92.870370,D,P,38261.000000
Sat Sep 13 08:41:59 2025,13-Sep-2025,114202,47 9.936100 N,060 54.487500 W,1.9,142.1,A,Depth,Depth,92.870370,D,P,38261.000000
Sat Sep 13 08:42:01 2025,13-Sep-2025,114203,47 9.935700 N,060 54.487000 W,1.9,142.0,A,Primary,Headline,1.653061,D,S,131573.000000
Sat Sep 13 08:42:02 2025,13-Sep-2025,114204,47 9.935300 N,060 54.486500 W,2.0,141.6,A,DoorSpread,DoorMaster,10.355000,D,S,65969.000000
Sat Sep 13 08:42:02 2025,13-Sep-2025,114205,47 9.934700 N,060 54.486000 W,2.0,141.3,A,DoorSpread,DoorMaster,10.355000,D,S,65969.000000
Sat Sep 13 08:42:02 2025,13-Sep-2025,114206,47 9.934200 N,060 54.485500 W,2.1,141.6,A,DoorSpread,DoorMaster,10.355000,D,S,65969.000000
Sat Sep 13 08:42:02 2025,13-Sep-2025,114207,47 9.933700 N,060 54.485100 W,2.0,141.8,A,DoorSpread,DoorMaster,10.355000,D,S,65969.000000
Sat Sep 13 08:42:06 2025,13-Sep-2025,114208,47 9.933200 N,060 54.484700 W,2.0,142.0,A,Primary,Headline,2.102041,D,P,76746.000000
Sat Sep 13 08:42:06 2025,13-Sep-2025,114209,47 9.932800 N,060 54.484200 W,2.1,141.7,A,Primary,Headline,2.102041,D,P,76746.000000
Sat Sep 13 08:42:08 2025,13-Sep-2025,114210,47 9.932400 N,060 54.483700 W,2.1,141.7,A,DoorSpread,DoorMaster,10.135000,D,P,37672.000000
Sat Sep 13 08:42:08 2025,13-Sep-2025,114211,47 9.931800 N,060 54.483200 W,2.1,142.0,A,DoorSpread,DoorMaster,10.155000,D,S,43192.000000
Sat Sep 13 08:42:08 2025,13-Sep-2025,114212,47 9.931400 N,060 54.482900 W,2.1,142.6,A,DoorSpread,DoorMaster,10.155000,D,S,43192.000000
Sat Sep 13 08:42:11 2025,13-Sep-2025,114213,47 9.930900 N,060 54.482400 W,2.1,143.0,A,Primary,Headline,1.367347,D,S,140245.000000
Sat Sep 13 08:42:11 2025,13-Sep-2025,114214,47 9.930500 N,060 54.481800 W,2.1,143.0,A,Primary,Headline,1.367347,D,S,140245.000000
Sat Sep 13 08:42:11 2025,13-Sep-2025,114215,47 9.930200 N,060 54.481200 W,2.1,142.6,A,Primary,Headline,1.367347,D,S,140245.000000
Sat Sep 13 08:42:14 2025,13-Sep-2025,114216,47 9.929900 N,060 54.480500 W,2.1,142.1,A,DoorSpread,DoorMaster,9.485000,D,S,38992.000000
Sat Sep 13 08:42:14 2025,13-Sep-2025,114217,47 9.929500 N,060 54.479900 W,2.1,142.1,A,DoorSpread,DoorMaster,9.485000,D,S,38992.000000
Sat Sep 13 08:42:16 2025,13-Sep-2025,114218,47 9.928900 N,060 54.479600 W,2.1,142.8,A,Primary,Headline,1.571429,D,S,76272.000000
Sat Sep 13 08:42:16 2025,13-Sep-2025,114219,47 9.928500 N,060 54.479200 W,2.1,143.5,A,Primary,Headline,1.571429,D,S,76272.000000
Sat Sep 13 08:42:16 2025,13-Sep-2025,114220,47 9.928100 N,060 54.478700 W,2.1,143.3,A,Primary,Headline,1.571429,D,S,76272.000000
Sat Sep 13 08:42:16 2025,13-Sep-2025,114221,47 9.927700 N,060 54.478100 W,2.2,142.5,A,Primary,Headline,1.571429,D,S,76272.000000
Sat Sep 13 08:42:19 2025,13-Sep-2025,114222,47 9.927400 N,060 54.477700 W,2.2,142.1,A,DoorSpread,DoorMaster,9.580000,D,P,22829.000000
Sat Sep 13 08:42:21 2025,13-Sep-2025,114223,47 9.926900 N,060 54.477300 W,2.2,142.3,A,Depth,Depth,93.796296,D,S,97556.000000
Sat Sep 13 08:42:21 2025,13-Sep-2025,114224,47 9.926400 N,060 54.477000 W,2.2,142.6,A,Primary,Headline,1.693878,D,S,125363.000000
Sat Sep 13 08:42:21 2025,13-Sep-2025,114225,47 9.926000 N,060 54.476400 W,2.1,142.6,A,Primary,Headline,1.693878,D,S,125363.000000
Sat Sep 13 08:42:21 2025,13-Sep-2025,114226,47 9.925600 N,060 54.475900 W,2.1,142.4,A,Primary,Headline,1.693878,D,S,125363.000000
Sat Sep 13 08:42:21 2025,13-Sep-2025,114227,47 9.925100 N,060 54.475300 W,2.1,141.9,A,Primary,Headline,1.693878,D,S,125363.000000
Sat Sep 13 08:42:25 2025,13-Sep-2025,114228,47 9.924700 N,060 54.474800 W,2.2,141.4,A,DoorSpread,DoorMaster,9.300000,D,S,45778.000000
Sat Sep 13 08:42:26 2025,13-Sep-2025,114229,47 9.924200 N,060 54.474400 W,2.2,141.5,A,Primary,Headline,1.857143,D,P,72357.000000
Sat Sep 13 08:42:26 2025,13-Sep-2025,114230,47 9.923700 N,060 54.474100 W,2.2,142.1,A,Primary,Headline,1.857143,D,P,72357.000000
Sat Sep 13 08:42:28 2025,13-Sep-2025,114231,47 9.923200 N,060 54.473700 W,2.2,143.0,A,Depth,Depth,92.685185,D,S,107112.000000
Sat Sep 13 08:42:28 2025,13-Sep-2025,114232,47 9.922600 N,060 54.473200 W,2.2,143.6,A,Depth,Depth,92.685185,D,S,107112.000000
Sat Sep 13 08:42:28 2025,13-Sep-2025,114233,47 9.922300 N,060 54.472500 W,2.2,143.0,A,Depth,Depth,92.685185,D,S,107112.000000
Sat Sep 13 08:42:31 2025,13-Sep-2025,114234,47 9.922100 N,060 54.471600 W,2.2,141.3,A,DoorSpread,DoorMaster,9.395000,D,S,79112.000000
Sat Sep 13 08:42:31 2025,13-Sep-2025,114235,47 9.921800 N,060 54.470600 W,2.2,140.1,A,DoorSpread,DoorMaster,9.395000,D,S,79112.000000
Sat Sep 13 08:42:31 2025,13-Sep-2025,114236,47 9.921200 N,060 54.470100 W,2.3,140.7,A,DoorSpread,DoorMaster,9.395000,D,S,79112.000000
Sat Sep 13 08:42:31 2025,13-Sep-2025,114237,47 9.920500 N,060 54.469800 W,2.3,142.6,A,DoorSpread,DoorMaster,9.395000,D,S,79112.000000
Sat Sep 13 08:42:35 2025,13-Sep-2025,114238,47 9.919900 N,060 54.469600 W,2.3,144.2,A,Depth,Depth,93.425926,D,P,29944.000000
Sat Sep 13 08:42:36 2025,13-Sep-2025,114239,47 9.919400 N,060 54.468900 W,2.3,144.6,A,Primary,Headline,1.591837,D,P,106607.000000
Sat Sep 13 08:42:37 2025,13-Sep-2025,114240,47 9.919000 N,060 54.468100 W,2.3,143.8,A,DoorSpread,DoorMaster,9.060000,D,S,38112.000000
Sat Sep 13 08:42:37 2025,13-Sep-2025,114241,47 9.918700 N,060 54.467400 W,2.2,143.2,A,DoorSpread,DoorMaster,9.060000,D,S,38112.000000
Sat Sep 13 08:42:37 2025,13-Sep-2025,114242,47 9.918300 N,060 54.466900 W,2.2,142.6,A,DoorSpread,DoorMaster,9.060000,D,S,38112.000000
Sat Sep 13 08:42:41 2025,13-Sep-2025,114243,47 9.917800 N,060 54.466600 W,2.2,143.0,A,Primary,Headline,1.693878,D,P,118440.000000
Sat Sep 13 08:42:41 2025,13-Sep-2025,114244,47 9.917200 N,060 54.466200 W,2.2,143.9,A,Primary,Headline,1.612245,D,S,63934.000000
Sat Sep 13 08:42:43 2025,13-Sep-2025,114245,47 9.916600 N,060 54.466000 W,2.2,145.0,A,Depth,Depth,102.037037,D,S,88957.000000
Sat Sep 13 08:42:43 2025,13-Sep-2025,114246,47 9.916000 N,060 54.465700 W,2.2,146.1,A,Depth,Depth,102.037037,D,S,88957.000000
Sat Sep 13 08:42:43 2025,13-Sep-2025,114247,47 9.915400 N,060 54.465200 W,2.3,146.5,A,Depth,Depth,102.037037,D,S,88957.000000
Sat Sep 13 08:42:43 2025,13-Sep-2025,114248,47 9.914900 N,060 54.464400 W,2.3,145.8,A,Depth,Depth,102.037037,D,S,88957.000000
Sat Sep 13 08:42:46 2025,13-Sep-2025,114249,47 9.914500 N,060 54.463700 W,2.3,144.4,A,Primary,Headline,1.755102,D,S,48640.000000
Sat Sep 13 08:42:46 2025,13-Sep-2025,114250,47 9.914100 N,060 54.463100 W,2.2,143.4,A,Primary,Headline,1.755102,D,S,48640.000000
Sat Sep 13 08:42:48 2025,13-Sep-2025,114251,47 9.913600 N,060 54.462800 W,2.2,143.5,A,DoorSpread,DoorMaster,8.620000,D,S,61417.000000
Sat Sep 13 08:42:48 2025,13-Sep-2025,114252,47 9.913000 N,060 54.462700 W,2.2,144.4,A,DoorSpread,DoorMaster,8.620000,D,S,61417.000000
Sat Sep 13 08:42:50 2025,13-Sep-2025,114253,47 9.912400 N,060 54.462400 W,2.2,145.3,A,Depth,Depth,84.629630,D,S,93495.000000
Sat Sep 13 08:42:51 2025,13-Sep-2025,114254,47 9.911800 N,060 54.461900 W,2.2,145.9,A,Primary,Headline,1.693878,D,S,124301.000000
Sat Sep 13 08:42:51 2025,13-Sep-2025,114255,47 9.911200 N,060 54.461200 W,2.3,145.8,A,Primary,Headline,1.693878,D,S,124301.000000
Sat Sep 13 08:42:51 2025,13-Sep-2025,114256,47 9.910900 N,060 54.460400 W,2.3,145.0,A,Primary,Headline,1.693878,D,S,124301.000000
Sat Sep 13 08:42:54 2025,13-Sep-2025,114257,47 9.910600 N,060 54.459600 W,2.2,143.8,A,DoorSpread,DoorMaster,9.155000,D,P,93449.000000
Sat Sep 13 08:42:54 2025,13-Sep-2025,114258,47 9.910300 N,060 54.458900 W,2.2,142.7,A,DoorSpread,DoorMaster,9.155000,D,P,93449.000000
Sat Sep 13 08:42:56 2025,13-Sep-2025,114259,47 9.909900 N,060 54.458200 W,2.2,142.4,A,Primary,Headline,1.653061,D,P,41454.000000
Sat Sep 13 08:42:57 2025,13-Sep-2025,114300,47 9.909300 N,060 54.457800 W,2.2,144.6,A,Depth,Depth,93.055556,D,S,173346.000000
Sat Sep 13 08:42:57 2025,13-Sep-2025,114301,47 9.908700 N,060 54.457600 W,2.2,146.7,A,Depth,Depth,93.055556,D,S,173346.000000
Sat Sep 13 08:42:57 2025,13-Sep-2025,114302,47 9.908200 N,060 54.457100 W,2.2,147.6,A,Depth,Depth,93.055556,D,S,173346.000000
Sat Sep 13 08:43:00 2025,13-Sep-2025,114303,47 9.907900 N,060 54.456500 W,2.2,146.6,A,DoorSpread,DoorMaster,9.310000,D,P,32385.000000
Sat Sep 13 08:43:01 2025,13-Sep-2025,114304,47 9.907700 N,060 54.455700 W,2.2,144.8,A,Primary,Headline,1.591837,D,S,97145.000000
Sat Sep 13 08:43:01 2025,13-Sep-2025,114305,47 9.907400 N,060 54.455200 W,2.2,143.6,A,Primary,Headline,1.591837,D,S,97145.000000
Sat Sep 13 08:43:01 2025,13-Sep-2025,114306,47 9.907000 N,060 54.454900 W,2.2,143.7,A,Primary,Headline,1.591837,D,S,97145.000000
Sat Sep 13 08:43:05 2025,13-Sep-2025,114307,47 9.906400 N,060 54.454700 W,2.2,144.8,A,Depth,Depth,94.629630,D,S,94379.000000
Sat Sep 13 08:43:06 2025,13-Sep-2025,114308,47 9.905800 N,060 54.454600 W,2.2,145.9,A,DoorSpread,DoorMaster,9.145000,D,S,44983.000000
Sat Sep 13 08:43:06 2025,13-Sep-2025,114309,47 9.905300 N,060 54.454000 W,2.2,145.8,A,Primary,Headline,1.448980,D,S,48718.000000
Sat Sep 13 08:43:06 2025,13-Sep-2025,114310,47 9.905000 N,060 54.453100 W,2.2,144.0,A,Primary,Headline,1.448980,D,S,48718.000000
Sat Sep 13 08:43:06 2025,13-Sep-2025,114311,47 9.904600 N,060 54.452100 W,2.2,142.3,A,Primary,Headline,1.448980,D,S,48718.000000
Sat Sep 13 08:43:06 2025,13-Sep-2025,114312,47 9.904100 N,060 54.451500 W,2.1,141.5,A,Primary,Headline,1.448980,D,S,48718.000000
Sat Sep 13 08:43:06 2025,13-Sep-2025,114313,47 9.903500 N,060 54.451400 W,2.1,142.1,A,Primary,Headline,1.448980,D,S,48718.000000
Sat Sep 13 08:43:11 2025,13-Sep-2025,114314,47 9.902900 N,060 54.451200 W,2.2,143.2,A,DoorSpread,DoorMaster,9.380000,D,S,59716.000000
Sat Sep 13 08:43:12 2025,13-Sep-2025,114315,47 9.902500 N,060 54.450800 W,2.2,143.6,A,Depth,Depth,91.666667,D,P,120491.000000
Sat Sep 13 08:43:12 2025,13-Sep-2025,114316,47 9.902200 N,060 54.450200 W,2.1,143.3,A,Depth,Depth,91.666667,D,P,120491.000000
Sat Sep 13 08:43:12 2025,13-Sep-2025,114317,47 9.902000 N,060 54.449600 W,2.1,142.7,A,Depth,Depth,91.666667,D,P,120491.000000
Sat Sep 13 08:43:12 2025,13-Sep-2025,114318,47 9.901600 N,060 54.449000 W,2.1,142.4,A,Depth,Depth,91.666667,D,P,120491.000000
Sat Sep 13 08:43:16 2025,13-Sep-2025,114319,47 9.900900 N,060 54.448500 W,2.2,143.2,A,Primary,Headline,1.836735,D,S,137538.000000
Sat Sep 13 08:43:17 2025,13-Sep-2025,114320,47 9.900000 N,060 54.448300 W,2.3,145.1,A,DoorSpread,DoorMaster,9.815000,D,P,65990.000000
Sat Sep 13 08:43:17 2025,13-Sep-2025,114321,47 9.899200 N,060 54.447800 W,2.4,146.2,A,DoorSpread,DoorMaster,9.815000,D,P,65990.000000
Sat Sep 13 08:43:19 2025,13-Sep-2025,114322,47 9.898500 N,060 54.447000 W,2.6,145.9,A,Depth,Depth,94.444444,D,P,85887.000000
Sat Sep 13 08:43:19 2025,13-Sep-2025,114323,47 9.897800 N,060 54.446000 W,2.7,145.0,A,Depth,Depth,94.444444,D,P,85887.000000
Sat Sep 13 08:43:21 2025,13-Sep-2025,114324,47 9.897100 N,060 54.445000 W,2.8,144.6,A,Primary,Headline,1.510204,D,S,127405.000000
Sat Sep 13 08:43:21 2025,13-Sep-2025,114325,47 9.896400 N,060 54.444300 W,2.9,145.5,A,Primary,Headline,1.510204,D,S,127405.000000
Sat Sep 13 08:43:21 2025,13-Sep-2025,114326,47 9.895600 N,060 54.443500 W,3.1,145.7,A,Primary,Headline,1.510204,D,S,127405.000000
Sat Sep 13 08:43:21 2025,13-Sep-2025,114327,47 9.894700 N,060 54.442500 W,3.2,145.0,A,Primary,Headline,1.510204,D,S,127405.000000
Sat Sep 13 08:43:21 2025,13-Sep-2025,114328,47 9.893900 N,060 54.441400 W,3.3,144.4,A,Primary,Headline,1.510204,D,S,127405.000000
Sat Sep 13 08:43:26 2025,13-Sep-2025,114329,47 9.893100 N,060 54.440500 W,3.4,145.0,A,Depth,Depth,93.518519,D,S,81266.000000
Sat Sep 13 08:43:26 2025,13-Sep-2025,114330,47 9.892100 N,060 54.439500 W,3.6,145.6,A,Depth,Depth,93.518519,D,S,81266.000000
Sat Sep 13 08:43:26 2025,13-Sep-2025,114331,47 9.891200 N,060 54.438400 W,3.7,145.1,A,Depth,Depth,93.518519,D,S,81266.000000
Sat Sep 13 08:43:26 2025,13-Sep-2025,114332,47 9.890200 N,060 54.437400 W,3.7,144.1,A,Depth,Depth,93.518519,D,S,81266.000000
Sat Sep 13 08:43:26 2025,13-Sep-2025,114333,47 9.889300 N,060 54.436200 W,3.8,143.9,A,Depth,Depth,93.518519,D,S,81266.000000
Sat Sep 13 08:43:31 2025,13-Sep-2025,114334,47 9.888300 N,060 54.435200 W,3.9,144.0,A,Primary,Headline,3.428571,D,S,65393.000000
Sat Sep 13 08:43:31 2025,13-Sep-2025,114335,47 9.887300 N,060 54.434200 W,3.9,143.9,A,Primary,Headline,3.428571,D,S,65393.000000
Sat Sep 13 08:43:31 2025,13-Sep-2025,114336,47 9.886300 N,060 54.433100 W,4.0,143.7,A,Primary,Headline,3.428571,D,S,65393.000000
Sat Sep 13 08:43:34 2025,13-Sep-2025,114337,47 9.885300 N,060 54.432000 W,4.0,143.8,A,DoorSpread,DoorMaster,7.095000,D,S,94737.000000
Sat Sep 13 08:43:34 2025,13-Sep-2025,114338,47 9.884400 N,060 54.430900 W,4.0,143.9,A,DoorSpread,DoorMaster,7.095000,D,S,94737.000000
Sat Sep 13 08:43:36 2025,13-Sep-2025,114339,47 9.883500 N,060 54.429800 W,4.1,144.2,A,Primary,Headline,1.959184,D,S,78340.000000
Sat Sep 13 08:43:36 2025,13-Sep-2025,114340,47 9.882600 N,060 54.428800 W,4.1,143.9,A,Primary,Headline,1.959184,D,S,78340.000000
Sat Sep 13 08:43:36 2025,13-Sep-2025,114341,47 9.881700 N,060 54.427700 W,4.1,143.4,A,Primary,Headline,1.959184,D,S,78340.000000
Sat Sep 13 08:43:40 2025,13-Sep-2025,114342,47 9.880900 N,060 54.426600 W,4.1,142.7,A,DoorSpread,DoorMaster,6.970000,D,S,66098.000000
Sat Sep 13 08:43:40 2025,13-Sep-2025,114343,47 9.880000 N,060 54.425400 W,4.1,142.2,A,DoorSpread,DoorMaster,6.970000,D,S,66098.000000
Sat Sep 13 08:43:41 2025,13-Sep-2025,114344,47 9.879000 N,060 54.424300 W,4.1,142.5,A,Primary,Headline,6.142857,D,S,108123.000000
Sat Sep 13 08:43:41 2025,13-Sep-2025,114345,47 9.878000 N,060 54.423500 W,4.1,143.9,A,Primary,Headline,6.142857,D,S,108123.000000
Sat Sep 13 08:43:41 2025,13-Sep-2025,114346,47 9.877200 N,060 54.422600 W,4.1,144.5,A,Primary,Headline,6.142857,D,S,108123.000000
Sat Sep 13 08:43:41 2025,13-Sep-2025,114347,47 9.876400 N,060 54.421700 W,4.0,143.7,A,Primary,Headline,6.142857,D,S,108123.000000
Sat Sep 13 08:43:45 2025,13-Sep-2025,114348,47 9.875700 N,060 54.420700 W,4.0,142.1,A,DoorSpread,DoorMaster,6.865000,D,S,89113.000000
Sat Sep 13 08:43:46 2025,13-Sep-2025,114349,47 9.874900 N,060 54.419700 W,4.0,141.6,A,Primary,Headline,7.877551,D,S,127930.000000
Sat Sep 13 08:43:46 2025,13-Sep-2025,114350,47 9.874200 N,060 54.418900 W,3.9,141.7,A,Primary,Headline,7.877551,D,S,127930.000000
Sat Sep 13 08:43:49 2025,13-Sep-2025,114351,47 9.873400 N,060 54.418200 W,3.8,141.9,A,Depth,Depth,86.111111,D,S,81809.000000
Sat Sep 13 08:43:49 2025,13-Sep-2025,114352,47 9.872800 N,060 54.417500 W,3.7,142.2,A,Depth,Depth,86.111111,D,S,81809.000000
Sat Sep 13 08:43:49 2025,13-Sep-2025,114353,47 9.872200 N,060 54.416600 W,3.6,141.1,A,Depth,Depth,86.111111,D,S,81809.000000
Sat Sep 13 08:43:52 2025,13-Sep-2025,114354,47 9.871800 N,060 54.415700 W,3.5,140.2,A,Primary,Headline,11.224490,D,S,61290.000000
Sat Sep 13 08:43:52 2025,13-Sep-2025,114355,47 9.871300 N,060 54.415000 W,3.4,140.1,A,Primary,Headline,11.224490,D,S,61290.000000
Sat Sep 13 08:43:52 2025,13-Sep-2025,114356,47 9.870700 N,060 54.414300 W,3.4,140.8,A,Primary,Headline,11.224490,D,S,61290.000000
Sat Sep 13 08:43:52 2025,13-Sep-2025,114357,47 9.870100 N,060 54.413600 W,3.3,142.0,A,Primary,Headline,11.224490,D,S,61290.000000
Sat Sep 13 08:43:52 2025,13-Sep-2025,114358,47 9.869500 N,060 54.413000 W,3.2,142.6,A,Primary,Headline,11.224490,D,S,61290.000000
Sat Sep 13 08:43:57 2025,13-Sep-2025,114359,47 9.869000 N,060 54.412400 W,3.1,142.9,A,DoorSpread,DoorMaster,6.505000,D,S,53019.000000
Sat Sep 13 08:43:57 2025,13-Sep-2025,114400,47 9.868400 N,060 54.411600 W,3.0,142.6,A,Primary,Headline,13.571429,D,P,69766.000000
Sat Sep 13 08:43:57 2025,13-Sep-2025,114401,47 9.867800 N,060 54.410700 W,3.0,142.0,A,Primary,Headline,13.571429,D,P,69766.000000
Sat Sep 13 08:43:57 2025,13-Sep-2025,114402,47 9.867400 N,060 54.409900 W,2.9,141.5,A,Primary,Headline,13.571429,D,P,69766.000000
Sat Sep 13 08:43:57 2025,13-Sep-2025,114403,47 9.866800 N,060 54.409200 W,2.8,141.4,A,Primary,Headline,13.571429,D,P,69766.000000
Sat Sep 13 08:43:57 2025,13-Sep-2025,114404,47 9.866100 N,060 54.408800 W,2.8,143.4,A,Primary,Headline,13.571429,D,P,69766.000000
Sat Sep 13 08:44:02 2025,13-Sep-2025,114405,47 9.865300 N,060 54.408200 W,2.8,144.7,A,DoorSpread,DoorMaster,6.695000,D,S,60109.000000
Sat Sep 13 08:44:03 2025,13-Sep-2025,114406,47 9.864700 N,060 54.407700 W,2.7,145.1,A,Depth,Depth,76.203704,D,S,75108.000000
Sat Sep 13 08:44:03 2025,13-Sep-2025,114407,47 9.864300 N,060 54.406900 W,2.6,144.6,A,Depth,Depth,76.203704,D,S,75108.000000
Sat Sep 13 08:44:03 2025,13-Sep-2025,114408,47 9.863900 N,060 54.406100 W,2.6,143.8,A,Depth,Depth,76.203704,D,S,75108.000000
Sat Sep 13 08:44:03 2025,13-Sep-2025,114409,47 9.863400 N,060 54.405400 W,2.6,143.5,A,Depth,Depth,76.203704,D,S,75108.000000
Sat Sep 13 08:44:08 2025,13-Sep-2025,114410,47 9.862900 N,060 54.405000 W,2.5,143.5,A,DoorSpread,DoorMaster,6.080000,D,P,57236.000000
Sat Sep 13 08:44:08 2025,13-Sep-2025,114411,47 9.862400 N,060 54.404500 W,2.5,143.4,A,DoorSpread,DoorMaster,6.030000,D,S,52441.000000
Sat Sep 13 08:44:08 2025,13-Sep-2025,114412,47 9.862000 N,060 54.403700 W,2.5,142.9,A,DoorSpread,DoorMaster,6.030000,D,S,52441.000000
Sat Sep 13 08:44:10 2025,13-Sep-2025,114413,47 9.861500 N,060 54.403000 W,2.5,142.7,A,Depth,Depth,75.925926,D,S,107966.000000
Sat Sep 13 08:44:10 2025,13-Sep-2025,114414,47 9.861000 N,060 54.402400 W,2.5,142.8,A,Depth,Depth,75.925926,D,S,107966.000000
Sat Sep 13 08:44:13 2025,13-Sep-2025,114415,47 9.860500 N,060 54.401900 W,2.4,142.7,A,Primary,Headline,19.428571,D,S,52011.000000
Sat Sep 13 08:44:13 2025,13-Sep-2025,114416,47 9.860000 N,060 54.401300 W,2.4,142.0,A,DoorSpread,DoorMaster,6.270000,D,S,77458.000000
Sat Sep 13 08:44:13 2025,13-Sep-2025,114417,47 9.859400 N,060 54.400500 W,2.4,141.1,A,DoorSpread,DoorMaster,6.270000,D,S,77458.000000
Sat Sep 13 08:44:13 2025,13-Sep-2025,114418,47 9.858800 N,060 54.399900 W,2.4,141.3,A,DoorSpread,DoorMaster,6.270000,D,S,77458.000000
Sat Sep 13 08:44:13 2025,13-Sep-2025,114419,47 9.858100 N,060 54.399400 W,2.3,141.9,A,DoorSpread,DoorMaster,6.270000,D,S,77458.000000
Sat Sep 13 08:44:18 2025,13-Sep-2025,114420,47 9.857600 N,060 54.398900 W,2.3,142.5,A,Depth,Depth,73.888889,D,S,52119.000000
Sat Sep 13 08:44:18 2025,13-Sep-2025,114421,47 9.857000 N,060 54.398200 W,2.3,142.6,A,Primary,Headline,21.306122,D,S,51347.000000
Sat Sep 13 08:44:19 2025,13-Sep-2025,114422,47 9.856600 N,060 54.397500 W,2.3,141.8,A,DoorSpread,DoorMaster,6.185000,D,S,61891.000000
Sat Sep 13 08:44:19 2025,13-Sep-2025,114423,47 9.856200 N,060 54.396700 W,2.3,141.3,A,DoorSpread,DoorMaster,6.185000,D,S,61891.000000
Sat Sep 13 08:44:19 2025,13-Sep-2025,114424,47 9.855600 N,060 54.396200 W,2.3,141.8,A,DoorSpread,DoorMaster,6.185000,D,S,61891.000000
Sat Sep 13 08:44:19 2025,13-Sep-2025,114425,47 9.855000 N,060 54.395700 W,2.3,142.4,A,DoorSpread,DoorMaster,6.185000,D,S,61891.000000
Sat Sep 13 08:44:23 2025,13-Sep-2025,114426,47 9.854600 N,060 54.395100 W,2.3,142.5,A,Primary,Headline,20.571429,D,S,53389.000000
Sat Sep 13 08:44:25 2025,13-Sep-2025,114427,47 9.854100 N,060 54.394300 W,2.3,142.4,A,DoorSpread,DoorMaster,6.435000,D,S,41489.000000
Sat Sep 13 08:44:25 2025,13-Sep-2025,114428,47 9.853600 N,060 54.393700 W,2.3,142.1,A,Depth,Depth,71.388889,D,S,51869.000000
Sat Sep 13 08:44:25 2025,13-Sep-2025,114429,47 9.853100 N,060 54.393000 W,2.2,141.6,A,Depth,Depth,71.388889,D,S,51869.000000
Sat Sep 13 08:44:25 2025,13-Sep-2025,114430,47 9.852600 N,060 54.392300 W,2.2,140.9,A,Depth,Depth,71.388889,D,S,51869.000000
Sat Sep 13 08:44:29 2025,13-Sep-2025,114431,47 9.852100 N,060 54.391800 W,2.2,140.8,A,Primary,Headline,22.326531,D,P,90306.000000
Sat Sep 13 08:44:29 2025,13-Sep-2025,114432,47 9.851400 N,060 54.391400 W,2.2,141.5,A,Primary,Headline,22.326531,D,P,90306.000000
Sat Sep 13 08:44:30 2025,13-Sep-2025,114433,47 9.850700 N,060 54.391000 W,2.2,142.6,A,DoorSpread,DoorMaster,5.700000,D,S,94239.000000
Sat Sep 13 08:44:30 2025,13-Sep-2025,114434,47 9.850100 N,060 54.390600 W,2.3,142.9,A,DoorSpread,DoorMaster,5.700000,D,S,94239.000000
Sat Sep 13 08:44:32 2025,13-Sep-2025,114435,47 9.849800 N,060 54.389900 W,2.3,142.1,A,Depth,Depth,69.629630,D,S,134182.000000
Sat Sep 13 08:44:32 2025,13-Sep-2025,114436,47 9.849500 N,060 54.389200 W,2.2,140.8,A,Depth,Depth,69.629630,D,S,134182.000000
Sat Sep 13 08:44:34 2025,13-Sep-2025,114437,47 9.849100 N,060 54.388600 W,2.3,140.2,A,Primary,Headline,24.387755,D,P,92679.000000
Sat Sep 13 08:44:36 2025,13-Sep-2025,114438,47 9.848500 N,060 54.388200 W,2.3,140.5,A,DoorSpread,DoorMaster,6.105000,D,S,84591.000000
Sat Sep 13 08:44:36 2025,13-Sep-2025,114439,47 9.847900 N,060 54.387800 W,2.2,141.0,A,DoorSpread,DoorMaster,6.105000,D,S,84591.000000
