Ship Number,Trip Number,Tow Number
AVALON VOYAGER,1,5
Comments
"Zone12F"
CPU Date and Time,GPS Date,GPS Time,Latitude,Longitude,Speed,Heading,Validity,Transducer Name,Sensor Name,Sensor Value,Error Code,Hydrophone,Signal Strength
,11-Jul-2025,122502,48 1.935900 N,061 3.183100 W,3.0,87.0,A,,,,,,
Fri Jul 11 09:25:05 2025,11-Jul-2025,122503,48 1.935800 N,061 3.181900 W,3.0,86.9,A,Depth,Depth,7.777778,D,P,181257.000000
Fri Jul 11 09:25:06 2025,11-Jul-2025,122504,48 1.935800 N,061 3.180600 W,3.0,86.7,A,Primary,Headline,10.020408,D,S,221638.000000
Fri Jul 11 09:25:06 2025,11-Jul-2025,122505,48 1.935700 N,061 3.179400 W,2.9,86.7,A,DoorSpread,DoorMaster,1.660000,D,S,601723.000000
Fri Jul 11 09:25:06 2025,11-Jul-2025,122506,48 1.935800 N,061 3.178300 W,2.9,86.6,A,DoorSpread,DoorMaster,1.660000,D,S,601723.000000
Fri Jul 11 09:25:06 2025,11-Jul-2025,122507,48 1.935800 N,061 3.177200 W,2.9,86.6,A,DoorSpread,DoorMaster,1.660000,D,S,601723.000000
Fri Jul 11 09:25:06 2025,11-Jul-2025,122508,48 1.935900 N,061 3.176100 W,2.9,86.5,A,DoorSpread,DoorMaster,1.660000,D,S,601723.000000
Fri Jul 11 09:25:11 2025,11-Jul-2025,122509,48 1.936000 N,061 3.175000 W,2.8,86.4,A,Primary,Headline,9.714286,D,S,474906.000000
Fri Jul 11 09:25:12 2025,11-Jul-2025,122510,48 1.936000 N,061 3.174000 W,2.8,86.3,A,Depth,Depth,9.722222,D,S,506286.000000
Fri Jul 11 09:25:12 2025,11-Jul-2025,122511,48 1.936100 N,061 3.173000 W,2.7,86.0,A,Depth,Depth,9.722222,D,S,506286.000000
Fri Jul 11 09:25:12 2025,11-Jul-2025,122512,48 1.936200 N,061 3.171900 W,2.7,85.7,A,Depth,Depth,9.722222,D,S,506286.000000
Fri Jul 11 09:25:12 2025,11-Jul-2025,122513,48 1.936200 N,061 3.170800 W,2.7,85.6,A,Depth,Depth,9.722222,D,S,506286.000000
Fri Jul 11 09:25:12 2025,11-Jul-2025,122514,48 1.936100 N,061 3.169800 W,2.6,85.7,A,Depth,Depth,9.722222,D,S,506286.000000
Fri Jul 11 09:25:17 2025,11-Jul-2025,122515,48 1.936100 N,061 3.168800 W,2.6,85.9,A,DoorSpread,DoorMaster,2.315000,D,S,505960.000000
Fri Jul 11 09:25:17 2025,11-Jul-2025,122516,48 1.936200 N,061 3.167800 W,2.5,86.0,A,DoorSpread,DoorMaster,2.315000,D,S,505960.000000
Fri Jul 11 09:25:17 2025,11-Jul-2025,122517,48 1.936200 N,061 3.166800 W,2.5,86.0,A,DoorSpread,DoorMaster,2.315000,D,S,505960.000000
Fri Jul 11 09:25:19 2025,11-Jul-2025,122518,48 1.936300 N,061 3.165900 W,2.5,85.6,A,Depth,Depth,11.481481,D,P,141954.000000
Fri Jul 11 09:25:19 2025,11-Jul-2025,122519,48 1.936500 N,061 3.165100 W,2.5,85.1,A,Depth,Depth,11.481481,D,P,141954.000000
Fri Jul 11 09:25:19 2025,11-Jul-2025,122520,48 1.936500 N,061 3.164200 W,2.5,84.8,A,Depth,Depth,11.481481,D,P,141954.000000
Fri Jul 11 09:25:22 2025,11-Jul-2025,122521,48 1.936500 N,061 3.163300 W,2.5,85.0,A,Primary,Headline,36.755102,D,S,418400.000000
Fri Jul 11 09:25:22 2025,11-Jul-2025,122522,48 1.936500 N,061 3.162300 W,2.4,85.3,A,Primary,Headline,36.755102,D,S,418400.000000
Fri Jul 11 09:25:22 2025,11-Jul-2025,122523,48 1.936500 N,061 3.161400 W,2.4,85.6,A,Primary,Headline,36.755102,D,S,418400.000000
Fri Jul 11 09:25:22 2025,11-Jul-2025,122524,48 1.936600 N,061 3.160500 W,2.4,85.5,A,Primary,Headline,36.755102,D,S,418400.000000
Fri Jul 11 09:25:26 2025,11-Jul-2025,122525,48 1.936700 N,061 3.159600 W,2.4,85.2,A,Depth,Depth,13.240741,D,P,55945.000000
Fri Jul 11 09:25:27 2025,11-Jul-2025,122526,48 1.936900 N,061 3.158800 W,2.3,85.0,A,DoorSpread,DoorMaster,1.385000,D,S,981256.000000
Fri Jul 11 09:25:27 2025,11-Jul-2025,122527,48 1.937000 N,061 3.158100 W,2.2,84.8,A,DoorSpread,DoorMaster,1.385000,D,S,981256.000000
Fri Jul 11 09:25:27 2025,11-Jul-2025,122528,48 1.937000 N,061 3.157400 W,2.2,84.6,A,DoorSpread,DoorMaster,1.385000,D,S,981256.000000
Fri Jul 11 09:25:27 2025,11-Jul-2025,122529,48 1.937000 N,061 3.156800 W,2.2,84.5,A,DoorSpread,DoorMaster,1.385000,D,S,981256.000000
Fri Jul 11 09:25:27 2025,11-Jul-2025,122530,48 1.937100 N,061 3.156100 W,2.1,84.5,A,DoorSpread,DoorMaster,1.385000,D,S,981256.000000
Fri Jul 11 09:25:33 2025,11-Jul-2025,122531,48 1.937100 N,061 3.155500 W,2.1,84.6,A,Primary,Headline,42.163265,D,P,156488.000000
Fri Jul 11 09:25:33 2025,11-Jul-2025,122532,48 1.937100 N,061 3.154800 W,2.1,84.9,A,Primary,Headline,42.102041,D,S,349084.000000
Fri Jul 11 09:25:33 2025,11-Jul-2025,122533,48 1.937000 N,061 3.154100 W,2.1,85.2,A,Primary,Headline,42.102041,D,S,349084.000000
Fri Jul 11 09:25:33 2025,11-Jul-2025,122534,48 1.937000 N,061 3.153400 W,2.0,85.4,A,Primary,Headline,42.102041,D,S,349084.000000
Fri Jul 11 09:25:33 2025,11-Jul-2025,122535,48 1.937100 N,061 3.152800 W,2.0,85.6,A,Primary,Headline,42.102041,D,S,349084.000000
Fri Jul 11 09:25:38 2025,11-Jul-2025,122536,48 1.937200 N,061 3.152100 W,2.0,85.7,A,DoorSpread,DoorMaster,1.760000,D,P,97421.000000
Fri Jul 11 09:25:39 2025,11-Jul-2025,122537,48 1.937200 N,061 3.151500 W,2.0,85.7,A,Primary,Headline,53.755102,D,S,110506.000000
Fri Jul 11 09:25:39 2025,11-Jul-2025,122538,48 1.937200 N,061 3.150800 W,2.0,85.8,A,Primary,Headline,53.755102,D,S,110506.000000
Fri Jul 11 09:25:40 2025,11-Jul-2025,122539,48 1.937300 N,061 3.150000 W,2.0,86.0,A,Depth,Depth,10.648148,D,S,25836.000000
Fri Jul 11 09:25:40 2025,11-Jul-2025,122540,48 1.937500 N,061 3.149100 W,2.0,86.2,A,Depth,Depth,10.648148,D,S,25836.000000
Fri Jul 11 09:25:40 2025,11-Jul-2025,122541,48 1.937600 N,061 3.148200 W,1.9,86.3,A,Depth,Depth,10.648148,D,S,25836.000000
Fri Jul 11 09:25:43 2025,11-Jul-2025,122542,48 1.937700 N,061 3.147400 W,1.9,86.3,A,DoorSpread,DoorMaster,0.830000,D,P,583067.000000
Fri Jul 11 09:25:45 2025,11-Jul-2025,122543,48 1.937900 N,061 3.146600 W,1.9,86.0,A,Primary,Headline,39.122449,D,S,192969.000000
Fri Jul 11 09:25:45 2025,11-Jul-2025,122544,48 1.938000 N,061 3.145800 W,1.9,85.7,A,Primary,Headline,39.122449,D,S,192969.000000
Fri Jul 11 09:25:45 2025,11-Jul-2025,122545,48 1.938100 N,061 3.145000 W,1.9,85.6,A,Primary,Headline,39.122449,D,S,192969.000000
Fri Jul 11 09:25:47 2025,11-Jul-2025,122546,48 1.938200 N,061 3.144300 W,1.8,85.5,A,Depth,Depth,20.648148,D,S,177781.000000
Fri Jul 11 09:25:48 2025,11-Jul-2025,122547,48 1.938200 N,061 3.143600 W,1.8,85.6,A,DoorSpread,DoorMaster,1.210000,D,S,223675.000000
Fri Jul 11 09:25:50 2025,11-Jul-2025,122548,48 1.938200 N,061 3.142900 W,1.8,85.7,A,Primary,Headline,11.591837,D,S,163315.000000
Fri Jul 11 09:25:50 2025,11-Jul-2025,122549,48 1.938200 N,061 3.142300 W,1.7,85.7,A,Primary,Headline,11.591837,D,S,163315.000000
Fri Jul 11 09:25:50 2025,11-Jul-2025,122550,48 1.938200 N,061 3.141600 W,1.7,85.8,A,Primary,Headline,11.591837,D,S,163315.000000
Fri Jul 11 09:25:50 2025,11-Jul-2025,122551,48 1.938200 N,061 3.141000 W,1.7,85.7,A,Primary,Headline,11.591837,D,S,163315.000000
Fri Jul 11 09:25:53 2025,11-Jul-2025,122552,48 1.938400 N,061 3.140200 W,1.7,85.4,A,DoorSpread,DoorMaster,0.000000,E,S,169040.000000
Fri Jul 11 09:25:54 2025,11-Jul-2025,122553,48 1.938400 N,061 3.139500 W,1.8,85.2,A,Depth,Depth,23.611111,D,P,275774.000000
Fri Jul 11 09:25:55 2025,11-Jul-2025,122554,48 1.938400 N,061 3.138700 W,1.8,85.2,A,Primary,Headline,31.244898,D,S,172674.000000
Fri Jul 11 09:25:55 2025,11-Jul-2025,122555,48 1.938400 N,061 3.137900 W,1.8,85.4,A,Primary,Headline,31.244898,D,S,172674.000000
Fri Jul 11 09:25:55 2025,11-Jul-2025,122556,48 1.938400 N,061 3.136900 W,1.9,85.5,A,Primary,Headline,31.244898,D,S,172674.000000
Fri Jul 11 09:25:59 2025,11-Jul-2025,122557,48 1.938400 N,061 3.135800 W,2.2,85.2,A,DoorSpread,DoorMaster,2.320000,D,P,634390.000000
Fri Jul 11 09:25:59 2025,11-Jul-2025,122558,48 1.938500 N,061 3.134300 W,2.4,85.0,A,DoorSpread,DoorMaster,2.320000,D,P,634390.000000
Fri Jul 11 09:26:01 2025,11-Jul-2025,122559,48 1.938600 N,061 3.132700 W,2.7,84.9,A,Primary,Headline,34.183673,D,P,134543.000000
Fri Jul 11 09:26:02 2025,11-Jul-2025,122600,48 1.938700 N,061 3.131100 W,2.9,85.0,A,Depth,Depth,200.555556,D,P,74220.000000
Fri Jul 11 09:26:02 2025,11-Jul-2025,122601,48 1.938800 N,061 3.129300 W,3.2,85.0,A,Depth,Depth,200.555556,D,P,74220.000000
Fri Jul 11 09:26:02 2025,11-Jul-2025,122602,48 1.938900 N,061 3.127200 W,3.5,84.9,A,Depth,Depth,200.555556,D,P,74220.000000
Fri Jul 11 09:26:04 2025,11-Jul-2025,122603,48 1.939100 N,061 3.124800 W,3.8,84.9,A,DoorSpread,DoorMaster,2.750000,D,S,471026.000000
Fri Jul 11 09:26:06 2025,11-Jul-2025,122604,48 1.939200 N,061 3.122300 W,4.2,85.0,A,Primary,Headline,2.489796,D,P,306180.000000
Fri Jul 11 09:26:06 2025,11-Jul-2025,122605,48 1.939400 N,061 3.119600 W,4.5,85.0,A,Primary,Headline,2.489796,D,P,306180.000000
Fri Jul 11 09:26:06 2025,11-Jul-2025,122606,48 1.939500 N,061 3.116900 W,4.8,85.2,A,Primary,Headline,2.489796,D,P,306180.000000
Fri Jul 11 09:26:08 2025,11-Jul-2025,122607,48 1.939600 N,061 3.114000 W,5.1,85.5,A,Depth,Depth,24.444444,D,S,31110.000000
Fri Jul 11 09:26:09 2025,11-Jul-2025,122608,48 1.939700 N,061 3.111200 W,5.4,85.7,A,DoorSpread,DoorMaster,3.020000,D,P,474442.000000
Fri Jul 11 09:26:11 2025,11-Jul-2025,122609,48 1.939800 N,061 3.108400 W,5.6,85.8,A,Primary,Headline,2.938776,D,P,447222.000000
Fri Jul 11 09:26:11 2025,11-Jul-2025,122610,48 1.940000 N,061 3.105500 W,5.8,86.0,A,Primary,Headline,2.938776,D,P,447222.000000
Fri Jul 11 09:26:11 2025,11-Jul-2025,122611,48 1.940000 N,061 3.102600 W,6.0,86.3,A,Primary,Headline,2.938776,D,P,447222.000000
Fri Jul 11 09:26:11 2025,11-Jul-2025,122612,48 1.940100 N,061 3.099700 W,6.1,86.6,A,Primary,Headline,2.938776,D,P,447222.000000
Fri Jul 11 09:26:15 2025,11-Jul-2025,122613,48 1.940200 N,061 3.096800 W,6.2,86.8,A,DoorSpread,DoorMaster,3.210000,D,P,359729.000000
Fri Jul 11 09:26:16 2025,11-Jul-2025,122614,48 1.940300 N,061 3.093900 W,6.3,86.9,A,Primary,Headline,2.224490,D,P,255845.000000
Fri Jul 11 09:26:16 2025,11-Jul-2025,122615,48 1.940500 N,061 3.091100 W,6.3,86.9,A,Depth,Depth,23.796296,D,P,208128.000000
Fri Jul 11 09:26:16 2025,11-Jul-2025,122616,48 1.940700 N,061 3.088300 W,6.4,86.9,A,Depth,Depth,23.796296,D,P,208128.000000
Fri Jul 11 09:26:16 2025,11-Jul-2025,122617,48 1.940800 N,061 3.085600 W,6.3,86.9,A,Depth,Depth,23.796296,D,P,208128.000000
Fri Jul 11 09:26:16 2025,11-Jul-2025,122618,48 1.940900 N,061 3.082900 W,6.4,86.8,A,Depth,Depth,23.796296,D,P,208128.000000
Fri Jul 11 09:26:20 2025,11-Jul-2025,122619,48 1.941100 N,061 3.080200 W,6.4,86.6,A,DoorSpread,DoorMaster,3.405000,D,S,652435.000000
Fri Jul 11 09:26:22 2025,11-Jul-2025,122620,48 1.941200 N,061 3.077500 W,6.3,86.6,A,Primary,Headline,47.959184,D,S,259444.000000
Fri Jul 11 09:26:23 2025,11-Jul-2025,122621,48 1.941300 N,061 3.074900 W,6.3,86.6,A,Depth,Depth,19.814815,D,S,447490.000000
Fri Jul 11 09:26:23 2025,11-Jul-2025,122622,48 1.941200 N,061 3.072300 W,6.3,86.8,A,Depth,Depth,22.685185,D,P,53354.000000
Fri Jul 11 09:26:23 2025,11-Jul-2025,122623,48 1.941200 N,061 3.069700 W,6.2,87.1,A,Depth,Depth,22.685185,D,P,53354.000000
Fri Jul 11 09:26:26 2025,11-Jul-2025,122624,48 1.941200 N,061 3.067300 W,6.2,87.3,A,DoorSpread,DoorMaster,3.480000,D,S,595644.000000
Fri Jul 11 09:26:26 2025,11-Jul-2025,122625,48 1.941300 N,061 3.064900 W,6.1,87.4,A,DoorSpread,DoorMaster,3.480000,D,S,595644.000000
Fri Jul 11 09:26:27 2025,11-Jul-2025,122626,48 1.941400 N,061 3.062400 W,6.1,87.6,A,Primary,Headline,40.877551,D,S,16970.000000
Fri Jul 11 09:26:27 2025,11-Jul-2025,122627,48 1.941500 N,061 3.060000 W,6.0,87.7,A,Primary,Headline,40.877551,D,S,16970.000000
Fri Jul 11 09:26:30 2025,11-Jul-2025,122628,48 1.941500 N,061 3.057600 W,5.9,87.9,A,Depth,Depth,17.962963,D,S,216949.000000
Fri Jul 11 09:26:31 2025,11-Jul-2025,122629,48 1.941600 N,061 3.055300 W,5.9,88.1,A,DoorSpread,DoorMaster,0.000000,E,S,660604.000000
Fri Jul 11 09:26:31 2025,11-Jul-2025,122630,48 1.941700 N,061 3.052900 W,5.9,88.3,A,DoorSpread,DoorMaster,0.000000,E,S,660604.000000
Fri Jul 11 09:26:31 2025,11-Jul-2025,122631,48 1.941700 N,061 3.050600 W,5.8,88.4,A,DoorSpread,DoorMaster,0.000000,E,S,660604.000000
Fri Jul 11 09:26:33 2025,11-Jul-2025,122632,48 1.941800 N,061 3.048300 W,5.8,88.6,A,Primary,Headline,52.551020,D,P,48222.000000
Fri Jul 11 09:26:33 2025,11-Jul-2025,122633,48 1.941800 N,061 3.045900 W,5.8,88.9,A,Primary,Headline,52.551020,D,P,48222.000000
Fri Jul 11 09:26:36 2025,11-Jul-2025,122634,48 1.941800 N,061 3.043600 W,5.7,89.1,A,DoorSpread,DoorMaster,0.000000,E,S,361418.000000
Fri Jul 11 09:26:37 2025,11-Jul-2025,122635,48 1.941800 N,061 3.041400 W,5.7,89.4,A,Depth,Depth,17.314815,D,S,361005.000000
Fri Jul 11 09:26:37 2025,11-Jul-2025,122636,48 1.941800 N,061 3.039300 W,5.6,89.6,A,Depth,Depth,18.055556,D,P,39199.000000
Fri Jul 11 09:26:38 2025,11-Jul-2025,122637,48 1.941900 N,061 3.037100 W,5.6,89.9,A,Primary,Headline,2.653061,D,S,293587.000000
Fri Jul 11 09:26:38 2025,11-Jul-2025,122638,48 1.941800 N,061 3.035000 W,5.6,90.1,A,Primary,Headline,2.653061,D,S,293587.000000
Fri Jul 11 09:26:41 2025,11-Jul-2025,122639,48 1.941700 N,061 3.032900 W,5.6,90.4,A,DoorSpread,DoorMaster,0.000000,E,S,508340.000000
Fri Jul 11 09:26:41 2025,11-Jul-2025,122640,48 1.941700 N,061 3.030700 W,5.5,90.6,A,DoorSpread,DoorMaster,0.000000,E,S,508340.000000
Fri Jul 11 09:26:41 2025,11-Jul-2025,122641,48 1.941700 N,061 3.028700 W,5.5,90.7,A,DoorSpread,DoorMaster,0.000000,E,S,508340.000000
Fri Jul 11 09:26:44 2025,11-Jul-2025,122642,48 1.941700 N,061 3.026500 W,5.5,90.8,A,Depth,Depth,17.592593,D,S,149174.000000
Fri Jul 11 09:26:44 2025,11-Jul-2025,122643,48 1.941600 N,061 3.024300 W,5.4,90.8,A,Depth,Depth,20.000000,D,P,19645.000000
Fri Jul 11 09:26:44 2025,11-Jul-2025,122644,48 1.941500 N,061 3.022100 W,5.4,90.9,A,Depth,Depth,20.000000,D,P,19645.000000
Fri Jul 11 09:26:46 2025,11-Jul-2025,122645,48 1.941400 N,061 3.019800 W,5.4,90.9,A,DoorSpread,DoorMaster,5.050000,D,S,838702.000000
Fri Jul 11 09:26:46 2025,11-Jul-2025,122646,48 1.941400 N,061 3.017500 W,5.4,90.9,A,DoorSpread,DoorMaster,5.050000,D,S,838702.000000
Fri Jul 11 09:26:46 2025,11-Jul-2025,122647,48 1.941500 N,061 3.015100 W,5.4,90.9,A,DoorSpread,DoorMaster,5.050000,D,S,838702.000000
Fri Jul 11 09:26:49 2025,11-Jul-2025,122648,48 1.941500 N,061 3.012700 W,5.4,90.9,A,Primary,Headline,22.510204,D,S,194700.000000
Fri Jul 11 09:26:51 2025,11-Jul-2025,122649,48 1.941600 N,061 3.010400 W,5.4,90.8,A,Depth,Depth,18.888889,D,S,260966.000000
Fri Jul 11 09:26:52 2025,11-Jul-2025,122650,48 1.941700 N,061 3.008100 W,5.4,90.8,A,DoorSpread,DoorMaster,5.370000,D,S,275370.000000
Fri Jul 11 09:26:52 2025,11-Jul-2025,122651,48 1.941600 N,061 3.005900 W,5.3,90.8,A,DoorSpread,DoorMaster,5.370000,D,S,275370.000000
Fri Jul 11 09:26:52 2025,11-Jul-2025,122652,48 1.941500 N,061 3.003700 W,5.3,90.7,A,DoorSpread,DoorMaster,5.370000,D,S,275370.000000
Fri Jul 11 09:26:55 2025,11-Jul-2025,122653,48 1.941500 N,061 3.001500 W,5.3,90.6,A,Primary,Headline,37.142857,D,P,68041.000000
Fri Jul 11 09:26:55 2025,11-Jul-2025,122654,48 1.941500 N,061 2.999300 W,5.3,90.5,A,Primary,Headline,37.142857,D,P,68041.000000
Fri Jul 11 09:26:57 2025,11-Jul-2025,122655,48 1.941600 N,061 2.997300 W,5.3,90.4,A,DoorSpread,DoorMaster,0.000000,E,S,199290.000000
Fri Jul 11 09:26:58 2025,11-Jul-2025,122656,48 1.941600 N,061 2.995200 W,5.3,90.4,A,Depth,Depth,20.000000,D,S,255990.000000
Fri Jul 11 09:26:58 2025,11-Jul-2025,122657,48 1.941700 N,061 2.993100 W,5.3,90.4,A,Depth,Depth,20.000000,D,S,255990.000000
Fri Jul 11 09:26:58 2025,11-Jul-2025,122658,48 1.941700 N,061 2.991000 W,5.2,90.4,A,Depth,Depth,20.000000,D,S,255990.000000
Fri Jul 11 09:27:00 2025,11-Jul-2025,122659,48 1.941800 N,061 2.988800 W,5.3,90.4,A,Primary,Headline,21.367347,D,S,300897.000000
Fri Jul 11 09:27:02 2025,11-Jul-2025,122700,48 1.941800 N,061 2.986600 W,5.3,90.3,A,DoorSpread,DoorMaster,0.000000,E,S,124121.000000
Fri Jul 11 09:27:02 2025,11-Jul-2025,122701,48 1.942000 N,061 2.984400 W,5.3,90.3,A,DoorSpread,DoorMaster,0.000000,E,S,124121.000000
Fri Jul 11 09:27:02 2025,11-Jul-2025,122702,48 1.942000 N,061 2.982300 W,5.2,90.3,A,DoorSpread,DoorMaster,0.000000,E,S,124121.000000
Fri Jul 11 09:27:02 2025,11-Jul-2025,122703,48 1.942100 N,061 2.980200 W,5.2,90.2,A,DoorSpread,DoorMaster,0.000000,E,S,124121.000000
Fri Jul 11 09:27:05 2025,11-Jul-2025,122704,48 1.942200 N,061 2.978100 W,5.2,90.1,A,Primary,Headline,2.469388,D,P,103255.000000
Fri Jul 11 09:27:05 2025,11-Jul-2025,122705,48 1.942200 N,061 2.976000 W,5.2,90.1,A,Primary,Headline,2.469388,D,P,103255.000000
Fri Jul 11 09:27:07 2025,11-Jul-2025,122706,48 1.942200 N,061 2.974000 W,5.2,90.1,A,DoorSpread,DoorMaster,5.800000,D,P,45752.000000
Fri Jul 11 09:27:07 2025,11-Jul-2025,122707,48 1.942200 N,061 2.972100 W,5.2,90.1,A,DoorSpread,DoorMaster,5.800000,D,P,45752.000000
Fri Jul 11 09:27:07 2025,11-Jul-2025,122708,48 1.942100 N,061 2.970100 W,5.2,90.1,A,DoorSpread,DoorMaster,5.800000,D,P,45752.000000
Fri Jul 11 09:27:10 2025,11-Jul-2025,122709,48 1.942100 N,061 2.968000 W,5.2,90.1,A,Primary,Headline,2.755102,D,S,328361.000000
Fri Jul 11 09:27:10 2025,11-Jul-2025,122710,48 1.942100 N,061 2.965800 W,5.2,90.2,A,Primary,Headline,2.755102,D,S,328361.000000
Fri Jul 11 09:27:13 2025,11-Jul-2025,122711,48 1.942000 N,061 2.963600 W,5.2,90.2,A,DoorSpread,DoorMaster,5.810000,D,P,61070.000000
Fri Jul 11 09:27:13 2025,11-Jul-2025,122712,48 1.942000 N,061 2.961400 W,5.2,90.2,A,DoorSpread,DoorMaster,5.810000,D,P,61070.000000
Fri Jul 11 09:27:13 2025,11-Jul-2025,122713,48 1.941900 N,061 2.959200 W,5.2,90.2,A,DoorSpread,DoorMaster,5.810000,D,P,61070.000000
Fri Jul 11 09:27:15 2025,11-Jul-2025,122714,48 1.941900 N,061 2.957000 W,5.2,90.2,A,Primary,Headline,2.408163,D,S,241751.000000
Fri Jul 11 09:27:15 2025,11-Jul-2025,122715,48 1.941800 N,061 2.955000 W,5.2,90.2,A,Primary,Headline,2.408163,D,S,241751.000000
Fri Jul 11 09:27:15 2025,11-Jul-2025,122716,48 1.941900 N,061 2.952900 W,5.2,90.1,A,Primary,Headline,2.408163,D,S,241751.000000
Fri Jul 11 09:27:18 2025,11-Jul-2025,122717,48 1.942000 N,061 2.950800 W,5.2,90.1,A,DoorSpread,DoorMaster,0.000000,E,P,81153.000000
Fri Jul 11 09:27:19 2025,11-Jul-2025,122718,48 1.942000 N,061 2.948600 W,5.2,90.1,A,Depth,Depth,23.055556,D,S,173025.000000
Fri Jul 11 09:27:20 2025,11-Jul-2025,122719,48 1.942000 N,061 2.946300 W,5.2,90.1,A,Primary,Headline,2.408163,D,S,254319.000000
Fri Jul 11 09:27:20 2025,11-Jul-2025,122720,48 1.942100 N,061 2.944000 W,5.2,90.1,A,Primary,Headline,2.408163,D,S,254319.000000
Fri Jul 11 09:27:20 2025,11-Jul-2025,122721,48 1.942200 N,061 2.941700 W,5.2,90.0,A,Primary,Headline,2.408163,D,S,254319.000000
Fri Jul 11 09:27:24 2025,11-Jul-2025,122722,48 1.942300 N,061 2.939400 W,5.2,89.9,A,DoorSpread,DoorMaster,6.240000,D,P,83081.000000
Fri Jul 11 09:27:24 2025,11-Jul-2025,122723,48 1.942300 N,061 2.937100 W,5.2,89.8,A,DoorSpread,DoorMaster,6.240000,D,P,83081.000000
Fri Jul 11 09:27:25 2025,11-Jul-2025,122724,48 1.942400 N,061 2.934800 W,5.2,89.7,A,Primary,Headline,2.367347,D,S,217990.000000
Fri Jul 11 09:27:26 2025,11-Jul-2025,122725,48 1.942300 N,061 2.932500 W,5.2,89.6,A,Depth,Depth,23.796296,D,P,53318.000000
Fri Jul 11 09:27:26 2025,11-Jul-2025,122726,48 1.942300 N,061 2.930200 W,5.2,89.7,A,Depth,Depth,23.796296,D,P,53318.000000
Fri Jul 11 09:27:26 2025,11-Jul-2025,122727,48 1.942200 N,061 2.928000 W,5.1,89.7,A,Depth,Depth,23.796296,D,P,53318.000000
Fri Jul 11 09:27:29 2025,11-Jul-2025,122728,48 1.942100 N,061 2.925900 W,5.1,89.7,A,DoorSpread,DoorMaster,5.745000,D,S,423150.000000
Fri Jul 11 09:27:31 2025,11-Jul-2025,122729,48 1.942000 N,061 2.923700 W,5.1,89.7,A,Primary,Headline,30.897959,D,S,252524.000000
Fri Jul 11 09:27:31 2025,11-Jul-2025,122730,48 1.942000 N,061 2.921600 W,5.1,89.8,A,Primary,Headline,30.897959,D,S,252524.000000
Fri Jul 11 09:27:31 2025,11-Jul-2025,122731,48 1.942100 N,061 2.919400 W,5.1,89.7,A,Primary,Headline,30.897959,D,S,252524.000000
Fri Jul 11 09:27:33 2025,11-Jul-2025,122732,48 1.942200 N,061 2.917300 W,5.1,89.7,A,Depth,Depth,26.666667,D,S,175672.000000
Fri Jul 11 09:27:35 2025,11-Jul-2025,122733,48 1.942200 N,061 2.915200 W,5.1,89.6,A,DoorSpread,DoorMaster,6.045000,D,S,351616.000000
Fri Jul 11 09:27:35 2025,11-Jul-2025,122734,48 1.942200 N,061 2.913100 W,5.1,89.5,A,DoorSpread,DoorMaster,6.045000,D,S,351616.000000
Fri Jul 11 09:27:37 2025,11-Jul-2025,122735,48 1.942300 N,061 2.911100 W,5.1,89.4,A,Primary,Headline,49.326531,D,P,29690.000000
Fri Jul 11 09:27:37 2025,11-Jul-2025,122736,48 1.942400 N,061 2.909000 W,5.1,89.3,A,Primary,Headline,49.326531,D,P,29690.000000
Fri Jul 11 09:27:37 2025,11-Jul-2025,122737,48 1.942400 N,061 2.907000 W,5.1,89.3,A,Primary,Headline,49.326531,D,P,29690.000000
Fri Jul 11 09:27:37 2025,11-Jul-2025,122738,48 1.942500 N,061 2.905100 W,5.0,89.4,A,Primary,Headline,49.326531,D,P,29690.000000
Fri Jul 11 09:27:40 2025,11-Jul-2025,122739,48 1.942500 N,061 2.903000 W,5.1,89.5,A,Depth,Depth,27.777778,D,S,135832.000000
Fri Jul 11 09:27:40 2025,11-Jul-2025,122740,48 1.942600 N,061 2.901000 W,5.1,89.5,A,Depth,Depth,27.777778,D,S,135832.000000
Fri Jul 11 09:27:42 2025,11-Jul-2025,122741,48 1.942700 N,061 2.898900 W,5.1,89.5,A,Primary,Headline,40.020408,D,S,236903.000000
Fri Jul 11 09:27:42 2025,11-Jul-2025,122742,48 1.942800 N,061 2.896800 W,5.1,89.4,A,Primary,Headline,40.020408,D,S,236903.000000
Fri Jul 11 09:27:42 2025,11-Jul-2025,122743,48 1.942800 N,061 2.894700 W,5.1,89.3,A,Primary,Headline,40.020408,D,S,236903.000000
Fri Jul 11 09:27:46 2025,11-Jul-2025,122744,48 1.942800 N,061 2.892600 W,5.1,89.1,A,DoorSpread,DoorMaster,6.865000,D,P,80778.000000
Fri Jul 11 09:27:46 2025,11-Jul-2025,122745,48 1.942800 N,061 2.890400 W,5.1,89.1,A,DoorSpread,DoorMaster,6.865000,D,P,80778.000000
Fri Jul 11 09:27:48 2025,11-Jul-2025,122746,48 1.942800 N,061 2.888300 W,5.1,89.0,A,Depth,Depth,28.425926,D,S,137198.000000
Fri Jul 11 09:27:48 2025,11-Jul-2025,122747,48 1.942800 N,061 2.886000 W,5.1,88.9,A,Depth,Depth,28.425926,D,S,137198.000000
Fri Jul 11 09:27:48 2025,11-Jul-2025,122748,48 1.942800 N,061 2.883900 W,5.1,88.7,A,Depth,Depth,28.425926,D,S,137198.000000
Fri Jul 11 09:27:48 2025,11-Jul-2025,122749,48 1.942900 N,061 2.881700 W,5.2,88.6,A,Depth,Depth,28.425926,D,S,137198.000000
Fri Jul 11 09:27:52 2025,11-Jul-2025,122750,48 1.942900 N,061 2.879500 W,5.2,88.6,A,DoorSpread,DoorMaster,6.695000,D,S,432948.000000
Fri Jul 11 09:27:52 2025,11-Jul-2025,122751,48 1.943000 N,061 2.877400 W,5.1,88.6,A,DoorSpread,DoorMaster,6.695000,D,S,432948.000000
Fri Jul 11 09:27:52 2025,11-Jul-2025,122752,48 1.943100 N,061 2.875400 W,5.1,88.6,A,DoorSpread,DoorMaster,6.695000,D,S,432948.000000
Fri Jul 11 09:27:55 2025,11-Jul-2025,122753,48 1.943100 N,061 2.873300 W,5.1,88.6,A,Depth,Depth,30.925926,D,S,155843.000000
Fri Jul 11 09:27:55 2025,11-Jul-2025,122754,48 1.943200 N,061 2.871200 W,5.1,88.7,A,Depth,Depth,30.925926,D,S,155843.000000
Fri Jul 11 09:27:57 2025,11-Jul-2025,122755,48 1.943400 N,061 2.869000 W,5.2,88.7,A,DoorSpread,DoorMaster,0.000000,E,P,76366.000000
Fri Jul 11 09:27:57 2025,11-Jul-2025,122756,48 1.943600 N,061 2.866800 W,5.2,88.6,A,DoorSpread,DoorMaster,0.000000,E,P,76366.000000
Fri Jul 11 09:27:59 2025,11-Jul-2025,122757,48 1.943700 N,061 2.864500 W,5.2,88.5,A,Primary,Headline,18.163265,D,S,296120.000000
Fri Jul 11 09:27:59 2025,11-Jul-2025,122758,48 1.943800 N,061 2.862300 W,5.2,88.3,A,Primary,Headline,18.163265,D,S,296120.000000
Fri Jul 11 09:27:59 2025,11-Jul-2025,122759,48 1.943900 N,061 2.860200 W,5.2,88.1,A,Primary,Headline,18.163265,D,S,296120.000000
Fri Jul 11 09:28:02 2025,11-Jul-2025,122800,48 1.944000 N,061 2.858100 W,5.2,88.0,A,Depth,Depth,32.685185,D,S,157818.000000
Fri Jul 11 09:28:02 2025,11-Jul-2025,122801,48 1.944100 N,061 2.856100 W,5.2,87.9,A,Depth,Depth,32.685185,D,S,157818.000000
Fri Jul 11 09:28:02 2025,11-Jul-2025,122802,48 1.944200 N,061 2.853900 W,5.2,87.8,A,Depth,Depth,32.685185,D,S,157818.000000
Fri Jul 11 09:28:04 2025,11-Jul-2025,122803,48 1.944300 N,061 2.851800 W,5.2,87.7,A,Primary,Headline,47.020408,D,S,302044.000000
Fri Jul 11 09:28:04 2025,11-Jul-2025,122804,48 1.944400 N,061 2.849700 W,5.3,87.6,A,Primary,Headline,47.020408,D,S,302044.000000
Fri Jul 11 09:28:04 2025,11-Jul-2025,122805,48 1.944500 N,061 2.847500 W,5.2,87.5,A,Primary,Headline,47.020408,D,S,302044.000000
Fri Jul 11 09:28:07 2025,11-Jul-2025,122806,48 1.944600 N,061 2.845400 W,5.2,87.4,A,DoorSpread,DoorMaster,7.015000,D,S,597274.000000
Fri Jul 11 09:28:09 2025,11-Jul-2025,122807,48 1.944600 N,061 2.843300 W,5.2,87.3,A,Depth,Depth,33.888889,D,S,82624.000000
Fri Jul 11 09:28:09 2025,11-Jul-2025,122808,48 1.944600 N,061 2.841100 W,5.2,87.3,A,Primary,Headline,2.204082,D,S,221811.000000
Fri Jul 11 09:28:09 2025,11-Jul-2025,122809,48 1.944500 N,061 2.839000 W,5.2,87.3,A,Primary,Headline,2.204082,D,S,221811.000000
Fri Jul 11 09:28:09 2025,11-Jul-2025,122810,48 1.944600 N,061 2.836900 W,5.2,87.1,A,Primary,Headline,2.204082,D,S,221811.000000
Fri Jul 11 09:28:12 2025,11-Jul-2025,122811,48 1.944800 N,061 2.834800 W,5.2,86.8,A,DoorSpread,DoorMaster,0.000000,E,P,94589.000000
Fri Jul 11 09:28:12 2025,11-Jul-2025,122812,48 1.944900 N,061 2.832500 W,5.2,86.5,A,DoorSpread,DoorMaster,0.000000,E,P,94589.000000
Fri Jul 11 09:28:14 2025,11-Jul-2025,122813,48 1.945000 N,061 2.830300 W,5.2,86.2,A,Primary,Headline,2.673469,D,P,73441.000000
Fri Jul 11 09:28:14 2025,11-Jul-2025,122814,48 1.945100 N,061 2.828200 W,5.2,86.0,A,Primary,Headline,2.673469,D,P,73441.000000
Fri Jul 11 09:28:16 2025,11-Jul-2025,122815,48 1.945300 N,061 2.826000 W,5.2,85.9,A,Depth,Depth,35.000000,D,P,39489.000000
Fri Jul 11 09:28:17 2025,11-Jul-2025,122816,48 1.945500 N,061 2.823800 W,5.2,85.7,A,DoorSpread,DoorMaster,0.000000,E,P,87977.000000
Fri Jul 11 09:28:17 2025,11-Jul-2025,122817,48 1.945600 N,061 2.821700 W,5.2,85.6,A,DoorSpread,DoorMaster,0.000000,E,P,87977.000000
Fri Jul 11 09:28:19 2025,11-Jul-2025,122818,48 1.945700 N,061 2.819600 W,5.2,85.5,A,Primary,Headline,2.183673,D,S,93745.000000
Fri Jul 11 09:28:19 2025,11-Jul-2025,122819,48 1.945900 N,061 2.817600 W,5.2,85.4,A,Primary,Headline,2.183673,D,S,93745.000000
Fri Jul 11 09:28:19 2025,11-Jul-2025,122820,48 1.946000 N,061 2.815700 W,5.2,85.5,A,Primary,Headline,2.183673,D,S,93745.000000
Fri Jul 11 09:28:22 2025,11-Jul-2025,122821,48 1.946100 N,061 2.813700 W,5.1,85.5,A,DoorSpread,DoorMaster,0.000000,E,P,78289.000000
Fri Jul 11 09:28:23 2025,11-Jul-2025,122822,48 1.946300 N,061 2.811700 W,5.2,85.5,A,Depth,Depth,37.407407,D,S,74746.000000
Fri Jul 11 09:28:25 2025,11-Jul-2025,122823,48 1.946400 N,061 2.809600 W,5.2,85.4,A,Primary,Headline,2.224490,D,S,99715.000000
Fri Jul 11 09:28:25 2025,11-Jul-2025,122824,48 1.946600 N,061 2.807500 W,5.2,85.4,A,Primary,Headline,2.224490,D,S,99715.000000
Fri Jul 11 09:28:25 2025,11-Jul-2025,122825,48 1.946700 N,061 2.805400 W,5.2,85.4,A,Primary,Headline,2.224490,D,S,99715.000000
Fri Jul 11 09:28:25 2025,11-Jul-2025,122826,48 1.946700 N,061 2.803400 W,5.1,85.5,A,Primary,Headline,2.224490,D,S,99715.000000
Fri Jul 11 09:28:28 2025,11-Jul-2025,122827,48 1.946700 N,061 2.801400 W,5.1,85.6,A,DoorSpread,DoorMaster,6.945000,D,P,62787.000000
Fri Jul 11 09:28:30 2025,11-Jul-2025,122828,48 1.946800 N,061 2.799200 W,5.1,85.7,A,Primary,Headline,11.489796,D,S,274015.000000
Fri Jul 11 09:28:30 2025,11-Jul-2025,122829,48 1.946800 N,061 2.797200 W,5.0,85.9,A,Depth,Depth,38.981481,D,S,138964.000000
Fri Jul 11 09:28:30 2025,11-Jul-2025,122830,48 1.946900 N,061 2.795300 W,5.0,86.2,A,Depth,Depth,38.981481,D,S,138964.000000
Fri Jul 11 09:28:30 2025,11-Jul-2025,122831,48 1.946800 N,061 2.793400 W,5.0,86.5,A,Depth,Depth,38.981481,D,S,138964.000000
Fri Jul 11 09:28:34 2025,11-Jul-2025,122832,48 1.946800 N,061 2.791500 W,4.9,86.8,A,DoorSpread,DoorMaster,7.100000,D,P,71180.000000
Fri Jul 11 09:28:34 2025,11-Jul-2025,122833,48 1.946800 N,061 2.789600 W,4.9,87.1,A,DoorSpread,DoorMaster,7.100000,D,P,71180.000000
Fri Jul 11 09:28:35 2025,11-Jul-2025,122834,48 1.946800 N,061 2.787700 W,4.9,87.3,A,Primary,Headline,35.306122,D,P,51015.000000
Fri Jul 11 09:28:35 2025,11-Jul-2025,122835,48 1.946900 N,061 2.785800 W,4.8,87.4,A,Primary,Headline,35.306122,D,P,51015.000000
Fri Jul 11 09:28:38 2025,11-Jul-2025,122836,48 1.946900 N,061 2.783800 W,4.8,87.4,A,Depth,Depth,40.833333,D,S,175709.000000
Fri Jul 11 09:28:39 2025,11-Jul-2025,122837,48 1.946900 N,061 2.781800 W,4.8,87.6,A,DoorSpread,DoorMaster,0.000000,E,S,409569.000000
Fri Jul 11 09:28:39 2025,11-Jul-2025,122838,48 1.946900 N,061 2.779800 W,4.9,87.7,A,DoorSpread,DoorMaster,0.000000,E,S,409569.000000
Fri Jul 11 09:28:39 2025,11-Jul-2025,122839,48 1.947000 N,061 2.777700 W,4.9,87.9,A,DoorSpread,DoorMaster,0.000000,E,S,409569.000000
Fri Jul 11 09:28:41 2025,11-Jul-2025,122840,48 1.946900 N,061 2.775700 W,4.9,88.0,A,Primary,Headline,55.979592,D,S,327158.000000
Fri Jul 11 09:28:41 2025,11-Jul-2025,122841,48 1.947000 N,061 2.773700 W,4.9,88.0,A,Primary,Headline,55.979592,D,S,327158.000000
Fri Jul 11 09:28:44 2025,11-Jul-2025,122842,48 1.947100 N,061 2.771800 W,4.9,87.9,A,DoorSpread,DoorMaster,0.000000,E,S,605468.000000
Fri Jul 11 09:28:45 2025,11-Jul-2025,122843,48 1.947200 N,061 2.769900 W,4.9,87.7,A,Depth,Depth,42.314815,D,S,249375.000000
Fri Jul 11 09:28:45 2025,11-Jul-2025,122844,48 1.947300 N,061 2.767900 W,4.9,87.8,A,Depth,Depth,42.314815,D,S,249375.000000
Fri Jul 11 09:28:46 2025,11-Jul-2025,122845,48 1.947300 N,061 2.765900 W,4.9,87.8,A,Primary,Headline,2.224490,D,S,331873.000000
Fri Jul 11 09:28:46 2025,11-Jul-2025,122846,48 1.947400 N,061 2.764000 W,4.9,87.7,A,Primary,Headline,2.224490,D,S,331873.000000
Fri Jul 11 09:28:49 2025,11-Jul-2025,122847,48 1.947600 N,061 2.761900 W,4.9,87.6,A,DoorSpread,DoorMaster,0.000000,E,S,511944.000000
Fri Jul 11 09:28:49 2025,11-Jul-2025,122848,48 1.947700 N,061 2.759800 W,4.9,87.4,A,DoorSpread,DoorMaster,0.000000,E,S,511944.000000
Fri Jul 11 09:28:49 2025,11-Jul-2025,122849,48 1.947800 N,061 2.757600 W,5.0,87.2,A,DoorSpread,DoorMaster,0.000000,E,S,511944.000000
Fri Jul 11 09:28:52 2025,11-Jul-2025,122850,48 1.947900 N,061 2.755400 W,5.0,87.1,A,Depth,Depth,43.888889,D,S,229356.000000
Fri Jul 11 09:28:53 2025,11-Jul-2025,122851,48 1.948000 N,061 2.753200 W,5.0,87.0,A,Depth,Depth,247.685185,D,P,40758.000000
Fri Jul 11 09:28:53 2025,11-Jul-2025,122852,48 1.948000 N,061 2.751100 W,5.0,86.9,A,Depth,Depth,247.685185,D,P,40758.000000
Fri Jul 11 09:28:54 2025,11-Jul-2025,122853,48 1.948100 N,061 2.749000 W,5.0,86.8,A,DoorSpread,DoorMaster,6.975000,D,P,118754.000000
Fri Jul 11 09:28:54 2025,11-Jul-2025,122854,48 1.948100 N,061 2.746800 W,5.0,86.6,A,DoorSpread,DoorMaster,6.975000,D,P,118754.000000
Fri Jul 11 09:28:57 2025,11-Jul-2025,122855,48 1.948200 N,061 2.744800 W,5.0,86.5,A,Primary,Headline,15.265306,D,S,227951.000000
Fri Jul 11 09:28:57 2025,11-Jul-2025,122856,48 1.948200 N,061 2.742800 W,5.0,86.5,A,Primary,Headline,15.265306,D,S,227951.000000
Fri Jul 11 09:28:59 2025,11-Jul-2025,122857,48 1.948200 N,061 2.740700 W,5.0,86.6,A,Depth,Depth,45.555556,D,S,112406.000000
Fri Jul 11 09:28:59 2025,11-Jul-2025,122858,48 1.948200 N,061 2.738600 W,5.0,86.7,A,Depth,Depth,45.555556,D,S,112406.000000
Fri Jul 11 09:29:00 2025,11-Jul-2025,122859,48 1.948200 N,061 2.736500 W,5.0,86.6,A,DoorSpread,DoorMaster,7.155000,D,S,341883.000000
Fri Jul 11 09:29:02 2025,11-Jul-2025,122900,48 1.948300 N,061 2.734300 W,5.1,86.6,A,Primary,Headline,20.979592,D,S,221127.000000
Fri Jul 11 09:29:02 2025,11-Jul-2025,122901,48 1.948400 N,061 2.732300 W,5.0,86.6,A,Primary,Headline,20.979592,D,S,221127.000000
Fri Jul 11 09:29:02 2025,11-Jul-2025,122902,48 1.948400 N,061 2.730300 W,5.0,86.7,A,Primary,Headline,20.979592,D,S,221127.000000
Fri Jul 11 09:29:02 2025,11-Jul-2025,122903,48 1.948400 N,061 2.728400 W,5.0,86.8,A,Primary,Headline,20.979592,D,S,221127.000000
Fri Jul 11 09:29:06 2025,11-Jul-2025,122904,48 1.948500 N,061 2.726400 W,5.0,86.9,A,DoorSpread,DoorMaster,7.330000,D,S,414308.000000
Fri Jul 11 09:29:07 2025,11-Jul-2025,122905,48 1.948500 N,061 2.724300 W,5.0,86.9,A,Primary,Headline,1.632653,D,P,74704.000000
Fri Jul 11 09:29:07 2025,11-Jul-2025,122906,48 1.948500 N,061 2.722300 W,5.1,86.9,A,Primary,Headline,1.632653,D,P,74704.000000
Fri Jul 11 09:29:07 2025,11-Jul-2025,122907,48 1.948600 N,061 2.720300 W,5.1,86.8,A,Primary,Headline,1.632653,D,P,74704.000000
Fri Jul 11 09:29:07 2025,11-Jul-2025,122908,48 1.948700 N,061 2.718300 W,5.1,86.7,A,Primary,Headline,1.632653,D,P,74704.000000
Fri Jul 11 09:29:11 2025,11-Jul-2025,122909,48 1.948700 N,061 2.716300 W,5.0,86.7,A,DoorSpread,DoorMaster,0.000000,E,S,292775.000000
Fri Jul 11 09:29:11 2025,11-Jul-2025,122910,48 1.948800 N,061 2.714300 W,5.0,86.5,A,DoorSpread,DoorMaster,0.000000,E,S,292775.000000
Fri Jul 11 09:29:13 2025,11-Jul-2025,122911,48 1.948700 N,061 2.712400 W,5.0,86.5,A,Primary,Headline,41.367347,D,S,223991.000000
Fri Jul 11 09:29:13 2025,11-Jul-2025,122912,48 1.948700 N,061 2.710300 W,5.0,86.5,A,Depth,Depth,49.074074,D,S,113846.000000
Fri Jul 11 09:29:14 2025,11-Jul-2025,122913,48 1.948700 N,061 2.708400 W,5.0,86.5,A,Depth,Depth,267.777778,D,P,14269.000000
Fri Jul 11 09:29:14 2025,11-Jul-2025,122914,48 1.948800 N,061 2.706400 W,5.0,86.4,A,Depth,Depth,267.777778,D,P,14269.000000
Fri Jul 11 09:29:16 2025,11-Jul-2025,122915,48 1.949000 N,061 2.704300 W,5.1,86.2,A,DoorSpread,DoorMaster,7.525000,D,S,319374.000000
Fri Jul 11 09:29:18 2025,11-Jul-2025,122916,48 1.949100 N,061 2.702300 W,5.1,86.1,A,Primary,Headline,2.306122,D,S,126730.000000
Fri Jul 11 09:29:18 2025,11-Jul-2025,122917,48 1.949200 N,061 2.700300 W,5.0,86.1,A,Primary,Headline,2.306122,D,S,126730.000000
Fri Jul 11 09:29:18 2025,11-Jul-2025,122918,48 1.949400 N,061 2.698500 W,5.0,86.3,A,Primary,Headline,2.306122,D,S,126730.000000
Fri Jul 11 09:29:20 2025,11-Jul-2025,122919,48 1.949500 N,061 2.696500 W,5.0,86.4,A,Depth,Depth,51.111111,D,S,142489.000000
Fri Jul 11 09:29:21 2025,11-Jul-2025,122920,48 1.949600 N,061 2.694500 W,5.0,86.6,A,Depth,Depth,50.462963,D,P,32658.000000
Fri Jul 11 09:29:23 2025,11-Jul-2025,122921,48 1.949600 N,061 2.692600 W,5.0,86.7,A,Primary,Headline,2.061224,D,S,311398.000000
Fri Jul 11 09:29:23 2025,11-Jul-2025,122922,48 1.949700 N,061 2.690800 W,4.9,86.8,A,Primary,Headline,2.061224,D,S,311398.000000
Fri Jul 11 09:29:23 2025,11-Jul-2025,122923,48 1.949900 N,061 2.689100 W,4.9,86.8,A,Primary,Headline,2.061224,D,S,311398.000000
Fri Jul 11 09:29:23 2025,11-Jul-2025,122924,48 1.950100 N,061 2.687300 W,4.9,86.8,A,Primary,Headline,2.061224,D,S,311398.000000
Fri Jul 11 09:29:23 2025,11-Jul-2025,122925,48 1.950200 N,061 2.685500 W,4.8,86.9,A,Primary,Headline,2.061224,D,S,311398.000000
Fri Jul 11 09:29:28 2025,11-Jul-2025,122926,48 1.950200 N,061 2.683700 W,4.9,86.9,A,DoorSpread,DoorMaster,7.660000,D,S,58915.000000
Fri Jul 11 09:29:28 2025,11-Jul-2025,122927,48 1.950200 N,061 2.681800 W,4.9,86.9,A,Depth,Depth,58.518519,D,P,28013.000000
Fri Jul 11 09:29:28 2025,11-Jul-2025,122928,48 1.950200 N,061 2.679800 W,4.9,87.0,A,Depth,Depth,58.518519,D,P,28013.000000
Fri Jul 11 09:29:28 2025,11-Jul-2025,122929,48 1.950300 N,061 2.677800 W,4.9,86.9,A,Depth,Depth,58.518519,D,P,28013.000000
Fri Jul 11 09:29:28 2025,11-Jul-2025,122930,48 1.950400 N,061 2.675800 W,4.9,86.8,A,Depth,Depth,58.518519,D,P,28013.000000
Fri Jul 11 09:29:33 2025,11-Jul-2025,122931,48 1.950600 N,061 2.673800 W,4.9,86.6,A,DoorSpread,DoorMaster,0.000000,E,P,40730.000000
Fri Jul 11 09:29:34 2025,11-Jul-2025,122932,48 1.950700 N,061 2.671700 W,4.9,86.6,A,Primary,Headline,55.346939,D,P,85707.000000
Fri Jul 11 09:29:35 2025,11-Jul-2025,122933,48 1.950700 N,061 2.669800 W,4.9,86.6,A,Depth,Depth,42.129630,D,S,65942.000000
Fri Jul 11 09:29:36 2025,11-Jul-2025,122934,48 1.950900 N,061 2.667900 W,4.8,86.6,A,Depth,Depth,57.407407,D,P,29126.000000
Fri Jul 11 09:29:36 2025,11-Jul-2025,122935,48 1.951000 N,061 2.666100 W,4.8,86.7,A,Depth,Depth,57.407407,D,P,29126.000000
Fri Jul 11 09:29:36 2025,11-Jul-2025,122936,48 1.951000 N,061 2.664100 W,4.8,86.8,A,Depth,Depth,57.407407,D,P,29126.000000
Fri Jul 11 09:29:39 2025,11-Jul-2025,122937,48 1.951000 N,061 2.662100 W,4.8,86.9,A,Primary,Headline,2.326531,D,S,151645.000000
Fri Jul 11 09:29:39 2025,11-Jul-2025,122938,48 1.951100 N,061 2.660100 W,4.8,87.1,A,Primary,Headline,2.326531,D,S,151645.000000
Fri Jul 11 09:29:39 2025,11-Jul-2025,122939,48 1.951000 N,061 2.658100 W,4.8,87.4,A,Primary,Headline,2.326531,D,S,151645.000000
Fri Jul 11 09:29:39 2025,11-Jul-2025,122940,48 1.951000 N,061 2.656000 W,4.8,87.5,A,Primary,Headline,2.326531,D,S,151645.000000
Fri Jul 11 09:29:43 2025,11-Jul-2025,122941,48 1.950900 N,061 2.653900 W,4.8,87.5,A,Depth,Depth,61.203704,D,P,29144.000000
Fri Jul 11 09:29:44 2025,11-Jul-2025,122942,48 1.950900 N,061 2.651800 W,4.8,87.5,A,Primary,Headline,2.326531,D,S,115326.000000
Fri Jul 11 09:29:44 2025,11-Jul-2025,122943,48 1.950900 N,061 2.649700 W,4.8,87.6,A,DoorSpread,DoorMaster,7.595000,D,P,77024.000000
Fri Jul 11 09:29:44 2025,11-Jul-2025,122944,48 1.950900 N,061 2.647800 W,4.7,87.8,A,DoorSpread,DoorMaster,7.595000,D,P,77024.000000
Fri Jul 11 09:29:44 2025,11-Jul-2025,122945,48 1.950900 N,061 2.645900 W,4.8,87.8,A,DoorSpread,DoorMaster,7.595000,D,P,77024.000000
Fri Jul 11 09:29:44 2025,11-Jul-2025,122946,48 1.951000 N,061 2.644000 W,4.8,87.8,A,DoorSpread,DoorMaster,7.595000,D,P,77024.000000
Fri Jul 11 09:29:49 2025,11-Jul-2025,122947,48 1.951100 N,061 2.642000 W,4.8,87.9,A,Primary,Headline,2.020408,D,S,142124.000000
Fri Jul 11 09:29:49 2025,11-Jul-2025,122948,48 1.951200 N,061 2.639900 W,4.9,87.9,A,Depth,Depth,56.944444,D,S,73042.000000
Fri Jul 11 09:29:50 2025,11-Jul-2025,122949,48 1.951300 N,061 2.637900 W,4.9,87.9,A,Depth,Depth,63.148148,D,P,22249.000000
Fri Jul 11 09:29:50 2025,11-Jul-2025,122950,48 1.951400 N,061 2.636000 W,4.9,87.8,A,Depth,Depth,63.148148,D,P,22249.000000
Fri Jul 11 09:29:50 2025,11-Jul-2025,122951,48 1.951400 N,061 2.634100 W,4.9,87.8,A,Depth,Depth,63.148148,D,P,22249.000000
Fri Jul 11 09:29:54 2025,11-Jul-2025,122952,48 1.951400 N,061 2.632200 W,4.9,87.8,A,Primary,Headline,2.224490,D,S,152189.000000
Fri Jul 11 09:29:54 2025,11-Jul-2025,122953,48 1.951500 N,061 2.630200 W,4.9,87.9,A,Primary,Headline,2.224490,D,S,152189.000000
Fri Jul 11 09:29:55 2025,11-Jul-2025,122954,48 1.951500 N,061 2.628300 W,4.9,87.9,A,DoorSpread,DoorMaster,7.965000,D,S,358842.000000
Fri Jul 11 09:29:57 2025,11-Jul-2025,122955,48 1.951600 N,061 2.626400 W,4.9,87.9,A,Depth,Depth,59.907407,D,S,66956.000000
Fri Jul 11 09:29:57 2025,11-Jul-2025,122956,48 1.951700 N,061 2.624500 W,4.9,87.9,A,Depth,Depth,59.907407,D,S,66956.000000
Fri Jul 11 09:29:59 2025,11-Jul-2025,122957,48 1.951800 N,061 2.622700 W,4.9,87.9,A,Primary,Headline,2.204082,D,S,52389.000000
Fri Jul 11 09:29:59 2025,11-Jul-2025,122958,48 1.951800 N,061 2.620700 W,4.9,87.9,A,Primary,Headline,2.204082,D,S,52389.000000
Fri Jul 11 09:30:01 2025,11-Jul-2025,122959,48 1.951900 N,061 2.618500 W,5.0,87.8,A,DoorSpread,DoorMaster,8.130000,D,P,61293.000000
Fri Jul 11 09:30:01 2025,11-Jul-2025,123000,48 1.951900 N,061 2.616300 W,5.0,87.8,A,DoorSpread,DoorMaster,8.130000,D,P,61293.000000
Fri Jul 11 09:30:01 2025,11-Jul-2025,123001,48 1.952000 N,061 2.614200 W,5.0,87.9,A,DoorSpread,DoorMaster,8.130000,D,P,61293.000000
Fri Jul 11 09:30:04 2025,11-Jul-2025,123002,48 1.952100 N,061 2.612100 W,5.0,87.8,A,Primary,Headline,2.183673,D,S,39564.000000
Fri Jul 11 09:30:04 2025,11-Jul-2025,123003,48 1.952300 N,061 2.609900 W,5.1,87.7,A,Primary,Headline,2.183673,D,S,39564.000000
Fri Jul 11 09:30:04 2025,11-Jul-2025,123004,48 1.952400 N,061 2.607800 W,5.0,87.6,A,Primary,Headline,2.183673,D,S,39564.000000
Fri Jul 11 09:30:06 2025,11-Jul-2025,123005,48 1.952500 N,061 2.605700 W,5.0,87.7,A,DoorSpread,DoorMaster,8.205000,D,S,489078.000000
Fri Jul 11 09:30:06 2025,11-Jul-2025,123006,48 1.952500 N,061 2.603700 W,5.0,87.8,A,DoorSpread,DoorMaster,8.205000,D,S,489078.000000
Fri Jul 11 09:30:09 2025,11-Jul-2025,123007,48 1.952600 N,061 2.601600 W,5.1,87.8,A,Primary,Headline,2.102041,D,S,72953.000000
Fri Jul 11 09:30:09 2025,11-Jul-2025,123008,48 1.952700 N,061 2.599400 W,5.1,87.8,A,Primary,Headline,2.102041,D,S,72953.000000
Fri Jul 11 09:30:09 2025,11-Jul-2025,123009,48 1.952700 N,061 2.597300 W,5.0,87.8,A,Primary,Headline,2.102041,D,S,72953.000000
Fri Jul 11 09:30:11 2025,11-Jul-2025,123010,48 1.952700 N,061 2.595100 W,5.0,87.8,A,Depth,Depth,58.611111,D,S,30332.000000
Fri Jul 11 09:30:12 2025,11-Jul-2025,123011,48 1.952700 N,061 2.592800 W,5.0,87.8,A,DoorSpread,DoorMaster,8.265000,D,S,334488.000000
Fri Jul 11 09:30:14 2025,11-Jul-2025,123012,48 1.952700 N,061 2.590700 W,5.0,87.9,A,Primary,Headline,2.306122,D,S,45736.000000
Fri Jul 11 09:30:14 2025,11-Jul-2025,123013,48 1.952800 N,061 2.588600 W,5.0,87.8,A,Primary,Headline,2.306122,D,S,45736.000000
Fri Jul 11 09:30:14 2025,11-Jul-2025,123014,48 1.952800 N,061 2.586500 W,5.0,87.8,A,Primary,Headline,2.306122,D,S,45736.000000
Fri Jul 11 09:30:14 2025,11-Jul-2025,123015,48 1.952800 N,061 2.584400 W,5.0,87.8,A,Primary,Headline,2.306122,D,S,45736.000000
Fri Jul 11 09:30:18 2025,11-Jul-2025,123016,48 1.952800 N,061 2.582400 W,5.0,87.8,A,DoorSpread,DoorMaster,7.725000,D,P,78394.000000
Fri Jul 11 09:30:19 2025,11-Jul-2025,123017,48 1.952700 N,061 2.580400 W,4.9,87.9,A,Primary,Headline,2.244898,D,S,52055.000000
Fri Jul 11 09:30:19 2025,11-Jul-2025,123018,48 1.952600 N,061 2.578500 W,4.9,88.1,A,Primary,Headline,2.244898,D,S,52055.000000
Fri Jul 11 09:30:19 2025,11-Jul-2025,123019,48 1.952700 N,061 2.576600 W,4.9,88.1,A,Primary,Headline,2.244898,D,S,52055.000000
Fri Jul 11 09:30:19 2025,11-Jul-2025,123020,48 1.952700 N,061 2.574500 W,4.9,88.1,A,Primary,Headline,2.244898,D,S,52055.000000
Fri Jul 11 09:30:19 2025,11-Jul-2025,123021,48 1.952700 N,061 2.572500 W,4.9,88.1,A,Primary,Headline,2.244898,D,S,52055.000000
Fri Jul 11 09:30:23 2025,11-Jul-2025,123022,48 1.952700 N,061 2.570400 W,4.9,88.2,A,DoorSpread,DoorMaster,7.690000,D,S,310682.000000
Fri Jul 11 09:30:24 2025,11-Jul-2025,123023,48 1.952700 N,061 2.568400 W,4.9,88.0,A,Primary,Headline,2.142857,D,S,108250.000000
Fri Jul 11 09:30:25 2025,11-Jul-2025,123024,48 1.952800 N,061 2.566400 W,4.9,87.9,A,Depth,Depth,66.296296,D,S,80186.000000
Fri Jul 11 09:30:25 2025,11-Jul-2025,123025,48 1.952700 N,061 2.564400 W,4.8,87.9,A,Depth,Depth,66.296296,D,S,80186.000000
Fri Jul 11 09:30:25 2025,11-Jul-2025,123026,48 1.952700 N,061 2.562500 W,4.8,88.0,A,Depth,Depth,66.296296,D,S,80186.000000
Fri Jul 11 09:30:25 2025,11-Jul-2025,123027,48 1.952600 N,061 2.560700 W,4.7,88.2,A,Depth,Depth,66.296296,D,S,80186.000000
Fri Jul 11 09:30:30 2025,11-Jul-2025,123028,48 1.952600 N,061 2.558600 W,4.8,88.4,A,Primary,Headline,40.897959,D,S,92985.000000
Fri Jul 11 09:30:30 2025,11-Jul-2025,123029,48 1.952500 N,061 2.556500 W,4.8,88.5,A,Primary,Headline,40.897959,D,S,92985.000000
Fri Jul 11 09:30:30 2025,11-Jul-2025,123030,48 1.952500 N,061 2.554500 W,4.8,88.4,A,Primary,Headline,40.897959,D,S,92985.000000
Fri Jul 11 09:30:33 2025,11-Jul-2025,123031,48 1.952500 N,061 2.552400 W,4.8,88.4,A,Depth,Depth,68.796296,D,S,32260.000000
Fri Jul 11 09:30:33 2025,11-Jul-2025,123032,48 1.952600 N,061 2.550200 W,4.8,88.4,A,Depth,Depth,68.796296,D,S,32260.000000
Fri Jul 11 09:30:35 2025,11-Jul-2025,123033,48 1.952600 N,061 2.548100 W,4.8,88.3,A,DoorSpread,DoorMaster,8.125000,D,S,338950.000000
Fri Jul 11 09:30:35 2025,11-Jul-2025,123034,48 1.952600 N,061 2.546000 W,4.8,88.3,A,DoorSpread,DoorMaster,8.125000,D,S,338950.000000
Fri Jul 11 09:30:35 2025,11-Jul-2025,123035,48 1.952600 N,061 2.543900 W,4.9,88.3,A,DoorSpread,DoorMaster,8.125000,D,S,338950.000000
Fri Jul 11 09:30:35 2025,11-Jul-2025,123036,48 1.952600 N,061 2.541900 W,4.8,88.4,A,DoorSpread,DoorMaster,8.125000,D,S,338950.000000
Fri Jul 11 09:30:35 2025,11-Jul-2025,123037,48 1.952600 N,061 2.539900 W,4.8,88.3,A,DoorSpread,DoorMaster,8.125000,D,S,338950.000000
Fri Jul 11 09:30:40 2025,11-Jul-2025,123038,48 1.952600 N,061 2.537900 W,4.9,88.1,A,Primary,Headline,2.204082,D,S,34187.000000
Fri Jul 11 09:30:41 2025,11-Jul-2025,123039,48 1.952800 N,061 2.535700 W,4.9,88.0,A,DoorSpread,DoorMaster,9.810000,D,S,344186.000000
Fri Jul 11 09:30:41 2025,11-Jul-2025,123040,48 1.952900 N,061 2.533600 W,5.0,87.9,A,DoorSpread,DoorMaster,9.810000,D,S,344186.000000
Fri Jul 11 09:30:41 2025,11-Jul-2025,123041,48 1.952900 N,061 2.531600 W,4.9,88.3,A,DoorSpread,DoorMaster,9.810000,D,S,344186.000000
Fri Jul 11 09:30:41 2025,11-Jul-2025,123042,48 1.953000 N,061 2.529600 W,4.9,88.5,A,DoorSpread,DoorMaster,9.810000,D,S,344186.000000
Fri Jul 11 09:30:45 2025,11-Jul-2025,123043,48 1.953200 N,061 2.527500 W,5.0,88.5,A,Primary,Headline,1.918367,D,S,56434.000000
Fri Jul 11 09:30:46 2025,11-Jul-2025,123044,48 1.953400 N,061 2.525500 W,5.0,88.5,A,DoorSpread,DoorMaster,0.000000,E,S,148691.000000
Fri Jul 11 09:30:46 2025,11-Jul-2025,123045,48 1.953600 N,061 2.523400 W,5.0,88.5,A,DoorSpread,DoorMaster,0.000000,E,S,148691.000000
Fri Jul 11 09:30:47 2025,11-Jul-2025,123046,48 1.953700 N,061 2.521400 W,5.0,88.5,A,Depth,Depth,71.759259,D,S,45842.000000
Fri Jul 11 09:30:47 2025,11-Jul-2025,123047,48 1.953900 N,061 2.519500 W,5.0,88.5,A,Depth,Depth,71.759259,D,S,45842.000000
Fri Jul 11 09:30:50 2025,11-Jul-2025,123048,48 1.954200 N,061 2.517600 W,5.0,88.4,A,Primary,Headline,1.938776,D,S,74804.000000
Fri Jul 11 09:30:50 2025,11-Jul-2025,123049,48 1.954500 N,061 2.515600 W,5.0,88.3,A,Primary,Headline,1.938776,D,S,74804.000000
Fri Jul 11 09:30:51 2025,11-Jul-2025,123050,48 1.954700 N,061 2.513600 W,5.0,88.2,A,DoorSpread,DoorMaster,8.270000,D,S,157017.000000
Fri Jul 11 09:30:51 2025,11-Jul-2025,123051,48 1.954800 N,061 2.511600 W,4.9,88.3,A,DoorSpread,DoorMaster,8.270000,D,S,157017.000000
Fri Jul 11 09:30:51 2025,11-Jul-2025,123052,48 1.954900 N,061 2.509600 W,4.9,88.3,A,DoorSpread,DoorMaster,8.270000,D,S,157017.000000
Fri Jul 11 09:30:55 2025,11-Jul-2025,123053,48 1.955000 N,061 2.507600 W,4.9,88.4,A,Primary,Headline,2.244898,D,S,79920.000000
Fri Jul 11 09:30:55 2025,11-Jul-2025,123054,48 1.955100 N,061 2.505400 W,5.0,88.4,A,Primary,Headline,2.244898,D,S,79920.000000
Fri Jul 11 09:30:55 2025,11-Jul-2025,123055,48 1.955100 N,061 2.503300 W,4.9,88.4,A,Primary,Headline,2.244898,D,S,79920.000000
Fri Jul 11 09:30:57 2025,11-Jul-2025,123056,48 1.955100 N,061 2.501200 W,5.0,88.3,A,DoorSpread,DoorMaster,8.290000,D,S,123255.000000
Fri Jul 11 09:30:57 2025,11-Jul-2025,123057,48 1.955200 N,061 2.498900 W,5.0,88.2,A,DoorSpread,DoorMaster,8.290000,D,S,123255.000000
Fri Jul 11 09:31:00 2025,11-Jul-2025,123058,48 1.955400 N,061 2.496700 W,5.0,88.0,A,Primary,Headline,2.285714,D,S,38224.000000
Fri Jul 11 09:31:00 2025,11-Jul-2025,123059,48 1.955500 N,061 2.494700 W,5.0,87.8,A,Primary,Headline,2.285714,D,S,38224.000000
Fri Jul 11 09:31:02 2025,11-Jul-2025,123100,48 1.955700 N,061 2.492600 W,5.0,87.8,A,Depth,Depth,75.833333,D,S,29209.000000
Fri Jul 11 09:31:03 2025,11-Jul-2025,123101,48 1.955800 N,061 2.490500 W,4.9,88.0,A,DoorSpread,DoorMaster,8.675000,D,S,122599.000000
Fri Jul 11 09:31:03 2025,11-Jul-2025,123102,48 1.955900 N,061 2.488500 W,4.9,88.2,A,DoorSpread,DoorMaster,8.675000,D,S,122599.000000
Fri Jul 11 09:31:05 2025,11-Jul-2025,123103,48 1.956000 N,061 2.486600 W,4.9,88.3,A,Primary,Headline,2.081633,D,S,74250.000000
Fri Jul 11 09:31:05 2025,11-Jul-2025,123104,48 1.956100 N,061 2.484700 W,4.9,88.3,A,Primary,Headline,2.081633,D,S,74250.000000
Fri Jul 11 09:31:05 2025,11-Jul-2025,123105,48 1.956200 N,061 2.482700 W,4.9,88.4,A,Primary,Headline,2.081633,D,S,74250.000000
Fri Jul 11 09:31:08 2025,11-Jul-2025,123106,48 1.956300 N,061 2.480600 W,4.9,88.4,A,DoorSpread,DoorMaster,0.000000,E,S,82524.000000
Fri Jul 11 09:31:08 2025,11-Jul-2025,123107,48 1.956300 N,061 2.478400 W,4.9,88.3,A,DoorSpread,DoorMaster,0.000000,E,S,82524.000000
Fri Jul 11 09:31:10 2025,11-Jul-2025,123108,48 1.956200 N,061 2.476300 W,4.9,88.2,A,Primary,Headline,2.102041,D,S,86605.000000
Fri Jul 11 09:31:10 2025,11-Jul-2025,123109,48 1.956200 N,061 2.474200 W,4.9,88.0,A,Primary,Headline,2.102041,D,S,86605.000000
Fri Jul 11 09:31:10 2025,11-Jul-2025,123110,48 1.956200 N,061 2.472200 W,4.9,88.0,A,Primary,Headline,2.102041,D,S,86605.000000
Fri Jul 11 09:31:10 2025,11-Jul-2025,123111,48 1.956200 N,061 2.470400 W,4.8,88.1,A,Primary,Headline,2.102041,D,S,86605.000000
Fri Jul 11 09:31:13 2025,11-Jul-2025,123112,48 1.956100 N,061 2.468500 W,4.8,88.2,A,DoorSpread,DoorMaster,0.000000,E,S,86851.000000
Fri Jul 11 09:31:15 2025,11-Jul-2025,123113,48 1.956100 N,061 2.466700 W,4.8,88.3,A,Primary,Headline,2.102041,D,S,84278.000000
Fri Jul 11 09:31:15 2025,11-Jul-2025,123114,48 1.956200 N,061 2.464700 W,4.8,88.2,A,Primary,Headline,2.102041,D,S,84278.000000
Fri Jul 11 09:31:16 2025,11-Jul-2025,123115,48 1.956300 N,061 2.462700 W,4.8,88.1,A,Depth,Depth,79.351852,D,S,67762.000000
Fri Jul 11 09:31:16 2025,11-Jul-2025,123116,48 1.956300 N,061 2.460700 W,4.8,88.0,A,Depth,Depth,79.351852,D,S,67762.000000
Fri Jul 11 09:31:19 2025,11-Jul-2025,123117,48 1.956300 N,061 2.458700 W,4.8,87.8,A,DoorSpread,DoorMaster,9.025000,D,S,54158.000000
Fri Jul 11 09:31:19 2025,11-Jul-2025,123118,48 1.956400 N,061 2.456700 W,4.8,87.8,A,DoorSpread,DoorMaster,9.025000,D,S,54158.000000
Fri Jul 11 09:31:20 2025,11-Jul-2025,123119,48 1.956600 N,061 2.454800 W,4.8,87.6,A,Primary,Headline,2.285714,D,S,72543.000000
Fri Jul 11 09:31:20 2025,11-Jul-2025,123120,48 1.956700 N,061 2.452900 W,4.8,87.4,A,Primary,Headline,2.285714,D,S,72543.000000
Fri Jul 11 09:31:20 2025,11-Jul-2025,123121,48 1.956800 N,061 2.451000 W,4.8,87.3,A,Primary,Headline,2.285714,D,S,72543.000000
Fri Jul 11 09:31:24 2025,11-Jul-2025,123122,48 1.956900 N,061 2.449100 W,4.8,87.2,A,Depth,Depth,81.388889,D,S,74888.000000
Fri Jul 11 09:31:25 2025,11-Jul-2025,123123,48 1.957100 N,061 2.447300 W,4.8,87.2,A,DoorSpread,DoorMaster,9.490000,D,S,53491.000000
Fri Jul 11 09:31:25 2025,11-Jul-2025,123124,48 1.957200 N,061 2.445400 W,4.8,87.1,A,Primary,Headline,2.183673,D,S,147240.000000
Fri Jul 11 09:31:25 2025,11-Jul-2025,123125,48 1.957200 N,061 2.443500 W,4.8,87.0,A,Primary,Headline,2.183673,D,S,147240.000000
Fri Jul 11 09:31:25 2025,11-Jul-2025,123126,48 1.957200 N,061 2.441700 W,4.8,86.9,A,Primary,Headline,2.183673,D,S,147240.000000
Fri Jul 11 09:31:25 2025,11-Jul-2025,123127,48 1.957300 N,061 2.439900 W,4.7,86.7,A,Primary,Headline,2.183673,D,S,147240.000000
Fri Jul 11 09:31:25 2025,11-Jul-2025,123128,48 1.957400 N,061 2.437900 W,4.8,86.6,A,Primary,Headline,2.183673,D,S,147240.000000
Fri Jul 11 09:31:30 2025,11-Jul-2025,123129,48 1.957400 N,061 2.435900 W,4.8,86.7,A,DoorSpread,DoorMaster,8.970000,D,S,85868.000000
Fri Jul 11 09:31:31 2025,11-Jul-2025,123130,48 1.957400 N,061 2.433900 W,4.8,86.8,A,Depth,Depth,82.685185,D,S,118199.000000
Fri Jul 11 09:31:31 2025,11-Jul-2025,123131,48 1.957400 N,061 2.431800 W,4.8,86.9,A,Depth,Depth,82.685185,D,S,118199.000000
Fri Jul 11 09:31:31 2025,11-Jul-2025,123132,48 1.957500 N,061 2.429900 W,4.9,86.9,A,Depth,Depth,82.685185,D,S,118199.000000
Fri Jul 11 09:31:31 2025,11-Jul-2025,123133,48 1.957600 N,061 2.427900 W,4.9,86.8,A,Depth,Depth,82.685185,D,S,118199.000000
Fri Jul 11 09:31:35 2025,11-Jul-2025,123134,48 1.957700 N,061 2.426000 W,4.9,86.7,A,Primary,Headline,2.183673,D,S,143580.000000
Fri Jul 11 09:31:36 2025,11-Jul-2025,123135,48 1.957800 N,061 2.424200 W,4.8,86.7,A,DoorSpread,DoorMaster,9.705000,D,S,94834.000000
Fri Jul 11 09:31:36 2025,11-Jul-2025,123136,48 1.957800 N,061 2.422300 W,4.8,86.8,A,DoorSpread,DoorMaster,9.705000,D,S,94834.000000
Fri Jul 11 09:31:38 2025,11-Jul-2025,123137,48 1.957800 N,061 2.420300 W,4.8,86.9,A,Depth,Depth,84.722222,D,S,62350.000000
Fri Jul 11 09:31:38 2025,11-Jul-2025,123138,48 1.957800 N,061 2.418400 W,4.8,86.9,A,Depth,Depth,84.722222,D,S,62350.000000
Fri Jul 11 09:31:40 2025,11-Jul-2025,123139,48 1.957700 N,061 2.416400 W,4.8,87.0,A,Primary,Headline,2.367347,D,S,202695.000000
Fri Jul 11 09:31:41 2025,11-Jul-2025,123140,48 1.957700 N,061 2.414400 W,4.8,87.0,A,DoorSpread,DoorMaster,0.000000,E,S,130766.000000
Fri Jul 11 09:31:41 2025,11-Jul-2025,123141,48 1.957700 N,061 2.412600 W,4.8,87.1,A,DoorSpread,DoorMaster,0.000000,E,S,130766.000000
Fri Jul 11 09:31:41 2025,11-Jul-2025,123142,48 1.957700 N,061 2.410600 W,4.8,87.0,A,DoorSpread,DoorMaster,0.000000,E,S,130766.000000
Fri Jul 11 09:31:41 2025,11-Jul-2025,123143,48 1.957800 N,061 2.408600 W,4.9,87.0,A,DoorSpread,DoorMaster,0.000000,E,S,130766.000000
Fri Jul 11 09:31:46 2025,11-Jul-2025,123144,48 1.957700 N,061 2.406600 W,4.9,87.3,A,Depth,Depth,95.185185,D,S,53334.000000
Fri Jul 11 09:31:46 2025,11-Jul-2025,123145,48 1.957700 N,061 2.404700 W,4.8,87.5,A,Depth,Depth,95.185185,D,S,53334.000000
Fri Jul 11 09:31:47 2025,11-Jul-2025,123146,48 1.957900 N,061 2.402700 W,4.9,87.5,A,DoorSpread,DoorMaster,9.505000,D,S,176278.000000
Fri Jul 11 09:31:47 2025,11-Jul-2025,123147,48 1.958000 N,061 2.400700 W,5.0,87.4,A,DoorSpread,DoorMaster,9.505000,D,S,176278.000000
Fri Jul 11 09:31:47 2025,11-Jul-2025,123148,48 1.958200 N,061 2.398800 W,4.9,87.2,A,DoorSpread,DoorMaster,9.505000,D,S,176278.000000
Fri Jul 11 09:31:47 2025,11-Jul-2025,123149,48 1.958200 N,061 2.396900 W,4.9,87.1,A,DoorSpread,DoorMaster,9.505000,D,S,176278.000000
Fri Jul 11 09:31:51 2025,11-Jul-2025,123150,48 1.958300 N,061 2.394900 W,4.9,86.9,A,Primary,Headline,46.163265,D,S,137680.000000
Fri Jul 11 09:31:52 2025,11-Jul-2025,123151,48 1.958400 N,061 2.392900 W,5.0,86.8,A,DoorSpread,DoorMaster,0.000000,E,S,24295.000000
Fri Jul 11 09:31:53 2025,11-Jul-2025,123152,48 1.958600 N,061 2.391000 W,4.9,86.5,A,Depth,Depth,80.740741,D,S,57571.000000
Fri Jul 11 09:31:53 2025,11-Jul-2025,123153,48 1.958700 N,061 2.389200 W,4.9,86.4,A,Depth,Depth,80.740741,D,S,57571.000000
Fri Jul 11 09:31:53 2025,11-Jul-2025,123154,48 1.958700 N,061 2.387300 W,4.8,86.2,A,Depth,Depth,80.740741,D,S,57571.000000
Fri Jul 11 09:31:56 2025,11-Jul-2025,123155,48 1.958800 N,061 2.385200 W,4.8,86.1,A,Primary,Headline,2.224490,D,S,60757.000000
Fri Jul 11 09:31:57 2025,11-Jul-2025,123156,48 1.958800 N,061 2.383200 W,4.8,86.0,A,DoorSpread,DoorMaster,0.000000,E,S,85384.000000
Fri Jul 11 09:31:57 2025,11-Jul-2025,123157,48 1.959000 N,061 2.381200 W,4.8,86.0,A,DoorSpread,DoorMaster,0.000000,E,S,85384.000000
Fri Jul 11 09:31:57 2025,11-Jul-2025,123158,48 1.959100 N,061 2.379200 W,4.8,86.0,A,DoorSpread,DoorMaster,0.000000,E,S,85384.000000
Fri Jul 11 09:32:00 2025,11-Jul-2025,123159,48 1.959300 N,061 2.377200 W,4.8,85.9,A,Depth,Depth,90.092593,D,S,58242.000000
Fri Jul 11 09:32:01 2025,11-Jul-2025,123200,48 1.959300 N,061 2.375400 W,4.7,85.8,A,Primary,Headline,2.204082,D,S,56805.000000
Fri Jul 11 09:32:03 2025,11-Jul-2025,123201,48 1.959400 N,061 2.373400 W,4.7,85.7,A,DoorSpread,DoorMaster,8.800000,D,S,50154.000000
Fri Jul 11 09:32:03 2025,11-Jul-2025,123202,48 1.959500 N,061 2.371500 W,4.7,85.6,A,DoorSpread,DoorMaster,8.800000,D,S,50154.000000
Fri Jul 11 09:32:03 2025,11-Jul-2025,123203,48 1.959600 N,061 2.369700 W,4.7,85.7,A,DoorSpread,DoorMaster,8.800000,D,S,50154.000000
Fri Jul 11 09:32:03 2025,11-Jul-2025,123204,48 1.959600 N,061 2.368000 W,4.7,85.8,A,DoorSpread,DoorMaster,8.800000,D,S,50154.000000
Fri Jul 11 09:32:06 2025,11-Jul-2025,123205,48 1.959700 N,061 2.366200 W,4.7,85.9,A,Primary,Headline,3.816327,D,S,100412.000000
Fri Jul 11 09:32:08 2025,11-Jul-2025,123206,48 1.959800 N,061 2.364300 W,4.7,86.0,A,Depth,Depth,91.759259,D,S,82679.000000
Fri Jul 11 09:32:08 2025,11-Jul-2025,123207,48 1.959800 N,061 2.362400 W,4.7,86.0,A,Depth,Depth,91.759259,D,S,82679.000000
Fri Jul 11 09:32:08 2025,11-Jul-2025,123208,48 1.959900 N,061 2.360600 W,4.7,85.9,A,Depth,Depth,91.759259,D,S,82679.000000
Fri Jul 11 09:32:08 2025,11-Jul-2025,123209,48 1.959900 N,061 2.358800 W,4.6,85.9,A,Depth,Depth,91.759259,D,S,82679.000000
Fri Jul 11 09:32:12 2025,11-Jul-2025,123210,48 1.960000 N,061 2.357000 W,4.7,85.8,A,Primary,Headline,19.857143,D,P,63671.000000
Fri Jul 11 09:32:12 2025,11-Jul-2025,123211,48 1.960200 N,061 2.355100 W,4.7,85.8,A,Primary,Headline,19.857143,D,P,63671.000000
Fri Jul 11 09:32:12 2025,11-Jul-2025,123212,48 1.960200 N,061 2.353400 W,4.6,85.7,A,Primary,Headline,19.857143,D,P,63671.000000
Fri Jul 11 09:32:14 2025,11-Jul-2025,123213,48 1.960300 N,061 2.351500 W,4.7,85.7,A,DoorSpread,DoorMaster,6.680000,D,P,35641.000000
Fri Jul 11 09:32:15 2025,11-Jul-2025,123214,48 1.960400 N,061 2.349800 W,4.6,85.7,A,Depth,Depth,92.407407,D,P,48126.000000
Fri Jul 11 09:32:15 2025,11-Jul-2025,123215,48 1.960500 N,061 2.348000 W,4.7,85.6,A,Depth,Depth,92.407407,D,P,48126.000000
Fri Jul 11 09:32:17 2025,11-Jul-2025,123216,48 1.960600 N,061 2.346200 W,4.7,85.5,A,Primary,Headline,28.979592,D,S,175653.000000
Fri Jul 11 09:32:17 2025,11-Jul-2025,123217,48 1.960800 N,061 2.344300 W,4.7,85.5,A,Primary,Headline,28.979592,D,S,175653.000000
Fri Jul 11 09:32:20 2025,11-Jul-2025,123218,48 1.960900 N,061 2.342400 W,4.7,85.4,A,DoorSpread,DoorMaster,6.490000,D,S,132965.000000
Fri Jul 11 09:32:20 2025,11-Jul-2025,123219,48 1.961000 N,061 2.340600 W,4.7,85.4,A,DoorSpread,DoorMaster,6.490000,D,S,132965.000000
Fri Jul 11 09:32:20 2025,11-Jul-2025,123220,48 1.961100 N,061 2.338900 W,4.7,85.3,A,DoorSpread,DoorMaster,6.490000,D,S,132965.000000
Fri Jul 11 09:32:23 2025,11-Jul-2025,123221,48 1.961200 N,061 2.337000 W,4.7,85.3,A,Primary,Headline,29.673469,D,S,242951.000000
Fri Jul 11 09:32:23 2025,11-Jul-2025,123222,48 1.961300 N,061 2.335200 W,4.7,85.3,A,Primary,Headline,29.673469,D,S,242951.000000
Fri Jul 11 09:32:23 2025,11-Jul-2025,123223,48 1.961300 N,061 2.333400 W,4.7,85.4,A,Primary,Headline,29.673469,D,S,242951.000000
Fri Jul 11 09:32:25 2025,11-Jul-2025,123224,48 1.961400 N,061 2.331500 W,4.8,85.5,A,DoorSpread,DoorMaster,6.780000,D,S,112946.000000
Fri Jul 11 09:32:25 2025,11-Jul-2025,123225,48 1.961400 N,061 2.329600 W,4.7,85.6,A,DoorSpread,DoorMaster,6.780000,D,S,112946.000000
Fri Jul 11 09:32:25 2025,11-Jul-2025,123226,48 1.961600 N,061 2.327800 W,4.7,85.4,A,DoorSpread,DoorMaster,6.780000,D,S,112946.000000
Fri Jul 11 09:32:29 2025,11-Jul-2025,123227,48 1.961900 N,061 2.326000 W,4.7,85.2,A,Secondary,Headline,26.918367,D,P,48287.000000
Fri Jul 11 09:32:30 2025,11-Jul-2025,123228,48 1.962000 N,061 2.324200 W,4.7,85.2,A,Depth,Depth,100.555556,D,S,136603.000000
Fri Jul 11 09:32:31 2025,11-Jul-2025,123229,48 1.962100 N,061 2.322200 W,4.7,85.3,A,DoorSpread,DoorMaster,6.640000,D,P,35476.000000
Fri Jul 11 09:32:31 2025,11-Jul-2025,123230,48 1.962200 N,061 2.320200 W,4.7,85.6,A,DoorSpread,DoorMaster,6.785000,D,S,187905.000000
Fri Jul 11 09:32:31 2025,11-Jul-2025,123231,48 1.962300 N,061 2.318100 W,4.7,85.8,A,DoorSpread,DoorMaster,6.785000,D,S,187905.000000
Fri Jul 11 09:32:34 2025,11-Jul-2025,123232,48 1.962400 N,061 2.316000 W,4.7,85.9,A,Primary,Headline,2.387755,D,S,217291.000000
Fri Jul 11 09:32:34 2025,11-Jul-2025,123233,48 1.962500 N,061 2.313900 W,4.7,86.0,A,Primary,Headline,2.387755,D,S,217291.000000
Fri Jul 11 09:32:34 2025,11-Jul-2025,123234,48 1.962600 N,061 2.311800 W,4.7,86.0,A,Primary,Headline,2.387755,D,S,217291.000000
Fri Jul 11 09:32:37 2025,11-Jul-2025,123235,48 1.962600 N,061 2.309700 W,4.7,85.9,A,DoorSpread,DoorMaster,6.920000,D,S,229937.000000
Fri Jul 11 09:32:37 2025,11-Jul-2025,123236,48 1.962700 N,061 2.307700 W,4.7,85.9,A,Depth,Depth,99.722222,D,S,120896.000000
Fri Jul 11 09:32:37 2025,11-Jul-2025,123237,48 1.962800 N,061 2.305800 W,4.7,85.9,A,Depth,Depth,99.722222,D,S,120896.000000
Fri Jul 11 09:32:39 2025,11-Jul-2025,123238,48 1.962900 N,061 2.303800 W,4.7,85.9,A,Primary,Headline,48.020408,D,S,192375.000000
Fri Jul 11 09:32:39 2025,11-Jul-2025,123239,48 1.963000 N,061 2.301700 W,4.7,85.9,A,Primary,Headline,48.020408,D,S,192375.000000
Fri Jul 11 09:32:39 2025,11-Jul-2025,123240,48 1.963000 N,061 2.299700 W,4.7,86.0,A,Primary,Headline,48.020408,D,S,192375.000000
Fri Jul 11 09:32:42 2025,11-Jul-2025,123241,48 1.963100 N,061 2.297700 W,4.7,86.1,A,DoorSpread,DoorMaster,7.165000,D,P,22837.000000
Fri Jul 11 09:32:42 2025,11-Jul-2025,123242,48 1.963200 N,061 2.295700 W,4.7,86.1,A,DoorSpread,DoorMaster,7.165000,D,P,22837.000000
Fri Jul 11 09:32:45 2025,11-Jul-2025,123243,48 1.963400 N,061 2.293700 W,4.7,86.1,A,Primary,Headline,2.959184,D,P,36518.000000
Fri Jul 11 09:32:45 2025,11-Jul-2025,123244,48 1.963600 N,061 2.291800 W,4.7,85.9,A,Primary,Headline,2.959184,D,P,36518.000000
Fri Jul 11 09:32:45 2025,11-Jul-2025,123245,48 1.963800 N,061 2.289900 W,4.7,85.8,A,Primary,Headline,2.959184,D,P,36518.000000
Fri Jul 11 09:32:48 2025,11-Jul-2025,123246,48 1.963900 N,061 2.288000 W,4.7,85.8,A,DoorSpread,DoorMaster,7.380000,D,S,107062.000000
Fri Jul 11 09:32:48 2025,11-Jul-2025,123247,48 1.964100 N,061 2.286000 W,4.7,85.9,A,DoorSpread,DoorMaster,7.380000,D,S,107062.000000
Fri Jul 11 09:32:50 2025,11-Jul-2025,123248,48 1.964200 N,061 2.284000 W,4.6,85.9,A,Primary,Headline,2.163265,D,P,52224.000000
Fri Jul 11 09:32:50 2025,11-Jul-2025,123249,48 1.964300 N,061 2.282000 W,4.7,86.0,A,Primary,Headline,2.163265,D,P,52224.000000
Fri Jul 11 09:32:52 2025,11-Jul-2025,123250,48 1.964500 N,061 2.280000 W,4.7,86.0,A,Depth,Depth,104.907407,D,S,119036.000000
Fri Jul 11 09:32:52 2025,11-Jul-2025,123251,48 1.964700 N,061 2.278100 W,4.7,86.0,A,Depth,Depth,104.907407,D,S,119036.000000
Fri Jul 11 09:32:54 2025,11-Jul-2025,123252,48 1.964900 N,061 2.276200 W,4.7,86.0,A,DoorSpread,DoorMaster,7.325000,D,P,41310.000000
Fri Jul 11 09:32:55 2025,11-Jul-2025,123253,48 1.965100 N,061 2.274400 W,4.7,86.0,A,Primary,Headline,2.142857,D,P,33246.000000
Fri Jul 11 09:32:55 2025,11-Jul-2025,123254,48 1.965200 N,061 2.272500 W,4.7,86.0,A,Primary,Headline,2.142857,D,P,33246.000000
Fri Jul 11 09:32:55 2025,11-Jul-2025,123255,48 1.965400 N,061 2.270600 W,4.7,86.1,A,Primary,Headline,2.142857,D,P,33246.000000
Fri Jul 11 09:32:55 2025,11-Jul-2025,123256,48 1.965500 N,061 2.268700 W,4.7,86.1,A,Primary,Headline,2.142857,D,P,33246.000000
Fri Jul 11 09:32:55 2025,11-Jul-2025,123257,48 1.965600 N,061 2.266700 W,4.7,86.1,A,Primary,Headline,2.142857,D,P,33246.000000
Fri Jul 11 09:33:00 2025,11-Jul-2025,123258,48 1.965800 N,061 2.264800 W,4.7,86.2,A,Primary,Headline,2.102041,D,S,149159.000000
Fri Jul 11 09:33:00 2025,11-Jul-2025,123259,48 1.965900 N,061 2.262900 W,4.7,86.2,A,Primary,Headline,2.102041,D,S,149159.000000
Fri Jul 11 09:33:00 2025,11-Jul-2025,123300,48 1.966000 N,061 2.261000 W,4.7,86.2,A,Primary,Headline,2.102041,D,S,149159.000000
Fri Jul 11 09:33:00 2025,11-Jul-2025,123301,48 1.966100 N,061 2.259100 W,4.7,86.1,A,Primary,Headline,2.102041,D,S,149159.000000
Fri Jul 11 09:33:00 2025,11-Jul-2025,123302,48 1.966200 N,061 2.257200 W,4.7,86.1,A,Primary,Headline,2.102041,D,S,149159.000000
Fri Jul 11 09:33:05 2025,11-Jul-2025,123303,48 1.966300 N,061 2.255400 W,4.7,86.1,A,DoorSpread,DoorMaster,7.975000,D,S,74754.000000
Fri Jul 11 09:33:05 2025,11-Jul-2025,123304,48 1.966400 N,061 2.253500 W,4.7,86.2,A,DoorSpread,DoorMaster,7.975000,D,S,74754.000000
Fri Jul 11 09:33:07 2025,11-Jul-2025,123305,48 1.966500 N,061 2.251600 W,4.6,86.3,A,Depth,Depth,109.722222,D,S,27285.000000
Fri Jul 11 09:33:07 2025,11-Jul-2025,123306,48 1.966600 N,061 2.249700 W,4.6,86.3,A,Depth,Depth,109.722222,D,S,27285.000000
Fri Jul 11 09:33:07 2025,11-Jul-2025,123307,48 1.966600 N,061 2.247800 W,4.6,86.2,A,Depth,Depth,109.722222,D,S,27285.000000
Fri Jul 11 09:33:07 2025,11-Jul-2025,123308,48 1.966700 N,061 2.246000 W,4.6,86.1,A,Depth,Depth,109.722222,D,S,27285.000000
Fri Jul 11 09:33:11 2025,11-Jul-2025,123309,48 1.966800 N,061 2.244200 W,4.6,86.1,A,DoorSpread,DoorMaster,7.980000,D,S,82284.000000
Fri Jul 11 09:33:11 2025,11-Jul-2025,123310,48 1.966900 N,061 2.242400 W,4.6,86.0,A,DoorSpread,DoorMaster,7.980000,D,S,82284.000000
Fri Jul 11 09:33:11 2025,11-Jul-2025,123311,48 1.967100 N,061 2.240500 W,4.6,85.9,A,DoorSpread,DoorMaster,7.980000,D,S,82284.000000
Fri Jul 11 09:33:11 2025,11-Jul-2025,123312,48 1.967200 N,061 2.238600 W,4.6,85.9,A,DoorSpread,DoorMaster,7.980000,D,S,82284.000000
Fri Jul 11 09:33:14 2025,11-Jul-2025,123313,48 1.967300 N,061 2.236600 W,4.6,86.0,A,Depth,Depth,110.833333,D,S,92706.000000
Fri Jul 11 09:33:14 2025,11-Jul-2025,123314,48 1.967400 N,061 2.234500 W,4.6,86.0,A,Depth,Depth,110.833333,D,S,92706.000000
Fri Jul 11 09:33:16 2025,11-Jul-2025,123315,48 1.967500 N,061 2.232600 W,4.6,86.0,A,Primary,Headline,55.346939,D,S,103610.000000
Fri Jul 11 09:33:16 2025,11-Jul-2025,123316,48 1.967700 N,061 2.230700 W,4.5,85.7,A,Primary,Headline,55.346939,D,S,103610.000000
Fri Jul 11 09:33:16 2025,11-Jul-2025,123317,48 1.967900 N,061 2.228700 W,4.6,85.4,A,Primary,Headline,55.346939,D,S,103610.000000
Fri Jul 11 09:33:16 2025,11-Jul-2025,123318,48 1.968100 N,061 2.226800 W,4.6,85.3,A,Primary,Headline,55.346939,D,S,103610.000000
Fri Jul 11 09:33:16 2025,11-Jul-2025,123319,48 1.968100 N,061 2.224900 W,4.5,85.3,A,Primary,Headline,55.346939,D,S,103610.000000
Fri Jul 11 09:33:22 2025,11-Jul-2025,123320,48 1.968100 N,061 2.223000 W,4.5,85.3,A,DoorSpread,DoorMaster,7.135000,D,S,95453.000000
Fri Jul 11 09:33:22 2025,11-Jul-2025,123321,48 1.968200 N,061 2.221100 W,4.5,85.3,A,Primary,Headline,35.000000,D,P,62285.000000
Fri Jul 11 09:33:22 2025,11-Jul-2025,123322,48 1.968400 N,061 2.219200 W,4.6,85.3,A,Primary,Headline,35.000000,D,P,62285.000000
Fri Jul 11 09:33:22 2025,11-Jul-2025,123323,48 1.968400 N,061 2.217100 W,4.6,85.3,A,Primary,Headline,35.000000,D,P,62285.000000
Fri Jul 11 09:33:22 2025,11-Jul-2025,123324,48 1.968500 N,061 2.215200 W,4.6,85.4,A,Primary,Headline,35.000000,D,P,62285.000000
Fri Jul 11 09:33:22 2025,11-Jul-2025,123325,48 1.968500 N,061 2.213200 W,4.6,85.4,A,Primary,Headline,35.000000,D,P,62285.000000
Fri Jul 11 09:33:28 2025,11-Jul-2025,123326,48 1.968500 N,061 2.211300 W,4.6,85.3,A,DoorSpread,DoorMaster,7.320000,D,S,96572.000000
Fri Jul 11 09:33:29 2025,11-Jul-2025,123327,48 1.968500 N,061 2.209300 W,4.6,85.3,A,Depth,Depth,114.814815,D,S,119468.000000
Fri Jul 11 09:33:29 2025,11-Jul-2025,123328,48 1.968600 N,061 2.207400 W,4.6,85.4,A,Depth,Depth,114.814815,D,S,119468.000000
Fri Jul 11 09:33:29 2025,11-Jul-2025,123329,48 1.968700 N,061 2.205400 W,4.6,85.6,A,Depth,Depth,114.814815,D,S,119468.000000
Fri Jul 11 09:33:29 2025,11-Jul-2025,123330,48 1.968800 N,061 2.203400 W,4.6,85.7,A,Depth,Depth,114.814815,D,S,119468.000000
Fri Jul 11 09:33:33 2025,11-Jul-2025,123331,48 1.968900 N,061 2.201300 W,4.6,85.8,A,Primary,Headline,58.000000,D,S,63874.000000
Fri Jul 11 09:33:33 2025,11-Jul-2025,123332,48 1.969100 N,061 2.199200 W,4.6,85.9,A,DoorSpread,DoorMaster,7.400000,D,S,106184.000000
Fri Jul 11 09:33:33 2025,11-Jul-2025,123333,48 1.969300 N,061 2.197200 W,4.6,85.9,A,DoorSpread,DoorMaster,7.400000,D,S,106184.000000
Fri Jul 11 09:33:33 2025,11-Jul-2025,123334,48 1.969500 N,061 2.195400 W,4.6,85.9,A,DoorSpread,DoorMaster,7.400000,D,S,106184.000000
Fri Jul 11 09:33:36 2025,11-Jul-2025,123335,48 1.969600 N,061 2.193400 W,4.6,85.6,A,Depth,Depth,117.314815,D,P,60194.000000
Fri Jul 11 09:33:38 2025,11-Jul-2025,123336,48 1.969700 N,061 2.191400 W,4.6,85.6,A,Primary,Headline,2.306122,D,P,49772.000000
Fri Jul 11 09:33:39 2025,11-Jul-2025,123337,48 1.969700 N,061 2.189600 W,4.6,85.7,A,DoorSpread,DoorMaster,7.380000,D,S,58371.000000
Fri Jul 11 09:33:39 2025,11-Jul-2025,123338,48 1.969800 N,061 2.187700 W,4.6,85.8,A,DoorSpread,DoorMaster,7.380000,D,S,58371.000000
Fri Jul 11 09:33:39 2025,11-Jul-2025,123339,48 1.969800 N,061 2.185600 W,4.6,85.9,A,DoorSpread,DoorMaster,7.380000,D,S,58371.000000
Fri Jul 11 09:33:39 2025,11-Jul-2025,123340,48 1.969900 N,061 2.183600 W,4.6,86.0,A,DoorSpread,DoorMaster,7.380000,D,S,58371.000000
Fri Jul 11 09:33:39 2025,11-Jul-2025,123341,48 1.970000 N,061 2.181600 W,4.6,86.1,A,DoorSpread,DoorMaster,7.380000,D,S,58371.000000
Fri Jul 11 09:33:44 2025,11-Jul-2025,123342,48 1.970000 N,061 2.179600 W,4.6,86.1,A,Depth,Depth,120.185185,D,P,85611.000000
Fri Jul 11 09:33:45 2025,11-Jul-2025,123343,48 1.970000 N,061 2.177600 W,4.6,86.1,A,DoorSpread,DoorMaster,7.385000,D,S,34550.000000
Fri Jul 11 09:33:45 2025,11-Jul-2025,123344,48 1.970100 N,061 2.175400 W,4.7,86.1,A,DoorSpread,DoorMaster,7.385000,D,S,34550.000000
Fri Jul 11 09:33:45 2025,11-Jul-2025,123345,48 1.970100 N,061 2.173400 W,4.7,86.0,A,DoorSpread,DoorMaster,7.385000,D,S,34550.000000
Fri Jul 11 09:33:45 2025,11-Jul-2025,123346,48 1.970000 N,061 2.171300 W,4.7,85.9,A,DoorSpread,DoorMaster,7.385000,D,S,34550.000000
Fri Jul 11 09:33:48 2025,11-Jul-2025,123347,48 1.970100 N,061 2.169200 W,4.7,86.0,A,Primary,Headline,2.551020,D,P,59053.000000
Fri Jul 11 09:33:48 2025,11-Jul-2025,123348,48 1.970100 N,061 2.167200 W,4.7,86.1,A,Primary,Headline,2.551020,D,P,59053.000000
Fri Jul 11 09:33:50 2025,11-Jul-2025,123349,48 1.970200 N,061 2.165200 W,4.6,86.1,A,DoorSpread,DoorMaster,7.440000,D,S,31168.000000
Fri Jul 11 09:33:51 2025,11-Jul-2025,123350,48 1.970300 N,061 2.163400 W,4.6,86.2,A,Depth,Depth,121.203704,D,P,56031.000000
Fri Jul 11 09:33:51 2025,11-Jul-2025,123351,48 1.970200 N,061 2.161500 W,4.6,86.1,A,Depth,Depth,121.203704,D,P,56031.000000
Fri Jul 11 09:33:53 2025,11-Jul-2025,123352,48 1.970300 N,061 2.159600 W,4.6,86.1,A,Primary,Headline,1.959184,D,P,53810.000000
Fri Jul 11 09:33:53 2025,11-Jul-2025,123353,48 1.970400 N,061 2.157600 W,4.6,86.2,A,Primary,Headline,1.959184,D,P,53810.000000
Fri Jul 11 09:33:56 2025,11-Jul-2025,123354,48 1.970600 N,061 2.155700 W,4.6,86.2,A,DoorSpread,DoorMaster,7.475000,D,S,35691.000000
Fri Jul 11 09:33:56 2025,11-Jul-2025,123355,48 1.970800 N,061 2.153700 W,4.6,86.2,A,DoorSpread,DoorMaster,7.475000,D,S,35691.000000
Fri Jul 11 09:33:56 2025,11-Jul-2025,123356,48 1.971100 N,061 2.151700 W,4.6,86.2,A,DoorSpread,DoorMaster,7.475000,D,S,35691.000000
Fri Jul 11 09:33:59 2025,11-Jul-2025,123357,48 1.971400 N,061 2.149800 W,4.6,86.0,A,Depth,Depth,124.074074,D,P,50505.000000
Fri Jul 11 09:33:59 2025,11-Jul-2025,123358,48 1.971600 N,061 2.147800 W,4.6,85.9,A,Depth,Depth,124.074074,D,P,50505.000000
Fri Jul 11 09:33:59 2025,11-Jul-2025,123359,48 1.971800 N,061 2.145900 W,4.6,85.7,A,Depth,Depth,124.074074,D,P,50505.000000
Fri Jul 11 09:34:02 2025,11-Jul-2025,123400,48 1.971800 N,061 2.143900 W,4.6,85.7,A,DoorSpread,DoorMaster,7.565000,D,P,59287.000000
Fri Jul 11 09:34:02 2025,11-Jul-2025,123401,48 1.971800 N,061 2.141900 W,4.6,85.8,A,DoorSpread,DoorMaster,7.565000,D,P,59287.000000
Fri Jul 11 09:34:04 2025,11-Jul-2025,123402,48 1.971900 N,061 2.140000 W,4.6,86.0,A,Primary,Headline,21.428571,D,S,75497.000000
Fri Jul 11 09:34:04 2025,11-Jul-2025,123403,48 1.972000 N,061 2.138100 W,4.6,86.1,A,Primary,Headline,21.428571,D,S,75497.000000
Fri Jul 11 09:34:04 2025,11-Jul-2025,123404,48 1.972200 N,061 2.136200 W,4.6,86.0,A,Primary,Headline,21.428571,D,S,75497.000000
Fri Jul 11 09:34:06 2025,11-Jul-2025,123405,48 1.972400 N,061 2.134400 W,4.6,85.8,A,Depth,Depth,129.166667,D,S,30656.000000
Fri Jul 11 09:34:07 2025,11-Jul-2025,123406,48 1.972600 N,061 2.132500 W,4.7,85.5,A,DoorSpread,DoorMaster,7.815000,D,P,33989.000000
Fri Jul 11 09:34:09 2025,11-Jul-2025,123407,48 1.972700 N,061 2.130600 W,4.7,85.6,A,Primary,Headline,2.061224,D,S,63323.000000
Fri Jul 11 09:34:09 2025,11-Jul-2025,123408,48 1.972900 N,061 2.128900 W,4.6,85.6,A,Primary,Headline,2.061224,D,S,63323.000000
Fri Jul 11 09:34:09 2025,11-Jul-2025,123409,48 1.973000 N,061 2.127100 W,4.6,85.5,A,Primary,Headline,2.061224,D,S,63323.000000
Fri Jul 11 09:34:09 2025,11-Jul-2025,123410,48 1.973100 N,061 2.125200 W,4.7,85.5,A,Primary,Headline,2.061224,D,S,63323.000000
Fri Jul 11 09:34:13 2025,11-Jul-2025,123411,48 1.973200 N,061 2.123500 W,4.7,85.4,A,DoorSpread,DoorMaster,7.745000,D,S,38338.000000
Fri Jul 11 09:34:14 2025,11-Jul-2025,123412,48 1.973400 N,061 2.121700 W,4.6,85.4,A,Primary,Headline,2.224490,D,S,99367.000000
Fri Jul 11 09:34:14 2025,11-Jul-2025,123413,48 1.973600 N,061 2.119900 W,4.6,85.3,A,Primary,Headline,2.224490,D,S,99367.000000
Fri Jul 11 09:34:14 2025,11-Jul-2025,123414,48 1.973700 N,061 2.118100 W,4.6,85.3,A,Primary,Headline,2.224490,D,S,99367.000000
Fri Jul 11 09:34:14 2025,11-Jul-2025,123415,48 1.973900 N,061 2.116200 W,4.6,85.3,A,Primary,Headline,2.224490,D,S,99367.000000
Fri Jul 11 09:34:14 2025,11-Jul-2025,123416,48 1.974000 N,061 2.114200 W,4.6,85.2,A,Primary,Headline,2.224490,D,S,99367.000000
Fri Jul 11 09:34:19 2025,11-Jul-2025,123417,48 1.974100 N,061 2.112400 W,4.6,85.2,A,DoorSpread,DoorMaster,8.795000,D,S,37183.000000
Fri Jul 11 09:34:19 2025,11-Jul-2025,123418,48 1.974200 N,061 2.110500 W,4.6,85.2,A,DoorSpread,DoorMaster,8.795000,D,S,37183.000000
Fri Jul 11 09:34:19 2025,11-Jul-2025,123419,48 1.974300 N,061 2.108700 W,4.6,85.3,A,DoorSpread,DoorMaster,8.795000,D,S,37183.000000
Fri Jul 11 09:34:21 2025,11-Jul-2025,123420,48 1.974400 N,061 2.106700 W,4.6,85.5,A,Depth,Depth,129.166667,D,S,71405.000000
Fri Jul 11 09:34:21 2025,11-Jul-2025,123421,48 1.974400 N,061 2.104800 W,4.6,85.6,A,Depth,Depth,129.166667,D,S,71405.000000
Fri Jul 11 09:34:24 2025,11-Jul-2025,123422,48 1.974500 N,061 2.102900 W,4.6,85.4,A,Primary,Headline,2.367347,D,S,31682.000000
Fri Jul 11 09:34:24 2025,11-Jul-2025,123423,48 1.974600 N,061 2.100900 W,4.6,85.3,A,DoorSpread,DoorMaster,7.185000,D,S,69199.000000
Fri Jul 11 09:34:24 2025,11-Jul-2025,123424,48 1.974700 N,061 2.099000 W,4.6,85.4,A,DoorSpread,DoorMaster,7.185000,D,S,69199.000000
Fri Jul 11 09:34:24 2025,11-Jul-2025,123425,48 1.974700 N,061 2.097200 W,4.6,85.5,A,DoorSpread,DoorMaster,7.185000,D,S,69199.000000
Fri Jul 11 09:34:24 2025,11-Jul-2025,123426,48 1.974800 N,061 2.095300 W,4.6,85.6,A,DoorSpread,DoorMaster,7.185000,D,S,69199.000000
Fri Jul 11 09:34:29 2025,11-Jul-2025,123427,48 1.974900 N,061 2.093400 W,4.6,85.6,A,Primary,Headline,2.244898,D,P,67763.000000
Fri Jul 11 09:34:29 2025,11-Jul-2025,123428,48 1.974900 N,061 2.091600 W,4.6,85.8,A,Primary,Headline,2.244898,D,P,67763.000000
Fri Jul 11 09:34:30 2025,11-Jul-2025,123429,48 1.975000 N,061 2.089700 W,4.6,85.9,A,DoorSpread,DoorMaster,8.930000,D,S,102548.000000
Fri Jul 11 09:34:30 2025,11-Jul-2025,123430,48 1.975000 N,061 2.087900 W,4.6,85.9,A,DoorSpread,DoorMaster,8.930000,D,S,102548.000000
Fri Jul 11 09:34:30 2025,11-Jul-2025,123431,48 1.975100 N,061 2.086000 W,4.6,86.0,A,DoorSpread,DoorMaster,8.930000,D,S,102548.000000
Fri Jul 11 09:34:34 2025,11-Jul-2025,123432,48 1.975100 N,061 2.084100 W,4.6,86.1,A,Primary,Headline,2.632653,D,P,48938.000000
Fri Jul 11 09:34:34 2025,11-Jul-2025,123433,48 1.975200 N,061 2.082200 W,4.6,86.0,A,Primary,Headline,2.632653,D,P,48938.000000
Fri Jul 11 09:34:36 2025,11-Jul-2025,123434,48 1.975200 N,061 2.080300 W,4.6,85.9,A,Depth,Depth,134.166667,D,P,38539.000000
Fri Jul 11 09:34:36 2025,11-Jul-2025,123435,48 1.975300 N,061 2.078300 W,4.6,86.0,A,Depth,Depth,133.148148,D,S,53399.000000
Fri Jul 11 09:34:36 2025,11-Jul-2025,123436,48 1.975300 N,061 2.076400 W,4.6,86.1,A,Depth,Depth,133.148148,D,S,53399.000000
Fri Jul 11 09:34:39 2025,11-Jul-2025,123437,48 1.975300 N,061 2.074500 W,4.6,86.5,A,Primary,Headline,2.183673,D,S,82142.000000
Fri Jul 11 09:34:39 2025,11-Jul-2025,123438,48 1.975400 N,061 2.072600 W,4.6,86.7,A,Primary,Headline,2.183673,D,S,82142.000000
Fri Jul 11 09:34:39 2025,11-Jul-2025,123439,48 1.975400 N,061 2.070700 W,4.5,86.8,A,Primary,Headline,2.183673,D,S,82142.000000
Fri Jul 11 09:34:42 2025,11-Jul-2025,123440,48 1.975600 N,061 2.068800 W,4.5,86.8,A,DoorSpread,DoorMaster,8.100000,D,S,110419.000000
Fri Jul 11 09:34:42 2025,11-Jul-2025,123441,48 1.975700 N,061 2.067100 W,4.5,86.7,A,DoorSpread,DoorMaster,8.100000,D,S,110419.000000
Fri Jul 11 09:34:44 2025,11-Jul-2025,123442,48 1.975700 N,061 2.065400 W,4.5,86.7,A,Primary,Headline,2.346939,D,S,148479.000000
Fri Jul 11 09:34:44 2025,11-Jul-2025,123443,48 1.975800 N,061 2.063600 W,4.5,86.6,A,Primary,Headline,2.346939,D,S,148479.000000
Fri Jul 11 09:34:44 2025,11-Jul-2025,123444,48 1.975900 N,061 2.061900 W,4.5,86.7,A,Primary,Headline,2.346939,D,S,148479.000000
Fri Jul 11 09:34:44 2025,11-Jul-2025,123445,48 1.976000 N,061 2.060200 W,4.4,86.7,A,Primary,Headline,2.346939,D,S,148479.000000
Fri Jul 11 09:34:47 2025,11-Jul-2025,123446,48 1.976000 N,061 2.058500 W,4.5,86.8,A,DoorSpread,DoorMaster,8.210000,D,S,62514.000000
Fri Jul 11 09:34:49 2025,11-Jul-2025,123447,48 1.976000 N,061 2.056700 W,4.4,86.9,A,Primary,Headline,2.020408,D,S,144451.000000
Fri Jul 11 09:34:49 2025,11-Jul-2025,123448,48 1.976000 N,061 2.055000 W,4.4,87.0,A,Primary,Headline,2.020408,D,S,144451.000000
Fri Jul 11 09:34:51 2025,11-Jul-2025,123449,48 1.976100 N,061 2.053200 W,4.4,87.0,A,Depth,Depth,135.648148,D,P,38607.000000
Fri Jul 11 09:34:51 2025,11-Jul-2025,123450,48 1.976300 N,061 2.051400 W,4.5,86.9,A,Depth,Depth,135.648148,D,P,38607.000000
Fri Jul 11 09:34:53 2025,11-Jul-2025,123451,48 1.976400 N,061 2.049600 W,4.5,86.7,A,DoorSpread,DoorMaster,8.190000,D,S,60713.000000
Fri Jul 11 09:34:54 2025,11-Jul-2025,123452,48 1.976600 N,061 2.047800 W,4.5,86.7,A,Primary,Headline,1.632653,D,P,44494.000000
Fri Jul 11 09:34:54 2025,11-Jul-2025,123453,48 1.976800 N,061 2.046100 W,4.5,86.7,A,Primary,Headline,2.224490,D,S,163536.000000
Fri Jul 11 09:34:54 2025,11-Jul-2025,123454,48 1.976900 N,061 2.044400 W,4.5,86.7,A,Primary,Headline,2.224490,D,S,163536.000000
Fri Jul 11 09:34:54 2025,11-Jul-2025,123455,48 1.977100 N,061 2.042600 W,4.5,86.8,A,Primary,Headline,2.224490,D,S,163536.000000
Fri Jul 11 09:34:54 2025,11-Jul-2025,123456,48 1.977200 N,061 2.040800 W,4.5,86.7,A,Primary,Headline,2.224490,D,S,163536.000000
Fri Jul 11 09:34:59 2025,11-Jul-2025,123457,48 1.977300 N,061 2.038900 W,4.5,86.7,A,DoorSpread,DoorMaster,8.225000,D,S,72496.000000
Fri Jul 11 09:34:59 2025,11-Jul-2025,123458,48 1.977300 N,061 2.037000 W,4.5,86.8,A,Primary,Headline,2.000000,D,P,51722.000000
Fri Jul 11 09:34:59 2025,11-Jul-2025,123459,48 1.977400 N,061 2.035100 W,4.5,86.8,A,Primary,Headline,2.000000,D,P,51722.000000
Fri Jul 11 09:34:59 2025,11-Jul-2025,123500,48 1.977400 N,061 2.033200 W,4.5,86.7,A,Primary,Headline,2.000000,D,P,51722.000000
Fri Jul 11 09:34:59 2025,11-Jul-2025,123501,48 1.977400 N,061 2.031200 W,4.5,86.6,A,Primary,Headline,2.000000,D,P,51722.000000
Fri Jul 11 09:34:59 2025,11-Jul-2025,123502,48 1.977400 N,061 2.029200 W,4.5,86.5,A,Primary,Headline,2.000000,D,P,51722.000000
Fri Jul 11 09:35:04 2025,11-Jul-2025,123503,48 1.977400 N,061 2.027300 W,4.5,86.6,A,DoorSpread,DoorMaster,8.065000,D,P,63035.000000
Fri Jul 11 09:35:04 2025,11-Jul-2025,123504,48 1.977400 N,061 2.025300 W,4.5,86.7,A,DoorSpread,DoorMaster,8.065000,D,P,63035.000000
Fri Jul 11 09:35:06 2025,11-Jul-2025,123505,48 1.977400 N,061 2.023400 W,4.5,86.9,A,Depth,Depth,141.759259,D,S,33241.000000
Fri Jul 11 09:35:06 2025,11-Jul-2025,123506,48 1.977400 N,061 2.021600 W,4.5,86.9,A,Depth,Depth,141.759259,D,S,33241.000000
Fri Jul 11 09:35:09 2025,11-Jul-2025,123507,48 1.977500 N,061 2.019700 W,4.5,86.8,A,Primary,Headline,2.244898,D,P,73361.000000
Fri Jul 11 09:35:09 2025,11-Jul-2025,123508,48 1.977700 N,061 2.017900 W,4.5,86.7,A,Primary,Headline,2.244898,D,P,73361.000000
Fri Jul 11 09:35:10 2025,11-Jul-2025,123509,48 1.977800 N,061 2.016100 W,4.5,86.6,A,DoorSpread,DoorMaster,8.370000,D,P,51552.000000
Fri Jul 11 09:35:10 2025,11-Jul-2025,123510,48 1.978000 N,061 2.014200 W,4.5,86.5,A,DoorSpread,DoorMaster,8.370000,D,P,51552.000000
Fri Jul 11 09:35:10 2025,11-Jul-2025,123511,48 1.978000 N,061 2.012300 W,4.5,86.5,A,DoorSpread,DoorMaster,8.370000,D,P,51552.000000
Fri Jul 11 09:35:13 2025,11-Jul-2025,123512,48 1.978100 N,061 2.010500 W,4.5,86.5,A,Depth,Depth,143.333333,D,S,55933.000000
Fri Jul 11 09:35:14 2025,11-Jul-2025,123513,48 1.978300 N,061 2.008500 W,4.5,86.4,A,Primary,Headline,19.836735,D,S,42172.000000
Fri Jul 11 09:35:16 2025,11-Jul-2025,123514,48 1.978500 N,061 2.006600 W,4.5,86.3,A,DoorSpread,DoorMaster,8.360000,D,S,53011.000000
Fri Jul 11 09:35:16 2025,11-Jul-2025,123515,48 1.978600 N,061 2.004700 W,4.5,86.2,A,DoorSpread,DoorMaster,8.360000,D,S,53011.000000
Fri Jul 11 09:35:16 2025,11-Jul-2025,123516,48 1.978800 N,061 2.002700 W,4.5,86.1,A,DoorSpread,DoorMaster,8.360000,D,S,53011.000000
Fri Jul 11 09:35:16 2025,11-Jul-2025,123517,48 1.978900 N,061 2.000800 W,4.5,86.2,A,DoorSpread,DoorMaster,8.360000,D,S,53011.000000
Fri Jul 11 09:35:19 2025,11-Jul-2025,123518,48 1.978800 N,061 1.999000 W,4.5,86.1,A,Primary,Headline,2.122449,D,P,40701.000000
Fri Jul 11 09:35:19 2025,11-Jul-2025,123519,48 1.978900 N,061 1.997000 W,4.5,85.9,A,Primary,Headline,2.122449,D,P,40701.000000
Fri Jul 11 09:35:22 2025,11-Jul-2025,123520,48 1.979100 N,061 1.995000 W,4.5,85.7,A,DoorSpread,DoorMaster,8.370000,D,S,52283.000000
Fri Jul 11 09:35:22 2025,11-Jul-2025,123521,48 1.979200 N,061 1.993100 W,4.5,85.6,A,DoorSpread,DoorMaster,8.370000,D,S,52283.000000
Fri Jul 11 09:35:22 2025,11-Jul-2025,123522,48 1.979300 N,061 1.991300 W,4.5,85.8,A,DoorSpread,DoorMaster,8.370000,D,S,52283.000000
Fri Jul 11 09:35:24 2025,11-Jul-2025,123523,48 1.979400 N,061 1.989400 W,4.5,85.8,A,Primary,Headline,2.265306,D,S,43362.000000
Fri Jul 11 09:35:24 2025,11-Jul-2025,123524,48 1.979600 N,061 1.987400 W,4.5,85.7,A,Primary,Headline,2.265306,D,S,43362.000000
Fri Jul 11 09:35:24 2025,11-Jul-2025,123525,48 1.979800 N,061 1.985500 W,4.5,85.5,A,Primary,Headline,2.265306,D,S,43362.000000
Fri Jul 11 09:35:27 2025,11-Jul-2025,123526,48 1.979900 N,061 1.983500 W,4.5,85.4,A,DoorSpread,DoorMaster,8.430000,D,S,43988.000000
Fri Jul 11 09:35:29 2025,11-Jul-2025,123527,48 1.980100 N,061 1.981600 W,4.5,85.4,A,Depth,Depth,140.555556,D,P,25278.000000
Fri Jul 11 09:35:29 2025,11-Jul-2025,123528,48 1.980100 N,061 1.979700 W,4.5,85.5,A,Primary,Headline,2.081633,D,S,50666.000000
Fri Jul 11 09:35:29 2025,11-Jul-2025,123529,48 1.980200 N,061 1.977600 W,4.5,85.6,A,Primary,Headline,2.081633,D,S,50666.000000
Fri Jul 11 09:35:29 2025,11-Jul-2025,123530,48 1.980200 N,061 1.975600 W,4.5,85.6,A,Primary,Headline,2.081633,D,S,50666.000000
Fri Jul 11 09:35:29 2025,11-Jul-2025,123531,48 1.980200 N,061 1.973700 W,4.5,85.6,A,Primary,Headline,2.081633,D,S,50666.000000
Fri Jul 11 09:35:33 2025,11-Jul-2025,123532,48 1.980200 N,061 1.972000 W,4.5,85.5,A,DoorSpread,DoorMaster,8.615000,D,S,43316.000000
Fri Jul 11 09:35:34 2025,11-Jul-2025,123533,48 1.980300 N,061 1.970200 W,4.5,85.3,A,Primary,Headline,2.163265,D,S,30114.000000
Fri Jul 11 09:35:34 2025,11-Jul-2025,123534,48 1.980400 N,061 1.968300 W,4.6,85.3,A,Primary,Headline,2.163265,D,S,30114.000000
Fri Jul 11 09:35:36 2025,11-Jul-2025,123535,48 1.980600 N,061 1.966300 W,4.6,85.6,A,Depth,Depth,145.740741,D,P,30695.000000
Fri Jul 11 09:35:36 2025,11-Jul-2025,123536,48 1.980700 N,061 1.964300 W,4.6,85.8,A,Depth,Depth,145.740741,D,P,30695.000000
Fri Jul 11 09:35:39 2025,11-Jul-2025,123537,48 1.980900 N,061 1.962300 W,4.6,85.9,A,DoorSpread,DoorMaster,8.770000,D,S,86865.000000
Fri Jul 11 09:35:40 2025,11-Jul-2025,123538,48 1.981100 N,061 1.960400 W,4.6,86.0,A,Primary,Headline,2.265306,D,S,40317.000000
Fri Jul 11 09:35:40 2025,11-Jul-2025,123539,48 1.981200 N,061 1.958500 W,4.5,86.0,A,Primary,Headline,2.265306,D,S,40317.000000
Fri Jul 11 09:35:40 2025,11-Jul-2025,123540,48 1.981300 N,061 1.956400 W,4.5,85.9,A,Primary,Headline,2.265306,D,S,40317.000000
Fri Jul 11 09:35:40 2025,11-Jul-2025,123541,48 1.981400 N,061 1.954300 W,4.5,85.9,A,Primary,Headline,2.265306,D,S,40317.000000
Fri Jul 11 09:35:44 2025,11-Jul-2025,123542,48 1.981400 N,061 1.952300 W,4.6,85.9,A,Depth,Depth,152.500000,D,P,26186.000000
Fri Jul 11 09:35:45 2025,11-Jul-2025,123543,48 1.981600 N,061 1.950500 W,4.5,85.9,A,DoorSpread,DoorMaster,8.960000,D,P,30942.000000
Fri Jul 11 09:35:45 2025,11-Jul-2025,123544,48 1.981700 N,061 1.948700 W,4.5,86.0,A,DoorSpread,DoorMaster,8.960000,D,P,30942.000000
Fri Jul 11 09:35:46 2025,11-Jul-2025,123545,48 1.981700 N,061 1.946800 W,4.5,86.2,A,Depth,Depth,167.222222,D,S,21339.000000
Fri Jul 11 09:35:46 2025,11-Jul-2025,123546,48 1.981700 N,061 1.944900 W,4.5,86.3,A,Depth,Depth,167.222222,D,S,21339.000000
Fri Jul 11 09:35:46 2025,11-Jul-2025,123547,48 1.981700 N,061 1.943100 W,4.5,86.4,A,Depth,Depth,167.222222,D,S,21339.000000
Fri Jul 11 09:35:50 2025,11-Jul-2025,123548,48 1.981700 N,061 1.941300 W,4.5,86.2,A,Primary,Headline,1.959184,D,S,36492.000000
Fri Jul 11 09:35:50 2025,11-Jul-2025,123549,48 1.981800 N,061 1.939500 W,4.5,86.1,A,DoorSpread,DoorMaster,8.900000,D,P,47639.000000
Fri Jul 11 09:35:51 2025,11-Jul-2025,123550,48 1.981900 N,061 1.937500 W,4.5,86.1,A,Depth,Depth,153.611111,D,P,28662.000000
Fri Jul 11 09:35:51 2025,11-Jul-2025,123551,48 1.982000 N,061 1.935700 W,4.5,86.2,A,Depth,Depth,153.611111,D,P,28662.000000
Fri Jul 11 09:35:51 2025,11-Jul-2025,123552,48 1.982000 N,061 1.934000 W,4.5,86.3,A,Depth,Depth,153.611111,D,P,28662.000000
Fri Jul 11 09:35:55 2025,11-Jul-2025,123553,48 1.982000 N,061 1.932200 W,4.5,86.5,A,Primary,Headline,2.142857,D,P,38307.000000
Fri Jul 11 09:35:55 2025,11-Jul-2025,123554,48 1.982100 N,061 1.930400 W,4.5,86.5,A,Primary,Headline,2.142857,D,P,38307.000000
Fri Jul 11 09:35:56 2025,11-Jul-2025,123555,48 1.982200 N,061 1.928700 W,4.5,86.5,A,DoorSpread,DoorMaster,9.340000,D,S,44395.000000
Fri Jul 11 09:35:56 2025,11-Jul-2025,123556,48 1.982400 N,061 1.927000 W,4.5,86.4,A,DoorSpread,DoorMaster,9.340000,D,S,44395.000000
Fri Jul 11 09:35:59 2025,11-Jul-2025,123557,48 1.982500 N,061 1.925300 W,4.5,86.3,A,Depth,Depth,158.055556,D,P,15639.000000
Fri Jul 11 09:36:00 2025,11-Jul-2025,123558,48 1.982700 N,061 1.923500 W,4.5,86.3,A,Primary,Headline,0.489796,D,S,28032.000000
Fri Jul 11 09:36:00 2025,11-Jul-2025,123559,48 1.982800 N,061 1.921600 W,4.5,86.4,A,Primary,Headline,0.489796,D,S,28032.000000
Fri Jul 11 09:36:02 2025,11-Jul-2025,123600,48 1.983000 N,061 1.919700 W,4.5,86.4,A,Depth,Depth,170.648148,D,S,32668.000000
Fri Jul 11 09:36:02 2025,11-Jul-2025,123601,48 1.983100 N,061 1.917800 W,4.5,86.4,A,DoorSpread,DoorMaster,9.625000,D,P,65432.000000
Fri Jul 11 09:36:02 2025,11-Jul-2025,123602,48 1.983200 N,061 1.915900 W,4.5,86.5,A,DoorSpread,DoorMaster,9.625000,D,P,65432.000000
Fri Jul 11 09:36:05 2025,11-Jul-2025,123603,48 1.983200 N,061 1.913900 W,4.4,86.6,A,Primary,Headline,2.142857,D,S,46945.000000
Fri Jul 11 09:36:05 2025,11-Jul-2025,123604,48 1.983400 N,061 1.912100 W,4.4,86.4,A,Primary,Headline,2.142857,D,S,46945.000000
Fri Jul 11 09:36:06 2025,11-Jul-2025,123605,48 1.983500 N,061 1.910300 W,4.4,86.3,A,Depth,Depth,152.129630,D,P,27199.000000
Fri Jul 11 09:36:08 2025,11-Jul-2025,123606,48 1.983600 N,061 1.908500 W,4.4,86.2,A,DoorSpread,DoorMaster,9.240000,D,P,76639.000000
Fri Jul 11 09:36:08 2025,11-Jul-2025,123607,48 1.983700 N,061 1.906700 W,4.4,86.2,A,DoorSpread,DoorMaster,9.240000,D,P,76639.000000
Fri Jul 11 09:36:10 2025,11-Jul-2025,123608,48 1.983800 N,061 1.904800 W,4.4,86.3,A,Primary,Headline,1.040816,D,P,69172.000000
Fri Jul 11 09:36:10 2025,11-Jul-2025,123609,48 1.983900 N,061 1.903100 W,4.4,86.3,A,Primary,Headline,1.040816,D,P,69172.000000
Fri Jul 11 09:36:10 2025,11-Jul-2025,123610,48 1.984000 N,061 1.901400 W,4.4,86.2,A,Primary,Headline,1.040816,D,P,69172.000000
Fri Jul 11 09:36:10 2025,11-Jul-2025,123611,48 1.984100 N,061 1.899500 W,4.4,86.1,A,Primary,Headline,1.040816,D,P,69172.000000
Fri Jul 11 09:36:14 2025,11-Jul-2025,123612,48 1.984200 N,061 1.897700 W,4.4,86.1,A,Depth,Depth,157.407407,D,P,42577.000000
Fri Jul 11 09:36:15 2025,11-Jul-2025,123613,48 1.984200 N,061 1.895800 W,4.4,86.0,A,Primary,Headline,1.959184,D,S,41905.000000
Fri Jul 11 09:36:15 2025,11-Jul-2025,123614,48 1.984300 N,061 1.894000 W,4.4,85.8,A,Primary,Headline,1.959184,D,S,41905.000000
Fri Jul 11 09:36:17 2025,11-Jul-2025,123615,48 1.984500 N,061 1.892100 W,4.4,85.7,A,Depth,Depth,176.388889,D,S,20000.000000
Fri Jul 11 09:36:17 2025,11-Jul-2025,123616,48 1.984600 N,061 1.890200 W,4.4,85.6,A,Depth,Depth,176.388889,D,S,20000.000000
Fri Jul 11 09:36:17 2025,11-Jul-2025,123617,48 1.984800 N,061 1.888400 W,4.4,85.5,A,Depth,Depth,176.388889,D,S,20000.000000
Fri Jul 11 09:36:20 2025,11-Jul-2025,123618,48 1.984800 N,061 1.886500 W,4.4,85.5,A,Primary,Headline,2.387755,D,S,81908.000000
Fri Jul 11 09:36:20 2025,11-Jul-2025,123619,48 1.984900 N,061 1.884400 W,4.5,85.5,A,Primary,Headline,2.387755,D,S,81908.000000
Fri Jul 11 09:36:21 2025,11-Jul-2025,123620,48 1.985000 N,061 1.882500 W,4.5,85.3,A,Depth,Depth,161.111111,D,P,67728.000000
Fri Jul 11 09:36:21 2025,11-Jul-2025,123621,48 1.985200 N,061 1.880600 W,4.5,85.1,A,Depth,Depth,161.111111,D,P,67728.000000
Fri Jul 11 09:36:21 2025,11-Jul-2025,123622,48 1.985300 N,061 1.878800 W,4.5,85.0,A,Depth,Depth,161.111111,D,P,67728.000000
Fri Jul 11 09:36:25 2025,11-Jul-2025,123623,48 1.985400 N,061 1.877000 W,4.4,84.9,A,DoorSpread,DoorMaster,7.090000,D,S,14823.000000
Fri Jul 11 09:36:26 2025,11-Jul-2025,123624,48 1.985500 N,061 1.875200 W,4.4,85.0,A,Primary,Headline,48.387755,D,P,78617.000000
Fri Jul 11 09:36:26 2025,11-Jul-2025,123625,48 1.985600 N,061 1.873400 W,4.4,85.0,A,Primary,Headline,48.387755,D,P,78617.000000
Fri Jul 11 09:36:26 2025,11-Jul-2025,123626,48 1.985800 N,061 1.871600 W,4.4,85.1,A,Primary,Headline,48.387755,D,P,78617.000000
Fri Jul 11 09:36:26 2025,11-Jul-2025,123627,48 1.986000 N,061 1.869700 W,4.4,85.1,A,Primary,Headline,48.387755,D,P,78617.000000
Fri Jul 11 09:36:29 2025,11-Jul-2025,123628,48 1.986100 N,061 1.867900 W,4.4,85.1,A,Depth,Depth,166.666667,D,P,44345.000000
Fri Jul 11 09:36:31 2025,11-Jul-2025,123629,48 1.986300 N,061 1.866000 W,4.4,85.1,A,Primary,Headline,2.285714,D,S,114944.000000
Fri Jul 11 09:36:31 2025,11-Jul-2025,123630,48 1.986500 N,061 1.864200 W,4.4,85.1,A,Primary,Headline,2.285714,D,S,114944.000000
Fri Jul 11 09:36:32 2025,11-Jul-2025,123631,48 1.986600 N,061 1.862400 W,4.4,85.2,A,Depth,Depth,180.000000,D,S,92660.000000
Fri Jul 11 09:36:32 2025,11-Jul-2025,123632,48 1.986700 N,061 1.860600 W,4.4,85.2,A,Depth,Depth,180.000000,D,S,92660.000000
Fri Jul 11 09:36:32 2025,11-Jul-2025,123633,48 1.986800 N,061 1.858700 W,4.4,85.3,A,Depth,Depth,180.000000,D,S,92660.000000
Fri Jul 11 09:36:36 2025,11-Jul-2025,123634,48 1.986800 N,061 1.856900 W,4.4,85.3,A,Primary,Headline,2.448980,D,S,115571.000000
Fri Jul 11 09:36:37 2025,11-Jul-2025,123635,48 1.986900 N,061 1.855100 W,4.4,85.5,A,Depth,Depth,161.388889,D,P,74363.000000
Fri Jul 11 09:36:37 2025,11-Jul-2025,123636,48 1.987000 N,061 1.853200 W,4.4,85.7,A,Depth,Depth,161.388889,D,P,74363.000000
Fri Jul 11 09:36:37 2025,11-Jul-2025,123637,48 1.987200 N,061 1.851200 W,4.4,85.8,A,Depth,Depth,161.388889,D,P,74363.000000
Fri Jul 11 09:36:40 2025,11-Jul-2025,123638,48 1.987300 N,061 1.849400 W,4.4,85.9,A,Depth,Depth,183.518519,D,S,46511.000000
Fri Jul 11 09:36:41 2025,11-Jul-2025,123639,48 1.987400 N,061 1.847600 W,4.4,85.7,A,Primary,Headline,12.183673,D,S,82222.000000
Fri Jul 11 09:36:42 2025,11-Jul-2025,123640,48 1.987600 N,061 1.845800 W,4.4,85.6,A,DoorSpread,DoorMaster,7.340000,D,P,94075.000000
Fri Jul 11 09:36:42 2025,11-Jul-2025,123641,48 1.987800 N,061 1.844000 W,4.5,85.6,A,DoorSpread,DoorMaster,7.340000,D,P,94075.000000
Fri Jul 11 09:36:42 2025,11-Jul-2025,123642,48 1.987900 N,061 1.842200 W,4.5,85.8,A,DoorSpread,DoorMaster,7.340000,D,P,94075.000000
Fri Jul 11 09:36:44 2025,11-Jul-2025,123643,48 1.988200 N,061 1.840300 W,4.5,85.9,A,Depth,Depth,166.388889,D,P,78402.000000
Fri Jul 11 09:36:46 2025,11-Jul-2025,123644,48 1.988300 N,061 1.838500 W,4.5,86.0,A,Primary,Headline,2.306122,D,P,122580.000000
Fri Jul 11 09:36:46 2025,11-Jul-2025,123645,48 1.988500 N,061 1.836500 W,4.5,86.0,A,Primary,Headline,2.306122,D,P,122580.000000
Fri Jul 11 09:36:48 2025,11-Jul-2025,123646,48 1.988600 N,061 1.834600 W,4.5,85.9,A,Depth,Depth,185.370370,D,S,41855.000000
Fri Jul 11 09:36:48 2025,11-Jul-2025,123647,48 1.988800 N,061 1.832700 W,4.5,85.7,A,Depth,Depth,185.370370,D,S,41855.000000
Fri Jul 11 09:36:48 2025,11-Jul-2025,123648,48 1.988900 N,061 1.830600 W,4.5,85.6,A,Depth,Depth,185.370370,D,S,41855.000000
Fri Jul 11 09:36:51 2025,11-Jul-2025,123649,48 1.989000 N,061 1.828700 W,4.5,85.5,A,Primary,Headline,2.081633,D,S,66764.000000
Fri Jul 11 09:36:52 2025,11-Jul-2025,123650,48 1.989000 N,061 1.826600 W,4.5,85.5,A,Depth,Depth,171.388889,D,P,60814.000000
Fri Jul 11 09:36:52 2025,11-Jul-2025,123651,48 1.989100 N,061 1.824600 W,4.5,85.5,A,Depth,Depth,171.388889,D,P,60814.000000
Fri Jul 11 09:36:53 2025,11-Jul-2025,123652,48 1.989100 N,061 1.822700 W,4.5,85.5,A,DoorSpread,DoorMaster,7.200000,D,S,30197.000000
Fri Jul 11 09:36:53 2025,11-Jul-2025,123653,48 1.989200 N,061 1.820700 W,4.5,85.4,A,DoorSpread,DoorMaster,7.200000,D,S,30197.000000
Fri Jul 11 09:36:55 2025,11-Jul-2025,123654,48 1.989300 N,061 1.818700 W,4.5,85.4,A,Depth,Depth,187.777778,D,S,52956.000000
Fri Jul 11 09:36:56 2025,11-Jul-2025,123655,48 1.989400 N,061 1.816800 W,4.5,85.4,A,Primary,Headline,1.959184,D,P,113288.000000
Fri Jul 11 09:36:56 2025,11-Jul-2025,123656,48 1.989400 N,061 1.814800 W,4.5,85.4,A,Primary,Headline,1.959184,D,P,113288.000000
Fri Jul 11 09:36:59 2025,11-Jul-2025,123657,48 1.989500 N,061 1.812900 W,4.5,85.4,A,DoorSpread,DoorMaster,7.435000,D,S,21241.000000
Fri Jul 11 09:36:59 2025,11-Jul-2025,123658,48 1.989500 N,061 1.811200 W,4.5,85.3,A,Depth,Depth,169.722222,D,P,61506.000000
Fri Jul 11 09:36:59 2025,11-Jul-2025,123659,48 1.989500 N,061 1.809300 W,4.5,85.2,A,Depth,Depth,169.722222,D,P,61506.000000
Fri Jul 11 09:37:01 2025,11-Jul-2025,123700,48 1.989600 N,061 1.807500 W,4.5,85.2,A,Primary,Headline,2.816327,D,P,97281.000000
Fri Jul 11 09:37:03 2025,11-Jul-2025,123701,48 1.989600 N,061 1.805600 W,4.5,85.2,A,Depth,Depth,189.907407,D,S,58761.000000
Fri Jul 11 09:37:03 2025,11-Jul-2025,123702,48 1.989700 N,061 1.803700 W,4.5,85.3,A,Depth,Depth,189.907407,D,S,58761.000000
Fri Jul 11 09:37:04 2025,11-Jul-2025,123703,48 1.989900 N,061 1.801800 W,4.5,85.4,A,DoorSpread,DoorMaster,7.100000,D,S,24891.000000
Fri Jul 11 09:37:04 2025,11-Jul-2025,123704,48 1.990000 N,061 1.799900 W,4.5,85.5,A,DoorSpread,DoorMaster,7.100000,D,S,24891.000000
Fri Jul 11 09:37:06 2025,11-Jul-2025,123705,48 1.990200 N,061 1.798100 W,4.4,85.6,A,Primary,Headline,1.857143,D,P,70041.000000
Fri Jul 11 09:37:07 2025,11-Jul-2025,123706,48 1.990300 N,061 1.796200 W,4.4,85.5,A,Depth,Depth,175.000000,D,P,72112.000000
Fri Jul 11 09:37:07 2025,11-Jul-2025,123707,48 1.990600 N,061 1.794300 W,4.5,85.5,A,Depth,Depth,175.000000,D,P,72112.000000
Fri Jul 11 09:37:10 2025,11-Jul-2025,123708,48 1.990700 N,061 1.792500 W,4.4,85.5,A,DoorSpread,DoorMaster,7.350000,D,P,52552.000000
Fri Jul 11 09:37:11 2025,11-Jul-2025,123709,48 1.990800 N,061 1.790800 W,4.4,85.6,A,Depth,Depth,196.296296,D,S,45503.000000
Fri Jul 11 09:37:11 2025,11-Jul-2025,123710,48 1.991000 N,061 1.788900 W,4.5,85.6,A,Primary,Headline,2.326531,D,S,50250.000000
Fri Jul 11 09:37:11 2025,11-Jul-2025,123711,48 1.991000 N,061 1.787000 W,4.5,85.7,A,Primary,Headline,2.326531,D,S,50250.000000
Fri Jul 11 09:37:11 2025,11-Jul-2025,123712,48 1.991000 N,061 1.785200 W,4.5,85.8,A,Primary,Headline,2.326531,D,S,50250.000000
Fri Jul 11 09:37:15 2025,11-Jul-2025,123713,48 1.991100 N,061 1.783400 W,4.5,85.9,A,Depth,Depth,173.611111,D,P,94015.000000
Fri Jul 11 09:37:16 2025,11-Jul-2025,123714,48 1.991100 N,061 1.781600 W,4.5,85.9,A,DoorSpread,DoorMaster,7.320000,D,P,38287.000000
Fri Jul 11 09:37:16 2025,11-Jul-2025,123715,48 1.991300 N,061 1.779800 W,4.5,85.7,A,Primary,Headline,2.204082,D,P,158445.000000
Fri Jul 11 09:37:16 2025,11-Jul-2025,123716,48 1.991400 N,061 1.778100 W,4.5,85.7,A,Primary,Headline,2.204082,D,P,158445.000000
Fri Jul 11 09:37:18 2025,11-Jul-2025,123717,48 1.991500 N,061 1.776400 W,4.4,85.8,A,Depth,Depth,191.111111,D,S,72792.000000
Fri Jul 11 09:37:18 2025,11-Jul-2025,123718,48 1.991500 N,061 1.774600 W,4.4,86.0,A,Depth,Depth,191.111111,D,S,72792.000000
Fri Jul 11 09:37:18 2025,11-Jul-2025,123719,48 1.991600 N,061 1.772700 W,4.5,86.1,A,Depth,Depth,191.111111,D,S,72792.000000
Fri Jul 11 09:37:21 2025,11-Jul-2025,123720,48 1.991600 N,061 1.770900 W,4.5,86.1,A,DoorSpread,DoorMaster,7.035000,D,P,42832.000000
Fri Jul 11 09:37:22 2025,11-Jul-2025,123721,48 1.991800 N,061 1.769000 W,4.5,86.0,A,Depth,Depth,178.055556,D,P,91254.000000
Fri Jul 11 09:37:22 2025,11-Jul-2025,123722,48 1.991900 N,061 1.767300 W,4.5,86.0,A,Depth,Depth,178.055556,D,P,91254.000000
Fri Jul 11 09:37:22 2025,11-Jul-2025,123723,48 1.992000 N,061 1.765400 W,4.5,85.8,A,Depth,Depth,178.055556,D,P,91254.000000
Fri Jul 11 09:37:26 2025,11-Jul-2025,123724,48 1.992100 N,061 1.763500 W,4.5,85.7,A,Depth,Depth,197.592593,D,S,22611.000000
Fri Jul 11 09:37:27 2025,11-Jul-2025,123725,48 1.992200 N,061 1.761500 W,4.5,85.6,A,DoorSpread,DoorMaster,6.525000,D,S,25052.000000
Fri Jul 11 09:37:27 2025,11-Jul-2025,123726,48 1.992200 N,061 1.759600 W,4.5,85.6,A,DoorSpread,DoorMaster,6.525000,D,S,25052.000000
Fri Jul 11 09:37:27 2025,11-Jul-2025,123727,48 1.992400 N,061 1.757700 W,4.5,85.6,A,DoorSpread,DoorMaster,6.525000,D,S,25052.000000
Fri Jul 11 09:37:27 2025,11-Jul-2025,123728,48 1.992500 N,061 1.755800 W,4.5,85.6,A,DoorSpread,DoorMaster,6.525000,D,S,25052.000000
Fri Jul 11 09:37:30 2025,11-Jul-2025,123729,48 1.992600 N,061 1.753900 W,4.5,85.5,A,Depth,Depth,179.259259,D,P,117239.000000
Fri Jul 11 09:37:32 2025,11-Jul-2025,123730,48 1.992800 N,061 1.752100 W,4.5,85.4,A,Primary,Headline,2.020408,D,P,139753.000000
Fri Jul 11 09:37:33 2025,11-Jul-2025,123731,48 1.993000 N,061 1.750200 W,4.5,85.3,A,DoorSpread,DoorMaster,6.730000,D,P,36826.000000
Fri Jul 11 09:37:34 2025,11-Jul-2025,123732,48 1.993200 N,061 1.748400 W,4.5,85.1,A,Depth,Depth,199.907407,D,S,42938.000000
Fri Jul 11 09:37:34 2025,11-Jul-2025,123733,48 1.993400 N,061 1.746500 W,4.5,85.1,A,Depth,Depth,199.907407,D,S,42938.000000
Fri Jul 11 09:37:34 2025,11-Jul-2025,123734,48 1.993500 N,061 1.744600 W,4.5,85.3,A,Depth,Depth,199.907407,D,S,42938.000000
Fri Jul 11 09:37:37 2025,11-Jul-2025,123735,48 1.993700 N,061 1.742800 W,4.4,85.5,A,Primary,Headline,2.408163,D,P,86732.000000
Fri Jul 11 09:37:38 2025,11-Jul-2025,123736,48 1.993700 N,061 1.741000 W,4.4,85.7,A,Depth,Depth,181.203704,D,P,88096.000000
Fri Jul 11 09:37:38 2025,11-Jul-2025,123737,48 1.993800 N,061 1.739100 W,4.5,85.7,A,DoorSpread,DoorMaster,7.015000,D,P,44517.000000
Fri Jul 11 09:37:38 2025,11-Jul-2025,123738,48 1.993900 N,061 1.737100 W,4.5,85.8,A,DoorSpread,DoorMaster,7.015000,D,P,44517.000000
Fri Jul 11 09:37:38 2025,11-Jul-2025,123739,48 1.994000 N,061 1.735200 W,4.4,85.9,A,DoorSpread,DoorMaster,7.015000,D,P,44517.000000
Fri Jul 11 09:37:42 2025,11-Jul-2025,123740,48 1.994000 N,061 1.733500 W,4.4,86.0,A,Primary,Headline,2.224490,D,P,157710.000000
Fri Jul 11 09:37:42 2025,11-Jul-2025,123741,48 1.994100 N,061 1.731600 W,4.4,86.0,A,Primary,Headline,2.224490,D,P,157710.000000
Fri Jul 11 09:37:44 2025,11-Jul-2025,123742,48 1.994200 N,061 1.729700 W,4.4,86.1,A,DoorSpread,DoorMaster,7.015000,D,S,26977.000000
Fri Jul 11 09:37:44 2025,11-Jul-2025,123743,48 1.994200 N,061 1.727900 W,4.4,86.3,A,DoorSpread,DoorMaster,7.015000,D,S,26977.000000
Fri Jul 11 09:37:45 2025,11-Jul-2025,123744,48 1.994200 N,061 1.726100 W,4.4,86.4,A,Depth,Depth,183.981481,D,P,77643.000000
Fri Jul 11 09:37:47 2025,11-Jul-2025,123745,48 1.994200 N,061 1.724400 W,4.4,86.6,A,Primary,Headline,10.938776,D,S,68393.000000
Fri Jul 11 09:37:47 2025,11-Jul-2025,123746,48 1.994400 N,061 1.722600 W,4.5,86.4,A,Primary,Headline,10.938776,D,S,68393.000000
Fri Jul 11 09:37:47 2025,11-Jul-2025,123747,48 1.994500 N,061 1.720700 W,4.5,86.2,A,Primary,Headline,10.938776,D,S,68393.000000
Fri Jul 11 09:37:49 2025,11-Jul-2025,123748,48 1.994600 N,061 1.718900 W,4.5,86.2,A,DoorSpread,DoorMaster,7.185000,D,S,21140.000000
Fri Jul 11 09:37:49 2025,11-Jul-2025,123749,48 1.994600 N,061 1.717100 W,4.5,86.4,A,DoorSpread,DoorMaster,7.185000,D,S,21140.000000
Fri Jul 11 09:37:52 2025,11-Jul-2025,123750,48 1.994600 N,061 1.715300 W,4.5,86.7,A,Primary,Headline,2.653061,D,S,59644.000000
Fri Jul 11 09:37:52 2025,11-Jul-2025,123751,48 1.994700 N,061 1.713500 W,4.5,86.9,A,Primary,Headline,2.653061,D,S,59644.000000
Fri Jul 11 09:37:53 2025,11-Jul-2025,123752,48 1.994800 N,061 1.711800 W,4.5,86.6,A,Depth,Depth,182.962963,D,P,69350.000000
Fri Jul 11 09:37:55 2025,11-Jul-2025,123753,48 1.994800 N,061 1.710000 W,4.5,86.3,A,DoorSpread,DoorMaster,7.170000,D,P,72425.000000
Fri Jul 11 09:37:55 2025,11-Jul-2025,123754,48 1.994900 N,061 1.708200 W,4.5,86.1,A,DoorSpread,DoorMaster,7.170000,D,P,72425.000000
Fri Jul 11 09:37:57 2025,11-Jul-2025,123755,48 1.994900 N,061 1.706500 W,4.5,86.1,A,Depth,Depth,205.925926,D,S,23864.000000
Fri Jul 11 09:37:57 2025,11-Jul-2025,123756,48 1.994900 N,061 1.704900 W,4.5,86.2,A,Depth,Depth,205.925926,D,S,23864.000000
Fri Jul 11 09:37:57 2025,11-Jul-2025,123757,48 1.994800 N,061 1.703100 W,4.5,86.2,A,Depth,Depth,205.925926,D,S,23864.000000
Fri Jul 11 09:37:57 2025,11-Jul-2025,123758,48 1.994900 N,061 1.701300 W,4.5,86.1,A,Depth,Depth,205.925926,D,S,23864.000000
Fri Jul 11 09:38:01 2025,11-Jul-2025,123759,48 1.995000 N,061 1.699600 W,4.5,86.0,A,DoorSpread,DoorMaster,7.275000,D,S,22660.000000
Fri Jul 11 09:38:01 2025,11-Jul-2025,123800,48 1.995200 N,061 1.697800 W,4.5,85.9,A,DoorSpread,DoorMaster,7.275000,D,S,22660.000000
Fri Jul 11 09:38:01 2025,11-Jul-2025,123801,48 1.995300 N,061 1.695900 W,4.5,85.9,A,DoorSpread,DoorMaster,7.275000,D,S,22660.000000
Fri Jul 11 09:38:01 2025,11-Jul-2025,123802,48 1.995300 N,061 1.694200 W,4.5,86.1,A,DoorSpread,DoorMaster,7.275000,D,S,22660.000000
Fri Jul 11 09:38:05 2025,11-Jul-2025,123803,48 1.995400 N,061 1.692500 W,4.5,86.3,A,Depth,Depth,207.777778,D,S,33951.000000
Fri Jul 11 09:38:05 2025,11-Jul-2025,123804,48 1.995400 N,061 1.690800 W,4.5,86.4,A,Depth,Depth,207.777778,D,S,33951.000000
Fri Jul 11 09:38:06 2025,11-Jul-2025,123805,48 1.995500 N,061 1.688800 W,4.5,86.6,A,DoorSpread,DoorMaster,7.440000,D,S,22529.000000
Fri Jul 11 09:38:07 2025,11-Jul-2025,123806,48 1.995600 N,061 1.686900 W,4.5,86.7,A,Primary,Headline,2.285714,D,P,111526.000000
Fri Jul 11 09:38:08 2025,11-Jul-2025,123807,48 1.995700 N,061 1.684900 W,4.5,86.8,A,Depth,Depth,187.870370,D,P,61364.000000
Fri Jul 11 09:38:08 2025,11-Jul-2025,123808,48 1.995800 N,061 1.682900 W,4.6,86.8,A,Depth,Depth,187.870370,D,P,61364.000000
Fri Jul 11 09:38:08 2025,11-Jul-2025,123809,48 1.995800 N,061 1.681000 W,4.5,86.8,A,Depth,Depth,187.870370,D,P,61364.000000
Fri Jul 11 09:38:08 2025,11-Jul-2025,123810,48 1.995900 N,061 1.679200 W,4.5,86.8,A,Depth,Depth,187.870370,D,P,61364.000000
Fri Jul 11 09:38:12 2025,11-Jul-2025,123811,48 1.995900 N,061 1.677300 W,4.6,86.8,A,Depth,Depth,209.722222,D,S,40112.000000
Fri Jul 11 09:38:12 2025,11-Jul-2025,123812,48 1.996000 N,061 1.675400 W,4.6,86.8,A,Depth,Depth,209.722222,D,S,40112.000000
Fri Jul 11 09:38:12 2025,11-Jul-2025,123813,48 1.996100 N,061 1.673600 W,4.6,86.8,A,Depth,Depth,209.722222,D,S,40112.000000
Fri Jul 11 09:38:12 2025,11-Jul-2025,123814,48 1.996100 N,061 1.671600 W,4.6,87.0,A,Depth,Depth,209.722222,D,S,40112.000000
Fri Jul 11 09:38:16 2025,11-Jul-2025,123815,48 1.996200 N,061 1.669600 W,4.6,87.0,A,Depth,Depth,190.925926,D,P,74990.000000
Fri Jul 11 09:38:18 2025,11-Jul-2025,123816,48 1.996200 N,061 1.667600 W,4.7,86.9,A,DoorSpread,DoorMaster,6.485000,D,P,41477.000000
Fri Jul 11 09:38:18 2025,11-Jul-2025,123817,48 1.996200 N,061 1.665500 W,4.7,86.9,A,DoorSpread,DoorMaster,6.485000,D,P,41477.000000
Fri Jul 11 09:38:18 2025,11-Jul-2025,123818,48 1.996200 N,061 1.663500 W,4.7,86.9,A,DoorSpread,DoorMaster,6.485000,D,P,41477.000000
Fri Jul 11 09:38:20 2025,11-Jul-2025,123819,48 1.996200 N,061 1.661500 W,4.7,86.8,A,Depth,Depth,211.944444,D,S,42926.000000
Fri Jul 11 09:38:20 2025,11-Jul-2025,123820,48 1.996400 N,061 1.659500 W,4.7,86.8,A,Depth,Depth,211.944444,D,S,42926.000000
Fri Jul 11 09:38:22 2025,11-Jul-2025,123821,48 1.996400 N,061 1.657500 W,4.7,86.9,A,Primary,Headline,2.204082,D,P,92888.000000
Fri Jul 11 09:38:24 2025,11-Jul-2025,123822,48 1.996500 N,061 1.655500 W,4.7,86.9,A,Depth,Depth,192.407407,D,P,90281.000000
Fri Jul 11 09:38:24 2025,11-Jul-2025,123823,48 1.996500 N,061 1.653500 W,4.7,86.9,A,Depth,Depth,192.407407,D,P,90281.000000
Fri Jul 11 09:38:24 2025,11-Jul-2025,123824,48 1.996500 N,061 1.651600 W,4.7,86.9,A,Depth,Depth,192.407407,D,P,90281.000000
Fri Jul 11 09:38:24 2025,11-Jul-2025,123825,48 1.996600 N,061 1.649500 W,4.8,86.9,A,Depth,Depth,192.407407,D,P,90281.000000
Fri Jul 11 09:38:28 2025,11-Jul-2025,123826,48 1.996600 N,061 1.647400 W,4.8,86.9,A,Depth,Depth,213.981481,D,S,36143.000000
Fri Jul 11 09:38:28 2025,11-Jul-2025,123827,48 1.996600 N,061 1.645300 W,4.8,86.9,A,Depth,Depth,213.981481,D,S,36143.000000
Fri Jul 11 09:38:29 2025,11-Jul-2025,123828,48 1.996700 N,061 1.643500 W,4.8,86.7,A,DoorSpread,DoorMaster,6.315000,D,S,52695.000000
Fri Jul 11 09:38:29 2025,11-Jul-2025,123829,48 1.996800 N,061 1.641600 W,4.8,86.5,A,DoorSpread,DoorMaster,6.315000,D,S,52695.000000
Fri Jul 11 09:38:31 2025,11-Jul-2025,123830,48 1.996900 N,061 1.639500 W,4.9,86.4,A,Depth,Depth,194.351852,D,P,149949.000000
Fri Jul 11 09:38:31 2025,11-Jul-2025,123831,48 1.997000 N,061 1.637500 W,4.9,86.3,A,Depth,Depth,194.351852,D,P,149949.000000
Fri Jul 11 09:38:33 2025,11-Jul-2025,123832,48 1.997100 N,061 1.635500 W,5.0,86.3,A,Primary,Headline,55.816327,D,P,104253.000000
Fri Jul 11 09:38:35 2025,11-Jul-2025,123833,48 1.997200 N,061 1.633600 W,4.9,86.3,A,DoorSpread,DoorMaster,6.450000,D,S,28452.000000
Fri Jul 11 09:38:36 2025,11-Jul-2025,123834,48 1.997300 N,061 1.631800 W,4.9,86.2,A,Depth,Depth,217.870370,D,S,34582.000000
Fri Jul 11 09:38:36 2025,11-Jul-2025,123835,48 1.997300 N,061 1.629900 W,4.9,86.1,A,Depth,Depth,217.870370,D,S,34582.000000
Fri Jul 11 09:38:36 2025,11-Jul-2025,123836,48 1.997500 N,061 1.628100 W,4.9,86.1,A,Depth,Depth,217.870370,D,S,34582.000000
Fri Jul 11 09:38:39 2025,11-Jul-2025,123837,48 1.997700 N,061 1.626200 W,4.9,86.0,A,Primary,Headline,21.816327,D,P,60077.000000
Fri Jul 11 09:38:39 2025,11-Jul-2025,123838,48 1.997700 N,061 1.624300 W,4.8,86.1,A,Depth,Depth,196.296296,D,P,138890.000000
Fri Jul 11 09:38:40 2025,11-Jul-2025,123839,48 1.997800 N,061 1.622300 W,4.8,86.4,A,DoorSpread,DoorMaster,6.335000,D,P,61194.000000
Fri Jul 11 09:38:40 2025,11-Jul-2025,123840,48 1.997900 N,061 1.620400 W,4.8,86.6,A,DoorSpread,DoorMaster,6.335000,D,P,61194.000000
Fri Jul 11 09:38:40 2025,11-Jul-2025,123841,48 1.997900 N,061 1.618300 W,4.9,86.7,A,DoorSpread,DoorMaster,6.335000,D,P,61194.000000
Fri Jul 11 09:38:44 2025,11-Jul-2025,123842,48 1.998000 N,061 1.616300 W,4.9,86.5,A,Primary,Headline,17.632653,D,P,62773.000000
Fri Jul 11 09:38:44 2025,11-Jul-2025,123843,48 1.998000 N,061 1.614200 W,4.9,86.4,A,Primary,Headline,17.632653,D,P,62773.000000
Fri Jul 11 09:38:46 2025,11-Jul-2025,123844,48 1.998200 N,061 1.612100 W,4.8,86.4,A,DoorSpread,DoorMaster,6.455000,D,P,41481.000000
Fri Jul 11 09:38:47 2025,11-Jul-2025,123845,48 1.998300 N,061 1.610200 W,4.8,86.4,A,Depth,Depth,196.666667,D,P,119930.000000
Fri Jul 11 09:38:47 2025,11-Jul-2025,123846,48 1.998400 N,061 1.608200 W,4.8,86.6,A,Depth,Depth,196.666667,D,P,119930.000000
Fri Jul 11 09:38:47 2025,11-Jul-2025,123847,48 1.998400 N,061 1.606300 W,4.8,86.7,A,Depth,Depth,196.666667,D,P,119930.000000
Fri Jul 11 09:38:49 2025,11-Jul-2025,123848,48 1.998400 N,061 1.604400 W,4.8,86.8,A,Primary,Headline,14.326531,D,P,92011.000000
Fri Jul 11 09:38:49 2025,11-Jul-2025,123849,48 1.998500 N,061 1.602400 W,4.8,86.8,A,Primary,Headline,14.326531,D,P,92011.000000
Fri Jul 11 09:38:51 2025,11-Jul-2025,123850,48 1.998500 N,061 1.600600 W,4.7,86.8,A,DoorSpread,DoorMaster,6.295000,D,S,48326.000000
Fri Jul 11 09:38:51 2025,11-Jul-2025,123851,48 1.998600 N,061 1.598700 W,4.8,86.8,A,DoorSpread,DoorMaster,6.295000,D,S,48326.000000
Fri Jul 11 09:38:51 2025,11-Jul-2025,123852,48 1.998600 N,061 1.596700 W,4.8,86.8,A,DoorSpread,DoorMaster,6.295000,D,S,48326.000000
Fri Jul 11 09:38:55 2025,11-Jul-2025,123853,48 1.998700 N,061 1.594700 W,4.8,86.9,A,Primary,Headline,47.612245,D,P,97450.000000
Fri Jul 11 09:38:55 2025,11-Jul-2025,123854,48 1.998800 N,061 1.592600 W,4.8,87.1,A,Primary,Headline,47.612245,D,P,97450.000000
Fri Jul 11 09:38:55 2025,11-Jul-2025,123855,48 1.998900 N,061 1.590700 W,4.8,87.2,A,Primary,Headline,47.612245,D,P,97450.000000
Fri Jul 11 09:38:57 2025,11-Jul-2025,123856,48 1.999000 N,061 1.588700 W,4.8,87.3,A,DoorSpread,DoorMaster,6.475000,D,S,42088.000000
Fri Jul 11 09:38:57 2025,11-Jul-2025,123857,48 1.999000 N,061 1.586800 W,4.8,87.4,A,DoorSpread,DoorMaster,6.475000,D,S,42088.000000
Fri Jul 11 09:38:59 2025,11-Jul-2025,123858,48 1.999000 N,061 1.585000 W,4.8,87.5,A,Depth,Depth,221.388889,D,S,47394.000000
Fri Jul 11 09:39:01 2025,11-Jul-2025,123859,48 1.998900 N,061 1.583100 W,4.8,87.5,A,Primary,Headline,32.938776,D,S,45675.000000
Fri Jul 11 09:39:01 2025,11-Jul-2025,123900,48 1.998800 N,061 1.581200 W,4.7,87.5,A,Primary,Headline,32.938776,D,S,45675.000000
Fri Jul 11 09:39:03 2025,11-Jul-2025,123901,48 1.998800 N,061 1.579300 W,4.7,87.5,A,DoorSpread,DoorMaster,6.505000,D,S,53839.000000
Fri Jul 11 09:39:03 2025,11-Jul-2025,123902,48 1.998700 N,061 1.577300 W,4.7,87.6,A,DoorSpread,DoorMaster,6.505000,D,S,53839.000000
Fri Jul 11 09:39:03 2025,11-Jul-2025,123903,48 1.998800 N,061 1.575300 W,4.8,87.6,A,DoorSpread,DoorMaster,6.505000,D,S,53839.000000
Fri Jul 11 09:39:06 2025,11-Jul-2025,123904,48 1.998800 N,061 1.573400 W,4.8,87.6,A,Primary,Headline,10.877551,D,P,100181.000000
Fri Jul 11 09:39:07 2025,11-Jul-2025,123905,48 1.998900 N,061 1.571500 W,4.8,87.7,A,Depth,Depth,221.574074,D,S,40096.000000
Fri Jul 11 09:39:07 2025,11-Jul-2025,123906,48 1.999000 N,061 1.569600 W,4.8,87.7,A,Depth,Depth,221.574074,D,S,40096.000000
Fri Jul 11 09:39:08 2025,11-Jul-2025,123907,48 1.999000 N,061 1.567700 W,4.8,87.7,A,DoorSpread,DoorMaster,6.815000,D,P,40468.000000
Fri Jul 11 09:39:08 2025,11-Jul-2025,123908,48 1.999100 N,061 1.565700 W,4.8,87.7,A,DoorSpread,DoorMaster,6.815000,D,P,40468.000000
Fri Jul 11 09:39:11 2025,11-Jul-2025,123909,48 1.999100 N,061 1.563800 W,4.8,87.9,A,Primary,Headline,7.795918,D,S,50095.000000
Fri Jul 11 09:39:11 2025,11-Jul-2025,123910,48 1.999200 N,061 1.561900 W,4.8,88.0,A,Primary,Headline,7.795918,D,S,50095.000000
Fri Jul 11 09:39:11 2025,11-Jul-2025,123911,48 1.999200 N,061 1.560000 W,4.8,88.0,A,Primary,Headline,7.795918,D,S,50095.000000
Fri Jul 11 09:39:14 2025,11-Jul-2025,123912,48 1.999300 N,061 1.558200 W,4.8,88.1,A,DoorSpread,DoorMaster,6.555000,D,S,46835.000000
Fri Jul 11 09:39:15 2025,11-Jul-2025,123913,48 1.999300 N,061 1.556300 W,4.8,88.0,A,Depth,Depth,221.759259,D,S,57143.000000
Fri Jul 11 09:39:15 2025,11-Jul-2025,123914,48 1.999400 N,061 1.554300 W,4.7,88.0,A,Depth,Depth,221.759259,D,S,57143.000000
Fri Jul 11 09:39:16 2025,11-Jul-2025,123915,48 1.999500 N,061 1.552300 W,4.7,88.0,A,Primary,Headline,22.714286,D,P,74333.000000
Fri Jul 11 09:39:18 2025,11-Jul-2025,123916,48 1.999600 N,061 1.550200 W,4.7,88.0,A,Depth,Depth,202.962963,D,P,54180.000000
Fri Jul 11 09:39:18 2025,11-Jul-2025,123917,48 1.999700 N,061 1.548200 W,4.7,88.1,A,Depth,Depth,202.962963,D,P,54180.000000
Fri Jul 11 09:39:19 2025,11-Jul-2025,123918,48 1.999800 N,061 1.546400 W,4.7,88.0,A,DoorSpread,DoorMaster,6.840000,D,S,30180.000000
Fri Jul 11 09:39:19 2025,11-Jul-2025,123919,48 2.000000 N,061 1.544500 W,4.7,87.9,A,DoorSpread,DoorMaster,6.840000,D,S,30180.000000
Fri Jul 11 09:39:22 2025,11-Jul-2025,123920,48 2.000100 N,061 1.542500 W,4.7,87.8,A,Primary,Headline,48.938776,D,P,67135.000000
Fri Jul 11 09:39:23 2025,11-Jul-2025,123921,48 2.000200 N,061 1.540500 W,4.7,87.8,A,Depth,Depth,225.092593,D,S,34632.000000
Fri Jul 11 09:39:23 2025,11-Jul-2025,123922,48 2.000300 N,061 1.538700 W,4.7,87.9,A,Depth,Depth,225.092593,D,S,34632.000000
Fri Jul 11 09:39:23 2025,11-Jul-2025,123923,48 2.000300 N,061 1.536700 W,4.7,87.8,A,Depth,Depth,225.092593,D,S,34632.000000
Fri Jul 11 09:39:25 2025,11-Jul-2025,123924,48 2.000300 N,061 1.534600 W,4.7,87.8,A,Depth,Depth,201.388889,D,P,54219.000000
Fri Jul 11 09:39:25 2025,11-Jul-2025,123925,48 2.000300 N,061 1.532300 W,4.7,87.8,A,Depth,Depth,201.388889,D,P,54219.000000
Fri Jul 11 09:39:27 2025,11-Jul-2025,123926,48 2.000300 N,061 1.530200 W,4.7,87.8,A,Primary,Headline,2.224490,D,S,42583.000000
Fri Jul 11 09:39:27 2025,11-Jul-2025,123927,48 2.000400 N,061 1.528200 W,4.6,87.8,A,Primary,Headline,2.224490,D,S,42583.000000
Fri Jul 11 09:39:27 2025,11-Jul-2025,123928,48 2.000400 N,061 1.526300 W,4.7,87.8,A,Primary,Headline,2.224490,D,S,42583.000000
Fri Jul 11 09:39:31 2025,11-Jul-2025,123929,48 2.000400 N,061 1.524200 W,4.7,87.7,A,DoorSpread,DoorMaster,6.565000,D,S,23310.000000
Fri Jul 11 09:39:31 2025,11-Jul-2025,123930,48 2.000400 N,061 1.522300 W,4.6,87.7,A,DoorSpread,DoorMaster,6.565000,D,S,23310.000000
Fri Jul 11 09:39:32 2025,11-Jul-2025,123931,48 2.000300 N,061 1.520400 W,4.7,87.9,A,Primary,Headline,2.428571,D,S,25219.000000
Fri Jul 11 09:39:33 2025,11-Jul-2025,123932,48 2.000300 N,061 1.518500 W,4.7,87.9,A,Depth,Depth,202.870370,D,P,41309.000000
Fri Jul 11 09:39:33 2025,11-Jul-2025,123933,48 2.000200 N,061 1.516600 W,4.6,87.9,A,Depth,Depth,202.870370,D,P,41309.000000
Fri Jul 11 09:39:33 2025,11-Jul-2025,123934,48 2.000200 N,061 1.514600 W,4.7,87.9,A,Depth,Depth,202.870370,D,P,41309.000000
Fri Jul 11 09:39:36 2025,11-Jul-2025,123935,48 2.000200 N,061 1.512700 W,4.6,87.9,A,DoorSpread,DoorMaster,7.720000,D,P,48793.000000
Fri Jul 11 09:39:37 2025,11-Jul-2025,123936,48 2.000200 N,061 1.511000 W,4.6,87.8,A,Primary,Headline,1.897959,D,P,73296.000000
Fri Jul 11 09:39:38 2025,11-Jul-2025,123937,48 2.000200 N,061 1.509100 W,4.6,87.7,A,Depth,Depth,226.666667,D,S,44089.000000
Fri Jul 11 09:39:38 2025,11-Jul-2025,123938,48 2.000300 N,061 1.507100 W,4.6,87.8,A,Depth,Depth,226.666667,D,S,44089.000000
Fri Jul 11 09:39:38 2025,11-Jul-2025,123939,48 2.000300 N,061 1.505100 W,4.7,87.8,A,Depth,Depth,226.666667,D,S,44089.000000
Fri Jul 11 09:39:41 2025,11-Jul-2025,123940,48 2.000200 N,061 1.503100 W,4.6,87.9,A,Depth,Depth,205.833333,D,P,39502.000000
Fri Jul 11 09:39:42 2025,11-Jul-2025,123941,48 2.000100 N,061 1.501200 W,4.6,87.9,A,Primary,Headline,2.265306,D,P,67555.000000
Fri Jul 11 09:39:42 2025,11-Jul-2025,123942,48 2.000100 N,061 1.499200 W,4.6,87.8,A,Primary,Headline,2.265306,D,P,67555.000000
Fri Jul 11 09:39:42 2025,11-Jul-2025,123943,48 2.000100 N,061 1.497200 W,4.6,87.9,A,Primary,Headline,2.265306,D,P,67555.000000
Fri Jul 11 09:39:46 2025,11-Jul-2025,123944,48 2.000200 N,061 1.495200 W,4.6,87.9,A,Depth,Depth,228.796296,D,S,35127.000000
Fri Jul 11 09:39:46 2025,11-Jul-2025,123945,48 2.000300 N,061 1.493200 W,4.6,87.9,A,Depth,Depth,228.796296,D,S,35127.000000
Fri Jul 11 09:39:48 2025,11-Jul-2025,123946,48 2.000400 N,061 1.491200 W,4.6,87.9,A,DoorSpread,DoorMaster,7.785000,D,P,32173.000000
Fri Jul 11 09:39:49 2025,11-Jul-2025,123947,48 2.000500 N,061 1.489200 W,4.6,87.9,A,Depth,Depth,208.518519,D,P,35627.000000
Fri Jul 11 09:39:49 2025,11-Jul-2025,123948,48 2.000700 N,061 1.487300 W,4.6,87.8,A,Depth,Depth,208.518519,D,P,35627.000000
Fri Jul 11 09:39:49 2025,11-Jul-2025,123949,48 2.000900 N,061 1.485300 W,4.6,87.7,A,Depth,Depth,208.518519,D,P,35627.000000
Fri Jul 11 09:39:49 2025,11-Jul-2025,123950,48 2.001000 N,061 1.483300 W,4.7,87.7,A,Depth,Depth,208.518519,D,P,35627.000000
Fri Jul 11 09:39:52 2025,11-Jul-2025,123951,48 2.001200 N,061 1.481300 W,4.7,87.8,A,Primary,Headline,2.469388,D,P,36721.000000
Fri Jul 11 09:39:54 2025,11-Jul-2025,123952,48 2.001400 N,061 1.479200 W,4.7,87.7,A,Depth,Depth,237.037037,D,S,16969.000000
Fri Jul 11 09:39:54 2025,11-Jul-2025,123953,48 2.001600 N,061 1.477200 W,4.7,87.6,A,Depth,Depth,237.037037,D,S,16969.000000
Fri Jul 11 09:39:54 2025,11-Jul-2025,123954,48 2.001800 N,061 1.475300 W,4.7,87.5,A,Depth,Depth,237.037037,D,S,16969.000000
Fri Jul 11 09:39:56 2025,11-Jul-2025,123955,48 2.002000 N,061 1.473400 W,4.7,87.4,A,Depth,Depth,206.574074,D,P,40005.000000
Fri Jul 11 09:39:57 2025,11-Jul-2025,123956,48 2.002100 N,061 1.471400 W,4.7,87.5,A,Primary,Headline,1.857143,D,P,55622.000000
Fri Jul 11 09:39:57 2025,11-Jul-2025,123957,48 2.002100 N,061 1.469400 W,4.7,87.7,A,Primary,Headline,1.857143,D,P,55622.000000
Fri Jul 11 09:39:59 2025,11-Jul-2025,123958,48 2.002200 N,061 1.467300 W,4.8,87.9,A,DoorSpread,DoorMaster,8.165000,D,P,52721.000000
Fri Jul 11 09:39:59 2025,11-Jul-2025,123959,48 2.002300 N,061 1.465200 W,4.8,88.0,A,DoorSpread,DoorMaster,8.165000,D,P,52721.000000
Fri Jul 11 09:40:02 2025,11-Jul-2025,124000,48 2.002400 N,061 1.463100 W,4.8,87.9,A,Depth,Depth,225.000000,D,S,30060.000000
Fri Jul 11 09:40:02 2025,11-Jul-2025,124001,48 2.002600 N,061 1.461200 W,4.8,87.6,A,Primary,Headline,2.387755,D,P,61782.000000
Fri Jul 11 09:40:02 2025,11-Jul-2025,124002,48 2.002700 N,061 1.459100 W,4.8,87.4,A,Primary,Headline,2.387755,D,P,61782.000000
Fri Jul 11 09:40:04 2025,11-Jul-2025,124003,48 2.002700 N,061 1.457100 W,4.8,87.3,A,Depth,Depth,210.740741,D,P,35122.000000
Fri Jul 11 09:40:05 2025,11-Jul-2025,124004,48 2.002700 N,061 1.455200 W,4.8,87.2,A,DoorSpread,DoorMaster,7.895000,D,S,42873.000000
Fri Jul 11 09:40:05 2025,11-Jul-2025,124005,48 2.002700 N,061 1.453300 W,4.7,87.2,A,DoorSpread,DoorMaster,7.895000,D,S,42873.000000
Fri Jul 11 09:40:07 2025,11-Jul-2025,124006,48 2.002800 N,061 1.451300 W,4.7,87.3,A,Primary,Headline,0.000000,D,S,30579.000000
Fri Jul 11 09:40:07 2025,11-Jul-2025,124007,48 2.002900 N,061 1.449400 W,4.7,87.3,A,Primary,Headline,0.000000,D,S,30579.000000
Fri Jul 11 09:40:10 2025,11-Jul-2025,124008,48 2.003100 N,061 1.447500 W,4.7,87.0,A,Depth,Depth,234.166667,D,S,23030.000000
Fri Jul 11 09:40:11 2025,11-Jul-2025,124009,48 2.003300 N,061 1.445600 W,4.7,86.7,A,DoorSpread,DoorMaster,7.635000,D,P,47550.000000
Fri Jul 11 09:40:12 2025,11-Jul-2025,124010,48 2.003300 N,061 1.443600 W,4.8,86.8,A,Depth,Depth,211.296296,D,P,25423.000000
Fri Jul 11 09:40:12 2025,11-Jul-2025,124011,48 2.003400 N,061 1.441700 W,4.8,86.8,A,Primary,Headline,2.306122,D,S,13963.000000
Fri Jul 11 09:40:12 2025,11-Jul-2025,124012,48 2.003400 N,061 1.439900 W,4.8,86.9,A,Primary,Headline,2.306122,D,S,13963.000000
Fri Jul 11 09:40:12 2025,11-Jul-2025,124013,48 2.003600 N,061 1.438100 W,4.8,86.8,A,Primary,Headline,2.306122,D,S,13963.000000
Fri Jul 11 09:40:12 2025,11-Jul-2025,124014,48 2.003700 N,061 1.436200 W,4.8,86.6,A,Primary,Headline,2.306122,D,S,13963.000000
Fri Jul 11 09:40:16 2025,11-Jul-2025,124015,48 2.003900 N,061 1.434200 W,4.8,86.6,A,DoorSpread,DoorMaster,8.060000,D,S,27684.000000
Fri Jul 11 09:40:17 2025,11-Jul-2025,124016,48 2.004000 N,061 1.432300 W,4.7,86.7,A,Primary,Headline,2.081633,D,S,38739.000000
Fri Jul 11 09:40:17 2025,11-Jul-2025,124017,48 2.004100 N,061 1.430400 W,4.8,86.8,A,Primary,Headline,2.081633,D,S,38739.000000
Fri Jul 11 09:40:20 2025,11-Jul-2025,124018,48 2.004200 N,061 1.428500 W,4.7,86.8,A,Depth,Depth,208.981481,D,P,29141.000000
Fri Jul 11 09:40:20 2025,11-Jul-2025,124019,48 2.004300 N,061 1.426700 W,4.7,86.8,A,Depth,Depth,208.981481,D,P,29141.000000
Fri Jul 11 09:40:20 2025,11-Jul-2025,124020,48 2.004300 N,061 1.424900 W,4.7,86.8,A,Depth,Depth,208.981481,D,P,29141.000000
Fri Jul 11 09:40:22 2025,11-Jul-2025,124021,48 2.004500 N,061 1.423100 W,4.6,86.8,A,DoorSpread,DoorMaster,8.075000,D,P,46375.000000
Fri Jul 11 09:40:23 2025,11-Jul-2025,124022,48 2.004600 N,061 1.421400 W,4.6,86.7,A,Primary,Headline,45.959184,D,P,87850.000000
Fri Jul 11 09:40:23 2025,11-Jul-2025,124023,48 2.004800 N,061 1.419600 W,4.7,86.6,A,Primary,Headline,45.959184,D,P,87850.000000
Fri Jul 11 09:40:23 2025,11-Jul-2025,124024,48 2.004900 N,061 1.417700 W,4.7,86.7,A,Primary,Headline,45.959184,D,P,87850.000000
Fri Jul 11 09:40:23 2025,11-Jul-2025,124025,48 2.005000 N,061 1.415800 W,4.7,86.8,A,Primary,Headline,45.959184,D,P,87850.000000
Fri Jul 11 09:40:28 2025,11-Jul-2025,124026,48 2.005000 N,061 1.413700 W,4.7,86.8,A,DoorSpread,DoorMaster,7.770000,D,P,56917.000000
Fri Jul 11 09:40:28 2025,11-Jul-2025,124027,48 2.005200 N,061 1.411800 W,4.7,86.8,A,Primary,Headline,2.142857,D,P,44268.000000
Fri Jul 11 09:40:28 2025,11-Jul-2025,124028,48 2.005300 N,061 1.410000 W,4.7,86.7,A,Primary,Headline,2.142857,D,P,44268.000000
Fri Jul 11 09:40:28 2025,11-Jul-2025,124029,48 2.005500 N,061 1.408000 W,4.7,86.7,A,Primary,Headline,2.142857,D,P,44268.000000
Fri Jul 11 09:40:28 2025,11-Jul-2025,124030,48 2.005800 N,061 1.406200 W,4.6,86.6,A,Primary,Headline,2.142857,D,P,44268.000000
Fri Jul 11 09:40:28 2025,11-Jul-2025,124031,48 2.006000 N,061 1.404400 W,4.7,86.5,A,Primary,Headline,2.142857,D,P,44268.000000
Fri Jul 11 09:40:34 2025,11-Jul-2025,124032,48 2.006100 N,061 1.402500 W,4.6,86.5,A,DoorSpread,DoorMaster,7.830000,D,S,31198.000000
Fri Jul 11 09:40:34 2025,11-Jul-2025,124033,48 2.006300 N,061 1.400700 W,4.6,86.5,A,Primary,Headline,52.591837,D,P,65210.000000
Fri Jul 11 09:40:35 2025,11-Jul-2025,124034,48 2.006300 N,061 1.398800 W,4.6,86.6,A,Depth,Depth,213.981481,D,P,41585.000000
Fri Jul 11 09:40:35 2025,11-Jul-2025,124035,48 2.006300 N,061 1.396900 W,4.6,86.6,A,Depth,Depth,213.981481,D,P,41585.000000
Fri Jul 11 09:40:35 2025,11-Jul-2025,124036,48 2.006300 N,061 1.394900 W,4.6,86.5,A,Depth,Depth,213.981481,D,P,41585.000000
Fri Jul 11 09:40:35 2025,11-Jul-2025,124037,48 2.006300 N,061 1.393000 W,4.7,86.5,A,Depth,Depth,213.981481,D,P,41585.000000
Fri Jul 11 09:40:39 2025,11-Jul-2025,124038,48 2.006300 N,061 1.391100 W,4.7,86.6,A,Primary,Headline,28.163265,D,P,45556.000000
Fri Jul 11 09:40:41 2025,11-Jul-2025,124039,48 2.006300 N,061 1.389100 W,4.7,86.6,A,Depth,Depth,240.000000,D,S,22520.000000
Fri Jul 11 09:40:41 2025,11-Jul-2025,124040,48 2.006200 N,061 1.387200 W,4.6,86.6,A,Depth,Depth,240.000000,D,S,22520.000000
Fri Jul 11 09:40:41 2025,11-Jul-2025,124041,48 2.006300 N,061 1.385300 W,4.6,86.5,A,Depth,Depth,240.000000,D,S,22520.000000
Fri Jul 11 09:40:43 2025,11-Jul-2025,124042,48 2.006300 N,061 1.383400 W,4.6,86.4,A,Depth,Depth,217.407407,D,P,51237.000000
Fri Jul 11 09:40:45 2025,11-Jul-2025,124043,48 2.006200 N,061 1.381500 W,4.6,86.5,A,DoorSpread,DoorMaster,8.535000,D,P,45955.000000
Fri Jul 11 09:40:45 2025,11-Jul-2025,124044,48 2.006200 N,061 1.379500 W,4.6,86.5,A,DoorSpread,DoorMaster,8.535000,D,P,45955.000000
Fri Jul 11 09:40:45 2025,11-Jul-2025,124045,48 2.006300 N,061 1.377600 W,4.7,86.3,A,DoorSpread,DoorMaster,8.535000,D,P,45955.000000
Fri Jul 11 09:40:45 2025,11-Jul-2025,124046,48 2.006300 N,061 1.375600 W,4.7,86.1,A,DoorSpread,DoorMaster,8.535000,D,P,45955.000000
Fri Jul 11 09:40:49 2025,11-Jul-2025,124047,48 2.006400 N,061 1.373600 W,4.7,86.0,A,Depth,Depth,239.444444,D,S,28827.000000
Fri Jul 11 09:40:50 2025,11-Jul-2025,124048,48 2.006400 N,061 1.371700 W,4.7,85.9,A,Primary,Headline,2.306122,D,S,34192.000000
Fri Jul 11 09:40:51 2025,11-Jul-2025,124049,48 2.006600 N,061 1.369900 W,4.7,85.8,A,Depth,Depth,215.925926,D,P,40251.000000
Fri Jul 11 09:40:51 2025,11-Jul-2025,124050,48 2.006700 N,061 1.368200 W,4.7,85.8,A,Depth,Depth,215.925926,D,P,40251.000000
Fri Jul 11 09:40:51 2025,11-Jul-2025,124051,48 2.007000 N,061 1.366300 W,4.7,85.8,A,Depth,Depth,215.925926,D,P,40251.000000
Fri Jul 11 09:40:51 2025,11-Jul-2025,124052,48 2.007200 N,061 1.364300 W,4.7,85.8,A,Depth,Depth,215.925926,D,P,40251.000000
Fri Jul 11 09:40:55 2025,11-Jul-2025,124053,48 2.007400 N,061 1.362500 W,4.7,85.8,A,Primary,Headline,2.714286,D,P,58340.000000
Fri Jul 11 09:40:55 2025,11-Jul-2025,124054,48 2.007600 N,061 1.360600 W,4.7,85.8,A,Primary,Headline,2.714286,D,P,58340.000000
Fri Jul 11 09:40:57 2025,11-Jul-2025,124055,48 2.007800 N,061 1.358700 W,4.7,85.9,A,Depth,Depth,246.944444,D,S,14511.000000
Fri Jul 11 09:40:57 2025,11-Jul-2025,124056,48 2.007900 N,061 1.356600 W,4.7,85.9,A,Depth,Depth,246.944444,D,S,14511.000000
Fri Jul 11 09:40:59 2025,11-Jul-2025,124057,48 2.008100 N,061 1.354600 W,4.7,85.9,A,Depth,Depth,221.759259,D,P,48525.000000
Fri Jul 11 09:41:00 2025,11-Jul-2025,124058,48 2.008200 N,061 1.352800 W,4.7,85.9,A,Primary,Headline,1.836735,D,P,88729.000000
Fri Jul 11 09:41:00 2025,11-Jul-2025,124059,48 2.008300 N,061 1.350900 W,4.7,86.1,A,Primary,Headline,1.836735,D,P,88729.000000
Fri Jul 11 09:41:02 2025,11-Jul-2025,124100,48 2.008300 N,061 1.349000 W,4.6,86.2,A,DoorSpread,DoorMaster,7.370000,D,P,40465.000000
Fri Jul 11 09:41:02 2025,11-Jul-2025,124101,48 2.008400 N,061 1.347100 W,4.7,86.2,A,DoorSpread,DoorMaster,7.370000,D,P,40465.000000
Fri Jul 11 09:41:02 2025,11-Jul-2025,124102,48 2.008500 N,061 1.345200 W,4.7,86.2,A,DoorSpread,DoorMaster,7.370000,D,P,40465.000000
Fri Jul 11 09:41:05 2025,11-Jul-2025,124103,48 2.008500 N,061 1.343200 W,4.7,86.3,A,Primary,Headline,1.857143,D,P,55177.000000
Fri Jul 11 09:41:05 2025,11-Jul-2025,124104,48 2.008600 N,061 1.341100 W,4.7,86.3,A,Primary,Headline,1.857143,D,P,55177.000000
Fri Jul 11 09:41:06 2025,11-Jul-2025,124105,48 2.008700 N,061 1.339100 W,4.7,86.3,A,Depth,Depth,216.851852,D,P,43469.000000
Fri Jul 11 09:41:08 2025,11-Jul-2025,124106,48 2.008800 N,061 1.337000 W,4.8,86.2,A,DoorSpread,DoorMaster,10.905000,D,S,11148.000000
Fri Jul 11 09:41:08 2025,11-Jul-2025,124107,48 2.008900 N,061 1.334900 W,4.8,86.2,A,DoorSpread,DoorMaster,10.905000,D,S,11148.000000
Fri Jul 11 09:41:10 2025,11-Jul-2025,124108,48 2.009000 N,061 1.332900 W,4.7,86.4,A,Primary,Headline,2.428571,D,P,54705.000000
Fri Jul 11 09:41:10 2025,11-Jul-2025,124109,48 2.009000 N,061 1.330900 W,4.7,86.5,A,Primary,Headline,2.428571,D,P,54705.000000
Fri Jul 11 09:41:10 2025,11-Jul-2025,124110,48 2.009100 N,061 1.329000 W,4.7,86.4,A,Primary,Headline,2.428571,D,P,54705.000000
Fri Jul 11 09:41:12 2025,11-Jul-2025,124111,48 2.009100 N,061 1.327100 W,4.7,86.3,A,Depth,Depth,243.703704,D,S,33101.000000
Fri Jul 11 09:41:13 2025,11-Jul-2025,124112,48 2.009100 N,061 1.325100 W,4.7,86.2,A,DoorSpread,DoorMaster,4.415000,D,S,11596.000000
Fri Jul 11 09:41:15 2025,11-Jul-2025,124113,48 2.009200 N,061 1.323200 W,4.7,86.2,A,Primary,Headline,2.693878,D,P,48849.000000
Fri Jul 11 09:41:15 2025,11-Jul-2025,124114,48 2.009300 N,061 1.321200 W,4.8,86.1,A,Primary,Headline,2.693878,D,P,48849.000000
Fri Jul 11 09:41:15 2025,11-Jul-2025,124115,48 2.009500 N,061 1.319300 W,4.7,86.1,A,Primary,Headline,2.693878,D,P,48849.000000
Fri Jul 11 09:41:15 2025,11-Jul-2025,124116,48 2.009600 N,061 1.317400 W,4.7,86.1,A,Primary,Headline,2.693878,D,P,48849.000000
Fri Jul 11 09:41:19 2025,11-Jul-2025,124117,48 2.009800 N,061 1.315600 W,4.7,86.1,A,DoorSpread,DoorMaster,7.755000,D,S,15647.000000
Fri Jul 11 09:41:20 2025,11-Jul-2025,124118,48 2.009900 N,061 1.313700 W,4.7,86.3,A,Primary,Headline,2.714286,D,P,47422.000000
Fri Jul 11 09:41:20 2025,11-Jul-2025,124119,48 2.010000 N,061 1.311700 W,4.7,86.3,A,Depth,Depth,247.592593,D,S,22664.000000
Fri Jul 11 09:41:20 2025,11-Jul-2025,124120,48 2.010100 N,061 1.309600 W,4.7,86.2,A,Depth,Depth,247.592593,D,S,22664.000000
Fri Jul 11 09:41:22 2025,11-Jul-2025,124121,48 2.010200 N,061 1.307700 W,4.7,86.2,A,Depth,Depth,219.629630,D,P,35752.000000
Fri Jul 11 09:41:22 2025,11-Jul-2025,124122,48 2.010300 N,061 1.305700 W,4.7,86.2,A,Depth,Depth,219.629630,D,P,35752.000000
Fri Jul 11 09:41:25 2025,11-Jul-2025,124123,48 2.010300 N,061 1.303900 W,4.7,86.3,A,Primary,Headline,1.163265,D,P,63168.000000
Fri Jul 11 09:41:25 2025,11-Jul-2025,124124,48 2.010300 N,061 1.302000 W,4.7,86.3,A,Primary,Headline,1.163265,D,P,63168.000000
Fri Jul 11 09:41:25 2025,11-Jul-2025,124125,48 2.010300 N,061 1.300100 W,4.7,86.3,A,Primary,Headline,1.163265,D,P,63168.000000
Fri Jul 11 09:41:25 2025,11-Jul-2025,124126,48 2.010500 N,061 1.298100 W,4.7,86.2,A,Primary,Headline,1.163265,D,P,63168.000000
Fri Jul 11 09:41:28 2025,11-Jul-2025,124127,48 2.010700 N,061 1.296200 W,4.8,86.0,A,Depth,Depth,245.000000,D,S,29058.000000
Fri Jul 11 09:41:30 2025,11-Jul-2025,124128,48 2.010800 N,061 1.294200 W,4.8,85.9,A,Primary,Headline,2.367347,D,P,48148.000000
Fri Jul 11 09:41:30 2025,11-Jul-2025,124129,48 2.010900 N,061 1.292100 W,4.9,85.9,A,DoorSpread,DoorMaster,7.810000,D,S,27884.000000
Fri Jul 11 09:41:30 2025,11-Jul-2025,124130,48 2.010900 N,061 1.290200 W,4.8,85.9,A,DoorSpread,DoorMaster,7.810000,D,S,27884.000000
Fri Jul 11 09:41:30 2025,11-Jul-2025,124131,48 2.010900 N,061 1.288300 W,4.8,86.0,A,DoorSpread,DoorMaster,7.810000,D,S,27884.000000
Fri Jul 11 09:41:30 2025,11-Jul-2025,124132,48 2.011000 N,061 1.286500 W,4.8,86.0,A,DoorSpread,DoorMaster,7.810000,D,S,27884.000000
Fri Jul 11 09:41:30 2025,11-Jul-2025,124133,48 2.011100 N,061 1.284700 W,4.7,86.1,A,DoorSpread,DoorMaster,7.810000,D,S,27884.000000
Fri Jul 11 09:41:35 2025,11-Jul-2025,124134,48 2.011100 N,061 1.282800 W,4.7,86.2,A,Primary,Headline,28.163265,D,S,33647.000000
Fri Jul 11 09:41:36 2025,11-Jul-2025,124135,48 2.011300 N,061 1.280900 W,4.7,86.3,A,Depth,Depth,247.685185,D,S,39015.000000
Fri Jul 11 09:41:38 2025,11-Jul-2025,124136,48 2.011300 N,061 1.278900 W,4.7,86.3,A,Depth,Depth,223.611111,D,P,29234.000000
Fri Jul 11 09:41:38 2025,11-Jul-2025,124137,48 2.011400 N,061 1.277100 W,4.7,86.4,A,Depth,Depth,223.611111,D,P,29234.000000
Fri Jul 11 09:41:38 2025,11-Jul-2025,124138,48 2.011500 N,061 1.275200 W,4.7,86.5,A,Depth,Depth,223.611111,D,P,29234.000000
Fri Jul 11 09:41:40 2025,11-Jul-2025,124139,48 2.011500 N,061 1.273200 W,4.7,86.6,A,Primary,Headline,2.693878,D,S,37809.000000
Fri Jul 11 09:41:42 2025,11-Jul-2025,124140,48 2.011500 N,061 1.271500 W,4.6,86.7,A,DoorSpread,DoorMaster,7.545000,D,S,18567.000000
Fri Jul 11 09:41:42 2025,11-Jul-2025,124141,48 2.011500 N,061 1.269700 W,4.6,86.7,A,DoorSpread,DoorMaster,7.545000,D,S,18567.000000
Fri Jul 11 09:41:42 2025,11-Jul-2025,124142,48 2.011500 N,061 1.267800 W,4.6,86.8,A,DoorSpread,DoorMaster,7.545000,D,S,18567.000000
Fri Jul 11 09:41:44 2025,11-Jul-2025,124143,48 2.011400 N,061 1.265900 W,4.6,86.9,A,Depth,Depth,252.685185,D,S,23297.000000
Fri Jul 11 09:41:45 2025,11-Jul-2025,124144,48 2.011400 N,061 1.263900 W,4.6,87.0,A,Depth,Depth,227.037037,D,P,26951.000000
Fri Jul 11 09:41:45 2025,11-Jul-2025,124145,48 2.011400 N,061 1.262000 W,4.6,87.1,A,Depth,Depth,227.037037,D,P,26951.000000
Fri Jul 11 09:41:47 2025,11-Jul-2025,124146,48 2.011500 N,061 1.260100 W,4.6,87.2,A,DoorSpread,DoorMaster,7.970000,D,S,24296.000000
Fri Jul 11 09:41:47 2025,11-Jul-2025,124147,48 2.011500 N,061 1.258100 W,4.7,87.2,A,DoorSpread,DoorMaster,7.970000,D,S,24296.000000
Fri Jul 11 09:41:47 2025,11-Jul-2025,124148,48 2.011600 N,061 1.256200 W,4.6,87.2,A,DoorSpread,DoorMaster,7.970000,D,S,24296.000000
Fri Jul 11 09:41:50 2025,11-Jul-2025,124149,48 2.011700 N,061 1.254400 W,4.6,87.0,A,Primary,Headline,2.897959,D,P,38044.000000
Fri Jul 11 09:41:52 2025,11-Jul-2025,124150,48 2.011700 N,061 1.252500 W,4.6,87.0,A,Depth,Depth,251.481481,D,S,17164.000000
Fri Jul 11 09:41:52 2025,11-Jul-2025,124151,48 2.011700 N,061 1.250700 W,4.6,86.9,A,Depth,Depth,251.481481,D,S,17164.000000
Fri Jul 11 09:41:53 2025,11-Jul-2025,124152,48 2.011900 N,061 1.248900 W,4.6,86.9,A,Depth,Depth,223.055556,D,P,47865.000000
Fri Jul 11 09:41:53 2025,11-Jul-2025,124153,48 2.011900 N,061 1.247100 W,4.6,86.9,A,Depth,Depth,223.055556,D,P,47865.000000
Fri Jul 11 09:41:56 2025,11-Jul-2025,124154,48 2.012000 N,061 1.245500 W,4.6,86.9,A,Primary,Headline,23.734694,D,P,63431.000000
Fri Jul 11 09:41:56 2025,11-Jul-2025,124155,48 2.012000 N,061 1.243700 W,4.6,86.9,A,Primary,Headline,23.734694,D,P,63431.000000
Fri Jul 11 09:41:56 2025,11-Jul-2025,124156,48 2.012100 N,061 1.241900 W,4.6,86.7,A,Primary,Headline,23.734694,D,P,63431.000000
Fri Jul 11 09:41:59 2025,11-Jul-2025,124157,48 2.012200 N,061 1.240100 W,4.6,86.6,A,DoorSpread,DoorMaster,7.645000,D,P,33252.000000
Fri Jul 11 09:42:00 2025,11-Jul-2025,124158,48 2.012300 N,061 1.238200 W,4.6,86.5,A,Depth,Depth,252.777778,D,S,40114.000000
Fri Jul 11 09:42:01 2025,11-Jul-2025,124159,48 2.012400 N,061 1.236300 W,4.6,86.5,A,Primary,Headline,2.000000,D,P,63588.000000
Fri Jul 11 09:42:01 2025,11-Jul-2025,124200,48 2.012400 N,061 1.234400 W,4.6,86.7,A,Depth,Depth,228.981481,D,P,42681.000000
Fri Jul 11 09:42:01 2025,11-Jul-2025,124201,48 2.012400 N,061 1.232500 W,4.6,86.9,A,Depth,Depth,228.981481,D,P,42681.000000
Fri Jul 11 09:42:01 2025,11-Jul-2025,124202,48 2.012500 N,061 1.230600 W,4.6,87.0,A,Depth,Depth,228.981481,D,P,42681.000000
Fri Jul 11 09:42:04 2025,11-Jul-2025,124203,48 2.012500 N,061 1.228600 W,4.6,87.1,A,DoorSpread,DoorMaster,6.845000,D,S,14619.000000
Fri Jul 11 09:42:06 2025,11-Jul-2025,124204,48 2.012700 N,061 1.226700 W,4.5,87.0,A,Primary,Headline,2.285714,D,P,50259.000000
Fri Jul 11 09:42:06 2025,11-Jul-2025,124205,48 2.012800 N,061 1.224800 W,4.5,86.7,A,Primary,Headline,2.285714,D,P,50259.000000
Fri Jul 11 09:42:08 2025,11-Jul-2025,124206,48 2.012900 N,061 1.222900 W,4.6,86.5,A,Depth,Depth,254.444444,D,S,20080.000000
Fri Jul 11 09:42:08 2025,11-Jul-2025,124207,48 2.013000 N,061 1.220900 W,4.5,86.5,A,Depth,Depth,254.444444,D,S,20080.000000
Fri Jul 11 09:42:09 2025,11-Jul-2025,124208,48 2.013000 N,061 1.219000 W,4.5,86.6,A,Depth,Depth,233.611111,D,P,39081.000000
Fri Jul 11 09:42:11 2025,11-Jul-2025,124209,48 2.013100 N,061 1.217100 W,4.5,86.6,A,Primary,Headline,2.612245,D,S,48772.000000
Fri Jul 11 09:42:11 2025,11-Jul-2025,124210,48 2.013100 N,061 1.215200 W,4.6,86.6,A,Primary,Headline,2.612245,D,S,48772.000000
Fri Jul 11 09:42:11 2025,11-Jul-2025,124211,48 2.013200 N,061 1.213200 W,4.6,86.7,A,Primary,Headline,2.612245,D,S,48772.000000
Fri Jul 11 09:42:11 2025,11-Jul-2025,124212,48 2.013200 N,061 1.211300 W,4.6,86.7,A,Primary,Headline,2.612245,D,S,48772.000000
Fri Jul 11 09:42:11 2025,11-Jul-2025,124213,48 2.013100 N,061 1.209400 W,4.6,86.9,A,Primary,Headline,2.612245,D,S,48772.000000
Fri Jul 11 09:42:16 2025,11-Jul-2025,124214,48 2.013000 N,061 1.207600 W,4.6,86.9,A,Depth,Depth,255.740741,D,S,24108.000000
Fri Jul 11 09:42:17 2025,11-Jul-2025,124215,48 2.013000 N,061 1.205800 W,4.6,86.9,A,Depth,Depth,229.629630,D,P,40900.000000
Fri Jul 11 09:42:17 2025,11-Jul-2025,124216,48 2.013000 N,061 1.204000 W,4.6,87.0,A,Depth,Depth,229.629630,D,P,40900.000000
Fri Jul 11 09:42:17 2025,11-Jul-2025,124217,48 2.012900 N,061 1.202200 W,4.6,87.3,A,Depth,Depth,229.629630,D,P,40900.000000
Fri Jul 11 09:42:17 2025,11-Jul-2025,124218,48 2.012800 N,061 1.200500 W,4.5,87.7,A,Depth,Depth,229.629630,D,P,40900.000000
Fri Jul 11 09:42:17 2025,11-Jul-2025,124219,48 2.012700 N,061 1.198700 W,4.5,87.9,A,Depth,Depth,229.629630,D,P,40900.000000
Fri Jul 11 09:42:21 2025,11-Jul-2025,124220,48 2.012600 N,061 1.196900 W,4.5,88.0,A,DoorSpread,DoorMaster,9.735000,D,S,52064.000000
Fri Jul 11 09:42:21 2025,11-Jul-2025,124221,48 2.012600 N,061 1.195000 W,4.5,87.9,A,DoorSpread,DoorMaster,9.735000,D,S,52064.000000
Fri Jul 11 09:42:24 2025,11-Jul-2025,124222,48 2.012600 N,061 1.193100 W,4.5,88.0,A,Depth,Depth,263.425926,D,S,16957.000000
Fri Jul 11 09:42:25 2025,11-Jul-2025,124223,48 2.012500 N,061 1.191300 W,4.5,88.3,A,Depth,Depth,233.703704,D,P,23501.000000
Fri Jul 11 09:42:25 2025,11-Jul-2025,124224,48 2.012500 N,061 1.189500 W,4.5,88.7,A,Depth,Depth,233.703704,D,P,23501.000000
Fri Jul 11 09:42:27 2025,11-Jul-2025,124225,48 2.012500 N,061 1.187700 W,4.5,89.0,A,DoorSpread,DoorMaster,6.925000,D,P,37465.000000
Fri Jul 11 09:42:27 2025,11-Jul-2025,124226,48 2.012500 N,061 1.186000 W,4.5,89.1,A,DoorSpread,DoorMaster,6.925000,D,P,37465.000000
Fri Jul 11 09:42:27 2025,11-Jul-2025,124227,48 2.012600 N,061 1.184200 W,4.5,89.1,A,DoorSpread,DoorMaster,6.925000,D,P,37465.000000
Fri Jul 11 09:42:27 2025,11-Jul-2025,124228,48 2.012600 N,061 1.182400 W,4.5,89.2,A,DoorSpread,DoorMaster,6.925000,D,P,37465.000000
Fri Jul 11 09:42:27 2025,11-Jul-2025,124229,48 2.012600 N,061 1.180600 W,4.5,89.4,A,DoorSpread,DoorMaster,6.925000,D,P,37465.000000
Fri Jul 11 09:42:32 2025,11-Jul-2025,124230,48 2.012700 N,061 1.178900 W,4.5,89.4,A,Depth,Depth,257.037037,D,S,21417.000000
Fri Jul 11 09:42:33 2025,11-Jul-2025,124231,48 2.012800 N,061 1.177100 W,4.5,89.1,A,DoorSpread,DoorMaster,7.730000,D,P,32653.000000
Fri Jul 11 09:42:33 2025,11-Jul-2025,124232,48 2.012900 N,061 1.175200 W,4.5,88.8,A,DoorSpread,DoorMaster,7.730000,D,P,32653.000000
Fri Jul 11 09:42:33 2025,11-Jul-2025,124233,48 2.013000 N,061 1.173400 W,4.5,88.6,A,DoorSpread,DoorMaster,7.730000,D,P,32653.000000
Fri Jul 11 09:42:33 2025,11-Jul-2025,124234,48 2.013100 N,061 1.171600 W,4.5,88.5,A,DoorSpread,DoorMaster,7.730000,D,P,32653.000000
Fri Jul 11 09:42:36 2025,11-Jul-2025,124235,48 2.013200 N,061 1.169900 W,4.5,88.1,A,Primary,Headline,2.653061,D,S,27012.000000
Fri Jul 11 09:42:36 2025,11-Jul-2025,124236,48 2.013300 N,061 1.168000 W,4.5,87.5,A,Primary,Headline,2.653061,D,S,27012.000000
Fri Jul 11 09:42:38 2025,11-Jul-2025,124237,48 2.013500 N,061 1.166000 W,4.6,87.2,A,DoorSpread,DoorMaster,7.555000,D,S,27622.000000
Fri Jul 11 09:42:40 2025,11-Jul-2025,124238,48 2.013500 N,061 1.164100 W,4.6,87.3,A,Depth,Depth,257.685185,D,S,33768.000000
Fri Jul 11 09:42:40 2025,11-Jul-2025,124239,48 2.013600 N,061 1.162200 W,4.5,87.4,A,Depth,Depth,257.685185,D,S,33768.000000
Fri Jul 11 09:42:41 2025,11-Jul-2025,124240,48 2.013700 N,061 1.160200 W,4.6,87.5,A,Primary,Headline,4.040816,D,S,15331.000000
Fri Jul 11 09:42:41 2025,11-Jul-2025,124241,48 2.013800 N,061 1.158300 W,4.5,87.5,A,Primary,Headline,4.040816,D,S,15331.000000
Fri Jul 11 09:42:44 2025,11-Jul-2025,124242,48 2.013900 N,061 1.156500 W,4.5,87.4,A,DoorSpread,DoorMaster,8.260000,D,P,30625.000000
Fri Jul 11 09:42:44 2025,11-Jul-2025,124243,48 2.013900 N,061 1.154600 W,4.5,87.4,A,DoorSpread,DoorMaster,8.260000,D,P,30625.000000
Fri Jul 11 09:42:44 2025,11-Jul-2025,124244,48 2.013900 N,061 1.152600 W,4.6,87.6,A,DoorSpread,DoorMaster,8.260000,D,P,30625.000000
Fri Jul 11 09:42:46 2025,11-Jul-2025,124245,48 2.013900 N,061 1.150700 W,4.5,87.7,A,Primary,Headline,1.755102,D,P,33825.000000
Fri Jul 11 09:42:48 2025,11-Jul-2025,124246,48 2.014000 N,061 1.148900 W,4.5,87.7,A,Depth,Depth,263.148148,D,S,22473.000000
Fri Jul 11 09:42:48 2025,11-Jul-2025,124247,48 2.014100 N,061 1.147100 W,4.5,87.6,A,Depth,Depth,263.148148,D,S,22473.000000
Fri Jul 11 09:42:50 2025,11-Jul-2025,124248,48 2.014200 N,061 1.145200 W,4.5,87.5,A,DoorSpread,DoorMaster,8.125000,D,P,50112.000000
Fri Jul 11 09:42:50 2025,11-Jul-2025,124249,48 2.014200 N,061 1.143300 W,4.5,87.6,A,DoorSpread,DoorMaster,8.125000,D,P,50112.000000
Fri Jul 11 09:42:51 2025,11-Jul-2025,124250,48 2.014300 N,061 1.141400 W,4.5,87.8,A,Primary,Headline,2.204082,D,P,47453.000000
Fri Jul 11 09:42:51 2025,11-Jul-2025,124251,48 2.014300 N,061 1.139400 W,4.5,88.0,A,Primary,Headline,2.204082,D,P,47453.000000
Fri Jul 11 09:42:51 2025,11-Jul-2025,124252,48 2.014300 N,061 1.137400 W,4.5,88.1,A,Primary,Headline,2.204082,D,P,47453.000000
Fri Jul 11 09:42:51 2025,11-Jul-2025,124253,48 2.014300 N,061 1.135500 W,4.5,88.1,A,Primary,Headline,2.204082,D,P,47453.000000
Fri Jul 11 09:42:56 2025,11-Jul-2025,124254,48 2.014300 N,061 1.133600 W,4.5,88.3,A,Depth,Depth,277.407407,D,S,22376.000000
Fri Jul 11 09:42:56 2025,11-Jul-2025,124255,48 2.014300 N,061 1.131800 W,4.5,88.5,A,Primary,Headline,2.918367,D,S,18877.000000
Fri Jul 11 09:42:56 2025,11-Jul-2025,124256,48 2.014300 N,061 1.130000 W,4.5,88.6,A,Primary,Headline,2.918367,D,S,18877.000000
Fri Jul 11 09:42:56 2025,11-Jul-2025,124257,48 2.014300 N,061 1.128200 W,4.5,88.6,A,Primary,Headline,2.918367,D,S,18877.000000
Fri Jul 11 09:42:56 2025,11-Jul-2025,124258,48 2.014300 N,061 1.126400 W,4.5,88.7,A,Primary,Headline,2.918367,D,S,18877.000000
Fri Jul 11 09:42:56 2025,11-Jul-2025,124259,48 2.014300 N,061 1.124600 W,4.5,88.7,A,Primary,Headline,2.918367,D,S,18877.000000
Fri Jul 11 09:43:01 2025,11-Jul-2025,124300,48 2.014400 N,061 1.122700 W,4.5,88.7,A,Primary,Headline,1.775510,D,S,24836.000000
Fri Jul 11 09:43:01 2025,11-Jul-2025,124301,48 2.014500 N,061 1.120700 W,4.5,88.6,A,Primary,Headline,1.775510,D,S,24836.000000
Fri Jul 11 09:43:03 2025,11-Jul-2025,124302,48 2.014600 N,061 1.118800 W,4.5,88.6,A,Depth,Depth,94.722222,D,P,29510.000000
Fri Jul 11 09:43:03 2025,11-Jul-2025,124303,48 2.014700 N,061 1.116900 W,4.5,88.6,A,Depth,Depth,94.722222,D,P,29510.000000
Fri Jul 11 09:43:03 2025,11-Jul-2025,124304,48 2.014800 N,061 1.115000 W,4.5,88.4,A,Depth,Depth,94.722222,D,P,29510.000000
Fri Jul 11 09:43:06 2025,11-Jul-2025,124305,48 2.014800 N,061 1.113000 W,4.5,88.3,A,Primary,Headline,1.959184,D,P,72447.000000
Fri Jul 11 09:43:07 2025,11-Jul-2025,124306,48 2.014900 N,061 1.111100 W,4.5,88.3,A,DoorSpread,DoorMaster,9.305000,D,S,32833.000000
Fri Jul 11 09:43:07 2025,11-Jul-2025,124307,48 2.014900 N,061 1.109100 W,4.5,88.4,A,DoorSpread,DoorMaster,9.305000,D,S,32833.000000
Fri Jul 11 09:43:07 2025,11-Jul-2025,124308,48 2.015000 N,061 1.107100 W,4.5,88.4,A,DoorSpread,DoorMaster,9.305000,D,S,32833.000000
Fri Jul 11 09:43:07 2025,11-Jul-2025,124309,48 2.015100 N,061 1.105100 W,4.5,88.2,A,DoorSpread,DoorMaster,9.305000,D,S,32833.000000
Fri Jul 11 09:43:12 2025,11-Jul-2025,124310,48 2.015100 N,061 1.103200 W,4.5,88.0,A,Depth,Depth,383.425926,D,S,11292.000000
Fri Jul 11 09:43:13 2025,11-Jul-2025,124311,48 2.015200 N,061 1.101200 W,4.5,87.8,A,DoorSpread,DoorMaster,9.610000,D,P,47203.000000
Fri Jul 11 09:43:13 2025,11-Jul-2025,124312,48 2.015200 N,061 1.099300 W,4.5,87.8,A,DoorSpread,DoorMaster,9.610000,D,P,47203.000000
Fri Jul 11 09:43:13 2025,11-Jul-2025,124313,48 2.015200 N,061 1.097300 W,4.5,87.7,A,DoorSpread,DoorMaster,9.610000,D,P,47203.000000
Fri Jul 11 09:43:13 2025,11-Jul-2025,124314,48 2.015300 N,061 1.095500 W,4.5,87.6,A,DoorSpread,DoorMaster,9.610000,D,P,47203.000000
Fri Jul 11 09:43:16 2025,11-Jul-2025,124315,48 2.015400 N,061 1.093600 W,4.6,87.4,A,Primary,Headline,1.979592,D,P,36532.000000
Fri Jul 11 09:43:18 2025,11-Jul-2025,124316,48 2.015500 N,061 1.091700 W,4.6,87.1,A,DoorSpread,DoorMaster,0.000000,E,S,33275.000000
Fri Jul 11 09:43:18 2025,11-Jul-2025,124317,48 2.015500 N,061 1.089700 W,4.6,87.0,A,DoorSpread,DoorMaster,0.000000,E,S,33275.000000
Fri Jul 11 09:43:19 2025,11-Jul-2025,124318,48 2.015600 N,061 1.087800 W,4.5,86.8,A,Depth,Depth,152.500000,D,P,45304.000000
Fri Jul 11 09:43:19 2025,11-Jul-2025,124319,48 2.015600 N,061 1.086000 W,4.5,86.8,A,Depth,Depth,152.500000,D,P,45304.000000
Fri Jul 11 09:43:21 2025,11-Jul-2025,124320,48 2.015700 N,061 1.084100 W,4.5,86.8,A,Primary,Headline,2.163265,D,S,21733.000000
Fri Jul 11 09:43:21 2025,11-Jul-2025,124321,48 2.015700 N,061 1.082200 W,4.6,86.9,A,Primary,Headline,2.163265,D,S,21733.000000
Fri Jul 11 09:43:24 2025,11-Jul-2025,124322,48 2.015700 N,061 1.080200 W,4.6,87.1,A,DoorSpread,DoorMaster,9.410000,D,P,33237.000000
Fri Jul 11 09:43:24 2025,11-Jul-2025,124323,48 2.015700 N,061 1.078300 W,4.6,87.3,A,DoorSpread,DoorMaster,9.410000,D,P,33237.000000
Fri Jul 11 09:43:24 2025,11-Jul-2025,124324,48 2.015800 N,061 1.076300 W,4.5,87.3,A,DoorSpread,DoorMaster,9.410000,D,P,33237.000000
Fri Jul 11 09:43:26 2025,11-Jul-2025,124325,48 2.015800 N,061 1.074400 W,4.5,87.3,A,Primary,Headline,2.489796,D,S,14439.000000
Fri Jul 11 09:43:27 2025,11-Jul-2025,124326,48 2.015900 N,061 1.072500 W,4.6,87.4,A,Depth,Depth,265.370370,D,S,21359.000000
Fri Jul 11 09:43:27 2025,11-Jul-2025,124327,48 2.015900 N,061 1.070600 W,4.6,87.6,A,Depth,Depth,265.370370,D,S,21359.000000
Fri Jul 11 09:43:29 2025,11-Jul-2025,124328,48 2.016000 N,061 1.068600 W,4.6,87.5,A,DoorSpread,DoorMaster,9.060000,D,S,28154.000000
Fri Jul 11 09:43:29 2025,11-Jul-2025,124329,48 2.016100 N,061 1.066700 W,4.6,87.6,A,DoorSpread,DoorMaster,9.060000,D,S,28154.000000
Fri Jul 11 09:43:32 2025,11-Jul-2025,124330,48 2.016100 N,061 1.064700 W,4.6,87.8,A,Primary,Headline,1.959184,D,S,17572.000000
Fri Jul 11 09:43:32 2025,11-Jul-2025,124331,48 2.016200 N,061 1.062700 W,4.6,88.0,A,Primary,Headline,1.959184,D,S,17572.000000
Fri Jul 11 09:43:32 2025,11-Jul-2025,124332,48 2.016300 N,061 1.060700 W,4.6,88.0,A,Primary,Headline,1.959184,D,S,17572.000000
Fri Jul 11 09:43:32 2025,11-Jul-2025,124333,48 2.016300 N,061 1.058800 W,4.6,87.9,A,Primary,Headline,1.959184,D,S,17572.000000
Fri Jul 11 09:43:35 2025,11-Jul-2025,124334,48 2.016400 N,061 1.057100 W,4.6,88.0,A,Depth,Depth,273.148148,D,S,30084.000000
Fri Jul 11 09:43:37 2025,11-Jul-2025,124335,48 2.016400 N,061 1.055300 W,4.5,88.1,A,Primary,Headline,1.612245,D,P,43602.000000
Fri Jul 11 09:43:37 2025,11-Jul-2025,124336,48 2.016500 N,061 1.053500 W,4.5,88.1,A,Primary,Headline,1.612245,D,P,43602.000000
Fri Jul 11 09:43:37 2025,11-Jul-2025,124337,48 2.016600 N,061 1.051500 W,4.6,88.2,A,Primary,Headline,1.612245,D,P,43602.000000
Fri Jul 11 09:43:37 2025,11-Jul-2025,124338,48 2.016700 N,061 1.049500 W,4.6,88.2,A,Primary,Headline,1.612245,D,P,43602.000000
Fri Jul 11 09:43:41 2025,11-Jul-2025,124339,48 2.016800 N,061 1.047400 W,4.6,88.1,A,DoorSpread,DoorMaster,9.125000,D,S,18603.000000
Fri Jul 11 09:43:42 2025,11-Jul-2025,124340,48 2.016800 N,061 1.045300 W,4.6,88.0,A,Primary,Headline,3.530612,D,P,31645.000000
Fri Jul 11 09:43:42 2025,11-Jul-2025,124341,48 2.016800 N,061 1.043300 W,4.6,88.0,A,Primary,Headline,3.530612,D,P,31645.000000
Fri Jul 11 09:43:43 2025,11-Jul-2025,124342,48 2.016900 N,061 1.041200 W,4.6,88.0,A,Depth,Depth,275.462963,D,S,20339.000000
Fri Jul 11 09:43:43 2025,11-Jul-2025,124343,48 2.017000 N,061 1.039200 W,4.6,88.0,A,Depth,Depth,275.462963,D,S,20339.000000
Fri Jul 11 09:43:43 2025,11-Jul-2025,124344,48 2.017100 N,061 1.037200 W,4.6,88.0,A,Depth,Depth,275.462963,D,S,20339.000000
Fri Jul 11 09:43:47 2025,11-Jul-2025,124345,48 2.017200 N,061 1.035300 W,4.6,88.0,A,DoorSpread,DoorMaster,9.410000,D,S,11914.000000
Fri Jul 11 09:43:47 2025,11-Jul-2025,124346,48 2.017300 N,061 1.033200 W,4.6,87.8,A,DoorSpread,DoorMaster,9.410000,D,S,11914.000000
Fri Jul 11 09:43:47 2025,11-Jul-2025,124347,48 2.017300 N,061 1.031200 W,4.6,87.7,A,DoorSpread,DoorMaster,9.410000,D,S,11914.000000
Fri Jul 11 09:43:47 2025,11-Jul-2025,124348,48 2.017300 N,061 1.029300 W,4.6,87.9,A,DoorSpread,DoorMaster,9.410000,D,S,11914.000000
Fri Jul 11 09:43:47 2025,11-Jul-2025,124349,48 2.017200 N,061 1.027400 W,4.6,88.0,A,DoorSpread,DoorMaster,9.410000,D,S,11914.000000
Fri Jul 11 09:43:52 2025,11-Jul-2025,124350,48 2.017300 N,061 1.025500 W,4.6,87.8,A,Primary,Headline,1.081633,D,P,36856.000000
Fri Jul 11 09:43:53 2025,11-Jul-2025,124351,48 2.017400 N,061 1.023800 W,4.6,87.6,A,DoorSpread,DoorMaster,9.090000,D,S,28578.000000
Fri Jul 11 09:43:53 2025,11-Jul-2025,124352,48 2.017500 N,061 1.022000 W,4.6,87.5,A,DoorSpread,DoorMaster,9.090000,D,S,28578.000000
Fri Jul 11 09:43:53 2025,11-Jul-2025,124353,48 2.017500 N,061 1.020200 W,4.6,87.6,A,DoorSpread,DoorMaster,9.090000,D,S,28578.000000
Fri Jul 11 09:43:53 2025,11-Jul-2025,124354,48 2.017600 N,061 1.018200 W,4.6,87.8,A,DoorSpread,DoorMaster,9.090000,D,S,28578.000000
Fri Jul 11 09:43:57 2025,11-Jul-2025,124355,48 2.017700 N,061 1.016300 W,4.6,87.8,A,Primary,Headline,2.142857,D,P,36909.000000
Fri Jul 11 09:43:57 2025,11-Jul-2025,124356,48 2.017700 N,061 1.014500 W,4.6,87.6,A,Primary,Headline,2.142857,D,P,36909.000000
Fri Jul 11 09:43:59 2025,11-Jul-2025,124357,48 2.017900 N,061 1.012600 W,4.6,87.6,A,DoorSpread,DoorMaster,11.525000,D,S,21380.000000
Fri Jul 11 09:43:59 2025,11-Jul-2025,124358,48 2.018000 N,061 1.010800 W,4.5,87.6,A,Depth,Depth,252.592593,D,P,39417.000000
Fri Jul 11 09:43:59 2025,11-Jul-2025,124359,48 2.018000 N,061 1.009000 W,4.5,87.5,A,Depth,Depth,252.592593,D,P,39417.000000
Fri Jul 11 09:44:02 2025,11-Jul-2025,124400,48 2.018100 N,061 1.007100 W,4.6,87.4,A,Primary,Headline,1.714286,D,P,38093.000000
Fri Jul 11 09:44:02 2025,11-Jul-2025,124401,48 2.018200 N,061 1.005200 W,4.6,87.4,A,Primary,Headline,1.714286,D,P,38093.000000
Fri Jul 11 09:44:02 2025,11-Jul-2025,124402,48 2.018200 N,061 1.003300 W,4.6,87.5,A,Primary,Headline,1.714286,D,P,38093.000000
Fri Jul 11 09:44:04 2025,11-Jul-2025,124403,48 2.018300 N,061 1.001300 W,4.6,87.5,A,DoorSpread,DoorMaster,10.230000,D,S,20778.000000
Fri Jul 11 09:44:04 2025,11-Jul-2025,124404,48 2.018400 N,061 0.999300 W,4.6,87.6,A,DoorSpread,DoorMaster,10.230000,D,S,20778.000000
Fri Jul 11 09:44:07 2025,11-Jul-2025,124405,48 2.018600 N,061 0.997500 W,4.6,87.6,A,Primary,Headline,1.959184,D,P,26088.000000
Fri Jul 11 09:44:07 2025,11-Jul-2025,124406,48 2.018600 N,061 0.995700 W,4.6,87.6,A,Depth,Depth,249.259259,D,P,29570.000000
Fri Jul 11 09:44:07 2025,11-Jul-2025,124407,48 2.018800 N,061 0.993900 W,4.6,87.5,A,Depth,Depth,249.259259,D,P,29570.000000
Fri Jul 11 09:44:09 2025,11-Jul-2025,124408,48 2.018900 N,061 0.992100 W,4.6,87.3,A,DoorSpread,DoorMaster,0.000000,E,S,27380.000000
Fri Jul 11 09:44:09 2025,11-Jul-2025,124409,48 2.019000 N,061 0.990300 W,4.6,87.3,A,DoorSpread,DoorMaster,0.000000,E,S,27380.000000
Fri Jul 11 09:44:12 2025,11-Jul-2025,124410,48 2.019100 N,061 0.988500 W,4.6,87.4,A,Primary,Headline,3.224490,D,P,39354.000000
Fri Jul 11 09:44:12 2025,11-Jul-2025,124411,48 2.019100 N,061 0.986800 W,4.5,87.6,A,Primary,Headline,3.224490,D,P,39354.000000
Fri Jul 11 09:44:12 2025,11-Jul-2025,124412,48 2.019200 N,061 0.985200 W,4.5,87.7,A,Primary,Headline,3.224490,D,P,39354.000000
Fri Jul 11 09:44:12 2025,11-Jul-2025,124413,48 2.019200 N,061 0.983500 W,4.6,87.7,A,Primary,Headline,3.224490,D,P,39354.000000
Fri Jul 11 09:44:15 2025,11-Jul-2025,124414,48 2.019200 N,061 0.981900 W,4.6,87.6,A,Depth,Depth,363.796296,D,P,37869.000000
Fri Jul 11 09:44:17 2025,11-Jul-2025,124415,48 2.019200 N,061 0.980300 W,4.5,87.8,A,Primary,Headline,2.102041,D,P,29787.000000
Fri Jul 11 09:44:17 2025,11-Jul-2025,124416,48 2.019200 N,061 0.978600 W,4.5,87.7,A,Primary,Headline,2.102041,D,P,29787.000000
Fri Jul 11 09:44:17 2025,11-Jul-2025,124417,48 2.019200 N,061 0.976900 W,4.5,87.7,A,Primary,Headline,2.102041,D,P,29787.000000
Fri Jul 11 09:44:17 2025,11-Jul-2025,124418,48 2.019300 N,061 0.975100 W,4.5,87.7,A,Primary,Headline,2.102041,D,P,29787.000000
Fri Jul 11 09:44:20 2025,11-Jul-2025,124419,48 2.019300 N,061 0.973300 W,4.5,87.7,A,DoorSpread,DoorMaster,0.000000,E,P,26139.000000
Fri Jul 11 09:44:22 2025,11-Jul-2025,124420,48 2.019400 N,061 0.971500 W,4.5,87.7,A,Primary,Headline,1.448980,D,P,41725.000000
Fri Jul 11 09:44:23 2025,11-Jul-2025,124421,48 2.019500 N,061 0.969700 W,4.4,87.6,A,Depth,Depth,254.259259,D,S,26293.000000
Fri Jul 11 09:44:23 2025,11-Jul-2025,124422,48 2.019600 N,061 0.967900 W,4.5,87.6,A,Depth,Depth,254.259259,D,S,26293.000000
Fri Jul 11 09:44:23 2025,11-Jul-2025,124423,48 2.019600 N,061 0.966100 W,4.5,87.6,A,Depth,Depth,254.259259,D,S,26293.000000
Fri Jul 11 09:44:26 2025,11-Jul-2025,124424,48 2.019600 N,061 0.964200 W,4.5,87.7,A,DoorSpread,DoorMaster,9.490000,D,P,43225.000000
Fri Jul 11 09:44:27 2025,11-Jul-2025,124425,48 2.019500 N,061 0.962400 W,4.5,87.7,A,Primary,Headline,2.244898,D,S,16365.000000
Fri Jul 11 09:44:27 2025,11-Jul-2025,124426,48 2.019500 N,061 0.960500 W,4.5,87.8,A,Primary,Headline,2.244898,D,S,16365.000000
Fri Jul 11 09:44:27 2025,11-Jul-2025,124427,48 2.019500 N,061 0.958600 W,4.5,87.8,A,Primary,Headline,2.244898,D,S,16365.000000
Fri Jul 11 09:44:27 2025,11-Jul-2025,124428,48 2.019600 N,061 0.957000 W,4.4,87.8,A,Primary,Headline,2.244898,D,S,16365.000000
Fri Jul 11 09:44:31 2025,11-Jul-2025,124429,48 2.019700 N,061 0.955300 W,4.4,87.8,A,Depth,Depth,255.648148,D,S,28836.000000
Fri Jul 11 09:44:32 2025,11-Jul-2025,124430,48 2.019700 N,061 0.953400 W,4.4,87.8,A,DoorSpread,DoorMaster,9.940000,D,P,35240.000000
Fri Jul 11 09:44:32 2025,11-Jul-2025,124431,48 2.019600 N,061 0.951400 W,4.4,87.9,A,Primary,Headline,1.877551,D,S,17583.000000
Fri Jul 11 09:44:32 2025,11-Jul-2025,124432,48 2.019600 N,061 0.949600 W,4.4,87.8,A,Primary,Headline,1.877551,D,S,17583.000000
Fri Jul 11 09:44:32 2025,11-Jul-2025,124433,48 2.019700 N,061 0.947800 W,4.4,87.6,A,Primary,Headline,1.877551,D,S,17583.000000
Fri Jul 11 09:44:32 2025,11-Jul-2025,124434,48 2.019800 N,061 0.945900 W,4.5,87.4,A,Primary,Headline,1.877551,D,S,17583.000000
Fri Jul 11 09:44:37 2025,11-Jul-2025,124435,48 2.020000 N,061 0.943900 W,4.5,87.4,A,DoorSpread,DoorMaster,0.000000,E,S,15194.000000
Fri Jul 11 09:44:37 2025,11-Jul-2025,124436,48 2.020000 N,061 0.941900 W,4.5,87.4,A,Primary,Headline,23.795918,D,P,37745.000000
Fri Jul 11 09:44:39 2025,11-Jul-2025,124437,48 2.020100 N,061 0.940000 W,4.6,87.4,A,Depth,Depth,256.018519,D,S,20510.000000
Fri Jul 11 09:44:39 2025,11-Jul-2025,124438,48 2.020200 N,061 0.938100 W,4.6,87.3,A,Depth,Depth,283.518519,D,P,34849.000000
Fri Jul 11 09:44:39 2025,11-Jul-2025,124439,48 2.020300 N,061 0.936100 W,4.6,87.2,A,Depth,Depth,283.518519,D,P,34849.000000
Fri Jul 11 09:44:39 2025,11-Jul-2025,124440,48 2.020500 N,061 0.934200 W,4.6,86.9,A,Depth,Depth,283.518519,D,P,34849.000000
Fri Jul 11 09:44:39 2025,11-Jul-2025,124441,48 2.020600 N,061 0.932400 W,4.6,86.7,A,Depth,Depth,283.518519,D,P,34849.000000
Fri Jul 11 09:44:44 2025,11-Jul-2025,124442,48 2.020700 N,061 0.930600 W,4.6,86.8,A,DoorSpread,DoorMaster,22.715000,D,S,26429.000000
Fri Jul 11 09:44:44 2025,11-Jul-2025,124443,48 2.020700 N,061 0.928600 W,4.7,87.1,A,DoorSpread,DoorMaster,22.715000,D,S,26429.000000
Fri Jul 11 09:44:44 2025,11-Jul-2025,124444,48 2.020600 N,061 0.926600 W,4.7,87.2,A,DoorSpread,DoorMaster,22.715000,D,S,26429.000000
Fri Jul 11 09:44:47 2025,11-Jul-2025,124445,48 2.020600 N,061 0.924800 W,4.6,87.2,A,Depth,Depth,65.648148,D,P,31390.000000
Fri Jul 11 09:44:47 2025,11-Jul-2025,124446,48 2.020700 N,061 0.922900 W,4.6,87.1,A,Depth,Depth,65.648148,D,P,31390.000000
Fri Jul 11 09:44:49 2025,11-Jul-2025,124447,48 2.020700 N,061 0.921100 W,4.6,87.1,A,DoorSpread,DoorMaster,0.000000,E,S,16575.000000
Fri Jul 11 09:44:49 2025,11-Jul-2025,124448,48 2.020800 N,061 0.919200 W,4.6,87.2,A,DoorSpread,DoorMaster,0.000000,E,S,16575.000000
Fri Jul 11 09:44:49 2025,11-Jul-2025,124449,48 2.020800 N,061 0.917400 W,4.6,87.4,A,DoorSpread,DoorMaster,0.000000,E,S,16575.000000
Fri Jul 11 09:44:49 2025,11-Jul-2025,124450,48 2.020900 N,061 0.915700 W,4.6,87.5,A,DoorSpread,DoorMaster,0.000000,E,S,16575.000000
Fri Jul 11 09:44:49 2025,11-Jul-2025,124451,48 2.021000 N,061 0.913900 W,4.5,87.3,A,DoorSpread,DoorMaster,0.000000,E,S,16575.000000
Fri Jul 11 09:44:54 2025,11-Jul-2025,124452,48 2.021100 N,061 0.912200 W,4.5,87.2,A,DoorSpread,DoorMaster,0.000000,E,S,14751.000000
Fri Jul 11 09:44:55 2025,11-Jul-2025,124453,48 2.021300 N,061 0.910400 W,4.5,87.3,A,Depth,Depth,259.166667,D,S,16566.000000
Fri Jul 11 09:44:55 2025,11-Jul-2025,124454,48 2.021300 N,061 0.908600 W,4.4,87.5,A,Depth,Depth,259.166667,D,S,16566.000000
Fri Jul 11 09:44:55 2025,11-Jul-2025,124455,48 2.021400 N,061 0.906800 W,4.4,87.8,A,Depth,Depth,259.166667,D,S,16566.000000
Fri Jul 11 09:44:55 2025,11-Jul-2025,124456,48 2.021500 N,061 0.905000 W,4.4,87.9,A,Depth,Depth,259.166667,D,S,16566.000000
Fri Jul 11 09:44:59 2025,11-Jul-2025,124457,48 2.021500 N,061 0.903100 W,4.4,88.0,A,DoorSpread,DoorMaster,0.000000,E,S,26673.000000
Fri Jul 11 09:44:59 2025,11-Jul-2025,124458,48 2.021500 N,061 0.901400 W,4.4,88.1,A,DoorSpread,DoorMaster,0.000000,E,S,26673.000000
Fri Jul 11 09:44:59 2025,11-Jul-2025,124459,48 2.021700 N,061 0.899600 W,4.4,88.0,A,DoorSpread,DoorMaster,0.000000,E,S,26673.000000
Fri Jul 11 09:44:59 2025,11-Jul-2025,124500,48 2.021700 N,061 0.897700 W,4.4,87.9,A,DoorSpread,DoorMaster,0.000000,E,S,26673.000000
Fri Jul 11 09:45:02 2025,11-Jul-2025,124501,48 2.021700 N,061 0.895900 W,4.4,87.8,A,Depth,Depth,259.814815,D,S,19142.000000
Fri Jul 11 09:45:04 2025,11-Jul-2025,124502,48 2.021600 N,061 0.894000 W,4.4,87.8,A,DoorSpread,DoorMaster,0.000000,E,S,19239.000000
Fri Jul 11 09:45:04 2025,11-Jul-2025,124503,48 2.021700 N,061 0.892200 W,4.4,87.8,A,DoorSpread,DoorMaster,0.000000,E,S,19239.000000
Fri Jul 11 09:45:04 2025,11-Jul-2025,124504,48 2.021700 N,061 0.890400 W,4.5,87.8,A,DoorSpread,DoorMaster,0.000000,E,S,19239.000000
Fri Jul 11 09:45:04 2025,11-Jul-2025,124505,48 2.021700 N,061 0.888500 W,4.5,87.9,A,DoorSpread,DoorMaster,0.000000,E,S,19239.000000
Fri Jul 11 09:45:04 2025,11-Jul-2025,124506,48 2.021700 N,061 0.886600 W,4.5,88.0,A,DoorSpread,DoorMaster,0.000000,E,S,19239.000000
Fri Jul 11 09:45:08 2025,11-Jul-2025,124507,48 2.021700 N,061 0.884700 W,4.4,87.9,A,Primary,Headline,2.020408,D,S,22531.000000
Fri Jul 11 09:45:10 2025,11-Jul-2025,124508,48 2.021800 N,061 0.882800 W,4.5,87.7,A,DoorSpread,DoorMaster,10.680000,D,S,19757.000000
Fri Jul 11 09:45:10 2025,11-Jul-2025,124509,48 2.021900 N,061 0.880800 W,4.5,87.6,A,DoorSpread,DoorMaster,10.680000,D,S,19757.000000
Fri Jul 11 09:45:12 2025,11-Jul-2025,124510,48 2.021900 N,061 0.878900 W,4.5,87.6,A,Depth,Depth,293.888889,D,P,25669.000000
Fri Jul 11 09:45:12 2025,11-Jul-2025,124511,48 2.022000 N,061 0.877100 W,4.4,87.6,A,Depth,Depth,293.888889,D,P,25669.000000
Fri Jul 11 09:45:13 2025,11-Jul-2025,124512,48 2.022100 N,061 0.875300 W,4.5,87.7,A,Primary,Headline,3.346939,D,S,15954.000000
Fri Jul 11 09:45:13 2025,11-Jul-2025,124513,48 2.022200 N,061 0.873600 W,4.4,87.7,A,Primary,Headline,3.346939,D,S,15954.000000
Fri Jul 11 09:45:15 2025,11-Jul-2025,124514,48 2.022400 N,061 0.871900 W,4.4,87.7,A,DoorSpread,DoorMaster,9.680000,D,S,27375.000000
Fri Jul 11 09:45:15 2025,11-Jul-2025,124515,48 2.022500 N,061 0.870200 W,4.4,87.7,A,DoorSpread,DoorMaster,9.680000,D,S,27375.000000
Fri Jul 11 09:45:15 2025,11-Jul-2025,124516,48 2.022600 N,061 0.868400 W,4.4,87.7,A,DoorSpread,DoorMaster,9.680000,D,S,27375.000000
Fri Jul 11 09:45:18 2025,11-Jul-2025,124517,48 2.022600 N,061 0.866500 W,4.4,87.6,A,Primary,Headline,3.020408,D,S,11984.000000
Fri Jul 11 09:45:20 2025,11-Jul-2025,124518,48 2.022700 N,061 0.864600 W,4.4,87.4,A,Depth,Depth,295.555556,D,S,12268.000000
Fri Jul 11 09:45:21 2025,11-Jul-2025,124519,48 2.022900 N,061 0.862800 W,4.4,87.1,A,DoorSpread,DoorMaster,0.000000,E,S,23276.000000
Fri Jul 11 09:45:21 2025,11-Jul-2025,124520,48 2.023000 N,061 0.861100 W,4.4,86.9,A,DoorSpread,DoorMaster,0.000000,E,S,23276.000000
Fri Jul 11 09:45:21 2025,11-Jul-2025,124521,48 2.023100 N,061 0.859300 W,4.4,86.9,A,DoorSpread,DoorMaster,0.000000,E,S,23276.000000
Fri Jul 11 09:45:23 2025,11-Jul-2025,124522,48 2.023200 N,061 0.857600 W,4.4,86.9,A,Primary,Headline,0.204082,D,S,21158.000000
Fri Jul 11 09:45:23 2025,11-Jul-2025,124523,48 2.023200 N,061 0.855800 W,4.4,87.0,A,Primary,Headline,0.204082,D,S,21158.000000
Fri Jul 11 09:45:25 2025,11-Jul-2025,124524,48 2.023200 N,061 0.854000 W,4.4,87.1,A,DoorSpread,DoorMaster,0.000000,E,S,15456.000000
Fri Jul 11 09:45:25 2025,11-Jul-2025,124525,48 2.023300 N,061 0.852100 W,4.4,87.2,A,DoorSpread,DoorMaster,0.000000,E,S,15456.000000
Fri Jul 11 09:45:25 2025,11-Jul-2025,124526,48 2.023400 N,061 0.850100 W,4.4,87.2,A,DoorSpread,DoorMaster,0.000000,E,S,15456.000000
Fri Jul 11 09:45:28 2025,11-Jul-2025,124527,48 2.023500 N,061 0.848200 W,4.4,87.4,A,Primary,Headline,1.632653,D,P,44331.000000
Fri Jul 11 09:45:28 2025,11-Jul-2025,124528,48 2.023500 N,061 0.846400 W,4.4,87.7,A,Primary,Headline,1.632653,D,P,44331.000000
Fri Jul 11 09:45:30 2025,11-Jul-2025,124529,48 2.023700 N,061 0.844600 W,4.4,87.9,A,DoorSpread,DoorMaster,0.000000,E,S,20372.000000
Fri Jul 11 09:45:30 2025,11-Jul-2025,124530,48 2.023700 N,061 0.842800 W,4.4,88.0,A,DoorSpread,DoorMaster,0.000000,E,S,20372.000000
Fri Jul 11 09:45:30 2025,11-Jul-2025,124531,48 2.023800 N,061 0.840900 W,4.4,88.3,A,DoorSpread,DoorMaster,0.000000,E,S,20372.000000
Fri Jul 11 09:45:33 2025,11-Jul-2025,124532,48 2.023800 N,061 0.839100 W,4.4,88.6,A,Primary,Headline,2.816327,D,S,15384.000000
Fri Jul 11 09:45:33 2025,11-Jul-2025,124533,48 2.023900 N,061 0.837400 W,4.4,88.8,A,Primary,Headline,2.816327,D,S,15384.000000
Fri Jul 11 09:45:36 2025,11-Jul-2025,124534,48 2.023900 N,061 0.835600 W,4.4,88.8,A,DoorSpread,DoorMaster,0.000000,E,S,27747.000000
Fri Jul 11 09:45:36 2025,11-Jul-2025,124535,48 2.023900 N,061 0.833800 W,4.4,88.6,A,DoorSpread,DoorMaster,0.000000,E,S,27747.000000
Fri Jul 11 09:45:36 2025,11-Jul-2025,124536,48 2.023900 N,061 0.831900 W,4.4,88.4,A,DoorSpread,DoorMaster,0.000000,E,S,27747.000000
Fri Jul 11 09:45:36 2025,11-Jul-2025,124537,48 2.024000 N,061 0.830000 W,4.4,88.2,A,DoorSpread,DoorMaster,0.000000,E,S,27747.000000
Fri Jul 11 09:45:36 2025,11-Jul-2025,124538,48 2.024000 N,061 0.828100 W,4.4,87.9,A,DoorSpread,DoorMaster,0.000000,E,S,27747.000000
Fri Jul 11 09:45:41 2025,11-Jul-2025,124539,48 2.024000 N,061 0.826100 W,4.4,87.9,A,DoorSpread,DoorMaster,0.000000,E,S,25220.000000
Fri Jul 11 09:45:41 2025,11-Jul-2025,124540,48 2.023900 N,061 0.824100 W,4.4,87.8,A,DoorSpread,DoorMaster,0.000000,E,S,25220.000000
Fri Jul 11 09:45:42 2025,11-Jul-2025,124541,48 2.023900 N,061 0.822300 W,4.4,87.8,A,Depth,Depth,271.759259,D,S,12808.000000
Fri Jul 11 09:45:44 2025,11-Jul-2025,124542,48 2.023900 N,061 0.820400 W,4.4,87.8,A,Depth,Depth,296.666667,D,P,29511.000000
Fri Jul 11 09:45:44 2025,11-Jul-2025,124543,48 2.023900 N,061 0.818600 W,4.4,87.7,A,Depth,Depth,296.666667,D,P,29511.000000
Fri Jul 11 09:45:44 2025,11-Jul-2025,124544,48 2.023900 N,061 0.816800 W,4.4,87.7,A,Depth,Depth,296.666667,D,P,29511.000000
Fri Jul 11 09:45:44 2025,11-Jul-2025,124545,48 2.023900 N,061 0.815000 W,4.4,87.6,A,Depth,Depth,296.666667,D,P,29511.000000
Fri Jul 11 09:45:44 2025,11-Jul-2025,124546,48 2.023900 N,061 0.813200 W,4.4,87.7,A,Depth,Depth,296.666667,D,P,29511.000000
Fri Jul 11 09:45:49 2025,11-Jul-2025,124547,48 2.023900 N,061 0.811500 W,4.4,87.8,A,Primary,Headline,1.755102,D,S,20062.000000
Fri Jul 11 09:45:49 2025,11-Jul-2025,124548,48 2.024000 N,061 0.809700 W,4.4,87.9,A,Primary,Headline,1.755102,D,S,20062.000000
Fri Jul 11 09:45:51 2025,11-Jul-2025,124549,48 2.024000 N,061 0.807800 W,4.4,87.8,A,DoorSpread,DoorMaster,0.000000,E,P,39538.000000
Fri Jul 11 09:45:52 2025,11-Jul-2025,124550,48 2.024100 N,061 0.806000 W,4.4,87.6,A,Depth,Depth,302.500000,D,P,30452.000000
Fri Jul 11 09:45:52 2025,11-Jul-2025,124551,48 2.024300 N,061 0.804200 W,4.4,87.6,A,Depth,Depth,302.500000,D,P,30452.000000
Fri Jul 11 09:45:54 2025,11-Jul-2025,124552,48 2.024300 N,061 0.802400 W,4.4,87.7,A,Primary,Headline,1.551020,D,P,29158.000000
Fri Jul 11 09:45:54 2025,11-Jul-2025,124553,48 2.024400 N,061 0.800500 W,4.4,87.9,A,Primary,Headline,1.551020,D,P,29158.000000
Fri Jul 11 09:45:56 2025,11-Jul-2025,124554,48 2.024400 N,061 0.798600 W,4.4,88.0,A,DoorSpread,DoorMaster,0.000000,E,S,26786.000000
Fri Jul 11 09:45:56 2025,11-Jul-2025,124555,48 2.024500 N,061 0.796800 W,4.4,88.1,A,DoorSpread,DoorMaster,0.000000,E,S,26786.000000
Fri Jul 11 09:45:56 2025,11-Jul-2025,124556,48 2.024600 N,061 0.795100 W,4.3,87.9,A,DoorSpread,DoorMaster,0.000000,E,S,26786.000000
Fri Jul 11 09:45:59 2025,11-Jul-2025,124557,48 2.024700 N,061 0.793300 W,4.3,87.7,A,Primary,Headline,3.367347,D,S,12377.000000
Fri Jul 11 09:45:59 2025,11-Jul-2025,124558,48 2.024700 N,061 0.791600 W,4.3,87.6,A,Primary,Headline,3.367347,D,S,12377.000000
Fri Jul 11 09:46:00 2025,11-Jul-2025,124559,48 2.024800 N,061 0.789800 W,4.2,87.6,A,Depth,Depth,311.666667,D,P,23203.000000
Fri Jul 11 09:46:00 2025,11-Jul-2025,124600,48 2.024900 N,061 0.788000 W,4.3,87.5,A,Depth,Depth,311.666667,D,P,23203.000000
Fri Jul 11 09:46:00 2025,11-Jul-2025,124601,48 2.025000 N,061 0.786200 W,4.3,87.3,A,Depth,Depth,311.666667,D,P,23203.000000
Fri Jul 11 09:46:00 2025,11-Jul-2025,124602,48 2.025100 N,061 0.784400 W,4.3,87.3,A,Depth,Depth,311.666667,D,P,23203.000000
Fri Jul 11 09:46:04 2025,11-Jul-2025,124603,48 2.025300 N,061 0.782600 W,4.3,87.3,A,Primary,Headline,34.877551,D,P,33092.000000
Fri Jul 11 09:46:04 2025,11-Jul-2025,124604,48 2.025500 N,061 0.780900 W,4.3,87.1,A,Primary,Headline,34.877551,D,P,33092.000000
Fri Jul 11 09:46:04 2025,11-Jul-2025,124605,48 2.025700 N,061 0.779100 W,4.3,86.8,A,Primary,Headline,34.877551,D,P,33092.000000
Fri Jul 11 09:46:04 2025,11-Jul-2025,124606,48 2.025900 N,061 0.777300 W,4.3,86.5,A,Primary,Headline,34.877551,D,P,33092.000000
Fri Jul 11 09:46:08 2025,11-Jul-2025,124607,48 2.026100 N,061 0.775600 W,4.3,86.2,A,Depth,Depth,297.777778,D,P,41076.000000
Fri Jul 11 09:46:09 2025,11-Jul-2025,124608,48 2.026300 N,061 0.773900 W,4.3,85.9,A,Primary,Headline,2.469388,D,P,34576.000000
Fri Jul 11 09:46:09 2025,11-Jul-2025,124609,48 2.026500 N,061 0.772200 W,4.3,85.7,A,Primary,Headline,2.469388,D,P,34576.000000
Fri Jul 11 09:46:09 2025,11-Jul-2025,124610,48 2.026600 N,061 0.770400 W,4.3,85.7,A,Primary,Headline,2.469388,D,P,34576.000000
Fri Jul 11 09:46:12 2025,11-Jul-2025,124611,48 2.026700 N,061 0.768600 W,4.3,85.7,A,DoorSpread,DoorMaster,6.765000,D,P,30248.000000
Fri Jul 11 09:46:12 2025,11-Jul-2025,124612,48 2.026700 N,061 0.766800 W,4.3,85.6,A,DoorSpread,DoorMaster,6.765000,D,P,30248.000000
Fri Jul 11 09:46:14 2025,11-Jul-2025,124613,48 2.026800 N,061 0.765000 W,4.3,85.2,A,Depth,Depth,274.166667,D,S,40250.000000
Fri Jul 11 09:46:14 2025,11-Jul-2025,124614,48 2.026900 N,061 0.763300 W,4.2,84.9,A,Depth,Depth,274.166667,D,S,40250.000000
Fri Jul 11 09:46:16 2025,11-Jul-2025,124615,48 2.027000 N,061 0.761600 W,4.2,84.7,A,Depth,Depth,305.277778,D,P,49007.000000
Fri Jul 11 09:46:18 2025,11-Jul-2025,124616,48 2.027200 N,061 0.760100 W,4.1,84.5,A,DoorSpread,DoorMaster,6.095000,D,P,27843.000000
Fri Jul 11 09:46:18 2025,11-Jul-2025,124617,48 2.027300 N,061 0.758800 W,3.9,84.4,A,DoorSpread,DoorMaster,6.095000,D,P,27843.000000
Fri Jul 11 09:46:19 2025,11-Jul-2025,124618,48 2.027200 N,061 0.757600 W,3.8,84.4,A,Primary,Headline,4.081633,D,P,11257.000000
Fri Jul 11 09:46:19 2025,11-Jul-2025,124619,48 2.027300 N,061 0.756400 W,3.6,84.3,A,Primary,Headline,4.081633,D,P,11257.000000
Fri Jul 11 09:46:19 2025,11-Jul-2025,124620,48 2.027400 N,061 0.755300 W,3.4,84.3,A,Primary,Headline,4.081633,D,P,11257.000000
Fri Jul 11 09:46:22 2025,11-Jul-2025,124621,48 2.027600 N,061 0.754200 W,3.3,84.2,A,Depth,Depth,275.925926,D,S,16956.000000
Fri Jul 11 09:46:23 2025,11-Jul-2025,124622,48 2.027800 N,061 0.753200 W,3.1,84.2,A,DoorSpread,DoorMaster,5.650000,D,S,12753.000000
Fri Jul 11 09:46:24 2025,11-Jul-2025,124623,48 2.028000 N,061 0.752100 W,3.0,84.1,A,Primary,Headline,3.857143,D,S,6214.000000
Fri Jul 11 09:46:24 2025,11-Jul-2025,124624,48 2.028100 N,061 0.751100 W,2.9,84.0,A,Primary,Headline,3.857143,D,S,6214.000000
Fri Jul 11 09:46:24 2025,11-Jul-2025,124625,48 2.028300 N,061 0.750200 W,2.8,83.9,A,Primary,Headline,3.857143,D,S,6214.000000
Fri Jul 11 09:46:24 2025,11-Jul-2025,124626,48 2.028300 N,061 0.749300 W,2.6,83.8,A,Primary,Headline,3.857143,D,S,6214.000000
Fri Jul 11 09:46:29 2025,11-Jul-2025,124627,48 2.028400 N,061 0.748600 W,2.5,83.7,A,DoorSpread,DoorMaster,5.540000,D,P,6628.000000
Fri Jul 11 09:46:29 2025,11-Jul-2025,124628,48 2.028500 N,061 0.747800 W,2.4,83.5,A,Primary,Headline,2.918367,D,P,15883.000000
Fri Jul 11 09:46:30 2025,11-Jul-2025,124629,48 2.028600 N,061 0.747100 W,2.3,83.3,A,Depth,Depth,276.666667,D,S,26029.000000
Fri Jul 11 09:46:30 2025,11-Jul-2025,124630,48 2.028700 N,061 0.746300 W,2.3,83.1,A,Depth,Depth,276.666667,D,S,26029.000000
Fri Jul 11 09:46:30 2025,11-Jul-2025,124631,48 2.028800 N,061 0.745500 W,2.2,82.9,A,Depth,Depth,276.666667,D,S,26029.000000
Fri Jul 11 09:46:30 2025,11-Jul-2025,124632,48 2.028900 N,061 0.744600 W,2.2,82.7,A,Depth,Depth,276.666667,D,S,26029.000000
Fri Jul 11 09:46:34 2025,11-Jul-2025,124633,48 2.029100 N,061 0.744000 W,2.2,82.4,A,Primary,Headline,2.836735,D,P,29567.000000
Fri Jul 11 09:46:34 2025,11-Jul-2025,124634,48 2.029300 N,061 0.743300 W,2.2,82.1,A,Primary,Headline,2.836735,D,P,29567.000000
Fri Jul 11 09:46:34 2025,11-Jul-2025,124635,48 2.029400 N,061 0.742500 W,2.2,81.7,A,Primary,Headline,2.836735,D,P,29567.000000
Fri Jul 11 09:46:34 2025,11-Jul-2025,124636,48 2.029400 N,061 0.741600 W,2.2,81.3,A,Primary,Headline,2.836735,D,P,29567.000000
Fri Jul 11 09:46:38 2025,11-Jul-2025,124637,48 2.029500 N,061 0.740700 W,2.2,80.9,A,Depth,Depth,276.944444,D,P,41952.000000
Fri Jul 11 09:46:40 2025,11-Jul-2025,124638,48 2.029600 N,061 0.740000 W,2.2,80.5,A,DoorSpread,DoorMaster,6.100000,D,S,21569.000000
Fri Jul 11 09:46:40 2025,11-Jul-2025,124639,48 2.029700 N,061 0.739200 W,2.2,80.3,A,DoorSpread,DoorMaster,6.100000,D,S,21569.000000
Fri Jul 11 09:46:40 2025,11-Jul-2025,124640,48 2.029800 N,061 0.738300 W,2.2,80.2,A,DoorSpread,DoorMaster,6.100000,D,S,21569.000000
Fri Jul 11 09:46:40 2025,11-Jul-2025,124641,48 2.029800 N,061 0.737500 W,2.2,80.1,A,DoorSpread,DoorMaster,6.100000,D,S,21569.000000
Fri Jul 11 09:46:40 2025,11-Jul-2025,124642,48 2.029800 N,061 0.736600 W,2.2,80.0,A,DoorSpread,DoorMaster,6.100000,D,S,21569.000000
Fri Jul 11 09:46:40 2025,11-Jul-2025,124643,48 2.029900 N,061 0.735600 W,2.2,80.0,A,DoorSpread,DoorMaster,6.100000,D,S,21569.000000
Fri Jul 11 09:46:46 2025,11-Jul-2025,124644,48 2.029900 N,061 0.734700 W,2.2,79.8,A,DoorSpread,DoorMaster,6.605000,D,S,24546.000000
Fri Jul 11 09:46:46 2025,11-Jul-2025,124645,48 2.030000 N,061 0.733700 W,2.3,79.6,A,Depth,Depth,276.574074,D,S,24187.000000
Fri Jul 11 09:46:46 2025,11-Jul-2025,124646,48 2.030100 N,061 0.732700 W,2.3,79.5,A,Depth,Depth,276.574074,D,S,24187.000000
Fri Jul 11 09:46:46 2025,11-Jul-2025,124647,48 2.030200 N,061 0.731500 W,2.3,79.6,A,Depth,Depth,276.574074,D,S,24187.000000
Fri Jul 11 09:46:46 2025,11-Jul-2025,124648,48 2.030400 N,061 0.730400 W,2.4,79.7,A,Depth,Depth,276.574074,D,S,24187.000000
Fri Jul 11 09:46:46 2025,11-Jul-2025,124649,48 2.030500 N,061 0.729300 W,2.4,79.8,A,Depth,Depth,276.574074,D,S,24187.000000
Fri Jul 11 09:46:51 2025,11-Jul-2025,124650,48 2.030600 N,061 0.728200 W,2.4,79.7,A,DoorSpread,DoorMaster,7.025000,D,S,26718.000000
Fri Jul 11 09:46:51 2025,11-Jul-2025,124651,48 2.030700 N,061 0.727100 W,2.4,79.6,A,DoorSpread,DoorMaster,7.025000,D,S,26718.000000
Fri Jul 11 09:46:51 2025,11-Jul-2025,124652,48 2.030800 N,061 0.726200 W,2.4,79.7,A,DoorSpread,DoorMaster,7.025000,D,S,26718.000000
Fri Jul 11 09:46:54 2025,11-Jul-2025,124653,48 2.030900 N,061 0.725300 W,2.4,79.8,A,Depth,Depth,277.962963,D,S,25393.000000
Fri Jul 11 09:46:55 2025,11-Jul-2025,124654,48 2.031100 N,061 0.724400 W,2.3,79.9,A,Primary,Headline,54.061224,D,S,39123.000000
Fri Jul 11 09:46:57 2025,11-Jul-2025,124655,48 2.031100 N,061 0.723600 W,2.3,80.0,A,DoorSpread,DoorMaster,7.545000,D,S,22842.000000
Fri Jul 11 09:46:57 2025,11-Jul-2025,124656,48 2.031300 N,061 0.722800 W,2.3,79.8,A,DoorSpread,DoorMaster,7.545000,D,S,22842.000000
Fri Jul 11 09:46:57 2025,11-Jul-2025,124657,48 2.031400 N,061 0.722100 W,2.2,79.7,A,DoorSpread,DoorMaster,7.545000,D,S,22842.000000
Fri Jul 11 09:46:57 2025,11-Jul-2025,124658,48 2.031500 N,061 0.721300 W,2.2,79.7,A,DoorSpread,DoorMaster,7.545000,D,S,22842.000000
Fri Jul 11 09:46:57 2025,11-Jul-2025,124659,48 2.031600 N,061 0.720500 W,2.1,79.6,A,DoorSpread,DoorMaster,7.545000,D,S,22842.000000
Fri Jul 11 09:47:01 2025,11-Jul-2025,124700,48 2.031700 N,061 0.719800 W,2.1,79.6,A,Primary,Headline,43.714286,D,S,27310.000000
Fri Jul 11 09:47:03 2025,11-Jul-2025,124701,48 2.031700 N,061 0.719100 W,2.0,79.6,A,DoorSpread,DoorMaster,8.115000,D,P,28772.000000
Fri Jul 11 09:47:03 2025,11-Jul-2025,124702,48 2.031800 N,061 0.718400 W,2.0,79.6,A,DoorSpread,DoorMaster,8.115000,D,P,28772.000000
Fri Jul 11 09:47:03 2025,11-Jul-2025,124703,48 2.031900 N,061 0.717600 W,2.0,79.6,A,DoorSpread,DoorMaster,8.115000,D,P,28772.000000
Fri Jul 11 09:47:03 2025,11-Jul-2025,124704,48 2.032100 N,061 0.716900 W,2.0,79.4,A,DoorSpread,DoorMaster,8.115000,D,P,28772.000000
Fri Jul 11 09:47:06 2025,11-Jul-2025,124705,48 2.032200 N,061 0.716200 W,2.0,79.2,A,Primary,Headline,14.795918,D,P,59321.000000
Fri Jul 11 09:47:06 2025,11-Jul-2025,124706,48 2.032400 N,061 0.715400 W,2.0,79.0,A,Primary,Headline,14.795918,D,P,59321.000000
Fri Jul 11 09:47:08 2025,11-Jul-2025,124707,48 2.032600 N,061 0.714600 W,2.1,79.0,A,DoorSpread,DoorMaster,8.770000,D,P,26350.000000
Fri Jul 11 09:47:08 2025,11-Jul-2025,124708,48 2.032700 N,061 0.713800 W,2.1,79.1,A,DoorSpread,DoorMaster,8.770000,D,P,26350.000000
Fri Jul 11 09:47:10 2025,11-Jul-2025,124709,48 2.032900 N,061 0.712900 W,2.2,79.1,A,Depth,Depth,278.148148,D,P,49313.000000
Fri Jul 11 09:47:11 2025,11-Jul-2025,124710,48 2.033100 N,061 0.711900 W,2.2,79.0,A,Primary,Headline,1.408163,D,P,68239.000000
Fri Jul 11 09:47:11 2025,11-Jul-2025,124711,48 2.033300 N,061 0.710900 W,2.2,78.9,A,Primary,Headline,1.408163,D,P,68239.000000
Fri Jul 11 09:47:11 2025,11-Jul-2025,124712,48 2.033500 N,061 0.709900 W,2.2,78.8,A,Primary,Headline,1.408163,D,P,68239.000000
Fri Jul 11 09:47:14 2025,11-Jul-2025,124713,48 2.033700 N,061 0.708800 W,2.3,78.6,A,DoorSpread,DoorMaster,8.725000,D,P,51611.000000
Fri Jul 11 09:47:14 2025,11-Jul-2025,124714,48 2.033800 N,061 0.707800 W,2.3,78.5,A,DoorSpread,DoorMaster,8.725000,D,P,51611.000000
Fri Jul 11 09:47:16 2025,11-Jul-2025,124715,48 2.033900 N,061 0.706700 W,2.3,78.6,A,Primary,Headline,0.918367,D,S,41258.000000
Fri Jul 11 09:47:16 2025,11-Jul-2025,124716,48 2.034000 N,061 0.705700 W,2.2,78.6,A,Primary,Headline,0.918367,D,S,41258.000000
Fri Jul 11 09:47:18 2025,11-Jul-2025,124717,48 2.034100 N,061 0.704800 W,2.2,78.4,A,Depth,Depth,279.722222,D,P,61025.000000
Fri Jul 11 09:47:20 2025,11-Jul-2025,124718,48 2.034200 N,061 0.703800 W,2.2,78.3,A,DoorSpread,DoorMaster,8.890000,D,P,57633.000000
Fri Jul 11 09:47:20 2025,11-Jul-2025,124719,48 2.034300 N,061 0.702900 W,2.2,78.2,A,DoorSpread,DoorMaster,8.890000,D,P,57633.000000
Fri Jul 11 09:47:20 2025,11-Jul-2025,124720,48 2.034400 N,061 0.702000 W,2.1,78.2,A,DoorSpread,DoorMaster,8.890000,D,P,57633.000000
Fri Jul 11 09:47:22 2025,11-Jul-2025,124721,48 2.034500 N,061 0.701200 W,2.1,78.2,A,Primary,Headline,44.612245,D,P,45696.000000
Fri Jul 11 09:47:22 2025,11-Jul-2025,124722,48 2.034500 N,061 0.700400 W,2.0,78.1,A,Primary,Headline,44.612245,D,P,45696.000000
Fri Jul 11 09:47:22 2025,11-Jul-2025,124723,48 2.034600 N,061 0.699700 W,1.9,78.0,A,Primary,Headline,44.612245,D,P,45696.000000
Fri Jul 11 09:47:26 2025,11-Jul-2025,124724,48 2.034800 N,061 0.699000 W,1.9,77.8,A,DoorSpread,DoorMaster,9.515000,D,P,43613.000000
Fri Jul 11 09:47:26 2025,11-Jul-2025,124725,48 2.034900 N,061 0.698300 W,1.9,77.6,A,Depth,Depth,279.722222,D,S,34733.000000
Fri Jul 11 09:47:27 2025,11-Jul-2025,124726,48 2.035000 N,061 0.697600 W,1.9,77.5,A,Primary,Headline,2.040816,D,S,38984.000000
Fri Jul 11 09:47:27 2025,11-Jul-2025,124727,48 2.035200 N,061 0.696800 W,1.9,77.4,A,Primary,Headline,2.040816,D,S,38984.000000
Fri Jul 11 09:47:27 2025,11-Jul-2025,124728,48 2.035300 N,061 0.696000 W,1.9,77.4,A,Primary,Headline,2.040816,D,S,38984.000000
Fri Jul 11 09:47:27 2025,11-Jul-2025,124729,48 2.035300 N,061 0.695300 W,2.0,77.4,A,Primary,Headline,2.040816,D,S,38984.000000
Fri Jul 11 09:47:31 2025,11-Jul-2025,124730,48 2.035400 N,061 0.694600 W,2.0,77.2,A,DoorSpread,DoorMaster,10.470000,D,P,53693.000000
Fri Jul 11 09:47:32 2025,11-Jul-2025,124731,48 2.035500 N,061 0.693700 W,2.1,77.2,A,Primary,Headline,0.918367,D,P,43160.000000
Fri Jul 11 09:47:32 2025,11-Jul-2025,124732,48 2.035600 N,061 0.692700 W,2.2,77.3,A,Primary,Headline,0.918367,D,P,43160.000000
Fri Jul 11 09:47:34 2025,11-Jul-2025,124733,48 2.035700 N,061 0.691600 W,2.3,77.3,A,Depth,Depth,278.981481,D,S,17601.000000
Fri Jul 11 09:47:34 2025,11-Jul-2025,124734,48 2.035900 N,061 0.690500 W,2.4,77.3,A,Depth,Depth,278.981481,D,S,17601.000000
Fri Jul 11 09:47:34 2025,11-Jul-2025,124735,48 2.036100 N,061 0.689400 W,2.4,77.4,A,Depth,Depth,278.981481,D,S,17601.000000
Fri Jul 11 09:47:37 2025,11-Jul-2025,124736,48 2.036200 N,061 0.688400 W,2.4,77.5,A,DoorSpread,DoorMaster,10.185000,D,P,30511.000000
Fri Jul 11 09:47:37 2025,11-Jul-2025,124737,48 2.036400 N,061 0.687300 W,2.4,77.6,A,DoorSpread,DoorMaster,10.185000,D,P,30511.000000
Fri Jul 11 09:47:37 2025,11-Jul-2025,124738,48 2.036700 N,061 0.686300 W,2.4,77.6,A,DoorSpread,DoorMaster,10.185000,D,P,30511.000000
Fri Jul 11 09:47:37 2025,11-Jul-2025,124739,48 2.036800 N,061 0.685300 W,2.4,77.6,A,DoorSpread,DoorMaster,10.185000,D,P,30511.000000
Fri Jul 11 09:47:37 2025,11-Jul-2025,124740,48 2.036900 N,061 0.684300 W,2.3,77.5,A,DoorSpread,DoorMaster,10.185000,D,P,30511.000000
Fri Jul 11 09:47:42 2025,11-Jul-2025,124741,48 2.037000 N,061 0.683400 W,2.3,77.6,A,Primary,Headline,9.571429,D,P,41105.000000
Fri Jul 11 09:47:43 2025,11-Jul-2025,124742,48 2.037000 N,061 0.682400 W,2.2,77.8,A,DoorSpread,DoorMaster,9.880000,D,P,40828.000000
Fri Jul 11 09:47:43 2025,11-Jul-2025,124743,48 2.037100 N,061 0.681600 W,2.2,78.0,A,DoorSpread,DoorMaster,9.880000,D,P,40828.000000
Fri Jul 11 09:47:43 2025,11-Jul-2025,124744,48 2.037300 N,061 0.680800 W,2.1,78.0,A,DoorSpread,DoorMaster,9.880000,D,P,40828.000000
Fri Jul 11 09:47:43 2025,11-Jul-2025,124745,48 2.037400 N,061 0.680000 W,2.1,78.0,A,DoorSpread,DoorMaster,9.880000,D,P,40828.000000
Fri Jul 11 09:47:47 2025,11-Jul-2025,124746,48 2.037500 N,061 0.679200 W,2.1,78.0,A,Primary,Headline,1.081633,D,P,44688.000000
Fri Jul 11 09:47:47 2025,11-Jul-2025,124747,48 2.037600 N,061 0.678400 W,2.0,78.1,A,Primary,Headline,1.081633,D,P,44688.000000
Fri Jul 11 09:47:49 2025,11-Jul-2025,124748,48 2.037700 N,061 0.677700 W,2.0,78.0,A,DoorSpread,DoorMaster,11.165000,D,P,46787.000000
Fri Jul 11 09:47:50 2025,11-Jul-2025,124749,48 2.037900 N,061 0.676900 W,2.0,77.6,A,Depth,Depth,279.166667,D,S,27808.000000
Fri Jul 11 09:47:50 2025,11-Jul-2025,124750,48 2.038100 N,061 0.676100 W,2.0,77.3,A,Depth,Depth,279.166667,D,S,27808.000000
Fri Jul 11 09:47:52 2025,11-Jul-2025,124751,48 2.038200 N,061 0.675200 W,2.1,77.1,A,Primary,Headline,1.448980,D,P,58239.000000
Fri Jul 11 09:47:54 2025,11-Jul-2025,124752,48 2.038400 N,061 0.674300 W,2.1,77.1,A,Depth,Depth,312.314815,D,P,50017.000000
Fri Jul 11 09:47:54 2025,11-Jul-2025,124753,48 2.038400 N,061 0.673400 W,2.2,77.2,A,Depth,Depth,312.314815,D,P,50017.000000
Fri Jul 11 09:47:55 2025,11-Jul-2025,124754,48 2.038600 N,061 0.672400 W,2.2,77.2,A,DoorSpread,DoorMaster,12.195000,D,P,19484.000000
Fri Jul 11 09:47:55 2025,11-Jul-2025,124755,48 2.038900 N,061 0.671300 W,2.2,76.8,A,DoorSpread,DoorMaster,12.195000,D,P,19484.000000
Fri Jul 11 09:47:57 2025,11-Jul-2025,124756,48 2.039200 N,061 0.670200 W,2.3,76.6,A,Primary,Headline,1.387755,D,S,46960.000000
Fri Jul 11 09:47:58 2025,11-Jul-2025,124757,48 2.039400 N,061 0.669100 W,2.3,76.6,A,Depth,Depth,280.370370,D,S,46394.000000
Fri Jul 11 09:47:58 2025,11-Jul-2025,124758,48 2.039700 N,061 0.668000 W,2.2,76.7,A,Depth,Depth,280.370370,D,S,46394.000000
Fri Jul 11 09:48:01 2025,11-Jul-2025,124759,48 2.039900 N,061 0.667100 W,2.2,76.7,A,DoorSpread,DoorMaster,9.510000,D,P,21760.000000
Fri Jul 11 09:48:01 2025,11-Jul-2025,124800,48 2.040100 N,061 0.666200 W,2.2,76.7,A,DoorSpread,DoorMaster,9.510000,D,P,21760.000000
Fri Jul 11 09:48:03 2025,11-Jul-2025,124801,48 2.040300 N,061 0.665400 W,2.1,76.6,A,Primary,Headline,29.530612,D,P,55147.000000
Fri Jul 11 09:48:03 2025,11-Jul-2025,124802,48 2.040500 N,061 0.664700 W,2.1,76.6,A,Primary,Headline,29.530612,D,P,55147.000000
Fri Jul 11 09:48:03 2025,11-Jul-2025,124803,48 2.040600 N,061 0.663800 W,2.1,76.6,A,Primary,Headline,29.530612,D,P,55147.000000
Fri Jul 11 09:48:03 2025,11-Jul-2025,124804,48 2.040800 N,061 0.663000 W,2.0,76.6,A,Primary,Headline,29.530612,D,P,55147.000000
Fri Jul 11 09:48:07 2025,11-Jul-2025,124805,48 2.040900 N,061 0.662400 W,2.0,76.4,A,DoorSpread,DoorMaster,8.605000,D,S,22115.000000
Fri Jul 11 09:48:07 2025,11-Jul-2025,124806,48 2.041100 N,061 0.661600 W,2.0,76.3,A,DoorSpread,DoorMaster,8.605000,D,S,22115.000000
Fri Jul 11 09:48:08 2025,11-Jul-2025,124807,48 2.041200 N,061 0.660800 W,2.0,76.4,A,Primary,Headline,10.979592,D,P,46317.000000
Fri Jul 11 09:48:08 2025,11-Jul-2025,124808,48 2.041400 N,061 0.659900 W,2.0,76.5,A,Primary,Headline,10.979592,D,P,46317.000000
Fri Jul 11 09:48:10 2025,11-Jul-2025,124809,48 2.041600 N,061 0.659100 W,2.0,76.5,A,Depth,Depth,314.166667,D,P,32669.000000
Fri Jul 11 09:48:10 2025,11-Jul-2025,124810,48 2.041900 N,061 0.658200 W,2.1,76.3,A,Depth,Depth,314.166667,D,P,32669.000000
Fri Jul 11 09:48:12 2025,11-Jul-2025,124811,48 2.042200 N,061 0.657300 W,2.1,76.0,A,DoorSpread,DoorMaster,8.595000,D,P,38265.000000
Fri Jul 11 09:48:14 2025,11-Jul-2025,124812,48 2.042400 N,061 0.656500 W,2.1,75.9,A,Primary,Headline,29.836735,D,P,49016.000000
Fri Jul 11 09:48:14 2025,11-Jul-2025,124813,48 2.042600 N,061 0.655800 W,2.1,75.9,A,Depth,Depth,281.481481,D,S,66778.000000
Fri Jul 11 09:48:14 2025,11-Jul-2025,124814,48 2.042800 N,061 0.655000 W,2.1,75.9,A,Depth,Depth,281.481481,D,S,66778.000000
Fri Jul 11 09:48:14 2025,11-Jul-2025,124815,48 2.043100 N,061 0.654200 W,2.1,76.0,A,Depth,Depth,281.481481,D,S,66778.000000
Fri Jul 11 09:48:14 2025,11-Jul-2025,124816,48 2.043400 N,061 0.653500 W,2.2,76.0,A,Depth,Depth,281.481481,D,S,66778.000000
Fri Jul 11 09:48:19 2025,11-Jul-2025,124817,48 2.043600 N,061 0.652800 W,2.1,75.8,A,Primary,Headline,1.653061,D,P,65761.000000
Fri Jul 11 09:48:19 2025,11-Jul-2025,124818,48 2.043900 N,061 0.652000 W,2.2,75.5,A,Primary,Headline,1.653061,D,P,65761.000000
Fri Jul 11 09:48:19 2025,11-Jul-2025,124819,48 2.044000 N,061 0.651100 W,2.2,75.3,A,Primary,Headline,1.653061,D,P,65761.000000
Fri Jul 11 09:48:19 2025,11-Jul-2025,124820,48 2.044100 N,061 0.650300 W,2.2,75.4,A,Primary,Headline,1.653061,D,P,65761.000000
Fri Jul 11 09:48:22 2025,11-Jul-2025,124821,48 2.044200 N,061 0.649500 W,2.2,75.6,A,Depth,Depth,282.314815,D,S,48784.000000
Fri Jul 11 09:48:24 2025,11-Jul-2025,124822,48 2.044200 N,061 0.648600 W,2.2,75.7,A,DoorSpread,DoorMaster,8.075000,D,P,20485.000000
Fri Jul 11 09:48:24 2025,11-Jul-2025,124823,48 2.044300 N,061 0.647800 W,2.2,75.3,A,DoorSpread,DoorMaster,8.075000,D,P,20485.000000
Fri Jul 11 09:48:24 2025,11-Jul-2025,124824,48 2.044500 N,061 0.646900 W,2.2,75.1,A,DoorSpread,DoorMaster,8.075000,D,P,20485.000000
Fri Jul 11 09:48:26 2025,11-Jul-2025,124825,48 2.044600 N,061 0.646100 W,2.2,75.0,A,Depth,Depth,314.351852,D,P,51233.000000
Fri Jul 11 09:48:26 2025,11-Jul-2025,124826,48 2.044700 N,061 0.645300 W,2.1,75.0,A,Depth,Depth,314.351852,D,P,51233.000000
Fri Jul 11 09:48:29 2025,11-Jul-2025,124827,48 2.044800 N,061 0.644500 W,2.1,75.0,A,Primary,Headline,1.530612,D,S,34841.000000
Fri Jul 11 09:48:30 2025,11-Jul-2025,124828,48 2.045000 N,061 0.643600 W,2.1,75.1,A,DoorSpread,DoorMaster,7.855000,D,P,47286.000000
Fri Jul 11 09:48:30 2025,11-Jul-2025,124829,48 2.045300 N,061 0.642700 W,2.1,75.0,A,Depth,Depth,282.870370,D,S,46860.000000
Fri Jul 11 09:48:30 2025,11-Jul-2025,124830,48 2.045500 N,061 0.641900 W,2.1,74.9,A,Depth,Depth,282.870370,D,S,46860.000000
Fri Jul 11 09:48:30 2025,11-Jul-2025,124831,48 2.045600 N,061 0.641100 W,2.1,74.8,A,Depth,Depth,282.870370,D,S,46860.000000
Fri Jul 11 09:48:30 2025,11-Jul-2025,124832,48 2.045700 N,061 0.640100 W,2.1,74.7,A,Depth,Depth,282.870370,D,S,46860.000000
Fri Jul 11 09:48:34 2025,11-Jul-2025,124833,48 2.045900 N,061 0.639100 W,2.1,74.7,A,Depth,Depth,314.907407,D,P,45700.000000
Fri Jul 11 09:48:35 2025,11-Jul-2025,124834,48 2.046000 N,061 0.638300 W,2.1,74.8,A,DoorSpread,DoorMaster,7.770000,D,P,34728.000000
Fri Jul 11 09:48:35 2025,11-Jul-2025,124835,48 2.046200 N,061 0.637300 W,2.2,74.8,A,DoorSpread,DoorMaster,7.770000,D,P,34728.000000
Fri Jul 11 09:48:35 2025,11-Jul-2025,124836,48 2.046400 N,061 0.636400 W,2.2,74.6,A,DoorSpread,DoorMaster,7.770000,D,P,34728.000000
Fri Jul 11 09:48:38 2025,11-Jul-2025,124837,48 2.046500 N,061 0.635600 W,2.2,74.6,A,Depth,Depth,281.296296,D,S,42470.000000
Fri Jul 11 09:48:39 2025,11-Jul-2025,124838,48 2.046600 N,061 0.634600 W,2.2,74.8,A,Primary,Headline,1.673469,D,P,46077.000000
Fri Jul 11 09:48:41 2025,11-Jul-2025,124839,48 2.046700 N,061 0.633800 W,2.2,75.0,A,DoorSpread,DoorMaster,7.875000,D,S,35982.000000
Fri Jul 11 09:48:41 2025,11-Jul-2025,124840,48 2.046800 N,061 0.633000 W,2.2,74.9,A,DoorSpread,DoorMaster,7.875000,D,S,35982.000000
Fri Jul 11 09:48:43 2025,11-Jul-2025,124841,48 2.047000 N,061 0.632100 W,2.2,74.7,A,Depth,Depth,314.814815,D,P,19895.000000
Fri Jul 11 09:48:43 2025,11-Jul-2025,124842,48 2.047100 N,061 0.631100 W,2.3,74.5,A,Depth,Depth,314.814815,D,P,19895.000000
Fri Jul 11 09:48:45 2025,11-Jul-2025,124843,48 2.047200 N,061 0.630200 W,2.3,74.5,A,Primary,Headline,36.061224,D,P,50294.000000
Fri Jul 11 09:48:45 2025,11-Jul-2025,124844,48 2.047300 N,061 0.629400 W,2.2,74.7,A,Primary,Headline,36.061224,D,P,50294.000000
Fri Jul 11 09:48:47 2025,11-Jul-2025,124845,48 2.047400 N,061 0.628800 W,2.2,74.7,A,DoorSpread,DoorMaster,8.155000,D,S,25771.000000
Fri Jul 11 09:48:47 2025,11-Jul-2025,124846,48 2.047500 N,061 0.628000 W,2.2,74.7,A,DoorSpread,DoorMaster,8.155000,D,S,25771.000000
Fri Jul 11 09:48:47 2025,11-Jul-2025,124847,48 2.047600 N,061 0.627200 W,2.2,74.7,A,DoorSpread,DoorMaster,8.155000,D,S,25771.000000
Fri Jul 11 09:48:47 2025,11-Jul-2025,124848,48 2.047700 N,061 0.626500 W,2.1,74.7,A,DoorSpread,DoorMaster,8.155000,D,S,25771.000000
Fri Jul 11 09:48:51 2025,11-Jul-2025,124849,48 2.047800 N,061 0.625800 W,2.0,74.6,A,Primary,Headline,43.938776,D,P,70188.000000
Fri Jul 11 09:48:51 2025,11-Jul-2025,124850,48 2.048000 N,061 0.625100 W,2.0,74.6,A,Primary,Headline,43.938776,D,P,70188.000000
Fri Jul 11 09:48:52 2025,11-Jul-2025,124851,48 2.048200 N,061 0.624400 W,2.1,74.7,A,DoorSpread,DoorMaster,7.300000,D,P,31324.000000
Fri Jul 11 09:48:52 2025,11-Jul-2025,124852,48 2.048300 N,061 0.623600 W,2.0,74.8,A,DoorSpread,DoorMaster,7.300000,D,P,31324.000000
Fri Jul 11 09:48:55 2025,11-Jul-2025,124853,48 2.048500 N,061 0.622900 W,2.1,74.9,A,Depth,Depth,279.629630,D,S,82653.000000
Fri Jul 11 09:48:56 2025,11-Jul-2025,124854,48 2.048700 N,061 0.622100 W,2.1,75.1,A,Primary,Headline,1.551020,D,P,53164.000000
Fri Jul 11 09:48:56 2025,11-Jul-2025,124855,48 2.048800 N,061 0.621200 W,2.1,75.0,A,Primary,Headline,1.551020,D,P,53164.000000
Fri Jul 11 09:48:58 2025,11-Jul-2025,124856,48 2.049000 N,061 0.620400 W,2.1,74.9,A,DoorSpread,DoorMaster,7.775000,D,S,31130.000000
Fri Jul 11 09:48:58 2025,11-Jul-2025,124857,48 2.049200 N,061 0.619600 W,2.1,74.7,A,DoorSpread,DoorMaster,7.775000,D,S,31130.000000
Fri Jul 11 09:48:58 2025,11-Jul-2025,124858,48 2.049300 N,061 0.618800 W,2.1,74.6,A,DoorSpread,DoorMaster,7.775000,D,S,31130.000000
Fri Jul 11 09:48:58 2025,11-Jul-2025,124859,48 2.049400 N,061 0.618000 W,2.1,74.7,A,DoorSpread,DoorMaster,7.775000,D,S,31130.000000
Fri Jul 11 09:49:01 2025,11-Jul-2025,124900,48 2.049500 N,061 0.617100 W,2.1,74.7,A,Primary,Headline,23.734694,D,P,37532.000000
Fri Jul 11 09:49:03 2025,11-Jul-2025,124901,48 2.049600 N,061 0.616300 W,2.1,74.5,A,Depth,Depth,282.592593,D,S,44840.000000
Fri Jul 11 09:49:04 2025,11-Jul-2025,124902,48 2.049800 N,061 0.615600 W,2.1,74.2,A,DoorSpread,DoorMaster,7.795000,D,S,19110.000000
Fri Jul 11 09:49:04 2025,11-Jul-2025,124903,48 2.049900 N,061 0.614800 W,2.1,74.2,A,DoorSpread,DoorMaster,7.795000,D,S,19110.000000
Fri Jul 11 09:49:04 2025,11-Jul-2025,124904,48 2.049900 N,061 0.614100 W,2.1,74.4,A,DoorSpread,DoorMaster,7.795000,D,S,19110.000000
Fri Jul 11 09:49:06 2025,11-Jul-2025,124905,48 2.050000 N,061 0.613200 W,2.1,74.3,A,Primary,Headline,6.897959,D,P,68685.000000
Fri Jul 11 09:49:06 2025,11-Jul-2025,124906,48 2.050300 N,061 0.612400 W,2.2,73.8,A,Primary,Headline,6.897959,D,P,68685.000000
Fri Jul 11 09:49:06 2025,11-Jul-2025,124907,48 2.050500 N,061 0.611700 W,2.2,73.4,A,Primary,Headline,6.897959,D,P,68685.000000
Fri Jul 11 09:49:09 2025,11-Jul-2025,124908,48 2.050800 N,061 0.610900 W,2.2,73.0,A,DoorSpread,DoorMaster,7.690000,D,S,44437.000000
Fri Jul 11 09:49:11 2025,11-Jul-2025,124909,48 2.050900 N,061 0.610100 W,2.2,73.0,A,Depth,Depth,279.907407,D,P,52350.000000
Fri Jul 11 09:49:11 2025,11-Jul-2025,124910,48 2.051100 N,061 0.609200 W,2.3,73.2,A,Primary,Headline,1.591837,D,P,48938.000000
Fri Jul 11 09:49:11 2025,11-Jul-2025,124911,48 2.051200 N,061 0.608300 W,2.3,73.4,A,Primary,Headline,1.591837,D,P,48938.000000
Fri Jul 11 09:49:11 2025,11-Jul-2025,124912,48 2.051300 N,061 0.607300 W,2.3,73.3,A,Primary,Headline,1.591837,D,P,48938.000000
Fri Jul 11 09:49:15 2025,11-Jul-2025,124913,48 2.051600 N,061 0.606400 W,2.3,73.0,A,DoorSpread,DoorMaster,7.715000,D,P,32576.000000
Fri Jul 11 09:49:15 2025,11-Jul-2025,124914,48 2.051800 N,061 0.605500 W,2.4,72.7,A,DoorSpread,DoorMaster,7.715000,D,P,32576.000000
Fri Jul 11 09:49:17 2025,11-Jul-2025,124915,48 2.051800 N,061 0.604600 W,2.3,72.5,A,Primary,Headline,26.244898,D,P,33806.000000
Fri Jul 11 09:49:17 2025,11-Jul-2025,124916,48 2.052000 N,061 0.603800 W,2.3,72.4,A,Primary,Headline,26.244898,D,P,33806.000000
Fri Jul 11 09:49:19 2025,11-Jul-2025,124917,48 2.052100 N,061 0.603000 W,2.3,72.3,A,Depth,Depth,281.666667,D,S,48460.000000
Fri Jul 11 09:49:19 2025,11-Jul-2025,124918,48 2.052200 N,061 0.602200 W,2.2,72.4,A,Depth,Depth,281.666667,D,S,48460.000000
Fri Jul 11 09:49:21 2025,11-Jul-2025,124919,48 2.052200 N,061 0.601400 W,2.2,72.6,A,DoorSpread,DoorMaster,7.615000,D,S,41219.000000
Fri Jul 11 09:49:22 2025,11-Jul-2025,124920,48 2.052400 N,061 0.600600 W,2.1,72.7,A,Primary,Headline,4.673469,D,P,49622.000000
Fri Jul 11 09:49:22 2025,11-Jul-2025,124921,48 2.052600 N,061 0.599900 W,2.1,72.6,A,Primary,Headline,4.673469,D,P,49622.000000
Fri Jul 11 09:49:22 2025,11-Jul-2025,124922,48 2.052800 N,061 0.599200 W,2.1,72.2,A,Primary,Headline,4.673469,D,P,49622.000000
Fri Jul 11 09:49:22 2025,11-Jul-2025,124923,48 2.053100 N,061 0.598300 W,2.1,71.7,A,Primary,Headline,4.673469,D,P,49622.000000
Fri Jul 11 09:49:22 2025,11-Jul-2025,124924,48 2.053300 N,061 0.597400 W,2.1,71.5,A,Primary,Headline,4.673469,D,P,49622.000000
Fri Jul 11 09:49:27 2025,11-Jul-2025,124925,48 2.053500 N,061 0.596400 W,2.2,71.7,A,Depth,Depth,280.833333,D,S,67549.000000
Fri Jul 11 09:49:28 2025,11-Jul-2025,124926,48 2.053600 N,061 0.595400 W,2.2,71.8,A,Primary,Headline,52.469388,D,S,56712.000000
Fri Jul 11 09:49:28 2025,11-Jul-2025,124927,48 2.053800 N,061 0.594400 W,2.2,71.8,A,Primary,Headline,52.469388,D,S,56712.000000
Fri Jul 11 09:49:28 2025,11-Jul-2025,124928,48 2.054000 N,061 0.593500 W,2.2,71.7,A,Primary,Headline,52.469388,D,S,56712.000000
Fri Jul 11 09:49:28 2025,11-Jul-2025,124929,48 2.054200 N,061 0.592500 W,2.2,71.7,A,Primary,Headline,52.469388,D,S,56712.000000
Fri Jul 11 09:49:32 2025,11-Jul-2025,124930,48 2.054400 N,061 0.591500 W,2.3,71.9,A,DoorSpread,DoorMaster,7.930000,D,S,48783.000000
Fri Jul 11 09:49:33 2025,11-Jul-2025,124931,48 2.054600 N,061 0.590600 W,2.3,72.0,A,Primary,Headline,1.408163,D,P,47048.000000
Fri Jul 11 09:49:33 2025,11-Jul-2025,124932,48 2.054900 N,061 0.589600 W,2.3,72.0,A,Primary,Headline,1.408163,D,P,47048.000000
Fri Jul 11 09:49:35 2025,11-Jul-2025,124933,48 2.055200 N,061 0.588500 W,2.3,71.8,A,Depth,Depth,281.111111,D,S,65276.000000
Fri Jul 11 09:49:35 2025,11-Jul-2025,124934,48 2.055400 N,061 0.587500 W,2.3,71.7,A,Depth,Depth,281.111111,D,S,65276.000000
Fri Jul 11 09:49:35 2025,11-Jul-2025,124935,48 2.055600 N,061 0.586600 W,2.3,71.7,A,Depth,Depth,281.111111,D,S,65276.000000
Fri Jul 11 09:49:38 2025,11-Jul-2025,124936,48 2.055700 N,061 0.585700 W,2.3,71.8,A,Primary,Headline,26.653061,D,P,55870.000000
Fri Jul 11 09:49:38 2025,11-Jul-2025,124937,48 2.055900 N,061 0.584800 W,2.2,71.8,A,Primary,Headline,26.653061,D,P,55870.000000
Fri Jul 11 09:49:38 2025,11-Jul-2025,124938,48 2.056200 N,061 0.583900 W,2.2,71.6,A,Primary,Headline,26.653061,D,P,55870.000000
Fri Jul 11 09:49:38 2025,11-Jul-2025,124939,48 2.056400 N,061 0.583000 W,2.2,71.3,A,Primary,Headline,26.653061,D,P,55870.000000
Fri Jul 11 09:49:38 2025,11-Jul-2025,124940,48 2.056600 N,061 0.582100 W,2.2,70.8,A,Primary,Headline,26.653061,D,P,55870.000000
Fri Jul 11 09:49:43 2025,11-Jul-2025,124941,48 2.056900 N,061 0.581300 W,2.2,70.3,A,Depth,Depth,280.925926,D,S,56541.000000
Fri Jul 11 09:49:43 2025,11-Jul-2025,124942,48 2.057200 N,061 0.580500 W,2.1,69.7,A,DoorSpread,DoorMaster,7.325000,D,S,35660.000000
Fri Jul 11 09:49:43 2025,11-Jul-2025,124943,48 2.057400 N,061 0.579600 W,2.1,69.3,A,DoorSpread,DoorMaster,7.325000,D,S,35660.000000
Fri Jul 11 09:49:43 2025,11-Jul-2025,124944,48 2.057600 N,061 0.578800 W,2.1,69.4,A,DoorSpread,DoorMaster,7.325000,D,S,35660.000000
Fri Jul 11 09:49:43 2025,11-Jul-2025,124945,48 2.057700 N,061 0.577900 W,2.1,69.8,A,DoorSpread,DoorMaster,7.325000,D,S,35660.000000
Fri Jul 11 09:49:43 2025,11-Jul-2025,124946,48 2.057900 N,061 0.577000 W,2.1,70.1,A,DoorSpread,DoorMaster,7.325000,D,S,35660.000000
Fri Jul 11 09:49:48 2025,11-Jul-2025,124947,48 2.058100 N,061 0.575900 W,2.1,70.3,A,Primary,Headline,1.673469,D,S,66080.000000
Fri Jul 11 09:49:49 2025,11-Jul-2025,124948,48 2.058300 N,061 0.574900 W,2.1,70.3,A,DoorSpread,DoorMaster,7.370000,D,S,32979.000000
Fri Jul 11 09:49:51 2025,11-Jul-2025,124949,48 2.058600 N,061 0.574000 W,2.2,70.3,A,Depth,Depth,282.500000,D,S,80443.000000
Fri Jul 11 09:49:51 2025,11-Jul-2025,124950,48 2.058700 N,061 0.573000 W,2.2,70.4,A,Depth,Depth,282.500000,D,S,80443.000000
Fri Jul 11 09:49:51 2025,11-Jul-2025,124951,48 2.058900 N,061 0.572000 W,2.2,70.7,A,Depth,Depth,282.500000,D,S,80443.000000
Fri Jul 11 09:49:53 2025,11-Jul-2025,124952,48 2.059100 N,061 0.570900 W,2.2,71.0,A,Primary,Headline,6.346939,D,S,62390.000000
Fri Jul 11 09:49:55 2025,11-Jul-2025,124953,48 2.059200 N,061 0.570100 W,2.3,71.3,A,DoorSpread,DoorMaster,7.105000,D,S,20364.000000
Fri Jul 11 09:49:55 2025,11-Jul-2025,124954,48 2.059400 N,061 0.569100 W,2.3,71.6,A,DoorSpread,DoorMaster,7.105000,D,S,20364.000000
Fri Jul 11 09:49:55 2025,11-Jul-2025,124955,48 2.059500 N,061 0.568000 W,2.3,72.2,A,DoorSpread,DoorMaster,7.105000,D,S,20364.000000
Fri Jul 11 09:49:55 2025,11-Jul-2025,124956,48 2.059600 N,061 0.567000 W,2.3,72.5,A,DoorSpread,DoorMaster,7.105000,D,S,20364.000000
Fri Jul 11 09:49:59 2025,11-Jul-2025,124957,48 2.059800 N,061 0.566100 W,2.3,72.7,A,Depth,Depth,277.592593,D,P,9926.000000
Fri Jul 11 09:49:59 2025,11-Jul-2025,124958,48 2.059900 N,061 0.565100 W,2.3,72.6,A,Depth,Depth,277.592593,D,P,9926.000000
Fri Jul 11 09:50:00 2025,11-Jul-2025,124959,48 2.060100 N,061 0.564100 W,2.3,72.6,A,DoorSpread,DoorMaster,6.690000,D,P,59706.000000
Fri Jul 11 09:50:00 2025,11-Jul-2025,125000,48 2.060200 N,061 0.563200 W,2.3,72.7,A,DoorSpread,DoorMaster,6.690000,D,P,59706.000000
Fri Jul 11 09:50:00 2025,11-Jul-2025,125001,48 2.060300 N,061 0.562300 W,2.2,72.9,A,DoorSpread,DoorMaster,6.690000,D,P,59706.000000
Fri Jul 11 09:50:03 2025,11-Jul-2025,125002,48 2.060400 N,061 0.561500 W,2.2,73.1,A,Primary,Headline,1.469388,D,P,28039.000000
Fri Jul 11 09:50:03 2025,11-Jul-2025,125003,48 2.060600 N,061 0.560700 W,2.1,73.3,A,Primary,Headline,1.469388,D,P,28039.000000
Fri Jul 11 09:50:06 2025,11-Jul-2025,125004,48 2.060800 N,061 0.560000 W,2.1,73.3,A,DoorSpread,DoorMaster,6.450000,D,P,8022.000000
Fri Jul 11 09:50:07 2025,11-Jul-2025,125005,48 2.060900 N,061 0.559400 W,2.0,73.2,A,Depth,Depth,277.777778,D,S,62281.000000
Fri Jul 11 09:50:07 2025,11-Jul-2025,125006,48 2.061100 N,061 0.558700 W,1.9,73.1,A,Depth,Depth,277.777778,D,S,62281.000000
Fri Jul 11 09:50:08 2025,11-Jul-2025,125007,48 2.061200 N,061 0.558200 W,1.9,73.0,A,Primary,Headline,1.489796,D,S,68184.000000
Fri Jul 11 09:50:08 2025,11-Jul-2025,125008,48 2.061300 N,061 0.557600 W,1.8,72.9,A,Primary,Headline,1.489796,D,S,68184.000000
Fri Jul 11 09:50:08 2025,11-Jul-2025,125009,48 2.061500 N,061 0.556900 W,1.8,72.8,A,Primary,Headline,1.489796,D,S,68184.000000
Fri Jul 11 09:50:11 2025,11-Jul-2025,125010,48 2.061600 N,061 0.556100 W,1.8,72.9,A,DoorSpread,DoorMaster,6.440000,D,S,21640.000000
Fri Jul 11 09:50:11 2025,11-Jul-2025,125011,48 2.061800 N,061 0.555300 W,1.9,73.0,A,DoorSpread,DoorMaster,6.440000,D,S,21640.000000
Fri Jul 11 09:50:13 2025,11-Jul-2025,125012,48 2.062000 N,061 0.554600 W,1.8,72.9,A,Primary,Headline,2.163265,D,S,60844.000000
Fri Jul 11 09:50:15 2025,11-Jul-2025,125013,48 2.062300 N,061 0.553800 W,1.9,72.2,A,Depth,Depth,281.666667,D,S,70146.000000
Fri Jul 11 09:50:15 2025,11-Jul-2025,125014,48 2.062700 N,061 0.553000 W,2.0,71.4,A,Depth,Depth,281.666667,D,S,70146.000000
Fri Jul 11 09:50:15 2025,11-Jul-2025,125015,48 2.063000 N,061 0.551900 W,2.2,71.1,A,Depth,Depth,281.666667,D,S,70146.000000
Fri Jul 11 09:50:17 2025,11-Jul-2025,125016,48 2.063300 N,061 0.550800 W,2.3,71.1,A,DoorSpread,DoorMaster,6.585000,D,S,28512.000000
Fri Jul 11 09:50:18 2025,11-Jul-2025,125017,48 2.063600 N,061 0.549700 W,2.5,71.2,A,Primary,Headline,1.918367,D,S,54585.000000
Fri Jul 11 09:50:18 2025,11-Jul-2025,125018,48 2.064000 N,061 0.548600 W,2.6,71.3,A,Primary,Headline,1.918367,D,S,54585.000000
Fri Jul 11 09:50:18 2025,11-Jul-2025,125019,48 2.064300 N,061 0.547300 W,2.7,71.4,A,Primary,Headline,1.918367,D,S,54585.000000
Fri Jul 11 09:50:18 2025,11-Jul-2025,125020,48 2.064700 N,061 0.546200 W,2.8,71.3,A,Primary,Headline,1.918367,D,S,54585.000000
Fri Jul 11 09:50:23 2025,11-Jul-2025,125021,48 2.065000 N,061 0.545200 W,2.8,71.3,A,Depth,Depth,291.759259,D,S,102921.000000
Fri Jul 11 09:50:24 2025,11-Jul-2025,125022,48 2.065300 N,061 0.544100 W,2.8,71.2,A,Primary,Headline,1.632653,D,S,49121.000000
Fri Jul 11 09:50:24 2025,11-Jul-2025,125023,48 2.065600 N,061 0.543000 W,2.8,71.0,A,Primary,Headline,1.632653,D,S,49121.000000
Fri Jul 11 09:50:24 2025,11-Jul-2025,125024,48 2.065800 N,061 0.541900 W,2.8,71.0,A,Primary,Headline,1.632653,D,S,49121.000000
Fri Jul 11 09:50:24 2025,11-Jul-2025,125025,48 2.066100 N,061 0.540800 W,2.8,70.8,A,Primary,Headline,1.632653,D,S,49121.000000
Fri Jul 11 09:50:24 2025,11-Jul-2025,125026,48 2.066300 N,061 0.539700 W,2.7,70.7,A,Primary,Headline,1.632653,D,S,49121.000000
Fri Jul 11 09:50:29 2025,11-Jul-2025,125027,48 2.066600 N,061 0.538700 W,2.7,70.7,A,Primary,Headline,2.265306,D,P,59024.000000
Fri Jul 11 09:50:29 2025,11-Jul-2025,125028,48 2.066800 N,061 0.537800 W,2.6,70.4,A,Primary,Headline,2.265306,D,P,59024.000000
Fri Jul 11 09:50:31 2025,11-Jul-2025,125029,48 2.067100 N,061 0.537000 W,2.6,70.3,A,Depth,Depth,273.055556,D,S,86389.000000
Fri Jul 11 09:50:31 2025,11-Jul-2025,125030,48 2.067400 N,061 0.536100 W,2.5,70.0,A,Depth,Depth,273.055556,D,S,86389.000000
Fri Jul 11 09:50:31 2025,11-Jul-2025,125031,48 2.067600 N,061 0.535400 W,2.4,69.8,A,Depth,Depth,273.055556,D,S,86389.000000
Fri Jul 11 09:50:34 2025,11-Jul-2025,125032,48 2.067800 N,061 0.534500 W,2.4,69.8,A,DoorSpread,DoorMaster,5.520000,D,S,22743.000000
Fri Jul 11 09:50:34 2025,11-Jul-2025,125033,48 2.067900 N,061 0.533700 W,2.4,69.8,A,DoorSpread,DoorMaster,5.520000,D,S,22743.000000
Fri Jul 11 09:50:34 2025,11-Jul-2025,125034,48 2.068000 N,061 0.532900 W,2.3,69.9,A,DoorSpread,DoorMaster,5.520000,D,S,22743.000000
Fri Jul 11 09:50:36 2025,11-Jul-2025,125035,48 2.068100 N,061 0.532200 W,2.3,69.9,A,Depth,Depth,318.981481,D,P,9602.000000
Fri Jul 11 09:50:36 2025,11-Jul-2025,125036,48 2.068200 N,061 0.531500 W,2.3,69.8,A,Depth,Depth,318.981481,D,P,9602.000000
Fri Jul 11 09:50:39 2025,11-Jul-2025,125037,48 2.068300 N,061 0.530800 W,2.2,69.6,A,Depth,Depth,282.592593,D,S,51563.000000
Fri Jul 11 09:50:39 2025,11-Jul-2025,125038,48 2.068400 N,061 0.530100 W,2.2,69.5,A,DoorSpread,DoorMaster,5.555000,D,P,22671.000000
Fri Jul 11 09:50:39 2025,11-Jul-2025,125039,48 2.068500 N,061 0.529200 W,2.2,69.6,A,DoorSpread,DoorMaster,5.555000,D,P,22671.000000
Fri Jul 11 09:50:39 2025,11-Jul-2025,125040,48 2.068500 N,061 0.528400 W,2.2,69.8,A,DoorSpread,DoorMaster,5.555000,D,P,22671.000000
Fri Jul 11 09:50:39 2025,11-Jul-2025,125041,48 2.068700 N,061 0.527600 W,2.2,69.8,A,DoorSpread,DoorMaster,5.555000,D,P,22671.000000
Fri Jul 11 09:50:39 2025,11-Jul-2025,125042,48 2.068900 N,061 0.527000 W,2.2,69.8,A,DoorSpread,DoorMaster,5.555000,D,P,22671.000000
Fri Jul 11 09:50:45 2025,11-Jul-2025,125043,48 2.069100 N,061 0.526300 W,2.2,69.8,A,DoorSpread,DoorMaster,5.725000,D,S,41009.000000
Fri Jul 11 09:50:45 2025,11-Jul-2025,125044,48 2.069200 N,061 0.525600 W,2.2,69.7,A,DoorSpread,DoorMaster,5.725000,D,S,41009.000000
Fri Jul 11 09:50:47 2025,11-Jul-2025,125045,48 2.069400 N,061 0.524900 W,2.2,69.7,A,Depth,Depth,280.740741,D,S,77117.000000
Fri Jul 11 09:50:47 2025,11-Jul-2025,125046,48 2.069600 N,061 0.524100 W,2.2,69.8,A,Depth,Depth,280.740741,D,S,77117.000000
Fri Jul 11 09:50:47 2025,11-Jul-2025,125047,48 2.069800 N,061 0.523300 W,2.3,69.9,A,Depth,Depth,280.740741,D,S,77117.000000
Fri Jul 11 09:50:49 2025,11-Jul-2025,125048,48 2.069900 N,061 0.522400 W,2.3,69.9,A,Primary,Headline,1.734694,D,P,16079.000000
Fri Jul 11 09:50:50 2025,11-Jul-2025,125049,48 2.070100 N,061 0.521500 W,2.3,70.0,A,DoorSpread,DoorMaster,5.650000,D,S,39277.000000
Fri Jul 11 09:50:50 2025,11-Jul-2025,125050,48 2.070300 N,061 0.520500 W,2.4,70.1,A,DoorSpread,DoorMaster,5.650000,D,S,39277.000000
Fri Jul 11 09:50:53 2025,11-Jul-2025,125051,48 2.070400 N,061 0.519500 W,2.4,70.2,A,Depth,Depth,311.388889,D,P,27874.000000
Fri Jul 11 09:50:53 2025,11-Jul-2025,125052,48 2.070600 N,061 0.518500 W,2.4,70.4,A,Depth,Depth,311.388889,D,P,27874.000000
Fri Jul 11 09:50:55 2025,11-Jul-2025,125053,48 2.070700 N,061 0.517500 W,2.4,70.7,A,Depth,Depth,283.055556,D,S,91486.000000
Fri Jul 11 09:50:55 2025,11-Jul-2025,125054,48 2.070900 N,061 0.516800 W,2.4,71.0,A,Depth,Depth,283.055556,D,S,91486.000000
Fri Jul 11 09:50:56 2025,11-Jul-2025,125055,48 2.071100 N,061 0.516100 W,2.3,71.2,A,DoorSpread,DoorMaster,5.235000,D,P,16890.000000
Fri Jul 11 09:50:56 2025,11-Jul-2025,125056,48 2.071400 N,061 0.515400 W,2.3,71.4,A,DoorSpread,DoorMaster,5.235000,D,P,16890.000000
Fri Jul 11 09:50:56 2025,11-Jul-2025,125057,48 2.071700 N,061 0.514700 W,2.2,71.4,A,DoorSpread,DoorMaster,5.235000,D,P,16890.000000
Fri Jul 11 09:50:59 2025,11-Jul-2025,125058,48 2.071900 N,061 0.514000 W,2.2,71.5,A,Primary,Headline,1.734694,D,S,59950.000000
Fri Jul 11 09:51:01 2025,11-Jul-2025,125059,48 2.072100 N,061 0.513300 W,2.1,71.7,A,Depth,Depth,317.037037,D,P,8831.000000
Fri Jul 11 09:51:01 2025,11-Jul-2025,125100,48 2.072100 N,061 0.512400 W,2.1,71.8,A,DoorSpread,DoorMaster,5.235000,D,S,8356.000000
Fri Jul 11 09:51:03 2025,11-Jul-2025,125101,48 2.072200 N,061 0.511600 W,2.1,71.9,A,Depth,Depth,283.333333,D,S,45045.000000
Fri Jul 11 09:51:03 2025,11-Jul-2025,125102,48 2.072400 N,061 0.510800 W,2.0,72.1,A,Depth,Depth,283.333333,D,S,45045.000000
Fri Jul 11 09:51:04 2025,11-Jul-2025,125103,48 2.072500 N,061 0.510000 W,2.0,72.2,A,Primary,Headline,1.836735,D,P,17902.000000
Fri Jul 11 09:51:04 2025,11-Jul-2025,125104,48 2.072700 N,061 0.509300 W,2.0,72.2,A,Primary,Headline,1.836735,D,P,17902.000000
Fri Jul 11 09:51:07 2025,11-Jul-2025,125105,48 2.072800 N,061 0.508400 W,2.0,72.2,A,DoorSpread,DoorMaster,5.480000,D,S,18244.000000
Fri Jul 11 09:51:07 2025,11-Jul-2025,125106,48 2.073000 N,061 0.507600 W,2.0,72.3,A,DoorSpread,DoorMaster,5.480000,D,S,18244.000000
Fri Jul 11 09:51:07 2025,11-Jul-2025,125107,48 2.073200 N,061 0.506700 W,2.0,72.3,A,DoorSpread,DoorMaster,5.480000,D,S,18244.000000
Fri Jul 11 09:51:09 2025,11-Jul-2025,125108,48 2.073400 N,061 0.505800 W,2.0,72.4,A,Primary,Headline,1.959184,D,S,40144.000000
Fri Jul 11 09:51:11 2025,11-Jul-2025,125109,48 2.073700 N,061 0.504900 W,2.1,72.4,A,Depth,Depth,283.425926,D,S,54680.000000
Fri Jul 11 09:51:11 2025,11-Jul-2025,125110,48 2.073900 N,061 0.504100 W,2.1,72.6,A,Depth,Depth,283.425926,D,S,54680.000000
Fri Jul 11 09:51:12 2025,11-Jul-2025,125111,48 2.074000 N,061 0.503300 W,2.1,72.7,A,DoorSpread,DoorMaster,5.485000,D,S,44263.000000
Fri Jul 11 09:51:12 2025,11-Jul-2025,125112,48 2.074200 N,061 0.502400 W,2.1,72.9,A,DoorSpread,DoorMaster,5.485000,D,S,44263.000000
Fri Jul 11 09:51:14 2025,11-Jul-2025,125113,48 2.074300 N,061 0.501700 W,2.1,72.8,A,Primary,Headline,1.673469,D,S,38287.000000
Fri Jul 11 09:51:14 2025,11-Jul-2025,125114,48 2.074500 N,061 0.500900 W,2.1,72.8,A,Primary,Headline,1.673469,D,S,38287.000000
Fri Jul 11 09:51:14 2025,11-Jul-2025,125115,48 2.074700 N,061 0.500000 W,2.1,72.9,A,Primary,Headline,1.673469,D,S,38287.000000
Fri Jul 11 09:51:17 2025,11-Jul-2025,125116,48 2.074900 N,061 0.499200 W,2.1,73.0,A,Depth,Depth,312.592593,D,P,19849.000000
Fri Jul 11 09:51:19 2025,11-Jul-2025,125117,48 2.075000 N,061 0.498500 W,2.1,73.1,A,Depth,Depth,283.888889,D,S,66526.000000
Fri Jul 11 09:51:19 2025,11-Jul-2025,125118,48 2.075100 N,061 0.497900 W,2.1,73.2,A,Primary,Headline,1.897959,D,P,31029.000000
Fri Jul 11 09:51:19 2025,11-Jul-2025,125119,48 2.075200 N,061 0.497400 W,2.1,73.2,A,Primary,Headline,1.897959,D,P,31029.000000
Fri Jul 11 09:51:19 2025,11-Jul-2025,125120,48 2.075300 N,061 0.496700 W,2.1,73.1,A,Primary,Headline,1.897959,D,P,31029.000000
Fri Jul 11 09:51:19 2025,11-Jul-2025,125121,48 2.075500 N,061 0.496000 W,2.1,73.0,A,Primary,Headline,1.897959,D,P,31029.000000
Fri Jul 11 09:51:24 2025,11-Jul-2025,125122,48 2.075600 N,061 0.495300 W,2.1,72.9,A,DoorSpread,DoorMaster,5.250000,D,S,16408.000000
Fri Jul 11 09:51:24 2025,11-Jul-2025,125123,48 2.075700 N,061 0.494500 W,2.1,72.8,A,Primary,Headline,1.857143,D,P,17977.000000
Fri Jul 11 09:51:25 2025,11-Jul-2025,125124,48 2.075800 N,061 0.493800 W,2.1,72.9,A,Depth,Depth,322.592593,D,P,6594.000000
Fri Jul 11 09:51:27 2025,11-Jul-2025,125125,48 2.076000 N,061 0.492900 W,2.1,73.1,A,Depth,Depth,282.037037,D,S,80254.000000
Fri Jul 11 09:51:27 2025,11-Jul-2025,125126,48 2.076200 N,061 0.492100 W,2.1,73.2,A,Depth,Depth,282.037037,D,S,80254.000000
Fri Jul 11 09:51:27 2025,11-Jul-2025,125127,48 2.076400 N,061 0.491300 W,2.1,73.3,A,Depth,Depth,282.037037,D,S,80254.000000
Fri Jul 11 09:51:30 2025,11-Jul-2025,125128,48 2.076600 N,061 0.490500 W,2.1,73.1,A,Primary,Headline,17.510204,D,P,20802.000000
Fri Jul 11 09:51:30 2025,11-Jul-2025,125129,48 2.076900 N,061 0.489600 W,2.1,73.0,A,Primary,Headline,17.510204,D,P,20802.000000
Fri Jul 11 09:51:30 2025,11-Jul-2025,125130,48 2.077100 N,061 0.488700 W,2.1,73.1,A,Primary,Headline,17.510204,D,P,20802.000000
Fri Jul 11 09:51:30 2025,11-Jul-2025,125131,48 2.077200 N,061 0.487700 W,2.1,73.2,A,Primary,Headline,17.510204,D,P,20802.000000
Fri Jul 11 09:51:33 2025,11-Jul-2025,125132,48 2.077300 N,061 0.486700 W,2.1,73.3,A,Depth,Depth,312.407407,D,P,2428.000000
Fri Jul 11 09:51:35 2025,11-Jul-2025,125133,48 2.077500 N,061 0.485700 W,2.2,73.3,A,Depth,Depth,282.685185,D,S,50164.000000
Fri Jul 11 09:51:35 2025,11-Jul-2025,125134,48 2.077600 N,061 0.484800 W,2.2,73.3,A,Depth,Depth,282.685185,D,S,50164.000000
Fri Jul 11 09:51:35 2025,11-Jul-2025,125135,48 2.077700 N,061 0.483900 W,2.2,73.4,A,Depth,Depth,282.685185,D,S,50164.000000
Fri Jul 11 09:51:35 2025,11-Jul-2025,125136,48 2.077800 N,061 0.483100 W,2.2,73.4,A,Depth,Depth,282.685185,D,S,50164.000000
Fri Jul 11 09:51:35 2025,11-Jul-2025,125137,48 2.077900 N,061 0.482200 W,2.2,73.4,A,Depth,Depth,282.685185,D,S,50164.000000
Fri Jul 11 09:51:40 2025,11-Jul-2025,125138,48 2.078100 N,061 0.481200 W,2.2,73.4,A,Primary,Headline,1.877551,D,S,51117.000000
Fri Jul 11 09:51:40 2025,11-Jul-2025,125139,48 2.078300 N,061 0.480300 W,2.2,73.3,A,DoorSpread,DoorMaster,5.100000,D,S,24240.000000
Fri Jul 11 09:51:40 2025,11-Jul-2025,125140,48 2.078500 N,061 0.479400 W,2.2,73.3,A,DoorSpread,DoorMaster,5.100000,D,S,24240.000000
Fri Jul 11 09:51:40 2025,11-Jul-2025,125141,48 2.078700 N,061 0.478400 W,2.2,73.4,A,DoorSpread,DoorMaster,5.100000,D,S,24240.000000
Fri Jul 11 09:51:43 2025,11-Jul-2025,125142,48 2.078900 N,061 0.477400 W,2.2,73.4,A,Depth,Depth,282.500000,D,S,51014.000000
Fri Jul 11 09:51:45 2025,11-Jul-2025,125143,48 2.079100 N,061 0.476400 W,2.2,73.4,A,Primary,Headline,1.653061,D,P,20672.000000
Fri Jul 11 09:51:46 2025,11-Jul-2025,125144,48 2.079400 N,061 0.475400 W,2.3,73.4,A,DoorSpread,DoorMaster,4.655000,D,P,20162.000000
Fri Jul 11 09:51:46 2025,11-Jul-2025,125145,48 2.079600 N,061 0.474300 W,2.3,73.4,A,DoorSpread,DoorMaster,4.655000,D,P,20162.000000
Fri Jul 11 09:51:46 2025,11-Jul-2025,125146,48 2.079700 N,061 0.473400 W,2.2,73.4,A,DoorSpread,DoorMaster,4.655000,D,P,20162.000000
Fri Jul 11 09:51:46 2025,11-Jul-2025,125147,48 2.079800 N,061 0.472600 W,2.2,73.3,A,DoorSpread,DoorMaster,4.655000,D,P,20162.000000
Fri Jul 11 09:51:46 2025,11-Jul-2025,125148,48 2.080000 N,061 0.471700 W,2.2,73.3,A,DoorSpread,DoorMaster,4.655000,D,P,20162.000000
Fri Jul 11 09:51:51 2025,11-Jul-2025,125149,48 2.080200 N,061 0.470900 W,2.1,73.1,A,Depth,Depth,283.611111,D,S,68542.000000
Fri Jul 11 09:51:51 2025,11-Jul-2025,125150,48 2.080400 N,061 0.470000 W,2.1,73.1,A,DoorSpread,DoorMaster,4.580000,D,S,24631.000000
Fri Jul 11 09:51:51 2025,11-Jul-2025,125151,48 2.080600 N,061 0.469100 W,2.1,73.1,A,DoorSpread,DoorMaster,4.580000,D,S,24631.000000
Fri Jul 11 09:51:51 2025,11-Jul-2025,125152,48 2.080800 N,061 0.468300 W,2.1,73.1,A,DoorSpread,DoorMaster,4.580000,D,S,24631.000000
Fri Jul 11 09:51:51 2025,11-Jul-2025,125153,48 2.080900 N,061 0.467500 W,2.1,73.0,A,DoorSpread,DoorMaster,4.580000,D,S,24631.000000
Fri Jul 11 09:51:51 2025,11-Jul-2025,125154,48 2.081100 N,061 0.466700 W,2.1,72.9,A,DoorSpread,DoorMaster,4.580000,D,S,24631.000000
Fri Jul 11 09:51:57 2025,11-Jul-2025,125155,48 2.081200 N,061 0.465900 W,2.1,72.7,A,DoorSpread,DoorMaster,4.495000,D,S,32092.000000
Fri Jul 11 09:51:57 2025,11-Jul-2025,125156,48 2.081400 N,061 0.465000 W,2.1,72.5,A,DoorSpread,DoorMaster,4.495000,D,S,32092.000000
Fri Jul 11 09:51:57 2025,11-Jul-2025,125157,48 2.081500 N,061 0.464200 W,2.1,72.3,A,DoorSpread,DoorMaster,4.495000,D,S,32092.000000
Fri Jul 11 09:51:59 2025,11-Jul-2025,125158,48 2.081700 N,061 0.463400 W,2.1,72.3,A,Depth,Depth,283.888889,D,S,66809.000000
Fri Jul 11 09:52:00 2025,11-Jul-2025,125159,48 2.081900 N,061 0.462500 W,2.2,72.4,A,Primary,Headline,1.265306,D,P,33116.000000
Fri Jul 11 09:52:00 2025,11-Jul-2025,125200,48 2.082000 N,061 0.461700 W,2.2,72.3,A,Primary,Headline,1.265306,D,P,33116.000000
Fri Jul 11 09:52:02 2025,11-Jul-2025,125201,48 2.082200 N,061 0.460800 W,2.2,72.0,A,DoorSpread,DoorMaster,4.575000,D,S,21362.000000
Fri Jul 11 09:52:02 2025,11-Jul-2025,125202,48 2.082400 N,061 0.459900 W,2.2,71.6,A,DoorSpread,DoorMaster,4.575000,D,S,21362.000000
Fri Jul 11 09:52:02 2025,11-Jul-2025,125203,48 2.082500 N,061 0.458800 W,2.3,71.4,A,DoorSpread,DoorMaster,4.575000,D,S,21362.000000
Fri Jul 11 09:52:05 2025,11-Jul-2025,125204,48 2.082600 N,061 0.457800 W,2.3,71.5,A,Primary,Headline,1.836735,D,S,52034.000000
Fri Jul 11 09:52:06 2025,11-Jul-2025,125205,48 2.082800 N,061 0.456800 W,2.3,71.6,A,Depth,Depth,19.722222,D,P,23818.000000
Fri Jul 11 09:52:08 2025,11-Jul-2025,125206,48 2.082900 N,061 0.455900 W,2.3,71.5,A,DoorSpread,DoorMaster,4.230000,D,P,22002.000000
Fri Jul 11 09:52:08 2025,11-Jul-2025,125207,48 2.083200 N,061 0.455000 W,2.3,71.6,A,DoorSpread,DoorMaster,4.230000,D,P,22002.000000
Fri Jul 11 09:52:08 2025,11-Jul-2025,125208,48 2.083400 N,061 0.454100 W,2.3,71.7,A,DoorSpread,DoorMaster,4.230000,D,P,22002.000000
Fri Jul 11 09:52:10 2025,11-Jul-2025,125209,48 2.083600 N,061 0.453200 W,2.2,71.8,A,Primary,Headline,1.387755,D,P,34373.000000
Fri Jul 11 09:52:10 2025,11-Jul-2025,125210,48 2.083700 N,061 0.452300 W,2.2,72.0,A,Primary,Headline,1.387755,D,P,34373.000000
Fri Jul 11 09:52:13 2025,11-Jul-2025,125211,48 2.083900 N,061 0.451500 W,2.1,72.0,A,DoorSpread,DoorMaster,4.130000,D,S,11688.000000
Fri Jul 11 09:52:13 2025,11-Jul-2025,125212,48 2.084000 N,061 0.450700 W,2.1,72.1,A,DoorSpread,DoorMaster,4.130000,D,S,11688.000000
Fri Jul 11 09:52:14 2025,11-Jul-2025,125213,48 2.084100 N,061 0.449800 W,2.1,72.3,A,Depth,Depth,316.851852,D,S,53837.000000
Fri Jul 11 09:52:14 2025,11-Jul-2025,125214,48 2.084300 N,061 0.449000 W,2.1,72.4,A,Depth,Depth,316.851852,D,S,53837.000000
Fri Jul 11 09:52:16 2025,11-Jul-2025,125215,48 2.084400 N,061 0.448300 W,2.1,72.5,A,Primary,Headline,55.346939,D,S,52045.000000
Fri Jul 11 09:52:16 2025,11-Jul-2025,125216,48 2.084600 N,061 0.447400 W,2.1,72.6,A,Primary,Headline,55.346939,D,S,52045.000000
Fri Jul 11 09:52:18 2025,11-Jul-2025,125217,48 2.084900 N,061 0.446500 W,2.1,72.6,A,DoorSpread,DoorMaster,4.400000,D,S,25444.000000
Fri Jul 11 09:52:18 2025,11-Jul-2025,125218,48 2.085100 N,061 0.445600 W,2.2,72.5,A,DoorSpread,DoorMaster,4.400000,D,S,25444.000000
Fri Jul 11 09:52:18 2025,11-Jul-2025,125219,48 2.085300 N,061 0.444600 W,2.2,72.5,A,DoorSpread,DoorMaster,4.400000,D,S,25444.000000
Fri Jul 11 09:52:21 2025,11-Jul-2025,125220,48 2.085600 N,061 0.443700 W,2.2,72.6,A,Primary,Headline,1.755102,D,S,46132.000000
Fri Jul 11 09:52:22 2025,11-Jul-2025,125221,48 2.085800 N,061 0.442700 W,2.3,72.6,A,Depth,Depth,317.129630,D,S,42044.000000
Fri Jul 11 09:52:24 2025,11-Jul-2025,125222,48 2.086100 N,061 0.441800 W,2.3,72.5,A,DoorSpread,DoorMaster,3.800000,D,S,26944.000000
Fri Jul 11 09:52:24 2025,11-Jul-2025,125223,48 2.086400 N,061 0.440900 W,2.2,72.5,A,DoorSpread,DoorMaster,3.800000,D,S,26944.000000
Fri Jul 11 09:52:24 2025,11-Jul-2025,125224,48 2.086600 N,061 0.440000 W,2.2,72.4,A,DoorSpread,DoorMaster,3.800000,D,S,26944.000000
Fri Jul 11 09:52:26 2025,11-Jul-2025,125225,48 2.086800 N,061 0.439100 W,2.3,72.5,A,Primary,Headline,1.857143,D,S,31575.000000
Fri Jul 11 09:52:26 2025,11-Jul-2025,125226,48 2.087000 N,061 0.438100 W,2.3,72.7,A,Primary,Headline,1.857143,D,S,31575.000000
Fri Jul 11 09:52:26 2025,11-Jul-2025,125227,48 2.087100 N,061 0.437100 W,2.3,72.9,A,Primary,Headline,1.857143,D,S,31575.000000
Fri Jul 11 09:52:29 2025,11-Jul-2025,125228,48 2.087300 N,061 0.436200 W,2.3,73.0,A,DoorSpread,DoorMaster,3.890000,D,S,24914.000000
Fri Jul 11 09:52:31 2025,11-Jul-2025,125229,48 2.087500 N,061 0.435300 W,2.2,72.9,A,Depth,Depth,316.759259,D,S,47016.000000
Fri Jul 11 09:52:31 2025,11-Jul-2025,125230,48 2.087800 N,061 0.434400 W,2.2,72.7,A,Primary,Headline,1.551020,D,S,37318.000000
Fri Jul 11 09:52:31 2025,11-Jul-2025,125231,48 2.088100 N,061 0.433600 W,2.2,72.4,A,Primary,Headline,1.551020,D,S,37318.000000
Fri Jul 11 09:52:31 2025,11-Jul-2025,125232,48 2.088300 N,061 0.432800 W,2.2,72.2,A,Primary,Headline,1.551020,D,S,37318.000000
Fri Jul 11 09:52:35 2025,11-Jul-2025,125233,48 2.088600 N,061 0.432100 W,2.2,72.2,A,DoorSpread,DoorMaster,3.655000,D,S,26646.000000
Fri Jul 11 09:52:35 2025,11-Jul-2025,125234,48 2.088900 N,061 0.431300 W,2.2,72.1,A,DoorSpread,DoorMaster,3.655000,D,S,26646.000000
Fri Jul 11 09:52:37 2025,11-Jul-2025,125235,48 2.089200 N,061 0.430400 W,2.2,71.9,A,Primary,Headline,31.530612,D,S,64576.000000
Fri Jul 11 09:52:37 2025,11-Jul-2025,125236,48 2.089500 N,061 0.429600 W,2.2,71.7,A,Primary,Headline,31.530612,D,S,64576.000000
Fri Jul 11 09:52:39 2025,11-Jul-2025,125237,48 2.089800 N,061 0.428600 W,2.3,71.4,A,Depth,Depth,317.777778,D,S,28620.000000
Fri Jul 11 09:52:39 2025,11-Jul-2025,125238,48 2.090000 N,061 0.427600 W,2.3,71.1,A,Depth,Depth,317.777778,D,S,28620.000000
Fri Jul 11 09:52:40 2025,11-Jul-2025,125239,48 2.090300 N,061 0.426600 W,2.4,71.0,A,DoorSpread,DoorMaster,3.275000,D,S,23286.000000
Fri Jul 11 09:52:42 2025,11-Jul-2025,125240,48 2.090500 N,061 0.425500 W,2.5,71.3,A,Primary,Headline,1.591837,D,P,71518.000000
Fri Jul 11 09:52:42 2025,11-Jul-2025,125241,48 2.090700 N,061 0.424300 W,2.6,71.6,A,Primary,Headline,1.591837,D,P,71518.000000
Fri Jul 11 09:52:42 2025,11-Jul-2025,125242,48 2.090900 N,061 0.423100 W,2.7,71.8,A,Primary,Headline,1.591837,D,P,71518.000000
Fri Jul 11 09:52:42 2025,11-Jul-2025,125243,48 2.091200 N,061 0.421900 W,2.8,71.7,A,Primary,Headline,1.591837,D,P,71518.000000
Fri Jul 11 09:52:45 2025,11-Jul-2025,125244,48 2.091500 N,061 0.420600 W,2.9,71.5,A,DoorSpread,DoorMaster,2.920000,D,S,43797.000000
Fri Jul 11 09:52:47 2025,11-Jul-2025,125245,48 2.091700 N,061 0.419300 W,2.9,71.4,A,Primary,Headline,1.653061,D,S,36601.000000
Fri Jul 11 09:52:47 2025,11-Jul-2025,125246,48 2.092000 N,061 0.418000 W,3.0,71.3,A,Primary,Headline,1.653061,D,S,36601.000000
Fri Jul 11 09:52:47 2025,11-Jul-2025,125247,48 2.092200 N,061 0.416700 W,3.1,71.4,A,Primary,Headline,1.653061,D,S,36601.000000
Fri Jul 11 09:52:47 2025,11-Jul-2025,125248,48 2.092300 N,061 0.415500 W,3.1,71.6,A,Primary,Headline,1.653061,D,S,36601.000000
Fri Jul 11 09:52:51 2025,11-Jul-2025,125249,48 2.092500 N,061 0.414200 W,3.2,71.9,A,DoorSpread,DoorMaster,2.640000,D,S,29237.000000
Fri Jul 11 09:52:52 2025,11-Jul-2025,125250,48 2.092900 N,061 0.412900 W,3.2,72.0,A,Primary,Headline,1.591837,D,S,37696.000000
Fri Jul 11 09:52:52 2025,11-Jul-2025,125251,48 2.093200 N,061 0.411500 W,3.3,72.1,A,Primary,Headline,1.591837,D,S,37696.000000
Fri Jul 11 09:52:52 2025,11-Jul-2025,125252,48 2.093400 N,061 0.410200 W,3.3,72.1,A,Primary,Headline,1.591837,D,S,37696.000000
Fri Jul 11 09:52:55 2025,11-Jul-2025,125253,48 2.093700 N,061 0.408800 W,3.4,72.1,A,Depth,Depth,321.666667,D,S,22839.000000
Fri Jul 11 09:52:55 2025,11-Jul-2025,125254,48 2.093900 N,061 0.407300 W,3.4,72.2,A,Depth,Depth,321.666667,D,S,22839.000000
Fri Jul 11 09:52:55 2025,11-Jul-2025,125255,48 2.094100 N,061 0.405900 W,3.5,72.3,A,Depth,Depth,321.666667,D,S,22839.000000
Fri Jul 11 09:52:57 2025,11-Jul-2025,125256,48 2.094500 N,061 0.404500 W,3.5,72.3,A,Primary,Headline,3.265306,D,S,24961.000000
Fri Jul 11 09:52:57 2025,11-Jul-2025,125257,48 2.094800 N,061 0.403000 W,3.5,72.4,A,Primary,Headline,3.265306,D,S,24961.000000
Fri Jul 11 09:52:57 2025,11-Jul-2025,125258,48 2.095100 N,061 0.401500 W,3.6,72.4,A,Primary,Headline,3.265306,D,S,24961.000000
Fri Jul 11 09:52:57 2025,11-Jul-2025,125259,48 2.095300 N,061 0.400100 W,3.6,72.5,A,Primary,Headline,3.265306,D,S,24961.000000
Fri Jul 11 09:52:57 2025,11-Jul-2025,125300,48 2.095400 N,061 0.398600 W,3.6,72.7,A,Primary,Headline,3.265306,D,S,24961.000000
Fri Jul 11 09:53:02 2025,11-Jul-2025,125301,48 2.095600 N,061 0.397100 W,3.6,72.9,A,Primary,Headline,0.346939,D,P,29363.000000
Fri Jul 11 09:53:03 2025,11-Jul-2025,125302,48 2.095900 N,061 0.395700 W,3.7,73.0,A,Depth,Depth,348.518519,D,S,20189.000000
Fri Jul 11 09:53:03 2025,11-Jul-2025,125303,48 2.096300 N,061 0.394200 W,3.7,73.0,A,Depth,Depth,348.518519,D,S,20189.000000
Fri Jul 11 09:53:03 2025,11-Jul-2025,125304,48 2.096600 N,061 0.392700 W,3.7,73.1,A,Depth,Depth,348.518519,D,S,20189.000000
Fri Jul 11 09:53:07 2025,11-Jul-2025,125305,48 2.096900 N,061 0.391200 W,3.7,73.3,A,Primary,Headline,2.387755,D,P,29434.000000
Fri Jul 11 09:53:07 2025,11-Jul-2025,125306,48 2.097200 N,061 0.389700 W,3.7,73.6,A,Primary,Headline,2.387755,D,P,29434.000000
Fri Jul 11 09:53:07 2025,11-Jul-2025,125307,48 2.097500 N,061 0.388100 W,3.7,73.8,A,Primary,Headline,2.387755,D,P,29434.000000
Fri Jul 11 09:53:07 2025,11-Jul-2025,125308,48 2.097800 N,061 0.386800 W,3.7,73.9,A,Primary,Headline,2.387755,D,P,29434.000000
Fri Jul 11 09:53:07 2025,11-Jul-2025,125309,48 2.098100 N,061 0.385300 W,3.7,74.1,A,Primary,Headline,2.387755,D,P,29434.000000
Fri Jul 11 09:53:11 2025,11-Jul-2025,125310,48 2.098300 N,061 0.383800 W,3.7,74.2,A,Depth,Depth,286.851852,D,S,12011.000000
Fri Jul 11 09:53:12 2025,11-Jul-2025,125311,48 2.098600 N,061 0.382300 W,3.7,74.3,A,DoorSpread,DoorMaster,3.175000,D,S,21681.000000
Fri Jul 11 09:53:12 2025,11-Jul-2025,125312,48 2.098800 N,061 0.380800 W,3.7,74.4,A,DoorSpread,DoorMaster,3.175000,D,S,21681.000000
Fri Jul 11 09:53:12 2025,11-Jul-2025,125313,48 2.099100 N,061 0.379300 W,3.7,74.4,A,DoorSpread,DoorMaster,3.175000,D,S,21681.000000
Fri Jul 11 09:53:12 2025,11-Jul-2025,125314,48 2.099400 N,061 0.377800 W,3.7,74.3,A,DoorSpread,DoorMaster,3.175000,D,S,21681.000000
Fri Jul 11 09:53:17 2025,11-Jul-2025,125315,48 2.099600 N,061 0.376300 W,3.7,74.3,A,Primary,Headline,2.265306,D,S,18463.000000
Fri Jul 11 09:53:18 2025,11-Jul-2025,125316,48 2.099900 N,061 0.374900 W,3.7,74.3,A,DoorSpread,DoorMaster,3.240000,D,S,18234.000000
Fri Jul 11 09:53:18 2025,11-Jul-2025,125317,48 2.100200 N,061 0.373500 W,3.7,74.3,A,DoorSpread,DoorMaster,3.240000,D,S,18234.000000
Fri Jul 11 09:53:19 2025,11-Jul-2025,125318,48 2.100400 N,061 0.372100 W,3.6,74.3,A,Depth,Depth,281.203704,D,S,28622.000000
Fri Jul 11 09:53:19 2025,11-Jul-2025,125319,48 2.100700 N,061 0.370700 W,3.6,74.2,A,Depth,Depth,281.203704,D,S,28622.000000
Fri Jul 11 09:53:19 2025,11-Jul-2025,125320,48 2.101100 N,061 0.369300 W,3.6,74.2,A,Depth,Depth,281.203704,D,S,28622.000000
Fri Jul 11 09:53:23 2025,11-Jul-2025,125321,48 2.101400 N,061 0.368000 W,3.6,74.3,A,DoorSpread,DoorMaster,2.635000,D,S,23903.000000
Fri Jul 11 09:53:23 2025,11-Jul-2025,125322,48 2.101600 N,061 0.366600 W,3.6,74.3,A,DoorSpread,DoorMaster,2.635000,D,S,23903.000000
Fri Jul 11 09:53:23 2025,11-Jul-2025,125323,48 2.101900 N,061 0.365100 W,3.6,74.2,A,DoorSpread,DoorMaster,2.635000,D,S,23903.000000
Fri Jul 11 09:53:23 2025,11-Jul-2025,125324,48 2.102200 N,061 0.363700 W,3.6,74.1,A,DoorSpread,DoorMaster,2.635000,D,S,23903.000000
Fri Jul 11 09:53:23 2025,11-Jul-2025,125325,48 2.102500 N,061 0.362200 W,3.6,73.9,A,DoorSpread,DoorMaster,2.635000,D,S,23903.000000
Fri Jul 11 09:53:28 2025,11-Jul-2025,125326,48 2.102800 N,061 0.360600 W,3.6,73.8,A,Depth,Depth,358.703704,D,S,23102.000000
Fri Jul 11 09:53:28 2025,11-Jul-2025,125327,48 2.103100 N,061 0.359100 W,3.6,73.8,A,DoorSpread,DoorMaster,2.755000,D,S,32695.000000
Fri Jul 11 09:53:28 2025,11-Jul-2025,125328,48 2.103400 N,061 0.357600 W,3.6,73.9,A,DoorSpread,DoorMaster,2.755000,D,S,32695.000000
Fri Jul 11 09:53:28 2025,11-Jul-2025,125329,48 2.103600 N,061 0.356100 W,3.6,73.9,A,DoorSpread,DoorMaster,2.755000,D,S,32695.000000
Fri Jul 11 09:53:28 2025,11-Jul-2025,125330,48 2.104000 N,061 0.354500 W,3.6,73.8,A,DoorSpread,DoorMaster,2.755000,D,S,32695.000000
Fri Jul 11 09:53:33 2025,11-Jul-2025,125331,48 2.104300 N,061 0.353000 W,3.7,73.7,A,Primary,Headline,21.244898,D,S,39845.000000
Fri Jul 11 09:53:34 2025,11-Jul-2025,125332,48 2.104600 N,061 0.351500 W,3.7,73.7,A,DoorSpread,DoorMaster,2.890000,D,S,41026.000000
Fri Jul 11 09:53:34 2025,11-Jul-2025,125333,48 2.105000 N,061 0.350100 W,3.6,73.7,A,DoorSpread,DoorMaster,2.890000,D,S,41026.000000
Fri Jul 11 09:53:36 2025,11-Jul-2025,125334,48 2.105300 N,061 0.348700 W,3.6,73.8,A,Depth,Depth,381.296296,D,P,21525.000000
Fri Jul 11 09:53:36 2025,11-Jul-2025,125335,48 2.105600 N,061 0.347300 W,3.6,73.9,A,Depth,Depth,381.296296,D,P,21525.000000
Fri Jul 11 09:53:38 2025,11-Jul-2025,125336,48 2.105800 N,061 0.346000 W,3.6,73.9,A,Primary,Headline,1.938776,D,S,22965.000000
Fri Jul 11 09:53:38 2025,11-Jul-2025,125337,48 2.106100 N,061 0.344700 W,3.6,73.9,A,Primary,Headline,1.938776,D,S,22965.000000
Fri Jul 11 09:53:39 2025,11-Jul-2025,125338,48 2.106400 N,061 0.343300 W,3.6,73.7,A,DoorSpread,DoorMaster,3.020000,D,S,53756.000000
Fri Jul 11 09:53:39 2025,11-Jul-2025,125339,48 2.106700 N,061 0.341800 W,3.6,73.5,A,DoorSpread,DoorMaster,3.020000,D,S,53756.000000
Fri Jul 11 09:53:39 2025,11-Jul-2025,125340,48 2.107000 N,061 0.340400 W,3.6,73.5,A,DoorSpread,DoorMaster,3.020000,D,S,53756.000000
Fri Jul 11 09:53:43 2025,11-Jul-2025,125341,48 2.107200 N,061 0.339000 W,3.6,73.6,A,Primary,Headline,0.000000,D,P,52341.000000
Fri Jul 11 09:53:43 2025,11-Jul-2025,125342,48 2.107500 N,061 0.337500 W,3.6,73.7,A,Depth,Depth,287.222222,D,S,38475.000000
Fri Jul 11 09:53:44 2025,11-Jul-2025,125343,48 2.107800 N,061 0.336100 W,3.6,73.7,A,DoorSpread,DoorMaster,3.235000,D,S,61026.000000
Fri Jul 11 09:53:44 2025,11-Jul-2025,125344,48 2.108100 N,061 0.334700 W,3.6,73.8,A,DoorSpread,DoorMaster,3.235000,D,S,61026.000000
Fri Jul 11 09:53:44 2025,11-Jul-2025,125345,48 2.108300 N,061 0.333300 W,3.6,73.8,A,DoorSpread,DoorMaster,3.235000,D,S,61026.000000
Fri Jul 11 09:53:48 2025,11-Jul-2025,125346,48 2.108500 N,061 0.331900 W,3.6,73.9,A,Primary,Headline,1.204082,D,S,52662.000000
Fri Jul 11 09:53:48 2025,11-Jul-2025,125347,48 2.108600 N,061 0.330500 W,3.6,73.9,A,Primary,Headline,1.204082,D,S,52662.000000
Fri Jul 11 09:53:50 2025,11-Jul-2025,125348,48 2.108800 N,061 0.329000 W,3.6,73.8,A,DoorSpread,DoorMaster,3.030000,D,S,37377.000000
Fri Jul 11 09:53:50 2025,11-Jul-2025,125349,48 2.109000 N,061 0.327600 W,3.6,73.7,A,DoorSpread,DoorMaster,3.030000,D,S,37377.000000
Fri Jul 11 09:53:51 2025,11-Jul-2025,125350,48 2.109300 N,061 0.326200 W,3.6,73.6,A,Depth,Depth,285.277778,D,P,49124.000000
Fri Jul 11 09:53:51 2025,11-Jul-2025,125351,48 2.109500 N,061 0.324700 W,3.6,73.7,A,Depth,Depth,285.277778,D,P,49124.000000
Fri Jul 11 09:53:53 2025,11-Jul-2025,125352,48 2.109800 N,061 0.323200 W,3.6,73.8,A,Primary,Headline,26.469388,D,S,42870.000000
Fri Jul 11 09:53:53 2025,11-Jul-2025,125353,48 2.110100 N,061 0.321800 W,3.6,73.8,A,Primary,Headline,26.469388,D,S,42870.000000
Fri Jul 11 09:53:55 2025,11-Jul-2025,125354,48 2.110500 N,061 0.320300 W,3.7,73.7,A,DoorSpread,DoorMaster,3.220000,D,S,24773.000000
Fri Jul 11 09:53:55 2025,11-Jul-2025,125355,48 2.110800 N,061 0.318700 W,3.7,73.7,A,DoorSpread,DoorMaster,3.220000,D,S,24773.000000
Fri Jul 11 09:53:55 2025,11-Jul-2025,125356,48 2.111100 N,061 0.317200 W,3.7,73.7,A,DoorSpread,DoorMaster,3.220000,D,S,24773.000000
Fri Jul 11 09:53:58 2025,11-Jul-2025,125357,48 2.111200 N,061 0.315700 W,3.7,73.9,A,Primary,Headline,2.530612,D,P,52326.000000
Fri Jul 11 09:53:59 2025,11-Jul-2025,125358,48 2.111400 N,061 0.314300 W,3.6,74.1,A,Depth,Depth,287.870370,D,P,55830.000000
Fri Jul 11 09:54:01 2025,11-Jul-2025,125359,48 2.111700 N,061 0.312800 W,3.6,74.2,A,DoorSpread,DoorMaster,3.285000,D,P,45221.000000
Fri Jul 11 09:54:01 2025,11-Jul-2025,125400,48 2.111900 N,061 0.311300 W,3.6,74.3,A,DoorSpread,DoorMaster,3.285000,D,P,45221.000000
Fri Jul 11 09:54:01 2025,11-Jul-2025,125401,48 2.112200 N,061 0.309800 W,3.6,74.3,A,DoorSpread,DoorMaster,3.285000,D,P,45221.000000
Fri Jul 11 09:54:03 2025,11-Jul-2025,125402,48 2.112400 N,061 0.308400 W,3.6,74.4,A,Primary,Headline,1.326531,D,P,48347.000000
Fri Jul 11 09:54:03 2025,11-Jul-2025,125403,48 2.112600 N,061 0.307000 W,3.6,74.6,A,Primary,Headline,1.326531,D,P,48347.000000
Fri Jul 11 09:54:06 2025,11-Jul-2025,125404,48 2.112800 N,061 0.305600 W,3.6,74.8,A,DoorSpread,DoorMaster,2.850000,D,P,36330.000000
Fri Jul 11 09:54:06 2025,11-Jul-2025,125405,48 2.113100 N,061 0.304200 W,3.6,75.0,A,DoorSpread,DoorMaster,2.850000,D,P,36330.000000
Fri Jul 11 09:54:08 2025,11-Jul-2025,125406,48 2.113400 N,061 0.302800 W,3.6,75.1,A,Depth,Depth,283.425926,D,P,48385.000000
Fri Jul 11 09:54:08 2025,11-Jul-2025,125407,48 2.113700 N,061 0.301300 W,3.6,75.2,A,Primary,Headline,0.938776,D,P,56813.000000
Fri Jul 11 09:54:08 2025,11-Jul-2025,125408,48 2.114000 N,061 0.299800 W,3.6,75.3,A,Primary,Headline,0.938776,D,P,56813.000000
Fri Jul 11 09:54:08 2025,11-Jul-2025,125409,48 2.114300 N,061 0.298300 W,3.6,75.4,A,Primary,Headline,0.938776,D,P,56813.000000
Fri Jul 11 09:54:11 2025,11-Jul-2025,125410,48 2.114500 N,061 0.296800 W,3.7,75.6,A,DoorSpread,DoorMaster,2.995000,D,P,31895.000000
Fri Jul 11 09:54:11 2025,11-Jul-2025,125411,48 2.114800 N,061 0.295300 W,3.7,75.6,A,DoorSpread,DoorMaster,2.995000,D,P,31895.000000
Fri Jul 11 09:54:14 2025,11-Jul-2025,125412,48 2.115200 N,061 0.294000 W,3.7,75.6,A,Primary,Headline,40.836735,D,P,50011.000000
Fri Jul 11 09:54:14 2025,11-Jul-2025,125413,48 2.115600 N,061 0.292500 W,3.7,75.4,A,Primary,Headline,40.836735,D,P,50011.000000
Fri Jul 11 09:54:16 2025,11-Jul-2025,125414,48 2.116000 N,061 0.291000 W,3.7,75.2,A,Depth,Depth,286.666667,D,S,30965.000000
Fri Jul 11 09:54:17 2025,11-Jul-2025,125415,48 2.116400 N,061 0.289500 W,3.7,75.0,A,DoorSpread,DoorMaster,2.670000,D,P,32576.000000
Fri Jul 11 09:54:17 2025,11-Jul-2025,125416,48 2.116800 N,061 0.288000 W,3.7,74.8,A,DoorSpread,DoorMaster,2.670000,D,P,32576.000000
Fri Jul 11 09:54:17 2025,11-Jul-2025,125417,48 2.117200 N,061 0.286600 W,3.7,74.6,A,DoorSpread,DoorMaster,2.670000,D,P,32576.000000
Fri Jul 11 09:54:19 2025,11-Jul-2025,125418,48 2.117600 N,061 0.285200 W,3.7,74.4,A,Primary,Headline,1.244898,D,P,56005.000000
Fri Jul 11 09:54:19 2025,11-Jul-2025,125419,48 2.118000 N,061 0.283900 W,3.7,74.2,A,Primary,Headline,1.244898,D,P,56005.000000
Fri Jul 11 09:54:22 2025,11-Jul-2025,125420,48 2.118300 N,061 0.282500 W,3.7,74.0,A,DoorSpread,DoorMaster,2.250000,D,S,22579.000000
Fri Jul 11 09:54:22 2025,11-Jul-2025,125421,48 2.118700 N,061 0.281200 W,3.7,73.8,A,DoorSpread,DoorMaster,2.250000,D,S,22579.000000
Fri Jul 11 09:54:24 2025,11-Jul-2025,125422,48 2.119000 N,061 0.279800 W,3.7,73.6,A,Primary,Headline,1.673469,D,S,44224.000000
Fri Jul 11 09:54:24 2025,11-Jul-2025,125423,48 2.119200 N,061 0.278500 W,3.7,73.3,A,Primary,Headline,1.673469,D,S,44224.000000
Fri Jul 11 09:54:24 2025,11-Jul-2025,125424,48 2.119400 N,061 0.277100 W,3.7,73.2,A,Primary,Headline,1.673469,D,S,44224.000000
Fri Jul 11 09:54:24 2025,11-Jul-2025,125425,48 2.119700 N,061 0.275700 W,3.7,72.9,A,Primary,Headline,1.673469,D,S,44224.000000
Fri Jul 11 09:54:27 2025,11-Jul-2025,125426,48 2.120000 N,061 0.274300 W,3.7,72.8,A,DoorSpread,DoorMaster,2.410000,D,S,51555.000000
Fri Jul 11 09:54:29 2025,11-Jul-2025,125427,48 2.120300 N,061 0.272900 W,3.7,72.7,A,Primary,Headline,2.020408,D,P,31126.000000
Fri Jul 11 09:54:29 2025,11-Jul-2025,125428,48 2.120600 N,061 0.271600 W,3.7,72.6,A,Primary,Headline,2.020408,D,P,31126.000000
Fri Jul 11 09:54:29 2025,11-Jul-2025,125429,48 2.121000 N,061 0.270300 W,3.7,72.5,A,Primary,Headline,2.020408,D,P,31126.000000
Fri Jul 11 09:54:32 2025,11-Jul-2025,125430,48 2.121300 N,061 0.268900 W,3.7,72.3,A,Depth,Depth,287.592593,D,S,46524.000000
Fri Jul 11 09:54:33 2025,11-Jul-2025,125431,48 2.121600 N,061 0.267400 W,3.7,72.3,A,DoorSpread,DoorMaster,2.435000,D,S,27496.000000
Fri Jul 11 09:54:34 2025,11-Jul-2025,125432,48 2.121900 N,061 0.266100 W,3.6,72.4,A,Primary,Headline,2.000000,D,S,44163.000000
Fri Jul 11 09:54:34 2025,11-Jul-2025,125433,48 2.122100 N,061 0.264600 W,3.6,72.5,A,Primary,Headline,2.000000,D,S,44163.000000
Fri Jul 11 09:54:34 2025,11-Jul-2025,125434,48 2.122400 N,061 0.263100 W,3.6,72.6,A,Primary,Headline,2.000000,D,S,44163.000000
Fri Jul 11 09:54:34 2025,11-Jul-2025,125435,48 2.122700 N,061 0.261700 W,3.6,72.4,A,Primary,Headline,2.000000,D,S,44163.000000
Fri Jul 11 09:54:38 2025,11-Jul-2025,125436,48 2.123100 N,061 0.260200 W,3.6,72.2,A,DoorSpread,DoorMaster,2.530000,D,S,26737.000000
Fri Jul 11 09:54:38 2025,11-Jul-2025,125437,48 2.123400 N,061 0.258800 W,3.6,71.9,A,DoorSpread,DoorMaster,2.530000,D,S,26737.000000
Fri Jul 11 09:54:40 2025,11-Jul-2025,125438,48 2.123800 N,061 0.257400 W,3.6,71.7,A,Depth,Depth,290.277778,D,S,31621.000000
Fri Jul 11 09:54:41 2025,11-Jul-2025,125439,48 2.124000 N,061 0.255900 W,3.6,71.7,A,Depth,Depth,326.481481,D,P,22679.000000
Fri Jul 11 09:54:41 2025,11-Jul-2025,125440,48 2.124300 N,061 0.254400 W,3.6,71.7,A,Depth,Depth,326.481481,D,P,22679.000000
Fri Jul 11 09:54:41 2025,11-Jul-2025,125441,48 2.124600 N,061 0.253000 W,3.6,71.7,A,Depth,Depth,326.481481,D,P,22679.000000
Fri Jul 11 09:54:43 2025,11-Jul-2025,125442,48 2.124900 N,061 0.251500 W,3.6,71.8,A,DoorSpread,DoorMaster,2.635000,D,S,41971.000000
Fri Jul 11 09:54:44 2025,11-Jul-2025,125443,48 2.125200 N,061 0.250000 W,3.6,71.9,A,Primary,Headline,2.224490,D,S,57392.000000
Fri Jul 11 09:54:44 2025,11-Jul-2025,125444,48 2.125500 N,061 0.248600 W,3.6,71.8,A,Primary,Headline,2.224490,D,S,57392.000000
Fri Jul 11 09:54:44 2025,11-Jul-2025,125445,48 2.125700 N,061 0.247200 W,3.6,71.9,A,Primary,Headline,2.224490,D,S,57392.000000
Fri Jul 11 09:54:48 2025,11-Jul-2025,125446,48 2.126000 N,061 0.245800 W,3.6,71.8,A,Depth,Depth,285.277778,D,S,51143.000000
Fri Jul 11 09:54:49 2025,11-Jul-2025,125447,48 2.126300 N,061 0.244400 W,3.6,71.8,A,DoorSpread,DoorMaster,2.820000,D,S,37590.000000
Fri Jul 11 09:54:49 2025,11-Jul-2025,125448,48 2.126600 N,061 0.242900 W,3.5,71.7,A,Primary,Headline,1.020408,D,S,55980.000000
Fri Jul 11 09:54:49 2025,11-Jul-2025,125449,48 2.126800 N,061 0.241500 W,3.5,71.6,A,Primary,Headline,1.020408,D,S,55980.000000
Fri Jul 11 09:54:49 2025,11-Jul-2025,125450,48 2.127100 N,061 0.240100 W,3.5,71.6,A,Primary,Headline,1.020408,D,S,55980.000000
Fri Jul 11 09:54:49 2025,11-Jul-2025,125451,48 2.127400 N,061 0.238800 W,3.5,71.6,A,Primary,Headline,1.020408,D,S,55980.000000
Fri Jul 11 09:54:49 2025,11-Jul-2025,125452,48 2.127700 N,061 0.237400 W,3.5,71.5,A,Primary,Headline,1.020408,D,S,55980.000000
Fri Jul 11 09:54:54 2025,11-Jul-2025,125453,48 2.128000 N,061 0.236000 W,3.5,71.4,A,Primary,Headline,15.061224,D,S,46901.000000
Fri Jul 11 09:54:56 2025,11-Jul-2025,125454,48 2.128300 N,061 0.234600 W,3.5,71.4,A,Depth,Depth,287.962963,D,S,35820.000000
Fri Jul 11 09:54:56 2025,11-Jul-2025,125455,48 2.128600 N,061 0.233200 W,3.5,71.4,A,Depth,Depth,287.962963,D,S,35820.000000
Fri Jul 11 09:54:56 2025,11-Jul-2025,125456,48 2.128800 N,061 0.231800 W,3.5,71.5,A,Depth,Depth,287.962963,D,S,35820.000000
Fri Jul 11 09:54:56 2025,11-Jul-2025,125457,48 2.129200 N,061 0.230300 W,3.5,71.5,A,Depth,Depth,287.962963,D,S,35820.000000
Fri Jul 11 09:54:59 2025,11-Jul-2025,125458,48 2.129400 N,061 0.228800 W,3.5,71.5,A,DoorSpread,DoorMaster,3.575000,D,S,35880.000000
Fri Jul 11 09:54:59 2025,11-Jul-2025,125459,48 2.129800 N,061 0.227500 W,3.5,71.5,A,DoorSpread,DoorMaster,3.575000,D,S,35880.000000
Fri Jul 11 09:54:59 2025,11-Jul-2025,125500,48 2.130100 N,061 0.226200 W,3.4,71.5,A,DoorSpread,DoorMaster,3.575000,D,S,35880.000000
Fri Jul 11 09:54:59 2025,11-Jul-2025,125501,48 2.130400 N,061 0.224900 W,3.4,71.5,A,DoorSpread,DoorMaster,3.575000,D,S,35880.000000
Fri Jul 11 09:55:04 2025,11-Jul-2025,125502,48 2.130800 N,061 0.223600 W,3.5,71.4,A,Depth,Depth,289.629630,D,S,48226.000000
Fri Jul 11 09:55:05 2025,11-Jul-2025,125503,48 2.131200 N,061 0.222300 W,3.4,71.3,A,Primary,Headline,16.081633,D,S,53362.000000
Fri Jul 11 09:55:05 2025,11-Jul-2025,125504,48 2.131600 N,061 0.221100 W,3.4,71.3,A,DoorSpread,DoorMaster,5.420000,D,S,39203.000000
Fri Jul 11 09:55:05 2025,11-Jul-2025,125505,48 2.132000 N,061 0.219800 W,3.4,71.2,A,DoorSpread,DoorMaster,5.420000,D,S,39203.000000
Fri Jul 11 09:55:05 2025,11-Jul-2025,125506,48 2.132500 N,061 0.218500 W,3.4,71.2,A,DoorSpread,DoorMaster,5.420000,D,S,39203.000000
Fri Jul 11 09:55:05 2025,11-Jul-2025,125507,48 2.132900 N,061 0.217200 W,3.4,71.1,A,DoorSpread,DoorMaster,5.420000,D,S,39203.000000
Fri Jul 11 09:55:10 2025,11-Jul-2025,125508,48 2.133300 N,061 0.215800 W,3.4,71.0,A,Primary,Headline,1.306122,D,S,55391.000000
Fri Jul 11 09:55:11 2025,11-Jul-2025,125509,48 2.133800 N,061 0.214700 W,3.4,70.9,A,DoorSpread,DoorMaster,6.655000,D,S,29631.000000
Fri Jul 11 09:55:12 2025,11-Jul-2025,125510,48 2.134100 N,061 0.213400 W,3.4,71.0,A,Depth,Depth,289.537037,D,S,24837.000000
Fri Jul 11 09:55:12 2025,11-Jul-2025,125511,48 2.134400 N,061 0.212100 W,3.4,71.1,A,Depth,Depth,289.537037,D,S,24837.000000
Fri Jul 11 09:55:12 2025,11-Jul-2025,125512,48 2.134700 N,061 0.210800 W,3.4,71.2,A,Depth,Depth,289.537037,D,S,24837.000000
Fri Jul 11 09:55:12 2025,11-Jul-2025,125513,48 2.135000 N,061 0.209500 W,3.4,71.3,A,Depth,Depth,289.537037,D,S,24837.000000
Fri Jul 11 09:55:15 2025,11-Jul-2025,125514,48 2.135300 N,061 0.208200 W,3.4,71.4,A,Primary,Headline,23.836735,D,S,40619.000000
Fri Jul 11 09:55:15 2025,11-Jul-2025,125515,48 2.135700 N,061 0.206900 W,3.4,71.4,A,Primary,Headline,23.836735,D,S,40619.000000
Fri Jul 11 09:55:15 2025,11-Jul-2025,125516,48 2.136000 N,061 0.205600 W,3.4,71.4,A,Primary,Headline,23.836735,D,S,40619.000000
Fri Jul 11 09:55:15 2025,11-Jul-2025,125517,48 2.136200 N,061 0.204300 W,3.4,71.4,A,Primary,Headline,23.836735,D,S,40619.000000
Fri Jul 11 09:55:20 2025,11-Jul-2025,125518,48 2.136400 N,061 0.202900 W,3.3,71.5,A,Depth,Depth,287.314815,D,S,27400.000000
Fri Jul 11 09:55:21 2025,11-Jul-2025,125519,48 2.136600 N,061 0.201600 W,3.3,71.6,A,Primary,Headline,54.102041,D,S,45849.000000
Fri Jul 11 09:55:21 2025,11-Jul-2025,125520,48 2.136800 N,061 0.200100 W,3.3,71.7,A,Primary,Headline,54.102041,D,S,45849.000000
Fri Jul 11 09:55:21 2025,11-Jul-2025,125521,48 2.137100 N,061 0.198700 W,3.3,71.8,A,Primary,Headline,54.102041,D,S,45849.000000
Fri Jul 11 09:55:21 2025,11-Jul-2025,125522,48 2.137300 N,061 0.197300 W,3.3,71.9,A,Primary,Headline,54.102041,D,S,45849.000000
Fri Jul 11 09:55:21 2025,11-Jul-2025,125523,48 2.137500 N,061 0.195900 W,3.3,72.0,A,Primary,Headline,54.102041,D,S,45849.000000
Fri Jul 11 09:55:26 2025,11-Jul-2025,125524,48 2.137800 N,061 0.194600 W,3.3,71.9,A,Primary,Headline,1.204082,D,S,45693.000000
Fri Jul 11 09:55:26 2025,11-Jul-2025,125525,48 2.138100 N,061 0.193200 W,3.3,71.9,A,Primary,Headline,1.204082,D,S,45693.000000
Fri Jul 11 09:55:28 2025,11-Jul-2025,125526,48 2.138400 N,061 0.191900 W,3.3,71.8,A,Depth,Depth,290.185185,D,S,33573.000000
Fri Jul 11 09:55:28 2025,11-Jul-2025,125527,48 2.138700 N,061 0.190700 W,3.3,71.8,A,Depth,Depth,290.185185,D,S,33573.000000
Fri Jul 11 09:55:28 2025,11-Jul-2025,125528,48 2.139000 N,061 0.189500 W,3.3,71.9,A,Depth,Depth,290.185185,D,S,33573.000000
Fri Jul 11 09:55:28 2025,11-Jul-2025,125529,48 2.139400 N,061 0.188400 W,3.2,71.9,A,Depth,Depth,290.185185,D,S,33573.000000
Fri Jul 11 09:55:31 2025,11-Jul-2025,125530,48 2.139800 N,061 0.187300 W,3.2,71.7,A,Primary,Headline,1.897959,D,S,40982.000000
Fri Jul 11 09:55:31 2025,11-Jul-2025,125531,48 2.140200 N,061 0.186100 W,3.3,71.5,A,Primary,Headline,1.897959,D,S,40982.000000
Fri Jul 11 09:55:33 2025,11-Jul-2025,125532,48 2.140500 N,061 0.184900 W,3.3,71.4,A,DoorSpread,DoorMaster,6.620000,D,S,34141.000000
Fri Jul 11 09:55:33 2025,11-Jul-2025,125533,48 2.140800 N,061 0.183600 W,3.2,71.3,A,DoorSpread,DoorMaster,6.620000,D,S,34141.000000
Fri Jul 11 09:55:33 2025,11-Jul-2025,125534,48 2.141100 N,061 0.182300 W,3.2,71.2,A,DoorSpread,DoorMaster,6.620000,D,S,34141.000000
Fri Jul 11 09:55:37 2025,11-Jul-2025,125535,48 2.141400 N,061 0.181000 W,3.2,71.1,A,Primary,Headline,51.428571,D,S,48518.000000
Fri Jul 11 09:55:37 2025,11-Jul-2025,125536,48 2.141600 N,061 0.179700 W,3.2,71.0,A,Primary,Headline,51.428571,D,S,48518.000000
Fri Jul 11 09:55:39 2025,11-Jul-2025,125537,48 2.142000 N,061 0.178500 W,3.2,70.9,A,DoorSpread,DoorMaster,6.540000,D,S,40093.000000
Fri Jul 11 09:55:39 2025,11-Jul-2025,125538,48 2.142400 N,061 0.177200 W,3.2,70.8,A,DoorSpread,DoorMaster,6.540000,D,S,40093.000000
Fri Jul 11 09:55:39 2025,11-Jul-2025,125539,48 2.142700 N,061 0.175900 W,3.2,70.7,A,DoorSpread,DoorMaster,6.540000,D,S,40093.000000
Fri Jul 11 09:55:42 2025,11-Jul-2025,125540,48 2.143100 N,061 0.174500 W,3.2,70.6,A,Primary,Headline,2.183673,D,S,39643.000000
Fri Jul 11 09:55:42 2025,11-Jul-2025,125541,48 2.143400 N,061 0.173200 W,3.2,70.4,A,Primary,Headline,2.183673,D,S,39643.000000
Fri Jul 11 09:55:44 2025,11-Jul-2025,125542,48 2.143700 N,061 0.172100 W,3.1,70.4,A,Depth,Depth,287.777778,D,S,60385.000000
Fri Jul 11 09:55:44 2025,11-Jul-2025,125543,48 2.144000 N,061 0.170900 W,3.1,70.3,A,DoorSpread,DoorMaster,6.380000,D,S,38019.000000
Fri Jul 11 09:55:44 2025,11-Jul-2025,125544,48 2.144300 N,061 0.169600 W,3.1,70.1,A,DoorSpread,DoorMaster,6.380000,D,S,38019.000000
Fri Jul 11 09:55:47 2025,11-Jul-2025,125545,48 2.144600 N,061 0.168500 W,3.0,70.0,A,Primary,Headline,2.387755,D,P,74058.000000
Fri Jul 11 09:55:47 2025,11-Jul-2025,125546,48 2.144900 N,061 0.167400 W,3.0,69.7,A,Primary,Headline,2.387755,D,P,74058.000000
Fri Jul 11 09:55:47 2025,11-Jul-2025,125547,48 2.145300 N,061 0.166200 W,3.0,69.5,A,Primary,Headline,2.387755,D,P,74058.000000
Fri Jul 11 09:55:50 2025,11-Jul-2025,125548,48 2.145600 N,061 0.165100 W,3.0,69.2,A,DoorSpread,DoorMaster,6.225000,D,S,55731.000000
Fri Jul 11 09:55:50 2025,11-Jul-2025,125549,48 2.145900 N,061 0.164000 W,3.0,68.9,A,DoorSpread,DoorMaster,6.225000,D,S,55731.000000
Fri Jul 11 09:55:52 2025,11-Jul-2025,125550,48 2.146200 N,061 0.162800 W,3.0,68.8,A,Depth,Depth,287.870370,D,S,64498.000000
Fri Jul 11 09:55:53 2025,11-Jul-2025,125551,48 2.146500 N,061 0.161600 W,3.0,68.6,A,Primary,Headline,50.102041,D,S,81211.000000
Fri Jul 11 09:55:53 2025,11-Jul-2025,125552,48 2.146800 N,061 0.160400 W,3.0,68.4,A,Primary,Headline,50.102041,D,S,81211.000000
Fri Jul 11 09:55:53 2025,11-Jul-2025,125553,48 2.147100 N,061 0.159100 W,3.0,68.2,A,Primary,Headline,50.102041,D,S,81211.000000
Fri Jul 11 09:55:55 2025,11-Jul-2025,125554,48 2.147400 N,061 0.157900 W,3.0,68.0,A,DoorSpread,DoorMaster,6.290000,D,S,42583.000000
Fri Jul 11 09:55:55 2025,11-Jul-2025,125555,48 2.147700 N,061 0.156800 W,3.0,67.8,A,DoorSpread,DoorMaster,6.290000,D,S,42583.000000
Fri Jul 11 09:55:58 2025,11-Jul-2025,125556,48 2.148100 N,061 0.155700 W,3.0,67.6,A,Primary,Headline,3.693878,D,P,67964.000000
Fri Jul 11 09:55:58 2025,11-Jul-2025,125557,48 2.148500 N,061 0.154600 W,3.0,67.4,A,Primary,Headline,3.693878,D,P,67964.000000
Fri Jul 11 09:55:58 2025,11-Jul-2025,125558,48 2.148800 N,061 0.153500 W,3.0,67.3,A,Primary,Headline,3.693878,D,P,67964.000000
Fri Jul 11 09:56:00 2025,11-Jul-2025,125559,48 2.149100 N,061 0.152500 W,3.0,67.2,A,Depth,Depth,286.851852,D,P,56538.000000
Fri Jul 11 09:56:01 2025,11-Jul-2025,125600,48 2.149400 N,061 0.151400 W,3.0,67.1,A,DoorSpread,DoorMaster,6.310000,D,S,39919.000000
Fri Jul 11 09:56:03 2025,11-Jul-2025,125601,48 2.149600 N,061 0.150300 W,2.9,67.0,A,Primary,Headline,3.367347,D,S,83786.000000
Fri Jul 11 09:56:03 2025,11-Jul-2025,125602,48 2.149900 N,061 0.149200 W,3.0,67.0,A,Primary,Headline,3.367347,D,S,83786.000000
Fri Jul 11 09:56:03 2025,11-Jul-2025,125603,48 2.150200 N,061 0.148200 W,3.0,67.0,A,Primary,Headline,3.367347,D,S,83786.000000
Fri Jul 11 09:56:03 2025,11-Jul-2025,125604,48 2.150500 N,061 0.147200 W,3.0,67.1,A,Primary,Headline,3.367347,D,S,83786.000000
Fri Jul 11 09:56:07 2025,11-Jul-2025,125605,48 2.150800 N,061 0.146200 W,3.0,67.1,A,DoorSpread,DoorMaster,6.475000,D,S,50668.000000
Fri Jul 11 09:56:08 2025,11-Jul-2025,125606,48 2.151200 N,061 0.145100 W,3.0,66.9,A,Primary,Headline,4.816327,D,P,74975.000000
Fri Jul 11 09:56:08 2025,11-Jul-2025,125607,48 2.151600 N,061 0.144000 W,3.0,66.7,A,Depth,Depth,287.314815,D,S,66581.000000
Fri Jul 11 09:56:08 2025,11-Jul-2025,125608,48 2.152000 N,061 0.142900 W,3.0,66.6,A,Depth,Depth,287.314815,D,S,66581.000000
Fri Jul 11 09:56:08 2025,11-Jul-2025,125609,48 2.152400 N,061 0.141800 W,3.0,66.4,A,Depth,Depth,287.314815,D,S,66581.000000
Fri Jul 11 09:56:08 2025,11-Jul-2025,125610,48 2.152700 N,061 0.140600 W,3.0,66.5,A,Depth,Depth,287.314815,D,S,66581.000000
Fri Jul 11 09:56:13 2025,11-Jul-2025,125611,48 2.153100 N,061 0.139400 W,3.0,66.5,A,Primary,Headline,4.040816,D,P,96046.000000
Fri Jul 11 09:56:13 2025,11-Jul-2025,125612,48 2.153500 N,061 0.138400 W,3.0,66.5,A,Primary,Headline,4.040816,D,P,96046.000000
Fri Jul 11 09:56:13 2025,11-Jul-2025,125613,48 2.153900 N,061 0.137400 W,3.0,66.4,A,Primary,Headline,4.040816,D,P,96046.000000
Fri Jul 11 09:56:13 2025,11-Jul-2025,125614,48 2.154400 N,061 0.136500 W,3.0,66.0,A,Primary,Headline,4.040816,D,P,96046.000000
Fri Jul 11 09:56:16 2025,11-Jul-2025,125615,48 2.154800 N,061 0.135400 W,3.0,65.7,A,Depth,Depth,287.962963,D,S,76130.000000
Fri Jul 11 09:56:18 2025,11-Jul-2025,125616,48 2.155200 N,061 0.134300 W,3.0,65.4,A,DoorSpread,DoorMaster,6.650000,D,S,37856.000000
Fri Jul 11 09:56:19 2025,11-Jul-2025,125617,48 2.155600 N,061 0.133100 W,3.0,64.9,A,Primary,Headline,40.918367,D,S,70615.000000
Fri Jul 11 09:56:19 2025,11-Jul-2025,125618,48 2.156000 N,061 0.132000 W,3.0,64.6,A,Primary,Headline,40.918367,D,S,70615.000000
Fri Jul 11 09:56:19 2025,11-Jul-2025,125619,48 2.156300 N,061 0.130800 W,3.0,64.4,A,Primary,Headline,40.918367,D,S,70615.000000
Fri Jul 11 09:56:19 2025,11-Jul-2025,125620,48 2.156700 N,061 0.129700 W,3.0,64.1,A,Primary,Headline,40.918367,D,S,70615.000000
Fri Jul 11 09:56:19 2025,11-Jul-2025,125621,48 2.157100 N,061 0.128700 W,3.0,63.8,A,Primary,Headline,40.918367,D,S,70615.000000
Fri Jul 11 09:56:24 2025,11-Jul-2025,125622,48 2.157500 N,061 0.127600 W,3.1,63.3,A,Primary,Headline,5.061224,D,S,69570.000000
Fri Jul 11 09:56:24 2025,11-Jul-2025,125623,48 2.158000 N,061 0.126400 W,3.1,63.0,A,Depth,Depth,288.240741,D,S,69067.000000
Fri Jul 11 09:56:24 2025,11-Jul-2025,125624,48 2.158300 N,061 0.125300 W,3.1,62.7,A,Depth,Depth,288.240741,D,S,69067.000000
Fri Jul 11 09:56:24 2025,11-Jul-2025,125625,48 2.158800 N,061 0.124200 W,3.1,62.5,A,Depth,Depth,288.240741,D,S,69067.000000
Fri Jul 11 09:56:24 2025,11-Jul-2025,125626,48 2.159100 N,061 0.123000 W,3.1,62.5,A,Depth,Depth,288.240741,D,S,69067.000000
Fri Jul 11 09:56:24 2025,11-Jul-2025,125627,48 2.159500 N,061 0.121800 W,3.1,62.6,A,Depth,Depth,288.240741,D,S,69067.000000
Fri Jul 11 09:56:29 2025,11-Jul-2025,125628,48 2.159900 N,061 0.120600 W,3.0,62.9,A,Primary,Headline,29.510204,D,S,66872.000000
Fri Jul 11 09:56:29 2025,11-Jul-2025,125629,48 2.160200 N,061 0.119500 W,3.0,63.1,A,Primary,Headline,29.510204,D,S,66872.000000
Fri Jul 11 09:56:29 2025,11-Jul-2025,125630,48 2.160600 N,061 0.118200 W,3.0,63.5,A,Primary,Headline,29.510204,D,S,66872.000000
Fri Jul 11 09:56:32 2025,11-Jul-2025,125631,48 2.160900 N,061 0.117100 W,3.0,63.8,A,Depth,Depth,285.740741,D,P,88422.000000
Fri Jul 11 09:56:32 2025,11-Jul-2025,125632,48 2.161300 N,061 0.115900 W,3.0,64.1,A,Depth,Depth,285.740741,D,P,88422.000000
Fri Jul 11 09:56:35 2025,11-Jul-2025,125633,48 2.161700 N,061 0.114800 W,3.0,64.5,A,Primary,Headline,40.428571,D,P,74133.000000
Fri Jul 11 09:56:35 2025,11-Jul-2025,125634,48 2.162100 N,061 0.113600 W,3.0,65.0,A,Primary,Headline,40.428571,D,P,74133.000000
Fri Jul 11 09:56:35 2025,11-Jul-2025,125635,48 2.162400 N,061 0.112400 W,3.0,65.4,A,Primary,Headline,40.428571,D,P,74133.000000
Fri Jul 11 09:56:35 2025,11-Jul-2025,125636,48 2.162700 N,061 0.111200 W,3.0,65.8,A,Primary,Headline,40.428571,D,P,74133.000000
Fri Jul 11 09:56:35 2025,11-Jul-2025,125637,48 2.163000 N,061 0.110000 W,3.0,66.2,A,Primary,Headline,40.428571,D,P,74133.000000
Fri Jul 11 09:56:35 2025,11-Jul-2025,125638,48 2.163300 N,061 0.108900 W,3.0,66.4,A,Primary,Headline,40.428571,D,P,74133.000000
Fri Jul 11 09:56:40 2025,11-Jul-2025,125639,48 2.163500 N,061 0.107700 W,3.0,66.6,A,DoorSpread,DoorMaster,5.980000,D,S,22772.000000
Fri Jul 11 09:56:40 2025,11-Jul-2025,125640,48 2.163800 N,061 0.106600 W,3.1,66.7,A,DoorSpread,DoorMaster,5.980000,D,S,22772.000000
Fri Jul 11 09:56:40 2025,11-Jul-2025,125641,48 2.164000 N,061 0.105400 W,3.1,66.8,A,DoorSpread,DoorMaster,5.980000,D,S,22772.000000
Fri Jul 11 09:56:40 2025,11-Jul-2025,125642,48 2.164200 N,061 0.104100 W,3.1,66.9,A,DoorSpread,DoorMaster,5.980000,D,S,22772.000000
Fri Jul 11 09:56:40 2025,11-Jul-2025,125643,48 2.164500 N,061 0.102900 W,3.1,67.1,A,DoorSpread,DoorMaster,5.980000,D,S,22772.000000
Fri Jul 11 09:56:46 2025,11-Jul-2025,125644,48 2.164700 N,061 0.101700 W,3.1,67.3,A,DoorSpread,DoorMaster,5.865000,D,S,27198.000000
Fri Jul 11 09:56:46 2025,11-Jul-2025,125645,48 2.165000 N,061 0.100600 W,3.0,67.3,A,DoorSpread,DoorMaster,5.865000,D,S,27198.000000
Fri Jul 11 09:56:46 2025,11-Jul-2025,125646,48 2.165300 N,061 0.099500 W,3.0,67.3,A,DoorSpread,DoorMaster,5.865000,D,S,27198.000000
Fri Jul 11 09:56:48 2025,11-Jul-2025,125647,48 2.165600 N,061 0.098400 W,3.0,67.1,A,Depth,Depth,283.981481,D,S,54825.000000
Fri Jul 11 09:56:48 2025,11-Jul-2025,125648,48 2.165900 N,061 0.097200 W,3.0,66.9,A,Depth,Depth,283.981481,D,S,54825.000000
Fri Jul 11 09:56:48 2025,11-Jul-2025,125649,48 2.166200 N,061 0.096100 W,2.9,66.9,A,Depth,Depth,283.981481,D,S,54825.000000
Fri Jul 11 09:56:51 2025,11-Jul-2025,125650,48 2.166500 N,061 0.094900 W,2.9,67.0,A,DoorSpread,DoorMaster,6.080000,D,S,39247.000000
Fri Jul 11 09:56:51 2025,11-Jul-2025,125651,48 2.166800 N,061 0.093700 W,2.9,66.9,A,DoorSpread,DoorMaster,6.080000,D,S,39247.000000
Fri Jul 11 09:56:51 2025,11-Jul-2025,125652,48 2.167200 N,061 0.092600 W,2.9,66.6,A,DoorSpread,DoorMaster,6.080000,D,S,39247.000000
Fri Jul 11 09:56:51 2025,11-Jul-2025,125653,48 2.167700 N,061 0.091500 W,3.0,66.2,A,DoorSpread,DoorMaster,6.080000,D,S,39247.000000
Fri Jul 11 09:56:51 2025,11-Jul-2025,125654,48 2.168100 N,061 0.090400 W,3.0,65.7,A,DoorSpread,DoorMaster,6.080000,D,S,39247.000000
Fri Jul 11 09:56:56 2025,11-Jul-2025,125655,48 2.168500 N,061 0.089400 W,3.0,65.3,A,Primary,Headline,25.755102,D,S,79450.000000
Fri Jul 11 09:56:57 2025,11-Jul-2025,125656,48 2.168900 N,061 0.088300 W,3.0,65.0,A,DoorSpread,DoorMaster,6.100000,D,S,43241.000000
Fri Jul 11 09:56:57 2025,11-Jul-2025,125657,48 2.169200 N,061 0.087200 W,3.0,64.9,A,DoorSpread,DoorMaster,6.100000,D,S,43241.000000
Fri Jul 11 09:56:57 2025,11-Jul-2025,125658,48 2.169600 N,061 0.086200 W,3.0,64.7,A,DoorSpread,DoorMaster,6.100000,D,S,43241.000000
Fri Jul 11 09:56:57 2025,11-Jul-2025,125659,48 2.170000 N,061 0.085000 W,3.0,64.6,A,DoorSpread,DoorMaster,6.100000,D,S,43241.000000
Fri Jul 11 09:57:02 2025,11-Jul-2025,125700,48 2.170300 N,061 0.083900 W,3.0,64.6,A,Primary,Headline,11.204082,D,S,71588.000000
Fri Jul 11 09:57:03 2025,11-Jul-2025,125701,48 2.170700 N,061 0.082800 W,3.0,64.6,A,DoorSpread,DoorMaster,6.245000,D,S,27641.000000
Fri Jul 11 09:57:03 2025,11-Jul-2025,125702,48 2.171200 N,061 0.081600 W,3.0,64.4,A,DoorSpread,DoorMaster,6.245000,D,S,27641.000000
Fri Jul 11 09:57:04 2025,11-Jul-2025,125703,48 2.171600 N,061 0.080500 W,3.0,64.2,A,Depth,Depth,283.611111,D,S,64789.000000
Fri Jul 11 09:57:04 2025,11-Jul-2025,125704,48 2.172100 N,061 0.079400 W,3.0,64.1,A,Depth,Depth,283.611111,D,S,64789.000000
Fri Jul 11 09:57:07 2025,11-Jul-2025,125705,48 2.172500 N,061 0.078300 W,3.0,63.9,A,Primary,Headline,9.387755,D,S,67167.000000
Fri Jul 11 09:57:07 2025,11-Jul-2025,125706,48 2.172900 N,061 0.077200 W,3.0,63.8,A,Primary,Headline,9.387755,D,S,67167.000000
Fri Jul 11 09:57:08 2025,11-Jul-2025,125707,48 2.173200 N,061 0.076100 W,3.0,63.7,A,DoorSpread,DoorMaster,6.270000,D,S,45355.000000
Fri Jul 11 09:57:08 2025,11-Jul-2025,125708,48 2.173600 N,061 0.075000 W,3.0,63.6,A,DoorSpread,DoorMaster,6.270000,D,S,45355.000000
Fri Jul 11 09:57:08 2025,11-Jul-2025,125709,48 2.174000 N,061 0.074000 W,3.0,63.5,A,DoorSpread,DoorMaster,6.270000,D,S,45355.000000
Fri Jul 11 09:57:08 2025,11-Jul-2025,125710,48 2.174300 N,061 0.072900 W,3.0,63.5,A,DoorSpread,DoorMaster,6.270000,D,S,45355.000000
Fri Jul 11 09:57:13 2025,11-Jul-2025,125711,48 2.174700 N,061 0.071900 W,3.0,63.6,A,Primary,Headline,55.122449,D,S,83040.000000
Fri Jul 11 09:57:14 2025,11-Jul-2025,125712,48 2.175100 N,061 0.070800 W,3.0,63.6,A,DoorSpread,DoorMaster,6.370000,D,S,49717.000000
Fri Jul 11 09:57:14 2025,11-Jul-2025,125713,48 2.175500 N,061 0.069800 W,3.0,63.5,A,DoorSpread,DoorMaster,6.370000,D,S,49717.000000
Fri Jul 11 09:57:14 2025,11-Jul-2025,125714,48 2.176000 N,061 0.068800 W,3.0,63.4,A,DoorSpread,DoorMaster,6.370000,D,S,49717.000000
Fri Jul 11 09:57:14 2025,11-Jul-2025,125715,48 2.176400 N,061 0.067700 W,3.0,63.3,A,DoorSpread,DoorMaster,6.370000,D,S,49717.000000
Fri Jul 11 09:57:14 2025,11-Jul-2025,125716,48 2.176800 N,061 0.066700 W,3.0,63.3,A,DoorSpread,DoorMaster,6.370000,D,S,49717.000000
Fri Jul 11 09:57:19 2025,11-Jul-2025,125717,48 2.177200 N,061 0.065500 W,3.0,63.2,A,Primary,Headline,49.489796,D,S,76565.000000
Fri Jul 11 09:57:19 2025,11-Jul-2025,125718,48 2.177700 N,061 0.064400 W,3.0,62.9,A,DoorSpread,DoorMaster,6.270000,D,S,32453.000000
Fri Jul 11 09:57:20 2025,11-Jul-2025,125719,48 2.178200 N,061 0.063300 W,3.1,62.5,A,Depth,Depth,279.907407,D,S,66859.000000
Fri Jul 11 09:57:20 2025,11-Jul-2025,125720,48 2.178700 N,061 0.062200 W,3.1,62.2,A,Depth,Depth,279.907407,D,S,66859.000000
Fri Jul 11 09:57:20 2025,11-Jul-2025,125721,48 2.179100 N,061 0.061200 W,3.1,61.9,A,Depth,Depth,279.907407,D,S,66859.000000
Fri Jul 11 09:57:24 2025,11-Jul-2025,125722,48 2.179500 N,061 0.060100 W,3.1,61.9,A,Primary,Headline,26.122449,D,S,71769.000000
Fri Jul 11 09:57:25 2025,11-Jul-2025,125723,48 2.179900 N,061 0.059000 W,3.1,61.8,A,DoorSpread,DoorMaster,6.400000,D,S,39630.000000
Fri Jul 11 09:57:25 2025,11-Jul-2025,125724,48 2.180400 N,061 0.058000 W,3.1,61.5,A,DoorSpread,DoorMaster,6.400000,D,S,39630.000000
Fri Jul 11 09:57:25 2025,11-Jul-2025,125725,48 2.180800 N,061 0.056900 W,3.1,61.1,A,DoorSpread,DoorMaster,6.400000,D,S,39630.000000
Fri Jul 11 09:57:25 2025,11-Jul-2025,125726,48 2.181300 N,061 0.055900 W,3.2,60.7,A,DoorSpread,DoorMaster,6.400000,D,S,39630.000000
Fri Jul 11 09:57:28 2025,11-Jul-2025,125727,48 2.181900 N,061 0.054800 W,3.2,60.4,A,Depth,Depth,281.666667,D,P,99069.000000
Fri Jul 11 09:57:29 2025,11-Jul-2025,125728,48 2.182300 N,061 0.053700 W,3.2,60.2,A,Primary,Headline,17.653061,D,P,47034.000000
Fri Jul 11 09:57:31 2025,11-Jul-2025,125729,48 2.182800 N,061 0.052600 W,3.2,60.2,A,DoorSpread,DoorMaster,6.300000,D,P,24067.000000
Fri Jul 11 09:57:31 2025,11-Jul-2025,125730,48 2.183200 N,061 0.051300 W,3.2,60.4,A,DoorSpread,DoorMaster,6.300000,D,P,24067.000000
Fri Jul 11 09:57:31 2025,11-Jul-2025,125731,48 2.183500 N,061 0.050100 W,3.2,60.6,A,DoorSpread,DoorMaster,6.300000,D,P,24067.000000
Fri Jul 11 09:57:31 2025,11-Jul-2025,125732,48 2.183900 N,061 0.049000 W,3.2,60.7,A,DoorSpread,DoorMaster,6.300000,D,P,24067.000000
Fri Jul 11 09:57:35 2025,11-Jul-2025,125733,48 2.184300 N,061 0.047800 W,3.2,60.8,A,Primary,Headline,37.673469,D,P,41431.000000
Fri Jul 11 09:57:35 2025,11-Jul-2025,125734,48 2.184700 N,061 0.046700 W,3.1,60.9,A,Primary,Headline,37.673469,D,P,41431.000000
Fri Jul 11 09:57:36 2025,11-Jul-2025,125735,48 2.184900 N,061 0.045500 W,3.2,61.3,A,Depth,Depth,287.129630,D,P,24485.000000
Fri Jul 11 09:57:36 2025,11-Jul-2025,125736,48 2.185200 N,061 0.044300 W,3.2,61.8,A,Depth,Depth,287.129630,D,P,24485.000000
Fri Jul 11 09:57:36 2025,11-Jul-2025,125737,48 2.185300 N,061 0.043100 W,3.1,62.6,A,Depth,Depth,287.129630,D,P,24485.000000
Fri Jul 11 09:57:40 2025,11-Jul-2025,125738,48 2.185500 N,061 0.041900 W,3.1,63.3,A,Primary,Headline,2.795918,D,S,28166.000000
Fri Jul 11 09:57:40 2025,11-Jul-2025,125739,48 2.185800 N,061 0.040700 W,3.1,63.9,A,Primary,Headline,2.795918,D,S,28166.000000
Fri Jul 11 09:57:40 2025,11-Jul-2025,125740,48 2.186100 N,061 0.039500 W,3.1,64.3,A,Primary,Headline,2.795918,D,S,28166.000000
Fri Jul 11 09:57:40 2025,11-Jul-2025,125741,48 2.186400 N,061 0.038400 W,3.1,64.8,A,Primary,Headline,2.795918,D,S,28166.000000
Fri Jul 11 09:57:40 2025,11-Jul-2025,125742,48 2.186600 N,061 0.037300 W,3.1,65.7,A,Primary,Headline,2.795918,D,S,28166.000000
Fri Jul 11 09:57:45 2025,11-Jul-2025,125743,48 2.187000 N,061 0.036200 W,3.1,66.4,A,Primary,Headline,1.326531,D,S,25549.000000
Fri Jul 11 09:57:45 2025,11-Jul-2025,125744,48 2.187300 N,061 0.035000 W,3.2,67.1,A,Primary,Headline,1.326531,D,S,25549.000000
Fri Jul 11 09:57:45 2025,11-Jul-2025,125745,48 2.187700 N,061 0.034000 W,3.1,67.7,A,Primary,Headline,1.326531,D,S,25549.000000
Fri Jul 11 09:57:47 2025,11-Jul-2025,125746,48 2.188000 N,061 0.032900 W,3.1,68.2,A,DoorSpread,DoorMaster,6.960000,D,S,17199.000000
Fri Jul 11 09:57:49 2025,11-Jul-2025,125747,48 2.188300 N,061 0.031900 W,3.1,68.6,A,Depth,Depth,312.962963,D,S,28986.000000
Fri Jul 11 09:57:50 2025,11-Jul-2025,125748,48 2.188600 N,061 0.030700 W,3.1,69.0,A,Primary,Headline,2.897959,D,S,20612.000000
Fri Jul 11 09:57:50 2025,11-Jul-2025,125749,48 2.188800 N,061 0.029600 W,3.1,69.6,A,Primary,Headline,2.897959,D,S,20612.000000
Fri Jul 11 09:57:50 2025,11-Jul-2025,125750,48 2.188900 N,061 0.028300 W,3.0,70.2,A,Primary,Headline,2.897959,D,S,20612.000000
Fri Jul 11 09:57:53 2025,11-Jul-2025,125751,48 2.189100 N,061 0.027000 W,3.1,70.7,A,DoorSpread,DoorMaster,7.575000,D,S,19625.000000
Fri Jul 11 09:57:53 2025,11-Jul-2025,125752,48 2.189400 N,061 0.025700 W,3.1,71.0,A,DoorSpread,DoorMaster,7.575000,D,S,19625.000000
Fri Jul 11 09:57:55 2025,11-Jul-2025,125753,48 2.189600 N,061 0.024500 W,3.0,71.3,A,Primary,Headline,1.897959,D,S,16623.000000
Fri Jul 11 09:57:55 2025,11-Jul-2025,125754,48 2.189800 N,061 0.023400 W,3.0,71.4,A,Primary,Headline,1.897959,D,S,16623.000000
Fri Jul 11 09:57:57 2025,11-Jul-2025,125755,48 2.190100 N,061 0.022200 W,3.0,71.5,A,Depth,Depth,305.833333,D,S,37004.000000
Fri Jul 11 09:57:57 2025,11-Jul-2025,125756,48 2.190200 N,061 0.021100 W,3.0,71.6,A,Depth,Depth,305.833333,D,S,37004.000000
Fri Jul 11 09:57:59 2025,11-Jul-2025,125757,48 2.190500 N,061 0.020100 W,3.0,71.6,A,DoorSpread,DoorMaster,7.075000,D,S,16053.000000
Fri Jul 11 09:57:59 2025,11-Jul-2025,125758,48 2.190700 N,061 0.018900 W,3.0,71.6,A,DoorSpread,DoorMaster,7.075000,D,S,16053.000000
Fri Jul 11 09:57:59 2025,11-Jul-2025,125759,48 2.190900 N,061 0.017700 W,3.0,71.7,A,DoorSpread,DoorMaster,7.075000,D,S,16053.000000
Fri Jul 11 09:57:59 2025,11-Jul-2025,125800,48 2.191200 N,061 0.016500 W,3.0,71.8,A,DoorSpread,DoorMaster,7.075000,D,S,16053.000000
Fri Jul 11 09:57:59 2025,11-Jul-2025,125801,48 2.191500 N,061 0.015400 W,3.0,71.7,A,DoorSpread,DoorMaster,7.075000,D,S,16053.000000
Fri Jul 11 09:57:59 2025,11-Jul-2025,125802,48 2.191800 N,061 0.014300 W,3.0,71.5,A,DoorSpread,DoorMaster,7.075000,D,S,16053.000000
Fri Jul 11 09:58:05 2025,11-Jul-2025,125803,48 2.192000 N,061 0.013000 W,3.0,71.4,A,Depth,Depth,309.074074,D,S,20790.000000
Fri Jul 11 09:58:05 2025,11-Jul-2025,125804,48 2.192200 N,061 0.011900 W,3.0,71.3,A,Depth,Depth,309.074074,D,S,20790.000000
Fri Jul 11 09:58:05 2025,11-Jul-2025,125805,48 2.192300 N,061 0.010700 W,3.0,71.4,A,Depth,Depth,309.074074,D,S,20790.000000
Fri Jul 11 09:58:05 2025,11-Jul-2025,125806,48 2.192500 N,061 0.009500 W,3.0,71.5,A,Depth,Depth,309.074074,D,S,20790.000000
Fri Jul 11 09:58:05 2025,11-Jul-2025,125807,48 2.192700 N,061 0.008300 W,3.0,71.4,A,Depth,Depth,309.074074,D,S,20790.000000
Fri Jul 11 09:58:05 2025,11-Jul-2025,125808,48 2.193000 N,061 0.007000 W,3.0,71.4,A,Depth,Depth,309.074074,D,S,20790.000000
Fri Jul 11 09:58:05 2025,11-Jul-2025,125809,48 2.193200 N,061 0.005800 W,3.0,71.3,A,Depth,Depth,309.074074,D,S,20790.000000
Fri Jul 11 09:58:05 2025,11-Jul-2025,125810,48 2.193500 N,061 0.004700 W,3.0,71.2,A,Depth,Depth,309.074074,D,S,20790.000000
Fri Jul 11 09:58:13 2025,11-Jul-2025,125811,48 2.193800 N,061 0.003600 W,3.0,71.1,A,Depth,Depth,304.351852,D,S,32921.000000
Fri Jul 11 09:58:13 2025,11-Jul-2025,125812,48 2.194100 N,061 0.002400 W,3.0,70.9,A,Depth,Depth,304.351852,D,S,32921.000000
Fri Jul 11 09:58:13 2025,11-Jul-2025,125813,48 2.194400 N,061 0.001200 W,3.0,70.6,A,Depth,Depth,304.351852,D,S,32921.000000
Fri Jul 11 09:58:13 2025,11-Jul-2025,125814,48 2.194700 N,061 0.000200 W,3.0,70.3,A,Depth,Depth,304.351852,D,S,32921.000000
Fri Jul 11 09:58:16 2025,11-Jul-2025,125815,48 2.195000 N,060 59.999100 W,3.0,70.2,A,Depth,Depth,277.777778,D,P,37538.000000
Fri Jul 11 09:58:16 2025,11-Jul-2025,125816,48 2.195400 N,060 59.997900 W,3.0,70.2,A,Depth,Depth,277.777778,D,P,37538.000000
Fri Jul 11 09:58:16 2025,11-Jul-2025,125817,48 2.195700 N,060 59.996700 W,3.0,70.3,A,Depth,Depth,277.777778,D,P,37538.000000
Fri Jul 11 09:58:16 2025,11-Jul-2025,125818,48 2.196100 N,060 59.995600 W,3.0,70.3,A,Depth,Depth,277.777778,D,P,37538.000000
Fri Jul 11 09:58:21 2025,11-Jul-2025,125819,48 2.196400 N,060 59.994400 W,3.0,70.3,A,Depth,Depth,302.037037,D,S,48131.000000
Fri Jul 11 09:58:21 2025,11-Jul-2025,125820,48 2.196700 N,060 59.993300 W,3.0,70.2,A,Depth,Depth,302.037037,D,S,48131.000000
Fri Jul 11 09:58:23 2025,11-Jul-2025,125821,48 2.197000 N,060 59.992100 W,3.0,70.1,A,Primary,Headline,31.163265,D,S,33657.000000
Fri Jul 11 09:58:23 2025,11-Jul-2025,125822,48 2.197300 N,060 59.991100 W,3.0,70.0,A,Primary,Headline,31.163265,D,S,33657.000000
Fri Jul 11 09:58:23 2025,11-Jul-2025,125823,48 2.197600 N,060 59.990000 W,3.0,69.9,A,Primary,Headline,31.163265,D,S,33657.000000
Fri Jul 11 09:58:23 2025,11-Jul-2025,125824,48 2.197900 N,060 59.988900 W,2.9,69.9,A,Primary,Headline,31.163265,D,S,33657.000000
Fri Jul 11 09:58:27 2025,11-Jul-2025,125825,48 2.198200 N,060 59.987700 W,2.9,70.1,A,DoorSpread,DoorMaster,6.705000,D,S,17972.000000
Fri Jul 11 09:58:27 2025,11-Jul-2025,125826,48 2.198500 N,060 59.986500 W,2.9,70.2,A,DoorSpread,DoorMaster,6.705000,D,S,17972.000000
Fri Jul 11 09:58:28 2025,11-Jul-2025,125827,48 2.198700 N,060 59.985300 W,2.9,70.2,A,Primary,Headline,33.408163,D,S,36208.000000
Fri Jul 11 09:58:29 2025,11-Jul-2025,125828,48 2.199000 N,060 59.984100 W,2.9,70.2,A,Depth,Depth,303.333333,D,S,68705.000000
Fri Jul 11 09:58:29 2025,11-Jul-2025,125829,48 2.199300 N,060 59.982800 W,2.9,70.3,A,Depth,Depth,303.333333,D,S,68705.000000
Fri Jul 11 09:58:29 2025,11-Jul-2025,125830,48 2.199500 N,060 59.981600 W,2.9,70.4,A,Depth,Depth,303.333333,D,S,68705.000000
Fri Jul 11 09:58:32 2025,11-Jul-2025,125831,48 2.199900 N,060 59.980500 W,2.9,70.5,A,DoorSpread,DoorMaster,6.640000,D,S,21436.000000
Fri Jul 11 09:58:34 2025,11-Jul-2025,125832,48 2.200200 N,060 59.979200 W,3.0,70.5,A,Primary,Headline,35.755102,D,S,29887.000000
Fri Jul 11 09:58:34 2025,11-Jul-2025,125833,48 2.200500 N,060 59.978100 W,3.0,70.6,A,Primary,Headline,35.755102,D,S,29887.000000
Fri Jul 11 09:58:34 2025,11-Jul-2025,125834,48 2.200800 N,060 59.976900 W,2.9,70.6,A,Primary,Headline,35.755102,D,S,29887.000000
Fri Jul 11 09:58:34 2025,11-Jul-2025,125835,48 2.201100 N,060 59.975800 W,2.9,70.5,A,Primary,Headline,35.755102,D,S,29887.000000
Fri Jul 11 09:58:38 2025,11-Jul-2025,125836,48 2.201400 N,060 59.974700 W,3.0,70.4,A,DoorSpread,DoorMaster,6.265000,D,S,16927.000000
Fri Jul 11 09:58:38 2025,11-Jul-2025,125837,48 2.201800 N,060 59.973600 W,3.0,70.2,A,DoorSpread,DoorMaster,6.265000,D,S,16927.000000
Fri Jul 11 09:58:38 2025,11-Jul-2025,125838,48 2.202100 N,060 59.972500 W,2.9,70.1,A,DoorSpread,DoorMaster,6.265000,D,S,16927.000000
Fri Jul 11 09:58:40 2025,11-Jul-2025,125839,48 2.202300 N,060 59.971400 W,2.9,70.0,A,Depth,Depth,273.703704,D,P,40185.000000
Fri Jul 11 09:58:40 2025,11-Jul-2025,125840,48 2.202600 N,060 59.970400 W,2.9,70.0,A,Depth,Depth,273.703704,D,P,40185.000000
Fri Jul 11 09:58:40 2025,11-Jul-2025,125841,48 2.203000 N,060 59.969400 W,2.9,70.0,A,Depth,Depth,273.703704,D,P,40185.000000
Fri Jul 11 09:58:40 2025,11-Jul-2025,125842,48 2.203400 N,060 59.968300 W,2.9,70.0,A,Depth,Depth,273.703704,D,P,40185.000000
Fri Jul 11 09:58:44 2025,11-Jul-2025,125843,48 2.203900 N,060 59.967400 W,2.9,69.8,A,Primary,Headline,56.265306,D,P,36075.000000
Fri Jul 11 09:58:45 2025,11-Jul-2025,125844,48 2.204200 N,060 59.966400 W,2.8,69.4,A,Depth,Depth,299.537037,D,S,35598.000000
Fri Jul 11 09:58:45 2025,11-Jul-2025,125845,48 2.204500 N,060 59.965300 W,2.9,69.2,A,Depth,Depth,299.537037,D,S,35598.000000
Fri Jul 11 09:58:45 2025,11-Jul-2025,125846,48 2.204900 N,060 59.964200 W,2.9,69.1,A,Depth,Depth,299.537037,D,S,35598.000000
Fri Jul 11 09:58:48 2025,11-Jul-2025,125847,48 2.205300 N,060 59.963000 W,2.9,69.0,A,Depth,Depth,263.888889,D,P,55456.000000
Fri Jul 11 09:58:48 2025,11-Jul-2025,125848,48 2.205700 N,060 59.961800 W,2.9,68.9,A,Depth,Depth,263.888889,D,P,55456.000000
Fri Jul 11 09:58:50 2025,11-Jul-2025,125849,48 2.206100 N,060 59.960600 W,2.9,68.8,A,Primary,Headline,40.857143,D,S,20091.000000
Fri Jul 11 09:58:50 2025,11-Jul-2025,125850,48 2.206500 N,060 59.959400 W,2.9,68.7,A,Primary,Headline,40.857143,D,S,20091.000000
Fri Jul 11 09:58:50 2025,11-Jul-2025,125851,48 2.206700 N,060 59.958200 W,2.9,68.7,A,Primary,Headline,40.857143,D,S,20091.000000
Fri Jul 11 09:58:50 2025,11-Jul-2025,125852,48 2.207000 N,060 59.957100 W,2.9,68.7,A,Primary,Headline,40.857143,D,S,20091.000000
Fri Jul 11 09:58:50 2025,11-Jul-2025,125853,48 2.207300 N,060 59.955900 W,3.0,68.6,A,Primary,Headline,40.857143,D,S,20091.000000
Fri Jul 11 09:58:50 2025,11-Jul-2025,125854,48 2.207600 N,060 59.954800 W,3.0,68.5,A,Primary,Headline,40.857143,D,S,20091.000000
Fri Jul 11 09:58:56 2025,11-Jul-2025,125855,48 2.207900 N,060 59.953700 W,3.0,68.5,A,Depth,Depth,266.481481,D,P,62695.000000
Fri Jul 11 09:58:56 2025,11-Jul-2025,125856,48 2.208100 N,060 59.952700 W,2.9,68.6,A,Depth,Depth,266.481481,D,P,62695.000000
Fri Jul 11 09:58:56 2025,11-Jul-2025,125857,48 2.208400 N,060 59.951700 W,2.9,68.5,A,Depth,Depth,266.481481,D,P,62695.000000
Fri Jul 11 09:58:56 2025,11-Jul-2025,125858,48 2.208600 N,060 59.950600 W,2.9,68.4,A,Depth,Depth,266.481481,D,P,62695.000000
Fri Jul 11 09:58:56 2025,11-Jul-2025,125859,48 2.208900 N,060 59.949400 W,2.9,68.2,A,Depth,Depth,266.481481,D,P,62695.000000
Fri Jul 11 09:58:56 2025,11-Jul-2025,125900,48 2.209200 N,060 59.948300 W,2.9,68.0,A,Depth,Depth,266.481481,D,P,62695.000000
Fri Jul 11 09:59:02 2025,11-Jul-2025,125901,48 2.209500 N,060 59.947300 W,2.9,67.8,A,Primary,Headline,56.571429,D,P,63474.000000
Fri Jul 11 09:59:02 2025,11-Jul-2025,125902,48 2.209800 N,060 59.946200 W,2.9,67.5,A,Primary,Headline,56.571429,D,P,63474.000000
Fri Jul 11 09:59:04 2025,11-Jul-2025,125903,48 2.210100 N,060 59.945100 W,2.9,67.3,A,Depth,Depth,264.444444,D,S,30684.000000
Fri Jul 11 09:59:04 2025,11-Jul-2025,125904,48 2.210400 N,060 59.944000 W,2.9,67.4,A,Depth,Depth,264.444444,D,S,30684.000000
Fri Jul 11 09:59:04 2025,11-Jul-2025,125905,48 2.210700 N,060 59.942900 W,2.9,67.4,A,Depth,Depth,264.444444,D,S,30684.000000
Fri Jul 11 09:59:08 2025,11-Jul-2025,125906,48 2.211000 N,060 59.941800 W,2.9,67.2,A,Primary,Headline,38.653061,D,P,54730.000000
Fri Jul 11 09:59:08 2025,11-Jul-2025,125907,48 2.211400 N,060 59.940800 W,2.9,66.9,A,Primary,Headline,38.653061,D,P,54730.000000
Fri Jul 11 09:59:08 2025,11-Jul-2025,125908,48 2.211600 N,060 59.939700 W,2.9,66.6,A,Primary,Headline,38.653061,D,P,54730.000000
Fri Jul 11 09:59:08 2025,11-Jul-2025,125909,48 2.211900 N,060 59.938700 W,2.9,66.4,A,Primary,Headline,38.653061,D,P,54730.000000
Fri Jul 11 09:59:11 2025,11-Jul-2025,125910,48 2.212200 N,060 59.937600 W,2.9,66.4,A,DoorSpread,DoorMaster,5.790000,D,P,30561.000000
Fri Jul 11 09:59:12 2025,11-Jul-2025,125911,48 2.212400 N,060 59.936400 W,2.9,66.4,A,Depth,Depth,262.407407,D,P,107440.000000
Fri Jul 11 09:59:13 2025,11-Jul-2025,125912,48 2.212700 N,060 59.935200 W,3.0,66.3,A,Primary,Headline,34.163265,D,P,55457.000000
Fri Jul 11 09:59:13 2025,11-Jul-2025,125913,48 2.213000 N,060 59.934000 W,2.9,66.3,A,Primary,Headline,34.163265,D,P,55457.000000
Fri Jul 11 09:59:13 2025,11-Jul-2025,125914,48 2.213300 N,060 59.932800 W,2.9,66.1,A,Primary,Headline,34.163265,D,P,55457.000000
Fri Jul 11 09:59:17 2025,11-Jul-2025,125915,48 2.213700 N,060 59.931700 W,3.0,65.2,A,DoorSpread,DoorMaster,5.900000,D,S,15860.000000
Fri Jul 11 09:59:17 2025,11-Jul-2025,125916,48 2.214200 N,060 59.930600 W,3.0,64.6,A,DoorSpread,DoorMaster,5.900000,D,S,15860.000000
Fri Jul 11 09:59:17 2025,11-Jul-2025,125917,48 2.214400 N,060 59.929500 W,3.0,64.4,A,DoorSpread,DoorMaster,5.900000,D,S,15860.000000
Fri Jul 11 09:59:19 2025,11-Jul-2025,125918,48 2.214600 N,060 59.928400 W,3.0,64.5,A,Primary,Headline,43.714286,D,P,59506.000000
Fri Jul 11 09:59:20 2025,11-Jul-2025,125919,48 2.214800 N,060 59.927300 W,3.0,64.6,A,Depth,Depth,260.925926,D,P,106952.000000
Fri Jul 11 09:59:20 2025,11-Jul-2025,125920,48 2.215100 N,060 59.926200 W,3.0,64.6,A,Depth,Depth,260.925926,D,P,106952.000000
Fri Jul 11 09:59:23 2025,11-Jul-2025,125921,48 2.215400 N,060 59.925200 W,2.9,64.6,A,DoorSpread,DoorMaster,6.030000,D,P,40866.000000
Fri Jul 11 09:59:23 2025,11-Jul-2025,125922,48 2.215800 N,060 59.924200 W,3.0,64.4,A,DoorSpread,DoorMaster,6.030000,D,P,40866.000000
Fri Jul 11 09:59:24 2025,11-Jul-2025,125923,48 2.216200 N,060 59.923200 W,3.0,64.2,A,Primary,Headline,23.204082,D,P,61627.000000
Fri Jul 11 09:59:24 2025,11-Jul-2025,125924,48 2.216600 N,060 59.922200 W,3.0,64.1,A,Primary,Headline,23.204082,D,P,61627.000000
Fri Jul 11 09:59:24 2025,11-Jul-2025,125925,48 2.217000 N,060 59.921200 W,3.0,64.1,A,Primary,Headline,23.204082,D,P,61627.000000
Fri Jul 11 09:59:28 2025,11-Jul-2025,125926,48 2.217400 N,060 59.920200 W,3.0,64.0,A,Depth,Depth,256.018519,D,P,122404.000000
Fri Jul 11 09:59:28 2025,11-Jul-2025,125927,48 2.217800 N,060 59.919300 W,3.0,63.9,A,DoorSpread,DoorMaster,6.305000,D,P,42937.000000
Fri Jul 11 09:59:30 2025,11-Jul-2025,125928,48 2.218300 N,060 59.918300 W,3.0,63.6,A,Primary,Headline,32.040816,D,P,72562.000000
Fri Jul 11 09:59:30 2025,11-Jul-2025,125929,48 2.218600 N,060 59.917400 W,3.0,63.3,A,Primary,Headline,32.040816,D,P,72562.000000
Fri Jul 11 09:59:30 2025,11-Jul-2025,125930,48 2.219000 N,060 59.916400 W,3.0,63.2,A,Primary,Headline,32.040816,D,P,72562.000000
Fri Jul 11 09:59:30 2025,11-Jul-2025,125931,48 2.219300 N,060 59.915300 W,3.0,63.1,A,Primary,Headline,32.040816,D,P,72562.000000
Fri Jul 11 09:59:34 2025,11-Jul-2025,125932,48 2.219700 N,060 59.914200 W,3.0,63.2,A,DoorSpread,DoorMaster,6.025000,D,S,25993.000000
Fri Jul 11 09:59:34 2025,11-Jul-2025,125933,48 2.220000 N,060 59.913000 W,3.0,63.2,A,DoorSpread,DoorMaster,6.025000,D,S,25993.000000
Fri Jul 11 09:59:36 2025,11-Jul-2025,125934,48 2.220400 N,060 59.912000 W,3.0,63.1,A,Depth,Depth,254.537037,D,S,56262.000000
Fri Jul 11 09:59:36 2025,11-Jul-2025,125935,48 2.220800 N,060 59.911000 W,3.0,62.8,A,Depth,Depth,254.537037,D,S,56262.000000
Fri Jul 11 09:59:36 2025,11-Jul-2025,125936,48 2.221200 N,060 59.909900 W,3.0,62.8,A,Depth,Depth,254.537037,D,S,56262.000000
Fri Jul 11 09:59:36 2025,11-Jul-2025,125937,48 2.221500 N,060 59.908700 W,3.0,62.9,A,Depth,Depth,254.537037,D,S,56262.000000
Fri Jul 11 09:59:39 2025,11-Jul-2025,125938,48 2.221800 N,060 59.907500 W,3.0,63.1,A,DoorSpread,DoorMaster,6.495000,D,S,19160.000000
Fri Jul 11 09:59:41 2025,11-Jul-2025,125939,48 2.222100 N,060 59.906400 W,3.0,63.2,A,Primary,Headline,10.755102,D,P,78338.000000
Fri Jul 11 09:59:41 2025,11-Jul-2025,125940,48 2.222400 N,060 59.905300 W,3.0,63.3,A,Primary,Headline,10.755102,D,P,78338.000000
Fri Jul 11 09:59:41 2025,11-Jul-2025,125941,48 2.222800 N,060 59.904200 W,3.0,63.2,A,Primary,Headline,10.755102,D,P,78338.000000
Fri Jul 11 09:59:44 2025,11-Jul-2025,125942,48 2.223200 N,060 59.903200 W,3.0,63.0,A,Depth,Depth,251.666667,D,P,119020.000000
Fri Jul 11 09:59:45 2025,11-Jul-2025,125943,48 2.223600 N,060 59.902100 W,3.0,62.9,A,DoorSpread,DoorMaster,6.340000,D,P,49235.000000
Fri Jul 11 09:59:45 2025,11-Jul-2025,125944,48 2.223900 N,060 59.901000 W,3.0,62.9,A,DoorSpread,DoorMaster,6.340000,D,P,49235.000000
Fri Jul 11 09:59:47 2025,11-Jul-2025,125945,48 2.224200 N,060 59.900000 W,3.0,63.1,A,Primary,Headline,51.571429,D,P,90199.000000
Fri Jul 11 09:59:47 2025,11-Jul-2025,125946,48 2.224600 N,060 59.899000 W,3.0,63.1,A,Primary,Headline,51.571429,D,P,90199.000000
Fri Jul 11 09:59:47 2025,11-Jul-2025,125947,48 2.225000 N,060 59.897900 W,3.0,63.3,A,Primary,Headline,51.571429,D,P,90199.000000
Fri Jul 11 09:59:47 2025,11-Jul-2025,125948,48 2.225500 N,060 59.897000 W,2.9,63.3,A,Primary,Headline,51.571429,D,P,90199.000000
Fri Jul 11 09:59:50 2025,11-Jul-2025,125949,48 2.225900 N,060 59.895900 W,3.0,63.1,A,DoorSpread,DoorMaster,6.440000,D,P,43813.000000
Fri Jul 11 09:59:52 2025,11-Jul-2025,125950,48 2.226300 N,060 59.894800 W,2.9,63.0,A,Depth,Depth,251.388889,D,P,111193.000000
Fri Jul 11 09:59:52 2025,11-Jul-2025,125951,48 2.226700 N,060 59.893700 W,2.9,62.9,A,Primary,Headline,43.265306,D,S,43735.000000
Fri Jul 11 09:59:52 2025,11-Jul-2025,125952,48 2.227000 N,060 59.892700 W,2.9,62.7,A,Primary,Headline,43.265306,D,S,43735.000000
Fri Jul 11 09:59:52 2025,11-Jul-2025,125953,48 2.227300 N,060 59.891600 W,2.9,62.9,A,Primary,Headline,43.265306,D,S,43735.000000
Fri Jul 11 09:59:56 2025,11-Jul-2025,125954,48 2.227600 N,060 59.890400 W,2.9,63.1,A,DoorSpread,DoorMaster,6.445000,D,P,52011.000000
Fri Jul 11 09:59:56 2025,11-Jul-2025,125955,48 2.227900 N,060 59.889200 W,2.9,63.5,A,DoorSpread,DoorMaster,6.380000,D,S,32568.000000
Fri Jul 11 09:59:57 2025,11-Jul-2025,125956,48 2.228200 N,060 59.888000 W,2.9,63.8,A,Primary,Headline,10.714286,D,S,68875.000000
Fri Jul 11 09:59:57 2025,11-Jul-2025,125957,48 2.228600 N,060 59.886900 W,2.9,63.8,A,Primary,Headline,10.714286,D,S,68875.000000
Fri Jul 11 10:00:00 2025,11-Jul-2025,125958,48 2.229000 N,060 59.885800 W,3.0,63.5,A,Depth,Depth,247.685185,D,P,123330.000000
Fri Jul 11 10:00:00 2025,11-Jul-2025,125959,48 2.229600 N,060 59.884600 W,3.0,63.0,A,Depth,Depth,247.685185,D,P,123330.000000
Fri Jul 11 10:00:02 2025,11-Jul-2025,130000,48 2.230000 N,060 59.883500 W,3.0,62.5,A,DoorSpread,DoorMaster,6.360000,D,S,39844.000000
Fri Jul 11 10:00:02 2025,11-Jul-2025,130001,48 2.230500 N,060 59.882400 W,3.0,62.1,A,DoorSpread,DoorMaster,6.360000,D,S,39844.000000
Fri Jul 11 10:00:03 2025,11-Jul-2025,130002,48 2.231000 N,060 59.881300 W,3.1,61.6,A,Primary,Headline,36.755102,D,P,94069.000000
Fri Jul 11 10:00:03 2025,11-Jul-2025,130003,48 2.231500 N,060 59.880200 W,3.1,61.3,A,Primary,Headline,36.755102,D,P,94069.000000
Fri Jul 11 10:00:03 2025,11-Jul-2025,130004,48 2.232000 N,060 59.879100 W,3.1,60.9,A,Primary,Headline,36.755102,D,P,94069.000000
Fri Jul 11 10:00:03 2025,11-Jul-2025,130005,48 2.232500 N,060 59.878100 W,3.1,60.7,A,Primary,Headline,36.755102,D,P,94069.000000
Fri Jul 11 10:00:08 2025,11-Jul-2025,130006,48 2.233000 N,060 59.877000 W,3.1,60.6,A,Depth,Depth,247.314815,D,P,112204.000000
Fri Jul 11 10:00:08 2025,11-Jul-2025,130007,48 2.233400 N,060 59.875900 W,3.1,60.6,A,Primary,Headline,22.000000,D,S,62200.000000
Fri Jul 11 10:00:08 2025,11-Jul-2025,130008,48 2.233900 N,060 59.874800 W,3.1,60.4,A,Primary,Headline,22.000000,D,S,62200.000000
Fri Jul 11 10:00:08 2025,11-Jul-2025,130009,48 2.234300 N,060 59.873800 W,3.1,60.1,A,Primary,Headline,22.000000,D,S,62200.000000
Fri Jul 11 10:00:08 2025,11-Jul-2025,130010,48 2.234800 N,060 59.872800 W,3.1,59.8,A,Primary,Headline,22.000000,D,S,62200.000000
Fri Jul 11 10:00:13 2025,11-Jul-2025,130011,48 2.235200 N,060 59.871700 W,3.1,59.8,A,DoorSpread,DoorMaster,6.375000,D,P,54844.000000
Fri Jul 11 10:00:13 2025,11-Jul-2025,130012,48 2.235600 N,060 59.870600 W,3.0,60.0,A,DoorSpread,DoorMaster,6.375000,D,P,54844.000000
Fri Jul 11 10:00:13 2025,11-Jul-2025,130013,48 2.236100 N,060 59.869400 W,3.0,60.1,A,DoorSpread,DoorMaster,6.375000,D,P,54844.000000
Fri Jul 11 10:00:15 2025,11-Jul-2025,130014,48 2.236500 N,060 59.868300 W,3.1,60.0,A,Depth,Depth,244.074074,D,S,89476.000000
Fri Jul 11 10:00:15 2025,11-Jul-2025,130015,48 2.237000 N,060 59.867100 W,3.1,59.7,A,Depth,Depth,244.074074,D,S,89476.000000
Fri Jul 11 10:00:15 2025,11-Jul-2025,130016,48 2.237500 N,060 59.866000 W,3.1,59.5,A,Depth,Depth,244.074074,D,S,89476.000000
Fri Jul 11 10:00:19 2025,11-Jul-2025,130017,48 2.237900 N,060 59.864900 W,3.1,59.3,A,DoorSpread,DoorMaster,6.560000,D,S,42312.000000
Fri Jul 11 10:00:19 2025,11-Jul-2025,130018,48 2.238300 N,060 59.863900 W,3.1,59.2,A,DoorSpread,DoorMaster,6.560000,D,S,42312.000000
Fri Jul 11 10:00:19 2025,11-Jul-2025,130019,48 2.238600 N,060 59.862800 W,3.0,59.1,A,DoorSpread,DoorMaster,6.560000,D,S,42312.000000
Fri Jul 11 10:00:19 2025,11-Jul-2025,130020,48 2.239100 N,060 59.861700 W,3.0,58.9,A,DoorSpread,DoorMaster,6.560000,D,S,42312.000000
Fri Jul 11 10:00:19 2025,11-Jul-2025,130021,48 2.239600 N,060 59.860700 W,3.0,58.7,A,DoorSpread,DoorMaster,6.560000,D,S,42312.000000
Fri Jul 11 10:00:23 2025,11-Jul-2025,130022,48 2.240100 N,060 59.859600 W,3.0,58.5,A,Depth,Depth,241.851852,D,P,97176.000000
Fri Jul 11 10:00:25 2025,11-Jul-2025,130023,48 2.240500 N,060 59.858400 W,3.0,58.5,A,Primary,Headline,28.122449,D,S,68642.000000
Fri Jul 11 10:00:25 2025,11-Jul-2025,130024,48 2.240800 N,060 59.857300 W,2.9,58.6,A,Primary,Headline,28.122449,D,S,68642.000000
Fri Jul 11 10:00:25 2025,11-Jul-2025,130025,48 2.241200 N,060 59.856200 W,2.9,58.8,A,Primary,Headline,28.122449,D,S,68642.000000
Fri Jul 11 10:00:25 2025,11-Jul-2025,130026,48 2.241600 N,060 59.855000 W,2.9,58.8,A,Primary,Headline,28.122449,D,S,68642.000000
Fri Jul 11 10:00:25 2025,11-Jul-2025,130027,48 2.242100 N,060 59.853900 W,3.0,58.6,A,Primary,Headline,28.122449,D,S,68642.000000
Fri Jul 11 10:00:30 2025,11-Jul-2025,130028,48 2.242600 N,060 59.852800 W,3.0,58.1,A,DoorSpread,DoorMaster,6.595000,D,S,45584.000000
Fri Jul 11 10:00:30 2025,11-Jul-2025,130029,48 2.243000 N,060 59.851600 W,2.9,57.9,A,Primary,Headline,34.326531,D,S,52069.000000
Fri Jul 11 10:00:31 2025,11-Jul-2025,130030,48 2.243400 N,060 59.850600 W,2.9,57.8,A,Depth,Depth,238.425926,D,S,74121.000000
Fri Jul 11 10:00:31 2025,11-Jul-2025,130031,48 2.243800 N,060 59.849400 W,2.9,57.9,A,Depth,Depth,238.425926,D,S,74121.000000
Fri Jul 11 10:00:31 2025,11-Jul-2025,130032,48 2.244200 N,060 59.848300 W,2.9,58.2,A,Depth,Depth,238.425926,D,S,74121.000000
Fri Jul 11 10:00:31 2025,11-Jul-2025,130033,48 2.244600 N,060 59.847200 W,2.9,58.3,A,Depth,Depth,238.425926,D,S,74121.000000
Fri Jul 11 10:00:35 2025,11-Jul-2025,130034,48 2.245100 N,060 59.846100 W,2.9,58.2,A,DoorSpread,DoorMaster,6.635000,D,S,64885.000000
Fri Jul 11 10:00:36 2025,11-Jul-2025,130035,48 2.245500 N,060 59.845200 W,2.9,58.0,A,Primary,Headline,46.857143,D,P,97081.000000
Fri Jul 11 10:00:36 2025,11-Jul-2025,130036,48 2.245900 N,060 59.844200 W,2.9,57.8,A,Primary,Headline,46.857143,D,P,97081.000000
Fri Jul 11 10:00:36 2025,11-Jul-2025,130037,48 2.246300 N,060 59.843200 W,2.9,57.8,A,Primary,Headline,46.857143,D,P,97081.000000
Fri Jul 11 10:00:39 2025,11-Jul-2025,130038,48 2.246700 N,060 59.842300 W,2.9,57.7,A,Depth,Depth,237.962963,D,S,99285.000000
Fri Jul 11 10:00:41 2025,11-Jul-2025,130039,48 2.247200 N,060 59.841300 W,2.9,57.6,A,DoorSpread,DoorMaster,6.790000,D,P,58463.000000
Fri Jul 11 10:00:42 2025,11-Jul-2025,130040,48 2.247700 N,060 59.840300 W,2.9,57.4,A,Primary,Headline,39.367347,D,P,129481.000000
Fri Jul 11 10:00:42 2025,11-Jul-2025,130041,48 2.248100 N,060 59.839300 W,3.0,57.2,A,Primary,Headline,39.367347,D,P,129481.000000
Fri Jul 11 10:00:42 2025,11-Jul-2025,130042,48 2.248600 N,060 59.838300 W,3.0,57.1,A,Primary,Headline,39.367347,D,P,129481.000000
Fri Jul 11 10:00:42 2025,11-Jul-2025,130043,48 2.249100 N,060 59.837200 W,3.0,56.9,A,Primary,Headline,39.367347,D,P,129481.000000
Fri Jul 11 10:00:42 2025,11-Jul-2025,130044,48 2.249500 N,060 59.836200 W,3.0,56.6,A,Primary,Headline,39.367347,D,P,129481.000000
Fri Jul 11 10:00:47 2025,11-Jul-2025,130045,48 2.250000 N,060 59.835100 W,3.0,56.5,A,Depth,Depth,235.925926,D,P,101689.000000
Fri Jul 11 10:00:47 2025,11-Jul-2025,130046,48 2.250400 N,060 59.834100 W,3.0,56.5,A,Primary,Headline,27.897959,D,S,65229.000000
Fri Jul 11 10:00:47 2025,11-Jul-2025,130047,48 2.250800 N,060 59.833000 W,3.0,56.6,A,Primary,Headline,27.897959,D,S,65229.000000
Fri Jul 11 10:00:47 2025,11-Jul-2025,130048,48 2.251300 N,060 59.831900 W,3.0,56.6,A,Primary,Headline,27.897959,D,S,65229.000000
Fri Jul 11 10:00:47 2025,11-Jul-2025,130049,48 2.251700 N,060 59.830900 W,3.0,56.4,A,Primary,Headline,27.897959,D,S,65229.000000
Fri Jul 11 10:00:47 2025,11-Jul-2025,130050,48 2.252300 N,060 59.830000 W,3.0,56.0,A,Primary,Headline,27.897959,D,S,65229.000000
Fri Jul 11 10:00:53 2025,11-Jul-2025,130051,48 2.252900 N,060 59.829100 W,3.0,55.6,A,Primary,Headline,55.061224,D,S,89294.000000
Fri Jul 11 10:00:53 2025,11-Jul-2025,130052,48 2.253400 N,060 59.828200 W,3.0,55.2,A,Primary,Headline,55.061224,D,S,89294.000000
Fri Jul 11 10:00:55 2025,11-Jul-2025,130053,48 2.253900 N,060 59.827200 W,3.0,55.2,A,Depth,Depth,232.314815,D,S,100973.000000
Fri Jul 11 10:00:55 2025,11-Jul-2025,130054,48 2.254400 N,060 59.826100 W,3.0,55.3,A,Depth,Depth,232.314815,D,S,100973.000000
Fri Jul 11 10:00:55 2025,11-Jul-2025,130055,48 2.254900 N,060 59.825000 W,3.1,55.3,A,Depth,Depth,232.314815,D,S,100973.000000
Fri Jul 11 10:00:58 2025,11-Jul-2025,130056,48 2.255400 N,060 59.823900 W,3.1,55.3,A,DoorSpread,DoorMaster,6.605000,D,S,43702.000000
Fri Jul 11 10:00:58 2025,11-Jul-2025,130057,48 2.255800 N,060 59.822700 W,3.1,55.4,A,Primary,Headline,8.306122,D,S,80227.000000
Fri Jul 11 10:00:58 2025,11-Jul-2025,130058,48 2.256200 N,060 59.821700 W,3.1,55.4,A,Primary,Headline,8.306122,D,S,80227.000000
Fri Jul 11 10:00:58 2025,11-Jul-2025,130059,48 2.256600 N,060 59.820600 W,3.1,55.6,A,Primary,Headline,8.306122,D,S,80227.000000
Fri Jul 11 10:00:58 2025,11-Jul-2025,130100,48 2.257000 N,060 59.819500 W,3.1,55.9,A,Primary,Headline,8.306122,D,S,80227.000000
Fri Jul 11 10:01:03 2025,11-Jul-2025,130101,48 2.257300 N,060 59.818400 W,3.0,56.3,A,Depth,Depth,231.018519,D,P,124318.000000
Fri Jul 11 10:01:04 2025,11-Jul-2025,130102,48 2.257700 N,060 59.817400 W,3.0,56.6,A,Primary,Headline,43.346939,D,S,81356.000000
Fri Jul 11 10:01:04 2025,11-Jul-2025,130103,48 2.258000 N,060 59.816300 W,3.0,56.8,A,Primary,Headline,43.346939,D,S,81356.000000
Fri Jul 11 10:01:04 2025,11-Jul-2025,130104,48 2.258500 N,060 59.815200 W,3.1,56.8,A,Primary,Headline,43.346939,D,S,81356.000000
Fri Jul 11 10:01:04 2025,11-Jul-2025,130105,48 2.258900 N,060 59.814100 W,3.0,56.8,A,Primary,Headline,43.346939,D,S,81356.000000
Fri Jul 11 10:01:04 2025,11-Jul-2025,130106,48 2.259300 N,060 59.813100 W,3.0,56.7,A,Primary,Headline,43.346939,D,S,81356.000000
Fri Jul 11 10:01:04 2025,11-Jul-2025,130107,48 2.259700 N,060 59.812100 W,3.0,56.8,A,Primary,Headline,43.346939,D,S,81356.000000
Fri Jul 11 10:01:09 2025,11-Jul-2025,130108,48 2.260100 N,060 59.811000 W,3.0,56.8,A,DoorSpread,DoorMaster,7.515000,D,S,48110.000000
Fri Jul 11 10:01:10 2025,11-Jul-2025,130109,48 2.260500 N,060 59.810100 W,3.0,56.8,A,Depth,Depth,227.592593,D,P,116098.000000
Fri Jul 11 10:01:10 2025,11-Jul-2025,130110,48 2.260900 N,060 59.809200 W,3.0,56.7,A,Depth,Depth,227.592593,D,P,116098.000000
Fri Jul 11 10:01:10 2025,11-Jul-2025,130111,48 2.261400 N,060 59.808200 W,3.0,56.6,A,Depth,Depth,227.592593,D,P,116098.000000
Fri Jul 11 10:01:10 2025,11-Jul-2025,130112,48 2.261800 N,060 59.807400 W,3.0,56.5,A,Depth,Depth,227.592593,D,P,116098.000000
Fri Jul 11 10:01:15 2025,11-Jul-2025,130113,48 2.262200 N,060 59.806400 W,3.0,56.4,A,DoorSpread,DoorMaster,5.465000,D,S,74385.000000
Fri Jul 11 10:01:15 2025,11-Jul-2025,130114,48 2.262700 N,060 59.805300 W,3.1,56.5,A,DoorSpread,DoorMaster,5.465000,D,S,74385.000000
Fri Jul 11 10:01:15 2025,11-Jul-2025,130115,48 2.263100 N,060 59.804200 W,3.1,56.4,A,DoorSpread,DoorMaster,5.465000,D,S,74385.000000
Fri Jul 11 10:01:15 2025,11-Jul-2025,130116,48 2.263600 N,060 59.803100 W,3.1,56.2,A,DoorSpread,DoorMaster,5.465000,D,S,74385.000000
Fri Jul 11 10:01:18 2025,11-Jul-2025,130117,48 2.264100 N,060 59.802000 W,3.0,56.0,A,Depth,Depth,225.092593,D,S,98467.000000
Fri Jul 11 10:01:18 2025,11-Jul-2025,130118,48 2.264500 N,060 59.801000 W,3.0,55.9,A,Depth,Depth,225.092593,D,S,98467.000000
Fri Jul 11 10:01:20 2025,11-Jul-2025,130119,48 2.264900 N,060 59.799900 W,3.0,55.9,A,DoorSpread,DoorMaster,6.590000,D,S,71332.000000
Fri Jul 11 10:01:20 2025,11-Jul-2025,130120,48 2.265300 N,060 59.798800 W,3.0,55.8,A,DoorSpread,DoorMaster,6.590000,D,S,71332.000000
Fri Jul 11 10:01:20 2025,11-Jul-2025,130121,48 2.265600 N,060 59.797700 W,3.0,55.9,A,DoorSpread,DoorMaster,6.590000,D,S,71332.000000
Fri Jul 11 10:01:20 2025,11-Jul-2025,130122,48 2.266000 N,060 59.796600 W,3.0,55.9,A,DoorSpread,DoorMaster,6.590000,D,S,71332.000000
Fri Jul 11 10:01:20 2025,11-Jul-2025,130123,48 2.266400 N,060 59.795700 W,3.0,56.0,A,DoorSpread,DoorMaster,6.590000,D,S,71332.000000
Fri Jul 11 10:01:26 2025,11-Jul-2025,130124,48 2.266700 N,060 59.794800 W,2.9,56.0,A,DoorSpread,DoorMaster,6.585000,D,S,96425.000000
Fri Jul 11 10:01:26 2025,11-Jul-2025,130125,48 2.267100 N,060 59.793900 W,3.0,55.6,A,Depth,Depth,223.981481,D,P,155211.000000
Fri Jul 11 10:01:26 2025,11-Jul-2025,130126,48 2.267600 N,060 59.792900 W,2.9,55.3,A,Depth,Depth,223.981481,D,P,155211.000000
Fri Jul 11 10:01:26 2025,11-Jul-2025,130127,48 2.268000 N,060 59.791800 W,3.0,55.1,A,Depth,Depth,223.981481,D,P,155211.000000
Fri Jul 11 10:01:26 2025,11-Jul-2025,130128,48 2.268400 N,060 59.790700 W,2.9,55.1,A,Depth,Depth,223.981481,D,P,155211.000000
Fri Jul 11 10:01:31 2025,11-Jul-2025,130129,48 2.268800 N,060 59.789700 W,2.9,55.0,A,Primary,Headline,10.346939,D,S,70630.000000
Fri Jul 11 10:01:32 2025,11-Jul-2025,130130,48 2.269100 N,060 59.788700 W,2.9,55.0,A,DoorSpread,DoorMaster,6.625000,D,S,74430.000000
Fri Jul 11 10:01:32 2025,11-Jul-2025,130131,48 2.269500 N,060 59.787600 W,2.9,55.1,A,DoorSpread,DoorMaster,6.625000,D,S,74430.000000
Fri Jul 11 10:01:34 2025,11-Jul-2025,130132,48 2.270000 N,060 59.786500 W,2.9,55.3,A,Depth,Depth,221.759259,D,P,145919.000000
Fri Jul 11 10:01:34 2025,11-Jul-2025,130133,48 2.270400 N,060 59.785500 W,2.9,55.3,A,Depth,Depth,221.759259,D,P,145919.000000
Fri Jul 11 10:01:36 2025,11-Jul-2025,130134,48 2.270900 N,060 59.784700 W,2.9,55.2,A,Primary,Headline,16.265306,D,S,100835.000000
Fri Jul 11 10:01:36 2025,11-Jul-2025,130135,48 2.271500 N,060 59.783800 W,2.9,55.0,A,Primary,Headline,16.265306,D,S,100835.000000
Fri Jul 11 10:01:37 2025,11-Jul-2025,130136,48 2.271900 N,060 59.783000 W,2.9,54.7,A,DoorSpread,DoorMaster,6.760000,D,S,94484.000000
Fri Jul 11 10:01:37 2025,11-Jul-2025,130137,48 2.272400 N,060 59.782200 W,2.8,54.5,A,DoorSpread,DoorMaster,6.760000,D,S,94484.000000
Fri Jul 11 10:01:37 2025,11-Jul-2025,130138,48 2.272800 N,060 59.781300 W,2.9,54.5,A,DoorSpread,DoorMaster,6.760000,D,S,94484.000000
Fri Jul 11 10:01:41 2025,11-Jul-2025,130139,48 2.273200 N,060 59.780300 W,2.9,54.6,A,Depth,Depth,0.000000,D,S,65719.000000
Fri Jul 11 10:01:42 2025,11-Jul-2025,130140,48 2.273700 N,060 59.779200 W,2.9,54.4,A,Primary,Headline,53.530612,D,S,63976.000000
Fri Jul 11 10:01:43 2025,11-Jul-2025,130141,48 2.274200 N,060 59.778200 W,2.9,54.1,A,DoorSpread,DoorMaster,7.060000,D,S,76371.000000
Fri Jul 11 10:01:43 2025,11-Jul-2025,130142,48 2.274700 N,060 59.777200 W,2.9,53.8,A,DoorSpread,DoorMaster,7.060000,D,S,76371.000000
Fri Jul 11 10:01:43 2025,11-Jul-2025,130143,48 2.275200 N,060 59.776200 W,2.9,53.6,A,DoorSpread,DoorMaster,7.060000,D,S,76371.000000
Fri Jul 11 10:01:43 2025,11-Jul-2025,130144,48 2.275700 N,060 59.775200 W,2.9,53.6,A,DoorSpread,DoorMaster,7.060000,D,S,76371.000000
Fri Jul 11 10:01:47 2025,11-Jul-2025,130145,48 2.276000 N,060 59.774200 W,2.9,53.6,A,Primary,Headline,17.428571,D,P,105307.000000
Fri Jul 11 10:01:47 2025,11-Jul-2025,130146,48 2.276400 N,060 59.773100 W,2.9,53.6,A,Primary,Headline,17.428571,D,P,105307.000000
Fri Jul 11 10:01:49 2025,11-Jul-2025,130147,48 2.276800 N,060 59.772000 W,2.9,53.7,A,Depth,Depth,241.018519,D,P,77808.000000
Fri Jul 11 10:01:49 2025,11-Jul-2025,130148,48 2.277200 N,060 59.771000 W,2.9,53.8,A,Depth,Depth,241.018519,D,P,77808.000000
Fri Jul 11 10:01:49 2025,11-Jul-2025,130149,48 2.277700 N,060 59.770100 W,2.9,53.7,A,Depth,Depth,241.018519,D,P,77808.000000
Fri Jul 11 10:01:49 2025,11-Jul-2025,130150,48 2.278200 N,060 59.769100 W,2.9,53.6,A,Depth,Depth,241.018519,D,P,77808.000000
Fri Jul 11 10:01:53 2025,11-Jul-2025,130151,48 2.278700 N,060 59.768100 W,2.9,53.3,A,Primary,Headline,36.163265,D,S,79566.000000
Fri Jul 11 10:01:53 2025,11-Jul-2025,130152,48 2.279100 N,060 59.767000 W,3.0,53.3,A,Primary,Headline,36.163265,D,S,79566.000000
Fri Jul 11 10:01:54 2025,11-Jul-2025,130153,48 2.279400 N,060 59.765900 W,3.0,53.4,A,DoorSpread,DoorMaster,6.705000,D,P,45457.000000
Fri Jul 11 10:01:54 2025,11-Jul-2025,130154,48 2.279800 N,060 59.764800 W,3.0,53.7,A,DoorSpread,DoorMaster,6.705000,D,P,45457.000000
Fri Jul 11 10:01:57 2025,11-Jul-2025,130155,48 2.280300 N,060 59.763700 W,3.0,53.8,A,Depth,Depth,242.129630,D,P,43992.000000
Fri Jul 11 10:01:58 2025,11-Jul-2025,130156,48 2.280800 N,060 59.762600 W,3.0,53.9,A,Primary,Headline,12.775510,D,S,26975.000000
Fri Jul 11 10:01:58 2025,11-Jul-2025,130157,48 2.281300 N,060 59.761500 W,3.0,54.0,A,Primary,Headline,12.775510,D,S,26975.000000
Fri Jul 11 10:02:00 2025,11-Jul-2025,130158,48 2.281800 N,060 59.760400 W,3.1,54.1,A,DoorSpread,DoorMaster,6.110000,D,S,16761.000000
Fri Jul 11 10:02:00 2025,11-Jul-2025,130159,48 2.282400 N,060 59.759400 W,3.1,54.3,A,DoorSpread,DoorMaster,6.110000,D,S,16761.000000
Fri Jul 11 10:02:00 2025,11-Jul-2025,130200,48 2.282900 N,060 59.758200 W,3.1,54.7,A,DoorSpread,DoorMaster,6.110000,D,S,16761.000000
Fri Jul 11 10:02:03 2025,11-Jul-2025,130201,48 2.283400 N,060 59.757200 W,3.1,55.1,A,Primary,Headline,15.122449,D,P,51299.000000
Fri Jul 11 10:02:03 2025,11-Jul-2025,130202,48 2.283800 N,060 59.756200 W,3.1,55.3,A,Primary,Headline,15.122449,D,P,51299.000000
Fri Jul 11 10:02:05 2025,11-Jul-2025,130203,48 2.284200 N,060 59.755200 W,3.1,55.6,A,Depth,Depth,373.796296,D,S,30926.000000
Fri Jul 11 10:02:05 2025,11-Jul-2025,130204,48 2.284700 N,060 59.754300 W,3.0,55.9,A,DoorSpread,DoorMaster,6.270000,D,S,35291.000000
Fri Jul 11 10:02:05 2025,11-Jul-2025,130205,48 2.285100 N,060 59.753300 W,3.0,56.1,A,DoorSpread,DoorMaster,6.270000,D,S,35291.000000
Fri Jul 11 10:02:08 2025,11-Jul-2025,130206,48 2.285600 N,060 59.752300 W,3.0,56.3,A,Primary,Headline,2.693878,D,S,55691.000000
Fri Jul 11 10:02:08 2025,11-Jul-2025,130207,48 2.286200 N,060 59.751300 W,3.1,56.3,A,Primary,Headline,2.693878,D,S,55691.000000
Fri Jul 11 10:02:08 2025,11-Jul-2025,130208,48 2.286700 N,060 59.750400 W,3.1,56.3,A,Primary,Headline,2.693878,D,S,55691.000000
Fri Jul 11 10:02:11 2025,11-Jul-2025,130209,48 2.287200 N,060 59.749400 W,3.0,56.4,A,DoorSpread,DoorMaster,6.240000,D,S,53688.000000
Fri Jul 11 10:02:11 2025,11-Jul-2025,130210,48 2.287700 N,060 59.748300 W,3.1,56.5,A,DoorSpread,DoorMaster,6.240000,D,S,53688.000000
Fri Jul 11 10:02:12 2025,11-Jul-2025,130211,48 2.288100 N,060 59.747300 W,3.1,56.5,A,Depth,Depth,87.777778,D,S,63559.000000
Fri Jul 11 10:02:14 2025,11-Jul-2025,130212,48 2.288700 N,060 59.746300 W,3.1,56.4,A,Primary,Headline,49.795918,D,S,89909.000000
Fri Jul 11 10:02:14 2025,11-Jul-2025,130213,48 2.289100 N,060 59.745200 W,3.1,56.4,A,Primary,Headline,49.795918,D,S,89909.000000
Fri Jul 11 10:02:14 2025,11-Jul-2025,130214,48 2.289600 N,060 59.744100 W,3.1,56.4,A,Primary,Headline,49.795918,D,S,89909.000000
Fri Jul 11 10:02:16 2025,11-Jul-2025,130215,48 2.289900 N,060 59.743000 W,3.0,56.5,A,DoorSpread,DoorMaster,6.465000,D,S,81836.000000
Fri Jul 11 10:02:16 2025,11-Jul-2025,130216,48 2.290300 N,060 59.742000 W,3.0,56.7,A,DoorSpread,DoorMaster,6.465000,D,S,81836.000000
Fri Jul 11 10:02:16 2025,11-Jul-2025,130217,48 2.290600 N,060 59.740800 W,3.0,56.8,A,DoorSpread,DoorMaster,6.465000,D,S,81836.000000
Fri Jul 11 10:02:20 2025,11-Jul-2025,130218,48 2.291000 N,060 59.739800 W,3.0,56.9,A,Depth,Depth,228.981481,D,S,75060.000000
Fri Jul 11 10:02:20 2025,11-Jul-2025,130219,48 2.291400 N,060 59.738700 W,3.0,57.0,A,Depth,Depth,228.981481,D,S,75060.000000
Fri Jul 11 10:02:20 2025,11-Jul-2025,130220,48 2.291700 N,060 59.737700 W,3.0,56.8,A,Depth,Depth,228.981481,D,S,75060.000000
Fri Jul 11 10:02:22 2025,11-Jul-2025,130221,48 2.292200 N,060 59.736800 W,3.0,56.3,A,DoorSpread,DoorMaster,6.530000,D,S,73196.000000
Fri Jul 11 10:02:22 2025,11-Jul-2025,130222,48 2.292700 N,060 59.735800 W,3.0,55.8,A,DoorSpread,DoorMaster,6.530000,D,S,73196.000000
Fri Jul 11 10:02:25 2025,11-Jul-2025,130223,48 2.293200 N,060 59.734800 W,3.0,55.4,A,Primary,Headline,22.387755,D,S,108169.000000
Fri Jul 11 10:02:25 2025,11-Jul-2025,130224,48 2.293600 N,060 59.733700 W,3.0,55.2,A,Primary,Headline,22.387755,D,S,108169.000000
Fri Jul 11 10:02:25 2025,11-Jul-2025,130225,48 2.294100 N,060 59.732700 W,3.0,55.1,A,Primary,Headline,22.387755,D,S,108169.000000
Fri Jul 11 10:02:28 2025,11-Jul-2025,130226,48 2.294600 N,060 59.731500 W,3.1,54.9,A,Depth,Depth,226.666667,D,S,81367.000000
Fri Jul 11 10:02:28 2025,11-Jul-2025,130227,48 2.295100 N,060 59.730500 W,3.1,54.6,A,Depth,Depth,226.666667,D,S,81367.000000
Fri Jul 11 10:02:28 2025,11-Jul-2025,130228,48 2.295700 N,060 59.729600 W,3.1,54.2,A,Depth,Depth,226.666667,D,S,81367.000000
Fri Jul 11 10:02:30 2025,11-Jul-2025,130229,48 2.296200 N,060 59.728700 W,3.1,53.9,A,Primary,Headline,52.571429,D,S,82862.000000
Fri Jul 11 10:02:30 2025,11-Jul-2025,130230,48 2.296600 N,060 59.727800 W,3.1,53.8,A,Primary,Headline,52.571429,D,S,82862.000000
Fri Jul 11 10:02:30 2025,11-Jul-2025,130231,48 2.297100 N,060 59.726700 W,3.1,53.6,A,Primary,Headline,52.571429,D,S,82862.000000
Fri Jul 11 10:02:33 2025,11-Jul-2025,130232,48 2.297600 N,060 59.725700 W,3.1,53.5,A,DoorSpread,DoorMaster,6.615000,D,S,62834.000000
Fri Jul 11 10:02:33 2025,11-Jul-2025,130233,48 2.298100 N,060 59.724700 W,3.1,53.5,A,DoorSpread,DoorMaster,6.615000,D,S,62834.000000
Fri Jul 11 10:02:36 2025,11-Jul-2025,130234,48 2.298600 N,060 59.723700 W,3.1,53.5,A,Depth,Depth,273.148148,D,P,139735.000000
Fri Jul 11 10:02:36 2025,11-Jul-2025,130235,48 2.299000 N,060 59.722600 W,3.1,53.7,A,Depth,Depth,273.148148,D,P,139735.000000
Fri Jul 11 10:02:36 2025,11-Jul-2025,130236,48 2.299500 N,060 59.721600 W,3.1,54.0,A,Depth,Depth,273.148148,D,P,139735.000000
Fri Jul 11 10:02:39 2025,11-Jul-2025,130237,48 2.300000 N,060 59.720500 W,3.1,54.0,A,DoorSpread,DoorMaster,6.770000,D,P,90758.000000
Fri Jul 11 10:02:39 2025,11-Jul-2025,130238,48 2.300600 N,060 59.719500 W,3.1,53.9,A,DoorSpread,DoorMaster,6.770000,D,P,90758.000000
Fri Jul 11 10:02:41 2025,11-Jul-2025,130239,48 2.301100 N,060 59.718500 W,3.1,53.8,A,Primary,Headline,8.204082,D,S,119491.000000
Fri Jul 11 10:02:41 2025,11-Jul-2025,130240,48 2.301500 N,060 59.717500 W,3.0,53.8,A,Primary,Headline,8.204082,D,S,119491.000000
Fri Jul 11 10:02:41 2025,11-Jul-2025,130241,48 2.301900 N,060 59.716400 W,3.0,53.9,A,Primary,Headline,8.204082,D,S,119491.000000
Fri Jul 11 10:02:44 2025,11-Jul-2025,130242,48 2.302300 N,060 59.715300 W,3.0,54.2,A,Depth,Depth,172.592593,D,S,91144.000000
Fri Jul 11 10:02:44 2025,11-Jul-2025,130243,48 2.302700 N,060 59.714200 W,3.0,54.3,A,DoorSpread,DoorMaster,6.760000,D,S,101757.000000
Fri Jul 11 10:02:44 2025,11-Jul-2025,130244,48 2.303100 N,060 59.713200 W,3.0,54.3,A,DoorSpread,DoorMaster,6.760000,D,S,101757.000000
Fri Jul 11 10:02:46 2025,11-Jul-2025,130245,48 2.303600 N,060 59.712100 W,3.0,54.3,A,Primary,Headline,33.122449,D,P,86580.000000
Fri Jul 11 10:02:46 2025,11-Jul-2025,130246,48 2.304100 N,060 59.711100 W,3.0,54.3,A,Primary,Headline,33.122449,D,P,86580.000000
Fri Jul 11 10:02:46 2025,11-Jul-2025,130247,48 2.304600 N,060 59.710100 W,3.0,54.2,A,Primary,Headline,33.122449,D,P,86580.000000
Fri Jul 11 10:02:46 2025,11-Jul-2025,130248,48 2.305200 N,060 59.709200 W,2.9,54.1,A,Primary,Headline,33.122449,D,P,86580.000000
Fri Jul 11 10:02:50 2025,11-Jul-2025,130249,48 2.305800 N,060 59.708200 W,2.9,54.0,A,DoorSpread,DoorMaster,6.765000,D,S,81879.000000
Fri Jul 11 10:02:52 2025,11-Jul-2025,130250,48 2.306400 N,060 59.707400 W,3.0,53.8,A,Primary,Headline,37.122449,D,S,102126.000000
Fri Jul 11 10:02:52 2025,11-Jul-2025,130251,48 2.307000 N,060 59.706500 W,3.0,53.7,A,Primary,Headline,37.204082,D,P,102530.000000
Fri Jul 11 10:02:52 2025,11-Jul-2025,130252,48 2.307500 N,060 59.705500 W,3.0,53.7,A,Primary,Headline,37.204082,D,P,102530.000000
Fri Jul 11 10:02:52 2025,11-Jul-2025,130253,48 2.308100 N,060 59.704400 W,3.0,53.6,A,Primary,Headline,37.204082,D,P,102530.000000
Fri Jul 11 10:02:56 2025,11-Jul-2025,130254,48 2.308700 N,060 59.703400 W,3.0,53.5,A,DoorSpread,DoorMaster,6.825000,D,S,84845.000000
Fri Jul 11 10:02:56 2025,11-Jul-2025,130255,48 2.309200 N,060 59.702400 W,3.0,53.2,A,DoorSpread,DoorMaster,6.825000,D,S,84845.000000
Fri Jul 11 10:02:57 2025,11-Jul-2025,130256,48 2.309800 N,060 59.701500 W,3.0,52.9,A,Primary,Headline,5.755102,D,P,111201.000000
Fri Jul 11 10:02:59 2025,11-Jul-2025,130257,48 2.310300 N,060 59.700600 W,3.0,52.6,A,Depth,Depth,197.870370,D,P,116065.000000
Fri Jul 11 10:02:59 2025,11-Jul-2025,130258,48 2.310800 N,060 59.699800 W,3.0,52.3,A,Depth,Depth,197.870370,D,P,116065.000000
Fri Jul 11 10:02:59 2025,11-Jul-2025,130259,48 2.311300 N,060 59.698900 W,3.0,52.2,A,Depth,Depth,197.870370,D,P,116065.000000
Fri Jul 11 10:03:01 2025,11-Jul-2025,130300,48 2.311800 N,060 59.697900 W,3.0,52.1,A,DoorSpread,DoorMaster,6.790000,D,S,98156.000000
Fri Jul 11 10:03:02 2025,11-Jul-2025,130301,48 2.312400 N,060 59.696900 W,3.0,52.0,A,Primary,Headline,4.448980,D,P,100568.000000
Fri Jul 11 10:03:02 2025,11-Jul-2025,130302,48 2.312900 N,060 59.695900 W,3.0,51.8,A,Primary,Headline,4.448980,D,P,100568.000000
Fri Jul 11 10:03:02 2025,11-Jul-2025,130303,48 2.313400 N,060 59.694900 W,3.0,51.7,A,Primary,Headline,4.448980,D,P,100568.000000
Fri Jul 11 10:03:02 2025,11-Jul-2025,130304,48 2.313900 N,060 59.693900 W,3.0,51.6,A,Primary,Headline,4.448980,D,P,100568.000000
Fri Jul 11 10:03:07 2025,11-Jul-2025,130305,48 2.314400 N,060 59.693000 W,3.0,51.3,A,DoorSpread,DoorMaster,6.840000,D,S,98832.000000
Fri Jul 11 10:03:07 2025,11-Jul-2025,130306,48 2.314800 N,060 59.692000 W,3.0,51.2,A,Primary,Headline,3.387755,D,P,150924.000000
Fri Jul 11 10:03:07 2025,11-Jul-2025,130307,48 2.315300 N,060 59.691000 W,3.0,51.3,A,Primary,Headline,3.387755,D,P,150924.000000
Fri Jul 11 10:03:07 2025,11-Jul-2025,130308,48 2.315800 N,060 59.690000 W,3.0,51.3,A,Primary,Headline,3.387755,D,P,150924.000000
Fri Jul 11 10:03:07 2025,11-Jul-2025,130309,48 2.316300 N,060 59.689100 W,3.0,51.3,A,Primary,Headline,3.387755,D,P,150924.000000
Fri Jul 11 10:03:07 2025,11-Jul-2025,130310,48 2.316800 N,060 59.688100 W,3.0,51.1,A,Primary,Headline,3.387755,D,P,150924.000000
Fri Jul 11 10:03:13 2025,11-Jul-2025,130311,48 2.317400 N,060 59.687100 W,3.1,51.0,A,DoorSpread,DoorMaster,6.900000,D,P,77986.000000
Fri Jul 11 10:03:13 2025,11-Jul-2025,130312,48 2.317900 N,060 59.686000 W,3.1,50.9,A,DoorSpread,DoorMaster,6.900000,D,P,77986.000000
Fri Jul 11 10:03:14 2025,11-Jul-2025,130313,48 2.318500 N,060 59.685000 W,3.1,50.7,A,Depth,Depth,187.962963,D,P,145702.000000
Fri Jul 11 10:03:14 2025,11-Jul-2025,130314,48 2.319000 N,060 59.684100 W,3.0,50.6,A,Depth,Depth,187.962963,D,P,145702.000000
Fri Jul 11 10:03:14 2025,11-Jul-2025,130315,48 2.319500 N,060 59.683200 W,3.1,50.6,A,Depth,Depth,187.962963,D,P,145702.000000
Fri Jul 11 10:03:18 2025,11-Jul-2025,130316,48 2.320000 N,060 59.682300 W,3.1,50.5,A,Primary,Headline,20.510204,D,P,124387.000000
Fri Jul 11 10:03:18 2025,11-Jul-2025,130317,48 2.320600 N,060 59.681400 W,3.1,50.2,A,DoorSpread,DoorMaster,7.065000,D,S,93792.000000
Fri Jul 11 10:03:18 2025,11-Jul-2025,130318,48 2.321200 N,060 59.680600 W,3.1,49.7,A,DoorSpread,DoorMaster,7.065000,D,S,93792.000000
Fri Jul 11 10:03:18 2025,11-Jul-2025,130319,48 2.321800 N,060 59.679900 W,3.1,49.0,A,DoorSpread,DoorMaster,7.065000,D,S,93792.000000
Fri Jul 11 10:03:22 2025,11-Jul-2025,130320,48 2.322400 N,060 59.679100 W,3.1,48.4,A,Depth,Depth,185.555556,D,P,149926.000000
Fri Jul 11 10:03:22 2025,11-Jul-2025,130321,48 2.322900 N,060 59.678200 W,3.1,48.0,A,Depth,Depth,185.555556,D,P,149926.000000
Fri Jul 11 10:03:24 2025,11-Jul-2025,130322,48 2.323500 N,060 59.677400 W,3.1,47.6,A,DoorSpread,DoorMaster,7.210000,D,S,72784.000000
Fri Jul 11 10:03:24 2025,11-Jul-2025,130323,48 2.324000 N,060 59.676500 W,3.1,47.5,A,DoorSpread,DoorMaster,7.210000,D,S,72784.000000
Fri Jul 11 10:03:24 2025,11-Jul-2025,130324,48 2.324400 N,060 59.675600 W,3.1,47.6,A,DoorSpread,DoorMaster,7.210000,D,S,72784.000000
Fri Jul 11 10:03:24 2025,11-Jul-2025,130325,48 2.324900 N,060 59.674800 W,3.1,47.6,A,DoorSpread,DoorMaster,7.210000,D,S,72784.000000
Fri Jul 11 10:03:24 2025,11-Jul-2025,130326,48 2.325500 N,060 59.674000 W,3.1,47.3,A,DoorSpread,DoorMaster,7.210000,D,S,72784.000000
Fri Jul 11 10:03:24 2025,11-Jul-2025,130327,48 2.326000 N,060 59.673200 W,3.1,47.1,A,DoorSpread,DoorMaster,7.210000,D,S,72784.000000
Fri Jul 11 10:03:30 2025,11-Jul-2025,130328,48 2.326500 N,060 59.672300 W,3.0,46.9,A,Depth,Depth,183.425926,D,P,118774.000000
Fri Jul 11 10:03:30 2025,11-Jul-2025,130329,48 2.327000 N,060 59.671500 W,3.0,46.9,A,Depth,Depth,183.425926,D,P,118774.000000
Fri Jul 11 10:03:30 2025,11-Jul-2025,130330,48 2.327500 N,060 59.670600 W,3.0,46.9,A,Depth,Depth,183.425926,D,P,118774.000000
Fri Jul 11 10:03:30 2025,11-Jul-2025,130331,48 2.327900 N,060 59.669800 W,3.0,46.8,A,Depth,Depth,183.425926,D,P,118774.000000
Fri Jul 11 10:03:30 2025,11-Jul-2025,130332,48 2.328500 N,060 59.669000 W,3.0,46.7,A,Depth,Depth,183.425926,D,P,118774.000000
Fri Jul 11 10:03:34 2025,11-Jul-2025,130333,48 2.329100 N,060 59.668200 W,3.0,46.7,A,Primary,Headline,21.755102,D,P,209756.000000
Fri Jul 11 10:03:35 2025,11-Jul-2025,130334,48 2.329600 N,060 59.667300 W,3.0,46.7,A,DoorSpread,DoorMaster,7.335000,D,S,77661.000000
Fri Jul 11 10:03:35 2025,11-Jul-2025,130335,48 2.330200 N,060 59.666300 W,3.0,46.9,A,DoorSpread,DoorMaster,7.335000,D,S,77661.000000
Fri Jul 11 10:03:37 2025,11-Jul-2025,130336,48 2.330700 N,060 59.665300 W,3.1,47.1,A,Depth,Depth,180.092593,D,P,137490.000000
Fri Jul 11 10:03:37 2025,11-Jul-2025,130337,48 2.331300 N,060 59.664400 W,3.1,47.1,A,Depth,Depth,180.092593,D,P,137490.000000
Fri Jul 11 10:03:40 2025,11-Jul-2025,130338,48 2.331800 N,060 59.663500 W,3.1,47.0,A,Primary,Headline,22.938776,D,P,164200.000000
Fri Jul 11 10:03:41 2025,11-Jul-2025,130339,48 2.332400 N,060 59.662600 W,3.1,47.1,A,DoorSpread,DoorMaster,7.410000,D,P,103581.000000
Fri Jul 11 10:03:41 2025,11-Jul-2025,130340,48 2.333000 N,060 59.661500 W,3.1,47.2,A,DoorSpread,DoorMaster,7.410000,D,P,103581.000000
Fri Jul 11 10:03:41 2025,11-Jul-2025,130341,48 2.333500 N,060 59.660400 W,3.1,47.6,A,DoorSpread,DoorMaster,7.410000,D,P,103581.000000
Fri Jul 11 10:03:41 2025,11-Jul-2025,130342,48 2.334000 N,060 59.659400 W,3.1,48.0,A,DoorSpread,DoorMaster,7.410000,D,P,103581.000000
Fri Jul 11 10:03:41 2025,11-Jul-2025,130343,48 2.334600 N,060 59.658400 W,3.1,48.4,A,DoorSpread,DoorMaster,7.410000,D,P,103581.000000
Fri Jul 11 10:03:45 2025,11-Jul-2025,130344,48 2.335200 N,060 59.657400 W,3.1,48.6,A,Primary,Headline,34.346939,D,S,110841.000000
Fri Jul 11 10:03:46 2025,11-Jul-2025,130345,48 2.335800 N,060 59.656300 W,3.1,48.7,A,DoorSpread,DoorMaster,7.150000,D,S,113809.000000
Fri Jul 11 10:03:46 2025,11-Jul-2025,130346,48 2.336200 N,060 59.655300 W,3.1,49.0,A,DoorSpread,DoorMaster,7.150000,D,S,113809.000000
Fri Jul 11 10:03:46 2025,11-Jul-2025,130347,48 2.336800 N,060 59.654200 W,3.1,49.5,A,DoorSpread,DoorMaster,7.150000,D,S,113809.000000
Fri Jul 11 10:03:46 2025,11-Jul-2025,130348,48 2.337400 N,060 59.653100 W,3.2,49.9,A,DoorSpread,DoorMaster,7.150000,D,S,113809.000000
Fri Jul 11 10:03:46 2025,11-Jul-2025,130349,48 2.337900 N,060 59.652000 W,3.2,50.2,A,DoorSpread,DoorMaster,7.150000,D,S,113809.000000
Fri Jul 11 10:03:51 2025,11-Jul-2025,130350,48 2.338500 N,060 59.650800 W,3.2,50.4,A,Primary,Headline,58.448980,D,S,94766.000000
Fri Jul 11 10:03:53 2025,11-Jul-2025,130351,48 2.339000 N,060 59.649600 W,3.2,50.7,A,Depth,Depth,176.481481,D,S,42256.000000
Fri Jul 11 10:03:53 2025,11-Jul-2025,130352,48 2.339500 N,060 59.648400 W,3.2,50.9,A,Depth,Depth,176.481481,D,S,42256.000000
Fri Jul 11 10:03:53 2025,11-Jul-2025,130353,48 2.340000 N,060 59.647200 W,3.2,51.2,A,Depth,Depth,176.481481,D,S,42256.000000
Fri Jul 11 10:03:53 2025,11-Jul-2025,130354,48 2.340500 N,060 59.646000 W,3.3,51.5,A,Depth,Depth,176.481481,D,S,42256.000000
Fri Jul 11 10:03:53 2025,11-Jul-2025,130355,48 2.340900 N,060 59.644900 W,3.2,51.9,A,Depth,Depth,176.481481,D,S,42256.000000
Fri Jul 11 10:03:58 2025,11-Jul-2025,130356,48 2.341400 N,060 59.643900 W,3.2,52.2,A,DoorSpread,DoorMaster,6.745000,D,S,17801.000000
Fri Jul 11 10:03:58 2025,11-Jul-2025,130357,48 2.341800 N,060 59.643000 W,3.2,52.7,A,DoorSpread,DoorMaster,6.745000,D,S,17801.000000
Fri Jul 11 10:03:58 2025,11-Jul-2025,130358,48 2.342200 N,060 59.641900 W,3.2,53.0,A,DoorSpread,DoorMaster,6.745000,D,S,17801.000000
Fri Jul 11 10:04:00 2025,11-Jul-2025,130359,48 2.342700 N,060 59.640800 W,3.2,53.2,A,Depth,Depth,163.888889,D,P,79139.000000
Fri Jul 11 10:04:00 2025,11-Jul-2025,130400,48 2.343100 N,060 59.639700 W,3.2,53.5,A,Depth,Depth,163.888889,D,P,79139.000000
Fri Jul 11 10:04:03 2025,11-Jul-2025,130401,48 2.343500 N,060 59.638500 W,3.2,54.0,A,Primary,Headline,38.510204,D,P,95751.000000
Fri Jul 11 10:04:03 2025,11-Jul-2025,130402,48 2.343900 N,060 59.637400 W,3.2,54.5,A,Primary,Headline,38.510204,D,P,95751.000000
Fri Jul 11 10:04:03 2025,11-Jul-2025,130403,48 2.344300 N,060 59.636200 W,3.2,55.0,A,Primary,Headline,38.510204,D,P,95751.000000
Fri Jul 11 10:04:03 2025,11-Jul-2025,130404,48 2.344800 N,060 59.635100 W,3.2,55.4,A,Primary,Headline,38.510204,D,P,95751.000000
Fri Jul 11 10:04:03 2025,11-Jul-2025,130405,48 2.345200 N,060 59.634000 W,3.2,55.8,A,Primary,Headline,38.510204,D,P,95751.000000
Fri Jul 11 10:04:08 2025,11-Jul-2025,130406,48 2.345700 N,060 59.632800 W,3.2,56.4,A,Depth,Depth,171.388889,D,P,127686.000000
Fri Jul 11 10:04:08 2025,11-Jul-2025,130407,48 2.346000 N,060 59.631500 W,3.1,57.1,A,Primary,Headline,22.367347,D,P,103639.000000
Fri Jul 11 10:04:08 2025,11-Jul-2025,130408,48 2.346300 N,060 59.630400 W,3.1,57.7,A,Primary,Headline,22.367347,D,P,103639.000000
Fri Jul 11 10:04:08 2025,11-Jul-2025,130409,48 2.346600 N,060 59.629200 W,3.1,58.2,A,Primary,Headline,22.367347,D,P,103639.000000
Fri Jul 11 10:04:08 2025,11-Jul-2025,130410,48 2.347000 N,060 59.628200 W,3.1,58.4,A,Primary,Headline,22.367347,D,P,103639.000000
Fri Jul 11 10:04:08 2025,11-Jul-2025,130411,48 2.347400 N,060 59.627200 W,3.0,58.6,A,Primary,Headline,22.367347,D,P,103639.000000
Fri Jul 11 10:04:14 2025,11-Jul-2025,130412,48 2.347700 N,060 59.626100 W,3.0,59.0,A,Primary,Headline,39.265306,D,P,86220.000000
Fri Jul 11 10:04:14 2025,11-Jul-2025,130413,48 2.348000 N,060 59.625000 W,3.0,59.5,A,DoorSpread,DoorMaster,6.260000,D,P,38033.000000
Fri Jul 11 10:04:16 2025,11-Jul-2025,130414,48 2.348300 N,060 59.623900 W,3.0,59.8,A,Depth,Depth,168.333333,D,P,105364.000000
Fri Jul 11 10:04:16 2025,11-Jul-2025,130415,48 2.348700 N,060 59.622800 W,3.0,60.0,A,Depth,Depth,168.333333,D,P,105364.000000
Fri Jul 11 10:04:16 2025,11-Jul-2025,130416,48 2.349200 N,060 59.621800 W,3.0,59.9,A,Depth,Depth,168.333333,D,P,105364.000000
Fri Jul 11 10:04:16 2025,11-Jul-2025,130417,48 2.349600 N,060 59.620800 W,3.0,59.8,A,Depth,Depth,168.333333,D,P,105364.000000
Fri Jul 11 10:04:20 2025,11-Jul-2025,130418,48 2.350000 N,060 59.619800 W,3.0,59.8,A,Primary,Headline,57.693878,D,S,60106.000000
Fri Jul 11 10:04:20 2025,11-Jul-2025,130419,48 2.350300 N,060 59.618600 W,3.0,59.9,A,DoorSpread,DoorMaster,6.080000,D,S,27484.000000
Fri Jul 11 10:04:20 2025,11-Jul-2025,130420,48 2.350600 N,060 59.617400 W,3.0,59.8,A,DoorSpread,DoorMaster,6.080000,D,S,27484.000000
Fri Jul 11 10:04:23 2025,11-Jul-2025,130421,48 2.351100 N,060 59.616300 W,3.0,59.8,A,Depth,Depth,163.796296,D,P,116155.000000
Fri Jul 11 10:04:23 2025,11-Jul-2025,130422,48 2.351600 N,060 59.615100 W,3.0,59.6,A,Depth,Depth,163.796296,D,P,116155.000000
Fri Jul 11 10:04:23 2025,11-Jul-2025,130423,48 2.352100 N,060 59.614000 W,3.0,59.2,A,Depth,Depth,163.796296,D,P,116155.000000
Fri Jul 11 10:04:26 2025,11-Jul-2025,130424,48 2.352800 N,060 59.613000 W,3.0,58.6,A,DoorSpread,DoorMaster,5.815000,D,S,29404.000000
Fri Jul 11 10:04:26 2025,11-Jul-2025,130425,48 2.353400 N,060 59.612100 W,3.0,58.0,A,DoorSpread,DoorMaster,5.815000,D,S,29404.000000
Fri Jul 11 10:04:26 2025,11-Jul-2025,130426,48 2.353900 N,060 59.611100 W,2.9,57.8,A,DoorSpread,DoorMaster,5.815000,D,S,29404.000000
Fri Jul 11 10:04:26 2025,11-Jul-2025,130427,48 2.354400 N,060 59.610200 W,2.9,57.8,A,DoorSpread,DoorMaster,5.815000,D,S,29404.000000
Fri Jul 11 10:04:26 2025,11-Jul-2025,130428,48 2.354900 N,060 59.609200 W,3.0,57.7,A,DoorSpread,DoorMaster,5.815000,D,S,29404.000000
Fri Jul 11 10:04:31 2025,11-Jul-2025,130429,48 2.355500 N,060 59.608300 W,3.0,57.4,A,Depth,Depth,160.185185,D,S,92540.000000
Fri Jul 11 10:04:31 2025,11-Jul-2025,130430,48 2.356200 N,060 59.607500 W,3.0,56.7,A,DoorSpread,DoorMaster,5.830000,D,S,40654.000000
Fri Jul 11 10:04:31 2025,11-Jul-2025,130431,48 2.356800 N,060 59.606600 W,3.0,56.0,A,DoorSpread,DoorMaster,5.830000,D,S,40654.000000
Fri Jul 11 10:04:31 2025,11-Jul-2025,130432,48 2.357500 N,060 59.605700 W,3.0,55.5,A,DoorSpread,DoorMaster,5.830000,D,S,40654.000000
Fri Jul 11 10:04:31 2025,11-Jul-2025,130433,48 2.358100 N,060 59.604800 W,3.0,55.0,A,DoorSpread,DoorMaster,5.830000,D,S,40654.000000
Fri Jul 11 10:04:31 2025,11-Jul-2025,130434,48 2.358600 N,060 59.603800 W,3.0,54.7,A,DoorSpread,DoorMaster,5.830000,D,S,40654.000000
Fri Jul 11 10:04:37 2025,11-Jul-2025,130435,48 2.359100 N,060 59.602800 W,3.0,54.4,A,DoorSpread,DoorMaster,5.980000,D,S,52521.000000
Fri Jul 11 10:04:37 2025,11-Jul-2025,130436,48 2.359600 N,060 59.601900 W,3.0,54.1,A,DoorSpread,DoorMaster,5.980000,D,S,52521.000000
Fri Jul 11 10:04:38 2025,11-Jul-2025,130437,48 2.360100 N,060 59.600900 W,3.0,53.9,A,Depth,Depth,159.074074,D,S,113886.000000
Fri Jul 11 10:04:38 2025,11-Jul-2025,130438,48 2.360700 N,060 59.599900 W,3.0,53.6,A,Depth,Depth,159.074074,D,S,113886.000000
Fri Jul 11 10:04:38 2025,11-Jul-2025,130439,48 2.361200 N,060 59.598900 W,3.1,53.3,A,Depth,Depth,159.074074,D,S,113886.000000
Fri Jul 11 10:04:42 2025,11-Jul-2025,130440,48 2.361800 N,060 59.597800 W,3.1,52.9,A,Primary,Headline,45.653061,D,S,139933.000000
Fri Jul 11 10:04:42 2025,11-Jul-2025,130441,48 2.362400 N,060 59.596800 W,3.1,52.5,A,DoorSpread,DoorMaster,6.005000,D,S,57398.000000
Fri Jul 11 10:04:42 2025,11-Jul-2025,130442,48 2.363000 N,060 59.595800 W,3.1,52.2,A,DoorSpread,DoorMaster,6.005000,D,S,57398.000000
Fri Jul 11 10:04:42 2025,11-Jul-2025,130443,48 2.363600 N,060 59.594800 W,3.1,52.0,A,DoorSpread,DoorMaster,6.005000,D,S,57398.000000
Fri Jul 11 10:04:46 2025,11-Jul-2025,130444,48 2.364100 N,060 59.593800 W,3.1,51.9,A,Depth,Depth,155.462963,D,S,80153.000000
Fri Jul 11 10:04:46 2025,11-Jul-2025,130445,48 2.364600 N,060 59.592800 W,3.1,51.7,A,Depth,Depth,155.462963,D,S,80153.000000
Fri Jul 11 10:04:48 2025,11-Jul-2025,130446,48 2.365100 N,060 59.591800 W,3.0,51.6,A,DoorSpread,DoorMaster,6.205000,D,S,101755.000000
Fri Jul 11 10:04:48 2025,11-Jul-2025,130447,48 2.365500 N,060 59.590800 W,3.1,51.3,A,DoorSpread,DoorMaster,6.205000,D,S,101755.000000
Fri Jul 11 10:04:48 2025,11-Jul-2025,130448,48 2.366000 N,060 59.589800 W,3.1,50.9,A,DoorSpread,DoorMaster,6.205000,D,S,101755.000000
Fri Jul 11 10:04:48 2025,11-Jul-2025,130449,48 2.366500 N,060 59.588900 W,3.0,50.7,A,DoorSpread,DoorMaster,6.205000,D,S,101755.000000
Fri Jul 11 10:04:48 2025,11-Jul-2025,130450,48 2.367100 N,060 59.587900 W,3.1,50.5,A,DoorSpread,DoorMaster,6.205000,D,S,101755.000000
Fri Jul 11 10:04:48 2025,11-Jul-2025,130451,48 2.367600 N,060 59.587000 W,3.1,50.4,A,DoorSpread,DoorMaster,6.205000,D,S,101755.000000
Fri Jul 11 10:04:53 2025,11-Jul-2025,130452,48 2.368100 N,060 59.586100 W,3.1,50.3,A,DoorSpread,DoorMaster,6.485000,D,S,86319.000000
Fri Jul 11 10:04:53 2025,11-Jul-2025,130453,48 2.368700 N,060 59.585200 W,3.1,50.0,A,DoorSpread,DoorMaster,6.485000,D,S,86319.000000
Fri Jul 11 10:04:53 2025,11-Jul-2025,130454,48 2.369200 N,060 59.584400 W,3.1,49.8,A,DoorSpread,DoorMaster,6.485000,D,S,86319.000000
Fri Jul 11 10:04:53 2025,11-Jul-2025,130455,48 2.369600 N,060 59.583400 W,3.1,49.6,A,DoorSpread,DoorMaster,6.485000,D,S,86319.000000
Fri Jul 11 10:04:53 2025,11-Jul-2025,130456,48 2.370000 N,060 59.582400 W,3.1,49.4,A,DoorSpread,DoorMaster,6.485000,D,S,86319.000000
Fri Jul 11 10:04:58 2025,11-Jul-2025,130457,48 2.370500 N,060 59.581400 W,3.0,49.3,A,Primary,Headline,20.673469,D,S,29033.000000
Fri Jul 11 10:04:59 2025,11-Jul-2025,130458,48 2.370900 N,060 59.580400 W,3.0,49.4,A,DoorSpread,DoorMaster,6.690000,D,S,47959.000000
Fri Jul 11 10:05:01 2025,11-Jul-2025,130459,48 2.371300 N,060 59.579500 W,3.0,49.5,A,Depth,Depth,148.611111,D,S,113785.000000
Fri Jul 11 10:05:01 2025,11-Jul-2025,130500,48 2.371900 N,060 59.578600 W,3.0,49.4,A,Depth,Depth,148.611111,D,S,113785.000000
Fri Jul 11 10:05:01 2025,11-Jul-2025,130501,48 2.372500 N,060 59.577800 W,3.0,49.2,A,Depth,Depth,148.611111,D,S,113785.000000
Fri Jul 11 10:05:04 2025,11-Jul-2025,130502,48 2.373100 N,060 59.577000 W,3.0,48.9,A,Primary,Headline,10.122449,D,S,29765.000000
Fri Jul 11 10:05:05 2025,11-Jul-2025,130503,48 2.373700 N,060 59.576100 W,3.0,48.6,A,DoorSpread,DoorMaster,6.780000,D,S,37765.000000
Fri Jul 11 10:05:05 2025,11-Jul-2025,130504,48 2.374300 N,060 59.575200 W,2.9,48.5,A,DoorSpread,DoorMaster,6.780000,D,S,37765.000000
Fri Jul 11 10:05:05 2025,11-Jul-2025,130505,48 2.374800 N,060 59.574300 W,2.9,48.4,A,DoorSpread,DoorMaster,6.780000,D,S,37765.000000
Fri Jul 11 10:05:05 2025,11-Jul-2025,130506,48 2.375400 N,060 59.573300 W,2.9,48.4,A,DoorSpread,DoorMaster,6.780000,D,S,37765.000000
Fri Jul 11 10:05:09 2025,11-Jul-2025,130507,48 2.375900 N,060 59.572400 W,2.9,48.3,A,Primary,Headline,15.530612,D,S,63657.000000
Fri Jul 11 10:05:09 2025,11-Jul-2025,130508,48 2.376400 N,060 59.571600 W,2.9,48.2,A,Primary,Headline,15.530612,D,S,63657.000000
Fri Jul 11 10:05:10 2025,11-Jul-2025,130509,48 2.376900 N,060 59.570700 W,2.9,48.0,A,DoorSpread,DoorMaster,6.920000,D,S,35223.000000
Fri Jul 11 10:05:10 2025,11-Jul-2025,130510,48 2.377500 N,060 59.569900 W,3.0,47.7,A,DoorSpread,DoorMaster,6.920000,D,S,35223.000000
Fri Jul 11 10:05:10 2025,11-Jul-2025,130511,48 2.378100 N,060 59.569000 W,3.0,47.6,A,DoorSpread,DoorMaster,6.920000,D,S,35223.000000
Fri Jul 11 10:05:10 2025,11-Jul-2025,130512,48 2.378600 N,060 59.568100 W,3.0,47.7,A,DoorSpread,DoorMaster,6.920000,D,S,35223.000000
Fri Jul 11 10:05:14 2025,11-Jul-2025,130513,48 2.379000 N,060 59.567100 W,3.1,47.9,A,Primary,Headline,27.632653,D,S,21726.000000
Fri Jul 11 10:05:16 2025,11-Jul-2025,130514,48 2.379500 N,060 59.566100 W,3.1,48.0,A,Depth,Depth,142.870370,D,S,104112.000000
Fri Jul 11 10:05:16 2025,11-Jul-2025,130515,48 2.380100 N,060 59.565100 W,3.1,47.9,A,DoorSpread,DoorMaster,7.600000,D,P,37458.000000
Fri Jul 11 10:05:16 2025,11-Jul-2025,130516,48 2.380700 N,060 59.564300 W,3.1,47.7,A,DoorSpread,DoorMaster,7.600000,D,P,37458.000000
Fri Jul 11 10:05:16 2025,11-Jul-2025,130517,48 2.381300 N,060 59.563400 W,3.1,47.4,A,DoorSpread,DoorMaster,7.600000,D,P,37458.000000
Fri Jul 11 10:05:16 2025,11-Jul-2025,130518,48 2.382000 N,060 59.562600 W,3.1,47.1,A,DoorSpread,DoorMaster,7.600000,D,P,37458.000000
Fri Jul 11 10:05:20 2025,11-Jul-2025,130519,48 2.382600 N,060 59.561700 W,3.1,46.9,A,Primary,Headline,47.285714,D,S,131144.000000
Fri Jul 11 10:05:22 2025,11-Jul-2025,130520,48 2.383200 N,060 59.560800 W,3.1,46.8,A,DoorSpread,DoorMaster,6.935000,D,S,42084.000000
Fri Jul 11 10:05:22 2025,11-Jul-2025,130521,48 2.383700 N,060 59.559900 W,3.0,46.6,A,DoorSpread,DoorMaster,6.935000,D,S,42084.000000
Fri Jul 11 10:05:23 2025,11-Jul-2025,130522,48 2.384200 N,060 59.559100 W,3.0,46.3,A,Depth,Depth,140.833333,D,S,85494.000000
Fri Jul 11 10:05:23 2025,11-Jul-2025,130523,48 2.384700 N,060 59.558200 W,3.0,46.1,A,Depth,Depth,140.833333,D,S,85494.000000
Fri Jul 11 10:05:26 2025,11-Jul-2025,130524,48 2.385300 N,060 59.557300 W,3.0,45.9,A,Primary,Headline,27.081633,D,S,135319.000000
Fri Jul 11 10:05:26 2025,11-Jul-2025,130525,48 2.385800 N,060 59.556400 W,3.0,45.9,A,Primary,Headline,27.081633,D,S,135319.000000
Fri Jul 11 10:05:27 2025,11-Jul-2025,130526,48 2.386400 N,060 59.555500 W,3.0,45.8,A,DoorSpread,DoorMaster,7.255000,D,S,42103.000000
Fri Jul 11 10:05:27 2025,11-Jul-2025,130527,48 2.387000 N,060 59.554600 W,3.0,45.5,A,DoorSpread,DoorMaster,7.255000,D,S,42103.000000
Fri Jul 11 10:05:27 2025,11-Jul-2025,130528,48 2.387600 N,060 59.553800 W,3.0,45.4,A,DoorSpread,DoorMaster,7.255000,D,S,42103.000000
Fri Jul 11 10:05:31 2025,11-Jul-2025,130529,48 2.388100 N,060 59.552900 W,2.9,45.6,A,Primary,Headline,21.102041,D,P,70547.000000
Fri Jul 11 10:05:31 2025,11-Jul-2025,130530,48 2.388600 N,060 59.552100 W,2.9,45.8,A,Depth,Depth,137.314815,D,S,178753.000000
Fri Jul 11 10:05:33 2025,11-Jul-2025,130531,48 2.389200 N,060 59.551300 W,2.9,45.9,A,DoorSpread,DoorMaster,7.590000,D,P,36962.000000
Fri Jul 11 10:05:33 2025,11-Jul-2025,130532,48 2.389900 N,060 59.550500 W,2.9,45.8,A,DoorSpread,DoorMaster,7.590000,D,P,36962.000000
Fri Jul 11 10:05:33 2025,11-Jul-2025,130533,48 2.390500 N,060 59.549600 W,2.9,45.9,A,DoorSpread,DoorMaster,7.590000,D,P,36962.000000
Fri Jul 11 10:05:36 2025,11-Jul-2025,130534,48 2.391100 N,060 59.548600 W,2.9,45.9,A,Primary,Headline,2.469388,D,S,186154.000000
Fri Jul 11 10:05:36 2025,11-Jul-2025,130535,48 2.391700 N,060 59.547700 W,2.9,45.8,A,Primary,Headline,2.469388,D,S,186154.000000
Fri Jul 11 10:05:36 2025,11-Jul-2025,130536,48 2.392200 N,060 59.546800 W,2.9,45.7,A,Primary,Headline,2.469388,D,S,186154.000000
Fri Jul 11 10:05:39 2025,11-Jul-2025,130537,48 2.392800 N,060 59.545700 W,3.0,45.8,A,DoorSpread,DoorMaster,7.045000,D,S,45255.000000
Fri Jul 11 10:05:39 2025,11-Jul-2025,130538,48 2.393300 N,060 59.544600 W,3.0,46.1,A,DoorSpread,DoorMaster,7.045000,D,S,45255.000000
Fri Jul 11 10:05:41 2025,11-Jul-2025,130539,48 2.393900 N,060 59.543600 W,2.9,46.4,A,Primary,Headline,2.530612,D,S,74159.000000
Fri Jul 11 10:05:41 2025,11-Jul-2025,130540,48 2.394500 N,060 59.542600 W,3.0,46.5,A,Primary,Headline,2.530612,D,S,74159.000000
Fri Jul 11 10:05:41 2025,11-Jul-2025,130541,48 2.395200 N,060 59.541600 W,3.0,46.5,A,Primary,Headline,2.530612,D,S,74159.000000
Fri Jul 11 10:05:41 2025,11-Jul-2025,130542,48 2.395800 N,060 59.540700 W,3.0,46.4,A,Primary,Headline,2.530612,D,S,74159.000000
Fri Jul 11 10:05:44 2025,11-Jul-2025,130543,48 2.396400 N,060 59.539700 W,3.1,46.5,A,DoorSpread,DoorMaster,7.230000,D,P,58350.000000
Fri Jul 11 10:05:46 2025,11-Jul-2025,130544,48 2.397000 N,060 59.538700 W,3.1,46.6,A,Depth,Depth,133.055556,D,S,112451.000000
Fri Jul 11 10:05:46 2025,11-Jul-2025,130545,48 2.397700 N,060 59.537900 W,3.1,46.6,A,Primary,Headline,23.571429,D,S,63616.000000
Fri Jul 11 10:05:46 2025,11-Jul-2025,130546,48 2.398300 N,060 59.536900 W,3.1,46.8,A,Primary,Headline,23.571429,D,S,63616.000000
Fri Jul 11 10:05:46 2025,11-Jul-2025,130547,48 2.399000 N,060 59.535900 W,3.1,47.0,A,Primary,Headline,23.571429,D,S,63616.000000
Fri Jul 11 10:05:50 2025,11-Jul-2025,130548,48 2.399600 N,060 59.534800 W,3.1,47.1,A,DoorSpread,DoorMaster,6.675000,D,P,77321.000000
Fri Jul 11 10:05:50 2025,11-Jul-2025,130549,48 2.400200 N,060 59.533800 W,3.1,47.1,A,DoorSpread,DoorMaster,6.675000,D,P,77321.000000
Fri Jul 11 10:05:52 2025,11-Jul-2025,130550,48 2.400800 N,060 59.532800 W,3.1,47.3,A,Primary,Headline,23.285714,D,P,119144.000000
Fri Jul 11 10:05:52 2025,11-Jul-2025,130551,48 2.401400 N,060 59.531800 W,3.1,47.6,A,Primary,Headline,23.285714,D,P,119144.000000
Fri Jul 11 10:05:53 2025,11-Jul-2025,130552,48 2.401900 N,060 59.530800 W,3.1,48.1,A,Depth,Depth,131.203704,D,P,126337.000000
Fri Jul 11 10:05:53 2025,11-Jul-2025,130553,48 2.402500 N,060 59.529900 W,3.1,48.5,A,Depth,Depth,131.203704,D,P,126337.000000
Fri Jul 11 10:05:56 2025,11-Jul-2025,130554,48 2.403000 N,060 59.528900 W,3.1,48.9,A,DoorSpread,DoorMaster,6.340000,D,S,67394.000000
Fri Jul 11 10:05:56 2025,11-Jul-2025,130555,48 2.403500 N,060 59.527900 W,3.1,49.1,A,DoorSpread,DoorMaster,6.340000,D,S,67394.000000
Fri Jul 11 10:05:57 2025,11-Jul-2025,130556,48 2.404000 N,060 59.527000 W,3.1,49.3,A,Primary,Headline,38.408163,D,P,158314.000000
Fri Jul 11 10:05:57 2025,11-Jul-2025,130557,48 2.404400 N,060 59.526100 W,3.1,49.5,A,Primary,Headline,38.408163,D,P,158314.000000
Fri Jul 11 10:05:57 2025,11-Jul-2025,130558,48 2.404900 N,060 59.525200 W,3.0,49.7,A,Primary,Headline,38.408163,D,P,158314.000000
Fri Jul 11 10:06:01 2025,11-Jul-2025,130559,48 2.405400 N,060 59.524200 W,3.0,49.9,A,Depth,Depth,127.500000,D,P,152720.000000
Fri Jul 11 10:06:01 2025,11-Jul-2025,130600,48 2.405900 N,060 59.523300 W,3.1,50.0,A,DoorSpread,DoorMaster,6.305000,D,P,73370.000000
Fri Jul 11 10:06:03 2025,11-Jul-2025,130601,48 2.406500 N,060 59.522300 W,3.1,50.1,A,Primary,Headline,17.918367,D,P,154417.000000
Fri Jul 11 10:06:03 2025,11-Jul-2025,130602,48 2.407000 N,060 59.521300 W,3.1,50.1,A,Primary,Headline,17.918367,D,P,154417.000000
Fri Jul 11 10:06:03 2025,11-Jul-2025,130603,48 2.407600 N,060 59.520200 W,3.1,50.1,A,Primary,Headline,17.918367,D,P,154417.000000
Fri Jul 11 10:06:03 2025,11-Jul-2025,130604,48 2.408200 N,060 59.519100 W,3.1,50.1,A,Primary,Headline,17.918367,D,P,154417.000000
Fri Jul 11 10:06:07 2025,11-Jul-2025,130605,48 2.408800 N,060 59.518100 W,3.1,49.9,A,DoorSpread,DoorMaster,6.055000,D,S,56121.000000
Fri Jul 11 10:06:07 2025,11-Jul-2025,130606,48 2.409400 N,060 59.517100 W,3.2,49.6,A,DoorSpread,DoorMaster,6.055000,D,S,56121.000000
Fri Jul 11 10:06:08 2025,11-Jul-2025,130607,48 2.410000 N,060 59.516100 W,3.2,49.5,A,Primary,Headline,48.183673,D,S,71869.000000
Fri Jul 11 10:06:08 2025,11-Jul-2025,130608,48 2.410500 N,060 59.515100 W,3.2,49.6,A,Primary,Headline,48.183673,D,S,71869.000000
Fri Jul 11 10:06:08 2025,11-Jul-2025,130609,48 2.411000 N,060 59.514000 W,3.2,49.6,A,Primary,Headline,48.183673,D,S,71869.000000
Fri Jul 11 10:06:08 2025,11-Jul-2025,130610,48 2.411600 N,060 59.513000 W,3.1,49.6,A,Primary,Headline,48.183673,D,S,71869.000000
Fri Jul 11 10:06:12 2025,11-Jul-2025,130611,48 2.412100 N,060 59.512100 W,3.1,49.5,A,DoorSpread,DoorMaster,6.240000,D,P,68919.000000
Fri Jul 11 10:06:12 2025,11-Jul-2025,130612,48 2.412700 N,060 59.511200 W,3.1,49.5,A,DoorSpread,DoorMaster,6.240000,D,P,68919.000000
Fri Jul 11 10:06:14 2025,11-Jul-2025,130613,48 2.413300 N,060 59.510200 W,3.1,49.3,A,Primary,Headline,48.816327,D,P,186553.000000
Fri Jul 11 10:06:16 2025,11-Jul-2025,130614,48 2.414000 N,060 59.509300 W,3.1,49.1,A,Depth,Depth,121.388889,D,P,265838.000000
Fri Jul 11 10:06:16 2025,11-Jul-2025,130615,48 2.414600 N,060 59.508300 W,3.1,48.8,A,Depth,Depth,121.388889,D,P,265838.000000
Fri Jul 11 10:06:18 2025,11-Jul-2025,130616,48 2.415200 N,060 59.507400 W,3.1,48.7,A,DoorSpread,DoorMaster,6.160000,D,S,66262.000000
Fri Jul 11 10:06:18 2025,11-Jul-2025,130617,48 2.415700 N,060 59.506500 W,3.1,48.7,A,DoorSpread,DoorMaster,6.160000,D,S,66262.000000
Fri Jul 11 10:06:19 2025,11-Jul-2025,130618,48 2.416300 N,060 59.505500 W,3.1,48.7,A,Primary,Headline,11.775510,D,P,129878.000000
Fri Jul 11 10:06:19 2025,11-Jul-2025,130619,48 2.416900 N,060 59.504500 W,3.1,48.6,A,Primary,Headline,11.775510,D,P,129878.000000
Fri Jul 11 10:06:19 2025,11-Jul-2025,130620,48 2.417500 N,060 59.503600 W,3.1,48.2,A,Primary,Headline,11.775510,D,P,129878.000000
Fri Jul 11 10:06:19 2025,11-Jul-2025,130621,48 2.418200 N,060 59.502700 W,3.1,47.8,A,Primary,Headline,11.775510,D,P,129878.000000
Fri Jul 11 10:06:23 2025,11-Jul-2025,130622,48 2.418900 N,060 59.501800 W,3.1,47.3,A,DoorSpread,DoorMaster,6.230000,D,P,144513.000000
Fri Jul 11 10:06:25 2025,11-Jul-2025,130623,48 2.419500 N,060 59.500900 W,3.1,46.9,A,Primary,Headline,23.306122,D,P,181871.000000
Fri Jul 11 10:06:25 2025,11-Jul-2025,130624,48 2.420000 N,060 59.500000 W,3.2,46.7,A,Primary,Headline,23.306122,D,P,181871.000000
Fri Jul 11 10:06:25 2025,11-Jul-2025,130625,48 2.420600 N,060 59.499000 W,3.2,46.6,A,Primary,Headline,23.306122,D,P,181871.000000
Fri Jul 11 10:06:25 2025,11-Jul-2025,130626,48 2.421200 N,060 59.498100 W,3.2,46.4,A,Primary,Headline,23.306122,D,P,181871.000000
Fri Jul 11 10:06:29 2025,11-Jul-2025,130627,48 2.421800 N,060 59.497200 W,3.1,46.3,A,DoorSpread,DoorMaster,6.390000,D,P,88295.000000
Fri Jul 11 10:06:29 2025,11-Jul-2025,130628,48 2.422400 N,060 59.496300 W,3.1,46.0,A,DoorSpread,DoorMaster,6.390000,D,P,88295.000000
Fri Jul 11 10:06:31 2025,11-Jul-2025,130629,48 2.423100 N,060 59.495500 W,3.1,45.7,A,Primary,Headline,56.346939,D,P,99612.000000
Fri Jul 11 10:06:31 2025,11-Jul-2025,130630,48 2.423600 N,060 59.494600 W,3.1,45.4,A,Primary,Headline,56.346939,D,P,99612.000000
Fri Jul 11 10:06:31 2025,11-Jul-2025,130631,48 2.424200 N,060 59.493600 W,3.1,45.2,A,Primary,Headline,56.346939,D,P,99612.000000
Fri Jul 11 10:06:31 2025,11-Jul-2025,130632,48 2.424800 N,060 59.492700 W,3.1,44.9,A,Primary,Headline,56.346939,D,P,99612.000000
Fri Jul 11 10:06:35 2025,11-Jul-2025,130633,48 2.425400 N,060 59.491700 W,3.2,44.6,A,DoorSpread,DoorMaster,6.580000,D,P,73040.000000
Fri Jul 11 10:06:35 2025,11-Jul-2025,130634,48 2.426000 N,060 59.490700 W,3.1,44.4,A,DoorSpread,DoorMaster,6.580000,D,P,73040.000000
Fri Jul 11 10:06:36 2025,11-Jul-2025,130635,48 2.426600 N,060 59.489700 W,3.1,44.2,A,Primary,Headline,39.693878,D,P,161141.000000
Fri Jul 11 10:06:36 2025,11-Jul-2025,130636,48 2.427200 N,060 59.488700 W,3.1,44.3,A,Primary,Headline,39.693878,D,P,161141.000000
Fri Jul 11 10:06:38 2025,11-Jul-2025,130637,48 2.427700 N,060 59.487700 W,3.2,44.3,A,Depth,Depth,112.500000,D,S,181142.000000
Fri Jul 11 10:06:38 2025,11-Jul-2025,130638,48 2.428300 N,060 59.486700 W,3.2,44.3,A,Depth,Depth,112.500000,D,S,181142.000000
Fri Jul 11 10:06:40 2025,11-Jul-2025,130639,48 2.428900 N,060 59.485800 W,3.2,44.3,A,DoorSpread,DoorMaster,6.345000,D,P,81036.000000
Fri Jul 11 10:06:42 2025,11-Jul-2025,130640,48 2.429500 N,060 59.484800 W,3.2,44.4,A,Primary,Headline,13.285714,D,S,87619.000000
Fri Jul 11 10:06:42 2025,11-Jul-2025,130641,48 2.430100 N,060 59.483800 W,3.2,44.5,A,Primary,Headline,13.285714,D,S,87619.000000
Fri Jul 11 10:06:42 2025,11-Jul-2025,130642,48 2.430800 N,060 59.482900 W,3.2,44.7,A,Primary,Headline,13.285714,D,S,87619.000000
Fri Jul 11 10:06:42 2025,11-Jul-2025,130643,48 2.431400 N,060 59.481900 W,3.2,45.0,A,Primary,Headline,13.285714,D,S,87619.000000
Fri Jul 11 10:06:46 2025,11-Jul-2025,130644,48 2.432000 N,060 59.480900 W,3.2,45.3,A,DoorSpread,DoorMaster,5.935000,D,S,38618.000000
Fri Jul 11 10:06:47 2025,11-Jul-2025,130645,48 2.432600 N,060 59.479800 W,3.2,45.8,A,Primary,Headline,19.714286,D,S,52840.000000
Fri Jul 11 10:06:47 2025,11-Jul-2025,130646,48 2.433000 N,060 59.478700 W,3.2,46.4,A,Primary,Headline,19.714286,D,S,52840.000000
Fri Jul 11 10:06:47 2025,11-Jul-2025,130647,48 2.433500 N,060 59.477600 W,3.2,46.9,A,Primary,Headline,19.714286,D,S,52840.000000
Fri Jul 11 10:06:47 2025,11-Jul-2025,130648,48 2.434100 N,060 59.476600 W,3.2,47.2,A,Primary,Headline,19.714286,D,S,52840.000000
Fri Jul 11 10:06:47 2025,11-Jul-2025,130649,48 2.434600 N,060 59.475600 W,3.2,47.5,A,Primary,Headline,19.714286,D,S,52840.000000
Fri Jul 11 10:06:51 2025,11-Jul-2025,130650,48 2.435100 N,060 59.474500 W,3.2,47.8,A,DoorSpread,DoorMaster,5.915000,D,S,44976.000000
Fri Jul 11 10:06:53 2025,11-Jul-2025,130651,48 2.435700 N,060 59.473400 W,3.2,48.1,A,Depth,Depth,107.777778,D,S,28468.000000
Fri Jul 11 10:06:53 2025,11-Jul-2025,130652,48 2.436200 N,060 59.472500 W,3.2,48.2,A,Depth,Depth,107.777778,D,S,28468.000000
Fri Jul 11 10:06:53 2025,11-Jul-2025,130653,48 2.436700 N,060 59.471500 W,3.2,48.2,A,Depth,Depth,107.777778,D,S,28468.000000
Fri Jul 11 10:06:53 2025,11-Jul-2025,130654,48 2.437300 N,060 59.470600 W,3.2,48.1,A,Depth,Depth,107.777778,D,S,28468.000000
Fri Jul 11 10:06:57 2025,11-Jul-2025,130655,48 2.437800 N,060 59.469700 W,3.2,48.1,A,DoorSpread,DoorMaster,5.950000,D,S,36511.000000
Fri Jul 11 10:06:58 2025,11-Jul-2025,130656,48 2.438400 N,060 59.468700 W,3.2,48.1,A,Primary,Headline,25.836735,D,P,80116.000000
Fri Jul 11 10:06:58 2025,11-Jul-2025,130657,48 2.439000 N,060 59.467800 W,3.2,48.0,A,Primary,Headline,25.836735,D,P,80116.000000
Fri Jul 11 10:06:58 2025,11-Jul-2025,130658,48 2.439500 N,060 59.466900 W,3.1,47.9,A,Primary,Headline,25.836735,D,P,80116.000000
Fri Jul 11 10:07:00 2025,11-Jul-2025,130659,48 2.440000 N,060 59.465900 W,3.1,47.9,A,Depth,Depth,98.055556,D,P,212270.000000
Fri Jul 11 10:07:00 2025,11-Jul-2025,130700,48 2.440600 N,060 59.465000 W,3.1,47.7,A,Depth,Depth,98.055556,D,P,212270.000000
Fri Jul 11 10:07:02 2025,11-Jul-2025,130701,48 2.441100 N,060 59.464100 W,3.1,47.6,A,DoorSpread,DoorMaster,5.965000,D,S,54371.000000
Fri Jul 11 10:07:04 2025,11-Jul-2025,130702,48 2.441600 N,060 59.463200 W,3.1,47.5,A,Primary,Headline,56.877551,D,P,122805.000000
Fri Jul 11 10:07:04 2025,11-Jul-2025,130703,48 2.442100 N,060 59.462200 W,3.1,47.7,A,Primary,Headline,56.877551,D,P,122805.000000
Fri Jul 11 10:07:04 2025,11-Jul-2025,130704,48 2.442600 N,060 59.461200 W,3.1,47.7,A,Primary,Headline,56.877551,D,P,122805.000000
Fri Jul 11 10:07:04 2025,11-Jul-2025,130705,48 2.443100 N,060 59.460200 W,3.1,47.6,A,Primary,Headline,56.877551,D,P,122805.000000
Fri Jul 11 10:07:08 2025,11-Jul-2025,130706,48 2.443700 N,060 59.459200 W,3.1,47.5,A,DoorSpread,DoorMaster,5.970000,D,P,99723.000000
Fri Jul 11 10:07:09 2025,11-Jul-2025,130707,48 2.444300 N,060 59.458200 W,3.1,47.6,A,Primary,Headline,10.510204,D,P,180442.000000
Fri Jul 11 10:07:09 2025,11-Jul-2025,130708,48 2.444800 N,060 59.457200 W,3.1,47.7,A,Primary,Headline,10.510204,D,P,180442.000000
Fri Jul 11 10:07:09 2025,11-Jul-2025,130709,48 2.445300 N,060 59.456200 W,3.1,47.7,A,Primary,Headline,10.510204,D,P,180442.000000
Fri Jul 11 10:07:09 2025,11-Jul-2025,130710,48 2.446000 N,060 59.455200 W,3.1,47.5,A,Primary,Headline,10.510204,D,P,180442.000000
Fri Jul 11 10:07:09 2025,11-Jul-2025,130711,48 2.446700 N,060 59.454200 W,3.2,47.3,A,Primary,Headline,10.510204,D,P,180442.000000
Fri Jul 11 10:07:14 2025,11-Jul-2025,130712,48 2.447300 N,060 59.453100 W,3.2,47.1,A,DoorSpread,DoorMaster,6.260000,D,P,84146.000000
Fri Jul 11 10:07:15 2025,11-Jul-2025,130713,48 2.447900 N,060 59.452200 W,3.2,46.9,A,Depth,Depth,98.425926,D,P,160343.000000
Fri Jul 11 10:07:15 2025,11-Jul-2025,130714,48 2.448400 N,060 59.451400 W,3.2,46.8,A,Depth,Depth,98.425926,D,P,160343.000000
Fri Jul 11 10:07:15 2025,11-Jul-2025,130715,48 2.448900 N,060 59.450700 W,3.1,46.7,A,Depth,Depth,98.425926,D,P,160343.000000
Fri Jul 11 10:07:15 2025,11-Jul-2025,130716,48 2.449300 N,060 59.450100 W,3.0,46.4,A,Depth,Depth,98.425926,D,P,160343.000000
Fri Jul 11 10:07:15 2025,11-Jul-2025,130717,48 2.449600 N,060 59.449300 W,3.0,46.9,A,Depth,Depth,98.425926,D,P,160343.000000
Fri Jul 11 10:07:20 2025,11-Jul-2025,130718,48 2.450000 N,060 59.448200 W,3.0,47.3,A,Primary,Headline,25.857143,D,P,70700.000000
Fri Jul 11 10:07:20 2025,11-Jul-2025,130719,48 2.450500 N,060 59.447100 W,3.0,47.7,A,Primary,Headline,25.857143,D,P,70700.000000
Fri Jul 11 10:07:20 2025,11-Jul-2025,130720,48 2.451000 N,060 59.446100 W,3.0,47.8,A,Primary,Headline,25.857143,D,P,70700.000000
Fri Jul 11 10:07:22 2025,11-Jul-2025,130721,48 2.451700 N,060 59.445100 W,3.1,47.7,A,Depth,Depth,94.537037,D,S,406009.000000
Fri Jul 11 10:07:22 2025,11-Jul-2025,130722,48 2.452300 N,060 59.444100 W,3.1,47.6,A,Depth,Depth,94.537037,D,S,406009.000000
Fri Jul 11 10:07:25 2025,11-Jul-2025,130723,48 2.452900 N,060 59.443200 W,3.1,47.3,A,DoorSpread,DoorMaster,6.470000,D,P,120570.000000
Fri Jul 11 10:07:25 2025,11-Jul-2025,130724,48 2.453400 N,060 59.442300 W,3.0,46.9,A,Primary,Headline,25.183673,D,P,156038.000000
Fri Jul 11 10:07:25 2025,11-Jul-2025,130725,48 2.454000 N,060 59.441500 W,3.0,46.6,A,Primary,Headline,25.183673,D,P,156038.000000
Fri Jul 11 10:07:25 2025,11-Jul-2025,130726,48 2.454600 N,060 59.440500 W,3.1,46.4,A,Primary,Headline,25.183673,D,P,156038.000000
Fri Jul 11 10:07:25 2025,11-Jul-2025,130727,48 2.455100 N,060 59.439700 W,3.1,46.2,A,Primary,Headline,25.183673,D,P,156038.000000
Fri Jul 11 10:07:30 2025,11-Jul-2025,130728,48 2.455800 N,060 59.438900 W,3.1,45.7,A,Depth,Depth,91.851852,D,P,169283.000000
Fri Jul 11 10:07:31 2025,11-Jul-2025,130729,48 2.456500 N,060 59.438100 W,3.1,45.3,A,Primary,Headline,34.428571,D,P,100508.000000
Fri Jul 11 10:07:31 2025,11-Jul-2025,130730,48 2.457200 N,060 59.437300 W,3.1,45.0,A,Primary,Headline,34.428571,D,P,100508.000000
Fri Jul 11 10:07:31 2025,11-Jul-2025,130731,48 2.457800 N,060 59.436400 W,3.1,44.8,A,Primary,Headline,34.428571,D,P,100508.000000
Fri Jul 11 10:07:31 2025,11-Jul-2025,130732,48 2.458300 N,060 59.435500 W,3.1,44.6,A,Primary,Headline,34.428571,D,P,100508.000000
Fri Jul 11 10:07:31 2025,11-Jul-2025,130733,48 2.458900 N,060 59.434500 W,3.1,44.3,A,Primary,Headline,34.428571,D,P,100508.000000
Fri Jul 11 10:07:36 2025,11-Jul-2025,130734,48 2.459500 N,060 59.433500 W,3.1,44.0,A,DoorSpread,DoorMaster,6.455000,D,P,143094.000000
Fri Jul 11 10:07:37 2025,11-Jul-2025,130735,48 2.460200 N,060 59.432500 W,3.1,43.7,A,Depth,Depth,89.351852,D,S,300834.000000
Fri Jul 11 10:07:37 2025,11-Jul-2025,130736,48 2.460900 N,060 59.431700 W,3.1,43.5,A,Depth,Depth,89.351852,D,S,300834.000000
Fri Jul 11 10:07:37 2025,11-Jul-2025,130737,48 2.461600 N,060 59.431000 W,3.1,43.2,A,Depth,Depth,89.351852,D,S,300834.000000
Fri Jul 11 10:07:37 2025,11-Jul-2025,130738,48 2.462300 N,060 59.430000 W,3.1,43.0,A,Depth,Depth,89.351852,D,S,300834.000000
Fri Jul 11 10:07:37 2025,11-Jul-2025,130739,48 2.463000 N,060 59.429000 W,3.1,42.7,A,Depth,Depth,89.351852,D,S,300834.000000
Fri Jul 11 10:07:42 2025,11-Jul-2025,130740,48 2.463700 N,060 59.428100 W,3.1,42.3,A,DoorSpread,DoorMaster,6.610000,D,S,205097.000000
Fri Jul 11 10:07:42 2025,11-Jul-2025,130741,48 2.464400 N,060 59.427300 W,3.1,42.1,A,DoorSpread,DoorMaster,6.610000,D,S,205097.000000
Fri Jul 11 10:07:42 2025,11-Jul-2025,130742,48 2.465000 N,060 59.426300 W,3.1,41.9,A,DoorSpread,DoorMaster,6.610000,D,S,205097.000000
Fri Jul 11 10:07:44 2025,11-Jul-2025,130743,48 2.465700 N,060 59.425300 W,3.1,41.7,A,Depth,Depth,86.388889,D,S,284873.000000
Fri Jul 11 10:07:44 2025,11-Jul-2025,130744,48 2.466300 N,060 59.424300 W,3.1,41.4,A,Depth,Depth,86.388889,D,S,284873.000000
Fri Jul 11 10:07:47 2025,11-Jul-2025,130745,48 2.467000 N,060 59.423400 W,3.1,41.0,A,Primary,Headline,4.265306,D,S,248687.000000
Fri Jul 11 10:07:47 2025,11-Jul-2025,130746,48 2.467600 N,060 59.422500 W,3.1,40.7,A,DoorSpread,DoorMaster,6.695000,D,S,289450.000000
Fri Jul 11 10:07:47 2025,11-Jul-2025,130747,48 2.468100 N,060 59.421600 W,3.1,40.6,A,DoorSpread,DoorMaster,6.695000,D,S,289450.000000
Fri Jul 11 10:07:47 2025,11-Jul-2025,130748,48 2.468600 N,060 59.420800 W,3.1,40.5,A,DoorSpread,DoorMaster,6.695000,D,S,289450.000000
Fri Jul 11 10:07:47 2025,11-Jul-2025,130749,48 2.469100 N,060 59.420000 W,3.1,40.3,A,DoorSpread,DoorMaster,6.695000,D,S,289450.000000
Fri Jul 11 10:07:52 2025,11-Jul-2025,130750,48 2.469600 N,060 59.419200 W,3.0,39.9,A,Depth,Depth,84.074074,D,S,284501.000000
Fri Jul 11 10:07:53 2025,11-Jul-2025,130751,48 2.470200 N,060 59.418400 W,3.0,39.6,A,DoorSpread,DoorMaster,6.665000,D,S,242088.000000
Fri Jul 11 10:07:53 2025,11-Jul-2025,130752,48 2.470800 N,060 59.417500 W,3.1,39.4,A,DoorSpread,DoorMaster,6.665000,D,S,242088.000000
Fri Jul 11 10:07:53 2025,11-Jul-2025,130753,48 2.471400 N,060 59.416600 W,3.1,39.3,A,DoorSpread,DoorMaster,6.665000,D,S,242088.000000
Fri Jul 11 10:07:53 2025,11-Jul-2025,130754,48 2.472100 N,060 59.415700 W,3.1,39.1,A,DoorSpread,DoorMaster,6.665000,D,S,242088.000000
Fri Jul 11 10:07:53 2025,11-Jul-2025,130755,48 2.472800 N,060 59.414800 W,3.1,38.9,A,DoorSpread,DoorMaster,6.665000,D,S,242088.000000
Fri Jul 11 10:07:57 2025,11-Jul-2025,130756,48 2.473600 N,060 59.413900 W,3.1,38.7,A,Primary,Headline,6.612245,D,P,149251.000000
Fri Jul 11 10:07:59 2025,11-Jul-2025,130757,48 2.474300 N,060 59.413100 W,3.1,38.7,A,Depth,Depth,80.648148,D,S,281560.000000
Fri Jul 11 10:07:59 2025,11-Jul-2025,130758,48 2.474900 N,060 59.412300 W,3.0,38.8,A,Depth,Depth,80.648148,D,S,281560.000000
Fri Jul 11 10:07:59 2025,11-Jul-2025,130759,48 2.475600 N,060 59.411600 W,3.0,38.8,A,Depth,Depth,80.648148,D,S,281560.000000
Fri Jul 11 10:07:59 2025,11-Jul-2025,130800,48 2.476300 N,060 59.410800 W,3.0,38.8,A,Depth,Depth,80.648148,D,S,281560.000000
Fri Jul 11 10:08:03 2025,11-Jul-2025,130801,48 2.477000 N,060 59.410100 W,3.0,38.7,A,Primary,Headline,28.306122,D,P,231910.000000
Fri Jul 11 10:08:03 2025,11-Jul-2025,130802,48 2.477700 N,060 59.409400 W,3.0,38.3,A,Primary,Headline,28.306122,D,P,231910.000000
Fri Jul 11 10:08:04 2025,11-Jul-2025,130803,48 2.478400 N,060 59.408800 W,3.0,38.0,A,DoorSpread,DoorMaster,9.550000,D,S,226474.000000
Fri Jul 11 10:08:04 2025,11-Jul-2025,130804,48 2.479100 N,060 59.408200 W,3.0,37.6,A,DoorSpread,DoorMaster,9.550000,D,S,226474.000000
Fri Jul 11 10:08:06 2025,11-Jul-2025,130805,48 2.479900 N,060 59.407500 W,3.0,37.3,A,Depth,Depth,77.407407,D,S,171573.000000
Fri Jul 11 10:08:08 2025,11-Jul-2025,130806,48 2.480700 N,060 59.406900 W,3.0,37.0,A,Primary,Headline,3.244898,D,S,95131.000000
Fri Jul 11 10:08:08 2025,11-Jul-2025,130807,48 2.481400 N,060 59.406200 W,3.0,36.7,A,Primary,Headline,3.244898,D,S,95131.000000
Fri Jul 11 10:08:10 2025,11-Jul-2025,130808,48 2.482200 N,060 59.405500 W,3.0,36.5,A,DoorSpread,DoorMaster,7.600000,D,P,136707.000000
Fri Jul 11 10:08:10 2025,11-Jul-2025,130809,48 2.482900 N,060 59.404800 W,3.0,36.3,A,DoorSpread,DoorMaster,7.600000,D,P,136707.000000
Fri Jul 11 10:08:10 2025,11-Jul-2025,130810,48 2.483600 N,060 59.404100 W,3.0,36.2,A,DoorSpread,DoorMaster,7.600000,D,P,136707.000000
Fri Jul 11 10:08:10 2025,11-Jul-2025,130811,48 2.484300 N,060 59.403400 W,3.0,36.0,A,DoorSpread,DoorMaster,7.600000,D,P,136707.000000
Fri Jul 11 10:08:13 2025,11-Jul-2025,130812,48 2.485100 N,060 59.402700 W,3.1,35.9,A,Depth,Depth,74.537037,D,S,324077.000000
Fri Jul 11 10:08:15 2025,11-Jul-2025,130813,48 2.486000 N,060 59.402100 W,3.1,35.8,A,DoorSpread,DoorMaster,0.000000,E,S,133003.000000
Fri Jul 11 10:08:15 2025,11-Jul-2025,130814,48 2.486800 N,060 59.401400 W,3.1,35.8,A,DoorSpread,DoorMaster,0.000000,E,S,133003.000000
Fri Jul 11 10:08:15 2025,11-Jul-2025,130815,48 2.487500 N,060 59.400500 W,3.2,35.9,A,DoorSpread,DoorMaster,0.000000,E,S,133003.000000
Fri Jul 11 10:08:15 2025,11-Jul-2025,130816,48 2.488300 N,060 59.399600 W,3.2,36.3,A,DoorSpread,DoorMaster,0.000000,E,S,133003.000000
Fri Jul 11 10:08:15 2025,11-Jul-2025,130817,48 2.489000 N,060 59.398800 W,3.2,36.5,A,DoorSpread,DoorMaster,0.000000,E,S,133003.000000
Fri Jul 11 10:08:19 2025,11-Jul-2025,130818,48 2.489700 N,060 59.398100 W,3.3,36.5,A,Primary,Headline,57.836735,D,P,200568.000000
Fri Jul 11 10:08:21 2025,11-Jul-2025,130819,48 2.490400 N,060 59.397300 W,3.3,36.5,A,Depth,Depth,71.851852,D,P,234550.000000
Fri Jul 11 10:08:21 2025,11-Jul-2025,130820,48 2.491100 N,060 59.396400 W,3.3,36.6,A,Depth,Depth,71.851852,D,P,234550.000000
Fri Jul 11 10:08:21 2025,11-Jul-2025,130821,48 2.491800 N,060 59.395500 W,3.3,36.8,A,Depth,Depth,71.851852,D,P,234550.000000
Fri Jul 11 10:08:21 2025,11-Jul-2025,130822,48 2.492400 N,060 59.394600 W,3.3,37.2,A,Depth,Depth,71.851852,D,P,234550.000000
Fri Jul 11 10:08:24 2025,11-Jul-2025,130823,48 2.493000 N,060 59.393700 W,3.2,37.6,A,Primary,Headline,1.959184,D,P,203468.000000
Fri Jul 11 10:08:24 2025,11-Jul-2025,130824,48 2.493600 N,060 59.392700 W,3.2,38.3,A,Primary,Headline,1.959184,D,P,203468.000000
Fri Jul 11 10:08:26 2025,11-Jul-2025,130825,48 2.494000 N,060 59.391800 W,3.2,39.1,A,DoorSpread,DoorMaster,5.695000,D,P,103973.000000
Fri Jul 11 10:08:28 2025,11-Jul-2025,130826,48 2.494600 N,060 59.390900 W,3.1,39.9,A,Depth,Depth,70.648148,D,S,115005.000000
Fri Jul 11 10:08:28 2025,11-Jul-2025,130827,48 2.495100 N,060 59.390000 W,3.1,40.5,A,Depth,Depth,70.648148,D,S,115005.000000
Fri Jul 11 10:08:30 2025,11-Jul-2025,130828,48 2.495500 N,060 59.389300 W,2.9,40.7,A,Primary,Headline,38.959184,D,S,150689.000000
Fri Jul 11 10:08:30 2025,11-Jul-2025,130829,48 2.496000 N,060 59.388600 W,2.9,41.0,A,Primary,Headline,38.959184,D,S,150689.000000
Fri Jul 11 10:08:32 2025,11-Jul-2025,130830,48 2.496500 N,060 59.387800 W,2.9,41.5,A,DoorSpread,DoorMaster,5.795000,D,S,27765.000000
Fri Jul 11 10:08:32 2025,11-Jul-2025,130831,48 2.497000 N,060 59.387000 W,2.9,42.1,A,DoorSpread,DoorMaster,5.795000,D,S,27765.000000
Fri Jul 11 10:08:32 2025,11-Jul-2025,130832,48 2.497500 N,060 59.386200 W,2.9,42.5,A,DoorSpread,DoorMaster,5.795000,D,S,27765.000000
Fri Jul 11 10:08:32 2025,11-Jul-2025,130833,48 2.498000 N,060 59.385500 W,2.8,42.7,A,DoorSpread,DoorMaster,5.795000,D,S,27765.000000
Fri Jul 11 10:08:36 2025,11-Jul-2025,130834,48 2.498600 N,060 59.384800 W,2.8,42.7,A,Primary,Headline,50.877551,D,P,143888.000000
Fri Jul 11 10:08:36 2025,11-Jul-2025,130835,48 2.499100 N,060 59.384100 W,2.7,43.1,A,Primary,Headline,50.877551,D,P,143888.000000
Fri Jul 11 10:08:37 2025,11-Jul-2025,130836,48 2.499600 N,060 59.383300 W,2.7,43.6,A,DoorSpread,DoorMaster,5.690000,D,P,97043.000000
Fri Jul 11 10:08:37 2025,11-Jul-2025,130837,48 2.500100 N,060 59.382600 W,2.6,44.1,A,DoorSpread,DoorMaster,5.690000,D,P,97043.000000
Fri Jul 11 10:08:37 2025,11-Jul-2025,130838,48 2.500500 N,060 59.381900 W,2.6,44.5,A,DoorSpread,DoorMaster,5.690000,D,P,97043.000000
Fri Jul 11 10:08:41 2025,11-Jul-2025,130839,48 2.500900 N,060 59.381300 W,2.5,44.8,A,Primary,Headline,11.897959,D,P,337723.000000
Fri Jul 11 10:08:41 2025,11-Jul-2025,130840,48 2.501400 N,060 59.380600 W,2.5,45.0,A,Primary,Headline,11.897959,D,P,337723.000000
Fri Jul 11 10:08:43 2025,11-Jul-2025,130841,48 2.501800 N,060 59.380100 W,2.4,45.1,A,DoorSpread,DoorMaster,5.915000,D,P,73768.000000
Fri Jul 11 10:08:43 2025,11-Jul-2025,130842,48 2.502200 N,060 59.379500 W,2.3,45.0,A,DoorSpread,DoorMaster,5.915000,D,P,73768.000000
Fri Jul 11 10:08:43 2025,11-Jul-2025,130843,48 2.502500 N,060 59.379000 W,2.3,44.9,A,DoorSpread,DoorMaster,5.915000,D,P,73768.000000
Fri Jul 11 10:08:43 2025,11-Jul-2025,130844,48 2.502900 N,060 59.378500 W,2.2,44.8,A,DoorSpread,DoorMaster,5.915000,D,P,73768.000000
Fri Jul 11 10:08:46 2025,11-Jul-2025,130845,48 2.503200 N,060 59.377900 W,2.1,44.8,A,Primary,Headline,19.285714,D,S,454216.000000
Fri Jul 11 10:08:46 2025,11-Jul-2025,130846,48 2.503500 N,060 59.377500 W,2.1,44.8,A,Primary,Headline,19.285714,D,S,454216.000000
Fri Jul 11 10:08:48 2025,11-Jul-2025,130847,48 2.503800 N,060 59.377000 W,2.0,44.7,A,DoorSpread,DoorMaster,5.785000,D,P,59859.000000
Fri Jul 11 10:08:50 2025,11-Jul-2025,130848,48 2.504200 N,060 59.376500 W,2.0,44.6,A,Depth,Depth,62.870370,D,P,346025.000000
Fri Jul 11 10:08:50 2025,11-Jul-2025,130849,48 2.504500 N,060 59.376000 W,2.0,44.4,A,Depth,Depth,62.870370,D,P,346025.000000
Fri Jul 11 10:08:51 2025,11-Jul-2025,130850,48 2.504900 N,060 59.375500 W,1.9,44.3,A,Primary,Headline,8.510204,D,S,296227.000000
Fri Jul 11 10:08:51 2025,11-Jul-2025,130851,48 2.505200 N,060 59.375000 W,1.9,44.1,A,Primary,Headline,8.510204,D,S,296227.000000
Fri Jul 11 10:08:54 2025,11-Jul-2025,130852,48 2.505600 N,060 59.374500 W,1.9,43.8,A,DoorSpread,DoorMaster,5.785000,D,P,52754.000000
Fri Jul 11 10:08:54 2025,11-Jul-2025,130853,48 2.506000 N,060 59.374000 W,1.9,43.6,A,DoorSpread,DoorMaster,5.785000,D,P,52754.000000
Fri Jul 11 10:08:54 2025,11-Jul-2025,130854,48 2.506300 N,060 59.373500 W,1.9,43.5,A,DoorSpread,DoorMaster,5.785000,D,P,52754.000000
Fri Jul 11 10:08:57 2025,11-Jul-2025,130855,48 2.506600 N,060 59.372900 W,1.9,43.6,A,Primary,Headline,39.510204,D,S,409776.000000
Fri Jul 11 10:08:57 2025,11-Jul-2025,130856,48 2.506900 N,060 59.372400 W,1.9,43.7,A,Primary,Headline,38.734694,D,P,287768.000000
Fri Jul 11 10:08:57 2025,11-Jul-2025,130857,48 2.507300 N,060 59.371900 W,1.9,43.6,A,Primary,Headline,38.734694,D,P,287768.000000
Fri Jul 11 10:09:00 2025,11-Jul-2025,130858,48 2.507700 N,060 59.371500 W,1.9,43.2,A,DoorSpread,DoorMaster,5.700000,D,P,30834.000000
Fri Jul 11 10:09:00 2025,11-Jul-2025,130859,48 2.508100 N,060 59.371100 W,1.9,42.8,A,DoorSpread,DoorMaster,5.700000,D,P,30834.000000
Fri Jul 11 10:09:00 2025,11-Jul-2025,130900,48 2.508400 N,060 59.370500 W,1.9,42.8,A,DoorSpread,DoorMaster,5.700000,D,P,30834.000000
Fri Jul 11 10:09:03 2025,11-Jul-2025,130901,48 2.508800 N,060 59.369900 W,1.9,42.9,A,Primary,Headline,39.571429,D,P,217666.000000
Fri Jul 11 10:09:03 2025,11-Jul-2025,130902,48 2.509100 N,060 59.369400 W,1.9,42.8,A,Primary,Headline,39.571429,D,P,217666.000000
Fri Jul 11 10:09:05 2025,11-Jul-2025,130903,48 2.509500 N,060 59.368900 W,1.9,42.6,A,DoorSpread,DoorMaster,5.640000,D,P,69291.000000
Fri Jul 11 10:09:05 2025,11-Jul-2025,130904,48 2.509700 N,060 59.368500 W,1.9,42.4,A,DoorSpread,DoorMaster,5.640000,D,P,69291.000000
Fri Jul 11 10:09:05 2025,11-Jul-2025,130905,48 2.510000 N,060 59.368000 W,1.9,42.3,A,DoorSpread,DoorMaster,5.640000,D,P,69291.000000
Fri Jul 11 10:09:08 2025,11-Jul-2025,130906,48 2.510300 N,060 59.367500 W,1.9,42.3,A,Primary,Headline,12.714286,D,P,263019.000000
Fri Jul 11 10:09:08 2025,11-Jul-2025,130907,48 2.510700 N,060 59.367000 W,1.9,42.1,A,Primary,Headline,12.714286,D,P,263019.000000
Fri Jul 11 10:09:08 2025,11-Jul-2025,130908,48 2.511000 N,060 59.366400 W,1.9,41.8,A,Primary,Headline,12.714286,D,P,263019.000000
Fri Jul 11 10:09:11 2025,11-Jul-2025,130909,48 2.511400 N,060 59.365700 W,1.9,41.7,A,DoorSpread,DoorMaster,5.635000,D,S,51496.000000
Fri Jul 11 10:09:11 2025,11-Jul-2025,130910,48 2.511700 N,060 59.365100 W,1.9,41.8,A,Depth,Depth,60.092593,D,P,89775.000000
Fri Jul 11 10:09:13 2025,11-Jul-2025,130911,48 2.512100 N,060 59.364400 W,1.9,42.0,A,Primary,Headline,4.020408,D,S,333524.000000
Fri Jul 11 10:09:13 2025,11-Jul-2025,130912,48 2.512500 N,060 59.363700 W,1.9,42.0,A,Primary,Headline,4.020408,D,S,333524.000000
Fri Jul 11 10:09:13 2025,11-Jul-2025,130913,48 2.512800 N,060 59.363100 W,1.9,41.7,A,Primary,Headline,4.020408,D,S,333524.000000
Fri Jul 11 10:09:13 2025,11-Jul-2025,130914,48 2.513300 N,060 59.362400 W,2.0,41.1,A,Primary,Headline,4.020408,D,S,333524.000000
Fri Jul 11 10:09:16 2025,11-Jul-2025,130915,48 2.513700 N,060 59.361700 W,2.1,40.6,A,DoorSpread,DoorMaster,5.670000,D,S,37575.000000
Fri Jul 11 10:09:18 2025,11-Jul-2025,130916,48 2.514200 N,060 59.361000 W,2.2,40.4,A,Primary,Headline,15.000000,D,P,154012.000000
Fri Jul 11 10:09:19 2025,11-Jul-2025,130917,48 2.514700 N,060 59.360200 W,2.3,40.0,A,Depth,Depth,59.722222,D,S,258840.000000
Fri Jul 11 10:09:19 2025,11-Jul-2025,130918,48 2.515300 N,060 59.359700 W,2.4,39.2,A,Depth,Depth,59.722222,D,S,258840.000000
Fri Jul 11 10:09:19 2025,11-Jul-2025,130919,48 2.515800 N,060 59.359100 W,2.4,38.6,A,Depth,Depth,59.722222,D,S,258840.000000
Fri Jul 11 10:09:22 2025,11-Jul-2025,130920,48 2.516300 N,060 59.358400 W,2.5,38.3,A,DoorSpread,DoorMaster,5.655000,D,S,27767.000000
Fri Jul 11 10:09:22 2025,11-Jul-2025,130921,48 2.516800 N,060 59.357600 W,2.6,38.4,A,DoorSpread,DoorMaster,5.655000,D,S,27767.000000
Fri Jul 11 10:09:23 2025,11-Jul-2025,130922,48 2.517300 N,060 59.356600 W,2.6,38.5,A,Primary,Headline,7.489796,D,P,206420.000000
Fri Jul 11 10:09:23 2025,11-Jul-2025,130923,48 2.517900 N,060 59.355900 W,2.7,38.5,A,Primary,Headline,7.489796,D,P,206420.000000
Fri Jul 11 10:09:26 2025,11-Jul-2025,130924,48 2.518600 N,060 59.355100 W,2.7,38.4,A,Depth,Depth,57.685185,D,S,545711.000000
Fri Jul 11 10:09:26 2025,11-Jul-2025,130925,48 2.519200 N,060 59.354400 W,2.8,38.3,A,Depth,Depth,57.685185,D,S,545711.000000
Fri Jul 11 10:09:27 2025,11-Jul-2025,130926,48 2.519900 N,060 59.353700 W,2.8,38.2,A,DoorSpread,DoorMaster,5.855000,D,P,58197.000000
Fri Jul 11 10:09:29 2025,11-Jul-2025,130927,48 2.520500 N,060 59.353000 W,2.8,38.1,A,Primary,Headline,52.102041,D,P,214536.000000
Fri Jul 11 10:09:29 2025,11-Jul-2025,130928,48 2.521100 N,060 59.352300 W,2.8,38.0,A,Primary,Headline,52.102041,D,P,214536.000000
Fri Jul 11 10:09:29 2025,11-Jul-2025,130929,48 2.521800 N,060 59.351600 W,2.8,38.1,A,Primary,Headline,52.102041,D,P,214536.000000
Fri Jul 11 10:09:29 2025,11-Jul-2025,130930,48 2.522400 N,060 59.350800 W,2.8,38.4,A,Primary,Headline,52.102041,D,P,214536.000000
Fri Jul 11 10:09:33 2025,11-Jul-2025,130931,48 2.523000 N,060 59.349900 W,2.9,38.7,A,Depth,Depth,55.462963,D,S,487129.000000
Fri Jul 11 10:09:33 2025,11-Jul-2025,130932,48 2.523700 N,060 59.349100 W,2.9,38.6,A,Depth,Depth,55.462963,D,S,487129.000000
Fri Jul 11 10:09:34 2025,11-Jul-2025,130933,48 2.524400 N,060 59.348300 W,2.9,38.5,A,Primary,Headline,17.040816,D,P,213775.000000
Fri Jul 11 10:09:34 2025,11-Jul-2025,130934,48 2.525100 N,060 59.347600 W,2.9,38.3,A,Primary,Headline,17.040816,D,P,213775.000000
Fri Jul 11 10:09:34 2025,11-Jul-2025,130935,48 2.525800 N,060 59.346900 W,2.9,38.0,A,Primary,Headline,17.040816,D,P,213775.000000
Fri Jul 11 10:09:34 2025,11-Jul-2025,130936,48 2.526400 N,060 59.346200 W,2.9,37.7,A,Primary,Headline,17.040816,D,P,213775.000000
Fri Jul 11 10:09:38 2025,11-Jul-2025,130937,48 2.527100 N,060 59.345500 W,2.9,37.2,A,DoorSpread,DoorMaster,5.740000,D,P,92664.000000
Fri Jul 11 10:09:40 2025,11-Jul-2025,130938,48 2.527800 N,060 59.344700 W,2.9,36.9,A,Primary,Headline,21.183673,D,S,361658.000000
Fri Jul 11 10:09:40 2025,11-Jul-2025,130939,48 2.528400 N,060 59.343900 W,2.9,36.9,A,Depth,Depth,52.037037,D,S,497656.000000
Fri Jul 11 10:09:40 2025,11-Jul-2025,130940,48 2.528900 N,060 59.343100 W,2.9,37.0,A,Depth,Depth,52.037037,D,S,497656.000000
Fri Jul 11 10:09:40 2025,11-Jul-2025,130941,48 2.529500 N,060 59.342400 W,2.9,37.0,A,Depth,Depth,52.037037,D,S,497656.000000
Fri Jul 11 10:09:44 2025,11-Jul-2025,130942,48 2.530100 N,060 59.341700 W,2.8,36.9,A,DoorSpread,DoorMaster,5.710000,D,P,97216.000000
Fri Jul 11 10:09:45 2025,11-Jul-2025,130943,48 2.530700 N,060 59.341100 W,2.8,36.8,A,Primary,Headline,14.938776,D,P,159932.000000
Fri Jul 11 10:09:45 2025,11-Jul-2025,130944,48 2.531200 N,060 59.340400 W,2.8,36.9,A,Primary,Headline,14.938776,D,P,159932.000000
Fri Jul 11 10:09:45 2025,11-Jul-2025,130945,48 2.531700 N,060 59.339700 W,2.8,36.9,A,Primary,Headline,14.938776,D,P,159932.000000
Fri Jul 11 10:09:47 2025,11-Jul-2025,130946,48 2.532200 N,060 59.339100 W,2.8,36.9,A,Depth,Depth,48.796296,D,P,128061.000000
Fri Jul 11 10:09:47 2025,11-Jul-2025,130947,48 2.532800 N,060 59.338500 W,2.8,36.6,A,Depth,Depth,48.796296,D,P,128061.000000
Fri Jul 11 10:09:49 2025,11-Jul-2025,130948,48 2.533500 N,060 59.337800 W,2.8,36.5,A,DoorSpread,DoorMaster,5.630000,D,P,144063.000000
Fri Jul 11 10:09:51 2025,11-Jul-2025,130949,48 2.534100 N,060 59.337200 W,2.8,36.3,A,Primary,Headline,46.918367,D,P,133917.000000
Fri Jul 11 10:09:51 2025,11-Jul-2025,130950,48 2.534700 N,060 59.336600 W,2.7,36.0,A,Primary,Headline,46.918367,D,P,133917.000000
Fri Jul 11 10:09:51 2025,11-Jul-2025,130951,48 2.535200 N,060 59.335900 W,2.7,35.7,A,Primary,Headline,46.918367,D,P,133917.000000
Fri Jul 11 10:09:51 2025,11-Jul-2025,130952,48 2.535800 N,060 59.335400 W,2.7,35.3,A,Primary,Headline,46.918367,D,P,133917.000000
Fri Jul 11 10:09:55 2025,11-Jul-2025,130953,48 2.536300 N,060 59.334800 W,2.7,34.9,A,DoorSpread,DoorMaster,5.745000,D,P,139315.000000
Fri Jul 11 10:09:55 2025,11-Jul-2025,130954,48 2.537000 N,060 59.334200 W,2.7,34.6,A,DoorSpread,DoorMaster,5.745000,D,P,139315.000000
Fri Jul 11 10:09:57 2025,11-Jul-2025,130955,48 2.537500 N,060 59.333500 W,2.6,35.2,A,Primary,Headline,52.836735,D,S,474725.000000
Fri Jul 11 10:09:57 2025,11-Jul-2025,130956,48 2.538000 N,060 59.332800 W,2.6,35.7,A,Primary,Headline,52.836735,D,S,474725.000000
Fri Jul 11 10:09:57 2025,11-Jul-2025,130957,48 2.538500 N,060 59.332200 W,2.6,35.7,A,Primary,Headline,52.836735,D,S,474725.000000
Fri Jul 11 10:09:57 2025,11-Jul-2025,130958,48 2.539100 N,060 59.331500 W,2.5,35.6,A,Primary,Headline,52.836735,D,S,474725.000000
Fri Jul 11 10:10:01 2025,11-Jul-2025,130959,48 2.539600 N,060 59.330900 W,2.5,35.4,A,DoorSpread,DoorMaster,5.735000,D,P,120330.000000
Fri Jul 11 10:10:02 2025,11-Jul-2025,131000,48 2.540100 N,060 59.330200 W,2.5,35.2,A,Depth,Depth,42.222222,D,P,163887.000000
Fri Jul 11 10:10:03 2025,11-Jul-2025,131001,48 2.540700 N,060 59.329600 W,2.5,35.0,A,Primary,Headline,56.306122,D,P,103998.000000
Fri Jul 11 10:10:03 2025,11-Jul-2025,131002,48 2.541200 N,060 59.328900 W,2.5,35.0,A,Primary,Headline,56.306122,D,P,103998.000000
Fri Jul 11 10:10:03 2025,11-Jul-2025,131003,48 2.541700 N,060 59.328400 W,2.4,34.9,A,Primary,Headline,56.306122,D,P,103998.000000
Fri Jul 11 10:10:03 2025,11-Jul-2025,131004,48 2.542200 N,060 59.328000 W,2.4,34.8,A,Primary,Headline,56.306122,D,P,103998.000000
Fri Jul 11 10:10:06 2025,11-Jul-2025,131005,48 2.542700 N,060 59.327400 W,2.4,34.4,A,DoorSpread,DoorMaster,5.860000,D,P,111093.000000
Fri Jul 11 10:10:06 2025,11-Jul-2025,131006,48 2.543100 N,060 59.326900 W,2.4,34.1,A,DoorSpread,DoorMaster,5.860000,D,P,111093.000000
Fri Jul 11 10:10:09 2025,11-Jul-2025,131007,48 2.543500 N,060 59.326300 W,2.3,34.0,A,Depth,Depth,39.537037,D,P,179484.000000
Fri Jul 11 10:10:09 2025,11-Jul-2025,131008,48 2.543900 N,060 59.325700 W,2.3,34.3,A,Depth,Depth,39.537037,D,P,179484.000000
Fri Jul 11 10:10:09 2025,11-Jul-2025,131009,48 2.544300 N,060 59.325100 W,2.3,34.7,A,Depth,Depth,39.537037,D,P,179484.000000
Fri Jul 11 10:10:12 2025,11-Jul-2025,131010,48 2.544800 N,060 59.324700 W,2.3,34.8,A,DoorSpread,DoorMaster,5.895000,D,P,151660.000000
Fri Jul 11 10:10:12 2025,11-Jul-2025,131011,48 2.545300 N,060 59.324300 W,2.3,34.5,A,DoorSpread,DoorMaster,5.895000,D,P,151660.000000
Fri Jul 11 10:10:12 2025,11-Jul-2025,131012,48 2.545900 N,060 59.323900 W,2.3,34.2,A,DoorSpread,DoorMaster,5.895000,D,P,151660.000000
Fri Jul 11 10:10:14 2025,11-Jul-2025,131013,48 2.546400 N,060 59.323400 W,2.2,33.8,A,Primary,Headline,57.530612,D,P,162350.000000
Fri Jul 11 10:10:16 2025,11-Jul-2025,131014,48 2.546900 N,060 59.323000 W,2.2,33.7,A,Depth,Depth,38.055556,D,P,32132.000000
Fri Jul 11 10:10:16 2025,11-Jul-2025,131015,48 2.547500 N,060 59.322600 W,2.2,33.5,A,Depth,Depth,38.055556,D,P,32132.000000
Fri Jul 11 10:10:17 2025,11-Jul-2025,131016,48 2.548100 N,060 59.322200 W,2.2,33.3,A,DoorSpread,DoorMaster,5.865000,D,S,471082.000000
Fri Jul 11 10:10:17 2025,11-Jul-2025,131017,48 2.548600 N,060 59.321800 W,2.2,32.8,A,DoorSpread,DoorMaster,5.865000,D,S,471082.000000
Fri Jul 11 10:10:20 2025,11-Jul-2025,131018,48 2.549200 N,060 59.321500 W,2.2,32.0,A,Primary,Headline,16.306122,D,P,187175.000000
Fri Jul 11 10:10:20 2025,11-Jul-2025,131019,48 2.549800 N,060 59.321300 W,2.3,30.8,A,Primary,Headline,16.306122,D,P,187175.000000
Fri Jul 11 10:10:20 2025,11-Jul-2025,131020,48 2.550500 N,060 59.321100 W,2.3,30.0,A,Primary,Headline,16.306122,D,P,187175.000000
Fri Jul 11 10:10:23 2025,11-Jul-2025,131021,48 2.551100 N,060 59.320600 W,2.2,29.7,A,DoorSpread,DoorMaster,5.925000,D,P,71244.000000
Fri Jul 11 10:10:23 2025,11-Jul-2025,131022,48 2.551700 N,060 59.320200 W,2.2,29.7,A,Depth,Depth,34.907407,D,P,83921.000000
Fri Jul 11 10:10:23 2025,11-Jul-2025,131023,48 2.552200 N,060 59.319700 W,2.2,29.8,A,Depth,Depth,34.907407,D,P,83921.000000
Fri Jul 11 10:10:25 2025,11-Jul-2025,131024,48 2.552700 N,060 59.319300 W,2.2,29.9,A,Primary,Headline,52.326531,D,P,285250.000000
Fri Jul 11 10:10:25 2025,11-Jul-2025,131025,48 2.553300 N,060 59.318900 W,2.2,29.9,A,Primary,Headline,52.326531,D,P,285250.000000
Fri Jul 11 10:10:25 2025,11-Jul-2025,131026,48 2.553900 N,060 59.318400 W,2.2,29.8,A,Primary,Headline,52.326531,D,P,285250.000000
Fri Jul 11 10:10:28 2025,11-Jul-2025,131027,48 2.554400 N,060 59.318100 W,2.2,29.6,A,DoorSpread,DoorMaster,6.065000,D,S,530372.000000
Fri Jul 11 10:10:28 2025,11-Jul-2025,131028,48 2.554900 N,060 59.317700 W,2.2,29.4,A,DoorSpread,DoorMaster,6.065000,D,S,530372.000000
Fri Jul 11 10:10:30 2025,11-Jul-2025,131029,48 2.555500 N,060 59.317300 W,2.2,29.0,A,Depth,Depth,33.240741,D,S,382465.000000
Fri Jul 11 10:10:31 2025,11-Jul-2025,131030,48 2.556100 N,060 59.316800 W,2.2,28.6,A,Primary,Headline,52.979592,D,P,158481.000000
Fri Jul 11 10:10:31 2025,11-Jul-2025,131031,48 2.556700 N,060 59.316500 W,2.2,28.2,A,Primary,Headline,52.979592,D,P,158481.000000
Fri Jul 11 10:10:34 2025,11-Jul-2025,131032,48 2.557300 N,060 59.316000 W,2.2,27.9,A,DoorSpread,DoorMaster,6.095000,D,P,137727.000000
Fri Jul 11 10:10:34 2025,11-Jul-2025,131033,48 2.557900 N,060 59.315500 W,2.2,27.8,A,DoorSpread,DoorMaster,6.095000,D,P,137727.000000
Fri Jul 11 10:10:34 2025,11-Jul-2025,131034,48 2.558400 N,060 59.315000 W,2.2,28.2,A,DoorSpread,DoorMaster,6.095000,D,P,137727.000000
Fri Jul 11 10:10:37 2025,11-Jul-2025,131035,48 2.558900 N,060 59.314600 W,2.2,28.5,A,Primary,Headline,37.591837,D,P,170796.000000
Fri Jul 11 10:10:37 2025,11-Jul-2025,131036,48 2.559300 N,060 59.314300 W,2.2,28.5,A,Depth,Depth,31.851852,D,P,61484.000000
Fri Jul 11 10:10:37 2025,11-Jul-2025,131037,48 2.559800 N,060 59.313900 W,2.2,28.4,A,Depth,Depth,31.851852,D,P,61484.000000
Fri Jul 11 10:10:40 2025,11-Jul-2025,131038,48 2.560200 N,060 59.313500 W,2.2,28.1,A,DoorSpread,DoorMaster,6.065000,D,S,500679.000000
Fri Jul 11 10:10:40 2025,11-Jul-2025,131039,48 2.560600 N,060 59.313200 W,2.2,27.7,A,DoorSpread,DoorMaster,6.065000,D,S,500679.000000
Fri Jul 11 10:10:40 2025,11-Jul-2025,131040,48 2.561000 N,060 59.312900 W,2.2,27.3,A,DoorSpread,DoorMaster,6.065000,D,S,500679.000000
Fri Jul 11 10:10:43 2025,11-Jul-2025,131041,48 2.561400 N,060 59.312400 W,2.2,27.2,A,Primary,Headline,47.959184,D,P,219589.000000
Fri Jul 11 10:10:43 2025,11-Jul-2025,131042,48 2.561900 N,060 59.311900 W,2.1,27.2,A,Primary,Headline,47.959184,D,P,219589.000000
Fri Jul 11 10:10:44 2025,11-Jul-2025,131043,48 2.562400 N,060 59.311600 W,2.2,27.5,A,Depth,Depth,28.703704,D,P,50415.000000
Fri Jul 11 10:10:45 2025,11-Jul-2025,131044,48 2.562900 N,060 59.311300 W,2.1,27.5,A,DoorSpread,DoorMaster,5.960000,D,P,173415.000000
Fri Jul 11 10:10:45 2025,11-Jul-2025,131045,48 2.563400 N,060 59.310900 W,2.2,27.5,A,DoorSpread,DoorMaster,5.960000,D,P,173415.000000
Fri Jul 11 10:10:45 2025,11-Jul-2025,131046,48 2.564100 N,060 59.310500 W,2.2,27.1,A,DoorSpread,DoorMaster,5.960000,D,P,173415.000000
Fri Jul 11 10:10:49 2025,11-Jul-2025,131047,48 2.564800 N,060 59.310200 W,2.3,26.6,A,Primary,Headline,57.897959,D,P,100276.000000
Fri Jul 11 10:10:49 2025,11-Jul-2025,131048,48 2.565400 N,060 59.309800 W,2.3,26.3,A,Primary,Headline,57.897959,D,P,100276.000000
Fri Jul 11 10:10:51 2025,11-Jul-2025,131049,48 2.566000 N,060 59.309400 W,2.3,26.3,A,DoorSpread,DoorMaster,6.000000,D,S,524585.000000
Fri Jul 11 10:10:52 2025,11-Jul-2025,131050,48 2.566600 N,060 59.309000 W,2.3,26.4,A,Depth,Depth,26.759259,D,S,236187.000000
Fri Jul 11 10:10:52 2025,11-Jul-2025,131051,48 2.567100 N,060 59.308600 W,2.3,26.4,A,Depth,Depth,26.759259,D,S,236187.000000
Fri Jul 11 10:10:54 2025,11-Jul-2025,131052,48 2.567700 N,060 59.308200 W,2.2,26.4,A,Primary,Headline,1.591837,D,P,94721.000000
Fri Jul 11 10:10:54 2025,11-Jul-2025,131053,48 2.568200 N,060 59.307800 W,2.2,26.5,A,Primary,Headline,1.591837,D,P,94721.000000
Fri Jul 11 10:10:54 2025,11-Jul-2025,131054,48 2.568700 N,060 59.307300 W,2.2,26.5,A,Primary,Headline,1.591837,D,P,94721.000000
Fri Jul 11 10:10:56 2025,11-Jul-2025,131055,48 2.569100 N,060 59.306800 W,2.1,26.7,A,DoorSpread,DoorMaster,6.305000,D,P,196409.000000
Fri Jul 11 10:10:56 2025,11-Jul-2025,131056,48 2.569600 N,060 59.306400 W,2.1,26.7,A,DoorSpread,DoorMaster,6.305000,D,P,196409.000000
Fri Jul 11 10:10:59 2025,11-Jul-2025,131057,48 2.570100 N,060 59.306000 W,2.0,26.7,A,Primary,Headline,1.877551,D,S,304438.000000
Fri Jul 11 10:10:59 2025,11-Jul-2025,131058,48 2.570600 N,060 59.305700 W,2.0,26.6,A,Primary,Headline,1.877551,D,S,304438.000000
Fri Jul 11 10:10:59 2025,11-Jul-2025,131059,48 2.571000 N,060 59.305400 W,1.9,26.5,A,Primary,Headline,1.877551,D,S,304438.000000
Fri Jul 11 10:11:02 2025,11-Jul-2025,131100,48 2.571400 N,060 59.305000 W,1.9,26.5,A,DoorSpread,DoorMaster,6.455000,D,P,228423.000000
Fri Jul 11 10:11:02 2025,11-Jul-2025,131101,48 2.571800 N,060 59.304700 W,1.8,26.5,A,DoorSpread,DoorMaster,6.455000,D,P,228423.000000
Fri Jul 11 10:11:04 2025,11-Jul-2025,131102,48 2.572100 N,060 59.304400 W,1.8,26.6,A,Primary,Headline,1.693878,D,S,197839.000000
Fri Jul 11 10:11:04 2025,11-Jul-2025,131103,48 2.572500 N,060 59.304100 W,1.7,26.5,A,Primary,Headline,1.693878,D,S,197839.000000
Fri Jul 11 10:11:06 2025,11-Jul-2025,131104,48 2.572900 N,060 59.303900 W,1.7,26.3,A,Depth,Depth,21.666667,D,P,167608.000000
Fri Jul 11 10:11:06 2025,11-Jul-2025,131105,48 2.573300 N,060 59.303700 W,1.7,25.9,A,Depth,Depth,21.666667,D,P,167608.000000
Fri Jul 11 10:11:08 2025,11-Jul-2025,131106,48 2.573700 N,060 59.303500 W,1.7,25.4,A,DoorSpread,DoorMaster,7.195000,D,S,276441.000000
Fri Jul 11 10:11:09 2025,11-Jul-2025,131107,48 2.574100 N,060 59.303400 W,1.6,25.0,A,Primary,Headline,1.836735,D,S,431643.000000
Fri Jul 11 10:11:09 2025,11-Jul-2025,131108,48 2.574400 N,060 59.303100 W,1.5,24.9,A,Primary,Headline,1.836735,D,S,431643.000000
Fri Jul 11 10:11:09 2025,11-Jul-2025,131109,48 2.574700 N,060 59.302800 W,1.5,24.9,A,Primary,Headline,1.836735,D,S,431643.000000
Fri Jul 11 10:11:09 2025,11-Jul-2025,131110,48 2.575000 N,060 59.302500 W,1.5,24.6,A,Primary,Headline,1.836735,D,S,431643.000000
Fri Jul 11 10:11:13 2025,11-Jul-2025,131111,48 2.575300 N,060 59.302400 W,1.4,24.5,A,Depth,Depth,20.740741,D,P,93097.000000
Fri Jul 11 10:11:14 2025,11-Jul-2025,131112,48 2.575600 N,060 59.302300 W,1.4,24.0,A,Primary,Headline,1.918367,D,P,207775.000000
Fri Jul 11 10:11:14 2025,11-Jul-2025,131113,48 2.575900 N,060 59.302200 W,1.3,23.5,A,Primary,Headline,1.918367,D,P,207775.000000
Fri Jul 11 10:11:14 2025,11-Jul-2025,131114,48 2.576200 N,060 59.302000 W,1.3,23.3,A,Primary,Headline,1.918367,D,P,207775.000000
Fri Jul 11 10:11:14 2025,11-Jul-2025,131115,48 2.576400 N,060 59.301800 W,1.2,23.3,A,Primary,Headline,1.918367,D,P,207775.000000
Fri Jul 11 10:11:14 2025,11-Jul-2025,131116,48 2.576500 N,060 59.301600 W,1.1,23.4,A,Primary,Headline,1.918367,D,P,207775.000000
Fri Jul 11 10:11:19 2025,11-Jul-2025,131117,48 2.576700 N,060 59.301300 W,1.1,23.5,A,Primary,Headline,1.897959,D,P,324092.000000
