#B	Created:	04.08.2025 07:55:24
##	Version	SeaStar	9.59
#5	Field separation:	0
#2	Date & Time:	1
#6	Decimal point:	,
#7	Date def.:	dd.mm.yyyy	.
#8	Time def.:	:
##	Axis	0	Temperature(°C)	clRed	FALSE
##	Axis	1	Pressure(Bar)	clBlue	FALSE
##	Axis	2	Salinity(psu)	clGreen	FALSE
##	Axis	3	Conductivity(mS/cm)	$00FF80FF	FALSE
##	Axis	4	Sound Velocity(m/sec)	$00404080	FALSE
##	Series	0	Temp(°C)	clRed	0	Temp(°C)	2
##	Series	1	Press(Bar)	clBlue	1	Press(Bar)	2
##	Series	2	Salinity(psu)	clGreen	2	Salinity(psu)	2
##	Series	3	Conduct(mS/cm)	$00FF80FF	3	Conduct(mS/cm)	2
##	Series	4	Sound Velocity(m/sec)	$00404080	4	Velocity(m/sec)	2
##	Recorder	10	DST CTD	13528
##	Chart	10S13528DAT	
#D	Data:	2139	04.08.2025 07:19:00	04.08.2025 07:54:38
1	04.08.2025 07:19:00	17,68	0,06	27,03	36,14	1505,64
2	04.08.2025 07:19:01	17,65	0,06	27,05	36,14	1505,58
3	04.08.2025 07:19:02	17,62	0,05	27,05	36,12	1505,48
4	04.08.2025 07:19:03	17,62	0,05	27,07	36,14	1505,50
5	04.08.2025 07:19:04	17,59	0,05	27,09	36,14	1505,44
6	04.08.2025 07:19:05	17,59	0,03	27,09	36,14	1505,43
7	04.08.2025 07:19:06	17,56	0,03	27,11	36,14	1505,36
8	04.08.2025 07:19:07	17,56	0,05	27,11	36,14	1505,37
9	04.08.2025 07:19:08	17,56	0,03	27,11	36,14	1505,36
10	04.08.2025 07:19:09	17,53	0,05	27,13	36,14	1505,30
11	04.08.2025 07:19:10	17,53	0,05	27,13	36,14	1505,30
12	04.08.2025 07:19:11	17,50	0,03	27,14	36,14	1505,23
13	04.08.2025 07:19:12	17,50	0,05	27,14	36,14	1505,23
14	04.08.2025 07:19:13	17,47	0,05	27,16	36,14	1505,16
15	04.08.2025 07:19:14	17,47	0,05	27,16	36,14	1505,16
16	04.08.2025 07:19:15	17,44	0,05	27,18	36,14	1505,09
17	04.08.2025 07:19:16	17,44	0,05	27,18	36,14	1505,09
18	04.08.2025 07:19:17	17,44	0,06	27,18	36,14	1505,10
19	04.08.2025 07:19:18	17,41	0,06	27,20	36,14	1505,03
20	04.08.2025 07:19:19	17,41	0,08	27,20	36,14	1505,03
21	04.08.2025 07:19:20	17,41	0,06	27,20	36,14	1505,03
22	04.08.2025 07:19:21	17,38	0,08	27,22	36,14	1504,96
23	04.08.2025 07:19:22	17,38	0,12	27,22	36,14	1504,97
24	04.08.2025 07:19:23	17,35	0,12	27,24	36,13	1504,90
25	04.08.2025 07:19:24	17,35	0,08	27,24	36,13	1504,89
26	04.08.2025 07:19:25	17,35	0,12	27,24	36,13	1504,90
27	04.08.2025 07:19:26	17,35	0,14	27,24	36,13	1504,90
28	04.08.2025 07:19:27	17,32	0,12	27,28	36,16	1504,85
29	04.08.2025 07:19:28	17,32	0,14	27,26	36,13	1504,83
30	04.08.2025 07:19:29	17,32	0,14	27,26	36,13	1504,83
31	04.08.2025 07:19:30	17,32	0,14	27,26	36,13	1504,83
32	04.08.2025 07:19:31	17,29	0,16	27,28	36,13	1504,77
33	04.08.2025 07:19:32	17,29	0,17	27,28	36,13	1504,77
34	04.08.2025 07:19:33	17,29	0,17	27,30	36,16	1504,79
35	04.08.2025 07:19:34	17,29	0,17	27,30	36,16	1504,79
36	04.08.2025 07:19:35	17,26	0,19	27,30	36,13	1504,70
37	04.08.2025 07:19:36	17,26	0,19	27,32	36,16	1504,73
38	04.08.2025 07:19:37	17,26	0,21	27,32	36,16	1504,73
39	04.08.2025 07:19:38	17,26	0,21	27,32	36,16	1504,73
40	04.08.2025 07:19:39	17,23	0,23	27,32	36,13	1504,64
41	04.08.2025 07:19:40	17,23	0,23	27,34	36,16	1504,66
42	04.08.2025 07:19:41	17,23	0,25	27,32	36,13	1504,64
43	04.08.2025 07:19:42	17,23	0,25	27,32	36,13	1504,64
44	04.08.2025 07:19:43	17,23	0,25	27,32	36,13	1504,64
45	04.08.2025 07:19:44	17,20	0,25	27,34	36,13	1504,57
46	04.08.2025 07:19:45	17,20	0,26	27,36	36,15	1504,60
47	04.08.2025 07:19:46	17,20	0,26	27,36	36,15	1504,60
48	04.08.2025 07:19:47	17,20	0,26	27,34	36,13	1504,57
49	04.08.2025 07:19:48	17,20	0,28	27,36	36,15	1504,60
50	04.08.2025 07:19:49	17,20	0,28	27,36	36,15	1504,60
51	04.08.2025 07:19:50	17,20	0,28	27,34	36,13	1504,58
52	04.08.2025 07:19:51	17,20	0,30	27,36	36,15	1504,60
53	04.08.2025 07:19:52	17,17	0,30	27,36	36,13	1504,51
54	04.08.2025 07:19:53	17,17	0,30	27,38	36,15	1504,54
55	04.08.2025 07:19:54	17,17	0,32	27,38	36,15	1504,54
56	04.08.2025 07:19:55	17,17	0,34	27,38	36,15	1504,54
57	04.08.2025 07:19:56	17,17	0,34	27,38	36,15	1504,54
58	04.08.2025 07:19:57	17,17	0,32	27,38	36,15	1504,54
59	04.08.2025 07:19:58	17,17	0,34	27,38	36,15	1504,54
60	04.08.2025 07:19:59	17,17	0,35	27,38	36,15	1504,54
61	04.08.2025 07:20:00	17,17	0,35	27,38	36,15	1504,54
62	04.08.2025 07:20:01	17,14	0,37	27,38	36,13	1504,45
63	04.08.2025 07:20:02	17,14	0,39	27,38	36,13	1504,46
64	04.08.2025 07:20:03	17,14	0,41	27,40	36,15	1504,48
65	04.08.2025 07:20:04	17,14	0,39	27,40	36,15	1504,48
66	04.08.2025 07:20:05	17,14	0,39	27,40	36,15	1504,48
67	04.08.2025 07:20:06	17,14	0,43	27,40	36,15	1504,49
68	04.08.2025 07:20:07	17,14	0,44	27,40	36,15	1504,49
69	04.08.2025 07:20:08	17,14	0,44	27,38	36,13	1504,46
70	04.08.2025 07:20:09	17,14	0,44	27,40	36,15	1504,49
71	04.08.2025 07:20:10	17,11	0,46	27,42	36,15	1504,42
72	04.08.2025 07:20:11	17,11	0,49	27,42	36,15	1504,43
73	04.08.2025 07:20:12	17,11	0,49	27,42	36,15	1504,43
74	04.08.2025 07:20:13	17,11	0,49	27,42	36,15	1504,43
75	04.08.2025 07:20:14	17,11	0,49	27,44	36,18	1504,45
76	04.08.2025 07:20:15	17,08	0,50	27,44	36,15	1504,36
77	04.08.2025 07:20:16	17,08	0,54	27,44	36,15	1504,37
78	04.08.2025 07:20:17	17,08	0,52	27,46	36,18	1504,39
79	04.08.2025 07:20:18	17,08	0,54	27,44	36,15	1504,37
80	04.08.2025 07:20:19	17,08	0,56	27,44	36,15	1504,37
81	04.08.2025 07:20:20	17,08	0,56	27,46	36,18	1504,39
82	04.08.2025 07:20:21	17,08	0,58	27,44	36,15	1504,37
83	04.08.2025 07:20:22	17,05	0,61	27,48	36,17	1504,33
84	04.08.2025 07:20:23	17,08	0,63	27,46	36,18	1504,40
85	04.08.2025 07:20:24	17,08	0,59	27,54	36,27	1504,49
86	04.08.2025 07:20:25	16,99	0,55	27,31	35,93	1503,94
87	04.08.2025 07:20:26	16,78	0,55	27,01	35,40	1502,94
88	04.08.2025 07:20:27	16,51	0,66	26,98	35,15	1502,08
89	04.08.2025 07:20:28	16,23	0,71	27,07	35,05	1501,34
90	04.08.2025 07:20:29	15,99	0,77	27,19	34,99	1500,72
91	04.08.2025 07:20:30	15,81	0,77	27,18	34,84	1500,14
92	04.08.2025 07:20:31	15,66	0,78	27,22	34,76	1499,70
93	04.08.2025 07:20:32	15,50	0,82	27,49	34,95	1499,54
94	04.08.2025 07:20:33	15,44	0,85	27,73	35,17	1499,63
95	04.08.2025 07:20:34	15,44	0,80	27,45	34,85	1499,29
96	04.08.2025 07:20:35	15,41	0,78	27,30	34,65	1499,01
97	04.08.2025 07:20:36	15,29	0,79	27,53	34,82	1498,89
98	04.08.2025 07:20:37	15,23	0,82	27,81	35,09	1499,03
99	04.08.2025 07:20:38	15,20	0,87	28,61	35,97	1499,89
100	04.08.2025 07:20:39	15,38	0,96	28,07	35,51	1499,85
101	04.08.2025 07:20:40	15,60	0,61	27,22	34,71	1499,47
102	04.08.2025 07:20:41	15,44	0,74	27,26	34,63	1499,05
103	04.08.2025 07:20:42	15,26	0,80	27,36	34,60	1498,59
104	04.08.2025 07:20:43	15,11	0,85	27,46	34,60	1498,23
105	04.08.2025 07:20:44	14,98	0,89	27,57	34,62	1497,96
106	04.08.2025 07:20:45	14,92	0,89	27,65	34,67	1497,86
107	04.08.2025 07:20:46	14,83	0,90	27,74	34,69	1497,66
108	04.08.2025 07:20:47	14,77	0,93	27,80	34,71	1497,54
109	04.08.2025 07:20:48	14,74	0,95	27,82	34,71	1497,47
110	04.08.2025 07:20:49	14,71	0,93	27,86	34,73	1497,42
111	04.08.2025 07:20:50	14,67	0,94	27,91	34,76	1497,37
112	04.08.2025 07:20:51	14,64	0,92	27,93	34,76	1497,29
113	04.08.2025 07:20:52	14,61	0,92	27,95	34,75	1497,22
114	04.08.2025 07:20:53	14,58	0,92	27,97	34,75	1497,14
115	04.08.2025 07:20:54	14,58	0,95	27,99	34,78	1497,17
116	04.08.2025 07:20:55	14,55	0,95	28,06	34,83	1497,15
117	04.08.2025 07:20:56	14,52	0,93	28,10	34,85	1497,10
118	04.08.2025 07:20:57	14,52	0,95	28,12	34,87	1497,13
119	04.08.2025 07:20:58	14,49	0,95	28,12	34,85	1497,03
120	04.08.2025 07:20:59	14,46	0,96	28,17	34,87	1496,98
121	04.08.2025 07:21:00	14,46	0,96	28,17	34,87	1496,98
122	04.08.2025 07:21:01	14,43	0,98	28,23	34,92	1496,96
123	04.08.2025 07:21:02	14,43	0,96	28,23	34,92	1496,96
124	04.08.2025 07:21:03	14,40	0,97	28,19	34,85	1496,80
125	04.08.2025 07:21:04	14,37	0,99	28,23	34,87	1496,76
126	04.08.2025 07:21:05	14,37	0,97	28,25	34,90	1496,78
127	04.08.2025 07:21:06	14,33	0,99	28,21	34,82	1496,63
128	04.08.2025 07:21:07	14,33	0,99	28,25	34,87	1496,68
129	04.08.2025 07:21:08	14,30	0,99	28,30	34,89	1496,63
130	04.08.2025 07:21:09	14,30	0,99	28,25	34,84	1496,58
131	04.08.2025 07:21:10	14,27	0,98	28,21	34,77	1496,42
132	04.08.2025 07:21:11	14,24	1,00	28,25	34,79	1496,38
133	04.08.2025 07:21:12	14,21	1,02	28,27	34,79	1496,30
134	04.08.2025 07:21:13	14,18	0,99	28,08	34,55	1495,96
135	04.08.2025 07:21:14	14,12	0,99	27,99	34,40	1495,65
136	04.08.2025 07:21:15	14,06	1,02	28,03	34,40	1495,50
137	04.08.2025 07:21:16	13,99	1,05	28,07	34,39	1495,35
138	04.08.2025 07:21:17	13,93	1,07	28,10	34,37	1495,17
139	04.08.2025 07:21:18	13,87	1,08	28,16	34,39	1495,05
140	04.08.2025 07:21:19	13,84	1,10	28,16	34,37	1494,94
141	04.08.2025 07:21:20	13,81	1,11	28,18	34,36	1494,87
142	04.08.2025 07:21:21	13,77	1,11	28,21	34,36	1494,79
143	04.08.2025 07:21:22	13,77	1,13	28,21	34,36	1494,79
144	04.08.2025 07:21:23	13,74	1,14	28,23	34,36	1494,72
145	04.08.2025 07:21:24	13,74	1,16	28,25	34,39	1494,75
146	04.08.2025 07:21:25	13,71	1,18	28,29	34,41	1494,70
147	04.08.2025 07:21:26	13,71	1,20	28,36	34,49	1494,78
148	04.08.2025 07:21:27	13,68	1,19	28,41	34,51	1494,73
149	04.08.2025 07:21:28	13,68	1,21	28,43	34,53	1494,76
150	04.08.2025 07:21:29	13,65	1,23	28,45	34,53	1494,69
151	04.08.2025 07:21:30	13,65	1,24	28,47	34,56	1494,72
152	04.08.2025 07:21:31	13,62	1,26	28,50	34,56	1494,64
153	04.08.2025 07:21:32	13,62	1,26	28,47	34,53	1494,62
154	04.08.2025 07:21:33	13,62	1,30	28,47	34,53	1494,62
155	04.08.2025 07:21:34	13,59	1,31	28,49	34,53	1494,55
156	04.08.2025 07:21:35	13,59	1,31	28,45	34,48	1494,49
157	04.08.2025 07:21:36	13,56	1,33	28,38	34,38	1494,31
158	04.08.2025 07:21:37	13,53	1,33	28,27	34,24	1494,07
159	04.08.2025 07:21:38	13,46	1,34	28,09	33,99	1493,64
160	04.08.2025 07:21:39	13,40	1,35	27,98	33,81	1493,30
161	04.08.2025 07:21:40	13,27	1,40	27,95	33,69	1492,86
162	04.08.2025 07:21:41	13,18	1,41	27,95	33,61	1492,54
163	04.08.2025 07:21:42	13,09	1,46	27,95	33,54	1492,22
164	04.08.2025 07:21:43	13,02	1,47	27,95	33,49	1492,01
165	04.08.2025 07:21:44	12,93	1,50	27,97	33,43	1491,72
166	04.08.2025 07:21:45	12,87	1,53	27,97	33,38	1491,51
167	04.08.2025 07:21:46	12,80	1,53	27,97	33,33	1491,29
168	04.08.2025 07:21:47	12,74	1,56	27,99	33,31	1491,11
169	04.08.2025 07:21:48	12,71	1,59	28,04	33,33	1491,06
170	04.08.2025 07:21:49	12,68	1,62	28,13	33,40	1491,07
171	04.08.2025 07:21:50	12,64	1,64	28,18	33,43	1491,02
172	04.08.2025 07:21:51	12,61	1,66	28,18	33,40	1490,91
173	04.08.2025 07:21:52	12,58	1,65	28,15	33,35	1490,78
174	04.08.2025 07:21:53	12,55	1,67	27,92	33,08	1490,39
175	04.08.2025 07:21:54	12,49	1,66	27,72	32,81	1489,92
176	04.08.2025 07:21:55	12,36	1,71	27,72	32,71	1489,49
177	04.08.2025 07:21:56	12,26	1,72	27,76	32,68	1489,21
178	04.08.2025 07:21:57	12,17	1,77	27,78	32,63	1488,92
179	04.08.2025 07:21:58	12,07	1,78	27,64	32,41	1488,42
180	04.08.2025 07:21:59	11,98	1,81	27,46	32,14	1487,86
181	04.08.2025 07:22:00	11,85	1,83	27,39	31,96	1487,33
182	04.08.2025 07:22:01	11,72	1,84	27,45	31,93	1486,96
183	04.08.2025 07:22:02	11,63	1,89	27,66	32,08	1486,89
184	04.08.2025 07:22:03	11,53	1,92	27,76	32,10	1486,66
185	04.08.2025 07:22:04	11,46	1,95	27,80	32,10	1486,50
186	04.08.2025 07:22:05	11,40	1,96	27,85	32,10	1486,33
187	04.08.2025 07:22:06	11,37	1,98	27,83	32,05	1486,19
188	04.08.2025 07:22:07	11,30	1,99	27,85	32,02	1485,99
189	04.08.2025 07:22:08	11,24	2,02	27,85	31,97	1485,77
190	04.08.2025 07:22:09	11,21	2,02	27,83	31,92	1485,62
191	04.08.2025 07:22:10	11,14	2,03	27,85	31,90	1485,42
192	04.08.2025 07:22:11	11,11	2,09	27,85	31,87	1485,32
193	04.08.2025 07:22:12	11,05	2,08	27,83	31,79	1485,05
194	04.08.2025 07:22:13	10,98	2,11	27,85	31,77	1484,86
195	04.08.2025 07:22:14	10,95	2,13	27,85	31,74	1484,74
196	04.08.2025 07:22:15	10,88	2,16	28,16	32,01	1484,90
197	04.08.2025 07:22:16	10,85	2,19	28,30	32,13	1484,96
198	04.08.2025 07:22:17	10,85	2,21	28,30	32,13	1484,96
199	04.08.2025 07:22:18	10,88	2,21	28,28	32,13	1485,05
200	04.08.2025 07:22:19	10,85	2,25	28,30	32,13	1484,97
201	04.08.2025 07:22:20	10,82	2,25	28,35	32,16	1484,91
202	04.08.2025 07:22:21	10,82	2,26	28,33	32,13	1484,89
203	04.08.2025 07:22:22	10,79	2,30	28,30	32,08	1484,75
204	04.08.2025 07:22:23	10,75	2,31	28,28	32,03	1484,60
205	04.08.2025 07:22:24	10,69	2,33	28,30	32,01	1484,40
206	04.08.2025 07:22:25	10,66	2,36	28,23	31,91	1484,20
207	04.08.2025 07:22:26	10,59	2,37	28,16	31,79	1483,88
208	04.08.2025 07:22:27	10,53	2,40	28,21	31,78	1483,71
209	04.08.2025 07:22:28	10,46	2,42	28,04	31,56	1483,27
210	04.08.2025 07:22:29	10,36	2,43	27,92	31,36	1482,77
211	04.08.2025 07:22:30	10,26	2,46	27,78	31,14	1482,23
212	04.08.2025 07:22:31	10,13	2,50	27,63	30,89	1481,58
213	04.08.2025 07:22:32	9,97	2,51	27,54	30,67	1480,86
214	04.08.2025 07:22:33	9,80	2,55	27,49	30,49	1480,20
215	04.08.2025 07:22:34	9,64	2,57	27,39	30,27	1479,47
216	04.08.2025 07:22:35	9,47	2,60	27,27	30,02	1478,70
217	04.08.2025 07:22:36	9,31	2,64	27,22	29,84	1478,03
218	04.08.2025 07:22:37	9,11	2,68	27,32	29,79	1477,41
219	04.08.2025 07:22:38	8,94	2,72	27,37	29,71	1476,84
220	04.08.2025 07:22:39	8,81	2,75	27,42	29,66	1476,41
221	04.08.2025 07:22:40	8,67	2,79	27,52	29,66	1476,03
222	04.08.2025 07:22:41	8,57	2,82	27,55	29,61	1475,68
223	04.08.2025 07:22:42	8,47	2,83	27,60	29,58	1475,36
224	04.08.2025 07:22:43	8,37	2,86	27,62	29,53	1475,01
225	04.08.2025 07:22:44	8,30	2,89	27,65	29,51	1474,79
226	04.08.2025 07:22:45	8,20	2,92	27,70	29,48	1474,47
227	04.08.2025 07:22:46	8,13	2,93	27,73	29,46	1474,25
228	04.08.2025 07:22:47	8,06	2,95	27,76	29,43	1474,02
229	04.08.2025 07:22:48	7,96	2,98	27,81	29,40	1473,70
230	04.08.2025 07:22:49	7,89	3,01	27,81	29,36	1473,44
231	04.08.2025 07:22:50	7,82	3,02	27,87	29,35	1473,25
232	04.08.2025 07:22:51	7,72	3,05	27,90	29,30	1472,89
233	04.08.2025 07:22:52	7,65	3,06	27,90	29,25	1472,63
234	04.08.2025 07:22:53	7,55	3,09	27,93	29,20	1472,27
235	04.08.2025 07:22:54	7,51	3,10	27,93	29,18	1472,14
236	04.08.2025 07:22:55	7,41	3,13	28,01	29,18	1471,84
237	04.08.2025 07:22:56	7,34	3,16	28,06	29,18	1471,65
238	04.08.2025 07:22:57	7,27	3,18	28,12	29,18	1471,45
239	04.08.2025 07:22:58	7,20	3,21	28,17	29,17	1471,25
240	04.08.2025 07:22:59	7,14	3,22	28,18	29,12	1470,98
241	04.08.2025 07:23:00	7,07	3,23	28,18	29,07	1470,72
242	04.08.2025 07:23:01	7,00	3,27	28,10	28,95	1470,35
243	04.08.2025 07:23:02	6,89	3,29	28,11	28,88	1469,95
244	04.08.2025 07:23:03	6,82	3,31	28,06	28,78	1469,61
245	04.08.2025 07:23:04	6,72	3,33	28,06	28,70	1469,21
246	04.08.2025 07:23:05	6,58	3,36	28,12	28,65	1468,73
247	04.08.2025 07:23:06	6,47	3,41	28,13	28,58	1468,32
248	04.08.2025 07:23:07	6,37	3,44	28,11	28,48	1467,88
249	04.08.2025 07:23:08	6,26	3,43	28,11	28,40	1467,46
250	04.08.2025 07:23:09	6,16	3,47	28,09	28,30	1467,01
251	04.08.2025 07:23:10	6,02	3,48	28,18	28,28	1466,56
252	04.08.2025 07:23:11	5,91	3,49	28,19	28,20	1466,14
253	04.08.2025 07:23:12	5,80	3,52	28,25	28,18	1465,78
254	04.08.2025 07:23:13	5,70	3,55	28,31	28,15	1465,43
255	04.08.2025 07:23:14	5,59	3,56	28,40	28,15	1465,11
256	04.08.2025 07:23:15	5,52	3,57	28,46	28,15	1464,90
257	04.08.2025 07:23:16	5,48	3,59	28,49	28,15	1464,79
258	04.08.2025 07:23:17	5,41	3,60	28,52	28,13	1464,54
259	04.08.2025 07:23:18	5,34	3,63	28,58	28,13	1464,33
260	04.08.2025 07:23:19	5,30	3,65	28,61	28,13	1464,23
261	04.08.2025 07:23:20	5,27	3,66	28,64	28,13	1464,12
262	04.08.2025 07:23:21	5,23	3,68	28,65	28,10	1463,98
263	04.08.2025 07:23:22	5,16	3,71	28,71	28,10	1463,77
264	04.08.2025 07:23:23	5,12	3,70	28,74	28,10	1463,66
265	04.08.2025 07:23:24	5,09	3,72	28,77	28,10	1463,55
266	04.08.2025 07:23:25	5,05	3,75	28,77	28,08	1463,41
267	04.08.2025 07:23:26	5,01	3,79	28,80	28,08	1463,30
268	04.08.2025 07:23:27	4,94	3,80	28,87	28,08	1463,09
269	04.08.2025 07:23:28	4,91	3,81	28,90	28,08	1462,98
270	04.08.2025 07:23:29	4,87	3,85	28,93	28,08	1462,88
271	04.08.2025 07:23:30	4,83	3,86	28,93	28,05	1462,73
272	04.08.2025 07:23:31	4,80	3,91	28,99	28,08	1462,67
273	04.08.2025 07:23:32	4,76	3,93	29,02	28,08	1462,56
274	04.08.2025 07:23:33	4,76	3,93	29,02	28,08	1462,56
275	04.08.2025 07:23:34	4,72	3,96	29,03	28,05	1462,42
276	04.08.2025 07:23:35	4,69	4,00	29,06	28,05	1462,31
277	04.08.2025 07:23:36	4,65	4,01	29,09	28,05	1462,20
278	04.08.2025 07:23:37	4,65	4,01	29,09	28,05	1462,20
279	04.08.2025 07:23:38	4,61	4,04	29,12	28,05	1462,10
280	04.08.2025 07:23:39	4,58	4,04	29,15	28,05	1461,99
281	04.08.2025 07:23:40	4,54	4,06	29,19	28,05	1461,88
282	04.08.2025 07:23:41	4,54	4,08	29,19	28,05	1461,88
283	04.08.2025 07:23:42	4,51	4,09	29,22	28,05	1461,77
284	04.08.2025 07:23:43	4,47	4,09	29,25	28,05	1461,66
285	04.08.2025 07:23:44	4,47	4,11	29,25	28,05	1461,66
286	04.08.2025 07:23:45	4,43	4,10	29,28	28,05	1461,55
287	04.08.2025 07:23:46	4,43	4,10	29,28	28,05	1461,55
288	04.08.2025 07:23:47	4,40	4,12	29,32	28,05	1461,44
289	04.08.2025 07:23:48	4,40	4,12	29,32	28,05	1461,44
290	04.08.2025 07:23:49	4,36	4,13	29,35	28,05	1461,33
291	04.08.2025 07:23:50	4,32	4,13	29,38	28,05	1461,22
292	04.08.2025 07:23:51	4,32	4,13	29,38	28,05	1461,22
293	04.08.2025 07:23:52	4,29	4,13	29,41	28,05	1461,11
294	04.08.2025 07:23:53	4,29	4,15	29,41	28,05	1461,11
295	04.08.2025 07:23:54	4,29	4,15	29,41	28,05	1461,11
296	04.08.2025 07:23:55	4,25	4,14	29,45	28,05	1461,00
297	04.08.2025 07:23:56	4,25	4,13	29,45	28,05	1461,00
298	04.08.2025 07:23:57	4,21	4,14	29,48	28,05	1460,89
299	04.08.2025 07:23:58	4,21	4,16	29,48	28,05	1460,89
300	04.08.2025 07:23:59	4,18	4,14	29,51	28,05	1460,77
301	04.08.2025 07:24:00	4,18	4,14	29,51	28,05	1460,77
302	04.08.2025 07:24:01	4,18	4,14	29,51	28,05	1460,77
303	04.08.2025 07:24:02	4,14	4,15	29,55	28,05	1460,66
304	04.08.2025 07:24:03	4,14	4,14	29,55	28,05	1460,66
305	04.08.2025 07:24:04	4,14	4,15	29,55	28,05	1460,66
306	04.08.2025 07:24:05	4,10	4,15	29,61	28,08	1460,59
307	04.08.2025 07:24:06	4,10	4,15	29,58	28,05	1460,55
308	04.08.2025 07:24:07	4,10	4,15	29,58	28,05	1460,55
309	04.08.2025 07:24:08	4,10	4,15	29,58	28,05	1460,55
310	04.08.2025 07:24:09	4,10	4,15	29,58	28,05	1460,55
311	04.08.2025 07:24:10	4,06	4,17	29,64	28,08	1460,48
312	04.08.2025 07:24:11	4,06	4,15	29,61	28,05	1460,44
313	04.08.2025 07:24:12	4,06	4,17	29,64	28,08	1460,48
314	04.08.2025 07:24:13	4,06	4,17	29,64	28,08	1460,48
315	04.08.2025 07:24:14	4,06	4,17	29,64	28,08	1460,48
316	04.08.2025 07:24:15	4,06	4,15	29,64	28,08	1460,48
317	04.08.2025 07:24:16	4,03	4,16	29,68	28,08	1460,37
318	04.08.2025 07:24:17	4,03	4,15	29,68	28,08	1460,36
319	04.08.2025 07:24:18	4,03	4,15	29,65	28,05	1460,33
320	04.08.2025 07:24:19	4,03	4,15	29,68	28,08	1460,36
321	04.08.2025 07:24:20	4,03	4,15	29,68	28,08	1460,36
322	04.08.2025 07:24:21	3,99	4,18	29,71	28,08	1460,26
323	04.08.2025 07:24:22	3,99	4,16	29,71	28,08	1460,25
324	04.08.2025 07:24:23	3,99	4,16	29,71	28,08	1460,25
325	04.08.2025 07:24:24	3,99	4,16	29,71	28,08	1460,25
326	04.08.2025 07:24:25	3,99	4,18	29,71	28,08	1460,26
327	04.08.2025 07:24:26	3,95	4,18	29,74	28,08	1460,14
328	04.08.2025 07:24:27	3,95	4,16	29,74	28,08	1460,14
329	04.08.2025 07:24:28	3,95	4,16	29,74	28,08	1460,14
330	04.08.2025 07:24:29	3,95	4,18	29,74	28,08	1460,14
331	04.08.2025 07:24:30	3,95	4,18	29,74	28,08	1460,14
332	04.08.2025 07:24:31	3,92	4,16	29,78	28,08	1460,03
333	04.08.2025 07:24:32	3,92	4,16	29,78	28,08	1460,03
334	04.08.2025 07:24:33	3,92	4,17	29,78	28,08	1460,03
335	04.08.2025 07:24:34	3,92	4,17	29,78	28,08	1460,03
336	04.08.2025 07:24:35	3,92	4,17	29,78	28,08	1460,03
337	04.08.2025 07:24:36	3,92	4,16	29,78	28,08	1460,03
338	04.08.2025 07:24:37	3,88	4,15	29,81	28,08	1459,91
339	04.08.2025 07:24:38	3,88	4,17	29,81	28,08	1459,92
340	04.08.2025 07:24:39	3,88	4,15	29,81	28,08	1459,91
341	04.08.2025 07:24:40	3,88	4,17	29,81	28,08	1459,92
342	04.08.2025 07:24:41	3,88	4,17	29,81	28,08	1459,92
343	04.08.2025 07:24:42	3,88	4,15	29,81	28,08	1459,91
344	04.08.2025 07:24:43	3,88	4,17	29,81	28,08	1459,92
345	04.08.2025 07:24:44	3,88	4,17	29,81	28,08	1459,92
346	04.08.2025 07:24:45	3,84	4,17	29,85	28,08	1459,80
347	04.08.2025 07:24:46	3,84	4,15	29,84	28,08	1459,80
348	04.08.2025 07:24:47	3,84	4,17	29,84	28,08	1459,80
349	04.08.2025 07:24:48	3,84	4,17	29,84	28,08	1459,80
350	04.08.2025 07:24:49	3,84	4,17	29,84	28,08	1459,80
351	04.08.2025 07:24:50	3,84	4,17	29,84	28,08	1459,80
352	04.08.2025 07:24:51	3,84	4,17	29,84	28,08	1459,80
353	04.08.2025 07:24:52	3,84	4,17	29,84	28,08	1459,80
354	04.08.2025 07:24:53	3,84	4,17	29,84	28,08	1459,80
355	04.08.2025 07:24:54	3,84	4,17	29,84	28,08	1459,80
356	04.08.2025 07:24:55	3,84	4,15	29,84	28,08	1459,80
357	04.08.2025 07:24:56	3,81	4,16	29,88	28,08	1459,69
358	04.08.2025 07:24:57	3,81	4,18	29,88	28,08	1459,69
359	04.08.2025 07:24:58	3,81	4,15	29,88	28,08	1459,69
360	04.08.2025 07:24:59	3,81	4,16	29,88	28,08	1459,69
361	04.08.2025 07:25:00	3,81	4,16	29,88	28,08	1459,69
362	04.08.2025 07:25:01	3,81	4,16	29,88	28,08	1459,69
363	04.08.2025 07:25:02	3,81	4,18	29,88	28,08	1459,69
364	04.08.2025 07:25:03	3,81	4,16	29,88	28,08	1459,69
365	04.08.2025 07:25:04	3,81	4,16	29,88	28,08	1459,69
366	04.08.2025 07:25:05	3,81	4,16	29,88	28,08	1459,69
367	04.08.2025 07:25:06	3,81	4,15	29,88	28,08	1459,69
368	04.08.2025 07:25:07	3,81	4,18	29,88	28,08	1459,69
369	04.08.2025 07:25:08	3,81	4,15	29,88	28,08	1459,69
370	04.08.2025 07:25:09	3,81	4,16	29,88	28,08	1459,69
371	04.08.2025 07:25:10	3,81	4,16	29,88	28,08	1459,69
372	04.08.2025 07:25:11	3,81	4,18	29,88	28,08	1459,69
373	04.08.2025 07:25:12	3,81	4,16	29,88	28,08	1459,69
374	04.08.2025 07:25:13	3,77	4,16	29,91	28,08	1459,58
375	04.08.2025 07:25:14	3,77	4,18	29,91	28,08	1459,58
376	04.08.2025 07:25:15	3,77	4,16	29,91	28,08	1459,58
377	04.08.2025 07:25:16	3,77	4,16	29,91	28,08	1459,58
378	04.08.2025 07:25:17	3,77	4,16	29,91	28,08	1459,58
379	04.08.2025 07:25:18	3,77	4,16	29,91	28,08	1459,58
380	04.08.2025 07:25:19	3,77	4,16	29,91	28,08	1459,58
381	04.08.2025 07:25:20	3,77	4,16	29,91	28,08	1459,58
382	04.08.2025 07:25:21	3,77	4,14	29,91	28,08	1459,57
383	04.08.2025 07:25:22	3,77	4,16	29,91	28,08	1459,58
384	04.08.2025 07:25:23	3,77	4,16	29,91	28,08	1459,58
385	04.08.2025 07:25:24	3,77	4,16	29,91	28,08	1459,58
386	04.08.2025 07:25:25	3,77	4,14	29,91	28,08	1459,57
387	04.08.2025 07:25:26	3,77	4,14	29,91	28,08	1459,57
388	04.08.2025 07:25:27	3,77	4,14	29,91	28,08	1459,57
389	04.08.2025 07:25:28	3,77	4,16	29,91	28,08	1459,58
390	04.08.2025 07:25:29	3,77	4,14	29,91	28,08	1459,57
391	04.08.2025 07:25:30	3,77	4,16	29,91	28,08	1459,58
392	04.08.2025 07:25:31	3,77	4,16	29,91	28,08	1459,58
393	04.08.2025 07:25:32	3,77	4,16	29,91	28,08	1459,58
394	04.08.2025 07:25:33	3,77	4,16	29,91	28,08	1459,58
395	04.08.2025 07:25:34	3,77	4,14	29,91	28,08	1459,57
396	04.08.2025 07:25:35	3,77	4,14	29,91	28,08	1459,57
397	04.08.2025 07:25:36	3,77	4,14	29,91	28,08	1459,57
398	04.08.2025 07:25:37	3,77	4,14	29,91	28,08	1459,57
399	04.08.2025 07:25:38	3,77	4,16	29,94	28,10	1459,61
400	04.08.2025 07:25:39	3,73	4,16	29,95	28,08	1459,46
401	04.08.2025 07:25:40	3,73	4,14	29,95	28,08	1459,46
402	04.08.2025 07:25:41	3,73	4,16	29,95	28,08	1459,46
403	04.08.2025 07:25:42	3,73	4,16	29,95	28,08	1459,46
404	04.08.2025 07:25:43	3,73	4,14	29,95	28,08	1459,46
405	04.08.2025 07:25:44	3,73	4,14	29,95	28,08	1459,46
406	04.08.2025 07:25:45	3,73	4,16	29,98	28,10	1459,50
407	04.08.2025 07:25:46	3,73	4,16	29,95	28,08	1459,46
408	04.08.2025 07:25:47	3,73	4,14	29,95	28,08	1459,46
409	04.08.2025 07:25:48	3,73	4,14	29,95	28,08	1459,46
410	04.08.2025 07:25:49	3,73	4,14	29,95	28,08	1459,46
411	04.08.2025 07:25:50	3,73	4,16	29,95	28,08	1459,46
412	04.08.2025 07:25:51	3,73	4,14	29,95	28,08	1459,46
413	04.08.2025 07:25:52	3,73	4,14	29,95	28,08	1459,46
414	04.08.2025 07:25:53	3,73	4,14	29,95	28,08	1459,46
415	04.08.2025 07:25:54	3,73	4,14	29,95	28,08	1459,46
416	04.08.2025 07:25:55	3,73	4,16	29,95	28,08	1459,46
417	04.08.2025 07:25:56	3,73	4,14	29,95	28,08	1459,46
418	04.08.2025 07:25:57	3,73	4,14	29,95	28,08	1459,46
419	04.08.2025 07:25:58	3,73	4,14	29,95	28,08	1459,46
420	04.08.2025 07:25:59	3,73	4,16	29,95	28,08	1459,46
421	04.08.2025 07:26:00	3,73	4,14	29,95	28,08	1459,46
422	04.08.2025 07:26:01	3,73	4,12	29,95	28,08	1459,46
423	04.08.2025 07:26:02	3,73	4,14	29,95	28,08	1459,46
424	04.08.2025 07:26:03	3,73	4,14	29,95	28,08	1459,46
425	04.08.2025 07:26:04	3,73	4,16	29,95	28,08	1459,46
426	04.08.2025 07:26:05	3,73	4,16	29,95	28,08	1459,46
427	04.08.2025 07:26:06	3,73	4,16	29,95	28,08	1459,46
428	04.08.2025 07:26:07	3,73	4,16	29,95	28,08	1459,46
429	04.08.2025 07:26:08	3,73	4,16	29,98	28,10	1459,50
430	04.08.2025 07:26:09	3,73	4,16	29,95	28,08	1459,46
431	04.08.2025 07:26:10	3,73	4,16	29,95	28,08	1459,46
432	04.08.2025 07:26:11	3,73	4,16	29,95	28,08	1459,46
433	04.08.2025 07:26:12	3,73	4,16	29,95	28,08	1459,46
434	04.08.2025 07:26:13	3,73	4,18	29,95	28,08	1459,46
435	04.08.2025 07:26:14	3,73	4,16	29,95	28,08	1459,46
436	04.08.2025 07:26:15	3,73	4,16	29,95	28,08	1459,46
437	04.08.2025 07:26:16	3,73	4,18	29,95	28,08	1459,46
438	04.08.2025 07:26:17	3,73	4,16	29,95	28,08	1459,46
439	04.08.2025 07:26:18	3,73	4,16	29,95	28,08	1459,46
440	04.08.2025 07:26:19	3,73	4,16	29,95	28,08	1459,46
441	04.08.2025 07:26:20	3,73	4,16	29,95	28,08	1459,46
442	04.08.2025 07:26:21	3,73	4,16	29,95	28,08	1459,46
443	04.08.2025 07:26:22	3,73	4,16	29,95	28,08	1459,46
444	04.08.2025 07:26:23	3,73	4,16	29,95	28,08	1459,46
445	04.08.2025 07:26:24	3,73	4,16	29,95	28,08	1459,46
446	04.08.2025 07:26:25	3,73	4,16	29,95	28,08	1459,46
447	04.08.2025 07:26:26	3,73	4,16	29,95	28,08	1459,46
448	04.08.2025 07:26:27	3,73	4,18	29,95	28,08	1459,46
449	04.08.2025 07:26:28	3,73	4,16	29,95	28,08	1459,46
450	04.08.2025 07:26:29	3,73	4,14	29,95	28,08	1459,46
451	04.08.2025 07:26:30	3,73	4,16	29,95	28,08	1459,46
452	04.08.2025 07:26:31	3,73	4,16	29,95	28,08	1459,46
453	04.08.2025 07:26:32	3,73	4,16	29,95	28,08	1459,46
454	04.08.2025 07:26:33	3,73	4,14	29,95	28,08	1459,46
455	04.08.2025 07:26:34	3,73	4,14	29,95	28,08	1459,46
456	04.08.2025 07:26:35	3,73	4,14	29,95	28,08	1459,46
457	04.08.2025 07:26:36	3,73	4,14	29,95	28,08	1459,46
458	04.08.2025 07:26:37	3,73	4,16	29,95	28,08	1459,46
459	04.08.2025 07:26:38	3,73	4,14	29,95	28,08	1459,46
460	04.08.2025 07:26:39	3,73	4,14	29,95	28,08	1459,46
461	04.08.2025 07:26:40	3,73	4,14	29,95	28,08	1459,46
462	04.08.2025 07:26:41	3,73	4,14	29,95	28,08	1459,46
463	04.08.2025 07:26:42	3,73	4,16	29,95	28,08	1459,46
464	04.08.2025 07:26:43	3,73	4,14	29,95	28,08	1459,46
465	04.08.2025 07:26:44	3,73	4,14	29,95	28,08	1459,46
466	04.08.2025 07:26:45	3,73	4,14	29,95	28,08	1459,46
467	04.08.2025 07:26:46	3,73	4,16	29,95	28,08	1459,46
468	04.08.2025 07:26:47	3,73	4,14	29,95	28,08	1459,46
469	04.08.2025 07:26:48	3,73	4,16	29,95	28,08	1459,46
470	04.08.2025 07:26:49	3,73	4,14	29,95	28,08	1459,46
471	04.08.2025 07:26:50	3,73	4,16	29,95	28,08	1459,46
472	04.08.2025 07:26:51	3,73	4,16	29,95	28,08	1459,46
473	04.08.2025 07:26:52	3,73	4,14	29,95	28,08	1459,46
474	04.08.2025 07:26:53	3,73	4,14	29,95	28,08	1459,46
475	04.08.2025 07:26:54	3,73	4,14	29,95	28,08	1459,46
476	04.08.2025 07:26:55	3,73	4,16	29,95	28,08	1459,46
477	04.08.2025 07:26:56	3,73	4,14	29,95	28,08	1459,46
478	04.08.2025 07:26:57	3,73	4,14	29,95	28,08	1459,46
479	04.08.2025 07:26:58	3,73	4,14	29,95	28,08	1459,46
480	04.08.2025 07:26:59	3,73	4,14	29,95	28,08	1459,46
481	04.08.2025 07:27:00	3,73	4,14	29,95	28,08	1459,46
482	04.08.2025 07:27:01	3,73	4,14	29,95	28,08	1459,46
483	04.08.2025 07:27:02	3,73	4,14	29,95	28,08	1459,46
484	04.08.2025 07:27:03	3,73	4,14	29,95	28,08	1459,46
485	04.08.2025 07:27:04	3,73	4,14	29,95	28,08	1459,46
486	04.08.2025 07:27:05	3,73	4,12	29,95	28,08	1459,46
487	04.08.2025 07:27:06	3,73	4,12	29,95	28,08	1459,46
488	04.08.2025 07:27:07	3,73	4,12	29,95	28,08	1459,46
489	04.08.2025 07:27:08	3,73	4,12	29,95	28,08	1459,46
490	04.08.2025 07:27:09	3,73	4,14	29,95	28,08	1459,46
491	04.08.2025 07:27:10	3,73	4,14	29,95	28,08	1459,46
492	04.08.2025 07:27:11	3,73	4,14	29,95	28,08	1459,46
493	04.08.2025 07:27:12	3,73	4,14	29,95	28,08	1459,46
494	04.08.2025 07:27:13	3,73	4,14	29,95	28,08	1459,46
495	04.08.2025 07:27:14	3,73	4,14	29,95	28,08	1459,46
496	04.08.2025 07:27:15	3,73	4,14	29,95	28,08	1459,46
497	04.08.2025 07:27:16	3,73	4,16	29,95	28,08	1459,46
498	04.08.2025 07:27:17	3,73	4,14	29,95	28,08	1459,46
499	04.08.2025 07:27:18	3,73	4,14	29,95	28,08	1459,46
500	04.08.2025 07:27:19	3,69	4,14	29,98	28,08	1459,35
501	04.08.2025 07:27:20	3,73	4,14	29,95	28,08	1459,46
502	04.08.2025 07:27:21	3,73	4,14	29,95	28,08	1459,46
503	04.08.2025 07:27:22	3,73	4,14	29,95	28,08	1459,46
504	04.08.2025 07:27:23	3,73	4,16	29,95	28,08	1459,46
505	04.08.2025 07:27:24	3,69	4,14	29,98	28,08	1459,35
506	04.08.2025 07:27:25	3,73	4,14	29,95	28,08	1459,46
507	04.08.2025 07:27:26	3,73	4,14	29,95	28,08	1459,46
508	04.08.2025 07:27:27	3,73	4,14	29,95	28,08	1459,46
509	04.08.2025 07:27:28	3,73	4,16	29,95	28,08	1459,46
510	04.08.2025 07:27:29	3,73	4,14	29,95	28,08	1459,46
511	04.08.2025 07:27:30	3,73	4,16	29,95	28,08	1459,46
512	04.08.2025 07:27:31	3,73	4,14	29,95	28,08	1459,46
513	04.08.2025 07:27:32	3,69	4,16	29,98	28,08	1459,35
514	04.08.2025 07:27:33	3,69	4,14	29,98	28,08	1459,35
515	04.08.2025 07:27:34	3,69	4,14	29,98	28,08	1459,35
516	04.08.2025 07:27:35	3,73	4,14	29,95	28,08	1459,46
517	04.08.2025 07:27:36	3,69	4,14	29,98	28,08	1459,35
518	04.08.2025 07:27:37	3,69	4,16	29,98	28,08	1459,35
519	04.08.2025 07:27:38	3,69	4,14	29,98	28,08	1459,35
520	04.08.2025 07:27:39	3,69	4,14	29,98	28,08	1459,35
521	04.08.2025 07:27:40	3,69	4,14	29,98	28,08	1459,35
522	04.08.2025 07:27:41	3,69	4,16	29,98	28,08	1459,35
523	04.08.2025 07:27:42	3,73	4,14	29,95	28,08	1459,46
524	04.08.2025 07:27:43	3,69	4,14	29,98	28,08	1459,35
525	04.08.2025 07:27:44	3,69	4,14	29,98	28,08	1459,35
526	04.08.2025 07:27:45	3,69	4,14	29,98	28,08	1459,35
527	04.08.2025 07:27:46	3,69	4,14	29,98	28,08	1459,35
528	04.08.2025 07:27:47	3,69	4,14	29,98	28,08	1459,35
529	04.08.2025 07:27:48	3,73	4,14	29,95	28,08	1459,46
530	04.08.2025 07:27:49	3,73	4,16	29,95	28,08	1459,46
531	04.08.2025 07:27:50	3,69	4,14	29,98	28,08	1459,35
532	04.08.2025 07:27:51	3,69	4,16	29,98	28,08	1459,35
533	04.08.2025 07:27:52	3,69	4,14	29,98	28,08	1459,35
534	04.08.2025 07:27:53	3,69	4,12	29,98	28,08	1459,34
535	04.08.2025 07:27:54	3,69	4,14	29,98	28,08	1459,35
536	04.08.2025 07:27:55	3,73	4,14	29,95	28,08	1459,46
537	04.08.2025 07:27:56	3,73	4,14	29,95	28,08	1459,46
538	04.08.2025 07:27:57	3,69	4,14	29,98	28,08	1459,35
539	04.08.2025 07:27:58	3,69	4,14	29,98	28,08	1459,35
540	04.08.2025 07:27:59	3,69	4,14	29,98	28,08	1459,35
541	04.08.2025 07:28:00	3,69	4,16	29,98	28,08	1459,35
542	04.08.2025 07:28:01	3,69	4,14	29,98	28,08	1459,35
543	04.08.2025 07:28:02	3,73	4,14	29,95	28,08	1459,46
544	04.08.2025 07:28:03	3,69	4,14	29,98	28,08	1459,35
545	04.08.2025 07:28:04	3,69	4,14	29,98	28,08	1459,35
546	04.08.2025 07:28:05	3,69	4,14	29,98	28,08	1459,35
547	04.08.2025 07:28:06	3,69	4,16	29,98	28,08	1459,35
548	04.08.2025 07:28:07	3,69	4,14	29,98	28,08	1459,35
549	04.08.2025 07:28:08	3,69	4,16	29,98	28,08	1459,35
550	04.08.2025 07:28:09	3,73	4,16	29,95	28,08	1459,46
551	04.08.2025 07:28:10	3,69	4,14	29,98	28,08	1459,35
552	04.08.2025 07:28:11	3,69	4,16	29,98	28,08	1459,35
553	04.08.2025 07:28:12	3,69	4,16	29,98	28,08	1459,35
554	04.08.2025 07:28:13	3,69	4,14	29,98	28,08	1459,35
555	04.08.2025 07:28:14	3,69	4,14	29,98	28,08	1459,35
556	04.08.2025 07:28:15	3,69	4,16	29,98	28,08	1459,35
557	04.08.2025 07:28:16	3,69	4,16	29,98	28,08	1459,35
558	04.08.2025 07:28:17	3,69	4,16	29,98	28,08	1459,35
559	04.08.2025 07:28:18	3,69	4,16	29,98	28,08	1459,35
560	04.08.2025 07:28:19	3,69	4,16	29,98	28,08	1459,35
561	04.08.2025 07:28:20	3,69	4,16	29,98	28,08	1459,35
562	04.08.2025 07:28:21	3,69	4,14	29,98	28,08	1459,35
563	04.08.2025 07:28:22	3,69	4,14	29,98	28,08	1459,35
564	04.08.2025 07:28:23	3,69	4,16	29,98	28,08	1459,35
565	04.08.2025 07:28:24	3,69	4,16	29,98	28,08	1459,35
566	04.08.2025 07:28:25	3,69	4,14	29,98	28,08	1459,35
567	04.08.2025 07:28:26	3,69	4,16	29,98	28,08	1459,35
568	04.08.2025 07:28:27	3,69	4,14	29,98	28,08	1459,35
569	04.08.2025 07:28:28	3,69	4,14	29,98	28,08	1459,35
570	04.08.2025 07:28:29	3,69	4,14	29,98	28,08	1459,35
571	04.08.2025 07:28:30	3,69	4,16	29,98	28,08	1459,35
572	04.08.2025 07:28:31	3,69	4,16	29,98	28,08	1459,35
573	04.08.2025 07:28:32	3,69	4,16	29,98	28,08	1459,35
574	04.08.2025 07:28:33	3,69	4,14	29,98	28,08	1459,35
575	04.08.2025 07:28:34	3,69	4,16	29,98	28,08	1459,35
576	04.08.2025 07:28:35	3,69	4,16	29,98	28,08	1459,35
577	04.08.2025 07:28:36	3,69	4,14	29,98	28,08	1459,35
578	04.08.2025 07:28:37	3,69	4,14	29,98	28,08	1459,35
579	04.08.2025 07:28:38	3,69	4,14	29,98	28,08	1459,35
580	04.08.2025 07:28:39	3,69	4,16	29,98	28,08	1459,35
581	04.08.2025 07:28:40	3,69	4,16	29,98	28,08	1459,35
582	04.08.2025 07:28:41	3,69	4,14	29,98	28,08	1459,35
583	04.08.2025 07:28:42	3,69	4,16	29,98	28,08	1459,35
584	04.08.2025 07:28:43	3,69	4,14	29,98	28,08	1459,35
585	04.08.2025 07:28:44	3,69	4,16	29,98	28,08	1459,35
586	04.08.2025 07:28:45	3,69	4,16	29,98	28,08	1459,35
587	04.08.2025 07:28:46	3,69	4,17	29,98	28,08	1459,35
588	04.08.2025 07:28:47	3,69	4,17	29,98	28,08	1459,35
589	04.08.2025 07:28:48	3,69	4,17	29,98	28,08	1459,35
590	04.08.2025 07:28:49	3,69	4,19	29,98	28,08	1459,35
591	04.08.2025 07:28:50	3,69	4,19	29,98	28,08	1459,35
592	04.08.2025 07:28:51	3,69	4,17	29,98	28,08	1459,35
593	04.08.2025 07:28:52	3,69	4,17	29,98	28,08	1459,35
594	04.08.2025 07:28:53	3,69	4,17	29,98	28,08	1459,35
595	04.08.2025 07:28:54	3,69	4,16	29,98	28,08	1459,35
596	04.08.2025 07:28:55	3,69	4,14	29,98	28,08	1459,35
597	04.08.2025 07:28:56	3,69	4,12	29,98	28,08	1459,34
598	04.08.2025 07:28:57	3,69	4,10	29,98	28,08	1459,34
599	04.08.2025 07:28:58	3,69	4,07	29,98	28,08	1459,33
600	04.08.2025 07:28:59	3,69	4,05	29,98	28,08	1459,33
601	04.08.2025 07:29:00	3,69	4,00	29,98	28,08	1459,32
602	04.08.2025 07:29:01	3,69	3,98	29,98	28,08	1459,32
603	04.08.2025 07:29:02	3,69	3,96	30,01	28,10	1459,36
604	04.08.2025 07:29:03	3,69	3,89	30,01	28,10	1459,34
605	04.08.2025 07:29:04	3,73	3,85	29,98	28,10	1459,45
606	04.08.2025 07:29:05	3,73	3,80	29,98	28,10	1459,44
607	04.08.2025 07:29:06	3,73	3,76	30,01	28,13	1459,48
608	04.08.2025 07:29:07	3,73	3,71	29,98	28,10	1459,43
609	04.08.2025 07:29:08	3,73	3,69	30,01	28,13	1459,47
610	04.08.2025 07:29:09	3,73	3,60	30,01	28,13	1459,45
611	04.08.2025 07:29:10	3,73	3,57	30,01	28,13	1459,45
612	04.08.2025 07:29:11	3,73	3,51	30,01	28,13	1459,44
613	04.08.2025 07:29:12	3,73	3,46	30,07	28,18	1459,50
614	04.08.2025 07:29:13	3,77	3,41	30,09	28,23	1459,68
615	04.08.2025 07:29:14	3,77	3,35	30,12	28,25	1459,71
616	04.08.2025 07:29:15	3,81	3,30	30,09	28,25	1459,82
617	04.08.2025 07:29:16	3,84	3,23	30,28	28,45	1460,22
618	04.08.2025 07:29:17	3,88	3,22	30,48	28,65	1460,63
619	04.08.2025 07:29:18	4,03	3,18	30,60	28,87	1461,41
620	04.08.2025 07:29:19	4,18	3,10	30,64	29,01	1462,06
621	04.08.2025 07:29:20	4,32	3,05	30,79	29,26	1462,87
622	04.08.2025 07:29:21	4,51	3,01	30,76	29,38	1463,59
623	04.08.2025 07:29:22	4,69	2,97	30,53	29,33	1464,05
624	04.08.2025 07:29:23	4,80	2,91	30,46	29,36	1464,40
625	04.08.2025 07:29:24	4,91	2,88	30,47	29,46	1464,86
626	04.08.2025 07:29:25	4,98	2,83	30,43	29,48	1465,10
627	04.08.2025 07:29:26	5,09	2,82	30,36	29,51	1465,46
628	04.08.2025 07:29:27	5,16	2,79	30,33	29,53	1465,70
629	04.08.2025 07:29:28	5,23	2,76	30,29	29,55	1465,94
630	04.08.2025 07:29:29	5,30	2,73	30,23	29,55	1466,15
631	04.08.2025 07:29:30	5,37	2,70	30,16	29,56	1466,36
632	04.08.2025 07:29:31	5,41	2,68	30,13	29,56	1466,46
633	04.08.2025 07:29:32	5,45	2,67	30,10	29,56	1466,56
634	04.08.2025 07:29:33	5,52	2,66	30,03	29,56	1466,77
635	04.08.2025 07:29:34	5,55	2,64	30,00	29,56	1466,87
636	04.08.2025 07:29:35	5,59	2,62	29,97	29,56	1466,98
637	04.08.2025 07:29:36	5,62	2,59	29,97	29,58	1467,11
638	04.08.2025 07:29:37	5,66	2,59	29,96	29,61	1467,25
639	04.08.2025 07:29:38	5,70	2,60	29,96	29,63	1467,39
640	04.08.2025 07:29:39	5,73	2,58	29,98	29,68	1467,56
641	04.08.2025 07:29:40	5,77	2,57	29,98	29,70	1467,70
642	04.08.2025 07:29:41	5,84	2,55	30,00	29,78	1468,01
643	04.08.2025 07:29:42	5,87	2,54	29,99	29,80	1468,15
644	04.08.2025 07:29:43	5,94	2,54	29,93	29,80	1468,35
645	04.08.2025 07:29:44	5,98	2,53	29,93	29,83	1468,49
646	04.08.2025 07:29:45	6,02	2,51	29,90	29,83	1468,59
647	04.08.2025 07:29:46	6,05	2,51	29,86	29,83	1468,69
648	04.08.2025 07:29:47	6,09	2,52	29,83	29,83	1468,80
649	04.08.2025 07:29:48	6,12	2,52	29,80	29,83	1468,90
650	04.08.2025 07:29:49	6,16	2,52	29,77	29,83	1469,00
651	04.08.2025 07:29:50	6,19	2,52	29,77	29,85	1469,14
652	04.08.2025 07:29:51	6,23	2,53	29,74	29,85	1469,24
653	04.08.2025 07:29:52	6,23	2,49	29,79	29,90	1469,31
654	04.08.2025 07:29:53	6,30	2,51	29,81	29,98	1469,62
655	04.08.2025 07:29:54	6,33	2,48	29,81	30,00	1469,75
656	04.08.2025 07:29:55	6,37	2,48	29,81	30,03	1469,89
657	04.08.2025 07:29:56	6,40	2,47	29,80	30,05	1470,02
658	04.08.2025 07:29:57	6,47	2,47	29,71	30,03	1470,19
659	04.08.2025 07:29:58	6,47	2,47	29,71	30,03	1470,19
660	04.08.2025 07:29:59	6,51	2,46	29,71	30,05	1470,32
661	04.08.2025 07:30:00	6,54	2,46	29,76	30,13	1470,53
662	04.08.2025 07:30:01	6,58	2,46	29,76	30,15	1470,66
663	04.08.2025 07:30:02	6,65	2,45	29,70	30,15	1470,86
664	04.08.2025 07:30:03	6,68	2,43	29,67	30,15	1470,96
665	04.08.2025 07:30:04	6,72	2,42	29,69	30,20	1471,13
666	04.08.2025 07:30:05	6,75	2,42	29,74	30,28	1471,33
667	04.08.2025 07:30:06	6,82	2,41	29,82	30,40	1471,70
668	04.08.2025 07:30:07	6,89	2,39	29,86	30,50	1472,03
669	04.08.2025 07:30:08	6,96	2,36	29,94	30,62	1472,39
670	04.08.2025 07:30:09	7,03	2,35	30,03	30,77	1472,79
671	04.08.2025 07:30:10	7,14	2,34	30,13	30,94	1473,32
672	04.08.2025 07:30:11	7,27	2,31	30,17	31,09	1473,90
673	04.08.2025 07:30:12	7,38	2,29	30,27	31,26	1474,42
674	04.08.2025 07:30:13	7,51	2,26	30,36	31,46	1475,07
675	04.08.2025 07:30:14	7,65	2,25	30,40	31,61	1475,65
676	04.08.2025 07:30:15	7,79	2,24	30,54	31,86	1476,35
677	04.08.2025 07:30:16	7,93	2,24	30,55	31,98	1476,90
678	04.08.2025 07:30:17	8,06	2,21	30,51	32,06	1477,36
679	04.08.2025 07:30:18	8,20	2,18	30,40	32,06	1477,73
680	04.08.2025 07:30:19	8,33	2,17	30,33	32,11	1478,17
681	04.08.2025 07:30:20	8,40	2,16	30,33	32,16	1478,42
682	04.08.2025 07:30:21	8,50	2,15	30,34	32,26	1478,82
683	04.08.2025 07:30:22	8,57	2,14	30,26	32,24	1478,97
684	04.08.2025 07:30:23	8,67	2,11	30,05	32,12	1479,08
685	04.08.2025 07:30:24	8,70	2,09	29,95	32,04	1479,08
686	04.08.2025 07:30:25	8,77	2,10	29,84	32,00	1479,20
687	04.08.2025 07:30:26	8,81	2,08	29,84	32,02	1479,32
688	04.08.2025 07:30:27	8,84	2,07	29,88	32,09	1479,50
689	04.08.2025 07:30:28	8,91	2,05	29,83	32,10	1479,69
690	04.08.2025 07:30:29	8,94	2,06	29,83	32,12	1479,81
691	04.08.2025 07:30:30	9,01	2,03	29,82	32,17	1480,05
692	04.08.2025 07:30:31	9,04	2,03	29,82	32,20	1480,17
693	04.08.2025 07:30:32	9,11	2,00	29,79	32,22	1480,38
694	04.08.2025 07:30:33	9,14	2,00	29,74	32,20	1480,44
695	04.08.2025 07:30:34	9,21	1,97	29,66	32,17	1480,59
696	04.08.2025 07:30:35	9,24	1,95	29,48	32,03	1480,49
697	04.08.2025 07:30:36	9,24	1,93	29,46	32,00	1480,45
698	04.08.2025 07:30:37	9,24	1,92	29,46	32,00	1480,45
699	04.08.2025 07:30:38	9,27	1,90	29,43	32,00	1480,54
700	04.08.2025 07:30:39	9,27	1,90	29,46	32,03	1480,57
701	04.08.2025 07:30:40	9,31	1,88	29,43	32,03	1480,66
702	04.08.2025 07:30:41	9,34	1,87	29,43	32,05	1480,78
703	04.08.2025 07:30:42	9,37	1,85	29,40	32,06	1480,87
704	04.08.2025 07:30:43	9,41	1,84	29,40	32,08	1480,98
705	04.08.2025 07:30:44	9,41	1,82	29,52	32,20	1481,14
706	04.08.2025 07:30:45	9,47	1,81	29,54	32,28	1481,41
707	04.08.2025 07:30:46	9,54	1,79	29,52	32,30	1481,61
708	04.08.2025 07:30:47	9,61	1,78	29,49	32,33	1481,82
709	04.08.2025 07:30:48	9,64	1,75	29,64	32,50	1482,12
710	04.08.2025 07:30:49	9,70	1,73	29,61	32,53	1482,33
711	04.08.2025 07:30:50	9,77	1,70	29,48	32,46	1482,41
712	04.08.2025 07:30:51	9,84	1,69	29,97	33,00	1483,25
713	04.08.2025 07:30:52	9,97	1,68	30,21	33,34	1484,03
714	04.08.2025 07:30:53	10,17	1,62	30,09	33,39	1484,60
715	04.08.2025 07:30:54	10,33	1,60	29,94	33,37	1485,00
716	04.08.2025 07:30:55	10,43	1,55	29,72	33,23	1485,07
717	04.08.2025 07:30:56	10,49	1,52	29,66	33,23	1485,24
718	04.08.2025 07:30:57	10,56	1,51	29,61	33,23	1485,41
719	04.08.2025 07:30:58	10,59	1,49	29,59	33,23	1485,49
720	04.08.2025 07:30:59	10,62	1,46	29,56	33,23	1485,57
721	04.08.2025 07:31:00	10,66	1,44	29,54	33,23	1485,66
722	04.08.2025 07:31:01	10,69	1,43	29,53	33,26	1485,77
723	04.08.2025 07:31:02	10,72	1,41	29,82	33,58	1486,24
724	04.08.2025 07:31:03	10,82	1,47	30,64	34,49	1487,60
725	04.08.2025 07:31:04	11,08	1,38	30,62	34,69	1488,48
726	04.08.2025 07:31:05	11,34	1,31	30,46	34,74	1489,19
727	04.08.2025 07:31:06	11,50	1,25	30,35	34,77	1489,62
728	04.08.2025 07:31:07	11,63	1,24	30,30	34,82	1490,00
729	04.08.2025 07:31:08	11,72	1,25	30,22	34,83	1490,24
730	04.08.2025 07:31:09	11,82	1,24	30,15	34,83	1490,49
731	04.08.2025 07:31:10	11,88	1,21	30,10	34,83	1490,64
732	04.08.2025 07:31:11	11,95	1,18	30,05	34,83	1490,80
733	04.08.2025 07:31:12	12,01	1,20	30,00	34,83	1490,96
734	04.08.2025 07:31:13	12,04	1,18	29,97	34,83	1491,04
735	04.08.2025 07:31:14	12,11	1,17	29,90	34,81	1491,17
736	04.08.2025 07:31:15	12,14	1,17	29,88	34,81	1491,25
737	04.08.2025 07:31:16	12,17	1,17	29,85	34,81	1491,33
738	04.08.2025 07:31:17	12,20	1,16	29,83	34,81	1491,41
739	04.08.2025 07:31:18	12,23	1,18	29,80	34,81	1491,49
740	04.08.2025 07:31:19	12,26	1,14	29,78	34,81	1491,57
741	04.08.2025 07:31:20	12,30	1,15	29,75	34,82	1491,65
742	04.08.2025 07:31:21	12,33	1,13	29,73	34,82	1491,73
743	04.08.2025 07:31:22	12,36	1,13	29,68	34,79	1491,78
744	04.08.2025 07:31:23	12,42	1,14	29,63	34,79	1491,94
745	04.08.2025 07:31:24	12,42	1,12	29,61	34,77	1491,91
746	04.08.2025 07:31:25	12,45	1,10	29,61	34,80	1492,01
747	04.08.2025 07:31:26	12,49	1,11	29,56	34,77	1492,07
748	04.08.2025 07:31:27	12,52	1,11	29,54	34,77	1492,15
749	04.08.2025 07:31:28	12,55	1,09	29,49	34,75	1492,19
750	04.08.2025 07:31:29	12,55	1,07	29,44	34,70	1492,14
751	04.08.2025 07:31:30	12,58	1,04	29,17	34,43	1491,90
752	04.08.2025 07:31:31	12,58	1,00	29,05	34,31	1491,76
753	04.08.2025 07:31:32	12,55	1,00	29,05	34,28	1491,65
754	04.08.2025 07:31:33	12,55	0,97	29,05	34,28	1491,64
755	04.08.2025 07:31:34	12,55	0,97	29,05	34,28	1491,64
756	04.08.2025 07:31:35	12,55	0,93	29,05	34,28	1491,64
757	04.08.2025 07:31:36	12,58	0,91	29,03	34,28	1491,72
758	04.08.2025 07:31:37	12,58	0,88	29,10	34,36	1491,79
759	04.08.2025 07:31:38	12,61	0,90	29,21	34,51	1492,04
760	04.08.2025 07:31:39	12,68	0,89	29,42	34,78	1492,51
761	04.08.2025 07:31:40	12,77	0,86	29,35	34,78	1492,74
762	04.08.2025 07:31:41	12,83	0,81	29,32	34,80	1492,92
763	04.08.2025 07:31:42	12,90	0,79	29,32	34,86	1493,13
764	04.08.2025 07:31:43	12,96	0,78	29,30	34,88	1493,31
765	04.08.2025 07:31:44	12,99	0,73	29,30	34,91	1493,41
766	04.08.2025 07:31:45	13,05	0,73	29,27	34,93	1493,59
767	04.08.2025 07:31:46	13,09	0,72	29,25	34,93	1493,67
768	04.08.2025 07:31:47	13,12	0,68	29,20	34,91	1493,71
769	04.08.2025 07:31:48	13,15	0,69	29,13	34,86	1493,74
770	04.08.2025 07:31:49	13,18	0,69	29,11	34,86	1493,82
771	04.08.2025 07:31:50	13,21	0,67	29,20	34,99	1494,03
772	04.08.2025 07:31:51	13,24	0,66	29,27	35,09	1494,21
773	04.08.2025 07:31:52	13,31	0,66	29,27	35,14	1494,42
774	04.08.2025 07:31:53	13,37	0,67	29,24	35,16	1494,61
775	04.08.2025 07:31:54	13,43	0,65	29,29	35,26	1494,87
776	04.08.2025 07:31:55	13,49	0,66	29,29	35,31	1495,08
777	04.08.2025 07:31:56	13,56	0,63	29,35	35,44	1495,36
778	04.08.2025 07:31:57	13,65	0,61	29,48	35,66	1495,83
779	04.08.2025 07:31:58	13,77	0,68	29,89	36,20	1496,74
780	04.08.2025 07:31:59	14,02	0,68	29,59	36,09	1497,20
781	04.08.2025 07:32:00	14,40	0,52	29,25	36,02	1497,99
782	04.08.2025 07:32:01	14,52	0,46	29,20	36,08	1498,33
783	04.08.2025 07:32:02	14,67	0,53	29,16	36,16	1498,79
784	04.08.2025 07:32:03	14,89	0,41	29,04	36,21	1499,34
785	04.08.2025 07:32:04	15,01	0,41	28,91	36,16	1499,58
786	04.08.2025 07:32:05	15,14	0,41	28,74	36,07	1499,77
787	04.08.2025 07:32:06	15,26	0,39	28,65	36,07	1500,06
788	04.08.2025 07:32:07	15,32	0,35	28,61	36,07	1500,20
789	04.08.2025 07:32:08	15,41	0,35	28,57	36,10	1500,44
790	04.08.2025 07:32:09	15,47	0,32	28,50	36,08	1500,55
791	04.08.2025 07:32:10	15,53	0,34	28,46	36,08	1500,70
792	04.08.2025 07:32:11	15,60	0,30	28,42	36,08	1500,84
793	04.08.2025 07:32:12	15,63	0,26	28,40	36,08	1500,90
794	04.08.2025 07:32:13	15,69	0,28	28,35	36,09	1501,05
795	04.08.2025 07:32:14	15,72	0,30	28,33	36,09	1501,13
796	04.08.2025 07:32:15	15,75	0,26	28,31	36,09	1501,19
797	04.08.2025 07:32:16	15,78	0,26	28,29	36,09	1501,26
798	04.08.2025 07:32:17	15,84	0,25	28,25	36,09	1501,40
799	04.08.2025 07:32:18	15,87	0,25	28,23	36,09	1501,48
800	04.08.2025 07:32:19	15,90	0,23	28,21	36,09	1501,54
801	04.08.2025 07:32:20	15,93	0,21	28,17	36,07	1501,59
802	04.08.2025 07:32:21	15,96	0,21	28,14	36,07	1501,66
803	04.08.2025 07:32:22	15,99	0,19	28,12	36,07	1501,73
804	04.08.2025 07:32:23	16,02	0,16	28,10	36,07	1501,79
805	04.08.2025 07:32:24	16,05	0,14	28,08	36,07	1501,86
806	04.08.2025 07:32:25	16,08	0,12	28,06	36,07	1501,93
807	04.08.2025 07:32:26	16,11	0,12	28,04	36,07	1502,00
808	04.08.2025 07:32:27	16,14	0,10	28,02	36,07	1502,07
809	04.08.2025 07:32:28	16,17	0,10	28,00	36,08	1502,14
810	04.08.2025 07:32:29	16,17	0,06	28,00	36,08	1502,14
811	04.08.2025 07:32:30	16,20	0,06	27,96	36,05	1502,18
812	04.08.2025 07:32:31	16,23	0,03	27,94	36,05	1502,25
813	04.08.2025 07:32:32	16,23	0,01	27,94	36,05	1502,24
814	04.08.2025 07:32:33	16,27	0,01	27,92	36,05	1502,31
815	04.08.2025 07:32:34	16,30	-0,01	27,90	36,05	1502,38
816	04.08.2025 07:32:35	16,30	-0,03	27,90	36,05	1502,38
817	04.08.2025 07:32:36	16,33	-0,04	27,88	36,06	1502,45
818	04.08.2025 07:32:37	16,36	-0,03	27,86	36,06	1502,52
819	04.08.2025 07:32:38	16,36	-0,06	27,86	36,06	1502,52
820	04.08.2025 07:32:39	16,39	-0,04	27,84	36,06	1502,59
821	04.08.2025 07:32:40	16,42	-0,04	27,82	36,06	1502,66
822	04.08.2025 07:32:41	16,42	-0,03	27,82	36,06	1502,66
823	04.08.2025 07:32:42	16,45	-0,06	27,80	36,06	1502,73
824	04.08.2025 07:32:43	16,45	-0,04	27,80	36,06	1502,73
825	04.08.2025 07:32:44	16,48	-0,04	27,78	36,06	1502,80
826	04.08.2025 07:32:45	16,48	-0,03	27,78	36,06	1502,80
827	04.08.2025 07:32:46	16,48	-0,04	27,78	36,06	1502,80
828	04.08.2025 07:32:47	16,51	-0,03	27,75	36,06	1502,87
829	04.08.2025 07:32:48	16,51	-0,04	27,76	36,06	1502,87
830	04.08.2025 07:32:49	16,54	-0,04	27,73	36,06	1502,94
831	04.08.2025 07:32:50	16,54	-0,03	27,73	36,06	1502,94
832	04.08.2025 07:32:51	16,57	-0,04	27,71	36,06	1503,01
833	04.08.2025 07:32:52	16,57	-0,04	27,69	36,04	1502,99
834	04.08.2025 07:32:53	16,57	-0,04	27,71	36,06	1503,01
835	04.08.2025 07:32:54	16,60	-0,04	27,69	36,06	1503,08
836	04.08.2025 07:32:55	16,60	-0,06	27,67	36,04	1503,06
837	04.08.2025 07:32:56	16,60	-0,04	27,69	36,06	1503,08
838	04.08.2025 07:32:57	16,63	-0,01	27,65	36,04	1503,13
839	04.08.2025 07:32:58	16,63	-0,01	27,65	36,04	1503,13
840	04.08.2025 07:32:59	16,63	-0,03	27,67	36,06	1503,16
841	04.08.2025 07:33:00	16,66	-0,03	27,63	36,04	1503,20
842	04.08.2025 07:33:01	16,66	-0,03	27,63	36,04	1503,20
843	04.08.2025 07:33:02	16,66	-0,03	27,65	36,06	1503,23
844	04.08.2025 07:33:03	16,69	-0,03	27,61	36,04	1503,27
845	04.08.2025 07:33:04	16,69	-0,03	27,61	36,04	1503,27
846	04.08.2025 07:33:05	16,69	-0,03	27,61	36,04	1503,27
847	04.08.2025 07:33:06	16,69	-0,03	27,61	36,04	1503,27
848	04.08.2025 07:33:07	16,69	-0,03	27,61	36,04	1503,27
849	04.08.2025 07:33:08	16,69	-0,03	27,57	35,99	1503,22
850	04.08.2025 07:33:09	16,72	-0,03	27,59	36,04	1503,34
851	04.08.2025 07:33:10	16,72	-0,01	27,59	36,04	1503,35
852	04.08.2025 07:33:11	16,72	-0,01	27,59	36,04	1503,35
853	04.08.2025 07:33:12	16,72	-0,03	27,59	36,04	1503,34
854	04.08.2025 07:33:13	16,72	-0,03	27,59	36,04	1503,34
855	04.08.2025 07:33:14	16,72	-0,04	27,59	36,04	1503,34
856	04.08.2025 07:33:15	16,72	-0,03	27,59	36,04	1503,34
857	04.08.2025 07:33:16	16,72	-0,03	27,59	36,04	1503,34
858	04.08.2025 07:33:17	16,72	-0,03	27,59	36,04	1503,34
859	04.08.2025 07:33:18	16,72	-0,03	27,59	36,04	1503,34
860	04.08.2025 07:33:19	16,75	-0,03	27,57	36,04	1503,41
861	04.08.2025 07:33:20	16,75	-0,03	27,57	36,04	1503,41
862	04.08.2025 07:33:21	16,75	-0,01	27,57	36,04	1503,42
863	04.08.2025 07:33:22	16,75	-0,03	27,57	36,04	1503,41
864	04.08.2025 07:33:23	16,75	-0,03	27,57	36,04	1503,41
865	04.08.2025 07:33:24	16,75	0,01	27,55	36,02	1503,39
866	04.08.2025 07:33:25	16,75	-0,01	27,55	36,02	1503,39
867	04.08.2025 07:33:26	16,78	-0,01	27,53	36,02	1503,46
868	04.08.2025 07:33:27	16,78	-0,01	27,53	36,02	1503,46
869	04.08.2025 07:33:28	16,78	-0,03	27,53	36,02	1503,46
870	04.08.2025 07:33:29	16,78	-0,01	27,55	36,04	1503,49
871	04.08.2025 07:33:30	16,78	-0,03	27,53	36,02	1503,46
872	04.08.2025 07:33:31	16,78	-0,03	27,55	36,04	1503,48
873	04.08.2025 07:33:32	16,78	-0,03	27,55	36,04	1503,48
874	04.08.2025 07:33:33	16,78	-0,04	27,53	36,02	1503,45
875	04.08.2025 07:33:34	16,78	-0,04	27,53	36,02	1503,45
876	04.08.2025 07:33:35	16,81	-0,03	27,53	36,04	1503,55
877	04.08.2025 07:33:36	16,81	-0,03	27,53	36,04	1503,55
878	04.08.2025 07:33:37	16,81	-0,03	27,51	36,02	1503,53
879	04.08.2025 07:33:38	16,81	-0,04	27,51	36,02	1503,52
880	04.08.2025 07:33:39	16,81	-0,03	27,51	36,02	1503,53
881	04.08.2025 07:33:40	16,81	-0,03	27,51	36,02	1503,53
882	04.08.2025 07:33:41	16,81	-0,03	27,53	36,04	1503,55
883	04.08.2025 07:33:42	16,81	-0,03	27,49	36,00	1503,50
884	04.08.2025 07:33:43	16,81	-0,04	27,51	36,02	1503,52
885	04.08.2025 07:33:44	16,81	-0,04	27,51	36,02	1503,52
886	04.08.2025 07:33:45	16,81	-0,03	27,51	36,02	1503,53
887	04.08.2025 07:33:46	16,84	-0,03	27,49	36,02	1503,60
888	04.08.2025 07:33:47	16,81	-0,03	27,51	36,02	1503,53
889	04.08.2025 07:33:48	16,84	-0,04	27,28	35,78	1503,35
890	04.08.2025 07:33:49	16,84	-0,04	27,51	36,05	1503,62
891	04.08.2025 07:33:50	16,84	-0,04	27,49	36,02	1503,59
892	04.08.2025 07:33:51	16,84	-0,06	27,43	35,95	1503,52
893	04.08.2025 07:33:52	16,84	-0,04	23,72	31,52	1499,19
894	04.08.2025 07:33:53	16,84	-0,06	27,47	36,00	1503,57
895	04.08.2025 07:33:54	16,84	-0,04	27,39	35,90	1503,47
896	04.08.2025 07:33:55	16,84	-0,04	20,25	27,30	1495,14
897	04.08.2025 07:33:56	16,84	-0,06	20,60	27,73	1495,54
898	04.08.2025 07:33:57	16,84	-0,06	20,64	27,78	1495,59
899	04.08.2025 07:33:58	16,84	-0,06	20,64	27,78	1495,59
900	04.08.2025 07:33:59	16,84	-0,04	20,64	27,78	1495,59
901	04.08.2025 07:34:00	16,84	-0,04	20,33	27,40	1495,23
902	04.08.2025 07:34:01	16,84	-0,04	20,62	27,75	1495,57
903	04.08.2025 07:34:02	16,84	-0,04	20,68	27,83	1495,64
904	04.08.2025 07:34:03	16,84	-0,04	20,68	27,83	1495,64
905	04.08.2025 07:34:04	16,84	-0,04	20,68	27,83	1495,64
906	04.08.2025 07:34:05	16,84	-0,04	20,66	27,80	1495,61
907	04.08.2025 07:34:06	16,84	-0,04	20,68	27,83	1495,64
908	04.08.2025 07:34:07	16,84	-0,04	20,64	27,78	1495,59
909	04.08.2025 07:34:08	16,84	-0,04	20,68	27,83	1495,64
910	04.08.2025 07:34:09	16,84	-0,06	20,66	27,80	1495,61
911	04.08.2025 07:34:10	16,84	-0,04	7,27	10,64	1479,99
912	04.08.2025 07:34:11	16,84	-0,04	8,03	11,67	1480,87
913	04.08.2025 07:34:12	16,84	-0,04	8,11	11,78	1480,97
914	04.08.2025 07:34:13	16,84	-0,04	2,74	4,29	1474,70
915	04.08.2025 07:34:14	16,84	-0,04	4,25	6,46	1476,46
916	04.08.2025 07:34:15	16,81	-0,04	4,82	7,25	1477,02
917	04.08.2025 07:34:16	16,81	-0,04	4,69	7,07	1476,87
918	04.08.2025 07:34:17	16,81	-0,06	4,82	7,25	1477,02
919	04.08.2025 07:34:18	16,81	-0,04	4,78	7,20	1476,98
920	04.08.2025 07:34:19	16,81	-0,04	4,91	7,39	1477,13
921	04.08.2025 07:34:20	16,81	-0,03	4,97	7,47	1477,20
922	04.08.2025 07:34:21	16,81	-0,04	4,84	7,28	1477,05
923	04.08.2025 07:34:22	16,81	-0,04	5,04	7,57	1477,29
924	04.08.2025 07:34:23	16,81	-0,03	0,99	1,63	1472,56
925	04.08.2025 07:34:24	16,81	-0,01	1,14	1,87	1472,74
926	04.08.2025 07:34:25	16,81	-0,01	1,09	1,79	1472,68
927	04.08.2025 07:34:26	16,78	0,01	0,99	1,63	1472,46
928	04.08.2025 07:34:27	16,78	-0,01	1,01	1,66	1472,48
929	04.08.2025 07:34:28	16,78	0,01	1,02	1,68	1472,50
930	04.08.2025 07:34:29	16,78	0,01	1,02	1,68	1472,50
931	04.08.2025 07:34:30	16,78	0,01	1,02	1,68	1472,50
932	04.08.2025 07:34:31	16,78	-0,01	1,07	1,76	1472,56
933	04.08.2025 07:34:32	16,78	-0,01	1,09	1,79	1472,58
934	04.08.2025 07:34:33	16,78	0,01	1,12	1,84	1472,62
935	04.08.2025 07:34:34	16,78	0,01	1,14	1,87	1472,64
936	04.08.2025 07:34:35	16,78	-0,01	1,04	1,71	1472,52
937	04.08.2025 07:34:36	16,78	0,01	1,04	1,71	1472,52
938	04.08.2025 07:34:37	16,78	0,01	1,06	1,74	1472,54
939	04.08.2025 07:34:38	16,78	-0,01	0,96	1,58	1472,42
940	04.08.2025 07:34:39	16,78	0,01	1,01	1,66	1472,48
941	04.08.2025 07:34:40	16,75	0,01	1,01	1,66	1472,38
942	04.08.2025 07:34:41	16,75	-0,01	0,99	1,63	1472,36
943	04.08.2025 07:34:42	16,75	0,01	1,01	1,66	1472,38
944	04.08.2025 07:34:43	16,75	0,01	1,02	1,68	1472,40
945	04.08.2025 07:34:44	16,75	0,01	1,01	1,66	1472,38
946	04.08.2025 07:34:45	16,75	0,01	0,99	1,63	1472,36
947	04.08.2025 07:34:46	16,75	0,01	0,96	1,58	1472,32
948	04.08.2025 07:34:47	16,75	0,01	0,96	1,58	1472,32
949	04.08.2025 07:34:48	16,75	0,01	0,99	1,63	1472,36
950	04.08.2025 07:34:49	16,75	0,01	1,01	1,66	1472,38
951	04.08.2025 07:34:50	16,75	0,01	1,01	1,66	1472,38
952	04.08.2025 07:34:51	16,75	0,01	1,04	1,71	1472,42
953	04.08.2025 07:34:52	16,72	-0,01	0,96	1,58	1472,22
954	04.08.2025 07:34:53	16,72	0,01	0,99	1,63	1472,26
955	04.08.2025 07:34:54	16,72	0,01	0,99	1,63	1472,26
956	04.08.2025 07:34:55	16,72	0,01	1,01	1,66	1472,28
957	04.08.2025 07:34:56	16,72	0,01	0,99	1,63	1472,26
958	04.08.2025 07:34:57	16,72	0,01	0,99	1,63	1472,26
959	04.08.2025 07:34:58	16,72	0,01	1,01	1,66	1472,28
960	04.08.2025 07:34:59	16,72	-0,01	0,94	1,55	1472,20
961	04.08.2025 07:35:00	16,72	0,01	0,66	1,11	1471,88
962	04.08.2025 07:35:01	16,72	0,01	0,89	1,48	1472,14
963	04.08.2025 07:35:02	16,72	0,01	0,89	1,48	1472,14
964	04.08.2025 07:35:03	16,72	0,01	0,89	1,48	1472,14
965	04.08.2025 07:35:04	16,72	-0,01	0,91	1,50	1472,16
966	04.08.2025 07:35:05	16,72	0,01	0,91	1,50	1472,16
967	04.08.2025 07:35:06	16,72	0,01	0,89	1,48	1472,14
968	04.08.2025 07:35:07	16,72	0,01	0,88	1,45	1472,13
969	04.08.2025 07:35:08	16,72	0,01	0,89	1,48	1472,14
970	04.08.2025 07:35:09	16,72	-0,01	0,91	1,50	1472,16
971	04.08.2025 07:35:10	16,72	0,01	0,89	1,48	1472,14
972	04.08.2025 07:35:11	16,72	-0,01	0,88	1,45	1472,12
973	04.08.2025 07:35:12	16,72	0,01	0,91	1,50	1472,16
974	04.08.2025 07:35:13	16,72	0,01	0,91	1,50	1472,16
975	04.08.2025 07:35:14	16,72	0,01	0,89	1,48	1472,14
976	04.08.2025 07:35:15	16,72	0,01	0,89	1,48	1472,14
977	04.08.2025 07:35:16	16,72	0,01	0,91	1,50	1472,16
978	04.08.2025 07:35:17	16,72	0,01	0,89	1,48	1472,14
979	04.08.2025 07:35:18	16,72	0,01	0,88	1,45	1472,13
980	04.08.2025 07:35:19	16,72	0,01	0,89	1,48	1472,14
981	04.08.2025 07:35:20	16,72	0,01	0,91	1,50	1472,16
982	04.08.2025 07:35:21	16,72	-0,01	0,89	1,48	1472,14
983	04.08.2025 07:35:22	16,72	-0,01	0,88	1,45	1472,12
984	04.08.2025 07:35:23	16,72	-0,01	0,91	1,50	1472,16
985	04.08.2025 07:35:24	16,72	0,01	0,91	1,50	1472,16
986	04.08.2025 07:35:25	16,72	0,01	0,88	1,45	1472,13
987	04.08.2025 07:35:26	16,72	0,01	0,89	1,48	1472,14
988	04.08.2025 07:35:27	16,72	0,01	0,93	1,53	1472,18
989	04.08.2025 07:35:28	16,72	0,01	0,93	1,53	1472,18
990	04.08.2025 07:35:29	16,72	0,01	0,91	1,50	1472,16
991	04.08.2025 07:35:30	16,72	0,01	0,89	1,48	1472,14
992	04.08.2025 07:35:31	16,72	0,01	0,89	1,48	1472,14
993	04.08.2025 07:35:32	16,72	0,01	0,91	1,50	1472,16
994	04.08.2025 07:35:33	16,72	-0,01	0,89	1,48	1472,14
995	04.08.2025 07:35:34	16,72	0,01	0,89	1,48	1472,14
996	04.08.2025 07:35:35	16,72	0,01	0,91	1,50	1472,16
997	04.08.2025 07:35:36	16,69	0,01	0,91	1,50	1472,06
998	04.08.2025 07:35:37	16,72	-0,01	0,91	1,50	1472,16
999	04.08.2025 07:35:38	16,72	0,01	0,89	1,48	1472,14
1000	04.08.2025 07:35:39	16,69	0,01	0,91	1,50	1472,06
1001	04.08.2025 07:35:40	16,69	0,01	0,88	1,45	1472,02
1002	04.08.2025 07:35:41	16,69	0,01	0,88	1,45	1472,02
1003	04.08.2025 07:35:42	16,72	0,01	0,96	1,58	1472,22
1004	04.08.2025 07:35:43	16,69	-0,01	0,89	1,48	1472,04
1005	04.08.2025 07:35:44	16,69	0,01	0,88	1,45	1472,02
1006	04.08.2025 07:35:45	16,69	0,01	0,89	1,48	1472,04
1007	04.08.2025 07:35:46	16,69	0,01	0,84	1,40	1471,99
1008	04.08.2025 07:35:47	16,69	-0,01	0,84	1,40	1471,98
1009	04.08.2025 07:35:48	16,69	0,03	0,89	1,48	1472,05
1010	04.08.2025 07:35:49	16,69	0,01	0,89	1,48	1472,04
1011	04.08.2025 07:35:50	16,69	0,01	0,89	1,48	1472,04
1012	04.08.2025 07:35:51	16,72	-0,01	0,94	1,55	1472,20
1013	04.08.2025 07:35:52	16,69	0,01	0,93	1,53	1472,08
1014	04.08.2025 07:35:53	16,69	0,01	0,94	1,55	1472,10
1015	04.08.2025 07:35:54	16,69	0,01	0,98	1,61	1472,14
1016	04.08.2025 07:35:55	16,69	0,01	1,04	1,71	1472,22
1017	04.08.2025 07:35:56	16,69	0,01	1,04	1,71	1472,22
1018	04.08.2025 07:35:57	16,69	0,01	1,04	1,71	1472,22
1019	04.08.2025 07:35:58	16,69	0,01	1,04	1,71	1472,22
1020	04.08.2025 07:35:59	16,69	0,01	1,06	1,74	1472,24
1021	04.08.2025 07:36:00	16,69	-0,01	1,08	1,76	1472,26
1022	04.08.2025 07:36:01	16,69	0,01	1,06	1,74	1472,24
1023	04.08.2025 07:36:02	16,69	0,01	1,03	1,68	1472,20
1024	04.08.2025 07:36:03	16,69	0,01	1,06	1,74	1472,24
1025	04.08.2025 07:36:04	16,69	0,01	1,08	1,76	1472,26
1026	04.08.2025 07:36:05	16,69	0,01	1,08	1,76	1472,26
1027	04.08.2025 07:36:06	16,69	0,01	1,06	1,74	1472,24
1028	04.08.2025 07:36:07	16,69	0,01	1,08	1,76	1472,26
1029	04.08.2025 07:36:08	16,69	0,01	1,08	1,76	1472,26
1030	04.08.2025 07:36:09	16,69	0,01	1,08	1,76	1472,26
1031	04.08.2025 07:36:10	16,69	0,01	1,06	1,74	1472,24
1032	04.08.2025 07:36:11	16,69	0,01	1,06	1,74	1472,24
1033	04.08.2025 07:36:12	16,69	-0,01	1,08	1,76	1472,26
1034	04.08.2025 07:36:13	16,69	0,03	1,03	1,68	1472,20
1035	04.08.2025 07:36:14	16,69	0,01	1,04	1,71	1472,22
1036	04.08.2025 07:36:15	16,69	0,01	0,99	1,63	1472,16
1037	04.08.2025 07:36:16	16,69	0,01	0,99	1,63	1472,16
1038	04.08.2025 07:36:17	16,69	0,01	0,98	1,61	1472,14
1039	04.08.2025 07:36:18	16,69	0,01	0,94	1,55	1472,10
1040	04.08.2025 07:36:19	16,69	0,03	0,93	1,53	1472,09
1041	04.08.2025 07:36:20	16,69	0,01	0,94	1,55	1472,10
1042	04.08.2025 07:36:21	16,69	0,01	0,89	1,48	1472,04
1043	04.08.2025 07:36:22	16,69	0,01	0,96	1,58	1472,12
1044	04.08.2025 07:36:23	16,69	0,01	0,93	1,53	1472,08
1045	04.08.2025 07:36:24	16,69	0,01	0,94	1,55	1472,10
1046	04.08.2025 07:36:25	16,69	0,01	0,93	1,53	1472,08
1047	04.08.2025 07:36:26	16,69	0,01	0,88	1,45	1472,02
1048	04.08.2025 07:36:27	16,69	-0,01	0,89	1,48	1472,04
1049	04.08.2025 07:36:28	16,69	0,01	0,89	1,48	1472,04
1050	04.08.2025 07:36:29	16,69	0,01	0,96	1,58	1472,12
1051	04.08.2025 07:36:30	16,69	0,01	0,94	1,55	1472,10
1052	04.08.2025 07:36:31	16,69	-0,01	0,91	1,50	1472,06
1053	04.08.2025 07:36:32	16,69	0,01	0,91	1,50	1472,06
1054	04.08.2025 07:36:33	16,69	0,01	0,94	1,55	1472,10
1055	04.08.2025 07:36:34	16,69	-0,01	0,96	1,58	1472,12
1056	04.08.2025 07:36:35	16,69	0,01	0,96	1,58	1472,12
1057	04.08.2025 07:36:36	16,69	0,01	0,93	1,53	1472,08
1058	04.08.2025 07:36:37	16,69	0,01	0,89	1,48	1472,04
1059	04.08.2025 07:36:38	16,69	0,01	0,91	1,50	1472,06
1060	04.08.2025 07:36:39	16,69	-0,01	0,91	1,50	1472,06
1061	04.08.2025 07:36:40	16,69	0,01	0,98	1,61	1472,14
1062	04.08.2025 07:36:41	16,69	0,01	0,98	1,61	1472,14
1063	04.08.2025 07:36:42	16,69	0,01	0,96	1,58	1472,12
1064	04.08.2025 07:36:43	16,69	0,01	0,96	1,58	1472,12
1065	04.08.2025 07:36:44	16,69	0,01	0,94	1,55	1472,10
1066	04.08.2025 07:36:45	16,69	0,01	0,96	1,58	1472,12
1067	04.08.2025 07:36:46	16,69	0,01	0,94	1,55	1472,10
1068	04.08.2025 07:36:47	16,69	0,01	0,96	1,58	1472,12
1069	04.08.2025 07:36:48	16,69	0,01	0,88	1,45	1472,02
1070	04.08.2025 07:36:49	16,69	0,01	0,93	1,53	1472,08
1071	04.08.2025 07:36:50	16,72	0,01	0,96	1,58	1472,22
1072	04.08.2025 07:36:51	16,72	0,01	0,91	1,50	1472,16
1073	04.08.2025 07:36:52	16,69	-0,01	0,91	1,50	1472,06
1074	04.08.2025 07:36:53	16,69	-0,01	0,93	1,53	1472,08
1075	04.08.2025 07:36:54	16,69	0,01	0,93	1,53	1472,08
1076	04.08.2025 07:36:55	16,72	0,01	0,96	1,58	1472,22
1077	04.08.2025 07:36:56	16,72	-0,01	0,94	1,55	1472,20
1078	04.08.2025 07:36:57	16,72	0,01	0,94	1,55	1472,20
1079	04.08.2025 07:36:58	16,72	0,01	0,91	1,50	1472,16
1080	04.08.2025 07:36:59	16,72	0,01	0,91	1,50	1472,16
1081	04.08.2025 07:37:00	16,69	0,01	0,93	1,53	1472,08
1082	04.08.2025 07:37:01	16,72	0,01	0,93	1,53	1472,18
1083	04.08.2025 07:37:02	16,72	0,01	0,94	1,55	1472,20
1084	04.08.2025 07:37:03	16,72	-0,01	1,04	1,71	1472,32
1085	04.08.2025 07:37:04	16,72	0,01	1,08	1,76	1472,36
1086	04.08.2025 07:37:05	16,72	0,01	1,11	1,81	1472,40
1087	04.08.2025 07:37:06	16,72	0,01	1,14	1,87	1472,44
1088	04.08.2025 07:37:07	16,72	-0,01	1,04	1,71	1472,32
1089	04.08.2025 07:37:08	16,72	0,01	1,04	1,71	1472,32
1090	04.08.2025 07:37:09	16,72	0,01	1,04	1,71	1472,32
1091	04.08.2025 07:37:10	16,72	0,01	1,04	1,71	1472,32
1092	04.08.2025 07:37:11	16,72	0,01	1,03	1,68	1472,30
1093	04.08.2025 07:37:12	16,72	0,01	1,03	1,68	1472,30
1094	04.08.2025 07:37:13	16,72	0,01	1,03	1,68	1472,30
1095	04.08.2025 07:37:14	16,72	0,01	0,98	1,61	1472,24
1096	04.08.2025 07:37:15	16,72	0,01	1,01	1,66	1472,28
1097	04.08.2025 07:37:16	16,72	0,01	0,96	1,58	1472,22
1098	04.08.2025 07:37:17	16,72	-0,01	0,99	1,63	1472,26
1099	04.08.2025 07:37:18	16,72	0,01	0,98	1,61	1472,24
1100	04.08.2025 07:37:19	16,72	0,01	0,99	1,63	1472,26
1101	04.08.2025 07:37:20	16,72	-0,01	0,96	1,58	1472,22
1102	04.08.2025 07:37:21	16,72	0,01	0,98	1,61	1472,24
1103	04.08.2025 07:37:22	16,72	-0,01	0,99	1,63	1472,26
1104	04.08.2025 07:37:23	16,72	0,01	0,94	1,55	1472,20
1105	04.08.2025 07:37:24	16,72	-0,01	0,94	1,55	1472,20
1106	04.08.2025 07:37:25	16,72	-0,01	0,89	1,48	1472,14
1107	04.08.2025 07:37:26	16,72	-0,01	0,91	1,50	1472,16
1108	04.08.2025 07:37:27	16,72	0,01	0,93	1,53	1472,18
1109	04.08.2025 07:37:28	16,72	0,01	0,98	1,61	1472,24
1110	04.08.2025 07:37:29	16,72	0,01	1,03	1,68	1472,30
1111	04.08.2025 07:37:30	16,72	0,01	0,96	1,58	1472,22
1112	04.08.2025 07:37:31	16,72	0,01	0,98	1,61	1472,24
1113	04.08.2025 07:37:32	16,72	0,01	0,96	1,58	1472,22
1114	04.08.2025 07:37:33	16,72	-0,01	0,93	1,53	1472,18
1115	04.08.2025 07:37:34	16,72	0,01	1,01	1,66	1472,28
1116	04.08.2025 07:37:35	16,72	0,01	0,94	1,55	1472,20
1117	04.08.2025 07:37:36	16,72	-0,01	0,96	1,58	1472,22
1118	04.08.2025 07:37:37	16,72	0,01	0,93	1,53	1472,18
1119	04.08.2025 07:37:38	16,72	0,01	0,94	1,55	1472,20
1120	04.08.2025 07:37:39	16,72	0,01	0,91	1,50	1472,16
1121	04.08.2025 07:37:40	16,72	0,01	0,94	1,55	1472,20
1122	04.08.2025 07:37:41	16,72	0,01	0,98	1,61	1472,24
1123	04.08.2025 07:37:42	16,72	0,03	0,96	1,58	1472,23
1124	04.08.2025 07:37:43	16,72	0,01	0,99	1,63	1472,26
1125	04.08.2025 07:37:44	16,72	0,01	0,99	1,63	1472,26
1126	04.08.2025 07:37:45	16,72	-0,01	1,03	1,68	1472,30
1127	04.08.2025 07:37:46	16,72	0,01	1,03	1,68	1472,30
1128	04.08.2025 07:37:47	16,72	0,01	1,01	1,66	1472,28
1129	04.08.2025 07:37:48	16,72	-0,01	0,98	1,61	1472,24
1130	04.08.2025 07:37:49	16,72	-0,01	0,98	1,61	1472,24
1131	04.08.2025 07:37:50	16,72	0,01	1,01	1,66	1472,28
1132	04.08.2025 07:37:51	16,72	0,01	0,98	1,61	1472,24
1133	04.08.2025 07:37:52	16,72	0,01	0,98	1,61	1472,24
1134	04.08.2025 07:37:53	16,72	0,01	0,94	1,55	1472,20
1135	04.08.2025 07:37:54	16,72	0,01	0,89	1,48	1472,14
1136	04.08.2025 07:37:55	16,72	0,01	0,94	1,55	1472,20
1137	04.08.2025 07:37:56	16,72	0,01	0,89	1,48	1472,14
1138	04.08.2025 07:37:57	16,72	0,01	0,91	1,50	1472,16
1139	04.08.2025 07:37:58	16,72	-0,01	0,94	1,55	1472,20
1140	04.08.2025 07:37:59	16,72	0,01	0,98	1,61	1472,24
1141	04.08.2025 07:38:00	16,72	0,01	0,99	1,63	1472,26
1142	04.08.2025 07:38:01	16,72	0,01	0,98	1,61	1472,24
1143	04.08.2025 07:38:02	16,72	0,01	0,99	1,63	1472,26
1144	04.08.2025 07:38:03	16,72	0,01	0,99	1,63	1472,26
1145	04.08.2025 07:38:04	16,72	-0,01	0,93	1,53	1472,18
1146	04.08.2025 07:38:05	16,72	0,01	0,93	1,53	1472,18
1147	04.08.2025 07:38:06	16,72	-0,01	0,94	1,55	1472,20
1148	04.08.2025 07:38:07	16,72	-0,01	0,98	1,61	1472,24
1149	04.08.2025 07:38:08	16,75	-0,01	1,01	1,66	1472,38
1150	04.08.2025 07:38:09	16,72	-0,01	1,03	1,68	1472,30
1151	04.08.2025 07:38:10	16,72	0,01	1,03	1,68	1472,30
1152	04.08.2025 07:38:11	16,72	-0,01	1,01	1,66	1472,28
1153	04.08.2025 07:38:12	16,72	0,01	1,03	1,68	1472,30
1154	04.08.2025 07:38:13	16,75	-0,01	0,99	1,63	1472,36
1155	04.08.2025 07:38:14	16,75	0,01	1,02	1,68	1472,40
1156	04.08.2025 07:38:15	16,75	-0,01	0,97	1,61	1472,34
1157	04.08.2025 07:38:16	16,75	-0,01	0,94	1,55	1472,30
1158	04.08.2025 07:38:17	16,75	-0,01	0,96	1,58	1472,32
1159	04.08.2025 07:38:18	16,75	-0,01	0,94	1,55	1472,30
1160	04.08.2025 07:38:19	16,75	0,01	0,97	1,61	1472,34
1161	04.08.2025 07:38:20	16,75	0,01	0,96	1,58	1472,32
1162	04.08.2025 07:38:21	16,75	-0,01	0,96	1,58	1472,32
1163	04.08.2025 07:38:22	16,75	-0,01	0,99	1,63	1472,36
1164	04.08.2025 07:38:23	16,75	0,01	0,97	1,61	1472,34
1165	04.08.2025 07:38:24	16,75	-0,01	1,04	1,71	1472,42
1166	04.08.2025 07:38:25	16,75	-0,01	1,01	1,66	1472,38
1167	04.08.2025 07:38:26	16,75	-0,01	0,97	1,61	1472,34
1168	04.08.2025 07:38:27	16,75	0,01	0,97	1,61	1472,34
1169	04.08.2025 07:38:28	16,75	0,01	0,96	1,58	1472,32
1170	04.08.2025 07:38:29	16,75	-0,01	1,01	1,66	1472,38
1171	04.08.2025 07:38:30	16,75	-0,01	0,96	1,58	1472,32
1172	04.08.2025 07:38:31	16,75	-0,01	0,99	1,63	1472,36
1173	04.08.2025 07:38:32	16,75	-0,01	0,94	1,55	1472,30
1174	04.08.2025 07:38:33	16,75	0,01	0,94	1,55	1472,30
1175	04.08.2025 07:38:34	16,75	-0,01	0,96	1,58	1472,32
1176	04.08.2025 07:38:35	16,75	-0,01	0,94	1,55	1472,30
1177	04.08.2025 07:38:36	16,75	-0,01	0,99	1,63	1472,36
1178	04.08.2025 07:38:37	16,75	-0,01	0,94	1,55	1472,30
1179	04.08.2025 07:38:38	16,75	-0,01	0,97	1,61	1472,34
1180	04.08.2025 07:38:39	16,75	0,01	0,99	1,63	1472,36
1181	04.08.2025 07:38:40	16,75	0,01	0,96	1,58	1472,32
1182	04.08.2025 07:38:41	16,75	0,01	0,99	1,63	1472,36
1183	04.08.2025 07:38:42	16,78	-0,01	1,01	1,66	1472,48
1184	04.08.2025 07:38:43	16,78	0,01	1,02	1,68	1472,50
1185	04.08.2025 07:38:44	16,78	0,01	0,99	1,63	1472,46
1186	04.08.2025 07:38:45	16,78	-0,01	0,96	1,58	1472,42
1187	04.08.2025 07:38:46	16,78	0,01	0,97	1,61	1472,44
1188	04.08.2025 07:38:47	16,78	-0,01	0,94	1,55	1472,40
1189	04.08.2025 07:38:48	16,78	-0,01	0,96	1,58	1472,42
1190	04.08.2025 07:38:49	16,78	-0,01	0,96	1,58	1472,42
1191	04.08.2025 07:38:50	16,78	-0,01	0,96	1,58	1472,42
1192	04.08.2025 07:38:51	16,78	0,01	0,96	1,58	1472,42
1193	04.08.2025 07:38:52	16,78	-0,01	0,94	1,55	1472,40
1194	04.08.2025 07:38:53	16,78	-0,01	1,01	1,66	1472,48
1195	04.08.2025 07:38:54	16,78	-0,01	0,99	1,63	1472,46
1196	04.08.2025 07:38:55	16,78	0,01	1,01	1,66	1472,48
1197	04.08.2025 07:38:56	16,78	-0,01	0,99	1,63	1472,46
1198	04.08.2025 07:38:57	16,78	-0,01	0,97	1,61	1472,44
1199	04.08.2025 07:38:58	16,78	-0,01	0,94	1,55	1472,40
1200	04.08.2025 07:38:59	16,78	-0,01	0,88	1,45	1472,32
1201	04.08.2025 07:39:00	16,78	-0,01	0,94	1,55	1472,40
1202	04.08.2025 07:39:01	16,78	0,01	0,96	1,58	1472,42
1203	04.08.2025 07:39:02	16,78	-0,01	0,94	1,55	1472,40
1204	04.08.2025 07:39:03	16,78	0,01	0,92	1,53	1472,39
1205	04.08.2025 07:39:04	16,78	0,01	0,99	1,63	1472,46
1206	04.08.2025 07:39:05	16,78	0,01	0,97	1,61	1472,44
1207	04.08.2025 07:39:06	16,78	-0,01	0,96	1,58	1472,42
1208	04.08.2025 07:39:07	16,78	0,01	0,94	1,55	1472,40
1209	04.08.2025 07:39:08	16,78	-0,01	1,01	1,66	1472,48
1210	04.08.2025 07:39:09	16,78	-0,01	0,96	1,58	1472,42
1211	04.08.2025 07:39:10	16,78	0,01	1,01	1,66	1472,48
1212	04.08.2025 07:39:11	16,81	-0,01	1,02	1,68	1472,60
1213	04.08.2025 07:39:12	16,81	-0,01	0,99	1,63	1472,56
1214	04.08.2025 07:39:13	16,81	0,01	0,97	1,61	1472,54
1215	04.08.2025 07:39:14	16,81	0,01	0,91	1,50	1472,47
1216	04.08.2025 07:39:15	16,81	-0,01	0,89	1,48	1472,44
1217	04.08.2025 07:39:16	16,81	-0,01	0,86	1,42	1472,41
1218	04.08.2025 07:39:17	16,81	-0,01	0,96	1,58	1472,52
1219	04.08.2025 07:39:18	16,81	0,01	0,89	1,48	1472,45
1220	04.08.2025 07:39:19	16,81	-0,01	0,96	1,58	1472,52
1221	04.08.2025 07:39:20	16,81	-0,01	0,94	1,55	1472,50
1222	04.08.2025 07:39:21	16,81	-0,01	0,99	1,63	1472,56
1223	04.08.2025 07:39:22	16,81	-0,01	1,02	1,68	1472,60
1224	04.08.2025 07:39:23	16,81	-0,01	1,02	1,68	1472,60
1225	04.08.2025 07:39:24	16,81	-0,01	1,01	1,66	1472,58
1226	04.08.2025 07:39:25	16,81	-0,01	0,97	1,61	1472,54
1227	04.08.2025 07:39:26	16,81	-0,01	0,94	1,55	1472,50
1228	04.08.2025 07:39:27	16,81	0,01	0,97	1,61	1472,54
1229	04.08.2025 07:39:28	16,81	0,01	0,99	1,63	1472,56
1230	04.08.2025 07:39:29	16,81	-0,01	0,99	1,63	1472,56
1231	04.08.2025 07:39:30	16,81	-0,01	1,02	1,68	1472,60
1232	04.08.2025 07:39:31	16,81	-0,01	1,01	1,66	1472,58
1233	04.08.2025 07:39:32	16,81	0,01	0,99	1,63	1472,56
1234	04.08.2025 07:39:33	16,81	-0,01	0,99	1,63	1472,56
1235	04.08.2025 07:39:34	16,81	-0,01	1,01	1,66	1472,58
1236	04.08.2025 07:39:35	16,81	-0,01	0,91	1,50	1472,46
1237	04.08.2025 07:39:36	16,81	-0,01	0,87	1,45	1472,43
1238	04.08.2025 07:39:37	16,81	-0,01	0,86	1,42	1472,41
1239	04.08.2025 07:39:38	16,84	0,01	0,87	1,45	1472,53
1240	04.08.2025 07:39:39	16,84	0,01	0,94	1,55	1472,61
1241	04.08.2025 07:39:40	16,84	0,01	0,94	1,55	1472,61
1242	04.08.2025 07:39:41	16,84	-0,01	0,94	1,55	1472,60
1243	04.08.2025 07:39:42	16,84	-0,01	1,01	1,66	1472,68
1244	04.08.2025 07:39:43	16,84	-0,01	0,94	1,55	1472,60
1245	04.08.2025 07:39:44	16,84	-0,01	0,99	1,63	1472,66
1246	04.08.2025 07:39:45	16,84	-0,01	0,92	1,53	1472,58
1247	04.08.2025 07:39:46	16,84	0,01	0,96	1,58	1472,63
1248	04.08.2025 07:39:47	16,84	-0,01	0,97	1,61	1472,64
1249	04.08.2025 07:39:48	16,84	-0,01	0,96	1,58	1472,62
1250	04.08.2025 07:39:49	16,84	-0,01	0,97	1,61	1472,64
1251	04.08.2025 07:39:50	16,84	-0,01	0,97	1,61	1472,64
1252	04.08.2025 07:39:51	16,84	-0,01	0,99	1,63	1472,66
1253	04.08.2025 07:39:52	16,84	-0,01	0,99	1,63	1472,66
1254	04.08.2025 07:39:53	16,84	-0,01	0,96	1,58	1472,62
1255	04.08.2025 07:39:54	16,84	-0,01	1,01	1,66	1472,68
1256	04.08.2025 07:39:55	16,84	-0,01	0,96	1,58	1472,62
1257	04.08.2025 07:39:56	16,84	-0,01	0,97	1,61	1472,64
1258	04.08.2025 07:39:57	16,84	-0,01	0,96	1,58	1472,62
1259	04.08.2025 07:39:58	16,84	0,01	0,97	1,61	1472,64
1260	04.08.2025 07:39:59	16,84	-0,01	0,99	1,63	1472,66
1261	04.08.2025 07:40:00	16,84	-0,01	0,94	1,55	1472,60
1262	04.08.2025 07:40:01	16,84	-0,01	0,94	1,55	1472,60
1263	04.08.2025 07:40:02	16,84	-0,01	0,94	1,55	1472,60
1264	04.08.2025 07:40:03	16,87	0,01	0,92	1,53	1472,69
1265	04.08.2025 07:40:04	16,84	-0,01	0,92	1,53	1472,58
1266	04.08.2025 07:40:05	16,84	-0,01	0,91	1,50	1472,56
1267	04.08.2025 07:40:06	16,87	0,03	0,92	1,53	1472,69
1268	04.08.2025 07:40:07	16,84	-0,01	0,94	1,55	1472,60
1269	04.08.2025 07:40:08	16,87	0,01	0,96	1,58	1472,73
1270	04.08.2025 07:40:09	16,87	0,01	0,96	1,58	1472,73
1271	04.08.2025 07:40:10	16,87	0,01	0,97	1,61	1472,74
1272	04.08.2025 07:40:11	16,87	0,01	0,96	1,58	1472,73
1273	04.08.2025 07:40:12	16,87	0,01	0,92	1,53	1472,69
1274	04.08.2025 07:40:13	16,87	0,01	0,96	1,58	1472,73
1275	04.08.2025 07:40:14	16,87	0,01	0,97	1,61	1472,74
1276	04.08.2025 07:40:15	16,87	-0,01	0,92	1,53	1472,68
1277	04.08.2025 07:40:16	16,87	0,01	0,94	1,55	1472,71
1278	04.08.2025 07:40:17	16,87	0,01	0,94	1,55	1472,71
1279	04.08.2025 07:40:18	16,87	0,03	0,94	1,55	1472,71
1280	04.08.2025 07:40:19	16,87	0,01	0,96	1,58	1472,73
1281	04.08.2025 07:40:20	16,87	0,01	0,97	1,61	1472,74
1282	04.08.2025 07:40:21	16,87	0,01	0,99	1,63	1472,76
1283	04.08.2025 07:40:22	16,87	0,01	0,96	1,58	1472,73
1284	04.08.2025 07:40:23	16,87	0,01	0,96	1,58	1472,73
1285	04.08.2025 07:40:24	16,87	0,01	0,92	1,53	1472,69
1286	04.08.2025 07:40:25	16,87	0,01	0,97	1,61	1472,74
1287	04.08.2025 07:40:26	16,87	0,01	0,96	1,58	1472,73
1288	04.08.2025 07:40:27	16,87	0,01	0,97	1,61	1472,74
1289	04.08.2025 07:40:28	16,87	0,01	0,96	1,58	1472,73
1290	04.08.2025 07:40:29	16,87	-0,01	0,91	1,50	1472,66
1291	04.08.2025 07:40:30	16,87	0,01	0,92	1,53	1472,69
1292	04.08.2025 07:40:31	16,90	0,01	0,89	1,47	1472,75
1293	04.08.2025 07:40:32	16,90	0,01	0,95	1,58	1472,83
1294	04.08.2025 07:40:33	16,90	0,01	0,99	1,63	1472,86
1295	04.08.2025 07:40:34	16,90	0,01	0,99	1,63	1472,86
1296	04.08.2025 07:40:35	16,90	0,01	1,00	1,66	1472,88
1297	04.08.2025 07:40:36	16,90	0,01	0,97	1,61	1472,85
1298	04.08.2025 07:40:37	16,90	-0,01	0,97	1,61	1472,84
1299	04.08.2025 07:40:38	16,90	0,01	0,99	1,63	1472,86
1300	04.08.2025 07:40:39	16,90	0,01	0,95	1,58	1472,83
1301	04.08.2025 07:40:40	16,90	0,01	0,99	1,63	1472,86
1302	04.08.2025 07:40:41	16,90	-0,01	0,92	1,53	1472,78
1303	04.08.2025 07:40:42	16,90	0,03	0,95	1,58	1472,83
1304	04.08.2025 07:40:43	16,90	0,01	0,95	1,58	1472,83
1305	04.08.2025 07:40:44	16,90	0,01	0,97	1,61	1472,85
1306	04.08.2025 07:40:45	16,90	0,01	0,95	1,58	1472,83
1307	04.08.2025 07:40:46	16,90	0,01	0,95	1,58	1472,83
1308	04.08.2025 07:40:47	16,90	0,01	0,97	1,61	1472,85
1309	04.08.2025 07:40:48	16,90	-0,01	0,99	1,63	1472,86
1310	04.08.2025 07:40:49	16,90	0,01	0,97	1,61	1472,85
1311	04.08.2025 07:40:50	16,90	0,01	1,00	1,66	1472,88
1312	04.08.2025 07:40:51	16,90	0,01	0,99	1,63	1472,86
1313	04.08.2025 07:40:52	16,90	0,01	1,00	1,66	1472,88
1314	04.08.2025 07:40:53	16,90	0,01	0,97	1,61	1472,85
1315	04.08.2025 07:40:54	16,90	0,01	1,02	1,68	1472,90
1316	04.08.2025 07:40:55	16,90	0,01	0,97	1,61	1472,85
1317	04.08.2025 07:40:56	16,93	0,01	0,95	1,58	1472,93
1318	04.08.2025 07:40:57	16,90	0,01	0,99	1,63	1472,86
1319	04.08.2025 07:40:58	16,93	0,01	0,92	1,53	1472,89
1320	04.08.2025 07:40:59	16,90	0,01	0,91	1,50	1472,77
1321	04.08.2025 07:41:00	16,93	0,01	0,90	1,50	1472,87
1322	04.08.2025 07:41:01	16,93	0,01	0,94	1,55	1472,91
1323	04.08.2025 07:41:02	16,93	0,01	0,95	1,58	1472,93
1324	04.08.2025 07:41:03	16,93	0,01	0,94	1,55	1472,91
1325	04.08.2025 07:41:04	16,93	0,01	0,95	1,58	1472,93
1326	04.08.2025 07:41:05	16,93	0,01	0,94	1,55	1472,91
1327	04.08.2025 07:41:06	16,93	0,01	0,97	1,61	1472,95
1328	04.08.2025 07:41:07	16,93	0,01	0,97	1,61	1472,95
1329	04.08.2025 07:41:08	16,93	0,01	0,95	1,58	1472,93
1330	04.08.2025 07:41:09	16,93	0,01	0,97	1,61	1472,95
1331	04.08.2025 07:41:10	16,93	-0,01	0,94	1,55	1472,90
1332	04.08.2025 07:41:11	16,93	0,01	0,95	1,58	1472,93
1333	04.08.2025 07:41:12	16,93	-0,01	0,94	1,55	1472,90
1334	04.08.2025 07:41:13	16,93	-0,01	0,95	1,58	1472,92
1335	04.08.2025 07:41:14	16,93	-0,01	0,94	1,55	1472,90
1336	04.08.2025 07:41:15	16,93	0,01	0,94	1,55	1472,91
1337	04.08.2025 07:41:16	16,93	0,01	0,94	1,55	1472,91
1338	04.08.2025 07:41:17	16,93	0,01	0,97	1,61	1472,95
1339	04.08.2025 07:41:18	16,93	0,01	0,99	1,63	1472,96
1340	04.08.2025 07:41:19	16,93	0,01	0,99	1,63	1472,96
1341	04.08.2025 07:41:20	16,93	-0,01	0,94	1,55	1472,90
1342	04.08.2025 07:41:21	16,96	0,01	0,97	1,61	1473,05
1343	04.08.2025 07:41:22	16,96	0,01	0,94	1,55	1473,01
1344	04.08.2025 07:41:23	16,96	-0,01	0,94	1,55	1473,00
1345	04.08.2025 07:41:24	16,96	0,01	0,97	1,61	1473,05
1346	04.08.2025 07:41:25	16,96	0,01	0,94	1,55	1473,01
1347	04.08.2025 07:41:26	16,96	0,01	0,97	1,61	1473,05
1348	04.08.2025 07:41:27	16,96	-0,01	0,95	1,58	1473,02
1349	04.08.2025 07:41:28	16,96	-0,01	0,95	1,58	1473,02
1350	04.08.2025 07:41:29	16,96	0,01	1,02	1,68	1473,10
1351	04.08.2025 07:41:30	16,96	0,01	0,99	1,63	1473,06
1352	04.08.2025 07:41:31	16,96	0,01	0,99	1,63	1473,06
1353	04.08.2025 07:41:32	16,96	0,03	0,94	1,55	1473,01
1354	04.08.2025 07:41:33	16,96	0,01	0,90	1,50	1472,97
1355	04.08.2025 07:41:34	16,96	0,01	0,95	1,58	1473,03
1356	04.08.2025 07:41:35	16,96	0,01	0,90	1,50	1472,97
1357	04.08.2025 07:41:36	16,96	0,01	0,95	1,58	1473,03
1358	04.08.2025 07:41:37	16,96	-0,01	0,99	1,63	1473,06
1359	04.08.2025 07:41:38	16,96	-0,01	0,95	1,58	1473,02
1360	04.08.2025 07:41:39	16,96	0,01	0,97	1,61	1473,05
1361	04.08.2025 07:41:40	16,96	0,01	1,00	1,66	1473,08
1362	04.08.2025 07:41:41	16,96	0,01	1,00	1,66	1473,08
1363	04.08.2025 07:41:42	16,96	-0,01	1,02	1,68	1473,10
1364	04.08.2025 07:41:43	16,96	0,01	1,00	1,66	1473,08
1365	04.08.2025 07:41:44	16,96	0,01	0,99	1,63	1473,06
1366	04.08.2025 07:41:45	16,96	0,01	0,97	1,61	1473,05
1367	04.08.2025 07:41:46	16,96	0,01	0,95	1,58	1473,03
1368	04.08.2025 07:41:47	16,96	0,01	0,97	1,61	1473,05
1369	04.08.2025 07:41:48	16,99	0,01	0,94	1,55	1473,11
1370	04.08.2025 07:41:49	16,99	0,01	0,94	1,55	1473,11
1371	04.08.2025 07:41:50	16,96	0,01	0,89	1,48	1472,95
1372	04.08.2025 07:41:51	16,99	0,01	0,95	1,58	1473,13
1373	04.08.2025 07:41:52	16,99	0,01	0,90	1,50	1473,07
1374	04.08.2025 07:41:53	16,99	0,01	0,97	1,61	1473,15
1375	04.08.2025 07:41:54	16,99	0,01	1,02	1,68	1473,20
1376	04.08.2025 07:41:55	16,99	-0,01	1,00	1,66	1473,18
1377	04.08.2025 07:41:56	16,99	0,01	1,00	1,66	1473,18
1378	04.08.2025 07:41:57	16,99	0,01	0,99	1,63	1473,17
1379	04.08.2025 07:41:58	16,99	0,01	0,99	1,63	1473,17
1380	04.08.2025 07:41:59	16,99	-0,01	0,99	1,63	1473,16
1381	04.08.2025 07:42:00	16,99	-0,01	0,94	1,55	1473,10
1382	04.08.2025 07:42:01	16,99	0,01	0,95	1,58	1473,13
1383	04.08.2025 07:42:02	16,99	-0,01	0,95	1,58	1473,12
1384	04.08.2025 07:42:03	16,99	0,01	0,92	1,53	1473,09
1385	04.08.2025 07:42:04	16,99	0,01	0,92	1,53	1473,09
1386	04.08.2025 07:42:05	16,99	0,01	0,95	1,58	1473,13
1387	04.08.2025 07:42:06	16,99	0,01	1,00	1,66	1473,18
1388	04.08.2025 07:42:07	16,99	0,01	0,97	1,61	1473,15
1389	04.08.2025 07:42:08	16,99	0,01	0,97	1,61	1473,15
1390	04.08.2025 07:42:09	16,99	-0,01	0,94	1,55	1473,10
1391	04.08.2025 07:42:10	16,99	0,01	0,95	1,58	1473,13
1392	04.08.2025 07:42:11	16,99	0,01	1,00	1,66	1473,18
1393	04.08.2025 07:42:12	16,99	0,01	1,02	1,68	1473,20
1394	04.08.2025 07:42:13	16,99	0,01	1,00	1,66	1473,18
1395	04.08.2025 07:42:14	17,02	0,01	0,99	1,63	1473,26
1396	04.08.2025 07:42:15	17,02	0,01	0,97	1,61	1473,25
1397	04.08.2025 07:42:16	17,02	-0,01	0,99	1,63	1473,26
1398	04.08.2025 07:42:17	17,02	0,01	1,00	1,66	1473,28
1399	04.08.2025 07:42:18	17,02	-0,01	0,94	1,55	1473,20
1400	04.08.2025 07:42:19	17,02	0,01	0,94	1,55	1473,21
1401	04.08.2025 07:42:20	17,02	-0,01	0,90	1,50	1473,17
1402	04.08.2025 07:42:21	17,02	-0,01	0,92	1,53	1473,19
1403	04.08.2025 07:42:22	17,02	-0,01	0,95	1,58	1473,22
1404	04.08.2025 07:42:23	17,02	-0,01	0,94	1,55	1473,20
1405	04.08.2025 07:42:24	17,02	-0,01	0,92	1,53	1473,19
1406	04.08.2025 07:42:25	17,02	-0,01	0,95	1,58	1473,22
1407	04.08.2025 07:42:26	17,02	-0,01	0,95	1,58	1473,22
1408	04.08.2025 07:42:27	17,02	0,01	0,97	1,61	1473,25
1409	04.08.2025 07:42:28	17,02	0,01	0,99	1,63	1473,26
1410	04.08.2025 07:42:29	17,02	-0,01	1,05	1,74	1473,34
1411	04.08.2025 07:42:30	17,02	-0,01	1,03	1,71	1473,32
1412	04.08.2025 07:42:31	17,02	0,01	1,03	1,71	1473,32
1413	04.08.2025 07:42:32	17,02	0,01	0,97	1,61	1473,25
1414	04.08.2025 07:42:33	17,02	0,01	0,92	1,53	1473,19
1415	04.08.2025 07:42:34	17,02	-0,01	0,92	1,53	1473,19
1416	04.08.2025 07:42:35	17,02	-0,01	0,89	1,48	1473,15
1417	04.08.2025 07:42:36	17,02	0,01	0,94	1,55	1473,21
1418	04.08.2025 07:42:37	17,02	-0,01	0,90	1,50	1473,17
1419	04.08.2025 07:42:38	17,02	-0,01	0,95	1,58	1473,22
1420	04.08.2025 07:42:39	17,05	0,01	0,97	1,61	1473,35
1421	04.08.2025 07:42:40	17,02	-0,01	1,00	1,66	1473,28
1422	04.08.2025 07:42:41	17,05	-0,01	1,02	1,68	1473,40
1423	04.08.2025 07:42:42	17,05	-0,01	0,98	1,63	1473,36
1424	04.08.2025 07:42:43	17,05	-0,01	0,97	1,61	1473,34
1425	04.08.2025 07:42:44	17,05	0,01	0,92	1,53	1473,29
1426	04.08.2025 07:42:45	17,05	-0,01	0,95	1,58	1473,32
1427	04.08.2025 07:42:46	17,05	0,01	0,93	1,55	1473,31
1428	04.08.2025 07:42:47	17,05	-0,01	0,97	1,61	1473,34
1429	04.08.2025 07:42:48	17,05	-0,01	0,98	1,63	1473,36
1430	04.08.2025 07:42:49	17,05	-0,01	0,95	1,58	1473,32
1431	04.08.2025 07:42:50	17,05	0,01	0,95	1,58	1473,33
1432	04.08.2025 07:42:51	17,05	-0,01	0,97	1,61	1473,34
1433	04.08.2025 07:42:52	17,05	-0,01	0,98	1,63	1473,36
1434	04.08.2025 07:42:53	17,05	0,01	0,97	1,61	1473,35
1435	04.08.2025 07:42:54	17,05	-0,01	0,97	1,61	1473,34
1436	04.08.2025 07:42:55	17,05	-0,01	0,95	1,58	1473,32
1437	04.08.2025 07:42:56	17,05	-0,01	0,95	1,58	1473,32
1438	04.08.2025 07:42:57	17,05	0,01	0,98	1,63	1473,36
1439	04.08.2025 07:42:58	17,05	-0,01	0,95	1,58	1473,32
1440	04.08.2025 07:42:59	17,05	-0,01	0,95	1,58	1473,32
1441	04.08.2025 07:43:00	17,05	-0,01	0,98	1,63	1473,36
1442	04.08.2025 07:43:01	17,05	-0,01	0,95	1,58	1473,32
1443	04.08.2025 07:43:02	17,05	0,01	0,97	1,61	1473,35
1444	04.08.2025 07:43:03	17,05	-0,01	0,92	1,53	1473,29
1445	04.08.2025 07:43:04	17,05	0,01	0,93	1,55	1473,31
1446	04.08.2025 07:43:05	17,05	0,01	0,92	1,53	1473,29
1447	04.08.2025 07:43:06	17,05	-0,01	0,93	1,55	1473,30
1448	04.08.2025 07:43:07	17,08	-0,01	0,97	1,61	1473,44
1449	04.08.2025 07:43:08	17,08	-0,01	0,93	1,55	1473,40
1450	04.08.2025 07:43:09	17,08	-0,01	0,95	1,58	1473,42
1451	04.08.2025 07:43:10	17,08	-0,01	0,98	1,63	1473,46
1452	04.08.2025 07:43:11	17,08	-0,01	1,00	1,66	1473,48
1453	04.08.2025 07:43:12	17,08	0,01	0,98	1,63	1473,46
1454	04.08.2025 07:43:13	17,08	-0,01	0,98	1,63	1473,46
1455	04.08.2025 07:43:14	17,08	-0,01	0,97	1,61	1473,44
1456	04.08.2025 07:43:15	17,08	-0,01	1,02	1,68	1473,50
1457	04.08.2025 07:43:16	17,08	-0,01	1,00	1,66	1473,48
1458	04.08.2025 07:43:17	17,08	0,01	1,00	1,66	1473,48
1459	04.08.2025 07:43:18	17,08	-0,01	0,98	1,63	1473,46
1460	04.08.2025 07:43:19	17,08	-0,01	0,95	1,58	1473,42
1461	04.08.2025 07:43:20	17,08	-0,01	0,89	1,48	1473,35
1462	04.08.2025 07:43:21	17,08	-0,01	0,90	1,50	1473,37
1463	04.08.2025 07:43:22	17,08	0,01	0,95	1,58	1473,43
1464	04.08.2025 07:43:23	17,08	0,01	0,97	1,61	1473,45
1465	04.08.2025 07:43:24	17,08	0,01	0,97	1,61	1473,45
1466	04.08.2025 07:43:25	17,08	-0,01	1,03	1,71	1473,52
1467	04.08.2025 07:43:26	17,08	0,01	0,98	1,63	1473,46
1468	04.08.2025 07:43:27	17,08	-0,03	0,98	1,63	1473,46
1469	04.08.2025 07:43:28	17,08	-0,01	1,00	1,66	1473,48
1470	04.08.2025 07:43:29	17,08	-0,01	0,98	1,63	1473,46
1471	04.08.2025 07:43:30	17,08	-0,01	0,97	1,61	1473,44
1472	04.08.2025 07:43:31	17,08	-0,01	0,93	1,55	1473,40
1473	04.08.2025 07:43:32	17,08	-0,01	0,92	1,53	1473,38
1474	04.08.2025 07:43:33	17,11	0,01	0,93	1,55	1473,51
1475	04.08.2025 07:43:34	17,11	0,01	0,97	1,61	1473,54
1476	04.08.2025 07:43:35	17,11	0,01	0,97	1,61	1473,54
1477	04.08.2025 07:43:36	17,11	0,01	0,95	1,58	1473,53
1478	04.08.2025 07:43:37	17,11	0,01	0,93	1,55	1473,51
1479	04.08.2025 07:43:38	17,11	0,01	0,98	1,63	1473,56
1480	04.08.2025 07:43:39	17,11	0,01	0,93	1,55	1473,51
1481	04.08.2025 07:43:40	17,11	0,03	0,95	1,58	1473,53
1482	04.08.2025 07:43:41	17,11	0,01	0,97	1,61	1473,54
1483	04.08.2025 07:43:42	17,11	0,01	0,97	1,61	1473,54
1484	04.08.2025 07:43:43	17,11	0,01	1,00	1,66	1473,58
1485	04.08.2025 07:43:44	17,11	0,01	0,97	1,61	1473,54
1486	04.08.2025 07:43:45	17,11	0,01	1,03	1,71	1473,62
1487	04.08.2025 07:43:46	17,11	0,01	0,98	1,63	1473,56
1488	04.08.2025 07:43:47	17,11	0,01	0,97	1,61	1473,54
1489	04.08.2025 07:43:48	17,11	-0,01	0,98	1,63	1473,56
1490	04.08.2025 07:43:49	17,11	0,01	0,93	1,55	1473,51
1491	04.08.2025 07:43:50	17,11	0,03	0,93	1,55	1473,51
1492	04.08.2025 07:43:51	17,11	0,01	0,95	1,58	1473,53
1493	04.08.2025 07:43:52	17,11	0,01	1,00	1,66	1473,58
1494	04.08.2025 07:43:53	17,11	0,01	1,00	1,66	1473,58
1495	04.08.2025 07:43:54	17,11	0,01	0,98	1,63	1473,56
1496	04.08.2025 07:43:55	17,11	0,01	0,98	1,63	1473,56
1497	04.08.2025 07:43:56	17,11	0,01	0,97	1,61	1473,54
1498	04.08.2025 07:43:57	17,11	0,01	0,98	1,63	1473,56
1499	04.08.2025 07:43:58	17,11	0,01	0,97	1,61	1473,54
1500	04.08.2025 07:43:59	17,11	0,01	0,97	1,61	1473,54
1501	04.08.2025 07:44:00	17,11	0,01	0,97	1,61	1473,54
1502	04.08.2025 07:44:01	17,14	0,01	0,95	1,58	1473,62
1503	04.08.2025 07:44:02	17,14	0,01	0,93	1,55	1473,61
1504	04.08.2025 07:44:03	17,14	0,01	0,95	1,58	1473,63
1505	04.08.2025 07:44:04	17,14	0,01	0,97	1,61	1473,64
1506	04.08.2025 07:44:05	17,14	0,01	1,00	1,66	1473,68
1507	04.08.2025 07:44:06	17,14	0,01	0,98	1,63	1473,66
1508	04.08.2025 07:44:07	17,14	0,01	0,95	1,58	1473,63
1509	04.08.2025 07:44:08	17,14	0,03	0,98	1,63	1473,67
1510	04.08.2025 07:44:09	17,14	-0,01	0,95	1,58	1473,62
1511	04.08.2025 07:44:10	17,14	0,01	1,00	1,66	1473,68
1512	04.08.2025 07:44:11	17,14	0,03	1,00	1,66	1473,69
1513	04.08.2025 07:44:12	17,14	0,01	0,98	1,63	1473,66
1514	04.08.2025 07:44:13	17,14	0,01	1,00	1,66	1473,68
1515	04.08.2025 07:44:14	17,14	0,01	0,95	1,58	1473,63
1516	04.08.2025 07:44:15	17,14	0,01	0,98	1,63	1473,66
1517	04.08.2025 07:44:16	17,14	-0,01	0,97	1,61	1473,64
1518	04.08.2025 07:44:17	17,14	0,01	0,97	1,61	1473,64
1519	04.08.2025 07:44:18	17,14	0,01	0,97	1,61	1473,64
1520	04.08.2025 07:44:19	17,14	0,01	0,95	1,58	1473,63
1521	04.08.2025 07:44:20	17,14	0,01	0,93	1,55	1473,61
1522	04.08.2025 07:44:21	17,14	0,01	0,92	1,53	1473,59
1523	04.08.2025 07:44:22	17,14	0,01	0,93	1,55	1473,61
1524	04.08.2025 07:44:23	17,14	0,01	0,95	1,58	1473,63
1525	04.08.2025 07:44:24	17,14	0,01	0,97	1,61	1473,64
1526	04.08.2025 07:44:25	17,14	0,01	1,02	1,68	1473,70
1527	04.08.2025 07:44:26	17,14	0,01	0,98	1,63	1473,66
1528	04.08.2025 07:44:27	17,17	0,01	0,98	1,63	1473,76
1529	04.08.2025 07:44:28	17,17	0,01	1,00	1,66	1473,78
1530	04.08.2025 07:44:29	17,17	-0,01	0,98	1,63	1473,76
1531	04.08.2025 07:44:30	17,17	-0,01	0,98	1,63	1473,76
1532	04.08.2025 07:44:31	17,17	0,01	0,93	1,55	1473,71
1533	04.08.2025 07:44:32	17,17	0,01	0,95	1,58	1473,72
1534	04.08.2025 07:44:33	17,17	-0,01	0,95	1,58	1473,72
1535	04.08.2025 07:44:34	17,17	0,01	0,97	1,61	1473,74
1536	04.08.2025 07:44:35	17,17	0,01	0,97	1,61	1473,74
1537	04.08.2025 07:44:36	17,17	0,01	0,93	1,55	1473,71
1538	04.08.2025 07:44:37	17,17	0,01	0,97	1,61	1473,74
1539	04.08.2025 07:44:38	17,17	0,01	0,97	1,61	1473,74
1540	04.08.2025 07:44:39	17,17	0,01	0,95	1,58	1473,72
1541	04.08.2025 07:44:40	17,17	0,01	1,03	1,71	1473,82
1542	04.08.2025 07:44:41	17,17	0,01	1,03	1,71	1473,82
1543	04.08.2025 07:44:42	17,17	0,01	1,01	1,68	1473,80
1544	04.08.2025 07:44:43	17,17	0,01	1,03	1,71	1473,82
1545	04.08.2025 07:44:44	17,17	0,01	0,95	1,58	1473,72
1546	04.08.2025 07:44:45	17,17	0,01	0,93	1,55	1473,71
1547	04.08.2025 07:44:46	17,17	0,01	0,93	1,55	1473,71
1548	04.08.2025 07:44:47	17,17	-0,01	0,95	1,58	1473,72
1549	04.08.2025 07:44:48	17,17	0,01	0,98	1,63	1473,76
1550	04.08.2025 07:44:49	17,17	0,01	0,97	1,61	1473,74
1551	04.08.2025 07:44:50	17,17	-0,01	0,98	1,63	1473,76
1552	04.08.2025 07:44:51	17,17	0,01	1,00	1,66	1473,78
1553	04.08.2025 07:44:52	17,17	0,01	1,01	1,68	1473,80
1554	04.08.2025 07:44:53	17,20	0,01	1,00	1,66	1473,88
1555	04.08.2025 07:44:54	17,17	0,01	0,98	1,63	1473,76
1556	04.08.2025 07:44:55	17,20	0,01	1,00	1,66	1473,88
1557	04.08.2025 07:44:56	17,20	0,01	0,98	1,63	1473,86
1558	04.08.2025 07:44:57	17,20	-0,01	0,98	1,63	1473,86
1559	04.08.2025 07:44:58	17,20	0,01	0,98	1,63	1473,86
1560	04.08.2025 07:44:59	17,20	0,01	0,98	1,63	1473,86
1561	04.08.2025 07:45:00	17,20	0,01	0,98	1,63	1473,86
1562	04.08.2025 07:45:01	17,20	-0,01	0,98	1,63	1473,86
1563	04.08.2025 07:45:02	17,20	0,01	0,96	1,61	1473,84
1564	04.08.2025 07:45:03	17,20	0,01	0,96	1,61	1473,84
1565	04.08.2025 07:45:04	17,20	0,01	0,95	1,58	1473,82
1566	04.08.2025 07:45:05	17,20	0,01	1,00	1,66	1473,88
1567	04.08.2025 07:45:06	17,20	0,01	1,00	1,66	1473,88
1568	04.08.2025 07:45:07	17,20	0,01	0,43	0,74	1473,22
1569	04.08.2025 07:45:08	17,20	0,01	0,05	0,09	1472,78
1570	04.08.2025 07:45:09	17,20	0,01	0,05	0,09	1472,78
1571	04.08.2025 07:45:10	17,20	-0,03	0,05	0,09	1472,77
1572	04.08.2025 07:45:11	17,20	-0,01	0,05	0,09	1472,78
1573	04.08.2025 07:45:12	17,20	-0,03	0,05	0,09	1472,77
1574	04.08.2025 07:45:13	17,20	-0,03	0,05	0,09	1472,77
1575	04.08.2025 07:45:14	17,20	-0,01	0,05	0,09	1472,78
1576	04.08.2025 07:45:15	17,20	-0,01	0,05	0,09	1472,78
1577	04.08.2025 07:45:16	17,20	-0,01	0,05	0,09	1472,78
1578	04.08.2025 07:45:17	17,20	-0,03	0,05	0,09	1472,77
1579	04.08.2025 07:45:18	17,20	-0,03	0,05	0,09	1472,77
1580	04.08.2025 07:45:19	17,20	-0,03	0,05	0,09	1472,77
1581	04.08.2025 07:45:20	17,20	-0,03	0,05	0,09	1472,77
1582	04.08.2025 07:45:21	17,20	-0,01	0,05	0,09	1472,78
1583	04.08.2025 07:45:22	17,20	-0,03	0,05	0,09	1472,77
1584	04.08.2025 07:45:23	17,20	-0,01	0,05	0,09	1472,78
1585	04.08.2025 07:45:24	17,20	-0,03	0,05	0,09	1472,77
1586	04.08.2025 07:45:25	17,20	-0,03	0,05	0,09	1472,77
1587	04.08.2025 07:45:26	17,20	-0,03	0,05	0,09	1472,77
1588	04.08.2025 07:45:27	17,20	-0,03	0,05	0,09	1472,77
1589	04.08.2025 07:45:28	17,20	-0,03	0,05	0,09	1472,77
1590	04.08.2025 07:45:29	17,23	-0,03	0,05	0,09	1472,87
1591	04.08.2025 07:45:30	17,20	-0,03	0,05	0,09	1472,77
1592	04.08.2025 07:45:31	17,20	-0,03	0,05	0,09	1472,77
1593	04.08.2025 07:45:32	17,23	-0,03	0,05	0,09	1472,87
1594	04.08.2025 07:45:33	17,23	-0,03	0,05	0,09	1472,87
1595	04.08.2025 07:45:34	17,23	-0,03	0,05	0,09	1472,87
1596	04.08.2025 07:45:35	17,23	-0,03	0,05	0,09	1472,87
1597	04.08.2025 07:45:36	17,23	-0,03	0,05	0,09	1472,87
1598	04.08.2025 07:45:37	17,23	-0,03	0,05	0,09	1472,87
1599	04.08.2025 07:45:38	17,23	-0,01	0,05	0,09	1472,88
1600	04.08.2025 07:45:39	17,23	-0,01	0,05	0,09	1472,88
1601	04.08.2025 07:45:40	17,23	-0,03	0,05	0,09	1472,87
1602	04.08.2025 07:45:41	17,23	-0,03	0,05	0,09	1472,87
1603	04.08.2025 07:45:42	17,23	-0,03	0,05	0,09	1472,87
1604	04.08.2025 07:45:43	17,23	-0,03	0,05	0,09	1472,87
1605	04.08.2025 07:45:44	17,23	-0,01	0,05	0,09	1472,88
1606	04.08.2025 07:45:45	17,23	-0,03	0,05	0,09	1472,87
1607	04.08.2025 07:45:46	17,23	-0,01	0,05	0,09	1472,88
1608	04.08.2025 07:45:47	17,23	-0,03	0,05	0,09	1472,87
1609	04.08.2025 07:45:48	17,23	-0,03	0,05	0,09	1472,87
1610	04.08.2025 07:45:49	17,23	-0,03	0,07	0,11	1472,89
1611	04.08.2025 07:45:50	17,23	-0,03	0,05	0,09	1472,87
1612	04.08.2025 07:45:51	17,23	-0,03	0,05	0,09	1472,87
1613	04.08.2025 07:45:52	17,23	-0,01	0,05	0,09	1472,88
1614	04.08.2025 07:45:53	17,23	-0,01	0,05	0,09	1472,88
1615	04.08.2025 07:45:54	17,23	-0,01	0,05	0,09	1472,88
1616	04.08.2025 07:45:55	17,23	-0,03	0,05	0,09	1472,87
1617	04.08.2025 07:45:56	17,23	-0,03	0,05	0,09	1472,87
1618	04.08.2025 07:45:57	17,23	-0,03	0,05	0,09	1472,87
1619	04.08.2025 07:45:58	17,23	-0,03	0,07	0,11	1472,89
1620	04.08.2025 07:45:59	17,23	-0,01	0,05	0,09	1472,88
1621	04.08.2025 07:46:00	17,23	-0,03	0,05	0,09	1472,87
1622	04.08.2025 07:46:01	17,23	-0,03	0,05	0,09	1472,87
1623	04.08.2025 07:46:02	17,23	-0,01	0,05	0,09	1472,88
1624	04.08.2025 07:46:03	17,23	-0,03	0,05	0,09	1472,87
1625	04.08.2025 07:46:04	17,26	-0,01	0,05	0,09	1472,98
1626	04.08.2025 07:46:05	17,26	-0,03	0,05	0,09	1472,98
1627	04.08.2025 07:46:06	17,26	-0,03	0,05	0,09	1472,98
1628	04.08.2025 07:46:07	17,26	-0,01	0,05	0,09	1472,98
1629	04.08.2025 07:46:08	17,26	-0,01	0,05	0,09	1472,98
1630	04.08.2025 07:46:09	17,26	-0,03	0,05	0,09	1472,98
1631	04.08.2025 07:46:10	17,26	-0,03	0,05	0,09	1472,98
1632	04.08.2025 07:46:11	17,26	-0,03	0,07	0,11	1472,99
1633	04.08.2025 07:46:12	17,26	-0,01	0,05	0,09	1472,98
1634	04.08.2025 07:46:13	17,26	-0,03	0,05	0,09	1472,98
1635	04.08.2025 07:46:14	17,26	-0,03	0,05	0,09	1472,98
1636	04.08.2025 07:46:15	17,26	-0,01	0,05	0,09	1472,98
1637	04.08.2025 07:46:16	17,26	-0,01	0,05	0,09	1472,98
1638	04.08.2025 07:46:17	17,26	-0,03	0,05	0,09	1472,98
1639	04.08.2025 07:46:18	17,26	-0,01	0,05	0,09	1472,98
1640	04.08.2025 07:46:19	17,26	-0,03	0,05	0,09	1472,98
1641	04.08.2025 07:46:20	17,26	-0,03	0,05	0,09	1472,98
1642	04.08.2025 07:46:21	17,26	-0,03	0,05	0,09	1472,98
1643	04.08.2025 07:46:22	17,26	-0,03	0,05	0,09	1472,98
1644	04.08.2025 07:46:23	17,26	-0,03	0,05	0,09	1472,98
1645	04.08.2025 07:46:24	17,26	-0,03	0,05	0,09	1472,98
1646	04.08.2025 07:46:25	17,26	-0,03	0,05	0,09	1472,98
1647	04.08.2025 07:46:26	17,26	-0,01	0,05	0,09	1472,98
1648	04.08.2025 07:46:27	17,26	-0,03	0,05	0,09	1472,98
1649	04.08.2025 07:46:28	17,26	-0,03	0,05	0,09	1472,98
1650	04.08.2025 07:46:29	17,26	-0,03	0,05	0,09	1472,98
1651	04.08.2025 07:46:30	17,26	-0,03	0,05	0,09	1472,98
1652	04.08.2025 07:46:31	17,26	-0,03	0,05	0,09	1472,98
1653	04.08.2025 07:46:32	17,26	-0,03	0,05	0,09	1472,98
1654	04.08.2025 07:46:33	17,29	-0,01	0,05	0,09	1473,08
1655	04.08.2025 07:46:34	17,29	-0,01	0,05	0,09	1473,08
1656	04.08.2025 07:46:35	17,29	-0,01	0,05	0,09	1473,08
1657	04.08.2025 07:46:36	17,29	-0,03	0,05	0,09	1473,08
1658	04.08.2025 07:46:37	17,29	-0,01	0,05	0,09	1473,08
1659	04.08.2025 07:46:38	17,29	-0,03	0,05	0,09	1473,08
1660	04.08.2025 07:46:39	17,29	-0,01	0,05	0,09	1473,08
1661	04.08.2025 07:46:40	17,29	-0,03	0,05	0,09	1473,08
1662	04.08.2025 07:46:41	17,29	-0,01	0,05	0,09	1473,08
1663	04.08.2025 07:46:42	17,29	-0,01	0,05	0,09	1473,08
1664	04.08.2025 07:46:43	17,29	-0,03	0,05	0,09	1473,08
1665	04.08.2025 07:46:44	17,29	-0,03	0,05	0,09	1473,08
1666	04.08.2025 07:46:45	17,29	-0,03	0,05	0,09	1473,08
1667	04.08.2025 07:46:46	17,29	-0,03	0,05	0,09	1473,08
1668	04.08.2025 07:46:47	17,29	-0,03	0,05	0,09	1473,08
1669	04.08.2025 07:46:48	17,29	-0,03	0,05	0,09	1473,08
1670	04.08.2025 07:46:49	17,29	-0,03	0,05	0,09	1473,08
1671	04.08.2025 07:46:50	17,29	-0,03	0,05	0,09	1473,08
1672	04.08.2025 07:46:51	17,29	-0,03	0,05	0,09	1473,08
1673	04.08.2025 07:46:52	17,29	-0,01	0,05	0,09	1473,08
1674	04.08.2025 07:46:53	17,29	-0,01	0,05	0,09	1473,08
1675	04.08.2025 07:46:54	17,29	-0,03	0,05	0,09	1473,08
1676	04.08.2025 07:46:55	17,29	-0,01	0,05	0,09	1473,08
1677	04.08.2025 07:46:56	17,29	-0,03	0,05	0,09	1473,08
1678	04.08.2025 07:46:57	17,32	-0,03	0,05	0,09	1473,18
1679	04.08.2025 07:46:58	17,29	-0,03	0,05	0,09	1473,08
1680	04.08.2025 07:46:59	17,32	-0,01	0,05	0,09	1473,18
1681	04.08.2025 07:47:00	17,32	-0,03	0,05	0,09	1473,18
1682	04.08.2025 07:47:01	17,32	-0,03	0,05	0,09	1473,18
1683	04.08.2025 07:47:02	17,32	-0,03	0,05	0,09	1473,18
1684	04.08.2025 07:47:03	17,32	-0,03	0,05	0,09	1473,18
1685	04.08.2025 07:47:04	17,32	-0,03	0,05	0,09	1473,18
1686	04.08.2025 07:47:05	17,32	-0,03	0,05	0,09	1473,18
1687	04.08.2025 07:47:06	17,32	-0,03	0,05	0,09	1473,18
1688	04.08.2025 07:47:07	17,32	-0,03	0,05	0,09	1473,18
1689	04.08.2025 07:47:08	17,32	-0,03	0,05	0,09	1473,18
1690	04.08.2025 07:47:09	17,32	-0,03	0,05	0,09	1473,18
1691	04.08.2025 07:47:10	17,32	-0,03	0,05	0,09	1473,18
1692	04.08.2025 07:47:11	17,32	-0,03	0,05	0,09	1473,18
1693	04.08.2025 07:47:12	17,32	-0,03	0,05	0,09	1473,18
1694	04.08.2025 07:47:13	17,32	-0,03	0,05	0,09	1473,18
1695	04.08.2025 07:47:14	17,32	-0,03	0,05	0,09	1473,18
1696	04.08.2025 07:47:15	17,32	-0,03	0,05	0,09	1473,18
1697	04.08.2025 07:47:16	17,32	-0,03	0,05	0,09	1473,18
1698	04.08.2025 07:47:17	17,32	-0,03	0,05	0,09	1473,18
1699	04.08.2025 07:47:18	17,32	-0,03	0,05	0,09	1473,18
1700	04.08.2025 07:47:19	17,32	-0,03	0,05	0,09	1473,18
1701	04.08.2025 07:47:20	17,32	-0,03	0,05	0,09	1473,18
1702	04.08.2025 07:47:21	17,32	-0,03	0,05	0,09	1473,18
1703	04.08.2025 07:47:22	17,32	-0,03	0,05	0,09	1473,18
1704	04.08.2025 07:47:23	17,32	-0,03	0,05	0,09	1473,18
1705	04.08.2025 07:47:24	17,32	-0,03	0,05	0,09	1473,18
1706	04.08.2025 07:47:25	17,32	-0,03	0,05	0,09	1473,18
1707	04.08.2025 07:47:26	17,32	-0,03	0,05	0,09	1473,18
1708	04.08.2025 07:47:27	17,35	-0,01	0,05	0,09	1473,28
1709	04.08.2025 07:47:28	17,35	-0,01	0,05	0,09	1473,28
1710	04.08.2025 07:47:29	17,35	-0,01	0,05	0,09	1473,28
1711	04.08.2025 07:47:30	17,35	-0,03	0,05	0,09	1473,28
1712	04.08.2025 07:47:31	17,35	-0,01	0,05	0,09	1473,28
1713	04.08.2025 07:47:32	17,35	-0,01	0,05	0,09	1473,28
1714	04.08.2025 07:47:33	17,35	-0,03	0,05	0,09	1473,28
1715	04.08.2025 07:47:34	17,35	-0,01	0,05	0,09	1473,28
1716	04.08.2025 07:47:35	17,35	-0,01	0,05	0,09	1473,28
1717	04.08.2025 07:47:36	17,35	-0,01	0,05	0,09	1473,28
1718	04.08.2025 07:47:37	17,35	-0,01	0,05	0,09	1473,28
1719	04.08.2025 07:47:38	17,35	-0,01	0,07	0,11	1473,29
1720	04.08.2025 07:47:39	17,35	-0,01	0,05	0,09	1473,28
1721	04.08.2025 07:47:40	17,35	-0,01	0,05	0,09	1473,28
1722	04.08.2025 07:47:41	17,35	-0,01	0,05	0,09	1473,28
1723	04.08.2025 07:47:42	17,35	-0,01	0,05	0,09	1473,28
1724	04.08.2025 07:47:43	17,35	-0,01	0,05	0,09	1473,28
1725	04.08.2025 07:47:44	17,35	-0,01	0,05	0,09	1473,28
1726	04.08.2025 07:47:45	17,35	-0,01	0,05	0,09	1473,28
1727	04.08.2025 07:47:46	17,35	-0,01	0,05	0,09	1473,28
1728	04.08.2025 07:47:47	17,35	-0,01	0,05	0,09	1473,28
1729	04.08.2025 07:47:48	17,35	-0,01	0,05	0,09	1473,28
1730	04.08.2025 07:47:49	17,35	-0,03	0,05	0,09	1473,28
1731	04.08.2025 07:47:50	17,35	-0,01	0,05	0,09	1473,28
1732	04.08.2025 07:47:51	17,35	-0,01	0,05	0,09	1473,28
1733	04.08.2025 07:47:52	17,35	-0,01	0,05	0,09	1473,28
1734	04.08.2025 07:47:53	17,35	-0,01	0,05	0,09	1473,28
1735	04.08.2025 07:47:54	17,38	-0,01	0,05	0,09	1473,38
1736	04.08.2025 07:47:55	17,38	-0,03	0,05	0,09	1473,38
1737	04.08.2025 07:47:56	17,38	-0,03	0,05	0,09	1473,38
1738	04.08.2025 07:47:57	17,38	-0,01	0,05	0,09	1473,38
1739	04.08.2025 07:47:58	17,38	-0,01	0,05	0,09	1473,38
1740	04.08.2025 07:47:59	17,38	-0,03	0,05	0,09	1473,38
1741	04.08.2025 07:48:00	17,38	-0,03	0,05	0,09	1473,38
1742	04.08.2025 07:48:01	17,38	-0,01	0,05	0,09	1473,38
1743	04.08.2025 07:48:02	17,38	-0,01	0,05	0,09	1473,38
1744	04.08.2025 07:48:03	17,38	-0,01	0,05	0,09	1473,38
1745	04.08.2025 07:48:04	17,38	-0,01	0,05	0,09	1473,38
1746	04.08.2025 07:48:05	17,38	-0,03	0,05	0,09	1473,38
1747	04.08.2025 07:48:06	17,38	-0,01	0,05	0,09	1473,38
1748	04.08.2025 07:48:07	17,38	-0,03	0,05	0,09	1473,38
1749	04.08.2025 07:48:08	17,38	-0,01	0,05	0,09	1473,38
1750	04.08.2025 07:48:09	17,38	-0,01	0,07	0,11	1473,39
1751	04.08.2025 07:48:10	17,38	-0,01	0,05	0,09	1473,38
1752	04.08.2025 07:48:11	17,38	-0,01	0,05	0,09	1473,38
1753	04.08.2025 07:48:12	17,38	-0,01	0,05	0,09	1473,38
1754	04.08.2025 07:48:13	17,38	-0,01	0,05	0,09	1473,38
1755	04.08.2025 07:48:14	17,38	-0,01	0,05	0,09	1473,38
1756	04.08.2025 07:48:15	17,38	-0,01	0,05	0,09	1473,38
1757	04.08.2025 07:48:16	17,38	-0,01	0,05	0,09	1473,38
1758	04.08.2025 07:48:17	17,38	-0,01	0,05	0,09	1473,38
1759	04.08.2025 07:48:18	17,38	-0,03	0,05	0,09	1473,38
1760	04.08.2025 07:48:19	17,38	-0,01	0,05	0,09	1473,38
1761	04.08.2025 07:48:20	17,38	-0,03	0,07	0,11	1473,39
1762	04.08.2025 07:48:21	17,38	-0,01	0,05	0,09	1473,38
1763	04.08.2025 07:48:22	17,38	-0,01	0,05	0,09	1473,38
1764	04.08.2025 07:48:23	17,38	-0,03	0,07	0,11	1473,39
1765	04.08.2025 07:48:24	17,38	-0,01	0,05	0,09	1473,38
1766	04.08.2025 07:48:25	17,41	-0,01	0,05	0,09	1473,48
1767	04.08.2025 07:48:26	17,41	-0,01	0,05	0,09	1473,48
1768	04.08.2025 07:48:27	17,41	-0,01	0,05	0,09	1473,48
1769	04.08.2025 07:48:28	17,41	-0,01	0,05	0,09	1473,48
1770	04.08.2025 07:48:29	17,41	-0,01	0,05	0,09	1473,48
1771	04.08.2025 07:48:30	17,41	-0,01	0,05	0,09	1473,48
1772	04.08.2025 07:48:31	17,41	-0,03	0,05	0,09	1473,47
1773	04.08.2025 07:48:32	17,41	-0,03	0,05	0,09	1473,47
1774	04.08.2025 07:48:33	17,41	-0,03	0,05	0,09	1473,47
1775	04.08.2025 07:48:34	17,41	-0,03	0,05	0,09	1473,47
1776	04.08.2025 07:48:35	17,41	-0,01	0,05	0,09	1473,48
1777	04.08.2025 07:48:36	17,41	-0,01	0,05	0,09	1473,48
1778	04.08.2025 07:48:37	17,41	-0,01	0,05	0,09	1473,48
1779	04.08.2025 07:48:38	17,41	-0,01	0,05	0,09	1473,48
1780	04.08.2025 07:48:39	17,41	-0,01	0,05	0,09	1473,48
1781	04.08.2025 07:48:40	17,41	-0,03	0,07	0,11	1473,49
1782	04.08.2025 07:48:41	17,41	-0,03	0,05	0,09	1473,47
1783	04.08.2025 07:48:42	17,41	-0,01	0,05	0,09	1473,48
1784	04.08.2025 07:48:43	17,41	-0,01	0,05	0,09	1473,48
1785	04.08.2025 07:48:44	17,41	-0,01	0,05	0,09	1473,48
1786	04.08.2025 07:48:45	17,41	-0,01	0,05	0,09	1473,48
1787	04.08.2025 07:48:46	17,41	-0,01	0,05	0,09	1473,48
1788	04.08.2025 07:48:47	17,41	-0,01	0,05	0,09	1473,48
1789	04.08.2025 07:48:48	17,41	-0,01	0,05	0,09	1473,48
1790	04.08.2025 07:48:49	17,41	-0,03	0,05	0,09	1473,47
1791	04.08.2025 07:48:50	17,41	-0,01	0,05	0,09	1473,48
1792	04.08.2025 07:48:51	17,41	-0,01	0,05	0,09	1473,48
1793	04.08.2025 07:48:52	17,44	-0,03	0,05	0,09	1473,57
1794	04.08.2025 07:48:53	17,41	-0,01	0,05	0,09	1473,48
1795	04.08.2025 07:48:54	17,44	-0,01	0,05	0,09	1473,58
1796	04.08.2025 07:48:55	17,44	-0,03	0,05	0,09	1473,57
1797	04.08.2025 07:48:56	17,44	-0,01	0,05	0,09	1473,58
1798	04.08.2025 07:48:57	17,44	-0,01	0,05	0,09	1473,58
1799	04.08.2025 07:48:58	17,44	-0,01	0,05	0,09	1473,58
1800	04.08.2025 07:48:59	17,44	-0,01	0,05	0,09	1473,58
1801	04.08.2025 07:49:00	17,44	-0,01	0,05	0,09	1473,58
1802	04.08.2025 07:49:01	17,44	-0,03	0,05	0,09	1473,57
1803	04.08.2025 07:49:02	17,44	-0,03	0,05	0,09	1473,57
1804	04.08.2025 07:49:03	17,44	-0,01	0,05	0,09	1473,58
1805	04.08.2025 07:49:04	17,44	-0,03	0,05	0,09	1473,57
1806	04.08.2025 07:49:05	17,44	-0,03	0,05	0,09	1473,57
1807	04.08.2025 07:49:06	17,44	-0,03	0,05	0,09	1473,57
1808	04.08.2025 07:49:07	17,44	-0,01	0,05	0,09	1473,58
1809	04.08.2025 07:49:08	17,44	-0,03	0,05	0,09	1473,57
1810	04.08.2025 07:49:09	17,44	-0,03	0,05	0,09	1473,57
1811	04.08.2025 07:49:10	17,44	-0,03	0,05	0,09	1473,57
1812	04.08.2025 07:49:11	17,44	-0,03	0,05	0,09	1473,57
1813	04.08.2025 07:49:12	17,44	-0,01	0,06	0,11	1473,59
1814	04.08.2025 07:49:13	17,44	-0,03	0,05	0,09	1473,57
1815	04.08.2025 07:49:14	17,44	-0,03	0,05	0,09	1473,57
1816	04.08.2025 07:49:15	17,44	-0,01	0,05	0,09	1473,58
1817	04.08.2025 07:49:16	17,44	-0,03	0,06	0,11	1473,59
1818	04.08.2025 07:49:17	17,44	-0,01	0,05	0,09	1473,58
1819	04.08.2025 07:49:18	17,44	-0,03	0,05	0,09	1473,57
1820	04.08.2025 07:49:19	17,44	-0,03	0,05	0,09	1473,57
1821	04.08.2025 07:49:20	17,44	-0,01	0,05	0,09	1473,58
1822	04.08.2025 07:49:21	17,44	-0,01	0,05	0,09	1473,58
1823	04.08.2025 07:49:22	17,44	-0,03	0,05	0,09	1473,57
1824	04.08.2025 07:49:23	17,44	-0,01	0,05	0,09	1473,58
1825	04.08.2025 07:49:24	17,44	-0,03	0,05	0,09	1473,57
1826	04.08.2025 07:49:25	17,44	-0,01	0,05	0,09	1473,58
1827	04.08.2025 07:49:26	17,44	-0,01	0,05	0,09	1473,58
1828	04.08.2025 07:49:27	17,44	-0,03	0,05	0,09	1473,57
1829	04.08.2025 07:49:28	17,44	-0,03	0,05	0,09	1473,57
1830	04.08.2025 07:49:29	17,47	-0,01	0,05	0,09	1473,68
1831	04.08.2025 07:49:30	17,47	-0,01	0,05	0,09	1473,68
1832	04.08.2025 07:49:31	17,47	-0,03	0,05	0,09	1473,67
1833	04.08.2025 07:49:32	17,47	-0,03	0,05	0,09	1473,67
1834	04.08.2025 07:49:33	17,47	-0,01	0,05	0,09	1473,68
1835	04.08.2025 07:49:34	17,47	-0,01	0,05	0,09	1473,68
1836	04.08.2025 07:49:35	17,47	-0,03	0,05	0,09	1473,67
1837	04.08.2025 07:49:36	17,47	-0,03	0,05	0,09	1473,67
1838	04.08.2025 07:49:37	17,47	-0,03	0,05	0,09	1473,67
1839	04.08.2025 07:49:38	17,47	-0,03	0,05	0,09	1473,67
1840	04.08.2025 07:49:39	17,47	-0,03	0,05	0,09	1473,67
1841	04.08.2025 07:49:40	17,47	-0,03	0,05	0,09	1473,67
1842	04.08.2025 07:49:41	17,47	-0,03	0,05	0,09	1473,67
1843	04.08.2025 07:49:42	17,47	-0,03	0,05	0,09	1473,67
1844	04.08.2025 07:49:43	17,47	-0,01	0,05	0,09	1473,68
1845	04.08.2025 07:49:44	17,47	-0,03	0,05	0,09	1473,67
1846	04.08.2025 07:49:45	17,47	-0,01	0,05	0,09	1473,68
1847	04.08.2025 07:49:46	17,47	-0,01	0,05	0,09	1473,68
1848	04.08.2025 07:49:47	17,47	-0,03	0,05	0,09	1473,67
1849	04.08.2025 07:49:48	17,47	-0,01	0,05	0,09	1473,68
1850	04.08.2025 07:49:49	17,47	-0,01	0,05	0,09	1473,68
1851	04.08.2025 07:49:50	17,47	-0,03	0,05	0,09	1473,67
1852	04.08.2025 07:49:51	17,47	-0,01	0,05	0,09	1473,68
1853	04.08.2025 07:49:52	17,47	-0,01	0,05	0,09	1473,68
1854	04.08.2025 07:49:53	17,47	-0,03	0,05	0,09	1473,67
1855	04.08.2025 07:49:54	17,47	-0,03	0,05	0,09	1473,67
1856	04.08.2025 07:49:55	17,47	-0,03	0,05	0,09	1473,67
1857	04.08.2025 07:49:56	17,47	-0,01	0,05	0,09	1473,68
1858	04.08.2025 07:49:57	17,47	-0,03	0,05	0,09	1473,67
1859	04.08.2025 07:49:58	17,47	-0,01	0,05	0,09	1473,68
1860	04.08.2025 07:49:59	17,47	-0,01	0,05	0,09	1473,68
1861	04.08.2025 07:50:00	17,47	-0,03	0,05	0,09	1473,67
1862	04.08.2025 07:50:01	17,50	-0,03	0,05	0,09	1473,77
1863	04.08.2025 07:50:02	17,47	-0,03	0,05	0,09	1473,67
1864	04.08.2025 07:50:03	17,50	-0,01	0,06	0,11	1473,79
1865	04.08.2025 07:50:04	17,50	-0,01	0,05	0,09	1473,78
1866	04.08.2025 07:50:05	17,50	-0,01	0,05	0,09	1473,78
1867	04.08.2025 07:50:06	17,50	-0,03	0,05	0,09	1473,77
1868	04.08.2025 07:50:07	17,50	-0,03	0,05	0,09	1473,77
1869	04.08.2025 07:50:08	17,50	-0,03	0,05	0,09	1473,77
1870	04.08.2025 07:50:09	17,50	-0,03	0,05	0,09	1473,77
1871	04.08.2025 07:50:10	17,50	-0,03	0,05	0,09	1473,77
1872	04.08.2025 07:50:11	17,50	-0,01	0,05	0,09	1473,78
1873	04.08.2025 07:50:12	17,50	-0,03	0,05	0,09	1473,77
1874	04.08.2025 07:50:13	17,50	-0,03	0,05	0,09	1473,77
1875	04.08.2025 07:50:14	17,50	-0,03	0,05	0,09	1473,77
1876	04.08.2025 07:50:15	17,50	-0,01	0,05	0,09	1473,78
1877	04.08.2025 07:50:16	17,50	-0,01	0,05	0,09	1473,78
1878	04.08.2025 07:50:17	17,50	-0,03	0,05	0,09	1473,77
1879	04.08.2025 07:50:18	17,50	-0,01	0,05	0,09	1473,78
1880	04.08.2025 07:50:19	17,50	-0,03	0,05	0,09	1473,77
1881	04.08.2025 07:50:20	17,50	-0,03	0,05	0,09	1473,77
1882	04.08.2025 07:50:21	17,50	-0,01	0,05	0,09	1473,78
1883	04.08.2025 07:50:22	17,50	-0,01	0,05	0,09	1473,78
1884	04.08.2025 07:50:23	17,50	-0,03	0,05	0,09	1473,77
1885	04.08.2025 07:50:24	17,50	-0,01	0,05	0,09	1473,78
1886	04.08.2025 07:50:25	17,50	-0,01	0,05	0,09	1473,78
1887	04.08.2025 07:50:26	17,50	-0,01	0,05	0,09	1473,78
1888	04.08.2025 07:50:27	17,50	-0,01	0,05	0,09	1473,78
1889	04.08.2025 07:50:28	17,50	-0,03	0,05	0,09	1473,77
1890	04.08.2025 07:50:29	17,50	-0,03	0,05	0,09	1473,77
1891	04.08.2025 07:50:30	17,50	-0,03	0,05	0,09	1473,77
1892	04.08.2025 07:50:31	17,50	-0,01	0,05	0,09	1473,78
1893	04.08.2025 07:50:32	17,50	-0,01	0,05	0,09	1473,78
1894	04.08.2025 07:50:33	17,50	-0,01	0,05	0,09	1473,78
1895	04.08.2025 07:50:34	17,50	-0,03	0,05	0,09	1473,77
1896	04.08.2025 07:50:35	17,50	-0,03	0,05	0,09	1473,77
1897	04.08.2025 07:50:36	17,50	-0,01	0,05	0,09	1473,78
1898	04.08.2025 07:50:37	17,50	-0,01	0,05	0,09	1473,78
1899	04.08.2025 07:50:38	17,53	-0,01	0,05	0,09	1473,88
1900	04.08.2025 07:50:39	17,50	-0,03	0,06	0,11	1473,79
1901	04.08.2025 07:50:40	17,53	-0,03	0,05	0,09	1473,87
1902	04.08.2025 07:50:41	17,53	-0,01	0,05	0,09	1473,88
1903	04.08.2025 07:50:42	17,53	-0,03	0,05	0,09	1473,87
1904	04.08.2025 07:50:43	17,53	-0,03	0,05	0,09	1473,87
1905	04.08.2025 07:50:44	17,53	-0,01	0,05	0,09	1473,88
1906	04.08.2025 07:50:45	17,53	-0,01	0,05	0,09	1473,88
1907	04.08.2025 07:50:46	17,53	-0,03	0,05	0,09	1473,87
1908	04.08.2025 07:50:47	17,53	-0,03	0,05	0,09	1473,87
1909	04.08.2025 07:50:48	17,53	-0,01	0,05	0,09	1473,88
1910	04.08.2025 07:50:49	17,53	-0,03	0,05	0,09	1473,87
1911	04.08.2025 07:50:50	17,53	-0,03	0,05	0,09	1473,87
1912	04.08.2025 07:50:51	17,53	-0,03	0,05	0,09	1473,87
1913	04.08.2025 07:50:52	17,53	-0,04	0,05	0,09	1473,87
1914	04.08.2025 07:50:53	17,53	-0,03	0,05	0,09	1473,87
1915	04.08.2025 07:50:54	17,53	-0,03	0,05	0,09	1473,87
1916	04.08.2025 07:50:55	17,53	-0,03	0,05	0,09	1473,87
1917	04.08.2025 07:50:56	17,53	-0,03	0,05	0,09	1473,87
1918	04.08.2025 07:50:57	17,53	-0,01	0,05	0,09	1473,88
1919	04.08.2025 07:50:58	17,53	-0,03	0,05	0,09	1473,87
1920	04.08.2025 07:50:59	17,53	-0,03	0,05	0,09	1473,87
1921	04.08.2025 07:51:00	17,53	-0,03	0,05	0,09	1473,87
1922	04.08.2025 07:51:01	17,53	-0,03	0,05	0,09	1473,87
1923	04.08.2025 07:51:02	17,53	-0,03	0,05	0,09	1473,87
1924	04.08.2025 07:51:03	17,53	-0,03	0,05	0,09	1473,87
1925	04.08.2025 07:51:04	17,53	-0,03	0,05	0,09	1473,87
1926	04.08.2025 07:51:05	17,53	-0,03	0,06	0,11	1473,89
1927	04.08.2025 07:51:06	17,53	-0,03	0,05	0,09	1473,87
1928	04.08.2025 07:51:07	17,53	-0,03	0,05	0,09	1473,87
1929	04.08.2025 07:51:08	17,53	-0,03	0,05	0,09	1473,87
1930	04.08.2025 07:51:09	17,53	-0,03	0,05	0,09	1473,87
1931	04.08.2025 07:51:10	17,53	-0,03	0,05	0,09	1473,87
1932	04.08.2025 07:51:11	17,53	-0,03	0,05	0,09	1473,87
1933	04.08.2025 07:51:12	17,53	-0,03	0,05	0,09	1473,87
1934	04.08.2025 07:51:13	17,53	-0,01	0,05	0,09	1473,88
1935	04.08.2025 07:51:14	17,53	-0,03	0,05	0,09	1473,87
1936	04.08.2025 07:51:15	17,56	-0,03	0,05	0,09	1473,97
1937	04.08.2025 07:51:16	17,56	-0,03	0,05	0,09	1473,97
1938	04.08.2025 07:51:17	17,56	-0,03	0,05	0,09	1473,97
1939	04.08.2025 07:51:18	17,56	-0,01	0,05	0,09	1473,97
1940	04.08.2025 07:51:19	17,56	-0,03	0,05	0,09	1473,97
1941	04.08.2025 07:51:20	17,56	-0,03	0,05	0,09	1473,97
1942	04.08.2025 07:51:21	17,56	-0,03	0,05	0,09	1473,97
1943	04.08.2025 07:51:22	17,56	-0,03	0,05	0,09	1473,97
1944	04.08.2025 07:51:23	17,56	-0,03	0,05	0,09	1473,97
1945	04.08.2025 07:51:24	17,56	-0,03	0,05	0,09	1473,97
1946	04.08.2025 07:51:25	17,56	-0,03	0,05	0,09	1473,97
1947	04.08.2025 07:51:26	17,56	-0,03	0,05	0,09	1473,97
1948	04.08.2025 07:51:27	17,56	-0,03	0,05	0,09	1473,97
1949	04.08.2025 07:51:28	17,56	-0,03	0,05	0,09	1473,97
1950	04.08.2025 07:51:29	17,56	-0,03	0,05	0,09	1473,97
1951	04.08.2025 07:51:30	17,56	-0,03	0,05	0,09	1473,97
1952	04.08.2025 07:51:31	17,56	-0,03	0,05	0,09	1473,97
1953	04.08.2025 07:51:32	17,56	-0,04	0,05	0,09	1473,97
1954	04.08.2025 07:51:33	17,56	-0,03	0,05	0,09	1473,97
1955	04.08.2025 07:51:34	17,56	-0,03	0,05	0,09	1473,97
1956	04.08.2025 07:51:35	17,56	-0,03	0,05	0,09	1473,97
1957	04.08.2025 07:51:36	17,56	-0,04	0,05	0,09	1473,97
1958	04.08.2025 07:51:37	17,56	-0,03	0,05	0,09	1473,97
1959	04.08.2025 07:51:38	17,56	-0,03	0,05	0,09	1473,97
1960	04.08.2025 07:51:39	17,56	-0,03	0,05	0,09	1473,97
1961	04.08.2025 07:51:40	17,56	-0,03	0,05	0,09	1473,97
1962	04.08.2025 07:51:41	17,56	-0,03	0,05	0,09	1473,97
1963	04.08.2025 07:51:42	17,56	-0,03	0,05	0,09	1473,97
1964	04.08.2025 07:51:43	17,56	-0,03	0,05	0,09	1473,97
1965	04.08.2025 07:51:44	17,56	-0,03	0,05	0,09	1473,97
1966	04.08.2025 07:51:45	17,56	-0,03	0,05	0,09	1473,97
1967	04.08.2025 07:51:46	17,56	-0,03	0,05	0,09	1473,97
1968	04.08.2025 07:51:47	17,56	-0,03	0,05	0,09	1473,97
1969	04.08.2025 07:51:48	17,56	-0,03	0,05	0,09	1473,97
1970	04.08.2025 07:51:49	17,56	-0,03	0,05	0,09	1473,97
1971	04.08.2025 07:51:50	17,56	-0,04	0,05	0,09	1473,97
1972	04.08.2025 07:51:51	17,56	-0,03	0,05	0,09	1473,97
1973	04.08.2025 07:51:52	17,56	-0,03	0,05	0,09	1473,97
1974	04.08.2025 07:51:53	17,59	-0,04	0,05	0,09	1474,07
1975	04.08.2025 07:51:54	17,56	-0,03	0,05	0,09	1473,97
1976	04.08.2025 07:51:55	17,59	-0,03	0,05	0,09	1474,07
1977	04.08.2025 07:51:56	17,59	-0,04	0,05	0,09	1474,07
1978	04.08.2025 07:51:57	17,59	-0,03	0,05	0,09	1474,07
1979	04.08.2025 07:51:58	17,59	-0,03	0,05	0,09	1474,07
1980	04.08.2025 07:51:59	17,59	-0,03	0,05	0,09	1474,07
1981	04.08.2025 07:52:00	17,59	-0,03	0,05	0,09	1474,07
1982	04.08.2025 07:52:01	17,59	-0,03	0,05	0,09	1474,07
1983	04.08.2025 07:52:02	17,59	-0,03	0,05	0,09	1474,07
1984	04.08.2025 07:52:03	17,59	-0,03	0,05	0,09	1474,07
1985	04.08.2025 07:52:04	17,59	-0,03	0,05	0,09	1474,07
1986	04.08.2025 07:52:05	17,59	-0,03	0,05	0,09	1474,07
1987	04.08.2025 07:52:06	17,59	-0,03	0,05	0,09	1474,07
1988	04.08.2025 07:52:07	17,59	-0,03	0,05	0,09	1474,07
1989	04.08.2025 07:52:08	17,59	-0,03	0,05	0,09	1474,07
1990	04.08.2025 07:52:09	17,59	-0,03	0,05	0,09	1474,07
1991	04.08.2025 07:52:10	17,59	-0,03	0,05	0,09	1474,07
1992	04.08.2025 07:52:11	17,59	-0,04	0,05	0,09	1474,07
1993	04.08.2025 07:52:12	17,59	-0,04	0,05	0,09	1474,07
1994	04.08.2025 07:52:13	17,59	-0,03	0,05	0,09	1474,07
1995	04.08.2025 07:52:14	17,59	-0,03	0,05	0,09	1474,07
1996	04.08.2025 07:52:15	17,59	-0,03	0,05	0,09	1474,07
1997	04.08.2025 07:52:16	17,59	-0,04	0,05	0,09	1474,07
1998	04.08.2025 07:52:17	17,59	-0,03	0,05	0,09	1474,07
1999	04.08.2025 07:52:18	17,59	-0,03	0,05	0,09	1474,07
2000	04.08.2025 07:52:19	17,59	-0,03	0,05	0,09	1474,07
2001	04.08.2025 07:52:20	17,59	-0,03	0,05	0,09	1474,07
2002	04.08.2025 07:52:21	17,59	-0,04	0,05	0,09	1474,07
2003	04.08.2025 07:52:22	17,59	-0,03	0,05	0,09	1474,07
2004	04.08.2025 07:52:23	17,59	-0,03	0,05	0,09	1474,07
2005	04.08.2025 07:52:24	17,59	-0,03	0,06	0,11	1474,09
2006	04.08.2025 07:52:25	17,59	-0,04	0,05	0,09	1474,07
2007	04.08.2025 07:52:26	17,59	-0,04	0,05	0,09	1474,07
2008	04.08.2025 07:52:27	17,59	-0,03	0,05	0,09	1474,07
2009	04.08.2025 07:52:28	17,59	-0,03	0,05	0,09	1474,07
2010	04.08.2025 07:52:29	17,59	-0,03	0,05	0,09	1474,07
2011	04.08.2025 07:52:30	17,59	-0,03	0,06	0,11	1474,09
2012	04.08.2025 07:52:31	17,59	-0,03	0,05	0,09	1474,07
2013	04.08.2025 07:52:32	17,59	-0,04	0,05	0,09	1474,07
2014	04.08.2025 07:52:33	17,59	-0,03	0,05	0,09	1474,07
2015	04.08.2025 07:52:34	17,59	-0,03	0,05	0,09	1474,07
2016	04.08.2025 07:52:35	17,62	-0,01	0,05	0,09	1474,17
2017	04.08.2025 07:52:36	17,62	-0,03	0,05	0,09	1474,17
2018	04.08.2025 07:52:37	17,62	-0,03	0,05	0,09	1474,17
2019	04.08.2025 07:52:38	17,62	-0,01	0,05	0,09	1474,17
2020	04.08.2025 07:52:39	17,62	-0,01	0,05	0,09	1474,17
2021	04.08.2025 07:52:40	17,62	-0,01	0,05	0,09	1474,17
2022	04.08.2025 07:52:41	17,62	-0,01	0,05	0,09	1474,17
2023	04.08.2025 07:52:42	17,62	-0,01	0,05	0,09	1474,17
2024	04.08.2025 07:52:43	17,62	-0,01	0,05	0,09	1474,17
2025	04.08.2025 07:52:44	17,62	-0,01	0,05	0,09	1474,17
2026	04.08.2025 07:52:45	17,62	-0,03	0,05	0,09	1474,17
2027	04.08.2025 07:52:46	17,62	-0,01	0,05	0,09	1474,17
2028	04.08.2025 07:52:47	17,62	-0,01	0,05	0,09	1474,17
2029	04.08.2025 07:52:48	17,62	0,01	0,05	0,09	1474,18
2030	04.08.2025 07:52:49	17,62	-0,01	0,05	0,09	1474,17
2031	04.08.2025 07:52:50	17,62	-0,01	0,05	0,09	1474,17
2032	04.08.2025 07:52:51	17,62	-0,01	0,06	0,11	1474,19
2033	04.08.2025 07:52:52	17,62	-0,03	0,05	0,09	1474,17
2034	04.08.2025 07:52:53	17,62	-0,01	0,05	0,09	1474,17
2035	04.08.2025 07:52:54	17,62	-0,03	0,05	0,09	1474,17
2036	04.08.2025 07:52:55	17,62	-0,01	0,05	0,09	1474,17
2037	04.08.2025 07:52:56	17,62	-0,01	0,05	0,09	1474,17
2038	04.08.2025 07:52:57	17,62	-0,01	0,05	0,09	1474,17
2039	04.08.2025 07:52:58	17,62	-0,01	0,05	0,09	1474,17
2040	04.08.2025 07:52:59	17,62	-0,01	0,05	0,09	1474,17
2041	04.08.2025 07:53:00	17,62	-0,03	0,05	0,09	1474,17
2042	04.08.2025 07:53:01	17,62	-0,03	0,05	0,09	1474,17
2043	04.08.2025 07:53:02	17,62	-0,01	0,05	0,09	1474,17
2044	04.08.2025 07:53:03	17,62	-0,01	0,05	0,09	1474,17
2045	04.08.2025 07:53:04	17,62	-0,01	0,05	0,09	1474,17
2046	04.08.2025 07:53:05	17,62	-0,01	0,06	0,11	1474,19
2047	04.08.2025 07:53:06	17,62	-0,01	0,05	0,09	1474,17
2048	04.08.2025 07:53:07	17,62	-0,01	0,05	0,09	1474,17
2049	04.08.2025 07:53:08	17,62	-0,01	0,05	0,09	1474,17
2050	04.08.2025 07:53:09	17,62	-0,01	0,05	0,09	1474,17
2051	04.08.2025 07:53:10	17,62	-0,01	0,05	0,09	1474,17
2052	04.08.2025 07:53:11	17,62	-0,03	0,05	0,09	1474,17
2053	04.08.2025 07:53:12	17,62	-0,01	0,05	0,09	1474,17
2054	04.08.2025 07:53:13	17,62	-0,01	0,05	0,09	1474,17
2055	04.08.2025 07:53:14	17,62	-0,01	0,05	0,09	1474,17
2056	04.08.2025 07:53:15	17,65	-0,03	0,05	0,09	1474,27
2057	04.08.2025 07:53:16	17,62	-0,03	0,05	0,09	1474,17
2058	04.08.2025 07:53:17	17,62	-0,01	0,05	0,09	1474,17
2059	04.08.2025 07:53:18	17,65	-0,01	0,05	0,09	1474,27
2060	04.08.2025 07:53:19	17,62	-0,01	0,05	0,09	1474,17
2061	04.08.2025 07:53:20	17,65	-0,01	0,05	0,09	1474,27
2062	04.08.2025 07:53:21	17,65	-0,01	0,05	0,09	1474,27
2063	04.08.2025 07:53:22	17,65	-0,01	0,05	0,09	1474,27
2064	04.08.2025 07:53:23	17,65	-0,01	0,05	0,09	1474,27
2065	04.08.2025 07:53:24	17,65	-0,03	0,05	0,09	1474,27
2066	04.08.2025 07:53:25	17,65	-0,01	0,05	0,09	1474,27
2067	04.08.2025 07:53:26	17,65	-0,01	0,05	0,09	1474,27
2068	04.08.2025 07:53:27	17,65	-0,01	0,05	0,09	1474,27
2069	04.08.2025 07:53:28	17,65	-0,01	0,05	0,09	1474,27
2070	04.08.2025 07:53:29	17,65	-0,01	0,05	0,09	1474,27
2071	04.08.2025 07:53:30	17,65	-0,01	0,05	0,09	1474,27
2072	04.08.2025 07:53:31	17,65	-0,01	0,05	0,09	1474,27
2073	04.08.2025 07:53:32	17,65	-0,01	0,05	0,09	1474,27
2074	04.08.2025 07:53:33	17,65	-0,01	0,05	0,09	1474,27
2075	04.08.2025 07:53:34	17,65	-0,03	0,05	0,09	1474,27
2076	04.08.2025 07:53:35	17,65	-0,03	0,05	0,09	1474,27
2077	04.08.2025 07:53:36	17,65	-0,03	0,05	0,09	1474,27
2078	04.08.2025 07:53:37	17,65	-0,01	0,05	0,09	1474,27
2079	04.08.2025 07:53:38	17,65	-0,01	0,05	0,09	1474,27
2080	04.08.2025 07:53:39	17,65	-0,01	1,00	1,68	1475,38
2081	04.08.2025 07:53:40	17,65	-0,01	1,28	2,13	1475,70
2082	04.08.2025 07:53:41	17,65	-0,01	1,38	2,29	1475,82
2083	04.08.2025 07:53:42	17,65	-0,01	1,42	2,34	1475,86
2084	04.08.2025 07:53:43	17,65	-0,01	1,43	2,36	1475,87
2085	04.08.2025 07:53:44	17,65	-0,01	1,45	2,39	1475,89
2086	04.08.2025 07:53:45	17,65	0,01	1,38	2,29	1475,82
2087	04.08.2025 07:53:46	17,65	0,01	1,42	2,34	1475,86
2088	04.08.2025 07:53:47	17,65	0,01	1,53	2,52	1475,99
2089	04.08.2025 07:53:48	17,65	0,01	1,53	2,52	1475,99
2090	04.08.2025 07:53:49	17,65	0,01	1,55	2,55	1476,01
2091	04.08.2025 07:53:50	17,65	0,01	1,53	2,52	1475,99
2092	04.08.2025 07:53:51	17,65	0,01	1,53	2,52	1475,99
2093	04.08.2025 07:53:52	17,65	0,01	1,43	2,36	1475,88
2094	04.08.2025 07:53:53	17,68	0,03	1,48	2,44	1476,04
2095	04.08.2025 07:53:54	17,65	0,01	1,45	2,39	1475,90
2096	04.08.2025 07:53:55	17,65	0,01	1,48	2,44	1475,94
2097	04.08.2025 07:53:56	17,65	0,01	1,52	2,50	1475,97
2098	04.08.2025 07:53:57	17,68	0,01	0,87	1,48	1475,33
2099	04.08.2025 07:53:58	17,68	-0,01	0,66	1,14	1475,08
2100	04.08.2025 07:53:59	17,68	-0,03	0,57	0,98	1474,97
2101	04.08.2025 07:54:00	17,68	-0,01	0,54	0,93	1474,93
2102	04.08.2025 07:54:01	17,68	-0,01	0,54	0,93	1474,93
2103	04.08.2025 07:54:02	17,68	-0,01	0,54	0,93	1474,93
2104	04.08.2025 07:54:03	17,68	-0,01	0,52	0,90	1474,92
2105	04.08.2025 07:54:04	17,68	-0,03	0,52	0,90	1474,91
2106	04.08.2025 07:54:05	17,68	-0,01	0,52	0,90	1474,92
2107	04.08.2025 07:54:06	17,68	-0,01	0,52	0,90	1474,92
2108	04.08.2025 07:54:07	17,68	-0,01	0,50	0,87	1474,90
2109	04.08.2025 07:54:08	17,68	-0,01	0,50	0,87	1474,90
2110	04.08.2025 07:54:09	17,68	-0,01	0,50	0,87	1474,90
2111	04.08.2025 07:54:10	17,68	-0,01	0,49	0,85	1474,88
2112	04.08.2025 07:54:11	17,68	0,01	0,47	0,82	1474,86
2113	04.08.2025 07:54:12	17,68	-0,01	0,89	1,50	1475,34
2114	04.08.2025 07:54:13	17,68	-0,01	0,97	1,63	1475,44
2115	04.08.2025 07:54:14	17,68	-0,01	1,13	1,89	1475,63
2116	04.08.2025 07:54:15	17,68	-0,01	1,05	1,76	1475,53
2117	04.08.2025 07:54:16	17,68	-0,01	1,13	1,89	1475,63
2118	04.08.2025 07:54:17	17,68	0,01	0,95	1,61	1475,42
2119	04.08.2025 07:54:18	17,68	-0,01	1,08	1,81	1475,57
2120	04.08.2025 07:54:19	17,68	0,01	1,07	1,79	1475,55
2121	04.08.2025 07:54:20	17,68	-0,01	1,47	2,42	1476,01
2122	04.08.2025 07:54:21	17,68	-0,10	1,27	2,10	1475,76
2123	04.08.2025 07:54:22	17,68	-0,03	1,37	2,26	1475,89
2124	04.08.2025 07:54:23	17,68	-0,03	1,35	2,23	1475,87
2125	04.08.2025 07:54:24	17,83	-0,03	1,01	1,71	1475,98
2126	04.08.2025 07:54:25	17,98	-0,01	1,64	2,70	1477,19
2127	04.08.2025 07:54:26	18,04	-0,08	1,62	2,68	1477,35
2128	04.08.2025 07:54:27	18,04	-0,08	1,52	2,52	1477,24
2129	04.08.2025 07:54:28	18,07	-0,08	1,55	2,58	1477,37
2130	04.08.2025 07:54:29	18,13	-0,06	1,01	1,71	1476,94
2131	04.08.2025 07:54:30	18,25	-0,06	0,91	1,55	1477,21
2132	04.08.2025 07:54:31	18,37	-0,10	1,03	1,76	1477,74
2133	04.08.2025 07:54:32	18,49	-0,10	1,26	2,13	1478,38
2134	04.08.2025 07:54:33	18,58	-0,08	1,22	2,08	1478,63
2135	04.08.2025 07:54:34	18,70	-0,10	1,22	2,08	1479,00
2136	04.08.2025 07:54:35	18,82	-0,08	1,39	2,36	1479,59
2137	04.08.2025 07:54:36	19,00	0,50	1,37	2,34	1480,23
2138	04.08.2025 07:54:37	19,03	0,48	1,40	2,39	1480,35
2139	04.08.2025 07:54:38	19,06	0,52	92,42	108,29	1584,63
