#B	Created:	23.08.2025 14:14:21
##	Version	SeaStar	9.59
#5	Field separation:	0
#2	Date & Time:	1
#6	Decimal point:	,
#7	Date def.:	dd.mm.yyyy	.
#8	Time def.:	:
##	Axis	0	Temperature(°C)	clRed	FALSE
##	Axis	1	Pressure(Bar)	clBlue	FALSE
##	Axis	2	Angle(°)	clGreen	FALSE
##	Axis	3	EAL	clSkyBlue	FALSE
##	Axis	4	Roll(°)	$00404080	FALSE
##	Series	0	Temp(°C)	clRed	0	Temp(°C)	2
##	Series	1	Press(Bar)	clBlue	1	Press(Bar)	2
##	Series	2	Tilt-X(°)	clGreen	2	Tilt-X(°)	1
##	Series	3	Tilt-Y(°)	$00404080	2	Tilt-Y(°)	1
##	Series	4	Tilt-Z(°)	$00FF0080	2	Tilt-Z(°)	1
##	Series	5	EAL	clSkyBlue	3	EAL	0
##	Series	6	Roll(°)	$00404080	4	Roll(°)	1
##	Recorder	96	DST tilt	1173
##	Chart	96H1173DAT	
#D	Data:	3105	23.08.2025 13:21:00	23.08.2025 14:12:44
1	23.08.2025 13:21:00,000	19,47	4,46	47,5	33,5	9,0	0	74,0
2	23.08.2025 13:21:01,000	19,47	4,46	48,4	38,3	3,3	0	84,7
3	23.08.2025 13:21:02,000	19,47	4,44	47,5	33,5	9,0	0	74,0
4	23.08.2025 13:21:03,000	19,44	4,46	48,7	39,1	2,2	0	86,5
5	23.08.2025 13:21:04,000	19,44	4,46	47,0	35,0	8,0	0	76,2
6	23.08.2025 13:21:05,000	19,44	4,46	47,8	33,7	8,5	0	74,9
7	23.08.2025 13:21:06,000	19,41	4,46	50,0	39,0	0,9	0	88,5
8	23.08.2025 13:21:07,000	19,41	4,46	47,2	33,4	9,4	0	73,3
9	23.08.2025 13:21:08,000	19,41	4,46	47,5	35,5	7,0	0	78,1
10	23.08.2025 13:21:09,000	19,38	4,46	48,3	37,5	4,2	0	83,1
11	23.08.2025 13:21:10,000	19,38	4,46	50,1	38,2	1,6	0	87,4
12	23.08.2025 13:21:11,000	19,38	4,46	46,1	33,2	10,7	0	71,0
13	23.08.2025 13:21:12,000	19,35	4,45	48,8	37,2	3,9	0	83,5
14	23.08.2025 13:21:13,000	19,35	4,48	48,5	37,5	4,0	0	83,4
15	23.08.2025 13:21:14,000	19,35	4,45	48,2	35,7	6,0	0	79,7
16	23.08.2025 13:21:15,000	19,35	4,45	47,4	36,0	6,6	0	78,8
17	23.08.2025 13:21:16,000	19,32	4,45	48,5	37,2	4,3	0	82,9
18	23.08.2025 13:21:17,000	19,32	4,45	48,0	35,3	6,7	0	78,4
19	23.08.2025 13:21:18,000	19,32	4,47	47,7	37,8	4,6	0	82,5
20	23.08.2025 13:21:19,000	19,32	4,45	48,0	35,7	6,4	0	79,2
21	23.08.2025 13:21:20,000	19,29	4,45	47,8	36,3	5,9	0	80,1
22	23.08.2025 13:21:21,000	19,29	4,45	47,9	36,7	5,3	0	81,1
23	23.08.2025 13:21:22,000	19,29	4,45	47,2	34,6	8,1	0	75,9
24	23.08.2025 13:21:23,000	19,29	4,47	50,3	38,8	0,9	0	88,5
25	23.08.2025 13:21:24,000	19,26	4,44	46,7	33,0	10,3	0	71,6
26	23.08.2025 13:21:25,000	19,26	4,44	49,3	37,6	3,1	0	84,8
27	23.08.2025 13:21:26,000	19,26	4,47	48,0	37,3	4,7	0	82,3
28	23.08.2025 13:21:27,000	19,26	4,47	47,6	36,0	6,4	0	79,2
29	23.08.2025 13:21:28,000	19,23	4,47	48,1	37,5	4,4	0	82,8
30	23.08.2025 13:21:29,000	19,23	4,47	47,2	33,5	9,4	0	73,4
31	23.08.2025 13:21:30,000	19,23	4,47	50,0	38,5	-1,5	0	92,3
32	23.08.2025 13:21:31,000	19,23	4,47	46,9	34,6	8,4	0	75,4
33	23.08.2025 13:21:32,000	19,20	4,44	48,1	35,3	6,6	0	78,7
34	23.08.2025 13:21:33,000	19,20	4,44	48,4	37,5	4,1	0	83,3
35	23.08.2025 13:21:34,000	19,20	4,46	48,6	36,5	4,9	0	81,7
36	23.08.2025 13:21:35,000	19,20	4,46	48,6	35,8	5,7	0	80,3
37	23.08.2025 13:21:36,000	19,20	4,46	47,3	36,7	6,0	0	80,0
38	23.08.2025 13:21:37,000	19,17	4,46	47,6	36,2	6,2	0	79,6
39	23.08.2025 13:21:38,000	19,17	4,46	48,8	36,9	4,3	0	82,9
40	23.08.2025 13:21:39,000	19,17	4,48	47,3	37,5	5,2	0	81,4
41	23.08.2025 13:21:40,000	19,17	4,46	47,5	34,7	7,8	0	76,4
42	23.08.2025 13:21:41,000	19,14	4,46	48,8	38,0	3,2	0	84,8
43	23.08.2025 13:21:42,000	19,14	4,46	47,7	36,2	6,1	0	79,8
44	23.08.2025 13:21:43,000	19,14	4,46	47,9	36,1	6,0	0	79,9
45	23.08.2025 13:21:44,000	19,14	4,48	47,8	37,4	4,8	0	82,1
46	23.08.2025 13:21:45,000	19,11	4,48	48,3	34,8	6,9	0	78,0
47	23.08.2025 13:21:46,000	19,11	4,45	47,1	37,0	5,9	0	80,3
48	23.08.2025 13:21:47,000	19,11	4,48	49,2	36,4	4,4	0	82,6
49	23.08.2025 13:21:48,000	19,11	4,48	47,1	36,6	6,3	0	79,6
50	23.08.2025 13:21:49,000	19,08	4,47	47,1	35,3	7,6	0	76,9
51	23.08.2025 13:21:50,000	19,08	4,45	50,0	38,7	1,3	0	87,9
52	23.08.2025 13:21:51,000	19,08	4,45	46,5	33,6	9,9	0	72,6
53	23.08.2025 13:21:52,000	19,08	4,47	49,4	37,7	2,9	0	85,2
54	23.08.2025 13:21:53,000	19,08	4,45	47,7	36,7	5,6	0	80,7
55	23.08.2025 13:21:54,000	19,05	4,47	48,8	37,0	4,2	0	83,0
56	23.08.2025 13:21:55,000	19,05	4,45	48,7	34,4	6,9	0	77,8
57	23.08.2025 13:21:56,000	19,05	4,45	49,4	38,3	2,3	0	86,4
58	23.08.2025 13:21:57,000	19,05	4,45	47,7	35,7	6,6	0	78,8
59	23.08.2025 13:21:58,000	19,03	4,47	49,9	36,9	3,2	0	84,7
60	23.08.2025 13:21:59,000	19,03	4,47	48,1	32,2	9,7	0	72,3
61	23.08.2025 13:22:00,000	19,03	4,47	50,0	38,4	-1,6	0	92,6
62	23.08.2025 13:22:01,000	19,03	4,47	45,6	31,6	12,8	0	66,9
63	23.08.2025 13:22:02,000	19,03	4,47	50,3	38,7	-0,9	0	91,5
64	23.08.2025 13:22:03,000	19,00	4,47	46,7	32,7	10,6	0	71,1
65	23.08.2025 13:22:04,000	19,00	4,47	48,6	38,3	3,1	0	85,0
66	23.08.2025 13:22:05,000	19,00	4,44	47,7	37,4	4,9	0	81,9
67	23.08.2025 13:22:06,000	19,00	4,47	46,7	34,6	8,6	0	75,1
68	23.08.2025 13:22:07,000	19,00	4,47	49,7	36,5	3,8	0	83,6
69	23.08.2025 13:22:08,000	18,97	4,44	48,8	37,8	3,4	0	84,4
70	23.08.2025 13:22:09,000	18,97	4,46	46,7	33,7	9,5	0	73,3
71	23.08.2025 13:22:10,000	18,97	4,46	49,1	35,7	5,2	0	81,1
72	23.08.2025 13:22:11,000	18,97	4,44	48,9	37,2	3,8	0	83,6
73	23.08.2025 13:22:12,000	18,97	4,46	49,5	36,6	3,9	0	83,5
74	23.08.2025 13:22:13,000	18,94	4,46	47,4	36,1	6,4	0	79,2
75	23.08.2025 13:22:14,000	18,94	4,46	49,0	35,0	6,1	0	79,5
76	23.08.2025 13:22:15,000	18,94	4,46	50,3	38,7	1,0	0	88,4
77	23.08.2025 13:22:16,000	18,94	4,46	47,8	34,3	7,9	0	76,1
78	23.08.2025 13:22:17,000	18,94	4,46	49,1	36,8	4,1	0	83,1
79	23.08.2025 13:22:18,000	18,91	4,46	47,2	37,3	5,5	0	81,0
80	23.08.2025 13:22:19,000	18,91	4,46	48,3	35,4	6,2	0	79,4
81	23.08.2025 13:22:20,000	18,91	4,46	47,2	37,0	5,7	0	80,5
82	23.08.2025 13:22:21,000	18,91	4,46	48,7	37,2	4,1	0	83,2
83	23.08.2025 13:22:22,000	18,91	4,46	47,7	36,1	6,2	0	79,5
84	23.08.2025 13:22:23,000	18,91	4,46	48,1	36,7	5,2	0	81,3
85	23.08.2025 13:22:24,000	18,88	4,45	48,5	36,3	5,3	0	81,1
86	23.08.2025 13:22:25,000	18,88	4,45	48,2	38,1	3,7	0	84,0
87	23.08.2025 13:22:26,000	18,88	4,48	48,4	34,5	7,1	0	77,6
88	23.08.2025 13:22:27,000	18,88	4,45	48,3	36,7	5,0	0	81,6
89	23.08.2025 13:22:28,000	18,88	4,45	47,9	37,3	4,8	0	82,1
90	23.08.2025 13:22:29,000	18,85	4,43	50,6	36,7	2,7	0	85,5
91	23.08.2025 13:22:30,000	18,85	4,48	46,7	33,3	9,9	0	72,4
92	23.08.2025 13:22:31,000	18,85	4,45	50,6	36,6	-2,7	0	94,6
93	23.08.2025 13:22:32,000	18,85	4,48	47,0	35,4	7,6	0	77,0
94	23.08.2025 13:22:33,000	18,85	4,45	51,8	35,5	2,6	0	85,5
95	23.08.2025 13:22:34,000	18,85	4,45	46,0	34,3	9,7	0	73,2
96	23.08.2025 13:22:35,000	18,85	4,45	50,3	35,7	-4,0	0	96,8
97	23.08.2025 13:22:36,000	18,82	4,47	46,3	31,3	12,4	0	67,3
98	23.08.2025 13:22:37,000	18,82	4,45	50,5	38,7	-0,7	0	91,2
99	23.08.2025 13:22:38,000	18,82	4,45	47,1	35,0	8,0	0	76,3
100	23.08.2025 13:22:39,000	18,82	4,45	49,7	37,3	3,0	0	85,1
101	23.08.2025 13:22:40,000	18,82	4,47	47,6	34,1	8,3	0	75,5
102	23.08.2025 13:22:41,000	18,82	4,47	49,4	39,0	1,6	0	87,4
103	23.08.2025 13:22:42,000	18,79	4,45	46,9	34,1	9,0	0	74,2
104	23.08.2025 13:22:43,000	18,79	4,45	48,9	37,0	4,1	0	83,2
105	23.08.2025 13:22:44,000	18,79	4,45	48,8	36,7	4,5	0	82,4
106	23.08.2025 13:22:45,000	18,79	4,45	47,9	38,0	4,1	0	83,3
107	23.08.2025 13:22:46,000	18,79	4,45	46,8	34,9	8,3	0	75,8
108	23.08.2025 13:22:47,000	18,79	4,47	47,9	37,0	5,1	0	81,5
109	23.08.2025 13:22:48,000	18,79	4,45	48,6	37,7	3,7	0	83,9
110	23.08.2025 13:22:49,000	18,79	4,47	48,3	36,9	4,7	0	82,1
111	23.08.2025 13:22:50,000	18,79	4,47	46,5	35,1	8,4	0	75,6
112	23.08.2025 13:22:51,000	18,76	4,44	48,8	36,6	4,5	0	82,4
113	23.08.2025 13:22:52,000	18,76	4,44	49,6	36,7	3,7	0	83,9
114	23.08.2025 13:22:53,000	18,76	4,47	47,6	35,7	6,8	0	78,4
115	23.08.2025 13:22:54,000	18,76	4,47	49,9	37,5	2,6	0	85,7
116	23.08.2025 13:22:55,000	18,76	4,47	49,3	35,5	5,2	0	81,0
117	23.08.2025 13:22:56,000	18,76	4,44	48,1	34,7	7,1	0	77,6
118	23.08.2025 13:22:57,000	18,73	4,44	51,4	38,4	0,2	0	89,7
119	23.08.2025 13:22:58,000	18,73	4,44	47,1	34,8	8,1	0	75,9
120	23.08.2025 13:22:59,000	18,73	4,46	51,0	36,9	2,1	0	86,4
121	23.08.2025 13:23:00,000	18,73	4,46	48,1	32,5	9,4	0	72,9
122	23.08.2025 13:23:01,000	18,73	4,46	50,4	37,2	-2,5	0	94,1
123	23.08.2025 13:23:02,000	18,73	4,46	47,8	31,4	10,9	0	69,9
124	23.08.2025 13:23:03,000	18,73	4,44	51,1	35,0	-3,9	0	96,8
125	23.08.2025 13:23:04,000	18,70	4,44	46,0	32,6	11,4	0	69,5
126	23.08.2025 13:23:05,000	18,70	4,46	52,2	37,4	-0,5	0	90,8
127	23.08.2025 13:23:06,000	18,70	4,48	48,9	36,7	4,4	0	82,7
128	23.08.2025 13:23:07,000	18,70	4,46	47,6	34,8	7,6	0	76,8
129	23.08.2025 13:23:08,000	18,70	4,46	48,7	36,5	4,8	0	81,9
130	23.08.2025 13:23:09,000	18,70	4,44	48,7	32,4	8,9	0	73,7
131	23.08.2025 13:23:10,000	18,67	4,46	50,3	38,4	1,4	0	87,8
132	23.08.2025 13:23:11,000	18,67	4,46	48,5	34,9	6,6	0	78,5
133	23.08.2025 13:23:12,000	18,67	4,46	47,6	35,5	7,0	0	78,1
134	23.08.2025 13:23:13,000	18,67	4,46	51,6	36,9	1,5	0	87,4
135	23.08.2025 13:23:14,000	18,67	4,46	48,1	37,3	4,6	0	82,4
136	23.08.2025 13:23:15,000	18,67	4,46	48,8	37,3	3,9	0	83,5
137	23.08.2025 13:23:16,000	18,67	4,46	46,3	31,2	12,5	0	67,1
138	23.08.2025 13:23:17,000	18,64	4,46	49,5	36,8	-3,7	0	96,2
139	23.08.2025 13:23:18,000	18,64	4,46	46,6	37,1	6,4	0	79,4
140	23.08.2025 13:23:19,000	18,64	4,46	47,1	34,3	8,6	0	75,1
141	23.08.2025 13:23:20,000	18,64	4,46	48,8	36,7	4,5	0	82,5
142	23.08.2025 13:23:21,000	18,64	4,46	49,0	37,8	3,2	0	84,7
143	23.08.2025 13:23:22,000	18,64	4,46	50,6	36,9	2,5	0	85,9
144	23.08.2025 13:23:23,000	18,64	4,46	47,3	32,4	10,3	0	71,4
145	23.08.2025 13:23:24,000	18,61	4,45	51,8	37,4	-0,9	0	91,4
146	23.08.2025 13:23:25,000	18,61	4,48	50,8	36,2	3,0	0	84,9
147	23.08.2025 13:23:26,000	18,61	4,45	49,1	36,1	4,8	0	81,8
148	23.08.2025 13:23:27,000	18,61	4,48	49,5	35,2	5,3	0	80,9
149	23.08.2025 13:23:28,000	18,61	4,45	50,8	36,7	2,4	0	85,9
150	23.08.2025 13:23:29,000	18,61	4,45	49,7	35,9	4,4	0	82,5
151	23.08.2025 13:23:30,000	18,61	4,45	49,4	36,8	3,8	0	83,6
152	23.08.2025 13:23:31,000	18,58	4,47	48,9	35,1	6,1	0	79,5
153	23.08.2025 13:23:32,000	18,58	4,47	49,4	36,7	3,9	0	83,4
154	23.08.2025 13:23:33,000	18,58	4,45	49,5	36,7	3,8	0	83,6
155	23.08.2025 13:23:34,000	18,58	4,45	48,5	36,9	4,6	0	82,4
156	23.08.2025 13:23:35,000	18,58	4,47	48,6	34,3	7,0	0	77,7
157	23.08.2025 13:23:36,000	18,58	4,47	50,4	36,8	2,8	0	85,3
158	23.08.2025 13:23:37,000	18,58	4,47	50,4	37,0	2,6	0	85,7
159	23.08.2025 13:23:38,000	18,58	4,45	49,7	36,8	3,5	0	84,2
160	23.08.2025 13:23:39,000	18,55	4,47	48,4	32,4	9,2	0	73,2
161	23.08.2025 13:23:40,000	18,55	4,47	51,1	37,2	1,7	0	87,2
162	23.08.2025 13:23:41,000	18,55	4,47	49,7	37,6	2,7	0	85,6
163	23.08.2025 13:23:42,000	18,55	4,45	47,6	34,2	8,1	0	75,7
164	23.08.2025 13:23:43,000	18,55	4,47	50,1	36,2	3,6	0	83,8
165	23.08.2025 13:23:44,000	18,55	4,47	48,8	37,6	3,6	0	84,1
166	23.08.2025 13:23:45,000	18,55	4,47	47,5	35,0	7,5	0	77,1
167	23.08.2025 13:23:46,000	18,55	4,45	49,8	36,8	3,4	0	84,3
168	23.08.2025 13:23:47,000	18,52	4,44	47,9	36,2	5,9	0	80,1
169	23.08.2025 13:23:48,000	18,52	4,47	49,9	36,9	3,2	0	84,6
170	23.08.2025 13:23:49,000	18,52	4,44	48,4	35,2	6,3	0	79,1
171	23.08.2025 13:23:50,000	18,52	4,47	50,6	37,4	1,9	0	86,8
172	23.08.2025 13:23:51,000	18,52	4,44	48,0	34,8	7,3	0	77,4
173	23.08.2025 13:23:52,000	18,52	4,47	50,6	36,6	2,8	0	85,3
174	23.08.2025 13:23:53,000	18,52	4,47	48,7	36,4	4,9	0	81,8
175	23.08.2025 13:23:54,000	18,49	4,44	49,6	37,7	2,7	0	85,6
176	23.08.2025 13:23:55,000	18,49	4,46	46,7	32,5	10,8	0	70,6
177	23.08.2025 13:23:56,000	18,49	4,46	49,5	37,5	-3,1	0	95,0
178	23.08.2025 13:23:57,000	18,49	4,46	46,6	35,7	7,7	0	76,9
179	23.08.2025 13:23:58,000	18,49	4,44	47,0	33,2	9,7	0	72,7
180	23.08.2025 13:23:59,000	18,49	4,44	49,9	37,7	2,4	0	86,1
181	23.08.2025 13:24:00,000	18,49	4,46	49,5	37,1	3,4	0	84,4
182	23.08.2025 13:24:01,000	18,49	4,46	48,1	34,3	7,6	0	76,6
183	23.08.2025 13:24:02,000	18,46	4,44	50,0	37,6	2,3	0	86,2
184	23.08.2025 13:24:03,000	18,46	4,46	49,8	36,5	3,7	0	83,8
185	23.08.2025 13:24:04,000	18,46	4,46	49,5	34,8	5,6	0	80,2
186	23.08.2025 13:24:05,000	18,46	4,46	47,9	36,7	5,3	0	81,1
187	23.08.2025 13:24:06,000	18,46	4,46	50,9	37,1	2,0	0	86,7
188	23.08.2025 13:24:07,000	18,46	4,44	48,5	35,5	6,0	0	79,7
189	23.08.2025 13:24:08,000	18,46	4,46	48,5	37,0	4,5	0	82,6
190	23.08.2025 13:24:09,000	18,46	4,46	49,8	36,6	3,6	0	83,9
191	23.08.2025 13:24:10,000	18,46	4,44	48,1	35,6	6,3	0	79,3
192	23.08.2025 13:24:11,000	18,43	4,46	48,1	36,6	5,3	0	81,1
193	23.08.2025 13:24:12,000	18,43	4,46	49,9	38,5	1,6	0	87,5
194	23.08.2025 13:24:13,000	18,43	4,46	48,1	34,3	7,6	0	76,7
195	23.08.2025 13:24:14,000	18,43	4,46	49,5	36,2	4,3	0	82,7
196	23.08.2025 13:24:15,000	18,43	4,46	49,8	37,1	3,1	0	84,9
197	23.08.2025 13:24:16,000	18,43	4,46	49,3	36,9	3,8	0	83,7
198	23.08.2025 13:24:17,000	18,43	4,46	46,8	33,0	10,2	0	71,9
199	23.08.2025 13:24:18,000	18,43	4,46	51,1	38,5	-0,4	0	90,7
200	23.08.2025 13:24:19,000	18,40	4,46	48,4	36,4	5,2	0	81,3
201	23.08.2025 13:24:20,000	18,40	4,46	48,8	35,0	6,2	0	79,2
202	23.08.2025 13:24:21,000	18,40	4,43	48,9	37,3	3,8	0	83,8
203	23.08.2025 13:24:22,000	18,40	4,46	50,1	36,0	4,0	0	83,2
204	23.08.2025 13:24:23,000	18,40	4,46	50,0	36,1	3,9	0	83,3
205	23.08.2025 13:24:24,000	18,40	4,46	50,1	36,0	3,9	0	83,3
206	23.08.2025 13:24:25,000	18,40	4,46	51,2	36,4	2,5	0	85,8
207	23.08.2025 13:24:26,000	18,40	4,46	48,0	32,9	9,1	0	73,7
208	23.08.2025 13:24:27,000	18,37	4,45	52,1	36,1	-1,8	0	93,1
209	23.08.2025 13:24:28,000	18,37	4,45	48,1	33,1	8,8	0	74,3
210	23.08.2025 13:24:29,000	18,37	4,45	50,9	38,4	-0,7	0	91,1
211	23.08.2025 13:24:30,000	18,37	4,45	48,3	32,7	9,0	0	73,7
212	23.08.2025 13:24:31,000	18,37	4,48	50,0	37,5	2,5	0	85,8
213	23.08.2025 13:24:32,000	18,37	4,48	48,6	36,8	4,6	0	82,4
214	23.08.2025 13:24:33,000	18,37	4,45	48,1	36,0	5,9	0	80,0
215	23.08.2025 13:24:34,000	18,37	4,45	49,2	36,7	4,1	0	83,2
216	23.08.2025 13:24:35,000	18,37	4,45	48,1	37,5	4,4	0	82,7
217	23.08.2025 13:24:36,000	18,34	4,45	49,2	36,6	4,2	0	82,9
218	23.08.2025 13:24:37,000	18,34	4,45	46,8	35,8	7,3	0	77,6
219	23.08.2025 13:24:38,000	18,34	4,45	50,0	37,3	2,8	0	85,4
220	23.08.2025 13:24:39,000	18,34	4,45	48,5	36,5	5,0	0	81,6
221	23.08.2025 13:24:40,000	18,34	4,45	49,0	36,3	4,7	0	82,1
222	23.08.2025 13:24:41,000	18,34	4,47	49,9	36,2	4,0	0	83,3
223	23.08.2025 13:24:42,000	18,34	4,47	50,0	35,1	4,9	0	81,5
224	23.08.2025 13:24:43,000	18,34	4,47	52,4	37,3	-0,3	0	90,6
225	23.08.2025 13:24:44,000	18,34	4,45	47,5	34,0	8,5	0	75,1
226	23.08.2025 13:24:45,000	18,34	4,45	52,6	37,0	0,4	0	89,3
227	23.08.2025 13:24:46,000	18,34	4,47	48,1	35,6	6,3	0	79,3
228	23.08.2025 13:24:47,000	18,31	4,45	50,3	37,3	2,4	0	86,0
229	23.08.2025 13:24:48,000	18,31	4,47	48,6	34,8	6,6	0	78,5
230	23.08.2025 13:24:49,000	18,31	4,45	50,3	36,7	3,1	0	84,8
231	23.08.2025 13:24:50,000	18,31	4,47	49,9	36,9	3,2	0	84,7
232	23.08.2025 13:24:51,000	18,31	4,47	49,0	35,3	5,7	0	80,2
233	23.08.2025 13:24:52,000	18,31	4,47	51,2	35,7	3,1	0	84,6
234	23.08.2025 13:24:53,000	18,31	4,47	50,4	37,2	2,4	0	86,0
235	23.08.2025 13:24:54,000	18,31	4,45	49,1	35,3	5,6	0	80,3
236	23.08.2025 13:24:55,000	18,31	4,47	51,3	36,5	2,2	0	86,3
237	23.08.2025 13:24:56,000	18,31	4,47	47,7	33,9	8,4	0	75,2
238	23.08.2025 13:24:57,000	18,31	4,45	51,0	38,3	-0,8	0	91,2
239	23.08.2025 13:24:58,000	18,31	4,47	47,6	33,8	8,6	0	74,8
240	23.08.2025 13:24:59,000	18,28	4,47	48,1	36,7	5,2	0	81,3
241	23.08.2025 13:25:00,000	18,28	4,47	49,6	37,8	2,6	0	85,7
242	23.08.2025 13:25:01,000	18,28	4,44	48,1	35,1	6,9	0	78,1
243	23.08.2025 13:25:02,000	18,28	4,44	49,6	36,9	3,5	0	84,2
244	23.08.2025 13:25:03,000	18,28	4,47	49,6	36,0	4,4	0	82,6
245	23.08.2025 13:25:04,000	18,28	4,47	49,4	36,0	4,6	0	82,2
246	23.08.2025 13:25:05,000	18,28	4,47	49,8	36,7	3,5	0	84,1
247	23.08.2025 13:25:06,000	18,28	4,47	51,2	36,3	2,5	0	85,8
248	23.08.2025 13:25:07,000	18,28	4,44	48,6	35,9	5,6	0	80,5
249	23.08.2025 13:25:08,000	18,25	4,47	48,8	36,7	4,5	0	82,5
250	23.08.2025 13:25:09,000	18,25	4,47	50,0	36,0	4,0	0	83,1
251	23.08.2025 13:25:10,000	18,25	4,47	49,7	36,7	3,6	0	83,9
252	23.08.2025 13:25:11,000	18,25	4,47	47,2	37,0	5,8	0	80,4
253	23.08.2025 13:25:12,000	18,25	4,47	48,1	34,7	7,2	0	77,5
254	23.08.2025 13:25:13,000	18,25	4,47	50,5	37,5	2,0	0	86,8
255	23.08.2025 13:25:14,000	18,25	4,47	47,6	35,0	7,4	0	77,2
256	23.08.2025 13:25:15,000	18,25	4,44	49,2	37,6	3,2	0	84,7
257	23.08.2025 13:25:16,000	18,25	4,47	47,6	34,2	8,3	0	75,5
258	23.08.2025 13:25:17,000	18,25	4,49	51,5	37,8	0,7	0	88,9
259	23.08.2025 13:25:18,000	18,22	4,46	46,6	35,4	8,0	0	76,3
260	23.08.2025 13:25:19,000	18,22	4,46	50,0	36,7	3,3	0	84,5
261	23.08.2025 13:25:20,000	18,22	4,46	49,5	36,0	4,6	0	82,2
262	23.08.2025 13:25:21,000	18,22	4,46	49,6	35,9	4,5	0	82,4
263	23.08.2025 13:25:22,000	18,22	4,46	50,4	37,8	1,7	0	87,2
264	23.08.2025 13:25:23,000	18,22	4,46	49,3	33,2	7,5	0	76,5
265	23.08.2025 13:25:24,000	18,22	4,46	52,3	36,7	1,0	0	88,3
266	23.08.2025 13:25:25,000	18,22	4,46	49,4	37,1	3,4	0	84,3
267	23.08.2025 13:25:26,000	18,22	4,46	50,7	36,3	2,9	0	85,0
268	23.08.2025 13:25:27,000	18,22	4,46	48,6	31,1	10,3	0	70,7
269	23.08.2025 13:25:28,000	18,19	4,46	50,1	37,1	-2,8	0	94,7
270	23.08.2025 13:25:29,000	18,19	4,46	47,8	36,4	5,7	0	80,4
271	23.08.2025 13:25:30,000	18,19	4,46	48,0	32,7	9,4	0	73,0
272	23.08.2025 13:25:31,000	18,19	4,46	49,6	38,1	2,2	0	86,4
273	23.08.2025 13:25:32,000	18,19	4,46	49,7	37,6	2,8	0	85,5
274	23.08.2025 13:25:33,000	18,19	4,46	46,8	33,4	9,8	0	72,6
275	23.08.2025 13:25:34,000	18,19	4,46	49,7	37,2	3,0	0	85,0
276	23.08.2025 13:25:35,000	18,19	4,46	48,9	36,0	5,1	0	81,4
277	23.08.2025 13:25:36,000	18,19	4,46	52,1	37,5	0,4	0	89,4
278	23.08.2025 13:25:37,000	18,19	4,46	46,7	34,1	9,2	0	73,9
279	23.08.2025 13:25:38,000	18,19	4,46	50,8	37,6	1,6	0	87,4
280	23.08.2025 13:25:39,000	18,16	4,46	51,2	36,1	2,8	0	85,3
281	23.08.2025 13:25:40,000	18,16	4,46	48,2	36,1	5,7	0	80,4
282	23.08.2025 13:25:41,000	18,16	4,46	48,8	36,4	4,8	0	81,9
283	23.08.2025 13:25:42,000	18,16	4,46	49,0	36,9	4,0	0	83,3
284	23.08.2025 13:25:43,000	18,16	4,46	50,7	37,8	1,5	0	87,6
285	23.08.2025 13:25:44,000	18,16	4,46	46,6	33,2	10,2	0	72,0
286	23.08.2025 13:25:45,000	18,16	4,46	51,2	38,3	0,5	0	89,2
287	23.08.2025 13:25:46,000	18,16	4,48	48,7	37,3	4,0	0	83,4
288	23.08.2025 13:25:47,000	18,16	4,46	48,7	35,3	6,0	0	79,8
289	23.08.2025 13:25:48,000	18,13	4,45	47,7	35,7	6,6	0	78,7
290	23.08.2025 13:25:49,000	18,13	4,45	51,8	37,8	-0,5	0	90,8
291	23.08.2025 13:25:50,000	18,13	4,45	47,8	36,6	5,7	0	80,5
292	23.08.2025 13:25:51,000	18,13	4,45	49,4	34,9	5,8	0	79,9
293	23.08.2025 13:25:52,000	18,13	4,48	50,5	36,7	2,7	0	85,5
294	23.08.2025 13:25:53,000	18,13	4,45	50,3	36,8	2,9	0	85,1
295	23.08.2025 13:25:54,000	18,13	4,45	49,9	36,5	3,7	0	83,8
296	23.08.2025 13:25:55,000	18,13	4,45	49,4	36,2	4,3	0	82,6
297	23.08.2025 13:25:56,000	18,13	4,45	49,1	34,9	6,1	0	79,4
298	23.08.2025 13:25:57,000	18,13	4,45	50,3	37,6	-2,0	0	93,3
299	23.08.2025 13:25:58,000	18,13	4,48	46,8	34,9	8,3	0	75,6
300	23.08.2025 13:25:59,000	18,11	4,45	48,1	32,2	9,6	0	72,4
301	23.08.2025 13:26:00,000	18,11	4,45	51,1	38,4	-0,5	0	90,8
302	23.08.2025 13:26:01,000	18,11	4,45	48,3	37,1	4,5	0	82,5
303	23.08.2025 13:26:02,000	18,11	4,47	47,3	33,3	9,4	0	73,2
304	23.08.2025 13:26:03,000	18,11	4,47	50,1	37,0	2,9	0	85,2
305	23.08.2025 13:26:04,000	18,11	4,47	49,5	38,2	2,3	0	86,3
306	23.08.2025 13:26:05,000	18,11	4,45	48,3	35,4	6,3	0	79,2
307	23.08.2025 13:26:06,000	18,11	4,47	49,8	33,9	6,3	0	78,8
308	23.08.2025 13:26:07,000	18,11	4,47	51,6	37,9	-0,5	0	90,7
309	23.08.2025 13:26:08,000	18,11	4,47	49,3	34,5	6,2	0	79,1
310	23.08.2025 13:26:09,000	18,11	4,47	50,3	35,4	4,3	0	82,6
311	23.08.2025 13:26:10,000	18,08	4,47	51,6	37,3	-1,0	0	91,7
312	23.08.2025 13:26:11,000	18,08	4,45	47,1	34,8	8,1	0	76,0
313	23.08.2025 13:26:12,000	18,08	4,45	52,8	36,4	0,8	0	88,7
314	23.08.2025 13:26:13,000	18,08	4,47	48,2	35,6	6,2	0	79,3
315	23.08.2025 13:26:14,000	18,08	4,45	50,8	37,6	1,6	0	87,3
316	23.08.2025 13:26:15,000	18,08	4,47	48,6	36,6	4,9	0	81,9
317	23.08.2025 13:26:16,000	18,08	4,45	49,3	36,1	4,6	0	82,2
318	23.08.2025 13:26:17,000	18,08	4,45	49,9	37,0	3,1	0	84,9
319	23.08.2025 13:26:18,000	18,08	4,45	48,7	36,3	5,0	0	81,6
320	23.08.2025 13:26:19,000	18,08	4,47	49,4	37,3	3,2	0	84,7
321	23.08.2025 13:26:20,000	18,05	4,47	50,9	35,5	3,6	0	83,9
322	23.08.2025 13:26:21,000	18,05	4,47	49,6	33,0	7,5	0	76,5
323	23.08.2025 13:26:22,000	18,05	4,45	52,4	37,5	0,1	0	89,9
324	23.08.2025 13:26:23,000	18,05	4,47	49,8	33,3	7,0	0	77,4
325	23.08.2025 13:26:24,000	18,05	4,47	50,2	37,3	2,5	0	85,9
326	23.08.2025 13:26:25,000	18,05	4,47	44,9	35,7	9,4	0	74,3
327	23.08.2025 13:26:26,000	18,05	4,47	46,2	39,3	4,5	0	82,9
328	23.08.2025 13:26:27,000	18,05	4,45	42,4	39,0	8,7	0	76,4
329	23.08.2025 13:26:28,000	18,05	4,45	41,2	37,2	11,6	0	71,3
330	23.08.2025 13:26:29,000	18,05	4,45	40,9	39,1	10,1	0	74,3
331	23.08.2025 13:26:30,000	18,05	4,45	40,3	39,3	10,4	0	73,8
332	23.08.2025 13:26:31,000	18,05	4,47	41,1	40,2	8,7	0	76,5
333	23.08.2025 13:26:32,000	18,02	4,47	40,4	37,6	12,0	0	70,8
334	23.08.2025 13:26:33,000	18,02	4,44	40,9	38,0	11,2	0	72,3
335	23.08.2025 13:26:34,000	18,02	4,47	41,4	42,4	6,2	0	80,7
336	23.08.2025 13:26:35,000	18,02	4,47	35,5	41,7	12,8	0	71,2
337	23.08.2025 13:26:36,000	18,02	4,47	36,6	39,6	13,8	0	69,2
338	23.08.2025 13:26:37,000	18,02	4,47	37,5	44,0	8,5	0	77,8
339	23.08.2025 13:26:38,000	18,02	4,47	37,1	42,4	10,5	0	74,6
340	23.08.2025 13:26:39,000	18,02	4,47	37,0	40,6	12,4	0	71,3
341	23.08.2025 13:26:40,000	18,02	4,44	37,9	40,9	11,2	0	73,2
342	23.08.2025 13:26:41,000	18,02	4,47	37,6	41,8	10,7	0	74,2
343	23.08.2025 13:26:42,000	18,02	4,47	38,8	42,0	9,2	0	76,3
344	23.08.2025 13:26:43,000	17,99	4,44	37,2	40,6	12,2	0	71,6
345	23.08.2025 13:26:44,000	17,99	4,44	38,2	41,6	10,3	0	74,7
346	23.08.2025 13:26:45,000	17,99	4,44	39,8	40,3	10,0	0	74,8
347	23.08.2025 13:26:46,000	17,99	4,46	39,6	39,6	10,7	0	73,4
348	23.08.2025 13:26:47,000	17,99	4,46	43,2	39,3	7,5	0	78,3
349	23.08.2025 13:26:48,000	17,99	4,46	47,1	38,9	3,9	0	83,8
350	23.08.2025 13:26:49,000	17,99	4,44	50,6	36,0	3,4	0	84,2
351	23.08.2025 13:26:50,000	17,99	4,46	52,0	37,1	-1,0	0	91,6
352	23.08.2025 13:26:51,000	17,99	4,46	52,1	37,7	0,1	0	89,8
353	23.08.2025 13:26:52,000	17,99	4,46	46,0	39,6	4,5	0	83,0
354	23.08.2025 13:26:53,000	17,99	4,46	42,0	40,1	7,9	0	77,8
355	23.08.2025 13:26:54,000	17,96	4,46	41,3	38,1	10,6	0	73,2
356	23.08.2025 13:26:55,000	17,96	4,46	41,5	39,3	9,2	0	75,5
357	23.08.2025 13:26:56,000	17,96	4,46	43,7	38,2	8,1	0	77,0
358	23.08.2025 13:26:57,000	17,96	4,44	52,1	37,8	0,1	0	89,8
359	23.08.2025 13:26:58,000	17,96	4,44	52,8	28,5	-8,6	0	107,6
360	23.08.2025 13:26:59,000	17,96	4,46	52,7	24,4	-12,9	0	118,5
361	23.08.2025 13:27:00,000	17,96	4,46	53,5	22,2	-14,2	0	123,1
362	23.08.2025 13:27:01,000	17,96	4,48	53,9	22,5	-13,6	0	121,6
363	23.08.2025 13:27:02,000	17,96	4,46	52,3	25,8	-11,9	0	115,6
364	23.08.2025 13:27:03,000	17,96	4,46	53,3	29,0	-7,6	0	105,4
365	23.08.2025 13:27:04,000	17,96	4,46	53,4	30,7	-5,9	0	101,5
366	23.08.2025 13:27:05,000	17,93	4,46	52,7	31,9	-5,3	0	100,1
367	23.08.2025 13:27:06,000	17,96	4,46	52,5	33,3	-4,2	0	97,6
368	23.08.2025 13:27:07,000	17,93	4,46	52,9	33,9	-3,3	0	95,8
369	23.08.2025 13:27:08,000	17,93	4,46	53,0	33,9	-3,1	0	95,6
370	23.08.2025 13:27:09,000	17,93	4,46	53,4	34,1	-2,4	0	94,4
371	23.08.2025 13:27:10,000	17,93	4,46	52,7	34,7	-2,7	0	94,7
372	23.08.2025 13:27:11,000	17,93	4,46	52,4	35,6	-2,0	0	93,4
373	23.08.2025 13:27:12,000	17,93	4,46	52,9	34,5	-2,7	0	94,7
374	23.08.2025 13:27:13,000	17,93	4,46	54,1	34,5	-1,3	0	92,3
375	23.08.2025 13:27:14,000	17,93	4,48	52,9	34,4	-2,7	0	94,7
376	23.08.2025 13:27:15,000	17,93	4,46	52,4	34,7	-2,9	0	95,0
377	23.08.2025 13:27:16,000	17,93	4,46	54,0	33,8	-2,2	0	94,0
378	23.08.2025 13:27:17,000	17,93	4,46	55,4	32,0	-2,6	0	94,9
379	23.08.2025 13:27:18,000	17,90	4,45	53,6	31,7	-4,6	0	98,8
380	23.08.2025 13:27:19,000	17,90	4,43	53,9	32,1	-4,0	0	97,5
381	23.08.2025 13:27:20,000	17,90	4,45	54,8	32,8	-2,4	0	94,4
382	23.08.2025 13:27:21,000	17,90	4,45	54,2	33,6	2,1	0	86,1
383	23.08.2025 13:27:22,000	17,90	4,45	54,5	34,8	-0,6	0	91,1
384	23.08.2025 13:27:23,000	17,90	4,45	53,3	34,3	2,4	0	85,8
385	23.08.2025 13:27:24,000	17,90	4,45	52,6	33,9	3,5	0	83,8
386	23.08.2025 13:27:25,000	17,90	4,45	54,2	34,5	-1,3	0	92,3
387	23.08.2025 13:27:26,000	17,90	4,45	54,5	34,9	0,6	0	88,9
388	23.08.2025 13:27:27,000	17,90	4,45	54,0	35,0	1,1	0	88,2
389	23.08.2025 13:27:28,000	17,90	4,45	53,6	35,0	1,4	0	87,6
390	23.08.2025 13:27:29,000	17,90	4,45	54,2	34,6	1,2	0	88,0
391	23.08.2025 13:27:30,000	17,87	4,45	56,4	30,7	-2,9	0	95,6
392	23.08.2025 13:27:31,000	17,87	4,45	53,3	29,6	-7,1	0	104,1
393	23.08.2025 13:27:32,000	17,87	4,45	54,2	32,7	-3,1	0	95,7
394	23.08.2025 13:27:33,000	17,87	4,45	54,8	34,2	-1,1	0	91,9
395	23.08.2025 13:27:34,000	17,87	4,45	53,4	34,1	-2,5	0	94,5
396	23.08.2025 13:27:35,000	17,87	4,45	54,2	34,0	-1,8	0	93,2
397	23.08.2025 13:27:36,000	17,87	4,45	53,8	33,3	-2,9	0	95,3
398	23.08.2025 13:27:37,000	17,87	4,45	53,2	34,7	-2,1	0	93,7
399	23.08.2025 13:27:38,000	17,87	4,45	53,5	35,0	-1,6	0	92,8
400	23.08.2025 13:27:39,000	17,87	4,48	53,8	34,4	-1,8	0	93,2
401	23.08.2025 13:27:40,000	17,87	4,45	53,4	33,3	-3,3	0	96,1
402	23.08.2025 13:27:41,000	17,87	4,45	53,5	33,4	-3,0	0	95,5
403	23.08.2025 13:27:42,000	17,87	4,45	53,0	34,2	-2,7	0	94,9
404	23.08.2025 13:27:43,000	17,87	4,48	53,2	34,2	-2,6	0	94,6
405	23.08.2025 13:27:44,000	17,87	4,45	52,6	34,4	-2,9	0	95,2
406	23.08.2025 13:27:45,000	17,84	4,47	53,8	34,4	-1,8	0	93,2
407	23.08.2025 13:27:46,000	17,84	4,45	54,3	34,9	-0,8	0	91,3
408	23.08.2025 13:27:47,000	17,84	4,47	52,9	34,0	-3,1	0	95,6
409	23.08.2025 13:27:48,000	17,84	4,47	52,3	33,9	-3,8	0	96,8
410	23.08.2025 13:27:49,000	17,84	4,47	53,9	34,3	-1,8	0	93,2
411	23.08.2025 13:27:50,000	17,84	4,45	53,5	35,5	-1,0	0	91,7
412	23.08.2025 13:27:51,000	17,84	4,45	51,0	34,3	-4,7	0	98,3
413	23.08.2025 13:27:52,000	17,84	4,45	51,3	34,8	-4,0	0	97,0
414	23.08.2025 13:27:53,000	17,84	4,47	53,7	36,0	-0,3	0	90,4
415	23.08.2025 13:27:54,000	17,84	4,47	52,2	34,4	-3,3	0	95,9
416	23.08.2025 13:27:55,000	17,84	4,47	51,1	33,3	-5,5	0	100,0
417	23.08.2025 13:27:56,000	17,84	4,45	50,1	33,8	-6,1	0	100,8
418	23.08.2025 13:27:57,000	17,84	4,47	52,0	34,6	-3,4	0	96,0
419	23.08.2025 13:27:58,000	17,84	4,45	52,3	35,7	-2,0	0	93,4
420	23.08.2025 13:27:59,000	17,84	4,45	49,7	36,1	-4,2	0	97,1
421	23.08.2025 13:28:00,000	17,84	4,45	50,0	33,1	-6,9	0	102,5
422	23.08.2025 13:28:01,000	17,84	4,47	50,1	33,2	-6,7	0	102,1
423	23.08.2025 13:28:02,000	17,81	4,45	50,4	36,5	-3,1	0	95,2
424	23.08.2025 13:28:03,000	17,81	4,45	50,2	36,3	-3,5	0	95,9
425	23.08.2025 13:28:04,000	17,81	4,45	52,6	33,2	-4,2	0	97,7
426	23.08.2025 13:28:05,000	17,81	4,47	50,3	32,5	-7,2	0	103,3
427	23.08.2025 13:28:06,000	17,81	4,45	49,0	35,5	-5,6	0	99,6
428	23.08.2025 13:28:07,000	17,81	4,47	50,2	38,8	1,0	0	88,5
429	23.08.2025 13:28:08,000	17,81	4,47	59,0	20,7	10,3	0	63,1
430	23.08.2025 13:28:09,000	17,81	4,45	61,8	18,9	9,3	0	63,1
431	23.08.2025 13:28:10,000	17,81	4,47	58,6	20,6	10,8	0	61,9
432	23.08.2025 13:28:11,000	17,81	4,45	23,9	51,9	14,1	1	72,2
433	23.08.2025 13:28:12,000	17,81	4,45	15,7	15,4	-58,9	1	162,1
434	23.08.2025 13:28:13,000	17,81	4,45	3,9	3,7	-82,3	1	176,2
435	23.08.2025 13:28:14,000	17,84	4,45	46,9	37,5	5,6	1	80,7
436	23.08.2025 13:28:15,000	17,81	4,38	43,4	41,0	-5,6	0	98,6
437	23.08.2025 13:28:16,000	17,69	4,55	36,1	22,7	31,3	1	36,8
438	23.08.2025 13:28:17,000	17,60	4,57	40,3	-15,2	34,5	0	-25,1
439	23.08.2025 13:28:18,000	17,54	4,58	35,3	-7,4	47,3	0	-10,1
440	23.08.2025 13:28:19,000	17,51	4,63	32,6	7,6	49,8	0	10,0
441	23.08.2025 13:28:20,000	17,45	4,69	52,5	-1,2	36,3	0	-2,1
442	23.08.2025 13:28:21,000	17,36	4,71	39,3	0,1	50,6	0	0,2
443	23.08.2025 13:28:22,000	17,33	4,73	42,0	-6,4	41,6	0	-9,7
444	23.08.2025 13:28:23,000	17,30	4,68	40,5	-0,2	49,3	0	-0,3
445	23.08.2025 13:28:24,000	17,27	4,72	44,4	-6,0	39,6	0	-9,5
446	23.08.2025 13:28:25,000	17,24	4,67	36,1	-3,3	50,6	0	-4,3
447	23.08.2025 13:28:26,000	17,21	4,67	26,6	-8,5	54,9	0	-10,6
448	23.08.2025 13:28:27,000	17,18	4,57	19,2	-15,0	55,8	0	-18,1
449	23.08.2025 13:28:28,000	17,12	4,68	28,0	-11,4	50,6	0	-14,8
450	23.08.2025 13:28:29,000	17,06	4,70	28,7	-13,6	47,7	0	-18,1
451	23.08.2025 13:28:30,000	17,06	4,70	35,7	-7,5	46,8	0	-10,3
452	23.08.2025 13:28:31,000	17,06	4,70	30,2	-5,9	53,9	0	-7,4
453	23.08.2025 13:28:32,000	17,03	4,70	38,2	-15,2	36,6	0	-24,1
454	23.08.2025 13:28:33,000	16,97	4,74	39,6	-10,3	40,1	0	-15,7
455	23.08.2025 13:28:34,000	16,85	4,78	33,2	-13,3	43,4	0	-18,9
456	23.08.2025 13:28:35,000	16,76	4,77	30,3	-23,4	36,3	0	-34,3
457	23.08.2025 13:28:36,000	16,64	4,78	31,0	-18,7	40,4	0	-26,8
458	23.08.2025 13:28:37,000	16,55	4,84	34,5	-11,5	44,0	0	-16,4
459	23.08.2025 13:28:38,000	16,49	4,86	38,7	-12,2	39,1	0	-18,8
460	23.08.2025 13:28:39,000	16,43	4,88	35,3	-9,1	45,5	0	-12,8
461	23.08.2025 13:28:40,000	16,40	4,85	43,0	-13,2	33,8	0	-22,6
462	23.08.2025 13:28:41,000	16,37	4,87	43,5	-9,9	36,6	0	-16,3
463	23.08.2025 13:28:42,000	16,30	4,86	45,8	-12,0	32,2	0	-21,6
464	23.08.2025 13:28:43,000	16,27	4,86	37,9	-4,7	47,4	0	-6,4
465	23.08.2025 13:28:44,000	16,27	4,84	39,3	-1,2	49,4	0	-1,6
466	23.08.2025 13:28:45,000	16,24	4,86	45,8	-6,8	37,4	0	-11,2
467	23.08.2025 13:28:46,000	16,24	4,86	41,1	0,1	48,9	0	0,1
468	23.08.2025 13:28:47,000	16,21	4,83	36,7	4,0	49,3	0	5,3
469	23.08.2025 13:28:48,000	16,21	4,86	50,5	-3,4	36,1	0	-5,7
470	23.08.2025 13:28:49,000	16,21	4,86	51,8	-5,4	32,8	0	-9,8
471	23.08.2025 13:28:50,000	16,18	4,88	48,5	-9,5	32,0	0	-17,5
472	23.08.2025 13:28:51,000	16,18	4,85	36,9	2,0	51,1	0	2,6
473	23.08.2025 13:28:52,000	16,15	4,87	44,2	-1,5	44,3	0	-2,1
474	23.08.2025 13:28:53,000	16,12	4,89	52,8	-4,2	33,0	0	-7,7
475	23.08.2025 13:28:54,000	16,12	4,94	53,3	3,2	33,5	0	5,8
476	23.08.2025 13:28:55,000	16,09	4,94	57,8	2,1	30,1	0	4,1
477	23.08.2025 13:28:56,000	16,09	4,94	58,8	4,4	26,8	0	9,7
478	23.08.2025 13:28:57,000	16,09	4,96	55,0	8,9	26,1	0	19,6
479	23.08.2025 13:28:58,000	16,09	4,96	59,0	6,9	24,2	0	16,4
480	23.08.2025 13:28:59,000	16,09	4,99	56,7	8,5	24,8	0	19,5
481	23.08.2025 13:29:00,000	16,06	4,98	54,9	9,8	25,4	0	21,7
482	23.08.2025 13:29:01,000	16,03	5,03	58,9	7,0	24,1	0	16,7
483	23.08.2025 13:29:02,000	16,00	5,05	55,2	11,0	23,7	0	25,5
484	23.08.2025 13:29:03,000	15,97	5,04	54,8	12,8	22,3	0	30,4
485	23.08.2025 13:29:04,000	15,94	5,06	53,0	14,7	22,2	0	34,0
486	23.08.2025 13:29:05,000	15,94	5,06	54,5	11,2	24,3	0	25,3
487	23.08.2025 13:29:06,000	15,94	5,06	53,9	12,3	23,8	0	27,9
488	23.08.2025 13:29:07,000	15,94	5,06	59,2	9,5	21,2	0	24,6
489	23.08.2025 13:29:08,000	15,94	5,06	58,6	8,7	22,7	0	21,5
490	23.08.2025 13:29:09,000	15,94	5,06	58,6	8,2	23,2	0	19,9
491	23.08.2025 13:29:10,000	15,94	5,06	61,0	5,5	23,5	0	13,6
492	23.08.2025 13:29:11,000	15,94	5,06	61,4	6,4	22,2	0	13,6
493	23.08.2025 13:29:12,000	15,94	5,06	63,0	3,8	23,3	0	13,6
494	23.08.2025 13:29:13,000	15,94	5,09	63,9	2,9	23,2	0	13,6
495	23.08.2025 13:29:14,000	15,94	5,09	64,7	3,3	22,1	0	13,6
496	23.08.2025 13:29:15,000	15,94	5,09	64,6	3,0	22,3	0	13,6
497	23.08.2025 13:29:16,000	15,94	5,09	63,3	5,0	21,7	0	13,6
498	23.08.2025 13:29:17,000	15,94	5,09	64,0	5,2	20,8	0	13,6
499	23.08.2025 13:29:18,000	15,94	5,11	65,7	4,7	19,6	0	13,6
500	23.08.2025 13:29:19,000	15,94	5,09	64,4	4,1	21,6	0	13,6
501	23.08.2025 13:29:20,000	15,94	5,11	64,7	3,5	21,8	0	13,6
502	23.08.2025 13:29:21,000	15,94	5,14	64,4	4,5	21,1	0	13,6
503	23.08.2025 13:29:22,000	15,94	5,16	66,0	4,0	20,0	0	13,6
504	23.08.2025 13:29:23,000	15,94	5,16	63,2	5,0	21,7	0	13,6
505	23.08.2025 13:29:24,000	15,94	5,18	63,2	6,0	20,8	0	13,6
506	23.08.2025 13:29:25,000	15,94	5,21	60,8	8,7	20,6	0	13,6
507	23.08.2025 13:29:26,000	15,94	5,21	60,4	6,7	22,9	0	16,8
508	23.08.2025 13:29:27,000	15,94	5,23	57,5	9,8	22,7	0	23,8
509	23.08.2025 13:29:28,000	15,91	5,25	60,4	8,7	20,9	0	23,8
510	23.08.2025 13:29:29,000	15,91	5,27	58,0	12,6	19,5	0	33,1
511	23.08.2025 13:29:30,000	15,88	5,27	58,1	10,7	21,2	0	27,2
512	23.08.2025 13:29:31,000	15,85	5,27	55,9	10,2	24,0	0	23,6
513	23.08.2025 13:29:32,000	15,85	5,29	58,5	12,1	19,4	0	32,3
514	23.08.2025 13:29:33,000	15,85	5,31	61,3	10,5	18,1	0	32,3
515	23.08.2025 13:29:34,000	15,85	5,31	58,9	10,3	20,8	0	26,7
516	23.08.2025 13:29:35,000	15,82	5,34	57,3	9,4	23,4	0	22,4
517	23.08.2025 13:29:36,000	15,82	5,34	58,8	10,8	20,4	0	28,3
518	23.08.2025 13:29:37,000	15,82	5,36	59,8	9,8	20,4	0	28,3
519	23.08.2025 13:29:38,000	15,82	5,36	57,9	8,9	23,2	0	21,6
520	23.08.2025 13:29:39,000	15,82	5,38	59,2	6,5	24,3	0	15,4
521	23.08.2025 13:29:40,000	15,82	5,38	56,9	8,1	25,0	0	18,6
522	23.08.2025 13:29:41,000	15,82	5,38	57,2	10,5	22,3	0	25,7
523	23.08.2025 13:29:42,000	15,82	5,43	56,8	9,9	23,3	0	23,6
524	23.08.2025 13:29:43,000	15,79	5,40	56,2	9,5	24,3	0	22,0
525	23.08.2025 13:29:44,000	15,76	5,42	54,3	11,7	24,0	0	26,5
526	23.08.2025 13:29:45,000	15,76	5,45	56,2	11,1	22,7	0	26,7
527	23.08.2025 13:29:46,000	15,76	5,45	54,1	12,3	23,6	0	28,2
528	23.08.2025 13:29:47,000	15,76	5,47	58,3	8,8	22,9	0	21,5
529	23.08.2025 13:29:48,000	15,76	5,49	56,7	8,8	24,5	0	20,5
530	23.08.2025 13:29:49,000	15,76	5,49	58,9	8,6	22,6	0	21,2
531	23.08.2025 13:29:50,000	15,76	5,49	59,4	8,1	22,5	0	20,2
532	23.08.2025 13:29:51,000	15,76	5,49	58,8	8,3	22,9	0	20,4
533	23.08.2025 13:29:52,000	15,73	5,54	58,6	8,6	22,8	0	21,0
534	23.08.2025 13:29:53,000	15,70	5,56	56,7	10,8	22,5	0	26,1
535	23.08.2025 13:29:54,000	15,67	5,63	59,6	7,2	23,2	0	17,7
536	23.08.2025 13:29:55,000	15,61	5,62	57,9	2,5	29,6	0	5,1
537	23.08.2025 13:29:56,000	15,58	5,62	57,7	3,8	28,6	0	7,9
538	23.08.2025 13:29:57,000	15,51	5,63	58,3	2,5	29,3	0	5,0
539	23.08.2025 13:29:58,000	15,51	5,61	55,3	-1,3	33,5	0	-2,3
540	23.08.2025 13:29:59,000	15,48	5,66	58,0	4,1	27,9	0	8,7
541	23.08.2025 13:30:00,000	15,48	5,68	59,8	6,1	24,1	0	14,7
542	23.08.2025 13:30:01,000	15,45	5,68	58,4	8,1	23,5	0	19,7
543	23.08.2025 13:30:02,000	15,42	5,72	58,5	7,3	24,2	0	17,3
544	23.08.2025 13:30:03,000	15,39	5,74	59,3	5,2	25,5	0	12,0
545	23.08.2025 13:30:04,000	15,33	5,76	62,2	5,3	22,5	0	12,0
546	23.08.2025 13:30:05,000	15,30	5,80	59,1	8,2	22,7	0	20,3
547	23.08.2025 13:30:06,000	15,24	5,82	57,7	9,0	23,3	0	21,6
548	23.08.2025 13:30:07,000	15,21	5,84	55,6	9,6	24,8	0	21,8
549	23.08.2025 13:30:08,000	15,15	5,88	55,6	8,9	25,5	0	19,8
550	23.08.2025 13:30:09,000	15,12	5,88	55,2	9,5	25,3	0	21,2
551	23.08.2025 13:30:10,000	15,12	5,90	53,4	11,1	25,4	0	24,4
552	23.08.2025 13:30:11,000	15,12	5,90	53,2	8,2	28,6	0	16,7
553	23.08.2025 13:30:12,000	15,12	5,90	52,6	2,2	35,2	0	3,8
554	23.08.2025 13:30:13,000	15,12	5,90	50,8	-1,0	38,2	0	-1,6
555	23.08.2025 13:30:14,000	15,12	5,88	45,9	-7,5	36,6	0	-12,5
556	23.08.2025 13:30:15,000	15,12	5,85	42,3	-10,7	36,9	0	-17,5
557	23.08.2025 13:30:16,000	15,12	5,88	44,9	-9,0	36,1	0	-15,0
558	23.08.2025 13:30:17,000	15,12	5,88	44,1	-10,4	35,5	0	-17,5
559	23.08.2025 13:30:18,000	15,12	5,85	40,8	-9,7	39,5	0	-15,1
560	23.08.2025 13:30:19,000	15,09	5,88	43,5	-10,8	35,7	0	-18,0
561	23.08.2025 13:30:20,000	15,06	5,90	44,7	-6,4	38,9	0	-10,1
562	23.08.2025 13:30:21,000	15,03	5,89	42,5	-5,1	42,4	0	-7,6
563	23.08.2025 13:30:22,000	14,99	5,89	40,3	-6,0	43,8	0	-8,6
564	23.08.2025 13:30:23,000	14,96	5,89	43,2	-11,7	35,1	0	-19,7
565	23.08.2025 13:30:24,000	14,96	5,89	45,1	-8,1	36,8	0	-13,4
566	23.08.2025 13:30:25,000	14,96	5,89	49,0	4,6	36,4	0	7,8
567	23.08.2025 13:30:26,000	14,96	5,93	59,3	2,7	28,0	0	5,9
568	23.08.2025 13:30:27,000	14,93	5,98	61,2	3,2	25,6	0	7,3
569	23.08.2025 13:30:28,000	14,93	6,00	61,7	4,5	23,9	0	10,9
570	23.08.2025 13:30:29,000	14,93	6,05	64,3	3,4	22,4	0	10,9
571	23.08.2025 13:30:30,000	14,93	6,05	62,6	0,6	26,8	0	1,3
572	23.08.2025 13:30:31,000	14,93	6,07	59,9	-1,1	29,0	0	-2,3
573	23.08.2025 13:30:32,000	14,93	6,05	60,3	-1,2	28,5	0	-2,4
574	23.08.2025 13:30:33,000	14,90	6,05	59,6	-0,6	29,9	0	-1,1
575	23.08.2025 13:30:34,000	14,87	6,04	54,7	-2,7	32,6	0	-5,0
576	23.08.2025 13:30:35,000	14,87	6,04	53,6	-4,0	32,4	0	-7,5
577	23.08.2025 13:30:36,000	14,87	6,04	55,1	-2,7	32,2	0	-5,0
578	23.08.2025 13:30:37,000	14,84	6,02	51,1	3,9	35,0	0	6,9
579	23.08.2025 13:30:38,000	14,84	5,99	33,7	-4,5	51,8	1	-5,8
580	23.08.2025 13:30:39,000	14,81	5,99	49,2	-0,5	40,3	0	-0,8
581	23.08.2025 13:30:40,000	14,81	6,01	49,2	-2,1	38,7	0	-3,3
582	23.08.2025 13:30:41,000	14,81	6,01	46,0	-8,4	35,7	0	-14,2
583	23.08.2025 13:30:42,000	14,81	6,01	37,7	-21,7	30,7	0	-36,1
584	23.08.2025 13:30:43,000	14,78	6,03	43,8	-13,0	33,1	0	-22,6
585	23.08.2025 13:30:44,000	14,75	6,01	43,0	-12,9	34,1	0	-22,0
586	23.08.2025 13:30:45,000	14,75	6,03	43,8	-13,7	32,5	0	-24,1
587	23.08.2025 13:30:46,000	14,72	6,05	42,2	-14,8	33,0	0	-25,5
588	23.08.2025 13:30:47,000	14,75	6,03	39,6	-17,0	33,4	0	-28,2
589	23.08.2025 13:30:48,000	14,75	6,05	40,8	-16,8	32,4	0	-28,6
590	23.08.2025 13:30:49,000	14,72	6,05	40,1	-18,3	31,7	0	-31,1
591	23.08.2025 13:30:50,000	14,72	6,05	37,2	-21,2	31,6	0	-34,8
592	23.08.2025 13:30:51,000	14,69	6,05	36,3	-21,0	32,7	0	-33,8
593	23.08.2025 13:30:52,000	14,69	6,07	36,6	-21,4	32,1	0	-34,7
594	23.08.2025 13:30:53,000	14,63	6,07	35,9	-21,4	32,7	0	-34,4
595	23.08.2025 13:30:54,000	14,63	6,07	37,4	-20,9	31,7	0	-34,4
596	23.08.2025 13:30:55,000	14,63	6,07	38,2	-21,0	30,8	0	-35,2
597	23.08.2025 13:30:56,000	14,63	6,07	37,1	-20,8	32,1	0	-34,0
598	23.08.2025 13:30:57,000	14,63	6,09	34,4	-20,7	34,9	0	-32,0
599	23.08.2025 13:30:58,000	14,60	6,09	35,5	-20,3	34,1	0	-32,1
600	23.08.2025 13:30:59,000	14,56	6,08	37,0	-20,8	32,2	0	-34,0
601	23.08.2025 13:31:00,000	14,56	6,08	35,4	-19,8	34,7	0	-31,1
602	23.08.2025 13:31:01,000	14,53	6,10	35,0	-21,4	33,6	0	-33,7
603	23.08.2025 13:31:02,000	14,53	6,10	37,2	-22,5	30,4	0	-37,3
604	23.08.2025 13:31:03,000	14,50	6,12	36,0	-20,8	33,2	0	-33,3
605	23.08.2025 13:31:04,000	14,50	6,12	35,1	-19,4	35,5	0	-30,2
606	23.08.2025 13:31:05,000	14,50	6,12	35,5	-21,2	33,3	0	-33,7
607	23.08.2025 13:31:06,000	14,47	6,14	35,7	-21,3	33,0	0	-34,0
608	23.08.2025 13:31:07,000	14,44	6,17	35,7	-19,9	34,3	0	-31,5
609	23.08.2025 13:31:08,000	14,44	6,14	35,8	-20,1	34,0	0	-31,9
610	23.08.2025 13:31:09,000	14,44	6,17	36,2	-20,5	33,3	0	-32,9
611	23.08.2025 13:31:10,000	14,44	6,19	36,8	-19,1	34,2	0	-30,6
612	23.08.2025 13:31:11,000	14,44	6,19	37,6	-19,0	33,3	0	-31,0
613	23.08.2025 13:31:12,000	14,44	6,19	34,6	-22,2	33,2	0	-34,9
614	23.08.2025 13:31:13,000	14,44	6,19	33,2	-22,1	34,7	0	-33,8
615	23.08.2025 13:31:14,000	14,44	6,21	32,3	-21,9	35,8	0	-32,9
616	23.08.2025 13:31:15,000	14,41	6,23	37,6	-18,8	33,7	0	-30,5
617	23.08.2025 13:31:16,000	14,41	6,23	35,4	-18,5	36,1	0	-28,7
618	23.08.2025 13:31:17,000	14,41	6,23	36,3	-21,2	32,6	0	-34,2
619	23.08.2025 13:31:18,000	14,41	6,23	36,2	-20,2	33,6	0	-32,3
620	23.08.2025 13:31:19,000	14,38	6,28	35,2	-20,4	34,3	0	-32,1
621	23.08.2025 13:31:20,000	14,38	6,28	35,6	-20,0	34,4	0	-31,6
622	23.08.2025 13:31:21,000	14,35	6,27	36,0	-19,5	34,5	0	-30,9
623	23.08.2025 13:31:22,000	14,35	6,30	36,0	-20,2	33,8	0	-32,1
624	23.08.2025 13:31:23,000	14,35	6,32	36,4	-20,0	33,6	0	-32,1
625	23.08.2025 13:31:24,000	14,38	6,32	38,1	-17,9	34,0	0	-29,2
626	23.08.2025 13:31:25,000	14,38	6,35	37,2	-18,2	34,6	0	-29,3
627	23.08.2025 13:31:26,000	14,38	6,32	37,4	-17,0	35,7	0	-27,0
628	23.08.2025 13:31:27,000	14,38	6,37	39,2	-15,9	34,8	0	-26,0
629	23.08.2025 13:31:28,000	14,38	6,37	39,3	-15,9	34,8	0	-26,1
630	23.08.2025 13:31:29,000	14,38	6,39	38,8	-15,1	36,1	0	-24,3
631	23.08.2025 13:31:30,000	14,38	6,39	36,3	-20,7	33,0	0	-33,3
632	23.08.2025 13:31:31,000	14,38	6,42	33,5	-19,4	37,1	0	-29,3
633	23.08.2025 13:31:32,000	14,38	6,42	32,7	-15,5	41,9	0	-22,3
634	23.08.2025 13:31:33,000	14,35	6,44	31,3	-16,2	42,5	0	-22,9
635	23.08.2025 13:31:34,000	14,32	6,46	37,7	-18,6	33,7	0	-30,3
636	23.08.2025 13:31:35,000	14,32	6,48	33,8	-15,8	40,4	0	-23,2
637	23.08.2025 13:31:36,000	14,32	6,51	39,4	-16,4	34,2	0	-27,1
638	23.08.2025 13:31:37,000	14,32	6,53	37,7	-14,0	38,4	0	-21,6
639	23.08.2025 13:31:38,000	14,32	6,53	39,4	-13,8	36,8	0	-22,0
640	23.08.2025 13:31:39,000	14,32	6,55	39,3	-16,0	34,6	0	-26,2
641	23.08.2025 13:31:40,000	14,32	6,58	38,2	-14,5	37,4	0	-22,7
642	23.08.2025 13:31:41,000	14,32	6,60	40,0	-15,6	34,4	0	-25,7
643	23.08.2025 13:31:42,000	14,29	6,60	38,9	-13,5	37,6	0	-21,3
644	23.08.2025 13:31:43,000	14,29	6,62	40,1	-14,2	35,7	0	-23,1
645	23.08.2025 13:31:44,000	14,29	6,62	40,8	-14,1	35,1	0	-23,3
646	23.08.2025 13:31:45,000	14,32	6,65	40,2	-14,0	35,8	0	-22,9
647	23.08.2025 13:31:46,000	14,32	6,67	40,6	-13,3	36,1	0	-21,5
648	23.08.2025 13:31:47,000	14,32	6,69	41,3	-13,2	35,5	0	-21,7
649	23.08.2025 13:31:48,000	14,29	6,74	41,4	-13,4	35,2	0	-22,2
650	23.08.2025 13:31:49,000	14,29	6,74	41,6	-13,3	35,2	0	-22,0
651	23.08.2025 13:31:50,000	14,26	6,76	41,7	-13,0	35,3	0	-21,5
652	23.08.2025 13:31:51,000	14,26	6,78	42,1	-11,9	35,9	0	-19,7
653	23.08.2025 13:31:52,000	14,22	6,78	42,6	-12,2	35,2	0	-20,4
654	23.08.2025 13:31:53,000	14,22	6,83	44,3	-9,7	36,0	0	-16,2
655	23.08.2025 13:31:54,000	14,22	6,85	45,6	-9,5	34,9	0	-16,2
656	23.08.2025 13:31:55,000	14,19	6,85	43,5	-10,7	35,8	0	-17,9
657	23.08.2025 13:31:56,000	14,16	6,89	42,7	-12,2	35,1	0	-20,5
658	23.08.2025 13:31:57,000	14,13	6,91	44,1	-9,4	36,5	0	-15,6
659	23.08.2025 13:31:58,000	14,07	6,93	46,0	-9,9	34,1	0	-17,2
660	23.08.2025 13:31:59,000	14,04	6,97	44,6	-9,9	35,5	0	-16,6
661	23.08.2025 13:32:00,000	14,01	6,99	44,2	-10,9	34,9	0	-18,5
662	23.08.2025 13:32:01,000	13,95	7,06	43,9	-10,2	35,9	0	-17,0
663	23.08.2025 13:32:02,000	13,91	7,08	41,7	-15,6	32,7	0	-26,8
664	23.08.2025 13:32:03,000	13,82	7,14	33,5	-17,6	38,9	0	-26,2
665	23.08.2025 13:32:04,000	13,67	7,15	29,4	-17,4	43,2	0	-24,2
666	23.08.2025 13:32:05,000	13,57	7,16	31,5	-20,8	37,7	0	-30,6
667	23.08.2025 13:32:06,000	13,51	7,20	33,6	-18,9	37,5	0	-28,5
668	23.08.2025 13:32:07,000	13,45	7,22	33,8	-13,7	42,4	0	-19,8
669	23.08.2025 13:32:08,000	13,42	7,24	34,7	-18,0	37,3	0	-27,4
670	23.08.2025 13:32:09,000	13,32	7,28	38,0	-17,8	34,3	0	-28,8
671	23.08.2025 13:32:10,000	13,26	7,30	36,9	-12,3	40,9	0	-18,3
672	23.08.2025 13:32:11,000	13,23	7,34	34,3	-10,7	45,0	0	-15,0
673	23.08.2025 13:32:12,000	13,16	7,36	31,7	-10,1	48,1	0	-13,6
674	23.08.2025 13:32:13,000	13,10	7,35	33,7	-7,3	49,0	0	-9,7
675	23.08.2025 13:32:14,000	12,98	7,48	38,3	-13,1	38,6	0	-20,3
676	23.08.2025 13:32:15,000	12,76	7,51	37,2	-11,7	41,1	0	-17,5
677	23.08.2025 13:32:16,000	12,63	7,52	35,9	-13,3	40,9	0	-19,7
678	23.08.2025 13:32:17,000	12,53	7,53	36,9	-12,1	41,0	0	-18,1
679	23.08.2025 13:32:18,000	12,44	7,59	38,5	-7,4	44,1	0	-10,7
680	23.08.2025 13:32:19,000	12,34	7,61	38,4	-6,2	45,4	0	-8,7
681	23.08.2025 13:32:20,000	12,25	7,60	39,3	-13,0	37,8	0	-20,4
682	23.08.2025 13:32:21,000	12,18	7,64	38,0	-11,1	40,9	0	-16,7
683	23.08.2025 13:32:22,000	12,15	7,63	40,6	-10,0	39,3	0	-15,6
684	23.08.2025 13:32:23,000	12,06	7,65	39,5	-13,0	37,6	0	-20,5
685	23.08.2025 13:32:24,000	11,96	7,71	37,6	-11,4	41,0	0	-17,1
686	23.08.2025 13:32:25,000	11,90	7,73	39,0	-11,6	39,4	0	-17,8
687	23.08.2025 13:32:26,000	11,87	7,70	39,7	-12,0	38,3	0	-18,8
688	23.08.2025 13:32:27,000	11,77	7,81	38,1	-12,0	39,8	0	-18,4
689	23.08.2025 13:32:28,000	11,67	7,85	38,3	-13,6	38,1	0	-21,2
690	23.08.2025 13:32:29,000	11,58	7,91	38,6	-11,7	39,6	0	-18,0
691	23.08.2025 13:32:30,000	11,48	7,87	38,4	-13,9	37,7	0	-21,8
692	23.08.2025 13:32:31,000	11,32	7,90	37,8	-11,6	40,6	0	-17,4
693	23.08.2025 13:32:32,000	11,19	7,96	37,1	-12,5	40,4	0	-18,8
694	23.08.2025 13:32:33,000	11,09	7,95	38,3	-17,1	34,6	0	-27,7
695	23.08.2025 13:32:34,000	11,03	7,99	36,8	-10,5	42,7	0	-15,4
696	23.08.2025 13:32:35,000	10,96	8,01	37,2	-7,4	45,4	0	-10,5
697	23.08.2025 13:32:36,000	10,90	8,03	38,9	-16,6	34,6	0	-27,1
698	23.08.2025 13:32:37,000	10,80	8,09	38,0	-11,1	40,9	0	-16,7
699	23.08.2025 13:32:38,000	10,70	8,10	38,9	-13,8	37,3	0	-21,9
700	23.08.2025 13:32:39,000	10,67	8,12	37,0	-12,6	40,4	0	-18,9
701	23.08.2025 13:32:40,000	10,64	8,14	37,5	-12,1	40,4	0	-18,2
702	23.08.2025 13:32:41,000	10,64	8,14	37,4	-15,6	37,0	0	-24,5
703	23.08.2025 13:32:42,000	10,61	8,16	37,9	-13,2	38,9	0	-20,3
704	23.08.2025 13:32:43,000	10,57	8,14	37,9	-16,4	35,7	0	-26,2
705	23.08.2025 13:32:44,000	10,54	8,20	37,4	-15,6	37,0	0	-24,4
706	23.08.2025 13:32:45,000	10,51	8,25	37,2	-17,4	35,4	0	-27,7
707	23.08.2025 13:32:46,000	10,41	8,28	35,9	-18,7	35,4	0	-29,3
708	23.08.2025 13:32:47,000	10,31	8,34	36,3	-19,5	34,2	0	-31,1
709	23.08.2025 13:32:48,000	10,21	8,36	36,7	-16,4	36,9	0	-25,5
710	23.08.2025 13:32:49,000	10,11	8,37	37,7	-17,3	35,1	0	-27,7
711	23.08.2025 13:32:50,000	10,02	8,36	29,0	-23,0	38,0	0	-32,8
712	23.08.2025 13:32:51,000	9,95	8,43	25,5	-20,0	44,6	0	-26,6
713	23.08.2025 13:32:52,000	9,85	8,44	29,0	-21,5	39,5	0	-30,4
714	23.08.2025 13:32:53,000	9,69	8,52	38,7	-21,2	30,1	0	-36,0
715	23.08.2025 13:32:54,000	9,52	8,50	31,1	-14,2	44,7	0	-19,7
716	23.08.2025 13:32:55,000	9,42	8,51	31,5	-14,3	44,1	0	-20,1
717	23.08.2025 13:32:56,000	9,35	8,55	36,1	-17,6	36,2	0	-27,5
718	23.08.2025 13:32:57,000	9,29	8,57	34,7	-12,9	42,4	0	-18,7
719	23.08.2025 13:32:58,000	9,25	8,59	33,7	-10,7	45,6	0	-14,9
720	23.08.2025 13:32:59,000	9,25	8,59	34,5	-9,7	45,9	0	-13,5
721	23.08.2025 13:33:00,000	9,22	8,63	38,8	-13,6	37,6	0	-21,3
722	23.08.2025 13:33:01,000	9,19	8,65	36,5	-12,3	41,2	0	-18,2
723	23.08.2025 13:33:02,000	9,15	8,63	33,2	-6,6	50,2	0	-8,7
724	23.08.2025 13:33:03,000	9,15	8,63	39,0	-18,7	32,3	0	-31,2
725	23.08.2025 13:33:04,000	9,15	8,67	36,4	-10,7	42,9	0	-15,5
726	23.08.2025 13:33:05,000	9,12	8,72	38,8	-17,1	34,1	0	-28,0
727	23.08.2025 13:33:06,000	9,12	8,72	36,2	-15,1	38,6	0	-23,1
728	23.08.2025 13:33:07,000	9,09	8,72	37,1	-9,0	43,9	0	-12,9
729	23.08.2025 13:33:08,000	9,05	8,76	38,5	-11,0	40,5	0	-16,7
730	23.08.2025 13:33:09,000	9,02	8,80	38,4	-9,7	41,9	0	-14,3
731	23.08.2025 13:33:10,000	8,92	8,82	38,8	-15,7	35,5	0	-25,4
732	23.08.2025 13:33:11,000	8,88	8,84	36,5	-14,0	39,5	0	-21,1
733	23.08.2025 13:33:12,000	8,85	8,88	37,4	-9,7	42,9	0	-14,2
734	23.08.2025 13:33:13,000	8,82	8,90	37,9	-16,8	35,3	0	-26,9
735	23.08.2025 13:33:14,000	8,78	8,92	37,5	-13,1	39,3	0	-20,1
736	23.08.2025 13:33:15,000	8,75	8,92	37,6	-13,2	39,2	0	-20,2
737	23.08.2025 13:33:16,000	8,72	8,96	37,6	-16,6	35,8	0	-26,4
738	23.08.2025 13:33:17,000	8,68	8,98	37,3	-13,6	39,1	0	-20,8
739	23.08.2025 13:33:18,000	8,65	9,00	38,4	-14,6	37,0	0	-23,1
740	23.08.2025 13:33:19,000	8,51	9,03	37,4	-15,0	37,6	0	-23,4
741	23.08.2025 13:33:20,000	8,38	9,04	36,6	-16,4	37,1	0	-25,4
742	23.08.2025 13:33:21,000	8,31	9,08	38,2	-16,1	35,7	0	-25,8
743	23.08.2025 13:33:22,000	8,28	9,08	38,2	-14,8	37,0	0	-23,4
744	23.08.2025 13:33:23,000	8,28	9,15	38,0	-15,6	36,4	0	-24,7
745	23.08.2025 13:33:24,000	8,21	9,12	38,3	-15,2	36,5	0	-24,2
746	23.08.2025 13:33:25,000	8,17	9,14	37,0	-16,2	36,8	0	-25,4
747	23.08.2025 13:33:26,000	8,17	9,19	38,3	-15,1	36,6	0	-23,9
748	23.08.2025 13:33:27,000	8,14	9,21	38,7	-14,8	36,6	0	-23,5
749	23.08.2025 13:33:28,000	8,04	9,24	37,8	-17,7	34,5	0	-28,6
750	23.08.2025 13:33:29,000	8,00	9,24	37,6	-13,5	38,9	0	-20,7
751	23.08.2025 13:33:30,000	7,97	9,28	38,6	-15,4	36,0	0	-24,6
752	23.08.2025 13:33:31,000	7,97	9,28	38,4	-15,5	36,2	0	-24,7
753	23.08.2025 13:33:32,000	7,93	9,30	38,0	-15,7	36,2	0	-25,0
754	23.08.2025 13:33:33,000	7,93	9,33	37,8	-16,1	36,1	0	-25,6
755	23.08.2025 13:33:34,000	7,90	9,37	37,5	-15,6	36,9	0	-24,5
756	23.08.2025 13:33:35,000	7,87	9,39	38,1	-15,6	36,3	0	-24,8
757	23.08.2025 13:33:36,000	7,80	9,43	38,1	-15,5	36,4	0	-24,6
758	23.08.2025 13:33:37,000	7,69	9,47	38,4	-15,5	36,1	0	-24,8
759	23.08.2025 13:33:38,000	7,63	9,48	38,3	-15,9	35,8	0	-25,4
760	23.08.2025 13:33:39,000	7,56	9,50	39,4	-15,0	35,6	0	-24,4
761	23.08.2025 13:33:40,000	7,52	9,52	39,8	-14,9	35,4	0	-24,2
762	23.08.2025 13:33:41,000	7,52	9,54	38,3	-15,7	36,0	0	-25,0
763	23.08.2025 13:33:42,000	7,52	9,54	36,8	-18,3	35,0	0	-29,0
764	23.08.2025 13:33:43,000	7,56	9,59	35,2	-20,2	34,6	0	-31,6
765	23.08.2025 13:33:44,000	7,52	9,64	33,5	-18,9	37,7	0	-28,3
766	23.08.2025 13:33:45,000	7,38	9,67	33,3	-18,1	38,5	0	-27,0
767	23.08.2025 13:33:46,000	7,32	9,66	29,7	-15,2	45,1	0	-20,8
768	23.08.2025 13:33:47,000	7,25	9,70	28,3	-15,5	46,2	0	-20,9
769	23.08.2025 13:33:48,000	7,21	9,70	30,3	-18,1	41,6	0	-25,6
770	23.08.2025 13:33:49,000	7,21	9,72	31,4	-17,9	40,7	0	-25,8
771	23.08.2025 13:33:50,000	7,18	9,77	31,8	-21,5	36,8	0	-31,9
772	23.08.2025 13:33:51,000	7,11	9,83	35,2	-16,6	38,1	0	-25,2
773	23.08.2025 13:33:52,000	7,07	9,85	33,5	-16,2	40,3	0	-23,8
774	23.08.2025 13:33:53,000	6,97	9,89	33,2	-14,6	42,3	0	-20,9
775	23.08.2025 13:33:54,000	6,83	9,92	34,4	-15,0	40,6	0	-22,1
776	23.08.2025 13:33:55,000	6,76	9,94	35,6	-15,6	38,8	0	-23,7
777	23.08.2025 13:33:56,000	6,69	9,98	34,4	-13,4	42,2	0	-19,4
778	23.08.2025 13:33:57,000	6,65	9,95	31,7	-9,2	49,1	0	-12,2
779	23.08.2025 13:33:58,000	6,65	9,97	33,0	-8,6	48,4	0	-11,6
780	23.08.2025 13:33:59,000	6,65	10,00	34,1	-9,6	46,2	0	-13,3
781	23.08.2025 13:34:00,000	6,69	10,00	34,8	-9,6	45,6	0	-13,5
782	23.08.2025 13:34:01,000	6,69	10,02	34,5	-9,5	46,0	0	-13,2
783	23.08.2025 13:34:02,000	6,72	10,05	34,8	-9,7	45,6	0	-13,5
784	23.08.2025 13:34:03,000	6,76	10,05	37,2	-11,3	41,5	0	-16,8
785	23.08.2025 13:34:04,000	6,76	10,08	35,1	-11,7	43,2	0	-16,9
786	23.08.2025 13:34:05,000	6,79	10,10	34,0	-12,6	43,4	0	-18,1
787	23.08.2025 13:34:06,000	6,79	10,13	32,6	-9,7	47,7	0	-13,1
788	23.08.2025 13:34:07,000	6,79	10,15	33,0	-7,6	49,4	0	-10,1
789	23.08.2025 13:34:08,000	6,79	10,18	33,8	-8,7	47,5	0	-11,9
790	23.08.2025 13:34:09,000	6,79	10,20	35,3	-11,0	43,7	0	-15,7
791	23.08.2025 13:34:10,000	6,79	10,20	35,8	-8,8	45,4	0	-12,4
792	23.08.2025 13:34:11,000	6,79	10,22	37,1	-16,4	36,5	0	-25,7
793	23.08.2025 13:34:12,000	6,76	10,24	35,8	-12,0	42,2	0	-17,5
794	23.08.2025 13:34:13,000	6,76	10,27	35,8	-10,7	43,5	0	-15,4
795	23.08.2025 13:34:14,000	6,65	10,35	37,9	-12,8	39,2	0	-19,7
796	23.08.2025 13:34:15,000	6,48	10,35	35,7	-14,8	39,6	0	-22,2
797	23.08.2025 13:34:16,000	6,37	10,41	35,6	-13,9	40,5	0	-20,6
798	23.08.2025 13:34:17,000	6,30	10,43	38,0	-8,8	43,2	0	-12,8
799	23.08.2025 13:34:18,000	6,27	10,45	37,4	-10,9	41,7	0	-16,2
800	23.08.2025 13:34:19,000	6,27	10,45	35,5	-18,5	36,0	0	-28,7
801	23.08.2025 13:34:20,000	6,23	10,45	37,0	-14,1	38,9	0	-21,6
802	23.08.2025 13:34:21,000	6,23	10,49	36,4	-11,9	41,7	0	-17,6
803	23.08.2025 13:34:22,000	6,19	10,54	36,7	-13,3	40,1	0	-20,0
804	23.08.2025 13:34:23,000	6,12	10,60	35,0	-18,0	37,0	0	-27,6
805	23.08.2025 13:34:24,000	6,02	10,61	37,4	-7,3	45,3	0	-10,2
806	23.08.2025 13:34:25,000	5,95	10,63	38,2	-11,2	40,6	0	-16,9
807	23.08.2025 13:34:26,000	5,91	10,63	38,9	-9,9	41,3	0	-14,8
808	23.08.2025 13:34:27,000	5,91	10,63	38,3	-14,8	37,0	0	-23,3
809	23.08.2025 13:34:28,000	5,91	10,65	37,4	-14,1	38,5	0	-21,8
810	23.08.2025 13:34:29,000	5,87	10,72	38,1	-13,8	38,2	0	-21,4
811	23.08.2025 13:34:30,000	5,80	10,73	38,3	-14,0	37,6	0	-22,0
812	23.08.2025 13:34:31,000	5,77	10,77	36,7	-16,2	37,1	0	-25,2
813	23.08.2025 13:34:32,000	5,70	10,77	33,9	-17,6	38,5	0	-26,4
814	23.08.2025 13:34:33,000	5,66	10,81	37,3	-9,5	43,2	0	-13,8
815	23.08.2025 13:34:34,000	5,59	10,83	39,0	-14,7	36,3	0	-23,6
816	23.08.2025 13:34:35,000	5,55	10,87	36,5	-14,3	39,2	0	-21,8
817	23.08.2025 13:34:36,000	5,48	10,86	35,9	-15,8	38,3	0	-24,1
818	23.08.2025 13:34:37,000	5,44	10,88	37,6	-15,6	36,8	0	-24,6
819	23.08.2025 13:34:38,000	5,41	10,93	37,5	-15,7	36,7	0	-24,8
820	23.08.2025 13:34:39,000	5,41	10,95	36,6	-18,0	35,4	0	-28,4
821	23.08.2025 13:34:40,000	5,37	10,99	36,5	-16,5	37,1	0	-25,6
822	23.08.2025 13:34:41,000	5,34	10,99	36,7	-15,4	38,0	0	-23,7
823	23.08.2025 13:34:42,000	5,30	11,03	37,2	-15,3	37,4	0	-23,9
824	23.08.2025 13:34:43,000	5,30	11,06	38,5	-13,6	37,9	0	-21,2
825	23.08.2025 13:34:44,000	5,30	11,06	38,2	-15,0	36,8	0	-23,7
826	23.08.2025 13:34:45,000	5,26	11,08	37,5	-15,2	37,2	0	-23,8
827	23.08.2025 13:34:46,000	5,19	11,11	38,7	-14,5	36,8	0	-23,0
828	23.08.2025 13:34:47,000	5,19	11,16	38,9	-13,5	37,7	0	-21,2
829	23.08.2025 13:34:48,000	5,16	11,21	39,0	-13,5	37,5	0	-21,3
830	23.08.2025 13:34:49,000	5,12	11,20	37,6	-15,0	37,4	0	-23,5
831	23.08.2025 13:34:50,000	5,12	11,23	36,5	-14,8	38,8	0	-22,5
832	23.08.2025 13:34:51,000	5,08	11,24	37,7	-15,0	37,4	0	-23,4
833	23.08.2025 13:34:52,000	5,08	11,29	37,5	-15,9	36,7	0	-25,0
834	23.08.2025 13:34:53,000	5,05	11,31	36,2	-16,2	37,6	0	-25,0
835	23.08.2025 13:34:54,000	5,05	11,31	36,8	-16,2	37,0	0	-25,3
836	23.08.2025 13:34:55,000	5,05	11,34	38,5	-15,0	36,5	0	-23,8
837	23.08.2025 13:34:56,000	5,01	11,35	37,5	-15,2	37,3	0	-23,7
838	23.08.2025 13:34:57,000	4,94	11,39	37,5	-14,4	38,1	0	-22,2
839	23.08.2025 13:34:58,000	4,90	11,41	37,4	-14,7	37,9	0	-22,9
840	23.08.2025 13:34:59,000	4,87	11,46	38,9	-14,2	37,0	0	-22,5
841	23.08.2025 13:35:00,000	4,83	11,50	40,1	-12,2	37,7	0	-19,3
842	23.08.2025 13:35:01,000	4,79	11,52	40,8	-10,7	38,6	0	-16,8
843	23.08.2025 13:35:02,000	4,72	11,54	38,6	-10,8	40,7	0	-16,2
844	23.08.2025 13:35:03,000	4,72	11,56	40,1	-10,7	39,2	0	-16,6
845	23.08.2025 13:35:04,000	4,72	11,58	40,9	-9,8	39,3	0	-15,3
846	23.08.2025 13:35:05,000	4,72	11,63	41,1	-9,4	39,5	0	-14,6
847	23.08.2025 13:35:06,000	4,68	11,65	41,0	-8,2	40,8	0	-12,6
848	23.08.2025 13:35:07,000	4,68	11,65	41,0	-9,5	39,5	0	-14,8
849	23.08.2025 13:35:08,000	4,61	11,74	40,7	-9,2	40,1	0	-14,2
850	23.08.2025 13:35:09,000	4,54	11,75	40,0	-9,4	40,6	0	-14,3
851	23.08.2025 13:35:10,000	4,46	11,79	42,4	-7,5	40,1	0	-11,5
852	23.08.2025 13:35:11,000	4,39	11,81	41,0	-9,2	39,8	0	-14,2
853	23.08.2025 13:35:12,000	4,35	11,80	40,7	-7,8	41,6	0	-11,7
854	23.08.2025 13:35:13,000	4,32	11,85	41,0	-9,8	39,2	0	-15,3
855	23.08.2025 13:35:14,000	4,32	11,87	42,1	-7,5	40,4	0	-11,6
856	23.08.2025 13:35:15,000	4,32	11,89	41,0	-7,8	41,1	0	-11,9
857	23.08.2025 13:35:16,000	4,28	11,94	40,7	-7,5	41,8	0	-11,3
858	23.08.2025 13:35:17,000	4,28	11,96	40,2	-7,1	42,6	0	-10,5
859	23.08.2025 13:35:18,000	4,28	11,98	41,4	-7,6	41,0	0	-11,5
860	23.08.2025 13:35:19,000	4,24	12,03	39,7	-5,7	44,6	0	-8,1
861	23.08.2025 13:35:20,000	4,20	12,02	40,9	-4,0	45,1	0	-5,7
862	23.08.2025 13:35:21,000	4,20	12,02	40,1	-2,4	47,4	0	-3,3
863	23.08.2025 13:35:22,000	4,20	12,05	40,6	-2,4	47,0	0	-3,3
864	23.08.2025 13:35:23,000	4,20	12,12	40,7	-2,4	46,9	0	-3,3
865	23.08.2025 13:35:24,000	4,13	12,11	41,4	-1,7	46,9	0	-2,3
866	23.08.2025 13:35:25,000	4,09	12,15	41,4	-2,4	46,2	0	-3,3
867	23.08.2025 13:35:26,000	4,06	12,17	43,0	-1,3	45,7	0	-1,8
868	23.08.2025 13:35:27,000	4,02	12,22	41,1	-2,0	46,9	0	-2,7
869	23.08.2025 13:35:28,000	4,02	12,22	41,0	-1,4	47,6	0	-1,9
870	23.08.2025 13:35:29,000	4,02	12,24	39,9	-0,6	49,5	0	-0,7
871	23.08.2025 13:35:30,000	4,02	12,29	41,3	-2,3	46,4	0	-3,3
872	23.08.2025 13:35:31,000	4,02	12,31	40,3	-3,0	46,7	0	-4,1
873	23.08.2025 13:35:32,000	4,06	12,34	41,6	-2,2	46,2	0	-3,0
874	23.08.2025 13:35:33,000	4,06	12,36	39,8	-4,4	45,8	0	-6,2
875	23.08.2025 13:35:34,000	4,06	12,38	37,4	-8,2	44,5	0	-11,6
876	23.08.2025 13:35:35,000	4,06	12,41	37,5	-10,4	42,1	0	-15,3
877	23.08.2025 13:35:36,000	4,02	12,45	36,2	-11,7	42,1	0	-17,1
878	23.08.2025 13:35:37,000	3,95	12,49	37,1	-11,3	41,6	0	-16,7
879	23.08.2025 13:35:38,000	3,95	12,49	38,8	-10,6	40,6	0	-16,1
880	23.08.2025 13:35:39,000	3,95	12,56	38,7	-10,1	41,2	0	-15,1
881	23.08.2025 13:35:40,000	3,87	12,55	38,7	-10,5	40,8	0	-15,9
882	23.08.2025 13:35:41,000	3,83	12,62	37,0	-10,7	42,2	0	-15,8
883	23.08.2025 13:35:42,000	3,80	12,66	38,3	-9,9	41,8	0	-14,7
884	23.08.2025 13:35:43,000	3,76	12,68	38,9	-9,7	41,5	0	-14,5
885	23.08.2025 13:35:44,000	3,76	12,68	38,7	-9,5	41,8	0	-14,1
886	23.08.2025 13:35:45,000	3,72	12,70	37,1	-9,1	43,8	0	-13,1
887	23.08.2025 13:35:46,000	3,72	12,75	39,9	-9,5	40,6	0	-14,4
888	23.08.2025 13:35:47,000	3,72	12,75	39,1	-8,3	42,6	0	-12,2
889	23.08.2025 13:35:48,000	3,68	12,77	38,7	-8,9	42,4	0	-13,1
890	23.08.2025 13:35:49,000	3,68	12,82	39,3	-7,6	43,1	0	-11,0
891	23.08.2025 13:35:50,000	3,68	12,86	40,4	-7,4	42,1	0	-11,0
892	23.08.2025 13:35:51,000	3,61	12,88	38,5	-7,8	43,7	0	-11,3
893	23.08.2025 13:35:52,000	3,57	12,87	38,2	-6,0	45,8	0	-8,4
894	23.08.2025 13:35:53,000	3,57	12,90	37,6	-6,8	45,6	0	-9,6
895	23.08.2025 13:35:54,000	3,53	12,92	39,0	-5,8	45,2	0	-8,2
896	23.08.2025 13:35:55,000	3,53	12,96	41,2	-2,1	46,7	0	-3,0
897	23.08.2025 13:35:56,000	3,53	12,99	40,3	-1,1	48,7	0	-1,4
898	23.08.2025 13:35:57,000	3,53	13,01	40,6	1,1	48,2	0	1,5
899	23.08.2025 13:35:58,000	3,46	13,03	41,4	1,9	46,6	0	2,7
900	23.08.2025 13:35:59,000	3,46	13,07	38,2	3,6	48,2	0	4,9
901	23.08.2025 13:36:00,000	3,42	13,07	38,7	4,6	46,7	0	6,3
902	23.08.2025 13:36:01,000	3,38	13,09	37,4	4,7	48,0	0	6,3
903	23.08.2025 13:36:02,000	3,38	13,11	37,1	4,6	48,3	0	6,2
904	23.08.2025 13:36:03,000	3,38	13,11	39,6	3,7	46,8	0	5,1
905	23.08.2025 13:36:04,000	3,38	13,16	37,3	5,8	46,9	0	8,0
906	23.08.2025 13:36:05,000	3,42	13,19	36,8	6,5	46,7	0	9,1
907	23.08.2025 13:36:06,000	3,42	13,21	37,9	5,7	46,4	0	7,9
908	23.08.2025 13:36:07,000	3,42	13,23	35,9	6,4	47,8	0	8,7
909	23.08.2025 13:36:08,000	3,42	13,26	37,8	5,7	46,6	0	7,8
910	23.08.2025 13:36:09,000	3,42	13,28	37,0	9,0	44,0	0	13,0
911	23.08.2025 13:36:10,000	3,38	13,30	37,7	5,0	47,3	0	6,9
912	23.08.2025 13:36:11,000	3,35	13,34	37,6	5,5	46,9	0	7,5
913	23.08.2025 13:36:12,000	3,31	13,36	31,6	2,2	56,2	0	2,7
914	23.08.2025 13:36:13,000	3,31	13,39	33,9	-1,6	54,5	0	-2,0
915	23.08.2025 13:36:14,000	3,31	13,39	39,2	6,2	44,6	0	8,8
916	23.08.2025 13:36:15,000	3,35	13,41	39,5	-0,8	49,6	0	-1,1
917	23.08.2025 13:36:16,000	3,35	13,41	37,3	6,7	46,0	0	9,3
918	23.08.2025 13:36:17,000	3,38	13,47	36,2	4,8	49,0	0	6,4
919	23.08.2025 13:36:18,000	3,38	13,47	35,8	6,4	47,8	0	8,7
920	23.08.2025 13:36:19,000	3,42	13,52	38,7	4,5	46,8	0	6,2
921	23.08.2025 13:36:20,000	3,42	13,52	34,7	6,9	48,4	0	9,3
922	23.08.2025 13:36:21,000	3,46	13,54	35,2	2,0	52,8	0	2,5
923	23.08.2025 13:36:22,000	3,46	13,57	34,5	9,6	45,9	0	13,4
924	23.08.2025 13:36:23,000	3,50	13,60	32,1	1,9	56,0	0	2,4
925	23.08.2025 13:36:24,000	3,50	13,64	34,5	6,0	49,5	0	8,0
926	23.08.2025 13:36:25,000	3,46	13,66	31,3	5,7	53,0	0	7,2
927	23.08.2025 13:36:26,000	3,42	13,68	30,5	3,0	56,5	0	3,6
928	23.08.2025 13:36:27,000	3,42	13,70	35,5	-0,1	54,4	0	-0,1
929	23.08.2025 13:36:28,000	3,38	13,75	35,2	3,3	51,5	0	4,2
930	23.08.2025 13:36:29,000	3,38	13,77	38,7	-1,9	49,4	0	-2,6
931	23.08.2025 13:36:30,000	3,35	13,81	39,2	3,1	47,7	0	4,2
932	23.08.2025 13:36:31,000	3,31	13,83	38,9	2,1	48,9	0	2,9
933	23.08.2025 13:36:32,000	3,27	13,85	37,1	2,7	50,2	0	3,5
934	23.08.2025 13:36:33,000	3,23	13,87	37,5	2,3	50,3	0	3,0
935	23.08.2025 13:36:34,000	3,23	13,90	39,3	4,7	46,0	0	6,6
936	23.08.2025 13:36:35,000	3,23	13,90	36,9	4,6	48,5	0	6,1
937	23.08.2025 13:36:36,000	3,23	13,92	36,4	5,8	47,7	0	7,9
938	23.08.2025 13:36:37,000	3,23	13,94	36,1	6,4	47,5	0	8,8
939	23.08.2025 13:36:38,000	3,23	13,97	38,2	5,1	46,6	0	7,1
940	23.08.2025 13:36:39,000	3,20	14,01	32,7	4,0	53,3	0	5,0
941	23.08.2025 13:36:40,000	3,16	14,03	33,7	8,4	47,9	0	11,4
942	23.08.2025 13:36:41,000	3,16	14,05	33,9	6,0	50,1	0	7,9
943	23.08.2025 13:36:42,000	3,16	14,05	35,2	2,4	52,4	0	3,1
944	23.08.2025 13:36:43,000	3,20	14,08	31,5	9,4	49,1	0	12,5
945	23.08.2025 13:36:44,000	3,20	14,10	31,8	0,2	58,0	0	0,3
946	23.08.2025 13:36:45,000	3,20	14,10	32,1	7,8	50,0	0	10,3
947	23.08.2025 13:36:46,000	3,20	14,13	34,2	1,5	54,3	0	1,9
948	23.08.2025 13:36:47,000	3,20	14,17	30,5	8,1	51,4	0	10,5
949	23.08.2025 13:36:48,000	3,20	14,17	33,4	3,2	53,4	0	4,0
950	23.08.2025 13:36:49,000	3,20	14,22	30,2	7,3	52,5	0	9,3
951	23.08.2025 13:36:50,000	3,20	14,22	35,9	7,4	46,7	0	10,2
952	23.08.2025 13:36:51,000	3,20	14,27	29,8	3,3	56,9	0	4,0
953	23.08.2025 13:36:52,000	3,20	14,27	31,9	6,9	51,2	0	8,9
954	23.08.2025 13:36:53,000	3,16	14,31	31,6	1,0	57,4	0	1,2
955	23.08.2025 13:36:54,000	3,16	14,34	33,4	3,9	52,7	0	5,0
956	23.08.2025 13:36:55,000	3,16	14,34	32,5	3,5	54,0	0	4,4
957	23.08.2025 13:36:56,000	3,12	14,38	31,6	5,1	53,3	0	6,5
958	23.08.2025 13:36:57,000	3,16	14,38	31,1	5,4	53,4	0	6,8
959	23.08.2025 13:36:58,000	3,16	14,41	30,7	5,6	53,8	0	7,0
960	23.08.2025 13:36:59,000	3,12	14,43	27,9	6,6	55,6	0	8,1
961	23.08.2025 13:37:00,000	3,12	14,47	31,0	0,9	58,1	0	1,1
962	23.08.2025 13:37:01,000	3,12	14,47	30,1	6,7	53,2	0	8,5
963	23.08.2025 13:37:02,000	3,12	14,50	27,4	7,2	55,4	0	8,8
964	23.08.2025 13:37:03,000	3,08	14,52	27,7	3,4	58,9	0	4,0
965	23.08.2025 13:37:04,000	3,12	14,54	27,5	1,5	61,1	0	1,7
966	23.08.2025 13:37:05,000	3,08	14,56	29,6	5,3	55,1	0	6,6
967	23.08.2025 13:37:06,000	3,08	14,59	29,5	4,7	55,7	0	5,8
968	23.08.2025 13:37:07,000	3,08	14,61	31,0	2,2	56,9	0	2,6
969	23.08.2025 13:37:08,000	3,08	14,63	29,3	2,5	58,2	0	2,9
970	23.08.2025 13:37:09,000	3,08	14,66	26,3	4,0	59,7	0	4,7
971	23.08.2025 13:37:10,000	3,08	14,68	28,9	5,3	55,8	0	6,5
972	23.08.2025 13:37:11,000	3,08	14,70	29,1	2,0	58,9	0	2,3
973	23.08.2025 13:37:12,000	3,08	14,73	26,3	2,3	61,5	0	2,6
974	23.08.2025 13:37:13,000	3,08	14,75	30,2	2,9	56,9	0	3,5
975	23.08.2025 13:37:14,000	3,08	14,75	29,8	-1,8	58,4	0	-2,1
976	23.08.2025 13:37:15,000	3,08	14,80	33,9	-0,6	55,6	0	-0,7
977	23.08.2025 13:37:16,000	3,08	14,82	36,6	-1,4	52,0	0	-1,7
978	23.08.2025 13:37:17,000	3,08	14,87	34,3	-8,3	47,4	0	-11,3
979	23.08.2025 13:37:18,000	3,08	14,89	32,5	-15,6	41,9	0	-22,4
980	23.08.2025 13:37:19,000	3,08	14,89	29,7	-23,1	37,2	0	-33,4
981	23.08.2025 13:37:20,000	3,08	14,94	28,6	-28,5	32,8	0	-41,6
982	23.08.2025 13:37:21,000	3,08	14,94	28,2	-27,7	34,1	0	-39,9
983	23.08.2025 13:37:22,000	3,08	14,94	25,4	-28,9	35,7	0	-39,9
984	23.08.2025 13:37:23,000	3,12	14,97	25,1	-27,3	37,5	0	-37,3
985	23.08.2025 13:37:24,000	3,12	14,99	28,2	-25,2	36,6	0	-35,9
986	23.08.2025 13:37:25,000	3,12	14,99	23,4	-24,2	42,4	0	-31,8
987	23.08.2025 13:37:26,000	3,12	14,99	24,8	-22,0	43,2	0	-29,3
988	23.08.2025 13:37:27,000	3,16	15,02	30,0	-22,5	37,5	0	-32,5
989	23.08.2025 13:37:28,000	3,16	15,04	31,1	-23,0	35,9	0	-34,1
990	23.08.2025 13:37:29,000	3,16	15,06	32,5	-20,4	37,1	0	-30,4
991	23.08.2025 13:37:30,000	3,16	15,09	29,6	-20,6	39,7	0	-29,4
992	23.08.2025 13:37:31,000	3,16	15,09	31,1	-20,1	38,8	0	-29,3
993	23.08.2025 13:37:32,000	3,16	15,09	32,4	-20,8	36,8	0	-31,0
994	23.08.2025 13:37:33,000	3,20	15,12	31,7	-19,4	38,8	0	-28,4
995	23.08.2025 13:37:34,000	3,16	15,13	32,6	-21,8	35,6	0	-32,9
996	23.08.2025 13:37:35,000	3,16	15,16	32,7	-20,3	37,0	0	-30,4
997	23.08.2025 13:37:36,000	3,16	15,16	31,9	-21,5	36,6	0	-32,1
998	23.08.2025 13:37:37,000	3,16	15,18	32,2	-20,8	37,0	0	-31,0
999	23.08.2025 13:37:38,000	3,16	15,21	31,6	-19,9	38,4	0	-29,2
1000	23.08.2025 13:37:39,000	3,16	15,23	30,7	-22,1	37,3	0	-32,2
1001	23.08.2025 13:37:40,000	3,16	15,21	31,2	-23,9	34,9	0	-35,6
1002	23.08.2025 13:37:41,000	3,16	15,25	31,2	-22,3	36,5	0	-33,0
1003	23.08.2025 13:37:42,000	3,16	15,25	29,6	-24,3	36,1	0	-35,3
1004	23.08.2025 13:37:43,000	3,16	15,25	30,4	-22,2	37,5	0	-32,3
1005	23.08.2025 13:37:44,000	3,16	15,30	30,1	-22,6	37,4	0	-32,7
1006	23.08.2025 13:37:45,000	3,16	15,30	29,0	-23,2	37,8	0	-33,1
1007	23.08.2025 13:37:46,000	3,16	15,32	30,0	-23,6	36,4	0	-34,4
1008	23.08.2025 13:37:47,000	3,16	15,32	30,2	-23,3	36,5	0	-34,0
1009	23.08.2025 13:37:48,000	3,16	15,35	29,7	-21,3	39,0	0	-30,4
1010	23.08.2025 13:37:49,000	3,16	15,37	30,5	-21,7	37,8	0	-31,6
1011	23.08.2025 13:37:50,000	3,16	15,39	30,2	-23,4	36,5	0	-34,1
1012	23.08.2025 13:37:51,000	3,16	15,42	29,7	-22,7	37,5	0	-32,9
1013	23.08.2025 13:37:52,000	3,12	15,44	30,5	-22,4	37,1	0	-32,7
1014	23.08.2025 13:37:53,000	3,12	15,44	29,9	-22,9	37,2	0	-33,2
1015	23.08.2025 13:37:54,000	3,12	15,44	29,8	-21,9	38,3	0	-31,5
1016	23.08.2025 13:37:55,000	3,16	15,46	30,6	-20,1	39,4	0	-28,9
1017	23.08.2025 13:37:56,000	3,16	15,51	30,3	-21,3	38,4	0	-30,8
1018	23.08.2025 13:37:57,000	3,16	15,51	30,1	-20,4	39,5	0	-29,2
1019	23.08.2025 13:37:58,000	3,16	15,53	31,2	-17,0	41,8	0	-24,2
1020	23.08.2025 13:37:59,000	3,16	15,53	31,2	-17,6	41,2	0	-25,2
1021	23.08.2025 13:38:00,000	3,16	15,56	32,1	-17,3	40,6	0	-25,1
1022	23.08.2025 13:38:01,000	3,16	15,56	31,9	-15,4	42,7	0	-21,8
1023	23.08.2025 13:38:02,000	3,16	15,58	32,5	-14,2	43,3	0	-20,1
1024	23.08.2025 13:38:03,000	3,16	15,61	32,4	-15,9	41,7	0	-22,8
1025	23.08.2025 13:38:04,000	3,16	15,61	32,9	-14,6	42,5	0	-21,0
1026	23.08.2025 13:38:05,000	3,20	15,63	31,6	-15,1	43,3	0	-21,3
1027	23.08.2025 13:38:06,000	3,20	15,66	34,8	-9,5	45,6	0	-13,3
1028	23.08.2025 13:38:07,000	3,20	15,66	36,6	-7,5	45,9	0	-10,5
1029	23.08.2025 13:38:08,000	3,20	15,68	34,8	-7,1	48,2	0	-9,5
1030	23.08.2025 13:38:09,000	3,20	15,70	36,0	-6,2	47,8	0	-8,4
1031	23.08.2025 13:38:10,000	3,20	15,73	38,3	-4,8	46,9	0	-6,7
1032	23.08.2025 13:38:11,000	3,20	15,73	37,7	-2,8	49,5	0	-3,7
1033	23.08.2025 13:38:12,000	3,23	15,75	36,0	-5,2	48,8	0	-6,9
1034	23.08.2025 13:38:13,000	3,23	15,78	37,7	-4,9	47,4	0	-6,7
1035	23.08.2025 13:38:14,000	3,23	15,80	36,7	-4,8	48,5	0	-6,4
1036	23.08.2025 13:38:15,000	3,23	15,83	36,5	-6,4	47,1	0	-8,8
1037	23.08.2025 13:38:16,000	3,27	15,83	34,7	-8,3	46,9	0	-11,5
1038	23.08.2025 13:38:17,000	3,27	15,85	32,7	-14,8	42,6	0	-21,1
1039	23.08.2025 13:38:18,000	3,27	15,88	31,0	-21,0	37,9	0	-30,8
1040	23.08.2025 13:38:19,000	3,27	15,90	28,9	-24,7	36,4	0	-35,5
1041	23.08.2025 13:38:20,000	3,31	15,93	27,1	-26,9	36,0	0	-37,9
1042	23.08.2025 13:38:21,000	3,31	15,93	25,9	-26,5	37,6	0	-36,6
1043	23.08.2025 13:38:22,000	3,31	15,95	26,6	-21,1	42,3	0	-28,7
1044	23.08.2025 13:38:23,000	3,31	15,97	31,4	-24,6	34,0	0	-37,0
1045	23.08.2025 13:38:24,000	3,31	15,95	30,0	-22,4	37,5	0	-32,5
1046	23.08.2025 13:38:25,000	3,35	15,98	30,3	-24,4	35,4	0	-35,8
1047	23.08.2025 13:38:26,000	3,35	16,00	27,7	-24,6	37,8	0	-34,6
1048	23.08.2025 13:38:27,000	3,35	16,03	31,0	-22,9	36,1	0	-33,8
1049	23.08.2025 13:38:28,000	3,35	16,05	30,0	-20,2	39,8	0	-28,8
1050	23.08.2025 13:38:29,000	3,35	16,07	29,8	-22,7	37,5	0	-32,8
1051	23.08.2025 13:38:30,000	3,38	16,08	29,2	-23,5	37,2	0	-33,9
1052	23.08.2025 13:38:31,000	3,38	16,08	31,8	-22,0	36,2	0	-32,8
1053	23.08.2025 13:38:32,000	3,38	16,12	30,9	-22,2	36,9	0	-32,5
1054	23.08.2025 13:38:33,000	3,38	16,15	31,1	-20,9	38,0	0	-30,6
1055	23.08.2025 13:38:34,000	3,38	16,15	31,0	-22,3	36,7	0	-32,8
1056	23.08.2025 13:38:35,000	3,38	16,17	31,9	-20,9	37,3	0	-30,9
1057	23.08.2025 13:38:36,000	3,38	16,17	30,2	-22,0	37,8	0	-31,9
1058	23.08.2025 13:38:37,000	3,38	16,19	30,4	-19,9	39,7	0	-28,6
1059	23.08.2025 13:38:38,000	3,38	16,22	31,8	-17,6	40,6	0	-25,4
1060	23.08.2025 13:38:39,000	3,38	16,24	31,6	-16,5	41,9	0	-23,6
1061	23.08.2025 13:38:40,000	3,38	16,24	32,3	-17,6	40,0	0	-25,7
1062	23.08.2025 13:38:41,000	3,42	16,27	32,7	-16,9	40,4	0	-24,7
1063	23.08.2025 13:38:42,000	3,42	16,29	31,2	-19,0	39,8	0	-27,5
1064	23.08.2025 13:38:43,000	3,42	16,32	30,8	-21,9	37,3	0	-32,0
1065	23.08.2025 13:38:44,000	3,42	16,34	24,0	-25,1	40,8	0	-33,5
1066	23.08.2025 13:38:45,000	3,42	16,36	22,3	-27,3	40,4	0	-35,7
1067	23.08.2025 13:38:46,000	3,42	16,39	32,2	-25,3	32,5	0	-38,7
1068	23.08.2025 13:38:47,000	3,42	16,39	30,5	-20,6	38,9	0	-29,8
1069	23.08.2025 13:38:48,000	3,42	16,41	28,4	-23,8	37,8	0	-33,8
1070	23.08.2025 13:38:49,000	3,42	16,43	28,6	-24,3	37,2	0	-34,6
1071	23.08.2025 13:38:50,000	3,42	16,48	29,3	-23,6	37,1	0	-33,9
1072	23.08.2025 13:38:51,000	3,42	16,46	29,3	-24,6	36,1	0	-35,6
1073	23.08.2025 13:38:52,000	3,42	16,48	27,9	-23,9	38,2	0	-33,7
1074	23.08.2025 13:38:53,000	3,38	16,50	30,2	-22,5	37,3	0	-32,8
1075	23.08.2025 13:38:54,000	3,38	16,52	30,9	-23,6	35,5	0	-35,0
1076	23.08.2025 13:38:55,000	3,38	16,55	28,9	-22,9	38,2	0	-32,6
1077	23.08.2025 13:38:56,000	3,38	16,55	30,7	-22,0	37,3	0	-32,2
1078	23.08.2025 13:38:57,000	3,38	16,55	30,6	-23,1	36,3	0	-34,0
1079	23.08.2025 13:38:58,000	3,38	16,59	29,0	-22,8	38,2	0	-32,6
1080	23.08.2025 13:38:59,000	3,38	16,62	27,6	-23,8	38,6	0	-33,4
1081	23.08.2025 13:39:00,000	3,38	16,64	28,7	-22,8	38,5	0	-32,3
1082	23.08.2025 13:39:01,000	3,38	16,66	31,0	-23,5	35,5	0	-34,8
1083	23.08.2025 13:39:02,000	3,38	16,66	30,9	-21,6	37,4	0	-31,7
1084	23.08.2025 13:39:03,000	3,38	16,66	28,9	-22,8	38,3	0	-32,5
1085	23.08.2025 13:39:04,000	3,38	16,69	28,2	-21,6	40,2	0	-30,2
1086	23.08.2025 13:39:05,000	3,38	16,71	29,8	-23,7	36,5	0	-34,4
1087	23.08.2025 13:39:06,000	3,38	16,73	30,9	-22,3	36,8	0	-32,8
1088	23.08.2025 13:39:07,000	3,42	16,76	29,2	-22,0	38,8	0	-31,4
1089	23.08.2025 13:39:08,000	3,42	16,79	29,7	-22,3	38,0	0	-32,1
1090	23.08.2025 13:39:09,000	3,42	16,79	28,5	-22,0	39,5	0	-31,0
1091	23.08.2025 13:39:10,000	3,42	16,81	29,0	-23,5	37,5	0	-33,7
1092	23.08.2025 13:39:11,000	3,42	16,83	30,2	-22,0	37,9	0	-31,8
1093	23.08.2025 13:39:12,000	3,42	16,83	30,8	-21,0	38,2	0	-30,6
1094	23.08.2025 13:39:13,000	3,42	16,86	29,9	-22,7	37,3	0	-33,0
1095	23.08.2025 13:39:14,000	3,42	16,88	31,2	-23,1	35,7	0	-34,3
1096	23.08.2025 13:39:15,000	3,42	16,90	30,8	-20,7	38,4	0	-30,2
1097	23.08.2025 13:39:16,000	3,42	16,93	31,6	-20,6	37,8	0	-30,4
1098	23.08.2025 13:39:17,000	3,42	16,95	28,8	-29,2	32,0	0	-42,8
1099	23.08.2025 13:39:18,000	3,42	16,97	23,7	-21,6	44,7	0	-28,2
1100	23.08.2025 13:39:19,000	3,42	16,97	23,4	-20,4	46,2	0	-26,5
1101	23.08.2025 13:39:20,000	3,42	17,02	24,2	-24,1	41,6	0	-32,2
1102	23.08.2025 13:39:21,000	3,46	17,02	25,4	-23,7	40,9	0	-32,1
1103	23.08.2025 13:39:22,000	3,46	17,05	30,0	-20,1	39,8	0	-28,8
1104	23.08.2025 13:39:23,000	3,46	17,07	29,4	-21,1	39,4	0	-30,1
1105	23.08.2025 13:39:24,000	3,46	17,07	27,5	-20,2	42,4	0	-27,7
1106	23.08.2025 13:39:25,000	3,46	17,12	27,5	-20,0	42,5	0	-27,5
1107	23.08.2025 13:39:26,000	3,46	17,12	32,2	-21,3	36,4	0	-31,9
1108	23.08.2025 13:39:27,000	3,46	17,14	30,8	-18,8	40,4	0	-27,0
1109	23.08.2025 13:39:28,000	3,46	17,17	33,7	-18,5	37,8	0	-27,8
1110	23.08.2025 13:39:29,000	3,46	17,19	32,3	-15,8	42,0	0	-22,6
1111	23.08.2025 13:39:30,000	3,46	17,19	31,1	-14,7	44,2	0	-20,6
1112	23.08.2025 13:39:31,000	3,46	17,21	34,4	-15,5	40,1	0	-23,0
1113	23.08.2025 13:39:32,000	3,46	17,24	35,8	-16,7	37,5	0	-25,7
1114	23.08.2025 13:39:33,000	3,50	17,26	31,9	-13,8	44,3	0	-19,3
1115	23.08.2025 13:39:34,000	3,50	17,29	35,5	-12,5	42,0	0	-18,3
1116	23.08.2025 13:39:35,000	3,50	17,31	36,8	-13,8	39,3	0	-21,0
1117	23.08.2025 13:39:36,000	3,50	17,31	32,1	-11,4	46,5	0	-15,7
1118	23.08.2025 13:39:37,000	3,50	17,33	36,3	-12,6	41,0	0	-18,8
1119	23.08.2025 13:39:38,000	3,50	17,38	37,8	-13,9	38,3	0	-21,5
1120	23.08.2025 13:39:39,000	3,50	17,40	35,5	-10,5	44,0	0	-15,0
1121	23.08.2025 13:39:40,000	3,50	17,43	35,6	-9,3	45,1	0	-13,1
1122	23.08.2025 13:39:41,000	3,50	17,43	39,8	-10,4	39,8	0	-16,0
1123	23.08.2025 13:39:42,000	3,50	17,45	38,1	-12,2	39,7	0	-18,6
1124	23.08.2025 13:39:43,000	3,50	17,48	37,2	-9,5	43,4	0	-13,7
1125	23.08.2025 13:39:44,000	3,50	17,50	38,6	-10,0	41,4	0	-15,0
1126	23.08.2025 13:39:45,000	3,50	17,55	36,4	-10,7	42,9	0	-15,5
1127	23.08.2025 13:39:46,000	3,50	17,55	38,5	-8,8	42,7	0	-12,9
1128	23.08.2025 13:39:47,000	3,50	17,59	42,9	-8,8	38,3	0	-14,1
1129	23.08.2025 13:39:48,000	3,50	17,62	41,2	-9,7	39,1	0	-15,2
1130	23.08.2025 13:39:49,000	3,50	17,64	39,4	-9,2	41,4	0	-13,8
1131	23.08.2025 13:39:50,000	3,50	17,66	42,6	-8,4	39,1	0	-13,2
1132	23.08.2025 13:39:51,000	3,50	17,69	43,5	-8,7	37,7	0	-14,1
1133	23.08.2025 13:39:52,000	3,50	17,73	43,4	-9,2	37,4	0	-14,9
1134	23.08.2025 13:39:53,000	3,50	17,76	44,9	-8,2	36,9	0	-13,6
1135	23.08.2025 13:39:54,000	3,50	17,78	44,8	-9,2	35,9	0	-15,5
1136	23.08.2025 13:39:55,000	3,50	17,80	43,8	-9,4	36,8	0	-15,5
1137	23.08.2025 13:39:56,000	3,50	17,85	44,7	-9,4	35,9	0	-15,8
1138	23.08.2025 13:39:57,000	3,50	17,85	44,3	-9,4	36,3	0	-15,5
1139	23.08.2025 13:39:58,000	3,53	17,88	43,6	-9,9	36,6	0	-16,2
1140	23.08.2025 13:39:59,000	3,53	17,90	45,0	-9,0	36,0	0	-15,1
1141	23.08.2025 13:40:00,000	3,53	17,95	45,8	-9,0	35,2	0	-15,4
1142	23.08.2025 13:40:01,000	3,53	17,97	43,6	-10,3	36,1	0	-17,2
1143	23.08.2025 13:40:02,000	3,53	18,02	44,9	-8,7	36,4	0	-14,4
1144	23.08.2025 13:40:03,000	3,53	18,04	46,3	-8,6	35,1	0	-14,7
1145	23.08.2025 13:40:04,000	3,53	18,07	44,4	-10,1	35,5	0	-17,1
1146	23.08.2025 13:40:05,000	3,53	18,11	45,4	-9,0	35,5	0	-15,3
1147	23.08.2025 13:40:06,000	3,53	18,14	46,2	-9,2	34,6	0	-15,9
1148	23.08.2025 13:40:07,000	3,53	18,16	45,5	-8,7	35,8	0	-14,6
1149	23.08.2025 13:40:08,000	3,57	18,19	46,1	-9,0	34,9	0	-15,4
1150	23.08.2025 13:40:09,000	3,57	18,21	45,2	-9,7	35,2	0	-16,4
1151	23.08.2025 13:40:10,000	3,57	18,26	44,7	-9,2	36,1	0	-15,4
1152	23.08.2025 13:40:11,000	3,57	18,31	48,5	-6,6	34,9	0	-11,5
1153	23.08.2025 13:40:12,000	3,57	18,31	48,4	-6,8	34,8	0	-11,8
1154	23.08.2025 13:40:13,000	3,57	18,35	44,7	-9,6	35,8	0	-16,1
1155	23.08.2025 13:40:14,000	3,57	18,38	43,9	-9,3	36,9	0	-15,2
1156	23.08.2025 13:40:15,000	3,57	18,42	50,7	-4,7	34,6	0	-8,3
1157	23.08.2025 13:40:16,000	3,57	18,47	50,3	-4,9	34,8	0	-8,5
1158	23.08.2025 13:40:17,000	3,57	18,49	45,2	-8,2	36,6	0	-13,7
1159	23.08.2025 13:40:18,000	3,57	18,52	49,2	-4,6	36,2	0	-7,7
1160	23.08.2025 13:40:19,000	3,57	18,56	54,0	-1,6	34,4	0	-2,9
1161	23.08.2025 13:40:20,000	3,57	18,59	51,6	-3,6	34,8	0	-6,4
1162	23.08.2025 13:40:21,000	3,57	18,64	51,9	-2,7	35,4	0	-4,7
1163	23.08.2025 13:40:22,000	3,57	18,66	52,4	-2,0	35,6	0	-3,5
1164	23.08.2025 13:40:23,000	3,57	18,66	50,9	-2,6	36,4	0	-4,5
1165	23.08.2025 13:40:24,000	3,57	18,73	55,5	-0,8	33,7	0	-1,5
1166	23.08.2025 13:40:25,000	3,57	18,75	56,1	-0,9	33,0	0	-1,7
1167	23.08.2025 13:40:26,000	3,61	18,78	50,1	-2,9	36,9	0	-4,9
1168	23.08.2025 13:40:27,000	3,61	18,83	54,6	-0,6	34,9	0	-1,0
1169	23.08.2025 13:40:28,000	3,61	18,85	57,6	1,0	31,4	0	1,9
1170	23.08.2025 13:40:29,000	3,61	18,90	50,9	-2,9	36,2	0	-4,9
1171	23.08.2025 13:40:30,000	3,61	18,90	49,1	-3,7	37,2	0	-6,1
1172	23.08.2025 13:40:31,000	3,61	18,94	56,8	1,5	31,7	0	2,9
1173	23.08.2025 13:40:32,000	3,65	18,97	57,6	0,7	31,7	0	1,4
1174	23.08.2025 13:40:33,000	3,65	19,00	50,4	-4,0	35,6	0	-6,9
1175	23.08.2025 13:40:34,000	3,65	19,02	51,4	-2,5	36,1	0	-4,3
1176	23.08.2025 13:40:35,000	3,65	19,07	56,8	1,9	31,3	0	3,6
1177	23.08.2025 13:40:36,000	3,65	19,09	56,9	0,1	32,9	0	0,3
1178	23.08.2025 13:40:37,000	3,65	19,09	51,3	-3,5	35,2	0	-6,1
1179	23.08.2025 13:40:38,000	3,65	19,11	54,4	-0,6	34,9	0	-1,1
1180	23.08.2025 13:40:39,000	3,65	19,16	42,9	4,8	42,3	0	7,2
1181	23.08.2025 13:40:40,000	3,65	19,16	25,1	8,4	56,5	0	10,2
1182	23.08.2025 13:40:41,000	3,65	19,16	6,2	12,1	71,7	0	12,8
1183	23.08.2025 13:40:42,000	3,65	19,18	-1,5	8,3	80,2	0	8,4
1184	23.08.2025 13:40:43,000	3,68	19,14	-1,8	3,1	85,0	0	3,2
1185	23.08.2025 13:40:44,000	3,68	19,16	-2,5	-8,3	79,2	0	-8,5
1186	23.08.2025 13:40:45,000	3,68	19,16	-3,9	-19,6	66,5	0	-20,5
1187	23.08.2025 13:40:46,000	3,68	19,16	-1,7	-25,1	63,2	0	-25,5
1188	23.08.2025 13:40:47,000	3,68	19,14	-1,6	-22,9	65,5	0	-23,3
1189	23.08.2025 13:40:48,000	3,68	19,14	-1,6	-22,1	66,3	0	-22,5
1190	23.08.2025 13:40:49,000	3,68	19,14	-3,4	-19,7	66,9	0	-20,4
1191	23.08.2025 13:40:50,000	3,68	19,16	0,3	-21,3	68,4	0	-21,3
1192	23.08.2025 13:40:51,000	3,68	19,14	-1,4	-22,7	65,8	0	-23,1
1193	23.08.2025 13:40:52,000	3,68	19,14	-5,9	-19,4	64,7	0	-20,7
1194	23.08.2025 13:40:53,000	3,72	19,14	-3,4	-21,4	65,2	0	-22,2
1195	23.08.2025 13:40:54,000	3,72	19,17	0,4	-19,9	69,6	0	-20,0
1196	23.08.2025 13:40:55,000	3,72	19,14	-5,3	-13,9	70,8	0	-14,7
1197	23.08.2025 13:40:56,000	3,72	19,14	-1,7	-15,2	73,1	0	-15,4
1198	23.08.2025 13:40:57,000	3,72	19,14	-3,2	-17,3	69,5	0	-17,9
1199	23.08.2025 13:40:58,000	3,72	19,14	-5,3	-14,7	70,0	0	-15,6
1200	23.08.2025 13:40:59,000	3,72	19,14	-3,4	-17,4	69,2	0	-18,0
1201	23.08.2025 13:41:00,000	3,72	19,17	-1,4	-18,1	70,4	0	-18,4
1202	23.08.2025 13:41:01,000	3,72	19,14	-2,3	-17,0	70,7	0	-17,4
1203	23.08.2025 13:41:02,000	3,72	19,17	-1,9	-17,4	70,7	0	-17,7
1204	23.08.2025 13:41:03,000	3,72	19,14	-4,7	-15,7	69,6	0	-16,5
1205	23.08.2025 13:41:04,000	3,76	19,15	-5,5	-15,6	68,9	0	-16,5
1206	23.08.2025 13:41:05,000	3,76	19,15	-1,1	-14,1	74,8	0	-14,3
1207	23.08.2025 13:41:06,000	3,76	19,15	-4,0	-17,2	68,8	0	-18,0
1208	23.08.2025 13:41:07,000	3,76	19,15	-3,9	-18,4	67,7	0	-19,2
1209	23.08.2025 13:41:08,000	3,76	19,17	-5,5	-15,0	69,5	0	-15,9
1210	23.08.2025 13:41:09,000	3,76	19,15	-5,0	-15,6	69,5	0	-16,4
1211	23.08.2025 13:41:10,000	3,76	19,15	-10,2	-10,4	69,4	0	-11,4
1212	23.08.2025 13:41:11,000	3,76	19,15	-1,6	-15,8	72,7	0	-16,0
1213	23.08.2025 13:41:12,000	3,76	19,15	-3,1	-16,3	70,6	0	-16,8
1214	23.08.2025 13:41:13,000	3,76	19,15	-3,5	-15,3	71,2	0	-15,9
1215	23.08.2025 13:41:14,000	3,76	19,15	-5,8	-14,2	69,9	0	-15,1
1216	23.08.2025 13:41:15,000	3,76	19,15	-7,9	-16,4	65,7	0	-17,7
1217	23.08.2025 13:41:16,000	3,76	19,15	-3,7	-15,1	71,2	0	-15,7
1218	23.08.2025 13:41:17,000	3,76	19,17	0,3	-14,7	74,9	0	-14,8
1219	23.08.2025 13:41:18,000	3,76	19,17	-3,2	-17,4	69,3	0	-18,0
1220	23.08.2025 13:41:19,000	3,76	19,15	-4,6	-15,1	70,3	0	-15,9
1221	23.08.2025 13:41:20,000	3,76	19,15	-4,4	-15,5	70,2	0	-16,2
1222	23.08.2025 13:41:21,000	3,76	19,17	-3,0	-15,5	71,5	0	-16,0
1223	23.08.2025 13:41:22,000	3,76	19,17	0,4	-9,3	80,3	0	-9,4
1224	23.08.2025 13:41:23,000	3,76	19,15	-3,3	-14,3	72,4	0	-14,8
1225	23.08.2025 13:41:24,000	3,76	19,15	-3,4	-14,3	72,3	0	-14,8
1226	23.08.2025 13:41:25,000	3,76	19,17	-1,1	-17,7	71,2	0	-17,9
1227	23.08.2025 13:41:26,000	3,76	19,17	-3,4	-14,9	71,7	0	-15,5
1228	23.08.2025 13:41:27,000	3,76	19,17	-7,1	-15,5	67,4	0	-16,6
1229	23.08.2025 13:41:28,000	3,76	19,20	-11,9	-2,5	75,7	0	-2,6
1230	23.08.2025 13:41:29,000	3,76	19,17	0,3	-17,7	71,9	0	-17,8
1231	23.08.2025 13:41:30,000	3,76	19,17	-6,3	-16,2	67,5	0	-17,3
1232	23.08.2025 13:41:31,000	3,76	19,17	-4,7	-17,1	68,2	0	-18,0
1233	23.08.2025 13:41:32,000	3,80	19,18	-4,1	-14,6	71,4	0	-15,2
1234	23.08.2025 13:41:33,000	3,76	19,17	-4,0	-13,9	72,1	0	-14,5
1235	23.08.2025 13:41:34,000	3,76	19,17	-6,6	-14,1	69,3	0	-15,0
1236	23.08.2025 13:41:35,000	3,76	19,17	-2,6	-15,2	72,2	0	-15,6
1237	23.08.2025 13:41:36,000	3,76	19,17	2,9	-17,6	69,5	0	-18,1
1238	23.08.2025 13:41:37,000	3,76	19,17	-4,2	-12,1	73,8	0	-12,6
1239	23.08.2025 13:41:38,000	3,80	19,20	-4,2	-14,1	71,7	0	-14,8
1240	23.08.2025 13:41:39,000	3,80	19,18	-4,8	-13,3	71,9	0	-14,0
1241	23.08.2025 13:41:40,000	3,80	19,20	-5,9	-15,9	68,2	0	-16,9
1242	23.08.2025 13:41:41,000	3,80	19,20	-3,7	-13,9	72,4	0	-14,4
1243	23.08.2025 13:41:42,000	3,80	19,20	-3,9	-15,9	70,2	0	-16,6
1244	23.08.2025 13:41:43,000	3,80	19,20	-7,3	-14,3	68,4	0	-15,4
1245	23.08.2025 13:41:44,000	3,80	19,20	-4,2	-18,7	67,1	0	-19,6
1246	23.08.2025 13:41:45,000	3,80	19,20	-5,6	-11,0	73,5	0	-11,5
1247	23.08.2025 13:41:46,000	3,80	19,20	-4,0	-14,0	72,0	0	-14,6
1248	23.08.2025 13:41:47,000	3,80	19,20	-4,8	-14,3	70,9	0	-15,1
1249	23.08.2025 13:41:48,000	3,80	19,20	-2,1	-14,1	73,7	0	-14,5
1250	23.08.2025 13:41:49,000	3,80	19,20	-2,8	-12,2	75,0	0	-12,5
1251	23.08.2025 13:41:50,000	3,80	19,20	-2,8	-13,3	73,8	0	-13,7
1252	23.08.2025 13:41:51,000	3,80	19,20	-9,5	-7,2	73,3	0	-7,7
1253	23.08.2025 13:41:52,000	3,80	19,20	-2,9	-13,5	73,6	0	-13,9
1254	23.08.2025 13:41:53,000	3,80	19,20	-5,8	-11,7	72,5	0	-12,4
1255	23.08.2025 13:41:54,000	3,80	19,22	-4,6	-14,0	71,4	0	-14,7
1256	23.08.2025 13:41:55,000	3,80	19,20	-3,7	-11,5	74,8	0	-12,0
1257	23.08.2025 13:41:56,000	3,80	19,20	-4,8	-11,1	74,1	0	-11,6
1258	23.08.2025 13:41:57,000	3,80	19,20	1,4	-12,8	75,8	0	-13,0
1259	23.08.2025 13:41:58,000	3,80	19,20	-4,2	-8,3	77,5	0	-8,6
1260	23.08.2025 13:41:59,000	3,80	19,20	-5,8	-12,1	72,1	0	-12,8
1261	23.08.2025 13:42:00,000	3,80	19,20	0,2	-15,3	74,6	0	-15,3
1262	23.08.2025 13:42:01,000	3,80	19,22	-4,3	-11,1	74,5	0	-11,6
1263	23.08.2025 13:42:02,000	3,80	19,20	-8,2	-9,6	72,2	0	-10,3
1264	23.08.2025 13:42:03,000	3,80	19,20	-6,0	-18,3	65,7	0	-19,5
1265	23.08.2025 13:42:04,000	3,80	19,22	-4,8	-14,2	70,9	0	-15,0
1266	23.08.2025 13:42:05,000	3,80	19,22	-5,3	-14,5	70,2	0	-15,3
1267	23.08.2025 13:42:06,000	3,80	19,20	-4,3	-18,1	67,5	0	-19,0
1268	23.08.2025 13:42:07,000	3,80	19,18	-1,7	-18,8	69,5	0	-19,1
1269	23.08.2025 13:42:08,000	3,80	19,20	-4,1	-15,2	70,7	0	-15,9
1270	23.08.2025 13:42:09,000	3,80	19,20	-4,2	-19,0	66,9	0	-19,8
1271	23.08.2025 13:42:10,000	3,80	19,20	-4,8	-13,4	71,9	0	-14,0
1272	23.08.2025 13:42:11,000	3,80	19,20	-2,1	-19,9	68,0	0	-20,4
1273	23.08.2025 13:42:12,000	3,76	19,20	-4,0	-14,7	71,3	0	-15,4
1274	23.08.2025 13:42:13,000	3,80	19,20	-0,9	-21,9	67,1	0	-22,2
1275	23.08.2025 13:42:14,000	3,80	19,20	-2,6	-20,6	66,8	0	-21,2
1276	23.08.2025 13:42:15,000	3,80	19,20	-0,5	-13,9	75,7	0	-14,0
1277	23.08.2025 13:42:16,000	3,80	19,20	-7,5	-2,5	80,0	1	-2,5
1278	23.08.2025 13:42:17,000	3,80	19,18	-6,4	-15,6	68,0	0	-16,6
1279	23.08.2025 13:42:18,000	3,80	19,20	-6,7	-8,0	75,3	0	-8,5
1280	23.08.2025 13:42:19,000	3,80	19,22	-2,2	-11,9	75,9	0	-12,2
1281	23.08.2025 13:42:20,000	3,80	19,20	-5,8	-13,5	70,8	0	-14,3
1282	23.08.2025 13:42:21,000	3,80	19,22	-8,3	-11,8	69,9	0	-12,7
1283	23.08.2025 13:42:22,000	3,80	19,20	-0,5	-13,9	75,6	0	-13,9
1284	23.08.2025 13:42:23,000	3,80	19,22	-3,4	-10,3	76,2	0	-10,7
1285	23.08.2025 13:42:24,000	3,80	19,20	-4,4	-14,9	70,7	0	-15,6
1286	23.08.2025 13:42:25,000	3,80	19,22	-4,6	-16,4	69,0	0	-17,3
1287	23.08.2025 13:42:26,000	3,80	19,22	-3,6	-8,7	77,7	0	-9,0
1288	23.08.2025 13:42:27,000	3,80	19,25	-3,5	-14,3	72,2	0	-14,8
1289	23.08.2025 13:42:28,000	3,80	19,22	-2,5	-15,9	71,6	0	-16,3
1290	23.08.2025 13:42:29,000	3,80	19,20	-6,4	-13,3	70,3	0	-14,2
1291	23.08.2025 13:42:30,000	3,80	19,20	-5,9	-14,4	69,7	0	-15,2
1292	23.08.2025 13:42:31,000	3,80	19,20	-4,6	-14,2	71,2	0	-14,9
1293	23.08.2025 13:42:32,000	3,80	19,20	-3,2	-13,0	73,8	0	-13,5
1294	23.08.2025 13:42:33,000	3,80	19,20	-2,4	-14,1	73,5	0	-14,4
1295	23.08.2025 13:42:34,000	3,80	19,20	-3,3	-15,2	71,5	0	-15,8
1296	23.08.2025 13:42:35,000	3,80	19,20	-3,0	-11,7	75,3	0	-12,1
1297	23.08.2025 13:42:36,000	3,80	19,20	-2,9	-11,0	76,2	0	-11,3
1298	23.08.2025 13:42:37,000	3,80	19,20	-5,5	-10,9	73,6	0	-11,4
1299	23.08.2025 13:42:38,000	3,80	19,20	-2,9	-12,6	74,5	0	-13,0
1300	23.08.2025 13:42:39,000	3,80	19,20	-2,6	-11,6	75,8	0	-11,9
1301	23.08.2025 13:42:40,000	3,80	19,22	-4,4	-10,3	75,4	0	-10,7
1302	23.08.2025 13:42:41,000	3,80	19,20	-5,7	-11,9	72,5	0	-12,5
1303	23.08.2025 13:42:42,000	3,80	19,20	-2,6	-11,9	75,5	0	-12,2
1304	23.08.2025 13:42:43,000	3,80	19,20	-3,4	-10,7	75,9	0	-11,1
1305	23.08.2025 13:42:44,000	3,80	19,20	-3,9	-11,5	74,7	0	-11,9
1306	23.08.2025 13:42:45,000	3,80	19,20	-2,8	-12,1	75,1	0	-12,5
1307	23.08.2025 13:42:46,000	3,80	19,20	-4,2	-9,2	76,6	0	-9,5
1308	23.08.2025 13:42:47,000	3,80	19,20	-4,0	-11,6	74,4	0	-12,1
1309	23.08.2025 13:42:48,000	3,80	19,20	-4,8	-9,7	75,6	0	-10,1
1310	23.08.2025 13:42:49,000	3,80	19,18	-4,4	-11,0	74,6	0	-11,4
1311	23.08.2025 13:42:50,000	3,80	19,20	-3,6	-10,7	75,7	0	-11,1
1312	23.08.2025 13:42:51,000	3,80	19,20	-2,9	-7,6	79,5	0	-7,8
1313	23.08.2025 13:42:52,000	3,80	19,20	-5,4	-6,6	78,1	0	-6,9
1314	23.08.2025 13:42:53,000	3,80	19,20	-3,1	-4,9	81,9	0	-5,1
1315	23.08.2025 13:42:54,000	3,80	19,20	-2,2	-6,3	81,5	0	-6,5
1316	23.08.2025 13:42:55,000	3,80	19,20	-3,5	-7,9	78,6	0	-8,1
1317	23.08.2025 13:42:56,000	3,80	19,20	-2,7	-4,9	82,4	0	-5,0
1318	23.08.2025 13:42:57,000	3,80	19,20	-3,0	-7,3	79,7	0	-7,5
1319	23.08.2025 13:42:58,000	3,80	19,18	-2,3	-4,7	83,1	0	-4,8
1320	23.08.2025 13:42:59,000	3,80	19,20	-3,0	-4,9	82,2	0	-5,0
1321	23.08.2025 13:43:00,000	3,80	19,18	-4,3	-3,9	81,9	0	-4,0
1322	23.08.2025 13:43:01,000	3,80	19,20	-4,0	-5,7	80,4	0	-5,9
1323	23.08.2025 13:43:02,000	3,80	19,20	-2,6	-3,8	83,6	0	-3,9
1324	23.08.2025 13:43:03,000	3,80	19,20	-3,9	-4,0	82,0	0	-4,2
1325	23.08.2025 13:43:04,000	3,80	19,20	-3,9	-2,4	83,7	0	-2,4
1326	23.08.2025 13:43:05,000	3,80	19,20	-2,8	-4,7	82,4	0	-4,9
1327	23.08.2025 13:43:06,000	3,80	19,18	-2,5	-2,8	84,7	0	-2,9
1328	23.08.2025 13:43:07,000	3,80	19,20	-4,7	-3,0	82,3	0	-3,0
1329	23.08.2025 13:43:08,000	3,80	19,18	-4,4	-3,3	82,3	0	-3,3
1330	23.08.2025 13:43:09,000	3,80	19,18	-3,7	-9,9	76,4	0	-10,3
1331	23.08.2025 13:43:10,000	3,80	19,20	-4,9	-11,0	74,1	0	-11,5
1332	23.08.2025 13:43:11,000	3,80	19,18	-4,0	-14,9	71,1	0	-15,5
1333	23.08.2025 13:43:12,000	3,80	19,18	-2,8	-16,2	71,0	0	-16,7
1334	23.08.2025 13:43:13,000	3,80	19,20	-2,3	-13,1	74,5	0	-13,5
1335	23.08.2025 13:43:14,000	3,80	19,18	-3,7	-12,7	73,6	0	-13,2
1336	23.08.2025 13:43:15,000	3,80	19,18	-4,8	-14,0	71,2	0	-14,7
1337	23.08.2025 13:43:16,000	3,80	19,20	-3,4	-16,9	69,7	0	-17,6
1338	23.08.2025 13:43:17,000	3,80	19,18	-4,9	-14,2	70,9	0	-14,9
1339	23.08.2025 13:43:18,000	3,80	19,18	-4,4	-16,3	69,4	0	-17,0
1340	23.08.2025 13:43:19,000	3,80	19,18	-3,3	-17,0	69,7	0	-17,6
1341	23.08.2025 13:43:20,000	3,80	19,18	-3,8	-14,6	71,6	0	-15,2
1342	23.08.2025 13:43:21,000	3,80	19,20	-5,2	-12,2	72,6	0	-12,8
1343	23.08.2025 13:43:22,000	3,80	19,18	-3,9	-9,3	76,8	0	-9,7
1344	23.08.2025 13:43:23,000	3,80	19,18	-5,2	-10,2	74,6	0	-10,7
1345	23.08.2025 13:43:24,000	3,80	19,18	-2,4	-15,0	72,6	0	-15,4
1346	23.08.2025 13:43:25,000	3,80	19,18	-4,5	-11,6	73,9	0	-12,1
1347	23.08.2025 13:43:26,000	3,80	19,20	-6,6	-11,2	72,2	0	-11,9
1348	23.08.2025 13:43:27,000	3,80	19,20	-3,2	-14,7	72,1	0	-15,2
1349	23.08.2025 13:43:28,000	3,80	19,20	-4,1	-16,6	69,2	0	-17,4
1350	23.08.2025 13:43:29,000	3,80	19,18	-3,6	-16,5	69,9	0	-17,1
1351	23.08.2025 13:43:30,000	3,83	19,20	-5,8	-12,8	71,4	0	-13,5
1352	23.08.2025 13:43:31,000	3,80	19,20	-5,4	-14,5	70,1	0	-15,3
1353	23.08.2025 13:43:32,000	3,83	19,18	-2,8	-15,8	71,4	0	-16,3
1354	23.08.2025 13:43:33,000	3,83	19,18	-4,0	-18,1	67,9	0	-18,9
1355	23.08.2025 13:43:34,000	3,83	19,18	-7,3	-14,2	68,5	0	-15,3
1356	23.08.2025 13:43:35,000	3,83	19,20	-4,5	-16,6	68,9	0	-17,4
1357	23.08.2025 13:43:36,000	3,83	19,18	-3,9	-14,1	72,0	0	-14,7
1358	23.08.2025 13:43:37,000	3,83	19,18	-1,4	-15,8	72,8	0	-16,1
1359	23.08.2025 13:43:38,000	3,83	19,18	-3,3	-17,9	68,8	0	-18,5
1360	23.08.2025 13:43:39,000	3,83	19,18	-2,8	-16,8	70,4	0	-17,3
1361	23.08.2025 13:43:40,000	3,83	19,20	-4,0	-13,2	72,8	0	-13,7
1362	23.08.2025 13:43:41,000	3,83	19,20	-5,7	-12,6	71,7	0	-13,4
1363	23.08.2025 13:43:42,000	3,83	19,18	-2,1	-15,3	72,6	0	-15,6
1364	23.08.2025 13:43:43,000	3,83	19,18	-3,0	-10,6	76,4	0	-10,9
1365	23.08.2025 13:43:44,000	3,83	19,18	-3,8	-16,4	69,9	0	-17,1
1366	23.08.2025 13:43:45,000	3,83	19,18	-7,2	-13,6	69,2	0	-14,5
1367	23.08.2025 13:43:46,000	3,83	19,20	-5,1	-11,5	73,4	0	-12,1
1368	23.08.2025 13:43:47,000	3,83	19,18	-2,6	-10,7	76,7	0	-11,0
1369	23.08.2025 13:43:48,000	3,83	19,18	-7,6	-9,3	73,1	0	-9,9
1370	23.08.2025 13:43:49,000	3,83	19,20	-4,6	-9,3	76,1	0	-9,7
1371	23.08.2025 13:43:50,000	3,83	19,18	-3,5	-11,4	75,1	0	-11,8
1372	23.08.2025 13:43:51,000	3,83	19,20	-4,5	-13,9	71,6	0	-14,6
1373	23.08.2025 13:43:52,000	3,83	19,20	-4,2	-13,5	72,3	0	-14,1
1374	23.08.2025 13:43:53,000	3,83	19,20	-4,7	7,0	78,4	0	7,3
1375	23.08.2025 13:43:54,000	3,83	19,20	-7,2	-8,1	74,6	0	-8,6
1376	23.08.2025 13:43:55,000	3,83	19,20	-4,9	-10,0	75,1	0	-10,5
1377	23.08.2025 13:43:56,000	3,83	19,20	-3,5	-4,8	81,6	0	-5,0
1378	23.08.2025 13:43:57,000	3,83	19,20	-3,2	-6,5	80,4	0	-6,6
1379	23.08.2025 13:43:58,000	3,83	19,20	-1,1	-5,6	83,4	0	-5,7
1380	23.08.2025 13:43:59,000	3,83	19,23	-2,6	-7,0	80,4	0	-7,2
1381	23.08.2025 13:44:00,000	3,83	19,20	-6,2	-8,2	75,6	0	-8,7
1382	23.08.2025 13:44:01,000	3,83	19,23	-3,5	-5,0	81,4	0	-5,2
1383	23.08.2025 13:44:02,000	3,83	19,20	-3,5	-8,0	78,5	0	-8,3
1384	23.08.2025 13:44:03,000	3,83	19,23	-4,5	-9,6	76,0	0	-10,0
1385	23.08.2025 13:44:04,000	3,83	19,20	-4,0	-10,0	76,0	0	-10,4
1386	23.08.2025 13:44:05,000	3,83	19,20	-7,6	-7,5	74,8	0	-8,0
1387	23.08.2025 13:44:06,000	3,83	19,23	1,2	12,5	76,3	0	12,7
1388	23.08.2025 13:44:07,000	3,83	19,20	1,6	-3,8	84,6	0	-3,9
1389	23.08.2025 13:44:08,000	3,83	19,20	-2,8	-7,0	80,2	0	-7,2
1390	23.08.2025 13:44:09,000	3,83	19,20	-3,9	-13,0	73,1	0	-13,5
1391	23.08.2025 13:44:10,000	3,83	19,20	-9,2	-7,7	73,1	0	-8,3
1392	23.08.2025 13:44:11,000	3,83	19,23	-3,4	-10,7	75,9	0	-11,1
1393	23.08.2025 13:44:12,000	3,83	19,20	-5,3	-10,2	74,5	0	-10,8
1394	23.08.2025 13:44:13,000	3,83	19,20	-3,8	-13,5	72,7	0	-14,1
1395	23.08.2025 13:44:14,000	3,83	19,20	-3,2	-9,9	76,9	0	-10,2
1396	23.08.2025 13:44:15,000	3,83	19,20	-5,5	-10,5	74,0	0	-11,1
1397	23.08.2025 13:44:16,000	3,83	19,23	-2,8	-8,9	78,3	0	-9,1
1398	23.08.2025 13:44:17,000	3,83	19,20	-4,2	-8,3	77,5	0	-8,6
1399	23.08.2025 13:44:18,000	3,83	19,23	-3,9	-11,9	74,2	0	-12,3
1400	23.08.2025 13:44:19,000	3,83	19,20	-2,8	-11,6	75,6	0	-11,9
1401	23.08.2025 13:44:20,000	3,83	19,23	0,1	-8,8	81,0	0	-8,9
1402	23.08.2025 13:44:21,000	3,83	19,20	-5,7	-9,7	74,6	0	-10,2
1403	23.08.2025 13:44:22,000	3,83	19,20	-5,3	-10,2	74,5	0	-10,7
1404	23.08.2025 13:44:23,000	3,83	19,23	-3,4	-11,1	75,5	0	-11,5
1405	23.08.2025 13:44:24,000	3,83	19,20	-3,9	-11,2	74,9	0	-11,6
1406	23.08.2025 13:44:25,000	3,83	19,23	-3,0	-12,8	74,3	0	-13,2
1407	23.08.2025 13:44:26,000	3,83	19,20	-4,5	-11,8	73,7	0	-12,3
1408	23.08.2025 13:44:27,000	3,83	19,20	-2,6	-10,3	77,1	0	-10,6
1409	23.08.2025 13:44:28,000	3,83	19,23	-3,0	-9,9	77,2	0	-10,2
1410	23.08.2025 13:44:29,000	3,83	19,20	-5,2	-10,3	74,5	0	-10,8
1411	23.08.2025 13:44:30,000	3,83	19,20	-2,0	-10,5	77,4	0	-10,7
1412	23.08.2025 13:44:31,000	3,83	19,20	-3,8	-9,2	77,0	0	-9,5
1413	23.08.2025 13:44:32,000	3,83	19,20	-1,6	-11,4	77,0	0	-11,6
1414	23.08.2025 13:44:33,000	3,83	19,23	-4,0	-5,3	80,7	0	-5,5
1415	23.08.2025 13:44:34,000	3,83	19,20	-3,4	-7,8	78,7	0	-8,1
1416	23.08.2025 13:44:35,000	3,83	19,20	-1,7	-6,8	81,6	0	-6,9
1417	23.08.2025 13:44:36,000	3,83	19,20	-6,7	-10,8	72,5	0	-11,5
1418	23.08.2025 13:44:37,000	3,83	19,20	-2,9	-5,9	81,3	0	-6,0
1419	23.08.2025 13:44:38,000	3,83	19,20	0,2	-6,6	83,2	0	-6,6
1420	23.08.2025 13:44:39,000	3,83	19,18	-5,4	-4,8	79,8	1	-5,0
1421	23.08.2025 13:44:40,000	3,83	19,20	-4,1	-7,5	78,4	0	-7,7
1422	23.08.2025 13:44:41,000	3,83	19,20	-5,8	-4,8	79,4	0	-5,0
1423	23.08.2025 13:44:42,000	3,83	19,20	-3,3	-5,6	81,1	0	-5,8
1424	23.08.2025 13:44:43,000	3,83	19,20	-3,3	-8,3	78,5	0	-8,5
1425	23.08.2025 13:44:44,000	3,83	19,20	-3,2	-4,6	82,2	0	-4,7
1426	23.08.2025 13:44:45,000	3,83	19,20	-4,4	-8,1	77,5	0	-8,4
1427	23.08.2025 13:44:46,000	3,83	19,20	0,5	-6,3	83,1	0	-6,4
1428	23.08.2025 13:44:47,000	3,83	19,20	-3,6	-6,2	80,2	0	-6,4
1429	23.08.2025 13:44:48,000	3,83	19,20	-5,1	-8,1	76,8	0	-8,5
1430	23.08.2025 13:44:49,000	3,83	19,20	-2,7	-4,3	83,1	0	-4,4
1431	23.08.2025 13:44:50,000	3,83	19,20	-2,9	-5,9	81,2	0	-6,1
1432	23.08.2025 13:44:51,000	3,83	19,18	-4,0	-6,5	79,5	0	-6,8
1433	23.08.2025 13:44:52,000	3,83	19,20	-1,9	-7,0	81,1	0	-7,1
1434	23.08.2025 13:44:53,000	3,83	19,20	-3,9	-8,0	78,1	0	-8,3
1435	23.08.2025 13:44:54,000	3,83	19,20	-4,1	-9,0	76,9	0	-9,3
1436	23.08.2025 13:44:55,000	3,83	19,20	-3,5	-5,6	80,9	0	-5,7
1437	23.08.2025 13:44:56,000	3,83	19,20	-4,0	-4,8	81,3	0	-4,9
1438	23.08.2025 13:44:57,000	3,83	19,20	-7,9	-8,8	73,3	0	-9,4
1439	23.08.2025 13:44:58,000	3,83	19,20	-2,6	-7,6	79,7	0	-7,8
1440	23.08.2025 13:44:59,000	3,83	19,20	-2,0	-8,4	79,6	0	-8,6
1441	23.08.2025 13:45:00,000	3,83	19,20	-5,0	-7,2	77,9	0	-7,5
1442	23.08.2025 13:45:01,000	3,87	19,21	-4,7	-5,0	80,4	0	-5,2
1443	23.08.2025 13:45:02,000	3,87	19,21	-5,4	-6,8	77,8	0	-7,1
1444	23.08.2025 13:45:03,000	3,87	19,21	-2,7	-2,7	84,7	0	-2,7
1445	23.08.2025 13:45:04,000	3,83	19,20	-5,3	-7,2	77,5	0	-7,5
1446	23.08.2025 13:45:05,000	3,87	19,21	-1,7	-8,3	80,0	0	-8,5
1447	23.08.2025 13:45:06,000	3,87	19,21	-2,9	-6,9	80,2	0	-7,1
1448	23.08.2025 13:45:07,000	3,87	19,18	-4,4	-4,9	80,7	0	-5,1
1449	23.08.2025 13:45:08,000	3,87	19,18	-5,0	-5,2	79,8	0	-5,4
1450	23.08.2025 13:45:09,000	3,87	19,18	-4,3	-6,6	79,1	0	-6,9
1451	23.08.2025 13:45:10,000	3,87	19,21	-3,9	-8,1	78,0	0	-8,4
1452	23.08.2025 13:45:11,000	3,87	19,18	-3,0	-12,3	74,7	0	-12,7
1453	23.08.2025 13:45:12,000	3,87	19,21	-5,3	-5,8	78,9	0	-6,0
1454	23.08.2025 13:45:13,000	3,87	19,21	-5,1	-7,7	77,3	0	-8,0
1455	23.08.2025 13:45:14,000	3,87	19,21	-4,6	-7,1	78,3	0	-7,4
1456	23.08.2025 13:45:15,000	3,87	19,18	-4,5	-5,4	80,1	0	-5,6
1457	23.08.2025 13:45:16,000	3,87	19,18	-1,8	-7,0	81,3	0	-7,1
1458	23.08.2025 13:45:17,000	3,87	19,21	-8,2	-4,8	77,0	0	-5,1
1459	23.08.2025 13:45:18,000	3,87	19,23	-0,9	-11,5	77,6	0	-11,6
1460	23.08.2025 13:45:19,000	3,87	19,25	-0,1	-23,1	66,8	0	-23,1
1461	23.08.2025 13:45:20,000	3,87	19,21	-5,9	-8,3	75,9	0	-8,7
1462	23.08.2025 13:45:21,000	3,87	19,23	-8,3	-5,6	76,1	0	-5,9
1463	23.08.2025 13:45:22,000	3,87	19,23	-6,1	-7,5	76,5	0	-7,9
1464	23.08.2025 13:45:23,000	3,87	19,23	-1,9	-7,0	81,1	0	-7,1
1465	23.08.2025 13:45:24,000	3,87	19,23	0,5	-0,6	88,9	0	-0,6
1466	23.08.2025 13:45:25,000	3,87	19,23	-4,3	-8,3	77,4	0	-8,7
1467	23.08.2025 13:45:26,000	3,87	19,23	-4,8	-6,4	78,8	0	-6,7
1468	23.08.2025 13:45:27,000	3,87	19,23	-6,2	-4,2	79,6	0	-4,4
1469	23.08.2025 13:45:28,000	3,87	19,23	-4,9	-5,8	79,2	0	-6,1
1470	23.08.2025 13:45:29,000	3,87	19,23	-0,5	-6,6	82,9	0	-6,6
1471	23.08.2025 13:45:30,000	3,87	19,23	-1,8	-9,8	78,4	0	-10,0
1472	23.08.2025 13:45:31,000	3,87	19,23	-3,1	-6,3	80,6	0	-6,5
1473	23.08.2025 13:45:32,000	3,87	19,23	-4,3	-6,3	79,4	0	-6,6
1474	23.08.2025 13:45:33,000	3,87	19,23	-3,3	-9,4	77,3	0	-9,7
1475	23.08.2025 13:45:34,000	3,87	19,23	-3,2	-7,9	78,9	0	-8,2
1476	23.08.2025 13:45:35,000	3,87	19,21	-3,3	-6,4	80,3	0	-6,6
1477	23.08.2025 13:45:36,000	3,87	19,23	-4,4	-10,0	75,6	0	-10,4
1478	23.08.2025 13:45:37,000	3,87	19,21	-4,2	-9,4	76,4	0	-9,8
1479	23.08.2025 13:45:38,000	3,87	19,23	-1,1	-7,0	81,9	0	-7,1
1480	23.08.2025 13:45:39,000	3,87	19,23	-4,3	-4,8	81,0	0	-4,9
1481	23.08.2025 13:45:40,000	3,87	19,23	-3,4	-8,1	78,5	0	-8,4
1482	23.08.2025 13:45:41,000	3,87	19,21	-3,6	-8,6	77,8	0	-8,9
1483	23.08.2025 13:45:42,000	3,87	19,21	-3,4	-8,0	78,7	0	-8,2
1484	23.08.2025 13:45:43,000	3,87	19,23	-3,4	-6,4	80,2	0	-6,6
1485	23.08.2025 13:45:44,000	3,87	19,23	1,2	-7,3	81,6	0	-7,4
1486	23.08.2025 13:45:45,000	3,87	19,21	-3,2	-9,7	77,1	0	-10,0
1487	23.08.2025 13:45:46,000	3,87	19,23	-2,1	-7,5	80,3	0	-7,7
1488	23.08.2025 13:45:47,000	3,87	19,23	-2,0	-3,4	84,6	0	-3,4
1489	23.08.2025 13:45:48,000	3,87	19,23	3,0	-4,7	82,3	0	-4,8
1490	23.08.2025 13:45:49,000	3,87	19,23	-7,7	-10,0	72,4	0	-10,7
1491	23.08.2025 13:45:50,000	3,87	19,21	-4,1	-5,6	80,4	0	-5,8
1492	23.08.2025 13:45:51,000	3,87	19,23	-4,0	-8,9	77,1	0	-9,3
1493	23.08.2025 13:45:52,000	3,87	19,23	-6,3	-7,4	76,3	0	-7,8
1494	23.08.2025 13:45:53,000	3,87	19,23	-4,3	-6,7	79,0	0	-6,9
1495	23.08.2025 13:45:54,000	3,87	19,23	-4,7	-7,5	77,8	0	-7,8
1496	23.08.2025 13:45:55,000	3,87	19,25	-2,4	-11,4	76,2	0	-11,7
1497	23.08.2025 13:45:56,000	3,87	19,23	-2,7	-4,0	83,4	0	-4,0
1498	23.08.2025 13:45:57,000	3,87	19,23	-5,6	-2,5	81,8	0	-2,6
1499	23.08.2025 13:45:58,000	3,87	19,23	-2,2	-7,0	80,8	0	-7,1
1500	23.08.2025 13:45:59,000	3,87	19,23	-4,4	-6,0	79,7	0	-6,2
1501	23.08.2025 13:46:00,000	3,87	19,23	-1,8	-9,0	79,2	0	-9,1
1502	23.08.2025 13:46:01,000	3,87	19,23	-6,4	-9,0	74,6	0	-9,5
1503	23.08.2025 13:46:02,000	3,87	19,25	-4,4	-9,4	76,1	0	-9,8
1504	23.08.2025 13:46:03,000	3,87	19,23	6,9	-7,9	75,1	1	-8,4
1505	23.08.2025 13:46:04,000	3,87	19,23	-5,6	-20,9	63,4	1	-22,2
1506	23.08.2025 13:46:05,000	3,87	19,23	-2,9	-5,9	81,2	0	-6,1
1507	23.08.2025 13:46:06,000	3,87	19,23	-3,6	-8,9	77,4	0	-9,3
1508	23.08.2025 13:46:07,000	3,87	19,25	-5,3	-9,4	75,3	0	-9,9
1509	23.08.2025 13:46:08,000	3,87	19,25	-1,4	-10,3	78,3	0	-10,4
1510	23.08.2025 13:46:09,000	3,87	19,25	-3,2	-8,7	78,1	0	-9,0
1511	23.08.2025 13:46:10,000	3,87	19,25	-2,2	-13,9	73,9	0	-14,2
1512	23.08.2025 13:46:11,000	3,87	19,25	-2,2	-10,9	77,0	0	-11,1
1513	23.08.2025 13:46:12,000	3,87	19,25	-1,9	-14,6	73,5	0	-14,9
1514	23.08.2025 13:46:13,000	3,87	19,25	-4,7	-9,2	76,2	0	-9,6
1515	23.08.2025 13:46:14,000	3,87	19,25	-1,7	-10,8	77,5	0	-11,0
1516	23.08.2025 13:46:15,000	3,87	19,23	-2,4	-9,5	78,2	1	-9,7
1517	23.08.2025 13:46:16,000	3,87	19,25	-0,6	-7,8	81,6	0	-7,8
1518	23.08.2025 13:46:17,000	3,87	19,23	-3,6	-7,7	78,7	0	-8,0
1519	23.08.2025 13:46:18,000	3,87	19,25	-3,1	-9,0	77,9	0	-9,2
1520	23.08.2025 13:46:19,000	3,87	19,25	-2,0	-8,9	79,1	0	-9,1
1521	23.08.2025 13:46:20,000	3,87	19,25	0,2	-8,1	81,7	1	-8,1
1522	23.08.2025 13:46:21,000	3,87	19,23	0,8	-6,8	82,5	1	-6,8
1523	23.08.2025 13:46:22,000	3,87	19,25	6,8	-4,6	78,6	0	-4,8
1524	23.08.2025 13:46:23,000	3,87	19,25	17,7	-13,3	59,0	0	-15,6
1525	23.08.2025 13:46:24,000	3,87	19,23	24,8	-16,8	48,4	0	-21,7
1526	23.08.2025 13:46:25,000	3,87	19,21	24,9	-15,9	49,2	0	-20,5
1527	23.08.2025 13:46:26,000	3,87	19,21	27,5	-14,2	48,3	0	-18,8
1528	23.08.2025 13:46:27,000	3,87	19,18	27,0	-16,0	47,0	0	-21,3
1529	23.08.2025 13:46:28,000	3,87	19,18	27,8	-14,3	47,9	0	-18,9
1530	23.08.2025 13:46:29,000	3,87	19,14	30,0	-12,5	47,5	0	-16,8
1531	23.08.2025 13:46:30,000	3,87	19,11	28,8	-14,2	47,0	0	-19,1
1532	23.08.2025 13:46:31,000	3,87	19,11	30,6	-11,5	47,9	0	-15,4
1533	23.08.2025 13:46:32,000	3,87	19,09	31,3	-11,8	46,9	0	-16,1
1534	23.08.2025 13:46:33,000	3,87	19,04	28,4	-8,5	53,1	0	-10,7
1535	23.08.2025 13:46:34,000	3,87	19,02	29,9	-9,6	50,6	0	-12,5
1536	23.08.2025 13:46:35,000	3,87	19,00	31,9	-8,8	49,3	0	-11,7
1537	23.08.2025 13:46:36,000	3,87	18,95	31,2	-10,3	48,5	0	-13,7
1538	23.08.2025 13:46:37,000	3,87	18,95	30,8	-9,9	49,4	0	-13,0
1539	23.08.2025 13:46:38,000	3,87	18,90	31,9	-10,4	47,8	0	-14,0
1540	23.08.2025 13:46:39,000	3,87	18,85	31,8	-10,3	48,0	0	-13,8
1541	23.08.2025 13:46:40,000	3,87	18,83	29,9	-11,9	48,2	0	-15,8
1542	23.08.2025 13:46:41,000	3,87	18,78	31,4	-11,8	46,7	0	-16,1
1543	23.08.2025 13:46:42,000	3,87	18,76	31,3	-14,7	44,0	0	-20,5
1544	23.08.2025 13:46:43,000	3,87	18,74	31,9	-14,9	43,2	0	-21,1
1545	23.08.2025 13:46:44,000	3,87	18,71	31,5	-13,7	44,9	0	-18,9
1546	23.08.2025 13:46:45,000	3,87	18,67	32,7	-15,7	41,6	0	-22,6
1547	23.08.2025 13:46:46,000	3,87	18,67	32,6	-13,3	44,1	0	-18,8
1548	23.08.2025 13:46:47,000	3,87	18,67	32,3	-15,8	41,9	0	-22,6
1549	23.08.2025 13:46:48,000	3,87	18,62	31,8	-13,4	44,8	0	-18,6
1550	23.08.2025 13:46:49,000	3,87	18,60	33,2	-14,7	42,1	0	-21,2
1551	23.08.2025 13:46:50,000	3,87	18,60	35,0	-15,7	39,4	0	-23,5
1552	23.08.2025 13:46:51,000	3,87	18,57	35,8	-12,7	41,5	0	-18,7
1553	23.08.2025 13:46:52,000	3,87	18,55	33,0	-10,2	46,8	0	-14,0
1554	23.08.2025 13:46:53,000	3,87	18,55	35,5	-17,3	37,2	0	-26,7
1555	23.08.2025 13:46:54,000	3,87	18,53	36,8	-15,9	37,3	0	-24,7
1556	23.08.2025 13:46:55,000	3,87	18,50	35,0	-13,8	41,2	0	-20,4
1557	23.08.2025 13:46:56,000	3,87	18,50	35,4	-14,1	40,5	0	-21,0
1558	23.08.2025 13:46:57,000	3,87	18,50	37,8	-12,4	39,8	0	-18,9
1559	23.08.2025 13:46:58,000	3,87	18,50	45,2	-0,8	44,0	0	-1,2
1560	23.08.2025 13:46:59,000	3,87	18,50	41,9	4,8	43,3	0	7,1
1561	23.08.2025 13:47:00,000	3,87	18,53	35,5	-5,2	49,3	0	-7,0
1562	23.08.2025 13:47:01,000	3,87	18,50	39,8	2,5	47,7	0	3,5
1563	23.08.2025 13:47:02,000	3,91	18,51	39,1	1,3	49,6	0	1,7
1564	23.08.2025 13:47:03,000	3,91	18,51	40,0	1,3	48,7	0	1,7
1565	23.08.2025 13:47:04,000	3,87	18,50	41,3	0,3	48,4	0	0,5
1566	23.08.2025 13:47:05,000	3,91	18,51	40,9	-0,9	48,2	0	-1,2
1567	23.08.2025 13:47:06,000	3,91	18,51	37,2	-2,5	50,3	0	-3,2
1568	23.08.2025 13:47:07,000	3,91	18,48	41,7	-0,4	47,9	0	-0,6
1569	23.08.2025 13:47:08,000	3,91	18,48	42,0	-2,0	46,0	0	-2,8
1570	23.08.2025 13:47:09,000	3,91	18,53	38,9	-3,3	47,8	0	-4,4
1571	23.08.2025 13:47:10,000	3,91	18,51	38,9	-2,5	48,6	0	-3,3
1572	23.08.2025 13:47:11,000	3,91	18,51	39,5	-6,2	44,3	0	-8,9
1573	23.08.2025 13:47:12,000	3,91	18,51	39,4	-5,9	44,7	0	-8,5
1574	23.08.2025 13:47:13,000	3,87	18,53	37,9	-9,1	43,0	0	-13,2
1575	23.08.2025 13:47:14,000	3,91	18,53	37,0	-9,1	43,8	0	-13,1
1576	23.08.2025 13:47:15,000	3,91	18,53	36,4	-10,8	42,7	0	-15,8
1577	23.08.2025 13:47:16,000	3,91	18,53	36,8	-10,2	43,0	0	-14,8
1578	23.08.2025 13:47:17,000	3,91	18,53	36,1	-10,4	43,4	0	-15,0
1579	23.08.2025 13:47:18,000	3,91	18,51	34,7	-13,3	42,0	0	-19,3
1580	23.08.2025 13:47:19,000	3,91	18,53	35,7	-9,9	44,4	0	-14,0
1581	23.08.2025 13:47:20,000	3,91	18,53	35,1	-12,7	42,1	0	-18,5
1582	23.08.2025 13:47:21,000	3,91	18,53	33,2	-13,6	43,2	0	-19,3
1583	23.08.2025 13:47:22,000	3,91	18,51	33,7	-13,8	42,4	0	-19,9
1584	23.08.2025 13:47:23,000	3,91	18,53	33,5	-14,5	42,1	0	-20,9
1585	23.08.2025 13:47:24,000	3,91	18,51	33,3	-12,4	44,3	0	-17,5
1586	23.08.2025 13:47:25,000	3,91	18,51	33,3	-12,8	43,9	0	-18,2
1587	23.08.2025 13:47:26,000	3,91	18,53	32,5	-12,8	44,7	0	-17,8
1588	23.08.2025 13:47:27,000	3,91	18,51	33,1	-14,0	42,8	0	-20,1
1589	23.08.2025 13:47:28,000	3,91	18,51	35,0	-8,8	46,1	0	-12,3
1590	23.08.2025 13:47:29,000	3,91	18,51	38,7	3,1	48,2	0	4,2
1591	23.08.2025 13:47:30,000	3,91	18,53	34,4	5,4	50,2	0	7,1
1592	23.08.2025 13:47:31,000	3,91	18,51	36,2	-3,8	50,0	0	-5,0
1593	23.08.2025 13:47:32,000	3,91	18,51	36,9	-1,0	52,1	0	-1,3
1594	23.08.2025 13:47:33,000	3,91	18,51	33,9	-5,6	50,5	0	-7,3
1595	23.08.2025 13:47:34,000	3,91	18,48	38,3	1,2	50,6	0	1,5
1596	23.08.2025 13:47:35,000	3,91	18,51	34,9	-4,8	50,3	0	-6,4
1597	23.08.2025 13:47:36,000	3,91	18,46	35,1	-2,9	52,0	0	-3,7
1598	23.08.2025 13:47:37,000	3,91	18,48	38,2	-2,4	49,4	0	-3,2
1599	23.08.2025 13:47:38,000	3,91	18,48	35,9	-5,1	49,0	0	-6,8
1600	23.08.2025 13:47:39,000	3,91	18,46	36,0	-3,2	50,7	0	-4,2
1601	23.08.2025 13:47:40,000	3,91	18,44	36,5	-4,9	48,6	0	-6,5
1602	23.08.2025 13:47:41,000	3,91	18,44	37,9	-4,3	47,9	0	-5,8
1603	23.08.2025 13:47:42,000	3,91	18,44	35,6	-4,4	50,0	0	-5,9
1604	23.08.2025 13:47:43,000	3,91	18,41	35,8	-6,0	48,2	0	-8,1
1605	23.08.2025 13:47:44,000	3,91	18,41	35,6	-8,4	46,0	0	-11,7
1606	23.08.2025 13:47:45,000	3,91	18,41	35,5	-9,4	45,1	0	-13,2
1607	23.08.2025 13:47:46,000	3,91	18,39	34,9	-9,1	46,0	0	-12,7
1608	23.08.2025 13:47:47,000	3,91	18,36	34,6	-11,2	44,1	0	-16,0
1609	23.08.2025 13:47:48,000	3,91	18,36	34,4	-10,3	45,2	0	-14,5
1610	23.08.2025 13:47:49,000	3,91	18,34	34,1	-10,8	45,1	0	-15,1
1611	23.08.2025 13:47:50,000	3,91	18,34	33,7	-10,4	45,9	0	-14,5
1612	23.08.2025 13:47:51,000	3,91	18,32	33,4	-13,3	43,2	0	-19,0
1613	23.08.2025 13:47:52,000	3,91	18,32	30,8	-14,9	44,2	0	-20,8
1614	23.08.2025 13:47:53,000	3,91	18,32	33,7	-14,0	42,2	0	-20,3
1615	23.08.2025 13:47:54,000	3,91	18,29	33,1	-12,9	44,0	0	-18,3
1616	23.08.2025 13:47:55,000	3,91	18,27	31,9	-11,3	46,9	0	-15,4
1617	23.08.2025 13:47:56,000	3,91	18,27	32,7	-15,5	41,8	0	-22,3
1618	23.08.2025 13:47:57,000	3,91	18,27	33,3	-15,2	41,5	0	-22,1
1619	23.08.2025 13:47:58,000	3,91	18,27	32,2	-13,6	44,2	0	-19,1
1620	23.08.2025 13:47:59,000	3,91	18,25	32,1	-12,2	45,8	0	-16,8
1621	23.08.2025 13:48:00,000	3,91	18,22	32,7	-13,9	43,4	0	-19,6
1622	23.08.2025 13:48:01,000	3,91	18,22	32,8	-15,6	41,6	0	-22,6
1623	23.08.2025 13:48:02,000	3,91	18,20	34,4	-13,7	41,9	0	-20,0
1624	23.08.2025 13:48:03,000	3,91	18,18	32,8	-13,8	43,5	0	-19,5
1625	23.08.2025 13:48:04,000	3,91	18,18	32,6	-13,4	44,0	0	-18,9
1626	23.08.2025 13:48:05,000	3,91	18,15	32,4	-13,8	43,8	0	-19,4
1627	23.08.2025 13:48:06,000	3,91	18,15	33,8	-15,7	40,5	0	-23,0
1628	23.08.2025 13:48:07,000	3,91	18,13	32,8	-14,9	42,3	0	-21,4
1629	23.08.2025 13:48:08,000	3,91	18,11	33,0	-14,5	42,5	0	-20,7
1630	23.08.2025 13:48:09,000	3,91	18,13	34,1	-11,6	44,4	0	-16,4
1631	23.08.2025 13:48:10,000	3,91	18,11	33,2	-12,5	44,3	0	-17,5
1632	23.08.2025 13:48:11,000	3,91	18,08	32,6	-15,8	41,6	0	-22,8
1633	23.08.2025 13:48:12,000	3,91	18,08	34,2	-12,1	43,7	0	-17,2
1634	23.08.2025 13:48:13,000	3,91	18,06	33,4	-13,3	43,4	0	-18,9
1635	23.08.2025 13:48:14,000	3,91	18,06	32,9	-13,0	44,1	0	-18,3
1636	23.08.2025 13:48:15,000	3,91	18,01	32,6	-14,1	43,3	0	-20,1
1637	23.08.2025 13:48:16,000	3,91	18,04	34,2	-13,1	42,7	0	-18,9
1638	23.08.2025 13:48:17,000	3,91	18,01	34,0	-12,8	43,2	0	-18,3
1639	23.08.2025 13:48:18,000	3,91	18,01	33,1	-12,1	44,8	0	-16,9
1640	23.08.2025 13:48:19,000	3,91	17,97	32,2	-14,9	42,9	0	-21,2
1641	23.08.2025 13:48:20,000	3,91	17,99	34,0	-12,9	43,1	0	-18,5
1642	23.08.2025 13:48:21,000	3,91	17,97	32,7	-12,1	45,2	0	-16,8
1643	23.08.2025 13:48:22,000	3,91	17,97	32,7	-12,3	44,9	0	-17,2
1644	23.08.2025 13:48:23,000	3,91	17,92	34,3	-13,9	41,8	0	-20,2
1645	23.08.2025 13:48:24,000	3,87	17,91	33,6	-13,7	42,7	0	-19,7
1646	23.08.2025 13:48:25,000	3,91	17,89	31,0	-9,2	49,8	0	-12,1
1647	23.08.2025 13:48:26,000	3,87	17,89	32,7	-13,5	43,7	0	-19,2
1648	23.08.2025 13:48:27,000	3,87	17,87	33,5	-12,1	44,3	0	-17,1
1649	23.08.2025 13:48:28,000	3,87	17,87	32,4	-11,2	46,4	0	-15,4
1650	23.08.2025 13:48:29,000	3,87	17,82	33,2	-12,2	44,6	0	-17,2
1651	23.08.2025 13:48:30,000	3,87	17,82	33,7	-13,2	43,1	0	-18,9
1652	23.08.2025 13:48:31,000	3,87	17,80	33,1	-13,4	43,5	0	-19,0
1653	23.08.2025 13:48:32,000	3,87	17,77	33,2	-12,1	44,7	0	-17,0
1654	23.08.2025 13:48:33,000	3,87	17,77	33,4	-13,4	43,2	0	-19,1
1655	23.08.2025 13:48:34,000	3,87	17,77	34,5	-12,5	43,0	0	-18,0
1656	23.08.2025 13:48:35,000	3,87	17,75	32,1	-10,8	47,1	0	-14,7
1657	23.08.2025 13:48:36,000	3,87	17,73	33,3	-11,3	45,4	0	-15,8
1658	23.08.2025 13:48:37,000	3,87	17,73	34,6	-12,7	42,7	0	-18,4
1659	23.08.2025 13:48:38,000	3,87	17,68	32,6	-12,1	45,3	0	-16,9
1660	23.08.2025 13:48:39,000	3,87	17,68	32,3	-13,6	44,1	0	-19,2
1661	23.08.2025 13:48:40,000	3,87	17,66	34,4	-12,9	42,8	0	-18,6
1662	23.08.2025 13:48:41,000	3,83	17,65	33,7	-11,7	44,6	0	-16,4
1663	23.08.2025 13:48:42,000	3,83	17,63	31,2	-12,2	46,6	0	-16,6
1664	23.08.2025 13:48:43,000	3,83	17,63	32,2	-13,2	44,6	0	-18,5
1665	23.08.2025 13:48:44,000	3,83	17,60	34,3	-12,3	43,4	0	-17,6
1666	23.08.2025 13:48:45,000	3,83	17,58	32,1	-10,3	47,6	0	-14,0
1667	23.08.2025 13:48:46,000	3,83	17,56	30,6	-10,2	49,2	0	-13,5
1668	23.08.2025 13:48:47,000	3,83	17,56	31,7	-9,8	48,5	0	-13,1
1669	23.08.2025 13:48:48,000	3,83	17,53	33,4	-12,5	44,2	0	-17,6
1670	23.08.2025 13:48:49,000	3,83	17,53	34,1	-11,5	44,5	0	-16,2
1671	23.08.2025 13:48:50,000	3,83	17,49	30,6	-10,0	49,4	0	-13,3
1672	23.08.2025 13:48:51,000	3,83	17,51	36,9	-10,5	42,6	0	-15,4
1673	23.08.2025 13:48:52,000	3,83	17,46	37,4	-11,7	41,0	0	-17,4
1674	23.08.2025 13:48:53,000	3,83	17,46	38,1	-9,0	42,9	0	-13,1
1675	23.08.2025 13:48:54,000	3,83	17,44	39,4	-8,4	42,2	0	-12,5
1676	23.08.2025 13:48:55,000	3,83	17,44	36,0	-12,4	41,6	0	-18,3
1677	23.08.2025 13:48:56,000	3,83	17,42	34,6	-11,9	43,5	0	-17,0
1678	23.08.2025 13:48:57,000	3,83	17,42	35,2	-13,3	41,5	0	-19,6
1679	23.08.2025 13:48:58,000	3,83	17,39	33,9	-12,6	43,5	0	-18,0
1680	23.08.2025 13:48:59,000	3,83	17,35	33,7	-13,4	42,9	0	-19,2
1681	23.08.2025 13:49:00,000	3,83	17,35	41,3	6,5	42,2	0	9,7
1682	23.08.2025 13:49:01,000	3,83	17,37	39,6	-5,7	44,7	0	-8,1
1683	23.08.2025 13:49:02,000	3,83	17,32	41,7	7,5	40,9	0	11,4
1684	23.08.2025 13:49:03,000	3,83	17,32	33,4	-10,6	46,0	0	-14,6
1685	23.08.2025 13:49:04,000	3,83	17,30	40,8	-5,0	44,2	0	-7,2
1686	23.08.2025 13:49:05,000	3,83	17,28	39,1	-4,6	46,3	0	-6,4
1687	23.08.2025 13:49:06,000	3,83	17,25	39,1	-5,3	45,6	0	-7,4
1688	23.08.2025 13:49:07,000	3,80	17,25	42,1	-5,4	42,5	0	-8,0
1689	23.08.2025 13:49:08,000	3,80	17,22	40,4	-5,5	44,2	0	-7,9
1690	23.08.2025 13:49:09,000	3,80	17,20	38,2	-7,6	44,2	0	-10,9
1691	23.08.2025 13:49:10,000	3,80	17,18	38,8	-7,8	43,4	0	-11,4
1692	23.08.2025 13:49:11,000	3,80	17,15	38,2	-12,4	39,4	0	-19,0
1693	23.08.2025 13:49:12,000	3,80	17,13	38,7	-8,5	42,8	0	-12,5
1694	23.08.2025 13:49:13,000	3,80	17,11	38,7	-9,3	42,0	0	-13,8
1695	23.08.2025 13:49:14,000	3,80	17,08	37,5	-10,1	42,4	0	-14,9
1696	23.08.2025 13:49:15,000	3,80	17,06	37,3	-10,4	42,3	0	-15,3
1697	23.08.2025 13:49:16,000	3,80	17,06	39,6	-10,3	40,1	0	-15,8
1698	23.08.2025 13:49:17,000	3,80	17,01	38,4	-12,3	39,3	0	-18,8
1699	23.08.2025 13:49:18,000	3,80	16,99	36,0	-11,1	42,9	0	-16,1
1700	23.08.2025 13:49:19,000	3,80	16,97	37,3	-11,9	40,8	0	-17,8
1701	23.08.2025 13:49:20,000	3,80	16,94	37,9	-10,8	41,3	0	-16,1
1702	23.08.2025 13:49:21,000	3,80	16,94	37,5	-11,2	41,2	0	-16,7
1703	23.08.2025 13:49:22,000	3,80	16,92	37,2	-13,3	39,5	0	-20,3
1704	23.08.2025 13:49:23,000	3,80	16,90	36,4	-12,9	40,7	0	-19,3
1705	23.08.2025 13:49:24,000	3,76	16,87	36,3	-12,2	41,5	0	-18,0
1706	23.08.2025 13:49:25,000	3,76	16,84	37,3	-14,1	38,7	0	-21,6
1707	23.08.2025 13:49:26,000	3,76	16,84	36,2	-10,1	43,7	0	-14,5
1708	23.08.2025 13:49:27,000	3,76	16,82	35,7	-12,7	41,6	0	-18,6
1709	23.08.2025 13:49:28,000	3,76	16,80	36,2	-13,3	40,5	0	-19,8
1710	23.08.2025 13:49:29,000	3,76	16,77	35,6	-13,6	40,9	0	-20,1
1711	23.08.2025 13:49:30,000	3,76	16,75	35,8	-13,1	41,0	0	-19,5
1712	23.08.2025 13:49:31,000	3,72	16,72	36,2	-12,9	40,9	0	-19,1
1713	23.08.2025 13:49:32,000	3,72	16,70	34,8	-10,7	44,5	0	-15,1
1714	23.08.2025 13:49:33,000	3,72	16,70	33,6	-12,6	43,8	0	-17,9
1715	23.08.2025 13:49:34,000	3,72	16,68	37,0	-13,5	39,4	0	-20,6
1716	23.08.2025 13:49:35,000	3,72	16,65	35,7	-12,0	42,4	0	-17,5
1717	23.08.2025 13:49:36,000	3,72	16,65	36,0	-13,0	41,0	0	-19,2
1718	23.08.2025 13:49:37,000	3,68	16,63	35,6	-9,9	44,5	0	-14,0
1719	23.08.2025 13:49:38,000	3,68	16,63	35,4	-11,3	43,3	0	-16,2
1720	23.08.2025 13:49:39,000	3,68	16,58	36,6	-14,0	39,4	0	-21,2
1721	23.08.2025 13:49:40,000	3,68	16,58	37,3	-13,3	39,4	0	-20,2
1722	23.08.2025 13:49:41,000	3,68	16,55	36,2	-14,6	39,2	0	-22,1
1723	23.08.2025 13:49:42,000	3,68	16,53	36,1	-10,5	43,4	0	-15,1
1724	23.08.2025 13:49:43,000	3,65	16,50	36,4	-12,0	41,6	0	-17,7
1725	23.08.2025 13:49:44,000	3,65	16,50	35,2	-13,1	41,6	0	-19,2
1726	23.08.2025 13:49:45,000	3,65	16,48	36,3	-14,8	39,0	0	-22,5
1727	23.08.2025 13:49:46,000	3,65	16,46	35,7	-12,7	41,6	0	-18,6
1728	23.08.2025 13:49:47,000	3,65	16,43	34,6	-11,1	44,3	0	-15,8
1729	23.08.2025 13:49:48,000	3,65	16,43	34,7	-11,9	43,4	0	-17,0
1730	23.08.2025 13:49:49,000	3,61	16,41	35,4	-10,5	44,1	0	-15,0
1731	23.08.2025 13:49:50,000	3,61	16,38	35,1	-12,0	42,9	0	-17,3
1732	23.08.2025 13:49:51,000	3,61	16,36	35,1	-11,9	43,0	0	-17,1
1733	23.08.2025 13:49:52,000	3,61	16,34	35,4	-12,1	42,5	0	-17,6
1734	23.08.2025 13:49:53,000	3,61	16,34	36,0	-11,2	42,8	0	-16,3
1735	23.08.2025 13:49:54,000	3,61	16,31	33,8	-5,9	50,3	0	-7,8
1736	23.08.2025 13:49:55,000	3,57	16,28	34,3	-10,3	45,4	0	-14,4
1737	23.08.2025 13:49:56,000	3,57	16,28	35,9	-11,9	42,2	0	-17,4
1738	23.08.2025 13:49:57,000	3,57	16,26	36,5	-11,3	42,2	0	-16,5
1739	23.08.2025 13:49:58,000	3,57	16,24	34,4	-7,3	48,3	0	-9,8
1740	23.08.2025 13:49:59,000	3,53	16,21	35,5	-9,9	44,6	0	-14,1
1741	23.08.2025 13:50:00,000	3,53	16,19	33,6	-14,6	41,8	0	-21,1
1742	23.08.2025 13:50:01,000	3,53	16,19	41,5	5,2	43,3	0	7,6
1743	23.08.2025 13:50:02,000	3,53	16,21	43,1	7,7	39,2	0	12,2
1744	23.08.2025 13:50:03,000	3,53	16,19	42,7	-4,7	42,6	0	-6,9
1745	23.08.2025 13:50:04,000	3,53	16,16	42,4	2,3	45,3	0	3,2
1746	23.08.2025 13:50:05,000	3,53	16,14	41,4	2,1	46,6	0	2,9
1747	23.08.2025 13:50:06,000	3,53	16,12	42,2	3,8	44,0	0	5,4
1748	23.08.2025 13:50:07,000	3,53	16,09	41,1	-2,8	46,1	0	-3,9
1749	23.08.2025 13:50:08,000	3,53	16,07	40,0	-3,8	46,2	0	-5,3
1750	23.08.2025 13:50:09,000	3,53	16,05	40,9	-2,7	46,3	0	-3,8
1751	23.08.2025 13:50:10,000	3,50	16,04	40,5	-4,2	45,3	0	-6,0
1752	23.08.2025 13:50:11,000	3,50	16,02	42,2	-4,2	43,6	0	-6,1
1753	23.08.2025 13:50:12,000	3,50	15,97	40,9	-4,8	44,3	0	-6,9
1754	23.08.2025 13:50:13,000	3,50	15,95	38,8	-8,3	42,9	0	-12,2
1755	23.08.2025 13:50:14,000	3,50	15,92	39,2	-11,2	39,6	0	-17,3
1756	23.08.2025 13:50:15,000	3,46	15,92	39,2	-10,4	40,4	0	-15,9
1757	23.08.2025 13:50:16,000	3,46	15,90	36,0	-12,3	41,7	0	-18,1
1758	23.08.2025 13:50:17,000	3,46	15,87	38,5	-11,8	39,7	0	-18,0
1759	23.08.2025 13:50:18,000	3,46	15,83	38,5	-11,6	39,9	0	-17,6
1760	23.08.2025 13:50:19,000	3,46	15,80	36,1	-13,4	40,5	0	-20,0
1761	23.08.2025 13:50:20,000	3,46	15,78	36,2	-14,1	39,7	0	-21,3
1762	23.08.2025 13:50:21,000	3,46	15,78	37,5	-11,7	40,8	0	-17,6
1763	23.08.2025 13:50:22,000	3,46	15,75	34,8	-10,9	44,3	0	-15,4
1764	23.08.2025 13:50:23,000	3,42	15,70	35,2	-14,3	40,5	0	-21,3
1765	23.08.2025 13:50:24,000	3,42	15,70	39,3	-12,8	37,9	0	-20,2
1766	23.08.2025 13:50:25,000	3,42	15,68	37,6	-13,0	39,4	0	-19,8
1767	23.08.2025 13:50:26,000	3,38	15,65	36,1	-12,0	41,9	0	-17,6
1768	23.08.2025 13:50:27,000	3,38	15,63	36,9	-14,0	39,1	0	-21,3
1769	23.08.2025 13:50:28,000	3,38	15,61	36,7	-13,0	40,4	0	-19,4
1770	23.08.2025 13:50:29,000	3,38	15,58	36,5	-14,0	39,6	0	-21,1
1771	23.08.2025 13:50:30,000	3,35	15,55	36,7	-11,2	42,1	0	-16,5
1772	23.08.2025 13:50:31,000	3,35	15,51	37,0	-13,7	39,4	0	-20,8
1773	23.08.2025 13:50:32,000	3,35	15,51	37,7	-11,6	40,7	0	-17,5
1774	23.08.2025 13:50:33,000	3,35	15,48	35,4	-13,7	40,9	0	-20,3
1775	23.08.2025 13:50:34,000	3,31	15,46	35,6	-10,3	44,1	0	-14,7
1776	23.08.2025 13:50:35,000	3,31	15,43	36,1	-13,5	40,3	0	-20,2
1777	23.08.2025 13:50:36,000	3,31	15,41	36,3	-12,1	41,6	0	-17,9
1778	23.08.2025 13:50:37,000	3,31	15,39	36,9	-12,0	41,1	0	-18,0
1779	23.08.2025 13:50:38,000	3,31	15,39	35,5	-13,6	41,0	0	-20,0
1780	23.08.2025 13:50:39,000	3,27	15,34	36,6	-14,7	38,7	0	-22,5
1781	23.08.2025 13:50:40,000	3,27	15,34	36,7	-11,0	42,3	0	-16,1
1782	23.08.2025 13:50:41,000	3,23	15,28	34,9	-12,6	42,5	0	-18,2
1783	23.08.2025 13:50:42,000	3,23	15,28	35,6	-13,2	41,2	0	-19,5
1784	23.08.2025 13:50:43,000	3,23	15,26	37,5	-12,0	40,6	0	-18,0
1785	23.08.2025 13:50:44,000	3,20	15,23	37,4	-11,9	40,7	0	-17,9
1786	23.08.2025 13:50:45,000	3,20	15,21	35,2	-12,1	42,7	0	-17,6
1787	23.08.2025 13:50:46,000	3,16	15,21	36,4	-13,1	40,5	0	-19,6
1788	23.08.2025 13:50:47,000	3,16	15,18	36,6	-11,9	41,5	0	-17,6
1789	23.08.2025 13:50:48,000	3,12	15,15	36,5	-13,2	40,3	0	-19,8
1790	23.08.2025 13:50:49,000	3,12	15,11	34,9	-11,1	44,1	0	-15,8
1791	23.08.2025 13:50:50,000	3,08	15,13	35,4	-14,3	40,3	0	-21,4
1792	23.08.2025 13:50:51,000	3,08	15,10	36,8	-12,0	41,2	0	-17,9
1793	23.08.2025 13:50:52,000	3,08	15,08	36,9	-12,4	40,6	0	-18,7
1794	23.08.2025 13:50:53,000	3,08	15,03	34,0	-10,1	46,0	0	-13,9
1795	23.08.2025 13:50:54,000	3,08	15,03	34,8	-11,5	43,6	0	-16,5
1796	23.08.2025 13:50:55,000	3,04	15,01	36,0	-12,5	41,5	0	-18,5
1797	23.08.2025 13:50:56,000	3,04	15,01	37,3	-7,7	45,0	0	-10,9
1798	23.08.2025 13:50:57,000	3,01	14,95	44,0	-1,6	44,4	0	-2,2
1799	23.08.2025 13:50:58,000	3,01	14,98	42,4	7,5	40,1	0	11,6
1800	23.08.2025 13:50:59,000	3,01	14,95	39,2	-9,0	41,8	0	-13,4
1801	23.08.2025 13:51:00,000	3,01	14,95	43,0	8,8	38,2	0	14,1
1802	23.08.2025 13:51:01,000	3,01	14,93	37,5	4,7	47,8	0	6,4
1803	23.08.2025 13:51:02,000	3,01	14,91	39,1	2,9	48,0	0	3,9
1804	23.08.2025 13:51:03,000	2,97	14,86	38,1	1,1	50,8	0	1,4
1805	23.08.2025 13:51:04,000	2,97	14,86	37,0	0,1	52,9	0	0,1
1806	23.08.2025 13:51:05,000	2,93	14,83	36,6	-2,1	51,3	0	-2,7
1807	23.08.2025 13:51:06,000	2,93	14,78	41,7	-1,4	46,9	0	-1,9
1808	23.08.2025 13:51:07,000	2,89	14,78	39,6	-2,1	48,3	0	-2,8
1809	23.08.2025 13:51:08,000	2,89	14,75	40,3	-1,2	48,4	0	-1,7
1810	23.08.2025 13:51:09,000	2,89	14,73	40,0	-4,0	46,0	0	-5,6
1811	23.08.2025 13:51:10,000	2,85	14,70	39,6	-4,4	46,0	0	-6,1
1812	23.08.2025 13:51:11,000	2,85	14,68	41,0	-2,6	46,3	0	-3,6
1813	23.08.2025 13:51:12,000	2,85	14,63	40,4	-3,7	45,9	0	-5,1
1814	23.08.2025 13:51:13,000	2,85	14,61	41,8	-3,6	44,6	0	-5,2
1815	23.08.2025 13:51:14,000	2,85	14,59	40,5	-3,2	46,3	0	-4,5
1816	23.08.2025 13:51:15,000	2,85	14,56	38,4	-5,8	45,7	0	-8,2
1817	23.08.2025 13:51:16,000	2,82	14,53	41,0	-6,6	42,3	0	-9,9
1818	23.08.2025 13:51:17,000	2,82	14,53	40,6	-6,7	42,7	0	-9,9
1819	23.08.2025 13:51:18,000	2,82	14,49	38,9	-7,4	43,7	0	-10,8
1820	23.08.2025 13:51:19,000	2,82	14,46	39,0	-7,2	43,8	0	-10,4
1821	23.08.2025 13:51:20,000	2,78	14,44	41,4	-7,1	41,5	0	-10,8
1822	23.08.2025 13:51:21,000	2,74	14,43	40,6	-7,6	41,8	0	-11,5
1823	23.08.2025 13:51:22,000	2,74	14,41	38,4	-8,8	42,8	0	-12,9
1824	23.08.2025 13:51:23,000	2,70	14,38	40,8	-8,9	40,3	0	-13,7
1825	23.08.2025 13:51:24,000	2,66	14,35	42,1	-8,1	39,8	0	-12,5
1826	23.08.2025 13:51:25,000	2,66	14,33	39,5	-10,9	39,6	0	-16,8
1827	23.08.2025 13:51:26,000	2,66	14,31	39,1	-10,7	40,1	0	-16,3
1828	23.08.2025 13:51:27,000	2,63	14,30	40,6	-11,3	38,1	0	-17,9
1829	23.08.2025 13:51:28,000	2,63	14,26	39,0	-10,4	40,6	0	-15,7
1830	23.08.2025 13:51:29,000	2,59	14,20	38,5	-12,8	38,7	0	-19,8
1831	23.08.2025 13:51:30,000	2,63	14,21	41,0	-11,9	37,1	0	-19,2
1832	23.08.2025 13:51:31,000	2,63	14,18	39,5	-13,3	37,2	0	-21,1
1833	23.08.2025 13:51:32,000	2,63	14,14	37,3	-7,8	45,0	0	-11,0
1834	23.08.2025 13:51:33,000	2,63	14,14	42,5	3,8	43,7	0	5,4
1835	23.08.2025 13:51:34,000	2,63	14,11	45,8	3,0	41,2	0	4,5
1836	23.08.2025 13:51:35,000	2,59	14,11	42,1	-2,7	45,1	0	-3,9
1837	23.08.2025 13:51:36,000	2,55	14,08	42,2	2,1	45,7	0	3,0
1838	23.08.2025 13:51:37,000	2,51	14,05	38,7	-6,9	44,3	0	-10,0
1839	23.08.2025 13:51:38,000	2,51	14,05	41,2	-2,4	46,5	0	-3,3
1840	23.08.2025 13:51:39,000	2,47	14,03	41,8	-0,6	47,6	0	-0,9
1841	23.08.2025 13:51:40,000	2,47	13,98	39,8	-3,7	46,5	0	-5,1
1842	23.08.2025 13:51:41,000	2,47	13,96	39,7	-3,8	46,4	0	-5,3
1843	23.08.2025 13:51:42,000	2,43	13,93	39,2	-3,3	47,5	0	-4,5
1844	23.08.2025 13:51:43,000	2,39	13,92	42,8	-1,0	46,1	0	-1,4
1845	23.08.2025 13:51:44,000	2,39	13,88	40,6	-3,7	45,7	0	-5,2
1846	23.08.2025 13:51:45,000	2,36	13,87	37,6	-6,5	46,0	0	-9,0
1847	23.08.2025 13:51:46,000	2,36	13,85	43,0	-1,8	45,2	0	-2,6
1848	23.08.2025 13:51:47,000	2,36	13,83	44,1	-2,7	43,2	0	-4,0
1849	23.08.2025 13:51:48,000	2,32	13,80	40,8	-3,9	45,2	0	-5,6
1850	23.08.2025 13:51:49,000	2,32	13,78	40,0	-3,7	46,3	0	-5,2
1851	23.08.2025 13:51:50,000	2,32	13,75	44,6	-0,8	44,5	0	-1,2
1852	23.08.2025 13:51:51,000	2,32	13,73	43,4	-3,0	43,6	0	-4,4
1853	23.08.2025 13:51:52,000	2,32	13,70	42,3	-3,8	43,9	0	-5,5
1854	23.08.2025 13:51:53,000	2,28	13,68	42,4	-3,0	44,6	0	-4,3
1855	23.08.2025 13:51:54,000	2,24	13,67	42,3	-2,1	45,5	0	-3,0
1856	23.08.2025 13:51:55,000	2,20	13,65	39,1	-2,6	48,3	0	-3,5
1857	23.08.2025 13:51:56,000	2,20	13,65	41,4	-1,5	47,1	1	-2,1
1858	23.08.2025 13:51:57,000	2,16	13,59	40,6	-5,1	44,4	0	-7,3
1859	23.08.2025 13:51:58,000	2,16	13,57	36,1	-8,4	45,5	0	-11,8
1860	23.08.2025 13:51:59,000	2,16	13,57	41,6	-2,3	46,1	0	-3,3
1861	23.08.2025 13:52:00,000	2,12	13,54	45,3	0,8	44,0	0	1,1
1862	23.08.2025 13:52:01,000	2,12	13,50	40,3	-4,9	44,8	0	-7,0
1863	23.08.2025 13:52:02,000	2,12	13,47	39,0	-5,6	45,5	0	-7,9
1864	23.08.2025 13:52:03,000	2,09	13,44	43,4	-1,1	45,5	0	-1,6
1865	23.08.2025 13:52:04,000	2,09	13,42	42,6	-4,0	43,4	0	-5,8
1866	23.08.2025 13:52:05,000	2,09	13,40	42,7	-2,7	44,7	0	-3,8
1867	23.08.2025 13:52:06,000	2,09	13,37	39,5	-4,7	45,9	0	-6,5
1868	23.08.2025 13:52:07,000	2,05	13,35	41,4	-3,7	44,9	0	-5,3
1869	23.08.2025 13:52:08,000	2,05	13,32	41,1	-5,9	42,9	0	-8,7
1870	23.08.2025 13:52:09,000	2,01	13,30	45,1	-0,9	44,0	0	-1,3
1871	23.08.2025 13:52:10,000	2,01	13,30	42,6	-3,2	44,2	0	-4,6
1872	23.08.2025 13:52:11,000	1,97	13,24	41,3	-5,9	42,8	0	-8,8
1873	23.08.2025 13:52:12,000	1,97	13,24	43,0	-3,9	43,2	0	-5,7
1874	23.08.2025 13:52:13,000	1,93	13,22	45,3	-2,2	42,5	0	-3,3
1875	23.08.2025 13:52:14,000	1,93	13,19	41,7	-5,7	42,5	0	-8,5
1876	23.08.2025 13:52:15,000	1,93	13,15	42,0	-4,6	43,4	0	-6,8
1877	23.08.2025 13:52:16,000	1,93	13,12	42,5	-5,7	41,8	0	-8,6
1878	23.08.2025 13:52:17,000	1,89	13,07	43,2	-4,7	42,1	0	-7,0
1879	23.08.2025 13:52:18,000	1,89	13,05	42,9	-5,4	41,7	0	-8,2
1880	23.08.2025 13:52:19,000	1,89	13,02	40,5	-7,4	42,1	0	-11,1
1881	23.08.2025 13:52:20,000	1,89	13,00	44,8	-4,0	41,2	0	-6,1
1882	23.08.2025 13:52:21,000	1,89	12,98	43,8	-5,3	40,9	0	-8,1
1883	23.08.2025 13:52:22,000	1,89	12,93	39,6	-8,3	42,1	0	-12,4
1884	23.08.2025 13:52:23,000	1,89	12,93	41,3	-6,9	41,8	0	-10,4
1885	23.08.2025 13:52:24,000	1,85	12,90	44,2	-6,7	39,1	0	-10,6
1886	23.08.2025 13:52:25,000	1,85	12,86	42,5	-8,2	39,2	0	-12,9
1887	23.08.2025 13:52:26,000	1,85	12,83	40,2	-9,0	40,8	0	-13,7
1888	23.08.2025 13:52:27,000	1,85	12,81	42,8	-7,7	39,4	0	-12,1
1889	23.08.2025 13:52:28,000	1,85	12,78	44,5	-6,8	38,7	0	-10,8
1890	23.08.2025 13:52:29,000	1,85	12,76	41,8	-7,9	40,4	0	-12,1
1891	23.08.2025 13:52:30,000	1,85	12,74	42,2	-7,8	40,1	0	-12,0
1892	23.08.2025 13:52:31,000	1,85	12,69	41,8	-8,9	39,2	0	-14,0
1893	23.08.2025 13:52:32,000	1,81	12,69	41,6	-8,4	39,9	0	-13,1
1894	23.08.2025 13:52:33,000	1,81	12,64	41,4	-10,5	38,1	0	-16,7
1895	23.08.2025 13:52:34,000	1,77	12,61	41,0	-11,3	37,8	0	-18,0
1896	23.08.2025 13:52:35,000	1,77	12,56	39,7	-11,1	39,2	0	-17,2
1897	23.08.2025 13:52:36,000	1,77	12,54	40,8	-10,9	38,2	0	-17,3
1898	23.08.2025 13:52:37,000	1,77	12,49	40,3	-12,6	37,0	0	-20,2
1899	23.08.2025 13:52:38,000	1,77	12,49	40,3	-10,9	38,8	0	-17,1
1900	23.08.2025 13:52:39,000	1,77	12,47	40,9	-10,8	38,2	0	-17,1
1901	23.08.2025 13:52:40,000	1,77	12,45	38,9	-12,6	38,5	0	-19,7
1902	23.08.2025 13:52:41,000	1,77	12,38	40,7	-12,1	37,2	0	-19,4
1903	23.08.2025 13:52:42,000	1,77	12,38	41,4	-11,2	37,4	0	-18,1
1904	23.08.2025 13:52:43,000	1,77	12,33	40,3	-11,2	38,5	0	-17,6
1905	23.08.2025 13:52:44,000	1,74	12,32	39,0	-12,2	38,8	0	-18,9
1906	23.08.2025 13:52:45,000	1,70	12,27	40,5	-11,6	37,8	0	-18,5
1907	23.08.2025 13:52:46,000	1,66	12,25	40,4	-11,4	38,2	0	-18,0
1908	23.08.2025 13:52:47,000	1,66	12,22	41,0	-9,8	39,1	0	-15,4
1909	23.08.2025 13:52:48,000	1,66	12,18	41,0	-12,4	36,6	0	-20,1
1910	23.08.2025 13:52:49,000	1,66	12,15	38,9	-11,9	39,2	0	-18,4
1911	23.08.2025 13:52:50,000	1,62	12,12	40,0	-10,5	39,6	0	-16,2
1912	23.08.2025 13:52:51,000	1,62	12,10	42,2	-9,7	38,0	0	-15,6
1913	23.08.2025 13:52:52,000	1,58	12,07	40,0	-10,5	39,5	0	-16,3
1914	23.08.2025 13:52:53,000	1,58	12,03	38,6	-12,2	39,2	0	-18,8
1915	23.08.2025 13:52:54,000	1,58	12,05	40,7	-11,3	38,0	0	-17,9
1916	23.08.2025 13:52:55,000	1,54	11,97	41,4	-9,4	39,1	0	-14,8
1917	23.08.2025 13:52:56,000	1,54	11,93	43,5	-2,5	44,0	0	-3,6
1918	23.08.2025 13:52:57,000	1,54	11,93	45,4	2,4	42,2	0	3,6
1919	23.08.2025 13:52:58,000	1,54	11,90	44,2	4,3	41,5	0	6,5
1920	23.08.2025 13:52:59,000	1,50	11,88	34,3	-5,7	50,0	0	-7,5
1921	23.08.2025 13:53:00,000	1,50	11,88	39,2	-3,1	47,6	0	-4,3
1922	23.08.2025 13:53:01,000	1,50	11,85	39,5	-4,9	45,7	0	-6,9
1923	23.08.2025 13:53:02,000	1,46	11,78	40,2	-4,1	45,7	0	-5,8
1924	23.08.2025 13:53:03,000	1,46	11,75	42,4	-2,4	45,1	0	-3,4
1925	23.08.2025 13:53:04,000	1,46	11,73	41,7	-4,6	43,7	0	-6,7
1926	23.08.2025 13:53:05,000	1,46	11,68	43,0	-3,3	43,7	0	-4,8
1927	23.08.2025 13:53:06,000	1,46	11,66	41,1	-5,8	43,1	0	-8,6
1928	23.08.2025 13:53:07,000	1,46	11,64	43,0	-3,6	43,4	0	-5,2
1929	23.08.2025 13:53:08,000	1,46	11,59	45,8	-1,5	42,8	0	-2,2
1930	23.08.2025 13:53:09,000	1,46	11,59	42,9	-5,1	42,0	0	-7,7
1931	23.08.2025 13:53:10,000	1,46	11,54	43,3	-4,3	42,3	0	-6,5
1932	23.08.2025 13:53:11,000	1,42	11,51	44,3	-4,5	41,2	0	-6,8
1933	23.08.2025 13:53:12,000	1,42	11,49	43,5	-7,5	38,9	0	-11,9
1934	23.08.2025 13:53:13,000	1,42	11,42	43,1	-5,7	41,2	0	-8,6
1935	23.08.2025 13:53:14,000	1,42	11,42	44,5	-5,1	40,4	0	-8,0
1936	23.08.2025 13:53:15,000	1,42	11,37	44,6	-6,4	39,0	0	-10,1
1937	23.08.2025 13:53:16,000	1,42	11,35	43,7	-5,5	40,7	0	-8,5
1938	23.08.2025 13:53:17,000	1,42	11,30	43,6	-7,3	39,2	0	-11,5
1939	23.08.2025 13:53:18,000	1,38	11,28	45,0	-6,2	38,9	0	-9,8
1940	23.08.2025 13:53:19,000	1,38	11,25	44,1	-6,9	39,0	0	-11,0
1941	23.08.2025 13:53:20,000	1,38	11,20	43,8	-6,7	39,5	0	-10,6
1942	23.08.2025 13:53:21,000	1,38	11,18	43,2	-10,1	36,7	0	-16,6
1943	23.08.2025 13:53:22,000	1,38	11,13	42,8	-9,6	37,6	0	-15,5
1944	23.08.2025 13:53:23,000	1,38	11,11	43,3	-9,5	37,2	0	-15,5
1945	23.08.2025 13:53:24,000	1,38	11,09	44,1	-9,1	36,8	0	-14,9
1946	23.08.2025 13:53:25,000	1,38	11,04	41,5	-11,9	36,5	0	-19,4
1947	23.08.2025 13:53:26,000	1,38	10,99	42,0	-11,5	36,6	0	-18,7
1948	23.08.2025 13:53:27,000	1,38	10,97	43,7	-10,6	35,7	0	-17,6
1949	23.08.2025 13:53:28,000	1,38	10,92	42,1	-11,6	36,3	0	-19,0
1950	23.08.2025 13:53:29,000	1,34	10,89	42,3	-11,9	35,8	0	-19,6
1951	23.08.2025 13:53:30,000	1,34	10,87	43,0	-11,3	35,6	0	-18,8
1952	23.08.2025 13:53:31,000	1,34	10,85	41,9	-12,1	36,0	0	-19,8
1953	23.08.2025 13:53:32,000	1,34	10,80	41,9	-12,3	35,8	0	-20,2
1954	23.08.2025 13:53:33,000	1,30	10,77	43,5	-11,5	35,0	0	-19,4
1955	23.08.2025 13:53:34,000	1,30	10,73	43,7	-12,0	34,3	0	-20,4
1956	23.08.2025 13:53:35,000	1,30	10,70	41,6	-11,4	37,0	0	-18,5
1957	23.08.2025 13:53:36,000	1,30	10,65	42,2	-11,0	36,9	0	-17,8
1958	23.08.2025 13:53:37,000	1,30	10,63	42,5	-10,3	37,3	0	-16,6
1959	23.08.2025 13:53:38,000	1,30	10,61	41,0	-12,8	36,2	0	-20,9
1960	23.08.2025 13:53:39,000	1,30	10,56	41,1	-13,2	35,6	0	-21,7
1961	23.08.2025 13:53:40,000	1,30	10,54	42,3	-11,2	36,4	0	-18,4
1962	23.08.2025 13:53:41,000	1,30	10,49	42,0	-11,6	36,4	0	-18,9
1963	23.08.2025 13:53:42,000	1,30	10,44	41,8	-12,0	36,2	0	-19,7
1964	23.08.2025 13:53:43,000	1,30	10,42	41,1	-11,8	37,0	0	-19,0
1965	23.08.2025 13:53:44,000	1,30	10,40	49,8	-1,1	39,0	0	-1,8
1966	23.08.2025 13:53:45,000	1,30	10,37	52,9	2,8	34,3	1	5,0
1967	23.08.2025 13:53:46,000	1,30	10,35	44,3	-8,1	37,6	0	-13,2
1968	23.08.2025 13:53:47,000	1,34	10,31	46,6	-6,2	37,2	0	-10,3
1969	23.08.2025 13:53:48,000	1,34	10,26	47,0	-5,8	37,2	0	-9,6
1970	23.08.2025 13:53:49,000	1,34	10,24	47,5	-6,3	36,2	0	-10,6
1971	23.08.2025 13:53:50,000	1,34	10,21	47,7	-7,7	34,7	0	-13,3
1972	23.08.2025 13:53:51,000	1,38	10,17	47,8	-5,6	36,7	0	-9,3
1973	23.08.2025 13:53:52,000	1,38	10,12	48,0	-5,5	36,5	0	-9,2
1974	23.08.2025 13:53:53,000	1,38	10,10	47,5	-7,7	34,7	0	-13,4
1975	23.08.2025 13:53:54,000	1,38	10,05	46,1	-8,9	35,0	0	-15,3
1976	23.08.2025 13:53:55,000	1,38	10,00	45,0	-9,0	36,0	0	-15,0
1977	23.08.2025 13:53:56,000	1,38	9,98	44,7	-10,5	34,8	0	-17,9
1978	23.08.2025 13:53:57,000	1,42	9,96	46,1	-9,5	34,4	0	-16,5
1979	23.08.2025 13:53:58,000	1,42	9,91	45,1	-10,5	34,4	0	-18,1
1980	23.08.2025 13:53:59,000	1,42	9,89	44,9	-9,9	35,3	0	-16,7
1981	23.08.2025 13:54:00,000	1,42	9,84	45,0	-11,5	33,5	0	-20,0
1982	23.08.2025 13:54:01,000	1,42	9,80	44,9	-11,5	33,6	0	-20,1
1983	23.08.2025 13:54:02,000	1,42	9,77	43,3	-12,1	34,6	0	-20,5
1984	23.08.2025 13:54:03,000	1,46	9,73	44,8	-10,9	34,3	0	-18,8
1985	23.08.2025 13:54:04,000	1,46	9,68	46,6	-11,8	31,6	0	-21,5
1986	23.08.2025 13:54:05,000	1,46	9,66	44,4	-10,5	35,1	0	-17,8
1987	23.08.2025 13:54:06,000	1,46	9,59	43,5	-9,6	36,9	0	-15,6
1988	23.08.2025 13:54:07,000	1,50	9,57	45,5	-10,6	33,9	0	-18,4
1989	23.08.2025 13:54:08,000	1,50	9,52	45,2	-11,3	33,5	0	-19,8
1990	23.08.2025 13:54:09,000	1,50	9,48	43,3	-9,8	36,9	0	-16,0
1991	23.08.2025 13:54:10,000	1,50	9,43	42,6	-11,5	35,8	0	-19,1
1992	23.08.2025 13:54:11,000	1,54	9,41	45,2	-10,3	34,5	0	-17,7
1993	23.08.2025 13:54:12,000	1,54	9,36	43,9	-10,9	35,3	0	-18,3
1994	23.08.2025 13:54:13,000	1,58	9,32	42,5	-10,8	36,7	0	-17,7
1995	23.08.2025 13:54:14,000	1,58	9,30	44,7	-9,9	35,4	0	-16,8
1996	23.08.2025 13:54:15,000	1,58	9,25	45,4	-9,3	35,2	0	-15,9
1997	23.08.2025 13:54:16,000	1,62	9,21	45,3	-9,6	35,1	0	-16,4
1998	23.08.2025 13:54:17,000	1,62	9,16	43,4	-11,4	35,2	0	-19,2
1999	23.08.2025 13:54:18,000	1,66	9,12	44,0	-10,7	35,3	0	-18,0
2000	23.08.2025 13:54:19,000	1,70	9,07	44,3	-10,4	35,3	0	-17,5
2001	23.08.2025 13:54:20,000	1,74	9,03	42,3	-11,1	36,6	0	-18,2
2002	23.08.2025 13:54:21,000	1,81	8,97	41,0	-10,3	38,7	0	-16,2
2003	23.08.2025 13:54:22,000	1,85	8,93	42,9	-7,6	39,5	0	-11,9
2004	23.08.2025 13:54:23,000	1,89	8,88	42,3	-7,9	39,8	0	-12,3
2005	23.08.2025 13:54:24,000	1,89	8,84	41,2	-9,9	38,8	0	-15,6
2006	23.08.2025 13:54:25,000	1,93	8,82	42,5	-9,9	37,6	0	-15,9
2007	23.08.2025 13:54:26,000	1,97	8,77	43,0	-7,5	39,4	0	-11,8
2008	23.08.2025 13:54:27,000	2,01	8,73	40,8	-5,4	43,8	0	-7,9
2009	23.08.2025 13:54:28,000	2,01	8,71	43,0	-10,1	37,0	0	-16,4
2010	23.08.2025 13:54:29,000	2,05	8,64	44,7	2,4	42,9	0	3,5
2011	23.08.2025 13:54:30,000	2,09	8,65	48,0	3,2	38,8	0	5,0
2012	23.08.2025 13:54:31,000	2,12	8,65	46,5	-1,5	42,0	0	-2,3
2013	23.08.2025 13:54:32,000	2,16	8,61	49,5	-0,1	40,4	0	-0,1
2014	23.08.2025 13:54:33,000	2,16	8,56	43,3	-2,0	44,7	0	-2,8
2015	23.08.2025 13:54:34,000	2,20	8,52	42,7	-1,6	45,7	0	-2,3
2016	23.08.2025 13:54:35,000	2,24	8,47	46,0	-0,5	43,5	0	-0,8
2017	23.08.2025 13:54:36,000	2,24	8,43	46,8	-2,6	40,6	0	-4,0
2018	23.08.2025 13:54:37,000	2,28	8,38	43,4	-3,7	42,9	0	-5,4
2019	23.08.2025 13:54:38,000	2,28	8,34	41,7	-5,6	42,7	0	-8,3
2020	23.08.2025 13:54:39,000	2,32	8,29	47,0	-3,2	39,8	0	-5,0
2021	23.08.2025 13:54:40,000	2,36	8,27	44,1	-7,5	38,5	0	-12,0
2022	23.08.2025 13:54:41,000	2,39	8,23	42,8	-6,0	41,2	0	-9,1
2023	23.08.2025 13:54:42,000	2,39	8,18	45,2	-5,3	39,5	0	-8,3
2024	23.08.2025 13:54:43,000	2,43	8,14	46,9	-4,9	38,2	0	-8,0
2025	23.08.2025 13:54:44,000	2,43	8,09	45,6	-7,3	37,1	0	-12,0
2026	23.08.2025 13:54:45,000	2,47	8,03	44,3	-9,7	36,0	0	-16,1
2027	23.08.2025 13:54:46,000	2,47	8,00	44,3	-11,1	34,6	0	-19,0
2028	23.08.2025 13:54:47,000	2,51	7,96	43,6	-11,3	35,1	0	-19,0
2029	23.08.2025 13:54:48,000	2,51	7,94	42,9	-11,2	35,9	0	-18,5
2030	23.08.2025 13:54:49,000	2,51	7,87	43,2	-11,8	35,0	0	-19,9
2031	23.08.2025 13:54:50,000	2,55	7,85	42,7	-11,8	35,5	0	-19,7
2032	23.08.2025 13:54:51,000	2,63	7,76	40,5	-11,5	38,0	0	-18,2
2033	23.08.2025 13:54:52,000	2,74	7,70	41,7	-12,8	35,5	0	-21,2
2034	23.08.2025 13:54:53,000	2,82	7,66	41,7	-11,6	36,8	0	-18,8
2035	23.08.2025 13:54:54,000	2,89	7,60	41,8	-10,5	37,7	0	-16,9
2036	23.08.2025 13:54:55,000	3,01	7,57	42,2	-10,5	37,2	0	-17,1
2037	23.08.2025 13:54:56,000	3,08	7,50	41,2	-11,5	37,3	0	-18,4
2038	23.08.2025 13:54:57,000	3,16	7,47	39,7	-11,0	39,3	0	-17,1
2039	23.08.2025 13:54:58,000	3,23	7,40	41,9	-12,4	35,7	0	-20,5
2040	23.08.2025 13:54:59,000	3,35	7,37	40,5	-8,3	41,2	0	-12,5
2041	23.08.2025 13:55:00,000	3,38	7,32	39,8	-11,6	38,6	0	-18,1
2042	23.08.2025 13:55:01,000	3,46	7,29	41,1	-8,9	40,0	0	-13,7
2043	23.08.2025 13:55:02,000	3,57	7,23	41,4	-9,0	39,6	0	-14,0
2044	23.08.2025 13:55:03,000	3,68	7,19	41,1	-9,4	39,5	0	-14,6
2045	23.08.2025 13:55:04,000	3,80	7,13	40,5	-9,0	40,5	0	-13,8
2046	23.08.2025 13:55:05,000	3,91	7,10	41,1	-7,7	41,2	0	-11,6
2047	23.08.2025 13:55:06,000	3,98	7,06	43,2	-8,8	38,0	0	-14,1
2048	23.08.2025 13:55:07,000	4,09	7,02	42,1	-8,4	39,5	0	-13,1
2049	23.08.2025 13:55:08,000	4,17	6,98	42,4	-4,7	42,9	0	-7,0
2050	23.08.2025 13:55:09,000	4,20	6,96	42,7	-7,1	40,2	0	-11,0
2051	23.08.2025 13:55:10,000	4,28	6,93	44,4	-6,7	38,9	0	-10,6
2052	23.08.2025 13:55:11,000	4,32	6,86	44,0	-8,4	37,6	0	-13,7
2053	23.08.2025 13:55:12,000	4,35	6,79	41,8	-6,4	41,8	0	-9,6
2054	23.08.2025 13:55:13,000	4,43	6,80	42,3	-5,2	42,6	0	-7,7
2055	23.08.2025 13:55:14,000	4,50	6,74	42,8	-4,0	43,2	0	-5,9
2056	23.08.2025 13:55:15,000	4,65	6,68	43,7	-6,4	40,0	0	-9,9
2057	23.08.2025 13:55:16,000	4,83	6,58	40,8	-0,3	48,9	0	-0,4
2058	23.08.2025 13:55:17,000	5,01	6,56	43,7	-5,2	41,2	0	-7,9
2059	23.08.2025 13:55:18,000	5,05	6,51	42,5	-2,5	45,0	0	-3,6
2060	23.08.2025 13:55:19,000	5,16	6,48	45,3	-2,9	41,7	0	-4,4
2061	23.08.2025 13:55:20,000	5,30	6,40	44,1	-0,3	45,6	0	-0,4
2062	23.08.2025 13:55:21,000	5,55	6,33	46,6	-0,5	42,9	0	-0,7
2063	23.08.2025 13:55:22,000	5,77	6,26	42,5	2,2	45,3	0	3,1
2064	23.08.2025 13:55:23,000	5,95	6,16	43,9	1,5	44,6	0	2,2
2065	23.08.2025 13:55:24,000	6,19	6,14	40,7	3,1	46,1	1	4,3
2066	23.08.2025 13:55:25,000	6,48	6,14	51,8	1,3	37,0	0	2,1
2067	23.08.2025 13:55:26,000	6,65	6,16	49,8	3,6	36,6	0	6,0
2068	23.08.2025 13:55:27,000	6,76	6,20	45,5	10,2	34,3	0	17,6
2069	23.08.2025 13:55:28,000	6,83	6,20	52,6	7,1	30,2	0	13,9
2070	23.08.2025 13:55:29,000	6,86	6,18	51,8	-4,9	33,3	0	-8,9
2071	23.08.2025 13:55:30,000	6,90	6,09	57,3	-3,8	29,0	0	-7,7
2072	23.08.2025 13:55:31,000	7,07	6,11	54,7	-4,0	31,3	0	-7,7
2073	23.08.2025 13:55:32,000	7,14	6,09	55,1	-3,9	31,0	0	-7,5
2074	23.08.2025 13:55:33,000	7,21	6,10	53,8	-6,4	29,7	0	-12,8
2075	23.08.2025 13:55:34,000	7,21	6,10	54,4	-7,2	28,4	0	-14,8
2076	23.08.2025 13:55:35,000	7,32	6,09	53,6	-5,3	31,1	0	-10,1
2077	23.08.2025 13:55:36,000	7,42	6,08	47,5	-8,4	34,1	0	-14,7
2078	23.08.2025 13:55:37,000	7,45	6,06	50,4	-8,6	31,0	0	-16,3
2079	23.08.2025 13:55:38,000	7,49	6,08	48,3	-11,1	30,6	0	-20,9
2080	23.08.2025 13:55:39,000	7,52	6,06	48,0	-9,6	32,4	0	-17,5
2081	23.08.2025 13:55:40,000	7,52	6,06	49,8	-8,5	31,7	0	-15,9
2082	23.08.2025 13:55:41,000	7,56	6,04	49,9	-9,8	30,3	0	-18,8
2083	23.08.2025 13:55:42,000	7,63	6,05	50,7	-7,5	31,7	0	-14,1
2084	23.08.2025 13:55:43,000	7,69	6,03	50,5	-5,9	33,5	0	-10,7
2085	23.08.2025 13:55:44,000	7,80	6,02	48,5	-10,2	31,3	0	-19,0
2086	23.08.2025 13:55:45,000	7,90	5,98	51,3	-9,9	28,7	0	-19,8
2087	23.08.2025 13:55:46,000	7,93	5,99	51,9	-8,4	29,7	0	-16,6
2088	23.08.2025 13:55:47,000	8,07	5,93	49,8	-8,4	31,8	0	-15,6
2089	23.08.2025 13:55:48,000	8,24	5,90	49,2	-9,9	30,9	0	-18,6
2090	23.08.2025 13:55:49,000	8,38	5,87	48,1	-10,2	31,7	0	-18,7
2091	23.08.2025 13:55:50,000	8,45	5,87	44,5	-10,0	35,5	0	-16,9
2092	23.08.2025 13:55:51,000	8,48	5,83	41,8	-9,1	39,2	0	-14,2
2093	23.08.2025 13:55:52,000	8,48	5,81	43,2	-8,9	37,9	0	-14,3
2094	23.08.2025 13:55:53,000	8,58	5,77	46,3	-8,8	34,9	0	-15,1
2095	23.08.2025 13:55:54,000	8,68	5,71	43,3	-8,8	37,9	0	-14,2
2096	23.08.2025 13:55:55,000	8,72	5,67	41,3	-9,7	39,1	0	-15,1
2097	23.08.2025 13:55:56,000	8,82	5,65	44,2	-9,9	36,0	0	-16,4
2098	23.08.2025 13:55:57,000	8,95	5,64	45,0	-10,0	35,1	0	-16,9
2099	23.08.2025 13:55:58,000	9,05	5,58	43,3	-8,5	38,3	0	-13,6
2100	23.08.2025 13:55:59,000	9,12	5,57	41,9	-11,2	36,9	0	-18,2
2101	23.08.2025 13:56:00,000	9,19	5,55	43,3	-10,3	36,3	0	-17,1
2102	23.08.2025 13:56:01,000	9,19	5,55	43,4	-9,8	36,8	0	-16,1
2103	23.08.2025 13:56:02,000	9,19	5,55	42,0	-11,1	36,9	0	-18,0
2104	23.08.2025 13:56:03,000	9,15	5,55	42,5	-10,2	37,3	0	-16,6
2105	23.08.2025 13:56:04,000	9,19	5,53	42,2	-10,8	37,0	0	-17,5
2106	23.08.2025 13:56:05,000	9,22	5,48	40,9	-10,2	38,9	0	-16,0
2107	23.08.2025 13:56:06,000	9,25	5,46	40,5	-10,9	38,6	0	-17,1
2108	23.08.2025 13:56:07,000	9,29	5,47	39,4	-12,3	38,4	0	-19,2
2109	23.08.2025 13:56:08,000	9,32	5,47	45,2	-9,7	35,1	0	-16,6
2110	23.08.2025 13:56:09,000	9,35	5,47	46,0	-9,9	34,2	0	-17,2
2111	23.08.2025 13:56:10,000	9,35	5,45	41,6	-10,5	37,8	0	-16,8
2112	23.08.2025 13:56:11,000	9,35	5,45	43,5	-9,9	36,6	0	-16,3
2113	23.08.2025 13:56:12,000	9,32	5,42	42,5	-11,0	36,4	0	-18,1
2114	23.08.2025 13:56:13,000	9,39	5,41	41,2	-10,6	38,2	0	-16,8
2115	23.08.2025 13:56:14,000	9,42	5,39	41,7	-11,2	37,1	0	-18,1
2116	23.08.2025 13:56:15,000	9,42	5,36	43,4	-10,7	36,0	0	-17,7
2117	23.08.2025 13:56:16,000	9,39	5,36	41,9	-11,5	36,6	0	-18,8
2118	23.08.2025 13:56:17,000	9,39	5,31	41,1	-12,7	36,2	0	-20,8
2119	23.08.2025 13:56:18,000	9,49	5,30	43,1	-11,4	35,5	0	-19,1
2120	23.08.2025 13:56:19,000	9,52	5,30	42,6	-11,0	36,4	0	-18,1
2121	23.08.2025 13:56:20,000	9,55	5,28	39,7	-12,8	37,6	0	-20,2
2122	23.08.2025 13:56:21,000	9,65	5,22	41,9	-9,7	38,5	0	-15,3
2123	23.08.2025 13:56:22,000	9,82	5,19	40,9	-10,6	38,5	0	-16,7
2124	23.08.2025 13:56:23,000	9,88	5,15	35,8	-7,1	47,1	0	-9,8
2125	23.08.2025 13:56:24,000	9,98	5,11	37,1	-9,9	42,9	0	-14,5
2126	23.08.2025 13:56:25,000	10,02	5,12	37,8	-10,0	42,2	0	-14,8
2127	23.08.2025 13:56:26,000	10,05	5,07	39,7	-12,1	38,2	0	-19,0
2128	23.08.2025 13:56:27,000	10,18	5,04	37,3	-8,7	44,0	0	-12,5
2129	23.08.2025 13:56:28,000	10,25	5,05	37,5	-3,7	48,8	0	-5,0
2130	23.08.2025 13:56:29,000	10,25	5,07	38,5	-7,3	44,2	0	-10,4
2131	23.08.2025 13:56:30,000	10,31	5,00	36,6	-8,1	45,3	0	-11,4
2132	23.08.2025 13:56:31,000	10,38	5,01	36,5	-7,4	46,1	0	-10,2
2133	23.08.2025 13:56:32,000	10,41	4,97	36,1	-3,5	50,4	0	-4,5
2134	23.08.2025 13:56:33,000	10,44	4,97	36,0	-3,2	50,8	0	-4,2
2135	23.08.2025 13:56:34,000	10,44	4,92	38,2	-7,0	44,9	0	-9,9
2136	23.08.2025 13:56:35,000	10,51	4,91	36,6	-2,6	50,8	0	-3,3
2137	23.08.2025 13:56:36,000	10,61	4,89	38,5	-5,1	46,4	0	-7,1
2138	23.08.2025 13:56:37,000	10,67	4,88	36,8	-3,6	49,6	0	-4,8
2139	23.08.2025 13:56:38,000	10,77	4,86	39,9	-4,5	45,5	0	-6,4
2140	23.08.2025 13:56:39,000	10,80	4,84	42,5	-1,9	45,6	0	-2,7
2141	23.08.2025 13:56:40,000	10,83	4,80	40,4	2,9	46,6	0	4,0
2142	23.08.2025 13:56:41,000	10,90	4,78	44,2	2,4	43,3	0	3,5
2143	23.08.2025 13:56:42,000	10,96	4,79	46,0	-0,8	43,1	0	-1,2
2144	23.08.2025 13:56:43,000	10,96	4,76	44,1	2,5	43,4	0	3,6
2145	23.08.2025 13:56:44,000	11,00	4,77	44,8	1,3	43,8	0	1,9
2146	23.08.2025 13:56:45,000	11,00	4,72	31,2	10,5	48,3	0	14,1
2147	23.08.2025 13:56:46,000	11,03	4,72	45,9	-1,0	43,1	0	-1,4
2148	23.08.2025 13:56:47,000	11,06	4,70	48,0	-0,3	41,8	0	-0,4
2149	23.08.2025 13:56:48,000	11,09	4,71	37,1	7,9	45,0	0	11,2
2150	23.08.2025 13:56:49,000	11,09	4,66	40,6	-10,4	39,0	0	-16,3
2151	23.08.2025 13:56:50,000	11,09	4,66	41,6	-0,3	48,2	0	-0,3
2152	23.08.2025 13:56:51,000	11,09	4,66	40,7	3,7	45,6	0	5,3
2153	23.08.2025 13:56:52,000	11,09	4,66	35,4	7,5	47,1	0	10,3
2154	23.08.2025 13:56:53,000	11,09	4,64	43,1	-3,5	43,4	0	-5,1
2155	23.08.2025 13:56:54,000	11,16	4,60	41,8	-3,8	44,4	0	-5,4
2156	23.08.2025 13:56:55,000	11,22	4,58	42,4	-7,2	40,4	0	-11,1
2157	23.08.2025 13:56:56,000	11,29	4,54	35,5	-12,3	42,2	0	-17,9
2158	23.08.2025 13:56:57,000	11,32	4,52	32,3	-2,6	55,1	0	-3,2
2159	23.08.2025 13:56:58,000	11,35	4,50	36,6	-4,0	49,4	0	-5,3
2160	23.08.2025 13:56:59,000	11,42	4,50	34,4	-4,5	51,1	0	-5,8
2161	23.08.2025 13:57:00,000	11,42	4,48	34,3	-4,6	51,0	0	-6,0
2162	23.08.2025 13:57:01,000	11,38	4,45	31,1	-3,7	55,2	0	-4,6
2163	23.08.2025 13:57:02,000	11,45	4,46	35,2	-9,3	45,5	0	-13,0
2164	23.08.2025 13:57:03,000	11,45	4,44	34,4	-12,8	42,8	0	-18,4
2165	23.08.2025 13:57:04,000	11,51	4,42	34,3	-14,9	40,9	0	-21,9
2166	23.08.2025 13:57:05,000	11,55	4,40	29,1	-7,1	53,9	0	-8,9
2167	23.08.2025 13:57:06,000	11,61	4,41	34,4	-12,2	43,4	0	-17,4
2168	23.08.2025 13:57:07,000	11,64	4,38	40,1	-13,8	36,1	0	-22,4
2169	23.08.2025 13:57:08,000	11,67	4,39	36,8	-11,5	41,7	0	-17,0
2170	23.08.2025 13:57:09,000	11,67	4,39	30,2	-17,2	42,5	0	-24,2
2171	23.08.2025 13:57:10,000	11,67	4,39	31,0	-18,3	40,8	0	-26,1
2172	23.08.2025 13:57:11,000	11,74	4,35	35,6	-15,8	38,6	0	-24,0
2173	23.08.2025 13:57:12,000	11,77	4,33	28,0	-17,1	44,8	0	-23,2
2174	23.08.2025 13:57:13,000	11,80	4,35	24,8	-20,1	45,1	0	-26,6
2175	23.08.2025 13:57:14,000	11,80	4,33	26,5	-13,3	50,2	0	-17,2
2176	23.08.2025 13:57:15,000	11,83	4,36	34,9	-15,7	39,3	0	-23,6
2177	23.08.2025 13:57:16,000	11,83	4,36	32,7	-17,7	39,6	0	-26,0
2178	23.08.2025 13:57:17,000	11,87	4,34	34,4	-15,1	40,6	0	-22,2
2179	23.08.2025 13:57:18,000	11,90	4,32	31,5	-10,2	48,3	0	-13,7
2180	23.08.2025 13:57:19,000	11,93	4,34	31,1	-10,5	48,4	0	-14,0
2181	23.08.2025 13:57:20,000	11,93	4,32	26,9	-14,2	49,0	0	-18,5
2182	23.08.2025 13:57:21,000	11,93	4,32	27,1	-14,8	48,1	0	-19,4
2183	23.08.2025 13:57:22,000	11,96	4,30	28,5	-16,3	45,2	0	-22,1
2184	23.08.2025 13:57:23,000	11,99	4,33	32,5	-14,8	42,6	0	-21,2
2185	23.08.2025 13:57:24,000	12,03	4,33	27,8	-8,6	53,6	0	-10,9
2186	23.08.2025 13:57:25,000	12,06	4,31	27,1	-16,4	46,5	1	-21,8
2187	23.08.2025 13:57:26,000	12,09	4,29	30,2	-14,5	45,3	0	-19,9
2188	23.08.2025 13:57:27,000	12,12	4,29	21,6	-5,7	62,7	0	-6,5
2189	23.08.2025 13:57:28,000	12,15	4,29	28,2	-11,8	50,1	0	-15,3
2190	23.08.2025 13:57:29,000	12,18	4,30	32,3	-17,8	40,0	0	-25,9
2191	23.08.2025 13:57:30,000	12,18	4,30	24,5	-6,6	58,9	0	-7,8
2192	23.08.2025 13:57:31,000	12,22	4,28	23,0	-7,5	59,5	0	-8,9
2193	23.08.2025 13:57:32,000	12,22	4,30	27,7	-5,2	57,1	0	-6,3
2194	23.08.2025 13:57:33,000	12,25	4,30	24,0	-14,1	51,9	0	-17,7
2195	23.08.2025 13:57:34,000	12,28	4,31	30,7	-16,4	42,9	0	-23,0
2196	23.08.2025 13:57:35,000	12,31	4,29	29,2	-11,0	49,8	0	-14,4
2197	23.08.2025 13:57:36,000	12,31	4,29	23,6	-9,5	56,9	0	-11,5
2198	23.08.2025 13:57:37,000	12,31	4,29	31,3	-18,1	40,6	0	-26,0
2199	23.08.2025 13:57:38,000	12,34	4,27	26,7	-17,2	46,1	1	-22,9
2200	23.08.2025 13:57:39,000	12,34	4,27	25,5	-14,9	49,5	0	-19,3
2201	23.08.2025 13:57:40,000	12,38	4,27	26,9	-2,7	60,4	0	-3,2
2202	23.08.2025 13:57:41,000	12,41	4,27	35,7	-22,1	32,1	0	-35,6
2203	23.08.2025 13:57:42,000	12,44	4,28	25,1	-10,7	54,2	0	-13,3
2204	23.08.2025 13:57:43,000	12,44	4,28	32,4	-20,3	37,3	0	-30,3
2205	23.08.2025 13:57:44,000	12,47	4,30	28,7	4,9	56,4	0	5,9
2206	23.08.2025 13:57:45,000	12,47	4,33	35,8	-12,5	41,7	0	-18,4
2207	23.08.2025 13:57:46,000	12,47	4,33	33,6	-1,7	54,7	0	-2,1
2208	23.08.2025 13:57:47,000	12,47	4,33	22,7	0,5	66,8	0	0,6
2209	23.08.2025 13:57:48,000	12,47	4,28	21,4	4,2	64,4	0	4,7
2210	23.08.2025 13:57:49,000	12,50	4,31	34,7	-16,2	39,1	0	-24,3
2211	23.08.2025 13:57:50,000	12,53	4,28	30,7	-7,6	51,8	0	-9,7
2212	23.08.2025 13:57:51,000	12,57	4,26	23,8	-7,3	58,9	1	-8,6
2213	23.08.2025 13:57:52,000	12,57	4,22	25,2	-10,8	54,0	1	-13,5
2214	23.08.2025 13:57:53,000	12,63	4,25	28,7	-0,9	60,4	0	-1,1
2215	23.08.2025 13:57:54,000	12,63	4,27	32,4	-13,2	44,4	0	-18,5
2216	23.08.2025 13:57:55,000	12,66	4,23	30,4	-10,8	48,9	0	-14,3
2217	23.08.2025 13:57:56,000	12,69	4,25	26,5	-12,7	50,8	0	-16,3
2218	23.08.2025 13:57:57,000	12,69	4,25	32,8	-9,9	47,3	0	-13,5
2219	23.08.2025 13:57:58,000	12,69	4,25	34,7	-14,8	40,5	0	-21,9
2220	23.08.2025 13:57:59,000	12,72	4,23	17,1	11,7	61,2	0	13,5
2221	23.08.2025 13:58:00,000	12,76	4,24	14,0	1,2	74,7	1	1,3
2222	23.08.2025 13:58:01,000	12,76	4,24	23,5	-19,8	46,6	1	-25,7
2223	23.08.2025 13:58:02,000	12,79	4,22	34,8	-18,3	36,9	1	-28,0
2224	23.08.2025 13:58:03,000	12,82	4,22	21,9	-11,4	56,8	0	-13,7
2225	23.08.2025 13:58:04,000	12,82	4,22	20,7	-9,8	59,5	1	-11,5
2226	23.08.2025 13:58:05,000	12,85	4,25	30,9	-9,2	49,9	1	-12,0
2227	23.08.2025 13:58:06,000	12,88	4,20	19,1	5,5	65,5	0	6,1
2228	23.08.2025 13:58:07,000	12,88	4,25	26,4	-8,4	55,3	0	-10,4
2229	23.08.2025 13:58:08,000	12,88	4,27	30,2	-9,5	50,4	1	-12,4
2230	23.08.2025 13:58:09,000	12,88	4,25	32,9	-19,1	38,0	1	-28,4
2231	23.08.2025 13:58:10,000	12,91	4,25	24,9	-20,4	44,8	1	-26,9
2232	23.08.2025 13:58:11,000	12,91	4,23	24,7	-27,0	38,4	1	-36,5
2233	23.08.2025 13:58:12,000	12,94	4,21	28,3	-20,7	41,0	1	-28,9
2234	23.08.2025 13:58:13,000	12,94	4,21	27,6	-20,3	42,1	0	-27,9
2235	23.08.2025 13:58:14,000	12,98	4,21	31,6	-26,3	32,1	0	-40,1
2236	23.08.2025 13:58:15,000	13,01	4,19	18,1	29,7	42,2	1	36,9
2237	23.08.2025 13:58:16,000	13,01	4,21	32,1	-11,6	46,3	0	-15,9
2238	23.08.2025 13:58:17,000	13,04	4,22	25,9	-15,9	48,3	1	-20,7
2239	23.08.2025 13:58:18,000	13,07	4,22	31,9	-20,1	38,0	0	-29,6
2240	23.08.2025 13:58:19,000	13,07	4,22	39,3	-1,3	49,4	1	-1,7
2241	23.08.2025 13:58:20,000	13,10	4,20	27,3	7,4	55,3	1	9,1
2242	23.08.2025 13:58:21,000	13,10	4,22	33,2	-17,5	39,3	1	-25,9
2243	23.08.2025 13:58:22,000	13,10	4,20	37,9	-15,1	37,0	1	-23,8
2244	23.08.2025 13:58:23,000	13,13	4,18	35,8	-17,6	36,7	1	-27,2
2245	23.08.2025 13:58:24,000	13,16	4,18	20,9	13,8	55,3	0	16,8
2246	23.08.2025 13:58:25,000	13,16	4,23	43,3	-21,3	25,4	1	-40,4
2247	23.08.2025 13:58:26,000	13,13	4,25	45,2	11,9	33,0	0	20,9
2248	23.08.2025 13:58:27,000	13,13	4,27	36,3	17,1	36,7	0	26,6
2249	23.08.2025 13:58:28,000	13,13	4,27	42,1	-6,5	41,4	0	-9,8
2250	23.08.2025 13:58:29,000	13,13	4,25	38,9	-8,2	42,9	0	-12,1
2251	23.08.2025 13:58:30,000	13,13	4,23	19,5	43,0	27,6	0	55,3
2252	23.08.2025 13:58:31,000	13,16	4,23	54,6	-13,4	21,9	0	-32,0
2253	23.08.2025 13:58:32,000	13,16	4,23	42,9	4,3	42,7	0	6,4
2254	23.08.2025 13:58:33,000	13,20	4,26	56,5	-0,4	33,1	1	-0,8
2255	23.08.2025 13:58:34,000	13,23	4,26	24,0	36,1	29,9	0	49,6
2256	23.08.2025 13:58:35,000	13,23	4,21	33,0	-0,8	56,1	1	-1,0
2257	23.08.2025 13:58:36,000	13,26	4,24	33,3	-6,1	50,6	0	-8,0
2258	23.08.2025 13:58:37,000	13,29	4,19	29,5	5,6	54,9	0	6,9
2259	23.08.2025 13:58:38,000	13,32	4,20	35,1	-1,7	53,3	0	-2,1
2260	23.08.2025 13:58:39,000	13,35	4,25	57,4	10,5	22,1	0	26,0
2261	23.08.2025 13:58:40,000	13,38	4,20	60,3	17,6	12,1	1	26,0
2262	23.08.2025 13:58:41,000	13,38	4,23	63,5	15,9	10,5	0	26,0
2263	23.08.2025 13:58:42,000	13,38	4,20	63,1	16,3	10,6	1	26,0
2264	23.08.2025 13:58:43,000	13,38	4,20	52,4	24,8	12,8	0	62,0
2265	23.08.2025 13:58:44,000	13,38	4,27	63,9	15,8	10,3	0	62,0
2266	23.08.2025 13:58:45,000	13,35	4,27	63,2	-0,4	26,4	1	-0,9
2267	23.08.2025 13:58:46,000	13,32	4,29	-5,9	-8,5	75,6	0	-8,9
2268	23.08.2025 13:58:47,000	13,29	4,29	33,6	15,8	40,6	0	23,1
2269	23.08.2025 13:58:48,000	13,26	4,31	49,1	-2,0	38,9	0	-3,2
2270	23.08.2025 13:58:49,000	13,20	4,33	28,4	26,3	35,3	1	37,8
2271	23.08.2025 13:58:50,000	13,16	4,32	41,9	23,1	25,0	0	42,9
2272	23.08.2025 13:58:51,000	13,13	4,32	50,7	20,9	18,3	0	48,6
2273	23.08.2025 13:58:52,000	13,10	4,32	71,3	5,3	13,4	1	48,6
2274	23.08.2025 13:58:53,000	13,07	4,34	61,8	17,9	10,2	0	48,6
2275	23.08.2025 13:58:54,000	13,01	4,33	39,2	43,6	7,3	1	79,4
2276	23.08.2025 13:58:55,000	12,98	4,33	47,3	34,1	8,6	0	75,0
2277	23.08.2025 13:58:56,000	12,98	4,35	58,0	28,0	4,0	0	81,5
2278	23.08.2025 13:58:57,000	12,94	4,35	67,7	17,0	5,3	0	81,5
2279	23.08.2025 13:58:58,000	12,94	4,35	67,5	18,2	4,3	1	81,5
2280	23.08.2025 13:58:59,000	12,91	4,37	66,0	15,5	8,5	1	81,5
2281	23.08.2025 13:59:00,000	12,88	4,34	66,1	18,6	5,3	0	81,5
2282	23.08.2025 13:59:01,000	12,88	4,37	63,4	21,2	5,4	0	81,5
2283	23.08.2025 13:59:02,000	12,85	4,36	25,7	-10,1	54,3	1	-12,5
2284	23.08.2025 13:59:03,000	12,85	4,36	-12,9	-6,2	70,9	0	-6,7
2285	23.08.2025 13:59:04,000	12,82	4,36	-10,3	-5,6	74,1	0	-6,0
2286	23.08.2025 13:59:05,000	12,82	4,38	-8,1	-8,1	73,9	0	-8,6
2287	23.08.2025 13:59:06,000	12,79	4,38	-3,8	-8,7	77,5	0	-9,0
2288	23.08.2025 13:59:07,000	12,79	4,38	-11,1	-10,6	68,3	0	-11,6
2289	23.08.2025 13:59:08,000	12,79	4,38	-8,2	-9,2	72,6	0	-9,8
2290	23.08.2025 13:59:09,000	12,76	4,38	-8,6	-6,7	74,7	0	-7,1
2291	23.08.2025 13:59:10,000	12,76	4,38	-6,8	-5,9	77,4	0	-6,2
2292	23.08.2025 13:59:11,000	12,76	4,38	-5,3	-6,7	77,9	0	-7,0
2293	23.08.2025 13:59:12,000	12,72	4,40	-4,3	-6,9	78,8	0	-7,2
2294	23.08.2025 13:59:13,000	12,72	4,40	-2,5	-10,1	77,4	0	-10,3
2295	23.08.2025 13:59:14,000	12,69	4,37	-2,4	-9,5	78,1	0	-9,7
2296	23.08.2025 13:59:15,000	12,69	4,39	-0,9	-9,1	80,0	0	-9,2
2297	23.08.2025 13:59:16,000	12,69	4,39	-1,9	-10,1	78,1	0	-10,3
2298	23.08.2025 13:59:17,000	12,69	4,37	-61,4	1,2	-27,4	0	177,3
2299	23.08.2025 13:59:18,000	12,66	4,39	2,0	80,2	7,8	0	82,1
2300	23.08.2025 13:59:19,000	12,66	4,39	1,7	80,1	8,3	0	81,6
2301	23.08.2025 13:59:20,000	12,66	4,39	2,0	80,4	7,5	0	82,3
2302	23.08.2025 13:59:21,000	12,66	4,39	1,8	80,6	7,6	0	82,2
2303	23.08.2025 13:59:22,000	12,66	4,39	1,7	79,7	8,5	0	81,3
2304	23.08.2025 13:59:23,000	12,63	4,39	2,1	79,7	8,1	0	81,7
2305	23.08.2025 13:59:24,000	12,63	4,39	2,0	80,5	7,5	0	82,3
2306	23.08.2025 13:59:25,000	12,63	4,39	1,7	80,1	8,1	0	81,7
2307	23.08.2025 13:59:26,000	12,63	4,39	1,4	80,2	8,4	0	81,5
2308	23.08.2025 13:59:27,000	12,63	4,39	2,2	80,0	7,8	0	82,1
2309	23.08.2025 13:59:28,000	12,63	4,39	2,2	80,2	7,7	0	82,2
2310	23.08.2025 13:59:29,000	12,60	4,39	1,2	80,2	8,5	0	81,4
2311	23.08.2025 13:59:30,000	12,60	4,39	1,8	79,8	8,3	0	81,5
2312	23.08.2025 13:59:31,000	12,60	4,39	2,9	79,8	7,3	0	82,5
2313	23.08.2025 13:59:32,000	12,60	4,41	2,0	79,9	8,0	0	81,8
2314	23.08.2025 13:59:33,000	12,57	4,38	0,8	80,7	8,5	0	81,5
2315	23.08.2025 13:59:34,000	12,57	4,38	1,8	80,0	8,2	0	81,7
2316	23.08.2025 13:59:35,000	12,57	4,38	2,8	79,1	8,1	0	81,7
2317	23.08.2025 13:59:36,000	12,57	4,38	2,0	79,7	8,3	0	81,5
2318	23.08.2025 13:59:37,000	12,57	4,38	1,8	80,7	7,5	0	82,4
2319	23.08.2025 13:59:38,000	12,57	4,38	1,7	80,7	7,6	0	82,2
2320	23.08.2025 13:59:39,000	12,57	4,38	1,3	80,3	8,4	0	81,5
2321	23.08.2025 13:59:40,000	12,57	4,38	1,9	80,1	8,0	0	81,8
2322	23.08.2025 13:59:41,000	12,57	4,38	2,3	79,9	7,9	0	82,0
2323	23.08.2025 13:59:42,000	12,57	4,38	2,2	79,3	8,5	0	81,3
2324	23.08.2025 13:59:43,000	12,57	4,38	1,8	80,2	8,0	0	81,9
2325	23.08.2025 13:59:44,000	12,57	4,41	1,7	80,2	8,1	0	81,8
2326	23.08.2025 13:59:45,000	12,57	4,41	1,8	80,0	8,2	0	81,6
2327	23.08.2025 13:59:46,000	12,57	4,38	2,2	79,8	8,0	0	81,8
2328	23.08.2025 13:59:47,000	12,57	4,38	2,2	79,2	8,6	0	81,2
2329	23.08.2025 13:59:48,000	12,57	4,38	2,4	79,0	8,6	0	81,2
2330	23.08.2025 13:59:49,000	12,53	4,40	2,0	80,0	8,0	0	81,9
2331	23.08.2025 13:59:50,000	12,57	4,41	1,8	80,4	7,8	0	82,0
2332	23.08.2025 13:59:51,000	12,57	4,38	1,8	80,0	8,2	0	81,6
2333	23.08.2025 13:59:52,000	12,57	4,38	2,2	79,2	8,6	0	81,2
2334	23.08.2025 13:59:53,000	12,57	4,41	2,5	79,4	8,2	0	81,6
2335	23.08.2025 13:59:54,000	12,57	4,38	1,9	80,1	8,0	0	81,8
2336	23.08.2025 13:59:55,000	12,57	4,38	1,7	80,1	8,2	0	81,6
2337	23.08.2025 13:59:56,000	12,57	4,41	2,3	79,2	8,5	0	81,3
2338	23.08.2025 13:59:57,000	12,57	4,41	1,8	80,0	8,2	0	81,6
2339	23.08.2025 13:59:58,000	12,57	4,41	2,2	80,2	7,7	0	82,1
2340	23.08.2025 13:59:59,000	12,57	4,38	2,6	79,2	8,2	0	81,6
2341	23.08.2025 14:00:00,000	12,57	4,38	1,2	80,2	8,6	0	81,2
2342	23.08.2025 14:00:01,000	12,57	4,41	2,2	79,4	8,4	0	81,4
2343	23.08.2025 14:00:02,000	12,57	4,41	2,8	79,1	8,1	0	81,6
2344	23.08.2025 14:00:03,000	12,57	4,38	2,0	79,7	8,3	0	81,6
2345	23.08.2025 14:00:04,000	12,57	4,38	2,2	79,6	8,3	0	81,5
2346	23.08.2025 14:00:05,000	12,57	4,38	1,8	79,6	8,6	0	81,2
2347	23.08.2025 14:00:06,000	12,57	4,41	1,5	79,2	9,4	0	80,5
2348	23.08.2025 14:00:07,000	12,57	4,38	2,2	79,1	8,6	0	81,2
2349	23.08.2025 14:00:08,000	12,57	4,38	3,6	77,8	8,6	0	81,1
2350	23.08.2025 14:00:09,000	12,57	4,38	2,7	78,5	8,8	0	81,0
2351	23.08.2025 14:00:10,000	12,57	4,41	1,7	79,8	8,5	0	81,4
2352	23.08.2025 14:00:11,000	12,57	4,38	1,7	80,1	8,1	0	81,7
2353	23.08.2025 14:00:12,000	12,57	4,38	1,8	79,8	8,4	0	81,4
2354	23.08.2025 14:00:13,000	12,57	4,38	1,3	80,2	8,5	0	81,3
2355	23.08.2025 14:00:14,000	12,57	4,38	0,6	81,5	7,9	0	82,1
2356	23.08.2025 14:00:15,000	12,57	4,41	0,0	83,2	6,8	0	83,2
2357	23.08.2025 14:00:16,000	12,57	4,38	-1,2	82,6	6,2	0	83,7
2358	23.08.2025 14:00:17,000	12,57	4,41	-1,9	81,1	7,0	0	82,9
2359	23.08.2025 14:00:18,000	12,57	4,38	-1,9	81,6	6,5	0	83,4
2360	23.08.2025 14:00:19,000	12,57	4,41	-1,7	81,7	6,6	0	83,3
2361	23.08.2025 14:00:20,000	12,57	4,38	-2,1	82,1	5,8	0	84,1
2362	23.08.2025 14:00:21,000	12,57	4,38	-3,5	81,4	5,1	0	84,7
2363	23.08.2025 14:00:22,000	12,57	4,38	-4,4	81,3	4,2	0	85,6
2364	23.08.2025 14:00:23,000	12,57	4,38	-4,4	82,2	3,4	0	86,6
2365	23.08.2025 14:00:24,000	12,60	4,39	-5,4	81,7	2,9	0	87,0
2366	23.08.2025 14:00:25,000	12,60	4,39	-5,3	81,3	3,4	0	86,5
2367	23.08.2025 14:00:26,000	12,60	4,41	-4,9	81,5	3,6	0	86,3
2368	23.08.2025 14:00:27,000	12,60	4,39	-4,5	82,0	3,5	0	86,4
2369	23.08.2025 14:00:28,000	12,60	4,41	-5,4	81,4	3,2	0	86,7
2370	23.08.2025 14:00:29,000	12,60	4,41	-5,6	81,6	2,8	0	87,1
2371	23.08.2025 14:00:30,000	12,60	4,41	-5,8	81,7	2,5	0	87,4
2372	23.08.2025 14:00:31,000	12,60	4,41	-5,4	81,9	2,7	0	87,2
2373	23.08.2025 14:00:32,000	12,60	4,41	-5,6	80,7	3,6	0	86,2
2374	23.08.2025 14:00:33,000	12,60	4,39	-4,6	83,5	1,9	0	88,0
2375	23.08.2025 14:00:34,000	12,60	4,39	-6,0	81,7	2,3	0	87,6
2376	23.08.2025 14:00:35,000	12,60	4,39	-6,1	80,3	3,7	0	86,2
2377	23.08.2025 14:00:36,000	12,60	4,39	-5,1	82,4	2,5	0	87,4
2378	23.08.2025 14:00:37,000	12,60	4,39	-4,7	82,4	2,8	0	87,1
2379	23.08.2025 14:00:38,000	12,60	4,41	-6,2	80,9	2,9	0	87,0
2380	23.08.2025 14:00:39,000	12,60	4,41	-5,9	82,1	2,0	0	87,9
2381	23.08.2025 14:00:40,000	12,60	4,39	-6,6	80,8	2,6	0	87,3
2382	23.08.2025 14:00:41,000	12,60	4,41	-6,4	82,0	1,5	0	88,4
2383	23.08.2025 14:00:42,000	12,60	4,39	-6,1	82,0	1,9	0	88,1
2384	23.08.2025 14:00:43,000	12,60	4,39	-6,4	81,2	2,4	0	87,5
2385	23.08.2025 14:00:44,000	12,60	4,39	-5,4	80,7	3,9	0	86,0
2386	23.08.2025 14:00:45,000	12,60	4,39	-3,8	83,4	2,8	0	87,1
2387	23.08.2025 14:00:46,000	12,63	4,39	-3,8	82,1	4,1	0	85,8
2388	23.08.2025 14:00:47,000	12,63	4,39	-4,7	80,8	4,5	0	85,4
2389	23.08.2025 14:00:48,000	12,63	4,39	-4,0	83,4	2,6	0	87,4
2390	23.08.2025 14:00:49,000	12,63	4,39	-5,4	82,3	2,4	0	87,6
2391	23.08.2025 14:00:50,000	12,63	4,39	-6,3	79,9	3,8	0	86,1
2392	23.08.2025 14:00:51,000	12,63	4,39	-5,6	82,6	1,8	0	88,1
2393	23.08.2025 14:00:52,000	12,63	4,39	-5,1	83,4	1,5	0	88,5
2394	23.08.2025 14:00:53,000	12,63	4,39	-5,5	81,4	3,1	0	86,8
2395	23.08.2025 14:00:54,000	12,63	4,39	-2,8	81,8	5,4	0	84,4
2396	23.08.2025 14:00:55,000	12,63	4,39	-0,2	83,9	5,9	0	84,1
2397	23.08.2025 14:00:56,000	12,63	4,39	0,3	82,2	7,5	0	82,5
2398	23.08.2025 14:00:57,000	12,63	4,39	0,3	82,0	7,7	0	82,2
2399	23.08.2025 14:00:58,000	12,63	4,39	0,9	81,4	7,7	0	82,2
2400	23.08.2025 14:00:59,000	12,63	4,39	1,1	80,4	8,5	0	81,4
2401	23.08.2025 14:01:00,000	12,63	4,41	2,1	80,9	7,0	0	82,9
2402	23.08.2025 14:01:01,000	12,63	4,41	0,8	80,5	8,7	0	81,2
2403	23.08.2025 14:01:02,000	12,63	4,39	1,6	79,7	8,7	0	81,2
2404	23.08.2025 14:01:03,000	12,63	4,39	3,6	77,8	8,5	0	81,2
2405	23.08.2025 14:01:04,000	12,63	4,39	2,5	78,1	9,4	0	80,4
2406	23.08.2025 14:01:05,000	12,63	4,39	3,7	77,3	9,1	0	80,6
2407	23.08.2025 14:01:06,000	12,63	4,39	2,7	78,7	8,6	0	81,2
2408	23.08.2025 14:01:07,000	12,63	4,39	2,3	78,9	8,7	0	81,0
2409	23.08.2025 14:01:08,000	12,63	4,39	1,9	79,8	8,3	0	81,5
2410	23.08.2025 14:01:09,000	12,63	4,39	1,6	82,7	5,7	0	84,2
2411	23.08.2025 14:01:10,000	12,63	4,39	-0,4	82,2	7,4	0	82,5
2412	23.08.2025 14:01:11,000	12,63	4,41	-0,4	83,0	6,6	0	83,4
2413	23.08.2025 14:01:12,000	12,63	4,39	0,4	84,8	4,9	0	85,1
2414	23.08.2025 14:01:13,000	12,63	4,41	-1,0	83,4	5,6	0	84,4
2415	23.08.2025 14:01:14,000	12,63	4,39	-0,2	83,4	6,4	0	83,6
2416	23.08.2025 14:01:15,000	12,63	4,41	0,1	83,7	6,3	0	83,7
2417	23.08.2025 14:01:16,000	12,63	4,39	0,6	83,7	5,7	0	84,3
2418	23.08.2025 14:01:17,000	12,66	4,39	0,4	82,3	7,3	0	82,7
2419	23.08.2025 14:01:18,000	12,66	4,39	0,8	83,2	6,0	0	84,0
2420	23.08.2025 14:01:19,000	12,66	4,39	0,8	82,8	6,4	0	83,5
2421	23.08.2025 14:01:20,000	12,66	4,42	0,3	82,2	7,5	0	82,5
2422	23.08.2025 14:01:21,000	12,66	4,42	1,3	83,1	5,6	0	84,3
2423	23.08.2025 14:01:22,000	12,66	4,42	0,2	82,6	7,2	0	82,8
2424	23.08.2025 14:01:23,000	12,66	4,39	0,4	83,2	6,4	0	83,5
2425	23.08.2025 14:01:24,000	12,66	4,39	0,9	82,5	6,6	0	83,3
2426	23.08.2025 14:01:25,000	12,66	4,39	0,6	84,3	5,1	0	84,9
2427	23.08.2025 14:01:26,000	12,66	4,39	-0,5	82,6	7,0	0	83,0
2428	23.08.2025 14:01:27,000	12,66	4,39	0,9	83,4	5,7	0	84,3
2429	23.08.2025 14:01:28,000	12,66	4,42	0,4	83,7	5,9	0	84,1
2430	23.08.2025 14:01:29,000	12,66	4,42	0,9	81,9	7,2	0	82,7
2431	23.08.2025 14:01:30,000	12,66	4,39	2,0	80,3	7,7	0	82,2
2432	23.08.2025 14:01:31,000	12,66	4,42	2,9	79,4	7,7	0	82,1
2433	23.08.2025 14:01:32,000	12,66	4,39	3,0	79,0	8,0	0	81,7
2434	23.08.2025 14:01:33,000	12,69	4,39	2,9	78,3	8,8	0	81,0
2435	23.08.2025 14:01:34,000	12,69	4,39	3,1	78,6	8,3	0	81,4
2436	23.08.2025 14:01:35,000	12,69	4,39	2,6	79,7	7,7	0	82,1
2437	23.08.2025 14:01:36,000	12,69	4,39	1,5	80,8	7,7	0	82,2
2438	23.08.2025 14:01:37,000	12,69	4,42	1,9	80,7	7,4	0	82,4
2439	23.08.2025 14:01:38,000	12,69	4,39	1,2	82,2	6,7	0	83,3
2440	23.08.2025 14:01:39,000	12,69	4,39	1,1	82,2	6,7	0	83,3
2441	23.08.2025 14:01:40,000	12,69	4,42	0,6	82,6	6,8	0	83,1
2442	23.08.2025 14:01:41,000	12,69	4,39	0,6	83,7	5,7	0	84,3
2443	23.08.2025 14:01:42,000	12,69	4,39	0,5	82,4	7,1	0	82,9
2444	23.08.2025 14:01:43,000	12,69	4,39	0,3	82,7	7,0	0	83,0
2445	23.08.2025 14:01:44,000	12,69	4,39	1,8	81,8	6,4	0	83,5
2446	23.08.2025 14:01:45,000	12,69	4,39	1,7	82,3	6,1	0	83,8
2447	23.08.2025 14:01:46,000	12,69	4,39	0,6	81,4	8,0	0	81,9
2448	23.08.2025 14:01:47,000	12,69	4,39	2,1	81,2	6,7	0	83,1
2449	23.08.2025 14:01:48,000	12,69	4,39	1,3	83,2	5,5	0	84,4
2450	23.08.2025 14:01:49,000	12,72	4,40	0,2	82,1	7,7	0	82,3
2451	23.08.2025 14:01:50,000	12,72	4,42	1,0	82,5	6,5	0	83,4
2452	23.08.2025 14:01:51,000	12,72	4,40	0,7	83,0	6,3	0	83,7
2453	23.08.2025 14:01:52,000	12,72	4,40	1,3	82,5	6,2	0	83,7
2454	23.08.2025 14:01:53,000	12,72	4,40	-0,5	81,7	7,8	0	82,2
2455	23.08.2025 14:01:54,000	12,72	4,40	1,8	82,2	6,0	0	83,9
2456	23.08.2025 14:01:55,000	12,72	4,37	0,8	82,5	6,7	0	83,3
2457	23.08.2025 14:01:56,000	12,72	4,37	0,4	82,4	7,2	0	82,7
2458	23.08.2025 14:01:57,000	12,72	4,40	1,0	83,2	5,9	0	84,1
2459	23.08.2025 14:01:58,000	12,72	4,40	1,4	82,1	6,5	0	83,4
2460	23.08.2025 14:01:59,000	12,72	4,40	0,1	82,6	7,3	0	82,7
2461	23.08.2025 14:02:00,000	12,76	4,40	1,3	82,8	5,9	0	84,0
2462	23.08.2025 14:02:01,000	12,76	4,40	-0,3	83,2	6,4	0	83,5
2463	23.08.2025 14:02:02,000	12,76	4,40	0,5	83,1	6,4	0	83,6
2464	23.08.2025 14:02:03,000	12,76	4,38	0,4	83,6	6,0	0	83,9
2465	23.08.2025 14:02:04,000	12,76	4,40	0,8	83,1	6,1	0	83,8
2466	23.08.2025 14:02:05,000	12,76	4,40	0,3	83,8	5,9	0	84,1
2467	23.08.2025 14:02:06,000	12,76	4,40	-0,4	82,9	6,8	0	83,2
2468	23.08.2025 14:02:07,000	12,76	4,40	1,4	83,0	5,6	0	84,3
2469	23.08.2025 14:02:08,000	12,76	4,38	-0,1	83,2	6,6	0	83,4
2470	23.08.2025 14:02:09,000	12,76	4,40	0,2	82,4	7,4	0	82,6
2471	23.08.2025 14:02:10,000	12,76	4,40	1,5	83,2	5,3	0	84,6
2472	23.08.2025 14:02:11,000	12,76	4,40	0,3	83,4	6,3	0	83,7
2473	23.08.2025 14:02:12,000	12,76	4,40	0,2	82,7	7,1	0	82,9
2474	23.08.2025 14:02:13,000	12,76	4,40	1,2	83,0	5,8	0	84,1
2475	23.08.2025 14:02:14,000	12,76	4,40	0,4	83,6	6,1	0	83,9
2476	23.08.2025 14:02:15,000	12,79	4,40	0,2	83,0	6,9	0	83,1
2477	23.08.2025 14:02:16,000	12,79	4,40	0,3	83,6	6,1	0	83,9
2478	23.08.2025 14:02:17,000	12,79	4,40	0,8	83,8	5,4	0	84,6
2479	23.08.2025 14:02:18,000	12,79	4,40	0,4	83,2	6,5	0	83,5
2480	23.08.2025 14:02:19,000	12,79	4,40	-0,2	83,7	6,0	0	83,9
2481	23.08.2025 14:02:20,000	12,79	4,40	0,7	83,4	5,9	0	84,0
2482	23.08.2025 14:02:21,000	12,79	4,40	0,1	84,0	6,0	0	84,0
2483	23.08.2025 14:02:22,000	12,79	4,40	0,1	82,9	7,0	0	83,0
2484	23.08.2025 14:02:23,000	12,79	4,40	1,3	83,3	5,4	0	84,5
2485	23.08.2025 14:02:24,000	12,79	4,40	0,3	82,9	6,9	0	83,1
2486	23.08.2025 14:02:25,000	12,79	4,40	1,1	83,1	5,8	0	84,1
2487	23.08.2025 14:02:26,000	12,79	4,40	0,3	83,4	6,2	0	83,8
2488	23.08.2025 14:02:27,000	12,82	4,41	0,5	82,3	7,1	0	82,8
2489	23.08.2025 14:02:28,000	12,82	4,41	1,0	83,2	5,8	0	84,1
2490	23.08.2025 14:02:29,000	12,82	4,41	0,4	83,9	5,7	0	84,3
2491	23.08.2025 14:02:30,000	12,82	4,38	0,0	83,7	6,2	0	83,8
2492	23.08.2025 14:02:31,000	12,82	4,41	-0,7	83,5	5,8	0	84,1
2493	23.08.2025 14:02:32,000	12,82	4,38	0,5	84,7	4,8	0	85,2
2494	23.08.2025 14:02:33,000	12,82	4,38	-0,6	83,3	6,1	0	83,8
2495	23.08.2025 14:02:34,000	12,82	4,41	0,0	83,5	6,5	0	83,5
2496	23.08.2025 14:02:35,000	12,82	4,38	0,6	84,2	5,2	0	84,7
2497	23.08.2025 14:02:36,000	12,82	4,41	1,1	82,4	6,5	0	83,4
2498	23.08.2025 14:02:37,000	12,82	4,41	0,4	82,4	7,2	0	82,8
2499	23.08.2025 14:02:38,000	12,82	4,38	0,8	83,9	5,4	0	84,6
2500	23.08.2025 14:02:39,000	12,85	4,39	-0,1	83,6	6,3	0	83,7
2501	23.08.2025 14:02:40,000	12,85	4,39	0,6	83,5	5,9	0	84,1
2502	23.08.2025 14:02:41,000	12,85	4,39	-0,1	84,6	5,3	0	84,7
2503	23.08.2025 14:02:42,000	12,85	4,41	0,4	83,1	6,5	0	83,5
2504	23.08.2025 14:02:43,000	12,85	4,39	0,2	84,4	5,5	0	84,5
2505	23.08.2025 14:02:44,000	12,85	4,39	-0,1	84,0	6,0	0	84,0
2506	23.08.2025 14:02:45,000	12,85	4,41	0,7	83,4	6,0	0	84,0
2507	23.08.2025 14:02:46,000	12,85	4,41	-0,3	83,2	6,5	0	83,5
2508	23.08.2025 14:02:47,000	12,85	4,39	0,8	83,6	5,6	0	84,4
2509	23.08.2025 14:02:48,000	12,85	4,41	-0,3	83,5	6,2	0	83,8
2510	23.08.2025 14:02:49,000	12,88	4,41	1,3	82,4	6,3	0	83,6
2511	23.08.2025 14:02:50,000	12,88	4,41	0,7	82,7	6,5	0	83,4
2512	23.08.2025 14:02:51,000	12,88	4,41	1,0	82,5	6,5	0	83,4
2513	23.08.2025 14:02:52,000	12,88	4,39	0,5	82,3	7,2	0	82,7
2514	23.08.2025 14:02:53,000	12,88	4,37	1,5	82,2	6,3	0	83,6
2515	23.08.2025 14:02:54,000	12,88	4,39	1,3	82,5	6,2	0	83,7
2516	23.08.2025 14:02:55,000	12,88	4,41	0,5	82,7	6,8	0	83,1
2517	23.08.2025 14:02:56,000	12,88	4,39	0,4	82,4	7,3	0	82,7
2518	23.08.2025 14:02:57,000	12,88	4,39	1,3	83,3	5,4	0	84,5
2519	23.08.2025 14:02:58,000	12,88	4,39	1,2	82,9	5,8	0	84,1
2520	23.08.2025 14:02:59,000	12,88	4,39	-0,4	81,7	7,9	0	82,1
2521	23.08.2025 14:03:00,000	12,88	4,39	1,5	82,0	6,5	0	83,4
2522	23.08.2025 14:03:01,000	12,91	4,39	1,8	83,5	4,7	0	85,2
2523	23.08.2025 14:03:02,000	12,91	4,39	-0,2	82,0	7,8	0	82,2
2524	23.08.2025 14:03:03,000	12,91	4,42	0,7	81,8	7,4	0	82,5
2525	23.08.2025 14:03:04,000	12,91	4,37	2,2	82,3	5,5	0	84,4
2526	23.08.2025 14:03:05,000	12,91	4,39	0,5	82,7	6,8	0	83,2
2527	23.08.2025 14:03:06,000	12,91	4,39	0,2	82,7	7,1	0	82,9
2528	23.08.2025 14:03:07,000	12,91	4,39	1,0	82,3	6,7	0	83,2
2529	23.08.2025 14:03:08,000	12,91	4,39	1,9	82,9	5,2	0	84,7
2530	23.08.2025 14:03:09,000	12,91	4,39	-0,1	83,0	6,9	0	83,1
2531	23.08.2025 14:03:10,000	12,91	4,39	0,0	82,1	7,9	0	82,1
2532	23.08.2025 14:03:11,000	12,91	4,39	1,8	83,5	4,6	0	85,3
2533	23.08.2025 14:03:12,000	12,91	4,42	0,2	83,0	6,8	0	83,2
2534	23.08.2025 14:03:13,000	12,94	4,40	0,6	82,9	6,5	0	83,5
2535	23.08.2025 14:03:14,000	12,94	4,42	-0,1	83,9	5,9	0	84,1
2536	23.08.2025 14:03:15,000	12,94	4,40	0,7	83,1	6,3	0	83,7
2537	23.08.2025 14:03:16,000	12,94	4,40	0,7	82,9	6,4	0	83,5
2538	23.08.2025 14:03:17,000	12,94	4,40	1,1	83,0	5,9	0	84,0
2539	23.08.2025 14:03:18,000	12,94	4,40	0,3	83,5	6,2	0	83,8
2540	23.08.2025 14:03:19,000	12,94	4,40	0,5	82,7	6,8	0	83,2
2541	23.08.2025 14:03:20,000	12,94	4,40	0,8	82,8	6,5	0	83,5
2542	23.08.2025 14:03:21,000	12,94	4,40	1,1	82,8	6,1	0	83,9
2543	23.08.2025 14:03:22,000	12,94	4,40	0,6	83,1	6,3	0	83,7
2544	23.08.2025 14:03:23,000	12,94	4,40	0,3	82,1	7,6	0	82,3
2545	23.08.2025 14:03:24,000	12,94	4,40	1,7	81,5	6,8	0	83,1
2546	23.08.2025 14:03:25,000	12,94	4,40	1,5	83,0	5,5	0	84,4
2547	23.08.2025 14:03:26,000	12,94	4,37	0,4	82,7	6,9	0	83,1
2548	23.08.2025 14:03:27,000	12,94	4,40	0,2	83,0	6,8	0	83,2
2549	23.08.2025 14:03:28,000	12,94	4,40	2,2	82,8	5,0	0	84,9
2550	23.08.2025 14:03:29,000	12,94	4,40	-0,6	82,9	6,6	0	83,4
2551	23.08.2025 14:03:30,000	12,94	4,40	0,7	83,2	6,1	0	83,8
2552	23.08.2025 14:03:31,000	12,94	4,40	0,1	83,8	6,1	0	83,9
2553	23.08.2025 14:03:32,000	12,98	4,40	0,8	83,5	5,7	0	84,3
2554	23.08.2025 14:03:33,000	12,98	4,40	0,4	83,7	5,9	0	84,1
2555	23.08.2025 14:03:34,000	12,98	4,40	-0,3	82,6	7,1	0	82,9
2556	23.08.2025 14:03:35,000	12,98	4,40	0,9	83,1	6,0	0	83,9
2557	23.08.2025 14:03:36,000	12,98	4,40	1,2	83,3	5,5	0	84,5
2558	23.08.2025 14:03:37,000	12,98	4,40	-0,2	82,6	7,2	0	82,8
2559	23.08.2025 14:03:38,000	12,98	4,40	1,0	82,5	6,4	0	83,5
2560	23.08.2025 14:03:39,000	12,98	4,40	0,4	83,7	5,8	0	84,1
2561	23.08.2025 14:03:40,000	12,98	4,40	0,0	84,0	6,0	0	84,0
2562	23.08.2025 14:03:41,000	12,98	4,40	-0,5	82,1	7,4	0	82,6
2563	23.08.2025 14:03:42,000	12,98	4,40	1,5	83,8	4,7	0	85,2
2564	23.08.2025 14:03:43,000	12,98	4,40	-0,4	83,7	5,9	0	84,1
2565	23.08.2025 14:03:44,000	12,98	4,38	-0,5	82,6	6,8	0	83,1
2566	23.08.2025 14:03:45,000	12,98	4,40	0,9	82,9	6,2	0	83,8
2567	23.08.2025 14:03:46,000	12,98	4,40	0,8	83,3	5,9	0	84,1
2568	23.08.2025 14:03:47,000	12,98	4,38	1,0	82,8	6,2	0	83,8
2569	23.08.2025 14:03:48,000	12,98	4,40	-0,1	82,0	7,9	0	82,1
2570	23.08.2025 14:03:49,000	12,98	4,40	1,7	82,3	6,0	0	83,9
2571	23.08.2025 14:03:50,000	13,01	4,40	0,7	82,5	6,7	0	83,2
2572	23.08.2025 14:03:51,000	13,01	4,40	1,3	81,9	6,8	0	83,1
2573	23.08.2025 14:03:52,000	13,01	4,40	1,0	82,7	6,3	0	83,6
2574	23.08.2025 14:03:53,000	13,01	4,38	0,8	81,8	7,4	0	82,5
2575	23.08.2025 14:03:54,000	13,01	4,40	1,2	83,4	5,4	0	84,5
2576	23.08.2025 14:03:55,000	13,01	4,38	0,0	83,0	6,9	0	83,1
2577	23.08.2025 14:03:56,000	13,01	4,40	0,4	82,7	6,9	0	83,1
2578	23.08.2025 14:03:57,000	13,01	4,40	1,3	83,9	4,9	0	85,1
2579	23.08.2025 14:03:58,000	13,01	4,38	-0,1	83,5	6,4	0	83,6
2580	23.08.2025 14:03:59,000	13,01	4,40	1,3	82,3	6,5	0	83,5
2581	23.08.2025 14:04:00,000	13,01	4,38	0,7	81,9	7,3	0	82,6
2582	23.08.2025 14:04:01,000	13,01	4,38	1,3	83,2	5,5	0	84,4
2583	23.08.2025 14:04:02,000	13,04	4,38	0,6	83,1	6,3	0	83,7
2584	23.08.2025 14:04:03,000	13,04	4,38	0,5	81,0	8,5	0	81,5
2585	23.08.2025 14:04:04,000	13,04	4,41	2,2	81,5	6,4	0	83,5
2586	23.08.2025 14:04:05,000	13,04	4,41	1,1	82,4	6,5	0	83,4
2587	23.08.2025 14:04:06,000	13,04	4,38	1,3	81,6	7,1	0	82,8
2588	23.08.2025 14:04:07,000	13,04	4,38	0,7	82,5	6,8	0	83,2
2589	23.08.2025 14:04:08,000	13,04	4,38	1,4	82,6	6,0	0	83,9
2590	23.08.2025 14:04:09,000	13,04	4,38	-0,3	82,1	7,5	0	82,4
2591	23.08.2025 14:04:10,000	13,04	4,41	1,3	83,1	5,5	0	84,4
2592	23.08.2025 14:04:11,000	13,04	4,38	0,1	83,2	6,8	0	83,2
2593	23.08.2025 14:04:12,000	13,04	4,41	0,8	84,2	4,9	0	85,0
2594	23.08.2025 14:04:13,000	13,07	4,38	-0,6	81,9	7,4	0	82,5
2595	23.08.2025 14:04:14,000	13,07	4,38	0,9	82,8	6,3	0	83,7
2596	23.08.2025 14:04:15,000	13,07	4,38	1,2	83,5	5,3	0	84,6
2597	23.08.2025 14:04:16,000	13,07	4,38	-0,2	83,1	6,8	0	83,2
2598	23.08.2025 14:04:17,000	13,07	4,38	0,5	82,4	7,0	0	82,9
2599	23.08.2025 14:04:18,000	13,07	4,41	1,6	82,8	5,6	0	84,4
2600	23.08.2025 14:04:19,000	13,07	4,41	0,5	83,3	6,1	0	83,9
2601	23.08.2025 14:04:20,000	13,07	4,41	-0,1	82,6	7,3	0	82,7
2602	23.08.2025 14:04:21,000	13,07	4,38	1,7	82,0	6,3	0	83,5
2603	23.08.2025 14:04:22,000	13,07	4,41	1,3	82,6	6,1	0	83,8
2604	23.08.2025 14:04:23,000	13,07	4,41	0,4	82,5	7,1	0	82,9
2605	23.08.2025 14:04:24,000	13,07	4,41	1,8	81,9	6,3	0	83,6
2606	23.08.2025 14:04:25,000	13,07	4,38	0,7	82,7	6,6	0	83,3
2607	23.08.2025 14:04:26,000	13,10	4,41	1,3	83,0	5,7	0	84,2
2608	23.08.2025 14:04:27,000	13,10	4,41	0,2	82,9	6,9	0	83,1
2609	23.08.2025 14:04:28,000	13,10	4,39	0,5	82,8	6,7	0	83,3
2610	23.08.2025 14:04:29,000	13,10	4,39	1,2	83,6	5,2	0	84,7
2611	23.08.2025 14:04:30,000	13,10	4,39	-0,1	84,1	5,7	0	84,3
2612	23.08.2025 14:04:31,000	13,10	4,39	-70,8	-7,4	11,8	1	84,3
2613	23.08.2025 14:04:32,000	13,10	4,39	-9,9	19,5	60,6	0	21,6
2614	23.08.2025 14:04:33,000	13,10	4,41	3,0	28,8	58,2	0	29,8
2615	23.08.2025 14:04:34,000	13,10	4,41	3,5	41,0	45,5	0	42,6
2616	23.08.2025 14:04:35,000	13,13	4,39	-29,3	29,1	31,6	0	42,9
2617	23.08.2025 14:04:36,000	13,13	4,41	-46,0	38,1	-5,9	0	99,5
2618	23.08.2025 14:04:37,000	13,13	4,39	-9,9	73,0	7,1	0	82,4
2619	23.08.2025 14:04:38,000	13,13	4,37	-11,2	71,4	7,4	0	82,0
2620	23.08.2025 14:04:39,000	13,13	4,39	-10,4	71,8	7,8	0	81,6
2621	23.08.2025 14:04:40,000	13,13	4,39	-10,2	71,1	8,7	0	80,6
2622	23.08.2025 14:04:41,000	13,13	4,39	-9,2	73,0	7,8	0	81,6
2623	23.08.2025 14:04:42,000	13,16	4,39	-11,4	71,2	7,5	0	81,9
2624	23.08.2025 14:04:43,000	13,16	4,39	-10,5	71,1	8,4	0	80,9
2625	23.08.2025 14:04:44,000	13,16	4,39	-10,0	72,2	7,8	0	81,6
2626	23.08.2025 14:04:45,000	13,16	4,39	-11,1	71,3	7,6	0	81,7
2627	23.08.2025 14:04:46,000	13,16	4,39	-9,2	72,8	8,0	0	81,4
2628	23.08.2025 14:04:47,000	13,16	4,39	-10,4	73,3	6,4	0	83,2
2629	23.08.2025 14:04:48,000	13,16	4,39	-11,7	71,0	7,3	0	82,1
2630	23.08.2025 14:04:49,000	13,16	4,39	-9,9	72,6	7,6	0	81,9
2631	23.08.2025 14:04:50,000	13,20	4,40	-9,9	73,0	7,1	0	82,4
2632	23.08.2025 14:04:51,000	13,20	4,37	-10,1	72,6	7,4	0	82,1
2633	23.08.2025 14:04:52,000	13,20	4,40	-12,1	70,6	7,3	0	82,1
2634	23.08.2025 14:04:53,000	13,20	4,40	-8,5	74,8	6,7	0	82,8
2635	23.08.2025 14:04:54,000	13,20	4,37	-12,0	70,9	7,1	0	82,3
2636	23.08.2025 14:04:55,000	13,20	4,37	-10,8	71,2	8,1	0	81,2
2637	23.08.2025 14:04:56,000	13,20	4,37	-9,2	73,5	7,3	0	82,2
2638	23.08.2025 14:04:57,000	13,20	4,37	-10,3	71,4	8,2	0	81,1
2639	23.08.2025 14:04:58,000	13,20	4,40	-10,7	71,3	8,0	0	81,3
2640	23.08.2025 14:04:59,000	13,20	4,37	-11,0	70,3	8,8	0	80,4
2641	23.08.2025 14:05:00,000	13,20	4,40	-10,1	71,3	8,6	0	80,7
2642	23.08.2025 14:05:01,000	13,20	4,37	-9,8	72,1	8,2	0	81,2
2643	23.08.2025 14:05:02,000	13,20	4,40	-11,3	70,9	7,8	0	81,5
2644	23.08.2025 14:05:03,000	13,23	4,40	-10,5	71,7	7,8	0	81,5
2645	23.08.2025 14:05:04,000	13,23	4,38	-9,5	72,1	8,4	0	81,0
2646	23.08.2025 14:05:05,000	13,23	4,40	-10,6	71,5	7,9	0	81,4
2647	23.08.2025 14:05:06,000	13,23	4,40	-10,4	72,1	7,6	0	81,8
2648	23.08.2025 14:05:07,000	13,23	4,38	-10,3	72,0	7,7	0	81,7
2649	23.08.2025 14:05:08,000	13,23	4,40	-9,9	71,4	8,6	0	80,7
2650	23.08.2025 14:05:09,000	13,23	4,40	-10,8	71,6	7,6	0	81,8
2651	23.08.2025 14:05:10,000	13,23	4,40	-9,8	72,6	7,6	0	81,8
2652	23.08.2025 14:05:11,000	13,23	4,38	-11,3	71,9	6,8	0	82,6
2653	23.08.2025 14:05:12,000	13,23	4,40	-10,1	72,2	7,7	0	81,7
2654	23.08.2025 14:05:13,000	13,23	4,40	-10,6	71,2	8,2	0	81,1
2655	23.08.2025 14:05:14,000	13,26	4,40	-10,5	72,5	7,0	0	82,5
2656	23.08.2025 14:05:15,000	13,26	4,38	-10,0	72,3	7,7	0	81,7
2657	23.08.2025 14:05:16,000	13,26	4,40	-10,5	71,5	8,0	0	81,3
2658	23.08.2025 14:05:17,000	13,26	4,38	-11,0	71,7	7,3	0	82,1
2659	23.08.2025 14:05:18,000	13,26	4,38	-9,4	73,2	7,4	0	82,0
2660	23.08.2025 14:05:19,000	13,26	4,40	-12,0	70,5	7,4	0	81,9
2661	23.08.2025 14:05:20,000	13,26	4,40	-9,9	72,3	7,7	0	81,7
2662	23.08.2025 14:05:21,000	13,26	4,40	-9,2	73,5	7,2	0	82,2
2663	23.08.2025 14:05:22,000	13,26	4,38	-11,3	71,1	7,6	0	81,8
2664	23.08.2025 14:05:23,000	13,26	4,40	-11,1	71,0	7,8	0	81,5
2665	23.08.2025 14:05:24,000	13,29	4,38	-8,9	73,3	7,8	0	81,6
2666	23.08.2025 14:05:25,000	13,29	4,38	-11,1	71,7	7,3	0	82,1
2667	23.08.2025 14:05:26,000	13,29	4,38	-10,5	72,1	7,5	0	82,0
2668	23.08.2025 14:05:27,000	13,29	4,38	-12,6	68,5	8,9	0	80,2
2669	23.08.2025 14:05:28,000	13,29	4,41	-11,0	74,6	4,5	0	85,3
2670	23.08.2025 14:05:29,000	13,29	4,38	-51,5	5,3	-33,2	0	170,4
2671	23.08.2025 14:05:30,000	13,29	4,38	-55,1	1,9	-33,0	0	176,5
2672	23.08.2025 14:05:31,000	13,29	4,38	-56,1	1,5	-32,4	0	177,2
2673	23.08.2025 14:05:32,000	13,29	4,38	-60,6	0,9	-28,6	0	178,2
2674	23.08.2025 14:05:33,000	13,32	4,39	-47,3	0,1	-42,6	0	179,8
2675	23.08.2025 14:05:34,000	13,32	4,39	-60,5	0,8	-28,7	1	178,3
2676	23.08.2025 14:05:35,000	13,32	4,39	-56,6	1,1	-32,3	0	178,0
2677	23.08.2025 14:05:36,000	13,32	4,41	-55,8	1,4	-32,8	0	177,5
2678	23.08.2025 14:05:37,000	13,32	4,41	-59,2	1,5	-29,3	0	176,9
2679	23.08.2025 14:05:38,000	13,32	4,41	-57,3	1,5	-31,3	0	177,2
2680	23.08.2025 14:05:39,000	13,32	4,39	-59,0	-0,3	-30,7	0	-179,5
2681	23.08.2025 14:05:40,000	13,35	4,41	-58,8	1,1	-30,1	1	177,9
2682	23.08.2025 14:05:41,000	13,35	4,39	-55,9	-0,3	-33,8	0	-179,4
2683	23.08.2025 14:05:42,000	13,35	4,39	-47,0	-16,8	-26,3	1	-146,7
2684	23.08.2025 14:05:43,000	13,35	4,39	-8,1	38,3	-43,6	0	138,0
2685	23.08.2025 14:05:44,000	13,35	4,39	4,7	10,2	-75,1	0	169,3
2686	23.08.2025 14:05:45,000	13,38	4,39	4,1	6,9	-79,0	0	172,8
2687	23.08.2025 14:05:46,000	13,38	4,39	5,1	7,6	-77,2	0	172,0
2688	23.08.2025 14:05:47,000	13,38	4,42	4,0	6,8	-79,2	0	172,9
2689	23.08.2025 14:05:48,000	13,38	4,39	5,8	7,0	-77,2	0	172,6
2690	23.08.2025 14:05:49,000	13,38	4,39	3,6	6,7	-79,7	0	173,1
2691	23.08.2025 14:05:50,000	13,38	4,39	5,1	6,3	-78,5	0	173,4
2692	23.08.2025 14:05:51,000	13,38	4,39	4,5	8,2	-77,3	0	171,4
2693	23.08.2025 14:05:52,000	13,38	4,39	5,1	7,4	-77,5	0	172,3
2694	23.08.2025 14:05:53,000	13,38	4,39	4,9	7,1	-78,0	0	172,6
2695	23.08.2025 14:05:54,000	13,38	4,39	4,4	7,4	-78,2	0	172,3
2696	23.08.2025 14:05:55,000	13,38	4,39	4,7	7,2	-78,1	0	172,5
2697	23.08.2025 14:05:56,000	13,38	4,39	5,9	7,0	-77,1	0	172,7
2698	23.08.2025 14:05:57,000	13,38	4,37	3,5	6,6	-79,9	0	173,2
2699	23.08.2025 14:05:58,000	13,38	4,39	4,9	6,9	-78,2	0	172,8
2700	23.08.2025 14:05:59,000	13,38	4,39	5,2	7,8	-77,0	0	171,9
2701	23.08.2025 14:06:00,000	13,42	4,40	4,5	6,5	-79,0	0	173,3
2702	23.08.2025 14:06:01,000	13,42	4,40	4,4	7,6	-78,0	0	172,1
2703	23.08.2025 14:06:02,000	13,42	4,40	5,5	7,3	-77,2	0	172,4
2704	23.08.2025 14:06:03,000	13,42	4,40	4,0	6,5	-79,4	0	173,2
2705	23.08.2025 14:06:04,000	13,42	4,40	5,2	6,5	-78,3	0	173,2
2706	23.08.2025 14:06:05,000	13,42	4,37	4,3	7,1	-78,6	0	172,6
2707	23.08.2025 14:06:06,000	13,42	4,37	4,7	7,7	-77,7	0	172,0
2708	23.08.2025 14:06:07,000	13,42	4,40	5,2	6,6	-78,2	0	173,1
2709	23.08.2025 14:06:08,000	13,42	4,40	4,7	6,6	-78,6	0	173,1
2710	23.08.2025 14:06:09,000	13,42	4,37	4,3	6,6	-79,1	0	173,1
2711	23.08.2025 14:06:10,000	13,42	4,40	5,0	8,0	-77,0	0	171,6
2712	23.08.2025 14:06:11,000	13,42	4,40	4,6	6,8	-78,5	0	172,9
2713	23.08.2025 14:06:12,000	13,42	4,40	5,4	7,4	-77,1	0	172,2
2714	23.08.2025 14:06:13,000	13,45	4,40	3,0	7,2	-79,8	0	172,6
2715	23.08.2025 14:06:14,000	13,45	4,40	5,2	7,2	-77,6	0	172,5
2716	23.08.2025 14:06:15,000	13,45	4,37	5,3	7,2	-77,6	0	172,5
2717	23.08.2025 14:06:16,000	13,45	4,40	4,0	7,5	-78,5	0	172,2
2718	23.08.2025 14:06:17,000	13,45	4,40	4,6	7,1	-78,3	0	172,7
2719	23.08.2025 14:06:18,000	13,45	4,40	4,8	7,0	-78,2	0	172,7
2720	23.08.2025 14:06:19,000	13,45	4,40	5,0	7,0	-77,9	0	172,7
2721	23.08.2025 14:06:20,000	13,45	4,40	3,4	8,2	-78,3	0	171,5
2722	23.08.2025 14:06:21,000	13,45	4,37	5,7	6,3	-78,0	0	173,4
2723	23.08.2025 14:06:22,000	13,45	4,40	4,2	7,7	-78,1	0	172,0
2724	23.08.2025 14:06:23,000	13,45	4,40	4,1	6,7	-79,2	0	173,1
2725	23.08.2025 14:06:24,000	13,45	4,37	5,6	7,5	-76,9	0	172,1
2726	23.08.2025 14:06:25,000	13,45	4,40	4,3	6,9	-78,8	0	172,8
2727	23.08.2025 14:06:26,000	13,45	4,40	4,1	8,5	-77,5	0	171,2
2728	23.08.2025 14:06:27,000	13,45	4,40	5,7	6,4	-77,9	0	173,3
2729	23.08.2025 14:06:28,000	13,45	4,40	4,5	7,2	-78,2	0	172,5
2730	23.08.2025 14:06:29,000	13,45	4,37	4,0	6,7	-79,3	0	173,0
2731	23.08.2025 14:06:30,000	13,48	4,38	4,9	8,2	-77,0	0	171,5
2732	23.08.2025 14:06:31,000	13,48	4,38	5,3	6,9	-77,8	0	172,8
2733	23.08.2025 14:06:32,000	13,48	4,40	5,0	6,8	-78,2	0	172,9
2734	23.08.2025 14:06:33,000	13,48	4,40	3,8	7,3	-78,9	0	172,5
2735	23.08.2025 14:06:34,000	13,48	4,38	5,2	7,0	-77,7	0	172,7
2736	23.08.2025 14:06:35,000	13,48	4,40	5,3	6,6	-78,1	0	173,1
2737	23.08.2025 14:06:36,000	13,48	4,40	4,4	6,8	-78,8	0	172,9
2738	23.08.2025 14:06:37,000	13,48	4,40	4,0	7,9	-78,1	0	171,8
2739	23.08.2025 14:06:38,000	13,48	4,40	5,9	7,7	-76,4	0	171,9
2740	23.08.2025 14:06:39,000	13,48	4,40	5,3	6,5	-78,1	0	173,2
2741	23.08.2025 14:06:40,000	13,48	4,38	2,5	8,9	-78,6	0	170,9
2742	23.08.2025 14:06:41,000	13,48	4,40	5,3	7,4	-77,3	0	172,3
2743	23.08.2025 14:06:42,000	13,48	4,40	5,4	7,7	-76,9	0	172,0
2744	23.08.2025 14:06:43,000	13,48	4,38	4,4	6,8	-78,7	0	172,9
2745	23.08.2025 14:06:44,000	13,48	4,38	3,6	7,4	-79,0	0	172,4
2746	23.08.2025 14:06:45,000	13,51	4,38	6,3	7,5	-76,2	0	172,1
2747	23.08.2025 14:06:46,000	13,51	4,38	4,9	6,7	-78,4	0	173,0
2748	23.08.2025 14:06:47,000	13,51	4,38	3,7	6,3	-80,1	0	173,5
2749	23.08.2025 14:06:48,000	13,51	4,40	5,2	7,0	-77,9	0	172,7
2750	23.08.2025 14:06:49,000	13,51	4,38	5,2	7,0	-77,8	0	172,6
2751	23.08.2025 14:06:50,000	13,51	4,36	4,2	7,4	-78,3	0	172,3
2752	23.08.2025 14:06:51,000	13,51	4,38	4,8	7,7	-77,5	0	172,0
2753	23.08.2025 14:06:52,000	13,51	4,38	4,8	7,1	-78,0	0	172,6
2754	23.08.2025 14:06:53,000	13,51	4,38	4,2	7,9	-77,9	0	171,8
2755	23.08.2025 14:06:54,000	13,51	4,38	5,1	7,7	-77,2	0	172,0
2756	23.08.2025 14:06:55,000	13,51	4,38	4,5	7,5	-78,0	0	172,2
2757	23.08.2025 14:06:56,000	13,51	4,40	4,4	7,7	-77,9	0	171,9
2758	23.08.2025 14:06:57,000	13,54	4,38	4,7	7,4	-77,9	0	172,3
2759	23.08.2025 14:06:58,000	13,54	4,38	4,6	7,6	-77,7	0	172,0
2760	23.08.2025 14:06:59,000	13,54	4,36	5,1	7,6	-77,3	0	172,0
2761	23.08.2025 14:07:00,000	13,54	4,38	3,8	7,6	-78,6	0	172,1
2762	23.08.2025 14:07:01,000	13,54	4,38	5,6	6,2	-78,2	0	173,5
2763	23.08.2025 14:07:02,000	13,54	4,38	4,2	8,3	-77,5	0	171,4
2764	23.08.2025 14:07:03,000	13,54	4,38	4,4	7,1	-78,6	0	172,7
2765	23.08.2025 14:07:04,000	13,54	4,38	5,7	7,2	-77,1	0	172,4
2766	23.08.2025 14:07:05,000	13,54	4,38	4,5	6,8	-78,8	0	173,0
2767	23.08.2025 14:07:06,000	13,54	4,38	3,9	6,7	-79,5	0	173,1
2768	23.08.2025 14:07:07,000	13,54	4,38	5,5	6,8	-77,8	0	172,9
2769	23.08.2025 14:07:08,000	13,57	4,39	4,3	7,7	-78,0	0	172,0
2770	23.08.2025 14:07:09,000	13,57	4,39	4,7	5,7	-79,6	0	174,0
2771	23.08.2025 14:07:10,000	13,57	4,39	5,2	6,9	-78,0	0	172,8
2772	23.08.2025 14:07:11,000	13,57	4,39	4,3	6,9	-78,8	0	172,9
2773	23.08.2025 14:07:12,000	13,57	4,36	4,5	7,4	-78,0	0	172,3
2774	23.08.2025 14:07:13,000	13,57	4,36	5,1	6,2	-78,7	0	173,5
2775	23.08.2025 14:07:14,000	13,57	4,39	4,4	7,1	-78,5	0	172,6
2776	23.08.2025 14:07:15,000	13,57	4,36	4,3	7,9	-77,8	0	171,8
2777	23.08.2025 14:07:16,000	13,57	4,39	5,4	6,8	-77,8	0	172,9
2778	23.08.2025 14:07:17,000	13,57	4,39	4,7	7,3	-78,0	0	172,4
2779	23.08.2025 14:07:18,000	13,57	4,39	-9,6	8,3	-72,0	0	171,0
2780	23.08.2025 14:07:19,000	13,60	4,39	-55,7	1,5	-32,8	1	177,2
2781	23.08.2025 14:07:20,000	13,60	4,39	-47,4	-0,1	-42,6	0	-179,9
2782	23.08.2025 14:07:21,000	13,60	4,37	-43,5	3,3	-43,2	0	175,2
2783	23.08.2025 14:07:22,000	13,60	4,39	-48,1	3,7	-38,2	0	174,0
2784	23.08.2025 14:07:23,000	13,63	4,37	-51,2	2,4	-36,4	1	175,9
2785	23.08.2025 14:07:24,000	13,63	4,37	-48,6	0,9	-40,5	0	178,6
2786	23.08.2025 14:07:25,000	13,63	4,37	-41,3	-0,7	-48,0	0	-179,1
2787	23.08.2025 14:07:26,000	13,63	4,37	-52,0	3,5	-34,5	0	173,8
2788	23.08.2025 14:07:27,000	13,63	4,37	-52,2	3,6	-34,2	1	173,6
2789	23.08.2025 14:07:28,000	13,67	4,37	-46,5	3,8	-39,7	1	174,1
2790	23.08.2025 14:07:29,000	13,67	4,37	-52,9	1,7	-35,5	0	177,1
2791	23.08.2025 14:07:30,000	13,67	4,37	-51,1	3,0	-36,0	0	175,0
2792	23.08.2025 14:07:31,000	13,67	4,37	-51,1	2,6	-36,3	0	175,6
2793	23.08.2025 14:07:32,000	13,70	4,38	-48,4	2,2	-39,4	0	176,6
2794	23.08.2025 14:07:33,000	13,70	4,38	-46,6	2,8	-40,6	0	175,7
2795	23.08.2025 14:07:34,000	13,70	4,40	-48,7	3,0	-38,3	0	175,1
2796	23.08.2025 14:07:35,000	13,70	4,38	-46,9	3,2	-39,9	0	174,9
2797	23.08.2025 14:07:36,000	13,70	4,38	-48,0	2,3	-39,7	0	176,5
2798	23.08.2025 14:07:37,000	13,70	4,38	-51,1	2,0	-37,0	0	176,7
2799	23.08.2025 14:07:38,000	13,70	4,40	-49,5	2,8	-37,8	1	175,5
2800	23.08.2025 14:07:39,000	13,73	4,38	-49,6	1,2	-39,1	0	178,0
2801	23.08.2025 14:07:40,000	13,73	4,40	-48,3	2,5	-39,1	0	176,0
2802	23.08.2025 14:07:41,000	13,73	4,40	-51,7	2,1	-36,3	0	176,5
2803	23.08.2025 14:07:42,000	13,73	4,40	-49,3	3,8	-36,9	0	173,6
2804	23.08.2025 14:07:43,000	13,76	4,38	-42,0	2,4	-45,6	1	176,7
2805	23.08.2025 14:07:44,000	13,76	4,41	-41,3	4,3	-44,4	0	173,8
2806	23.08.2025 14:07:45,000	13,76	4,38	-43,7	5,2	-41,1	0	172,1
2807	23.08.2025 14:07:46,000	13,76	4,38	-48,7	1,9	-39,4	0	177,0
2808	23.08.2025 14:07:47,000	13,76	4,38	-47,0	3,7	-39,2	0	174,1
2809	23.08.2025 14:07:48,000	13,76	4,38	-42,7	4,4	-42,9	0	173,5
2810	23.08.2025 14:07:49,000	13,76	4,38	-38,7	-0,4	-50,9	0	-179,5
2811	23.08.2025 14:07:50,000	13,76	4,38	-37,6	4,7	-47,7	0	173,7
2812	23.08.2025 14:07:51,000	13,76	4,38	-2,8	61,2	-26,0	0	116,8
2813	23.08.2025 14:07:52,000	13,76	4,38	-1,4	60,5	-28,1	0	118,5
2814	23.08.2025 14:07:53,000	13,79	4,38	-2,5	60,3	-27,2	0	118,0
2815	23.08.2025 14:07:54,000	13,79	4,41	-1,0	59,7	-29,4	0	119,7
2816	23.08.2025 14:07:55,000	13,79	4,38	-1,9	59,9	-28,2	0	118,8
2817	23.08.2025 14:07:56,000	13,79	4,38	-1,4	60,7	-27,9	0	118,3
2818	23.08.2025 14:07:57,000	13,79	4,38	-0,8	58,9	-30,2	0	120,5
2819	23.08.2025 14:07:58,000	13,79	4,38	-1,8	59,1	-29,1	0	119,7
2820	23.08.2025 14:07:59,000	13,79	4,41	-1,6	59,4	-29,0	0	119,5
2821	23.08.2025 14:08:00,000	13,79	4,38	-1,8	59,6	-28,6	0	119,2
2822	23.08.2025 14:08:01,000	13,79	4,38	0,3	57,8	-31,9	0	122,0
2823	23.08.2025 14:08:02,000	13,79	4,38	-2,4	58,8	-28,8	0	119,6
2824	23.08.2025 14:08:03,000	13,79	4,38	-1,8	58,4	-29,9	0	120,5
2825	23.08.2025 14:08:04,000	13,79	4,38	-1,1	58,4	-30,5	0	120,9
2826	23.08.2025 14:08:05,000	13,79	4,38	-1,6	57,5	-30,9	0	121,5
2827	23.08.2025 14:08:06,000	13,79	4,38	-1,1	58,1	-30,8	0	121,2
2828	23.08.2025 14:08:07,000	13,79	4,38	-2,5	58,3	-29,2	0	120,0
2829	23.08.2025 14:08:08,000	13,79	4,41	-0,1	57,7	-32,2	0	122,2
2830	23.08.2025 14:08:09,000	13,79	4,41	-1,8	57,7	-30,5	0	121,1
2831	23.08.2025 14:08:10,000	13,79	4,38	-1,6	58,0	-30,5	0	121,0
2832	23.08.2025 14:08:11,000	13,79	4,38	-1,2	57,9	-31,0	0	121,4
2833	23.08.2025 14:08:12,000	13,79	4,38	-0,7	58,4	-30,9	0	121,1
2834	23.08.2025 14:08:13,000	13,79	4,38	-1,0	58,5	-30,5	0	120,9
2835	23.08.2025 14:08:14,000	13,82	4,36	-1,1	58,6	-30,3	0	120,7
2836	23.08.2025 14:08:15,000	13,82	4,39	0,1	57,6	-32,2	0	122,3
2837	23.08.2025 14:08:16,000	13,82	4,39	-1,8	58,4	-29,8	0	120,4
2838	23.08.2025 14:08:17,000	13,82	4,39	-0,6	58,6	-30,8	0	121,0
2839	23.08.2025 14:08:18,000	13,82	4,39	-1,1	58,7	-30,3	0	120,6
2840	23.08.2025 14:08:19,000	13,82	4,36	0,1	57,8	-32,2	0	122,2
2841	23.08.2025 14:08:20,000	13,82	4,39	-1,5	57,9	-30,6	0	121,1
2842	23.08.2025 14:08:21,000	13,82	4,39	-1,4	58,5	-30,0	0	120,5
2843	23.08.2025 14:08:22,000	13,82	4,39	0,0	57,6	-32,4	0	122,4
2844	23.08.2025 14:08:23,000	13,82	4,41	-1,6	57,4	-31,1	0	121,6
2845	23.08.2025 14:08:24,000	13,82	4,39	-1,2	57,0	-31,8	0	122,2
2846	23.08.2025 14:08:25,000	13,82	4,39	-1,9	56,6	-31,5	0	122,2
2847	23.08.2025 14:08:26,000	13,82	4,39	-0,8	58,2	-31,1	0	121,3
2848	23.08.2025 14:08:27,000	13,82	4,39	0,3	57,8	-31,9	0	122,1
2849	23.08.2025 14:08:28,000	13,82	4,39	-2,2	56,4	-31,4	0	122,2
2850	23.08.2025 14:08:29,000	13,82	4,36	-1,1	57,0	-31,9	0	122,3
2851	23.08.2025 14:08:30,000	13,82	4,39	-0,8	57,9	-31,3	0	121,6
2852	23.08.2025 14:08:31,000	13,85	4,39	-0,2	57,6	-32,2	0	122,3
2853	23.08.2025 14:08:32,000	13,85	4,39	-2,6	56,2	-31,3	0	122,2
2854	23.08.2025 14:08:33,000	13,85	4,39	-0,2	58,5	-31,3	0	121,3
2855	23.08.2025 14:08:34,000	13,85	4,39	-0,3	57,0	-32,7	0	122,8
2856	23.08.2025 14:08:35,000	13,85	4,39	-1,0	57,0	-32,0	0	122,3
2857	23.08.2025 14:08:36,000	13,85	4,39	-2,1	56,6	-31,3	0	122,0
2858	23.08.2025 14:08:37,000	13,85	4,39	-0,5	57,7	-31,8	0	122,0
2859	23.08.2025 14:08:38,000	13,85	4,37	-1,0	55,8	-33,1	0	123,5
2860	23.08.2025 14:08:39,000	13,85	4,39	-0,2	58,3	-31,5	0	121,6
2861	23.08.2025 14:08:40,000	13,85	4,39	-1,5	57,4	-31,1	0	121,6
2862	23.08.2025 14:08:41,000	13,85	4,39	-0,7	58,1	-31,2	0	121,4
2863	23.08.2025 14:08:42,000	13,85	4,37	0,3	56,6	-33,0	0	123,2
2864	23.08.2025 14:08:43,000	13,85	4,39	-1,2	57,3	-31,5	0	121,9
2865	23.08.2025 14:08:44,000	13,85	4,39	-1,5	59,0	-29,5	0	120,0
2866	23.08.2025 14:08:45,000	13,88	4,39	2,8	54,2	-33,0	0	124,0
2867	23.08.2025 14:08:46,000	13,88	4,37	-1,4	57,4	-31,1	0	121,6
2868	23.08.2025 14:08:47,000	13,88	4,39	-1,8	56,2	-32,1	0	122,7
2869	23.08.2025 14:08:48,000	13,88	4,39	-0,9	57,4	-31,7	0	122,0
2870	23.08.2025 14:08:49,000	13,88	4,39	1,1	54,1	-34,8	0	125,2
2871	23.08.2025 14:08:50,000	13,88	4,39	-2,9	56,0	-31,1	0	122,1
2872	23.08.2025 14:08:51,000	13,88	4,39	-1,2	56,5	-32,3	0	122,8
2873	23.08.2025 14:08:52,000	13,88	4,39	0,3	55,8	-34,0	0	124,1
2874	23.08.2025 14:08:53,000	13,88	4,39	-0,7	56,5	-32,8	0	123,0
2875	23.08.2025 14:08:54,000	13,88	4,37	-1,9	56,2	-31,9	0	122,6
2876	23.08.2025 14:08:55,000	13,88	4,37	-0,1	56,1	-33,8	0	123,9
2877	23.08.2025 14:08:56,000	13,88	4,39	-1,4	56,2	-32,4	0	122,9
2878	23.08.2025 14:08:57,000	13,88	4,39	-0,2	56,6	-33,2	0	123,3
2879	23.08.2025 14:08:58,000	13,91	4,37	-0,8	55,7	-33,5	0	123,8
2880	23.08.2025 14:08:59,000	13,91	4,37	-2,0	55,9	-32,1	0	122,8
2881	23.08.2025 14:09:00,000	13,91	4,40	-0,7	55,1	-34,2	0	124,5
2882	23.08.2025 14:09:01,000	13,91	4,40	-1,1	56,4	-32,5	0	122,9
2883	23.08.2025 14:09:02,000	13,91	4,37	-1,1	56,6	-32,4	0	122,7
2884	23.08.2025 14:09:03,000	13,91	4,37	-1,2	54,9	-33,8	0	124,3
2885	23.08.2025 14:09:04,000	13,91	4,37	-0,3	56,3	-33,4	0	123,5
2886	23.08.2025 14:09:05,000	13,91	4,37	-2,4	54,9	-32,8	0	123,6
2887	23.08.2025 14:09:06,000	13,91	4,37	0,8	55,3	-33,8	0	124,1
2888	23.08.2025 14:09:07,000	13,91	4,37	-1,7	56,1	-32,2	0	122,8
2889	23.08.2025 14:09:08,000	13,91	4,37	0,1	56,9	-33,0	0	123,0
2890	23.08.2025 14:09:09,000	13,91	4,37	-0,5	56,0	-33,5	0	123,7
2891	23.08.2025 14:09:10,000	13,91	4,37	-0,6	57,9	-31,5	0	121,7
2892	23.08.2025 14:09:11,000	13,95	4,38	-1,1	56,8	-32,2	0	122,6
2893	23.08.2025 14:09:12,000	13,95	4,38	1,4	54,9	-33,7	0	124,3
2894	23.08.2025 14:09:13,000	13,95	4,38	-0,6	57,6	-31,7	0	122,0
2895	23.08.2025 14:09:14,000	13,95	4,38	-1,7	57,0	-31,4	0	121,9
2896	23.08.2025 14:09:15,000	13,95	4,38	1,0	55,3	-33,7	0	124,1
2897	23.08.2025 14:09:16,000	13,95	4,38	-0,4	56,5	-33,1	0	123,2
2898	23.08.2025 14:09:17,000	13,95	4,38	-1,0	56,0	-33,0	0	123,3
2899	23.08.2025 14:09:18,000	13,95	4,38	-0,6	56,7	-32,7	0	122,9
2900	23.08.2025 14:09:19,000	13,95	4,40	-0,4	57,0	-32,5	0	122,7
2901	23.08.2025 14:09:20,000	13,95	4,40	0,5	55,6	-34,0	0	124,2
2902	23.08.2025 14:09:21,000	13,95	4,38	-0,8	56,2	-33,0	0	123,3
2903	23.08.2025 14:09:22,000	13,95	4,38	-1,2	56,4	-32,4	0	122,9
2904	23.08.2025 14:09:23,000	13,95	4,38	-0,9	56,2	-32,9	0	123,3
2905	23.08.2025 14:09:24,000	13,95	4,38	0,7	55,5	-33,8	0	124,0
2906	23.08.2025 14:09:25,000	13,95	4,38	-1,6	56,1	-32,3	0	122,9
2907	23.08.2025 14:09:26,000	13,95	4,38	-0,3	55,4	-34,2	0	124,4
2908	23.08.2025 14:09:27,000	13,98	4,38	-1,4	57,4	-31,3	0	121,7
2909	23.08.2025 14:09:28,000	13,98	4,38	0,8	55,5	-33,7	0	124,0
2910	23.08.2025 14:09:29,000	13,98	4,38	-1,3	55,8	-32,9	0	123,4
2911	23.08.2025 14:09:30,000	13,98	4,38	-0,8	56,1	-33,1	0	123,4
2912	23.08.2025 14:09:31,000	13,98	4,38	-0,2	56,2	-33,6	0	123,7
2913	23.08.2025 14:09:32,000	13,98	4,38	-0,5	56,4	-33,1	0	123,3
2914	23.08.2025 14:09:33,000	13,98	4,38	-0,7	56,9	-32,4	0	122,6
2915	23.08.2025 14:09:34,000	13,98	4,38	-0,2	56,0	-33,8	0	123,9
2916	23.08.2025 14:09:35,000	13,98	4,38	-0,4	57,4	-32,2	0	122,4
2917	23.08.2025 14:09:36,000	13,98	4,38	-0,3	56,2	-33,5	0	123,6
2918	23.08.2025 14:09:37,000	13,98	4,38	0,3	56,7	-33,1	0	123,2
2919	23.08.2025 14:09:38,000	13,98	4,38	-0,4	56,8	-32,8	0	122,9
2920	23.08.2025 14:09:39,000	13,98	4,38	2,3	50,9	-36,8	0	127,8
2921	23.08.2025 14:09:40,000	13,98	4,38	2,2	51,8	-36,0	0	126,9
2922	23.08.2025 14:09:41,000	14,01	4,38	2,5	50,1	-37,4	0	128,5
2923	23.08.2025 14:09:42,000	14,01	4,38	1,3	52,6	-36,2	0	126,7
2924	23.08.2025 14:09:43,000	14,01	4,41	4,5	48,7	-36,8	0	128,8
2925	23.08.2025 14:09:44,000	14,01	4,38	1,0	53,0	-36,0	0	126,4
2926	23.08.2025 14:09:45,000	14,01	4,38	4,5	49,4	-36,1	0	128,0
2927	23.08.2025 14:09:46,000	14,01	4,38	2,3	51,9	-35,8	0	126,8
2928	23.08.2025 14:09:47,000	14,01	4,38	3,8	50,6	-35,7	0	127,2
2929	23.08.2025 14:09:48,000	14,01	4,38	2,1	51,0	-36,9	0	127,8
2930	23.08.2025 14:09:49,000	14,01	4,38	2,5	51,2	-36,3	0	127,3
2931	23.08.2025 14:09:50,000	14,01	4,38	3,2	49,5	-37,3	0	128,7
2932	23.08.2025 14:09:51,000	14,01	4,38	3,1	49,6	-37,3	0	128,6
2933	23.08.2025 14:09:52,000	14,04	4,39	1,1	51,5	-37,4	0	127,8
2934	23.08.2025 14:09:53,000	14,04	4,39	2,4	51,1	-36,6	0	127,6
2935	23.08.2025 14:09:54,000	14,04	4,36	5,3	46,6	-38,1	0	130,5
2936	23.08.2025 14:09:55,000	14,04	4,39	0,4	52,8	-36,9	0	127,0
2937	23.08.2025 14:09:56,000	14,04	4,39	2,9	49,5	-37,5	0	128,8
2938	23.08.2025 14:09:57,000	14,04	4,39	2,9	40,8	-46,3	0	137,8
2939	23.08.2025 14:09:58,000	14,04	4,39	1,7	43,8	-44,5	0	135,3
2940	23.08.2025 14:09:59,000	14,04	4,39	2,9	43,7	-43,3	0	134,8
2941	23.08.2025 14:10:00,000	14,04	4,36	-0,2	36,2	-53,5	0	143,7
2942	23.08.2025 14:10:01,000	14,04	4,39	-0,6	12,0	-77,3	0	167,9
2943	23.08.2025 14:10:02,000	14,07	4,37	0,0	11,6	-78,3	0	168,4
2944	23.08.2025 14:10:03,000	14,07	4,39	0,7	9,6	-79,7	0	170,3
2945	23.08.2025 14:10:04,000	14,07	4,39	0,6	10,8	-78,6	0	169,1
2946	23.08.2025 14:10:05,000	14,07	4,39	-0,5	11,8	-77,7	0	168,1
2947	23.08.2025 14:10:06,000	14,07	4,37	0,6	10,2	-79,2	0	169,8
2948	23.08.2025 14:10:07,000	14,07	4,39	0,4	8,9	-80,7	0	171,0
2949	23.08.2025 14:10:08,000	14,07	4,37	-1,3	11,9	-76,8	0	167,9
2950	23.08.2025 14:10:09,000	14,07	4,37	0,0	9,9	-80,1	0	170,1
2951	23.08.2025 14:10:10,000	14,07	4,39	0,2	10,3	-79,4	0	169,6
2952	23.08.2025 14:10:11,000	14,07	4,39	-0,3	10,2	-79,4	0	169,7
2953	23.08.2025 14:10:12,000	14,07	4,37	-0,1	10,4	-79,5	0	169,6
2954	23.08.2025 14:10:13,000	14,07	4,39	-0,3	10,8	-78,9	0	169,2
2955	23.08.2025 14:10:14,000	14,10	4,39	0,6	10,5	-78,9	0	169,4
2956	23.08.2025 14:10:15,000	14,10	4,37	0,4	10,6	-79,0	0	169,4
2957	23.08.2025 14:10:16,000	14,10	4,37	-0,2	10,7	-79,1	0	169,3
2958	23.08.2025 14:10:17,000	14,10	4,37	1,1	10,6	-78,2	0	169,3
2959	23.08.2025 14:10:18,000	14,10	4,37	-0,2	10,6	-79,3	0	169,4
2960	23.08.2025 14:10:19,000	14,10	4,37	-1,1	11,1	-77,8	0	168,8
2961	23.08.2025 14:10:20,000	14,10	4,37	1,0	9,3	-79,8	0	170,6
2962	23.08.2025 14:10:21,000	14,10	4,37	-1,1	10,1	-78,9	0	169,8
2963	23.08.2025 14:10:22,000	14,10	4,37	0,2	10,4	-79,5	0	169,6
2964	23.08.2025 14:10:23,000	14,10	4,37	0,0	12,1	-77,9	0	167,9
2965	23.08.2025 14:10:24,000	14,10	4,37	0,1	9,1	-80,8	0	170,9
2966	23.08.2025 14:10:25,000	14,13	4,37	0,4	10,4	-79,2	0	169,6
2967	23.08.2025 14:10:26,000	14,13	4,37	-1,1	10,5	-78,4	0	169,3
2968	23.08.2025 14:10:27,000	14,13	4,37	0,0	12,0	-77,9	0	168,0
2969	23.08.2025 14:10:28,000	14,13	4,37	1,9	10,0	-78,1	0	169,8
2970	23.08.2025 14:10:29,000	14,13	4,37	0,4	9,7	-79,9	0	170,2
2971	23.08.2025 14:10:30,000	14,13	4,37	-0,7	12,2	-77,1	0	167,7
2972	23.08.2025 14:10:31,000	14,13	4,37	1,0	11,7	-77,3	0	168,2
2973	23.08.2025 14:10:32,000	14,13	4,37	2,0	8,7	-79,4	0	171,2
2974	23.08.2025 14:10:33,000	14,13	4,37	-0,7	12,5	-76,8	0	167,4
2975	23.08.2025 14:10:34,000	14,13	4,37	0,4	10,6	-79,0	0	169,3
2976	23.08.2025 14:10:35,000	14,13	4,37	1,3	10,4	-78,2	0	169,4
2977	23.08.2025 14:10:36,000	14,13	4,37	0,2	10,7	-79,1	0	169,3
2978	23.08.2025 14:10:37,000	14,13	4,37	-0,4	11,0	-78,6	0	168,9
2979	23.08.2025 14:10:38,000	14,16	4,37	1,2	11,3	-77,5	0	168,6
2980	23.08.2025 14:10:39,000	14,16	4,40	0,1	9,0	-80,9	0	171,0
2981	23.08.2025 14:10:40,000	14,16	4,37	0,3	11,6	-78,1	0	168,3
2982	23.08.2025 14:10:41,000	14,16	4,37	-0,1	11,6	-78,3	0	168,4
2983	23.08.2025 14:10:42,000	14,16	4,37	1,5	9,2	-79,3	0	170,7
2984	23.08.2025 14:10:43,000	14,16	4,37	0,3	11,0	-78,7	0	169,0
2985	23.08.2025 14:10:44,000	14,16	4,37	-0,2	10,7	-79,0	0	169,2
2986	23.08.2025 14:10:45,000	14,16	4,37	-0,8	11,3	-77,9	0	168,6
2987	23.08.2025 14:10:46,000	14,16	4,37	1,0	9,4	-79,5	0	170,5
2988	23.08.2025 14:10:47,000	14,16	4,40	0,4	11,7	-77,9	0	168,3
2989	23.08.2025 14:10:48,000	14,16	4,35	0,2	10,4	-79,4	0	169,6
2990	23.08.2025 14:10:49,000	14,19	4,38	-0,1	9,9	-80,0	0	170,1
2991	23.08.2025 14:10:50,000	14,19	4,35	-0,6	12,2	-77,2	0	167,8
2992	23.08.2025 14:10:51,000	14,19	4,38	0,7	9,9	-79,3	0	170,0
2993	23.08.2025 14:10:52,000	14,19	4,38	0,1	11,5	-78,3	0	168,5
2994	23.08.2025 14:10:53,000	14,19	4,38	0,9	9,9	-79,1	0	170,0
2995	23.08.2025 14:10:54,000	14,19	4,38	-0,3	11,3	-78,4	0	168,6
2996	23.08.2025 14:10:55,000	14,19	4,35	-0,2	10,7	-79,1	0	169,3
2997	23.08.2025 14:10:56,000	14,19	4,38	0,9	9,8	-79,4	0	170,1
2998	23.08.2025 14:10:57,000	14,19	4,38	-0,3	12,1	-77,5	0	167,8
2999	23.08.2025 14:10:58,000	14,19	4,38	0,8	9,3	-79,9	0	170,7
3000	23.08.2025 14:10:59,000	14,19	4,35	-0,7	11,1	-78,3	0	168,8
3001	23.08.2025 14:11:00,000	14,19	4,35	0,7	10,3	-79,0	0	169,6
3002	23.08.2025 14:11:01,000	14,19	4,35	0,1	11,9	-78,0	0	168,1
3003	23.08.2025 14:11:02,000	14,19	4,35	2,0	8,9	-79,1	0	170,9
3004	23.08.2025 14:11:03,000	14,22	4,38	-1,0	11,4	-77,6	0	168,5
3005	23.08.2025 14:11:04,000	14,22	4,36	0,9	11,3	-77,8	0	168,6
3006	23.08.2025 14:11:05,000	14,22	4,38	-0,1	9,9	-79,9	0	170,0
3007	23.08.2025 14:11:06,000	14,22	4,36	0,1	12,0	-77,9	0	168,0
3008	23.08.2025 14:11:07,000	14,22	4,38	0,3	8,7	-80,9	0	171,2
3009	23.08.2025 14:11:08,000	14,22	4,36	-0,8	10,8	-78,4	0	169,1
3010	23.08.2025 14:11:09,000	14,22	4,36	-0,4	11,8	-77,8	0	168,1
3011	23.08.2025 14:11:10,000	14,22	4,38	1,1	9,2	-79,7	0	170,7
3012	23.08.2025 14:11:11,000	14,22	4,36	-0,4	11,2	-78,4	0	168,8
3013	23.08.2025 14:11:12,000	14,22	4,38	-0,1	10,4	-79,5	0	169,6
3014	23.08.2025 14:11:13,000	14,22	4,36	0,3	10,3	-79,4	0	169,6
3015	23.08.2025 14:11:14,000	14,26	4,36	-0,6	11,1	-78,3	0	168,8
3016	23.08.2025 14:11:15,000	14,26	4,38	0,6	10,0	-79,4	0	169,9
3017	23.08.2025 14:11:16,000	14,26	4,38	0,0	11,1	-78,9	0	168,9
3018	23.08.2025 14:11:17,000	14,26	4,38	1,0	10,8	-78,2	0	169,1
3019	23.08.2025 14:11:18,000	14,26	4,38	-0,9	10,6	-78,5	0	169,3
3020	23.08.2025 14:11:19,000	14,26	4,36	1,1	9,3	-79,6	0	170,6
3021	23.08.2025 14:11:20,000	14,26	4,36	0,2	13,4	-76,4	0	166,5
3022	23.08.2025 14:11:21,000	14,26	4,36	0,9	8,7	-80,4	0	171,2
3023	23.08.2025 14:11:22,000	14,26	4,36	-0,5	10,2	-79,3	0	169,8
3024	23.08.2025 14:11:23,000	14,26	4,36	0,2	11,5	-78,3	0	168,5
3025	23.08.2025 14:11:24,000	14,26	4,38	0,1	11,4	-78,5	0	168,6
3026	23.08.2025 14:11:25,000	14,26	4,38	2,1	9,0	-78,9	0	170,8
3027	23.08.2025 14:11:26,000	14,26	4,36	-0,5	11,1	-78,4	0	168,9
3028	23.08.2025 14:11:27,000	14,26	4,38	-0,2	11,2	-78,7	0	168,8
3029	23.08.2025 14:11:28,000	14,29	4,36	1,3	11,4	-77,3	0	168,4
3030	23.08.2025 14:11:29,000	14,29	4,39	0,1	9,7	-80,3	0	170,3
3031	23.08.2025 14:11:30,000	14,29	4,36	0,7	10,9	-78,4	0	169,0
3032	23.08.2025 14:11:31,000	14,29	4,36	0,1	11,6	-78,3	0	168,4
3033	23.08.2025 14:11:32,000	14,29	4,36	0,1	10,3	-79,6	0	169,7
3034	23.08.2025 14:11:33,000	14,29	4,39	0,4	9,8	-79,8	0	170,2
3035	23.08.2025 14:11:34,000	14,29	4,36	-0,4	11,3	-78,3	0	168,6
3036	23.08.2025 14:11:35,000	14,29	4,39	-0,8	11,4	-77,8	0	168,5
3037	23.08.2025 14:11:36,000	14,29	4,36	1,8	8,6	-79,6	0	171,2
3038	23.08.2025 14:11:37,000	14,29	4,36	-0,4	11,4	-78,3	0	168,6
3039	23.08.2025 14:11:38,000	14,29	4,36	-0,2	12,9	-76,9	0	167,1
3040	23.08.2025 14:11:39,000	14,29	4,36	1,2	8,7	-80,1	0	171,2
3041	23.08.2025 14:11:40,000	14,29	4,36	0,0	11,0	-79,0	0	169,0
3042	23.08.2025 14:11:41,000	14,32	4,37	-0,2	11,3	-78,5	0	168,6
3043	23.08.2025 14:11:42,000	14,32	4,37	-0,3	11,2	-78,5	0	168,8
3044	23.08.2025 14:11:43,000	14,32	4,37	1,8	8,9	-79,3	0	170,9
3045	23.08.2025 14:11:44,000	14,32	4,37	-0,6	12,0	-77,3	0	167,9
3046	23.08.2025 14:11:45,000	14,32	4,37	0,2	10,9	-78,9	0	169,1
3047	23.08.2025 14:11:46,000	14,32	4,37	1,2	10,2	-78,6	0	169,7
3048	23.08.2025 14:11:47,000	14,32	4,37	0,3	10,3	-79,4	0	169,7
3049	23.08.2025 14:11:48,000	14,32	4,37	-0,1	12,5	-77,5	0	167,5
3050	23.08.2025 14:11:49,000	14,32	4,37	0,3	9,1	-80,7	0	170,9
3051	23.08.2025 14:11:50,000	14,32	4,37	1,0	11,0	-78,0	0	168,9
3052	23.08.2025 14:11:51,000	14,32	4,37	-0,5	10,6	-78,9	0	169,3
3053	23.08.2025 14:11:52,000	14,32	4,37	-0,4	10,7	-78,9	0	169,2
3054	23.08.2025 14:11:53,000	14,32	4,39	1,0	10,5	-78,5	0	169,3
3055	23.08.2025 14:11:54,000	14,35	4,37	-0,1	10,9	-78,9	0	169,1
3056	23.08.2025 14:11:55,000	14,35	4,37	0,8	9,9	-79,4	0	170,1
3057	23.08.2025 14:11:56,000	14,35	4,37	-0,1	12,0	-77,9	0	168,0
3058	23.08.2025 14:11:57,000	14,35	4,37	0,8	9,7	-79,5	0	170,2
3059	23.08.2025 14:11:58,000	14,35	4,37	0,7	10,8	-78,5	0	169,1
3060	23.08.2025 14:11:59,000	14,35	4,37	0,1	10,7	-79,2	0	169,3
3061	23.08.2025 14:12:00,000	14,35	4,37	-0,2	11,2	-78,6	0	168,7
3062	23.08.2025 14:12:01,000	14,35	4,37	0,5	9,9	-79,6	0	170,0
3063	23.08.2025 14:12:02,000	14,35	4,37	1,0	11,1	-77,9	0	168,8
3064	23.08.2025 14:12:03,000	14,35	4,37	-0,5	10,7	-78,9	0	169,3
3065	23.08.2025 14:12:04,000	14,35	4,37	0,4	10,0	-79,6	0	169,9
3066	23.08.2025 14:12:05,000	14,35	4,37	-0,4	11,2	-78,3	0	168,7
3067	23.08.2025 14:12:06,000	14,35	4,37	1,2	10,6	-78,1	0	169,2
3068	23.08.2025 14:12:07,000	14,38	4,37	-0,9	9,9	-79,2	0	170,0
3069	23.08.2025 14:12:08,000	14,38	4,37	-1,0	10,8	-78,2	0	169,1
3070	23.08.2025 14:12:09,000	14,38	4,37	0,2	11,1	-78,6	0	168,8
3071	23.08.2025 14:12:10,000	14,38	4,40	1,3	10,3	-78,4	0	169,6
3072	23.08.2025 14:12:11,000	14,38	4,37	-0,4	10,3	-79,3	0	169,6
3073	23.08.2025 14:12:12,000	14,38	4,37	0,2	11,7	-78,1	0	168,3
3074	23.08.2025 14:12:13,000	14,38	4,37	0,6	9,9	-79,5	0	170,0
3075	23.08.2025 14:12:14,000	14,38	4,37	-0,3	11,6	-78,1	0	168,3
3076	23.08.2025 14:12:15,000	14,38	4,35	1,1	9,2	-79,6	0	170,6
3077	23.08.2025 14:12:16,000	14,38	4,37	-0,3	11,3	-78,4	0	168,7
3078	23.08.2025 14:12:17,000	14,38	4,37	0,3	10,3	-79,4	0	169,7
3079	23.08.2025 14:12:18,000	14,38	4,37	-0,5	10,9	-78,6	0	169,0
3080	23.08.2025 14:12:19,000	14,38	4,37	0,9	10,1	-79,0	0	169,8
3081	23.08.2025 14:12:20,000	14,41	4,38	0,2	13,9	-75,9	0	166,1
3082	23.08.2025 14:12:21,000	14,41	4,38	3,9	10,4	-75,6	0	169,2
3083	23.08.2025 14:12:22,000	14,41	4,35	3,2	10,3	-76,5	0	169,4
3084	23.08.2025 14:12:23,000	14,41	4,38	25,9	-10,4	-53,7	1	-167,0
3085	23.08.2025 14:12:24,000	14,41	4,38	30,4	-17,5	42,1	1	-24,6
3086	23.08.2025 14:12:25,000	14,41	4,30	-52,0	-21,5	16,5	1	-52,3
3087	23.08.2025 14:12:26,000	14,50	4,29	-31,5	-10,5	48,0	0	-14,2
3088	23.08.2025 14:12:27,000	14,66	4,28	-5,2	37,7	47,1	1	40,0
3089	23.08.2025 14:12:28,000	14,81	4,30	-59,4	11,7	18,9	0	40,0
3090	23.08.2025 14:12:29,000	14,96	4,29	-53,2	0,5	36,2	1	0,9
3091	23.08.2025 14:12:30,000	15,12	4,33	-5,1	44,2	40,7	1	46,9
3092	23.08.2025 14:12:31,000	15,21	4,34	-33,6	-1,5	54,9	0	-1,8
3093	23.08.2025 14:12:32,000	15,27	4,36	64,5	-12,0	13,5	1	-1,8
3094	23.08.2025 14:12:33,000	15,30	4,30	7,7	-21,6	60,7	0	-23,5
3095	23.08.2025 14:12:34,000	15,45	4,22	-4,7	-15,3	70,0	0	-16,1
3096	23.08.2025 14:12:35,000	15,70	4,17	3,1	-13,0	74,0	0	-13,4
3097	23.08.2025 14:12:36,000	15,91	4,17	16,9	-35,0	38,1	1	-43,1
3098	23.08.2025 14:12:37,000	16,03	4,23	20,8	-12,5	56,7	1	-15,0
3099	23.08.2025 14:12:38,000	16,03	4,25	26,3	62,1	-1,6	0	91,8
3100	23.08.2025 14:12:39,000	16,03	4,30	22,0	14,4	-53,6	0	162,2
3101	23.08.2025 14:12:40,000	16,00	4,29	25,4	34,8	-29,8	0	131,3
3102	23.08.2025 14:12:41,000	16,00	4,32	28,9	42,6	-18,4	0	115,6
3103	23.08.2025 14:12:42,000	16,03	4,34	6,8	-3,8	79,4	1	-4,0
3104	23.08.2025 14:12:43,000	16,03	4,32	-26,6	15,3	48,2	1	20,1
3105	23.08.2025 14:12:44,000	16,09	4,35	-86,6	-0,5	-3,0	1	20,1
