#B	Created:	30.08.2025 07:56:58
##	Version	SeaStar	9.59
#5	Field separation:	0
#2	Date & Time:	1
#6	Decimal point:	,
#7	Date def.:	dd.mm.yyyy	.
#8	Time def.:	:
##	Axis	0	Temperature(°C)	clRed	FALSE
##	Axis	1	Pressure(Bar)	clBlue	FALSE
##	Axis	2	Salinity(psu)	clGreen	FALSE
##	Axis	3	Conductivity(mS/cm)	$00FF80FF	FALSE
##	Axis	4	Sound Velocity(m/sec)	$00404080	FALSE
##	Series	0	Temp(°C)	clRed	0	Temp(°C)	2
##	Series	1	Press(Bar)	clBlue	1	Press(Bar)	2
##	Series	2	Salinity(psu)	clGreen	2	Salinity(psu)	2
##	Series	3	Conduct(mS/cm)	$00FF80FF	3	Conduct(mS/cm)	2
##	Series	4	Sound Velocity(m/sec)	$00404080	4	Velocity(m/sec)	2
##	Recorder	126	DST CTD	13528
##	Chart	126S13528DAT	
#D	Data:	2766	30.08.2025 07:10:00	30.08.2025 07:56:05
1	30.08.2025 07:10:00	22,23	-0,13	0,48	0,93	1489,02
2	30.08.2025 07:10:01	22,23	-0,13	0,47	0,90	1489,00
3	30.08.2025 07:10:02	22,23	-0,13	0,50	0,95	1489,04
4	30.08.2025 07:10:03	22,23	-0,13	0,47	0,90	1489,00
5	30.08.2025 07:10:04	22,23	-0,13	0,48	0,93	1489,02
6	30.08.2025 07:10:05	22,23	-0,13	0,47	0,90	1489,00
7	30.08.2025 07:10:06	22,23	-0,15	0,48	0,93	1489,02
8	30.08.2025 07:10:07	22,23	-0,15	0,47	0,90	1489,00
9	30.08.2025 07:10:08	22,23	-0,13	0,48	0,93	1489,02
10	30.08.2025 07:10:09	22,26	-0,15	0,47	0,90	1489,09
11	30.08.2025 07:10:10	22,26	-0,15	0,50	0,95	1489,12
12	30.08.2025 07:10:11	22,23	-0,13	0,44	0,85	1488,97
13	30.08.2025 07:10:12	22,23	-0,13	0,47	0,90	1489,00
14	30.08.2025 07:10:13	22,23	-0,15	0,47	0,90	1489,00
15	30.08.2025 07:10:14	22,23	-0,13	0,48	0,93	1489,02
16	30.08.2025 07:10:15	22,23	-0,15	0,47	0,90	1489,00
17	30.08.2025 07:10:16	22,26	-0,13	0,50	0,95	1489,12
18	30.08.2025 07:10:17	22,23	-0,15	0,50	0,95	1489,03
19	30.08.2025 07:10:18	22,26	-0,13	0,50	0,95	1489,12
20	30.08.2025 07:10:19	22,26	-0,15	0,47	0,90	1489,09
21	30.08.2025 07:10:20	22,26	-0,13	0,47	0,90	1489,09
22	30.08.2025 07:10:21	22,26	-0,15	0,47	0,90	1489,09
23	30.08.2025 07:10:22	22,26	-0,13	0,45	0,87	1489,07
24	30.08.2025 07:10:23	22,26	-0,13	0,48	0,93	1489,11
25	30.08.2025 07:10:24	22,26	-0,13	0,47	0,90	1489,09
26	30.08.2025 07:10:25	22,26	-0,13	0,50	0,95	1489,12
27	30.08.2025 07:10:26	22,26	-0,15	0,48	0,93	1489,10
28	30.08.2025 07:10:27	22,26	-0,13	0,48	0,93	1489,11
29	30.08.2025 07:10:28	22,26	-0,13	0,45	0,87	1489,07
30	30.08.2025 07:10:29	22,26	-0,13	0,48	0,93	1489,11
31	30.08.2025 07:10:30	22,26	-0,13	0,47	0,90	1489,09
32	30.08.2025 07:10:31	22,26	-0,13	0,45	0,87	1489,07
33	30.08.2025 07:10:32	22,26	-0,13	0,50	0,95	1489,12
34	30.08.2025 07:10:33	22,23	-0,13	0,47	0,90	1489,00
35	30.08.2025 07:10:34	22,23	-0,13	0,51	0,98	1489,05
36	30.08.2025 07:10:35	22,23	-0,13	0,47	0,90	1489,00
37	30.08.2025 07:10:36	22,23	-0,15	0,48	0,93	1489,02
38	30.08.2025 07:10:37	22,23	-0,13	0,48	0,93	1489,02
39	30.08.2025 07:10:38	22,23	-0,13	0,45	0,87	1488,99
40	30.08.2025 07:10:39	22,23	-0,13	0,48	0,93	1489,02
41	30.08.2025 07:10:40	22,23	-0,13	0,47	0,90	1489,00
42	30.08.2025 07:10:41	22,23	-0,13	0,47	0,90	1489,00
43	30.08.2025 07:10:42	22,23	-0,13	0,48	0,93	1489,02
44	30.08.2025 07:10:43	22,23	-0,13	0,48	0,93	1489,02
45	30.08.2025 07:10:44	22,23	-0,13	0,50	0,95	1489,04
46	30.08.2025 07:10:45	22,23	-0,13	0,47	0,90	1489,00
47	30.08.2025 07:10:46	22,23	-0,15	0,50	0,95	1489,03
48	30.08.2025 07:10:47	22,23	-0,13	0,47	0,90	1489,00
49	30.08.2025 07:10:48	22,23	-0,13	0,47	0,90	1489,00
50	30.08.2025 07:10:49	22,23	-0,13	0,44	0,85	1488,97
51	30.08.2025 07:10:50	22,23	-0,13	0,47	0,90	1489,00
52	30.08.2025 07:10:51	22,23	-0,13	0,45	0,87	1488,99
53	30.08.2025 07:10:52	22,23	-0,15	0,50	0,95	1489,03
54	30.08.2025 07:10:53	22,23	-0,13	0,45	0,87	1488,99
55	30.08.2025 07:10:54	22,23	-0,13	0,50	0,95	1489,04
56	30.08.2025 07:10:55	22,23	-0,13	0,45	0,87	1488,99
57	30.08.2025 07:10:56	22,23	-0,15	0,47	0,90	1489,00
58	30.08.2025 07:10:57	22,23	-0,13	0,45	0,87	1488,99
59	30.08.2025 07:10:58	22,23	-0,13	0,47	0,90	1489,00
60	30.08.2025 07:10:59	22,23	-0,13	0,47	0,90	1489,00
61	30.08.2025 07:11:00	22,23	-0,13	0,50	0,95	1489,04
62	30.08.2025 07:11:01	22,23	-0,13	0,47	0,90	1489,00
63	30.08.2025 07:11:02	22,23	-0,13	0,50	0,95	1489,04
64	30.08.2025 07:11:03	22,23	-0,13	0,47	0,90	1489,00
65	30.08.2025 07:11:04	22,21	-0,15	0,46	0,87	1488,90
66	30.08.2025 07:11:05	22,21	-0,17	0,51	0,98	1488,96
67	30.08.2025 07:11:06	22,21	-0,15	0,46	0,87	1488,90
68	30.08.2025 07:11:07	22,21	-0,17	0,47	0,90	1488,91
69	30.08.2025 07:11:08	22,21	-0,15	0,47	0,90	1488,92
70	30.08.2025 07:11:09	22,21	-0,15	0,48	0,93	1488,93
71	30.08.2025 07:11:10	22,21	-0,17	0,48	0,93	1488,93
72	30.08.2025 07:11:11	22,21	-0,15	0,47	0,90	1488,92
73	30.08.2025 07:11:12	22,21	-0,15	0,47	0,90	1488,92
74	30.08.2025 07:11:13	22,21	-0,15	0,47	0,90	1488,92
75	30.08.2025 07:11:14	22,21	-0,15	0,50	0,95	1488,95
76	30.08.2025 07:11:15	22,21	-0,15	0,44	0,85	1488,88
77	30.08.2025 07:11:16	22,21	-0,15	0,50	0,95	1488,95
78	30.08.2025 07:11:17	22,21	-0,13	0,47	0,90	1488,92
79	30.08.2025 07:11:18	22,21	-0,15	0,46	0,87	1488,90
80	30.08.2025 07:11:19	22,18	-0,15	0,51	0,98	1488,88
81	30.08.2025 07:11:20	22,18	-0,15	0,46	0,87	1488,81
82	30.08.2025 07:11:21	22,18	-0,15	0,48	0,93	1488,85
83	30.08.2025 07:11:22	22,18	-0,15	0,47	0,90	1488,83
84	30.08.2025 07:11:23	22,18	-0,15	0,46	0,87	1488,81
85	30.08.2025 07:11:24	22,18	-0,15	0,47	0,90	1488,83
86	30.08.2025 07:11:25	22,18	-0,15	0,48	0,93	1488,85
87	30.08.2025 07:11:26	22,18	-0,17	0,47	0,90	1488,83
88	30.08.2025 07:11:27	22,18	-0,15	0,48	0,93	1488,85
89	30.08.2025 07:11:28	22,18	-0,15	0,47	0,90	1488,83
90	30.08.2025 07:11:29	22,18	-0,15	0,47	0,90	1488,83
91	30.08.2025 07:11:30	22,18	-0,13	0,47	0,90	1488,83
92	30.08.2025 07:11:31	22,18	-0,15	0,48	0,93	1488,85
93	30.08.2025 07:11:32	22,18	-0,13	0,47	0,90	1488,83
94	30.08.2025 07:11:33	22,18	-0,15	0,48	0,93	1488,85
95	30.08.2025 07:11:34	22,18	-0,15	0,48	0,93	1488,85
96	30.08.2025 07:11:35	22,18	-0,15	0,47	0,90	1488,83
97	30.08.2025 07:11:36	22,18	-0,15	0,46	0,87	1488,81
98	30.08.2025 07:11:37	22,18	-0,15	0,48	0,93	1488,85
99	30.08.2025 07:11:38	22,18	-0,13	0,48	0,93	1488,85
100	30.08.2025 07:11:39	22,15	-0,15	0,48	0,93	1488,76
101	30.08.2025 07:11:40	22,15	-0,15	0,48	0,93	1488,76
102	30.08.2025 07:11:41	22,15	-0,15	0,47	0,90	1488,74
103	30.08.2025 07:11:42	22,15	-0,15	0,48	0,93	1488,76
104	30.08.2025 07:11:43	22,15	-0,15	0,47	0,90	1488,74
105	30.08.2025 07:11:44	22,15	-0,13	0,46	0,87	1488,73
106	30.08.2025 07:11:45	22,15	-0,15	0,47	0,90	1488,74
107	30.08.2025 07:11:46	22,15	-0,15	0,46	0,87	1488,73
108	30.08.2025 07:11:47	22,15	-0,15	0,48	0,93	1488,76
109	30.08.2025 07:11:48	22,15	-0,15	0,46	0,87	1488,73
110	30.08.2025 07:11:49	22,15	-0,13	0,48	0,93	1488,76
111	30.08.2025 07:11:50	22,15	-0,13	0,48	0,93	1488,76
112	30.08.2025 07:11:51	22,15	-0,15	0,51	0,98	1488,79
113	30.08.2025 07:11:52	22,15	-0,13	0,47	0,90	1488,75
114	30.08.2025 07:11:53	22,12	-0,15	0,50	0,95	1488,69
115	30.08.2025 07:11:54	22,12	-0,15	0,46	0,87	1488,64
116	30.08.2025 07:11:55	22,12	-0,13	0,50	0,95	1488,69
117	30.08.2025 07:11:56	22,12	-0,13	0,46	0,87	1488,65
118	30.08.2025 07:11:57	22,12	-0,13	0,47	0,90	1488,66
119	30.08.2025 07:11:58	22,12	-0,15	0,47	0,90	1488,66
120	30.08.2025 07:11:59	22,12	-0,15	0,46	0,87	1488,64
121	30.08.2025 07:12:00	22,12	-0,13	0,46	0,87	1488,65
122	30.08.2025 07:12:01	22,12	-0,13	0,44	0,85	1488,63
123	30.08.2025 07:12:02	22,12	-0,15	0,47	0,90	1488,66
124	30.08.2025 07:12:03	22,12	-0,13	0,46	0,87	1488,65
125	30.08.2025 07:12:04	22,12	-0,15	0,47	0,90	1488,66
126	30.08.2025 07:12:05	22,12	-0,15	0,48	0,93	1488,67
127	30.08.2025 07:12:06	22,12	-0,15	0,47	0,90	1488,66
128	30.08.2025 07:12:07	22,12	-0,15	0,48	0,93	1488,67
129	30.08.2025 07:12:08	22,09	-0,15	0,47	0,90	1488,57
130	30.08.2025 07:12:09	22,09	-0,15	0,46	0,87	1488,56
131	30.08.2025 07:12:10	22,09	-0,13	0,47	0,90	1488,58
132	30.08.2025 07:12:11	22,09	-0,15	0,46	0,87	1488,56
133	30.08.2025 07:12:12	22,09	-0,13	0,48	0,93	1488,59
134	30.08.2025 07:12:13	22,09	-0,13	0,47	0,90	1488,58
135	30.08.2025 07:12:14	22,09	-0,15	0,48	0,93	1488,59
136	30.08.2025 07:12:15	22,09	-0,13	0,48	0,93	1488,59
137	30.08.2025 07:12:16	22,09	-0,15	0,47	0,90	1488,57
138	30.08.2025 07:12:17	22,09	-0,13	0,50	0,95	1488,61
139	30.08.2025 07:12:18	22,09	-0,13	0,46	0,87	1488,56
140	30.08.2025 07:12:19	22,09	-0,13	0,47	0,90	1488,58
141	30.08.2025 07:12:20	22,06	-0,13	0,47	0,90	1488,49
142	30.08.2025 07:12:21	22,06	-0,13	0,47	0,90	1488,49
143	30.08.2025 07:12:22	22,06	-0,15	0,49	0,93	1488,50
144	30.08.2025 07:12:23	22,06	-0,15	0,47	0,90	1488,49
145	30.08.2025 07:12:24	22,06	-0,13	0,46	0,87	1488,47
146	30.08.2025 07:12:25	22,06	-0,13	0,47	0,90	1488,49
147	30.08.2025 07:12:26	22,06	-0,13	0,47	0,90	1488,49
148	30.08.2025 07:12:27	22,06	-0,15	0,47	0,90	1488,49
149	30.08.2025 07:12:28	22,06	-0,13	0,46	0,87	1488,47
150	30.08.2025 07:12:29	22,06	-0,13	0,44	0,85	1488,46
151	30.08.2025 07:12:30	22,06	-0,13	0,46	0,87	1488,47
152	30.08.2025 07:12:31	22,03	-0,13	0,47	0,90	1488,40
153	30.08.2025 07:12:32	22,03	-0,15	0,49	0,93	1488,42
154	30.08.2025 07:12:33	22,03	-0,13	0,50	0,95	1488,44
155	30.08.2025 07:12:34	22,03	-0,13	0,50	0,95	1488,44
156	30.08.2025 07:12:35	22,03	-0,13	0,49	0,93	1488,42
157	30.08.2025 07:12:36	22,03	-0,13	0,46	0,87	1488,39
158	30.08.2025 07:12:37	22,03	-0,15	0,46	0,87	1488,38
159	30.08.2025 07:12:38	22,03	-0,13	0,44	0,85	1488,37
160	30.08.2025 07:12:39	22,03	-0,13	0,47	0,90	1488,40
161	30.08.2025 07:12:40	22,03	-0,15	0,47	0,90	1488,40
162	30.08.2025 07:12:41	22,03	-0,15	0,49	0,93	1488,42
163	30.08.2025 07:12:42	22,00	-0,13	0,47	0,90	1488,32
164	30.08.2025 07:12:43	22,00	-0,13	0,46	0,87	1488,30
165	30.08.2025 07:12:44	22,00	-0,15	0,47	0,90	1488,31
166	30.08.2025 07:12:45	22,00	-0,12	0,46	0,87	1488,30
167	30.08.2025 07:12:46	22,00	-0,13	0,49	0,93	1488,33
168	30.08.2025 07:12:47	22,00	-0,13	0,47	0,90	1488,32
169	30.08.2025 07:12:48	22,00	-0,15	0,47	0,90	1488,31
170	30.08.2025 07:12:49	22,00	-0,15	0,47	0,90	1488,31
171	30.08.2025 07:12:50	22,00	-0,13	0,47	0,90	1488,32
172	30.08.2025 07:12:51	22,00	-0,13	0,47	0,90	1488,32
173	30.08.2025 07:12:52	21,97	-0,15	0,47	0,90	1488,23
174	30.08.2025 07:12:53	21,97	-0,17	0,47	0,90	1488,23
175	30.08.2025 07:12:54	21,97	-0,15	0,47	0,90	1488,23
176	30.08.2025 07:12:55	21,97	-0,17	0,47	0,90	1488,23
177	30.08.2025 07:12:56	21,97	-0,15	0,47	0,90	1488,23
178	30.08.2025 07:12:57	21,97	-0,15	0,49	0,93	1488,24
179	30.08.2025 07:12:58	21,97	-0,17	0,46	0,87	1488,21
180	30.08.2025 07:12:59	21,97	-0,13	0,49	0,93	1488,25
181	30.08.2025 07:13:00	21,97	-0,15	0,47	0,90	1488,23
182	30.08.2025 07:13:01	21,97	-0,15	0,49	0,93	1488,24
183	30.08.2025 07:13:02	21,94	-0,15	0,47	0,90	1488,14
184	30.08.2025 07:13:03	21,94	-0,15	0,47	0,90	1488,14
185	30.08.2025 07:13:04	21,94	-0,15	0,46	0,87	1488,13
186	30.08.2025 07:13:05	21,94	-0,15	0,46	0,87	1488,13
187	30.08.2025 07:13:06	21,94	-0,15	0,46	0,87	1488,13
188	30.08.2025 07:13:07	21,94	-0,15	0,44	0,85	1488,11
189	30.08.2025 07:13:08	21,94	-0,15	0,46	0,87	1488,13
190	30.08.2025 07:13:09	21,94	-0,15	0,47	0,90	1488,14
191	30.08.2025 07:13:10	21,94	-0,15	0,47	0,90	1488,14
192	30.08.2025 07:13:11	21,94	-0,15	0,46	0,87	1488,13
193	30.08.2025 07:13:12	21,94	-0,13	0,49	0,93	1488,16
194	30.08.2025 07:13:13	21,94	-0,15	0,47	0,90	1488,14
195	30.08.2025 07:13:14	21,94	-0,15	0,47	0,90	1488,14
196	30.08.2025 07:13:15	21,91	-0,13	0,46	0,87	1488,04
197	30.08.2025 07:13:16	21,91	-0,13	0,47	0,90	1488,06
198	30.08.2025 07:13:17	21,91	-0,15	0,44	0,85	1488,02
199	30.08.2025 07:13:18	21,91	-0,15	0,47	0,90	1488,06
200	30.08.2025 07:13:19	21,91	-0,15	0,47	0,90	1488,06
201	30.08.2025 07:13:20	21,91	-0,15	0,46	0,87	1488,04
202	30.08.2025 07:13:21	21,91	-0,13	0,46	0,87	1488,04
203	30.08.2025 07:13:22	21,91	-0,15	0,47	0,90	1488,06
204	30.08.2025 07:13:23	21,91	-0,15	0,46	0,87	1488,04
205	30.08.2025 07:13:24	21,91	-0,15	0,47	0,90	1488,06
206	30.08.2025 07:13:25	21,88	-0,15	0,46	0,87	1487,95
207	30.08.2025 07:13:26	21,88	-0,13	0,47	0,90	1487,97
208	30.08.2025 07:13:27	21,88	-0,13	0,47	0,90	1487,97
209	30.08.2025 07:13:28	21,88	-0,15	0,50	0,95	1488,00
210	30.08.2025 07:13:29	21,88	-0,15	0,47	0,90	1487,97
211	30.08.2025 07:13:30	21,88	-0,13	0,47	0,90	1487,97
212	30.08.2025 07:13:31	21,88	-0,13	0,46	0,87	1487,96
213	30.08.2025 07:13:32	21,88	-0,15	0,44	0,85	1487,94
214	30.08.2025 07:13:33	21,88	-0,13	0,46	0,87	1487,96
215	30.08.2025 07:13:34	21,88	-0,15	0,44	0,85	1487,94
216	30.08.2025 07:13:35	21,85	-0,15	0,47	0,90	1487,88
217	30.08.2025 07:13:36	21,85	-0,15	0,44	0,85	1487,85
218	30.08.2025 07:13:37	21,85	-0,13	0,47	0,90	1487,89
219	30.08.2025 07:13:38	21,85	-0,15	0,44	0,85	1487,85
220	30.08.2025 07:13:39	21,85	-0,15	0,47	0,90	1487,88
221	30.08.2025 07:13:40	21,85	-0,13	0,46	0,87	1487,87
222	30.08.2025 07:13:41	21,85	-0,15	0,46	0,87	1487,87
223	30.08.2025 07:13:42	21,85	-0,15	0,47	0,90	1487,88
224	30.08.2025 07:13:43	21,85	-0,12	0,47	0,90	1487,89
225	30.08.2025 07:13:44	21,83	-0,13	0,49	0,93	1487,82
226	30.08.2025 07:13:45	21,83	-0,13	0,46	0,87	1487,78
227	30.08.2025 07:13:46	21,83	-0,15	0,47	0,90	1487,80
228	30.08.2025 07:13:47	21,83	-0,15	0,47	0,90	1487,80
229	30.08.2025 07:13:48	21,83	-0,15	0,44	0,85	1487,76
230	30.08.2025 07:13:49	21,83	-0,13	0,46	0,87	1487,78
231	30.08.2025 07:13:50	21,83	-0,15	0,46	0,87	1487,78
232	30.08.2025 07:13:51	21,83	-0,13	0,46	0,87	1487,78
233	30.08.2025 07:13:52	21,83	-0,13	0,47	0,90	1487,80
234	30.08.2025 07:13:53	21,83	-0,15	0,46	0,87	1487,78
235	30.08.2025 07:13:54	21,83	-0,13	0,47	0,90	1487,80
236	30.08.2025 07:13:55	21,80	-0,13	0,47	0,90	1487,71
237	30.08.2025 07:13:56	21,80	-0,13	0,47	0,90	1487,71
238	30.08.2025 07:13:57	21,80	-0,15	0,46	0,87	1487,69
239	30.08.2025 07:13:58	21,80	-0,13	0,47	0,90	1487,71
240	30.08.2025 07:13:59	21,80	-0,13	0,46	0,87	1487,70
241	30.08.2025 07:14:00	21,80	-0,13	0,47	0,90	1487,71
242	30.08.2025 07:14:01	21,80	-0,15	0,46	0,87	1487,69
243	30.08.2025 07:14:02	21,80	-0,13	0,46	0,87	1487,70
244	30.08.2025 07:14:03	21,77	-0,13	0,46	0,87	1487,61
245	30.08.2025 07:14:04	21,77	-0,13	0,46	0,87	1487,61
246	30.08.2025 07:14:05	21,77	-0,15	0,46	0,87	1487,61
247	30.08.2025 07:14:06	21,77	-0,13	0,46	0,87	1487,61
248	30.08.2025 07:14:07	21,77	-0,13	0,47	0,90	1487,63
249	30.08.2025 07:14:08	21,77	-0,13	0,46	0,87	1487,61
250	30.08.2025 07:14:09	21,77	-0,13	0,47	0,90	1487,63
251	30.08.2025 07:14:10	21,77	-0,13	0,45	0,85	1487,59
252	30.08.2025 07:14:11	21,77	-0,12	0,47	0,90	1487,63
253	30.08.2025 07:14:12	21,74	-0,15	0,46	0,87	1487,52
254	30.08.2025 07:14:13	21,74	-0,15	0,45	0,85	1487,50
255	30.08.2025 07:14:14	21,74	-0,15	0,46	0,87	1487,52
256	30.08.2025 07:14:15	21,74	-0,15	0,47	0,90	1487,54
257	30.08.2025 07:14:16	21,74	-0,15	0,46	0,87	1487,52
258	30.08.2025 07:14:17	21,74	-0,15	0,50	0,95	1487,57
259	30.08.2025 07:14:18	21,74	-0,13	0,46	0,87	1487,52
260	30.08.2025 07:14:19	21,74	-0,15	0,49	0,93	1487,55
261	30.08.2025 07:14:20	21,74	-0,15	0,45	0,85	1487,50
262	30.08.2025 07:14:21	21,71	-0,13	0,49	0,93	1487,47
263	30.08.2025 07:14:22	21,71	-0,15	0,47	0,90	1487,45
264	30.08.2025 07:14:23	21,71	-0,15	0,47	0,90	1487,45
265	30.08.2025 07:14:24	21,71	-0,15	0,46	0,87	1487,43
266	30.08.2025 07:14:25	21,71	-0,15	0,47	0,90	1487,45
267	30.08.2025 07:14:26	21,71	-0,15	0,46	0,87	1487,43
268	30.08.2025 07:14:27	21,71	-0,15	0,46	0,87	1487,43
269	30.08.2025 07:14:28	21,71	-0,13	0,46	0,87	1487,44
270	30.08.2025 07:14:29	21,71	-0,17	0,45	0,85	1487,41
271	30.08.2025 07:14:30	21,68	-0,13	0,46	0,87	1487,35
272	30.08.2025 07:14:31	21,68	-0,13	0,46	0,87	1487,35
273	30.08.2025 07:14:32	21,68	-0,13	0,47	0,90	1487,37
274	30.08.2025 07:14:33	21,68	-0,13	0,46	0,87	1487,35
275	30.08.2025 07:14:34	21,68	-0,13	0,47	0,90	1487,37
276	30.08.2025 07:14:35	21,68	-0,13	0,49	0,93	1487,38
277	30.08.2025 07:14:36	21,68	-0,15	0,47	0,90	1487,36
278	30.08.2025 07:14:37	21,68	-0,15	0,49	0,93	1487,38
279	30.08.2025 07:14:38	21,68	-0,13	0,47	0,90	1487,37
280	30.08.2025 07:14:39	21,65	-0,13	0,48	0,90	1487,28
281	30.08.2025 07:14:40	21,65	-0,15	0,46	0,87	1487,26
282	30.08.2025 07:14:41	21,65	-0,15	0,48	0,90	1487,28
283	30.08.2025 07:14:42	21,65	-0,15	0,46	0,87	1487,26
284	30.08.2025 07:14:43	21,65	-0,13	0,48	0,90	1487,28
285	30.08.2025 07:14:44	21,65	-0,13	0,48	0,90	1487,28
286	30.08.2025 07:14:45	21,65	-0,15	0,46	0,87	1487,26
287	30.08.2025 07:14:46	21,65	-0,15	0,46	0,87	1487,26
288	30.08.2025 07:14:47	21,62	-0,13	0,46	0,87	1487,18
289	30.08.2025 07:14:48	21,62	-0,15	0,48	0,90	1487,19
290	30.08.2025 07:14:49	21,62	-0,15	0,46	0,87	1487,17
291	30.08.2025 07:14:50	21,62	-0,15	0,46	0,87	1487,17
292	30.08.2025 07:14:51	21,62	-0,13	0,49	0,93	1487,21
293	30.08.2025 07:14:52	21,62	-0,13	0,49	0,93	1487,21
294	30.08.2025 07:14:53	21,62	-0,13	0,48	0,90	1487,19
295	30.08.2025 07:14:54	21,62	-0,13	0,45	0,85	1487,16
296	30.08.2025 07:14:55	21,59	-0,13	0,46	0,87	1487,09
297	30.08.2025 07:14:56	21,59	-0,15	0,46	0,87	1487,09
298	30.08.2025 07:14:57	21,59	-0,13	0,48	0,90	1487,10
299	30.08.2025 07:14:58	21,59	-0,15	0,46	0,87	1487,09
300	30.08.2025 07:14:59	21,59	-0,13	0,48	0,90	1487,10
301	30.08.2025 07:15:00	21,59	-0,15	0,46	0,87	1487,09
302	30.08.2025 07:15:01	21,59	-0,13	0,45	0,85	1487,07
303	30.08.2025 07:15:02	21,59	-0,13	0,46	0,87	1487,09
304	30.08.2025 07:15:03	21,56	-0,13	0,46	0,87	1487,00
305	30.08.2025 07:15:04	21,56	-0,13	0,46	0,87	1487,00
306	30.08.2025 07:15:05	21,56	-0,13	0,46	0,87	1487,00
307	30.08.2025 07:15:06	21,56	-0,15	0,46	0,87	1487,00
308	30.08.2025 07:15:07	21,56	-0,13	0,48	0,90	1487,02
309	30.08.2025 07:15:08	21,56	-0,12	0,48	0,90	1487,02
310	30.08.2025 07:15:09	21,56	-0,13	0,46	0,87	1487,00
311	30.08.2025 07:15:10	21,56	-0,13	0,46	0,87	1487,00
312	30.08.2025 07:15:11	21,53	-0,13	0,48	0,90	1486,93
313	30.08.2025 07:15:12	21,53	-0,13	0,46	0,87	1486,91
314	30.08.2025 07:15:13	21,53	-0,13	0,45	0,85	1486,90
315	30.08.2025 07:15:14	21,53	-0,13	0,45	0,85	1486,90
316	30.08.2025 07:15:15	21,53	-0,15	0,46	0,87	1486,91
317	30.08.2025 07:15:16	21,53	-0,13	0,45	0,85	1486,90
318	30.08.2025 07:15:17	21,53	-0,13	0,46	0,87	1486,91
319	30.08.2025 07:15:18	21,53	-0,15	0,46	0,87	1486,91
320	30.08.2025 07:15:19	21,53	-0,13	0,49	0,93	1486,95
321	30.08.2025 07:15:20	21,50	-0,13	0,46	0,87	1486,83
322	30.08.2025 07:15:21	21,50	-0,13	0,45	0,85	1486,81
323	30.08.2025 07:15:22	21,50	-0,13	0,49	0,93	1486,86
324	30.08.2025 07:15:23	21,50	-0,13	0,46	0,87	1486,83
325	30.08.2025 07:15:24	21,50	-0,13	0,48	0,90	1486,84
326	30.08.2025 07:15:25	21,50	-0,13	0,45	0,85	1486,81
327	30.08.2025 07:15:26	21,50	-0,13	0,46	0,87	1486,83
328	30.08.2025 07:15:27	21,50	-0,13	0,45	0,85	1486,81
329	30.08.2025 07:15:28	21,47	-0,15	0,46	0,87	1486,74
330	30.08.2025 07:15:29	21,47	-0,15	0,45	0,85	1486,72
331	30.08.2025 07:15:30	21,47	-0,15	0,46	0,87	1486,74
332	30.08.2025 07:15:31	21,47	-0,15	0,46	0,87	1486,74
333	30.08.2025 07:15:32	21,47	-0,17	0,46	0,87	1486,73
334	30.08.2025 07:15:33	21,47	-0,15	0,48	0,90	1486,75
335	30.08.2025 07:15:34	21,47	-0,15	0,46	0,87	1486,74
336	30.08.2025 07:15:35	21,47	-0,15	0,45	0,85	1486,72
337	30.08.2025 07:15:36	21,47	-0,15	0,46	0,87	1486,74
338	30.08.2025 07:15:37	21,47	-0,15	0,43	0,82	1486,70
339	30.08.2025 07:15:38	21,47	-0,15	0,48	0,90	1486,75
340	30.08.2025 07:15:39	21,47	-0,15	0,46	0,87	1486,74
341	30.08.2025 07:15:40	21,44	-0,15	0,46	0,87	1486,65
342	30.08.2025 07:15:41	21,44	-0,13	0,46	0,87	1486,65
343	30.08.2025 07:15:42	21,44	-0,15	0,46	0,87	1486,65
344	30.08.2025 07:15:43	21,44	-0,15	0,46	0,87	1486,65
345	30.08.2025 07:15:44	21,44	-0,15	0,45	0,85	1486,63
346	30.08.2025 07:15:45	21,44	-0,15	0,45	0,85	1486,63
347	30.08.2025 07:15:46	21,44	-0,15	0,43	0,82	1486,62
348	30.08.2025 07:15:47	21,44	-0,13	0,45	0,85	1486,63
349	30.08.2025 07:15:48	21,44	-0,15	0,46	0,87	1486,65
350	30.08.2025 07:15:49	21,41	-0,15	0,48	0,90	1486,58
351	30.08.2025 07:15:50	21,41	-0,15	0,49	0,93	1486,59
352	30.08.2025 07:15:51	21,41	-0,13	0,49	0,93	1486,60
353	30.08.2025 07:15:52	21,41	-0,15	0,48	0,90	1486,58
354	30.08.2025 07:15:53	21,41	-0,15	0,46	0,87	1486,56
355	30.08.2025 07:15:54	21,41	-0,15	0,46	0,87	1486,56
356	30.08.2025 07:15:55	21,41	-0,13	0,45	0,85	1486,55
357	30.08.2025 07:15:56	21,41	-0,13	0,45	0,85	1486,55
358	30.08.2025 07:15:57	21,41	-0,15	0,45	0,85	1486,54
359	30.08.2025 07:15:58	21,41	-0,13	0,48	0,90	1486,58
360	30.08.2025 07:15:59	21,39	-0,15	0,48	0,90	1486,49
361	30.08.2025 07:16:00	21,39	-0,13	0,46	0,87	1486,48
362	30.08.2025 07:16:01	21,39	-0,13	0,48	0,90	1486,49
363	30.08.2025 07:16:02	21,39	-0,13	0,48	0,90	1486,49
364	30.08.2025 07:16:03	21,39	-0,15	0,45	0,85	1486,46
365	30.08.2025 07:16:04	21,39	-0,15	0,46	0,87	1486,47
366	30.08.2025 07:16:05	21,39	-0,13	0,45	0,85	1486,46
367	30.08.2025 07:16:06	21,39	-0,13	0,45	0,85	1486,46
368	30.08.2025 07:16:07	21,36	-0,15	0,45	0,85	1486,37
369	30.08.2025 07:16:08	21,36	-0,13	0,45	0,85	1486,37
370	30.08.2025 07:16:09	21,36	-0,13	0,49	0,93	1486,42
371	30.08.2025 07:16:10	21,36	-0,15	0,45	0,85	1486,37
372	30.08.2025 07:16:11	21,36	-0,13	0,46	0,87	1486,39
373	30.08.2025 07:16:12	21,36	-0,13	0,46	0,87	1486,39
374	30.08.2025 07:16:13	21,36	-0,13	0,45	0,85	1486,37
375	30.08.2025 07:16:14	21,36	-0,13	0,45	0,85	1486,37
376	30.08.2025 07:16:15	21,36	-0,13	0,48	0,90	1486,40
377	30.08.2025 07:16:16	21,33	-0,15	0,48	0,90	1486,31
378	30.08.2025 07:16:17	21,33	-0,15	0,46	0,87	1486,30
379	30.08.2025 07:16:18	21,33	-0,13	0,45	0,85	1486,28
380	30.08.2025 07:16:19	21,33	-0,13	0,45	0,85	1486,28
381	30.08.2025 07:16:20	21,33	-0,12	0,48	0,90	1486,32
382	30.08.2025 07:16:21	21,33	-0,13	0,49	0,93	1486,33
383	30.08.2025 07:16:22	21,30	-0,13	0,46	0,87	1486,21
384	30.08.2025 07:16:23	21,30	-0,12	0,46	0,87	1486,22
385	30.08.2025 07:16:24	21,30	-0,15	0,46	0,87	1486,21
386	30.08.2025 07:16:25	21,30	-0,13	0,44	0,82	1486,18
387	30.08.2025 07:16:26	21,30	-0,15	0,45	0,85	1486,19
388	30.08.2025 07:16:27	21,30	-0,15	0,44	0,82	1486,18
389	30.08.2025 07:16:28	21,30	-0,13	0,45	0,85	1486,20
390	30.08.2025 07:16:29	21,27	-0,13	0,46	0,87	1486,12
391	30.08.2025 07:16:30	21,27	-0,13	0,46	0,87	1486,12
392	30.08.2025 07:16:31	21,27	-0,15	0,46	0,87	1486,12
393	30.08.2025 07:16:32	21,27	-0,13	0,48	0,90	1486,14
394	30.08.2025 07:16:33	21,27	-0,13	0,48	0,90	1486,14
395	30.08.2025 07:16:34	21,27	-0,13	0,48	0,90	1486,14
396	30.08.2025 07:16:35	21,27	-0,15	0,45	0,85	1486,11
397	30.08.2025 07:16:36	21,27	-0,13	0,46	0,87	1486,12
398	30.08.2025 07:16:37	21,27	-0,13	0,44	0,82	1486,09
399	30.08.2025 07:16:38	21,27	-0,13	0,46	0,87	1486,12
400	30.08.2025 07:16:39	21,24	-0,15	0,45	0,85	1486,02
401	30.08.2025 07:16:40	21,24	-0,15	0,47	0,87	1486,03
402	30.08.2025 07:16:41	21,24	-0,15	0,45	0,85	1486,02
403	30.08.2025 07:16:42	21,24	-0,13	0,48	0,90	1486,05
404	30.08.2025 07:16:43	21,24	-0,15	0,45	0,85	1486,02
405	30.08.2025 07:16:44	21,24	-0,15	0,47	0,87	1486,03
406	30.08.2025 07:16:45	21,24	-0,15	0,47	0,87	1486,03
407	30.08.2025 07:16:46	21,24	-0,15	0,44	0,82	1486,00
408	30.08.2025 07:16:47	21,24	-0,12	0,49	0,93	1486,07
409	30.08.2025 07:16:48	21,24	-0,15	0,47	0,87	1486,03
410	30.08.2025 07:16:49	21,21	-0,15	0,45	0,85	1485,93
411	30.08.2025 07:16:50	21,21	-0,15	0,47	0,87	1485,95
412	30.08.2025 07:16:51	21,21	-0,15	0,45	0,85	1485,93
413	30.08.2025 07:16:52	21,21	-0,15	0,48	0,90	1485,96
414	30.08.2025 07:16:53	21,21	-0,15	0,47	0,87	1485,95
415	30.08.2025 07:16:54	21,21	-0,15	0,48	0,90	1485,96
416	30.08.2025 07:16:55	21,21	-0,13	0,48	0,90	1485,96
417	30.08.2025 07:16:56	21,21	-0,15	0,49	0,93	1485,98
418	30.08.2025 07:16:57	21,21	-0,15	0,49	0,93	1485,98
419	30.08.2025 07:16:58	21,18	-0,15	0,48	0,90	1485,87
420	30.08.2025 07:16:59	21,18	-0,15	0,47	0,87	1485,86
421	30.08.2025 07:17:00	21,18	-0,15	0,48	0,90	1485,87
422	30.08.2025 07:17:01	21,18	-0,13	0,48	0,90	1485,88
423	30.08.2025 07:17:02	21,18	-0,13	0,49	0,93	1485,89
424	30.08.2025 07:17:03	21,18	-0,15	0,49	0,93	1485,89
425	30.08.2025 07:17:04	21,18	-0,15	0,48	0,90	1485,87
426	30.08.2025 07:17:05	21,15	-0,13	0,50	0,93	1485,80
427	30.08.2025 07:17:06	21,15	-0,15	0,47	0,87	1485,77
428	30.08.2025 07:17:07	21,15	-0,15	0,47	0,87	1485,77
429	30.08.2025 07:17:08	21,15	-0,15	0,48	0,90	1485,78
430	30.08.2025 07:17:09	21,15	-0,15	0,48	0,90	1485,78
431	30.08.2025 07:17:10	21,15	-0,15	0,48	0,90	1485,78
432	30.08.2025 07:17:11	21,12	-0,13	0,48	0,90	1485,70
433	30.08.2025 07:17:12	21,12	-0,13	0,48	0,90	1485,70
434	30.08.2025 07:17:13	21,12	-0,13	0,47	0,87	1485,68
435	30.08.2025 07:17:14	21,12	-0,17	0,45	0,85	1485,66
436	30.08.2025 07:17:15	21,12	-0,13	0,48	0,90	1485,70
437	30.08.2025 07:17:16	21,12	-0,13	0,47	0,87	1485,68
438	30.08.2025 07:17:17	21,12	-0,13	0,45	0,85	1485,67
439	30.08.2025 07:17:18	21,12	-0,15	0,47	0,87	1485,68
440	30.08.2025 07:17:19	21,12	-0,13	0,45	0,85	1485,67
441	30.08.2025 07:17:20	21,09	-0,13	0,47	0,87	1485,59
442	30.08.2025 07:17:21	21,09	-0,15	0,47	0,87	1485,59
443	30.08.2025 07:17:22	21,09	-0,13	0,45	0,85	1485,58
444	30.08.2025 07:17:23	21,09	-0,15	0,47	0,87	1485,59
445	30.08.2025 07:17:24	21,09	-0,13	0,45	0,85	1485,58
446	30.08.2025 07:17:25	21,09	-0,13	0,47	0,87	1485,59
447	30.08.2025 07:17:26	21,06	-0,13	0,47	0,87	1485,51
448	30.08.2025 07:17:27	21,06	-0,13	0,47	0,87	1485,51
449	30.08.2025 07:17:28	21,06	-0,15	0,47	0,87	1485,50
450	30.08.2025 07:17:29	21,06	-0,15	0,48	0,90	1485,52
451	30.08.2025 07:17:30	21,06	-0,13	0,45	0,85	1485,49
452	30.08.2025 07:17:31	21,06	-0,15	0,45	0,85	1485,49
453	30.08.2025 07:17:32	21,06	-0,13	0,50	0,93	1485,54
454	30.08.2025 07:17:33	21,06	-0,13	0,55	1,03	1485,61
455	30.08.2025 07:17:34	21,03	-0,13	0,56	1,03	1485,52
456	30.08.2025 07:17:35	21,03	-0,13	0,56	1,03	1485,52
457	30.08.2025 07:17:36	21,03	-0,13	0,53	0,98	1485,48
458	30.08.2025 07:17:37	21,03	-0,13	0,54	1,00	1485,50
459	30.08.2025 07:17:38	21,03	-0,13	0,56	1,03	1485,52
460	30.08.2025 07:17:39	21,03	-0,13	0,56	1,03	1485,52
461	30.08.2025 07:17:40	21,03	-0,13	0,56	1,03	1485,52
462	30.08.2025 07:17:41	21,03	-0,13	0,56	1,03	1485,52
463	30.08.2025 07:17:42	21,03	-0,13	0,56	1,03	1485,52
464	30.08.2025 07:17:43	21,00	-0,15	0,56	1,03	1485,43
465	30.08.2025 07:17:44	21,00	-0,15	0,56	1,03	1485,43
466	30.08.2025 07:17:45	21,00	-0,15	0,56	1,03	1485,43
467	30.08.2025 07:17:46	21,00	-0,15	0,56	1,03	1485,43
468	30.08.2025 07:17:47	21,00	-0,15	0,56	1,03	1485,43
469	30.08.2025 07:17:48	21,00	-0,15	0,56	1,03	1485,43
470	30.08.2025 07:17:49	21,00	-0,15	0,56	1,03	1485,43
471	30.08.2025 07:17:50	21,00	-0,15	0,56	1,03	1485,43
472	30.08.2025 07:17:51	21,00	-0,15	0,56	1,03	1485,43
473	30.08.2025 07:17:52	21,00	-0,15	0,56	1,03	1485,43
474	30.08.2025 07:17:53	21,00	-0,15	0,56	1,03	1485,43
475	30.08.2025 07:17:54	21,00	-0,15	0,56	1,03	1485,43
476	30.08.2025 07:17:55	21,00	-0,15	0,56	1,03	1485,43
477	30.08.2025 07:17:56	21,00	-0,15	0,56	1,03	1485,43
478	30.08.2025 07:17:57	20,97	-0,15	0,56	1,03	1485,34
479	30.08.2025 07:17:58	20,97	-0,15	0,56	1,03	1485,34
480	30.08.2025 07:17:59	20,97	-0,15	0,56	1,03	1485,34
481	30.08.2025 07:18:00	20,97	-0,15	0,56	1,03	1485,34
482	30.08.2025 07:18:01	20,97	-0,15	0,56	1,03	1485,34
483	30.08.2025 07:18:02	20,97	-0,15	0,56	1,03	1485,34
484	30.08.2025 07:18:03	20,97	-0,15	0,56	1,03	1485,34
485	30.08.2025 07:18:04	20,97	-0,13	0,56	1,03	1485,34
486	30.08.2025 07:18:05	20,97	-0,15	0,56	1,03	1485,34
487	30.08.2025 07:18:06	20,97	-0,15	0,56	1,03	1485,34
488	30.08.2025 07:18:07	20,95	-0,13	0,56	1,03	1485,25
489	30.08.2025 07:18:08	20,95	-0,15	0,56	1,03	1485,25
490	30.08.2025 07:18:09	20,95	-0,15	0,56	1,03	1485,25
491	30.08.2025 07:18:10	20,95	-0,15	0,56	1,03	1485,25
492	30.08.2025 07:18:11	20,95	-0,15	0,56	1,03	1485,25
493	30.08.2025 07:18:12	20,95	-0,15	0,56	1,03	1485,25
494	30.08.2025 07:18:13	20,95	-0,15	0,56	1,03	1485,25
495	30.08.2025 07:18:14	20,95	-0,15	0,56	1,03	1485,25
496	30.08.2025 07:18:15	20,95	-0,13	0,56	1,03	1485,25
497	30.08.2025 07:18:16	20,95	-0,13	0,56	1,03	1485,25
498	30.08.2025 07:18:17	20,95	-0,15	0,56	1,03	1485,25
499	30.08.2025 07:18:18	20,92	-0,13	0,56	1,03	1485,16
500	30.08.2025 07:18:19	20,92	-0,13	0,56	1,03	1485,16
501	30.08.2025 07:18:20	20,92	-0,15	0,56	1,03	1485,16
502	30.08.2025 07:18:21	20,92	-0,15	0,56	1,03	1485,16
503	30.08.2025 07:18:22	20,92	-0,15	0,56	1,03	1485,16
504	30.08.2025 07:18:23	20,92	-0,15	0,56	1,03	1485,16
505	30.08.2025 07:18:24	20,92	-0,13	0,56	1,03	1485,16
506	30.08.2025 07:18:25	20,92	-0,13	0,56	1,03	1485,16
507	30.08.2025 07:18:26	20,92	-0,13	0,56	1,03	1485,16
508	30.08.2025 07:18:27	20,92	-0,13	0,54	1,00	1485,15
509	30.08.2025 07:18:28	20,92	-0,15	0,37	0,69	1484,95
510	30.08.2025 07:18:29	20,89	-0,15	0,24	0,45	1484,71
511	30.08.2025 07:18:30	20,89	-0,13	0,27	0,51	1484,75
512	30.08.2025 07:18:31	20,89	-0,13	0,51	0,95	1485,02
513	30.08.2025 07:18:32	20,89	-0,13	0,44	0,82	1484,94
514	30.08.2025 07:18:33	20,89	-0,15	0,37	0,69	1484,86
515	30.08.2025 07:18:34	20,86	-0,13	0,40	0,74	1484,80
516	30.08.2025 07:18:35	20,80	-0,39	25,73	36,98	1513,13
517	30.08.2025 07:18:36	20,27	-0,24	25,84	36,71	1511,79
518	30.08.2025 07:18:37	19,77	-0,13	26,12	36,68	1510,70
519	30.08.2025 07:18:38	19,44	-0,04	26,34	36,69	1510,02
520	30.08.2025 07:18:39	19,23	-0,04	26,42	36,63	1509,52
521	30.08.2025 07:18:40	19,11	-0,03	26,50	36,63	1509,26
522	30.08.2025 07:18:41	19,00	-0,03	26,51	36,55	1508,93
523	30.08.2025 07:18:42	18,85	-0,01	26,60	36,55	1508,60
524	30.08.2025 07:18:43	18,76	-0,01	26,64	36,52	1508,38
525	30.08.2025 07:18:44	18,70	0,01	26,67	36,52	1508,25
526	30.08.2025 07:18:45	18,61	0,01	26,73	36,52	1508,05
527	30.08.2025 07:18:46	18,58	0,01	26,75	36,51	1507,99
528	30.08.2025 07:18:47	18,52	-0,01	26,76	36,49	1507,83
529	30.08.2025 07:18:48	18,46	-0,03	26,82	36,51	1507,71
530	30.08.2025 07:18:49	18,40	-0,01	26,86	36,51	1507,58
531	30.08.2025 07:18:50	18,34	-0,01	26,90	36,51	1507,45
532	30.08.2025 07:18:51	18,28	-0,03	26,93	36,51	1507,31
533	30.08.2025 07:18:52	18,25	-0,01	26,95	36,51	1507,25
534	30.08.2025 07:18:53	18,19	-0,03	26,99	36,50	1507,11
535	30.08.2025 07:18:54	18,16	-0,01	27,01	36,50	1507,05
536	30.08.2025 07:18:55	18,13	-0,04	27,03	36,50	1506,97
537	30.08.2025 07:18:56	18,10	-0,03	27,05	36,50	1506,91
538	30.08.2025 07:18:57	18,04	-0,04	27,06	36,47	1506,75
539	30.08.2025 07:18:58	18,01	-0,04	27,10	36,50	1506,70
540	30.08.2025 07:18:59	17,98	-0,04	27,12	36,50	1506,64
541	30.08.2025 07:19:00	17,95	-0,04	27,14	36,50	1506,57
542	30.08.2025 07:19:01	17,92	-0,04	27,16	36,50	1506,50
543	30.08.2025 07:19:02	17,89	-0,04	27,18	36,49	1506,43
544	30.08.2025 07:19:03	17,86	-0,04	27,20	36,49	1506,37
545	30.08.2025 07:19:04	17,83	-0,06	27,22	36,49	1506,29
546	30.08.2025 07:19:05	17,80	-0,06	27,24	36,49	1506,23
547	30.08.2025 07:19:06	17,77	-0,06	27,26	36,49	1506,16
548	30.08.2025 07:19:07	17,74	-0,06	27,28	36,49	1506,09
549	30.08.2025 07:19:08	17,74	-0,06	27,28	36,49	1506,09
550	30.08.2025 07:19:09	17,71	-0,06	27,30	36,49	1506,02
551	30.08.2025 07:19:10	17,68	-0,06	27,31	36,49	1505,95
552	30.08.2025 07:19:11	17,68	-0,06	27,31	36,49	1505,95
553	30.08.2025 07:19:12	17,65	-0,06	27,33	36,49	1505,89
554	30.08.2025 07:19:13	17,65	-0,06	27,33	36,49	1505,89
555	30.08.2025 07:19:14	17,62	-0,06	27,35	36,49	1505,82
556	30.08.2025 07:19:15	17,59	-0,08	27,37	36,49	1505,75
557	30.08.2025 07:19:16	17,59	-0,08	27,37	36,49	1505,75
558	30.08.2025 07:19:17	17,56	-0,08	27,39	36,48	1505,68
559	30.08.2025 07:19:18	17,56	-0,10	27,39	36,48	1505,68
560	30.08.2025 07:19:19	17,53	-0,08	27,41	36,48	1505,61
561	30.08.2025 07:19:20	17,50	-0,08	27,43	36,48	1505,54
562	30.08.2025 07:19:21	17,50	-0,08	27,43	36,48	1505,54
563	30.08.2025 07:19:22	17,47	-0,08	27,45	36,48	1505,47
564	30.08.2025 07:19:23	17,44	-0,08	27,47	36,48	1505,41
565	30.08.2025 07:19:24	17,44	-0,08	27,47	36,48	1505,41
566	30.08.2025 07:19:25	17,44	-0,08	27,47	36,48	1505,41
567	30.08.2025 07:19:26	17,41	-0,08	27,49	36,48	1505,34
568	30.08.2025 07:19:27	17,41	-0,06	27,49	36,48	1505,34
569	30.08.2025 07:19:28	17,38	-0,08	27,51	36,48	1505,27
570	30.08.2025 07:19:29	17,38	-0,08	27,53	36,50	1505,29
571	30.08.2025 07:19:30	17,38	-0,06	27,53	36,50	1505,30
572	30.08.2025 07:19:31	17,35	-0,06	27,53	36,48	1505,20
573	30.08.2025 07:19:32	17,35	-0,06	27,55	36,50	1505,23
574	30.08.2025 07:19:33	17,32	-0,10	27,57	36,50	1505,15
575	30.08.2025 07:19:34	17,32	-0,10	27,57	36,50	1505,15
576	30.08.2025 07:19:35	17,32	-0,08	27,57	36,50	1505,16
577	30.08.2025 07:19:36	17,29	-0,08	27,59	36,50	1505,09
578	30.08.2025 07:19:37	17,29	-0,10	27,59	36,50	1505,08
579	30.08.2025 07:19:38	17,29	-0,10	27,59	36,50	1505,08
580	30.08.2025 07:19:39	17,26	-0,10	27,61	36,50	1505,02
581	30.08.2025 07:19:40	17,26	-0,08	27,61	36,50	1505,02
582	30.08.2025 07:19:41	17,26	-0,08	27,61	36,50	1505,02
583	30.08.2025 07:19:42	17,26	-0,10	27,61	36,50	1505,01
584	30.08.2025 07:19:43	17,23	-0,08	27,63	36,50	1504,95
585	30.08.2025 07:19:44	17,23	-0,08	27,63	36,50	1504,95
586	30.08.2025 07:19:45	17,23	-0,06	27,63	36,50	1504,95
587	30.08.2025 07:19:46	17,20	-0,04	27,65	36,50	1504,89
588	30.08.2025 07:19:47	17,20	-0,04	27,65	36,50	1504,89
589	30.08.2025 07:19:48	17,20	-0,03	27,65	36,50	1504,89
590	30.08.2025 07:19:49	17,20	-0,03	27,65	36,50	1504,89
591	30.08.2025 07:19:50	17,20	-0,01	27,65	36,50	1504,89
592	30.08.2025 07:19:51	17,17	-0,01	27,67	36,50	1504,82
593	30.08.2025 07:19:52	17,17	-0,01	27,67	36,50	1504,82
594	30.08.2025 07:19:53	17,17	0,01	27,67	36,50	1504,83
595	30.08.2025 07:19:54	17,17	0,01	27,67	36,50	1504,83
596	30.08.2025 07:19:55	17,17	0,03	27,67	36,50	1504,83
597	30.08.2025 07:19:56	17,17	0,06	27,67	36,50	1504,83
598	30.08.2025 07:19:57	17,14	0,05	27,69	36,50	1504,76
599	30.08.2025 07:19:58	17,14	0,05	27,69	36,50	1504,76
600	30.08.2025 07:19:59	17,14	0,10	27,69	36,50	1504,77
601	30.08.2025 07:20:00	17,14	0,10	27,69	36,50	1504,77
602	30.08.2025 07:20:01	17,14	0,06	27,69	36,50	1504,77
603	30.08.2025 07:20:02	17,11	0,12	27,71	36,50	1504,71
604	30.08.2025 07:20:03	17,11	0,14	27,71	36,50	1504,71
605	30.08.2025 07:20:04	17,11	0,12	27,71	36,50	1504,71
606	30.08.2025 07:20:05	17,11	0,16	27,71	36,50	1504,71
607	30.08.2025 07:20:06	17,11	0,19	27,71	36,50	1504,72
608	30.08.2025 07:20:07	17,11	0,17	27,71	36,50	1504,71
609	30.08.2025 07:20:08	17,11	0,21	27,71	36,50	1504,72
610	30.08.2025 07:20:09	17,11	0,23	27,71	36,50	1504,72
611	30.08.2025 07:20:10	17,08	0,23	27,75	36,52	1504,68
612	30.08.2025 07:20:11	17,08	0,25	27,73	36,50	1504,66
613	30.08.2025 07:20:12	17,08	0,28	27,73	36,50	1504,66
614	30.08.2025 07:20:13	17,08	0,30	27,73	36,50	1504,67
615	30.08.2025 07:20:14	17,08	0,32	27,73	36,50	1504,67
616	30.08.2025 07:20:15	17,08	0,35	27,73	36,50	1504,67
617	30.08.2025 07:20:16	17,08	0,37	27,73	36,50	1504,68
618	30.08.2025 07:20:17	17,08	0,39	27,73	36,50	1504,68
619	30.08.2025 07:20:18	17,05	0,41	27,77	36,52	1504,64
620	30.08.2025 07:20:19	17,05	0,43	27,73	36,47	1504,59
621	30.08.2025 07:20:20	17,05	0,43	27,56	36,27	1504,40
622	30.08.2025 07:20:21	16,99	0,44	27,60	36,27	1504,26
623	30.08.2025 07:20:22	16,96	0,46	27,58	36,22	1504,15
624	30.08.2025 07:20:23	16,90	0,49	27,62	36,22	1504,01
625	30.08.2025 07:20:24	16,87	0,51	27,60	36,17	1503,90
626	30.08.2025 07:20:25	16,81	0,54	27,59	36,12	1503,71
627	30.08.2025 07:20:26	16,78	0,54	27,59	36,09	1503,62
628	30.08.2025 07:20:27	16,72	0,55	27,61	36,07	1503,46
629	30.08.2025 07:20:28	16,69	0,60	27,61	36,04	1503,37
630	30.08.2025 07:20:29	16,66	0,60	27,61	36,02	1503,28
631	30.08.2025 07:20:30	16,63	0,62	27,63	36,01	1503,21
632	30.08.2025 07:20:31	16,60	0,63	27,59	35,94	1503,07
633	30.08.2025 07:20:32	16,54	0,68	27,59	35,89	1502,89
634	30.08.2025 07:20:33	16,51	0,70	27,59	35,86	1502,79
635	30.08.2025 07:20:34	16,45	0,73	27,63	35,86	1502,66
636	30.08.2025 07:20:35	16,39	0,74	27,67	35,86	1502,52
637	30.08.2025 07:20:36	16,36	0,76	27,69	35,86	1502,45
638	30.08.2025 07:20:37	16,33	0,76	27,71	35,86	1502,38
639	30.08.2025 07:20:38	16,27	0,75	27,75	35,86	1502,23
640	30.08.2025 07:20:39	16,27	0,75	27,73	35,83	1502,21
641	30.08.2025 07:20:40	16,23	0,75	27,75	35,83	1502,14
642	30.08.2025 07:20:41	16,23	0,75	27,77	35,86	1502,16
643	30.08.2025 07:20:42	16,20	0,76	27,77	35,83	1502,07
644	30.08.2025 07:20:43	16,20	0,76	27,79	35,86	1502,09
645	30.08.2025 07:20:44	16,17	0,76	27,81	35,85	1502,02
646	30.08.2025 07:20:45	16,17	0,76	27,81	35,85	1502,02
647	30.08.2025 07:20:46	16,14	0,74	27,81	35,83	1501,92
648	30.08.2025 07:20:47	16,14	0,72	27,81	35,83	1501,92
649	30.08.2025 07:20:48	16,14	0,74	27,83	35,85	1501,95
650	30.08.2025 07:20:49	16,11	0,76	27,85	35,85	1501,88
651	30.08.2025 07:20:50	16,11	0,78	27,83	35,83	1501,86
652	30.08.2025 07:20:51	16,11	0,81	27,83	35,83	1501,86
653	30.08.2025 07:20:52	16,08	0,81	27,83	35,80	1501,77
654	30.08.2025 07:20:53	16,05	0,84	27,85	35,80	1501,70
655	30.08.2025 07:20:54	16,05	0,84	27,83	35,78	1501,68
656	30.08.2025 07:20:55	16,02	0,88	27,87	35,80	1501,63
657	30.08.2025 07:20:56	15,99	0,89	27,89	35,80	1501,56
658	30.08.2025 07:20:57	15,99	0,91	27,91	35,82	1501,59
659	30.08.2025 07:20:58	15,96	0,93	27,95	35,85	1501,55
660	30.08.2025 07:20:59	15,96	0,93	27,95	35,85	1501,55
661	30.08.2025 07:21:00	15,96	0,94	28,01	35,92	1501,63
662	30.08.2025 07:21:01	15,96	0,96	28,06	35,97	1501,68
663	30.08.2025 07:21:02	15,96	0,94	28,06	35,97	1501,68
664	30.08.2025 07:21:03	15,96	0,96	28,06	35,97	1501,68
665	30.08.2025 07:21:04	15,96	0,98	28,06	35,97	1501,68
666	30.08.2025 07:21:05	15,93	0,96	28,08	35,97	1501,61
667	30.08.2025 07:21:06	15,93	0,98	28,08	35,97	1501,61
668	30.08.2025 07:21:07	15,93	1,00	28,08	35,97	1501,61
669	30.08.2025 07:21:08	15,93	1,00	28,08	35,97	1501,61
670	30.08.2025 07:21:09	15,90	0,98	28,10	35,97	1501,54
671	30.08.2025 07:21:10	15,90	0,99	28,10	35,97	1501,54
672	30.08.2025 07:21:11	15,90	0,99	28,10	35,97	1501,54
673	30.08.2025 07:21:12	15,90	0,98	28,10	35,97	1501,54
674	30.08.2025 07:21:13	15,90	1,01	28,10	35,97	1501,54
675	30.08.2025 07:21:14	15,87	1,01	28,12	35,97	1501,47
676	30.08.2025 07:21:15	15,87	1,01	28,12	35,97	1501,47
677	30.08.2025 07:21:16	15,87	1,01	28,12	35,97	1501,47
678	30.08.2025 07:21:17	15,87	1,03	28,10	35,94	1501,45
679	30.08.2025 07:21:18	15,87	1,05	28,10	35,94	1501,45
680	30.08.2025 07:21:19	15,84	1,04	28,12	35,94	1501,38
681	30.08.2025 07:21:20	15,84	1,04	28,10	35,92	1501,36
682	30.08.2025 07:21:21	15,81	1,06	28,10	35,89	1501,26
683	30.08.2025 07:21:22	15,81	1,08	28,03	35,82	1501,19
684	30.08.2025 07:21:23	15,78	1,08	27,97	35,72	1501,02
685	30.08.2025 07:21:24	15,75	1,07	27,84	35,55	1500,77
686	30.08.2025 07:21:25	15,69	1,10	27,86	35,52	1500,60
687	30.08.2025 07:21:26	15,63	1,12	27,88	35,49	1500,43
688	30.08.2025 07:21:27	15,56	1,11	27,88	35,44	1500,24
689	30.08.2025 07:21:28	15,53	1,13	27,86	35,39	1500,12
690	30.08.2025 07:21:29	15,47	1,14	27,86	35,34	1499,92
691	30.08.2025 07:21:30	15,44	1,18	27,81	35,27	1499,78
692	30.08.2025 07:21:31	15,38	1,19	27,83	35,24	1499,61
693	30.08.2025 07:21:32	15,32	1,19	27,77	35,12	1499,33
694	30.08.2025 07:21:33	15,26	1,20	27,68	34,97	1499,04
695	30.08.2025 07:21:34	15,20	1,21	27,50	34,72	1498,63
696	30.08.2025 07:21:35	15,07	1,20	27,35	34,45	1498,05
697	30.08.2025 07:21:36	14,92	1,23	27,13	34,08	1497,30
698	30.08.2025 07:21:37	14,74	1,27	27,10	33,90	1496,67
699	30.08.2025 07:21:38	14,52	1,29	27,01	33,62	1495,85
700	30.08.2025 07:21:39	14,27	1,31	27,04	33,47	1495,08
701	30.08.2025 07:21:40	14,06	1,36	27,12	33,39	1494,47
702	30.08.2025 07:21:41	13,87	1,40	27,21	33,34	1493,95
703	30.08.2025 07:21:42	13,74	1,41	27,18	33,21	1493,51
704	30.08.2025 07:21:43	13,59	1,40	27,04	32,94	1492,82
705	30.08.2025 07:21:44	13,40	1,44	26,99	32,73	1492,13
706	30.08.2025 07:21:45	13,21	1,46	27,03	32,63	1491,54
707	30.08.2025 07:21:46	13,02	1,49	27,09	32,55	1490,98
708	30.08.2025 07:21:47	12,87	1,51	27,16	32,50	1490,52
709	30.08.2025 07:21:48	12,71	1,54	27,20	32,42	1490,03
710	30.08.2025 07:21:49	12,58	1,53	27,17	32,30	1489,56
711	30.08.2025 07:21:50	12,42	1,55	27,26	32,27	1489,13
712	30.08.2025 07:21:51	12,30	1,60	27,30	32,22	1488,75
713	30.08.2025 07:21:52	12,17	1,61	27,34	32,16	1488,36
714	30.08.2025 07:21:53	12,04	1,61	27,34	32,06	1487,91
715	30.08.2025 07:21:54	11,91	1,60	27,25	31,86	1487,35
716	30.08.2025 07:21:55	11,75	1,63	27,29	31,79	1486,84
717	30.08.2025 07:21:56	11,56	1,67	27,29	31,63	1486,17
718	30.08.2025 07:21:57	11,40	1,68	27,19	31,41	1485,48
719	30.08.2025 07:21:58	11,21	1,68	26,90	30,96	1484,44
720	30.08.2025 07:21:59	10,98	1,72	26,76	30,64	1483,45
721	30.08.2025 07:22:00	10,69	1,77	26,77	30,44	1482,43
722	30.08.2025 07:22:01	10,43	1,79	26,75	30,21	1481,45
723	30.08.2025 07:22:02	10,20	1,84	26,76	30,06	1480,64
724	30.08.2025 07:22:03	9,94	1,88	26,88	29,98	1479,82
725	30.08.2025 07:22:04	9,74	1,88	26,73	29,68	1478,91
726	30.08.2025 07:22:05	9,54	1,87	26,58	29,38	1477,98
727	30.08.2025 07:22:06	9,27	1,92	26,43	29,03	1476,80
728	30.08.2025 07:22:07	8,97	1,93	26,42	28,81	1475,66
729	30.08.2025 07:22:08	8,70	1,97	26,44	28,63	1474,67
730	30.08.2025 07:22:09	8,47	2,00	26,56	28,58	1473,93
731	30.08.2025 07:22:10	8,23	2,04	26,71	28,55	1473,22
732	30.08.2025 07:22:11	8,06	2,05	26,79	28,50	1472,66
733	30.08.2025 07:22:12	7,93	2,07	26,89	28,49	1472,26
734	30.08.2025 07:22:13	7,76	2,12	27,02	28,49	1471,77
735	30.08.2025 07:22:14	7,62	2,12	27,18	28,54	1471,43
736	30.08.2025 07:22:15	7,51	2,12	27,28	28,56	1471,16
737	30.08.2025 07:22:16	7,45	2,15	27,41	28,63	1471,06
738	30.08.2025 07:22:17	7,34	2,16	27,49	28,63	1470,76
739	30.08.2025 07:22:18	7,27	2,17	27,50	28,58	1470,49
740	30.08.2025 07:22:19	7,17	2,18	27,52	28,53	1470,12
741	30.08.2025 07:22:20	7,03	2,21	27,61	28,51	1469,69
742	30.08.2025 07:22:21	6,93	2,24	27,66	28,48	1469,35
743	30.08.2025 07:22:22	6,86	2,25	27,69	28,46	1469,11
744	30.08.2025 07:22:23	6,75	2,26	27,78	28,46	1468,80
745	30.08.2025 07:22:24	6,65	2,27	27,86	28,45	1468,49
746	30.08.2025 07:22:25	6,58	2,28	27,92	28,45	1468,29
747	30.08.2025 07:22:26	6,51	2,26	27,97	28,45	1468,08
748	30.08.2025 07:22:27	6,44	2,27	28,03	28,45	1467,87
749	30.08.2025 07:22:28	6,37	2,27	28,09	28,45	1467,66
750	30.08.2025 07:22:29	6,33	2,28	28,09	28,43	1467,52
751	30.08.2025 07:22:30	6,26	2,30	28,14	28,43	1467,32
752	30.08.2025 07:22:31	6,19	2,29	28,18	28,40	1467,07
753	30.08.2025 07:22:32	6,12	2,30	28,21	28,38	1466,83
754	30.08.2025 07:22:33	6,05	2,32	28,21	28,33	1466,55
755	30.08.2025 07:22:34	5,94	2,34	28,24	28,28	1466,17
756	30.08.2025 07:22:35	5,87	2,36	28,28	28,25	1465,92
757	30.08.2025 07:22:36	5,80	2,37	28,33	28,25	1465,71
758	30.08.2025 07:22:37	5,70	2,40	28,40	28,23	1465,36
759	30.08.2025 07:22:38	5,66	2,41	28,43	28,23	1465,25
760	30.08.2025 07:22:39	5,59	2,43	28,49	28,23	1465,04
761	30.08.2025 07:22:40	5,52	2,44	28,55	28,22	1464,83
762	30.08.2025 07:22:41	5,45	2,45	28,58	28,20	1464,58
763	30.08.2025 07:22:42	5,41	2,47	28,61	28,20	1464,47
764	30.08.2025 07:22:43	5,37	2,48	28,64	28,20	1464,37
765	30.08.2025 07:22:44	5,30	2,50	28,67	28,17	1464,12
766	30.08.2025 07:22:45	5,27	2,51	28,70	28,18	1464,01
767	30.08.2025 07:22:46	5,23	2,53	28,73	28,17	1463,91
768	30.08.2025 07:22:47	5,16	2,54	28,80	28,18	1463,69
769	30.08.2025 07:22:48	5,12	2,55	28,80	28,15	1463,55
770	30.08.2025 07:22:49	5,09	2,57	28,80	28,13	1463,41
771	30.08.2025 07:22:50	5,01	2,60	28,86	28,12	1463,19
772	30.08.2025 07:22:51	4,98	2,60	28,90	28,13	1463,08
773	30.08.2025 07:22:52	4,94	2,63	28,90	28,10	1462,94
774	30.08.2025 07:22:53	4,87	2,64	28,96	28,10	1462,72
775	30.08.2025 07:22:54	4,83	2,66	28,99	28,10	1462,62
776	30.08.2025 07:22:55	4,80	2,67	29,00	28,08	1462,47
777	30.08.2025 07:22:56	4,76	2,69	29,03	28,08	1462,36
778	30.08.2025 07:22:57	4,72	2,71	29,03	28,05	1462,22
779	30.08.2025 07:22:58	4,69	2,74	29,06	28,05	1462,11
780	30.08.2025 07:22:59	4,65	2,77	29,07	28,03	1461,97
781	30.08.2025 07:23:00	4,61	2,79	29,07	28,00	1461,83
782	30.08.2025 07:23:01	4,54	2,80	29,11	27,98	1461,57
783	30.08.2025 07:23:02	4,51	2,82	29,14	27,98	1461,46
784	30.08.2025 07:23:03	4,47	2,83	29,14	27,95	1461,32
785	30.08.2025 07:23:04	4,43	2,85	29,18	27,95	1461,21
786	30.08.2025 07:23:05	4,40	2,84	29,18	27,93	1461,06
787	30.08.2025 07:23:06	4,32	2,86	29,24	27,93	1460,84
788	30.08.2025 07:23:07	4,29	2,89	29,25	27,90	1460,69
789	30.08.2025 07:23:08	4,25	2,89	29,25	27,88	1460,54
790	30.08.2025 07:23:09	4,21	2,92	29,29	27,88	1460,44
791	30.08.2025 07:23:10	4,18	2,93	29,29	27,85	1460,29
792	30.08.2025 07:23:11	4,14	2,95	29,29	27,83	1460,14
793	30.08.2025 07:23:12	4,10	2,97	29,33	27,83	1460,03
794	30.08.2025 07:23:13	4,06	2,98	29,36	27,83	1459,92
795	30.08.2025 07:23:14	4,06	3,00	29,30	27,78	1459,85
796	30.08.2025 07:23:15	4,03	3,03	29,22	27,68	1459,59
797	30.08.2025 07:23:16	3,95	3,04	29,11	27,53	1459,14
798	30.08.2025 07:23:17	3,84	3,05	29,16	27,49	1458,73
799	30.08.2025 07:23:18	3,73	3,10	29,20	27,44	1458,31
800	30.08.2025 07:23:19	3,66	3,13	29,24	27,41	1458,05
801	30.08.2025 07:23:20	3,58	3,12	29,22	27,34	1457,71
802	30.08.2025 07:23:21	3,51	3,15	29,14	27,21	1457,29
803	30.08.2025 07:23:22	3,43	3,17	29,12	27,14	1456,94
804	30.08.2025 07:23:23	3,36	3,20	29,10	27,07	1456,60
805	30.08.2025 07:23:24	3,25	3,23	29,05	26,94	1456,06
806	30.08.2025 07:23:25	3,13	3,25	29,10	26,90	1455,64
807	30.08.2025 07:23:26	3,06	3,28	29,10	26,85	1455,33
808	30.08.2025 07:23:27	2,94	3,31	29,15	26,80	1454,90
809	30.08.2025 07:23:28	2,87	3,34	29,19	26,77	1454,62
810	30.08.2025 07:23:29	2,79	3,35	29,23	26,75	1454,35
811	30.08.2025 07:23:30	2,75	3,39	29,26	26,75	1454,23
812	30.08.2025 07:23:31	2,68	3,40	29,27	26,70	1453,92
813	30.08.2025 07:23:32	2,60	3,41	29,34	26,70	1453,68
814	30.08.2025 07:23:33	2,56	3,44	29,38	26,70	1453,56
815	30.08.2025 07:23:34	2,53	3,44	29,42	26,70	1453,44
816	30.08.2025 07:23:35	2,49	3,47	29,42	26,68	1453,29
817	30.08.2025 07:23:36	2,41	3,50	29,52	26,70	1453,09
818	30.08.2025 07:23:37	2,37	3,54	29,56	26,70	1452,98
819	30.08.2025 07:23:38	2,33	3,55	29,60	26,70	1452,86
820	30.08.2025 07:23:39	2,33	3,57	29,57	26,68	1452,82
821	30.08.2025 07:23:40	2,30	3,59	29,57	26,66	1452,66
822	30.08.2025 07:23:41	2,26	3,62	29,61	26,66	1452,54
823	30.08.2025 07:23:42	2,22	3,63	29,64	26,66	1452,42
824	30.08.2025 07:23:43	2,18	3,65	29,68	26,66	1452,31
825	30.08.2025 07:23:44	2,14	3,66	29,75	26,68	1452,23
826	30.08.2025 07:23:45	2,14	3,70	29,75	26,68	1452,23
827	30.08.2025 07:23:46	2,10	3,71	29,78	26,68	1452,11
828	30.08.2025 07:23:47	2,07	3,73	29,85	26,71	1452,03
829	30.08.2025 07:23:48	2,07	3,77	29,88	26,73	1452,08
830	30.08.2025 07:23:49	2,03	3,78	29,92	26,73	1451,96
831	30.08.2025 07:23:50	2,03	3,82	29,95	26,76	1452,01
832	30.08.2025 07:23:51	1,99	3,83	30,02	26,79	1451,93
833	30.08.2025 07:23:52	1,99	3,85	30,08	26,83	1452,01
834	30.08.2025 07:23:53	1,99	3,87	30,08	26,83	1452,01
835	30.08.2025 07:23:54	1,95	3,88	30,12	26,84	1451,89
836	30.08.2025 07:23:55	1,95	3,92	30,12	26,84	1451,90
837	30.08.2025 07:23:56	1,91	3,95	30,12	26,81	1451,74
838	30.08.2025 07:23:57	1,91	3,97	30,09	26,79	1451,70
839	30.08.2025 07:23:58	1,87	3,98	30,10	26,76	1451,54
840	30.08.2025 07:23:59	1,83	4,00	30,14	26,76	1451,42
841	30.08.2025 07:24:00	1,79	4,03	30,14	26,74	1451,26
842	30.08.2025 07:24:01	1,76	4,05	30,18	26,74	1451,14
843	30.08.2025 07:24:02	1,72	4,08	30,19	26,72	1450,99
844	30.08.2025 07:24:03	1,68	4,10	30,23	26,72	1450,87
845	30.08.2025 07:24:04	1,64	4,11	30,23	26,69	1450,70
846	30.08.2025 07:24:05	1,64	4,13	30,23	26,69	1450,71
847	30.08.2025 07:24:06	1,60	4,14	30,27	26,69	1450,58
848	30.08.2025 07:24:07	1,56	4,18	30,31	26,69	1450,47
849	30.08.2025 07:24:08	1,52	4,17	30,35	26,69	1450,34
850	30.08.2025 07:24:09	1,52	4,19	30,35	26,69	1450,34
851	30.08.2025 07:24:10	1,48	4,21	30,39	26,70	1450,22
852	30.08.2025 07:24:11	1,44	4,24	30,43	26,70	1450,11
853	30.08.2025 07:24:12	1,44	4,26	30,43	26,70	1450,11
854	30.08.2025 07:24:13	1,44	4,26	30,43	26,70	1450,11
855	30.08.2025 07:24:14	1,40	4,27	30,47	26,70	1449,99
856	30.08.2025 07:24:15	1,40	4,31	30,47	26,70	1449,99
857	30.08.2025 07:24:16	1,40	4,31	30,50	26,72	1450,03
858	30.08.2025 07:24:17	1,37	4,34	30,51	26,70	1449,87
859	30.08.2025 07:24:18	1,37	4,36	30,51	26,70	1449,88
860	30.08.2025 07:24:19	1,33	4,37	30,54	26,70	1449,75
861	30.08.2025 07:24:20	1,33	4,39	30,54	26,70	1449,76
862	30.08.2025 07:24:21	1,33	4,41	30,54	26,70	1449,76
863	30.08.2025 07:24:22	1,29	4,44	30,58	26,70	1449,64
864	30.08.2025 07:24:23	1,29	4,48	30,58	26,70	1449,65
865	30.08.2025 07:24:24	1,29	4,50	30,58	26,70	1449,65
866	30.08.2025 07:24:25	1,25	4,51	30,62	26,70	1449,53
867	30.08.2025 07:24:26	1,25	4,55	30,62	26,70	1449,53
868	30.08.2025 07:24:27	1,25	4,57	30,62	26,70	1449,53
869	30.08.2025 07:24:28	1,21	4,60	30,66	26,70	1449,41
870	30.08.2025 07:24:29	1,21	4,62	30,66	26,70	1449,42
871	30.08.2025 07:24:30	1,21	4,65	30,66	26,70	1449,42
872	30.08.2025 07:24:31	1,21	4,67	30,66	26,70	1449,43
873	30.08.2025 07:24:32	1,17	4,70	30,70	26,70	1449,31
874	30.08.2025 07:24:33	1,17	4,72	30,70	26,70	1449,31
875	30.08.2025 07:24:34	1,17	4,76	30,70	26,70	1449,31
876	30.08.2025 07:24:35	1,13	4,79	30,74	26,70	1449,20
877	30.08.2025 07:24:36	1,13	4,83	30,74	26,70	1449,20
878	30.08.2025 07:24:37	1,13	4,84	30,74	26,70	1449,20
879	30.08.2025 07:24:38	1,13	4,88	30,74	26,70	1449,21
880	30.08.2025 07:24:39	1,09	4,91	30,78	26,70	1449,09
881	30.08.2025 07:24:40	1,09	4,95	30,78	26,70	1449,09
882	30.08.2025 07:24:41	1,09	4,97	30,78	26,70	1449,10
883	30.08.2025 07:24:42	1,09	5,00	30,78	26,70	1449,10
884	30.08.2025 07:24:43	1,05	5,02	30,82	26,71	1448,98
885	30.08.2025 07:24:44	1,05	5,07	30,82	26,71	1448,99
886	30.08.2025 07:24:45	1,05	5,09	30,82	26,71	1448,99
887	30.08.2025 07:24:46	1,05	5,12	30,82	26,71	1449,00
888	30.08.2025 07:24:47	1,05	5,16	30,82	26,71	1449,00
889	30.08.2025 07:24:48	1,05	5,20	30,82	26,71	1449,01
890	30.08.2025 07:24:49	1,01	5,23	30,86	26,71	1448,89
891	30.08.2025 07:24:50	1,01	5,25	30,86	26,71	1448,89
892	30.08.2025 07:24:51	1,01	5,28	30,86	26,71	1448,90
893	30.08.2025 07:24:52	1,01	5,32	30,86	26,71	1448,90
894	30.08.2025 07:24:53	1,01	5,35	30,86	26,71	1448,91
895	30.08.2025 07:24:54	1,01	5,37	30,86	26,71	1448,91
896	30.08.2025 07:24:55	1,01	5,41	30,86	26,71	1448,92
897	30.08.2025 07:24:56	0,97	5,44	30,90	26,71	1448,80
898	30.08.2025 07:24:57	0,97	5,48	30,90	26,71	1448,80
899	30.08.2025 07:24:58	0,97	5,49	30,90	26,71	1448,80
900	30.08.2025 07:24:59	0,97	5,53	30,90	26,71	1448,81
901	30.08.2025 07:25:00	0,97	5,57	30,90	26,71	1448,81
902	30.08.2025 07:25:01	0,97	5,58	30,90	26,71	1448,82
903	30.08.2025 07:25:02	0,97	5,62	30,90	26,71	1448,82
904	30.08.2025 07:25:03	0,97	5,66	30,90	26,71	1448,83
905	30.08.2025 07:25:04	0,93	5,69	30,97	26,73	1448,75
906	30.08.2025 07:25:05	0,93	5,71	30,97	26,73	1448,75
907	30.08.2025 07:25:06	0,93	5,72	30,97	26,73	1448,76
908	30.08.2025 07:25:07	0,93	5,74	30,97	26,73	1448,76
909	30.08.2025 07:25:08	0,93	5,80	30,94	26,71	1448,72
910	30.08.2025 07:25:09	0,93	5,81	30,97	26,73	1448,77
911	30.08.2025 07:25:10	0,93	5,85	30,97	26,73	1448,78
912	30.08.2025 07:25:11	0,93	5,87	30,97	26,73	1448,78
913	30.08.2025 07:25:12	0,89	5,90	30,98	26,71	1448,62
914	30.08.2025 07:25:13	0,89	5,92	31,01	26,73	1448,66
915	30.08.2025 07:25:14	0,89	5,95	31,01	26,73	1448,67
916	30.08.2025 07:25:15	0,89	5,99	31,01	26,73	1448,67
917	30.08.2025 07:25:16	0,89	6,01	30,98	26,71	1448,63
918	30.08.2025 07:25:17	0,89	6,03	31,01	26,73	1448,68
919	30.08.2025 07:25:18	0,89	6,04	31,01	26,73	1448,68
920	30.08.2025 07:25:19	0,89	6,06	31,01	26,73	1448,68
921	30.08.2025 07:25:20	0,89	6,10	31,01	26,73	1448,69
922	30.08.2025 07:25:21	0,89	6,12	31,01	26,73	1448,69
923	30.08.2025 07:25:22	0,89	6,15	31,01	26,73	1448,70
924	30.08.2025 07:25:23	0,89	6,17	31,01	26,73	1448,70
925	30.08.2025 07:25:24	0,89	6,19	31,01	26,73	1448,70
926	30.08.2025 07:25:25	0,89	6,21	31,01	26,73	1448,71
927	30.08.2025 07:25:26	0,85	6,22	31,05	26,74	1448,58
928	30.08.2025 07:25:27	0,85	6,26	31,05	26,74	1448,59
929	30.08.2025 07:25:28	0,85	6,26	31,05	26,74	1448,59
930	30.08.2025 07:25:29	0,85	6,26	31,05	26,74	1448,59
931	30.08.2025 07:25:30	0,85	6,27	31,05	26,74	1448,59
932	30.08.2025 07:25:31	0,85	6,29	31,05	26,74	1448,59
933	30.08.2025 07:25:32	0,85	6,29	31,05	26,74	1448,59
934	30.08.2025 07:25:33	0,85	6,29	31,05	26,74	1448,59
935	30.08.2025 07:25:34	0,85	6,31	31,05	26,74	1448,60
936	30.08.2025 07:25:35	0,85	6,31	31,05	26,74	1448,60
937	30.08.2025 07:25:36	0,85	6,31	31,05	26,74	1448,60
938	30.08.2025 07:25:37	0,85	6,31	31,05	26,74	1448,60
939	30.08.2025 07:25:38	0,85	6,33	31,05	26,74	1448,60
940	30.08.2025 07:25:39	0,85	6,33	31,05	26,74	1448,60
941	30.08.2025 07:25:40	0,85	6,31	31,05	26,74	1448,60
942	30.08.2025 07:25:41	0,85	6,33	31,05	26,74	1448,60
943	30.08.2025 07:25:42	0,85	6,33	31,05	26,74	1448,60
944	30.08.2025 07:25:43	0,85	6,31	31,05	26,74	1448,60
945	30.08.2025 07:25:44	0,85	6,35	31,05	26,74	1448,60
946	30.08.2025 07:25:45	0,85	6,35	31,05	26,74	1448,60
947	30.08.2025 07:25:46	0,85	6,33	31,05	26,74	1448,60
948	30.08.2025 07:25:47	0,85	6,33	31,05	26,74	1448,60
949	30.08.2025 07:25:48	0,85	6,35	31,05	26,74	1448,60
950	30.08.2025 07:25:49	0,85	6,36	31,05	26,74	1448,60
951	30.08.2025 07:25:50	0,85	6,33	31,05	26,74	1448,60
952	30.08.2025 07:25:51	0,85	6,36	31,05	26,74	1448,60
953	30.08.2025 07:25:52	0,81	6,36	31,09	26,74	1448,48
954	30.08.2025 07:25:53	0,81	6,36	31,09	26,74	1448,48
955	30.08.2025 07:25:54	0,81	6,36	31,09	26,74	1448,48
956	30.08.2025 07:25:55	0,81	6,36	31,09	26,74	1448,48
957	30.08.2025 07:25:56	0,81	6,36	31,09	26,74	1448,48
958	30.08.2025 07:25:57	0,81	6,36	31,09	26,74	1448,48
959	30.08.2025 07:25:58	0,81	6,36	31,09	26,74	1448,48
960	30.08.2025 07:25:59	0,81	6,38	31,09	26,74	1448,48
961	30.08.2025 07:26:00	0,81	6,38	31,12	26,76	1448,52
962	30.08.2025 07:26:01	0,81	6,38	31,09	26,74	1448,48
963	30.08.2025 07:26:02	0,81	6,38	31,09	26,74	1448,48
964	30.08.2025 07:26:03	0,81	6,38	31,09	26,74	1448,48
965	30.08.2025 07:26:04	0,81	6,36	31,09	26,74	1448,48
966	30.08.2025 07:26:05	0,81	6,38	31,09	26,74	1448,48
967	30.08.2025 07:26:06	0,81	6,38	31,09	26,74	1448,48
968	30.08.2025 07:26:07	0,81	6,38	31,09	26,74	1448,48
969	30.08.2025 07:26:08	0,81	6,38	31,09	26,74	1448,48
970	30.08.2025 07:26:09	0,81	6,38	31,09	26,74	1448,48
971	30.08.2025 07:26:10	0,81	6,36	31,09	26,74	1448,48
972	30.08.2025 07:26:11	0,81	6,38	31,09	26,74	1448,48
973	30.08.2025 07:26:12	0,81	6,38	31,09	26,74	1448,48
974	30.08.2025 07:26:13	0,81	6,38	31,09	26,74	1448,48
975	30.08.2025 07:26:14	0,81	6,38	31,09	26,74	1448,48
976	30.08.2025 07:26:15	0,81	6,38	31,12	26,76	1448,52
977	30.08.2025 07:26:16	0,81	6,36	31,09	26,74	1448,48
978	30.08.2025 07:26:17	0,81	6,38	31,09	26,74	1448,48
979	30.08.2025 07:26:18	0,81	6,36	31,09	26,74	1448,48
980	30.08.2025 07:26:19	0,81	6,36	31,09	26,74	1448,48
981	30.08.2025 07:26:20	0,81	6,36	31,09	26,74	1448,48
982	30.08.2025 07:26:21	0,81	6,38	31,09	26,74	1448,48
983	30.08.2025 07:26:22	0,81	6,36	31,09	26,74	1448,48
984	30.08.2025 07:26:23	0,81	6,38	31,09	26,74	1448,48
985	30.08.2025 07:26:24	0,81	6,34	31,09	26,74	1448,47
986	30.08.2025 07:26:25	0,81	6,36	31,12	26,76	1448,52
987	30.08.2025 07:26:26	0,81	6,34	31,12	26,76	1448,52
988	30.08.2025 07:26:27	0,81	6,36	31,09	26,74	1448,48
989	30.08.2025 07:26:28	0,81	6,36	31,09	26,74	1448,48
990	30.08.2025 07:26:29	0,81	6,34	31,09	26,74	1448,47
991	30.08.2025 07:26:30	0,81	6,36	31,09	26,74	1448,48
992	30.08.2025 07:26:31	0,81	6,36	31,09	26,74	1448,48
993	30.08.2025 07:26:32	0,81	6,34	31,09	26,74	1448,47
994	30.08.2025 07:26:33	0,81	6,34	31,09	26,74	1448,47
995	30.08.2025 07:26:34	0,81	6,36	31,12	26,76	1448,52
996	30.08.2025 07:26:35	0,81	6,34	31,09	26,74	1448,47
997	30.08.2025 07:26:36	0,81	6,34	31,09	26,74	1448,47
998	30.08.2025 07:26:37	0,81	6,36	31,12	26,76	1448,52
999	30.08.2025 07:26:38	0,81	6,36	31,09	26,74	1448,48
1000	30.08.2025 07:26:39	0,81	6,36	31,09	26,74	1448,48
1001	30.08.2025 07:26:40	0,81	6,36	31,09	26,74	1448,48
1002	30.08.2025 07:26:41	0,81	6,34	31,09	26,74	1448,47
1003	30.08.2025 07:26:42	0,81	6,34	31,09	26,74	1448,47
1004	30.08.2025 07:26:43	0,81	6,36	31,09	26,74	1448,48
1005	30.08.2025 07:26:44	0,81	6,36	31,09	26,74	1448,48
1006	30.08.2025 07:26:45	0,81	6,34	31,09	26,74	1448,47
1007	30.08.2025 07:26:46	0,81	6,34	31,09	26,74	1448,47
1008	30.08.2025 07:26:47	0,81	6,36	31,12	26,76	1448,52
1009	30.08.2025 07:26:48	0,81	6,34	31,12	26,76	1448,52
1010	30.08.2025 07:26:49	0,81	6,34	31,09	26,74	1448,47
1011	30.08.2025 07:26:50	0,81	6,36	31,09	26,74	1448,48
1012	30.08.2025 07:26:51	0,81	6,34	31,09	26,74	1448,47
1013	30.08.2025 07:26:52	0,81	6,36	31,09	26,74	1448,48
1014	30.08.2025 07:26:53	0,81	6,34	31,09	26,74	1448,47
1015	30.08.2025 07:26:54	0,81	6,34	31,09	26,74	1448,47
1016	30.08.2025 07:26:55	0,81	6,38	31,09	26,74	1448,48
1017	30.08.2025 07:26:56	0,81	6,34	31,09	26,74	1448,47
1018	30.08.2025 07:26:57	0,81	6,34	31,09	26,74	1448,47
1019	30.08.2025 07:26:58	0,81	6,36	31,09	26,74	1448,48
1020	30.08.2025 07:26:59	0,81	6,36	31,09	26,74	1448,48
1021	30.08.2025 07:27:00	0,81	6,36	31,09	26,74	1448,48
1022	30.08.2025 07:27:01	0,81	6,34	31,09	26,74	1448,47
1023	30.08.2025 07:27:02	0,81	6,36	31,09	26,74	1448,48
1024	30.08.2025 07:27:03	0,81	6,36	31,09	26,74	1448,48
1025	30.08.2025 07:27:04	0,77	6,34	31,13	26,74	1448,35
1026	30.08.2025 07:27:05	0,81	6,36	31,12	26,76	1448,52
1027	30.08.2025 07:27:06	0,81	6,36	31,09	26,74	1448,48
1028	30.08.2025 07:27:07	0,81	6,34	31,09	26,74	1448,47
1029	30.08.2025 07:27:08	0,81	6,36	31,09	26,74	1448,48
1030	30.08.2025 07:27:09	0,81	6,36	31,12	26,76	1448,52
1031	30.08.2025 07:27:10	0,81	6,36	31,09	26,74	1448,48
1032	30.08.2025 07:27:11	0,81	6,34	31,12	26,76	1448,52
1033	30.08.2025 07:27:12	0,81	6,36	31,09	26,74	1448,48
1034	30.08.2025 07:27:13	0,81	6,36	31,12	26,76	1448,52
1035	30.08.2025 07:27:14	0,81	6,36	31,09	26,74	1448,48
1036	30.08.2025 07:27:15	0,81	6,34	31,12	26,76	1448,52
1037	30.08.2025 07:27:16	0,77	6,36	31,13	26,74	1448,35
1038	30.08.2025 07:27:17	0,81	6,36	31,12	26,76	1448,52
1039	30.08.2025 07:27:18	0,81	6,34	31,09	26,74	1448,47
1040	30.08.2025 07:27:19	0,81	6,36	31,12	26,76	1448,52
1041	30.08.2025 07:27:20	0,81	6,36	31,09	26,74	1448,48
1042	30.08.2025 07:27:21	0,81	6,34	31,09	26,74	1448,47
1043	30.08.2025 07:27:22	0,81	6,34	31,09	26,74	1448,47
1044	30.08.2025 07:27:23	0,81	6,36	31,09	26,74	1448,48
1045	30.08.2025 07:27:24	0,81	6,34	31,12	26,76	1448,52
1046	30.08.2025 07:27:25	0,81	6,36	31,09	26,74	1448,48
1047	30.08.2025 07:27:26	0,81	6,36	31,09	26,74	1448,48
1048	30.08.2025 07:27:27	0,81	6,36	31,09	26,74	1448,48
1049	30.08.2025 07:27:28	0,77	6,36	31,13	26,74	1448,35
1050	30.08.2025 07:27:29	0,81	6,36	31,12	26,76	1448,52
1051	30.08.2025 07:27:30	0,77	6,36	31,16	26,76	1448,39
1052	30.08.2025 07:27:31	0,81	6,36	31,12	26,76	1448,52
1053	30.08.2025 07:27:32	0,77	6,36	31,13	26,74	1448,35
1054	30.08.2025 07:27:33	0,81	6,36	31,09	26,74	1448,48
1055	30.08.2025 07:27:34	0,77	6,36	31,13	26,74	1448,35
1056	30.08.2025 07:27:35	0,77	6,36	31,16	26,76	1448,39
1057	30.08.2025 07:27:36	0,77	6,38	31,13	26,74	1448,35
1058	30.08.2025 07:27:37	0,77	6,36	31,16	26,76	1448,39
1059	30.08.2025 07:27:38	0,77	6,36	31,13	26,74	1448,35
1060	30.08.2025 07:27:39	0,81	6,36	31,09	26,74	1448,48
1061	30.08.2025 07:27:40	0,77	6,36	31,13	26,74	1448,35
1062	30.08.2025 07:27:41	0,77	6,36	31,13	26,74	1448,35
1063	30.08.2025 07:27:42	0,81	6,34	31,09	26,74	1448,47
1064	30.08.2025 07:27:43	0,77	6,36	31,13	26,74	1448,35
1065	30.08.2025 07:27:44	0,77	6,36	31,13	26,74	1448,35
1066	30.08.2025 07:27:45	0,77	6,34	31,13	26,74	1448,35
1067	30.08.2025 07:27:46	0,77	6,36	31,13	26,74	1448,35
1068	30.08.2025 07:27:47	0,77	6,38	31,16	26,76	1448,40
1069	30.08.2025 07:27:48	0,81	6,36	31,09	26,74	1448,48
1070	30.08.2025 07:27:49	0,81	6,36	31,12	26,76	1448,52
1071	30.08.2025 07:27:50	0,77	6,38	31,13	26,74	1448,35
1072	30.08.2025 07:27:51	0,77	6,38	31,13	26,74	1448,35
1073	30.08.2025 07:27:52	0,81	6,36	31,12	26,76	1448,52
1074	30.08.2025 07:27:53	0,81	6,36	31,12	26,76	1448,52
1075	30.08.2025 07:27:54	0,77	6,36	31,13	26,74	1448,35
1076	30.08.2025 07:27:55	0,77	6,36	31,16	26,76	1448,39
1077	30.08.2025 07:27:56	0,81	6,36	31,12	26,76	1448,52
1078	30.08.2025 07:27:57	0,77	6,36	31,13	26,74	1448,35
1079	30.08.2025 07:27:58	0,77	6,36	31,16	26,76	1448,39
1080	30.08.2025 07:27:59	0,77	6,38	31,13	26,74	1448,35
1081	30.08.2025 07:28:00	0,77	6,38	31,13	26,74	1448,35
1082	30.08.2025 07:28:01	0,77	6,36	31,16	26,76	1448,39
1083	30.08.2025 07:28:02	0,77	6,38	31,13	26,74	1448,35
1084	30.08.2025 07:28:03	0,77	6,38	31,13	26,74	1448,35
1085	30.08.2025 07:28:04	0,77	6,38	31,13	26,74	1448,35
1086	30.08.2025 07:28:05	0,77	6,38	31,13	26,74	1448,35
1087	30.08.2025 07:28:06	0,77	6,38	31,13	26,74	1448,35
1088	30.08.2025 07:28:07	0,77	6,38	31,13	26,74	1448,35
1089	30.08.2025 07:28:08	0,77	6,38	31,16	26,76	1448,40
1090	30.08.2025 07:28:09	0,81	6,40	31,12	26,76	1448,53
1091	30.08.2025 07:28:10	0,77	6,39	31,13	26,74	1448,36
1092	30.08.2025 07:28:11	0,77	6,38	31,13	26,74	1448,35
1093	30.08.2025 07:28:12	0,77	6,38	31,13	26,74	1448,35
1094	30.08.2025 07:28:13	0,77	6,38	31,16	26,76	1448,40
1095	30.08.2025 07:28:14	0,77	6,38	31,13	26,74	1448,35
1096	30.08.2025 07:28:15	0,77	6,39	31,13	26,74	1448,36
1097	30.08.2025 07:28:16	0,77	6,38	31,13	26,74	1448,35
1098	30.08.2025 07:28:17	0,77	6,38	31,13	26,74	1448,35
1099	30.08.2025 07:28:18	0,77	6,38	31,13	26,74	1448,35
1100	30.08.2025 07:28:19	0,77	6,38	31,16	26,76	1448,40
1101	30.08.2025 07:28:20	0,77	6,36	31,13	26,74	1448,35
1102	30.08.2025 07:28:21	0,77	6,38	31,13	26,74	1448,35
1103	30.08.2025 07:28:22	0,77	6,38	31,13	26,74	1448,35
1104	30.08.2025 07:28:23	0,77	6,38	31,13	26,74	1448,35
1105	30.08.2025 07:28:24	0,77	6,36	31,16	26,76	1448,39
1106	30.08.2025 07:28:25	0,77	6,38	31,13	26,74	1448,35
1107	30.08.2025 07:28:26	0,77	6,38	31,13	26,74	1448,35
1108	30.08.2025 07:28:27	0,77	6,36	31,16	26,76	1448,39
1109	30.08.2025 07:28:28	0,77	6,36	31,13	26,74	1448,35
1110	30.08.2025 07:28:29	0,77	6,38	31,13	26,74	1448,35
1111	30.08.2025 07:28:30	0,77	6,36	31,13	26,74	1448,35
1112	30.08.2025 07:28:31	0,77	6,36	31,16	26,76	1448,39
1113	30.08.2025 07:28:32	0,77	6,38	31,13	26,74	1448,35
1114	30.08.2025 07:28:33	0,77	6,36	31,13	26,74	1448,35
1115	30.08.2025 07:28:34	0,77	6,36	31,16	26,76	1448,39
1116	30.08.2025 07:28:35	0,77	6,38	31,16	26,76	1448,40
1117	30.08.2025 07:28:36	0,77	6,38	31,16	26,76	1448,40
1118	30.08.2025 07:28:37	0,77	6,38	31,13	26,74	1448,35
1119	30.08.2025 07:28:38	0,77	6,36	31,16	26,76	1448,39
1120	30.08.2025 07:28:39	0,77	6,38	31,13	26,74	1448,35
1121	30.08.2025 07:28:40	0,77	6,36	31,13	26,74	1448,35
1122	30.08.2025 07:28:41	0,77	6,38	31,16	26,76	1448,40
1123	30.08.2025 07:28:42	0,77	6,38	31,16	26,76	1448,40
1124	30.08.2025 07:28:43	0,77	6,36	31,16	26,76	1448,39
1125	30.08.2025 07:28:44	0,77	6,36	31,16	26,76	1448,39
1126	30.08.2025 07:28:45	0,77	6,38	31,13	26,74	1448,35
1127	30.08.2025 07:28:46	0,77	6,39	31,16	26,76	1448,40
1128	30.08.2025 07:28:47	0,77	6,38	31,13	26,74	1448,35
1129	30.08.2025 07:28:48	0,77	6,36	31,16	26,76	1448,39
1130	30.08.2025 07:28:49	0,77	6,38	31,16	26,76	1448,40
1131	30.08.2025 07:28:50	0,77	6,38	31,13	26,74	1448,35
1132	30.08.2025 07:28:51	0,77	6,36	31,13	26,74	1448,35
1133	30.08.2025 07:28:52	0,77	6,38	31,13	26,74	1448,35
1134	30.08.2025 07:28:53	0,77	6,38	31,16	26,76	1448,40
1135	30.08.2025 07:28:54	0,77	6,38	31,16	26,76	1448,40
1136	30.08.2025 07:28:55	0,77	6,36	31,16	26,76	1448,39
1137	30.08.2025 07:28:56	0,77	6,38	31,16	26,76	1448,40
1138	30.08.2025 07:28:57	0,77	6,38	31,16	26,76	1448,40
1139	30.08.2025 07:28:58	0,77	6,36	31,16	26,76	1448,39
1140	30.08.2025 07:28:59	0,77	6,38	31,13	26,74	1448,35
1141	30.08.2025 07:29:00	0,77	6,38	31,13	26,74	1448,35
1142	30.08.2025 07:29:01	0,77	6,36	31,16	26,76	1448,39
1143	30.08.2025 07:29:02	0,77	6,38	31,16	26,76	1448,40
1144	30.08.2025 07:29:03	0,77	6,38	31,16	26,76	1448,40
1145	30.08.2025 07:29:04	0,77	6,38	31,16	26,76	1448,40
1146	30.08.2025 07:29:05	0,77	6,36	31,16	26,76	1448,39
1147	30.08.2025 07:29:06	0,77	6,38	31,16	26,76	1448,40
1148	30.08.2025 07:29:07	0,77	6,38	31,16	26,76	1448,40
1149	30.08.2025 07:29:08	0,77	6,38	31,16	26,76	1448,40
1150	30.08.2025 07:29:09	0,77	6,38	31,16	26,76	1448,40
1151	30.08.2025 07:29:10	0,77	6,38	31,16	26,76	1448,40
1152	30.08.2025 07:29:11	0,77	6,36	31,16	26,76	1448,39
1153	30.08.2025 07:29:12	0,77	6,38	31,16	26,76	1448,40
1154	30.08.2025 07:29:13	0,77	6,36	31,16	26,76	1448,39
1155	30.08.2025 07:29:14	0,77	6,36	31,16	26,76	1448,39
1156	30.08.2025 07:29:15	0,77	6,36	31,16	26,76	1448,39
1157	30.08.2025 07:29:16	0,77	6,36	31,16	26,76	1448,39
1158	30.08.2025 07:29:17	0,77	6,34	31,16	26,76	1448,39
1159	30.08.2025 07:29:18	0,77	6,36	31,16	26,76	1448,39
1160	30.08.2025 07:29:19	0,77	6,38	31,16	26,76	1448,40
1161	30.08.2025 07:29:20	0,77	6,36	31,16	26,76	1448,39
1162	30.08.2025 07:29:21	0,77	6,38	31,16	26,76	1448,40
1163	30.08.2025 07:29:22	0,77	6,38	31,16	26,76	1448,40
1164	30.08.2025 07:29:23	0,77	6,36	31,16	26,76	1448,39
1165	30.08.2025 07:29:24	0,77	6,36	31,16	26,76	1448,39
1166	30.08.2025 07:29:25	0,77	6,36	31,16	26,76	1448,39
1167	30.08.2025 07:29:26	0,77	6,38	31,16	26,76	1448,40
1168	30.08.2025 07:29:27	0,77	6,38	31,13	26,74	1448,35
1169	30.08.2025 07:29:28	0,77	6,38	31,13	26,74	1448,35
1170	30.08.2025 07:29:29	0,77	6,38	31,13	26,74	1448,35
1171	30.08.2025 07:29:30	0,77	6,38	31,16	26,76	1448,40
1172	30.08.2025 07:29:31	0,77	6,38	31,16	26,76	1448,40
1173	30.08.2025 07:29:32	0,77	6,38	31,16	26,76	1448,40
1174	30.08.2025 07:29:33	0,77	6,38	31,16	26,76	1448,40
1175	30.08.2025 07:29:34	0,77	6,39	31,16	26,76	1448,40
1176	30.08.2025 07:29:35	0,77	6,38	31,16	26,76	1448,40
1177	30.08.2025 07:29:36	0,77	6,38	31,16	26,76	1448,40
1178	30.08.2025 07:29:37	0,77	6,38	31,16	26,76	1448,40
1179	30.08.2025 07:29:38	0,77	6,38	31,16	26,76	1448,40
1180	30.08.2025 07:29:39	0,77	6,39	31,13	26,74	1448,36
1181	30.08.2025 07:29:40	0,77	6,36	31,16	26,76	1448,39
1182	30.08.2025 07:29:41	0,77	6,36	31,16	26,76	1448,39
1183	30.08.2025 07:29:42	0,77	6,38	31,16	26,76	1448,40
1184	30.08.2025 07:29:43	0,77	6,38	31,16	26,76	1448,40
1185	30.08.2025 07:29:44	0,77	6,38	31,16	26,76	1448,40
1186	30.08.2025 07:29:45	0,77	6,36	31,16	26,76	1448,39
1187	30.08.2025 07:29:46	0,77	6,38	31,16	26,76	1448,40
1188	30.08.2025 07:29:47	0,77	6,38	31,16	26,76	1448,40
1189	30.08.2025 07:29:48	0,77	6,38	31,16	26,76	1448,40
1190	30.08.2025 07:29:49	0,77	6,38	31,16	26,76	1448,40
1191	30.08.2025 07:29:50	0,77	6,38	31,16	26,76	1448,40
1192	30.08.2025 07:29:51	0,77	6,39	31,16	26,76	1448,40
1193	30.08.2025 07:29:52	0,77	6,38	31,16	26,76	1448,40
1194	30.08.2025 07:29:53	0,77	6,38	31,16	26,76	1448,40
1195	30.08.2025 07:29:54	0,77	6,39	31,16	26,76	1448,40
1196	30.08.2025 07:29:55	0,77	6,38	31,16	26,76	1448,40
1197	30.08.2025 07:29:56	0,77	6,38	31,16	26,76	1448,40
1198	30.08.2025 07:29:57	0,77	6,38	31,16	26,76	1448,40
1199	30.08.2025 07:29:58	0,77	6,39	31,16	26,76	1448,40
1200	30.08.2025 07:29:59	0,77	6,38	31,16	26,76	1448,40
1201	30.08.2025 07:30:00	0,77	6,38	31,16	26,76	1448,40
1202	30.08.2025 07:30:01	0,77	6,39	31,16	26,76	1448,40
1203	30.08.2025 07:30:02	0,77	6,38	31,16	26,76	1448,40
1204	30.08.2025 07:30:03	0,77	6,38	31,16	26,76	1448,40
1205	30.08.2025 07:30:04	0,77	6,39	31,16	26,76	1448,40
1206	30.08.2025 07:30:05	0,77	6,39	31,16	26,76	1448,40
1207	30.08.2025 07:30:06	0,77	6,38	31,16	26,76	1448,40
1208	30.08.2025 07:30:07	0,77	6,39	31,16	26,76	1448,40
1209	30.08.2025 07:30:08	0,77	6,38	31,16	26,76	1448,40
1210	30.08.2025 07:30:09	0,77	6,38	31,16	26,76	1448,40
1211	30.08.2025 07:30:10	0,77	6,36	31,16	26,76	1448,39
1212	30.08.2025 07:30:11	0,77	6,38	31,16	26,76	1448,40
1213	30.08.2025 07:30:12	0,77	6,39	31,16	26,76	1448,40
1214	30.08.2025 07:30:13	0,77	6,38	31,16	26,76	1448,40
1215	30.08.2025 07:30:14	0,77	6,38	31,16	26,76	1448,40
1216	30.08.2025 07:30:15	0,77	6,41	31,16	26,76	1448,40
1217	30.08.2025 07:30:16	0,77	6,39	31,16	26,76	1448,40
1218	30.08.2025 07:30:17	0,77	6,39	31,16	26,76	1448,40
1219	30.08.2025 07:30:18	0,77	6,38	31,16	26,76	1448,40
1220	30.08.2025 07:30:19	0,77	6,39	31,16	26,76	1448,40
1221	30.08.2025 07:30:20	0,77	6,39	31,16	26,76	1448,40
1222	30.08.2025 07:30:21	0,77	6,39	31,16	26,76	1448,40
1223	30.08.2025 07:30:22	0,77	6,39	31,16	26,76	1448,40
1224	30.08.2025 07:30:23	0,77	6,39	31,16	26,76	1448,40
1225	30.08.2025 07:30:24	0,77	6,38	31,16	26,76	1448,40
1226	30.08.2025 07:30:25	0,77	6,38	31,16	26,76	1448,40
1227	30.08.2025 07:30:26	0,77	6,38	31,16	26,76	1448,40
1228	30.08.2025 07:30:27	0,77	6,38	31,16	26,76	1448,40
1229	30.08.2025 07:30:28	0,77	6,39	31,16	26,76	1448,40
1230	30.08.2025 07:30:29	0,77	6,41	31,16	26,76	1448,40
1231	30.08.2025 07:30:30	0,77	6,41	31,16	26,76	1448,40
1232	30.08.2025 07:30:31	0,77	6,43	31,16	26,76	1448,41
1233	30.08.2025 07:30:32	0,77	6,43	31,16	26,76	1448,41
1234	30.08.2025 07:30:33	0,77	6,43	31,16	26,76	1448,41
1235	30.08.2025 07:30:34	0,77	6,43	31,16	26,76	1448,41
1236	30.08.2025 07:30:35	0,77	6,43	31,16	26,76	1448,41
1237	30.08.2025 07:30:36	0,77	6,41	31,16	26,76	1448,40
1238	30.08.2025 07:30:37	0,77	6,41	31,16	26,76	1448,40
1239	30.08.2025 07:30:38	0,77	6,41	31,16	26,76	1448,40
1240	30.08.2025 07:30:39	0,77	6,39	31,16	26,76	1448,40
1241	30.08.2025 07:30:40	0,77	6,39	31,16	26,76	1448,40
1242	30.08.2025 07:30:41	0,77	6,36	31,16	26,76	1448,39
1243	30.08.2025 07:30:42	0,77	6,34	31,13	26,74	1448,35
1244	30.08.2025 07:30:43	0,77	6,32	31,16	26,76	1448,39
1245	30.08.2025 07:30:44	0,77	6,30	31,16	26,76	1448,39
1246	30.08.2025 07:30:45	0,77	6,27	31,16	26,76	1448,38
1247	30.08.2025 07:30:46	0,77	6,23	31,16	26,76	1448,37
1248	30.08.2025 07:30:47	0,77	6,20	31,16	26,76	1448,37
1249	30.08.2025 07:30:48	0,77	6,16	31,16	26,76	1448,36
1250	30.08.2025 07:30:49	0,77	6,12	31,16	26,76	1448,36
1251	30.08.2025 07:30:50	0,77	6,11	31,16	26,76	1448,36
1252	30.08.2025 07:30:51	0,77	6,05	31,16	26,76	1448,35
1253	30.08.2025 07:30:52	0,77	6,02	31,16	26,76	1448,34
1254	30.08.2025 07:30:53	0,77	5,98	31,17	26,76	1448,34
1255	30.08.2025 07:30:54	0,77	5,95	31,17	26,76	1448,33
1256	30.08.2025 07:30:55	0,77	5,93	31,17	26,76	1448,33
1257	30.08.2025 07:30:56	0,77	5,87	31,17	26,76	1448,32
1258	30.08.2025 07:30:57	0,77	5,86	31,17	26,76	1448,32
1259	30.08.2025 07:30:58	0,77	5,82	31,17	26,76	1448,31
1260	30.08.2025 07:30:59	0,77	5,77	31,17	26,76	1448,30
1261	30.08.2025 07:31:00	0,77	5,75	31,17	26,76	1448,30
1262	30.08.2025 07:31:01	0,77	5,73	31,17	26,76	1448,30
1263	30.08.2025 07:31:02	0,77	5,69	31,17	26,76	1448,29
1264	30.08.2025 07:31:03	0,77	5,68	31,17	26,76	1448,29
1265	30.08.2025 07:31:04	0,77	5,64	31,17	26,76	1448,28
1266	30.08.2025 07:31:05	0,77	5,62	31,17	26,76	1448,28
1267	30.08.2025 07:31:06	0,77	5,60	31,17	26,76	1448,28
1268	30.08.2025 07:31:07	0,77	5,57	31,17	26,76	1448,27
1269	30.08.2025 07:31:08	0,77	5,57	31,17	26,76	1448,27
1270	30.08.2025 07:31:09	0,77	5,55	31,17	26,76	1448,27
1271	30.08.2025 07:31:10	0,77	5,52	31,17	26,76	1448,26
1272	30.08.2025 07:31:11	0,77	5,50	31,17	26,76	1448,26
1273	30.08.2025 07:31:12	0,77	5,50	31,17	26,76	1448,26
1274	30.08.2025 07:31:13	0,77	5,48	31,17	26,76	1448,26
1275	30.08.2025 07:31:14	0,77	5,48	31,17	26,76	1448,26
1276	30.08.2025 07:31:15	0,77	5,46	31,17	26,76	1448,26
1277	30.08.2025 07:31:16	0,77	5,44	31,17	26,76	1448,25
1278	30.08.2025 07:31:17	0,77	5,43	31,14	26,74	1448,21
1279	30.08.2025 07:31:18	0,77	5,43	31,17	26,76	1448,25
1280	30.08.2025 07:31:19	0,77	5,39	31,17	26,76	1448,24
1281	30.08.2025 07:31:20	0,77	5,37	31,17	26,76	1448,24
1282	30.08.2025 07:31:21	0,77	5,35	31,17	26,76	1448,24
1283	30.08.2025 07:31:22	0,77	5,34	31,17	26,76	1448,24
1284	30.08.2025 07:31:23	0,77	5,32	31,17	26,76	1448,23
1285	30.08.2025 07:31:24	0,77	5,32	31,17	26,76	1448,23
1286	30.08.2025 07:31:25	0,77	5,30	31,17	26,76	1448,23
1287	30.08.2025 07:31:26	0,77	5,28	31,17	26,76	1448,23
1288	30.08.2025 07:31:27	0,77	5,28	31,14	26,74	1448,18
1289	30.08.2025 07:31:28	0,77	5,26	31,14	26,74	1448,18
1290	30.08.2025 07:31:29	0,77	5,25	31,14	26,74	1448,18
1291	30.08.2025 07:31:30	0,77	5,23	31,14	26,74	1448,18
1292	30.08.2025 07:31:31	0,77	5,23	31,14	26,74	1448,18
1293	30.08.2025 07:31:32	0,77	5,21	31,14	26,74	1448,17
1294	30.08.2025 07:31:33	0,77	5,19	31,14	26,74	1448,17
1295	30.08.2025 07:31:34	0,81	5,18	31,10	26,74	1448,29
1296	30.08.2025 07:31:35	0,77	5,16	31,14	26,74	1448,17
1297	30.08.2025 07:31:36	0,77	5,12	31,14	26,74	1448,16
1298	30.08.2025 07:31:37	0,81	5,12	31,10	26,74	1448,29
1299	30.08.2025 07:31:38	0,81	5,11	31,10	26,74	1448,28
1300	30.08.2025 07:31:39	0,81	5,07	31,10	26,74	1448,28
1301	30.08.2025 07:31:40	0,81	5,05	31,10	26,74	1448,27
1302	30.08.2025 07:31:41	0,81	5,03	31,10	26,74	1448,27
1303	30.08.2025 07:31:42	0,81	5,02	31,10	26,74	1448,27
1304	30.08.2025 07:31:43	0,81	5,02	31,10	26,74	1448,27
1305	30.08.2025 07:31:44	0,81	4,98	31,10	26,74	1448,26
1306	30.08.2025 07:31:45	0,81	4,96	31,10	26,74	1448,26
1307	30.08.2025 07:31:46	0,81	4,93	31,10	26,74	1448,26
1308	30.08.2025 07:31:47	0,81	4,93	31,10	26,74	1448,26
1309	30.08.2025 07:31:48	0,81	4,89	31,10	26,74	1448,25
1310	30.08.2025 07:31:49	0,81	4,87	31,10	26,74	1448,25
1311	30.08.2025 07:31:50	0,81	4,85	31,10	26,74	1448,24
1312	30.08.2025 07:31:51	0,81	4,82	31,10	26,74	1448,24
1313	30.08.2025 07:31:52	0,81	4,80	31,10	26,74	1448,24
1314	30.08.2025 07:31:53	0,81	4,80	31,10	26,74	1448,24
1315	30.08.2025 07:31:54	0,81	4,76	31,10	26,74	1448,23
1316	30.08.2025 07:31:55	0,81	4,75	31,10	26,74	1448,23
1317	30.08.2025 07:31:56	0,85	4,75	31,06	26,74	1448,35
1318	30.08.2025 07:31:57	0,81	4,71	31,10	26,74	1448,22
1319	30.08.2025 07:31:58	0,85	4,71	31,06	26,74	1448,35
1320	30.08.2025 07:31:59	0,85	4,71	31,06	26,74	1448,35
1321	30.08.2025 07:32:00	0,85	4,70	31,06	26,74	1448,35
1322	30.08.2025 07:32:01	0,85	4,68	31,06	26,74	1448,34
1323	30.08.2025 07:32:02	0,85	4,64	31,06	26,74	1448,34
1324	30.08.2025 07:32:03	0,85	4,64	31,06	26,74	1448,34
1325	30.08.2025 07:32:04	0,85	4,61	31,06	26,74	1448,33
1326	30.08.2025 07:32:05	0,85	4,61	31,06	26,74	1448,33
1327	30.08.2025 07:32:06	0,85	4,57	31,06	26,74	1448,33
1328	30.08.2025 07:32:07	0,85	4,53	31,09	26,76	1448,36
1329	30.08.2025 07:32:08	0,89	4,52	31,05	26,76	1448,49
1330	30.08.2025 07:32:09	0,89	4,48	31,05	26,76	1448,48
1331	30.08.2025 07:32:10	0,89	4,45	31,05	26,76	1448,48
1332	30.08.2025 07:32:11	0,89	4,43	31,05	26,76	1448,47
1333	30.08.2025 07:32:12	0,89	4,41	31,05	26,76	1448,47
1334	30.08.2025 07:32:13	0,89	4,38	31,05	26,76	1448,46
1335	30.08.2025 07:32:14	0,89	4,34	31,05	26,76	1448,46
1336	30.08.2025 07:32:15	0,93	4,34	31,01	26,76	1448,58
1337	30.08.2025 07:32:16	0,93	4,33	31,01	26,76	1448,58
1338	30.08.2025 07:32:17	0,93	4,31	31,01	26,76	1448,58
1339	30.08.2025 07:32:18	0,93	4,29	31,01	26,76	1448,58
1340	30.08.2025 07:32:19	0,93	4,25	31,01	26,76	1448,57
1341	30.08.2025 07:32:20	0,93	4,22	31,04	26,78	1448,61
1342	30.08.2025 07:32:21	0,97	4,20	31,03	26,81	1448,77
1343	30.08.2025 07:32:22	1,01	4,17	31,06	26,86	1448,98
1344	30.08.2025 07:32:23	1,05	4,14	31,01	26,85	1449,10
1345	30.08.2025 07:32:24	1,05	4,07	31,02	26,85	1449,09
1346	30.08.2025 07:32:25	1,09	4,03	30,97	26,85	1449,20
1347	30.08.2025 07:32:26	1,13	4,02	30,93	26,85	1449,33
1348	30.08.2025 07:32:27	1,13	3,98	30,94	26,85	1449,32
1349	30.08.2025 07:32:28	1,13	3,93	30,94	26,85	1449,31
1350	30.08.2025 07:32:29	1,17	3,89	30,89	26,85	1449,43
1351	30.08.2025 07:32:30	1,17	3,86	30,83	26,80	1449,34
1352	30.08.2025 07:32:31	1,17	3,82	30,80	26,78	1449,30
1353	30.08.2025 07:32:32	1,17	3,79	30,80	26,78	1449,29
1354	30.08.2025 07:32:33	1,21	3,75	30,73	26,75	1449,37
1355	30.08.2025 07:32:34	1,21	3,74	30,76	26,78	1449,41
1356	30.08.2025 07:32:35	1,21	3,70	30,76	26,78	1449,40
1357	30.08.2025 07:32:36	1,21	3,66	30,79	26,80	1449,44
1358	30.08.2025 07:32:37	1,25	3,63	30,75	26,80	1449,56
1359	30.08.2025 07:32:38	1,25	3,61	30,75	26,80	1449,55
1360	30.08.2025 07:32:39	1,25	3,56	30,75	26,80	1449,55
1361	30.08.2025 07:32:40	1,25	3,54	30,75	26,80	1449,54
1362	30.08.2025 07:32:41	1,29	3,51	30,71	26,80	1449,66
1363	30.08.2025 07:32:42	1,29	3,45	30,71	26,80	1449,65
1364	30.08.2025 07:32:43	1,29	3,44	30,71	26,80	1449,65
1365	30.08.2025 07:32:44	1,33	3,40	30,68	26,80	1449,77
1366	30.08.2025 07:32:45	1,33	3,39	30,68	26,80	1449,77
1367	30.08.2025 07:32:46	1,33	3,35	30,71	26,82	1449,80
1368	30.08.2025 07:32:47	1,33	3,33	30,71	26,82	1449,80
1369	30.08.2025 07:32:48	1,37	3,30	30,67	26,82	1449,92
1370	30.08.2025 07:32:49	1,37	3,26	30,67	26,82	1449,91
1371	30.08.2025 07:32:50	1,37	3,26	30,70	26,85	1449,95
1372	30.08.2025 07:32:51	1,37	3,21	30,70	26,85	1449,95
1373	30.08.2025 07:32:52	1,40	3,18	30,69	26,87	1450,11
1374	30.08.2025 07:32:53	1,40	3,16	30,69	26,87	1450,10
1375	30.08.2025 07:32:54	1,44	3,16	30,96	27,12	1450,64
1376	30.08.2025 07:32:55	1,52	3,13	31,04	27,24	1451,09
1377	30.08.2025 07:32:56	1,60	3,12	31,21	27,44	1451,66
1378	30.08.2025 07:32:57	1,72	3,07	31,31	27,61	1452,30
1379	30.08.2025 07:32:58	1,83	3,01	31,25	27,66	1452,74
1380	30.08.2025 07:32:59	1,95	2,98	31,17	27,68	1453,13
1381	30.08.2025 07:33:00	2,07	2,96	31,08	27,70	1453,53
1382	30.08.2025 07:33:01	2,10	2,94	31,07	27,73	1453,69
1383	30.08.2025 07:33:02	2,18	2,89	31,03	27,75	1453,96
1384	30.08.2025 07:33:03	2,22	2,88	30,99	27,75	1454,07
1385	30.08.2025 07:33:04	2,26	2,86	30,98	27,77	1454,23
1386	30.08.2025 07:33:05	2,30	2,83	31,00	27,82	1454,42
1387	30.08.2025 07:33:06	2,37	2,80	30,96	27,85	1454,70
1388	30.08.2025 07:33:07	2,41	2,79	30,92	27,85	1454,81
1389	30.08.2025 07:33:08	2,45	2,75	30,88	27,85	1454,92
1390	30.08.2025 07:33:09	2,49	2,74	30,84	27,84	1455,04
1391	30.08.2025 07:33:10	2,53	2,72	30,84	27,87	1455,19
1392	30.08.2025 07:33:11	2,53	2,70	30,87	27,89	1455,23
1393	30.08.2025 07:33:12	2,56	2,67	30,86	27,92	1455,38
1394	30.08.2025 07:33:13	2,60	2,62	30,85	27,94	1455,53
1395	30.08.2025 07:33:14	2,64	2,59	30,85	27,97	1455,68
1396	30.08.2025 07:33:15	2,68	2,57	30,81	27,97	1455,80
1397	30.08.2025 07:33:16	2,72	2,54	30,77	27,97	1455,91
1398	30.08.2025 07:33:17	2,75	2,49	30,77	27,99	1456,06
1399	30.08.2025 07:33:18	2,79	2,47	30,76	28,01	1456,21
1400	30.08.2025 07:33:19	2,83	2,44	30,75	28,04	1456,36
1401	30.08.2025 07:33:20	2,83	2,40	30,78	28,06	1456,40
1402	30.08.2025 07:33:21	2,87	2,35	30,78	28,09	1456,54
1403	30.08.2025 07:33:22	2,91	2,34	30,77	28,11	1456,70
1404	30.08.2025 07:33:23	2,94	2,32	30,76	28,14	1456,85
1405	30.08.2025 07:33:24	2,98	2,27	30,76	28,16	1456,99
1406	30.08.2025 07:33:25	3,02	2,26	30,78	28,21	1457,19
1407	30.08.2025 07:33:26	3,06	2,20	30,77	28,23	1457,33
1408	30.08.2025 07:33:27	3,10	2,15	30,76	28,26	1457,48
1409	30.08.2025 07:33:28	3,17	2,14	30,75	28,31	1457,78
1410	30.08.2025 07:33:29	3,21	2,09	30,74	28,33	1457,93
1411	30.08.2025 07:33:30	3,25	2,06	30,80	28,40	1458,15
1412	30.08.2025 07:33:31	3,32	2,01	30,78	28,45	1458,45
1413	30.08.2025 07:33:32	3,40	2,00	30,80	28,53	1458,79
1414	30.08.2025 07:33:33	3,43	1,96	30,88	28,62	1459,05
1415	30.08.2025 07:33:34	3,51	1,93	30,90	28,70	1459,39
1416	30.08.2025 07:33:35	3,62	1,89	30,85	28,75	1459,79
1417	30.08.2025 07:33:36	3,73	1,88	30,86	28,84	1460,28
1418	30.08.2025 07:33:37	3,81	1,83	30,62	28,70	1460,27
1419	30.08.2025 07:33:38	3,92	1,78	30,66	28,82	1460,79
1420	30.08.2025 07:33:39	3,99	1,77	30,70	28,92	1461,16
1421	30.08.2025 07:33:40	4,10	1,76	31,15	29,38	1462,20
1422	30.08.2025 07:33:41	4,29	1,72	31,63	29,95	1463,59
1423	30.08.2025 07:33:42	4,54	1,70	31,76	30,27	1464,82
1424	30.08.2025 07:33:43	4,87	1,64	31,61	30,41	1465,98
1425	30.08.2025 07:33:44	5,12	1,55	31,51	30,54	1466,88
1426	30.08.2025 07:33:45	5,34	1,51	31,78	30,95	1468,10
1427	30.08.2025 07:33:46	5,59	1,60	32,21	31,55	1469,69
1428	30.08.2025 07:33:47	5,94	1,41	31,63	31,32	1470,34
1429	30.08.2025 07:33:48	6,12	1,44	32,23	32,01	1471,83
1430	30.08.2025 07:33:49	6,44	1,37	32,15	32,21	1472,97
1431	30.08.2025 07:33:50	6,75	1,32	31,83	32,19	1473,81
1432	30.08.2025 07:33:51	7,03	1,29	31,71	32,31	1474,74
1433	30.08.2025 07:33:52	7,27	1,25	31,84	32,64	1475,84
1434	30.08.2025 07:33:53	7,55	1,25	32,19	33,20	1477,36
1435	30.08.2025 07:33:54	7,93	1,23	32,22	33,55	1478,83
1436	30.08.2025 07:33:55	8,30	1,18	32,14	33,80	1480,15
1437	30.08.2025 07:33:56	8,70	1,14	32,19	34,20	1481,73
1438	30.08.2025 07:33:57	9,11	1,06	32,34	34,69	1483,40
1439	30.08.2025 07:33:58	9,51	1,04	32,24	34,95	1484,75
1440	30.08.2025 07:33:59	9,84	0,97	32,00	35,00	1485,65
1441	30.08.2025 07:34:00	10,17	0,94	31,77	35,06	1486,56
1442	30.08.2025 07:34:01	10,36	0,90	31,67	35,14	1487,14
1443	30.08.2025 07:34:02	10,56	0,91	31,73	35,36	1487,92
1444	30.08.2025 07:34:03	10,75	0,89	31,71	35,51	1488,59
1445	30.08.2025 07:34:04	10,98	0,87	31,61	35,62	1489,28
1446	30.08.2025 07:34:05	11,17	0,87	31,50	35,67	1489,82
1447	30.08.2025 07:34:06	11,34	0,86	31,37	35,67	1490,23
1448	30.08.2025 07:34:07	11,53	0,84	31,18	35,65	1490,68
1449	30.08.2025 07:34:08	11,69	0,83	31,05	35,66	1491,08
1450	30.08.2025 07:34:09	11,82	0,84	30,95	35,66	1491,40
1451	30.08.2025 07:34:10	11,95	0,85	30,85	35,66	1491,72
1452	30.08.2025 07:34:11	12,07	0,84	30,81	35,74	1492,12
1453	30.08.2025 07:34:12	12,20	0,85	30,71	35,74	1492,44
1454	30.08.2025 07:34:13	12,30	0,84	30,64	35,75	1492,67
1455	30.08.2025 07:34:14	12,42	0,81	30,56	35,77	1493,01
1456	30.08.2025 07:34:15	12,52	0,84	30,49	35,78	1493,25
1457	30.08.2025 07:34:16	12,61	0,81	30,41	35,78	1493,48
1458	30.08.2025 07:34:17	12,74	0,82	30,31	35,78	1493,79
1459	30.08.2025 07:34:18	12,80	0,80	30,26	35,78	1493,95
1460	30.08.2025 07:34:19	12,90	0,79	30,19	35,79	1494,18
1461	30.08.2025 07:34:20	12,96	0,78	30,12	35,76	1494,30
1462	30.08.2025 07:34:21	13,05	0,75	30,00	35,72	1494,48
1463	30.08.2025 07:34:22	13,12	0,74	29,98	35,74	1494,66
1464	30.08.2025 07:34:23	13,21	0,73	29,90	35,75	1494,88
1465	30.08.2025 07:34:24	13,27	0,70	29,88	35,77	1495,06
1466	30.08.2025 07:34:25	13,34	0,68	29,81	35,75	1495,18
1467	30.08.2025 07:34:26	13,43	0,69	29,74	35,75	1495,42
1468	30.08.2025 07:34:27	13,49	0,67	29,69	35,75	1495,57
1469	30.08.2025 07:34:28	13,56	0,64	29,65	35,76	1495,71
1470	30.08.2025 07:34:29	13,62	0,63	29,62	35,78	1495,89
1471	30.08.2025 07:34:30	13,68	0,65	29,57	35,78	1496,05
1472	30.08.2025 07:34:31	13,74	0,62	29,53	35,79	1496,19
1473	30.08.2025 07:34:32	13,81	0,61	29,50	35,81	1496,37
1474	30.08.2025 07:34:33	13,87	0,61	29,46	35,81	1496,52
1475	30.08.2025 07:34:34	13,93	0,58	29,41	35,82	1496,67
1476	30.08.2025 07:34:35	13,99	0,59	29,37	35,82	1496,82
1477	30.08.2025 07:34:36	14,06	0,57	29,32	35,82	1496,97
1478	30.08.2025 07:34:37	14,09	0,57	29,32	35,84	1497,07
1479	30.08.2025 07:34:38	14,15	0,56	29,27	35,85	1497,22
1480	30.08.2025 07:34:39	14,21	0,56	29,23	35,85	1497,37
1481	30.08.2025 07:34:40	14,27	0,55	29,18	35,85	1497,52
1482	30.08.2025 07:34:41	14,30	0,55	29,18	35,87	1497,62
1483	30.08.2025 07:34:42	14,37	0,54	29,14	35,88	1497,76
1484	30.08.2025 07:34:43	14,40	0,52	29,12	35,88	1497,84
1485	30.08.2025 07:34:44	14,46	0,51	29,05	35,85	1497,96
1486	30.08.2025 07:34:45	14,52	0,52	29,09	35,95	1498,21
1487	30.08.2025 07:34:46	14,58	0,52	29,16	36,08	1498,49
1488	30.08.2025 07:34:47	14,71	0,51	29,13	36,16	1498,86
1489	30.08.2025 07:34:48	14,80	0,48	29,02	36,11	1499,03
1490	30.08.2025 07:34:49	14,86	0,44	28,96	36,09	1499,14
1491	30.08.2025 07:34:50	14,92	0,46	29,00	36,19	1499,40
1492	30.08.2025 07:34:51	15,01	0,44	28,96	36,21	1499,64
1493	30.08.2025 07:34:52	15,07	0,41	28,91	36,22	1499,78
1494	30.08.2025 07:34:53	15,14	0,41	28,87	36,22	1499,92
1495	30.08.2025 07:34:54	15,17	0,39	28,83	36,19	1499,97
1496	30.08.2025 07:34:55	15,23	0,39	28,80	36,22	1500,14
1497	30.08.2025 07:34:56	15,26	0,37	28,78	36,22	1500,21
1498	30.08.2025 07:34:57	15,32	0,37	28,85	36,34	1500,48
1499	30.08.2025 07:34:58	15,38	0,35	29,04	36,62	1500,90
1500	30.08.2025 07:34:59	15,47	0,32	28,63	36,23	1500,70
1501	30.08.2025 07:35:00	15,50	0,32	28,61	36,23	1500,78
1502	30.08.2025 07:35:01	15,50	0,32	28,87	36,52	1501,08
1503	30.08.2025 07:35:02	15,56	0,34	29,00	36,72	1501,43
1504	30.08.2025 07:35:03	15,69	0,34	28,89	36,70	1501,69
1505	30.08.2025 07:35:04	15,78	0,28	28,80	36,68	1501,87
1506	30.08.2025 07:35:05	15,84	0,21	28,51	36,38	1501,70
1507	30.08.2025 07:35:06	15,81	0,21	28,42	36,26	1501,50
1508	30.08.2025 07:35:07	15,81	0,21	28,59	36,46	1501,70
1509	30.08.2025 07:35:08	15,81	0,25	28,74	36,63	1501,89
1510	30.08.2025 07:35:09	15,90	0,19	28,63	36,58	1502,04
1511	30.08.2025 07:35:10	15,96	0,19	28,59	36,58	1502,18
1512	30.08.2025 07:35:11	15,99	0,17	28,59	36,61	1502,28
1513	30.08.2025 07:35:12	16,05	0,16	28,51	36,56	1502,36
1514	30.08.2025 07:35:13	16,08	0,16	28,42	36,49	1502,36
1515	30.08.2025 07:35:14	16,11	0,16	28,64	36,76	1502,71
1516	30.08.2025 07:35:15	16,17	0,14	28,59	36,76	1502,84
1517	30.08.2025 07:35:16	16,20	0,08	28,40	36,57	1502,71
1518	30.08.2025 07:35:17	16,20	0,12	28,53	36,71	1502,86
1519	30.08.2025 07:35:18	16,23	0,08	28,42	36,62	1502,83
1520	30.08.2025 07:35:19	16,27	0,10	28,49	36,72	1503,00
1521	30.08.2025 07:35:20	16,30	0,06	28,45	36,69	1503,04
1522	30.08.2025 07:35:21	16,33	0,05	28,45	36,72	1503,13
1523	30.08.2025 07:35:22	16,36	0,05	28,45	36,74	1503,23
1524	30.08.2025 07:35:23	16,39	0,05	28,43	36,74	1503,30
1525	30.08.2025 07:35:24	16,42	0,05	28,43	36,77	1503,39
1526	30.08.2025 07:35:25	16,45	0,03	28,41	36,77	1503,46
1527	30.08.2025 07:35:26	16,48	-0,01	28,38	36,77	1503,52
1528	30.08.2025 07:35:27	16,51	-0,03	28,36	36,77	1503,59
1529	30.08.2025 07:35:28	16,54	-0,03	28,32	36,75	1503,63
1530	30.08.2025 07:35:29	16,54	-0,03	28,32	36,75	1503,63
1531	30.08.2025 07:35:30	16,57	-0,06	28,28	36,73	1503,67
1532	30.08.2025 07:35:31	16,57	-0,08	28,30	36,75	1503,69
1533	30.08.2025 07:35:32	16,60	-0,08	28,28	36,75	1503,76
1534	30.08.2025 07:35:33	16,63	-0,10	28,26	36,75	1503,83
1535	30.08.2025 07:35:34	16,63	-0,12	28,28	36,78	1503,85
1536	30.08.2025 07:35:35	16,66	-0,12	28,24	36,75	1503,90
1537	30.08.2025 07:35:36	16,69	-0,13	28,24	36,78	1503,99
1538	30.08.2025 07:35:37	16,69	-0,15	28,22	36,75	1503,96
1539	30.08.2025 07:35:38	16,69	-0,15	28,22	36,75	1503,96
1540	30.08.2025 07:35:39	16,69	-0,15	28,22	36,75	1503,96
1541	30.08.2025 07:35:40	16,72	-0,17	28,20	36,75	1504,03
1542	30.08.2025 07:35:41	16,72	-0,17	28,20	36,75	1504,03
1543	30.08.2025 07:35:42	16,72	-0,17	28,20	36,75	1504,03
1544	30.08.2025 07:35:43	16,72	-0,17	28,20	36,75	1504,03
1545	30.08.2025 07:35:44	16,75	-0,17	28,18	36,76	1504,10
1546	30.08.2025 07:35:45	16,75	-0,17	28,18	36,76	1504,10
1547	30.08.2025 07:35:46	16,78	-0,19	28,16	36,76	1504,16
1548	30.08.2025 07:35:47	16,78	-0,17	28,16	36,76	1504,16
1549	30.08.2025 07:35:48	16,78	-0,17	28,16	36,76	1504,16
1550	30.08.2025 07:35:49	16,81	-0,17	28,14	36,76	1504,23
1551	30.08.2025 07:35:50	16,81	-0,19	28,14	36,76	1504,23
1552	30.08.2025 07:35:51	16,81	-0,17	28,14	36,76	1504,23
1553	30.08.2025 07:35:52	16,84	-0,17	28,12	36,76	1504,30
1554	30.08.2025 07:35:53	16,84	-0,17	28,12	36,76	1504,30
1555	30.08.2025 07:35:54	16,84	-0,17	28,12	36,76	1504,30
1556	30.08.2025 07:35:55	16,87	-0,15	28,10	36,76	1504,38
1557	30.08.2025 07:35:56	16,87	-0,15	28,10	36,76	1504,38
1558	30.08.2025 07:35:57	16,87	-0,15	28,10	36,76	1504,38
1559	30.08.2025 07:35:58	16,87	-0,15	28,10	36,76	1504,38
1560	30.08.2025 07:35:59	16,90	-0,15	28,08	36,76	1504,44
1561	30.08.2025 07:36:00	16,90	-0,15	28,08	36,76	1504,44
1562	30.08.2025 07:36:01	16,90	-0,13	28,08	36,76	1504,45
1563	30.08.2025 07:36:02	16,90	-0,15	28,08	36,76	1504,44
1564	30.08.2025 07:36:03	16,93	-0,15	28,06	36,76	1504,51
1565	30.08.2025 07:36:04	16,93	-0,13	28,06	36,76	1504,52
1566	30.08.2025 07:36:05	16,93	-0,13	28,06	36,76	1504,52
1567	30.08.2025 07:36:06	16,93	-0,13	28,06	36,76	1504,52
1568	30.08.2025 07:36:07	16,96	-0,13	28,02	36,74	1504,56
1569	30.08.2025 07:36:08	16,96	-0,15	28,04	36,76	1504,58
1570	30.08.2025 07:36:09	16,96	-0,15	28,04	36,76	1504,58
1571	30.08.2025 07:36:10	16,96	-0,15	28,04	36,76	1504,58
1572	30.08.2025 07:36:11	16,96	-0,15	28,02	36,74	1504,56
1573	30.08.2025 07:36:12	16,96	-0,13	28,02	36,74	1504,56
1574	30.08.2025 07:36:13	16,99	-0,15	28,02	36,76	1504,65
1575	30.08.2025 07:36:14	16,99	-0,15	28,00	36,74	1504,63
1576	30.08.2025 07:36:15	16,99	-0,15	28,00	36,74	1504,63
1577	30.08.2025 07:36:16	16,99	-0,15	28,00	36,74	1504,63
1578	30.08.2025 07:36:17	16,99	-0,15	28,00	36,74	1504,63
1579	30.08.2025 07:36:18	16,99	-0,15	28,00	36,74	1504,63
1580	30.08.2025 07:36:19	16,99	-0,13	28,00	36,74	1504,63
1581	30.08.2025 07:36:20	17,02	-0,15	27,98	36,74	1504,70
1582	30.08.2025 07:36:21	17,02	-0,13	27,98	36,74	1504,70
1583	30.08.2025 07:36:22	17,02	-0,17	27,98	36,74	1504,69
1584	30.08.2025 07:36:23	17,02	-0,15	27,98	36,74	1504,70
1585	30.08.2025 07:36:24	17,02	-0,17	27,98	36,74	1504,69
1586	30.08.2025 07:36:25	17,02	-0,17	27,98	36,74	1504,69
1587	30.08.2025 07:36:26	17,02	-0,15	27,98	36,74	1504,70
1588	30.08.2025 07:36:27	17,02	-0,15	27,98	36,74	1504,70
1589	30.08.2025 07:36:28	17,05	-0,15	27,96	36,74	1504,77
1590	30.08.2025 07:36:29	17,05	-0,17	27,96	36,74	1504,76
1591	30.08.2025 07:36:30	17,05	-0,17	27,96	36,74	1504,76
1592	30.08.2025 07:36:31	17,05	-0,17	27,96	36,74	1504,76
1593	30.08.2025 07:36:32	17,05	-0,17	27,96	36,74	1504,76
1594	30.08.2025 07:36:33	17,05	-0,17	27,96	36,74	1504,76
1595	30.08.2025 07:36:34	17,05	-0,17	27,96	36,74	1504,76
1596	30.08.2025 07:36:35	17,05	-0,17	27,96	36,74	1504,76
1597	30.08.2025 07:36:36	17,05	-0,17	27,96	36,74	1504,76
1598	30.08.2025 07:36:37	17,05	-0,19	27,95	36,74	1504,76
1599	30.08.2025 07:36:38	17,05	-0,17	27,96	36,74	1504,76
1600	30.08.2025 07:36:39	17,05	-0,17	27,96	36,74	1504,76
1601	30.08.2025 07:36:40	17,05	-0,17	27,96	36,74	1504,76
1602	30.08.2025 07:36:41	17,05	-0,17	27,91	36,69	1504,71
1603	30.08.2025 07:36:42	17,08	-0,19	27,93	36,74	1504,83
1604	30.08.2025 07:36:43	17,08	-0,17	27,89	36,69	1504,78
1605	30.08.2025 07:36:44	17,08	-0,17	27,93	36,74	1504,83
1606	30.08.2025 07:36:45	17,08	-0,17	16,48	22,75	1491,49
1607	30.08.2025 07:36:46	17,08	-0,19	12,97	18,26	1487,39
1608	30.08.2025 07:36:47	17,08	-0,19	12,59	17,77	1486,95
1609	30.08.2025 07:36:48	17,08	-0,17	12,19	17,26	1486,49
1610	30.08.2025 07:36:49	17,08	-0,17	12,63	17,83	1487,00
1611	30.08.2025 07:36:50	17,08	-0,17	3,76	5,80	1476,67
1612	30.08.2025 07:36:51	17,08	-0,17	3,80	5,85	1476,72
1613	30.08.2025 07:36:52	17,08	-0,19	4,92	7,44	1478,01
1614	30.08.2025 07:36:53	17,08	-0,19	3,89	5,98	1476,82
1615	30.08.2025 07:36:54	17,08	-0,17	4,97	7,52	1478,08
1616	30.08.2025 07:36:55	17,08	-0,17	4,86	7,36	1477,95
1617	30.08.2025 07:36:56	17,08	-0,17	1,45	2,36	1473,98
1618	30.08.2025 07:36:57	17,05	-0,19	2,11	3,36	1474,65
1619	30.08.2025 07:36:58	17,05	-0,17	1,44	2,34	1473,86
1620	30.08.2025 07:36:59	17,05	-0,19	1,94	3,10	1474,44
1621	30.08.2025 07:37:00	17,05	-0,17	1,02	1,68	1473,37
1622	30.08.2025 07:37:01	17,05	-0,17	2,70	4,23	1475,33
1623	30.08.2025 07:37:02	17,05	-0,17	2,68	4,21	1475,31
1624	30.08.2025 07:37:03	17,05	-0,17	2,68	4,21	1475,31
1625	30.08.2025 07:37:04	17,05	-0,17	2,64	4,15	1475,27
1626	30.08.2025 07:37:05	17,05	-0,19	2,62	4,13	1475,24
1627	30.08.2025 07:37:06	17,05	-0,17	2,62	4,13	1475,25
1628	30.08.2025 07:37:07	17,02	-0,17	2,63	4,13	1475,15
1629	30.08.2025 07:37:08	17,02	-0,17	2,64	4,15	1475,17
1630	30.08.2025 07:37:09	17,02	-0,17	2,63	4,13	1475,15
1631	30.08.2025 07:37:10	17,02	-0,17	2,64	4,15	1475,17
1632	30.08.2025 07:37:11	17,02	-0,17	2,70	4,23	1475,23
1633	30.08.2025 07:37:12	17,02	-0,17	2,66	4,18	1475,19
1634	30.08.2025 07:37:13	17,02	-0,19	2,68	4,21	1475,21
1635	30.08.2025 07:37:14	17,02	-0,17	2,70	4,23	1475,23
1636	30.08.2025 07:37:15	17,02	-0,17	2,70	4,23	1475,23
1637	30.08.2025 07:37:16	16,99	-0,17	2,66	4,18	1475,09
1638	30.08.2025 07:37:17	16,99	-0,17	2,65	4,15	1475,07
1639	30.08.2025 07:37:18	16,99	-0,17	2,65	4,15	1475,07
1640	30.08.2025 07:37:19	16,99	-0,15	2,61	4,10	1475,03
1641	30.08.2025 07:37:20	16,99	-0,17	2,63	4,13	1475,05
1642	30.08.2025 07:37:21	16,99	-0,17	2,63	4,13	1475,05
1643	30.08.2025 07:37:22	16,99	-0,17	2,65	4,15	1475,07
1644	30.08.2025 07:37:23	16,99	-0,17	2,65	4,15	1475,07
1645	30.08.2025 07:37:24	16,99	-0,17	2,65	4,15	1475,07
1646	30.08.2025 07:37:25	16,99	-0,15	2,66	4,18	1475,09
1647	30.08.2025 07:37:26	16,96	-0,17	2,72	4,26	1475,06
1648	30.08.2025 07:37:27	16,96	-0,15	2,74	4,29	1475,08
1649	30.08.2025 07:37:28	16,96	-0,17	2,75	4,31	1475,10
1650	30.08.2025 07:37:29	16,96	-0,15	2,75	4,31	1475,10
1651	30.08.2025 07:37:30	16,96	-0,15	2,74	4,29	1475,08
1652	30.08.2025 07:37:31	16,96	-0,15	2,72	4,26	1475,06
1653	30.08.2025 07:37:32	16,96	-0,15	2,74	4,29	1475,08
1654	30.08.2025 07:37:33	16,96	-0,17	2,72	4,26	1475,06
1655	30.08.2025 07:37:34	16,96	-0,17	2,75	4,31	1475,10
1656	30.08.2025 07:37:35	16,96	-0,17	2,72	4,26	1475,06
1657	30.08.2025 07:37:36	16,96	-0,17	2,75	4,31	1475,10
1658	30.08.2025 07:37:37	16,93	-0,15	2,77	4,34	1475,02
1659	30.08.2025 07:37:38	16,93	-0,15	2,77	4,34	1475,02
1660	30.08.2025 07:37:39	16,93	-0,15	2,60	4,08	1474,81
1661	30.08.2025 07:37:40	16,93	-0,15	2,65	4,15	1474,88
1662	30.08.2025 07:37:41	16,93	-0,15	2,58	4,05	1474,79
1663	30.08.2025 07:37:42	16,93	-0,19	2,63	4,13	1474,85
1664	30.08.2025 07:37:43	16,93	-0,17	2,60	4,08	1474,81
1665	30.08.2025 07:37:44	16,93	-0,17	2,63	4,13	1474,85
1666	30.08.2025 07:37:45	16,93	-0,15	2,65	4,15	1474,88
1667	30.08.2025 07:37:46	16,93	-0,15	2,63	4,13	1474,86
1668	30.08.2025 07:37:47	16,93	-0,15	2,61	4,10	1474,84
1669	30.08.2025 07:37:48	16,93	-0,15	2,65	4,15	1474,88
1670	30.08.2025 07:37:49	16,93	-0,15	2,60	4,08	1474,81
1671	30.08.2025 07:37:50	16,90	-0,15	2,67	4,18	1474,80
1672	30.08.2025 07:37:51	16,90	-0,15	2,67	4,18	1474,80
1673	30.08.2025 07:37:52	16,90	-0,15	2,63	4,13	1474,76
1674	30.08.2025 07:37:53	16,90	-0,17	2,62	4,10	1474,73
1675	30.08.2025 07:37:54	16,90	-0,15	2,65	4,15	1474,78
1676	30.08.2025 07:37:55	16,90	-0,15	2,65	4,15	1474,78
1677	30.08.2025 07:37:56	16,90	-0,15	2,67	4,18	1474,80
1678	30.08.2025 07:37:57	16,90	-0,15	2,65	4,15	1474,78
1679	30.08.2025 07:37:58	16,90	-0,15	2,65	4,15	1474,78
1680	30.08.2025 07:37:59	16,90	-0,15	2,63	4,13	1474,76
1681	30.08.2025 07:38:00	16,90	-0,15	2,65	4,15	1474,78
1682	30.08.2025 07:38:01	16,90	-0,15	2,67	4,18	1474,80
1683	30.08.2025 07:38:02	16,90	-0,15	2,63	4,13	1474,76
1684	30.08.2025 07:38:03	16,90	-0,13	2,63	4,13	1474,76
1685	30.08.2025 07:38:04	16,90	-0,15	2,63	4,13	1474,76
1686	30.08.2025 07:38:05	16,90	-0,15	2,63	4,13	1474,76
1687	30.08.2025 07:38:06	16,90	-0,15	2,58	4,05	1474,70
1688	30.08.2025 07:38:07	16,90	-0,15	2,60	4,08	1474,72
1689	30.08.2025 07:38:08	16,90	-0,15	2,60	4,08	1474,72
1690	30.08.2025 07:38:09	16,87	-0,15	2,56	4,02	1474,58
1691	30.08.2025 07:38:10	16,87	-0,15	2,58	4,05	1474,60
1692	30.08.2025 07:38:11	16,87	-0,15	2,58	4,05	1474,60
1693	30.08.2025 07:38:12	16,87	-0,15	2,60	4,08	1474,62
1694	30.08.2025 07:38:13	16,87	-0,13	2,62	4,10	1474,64
1695	30.08.2025 07:38:14	16,87	-0,17	2,60	4,08	1474,61
1696	30.08.2025 07:38:15	16,87	-0,13	2,58	4,05	1474,60
1697	30.08.2025 07:38:16	16,87	-0,15	2,53	3,97	1474,53
1698	30.08.2025 07:38:17	16,87	-0,17	2,44	3,84	1474,43
1699	30.08.2025 07:38:18	16,87	-0,15	2,49	3,92	1474,49
1700	30.08.2025 07:38:19	16,87	-0,15	2,49	3,92	1474,49
1701	30.08.2025 07:38:20	16,87	-0,15	2,42	3,81	1474,41
1702	30.08.2025 07:38:21	16,87	-0,15	2,46	3,86	1474,45
1703	30.08.2025 07:38:22	16,87	-0,15	2,44	3,84	1474,43
1704	30.08.2025 07:38:23	16,87	-0,15	2,40	3,78	1474,39
1705	30.08.2025 07:38:24	16,87	-0,15	2,39	3,76	1474,37
1706	30.08.2025 07:38:25	16,87	-0,15	2,42	3,81	1474,41
1707	30.08.2025 07:38:26	16,87	-0,17	2,47	3,89	1474,47
1708	30.08.2025 07:38:27	16,87	-0,15	2,58	4,05	1474,60
1709	30.08.2025 07:38:28	16,87	-0,15	2,62	4,10	1474,64
1710	30.08.2025 07:38:29	16,87	-0,15	2,67	4,18	1474,70
1711	30.08.2025 07:38:30	16,87	-0,15	2,65	4,15	1474,68
1712	30.08.2025 07:38:31	16,87	-0,15	2,65	4,15	1474,68
1713	30.08.2025 07:38:32	16,87	-0,15	2,67	4,18	1474,70
1714	30.08.2025 07:38:33	16,87	-0,15	2,67	4,18	1474,70
1715	30.08.2025 07:38:34	16,87	-0,15	2,65	4,15	1474,68
1716	30.08.2025 07:38:35	16,87	-0,15	2,71	4,23	1474,74
1717	30.08.2025 07:38:36	16,87	-0,15	2,72	4,26	1474,76
1718	30.08.2025 07:38:37	16,87	-0,15	2,69	4,21	1474,72
1719	30.08.2025 07:38:38	16,87	-0,15	2,69	4,21	1474,72
1720	30.08.2025 07:38:39	16,87	-0,15	2,72	4,26	1474,76
1721	30.08.2025 07:38:40	16,87	-0,15	2,71	4,23	1474,74
1722	30.08.2025 07:38:41	16,87	-0,15	2,67	4,18	1474,70
1723	30.08.2025 07:38:42	16,87	-0,15	2,65	4,15	1474,68
1724	30.08.2025 07:38:43	16,87	-0,15	2,69	4,21	1474,72
1725	30.08.2025 07:38:44	16,87	-0,17	2,71	4,23	1474,74
1726	30.08.2025 07:38:45	16,87	-0,17	2,71	4,23	1474,74
1727	30.08.2025 07:38:46	16,87	-0,15	2,72	4,26	1474,76
1728	30.08.2025 07:38:47	16,84	-0,17	2,71	4,23	1474,64
1729	30.08.2025 07:38:48	16,87	-0,15	2,69	4,21	1474,72
1730	30.08.2025 07:38:49	16,87	-0,17	2,72	4,26	1474,76
1731	30.08.2025 07:38:50	16,84	-0,19	2,76	4,31	1474,70
1732	30.08.2025 07:38:51	16,87	-0,15	2,72	4,26	1474,76
1733	30.08.2025 07:38:52	16,84	-0,17	2,73	4,26	1474,66
1734	30.08.2025 07:38:53	16,87	-0,15	2,72	4,26	1474,76
1735	30.08.2025 07:38:54	16,87	-0,15	2,71	4,23	1474,74
1736	30.08.2025 07:38:55	16,84	-0,19	2,69	4,21	1474,62
1737	30.08.2025 07:38:56	16,87	-0,15	2,65	4,15	1474,68
1738	30.08.2025 07:38:57	16,84	-0,17	2,66	4,15	1474,58
1739	30.08.2025 07:38:58	16,84	-0,17	2,69	4,21	1474,62
1740	30.08.2025 07:38:59	16,84	-0,17	2,71	4,23	1474,64
1741	30.08.2025 07:39:00	16,84	-0,17	2,71	4,23	1474,64
1742	30.08.2025 07:39:01	16,84	-0,19	2,69	4,21	1474,62
1743	30.08.2025 07:39:02	16,87	-0,15	2,69	4,21	1474,72
1744	30.08.2025 07:39:03	16,84	-0,17	2,76	4,31	1474,71
1745	30.08.2025 07:39:04	16,84	-0,17	2,78	4,34	1474,73
1746	30.08.2025 07:39:05	16,84	-0,17	2,76	4,31	1474,70
1747	30.08.2025 07:39:06	16,84	-0,17	2,74	4,29	1474,68
1748	30.08.2025 07:39:07	16,84	-0,17	2,73	4,26	1474,66
1749	30.08.2025 07:39:08	16,84	-0,19	2,69	4,21	1474,62
1750	30.08.2025 07:39:09	16,87	-0,13	2,67	4,18	1474,70
1751	30.08.2025 07:39:10	16,84	-0,17	2,64	4,13	1474,56
1752	30.08.2025 07:39:11	16,84	-0,17	2,64	4,13	1474,56
1753	30.08.2025 07:39:12	16,87	-0,15	2,67	4,18	1474,70
1754	30.08.2025 07:39:13	16,84	-0,17	2,69	4,21	1474,62
1755	30.08.2025 07:39:14	16,84	-0,17	2,69	4,21	1474,62
1756	30.08.2025 07:39:15	16,84	-0,17	2,71	4,23	1474,64
1757	30.08.2025 07:39:16	16,84	-0,19	2,73	4,26	1474,66
1758	30.08.2025 07:39:17	16,84	-0,17	2,76	4,31	1474,70
1759	30.08.2025 07:39:18	16,84	-0,17	2,74	4,29	1474,68
1760	30.08.2025 07:39:19	16,87	-0,15	2,71	4,23	1474,74
1761	30.08.2025 07:39:20	16,84	-0,15	2,67	4,18	1474,60
1762	30.08.2025 07:39:21	16,84	-0,19	2,69	4,21	1474,62
1763	30.08.2025 07:39:22	16,84	-0,17	2,71	4,23	1474,64
1764	30.08.2025 07:39:23	16,84	-0,17	2,67	4,18	1474,60
1765	30.08.2025 07:39:24	16,84	-0,19	2,69	4,21	1474,62
1766	30.08.2025 07:39:25	16,87	-0,15	2,71	4,23	1474,74
1767	30.08.2025 07:39:26	16,87	-0,15	2,72	4,26	1474,76
1768	30.08.2025 07:39:27	16,87	-0,15	2,71	4,23	1474,74
1769	30.08.2025 07:39:28	16,87	-0,15	2,71	4,23	1474,74
1770	30.08.2025 07:39:29	16,87	-0,15	2,72	4,26	1474,76
1771	30.08.2025 07:39:30	16,84	-0,17	2,73	4,26	1474,66
1772	30.08.2025 07:39:31	16,87	-0,17	2,72	4,26	1474,76
1773	30.08.2025 07:39:32	16,87	-0,15	2,69	4,21	1474,72
1774	30.08.2025 07:39:33	16,84	-0,19	2,69	4,21	1474,62
1775	30.08.2025 07:39:34	16,87	-0,17	2,71	4,23	1474,74
1776	30.08.2025 07:39:35	16,87	-0,15	2,74	4,29	1474,79
1777	30.08.2025 07:39:36	16,84	-0,17	2,76	4,31	1474,70
1778	30.08.2025 07:39:37	16,87	-0,15	2,74	4,29	1474,78
1779	30.08.2025 07:39:38	16,87	-0,15	2,72	4,26	1474,76
1780	30.08.2025 07:39:39	16,87	-0,15	2,69	4,21	1474,72
1781	30.08.2025 07:39:40	16,87	-0,15	2,65	4,15	1474,68
1782	30.08.2025 07:39:41	16,87	-0,15	2,65	4,15	1474,68
1783	30.08.2025 07:39:42	16,87	-0,15	2,65	4,15	1474,68
1784	30.08.2025 07:39:43	16,87	-0,15	2,69	4,21	1474,72
1785	30.08.2025 07:39:44	16,87	-0,15	2,72	4,26	1474,76
1786	30.08.2025 07:39:45	16,87	-0,15	2,74	4,29	1474,79
1787	30.08.2025 07:39:46	16,87	-0,15	2,74	4,29	1474,79
1788	30.08.2025 07:39:47	16,87	-0,15	2,76	4,31	1474,81
1789	30.08.2025 07:39:48	16,87	-0,15	2,76	4,31	1474,81
1790	30.08.2025 07:39:49	16,87	-0,15	2,71	4,23	1474,74
1791	30.08.2025 07:39:50	16,87	-0,15	2,69	4,21	1474,72
1792	30.08.2025 07:39:51	16,87	-0,15	2,67	4,18	1474,70
1793	30.08.2025 07:39:52	16,87	-0,15	2,65	4,15	1474,68
1794	30.08.2025 07:39:53	16,87	-0,15	2,67	4,18	1474,70
1795	30.08.2025 07:39:54	16,87	-0,15	2,69	4,21	1474,72
1796	30.08.2025 07:39:55	16,87	-0,15	2,72	4,26	1474,76
1797	30.08.2025 07:39:56	16,87	-0,15	2,72	4,26	1474,76
1798	30.08.2025 07:39:57	16,87	-0,17	2,72	4,26	1474,76
1799	30.08.2025 07:39:58	16,87	-0,15	2,74	4,29	1474,79
1800	30.08.2025 07:39:59	16,87	-0,17	2,72	4,26	1474,76
1801	30.08.2025 07:40:00	16,87	-0,15	2,71	4,23	1474,74
1802	30.08.2025 07:40:01	16,87	-0,15	2,71	4,23	1474,74
1803	30.08.2025 07:40:02	16,87	-0,15	2,71	4,23	1474,74
1804	30.08.2025 07:40:03	16,87	-0,15	2,71	4,23	1474,74
1805	30.08.2025 07:40:04	16,87	-0,15	2,74	4,29	1474,79
1806	30.08.2025 07:40:05	16,87	-0,15	2,76	4,31	1474,81
1807	30.08.2025 07:40:06	16,87	-0,15	2,76	4,31	1474,81
1808	30.08.2025 07:40:07	16,87	-0,15	2,74	4,29	1474,79
1809	30.08.2025 07:40:08	16,87	-0,15	2,72	4,26	1474,76
1810	30.08.2025 07:40:09	16,87	-0,15	2,74	4,29	1474,79
1811	30.08.2025 07:40:10	16,87	-0,17	2,74	4,29	1474,78
1812	30.08.2025 07:40:11	16,87	-0,17	2,74	4,29	1474,78
1813	30.08.2025 07:40:12	16,87	-0,15	2,71	4,23	1474,74
1814	30.08.2025 07:40:13	16,87	-0,17	2,71	4,23	1474,74
1815	30.08.2025 07:40:14	16,87	-0,15	2,71	4,23	1474,74
1816	30.08.2025 07:40:15	16,87	-0,17	2,69	4,21	1474,72
1817	30.08.2025 07:40:16	16,87	-0,15	2,71	4,23	1474,74
1818	30.08.2025 07:40:17	16,87	-0,15	2,72	4,26	1474,76
1819	30.08.2025 07:40:18	16,87	-0,17	2,72	4,26	1474,76
1820	30.08.2025 07:40:19	16,87	-0,15	2,71	4,23	1474,74
1821	30.08.2025 07:40:20	16,87	-0,15	2,72	4,26	1474,76
1822	30.08.2025 07:40:21	16,87	-0,15	2,74	4,29	1474,79
1823	30.08.2025 07:40:22	16,87	-0,15	2,74	4,29	1474,79
1824	30.08.2025 07:40:23	16,87	-0,15	2,71	4,23	1474,74
1825	30.08.2025 07:40:24	16,87	-0,15	2,71	4,23	1474,74
1826	30.08.2025 07:40:25	16,87	-0,15	2,72	4,26	1474,76
1827	30.08.2025 07:40:26	16,87	-0,15	2,72	4,26	1474,76
1828	30.08.2025 07:40:27	16,87	-0,15	2,74	4,29	1474,79
1829	30.08.2025 07:40:28	16,87	-0,17	2,76	4,31	1474,80
1830	30.08.2025 07:40:29	16,87	-0,15	2,80	4,37	1474,85
1831	30.08.2025 07:40:30	16,87	-0,15	2,76	4,31	1474,81
1832	30.08.2025 07:40:31	16,90	-0,17	2,78	4,34	1474,92
1833	30.08.2025 07:40:32	16,90	-0,17	2,78	4,34	1474,92
1834	30.08.2025 07:40:33	16,90	-0,17	2,76	4,31	1474,90
1835	30.08.2025 07:40:34	16,90	-0,17	2,70	4,23	1474,84
1836	30.08.2025 07:40:35	16,90	-0,15	2,74	4,29	1474,88
1837	30.08.2025 07:40:36	16,90	-0,15	2,76	4,31	1474,90
1838	30.08.2025 07:40:37	16,90	-0,15	2,78	4,34	1474,93
1839	30.08.2025 07:40:38	16,90	-0,15	2,78	4,34	1474,93
1840	30.08.2025 07:40:39	16,90	-0,15	2,78	4,34	1474,93
1841	30.08.2025 07:40:40	16,90	-0,15	2,78	4,34	1474,93
1842	30.08.2025 07:40:41	16,90	-0,15	2,78	4,34	1474,93
1843	30.08.2025 07:40:42	16,90	-0,13	2,79	4,37	1474,95
1844	30.08.2025 07:40:43	16,90	-0,15	2,78	4,34	1474,93
1845	30.08.2025 07:40:44	16,90	-0,15	2,76	4,31	1474,90
1846	30.08.2025 07:40:45	16,90	-0,17	2,78	4,34	1474,92
1847	30.08.2025 07:40:46	16,90	-0,17	2,79	4,37	1474,94
1848	30.08.2025 07:40:47	16,90	-0,15	2,78	4,34	1474,93
1849	30.08.2025 07:40:48	16,90	-0,15	2,78	4,34	1474,93
1850	30.08.2025 07:40:49	16,90	-0,17	2,78	4,34	1474,92
1851	30.08.2025 07:40:50	16,90	-0,17	2,79	4,37	1474,94
1852	30.08.2025 07:40:51	16,90	-0,15	2,79	4,37	1474,95
1853	30.08.2025 07:40:52	16,90	-0,17	2,78	4,34	1474,92
1854	30.08.2025 07:40:53	16,90	-0,15	2,79	4,37	1474,95
1855	30.08.2025 07:40:54	16,90	-0,15	2,79	4,37	1474,95
1856	30.08.2025 07:40:55	16,90	-0,15	2,79	4,37	1474,95
1857	30.08.2025 07:40:56	16,90	-0,17	2,78	4,34	1474,92
1858	30.08.2025 07:40:57	16,90	-0,17	2,78	4,34	1474,92
1859	30.08.2025 07:40:58	16,90	-0,17	2,78	4,34	1474,92
1860	30.08.2025 07:40:59	16,90	-0,17	2,78	4,34	1474,92
1861	30.08.2025 07:41:00	16,90	-0,17	2,78	4,34	1474,92
1862	30.08.2025 07:41:01	16,90	-0,15	2,79	4,37	1474,95
1863	30.08.2025 07:41:02	16,93	-0,15	2,77	4,34	1475,02
1864	30.08.2025 07:41:03	16,90	-0,17	2,78	4,34	1474,92
1865	30.08.2025 07:41:04	16,90	-0,15	2,79	4,37	1474,95
1866	30.08.2025 07:41:05	16,90	-0,17	2,79	4,37	1474,94
1867	30.08.2025 07:41:06	16,93	-0,15	2,77	4,34	1475,02
1868	30.08.2025 07:41:07	16,93	-0,17	2,77	4,34	1475,02
1869	30.08.2025 07:41:08	16,93	-0,15	2,77	4,34	1475,02
1870	30.08.2025 07:41:09	16,93	-0,17	2,77	4,34	1475,02
1871	30.08.2025 07:41:10	16,93	-0,15	2,79	4,37	1475,04
1872	30.08.2025 07:41:11	16,93	-0,15	2,79	4,37	1475,04
1873	30.08.2025 07:41:12	16,93	-0,15	2,79	4,37	1475,04
1874	30.08.2025 07:41:13	16,93	-0,15	2,79	4,37	1475,04
1875	30.08.2025 07:41:14	16,93	-0,15	2,77	4,34	1475,02
1876	30.08.2025 07:41:15	16,93	-0,15	2,77	4,34	1475,02
1877	30.08.2025 07:41:16	16,93	-0,15	2,79	4,37	1475,04
1878	30.08.2025 07:41:17	16,93	-0,15	2,79	4,37	1475,04
1879	30.08.2025 07:41:18	16,93	-0,17	2,79	4,37	1475,04
1880	30.08.2025 07:41:19	16,93	-0,15	2,79	4,37	1475,04
1881	30.08.2025 07:41:20	16,93	-0,17	2,79	4,37	1475,04
1882	30.08.2025 07:41:21	16,93	-0,17	2,79	4,37	1475,04
1883	30.08.2025 07:41:22	16,93	-0,15	2,77	4,34	1475,02
1884	30.08.2025 07:41:23	16,93	-0,15	2,79	4,37	1475,04
1885	30.08.2025 07:41:24	16,93	-0,15	2,79	4,37	1475,04
1886	30.08.2025 07:41:25	16,93	-0,15	2,77	4,34	1475,02
1887	30.08.2025 07:41:26	16,93	-0,15	2,77	4,34	1475,02
1888	30.08.2025 07:41:27	16,93	-0,15	2,79	4,37	1475,04
1889	30.08.2025 07:41:28	16,93	-0,15	2,79	4,37	1475,04
1890	30.08.2025 07:41:29	16,93	-0,15	2,77	4,34	1475,02
1891	30.08.2025 07:41:30	16,93	-0,15	2,79	4,37	1475,04
1892	30.08.2025 07:41:31	16,93	-0,17	2,79	4,37	1475,04
1893	30.08.2025 07:41:32	16,93	-0,15	2,77	4,34	1475,02
1894	30.08.2025 07:41:33	16,93	-0,15	2,79	4,37	1475,04
1895	30.08.2025 07:41:34	16,93	-0,15	2,79	4,37	1475,04
1896	30.08.2025 07:41:35	16,96	-0,15	2,79	4,37	1475,14
1897	30.08.2025 07:41:36	16,96	-0,17	2,79	4,37	1475,14
1898	30.08.2025 07:41:37	16,96	-0,15	2,77	4,34	1475,12
1899	30.08.2025 07:41:38	16,96	-0,15	2,79	4,37	1475,14
1900	30.08.2025 07:41:39	16,96	-0,15	2,81	4,39	1475,16
1901	30.08.2025 07:41:40	16,96	-0,15	2,77	4,34	1475,12
1902	30.08.2025 07:41:41	16,96	-0,17	2,77	4,34	1475,12
1903	30.08.2025 07:41:42	16,96	-0,17	2,79	4,37	1475,14
1904	30.08.2025 07:41:43	16,96	-0,15	2,79	4,37	1475,14
1905	30.08.2025 07:41:44	16,96	-0,17	2,79	4,37	1475,14
1906	30.08.2025 07:41:45	16,96	-0,15	2,77	4,34	1475,12
1907	30.08.2025 07:41:46	16,96	-0,15	2,79	4,37	1475,14
1908	30.08.2025 07:41:47	16,96	-0,15	2,81	4,39	1475,16
1909	30.08.2025 07:41:48	16,96	-0,17	2,79	4,37	1475,14
1910	30.08.2025 07:41:49	16,96	-0,15	2,79	4,37	1475,14
1911	30.08.2025 07:41:50	16,96	-0,15	2,77	4,34	1475,12
1912	30.08.2025 07:41:51	16,96	-0,15	2,79	4,37	1475,14
1913	30.08.2025 07:41:52	16,96	-0,15	2,81	4,39	1475,16
1914	30.08.2025 07:41:53	16,96	-0,15	2,77	4,34	1475,12
1915	30.08.2025 07:41:54	16,96	-0,15	2,79	4,37	1475,14
1916	30.08.2025 07:41:55	16,96	-0,17	2,79	4,37	1475,14
1917	30.08.2025 07:41:56	16,96	-0,17	2,79	4,37	1475,14
1918	30.08.2025 07:41:57	16,96	-0,17	2,77	4,34	1475,12
1919	30.08.2025 07:41:58	16,96	-0,15	2,79	4,37	1475,14
1920	30.08.2025 07:41:59	16,96	-0,15	2,81	4,39	1475,16
1921	30.08.2025 07:42:00	16,96	-0,15	2,79	4,37	1475,14
1922	30.08.2025 07:42:01	16,96	-0,17	2,77	4,34	1475,12
1923	30.08.2025 07:42:02	16,96	-0,15	2,79	4,37	1475,14
1924	30.08.2025 07:42:03	16,96	-0,15	2,79	4,37	1475,14
1925	30.08.2025 07:42:04	16,96	-0,15	2,79	4,37	1475,14
1926	30.08.2025 07:42:05	16,96	-0,15	2,79	4,37	1475,14
1927	30.08.2025 07:42:06	16,96	-0,15	2,77	4,34	1475,12
1928	30.08.2025 07:42:07	16,99	-0,15	2,79	4,37	1475,24
1929	30.08.2025 07:42:08	16,99	-0,15	2,79	4,37	1475,24
1930	30.08.2025 07:42:09	16,99	-0,15	2,79	4,37	1475,24
1931	30.08.2025 07:42:10	16,99	-0,15	2,77	4,34	1475,22
1932	30.08.2025 07:42:11	16,99	-0,17	2,79	4,37	1475,24
1933	30.08.2025 07:42:12	16,99	-0,15	2,79	4,37	1475,24
1934	30.08.2025 07:42:13	16,99	-0,17	2,81	4,39	1475,26
1935	30.08.2025 07:42:14	16,99	-0,17	2,79	4,37	1475,24
1936	30.08.2025 07:42:15	16,99	-0,15	2,79	4,37	1475,24
1937	30.08.2025 07:42:16	16,99	-0,15	2,79	4,37	1475,24
1938	30.08.2025 07:42:17	16,99	-0,17	2,79	4,37	1475,24
1939	30.08.2025 07:42:18	16,99	-0,15	2,79	4,37	1475,24
1940	30.08.2025 07:42:19	16,99	-0,17	2,79	4,37	1475,24
1941	30.08.2025 07:42:20	16,99	-0,17	2,79	4,37	1475,24
1942	30.08.2025 07:42:21	16,99	-0,15	2,79	4,37	1475,24
1943	30.08.2025 07:42:22	16,99	-0,17	2,79	4,37	1475,24
1944	30.08.2025 07:42:23	16,99	-0,17	2,79	4,37	1475,24
1945	30.08.2025 07:42:24	16,99	-0,17	2,79	4,37	1475,24
1946	30.08.2025 07:42:25	16,99	-0,17	2,79	4,37	1475,24
1947	30.08.2025 07:42:26	16,99	-0,19	2,79	4,37	1475,23
1948	30.08.2025 07:42:27	16,99	-0,15	2,79	4,37	1475,24
1949	30.08.2025 07:42:28	16,99	-0,17	2,79	4,37	1475,24
1950	30.08.2025 07:42:29	16,99	-0,15	2,79	4,37	1475,24
1951	30.08.2025 07:42:30	16,99	-0,15	2,79	4,37	1475,24
1952	30.08.2025 07:42:31	16,99	-0,15	2,79	4,37	1475,24
1953	30.08.2025 07:42:32	16,99	-0,15	2,79	4,37	1475,24
1954	30.08.2025 07:42:33	16,99	-0,15	2,79	4,37	1475,24
1955	30.08.2025 07:42:34	16,99	-0,15	2,77	4,34	1475,22
1956	30.08.2025 07:42:35	16,99	-0,17	2,79	4,37	1475,24
1957	30.08.2025 07:42:36	16,99	-0,17	2,81	4,39	1475,26
1958	30.08.2025 07:42:37	16,99	-0,17	2,79	4,37	1475,24
1959	30.08.2025 07:42:38	17,02	-0,17	2,79	4,37	1475,34
1960	30.08.2025 07:42:39	17,02	-0,17	2,79	4,37	1475,34
1961	30.08.2025 07:42:40	17,02	-0,17	2,79	4,37	1475,34
1962	30.08.2025 07:42:41	17,02	-0,15	2,79	4,37	1475,34
1963	30.08.2025 07:42:42	17,02	-0,15	2,77	4,34	1475,32
1964	30.08.2025 07:42:43	17,02	-0,15	2,79	4,37	1475,34
1965	30.08.2025 07:42:44	17,02	-0,17	2,80	4,39	1475,36
1966	30.08.2025 07:42:45	17,02	-0,17	2,79	4,37	1475,34
1967	30.08.2025 07:42:46	17,02	-0,17	2,79	4,37	1475,34
1968	30.08.2025 07:42:47	17,02	-0,15	2,79	4,37	1475,34
1969	30.08.2025 07:42:48	17,02	-0,15	2,79	4,37	1475,34
1970	30.08.2025 07:42:49	17,02	-0,17	2,79	4,37	1475,34
1971	30.08.2025 07:42:50	17,02	-0,17	2,79	4,37	1475,34
1972	30.08.2025 07:42:51	17,02	-0,15	2,79	4,37	1475,34
1973	30.08.2025 07:42:52	17,02	-0,17	2,79	4,37	1475,34
1974	30.08.2025 07:42:53	17,02	-0,17	2,80	4,39	1475,36
1975	30.08.2025 07:42:54	17,02	-0,17	2,80	4,39	1475,36
1976	30.08.2025 07:42:55	17,02	-0,17	2,77	4,34	1475,31
1977	30.08.2025 07:42:56	17,02	-0,15	2,79	4,37	1475,34
1978	30.08.2025 07:42:57	17,02	-0,17	2,80	4,39	1475,36
1979	30.08.2025 07:42:58	17,02	-0,17	2,80	4,39	1475,36
1980	30.08.2025 07:42:59	17,02	-0,15	2,79	4,37	1475,34
1981	30.08.2025 07:43:00	17,02	-0,17	2,79	4,37	1475,34
1982	30.08.2025 07:43:01	17,02	-0,17	2,79	4,37	1475,34
1983	30.08.2025 07:43:02	17,02	-0,15	2,79	4,37	1475,34
1984	30.08.2025 07:43:03	17,02	-0,17	2,79	4,37	1475,34
1985	30.08.2025 07:43:04	17,02	-0,15	2,79	4,37	1475,34
1986	30.08.2025 07:43:05	17,02	-0,15	2,79	4,37	1475,34
1987	30.08.2025 07:43:06	17,02	-0,17	2,77	4,34	1475,31
1988	30.08.2025 07:43:07	17,02	-0,17	2,79	4,37	1475,34
1989	30.08.2025 07:43:08	17,02	-0,17	2,80	4,39	1475,36
1990	30.08.2025 07:43:09	17,05	-0,17	2,78	4,37	1475,43
1991	30.08.2025 07:43:10	17,05	-0,15	2,78	4,37	1475,44
1992	30.08.2025 07:43:11	17,05	-0,17	2,78	4,37	1475,43
1993	30.08.2025 07:43:12	17,05	-0,17	2,78	4,37	1475,43
1994	30.08.2025 07:43:13	17,05	-0,17	2,78	4,37	1475,43
1995	30.08.2025 07:43:14	17,05	-0,17	2,78	4,37	1475,43
1996	30.08.2025 07:43:15	17,05	-0,17	2,78	4,37	1475,43
1997	30.08.2025 07:43:16	17,05	-0,17	2,78	4,37	1475,43
1998	30.08.2025 07:43:17	17,05	-0,17	2,78	4,37	1475,43
1999	30.08.2025 07:43:18	17,05	-0,17	2,78	4,37	1475,43
2000	30.08.2025 07:43:19	17,05	-0,19	2,78	4,37	1475,43
2001	30.08.2025 07:43:20	17,05	-0,17	2,78	4,37	1475,43
2002	30.08.2025 07:43:21	17,05	-0,17	2,80	4,39	1475,45
2003	30.08.2025 07:43:22	17,05	-0,15	2,78	4,37	1475,44
2004	30.08.2025 07:43:23	17,05	-0,17	2,78	4,37	1475,43
2005	30.08.2025 07:43:24	17,05	-0,17	2,78	4,37	1475,43
2006	30.08.2025 07:43:25	17,05	-0,17	2,78	4,37	1475,43
2007	30.08.2025 07:43:26	17,05	-0,17	2,80	4,39	1475,45
2008	30.08.2025 07:43:27	17,05	-0,17	2,78	4,37	1475,43
2009	30.08.2025 07:43:28	17,05	-0,17	2,78	4,37	1475,43
2010	30.08.2025 07:43:29	17,05	-0,17	2,78	4,37	1475,43
2011	30.08.2025 07:43:30	17,05	-0,17	2,78	4,37	1475,43
2012	30.08.2025 07:43:31	17,05	-0,17	2,78	4,37	1475,43
2013	30.08.2025 07:43:32	17,05	-0,19	2,78	4,37	1475,43
2014	30.08.2025 07:43:33	17,05	-0,17	2,78	4,37	1475,43
2015	30.08.2025 07:43:34	17,05	-0,17	2,78	4,37	1475,43
2016	30.08.2025 07:43:35	17,05	-0,17	2,78	4,37	1475,43
2017	30.08.2025 07:43:36	17,05	-0,17	2,78	4,37	1475,43
2018	30.08.2025 07:43:37	17,05	-0,17	2,78	4,37	1475,43
2019	30.08.2025 07:43:38	17,05	-0,17	2,78	4,37	1475,43
2020	30.08.2025 07:43:39	17,05	-0,17	2,78	4,37	1475,43
2021	30.08.2025 07:43:40	17,05	-0,17	2,78	4,37	1475,43
2022	30.08.2025 07:43:41	17,05	-0,17	2,80	4,39	1475,45
2023	30.08.2025 07:43:42	17,08	-0,17	2,78	4,37	1475,53
2024	30.08.2025 07:43:43	17,08	-0,17	2,78	4,37	1475,53
2025	30.08.2025 07:43:44	17,08	-0,17	2,78	4,37	1475,53
2026	30.08.2025 07:43:45	17,08	-0,17	2,78	4,37	1475,53
2027	30.08.2025 07:43:46	17,08	-0,17	2,80	4,39	1475,55
2028	30.08.2025 07:43:47	17,08	-0,17	2,78	4,37	1475,53
2029	30.08.2025 07:43:48	17,08	-0,17	2,78	4,37	1475,53
2030	30.08.2025 07:43:49	17,08	-0,17	2,78	4,37	1475,53
2031	30.08.2025 07:43:50	17,08	-0,17	2,78	4,37	1475,53
2032	30.08.2025 07:43:51	17,08	-0,17	2,78	4,37	1475,53
2033	30.08.2025 07:43:52	17,08	-0,17	2,78	4,37	1475,53
2034	30.08.2025 07:43:53	17,08	-0,15	2,80	4,39	1475,55
2035	30.08.2025 07:43:54	17,08	-0,17	2,78	4,37	1475,53
2036	30.08.2025 07:43:55	17,08	-0,17	2,76	4,34	1475,51
2037	30.08.2025 07:43:56	17,08	-0,17	2,78	4,37	1475,53
2038	30.08.2025 07:43:57	17,08	-0,15	2,80	4,39	1475,55
2039	30.08.2025 07:43:58	17,08	-0,17	2,78	4,37	1475,53
2040	30.08.2025 07:43:59	17,08	-0,17	2,76	4,34	1475,51
2041	30.08.2025 07:44:00	17,08	-0,17	2,80	4,39	1475,55
2042	30.08.2025 07:44:01	17,08	-0,15	2,80	4,39	1475,55
2043	30.08.2025 07:44:02	17,08	-0,17	2,78	4,37	1475,53
2044	30.08.2025 07:44:03	17,08	-0,17	2,78	4,37	1475,53
2045	30.08.2025 07:44:04	17,08	-0,17	2,78	4,37	1475,53
2046	30.08.2025 07:44:05	17,08	-0,17	2,80	4,39	1475,55
2047	30.08.2025 07:44:06	17,08	-0,17	2,78	4,37	1475,53
2048	30.08.2025 07:44:07	17,08	-0,17	2,78	4,37	1475,53
2049	30.08.2025 07:44:08	17,08	-0,17	2,78	4,37	1475,53
2050	30.08.2025 07:44:09	17,08	-0,17	2,76	4,34	1475,51
2051	30.08.2025 07:44:10	17,08	-0,17	2,80	4,39	1475,55
2052	30.08.2025 07:44:11	17,08	-0,19	2,80	4,39	1475,55
2053	30.08.2025 07:44:12	17,08	-0,17	2,78	4,37	1475,53
2054	30.08.2025 07:44:13	17,08	-0,17	2,78	4,37	1475,53
2055	30.08.2025 07:44:14	17,08	-0,19	2,78	4,37	1475,53
2056	30.08.2025 07:44:15	17,08	-0,17	2,80	4,39	1475,55
2057	30.08.2025 07:44:16	17,08	-0,17	2,80	4,39	1475,55
2058	30.08.2025 07:44:17	17,08	-0,17	2,78	4,37	1475,53
2059	30.08.2025 07:44:18	17,08	-0,17	2,80	4,39	1475,55
2060	30.08.2025 07:44:19	17,11	-0,17	2,80	4,39	1475,65
2061	30.08.2025 07:44:20	17,11	-0,15	2,78	4,37	1475,63
2062	30.08.2025 07:44:21	17,11	-0,17	2,78	4,37	1475,63
2063	30.08.2025 07:44:22	17,11	-0,15	2,80	4,39	1475,65
2064	30.08.2025 07:44:23	17,11	-0,15	2,80	4,39	1475,65
2065	30.08.2025 07:44:24	17,11	-0,15	2,78	4,37	1475,63
2066	30.08.2025 07:44:25	17,11	-0,15	2,78	4,37	1475,63
2067	30.08.2025 07:44:26	17,11	-0,15	2,80	4,39	1475,65
2068	30.08.2025 07:44:27	17,11	-0,13	2,78	4,37	1475,63
2069	30.08.2025 07:44:28	17,11	-0,15	2,78	4,37	1475,63
2070	30.08.2025 07:44:29	17,11	-0,15	2,80	4,39	1475,65
2071	30.08.2025 07:44:30	17,11	-0,15	2,80	4,39	1475,65
2072	30.08.2025 07:44:31	17,11	-0,15	2,78	4,37	1475,63
2073	30.08.2025 07:44:32	17,11	-0,15	2,78	4,37	1475,63
2074	30.08.2025 07:44:33	17,11	-0,15	2,80	4,39	1475,65
2075	30.08.2025 07:44:34	17,11	-0,15	2,80	4,39	1475,65
2076	30.08.2025 07:44:35	17,11	-0,15	2,78	4,37	1475,63
2077	30.08.2025 07:44:36	17,11	-0,15	2,80	4,39	1475,65
2078	30.08.2025 07:44:37	17,11	-0,15	2,78	4,37	1475,63
2079	30.08.2025 07:44:38	17,11	-0,15	2,78	4,37	1475,63
2080	30.08.2025 07:44:39	17,11	-0,17	2,80	4,39	1475,65
2081	30.08.2025 07:44:40	17,11	-0,15	2,80	4,39	1475,65
2082	30.08.2025 07:44:41	17,11	-0,15	2,76	4,34	1475,61
2083	30.08.2025 07:44:42	17,11	-0,15	2,76	4,34	1475,61
2084	30.08.2025 07:44:43	17,11	-0,15	2,82	4,42	1475,67
2085	30.08.2025 07:44:44	17,11	-0,15	2,80	4,39	1475,65
2086	30.08.2025 07:44:45	17,11	-0,17	2,76	4,34	1475,61
2087	30.08.2025 07:44:46	17,11	-0,17	2,76	4,34	1475,61
2088	30.08.2025 07:44:47	17,11	-0,15	2,80	4,39	1475,65
2089	30.08.2025 07:44:48	17,11	-0,15	2,80	4,39	1475,65
2090	30.08.2025 07:44:49	17,11	-0,15	2,78	4,37	1475,63
2091	30.08.2025 07:44:50	17,11	-0,17	2,80	4,39	1475,65
2092	30.08.2025 07:44:51	17,11	-0,15	2,78	4,37	1475,63
2093	30.08.2025 07:44:52	17,11	-0,15	2,80	4,39	1475,65
2094	30.08.2025 07:44:53	17,14	-0,15	2,78	4,37	1475,73
2095	30.08.2025 07:44:54	17,14	-0,15	2,80	4,39	1475,75
2096	30.08.2025 07:44:55	17,14	-0,15	2,80	4,39	1475,75
2097	30.08.2025 07:44:56	17,14	-0,15	2,80	4,39	1475,75
2098	30.08.2025 07:44:57	17,14	-0,15	2,78	4,37	1475,73
2099	30.08.2025 07:44:58	17,14	-0,17	2,76	4,34	1475,71
2100	30.08.2025 07:44:59	17,14	-0,15	2,80	4,39	1475,75
2101	30.08.2025 07:45:00	17,14	-0,15	2,80	4,39	1475,75
2102	30.08.2025 07:45:01	17,14	-0,15	2,78	4,37	1475,73
2103	30.08.2025 07:45:02	17,14	-0,17	2,78	4,37	1475,73
2104	30.08.2025 07:45:03	17,14	-0,17	2,80	4,39	1475,75
2105	30.08.2025 07:45:04	17,14	-0,15	2,80	4,39	1475,75
2106	30.08.2025 07:45:05	17,14	-0,15	2,78	4,37	1475,73
2107	30.08.2025 07:45:06	17,14	-0,15	2,78	4,37	1475,73
2108	30.08.2025 07:45:07	17,14	-0,17	2,80	4,39	1475,75
2109	30.08.2025 07:45:08	17,14	-0,15	2,80	4,39	1475,75
2110	30.08.2025 07:45:09	17,14	-0,17	2,80	4,39	1475,75
2111	30.08.2025 07:45:10	17,14	-0,15	2,80	4,39	1475,75
2112	30.08.2025 07:45:11	17,14	-0,15	2,80	4,39	1475,75
2113	30.08.2025 07:45:12	17,14	-0,15	2,78	4,37	1475,73
2114	30.08.2025 07:45:13	17,14	-0,15	2,80	4,39	1475,75
2115	30.08.2025 07:45:14	17,14	-0,15	2,80	4,39	1475,75
2116	30.08.2025 07:45:15	17,14	-0,15	2,80	4,39	1475,75
2117	30.08.2025 07:45:16	17,14	-0,15	2,78	4,37	1475,73
2118	30.08.2025 07:45:17	17,14	-0,15	2,78	4,37	1475,73
2119	30.08.2025 07:45:18	17,14	-0,15	2,78	4,37	1475,73
2120	30.08.2025 07:45:19	17,14	-0,15	2,80	4,39	1475,75
2121	30.08.2025 07:45:20	17,14	-0,15	2,80	4,39	1475,75
2122	30.08.2025 07:45:21	17,14	-0,15	2,80	4,39	1475,75
2123	30.08.2025 07:45:22	17,14	-0,15	2,78	4,37	1475,73
2124	30.08.2025 07:45:23	17,14	-0,15	2,78	4,37	1475,73
2125	30.08.2025 07:45:24	17,14	-0,15	2,80	4,39	1475,75
2126	30.08.2025 07:45:25	17,14	-0,15	2,78	4,37	1475,73
2127	30.08.2025 07:45:26	17,14	-0,15	2,78	4,37	1475,73
2128	30.08.2025 07:45:27	17,14	-0,13	2,80	4,39	1475,75
2129	30.08.2025 07:45:28	17,14	-0,15	2,78	4,37	1475,73
2130	30.08.2025 07:45:29	17,17	-0,15	2,78	4,37	1475,83
2131	30.08.2025 07:45:30	17,14	-0,15	2,80	4,39	1475,75
2132	30.08.2025 07:45:31	17,17	-0,15	2,81	4,42	1475,87
2133	30.08.2025 07:45:32	17,17	-0,15	2,78	4,37	1475,83
2134	30.08.2025 07:45:33	17,17	-0,15	2,78	4,37	1475,83
2135	30.08.2025 07:45:34	17,17	-0,15	2,79	4,39	1475,85
2136	30.08.2025 07:45:35	17,17	-0,17	2,79	4,39	1475,84
2137	30.08.2025 07:45:36	17,17	-0,15	2,78	4,37	1475,83
2138	30.08.2025 07:45:37	17,17	-0,15	2,79	4,39	1475,85
2139	30.08.2025 07:45:38	17,17	-0,15	2,79	4,39	1475,85
2140	30.08.2025 07:45:39	17,17	-0,17	2,79	4,39	1475,84
2141	30.08.2025 07:45:40	17,17	-0,15	2,79	4,39	1475,85
2142	30.08.2025 07:45:41	17,17	-0,13	2,79	4,39	1475,85
2143	30.08.2025 07:45:42	17,17	-0,15	2,78	4,37	1475,83
2144	30.08.2025 07:45:43	17,17	-0,15	2,79	4,39	1475,85
2145	30.08.2025 07:45:44	17,17	-0,15	2,79	4,39	1475,85
2146	30.08.2025 07:45:45	17,17	-0,17	2,79	4,39	1475,84
2147	30.08.2025 07:45:46	17,17	-0,15	2,79	4,39	1475,85
2148	30.08.2025 07:45:47	17,17	-0,15	2,79	4,39	1475,85
2149	30.08.2025 07:45:48	17,17	-0,15	2,79	4,39	1475,85
2150	30.08.2025 07:45:49	17,17	-0,15	2,79	4,39	1475,85
2151	30.08.2025 07:45:50	17,17	-0,17	2,79	4,39	1475,84
2152	30.08.2025 07:45:51	17,17	-0,17	2,79	4,39	1475,84
2153	30.08.2025 07:45:52	17,17	-0,15	2,78	4,37	1475,83
2154	30.08.2025 07:45:53	17,17	-0,17	2,78	4,37	1475,82
2155	30.08.2025 07:45:54	17,17	-0,15	2,79	4,39	1475,85
2156	30.08.2025 07:45:55	17,17	-0,15	2,79	4,39	1475,85
2157	30.08.2025 07:45:56	17,17	-0,17	2,78	4,37	1475,82
2158	30.08.2025 07:45:57	17,17	-0,17	2,79	4,39	1475,84
2159	30.08.2025 07:45:58	17,17	-0,15	2,79	4,39	1475,85
2160	30.08.2025 07:45:59	17,17	-0,17	2,78	4,37	1475,82
2161	30.08.2025 07:46:00	17,17	-0,17	2,79	4,39	1475,84
2162	30.08.2025 07:46:01	17,17	-0,17	2,79	4,39	1475,84
2163	30.08.2025 07:46:02	17,17	-0,17	2,79	4,39	1475,84
2164	30.08.2025 07:46:03	17,17	-0,15	2,79	4,39	1475,85
2165	30.08.2025 07:46:04	17,17	-0,15	2,78	4,37	1475,83
2166	30.08.2025 07:46:05	17,20	-0,15	2,79	4,39	1475,94
2167	30.08.2025 07:46:06	17,17	-0,15	2,79	4,39	1475,85
2168	30.08.2025 07:46:07	17,20	-0,15	2,79	4,39	1475,94
2169	30.08.2025 07:46:08	17,17	-0,15	2,79	4,39	1475,85
2170	30.08.2025 07:46:09	17,20	-0,15	2,79	4,39	1475,94
2171	30.08.2025 07:46:10	17,20	-0,15	2,77	4,37	1475,92
2172	30.08.2025 07:46:11	17,20	-0,15	2,79	4,39	1475,94
2173	30.08.2025 07:46:12	17,20	-0,15	2,79	4,39	1475,94
2174	30.08.2025 07:46:13	17,20	-0,17	2,79	4,39	1475,94
2175	30.08.2025 07:46:14	17,20	-0,15	2,77	4,37	1475,92
2176	30.08.2025 07:46:15	17,20	-0,15	2,79	4,39	1475,94
2177	30.08.2025 07:46:16	17,20	-0,15	2,79	4,39	1475,94
2178	30.08.2025 07:46:17	17,20	-0,17	2,79	4,39	1475,94
2179	30.08.2025 07:46:18	17,20	-0,15	2,77	4,37	1475,92
2180	30.08.2025 07:46:19	17,20	-0,17	2,79	4,39	1475,94
2181	30.08.2025 07:46:20	17,20	-0,15	2,79	4,39	1475,94
2182	30.08.2025 07:46:21	17,20	-0,15	2,79	4,39	1475,94
2183	30.08.2025 07:46:22	17,20	-0,17	2,77	4,37	1475,92
2184	30.08.2025 07:46:23	17,20	-0,17	2,79	4,39	1475,94
2185	30.08.2025 07:46:24	17,20	-0,15	2,81	4,42	1475,97
2186	30.08.2025 07:46:25	17,20	-0,17	2,79	4,39	1475,94
2187	30.08.2025 07:46:26	17,20	-0,15	2,77	4,37	1475,92
2188	30.08.2025 07:46:27	17,20	-0,15	2,79	4,39	1475,94
2189	30.08.2025 07:46:28	17,20	-0,15	2,79	4,39	1475,94
2190	30.08.2025 07:46:29	17,20	-0,15	2,79	4,39	1475,94
2191	30.08.2025 07:46:30	17,20	-0,17	2,79	4,39	1475,94
2192	30.08.2025 07:46:31	17,20	-0,17	2,79	4,39	1475,94
2193	30.08.2025 07:46:32	17,20	-0,15	2,79	4,39	1475,94
2194	30.08.2025 07:46:33	17,20	-0,17	2,79	4,39	1475,94
2195	30.08.2025 07:46:34	17,20	-0,17	2,79	4,39	1475,94
2196	30.08.2025 07:46:35	17,20	-0,17	2,79	4,39	1475,94
2197	30.08.2025 07:46:36	17,20	-0,15	2,79	4,39	1475,94
2198	30.08.2025 07:46:37	17,20	-0,17	2,79	4,39	1475,94
2199	30.08.2025 07:46:38	17,20	-0,15	2,79	4,39	1475,94
2200	30.08.2025 07:46:39	17,20	-0,15	2,79	4,39	1475,94
2201	30.08.2025 07:46:40	17,20	-0,15	2,79	4,39	1475,94
2202	30.08.2025 07:46:41	17,20	-0,15	2,79	4,39	1475,94
2203	30.08.2025 07:46:42	17,20	-0,17	2,79	4,39	1475,94
2204	30.08.2025 07:46:43	17,20	-0,17	2,77	4,37	1475,92
2205	30.08.2025 07:46:44	17,20	-0,17	2,79	4,39	1475,94
2206	30.08.2025 07:46:45	17,20	-0,17	2,79	4,39	1475,94
2207	30.08.2025 07:46:46	17,20	-0,17	2,77	4,37	1475,92
2208	30.08.2025 07:46:47	17,20	-0,17	2,79	4,39	1475,94
2209	30.08.2025 07:46:48	17,23	-0,15	2,79	4,39	1476,04
2210	30.08.2025 07:46:49	17,23	-0,15	2,79	4,39	1476,04
2211	30.08.2025 07:46:50	17,20	-0,17	2,79	4,39	1475,94
2212	30.08.2025 07:46:51	17,23	-0,17	2,79	4,39	1476,04
2213	30.08.2025 07:46:52	17,23	-0,15	2,79	4,39	1476,04
2214	30.08.2025 07:46:53	17,23	-0,17	2,77	4,37	1476,02
2215	30.08.2025 07:46:54	17,23	-0,17	2,79	4,39	1476,04
2216	30.08.2025 07:46:55	17,23	-0,15	2,79	4,39	1476,04
2217	30.08.2025 07:46:56	17,23	-0,15	2,79	4,39	1476,04
2218	30.08.2025 07:46:57	17,23	-0,17	2,77	4,37	1476,02
2219	30.08.2025 07:46:58	17,23	-0,15	2,79	4,39	1476,04
2220	30.08.2025 07:46:59	17,23	-0,15	2,79	4,39	1476,04
2221	30.08.2025 07:47:00	17,23	-0,17	2,79	4,39	1476,04
2222	30.08.2025 07:47:01	17,23	-0,15	2,79	4,39	1476,04
2223	30.08.2025 07:47:02	17,23	-0,15	2,79	4,39	1476,04
2224	30.08.2025 07:47:03	17,23	-0,15	2,79	4,39	1476,04
2225	30.08.2025 07:47:04	17,23	-0,15	2,79	4,39	1476,04
2226	30.08.2025 07:47:05	17,23	-0,15	2,81	4,42	1476,06
2227	30.08.2025 07:47:06	17,23	-0,17	2,79	4,39	1476,04
2228	30.08.2025 07:47:07	17,23	-0,15	2,79	4,39	1476,04
2229	30.08.2025 07:47:08	17,23	-0,17	2,77	4,37	1476,02
2230	30.08.2025 07:47:09	17,23	-0,17	2,79	4,39	1476,04
2231	30.08.2025 07:47:10	17,23	-0,15	2,79	4,39	1476,04
2232	30.08.2025 07:47:11	17,23	-0,17	2,79	4,39	1476,04
2233	30.08.2025 07:47:12	17,23	-0,17	2,77	4,37	1476,02
2234	30.08.2025 07:47:13	17,23	-0,17	2,79	4,39	1476,04
2235	30.08.2025 07:47:14	17,23	-0,17	2,79	4,39	1476,04
2236	30.08.2025 07:47:15	17,23	-0,17	2,79	4,39	1476,04
2237	30.08.2025 07:47:16	17,23	-0,17	2,79	4,39	1476,04
2238	30.08.2025 07:47:17	17,23	-0,17	2,79	4,39	1476,04
2239	30.08.2025 07:47:18	17,23	-0,17	2,79	4,39	1476,04
2240	30.08.2025 07:47:19	17,23	-0,17	2,79	4,39	1476,04
2241	30.08.2025 07:47:20	17,23	-0,17	2,79	4,39	1476,04
2242	30.08.2025 07:47:21	17,23	-0,15	2,79	4,39	1476,04
2243	30.08.2025 07:47:22	17,23	-0,15	2,79	4,39	1476,04
2244	30.08.2025 07:47:23	17,23	-0,17	2,77	4,37	1476,02
2245	30.08.2025 07:47:24	17,26	-0,19	2,79	4,39	1476,13
2246	30.08.2025 07:47:25	17,23	-0,17	2,79	4,39	1476,04
2247	30.08.2025 07:47:26	17,23	-0,17	2,79	4,39	1476,04
2248	30.08.2025 07:47:27	17,26	-0,17	2,79	4,39	1476,14
2249	30.08.2025 07:47:28	17,26	-0,17	2,79	4,39	1476,14
2250	30.08.2025 07:47:29	17,26	-0,17	2,79	4,39	1476,14
2251	30.08.2025 07:47:30	17,26	-0,17	2,74	4,31	1476,07
2252	30.08.2025 07:47:31	17,26	-0,17	2,74	4,31	1476,07
2253	30.08.2025 07:47:32	17,26	-0,17	2,77	4,37	1476,11
2254	30.08.2025 07:47:33	17,26	-0,17	2,75	4,34	1476,09
2255	30.08.2025 07:47:34	17,26	-0,19	2,72	4,29	1476,05
2256	30.08.2025 07:47:35	17,26	-0,17	2,66	4,21	1475,99
2257	30.08.2025 07:47:36	17,26	-0,15	2,66	4,21	1475,99
2258	30.08.2025 07:47:37	17,26	-0,17	2,72	4,29	1476,05
2259	30.08.2025 07:47:38	17,26	-0,17	2,74	4,31	1476,07
2260	30.08.2025 07:47:39	17,26	-0,17	2,68	4,23	1476,01
2261	30.08.2025 07:47:40	17,26	-0,17	2,66	4,21	1475,99
2262	30.08.2025 07:47:41	17,26	-0,17	2,70	4,26	1476,03
2263	30.08.2025 07:47:42	17,26	-0,17	2,70	4,26	1476,03
2264	30.08.2025 07:47:43	17,26	-0,17	2,72	4,29	1476,05
2265	30.08.2025 07:47:44	17,26	-0,17	2,72	4,29	1476,05
2266	30.08.2025 07:47:45	17,26	-0,17	2,72	4,29	1476,05
2267	30.08.2025 07:47:46	17,26	-0,17	2,75	4,34	1476,09
2268	30.08.2025 07:47:47	17,26	-0,17	2,77	4,37	1476,11
2269	30.08.2025 07:47:48	17,26	-0,17	2,75	4,34	1476,09
2270	30.08.2025 07:47:49	17,26	-0,17	2,74	4,31	1476,07
2271	30.08.2025 07:47:50	17,26	-0,15	2,72	4,29	1476,06
2272	30.08.2025 07:47:51	17,26	-0,17	2,74	4,31	1476,07
2273	30.08.2025 07:47:52	17,26	-0,17	2,74	4,31	1476,07
2274	30.08.2025 07:47:53	17,26	-0,17	2,75	4,34	1476,09
2275	30.08.2025 07:47:54	17,26	-0,17	2,75	4,34	1476,09
2276	30.08.2025 07:47:55	17,26	-0,17	2,79	4,39	1476,14
2277	30.08.2025 07:47:56	17,26	-0,17	2,79	4,39	1476,14
2278	30.08.2025 07:47:57	17,26	-0,17	2,81	4,42	1476,16
2279	30.08.2025 07:47:58	17,26	-0,17	2,79	4,39	1476,14
2280	30.08.2025 07:47:59	17,29	-0,17	2,79	4,39	1476,23
2281	30.08.2025 07:48:00	17,26	-0,15	2,81	4,42	1476,16
2282	30.08.2025 07:48:01	17,29	-0,19	2,79	4,39	1476,23
2283	30.08.2025 07:48:02	17,26	-0,15	2,81	4,42	1476,16
2284	30.08.2025 07:48:03	17,29	-0,17	2,79	4,39	1476,23
2285	30.08.2025 07:48:04	17,29	-0,17	2,77	4,37	1476,21
2286	30.08.2025 07:48:05	17,29	-0,17	2,80	4,42	1476,25
2287	30.08.2025 07:48:06	17,29	-0,17	2,79	4,39	1476,23
2288	30.08.2025 07:48:07	17,29	-0,17	2,77	4,37	1476,21
2289	30.08.2025 07:48:08	17,29	-0,15	2,80	4,42	1476,26
2290	30.08.2025 07:48:09	17,29	-0,17	2,79	4,39	1476,23
2291	30.08.2025 07:48:10	17,29	-0,17	2,79	4,39	1476,23
2292	30.08.2025 07:48:11	17,29	-0,17	2,79	4,39	1476,23
2293	30.08.2025 07:48:12	17,29	-0,17	2,79	4,39	1476,23
2294	30.08.2025 07:48:13	17,29	-0,17	2,79	4,39	1476,23
2295	30.08.2025 07:48:14	17,29	-0,17	2,80	4,42	1476,25
2296	30.08.2025 07:48:15	17,29	-0,17	2,79	4,39	1476,23
2297	30.08.2025 07:48:16	17,29	-0,17	2,79	4,39	1476,23
2298	30.08.2025 07:48:17	17,29	-0,17	2,80	4,42	1476,25
2299	30.08.2025 07:48:18	17,29	-0,15	2,80	4,42	1476,26
2300	30.08.2025 07:48:19	17,29	-0,17	2,79	4,39	1476,23
2301	30.08.2025 07:48:20	17,29	-0,17	2,79	4,39	1476,23
2302	30.08.2025 07:48:21	17,29	-0,17	2,80	4,42	1476,25
2303	30.08.2025 07:48:22	17,29	-0,15	2,77	4,37	1476,21
2304	30.08.2025 07:48:23	17,29	-0,17	2,79	4,39	1476,23
2305	30.08.2025 07:48:24	17,29	-0,17	2,80	4,42	1476,25
2306	30.08.2025 07:48:25	17,29	-0,17	2,75	4,34	1476,19
2307	30.08.2025 07:48:26	17,29	-0,17	2,79	4,39	1476,23
2308	30.08.2025 07:48:27	17,29	-0,17	2,80	4,42	1476,25
2309	30.08.2025 07:48:28	17,29	-0,17	2,79	4,39	1476,23
2310	30.08.2025 07:48:29	17,29	-0,17	2,77	4,37	1476,21
2311	30.08.2025 07:48:30	17,29	-0,17	2,79	4,39	1476,23
2312	30.08.2025 07:48:31	17,29	-0,17	2,79	4,39	1476,23
2313	30.08.2025 07:48:32	17,29	-0,17	2,79	4,39	1476,23
2314	30.08.2025 07:48:33	17,29	-0,17	2,79	4,39	1476,23
2315	30.08.2025 07:48:34	17,32	-0,17	2,78	4,39	1476,33
2316	30.08.2025 07:48:35	17,32	-0,17	2,80	4,42	1476,35
2317	30.08.2025 07:48:36	17,32	-0,17	2,78	4,39	1476,33
2318	30.08.2025 07:48:37	17,32	-0,17	2,78	4,39	1476,33
2319	30.08.2025 07:48:38	17,32	-0,17	2,80	4,42	1476,35
2320	30.08.2025 07:48:39	17,32	-0,19	2,78	4,39	1476,33
2321	30.08.2025 07:48:40	17,32	-0,17	2,78	4,39	1476,33
2322	30.08.2025 07:48:41	17,32	-0,19	2,78	4,39	1476,33
2323	30.08.2025 07:48:42	17,32	-0,17	2,78	4,39	1476,33
2324	30.08.2025 07:48:43	17,32	-0,17	2,73	4,31	1476,27
2325	30.08.2025 07:48:44	17,32	-0,17	2,73	4,31	1476,27
2326	30.08.2025 07:48:45	17,32	-0,15	2,73	4,31	1476,27
2327	30.08.2025 07:48:46	17,32	-0,17	2,73	4,31	1476,27
2328	30.08.2025 07:48:47	17,32	-0,15	2,75	4,34	1476,29
2329	30.08.2025 07:48:48	17,32	-0,17	2,73	4,31	1476,27
2330	30.08.2025 07:48:49	17,32	-0,17	2,78	4,39	1476,33
2331	30.08.2025 07:48:50	17,32	-0,17	2,80	4,42	1476,35
2332	30.08.2025 07:48:51	17,32	-0,17	2,78	4,39	1476,33
2333	30.08.2025 07:48:52	17,32	-0,17	2,78	4,39	1476,33
2334	30.08.2025 07:48:53	17,32	-0,17	2,78	4,39	1476,33
2335	30.08.2025 07:48:54	17,32	-0,15	2,80	4,42	1476,35
2336	30.08.2025 07:48:55	17,32	-0,17	2,78	4,39	1476,33
2337	30.08.2025 07:48:56	17,32	-0,19	2,77	4,37	1476,31
2338	30.08.2025 07:48:57	17,32	-0,17	2,78	4,39	1476,33
2339	30.08.2025 07:48:58	17,32	-0,17	2,78	4,39	1476,33
2340	30.08.2025 07:48:59	17,32	-0,17	2,78	4,39	1476,33
2341	30.08.2025 07:49:00	17,32	-0,17	2,77	4,37	1476,31
2342	30.08.2025 07:49:01	17,32	-0,17	2,78	4,39	1476,33
2343	30.08.2025 07:49:02	17,32	-0,17	2,80	4,42	1476,35
2344	30.08.2025 07:49:03	17,32	-0,17	2,78	4,39	1476,33
2345	30.08.2025 07:49:04	17,32	-0,15	2,78	4,39	1476,33
2346	30.08.2025 07:49:05	17,32	-0,17	2,78	4,39	1476,33
2347	30.08.2025 07:49:06	17,32	-0,17	2,80	4,42	1476,35
2348	30.08.2025 07:49:07	17,32	-0,17	2,80	4,42	1476,35
2349	30.08.2025 07:49:08	17,32	-0,17	2,78	4,39	1476,33
2350	30.08.2025 07:49:09	17,32	-0,17	2,78	4,39	1476,33
2351	30.08.2025 07:49:10	17,32	-0,17	2,80	4,42	1476,35
2352	30.08.2025 07:49:11	17,32	-0,17	2,78	4,39	1476,33
2353	30.08.2025 07:49:12	17,35	-0,15	2,78	4,39	1476,43
2354	30.08.2025 07:49:13	17,35	-0,15	2,78	4,39	1476,43
2355	30.08.2025 07:49:14	17,35	-0,15	2,78	4,39	1476,43
2356	30.08.2025 07:49:15	17,35	-0,15	2,78	4,39	1476,43
2357	30.08.2025 07:49:16	17,35	-0,15	2,78	4,39	1476,43
2358	30.08.2025 07:49:17	17,35	-0,15	2,78	4,39	1476,43
2359	30.08.2025 07:49:18	17,35	-0,15	2,76	4,37	1476,41
2360	30.08.2025 07:49:19	17,35	-0,17	2,78	4,39	1476,43
2361	30.08.2025 07:49:20	17,35	-0,15	2,78	4,39	1476,43
2362	30.08.2025 07:49:21	17,35	-0,15	2,78	4,39	1476,43
2363	30.08.2025 07:49:22	17,35	-0,15	2,78	4,39	1476,43
2364	30.08.2025 07:49:23	17,35	-0,15	2,80	4,42	1476,45
2365	30.08.2025 07:49:24	17,35	-0,15	2,78	4,39	1476,43
2366	30.08.2025 07:49:25	17,35	-0,15	2,78	4,39	1476,43
2367	30.08.2025 07:49:26	17,35	-0,13	2,78	4,39	1476,43
2368	30.08.2025 07:49:27	17,35	-0,15	2,80	4,42	1476,45
2369	30.08.2025 07:49:28	17,35	-0,15	2,78	4,39	1476,43
2370	30.08.2025 07:49:29	17,35	-0,15	2,78	4,39	1476,43
2371	30.08.2025 07:49:30	17,35	-0,15	2,80	4,42	1476,45
2372	30.08.2025 07:49:31	17,35	-0,15	2,78	4,39	1476,43
2373	30.08.2025 07:49:32	17,35	-0,17	2,80	4,42	1476,45
2374	30.08.2025 07:49:33	17,35	-0,17	2,78	4,39	1476,43
2375	30.08.2025 07:49:34	17,35	-0,17	2,36	3,76	1475,93
2376	30.08.2025 07:49:35	17,35	-0,15	1,14	1,89	1474,52
2377	30.08.2025 07:49:36	17,35	-0,17	2,66	4,21	1476,28
2378	30.08.2025 07:49:37	17,35	-0,15	2,41	3,84	1476,00
2379	30.08.2025 07:49:38	17,35	-0,17	2,25	3,60	1475,81
2380	30.08.2025 07:49:39	17,35	-0,15	2,20	3,52	1475,75
2381	30.08.2025 07:49:40	17,35	-0,15	2,22	3,55	1475,77
2382	30.08.2025 07:49:41	17,35	-0,17	2,20	3,52	1475,75
2383	30.08.2025 07:49:42	17,35	-0,15	2,24	3,57	1475,79
2384	30.08.2025 07:49:43	17,35	-0,15	2,20	3,52	1475,75
2385	30.08.2025 07:49:44	17,35	-0,15	2,22	3,55	1475,77
2386	30.08.2025 07:49:45	17,35	-0,15	2,20	3,52	1475,75
2387	30.08.2025 07:49:46	17,35	-0,15	2,22	3,55	1475,77
2388	30.08.2025 07:49:47	17,38	-0,15	2,18	3,50	1475,83
2389	30.08.2025 07:49:48	17,38	-0,15	2,18	3,50	1475,83
2390	30.08.2025 07:49:49	17,38	-0,15	2,18	3,50	1475,83
2391	30.08.2025 07:49:50	17,38	-0,15	2,20	3,52	1475,85
2392	30.08.2025 07:49:51	17,38	-0,15	2,13	3,42	1475,77
2393	30.08.2025 07:49:52	17,38	-0,15	2,22	3,55	1475,87
2394	30.08.2025 07:49:53	17,38	-0,15	2,02	3,26	1475,65
2395	30.08.2025 07:49:54	17,38	-0,13	2,20	3,52	1475,85
2396	30.08.2025 07:49:55	17,38	-0,15	2,13	3,42	1475,77
2397	30.08.2025 07:49:56	17,38	-0,13	2,11	3,39	1475,75
2398	30.08.2025 07:49:57	17,38	-0,15	2,06	3,31	1475,69
2399	30.08.2025 07:49:58	17,38	-0,15	2,08	3,34	1475,71
2400	30.08.2025 07:49:59	17,38	-0,17	2,34	3,73	1476,01
2401	30.08.2025 07:50:00	17,38	-0,15	2,27	3,63	1475,93
2402	30.08.2025 07:50:01	17,38	-0,15	2,32	3,71	1475,99
2403	30.08.2025 07:50:02	17,38	-0,15	2,32	3,71	1475,99
2404	30.08.2025 07:50:03	17,38	-0,15	2,25	3,60	1475,91
2405	30.08.2025 07:50:04	17,38	-0,15	2,30	3,68	1475,97
2406	30.08.2025 07:50:05	17,38	-0,15	2,25	3,60	1475,91
2407	30.08.2025 07:50:06	17,38	-0,15	2,13	3,42	1475,77
2408	30.08.2025 07:50:07	17,38	-0,15	2,23	3,57	1475,89
2409	30.08.2025 07:50:08	17,38	-0,15	2,23	3,57	1475,89
2410	30.08.2025 07:50:09	17,38	-0,15	0,67	1,14	1474,07
2411	30.08.2025 07:50:10	17,38	-0,13	0,34	0,58	1473,69
2412	30.08.2025 07:50:11	17,38	-0,15	0,30	0,53	1473,65
2413	30.08.2025 07:50:12	17,38	-0,15	0,29	0,51	1473,63
2414	30.08.2025 07:50:13	17,38	-0,15	0,26	0,45	1473,60
2415	30.08.2025 07:50:14	17,38	-0,15	0,26	0,45	1473,60
2416	30.08.2025 07:50:15	17,38	-0,15	0,26	0,45	1473,60
2417	30.08.2025 07:50:16	17,38	-0,13	0,24	0,43	1473,58
2418	30.08.2025 07:50:17	17,38	-0,15	0,26	0,45	1473,60
2419	30.08.2025 07:50:18	17,38	-0,15	0,24	0,43	1473,58
2420	30.08.2025 07:50:19	17,38	-0,15	0,23	0,40	1473,56
2421	30.08.2025 07:50:20	17,38	-0,15	0,23	0,40	1473,56
2422	30.08.2025 07:50:21	17,38	-0,15	0,23	0,40	1473,56
2423	30.08.2025 07:50:22	17,38	-0,13	0,23	0,40	1473,56
2424	30.08.2025 07:50:23	17,38	-0,13	0,21	0,37	1473,55
2425	30.08.2025 07:50:24	17,38	-0,13	0,21	0,37	1473,55
2426	30.08.2025 07:50:25	17,41	-0,15	0,23	0,40	1473,66
2427	30.08.2025 07:50:26	17,38	-0,13	0,21	0,37	1473,55
2428	30.08.2025 07:50:27	17,38	-0,15	0,21	0,37	1473,54
2429	30.08.2025 07:50:28	17,41	-0,13	0,21	0,37	1473,64
2430	30.08.2025 07:50:29	17,41	-0,13	0,21	0,37	1473,64
2431	30.08.2025 07:50:30	17,41	-0,15	0,21	0,37	1473,64
2432	30.08.2025 07:50:31	17,41	-0,15	0,21	0,37	1473,64
2433	30.08.2025 07:50:32	17,41	-0,15	0,21	0,37	1473,64
2434	30.08.2025 07:50:33	17,41	-0,13	0,20	0,35	1473,63
2435	30.08.2025 07:50:34	17,41	-0,13	0,20	0,35	1473,63
2436	30.08.2025 07:50:35	17,41	-0,15	0,20	0,35	1473,62
2437	30.08.2025 07:50:36	17,41	-0,15	0,21	0,37	1473,64
2438	30.08.2025 07:50:37	17,41	-0,15	0,20	0,35	1473,62
2439	30.08.2025 07:50:38	17,41	-0,15	0,20	0,35	1473,62
2440	30.08.2025 07:50:39	17,41	-0,15	0,21	0,37	1473,64
2441	30.08.2025 07:50:40	17,41	-0,15	0,20	0,35	1473,62
2442	30.08.2025 07:50:41	17,41	-0,15	0,18	0,32	1473,61
2443	30.08.2025 07:50:42	17,41	-0,15	0,20	0,35	1473,62
2444	30.08.2025 07:50:43	17,41	-0,15	0,20	0,35	1473,62
2445	30.08.2025 07:50:44	17,41	-0,13	0,18	0,32	1473,61
2446	30.08.2025 07:50:45	17,41	-0,13	0,20	0,35	1473,63
2447	30.08.2025 07:50:46	17,41	-0,15	0,18	0,32	1473,61
2448	30.08.2025 07:50:47	17,41	-0,13	0,18	0,32	1473,61
2449	30.08.2025 07:50:48	17,41	-0,15	0,20	0,35	1473,62
2450	30.08.2025 07:50:49	17,41	-0,15	0,20	0,35	1473,62
2451	30.08.2025 07:50:50	17,41	-0,13	0,20	0,35	1473,63
2452	30.08.2025 07:50:51	17,41	-0,15	0,18	0,32	1473,61
2453	30.08.2025 07:50:52	17,41	-0,13	0,20	0,35	1473,63
2454	30.08.2025 07:50:53	17,41	-0,15	0,18	0,32	1473,61
2455	30.08.2025 07:50:54	17,41	-0,15	0,20	0,35	1473,62
2456	30.08.2025 07:50:55	17,41	-0,15	0,18	0,32	1473,61
2457	30.08.2025 07:50:56	17,41	-0,15	0,18	0,32	1473,61
2458	30.08.2025 07:50:57	17,41	-0,15	0,18	0,32	1473,61
2459	30.08.2025 07:50:58	17,41	-0,15	0,18	0,32	1473,61
2460	30.08.2025 07:50:59	17,41	-0,15	0,18	0,32	1473,61
2461	30.08.2025 07:51:00	17,41	-0,13	0,18	0,32	1473,61
2462	30.08.2025 07:51:01	17,41	-0,15	0,20	0,35	1473,62
2463	30.08.2025 07:51:02	17,41	-0,13	0,18	0,32	1473,61
2464	30.08.2025 07:51:03	17,41	-0,15	0,18	0,32	1473,61
2465	30.08.2025 07:51:04	17,41	-0,15	0,18	0,32	1473,61
2466	30.08.2025 07:51:05	17,41	-0,15	0,18	0,32	1473,61
2467	30.08.2025 07:51:06	17,41	-0,15	0,18	0,32	1473,61
2468	30.08.2025 07:51:07	17,44	-0,13	0,18	0,32	1473,71
2469	30.08.2025 07:51:08	17,44	-0,15	0,18	0,32	1473,71
2470	30.08.2025 07:51:09	17,44	-0,15	0,18	0,32	1473,71
2471	30.08.2025 07:51:10	17,44	-0,15	0,17	0,30	1473,69
2472	30.08.2025 07:51:11	17,44	-0,15	0,18	0,32	1473,71
2473	30.08.2025 07:51:12	17,44	-0,15	0,18	0,32	1473,71
2474	30.08.2025 07:51:13	17,44	-0,15	0,17	0,30	1473,69
2475	30.08.2025 07:51:14	17,44	-0,15	0,18	0,32	1473,71
2476	30.08.2025 07:51:15	17,44	-0,15	0,18	0,32	1473,71
2477	30.08.2025 07:51:16	17,44	-0,13	0,17	0,30	1473,69
2478	30.08.2025 07:51:17	17,44	-0,15	0,18	0,32	1473,71
2479	30.08.2025 07:51:18	17,44	-0,13	0,18	0,32	1473,71
2480	30.08.2025 07:51:19	17,44	-0,15	0,17	0,30	1473,69
2481	30.08.2025 07:51:20	17,44	-0,15	0,20	0,35	1473,72
2482	30.08.2025 07:51:21	17,44	-0,15	0,18	0,32	1473,71
2483	30.08.2025 07:51:22	17,44	-0,15	0,18	0,32	1473,71
2484	30.08.2025 07:51:23	17,44	-0,15	0,18	0,32	1473,71
2485	30.08.2025 07:51:24	17,44	-0,13	0,17	0,30	1473,69
2486	30.08.2025 07:51:25	17,44	-0,13	0,18	0,32	1473,71
2487	30.08.2025 07:51:26	17,44	-0,13	0,18	0,32	1473,71
2488	30.08.2025 07:51:27	17,44	-0,15	0,17	0,30	1473,69
2489	30.08.2025 07:51:28	17,44	-0,13	0,18	0,32	1473,71
2490	30.08.2025 07:51:29	17,44	-0,15	0,17	0,30	1473,69
2491	30.08.2025 07:51:30	17,44	-0,15	0,17	0,30	1473,69
2492	30.08.2025 07:51:31	17,44	-0,15	0,18	0,32	1473,71
2493	30.08.2025 07:51:32	17,44	-0,15	0,18	0,32	1473,71
2494	30.08.2025 07:51:33	17,44	-0,15	0,17	0,30	1473,69
2495	30.08.2025 07:51:34	17,44	-0,15	0,17	0,30	1473,69
2496	30.08.2025 07:51:35	17,44	-0,15	0,18	0,32	1473,71
2497	30.08.2025 07:51:36	17,44	-0,15	0,17	0,30	1473,69
2498	30.08.2025 07:51:37	17,44	-0,13	0,17	0,30	1473,69
2499	30.08.2025 07:51:38	17,44	-0,15	0,17	0,30	1473,69
2500	30.08.2025 07:51:39	17,44	-0,15	0,17	0,30	1473,69
2501	30.08.2025 07:51:40	17,44	-0,15	0,17	0,30	1473,69
2502	30.08.2025 07:51:41	17,44	-0,15	0,17	0,30	1473,69
2503	30.08.2025 07:51:42	17,44	-0,13	0,17	0,30	1473,69
2504	30.08.2025 07:51:43	17,44	-0,15	0,18	0,32	1473,71
2505	30.08.2025 07:51:44	17,44	-0,15	0,17	0,30	1473,69
2506	30.08.2025 07:51:45	17,44	-0,15	0,17	0,30	1473,69
2507	30.08.2025 07:51:46	17,44	-0,13	0,18	0,32	1473,71
2508	30.08.2025 07:51:47	17,47	-0,17	0,17	0,30	1473,79
2509	30.08.2025 07:51:48	17,47	-0,15	0,17	0,30	1473,79
2510	30.08.2025 07:51:49	17,47	-0,15	0,18	0,32	1473,81
2511	30.08.2025 07:51:50	17,47	-0,15	0,17	0,30	1473,79
2512	30.08.2025 07:51:51	17,47	-0,15	0,17	0,30	1473,79
2513	30.08.2025 07:51:52	17,47	-0,15	0,17	0,30	1473,79
2514	30.08.2025 07:51:53	17,47	-0,15	0,17	0,30	1473,79
2515	30.08.2025 07:51:54	17,47	-0,15	0,17	0,30	1473,79
2516	30.08.2025 07:51:55	17,47	-0,15	0,18	0,32	1473,81
2517	30.08.2025 07:51:56	17,47	-0,15	0,17	0,30	1473,79
2518	30.08.2025 07:51:57	17,47	-0,15	0,17	0,30	1473,79
2519	30.08.2025 07:51:58	17,47	-0,15	0,18	0,32	1473,81
2520	30.08.2025 07:51:59	17,47	-0,15	0,17	0,30	1473,79
2521	30.08.2025 07:52:00	17,47	-0,15	0,17	0,30	1473,79
2522	30.08.2025 07:52:01	17,47	-0,15	0,17	0,30	1473,79
2523	30.08.2025 07:52:02	17,47	-0,15	0,17	0,30	1473,79
2524	30.08.2025 07:52:03	17,47	-0,15	0,17	0,30	1473,79
2525	30.08.2025 07:52:04	17,47	-0,15	0,17	0,30	1473,79
2526	30.08.2025 07:52:05	17,47	-0,15	0,17	0,30	1473,79
2527	30.08.2025 07:52:06	17,47	-0,15	0,17	0,30	1473,79
2528	30.08.2025 07:52:07	17,47	-0,15	0,17	0,30	1473,79
2529	30.08.2025 07:52:08	17,47	-0,15	0,17	0,30	1473,79
2530	30.08.2025 07:52:09	17,47	-0,15	0,17	0,30	1473,79
2531	30.08.2025 07:52:10	17,47	-0,15	0,17	0,30	1473,79
2532	30.08.2025 07:52:11	17,47	-0,15	0,17	0,30	1473,79
2533	30.08.2025 07:52:12	17,47	-0,15	0,17	0,30	1473,79
2534	30.08.2025 07:52:13	17,47	-0,15	0,17	0,30	1473,79
2535	30.08.2025 07:52:14	17,47	-0,15	0,17	0,30	1473,79
2536	30.08.2025 07:52:15	17,47	-0,15	0,17	0,30	1473,79
2537	30.08.2025 07:52:16	17,47	-0,15	0,17	0,30	1473,79
2538	30.08.2025 07:52:17	17,47	-0,13	0,17	0,30	1473,79
2539	30.08.2025 07:52:18	17,47	-0,15	0,18	0,32	1473,81
2540	30.08.2025 07:52:19	17,47	-0,15	0,17	0,30	1473,79
2541	30.08.2025 07:52:20	17,47	-0,15	0,17	0,30	1473,79
2542	30.08.2025 07:52:21	17,47	-0,15	0,17	0,30	1473,79
2543	30.08.2025 07:52:22	17,47	-0,17	0,17	0,30	1473,79
2544	30.08.2025 07:52:23	17,50	-0,15	0,18	0,32	1473,90
2545	30.08.2025 07:52:24	17,50	-0,15	0,17	0,30	1473,89
2546	30.08.2025 07:52:25	17,50	-0,13	0,17	0,30	1473,89
2547	30.08.2025 07:52:26	17,50	-0,15	0,17	0,30	1473,89
2548	30.08.2025 07:52:27	17,50	-0,15	0,17	0,30	1473,89
2549	30.08.2025 07:52:28	17,50	-0,15	0,17	0,30	1473,89
2550	30.08.2025 07:52:29	17,50	-0,15	0,17	0,30	1473,89
2551	30.08.2025 07:52:30	17,50	-0,15	0,17	0,30	1473,89
2552	30.08.2025 07:52:31	17,50	-0,17	0,17	0,30	1473,88
2553	30.08.2025 07:52:32	17,50	-0,17	0,17	0,30	1473,88
2554	30.08.2025 07:52:33	17,50	-0,15	0,17	0,30	1473,89
2555	30.08.2025 07:52:34	17,50	-0,15	0,17	0,30	1473,89
2556	30.08.2025 07:52:35	17,50	-0,15	0,17	0,30	1473,89
2557	30.08.2025 07:52:36	17,50	-0,15	0,17	0,30	1473,89
2558	30.08.2025 07:52:37	17,50	-0,15	0,17	0,30	1473,89
2559	30.08.2025 07:52:38	17,50	-0,13	0,17	0,30	1473,89
2560	30.08.2025 07:52:39	17,50	-0,15	0,17	0,30	1473,89
2561	30.08.2025 07:52:40	17,50	-0,15	0,17	0,30	1473,89
2562	30.08.2025 07:52:41	17,50	-0,17	0,17	0,30	1473,88
2563	30.08.2025 07:52:42	17,50	-0,15	0,17	0,30	1473,89
2564	30.08.2025 07:52:43	17,50	-0,15	0,17	0,30	1473,89
2565	30.08.2025 07:52:44	17,50	-0,15	0,17	0,30	1473,89
2566	30.08.2025 07:52:45	17,50	-0,15	0,17	0,30	1473,89
2567	30.08.2025 07:52:46	17,50	-0,15	0,17	0,30	1473,89
2568	30.08.2025 07:52:47	17,50	-0,15	0,17	0,30	1473,89
2569	30.08.2025 07:52:48	17,50	-0,15	0,17	0,30	1473,89
2570	30.08.2025 07:52:49	17,50	-0,15	0,17	0,30	1473,89
2571	30.08.2025 07:52:50	17,50	-0,15	0,17	0,30	1473,89
2572	30.08.2025 07:52:51	17,50	-0,15	0,17	0,30	1473,89
2573	30.08.2025 07:52:52	17,50	-0,15	0,17	0,30	1473,89
2574	30.08.2025 07:52:53	17,50	-0,15	0,17	0,30	1473,89
2575	30.08.2025 07:52:54	17,50	-0,15	0,17	0,30	1473,89
2576	30.08.2025 07:52:55	17,50	-0,17	0,17	0,30	1473,88
2577	30.08.2025 07:52:56	17,50	-0,15	0,17	0,30	1473,89
2578	30.08.2025 07:52:57	17,50	-0,15	0,17	0,30	1473,89
2579	30.08.2025 07:52:58	17,50	-0,15	0,17	0,30	1473,89
2580	30.08.2025 07:52:59	17,53	-0,15	0,17	0,30	1473,99
2581	30.08.2025 07:53:00	17,53	-0,15	0,17	0,30	1473,99
2582	30.08.2025 07:53:01	17,53	-0,15	0,17	0,30	1473,99
2583	30.08.2025 07:53:02	17,53	-0,15	0,17	0,30	1473,99
2584	30.08.2025 07:53:03	17,53	-0,15	0,17	0,30	1473,99
2585	30.08.2025 07:53:04	17,53	-0,15	0,17	0,30	1473,99
2586	30.08.2025 07:53:05	17,53	-0,15	0,17	0,30	1473,99
2587	30.08.2025 07:53:06	17,53	-0,15	0,17	0,30	1473,99
2588	30.08.2025 07:53:07	17,53	-0,15	0,17	0,30	1473,99
2589	30.08.2025 07:53:08	17,53	-0,15	0,17	0,30	1473,99
2590	30.08.2025 07:53:09	17,53	-0,17	0,17	0,30	1473,98
2591	30.08.2025 07:53:10	17,53	-0,17	0,17	0,30	1473,98
2592	30.08.2025 07:53:11	17,53	-0,15	0,17	0,30	1473,99
2593	30.08.2025 07:53:12	17,53	-0,15	0,17	0,30	1473,99
2594	30.08.2025 07:53:13	17,53	-0,15	0,18	0,32	1474,00
2595	30.08.2025 07:53:14	17,53	-0,17	0,17	0,30	1473,98
2596	30.08.2025 07:53:15	17,53	-0,13	0,17	0,30	1473,99
2597	30.08.2025 07:53:16	17,53	-0,15	0,17	0,30	1473,99
2598	30.08.2025 07:53:17	17,53	-0,17	0,17	0,30	1473,98
2599	30.08.2025 07:53:18	17,53	-0,15	0,17	0,30	1473,99
2600	30.08.2025 07:53:19	17,53	-0,15	0,17	0,30	1473,99
2601	30.08.2025 07:53:20	17,53	-0,17	0,17	0,30	1473,98
2602	30.08.2025 07:53:21	17,53	-0,15	0,17	0,30	1473,99
2603	30.08.2025 07:53:22	17,53	-0,15	0,17	0,30	1473,99
2604	30.08.2025 07:53:23	17,53	-0,15	0,17	0,30	1473,99
2605	30.08.2025 07:53:24	17,53	-0,15	0,79	1,35	1474,72
2606	30.08.2025 07:53:25	17,53	-0,15	0,23	0,40	1474,06
2607	30.08.2025 07:53:26	17,53	-0,15	0,20	0,35	1474,02
2608	30.08.2025 07:53:27	17,53	-0,15	0,20	0,35	1474,02
2609	30.08.2025 07:53:28	17,53	-0,15	0,18	0,32	1474,00
2610	30.08.2025 07:53:29	17,53	-0,15	0,18	0,32	1474,00
2611	30.08.2025 07:53:30	17,53	-0,15	0,17	0,30	1473,99
2612	30.08.2025 07:53:31	17,53	-0,15	0,17	0,30	1473,99
2613	30.08.2025 07:53:32	17,53	-0,15	0,17	0,30	1473,99
2614	30.08.2025 07:53:33	17,56	-0,15	0,17	0,30	1474,09
2615	30.08.2025 07:53:34	17,53	-0,15	0,17	0,30	1473,99
2616	30.08.2025 07:53:35	17,56	-0,15	0,17	0,30	1474,09
2617	30.08.2025 07:53:36	17,56	-0,15	0,17	0,30	1474,09
2618	30.08.2025 07:53:37	17,56	-0,15	0,15	0,27	1474,07
2619	30.08.2025 07:53:38	17,56	-0,13	0,15	0,27	1474,07
2620	30.08.2025 07:53:39	17,56	-0,15	0,15	0,27	1474,07
2621	30.08.2025 07:53:40	17,56	-0,15	0,15	0,27	1474,07
2622	30.08.2025 07:53:41	17,56	-0,15	0,15	0,27	1474,07
2623	30.08.2025 07:53:42	17,56	-0,15	0,15	0,27	1474,07
2624	30.08.2025 07:53:43	17,56	-0,15	0,15	0,27	1474,07
2625	30.08.2025 07:53:44	17,56	-0,15	0,15	0,27	1474,07
2626	30.08.2025 07:53:45	17,56	-0,15	0,15	0,27	1474,07
2627	30.08.2025 07:53:46	17,56	-0,15	0,15	0,27	1474,07
2628	30.08.2025 07:53:47	17,56	-0,15	0,15	0,27	1474,07
2629	30.08.2025 07:53:48	17,56	-0,13	0,15	0,27	1474,07
2630	30.08.2025 07:53:49	17,56	-0,15	0,15	0,27	1474,07
2631	30.08.2025 07:53:50	17,56	-0,15	0,15	0,27	1474,07
2632	30.08.2025 07:53:51	17,56	-0,15	0,15	0,27	1474,07
2633	30.08.2025 07:53:52	17,56	-0,15	0,15	0,27	1474,07
2634	30.08.2025 07:53:53	17,56	-0,15	0,15	0,27	1474,07
2635	30.08.2025 07:53:54	17,56	-0,15	0,14	0,24	1474,05
2636	30.08.2025 07:53:55	17,56	-0,15	0,15	0,27	1474,07
2637	30.08.2025 07:53:56	17,56	-0,15	0,15	0,27	1474,07
2638	30.08.2025 07:53:57	17,56	-0,15	0,15	0,27	1474,07
2639	30.08.2025 07:53:58	17,56	-0,15	0,15	0,27	1474,07
2640	30.08.2025 07:53:59	17,56	-0,15	0,41	0,72	1474,37
2641	30.08.2025 07:54:00	17,56	-0,17	0,51	0,87	1474,48
2642	30.08.2025 07:54:01	17,56	-0,17	0,27	0,48	1474,21
2643	30.08.2025 07:54:02	17,56	-0,17	0,30	0,53	1474,24
2644	30.08.2025 07:54:03	17,56	-0,17	0,24	0,43	1474,17
2645	30.08.2025 07:54:04	17,56	-0,17	0,23	0,40	1474,15
2646	30.08.2025 07:54:05	17,56	-0,17	0,20	0,35	1474,12
2647	30.08.2025 07:54:06	17,56	-0,17	0,20	0,35	1474,12
2648	30.08.2025 07:54:07	17,56	-0,17	0,20	0,35	1474,12
2649	30.08.2025 07:54:08	17,56	-0,15	0,18	0,32	1474,10
2650	30.08.2025 07:54:09	17,56	-0,17	0,18	0,32	1474,10
2651	30.08.2025 07:54:10	17,56	-0,15	0,17	0,30	1474,09
2652	30.08.2025 07:54:11	17,56	-0,17	0,17	0,30	1474,08
2653	30.08.2025 07:54:12	17,56	-0,17	0,17	0,30	1474,08
2654	30.08.2025 07:54:13	17,56	-0,17	0,47	0,82	1474,44
2655	30.08.2025 07:54:14	17,56	-0,17	0,35	0,61	1474,29
2656	30.08.2025 07:54:15	17,56	-0,17	0,49	0,85	1474,46
2657	30.08.2025 07:54:16	17,56	-0,17	0,47	0,82	1474,44
2658	30.08.2025 07:54:17	17,56	-0,15	0,47	0,82	1474,44
2659	30.08.2025 07:54:18	17,59	-0,17	0,47	0,82	1474,54
2660	30.08.2025 07:54:19	17,56	-0,17	0,44	0,77	1474,40
2661	30.08.2025 07:54:20	17,59	-0,17	0,44	0,77	1474,50
2662	30.08.2025 07:54:21	17,59	-0,17	0,38	0,66	1474,43
2663	30.08.2025 07:54:22	17,59	-0,17	0,47	0,82	1474,54
2664	30.08.2025 07:54:23	17,59	-0,17	0,47	0,82	1474,54
2665	30.08.2025 07:54:24	17,59	-0,17	0,47	0,82	1474,54
2666	30.08.2025 07:54:25	17,59	-0,17	0,46	0,79	1474,52
2667	30.08.2025 07:54:26	17,59	-0,17	0,47	0,82	1474,54
2668	30.08.2025 07:54:27	17,59	-0,15	0,43	0,74	1474,49
2669	30.08.2025 07:54:28	17,59	-0,17	0,35	0,61	1474,39
2670	30.08.2025 07:54:29	17,59	-0,17	0,35	0,61	1474,39
2671	30.08.2025 07:54:30	17,59	-0,17	0,33	0,58	1474,38
2672	30.08.2025 07:54:31	17,59	-0,17	0,35	0,61	1474,39
2673	30.08.2025 07:54:32	17,59	-0,17	0,46	0,79	1474,52
2674	30.08.2025 07:54:33	17,59	-0,17	0,41	0,72	1474,47
2675	30.08.2025 07:54:34	17,59	-0,17	0,36	0,64	1474,41
2676	30.08.2025 07:54:35	17,59	-0,17	0,44	0,77	1474,50
2677	30.08.2025 07:54:36	17,59	-0,17	0,40	0,69	1474,45
2678	30.08.2025 07:54:37	17,59	-0,17	0,43	0,74	1474,48
2679	30.08.2025 07:54:38	17,59	-0,17	0,40	0,69	1474,45
2680	30.08.2025 07:54:39	17,59	-0,17	0,32	0,56	1474,36
2681	30.08.2025 07:54:40	17,59	-0,17	0,24	0,43	1474,27
2682	30.08.2025 07:54:41	17,59	-0,17	0,29	0,51	1474,32
2683	30.08.2025 07:54:42	17,59	-0,17	0,29	0,51	1474,32
2684	30.08.2025 07:54:43	17,59	-0,17	0,26	0,45	1474,29
2685	30.08.2025 07:54:44	17,59	-0,15	0,23	0,40	1474,25
2686	30.08.2025 07:54:45	17,59	-0,15	0,26	0,45	1474,29
2687	30.08.2025 07:54:46	17,59	-0,17	0,23	0,40	1474,25
2688	30.08.2025 07:54:47	17,59	-0,15	0,23	0,40	1474,25
2689	30.08.2025 07:54:48	17,59	-0,17	0,24	0,43	1474,27
2690	30.08.2025 07:54:49	17,59	-0,15	0,23	0,40	1474,25
2691	30.08.2025 07:54:50	17,59	-0,17	0,23	0,40	1474,25
2692	30.08.2025 07:54:51	17,59	-0,17	0,24	0,43	1474,27
2693	30.08.2025 07:54:52	17,59	-0,17	0,23	0,40	1474,25
2694	30.08.2025 07:54:53	17,59	-0,15	0,23	0,40	1474,25
2695	30.08.2025 07:54:54	17,59	-0,15	0,23	0,40	1474,25
2696	30.08.2025 07:54:55	17,62	-0,13	0,23	0,40	1474,36
2697	30.08.2025 07:54:56	17,59	-0,17	0,23	0,40	1474,25
2698	30.08.2025 07:54:57	17,62	-0,13	0,23	0,40	1474,36
2699	30.08.2025 07:54:58	17,62	-0,15	0,23	0,40	1474,35
2700	30.08.2025 07:54:59	17,62	-0,15	0,23	0,40	1474,35
2701	30.08.2025 07:55:00	17,62	-0,15	0,23	0,40	1474,35
2702	30.08.2025 07:55:01	17,62	-0,15	0,21	0,37	1474,34
2703	30.08.2025 07:55:02	17,62	-0,15	0,23	0,40	1474,35
2704	30.08.2025 07:55:03	17,62	-0,13	0,23	0,40	1474,36
2705	30.08.2025 07:55:04	17,62	-0,15	0,23	0,40	1474,35
2706	30.08.2025 07:55:05	17,62	-0,15	0,23	0,40	1474,35
2707	30.08.2025 07:55:06	17,62	-0,15	0,21	0,37	1474,34
2708	30.08.2025 07:55:07	17,62	-0,15	0,23	0,40	1474,35
2709	30.08.2025 07:55:08	17,62	-0,13	0,23	0,40	1474,36
2710	30.08.2025 07:55:09	17,62	-0,13	0,21	0,37	1474,34
2711	30.08.2025 07:55:10	17,62	-0,15	0,23	0,40	1474,35
2712	30.08.2025 07:55:11	17,62	-0,15	0,23	0,40	1474,35
2713	30.08.2025 07:55:12	17,62	-0,15	0,21	0,37	1474,34
2714	30.08.2025 07:55:13	17,62	-0,15	0,23	0,40	1474,35
2715	30.08.2025 07:55:14	17,62	-0,15	0,23	0,40	1474,35
2716	30.08.2025 07:55:15	17,62	-0,15	0,21	0,37	1474,34
2717	30.08.2025 07:55:16	17,62	-0,13	0,23	0,40	1474,36
2718	30.08.2025 07:55:17	17,62	-0,13	0,23	0,40	1474,36
2719	30.08.2025 07:55:18	17,62	-0,15	0,21	0,37	1474,34
2720	30.08.2025 07:55:19	17,62	-0,15	0,23	0,40	1474,35
2721	30.08.2025 07:55:20	17,62	-0,15	0,21	0,37	1474,34
2722	30.08.2025 07:55:21	17,62	-0,15	0,23	0,40	1474,35
2723	30.08.2025 07:55:22	17,62	-0,13	0,23	0,40	1474,36
2724	30.08.2025 07:55:23	17,62	-0,15	0,21	0,37	1474,34
2725	30.08.2025 07:55:24	17,62	-0,13	0,23	0,40	1474,36
2726	30.08.2025 07:55:25	17,62	-0,15	0,23	0,40	1474,35
2727	30.08.2025 07:55:26	17,65	-0,13	0,21	0,37	1474,44
2728	30.08.2025 07:55:27	17,65	-0,13	0,21	0,37	1474,44
2729	30.08.2025 07:55:28	17,65	-0,15	0,23	0,40	1474,45
2730	30.08.2025 07:55:29	17,65	-0,13	0,23	0,40	1474,46
2731	30.08.2025 07:55:30	17,65	-0,15	0,21	0,37	1474,43
2732	30.08.2025 07:55:31	17,65	-0,15	0,23	0,40	1474,45
2733	30.08.2025 07:55:32	17,65	-0,13	0,23	0,40	1474,46
2734	30.08.2025 07:55:33	17,65	-0,15	0,23	0,40	1474,45
2735	30.08.2025 07:55:34	17,65	-0,13	0,23	0,40	1474,46
2736	30.08.2025 07:55:35	17,65	-0,15	0,20	0,35	1474,42
2737	30.08.2025 07:55:36	17,65	-0,15	0,23	0,40	1474,45
2738	30.08.2025 07:55:37	17,65	-0,15	0,21	0,37	1474,43
2739	30.08.2025 07:55:38	17,65	-0,15	0,23	0,40	1474,45
2740	30.08.2025 07:55:39	17,65	-0,15	0,21	0,37	1474,43
2741	30.08.2025 07:55:40	17,65	-0,13	0,23	0,40	1474,46
2742	30.08.2025 07:55:41	17,65	-0,15	0,23	0,40	1474,45
2743	30.08.2025 07:55:42	17,65	-0,13	0,40	0,69	1474,65
2744	30.08.2025 07:55:43	17,65	-0,17	0,26	0,45	1474,48
2745	30.08.2025 07:55:44	17,65	-0,15	0,23	0,40	1474,45
2746	30.08.2025 07:55:45	17,65	-0,15	0,32	0,56	1474,56
2747	30.08.2025 07:55:46	17,65	-0,15	0,41	0,72	1474,67
2748	30.08.2025 07:55:47	17,65	-0,15	0,38	0,66	1474,63
2749	30.08.2025 07:55:48	17,65	-0,15	0,47	0,82	1474,74
2750	30.08.2025 07:55:49	17,65	-0,15	0,32	0,56	1474,56
2751	30.08.2025 07:55:50	17,65	-0,15	0,26	0,45	1474,49
2752	30.08.2025 07:55:51	17,65	-0,15	0,24	0,43	1474,47
2753	30.08.2025 07:55:52	17,68	-0,15	0,18	0,32	1474,50
2754	30.08.2025 07:55:53	17,68	-0,17	0,15	0,27	1474,46
2755	30.08.2025 07:55:54	17,68	-0,15	0,21	0,37	1474,53
2756	30.08.2025 07:55:55	17,68	-0,15	0,18	0,32	1474,50
2757	30.08.2025 07:55:56	17,68	-0,17	0,18	0,32	1474,50
2758	30.08.2025 07:55:57	17,71	-0,17	0,15	0,27	1474,56
2759	30.08.2025 07:55:58	17,77	-0,21	0,23	0,40	1474,84
2760	30.08.2025 07:55:59	18,10	-0,19	0,47	0,82	1476,20
2761	30.08.2025 07:56:00	18,31	-0,28	0,21	0,37	1476,56
2762	30.08.2025 07:56:01	18,58	-0,28	0,40	0,72	1477,65
2763	30.08.2025 07:56:02	18,85	-0,37	0,23	0,43	1478,31
2764	30.08.2025 07:56:03	19,14	-0,48	0,50	0,90	1479,54
2765	30.08.2025 07:56:04	19,44	-0,37	0,22	0,40	1480,17
2766	30.08.2025 07:56:05	19,62	-0,31	0,25	0,45	1480,77
