#B	Created:	17.07.2025 20:51:42
##	Version	SeaStar	9.59
#5	Field separation:	0
#2	Date & Time:	1
#6	Decimal point:	,
#7	Date def.:	dd.mm.yyyy	.
#8	Time def.:	:
##	Axis	0	Temperature(°C)	clRed	FALSE
##	Axis	1	Pressure(Bar)	clBlue	FALSE
##	Axis	2	Salinity(psu)	clGreen	FALSE
##	Axis	3	Conductivity(mS/cm)	$00FF80FF	FALSE
##	Axis	4	Sound Velocity(m/sec)	$00404080	FALSE
##	Series	0	Temp(°C)	clRed	0	Temp(°C)	2
##	Series	1	Press(Bar)	clBlue	1	Press(Bar)	2
##	Series	2	Salinity(psu)	clGreen	2	Salinity(psu)	2
##	Series	3	Conduct(mS/cm)	$00FF80FF	3	Conduct(mS/cm)	2
##	Series	4	Sound Velocity(m/sec)	$00404080	4	Velocity(m/sec)	2
##	Recorder	50	DST CTD	13526
##	Chart	50S13526DAT	
#D	Data:	5604	17.07.2025 19:17:00	17.07.2025 20:50:23
1	17.07.2025 19:17:00	21,82	-0,05	0,02	0,02	1487,28
2	17.07.2025 19:17:01	21,82	-0,07	0,02	0,02	1487,28
3	17.07.2025 19:17:02	21,82	-0,07	0,02	0,02	1487,28
4	17.07.2025 19:17:03	21,85	-0,05	0,02	0,02	1487,37
5	17.07.2025 19:17:04	21,85	-0,07	0,02	0,02	1487,36
6	17.07.2025 19:17:05	21,85	-0,07	0,02	0,02	1487,36
7	17.07.2025 19:17:06	21,85	-0,05	0,02	0,02	1487,37
8	17.07.2025 19:17:07	21,85	-0,07	0,02	0,02	1487,36
9	17.07.2025 19:17:08	21,85	-0,07	0,02	0,02	1487,36
10	17.07.2025 19:17:09	21,85	-0,07	0,02	0,02	1487,36
11	17.07.2025 19:17:10	21,85	-0,07	0,02	0,02	1487,36
12	17.07.2025 19:17:11	21,85	-0,07	0,02	0,02	1487,36
13	17.07.2025 19:17:12	21,85	-0,05	0,02	0,02	1487,37
14	17.07.2025 19:17:13	21,85	-0,07	0,02	0,02	1487,36
15	17.07.2025 19:17:14	21,85	-0,05	0,02	0,02	1487,37
16	17.07.2025 19:17:15	21,85	-0,07	0,02	0,02	1487,36
17	17.07.2025 19:17:16	21,85	-0,05	0,02	0,02	1487,37
18	17.07.2025 19:17:17	21,85	-0,07	0,02	0,02	1487,36
19	17.07.2025 19:17:18	21,85	-0,07	0,02	0,02	1487,36
20	17.07.2025 19:17:19	21,85	-0,07	0,02	0,02	1487,36
21	17.07.2025 19:17:20	21,85	-0,07	0,02	0,02	1487,36
22	17.07.2025 19:17:21	21,85	-0,05	0,02	0,02	1487,37
23	17.07.2025 19:17:22	21,85	-0,07	0,02	0,02	1487,36
24	17.07.2025 19:17:23	21,85	-0,07	0,02	0,02	1487,36
25	17.07.2025 19:17:24	21,85	-0,07	0,02	0,02	1487,36
26	17.07.2025 19:17:25	21,85	-0,05	0,02	0,02	1487,37
27	17.07.2025 19:17:26	21,85	-0,05	0,02	0,02	1487,37
28	17.07.2025 19:17:27	21,85	-0,07	0,02	0,02	1487,36
29	17.07.2025 19:17:28	21,85	-0,05	0,02	0,02	1487,37
30	17.07.2025 19:17:29	21,85	-0,07	0,02	0,02	1487,36
31	17.07.2025 19:17:30	21,85	-0,07	0,02	0,02	1487,36
32	17.07.2025 19:17:31	21,85	-0,07	0,02	0,02	1487,36
33	17.07.2025 19:17:32	21,85	-0,07	0,02	0,02	1487,36
34	17.07.2025 19:17:33	21,85	-0,07	0,02	0,02	1487,36
35	17.07.2025 19:17:34	21,85	-0,07	0,02	0,02	1487,36
36	17.07.2025 19:17:35	21,85	-0,07	0,02	0,02	1487,36
37	17.07.2025 19:17:36	21,85	-0,05	0,02	0,02	1487,37
38	17.07.2025 19:17:37	21,85	-0,05	0,02	0,02	1487,37
39	17.07.2025 19:17:38	21,85	-0,07	0,02	0,02	1487,36
40	17.07.2025 19:17:39	21,85	-0,07	0,02	0,02	1487,36
41	17.07.2025 19:17:40	21,85	-0,07	0,02	0,02	1487,36
42	17.07.2025 19:17:41	21,85	-0,07	0,02	0,02	1487,36
43	17.07.2025 19:17:42	21,88	-0,07	0,02	0,02	1487,45
44	17.07.2025 19:17:43	21,88	-0,05	0,02	0,02	1487,45
45	17.07.2025 19:17:44	21,88	-0,05	0,02	0,02	1487,45
46	17.07.2025 19:17:45	21,85	-0,07	0,02	0,02	1487,36
47	17.07.2025 19:17:46	21,85	-0,05	0,02	0,02	1487,37
48	17.07.2025 19:17:47	21,85	-0,05	0,02	0,02	1487,37
49	17.07.2025 19:17:48	21,85	-0,07	0,02	0,02	1487,36
50	17.07.2025 19:17:49	21,85	-0,07	0,02	0,02	1487,36
51	17.07.2025 19:17:50	21,85	-0,07	0,02	0,02	1487,36
52	17.07.2025 19:17:51	21,85	-0,05	0,02	0,02	1487,37
53	17.07.2025 19:17:52	21,85	-0,07	0,02	0,02	1487,36
54	17.07.2025 19:17:53	21,85	-0,07	0,02	0,02	1487,36
55	17.07.2025 19:17:54	21,85	-0,07	0,02	0,02	1487,36
56	17.07.2025 19:17:55	21,85	-0,07	0,02	0,02	1487,36
57	17.07.2025 19:17:56	21,85	-0,07	0,02	0,02	1487,36
58	17.07.2025 19:17:57	21,85	-0,07	0,02	0,02	1487,36
59	17.07.2025 19:17:58	21,85	-0,07	0,02	0,02	1487,36
60	17.07.2025 19:17:59	21,85	-0,05	0,02	0,02	1487,37
61	17.07.2025 19:18:00	21,85	-0,05	0,02	0,02	1487,37
62	17.07.2025 19:18:01	21,85	-0,05	0,02	0,02	1487,37
63	17.07.2025 19:18:02	21,85	-0,05	0,02	0,02	1487,37
64	17.07.2025 19:18:03	21,85	-0,07	0,02	0,02	1487,36
65	17.07.2025 19:18:04	21,85	-0,07	0,02	0,02	1487,36
66	17.07.2025 19:18:05	21,85	-0,07	0,02	0,02	1487,36
67	17.07.2025 19:18:06	21,85	-0,07	0,02	0,02	1487,36
68	17.07.2025 19:18:07	21,85	-0,05	0,02	0,02	1487,37
69	17.07.2025 19:18:08	21,85	-0,05	0,02	0,02	1487,37
70	17.07.2025 19:18:09	21,85	-0,05	0,02	0,02	1487,37
71	17.07.2025 19:18:10	21,85	-0,07	0,02	0,02	1487,36
72	17.07.2025 19:18:11	21,85	-0,07	0,02	0,02	1487,36
73	17.07.2025 19:18:12	21,85	-0,05	0,02	0,02	1487,37
74	17.07.2025 19:18:13	21,85	-0,05	0,02	0,02	1487,37
75	17.07.2025 19:18:14	21,85	-0,05	0,02	0,02	1487,37
76	17.07.2025 19:18:15	21,85	-0,05	0,02	0,02	1487,37
77	17.07.2025 19:18:16	21,85	-0,05	0,02	0,02	1487,37
78	17.07.2025 19:18:17	21,85	-0,07	0,02	0,02	1487,36
79	17.07.2025 19:18:18	21,85	-0,07	0,02	0,02	1487,36
80	17.07.2025 19:18:19	21,85	-0,07	0,02	0,02	1487,36
81	17.07.2025 19:18:20	21,85	-0,07	0,02	0,02	1487,36
82	17.07.2025 19:18:21	21,82	-0,07	0,02	0,02	1487,28
83	17.07.2025 19:18:22	21,82	-0,05	0,02	0,02	1487,28
84	17.07.2025 19:18:23	21,82	-0,05	0,02	0,02	1487,28
85	17.07.2025 19:18:24	21,82	-0,07	0,02	0,02	1487,28
86	17.07.2025 19:18:25	21,82	-0,07	0,02	0,02	1487,28
87	17.07.2025 19:18:26	21,82	-0,05	0,02	0,02	1487,28
88	17.07.2025 19:18:27	21,82	-0,05	0,02	0,02	1487,28
89	17.07.2025 19:18:28	21,82	-0,05	0,02	0,02	1487,28
90	17.07.2025 19:18:29	21,82	-0,07	0,02	0,02	1487,28
91	17.07.2025 19:18:30	21,82	-0,05	0,02	0,02	1487,28
92	17.07.2025 19:18:31	21,82	-0,05	0,02	0,02	1487,28
93	17.07.2025 19:18:32	21,82	-0,07	0,02	0,02	1487,28
94	17.07.2025 19:18:33	21,82	-0,05	0,02	0,02	1487,28
95	17.07.2025 19:18:34	21,82	-0,07	0,02	0,02	1487,28
96	17.07.2025 19:18:35	21,82	-0,05	0,02	0,02	1487,28
97	17.07.2025 19:18:36	21,82	-0,07	0,02	0,02	1487,28
98	17.07.2025 19:18:37	21,82	-0,05	0,02	0,02	1487,28
99	17.07.2025 19:18:38	21,82	-0,05	0,02	0,02	1487,28
100	17.07.2025 19:18:39	21,82	-0,05	0,02	0,02	1487,28
101	17.07.2025 19:18:40	21,82	-0,07	0,02	0,02	1487,28
102	17.07.2025 19:18:41	21,82	-0,05	0,02	0,02	1487,28
103	17.07.2025 19:18:42	21,82	-0,05	0,02	0,02	1487,28
104	17.07.2025 19:18:43	21,79	-0,05	0,02	0,02	1487,19
105	17.07.2025 19:18:44	21,82	-0,07	0,02	0,02	1487,28
106	17.07.2025 19:18:45	21,79	-0,05	0,02	0,02	1487,19
107	17.07.2025 19:18:46	21,79	-0,05	0,02	0,02	1487,19
108	17.07.2025 19:18:47	21,79	-0,05	0,02	0,02	1487,19
109	17.07.2025 19:18:48	21,79	-0,05	0,02	0,02	1487,19
110	17.07.2025 19:18:49	21,79	-0,05	0,02	0,02	1487,19
111	17.07.2025 19:18:50	21,79	-0,05	0,02	0,02	1487,19
112	17.07.2025 19:18:51	21,79	-0,07	0,02	0,02	1487,19
113	17.07.2025 19:18:52	21,79	-0,07	0,02	0,02	1487,19
114	17.07.2025 19:18:53	21,79	-0,05	0,02	0,02	1487,19
115	17.07.2025 19:18:54	21,79	-0,07	0,02	0,02	1487,19
116	17.07.2025 19:18:55	21,79	-0,05	0,02	0,02	1487,19
117	17.07.2025 19:18:56	21,79	-0,05	0,02	0,02	1487,19
118	17.07.2025 19:18:57	21,79	-0,05	0,02	0,02	1487,19
119	17.07.2025 19:18:58	21,76	-0,05	0,02	0,02	1487,11
120	17.07.2025 19:18:59	21,76	-0,07	0,02	0,02	1487,10
121	17.07.2025 19:19:00	21,76	-0,05	0,02	0,02	1487,11
122	17.07.2025 19:19:01	21,76	-0,07	0,02	0,02	1487,10
123	17.07.2025 19:19:02	21,76	-0,05	0,02	0,02	1487,11
124	17.07.2025 19:19:03	21,76	-0,07	0,02	0,02	1487,10
125	17.07.2025 19:19:04	21,76	-0,07	0,02	0,02	1487,10
126	17.07.2025 19:19:05	21,76	-0,05	0,02	0,02	1487,11
127	17.07.2025 19:19:06	21,76	-0,05	0,02	0,02	1487,11
128	17.07.2025 19:19:07	21,76	-0,07	0,02	0,02	1487,10
129	17.07.2025 19:19:08	21,76	-0,05	0,02	0,02	1487,11
130	17.07.2025 19:19:09	21,76	-0,05	0,02	0,02	1487,11
131	17.07.2025 19:19:10	21,76	-0,05	0,02	0,02	1487,11
132	17.07.2025 19:19:11	21,76	-0,05	0,02	0,02	1487,11
133	17.07.2025 19:19:12	21,76	-0,07	0,02	0,02	1487,10
134	17.07.2025 19:19:13	21,76	-0,07	0,02	0,02	1487,10
135	17.07.2025 19:19:14	21,73	-0,05	0,02	0,02	1487,02
136	17.07.2025 19:19:15	21,73	-0,05	0,02	0,02	1487,02
137	17.07.2025 19:19:16	21,73	-0,07	0,02	0,02	1487,02
138	17.07.2025 19:19:17	21,73	-0,07	0,02	0,02	1487,02
139	17.07.2025 19:19:18	21,73	-0,05	0,02	0,02	1487,02
140	17.07.2025 19:19:19	21,73	-0,05	0,02	0,02	1487,02
141	17.07.2025 19:19:20	21,73	-0,05	0,02	0,02	1487,02
142	17.07.2025 19:19:21	21,73	-0,05	0,02	0,02	1487,02
143	17.07.2025 19:19:22	21,73	-0,05	0,02	0,02	1487,02
144	17.07.2025 19:19:23	21,73	-0,05	0,02	0,02	1487,02
145	17.07.2025 19:19:24	21,73	-0,07	0,02	0,02	1487,02
146	17.07.2025 19:19:25	21,73	-0,05	0,02	0,02	1487,02
147	17.07.2025 19:19:26	21,73	-0,05	0,02	0,02	1487,02
148	17.07.2025 19:19:27	21,73	-0,03	0,02	0,02	1487,02
149	17.07.2025 19:19:28	21,73	-0,05	0,02	0,02	1487,02
150	17.07.2025 19:19:29	21,70	-0,05	0,02	0,02	1486,93
151	17.07.2025 19:19:30	21,70	-0,05	0,02	0,02	1486,93
152	17.07.2025 19:19:31	21,70	-0,05	0,02	0,02	1486,93
153	17.07.2025 19:19:32	21,70	-0,05	0,02	0,02	1486,93
154	17.07.2025 19:19:33	21,70	-0,05	0,02	0,02	1486,93
155	17.07.2025 19:19:34	21,70	-0,05	0,02	0,02	1486,93
156	17.07.2025 19:19:35	21,70	-0,05	0,02	0,02	1486,93
157	17.07.2025 19:19:36	21,70	-0,05	0,02	0,02	1486,93
158	17.07.2025 19:19:37	21,70	-0,05	0,02	0,02	1486,93
159	17.07.2025 19:19:38	21,70	-0,05	0,02	0,02	1486,93
160	17.07.2025 19:19:39	21,70	-0,05	0,02	0,02	1486,93
161	17.07.2025 19:19:40	21,70	-0,05	0,02	0,02	1486,93
162	17.07.2025 19:19:41	21,67	-0,05	0,02	0,02	1486,84
163	17.07.2025 19:19:42	21,67	-0,05	0,02	0,02	1486,84
164	17.07.2025 19:19:43	21,67	-0,05	0,02	0,02	1486,84
165	17.07.2025 19:19:44	21,67	-0,05	0,02	0,02	1486,84
166	17.07.2025 19:19:45	21,67	-0,05	0,02	0,02	1486,84
167	17.07.2025 19:19:46	21,67	-0,05	0,02	0,02	1486,84
168	17.07.2025 19:19:47	21,67	-0,05	0,02	0,02	1486,84
169	17.07.2025 19:19:48	21,67	-0,05	0,02	0,02	1486,84
170	17.07.2025 19:19:49	21,67	-0,05	0,02	0,02	1486,84
171	17.07.2025 19:19:50	21,67	-0,05	0,02	0,02	1486,84
172	17.07.2025 19:19:51	21,67	-0,05	0,02	0,02	1486,84
173	17.07.2025 19:19:52	21,64	-0,05	0,02	0,02	1486,76
174	17.07.2025 19:19:53	21,67	-0,05	0,02	0,02	1486,84
175	17.07.2025 19:19:54	21,64	-0,05	0,02	0,02	1486,76
176	17.07.2025 19:19:55	21,64	-0,05	0,02	0,02	1486,76
177	17.07.2025 19:19:56	21,64	-0,05	0,02	0,02	1486,76
178	17.07.2025 19:19:57	21,64	-0,05	0,02	0,02	1486,76
179	17.07.2025 19:19:58	21,64	-0,05	0,02	0,02	1486,76
180	17.07.2025 19:19:59	21,64	-0,05	0,02	0,02	1486,76
181	17.07.2025 19:20:00	21,64	-0,05	0,02	0,02	1486,76
182	17.07.2025 19:20:01	21,64	-0,05	0,02	0,02	1486,76
183	17.07.2025 19:20:02	21,64	-0,05	0,02	0,02	1486,76
184	17.07.2025 19:20:03	21,64	-0,05	0,02	0,02	1486,76
185	17.07.2025 19:20:04	21,61	-0,07	0,02	0,02	1486,67
186	17.07.2025 19:20:05	21,61	-0,07	0,02	0,02	1486,67
187	17.07.2025 19:20:06	21,61	-0,07	0,02	0,02	1486,67
188	17.07.2025 19:20:07	21,61	-0,07	0,02	0,02	1486,67
189	17.07.2025 19:20:08	21,61	-0,07	0,02	0,02	1486,67
190	17.07.2025 19:20:09	21,61	-0,05	0,02	0,02	1486,67
191	17.07.2025 19:20:10	21,61	-0,07	0,02	0,02	1486,67
192	17.07.2025 19:20:11	21,61	-0,07	0,02	0,02	1486,67
193	17.07.2025 19:20:12	21,61	-0,07	0,02	0,02	1486,67
194	17.07.2025 19:20:13	21,61	-0,07	0,02	0,02	1486,67
195	17.07.2025 19:20:14	21,61	-0,07	0,02	0,02	1486,67
196	17.07.2025 19:20:15	21,58	-0,07	0,02	0,02	1486,58
197	17.07.2025 19:20:16	21,58	-0,07	0,02	0,02	1486,58
198	17.07.2025 19:20:17	21,58	-0,05	0,02	0,02	1486,58
199	17.07.2025 19:20:18	21,58	-0,07	0,02	0,02	1486,58
200	17.07.2025 19:20:19	21,58	-0,07	0,02	0,02	1486,58
201	17.07.2025 19:20:20	21,58	-0,07	0,02	0,02	1486,58
202	17.07.2025 19:20:21	21,58	-0,07	0,02	0,02	1486,58
203	17.07.2025 19:20:22	21,58	-0,07	0,02	0,02	1486,58
204	17.07.2025 19:20:23	21,58	-0,05	0,02	0,02	1486,58
205	17.07.2025 19:20:24	21,58	-0,05	0,02	0,02	1486,58
206	17.07.2025 19:20:25	21,58	-0,07	0,02	0,02	1486,58
207	17.07.2025 19:20:26	21,55	-0,07	0,02	0,02	1486,49
208	17.07.2025 19:20:27	21,55	-0,07	0,02	0,02	1486,49
209	17.07.2025 19:20:28	21,55	-0,07	0,02	0,02	1486,49
210	17.07.2025 19:20:29	21,55	-0,07	0,02	0,02	1486,49
211	17.07.2025 19:20:30	21,55	-0,07	0,02	0,02	1486,49
212	17.07.2025 19:20:31	21,55	-0,07	0,02	0,02	1486,49
213	17.07.2025 19:20:32	21,55	-0,07	0,02	0,02	1486,49
214	17.07.2025 19:20:33	21,55	-0,05	0,02	0,02	1486,50
215	17.07.2025 19:20:34	21,55	-0,07	0,02	0,02	1486,49
216	17.07.2025 19:20:35	21,55	-0,07	0,02	0,02	1486,49
217	17.07.2025 19:20:36	21,55	-0,05	0,02	0,02	1486,50
218	17.07.2025 19:20:37	21,55	-0,07	0,02	0,02	1486,49
219	17.07.2025 19:20:38	21,55	-0,05	0,02	0,02	1486,50
220	17.07.2025 19:20:39	21,53	-0,07	0,02	0,02	1486,40
221	17.07.2025 19:20:40	21,53	-0,07	0,02	0,02	1486,40
222	17.07.2025 19:20:41	21,53	-0,07	0,02	0,02	1486,40
223	17.07.2025 19:20:42	21,53	-0,05	0,02	0,02	1486,41
224	17.07.2025 19:20:43	21,53	-0,07	0,02	0,02	1486,40
225	17.07.2025 19:20:44	21,53	-0,05	0,02	0,02	1486,41
226	17.07.2025 19:20:45	21,53	-0,07	0,02	0,02	1486,40
227	17.07.2025 19:20:46	21,53	-0,07	0,02	0,02	1486,40
228	17.07.2025 19:20:47	21,53	-0,07	0,02	0,02	1486,40
229	17.07.2025 19:20:48	21,53	-0,07	0,02	0,02	1486,40
230	17.07.2025 19:20:49	21,53	-0,07	0,02	0,02	1486,40
231	17.07.2025 19:20:50	21,53	-0,05	0,02	0,02	1486,41
232	17.07.2025 19:20:51	21,53	-0,05	0,02	0,02	1486,41
233	17.07.2025 19:20:52	21,50	-0,07	0,02	0,02	1486,32
234	17.07.2025 19:20:53	21,50	-0,07	0,02	0,02	1486,32
235	17.07.2025 19:20:54	21,50	-0,05	0,02	0,02	1486,32
236	17.07.2025 19:20:55	21,50	-0,05	0,02	0,02	1486,32
237	17.07.2025 19:20:56	21,50	-0,05	0,02	0,02	1486,32
238	17.07.2025 19:20:57	21,50	-0,07	0,02	0,02	1486,32
239	17.07.2025 19:20:58	21,50	-0,05	0,02	0,02	1486,32
240	17.07.2025 19:20:59	21,50	-0,07	0,02	0,02	1486,32
241	17.07.2025 19:21:00	21,50	-0,05	0,02	0,02	1486,32
242	17.07.2025 19:21:01	21,50	-0,07	0,02	0,02	1486,32
243	17.07.2025 19:21:02	21,47	-0,05	0,02	0,02	1486,23
244	17.07.2025 19:21:03	21,47	-0,07	0,02	0,02	1486,23
245	17.07.2025 19:21:04	21,47	-0,05	0,02	0,02	1486,23
246	17.07.2025 19:21:05	21,47	-0,07	0,02	0,02	1486,23
247	17.07.2025 19:21:06	21,47	-0,05	0,02	0,02	1486,23
248	17.07.2025 19:21:07	21,47	-0,05	0,02	0,02	1486,23
249	17.07.2025 19:21:08	21,47	-0,05	0,02	0,02	1486,23
250	17.07.2025 19:21:09	21,47	-0,07	0,02	0,02	1486,23
251	17.07.2025 19:21:10	21,47	-0,05	0,02	0,02	1486,23
252	17.07.2025 19:21:11	21,47	-0,07	0,02	0,02	1486,23
253	17.07.2025 19:21:12	21,47	-0,07	0,02	0,02	1486,23
254	17.07.2025 19:21:13	21,47	-0,07	0,02	0,02	1486,23
255	17.07.2025 19:21:14	21,47	-0,05	0,02	0,02	1486,23
256	17.07.2025 19:21:15	21,44	-0,07	0,02	0,02	1486,14
257	17.07.2025 19:21:16	21,44	-0,05	0,02	0,02	1486,14
258	17.07.2025 19:21:17	21,44	-0,07	0,02	0,02	1486,14
259	17.07.2025 19:21:18	21,44	-0,05	0,02	0,02	1486,14
260	17.07.2025 19:21:19	21,44	-0,07	0,02	0,02	1486,14
261	17.07.2025 19:21:20	21,44	-0,05	0,02	0,02	1486,14
262	17.07.2025 19:21:21	21,44	-0,05	0,02	0,02	1486,14
263	17.07.2025 19:21:22	21,44	-0,05	0,02	0,02	1486,14
264	17.07.2025 19:21:23	21,44	-0,05	0,02	0,02	1486,14
265	17.07.2025 19:21:24	21,41	-0,05	0,02	0,02	1486,06
266	17.07.2025 19:21:25	21,41	-0,05	0,02	0,02	1486,06
267	17.07.2025 19:21:26	21,41	-0,07	0,02	0,02	1486,05
268	17.07.2025 19:21:27	21,41	-0,05	0,02	0,02	1486,06
269	17.07.2025 19:21:28	21,41	-0,05	0,02	0,02	1486,06
270	17.07.2025 19:21:29	21,41	-0,05	0,02	0,02	1486,06
271	17.07.2025 19:21:30	21,41	-0,05	0,02	0,02	1486,06
272	17.07.2025 19:21:31	21,41	-0,05	0,02	0,02	1486,06
273	17.07.2025 19:21:32	21,41	-0,05	0,02	0,02	1486,06
274	17.07.2025 19:21:33	21,41	-0,05	0,02	0,02	1486,06
275	17.07.2025 19:21:34	21,38	-0,05	0,02	0,02	1485,97
276	17.07.2025 19:21:35	21,38	-0,05	0,02	0,02	1485,97
277	17.07.2025 19:21:36	21,38	-0,05	0,02	0,02	1485,97
278	17.07.2025 19:21:37	21,38	-0,05	0,02	0,02	1485,97
279	17.07.2025 19:21:38	21,38	-0,05	0,02	0,02	1485,97
280	17.07.2025 19:21:39	21,38	-0,05	0,02	0,02	1485,97
281	17.07.2025 19:21:40	21,38	-0,05	0,02	0,02	1485,97
282	17.07.2025 19:21:41	21,38	-0,05	0,02	0,02	1485,97
283	17.07.2025 19:21:42	21,38	-0,05	0,02	0,02	1485,97
284	17.07.2025 19:21:43	21,38	-0,05	0,02	0,02	1485,97
285	17.07.2025 19:21:44	21,35	-0,05	0,02	0,02	1485,88
286	17.07.2025 19:21:45	21,35	-0,05	0,02	0,02	1485,88
287	17.07.2025 19:21:46	21,35	-0,05	0,02	0,02	1485,88
288	17.07.2025 19:21:47	21,35	-0,07	0,02	0,02	1485,88
289	17.07.2025 19:21:48	21,35	-0,05	0,02	0,02	1485,88
290	17.07.2025 19:21:49	21,35	-0,05	0,02	0,02	1485,88
291	17.07.2025 19:21:50	21,35	-0,05	0,02	0,02	1485,88
292	17.07.2025 19:21:51	21,35	-0,05	0,02	0,02	1485,88
293	17.07.2025 19:21:52	21,35	-0,05	0,02	0,02	1485,88
294	17.07.2025 19:21:53	21,35	-0,05	0,02	0,02	1485,88
295	17.07.2025 19:21:54	21,32	-0,05	0,02	0,02	1485,79
296	17.07.2025 19:21:55	21,32	-0,07	0,02	0,02	1485,79
297	17.07.2025 19:21:56	21,32	-0,05	0,02	0,02	1485,79
298	17.07.2025 19:21:57	21,32	-0,05	0,02	0,02	1485,79
299	17.07.2025 19:21:58	21,32	-0,07	0,02	0,02	1485,79
300	17.07.2025 19:21:59	21,32	-0,05	0,02	0,02	1485,79
301	17.07.2025 19:22:00	21,32	-0,05	0,02	0,02	1485,79
302	17.07.2025 19:22:01	21,32	-0,05	0,02	0,02	1485,79
303	17.07.2025 19:22:02	21,32	-0,07	0,02	0,02	1485,79
304	17.07.2025 19:22:03	21,29	-0,05	0,02	0,02	1485,70
305	17.07.2025 19:22:04	21,29	-0,07	0,02	0,02	1485,70
306	17.07.2025 19:22:05	21,29	-0,05	0,02	0,02	1485,70
307	17.07.2025 19:22:06	21,29	-0,05	0,02	0,02	1485,70
308	17.07.2025 19:22:07	21,29	-0,05	0,02	0,02	1485,70
309	17.07.2025 19:22:08	21,29	-0,05	0,02	0,02	1485,70
310	17.07.2025 19:22:09	21,29	-0,05	0,02	0,02	1485,70
311	17.07.2025 19:22:10	21,29	-0,05	0,02	0,02	1485,70
312	17.07.2025 19:22:11	21,29	-0,05	0,02	0,02	1485,70
313	17.07.2025 19:22:12	21,29	-0,05	0,02	0,02	1485,70
314	17.07.2025 19:22:13	21,26	-0,08	0,02	0,02	1485,61
315	17.07.2025 19:22:14	21,26	-0,07	0,02	0,02	1485,61
316	17.07.2025 19:22:15	21,26	-0,07	0,02	0,02	1485,61
317	17.07.2025 19:22:16	21,26	-0,08	0,02	0,02	1485,61
318	17.07.2025 19:22:17	21,26	-0,07	0,02	0,02	1485,61
319	17.07.2025 19:22:18	21,26	-0,07	0,02	0,02	1485,61
320	17.07.2025 19:22:19	21,26	-0,07	0,02	0,02	1485,61
321	17.07.2025 19:22:20	21,26	-0,07	0,02	0,02	1485,61
322	17.07.2025 19:22:21	21,26	-0,05	0,02	0,02	1485,62
323	17.07.2025 19:22:22	21,23	-0,07	0,02	0,02	1485,52
324	17.07.2025 19:22:23	21,23	-0,07	0,02	0,02	1485,52
325	17.07.2025 19:22:24	21,23	-0,07	0,02	0,02	1485,52
326	17.07.2025 19:22:25	21,23	-0,07	0,02	0,02	1485,52
327	17.07.2025 19:22:26	21,23	-0,07	0,02	0,02	1485,52
328	17.07.2025 19:22:27	21,20	-0,07	0,02	0,02	1485,44
329	17.07.2025 19:22:28	21,20	-0,07	0,02	0,02	1485,44
330	17.07.2025 19:22:29	21,20	-0,07	0,02	0,02	1485,44
331	17.07.2025 19:22:30	21,20	-0,07	0,02	0,02	1485,44
332	17.07.2025 19:22:31	21,20	-0,05	0,02	0,02	1485,44
333	17.07.2025 19:22:32	21,20	-0,05	0,02	0,02	1485,44
334	17.07.2025 19:22:33	21,20	-0,08	0,02	0,02	1485,43
335	17.07.2025 19:22:34	21,20	-0,08	0,02	0,02	1485,43
336	17.07.2025 19:22:35	21,20	-0,05	0,02	0,02	1485,44
337	17.07.2025 19:22:36	21,20	-0,07	0,02	0,02	1485,44
338	17.07.2025 19:22:37	21,20	-0,07	0,02	0,02	1485,44
339	17.07.2025 19:22:38	21,17	-0,07	0,02	0,02	1485,35
340	17.07.2025 19:22:39	21,17	-0,07	0,02	0,02	1485,35
341	17.07.2025 19:22:40	21,17	-0,05	0,02	0,02	1485,35
342	17.07.2025 19:22:41	21,17	-0,07	0,02	0,02	1485,35
343	17.07.2025 19:22:42	21,17	-0,07	0,02	0,02	1485,35
344	17.07.2025 19:22:43	21,17	-0,07	0,02	0,02	1485,35
345	17.07.2025 19:22:44	21,17	-0,07	0,02	0,02	1485,35
346	17.07.2025 19:22:45	21,17	-0,07	0,02	0,02	1485,35
347	17.07.2025 19:22:46	21,14	-0,07	0,02	0,02	1485,26
348	17.07.2025 19:22:47	21,14	-0,07	0,02	0,02	1485,26
349	17.07.2025 19:22:48	21,14	-0,07	0,02	0,02	1485,26
350	17.07.2025 19:22:49	21,14	-0,07	0,02	0,02	1485,26
351	17.07.2025 19:22:50	21,14	-0,05	0,02	0,02	1485,26
352	17.07.2025 19:22:51	21,14	-0,07	0,02	0,02	1485,26
353	17.07.2025 19:22:52	21,14	-0,05	0,02	0,02	1485,26
354	17.07.2025 19:22:53	21,14	-0,07	0,02	0,02	1485,26
355	17.07.2025 19:22:54	21,14	-0,07	0,02	0,02	1485,26
356	17.07.2025 19:22:55	21,12	-0,05	0,02	0,02	1485,17
357	17.07.2025 19:22:56	21,12	-0,05	0,02	0,02	1485,17
358	17.07.2025 19:22:57	21,12	-0,05	0,02	0,02	1485,17
359	17.07.2025 19:22:58	21,12	-0,05	0,02	0,02	1485,17
360	17.07.2025 19:22:59	21,12	-0,07	0,02	0,02	1485,17
361	17.07.2025 19:23:00	21,12	-0,05	0,02	0,02	1485,17
362	17.07.2025 19:23:01	21,12	-0,07	0,02	0,02	1485,17
363	17.07.2025 19:23:02	21,12	-0,05	0,02	0,02	1485,17
364	17.07.2025 19:23:03	21,12	-0,07	0,02	0,02	1485,17
365	17.07.2025 19:23:04	21,09	-0,07	0,02	0,02	1485,08
366	17.07.2025 19:23:05	21,09	-0,07	0,02	0,02	1485,08
367	17.07.2025 19:23:06	21,09	-0,07	0,02	0,02	1485,08
368	17.07.2025 19:23:07	21,09	-0,07	0,02	0,02	1485,08
369	17.07.2025 19:23:08	21,09	-0,07	0,02	0,02	1485,08
370	17.07.2025 19:23:09	21,09	-0,07	0,02	0,02	1485,08
371	17.07.2025 19:23:10	21,09	-0,07	0,02	0,02	1485,08
372	17.07.2025 19:23:11	21,09	-0,07	0,02	0,02	1485,08
373	17.07.2025 19:23:12	21,09	-0,05	0,02	0,02	1485,09
374	17.07.2025 19:23:13	21,09	-0,07	0,02	0,02	1485,08
375	17.07.2025 19:23:14	21,09	-0,07	0,02	0,02	1485,08
376	17.07.2025 19:23:15	21,09	-0,07	0,02	0,02	1485,08
377	17.07.2025 19:23:16	21,09	-0,07	0,02	0,02	1485,08
378	17.07.2025 19:23:17	21,09	-0,07	0,02	0,02	1485,08
379	17.07.2025 19:23:18	21,06	-0,07	0,02	0,02	1484,99
380	17.07.2025 19:23:19	21,06	-0,07	0,02	0,02	1484,99
381	17.07.2025 19:23:20	21,06	-0,05	0,02	0,02	1485,00
382	17.07.2025 19:23:21	21,06	-0,05	0,02	0,02	1485,00
383	17.07.2025 19:23:22	21,06	-0,05	0,02	0,02	1485,00
384	17.07.2025 19:23:23	21,06	-0,07	0,02	0,02	1484,99
385	17.07.2025 19:23:24	21,06	-0,07	0,02	0,02	1484,99
386	17.07.2025 19:23:25	21,06	-0,05	0,02	0,02	1485,00
387	17.07.2025 19:23:26	21,06	-0,07	0,02	0,02	1484,99
388	17.07.2025 19:23:27	21,06	-0,05	0,02	0,02	1485,00
389	17.07.2025 19:23:28	21,03	-0,05	0,02	0,02	1484,91
390	17.07.2025 19:23:29	21,03	-0,05	0,02	0,02	1484,91
391	17.07.2025 19:23:30	21,03	-0,05	0,02	0,02	1484,91
392	17.07.2025 19:23:31	21,03	-0,05	0,02	0,02	1484,91
393	17.07.2025 19:23:32	21,03	-0,05	0,02	0,02	1484,91
394	17.07.2025 19:23:33	21,03	-0,05	0,02	0,02	1484,91
395	17.07.2025 19:23:34	21,03	-0,05	0,02	0,02	1484,91
396	17.07.2025 19:23:35	21,03	-0,05	0,02	0,02	1484,91
397	17.07.2025 19:23:36	21,03	-0,05	0,02	0,02	1484,91
398	17.07.2025 19:23:37	21,03	-0,05	0,02	0,02	1484,91
399	17.07.2025 19:23:38	21,03	-0,03	0,02	0,02	1484,91
400	17.07.2025 19:23:39	21,03	-0,05	0,02	0,02	1484,91
401	17.07.2025 19:23:40	21,00	-0,05	0,02	0,02	1484,82
402	17.07.2025 19:23:41	21,00	-0,05	0,02	0,02	1484,82
403	17.07.2025 19:23:42	21,00	-0,05	0,02	0,02	1484,82
404	17.07.2025 19:23:43	21,00	-0,03	0,02	0,02	1484,82
405	17.07.2025 19:23:44	21,00	-0,07	0,02	0,02	1484,82
406	17.07.2025 19:23:45	21,00	-0,07	0,02	0,02	1484,82
407	17.07.2025 19:23:46	21,00	-0,05	0,02	0,02	1484,82
408	17.07.2025 19:23:47	21,00	-0,05	0,02	0,02	1484,82
409	17.07.2025 19:23:48	21,00	-0,05	0,02	0,02	1484,82
410	17.07.2025 19:23:49	20,97	-0,05	0,02	0,02	1484,73
411	17.07.2025 19:23:50	20,97	-0,05	0,02	0,02	1484,73
412	17.07.2025 19:23:51	20,97	-0,05	0,02	0,02	1484,73
413	17.07.2025 19:23:52	20,97	-0,05	0,02	0,02	1484,73
414	17.07.2025 19:23:53	20,97	-0,05	0,02	0,02	1484,73
415	17.07.2025 19:23:54	20,97	-0,05	0,02	0,02	1484,73
416	17.07.2025 19:23:55	20,97	-0,07	0,02	0,02	1484,73
417	17.07.2025 19:23:56	20,97	-0,07	0,02	0,02	1484,73
418	17.07.2025 19:23:57	20,97	-0,05	0,02	0,02	1484,73
419	17.07.2025 19:23:58	20,97	-0,05	0,02	0,02	1484,73
420	17.07.2025 19:23:59	20,94	-0,05	0,02	0,02	1484,64
421	17.07.2025 19:24:00	20,94	-0,05	0,02	0,02	1484,64
422	17.07.2025 19:24:01	20,94	-0,05	0,02	0,02	1484,64
423	17.07.2025 19:24:02	20,94	-0,05	0,02	0,02	1484,64
424	17.07.2025 19:24:03	20,94	-0,05	0,02	0,02	1484,64
425	17.07.2025 19:24:04	20,94	-0,05	0,02	0,02	1484,64
426	17.07.2025 19:24:05	20,94	-0,05	0,02	0,02	1484,64
427	17.07.2025 19:24:06	20,94	-0,05	0,02	0,02	1484,64
428	17.07.2025 19:24:07	20,94	-0,05	0,02	0,02	1484,64
429	17.07.2025 19:24:08	20,94	-0,05	0,02	0,02	1484,64
430	17.07.2025 19:24:09	20,94	-0,05	0,02	0,02	1484,64
431	17.07.2025 19:24:10	20,91	-0,07	0,02	0,02	1484,55
432	17.07.2025 19:24:11	20,91	-0,07	0,02	0,02	1484,55
433	17.07.2025 19:24:12	20,91	-0,07	0,02	0,02	1484,55
434	17.07.2025 19:24:13	20,91	-0,07	0,02	0,02	1484,55
435	17.07.2025 19:24:14	20,91	-0,05	0,02	0,02	1484,55
436	17.07.2025 19:24:15	20,91	-0,07	0,02	0,02	1484,55
437	17.07.2025 19:24:16	20,91	-0,05	0,02	0,02	1484,55
438	17.07.2025 19:24:17	20,91	-0,07	0,02	0,02	1484,55
439	17.07.2025 19:24:18	20,91	-0,05	0,02	0,02	1484,55
440	17.07.2025 19:24:19	20,91	-0,07	0,02	0,02	1484,55
441	17.07.2025 19:24:20	20,88	-0,07	0,02	0,02	1484,46
442	17.07.2025 19:24:21	20,88	-0,07	0,02	0,02	1484,46
443	17.07.2025 19:24:22	20,88	-0,07	0,02	0,02	1484,46
444	17.07.2025 19:24:23	20,88	-0,07	0,02	0,02	1484,46
445	17.07.2025 19:24:24	20,88	-0,08	0,02	0,02	1484,46
446	17.07.2025 19:24:25	20,88	-0,08	0,02	0,02	1484,46
447	17.07.2025 19:24:26	20,88	-0,07	0,02	0,02	1484,46
448	17.07.2025 19:24:27	20,88	-0,07	0,02	0,02	1484,46
449	17.07.2025 19:24:28	20,88	-0,07	0,02	0,02	1484,46
450	17.07.2025 19:24:29	20,88	-0,07	0,02	0,02	1484,46
451	17.07.2025 19:24:30	20,85	-0,07	0,02	0,02	1484,37
452	17.07.2025 19:24:31	20,85	-0,07	0,02	0,02	1484,37
453	17.07.2025 19:24:32	20,85	-0,07	0,02	0,02	1484,37
454	17.07.2025 19:24:33	20,85	-0,08	0,02	0,02	1484,37
455	17.07.2025 19:24:34	20,85	-0,07	0,02	0,02	1484,37
456	17.07.2025 19:24:35	20,85	-0,08	0,02	0,02	1484,37
457	17.07.2025 19:24:36	20,85	-0,07	0,02	0,02	1484,37
458	17.07.2025 19:24:37	20,85	-0,07	0,02	0,02	1484,37
459	17.07.2025 19:24:38	20,85	-0,07	0,02	0,02	1484,37
460	17.07.2025 19:24:39	20,85	-0,07	0,02	0,02	1484,37
461	17.07.2025 19:24:40	20,82	-0,07	0,02	0,02	1484,28
462	17.07.2025 19:24:41	20,82	-0,07	0,02	0,02	1484,28
463	17.07.2025 19:24:42	20,82	-0,07	0,02	0,02	1484,28
464	17.07.2025 19:24:43	20,82	-0,08	0,02	0,02	1484,28
465	17.07.2025 19:24:44	20,82	-0,07	0,02	0,02	1484,28
466	17.07.2025 19:24:45	20,82	-0,07	0,02	0,02	1484,28
467	17.07.2025 19:24:46	20,82	-0,07	0,02	0,02	1484,28
468	17.07.2025 19:24:47	20,82	-0,07	0,02	0,02	1484,28
469	17.07.2025 19:24:48	20,82	-0,07	0,02	0,02	1484,28
470	17.07.2025 19:24:49	20,82	-0,07	0,02	0,02	1484,28
471	17.07.2025 19:24:50	20,82	-0,07	0,02	0,02	1484,28
472	17.07.2025 19:24:51	20,79	-0,07	0,02	0,02	1484,19
473	17.07.2025 19:24:52	20,79	-0,07	0,02	0,02	1484,19
474	17.07.2025 19:24:53	20,79	-0,07	0,02	0,02	1484,19
475	17.07.2025 19:24:54	20,79	-0,05	0,02	0,02	1484,19
476	17.07.2025 19:24:55	20,79	-0,05	0,02	0,02	1484,19
477	17.07.2025 19:24:56	20,79	-0,07	0,02	0,02	1484,19
478	17.07.2025 19:24:57	20,79	-0,05	0,02	0,02	1484,19
479	17.07.2025 19:24:58	20,79	-0,07	0,02	0,02	1484,19
480	17.07.2025 19:24:59	20,79	-0,05	0,02	0,02	1484,19
481	17.07.2025 19:25:00	20,79	-0,05	0,02	0,02	1484,19
482	17.07.2025 19:25:01	20,76	-0,07	0,02	0,02	1484,10
483	17.07.2025 19:25:02	20,76	-0,07	0,02	0,02	1484,10
484	17.07.2025 19:25:03	20,76	-0,07	0,02	0,02	1484,10
485	17.07.2025 19:25:04	20,76	-0,07	0,02	0,02	1484,10
486	17.07.2025 19:25:05	20,76	-0,05	0,02	0,02	1484,10
487	17.07.2025 19:25:06	20,76	-0,07	0,02	0,02	1484,10
488	17.07.2025 19:25:07	20,76	-0,07	0,02	0,02	1484,10
489	17.07.2025 19:25:08	20,76	-0,07	0,02	0,02	1484,10
490	17.07.2025 19:25:09	20,76	-0,07	0,02	0,02	1484,10
491	17.07.2025 19:25:10	20,76	-0,07	0,02	0,02	1484,10
492	17.07.2025 19:25:11	20,73	-0,07	0,02	0,02	1484,01
493	17.07.2025 19:25:12	20,73	-0,05	0,02	0,02	1484,01
494	17.07.2025 19:25:13	20,73	-0,05	0,02	0,02	1484,01
495	17.07.2025 19:25:14	20,73	-0,07	0,02	0,02	1484,01
496	17.07.2025 19:25:15	20,73	-0,07	0,02	0,02	1484,01
497	17.07.2025 19:25:16	20,73	-0,07	0,02	0,02	1484,01
498	17.07.2025 19:25:17	20,73	-0,07	0,02	0,02	1484,01
499	17.07.2025 19:25:18	20,73	-0,07	0,02	0,02	1484,01
500	17.07.2025 19:25:19	20,73	-0,07	0,02	0,02	1484,01
501	17.07.2025 19:25:20	20,73	-0,07	0,02	0,02	1484,01
502	17.07.2025 19:25:21	20,73	-0,07	0,02	0,02	1484,01
503	17.07.2025 19:25:22	20,71	-0,07	0,02	0,02	1483,92
504	17.07.2025 19:25:23	20,71	-0,07	0,02	0,02	1483,92
505	17.07.2025 19:25:24	20,71	-0,07	0,02	0,02	1483,92
506	17.07.2025 19:25:25	20,71	-0,05	0,02	0,02	1483,93
507	17.07.2025 19:25:26	20,71	-0,07	0,02	0,02	1483,92
508	17.07.2025 19:25:27	20,71	-0,05	0,02	0,02	1483,93
509	17.07.2025 19:25:28	20,71	-0,05	0,02	0,02	1483,93
510	17.07.2025 19:25:29	20,71	-0,07	0,02	0,02	1483,92
511	17.07.2025 19:25:30	20,71	-0,05	0,02	0,02	1483,93
512	17.07.2025 19:25:31	20,71	-0,05	0,02	0,02	1483,93
513	17.07.2025 19:25:32	20,68	-0,07	0,02	0,02	1483,83
514	17.07.2025 19:25:33	20,68	-0,05	0,02	0,02	1483,84
515	17.07.2025 19:25:34	20,68	-0,07	0,02	0,02	1483,83
516	17.07.2025 19:25:35	20,68	-0,07	0,02	0,02	1483,83
517	17.07.2025 19:25:36	20,68	-0,07	0,02	0,02	1483,83
518	17.07.2025 19:25:37	20,68	-0,07	0,02	0,02	1483,83
519	17.07.2025 19:25:38	20,68	-0,07	0,02	0,02	1483,83
520	17.07.2025 19:25:39	20,68	-0,05	0,02	0,02	1483,84
521	17.07.2025 19:25:40	20,68	-0,07	0,02	0,02	1483,83
522	17.07.2025 19:25:41	20,68	-0,05	0,02	0,02	1483,84
523	17.07.2025 19:25:42	20,68	-0,07	0,02	0,02	1483,83
524	17.07.2025 19:25:43	20,65	-0,05	0,02	0,02	1483,75
525	17.07.2025 19:25:44	20,65	-0,05	0,02	0,02	1483,75
526	17.07.2025 19:25:45	20,65	-0,05	0,02	0,02	1483,75
527	17.07.2025 19:25:46	20,65	-0,07	0,02	0,02	1483,74
528	17.07.2025 19:25:47	20,65	-0,07	0,02	0,02	1483,74
529	17.07.2025 19:25:48	20,65	-0,05	0,02	0,02	1483,75
530	17.07.2025 19:25:49	20,65	-0,05	0,02	0,02	1483,75
531	17.07.2025 19:25:50	20,65	-0,05	0,02	0,02	1483,75
532	17.07.2025 19:25:51	20,65	-0,05	0,02	0,02	1483,75
533	17.07.2025 19:25:52	20,65	-0,05	0,02	0,02	1483,75
534	17.07.2025 19:25:53	20,62	-0,05	0,02	0,02	1483,66
535	17.07.2025 19:25:54	20,62	-0,05	0,02	0,02	1483,66
536	17.07.2025 19:25:55	20,62	-0,07	0,02	0,02	1483,65
537	17.07.2025 19:25:56	20,62	-0,05	0,02	0,02	1483,66
538	17.07.2025 19:25:57	20,62	-0,05	0,02	0,02	1483,66
539	17.07.2025 19:25:58	20,62	-0,05	0,02	0,02	1483,66
540	17.07.2025 19:25:59	20,62	-0,03	0,02	0,02	1483,66
541	17.07.2025 19:26:00	20,62	-0,05	0,02	0,02	1483,66
542	17.07.2025 19:26:01	20,62	-0,05	0,02	0,02	1483,66
543	17.07.2025 19:26:02	20,62	-0,03	0,02	0,02	1483,66
544	17.07.2025 19:26:03	20,62	-0,05	0,02	0,02	1483,66
545	17.07.2025 19:26:04	20,62	-0,05	0,02	0,02	1483,66
546	17.07.2025 19:26:05	20,62	-0,05	0,02	0,02	1483,66
547	17.07.2025 19:26:06	20,62	-0,05	0,02	0,02	1483,66
548	17.07.2025 19:26:07	20,59	-0,07	0,02	0,02	1483,56
549	17.07.2025 19:26:08	20,59	-0,05	0,02	0,02	1483,57
550	17.07.2025 19:26:09	20,59	-0,05	0,02	0,02	1483,57
551	17.07.2025 19:26:10	20,59	-0,05	0,02	0,02	1483,57
552	17.07.2025 19:26:11	20,59	-0,05	0,02	0,02	1483,57
553	17.07.2025 19:26:12	20,59	-0,05	0,02	0,02	1483,57
554	17.07.2025 19:26:13	20,59	-0,05	0,02	0,02	1483,57
555	17.07.2025 19:26:14	20,59	-0,05	0,02	0,02	1483,57
556	17.07.2025 19:26:15	20,59	-0,07	0,02	0,02	1483,56
557	17.07.2025 19:26:16	20,59	-0,05	0,02	0,02	1483,57
558	17.07.2025 19:26:17	20,59	-0,05	0,02	0,02	1483,57
559	17.07.2025 19:26:18	20,59	-0,05	0,02	0,02	1483,57
560	17.07.2025 19:26:19	20,59	-0,05	0,02	0,02	1483,57
561	17.07.2025 19:26:20	20,56	-0,05	0,02	0,02	1483,48
562	17.07.2025 19:26:21	20,56	-0,05	0,02	0,02	1483,48
563	17.07.2025 19:26:22	20,56	-0,07	0,02	0,02	1483,47
564	17.07.2025 19:26:23	20,56	-0,07	0,02	0,02	1483,47
565	17.07.2025 19:26:24	20,56	-0,05	0,02	0,02	1483,48
566	17.07.2025 19:26:25	20,56	-0,05	0,02	0,02	1483,48
567	17.07.2025 19:26:26	20,56	-0,07	0,02	0,02	1483,47
568	17.07.2025 19:26:27	20,56	-0,05	0,02	0,02	1483,48
569	17.07.2025 19:26:28	20,56	-0,05	0,02	0,02	1483,48
570	17.07.2025 19:26:29	20,56	-0,05	0,02	0,02	1483,48
571	17.07.2025 19:26:30	20,56	-0,05	0,02	0,02	1483,48
572	17.07.2025 19:26:31	20,56	-0,05	0,02	0,02	1483,48
573	17.07.2025 19:26:32	20,53	-0,08	0,02	0,02	1483,38
574	17.07.2025 19:26:33	20,53	-0,07	0,02	0,02	1483,38
575	17.07.2025 19:26:34	20,53	-0,07	0,02	0,02	1483,38
576	17.07.2025 19:26:35	20,53	-0,07	0,02	0,02	1483,38
577	17.07.2025 19:26:36	20,53	-0,07	0,02	0,02	1483,38
578	17.07.2025 19:26:37	20,53	-0,07	0,02	0,02	1483,38
579	17.07.2025 19:26:38	20,53	-0,07	0,02	0,02	1483,38
580	17.07.2025 19:26:39	20,53	-0,07	0,02	0,02	1483,38
581	17.07.2025 19:26:40	20,53	-0,07	0,02	0,02	1483,38
582	17.07.2025 19:26:41	20,53	-0,07	0,02	0,02	1483,38
583	17.07.2025 19:26:42	20,53	-0,07	0,02	0,02	1483,38
584	17.07.2025 19:26:43	20,50	-0,07	0,02	0,02	1483,29
585	17.07.2025 19:26:44	20,50	-0,07	0,02	0,02	1483,29
586	17.07.2025 19:26:45	20,50	-0,07	0,02	0,02	1483,29
587	17.07.2025 19:26:46	20,50	-0,07	0,02	0,02	1483,29
588	17.07.2025 19:26:47	20,50	-0,07	0,02	0,02	1483,29
589	17.07.2025 19:26:48	20,50	-0,07	0,02	0,02	1483,29
590	17.07.2025 19:26:49	20,50	-0,05	0,02	0,02	1483,29
591	17.07.2025 19:26:50	20,50	-0,07	0,02	0,02	1483,29
592	17.07.2025 19:26:51	20,47	-0,07	0,02	0,02	1483,20
593	17.07.2025 19:26:52	20,47	-0,07	0,02	0,02	1483,20
594	17.07.2025 19:26:53	20,47	-0,07	0,02	0,02	1483,20
595	17.07.2025 19:26:54	20,47	-0,07	0,02	0,02	1483,20
596	17.07.2025 19:26:55	20,47	-0,07	0,02	0,02	1483,20
597	17.07.2025 19:26:56	20,47	-0,07	0,02	0,02	1483,20
598	17.07.2025 19:26:57	20,47	-0,07	0,02	0,02	1483,20
599	17.07.2025 19:26:58	20,47	-0,07	0,02	0,02	1483,20
600	17.07.2025 19:26:59	20,47	-0,07	0,02	0,02	1483,20
601	17.07.2025 19:27:00	20,47	-0,07	0,02	0,02	1483,20
602	17.07.2025 19:27:01	20,44	-0,07	0,02	0,02	1483,11
603	17.07.2025 19:27:02	20,44	-0,08	0,02	0,02	1483,11
604	17.07.2025 19:27:03	20,44	-0,07	0,02	0,02	1483,11
605	17.07.2025 19:27:04	20,44	-0,05	0,02	0,02	1483,11
606	17.07.2025 19:27:05	20,44	-0,07	0,02	0,02	1483,11
607	17.07.2025 19:27:06	20,44	-0,05	0,02	0,02	1483,11
608	17.07.2025 19:27:07	20,44	-0,07	0,02	0,02	1483,11
609	17.07.2025 19:27:08	20,44	-0,07	0,02	0,02	1483,11
610	17.07.2025 19:27:09	20,44	-0,05	0,02	0,02	1483,11
611	17.07.2025 19:27:10	20,44	-0,05	0,02	0,02	1483,11
612	17.07.2025 19:27:11	20,41	-0,07	0,02	0,02	1483,02
613	17.07.2025 19:27:12	20,41	-0,07	0,02	0,02	1483,02
614	17.07.2025 19:27:13	20,41	-0,07	0,02	0,02	1483,02
615	17.07.2025 19:27:14	20,41	-0,07	0,02	0,02	1483,02
616	17.07.2025 19:27:15	20,41	-0,07	0,02	0,02	1483,02
617	17.07.2025 19:27:16	20,41	-0,05	0,02	0,02	1483,02
618	17.07.2025 19:27:17	20,41	-0,07	0,02	0,02	1483,02
619	17.07.2025 19:27:18	20,41	-0,07	0,02	0,02	1483,02
620	17.07.2025 19:27:19	20,38	-0,05	0,02	0,02	1482,93
621	17.07.2025 19:27:20	20,38	-0,05	0,02	0,02	1482,93
622	17.07.2025 19:27:21	20,38	-0,07	0,02	0,02	1482,93
623	17.07.2025 19:27:22	20,38	-0,05	0,02	0,02	1482,93
624	17.07.2025 19:27:23	20,38	-0,07	0,02	0,02	1482,93
625	17.07.2025 19:27:24	20,38	-0,05	0,02	0,02	1482,93
626	17.07.2025 19:27:25	20,38	-0,07	0,02	0,02	1482,93
627	17.07.2025 19:27:26	20,38	-0,05	0,02	0,02	1482,93
628	17.07.2025 19:27:27	20,38	-0,05	0,02	0,02	1482,93
629	17.07.2025 19:27:28	20,38	-0,07	0,02	0,02	1482,93
630	17.07.2025 19:27:29	20,35	-0,05	0,02	0,02	1482,84
631	17.07.2025 19:27:30	20,35	-0,07	0,02	0,02	1482,84
632	17.07.2025 19:27:31	20,35	-0,07	0,02	0,02	1482,84
633	17.07.2025 19:27:32	20,35	-0,05	0,02	0,02	1482,84
634	17.07.2025 19:27:33	20,35	-0,07	0,02	0,02	1482,84
635	17.07.2025 19:27:34	20,35	-0,05	0,02	0,02	1482,84
636	17.07.2025 19:27:35	20,35	-0,07	0,02	0,02	1482,84
637	17.07.2025 19:27:36	20,35	-0,07	0,02	0,02	1482,84
638	17.07.2025 19:27:37	20,35	-0,05	0,02	0,02	1482,84
639	17.07.2025 19:27:38	20,35	-0,05	0,02	0,02	1482,84
640	17.07.2025 19:27:39	20,35	-0,05	0,02	0,02	1482,84
641	17.07.2025 19:27:40	20,35	-0,05	0,02	0,02	1482,84
642	17.07.2025 19:27:41	20,32	-0,07	0,02	0,02	1482,75
643	17.07.2025 19:27:42	20,32	-0,05	0,02	0,02	1482,75
644	17.07.2025 19:27:43	20,32	-0,07	0,02	0,02	1482,75
645	17.07.2025 19:27:44	20,32	-0,05	0,02	0,02	1482,75
646	17.07.2025 19:27:45	20,32	-0,07	0,02	0,02	1482,75
647	17.07.2025 19:27:46	20,32	-0,05	0,02	0,02	1482,75
648	17.07.2025 19:27:47	20,32	-0,05	0,02	0,02	1482,75
649	17.07.2025 19:27:48	20,32	-0,05	0,02	0,02	1482,75
650	17.07.2025 19:27:49	20,32	-0,05	0,02	0,02	1482,75
651	17.07.2025 19:27:50	20,32	-0,05	0,02	0,02	1482,75
652	17.07.2025 19:27:51	20,32	-0,05	0,02	0,02	1482,75
653	17.07.2025 19:27:52	20,32	-0,05	0,02	0,02	1482,75
654	17.07.2025 19:27:53	20,32	-0,07	0,02	0,02	1482,75
655	17.07.2025 19:27:54	20,29	-0,05	0,02	0,02	1482,66
656	17.07.2025 19:27:55	20,29	-0,05	0,02	0,02	1482,66
657	17.07.2025 19:27:56	20,29	-0,05	0,02	0,02	1482,66
658	17.07.2025 19:27:57	20,29	-0,05	0,02	0,02	1482,66
659	17.07.2025 19:27:58	20,29	-0,07	0,02	0,02	1482,66
660	17.07.2025 19:27:59	20,29	-0,07	0,02	0,02	1482,66
661	17.07.2025 19:28:00	20,29	-0,05	0,02	0,02	1482,66
662	17.07.2025 19:28:01	20,29	-0,05	0,02	0,02	1482,66
663	17.07.2025 19:28:02	20,29	-0,05	0,02	0,02	1482,66
664	17.07.2025 19:28:03	20,29	-0,05	0,02	0,02	1482,66
665	17.07.2025 19:28:04	20,29	-0,05	0,02	0,02	1482,66
666	17.07.2025 19:28:05	20,29	-0,05	0,02	0,02	1482,66
667	17.07.2025 19:28:06	20,26	-0,05	0,02	0,02	1482,57
668	17.07.2025 19:28:07	20,26	-0,05	0,02	0,02	1482,57
669	17.07.2025 19:28:08	20,26	-0,05	0,02	0,02	1482,57
670	17.07.2025 19:28:09	20,26	-0,05	0,02	0,02	1482,57
671	17.07.2025 19:28:10	20,26	-0,05	0,02	0,02	1482,57
672	17.07.2025 19:28:11	20,26	-0,07	0,02	0,02	1482,57
673	17.07.2025 19:28:12	20,26	-0,05	0,02	0,02	1482,57
674	17.07.2025 19:28:13	20,26	-0,05	0,02	0,02	1482,57
675	17.07.2025 19:28:14	20,26	-0,07	0,02	0,02	1482,57
676	17.07.2025 19:28:15	20,26	-0,07	0,02	0,02	1482,57
677	17.07.2025 19:28:16	20,26	-0,07	0,02	0,02	1482,57
678	17.07.2025 19:28:17	20,26	-0,07	0,02	0,02	1482,57
679	17.07.2025 19:28:18	20,26	-0,05	0,02	0,02	1482,57
680	17.07.2025 19:28:19	20,26	-0,05	0,02	0,02	1482,57
681	17.07.2025 19:28:20	20,26	-0,05	0,02	0,02	1482,57
682	17.07.2025 19:28:21	20,24	-0,05	0,02	0,02	1482,48
683	17.07.2025 19:28:22	20,24	-0,03	0,02	0,02	1482,48
684	17.07.2025 19:28:23	20,24	-0,07	0,02	0,02	1482,48
685	17.07.2025 19:28:24	20,24	-0,05	0,02	0,02	1482,48
686	17.07.2025 19:28:25	20,24	-0,05	0,02	0,02	1482,48
687	17.07.2025 19:28:26	20,24	-0,07	0,02	0,02	1482,48
688	17.07.2025 19:28:27	20,24	-0,05	0,02	0,02	1482,48
689	17.07.2025 19:28:28	20,24	-0,05	0,02	0,02	1482,48
690	17.07.2025 19:28:29	20,24	-0,05	0,02	0,02	1482,48
691	17.07.2025 19:28:30	20,24	-0,05	0,02	0,02	1482,48
692	17.07.2025 19:28:31	20,24	-0,05	0,02	0,02	1482,48
693	17.07.2025 19:28:32	20,24	-0,05	0,02	0,02	1482,48
694	17.07.2025 19:28:33	20,21	-0,05	0,02	0,02	1482,39
695	17.07.2025 19:28:34	20,21	-0,05	0,02	0,02	1482,39
696	17.07.2025 19:28:35	20,21	-0,05	0,02	0,02	1482,39
697	17.07.2025 19:28:36	20,21	-0,05	0,02	0,02	1482,39
698	17.07.2025 19:28:37	20,21	-0,03	0,02	0,02	1482,39
699	17.07.2025 19:28:38	20,21	-0,05	0,02	0,02	1482,39
700	17.07.2025 19:28:39	20,21	-0,05	0,02	0,02	1482,39
701	17.07.2025 19:28:40	20,21	-0,05	0,02	0,02	1482,39
702	17.07.2025 19:28:41	20,21	-0,05	0,02	0,02	1482,39
703	17.07.2025 19:28:42	20,21	-0,05	0,02	0,02	1482,39
704	17.07.2025 19:28:43	20,21	-0,05	0,02	0,02	1482,39
705	17.07.2025 19:28:44	20,21	-0,05	0,02	0,02	1482,39
706	17.07.2025 19:28:45	20,18	-0,07	0,02	0,02	1482,29
707	17.07.2025 19:28:46	20,18	-0,07	0,02	0,02	1482,29
708	17.07.2025 19:28:47	20,18	-0,07	0,02	0,02	1482,29
709	17.07.2025 19:28:48	20,18	-0,07	0,02	0,02	1482,29
710	17.07.2025 19:28:49	20,18	-0,07	0,02	0,02	1482,29
711	17.07.2025 19:28:50	20,18	-0,07	0,02	0,02	1482,29
712	17.07.2025 19:28:51	20,18	-0,07	0,02	0,02	1482,29
713	17.07.2025 19:28:52	20,18	-0,07	0,02	0,02	1482,29
714	17.07.2025 19:28:53	20,18	-0,05	0,02	0,02	1482,30
715	17.07.2025 19:28:54	20,18	-0,07	0,02	0,02	1482,29
716	17.07.2025 19:28:55	20,18	-0,07	0,02	0,02	1482,29
717	17.07.2025 19:28:56	20,18	-0,07	0,02	0,02	1482,29
718	17.07.2025 19:28:57	20,15	-0,07	0,02	0,02	1482,20
719	17.07.2025 19:28:58	20,15	-0,07	0,02	0,02	1482,20
720	17.07.2025 19:28:59	20,15	-0,07	0,02	0,02	1482,20
721	17.07.2025 19:29:00	20,15	-0,05	0,02	0,02	1482,21
722	17.07.2025 19:29:01	20,15	-0,07	0,02	0,02	1482,20
723	17.07.2025 19:29:02	20,15	-0,07	0,02	0,02	1482,20
724	17.07.2025 19:29:03	20,15	-0,07	0,02	0,02	1482,20
725	17.07.2025 19:29:04	20,15	-0,07	0,02	0,02	1482,20
726	17.07.2025 19:29:05	20,15	-0,07	0,02	0,02	1482,20
727	17.07.2025 19:29:06	20,15	-0,07	0,02	0,02	1482,20
728	17.07.2025 19:29:07	20,15	-0,07	0,02	0,02	1482,20
729	17.07.2025 19:29:08	20,15	-0,07	0,02	0,02	1482,20
730	17.07.2025 19:29:09	20,15	-0,08	0,02	0,02	1482,20
731	17.07.2025 19:29:10	20,15	-0,07	0,02	0,02	1482,20
732	17.07.2025 19:29:11	20,15	-0,05	0,02	0,02	1482,21
733	17.07.2025 19:29:12	20,12	-0,05	0,02	0,02	1482,11
734	17.07.2025 19:29:13	20,12	-0,07	0,02	0,02	1482,11
735	17.07.2025 19:29:14	20,12	-0,07	0,02	0,02	1482,11
736	17.07.2025 19:29:15	20,12	-0,07	0,02	0,02	1482,11
737	17.07.2025 19:29:16	20,12	-0,07	0,02	0,02	1482,11
738	17.07.2025 19:29:17	20,12	-0,07	0,02	0,02	1482,11
739	17.07.2025 19:29:18	20,12	-0,07	0,02	0,02	1482,11
740	17.07.2025 19:29:19	20,12	-0,05	0,02	0,02	1482,11
741	17.07.2025 19:29:20	20,12	-0,07	0,02	0,02	1482,11
742	17.07.2025 19:29:21	20,12	-0,07	0,02	0,02	1482,11
743	17.07.2025 19:29:22	20,12	-0,05	0,02	0,02	1482,11
744	17.07.2025 19:29:23	20,12	-0,07	0,02	0,02	1482,11
745	17.07.2025 19:29:24	20,12	-0,07	0,02	0,02	1482,11
746	17.07.2025 19:29:25	20,12	-0,07	0,02	0,02	1482,11
747	17.07.2025 19:29:26	20,12	-0,05	0,02	0,02	1482,11
748	17.07.2025 19:29:27	20,12	-0,07	0,02	0,02	1482,11
749	17.07.2025 19:29:28	20,12	-0,05	0,02	0,02	1482,11
750	17.07.2025 19:29:29	20,09	-0,07	0,02	0,02	1482,02
751	17.07.2025 19:29:30	20,09	-0,07	0,01	0,00	1482,01
752	17.07.2025 19:29:31	20,09	-0,07	0,01	0,00	1482,01
753	17.07.2025 19:29:32	20,09	-0,07	0,01	0,00	1482,01
754	17.07.2025 19:29:33	20,09	-0,08	0,01	0,00	1482,01
755	17.07.2025 19:29:34	20,09	-0,07	0,01	0,00	1482,01
756	17.07.2025 19:29:35	20,09	-0,07	0,01	0,00	1482,01
757	17.07.2025 19:29:36	20,06	-0,07	0,01	0,00	1481,92
758	17.07.2025 19:29:37	20,06	-0,07	0,01	0,00	1481,92
759	17.07.2025 19:29:38	20,06	-0,05	0,01	0,00	1481,93
760	17.07.2025 19:29:39	20,06	-0,05	0,01	0,00	1481,93
761	17.07.2025 19:29:40	20,06	-0,07	0,01	0,00	1481,92
762	17.07.2025 19:29:41	20,06	-0,07	0,01	0,00	1481,92
763	17.07.2025 19:29:42	20,06	-0,05	0,01	0,00	1481,93
764	17.07.2025 19:29:43	20,06	-0,07	0,01	0,00	1481,92
765	17.07.2025 19:29:44	20,06	-0,07	0,01	0,00	1481,92
766	17.07.2025 19:29:45	20,06	-0,07	0,01	0,00	1481,92
767	17.07.2025 19:29:46	20,03	-0,05	0,01	0,00	1481,83
768	17.07.2025 19:29:47	20,03	-0,05	0,01	0,00	1481,83
769	17.07.2025 19:29:48	20,03	-0,07	0,01	0,00	1481,83
770	17.07.2025 19:29:49	20,03	-0,05	0,01	0,00	1481,83
771	17.07.2025 19:29:50	20,03	-0,07	0,01	0,00	1481,83
772	17.07.2025 19:29:51	20,03	-0,07	0,01	0,00	1481,83
773	17.07.2025 19:29:52	20,03	-0,07	0,01	0,00	1481,83
774	17.07.2025 19:29:53	20,03	-0,07	0,01	0,00	1481,83
775	17.07.2025 19:29:54	20,00	-0,05	0,01	0,00	1481,74
776	17.07.2025 19:29:55	20,00	-0,07	0,01	0,00	1481,74
777	17.07.2025 19:29:56	20,00	-0,07	0,01	0,00	1481,74
778	17.07.2025 19:29:57	20,00	-0,05	0,01	0,00	1481,74
779	17.07.2025 19:29:58	20,00	-0,07	0,01	0,00	1481,74
780	17.07.2025 19:29:59	19,97	-0,05	0,01	0,00	1481,65
781	17.07.2025 19:30:00	19,97	-0,05	0,01	0,00	1481,65
782	17.07.2025 19:30:01	19,97	-0,05	0,01	0,00	1481,65
783	17.07.2025 19:30:02	19,97	-0,07	0,01	0,00	1481,65
784	17.07.2025 19:30:03	19,97	-0,05	0,01	0,00	1481,65
785	17.07.2025 19:30:04	19,94	-0,05	0,01	0,00	1481,56
786	17.07.2025 19:30:05	19,94	-0,05	0,01	0,00	1481,56
787	17.07.2025 19:30:06	19,94	-0,07	0,01	0,00	1481,56
788	17.07.2025 19:30:07	19,94	-0,05	0,01	0,00	1481,56
789	17.07.2025 19:30:08	19,91	-0,05	0,01	0,00	1481,47
790	17.07.2025 19:30:09	19,91	-0,05	0,01	0,00	1481,47
791	17.07.2025 19:30:10	19,91	-0,07	0,01	0,00	1481,46
792	17.07.2025 19:30:11	19,91	-0,05	0,01	0,00	1481,47
793	17.07.2025 19:30:12	19,91	-0,05	0,01	0,00	1481,47
794	17.07.2025 19:30:13	19,91	-0,07	21,03	30,24	1505,34
795	17.07.2025 19:30:14	19,79	-0,19	28,07	39,15	1512,98
796	17.07.2025 19:30:15	19,56	-0,10	28,12	39,02	1512,38
797	17.07.2025 19:30:16	19,38	-0,08	28,23	39,01	1512,01
798	17.07.2025 19:30:17	19,23	-0,07	28,31	38,98	1511,67
799	17.07.2025 19:30:18	19,17	-0,05	28,31	38,92	1511,50
800	17.07.2025 19:30:19	19,09	-0,05	28,30	38,84	1511,24
801	17.07.2025 19:30:20	19,00	-0,03	28,38	38,87	1511,07
802	17.07.2025 19:30:21	18,94	-0,03	28,42	38,87	1510,95
803	17.07.2025 19:30:22	18,88	-0,03	28,46	38,86	1510,82
804	17.07.2025 19:30:23	18,82	-0,01	28,50	38,86	1510,70
805	17.07.2025 19:30:24	18,76	0,00	28,54	38,86	1510,57
806	17.07.2025 19:30:25	18,73	0,00	28,56	38,86	1510,51
807	17.07.2025 19:30:26	18,70	0,00	28,58	38,86	1510,44
808	17.07.2025 19:30:27	18,70	-0,01	28,58	38,86	1510,44
809	17.07.2025 19:30:28	18,67	-0,01	28,60	38,86	1510,38
810	17.07.2025 19:30:29	18,64	0,00	28,62	38,86	1510,32
811	17.07.2025 19:30:30	18,61	-0,01	28,64	38,86	1510,25
812	17.07.2025 19:30:31	18,58	0,00	28,66	38,86	1510,19
813	17.07.2025 19:30:32	18,58	0,00	28,66	38,86	1510,19
814	17.07.2025 19:30:33	18,55	0,00	28,68	38,86	1510,12
815	17.07.2025 19:30:34	18,52	0,02	28,70	38,86	1510,06
816	17.07.2025 19:30:35	18,52	0,00	28,70	38,86	1510,06
817	17.07.2025 19:30:36	18,49	0,00	28,72	38,86	1510,00
818	17.07.2025 19:30:37	18,46	0,00	28,74	38,85	1509,93
819	17.07.2025 19:30:38	18,46	0,00	28,74	38,85	1509,93
820	17.07.2025 19:30:39	18,43	0,00	28,76	38,85	1509,87
821	17.07.2025 19:30:40	18,43	0,00	28,76	38,85	1509,87
822	17.07.2025 19:30:41	18,40	0,00	28,78	38,85	1509,80
823	17.07.2025 19:30:42	18,40	0,02	28,78	38,85	1509,81
824	17.07.2025 19:30:43	18,37	0,00	28,80	38,85	1509,74
825	17.07.2025 19:30:44	18,37	-0,01	28,80	38,85	1509,74
826	17.07.2025 19:30:45	18,34	0,00	28,82	38,85	1509,67
827	17.07.2025 19:30:46	18,34	-0,01	28,82	38,85	1509,67
828	17.07.2025 19:30:47	18,31	-0,01	28,84	38,85	1509,61
829	17.07.2025 19:30:48	18,31	0,00	28,84	38,85	1509,61
830	17.07.2025 19:30:49	18,28	-0,01	28,86	38,85	1509,54
831	17.07.2025 19:30:50	18,28	-0,01	28,86	38,85	1509,54
832	17.07.2025 19:30:51	18,28	-0,01	28,86	38,85	1509,54
833	17.07.2025 19:30:52	18,25	0,00	28,86	38,82	1509,46
834	17.07.2025 19:30:53	18,25	-0,01	28,86	38,82	1509,45
835	17.07.2025 19:30:54	18,22	0,00	28,90	38,85	1509,42
836	17.07.2025 19:30:55	18,22	-0,01	28,90	38,85	1509,41
837	17.07.2025 19:30:56	18,22	-0,01	28,90	38,85	1509,41
838	17.07.2025 19:30:57	18,20	0,00	28,92	38,85	1509,35
839	17.07.2025 19:30:58	18,20	-0,01	28,92	38,85	1509,35
840	17.07.2025 19:30:59	18,20	-0,01	28,92	38,85	1509,35
841	17.07.2025 19:31:00	18,20	-0,01	28,92	38,85	1509,35
842	17.07.2025 19:31:01	18,17	-0,01	28,94	38,85	1509,28
843	17.07.2025 19:31:02	18,17	-0,03	28,94	38,85	1509,28
844	17.07.2025 19:31:03	18,17	0,00	28,96	38,87	1509,31
845	17.07.2025 19:31:04	18,14	-0,01	28,98	38,87	1509,25
846	17.07.2025 19:31:05	18,14	0,00	28,96	38,85	1509,22
847	17.07.2025 19:31:06	18,14	0,00	28,96	38,85	1509,22
848	17.07.2025 19:31:07	18,14	0,00	28,96	38,85	1509,22
849	17.07.2025 19:31:08	18,14	0,00	28,96	38,85	1509,22
850	17.07.2025 19:31:09	18,11	0,02	28,98	38,85	1509,16
851	17.07.2025 19:31:10	18,11	0,02	28,98	38,85	1509,16
852	17.07.2025 19:31:11	18,11	0,02	28,98	38,85	1509,16
853	17.07.2025 19:31:12	18,08	0,02	29,00	38,85	1509,10
854	17.07.2025 19:31:13	18,08	0,04	29,00	38,85	1509,10
855	17.07.2025 19:31:14	18,08	0,02	29,00	38,85	1509,10
856	17.07.2025 19:31:15	18,08	0,04	29,00	38,85	1509,10
857	17.07.2025 19:31:16	18,08	0,04	29,00	38,85	1509,10
858	17.07.2025 19:31:17	18,05	0,04	29,02	38,85	1509,03
859	17.07.2025 19:31:18	18,05	0,06	29,02	38,84	1509,04
860	17.07.2025 19:31:19	18,05	0,08	29,02	38,84	1509,04
861	17.07.2025 19:31:20	18,05	0,09	29,02	38,84	1509,04
862	17.07.2025 19:31:21	18,05	0,09	29,02	38,84	1509,04
863	17.07.2025 19:31:22	18,02	0,13	29,04	38,84	1508,98
864	17.07.2025 19:31:23	18,02	0,13	29,04	38,84	1508,98
865	17.07.2025 19:31:24	18,02	0,13	29,04	38,84	1508,98
866	17.07.2025 19:31:25	18,02	0,13	29,04	38,84	1508,98
867	17.07.2025 19:31:26	18,02	0,15	29,04	38,84	1508,99
868	17.07.2025 19:31:27	17,99	0,16	29,06	38,84	1508,92
869	17.07.2025 19:31:28	17,99	0,16	29,06	38,84	1508,92
870	17.07.2025 19:31:29	17,99	0,18	29,06	38,84	1508,93
871	17.07.2025 19:31:30	17,99	0,20	29,06	38,84	1508,93
872	17.07.2025 19:31:31	17,99	0,22	29,06	38,84	1508,93
873	17.07.2025 19:31:32	17,99	0,23	29,06	38,84	1508,94
874	17.07.2025 19:31:33	17,96	0,25	29,08	38,84	1508,87
875	17.07.2025 19:31:34	17,96	0,27	29,08	38,84	1508,88
876	17.07.2025 19:31:35	17,96	0,29	29,08	38,84	1508,88
877	17.07.2025 19:31:36	17,96	0,30	29,06	38,82	1508,86
878	17.07.2025 19:31:37	17,96	0,32	29,08	38,84	1508,88
879	17.07.2025 19:31:38	17,96	0,34	29,06	38,82	1508,86
880	17.07.2025 19:31:39	17,96	0,36	29,08	38,84	1508,89
881	17.07.2025 19:31:40	17,93	0,37	29,08	38,82	1508,80
882	17.07.2025 19:31:41	17,93	0,41	29,10	38,84	1508,83
883	17.07.2025 19:31:42	17,93	0,39	29,08	38,82	1508,80
884	17.07.2025 19:31:43	17,93	0,41	29,04	38,76	1508,76
885	17.07.2025 19:31:44	17,93	0,46	28,99	38,71	1508,71
886	17.07.2025 19:31:45	17,90	0,46	29,01	38,71	1508,65
887	17.07.2025 19:31:46	17,87	0,50	29,05	38,73	1508,61
888	17.07.2025 19:31:47	17,87	0,50	29,12	38,81	1508,69
889	17.07.2025 19:31:48	17,87	0,53	29,05	38,73	1508,62
890	17.07.2025 19:31:49	17,87	0,52	28,97	38,63	1508,51
891	17.07.2025 19:31:50	17,84	0,53	28,92	38,55	1508,37
892	17.07.2025 19:31:51	17,81	0,57	28,90	38,49	1508,26
893	17.07.2025 19:31:52	17,75	0,60	28,87	38,41	1508,06
894	17.07.2025 19:31:53	17,72	0,61	28,84	38,36	1507,94
895	17.07.2025 19:31:54	17,69	0,61	28,89	38,38	1507,90
896	17.07.2025 19:31:55	17,66	0,65	28,86	38,33	1507,79
897	17.07.2025 19:31:56	17,63	0,66	28,88	38,33	1507,73
898	17.07.2025 19:31:57	17,60	0,68	28,86	38,27	1507,61
899	17.07.2025 19:31:58	17,57	0,68	28,81	38,19	1507,47
900	17.07.2025 19:31:59	17,54	0,68	28,63	37,95	1507,17
901	17.07.2025 19:32:00	17,48	0,67	28,43	37,65	1506,75
902	17.07.2025 19:32:01	17,36	0,76	28,26	37,36	1506,21
903	17.07.2025 19:32:02	17,24	0,71	27,91	36,85	1505,43
904	17.07.2025 19:32:03	17,06	0,69	27,83	36,60	1504,78
905	17.07.2025 19:32:04	16,82	0,73	27,58	36,11	1503,76
906	17.07.2025 19:32:05	16,58	0,74	27,63	35,98	1503,07
907	17.07.2025 19:32:06	16,34	0,76	27,36	35,46	1502,00
908	17.07.2025 19:32:07	16,07	0,83	27,01	34,84	1500,76
909	17.07.2025 19:32:08	15,73	0,91	26,32	33,78	1498,91
910	17.07.2025 19:32:09	15,28	0,83	26,37	33,48	1497,48
911	17.07.2025 19:32:10	14,76	0,93	26,63	33,39	1496,13
912	17.07.2025 19:32:11	14,36	1,02	26,74	33,19	1494,95
913	17.07.2025 19:32:12	14,02	1,03	26,94	33,15	1494,07
914	17.07.2025 19:32:13	13,74	1,06	27,06	33,07	1493,29
915	17.07.2025 19:32:14	13,52	1,06	27,20	33,06	1492,74
916	17.07.2025 19:32:15	13,37	1,09	27,26	33,01	1492,29
917	17.07.2025 19:32:16	13,21	1,12	27,32	32,95	1491,84
918	17.07.2025 19:32:17	13,06	1,13	27,40	32,92	1491,41
919	17.07.2025 19:32:18	12,93	1,12	27,47	32,89	1491,06
920	17.07.2025 19:32:19	12,81	1,13	27,53	32,86	1490,71
921	17.07.2025 19:32:20	12,71	1,17	27,57	32,83	1490,44
922	17.07.2025 19:32:21	12,59	1,18	27,66	32,83	1490,12
923	17.07.2025 19:32:22	12,49	1,17	27,73	32,82	1489,87
924	17.07.2025 19:32:23	12,40	1,17	27,82	32,85	1489,66
925	17.07.2025 19:32:24	12,30	1,18	27,86	32,82	1489,39
926	17.07.2025 19:32:25	12,24	1,18	27,93	32,84	1489,25
927	17.07.2025 19:32:26	12,18	1,17	27,95	32,82	1489,06
928	17.07.2025 19:32:27	12,08	1,19	27,97	32,76	1488,75
929	17.07.2025 19:32:28	11,99	1,20	27,94	32,65	1488,38
930	17.07.2025 19:32:29	11,89	1,21	27,96	32,60	1488,08
931	17.07.2025 19:32:30	11,77	1,24	28,00	32,54	1487,69
932	17.07.2025 19:32:31	11,64	1,25	28,07	32,51	1487,32
933	17.07.2025 19:32:32	11,54	1,25	28,16	32,53	1487,10
934	17.07.2025 19:32:33	11,45	1,26	28,23	32,53	1486,85
935	17.07.2025 19:32:34	11,38	1,26	28,30	32,55	1486,71
936	17.07.2025 19:32:35	11,35	1,26	28,33	32,55	1486,63
937	17.07.2025 19:32:36	11,29	1,22	28,40	32,58	1486,49
938	17.07.2025 19:32:37	11,26	1,22	28,48	32,63	1486,47
939	17.07.2025 19:32:38	11,19	1,22	28,52	32,63	1486,30
940	17.07.2025 19:32:39	11,16	1,21	28,55	32,63	1486,21
941	17.07.2025 19:32:40	11,13	1,21	28,57	32,63	1486,13
942	17.07.2025 19:32:41	11,06	1,21	28,62	32,63	1485,96
943	17.07.2025 19:32:42	11,03	1,21	28,64	32,63	1485,87
944	17.07.2025 19:32:43	10,97	1,22	28,69	32,63	1485,70
945	17.07.2025 19:32:44	10,94	1,22	28,69	32,60	1485,59
946	17.07.2025 19:32:45	10,87	1,24	28,74	32,60	1485,42
947	17.07.2025 19:32:46	10,84	1,25	28,74	32,57	1485,30
948	17.07.2025 19:32:47	10,78	1,25	28,79	32,57	1485,13
949	17.07.2025 19:32:48	10,74	1,26	28,81	32,57	1485,05
950	17.07.2025 19:32:49	10,68	1,26	28,81	32,51	1484,81
951	17.07.2025 19:32:50	10,61	1,24	28,73	32,37	1484,47
952	17.07.2025 19:32:51	10,52	1,24	28,72	32,29	1484,12
953	17.07.2025 19:32:52	10,42	1,27	28,74	32,24	1483,80
954	17.07.2025 19:32:53	10,36	1,28	28,77	32,21	1483,59
955	17.07.2025 19:32:54	10,29	1,28	28,79	32,18	1483,38
956	17.07.2025 19:32:55	10,19	1,29	28,81	32,12	1483,06
957	17.07.2025 19:32:56	10,13	1,31	28,81	32,07	1482,82
958	17.07.2025 19:32:57	10,03	1,32	28,86	32,04	1482,53
959	17.07.2025 19:32:58	9,97	1,32	28,88	32,01	1482,31
960	17.07.2025 19:32:59	9,90	1,33	28,88	31,96	1482,07
961	17.07.2025 19:33:00	9,80	1,32	28,84	31,85	1481,67
962	17.07.2025 19:33:01	9,74	1,32	28,65	31,60	1481,20
963	17.07.2025 19:33:02	9,61	1,32	28,46	31,30	1480,47
964	17.07.2025 19:33:03	9,41	1,29	28,10	30,79	1479,28
965	17.07.2025 19:33:04	9,14	1,31	28,22	30,70	1478,45
966	17.07.2025 19:33:05	8,95	1,35	28,29	30,62	1477,80
967	17.07.2025 19:33:06	8,75	1,38	28,36	30,53	1477,14
968	17.07.2025 19:33:07	8,61	1,39	28,41	30,48	1476,70
969	17.07.2025 19:33:08	8,48	1,42	28,48	30,45	1476,29
970	17.07.2025 19:33:09	8,38	1,43	28,53	30,42	1475,97
971	17.07.2025 19:33:10	8,25	1,44	28,61	30,39	1475,55
972	17.07.2025 19:33:11	8,21	1,44	28,41	30,17	1475,18
973	17.07.2025 19:33:12	8,08	1,45	28,32	29,98	1474,55
974	17.07.2025 19:33:13	7,91	1,48	28,40	29,92	1474,00
975	17.07.2025 19:33:14	7,77	1,49	28,48	29,89	1473,58
976	17.07.2025 19:33:15	7,67	1,52	28,56	29,89	1473,29
977	17.07.2025 19:33:16	7,57	1,53	28,64	29,89	1473,00
978	17.07.2025 19:33:17	7,47	1,55	28,69	29,86	1472,67
979	17.07.2025 19:33:18	7,40	1,56	28,72	29,83	1472,44
980	17.07.2025 19:33:19	7,33	1,57	28,77	29,83	1472,24
981	17.07.2025 19:33:20	7,26	1,61	28,80	29,80	1472,01
982	17.07.2025 19:33:21	7,20	1,60	28,85	29,80	1471,82
983	17.07.2025 19:33:22	7,13	1,62	28,88	29,77	1471,58
984	17.07.2025 19:33:23	7,09	1,63	28,91	29,77	1471,48
985	17.07.2025 19:33:24	7,02	1,65	28,96	29,77	1471,29
986	17.07.2025 19:33:25	6,96	1,66	28,93	29,68	1470,98
987	17.07.2025 19:33:26	6,85	1,66	28,81	29,49	1470,42
988	17.07.2025 19:33:27	6,75	1,69	28,75	29,36	1469,94
989	17.07.2025 19:33:28	6,61	1,66	28,69	29,19	1469,31
990	17.07.2025 19:33:29	6,47	1,71	28,78	29,16	1468,87
991	17.07.2025 19:33:30	6,33	1,74	28,74	29,02	1468,27
992	17.07.2025 19:33:31	6,23	1,75	28,74	28,94	1467,85
993	17.07.2025 19:33:32	6,09	1,76	28,73	28,83	1467,29
994	17.07.2025 19:33:33	5,98	1,77	28,76	28,78	1466,90
995	17.07.2025 19:33:34	5,88	1,80	28,73	28,67	1466,44
996	17.07.2025 19:33:35	5,74	1,81	28,76	28,58	1465,90
997	17.07.2025 19:33:36	5,63	1,86	28,78	28,52	1465,51
998	17.07.2025 19:33:37	5,53	1,87	28,81	28,47	1465,12
999	17.07.2025 19:33:38	5,42	1,88	28,87	28,44	1464,76
1000	17.07.2025 19:33:39	5,35	1,93	28,90	28,41	1464,52
1001	17.07.2025 19:33:40	5,24	1,95	28,99	28,41	1464,19
1002	17.07.2025 19:33:41	5,17	1,98	29,05	28,41	1463,98
1003	17.07.2025 19:33:42	5,10	1,97	29,08	28,38	1463,72
1004	17.07.2025 19:33:43	5,03	2,00	29,14	28,38	1463,51
1005	17.07.2025 19:33:44	4,96	2,02	29,17	28,35	1463,26
1006	17.07.2025 19:33:45	4,92	2,05	29,17	28,32	1463,11
1007	17.07.2025 19:33:46	4,85	2,07	29,20	28,29	1462,86
1008	17.07.2025 19:33:47	4,78	2,10	29,26	28,29	1462,65
1009	17.07.2025 19:33:48	4,71	2,11	29,26	28,23	1462,35
1010	17.07.2025 19:33:49	4,64	2,12	29,26	28,18	1462,05
1011	17.07.2025 19:33:50	4,56	2,16	29,20	28,07	1461,67
1012	17.07.2025 19:33:51	4,45	2,19	29,20	27,99	1461,23
1013	17.07.2025 19:33:52	4,35	2,20	29,23	27,93	1460,81
1014	17.07.2025 19:33:53	4,27	2,25	29,26	27,90	1460,56
1015	17.07.2025 19:33:54	4,20	2,26	29,26	27,85	1460,25
1016	17.07.2025 19:33:55	4,13	2,29	29,32	27,85	1460,03
1017	17.07.2025 19:33:56	4,06	2,32	29,39	27,84	1459,81
1018	17.07.2025 19:33:57	3,98	2,35	29,45	27,84	1459,59
1019	17.07.2025 19:33:58	3,91	2,35	29,51	27,84	1459,36
1020	17.07.2025 19:33:59	3,87	2,38	29,61	27,89	1459,33
1021	17.07.2025 19:34:00	3,84	2,43	29,70	27,94	1459,31
1022	17.07.2025 19:34:01	3,80	2,45	29,74	27,94	1459,20
1023	17.07.2025 19:34:02	3,76	2,48	29,80	27,97	1459,13
1024	17.07.2025 19:34:03	3,73	2,48	29,83	27,97	1459,02
1025	17.07.2025 19:34:04	3,73	2,52	29,83	27,97	1459,02
1026	17.07.2025 19:34:05	3,69	2,53	29,77	27,89	1458,79
1027	17.07.2025 19:34:06	3,65	2,55	29,71	27,81	1458,55
1028	17.07.2025 19:34:07	3,58	2,56	29,65	27,70	1458,16
1029	17.07.2025 19:34:08	3,50	2,61	29,68	27,67	1457,89
1030	17.07.2025 19:34:09	3,43	2,62	29,78	27,70	1457,71
1031	17.07.2025 19:34:10	3,36	2,66	29,84	27,69	1457,48
1032	17.07.2025 19:34:11	3,32	2,67	29,88	27,69	1457,37
1033	17.07.2025 19:34:12	3,28	2,74	29,94	27,72	1457,30
1034	17.07.2025 19:34:13	3,25	2,77	30,01	27,74	1457,23
1035	17.07.2025 19:34:14	3,21	2,79	29,98	27,69	1457,04
1036	17.07.2025 19:34:15	3,17	2,82	29,95	27,63	1456,84
1037	17.07.2025 19:34:16	3,13	2,84	29,79	27,47	1456,48
1038	17.07.2025 19:34:17	3,06	2,85	29,79	27,42	1456,16
1039	17.07.2025 19:34:18	2,95	2,88	29,82	27,36	1455,73
1040	17.07.2025 19:34:19	2,87	2,93	29,86	27,33	1455,46
1041	17.07.2025 19:34:20	2,80	2,96	29,96	27,36	1455,26
1042	17.07.2025 19:34:21	2,76	2,99	29,99	27,36	1455,15
1043	17.07.2025 19:34:22	2,72	3,01	30,03	27,36	1455,03
1044	17.07.2025 19:34:23	2,65	3,04	30,03	27,30	1454,72
1045	17.07.2025 19:34:24	2,61	3,07	30,06	27,30	1454,60
1046	17.07.2025 19:34:25	2,57	3,10	30,07	27,27	1454,44
1047	17.07.2025 19:34:26	2,53	3,14	30,10	27,27	1454,33
1048	17.07.2025 19:34:27	2,50	3,17	30,17	27,30	1454,26
1049	17.07.2025 19:34:28	2,46	3,19	30,24	27,32	1454,18
1050	17.07.2025 19:34:29	2,42	3,24	30,24	27,30	1454,03
1051	17.07.2025 19:34:30	2,38	3,24	30,21	27,24	1453,82
1052	17.07.2025 19:34:31	2,34	3,27	30,18	27,19	1453,62
1053	17.07.2025 19:34:32	2,27	3,30	30,18	27,13	1453,29
1054	17.07.2025 19:34:33	2,23	3,33	30,18	27,10	1453,14
1055	17.07.2025 19:34:34	2,19	3,37	30,25	27,13	1453,06
1056	17.07.2025 19:34:35	2,12	3,40	30,32	27,13	1452,83
1057	17.07.2025 19:34:36	2,12	3,43	30,35	27,15	1452,87
1058	17.07.2025 19:34:37	2,08	3,46	30,46	27,21	1452,84
1059	17.07.2025 19:34:38	2,04	3,50	30,49	27,21	1452,73
1060	17.07.2025 19:34:39	2,04	3,53	30,42	27,15	1452,64
1061	17.07.2025 19:34:40	2,00	3,53	30,33	27,05	1452,35
1062	17.07.2025 19:34:41	1,96	3,56	30,36	27,04	1452,23
1063	17.07.2025 19:34:42	1,93	3,63	30,40	27,04	1452,12
1064	17.07.2025 19:34:43	1,89	3,65	30,47	27,07	1452,04
1065	17.07.2025 19:34:44	1,85	3,68	30,44	27,01	1451,84
1066	17.07.2025 19:34:45	1,81	3,71	30,47	27,01	1451,72
1067	17.07.2025 19:34:46	1,77	3,75	30,51	27,01	1451,60
1068	17.07.2025 19:34:47	1,73	3,76	30,48	26,96	1451,39
1069	17.07.2025 19:34:48	1,70	3,79	30,45	26,90	1451,18
1070	17.07.2025 19:34:49	1,66	3,83	30,52	26,93	1451,11
1071	17.07.2025 19:34:50	1,62	3,86	30,52	26,90	1450,95
1072	17.07.2025 19:34:51	1,58	3,86	30,52	26,88	1450,78
1073	17.07.2025 19:34:52	1,54	3,89	30,52	26,85	1450,61
1074	17.07.2025 19:34:53	1,50	3,92	30,59	26,87	1450,54
1075	17.07.2025 19:34:54	1,46	3,96	30,60	26,85	1450,37
1076	17.07.2025 19:34:55	1,42	3,99	30,63	26,85	1450,25
1077	17.07.2025 19:34:56	1,39	4,00	30,64	26,82	1450,09
1078	17.07.2025 19:34:57	1,35	4,04	30,67	26,82	1449,97
1079	17.07.2025 19:34:58	1,35	4,07	30,67	26,82	1449,97
1080	17.07.2025 19:34:59	1,31	4,09	30,71	26,82	1449,85
1081	17.07.2025 19:35:00	1,31	4,12	30,74	26,84	1449,90
1082	17.07.2025 19:35:01	1,27	4,16	30,78	26,84	1449,78
1083	17.07.2025 19:35:02	1,27	4,17	30,78	26,84	1449,78
1084	17.07.2025 19:35:03	1,23	4,19	30,82	26,84	1449,66
1085	17.07.2025 19:35:04	1,23	4,22	30,82	26,84	1449,66
1086	17.07.2025 19:35:05	1,19	4,26	30,86	26,84	1449,54
1087	17.07.2025 19:35:06	1,19	4,27	30,86	26,84	1449,54
1088	17.07.2025 19:35:07	1,15	4,29	30,89	26,84	1449,42
1089	17.07.2025 19:35:08	1,15	4,31	30,89	26,84	1449,42
1090	17.07.2025 19:35:09	1,11	4,34	30,93	26,84	1449,30
1091	17.07.2025 19:35:10	1,11	4,37	30,93	26,84	1449,31
1092	17.07.2025 19:35:11	1,07	4,39	31,00	26,86	1449,23
1093	17.07.2025 19:35:12	1,07	4,41	31,00	26,86	1449,23
1094	17.07.2025 19:35:13	1,04	4,44	31,04	26,86	1449,11
1095	17.07.2025 19:35:14	1,04	4,46	31,01	26,84	1449,07
1096	17.07.2025 19:35:15	1,04	4,49	31,04	26,86	1449,12
1097	17.07.2025 19:35:16	1,00	4,51	31,08	26,86	1448,99
1098	17.07.2025 19:35:17	1,00	4,53	31,08	26,86	1449,00
1099	17.07.2025 19:35:18	0,96	4,56	31,11	26,86	1448,88
1100	17.07.2025 19:35:19	0,96	4,59	31,11	26,86	1448,88
1101	17.07.2025 19:35:20	0,96	4,63	31,11	26,86	1448,89
1102	17.07.2025 19:35:21	0,96	4,66	31,11	26,86	1448,89
1103	17.07.2025 19:35:22	0,92	4,68	31,15	26,86	1448,77
1104	17.07.2025 19:35:23	0,92	4,71	31,19	26,89	1448,82
1105	17.07.2025 19:35:24	0,92	4,73	31,19	26,89	1448,82
1106	17.07.2025 19:35:25	0,88	4,75	31,23	26,89	1448,70
1107	17.07.2025 19:35:26	0,88	4,78	31,22	26,89	1448,70
1108	17.07.2025 19:35:27	0,88	4,82	31,19	26,86	1448,66
1109	17.07.2025 19:35:28	0,84	4,85	31,23	26,86	1448,54
1110	17.07.2025 19:35:29	0,84	4,87	31,30	26,91	1448,63
1111	17.07.2025 19:35:30	0,84	4,90	31,30	26,91	1448,64
1112	17.07.2025 19:35:31	0,84	4,94	31,33	26,94	1448,69
1113	17.07.2025 19:35:32	0,84	4,97	31,33	26,94	1448,70
1114	17.07.2025 19:35:33	0,84	5,01	31,33	26,94	1448,70
1115	17.07.2025 19:35:34	0,80	5,02	31,37	26,94	1448,58
1116	17.07.2025 19:35:35	0,80	5,04	31,40	26,97	1448,63
1117	17.07.2025 19:35:36	0,80	5,06	31,40	26,97	1448,63
1118	17.07.2025 19:35:37	0,80	5,11	31,40	26,97	1448,64
1119	17.07.2025 19:35:38	0,80	5,13	31,40	26,97	1448,64
1120	17.07.2025 19:35:39	0,80	5,16	31,40	26,97	1448,64
1121	17.07.2025 19:35:40	0,80	5,20	31,44	26,99	1448,70
1122	17.07.2025 19:35:41	0,76	5,23	31,44	26,97	1448,53
1123	17.07.2025 19:35:42	0,76	5,25	31,44	26,96	1448,53
1124	17.07.2025 19:35:43	0,76	5,27	31,48	26,99	1448,58
1125	17.07.2025 19:35:44	0,76	5,30	31,44	26,96	1448,54
1126	17.07.2025 19:35:45	0,76	5,34	31,47	26,99	1448,59
1127	17.07.2025 19:35:46	0,76	5,37	31,51	27,02	1448,64
1128	17.07.2025 19:35:47	0,76	5,39	31,51	27,02	1448,64
1129	17.07.2025 19:35:48	0,76	5,41	31,51	27,02	1448,65
1130	17.07.2025 19:35:49	0,76	5,42	31,51	27,02	1448,65
1131	17.07.2025 19:35:50	0,72	5,46	31,51	26,99	1448,48
1132	17.07.2025 19:35:51	0,72	5,47	31,55	27,02	1448,53
1133	17.07.2025 19:35:52	0,72	5,51	31,55	27,02	1448,53
1134	17.07.2025 19:35:53	0,72	5,53	31,51	26,99	1448,49
1135	17.07.2025 19:35:54	0,72	5,58	31,48	26,96	1448,45
1136	17.07.2025 19:35:55	0,72	5,60	31,48	26,96	1448,46
1137	17.07.2025 19:35:56	0,68	5,59	31,52	26,96	1448,33
1138	17.07.2025 19:35:57	0,68	5,65	31,52	26,96	1448,34
1139	17.07.2025 19:35:58	0,68	5,66	31,48	26,94	1448,29
1140	17.07.2025 19:35:59	0,68	5,68	31,45	26,91	1448,25
1141	17.07.2025 19:36:00	0,64	5,71	31,49	26,91	1448,13
1142	17.07.2025 19:36:01	0,64	5,73	31,45	26,88	1448,08
1143	17.07.2025 19:36:02	0,64	5,75	31,45	26,88	1448,09
1144	17.07.2025 19:36:03	0,60	5,78	31,46	26,86	1447,92
1145	17.07.2025 19:36:04	0,60	5,82	31,46	26,85	1447,92
1146	17.07.2025 19:36:05	0,56	5,83	31,50	26,85	1447,80
1147	17.07.2025 19:36:06	0,56	5,87	31,50	26,85	1447,80
1148	17.07.2025 19:36:07	0,56	5,89	31,50	26,85	1447,81
1149	17.07.2025 19:36:08	0,56	5,90	31,53	26,88	1447,85
1150	17.07.2025 19:36:09	0,52	5,94	31,57	26,88	1447,73
1151	17.07.2025 19:36:10	0,52	5,97	31,57	26,88	1447,74
1152	17.07.2025 19:36:11	0,52	6,01	31,57	26,88	1447,74
1153	17.07.2025 19:36:12	0,52	6,02	31,60	26,91	1447,79
1154	17.07.2025 19:36:13	0,52	6,06	31,60	26,91	1447,80
1155	17.07.2025 19:36:14	0,52	6,08	31,60	26,91	1447,80
1156	17.07.2025 19:36:15	0,52	6,11	31,57	26,88	1447,76
1157	17.07.2025 19:36:16	0,52	6,13	31,53	26,85	1447,71
1158	17.07.2025 19:36:17	0,48	6,14	31,54	26,83	1447,54
1159	17.07.2025 19:36:18	0,48	6,18	31,47	26,77	1447,46
1160	17.07.2025 19:36:19	0,44	6,21	31,40	26,69	1447,19
1161	17.07.2025 19:36:20	0,40	6,23	31,41	26,66	1447,02
1162	17.07.2025 19:36:21	0,36	6,26	31,41	26,64	1446,85
1163	17.07.2025 19:36:22	0,36	6,29	31,52	26,72	1446,99
1164	17.07.2025 19:36:23	0,32	6,33	31,63	26,77	1446,96
1165	17.07.2025 19:36:24	0,36	6,35	31,62	26,80	1447,14
1166	17.07.2025 19:36:25	0,36	6,36	31,69	26,85	1447,24
1167	17.07.2025 19:36:26	0,36	6,40	31,76	26,90	1447,33
1168	17.07.2025 19:36:27	0,40	6,44	31,72	26,90	1447,47
1169	17.07.2025 19:36:28	0,40	6,44	31,75	26,93	1447,52
1170	17.07.2025 19:36:29	0,40	6,49	31,75	26,93	1447,52
1171	17.07.2025 19:36:30	0,40	6,51	31,72	26,90	1447,48
1172	17.07.2025 19:36:31	0,40	6,54	31,72	26,90	1447,49
1173	17.07.2025 19:36:32	0,40	6,54	31,68	26,88	1447,44
1174	17.07.2025 19:36:33	0,40	6,58	31,65	26,85	1447,40
1175	17.07.2025 19:36:34	0,40	6,61	31,72	26,90	1447,50
1176	17.07.2025 19:36:35	0,40	6,65	31,75	26,93	1447,55
1177	17.07.2025 19:36:36	0,40	6,66	31,79	26,96	1447,60
1178	17.07.2025 19:36:37	0,40	6,70	31,82	26,98	1447,65
1179	17.07.2025 19:36:38	0,40	6,72	31,86	27,01	1447,70
1180	17.07.2025 19:36:39	0,40	6,75	31,86	27,01	1447,70
1181	17.07.2025 19:36:40	0,40	6,77	31,89	27,04	1447,75
1182	17.07.2025 19:36:41	0,44	6,81	31,92	27,09	1447,98
1183	17.07.2025 19:36:42	0,44	6,82	31,99	27,15	1448,08
1184	17.07.2025 19:36:43	0,48	6,84	31,95	27,15	1448,21
1185	17.07.2025 19:36:44	0,48	6,88	31,95	27,15	1448,21
1186	17.07.2025 19:36:45	0,48	6,93	31,98	27,17	1448,27
1187	17.07.2025 19:36:46	0,48	6,95	31,98	27,17	1448,27
1188	17.07.2025 19:36:47	0,52	6,97	31,94	27,17	1448,40
1189	17.07.2025 19:36:48	0,52	6,99	31,94	27,17	1448,40
1190	17.07.2025 19:36:49	0,52	7,02	31,94	27,17	1448,41
1191	17.07.2025 19:36:50	0,52	7,04	31,91	27,15	1448,36
1192	17.07.2025 19:36:51	0,52	7,07	31,94	27,17	1448,42
1193	17.07.2025 19:36:52	0,52	7,09	31,94	27,17	1448,42
1194	17.07.2025 19:36:53	0,52	7,14	31,98	27,20	1448,47
1195	17.07.2025 19:36:54	0,52	7,16	31,98	27,20	1448,48
1196	17.07.2025 19:36:55	0,52	7,20	31,98	27,20	1448,48
1197	17.07.2025 19:36:56	0,52	7,21	31,98	27,20	1448,48
1198	17.07.2025 19:36:57	0,52	7,25	31,98	27,20	1448,49
1199	17.07.2025 19:36:58	0,52	7,28	31,98	27,20	1448,50
1200	17.07.2025 19:36:59	0,52	7,30	31,98	27,20	1448,50
1201	17.07.2025 19:37:00	0,52	7,34	31,98	27,20	1448,50
1202	17.07.2025 19:37:01	0,52	7,37	32,01	27,23	1448,56
1203	17.07.2025 19:37:02	0,52	7,39	31,98	27,20	1448,51
1204	17.07.2025 19:37:03	0,52	7,42	31,98	27,20	1448,52
1205	17.07.2025 19:37:04	0,52	7,44	31,98	27,20	1448,52
1206	17.07.2025 19:37:05	0,52	7,48	31,98	27,20	1448,53
1207	17.07.2025 19:37:06	0,52	7,51	32,05	27,25	1448,62
1208	17.07.2025 19:37:07	0,52	7,53	32,05	27,25	1448,63
1209	17.07.2025 19:37:08	0,52	7,56	32,08	27,28	1448,68
1210	17.07.2025 19:37:09	0,52	7,58	32,08	27,28	1448,68
1211	17.07.2025 19:37:10	0,52	7,60	32,08	27,28	1448,68
1212	17.07.2025 19:37:11	0,52	7,63	32,08	27,28	1448,69
1213	17.07.2025 19:37:12	0,56	7,65	32,07	27,31	1448,86
1214	17.07.2025 19:37:13	0,56	7,67	32,11	27,34	1448,91
1215	17.07.2025 19:37:14	0,56	7,71	32,14	27,36	1448,97
1216	17.07.2025 19:37:15	0,56	7,74	32,21	27,42	1449,06
1217	17.07.2025 19:37:16	0,60	7,76	32,21	27,44	1449,24
1218	17.07.2025 19:37:17	0,60	7,78	32,24	27,47	1449,29
1219	17.07.2025 19:37:18	0,64	7,82	32,24	27,50	1449,47
1220	17.07.2025 19:37:19	0,64	7,83	32,23	27,50	1449,47
1221	17.07.2025 19:37:20	0,64	7,85	32,23	27,50	1449,47
1222	17.07.2025 19:37:21	0,64	7,87	32,23	27,50	1449,47
1223	17.07.2025 19:37:22	0,68	7,91	32,16	27,47	1449,56
1224	17.07.2025 19:37:23	0,68	7,92	32,06	27,39	1449,43
1225	17.07.2025 19:37:24	0,64	7,96	32,03	27,34	1449,21
1226	17.07.2025 19:37:25	0,64	7,99	32,03	27,34	1449,22
1227	17.07.2025 19:37:26	0,60	8,02	32,14	27,39	1449,19
1228	17.07.2025 19:37:27	0,60	8,04	32,24	27,47	1449,33
1229	17.07.2025 19:37:28	0,64	8,06	32,16	27,44	1449,41
1230	17.07.2025 19:37:29	0,64	8,08	32,13	27,42	1449,37
1231	17.07.2025 19:37:30	0,64	8,11	32,10	27,39	1449,33
1232	17.07.2025 19:37:31	0,64	8,13	32,09	27,39	1449,33
1233	17.07.2025 19:37:32	0,64	8,17	32,06	27,36	1449,29
1234	17.07.2025 19:37:33	0,60	8,20	32,07	27,34	1449,12
1235	17.07.2025 19:37:34	0,60	8,23	32,07	27,34	1449,13
1236	17.07.2025 19:37:35	0,60	8,25	32,10	27,36	1449,18
1237	17.07.2025 19:37:36	0,60	8,29	32,24	27,47	1449,37
1238	17.07.2025 19:37:37	0,60	8,30	32,31	27,52	1449,46
1239	17.07.2025 19:37:38	0,64	8,32	32,34	27,58	1449,68
1240	17.07.2025 19:37:39	0,68	8,38	32,33	27,61	1449,86
1241	17.07.2025 19:37:40	0,68	8,38	32,36	27,63	1449,91
1242	17.07.2025 19:37:41	0,72	8,40	32,29	27,61	1449,99
1243	17.07.2025 19:37:42	0,72	8,42	32,29	27,61	1450,00
1244	17.07.2025 19:37:43	0,72	8,43	32,29	27,61	1450,00
1245	17.07.2025 19:37:44	0,72	8,47	32,25	27,58	1449,96
1246	17.07.2025 19:37:45	0,72	8,50	32,22	27,55	1449,92
1247	17.07.2025 19:37:46	0,72	8,52	32,22	27,55	1449,92
1248	17.07.2025 19:37:47	0,72	8,54	32,22	27,55	1449,92
1249	17.07.2025 19:37:48	0,72	8,56	32,22	27,55	1449,93
1250	17.07.2025 19:37:49	0,72	8,59	32,22	27,55	1449,93
1251	17.07.2025 19:37:50	0,72	8,61	32,19	27,53	1449,89
1252	17.07.2025 19:37:51	0,72	8,63	32,08	27,45	1449,75
1253	17.07.2025 19:37:52	0,68	8,66	32,09	27,42	1449,59
1254	17.07.2025 19:37:53	0,68	8,69	32,36	27,63	1449,96
1255	17.07.2025 19:37:54	0,68	8,73	32,40	27,66	1450,01
1256	17.07.2025 19:37:55	0,72	8,75	32,49	27,77	1450,32
1257	17.07.2025 19:37:56	0,76	8,79	32,66	27,93	1450,73
1258	17.07.2025 19:37:57	0,84	8,79	32,61	27,96	1451,02
1259	17.07.2025 19:37:58	0,88	8,83	32,57	27,96	1451,16
1260	17.07.2025 19:37:59	0,92	8,83	32,53	27,96	1451,28
1261	17.07.2025 19:38:00	0,92	8,87	32,67	28,07	1451,47
1262	17.07.2025 19:38:01	0,96	8,88	32,63	28,07	1451,59
1263	17.07.2025 19:38:02	1,00	8,89	32,63	28,09	1451,76
1264	17.07.2025 19:38:03	1,00	8,94	32,63	28,09	1451,77
1265	17.07.2025 19:38:04	1,04	8,94	32,59	28,10	1451,90
1266	17.07.2025 19:38:05	1,04	8,98	32,55	28,07	1451,86
1267	17.07.2025 19:38:06	1,04	8,99	32,55	28,07	1451,86
1268	17.07.2025 19:38:07	1,07	9,03	32,51	28,07	1451,99
1269	17.07.2025 19:38:08	1,07	9,05	32,58	28,12	1452,08
1270	17.07.2025 19:38:09	1,07	9,08	32,58	28,12	1452,09
1271	17.07.2025 19:38:10	1,07	9,10	32,61	28,15	1452,14
1272	17.07.2025 19:38:11	1,11	9,14	32,57	28,15	1452,26
1273	17.07.2025 19:38:12	1,11	9,16	32,57	28,15	1452,27
1274	17.07.2025 19:38:13	1,11	9,17	32,61	28,18	1452,31
1275	17.07.2025 19:38:14	1,15	9,19	32,60	28,20	1452,49
1276	17.07.2025 19:38:15	1,15	9,23	32,60	28,20	1452,49
1277	17.07.2025 19:38:16	1,15	9,25	32,63	28,23	1452,54
1278	17.07.2025 19:38:17	1,19	9,27	32,63	28,26	1452,71
1279	17.07.2025 19:38:18	1,19	9,30	32,63	28,26	1452,72
1280	17.07.2025 19:38:19	1,19	9,32	32,66	28,29	1452,76
1281	17.07.2025 19:38:20	1,23	9,34	32,66	28,31	1452,93
1282	17.07.2025 19:38:21	1,23	9,37	32,66	28,31	1452,94
1283	17.07.2025 19:38:22	1,27	9,39	32,58	28,29	1453,02
1284	17.07.2025 19:38:23	1,27	9,41	32,65	28,34	1453,11
1285	17.07.2025 19:38:24	1,27	9,43	32,69	28,37	1453,16
1286	17.07.2025 19:38:25	1,27	9,46	32,68	28,37	1453,17
1287	17.07.2025 19:38:26	1,31	9,48	32,61	28,34	1453,25
1288	17.07.2025 19:38:27	1,31	9,52	32,61	28,34	1453,25
1289	17.07.2025 19:38:28	1,31	9,52	32,65	28,37	1453,30
1290	17.07.2025 19:38:29	1,31	9,53	32,64	28,37	1453,30
1291	17.07.2025 19:38:30	1,31	9,57	32,64	28,37	1453,30
1292	17.07.2025 19:38:31	1,31	9,60	32,64	28,37	1453,31
1293	17.07.2025 19:38:32	1,35	9,62	32,61	28,37	1453,43
1294	17.07.2025 19:38:33	1,35	9,64	32,60	28,37	1453,44
1295	17.07.2025 19:38:34	1,35	9,66	32,60	28,37	1453,44
1296	17.07.2025 19:38:35	1,35	9,69	32,60	28,37	1453,44
1297	17.07.2025 19:38:36	1,35	9,71	32,60	28,37	1453,45
1298	17.07.2025 19:38:37	1,35	9,75	32,67	28,42	1453,54
1299	17.07.2025 19:38:38	1,35	9,78	32,74	28,48	1453,64
1300	17.07.2025 19:38:39	1,39	9,80	32,73	28,50	1453,81
1301	17.07.2025 19:38:40	1,39	9,80	32,77	28,53	1453,85
1302	17.07.2025 19:38:41	1,42	9,84	32,76	28,56	1454,02
1303	17.07.2025 19:38:42	1,46	9,86	32,76	28,59	1454,19
1304	17.07.2025 19:38:43	1,46	9,88	32,79	28,61	1454,24
1305	17.07.2025 19:38:44	1,46	9,91	32,82	28,64	1454,29
1306	17.07.2025 19:38:45	1,50	9,93	32,82	28,67	1454,46
1307	17.07.2025 19:38:46	1,54	9,95	32,81	28,69	1454,63
1308	17.07.2025 19:38:47	1,54	9,97	32,85	28,72	1454,67
1309	17.07.2025 19:38:48	1,58	9,99	32,81	28,72	1454,80
1310	17.07.2025 19:38:49	1,58	10,02	32,84	28,75	1454,85
1311	17.07.2025 19:38:50	1,62	10,04	32,83	28,78	1455,01
1312	17.07.2025 19:38:51	1,62	10,08	32,83	28,78	1455,02
1313	17.07.2025 19:38:52	1,62	10,09	32,83	28,78	1455,02
1314	17.07.2025 19:38:53	1,66	10,11	32,79	28,78	1455,14
1315	17.07.2025 19:38:54	1,66	10,13	32,79	28,78	1455,15
1316	17.07.2025 19:38:55	1,66	10,17	32,83	28,80	1455,20
1317	17.07.2025 19:38:56	1,70	10,19	32,79	28,80	1455,32
1318	17.07.2025 19:38:57	1,70	10,20	32,79	28,80	1455,32
1319	17.07.2025 19:38:58	1,70	10,24	32,82	28,83	1455,37
1320	17.07.2025 19:38:59	1,70	10,26	32,82	28,83	1455,37
1321	17.07.2025 19:39:00	1,73	10,28	32,82	28,86	1455,54
1322	17.07.2025 19:39:01	1,73	10,31	32,82	28,86	1455,55
1323	17.07.2025 19:39:02	1,73	10,33	32,82	28,86	1455,55
1324	17.07.2025 19:39:03	1,77	10,37	32,84	28,91	1455,76
1325	17.07.2025 19:39:04	1,77	10,37	32,88	28,94	1455,81
1326	17.07.2025 19:39:05	1,77	10,42	32,91	28,97	1455,86
1327	17.07.2025 19:39:06	1,81	10,44	32,87	28,97	1455,98
1328	17.07.2025 19:39:07	1,81	10,46	32,91	28,99	1456,03
1329	17.07.2025 19:39:08	1,85	10,47	32,87	28,99	1456,15
1330	17.07.2025 19:39:09	1,85	10,51	32,87	28,99	1456,15
1331	17.07.2025 19:39:10	1,89	10,53	32,86	29,02	1456,32
1332	17.07.2025 19:39:11	1,89	10,55	32,86	29,02	1456,32
1333	17.07.2025 19:39:12	1,89	10,56	32,89	29,05	1456,37
1334	17.07.2025 19:39:13	1,89	10,60	32,89	29,05	1456,37
1335	17.07.2025 19:39:14	1,93	10,62	32,85	29,05	1456,50
1336	17.07.2025 19:39:15	1,93	10,64	32,85	29,05	1456,50
1337	17.07.2025 19:39:16	1,93	10,65	32,89	29,08	1456,55
1338	17.07.2025 19:39:17	1,93	10,69	32,89	29,08	1456,55
1339	17.07.2025 19:39:18	1,96	10,71	32,85	29,08	1456,67
1340	17.07.2025 19:39:19	1,96	10,73	32,88	29,10	1456,72
1341	17.07.2025 19:39:20	1,96	10,74	32,88	29,10	1456,72
1342	17.07.2025 19:39:21	1,96	10,78	32,85	29,08	1456,68
1343	17.07.2025 19:39:22	1,96	10,80	32,85	29,08	1456,68
1344	17.07.2025 19:39:23	1,96	10,81	32,88	29,10	1456,73
1345	17.07.2025 19:39:24	2,00	10,87	32,91	29,16	1456,95
1346	17.07.2025 19:39:25	2,00	10,89	32,94	29,19	1456,99
1347	17.07.2025 19:39:26	2,04	10,91	32,94	29,21	1457,16
1348	17.07.2025 19:39:27	2,04	10,92	32,97	29,24	1457,20
1349	17.07.2025 19:39:28	2,08	10,96	32,96	29,27	1457,37
1350	17.07.2025 19:39:29	2,08	10,98	33,00	29,29	1457,42
1351	17.07.2025 19:39:30	2,12	11,00	32,99	29,32	1457,58
1352	17.07.2025 19:39:31	2,12	11,03	32,99	29,32	1457,58
1353	17.07.2025 19:39:32	2,15	11,05	32,95	29,32	1457,70
1354	17.07.2025 19:39:33	2,15	11,09	32,99	29,35	1457,75
1355	17.07.2025 19:39:34	2,15	11,10	32,99	29,35	1457,76
1356	17.07.2025 19:39:35	2,19	11,12	32,95	29,35	1457,87
1357	17.07.2025 19:39:36	2,19	11,14	32,95	29,35	1457,88
1358	17.07.2025 19:39:37	2,19	11,16	32,95	29,35	1457,88
1359	17.07.2025 19:39:38	2,19	11,19	32,95	29,35	1457,89
1360	17.07.2025 19:39:39	2,19	11,21	32,95	29,35	1457,89
1361	17.07.2025 19:39:40	2,19	11,23	32,95	29,35	1457,89
1362	17.07.2025 19:39:41	2,23	11,27	32,91	29,35	1458,01
1363	17.07.2025 19:39:42	2,23	11,30	32,94	29,38	1458,06
1364	17.07.2025 19:39:43	2,23	11,34	33,01	29,43	1458,16
1365	17.07.2025 19:39:44	2,27	11,34	33,04	29,48	1458,36
1366	17.07.2025 19:39:45	2,27	11,36	33,04	29,48	1458,36
1367	17.07.2025 19:39:46	2,31	11,39	33,03	29,51	1458,53
1368	17.07.2025 19:39:47	2,31	11,41	33,06	29,54	1458,57
1369	17.07.2025 19:39:48	2,34	11,41	33,02	29,54	1458,69
1370	17.07.2025 19:39:49	2,34	11,45	33,02	29,54	1458,69
1371	17.07.2025 19:39:50	2,34	11,48	33,06	29,57	1458,74
1372	17.07.2025 19:39:51	2,38	11,50	32,99	29,54	1458,82
1373	17.07.2025 19:39:52	2,38	11,54	32,99	29,54	1458,82
1374	17.07.2025 19:39:53	2,38	11,55	32,99	29,54	1458,83
1375	17.07.2025 19:39:54	2,38	11,59	32,99	29,54	1458,83
1376	17.07.2025 19:39:55	2,38	11,59	32,95	29,51	1458,79
1377	17.07.2025 19:39:56	2,38	11,62	32,92	29,49	1458,75
1378	17.07.2025 19:39:57	2,38	11,66	32,92	29,49	1458,76
1379	17.07.2025 19:39:58	2,38	11,69	32,92	29,49	1458,76
1380	17.07.2025 19:39:59	2,38	11,71	32,98	29,54	1458,85
1381	17.07.2025 19:40:00	2,42	11,73	33,01	29,60	1459,05
1382	17.07.2025 19:40:01	2,42	11,77	33,01	29,60	1459,06
1383	17.07.2025 19:40:02	2,42	11,78	33,01	29,60	1459,06
1384	17.07.2025 19:40:03	2,46	11,80	33,01	29,62	1459,22
1385	17.07.2025 19:40:04	2,46	11,82	33,07	29,68	1459,31
1386	17.07.2025 19:40:05	2,50	11,86	33,03	29,68	1459,43
1387	17.07.2025 19:40:06	2,50	11,89	33,07	29,70	1459,48
1388	17.07.2025 19:40:07	2,50	11,91	33,07	29,70	1459,48
1389	17.07.2025 19:40:08	2,53	11,93	33,06	29,73	1459,65
1390	17.07.2025 19:40:09	2,53	11,96	33,06	29,73	1459,65
1391	17.07.2025 19:40:10	2,53	11,98	33,09	29,76	1459,70
1392	17.07.2025 19:40:11	2,53	12,00	33,09	29,76	1459,70
1393	17.07.2025 19:40:12	2,57	12,04	33,12	29,81	1459,90
1394	17.07.2025 19:40:13	2,57	12,05	33,12	29,81	1459,91
1395	17.07.2025 19:40:14	2,57	12,07	33,12	29,81	1459,91
1396	17.07.2025 19:40:15	2,61	12,11	33,12	29,84	1460,07
1397	17.07.2025 19:40:16	2,61	12,13	33,12	29,84	1460,08
1398	17.07.2025 19:40:17	2,61	12,16	33,12	29,84	1460,08
1399	17.07.2025 19:40:18	2,65	12,18	33,08	29,84	1460,20
1400	17.07.2025 19:40:19	2,65	12,20	33,08	29,84	1460,20
1401	17.07.2025 19:40:20	2,65	12,23	33,08	29,84	1460,21
1402	17.07.2025 19:40:21	2,65	12,25	33,08	29,84	1460,21
1403	17.07.2025 19:40:22	2,65	12,27	33,08	29,84	1460,21
1404	17.07.2025 19:40:23	2,68	12,31	33,04	29,84	1460,33
1405	17.07.2025 19:40:24	2,68	12,32	33,04	29,84	1460,33
1406	17.07.2025 19:40:25	2,68	12,36	33,04	29,84	1460,34
1407	17.07.2025 19:40:26	2,68	12,38	33,04	29,84	1460,34
1408	17.07.2025 19:40:27	2,68	12,41	33,10	29,89	1460,43
1409	17.07.2025 19:40:28	2,68	12,43	33,14	29,92	1460,48
1410	17.07.2025 19:40:29	2,72	12,46	33,10	29,92	1460,60
1411	17.07.2025 19:40:30	2,72	12,48	33,13	29,95	1460,64
1412	17.07.2025 19:40:31	2,76	12,50	33,13	29,98	1460,80
1413	17.07.2025 19:40:32	2,76	12,54	33,13	29,98	1460,81
1414	17.07.2025 19:40:33	2,76	12,55	33,16	30,00	1460,85
1415	17.07.2025 19:40:34	2,80	12,59	33,15	30,03	1461,01
1416	17.07.2025 19:40:35	2,80	12,59	33,15	30,03	1461,01
1417	17.07.2025 19:40:36	2,84	12,63	33,15	30,06	1461,18
1418	17.07.2025 19:40:37	2,84	12,65	33,15	30,06	1461,18
1419	17.07.2025 19:40:38	2,84	12,66	33,18	30,09	1461,22
1420	17.07.2025 19:40:39	2,87	12,70	33,14	30,09	1461,34
1421	17.07.2025 19:40:40	2,87	12,72	33,17	30,11	1461,39
1422	17.07.2025 19:40:41	2,87	12,74	33,17	30,11	1461,39
1423	17.07.2025 19:40:42	2,87	12,75	33,17	30,11	1461,39
1424	17.07.2025 19:40:43	2,91	12,79	33,14	30,11	1461,51
1425	17.07.2025 19:40:44	2,91	12,81	33,17	30,14	1461,56
1426	17.07.2025 19:40:45	2,91	12,84	33,20	30,17	1461,60
1427	17.07.2025 19:40:46	2,95	12,86	33,16	30,17	1461,72
1428	17.07.2025 19:40:47	2,95	12,90	33,23	30,22	1461,81
1429	17.07.2025 19:40:48	2,98	12,92	33,22	30,25	1461,97
1430	17.07.2025 19:40:49	2,98	12,95	33,22	30,25	1461,97
1431	17.07.2025 19:40:50	2,98	12,97	33,22	30,25	1461,97
1432	17.07.2025 19:40:51	3,02	13,01	33,22	30,28	1462,13
1433	17.07.2025 19:40:52	3,02	13,02	33,22	30,28	1462,14
1434	17.07.2025 19:40:53	3,02	13,06	33,22	30,28	1462,14
1435	17.07.2025 19:40:54	3,06	13,08	33,21	30,30	1462,30
1436	17.07.2025 19:40:55	3,06	13,10	33,21	30,30	1462,30
1437	17.07.2025 19:40:56	3,06	13,11	33,24	30,33	1462,35
1438	17.07.2025 19:40:57	3,10	13,13	33,21	30,33	1462,46
1439	17.07.2025 19:40:58	3,10	13,18	33,24	30,36	1462,51
1440	17.07.2025 19:40:59	3,10	13,20	33,27	30,39	1462,56
1441	17.07.2025 19:41:00	3,13	13,24	33,23	30,39	1462,67
1442	17.07.2025 19:41:01	3,13	13,26	33,27	30,41	1462,72
1443	17.07.2025 19:41:02	3,13	13,27	33,30	30,44	1462,76
1444	17.07.2025 19:41:03	3,13	13,31	33,30	30,44	1462,77
1445	17.07.2025 19:41:04	3,17	13,33	33,23	30,41	1462,84
1446	17.07.2025 19:41:05	3,17	13,36	33,26	30,44	1462,89
1447	17.07.2025 19:41:06	3,17	13,38	33,26	30,44	1462,89
1448	17.07.2025 19:41:07	3,17	13,42	33,29	30,47	1462,94
1449	17.07.2025 19:41:08	3,21	13,44	33,29	30,49	1463,09
1450	17.07.2025 19:41:09	3,21	13,47	33,32	30,52	1463,14
1451	17.07.2025 19:41:10	3,21	13,49	33,32	30,52	1463,14
1452	17.07.2025 19:41:11	3,25	13,52	33,28	30,52	1463,26
1453	17.07.2025 19:41:12	3,25	13,56	33,35	30,58	1463,35
1454	17.07.2025 19:41:13	3,28	13,58	33,31	30,58	1463,46
1455	17.07.2025 19:41:14	3,28	13,60	33,31	30,58	1463,46
1456	17.07.2025 19:41:15	3,28	13,63	33,34	30,60	1463,51
1457	17.07.2025 19:41:16	3,32	13,65	33,34	30,63	1463,67
1458	17.07.2025 19:41:17	3,32	13,69	33,40	30,68	1463,76
1459	17.07.2025 19:41:18	3,36	13,71	33,36	30,68	1463,87
1460	17.07.2025 19:41:19	3,36	13,72	33,39	30,71	1463,91
1461	17.07.2025 19:41:20	3,36	13,76	33,43	30,74	1463,96
1462	17.07.2025 19:41:21	3,39	13,78	33,39	30,74	1464,07
1463	17.07.2025 19:41:22	3,39	13,80	33,42	30,77	1464,12
1464	17.07.2025 19:41:23	3,43	13,83	33,38	30,77	1464,23
1465	17.07.2025 19:41:24	3,43	13,85	33,38	30,77	1464,24
1466	17.07.2025 19:41:25	3,43	13,87	33,42	30,79	1464,28
1467	17.07.2025 19:41:26	3,47	13,90	33,41	30,82	1464,44
1468	17.07.2025 19:41:27	3,47	13,94	33,41	30,82	1464,44
1469	17.07.2025 19:41:28	3,50	13,96	33,41	30,85	1464,60
1470	17.07.2025 19:41:29	3,50	13,98	33,41	30,85	1464,60
1471	17.07.2025 19:41:30	3,50	14,01	33,44	30,88	1464,65
1472	17.07.2025 19:41:31	3,54	14,03	33,40	30,88	1464,76
1473	17.07.2025 19:41:32	3,54	14,07	33,43	30,90	1464,80
1474	17.07.2025 19:41:33	3,54	14,08	33,43	30,90	1464,81
1475	17.07.2025 19:41:34	3,58	14,10	33,40	30,90	1464,92
1476	17.07.2025 19:41:35	3,58	14,14	33,43	30,93	1464,97
1477	17.07.2025 19:41:36	3,58	14,15	33,43	30,93	1464,97
1478	17.07.2025 19:41:37	3,62	14,19	33,39	30,93	1465,08
1479	17.07.2025 19:41:38	3,62	14,21	33,39	30,93	1465,08
1480	17.07.2025 19:41:39	3,62	14,24	33,42	30,96	1465,13
1481	17.07.2025 19:41:40	3,62	14,26	33,42	30,96	1465,13
1482	17.07.2025 19:41:41	3,65	14,30	33,42	30,99	1465,29
1483	17.07.2025 19:41:42	3,65	14,32	33,42	30,99	1465,29
1484	17.07.2025 19:41:43	3,65	14,33	33,45	31,01	1465,34
1485	17.07.2025 19:41:44	3,69	14,37	33,41	31,01	1465,45
1486	17.07.2025 19:41:45	3,69	14,39	33,41	31,01	1465,45
1487	17.07.2025 19:41:46	3,69	14,42	33,44	31,04	1465,50
1488	17.07.2025 19:41:47	3,73	14,44	33,44	31,07	1465,65
1489	17.07.2025 19:41:48	3,73	14,48	33,44	31,07	1465,66
1490	17.07.2025 19:41:49	3,73	14,50	33,47	31,09	1465,70
1491	17.07.2025 19:41:50	3,73	14,51	33,47	31,09	1465,70
1492	17.07.2025 19:41:51	3,76	14,55	33,46	31,12	1465,86
1493	17.07.2025 19:41:52	3,76	14,57	33,50	31,15	1465,90
1494	17.07.2025 19:41:53	3,76	14,58	33,50	31,15	1465,91
1495	17.07.2025 19:41:54	3,76	14,62	33,53	31,17	1465,95
1496	17.07.2025 19:41:55	3,80	14,64	33,52	31,20	1466,10
1497	17.07.2025 19:41:56	3,80	14,66	33,52	31,20	1466,11
1498	17.07.2025 19:41:57	3,80	14,69	33,55	31,23	1466,15
1499	17.07.2025 19:41:58	3,84	14,71	33,52	31,23	1466,26
1500	17.07.2025 19:41:59	3,84	14,75	33,52	31,23	1466,27
1501	17.07.2025 19:42:00	3,84	14,76	33,52	31,23	1466,27
1502	17.07.2025 19:42:01	3,87	14,78	33,51	31,26	1466,42
1503	17.07.2025 19:42:02	3,87	14,82	33,51	31,26	1466,43
1504	17.07.2025 19:42:03	3,87	14,84	33,51	31,26	1466,43
1505	17.07.2025 19:42:04	3,87	14,85	33,54	31,28	1466,47
1506	17.07.2025 19:42:05	3,91	14,89	33,51	31,28	1466,59
1507	17.07.2025 19:42:06	3,91	14,91	33,51	31,29	1466,59
1508	17.07.2025 19:42:07	3,91	14,94	33,51	31,29	1466,59
1509	17.07.2025 19:42:08	3,95	14,96	33,50	31,31	1466,75
1510	17.07.2025 19:42:09	3,95	15,00	33,50	31,31	1466,75
1511	17.07.2025 19:42:10	3,95	15,01	33,53	31,34	1466,79
1512	17.07.2025 19:42:11	3,95	15,03	33,63	31,42	1466,92
1513	17.07.2025 19:42:12	3,98	15,05	33,56	31,39	1466,99
1514	17.07.2025 19:42:13	3,98	15,09	33,59	31,42	1467,03
1515	17.07.2025 19:42:14	4,02	15,11	33,59	31,45	1467,18
1516	17.07.2025 19:42:15	4,02	15,12	33,59	31,45	1467,19
1517	17.07.2025 19:42:16	4,06	15,16	33,55	31,45	1467,30
1518	17.07.2025 19:42:17	4,06	15,18	33,58	31,48	1467,34
1519	17.07.2025 19:42:18	4,06	15,19	33,58	31,48	1467,35
1520	17.07.2025 19:42:19	4,06	15,23	33,58	31,48	1467,35
1521	17.07.2025 19:42:20	4,09	15,27	33,64	31,56	1467,58
1522	17.07.2025 19:42:21	4,09	15,28	33,67	31,58	1467,63
1523	17.07.2025 19:42:22	4,13	15,30	33,63	31,58	1467,74
1524	17.07.2025 19:42:23	4,13	15,34	33,63	31,58	1467,74
1525	17.07.2025 19:42:24	4,13	15,36	33,63	31,58	1467,74
1526	17.07.2025 19:42:25	4,16	15,38	33,63	31,61	1467,89
1527	17.07.2025 19:42:26	4,16	15,39	33,63	31,61	1467,90
1528	17.07.2025 19:42:27	4,16	15,43	33,63	31,61	1467,90
1529	17.07.2025 19:42:28	4,20	15,45	33,59	31,61	1468,01
1530	17.07.2025 19:42:29	4,20	15,46	33,59	31,61	1468,01
1531	17.07.2025 19:42:30	4,20	15,50	33,62	31,64	1468,06
1532	17.07.2025 19:42:31	4,20	15,52	33,62	31,64	1468,06
1533	17.07.2025 19:42:32	4,24	15,54	33,59	31,64	1468,17
1534	17.07.2025 19:42:33	4,24	15,55	33,62	31,67	1468,21
1535	17.07.2025 19:42:34	4,24	15,59	33,62	31,67	1468,22
1536	17.07.2025 19:42:35	4,27	15,61	33,58	31,67	1468,33
1537	17.07.2025 19:42:36	4,27	15,63	33,58	31,67	1468,33
1538	17.07.2025 19:42:37	4,27	15,64	33,61	31,69	1468,37
1539	17.07.2025 19:42:38	4,27	15,68	33,64	31,72	1468,42
1540	17.07.2025 19:42:39	4,27	15,70	33,61	31,69	1468,38
1541	17.07.2025 19:42:40	4,31	15,73	33,58	31,70	1468,49
1542	17.07.2025 19:42:41	4,31	15,73	33,61	31,72	1468,53
1543	17.07.2025 19:42:42	4,31	15,75	33,61	31,72	1468,53
1544	17.07.2025 19:42:43	4,31	15,79	33,61	31,72	1468,54
1545	17.07.2025 19:42:44	4,31	15,80	33,61	31,72	1468,54
1546	17.07.2025 19:42:45	4,35	15,82	33,57	31,72	1468,65
1547	17.07.2025 19:42:46	4,35	15,86	33,57	31,72	1468,66
1548	17.07.2025 19:42:47	4,35	15,87	33,60	31,75	1468,70
1549	17.07.2025 19:42:48	4,35	15,87	33,63	31,78	1468,74
1550	17.07.2025 19:42:49	4,35	15,91	33,63	31,78	1468,74
1551	17.07.2025 19:42:50	4,35	15,93	33,63	31,78	1468,75
1552	17.07.2025 19:42:51	4,38	15,95	33,63	31,80	1468,89
1553	17.07.2025 19:42:52	4,38	15,96	33,63	31,80	1468,90
1554	17.07.2025 19:42:53	4,38	15,98	33,63	31,80	1468,90
1555	17.07.2025 19:42:54	4,38	16,00	33,63	31,80	1468,90
1556	17.07.2025 19:42:55	4,42	16,02	33,62	31,83	1469,05
1557	17.07.2025 19:42:56	4,42	16,04	33,62	31,83	1469,05
1558	17.07.2025 19:42:57	4,42	16,07	33,66	31,86	1469,10
1559	17.07.2025 19:42:58	4,42	16,09	33,69	31,88	1469,14
1560	17.07.2025 19:42:59	4,45	16,11	33,65	31,89	1469,25
1561	17.07.2025 19:43:00	4,45	16,13	33,65	31,89	1469,25
1562	17.07.2025 19:43:01	4,45	16,14	33,68	31,91	1469,29
1563	17.07.2025 19:43:02	4,49	16,18	33,77	32,02	1469,56
1564	17.07.2025 19:43:03	4,49	16,18	33,77	32,02	1469,56
1565	17.07.2025 19:43:04	4,53	16,22	33,77	32,05	1469,71
1566	17.07.2025 19:43:05	4,53	16,23	33,73	32,02	1469,68
1567	17.07.2025 19:43:06	4,56	16,25	33,70	32,02	1469,78
1568	17.07.2025 19:43:07	4,56	16,27	33,73	32,05	1469,83
1569	17.07.2025 19:43:08	4,56	16,29	33,73	32,05	1469,83
1570	17.07.2025 19:43:09	4,60	16,31	33,69	32,05	1469,93
1571	17.07.2025 19:43:10	4,60	16,34	33,69	32,05	1469,94
1572	17.07.2025 19:43:11	4,60	16,36	33,69	32,05	1469,94
1573	17.07.2025 19:43:12	4,60	16,38	33,69	32,05	1469,95
1574	17.07.2025 19:43:13	4,60	16,40	33,69	32,05	1469,95
1575	17.07.2025 19:43:14	4,64	16,41	33,69	32,08	1470,09
1576	17.07.2025 19:43:15	4,64	16,45	33,72	32,10	1470,14
1577	17.07.2025 19:43:16	4,64	16,47	33,72	32,10	1470,14
1578	17.07.2025 19:43:17	4,64	16,48	33,75	32,13	1470,19
1579	17.07.2025 19:43:18	4,67	16,50	33,72	32,13	1470,29
1580	17.07.2025 19:43:19	4,67	16,52	33,75	32,16	1470,33
1581	17.07.2025 19:43:20	4,67	16,56	33,75	32,16	1470,34
1582	17.07.2025 19:43:21	4,71	16,58	33,71	32,16	1470,44
1583	17.07.2025 19:43:22	4,71	16,59	33,71	32,16	1470,45
1584	17.07.2025 19:43:23	4,71	16,61	33,71	32,16	1470,45
1585	17.07.2025 19:43:24	4,71	16,65	33,74	32,19	1470,50
1586	17.07.2025 19:43:25	4,71	16,66	33,77	32,21	1470,54
1587	17.07.2025 19:43:26	4,74	16,68	33,74	32,21	1470,64
1588	17.07.2025 19:43:27	4,74	16,70	33,74	32,21	1470,65
1589	17.07.2025 19:43:28	4,74	16,72	33,77	32,24	1470,69
1590	17.07.2025 19:43:29	4,78	16,75	33,76	32,27	1470,84
1591	17.07.2025 19:43:30	4,78	16,77	33,76	32,27	1470,84
1592	17.07.2025 19:43:31	4,78	16,79	33,76	32,27	1470,84
1593	17.07.2025 19:43:32	4,82	16,81	33,76	32,29	1470,99
1594	17.07.2025 19:43:33	4,82	16,83	33,79	32,32	1471,03
1595	17.07.2025 19:43:34	4,82	16,88	33,82	32,35	1471,08
1596	17.07.2025 19:43:35	4,85	16,88	33,81	32,38	1471,22
1597	17.07.2025 19:43:36	4,85	16,88	33,81	32,38	1471,22
1598	17.07.2025 19:43:37	4,85	16,90	33,81	32,38	1471,22
1599	17.07.2025 19:43:38	4,89	16,93	33,81	32,40	1471,37
1600	17.07.2025 19:43:39	4,89	16,95	33,81	32,40	1471,37
1601	17.07.2025 19:43:40	4,89	16,97	33,84	32,43	1471,41
1602	17.07.2025 19:43:41	4,89	16,99	33,84	32,43	1471,42
1603	17.07.2025 19:43:42	4,89	17,02	33,84	32,43	1471,42
1604	17.07.2025 19:43:43	4,92	17,04	33,80	32,43	1471,53
1605	17.07.2025 19:43:44	4,92	17,06	33,80	32,43	1471,53
1606	17.07.2025 19:43:45	4,92	17,08	33,84	32,46	1471,57
1607	17.07.2025 19:43:46	4,92	17,09	33,84	32,46	1471,58
1608	17.07.2025 19:43:47	4,92	17,13	33,87	32,48	1471,62
1609	17.07.2025 19:43:48	4,96	17,13	33,86	32,51	1471,76
1610	17.07.2025 19:43:49	4,96	17,15	33,89	32,54	1471,80
1611	17.07.2025 19:43:50	4,96	17,17	33,89	32,54	1471,81
1612	17.07.2025 19:43:51	4,99	17,20	33,86	32,54	1471,91
1613	17.07.2025 19:43:52	4,99	17,22	33,86	32,54	1471,92
1614	17.07.2025 19:43:53	4,99	17,24	33,89	32,57	1471,96
1615	17.07.2025 19:43:54	4,99	17,26	33,89	32,57	1471,96
1616	17.07.2025 19:43:55	5,03	17,27	33,88	32,59	1472,10
1617	17.07.2025 19:43:56	5,03	17,31	33,88	32,59	1472,11
1618	17.07.2025 19:43:57	5,03	17,33	33,88	32,59	1472,11
1619	17.07.2025 19:43:58	5,07	17,35	33,85	32,59	1472,22
1620	17.07.2025 19:43:59	5,07	17,36	33,88	32,62	1472,26
1621	17.07.2025 19:44:00	5,07	17,40	33,88	32,62	1472,26
1622	17.07.2025 19:44:01	5,07	17,40	33,88	32,62	1472,26
1623	17.07.2025 19:44:02	5,10	17,44	33,84	32,62	1472,37
1624	17.07.2025 19:44:03	5,10	17,44	33,84	32,62	1472,37
1625	17.07.2025 19:44:04	5,10	17,45	33,84	32,62	1472,37
1626	17.07.2025 19:44:05	5,10	17,47	33,87	32,65	1472,42
1627	17.07.2025 19:44:06	5,10	17,51	33,87	32,65	1472,42
1628	17.07.2025 19:44:07	5,10	17,52	33,87	32,65	1472,42
1629	17.07.2025 19:44:08	5,14	17,54	33,84	32,65	1472,53
1630	17.07.2025 19:44:09	5,14	17,56	33,84	32,65	1472,53
1631	17.07.2025 19:44:10	5,14	17,60	33,84	32,65	1472,53
1632	17.07.2025 19:44:11	5,14	17,61	33,84	32,65	1472,54
1633	17.07.2025 19:44:12	5,14	17,63	33,87	32,68	1472,58
1634	17.07.2025 19:44:13	5,14	17,65	33,87	32,68	1472,58
1635	17.07.2025 19:44:14	5,17	17,67	33,83	32,68	1472,69
1636	17.07.2025 19:44:15	5,17	17,68	33,83	32,68	1472,69
1637	17.07.2025 19:44:16	5,17	17,70	33,83	32,68	1472,69
1638	17.07.2025 19:44:17	5,17	17,72	33,83	32,68	1472,69
1639	17.07.2025 19:44:18	5,17	17,75	33,83	32,68	1472,70
1640	17.07.2025 19:44:19	5,17	17,77	33,86	32,70	1472,74
1641	17.07.2025 19:44:20	5,21	17,79	33,86	32,73	1472,88
1642	17.07.2025 19:44:21	5,21	17,81	33,86	32,73	1472,89
1643	17.07.2025 19:44:22	5,21	17,83	33,86	32,73	1472,89
1644	17.07.2025 19:44:23	5,21	17,84	33,89	32,76	1472,93
1645	17.07.2025 19:44:24	5,21	17,86	33,89	32,76	1472,93
1646	17.07.2025 19:44:25	5,24	17,90	33,88	32,79	1473,08
1647	17.07.2025 19:44:26	5,24	17,92	33,91	32,81	1473,12
1648	17.07.2025 19:44:27	5,24	17,93	33,91	32,81	1473,12
1649	17.07.2025 19:44:28	5,24	17,97	33,94	32,84	1473,17
1650	17.07.2025 19:44:29	5,28	17,99	33,91	32,84	1473,27
1651	17.07.2025 19:44:30	5,28	18,01	33,91	32,84	1473,27
1652	17.07.2025 19:44:31	5,28	18,02	33,94	32,87	1473,32
1653	17.07.2025 19:44:32	5,28	18,04	33,94	32,87	1473,32
1654	17.07.2025 19:44:33	5,31	18,06	33,93	32,89	1473,46
1655	17.07.2025 19:44:34	5,31	18,08	33,97	32,92	1473,50
1656	17.07.2025 19:44:35	5,31	18,09	33,97	32,92	1473,50
1657	17.07.2025 19:44:36	5,35	18,11	33,96	32,95	1473,65
1658	17.07.2025 19:44:37	5,35	18,15	33,99	32,98	1473,69
1659	17.07.2025 19:44:38	5,35	18,17	34,05	33,03	1473,77
1660	17.07.2025 19:44:39	5,39	18,17	34,05	33,06	1473,91
1661	17.07.2025 19:44:40	5,42	18,20	34,01	33,06	1474,01
1662	17.07.2025 19:44:41	5,42	18,22	34,04	33,08	1474,06
1663	17.07.2025 19:44:42	5,42	18,24	34,04	33,08	1474,06
1664	17.07.2025 19:44:43	5,46	18,26	34,01	33,08	1474,16
1665	17.07.2025 19:44:44	5,46	18,28	34,04	33,11	1474,20
1666	17.07.2025 19:44:45	5,46	18,29	34,04	33,11	1474,21
1667	17.07.2025 19:44:46	5,49	18,31	34,03	33,14	1474,35
1668	17.07.2025 19:44:47	5,49	18,33	34,03	33,14	1474,35
1669	17.07.2025 19:44:48	5,49	18,35	34,06	33,17	1474,39
1670	17.07.2025 19:44:49	5,49	18,37	34,06	33,17	1474,39
1671	17.07.2025 19:44:50	5,53	18,39	34,03	33,17	1474,49
1672	17.07.2025 19:44:51	5,53	18,39	34,03	33,17	1474,49
1673	17.07.2025 19:44:52	5,53	18,40	34,06	33,19	1474,54
1674	17.07.2025 19:44:53	5,53	18,44	34,06	33,19	1474,54
1675	17.07.2025 19:44:54	5,56	18,46	34,02	33,19	1474,64
1676	17.07.2025 19:44:55	5,56	18,46	34,02	33,19	1474,64
1677	17.07.2025 19:44:56	5,56	18,47	34,05	33,22	1474,68
1678	17.07.2025 19:44:57	5,56	18,49	34,05	33,22	1474,69
1679	17.07.2025 19:44:58	5,56	18,51	34,05	33,22	1474,69
1680	17.07.2025 19:44:59	5,60	18,55	34,02	33,22	1474,79
1681	17.07.2025 19:45:00	5,60	18,55	34,02	33,22	1474,79
1682	17.07.2025 19:45:01	5,60	18,56	34,05	33,25	1474,83
1683	17.07.2025 19:45:02	5,60	18,58	34,05	33,25	1474,84
1684	17.07.2025 19:45:03	5,60	18,58	34,05	33,25	1474,84
1685	17.07.2025 19:45:04	5,63	18,62	34,02	33,25	1474,94
1686	17.07.2025 19:45:05	5,63	18,64	34,01	33,25	1474,94
1687	17.07.2025 19:45:06	5,63	18,65	34,01	33,25	1474,95
1688	17.07.2025 19:45:07	5,63	18,67	34,05	33,28	1474,99
1689	17.07.2025 19:45:08	5,63	18,69	34,04	33,28	1474,99
1690	17.07.2025 19:45:09	5,63	18,71	34,04	33,28	1474,99
1691	17.07.2025 19:45:10	5,67	18,72	34,04	33,30	1475,13
1692	17.07.2025 19:45:11	5,67	18,74	34,04	33,30	1475,14
1693	17.07.2025 19:45:12	5,67	18,76	34,04	33,30	1475,14
1694	17.07.2025 19:45:13	5,67	18,79	34,04	33,30	1475,14
1695	17.07.2025 19:45:14	5,67	18,78	34,04	33,30	1475,14
1696	17.07.2025 19:45:15	5,70	18,83	34,01	33,30	1475,25
1697	17.07.2025 19:45:16	5,70	18,83	34,01	33,30	1475,25
1698	17.07.2025 19:45:17	5,70	18,85	34,04	33,33	1475,29
1699	17.07.2025 19:45:18	5,70	18,87	34,04	33,33	1475,29
1700	17.07.2025 19:45:19	5,70	18,88	34,04	33,33	1475,29
1701	17.07.2025 19:45:20	5,74	18,90	34,00	33,33	1475,39
1702	17.07.2025 19:45:21	5,74	18,94	34,00	33,33	1475,40
1703	17.07.2025 19:45:22	5,74	18,96	34,03	33,36	1475,44
1704	17.07.2025 19:45:23	5,74	18,96	34,06	33,39	1475,48
1705	17.07.2025 19:45:24	5,74	18,99	34,06	33,39	1475,49
1706	17.07.2025 19:45:25	5,77	19,01	34,03	33,39	1475,59
1707	17.07.2025 19:45:26	5,77	19,03	34,06	33,41	1475,63
1708	17.07.2025 19:45:27	5,77	19,05	34,06	33,41	1475,63
1709	17.07.2025 19:45:28	5,77	19,06	34,06	33,41	1475,63
1710	17.07.2025 19:45:29	5,77	19,08	34,06	33,41	1475,64
1711	17.07.2025 19:45:30	5,81	19,10	34,02	33,41	1475,74
1712	17.07.2025 19:45:31	5,81	19,12	34,02	33,41	1475,74
1713	17.07.2025 19:45:32	5,81	19,13	34,02	33,41	1475,74
1714	17.07.2025 19:45:33	5,81	19,15	34,02	33,41	1475,74
1715	17.07.2025 19:45:34	5,81	19,19	34,02	33,41	1475,75
1716	17.07.2025 19:45:35	5,81	19,20	34,02	33,41	1475,75
1717	17.07.2025 19:45:36	5,81	19,20	34,02	33,41	1475,75
1718	17.07.2025 19:45:37	5,81	19,22	34,02	33,41	1475,75
1719	17.07.2025 19:45:38	5,84	19,24	33,99	33,42	1475,85
1720	17.07.2025 19:45:39	5,84	19,26	33,99	33,42	1475,86
1721	17.07.2025 19:45:40	5,84	19,29	33,99	33,42	1475,86
1722	17.07.2025 19:45:41	5,84	19,31	33,99	33,42	1475,87
1723	17.07.2025 19:45:42	5,84	19,33	34,02	33,44	1475,91
1724	17.07.2025 19:45:43	5,84	19,33	34,02	33,44	1475,91
1725	17.07.2025 19:45:44	5,84	19,36	34,02	33,44	1475,91
1726	17.07.2025 19:45:45	5,84	19,38	34,05	33,47	1475,95
1727	17.07.2025 19:45:46	5,84	19,40	34,05	33,47	1475,96
1728	17.07.2025 19:45:47	5,84	19,42	34,05	33,47	1475,96
1729	17.07.2025 19:45:48	5,88	19,44	34,04	33,50	1476,10
1730	17.07.2025 19:45:49	5,88	19,45	34,04	33,50	1476,10
1731	17.07.2025 19:45:50	5,88	19,45	34,04	33,50	1476,10
1732	17.07.2025 19:45:51	5,88	19,47	34,04	33,50	1476,10
1733	17.07.2025 19:45:52	5,88	19,51	34,04	33,50	1476,11
1734	17.07.2025 19:45:53	5,91	19,52	34,01	33,50	1476,21
1735	17.07.2025 19:45:54	5,91	19,54	34,01	33,50	1476,21
1736	17.07.2025 19:45:55	5,91	19,56	34,01	33,50	1476,21
1737	17.07.2025 19:45:56	5,91	19,58	34,01	33,50	1476,22
1738	17.07.2025 19:45:57	5,91	19,59	34,01	33,50	1476,22
1739	17.07.2025 19:45:58	5,91	19,61	34,01	33,50	1476,22
1740	17.07.2025 19:45:59	5,91	19,63	34,01	33,50	1476,22
1741	17.07.2025 19:46:00	5,91	19,65	34,04	33,52	1476,27
1742	17.07.2025 19:46:01	5,91	19,66	34,04	33,52	1476,27
1743	17.07.2025 19:46:02	5,91	19,70	34,07	33,55	1476,31
1744	17.07.2025 19:46:03	5,95	19,74	34,06	33,58	1476,45
1745	17.07.2025 19:46:04	5,95	19,74	34,06	33,58	1476,45
1746	17.07.2025 19:46:05	5,95	19,74	34,09	33,60	1476,49
1747	17.07.2025 19:46:06	5,95	19,75	34,09	33,60	1476,49
1748	17.07.2025 19:46:07	5,98	19,79	34,06	33,61	1476,60
1749	17.07.2025 19:46:08	5,98	19,81	34,06	33,61	1476,60
1750	17.07.2025 19:46:09	5,98	19,83	34,06	33,61	1476,60
1751	17.07.2025 19:46:10	5,98	19,84	34,06	33,61	1476,60
1752	17.07.2025 19:46:11	5,98	19,88	34,06	33,61	1476,61
1753	17.07.2025 19:46:12	5,98	19,88	34,06	33,61	1476,61
1754	17.07.2025 19:46:13	5,98	19,91	34,03	33,58	1476,58
1755	17.07.2025 19:46:14	5,98	19,91	33,97	33,53	1476,50
1756	17.07.2025 19:46:15	5,98	19,93	33,97	33,53	1476,50
1757	17.07.2025 19:46:16	5,98	19,95	33,97	33,53	1476,51
1758	17.07.2025 19:46:17	5,98	19,98	33,97	33,53	1476,51
1759	17.07.2025 19:46:18	5,98	20,00	33,97	33,53	1476,51
1760	17.07.2025 19:46:19	5,98	20,00	33,97	33,53	1476,51
1761	17.07.2025 19:46:20	5,98	20,04	33,97	33,53	1476,52
1762	17.07.2025 19:46:21	5,95	20,05	34,00	33,53	1476,43
1763	17.07.2025 19:46:22	5,95	20,07	34,00	33,52	1476,43
1764	17.07.2025 19:46:23	5,98	20,09	33,97	33,53	1476,53
1765	17.07.2025 19:46:24	5,95	20,10	34,00	33,52	1476,43
1766	17.07.2025 19:46:25	5,98	20,11	33,97	33,53	1476,53
1767	17.07.2025 19:46:26	5,98	20,14	33,97	33,53	1476,54
1768	17.07.2025 19:46:27	5,95	20,16	34,00	33,53	1476,44
1769	17.07.2025 19:46:28	5,98	20,18	33,97	33,53	1476,54
1770	17.07.2025 19:46:29	5,98	20,19	33,97	33,53	1476,54
1771	17.07.2025 19:46:30	5,98	20,21	33,97	33,53	1476,55
1772	17.07.2025 19:46:31	5,98	20,23	34,00	33,55	1476,59
1773	17.07.2025 19:46:32	5,98	20,25	34,00	33,55	1476,59
1774	17.07.2025 19:46:33	5,98	20,28	34,00	33,55	1476,60
1775	17.07.2025 19:46:34	5,98	20,28	34,00	33,55	1476,60
1776	17.07.2025 19:46:35	5,98	20,32	34,00	33,55	1476,60
1777	17.07.2025 19:46:36	5,98	20,33	34,00	33,55	1476,60
1778	17.07.2025 19:46:37	5,98	20,33	34,00	33,55	1476,60
1779	17.07.2025 19:46:38	5,98	20,35	34,00	33,55	1476,61
1780	17.07.2025 19:46:39	5,98	20,39	34,00	33,55	1476,61
1781	17.07.2025 19:46:40	5,98	20,40	33,99	33,55	1476,61
1782	17.07.2025 19:46:41	5,98	20,42	33,99	33,55	1476,62
1783	17.07.2025 19:46:42	5,98	20,44	33,99	33,55	1476,62
1784	17.07.2025 19:46:43	5,98	20,46	33,99	33,55	1476,62
1785	17.07.2025 19:46:44	5,98	20,47	33,96	33,53	1476,59
1786	17.07.2025 19:46:45	5,98	20,49	33,96	33,53	1476,59
1787	17.07.2025 19:46:46	5,98	20,51	33,96	33,53	1476,59
1788	17.07.2025 19:46:47	5,98	20,53	33,96	33,53	1476,60
1789	17.07.2025 19:46:48	5,98	20,53	33,99	33,55	1476,63
1790	17.07.2025 19:46:49	5,98	20,54	33,96	33,53	1476,60
1791	17.07.2025 19:46:50	5,98	20,56	33,96	33,53	1476,60
1792	17.07.2025 19:46:51	5,98	20,60	33,96	33,53	1476,61
1793	17.07.2025 19:46:52	5,98	20,60	33,99	33,55	1476,64
1794	17.07.2025 19:46:53	5,98	20,61	33,96	33,53	1476,61
1795	17.07.2025 19:46:54	5,98	20,63	33,96	33,53	1476,61
1796	17.07.2025 19:46:55	5,98	20,65	33,96	33,53	1476,61
1797	17.07.2025 19:46:56	5,98	20,68	33,96	33,53	1476,62
1798	17.07.2025 19:46:57	5,98	20,68	33,96	33,53	1476,62
1799	17.07.2025 19:46:58	5,98	20,70	33,96	33,53	1476,62
1800	17.07.2025 19:46:59	5,98	20,72	33,96	33,53	1476,63
1801	17.07.2025 19:47:00	5,98	20,74	33,96	33,53	1476,63
1802	17.07.2025 19:47:01	5,98	20,75	33,96	33,53	1476,63
1803	17.07.2025 19:47:02	5,98	20,77	33,96	33,53	1476,63
1804	17.07.2025 19:47:03	5,98	20,79	33,99	33,55	1476,68
1805	17.07.2025 19:47:04	5,98	20,81	33,99	33,55	1476,68
1806	17.07.2025 19:47:05	5,98	20,84	33,99	33,55	1476,68
1807	17.07.2025 19:47:06	5,98	20,84	33,99	33,55	1476,68
1808	17.07.2025 19:47:07	5,98	20,88	33,96	33,53	1476,65
1809	17.07.2025 19:47:08	5,98	20,88	33,96	33,53	1476,65
1810	17.07.2025 19:47:09	5,98	20,89	33,99	33,55	1476,69
1811	17.07.2025 19:47:10	5,98	20,91	34,02	33,58	1476,73
1812	17.07.2025 19:47:11	5,98	20,95	34,02	33,58	1476,74
1813	17.07.2025 19:47:12	5,98	20,95	34,02	33,58	1476,74
1814	17.07.2025 19:47:13	5,98	20,96	34,02	33,58	1476,74
1815	17.07.2025 19:47:14	5,98	21,00	34,02	33,58	1476,75
1816	17.07.2025 19:47:15	5,98	21,00	34,05	33,61	1476,78
1817	17.07.2025 19:47:16	6,02	21,02	33,99	33,58	1476,85
1818	17.07.2025 19:47:17	6,02	21,04	33,99	33,58	1476,85
1819	17.07.2025 19:47:18	6,02	21,05	33,99	33,58	1476,85
1820	17.07.2025 19:47:19	6,02	21,07	33,99	33,58	1476,85
1821	17.07.2025 19:47:20	6,02	21,09	33,99	33,58	1476,86
1822	17.07.2025 19:47:21	5,98	21,10	34,05	33,61	1476,80
1823	17.07.2025 19:47:22	5,98	21,12	34,02	33,58	1476,77
1824	17.07.2025 19:47:23	5,98	21,14	34,02	33,58	1476,77
1825	17.07.2025 19:47:24	5,98	21,16	34,02	33,58	1476,77
1826	17.07.2025 19:47:25	5,98	21,17	34,02	33,58	1476,77
1827	17.07.2025 19:47:26	5,98	21,19	34,02	33,58	1476,78
1828	17.07.2025 19:47:27	5,98	21,21	34,02	33,58	1476,78
1829	17.07.2025 19:47:28	5,98	21,23	34,02	33,58	1476,78
1830	17.07.2025 19:47:29	5,98	21,24	33,99	33,55	1476,75
1831	17.07.2025 19:47:30	5,98	21,26	33,96	33,53	1476,71
1832	17.07.2025 19:47:31	5,98	21,26	33,96	33,53	1476,71
1833	17.07.2025 19:47:32	5,98	21,30	33,96	33,53	1476,72
1834	17.07.2025 19:47:33	5,98	21,31	33,96	33,53	1476,72
1835	17.07.2025 19:47:34	5,98	21,35	33,99	33,55	1476,76
1836	17.07.2025 19:47:35	5,98	21,35	33,99	33,55	1476,76
1837	17.07.2025 19:47:36	5,98	21,35	33,99	33,55	1476,76
1838	17.07.2025 19:47:37	5,98	21,38	33,99	33,55	1476,77
1839	17.07.2025 19:47:38	5,98	21,40	34,02	33,58	1476,81
1840	17.07.2025 19:47:39	5,98	21,42	33,99	33,55	1476,77
1841	17.07.2025 19:47:40	5,98	21,44	34,02	33,58	1476,81
1842	17.07.2025 19:47:41	5,98	21,45	34,02	33,58	1476,82
1843	17.07.2025 19:47:42	5,98	21,47	34,02	33,58	1476,82
1844	17.07.2025 19:47:43	5,98	21,49	34,02	33,58	1476,82
1845	17.07.2025 19:47:44	5,98	21,49	34,02	33,58	1476,82
1846	17.07.2025 19:47:45	5,98	21,51	34,02	33,58	1476,83
1847	17.07.2025 19:47:46	5,98	21,52	34,02	33,58	1476,83
1848	17.07.2025 19:47:47	5,98	21,54	34,02	33,58	1476,83
1849	17.07.2025 19:47:48	5,98	21,58	34,02	33,58	1476,84
1850	17.07.2025 19:47:49	5,98	21,58	34,02	33,58	1476,84
1851	17.07.2025 19:47:50	5,98	21,59	34,02	33,58	1476,84
1852	17.07.2025 19:47:51	5,98	21,63	34,02	33,58	1476,84
1853	17.07.2025 19:47:52	5,98	21,63	34,02	33,58	1476,84
1854	17.07.2025 19:47:53	5,98	21,65	34,02	33,58	1476,85
1855	17.07.2025 19:47:54	5,98	21,66	34,02	33,58	1476,85
1856	17.07.2025 19:47:55	5,98	21,68	34,02	33,58	1476,85
1857	17.07.2025 19:47:56	5,98	21,70	34,02	33,58	1476,86
1858	17.07.2025 19:47:57	5,98	21,72	34,05	33,61	1476,90
1859	17.07.2025 19:47:58	5,98	21,75	34,05	33,61	1476,90
1860	17.07.2025 19:47:59	5,98	21,75	34,05	33,61	1476,90
1861	17.07.2025 19:48:00	5,98	21,77	34,05	33,61	1476,90
1862	17.07.2025 19:48:01	5,98	21,79	34,05	33,61	1476,91
1863	17.07.2025 19:48:02	5,98	21,80	34,08	33,63	1476,95
1864	17.07.2025 19:48:03	5,98	21,82	34,08	33,63	1476,95
1865	17.07.2025 19:48:04	5,98	21,84	34,05	33,61	1476,92
1866	17.07.2025 19:48:05	5,98	21,86	34,08	33,63	1476,96
1867	17.07.2025 19:48:06	5,98	21,89	34,08	33,63	1476,96
1868	17.07.2025 19:48:07	5,98	21,91	34,08	33,63	1476,97
1869	17.07.2025 19:48:08	6,02	21,93	34,04	33,63	1477,06
1870	17.07.2025 19:48:09	6,02	21,95	34,04	33,63	1477,07
1871	17.07.2025 19:48:10	6,02	21,96	34,04	33,63	1477,07
1872	17.07.2025 19:48:11	6,02	21,98	34,04	33,63	1477,07
1873	17.07.2025 19:48:12	6,02	21,96	34,07	33,66	1477,11
1874	17.07.2025 19:48:13	6,02	22,02	34,04	33,63	1477,08
1875	17.07.2025 19:48:14	6,02	22,02	34,04	33,63	1477,08
1876	17.07.2025 19:48:15	6,02	22,03	34,07	33,66	1477,12
1877	17.07.2025 19:48:16	6,02	22,05	34,07	33,66	1477,12
1878	17.07.2025 19:48:17	6,02	22,07	34,07	33,66	1477,12
1879	17.07.2025 19:48:18	6,02	22,09	34,07	33,66	1477,13
1880	17.07.2025 19:48:19	6,02	22,10	34,07	33,66	1477,13
1881	17.07.2025 19:48:20	6,02	22,12	34,07	33,66	1477,13
1882	17.07.2025 19:48:21	6,02	22,14	34,07	33,66	1477,14
1883	17.07.2025 19:48:22	6,02	22,16	34,07	33,66	1477,14
1884	17.07.2025 19:48:23	6,02	22,19	34,07	33,66	1477,14
1885	17.07.2025 19:48:24	6,02	22,19	34,07	33,66	1477,14
1886	17.07.2025 19:48:25	6,02	22,19	34,07	33,66	1477,14
1887	17.07.2025 19:48:26	6,02	22,24	34,10	33,69	1477,19
1888	17.07.2025 19:48:27	6,02	22,24	34,10	33,69	1477,19
1889	17.07.2025 19:48:28	6,02	22,26	34,10	33,69	1477,19
1890	17.07.2025 19:48:29	6,02	22,28	34,10	33,69	1477,20
1891	17.07.2025 19:48:30	6,02	22,30	34,10	33,69	1477,20
1892	17.07.2025 19:48:31	6,02	22,31	34,13	33,71	1477,24
1893	17.07.2025 19:48:32	6,02	22,33	34,13	33,71	1477,24
1894	17.07.2025 19:48:33	6,02	22,35	34,13	33,71	1477,24
1895	17.07.2025 19:48:34	6,02	22,37	34,13	33,71	1477,25
1896	17.07.2025 19:48:35	6,02	22,38	34,13	33,71	1477,25
1897	17.07.2025 19:48:36	6,02	22,40	34,13	33,71	1477,25
1898	17.07.2025 19:48:37	6,05	22,44	34,10	33,71	1477,35
1899	17.07.2025 19:48:38	6,05	22,46	34,10	33,71	1477,36
1900	17.07.2025 19:48:39	6,05	22,47	34,10	33,71	1477,36
1901	17.07.2025 19:48:40	6,05	22,49	34,13	33,74	1477,40
1902	17.07.2025 19:48:41	6,05	22,49	34,13	33,74	1477,40
1903	17.07.2025 19:48:42	6,05	22,51	34,13	33,74	1477,40
1904	17.07.2025 19:48:43	6,05	22,54	34,13	33,74	1477,41
1905	17.07.2025 19:48:44	6,05	22,56	34,13	33,74	1477,41
1906	17.07.2025 19:48:45	6,05	22,58	34,13	33,74	1477,41
1907	17.07.2025 19:48:46	6,05	22,58	34,13	33,74	1477,41
1908	17.07.2025 19:48:47	6,05	22,61	34,13	33,74	1477,42
1909	17.07.2025 19:48:48	6,05	22,63	34,13	33,74	1477,42
1910	17.07.2025 19:48:49	6,05	22,65	34,13	33,74	1477,43
1911	17.07.2025 19:48:50	6,05	22,65	34,13	33,74	1477,43
1912	17.07.2025 19:48:51	6,05	22,68	34,12	33,74	1477,43
1913	17.07.2025 19:48:52	6,05	22,70	34,12	33,74	1477,43
1914	17.07.2025 19:48:53	6,05	22,74	34,15	33,77	1477,48
1915	17.07.2025 19:48:54	6,05	22,74	34,15	33,77	1477,48
1916	17.07.2025 19:48:55	6,05	22,75	34,15	33,77	1477,48
1917	17.07.2025 19:48:56	6,05	22,77	34,15	33,77	1477,48
1918	17.07.2025 19:48:57	6,05	22,79	34,15	33,77	1477,49
1919	17.07.2025 19:48:58	6,05	22,81	34,15	33,77	1477,49
1920	17.07.2025 19:48:59	6,05	22,84	34,15	33,77	1477,49
1921	17.07.2025 19:49:00	6,05	22,84	34,15	33,77	1477,49
1922	17.07.2025 19:49:01	6,05	22,86	34,15	33,77	1477,50
1923	17.07.2025 19:49:02	6,09	22,88	34,12	33,77	1477,60
1924	17.07.2025 19:49:03	6,09	22,90	34,12	33,77	1477,60
1925	17.07.2025 19:49:04	6,09	22,91	34,12	33,77	1477,60
1926	17.07.2025 19:49:05	6,09	22,93	34,12	33,77	1477,60
1927	17.07.2025 19:49:06	6,09	22,95	34,12	33,77	1477,61
1928	17.07.2025 19:49:07	6,09	22,97	34,12	33,77	1477,61
1929	17.07.2025 19:49:08	6,09	22,98	34,12	33,77	1477,61
1930	17.07.2025 19:49:09	6,09	23,00	34,12	33,77	1477,61
1931	17.07.2025 19:49:10	6,09	23,02	34,15	33,79	1477,66
1932	17.07.2025 19:49:11	6,09	23,04	34,15	33,79	1477,66
1933	17.07.2025 19:49:12	6,09	23,05	34,15	33,79	1477,66
1934	17.07.2025 19:49:13	6,09	23,07	34,15	33,79	1477,66
1935	17.07.2025 19:49:14	6,09	23,11	34,15	33,79	1477,67
1936	17.07.2025 19:49:15	6,09	23,11	34,15	33,79	1477,67
1937	17.07.2025 19:49:16	6,09	23,14	34,15	33,79	1477,67
1938	17.07.2025 19:49:17	6,09	23,14	34,15	33,79	1477,67
1939	17.07.2025 19:49:18	6,09	23,16	34,15	33,79	1477,68
1940	17.07.2025 19:49:19	6,09	23,18	34,15	33,79	1477,68
1941	17.07.2025 19:49:20	6,09	23,19	34,15	33,79	1477,68
1942	17.07.2025 19:49:21	6,09	23,21	34,18	33,82	1477,72
1943	17.07.2025 19:49:22	6,09	23,23	34,18	33,82	1477,73
1944	17.07.2025 19:49:23	6,09	23,23	34,18	33,82	1477,73
1945	17.07.2025 19:49:24	6,09	23,26	34,18	33,82	1477,73
1946	17.07.2025 19:49:25	6,09	23,30	34,18	33,82	1477,74
1947	17.07.2025 19:49:26	6,12	23,30	34,14	33,82	1477,83
1948	17.07.2025 19:49:27	6,12	23,32	34,17	33,85	1477,87
1949	17.07.2025 19:49:28	6,12	23,34	34,17	33,85	1477,88
1950	17.07.2025 19:49:29	6,12	23,35	34,17	33,85	1477,88
1951	17.07.2025 19:49:30	6,12	23,37	34,17	33,85	1477,88
1952	17.07.2025 19:49:31	6,12	23,39	34,20	33,88	1477,92
1953	17.07.2025 19:49:32	6,12	23,42	34,20	33,88	1477,93
1954	17.07.2025 19:49:33	6,12	23,42	34,20	33,88	1477,93
1955	17.07.2025 19:49:34	6,12	23,44	34,23	33,90	1477,97
1956	17.07.2025 19:49:35	6,12	23,48	34,20	33,88	1477,94
1957	17.07.2025 19:49:36	6,16	23,48	34,20	33,90	1478,07
1958	17.07.2025 19:49:37	6,16	23,51	34,20	33,90	1478,08
1959	17.07.2025 19:49:38	6,16	23,51	34,20	33,90	1478,08
1960	17.07.2025 19:49:39	6,16	23,53	34,20	33,90	1478,08
1961	17.07.2025 19:49:40	6,16	23,55	34,23	33,93	1478,12
1962	17.07.2025 19:49:41	6,16	23,57	34,20	33,90	1478,08
1963	17.07.2025 19:49:42	6,16	23,58	34,23	33,93	1478,13
1964	17.07.2025 19:49:43	6,16	23,60	34,20	33,90	1478,09
1965	17.07.2025 19:49:44	6,16	23,62	34,23	33,93	1478,13
1966	17.07.2025 19:49:45	6,16	23,62	34,23	33,93	1478,13
1967	17.07.2025 19:49:46	6,16	23,64	34,23	33,93	1478,13
1968	17.07.2025 19:49:47	6,19	23,67	34,19	33,93	1478,23
1969	17.07.2025 19:49:48	6,19	23,69	34,19	33,93	1478,24
1970	17.07.2025 19:49:49	6,19	23,69	34,19	33,93	1478,24
1971	17.07.2025 19:49:50	6,19	23,72	34,16	33,90	1478,20
1972	17.07.2025 19:49:51	6,19	23,72	34,16	33,90	1478,20
1973	17.07.2025 19:49:52	6,19	23,76	34,16	33,90	1478,21
1974	17.07.2025 19:49:53	6,19	23,78	34,19	33,93	1478,25
1975	17.07.2025 19:49:54	6,19	23,79	34,19	33,93	1478,25
1976	17.07.2025 19:49:55	6,19	23,79	34,19	33,93	1478,25
1977	17.07.2025 19:49:56	6,19	23,81	34,19	33,93	1478,26
1978	17.07.2025 19:49:57	6,19	23,83	34,19	33,93	1478,26
1979	17.07.2025 19:49:58	6,19	23,86	34,19	33,93	1478,26
1980	17.07.2025 19:49:59	6,19	23,88	34,19	33,93	1478,27
1981	17.07.2025 19:50:00	6,19	23,88	34,19	33,93	1478,27
1982	17.07.2025 19:50:01	6,19	23,90	34,19	33,93	1478,27
1983	17.07.2025 19:50:02	6,19	23,93	34,19	33,93	1478,28
1984	17.07.2025 19:50:03	6,19	23,93	34,19	33,93	1478,28
1985	17.07.2025 19:50:04	6,19	23,95	34,19	33,93	1478,28
1986	17.07.2025 19:50:05	6,19	23,97	34,19	33,93	1478,28
1987	17.07.2025 19:50:06	6,19	23,99	34,22	33,96	1478,32
1988	17.07.2025 19:50:07	6,19	24,00	34,22	33,96	1478,32
1989	17.07.2025 19:50:08	6,19	24,04	34,22	33,96	1478,33
1990	17.07.2025 19:50:09	6,19	24,04	34,22	33,96	1478,33
1991	17.07.2025 19:50:10	6,19	24,07	34,22	33,96	1478,34
1992	17.07.2025 19:50:11	6,19	24,09	34,22	33,96	1478,34
1993	17.07.2025 19:50:12	6,19	24,09	34,22	33,96	1478,34
1994	17.07.2025 19:50:13	6,19	24,11	34,22	33,96	1478,34
1995	17.07.2025 19:50:14	6,19	24,11	34,22	33,96	1478,34
1996	17.07.2025 19:50:15	6,19	24,14	34,22	33,96	1478,35
1997	17.07.2025 19:50:16	6,19	24,18	34,22	33,96	1478,35
1998	17.07.2025 19:50:17	6,19	24,16	34,22	33,96	1478,35
1999	17.07.2025 19:50:18	6,19	24,18	34,25	33,98	1478,39
2000	17.07.2025 19:50:19	6,23	24,22	34,19	33,96	1478,45
2001	17.07.2025 19:50:20	6,23	24,22	34,22	33,99	1478,49
2002	17.07.2025 19:50:21	6,23	24,23	34,22	33,99	1478,49
2003	17.07.2025 19:50:22	6,23	24,27	34,22	33,99	1478,50
2004	17.07.2025 19:50:23	6,23	24,27	34,22	33,99	1478,50
2005	17.07.2025 19:50:24	6,23	24,29	34,22	33,99	1478,50
2006	17.07.2025 19:50:25	6,23	24,30	34,22	33,99	1478,50
2007	17.07.2025 19:50:26	6,23	24,32	34,22	33,99	1478,51
2008	17.07.2025 19:50:27	6,23	24,34	34,22	33,99	1478,51
2009	17.07.2025 19:50:28	6,23	24,36	34,22	33,99	1478,51
2010	17.07.2025 19:50:29	6,23	24,37	34,22	33,99	1478,52
2011	17.07.2025 19:50:30	6,23	24,39	34,22	33,99	1478,52
2012	17.07.2025 19:50:31	6,23	24,39	34,22	33,99	1478,52
2013	17.07.2025 19:50:32	6,23	24,43	34,24	34,01	1478,56
2014	17.07.2025 19:50:33	6,23	24,44	34,24	34,01	1478,56
2015	17.07.2025 19:50:34	6,23	24,44	34,24	34,01	1478,56
2016	17.07.2025 19:50:35	6,23	24,46	34,24	34,01	1478,57
2017	17.07.2025 19:50:36	6,23	24,48	34,24	34,01	1478,57
2018	17.07.2025 19:50:37	6,23	24,50	34,24	34,01	1478,57
2019	17.07.2025 19:50:38	6,23	24,51	34,24	34,01	1478,58
2020	17.07.2025 19:50:39	6,26	24,53	34,21	34,01	1478,67
2021	17.07.2025 19:50:40	6,26	24,57	34,21	34,01	1478,68
2022	17.07.2025 19:50:41	6,26	24,57	34,24	34,04	1478,72
2023	17.07.2025 19:50:42	6,26	24,59	34,24	34,04	1478,72
2024	17.07.2025 19:50:43	6,26	24,60	34,27	34,07	1478,76
2025	17.07.2025 19:50:44	6,26	24,62	34,27	34,07	1478,76
2026	17.07.2025 19:50:45	6,26	24,64	34,24	34,04	1478,73
2027	17.07.2025 19:50:46	6,26	24,66	34,24	34,04	1478,73
2028	17.07.2025 19:50:47	6,26	24,67	34,27	34,07	1478,77
2029	17.07.2025 19:50:48	6,26	24,67	34,27	34,07	1478,77
2030	17.07.2025 19:50:49	6,26	24,71	34,27	34,07	1478,78
2031	17.07.2025 19:50:50	6,26	24,73	34,27	34,07	1478,78
2032	17.07.2025 19:50:51	6,26	24,73	34,27	34,07	1478,78
2033	17.07.2025 19:50:52	6,26	24,74	34,27	34,07	1478,78
2034	17.07.2025 19:50:53	6,26	24,76	34,27	34,07	1478,78
2035	17.07.2025 19:50:54	6,26	24,78	34,27	34,07	1478,79
2036	17.07.2025 19:50:55	6,30	24,80	34,23	34,07	1478,88
2037	17.07.2025 19:50:56	6,30	24,82	34,26	34,09	1478,93
2038	17.07.2025 19:50:57	6,30	24,83	34,26	34,09	1478,93
2039	17.07.2025 19:50:58	6,30	24,85	34,26	34,09	1478,93
2040	17.07.2025 19:50:59	6,30	24,87	34,26	34,09	1478,93
2041	17.07.2025 19:51:00	6,30	24,89	34,26	34,09	1478,94
2042	17.07.2025 19:51:01	6,30	24,90	34,26	34,09	1478,94
2043	17.07.2025 19:51:02	6,30	24,92	34,26	34,09	1478,94
2044	17.07.2025 19:51:03	6,30	24,94	34,26	34,09	1478,95
2045	17.07.2025 19:51:04	6,30	24,96	34,26	34,09	1478,95
2046	17.07.2025 19:51:05	6,30	24,97	34,26	34,09	1478,95
2047	17.07.2025 19:51:06	6,30	24,99	34,26	34,09	1478,95
2048	17.07.2025 19:51:07	6,30	25,01	34,26	34,09	1478,96
2049	17.07.2025 19:51:08	6,30	25,01	34,26	34,09	1478,96
2050	17.07.2025 19:51:09	6,30	25,03	34,26	34,09	1478,96
2051	17.07.2025 19:51:10	6,30	25,04	34,26	34,09	1478,96
2052	17.07.2025 19:51:11	6,30	25,06	34,26	34,09	1478,96
2053	17.07.2025 19:51:12	6,30	25,08	34,26	34,09	1478,97
2054	17.07.2025 19:51:13	6,30	25,10	34,26	34,09	1478,97
2055	17.07.2025 19:51:14	6,30	25,10	34,26	34,09	1478,97
2056	17.07.2025 19:51:15	6,30	25,11	34,26	34,09	1478,97
2057	17.07.2025 19:51:16	6,30	25,15	34,26	34,09	1478,98
2058	17.07.2025 19:51:17	6,30	25,17	34,26	34,09	1478,98
2059	17.07.2025 19:51:18	6,30	25,18	34,26	34,09	1478,98
2060	17.07.2025 19:51:19	6,30	25,18	34,26	34,09	1478,98
2061	17.07.2025 19:51:20	6,30	25,20	34,26	34,09	1478,99
2062	17.07.2025 19:51:21	6,30	25,24	34,26	34,09	1478,99
2063	17.07.2025 19:51:22	6,30	25,25	34,26	34,09	1478,99
2064	17.07.2025 19:51:23	6,30	25,27	34,26	34,09	1479,00
2065	17.07.2025 19:51:24	6,30	25,27	34,26	34,09	1479,00
2066	17.07.2025 19:51:25	6,30	25,29	34,26	34,09	1479,00
2067	17.07.2025 19:51:26	6,30	25,32	34,26	34,09	1479,01
2068	17.07.2025 19:51:27	6,30	25,32	34,26	34,09	1479,01
2069	17.07.2025 19:51:28	6,30	25,34	34,29	34,12	1479,05
2070	17.07.2025 19:51:29	6,33	25,38	34,26	34,12	1479,15
2071	17.07.2025 19:51:30	6,33	25,40	34,26	34,12	1479,15
2072	17.07.2025 19:51:31	6,33	25,40	34,23	34,09	1479,11
2073	17.07.2025 19:51:32	6,33	25,43	34,26	34,12	1479,15
2074	17.07.2025 19:51:33	6,33	25,43	34,26	34,12	1479,15
2075	17.07.2025 19:51:34	6,33	25,45	34,26	34,12	1479,16
2076	17.07.2025 19:51:35	6,33	25,48	34,26	34,12	1479,16
2077	17.07.2025 19:51:36	6,33	25,48	34,26	34,12	1479,16
2078	17.07.2025 19:51:37	6,33	25,50	34,26	34,12	1479,17
2079	17.07.2025 19:51:38	6,33	25,52	34,26	34,12	1479,17
2080	17.07.2025 19:51:39	6,33	25,54	34,26	34,12	1479,17
2081	17.07.2025 19:51:40	6,33	25,55	34,26	34,12	1479,17
2082	17.07.2025 19:51:41	6,33	25,59	34,26	34,12	1479,18
2083	17.07.2025 19:51:42	6,33	25,59	34,26	34,12	1479,18
2084	17.07.2025 19:51:43	6,33	25,62	34,26	34,12	1479,18
2085	17.07.2025 19:51:44	6,33	25,62	34,29	34,15	1479,22
2086	17.07.2025 19:51:45	6,33	25,66	34,29	34,15	1479,23
2087	17.07.2025 19:51:46	6,33	25,66	34,29	34,15	1479,23
2088	17.07.2025 19:51:47	6,33	25,68	34,29	34,15	1479,23
2089	17.07.2025 19:51:48	6,33	25,69	34,29	34,15	1479,23
2090	17.07.2025 19:51:49	6,33	25,71	34,29	34,15	1479,24
2091	17.07.2025 19:51:50	6,33	25,73	34,29	34,15	1479,24
2092	17.07.2025 19:51:51	6,33	25,75	34,29	34,15	1479,24
2093	17.07.2025 19:51:52	6,33	25,76	34,29	34,15	1479,24
2094	17.07.2025 19:51:53	6,33	25,78	34,29	34,15	1479,25
2095	17.07.2025 19:51:54	6,33	25,78	34,29	34,15	1479,25
2096	17.07.2025 19:51:55	6,33	25,82	34,28	34,15	1479,25
2097	17.07.2025 19:51:56	6,33	25,82	34,28	34,15	1479,25
2098	17.07.2025 19:51:57	6,33	25,85	34,28	34,15	1479,26
2099	17.07.2025 19:51:58	6,33	25,87	34,28	34,15	1479,26
2100	17.07.2025 19:51:59	6,33	25,89	34,28	34,15	1479,26
2101	17.07.2025 19:52:00	6,33	25,90	34,28	34,15	1479,27
2102	17.07.2025 19:52:01	6,33	25,92	34,28	34,15	1479,27
2103	17.07.2025 19:52:02	6,33	25,94	34,28	34,15	1479,27
2104	17.07.2025 19:52:03	6,33	25,94	34,28	34,15	1479,27
2105	17.07.2025 19:52:04	6,33	25,96	34,28	34,15	1479,27
2106	17.07.2025 19:52:05	6,33	25,97	34,28	34,15	1479,28
2107	17.07.2025 19:52:06	6,33	25,99	34,28	34,15	1479,28
2108	17.07.2025 19:52:07	6,33	26,01	34,28	34,15	1479,28
2109	17.07.2025 19:52:08	6,37	26,03	34,28	34,18	1479,42
2110	17.07.2025 19:52:09	6,37	26,05	34,28	34,18	1479,42
2111	17.07.2025 19:52:10	6,37	26,08	34,28	34,18	1479,43
2112	17.07.2025 19:52:11	6,37	26,08	34,28	34,18	1479,43
2113	17.07.2025 19:52:12	6,37	26,10	34,28	34,18	1479,43
2114	17.07.2025 19:52:13	6,37	26,12	34,28	34,18	1479,43
2115	17.07.2025 19:52:14	6,37	26,13	34,28	34,18	1479,43
2116	17.07.2025 19:52:15	6,37	26,13	34,28	34,18	1479,43
2117	17.07.2025 19:52:16	6,37	26,15	34,28	34,18	1479,44
2118	17.07.2025 19:52:17	6,37	26,19	34,28	34,18	1479,44
2119	17.07.2025 19:52:18	6,37	26,19	34,28	34,18	1479,44
2120	17.07.2025 19:52:19	6,37	26,22	34,28	34,18	1479,45
2121	17.07.2025 19:52:20	6,37	26,24	34,28	34,18	1479,45
2122	17.07.2025 19:52:21	6,37	26,24	34,28	34,18	1479,45
2123	17.07.2025 19:52:22	6,37	26,26	34,28	34,18	1479,45
2124	17.07.2025 19:52:23	6,37	26,26	34,28	34,18	1479,45
2125	17.07.2025 19:52:24	6,37	26,29	34,28	34,18	1479,46
2126	17.07.2025 19:52:25	6,37	26,31	34,28	34,18	1479,46
2127	17.07.2025 19:52:26	6,37	26,31	34,28	34,18	1479,46
2128	17.07.2025 19:52:27	6,37	26,34	34,31	34,20	1479,51
2129	17.07.2025 19:52:28	6,37	26,34	34,28	34,18	1479,47
2130	17.07.2025 19:52:29	6,37	26,36	34,28	34,18	1479,47
2131	17.07.2025 19:52:30	6,37	26,38	34,28	34,18	1479,47
2132	17.07.2025 19:52:31	6,37	26,40	34,31	34,20	1479,51
2133	17.07.2025 19:52:32	6,37	26,41	34,31	34,20	1479,52
2134	17.07.2025 19:52:33	6,37	26,43	34,31	34,20	1479,52
2135	17.07.2025 19:52:34	6,37	26,45	34,31	34,20	1479,52
2136	17.07.2025 19:52:35	6,37	26,47	34,31	34,20	1479,52
2137	17.07.2025 19:52:36	6,37	26,48	34,31	34,20	1479,53
2138	17.07.2025 19:52:37	6,37	26,48	34,31	34,20	1479,53
2139	17.07.2025 19:52:38	6,37	26,52	34,31	34,20	1479,53
2140	17.07.2025 19:52:39	6,37	26,54	34,31	34,20	1479,54
2141	17.07.2025 19:52:40	6,37	26,54	34,31	34,20	1479,54
2142	17.07.2025 19:52:41	6,37	26,57	34,31	34,20	1479,54
2143	17.07.2025 19:52:42	6,37	26,57	34,31	34,20	1479,54
2144	17.07.2025 19:52:43	6,37	26,59	34,31	34,20	1479,54
2145	17.07.2025 19:52:44	6,37	26,61	34,31	34,20	1479,55
2146	17.07.2025 19:52:45	6,37	26,62	34,31	34,20	1479,55
2147	17.07.2025 19:52:46	6,37	26,62	34,31	34,20	1479,55
2148	17.07.2025 19:52:47	6,40	26,66	34,27	34,20	1479,65
2149	17.07.2025 19:52:48	6,37	26,66	34,31	34,20	1479,55
2150	17.07.2025 19:52:49	6,40	26,68	34,27	34,20	1479,65
2151	17.07.2025 19:52:50	6,40	26,71	34,27	34,20	1479,66
2152	17.07.2025 19:52:51	6,40	26,73	34,30	34,23	1479,70
2153	17.07.2025 19:52:52	6,40	26,73	34,27	34,20	1479,66
2154	17.07.2025 19:52:53	6,40	26,77	34,30	34,23	1479,70
2155	17.07.2025 19:52:54	6,40	26,77	34,30	34,23	1479,70
2156	17.07.2025 19:52:55	6,40	26,78	34,30	34,23	1479,71
2157	17.07.2025 19:52:56	6,40	26,80	34,30	34,23	1479,71
2158	17.07.2025 19:52:57	6,40	26,84	34,30	34,23	1479,71
2159	17.07.2025 19:52:58	6,40	26,84	34,30	34,23	1479,71
2160	17.07.2025 19:52:59	6,40	26,85	34,30	34,23	1479,72
2161	17.07.2025 19:53:00	6,40	26,87	34,30	34,23	1479,72
2162	17.07.2025 19:53:01	6,40	26,89	34,30	34,23	1479,72
2163	17.07.2025 19:53:02	6,40	26,92	34,30	34,23	1479,73
2164	17.07.2025 19:53:03	6,40	26,92	34,30	34,23	1479,73
2165	17.07.2025 19:53:04	6,40	26,94	34,30	34,23	1479,73
2166	17.07.2025 19:53:05	6,40	26,96	34,30	34,23	1479,73
2167	17.07.2025 19:53:06	6,40	26,98	34,30	34,23	1479,74
2168	17.07.2025 19:53:07	6,40	26,99	34,30	34,23	1479,74
2169	17.07.2025 19:53:08	6,40	27,01	34,30	34,23	1479,74
2170	17.07.2025 19:53:09	6,40	27,03	34,30	34,23	1479,74
2171	17.07.2025 19:53:10	6,40	27,06	34,33	34,26	1479,79
2172	17.07.2025 19:53:11	6,40	27,08	34,33	34,26	1479,79
2173	17.07.2025 19:53:12	6,40	27,08	34,33	34,26	1479,79
2174	17.07.2025 19:53:13	6,40	27,12	34,33	34,26	1479,80
2175	17.07.2025 19:53:14	6,40	27,13	34,33	34,26	1479,80
2176	17.07.2025 19:53:15	6,40	27,13	34,33	34,26	1479,80
2177	17.07.2025 19:53:16	6,40	27,15	34,33	34,26	1479,80
2178	17.07.2025 19:53:17	6,40	27,19	34,33	34,26	1479,81
2179	17.07.2025 19:53:18	6,40	27,19	34,33	34,26	1479,81
2180	17.07.2025 19:53:19	6,40	27,20	34,33	34,26	1479,81
2181	17.07.2025 19:53:20	6,40	27,22	34,33	34,26	1479,81
2182	17.07.2025 19:53:21	6,40	27,24	34,33	34,26	1479,82
2183	17.07.2025 19:53:22	6,40	27,27	34,33	34,26	1479,82
2184	17.07.2025 19:53:23	6,40	27,27	34,33	34,26	1479,82
2185	17.07.2025 19:53:24	6,40	27,31	34,33	34,26	1479,83
2186	17.07.2025 19:53:25	6,40	27,31	34,33	34,26	1479,83
2187	17.07.2025 19:53:26	6,40	27,33	34,36	34,28	1479,87
2188	17.07.2025 19:53:27	6,40	27,34	34,36	34,28	1479,87
2189	17.07.2025 19:53:28	6,44	27,36	34,32	34,28	1479,97
2190	17.07.2025 19:53:29	6,44	27,38	34,32	34,28	1479,97
2191	17.07.2025 19:53:30	6,44	27,40	34,32	34,28	1479,97
2192	17.07.2025 19:53:31	6,44	27,42	34,32	34,28	1479,97
2193	17.07.2025 19:53:32	6,44	27,45	34,35	34,31	1480,02
2194	17.07.2025 19:53:33	6,44	27,45	34,35	34,31	1480,02
2195	17.07.2025 19:53:34	6,44	27,47	34,35	34,31	1480,02
2196	17.07.2025 19:53:35	6,44	27,49	34,35	34,31	1480,02
2197	17.07.2025 19:53:36	6,44	27,50	34,32	34,28	1479,99
2198	17.07.2025 19:53:37	6,44	27,52	34,32	34,28	1479,99
2199	17.07.2025 19:53:38	6,44	27,54	34,35	34,31	1480,03
2200	17.07.2025 19:53:39	6,44	27,56	34,35	34,31	1480,03
2201	17.07.2025 19:53:40	6,44	27,59	34,35	34,31	1480,04
2202	17.07.2025 19:53:41	6,44	27,59	34,35	34,31	1480,04
2203	17.07.2025 19:53:42	6,44	27,59	34,35	34,31	1480,04
2204	17.07.2025 19:53:43	6,44	27,63	34,35	34,31	1480,05
2205	17.07.2025 19:53:44	6,44	27,64	34,35	34,31	1480,05
2206	17.07.2025 19:53:45	6,44	27,66	34,35	34,31	1480,05
2207	17.07.2025 19:53:46	6,44	27,66	34,35	34,31	1480,05
2208	17.07.2025 19:53:47	6,44	27,70	34,35	34,31	1480,06
2209	17.07.2025 19:53:48	6,44	27,70	34,35	34,31	1480,06
2210	17.07.2025 19:53:49	6,44	27,71	34,38	34,34	1480,10
2211	17.07.2025 19:53:50	6,44	27,75	34,35	34,31	1480,06
2212	17.07.2025 19:53:51	6,44	27,75	34,35	34,31	1480,06
2213	17.07.2025 19:53:52	6,47	27,77	34,32	34,31	1480,16
2214	17.07.2025 19:53:53	6,44	27,78	34,35	34,31	1480,07
2215	17.07.2025 19:53:54	6,47	27,80	34,35	34,34	1480,20
2216	17.07.2025 19:53:55	6,47	27,82	34,32	34,31	1480,17
2217	17.07.2025 19:53:56	6,47	27,84	34,35	34,34	1480,21
2218	17.07.2025 19:53:57	6,47	27,86	34,32	34,31	1480,18
2219	17.07.2025 19:53:58	6,47	27,87	34,35	34,34	1480,22
2220	17.07.2025 19:53:59	6,47	27,89	34,32	34,31	1480,18
2221	17.07.2025 19:54:00	6,44	27,91	34,35	34,31	1480,09
2222	17.07.2025 19:54:01	6,47	27,93	34,32	34,31	1480,19
2223	17.07.2025 19:54:02	6,47	27,93	34,35	34,34	1480,22
2224	17.07.2025 19:54:03	6,47	27,94	34,35	34,34	1480,23
2225	17.07.2025 19:54:04	6,47	27,96	34,35	34,34	1480,23
2226	17.07.2025 19:54:05	6,47	27,98	34,35	34,34	1480,23
2227	17.07.2025 19:54:06	6,47	28,01	34,35	34,34	1480,24
2228	17.07.2025 19:54:07	6,47	28,03	34,32	34,31	1480,20
2229	17.07.2025 19:54:08	6,47	28,03	34,32	34,31	1480,20
2230	17.07.2025 19:54:09	6,47	28,05	34,35	34,34	1480,24
2231	17.07.2025 19:54:10	6,47	28,07	34,32	34,31	1480,21
2232	17.07.2025 19:54:11	6,47	28,08	34,32	34,31	1480,21
2233	17.07.2025 19:54:12	6,47	28,10	34,35	34,34	1480,25
2234	17.07.2025 19:54:13	6,47	28,12	34,32	34,31	1480,22
2235	17.07.2025 19:54:14	6,47	28,14	34,32	34,31	1480,22
2236	17.07.2025 19:54:15	6,47	28,15	34,35	34,34	1480,26
2237	17.07.2025 19:54:16	6,47	28,17	34,35	34,34	1480,26
2238	17.07.2025 19:54:17	6,47	28,17	34,32	34,31	1480,22
2239	17.07.2025 19:54:18	6,47	28,21	34,35	34,34	1480,27
2240	17.07.2025 19:54:19	6,47	28,22	34,35	34,34	1480,27
2241	17.07.2025 19:54:20	6,47	28,24	34,35	34,34	1480,27
2242	17.07.2025 19:54:21	6,47	28,26	34,35	34,34	1480,28
2243	17.07.2025 19:54:22	6,47	28,26	34,35	34,34	1480,28
2244	17.07.2025 19:54:23	6,47	28,29	34,35	34,34	1480,28
2245	17.07.2025 19:54:24	6,47	28,31	34,34	34,34	1480,28
2246	17.07.2025 19:54:25	6,47	28,31	34,34	34,34	1480,28
2247	17.07.2025 19:54:26	6,47	28,33	34,34	34,34	1480,29
2248	17.07.2025 19:54:27	6,47	28,35	34,34	34,34	1480,29
2249	17.07.2025 19:54:28	6,47	28,38	34,34	34,34	1480,30
2250	17.07.2025 19:54:29	6,47	28,38	34,34	34,34	1480,30
2251	17.07.2025 19:54:30	6,47	28,40	34,34	34,34	1480,30
2252	17.07.2025 19:54:31	6,47	28,42	34,34	34,34	1480,30
2253	17.07.2025 19:54:32	6,47	28,42	34,34	34,34	1480,30
2254	17.07.2025 19:54:33	6,47	28,43	34,34	34,34	1480,30
2255	17.07.2025 19:54:34	6,47	28,47	34,34	34,34	1480,31
2256	17.07.2025 19:54:35	6,47	28,47	34,34	34,34	1480,31
2257	17.07.2025 19:54:36	6,47	28,49	34,34	34,34	1480,31
2258	17.07.2025 19:54:37	6,47	28,50	34,34	34,34	1480,31
2259	17.07.2025 19:54:38	6,47	28,52	34,34	34,34	1480,32
2260	17.07.2025 19:54:39	6,47	28,54	34,34	34,34	1480,32
2261	17.07.2025 19:54:40	6,47	28,56	34,34	34,34	1480,32
2262	17.07.2025 19:54:41	6,47	28,57	34,34	34,34	1480,33
2263	17.07.2025 19:54:42	6,47	28,61	34,34	34,34	1480,33
2264	17.07.2025 19:54:43	6,47	28,61	34,34	34,34	1480,33
2265	17.07.2025 19:54:44	6,47	28,63	34,34	34,34	1480,33
2266	17.07.2025 19:54:45	6,47	28,64	34,34	34,34	1480,34
2267	17.07.2025 19:54:46	6,47	28,64	34,34	34,34	1480,34
2268	17.07.2025 19:54:47	6,47	28,68	34,34	34,34	1480,34
2269	17.07.2025 19:54:48	6,47	28,68	34,34	34,34	1480,34
2270	17.07.2025 19:54:49	6,47	28,70	34,37	34,36	1480,38
2271	17.07.2025 19:54:50	6,47	28,71	34,34	34,34	1480,35
2272	17.07.2025 19:54:51	6,47	28,75	34,34	34,34	1480,35
2273	17.07.2025 19:54:52	6,47	28,75	34,34	34,34	1480,35
2274	17.07.2025 19:54:53	6,47	28,77	34,37	34,36	1480,39
2275	17.07.2025 19:54:54	6,47	28,78	34,37	34,36	1480,40
2276	17.07.2025 19:54:55	6,47	28,80	34,37	34,36	1480,40
2277	17.07.2025 19:54:56	6,47	28,82	34,37	34,36	1480,40
2278	17.07.2025 19:54:57	6,47	28,84	34,37	34,36	1480,40
2279	17.07.2025 19:54:58	6,47	28,85	34,37	34,36	1480,41
2280	17.07.2025 19:54:59	6,47	28,87	34,37	34,36	1480,41
2281	17.07.2025 19:55:00	6,47	28,89	34,40	34,39	1480,45
2282	17.07.2025 19:55:01	6,47	28,91	34,40	34,39	1480,45
2283	17.07.2025 19:55:02	6,47	28,92	34,40	34,39	1480,46
2284	17.07.2025 19:55:03	6,47	28,94	34,43	34,42	1480,50
2285	17.07.2025 19:55:04	6,47	28,96	34,40	34,39	1480,46
2286	17.07.2025 19:55:05	6,47	28,98	34,40	34,39	1480,46
2287	17.07.2025 19:55:06	6,51	29,00	34,40	34,42	1480,60
2288	17.07.2025 19:55:07	6,47	29,01	34,40	34,39	1480,47
2289	17.07.2025 19:55:08	6,51	29,03	34,37	34,39	1480,57
2290	17.07.2025 19:55:09	6,47	29,05	34,40	34,39	1480,48
2291	17.07.2025 19:55:10	6,51	29,08	34,40	34,42	1480,61
2292	17.07.2025 19:55:11	6,51	29,07	34,40	34,42	1480,61
2293	17.07.2025 19:55:12	6,51	29,10	34,40	34,42	1480,61
2294	17.07.2025 19:55:13	6,51	29,12	34,40	34,42	1480,62
2295	17.07.2025 19:55:14	6,51	29,14	34,40	34,42	1480,62
2296	17.07.2025 19:55:15	6,51	29,15	34,40	34,42	1480,62
2297	17.07.2025 19:55:16	6,51	29,17	34,40	34,42	1480,63
2298	17.07.2025 19:55:17	6,51	29,19	34,40	34,42	1480,63
2299	17.07.2025 19:55:18	6,51	29,21	34,40	34,42	1480,63
2300	17.07.2025 19:55:19	6,51	29,22	34,40	34,42	1480,63
2301	17.07.2025 19:55:20	6,51	29,24	34,40	34,42	1480,64
2302	17.07.2025 19:55:21	6,51	29,24	34,40	34,42	1480,64
2303	17.07.2025 19:55:22	6,51	29,28	34,40	34,42	1480,64
2304	17.07.2025 19:55:23	6,51	29,29	34,40	34,42	1480,64
2305	17.07.2025 19:55:24	6,51	29,33	34,39	34,42	1480,65
2306	17.07.2025 19:55:25	6,51	29,33	34,39	34,42	1480,65
2307	17.07.2025 19:55:26	6,51	29,35	34,42	34,45	1480,69
2308	17.07.2025 19:55:27	6,51	29,36	34,39	34,42	1480,66
2309	17.07.2025 19:55:28	6,51	29,38	34,42	34,45	1480,70
2310	17.07.2025 19:55:29	6,51	29,40	34,42	34,45	1480,70
2311	17.07.2025 19:55:30	6,51	29,42	34,42	34,45	1480,70
2312	17.07.2025 19:55:31	6,51	29,45	34,42	34,45	1480,71
2313	17.07.2025 19:55:32	6,51	29,47	34,42	34,45	1480,71
2314	17.07.2025 19:55:33	6,51	29,49	34,39	34,42	1480,67
2315	17.07.2025 19:55:34	6,51	29,50	34,42	34,45	1480,72
2316	17.07.2025 19:55:35	6,51	29,50	34,42	34,45	1480,72
2317	17.07.2025 19:55:36	6,51	29,52	34,42	34,45	1480,72
2318	17.07.2025 19:55:37	6,51	29,56	34,42	34,45	1480,72
2319	17.07.2025 19:55:38	6,51	29,57	34,42	34,45	1480,73
2320	17.07.2025 19:55:39	6,51	29,57	34,42	34,45	1480,73
2321	17.07.2025 19:55:40	6,51	29,59	34,42	34,45	1480,73
2322	17.07.2025 19:55:41	6,51	29,59	34,42	34,45	1480,73
2323	17.07.2025 19:55:42	6,51	29,63	34,42	34,45	1480,73
2324	17.07.2025 19:55:43	6,51	29,64	34,42	34,45	1480,74
2325	17.07.2025 19:55:44	6,51	29,66	34,42	34,45	1480,74
2326	17.07.2025 19:55:45	6,51	29,68	34,42	34,45	1480,74
2327	17.07.2025 19:55:46	6,51	29,70	34,42	34,45	1480,75
2328	17.07.2025 19:55:47	6,51	29,73	34,42	34,45	1480,75
2329	17.07.2025 19:55:48	6,51	29,73	34,45	34,47	1480,79
2330	17.07.2025 19:55:49	6,51	29,77	34,45	34,47	1480,79
2331	17.07.2025 19:55:50	6,51	29,78	34,42	34,45	1480,76
2332	17.07.2025 19:55:51	6,51	29,80	34,45	34,47	1480,80
2333	17.07.2025 19:55:52	6,51	29,82	34,45	34,47	1480,80
2334	17.07.2025 19:55:53	6,51	29,84	34,45	34,47	1480,81
2335	17.07.2025 19:55:54	6,51	29,85	34,45	34,47	1480,81
2336	17.07.2025 19:55:55	6,51	29,87	34,45	34,47	1480,81
2337	17.07.2025 19:55:56	6,51	29,91	34,45	34,47	1480,82
2338	17.07.2025 19:55:57	6,51	29,94	34,45	34,47	1480,82
2339	17.07.2025 19:55:58	6,51	29,96	34,45	34,47	1480,82
2340	17.07.2025 19:55:59	6,51	29,99	34,45	34,47	1480,83
2341	17.07.2025 19:56:00	6,54	30,01	34,42	34,47	1480,93
2342	17.07.2025 19:56:01	6,54	30,05	34,42	34,47	1480,93
2343	17.07.2025 19:56:02	6,54	30,07	34,42	34,47	1480,93
2344	17.07.2025 19:56:03	6,51	30,10	34,45	34,47	1480,85
2345	17.07.2025 19:56:04	6,54	30,15	34,42	34,47	1480,95
2346	17.07.2025 19:56:05	6,51	30,17	34,48	34,50	1480,90
2347	17.07.2025 19:56:06	6,51	30,19	34,45	34,47	1480,86
2348	17.07.2025 19:56:07	6,54	30,22	34,42	34,47	1480,96
2349	17.07.2025 19:56:08	6,54	30,26	34,45	34,50	1481,00
2350	17.07.2025 19:56:09	6,54	30,31	34,42	34,47	1480,97
2351	17.07.2025 19:56:10	6,54	30,33	34,42	34,47	1480,98
2352	17.07.2025 19:56:11	6,54	30,35	34,42	34,47	1480,98
2353	17.07.2025 19:56:12	6,54	30,36	34,42	34,47	1480,98
2354	17.07.2025 19:56:13	6,51	30,42	34,45	34,47	1480,90
2355	17.07.2025 19:56:14	6,54	30,45	34,41	34,47	1480,99
2356	17.07.2025 19:56:15	6,54	30,47	34,41	34,47	1481,00
2357	17.07.2025 19:56:16	6,51	30,50	34,45	34,47	1480,91
2358	17.07.2025 19:56:17	6,51	30,56	34,45	34,47	1480,92
2359	17.07.2025 19:56:18	6,51	30,57	34,45	34,47	1480,92
2360	17.07.2025 19:56:19	6,51	30,61	34,45	34,47	1480,93
2361	17.07.2025 19:56:20	6,51	30,63	34,45	34,47	1480,93
2362	17.07.2025 19:56:21	6,51	30,68	34,45	34,47	1480,94
2363	17.07.2025 19:56:22	6,51	30,71	34,45	34,47	1480,94
2364	17.07.2025 19:56:23	6,51	30,75	34,45	34,47	1480,95
2365	17.07.2025 19:56:24	6,51	30,77	34,45	34,47	1480,95
2366	17.07.2025 19:56:25	6,51	30,82	34,45	34,47	1480,96
2367	17.07.2025 19:56:26	6,51	30,85	34,45	34,47	1480,96
2368	17.07.2025 19:56:27	6,51	30,89	34,45	34,47	1480,97
2369	17.07.2025 19:56:28	6,51	30,92	34,45	34,47	1480,98
2370	17.07.2025 19:56:29	6,51	30,96	34,48	34,50	1481,02
2371	17.07.2025 19:56:30	6,51	30,99	34,48	34,50	1481,02
2372	17.07.2025 19:56:31	6,51	31,03	34,48	34,50	1481,03
2373	17.07.2025 19:56:32	6,51	31,06	34,47	34,50	1481,03
2374	17.07.2025 19:56:33	6,51	31,10	34,47	34,50	1481,04
2375	17.07.2025 19:56:34	6,51	31,13	34,47	34,50	1481,05
2376	17.07.2025 19:56:35	6,51	31,17	34,47	34,50	1481,05
2377	17.07.2025 19:56:36	6,51	31,20	34,47	34,50	1481,06
2378	17.07.2025 19:56:37	6,51	31,26	34,47	34,50	1481,07
2379	17.07.2025 19:56:38	6,51	31,27	34,47	34,50	1481,07
2380	17.07.2025 19:56:39	6,51	31,31	34,47	34,50	1481,07
2381	17.07.2025 19:56:40	6,51	31,36	34,47	34,50	1481,08
2382	17.07.2025 19:56:41	6,51	31,40	34,47	34,50	1481,09
2383	17.07.2025 19:56:42	6,51	31,43	34,47	34,50	1481,09
2384	17.07.2025 19:56:43	6,51	31,47	34,47	34,50	1481,10
2385	17.07.2025 19:56:44	6,51	31,52	34,47	34,50	1481,11
2386	17.07.2025 19:56:45	6,51	31,55	34,47	34,50	1481,11
2387	17.07.2025 19:56:46	6,51	31,57	34,47	34,50	1481,11
2388	17.07.2025 19:56:47	6,51	31,62	34,47	34,50	1481,12
2389	17.07.2025 19:56:48	6,51	31,66	34,47	34,50	1481,13
2390	17.07.2025 19:56:49	6,51	31,69	34,47	34,50	1481,13
2391	17.07.2025 19:56:50	6,51	31,73	34,47	34,50	1481,14
2392	17.07.2025 19:56:51	6,51	31,76	34,44	34,47	1481,11
2393	17.07.2025 19:56:52	6,51	31,80	34,47	34,50	1481,15
2394	17.07.2025 19:56:53	6,51	31,85	34,47	34,50	1481,16
2395	17.07.2025 19:56:54	6,51	31,89	34,44	34,47	1481,13
2396	17.07.2025 19:56:55	6,51	31,92	34,44	34,47	1481,13
2397	17.07.2025 19:56:56	6,51	31,97	34,44	34,47	1481,14
2398	17.07.2025 19:56:57	6,51	32,01	34,44	34,47	1481,15
2399	17.07.2025 19:56:58	6,51	32,04	34,44	34,47	1481,15
2400	17.07.2025 19:56:59	6,51	32,08	34,44	34,47	1481,16
2401	17.07.2025 19:57:00	6,51	32,11	34,44	34,47	1481,16
2402	17.07.2025 19:57:01	6,51	32,17	34,44	34,47	1481,17
2403	17.07.2025 19:57:02	6,51	32,20	34,44	34,47	1481,18
2404	17.07.2025 19:57:03	6,47	32,24	34,47	34,47	1481,09
2405	17.07.2025 19:57:04	6,47	32,27	34,47	34,47	1481,09
2406	17.07.2025 19:57:05	6,47	32,32	34,47	34,47	1481,10
2407	17.07.2025 19:57:06	6,47	32,36	34,44	34,44	1481,07
2408	17.07.2025 19:57:07	6,47	32,38	34,47	34,47	1481,11
2409	17.07.2025 19:57:08	6,47	32,43	34,44	34,44	1481,08
2410	17.07.2025 19:57:09	6,47	32,48	34,44	34,44	1481,09
2411	17.07.2025 19:57:10	6,47	32,52	34,44	34,44	1481,09
2412	17.07.2025 19:57:11	6,47	32,55	34,44	34,44	1481,10
2413	17.07.2025 19:57:12	6,47	32,59	34,41	34,42	1481,07
2414	17.07.2025 19:57:13	6,47	32,64	34,41	34,42	1481,08
2415	17.07.2025 19:57:14	6,44	32,67	34,45	34,42	1480,99
2416	17.07.2025 19:57:15	6,44	32,71	34,45	34,42	1480,99
2417	17.07.2025 19:57:16	6,44	32,74	34,45	34,42	1481,00
2418	17.07.2025 19:57:17	6,44	32,78	34,45	34,42	1481,00
2419	17.07.2025 19:57:18	6,44	32,83	34,45	34,42	1481,01
2420	17.07.2025 19:57:19	6,44	32,86	34,44	34,42	1481,02
2421	17.07.2025 19:57:20	6,44	32,90	34,44	34,42	1481,02
2422	17.07.2025 19:57:21	6,44	32,94	34,47	34,44	1481,07
2423	17.07.2025 19:57:22	6,44	32,97	34,47	34,44	1481,07
2424	17.07.2025 19:57:23	6,44	33,02	34,47	34,44	1481,08
2425	17.07.2025 19:57:24	6,44	33,06	34,47	34,44	1481,08
2426	17.07.2025 19:57:25	6,44	33,11	34,47	34,44	1481,09
2427	17.07.2025 19:57:26	6,44	33,15	34,47	34,44	1481,10
2428	17.07.2025 19:57:27	6,44	33,18	34,47	34,44	1481,10
2429	17.07.2025 19:57:28	6,44	33,23	34,47	34,44	1481,11
2430	17.07.2025 19:57:29	6,44	33,25	34,47	34,44	1481,11
2431	17.07.2025 19:57:30	6,44	33,32	34,47	34,44	1481,13
2432	17.07.2025 19:57:31	6,44	33,34	34,47	34,44	1481,13
2433	17.07.2025 19:57:32	6,44	33,39	34,47	34,44	1481,14
2434	17.07.2025 19:57:33	6,44	33,43	34,47	34,44	1481,14
2435	17.07.2025 19:57:34	6,44	33,44	34,47	34,44	1481,15
2436	17.07.2025 19:57:35	6,44	33,51	34,44	34,42	1481,12
2437	17.07.2025 19:57:36	6,44	33,55	34,44	34,42	1481,12
2438	17.07.2025 19:57:37	6,40	33,58	34,48	34,42	1481,04
2439	17.07.2025 19:57:38	6,40	33,62	34,47	34,42	1481,04
2440	17.07.2025 19:57:39	6,40	33,65	34,47	34,42	1481,05
2441	17.07.2025 19:57:40	6,40	33,70	34,47	34,42	1481,05
2442	17.07.2025 19:57:41	6,40	33,74	34,47	34,42	1481,06
2443	17.07.2025 19:57:42	6,40	33,77	34,47	34,42	1481,07
2444	17.07.2025 19:57:43	6,40	33,83	34,47	34,42	1481,07
2445	17.07.2025 19:57:44	6,40	33,86	34,44	34,39	1481,04
2446	17.07.2025 19:57:45	6,40	33,90	34,44	34,39	1481,05
2447	17.07.2025 19:57:46	6,40	33,93	34,47	34,42	1481,09
2448	17.07.2025 19:57:47	6,40	33,98	34,47	34,42	1481,10
2449	17.07.2025 19:57:48	6,40	34,02	34,47	34,42	1481,10
2450	17.07.2025 19:57:49	6,40	34,05	34,47	34,42	1481,11
2451	17.07.2025 19:57:50	6,40	34,09	34,44	34,39	1481,08
2452	17.07.2025 19:57:51	6,37	34,14	34,51	34,42	1481,03
2453	17.07.2025 19:57:52	6,37	34,19	34,48	34,39	1481,00
2454	17.07.2025 19:57:53	6,37	34,23	34,48	34,39	1481,00
2455	17.07.2025 19:57:54	6,37	34,25	34,48	34,39	1481,01
2456	17.07.2025 19:57:55	6,37	34,28	34,45	34,36	1480,98
2457	17.07.2025 19:57:56	6,37	34,35	34,45	34,36	1480,99
2458	17.07.2025 19:57:57	6,37	34,39	34,45	34,36	1480,99
2459	17.07.2025 19:57:58	6,37	34,42	34,45	34,36	1481,00
2460	17.07.2025 19:57:59	6,37	34,47	34,45	34,36	1481,01
2461	17.07.2025 19:58:00	6,33	34,51	34,48	34,36	1480,92
2462	17.07.2025 19:58:01	6,33	34,54	34,48	34,36	1480,92
2463	17.07.2025 19:58:02	6,33	34,58	34,48	34,36	1480,93
2464	17.07.2025 19:58:03	6,33	34,63	34,48	34,36	1480,94
2465	17.07.2025 19:58:04	6,33	34,66	34,48	34,36	1480,94
2466	17.07.2025 19:58:05	6,33	34,70	34,48	34,36	1480,95
2467	17.07.2025 19:58:06	6,33	34,75	34,48	34,36	1480,96
2468	17.07.2025 19:58:07	6,33	34,77	34,48	34,36	1480,96
2469	17.07.2025 19:58:08	6,33	34,82	34,48	34,36	1480,97
2470	17.07.2025 19:58:09	6,33	34,86	34,48	34,36	1480,97
2471	17.07.2025 19:58:10	6,33	34,91	34,48	34,36	1480,98
2472	17.07.2025 19:58:11	6,33	34,94	34,48	34,36	1480,99
2473	17.07.2025 19:58:12	6,33	35,00	34,48	34,36	1480,99
2474	17.07.2025 19:58:13	6,33	35,03	34,45	34,33	1480,96
2475	17.07.2025 19:58:14	6,30	35,07	34,48	34,33	1480,87
2476	17.07.2025 19:58:15	6,30	35,12	34,48	34,33	1480,88
2477	17.07.2025 19:58:16	6,30	35,15	34,48	34,33	1480,89
2478	17.07.2025 19:58:17	6,30	35,19	34,48	34,33	1480,89
2479	17.07.2025 19:58:18	6,30	35,24	34,48	34,33	1480,90
2480	17.07.2025 19:58:19	6,30	35,26	34,48	34,33	1480,90
2481	17.07.2025 19:58:20	6,30	35,29	34,48	34,33	1480,91
2482	17.07.2025 19:58:21	6,30	35,35	34,48	34,33	1480,92
2483	17.07.2025 19:58:22	6,30	35,40	34,48	34,33	1480,92
2484	17.07.2025 19:58:23	6,30	35,43	34,48	34,33	1480,93
2485	17.07.2025 19:58:24	6,30	35,45	34,48	34,33	1480,93
2486	17.07.2025 19:58:25	6,30	35,50	34,48	34,33	1480,94
2487	17.07.2025 19:58:26	6,26	35,55	34,48	34,31	1480,82
2488	17.07.2025 19:58:27	6,26	35,59	34,48	34,31	1480,82
2489	17.07.2025 19:58:28	6,26	35,62	34,51	34,33	1480,87
2490	17.07.2025 19:58:29	6,26	35,66	34,51	34,33	1480,87
2491	17.07.2025 19:58:30	6,26	35,69	34,51	34,33	1480,88
2492	17.07.2025 19:58:31	6,26	35,75	34,48	34,31	1480,85
2493	17.07.2025 19:58:32	6,26	35,80	34,51	34,33	1480,89
2494	17.07.2025 19:58:33	6,26	35,82	34,48	34,31	1480,86
2495	17.07.2025 19:58:34	6,26	35,85	34,51	34,33	1480,90
2496	17.07.2025 19:58:35	6,26	35,90	34,51	34,33	1480,91
2497	17.07.2025 19:58:36	6,26	35,94	34,48	34,31	1480,88
2498	17.07.2025 19:58:37	6,26	35,97	34,48	34,31	1480,88
2499	17.07.2025 19:58:38	6,26	36,03	34,48	34,31	1480,89
2500	17.07.2025 19:58:39	6,26	36,06	34,45	34,28	1480,86
2501	17.07.2025 19:58:40	6,23	36,10	34,51	34,30	1480,81
2502	17.07.2025 19:58:41	6,23	36,15	34,48	34,28	1480,78
2503	17.07.2025 19:58:42	6,23	36,18	34,51	34,30	1480,82
2504	17.07.2025 19:58:43	6,23	36,24	34,51	34,30	1480,83
2505	17.07.2025 19:58:44	6,23	36,27	34,48	34,28	1480,80
2506	17.07.2025 19:58:45	6,23	36,29	34,51	34,30	1480,84
2507	17.07.2025 19:58:46	6,23	36,34	34,48	34,28	1480,81
2508	17.07.2025 19:58:47	6,23	36,39	34,48	34,28	1480,82
2509	17.07.2025 19:58:48	6,23	36,41	34,48	34,28	1480,82
2510	17.07.2025 19:58:49	6,23	36,46	34,48	34,28	1480,83
2511	17.07.2025 19:58:50	6,23	36,50	34,51	34,30	1480,87
2512	17.07.2025 19:58:51	6,23	36,52	34,51	34,30	1480,87
2513	17.07.2025 19:58:52	6,23	36,59	34,51	34,30	1480,88
2514	17.07.2025 19:58:53	6,23	36,62	34,51	34,30	1480,89
2515	17.07.2025 19:58:54	6,23	36,66	34,48	34,28	1480,86
2516	17.07.2025 19:58:55	6,23	36,69	34,48	34,28	1480,86
2517	17.07.2025 19:58:56	6,23	36,73	34,48	34,28	1480,87
2518	17.07.2025 19:58:57	6,23	36,78	34,48	34,28	1480,88
2519	17.07.2025 19:58:58	6,23	36,81	34,48	34,28	1480,88
2520	17.07.2025 19:58:59	6,23	36,83	34,48	34,28	1480,88
2521	17.07.2025 19:59:00	6,19	36,88	34,51	34,28	1480,80
2522	17.07.2025 19:59:01	6,19	36,90	34,51	34,28	1480,80
2523	17.07.2025 19:59:02	6,19	36,95	34,51	34,28	1480,81
2524	17.07.2025 19:59:03	6,19	37,00	34,51	34,28	1480,82
2525	17.07.2025 19:59:04	6,19	37,02	34,51	34,28	1480,82
2526	17.07.2025 19:59:05	6,19	37,04	34,51	34,28	1480,82
2527	17.07.2025 19:59:06	6,19	37,07	34,51	34,28	1480,83
2528	17.07.2025 19:59:07	6,19	37,11	34,51	34,28	1480,83
2529	17.07.2025 19:59:08	6,19	37,16	34,51	34,28	1480,84
2530	17.07.2025 19:59:09	6,19	37,21	34,51	34,28	1480,85
2531	17.07.2025 19:59:10	6,19	37,23	34,51	34,28	1480,85
2532	17.07.2025 19:59:11	6,19	37,25	34,51	34,28	1480,86
2533	17.07.2025 19:59:12	6,19	37,28	34,51	34,28	1480,86
2534	17.07.2025 19:59:13	6,19	37,34	34,51	34,28	1480,87
2535	17.07.2025 19:59:14	6,19	37,35	34,48	34,25	1480,83
2536	17.07.2025 19:59:15	6,19	37,37	34,51	34,28	1480,87
2537	17.07.2025 19:59:16	6,19	37,39	34,51	34,28	1480,88
2538	17.07.2025 19:59:17	6,19	37,42	34,51	34,28	1480,88
2539	17.07.2025 19:59:18	6,19	37,46	34,51	34,28	1480,89
2540	17.07.2025 19:59:19	6,19	37,49	34,51	34,28	1480,89
2541	17.07.2025 19:59:20	6,19	37,53	34,51	34,28	1480,90
2542	17.07.2025 19:59:21	6,19	37,53	34,51	34,28	1480,90
2543	17.07.2025 19:59:22	6,19	37,55	34,51	34,28	1480,90
2544	17.07.2025 19:59:23	6,19	37,58	34,51	34,28	1480,91
2545	17.07.2025 19:59:24	6,19	37,62	34,51	34,28	1480,91
2546	17.07.2025 19:59:25	6,19	37,62	34,51	34,28	1480,91
2547	17.07.2025 19:59:26	6,19	37,65	34,51	34,28	1480,92
2548	17.07.2025 19:59:27	6,16	37,67	34,54	34,28	1480,83
2549	17.07.2025 19:59:28	6,19	37,67	34,51	34,28	1480,92
2550	17.07.2025 19:59:29	6,19	37,69	34,51	34,28	1480,92
2551	17.07.2025 19:59:30	6,19	37,70	34,51	34,28	1480,93
2552	17.07.2025 19:59:31	6,16	37,72	34,54	34,28	1480,83
2553	17.07.2025 19:59:32	6,16	37,74	34,54	34,28	1480,84
2554	17.07.2025 19:59:33	6,16	37,74	34,54	34,28	1480,84
2555	17.07.2025 19:59:34	6,16	37,74	34,54	34,28	1480,84
2556	17.07.2025 19:59:35	6,16	37,76	34,54	34,28	1480,84
2557	17.07.2025 19:59:36	6,16	37,77	34,54	34,28	1480,84
2558	17.07.2025 19:59:37	6,16	37,77	34,54	34,28	1480,84
2559	17.07.2025 19:59:38	6,16	37,76	34,54	34,28	1480,84
2560	17.07.2025 19:59:39	6,16	37,77	34,54	34,28	1480,84
2561	17.07.2025 19:59:40	6,16	37,79	34,54	34,28	1480,85
2562	17.07.2025 19:59:41	6,16	37,79	34,54	34,28	1480,85
2563	17.07.2025 19:59:42	6,16	37,79	34,54	34,28	1480,85
2564	17.07.2025 19:59:43	6,16	37,79	34,54	34,28	1480,85
2565	17.07.2025 19:59:44	6,16	37,81	34,54	34,28	1480,85
2566	17.07.2025 19:59:45	6,16	37,81	34,54	34,28	1480,85
2567	17.07.2025 19:59:46	6,16	37,81	34,54	34,28	1480,85
2568	17.07.2025 19:59:47	6,16	37,81	34,54	34,28	1480,85
2569	17.07.2025 19:59:48	6,16	37,81	34,54	34,28	1480,85
2570	17.07.2025 19:59:49	6,16	37,81	34,54	34,28	1480,85
2571	17.07.2025 19:59:50	6,16	37,81	34,54	34,28	1480,85
2572	17.07.2025 19:59:51	6,16	37,81	34,54	34,28	1480,85
2573	17.07.2025 19:59:52	6,16	37,83	34,54	34,28	1480,85
2574	17.07.2025 19:59:53	6,16	37,83	34,54	34,28	1480,85
2575	17.07.2025 19:59:54	6,16	37,79	34,54	34,28	1480,85
2576	17.07.2025 19:59:55	6,16	37,83	34,54	34,28	1480,85
2577	17.07.2025 19:59:56	6,16	37,83	34,54	34,28	1480,85
2578	17.07.2025 19:59:57	6,16	37,83	34,54	34,28	1480,85
2579	17.07.2025 19:59:58	6,16	37,81	34,54	34,28	1480,85
2580	17.07.2025 19:59:59	6,16	37,81	34,54	34,28	1480,85
2581	17.07.2025 20:00:00	6,16	37,81	34,54	34,28	1480,85
2582	17.07.2025 20:00:01	6,16	37,83	34,54	34,28	1480,85
2583	17.07.2025 20:00:02	6,16	37,81	34,57	34,30	1480,89
2584	17.07.2025 20:00:03	6,16	37,81	34,54	34,28	1480,85
2585	17.07.2025 20:00:04	6,16	37,83	34,54	34,28	1480,85
2586	17.07.2025 20:00:05	6,16	37,83	34,54	34,28	1480,85
2587	17.07.2025 20:00:06	6,16	37,81	34,57	34,30	1480,89
2588	17.07.2025 20:00:07	6,16	37,81	34,57	34,30	1480,89
2589	17.07.2025 20:00:08	6,16	37,81	34,57	34,30	1480,89
2590	17.07.2025 20:00:09	6,16	37,83	34,54	34,28	1480,85
2591	17.07.2025 20:00:10	6,16	37,81	34,54	34,28	1480,85
2592	17.07.2025 20:00:11	6,16	37,81	34,57	34,30	1480,89
2593	17.07.2025 20:00:12	6,16	37,81	34,54	34,28	1480,85
2594	17.07.2025 20:00:13	6,16	37,81	34,57	34,30	1480,89
2595	17.07.2025 20:00:14	6,16	37,79	34,57	34,30	1480,88
2596	17.07.2025 20:00:15	6,16	37,81	34,57	34,30	1480,89
2597	17.07.2025 20:00:16	6,16	37,81	34,57	34,30	1480,89
2598	17.07.2025 20:00:17	6,16	37,81	34,57	34,30	1480,89
2599	17.07.2025 20:00:18	6,16	37,81	34,57	34,30	1480,89
2600	17.07.2025 20:00:19	6,16	37,81	34,57	34,30	1480,89
2601	17.07.2025 20:00:20	6,16	37,81	34,57	34,30	1480,89
2602	17.07.2025 20:00:21	6,16	37,81	34,57	34,30	1480,89
2603	17.07.2025 20:00:22	6,16	37,79	34,57	34,30	1480,88
2604	17.07.2025 20:00:23	6,16	37,79	34,57	34,30	1480,88
2605	17.07.2025 20:00:24	6,16	37,81	34,57	34,30	1480,89
2606	17.07.2025 20:00:25	6,16	37,81	34,57	34,30	1480,89
2607	17.07.2025 20:00:26	6,16	37,79	34,57	34,30	1480,88
2608	17.07.2025 20:00:27	6,16	37,81	34,57	34,30	1480,89
2609	17.07.2025 20:00:28	6,16	37,81	34,57	34,30	1480,89
2610	17.07.2025 20:00:29	6,16	37,79	34,57	34,30	1480,88
2611	17.07.2025 20:00:30	6,16	37,77	34,57	34,30	1480,88
2612	17.07.2025 20:00:31	6,16	37,79	34,57	34,30	1480,88
2613	17.07.2025 20:00:32	6,16	37,79	34,57	34,30	1480,88
2614	17.07.2025 20:00:33	6,19	37,79	34,54	34,30	1480,98
2615	17.07.2025 20:00:34	6,16	37,77	34,57	34,30	1480,88
2616	17.07.2025 20:00:35	6,16	37,79	34,57	34,30	1480,88
2617	17.07.2025 20:00:36	6,16	37,79	34,57	34,30	1480,88
2618	17.07.2025 20:00:37	6,19	37,79	34,54	34,30	1480,98
2619	17.07.2025 20:00:38	6,16	37,77	34,57	34,30	1480,88
2620	17.07.2025 20:00:39	6,19	37,79	34,54	34,30	1480,98
2621	17.07.2025 20:00:40	6,16	37,79	34,57	34,30	1480,88
2622	17.07.2025 20:00:41	6,19	37,79	34,54	34,30	1480,98
2623	17.07.2025 20:00:42	6,16	37,77	34,57	34,30	1480,88
2624	17.07.2025 20:00:43	6,19	37,77	34,54	34,30	1480,98
2625	17.07.2025 20:00:44	6,19	37,79	34,54	34,30	1480,98
2626	17.07.2025 20:00:45	6,19	37,77	34,54	34,30	1480,98
2627	17.07.2025 20:00:46	6,19	37,77	34,54	34,30	1480,98
2628	17.07.2025 20:00:47	6,19	37,77	34,54	34,30	1480,98
2629	17.07.2025 20:00:48	6,19	37,79	34,54	34,30	1480,98
2630	17.07.2025 20:00:49	6,19	37,79	34,54	34,30	1480,98
2631	17.07.2025 20:00:50	6,19	37,77	34,54	34,30	1480,98
2632	17.07.2025 20:00:51	6,19	37,76	34,54	34,30	1480,97
2633	17.07.2025 20:00:52	6,19	37,76	34,54	34,30	1480,97
2634	17.07.2025 20:00:53	6,19	37,77	34,54	34,30	1480,98
2635	17.07.2025 20:00:54	6,19	37,79	34,54	34,30	1480,98
2636	17.07.2025 20:00:55	6,19	37,77	34,54	34,30	1480,98
2637	17.07.2025 20:00:56	6,19	37,76	34,54	34,30	1480,97
2638	17.07.2025 20:00:57	6,19	37,79	34,54	34,30	1480,98
2639	17.07.2025 20:00:58	6,19	37,77	34,54	34,30	1480,98
2640	17.07.2025 20:00:59	6,19	37,77	34,54	34,30	1480,98
2641	17.07.2025 20:01:00	6,19	37,77	34,54	34,30	1480,98
2642	17.07.2025 20:01:01	6,19	37,77	34,54	34,30	1480,98
2643	17.07.2025 20:01:02	6,19	37,77	34,54	34,30	1480,98
2644	17.07.2025 20:01:03	6,19	37,77	34,54	34,30	1480,98
2645	17.07.2025 20:01:04	6,19	37,77	34,54	34,30	1480,98
2646	17.07.2025 20:01:05	6,19	37,77	34,54	34,30	1480,98
2647	17.07.2025 20:01:06	6,19	37,79	34,54	34,30	1480,98
2648	17.07.2025 20:01:07	6,19	37,77	34,54	34,30	1480,98
2649	17.07.2025 20:01:08	6,19	37,77	34,54	34,30	1480,98
2650	17.07.2025 20:01:09	6,19	37,79	34,54	34,30	1480,98
2651	17.07.2025 20:01:10	6,19	37,79	34,54	34,30	1480,98
2652	17.07.2025 20:01:11	6,19	37,79	34,54	34,30	1480,98
2653	17.07.2025 20:01:12	6,19	37,77	34,54	34,30	1480,98
2654	17.07.2025 20:01:13	6,19	37,77	34,54	34,30	1480,98
2655	17.07.2025 20:01:14	6,19	37,76	34,54	34,30	1480,97
2656	17.07.2025 20:01:15	6,19	37,79	34,54	34,30	1480,98
2657	17.07.2025 20:01:16	6,19	37,76	34,54	34,30	1480,97
2658	17.07.2025 20:01:17	6,19	37,76	34,54	34,30	1480,97
2659	17.07.2025 20:01:18	6,19	37,76	34,54	34,30	1480,97
2660	17.07.2025 20:01:19	6,19	37,77	34,54	34,30	1480,98
2661	17.07.2025 20:01:20	6,19	37,77	34,54	34,30	1480,98
2662	17.07.2025 20:01:21	6,19	37,76	34,54	34,30	1480,97
2663	17.07.2025 20:01:22	6,19	37,76	34,54	34,30	1480,97
2664	17.07.2025 20:01:23	6,19	37,77	34,54	34,30	1480,98
2665	17.07.2025 20:01:24	6,19	37,76	34,54	34,30	1480,97
2666	17.07.2025 20:01:25	6,19	37,77	34,54	34,30	1480,98
2667	17.07.2025 20:01:26	6,19	37,76	34,54	34,30	1480,97
2668	17.07.2025 20:01:27	6,19	37,77	34,54	34,30	1480,98
2669	17.07.2025 20:01:28	6,19	37,77	34,54	34,30	1480,98
2670	17.07.2025 20:01:29	6,19	37,77	34,54	34,30	1480,98
2671	17.07.2025 20:01:30	6,19	37,76	34,54	34,30	1480,97
2672	17.07.2025 20:01:31	6,19	37,76	34,54	34,30	1480,97
2673	17.07.2025 20:01:32	6,19	37,77	34,54	34,30	1480,98
2674	17.07.2025 20:01:33	6,19	37,76	34,54	34,30	1480,97
2675	17.07.2025 20:01:34	6,19	37,77	34,54	34,30	1480,98
2676	17.07.2025 20:01:35	6,19	37,77	34,54	34,30	1480,98
2677	17.07.2025 20:01:36	6,19	37,77	34,54	34,30	1480,98
2678	17.07.2025 20:01:37	6,19	37,77	34,54	34,30	1480,98
2679	17.07.2025 20:01:38	6,19	37,77	34,54	34,30	1480,98
2680	17.07.2025 20:01:39	6,19	37,77	34,54	34,30	1480,98
2681	17.07.2025 20:01:40	6,19	37,77	34,54	34,30	1480,98
2682	17.07.2025 20:01:41	6,19	37,77	34,54	34,30	1480,98
2683	17.07.2025 20:01:42	6,19	37,77	34,54	34,30	1480,98
2684	17.07.2025 20:01:43	6,19	37,77	34,54	34,30	1480,98
2685	17.07.2025 20:01:44	6,19	37,77	34,54	34,30	1480,98
2686	17.07.2025 20:01:45	6,19	37,77	34,54	34,30	1480,98
2687	17.07.2025 20:01:46	6,19	37,77	34,54	34,30	1480,98
2688	17.07.2025 20:01:47	6,19	37,77	34,54	34,30	1480,98
2689	17.07.2025 20:01:48	6,19	37,77	34,54	34,30	1480,98
2690	17.07.2025 20:01:49	6,19	37,77	34,51	34,28	1480,94
2691	17.07.2025 20:01:50	6,19	37,77	34,54	34,30	1480,98
2692	17.07.2025 20:01:51	6,19	37,77	34,51	34,28	1480,94
2693	17.07.2025 20:01:52	6,19	37,77	34,54	34,30	1480,98
2694	17.07.2025 20:01:53	6,19	37,79	34,54	34,30	1480,98
2695	17.07.2025 20:01:54	6,19	37,79	34,54	34,30	1480,98
2696	17.07.2025 20:01:55	6,19	37,81	34,51	34,28	1480,94
2697	17.07.2025 20:01:56	6,19	37,79	34,54	34,30	1480,98
2698	17.07.2025 20:01:57	6,19	37,79	34,54	34,30	1480,98
2699	17.07.2025 20:01:58	6,19	37,79	34,54	34,30	1480,98
2700	17.07.2025 20:01:59	6,19	37,79	34,54	34,30	1480,98
2701	17.07.2025 20:02:00	6,19	37,79	34,54	34,30	1480,98
2702	17.07.2025 20:02:01	6,19	37,79	34,54	34,30	1480,98
2703	17.07.2025 20:02:02	6,19	37,79	34,54	34,30	1480,98
2704	17.07.2025 20:02:03	6,19	37,79	34,54	34,30	1480,98
2705	17.07.2025 20:02:04	6,19	37,79	34,54	34,30	1480,98
2706	17.07.2025 20:02:05	6,19	37,81	34,54	34,30	1480,98
2707	17.07.2025 20:02:06	6,19	37,79	34,54	34,30	1480,98
2708	17.07.2025 20:02:07	6,19	37,81	34,57	34,33	1481,02
2709	17.07.2025 20:02:08	6,19	37,81	34,57	34,33	1481,02
2710	17.07.2025 20:02:09	6,19	37,79	34,57	34,33	1481,02
2711	17.07.2025 20:02:10	6,19	37,81	34,54	34,30	1480,98
2712	17.07.2025 20:02:11	6,19	37,83	34,57	34,33	1481,02
2713	17.07.2025 20:02:12	6,19	37,81	34,57	34,33	1481,02
2714	17.07.2025 20:02:13	6,19	37,83	34,57	34,33	1481,02
2715	17.07.2025 20:02:14	6,19	37,81	34,57	34,33	1481,02
2716	17.07.2025 20:02:15	6,19	37,83	34,54	34,30	1480,98
2717	17.07.2025 20:02:16	6,19	37,83	34,54	34,30	1480,98
2718	17.07.2025 20:02:17	6,19	37,83	34,57	34,33	1481,02
2719	17.07.2025 20:02:18	6,19	37,81	34,57	34,33	1481,02
2720	17.07.2025 20:02:19	6,19	37,81	34,57	34,33	1481,02
2721	17.07.2025 20:02:20	6,19	37,83	34,57	34,33	1481,02
2722	17.07.2025 20:02:21	6,19	37,81	34,57	34,33	1481,02
2723	17.07.2025 20:02:22	6,19	37,81	34,57	34,33	1481,02
2724	17.07.2025 20:02:23	6,19	37,81	34,57	34,33	1481,02
2725	17.07.2025 20:02:24	6,19	37,81	34,57	34,33	1481,02
2726	17.07.2025 20:02:25	6,19	37,81	34,57	34,33	1481,02
2727	17.07.2025 20:02:26	6,19	37,81	34,57	34,33	1481,02
2728	17.07.2025 20:02:27	6,19	37,81	34,57	34,33	1481,02
2729	17.07.2025 20:02:28	6,19	37,79	34,54	34,30	1480,98
2730	17.07.2025 20:02:29	6,19	37,79	34,54	34,30	1480,98
2731	17.07.2025 20:02:30	6,19	37,77	34,57	34,33	1481,01
2732	17.07.2025 20:02:31	6,19	37,79	34,57	34,33	1481,02
2733	17.07.2025 20:02:32	6,19	37,79	34,54	34,30	1480,98
2734	17.07.2025 20:02:33	6,19	37,77	34,57	34,33	1481,01
2735	17.07.2025 20:02:34	6,19	37,77	34,57	34,33	1481,01
2736	17.07.2025 20:02:35	6,19	37,77	34,57	34,33	1481,01
2737	17.07.2025 20:02:36	6,19	37,77	34,57	34,33	1481,01
2738	17.07.2025 20:02:37	6,19	37,77	34,54	34,30	1480,98
2739	17.07.2025 20:02:38	6,19	37,76	34,57	34,33	1481,01
2740	17.07.2025 20:02:39	6,19	37,77	34,57	34,33	1481,01
2741	17.07.2025 20:02:40	6,19	37,76	34,57	34,33	1481,01
2742	17.07.2025 20:02:41	6,19	37,76	34,57	34,33	1481,01
2743	17.07.2025 20:02:42	6,19	37,74	34,57	34,33	1481,01
2744	17.07.2025 20:02:43	6,19	37,74	34,54	34,30	1480,97
2745	17.07.2025 20:02:44	6,19	37,74	34,57	34,33	1481,01
2746	17.07.2025 20:02:45	6,19	37,72	34,57	34,33	1481,01
2747	17.07.2025 20:02:46	6,19	37,74	34,57	34,33	1481,01
2748	17.07.2025 20:02:47	6,19	37,74	34,54	34,30	1480,97
2749	17.07.2025 20:02:48	6,19	37,72	34,57	34,33	1481,01
2750	17.07.2025 20:02:49	6,19	37,72	34,54	34,30	1480,97
2751	17.07.2025 20:02:50	6,19	37,72	34,57	34,33	1481,01
2752	17.07.2025 20:02:51	6,19	37,70	34,54	34,30	1480,96
2753	17.07.2025 20:02:52	6,19	37,70	34,57	34,33	1481,00
2754	17.07.2025 20:02:53	6,19	37,69	34,57	34,33	1481,00
2755	17.07.2025 20:02:54	6,19	37,69	34,54	34,30	1480,96
2756	17.07.2025 20:02:55	6,19	37,69	34,57	34,33	1481,00
2757	17.07.2025 20:02:56	6,19	37,67	34,54	34,30	1480,96
2758	17.07.2025 20:02:57	6,19	37,67	34,54	34,30	1480,96
2759	17.07.2025 20:02:58	6,19	37,65	34,54	34,30	1480,96
2760	17.07.2025 20:02:59	6,19	37,65	34,57	34,33	1480,99
2761	17.07.2025 20:03:00	6,19	37,65	34,57	34,33	1480,99
2762	17.07.2025 20:03:01	6,19	37,65	34,57	34,33	1480,99
2763	17.07.2025 20:03:02	6,19	37,63	34,57	34,33	1480,99
2764	17.07.2025 20:03:03	6,19	37,63	34,57	34,33	1480,99
2765	17.07.2025 20:03:04	6,19	37,62	34,57	34,33	1480,99
2766	17.07.2025 20:03:05	6,19	37,62	34,54	34,30	1480,95
2767	17.07.2025 20:03:06	6,19	37,62	34,54	34,30	1480,95
2768	17.07.2025 20:03:07	6,19	37,62	34,57	34,33	1480,99
2769	17.07.2025 20:03:08	6,19	37,60	34,54	34,30	1480,95
2770	17.07.2025 20:03:09	6,19	37,60	34,57	34,33	1480,99
2771	17.07.2025 20:03:10	6,19	37,60	34,57	34,33	1480,99
2772	17.07.2025 20:03:11	6,19	37,58	34,54	34,30	1480,95
2773	17.07.2025 20:03:12	6,19	37,58	34,54	34,30	1480,95
2774	17.07.2025 20:03:13	6,19	37,56	34,57	34,33	1480,98
2775	17.07.2025 20:03:14	6,19	37,56	34,57	34,33	1480,98
2776	17.07.2025 20:03:15	6,19	37,55	34,54	34,30	1480,94
2777	17.07.2025 20:03:16	6,19	37,53	34,57	34,33	1480,98
2778	17.07.2025 20:03:17	6,19	37,51	34,57	34,33	1480,97
2779	17.07.2025 20:03:18	6,19	37,51	34,57	34,33	1480,97
2780	17.07.2025 20:03:19	6,19	37,51	34,54	34,30	1480,93
2781	17.07.2025 20:03:20	6,19	37,51	34,57	34,33	1480,97
2782	17.07.2025 20:03:21	6,19	37,49	34,57	34,33	1480,97
2783	17.07.2025 20:03:22	6,19	37,49	34,54	34,30	1480,93
2784	17.07.2025 20:03:23	6,19	37,49	34,54	34,30	1480,93
2785	17.07.2025 20:03:24	6,19	37,49	34,57	34,33	1480,97
2786	17.07.2025 20:03:25	6,19	37,51	34,54	34,30	1480,93
2787	17.07.2025 20:03:26	6,19	37,49	34,57	34,33	1480,97
2788	17.07.2025 20:03:27	6,19	37,49	34,54	34,30	1480,93
2789	17.07.2025 20:03:28	6,19	37,49	34,57	34,33	1480,97
2790	17.07.2025 20:03:29	6,19	37,51	34,57	34,33	1480,97
2791	17.07.2025 20:03:30	6,19	37,51	34,57	34,33	1480,97
2792	17.07.2025 20:03:31	6,19	37,51	34,57	34,33	1480,97
2793	17.07.2025 20:03:32	6,19	37,53	34,57	34,33	1480,98
2794	17.07.2025 20:03:33	6,19	37,53	34,57	34,33	1480,98
2795	17.07.2025 20:03:34	6,19	37,53	34,57	34,33	1480,98
2796	17.07.2025 20:03:35	6,19	37,53	34,57	34,33	1480,98
2797	17.07.2025 20:03:36	6,19	37,55	34,57	34,33	1480,98
2798	17.07.2025 20:03:37	6,19	37,55	34,57	34,33	1480,98
2799	17.07.2025 20:03:38	6,19	37,56	34,57	34,33	1480,98
2800	17.07.2025 20:03:39	6,19	37,56	34,57	34,33	1480,98
2801	17.07.2025 20:03:40	6,19	37,58	34,57	34,33	1480,98
2802	17.07.2025 20:03:41	6,19	37,58	34,57	34,33	1480,98
2803	17.07.2025 20:03:42	6,19	37,60	34,57	34,33	1480,99
2804	17.07.2025 20:03:43	6,19	37,62	34,57	34,33	1480,99
2805	17.07.2025 20:03:44	6,19	37,62	34,57	34,33	1480,99
2806	17.07.2025 20:03:45	6,19	37,63	34,57	34,33	1480,99
2807	17.07.2025 20:03:46	6,19	37,63	34,57	34,33	1480,99
2808	17.07.2025 20:03:47	6,19	37,65	34,57	34,33	1480,99
2809	17.07.2025 20:03:48	6,19	37,65	34,57	34,33	1480,99
2810	17.07.2025 20:03:49	6,19	37,67	34,57	34,33	1481,00
2811	17.07.2025 20:03:50	6,23	37,69	34,54	34,33	1481,09
2812	17.07.2025 20:03:51	6,19	37,69	34,57	34,33	1481,00
2813	17.07.2025 20:03:52	6,23	37,69	34,54	34,33	1481,09
2814	17.07.2025 20:03:53	6,19	37,70	34,57	34,33	1481,00
2815	17.07.2025 20:03:54	6,19	37,72	34,57	34,33	1481,01
2816	17.07.2025 20:03:55	6,19	37,72	34,57	34,33	1481,01
2817	17.07.2025 20:03:56	6,19	37,72	34,57	34,33	1481,01
2818	17.07.2025 20:03:57	6,19	37,72	34,57	34,33	1481,01
2819	17.07.2025 20:03:58	6,19	37,72	34,57	34,33	1481,01
2820	17.07.2025 20:03:59	6,19	37,74	34,57	34,33	1481,01
2821	17.07.2025 20:04:00	6,23	37,74	34,54	34,33	1481,10
2822	17.07.2025 20:04:01	6,19	37,76	34,57	34,33	1481,01
2823	17.07.2025 20:04:02	6,19	37,76	34,57	34,33	1481,01
2824	17.07.2025 20:04:03	6,19	37,74	34,57	34,33	1481,01
2825	17.07.2025 20:04:04	6,19	37,76	34,57	34,33	1481,01
2826	17.07.2025 20:04:05	6,23	37,78	34,53	34,33	1481,11
2827	17.07.2025 20:04:06	6,19	37,76	34,54	34,30	1480,97
2828	17.07.2025 20:04:07	6,19	37,76	34,57	34,33	1481,01
2829	17.07.2025 20:04:08	6,19	37,76	34,57	34,33	1481,01
2830	17.07.2025 20:04:09	6,19	37,76	34,57	34,33	1481,01
2831	17.07.2025 20:04:10	6,19	37,77	34,57	34,33	1481,01
2832	17.07.2025 20:04:11	6,19	37,76	34,57	34,33	1481,01
2833	17.07.2025 20:04:12	6,23	37,78	34,54	34,33	1481,11
2834	17.07.2025 20:04:13	6,23	37,76	34,54	34,33	1481,11
2835	17.07.2025 20:04:14	6,19	37,77	34,57	34,33	1481,01
2836	17.07.2025 20:04:15	6,23	37,76	34,53	34,33	1481,11
2837	17.07.2025 20:04:16	6,23	37,78	34,54	34,33	1481,11
2838	17.07.2025 20:04:17	6,23	37,78	34,54	34,33	1481,11
2839	17.07.2025 20:04:18	6,23	37,78	34,54	34,33	1481,11
2840	17.07.2025 20:04:19	6,19	37,77	34,57	34,33	1481,01
2841	17.07.2025 20:04:20	6,19	37,77	34,57	34,33	1481,01
2842	17.07.2025 20:04:21	6,23	37,78	34,53	34,33	1481,11
2843	17.07.2025 20:04:22	6,23	37,78	34,54	34,33	1481,11
2844	17.07.2025 20:04:23	6,19	37,77	34,57	34,33	1481,01
2845	17.07.2025 20:04:24	6,23	37,78	34,54	34,33	1481,11
2846	17.07.2025 20:04:25	6,23	37,78	34,54	34,33	1481,11
2847	17.07.2025 20:04:26	6,23	37,78	34,54	34,33	1481,11
2848	17.07.2025 20:04:27	6,23	37,78	34,54	34,33	1481,11
2849	17.07.2025 20:04:28	6,23	37,76	34,54	34,33	1481,11
2850	17.07.2025 20:04:29	6,23	37,76	34,54	34,33	1481,11
2851	17.07.2025 20:04:30	6,23	37,76	34,54	34,33	1481,11
2852	17.07.2025 20:04:31	6,23	37,78	34,54	34,33	1481,11
2853	17.07.2025 20:04:32	6,23	37,78	34,54	34,33	1481,11
2854	17.07.2025 20:04:33	6,23	37,79	34,54	34,33	1481,11
2855	17.07.2025 20:04:34	6,23	37,78	34,54	34,33	1481,11
2856	17.07.2025 20:04:35	6,23	37,78	34,54	34,33	1481,11
2857	17.07.2025 20:04:36	6,23	37,78	34,54	34,33	1481,11
2858	17.07.2025 20:04:37	6,23	37,78	34,54	34,33	1481,11
2859	17.07.2025 20:04:38	6,23	37,78	34,54	34,33	1481,11
2860	17.07.2025 20:04:39	6,23	37,79	34,54	34,33	1481,11
2861	17.07.2025 20:04:40	6,23	37,78	34,54	34,33	1481,11
2862	17.07.2025 20:04:41	6,23	37,78	34,54	34,33	1481,11
2863	17.07.2025 20:04:42	6,23	37,78	34,54	34,33	1481,11
2864	17.07.2025 20:04:43	6,23	37,78	34,54	34,33	1481,11
2865	17.07.2025 20:04:44	6,23	37,76	34,54	34,33	1481,11
2866	17.07.2025 20:04:45	6,23	37,79	34,54	34,33	1481,11
2867	17.07.2025 20:04:46	6,23	37,78	34,54	34,33	1481,11
2868	17.07.2025 20:04:47	6,23	37,78	34,54	34,33	1481,11
2869	17.07.2025 20:04:48	6,23	37,78	34,54	34,33	1481,11
2870	17.07.2025 20:04:49	6,23	37,78	34,54	34,33	1481,11
2871	17.07.2025 20:04:50	6,23	37,78	34,54	34,33	1481,11
2872	17.07.2025 20:04:51	6,23	37,78	34,54	34,33	1481,11
2873	17.07.2025 20:04:52	6,23	37,78	34,54	34,33	1481,11
2874	17.07.2025 20:04:53	6,23	37,78	34,54	34,33	1481,11
2875	17.07.2025 20:04:54	6,23	37,78	34,54	34,33	1481,11
2876	17.07.2025 20:04:55	6,23	37,78	34,54	34,33	1481,11
2877	17.07.2025 20:04:56	6,23	37,78	34,54	34,33	1481,11
2878	17.07.2025 20:04:57	6,23	37,78	34,54	34,33	1481,11
2879	17.07.2025 20:04:58	6,23	37,76	34,54	34,33	1481,11
2880	17.07.2025 20:04:59	6,23	37,78	34,54	34,33	1481,11
2881	17.07.2025 20:05:00	6,23	37,78	34,54	34,33	1481,11
2882	17.07.2025 20:05:01	6,23	37,78	34,54	34,33	1481,11
2883	17.07.2025 20:05:02	6,23	37,78	34,54	34,33	1481,11
2884	17.07.2025 20:05:03	6,23	37,78	34,54	34,33	1481,11
2885	17.07.2025 20:05:04	6,23	37,78	34,54	34,33	1481,11
2886	17.07.2025 20:05:05	6,23	37,76	34,54	34,33	1481,11
2887	17.07.2025 20:05:06	6,23	37,76	34,54	34,33	1481,11
2888	17.07.2025 20:05:07	6,23	37,78	34,54	34,33	1481,11
2889	17.07.2025 20:05:08	6,23	37,76	34,54	34,33	1481,11
2890	17.07.2025 20:05:09	6,23	37,76	34,54	34,33	1481,11
2891	17.07.2025 20:05:10	6,23	37,76	34,54	34,33	1481,11
2892	17.07.2025 20:05:11	6,23	37,78	34,54	34,33	1481,11
2893	17.07.2025 20:05:12	6,23	37,76	34,54	34,33	1481,11
2894	17.07.2025 20:05:13	6,23	37,76	34,54	34,33	1481,11
2895	17.07.2025 20:05:14	6,23	37,74	34,54	34,33	1481,10
2896	17.07.2025 20:05:15	6,23	37,76	34,54	34,33	1481,11
2897	17.07.2025 20:05:16	6,23	37,76	34,54	34,33	1481,11
2898	17.07.2025 20:05:17	6,23	37,76	34,54	34,33	1481,11
2899	17.07.2025 20:05:18	6,23	37,76	34,54	34,33	1481,11
2900	17.07.2025 20:05:19	6,23	37,74	34,54	34,33	1481,10
2901	17.07.2025 20:05:20	6,23	37,74	34,54	34,33	1481,10
2902	17.07.2025 20:05:21	6,23	37,74	34,54	34,33	1481,10
2903	17.07.2025 20:05:22	6,23	37,76	34,54	34,33	1481,11
2904	17.07.2025 20:05:23	6,23	37,76	34,54	34,33	1481,11
2905	17.07.2025 20:05:24	6,23	37,76	34,54	34,33	1481,11
2906	17.07.2025 20:05:25	6,23	37,76	34,54	34,33	1481,11
2907	17.07.2025 20:05:26	6,23	37,74	34,54	34,33	1481,10
2908	17.07.2025 20:05:27	6,23	37,76	34,54	34,33	1481,11
2909	17.07.2025 20:05:28	6,23	37,76	34,54	34,33	1481,11
2910	17.07.2025 20:05:29	6,23	37,74	34,54	34,33	1481,10
2911	17.07.2025 20:05:30	6,23	37,74	34,54	34,33	1481,10
2912	17.07.2025 20:05:31	6,23	37,74	34,54	34,33	1481,10
2913	17.07.2025 20:05:32	6,23	37,74	34,54	34,33	1481,10
2914	17.07.2025 20:05:33	6,23	37,74	34,57	34,36	1481,14
2915	17.07.2025 20:05:34	6,23	37,74	34,54	34,33	1481,10
2916	17.07.2025 20:05:35	6,23	37,72	34,54	34,33	1481,10
2917	17.07.2025 20:05:36	6,23	37,72	34,54	34,33	1481,10
2918	17.07.2025 20:05:37	6,23	37,72	34,54	34,33	1481,10
2919	17.07.2025 20:05:38	6,23	37,74	34,54	34,33	1481,10
2920	17.07.2025 20:05:39	6,23	37,72	34,54	34,33	1481,10
2921	17.07.2025 20:05:40	6,23	37,72	34,54	34,33	1481,10
2922	17.07.2025 20:05:41	6,23	37,72	34,54	34,33	1481,10
2923	17.07.2025 20:05:42	6,23	37,72	34,54	34,33	1481,10
2924	17.07.2025 20:05:43	6,23	37,72	34,54	34,33	1481,10
2925	17.07.2025 20:05:44	6,23	37,71	34,54	34,33	1481,10
2926	17.07.2025 20:05:45	6,23	37,71	34,54	34,33	1481,10
2927	17.07.2025 20:05:46	6,23	37,72	34,54	34,33	1481,10
2928	17.07.2025 20:05:47	6,23	37,71	34,54	34,33	1481,10
2929	17.07.2025 20:05:48	6,23	37,71	34,54	34,33	1481,10
2930	17.07.2025 20:05:49	6,23	37,72	34,54	34,33	1481,10
2931	17.07.2025 20:05:50	6,23	37,71	34,54	34,33	1481,10
2932	17.07.2025 20:05:51	6,23	37,71	34,54	34,33	1481,10
2933	17.07.2025 20:05:52	6,23	37,69	34,54	34,33	1481,09
2934	17.07.2025 20:05:53	6,23	37,69	34,57	34,36	1481,13
2935	17.07.2025 20:05:54	6,23	37,69	34,54	34,33	1481,09
2936	17.07.2025 20:05:55	6,23	37,69	34,54	34,33	1481,09
2937	17.07.2025 20:05:56	6,23	37,71	34,54	34,33	1481,10
2938	17.07.2025 20:05:57	6,23	37,69	34,54	34,33	1481,09
2939	17.07.2025 20:05:58	6,23	37,69	34,54	34,33	1481,09
2940	17.07.2025 20:05:59	6,23	37,69	34,54	34,33	1481,09
2941	17.07.2025 20:06:00	6,23	37,69	34,54	34,33	1481,09
2942	17.07.2025 20:06:01	6,23	37,69	34,54	34,33	1481,09
2943	17.07.2025 20:06:02	6,23	37,69	34,54	34,33	1481,09
2944	17.07.2025 20:06:03	6,23	37,69	34,54	34,33	1481,09
2945	17.07.2025 20:06:04	6,23	37,69	34,57	34,36	1481,13
2946	17.07.2025 20:06:05	6,23	37,67	34,54	34,33	1481,09
2947	17.07.2025 20:06:06	6,23	37,67	34,54	34,33	1481,09
2948	17.07.2025 20:06:07	6,23	37,67	34,57	34,36	1481,13
2949	17.07.2025 20:06:08	6,23	37,67	34,54	34,33	1481,09
2950	17.07.2025 20:06:09	6,23	37,65	34,54	34,33	1481,09
2951	17.07.2025 20:06:10	6,23	37,67	34,54	34,33	1481,09
2952	17.07.2025 20:06:11	6,23	37,67	34,54	34,33	1481,09
2953	17.07.2025 20:06:12	6,23	37,65	34,54	34,33	1481,09
2954	17.07.2025 20:06:13	6,23	37,67	34,54	34,33	1481,09
2955	17.07.2025 20:06:14	6,23	37,64	34,54	34,33	1481,09
2956	17.07.2025 20:06:15	6,23	37,64	34,54	34,33	1481,09
2957	17.07.2025 20:06:16	6,23	37,64	34,54	34,33	1481,09
2958	17.07.2025 20:06:17	6,23	37,64	34,54	34,33	1481,09
2959	17.07.2025 20:06:18	6,23	37,64	34,54	34,33	1481,09
2960	17.07.2025 20:06:19	6,23	37,64	34,54	34,33	1481,09
2961	17.07.2025 20:06:20	6,23	37,64	34,54	34,33	1481,09
2962	17.07.2025 20:06:21	6,23	37,64	34,54	34,33	1481,09
2963	17.07.2025 20:06:22	6,23	37,62	34,54	34,33	1481,08
2964	17.07.2025 20:06:23	6,23	37,62	34,54	34,33	1481,08
2965	17.07.2025 20:06:24	6,23	37,62	34,54	34,33	1481,08
2966	17.07.2025 20:06:25	6,23	37,60	34,54	34,33	1481,08
2967	17.07.2025 20:06:26	6,23	37,62	34,54	34,33	1481,08
2968	17.07.2025 20:06:27	6,23	37,62	34,54	34,33	1481,08
2969	17.07.2025 20:06:28	6,23	37,60	34,54	34,33	1481,08
2970	17.07.2025 20:06:29	6,23	37,58	34,54	34,33	1481,08
2971	17.07.2025 20:06:30	6,23	37,60	34,54	34,33	1481,08
2972	17.07.2025 20:06:31	6,23	37,62	34,54	34,33	1481,08
2973	17.07.2025 20:06:32	6,23	37,60	34,54	34,33	1481,08
2974	17.07.2025 20:06:33	6,23	37,58	34,57	34,36	1481,12
2975	17.07.2025 20:06:34	6,23	37,60	34,54	34,33	1481,08
2976	17.07.2025 20:06:35	6,23	37,58	34,54	34,33	1481,08
2977	17.07.2025 20:06:36	6,23	37,58	34,54	34,33	1481,08
2978	17.07.2025 20:06:37	6,23	37,57	34,54	34,33	1481,08
2979	17.07.2025 20:06:38	6,23	37,57	34,54	34,33	1481,08
2980	17.07.2025 20:06:39	6,23	37,57	34,57	34,36	1481,11
2981	17.07.2025 20:06:40	6,23	37,57	34,54	34,33	1481,08
2982	17.07.2025 20:06:41	6,23	37,57	34,54	34,33	1481,08
2983	17.07.2025 20:06:42	6,23	37,55	34,54	34,33	1481,07
2984	17.07.2025 20:06:43	6,23	37,57	34,54	34,33	1481,08
2985	17.07.2025 20:06:44	6,23	37,57	34,54	34,33	1481,08
2986	17.07.2025 20:06:45	6,23	37,57	34,54	34,33	1481,08
2987	17.07.2025 20:06:46	6,23	37,55	34,54	34,33	1481,07
2988	17.07.2025 20:06:47	6,23	37,55	34,54	34,33	1481,07
2989	17.07.2025 20:06:48	6,23	37,55	34,54	34,33	1481,07
2990	17.07.2025 20:06:49	6,23	37,55	34,54	34,33	1481,07
2991	17.07.2025 20:06:50	6,23	37,53	34,54	34,33	1481,07
2992	17.07.2025 20:06:51	6,23	37,53	34,57	34,36	1481,11
2993	17.07.2025 20:06:52	6,23	37,53	34,57	34,36	1481,11
2994	17.07.2025 20:06:53	6,23	37,53	34,54	34,33	1481,07
2995	17.07.2025 20:06:54	6,23	37,53	34,54	34,33	1481,07
2996	17.07.2025 20:06:55	6,23	37,51	34,54	34,33	1481,07
2997	17.07.2025 20:06:56	6,23	37,51	34,54	34,33	1481,07
2998	17.07.2025 20:06:57	6,23	37,50	34,54	34,33	1481,06
2999	17.07.2025 20:06:58	6,23	37,50	34,54	34,33	1481,06
3000	17.07.2025 20:06:59	6,23	37,50	34,57	34,36	1481,10
3001	17.07.2025 20:07:00	6,23	37,50	34,54	34,33	1481,06
3002	17.07.2025 20:07:01	6,23	37,50	34,54	34,33	1481,06
3003	17.07.2025 20:07:02	6,23	37,48	34,54	34,33	1481,06
3004	17.07.2025 20:07:03	6,23	37,46	34,54	34,33	1481,06
3005	17.07.2025 20:07:04	6,23	37,46	34,54	34,33	1481,06
3006	17.07.2025 20:07:05	6,23	37,46	34,54	34,33	1481,06
3007	17.07.2025 20:07:06	6,23	37,44	34,54	34,33	1481,06
3008	17.07.2025 20:07:07	6,23	37,44	34,57	34,36	1481,09
3009	17.07.2025 20:07:08	6,23	37,43	34,54	34,33	1481,05
3010	17.07.2025 20:07:09	6,23	37,43	34,57	34,36	1481,09
3011	17.07.2025 20:07:10	6,23	37,43	34,54	34,33	1481,05
3012	17.07.2025 20:07:11	6,23	37,41	34,57	34,36	1481,09
3013	17.07.2025 20:07:12	6,23	37,43	34,54	34,33	1481,05
3014	17.07.2025 20:07:13	6,23	37,39	34,54	34,33	1481,05
3015	17.07.2025 20:07:14	6,23	37,39	34,54	34,33	1481,05
3016	17.07.2025 20:07:15	6,23	37,39	34,54	34,33	1481,05
3017	17.07.2025 20:07:16	6,23	37,37	34,57	34,36	1481,08
3018	17.07.2025 20:07:17	6,23	37,37	34,54	34,33	1481,05
3019	17.07.2025 20:07:18	6,23	37,36	34,54	34,33	1481,04
3020	17.07.2025 20:07:19	6,23	37,37	34,54	34,33	1481,05
3021	17.07.2025 20:07:20	6,23	37,36	34,57	34,36	1481,08
3022	17.07.2025 20:07:21	6,23	37,34	34,54	34,33	1481,04
3023	17.07.2025 20:07:22	6,23	37,34	34,54	34,33	1481,04
3024	17.07.2025 20:07:23	6,23	37,32	34,54	34,33	1481,04
3025	17.07.2025 20:07:24	6,23	37,32	34,54	34,33	1481,04
3026	17.07.2025 20:07:25	6,23	37,30	34,54	34,33	1481,03
3027	17.07.2025 20:07:26	6,23	37,30	34,57	34,36	1481,07
3028	17.07.2025 20:07:27	6,23	37,29	34,54	34,33	1481,03
3029	17.07.2025 20:07:28	6,23	37,30	34,54	34,33	1481,03
3030	17.07.2025 20:07:29	6,23	37,29	34,57	34,36	1481,07
3031	17.07.2025 20:07:30	6,23	37,27	34,57	34,36	1481,07
3032	17.07.2025 20:07:31	6,23	37,27	34,54	34,33	1481,03
3033	17.07.2025 20:07:32	6,23	37,25	34,54	34,33	1481,03
3034	17.07.2025 20:07:33	6,23	37,25	34,54	34,33	1481,03
3035	17.07.2025 20:07:34	6,23	37,23	34,57	34,36	1481,06
3036	17.07.2025 20:07:35	6,23	37,22	34,54	34,33	1481,02
3037	17.07.2025 20:07:36	6,23	37,22	34,57	34,36	1481,06
3038	17.07.2025 20:07:37	6,23	37,22	34,57	34,36	1481,06
3039	17.07.2025 20:07:38	6,23	37,20	34,57	34,36	1481,06
3040	17.07.2025 20:07:39	6,23	37,18	34,54	34,33	1481,02
3041	17.07.2025 20:07:40	6,23	37,18	34,54	34,33	1481,02
3042	17.07.2025 20:07:41	6,23	37,16	34,54	34,33	1481,01
3043	17.07.2025 20:07:42	6,23	37,16	34,54	34,33	1481,01
3044	17.07.2025 20:07:43	6,23	37,15	34,57	34,36	1481,05
3045	17.07.2025 20:07:44	6,23	37,15	34,54	34,33	1481,01
3046	17.07.2025 20:07:45	6,23	37,13	34,54	34,33	1481,01
3047	17.07.2025 20:07:46	6,23	37,13	34,54	34,33	1481,01
3048	17.07.2025 20:07:47	6,23	37,11	34,54	34,33	1481,00
3049	17.07.2025 20:07:48	6,23	37,11	34,54	34,33	1481,00
3050	17.07.2025 20:07:49	6,23	37,09	34,54	34,33	1481,00
3051	17.07.2025 20:07:50	6,23	37,09	34,54	34,33	1481,00
3052	17.07.2025 20:07:51	6,23	37,08	34,54	34,33	1481,00
3053	17.07.2025 20:07:52	6,23	37,06	34,54	34,33	1481,00
3054	17.07.2025 20:07:53	6,23	37,04	34,54	34,33	1480,99
3055	17.07.2025 20:07:54	6,23	37,04	34,54	34,33	1480,99
3056	17.07.2025 20:07:55	6,23	37,04	34,57	34,36	1481,03
3057	17.07.2025 20:07:56	6,23	37,04	34,54	34,33	1480,99
3058	17.07.2025 20:07:57	6,23	37,01	34,54	34,33	1480,99
3059	17.07.2025 20:07:58	6,23	37,01	34,54	34,33	1480,99
3060	17.07.2025 20:07:59	6,23	36,99	34,54	34,33	1480,98
3061	17.07.2025 20:08:00	6,23	36,99	34,54	34,33	1480,98
3062	17.07.2025 20:08:01	6,23	36,97	34,57	34,36	1481,02
3063	17.07.2025 20:08:02	6,23	36,97	34,54	34,33	1480,98
3064	17.07.2025 20:08:03	6,23	36,95	34,57	34,36	1481,02
3065	17.07.2025 20:08:04	6,23	36,95	34,54	34,33	1480,98
3066	17.07.2025 20:08:05	6,23	36,94	34,54	34,33	1480,98
3067	17.07.2025 20:08:06	6,23	36,90	34,54	34,33	1480,97
3068	17.07.2025 20:08:07	6,23	36,90	34,54	34,33	1480,97
3069	17.07.2025 20:08:08	6,23	36,90	34,54	34,33	1480,97
3070	17.07.2025 20:08:09	6,23	36,88	34,57	34,36	1481,01
3071	17.07.2025 20:08:10	6,23	36,88	34,54	34,33	1480,97
3072	17.07.2025 20:08:11	6,23	36,87	34,54	34,33	1480,97
3073	17.07.2025 20:08:12	6,23	36,85	34,54	34,33	1480,96
3074	17.07.2025 20:08:13	6,23	36,85	34,54	34,33	1480,96
3075	17.07.2025 20:08:14	6,23	36,85	34,57	34,36	1481,00
3076	17.07.2025 20:08:15	6,23	36,81	34,54	34,33	1480,96
3077	17.07.2025 20:08:16	6,23	36,81	34,54	34,33	1480,96
3078	17.07.2025 20:08:17	6,23	36,80	34,57	34,36	1480,99
3079	17.07.2025 20:08:18	6,23	36,80	34,54	34,33	1480,95
3080	17.07.2025 20:08:19	6,23	36,78	34,57	34,36	1480,99
3081	17.07.2025 20:08:20	6,23	36,78	34,54	34,33	1480,95
3082	17.07.2025 20:08:21	6,23	36,76	34,57	34,36	1480,99
3083	17.07.2025 20:08:22	6,23	36,76	34,57	34,36	1480,99
3084	17.07.2025 20:08:23	6,23	36,76	34,54	34,33	1480,95
3085	17.07.2025 20:08:24	6,23	36,74	34,54	34,33	1480,95
3086	17.07.2025 20:08:25	6,23	36,74	34,57	34,36	1480,98
3087	17.07.2025 20:08:26	6,23	36,71	34,57	34,36	1480,98
3088	17.07.2025 20:08:27	6,23	36,71	34,57	34,36	1480,98
3089	17.07.2025 20:08:28	6,23	36,71	34,57	34,36	1480,98
3090	17.07.2025 20:08:29	6,23	36,69	34,54	34,33	1480,94
3091	17.07.2025 20:08:30	6,23	36,67	34,54	34,33	1480,94
3092	17.07.2025 20:08:31	6,23	36,66	34,57	34,36	1480,97
3093	17.07.2025 20:08:32	6,23	36,66	34,54	34,33	1480,93
3094	17.07.2025 20:08:33	6,23	36,66	34,57	34,36	1480,97
3095	17.07.2025 20:08:34	6,23	36,64	34,54	34,33	1480,93
3096	17.07.2025 20:08:35	6,23	36,62	34,54	34,33	1480,93
3097	17.07.2025 20:08:36	6,23	36,60	34,57	34,36	1480,96
3098	17.07.2025 20:08:37	6,23	36,60	34,54	34,33	1480,92
3099	17.07.2025 20:08:38	6,23	36,59	34,57	34,36	1480,96
3100	17.07.2025 20:08:39	6,23	36,57	34,54	34,33	1480,92
3101	17.07.2025 20:08:40	6,23	36,57	34,57	34,36	1480,96
3102	17.07.2025 20:08:41	6,23	36,55	34,54	34,33	1480,92
3103	17.07.2025 20:08:42	6,23	36,55	34,54	34,33	1480,92
3104	17.07.2025 20:08:43	6,23	36,53	34,54	34,33	1480,91
3105	17.07.2025 20:08:44	6,23	36,52	34,54	34,33	1480,91
3106	17.07.2025 20:08:45	6,23	36,52	34,54	34,33	1480,91
3107	17.07.2025 20:08:46	6,23	36,50	34,54	34,33	1480,91
3108	17.07.2025 20:08:47	6,23	36,48	34,54	34,33	1480,91
3109	17.07.2025 20:08:48	6,23	36,46	34,54	34,33	1480,90
3110	17.07.2025 20:08:49	6,23	36,46	34,54	34,33	1480,90
3111	17.07.2025 20:08:50	6,23	36,45	34,54	34,33	1480,90
3112	17.07.2025 20:08:51	6,23	36,43	34,54	34,33	1480,90
3113	17.07.2025 20:08:52	6,23	36,41	34,54	34,33	1480,89
3114	17.07.2025 20:08:53	6,23	36,41	34,54	34,33	1480,89
3115	17.07.2025 20:08:54	6,23	36,39	34,54	34,33	1480,89
3116	17.07.2025 20:08:55	6,23	36,38	34,57	34,36	1480,93
3117	17.07.2025 20:08:56	6,23	36,36	34,57	34,36	1480,92
3118	17.07.2025 20:08:57	6,23	36,34	34,54	34,33	1480,88
3119	17.07.2025 20:08:58	6,23	36,34	34,54	34,33	1480,88
3120	17.07.2025 20:08:59	6,23	36,31	34,54	34,33	1480,88
3121	17.07.2025 20:09:00	6,23	36,31	34,54	34,33	1480,88
3122	17.07.2025 20:09:01	6,23	36,29	34,54	34,33	1480,87
3123	17.07.2025 20:09:02	6,23	36,27	34,54	34,33	1480,87
3124	17.07.2025 20:09:03	6,23	36,27	34,54	34,33	1480,87
3125	17.07.2025 20:09:04	6,23	36,27	34,54	34,33	1480,87
3126	17.07.2025 20:09:05	6,23	36,25	34,54	34,33	1480,87
3127	17.07.2025 20:09:06	6,23	36,24	34,54	34,33	1480,87
3128	17.07.2025 20:09:07	6,23	36,22	34,54	34,33	1480,86
3129	17.07.2025 20:09:08	6,23	36,24	34,54	34,33	1480,87
3130	17.07.2025 20:09:09	6,23	36,22	34,54	34,33	1480,86
3131	17.07.2025 20:09:10	6,23	36,18	34,54	34,33	1480,86
3132	17.07.2025 20:09:11	6,23	36,18	34,54	34,33	1480,86
3133	17.07.2025 20:09:12	6,23	36,17	34,54	34,33	1480,86
3134	17.07.2025 20:09:13	6,23	36,15	34,57	34,36	1480,89
3135	17.07.2025 20:09:14	6,23	36,11	34,54	34,33	1480,85
3136	17.07.2025 20:09:15	6,23	36,11	34,57	34,36	1480,89
3137	17.07.2025 20:09:16	6,23	36,11	34,54	34,33	1480,85
3138	17.07.2025 20:09:17	6,23	36,10	34,54	34,33	1480,84
3139	17.07.2025 20:09:18	6,23	36,08	34,57	34,36	1480,88
3140	17.07.2025 20:09:19	6,23	36,06	34,54	34,33	1480,84
3141	17.07.2025 20:09:20	6,23	36,06	34,54	34,33	1480,84
3142	17.07.2025 20:09:21	6,23	36,03	34,54	34,33	1480,83
3143	17.07.2025 20:09:22	6,23	36,03	34,54	34,33	1480,83
3144	17.07.2025 20:09:23	6,23	35,99	34,54	34,33	1480,83
3145	17.07.2025 20:09:24	6,23	35,99	34,57	34,36	1480,87
3146	17.07.2025 20:09:25	6,23	35,97	34,57	34,36	1480,86
3147	17.07.2025 20:09:26	6,23	35,96	34,54	34,33	1480,82
3148	17.07.2025 20:09:27	6,23	35,94	34,54	34,33	1480,82
3149	17.07.2025 20:09:28	6,23	35,94	34,54	34,33	1480,82
3150	17.07.2025 20:09:29	6,23	35,92	34,57	34,36	1480,86
3151	17.07.2025 20:09:30	6,23	35,88	34,54	34,33	1480,81
3152	17.07.2025 20:09:31	6,23	35,88	34,54	34,33	1480,81
3153	17.07.2025 20:09:32	6,23	35,88	34,54	34,33	1480,81
3154	17.07.2025 20:09:33	6,23	35,85	34,57	34,36	1480,84
3155	17.07.2025 20:09:34	6,23	35,85	34,54	34,33	1480,81
3156	17.07.2025 20:09:35	6,23	35,83	34,54	34,33	1480,80
3157	17.07.2025 20:09:36	6,23	35,81	34,54	34,33	1480,80
3158	17.07.2025 20:09:37	6,23	35,80	34,57	34,36	1480,84
3159	17.07.2025 20:09:38	6,23	35,80	34,57	34,36	1480,84
3160	17.07.2025 20:09:39	6,23	35,78	34,55	34,33	1480,80
3161	17.07.2025 20:09:40	6,23	35,76	34,55	34,33	1480,79
3162	17.07.2025 20:09:41	6,23	35,74	34,55	34,33	1480,79
3163	17.07.2025 20:09:42	6,23	35,73	34,58	34,36	1480,83
3164	17.07.2025 20:09:43	6,23	35,71	34,58	34,36	1480,82
3165	17.07.2025 20:09:44	6,23	35,69	34,55	34,33	1480,78
3166	17.07.2025 20:09:45	6,23	35,67	34,58	34,36	1480,82
3167	17.07.2025 20:09:46	6,23	35,66	34,55	34,33	1480,78
3168	17.07.2025 20:09:47	6,23	35,66	34,58	34,36	1480,81
3169	17.07.2025 20:09:48	6,23	35,62	34,58	34,36	1480,81
3170	17.07.2025 20:09:49	6,23	35,62	34,55	34,33	1480,77
3171	17.07.2025 20:09:50	6,23	35,60	34,58	34,36	1480,81
3172	17.07.2025 20:09:51	6,23	35,59	34,55	34,33	1480,77
3173	17.07.2025 20:09:52	6,23	35,57	34,55	34,33	1480,76
3174	17.07.2025 20:09:53	6,23	35,55	34,55	34,33	1480,76
3175	17.07.2025 20:09:54	6,23	35,53	34,55	34,33	1480,76
3176	17.07.2025 20:09:55	6,23	35,52	34,55	34,33	1480,75
3177	17.07.2025 20:09:56	6,23	35,52	34,55	34,33	1480,75
3178	17.07.2025 20:09:57	6,23	35,48	34,55	34,33	1480,75
3179	17.07.2025 20:09:58	6,23	35,46	34,55	34,33	1480,75
3180	17.07.2025 20:09:59	6,23	35,45	34,55	34,33	1480,74
3181	17.07.2025 20:10:00	6,23	35,43	34,55	34,33	1480,74
3182	17.07.2025 20:10:01	6,23	35,43	34,55	34,33	1480,74
3183	17.07.2025 20:10:02	6,23	35,39	34,58	34,36	1480,77
3184	17.07.2025 20:10:03	6,23	35,39	34,55	34,33	1480,73
3185	17.07.2025 20:10:04	6,23	35,38	34,55	34,33	1480,73
3186	17.07.2025 20:10:05	6,23	35,36	34,55	34,33	1480,73
3187	17.07.2025 20:10:06	6,23	35,32	34,55	34,33	1480,72
3188	17.07.2025 20:10:07	6,23	35,31	34,55	34,33	1480,72
3189	17.07.2025 20:10:08	6,23	35,29	34,55	34,33	1480,72
3190	17.07.2025 20:10:09	6,23	35,29	34,55	34,33	1480,72
3191	17.07.2025 20:10:10	6,26	35,27	34,54	34,36	1480,85
3192	17.07.2025 20:10:11	6,23	35,25	34,55	34,33	1480,71
3193	17.07.2025 20:10:12	6,23	35,22	34,55	34,33	1480,71
3194	17.07.2025 20:10:13	6,26	35,20	34,51	34,33	1480,80
3195	17.07.2025 20:10:14	6,23	35,18	34,55	34,33	1480,70
3196	17.07.2025 20:10:15	6,23	35,15	34,55	34,33	1480,70
3197	17.07.2025 20:10:16	6,23	35,13	34,55	34,33	1480,69
3198	17.07.2025 20:10:17	6,26	35,12	34,51	34,33	1480,79
3199	17.07.2025 20:10:18	6,23	35,10	34,55	34,33	1480,69
3200	17.07.2025 20:10:19	6,23	35,08	34,55	34,33	1480,69
3201	17.07.2025 20:10:20	6,23	35,06	34,55	34,33	1480,68
3202	17.07.2025 20:10:21	6,23	35,03	34,55	34,33	1480,68
3203	17.07.2025 20:10:22	6,23	35,01	34,55	34,33	1480,67
3204	17.07.2025 20:10:23	6,26	34,99	34,51	34,33	1480,77
3205	17.07.2025 20:10:24	6,26	34,98	34,52	34,33	1480,76
3206	17.07.2025 20:10:25	6,26	34,96	34,52	34,33	1480,76
3207	17.07.2025 20:10:26	6,26	34,92	34,54	34,36	1480,79
3208	17.07.2025 20:10:27	6,23	34,90	34,55	34,33	1480,66
3209	17.07.2025 20:10:28	6,26	34,91	34,52	34,33	1480,75
3210	17.07.2025 20:10:29	6,23	34,89	34,55	34,33	1480,66
3211	17.07.2025 20:10:30	6,23	34,87	34,58	34,36	1480,69
3212	17.07.2025 20:10:31	6,23	34,83	34,58	34,36	1480,69
3213	17.07.2025 20:10:32	6,23	34,83	34,55	34,33	1480,65
3214	17.07.2025 20:10:33	6,23	34,83	34,55	34,33	1480,65
3215	17.07.2025 20:10:34	6,26	34,80	34,52	34,33	1480,74
3216	17.07.2025 20:10:35	6,26	34,78	34,55	34,36	1480,77
3217	17.07.2025 20:10:36	6,26	34,77	34,52	34,33	1480,73
3218	17.07.2025 20:10:37	6,26	34,75	34,52	34,33	1480,73
3219	17.07.2025 20:10:38	6,26	34,73	34,52	34,33	1480,73
3220	17.07.2025 20:10:39	6,23	34,71	34,55	34,33	1480,63
3221	17.07.2025 20:10:40	6,26	34,70	34,52	34,33	1480,72
3222	17.07.2025 20:10:41	6,26	34,68	34,52	34,33	1480,72
3223	17.07.2025 20:10:42	6,26	34,66	34,52	34,33	1480,71
3224	17.07.2025 20:10:43	6,26	34,64	34,55	34,36	1480,75
3225	17.07.2025 20:10:44	6,23	34,61	34,55	34,33	1480,61
3226	17.07.2025 20:10:45	6,23	34,59	34,55	34,33	1480,61
3227	17.07.2025 20:10:46	6,26	34,59	34,55	34,36	1480,74
3228	17.07.2025 20:10:47	6,26	34,57	34,52	34,33	1480,70
3229	17.07.2025 20:10:48	6,26	34,56	34,52	34,33	1480,70
3230	17.07.2025 20:10:49	6,26	34,54	34,55	34,36	1480,73
3231	17.07.2025 20:10:50	6,26	34,52	34,52	34,33	1480,69
3232	17.07.2025 20:10:51	6,26	34,50	34,55	34,36	1480,73
3233	17.07.2025 20:10:52	6,26	34,49	34,55	34,36	1480,72
3234	17.07.2025 20:10:53	6,26	34,47	34,52	34,33	1480,68
3235	17.07.2025 20:10:54	6,26	34,45	34,52	34,33	1480,68
3236	17.07.2025 20:10:55	6,26	34,43	34,52	34,33	1480,68
3237	17.07.2025 20:10:56	6,26	34,42	34,55	34,36	1480,71
3238	17.07.2025 20:10:57	6,26	34,42	34,55	34,36	1480,71
3239	17.07.2025 20:10:58	6,26	34,40	34,55	34,36	1480,71
3240	17.07.2025 20:10:59	6,26	34,38	34,58	34,39	1480,75
3241	17.07.2025 20:11:00	6,26	34,35	34,58	34,39	1480,74
3242	17.07.2025 20:11:01	6,26	34,35	34,61	34,41	1480,78
3243	17.07.2025 20:11:02	6,30	34,33	34,57	34,41	1480,87
3244	17.07.2025 20:11:03	6,30	34,29	34,57	34,41	1480,86
3245	17.07.2025 20:11:04	6,30	34,29	34,60	34,44	1480,90
3246	17.07.2025 20:11:05	6,30	34,28	34,60	34,44	1480,90
3247	17.07.2025 20:11:06	6,30	34,26	34,60	34,44	1480,90
3248	17.07.2025 20:11:07	6,33	34,24	34,57	34,44	1480,99
3249	17.07.2025 20:11:08	6,33	34,23	34,57	34,44	1480,99
3250	17.07.2025 20:11:09	6,33	34,21	34,57	34,44	1480,98
3251	17.07.2025 20:11:10	6,33	34,19	34,57	34,44	1480,98
3252	17.07.2025 20:11:11	6,33	34,17	34,57	34,44	1480,98
3253	17.07.2025 20:11:12	6,33	34,16	34,60	34,47	1481,01
3254	17.07.2025 20:11:13	6,33	34,14	34,60	34,47	1481,01
3255	17.07.2025 20:11:14	6,33	34,12	34,60	34,47	1481,01
3256	17.07.2025 20:11:15	6,33	34,10	34,60	34,47	1481,00
3257	17.07.2025 20:11:16	6,33	34,09	34,60	34,47	1481,00
3258	17.07.2025 20:11:17	6,33	34,07	34,60	34,47	1481,00
3259	17.07.2025 20:11:18	6,33	34,07	34,60	34,47	1481,00
3260	17.07.2025 20:11:19	6,37	34,02	34,57	34,47	1481,08
3261	17.07.2025 20:11:20	6,37	34,02	34,57	34,47	1481,09
3262	17.07.2025 20:11:21	6,37	34,00	34,57	34,47	1481,08
3263	17.07.2025 20:11:22	6,37	33,98	34,57	34,47	1481,08
3264	17.07.2025 20:11:23	6,37	33,97	34,57	34,47	1481,08
3265	17.07.2025 20:11:24	6,37	33,93	34,57	34,47	1481,07
3266	17.07.2025 20:11:25	6,37	33,95	34,57	34,47	1481,07
3267	17.07.2025 20:11:26	6,37	33,90	34,57	34,47	1481,07
3268	17.07.2025 20:11:27	6,37	33,90	34,57	34,47	1481,07
3269	17.07.2025 20:11:28	6,37	33,86	34,57	34,47	1481,06
3270	17.07.2025 20:11:29	6,37	33,84	34,57	34,47	1481,06
3271	17.07.2025 20:11:30	6,37	33,83	34,57	34,47	1481,06
3272	17.07.2025 20:11:31	6,37	33,81	34,57	34,47	1481,05
3273	17.07.2025 20:11:32	6,37	33,81	34,57	34,47	1481,05
3274	17.07.2025 20:11:33	6,37	33,77	34,57	34,47	1481,05
3275	17.07.2025 20:11:34	6,40	33,76	34,53	34,47	1481,14
3276	17.07.2025 20:11:35	6,40	33,74	34,56	34,50	1481,17
3277	17.07.2025 20:11:36	6,40	33,72	34,53	34,47	1481,13
3278	17.07.2025 20:11:37	6,40	33,70	34,53	34,47	1481,13
3279	17.07.2025 20:11:38	6,40	33,67	34,56	34,50	1481,16
3280	17.07.2025 20:11:39	6,40	33,65	34,56	34,50	1481,16
3281	17.07.2025 20:11:40	6,40	33,63	34,56	34,50	1481,16
3282	17.07.2025 20:11:41	6,40	33,62	34,56	34,50	1481,15
3283	17.07.2025 20:11:42	6,40	33,58	34,56	34,50	1481,15
3284	17.07.2025 20:11:43	6,40	33,58	34,56	34,50	1481,15
3285	17.07.2025 20:11:44	6,40	33,56	34,56	34,50	1481,15
3286	17.07.2025 20:11:45	6,40	33,55	34,56	34,50	1481,14
3287	17.07.2025 20:11:46	6,40	33,51	34,56	34,50	1481,14
3288	17.07.2025 20:11:47	6,40	33,51	34,56	34,50	1481,14
3289	17.07.2025 20:11:48	6,40	33,49	34,56	34,50	1481,13
3290	17.07.2025 20:11:49	6,40	33,46	34,53	34,47	1481,09
3291	17.07.2025 20:11:50	6,40	33,46	34,56	34,50	1481,13
3292	17.07.2025 20:11:51	6,40	33,42	34,56	34,50	1481,12
3293	17.07.2025 20:11:52	6,40	33,41	34,56	34,50	1481,12
3294	17.07.2025 20:11:53	6,40	33,39	34,56	34,50	1481,12
3295	17.07.2025 20:11:54	6,44	33,37	34,53	34,50	1481,21
3296	17.07.2025 20:11:55	6,40	33,35	34,57	34,50	1481,11
3297	17.07.2025 20:11:56	6,40	33,34	34,57	34,50	1481,11
3298	17.07.2025 20:11:57	6,44	33,32	34,53	34,50	1481,20
3299	17.07.2025 20:11:58	6,44	33,29	34,53	34,50	1481,20
3300	17.07.2025 20:11:59	6,44	33,29	34,53	34,50	1481,20
3301	17.07.2025 20:12:00	6,44	33,27	34,50	34,47	1481,16
3302	17.07.2025 20:12:01	6,44	33,25	34,50	34,47	1481,15
3303	17.07.2025 20:12:02	6,44	33,22	34,50	34,47	1481,15
3304	17.07.2025 20:12:03	6,44	33,20	34,50	34,47	1481,14
3305	17.07.2025 20:12:04	6,44	33,18	34,50	34,47	1481,14
3306	17.07.2025 20:12:05	6,44	33,16	34,53	34,50	1481,18
3307	17.07.2025 20:12:06	6,44	33,15	34,53	34,50	1481,17
3308	17.07.2025 20:12:07	6,44	33,13	34,53	34,50	1481,17
3309	17.07.2025 20:12:08	6,44	33,11	34,53	34,50	1481,17
3310	17.07.2025 20:12:09	6,44	33,09	34,53	34,50	1481,17
3311	17.07.2025 20:12:10	6,44	33,08	34,53	34,50	1481,16
3312	17.07.2025 20:12:11	6,44	33,06	34,50	34,47	1481,12
3313	17.07.2025 20:12:12	6,44	33,01	34,53	34,50	1481,15
3314	17.07.2025 20:12:13	6,44	33,01	34,50	34,47	1481,11
3315	17.07.2025 20:12:14	6,44	32,99	34,53	34,50	1481,15
3316	17.07.2025 20:12:15	6,44	32,97	34,53	34,50	1481,15
3317	17.07.2025 20:12:16	6,44	32,95	34,53	34,50	1481,14
3318	17.07.2025 20:12:17	6,44	32,92	34,53	34,50	1481,14
3319	17.07.2025 20:12:18	6,44	32,90	34,53	34,50	1481,14
3320	17.07.2025 20:12:19	6,44	32,90	34,53	34,50	1481,14
3321	17.07.2025 20:12:20	6,44	32,86	34,53	34,50	1481,13
3322	17.07.2025 20:12:21	6,44	32,85	34,53	34,50	1481,13
3323	17.07.2025 20:12:22	6,44	32,83	34,50	34,47	1481,09
3324	17.07.2025 20:12:23	6,44	32,81	34,53	34,50	1481,12
3325	17.07.2025 20:12:24	6,44	32,78	34,53	34,50	1481,12
3326	17.07.2025 20:12:25	6,44	32,76	34,53	34,50	1481,11
3327	17.07.2025 20:12:26	6,44	32,72	34,53	34,50	1481,11
3328	17.07.2025 20:12:27	6,44	32,71	34,53	34,50	1481,11
3329	17.07.2025 20:12:28	6,44	32,69	34,53	34,50	1481,10
3330	17.07.2025 20:12:29	6,44	32,65	34,53	34,50	1481,10
3331	17.07.2025 20:12:30	6,47	32,62	34,50	34,50	1481,19
3332	17.07.2025 20:12:31	6,44	32,62	34,54	34,50	1481,09
3333	17.07.2025 20:12:32	6,47	32,60	34,50	34,50	1481,18
3334	17.07.2025 20:12:33	6,44	32,57	34,54	34,50	1481,08
3335	17.07.2025 20:12:34	6,44	32,53	34,54	34,50	1481,08
3336	17.07.2025 20:12:35	6,47	32,52	34,50	34,50	1481,17
3337	17.07.2025 20:12:36	6,47	32,50	34,50	34,50	1481,17
3338	17.07.2025 20:12:37	6,47	32,48	34,50	34,50	1481,16
3339	17.07.2025 20:12:38	6,47	32,45	34,50	34,50	1481,16
3340	17.07.2025 20:12:39	6,47	32,43	34,50	34,50	1481,16
3341	17.07.2025 20:12:40	6,47	32,41	34,50	34,50	1481,15
3342	17.07.2025 20:12:41	6,47	32,39	34,50	34,50	1481,15
3343	17.07.2025 20:12:42	6,47	32,36	34,50	34,50	1481,14
3344	17.07.2025 20:12:43	6,47	32,34	34,50	34,50	1481,14
3345	17.07.2025 20:12:44	6,47	32,32	34,50	34,50	1481,14
3346	17.07.2025 20:12:45	6,47	32,31	34,50	34,50	1481,14
3347	17.07.2025 20:12:46	6,47	32,27	34,50	34,50	1481,13
3348	17.07.2025 20:12:47	6,47	32,25	34,50	34,50	1481,13
3349	17.07.2025 20:12:48	6,47	32,24	34,50	34,50	1481,13
3350	17.07.2025 20:12:49	6,47	32,20	34,50	34,50	1481,12
3351	17.07.2025 20:12:50	6,47	32,18	34,50	34,50	1481,12
3352	17.07.2025 20:12:51	6,47	32,17	34,50	34,50	1481,11
3353	17.07.2025 20:12:52	6,47	32,17	34,50	34,50	1481,11
3354	17.07.2025 20:12:53	6,47	32,11	34,50	34,50	1481,11
3355	17.07.2025 20:12:54	6,47	32,10	34,50	34,50	1481,10
3356	17.07.2025 20:12:55	6,47	32,08	34,50	34,50	1481,10
3357	17.07.2025 20:12:56	6,47	32,04	34,50	34,50	1481,09
3358	17.07.2025 20:12:57	6,47	32,03	34,50	34,50	1481,09
3359	17.07.2025 20:12:58	6,47	31,99	34,50	34,50	1481,09
3360	17.07.2025 20:12:59	6,47	31,97	34,50	34,50	1481,08
3361	17.07.2025 20:13:00	6,47	31,96	34,50	34,50	1481,08
3362	17.07.2025 20:13:01	6,47	31,94	34,50	34,50	1481,08
3363	17.07.2025 20:13:02	6,47	31,92	34,50	34,50	1481,08
3364	17.07.2025 20:13:03	6,47	31,89	34,50	34,50	1481,07
3365	17.07.2025 20:13:04	6,47	31,85	34,50	34,50	1481,06
3366	17.07.2025 20:13:05	6,47	31,83	34,50	34,50	1481,06
3367	17.07.2025 20:13:06	6,47	31,80	34,51	34,50	1481,06
3368	17.07.2025 20:13:07	6,47	31,80	34,51	34,50	1481,06
3369	17.07.2025 20:13:08	6,51	31,76	34,47	34,50	1481,14
3370	17.07.2025 20:13:09	6,47	31,73	34,51	34,50	1481,05
3371	17.07.2025 20:13:10	6,47	31,71	34,51	34,50	1481,04
3372	17.07.2025 20:13:11	6,51	31,69	34,47	34,50	1481,13
3373	17.07.2025 20:13:12	6,47	31,68	34,51	34,50	1481,04
3374	17.07.2025 20:13:13	6,51	31,64	34,47	34,50	1481,13
3375	17.07.2025 20:13:14	6,51	31,61	34,47	34,50	1481,12
3376	17.07.2025 20:13:15	6,51	31,61	34,50	34,53	1481,16
3377	17.07.2025 20:13:16	6,51	31,59	34,47	34,50	1481,12
3378	17.07.2025 20:13:17	6,51	31,55	34,47	34,50	1481,11
3379	17.07.2025 20:13:18	6,51	31,50	34,47	34,50	1481,10
3380	17.07.2025 20:13:19	6,51	31,50	34,47	34,50	1481,10
3381	17.07.2025 20:13:20	6,51	31,48	34,47	34,50	1481,10
3382	17.07.2025 20:13:21	6,51	31,45	34,47	34,50	1481,10
3383	17.07.2025 20:13:22	6,51	31,41	34,47	34,50	1481,09
3384	17.07.2025 20:13:23	6,51	31,40	34,47	34,50	1481,09
3385	17.07.2025 20:13:24	6,51	31,38	34,47	34,50	1481,08
3386	17.07.2025 20:13:25	6,51	31,34	34,47	34,50	1481,08
3387	17.07.2025 20:13:26	6,51	31,33	34,47	34,50	1481,08
3388	17.07.2025 20:13:27	6,51	31,29	34,47	34,50	1481,07
3389	17.07.2025 20:13:28	6,51	31,27	34,47	34,50	1481,07
3390	17.07.2025 20:13:29	6,51	31,24	34,47	34,50	1481,06
3391	17.07.2025 20:13:30	6,51	31,20	34,47	34,50	1481,06
3392	17.07.2025 20:13:31	6,51	31,19	34,47	34,50	1481,05
3393	17.07.2025 20:13:32	6,51	31,15	34,47	34,50	1481,05
3394	17.07.2025 20:13:33	6,51	31,15	34,47	34,50	1481,05
3395	17.07.2025 20:13:34	6,51	31,12	34,47	34,50	1481,04
3396	17.07.2025 20:13:35	6,51	31,10	34,47	34,50	1481,04
3397	17.07.2025 20:13:36	6,51	31,06	34,47	34,50	1481,03
3398	17.07.2025 20:13:37	6,51	31,03	34,48	34,50	1481,03
3399	17.07.2025 20:13:38	6,51	31,01	34,48	34,50	1481,03
3400	17.07.2025 20:13:39	6,51	30,98	34,48	34,50	1481,02
3401	17.07.2025 20:13:40	6,51	30,96	34,48	34,50	1481,02
3402	17.07.2025 20:13:41	6,51	30,94	34,48	34,50	1481,02
3403	17.07.2025 20:13:42	6,51	30,91	34,48	34,50	1481,01
3404	17.07.2025 20:13:43	6,51	30,87	34,48	34,50	1481,00
3405	17.07.2025 20:13:44	6,51	30,85	34,48	34,50	1481,00
3406	17.07.2025 20:13:45	6,51	30,82	34,48	34,50	1481,00
3407	17.07.2025 20:13:46	6,51	30,78	34,48	34,50	1480,99
3408	17.07.2025 20:13:47	6,51	30,77	34,48	34,50	1480,99
3409	17.07.2025 20:13:48	6,51	30,73	34,48	34,50	1480,98
3410	17.07.2025 20:13:49	6,51	30,70	34,48	34,50	1480,98
3411	17.07.2025 20:13:50	6,51	30,68	34,48	34,50	1480,97
3412	17.07.2025 20:13:51	6,51	30,66	34,48	34,50	1480,97
3413	17.07.2025 20:13:52	6,51	30,63	34,48	34,50	1480,97
3414	17.07.2025 20:13:53	6,51	30,61	34,48	34,50	1480,96
3415	17.07.2025 20:13:54	6,51	30,59	34,48	34,50	1480,96
3416	17.07.2025 20:13:55	6,51	30,56	34,48	34,50	1480,96
3417	17.07.2025 20:13:56	6,51	30,54	34,48	34,50	1480,95
3418	17.07.2025 20:13:57	6,51	30,50	34,48	34,50	1480,95
3419	17.07.2025 20:13:58	6,51	30,47	34,45	34,47	1480,90
3420	17.07.2025 20:13:59	6,51	30,45	34,48	34,50	1480,94
3421	17.07.2025 20:14:00	6,51	30,42	34,48	34,50	1480,93
3422	17.07.2025 20:14:01	6,51	30,38	34,48	34,50	1480,93
3423	17.07.2025 20:14:02	6,51	30,36	34,48	34,50	1480,92
3424	17.07.2025 20:14:03	6,51	30,33	34,48	34,50	1480,92
3425	17.07.2025 20:14:04	6,51	30,31	34,48	34,50	1480,92
3426	17.07.2025 20:14:05	6,51	30,28	34,48	34,50	1480,91
3427	17.07.2025 20:14:06	6,51	30,26	34,48	34,50	1480,91
3428	17.07.2025 20:14:07	6,51	30,22	34,48	34,50	1480,90
3429	17.07.2025 20:14:08	6,51	30,19	34,48	34,50	1480,90
3430	17.07.2025 20:14:09	6,51	30,17	34,48	34,50	1480,89
3431	17.07.2025 20:14:10	6,51	30,14	34,48	34,50	1480,89
3432	17.07.2025 20:14:11	6,51	30,10	34,48	34,50	1480,88
3433	17.07.2025 20:14:12	6,51	30,08	34,48	34,50	1480,88
3434	17.07.2025 20:14:13	6,51	30,06	34,48	34,50	1480,88
3435	17.07.2025 20:14:14	6,51	30,03	34,48	34,50	1480,87
3436	17.07.2025 20:14:15	6,51	29,99	34,48	34,50	1480,87
3437	17.07.2025 20:14:16	6,51	29,98	34,48	34,50	1480,86
3438	17.07.2025 20:14:17	6,54	29,94	34,45	34,50	1480,95
3439	17.07.2025 20:14:18	6,54	29,91	34,45	34,50	1480,95
3440	17.07.2025 20:14:19	6,54	29,87	34,45	34,50	1480,94
3441	17.07.2025 20:14:20	6,54	29,86	34,45	34,50	1480,94
3442	17.07.2025 20:14:21	6,51	29,84	34,48	34,50	1480,84
3443	17.07.2025 20:14:22	6,54	29,79	34,45	34,50	1480,93
3444	17.07.2025 20:14:23	6,54	29,79	34,45	34,50	1480,93
3445	17.07.2025 20:14:24	6,51	29,75	34,48	34,50	1480,83
3446	17.07.2025 20:14:25	6,54	29,73	34,45	34,50	1480,92
3447	17.07.2025 20:14:26	6,54	29,68	34,45	34,50	1480,91
3448	17.07.2025 20:14:27	6,54	29,66	34,45	34,50	1480,91
3449	17.07.2025 20:14:28	6,54	29,63	34,45	34,50	1480,90
3450	17.07.2025 20:14:29	6,51	29,59	34,48	34,50	1480,80
3451	17.07.2025 20:14:30	6,54	29,58	34,45	34,50	1480,90
3452	17.07.2025 20:14:31	6,54	29,54	34,45	34,50	1480,89
3453	17.07.2025 20:14:32	6,54	29,51	34,45	34,50	1480,88
3454	17.07.2025 20:14:33	6,54	29,49	34,42	34,47	1480,84
3455	17.07.2025 20:14:34	6,54	29,45	34,45	34,50	1480,88
3456	17.07.2025 20:14:35	6,54	29,42	34,45	34,50	1480,87
3457	17.07.2025 20:14:36	6,54	29,38	34,45	34,50	1480,86
3458	17.07.2025 20:14:37	6,54	29,37	34,42	34,47	1480,82
3459	17.07.2025 20:14:38	6,54	29,35	34,45	34,50	1480,86
3460	17.07.2025 20:14:39	6,54	29,31	34,42	34,47	1480,82
3461	17.07.2025 20:14:40	6,54	29,28	34,42	34,47	1480,81
3462	17.07.2025 20:14:41	6,54	29,24	34,42	34,47	1480,81
3463	17.07.2025 20:14:42	6,54	29,23	34,42	34,47	1480,80
3464	17.07.2025 20:14:43	6,54	29,21	34,42	34,47	1480,80
3465	17.07.2025 20:14:44	6,54	29,16	34,45	34,50	1480,83
3466	17.07.2025 20:14:45	6,54	29,12	34,42	34,47	1480,79
3467	17.07.2025 20:14:46	6,54	29,10	34,42	34,47	1480,78
3468	17.07.2025 20:14:47	6,54	29,07	34,42	34,47	1480,78
3469	17.07.2025 20:14:48	6,54	29,03	34,42	34,47	1480,77
3470	17.07.2025 20:14:49	6,54	29,02	34,42	34,47	1480,77
3471	17.07.2025 20:14:50	6,54	28,96	34,42	34,47	1480,76
3472	17.07.2025 20:14:51	6,54	28,95	34,42	34,47	1480,76
3473	17.07.2025 20:14:52	6,54	28,91	34,42	34,47	1480,75
3474	17.07.2025 20:14:53	6,54	28,88	34,42	34,47	1480,75
3475	17.07.2025 20:14:54	6,54	28,84	34,42	34,47	1480,74
3476	17.07.2025 20:14:55	6,54	28,82	34,42	34,47	1480,74
3477	17.07.2025 20:14:56	6,54	28,79	34,42	34,47	1480,73
3478	17.07.2025 20:14:57	6,54	28,75	34,42	34,47	1480,73
3479	17.07.2025 20:14:58	6,54	28,72	34,42	34,47	1480,72
3480	17.07.2025 20:14:59	6,54	28,70	34,42	34,47	1480,72
3481	17.07.2025 20:15:00	6,54	28,66	34,42	34,47	1480,71
3482	17.07.2025 20:15:01	6,54	28,63	34,42	34,47	1480,71
3483	17.07.2025 20:15:02	6,54	28,59	34,42	34,47	1480,70
3484	17.07.2025 20:15:03	6,54	28,58	34,39	34,45	1480,66
3485	17.07.2025 20:15:04	6,54	28,54	34,39	34,45	1480,66
3486	17.07.2025 20:15:05	6,54	28,51	34,42	34,47	1480,69
3487	17.07.2025 20:15:06	6,54	28,49	34,39	34,45	1480,65
3488	17.07.2025 20:15:07	6,54	28,45	34,42	34,47	1480,68
3489	17.07.2025 20:15:08	6,54	28,44	34,40	34,45	1480,64
3490	17.07.2025 20:15:09	6,54	28,40	34,40	34,45	1480,64
3491	17.07.2025 20:15:10	6,54	28,37	34,40	34,45	1480,63
3492	17.07.2025 20:15:11	6,54	28,35	34,40	34,45	1480,63
3493	17.07.2025 20:15:12	6,54	28,31	34,40	34,45	1480,62
3494	17.07.2025 20:15:13	6,54	28,28	34,40	34,45	1480,62
3495	17.07.2025 20:15:14	6,54	28,24	34,40	34,45	1480,61
3496	17.07.2025 20:15:15	6,54	28,23	34,40	34,45	1480,61
3497	17.07.2025 20:15:16	6,54	28,19	34,40	34,45	1480,60
3498	17.07.2025 20:15:17	6,51	28,17	34,43	34,45	1480,51
3499	17.07.2025 20:15:18	6,54	28,14	34,40	34,45	1480,59
3500	17.07.2025 20:15:19	6,54	28,10	34,40	34,45	1480,59
3501	17.07.2025 20:15:20	6,54	28,05	34,40	34,45	1480,58
3502	17.07.2025 20:15:21	6,54	28,03	34,40	34,45	1480,58
3503	17.07.2025 20:15:22	6,51	28,00	34,43	34,45	1480,48
3504	17.07.2025 20:15:23	6,54	27,96	34,40	34,45	1480,57
3505	17.07.2025 20:15:24	6,54	27,95	34,40	34,45	1480,56
3506	17.07.2025 20:15:25	6,54	27,88	34,40	34,45	1480,55
3507	17.07.2025 20:15:26	6,54	27,88	34,40	34,45	1480,55
3508	17.07.2025 20:15:27	6,51	27,84	34,43	34,45	1480,45
3509	17.07.2025 20:15:28	6,54	27,79	34,40	34,45	1480,54
3510	17.07.2025 20:15:29	6,54	27,77	34,37	34,42	1480,50
3511	17.07.2025 20:15:30	6,54	27,74	34,40	34,45	1480,53
3512	17.07.2025 20:15:31	6,51	27,70	34,40	34,42	1480,40
3513	17.07.2025 20:15:32	6,54	27,67	34,40	34,45	1480,52
3514	17.07.2025 20:15:33	6,51	27,65	34,40	34,42	1480,39
3515	17.07.2025 20:15:34	6,54	27,61	34,37	34,42	1480,48
3516	17.07.2025 20:15:35	6,51	27,58	34,40	34,42	1480,38
3517	17.07.2025 20:15:36	6,54	27,54	34,37	34,42	1480,46
3518	17.07.2025 20:15:37	6,54	27,53	34,37	34,42	1480,46
3519	17.07.2025 20:15:38	6,51	27,47	34,37	34,39	1480,32
3520	17.07.2025 20:15:39	6,51	27,44	34,37	34,39	1480,32
3521	17.07.2025 20:15:40	6,51	27,42	34,37	34,39	1480,31
3522	17.07.2025 20:15:41	6,51	27,38	34,37	34,39	1480,31
3523	17.07.2025 20:15:42	6,51	27,37	34,38	34,39	1480,31
3524	17.07.2025 20:15:43	6,51	27,33	34,38	34,39	1480,30
3525	17.07.2025 20:15:44	6,51	27,28	34,35	34,37	1480,25
3526	17.07.2025 20:15:45	6,51	27,26	34,35	34,37	1480,25
3527	17.07.2025 20:15:46	6,51	27,23	34,35	34,37	1480,25
3528	17.07.2025 20:15:47	6,51	27,19	34,35	34,37	1480,24
3529	17.07.2025 20:15:48	6,51	27,16	34,32	34,34	1480,20
3530	17.07.2025 20:15:49	6,51	27,12	34,35	34,37	1480,23
3531	17.07.2025 20:15:50	6,51	27,10	34,35	34,37	1480,23
3532	17.07.2025 20:15:51	6,51	27,05	34,32	34,34	1480,18
3533	17.07.2025 20:15:52	6,51	27,02	34,32	34,34	1480,18
3534	17.07.2025 20:15:53	6,51	27,00	34,32	34,34	1480,17
3535	17.07.2025 20:15:54	6,51	26,96	34,32	34,34	1480,17
3536	17.07.2025 20:15:55	6,51	26,91	34,32	34,34	1480,16
3537	17.07.2025 20:15:56	6,51	26,88	34,32	34,34	1480,15
3538	17.07.2025 20:15:57	6,51	26,84	34,29	34,31	1480,11
3539	17.07.2025 20:15:58	6,51	26,82	34,29	34,31	1480,11
3540	17.07.2025 20:15:59	6,47	26,77	34,32	34,31	1480,01
3541	17.07.2025 20:16:00	6,47	26,73	34,32	34,31	1480,00
3542	17.07.2025 20:16:01	6,47	26,70	34,32	34,31	1479,99
3543	17.07.2025 20:16:02	6,47	26,66	34,32	34,31	1479,99
3544	17.07.2025 20:16:03	6,47	26,61	34,32	34,31	1479,98
3545	17.07.2025 20:16:04	6,47	26,59	34,32	34,31	1479,98
3546	17.07.2025 20:16:05	6,47	26,56	34,32	34,31	1479,97
3547	17.07.2025 20:16:06	6,47	26,51	34,29	34,29	1479,93
3548	17.07.2025 20:16:07	6,47	26,47	34,32	34,31	1479,96
3549	17.07.2025 20:16:08	6,47	26,44	34,30	34,29	1479,92
3550	17.07.2025 20:16:09	6,47	26,40	34,30	34,29	1479,91
3551	17.07.2025 20:16:10	6,47	26,37	34,30	34,29	1479,90
3552	17.07.2025 20:16:11	6,47	26,33	34,30	34,29	1479,90
3553	17.07.2025 20:16:12	6,47	26,30	34,30	34,29	1479,89
3554	17.07.2025 20:16:13	6,47	26,24	34,30	34,29	1479,89
3555	17.07.2025 20:16:14	6,47	26,23	34,30	34,29	1479,88
3556	17.07.2025 20:16:15	6,47	26,19	34,30	34,29	1479,88
3557	17.07.2025 20:16:16	6,47	26,16	34,27	34,26	1479,83
3558	17.07.2025 20:16:17	6,47	26,12	34,27	34,26	1479,83
3559	17.07.2025 20:16:18	6,47	26,07	34,27	34,26	1479,82
3560	17.07.2025 20:16:19	6,47	26,05	34,27	34,26	1479,82
3561	17.07.2025 20:16:20	6,47	26,00	34,27	34,26	1479,81
3562	17.07.2025 20:16:21	6,47	25,96	34,24	34,23	1479,77
3563	17.07.2025 20:16:22	6,47	25,95	34,24	34,23	1479,76
3564	17.07.2025 20:16:23	6,44	25,89	34,27	34,23	1479,66
3565	17.07.2025 20:16:24	6,44	25,87	34,27	34,23	1479,66
3566	17.07.2025 20:16:25	6,44	25,84	34,27	34,23	1479,65
3567	17.07.2025 20:16:26	6,44	25,80	34,27	34,23	1479,65
3568	17.07.2025 20:16:27	6,44	25,77	34,27	34,23	1479,64
3569	17.07.2025 20:16:28	6,44	25,73	34,27	34,23	1479,64
3570	17.07.2025 20:16:29	6,44	25,70	34,27	34,23	1479,63
3571	17.07.2025 20:16:30	6,44	25,66	34,27	34,23	1479,62
3572	17.07.2025 20:16:31	6,44	25,61	34,24	34,20	1479,58
3573	17.07.2025 20:16:32	6,44	25,58	34,24	34,20	1479,57
3574	17.07.2025 20:16:33	6,44	25,56	34,24	34,20	1479,57
3575	17.07.2025 20:16:34	6,44	25,52	34,24	34,20	1479,57
3576	17.07.2025 20:16:35	6,44	25,47	34,24	34,20	1479,56
3577	17.07.2025 20:16:36	6,44	25,44	34,24	34,20	1479,55
3578	17.07.2025 20:16:37	6,44	25,40	34,25	34,20	1479,55
3579	17.07.2025 20:16:38	6,44	25,37	34,25	34,20	1479,54
3580	17.07.2025 20:16:39	6,44	25,33	34,25	34,20	1479,54
3581	17.07.2025 20:16:40	6,44	25,30	34,22	34,18	1479,49
3582	17.07.2025 20:16:41	6,44	25,26	34,22	34,18	1479,49
3583	17.07.2025 20:16:42	6,44	25,23	34,22	34,18	1479,48
3584	17.07.2025 20:16:43	6,44	25,19	34,22	34,18	1479,48
3585	17.07.2025 20:16:44	6,44	25,16	34,22	34,18	1479,47
3586	17.07.2025 20:16:45	6,40	25,12	34,22	34,15	1479,33
3587	17.07.2025 20:16:46	6,40	25,08	34,22	34,15	1479,33
3588	17.07.2025 20:16:47	6,40	25,05	34,22	34,15	1479,32
3589	17.07.2025 20:16:48	6,40	25,01	34,22	34,15	1479,32
3590	17.07.2025 20:16:49	6,40	25,00	34,19	34,12	1479,28
3591	17.07.2025 20:16:50	6,40	24,96	34,19	34,12	1479,27
3592	17.07.2025 20:16:51	6,40	24,91	34,19	34,12	1479,26
3593	17.07.2025 20:16:52	6,40	24,89	34,19	34,12	1479,26
3594	17.07.2025 20:16:53	6,40	24,86	34,19	34,12	1479,25
3595	17.07.2025 20:16:54	6,40	24,82	34,16	34,10	1479,21
3596	17.07.2025 20:16:55	6,37	24,78	34,20	34,10	1479,11
3597	17.07.2025 20:16:56	6,37	24,75	34,20	34,10	1479,10
3598	17.07.2025 20:16:57	6,37	24,73	34,17	34,07	1479,06
3599	17.07.2025 20:16:58	6,37	24,68	34,20	34,10	1479,09
3600	17.07.2025 20:16:59	6,37	24,66	34,17	34,07	1479,05
3601	17.07.2025 20:17:00	6,37	24,63	34,17	34,07	1479,05
3602	17.07.2025 20:17:01	6,37	24,57	34,17	34,07	1479,04
3603	17.07.2025 20:17:02	6,37	24,54	34,17	34,07	1479,03
3604	17.07.2025 20:17:03	6,37	24,50	34,17	34,07	1479,03
3605	17.07.2025 20:17:04	6,37	24,47	34,17	34,07	1479,02
3606	17.07.2025 20:17:05	6,37	24,43	34,14	34,04	1478,98
3607	17.07.2025 20:17:06	6,33	24,40	34,17	34,04	1478,88
3608	17.07.2025 20:17:07	6,37	24,35	34,14	34,04	1478,97
3609	17.07.2025 20:17:08	6,33	24,33	34,17	34,04	1478,87
3610	17.07.2025 20:17:09	6,33	24,27	34,17	34,04	1478,86
3611	17.07.2025 20:17:10	6,33	24,24	34,17	34,04	1478,85
3612	17.07.2025 20:17:11	6,33	24,19	34,17	34,04	1478,85
3613	17.07.2025 20:17:12	6,33	24,17	34,14	34,01	1478,81
3614	17.07.2025 20:17:13	6,33	24,12	34,14	34,01	1478,80
3615	17.07.2025 20:17:14	6,33	24,08	34,15	34,01	1478,79
3616	17.07.2025 20:17:15	6,33	24,05	34,17	34,04	1478,82
3617	17.07.2025 20:17:16	6,33	24,01	34,15	34,01	1478,78
3618	17.07.2025 20:17:17	6,33	23,99	34,15	34,01	1478,78
3619	17.07.2025 20:17:18	6,33	23,92	34,18	34,04	1478,81
3620	17.07.2025 20:17:19	6,33	23,91	34,15	34,01	1478,76
3621	17.07.2025 20:17:20	6,33	23,87	34,15	34,01	1478,76
3622	17.07.2025 20:17:21	6,33	23,82	34,15	34,01	1478,75
3623	17.07.2025 20:17:22	6,33	23,78	34,15	34,01	1478,75
3624	17.07.2025 20:17:23	6,33	23,75	34,15	34,01	1478,74
3625	17.07.2025 20:17:24	6,33	23,71	34,18	34,04	1478,77
3626	17.07.2025 20:17:25	6,33	23,68	34,18	34,04	1478,77
3627	17.07.2025 20:17:26	6,33	23,63	34,18	34,04	1478,76
3628	17.07.2025 20:17:27	6,33	23,61	34,15	34,01	1478,72
3629	17.07.2025 20:17:28	6,33	23,57	34,15	34,01	1478,71
3630	17.07.2025 20:17:29	6,33	23,54	34,18	34,04	1478,74
3631	17.07.2025 20:17:30	6,33	23,49	34,18	34,04	1478,74
3632	17.07.2025 20:17:31	6,33	23,45	34,18	34,04	1478,73
3633	17.07.2025 20:17:32	6,33	23,42	34,18	34,04	1478,73
3634	17.07.2025 20:17:33	6,33	23,36	34,15	34,01	1478,68
3635	17.07.2025 20:17:34	6,33	23,33	34,12	33,99	1478,64
3636	17.07.2025 20:17:35	6,33	23,29	34,12	33,99	1478,63
3637	17.07.2025 20:17:36	6,33	23,24	34,18	34,04	1478,70
3638	17.07.2025 20:17:37	6,33	23,22	34,18	34,04	1478,70
3639	17.07.2025 20:17:38	6,33	23,19	34,18	34,04	1478,69
3640	17.07.2025 20:17:39	6,33	23,14	34,18	34,04	1478,68
3641	17.07.2025 20:17:40	6,33	23,10	34,18	34,04	1478,68
3642	17.07.2025 20:17:41	6,33	23,05	34,15	34,01	1478,63
3643	17.07.2025 20:17:42	6,33	23,01	34,15	34,01	1478,62
3644	17.07.2025 20:17:43	6,33	22,98	34,15	34,01	1478,62
3645	17.07.2025 20:17:44	6,33	22,94	34,15	34,01	1478,61
3646	17.07.2025 20:17:45	6,33	22,89	34,12	33,99	1478,57
3647	17.07.2025 20:17:46	6,33	22,86	34,12	33,99	1478,56
3648	17.07.2025 20:17:47	6,33	22,82	34,12	33,99	1478,56
3649	17.07.2025 20:17:48	6,33	22,79	34,09	33,96	1478,51
3650	17.07.2025 20:17:49	6,33	22,75	34,03	33,91	1478,43
3651	17.07.2025 20:17:50	6,30	22,71	34,07	33,91	1478,33
3652	17.07.2025 20:17:51	6,30	22,66	34,04	33,88	1478,29
3653	17.07.2025 20:17:52	6,30	22,63	34,07	33,91	1478,32
3654	17.07.2025 20:17:53	6,30	22,61	34,07	33,91	1478,32
3655	17.07.2025 20:17:54	6,30	22,57	34,07	33,91	1478,31
3656	17.07.2025 20:17:55	6,30	22,52	34,07	33,91	1478,30
3657	17.07.2025 20:17:56	6,30	22,49	34,04	33,88	1478,26
3658	17.07.2025 20:17:57	6,30	22,45	34,04	33,88	1478,25
3659	17.07.2025 20:17:58	6,30	22,42	34,04	33,88	1478,25
3660	17.07.2025 20:17:59	6,26	22,36	34,07	33,88	1478,14
3661	17.07.2025 20:18:00	6,26	22,33	34,07	33,88	1478,14
3662	17.07.2025 20:18:01	6,26	22,29	34,07	33,88	1478,13
3663	17.07.2025 20:18:02	6,26	22,26	34,04	33,85	1478,09
3664	17.07.2025 20:18:03	6,26	22,20	34,04	33,85	1478,08
3665	17.07.2025 20:18:04	6,26	22,19	34,04	33,85	1478,08
3666	17.07.2025 20:18:05	6,26	22,15	34,04	33,85	1478,07
3667	17.07.2025 20:18:06	6,26	22,10	34,01	33,83	1478,03
3668	17.07.2025 20:18:07	6,26	22,06	34,04	33,85	1478,06
3669	17.07.2025 20:18:08	6,26	22,03	34,04	33,85	1478,05
3670	17.07.2025 20:18:09	6,26	21,99	34,01	33,83	1478,01
3671	17.07.2025 20:18:10	6,23	21,94	34,05	33,83	1477,91
3672	17.07.2025 20:18:11	6,23	21,89	34,05	33,83	1477,90
3673	17.07.2025 20:18:12	6,23	21,87	34,05	33,83	1477,90
3674	17.07.2025 20:18:13	6,23	21,83	34,02	33,80	1477,85
3675	17.07.2025 20:18:14	6,23	21,80	34,02	33,80	1477,85
3676	17.07.2025 20:18:15	6,23	21,73	33,99	33,77	1477,80
3677	17.07.2025 20:18:16	6,23	21,71	33,99	33,77	1477,80
3678	17.07.2025 20:18:17	6,23	21,68	33,96	33,75	1477,75
3679	17.07.2025 20:18:18	6,19	21,64	33,99	33,74	1477,65
3680	17.07.2025 20:18:19	6,19	21,59	34,00	33,74	1477,64
3681	17.07.2025 20:18:20	6,19	21,55	34,00	33,74	1477,64
3682	17.07.2025 20:18:21	6,19	21,52	34,03	33,77	1477,67
3683	17.07.2025 20:18:22	6,19	21,48	34,06	33,80	1477,70
3684	17.07.2025 20:18:23	6,19	21,45	34,06	33,80	1477,70
3685	17.07.2025 20:18:24	6,19	21,41	34,03	33,77	1477,65
3686	17.07.2025 20:18:25	6,23	21,36	33,99	33,77	1477,74
3687	17.07.2025 20:18:26	6,23	21,31	33,99	33,77	1477,73
3688	17.07.2025 20:18:27	6,23	21,27	33,99	33,77	1477,73
3689	17.07.2025 20:18:28	6,19	21,22	34,00	33,74	1477,59
3690	17.07.2025 20:18:29	6,19	21,20	33,97	33,72	1477,54
3691	17.07.2025 20:18:30	6,19	21,15	33,97	33,72	1477,54
3692	17.07.2025 20:18:31	6,19	21,11	33,97	33,72	1477,53
3693	17.07.2025 20:18:32	6,19	21,08	33,97	33,72	1477,53
3694	17.07.2025 20:18:33	6,19	21,04	33,97	33,72	1477,52
3695	17.07.2025 20:18:34	6,19	21,01	33,97	33,72	1477,51
3696	17.07.2025 20:18:35	6,19	20,96	33,94	33,69	1477,47
3697	17.07.2025 20:18:36	6,16	20,92	33,97	33,69	1477,37
3698	17.07.2025 20:18:37	6,16	20,89	33,97	33,69	1477,36
3699	17.07.2025 20:18:38	6,16	20,85	33,97	33,69	1477,36
3700	17.07.2025 20:18:39	6,16	20,82	33,97	33,69	1477,35
3701	17.07.2025 20:18:40	6,16	20,75	33,97	33,69	1477,34
3702	17.07.2025 20:18:41	6,16	20,69	33,97	33,69	1477,33
3703	17.07.2025 20:18:42	6,16	20,66	33,94	33,66	1477,29
3704	17.07.2025 20:18:43	6,16	20,62	33,94	33,66	1477,28
3705	17.07.2025 20:18:44	6,16	20,59	33,91	33,64	1477,24
3706	17.07.2025 20:18:45	6,16	20,55	33,91	33,64	1477,23
3707	17.07.2025 20:18:46	6,12	20,52	33,92	33,61	1477,09
3708	17.07.2025 20:18:47	6,12	20,46	33,89	33,58	1477,05
3709	17.07.2025 20:18:48	6,12	20,41	33,86	33,56	1477,00
3710	17.07.2025 20:18:49	6,12	20,39	33,86	33,56	1477,00
3711	17.07.2025 20:18:50	6,09	20,34	33,89	33,56	1476,89
3712	17.07.2025 20:18:51	6,09	20,29	33,86	33,53	1476,85
3713	17.07.2025 20:18:52	6,09	20,25	33,86	33,53	1476,84
3714	17.07.2025 20:18:53	6,09	20,22	33,83	33,50	1476,80
3715	17.07.2025 20:18:54	6,09	20,18	33,83	33,50	1476,79
3716	17.07.2025 20:18:55	6,05	20,13	33,84	33,48	1476,65
3717	17.07.2025 20:18:56	6,05	20,09	33,84	33,47	1476,64
3718	17.07.2025 20:18:57	6,05	20,04	33,84	33,47	1476,64
3719	17.07.2025 20:18:58	6,05	20,00	33,84	33,47	1476,63
3720	17.07.2025 20:18:59	6,05	19,97	33,84	33,47	1476,63
3721	17.07.2025 20:19:00	6,05	19,92	33,84	33,47	1476,62
3722	17.07.2025 20:19:01	6,05	19,88	33,84	33,47	1476,61
3723	17.07.2025 20:19:02	6,05	19,85	33,81	33,45	1476,57
3724	17.07.2025 20:19:03	6,05	19,81	33,78	33,42	1476,52
3725	17.07.2025 20:19:04	6,02	19,76	33,81	33,42	1476,42
3726	17.07.2025 20:19:05	6,02	19,72	33,76	33,37	1476,34
3727	17.07.2025 20:19:06	6,02	19,69	33,73	33,34	1476,29
3728	17.07.2025 20:19:07	6,02	19,64	33,70	33,31	1476,25
3729	17.07.2025 20:19:08	5,98	19,60	33,73	33,31	1476,14
3730	17.07.2025 20:19:09	5,98	19,55	33,70	33,29	1476,10
3731	17.07.2025 20:19:10	5,95	19,51	33,76	33,31	1476,03
3732	17.07.2025 20:19:11	5,95	19,47	33,73	33,29	1475,99
3733	17.07.2025 20:19:12	5,95	19,44	33,70	33,26	1475,95
3734	17.07.2025 20:19:13	5,95	19,39	33,70	33,26	1475,94
3735	17.07.2025 20:19:14	5,91	19,35	33,71	33,23	1475,80
3736	17.07.2025 20:19:15	5,91	19,31	33,71	33,23	1475,79
3737	17.07.2025 20:19:16	5,91	19,26	33,68	33,20	1475,75
3738	17.07.2025 20:19:17	5,91	19,21	33,68	33,20	1475,74
3739	17.07.2025 20:19:18	5,91	19,17	33,68	33,20	1475,73
3740	17.07.2025 20:19:19	5,88	19,14	33,71	33,20	1475,63
3741	17.07.2025 20:19:20	5,88	19,09	33,68	33,18	1475,58
3742	17.07.2025 20:19:21	5,88	19,05	33,68	33,18	1475,58
3743	17.07.2025 20:19:22	5,88	19,02	33,68	33,18	1475,57
3744	17.07.2025 20:19:23	5,88	18,96	33,68	33,18	1475,56
3745	17.07.2025 20:19:24	5,88	18,91	33,68	33,18	1475,55
3746	17.07.2025 20:19:25	5,84	18,87	33,72	33,18	1475,45
3747	17.07.2025 20:19:26	5,84	18,84	33,72	33,18	1475,45
3748	17.07.2025 20:19:27	5,84	18,79	33,69	33,15	1475,40
3749	17.07.2025 20:19:28	5,84	18,75	33,69	33,15	1475,39
3750	17.07.2025 20:19:29	5,84	18,68	33,66	33,12	1475,34
3751	17.07.2025 20:19:30	5,84	18,66	33,63	33,10	1475,30
3752	17.07.2025 20:19:31	5,81	18,61	33,66	33,10	1475,20
3753	17.07.2025 20:19:32	5,81	18,57	33,63	33,07	1475,15
3754	17.07.2025 20:19:33	5,81	18,52	33,63	33,07	1475,14
3755	17.07.2025 20:19:34	5,77	18,48	33,64	33,04	1475,00
3756	17.07.2025 20:19:35	5,77	18,45	33,61	33,01	1474,96
3757	17.07.2025 20:19:36	5,77	18,41	33,58	32,99	1474,91
3758	17.07.2025 20:19:37	5,74	18,36	33,61	32,99	1474,81
3759	17.07.2025 20:19:38	5,74	18,31	33,61	32,99	1474,80
3760	17.07.2025 20:19:39	5,74	18,27	33,58	32,96	1474,76
3761	17.07.2025 20:19:40	5,70	18,24	33,62	32,96	1474,65
3762	17.07.2025 20:19:41	5,70	18,20	33,59	32,93	1474,61
3763	17.07.2025 20:19:42	5,70	18,15	33,56	32,91	1474,56
3764	17.07.2025 20:19:43	5,70	18,11	33,56	32,91	1474,56
3765	17.07.2025 20:19:44	5,67	18,06	33,56	32,88	1474,41
3766	17.07.2025 20:19:45	5,67	18,02	33,47	32,80	1474,29
3767	17.07.2025 20:19:46	5,63	18,01	33,51	32,80	1474,19
3768	17.07.2025 20:19:47	5,63	17,95	33,51	32,80	1474,18
3769	17.07.2025 20:19:48	5,60	17,92	33,54	32,80	1474,07
3770	17.07.2025 20:19:49	5,60	17,88	33,54	32,80	1474,07
3771	17.07.2025 20:19:50	5,60	17,83	33,51	32,77	1474,02
3772	17.07.2025 20:19:51	5,60	17,79	33,51	32,77	1474,02
3773	17.07.2025 20:19:52	5,56	17,76	33,51	32,74	1473,87
3774	17.07.2025 20:19:53	5,56	17,70	33,45	32,69	1473,79
3775	17.07.2025 20:19:54	5,56	17,67	33,42	32,66	1473,74
3776	17.07.2025 20:19:55	5,53	17,61	33,43	32,63	1473,60
3777	17.07.2025 20:19:56	5,53	17,58	33,40	32,61	1473,55
3778	17.07.2025 20:19:57	5,49	17,53	33,40	32,58	1473,41
3779	17.07.2025 20:19:58	5,49	17,49	33,37	32,55	1473,36
3780	17.07.2025 20:19:59	5,46	17,45	33,41	32,55	1473,26
3781	17.07.2025 20:20:00	5,46	17,42	33,38	32,53	1473,21
3782	17.07.2025 20:20:01	5,46	17,37	33,35	32,50	1473,16
3783	17.07.2025 20:20:02	5,42	17,33	33,38	32,50	1473,06
3784	17.07.2025 20:20:03	5,42	17,29	33,35	32,47	1473,01
3785	17.07.2025 20:20:04	5,42	17,24	33,35	32,47	1473,01
3786	17.07.2025 20:20:05	5,39	17,19	33,35	32,44	1472,86
3787	17.07.2025 20:20:06	5,39	17,14	33,35	32,44	1472,85
3788	17.07.2025 20:20:07	5,35	17,10	33,39	32,44	1472,75
3789	17.07.2025 20:20:08	5,35	17,08	33,36	32,42	1472,70
3790	17.07.2025 20:20:09	5,35	17,01	33,36	32,42	1472,69
3791	17.07.2025 20:20:10	5,35	16,99	33,33	32,39	1472,65
3792	17.07.2025 20:20:11	5,31	16,94	33,33	32,36	1472,50
3793	17.07.2025 20:20:12	5,31	16,92	33,33	32,36	1472,50
3794	17.07.2025 20:20:13	5,31	16,87	33,30	32,34	1472,45
3795	17.07.2025 20:20:14	5,28	16,81	33,34	32,33	1472,34
3796	17.07.2025 20:20:15	5,28	16,78	33,31	32,31	1472,30
3797	17.07.2025 20:20:16	5,24	16,74	33,28	32,25	1472,11
3798	17.07.2025 20:20:17	5,24	16,71	33,25	32,23	1472,07
3799	17.07.2025 20:20:18	5,21	16,67	33,25	32,20	1471,92
3800	17.07.2025 20:20:19	5,21	16,62	33,22	32,17	1471,88
3801	17.07.2025 20:20:20	5,17	16,58	33,23	32,15	1471,73
3802	17.07.2025 20:20:21	5,17	16,55	33,23	32,15	1471,73
3803	17.07.2025 20:20:22	5,14	16,51	33,23	32,12	1471,58
3804	17.07.2025 20:20:23	5,14	16,47	33,20	32,09	1471,53
3805	17.07.2025 20:20:24	5,10	16,42	33,20	32,06	1471,38
3806	17.07.2025 20:20:25	5,10	16,37	33,17	32,04	1471,34
3807	17.07.2025 20:20:26	5,07	16,35	33,21	32,04	1471,23
3808	17.07.2025 20:20:27	5,07	16,30	33,18	32,01	1471,18
3809	17.07.2025 20:20:28	5,03	16,24	33,18	31,98	1471,03
3810	17.07.2025 20:20:29	5,03	16,21	33,15	31,95	1470,99
3811	17.07.2025 20:20:30	5,03	16,17	33,15	31,95	1470,98
3812	17.07.2025 20:20:31	4,99	16,12	33,19	31,95	1470,87
3813	17.07.2025 20:20:32	4,99	16,08	33,19	31,95	1470,87
3814	17.07.2025 20:20:33	4,99	16,03	33,16	31,93	1470,82
3815	17.07.2025 20:20:34	4,96	15,99	33,16	31,90	1470,67
3816	17.07.2025 20:20:35	4,96	15,94	33,13	31,87	1470,63
3817	17.07.2025 20:20:36	4,92	15,90	33,13	31,85	1470,48
3818	17.07.2025 20:20:37	4,92	15,85	33,07	31,79	1470,39
3819	17.07.2025 20:20:38	4,89	15,81	33,08	31,76	1470,24
3820	17.07.2025 20:20:39	4,89	15,78	33,08	31,76	1470,24
3821	17.07.2025 20:20:40	4,89	15,73	33,02	31,71	1470,15
3822	17.07.2025 20:20:41	4,85	15,67	33,05	31,71	1470,04
3823	17.07.2025 20:20:42	4,85	15,64	33,02	31,68	1469,99
3824	17.07.2025 20:20:43	4,82	15,60	33,02	31,66	1469,85
3825	17.07.2025 20:20:44	4,78	15,56	33,06	31,65	1469,74
3826	17.07.2025 20:20:45	4,78	15,51	33,06	31,65	1469,73
3827	17.07.2025 20:20:46	4,78	15,48	33,03	31,63	1469,68
3828	17.07.2025 20:20:47	4,74	15,42	33,06	31,63	1469,57
3829	17.07.2025 20:20:48	4,74	15,39	33,06	31,63	1469,56
3830	17.07.2025 20:20:49	4,74	15,35	33,03	31,60	1469,52
3831	17.07.2025 20:20:50	4,71	15,30	33,04	31,57	1469,37
3832	17.07.2025 20:20:51	4,71	15,26	33,04	31,57	1469,36
3833	17.07.2025 20:20:52	4,67	15,21	33,07	31,57	1469,25
3834	17.07.2025 20:20:53	4,67	15,16	33,01	31,52	1469,16
3835	17.07.2025 20:20:54	4,67	15,12	33,01	31,52	1469,16
3836	17.07.2025 20:20:55	4,64	15,08	33,05	31,52	1469,05
3837	17.07.2025 20:20:56	4,64	15,03	33,01	31,49	1469,00
3838	17.07.2025 20:20:57	4,64	14,98	33,02	31,49	1468,99
3839	17.07.2025 20:20:58	4,60	14,94	33,02	31,46	1468,84
3840	17.07.2025 20:20:59	4,60	14,91	33,02	31,46	1468,83
3841	17.07.2025 20:21:00	4,56	14,85	33,02	31,44	1468,68
3842	17.07.2025 20:21:01	4,56	14,82	32,96	31,38	1468,60
3843	17.07.2025 20:21:02	4,53	14,75	33,00	31,38	1468,48
3844	17.07.2025 20:21:03	4,53	14,73	32,97	31,36	1468,44
3845	17.07.2025 20:21:04	4,53	14,68	32,90	31,30	1468,35
3846	17.07.2025 20:21:05	4,49	14,64	32,91	31,27	1468,20
3847	17.07.2025 20:21:06	4,45	14,59	32,91	31,25	1468,05
3848	17.07.2025 20:21:07	4,45	14,55	32,91	31,25	1468,04
3849	17.07.2025 20:21:08	4,42	14,50	32,92	31,22	1467,89
3850	17.07.2025 20:21:09	4,42	14,46	32,92	31,22	1467,88
3851	17.07.2025 20:21:10	4,38	14,42	32,95	31,22	1467,77
3852	17.07.2025 20:21:11	4,38	14,37	32,89	31,16	1467,68
3853	17.07.2025 20:21:12	4,38	14,34	32,86	31,14	1467,63
3854	17.07.2025 20:21:13	4,35	14,28	32,89	31,14	1467,52
3855	17.07.2025 20:21:14	4,35	14,25	32,86	31,11	1467,47
3856	17.07.2025 20:21:15	4,31	14,21	32,87	31,08	1467,32
3857	17.07.2025 20:21:16	4,31	14,16	32,87	31,08	1467,31
3858	17.07.2025 20:21:17	4,27	14,10	32,87	31,06	1467,16
3859	17.07.2025 20:21:18	4,27	14,07	32,81	31,00	1467,07
3860	17.07.2025 20:21:19	4,27	14,03	32,75	30,95	1466,99
3861	17.07.2025 20:21:20	4,24	14,00	32,75	30,92	1466,83
3862	17.07.2025 20:21:21	4,20	13,94	32,76	30,89	1466,68
3863	17.07.2025 20:21:22	4,16	13,91	32,76	30,87	1466,53
3864	17.07.2025 20:21:23	4,16	13,87	32,76	30,87	1466,52
3865	17.07.2025 20:21:24	4,13	13,83	32,79	30,86	1466,41
3866	17.07.2025 20:21:25	4,13	13,78	32,76	30,84	1466,36
3867	17.07.2025 20:21:26	4,13	13,76	32,80	30,86	1466,40
3868	17.07.2025 20:21:27	4,09	13,71	32,80	30,84	1466,24
3869	17.07.2025 20:21:28	4,09	13,67	32,77	30,81	1466,20
3870	17.07.2025 20:21:29	4,06	13,62	32,77	30,78	1466,04
3871	17.07.2025 20:21:30	4,06	13,57	32,71	30,73	1465,95
3872	17.07.2025 20:21:31	4,02	13,53	32,71	30,70	1465,80
3873	17.07.2025 20:21:32	4,02	13,50	32,68	30,68	1465,75
3874	17.07.2025 20:21:33	3,98	13,44	32,72	30,67	1465,63
3875	17.07.2025 20:21:34	3,95	13,40	32,72	30,65	1465,48
3876	17.07.2025 20:21:35	3,95	13,35	32,72	30,65	1465,47
3877	17.07.2025 20:21:36	3,95	13,32	32,72	30,65	1465,46
3878	17.07.2025 20:21:37	3,91	13,28	32,73	30,62	1465,31
3879	17.07.2025 20:21:38	3,91	13,23	32,73	30,62	1465,30
3880	17.07.2025 20:21:39	3,87	13,19	32,73	30,59	1465,15
3881	17.07.2025 20:21:40	3,87	13,14	32,70	30,56	1465,10
3882	17.07.2025 20:21:41	3,84	13,10	32,70	30,54	1464,94
3883	17.07.2025 20:21:42	3,84	13,05	32,67	30,51	1464,89
3884	17.07.2025 20:21:43	3,80	13,01	32,71	30,51	1464,78
3885	17.07.2025 20:21:44	3,80	12,98	32,65	30,46	1464,69
3886	17.07.2025 20:21:45	3,76	12,92	32,65	30,43	1464,53
3887	17.07.2025 20:21:46	3,76	12,89	32,65	30,43	1464,53
3888	17.07.2025 20:21:47	3,76	12,83	32,62	30,40	1464,48
3889	17.07.2025 20:21:48	3,73	12,80	32,65	30,40	1464,36
3890	17.07.2025 20:21:49	3,73	12,74	32,62	30,37	1464,31
3891	17.07.2025 20:21:50	3,73	12,71	32,62	30,37	1464,31
3892	17.07.2025 20:21:51	3,69	12,67	32,63	30,35	1464,15
3893	17.07.2025 20:21:52	3,69	12,66	32,63	30,35	1464,15
3894	17.07.2025 20:21:53	3,69	12,59	32,63	30,35	1464,14
3895	17.07.2025 20:21:54	3,65	12,55	32,63	30,32	1463,98
3896	17.07.2025 20:21:55	3,65	12,53	32,60	30,29	1463,94
3897	17.07.2025 20:21:56	3,62	12,48	32,60	30,26	1463,78
3898	17.07.2025 20:21:57	3,62	12,42	32,51	30,18	1463,65
3899	17.07.2025 20:21:58	3,58	12,37	32,51	30,16	1463,49
3900	17.07.2025 20:21:59	3,58	12,35	32,48	30,13	1463,44
3901	17.07.2025 20:22:00	3,54	12,30	32,52	30,13	1463,32
3902	17.07.2025 20:22:01	3,50	12,26	32,52	30,10	1463,17
3903	17.07.2025 20:22:02	3,50	12,23	32,52	30,10	1463,16
3904	17.07.2025 20:22:03	3,47	12,17	32,56	30,10	1463,04
3905	17.07.2025 20:22:04	3,47	12,14	32,56	30,10	1463,04
3906	17.07.2025 20:22:05	3,47	12,10	32,53	30,07	1462,99
3907	17.07.2025 20:22:06	3,43	12,05	32,56	30,07	1462,87
3908	17.07.2025 20:22:07	3,43	11,99	32,56	30,07	1462,86
3909	17.07.2025 20:22:08	3,43	11,96	32,56	30,07	1462,86
3910	17.07.2025 20:22:09	3,39	11,91	32,60	30,07	1462,74
3911	17.07.2025 20:22:10	3,39	11,87	32,60	30,07	1462,73
3912	17.07.2025 20:22:11	3,39	11,84	32,60	30,07	1462,73
3913	17.07.2025 20:22:12	3,39	11,78	32,57	30,05	1462,68
3914	17.07.2025 20:22:13	3,36	11,75	32,60	30,05	1462,56
3915	17.07.2025 20:22:14	3,36	11,68	32,54	29,99	1462,47
3916	17.07.2025 20:22:15	3,36	11,64	32,45	29,91	1462,34
3917	17.07.2025 20:22:16	3,32	11,60	32,42	29,86	1462,13
3918	17.07.2025 20:22:17	3,28	11,57	32,42	29,83	1461,98
3919	17.07.2025 20:22:18	3,25	11,53	32,46	29,83	1461,86
3920	17.07.2025 20:22:19	3,21	11,48	32,46	29,80	1461,70
3921	17.07.2025 20:22:20	3,21	11,42	32,43	29,77	1461,65
3922	17.07.2025 20:22:21	3,17	11,40	32,47	29,77	1461,53
3923	17.07.2025 20:22:22	3,17	11,35	32,47	29,77	1461,52
3924	17.07.2025 20:22:23	3,13	11,31	32,50	29,77	1461,41
3925	17.07.2025 20:22:24	3,13	11,28	32,50	29,77	1461,40
3926	17.07.2025 20:22:25	3,13	11,23	32,47	29,75	1461,35
3927	17.07.2025 20:22:26	3,13	11,19	32,44	29,72	1461,30
3928	17.07.2025 20:22:27	3,10	11,15	32,48	29,72	1461,18
3929	17.07.2025 20:22:28	3,10	11,12	32,48	29,72	1461,18
3930	17.07.2025 20:22:29	3,10	11,07	32,41	29,66	1461,09
3931	17.07.2025 20:22:30	3,06	11,03	32,42	29,64	1460,92
3932	17.07.2025 20:22:31	3,06	10,98	32,38	29,61	1460,87
3933	17.07.2025 20:22:32	3,02	10,94	32,42	29,61	1460,76
3934	17.07.2025 20:22:33	3,02	10,89	32,39	29,58	1460,70
3935	17.07.2025 20:22:34	2,98	10,83	32,39	29,56	1460,54
3936	17.07.2025 20:22:35	2,98	10,82	32,33	29,50	1460,45
3937	17.07.2025 20:22:36	2,95	10,78	32,37	29,50	1460,33
3938	17.07.2025 20:22:37	2,91	10,72	32,34	29,45	1460,13
3939	17.07.2025 20:22:38	2,91	10,69	32,31	29,42	1460,08
3940	17.07.2025 20:22:39	2,87	10,64	32,31	29,39	1459,92
3941	17.07.2025 20:22:40	2,87	10,60	32,28	29,37	1459,87
3942	17.07.2025 20:22:41	2,84	10,55	32,31	29,37	1459,75
3943	17.07.2025 20:22:42	2,84	10,51	32,25	29,31	1459,65
3944	17.07.2025 20:22:43	2,80	10,46	32,29	29,31	1459,53
3945	17.07.2025 20:22:44	2,80	10,42	32,22	29,26	1459,44
3946	17.07.2025 20:22:45	2,76	10,38	32,26	29,26	1459,32
3947	17.07.2025 20:22:46	2,72	10,35	32,26	29,23	1459,16
3948	17.07.2025 20:22:47	2,72	10,29	32,23	29,20	1459,11
3949	17.07.2025 20:22:48	2,68	10,26	32,20	29,15	1458,90
3950	17.07.2025 20:22:49	2,68	10,22	32,20	29,15	1458,89
3951	17.07.2025 20:22:50	2,65	10,19	32,17	29,09	1458,69
3952	17.07.2025 20:22:51	2,61	10,13	32,11	29,01	1458,44
3953	17.07.2025 20:22:52	2,57	10,09	32,08	28,96	1458,23
3954	17.07.2025 20:22:53	2,57	10,06	32,05	28,93	1458,18
3955	17.07.2025 20:22:54	2,53	10,02	32,06	28,90	1458,01
3956	17.07.2025 20:22:55	2,50	9,98	32,06	28,88	1457,85
3957	17.07.2025 20:22:56	2,50	9,93	32,03	28,85	1457,80
3958	17.07.2025 20:22:57	2,46	9,90	32,07	28,85	1457,68
3959	17.07.2025 20:22:58	2,46	9,86	32,03	28,82	1457,63
3960	17.07.2025 20:22:59	2,42	9,81	32,01	28,77	1457,42
3961	17.07.2025 20:23:00	2,38	9,77	32,01	28,74	1457,25
3962	17.07.2025 20:23:01	2,34	9,73	32,01	28,71	1457,09
3963	17.07.2025 20:23:02	2,34	9,68	31,98	28,69	1457,03
3964	17.07.2025 20:23:03	2,31	9,66	31,99	28,66	1456,87
3965	17.07.2025 20:23:04	2,27	9,61	32,02	28,66	1456,74
3966	17.07.2025 20:23:05	2,27	9,55	32,02	28,66	1456,73
3967	17.07.2025 20:23:06	2,23	9,52	32,06	28,66	1456,61
3968	17.07.2025 20:23:07	2,23	9,46	32,06	28,66	1456,60
3969	17.07.2025 20:23:08	2,23	9,43	32,06	28,66	1456,60
3970	17.07.2025 20:23:09	2,19	9,37	32,10	28,66	1456,47
3971	17.07.2025 20:23:10	2,19	9,30	32,07	28,63	1456,42
3972	17.07.2025 20:23:11	2,19	9,29	32,07	28,63	1456,41
3973	17.07.2025 20:23:12	2,19	9,23	32,00	28,58	1456,32
3974	17.07.2025 20:23:13	2,15	9,18	31,97	28,52	1456,11
3975	17.07.2025 20:23:14	2,12	9,12	31,94	28,47	1455,89
3976	17.07.2025 20:23:15	2,08	9,09	31,91	28,41	1455,68
3977	17.07.2025 20:23:16	2,04	9,07	31,92	28,38	1455,51
3978	17.07.2025 20:23:17	2,04	9,02	31,75	28,25	1455,29
3979	17.07.2025 20:23:18	1,96	8,96	31,79	28,22	1454,99
3980	17.07.2025 20:23:19	1,93	8,90	31,87	28,25	1454,91
3981	17.07.2025 20:23:20	1,93	8,87	31,90	28,28	1454,95
3982	17.07.2025 20:23:21	1,93	8,83	31,90	28,28	1454,94
3983	17.07.2025 20:23:22	1,89	8,78	31,87	28,22	1454,73
3984	17.07.2025 20:23:23	1,89	8,73	31,80	28,17	1454,63
3985	17.07.2025 20:23:24	1,85	8,67	31,81	28,14	1454,46
3986	17.07.2025 20:23:25	1,81	8,63	31,81	28,11	1454,29
3987	17.07.2025 20:23:26	1,81	8,58	31,81	28,11	1454,28
3988	17.07.2025 20:23:27	1,77	8,55	31,82	28,08	1454,11
3989	17.07.2025 20:23:28	1,77	8,49	31,75	28,03	1454,01
3990	17.07.2025 20:23:29	1,73	8,47	31,76	28,00	1453,85
3991	17.07.2025 20:23:30	1,70	8,42	31,69	27,92	1453,58
3992	17.07.2025 20:23:31	1,66	8,36	31,66	27,87	1453,36
3993	17.07.2025 20:23:32	1,62	8,34	31,73	27,89	1453,28
3994	17.07.2025 20:23:33	1,58	8,31	31,77	27,89	1453,16
3995	17.07.2025 20:23:34	1,58	8,27	31,81	27,92	1453,19
3996	17.07.2025 20:23:35	1,58	8,24	31,71	27,84	1453,06
3997	17.07.2025 20:23:36	1,54	8,16	31,64	27,76	1452,79
3998	17.07.2025 20:23:37	1,50	8,13	31,65	27,73	1452,62
3999	17.07.2025 20:23:38	1,46	8,11	31,65	27,70	1452,45
4000	17.07.2025 20:23:39	1,42	8,07	31,66	27,68	1452,27
4001	17.07.2025 20:23:40	1,39	8,03	31,70	27,67	1452,14
4002	17.07.2025 20:23:41	1,39	8,00	31,59	27,59	1452,00
4003	17.07.2025 20:23:42	1,35	7,96	31,60	27,57	1451,83
4004	17.07.2025 20:23:43	1,35	7,93	31,53	27,51	1451,73
4005	17.07.2025 20:23:44	1,31	7,87	31,54	27,49	1451,56
4006	17.07.2025 20:23:45	1,27	7,83	31,51	27,43	1451,34
4007	17.07.2025 20:23:46	1,23	7,81	31,51	27,40	1451,16
4008	17.07.2025 20:23:47	1,19	7,78	31,55	27,40	1451,04
4009	17.07.2025 20:23:48	1,19	7,76	31,58	27,43	1451,08
4010	17.07.2025 20:23:49	1,15	7,72	31,69	27,48	1451,04
4011	17.07.2025 20:23:50	1,15	7,67	31,59	27,40	1450,89
4012	17.07.2025 20:23:51	1,15	7,65	31,49	27,32	1450,76
4013	17.07.2025 20:23:52	1,11	7,63	31,63	27,40	1450,76
4014	17.07.2025 20:23:53	1,11	7,56	31,63	27,40	1450,75
4015	17.07.2025 20:23:54	1,11	7,55	31,49	27,29	1450,57
4016	17.07.2025 20:23:55	1,07	7,51	31,53	27,29	1450,44
4017	17.07.2025 20:23:56	1,04	7,47	31,57	27,29	1450,31
4018	17.07.2025 20:23:57	1,04	7,44	31,60	27,32	1450,35
4019	17.07.2025 20:23:58	1,00	7,42	31,64	27,32	1450,22
4020	17.07.2025 20:23:59	1,00	7,38	31,68	27,34	1450,26
4021	17.07.2025 20:24:00	1,00	7,35	31,71	27,37	1450,30
4022	17.07.2025 20:24:01	1,00	7,31	31,68	27,34	1450,25
4023	17.07.2025 20:24:02	1,00	7,28	31,68	27,34	1450,24
4024	17.07.2025 20:24:03	1,00	7,24	31,68	27,34	1450,24
4025	17.07.2025 20:24:04	0,96	7,20	31,72	27,34	1450,10
4026	17.07.2025 20:24:05	0,96	7,17	31,68	27,32	1450,05
4027	17.07.2025 20:24:06	0,96	7,13	31,61	27,26	1449,96
4028	17.07.2025 20:24:07	0,92	7,10	31,62	27,24	1449,78
4029	17.07.2025 20:24:08	0,92	7,08	31,62	27,24	1449,78
4030	17.07.2025 20:24:09	0,88	7,04	31,62	27,21	1449,60
4031	17.07.2025 20:24:10	0,88	7,01	31,59	27,18	1449,55
4032	17.07.2025 20:24:11	0,84	6,97	31,63	27,18	1449,42
4033	17.07.2025 20:24:12	0,84	6,95	31,63	27,18	1449,41
4034	17.07.2025 20:24:13	0,84	6,92	31,59	27,15	1449,36
4035	17.07.2025 20:24:14	0,80	6,88	31,60	27,13	1449,18
4036	17.07.2025 20:24:15	0,80	6,84	31,60	27,13	1449,18
4037	17.07.2025 20:24:16	0,76	6,81	31,60	27,10	1449,00
4038	17.07.2025 20:24:17	0,76	6,79	31,57	27,07	1448,95
4039	17.07.2025 20:24:18	0,76	6,76	31,60	27,10	1448,99
4040	17.07.2025 20:24:19	0,72	6,72	31,61	27,07	1448,81
4041	17.07.2025 20:24:20	0,72	6,68	31,58	27,04	1448,76
4042	17.07.2025 20:24:21	0,72	6,67	31,58	27,04	1448,76
4043	17.07.2025 20:24:22	0,68	6,63	31,58	27,02	1448,58
4044	17.07.2025 20:24:23	0,68	6,59	31,55	26,99	1448,53
4045	17.07.2025 20:24:24	0,68	6,58	31,51	26,96	1448,48
4046	17.07.2025 20:24:25	0,64	6,52	31,55	26,96	1448,35
4047	17.07.2025 20:24:26	0,64	6,50	31,55	26,96	1448,34
4048	17.07.2025 20:24:27	0,64	6,47	31,52	26,94	1448,29
4049	17.07.2025 20:24:28	0,60	6,43	31,56	26,93	1448,16
4050	17.07.2025 20:24:29	0,60	6,40	31,56	26,93	1448,15
4051	17.07.2025 20:24:30	0,60	6,36	31,56	26,93	1448,15
4052	17.07.2025 20:24:31	0,56	6,32	31,60	26,93	1448,01
4053	17.07.2025 20:24:32	0,56	6,29	31,60	26,93	1448,01
4054	17.07.2025 20:24:33	0,56	6,25	31,56	26,91	1447,96
4055	17.07.2025 20:24:34	0,56	6,24	31,56	26,91	1447,95
4056	17.07.2025 20:24:35	0,56	6,20	31,53	26,88	1447,90
4057	17.07.2025 20:24:36	0,52	6,16	31,57	26,88	1447,77
4058	17.07.2025 20:24:37	0,52	6,13	31,57	26,88	1447,76
4059	17.07.2025 20:24:38	0,52	6,09	31,57	26,88	1447,76
4060	17.07.2025 20:24:39	0,52	6,06	31,60	26,91	1447,80
4061	17.07.2025 20:24:40	0,52	6,04	31,60	26,91	1447,79
4062	17.07.2025 20:24:41	0,52	6,01	31,57	26,88	1447,74
4063	17.07.2025 20:24:42	0,48	5,95	31,61	26,88	1447,61
4064	17.07.2025 20:24:43	0,48	5,92	31,64	26,91	1447,65
4065	17.07.2025 20:24:44	0,48	5,90	31,64	26,91	1447,64
4066	17.07.2025 20:24:45	0,48	5,85	31,68	26,93	1447,68
4067	17.07.2025 20:24:46	0,48	5,83	31,68	26,93	1447,68
4068	17.07.2025 20:24:47	0,48	5,78	31,64	26,91	1447,62
4069	17.07.2025 20:24:48	0,48	5,76	31,68	26,93	1447,67
4070	17.07.2025 20:24:49	0,48	5,71	31,68	26,93	1447,66
4071	17.07.2025 20:24:50	0,48	5,67	31,71	26,96	1447,70
4072	17.07.2025 20:24:51	0,48	5,62	31,68	26,93	1447,65
4073	17.07.2025 20:24:52	0,52	5,60	31,64	26,93	1447,77
4074	17.07.2025 20:24:53	0,52	5,55	31,64	26,93	1447,76
4075	17.07.2025 20:24:54	0,52	5,53	31,64	26,93	1447,76
4076	17.07.2025 20:24:55	0,52	5,50	31,64	26,93	1447,76
4077	17.07.2025 20:24:56	0,48	5,44	31,68	26,93	1447,62
4078	17.07.2025 20:24:57	0,48	5,41	31,68	26,93	1447,61
4079	17.07.2025 20:24:58	0,48	5,37	31,68	26,93	1447,61
4080	17.07.2025 20:24:59	0,52	5,32	31,64	26,93	1447,73
4081	17.07.2025 20:25:00	0,48	5,30	31,68	26,93	1447,60
4082	17.07.2025 20:25:01	0,52	5,25	31,64	26,93	1447,72
4083	17.07.2025 20:25:02	0,48	5,22	31,65	26,91	1447,54
4084	17.07.2025 20:25:03	0,48	5,18	31,65	26,91	1447,53
4085	17.07.2025 20:25:04	0,48	5,13	31,65	26,91	1447,52
4086	17.07.2025 20:25:05	0,48	5,09	31,65	26,91	1447,52
4087	17.07.2025 20:25:06	0,48	5,06	31,65	26,91	1447,51
4088	17.07.2025 20:25:07	0,48	5,02	31,65	26,91	1447,51
4089	17.07.2025 20:25:08	0,48	4,97	31,65	26,91	1447,50
4090	17.07.2025 20:25:09	0,48	4,93	31,65	26,91	1447,49
4091	17.07.2025 20:25:10	0,48	4,88	31,61	26,88	1447,44
4092	17.07.2025 20:25:11	0,48	4,83	31,61	26,88	1447,43
4093	17.07.2025 20:25:12	0,48	4,81	31,65	26,91	1447,48
4094	17.07.2025 20:25:13	0,48	4,76	31,65	26,91	1447,47
4095	17.07.2025 20:25:14	0,48	4,72	31,62	26,88	1447,42
4096	17.07.2025 20:25:15	0,48	4,67	31,62	26,88	1447,41
4097	17.07.2025 20:25:16	0,48	4,64	31,62	26,88	1447,40
4098	17.07.2025 20:25:17	0,48	4,58	31,62	26,88	1447,39
4099	17.07.2025 20:25:18	0,48	4,55	31,62	26,88	1447,39
4100	17.07.2025 20:25:19	0,52	4,52	31,58	26,88	1447,51
4101	17.07.2025 20:25:20	0,52	4,46	31,58	26,88	1447,50
4102	17.07.2025 20:25:21	0,52	4,43	31,58	26,88	1447,50
4103	17.07.2025 20:25:22	0,52	4,38	31,58	26,88	1447,49
4104	17.07.2025 20:25:23	0,52	4,34	31,58	26,88	1447,48
4105	17.07.2025 20:25:24	0,52	4,31	31,58	26,88	1447,48
4106	17.07.2025 20:25:25	0,52	4,27	31,58	26,88	1447,47
4107	17.07.2025 20:25:26	0,52	4,24	31,58	26,88	1447,47
4108	17.07.2025 20:25:27	0,52	4,17	31,58	26,88	1447,46
4109	17.07.2025 20:25:28	0,52	4,15	31,58	26,88	1447,45
4110	17.07.2025 20:25:29	0,52	4,10	31,65	26,93	1447,54
4111	17.07.2025 20:25:30	0,56	4,06	31,61	26,93	1447,66
4112	17.07.2025 20:25:31	0,56	4,01	31,64	26,96	1447,70
4113	17.07.2025 20:25:32	0,56	3,98	31,71	27,01	1447,79
4114	17.07.2025 20:25:33	0,60	3,93	31,71	27,04	1447,95
4115	17.07.2025 20:25:34	0,60	3,87	31,78	27,10	1448,04
4116	17.07.2025 20:25:35	0,64	3,82	31,63	27,02	1448,02
4117	17.07.2025 20:25:36	0,64	3,79	31,70	27,07	1448,11
4118	17.07.2025 20:25:37	0,64	3,77	31,91	27,23	1448,38
4119	17.07.2025 20:25:38	0,72	3,70	31,87	27,26	1448,67
4120	17.07.2025 20:25:39	0,72	3,63	31,87	27,26	1448,66
4121	17.07.2025 20:25:40	0,76	3,60	31,73	27,18	1448,64
4122	17.07.2025 20:25:41	0,76	3,53	31,55	27,05	1448,40
4123	17.07.2025 20:25:42	0,76	3,51	31,52	27,02	1448,35
4124	17.07.2025 20:25:43	0,72	3,46	31,46	26,94	1448,08
4125	17.07.2025 20:25:44	0,72	3,42	31,46	26,94	1448,07
4126	17.07.2025 20:25:45	0,68	3,39	31,56	26,99	1448,03
4127	17.07.2025 20:25:46	0,68	3,33	31,67	27,07	1448,16
4128	17.07.2025 20:25:47	0,72	3,32	31,80	27,20	1448,52
4129	17.07.2025 20:25:48	0,76	3,23	31,80	27,23	1448,68
4130	17.07.2025 20:25:49	0,80	3,18	31,55	27,07	1448,52
4131	17.07.2025 20:25:50	0,80	3,15	31,62	27,13	1448,61
4132	17.07.2025 20:25:51	0,80	3,11	31,62	27,13	1448,60
4133	17.07.2025 20:25:52	0,80	3,06	31,59	27,10	1448,55
4134	17.07.2025 20:25:53	0,80	3,02	31,62	27,13	1448,59
4135	17.07.2025 20:25:54	0,84	2,97	31,58	27,13	1448,71
4136	17.07.2025 20:25:55	0,84	2,94	31,65	27,18	1448,79
4137	17.07.2025 20:25:56	0,84	2,90	31,51	27,07	1448,60
4138	17.07.2025 20:25:57	0,84	2,85	31,58	27,13	1448,69
4139	17.07.2025 20:25:58	0,88	2,82	31,61	27,18	1448,90
4140	17.07.2025 20:25:59	0,88	2,78	31,65	27,21	1448,94
4141	17.07.2025 20:26:00	0,92	2,73	31,68	27,26	1449,15
4142	17.07.2025 20:26:01	0,96	2,70	31,71	27,32	1449,36
4143	17.07.2025 20:26:02	0,96	2,65	31,67	27,29	1449,31
4144	17.07.2025 20:26:03	1,00	2,60	31,63	27,29	1449,43
4145	17.07.2025 20:26:04	1,04	2,56	31,66	27,35	1449,64
4146	17.07.2025 20:26:05	1,04	2,53	31,73	27,40	1449,72
4147	17.07.2025 20:26:06	1,07	2,50	31,73	27,43	1449,89
4148	17.07.2025 20:26:07	1,11	2,45	31,72	27,45	1450,05
4149	17.07.2025 20:26:08	1,15	2,40	31,72	27,48	1450,21
4150	17.07.2025 20:26:09	1,19	2,36	31,71	27,51	1450,38
4151	17.07.2025 20:26:10	1,19	2,34	31,68	27,48	1450,33
4152	17.07.2025 20:26:11	1,23	2,28	31,61	27,46	1450,40
4153	17.07.2025 20:26:12	1,23	2,24	31,64	27,48	1450,44
4154	17.07.2025 20:26:13	1,27	2,21	31,57	27,46	1450,51
4155	17.07.2025 20:26:14	1,27	2,16	31,64	27,51	1450,59
4156	17.07.2025 20:26:15	1,31	2,12	31,60	27,51	1450,71
4157	17.07.2025 20:26:16	1,31	2,11	31,53	27,46	1450,62
4158	17.07.2025 20:26:17	1,31	2,09	31,50	27,43	1450,57
4159	17.07.2025 20:26:18	1,31	2,05	31,43	27,38	1450,48
4160	17.07.2025 20:26:19	1,31	2,00	31,47	27,41	1450,51
4161	17.07.2025 20:26:20	1,31	2,02	31,53	27,46	1450,61
4162	17.07.2025 20:26:21	1,35	2,00	31,50	27,46	1450,73
4163	17.07.2025 20:26:22	1,35	1,97	31,56	27,51	1450,81
4164	17.07.2025 20:26:23	1,35	1,95	31,60	27,54	1450,85
4165	17.07.2025 20:26:24	1,39	1,95	31,53	27,51	1450,93
4166	17.07.2025 20:26:25	1,39	1,95	31,53	27,51	1450,93
4167	17.07.2025 20:26:26	1,42	1,94	31,52	27,54	1451,10
4168	17.07.2025 20:26:27	1,42	1,94	31,52	27,54	1451,10
4169	17.07.2025 20:26:28	1,42	1,94	31,49	27,51	1451,05
4170	17.07.2025 20:26:29	1,46	1,94	31,48	27,54	1451,22
4171	17.07.2025 20:26:30	1,46	1,92	31,48	27,54	1451,22
4172	17.07.2025 20:26:31	1,46	1,92	31,48	27,54	1451,22
4173	17.07.2025 20:26:32	1,50	1,91	31,48	27,57	1451,38
4174	17.07.2025 20:26:33	1,50	1,91	31,51	27,60	1451,43
4175	17.07.2025 20:26:34	1,50	1,91	31,55	27,62	1451,47
4176	17.07.2025 20:26:35	1,54	1,93	31,58	27,68	1451,69
4177	17.07.2025 20:26:36	1,58	1,88	31,54	27,68	1451,80
4178	17.07.2025 20:26:37	1,58	1,88	31,61	27,73	1451,89
4179	17.07.2025 20:26:38	1,62	1,86	31,67	27,81	1452,14
4180	17.07.2025 20:26:39	1,66	1,86	31,80	27,95	1452,49
4181	17.07.2025 20:26:40	1,73	1,83	31,89	28,08	1452,95
4182	17.07.2025 20:26:41	1,81	1,82	31,98	28,22	1453,41
4183	17.07.2025 20:26:42	1,93	1,79	31,94	28,28	1453,85
4184	17.07.2025 20:26:43	1,96	1,74	31,93	28,30	1454,01
4185	17.07.2025 20:26:44	2,04	1,69	31,73	28,20	1454,06
4186	17.07.2025 20:26:45	2,08	1,64	31,85	28,33	1454,39
4187	17.07.2025 20:26:46	2,12	1,61	31,78	28,31	1454,46
4188	17.07.2025 20:26:47	2,15	1,57	31,98	28,49	1454,88
4189	17.07.2025 20:26:48	2,23	1,56	32,07	28,63	1455,33
4190	17.07.2025 20:26:49	2,34	1,53	32,22	28,84	1456,03
4191	17.07.2025 20:26:50	2,50	1,52	32,53	29,22	1457,10
4192	17.07.2025 20:26:51	2,68	1,48	32,67	29,49	1458,09
4193	17.07.2025 20:26:52	2,91	1,46	32,61	29,63	1458,99
4194	17.07.2025 20:26:53	3,10	1,40	32,62	29,80	1459,79
4195	17.07.2025 20:26:54	3,25	1,32	32,51	29,83	1460,27
4196	17.07.2025 20:26:55	3,39	1,27	32,33	29,80	1460,67
4197	17.07.2025 20:26:56	3,50	1,24	32,26	29,84	1461,04
4198	17.07.2025 20:26:57	3,58	1,23	32,48	30,08	1461,63
4199	17.07.2025 20:26:58	3,73	1,18	32,56	30,27	1462,35
4200	17.07.2025 20:26:59	3,87	1,17	32,76	30,56	1463,24
4201	17.07.2025 20:27:00	4,06	1,15	32,74	30,70	1463,98
4202	17.07.2025 20:27:01	4,24	1,10	32,57	30,71	1464,50
4203	17.07.2025 20:27:02	4,35	1,07	32,74	30,95	1465,18
4204	17.07.2025 20:27:03	4,49	1,06	32,73	31,06	1465,76
4205	17.07.2025 20:27:04	4,67	1,04	32,53	31,04	1466,24
4206	17.07.2025 20:27:05	4,82	1,01	32,76	31,36	1467,13
4207	17.07.2025 20:27:06	4,96	0,98	32,84	31,55	1467,82
4208	17.07.2025 20:27:07	5,14	0,97	32,79	31,66	1468,49
4209	17.07.2025 20:27:08	5,31	0,93	32,68	31,72	1469,07
4210	17.07.2025 20:27:09	5,46	0,90	32,64	31,81	1469,59
4211	17.07.2025 20:27:10	5,56	0,87	32,60	31,86	1469,96
4212	17.07.2025 20:27:11	5,70	0,84	32,56	31,95	1470,47
4213	17.07.2025 20:27:12	5,81	0,81	32,55	32,03	1470,88
4214	17.07.2025 20:27:13	5,95	0,79	32,42	32,03	1471,27
4215	17.07.2025 20:27:14	6,02	0,77	32,45	32,12	1471,59
4216	17.07.2025 20:27:15	6,16	0,74	32,55	32,33	1472,28
4217	17.07.2025 20:27:16	6,30	0,73	32,60	32,50	1472,90
4218	17.07.2025 20:27:17	6,47	0,72	32,65	32,69	1473,64
4219	17.07.2025 20:27:18	6,68	0,72	32,96	33,15	1474,85
4220	17.07.2025 20:27:19	6,99	0,73	33,05	33,50	1476,18
4221	17.07.2025 20:27:20	7,30	0,68	33,03	33,75	1477,35
4222	17.07.2025 20:27:21	7,57	0,62	33,03	34,00	1478,40
4223	17.07.2025 20:27:22	7,84	0,62	32,90	34,11	1479,27
4224	17.07.2025 20:27:23	8,11	0,61	33,22	34,65	1480,70
4225	17.07.2025 20:27:24	8,38	0,68	34,05	35,67	1482,77
4226	17.07.2025 20:27:25	8,91	0,79	36,12	38,13	1487,37
4227	17.07.2025 20:27:26	9,74	0,72	35,03	37,87	1489,01
4228	17.07.2025 20:27:27	10,42	0,48	33,58	37,09	1489,64
4229	17.07.2025 20:27:28	10,74	0,39	33,73	37,53	1490,96
4230	17.07.2025 20:27:29	11,03	0,51	34,35	38,41	1492,75
4231	17.07.2025 20:27:30	11,45	0,41	34,03	38,48	1493,80
4232	17.07.2025 20:27:31	11,83	0,36	33,79	38,60	1494,82
4233	17.07.2025 20:27:32	12,11	0,34	33,70	38,77	1495,69
4234	17.07.2025 20:27:33	12,40	0,32	33,55	38,88	1496,48
4235	17.07.2025 20:27:34	12,65	0,30	33,44	39,00	1497,19
4236	17.07.2025 20:27:35	12,87	0,22	33,28	39,03	1497,72
4237	17.07.2025 20:27:36	13,09	0,22	33,12	39,06	1498,26
4238	17.07.2025 20:27:37	13,28	0,22	32,96	39,07	1498,69
4239	17.07.2025 20:27:38	13,43	0,18	32,81	39,05	1499,02
4240	17.07.2025 20:27:39	13,59	0,16	32,70	39,08	1499,40
4241	17.07.2025 20:27:40	13,71	0,16	32,60	39,08	1499,69
4242	17.07.2025 20:27:41	13,86	0,16	32,47	39,09	1500,05
4243	17.07.2025 20:27:42	13,96	0,13	32,40	39,09	1500,25
4244	17.07.2025 20:27:43	14,08	0,13	32,29	39,09	1500,54
4245	17.07.2025 20:27:44	14,20	0,11	32,15	39,04	1500,76
4246	17.07.2025 20:27:45	14,30	0,09	32,10	39,07	1501,00
4247	17.07.2025 20:27:46	14,39	0,09	32,02	39,07	1501,21
4248	17.07.2025 20:27:47	14,48	0,08	31,95	39,08	1501,42
4249	17.07.2025 20:27:48	14,60	0,06	31,83	39,05	1501,66
4250	17.07.2025 20:27:49	14,70	0,04	31,78	39,08	1501,90
4251	17.07.2025 20:27:50	14,79	0,06	31,68	39,06	1502,08
4252	17.07.2025 20:27:51	14,88	0,04	31,61	39,06	1502,29
4253	17.07.2025 20:27:52	14,94	0,00	31,56	39,06	1502,42
4254	17.07.2025 20:27:53	15,03	-0,01	31,46	39,04	1502,60
4255	17.07.2025 20:27:54	15,12	-0,03	31,39	39,04	1502,80
4256	17.07.2025 20:27:55	15,19	-0,03	31,37	39,07	1502,97
4257	17.07.2025 20:27:56	15,28	-0,05	31,30	39,07	1503,17
4258	17.07.2025 20:27:57	15,34	-0,07	31,25	39,07	1503,31
4259	17.07.2025 20:27:58	15,43	-0,07	31,16	39,05	1503,49
4260	17.07.2025 20:27:59	15,49	-0,08	31,11	39,05	1503,62
4261	17.07.2025 20:28:00	15,55	-0,08	31,06	39,05	1503,76
4262	17.07.2025 20:28:01	15,64	-0,08	30,99	39,05	1503,96
4263	17.07.2025 20:28:02	15,70	-0,12	30,95	39,06	1504,09
4264	17.07.2025 20:28:03	15,76	-0,12	30,90	39,06	1504,23
4265	17.07.2025 20:28:04	15,82	-0,12	30,83	39,03	1504,34
4266	17.07.2025 20:28:05	15,88	-0,10	30,81	39,06	1504,50
4267	17.07.2025 20:28:06	15,94	-0,10	30,74	39,03	1504,61
4268	17.07.2025 20:28:07	16,01	-0,12	30,69	39,04	1504,74
4269	17.07.2025 20:28:08	16,07	-0,14	30,65	39,04	1504,88
4270	17.07.2025 20:28:09	16,13	-0,12	30,60	39,04	1505,02
4271	17.07.2025 20:28:10	16,16	-0,12	30,58	39,04	1505,08
4272	17.07.2025 20:28:11	16,22	-0,08	30,54	39,04	1505,22
4273	17.07.2025 20:28:12	16,28	-0,08	30,49	39,04	1505,36
4274	17.07.2025 20:28:13	16,31	-0,10	30,47	39,04	1505,42
4275	17.07.2025 20:28:14	16,34	-0,10	30,45	39,04	1505,49
4276	17.07.2025 20:28:15	16,37	-0,08	30,40	39,02	1505,53
4277	17.07.2025 20:28:16	16,40	-0,08	30,38	39,02	1505,60
4278	17.07.2025 20:28:17	16,46	-0,08	30,33	39,02	1505,73
4279	17.07.2025 20:28:18	16,49	-0,08	30,31	39,02	1505,80
4280	17.07.2025 20:28:19	16,52	-0,10	30,29	39,02	1505,86
4281	17.07.2025 20:28:20	16,58	-0,07	30,25	39,02	1506,00
4282	17.07.2025 20:28:21	16,61	-0,08	30,20	39,00	1506,04
4283	17.07.2025 20:28:22	16,64	-0,08	30,18	39,00	1506,11
4284	17.07.2025 20:28:23	16,70	-0,08	30,13	39,00	1506,24
4285	17.07.2025 20:28:24	16,73	-0,07	30,11	39,00	1506,31
4286	17.07.2025 20:28:25	16,76	-0,08	30,09	39,00	1506,37
4287	17.07.2025 20:28:26	16,79	-0,08	30,07	39,00	1506,44
4288	17.07.2025 20:28:27	16,82	-0,08	30,07	39,03	1506,53
4289	17.07.2025 20:28:28	16,85	-0,08	30,03	39,00	1506,57
4290	17.07.2025 20:28:29	16,88	-0,10	30,00	39,00	1506,64
4291	17.07.2025 20:28:30	16,94	-0,07	29,96	39,01	1506,78
4292	17.07.2025 20:28:31	16,97	-0,05	29,94	39,01	1506,85
4293	17.07.2025 20:28:32	17,00	-0,08	29,80	38,87	1506,77
4294	17.07.2025 20:28:33	17,00	-0,07	29,89	38,98	1506,88
4295	17.07.2025 20:28:34	17,06	-0,07	29,87	39,01	1507,04
4296	17.07.2025 20:28:35	17,06	-0,07	29,85	38,98	1507,01
4297	17.07.2025 20:28:36	17,09	-0,05	29,85	39,01	1507,11
4298	17.07.2025 20:28:37	17,12	-0,07	29,81	38,98	1507,15
4299	17.07.2025 20:28:38	17,15	-0,07	29,79	38,98	1507,21
4300	17.07.2025 20:28:39	17,18	-0,07	29,76	38,98	1507,28
4301	17.07.2025 20:28:40	17,21	-0,07	29,77	39,01	1507,37
4302	17.07.2025 20:28:41	17,24	-0,08	29,72	38,99	1507,41
4303	17.07.2025 20:28:42	17,24	-0,08	29,74	39,01	1507,43
4304	17.07.2025 20:28:43	17,27	-0,07	29,72	39,01	1507,50
4305	17.07.2025 20:28:44	17,30	-0,07	29,68	38,99	1507,54
4306	17.07.2025 20:28:45	17,30	-0,07	29,68	38,99	1507,54
4307	17.07.2025 20:28:46	17,33	-0,07	29,66	38,99	1507,61
4308	17.07.2025 20:28:47	17,36	-0,05	29,64	38,99	1507,68
4309	17.07.2025 20:28:48	17,36	-0,07	29,61	38,96	1507,65
4310	17.07.2025 20:28:49	17,39	-0,05	29,62	38,99	1507,74
4311	17.07.2025 20:28:50	17,42	-0,07	29,59	38,99	1507,80
4312	17.07.2025 20:28:51	17,42	-0,05	29,59	38,99	1507,81
4313	17.07.2025 20:28:52	17,45	-0,05	29,57	38,99	1507,87
4314	17.07.2025 20:28:53	17,45	-0,07	29,57	38,99	1507,87
4315	17.07.2025 20:28:54	17,48	-0,07	29,53	38,97	1507,91
4316	17.07.2025 20:28:55	17,48	-0,07	29,55	38,99	1507,94
4317	17.07.2025 20:28:56	17,51	-0,07	29,53	38,99	1508,00
4318	17.07.2025 20:28:57	17,51	-0,08	29,51	38,97	1507,97
4319	17.07.2025 20:28:58	17,54	-0,07	29,49	38,97	1508,04
4320	17.07.2025 20:28:59	17,54	-0,07	29,49	38,97	1508,04
4321	17.07.2025 20:29:00	17,57	-0,05	29,47	38,97	1508,11
4322	17.07.2025 20:29:01	17,57	-0,07	29,47	38,97	1508,11
4323	17.07.2025 20:29:02	17,60	-0,07	29,45	38,97	1508,17
4324	17.07.2025 20:29:03	17,60	-0,07	29,45	38,97	1508,17
4325	17.07.2025 20:29:04	17,63	-0,08	29,40	38,94	1508,21
4326	17.07.2025 20:29:05	17,63	-0,07	29,42	38,97	1508,24
4327	17.07.2025 20:29:06	17,66	-0,05	29,40	38,97	1508,30
4328	17.07.2025 20:29:07	17,66	-0,05	29,40	38,97	1508,30
4329	17.07.2025 20:29:08	17,66	-0,03	29,43	39,00	1508,33
4330	17.07.2025 20:29:09	17,69	-0,05	29,38	38,97	1508,37
4331	17.07.2025 20:29:10	17,69	-0,05	29,38	38,97	1508,37
4332	17.07.2025 20:29:11	17,69	-0,05	29,38	38,97	1508,37
4333	17.07.2025 20:29:12	17,72	-0,05	29,36	38,97	1508,43
4334	17.07.2025 20:29:13	17,72	-0,03	29,36	38,97	1508,44
4335	17.07.2025 20:29:14	17,72	-0,07	29,36	38,97	1508,43
4336	17.07.2025 20:29:15	17,75	-0,05	29,34	38,97	1508,50
4337	17.07.2025 20:29:16	17,75	-0,07	29,34	38,97	1508,50
4338	17.07.2025 20:29:17	17,75	-0,05	29,32	38,94	1508,47
4339	17.07.2025 20:29:18	17,78	-0,07	22,54	30,73	1500,71
4340	17.07.2025 20:29:19	17,78	-0,07	20,41	28,09	1498,25
4341	17.07.2025 20:29:20	17,78	-0,07	20,39	28,06	1498,22
4342	17.07.2025 20:29:21	17,78	-0,07	20,67	28,41	1498,55
4343	17.07.2025 20:29:22	17,78	-0,07	20,69	28,44	1498,58
4344	17.07.2025 20:29:23	17,78	-0,07	20,74	28,49	1498,63
4345	17.07.2025 20:29:24	17,78	-0,07	20,78	28,55	1498,68
4346	17.07.2025 20:29:25	17,78	-0,05	20,91	28,71	1498,83
4347	17.07.2025 20:29:26	17,78	-0,07	20,93	28,74	1498,85
4348	17.07.2025 20:29:27	17,78	-0,07	21,06	28,90	1499,00
4349	17.07.2025 20:29:28	17,78	-0,05	20,93	28,74	1498,85
4350	17.07.2025 20:29:29	17,78	-0,05	20,91	28,71	1498,83
4351	17.07.2025 20:29:30	17,78	-0,07	20,89	28,68	1498,80
4352	17.07.2025 20:29:31	17,78	-0,05	21,06	28,90	1499,01
4353	17.07.2025 20:29:32	17,78	-0,05	20,80	28,57	1498,70
4354	17.07.2025 20:29:33	17,78	-0,05	20,69	28,44	1498,58
4355	17.07.2025 20:29:34	17,78	-0,07	21,04	28,87	1498,98
4356	17.07.2025 20:29:35	17,78	-0,05	13,63	19,42	1490,40
4357	17.07.2025 20:29:36	17,78	-0,05	14,69	20,81	1491,63
4358	17.07.2025 20:29:37	17,75	-0,07	14,47	20,50	1491,28
4359	17.07.2025 20:29:38	17,75	-0,07	14,47	20,50	1491,28
4360	17.07.2025 20:29:39	17,75	-0,05	14,51	20,56	1491,33
4361	17.07.2025 20:29:40	17,75	-0,05	14,43	20,44	1491,23
4362	17.07.2025 20:29:41	17,75	-0,05	14,66	20,75	1491,50
4363	17.07.2025 20:29:42	17,75	-0,05	14,26	20,22	1491,03
4364	17.07.2025 20:29:43	17,75	-0,05	13,70	19,50	1490,39
4365	17.07.2025 20:29:44	17,75	-0,05	13,81	19,64	1490,51
4366	17.07.2025 20:29:45	17,75	-0,05	13,87	19,72	1490,59
4367	17.07.2025 20:29:46	17,72	-0,05	13,67	19,44	1490,26
4368	17.07.2025 20:29:47	17,72	-0,05	13,41	19,11	1489,96
4369	17.07.2025 20:29:48	17,72	-0,07	13,63	19,39	1490,20
4370	17.07.2025 20:29:49	17,72	-0,05	13,69	19,47	1490,28
4371	17.07.2025 20:29:50	17,72	-0,05	13,33	19,00	1489,86
4372	17.07.2025 20:29:51	17,72	-0,05	13,56	19,30	1490,13
4373	17.07.2025 20:29:52	17,69	-0,07	13,55	19,28	1490,02
4374	17.07.2025 20:29:53	17,69	-0,05	13,64	19,39	1490,12
4375	17.07.2025 20:29:54	17,69	-0,05	13,64	19,39	1490,12
4376	17.07.2025 20:29:55	17,69	-0,05	13,66	19,41	1490,15
4377	17.07.2025 20:29:56	17,69	-0,05	13,64	19,39	1490,12
4378	17.07.2025 20:29:57	17,69	-0,03	13,53	19,25	1490,00
4379	17.07.2025 20:29:58	17,66	-0,05	13,73	19,50	1490,14
4380	17.07.2025 20:29:59	17,66	-0,05	13,73	19,50	1490,14
4381	17.07.2025 20:30:00	17,66	-0,05	13,69	19,44	1490,09
4382	17.07.2025 20:30:01	17,66	-0,05	13,60	19,33	1489,99
4383	17.07.2025 20:30:02	17,66	-0,05	13,84	19,64	1490,26
4384	17.07.2025 20:30:03	17,63	-0,05	13,33	18,97	1489,59
4385	17.07.2025 20:30:04	17,63	-0,07	13,87	19,66	1490,20
4386	17.07.2025 20:30:05	17,63	-0,07	13,70	19,44	1490,00
4387	17.07.2025 20:30:06	17,63	-0,07	13,80	19,58	1490,13
4388	17.07.2025 20:30:07	17,63	-0,07	13,72	19,47	1490,03
4389	17.07.2025 20:30:08	17,63	-0,07	13,68	19,41	1489,98
4390	17.07.2025 20:30:09	17,63	-0,07	13,89	19,69	1490,23
4391	17.07.2025 20:30:10	17,60	-0,05	13,81	19,58	1490,05
4392	17.07.2025 20:30:11	17,60	-0,07	13,62	19,33	1489,82
4393	17.07.2025 20:30:12	17,60	-0,07	12,94	18,44	1489,03
4394	17.07.2025 20:30:13	17,60	-0,05	13,02	18,55	1489,13
4395	17.07.2025 20:30:14	17,60	-0,07	13,02	18,55	1489,13
4396	17.07.2025 20:30:15	17,57	-0,05	12,95	18,44	1488,95
4397	17.07.2025 20:30:16	17,57	-0,07	12,86	18,32	1488,84
4398	17.07.2025 20:30:17	17,57	-0,05	12,90	18,38	1488,90
4399	17.07.2025 20:30:18	17,57	-0,05	13,10	18,63	1489,12
4400	17.07.2025 20:30:19	17,57	-0,07	13,01	18,52	1489,02
4401	17.07.2025 20:30:20	17,57	-0,05	12,73	18,16	1488,70
4402	17.07.2025 20:30:21	17,57	-0,05	13,20	18,77	1489,24
4403	17.07.2025 20:30:22	17,54	-0,05	13,11	18,63	1489,04
4404	17.07.2025 20:30:23	17,54	-0,07	13,11	18,63	1489,03
4405	17.07.2025 20:30:24	17,54	-0,05	13,36	18,97	1489,33
4406	17.07.2025 20:30:25	17,54	-0,05	13,00	18,49	1488,91
4407	17.07.2025 20:30:26	17,54	-0,07	13,17	18,72	1489,11
4408	17.07.2025 20:30:27	17,54	-0,05	13,00	18,49	1488,91
4409	17.07.2025 20:30:28	17,54	-0,05	13,04	18,55	1488,96
4410	17.07.2025 20:30:29	17,51	-0,05	13,03	18,52	1488,85
4411	17.07.2025 20:30:30	17,51	-0,07	13,07	18,58	1488,90
4412	17.07.2025 20:30:31	17,51	-0,07	12,96	18,44	1488,78
4413	17.07.2025 20:30:32	17,51	-0,05	13,03	18,52	1488,85
4414	17.07.2025 20:30:33	17,51	-0,05	13,18	18,71	1489,03
4415	17.07.2025 20:30:34	17,51	-0,05	13,20	18,74	1489,05
4416	17.07.2025 20:30:35	17,51	-0,07	13,07	18,58	1488,90
4417	17.07.2025 20:30:36	17,48	-0,05	13,10	18,60	1488,84
4418	17.07.2025 20:30:37	17,48	-0,05	13,06	18,55	1488,79
4419	17.07.2025 20:30:38	17,48	-0,07	13,06	18,55	1488,79
4420	17.07.2025 20:30:39	17,48	-0,07	13,23	18,77	1488,99
4421	17.07.2025 20:30:40	17,48	-0,05	13,19	18,71	1488,94
4422	17.07.2025 20:30:41	17,48	-0,07	13,00	18,46	1488,72
4423	17.07.2025 20:30:42	17,48	-0,05	13,15	18,66	1488,89
4424	17.07.2025 20:30:43	17,48	-0,05	13,34	18,91	1489,12
4425	17.07.2025 20:30:44	17,45	-0,07	13,11	18,60	1488,76
4426	17.07.2025 20:30:45	17,45	-0,05	12,94	18,38	1488,56
4427	17.07.2025 20:30:46	17,45	-0,05	13,22	18,74	1488,88
4428	17.07.2025 20:30:47	17,45	-0,05	13,00	18,46	1488,63
4429	17.07.2025 20:30:48	17,45	-0,05	13,15	18,66	1488,81
4430	17.07.2025 20:30:49	17,45	-0,05	13,18	18,69	1488,83
4431	17.07.2025 20:30:50	17,45	-0,05	13,33	18,88	1489,01
4432	17.07.2025 20:30:51	17,45	-0,05	13,20	18,71	1488,86
4433	17.07.2025 20:30:52	17,45	-0,05	13,11	18,60	1488,76
4434	17.07.2025 20:30:53	17,45	-0,05	13,24	18,77	1488,91
4435	17.07.2025 20:30:54	17,42	-0,07	13,25	18,77	1488,82
4436	17.07.2025 20:30:55	17,42	-0,07	13,19	18,69	1488,75
4437	17.07.2025 20:30:56	17,42	-0,05	13,16	18,66	1488,72
4438	17.07.2025 20:30:57	17,42	-0,05	13,16	18,66	1488,72
4439	17.07.2025 20:30:58	17,42	-0,07	13,23	18,74	1488,80
4440	17.07.2025 20:30:59	17,42	-0,05	13,10	18,57	1488,65
4441	17.07.2025 20:31:00	17,42	-0,07	13,14	18,63	1488,70
4442	17.07.2025 20:31:01	17,42	-0,05	13,23	18,74	1488,80
4443	17.07.2025 20:31:02	17,42	-0,07	13,12	18,60	1488,67
4444	17.07.2025 20:31:03	17,42	-0,07	13,10	18,57	1488,65
4445	17.07.2025 20:31:04	17,39	-0,07	13,17	18,66	1488,64
4446	17.07.2025 20:31:05	17,39	-0,05	13,19	18,69	1488,66
4447	17.07.2025 20:31:06	17,39	-0,05	13,15	18,63	1488,61
4448	17.07.2025 20:31:07	17,39	-0,05	13,13	18,60	1488,59
4449	17.07.2025 20:31:08	17,39	-0,07	13,19	18,69	1488,66
4450	17.07.2025 20:31:09	17,39	-0,05	13,11	18,57	1488,56
4451	17.07.2025 20:31:10	17,39	-0,05	13,07	18,52	1488,51
4452	17.07.2025 20:31:11	17,39	-0,07	13,19	18,69	1488,66
4453	17.07.2025 20:31:12	17,39	-0,05	13,19	18,69	1488,66
4454	17.07.2025 20:31:13	17,39	-0,05	13,13	18,60	1488,59
4455	17.07.2025 20:31:14	17,36	-0,07	13,12	18,57	1488,48
4456	17.07.2025 20:31:15	17,36	-0,05	13,25	18,74	1488,63
4457	17.07.2025 20:31:16	17,36	-0,05	13,23	18,71	1488,61
4458	17.07.2025 20:31:17	17,36	-0,05	13,08	18,52	1488,43
4459	17.07.2025 20:31:18	17,36	-0,05	13,14	18,60	1488,51
4460	17.07.2025 20:31:19	17,36	-0,05	13,20	18,68	1488,58
4461	17.07.2025 20:31:20	17,36	-0,07	13,14	18,60	1488,50
4462	17.07.2025 20:31:21	17,36	-0,07	13,12	18,57	1488,48
4463	17.07.2025 20:31:22	17,36	-0,05	13,20	18,68	1488,58
4464	17.07.2025 20:31:23	17,36	-0,07	13,10	18,55	1488,45
4465	17.07.2025 20:31:24	17,36	-0,07	13,16	18,63	1488,53
4466	17.07.2025 20:31:25	17,36	-0,05	13,25	18,74	1488,63
4467	17.07.2025 20:31:26	17,36	-0,05	13,18	18,66	1488,56
4468	17.07.2025 20:31:27	17,36	-0,05	13,10	18,55	1488,46
4469	17.07.2025 20:31:28	17,36	-0,07	13,18	18,66	1488,55
4470	17.07.2025 20:31:29	17,36	-0,05	13,16	18,63	1488,53
4471	17.07.2025 20:31:30	17,36	-0,05	13,14	18,60	1488,51
4472	17.07.2025 20:31:31	17,33	-0,05	13,15	18,60	1488,42
4473	17.07.2025 20:31:32	17,33	-0,05	13,13	18,57	1488,40
4474	17.07.2025 20:31:33	17,33	-0,05	13,19	18,66	1488,47
4475	17.07.2025 20:31:34	17,33	-0,05	13,21	18,68	1488,50
4476	17.07.2025 20:31:35	17,33	-0,05	13,15	18,60	1488,42
4477	17.07.2025 20:31:36	17,33	-0,05	13,19	18,66	1488,47
4478	17.07.2025 20:31:37	17,33	-0,05	13,15	18,60	1488,42
4479	17.07.2025 20:31:38	17,33	-0,05	13,17	18,63	1488,45
4480	17.07.2025 20:31:39	17,33	-0,05	13,19	18,66	1488,47
4481	17.07.2025 20:31:40	17,33	-0,05	13,15	18,60	1488,42
4482	17.07.2025 20:31:41	17,33	-0,05	13,15	18,60	1488,42
4483	17.07.2025 20:31:42	17,33	-0,05	13,17	18,63	1488,45
4484	17.07.2025 20:31:43	17,33	-0,05	12,85	18,21	1488,07
4485	17.07.2025 20:31:44	17,33	-0,03	12,76	18,10	1487,97
4486	17.07.2025 20:31:45	17,33	-0,05	12,93	18,32	1488,17
4487	17.07.2025 20:31:46	17,33	-0,05	12,96	18,35	1488,20
4488	17.07.2025 20:31:47	17,33	-0,05	13,13	18,57	1488,40
4489	17.07.2025 20:31:48	17,33	-0,05	13,30	18,80	1488,60
4490	17.07.2025 20:31:49	17,33	-0,05	13,00	18,40	1488,25
4491	17.07.2025 20:31:50	17,33	-0,05	12,74	18,07	1487,95
4492	17.07.2025 20:31:51	17,33	-0,05	12,55	17,82	1487,72
4493	17.07.2025 20:31:52	17,33	-0,05	12,63	17,93	1487,82
4494	17.07.2025 20:31:53	17,33	-0,05	12,70	18,01	1487,90
4495	17.07.2025 20:31:54	17,33	-0,05	13,08	18,52	1488,35
4496	17.07.2025 20:31:55	17,33	-0,05	13,02	18,43	1488,27
4497	17.07.2025 20:31:56	17,30	-0,05	12,99	18,38	1488,14
4498	17.07.2025 20:31:57	17,30	-0,05	12,77	18,10	1487,89
4499	17.07.2025 20:31:58	17,30	-0,05	12,79	18,12	1487,91
4500	17.07.2025 20:31:59	17,30	-0,05	12,84	18,18	1487,96
4501	17.07.2025 20:32:00	17,30	-0,05	13,05	18,46	1488,21
4502	17.07.2025 20:32:01	17,30	-0,05	12,62	17,90	1487,71
4503	17.07.2025 20:32:02	17,30	-0,07	12,92	18,29	1488,06
4504	17.07.2025 20:32:03	17,30	-0,07	13,14	18,57	1488,31
4505	17.07.2025 20:32:04	17,30	-0,05	12,90	18,26	1488,04
4506	17.07.2025 20:32:05	17,30	-0,07	12,84	18,18	1487,96
4507	17.07.2025 20:32:06	17,30	-0,05	13,05	18,46	1488,21
4508	17.07.2025 20:32:07	17,30	-0,05	13,14	18,57	1488,31
4509	17.07.2025 20:32:08	17,30	-0,07	13,09	18,52	1488,26
4510	17.07.2025 20:32:09	17,30	-0,05	12,88	18,24	1488,01
4511	17.07.2025 20:32:10	17,30	-0,05	12,94	18,32	1488,09
4512	17.07.2025 20:32:11	17,30	-0,05	13,07	18,49	1488,24
4513	17.07.2025 20:32:12	17,30	-0,05	12,86	18,21	1487,99
4514	17.07.2025 20:32:13	17,30	-0,05	12,73	18,04	1487,84
4515	17.07.2025 20:32:14	17,30	-0,07	13,01	18,40	1488,16
4516	17.07.2025 20:32:15	17,30	-0,07	13,05	18,46	1488,21
4517	17.07.2025 20:32:16	17,30	-0,05	13,18	18,63	1488,36
4518	17.07.2025 20:32:17	17,30	-0,05	12,96	18,35	1488,11
4519	17.07.2025 20:32:18	17,30	-0,05	12,66	17,96	1487,76
4520	17.07.2025 20:32:19	17,30	-0,05	13,12	18,54	1488,29
4521	17.07.2025 20:32:20	17,30	-0,05	12,96	18,35	1488,11
4522	17.07.2025 20:32:21	17,30	-0,05	12,75	18,07	1487,86
4523	17.07.2025 20:32:22	17,30	-0,05	13,16	18,60	1488,34
4524	17.07.2025 20:32:23	17,33	-0,05	13,02	18,43	1488,27
4525	17.07.2025 20:32:24	17,33	-0,05	12,96	18,35	1488,20
4526	17.07.2025 20:32:25	17,30	-0,05	13,01	18,40	1488,16
4527	17.07.2025 20:32:26	17,30	-0,05	12,96	18,35	1488,11
4528	17.07.2025 20:32:27	17,33	-0,05	12,98	18,38	1488,22
4529	17.07.2025 20:32:28	17,33	-0,05	12,96	18,35	1488,20
4530	17.07.2025 20:32:29	17,33	-0,05	12,74	18,07	1487,95
4531	17.07.2025 20:32:30	17,33	-0,05	13,04	18,46	1488,30
4532	17.07.2025 20:32:31	17,30	-0,05	13,20	18,66	1488,39
4533	17.07.2025 20:32:32	17,33	-0,05	13,06	18,49	1488,32
4534	17.07.2025 20:32:33	17,33	-0,05	12,65	17,96	1487,85
4535	17.07.2025 20:32:34	17,30	-0,07	13,09	18,52	1488,26
4536	17.07.2025 20:32:35	17,30	-0,05	13,07	18,49	1488,24
4537	17.07.2025 20:32:36	17,30	-0,07	12,75	18,07	1487,86
4538	17.07.2025 20:32:37	17,33	-0,05	12,87	18,24	1488,10
4539	17.07.2025 20:32:38	17,30	-0,07	13,12	18,54	1488,28
4540	17.07.2025 20:32:39	17,33	-0,05	12,96	18,35	1488,20
4541	17.07.2025 20:32:40	17,33	-0,05	12,74	18,07	1487,95
4542	17.07.2025 20:32:41	17,33	-0,03	13,15	18,60	1488,42
4543	17.07.2025 20:32:42	17,33	-0,05	13,11	18,54	1488,37
4544	17.07.2025 20:32:43	17,33	-0,05	12,83	18,18	1488,05
4545	17.07.2025 20:32:44	17,33	-0,05	12,87	18,24	1488,10
4546	17.07.2025 20:32:45	17,33	-0,05	13,02	18,43	1488,27
4547	17.07.2025 20:32:46	17,33	-0,05	13,04	18,46	1488,30
4548	17.07.2025 20:32:47	17,33	-0,05	12,61	17,90	1487,80
4549	17.07.2025 20:32:48	17,33	-0,05	12,80	18,15	1488,02
4550	17.07.2025 20:32:49	17,33	-0,05	13,32	18,82	1488,62
4551	17.07.2025 20:32:50	17,33	-0,07	13,11	18,54	1488,37
4552	17.07.2025 20:32:51	17,33	-0,07	12,80	18,15	1488,02
4553	17.07.2025 20:32:52	17,33	-0,05	13,04	18,46	1488,30
4554	17.07.2025 20:32:53	17,33	-0,05	13,19	18,66	1488,47
4555	17.07.2025 20:32:54	17,33	-0,05	12,93	18,32	1488,17
4556	17.07.2025 20:32:55	17,33	-0,05	12,76	18,10	1487,97
4557	17.07.2025 20:32:56	17,33	-0,05	13,11	18,54	1488,37
4558	17.07.2025 20:32:57	17,33	-0,07	13,08	18,52	1488,34
4559	17.07.2025 20:32:58	17,33	-0,05	12,61	17,90	1487,80
4560	17.07.2025 20:32:59	17,33	-0,05	12,80	18,15	1488,02
4561	17.07.2025 20:33:00	17,33	-0,05	13,21	18,68	1488,50
4562	17.07.2025 20:33:01	17,33	-0,05	12,93	18,32	1488,17
4563	17.07.2025 20:33:02	17,33	-0,05	12,68	17,99	1487,87
4564	17.07.2025 20:33:03	17,33	-0,05	13,08	18,52	1488,35
4565	17.07.2025 20:33:04	17,33	-0,05	13,06	18,49	1488,32
4566	17.07.2025 20:33:05	17,33	-0,05	13,06	18,49	1488,32
4567	17.07.2025 20:33:06	17,33	-0,07	12,87	18,24	1488,09
4568	17.07.2025 20:33:07	17,33	-0,05	13,00	18,40	1488,25
4569	17.07.2025 20:33:08	17,33	-0,07	13,00	18,40	1488,24
4570	17.07.2025 20:33:09	17,33	-0,07	12,76	18,10	1487,97
4571	17.07.2025 20:33:10	17,33	-0,05	13,08	18,52	1488,35
4572	17.07.2025 20:33:11	17,33	-0,07	13,17	18,63	1488,44
4573	17.07.2025 20:33:12	17,33	-0,07	12,72	18,04	1487,92
4574	17.07.2025 20:33:13	17,33	-0,05	12,70	18,01	1487,90
4575	17.07.2025 20:33:14	17,33	-0,07	13,04	18,46	1488,29
4576	17.07.2025 20:33:15	17,33	-0,05	13,11	18,54	1488,37
4577	17.07.2025 20:33:16	17,33	-0,07	12,87	18,24	1488,09
4578	17.07.2025 20:33:17	17,33	-0,07	12,78	18,13	1487,99
4579	17.07.2025 20:33:18	17,33	-0,05	13,17	18,63	1488,45
4580	17.07.2025 20:33:19	17,33	-0,05	13,04	18,46	1488,30
4581	17.07.2025 20:33:20	17,33	-0,05	12,80	18,15	1488,02
4582	17.07.2025 20:33:21	17,33	-0,07	13,11	18,54	1488,37
4583	17.07.2025 20:33:22	17,33	-0,05	13,06	18,49	1488,32
4584	17.07.2025 20:33:23	17,33	-0,05	13,00	18,40	1488,25
4585	17.07.2025 20:33:24	17,36	-0,07	12,88	18,27	1488,20
4586	17.07.2025 20:33:25	17,33	-0,07	13,13	18,57	1488,39
4587	17.07.2025 20:33:26	17,33	-0,05	13,08	18,52	1488,35
4588	17.07.2025 20:33:27	17,36	-0,07	12,77	18,13	1488,08
4589	17.07.2025 20:33:28	17,33	-0,07	12,83	18,18	1488,04
4590	17.07.2025 20:33:29	17,36	-0,07	13,18	18,66	1488,55
4591	17.07.2025 20:33:30	17,36	-0,07	12,88	18,27	1488,20
4592	17.07.2025 20:33:31	17,36	-0,07	12,84	18,21	1488,15
4593	17.07.2025 20:33:32	17,36	-0,05	12,86	18,24	1488,18
4594	17.07.2025 20:33:33	17,36	-0,07	13,12	18,57	1488,48
4595	17.07.2025 20:33:34	17,36	-0,05	12,88	18,27	1488,21
4596	17.07.2025 20:33:35	17,36	-0,05	12,84	18,21	1488,16
4597	17.07.2025 20:33:36	17,36	-0,07	12,99	18,41	1488,33
4598	17.07.2025 20:33:37	17,36	-0,07	13,20	18,68	1488,58
4599	17.07.2025 20:33:38	17,36	-0,05	12,82	18,18	1488,13
4600	17.07.2025 20:33:39	17,36	-0,05	12,86	18,24	1488,18
4601	17.07.2025 20:33:40	17,36	-0,07	13,08	18,52	1488,43
4602	17.07.2025 20:33:41	17,36	-0,07	13,12	18,57	1488,48
4603	17.07.2025 20:33:42	17,36	-0,07	12,71	18,04	1488,00
4604	17.07.2025 20:33:43	17,36	-0,05	12,77	18,13	1488,08
4605	17.07.2025 20:33:44	17,36	-0,05	13,03	18,46	1488,38
4606	17.07.2025 20:33:45	17,36	-0,07	13,01	18,43	1488,35
4607	17.07.2025 20:33:46	17,36	-0,07	12,97	18,38	1488,30
4608	17.07.2025 20:33:47	17,36	-0,07	12,88	18,27	1488,20
4609	17.07.2025 20:33:48	17,36	-0,07	13,14	18,60	1488,50
4610	17.07.2025 20:33:49	17,36	-0,07	12,95	18,35	1488,28
4611	17.07.2025 20:33:50	17,36	-0,07	13,03	18,46	1488,38
4612	17.07.2025 20:33:51	17,36	-0,05	13,12	18,57	1488,48
4613	17.07.2025 20:33:52	17,36	-0,05	13,12	18,57	1488,48
4614	17.07.2025 20:33:53	17,36	-0,07	12,97	18,38	1488,30
4615	17.07.2025 20:33:54	17,36	-0,05	12,92	18,32	1488,26
4616	17.07.2025 20:33:55	17,36	-0,05	13,14	18,60	1488,51
4617	17.07.2025 20:33:56	17,36	-0,07	12,82	18,18	1488,13
4618	17.07.2025 20:33:57	17,36	-0,05	12,69	18,01	1487,98
4619	17.07.2025 20:33:58	17,39	-0,07	12,89	18,29	1488,31
4620	17.07.2025 20:33:59	17,39	-0,05	13,15	18,63	1488,61
4621	17.07.2025 20:34:00	17,39	-0,07	12,87	18,27	1488,29
4622	17.07.2025 20:34:01	17,39	-0,07	13,00	18,43	1488,44
4623	17.07.2025 20:34:02	17,39	-0,07	13,19	18,69	1488,66
4624	17.07.2025 20:34:03	17,39	-0,07	13,04	18,49	1488,49
4625	17.07.2025 20:34:04	17,39	-0,05	12,77	18,13	1488,17
4626	17.07.2025 20:34:05	17,39	-0,07	13,13	18,60	1488,59
4627	17.07.2025 20:34:06	17,39	-0,05	13,17	18,66	1488,64
4628	17.07.2025 20:34:07	17,39	-0,05	12,83	18,21	1488,24
4629	17.07.2025 20:34:08	17,39	-0,07	12,81	18,18	1488,21
4630	17.07.2025 20:34:09	17,39	-0,07	13,17	18,66	1488,64
4631	17.07.2025 20:34:10	17,39	-0,07	12,74	18,10	1488,14
4632	17.07.2025 20:34:11	17,39	-0,07	12,72	18,07	1488,11
4633	17.07.2025 20:34:12	17,39	-0,07	13,07	18,52	1488,51
4634	17.07.2025 20:34:13	17,39	-0,07	13,09	18,55	1488,54
4635	17.07.2025 20:34:14	17,39	-0,07	12,87	18,27	1488,29
4636	17.07.2025 20:34:15	17,39	-0,07	12,87	18,27	1488,29
4637	17.07.2025 20:34:16	17,39	-0,07	12,87	18,27	1488,29
4638	17.07.2025 20:34:17	17,39	-0,07	13,13	18,60	1488,59
4639	17.07.2025 20:34:18	17,39	-0,07	12,96	18,38	1488,39
4640	17.07.2025 20:34:19	17,39	-0,07	12,83	18,21	1488,24
4641	17.07.2025 20:34:20	17,39	-0,07	13,17	18,66	1488,64
4642	17.07.2025 20:34:21	17,39	-0,05	13,02	18,46	1488,46
4643	17.07.2025 20:34:22	17,39	-0,05	12,81	18,18	1488,22
4644	17.07.2025 20:34:23	17,39	-0,07	13,15	18,63	1488,61
4645	17.07.2025 20:34:24	17,39	-0,05	13,09	18,55	1488,54
4646	17.07.2025 20:34:25	17,39	-0,07	12,79	18,15	1488,19
4647	17.07.2025 20:34:26	17,39	-0,07	12,59	17,90	1487,96
4648	17.07.2025 20:34:27	17,39	-0,07	13,15	18,63	1488,61
4649	17.07.2025 20:34:28	17,42	-0,07	13,08	18,55	1488,62
4650	17.07.2025 20:34:29	17,42	-0,07	12,76	18,13	1488,25
4651	17.07.2025 20:34:30	17,42	-0,07	12,91	18,32	1488,42
4652	17.07.2025 20:34:31	17,42	-0,07	13,25	18,77	1488,82
4653	17.07.2025 20:34:32	17,42	-0,07	13,04	18,49	1488,57
4654	17.07.2025 20:34:33	17,42	-0,05	12,67	18,01	1488,15
4655	17.07.2025 20:34:34	17,42	-0,07	12,91	18,32	1488,42
4656	17.07.2025 20:34:35	17,42	-0,07	13,23	18,74	1488,80
4657	17.07.2025 20:34:36	17,42	-0,07	12,65	17,99	1488,12
4658	17.07.2025 20:34:37	17,42	-0,05	12,65	17,99	1488,13
4659	17.07.2025 20:34:38	17,42	-0,07	12,97	18,41	1488,50
4660	17.07.2025 20:34:39	17,42	-0,07	13,14	18,63	1488,70
4661	17.07.2025 20:34:40	17,42	-0,07	12,73	18,10	1488,22
4662	17.07.2025 20:34:41	17,42	-0,07	12,88	18,29	1488,40
4663	17.07.2025 20:34:42	17,42	-0,07	13,08	18,55	1488,62
4664	17.07.2025 20:34:43	17,42	-0,07	13,01	18,46	1488,55
4665	17.07.2025 20:34:44	17,42	-0,07	12,86	18,27	1488,37
4666	17.07.2025 20:34:45	17,42	-0,07	13,16	18,66	1488,72
4667	17.07.2025 20:34:46	17,42	-0,07	13,31	18,85	1488,90
4668	17.07.2025 20:34:47	17,42	-0,07	12,78	18,15	1488,27
4669	17.07.2025 20:34:48	17,42	-0,05	12,54	17,85	1488,00
4670	17.07.2025 20:34:49	17,42	-0,05	13,14	18,63	1488,70
4671	17.07.2025 20:34:50	17,42	-0,07	13,14	18,63	1488,70
4672	17.07.2025 20:34:51	17,42	-0,07	12,88	18,29	1488,40
4673	17.07.2025 20:34:52	17,42	-0,07	12,69	18,04	1488,17
4674	17.07.2025 20:34:53	17,45	-0,07	13,09	18,57	1488,73
4675	17.07.2025 20:34:54	17,45	-0,07	13,00	18,46	1488,63
4676	17.07.2025 20:34:55	17,42	-0,07	12,78	18,15	1488,27
4677	17.07.2025 20:34:56	17,45	-0,07	12,96	18,41	1488,58
4678	17.07.2025 20:34:57	17,45	-0,07	13,22	18,74	1488,88
4679	17.07.2025 20:34:58	17,45	-0,07	12,88	18,29	1488,48
4680	17.07.2025 20:34:59	17,45	-0,07	12,66	18,01	1488,23
4681	17.07.2025 20:35:00	17,45	-0,07	12,98	18,43	1488,61
4682	17.07.2025 20:35:01	17,45	-0,07	12,92	18,35	1488,53
4683	17.07.2025 20:35:02	17,45	-0,07	12,64	17,99	1488,21
4684	17.07.2025 20:35:03	17,45	-0,07	12,64	17,99	1488,21
4685	17.07.2025 20:35:04	17,45	-0,07	13,18	18,69	1488,83
4686	17.07.2025 20:35:05	17,45	-0,07	13,18	18,69	1488,83
4687	17.07.2025 20:35:06	17,45	-0,07	12,85	18,27	1488,46
4688	17.07.2025 20:35:07	17,45	-0,07	12,83	18,24	1488,43
4689	17.07.2025 20:35:08	17,45	-0,07	13,22	18,74	1488,88
4690	17.07.2025 20:35:09	17,45	-0,07	13,00	18,46	1488,63
4691	17.07.2025 20:35:10	17,45	-0,07	12,62	17,96	1488,18
4692	17.07.2025 20:35:11	17,45	-0,07	12,98	18,43	1488,61
4693	17.07.2025 20:35:12	17,45	-0,07	13,07	18,55	1488,71
4694	17.07.2025 20:35:13	17,45	-0,07	12,81	18,21	1488,41
4695	17.07.2025 20:35:14	17,45	-0,07	12,85	18,27	1488,46
4696	17.07.2025 20:35:15	17,45	-0,07	13,15	18,66	1488,81
4697	17.07.2025 20:35:16	17,45	-0,08	13,07	18,55	1488,70
4698	17.07.2025 20:35:17	17,45	-0,07	12,75	18,13	1488,33
4699	17.07.2025 20:35:18	17,45	-0,07	12,90	18,32	1488,51
4700	17.07.2025 20:35:19	17,45	-0,07	13,26	18,80	1488,93
4701	17.07.2025 20:35:20	17,45	-0,08	12,83	18,24	1488,43
4702	17.07.2025 20:35:21	17,45	-0,07	12,83	18,24	1488,43
4703	17.07.2025 20:35:22	17,45	-0,07	13,05	18,52	1488,68
4704	17.07.2025 20:35:23	17,48	-0,07	12,89	18,32	1488,59
4705	17.07.2025 20:35:24	17,48	-0,07	12,82	18,24	1488,52
4706	17.07.2025 20:35:25	17,48	-0,07	12,67	18,04	1488,34
4707	17.07.2025 20:35:26	17,48	-0,08	13,10	18,60	1488,84
4708	17.07.2025 20:35:27	17,48	-0,07	13,04	18,52	1488,77
4709	17.07.2025 20:35:28	17,48	-0,07	12,80	18,21	1488,49
4710	17.07.2025 20:35:29	17,48	-0,07	12,97	18,43	1488,69
4711	17.07.2025 20:35:30	17,48	-0,07	12,89	18,32	1488,59
4712	17.07.2025 20:35:31	17,48	-0,07	12,91	18,35	1488,62
4713	17.07.2025 20:35:32	17,48	-0,07	12,87	18,30	1488,57
4714	17.07.2025 20:35:33	17,48	-0,07	13,12	18,63	1488,86
4715	17.07.2025 20:35:34	17,48	-0,07	13,19	18,71	1488,94
4716	17.07.2025 20:35:35	17,48	-0,07	13,08	18,57	1488,82
4717	17.07.2025 20:35:36	17,48	-0,07	13,02	18,49	1488,74
4718	17.07.2025 20:35:37	17,48	-0,07	13,02	18,49	1488,74
4719	17.07.2025 20:35:38	17,48	-0,07	12,89	18,32	1488,59
4720	17.07.2025 20:35:39	17,48	-0,07	12,65	18,02	1488,32
4721	17.07.2025 20:35:40	17,48	-0,07	12,85	18,27	1488,54
4722	17.07.2025 20:35:41	17,48	-0,07	13,19	18,71	1488,94
4723	17.07.2025 20:35:42	17,48	-0,07	13,10	18,60	1488,84
4724	17.07.2025 20:35:43	17,48	-0,07	13,02	18,49	1488,74
4725	17.07.2025 20:35:44	17,48	-0,07	13,12	18,63	1488,86
4726	17.07.2025 20:35:45	17,48	-0,07	13,08	18,57	1488,82
4727	17.07.2025 20:35:46	17,48	-0,07	12,87	18,30	1488,57
4728	17.07.2025 20:35:47	17,51	-0,08	12,56	17,90	1488,30
4729	17.07.2025 20:35:48	17,51	-0,07	13,01	18,49	1488,82
4730	17.07.2025 20:35:49	17,51	-0,07	13,18	18,71	1489,02
4731	17.07.2025 20:35:50	17,51	-0,07	12,75	18,16	1488,53
4732	17.07.2025 20:35:51	17,51	-0,07	12,88	18,32	1488,68
4733	17.07.2025 20:35:52	17,51	-0,07	13,24	18,80	1489,10
4734	17.07.2025 20:35:53	17,51	-0,07	12,99	18,46	1488,80
4735	17.07.2025 20:35:54	17,51	-0,07	12,75	18,16	1488,53
4736	17.07.2025 20:35:55	17,51	-0,07	13,01	18,49	1488,82
4737	17.07.2025 20:35:56	17,51	-0,07	13,18	18,71	1489,02
4738	17.07.2025 20:35:57	17,51	-0,07	12,88	18,32	1488,68
4739	17.07.2025 20:35:58	17,51	-0,05	12,79	18,21	1488,58
4740	17.07.2025 20:35:59	17,51	-0,07	12,99	18,46	1488,80
4741	17.07.2025 20:36:00	17,51	-0,07	13,14	18,66	1488,97
4742	17.07.2025 20:36:01	17,51	-0,07	12,64	18,02	1488,40
4743	17.07.2025 20:36:02	17,51	-0,05	12,73	18,13	1488,50
4744	17.07.2025 20:36:03	17,51	-0,07	13,14	18,66	1488,97
4745	17.07.2025 20:36:04	17,51	-0,07	13,14	18,66	1488,97
4746	17.07.2025 20:36:05	17,51	-0,07	12,84	18,27	1488,63
4747	17.07.2025 20:36:06	17,51	-0,05	12,96	18,44	1488,78
4748	17.07.2025 20:36:07	17,51	-0,05	13,18	18,71	1489,03
4749	17.07.2025 20:36:08	17,54	-0,07	12,96	18,44	1488,86
4750	17.07.2025 20:36:09	17,54	-0,07	12,72	18,13	1488,59
4751	17.07.2025 20:36:10	17,54	-0,07	13,00	18,49	1488,91
4752	17.07.2025 20:36:11	17,54	-0,07	13,13	18,66	1489,06
4753	17.07.2025 20:36:12	17,54	-0,07	12,76	18,18	1488,64
4754	17.07.2025 20:36:13	17,54	-0,07	12,89	18,35	1488,79
4755	17.07.2025 20:36:14	17,54	-0,07	13,02	18,52	1488,93
4756	17.07.2025 20:36:15	17,54	-0,07	13,06	18,58	1488,98
4757	17.07.2025 20:36:16	17,54	-0,08	12,85	18,30	1488,73
4758	17.07.2025 20:36:17	17,54	-0,07	13,02	18,52	1488,93
4759	17.07.2025 20:36:18	17,54	-0,07	13,17	18,72	1489,11
4760	17.07.2025 20:36:19	17,54	-0,07	12,93	18,41	1488,83
4761	17.07.2025 20:36:20	17,54	-0,07	12,74	18,16	1488,61
4762	17.07.2025 20:36:21	17,54	-0,07	13,06	18,58	1488,98
4763	17.07.2025 20:36:22	17,54	-0,07	12,83	18,27	1488,71
4764	17.07.2025 20:36:23	17,54	-0,07	12,72	18,13	1488,59
4765	17.07.2025 20:36:24	17,54	-0,07	12,87	18,32	1488,76
4766	17.07.2025 20:36:25	17,54	-0,07	13,08	18,60	1489,01
4767	17.07.2025 20:36:26	17,54	-0,07	12,91	18,38	1488,81
4768	17.07.2025 20:36:27	17,54	-0,07	12,70	18,10	1488,56
4769	17.07.2025 20:36:28	17,54	-0,05	12,74	18,16	1488,61
4770	17.07.2025 20:36:29	17,54	-0,07	13,23	18,80	1489,18
4771	17.07.2025 20:36:30	17,54	-0,07	12,98	18,46	1488,88
4772	17.07.2025 20:36:31	17,57	-0,08	12,75	18,18	1488,72
4773	17.07.2025 20:36:32	17,57	-0,05	13,14	18,69	1489,17
4774	17.07.2025 20:36:33	17,57	-0,07	13,29	18,88	1489,34
4775	17.07.2025 20:36:34	17,57	-0,07	12,82	18,27	1488,80
4776	17.07.2025 20:36:35	17,57	-0,07	12,80	18,24	1488,77
4777	17.07.2025 20:36:36	17,57	-0,07	13,03	18,55	1489,04
4778	17.07.2025 20:36:37	17,57	-0,07	13,18	18,74	1489,22
4779	17.07.2025 20:36:38	17,57	-0,07	12,75	18,18	1488,72
4780	17.07.2025 20:36:39	17,57	-0,07	12,58	17,96	1488,52
4781	17.07.2025 20:36:40	17,57	-0,07	13,03	18,55	1489,04
4782	17.07.2025 20:36:41	17,57	-0,07	13,01	18,52	1489,02
4783	17.07.2025 20:36:42	17,57	-0,07	12,73	18,16	1488,70
4784	17.07.2025 20:36:43	17,57	-0,07	12,48	17,82	1488,40
4785	17.07.2025 20:36:44	17,57	-0,07	13,14	18,69	1489,17
4786	17.07.2025 20:36:45	17,57	-0,07	12,97	18,46	1488,97
4787	17.07.2025 20:36:46	17,57	-0,07	12,82	18,27	1488,80
4788	17.07.2025 20:36:47	17,57	-0,07	13,16	18,72	1489,19
4789	17.07.2025 20:36:48	17,57	-0,07	13,31	18,91	1489,37
4790	17.07.2025 20:36:49	17,57	-0,07	12,80	18,24	1488,77
4791	17.07.2025 20:36:50	17,57	-0,07	12,54	17,90	1488,47
4792	17.07.2025 20:36:51	17,57	-0,07	13,16	18,72	1489,19
4793	17.07.2025 20:36:52	17,57	-0,07	13,27	18,86	1489,32
4794	17.07.2025 20:36:53	17,57	-0,08	12,80	18,24	1488,77
4795	17.07.2025 20:36:54	17,57	-0,08	12,84	18,30	1488,82
4796	17.07.2025 20:36:55	17,60	-0,08	13,32	18,94	1489,47
4797	17.07.2025 20:36:56	17,57	-0,08	13,10	18,63	1489,11
4798	17.07.2025 20:36:57	17,57	-0,05	12,58	17,96	1488,53
4799	17.07.2025 20:36:58	17,60	-0,07	12,89	18,38	1488,98
4800	17.07.2025 20:36:59	17,60	-0,08	13,17	18,74	1489,30
4801	17.07.2025 20:37:00	17,60	-0,08	12,94	18,44	1489,03
4802	17.07.2025 20:37:01	17,60	-0,07	12,62	18,02	1488,66
4803	17.07.2025 20:37:02	17,60	-0,07	12,96	18,46	1489,05
4804	17.07.2025 20:37:03	17,60	-0,08	13,07	18,60	1489,17
4805	17.07.2025 20:37:04	17,60	-0,07	12,81	18,27	1488,88
4806	17.07.2025 20:37:05	17,60	-0,07	12,92	18,41	1489,00
4807	17.07.2025 20:37:06	17,60	-0,08	12,98	18,49	1489,07
4808	17.07.2025 20:37:07	17,60	-0,08	13,02	18,55	1489,12
4809	17.07.2025 20:37:08	17,60	-0,07	12,72	18,16	1488,78
4810	17.07.2025 20:37:09	17,60	-0,07	13,09	18,63	1489,20
4811	17.07.2025 20:37:10	17,60	-0,07	13,30	18,91	1489,45
4812	17.07.2025 20:37:11	17,60	-0,08	12,92	18,41	1489,00
4813	17.07.2025 20:37:12	17,60	-0,08	12,74	18,18	1488,80
4814	17.07.2025 20:37:13	17,60	-0,08	13,11	18,66	1489,22
4815	17.07.2025 20:37:14	17,60	-0,08	13,13	18,69	1489,25
4816	17.07.2025 20:37:15	17,60	-0,08	12,87	18,35	1488,95
4817	17.07.2025 20:37:16	17,60	-0,08	12,45	17,79	1488,46
4818	17.07.2025 20:37:17	17,60	-0,08	12,87	18,35	1488,95
4819	17.07.2025 20:37:18	17,60	-0,08	13,07	18,60	1489,17
4820	17.07.2025 20:37:19	17,60	-0,07	12,81	18,27	1488,88
4821	17.07.2025 20:37:20	17,60	-0,07	13,02	18,55	1489,13
4822	17.07.2025 20:37:21	17,63	-0,08	13,01	18,55	1489,21
4823	17.07.2025 20:37:22	17,63	-0,07	12,86	18,35	1489,04
4824	17.07.2025 20:37:23	17,63	-0,08	12,57	17,96	1488,69
4825	17.07.2025 20:37:24	17,63	-0,07	12,99	18,52	1489,19
4826	17.07.2025 20:37:25	17,63	-0,08	13,10	18,66	1489,31
4827	17.07.2025 20:37:26	17,63	-0,07	12,84	18,33	1489,01
4828	17.07.2025 20:37:27	17,63	-0,07	12,76	18,21	1488,91
4829	17.07.2025 20:37:28	17,63	-0,08	13,14	18,72	1489,36
4830	17.07.2025 20:37:29	17,63	-0,07	13,21	18,80	1489,43
4831	17.07.2025 20:37:30	17,63	-0,08	12,95	18,46	1489,13
4832	17.07.2025 20:37:31	17,63	-0,07	12,82	18,30	1488,99
4833	17.07.2025 20:37:32	17,63	-0,08	13,06	18,60	1489,26
4834	17.07.2025 20:37:33	17,63	-0,07	13,16	18,74	1489,38
4835	17.07.2025 20:37:34	17,63	-0,07	13,08	18,63	1489,29
4836	17.07.2025 20:37:35	17,63	-0,08	13,03	18,58	1489,23
4837	17.07.2025 20:37:36	17,63	-0,08	13,12	18,69	1489,33
4838	17.07.2025 20:37:37	17,63	-0,08	12,99	18,52	1489,18
4839	17.07.2025 20:37:38	17,63	-0,08	12,61	18,02	1488,74
4840	17.07.2025 20:37:39	17,63	-0,07	12,80	18,27	1488,96
4841	17.07.2025 20:37:40	17,63	-0,08	13,08	18,63	1489,28
4842	17.07.2025 20:37:41	17,63	-0,07	12,95	18,46	1489,14
4843	17.07.2025 20:37:42	17,63	-0,07	12,63	18,05	1488,77
4844	17.07.2025 20:37:43	17,66	-0,07	12,96	18,49	1489,25
4845	17.07.2025 20:37:44	17,66	-0,07	13,24	18,86	1489,57
4846	17.07.2025 20:37:45	17,63	-0,07	12,86	18,35	1489,04
4847	17.07.2025 20:37:46	17,66	-0,05	12,92	18,44	1489,20
4848	17.07.2025 20:37:47	17,66	-0,07	13,18	18,77	1489,49
4849	17.07.2025 20:37:48	17,66	-0,05	13,15	18,74	1489,47
4850	17.07.2025 20:37:49	17,66	-0,07	13,00	18,55	1489,30
4851	17.07.2025 20:37:50	17,66	-0,05	12,68	18,13	1488,93
4852	17.07.2025 20:37:51	17,66	-0,05	12,94	18,47	1489,22
4853	17.07.2025 20:37:52	17,66	-0,05	12,96	18,49	1489,25
4854	17.07.2025 20:37:53	17,66	-0,05	12,79	18,27	1489,05
4855	17.07.2025 20:37:54	17,66	-0,07	12,51	17,91	1488,73
4856	17.07.2025 20:37:55	17,66	-0,05	13,26	18,88	1489,59
4857	17.07.2025 20:37:56	17,66	-0,07	13,13	18,72	1489,44
4858	17.07.2025 20:37:57	17,66	-0,05	12,73	18,19	1488,98
4859	17.07.2025 20:37:58	17,66	-0,05	12,98	18,52	1489,27
4860	17.07.2025 20:37:59	17,66	-0,05	13,03	18,58	1489,32
4861	17.07.2025 20:38:00	17,66	-0,05	12,73	18,19	1488,98
4862	17.07.2025 20:38:01	17,66	-0,07	12,49	17,88	1488,70
4863	17.07.2025 20:38:02	17,66	-0,07	13,07	18,63	1489,37
4864	17.07.2025 20:38:03	17,66	-0,05	13,18	18,77	1489,50
4865	17.07.2025 20:38:04	17,69	-0,07	12,97	18,52	1489,35
4866	17.07.2025 20:38:05	17,69	-0,07	12,93	18,47	1489,30
4867	17.07.2025 20:38:06	17,69	-0,05	13,32	18,97	1489,75
4868	17.07.2025 20:38:07	17,69	-0,07	13,14	18,75	1489,55
4869	17.07.2025 20:38:08	17,69	-0,07	12,85	18,35	1489,21
4870	17.07.2025 20:38:09	17,69	-0,05	12,82	18,33	1489,18
4871	17.07.2025 20:38:10	17,69	-0,07	13,17	18,77	1489,58
4872	17.07.2025 20:38:11	17,69	-0,05	12,80	18,30	1489,16
4873	17.07.2025 20:38:12	17,69	-0,05	12,46	17,85	1488,76
4874	17.07.2025 20:38:13	17,69	-0,07	12,85	18,35	1489,21
4875	17.07.2025 20:38:14	17,69	-0,07	13,27	18,91	1489,70
4876	17.07.2025 20:38:15	17,69	-0,07	13,00	18,55	1489,38
4877	17.07.2025 20:38:16	17,69	-0,05	12,76	18,24	1489,11
4878	17.07.2025 20:38:17	17,69	-0,07	13,17	18,77	1489,58
4879	17.07.2025 20:38:18	17,69	-0,07	13,19	18,80	1489,60
4880	17.07.2025 20:38:19	17,69	-0,07	12,93	18,47	1489,30
4881	17.07.2025 20:38:20	17,69	-0,07	12,89	18,41	1489,26
4882	17.07.2025 20:38:21	17,69	-0,07	13,02	18,58	1489,40
4883	17.07.2025 20:38:22	17,69	-0,07	12,95	18,49	1489,33
4884	17.07.2025 20:38:23	17,69	-0,05	12,80	18,30	1489,16
4885	17.07.2025 20:38:24	17,69	-0,07	12,89	18,41	1489,26
4886	17.07.2025 20:38:25	17,69	-0,05	13,17	18,77	1489,58
4887	17.07.2025 20:38:26	17,72	-0,05	12,82	18,33	1489,27
4888	17.07.2025 20:38:27	17,72	-0,05	12,90	18,44	1489,37
4889	17.07.2025 20:38:28	17,72	-0,07	13,18	18,80	1489,69
4890	17.07.2025 20:38:29	17,72	-0,07	12,96	18,52	1489,44
4891	17.07.2025 20:38:30	17,72	-0,07	12,77	18,27	1489,22
4892	17.07.2025 20:38:31	17,72	-0,05	12,92	18,47	1489,39
4893	17.07.2025 20:38:32	17,72	-0,07	13,26	18,91	1489,78
4894	17.07.2025 20:38:33	17,72	-0,07	12,99	18,55	1489,46
4895	17.07.2025 20:38:34	17,72	-0,05	12,56	17,99	1488,97
4896	17.07.2025 20:38:35	17,72	-0,07	13,03	18,61	1489,51
4897	17.07.2025 20:38:36	17,72	-0,07	13,03	18,61	1489,51
4898	17.07.2025 20:38:37	17,72	-0,07	12,92	18,47	1489,39
4899	17.07.2025 20:38:38	17,72	-0,07	12,75	18,24	1489,19
4900	17.07.2025 20:38:39	17,72	-0,05	13,03	18,61	1489,52
4901	17.07.2025 20:38:40	17,72	-0,07	13,14	18,75	1489,64
4902	17.07.2025 20:38:41	17,72	-0,07	12,75	18,24	1489,19
4903	17.07.2025 20:38:42	17,72	-0,07	12,82	18,33	1489,27
4904	17.07.2025 20:38:43	17,72	-0,07	12,99	18,55	1489,46
4905	17.07.2025 20:38:44	17,72	-0,07	13,09	18,69	1489,59
4906	17.07.2025 20:38:45	17,72	-0,07	12,92	18,47	1489,39
4907	17.07.2025 20:38:46	17,72	-0,05	12,94	18,49	1489,42
4908	17.07.2025 20:38:47	17,72	-0,07	13,18	18,80	1489,69
4909	17.07.2025 20:38:48	17,72	-0,07	13,11	18,72	1489,61
4910	17.07.2025 20:38:49	17,72	-0,05	12,54	17,96	1488,95
4911	17.07.2025 20:38:50	17,75	-0,07	12,68	18,16	1489,20
4912	17.07.2025 20:38:51	17,75	-0,07	12,87	18,41	1489,42
4913	17.07.2025 20:38:52	17,75	-0,05	13,08	18,69	1489,67
4914	17.07.2025 20:38:53	17,75	-0,07	13,04	18,63	1489,62
4915	17.07.2025 20:38:54	17,75	-0,05	13,10	18,72	1489,70
4916	17.07.2025 20:38:55	17,75	-0,07	13,06	18,66	1489,65
4917	17.07.2025 20:38:56	17,75	-0,07	12,83	18,35	1489,37
4918	17.07.2025 20:38:57	17,75	-0,05	13,13	18,75	1489,72
4919	17.07.2025 20:38:58	17,75	-0,07	13,17	18,80	1489,77
4920	17.07.2025 20:38:59	17,75	-0,07	12,89	18,44	1489,45
4921	17.07.2025 20:39:00	17,75	-0,07	12,64	18,10	1489,15
4922	17.07.2025 20:39:01	17,75	-0,07	12,93	18,49	1489,50
4923	17.07.2025 20:39:02	17,75	-0,05	13,06	18,66	1489,65
4924	17.07.2025 20:39:03	17,75	-0,05	12,98	18,55	1489,55
4925	17.07.2025 20:39:04	17,75	-0,07	12,68	18,16	1489,20
4926	17.07.2025 20:39:05	17,75	-0,07	13,15	18,77	1489,74
4927	17.07.2025 20:39:06	17,75	-0,05	13,10	18,72	1489,70
4928	17.07.2025 20:39:07	17,75	-0,07	12,91	18,47	1489,47
4929	17.07.2025 20:39:08	17,75	-0,07	12,66	18,13	1489,18
4930	17.07.2025 20:39:09	17,75	-0,05	12,96	18,52	1489,52
4931	17.07.2025 20:39:10	17,75	-0,05	13,06	18,66	1489,65
4932	17.07.2025 20:39:11	17,75	-0,05	12,89	18,44	1489,45
4933	17.07.2025 20:39:12	17,75	-0,07	12,74	18,24	1489,28
4934	17.07.2025 20:39:13	17,75	-0,07	13,08	18,69	1489,67
4935	17.07.2025 20:39:14	17,75	-0,07	13,17	18,80	1489,77
4936	17.07.2025 20:39:15	17,78	-0,05	12,84	18,38	1489,48
4937	17.07.2025 20:39:16	17,78	-0,07	12,99	18,58	1489,65
4938	17.07.2025 20:39:17	17,78	-0,07	13,16	18,80	1489,85
4939	17.07.2025 20:39:18	17,78	-0,07	12,97	18,55	1489,63
4940	17.07.2025 20:39:19	17,78	-0,07	12,63	18,10	1489,24
4941	17.07.2025 20:39:20	17,78	-0,07	12,82	18,36	1489,46
4942	17.07.2025 20:39:21	17,78	-0,07	13,16	18,80	1489,85
4943	17.07.2025 20:39:22	17,78	-0,07	12,99	18,58	1489,65
4944	17.07.2025 20:39:23	17,78	-0,07	12,88	18,44	1489,53
4945	17.07.2025 20:39:24	17,78	-0,05	13,03	18,63	1489,71
4946	17.07.2025 20:39:25	17,78	-0,07	13,01	18,61	1489,68
4947	17.07.2025 20:39:26	17,78	-0,05	12,76	18,27	1489,39
4948	17.07.2025 20:39:27	17,78	-0,05	12,97	18,55	1489,63
4949	17.07.2025 20:39:28	17,78	-0,07	13,07	18,69	1489,75
4950	17.07.2025 20:39:29	17,78	-0,05	12,99	18,58	1489,66
4951	17.07.2025 20:39:30	17,78	-0,05	12,82	18,36	1489,46
4952	17.07.2025 20:39:31	17,78	-0,07	12,76	18,27	1489,38
4953	17.07.2025 20:39:32	17,78	-0,07	13,22	18,89	1489,93
4954	17.07.2025 20:39:33	17,78	-0,07	12,95	18,52	1489,61
4955	17.07.2025 20:39:34	17,78	-0,07	12,99	18,58	1489,65
4956	17.07.2025 20:39:35	17,78	-0,05	13,18	18,83	1489,88
4957	17.07.2025 20:39:36	17,78	-0,07	13,03	18,63	1489,70
4958	17.07.2025 20:39:37	17,78	-0,05	13,01	18,61	1489,68
4959	17.07.2025 20:39:38	17,78	-0,07	12,76	18,27	1489,38
4960	17.07.2025 20:39:39	17,78	-0,07	13,18	18,83	1489,88
4961	17.07.2025 20:39:40	17,78	-0,05	12,93	18,49	1489,58
4962	17.07.2025 20:39:41	17,78	-0,07	12,80	18,33	1489,43
4963	17.07.2025 20:39:42	17,78	-0,05	13,01	18,61	1489,68
4964	17.07.2025 20:39:43	17,78	-0,07	13,10	18,72	1489,78
4965	17.07.2025 20:39:44	17,81	-0,07	12,94	18,52	1489,69
4966	17.07.2025 20:39:45	17,81	-0,07	12,83	18,38	1489,57
4967	17.07.2025 20:39:46	17,81	-0,07	13,00	18,61	1489,76
4968	17.07.2025 20:39:47	17,81	-0,07	13,17	18,83	1489,96
4969	17.07.2025 20:39:48	17,81	-0,07	12,75	18,27	1489,47
4970	17.07.2025 20:39:49	17,81	-0,07	12,87	18,44	1489,62
4971	17.07.2025 20:39:50	17,81	-0,07	13,17	18,83	1489,96
4972	17.07.2025 20:39:51	17,81	-0,07	12,96	18,55	1489,71
4973	17.07.2025 20:39:52	17,81	-0,07	12,68	18,19	1489,39
4974	17.07.2025 20:39:53	17,81	-0,05	12,89	18,47	1489,64
4975	17.07.2025 20:39:54	17,81	-0,07	13,21	18,89	1490,01
4976	17.07.2025 20:39:55	17,81	-0,05	12,75	18,27	1489,47
4977	17.07.2025 20:39:56	17,81	-0,07	12,72	18,24	1489,44
4978	17.07.2025 20:39:57	17,81	-0,07	12,98	18,58	1489,74
4979	17.07.2025 20:39:58	17,81	-0,07	13,07	18,69	1489,84
4980	17.07.2025 20:39:59	17,81	-0,07	12,89	18,47	1489,64
4981	17.07.2025 20:40:00	17,81	-0,05	12,87	18,44	1489,62
4982	17.07.2025 20:40:01	17,81	-0,07	13,24	18,91	1490,03
4983	17.07.2025 20:40:02	17,81	-0,07	13,02	18,64	1489,79
4984	17.07.2025 20:40:03	17,81	-0,07	12,77	18,30	1489,49
4985	17.07.2025 20:40:04	17,81	-0,07	12,72	18,24	1489,44
4986	17.07.2025 20:40:05	17,81	-0,05	13,17	18,83	1489,96
4987	17.07.2025 20:40:06	17,84	-0,07	12,91	18,50	1489,75
4988	17.07.2025 20:40:07	17,84	-0,07	12,67	18,19	1489,48
4989	17.07.2025 20:40:08	17,84	-0,07	13,01	18,64	1489,87
4990	17.07.2025 20:40:09	17,84	-0,07	13,16	18,83	1490,04
4991	17.07.2025 20:40:10	17,84	-0,07	12,74	18,27	1489,55
4992	17.07.2025 20:40:11	17,84	-0,07	12,80	18,36	1489,63
4993	17.07.2025 20:40:12	17,84	-0,07	13,23	18,91	1490,12
4994	17.07.2025 20:40:13	17,84	-0,07	13,29	19,00	1490,19
4995	17.07.2025 20:40:14	17,84	-0,07	12,89	18,47	1489,72
4996	17.07.2025 20:40:15	17,84	-0,07	12,82	18,38	1489,65
4997	17.07.2025 20:40:16	17,84	-0,07	13,12	18,78	1489,99
4998	17.07.2025 20:40:17	17,84	-0,07	13,06	18,69	1489,92
4999	17.07.2025 20:40:18	17,84	-0,07	12,72	18,24	1489,53
5000	17.07.2025 20:40:19	17,84	-0,07	13,03	18,66	1489,90
5001	17.07.2025 20:40:20	17,84	-0,07	13,20	18,89	1490,09
5002	17.07.2025 20:40:21	17,84	-0,07	12,57	18,05	1489,35
5003	17.07.2025 20:40:22	17,84	-0,07	12,72	18,24	1489,53
5004	17.07.2025 20:40:23	17,84	-0,05	13,14	18,80	1490,02
5005	17.07.2025 20:40:24	17,84	-0,07	13,18	18,86	1490,07
5006	17.07.2025 20:40:25	17,84	-0,07	12,65	18,16	1489,45
5007	17.07.2025 20:40:26	17,84	-0,07	12,72	18,24	1489,53
5008	17.07.2025 20:40:27	17,84	-0,07	13,16	18,83	1490,04
5009	17.07.2025 20:40:28	17,84	-0,07	12,86	18,44	1489,70
5010	17.07.2025 20:40:29	17,84	-0,08	12,82	18,38	1489,65
5011	17.07.2025 20:40:30	17,84	-0,07	12,97	18,58	1489,82
5012	17.07.2025 20:40:31	17,84	-0,07	13,10	18,75	1489,97
5013	17.07.2025 20:40:32	17,84	-0,07	12,80	18,36	1489,63
5014	17.07.2025 20:40:33	17,87	-0,07	12,92	18,52	1489,86
5015	17.07.2025 20:40:34	17,87	-0,07	13,24	18,94	1490,22
5016	17.07.2025 20:40:35	17,87	-0,07	12,90	18,50	1489,83
5017	17.07.2025 20:40:36	17,87	-0,07	12,73	18,27	1489,64
5018	17.07.2025 20:40:37	17,87	-0,05	12,96	18,58	1489,91
5019	17.07.2025 20:40:38	17,87	-0,07	13,09	18,75	1490,05
5020	17.07.2025 20:40:39	17,87	-0,05	12,94	18,55	1489,88
5021	17.07.2025 20:40:40	17,87	-0,07	12,75	18,30	1489,66
5022	17.07.2025 20:40:41	17,87	-0,07	12,92	18,52	1489,86
5023	17.07.2025 20:40:42	17,87	-0,07	13,07	18,72	1490,03
5024	17.07.2025 20:40:43	17,87	-0,07	12,79	18,36	1489,71
5025	17.07.2025 20:40:44	17,87	-0,07	12,86	18,44	1489,78
5026	17.07.2025 20:40:45	17,87	-0,05	13,22	18,92	1490,20
5027	17.07.2025 20:40:46	17,87	-0,07	13,17	18,86	1490,15
5028	17.07.2025 20:40:47	17,87	-0,07	12,62	18,13	1489,51
5029	17.07.2025 20:40:48	17,87	-0,07	12,90	18,50	1489,83
5030	17.07.2025 20:40:49	17,87	-0,07	13,32	19,05	1490,32
5031	17.07.2025 20:40:50	17,87	-0,07	13,09	18,75	1490,05
5032	17.07.2025 20:40:51	17,87	-0,07	12,90	18,50	1489,83
5033	17.07.2025 20:40:52	17,87	-0,07	13,03	18,66	1489,98
5034	17.07.2025 20:40:53	17,87	-0,07	13,17	18,86	1490,15
5035	17.07.2025 20:40:54	17,87	-0,07	12,47	17,94	1489,34
5036	17.07.2025 20:40:55	17,87	-0,07	12,58	18,08	1489,46
5037	17.07.2025 20:40:56	17,87	-0,07	13,09	18,75	1490,05
5038	17.07.2025 20:40:57	17,87	-0,07	13,00	18,64	1489,95
5039	17.07.2025 20:40:58	17,90	-0,07	12,78	18,36	1489,79
5040	17.07.2025 20:40:59	17,90	-0,07	12,93	18,55	1489,96
5041	17.07.2025 20:41:00	17,87	-0,07	13,07	18,72	1490,03
5042	17.07.2025 20:41:01	17,90	-0,07	12,83	18,41	1489,84
5043	17.07.2025 20:41:02	17,90	-0,07	12,57	18,08	1489,55
5044	17.07.2025 20:41:03	17,90	-0,07	13,27	19,00	1490,36
5045	17.07.2025 20:41:04	17,90	-0,07	13,12	18,80	1490,19
5046	17.07.2025 20:41:05	17,90	-0,07	13,19	18,89	1490,26
5047	17.07.2025 20:41:06	17,90	-0,07	13,02	18,66	1490,06
5048	17.07.2025 20:41:07	17,90	-0,07	13,19	18,89	1490,26
5049	17.07.2025 20:41:08	17,90	-0,07	13,21	18,92	1490,28
5050	17.07.2025 20:41:09	17,90	-0,07	12,44	17,91	1489,40
5051	17.07.2025 20:41:10	17,90	-0,07	12,97	18,61	1490,01
5052	17.07.2025 20:41:11	17,90	-0,07	13,21	18,92	1490,28
5053	17.07.2025 20:41:12	17,90	-0,07	12,85	18,44	1489,87
5054	17.07.2025 20:41:13	17,90	-0,07	12,61	18,13	1489,60
5055	17.07.2025 20:41:14	17,90	-0,07	13,21	18,92	1490,28
5056	17.07.2025 20:41:15	17,90	-0,07	13,00	18,64	1490,04
5057	17.07.2025 20:41:16	17,90	-0,07	12,87	18,47	1489,89
5058	17.07.2025 20:41:17	17,90	-0,07	13,08	18,75	1490,14
5059	17.07.2025 20:41:18	17,90	-0,07	13,31	19,06	1490,41
5060	17.07.2025 20:41:19	17,90	-0,07	13,00	18,64	1490,04
5061	17.07.2025 20:41:20	17,90	-0,07	12,76	18,33	1489,77
5062	17.07.2025 20:41:21	17,90	-0,07	13,08	18,75	1490,14
5063	17.07.2025 20:41:22	17,90	-0,07	13,04	18,69	1490,09
5064	17.07.2025 20:41:23	17,90	-0,07	12,72	18,27	1489,72
5065	17.07.2025 20:41:24	17,93	-0,07	13,01	18,66	1490,15
5066	17.07.2025 20:41:25	17,93	-0,07	13,07	18,75	1490,22
5067	17.07.2025 20:41:26	17,93	-0,07	13,07	18,75	1490,22
5068	17.07.2025 20:41:27	17,93	-0,07	12,67	18,22	1489,75
5069	17.07.2025 20:41:28	17,93	-0,07	12,65	18,19	1489,73
5070	17.07.2025 20:41:29	17,93	-0,07	13,07	18,75	1490,22
5071	17.07.2025 20:41:30	17,93	-0,07	12,99	18,64	1490,12
5072	17.07.2025 20:41:31	17,93	-0,07	12,90	18,52	1490,02
5073	17.07.2025 20:41:32	17,93	-0,07	12,96	18,61	1490,10
5074	17.07.2025 20:41:33	17,93	-0,07	13,13	18,83	1490,29
5075	17.07.2025 20:41:34	17,93	-0,07	12,94	18,58	1490,07
5076	17.07.2025 20:41:35	17,93	-0,07	13,09	18,78	1490,24
5077	17.07.2025 20:41:36	17,93	-0,07	13,01	18,66	1490,15
5078	17.07.2025 20:41:37	17,93	-0,07	12,90	18,52	1490,02
5079	17.07.2025 20:41:38	17,93	-0,07	12,84	18,44	1489,95
5080	17.07.2025 20:41:39	17,93	-0,07	12,63	18,16	1489,70
5081	17.07.2025 20:41:40	17,93	-0,07	12,96	18,61	1490,10
5082	17.07.2025 20:41:41	17,93	-0,07	12,60	18,13	1489,68
5083	17.07.2025 20:41:42	17,93	-0,07	12,90	18,52	1490,02
5084	17.07.2025 20:41:43	17,93	-0,07	13,24	18,97	1490,42
5085	17.07.2025 20:41:44	17,93	-0,07	13,09	18,78	1490,24
5086	17.07.2025 20:41:45	17,93	-0,05	12,99	18,64	1490,12
5087	17.07.2025 20:41:46	17,93	-0,07	13,18	18,89	1490,34
5088	17.07.2025 20:41:47	17,93	-0,07	12,99	18,64	1490,12
5089	17.07.2025 20:41:48	17,93	-0,05	12,92	18,55	1490,05
5090	17.07.2025 20:41:49	17,93	-0,07	12,86	18,47	1489,97
5091	17.07.2025 20:41:50	17,93	-0,08	13,11	18,80	1490,27
5092	17.07.2025 20:41:51	17,96	-0,07	13,06	18,75	1490,30
5093	17.07.2025 20:41:52	17,96	-0,05	12,83	18,44	1490,04
5094	17.07.2025 20:41:53	17,96	-0,07	12,60	18,13	1489,76
5095	17.07.2025 20:41:54	17,96	-0,07	13,13	18,83	1490,38
5096	17.07.2025 20:41:55	17,96	-0,07	12,98	18,64	1490,20
5097	17.07.2025 20:41:56	17,96	-0,07	12,89	18,53	1490,11
5098	17.07.2025 20:41:57	17,96	-0,05	12,70	18,27	1489,89
5099	17.07.2025 20:41:58	17,96	-0,07	13,04	18,72	1490,28
5100	17.07.2025 20:41:59	17,96	-0,07	13,21	18,94	1490,47
5101	17.07.2025 20:42:00	17,96	-0,07	12,74	18,33	1489,93
5102	17.07.2025 20:42:01	17,96	-0,07	12,70	18,27	1489,89
5103	17.07.2025 20:42:02	17,96	-0,07	13,15	18,86	1490,40
5104	17.07.2025 20:42:03	17,96	-0,07	13,04	18,72	1490,28
5105	17.07.2025 20:42:04	17,96	-0,07	12,51	18,02	1489,67
5106	17.07.2025 20:42:05	17,96	-0,07	12,89	18,53	1490,11
5107	17.07.2025 20:42:06	17,96	-0,05	13,08	18,78	1490,33
5108	17.07.2025 20:42:07	17,96	-0,07	12,60	18,13	1489,76
5109	17.07.2025 20:42:08	17,96	-0,07	12,74	18,33	1489,93
5110	17.07.2025 20:42:09	17,96	-0,07	13,04	18,72	1490,28
5111	17.07.2025 20:42:10	17,96	-0,07	13,17	18,89	1490,42
5112	17.07.2025 20:42:11	17,96	-0,07	12,72	18,30	1489,91
5113	17.07.2025 20:42:12	17,96	-0,07	12,74	18,33	1489,93
5114	17.07.2025 20:42:13	17,96	-0,07	13,23	18,97	1490,50
5115	17.07.2025 20:42:14	17,96	-0,05	13,08	18,78	1490,33
5116	17.07.2025 20:42:15	17,96	-0,07	12,57	18,11	1489,74
5117	17.07.2025 20:42:16	17,96	-0,07	12,93	18,58	1490,16
5118	17.07.2025 20:42:17	17,96	-0,07	13,15	18,86	1490,40
5119	17.07.2025 20:42:18	17,96	-0,07	12,91	18,55	1490,13
5120	17.07.2025 20:42:19	17,99	-0,07	12,76	18,36	1490,04
5121	17.07.2025 20:42:20	17,96	-0,07	12,98	18,64	1490,20
5122	17.07.2025 20:42:21	17,99	-0,07	12,84	18,47	1490,14
5123	17.07.2025 20:42:22	17,99	-0,07	12,59	18,13	1489,85
5124	17.07.2025 20:42:23	17,99	-0,08	12,88	18,53	1490,19
5125	17.07.2025 20:42:24	17,99	-0,07	13,14	18,86	1490,48
5126	17.07.2025 20:42:25	17,99	-0,07	12,95	18,61	1490,26
5127	17.07.2025 20:42:26	17,99	-0,07	12,88	18,53	1490,19
5128	17.07.2025 20:42:27	17,99	-0,07	13,12	18,83	1490,46
5129	17.07.2025 20:42:28	17,99	-0,07	13,03	18,72	1490,36
5130	17.07.2025 20:42:29	17,99	-0,07	12,90	18,55	1490,21
5131	17.07.2025 20:42:30	17,99	-0,07	12,61	18,16	1489,87
5132	17.07.2025 20:42:31	17,99	-0,07	13,01	18,69	1490,34
5133	17.07.2025 20:42:32	17,99	-0,08	13,09	18,81	1490,43
5134	17.07.2025 20:42:33	17,99	-0,07	12,54	18,08	1489,80
5135	17.07.2025 20:42:34	17,99	-0,07	12,71	18,30	1489,99
5136	17.07.2025 20:42:35	17,99	-0,07	13,07	18,78	1490,41
5137	17.07.2025 20:42:36	17,99	-0,07	13,07	18,78	1490,41
5138	17.07.2025 20:42:37	17,99	-0,07	12,80	18,41	1490,09
5139	17.07.2025 20:42:38	17,99	-0,05	13,09	18,81	1490,44
5140	17.07.2025 20:42:39	17,99	-0,07	13,18	18,92	1490,53
5141	17.07.2025 20:42:40	17,99	-0,07	12,57	18,11	1489,82
5142	17.07.2025 20:42:41	17,99	-0,07	12,71	18,30	1489,99
5143	17.07.2025 20:42:42	17,99	-0,07	12,67	18,25	1489,94
5144	17.07.2025 20:42:43	17,99	-0,07	12,97	18,64	1490,29
5145	17.07.2025 20:42:44	17,99	-0,07	12,61	18,16	1489,87
5146	17.07.2025 20:42:45	17,99	-0,07	12,73	18,33	1490,02
5147	17.07.2025 20:42:46	17,99	-0,07	13,16	18,89	1490,51
5148	17.07.2025 20:42:47	18,02	-0,07	12,94	18,61	1490,35
5149	17.07.2025 20:42:48	18,02	-0,05	12,68	18,27	1490,06
5150	17.07.2025 20:42:49	17,99	-0,07	13,05	18,75	1490,39
5151	17.07.2025 20:42:50	18,02	-0,07	13,21	18,97	1490,66
5152	17.07.2025 20:42:51	18,02	-0,05	12,87	18,53	1490,28
5153	17.07.2025 20:42:52	18,02	-0,05	12,79	18,41	1490,18
5154	17.07.2025 20:42:53	18,02	-0,05	13,02	18,72	1490,45
5155	17.07.2025 20:42:54	18,02	-0,05	13,04	18,75	1490,47
5156	17.07.2025 20:42:55	18,02	-0,07	13,00	18,69	1490,42
5157	17.07.2025 20:42:56	18,02	-0,05	12,79	18,41	1490,18
5158	17.07.2025 20:42:57	18,02	-0,05	12,77	18,39	1490,15
5159	17.07.2025 20:42:58	18,02	-0,05	13,11	18,83	1490,54
5160	17.07.2025 20:42:59	18,02	-0,05	12,96	18,64	1490,37
5161	17.07.2025 20:43:00	18,02	-0,07	12,43	17,94	1489,76
5162	17.07.2025 20:43:01	18,02	-0,05	12,98	18,67	1490,40
5163	17.07.2025 20:43:02	18,02	-0,07	12,98	18,67	1490,39
5164	17.07.2025 20:43:03	18,02	-0,07	12,77	18,39	1490,15
5165	17.07.2025 20:43:04	18,02	-0,05	12,62	18,19	1489,98
5166	17.07.2025 20:43:05	18,02	-0,05	13,00	18,69	1490,42
5167	17.07.2025 20:43:06	18,02	-0,07	12,77	18,39	1490,15
5168	17.07.2025 20:43:07	18,02	-0,05	12,83	18,47	1490,23
5169	17.07.2025 20:43:08	18,02	-0,05	13,17	18,92	1490,62
5170	17.07.2025 20:43:09	18,02	-0,05	12,94	18,61	1490,35
5171	17.07.2025 20:43:10	18,02	-0,05	12,70	18,30	1490,08
5172	17.07.2025 20:43:11	18,02	-0,05	12,70	18,30	1490,08
5173	17.07.2025 20:43:12	18,02	-0,05	13,13	18,86	1490,57
5174	17.07.2025 20:43:13	18,02	-0,05	13,04	18,75	1490,47
5175	17.07.2025 20:43:14	18,02	-0,05	12,83	18,47	1490,23
5176	17.07.2025 20:43:15	18,02	-0,05	13,02	18,72	1490,45
5177	17.07.2025 20:43:16	18,02	-0,05	13,11	18,83	1490,54
5178	17.07.2025 20:43:17	18,02	-0,05	12,83	18,47	1490,23
5179	17.07.2025 20:43:18	18,05	-0,07	12,80	18,44	1490,28
5180	17.07.2025 20:43:19	18,05	-0,07	13,25	19,03	1490,80
5181	17.07.2025 20:43:20	18,05	-0,05	13,08	18,81	1490,60
5182	17.07.2025 20:43:21	18,05	-0,05	12,63	18,22	1490,09
5183	17.07.2025 20:43:22	18,05	-0,07	12,63	18,22	1490,09
5184	17.07.2025 20:43:23	18,05	-0,05	13,18	18,95	1490,72
5185	17.07.2025 20:43:24	18,05	-0,05	13,01	18,72	1490,53
5186	17.07.2025 20:43:25	18,05	-0,05	12,93	18,61	1490,43
5187	17.07.2025 20:43:26	18,05	-0,07	12,87	18,53	1490,36
5188	17.07.2025 20:43:27	18,05	-0,05	13,20	18,97	1490,75
5189	17.07.2025 20:43:28	18,05	-0,07	12,93	18,61	1490,43
5190	17.07.2025 20:43:29	18,05	-0,07	12,74	18,36	1490,21
5191	17.07.2025 20:43:30	18,05	-0,05	12,89	18,55	1490,38
5192	17.07.2025 20:43:31	18,05	-0,07	13,08	18,81	1490,60
5193	17.07.2025 20:43:32	18,05	-0,05	12,74	18,36	1490,21
5194	17.07.2025 20:43:33	18,05	-0,05	12,87	18,53	1490,36
5195	17.07.2025 20:43:34	18,05	-0,07	13,01	18,72	1490,53
5196	17.07.2025 20:43:35	18,05	-0,05	12,78	18,41	1490,26
5197	17.07.2025 20:43:36	18,05	-0,05	12,55	18,11	1489,99
5198	17.07.2025 20:43:37	18,05	-0,05	13,01	18,72	1490,53
5199	17.07.2025 20:43:38	18,05	-0,07	13,16	18,92	1490,70
5200	17.07.2025 20:43:39	18,05	-0,05	12,89	18,55	1490,38
5201	17.07.2025 20:43:40	18,05	-0,07	12,82	18,47	1490,31
5202	17.07.2025 20:43:41	18,05	-0,07	13,18	18,95	1490,72
5203	17.07.2025 20:43:42	18,05	-0,05	13,06	18,78	1490,58
5204	17.07.2025 20:43:43	18,05	-0,05	12,76	18,39	1490,24
5205	17.07.2025 20:43:44	18,05	-0,05	12,82	18,47	1490,31
5206	17.07.2025 20:43:45	18,05	-0,05	13,10	18,83	1490,63
5207	17.07.2025 20:43:46	18,05	-0,07	12,80	18,44	1490,28
5208	17.07.2025 20:43:47	18,05	-0,05	12,40	17,91	1489,82
5209	17.07.2025 20:43:48	18,08	-0,05	12,73	18,36	1490,30
5210	17.07.2025 20:43:49	18,08	-0,05	13,11	18,86	1490,73
5211	17.07.2025 20:43:50	18,08	-0,05	13,00	18,72	1490,61
5212	17.07.2025 20:43:51	18,08	-0,05	13,05	18,78	1490,66
5213	17.07.2025 20:43:52	18,08	-0,05	13,05	18,78	1490,66
5214	17.07.2025 20:43:53	18,08	-0,05	12,86	18,53	1490,44
5215	17.07.2025 20:43:54	18,08	-0,05	12,71	18,33	1490,27
5216	17.07.2025 20:43:55	18,08	-0,07	12,88	18,55	1490,46
5217	17.07.2025 20:43:56	18,08	-0,07	13,26	19,06	1490,90
5218	17.07.2025 20:43:57	18,08	-0,05	12,77	18,42	1490,34
5219	17.07.2025 20:43:58	18,08	-0,07	12,33	17,83	1489,83
5220	17.07.2025 20:43:59	18,08	-0,05	12,90	18,58	1490,49
5221	17.07.2025 20:44:00	18,08	-0,05	13,17	18,95	1490,81
5222	17.07.2025 20:44:01	18,08	-0,05	12,79	18,44	1490,37
5223	17.07.2025 20:44:02	18,08	-0,05	12,56	18,14	1490,10
5224	17.07.2025 20:44:03	18,08	-0,05	13,07	18,81	1490,69
5225	17.07.2025 20:44:04	18,08	-0,05	13,05	18,78	1490,66
5226	17.07.2025 20:44:05	18,08	-0,05	12,52	18,08	1490,05
5227	17.07.2025 20:44:06	18,08	-0,07	12,73	18,36	1490,29
5228	17.07.2025 20:44:07	18,08	-0,07	13,17	18,95	1490,80
5229	17.07.2025 20:44:08	18,08	-0,05	12,88	18,55	1490,47
5230	17.07.2025 20:44:09	18,08	-0,05	12,62	18,22	1490,17
5231	17.07.2025 20:44:10	18,08	-0,05	13,17	18,95	1490,81
5232	17.07.2025 20:44:11	18,08	-0,07	13,26	19,06	1490,90
5233	17.07.2025 20:44:12	18,08	-0,05	12,73	18,36	1490,30
5234	17.07.2025 20:44:13	18,08	-0,05	12,35	17,85	1489,86
5235	17.07.2025 20:44:14	18,08	-0,05	13,11	18,86	1490,73
5236	17.07.2025 20:44:15	18,08	-0,05	12,96	18,67	1490,56
5237	17.07.2025 20:44:16	18,11	-0,07	12,59	18,19	1490,23
5238	17.07.2025 20:44:17	18,08	-0,07	12,67	18,28	1490,22
5239	17.07.2025 20:44:18	18,08	-0,05	13,19	18,97	1490,83
5240	17.07.2025 20:44:19	18,08	-0,05	12,88	18,55	1490,47
5241	17.07.2025 20:44:20	18,11	-0,07	12,83	18,50	1490,50
5242	17.07.2025 20:44:21	18,08	-0,05	13,07	18,81	1490,69
5243	17.07.2025 20:44:22	18,11	-0,05	13,10	18,86	1490,82
5244	17.07.2025 20:44:23	18,11	-0,07	12,97	18,70	1490,67
5245	17.07.2025 20:44:24	18,11	-0,07	13,04	18,78	1490,74
5246	17.07.2025 20:44:25	18,11	-0,05	12,93	18,64	1490,62
5247	17.07.2025 20:44:26	18,11	-0,05	12,95	18,67	1490,65
5248	17.07.2025 20:44:27	18,11	-0,05	12,83	18,50	1490,50
5249	17.07.2025 20:44:28	18,11	-0,05	12,93	18,64	1490,62
5250	17.07.2025 20:44:29	18,11	-0,07	13,06	18,81	1490,77
5251	17.07.2025 20:44:30	18,11	-0,05	12,66	18,28	1490,30
5252	17.07.2025 20:44:31	18,11	-0,05	12,49	18,05	1490,11
5253	17.07.2025 20:44:32	18,11	-0,07	13,14	18,92	1490,86
5254	17.07.2025 20:44:33	18,11	-0,07	12,91	18,61	1490,59
5255	17.07.2025 20:44:34	18,11	-0,05	12,38	17,91	1489,99
5256	17.07.2025 20:44:35	18,11	-0,05	12,91	18,61	1490,60
5257	17.07.2025 20:44:36	18,11	-0,05	13,06	18,81	1490,77
5258	17.07.2025 20:44:37	18,11	-0,05	13,02	18,75	1490,72
5259	17.07.2025 20:44:38	18,11	-0,05	12,68	18,30	1490,33
5260	17.07.2025 20:44:39	18,11	-0,07	13,80	19,78	1491,62
5261	17.07.2025 20:44:40	18,11	-0,05	13,38	19,23	1491,13
5262	17.07.2025 20:44:41	18,11	-0,05	13,48	19,36	1491,26
5263	17.07.2025 20:44:42	18,11	-0,07	13,44	19,31	1491,20
5264	17.07.2025 20:44:43	18,11	-0,07	13,50	19,39	1491,28
5265	17.07.2025 20:44:44	18,11	-0,07	13,63	19,56	1491,42
5266	17.07.2025 20:44:45	18,11	-0,07	13,80	19,78	1491,62
5267	17.07.2025 20:44:46	18,11	-0,07	0,24	0,43	1475,97
5268	17.07.2025 20:44:47	18,11	-0,07	0,16	0,29	1475,88
5269	17.07.2025 20:44:48	18,11	-0,07	0,18	0,32	1475,90
5270	17.07.2025 20:44:49	18,11	-0,05	0,12	0,21	1475,83
5271	17.07.2025 20:44:50	18,11	-0,07	0,06	0,10	1475,76
5272	17.07.2025 20:44:51	18,11	-0,07	0,04	0,07	1475,74
5273	17.07.2025 20:44:52	18,11	-0,07	0,03	0,05	1475,72
5274	17.07.2025 20:44:53	18,14	-0,07	0,03	0,05	1475,82
5275	17.07.2025 20:44:54	18,11	-0,07	0,03	0,05	1475,72
5276	17.07.2025 20:44:55	18,14	-0,05	0,03	0,05	1475,82
5277	17.07.2025 20:44:56	18,14	-0,07	0,03	0,05	1475,82
5278	17.07.2025 20:44:57	18,14	-0,07	0,03	0,05	1475,82
5279	17.07.2025 20:44:58	18,14	-0,07	0,03	0,05	1475,82
5280	17.07.2025 20:44:59	18,14	-0,05	0,03	0,05	1475,82
5281	17.07.2025 20:45:00	18,14	-0,07	0,03	0,05	1475,82
5282	17.07.2025 20:45:01	18,14	-0,07	0,03	0,05	1475,82
5283	17.07.2025 20:45:02	18,14	-0,07	0,03	0,05	1475,82
5284	17.07.2025 20:45:03	18,14	-0,07	0,03	0,05	1475,82
5285	17.07.2025 20:45:04	18,14	-0,05	0,03	0,05	1475,82
5286	17.07.2025 20:45:05	18,14	-0,05	0,03	0,05	1475,82
5287	17.07.2025 20:45:06	18,14	-0,07	0,03	0,05	1475,82
5288	17.07.2025 20:45:07	18,14	-0,07	0,03	0,05	1475,82
5289	17.07.2025 20:45:08	18,14	-0,05	0,27	0,49	1476,11
5290	17.07.2025 20:45:09	18,14	-0,07	1,17	1,96	1477,13
5291	17.07.2025 20:45:10	18,14	-0,07	1,57	2,61	1477,60
5292	17.07.2025 20:45:11	18,14	-0,07	1,77	2,92	1477,83
5293	17.07.2025 20:45:12	18,14	-0,07	2,36	3,84	1478,52
5294	17.07.2025 20:45:13	18,14	-0,08	2,57	4,15	1478,75
5295	17.07.2025 20:45:14	18,14	-0,07	0,16	0,29	1475,98
5296	17.07.2025 20:45:15	18,14	-0,07	0,16	0,29	1475,98
5297	17.07.2025 20:45:16	18,14	-0,07	0,15	0,27	1475,96
5298	17.07.2025 20:45:17	18,14	-0,07	0,13	0,24	1475,94
5299	17.07.2025 20:45:18	18,14	-0,05	0,13	0,24	1475,94
5300	17.07.2025 20:45:19	18,14	-0,05	0,13	0,24	1475,94
5301	17.07.2025 20:45:20	18,14	-0,07	0,12	0,21	1475,92
5302	17.07.2025 20:45:21	18,14	-0,07	0,12	0,21	1475,92
5303	17.07.2025 20:45:22	18,14	-0,07	0,12	0,21	1475,92
5304	17.07.2025 20:45:23	18,14	-0,07	0,10	0,18	1475,91
5305	17.07.2025 20:45:24	18,14	-0,07	0,10	0,18	1475,91
5306	17.07.2025 20:45:25	18,17	-0,07	0,12	0,21	1476,02
5307	17.07.2025 20:45:26	18,14	-0,07	0,10	0,18	1475,91
5308	17.07.2025 20:45:27	18,14	-0,07	0,10	0,18	1475,91
5309	17.07.2025 20:45:28	18,17	-0,07	0,10	0,18	1476,00
5310	17.07.2025 20:45:29	18,14	-0,07	0,10	0,18	1475,91
5311	17.07.2025 20:45:30	18,17	-0,08	0,12	0,21	1476,02
5312	17.07.2025 20:45:31	18,17	-0,07	0,12	0,21	1476,02
5313	17.07.2025 20:45:32	18,17	-0,05	0,09	0,16	1475,99
5314	17.07.2025 20:45:33	18,17	-0,07	0,09	0,16	1475,98
5315	17.07.2025 20:45:34	18,17	-0,07	0,09	0,16	1475,98
5316	17.07.2025 20:45:35	18,17	-0,05	0,07	0,13	1475,97
5317	17.07.2025 20:45:36	18,17	-0,07	0,07	0,13	1475,97
5318	17.07.2025 20:45:37	18,17	-0,07	0,07	0,13	1475,97
5319	17.07.2025 20:45:38	18,17	-0,07	0,07	0,13	1475,97
5320	17.07.2025 20:45:39	18,17	-0,07	0,07	0,13	1475,97
5321	17.07.2025 20:45:40	18,17	-0,07	0,07	0,13	1475,97
5322	17.07.2025 20:45:41	18,17	-0,07	0,09	0,16	1475,98
5323	17.07.2025 20:45:42	18,17	-0,07	0,07	0,13	1475,97
5324	17.07.2025 20:45:43	18,17	-0,07	0,07	0,13	1475,97
5325	17.07.2025 20:45:44	18,17	-0,07	0,07	0,13	1475,97
5326	17.07.2025 20:45:45	18,17	-0,05	0,07	0,13	1475,97
5327	17.07.2025 20:45:46	18,17	-0,08	0,07	0,13	1475,96
5328	17.07.2025 20:45:47	18,17	-0,07	0,07	0,13	1475,97
5329	17.07.2025 20:45:48	18,17	-0,07	0,07	0,13	1475,97
5330	17.07.2025 20:45:49	18,17	-0,07	0,07	0,13	1475,97
5331	17.07.2025 20:45:50	18,17	-0,07	0,07	0,13	1475,97
5332	17.07.2025 20:45:51	18,17	-0,07	0,07	0,13	1475,97
5333	17.07.2025 20:45:52	18,17	-0,07	0,07	0,13	1475,97
5334	17.07.2025 20:45:53	18,17	-0,07	0,07	0,13	1475,97
5335	17.07.2025 20:45:54	18,17	-0,07	0,07	0,13	1475,97
5336	17.07.2025 20:45:55	18,17	-0,07	0,06	0,10	1475,95
5337	17.07.2025 20:45:56	18,17	-0,07	0,07	0,13	1475,97
5338	17.07.2025 20:45:57	18,17	-0,08	0,07	0,13	1475,96
5339	17.07.2025 20:45:58	18,17	-0,07	0,06	0,10	1475,95
5340	17.07.2025 20:45:59	18,17	-0,07	0,06	0,10	1475,95
5341	17.07.2025 20:46:00	18,17	-0,07	0,07	0,13	1475,97
5342	17.07.2025 20:46:01	18,17	-0,07	0,07	0,13	1475,97
5343	17.07.2025 20:46:02	18,17	-0,07	0,06	0,10	1475,95
5344	17.07.2025 20:46:03	18,17	-0,07	0,06	0,10	1475,95
5345	17.07.2025 20:46:04	18,17	-0,07	0,10	0,18	1476,00
5346	17.07.2025 20:46:05	18,17	-0,07	2,59	4,18	1478,87
5347	17.07.2025 20:46:06	18,17	-0,07	2,21	3,61	1478,44
5348	17.07.2025 20:46:07	18,20	-0,05	2,49	4,04	1478,86
5349	17.07.2025 20:46:08	18,17	-0,07	2,57	4,15	1478,85
5350	17.07.2025 20:46:09	18,17	-0,07	2,64	4,26	1478,93
5351	17.07.2025 20:46:10	18,20	-0,07	2,64	4,26	1479,03
5352	17.07.2025 20:46:11	18,20	-0,05	2,59	4,18	1478,97
5353	17.07.2025 20:46:12	18,20	-0,07	2,62	4,24	1479,01
5354	17.07.2025 20:46:13	18,20	-0,07	2,60	4,21	1478,99
5355	17.07.2025 20:46:14	18,20	-0,07	2,57	4,15	1478,94
5356	17.07.2025 20:46:15	18,20	-0,08	2,62	4,24	1479,00
5357	17.07.2025 20:46:16	18,20	-0,07	2,64	4,26	1479,03
5358	17.07.2025 20:46:17	18,20	-0,07	2,44	3,95	1478,79
5359	17.07.2025 20:46:18	18,20	-0,07	1,36	2,27	1477,55
5360	17.07.2025 20:46:19	18,20	-0,07	1,20	2,02	1477,36
5361	17.07.2025 20:46:20	18,20	-0,07	1,15	1,94	1477,30
5362	17.07.2025 20:46:21	18,20	-0,07	1,50	2,50	1477,71
5363	17.07.2025 20:46:22	18,20	-0,07	1,64	2,73	1477,88
5364	17.07.2025 20:46:23	18,20	-0,07	2,19	3,58	1478,51
5365	17.07.2025 20:46:24	18,20	-0,07	1,95	3,21	1478,23
5366	17.07.2025 20:46:25	18,20	-0,07	1,22	2,05	1477,38
5367	17.07.2025 20:46:26	18,20	-0,07	1,88	3,10	1478,15
5368	17.07.2025 20:46:27	18,20	-0,07	1,52	2,53	1477,73
5369	17.07.2025 20:46:28	18,20	-0,07	1,48	2,47	1477,69
5370	17.07.2025 20:46:29	18,20	-0,07	1,66	2,76	1477,90
5371	17.07.2025 20:46:30	18,20	-0,07	1,92	3,15	1478,19
5372	17.07.2025 20:46:31	18,20	-0,07	1,81	2,98	1478,07
5373	17.07.2025 20:46:32	18,20	-0,07	1,88	3,10	1478,15
5374	17.07.2025 20:46:33	18,20	-0,07	1,39	2,33	1477,59
5375	17.07.2025 20:46:34	18,22	-0,07	2,30	3,75	1478,73
5376	17.07.2025 20:46:35	18,22	-0,07	2,45	3,98	1478,91
5377	17.07.2025 20:46:36	18,22	-0,07	2,64	4,27	1479,12
5378	17.07.2025 20:46:37	18,22	-0,07	2,56	4,15	1479,04
5379	17.07.2025 20:46:38	18,22	-0,08	2,79	4,49	1479,29
5380	17.07.2025 20:46:39	18,22	-0,07	2,79	4,49	1479,30
5381	17.07.2025 20:46:40	18,22	-0,07	2,79	4,49	1479,30
5382	17.07.2025 20:46:41	18,22	-0,07	2,77	4,47	1479,28
5383	17.07.2025 20:46:42	18,22	-0,07	2,75	4,44	1479,25
5384	17.07.2025 20:46:43	18,22	-0,07	2,77	4,47	1479,28
5385	17.07.2025 20:46:44	18,22	-0,07	2,77	4,47	1479,28
5386	17.07.2025 20:46:45	18,22	-0,07	2,75	4,44	1479,25
5387	17.07.2025 20:46:46	18,22	-0,05	2,75	4,44	1479,26
5388	17.07.2025 20:46:47	18,22	-0,07	2,75	4,44	1479,25
5389	17.07.2025 20:46:48	18,22	-0,08	2,75	4,44	1479,25
5390	17.07.2025 20:46:49	18,22	-0,07	2,75	4,44	1479,25
5391	17.07.2025 20:46:50	18,22	-0,07	2,77	4,47	1479,28
5392	17.07.2025 20:46:51	18,22	-0,07	2,77	4,47	1479,28
5393	17.07.2025 20:46:52	18,22	-0,07	2,75	4,44	1479,25
5394	17.07.2025 20:46:53	18,22	-0,07	2,75	4,44	1479,25
5395	17.07.2025 20:46:54	18,22	-0,07	2,77	4,47	1479,28
5396	17.07.2025 20:46:55	18,22	-0,07	2,77	4,47	1479,28
5397	17.07.2025 20:46:56	18,22	-0,07	2,75	4,44	1479,25
5398	17.07.2025 20:46:57	18,22	-0,07	2,75	4,44	1479,25
5399	17.07.2025 20:46:58	18,22	-0,07	2,77	4,47	1479,28
5400	17.07.2025 20:46:59	18,22	-0,05	2,79	4,49	1479,30
5401	17.07.2025 20:47:00	18,22	-0,07	2,77	4,47	1479,28
5402	17.07.2025 20:47:01	18,22	-0,07	2,73	4,41	1479,23
5403	17.07.2025 20:47:02	18,22	-0,07	2,77	4,47	1479,28
5404	17.07.2025 20:47:03	18,22	-0,07	2,79	4,49	1479,30
5405	17.07.2025 20:47:04	18,22	-0,07	2,79	4,49	1479,30
5406	17.07.2025 20:47:05	18,22	-0,07	2,75	4,44	1479,25
5407	17.07.2025 20:47:06	18,22	-0,07	2,73	4,41	1479,23
5408	17.07.2025 20:47:07	18,22	-0,07	2,77	4,47	1479,28
5409	17.07.2025 20:47:08	18,22	-0,07	2,79	4,49	1479,30
5410	17.07.2025 20:47:09	18,25	-0,07	2,77	4,47	1479,37
5411	17.07.2025 20:47:10	18,25	-0,07	2,77	4,47	1479,37
5412	17.07.2025 20:47:11	18,25	-0,07	2,75	4,44	1479,35
5413	17.07.2025 20:47:12	18,25	-0,07	2,77	4,47	1479,37
5414	17.07.2025 20:47:13	18,25	-0,07	2,79	4,49	1479,39
5415	17.07.2025 20:47:14	18,25	-0,07	2,79	4,49	1479,39
5416	17.07.2025 20:47:15	18,25	-0,07	2,77	4,47	1479,37
5417	17.07.2025 20:47:16	18,25	-0,07	2,77	4,47	1479,37
5418	17.07.2025 20:47:17	18,25	-0,07	2,79	4,49	1479,39
5419	17.07.2025 20:47:18	18,25	-0,07	2,77	4,47	1479,37
5420	17.07.2025 20:47:19	18,25	-0,07	2,75	4,44	1479,35
5421	17.07.2025 20:47:20	18,25	-0,07	2,75	4,44	1479,35
5422	17.07.2025 20:47:21	18,25	-0,08	2,77	4,47	1479,37
5423	17.07.2025 20:47:22	18,25	-0,07	2,81	4,52	1479,41
5424	17.07.2025 20:47:23	18,25	-0,07	2,79	4,49	1479,39
5425	17.07.2025 20:47:24	18,25	-0,07	2,75	4,44	1479,35
5426	17.07.2025 20:47:25	18,25	-0,07	2,73	4,41	1479,33
5427	17.07.2025 20:47:26	18,25	-0,05	2,77	4,47	1479,37
5428	17.07.2025 20:47:27	18,25	-0,07	2,79	4,49	1479,39
5429	17.07.2025 20:47:28	18,25	-0,07	2,77	4,47	1479,37
5430	17.07.2025 20:47:29	18,25	-0,07	2,77	4,47	1479,37
5431	17.07.2025 20:47:30	18,25	-0,05	2,77	4,47	1479,37
5432	17.07.2025 20:47:31	18,25	-0,07	2,77	4,47	1479,37
5433	17.07.2025 20:47:32	18,25	-0,07	2,75	4,44	1479,35
5434	17.07.2025 20:47:33	18,25	-0,07	2,77	4,47	1479,37
5435	17.07.2025 20:47:34	18,25	-0,07	2,79	4,49	1479,39
5436	17.07.2025 20:47:35	18,25	-0,07	2,79	4,49	1479,39
5437	17.07.2025 20:47:36	18,25	-0,07	2,79	4,49	1479,39
5438	17.07.2025 20:47:37	18,25	-0,07	2,75	4,44	1479,35
5439	17.07.2025 20:47:38	18,25	-0,07	2,75	4,44	1479,35
5440	17.07.2025 20:47:39	18,25	-0,08	2,77	4,47	1479,37
5441	17.07.2025 20:47:40	18,25	-0,08	2,79	4,49	1479,39
5442	17.07.2025 20:47:41	18,25	-0,07	2,79	4,49	1479,39
5443	17.07.2025 20:47:42	18,25	-0,07	2,77	4,47	1479,37
5444	17.07.2025 20:47:43	18,28	-0,07	2,79	4,49	1479,48
5445	17.07.2025 20:47:44	18,28	-0,07	2,77	4,47	1479,46
5446	17.07.2025 20:47:45	18,28	-0,07	2,77	4,47	1479,46
5447	17.07.2025 20:47:46	18,28	-0,07	2,79	4,49	1479,48
5448	17.07.2025 20:47:47	18,28	-0,07	2,79	4,49	1479,48
5449	17.07.2025 20:47:48	18,28	-0,07	2,79	4,49	1479,48
5450	17.07.2025 20:47:49	18,28	-0,07	2,75	4,44	1479,44
5451	17.07.2025 20:47:50	18,28	-0,05	2,75	4,44	1479,44
5452	17.07.2025 20:47:51	18,28	-0,05	2,79	4,49	1479,49
5453	17.07.2025 20:47:52	18,28	-0,08	2,81	4,52	1479,50
5454	17.07.2025 20:47:53	18,28	-0,07	2,77	4,47	1479,46
5455	17.07.2025 20:47:54	18,28	-0,07	2,73	4,41	1479,42
5456	17.07.2025 20:47:55	18,28	-0,07	2,75	4,44	1479,44
5457	17.07.2025 20:47:56	18,28	-0,08	2,81	4,52	1479,50
5458	17.07.2025 20:47:57	18,28	-0,08	2,79	4,49	1479,48
5459	17.07.2025 20:47:58	18,28	-0,07	2,77	4,47	1479,46
5460	17.07.2025 20:47:59	18,28	-0,07	2,75	4,44	1479,44
5461	17.07.2025 20:48:00	18,28	-0,07	2,77	4,47	1479,46
5462	17.07.2025 20:48:01	18,28	-0,07	2,77	4,47	1479,46
5463	17.07.2025 20:48:02	18,28	-0,07	2,79	4,49	1479,48
5464	17.07.2025 20:48:03	18,28	-0,08	2,79	4,49	1479,48
5465	17.07.2025 20:48:04	18,28	-0,05	2,79	4,49	1479,49
5466	17.07.2025 20:48:05	18,28	-0,07	2,79	4,49	1479,48
5467	17.07.2025 20:48:06	18,28	-0,08	2,77	4,47	1479,46
5468	17.07.2025 20:48:07	18,31	-0,07	2,77	4,47	1479,56
5469	17.07.2025 20:48:08	18,31	-0,07	2,77	4,47	1479,56
5470	17.07.2025 20:48:09	18,31	-0,07	2,79	4,49	1479,58
5471	17.07.2025 20:48:10	18,31	-0,07	2,79	4,49	1479,58
5472	17.07.2025 20:48:11	18,31	-0,07	2,77	4,47	1479,56
5473	17.07.2025 20:48:12	18,31	-0,05	2,77	4,47	1479,56
5474	17.07.2025 20:48:13	18,31	-0,07	2,79	4,49	1479,58
5475	17.07.2025 20:48:14	18,31	-0,07	2,77	4,47	1479,56
5476	17.07.2025 20:48:15	18,31	-0,07	2,77	4,47	1479,56
5477	17.07.2025 20:48:16	18,31	-0,08	2,79	4,49	1479,58
5478	17.07.2025 20:48:17	18,31	-0,07	2,77	4,47	1479,56
5479	17.07.2025 20:48:18	18,31	-0,07	2,77	4,47	1479,56
5480	17.07.2025 20:48:19	18,31	-0,07	2,79	4,49	1479,58
5481	17.07.2025 20:48:20	18,31	-0,08	2,79	4,49	1479,58
5482	17.07.2025 20:48:21	18,31	-0,07	2,77	4,47	1479,56
5483	17.07.2025 20:48:22	18,31	-0,07	2,77	4,47	1479,56
5484	17.07.2025 20:48:23	18,31	-0,08	2,79	4,49	1479,58
5485	17.07.2025 20:48:24	18,31	-0,07	2,79	4,49	1479,58
5486	17.07.2025 20:48:25	18,31	-0,07	2,77	4,47	1479,56
5487	17.07.2025 20:48:26	18,31	-0,07	2,75	4,44	1479,53
5488	17.07.2025 20:48:27	18,34	-0,07	2,76	4,47	1479,65
5489	17.07.2025 20:48:28	18,34	-0,08	2,80	4,52	1479,69
5490	17.07.2025 20:48:29	18,34	-0,08	2,78	4,50	1479,67
5491	17.07.2025 20:48:30	18,34	-0,07	2,75	4,44	1479,63
5492	17.07.2025 20:48:31	18,34	-0,08	2,77	4,47	1479,65
5493	17.07.2025 20:48:32	18,34	-0,05	2,80	4,52	1479,70
5494	17.07.2025 20:48:33	18,34	-0,07	2,78	4,50	1479,67
5495	17.07.2025 20:48:34	18,34	-0,07	2,75	4,44	1479,63
5496	17.07.2025 20:48:35	18,34	-0,07	2,77	4,47	1479,65
5497	17.07.2025 20:48:36	18,34	-0,08	2,78	4,50	1479,67
5498	17.07.2025 20:48:37	18,34	-0,07	2,78	4,50	1479,67
5499	17.07.2025 20:48:38	18,34	-0,07	2,78	4,50	1479,67
5500	17.07.2025 20:48:39	18,34	-0,08	2,75	4,44	1479,63
5501	17.07.2025 20:48:40	18,34	-0,07	2,78	4,50	1479,67
5502	17.07.2025 20:48:41	18,34	-0,07	2,80	4,52	1479,69
5503	17.07.2025 20:48:42	18,34	-0,07	2,78	4,50	1479,67
5504	17.07.2025 20:48:43	18,34	-0,07	2,75	4,44	1479,63
5505	17.07.2025 20:48:44	18,34	-0,07	2,78	4,50	1479,67
5506	17.07.2025 20:48:45	18,34	-0,07	2,78	4,50	1479,67
5507	17.07.2025 20:48:46	18,34	-0,07	2,78	4,50	1479,67
5508	17.07.2025 20:48:47	18,34	-0,07	2,77	4,47	1479,65
5509	17.07.2025 20:48:48	18,34	-0,08	2,77	4,47	1479,65
5510	17.07.2025 20:48:49	18,37	-0,08	2,78	4,49	1479,76
5511	17.07.2025 20:48:50	18,34	-0,07	2,78	4,50	1479,67
5512	17.07.2025 20:48:51	18,37	-0,08	2,78	4,49	1479,76
5513	17.07.2025 20:48:52	18,37	-0,07	2,76	4,47	1479,74
5514	17.07.2025 20:48:53	18,37	-0,08	2,76	4,47	1479,74
5515	17.07.2025 20:48:54	18,37	-0,07	2,78	4,50	1479,76
5516	17.07.2025 20:48:55	18,37	-0,07	2,80	4,52	1479,79
5517	17.07.2025 20:48:56	18,37	-0,07	2,78	4,50	1479,76
5518	17.07.2025 20:48:57	18,37	-0,07	2,78	4,50	1479,76
5519	17.07.2025 20:48:58	18,37	-0,08	2,80	4,52	1479,78
5520	17.07.2025 20:48:59	18,37	-0,07	2,80	4,52	1479,79
5521	17.07.2025 20:49:00	18,37	-0,07	2,78	4,50	1479,76
5522	17.07.2025 20:49:01	18,37	-0,07	2,78	4,50	1479,76
5523	17.07.2025 20:49:02	18,37	-0,08	2,78	4,50	1479,76
5524	17.07.2025 20:49:03	18,37	-0,07	2,78	4,50	1479,76
5525	17.07.2025 20:49:04	18,37	-0,07	2,78	4,50	1479,76
5526	17.07.2025 20:49:05	18,37	-0,07	2,76	4,47	1479,74
5527	17.07.2025 20:49:06	18,37	-0,08	2,76	4,47	1479,74
5528	17.07.2025 20:49:07	18,37	-0,08	2,76	4,47	1479,74
5529	17.07.2025 20:49:08	18,37	-0,07	2,78	4,50	1479,76
5530	17.07.2025 20:49:09	18,37	-0,07	2,74	4,44	1479,72
5531	17.07.2025 20:49:10	18,37	-0,08	2,74	4,44	1479,72
5532	17.07.2025 20:49:11	18,37	-0,07	2,76	4,47	1479,74
5533	17.07.2025 20:49:12	18,40	-0,05	2,76	4,47	1479,84
5534	17.07.2025 20:49:13	18,40	-0,07	2,74	4,44	1479,81
5535	17.07.2025 20:49:14	18,40	-0,05	2,74	4,44	1479,82
5536	17.07.2025 20:49:15	18,40	-0,05	2,80	4,52	1479,88
5537	17.07.2025 20:49:16	18,40	-0,05	2,78	4,50	1479,86
5538	17.07.2025 20:49:17	18,40	-0,05	2,74	4,44	1479,82
5539	17.07.2025 20:49:18	18,40	-0,05	2,78	4,50	1479,86
5540	17.07.2025 20:49:19	18,40	-0,05	2,80	4,52	1479,88
5541	17.07.2025 20:49:20	18,40	-0,07	2,80	4,52	1479,88
5542	17.07.2025 20:49:21	18,40	-0,07	2,78	4,50	1479,86
5543	17.07.2025 20:49:22	18,40	-0,05	2,76	4,47	1479,84
5544	17.07.2025 20:49:23	18,40	-0,05	2,78	4,50	1479,86
5545	17.07.2025 20:49:24	18,40	-0,05	2,82	4,55	1479,90
5546	17.07.2025 20:49:25	18,40	-0,05	2,78	4,50	1479,86
5547	17.07.2025 20:49:26	18,40	-0,07	2,74	4,44	1479,81
5548	17.07.2025 20:49:27	18,40	-0,05	2,74	4,44	1479,82
5549	17.07.2025 20:49:28	18,40	-0,07	2,76	4,47	1479,84
5550	17.07.2025 20:49:29	18,40	-0,05	2,78	4,50	1479,86
5551	17.07.2025 20:49:30	18,40	-0,07	2,76	4,47	1479,84
5552	17.07.2025 20:49:31	18,40	-0,05	2,70	4,38	1479,77
5553	17.07.2025 20:49:32	18,40	-0,05	2,72	4,41	1479,80
5554	17.07.2025 20:49:33	18,40	-0,07	2,80	4,52	1479,88
5555	17.07.2025 20:49:34	18,40	-0,05	2,78	4,50	1479,86
5556	17.07.2025 20:49:35	18,40	-0,07	2,76	4,47	1479,84
5557	17.07.2025 20:49:36	18,43	-0,05	2,82	4,55	1480,00
5558	17.07.2025 20:49:37	18,43	-0,05	2,82	4,55	1480,00
5559	17.07.2025 20:49:38	18,43	-0,05	2,78	4,50	1479,95
5560	17.07.2025 20:49:39	18,43	-0,03	2,78	4,50	1479,96
5561	17.07.2025 20:49:40	18,43	-0,05	2,80	4,52	1479,98
5562	17.07.2025 20:49:41	18,43	-0,07	2,80	4,52	1479,97
5563	17.07.2025 20:49:42	18,43	-0,05	2,76	4,47	1479,93
5564	17.07.2025 20:49:43	18,43	-0,05	2,78	4,50	1479,95
5565	17.07.2025 20:49:44	18,43	-0,07	2,76	4,47	1479,93
5566	17.07.2025 20:49:45	18,43	-0,05	2,72	4,41	1479,89
5567	17.07.2025 20:49:46	18,43	-0,07	2,67	4,32	1479,82
5568	17.07.2025 20:49:47	18,43	-0,05	2,68	4,35	1479,85
5569	17.07.2025 20:49:48	18,43	-0,05	2,74	4,44	1479,91
5570	17.07.2025 20:49:49	18,43	-0,07	2,78	4,50	1479,95
5571	17.07.2025 20:49:50	18,43	-0,05	2,78	4,50	1479,95
5572	17.07.2025 20:49:51	18,43	-0,05	2,76	4,47	1479,93
5573	17.07.2025 20:49:52	18,43	-0,07	2,78	4,50	1479,95
5574	17.07.2025 20:49:53	18,43	-0,05	2,78	4,50	1479,95
5575	17.07.2025 20:49:54	18,43	-0,07	0,95	1,63	1477,85
5576	17.07.2025 20:49:55	18,43	-0,07	2,35	3,84	1479,46
5577	17.07.2025 20:49:56	18,46	-0,07	2,53	4,12	1479,76
5578	17.07.2025 20:49:57	18,46	-0,07	2,61	4,24	1479,85
5579	17.07.2025 20:49:58	18,43	-0,07	2,44	3,98	1479,56
5580	17.07.2025 20:49:59	18,46	-0,07	1,94	3,21	1479,08
5581	17.07.2025 20:50:00	18,46	-0,07	1,33	2,25	1478,38
5582	17.07.2025 20:50:01	18,46	-0,07	2,46	4,01	1479,68
5583	17.07.2025 20:50:02	18,46	-0,07	1,67	2,79	1478,77
5584	17.07.2025 20:50:03	18,46	-0,07	0,58	1,02	1477,52
5585	17.07.2025 20:50:04	18,46	-0,07	0,24	0,43	1477,13
5586	17.07.2025 20:50:05	18,46	-0,07	0,97	1,66	1477,96
5587	17.07.2025 20:50:06	18,46	-0,07	1,11	1,88	1478,12
5588	17.07.2025 20:50:07	18,46	-0,05	1,16	1,97	1478,18
5589	17.07.2025 20:50:08	18,46	-0,07	1,18	1,99	1478,20
5590	17.07.2025 20:50:09	18,49	-0,07	0,43	0,77	1477,44
5591	17.07.2025 20:50:10	18,52	-0,07	0,24	0,43	1477,32
5592	17.07.2025 20:50:11	18,55	-0,07	0,13	0,24	1477,29
5593	17.07.2025 20:50:12	18,58	-0,07	0,33	0,60	1477,62
5594	17.07.2025 20:50:13	18,64	-0,07	0,79	1,38	1478,34
5595	17.07.2025 20:50:14	18,67	-0,08	1,34	2,28	1479,06
5596	17.07.2025 20:50:15	18,73	-0,10	1,05	1,80	1478,91
5597	17.07.2025 20:50:16	18,79	-0,12	0,21	0,38	1478,13
5598	17.07.2025 20:50:17	18,94	-0,12	0,43	0,77	1478,86
5599	17.07.2025 20:50:18	19,11	-0,12	0,38	0,68	1479,37
5600	17.07.2025 20:50:19	19,20	-0,14	0,41	0,74	1479,68
5601	17.07.2025 20:50:20	19,35	-0,12	0,13	0,24	1479,83
5602	17.07.2025 20:50:21	19,44	-0,12	0,14	0,27	1480,13
5603	17.07.2025 20:50:22	19,53	-0,10	0,16	0,29	1480,43
5604	17.07.2025 20:50:23	19,56	-0,10	0,19	0,35	1480,55
