#B	Created:	02.08.2025 09:52:51
##	Version	SeaStar	9.59
#5	Field separation:	0
#2	Date & Time:	1
#6	Decimal point:	,
#7	Date def.:	dd.mm.yyyy	.
#8	Time def.:	:
##	Axis	0	Temperature(°C)	clRed	FALSE
##	Axis	1	Pressure(Bar)	clBlue	FALSE
##	Axis	2	Salinity(psu)	clGreen	FALSE
##	Axis	3	Conductivity(mS/cm)	$00FF80FF	FALSE
##	Axis	4	Sound Velocity(m/sec)	$00404080	FALSE
##	Series	0	Temp(°C)	clRed	0	Temp(°C)	2
##	Series	1	Press(Bar)	clBlue	1	Press(Bar)	2
##	Series	2	Salinity(psu)	clGreen	2	Salinity(psu)	2
##	Series	3	Conduct(mS/cm)	$00FF80FF	3	Conduct(mS/cm)	2
##	Series	4	Sound Velocity(m/sec)	$00404080	4	Velocity(m/sec)	2
##	Recorder	131	DST CTD	13526
##	Chart	131S13526DAT	
#D	Data:	2059	02.08.2025 09:18:00	02.08.2025 09:52:18
1	02.08.2025 09:18:00	21,53	-0,07	0,30	0,57	1486,72
2	02.08.2025 09:18:01	21,53	-0,07	0,30	0,57	1486,72
3	02.08.2025 09:18:02	21,53	-0,05	0,30	0,57	1486,72
4	02.08.2025 09:18:03	21,53	-0,07	0,30	0,57	1486,72
5	02.08.2025 09:18:04	21,55	-0,05	0,30	0,57	1486,81
6	02.08.2025 09:18:05	21,55	-0,07	0,30	0,57	1486,81
7	02.08.2025 09:18:06	21,55	-0,05	0,30	0,57	1486,81
8	02.08.2025 09:18:07	21,55	-0,05	0,30	0,57	1486,81
9	02.08.2025 09:18:08	21,55	-0,05	0,30	0,57	1486,81
10	02.08.2025 09:18:09	21,55	-0,05	0,30	0,57	1486,81
11	02.08.2025 09:18:10	21,58	-0,07	0,30	0,57	1486,89
12	02.08.2025 09:18:11	21,58	-0,05	0,30	0,57	1486,90
13	02.08.2025 09:18:12	21,58	-0,05	0,30	0,57	1486,90
14	02.08.2025 09:18:13	21,58	-0,05	0,30	0,57	1486,90
15	02.08.2025 09:18:14	21,61	-0,05	0,30	0,57	1486,98
16	02.08.2025 09:18:15	21,61	-0,05	0,30	0,57	1486,98
17	02.08.2025 09:18:16	21,61	-0,05	0,30	0,57	1486,98
18	02.08.2025 09:18:17	21,61	-0,07	0,30	0,57	1486,98
19	02.08.2025 09:18:18	21,61	-0,07	0,30	0,57	1486,98
20	02.08.2025 09:18:19	21,64	-0,03	0,30	0,57	1487,07
21	02.08.2025 09:18:20	21,64	-0,05	0,30	0,57	1487,07
22	02.08.2025 09:18:21	21,64	-0,03	0,30	0,57	1487,07
23	02.08.2025 09:18:22	21,64	-0,07	0,30	0,57	1487,07
24	02.08.2025 09:18:23	21,64	-0,05	0,30	0,57	1487,07
25	02.08.2025 09:18:24	21,64	-0,05	0,28	0,54	1487,06
26	02.08.2025 09:18:25	21,64	-0,05	0,30	0,57	1487,07
27	02.08.2025 09:18:26	21,67	-0,03	0,30	0,57	1487,16
28	02.08.2025 09:18:27	21,67	-0,05	0,30	0,57	1487,16
29	02.08.2025 09:18:28	21,67	-0,05	0,30	0,57	1487,16
30	02.08.2025 09:18:29	21,67	-0,05	0,30	0,57	1487,16
31	02.08.2025 09:18:30	21,67	-0,05	0,30	0,57	1487,16
32	02.08.2025 09:18:31	21,67	-0,05	0,30	0,57	1487,16
33	02.08.2025 09:18:32	21,70	-0,05	0,30	0,57	1487,25
34	02.08.2025 09:18:33	21,70	-0,07	0,30	0,57	1487,24
35	02.08.2025 09:18:34	21,70	-0,05	0,30	0,57	1487,25
36	02.08.2025 09:18:35	21,70	-0,05	0,28	0,54	1487,23
37	02.08.2025 09:18:36	21,70	-0,05	0,30	0,57	1487,25
38	02.08.2025 09:18:37	21,70	-0,05	0,30	0,57	1487,25
39	02.08.2025 09:18:38	21,73	-0,05	0,30	0,57	1487,33
40	02.08.2025 09:18:39	21,73	-0,03	0,30	0,57	1487,34
41	02.08.2025 09:18:40	21,73	-0,05	0,28	0,54	1487,32
42	02.08.2025 09:18:41	21,76	-0,05	0,30	0,57	1487,42
43	02.08.2025 09:18:42	21,76	-0,05	0,30	0,57	1487,42
44	02.08.2025 09:18:43	21,76	-0,07	0,30	0,57	1487,42
45	02.08.2025 09:18:44	21,76	-0,05	0,30	0,57	1487,42
46	02.08.2025 09:18:45	21,76	-0,05	0,30	0,57	1487,42
47	02.08.2025 09:18:46	21,76	-0,05	0,30	0,57	1487,42
48	02.08.2025 09:18:47	21,76	-0,05	0,30	0,57	1487,42
49	02.08.2025 09:18:48	21,76	-0,05	0,28	0,54	1487,40
50	02.08.2025 09:18:49	21,76	-0,05	0,30	0,57	1487,42
51	02.08.2025 09:18:50	21,79	-0,07	0,28	0,54	1487,49
52	02.08.2025 09:18:51	21,79	-0,07	0,28	0,54	1487,49
53	02.08.2025 09:18:52	21,79	-0,05	0,28	0,54	1487,49
54	02.08.2025 09:18:53	21,79	-0,05	0,28	0,54	1487,49
55	02.08.2025 09:18:54	21,79	-0,05	0,28	0,54	1487,49
56	02.08.2025 09:18:55	21,79	-0,05	0,28	0,54	1487,49
57	02.08.2025 09:18:56	21,82	-0,05	0,28	0,54	1487,58
58	02.08.2025 09:18:57	21,82	-0,05	0,30	0,57	1487,59
59	02.08.2025 09:18:58	21,82	-0,05	0,28	0,54	1487,58
60	02.08.2025 09:18:59	21,82	-0,07	0,28	0,54	1487,57
61	02.08.2025 09:19:00	21,82	-0,07	0,28	0,54	1487,57
62	02.08.2025 09:19:01	21,82	-0,05	0,28	0,54	1487,58
63	02.08.2025 09:19:02	21,85	-0,05	0,28	0,54	1487,66
64	02.08.2025 09:19:03	21,85	-0,05	0,28	0,54	1487,66
65	02.08.2025 09:19:04	21,85	-0,05	0,28	0,54	1487,66
66	02.08.2025 09:19:05	21,85	-0,07	0,28	0,54	1487,66
67	02.08.2025 09:19:06	21,85	-0,07	0,28	0,54	1487,66
68	02.08.2025 09:19:07	21,85	-0,05	0,28	0,54	1487,66
69	02.08.2025 09:19:08	21,85	-0,07	0,28	0,54	1487,66
70	02.08.2025 09:19:09	21,85	-0,05	0,28	0,54	1487,66
71	02.08.2025 09:19:10	21,85	-0,05	0,28	0,54	1487,66
72	02.08.2025 09:19:11	21,88	-0,03	0,28	0,54	1487,75
73	02.08.2025 09:19:12	21,88	-0,05	0,28	0,54	1487,75
74	02.08.2025 09:19:13	21,88	-0,05	0,28	0,54	1487,75
75	02.08.2025 09:19:14	21,88	-0,05	0,28	0,54	1487,75
76	02.08.2025 09:19:15	21,88	-0,05	0,28	0,54	1487,75
77	02.08.2025 09:19:16	21,91	-0,07	0,30	0,57	1487,85
78	02.08.2025 09:19:17	21,91	-0,05	0,28	0,54	1487,84
79	02.08.2025 09:19:18	21,91	-0,05	0,28	0,54	1487,84
80	02.08.2025 09:19:19	21,91	-0,05	0,28	0,54	1487,84
81	02.08.2025 09:19:20	21,91	-0,03	0,30	0,57	1487,85
82	02.08.2025 09:19:21	21,93	-0,05	0,30	0,57	1487,94
83	02.08.2025 09:19:22	21,93	-0,05	0,30	0,57	1487,94
84	02.08.2025 09:19:23	21,93	-0,05	0,30	0,57	1487,94
85	02.08.2025 09:19:24	21,96	-0,05	0,28	0,54	1488,01
86	02.08.2025 09:19:25	21,96	-0,05	0,28	0,54	1488,01
87	02.08.2025 09:19:26	21,96	-0,05	0,28	0,54	1488,01
88	02.08.2025 09:19:27	21,96	-0,05	0,30	0,57	1488,02
89	02.08.2025 09:19:28	21,99	-0,07	0,28	0,54	1488,09
90	02.08.2025 09:19:29	21,99	-0,07	0,28	0,54	1488,09
91	02.08.2025 09:19:30	21,99	-0,07	0,28	0,54	1488,09
92	02.08.2025 09:19:31	21,99	-0,05	0,30	0,57	1488,11
93	02.08.2025 09:19:32	21,99	-0,05	0,30	0,57	1488,11
94	02.08.2025 09:19:33	22,02	-0,05	0,28	0,54	1488,18
95	02.08.2025 09:19:34	22,02	-0,05	0,28	0,54	1488,18
96	02.08.2025 09:19:35	22,02	-0,05	0,28	0,54	1488,18
97	02.08.2025 09:19:36	22,02	-0,03	0,28	0,54	1488,18
98	02.08.2025 09:19:37	22,02	-0,03	0,28	0,54	1488,18
99	02.08.2025 09:19:38	22,02	-0,03	0,28	0,54	1488,18
100	02.08.2025 09:19:39	22,02	-0,03	0,28	0,54	1488,18
101	02.08.2025 09:19:40	22,05	-0,03	0,28	0,54	1488,27
102	02.08.2025 09:19:41	22,05	-0,03	0,28	0,54	1488,27
103	02.08.2025 09:19:42	22,05	-0,03	0,28	0,54	1488,27
104	02.08.2025 09:19:43	22,05	-0,05	0,28	0,54	1488,27
105	02.08.2025 09:19:44	22,05	-0,03	0,29	0,57	1488,29
106	02.08.2025 09:19:45	22,08	-0,05	0,28	0,54	1488,35
107	02.08.2025 09:19:46	22,08	-0,05	0,28	0,54	1488,35
108	02.08.2025 09:19:47	22,08	-0,05	0,28	0,54	1488,35
109	02.08.2025 09:19:48	22,08	-0,05	0,28	0,54	1488,35
110	02.08.2025 09:19:49	22,11	-0,03	0,28	0,54	1488,44
111	02.08.2025 09:19:50	22,11	-0,05	0,28	0,54	1488,44
112	02.08.2025 09:19:51	22,11	-0,03	0,29	0,57	1488,46
113	02.08.2025 09:19:52	22,11	-0,03	0,28	0,54	1488,44
114	02.08.2025 09:19:53	22,11	-0,05	0,28	0,54	1488,44
115	02.08.2025 09:19:54	22,11	-0,03	0,28	0,54	1488,44
116	02.08.2025 09:19:55	22,11	-0,05	0,37	0,71	1488,54
117	02.08.2025 09:19:56	22,11	-0,03	0,29	0,57	1488,46
118	02.08.2025 09:19:57	22,11	-0,03	0,29	0,57	1488,46
119	02.08.2025 09:19:58	22,11	-0,05	0,29	0,57	1488,45
120	02.08.2025 09:19:59	22,11	-0,03	0,19	0,38	1488,34
121	02.08.2025 09:20:00	22,11	-0,03	0,18	0,35	1488,33
122	02.08.2025 09:20:01	22,11	-0,03	0,18	0,35	1488,33
123	02.08.2025 09:20:02	22,11	-0,05	0,21	0,40	1488,36
124	02.08.2025 09:20:03	22,11	-0,03	0,41	0,79	1488,59
125	02.08.2025 09:20:04	22,11	-0,05	0,18	0,35	1488,33
126	02.08.2025 09:20:05	22,08	-0,36	25,52	37,70	1516,41
127	02.08.2025 09:20:06	21,64	-0,26	25,83	37,77	1515,59
128	02.08.2025 09:20:07	21,20	-0,10	26,01	37,66	1514,61
129	02.08.2025 09:20:08	20,88	-0,05	24,98	36,07	1512,57
130	02.08.2025 09:20:09	20,65	0,04	25,14	36,09	1512,10
131	02.08.2025 09:20:10	20,47	0,06	25,24	36,09	1511,72
132	02.08.2025 09:20:11	20,35	0,08	26,47	37,59	1512,80
133	02.08.2025 09:20:12	20,26	0,06	26,53	37,58	1512,61
134	02.08.2025 09:20:13	20,18	0,06	26,58	37,58	1512,42
135	02.08.2025 09:20:14	20,12	0,08	26,62	37,58	1512,29
136	02.08.2025 09:20:15	20,06	0,06	26,65	37,58	1512,17
137	02.08.2025 09:20:16	20,03	0,04	26,67	37,58	1512,10
138	02.08.2025 09:20:17	19,97	0,02	26,71	37,58	1511,97
139	02.08.2025 09:20:18	19,91	0,06	26,74	37,57	1511,85
140	02.08.2025 09:20:19	19,88	0,02	26,76	37,57	1511,78
141	02.08.2025 09:20:20	19,82	0,02	26,80	37,57	1511,65
142	02.08.2025 09:20:21	19,79	0,02	26,82	37,57	1511,59
143	02.08.2025 09:20:22	19,76	0,02	26,83	37,57	1511,53
144	02.08.2025 09:20:23	19,73	0,04	26,85	37,57	1511,47
145	02.08.2025 09:20:24	19,71	0,02	26,87	37,57	1511,40
146	02.08.2025 09:20:25	19,68	0,02	26,89	37,57	1511,34
147	02.08.2025 09:20:26	19,65	0,04	26,91	37,57	1511,28
148	02.08.2025 09:20:27	19,62	0,02	26,93	37,57	1511,21
149	02.08.2025 09:20:28	19,59	0,02	26,94	37,57	1511,15
150	02.08.2025 09:20:29	19,56	0,02	26,96	37,57	1511,08
151	02.08.2025 09:20:30	19,53	0,04	26,98	37,57	1511,02
152	02.08.2025 09:20:31	19,53	0,04	26,98	37,57	1511,02
153	02.08.2025 09:20:32	19,50	0,02	27,00	37,57	1510,96
154	02.08.2025 09:20:33	19,47	0,04	27,02	37,57	1510,89
155	02.08.2025 09:20:34	19,44	0,02	27,04	37,56	1510,83
156	02.08.2025 09:20:35	19,41	0,02	27,06	37,56	1510,76
157	02.08.2025 09:20:36	19,38	0,00	27,10	37,59	1510,72
158	02.08.2025 09:20:37	19,38	0,02	27,10	37,59	1510,72
159	02.08.2025 09:20:38	19,35	0,02	27,11	37,59	1510,66
160	02.08.2025 09:20:39	19,32	0,02	27,13	37,59	1510,60
161	02.08.2025 09:20:40	19,32	0,02	27,11	37,56	1510,57
162	02.08.2025 09:20:41	19,29	0,02	27,15	37,59	1510,53
163	02.08.2025 09:20:42	19,26	0,04	27,17	37,59	1510,47
164	02.08.2025 09:20:43	19,26	0,04	27,17	37,59	1510,47
165	02.08.2025 09:20:44	19,23	0,04	27,17	37,56	1510,38
166	02.08.2025 09:20:45	19,23	0,06	27,19	37,59	1510,41
167	02.08.2025 09:20:46	19,20	0,06	27,21	37,59	1510,35
168	02.08.2025 09:20:47	19,20	0,06	27,21	37,59	1510,35
169	02.08.2025 09:20:48	19,17	0,08	27,23	37,59	1510,28
170	02.08.2025 09:20:49	19,17	0,08	27,20	37,56	1510,26
171	02.08.2025 09:20:50	19,14	0,09	27,24	37,58	1510,22
172	02.08.2025 09:20:51	19,14	0,09	27,24	37,58	1510,22
173	02.08.2025 09:20:52	19,11	0,13	27,26	37,58	1510,16
174	02.08.2025 09:20:53	19,11	0,13	27,26	37,58	1510,16
175	02.08.2025 09:20:54	19,09	0,13	27,28	37,58	1510,10
176	02.08.2025 09:20:55	19,09	0,13	27,26	37,56	1510,07
177	02.08.2025 09:20:56	19,06	0,15	27,26	37,53	1509,99
178	02.08.2025 09:20:57	19,03	0,16	27,28	37,53	1509,93
179	02.08.2025 09:20:58	19,00	0,15	27,27	37,50	1509,83
180	02.08.2025 09:20:59	18,97	0,16	27,27	37,47	1509,75
181	02.08.2025 09:21:00	18,94	0,18	27,31	37,50	1509,71
182	02.08.2025 09:21:01	18,94	0,18	27,29	37,47	1509,69
183	02.08.2025 09:21:02	18,91	0,22	27,27	37,42	1509,58
184	02.08.2025 09:21:03	18,88	0,20	27,31	37,45	1509,53
185	02.08.2025 09:21:04	18,85	0,20	27,28	37,39	1509,42
186	02.08.2025 09:21:05	18,82	0,20	27,32	37,42	1509,38
187	02.08.2025 09:21:06	18,79	0,25	27,34	37,42	1509,32
188	02.08.2025 09:21:07	18,79	0,22	27,36	37,44	1509,34
189	02.08.2025 09:21:08	18,79	0,23	27,36	37,44	1509,35
190	02.08.2025 09:21:09	18,76	0,23	27,40	37,47	1509,31
191	02.08.2025 09:21:10	18,76	0,23	27,32	37,36	1509,21
192	02.08.2025 09:21:11	18,73	0,22	27,31	37,33	1509,11
193	02.08.2025 09:21:12	18,70	0,23	27,35	37,36	1509,08
194	02.08.2025 09:21:13	18,70	0,25	27,38	37,39	1509,10
195	02.08.2025 09:21:14	18,67	0,27	27,42	37,41	1509,07
196	02.08.2025 09:21:15	18,67	0,29	27,48	37,49	1509,14
197	02.08.2025 09:21:16	18,70	0,29	27,35	37,36	1509,08
198	02.08.2025 09:21:17	18,67	0,29	27,37	37,36	1509,02
199	02.08.2025 09:21:18	18,64	0,32	27,39	37,36	1508,96
200	02.08.2025 09:21:19	18,61	0,32	27,41	37,36	1508,89
201	02.08.2025 09:21:20	18,61	0,34	27,41	37,36	1508,90
202	02.08.2025 09:21:21	18,58	0,37	27,50	37,44	1508,91
203	02.08.2025 09:21:22	18,61	0,37	27,43	37,39	1508,93
204	02.08.2025 09:21:23	18,61	0,37	27,39	37,33	1508,88
205	02.08.2025 09:21:24	18,58	0,39	27,41	37,33	1508,81
206	02.08.2025 09:21:25	18,55	0,39	27,34	37,22	1508,65
207	02.08.2025 09:21:26	18,52	0,43	27,27	37,12	1508,49
208	02.08.2025 09:21:27	18,46	0,44	27,29	37,09	1508,33
209	02.08.2025 09:21:28	18,40	0,48	27,30	37,06	1508,18
210	02.08.2025 09:21:29	18,37	0,48	27,32	37,06	1508,12
211	02.08.2025 09:21:30	18,34	0,50	27,34	37,06	1508,06
212	02.08.2025 09:21:31	18,31	0,54	27,36	37,06	1507,99
213	02.08.2025 09:21:32	18,31	0,54	27,36	37,06	1507,99
214	02.08.2025 09:21:33	18,28	0,57	27,38	37,06	1507,93
215	02.08.2025 09:21:34	18,28	0,57	27,40	37,08	1507,96
216	02.08.2025 09:21:35	18,25	0,61	27,42	37,08	1507,90
217	02.08.2025 09:21:36	18,25	0,61	27,42	37,08	1507,90
218	02.08.2025 09:21:37	18,25	0,62	27,42	37,08	1507,90
219	02.08.2025 09:21:38	18,22	0,66	27,44	37,08	1507,84
220	02.08.2025 09:21:39	18,22	0,67	27,44	37,08	1507,84
221	02.08.2025 09:21:40	18,22	0,69	27,44	37,08	1507,85
222	02.08.2025 09:21:41	18,22	0,71	27,44	37,08	1507,85
223	02.08.2025 09:21:42	18,20	0,73	27,46	37,08	1507,79
224	02.08.2025 09:21:43	18,20	0,74	27,46	37,08	1507,79
225	02.08.2025 09:21:44	18,17	0,78	27,46	37,05	1507,70
226	02.08.2025 09:21:45	18,17	0,79	27,46	37,05	1507,70
227	02.08.2025 09:21:46	18,14	0,81	27,48	37,05	1507,64
228	02.08.2025 09:21:47	18,14	0,83	27,45	37,03	1507,62
229	02.08.2025 09:21:48	18,11	0,84	27,47	37,03	1507,55
230	02.08.2025 09:21:49	18,11	0,86	27,45	37,00	1507,53
231	02.08.2025 09:21:50	18,11	0,88	27,45	37,00	1507,53
232	02.08.2025 09:21:51	18,08	0,88	27,47	37,00	1507,47
233	02.08.2025 09:21:52	18,05	0,91	27,47	36,97	1507,38
234	02.08.2025 09:21:53	18,05	0,93	27,42	36,92	1507,33
235	02.08.2025 09:21:54	18,02	0,96	27,40	36,86	1507,22
236	02.08.2025 09:21:55	17,99	0,98	27,40	36,84	1507,13
237	02.08.2025 09:21:56	17,96	0,99	27,37	36,78	1507,02
238	02.08.2025 09:21:57	17,90	1,03	27,37	36,73	1506,84
239	02.08.2025 09:21:58	17,87	1,03	27,36	36,70	1506,74
240	02.08.2025 09:21:59	17,84	1,08	27,36	36,67	1506,66
241	02.08.2025 09:22:00	17,81	1,09	27,38	36,67	1506,59
242	02.08.2025 09:22:01	17,78	1,13	27,38	36,64	1506,51
243	02.08.2025 09:22:02	17,75	1,14	27,40	36,64	1506,44
244	02.08.2025 09:22:03	17,72	1,16	27,39	36,62	1506,35
245	02.08.2025 09:22:04	17,69	1,19	27,41	36,61	1506,29
246	02.08.2025 09:22:05	17,69	1,19	27,41	36,61	1506,29
247	02.08.2025 09:22:06	17,66	1,19	27,43	36,61	1506,22
248	02.08.2025 09:22:07	17,66	1,19	27,43	36,61	1506,22
249	02.08.2025 09:22:08	17,63	1,19	27,45	36,61	1506,15
250	02.08.2025 09:22:09	17,63	1,19	27,45	36,61	1506,15
251	02.08.2025 09:22:10	17,60	1,19	27,47	36,61	1506,09
252	02.08.2025 09:22:11	17,60	1,21	27,47	36,61	1506,09
253	02.08.2025 09:22:12	17,60	1,19	27,47	36,61	1506,09
254	02.08.2025 09:22:13	17,57	1,17	27,49	36,61	1506,01
255	02.08.2025 09:22:14	17,57	1,17	27,51	36,64	1506,04
256	02.08.2025 09:22:15	17,57	1,19	27,49	36,61	1506,02
257	02.08.2025 09:22:16	17,54	1,20	27,51	36,61	1505,95
258	02.08.2025 09:22:17	17,54	1,20	27,51	36,61	1505,95
259	02.08.2025 09:22:18	17,54	1,22	27,49	36,58	1505,93
260	02.08.2025 09:22:19	17,51	1,22	27,51	36,58	1505,86
261	02.08.2025 09:22:20	17,51	1,24	27,51	36,58	1505,86
262	02.08.2025 09:22:21	17,48	1,24	27,48	36,53	1505,74
263	02.08.2025 09:22:22	17,45	1,25	27,48	36,50	1505,65
264	02.08.2025 09:22:23	17,42	1,25	27,52	36,53	1505,61
265	02.08.2025 09:22:24	17,42	1,25	27,57	36,58	1505,66
266	02.08.2025 09:22:25	17,42	1,23	27,57	36,58	1505,66
267	02.08.2025 09:22:26	17,42	1,23	27,57	36,58	1505,66
268	02.08.2025 09:22:27	17,42	1,23	27,59	36,61	1505,69
269	02.08.2025 09:22:28	17,42	1,23	27,59	36,61	1505,69
270	02.08.2025 09:22:29	17,42	1,23	27,59	36,61	1505,69
271	02.08.2025 09:22:30	17,42	1,23	27,59	36,61	1505,69
272	02.08.2025 09:22:31	17,42	1,23	27,59	36,61	1505,69
273	02.08.2025 09:22:32	17,42	1,23	27,59	36,61	1505,69
274	02.08.2025 09:22:33	17,42	1,23	27,59	36,61	1505,69
275	02.08.2025 09:22:34	17,42	1,23	27,59	36,61	1505,69
276	02.08.2025 09:22:35	17,39	1,23	27,63	36,64	1505,64
277	02.08.2025 09:22:36	17,39	1,23	27,63	36,63	1505,64
278	02.08.2025 09:22:37	17,39	1,21	27,63	36,63	1505,64
279	02.08.2025 09:22:38	17,39	1,23	27,63	36,63	1505,64
280	02.08.2025 09:22:39	17,39	1,21	27,63	36,63	1505,64
281	02.08.2025 09:22:40	17,39	1,21	27,63	36,63	1505,64
282	02.08.2025 09:22:41	17,39	1,23	27,65	36,66	1505,67
283	02.08.2025 09:22:42	17,39	1,21	27,65	36,66	1505,67
284	02.08.2025 09:22:43	17,39	1,21	27,63	36,63	1505,64
285	02.08.2025 09:22:44	17,39	1,20	27,63	36,63	1505,64
286	02.08.2025 09:22:45	17,39	1,21	27,63	36,63	1505,64
287	02.08.2025 09:22:46	17,39	1,20	27,63	36,63	1505,64
288	02.08.2025 09:22:47	17,36	1,19	27,65	36,63	1505,57
289	02.08.2025 09:22:48	17,36	1,19	27,65	36,63	1505,57
290	02.08.2025 09:22:49	17,36	1,19	27,65	36,63	1505,57
291	02.08.2025 09:22:50	17,36	1,19	27,65	36,63	1505,57
292	02.08.2025 09:22:51	17,36	1,21	27,65	36,63	1505,57
293	02.08.2025 09:22:52	17,33	1,21	27,67	36,63	1505,50
294	02.08.2025 09:22:53	17,33	1,23	27,65	36,61	1505,48
295	02.08.2025 09:22:54	17,33	1,25	27,65	36,61	1505,48
296	02.08.2025 09:22:55	17,33	1,23	27,65	36,61	1505,48
297	02.08.2025 09:22:56	17,30	1,24	27,65	36,58	1505,39
298	02.08.2025 09:22:57	17,30	1,24	27,65	36,58	1505,39
299	02.08.2025 09:22:58	17,30	1,26	27,62	36,55	1505,37
300	02.08.2025 09:22:59	17,30	1,26	27,58	36,50	1505,31
301	02.08.2025 09:23:00	17,27	1,28	27,55	36,44	1505,20
302	02.08.2025 09:23:01	17,24	1,28	27,55	36,42	1505,10
303	02.08.2025 09:23:02	17,21	1,31	27,53	36,36	1504,99
304	02.08.2025 09:23:03	17,18	1,31	27,55	36,36	1504,92
305	02.08.2025 09:23:04	17,15	1,32	27,54	36,33	1504,83
306	02.08.2025 09:23:05	17,12	1,34	27,56	36,33	1504,76
307	02.08.2025 09:23:06	17,09	1,36	27,56	36,31	1504,67
308	02.08.2025 09:23:07	17,09	1,36	27,54	36,28	1504,64
309	02.08.2025 09:23:08	17,06	1,37	27,47	36,17	1504,47
310	02.08.2025 09:23:09	17,00	1,39	27,44	36,09	1504,26
311	02.08.2025 09:23:10	16,94	1,38	27,34	35,93	1503,96
312	02.08.2025 09:23:11	16,85	1,38	27,22	35,71	1503,54
313	02.08.2025 09:23:12	16,76	1,41	27,14	35,55	1503,17
314	02.08.2025 09:23:13	16,64	1,41	27,02	35,31	1502,65
315	02.08.2025 09:23:14	16,52	1,42	26,76	34,90	1501,97
316	02.08.2025 09:23:15	16,34	1,43	26,55	34,52	1501,17
317	02.08.2025 09:23:16	16,13	1,43	26,39	34,17	1500,32
318	02.08.2025 09:23:17	15,82	1,45	26,38	33,92	1499,35
319	02.08.2025 09:23:18	15,55	1,49	26,37	33,70	1498,47
320	02.08.2025 09:23:19	15,31	1,55	26,18	33,29	1497,48
321	02.08.2025 09:23:20	15,03	1,50	26,01	32,88	1496,37
322	02.08.2025 09:23:21	14,73	1,56	26,02	32,66	1495,40
323	02.08.2025 09:23:22	14,42	1,62	26,19	32,63	1494,60
324	02.08.2025 09:23:23	14,24	1,66	26,31	32,63	1494,14
325	02.08.2025 09:23:24	14,08	1,72	27,11	33,40	1494,60
326	02.08.2025 09:23:25	14,05	1,76	27,16	33,42	1494,55
327	02.08.2025 09:23:26	14,02	1,75	27,22	33,48	1494,53
328	02.08.2025 09:23:27	13,96	1,73	27,03	33,21	1494,09
329	02.08.2025 09:23:28	13,86	1,71	26,85	32,94	1493,56
330	02.08.2025 09:23:29	13,68	1,70	26,61	32,53	1492,65
331	02.08.2025 09:23:30	13,40	1,71	26,36	32,04	1491,41
332	02.08.2025 09:23:31	13,09	1,73	26,00	31,42	1489,93
333	02.08.2025 09:23:32	12,71	1,74	25,91	31,03	1488,52
334	02.08.2025 09:23:33	12,37	1,82	26,14	31,03	1487,62
335	02.08.2025 09:23:34	12,08	1,89	26,40	31,10	1486,96
336	02.08.2025 09:23:35	11,92	1,92	26,59	31,18	1486,64
337	02.08.2025 09:23:36	11,80	1,95	26,70	31,20	1486,33
338	02.08.2025 09:23:37	11,70	1,96	26,82	31,25	1486,14
339	02.08.2025 09:23:38	11,61	1,97	27,01	31,38	1486,04
340	02.08.2025 09:23:39	11,58	2,01	27,06	31,41	1485,99
341	02.08.2025 09:23:40	11,51	2,02	27,18	31,49	1485,92
342	02.08.2025 09:23:41	11,45	2,04	27,18	31,43	1485,69
343	02.08.2025 09:23:42	11,35	2,01	26,99	31,16	1485,11
344	02.08.2025 09:23:43	11,22	1,97	26,44	30,49	1483,97
345	02.08.2025 09:23:44	10,90	1,97	26,50	30,32	1482,91
346	02.08.2025 09:23:45	10,65	2,03	26,61	30,23	1482,11
347	02.08.2025 09:23:46	10,39	2,09	26,68	30,12	1481,27
348	02.08.2025 09:23:47	10,23	2,12	26,72	30,03	1480,73
349	02.08.2025 09:23:48	10,03	2,14	26,73	29,89	1480,02
350	02.08.2025 09:23:49	9,83	2,17	26,71	29,73	1479,28
351	02.08.2025 09:23:50	9,67	2,18	26,77	29,67	1478,76
352	02.08.2025 09:23:51	9,51	2,22	26,81	29,59	1478,20
353	02.08.2025 09:23:52	9,34	2,23	26,85	29,50	1477,63
354	02.08.2025 09:23:53	9,21	2,26	26,92	29,47	1477,23
355	02.08.2025 09:23:54	9,08	2,29	26,96	29,41	1476,79
356	02.08.2025 09:23:55	8,95	2,28	26,95	29,31	1476,27
357	02.08.2025 09:23:56	8,81	2,31	27,02	29,27	1475,86
358	02.08.2025 09:23:57	8,68	2,32	27,11	29,27	1475,48
359	02.08.2025 09:23:58	8,58	2,35	27,22	29,30	1475,23
360	02.08.2025 09:23:59	8,48	2,37	27,26	29,27	1474,91
361	02.08.2025 09:24:00	8,35	2,38	27,31	29,21	1474,46
362	02.08.2025 09:24:01	8,25	2,41	27,27	29,10	1474,03
363	02.08.2025 09:24:02	8,15	2,42	27,29	29,04	1473,67
364	02.08.2025 09:24:03	8,01	2,45	27,37	29,01	1473,25
365	02.08.2025 09:24:04	7,91	2,48	27,41	28,98	1472,92
366	02.08.2025 09:24:05	7,77	2,49	27,46	28,93	1472,46
367	02.08.2025 09:24:06	7,67	2,49	27,34	28,74	1471,91
368	02.08.2025 09:24:07	7,54	2,51	27,39	28,68	1471,45
369	02.08.2025 09:24:08	7,37	2,54	27,46	28,62	1470,87
370	02.08.2025 09:24:09	7,23	2,57	27,51	28,57	1470,40
371	02.08.2025 09:24:10	7,13	2,58	27,56	28,53	1470,06
372	02.08.2025 09:24:11	7,02	2,61	27,55	28,45	1469,66
373	02.08.2025 09:24:12	6,92	2,62	27,57	28,40	1469,28
374	02.08.2025 09:24:13	6,78	2,65	27,60	28,31	1468,76
375	02.08.2025 09:24:14	6,68	2,67	27,62	28,26	1468,38
376	02.08.2025 09:24:15	6,58	2,70	27,55	28,12	1467,89
377	02.08.2025 09:24:16	6,44	2,71	27,57	28,03	1467,36
378	02.08.2025 09:24:17	6,30	2,73	27,63	27,98	1466,87
379	02.08.2025 09:24:18	6,16	2,76	27,70	27,95	1466,41
380	02.08.2025 09:24:19	6,05	2,78	27,73	27,89	1466,02
381	02.08.2025 09:24:20	5,98	2,81	27,75	27,86	1465,78
382	02.08.2025 09:24:21	5,88	2,84	27,84	27,86	1465,46
383	02.08.2025 09:24:22	5,77	2,87	27,89	27,83	1465,11
384	02.08.2025 09:24:23	5,70	2,88	27,92	27,80	1464,86
385	02.08.2025 09:24:24	5,63	2,89	27,98	27,80	1464,64
386	02.08.2025 09:24:25	5,56	2,93	28,03	27,80	1464,43
387	02.08.2025 09:24:26	5,49	2,94	28,09	27,80	1464,22
388	02.08.2025 09:24:27	5,42	2,97	28,15	27,80	1464,01
389	02.08.2025 09:24:28	5,35	2,99	28,17	27,77	1463,75
390	02.08.2025 09:24:29	5,28	3,00	28,20	27,74	1463,50
391	02.08.2025 09:24:30	5,21	3,03	28,26	27,74	1463,28
392	02.08.2025 09:24:31	5,14	3,05	28,32	27,74	1463,07
393	02.08.2025 09:24:32	5,10	3,08	28,41	27,79	1463,04
394	02.08.2025 09:24:33	5,03	3,11	28,59	27,89	1462,98
395	02.08.2025 09:24:34	5,03	3,13	28,59	27,89	1462,98
396	02.08.2025 09:24:35	4,99	3,14	28,71	27,97	1463,00
397	02.08.2025 09:24:36	4,96	3,16	28,62	27,86	1462,73
398	02.08.2025 09:24:37	4,92	3,17	28,52	27,76	1462,47
399	02.08.2025 09:24:38	4,85	3,22	28,58	27,75	1462,25
400	02.08.2025 09:24:39	4,78	3,26	28,70	27,81	1462,12
401	02.08.2025 09:24:40	4,71	3,25	28,64	27,70	1461,74
402	02.08.2025 09:24:41	4,64	3,27	28,58	27,59	1461,36
403	02.08.2025 09:24:42	4,56	3,28	28,49	27,45	1460,94
404	02.08.2025 09:24:43	4,45	3,29	28,49	27,37	1460,48
405	02.08.2025 09:24:44	4,35	3,34	28,58	27,37	1460,15
406	02.08.2025 09:24:45	4,27	3,37	28,67	27,39	1459,97
407	02.08.2025 09:24:46	4,20	3,40	28,82	27,47	1459,87
408	02.08.2025 09:24:47	4,16	3,42	28,95	27,55	1459,88
409	02.08.2025 09:24:48	4,16	3,43	28,98	27,58	1459,92
410	02.08.2025 09:24:49	4,13	3,45	29,01	27,58	1459,81
411	02.08.2025 09:24:50	4,09	3,47	29,01	27,55	1459,66
412	02.08.2025 09:24:51	4,06	3,50	28,91	27,44	1459,39
413	02.08.2025 09:24:52	3,98	3,51	28,95	27,41	1459,12
414	02.08.2025 09:24:53	3,91	3,54	28,98	27,38	1458,86
415	02.08.2025 09:24:54	3,87	3,56	29,01	27,38	1458,74
416	02.08.2025 09:24:55	3,80	3,59	29,07	27,38	1458,52
417	02.08.2025 09:24:56	3,76	3,61	29,07	27,35	1458,36
418	02.08.2025 09:24:57	3,73	3,64	29,10	27,35	1458,26
419	02.08.2025 09:24:58	3,69	3,65	29,10	27,32	1458,10
420	02.08.2025 09:24:59	3,65	3,67	29,07	27,27	1457,91
421	02.08.2025 09:25:00	3,58	3,70	29,07	27,21	1457,60
422	02.08.2025 09:25:01	3,50	3,72	29,11	27,19	1457,33
423	02.08.2025 09:25:02	3,47	3,75	29,14	27,19	1457,21
424	02.08.2025 09:25:03	3,39	3,76	29,14	27,13	1456,90
425	02.08.2025 09:25:04	3,36	3,78	29,07	27,05	1456,66
426	02.08.2025 09:25:05	3,28	3,81	29,14	27,05	1456,43
427	02.08.2025 09:25:06	3,21	3,84	29,27	27,10	1456,28
428	02.08.2025 09:25:07	3,17	3,87	29,33	27,13	1456,21
429	02.08.2025 09:25:08	3,13	3,89	29,43	27,18	1456,18
430	02.08.2025 09:25:09	3,13	3,92	29,46	27,20	1456,23
431	02.08.2025 09:25:10	3,10	3,94	29,49	27,20	1456,11
432	02.08.2025 09:25:11	3,06	3,96	29,59	27,26	1456,08
433	02.08.2025 09:25:12	3,06	3,99	29,62	27,28	1456,13
434	02.08.2025 09:25:13	3,06	4,01	29,75	27,39	1456,30
435	02.08.2025 09:25:14	3,06	4,04	29,81	27,44	1456,39
436	02.08.2025 09:25:15	3,06	4,06	29,88	27,50	1456,47
437	02.08.2025 09:25:16	3,06	4,08	29,91	27,52	1456,52
438	02.08.2025 09:25:17	3,06	4,10	29,88	27,50	1456,48
439	02.08.2025 09:25:18	3,06	4,13	29,88	27,50	1456,48
440	02.08.2025 09:25:19	3,02	4,15	29,91	27,50	1456,37
441	02.08.2025 09:25:20	3,02	4,16	29,91	27,50	1456,37
442	02.08.2025 09:25:21	2,98	4,20	29,95	27,50	1456,26
443	02.08.2025 09:25:22	2,98	4,23	30,01	27,55	1456,35
444	02.08.2025 09:25:23	2,95	4,25	30,04	27,55	1456,23
445	02.08.2025 09:25:24	2,95	4,26	29,95	27,47	1456,11
446	02.08.2025 09:25:25	2,91	4,28	29,88	27,39	1455,87
447	02.08.2025 09:25:26	2,84	4,31	29,95	27,39	1455,64
448	02.08.2025 09:25:27	2,80	4,34	30,05	27,44	1455,61
449	02.08.2025 09:25:28	2,76	4,38	30,15	27,49	1455,58
450	02.08.2025 09:25:29	2,76	4,41	30,25	27,57	1455,71
451	02.08.2025 09:25:30	2,76	4,43	30,28	27,60	1455,76
452	02.08.2025 09:25:31	2,76	4,45	30,34	27,65	1455,84
453	02.08.2025 09:25:32	2,76	4,47	30,34	27,65	1455,85
454	02.08.2025 09:25:33	2,76	4,50	30,37	27,68	1455,89
455	02.08.2025 09:25:34	2,76	4,52	30,34	27,65	1455,85
456	02.08.2025 09:25:35	2,76	4,54	30,18	27,52	1455,64
457	02.08.2025 09:25:36	2,72	4,57	30,12	27,44	1455,40
458	02.08.2025 09:25:37	2,65	4,60	30,19	27,44	1455,17
459	02.08.2025 09:25:38	2,61	4,61	30,22	27,43	1455,05
460	02.08.2025 09:25:39	2,57	4,67	30,22	27,41	1454,90
461	02.08.2025 09:25:40	2,57	4,67	30,22	27,41	1454,90
462	02.08.2025 09:25:41	2,53	4,68	30,26	27,41	1454,78
463	02.08.2025 09:25:42	2,50	4,71	30,32	27,43	1454,71
464	02.08.2025 09:25:43	2,50	4,71	30,32	27,43	1454,71
465	02.08.2025 09:25:44	2,46	4,75	30,42	27,48	1454,68
466	02.08.2025 09:25:45	2,46	4,76	30,46	27,51	1454,73
467	02.08.2025 09:25:46	2,46	4,78	30,49	27,54	1454,77
468	02.08.2025 09:25:47	2,46	4,78	30,49	27,54	1454,77
469	02.08.2025 09:25:48	2,46	4,82	30,52	27,56	1454,82
470	02.08.2025 09:25:49	2,46	4,83	30,49	27,54	1454,78
471	02.08.2025 09:25:50	2,46	4,85	30,49	27,54	1454,78
472	02.08.2025 09:25:51	2,46	4,89	30,46	27,51	1454,75
473	02.08.2025 09:25:52	2,42	4,89	30,43	27,46	1454,54
474	02.08.2025 09:25:53	2,38	4,92	30,30	27,32	1454,21
475	02.08.2025 09:25:54	2,34	4,92	30,10	27,13	1453,79
476	02.08.2025 09:25:55	2,27	4,93	29,68	26,73	1452,90
477	02.08.2025 09:25:56	2,08	4,95	29,69	26,59	1452,07
478	02.08.2025 09:25:57	1,93	5,00	29,80	26,56	1451,55
479	02.08.2025 09:25:58	1,81	5,04	29,90	26,56	1451,18
480	02.08.2025 09:25:59	1,73	5,08	29,97	26,56	1450,93
481	02.08.2025 09:26:00	1,70	5,11	29,97	26,53	1450,77
482	02.08.2025 09:26:01	1,66	5,12	30,01	26,53	1450,65
483	02.08.2025 09:26:02	1,62	5,16	30,08	26,55	1450,57
484	02.08.2025 09:26:03	1,58	5,19	30,08	26,53	1450,41
485	02.08.2025 09:26:04	1,54	5,22	30,15	26,55	1450,33
486	02.08.2025 09:26:05	1,54	5,24	30,15	26,55	1450,33
487	02.08.2025 09:26:06	1,50	5,27	30,18	26,55	1450,21
488	02.08.2025 09:26:07	1,46	5,31	30,22	26,55	1450,09
489	02.08.2025 09:26:08	1,46	5,32	30,22	26,55	1450,10
490	02.08.2025 09:26:09	1,42	5,34	30,26	26,55	1449,97
491	02.08.2025 09:26:10	1,42	5,39	30,26	26,55	1449,98
492	02.08.2025 09:26:11	1,39	5,41	30,29	26,55	1449,86
493	02.08.2025 09:26:12	1,39	5,42	30,33	26,58	1449,90
494	02.08.2025 09:26:13	1,39	5,46	30,33	26,58	1449,91
495	02.08.2025 09:26:14	1,35	5,49	30,36	26,57	1449,79
496	02.08.2025 09:26:15	1,35	5,53	30,36	26,57	1449,79
497	02.08.2025 09:26:16	1,35	5,54	30,36	26,57	1449,80
498	02.08.2025 09:26:17	1,31	5,58	30,37	26,55	1449,63
499	02.08.2025 09:26:18	1,31	5,59	30,40	26,57	1449,68
500	02.08.2025 09:26:19	1,31	5,63	30,40	26,57	1449,68
501	02.08.2025 09:26:20	1,27	5,66	30,43	26,57	1449,56
502	02.08.2025 09:26:21	1,27	5,68	30,43	26,57	1449,57
503	02.08.2025 09:26:22	1,27	5,72	30,43	26,57	1449,57
504	02.08.2025 09:26:23	1,23	5,73	30,47	26,57	1449,45
505	02.08.2025 09:26:24	1,23	5,75	30,47	26,57	1449,45
506	02.08.2025 09:26:25	1,23	5,77	30,47	26,57	1449,45
507	02.08.2025 09:26:26	1,23	5,78	30,47	26,57	1449,45
508	02.08.2025 09:26:27	1,19	5,80	30,51	26,57	1449,33
509	02.08.2025 09:26:28	1,19	5,83	30,51	26,57	1449,34
510	02.08.2025 09:26:29	1,19	5,82	30,51	26,57	1449,33
511	02.08.2025 09:26:30	1,19	5,83	30,51	26,57	1449,34
512	02.08.2025 09:26:31	1,15	5,85	30,55	26,57	1449,21
513	02.08.2025 09:26:32	1,15	5,85	30,54	26,57	1449,21
514	02.08.2025 09:26:33	1,15	5,87	30,54	26,57	1449,21
515	02.08.2025 09:26:34	1,15	5,87	30,54	26,57	1449,21
516	02.08.2025 09:26:35	1,11	5,88	30,58	26,57	1449,09
517	02.08.2025 09:26:36	1,11	5,90	30,62	26,60	1449,14
518	02.08.2025 09:26:37	1,11	5,88	30,62	26,60	1449,14
519	02.08.2025 09:26:38	1,11	5,90	30,62	26,60	1449,14
520	02.08.2025 09:26:39	1,11	5,90	30,62	26,60	1449,14
521	02.08.2025 09:26:40	1,07	5,90	30,65	26,60	1449,01
522	02.08.2025 09:26:41	1,07	5,91	30,65	26,60	1449,01
523	02.08.2025 09:26:42	1,07	5,91	30,65	26,60	1449,01
524	02.08.2025 09:26:43	1,07	5,91	30,65	26,60	1449,01
525	02.08.2025 09:26:44	1,07	5,91	30,65	26,60	1449,01
526	02.08.2025 09:26:45	1,07	5,91	30,65	26,60	1449,01
527	02.08.2025 09:26:46	1,04	5,91	30,69	26,60	1448,89
528	02.08.2025 09:26:47	1,04	5,91	30,69	26,60	1448,89
529	02.08.2025 09:26:48	1,04	5,91	30,69	26,60	1448,89
530	02.08.2025 09:26:49	1,04	5,91	30,69	26,60	1448,89
531	02.08.2025 09:26:50	1,04	5,93	30,69	26,60	1448,89
532	02.08.2025 09:26:51	1,04	5,93	30,69	26,60	1448,89
533	02.08.2025 09:26:52	1,04	5,91	30,69	26,60	1448,89
534	02.08.2025 09:26:53	1,00	5,91	30,73	26,59	1448,76
535	02.08.2025 09:26:54	1,00	5,93	30,73	26,59	1448,76
536	02.08.2025 09:26:55	1,00	5,93	30,73	26,59	1448,76
537	02.08.2025 09:26:56	1,00	5,93	30,73	26,59	1448,76
538	02.08.2025 09:26:57	1,00	5,93	30,73	26,59	1448,76
539	02.08.2025 09:26:58	1,00	5,93	30,73	26,59	1448,76
540	02.08.2025 09:26:59	1,00	5,93	30,73	26,59	1448,76
541	02.08.2025 09:27:00	1,00	5,95	30,73	26,59	1448,76
542	02.08.2025 09:27:01	0,96	5,93	30,77	26,59	1448,63
543	02.08.2025 09:27:02	0,96	5,93	30,77	26,59	1448,63
544	02.08.2025 09:27:03	0,96	5,93	30,77	26,59	1448,63
545	02.08.2025 09:27:04	0,96	5,93	30,77	26,59	1448,63
546	02.08.2025 09:27:05	0,96	5,93	30,77	26,59	1448,63
547	02.08.2025 09:27:06	0,96	5,93	30,77	26,59	1448,63
548	02.08.2025 09:27:07	0,96	5,93	30,77	26,59	1448,63
549	02.08.2025 09:27:08	0,96	5,93	30,77	26,59	1448,63
550	02.08.2025 09:27:09	0,96	5,93	30,77	26,59	1448,63
551	02.08.2025 09:27:10	0,96	5,93	30,77	26,59	1448,63
552	02.08.2025 09:27:11	0,92	5,92	30,80	26,59	1448,51
553	02.08.2025 09:27:12	0,92	5,92	30,80	26,59	1448,51
554	02.08.2025 09:27:13	0,92	5,92	30,84	26,62	1448,55
555	02.08.2025 09:27:14	0,92	5,92	30,84	26,62	1448,55
556	02.08.2025 09:27:15	0,92	5,92	30,80	26,59	1448,51
557	02.08.2025 09:27:16	0,92	5,92	30,80	26,59	1448,51
558	02.08.2025 09:27:17	0,92	5,94	30,84	26,62	1448,55
559	02.08.2025 09:27:18	0,92	5,92	30,80	26,59	1448,51
560	02.08.2025 09:27:19	0,92	5,92	30,80	26,59	1448,51
561	02.08.2025 09:27:20	0,92	5,92	30,80	26,59	1448,51
562	02.08.2025 09:27:21	0,92	5,92	30,80	26,59	1448,51
563	02.08.2025 09:27:22	0,92	5,92	30,80	26,59	1448,51
564	02.08.2025 09:27:23	0,92	5,91	30,80	26,59	1448,50
565	02.08.2025 09:27:24	0,92	5,92	30,80	26,59	1448,51
566	02.08.2025 09:27:25	0,92	5,92	30,80	26,59	1448,51
567	02.08.2025 09:27:26	0,88	5,90	30,84	26,59	1448,37
568	02.08.2025 09:27:27	0,88	5,90	30,84	26,59	1448,37
569	02.08.2025 09:27:28	0,88	5,92	30,88	26,62	1448,42
570	02.08.2025 09:27:29	0,88	5,90	30,84	26,59	1448,37
571	02.08.2025 09:27:30	0,88	5,92	30,84	26,59	1448,38
572	02.08.2025 09:27:31	0,88	5,90	30,84	26,59	1448,37
573	02.08.2025 09:27:32	0,88	5,92	30,84	26,59	1448,38
574	02.08.2025 09:27:33	0,88	5,90	30,84	26,59	1448,37
575	02.08.2025 09:27:34	0,88	5,90	30,88	26,62	1448,42
576	02.08.2025 09:27:35	0,88	5,90	30,84	26,59	1448,37
577	02.08.2025 09:27:36	0,88	5,90	30,84	26,59	1448,37
578	02.08.2025 09:27:37	0,88	5,90	30,84	26,59	1448,37
579	02.08.2025 09:27:38	0,88	5,90	30,88	26,62	1448,42
580	02.08.2025 09:27:39	0,88	5,89	30,84	26,59	1448,37
581	02.08.2025 09:27:40	0,88	5,90	30,88	26,62	1448,42
582	02.08.2025 09:27:41	0,88	5,90	30,88	26,62	1448,42
583	02.08.2025 09:27:42	0,88	5,90	30,84	26,59	1448,37
584	02.08.2025 09:27:43	0,88	5,90	30,88	26,62	1448,42
585	02.08.2025 09:27:44	0,88	5,90	30,84	26,59	1448,37
586	02.08.2025 09:27:45	0,88	5,90	30,84	26,59	1448,37
587	02.08.2025 09:27:46	0,88	5,90	30,84	26,59	1448,37
588	02.08.2025 09:27:47	0,88	5,90	30,84	26,59	1448,37
589	02.08.2025 09:27:48	0,88	5,90	30,84	26,59	1448,37
590	02.08.2025 09:27:49	0,88	5,90	30,84	26,59	1448,37
591	02.08.2025 09:27:50	0,84	5,90	30,88	26,59	1448,25
592	02.08.2025 09:27:51	0,88	5,90	30,84	26,59	1448,37
593	02.08.2025 09:27:52	0,84	5,90	30,91	26,62	1448,29
594	02.08.2025 09:27:53	0,84	5,90	30,91	26,62	1448,29
595	02.08.2025 09:27:54	0,84	5,90	30,91	26,62	1448,29
596	02.08.2025 09:27:55	0,84	5,90	30,88	26,59	1448,25
597	02.08.2025 09:27:56	0,84	5,90	30,91	26,62	1448,29
598	02.08.2025 09:27:57	0,84	5,90	30,88	26,59	1448,25
599	02.08.2025 09:27:58	0,84	5,90	30,88	26,59	1448,25
600	02.08.2025 09:27:59	0,84	5,90	30,91	26,62	1448,29
601	02.08.2025 09:28:00	0,84	5,92	30,88	26,59	1448,25
602	02.08.2025 09:28:01	0,84	5,90	30,88	26,59	1448,25
603	02.08.2025 09:28:02	0,84	5,92	30,88	26,59	1448,25
604	02.08.2025 09:28:03	0,84	5,92	30,88	26,59	1448,25
605	02.08.2025 09:28:04	0,84	5,90	30,88	26,59	1448,25
606	02.08.2025 09:28:05	0,84	5,90	30,91	26,62	1448,29
607	02.08.2025 09:28:06	0,84	5,92	30,91	26,62	1448,29
608	02.08.2025 09:28:07	0,84	5,90	30,88	26,59	1448,25
609	02.08.2025 09:28:08	0,84	5,92	30,88	26,59	1448,25
610	02.08.2025 09:28:09	0,84	5,92	30,88	26,59	1448,25
611	02.08.2025 09:28:10	0,84	5,90	30,88	26,59	1448,25
612	02.08.2025 09:28:11	0,84	5,90	30,88	26,59	1448,25
613	02.08.2025 09:28:12	0,84	5,92	30,88	26,59	1448,25
614	02.08.2025 09:28:13	0,84	5,92	30,88	26,59	1448,25
615	02.08.2025 09:28:14	0,84	5,92	30,88	26,59	1448,25
616	02.08.2025 09:28:15	0,84	5,92	30,88	26,59	1448,25
617	02.08.2025 09:28:16	0,84	5,92	30,88	26,59	1448,25
618	02.08.2025 09:28:17	0,84	5,90	30,88	26,59	1448,25
619	02.08.2025 09:28:18	0,84	5,90	30,88	26,59	1448,25
620	02.08.2025 09:28:19	0,84	5,92	30,88	26,59	1448,25
621	02.08.2025 09:28:20	0,84	5,92	30,88	26,59	1448,25
622	02.08.2025 09:28:21	0,84	5,90	30,88	26,59	1448,25
623	02.08.2025 09:28:22	0,84	5,92	30,88	26,59	1448,25
624	02.08.2025 09:28:23	0,84	5,92	30,88	26,59	1448,25
625	02.08.2025 09:28:24	0,84	5,92	30,88	26,59	1448,25
626	02.08.2025 09:28:25	0,84	5,90	30,88	26,59	1448,25
627	02.08.2025 09:28:26	0,84	5,90	30,88	26,59	1448,25
628	02.08.2025 09:28:27	0,84	5,92	30,88	26,59	1448,25
629	02.08.2025 09:28:28	0,84	5,92	30,88	26,59	1448,25
630	02.08.2025 09:28:29	0,84	5,90	30,88	26,59	1448,25
631	02.08.2025 09:28:30	0,84	5,92	30,88	26,59	1448,25
632	02.08.2025 09:28:31	0,84	5,90	30,88	26,59	1448,25
633	02.08.2025 09:28:32	0,84	5,92	30,88	26,59	1448,25
634	02.08.2025 09:28:33	0,80	5,92	30,92	26,59	1448,12
635	02.08.2025 09:28:34	0,84	5,92	30,88	26,59	1448,25
636	02.08.2025 09:28:35	0,84	5,92	30,88	26,59	1448,25
637	02.08.2025 09:28:36	0,84	5,92	30,88	26,59	1448,25
638	02.08.2025 09:28:37	0,84	5,92	30,88	26,59	1448,25
639	02.08.2025 09:28:38	0,84	5,92	30,88	26,59	1448,25
640	02.08.2025 09:28:39	0,84	5,92	30,88	26,59	1448,25
641	02.08.2025 09:28:40	0,80	5,92	30,92	26,59	1448,12
642	02.08.2025 09:28:41	0,84	5,90	30,88	26,59	1448,25
643	02.08.2025 09:28:42	0,80	5,92	30,92	26,59	1448,12
644	02.08.2025 09:28:43	0,84	5,92	30,88	26,59	1448,25
645	02.08.2025 09:28:44	0,80	5,92	30,92	26,59	1448,12
646	02.08.2025 09:28:45	0,80	5,92	30,92	26,59	1448,12
647	02.08.2025 09:28:46	0,84	5,92	30,88	26,59	1448,25
648	02.08.2025 09:28:47	0,80	5,92	30,92	26,59	1448,12
649	02.08.2025 09:28:48	0,80	5,92	30,92	26,59	1448,12
650	02.08.2025 09:28:49	0,80	5,92	30,92	26,59	1448,12
651	02.08.2025 09:28:50	0,80	5,92	30,92	26,59	1448,12
652	02.08.2025 09:28:51	0,80	5,92	30,92	26,59	1448,12
653	02.08.2025 09:28:52	0,80	5,92	30,92	26,59	1448,12
654	02.08.2025 09:28:53	0,80	5,92	30,92	26,59	1448,12
655	02.08.2025 09:28:54	0,80	5,92	30,92	26,59	1448,12
656	02.08.2025 09:28:55	0,80	5,92	30,92	26,59	1448,12
657	02.08.2025 09:28:56	0,80	5,92	30,92	26,59	1448,12
658	02.08.2025 09:28:57	0,80	5,92	30,92	26,59	1448,12
659	02.08.2025 09:28:58	0,80	5,92	30,92	26,59	1448,12
660	02.08.2025 09:28:59	0,80	5,90	30,92	26,59	1448,12
661	02.08.2025 09:29:00	0,80	5,92	30,92	26,59	1448,12
662	02.08.2025 09:29:01	0,80	5,92	30,92	26,59	1448,12
663	02.08.2025 09:29:02	0,80	5,92	30,92	26,59	1448,12
664	02.08.2025 09:29:03	0,80	5,92	30,92	26,59	1448,12
665	02.08.2025 09:29:04	0,80	5,92	30,92	26,59	1448,12
666	02.08.2025 09:29:05	0,80	5,92	30,92	26,59	1448,12
667	02.08.2025 09:29:06	0,80	5,92	30,92	26,59	1448,12
668	02.08.2025 09:29:07	0,80	5,92	30,92	26,59	1448,12
669	02.08.2025 09:29:08	0,80	5,92	30,92	26,59	1448,12
670	02.08.2025 09:29:09	0,80	5,92	30,92	26,59	1448,12
671	02.08.2025 09:29:10	0,80	5,92	30,92	26,59	1448,12
672	02.08.2025 09:29:11	0,80	5,93	30,92	26,59	1448,12
673	02.08.2025 09:29:12	0,80	5,92	30,92	26,59	1448,12
674	02.08.2025 09:29:13	0,80	5,92	30,92	26,59	1448,12
675	02.08.2025 09:29:14	0,80	5,92	30,92	26,59	1448,12
676	02.08.2025 09:29:15	0,80	5,92	30,92	26,59	1448,12
677	02.08.2025 09:29:16	0,80	5,92	30,92	26,59	1448,12
678	02.08.2025 09:29:17	0,80	5,92	30,92	26,59	1448,12
679	02.08.2025 09:29:18	0,80	5,92	30,92	26,59	1448,12
680	02.08.2025 09:29:19	0,80	5,92	30,92	26,59	1448,12
681	02.08.2025 09:29:20	0,80	5,92	30,92	26,59	1448,12
682	02.08.2025 09:29:21	0,80	5,92	30,92	26,59	1448,12
683	02.08.2025 09:29:22	0,80	5,90	30,92	26,59	1448,12
684	02.08.2025 09:29:23	0,80	5,92	30,92	26,59	1448,12
685	02.08.2025 09:29:24	0,80	5,92	30,92	26,59	1448,12
686	02.08.2025 09:29:25	0,80	5,90	30,92	26,59	1448,12
687	02.08.2025 09:29:26	0,80	5,90	30,92	26,59	1448,12
688	02.08.2025 09:29:27	0,80	5,92	30,92	26,59	1448,12
689	02.08.2025 09:29:28	0,80	5,92	30,92	26,59	1448,12
690	02.08.2025 09:29:29	0,80	5,90	30,92	26,59	1448,12
691	02.08.2025 09:29:30	0,80	5,92	30,92	26,59	1448,12
692	02.08.2025 09:29:31	0,80	5,92	30,92	26,59	1448,12
693	02.08.2025 09:29:32	0,80	5,90	30,92	26,59	1448,12
694	02.08.2025 09:29:33	0,80	5,90	30,92	26,59	1448,12
695	02.08.2025 09:29:34	0,80	5,90	30,92	26,59	1448,12
696	02.08.2025 09:29:35	0,80	5,93	30,92	26,59	1448,12
697	02.08.2025 09:29:36	0,80	5,90	30,92	26,59	1448,12
698	02.08.2025 09:29:37	0,80	5,92	30,92	26,59	1448,12
699	02.08.2025 09:29:38	0,80	5,90	30,92	26,59	1448,12
700	02.08.2025 09:29:39	0,80	5,92	30,92	26,59	1448,12
701	02.08.2025 09:29:40	0,80	5,92	30,92	26,59	1448,12
702	02.08.2025 09:29:41	0,80	5,92	30,92	26,59	1448,12
703	02.08.2025 09:29:42	0,80	5,92	30,92	26,59	1448,12
704	02.08.2025 09:29:43	0,80	5,92	30,92	26,59	1448,12
705	02.08.2025 09:29:44	0,80	5,92	30,92	26,59	1448,12
706	02.08.2025 09:29:45	0,80	5,92	30,92	26,59	1448,12
707	02.08.2025 09:29:46	0,80	5,92	30,92	26,59	1448,12
708	02.08.2025 09:29:47	0,80	5,92	30,92	26,59	1448,12
709	02.08.2025 09:29:48	0,80	5,92	30,92	26,59	1448,12
710	02.08.2025 09:29:49	0,80	5,92	30,92	26,59	1448,12
711	02.08.2025 09:29:50	0,80	5,92	30,92	26,59	1448,12
712	02.08.2025 09:29:51	0,80	5,92	30,92	26,59	1448,12
713	02.08.2025 09:29:52	0,80	5,93	30,92	26,59	1448,12
714	02.08.2025 09:29:53	0,80	5,92	30,92	26,59	1448,12
715	02.08.2025 09:29:54	0,80	5,92	30,92	26,59	1448,12
716	02.08.2025 09:29:55	0,80	5,92	30,92	26,59	1448,12
717	02.08.2025 09:29:56	0,80	5,92	30,92	26,59	1448,12
718	02.08.2025 09:29:57	0,80	5,92	30,92	26,59	1448,12
719	02.08.2025 09:29:58	0,80	5,92	30,92	26,59	1448,12
720	02.08.2025 09:29:59	0,80	5,92	30,92	26,59	1448,12
721	02.08.2025 09:30:00	0,80	5,92	30,92	26,59	1448,12
722	02.08.2025 09:30:01	0,80	5,92	30,92	26,59	1448,12
723	02.08.2025 09:30:02	0,80	5,93	30,92	26,59	1448,12
724	02.08.2025 09:30:03	0,80	5,92	30,92	26,59	1448,12
725	02.08.2025 09:30:04	0,80	5,93	30,92	26,59	1448,12
726	02.08.2025 09:30:05	0,80	5,92	30,92	26,59	1448,12
727	02.08.2025 09:30:06	0,80	5,93	30,92	26,59	1448,12
728	02.08.2025 09:30:07	0,80	5,92	30,92	26,59	1448,12
729	02.08.2025 09:30:08	0,80	5,92	30,92	26,59	1448,12
730	02.08.2025 09:30:09	0,80	5,92	30,92	26,59	1448,12
731	02.08.2025 09:30:10	0,80	5,92	30,92	26,59	1448,12
732	02.08.2025 09:30:11	0,80	5,92	30,92	26,59	1448,12
733	02.08.2025 09:30:12	0,80	5,92	30,92	26,59	1448,12
734	02.08.2025 09:30:13	0,80	5,92	30,92	26,59	1448,12
735	02.08.2025 09:30:14	0,80	5,90	30,92	26,59	1448,12
736	02.08.2025 09:30:15	0,80	5,92	30,92	26,59	1448,12
737	02.08.2025 09:30:16	0,80	5,92	30,92	26,59	1448,12
738	02.08.2025 09:30:17	0,80	5,90	30,92	26,59	1448,12
739	02.08.2025 09:30:18	0,80	5,92	30,92	26,59	1448,12
740	02.08.2025 09:30:19	0,80	5,92	30,92	26,59	1448,12
741	02.08.2025 09:30:20	0,80	5,92	30,92	26,59	1448,12
742	02.08.2025 09:30:21	0,80	5,92	30,92	26,59	1448,12
743	02.08.2025 09:30:22	0,80	5,92	30,92	26,59	1448,12
744	02.08.2025 09:30:23	0,80	5,90	30,92	26,59	1448,12
745	02.08.2025 09:30:24	0,80	5,92	30,92	26,59	1448,12
746	02.08.2025 09:30:25	0,80	5,90	30,92	26,59	1448,12
747	02.08.2025 09:30:26	0,80	5,92	30,92	26,59	1448,12
748	02.08.2025 09:30:27	0,80	5,92	30,92	26,59	1448,12
749	02.08.2025 09:30:28	0,80	5,92	30,92	26,59	1448,12
750	02.08.2025 09:30:29	0,80	5,92	30,92	26,59	1448,12
751	02.08.2025 09:30:30	0,80	5,90	30,92	26,59	1448,12
752	02.08.2025 09:30:31	0,80	5,92	30,92	26,59	1448,12
753	02.08.2025 09:30:32	0,80	5,90	30,92	26,59	1448,12
754	02.08.2025 09:30:33	0,80	5,90	30,92	26,59	1448,12
755	02.08.2025 09:30:34	0,80	5,92	30,92	26,59	1448,12
756	02.08.2025 09:30:35	0,80	5,92	30,92	26,59	1448,12
757	02.08.2025 09:30:36	0,80	5,90	30,88	26,56	1448,07
758	02.08.2025 09:30:37	0,80	5,90	30,92	26,59	1448,12
759	02.08.2025 09:30:38	0,80	5,90	30,92	26,59	1448,12
760	02.08.2025 09:30:39	0,80	5,90	30,92	26,59	1448,12
761	02.08.2025 09:30:40	0,80	5,90	30,92	26,59	1448,12
762	02.08.2025 09:30:41	0,80	5,90	30,92	26,59	1448,12
763	02.08.2025 09:30:42	0,80	5,92	30,92	26,59	1448,12
764	02.08.2025 09:30:43	0,80	5,90	30,92	26,59	1448,12
765	02.08.2025 09:30:44	0,80	5,90	30,92	26,59	1448,12
766	02.08.2025 09:30:45	0,80	5,92	30,92	26,59	1448,12
767	02.08.2025 09:30:46	0,80	5,92	30,92	26,59	1448,12
768	02.08.2025 09:30:47	0,80	5,90	30,92	26,59	1448,12
769	02.08.2025 09:30:48	0,80	5,90	30,92	26,59	1448,12
770	02.08.2025 09:30:49	0,80	5,90	30,92	26,59	1448,12
771	02.08.2025 09:30:50	0,80	5,92	30,92	26,59	1448,12
772	02.08.2025 09:30:51	0,80	5,92	30,92	26,59	1448,12
773	02.08.2025 09:30:52	0,80	5,92	30,92	26,59	1448,12
774	02.08.2025 09:30:53	0,80	5,90	30,92	26,59	1448,12
775	02.08.2025 09:30:54	0,80	5,90	30,92	26,59	1448,12
776	02.08.2025 09:30:55	0,80	5,90	30,92	26,59	1448,12
777	02.08.2025 09:30:56	0,80	5,92	30,92	26,59	1448,12
778	02.08.2025 09:30:57	0,80	5,92	30,92	26,59	1448,12
779	02.08.2025 09:30:58	0,80	5,90	30,92	26,59	1448,12
780	02.08.2025 09:30:59	0,80	5,92	30,92	26,59	1448,12
781	02.08.2025 09:31:00	0,80	5,92	30,92	26,59	1448,12
782	02.08.2025 09:31:01	0,80	5,92	30,92	26,59	1448,12
783	02.08.2025 09:31:02	0,80	5,90	30,92	26,59	1448,12
784	02.08.2025 09:31:03	0,80	5,92	30,92	26,59	1448,12
785	02.08.2025 09:31:04	0,80	5,92	30,92	26,59	1448,12
786	02.08.2025 09:31:05	0,80	5,92	30,92	26,59	1448,12
787	02.08.2025 09:31:06	0,80	5,92	30,92	26,59	1448,12
788	02.08.2025 09:31:07	0,80	5,92	30,92	26,59	1448,12
789	02.08.2025 09:31:08	0,80	5,92	30,92	26,59	1448,12
790	02.08.2025 09:31:09	0,80	5,92	30,92	26,59	1448,12
791	02.08.2025 09:31:10	0,80	5,93	30,92	26,59	1448,12
792	02.08.2025 09:31:11	0,80	5,92	30,92	26,59	1448,12
793	02.08.2025 09:31:12	0,80	5,92	30,92	26,59	1448,12
794	02.08.2025 09:31:13	0,80	5,93	30,92	26,59	1448,12
795	02.08.2025 09:31:14	0,80	5,92	30,92	26,59	1448,12
796	02.08.2025 09:31:15	0,80	5,92	30,92	26,59	1448,12
797	02.08.2025 09:31:16	0,80	5,92	30,92	26,59	1448,12
798	02.08.2025 09:31:17	0,80	5,92	30,92	26,59	1448,12
799	02.08.2025 09:31:18	0,80	5,93	30,92	26,59	1448,12
800	02.08.2025 09:31:19	0,80	5,93	30,92	26,59	1448,12
801	02.08.2025 09:31:20	0,80	5,92	30,92	26,59	1448,12
802	02.08.2025 09:31:21	0,80	5,92	30,92	26,59	1448,12
803	02.08.2025 09:31:22	0,80	5,92	30,92	26,59	1448,12
804	02.08.2025 09:31:23	0,80	5,92	30,92	26,59	1448,12
805	02.08.2025 09:31:24	0,80	5,92	30,92	26,59	1448,12
806	02.08.2025 09:31:25	0,80	5,92	30,88	26,56	1448,07
807	02.08.2025 09:31:26	0,80	5,92	30,92	26,59	1448,12
808	02.08.2025 09:31:27	0,80	5,92	30,92	26,59	1448,12
809	02.08.2025 09:31:28	0,80	5,92	30,92	26,59	1448,12
810	02.08.2025 09:31:29	0,80	5,92	30,92	26,59	1448,12
811	02.08.2025 09:31:30	0,80	5,90	30,92	26,59	1448,12
812	02.08.2025 09:31:31	0,80	5,92	30,92	26,59	1448,12
813	02.08.2025 09:31:32	0,80	5,92	30,92	26,59	1448,12
814	02.08.2025 09:31:33	0,80	5,92	30,92	26,59	1448,12
815	02.08.2025 09:31:34	0,80	5,92	30,92	26,59	1448,12
816	02.08.2025 09:31:35	0,80	5,93	30,92	26,59	1448,12
817	02.08.2025 09:31:36	0,80	5,93	30,92	26,59	1448,12
818	02.08.2025 09:31:37	0,80	5,93	30,92	26,59	1448,12
819	02.08.2025 09:31:38	0,80	5,95	30,92	26,59	1448,13
820	02.08.2025 09:31:39	0,80	5,95	30,92	26,59	1448,13
821	02.08.2025 09:31:40	0,80	5,95	30,92	26,59	1448,13
822	02.08.2025 09:31:41	0,80	5,95	30,92	26,59	1448,13
823	02.08.2025 09:31:42	0,80	5,95	30,92	26,59	1448,13
824	02.08.2025 09:31:43	0,80	5,93	30,92	26,59	1448,12
825	02.08.2025 09:31:44	0,80	5,93	30,92	26,59	1448,12
826	02.08.2025 09:31:45	0,80	5,93	30,92	26,59	1448,12
827	02.08.2025 09:31:46	0,80	5,92	30,92	26,59	1448,12
828	02.08.2025 09:31:47	0,80	5,90	30,92	26,59	1448,12
829	02.08.2025 09:31:48	0,80	5,88	30,92	26,59	1448,11
830	02.08.2025 09:31:49	0,80	5,85	30,92	26,59	1448,11
831	02.08.2025 09:31:50	0,80	5,83	30,92	26,59	1448,11
832	02.08.2025 09:31:51	0,80	5,79	30,92	26,59	1448,10
833	02.08.2025 09:31:52	0,80	5,78	30,92	26,59	1448,10
834	02.08.2025 09:31:53	0,80	5,74	30,92	26,59	1448,09
835	02.08.2025 09:31:54	0,80	5,71	30,92	26,59	1448,09
836	02.08.2025 09:31:55	0,80	5,67	30,92	26,59	1448,08
837	02.08.2025 09:31:56	0,80	5,64	30,92	26,59	1448,08
838	02.08.2025 09:31:57	0,80	5,62	30,92	26,59	1448,07
839	02.08.2025 09:31:58	0,80	5,60	30,92	26,59	1448,07
840	02.08.2025 09:31:59	0,80	5,55	30,92	26,59	1448,06
841	02.08.2025 09:32:00	0,80	5,53	30,92	26,59	1448,06
842	02.08.2025 09:32:01	0,80	5,51	30,92	26,59	1448,06
843	02.08.2025 09:32:02	0,80	5,48	30,92	26,59	1448,05
844	02.08.2025 09:32:03	0,80	5,46	30,89	26,56	1448,00
845	02.08.2025 09:32:04	0,80	5,44	30,92	26,59	1448,05
846	02.08.2025 09:32:05	0,80	5,43	30,89	26,56	1448,00
847	02.08.2025 09:32:06	0,80	5,39	30,92	26,59	1448,04
848	02.08.2025 09:32:07	0,80	5,39	30,92	26,59	1448,04
849	02.08.2025 09:32:08	0,80	5,37	30,92	26,59	1448,04
850	02.08.2025 09:32:09	0,80	5,37	30,92	26,59	1448,04
851	02.08.2025 09:32:10	0,80	5,36	30,89	26,56	1447,99
852	02.08.2025 09:32:11	0,80	5,34	30,89	26,56	1447,99
853	02.08.2025 09:32:12	0,80	5,34	30,89	26,56	1447,99
854	02.08.2025 09:32:13	0,80	5,34	30,89	26,56	1447,99
855	02.08.2025 09:32:14	0,80	5,34	30,92	26,59	1448,03
856	02.08.2025 09:32:15	0,80	5,34	30,92	26,59	1448,03
857	02.08.2025 09:32:16	0,80	5,32	30,89	26,56	1447,98
858	02.08.2025 09:32:17	0,80	5,34	30,92	26,59	1448,03
859	02.08.2025 09:32:18	0,80	5,34	30,92	26,59	1448,03
860	02.08.2025 09:32:19	0,80	5,32	30,92	26,59	1448,03
861	02.08.2025 09:32:20	0,80	5,36	30,92	26,59	1448,03
862	02.08.2025 09:32:21	0,80	5,34	30,89	26,56	1447,99
863	02.08.2025 09:32:22	0,80	5,34	30,89	26,56	1447,99
864	02.08.2025 09:32:23	0,80	5,34	30,89	26,56	1447,99
865	02.08.2025 09:32:24	0,80	5,36	30,92	26,59	1448,03
866	02.08.2025 09:32:25	0,80	5,34	30,89	26,56	1447,99
867	02.08.2025 09:32:26	0,80	5,34	30,92	26,59	1448,03
868	02.08.2025 09:32:27	0,80	5,36	30,92	26,59	1448,03
869	02.08.2025 09:32:28	0,80	5,36	30,92	26,59	1448,03
870	02.08.2025 09:32:29	0,80	5,37	30,89	26,56	1447,99
871	02.08.2025 09:32:30	0,80	5,37	30,89	26,56	1447,99
872	02.08.2025 09:32:31	0,80	5,37	30,89	26,56	1447,99
873	02.08.2025 09:32:32	0,80	5,37	30,89	26,56	1447,99
874	02.08.2025 09:32:33	0,80	5,37	30,92	26,59	1448,04
875	02.08.2025 09:32:34	0,80	5,37	30,89	26,56	1447,99
876	02.08.2025 09:32:35	0,80	5,37	30,89	26,56	1447,99
877	02.08.2025 09:32:36	0,80	5,36	30,92	26,59	1448,03
878	02.08.2025 09:32:37	0,80	5,36	30,89	26,56	1447,99
879	02.08.2025 09:32:38	0,80	5,36	30,92	26,59	1448,03
880	02.08.2025 09:32:39	0,80	5,34	30,92	26,59	1448,03
881	02.08.2025 09:32:40	0,80	5,34	30,92	26,59	1448,03
882	02.08.2025 09:32:41	0,80	5,34	30,92	26,59	1448,03
883	02.08.2025 09:32:42	0,80	5,32	30,89	26,56	1447,98
884	02.08.2025 09:32:43	0,80	5,30	30,92	26,59	1448,03
885	02.08.2025 09:32:44	0,80	5,30	30,89	26,56	1447,98
886	02.08.2025 09:32:45	0,80	5,29	30,89	26,56	1447,98
887	02.08.2025 09:32:46	0,80	5,27	30,89	26,56	1447,97
888	02.08.2025 09:32:47	0,80	5,27	30,89	26,56	1447,97
889	02.08.2025 09:32:48	0,80	5,25	30,89	26,56	1447,97
890	02.08.2025 09:32:49	0,80	5,23	30,89	26,56	1447,97
891	02.08.2025 09:32:50	0,80	5,22	30,89	26,56	1447,97
892	02.08.2025 09:32:51	0,80	5,20	30,89	26,56	1447,96
893	02.08.2025 09:32:52	0,80	5,20	30,89	26,56	1447,96
894	02.08.2025 09:32:53	0,80	5,18	30,89	26,56	1447,96
895	02.08.2025 09:32:54	0,80	5,16	30,89	26,56	1447,96
896	02.08.2025 09:32:55	0,80	5,13	30,89	26,56	1447,95
897	02.08.2025 09:32:56	0,80	5,11	30,89	26,56	1447,95
898	02.08.2025 09:32:57	0,80	5,09	30,89	26,56	1447,95
899	02.08.2025 09:32:58	0,80	5,08	30,89	26,56	1447,94
900	02.08.2025 09:32:59	0,80	5,08	30,89	26,56	1447,94
901	02.08.2025 09:33:00	0,80	5,04	30,89	26,56	1447,94
902	02.08.2025 09:33:01	0,80	5,02	30,89	26,56	1447,94
903	02.08.2025 09:33:02	0,80	5,01	30,85	26,54	1447,89
904	02.08.2025 09:33:03	0,80	4,97	30,89	26,56	1447,93
905	02.08.2025 09:33:04	0,80	4,95	30,89	26,56	1447,93
906	02.08.2025 09:33:05	0,80	4,95	30,85	26,54	1447,88
907	02.08.2025 09:33:06	0,80	4,92	30,85	26,54	1447,87
908	02.08.2025 09:33:07	0,80	4,90	30,85	26,54	1447,87
909	02.08.2025 09:33:08	0,80	4,88	30,92	26,59	1447,96
910	02.08.2025 09:33:09	0,80	4,87	31,06	26,70	1448,14
911	02.08.2025 09:33:10	0,84	4,87	31,23	26,86	1448,54
912	02.08.2025 09:33:11	0,92	4,84	31,36	27,02	1449,06
913	02.08.2025 09:33:12	1,00	4,82	31,52	27,21	1449,63
914	02.08.2025 09:33:13	1,11	4,80	31,50	27,29	1450,14
915	02.08.2025 09:33:14	1,23	4,75	31,29	27,22	1450,37
916	02.08.2025 09:33:15	1,27	4,72	31,29	27,24	1450,54
917	02.08.2025 09:33:16	1,31	4,70	31,35	27,32	1450,80
918	02.08.2025 09:33:17	1,35	4,70	31,58	27,54	1451,28
919	02.08.2025 09:33:18	1,42	4,67	31,57	27,60	1451,61
920	02.08.2025 09:33:19	1,50	4,66	31,67	27,73	1452,08
921	02.08.2025 09:33:20	1,58	4,61	31,63	27,76	1452,36
922	02.08.2025 09:33:21	1,66	4,60	31,58	27,79	1452,64
923	02.08.2025 09:33:22	1,73	4,58	31,54	27,82	1452,93
924	02.08.2025 09:33:23	1,77	4,57	31,50	27,82	1453,05
925	02.08.2025 09:33:24	1,81	4,52	31,47	27,82	1453,16
926	02.08.2025 09:33:25	1,85	4,49	31,36	27,76	1453,19
927	02.08.2025 09:33:26	1,85	4,47	31,30	27,71	1453,10
928	02.08.2025 09:33:27	1,85	4,43	31,30	27,71	1453,10
929	02.08.2025 09:33:28	1,89	4,42	31,19	27,66	1453,13
930	02.08.2025 09:33:29	1,89	4,38	31,09	27,58	1452,99
931	02.08.2025 09:33:30	1,85	4,36	31,06	27,52	1452,78
932	02.08.2025 09:33:31	1,85	4,33	30,97	27,44	1452,64
933	02.08.2025 09:33:32	1,85	4,31	30,97	27,44	1452,64
934	02.08.2025 09:33:33	1,85	4,29	31,00	27,47	1452,68
935	02.08.2025 09:33:34	1,85	4,28	31,07	27,52	1452,76
936	02.08.2025 09:33:35	1,89	4,24	31,03	27,52	1452,88
937	02.08.2025 09:33:36	1,89	4,19	30,86	27,39	1452,65
938	02.08.2025 09:33:37	1,89	4,17	30,70	27,26	1452,43
939	02.08.2025 09:33:38	1,85	4,12	30,43	27,01	1451,90
940	02.08.2025 09:33:39	1,77	4,10	30,34	26,88	1451,44
941	02.08.2025 09:33:40	1,70	4,09	30,44	26,90	1451,23
942	02.08.2025 09:33:41	1,66	4,09	30,68	27,06	1451,37
943	02.08.2025 09:33:42	1,70	4,07	30,65	27,07	1451,49
944	02.08.2025 09:33:43	1,70	4,02	30,61	27,04	1451,44
945	02.08.2025 09:33:44	1,73	3,99	30,54	27,01	1451,51
946	02.08.2025 09:33:45	1,73	3,99	30,51	26,99	1451,47
947	02.08.2025 09:33:46	1,73	3,95	30,51	26,99	1451,46
948	02.08.2025 09:33:47	1,73	3,92	30,48	26,96	1451,41
949	02.08.2025 09:33:48	1,77	3,87	30,47	26,99	1451,57
950	02.08.2025 09:33:49	1,77	3,85	30,54	27,04	1451,66
951	02.08.2025 09:33:50	1,81	3,85	30,57	27,09	1451,87
952	02.08.2025 09:33:51	1,85	3,78	30,53	27,09	1451,98
953	02.08.2025 09:33:52	1,89	3,77	30,53	27,12	1452,15
954	02.08.2025 09:33:53	1,89	3,73	30,57	27,15	1452,19
955	02.08.2025 09:33:54	1,93	3,70	30,53	27,15	1452,30
956	02.08.2025 09:33:55	1,96	3,69	30,56	27,20	1452,51
957	02.08.2025 09:33:56	1,96	3,63	30,56	27,21	1452,50
958	02.08.2025 09:33:57	2,00	3,62	30,59	27,26	1452,71
959	02.08.2025 09:33:58	2,04	3,58	30,59	27,29	1452,87
960	02.08.2025 09:33:59	2,08	3,57	30,65	27,37	1453,12
961	02.08.2025 09:34:00	2,12	3,54	30,72	27,45	1453,37
962	02.08.2025 09:34:01	2,19	3,49	30,71	27,50	1453,69
963	02.08.2025 09:34:02	2,23	3,45	30,71	27,53	1453,85
964	02.08.2025 09:34:03	2,27	3,44	30,67	27,53	1453,96
965	02.08.2025 09:34:04	2,34	3,41	30,60	27,54	1454,20
966	02.08.2025 09:34:05	2,34	3,36	30,60	27,54	1454,19
967	02.08.2025 09:34:06	2,38	3,32	30,57	27,54	1454,31
968	02.08.2025 09:34:07	2,42	3,29	30,56	27,56	1454,46
969	02.08.2025 09:34:08	2,42	3,27	30,66	27,64	1454,59
970	02.08.2025 09:34:09	2,46	3,22	30,63	27,64	1454,70
971	02.08.2025 09:34:10	2,50	3,21	30,59	27,65	1454,82
972	02.08.2025 09:34:11	2,53	3,17	30,52	27,62	1454,89
973	02.08.2025 09:34:12	2,53	3,14	30,49	27,59	1454,84
974	02.08.2025 09:34:13	2,57	3,12	30,49	27,62	1455,00
975	02.08.2025 09:34:14	2,57	3,09	30,49	27,62	1455,00
976	02.08.2025 09:34:15	2,61	3,04	30,42	27,59	1455,06
977	02.08.2025 09:34:16	2,61	3,00	30,46	27,62	1455,10
978	02.08.2025 09:34:17	2,65	2,99	30,42	27,62	1455,22
979	02.08.2025 09:34:18	2,65	2,93	30,49	27,68	1455,30
980	02.08.2025 09:34:19	2,68	2,90	30,48	27,70	1455,45
981	02.08.2025 09:34:20	2,72	2,87	30,58	27,81	1455,74
982	02.08.2025 09:34:21	2,76	2,85	30,71	27,95	1456,06
983	02.08.2025 09:34:22	2,84	2,79	30,61	27,92	1456,25
984	02.08.2025 09:34:23	2,91	2,75	30,66	28,03	1456,64
985	02.08.2025 09:34:24	2,98	2,69	30,60	28,03	1456,87
986	02.08.2025 09:34:25	3,02	2,69	30,66	28,11	1457,11
987	02.08.2025 09:34:26	3,10	2,64	30,65	28,17	1457,42
988	02.08.2025 09:34:27	3,13	2,61	30,68	28,22	1457,61
989	02.08.2025 09:34:28	3,21	2,58	30,65	28,25	1457,88
990	02.08.2025 09:34:29	3,25	2,53	30,65	28,28	1458,03
991	02.08.2025 09:34:30	3,28	2,49	30,61	28,28	1458,14
992	02.08.2025 09:34:31	3,32	2,48	30,67	28,36	1458,38
993	02.08.2025 09:34:32	3,39	2,45	30,67	28,42	1458,68
994	02.08.2025 09:34:33	3,47	2,40	30,66	28,47	1458,99
995	02.08.2025 09:34:34	3,50	2,38	30,73	28,55	1459,22
996	02.08.2025 09:34:35	3,58	2,35	30,79	28,66	1459,61
997	02.08.2025 09:34:36	3,69	2,34	30,94	28,88	1460,28
998	02.08.2025 09:34:37	3,80	2,31	31,03	29,04	1460,85
999	02.08.2025 09:34:38	3,95	2,27	30,96	29,10	1461,37
1000	02.08.2025 09:34:39	4,06	2,22	30,95	29,18	1461,82
1001	02.08.2025 09:34:40	4,20	2,19	31,00	29,35	1462,50
1002	02.08.2025 09:34:41	4,31	2,18	31,15	29,56	1463,15
1003	02.08.2025 09:34:42	4,45	2,13	31,18	29,70	1463,78
1004	02.08.2025 09:34:43	4,60	2,09	31,04	29,70	1464,20
1005	02.08.2025 09:34:44	4,71	2,04	30,79	29,57	1464,32
1006	02.08.2025 09:34:45	4,78	2,01	30,79	29,63	1464,61
1007	02.08.2025 09:34:46	4,85	2,01	30,88	29,76	1465,02
1008	02.08.2025 09:34:47	4,96	1,98	30,99	29,95	1465,61
1009	02.08.2025 09:34:48	5,10	1,96	31,17	30,22	1466,42
1010	02.08.2025 09:34:49	5,31	1,95	31,13	30,36	1467,24
1011	02.08.2025 09:34:50	5,49	1,90	31,85	31,14	1468,87
1012	02.08.2025 09:34:51	5,81	1,99	32,42	31,92	1470,91
1013	02.08.2025 09:34:52	6,26	1,84	31,74	31,70	1471,84
1014	02.08.2025 09:34:53	6,58	1,75	31,11	31,38	1472,26
1015	02.08.2025 09:34:54	6,75	1,69	31,11	31,52	1472,93
1016	02.08.2025 09:34:55	6,92	1,69	31,45	31,98	1474,04
1017	02.08.2025 09:34:56	7,13	1,65	31,99	32,65	1475,53
1018	02.08.2025 09:34:57	7,43	1,72	32,17	33,09	1476,96
1019	02.08.2025 09:34:58	7,81	1,65	32,01	33,26	1478,19
1020	02.08.2025 09:34:59	8,15	1,58	31,74	33,29	1479,13
1021	02.08.2025 09:35:00	8,35	1,54	31,60	33,33	1479,70
1022	02.08.2025 09:35:01	8,58	1,49	31,37	33,31	1480,29
1023	02.08.2025 09:35:02	8,78	1,47	31,03	33,15	1480,62
1024	02.08.2025 09:35:03	8,91	1,44	30,64	32,89	1480,63
1025	02.08.2025 09:35:04	9,01	1,46	30,48	32,81	1480,80
1026	02.08.2025 09:35:05	9,11	1,45	30,40	32,81	1481,07
1027	02.08.2025 09:35:06	9,21	1,45	30,40	32,90	1481,44
1028	02.08.2025 09:35:07	9,31	1,46	30,51	33,09	1481,94
1029	02.08.2025 09:35:08	9,44	1,48	30,67	33,36	1482,64
1030	02.08.2025 09:35:09	9,64	1,48	30,70	33,55	1483,39
1031	02.08.2025 09:35:10	9,87	1,49	30,78	33,82	1484,34
1032	02.08.2025 09:35:11	10,06	1,46	30,72	33,93	1484,98
1033	02.08.2025 09:35:12	10,29	1,44	30,67	34,08	1485,74
1034	02.08.2025 09:35:13	10,45	1,43	30,70	34,24	1486,35
1035	02.08.2025 09:35:14	10,68	1,40	30,54	34,27	1486,97
1036	02.08.2025 09:35:15	10,84	1,37	30,47	34,33	1487,45
1037	02.08.2025 09:35:16	10,97	1,36	30,73	34,71	1488,23
1038	02.08.2025 09:35:17	11,22	1,50	31,33	35,54	1489,89
1039	02.08.2025 09:35:18	11,67	1,43	31,38	35,98	1491,51
1040	02.08.2025 09:35:19	12,08	1,36	31,30	36,26	1492,83
1041	02.08.2025 09:35:20	12,43	1,27	31,13	36,38	1493,80
1042	02.08.2025 09:35:21	12,71	1,22	31,05	36,54	1494,66
1043	02.08.2025 09:35:22	12,96	1,18	30,95	36,66	1495,39
1044	02.08.2025 09:35:23	13,18	1,15	30,86	36,74	1496,00
1045	02.08.2025 09:35:24	13,40	1,11	30,74	36,80	1496,58
1046	02.08.2025 09:35:25	13,55	1,08	30,64	36,83	1496,97
1047	02.08.2025 09:35:26	13,71	1,05	30,54	36,87	1497,37
1048	02.08.2025 09:35:27	13,86	1,04	30,42	36,87	1497,74
1049	02.08.2025 09:35:28	13,99	1,02	30,33	36,87	1498,03
1050	02.08.2025 09:35:29	14,08	1,00	30,26	36,87	1498,25
1051	02.08.2025 09:35:30	14,20	0,99	30,17	36,88	1498,54
1052	02.08.2025 09:35:31	14,30	0,96	30,10	36,88	1498,75
1053	02.08.2025 09:35:32	14,39	0,95	30,03	36,88	1498,97
1054	02.08.2025 09:35:33	14,51	0,92	29,93	36,89	1499,25
1055	02.08.2025 09:35:34	14,60	0,92	29,87	36,89	1499,47
1056	02.08.2025 09:35:35	14,70	0,89	29,80	36,89	1499,68
1057	02.08.2025 09:35:36	14,76	0,88	29,75	36,89	1499,83
1058	02.08.2025 09:35:37	14,85	0,85	29,66	36,87	1500,01
1059	02.08.2025 09:35:38	14,91	0,83	29,62	36,87	1500,15
1060	02.08.2025 09:35:39	15,00	0,84	29,55	36,87	1500,37
1061	02.08.2025 09:35:40	15,06	0,80	29,50	36,87	1500,51
1062	02.08.2025 09:35:41	15,12	0,79	29,46	36,87	1500,65
1063	02.08.2025 09:35:42	15,22	0,76	29,39	36,88	1500,86
1064	02.08.2025 09:35:43	15,28	0,78	29,37	36,91	1501,03
1065	02.08.2025 09:35:44	15,34	0,75	29,33	36,91	1501,17
1066	02.08.2025 09:35:45	15,40	0,75	29,31	36,94	1501,34
1067	02.08.2025 09:35:46	15,49	0,72	29,24	36,94	1501,55
1068	02.08.2025 09:35:47	15,55	0,72	29,20	36,94	1501,69
1069	02.08.2025 09:35:48	15,61	0,69	29,16	36,94	1501,82
1070	02.08.2025 09:35:49	15,67	0,67	29,11	36,94	1501,96
1071	02.08.2025 09:35:50	15,73	0,66	29,07	36,94	1502,10
1072	02.08.2025 09:35:51	15,79	0,64	29,03	36,94	1502,24
1073	02.08.2025 09:35:52	15,85	0,63	28,98	36,95	1502,38
1074	02.08.2025 09:35:53	15,91	0,62	28,92	36,92	1502,49
1075	02.08.2025 09:35:54	15,94	0,60	28,89	36,92	1502,55
1076	02.08.2025 09:35:55	16,01	0,58	28,85	36,92	1502,69
1077	02.08.2025 09:35:56	16,04	0,57	28,83	36,92	1502,76
1078	02.08.2025 09:35:57	16,10	0,55	28,79	36,93	1502,90
1079	02.08.2025 09:35:58	16,13	0,56	28,77	36,93	1502,97
1080	02.08.2025 09:35:59	16,19	0,54	28,77	36,98	1503,16
1081	02.08.2025 09:36:00	16,25	0,54	28,73	36,98	1503,30
1082	02.08.2025 09:36:01	16,31	0,51	28,78	37,09	1503,54
1083	02.08.2025 09:36:02	16,34	0,50	28,71	37,04	1503,55
1084	02.08.2025 09:36:03	16,40	0,48	28,72	37,09	1503,74
1085	02.08.2025 09:36:04	16,46	0,44	28,61	37,01	1503,79
1086	02.08.2025 09:36:05	16,49	0,41	28,68	37,12	1503,96
1087	02.08.2025 09:36:06	16,52	0,44	28,65	37,12	1504,04
1088	02.08.2025 09:36:07	16,58	0,39	28,59	37,10	1504,14
1089	02.08.2025 09:36:08	16,61	0,37	28,57	37,10	1504,21
1090	02.08.2025 09:36:09	16,67	0,36	28,55	37,13	1504,37
1091	02.08.2025 09:36:10	16,70	0,34	28,53	37,13	1504,43
1092	02.08.2025 09:36:11	16,73	0,30	28,46	37,07	1504,44
1093	02.08.2025 09:36:12	16,79	0,30	28,38	37,02	1504,53
1094	02.08.2025 09:36:13	16,79	0,30	28,45	37,10	1504,61
1095	02.08.2025 09:36:14	16,85	0,27	28,40	37,10	1504,74
1096	02.08.2025 09:36:15	16,91	0,23	28,36	37,11	1504,87
1097	02.08.2025 09:36:16	16,94	0,25	28,39	37,16	1504,99
1098	02.08.2025 09:36:17	16,94	0,20	28,32	37,08	1504,91
1099	02.08.2025 09:36:18	16,97	0,22	28,21	36,97	1504,87
1100	02.08.2025 09:36:19	17,00	0,22	28,39	37,21	1505,18
1101	02.08.2025 09:36:20	17,03	0,18	28,28	37,11	1505,13
1102	02.08.2025 09:36:21	17,09	0,15	28,22	37,08	1505,24
1103	02.08.2025 09:36:22	17,12	0,16	28,33	37,24	1505,47
1104	02.08.2025 09:36:23	17,18	0,15	28,31	37,27	1505,62
1105	02.08.2025 09:36:24	17,24	0,09	28,14	37,11	1505,59
1106	02.08.2025 09:36:25	17,24	0,08	28,18	37,17	1505,64
1107	02.08.2025 09:36:26	17,27	0,08	28,28	37,30	1505,84
1108	02.08.2025 09:36:27	17,30	0,04	28,08	37,09	1505,70
1109	02.08.2025 09:36:28	17,30	0,04	28,05	37,06	1505,67
1110	02.08.2025 09:36:29	17,33	0,06	28,08	37,12	1505,79
1111	02.08.2025 09:36:30	17,33	0,04	28,21	37,28	1505,95
1112	02.08.2025 09:36:31	17,39	0,04	28,20	37,30	1506,11
1113	02.08.2025 09:36:32	17,45	0,00	28,18	37,33	1506,26
1114	02.08.2025 09:36:33	17,48	0,00	28,16	37,33	1506,33
1115	02.08.2025 09:36:34	17,51	-0,01	28,09	37,28	1506,34
1116	02.08.2025 09:36:35	17,54	-0,03	28,10	37,31	1506,43
1117	02.08.2025 09:36:36	17,57	-0,03	28,08	37,31	1506,50
1118	02.08.2025 09:36:37	17,57	-0,03	28,10	37,34	1506,52
1119	02.08.2025 09:36:38	17,60	-0,03	28,08	37,34	1506,59
1120	02.08.2025 09:36:39	17,63	-0,05	28,06	37,34	1506,65
1121	02.08.2025 09:36:40	17,66	-0,03	28,02	37,31	1506,70
1122	02.08.2025 09:36:41	17,69	-0,01	28,00	37,31	1506,77
1123	02.08.2025 09:36:42	17,69	-0,03	28,02	37,34	1506,79
1124	02.08.2025 09:36:43	17,72	-0,01	27,98	37,31	1506,83
1125	02.08.2025 09:36:44	17,72	-0,03	27,93	37,26	1506,78
1126	02.08.2025 09:36:45	17,75	-0,03	27,96	37,31	1506,90
1127	02.08.2025 09:36:46	17,75	-0,05	27,96	37,31	1506,90
1128	02.08.2025 09:36:47	17,78	-0,03	27,94	37,31	1506,97
1129	02.08.2025 09:36:48	17,78	-0,01	27,94	37,31	1506,97
1130	02.08.2025 09:36:49	17,81	-0,03	27,94	37,34	1507,06
1131	02.08.2025 09:36:50	17,81	-0,03	27,92	37,31	1507,03
1132	02.08.2025 09:36:51	17,84	-0,03	27,90	37,31	1507,10
1133	02.08.2025 09:36:52	17,84	-0,03	27,87	37,29	1507,07
1134	02.08.2025 09:36:53	17,87	-0,03	27,85	37,29	1507,14
1135	02.08.2025 09:36:54	17,87	-0,03	27,85	37,29	1507,14
1136	02.08.2025 09:36:55	17,87	-0,05	27,85	37,29	1507,14
1137	02.08.2025 09:36:56	17,90	-0,03	27,81	37,26	1507,18
1138	02.08.2025 09:36:57	17,90	-0,03	27,81	37,26	1507,18
1139	02.08.2025 09:36:58	17,90	-0,03	27,83	37,29	1507,21
1140	02.08.2025 09:36:59	17,93	-0,03	27,81	37,29	1507,27
1141	02.08.2025 09:37:00	17,93	-0,03	27,81	37,29	1507,27
1142	02.08.2025 09:37:01	17,96	-0,03	27,82	37,32	1507,36
1143	02.08.2025 09:37:02	17,96	-0,01	27,82	37,32	1507,37
1144	02.08.2025 09:37:03	17,96	-0,03	27,82	37,32	1507,36
1145	02.08.2025 09:37:04	17,99	-0,03	27,75	37,26	1507,38
1146	02.08.2025 09:37:05	17,99	-0,01	27,75	37,26	1507,38
1147	02.08.2025 09:37:06	17,99	-0,03	27,78	37,29	1507,41
1148	02.08.2025 09:37:07	17,99	-0,03	27,78	37,29	1507,41
1149	02.08.2025 09:37:08	18,02	-0,01	27,76	37,29	1507,47
1150	02.08.2025 09:37:09	18,02	-0,01	27,76	37,29	1507,47
1151	02.08.2025 09:37:10	18,05	-0,01	27,74	37,29	1507,54
1152	02.08.2025 09:37:11	18,05	-0,01	27,74	37,29	1507,54
1153	02.08.2025 09:37:12	18,05	-0,01	27,76	37,32	1507,57
1154	02.08.2025 09:37:13	18,08	0,00	27,72	37,29	1507,61
1155	02.08.2025 09:37:14	18,08	-0,01	27,72	37,29	1507,61
1156	02.08.2025 09:37:15	18,08	-0,01	27,72	37,29	1507,61
1157	02.08.2025 09:37:16	18,08	0,00	27,72	37,29	1507,61
1158	02.08.2025 09:37:17	18,08	0,00	27,72	37,29	1507,61
1159	02.08.2025 09:37:18	18,08	-0,01	27,72	37,29	1507,61
1160	02.08.2025 09:37:19	18,11	-0,03	27,70	37,29	1507,67
1161	02.08.2025 09:37:20	18,11	-0,03	27,70	37,29	1507,67
1162	02.08.2025 09:37:21	18,11	-0,01	27,70	37,29	1507,67
1163	02.08.2025 09:37:22	18,11	-0,01	27,70	37,29	1507,67
1164	02.08.2025 09:37:23	18,14	-0,01	27,68	37,29	1507,74
1165	02.08.2025 09:37:24	18,14	-0,01	27,68	37,29	1507,74
1166	02.08.2025 09:37:25	18,14	-0,01	27,68	37,29	1507,74
1167	02.08.2025 09:37:26	18,14	-0,03	27,68	37,29	1507,74
1168	02.08.2025 09:37:27	18,14	-0,01	27,66	37,27	1507,71
1169	02.08.2025 09:37:28	18,14	-0,03	27,30	36,84	1507,30
1170	02.08.2025 09:37:29	18,17	-0,03	27,57	37,19	1507,70
1171	02.08.2025 09:37:30	18,17	-0,05	27,66	37,30	1507,80
1172	02.08.2025 09:37:31	18,17	-0,05	27,55	37,16	1507,67
1173	02.08.2025 09:37:32	18,17	-0,03	27,68	37,32	1507,83
1174	02.08.2025 09:37:33	18,20	-0,03	27,66	37,32	1507,89
1175	02.08.2025 09:37:34	18,20	-0,03	27,64	37,30	1507,87
1176	02.08.2025 09:37:35	18,20	-0,03	27,66	37,32	1507,89
1177	02.08.2025 09:37:36	18,20	-0,05	27,66	37,32	1507,89
1178	02.08.2025 09:37:37	18,20	-0,05	21,65	29,91	1500,96
1179	02.08.2025 09:37:38	18,20	-0,05	21,61	29,85	1500,91
1180	02.08.2025 09:37:39	18,20	-0,05	21,87	30,18	1501,21
1181	02.08.2025 09:37:40	18,20	-0,05	17,03	24,04	1495,63
1182	02.08.2025 09:37:41	18,20	-0,03	17,10	24,12	1495,71
1183	02.08.2025 09:37:42	18,20	-0,05	17,14	24,17	1495,75
1184	02.08.2025 09:37:43	18,17	-0,05	12,18	17,66	1489,94
1185	02.08.2025 09:37:44	18,17	-0,03	3,58	5,67	1480,02
1186	02.08.2025 09:37:45	18,17	-0,03	3,64	5,76	1480,09
1187	02.08.2025 09:37:46	18,17	-0,05	4,41	6,88	1480,97
1188	02.08.2025 09:37:47	18,17	-0,05	4,25	6,65	1480,79
1189	02.08.2025 09:37:48	18,17	-0,05	2,08	3,41	1478,29
1190	02.08.2025 09:37:49	18,17	-0,05	4,50	7,03	1481,08
1191	02.08.2025 09:37:50	18,14	-0,03	2,33	3,78	1478,48
1192	02.08.2025 09:37:51	18,14	-0,03	2,44	3,95	1478,61
1193	02.08.2025 09:37:52	18,14	-0,05	1,65	2,73	1477,69
1194	02.08.2025 09:37:53	18,14	-0,05	2,07	3,38	1478,18
1195	02.08.2025 09:37:54	18,14	-0,05	0,79	1,35	1476,70
1196	02.08.2025 09:37:55	18,14	-0,05	3,37	5,35	1479,68
1197	02.08.2025 09:37:56	18,14	-0,03	1,10	1,85	1477,06
1198	02.08.2025 09:37:57	18,14	-0,05	1,10	1,85	1477,05
1199	02.08.2025 09:37:58	18,14	-0,03	3,99	6,28	1480,40
1200	02.08.2025 09:37:59	18,14	-0,03	3,43	5,44	1479,75
1201	02.08.2025 09:38:00	18,11	-0,05	2,14	3,49	1478,17
1202	02.08.2025 09:38:01	18,11	-0,03	2,82	4,52	1478,95
1203	02.08.2025 09:38:02	18,11	-0,03	3,12	4,98	1479,30
1204	02.08.2025 09:38:03	18,11	-0,03	0,31	0,54	1476,05
1205	02.08.2025 09:38:04	18,11	-0,03	0,27	0,49	1476,01
1206	02.08.2025 09:38:05	18,11	-0,05	0,23	0,40	1475,95
1207	02.08.2025 09:38:06	18,11	-0,03	0,23	0,40	1475,96
1208	02.08.2025 09:38:07	18,08	-0,03	0,21	0,38	1475,84
1209	02.08.2025 09:38:08	18,08	-0,05	0,19	0,35	1475,82
1210	02.08.2025 09:38:09	18,08	-0,03	0,18	0,32	1475,81
1211	02.08.2025 09:38:10	18,08	-0,03	0,18	0,32	1475,81
1212	02.08.2025 09:38:11	18,08	-0,03	0,18	0,32	1475,81
1213	02.08.2025 09:38:12	18,08	-0,05	0,18	0,32	1475,80
1214	02.08.2025 09:38:13	18,08	-0,05	0,18	0,32	1475,80
1215	02.08.2025 09:38:14	18,05	-0,03	0,19	0,35	1475,73
1216	02.08.2025 09:38:15	18,05	-0,03	0,19	0,35	1475,73
1217	02.08.2025 09:38:16	18,05	-0,03	0,18	0,32	1475,71
1218	02.08.2025 09:38:17	18,05	-0,05	0,18	0,32	1475,71
1219	02.08.2025 09:38:18	18,05	-0,03	0,18	0,32	1475,71
1220	02.08.2025 09:38:19	18,05	-0,03	0,16	0,29	1475,69
1221	02.08.2025 09:38:20	18,05	-0,03	0,15	0,27	1475,67
1222	02.08.2025 09:38:21	18,05	-0,03	0,15	0,27	1475,67
1223	02.08.2025 09:38:22	18,05	-0,03	0,15	0,27	1475,67
1224	02.08.2025 09:38:23	18,02	-0,03	0,13	0,24	1475,56
1225	02.08.2025 09:38:24	18,02	-0,03	0,13	0,24	1475,56
1226	02.08.2025 09:38:25	18,02	-0,03	0,15	0,27	1475,58
1227	02.08.2025 09:38:26	18,02	-0,03	0,13	0,24	1475,56
1228	02.08.2025 09:38:27	18,02	-0,03	0,13	0,24	1475,56
1229	02.08.2025 09:38:28	18,02	-0,03	0,13	0,24	1475,56
1230	02.08.2025 09:38:29	18,02	-0,03	0,15	0,27	1475,58
1231	02.08.2025 09:38:30	18,02	-0,03	0,13	0,24	1475,56
1232	02.08.2025 09:38:31	18,02	-0,03	0,13	0,24	1475,56
1233	02.08.2025 09:38:32	17,99	-0,05	0,20	0,35	1475,53
1234	02.08.2025 09:38:33	17,99	-0,05	0,18	0,32	1475,51
1235	02.08.2025 09:38:34	17,99	-0,05	0,18	0,32	1475,51
1236	02.08.2025 09:38:35	17,99	-0,05	0,18	0,32	1475,51
1237	02.08.2025 09:38:36	17,99	-0,05	0,20	0,35	1475,53
1238	02.08.2025 09:38:37	17,99	-0,05	0,20	0,35	1475,53
1239	02.08.2025 09:38:38	17,99	-0,05	0,18	0,32	1475,51
1240	02.08.2025 09:38:39	17,99	-0,05	0,18	0,32	1475,51
1241	02.08.2025 09:38:40	17,99	-0,03	0,18	0,32	1475,51
1242	02.08.2025 09:38:41	17,96	-0,05	0,18	0,32	1475,41
1243	02.08.2025 09:38:42	17,96	-0,05	0,18	0,32	1475,41
1244	02.08.2025 09:38:43	17,96	-0,05	0,18	0,32	1475,41
1245	02.08.2025 09:38:44	17,96	-0,05	0,18	0,32	1475,41
1246	02.08.2025 09:38:45	17,96	-0,05	0,18	0,32	1475,41
1247	02.08.2025 09:38:46	17,96	-0,05	0,16	0,29	1475,40
1248	02.08.2025 09:38:47	17,96	-0,05	0,18	0,32	1475,41
1249	02.08.2025 09:38:48	17,96	-0,05	0,18	0,32	1475,41
1250	02.08.2025 09:38:49	17,96	-0,05	0,18	0,32	1475,41
1251	02.08.2025 09:38:50	17,96	-0,05	0,18	0,32	1475,41
1252	02.08.2025 09:38:51	17,96	-0,05	0,16	0,29	1475,40
1253	02.08.2025 09:38:52	17,96	-0,03	0,16	0,29	1475,40
1254	02.08.2025 09:38:53	17,93	-0,05	0,16	0,29	1475,30
1255	02.08.2025 09:38:54	17,93	-0,05	0,16	0,29	1475,30
1256	02.08.2025 09:38:55	17,93	-0,05	0,16	0,29	1475,30
1257	02.08.2025 09:38:56	17,93	-0,05	0,16	0,29	1475,30
1258	02.08.2025 09:38:57	17,93	-0,05	0,16	0,29	1475,30
1259	02.08.2025 09:38:58	17,93	-0,05	0,16	0,29	1475,30
1260	02.08.2025 09:38:59	17,93	-0,03	0,15	0,27	1475,28
1261	02.08.2025 09:39:00	17,93	-0,05	0,15	0,27	1475,28
1262	02.08.2025 09:39:01	17,93	-0,05	0,15	0,27	1475,28
1263	02.08.2025 09:39:02	17,93	-0,05	0,15	0,27	1475,28
1264	02.08.2025 09:39:03	17,93	-0,05	0,15	0,27	1475,28
1265	02.08.2025 09:39:04	17,93	-0,05	0,15	0,27	1475,28
1266	02.08.2025 09:39:05	17,93	-0,03	0,15	0,27	1475,28
1267	02.08.2025 09:39:06	17,93	-0,05	0,15	0,27	1475,28
1268	02.08.2025 09:39:07	17,93	-0,03	0,15	0,27	1475,28
1269	02.08.2025 09:39:08	17,90	-0,03	0,15	0,27	1475,19
1270	02.08.2025 09:39:09	17,90	-0,05	0,15	0,27	1475,18
1271	02.08.2025 09:39:10	17,90	-0,05	0,15	0,27	1475,18
1272	02.08.2025 09:39:11	17,90	-0,05	0,15	0,27	1475,18
1273	02.08.2025 09:39:12	17,90	-0,05	0,15	0,27	1475,18
1274	02.08.2025 09:39:13	17,90	-0,05	0,15	0,27	1475,18
1275	02.08.2025 09:39:14	17,90	-0,05	0,15	0,27	1475,18
1276	02.08.2025 09:39:15	17,90	-0,03	0,15	0,27	1475,19
1277	02.08.2025 09:39:16	17,90	-0,03	0,15	0,27	1475,19
1278	02.08.2025 09:39:17	17,90	-0,05	0,15	0,27	1475,18
1279	02.08.2025 09:39:18	17,90	-0,05	0,15	0,27	1475,18
1280	02.08.2025 09:39:19	17,90	-0,05	0,15	0,27	1475,18
1281	02.08.2025 09:39:20	17,90	-0,05	0,15	0,27	1475,18
1282	02.08.2025 09:39:21	17,90	-0,05	0,15	0,27	1475,18
1283	02.08.2025 09:39:22	17,90	-0,05	0,15	0,27	1475,18
1284	02.08.2025 09:39:23	17,90	-0,05	0,15	0,27	1475,18
1285	02.08.2025 09:39:24	17,87	-0,05	0,15	0,27	1475,09
1286	02.08.2025 09:39:25	17,87	-0,05	0,15	0,27	1475,09
1287	02.08.2025 09:39:26	17,87	-0,05	0,15	0,27	1475,09
1288	02.08.2025 09:39:27	17,87	-0,05	0,15	0,27	1475,09
1289	02.08.2025 09:39:28	17,87	-0,03	0,15	0,27	1475,09
1290	02.08.2025 09:39:29	17,87	-0,05	0,15	0,27	1475,09
1291	02.08.2025 09:39:30	17,87	-0,03	0,15	0,27	1475,09
1292	02.08.2025 09:39:31	17,87	-0,05	0,15	0,27	1475,09
1293	02.08.2025 09:39:32	17,87	-0,05	0,15	0,27	1475,09
1294	02.08.2025 09:39:33	17,87	-0,05	0,15	0,27	1475,09
1295	02.08.2025 09:39:34	17,87	-0,03	0,15	0,27	1475,09
1296	02.08.2025 09:39:35	17,87	-0,05	0,15	0,27	1475,09
1297	02.08.2025 09:39:36	17,87	-0,07	0,15	0,27	1475,08
1298	02.08.2025 09:39:37	17,87	-0,03	0,15	0,27	1475,09
1299	02.08.2025 09:39:38	17,87	-0,05	0,15	0,27	1475,09
1300	02.08.2025 09:39:39	17,87	-0,05	0,15	0,27	1475,09
1301	02.08.2025 09:39:40	17,87	-0,05	0,15	0,27	1475,09
1302	02.08.2025 09:39:41	17,87	-0,03	0,15	0,27	1475,09
1303	02.08.2025 09:39:42	17,84	-0,03	0,15	0,27	1474,99
1304	02.08.2025 09:39:43	17,84	-0,05	0,15	0,27	1474,99
1305	02.08.2025 09:39:44	17,84	-0,03	0,15	0,27	1474,99
1306	02.08.2025 09:39:45	17,84	-0,05	0,15	0,27	1474,99
1307	02.08.2025 09:39:46	17,84	-0,05	0,15	0,27	1474,99
1308	02.08.2025 09:39:47	17,84	-0,03	0,15	0,27	1474,99
1309	02.08.2025 09:39:48	17,84	-0,05	0,15	0,27	1474,99
1310	02.08.2025 09:39:49	17,84	-0,05	0,15	0,27	1474,99
1311	02.08.2025 09:39:50	17,84	-0,05	0,15	0,27	1474,99
1312	02.08.2025 09:39:51	17,84	-0,05	0,15	0,27	1474,99
1313	02.08.2025 09:39:52	17,84	-0,05	0,15	0,27	1474,99
1314	02.08.2025 09:39:53	17,84	-0,03	0,15	0,27	1474,99
1315	02.08.2025 09:39:54	17,84	-0,05	0,15	0,27	1474,99
1316	02.08.2025 09:39:55	17,84	-0,03	0,15	0,27	1474,99
1317	02.08.2025 09:39:56	17,84	-0,05	0,15	0,27	1474,99
1318	02.08.2025 09:39:57	17,84	-0,03	0,15	0,27	1474,99
1319	02.08.2025 09:39:58	17,84	-0,05	0,15	0,27	1474,99
1320	02.08.2025 09:39:59	17,84	-0,05	0,15	0,27	1474,99
1321	02.08.2025 09:40:00	17,84	-0,03	0,15	0,27	1474,99
1322	02.08.2025 09:40:01	17,81	-0,05	0,15	0,27	1474,89
1323	02.08.2025 09:40:02	17,84	-0,05	0,15	0,27	1474,99
1324	02.08.2025 09:40:03	17,81	-0,03	0,15	0,27	1474,89
1325	02.08.2025 09:40:04	17,81	-0,05	0,13	0,24	1474,87
1326	02.08.2025 09:40:05	17,81	-0,05	0,12	0,21	1474,85
1327	02.08.2025 09:40:06	17,81	-0,03	0,12	0,21	1474,86
1328	02.08.2025 09:40:07	17,81	-0,05	0,12	0,21	1474,85
1329	02.08.2025 09:40:08	17,81	-0,03	0,12	0,21	1474,86
1330	02.08.2025 09:40:09	17,81	-0,05	0,10	0,18	1474,84
1331	02.08.2025 09:40:10	17,81	-0,03	0,10	0,18	1474,84
1332	02.08.2025 09:40:11	17,81	-0,03	0,10	0,18	1474,84
1333	02.08.2025 09:40:12	17,81	-0,03	0,10	0,18	1474,84
1334	02.08.2025 09:40:13	17,81	-0,03	0,10	0,18	1474,84
1335	02.08.2025 09:40:14	17,81	-0,05	0,10	0,18	1474,84
1336	02.08.2025 09:40:15	17,81	-0,05	0,10	0,18	1474,84
1337	02.08.2025 09:40:16	17,81	-0,03	0,10	0,18	1474,84
1338	02.08.2025 09:40:17	17,81	-0,03	0,10	0,18	1474,84
1339	02.08.2025 09:40:18	17,81	-0,05	0,10	0,18	1474,84
1340	02.08.2025 09:40:19	17,81	-0,03	0,10	0,18	1474,84
1341	02.08.2025 09:40:20	17,81	-0,03	0,12	0,21	1474,86
1342	02.08.2025 09:40:21	17,81	-0,03	0,12	0,21	1474,86
1343	02.08.2025 09:40:22	17,81	-0,05	0,12	0,21	1474,85
1344	02.08.2025 09:40:23	17,81	-0,05	0,12	0,21	1474,85
1345	02.08.2025 09:40:24	17,81	-0,05	0,12	0,21	1474,85
1346	02.08.2025 09:40:25	17,78	-0,03	0,12	0,21	1474,76
1347	02.08.2025 09:40:26	17,78	-0,03	0,13	0,24	1474,78
1348	02.08.2025 09:40:27	17,78	-0,03	0,13	0,24	1474,78
1349	02.08.2025 09:40:28	17,78	-0,03	0,13	0,24	1474,78
1350	02.08.2025 09:40:29	17,78	-0,05	0,15	0,27	1474,79
1351	02.08.2025 09:40:30	17,78	-0,03	0,13	0,24	1474,78
1352	02.08.2025 09:40:31	17,78	-0,03	0,13	0,24	1474,78
1353	02.08.2025 09:40:32	17,78	-0,05	0,13	0,24	1474,77
1354	02.08.2025 09:40:33	17,78	-0,05	0,13	0,24	1474,77
1355	02.08.2025 09:40:34	17,78	-0,05	0,13	0,24	1474,77
1356	02.08.2025 09:40:35	17,78	-0,05	0,13	0,24	1474,77
1357	02.08.2025 09:40:36	17,78	-0,03	0,13	0,24	1474,78
1358	02.08.2025 09:40:37	17,78	-0,03	0,13	0,24	1474,78
1359	02.08.2025 09:40:38	17,78	-0,03	0,13	0,24	1474,78
1360	02.08.2025 09:40:39	17,78	-0,05	0,13	0,24	1474,77
1361	02.08.2025 09:40:40	17,78	-0,05	0,13	0,24	1474,77
1362	02.08.2025 09:40:41	17,78	-0,05	0,13	0,24	1474,77
1363	02.08.2025 09:40:42	17,78	-0,05	0,13	0,24	1474,77
1364	02.08.2025 09:40:43	17,78	-0,03	0,13	0,24	1474,78
1365	02.08.2025 09:40:44	17,78	-0,05	0,15	0,27	1474,79
1366	02.08.2025 09:40:45	17,78	-0,03	0,13	0,24	1474,78
1367	02.08.2025 09:40:46	17,78	-0,03	0,13	0,24	1474,78
1368	02.08.2025 09:40:47	17,78	-0,03	0,13	0,24	1474,78
1369	02.08.2025 09:40:48	17,78	-0,03	0,13	0,24	1474,78
1370	02.08.2025 09:40:49	17,78	-0,03	0,13	0,24	1474,78
1371	02.08.2025 09:40:50	17,78	-0,05	0,13	0,24	1474,77
1372	02.08.2025 09:40:51	17,78	-0,03	0,13	0,24	1474,78
1373	02.08.2025 09:40:52	17,78	-0,05	0,13	0,24	1474,77
1374	02.08.2025 09:40:53	17,78	-0,05	0,13	0,24	1474,77
1375	02.08.2025 09:40:54	17,78	-0,03	0,13	0,24	1474,78
1376	02.08.2025 09:40:55	17,78	-0,03	0,13	0,24	1474,78
1377	02.08.2025 09:40:56	17,78	-0,05	0,13	0,24	1474,77
1378	02.08.2025 09:40:57	17,78	-0,03	0,13	0,24	1474,78
1379	02.08.2025 09:40:58	17,78	-0,05	0,13	0,24	1474,77
1380	02.08.2025 09:40:59	17,78	-0,03	0,13	0,24	1474,78
1381	02.08.2025 09:41:00	17,78	-0,05	0,13	0,24	1474,77
1382	02.08.2025 09:41:01	17,78	-0,03	0,13	0,24	1474,78
1383	02.08.2025 09:41:02	17,78	-0,03	0,15	0,27	1474,79
1384	02.08.2025 09:41:03	17,78	-0,03	0,13	0,24	1474,78
1385	02.08.2025 09:41:04	17,78	-0,05	0,13	0,24	1474,77
1386	02.08.2025 09:41:05	17,75	-0,03	0,13	0,24	1474,68
1387	02.08.2025 09:41:06	17,75	-0,03	0,13	0,24	1474,68
1388	02.08.2025 09:41:07	17,75	-0,03	0,13	0,24	1474,68
1389	02.08.2025 09:41:08	17,75	-0,03	0,13	0,24	1474,68
1390	02.08.2025 09:41:09	17,75	-0,03	0,15	0,27	1474,70
1391	02.08.2025 09:41:10	17,75	-0,05	0,13	0,24	1474,68
1392	02.08.2025 09:41:11	17,75	-0,05	0,13	0,24	1474,68
1393	02.08.2025 09:41:12	17,75	-0,03	0,13	0,24	1474,68
1394	02.08.2025 09:41:13	17,75	-0,03	0,13	0,24	1474,68
1395	02.08.2025 09:41:14	17,75	-0,05	0,13	0,24	1474,68
1396	02.08.2025 09:41:15	17,75	-0,03	0,13	0,24	1474,68
1397	02.08.2025 09:41:16	17,75	-0,03	0,12	0,21	1474,66
1398	02.08.2025 09:41:17	17,75	-0,03	0,13	0,24	1474,68
1399	02.08.2025 09:41:18	17,75	-0,03	0,13	0,24	1474,68
1400	02.08.2025 09:41:19	17,75	-0,05	0,15	0,27	1474,69
1401	02.08.2025 09:41:20	17,75	-0,03	0,13	0,24	1474,68
1402	02.08.2025 09:41:21	17,75	-0,03	0,13	0,24	1474,68
1403	02.08.2025 09:41:22	17,75	-0,03	0,15	0,27	1474,70
1404	02.08.2025 09:41:23	17,75	-0,03	0,13	0,24	1474,68
1405	02.08.2025 09:41:24	17,75	-0,03	0,15	0,27	1474,70
1406	02.08.2025 09:41:25	17,75	-0,03	0,13	0,24	1474,68
1407	02.08.2025 09:41:26	17,75	-0,03	0,13	0,24	1474,68
1408	02.08.2025 09:41:27	17,75	-0,03	0,13	0,24	1474,68
1409	02.08.2025 09:41:28	17,75	-0,05	0,13	0,24	1474,68
1410	02.08.2025 09:41:29	17,75	-0,03	0,13	0,24	1474,68
1411	02.08.2025 09:41:30	17,75	-0,03	0,13	0,24	1474,68
1412	02.08.2025 09:41:31	17,75	-0,03	0,13	0,24	1474,68
1413	02.08.2025 09:41:32	17,75	-0,05	0,13	0,24	1474,68
1414	02.08.2025 09:41:33	17,75	-0,03	0,13	0,24	1474,68
1415	02.08.2025 09:41:34	17,75	-0,05	0,15	0,27	1474,69
1416	02.08.2025 09:41:35	17,75	-0,05	0,13	0,24	1474,68
1417	02.08.2025 09:41:36	17,75	-0,03	0,13	0,24	1474,68
1418	02.08.2025 09:41:37	17,75	-0,03	0,13	0,24	1474,68
1419	02.08.2025 09:41:38	17,75	-0,03	0,13	0,24	1474,68
1420	02.08.2025 09:41:39	17,75	-0,05	0,13	0,24	1474,68
1421	02.08.2025 09:41:40	17,75	-0,03	0,13	0,24	1474,68
1422	02.08.2025 09:41:41	17,75	-0,03	0,13	0,24	1474,68
1423	02.08.2025 09:41:42	17,75	-0,03	0,13	0,24	1474,68
1424	02.08.2025 09:41:43	17,75	-0,03	0,15	0,27	1474,70
1425	02.08.2025 09:41:44	17,75	-0,05	0,13	0,24	1474,68
1426	02.08.2025 09:41:45	17,75	-0,05	0,13	0,24	1474,68
1427	02.08.2025 09:41:46	17,75	-0,05	0,13	0,24	1474,68
1428	02.08.2025 09:41:47	17,75	-0,03	0,13	0,24	1474,68
1429	02.08.2025 09:41:48	17,75	-0,05	0,13	0,24	1474,68
1430	02.08.2025 09:41:49	17,75	-0,03	0,13	0,24	1474,68
1431	02.08.2025 09:41:50	17,75	-0,03	0,13	0,24	1474,68
1432	02.08.2025 09:41:51	17,75	-0,03	0,13	0,24	1474,68
1433	02.08.2025 09:41:52	17,75	-0,05	0,13	0,24	1474,68
1434	02.08.2025 09:41:53	17,75	-0,03	0,13	0,24	1474,68
1435	02.08.2025 09:41:54	17,75	-0,03	0,13	0,24	1474,68
1436	02.08.2025 09:41:55	17,75	-0,05	0,13	0,24	1474,68
1437	02.08.2025 09:41:56	17,75	-0,05	0,13	0,24	1474,68
1438	02.08.2025 09:41:57	17,75	-0,03	0,13	0,24	1474,68
1439	02.08.2025 09:41:58	17,75	-0,05	0,13	0,24	1474,68
1440	02.08.2025 09:41:59	17,75	-0,05	0,13	0,24	1474,68
1441	02.08.2025 09:42:00	17,75	-0,03	0,15	0,27	1474,70
1442	02.08.2025 09:42:01	17,75	-0,03	0,13	0,24	1474,68
1443	02.08.2025 09:42:02	17,75	-0,05	0,13	0,24	1474,68
1444	02.08.2025 09:42:03	17,72	-0,03	0,13	0,24	1474,58
1445	02.08.2025 09:42:04	17,75	-0,05	0,13	0,24	1474,68
1446	02.08.2025 09:42:05	17,75	-0,03	0,13	0,24	1474,68
1447	02.08.2025 09:42:06	17,72	-0,05	0,13	0,24	1474,58
1448	02.08.2025 09:42:07	17,72	-0,03	0,15	0,27	1474,60
1449	02.08.2025 09:42:08	17,72	-0,03	0,13	0,24	1474,58
1450	02.08.2025 09:42:09	17,72	-0,03	0,13	0,24	1474,58
1451	02.08.2025 09:42:10	17,72	-0,05	0,13	0,24	1474,58
1452	02.08.2025 09:42:11	17,72	-0,03	0,13	0,24	1474,58
1453	02.08.2025 09:42:12	17,75	-0,05	0,13	0,24	1474,68
1454	02.08.2025 09:42:13	17,72	-0,03	0,13	0,24	1474,58
1455	02.08.2025 09:42:14	17,72	-0,05	0,13	0,24	1474,58
1456	02.08.2025 09:42:15	17,72	-0,03	0,13	0,24	1474,58
1457	02.08.2025 09:42:16	17,72	-0,05	0,13	0,24	1474,58
1458	02.08.2025 09:42:17	17,72	-0,03	0,13	0,24	1474,58
1459	02.08.2025 09:42:18	17,72	-0,03	0,13	0,24	1474,58
1460	02.08.2025 09:42:19	17,72	-0,05	0,13	0,24	1474,58
1461	02.08.2025 09:42:20	17,72	-0,03	0,13	0,24	1474,58
1462	02.08.2025 09:42:21	17,72	-0,05	0,13	0,24	1474,58
1463	02.08.2025 09:42:22	17,72	-0,03	0,13	0,24	1474,58
1464	02.08.2025 09:42:23	17,72	-0,03	0,13	0,24	1474,58
1465	02.08.2025 09:42:24	17,72	-0,03	0,13	0,24	1474,58
1466	02.08.2025 09:42:25	17,72	-0,03	0,13	0,24	1474,58
1467	02.08.2025 09:42:26	17,72	-0,01	0,13	0,24	1474,58
1468	02.08.2025 09:42:27	17,72	-0,03	0,13	0,24	1474,58
1469	02.08.2025 09:42:28	17,72	-0,03	0,13	0,24	1474,58
1470	02.08.2025 09:42:29	17,72	-0,03	0,13	0,24	1474,58
1471	02.08.2025 09:42:30	17,72	-0,03	0,13	0,24	1474,58
1472	02.08.2025 09:42:31	17,72	-0,03	0,13	0,24	1474,58
1473	02.08.2025 09:42:32	17,72	-0,05	0,13	0,24	1474,58
1474	02.08.2025 09:42:33	17,72	-0,03	0,13	0,24	1474,58
1475	02.08.2025 09:42:34	17,72	-0,05	0,13	0,24	1474,58
1476	02.08.2025 09:42:35	17,72	-0,03	0,13	0,24	1474,58
1477	02.08.2025 09:42:36	17,72	-0,05	0,13	0,24	1474,58
1478	02.08.2025 09:42:37	17,72	-0,03	0,13	0,24	1474,58
1479	02.08.2025 09:42:38	17,72	-0,05	0,13	0,24	1474,58
1480	02.08.2025 09:42:39	17,72	-0,05	0,13	0,24	1474,58
1481	02.08.2025 09:42:40	17,72	-0,03	0,13	0,24	1474,58
1482	02.08.2025 09:42:41	17,72	-0,03	0,13	0,24	1474,58
1483	02.08.2025 09:42:42	17,72	-0,03	0,13	0,24	1474,58
1484	02.08.2025 09:42:43	17,72	-0,03	0,13	0,24	1474,58
1485	02.08.2025 09:42:44	17,72	-0,05	0,13	0,24	1474,58
1486	02.08.2025 09:42:45	17,72	-0,03	0,13	0,24	1474,58
1487	02.08.2025 09:42:46	17,72	-0,05	0,15	0,27	1474,60
1488	02.08.2025 09:42:47	17,72	-0,03	0,15	0,27	1474,60
1489	02.08.2025 09:42:48	17,72	-0,05	0,15	0,27	1474,60
1490	02.08.2025 09:42:49	17,72	-0,03	0,13	0,24	1474,58
1491	02.08.2025 09:42:50	17,72	-0,03	0,13	0,24	1474,58
1492	02.08.2025 09:42:51	17,72	-0,03	0,13	0,24	1474,58
1493	02.08.2025 09:42:52	17,72	-0,03	0,13	0,24	1474,58
1494	02.08.2025 09:42:53	17,72	-0,03	0,13	0,24	1474,58
1495	02.08.2025 09:42:54	17,72	-0,03	0,13	0,24	1474,58
1496	02.08.2025 09:42:55	17,72	-0,03	0,13	0,24	1474,58
1497	02.08.2025 09:42:56	17,72	-0,03	0,13	0,24	1474,58
1498	02.08.2025 09:42:57	17,72	-0,05	0,13	0,24	1474,58
1499	02.08.2025 09:42:58	17,72	-0,03	0,13	0,24	1474,58
1500	02.08.2025 09:42:59	17,72	-0,03	0,15	0,27	1474,60
1501	02.08.2025 09:43:00	17,72	-0,05	0,13	0,24	1474,58
1502	02.08.2025 09:43:01	17,72	-0,05	0,13	0,24	1474,58
1503	02.08.2025 09:43:02	17,72	-0,05	0,13	0,24	1474,58
1504	02.08.2025 09:43:03	17,72	-0,03	0,13	0,24	1474,58
1505	02.08.2025 09:43:04	17,72	-0,03	0,13	0,24	1474,58
1506	02.08.2025 09:43:05	17,72	-0,03	0,13	0,24	1474,58
1507	02.08.2025 09:43:06	17,72	-0,03	0,13	0,24	1474,58
1508	02.08.2025 09:43:07	17,72	-0,03	0,13	0,24	1474,58
1509	02.08.2025 09:43:08	17,72	-0,03	0,13	0,24	1474,58
1510	02.08.2025 09:43:09	17,72	-0,03	0,13	0,24	1474,58
1511	02.08.2025 09:43:10	17,72	-0,03	0,13	0,24	1474,58
1512	02.08.2025 09:43:11	17,72	-0,03	0,13	0,24	1474,58
1513	02.08.2025 09:43:12	17,72	-0,03	0,15	0,27	1474,60
1514	02.08.2025 09:43:13	17,72	-0,03	0,13	0,24	1474,58
1515	02.08.2025 09:43:14	17,72	-0,03	0,13	0,24	1474,58
1516	02.08.2025 09:43:15	17,72	-0,03	0,13	0,24	1474,58
1517	02.08.2025 09:43:16	17,72	-0,03	0,13	0,24	1474,58
1518	02.08.2025 09:43:17	17,72	-0,03	0,13	0,24	1474,58
1519	02.08.2025 09:43:18	17,72	-0,03	0,13	0,24	1474,58
1520	02.08.2025 09:43:19	17,72	-0,03	0,13	0,24	1474,58
1521	02.08.2025 09:43:20	17,72	-0,05	0,13	0,24	1474,58
1522	02.08.2025 09:43:21	17,72	-0,03	0,13	0,24	1474,58
1523	02.08.2025 09:43:22	17,72	-0,03	0,13	0,24	1474,58
1524	02.08.2025 09:43:23	17,72	-0,03	0,13	0,24	1474,58
1525	02.08.2025 09:43:24	17,72	-0,03	0,13	0,24	1474,58
1526	02.08.2025 09:43:25	17,72	-0,03	0,13	0,24	1474,58
1527	02.08.2025 09:43:26	17,72	-0,03	0,13	0,24	1474,58
1528	02.08.2025 09:43:27	17,72	-0,03	0,13	0,24	1474,58
1529	02.08.2025 09:43:28	17,72	-0,03	0,13	0,24	1474,58
1530	02.08.2025 09:43:29	17,72	-0,03	0,15	0,27	1474,60
1531	02.08.2025 09:43:30	17,72	-0,05	0,13	0,24	1474,58
1532	02.08.2025 09:43:31	17,72	-0,03	0,13	0,24	1474,58
1533	02.08.2025 09:43:32	17,72	-0,03	0,13	0,24	1474,58
1534	02.08.2025 09:43:33	17,72	-0,03	0,13	0,24	1474,58
1535	02.08.2025 09:43:34	17,72	-0,03	0,13	0,24	1474,58
1536	02.08.2025 09:43:35	17,72	-0,05	0,13	0,24	1474,58
1537	02.08.2025 09:43:36	17,72	-0,05	0,13	0,24	1474,58
1538	02.08.2025 09:43:37	17,72	-0,03	0,13	0,24	1474,58
1539	02.08.2025 09:43:38	17,72	-0,03	0,13	0,24	1474,58
1540	02.08.2025 09:43:39	17,72	-0,03	0,13	0,24	1474,58
1541	02.08.2025 09:43:40	17,72	-0,03	0,13	0,24	1474,58
1542	02.08.2025 09:43:41	17,72	-0,05	0,13	0,24	1474,58
1543	02.08.2025 09:43:42	17,72	-0,03	0,13	0,24	1474,58
1544	02.08.2025 09:43:43	17,72	-0,03	0,13	0,24	1474,58
1545	02.08.2025 09:43:44	17,72	-0,05	0,13	0,24	1474,58
1546	02.08.2025 09:43:45	17,72	-0,03	0,13	0,24	1474,58
1547	02.08.2025 09:43:46	17,72	-0,03	0,13	0,24	1474,58
1548	02.08.2025 09:43:47	17,72	-0,03	0,15	0,27	1474,60
1549	02.08.2025 09:43:48	17,72	-0,03	0,13	0,24	1474,58
1550	02.08.2025 09:43:49	17,72	-0,03	0,13	0,24	1474,58
1551	02.08.2025 09:43:50	17,72	-0,03	0,13	0,24	1474,58
1552	02.08.2025 09:43:51	17,72	-0,03	0,15	0,27	1474,60
1553	02.08.2025 09:43:52	17,72	-0,03	0,13	0,24	1474,58
1554	02.08.2025 09:43:53	17,72	-0,05	0,13	0,24	1474,58
1555	02.08.2025 09:43:54	17,72	-0,03	0,13	0,24	1474,58
1556	02.08.2025 09:43:55	17,72	-0,03	0,13	0,24	1474,58
1557	02.08.2025 09:43:56	17,72	-0,03	0,13	0,24	1474,58
1558	02.08.2025 09:43:57	17,72	-0,03	0,13	0,24	1474,58
1559	02.08.2025 09:43:58	17,72	-0,05	0,13	0,24	1474,58
1560	02.08.2025 09:43:59	17,72	-0,05	0,13	0,24	1474,58
1561	02.08.2025 09:44:00	17,72	-0,05	0,13	0,24	1474,58
1562	02.08.2025 09:44:01	17,72	-0,03	0,13	0,24	1474,58
1563	02.08.2025 09:44:02	17,72	-0,05	0,13	0,24	1474,58
1564	02.08.2025 09:44:03	17,72	-0,05	0,13	0,24	1474,58
1565	02.08.2025 09:44:04	17,72	-0,05	0,13	0,24	1474,58
1566	02.08.2025 09:44:05	17,72	-0,03	0,13	0,24	1474,58
1567	02.08.2025 09:44:06	17,72	-0,03	0,13	0,24	1474,58
1568	02.08.2025 09:44:07	17,72	-0,03	0,13	0,24	1474,58
1569	02.08.2025 09:44:08	17,72	-0,05	0,13	0,24	1474,58
1570	02.08.2025 09:44:09	17,72	-0,05	0,13	0,24	1474,58
1571	02.08.2025 09:44:10	17,72	-0,03	0,13	0,24	1474,58
1572	02.08.2025 09:44:11	17,72	-0,05	0,13	0,24	1474,58
1573	02.08.2025 09:44:12	17,72	-0,05	0,13	0,24	1474,58
1574	02.08.2025 09:44:13	17,72	-0,05	0,13	0,24	1474,58
1575	02.08.2025 09:44:14	17,72	-0,03	0,13	0,24	1474,58
1576	02.08.2025 09:44:15	17,72	-0,03	0,13	0,24	1474,58
1577	02.08.2025 09:44:16	17,72	-0,03	0,13	0,24	1474,58
1578	02.08.2025 09:44:17	17,72	-0,05	0,13	0,24	1474,58
1579	02.08.2025 09:44:18	17,72	-0,03	0,13	0,24	1474,58
1580	02.08.2025 09:44:19	17,72	-0,03	0,13	0,24	1474,58
1581	02.08.2025 09:44:20	17,72	-0,05	0,13	0,24	1474,58
1582	02.08.2025 09:44:21	17,72	-0,03	0,13	0,24	1474,58
1583	02.08.2025 09:44:22	17,72	-0,05	0,13	0,24	1474,58
1584	02.08.2025 09:44:23	17,72	-0,03	0,13	0,24	1474,58
1585	02.08.2025 09:44:24	17,72	-0,03	0,13	0,24	1474,58
1586	02.08.2025 09:44:25	17,72	-0,03	0,13	0,24	1474,58
1587	02.08.2025 09:44:26	17,72	-0,05	0,13	0,24	1474,58
1588	02.08.2025 09:44:27	17,72	-0,03	0,13	0,24	1474,58
1589	02.08.2025 09:44:28	17,72	-0,05	0,15	0,27	1474,60
1590	02.08.2025 09:44:29	17,72	-0,03	0,13	0,24	1474,58
1591	02.08.2025 09:44:30	17,72	-0,05	0,13	0,24	1474,58
1592	02.08.2025 09:44:31	17,72	-0,03	0,13	0,24	1474,58
1593	02.08.2025 09:44:32	17,72	-0,03	0,13	0,24	1474,58
1594	02.08.2025 09:44:33	17,72	-0,03	0,13	0,24	1474,58
1595	02.08.2025 09:44:34	17,72	-0,03	0,13	0,24	1474,58
1596	02.08.2025 09:44:35	17,72	-0,03	0,13	0,24	1474,58
1597	02.08.2025 09:44:36	17,72	-0,03	0,13	0,24	1474,58
1598	02.08.2025 09:44:37	17,72	-0,03	0,13	0,24	1474,58
1599	02.08.2025 09:44:38	17,72	-0,01	0,13	0,24	1474,58
1600	02.08.2025 09:44:39	17,72	-0,03	0,13	0,24	1474,58
1601	02.08.2025 09:44:40	17,72	-0,03	0,13	0,24	1474,58
1602	02.08.2025 09:44:41	17,72	-0,05	0,13	0,24	1474,58
1603	02.08.2025 09:44:42	17,72	-0,05	0,12	0,21	1474,56
1604	02.08.2025 09:44:43	17,72	-0,03	0,13	0,24	1474,58
1605	02.08.2025 09:44:44	17,72	-0,03	0,13	0,24	1474,58
1606	02.08.2025 09:44:45	17,72	-0,05	0,13	0,24	1474,58
1607	02.08.2025 09:44:46	17,72	-0,03	0,15	0,27	1474,60
1608	02.08.2025 09:44:47	17,72	-0,03	0,13	0,24	1474,58
1609	02.08.2025 09:44:48	17,72	-0,03	0,13	0,24	1474,58
1610	02.08.2025 09:44:49	17,72	-0,03	0,13	0,24	1474,58
1611	02.08.2025 09:44:50	17,72	-0,03	0,13	0,24	1474,58
1612	02.08.2025 09:44:51	17,72	-0,03	0,13	0,24	1474,58
1613	02.08.2025 09:44:52	17,72	-0,03	0,13	0,24	1474,58
1614	02.08.2025 09:44:53	17,72	-0,03	0,13	0,24	1474,58
1615	02.08.2025 09:44:54	17,72	-0,03	0,13	0,24	1474,58
1616	02.08.2025 09:44:55	17,72	-0,03	0,13	0,24	1474,58
1617	02.08.2025 09:44:56	17,72	-0,05	0,13	0,24	1474,58
1618	02.08.2025 09:44:57	17,72	-0,03	0,13	0,24	1474,58
1619	02.08.2025 09:44:58	17,72	-0,05	0,13	0,24	1474,58
1620	02.08.2025 09:44:59	17,72	-0,03	0,13	0,24	1474,58
1621	02.08.2025 09:45:00	17,72	-0,05	0,13	0,24	1474,58
1622	02.08.2025 09:45:01	17,72	-0,03	0,13	0,24	1474,58
1623	02.08.2025 09:45:02	17,72	-0,03	0,13	0,24	1474,58
1624	02.08.2025 09:45:03	17,72	-0,03	0,13	0,24	1474,58
1625	02.08.2025 09:45:04	17,72	-0,03	0,13	0,24	1474,58
1626	02.08.2025 09:45:05	17,72	-0,03	0,13	0,24	1474,58
1627	02.08.2025 09:45:06	17,72	-0,03	0,13	0,24	1474,58
1628	02.08.2025 09:45:07	17,72	-0,03	0,13	0,24	1474,58
1629	02.08.2025 09:45:08	17,72	-0,03	0,13	0,24	1474,58
1630	02.08.2025 09:45:09	17,72	-0,03	0,13	0,24	1474,58
1631	02.08.2025 09:45:10	17,72	-0,05	0,13	0,24	1474,58
1632	02.08.2025 09:45:11	17,72	-0,03	0,13	0,24	1474,58
1633	02.08.2025 09:45:12	17,72	-0,05	0,12	0,21	1474,56
1634	02.08.2025 09:45:13	17,72	-0,03	0,12	0,21	1474,56
1635	02.08.2025 09:45:14	17,72	-0,03	0,13	0,24	1474,58
1636	02.08.2025 09:45:15	17,72	-0,03	0,13	0,24	1474,58
1637	02.08.2025 09:45:16	17,72	-0,03	0,13	0,24	1474,58
1638	02.08.2025 09:45:17	17,72	-0,03	0,13	0,24	1474,58
1639	02.08.2025 09:45:18	17,72	-0,03	0,13	0,24	1474,58
1640	02.08.2025 09:45:19	17,72	-0,03	0,13	0,24	1474,58
1641	02.08.2025 09:45:20	17,72	-0,03	0,13	0,24	1474,58
1642	02.08.2025 09:45:21	17,72	-0,03	0,12	0,21	1474,56
1643	02.08.2025 09:45:22	17,72	-0,05	0,13	0,24	1474,58
1644	02.08.2025 09:45:23	17,72	-0,03	0,13	0,24	1474,58
1645	02.08.2025 09:45:24	17,72	-0,03	0,13	0,24	1474,58
1646	02.08.2025 09:45:25	17,72	-0,03	0,12	0,21	1474,56
1647	02.08.2025 09:45:26	17,72	-0,03	0,12	0,21	1474,56
1648	02.08.2025 09:45:27	17,72	-0,03	0,13	0,24	1474,58
1649	02.08.2025 09:45:28	17,72	-0,03	0,13	0,24	1474,58
1650	02.08.2025 09:45:29	17,72	-0,03	0,13	0,24	1474,58
1651	02.08.2025 09:45:30	17,72	-0,05	0,13	0,24	1474,58
1652	02.08.2025 09:45:31	17,72	-0,05	0,13	0,24	1474,58
1653	02.08.2025 09:45:32	17,72	-0,05	0,13	0,24	1474,58
1654	02.08.2025 09:45:33	17,72	-0,03	0,13	0,24	1474,58
1655	02.08.2025 09:45:34	17,72	-0,05	0,13	0,24	1474,58
1656	02.08.2025 09:45:35	17,72	-0,03	0,13	0,24	1474,58
1657	02.08.2025 09:45:36	17,72	-0,05	0,13	0,24	1474,58
1658	02.08.2025 09:45:37	17,72	-0,03	0,12	0,21	1474,56
1659	02.08.2025 09:45:38	17,72	-0,05	0,13	0,24	1474,58
1660	02.08.2025 09:45:39	17,72	-0,05	0,13	0,24	1474,58
1661	02.08.2025 09:45:40	17,72	-0,05	0,13	0,24	1474,58
1662	02.08.2025 09:45:41	17,72	-0,03	0,12	0,21	1474,56
1663	02.08.2025 09:45:42	17,72	-0,03	0,13	0,24	1474,58
1664	02.08.2025 09:45:43	17,72	-0,03	0,12	0,21	1474,56
1665	02.08.2025 09:45:44	17,72	-0,03	0,12	0,21	1474,56
1666	02.08.2025 09:45:45	17,72	-0,03	0,13	0,24	1474,58
1667	02.08.2025 09:45:46	17,72	-0,05	0,13	0,24	1474,58
1668	02.08.2025 09:45:47	17,72	-0,03	0,13	0,24	1474,58
1669	02.08.2025 09:45:48	17,72	-0,05	0,13	0,24	1474,58
1670	02.08.2025 09:45:49	17,72	-0,05	0,12	0,21	1474,56
1671	02.08.2025 09:45:50	17,72	-0,05	0,13	0,24	1474,58
1672	02.08.2025 09:45:51	17,72	-0,05	0,15	0,27	1474,60
1673	02.08.2025 09:45:52	17,72	-0,05	0,13	0,24	1474,58
1674	02.08.2025 09:45:53	17,72	-0,05	0,13	0,24	1474,58
1675	02.08.2025 09:45:54	17,72	-0,03	0,13	0,24	1474,58
1676	02.08.2025 09:45:55	17,72	-0,03	0,13	0,24	1474,58
1677	02.08.2025 09:45:56	17,72	-0,05	0,13	0,24	1474,58
1678	02.08.2025 09:45:57	17,72	-0,03	0,13	0,24	1474,58
1679	02.08.2025 09:45:58	17,72	-0,03	0,13	0,24	1474,58
1680	02.08.2025 09:45:59	17,72	-0,05	0,13	0,24	1474,58
1681	02.08.2025 09:46:00	17,72	-0,03	0,12	0,21	1474,56
1682	02.08.2025 09:46:01	17,72	-0,05	0,13	0,24	1474,58
1683	02.08.2025 09:46:02	17,72	-0,03	0,12	0,21	1474,56
1684	02.08.2025 09:46:03	17,72	-0,03	0,13	0,24	1474,58
1685	02.08.2025 09:46:04	17,72	-0,03	0,13	0,24	1474,58
1686	02.08.2025 09:46:05	17,72	-0,03	0,13	0,24	1474,58
1687	02.08.2025 09:46:06	17,72	-0,03	0,13	0,24	1474,58
1688	02.08.2025 09:46:07	17,72	-0,03	0,13	0,24	1474,58
1689	02.08.2025 09:46:08	17,72	-0,03	0,13	0,24	1474,58
1690	02.08.2025 09:46:09	17,72	-0,03	0,13	0,24	1474,58
1691	02.08.2025 09:46:10	17,72	-0,03	0,13	0,24	1474,58
1692	02.08.2025 09:46:11	17,72	-0,03	0,13	0,24	1474,58
1693	02.08.2025 09:46:12	17,72	-0,03	0,13	0,24	1474,58
1694	02.08.2025 09:46:13	17,72	-0,03	0,13	0,24	1474,58
1695	02.08.2025 09:46:14	17,72	-0,03	0,13	0,24	1474,58
1696	02.08.2025 09:46:15	17,72	-0,05	0,13	0,24	1474,58
1697	02.08.2025 09:46:16	17,72	-0,03	0,13	0,24	1474,58
1698	02.08.2025 09:46:17	17,72	-0,03	0,13	0,24	1474,58
1699	02.08.2025 09:46:18	17,72	-0,03	0,13	0,24	1474,58
1700	02.08.2025 09:46:19	17,75	-0,03	0,13	0,24	1474,68
1701	02.08.2025 09:46:20	17,72	-0,03	0,13	0,24	1474,58
1702	02.08.2025 09:46:21	17,72	-0,03	0,13	0,24	1474,58
1703	02.08.2025 09:46:22	17,75	-0,03	0,13	0,24	1474,68
1704	02.08.2025 09:46:23	17,75	-0,03	0,13	0,24	1474,68
1705	02.08.2025 09:46:24	17,75	-0,05	0,13	0,24	1474,68
1706	02.08.2025 09:46:25	17,75	-0,03	0,13	0,24	1474,68
1707	02.08.2025 09:46:26	17,75	-0,03	0,13	0,24	1474,68
1708	02.08.2025 09:46:27	17,75	-0,05	0,13	0,24	1474,68
1709	02.08.2025 09:46:28	17,75	-0,03	0,13	0,24	1474,68
1710	02.08.2025 09:46:29	17,75	-0,03	0,12	0,21	1474,66
1711	02.08.2025 09:46:30	17,75	-0,03	0,12	0,21	1474,66
1712	02.08.2025 09:46:31	17,75	-0,05	0,13	0,24	1474,68
1713	02.08.2025 09:46:32	17,75	-0,03	0,13	0,24	1474,68
1714	02.08.2025 09:46:33	17,75	-0,03	0,13	0,24	1474,68
1715	02.08.2025 09:46:34	17,75	-0,05	0,15	0,27	1474,69
1716	02.08.2025 09:46:35	17,75	-0,03	0,13	0,24	1474,68
1717	02.08.2025 09:46:36	17,75	-0,05	0,13	0,24	1474,68
1718	02.08.2025 09:46:37	17,75	-0,03	0,13	0,24	1474,68
1719	02.08.2025 09:46:38	17,75	-0,03	0,13	0,24	1474,68
1720	02.08.2025 09:46:39	17,75	-0,03	0,13	0,24	1474,68
1721	02.08.2025 09:46:40	17,75	-0,03	0,13	0,24	1474,68
1722	02.08.2025 09:46:41	17,75	-0,03	0,13	0,24	1474,68
1723	02.08.2025 09:46:42	17,75	-0,05	0,13	0,24	1474,68
1724	02.08.2025 09:46:43	17,75	-0,03	0,13	0,24	1474,68
1725	02.08.2025 09:46:44	17,75	-0,03	0,13	0,24	1474,68
1726	02.08.2025 09:46:45	17,75	-0,03	0,13	0,24	1474,68
1727	02.08.2025 09:46:46	17,75	-0,03	0,13	0,24	1474,68
1728	02.08.2025 09:46:47	17,75	-0,03	0,13	0,24	1474,68
1729	02.08.2025 09:46:48	17,75	-0,03	0,13	0,24	1474,68
1730	02.08.2025 09:46:49	17,75	-0,03	0,13	0,24	1474,68
1731	02.08.2025 09:46:50	17,75	-0,05	0,13	0,24	1474,68
1732	02.08.2025 09:46:51	17,75	-0,03	0,13	0,24	1474,68
1733	02.08.2025 09:46:52	17,75	-0,03	0,13	0,24	1474,68
1734	02.08.2025 09:46:53	17,75	-0,05	0,13	0,24	1474,68
1735	02.08.2025 09:46:54	17,75	-0,03	0,13	0,24	1474,68
1736	02.08.2025 09:46:55	17,75	-0,05	0,13	0,24	1474,68
1737	02.08.2025 09:46:56	17,75	-0,05	0,13	0,24	1474,68
1738	02.08.2025 09:46:57	17,75	-0,03	0,13	0,24	1474,68
1739	02.08.2025 09:46:58	17,75	-0,03	0,13	0,24	1474,68
1740	02.08.2025 09:46:59	17,75	-0,05	0,13	0,24	1474,68
1741	02.08.2025 09:47:00	17,75	-0,05	0,13	0,24	1474,68
1742	02.08.2025 09:47:01	17,75	-0,03	0,13	0,24	1474,68
1743	02.08.2025 09:47:02	17,75	-0,03	0,13	0,24	1474,68
1744	02.08.2025 09:47:03	17,75	-0,03	0,13	0,24	1474,68
1745	02.08.2025 09:47:04	17,75	-0,05	0,13	0,24	1474,68
1746	02.08.2025 09:47:05	17,75	-0,03	0,13	0,24	1474,68
1747	02.08.2025 09:47:06	17,75	-0,03	0,13	0,24	1474,68
1748	02.08.2025 09:47:07	17,75	-0,03	0,13	0,24	1474,68
1749	02.08.2025 09:47:08	17,75	-0,03	0,13	0,24	1474,68
1750	02.08.2025 09:47:09	17,75	-0,03	0,13	0,24	1474,68
1751	02.08.2025 09:47:10	17,75	-0,03	0,13	0,24	1474,68
1752	02.08.2025 09:47:11	17,75	-0,05	0,13	0,24	1474,68
1753	02.08.2025 09:47:12	17,75	-0,05	0,13	0,24	1474,68
1754	02.08.2025 09:47:13	17,75	-0,05	0,13	0,24	1474,68
1755	02.08.2025 09:47:14	17,75	-0,05	0,13	0,24	1474,68
1756	02.08.2025 09:47:15	17,75	-0,05	0,13	0,24	1474,68
1757	02.08.2025 09:47:16	17,75	-0,05	0,13	0,24	1474,68
1758	02.08.2025 09:47:17	17,75	-0,03	0,13	0,24	1474,68
1759	02.08.2025 09:47:18	17,75	-0,05	0,13	0,24	1474,68
1760	02.08.2025 09:47:19	17,75	-0,05	0,13	0,24	1474,68
1761	02.08.2025 09:47:20	17,75	-0,03	0,13	0,24	1474,68
1762	02.08.2025 09:47:21	17,75	-0,05	0,13	0,24	1474,68
1763	02.08.2025 09:47:22	17,75	-0,03	0,13	0,24	1474,68
1764	02.08.2025 09:47:23	17,75	-0,03	0,13	0,24	1474,68
1765	02.08.2025 09:47:24	17,75	-0,03	0,13	0,24	1474,68
1766	02.08.2025 09:47:25	17,75	-0,05	0,13	0,24	1474,68
1767	02.08.2025 09:47:26	17,75	-0,03	0,13	0,24	1474,68
1768	02.08.2025 09:47:27	17,75	-0,03	0,13	0,24	1474,68
1769	02.08.2025 09:47:28	17,75	-0,05	0,13	0,24	1474,68
1770	02.08.2025 09:47:29	17,75	-0,05	0,13	0,24	1474,68
1771	02.08.2025 09:47:30	17,75	-0,03	0,13	0,24	1474,68
1772	02.08.2025 09:47:31	17,75	-0,03	0,13	0,24	1474,68
1773	02.08.2025 09:47:32	17,75	-0,03	0,13	0,24	1474,68
1774	02.08.2025 09:47:33	17,75	-0,03	0,13	0,24	1474,68
1775	02.08.2025 09:47:34	17,75	-0,03	0,13	0,24	1474,68
1776	02.08.2025 09:47:35	17,75	-0,03	0,13	0,24	1474,68
1777	02.08.2025 09:47:36	17,75	-0,03	0,13	0,24	1474,68
1778	02.08.2025 09:47:37	17,75	-0,05	0,13	0,24	1474,68
1779	02.08.2025 09:47:38	17,75	-0,03	0,13	0,24	1474,68
1780	02.08.2025 09:47:39	17,75	-0,05	0,13	0,24	1474,68
1781	02.08.2025 09:47:40	17,75	-0,05	0,13	0,24	1474,68
1782	02.08.2025 09:47:41	17,75	-0,05	0,13	0,24	1474,68
1783	02.08.2025 09:47:42	17,75	-0,05	0,13	0,24	1474,68
1784	02.08.2025 09:47:43	17,75	-0,03	0,13	0,24	1474,68
1785	02.08.2025 09:47:44	17,75	-0,03	0,13	0,24	1474,68
1786	02.08.2025 09:47:45	17,75	-0,03	0,13	0,24	1474,68
1787	02.08.2025 09:47:46	17,75	-0,03	0,13	0,24	1474,68
1788	02.08.2025 09:47:47	17,75	-0,05	0,13	0,24	1474,68
1789	02.08.2025 09:47:48	17,75	-0,05	0,13	0,24	1474,68
1790	02.08.2025 09:47:49	17,75	-0,03	0,13	0,24	1474,68
1791	02.08.2025 09:47:50	17,75	-0,05	0,13	0,24	1474,68
1792	02.08.2025 09:47:51	17,75	-0,03	0,13	0,24	1474,68
1793	02.08.2025 09:47:52	17,75	-0,03	0,13	0,24	1474,68
1794	02.08.2025 09:47:53	17,75	-0,05	0,13	0,24	1474,68
1795	02.08.2025 09:47:54	17,75	-0,03	0,13	0,24	1474,68
1796	02.08.2025 09:47:55	17,75	-0,03	0,13	0,24	1474,68
1797	02.08.2025 09:47:56	17,75	-0,05	0,13	0,24	1474,68
1798	02.08.2025 09:47:57	17,75	-0,03	0,13	0,24	1474,68
1799	02.08.2025 09:47:58	17,75	-0,05	0,13	0,24	1474,68
1800	02.08.2025 09:47:59	17,75	-0,03	0,13	0,24	1474,68
1801	02.08.2025 09:48:00	17,75	-0,03	0,13	0,24	1474,68
1802	02.08.2025 09:48:01	17,75	-0,03	0,13	0,24	1474,68
1803	02.08.2025 09:48:02	17,75	-0,05	0,13	0,24	1474,68
1804	02.08.2025 09:48:03	17,75	-0,03	0,13	0,24	1474,68
1805	02.08.2025 09:48:04	17,78	-0,03	0,13	0,24	1474,78
1806	02.08.2025 09:48:05	17,78	-0,05	0,13	0,24	1474,77
1807	02.08.2025 09:48:06	17,75	-0,03	0,13	0,24	1474,68
1808	02.08.2025 09:48:07	17,75	-0,03	0,13	0,24	1474,68
1809	02.08.2025 09:48:08	17,78	-0,05	0,13	0,24	1474,77
1810	02.08.2025 09:48:09	17,78	-0,05	0,13	0,24	1474,77
1811	02.08.2025 09:48:10	17,78	-0,05	0,13	0,24	1474,77
1812	02.08.2025 09:48:11	17,78	-0,03	0,13	0,24	1474,78
1813	02.08.2025 09:48:12	17,78	-0,05	0,13	0,24	1474,77
1814	02.08.2025 09:48:13	17,78	-0,03	0,13	0,24	1474,78
1815	02.08.2025 09:48:14	17,78	-0,03	0,13	0,24	1474,78
1816	02.08.2025 09:48:15	17,78	-0,05	0,13	0,24	1474,77
1817	02.08.2025 09:48:16	17,78	-0,03	0,13	0,24	1474,78
1818	02.08.2025 09:48:17	17,78	-0,03	0,13	0,24	1474,78
1819	02.08.2025 09:48:18	17,78	-0,05	0,13	0,24	1474,77
1820	02.08.2025 09:48:19	17,78	-0,05	0,13	0,24	1474,77
1821	02.08.2025 09:48:20	17,78	-0,05	0,13	0,24	1474,77
1822	02.08.2025 09:48:21	17,78	-0,03	0,12	0,21	1474,76
1823	02.08.2025 09:48:22	17,78	-0,05	0,12	0,21	1474,76
1824	02.08.2025 09:48:23	17,78	-0,05	0,12	0,21	1474,76
1825	02.08.2025 09:48:24	17,78	-0,03	0,13	0,24	1474,78
1826	02.08.2025 09:48:25	17,78	-0,05	0,13	0,24	1474,77
1827	02.08.2025 09:48:26	17,78	-0,03	0,13	0,24	1474,78
1828	02.08.2025 09:48:27	17,78	-0,03	0,13	0,24	1474,78
1829	02.08.2025 09:48:28	17,78	-0,05	0,13	0,24	1474,77
1830	02.08.2025 09:48:29	17,78	-0,05	0,13	0,24	1474,77
1831	02.08.2025 09:48:30	17,78	-0,05	0,13	0,24	1474,77
1832	02.08.2025 09:48:31	17,78	-0,05	0,13	0,24	1474,77
1833	02.08.2025 09:48:32	17,78	-0,05	0,13	0,24	1474,77
1834	02.08.2025 09:48:33	17,78	-0,05	0,13	0,24	1474,77
1835	02.08.2025 09:48:34	17,78	-0,05	0,13	0,24	1474,77
1836	02.08.2025 09:48:35	17,78	-0,05	0,13	0,24	1474,77
1837	02.08.2025 09:48:36	17,78	-0,03	0,13	0,24	1474,78
1838	02.08.2025 09:48:37	17,78	-0,05	0,13	0,24	1474,77
1839	02.08.2025 09:48:38	17,78	-0,05	0,13	0,24	1474,77
1840	02.08.2025 09:48:39	17,78	-0,05	0,13	0,24	1474,77
1841	02.08.2025 09:48:40	17,78	-0,05	0,13	0,24	1474,77
1842	02.08.2025 09:48:41	17,78	-0,03	0,13	0,24	1474,78
1843	02.08.2025 09:48:42	17,78	-0,05	0,13	0,24	1474,77
1844	02.08.2025 09:48:43	17,78	-0,05	0,13	0,24	1474,77
1845	02.08.2025 09:48:44	17,78	-0,05	0,13	0,24	1474,77
1846	02.08.2025 09:48:45	17,78	-0,05	0,13	0,24	1474,77
1847	02.08.2025 09:48:46	17,78	-0,03	0,13	0,24	1474,78
1848	02.08.2025 09:48:47	17,78	-0,05	0,13	0,24	1474,77
1849	02.08.2025 09:48:48	17,78	-0,05	0,13	0,24	1474,77
1850	02.08.2025 09:48:49	17,78	-0,03	0,13	0,24	1474,78
1851	02.08.2025 09:48:50	17,78	-0,05	0,13	0,24	1474,77
1852	02.08.2025 09:48:51	17,78	-0,03	0,13	0,24	1474,78
1853	02.08.2025 09:48:52	17,78	-0,05	0,13	0,24	1474,77
1854	02.08.2025 09:48:53	17,78	-0,05	0,13	0,24	1474,77
1855	02.08.2025 09:48:54	17,78	-0,05	0,13	0,24	1474,77
1856	02.08.2025 09:48:55	17,78	-0,05	0,13	0,24	1474,77
1857	02.08.2025 09:48:56	17,78	-0,05	0,13	0,24	1474,77
1858	02.08.2025 09:48:57	17,78	-0,05	0,13	0,24	1474,77
1859	02.08.2025 09:48:58	17,78	-0,05	0,13	0,24	1474,77
1860	02.08.2025 09:48:59	17,78	-0,05	0,13	0,24	1474,77
1861	02.08.2025 09:49:00	17,78	-0,03	0,13	0,24	1474,78
1862	02.08.2025 09:49:01	17,78	-0,05	0,13	0,24	1474,77
1863	02.08.2025 09:49:02	17,78	-0,03	0,13	0,24	1474,78
1864	02.08.2025 09:49:03	17,78	-0,05	0,13	0,24	1474,77
1865	02.08.2025 09:49:04	17,78	-0,05	0,13	0,24	1474,77
1866	02.08.2025 09:49:05	17,78	-0,03	0,13	0,24	1474,78
1867	02.08.2025 09:49:06	17,78	-0,05	0,13	0,24	1474,77
1868	02.08.2025 09:49:07	17,78	-0,03	0,13	0,24	1474,78
1869	02.08.2025 09:49:08	17,78	-0,03	0,13	0,24	1474,78
1870	02.08.2025 09:49:09	17,78	-0,05	0,13	0,24	1474,77
1871	02.08.2025 09:49:10	17,78	-0,05	0,13	0,24	1474,77
1872	02.08.2025 09:49:11	17,78	-0,05	0,13	0,24	1474,77
1873	02.08.2025 09:49:12	17,78	-0,03	0,13	0,24	1474,78
1874	02.08.2025 09:49:13	17,78	-0,05	0,13	0,24	1474,77
1875	02.08.2025 09:49:14	17,78	-0,05	0,13	0,24	1474,77
1876	02.08.2025 09:49:15	17,78	-0,03	0,13	0,24	1474,78
1877	02.08.2025 09:49:16	17,78	-0,05	0,13	0,24	1474,77
1878	02.08.2025 09:49:17	17,78	-0,05	0,13	0,24	1474,77
1879	02.08.2025 09:49:18	17,78	-0,05	0,13	0,24	1474,77
1880	02.08.2025 09:49:19	17,78	-0,03	0,13	0,24	1474,78
1881	02.08.2025 09:49:20	17,78	-0,03	0,15	0,27	1474,79
1882	02.08.2025 09:49:21	17,78	-0,05	0,13	0,24	1474,77
1883	02.08.2025 09:49:22	17,78	-0,05	0,13	0,24	1474,77
1884	02.08.2025 09:49:23	17,78	-0,05	0,13	0,24	1474,77
1885	02.08.2025 09:49:24	17,78	-0,05	0,13	0,24	1474,77
1886	02.08.2025 09:49:25	17,78	-0,03	0,13	0,24	1474,78
1887	02.08.2025 09:49:26	17,78	-0,05	0,13	0,24	1474,77
1888	02.08.2025 09:49:27	17,78	-0,03	0,13	0,24	1474,78
1889	02.08.2025 09:49:28	17,78	-0,03	0,13	0,24	1474,78
1890	02.08.2025 09:49:29	17,78	-0,05	0,13	0,24	1474,77
1891	02.08.2025 09:49:30	17,81	-0,03	0,13	0,24	1474,87
1892	02.08.2025 09:49:31	17,81	-0,03	0,13	0,24	1474,87
1893	02.08.2025 09:49:32	17,81	-0,05	0,15	0,27	1474,89
1894	02.08.2025 09:49:33	17,78	-0,05	0,13	0,24	1474,77
1895	02.08.2025 09:49:34	17,81	-0,05	0,13	0,24	1474,87
1896	02.08.2025 09:49:35	17,81	-0,05	0,13	0,24	1474,87
1897	02.08.2025 09:49:36	17,81	-0,05	0,15	0,27	1474,89
1898	02.08.2025 09:49:37	17,81	-0,03	0,13	0,24	1474,87
1899	02.08.2025 09:49:38	17,81	-0,03	0,13	0,24	1474,87
1900	02.08.2025 09:49:39	17,81	-0,03	0,13	0,24	1474,87
1901	02.08.2025 09:49:40	17,81	-0,05	0,13	0,24	1474,87
1902	02.08.2025 09:49:41	17,81	-0,05	0,13	0,24	1474,87
1903	02.08.2025 09:49:42	17,81	-0,05	0,13	0,24	1474,87
1904	02.08.2025 09:49:43	17,81	-0,03	0,13	0,24	1474,87
1905	02.08.2025 09:49:44	17,81	-0,05	0,13	0,24	1474,87
1906	02.08.2025 09:49:45	17,81	-0,03	0,13	0,24	1474,87
1907	02.08.2025 09:49:46	17,81	-0,05	0,13	0,24	1474,87
1908	02.08.2025 09:49:47	17,81	-0,05	0,13	0,24	1474,87
1909	02.08.2025 09:49:48	17,81	-0,05	0,13	0,24	1474,87
1910	02.08.2025 09:49:49	17,81	-0,05	0,13	0,24	1474,87
1911	02.08.2025 09:49:50	17,81	-0,05	0,13	0,24	1474,87
1912	02.08.2025 09:49:51	17,81	-0,05	0,13	0,24	1474,87
1913	02.08.2025 09:49:52	17,81	-0,05	0,13	0,24	1474,87
1914	02.08.2025 09:49:53	17,81	-0,05	0,13	0,24	1474,87
1915	02.08.2025 09:49:54	17,81	-0,05	0,13	0,24	1474,87
1916	02.08.2025 09:49:55	17,81	-0,03	0,13	0,24	1474,87
1917	02.08.2025 09:49:56	17,81	-0,05	0,13	0,24	1474,87
1918	02.08.2025 09:49:57	17,81	-0,05	0,13	0,24	1474,87
1919	02.08.2025 09:49:58	17,81	-0,03	0,13	0,24	1474,87
1920	02.08.2025 09:49:59	17,81	-0,03	0,13	0,24	1474,87
1921	02.08.2025 09:50:00	17,81	-0,05	0,12	0,21	1474,85
1922	02.08.2025 09:50:01	17,81	-0,05	0,13	0,24	1474,87
1923	02.08.2025 09:50:02	17,81	-0,05	0,13	0,24	1474,87
1924	02.08.2025 09:50:03	17,81	-0,05	0,13	0,24	1474,87
1925	02.08.2025 09:50:04	17,81	-0,03	0,13	0,24	1474,87
1926	02.08.2025 09:50:05	17,81	-0,05	0,10	0,18	1474,84
1927	02.08.2025 09:50:06	17,81	-0,05	0,51	0,88	1475,30
1928	02.08.2025 09:50:07	17,81	-0,05	0,47	0,82	1475,26
1929	02.08.2025 09:50:08	17,81	-0,03	0,42	0,74	1475,21
1930	02.08.2025 09:50:09	17,81	-0,03	0,32	0,57	1475,10
1931	02.08.2025 09:50:10	17,81	-0,05	0,74	1,26	1475,57
1932	02.08.2025 09:50:11	17,81	-0,05	0,62	1,07	1475,44
1933	02.08.2025 09:50:12	17,81	-0,05	1,48	2,44	1476,43
1934	02.08.2025 09:50:13	17,81	-0,05	1,50	2,47	1476,45
1935	02.08.2025 09:50:14	17,81	-0,03	1,50	2,47	1476,45
1936	02.08.2025 09:50:15	17,81	-0,05	1,50	2,47	1476,45
1937	02.08.2025 09:50:16	17,81	-0,05	1,50	2,47	1476,45
1938	02.08.2025 09:50:17	17,81	-0,03	1,50	2,47	1476,45
1939	02.08.2025 09:50:18	17,81	-0,05	1,50	2,47	1476,45
1940	02.08.2025 09:50:19	17,81	-0,05	1,51	2,50	1476,47
1941	02.08.2025 09:50:20	17,81	-0,05	1,50	2,47	1476,45
1942	02.08.2025 09:50:21	17,81	-0,05	1,50	2,47	1476,45
1943	02.08.2025 09:50:22	17,81	-0,05	1,50	2,47	1476,45
1944	02.08.2025 09:50:23	17,81	-0,05	1,50	2,47	1476,45
1945	02.08.2025 09:50:24	17,81	-0,03	1,50	2,47	1476,45
1946	02.08.2025 09:50:25	17,81	-0,05	1,50	2,47	1476,45
1947	02.08.2025 09:50:26	17,81	-0,07	1,50	2,47	1476,45
1948	02.08.2025 09:50:27	17,81	-0,05	1,50	2,47	1476,45
1949	02.08.2025 09:50:28	17,81	-0,05	1,51	2,50	1476,47
1950	02.08.2025 09:50:29	17,81	-0,05	1,50	2,47	1476,45
1951	02.08.2025 09:50:30	17,81	-0,03	1,51	2,50	1476,47
1952	02.08.2025 09:50:31	17,81	-0,03	1,50	2,47	1476,45
1953	02.08.2025 09:50:32	17,81	-0,05	1,51	2,50	1476,47
1954	02.08.2025 09:50:33	17,81	-0,05	1,51	2,50	1476,47
1955	02.08.2025 09:50:34	17,81	-0,05	1,50	2,47	1476,45
1956	02.08.2025 09:50:35	17,81	-0,05	1,50	2,47	1476,45
1957	02.08.2025 09:50:36	17,81	-0,05	1,50	2,47	1476,45
1958	02.08.2025 09:50:37	17,81	-0,03	1,51	2,50	1476,47
1959	02.08.2025 09:50:38	17,81	-0,05	1,50	2,47	1476,45
1960	02.08.2025 09:50:39	17,81	-0,03	1,50	2,47	1476,45
1961	02.08.2025 09:50:40	17,81	-0,05	1,51	2,50	1476,47
1962	02.08.2025 09:50:41	17,81	-0,05	1,50	2,47	1476,45
1963	02.08.2025 09:50:42	17,81	-0,05	1,51	2,50	1476,47
1964	02.08.2025 09:50:43	17,81	-0,05	1,50	2,47	1476,45
1965	02.08.2025 09:50:44	17,81	-0,05	1,50	2,47	1476,45
1966	02.08.2025 09:50:45	17,81	-0,05	1,50	2,47	1476,45
1967	02.08.2025 09:50:46	17,81	-0,05	1,51	2,50	1476,47
1968	02.08.2025 09:50:47	17,81	-0,05	1,50	2,47	1476,45
1969	02.08.2025 09:50:48	17,81	-0,03	1,50	2,47	1476,45
1970	02.08.2025 09:50:49	17,81	-0,03	1,50	2,47	1476,45
1971	02.08.2025 09:50:50	17,81	-0,05	1,50	2,47	1476,45
1972	02.08.2025 09:50:51	17,81	-0,05	1,51	2,50	1476,47
1973	02.08.2025 09:50:52	17,81	-0,03	1,51	2,50	1476,47
1974	02.08.2025 09:50:53	17,81	-0,05	1,50	2,47	1476,45
1975	02.08.2025 09:50:54	17,81	-0,03	1,50	2,47	1476,45
1976	02.08.2025 09:50:55	17,81	-0,05	1,51	2,50	1476,47
1977	02.08.2025 09:50:56	17,81	-0,05	1,51	2,50	1476,47
1978	02.08.2025 09:50:57	17,81	-0,03	1,51	2,50	1476,47
1979	02.08.2025 09:50:58	17,81	-0,03	1,50	2,47	1476,45
1980	02.08.2025 09:50:59	17,81	-0,03	1,51	2,50	1476,47
1981	02.08.2025 09:51:00	17,81	-0,05	1,51	2,50	1476,47
1982	02.08.2025 09:51:01	17,81	-0,05	1,50	2,47	1476,45
1983	02.08.2025 09:51:02	17,81	-0,05	1,50	2,47	1476,45
1984	02.08.2025 09:51:03	17,81	-0,05	1,50	2,47	1476,45
1985	02.08.2025 09:51:04	17,81	-0,05	1,51	2,50	1476,47
1986	02.08.2025 09:51:05	17,81	-0,05	1,51	2,50	1476,47
1987	02.08.2025 09:51:06	17,81	-0,05	1,50	2,47	1476,45
1988	02.08.2025 09:51:07	17,81	-0,05	1,50	2,47	1476,45
1989	02.08.2025 09:51:08	17,81	-0,05	1,50	2,47	1476,45
1990	02.08.2025 09:51:09	17,81	-0,05	0,42	0,74	1475,21
1991	02.08.2025 09:51:10	17,81	-0,05	1,42	2,36	1476,36
1992	02.08.2025 09:51:11	17,81	-0,05	1,35	2,24	1476,28
1993	02.08.2025 09:51:12	17,81	-0,05	1,42	2,36	1476,36
1994	02.08.2025 09:51:13	17,81	-0,05	1,41	2,33	1476,34
1995	02.08.2025 09:51:14	17,81	-0,05	1,41	2,33	1476,34
1996	02.08.2025 09:51:15	17,81	-0,05	1,41	2,33	1476,34
1997	02.08.2025 09:51:16	17,81	-0,03	1,39	2,30	1476,33
1998	02.08.2025 09:51:17	17,81	-0,05	1,41	2,33	1476,34
1999	02.08.2025 09:51:18	17,81	-0,03	1,41	2,33	1476,35
2000	02.08.2025 09:51:19	17,81	-0,03	1,41	2,33	1476,35
2001	02.08.2025 09:51:20	17,81	-0,05	1,37	2,27	1476,30
2002	02.08.2025 09:51:21	17,81	-0,05	1,41	2,33	1476,34
2003	02.08.2025 09:51:22	17,81	-0,05	1,39	2,30	1476,32
2004	02.08.2025 09:51:23	17,81	-0,05	1,37	2,27	1476,30
2005	02.08.2025 09:51:24	17,81	-0,05	1,37	2,27	1476,30
2006	02.08.2025 09:51:25	17,81	-0,05	1,39	2,30	1476,32
2007	02.08.2025 09:51:26	17,81	-0,05	1,26	2,10	1476,18
2008	02.08.2025 09:51:27	17,81	-0,03	1,42	2,36	1476,37
2009	02.08.2025 09:51:28	17,81	-0,05	1,44	2,39	1476,39
2010	02.08.2025 09:51:29	17,81	-0,05	1,28	2,13	1476,20
2011	02.08.2025 09:51:30	17,81	-0,05	1,21	2,02	1476,12
2012	02.08.2025 09:51:31	17,81	-0,05	1,39	2,30	1476,32
2013	02.08.2025 09:51:32	17,81	-0,05	1,41	2,33	1476,34
2014	02.08.2025 09:51:33	17,81	-0,03	1,33	2,22	1476,26
2015	02.08.2025 09:51:34	17,81	-0,05	1,41	2,33	1476,34
2016	02.08.2025 09:51:35	17,81	-0,03	1,19	1,99	1476,10
2017	02.08.2025 09:51:36	17,81	-0,05	1,39	2,30	1476,32
2018	02.08.2025 09:51:37	17,81	-0,05	1,44	2,39	1476,39
2019	02.08.2025 09:51:38	17,81	-0,05	1,37	2,27	1476,30
2020	02.08.2025 09:51:39	17,81	-0,05	1,39	2,30	1476,32
2021	02.08.2025 09:51:40	17,81	-0,03	1,41	2,33	1476,35
2022	02.08.2025 09:51:41	17,81	-0,05	0,96	1,63	1475,83
2023	02.08.2025 09:51:42	17,81	-0,05	1,39	2,30	1476,32
2024	02.08.2025 09:51:43	17,81	-0,05	1,23	2,05	1476,14
2025	02.08.2025 09:51:44	17,81	-0,03	1,09	1,82	1475,98
2026	02.08.2025 09:51:45	17,81	-0,05	0,26	0,46	1475,02
2027	02.08.2025 09:51:46	17,81	-0,05	0,39	0,68	1475,17
2028	02.08.2025 09:51:47	17,81	-0,05	0,21	0,38	1474,96
2029	02.08.2025 09:51:48	17,81	-0,05	0,21	0,38	1474,96
2030	02.08.2025 09:51:49	17,81	-0,05	0,18	0,32	1474,93
2031	02.08.2025 09:51:50	17,81	-0,05	0,21	0,38	1474,96
2032	02.08.2025 09:51:51	17,81	-0,03	0,24	0,43	1475,00
2033	02.08.2025 09:51:52	17,84	-0,05	0,16	0,29	1475,01
2034	02.08.2025 09:51:53	17,81	-0,05	0,24	0,43	1475,00
2035	02.08.2025 09:51:54	17,84	0,08	0,23	0,40	1475,10
2036	02.08.2025 09:51:55	17,84	-0,05	0,56	0,96	1475,46
2037	02.08.2025 09:51:56	17,87	-0,03	0,21	0,38	1475,16
2038	02.08.2025 09:51:57	18,02	0,00	0,26	0,46	1475,71
2039	02.08.2025 09:51:58	18,14	-0,01	0,21	0,38	1476,04
2040	02.08.2025 09:51:59	18,20	-0,03	0,35	0,63	1476,40
2041	02.08.2025 09:52:00	18,22	-0,05	0,29	0,52	1476,41
2042	02.08.2025 09:52:01	18,25	-0,08	1,32	2,22	1477,69
2043	02.08.2025 09:52:02	18,25	-0,10	1,02	1,74	1477,35
2044	02.08.2025 09:52:03	18,31	-0,10	1,46	2,44	1478,05
2045	02.08.2025 09:52:04	18,40	-0,07	0,26	0,46	1476,95
2046	02.08.2025 09:52:05	18,46	-0,08	0,37	0,65	1477,27
2047	02.08.2025 09:52:06	18,55	-0,08	0,19	0,35	1477,36
2048	02.08.2025 09:52:07	18,67	-0,15	0,16	0,29	1477,69
2049	02.08.2025 09:52:08	18,76	-0,14	0,86	1,49	1478,78
2050	02.08.2025 09:52:09	18,85	-0,10	1,46	2,47	1479,76
2051	02.08.2025 09:52:10	19,00	-0,19	1,42	2,42	1480,17
2052	02.08.2025 09:52:11	19,03	-0,17	1,42	2,42	1480,27
2053	02.08.2025 09:52:12	19,09	-0,17	1,42	2,42	1480,45
2054	02.08.2025 09:52:13	19,11	-0,17	1,44	2,45	1480,57
2055	02.08.2025 09:52:14	19,17	-0,17	1,42	2,42	1480,73
2056	02.08.2025 09:52:15	19,17	-0,17	1,43	2,45	1480,75
2057	02.08.2025 09:52:16	19,23	-0,17	1,43	2,45	1480,94
2058	02.08.2025 09:52:17	19,29	-0,17	1,43	2,45	1481,12
2059	02.08.2025 09:52:18	19,32	-0,17	48,09	62,54	1534,50
