#B	Created:	31.07.2025 10:42:01
##	Version	SeaStar	9.59
#5	Field separation:	0
#2	Date & Time:	1
#6	Decimal point:	,
#7	Date def.:	dd.mm.yyyy	.
#8	Time def.:	:
##	Axis	0	Temperature(°C)	clRed	FALSE
##	Axis	1	Pressure(Bar)	clBlue	FALSE
##	Axis	2	Salinity(psu)	clGreen	FALSE
##	Axis	3	Conductivity(mS/cm)	$00FF80FF	FALSE
##	Axis	4	Sound Velocity(m/sec)	$00404080	FALSE
##	Series	0	Temp(°C)	clRed	0	Temp(°C)	2
##	Series	1	Press(Bar)	clBlue	1	Press(Bar)	2
##	Series	2	Salinity(psu)	clGreen	2	Salinity(psu)	2
##	Series	3	Conduct(mS/cm)	$00FF80FF	3	Conduct(mS/cm)	2
##	Series	4	Sound Velocity(m/sec)	$00404080	4	Velocity(m/sec)	2
##	Recorder	105	DST CTD	13526
##	Chart	105S13526DAT	
#D	Data:	2356	31.07.2025 10:02:00	31.07.2025 10:41:15
1	31.07.2025 10:02:00	21,32	-0,03	0,08	0,16	1485,87
2	31.07.2025 10:02:01	21,35	-0,03	0,08	0,16	1485,96
3	31.07.2025 10:02:02	21,35	-0,03	0,08	0,16	1485,96
4	31.07.2025 10:02:03	21,35	-0,05	0,08	0,16	1485,95
5	31.07.2025 10:02:04	21,35	-0,05	0,08	0,16	1485,95
6	31.07.2025 10:02:05	21,35	-0,05	0,08	0,16	1485,95
7	31.07.2025 10:02:06	21,38	-0,03	0,08	0,16	1486,05
8	31.07.2025 10:02:07	21,38	-0,03	0,08	0,16	1486,05
9	31.07.2025 10:02:08	21,38	-0,05	0,08	0,16	1486,04
10	31.07.2025 10:02:09	21,38	-0,05	0,08	0,16	1486,04
11	31.07.2025 10:02:10	21,38	-0,05	0,08	0,16	1486,04
12	31.07.2025 10:02:11	21,38	-0,05	0,08	0,16	1486,04
13	31.07.2025 10:02:12	21,41	-0,05	0,08	0,16	1486,13
14	31.07.2025 10:02:13	21,41	-0,05	0,08	0,16	1486,13
15	31.07.2025 10:02:14	21,41	-0,03	0,08	0,16	1486,13
16	31.07.2025 10:02:15	21,41	-0,05	0,08	0,16	1486,13
17	31.07.2025 10:02:16	21,44	-0,05	0,08	0,16	1486,22
18	31.07.2025 10:02:17	21,44	-0,03	0,08	0,16	1486,22
19	31.07.2025 10:02:18	21,44	-0,05	0,08	0,16	1486,22
20	31.07.2025 10:02:19	21,44	-0,05	0,08	0,16	1486,22
21	31.07.2025 10:02:20	21,44	-0,03	0,08	0,16	1486,22
22	31.07.2025 10:02:21	21,44	-0,05	0,08	0,16	1486,22
23	31.07.2025 10:02:22	21,44	-0,05	0,08	0,16	1486,22
24	31.07.2025 10:02:23	21,44	-0,03	0,08	0,16	1486,22
25	31.07.2025 10:02:24	21,47	-0,03	0,08	0,16	1486,31
26	31.07.2025 10:02:25	21,47	-0,03	0,08	0,16	1486,31
27	31.07.2025 10:02:26	21,47	-0,05	0,08	0,16	1486,31
28	31.07.2025 10:02:27	21,47	-0,03	0,08	0,16	1486,31
29	31.07.2025 10:02:28	21,47	-0,05	0,08	0,16	1486,31
30	31.07.2025 10:02:29	21,47	-0,05	0,08	0,16	1486,31
31	31.07.2025 10:02:30	21,47	-0,05	0,08	0,16	1486,31
32	31.07.2025 10:02:31	21,47	-0,03	0,08	0,16	1486,31
33	31.07.2025 10:02:32	21,47	-0,05	0,08	0,16	1486,31
34	31.07.2025 10:02:33	21,47	-0,05	0,08	0,16	1486,31
35	31.07.2025 10:02:34	21,47	-0,05	0,08	0,16	1486,31
36	31.07.2025 10:02:35	21,50	-0,05	0,08	0,16	1486,39
37	31.07.2025 10:02:36	21,50	-0,05	0,08	0,16	1486,39
38	31.07.2025 10:02:37	21,50	-0,05	0,08	0,16	1486,39
39	31.07.2025 10:02:38	21,50	-0,05	0,08	0,16	1486,39
40	31.07.2025 10:02:39	21,50	-0,05	0,08	0,16	1486,39
41	31.07.2025 10:02:40	21,50	-0,03	0,08	0,16	1486,40
42	31.07.2025 10:02:41	21,50	-0,05	0,08	0,16	1486,39
43	31.07.2025 10:02:42	21,50	-0,05	0,08	0,16	1486,39
44	31.07.2025 10:02:43	21,50	-0,05	0,08	0,16	1486,39
45	31.07.2025 10:02:44	21,50	-0,05	0,08	0,16	1486,39
46	31.07.2025 10:02:45	21,50	-0,05	0,08	0,16	1486,39
47	31.07.2025 10:02:46	21,50	-0,05	0,08	0,16	1486,39
48	31.07.2025 10:02:47	21,50	-0,05	0,08	0,16	1486,39
49	31.07.2025 10:02:48	21,50	-0,05	0,08	0,16	1486,39
50	31.07.2025 10:02:49	21,50	-0,03	0,08	0,16	1486,40
51	31.07.2025 10:02:50	21,50	-0,03	0,08	0,16	1486,40
52	31.07.2025 10:02:51	21,53	-0,03	0,08	0,16	1486,48
53	31.07.2025 10:02:52	21,53	-0,05	0,08	0,16	1486,48
54	31.07.2025 10:02:53	21,53	-0,05	0,08	0,16	1486,48
55	31.07.2025 10:02:54	21,53	-0,05	0,08	0,16	1486,48
56	31.07.2025 10:02:55	21,53	-0,05	0,08	0,16	1486,48
57	31.07.2025 10:02:56	21,53	-0,05	0,08	0,16	1486,48
58	31.07.2025 10:02:57	21,53	-0,03	0,08	0,16	1486,48
59	31.07.2025 10:02:58	21,53	-0,05	0,08	0,16	1486,48
60	31.07.2025 10:02:59	21,53	-0,07	0,08	0,16	1486,48
61	31.07.2025 10:03:00	21,53	-0,05	0,08	0,16	1486,48
62	31.07.2025 10:03:01	21,53	-0,07	0,08	0,16	1486,48
63	31.07.2025 10:03:02	21,53	-0,07	0,08	0,16	1486,48
64	31.07.2025 10:03:03	21,53	-0,05	0,08	0,16	1486,48
65	31.07.2025 10:03:04	21,53	-0,05	0,08	0,16	1486,48
66	31.07.2025 10:03:05	21,53	-0,05	0,08	0,16	1486,48
67	31.07.2025 10:03:06	21,53	-0,05	0,08	0,16	1486,48
68	31.07.2025 10:03:07	21,53	-0,05	0,08	0,16	1486,48
69	31.07.2025 10:03:08	21,53	-0,05	0,08	0,16	1486,48
70	31.07.2025 10:03:09	21,53	-0,05	0,08	0,16	1486,48
71	31.07.2025 10:03:10	21,53	-0,05	0,08	0,16	1486,48
72	31.07.2025 10:03:11	21,53	-0,05	0,08	0,16	1486,48
73	31.07.2025 10:03:12	21,53	-0,05	0,08	0,16	1486,48
74	31.07.2025 10:03:13	21,53	-0,05	0,08	0,16	1486,48
75	31.07.2025 10:03:14	21,55	-0,05	0,08	0,16	1486,57
76	31.07.2025 10:03:15	21,55	-0,05	0,08	0,16	1486,57
77	31.07.2025 10:03:16	21,55	-0,05	0,08	0,16	1486,57
78	31.07.2025 10:03:17	21,55	-0,05	0,08	0,16	1486,57
79	31.07.2025 10:03:18	21,55	-0,05	0,08	0,16	1486,57
80	31.07.2025 10:03:19	21,55	-0,05	0,08	0,16	1486,57
81	31.07.2025 10:03:20	21,55	-0,05	0,08	0,16	1486,57
82	31.07.2025 10:03:21	21,55	-0,05	0,08	0,16	1486,57
83	31.07.2025 10:03:22	21,55	-0,05	0,08	0,16	1486,57
84	31.07.2025 10:03:23	21,55	-0,05	0,08	0,16	1486,57
85	31.07.2025 10:03:24	21,55	-0,05	0,08	0,16	1486,57
86	31.07.2025 10:03:25	21,55	-0,07	0,08	0,16	1486,57
87	31.07.2025 10:03:26	21,55	-0,05	0,08	0,16	1486,57
88	31.07.2025 10:03:27	21,55	-0,05	0,08	0,16	1486,57
89	31.07.2025 10:03:28	21,55	-0,05	0,08	0,16	1486,57
90	31.07.2025 10:03:29	21,55	-0,05	0,08	0,16	1486,57
91	31.07.2025 10:03:30	21,55	-0,05	0,08	0,16	1486,57
92	31.07.2025 10:03:31	21,55	-0,05	0,08	0,16	1486,57
93	31.07.2025 10:03:32	21,55	-0,05	0,08	0,16	1486,57
94	31.07.2025 10:03:33	21,55	-0,05	0,08	0,16	1486,57
95	31.07.2025 10:03:34	21,55	-0,05	0,08	0,16	1486,57
96	31.07.2025 10:03:35	21,55	-0,05	0,08	0,16	1486,57
97	31.07.2025 10:03:36	21,58	-0,05	0,08	0,16	1486,66
98	31.07.2025 10:03:37	21,58	-0,05	0,08	0,16	1486,66
99	31.07.2025 10:03:38	21,58	-0,05	0,08	0,16	1486,66
100	31.07.2025 10:03:39	21,58	-0,05	0,08	0,16	1486,66
101	31.07.2025 10:03:40	21,58	-0,05	0,08	0,16	1486,66
102	31.07.2025 10:03:41	21,58	-0,05	0,08	0,16	1486,66
103	31.07.2025 10:03:42	21,58	-0,05	0,08	0,16	1486,66
104	31.07.2025 10:03:43	21,58	-0,05	0,08	0,16	1486,66
105	31.07.2025 10:03:44	21,61	-0,07	0,08	0,16	1486,74
106	31.07.2025 10:03:45	21,61	-0,05	0,08	0,16	1486,74
107	31.07.2025 10:03:46	21,61	-0,05	0,08	0,16	1486,74
108	31.07.2025 10:03:47	21,61	-0,05	0,08	0,16	1486,74
109	31.07.2025 10:03:48	21,61	-0,05	0,08	0,16	1486,74
110	31.07.2025 10:03:49	21,64	-0,03	0,08	0,16	1486,83
111	31.07.2025 10:03:50	21,64	-0,05	0,08	0,16	1486,83
112	31.07.2025 10:03:51	21,64	-0,03	0,08	0,16	1486,83
113	31.07.2025 10:03:52	21,64	-0,03	0,08	0,16	1486,83
114	31.07.2025 10:03:53	21,64	-0,05	0,08	0,16	1486,83
115	31.07.2025 10:03:54	21,64	-0,03	0,08	0,16	1486,83
116	31.07.2025 10:03:55	21,64	-0,03	0,08	0,16	1486,83
117	31.07.2025 10:03:56	21,67	-0,03	0,08	0,16	1486,92
118	31.07.2025 10:03:57	21,67	-0,03	0,08	0,16	1486,92
119	31.07.2025 10:03:58	21,67	-0,03	0,08	0,16	1486,92
120	31.07.2025 10:03:59	21,67	-0,03	0,08	0,16	1486,92
121	31.07.2025 10:04:00	21,67	-0,03	0,08	0,16	1486,92
122	31.07.2025 10:04:01	21,70	-0,03	0,08	0,16	1487,01
123	31.07.2025 10:04:02	21,70	-0,03	0,08	0,16	1487,01
124	31.07.2025 10:04:03	21,70	-0,03	0,08	0,16	1487,01
125	31.07.2025 10:04:04	21,70	-0,03	0,08	0,16	1487,01
126	31.07.2025 10:04:05	21,70	-0,03	0,08	0,16	1487,01
127	31.07.2025 10:04:06	21,73	-0,05	0,08	0,16	1487,09
128	31.07.2025 10:04:07	21,73	-0,05	0,08	0,16	1487,09
129	31.07.2025 10:04:08	21,73	-0,03	0,08	0,16	1487,09
130	31.07.2025 10:04:09	21,73	-0,05	0,08	0,16	1487,09
131	31.07.2025 10:04:10	21,76	-0,05	0,08	0,16	1487,18
132	31.07.2025 10:04:11	21,76	-0,05	0,08	0,16	1487,18
133	31.07.2025 10:04:12	21,76	-0,05	0,08	0,16	1487,18
134	31.07.2025 10:04:13	21,76	-0,03	0,08	0,16	1487,18
135	31.07.2025 10:04:14	21,79	-0,05	0,08	0,16	1487,27
136	31.07.2025 10:04:15	21,79	-0,03	0,08	0,16	1487,27
137	31.07.2025 10:04:16	21,79	-0,05	0,08	0,16	1487,27
138	31.07.2025 10:04:17	21,79	-0,03	0,08	0,16	1487,27
139	31.07.2025 10:04:18	21,79	-0,05	0,08	0,16	1487,27
140	31.07.2025 10:04:19	21,79	-0,05	0,08	0,16	1487,27
141	31.07.2025 10:04:20	21,82	-0,05	0,08	0,16	1487,35
142	31.07.2025 10:04:21	21,82	-0,05	0,08	0,16	1487,35
143	31.07.2025 10:04:22	21,82	-0,05	0,08	0,16	1487,35
144	31.07.2025 10:04:23	21,82	-0,05	0,08	0,16	1487,35
145	31.07.2025 10:04:24	21,82	-0,05	0,08	0,16	1487,35
146	31.07.2025 10:04:25	21,82	-0,05	0,08	0,16	1487,35
147	31.07.2025 10:04:26	21,85	-0,03	0,08	0,16	1487,44
148	31.07.2025 10:04:27	21,85	-0,05	0,08	0,16	1487,44
149	31.07.2025 10:04:28	21,85	-0,05	0,08	0,16	1487,44
150	31.07.2025 10:04:29	21,85	-0,05	0,08	0,16	1487,44
151	31.07.2025 10:04:30	21,85	-0,05	0,08	0,16	1487,44
152	31.07.2025 10:04:31	21,88	-0,05	0,08	0,16	1487,53
153	31.07.2025 10:04:32	21,88	-0,03	0,08	0,16	1487,53
154	31.07.2025 10:04:33	21,88	-0,05	0,08	0,16	1487,53
155	31.07.2025 10:04:34	21,88	-0,05	0,08	0,16	1487,53
156	31.07.2025 10:04:35	21,91	-0,05	0,08	0,16	1487,61
157	31.07.2025 10:04:36	21,91	-0,05	0,08	0,16	1487,61
158	31.07.2025 10:04:37	21,91	-0,05	0,08	0,16	1487,61
159	31.07.2025 10:04:38	21,91	-0,05	0,08	0,16	1487,61
160	31.07.2025 10:04:39	21,91	-0,05	0,08	0,16	1487,61
161	31.07.2025 10:04:40	21,91	-0,05	0,08	0,16	1487,61
162	31.07.2025 10:04:41	21,93	-0,05	0,08	0,16	1487,70
163	31.07.2025 10:04:42	21,93	-0,05	0,08	0,16	1487,70
164	31.07.2025 10:04:43	21,93	-0,05	0,09	0,18	1487,71
165	31.07.2025 10:04:44	21,93	-0,05	0,08	0,16	1487,70
166	31.07.2025 10:04:45	21,93	-0,05	0,08	0,16	1487,70
167	31.07.2025 10:04:46	21,93	-0,05	0,08	0,16	1487,70
168	31.07.2025 10:04:47	21,93	-0,05	0,08	0,16	1487,70
169	31.07.2025 10:04:48	21,93	-0,05	0,08	0,16	1487,70
170	31.07.2025 10:04:49	21,93	-0,03	0,08	0,16	1487,70
171	31.07.2025 10:04:50	21,93	-0,05	0,08	0,16	1487,70
172	31.07.2025 10:04:51	21,93	-0,05	0,08	0,16	1487,70
173	31.07.2025 10:04:52	21,93	-0,07	0,08	0,16	1487,70
174	31.07.2025 10:04:53	21,93	-0,05	0,08	0,16	1487,70
175	31.07.2025 10:04:54	21,93	-0,05	0,08	0,16	1487,70
176	31.07.2025 10:04:55	21,93	-0,05	0,08	0,16	1487,70
177	31.07.2025 10:04:56	21,93	-0,05	0,08	0,16	1487,70
178	31.07.2025 10:04:57	21,93	-0,05	0,08	0,16	1487,70
179	31.07.2025 10:04:58	21,93	-0,05	0,08	0,16	1487,70
180	31.07.2025 10:04:59	21,93	-0,05	0,08	0,16	1487,70
181	31.07.2025 10:05:00	21,93	-0,07	0,08	0,16	1487,70
182	31.07.2025 10:05:01	21,93	-0,07	0,08	0,16	1487,70
183	31.07.2025 10:05:02	21,93	-0,07	0,09	0,18	1487,71
184	31.07.2025 10:05:03	21,93	-0,07	0,09	0,18	1487,71
185	31.07.2025 10:05:04	21,93	-0,05	0,09	0,18	1487,71
186	31.07.2025 10:05:05	21,96	-0,05	0,08	0,16	1487,79
187	31.07.2025 10:05:06	21,96	-0,07	0,08	0,16	1487,78
188	31.07.2025 10:05:07	21,96	-0,05	0,08	0,16	1487,79
189	31.07.2025 10:05:08	21,93	-0,05	0,08	0,16	1487,70
190	31.07.2025 10:05:09	21,93	-0,07	0,08	0,16	1487,70
191	31.07.2025 10:05:10	21,96	-0,07	0,08	0,16	1487,78
192	31.07.2025 10:05:11	21,96	-0,07	0,08	0,16	1487,78
193	31.07.2025 10:05:12	21,93	-0,05	0,08	0,16	1487,70
194	31.07.2025 10:05:13	21,96	-0,05	0,08	0,16	1487,79
195	31.07.2025 10:05:14	21,96	-0,05	0,08	0,16	1487,79
196	31.07.2025 10:05:15	21,96	-0,07	0,08	0,16	1487,78
197	31.07.2025 10:05:16	21,93	-0,05	0,08	0,16	1487,70
198	31.07.2025 10:05:17	21,96	-0,07	0,08	0,16	1487,78
199	31.07.2025 10:05:18	21,96	-0,05	0,08	0,16	1487,79
200	31.07.2025 10:05:19	21,96	-0,05	0,08	0,16	1487,79
201	31.07.2025 10:05:20	21,96	-0,07	0,09	0,18	1487,80
202	31.07.2025 10:05:21	21,96	-0,05	0,09	0,18	1487,80
203	31.07.2025 10:05:22	21,96	-0,05	0,09	0,18	1487,80
204	31.07.2025 10:05:23	21,96	-0,05	0,09	0,18	1487,80
205	31.07.2025 10:05:24	21,96	-0,05	0,09	0,18	1487,80
206	31.07.2025 10:05:25	21,96	-0,05	0,09	0,18	1487,80
207	31.07.2025 10:05:26	21,96	-0,05	0,09	0,18	1487,80
208	31.07.2025 10:05:27	21,96	-0,05	0,09	0,18	1487,80
209	31.07.2025 10:05:28	21,96	-0,05	0,09	0,18	1487,80
210	31.07.2025 10:05:29	21,96	-0,05	0,08	0,16	1487,79
211	31.07.2025 10:05:30	21,96	-0,05	0,09	0,18	1487,80
212	31.07.2025 10:05:31	21,96	-0,05	0,09	0,18	1487,80
213	31.07.2025 10:05:32	21,96	-0,05	0,09	0,18	1487,80
214	31.07.2025 10:05:33	21,96	-0,07	0,09	0,18	1487,80
215	31.07.2025 10:05:34	21,96	-0,05	0,09	0,18	1487,80
216	31.07.2025 10:05:35	21,96	-0,05	0,09	0,18	1487,80
217	31.07.2025 10:05:36	21,96	-0,05	0,09	0,18	1487,80
218	31.07.2025 10:05:37	21,96	-0,05	0,09	0,18	1487,80
219	31.07.2025 10:05:38	21,96	-0,05	0,09	0,18	1487,80
220	31.07.2025 10:05:39	21,96	-0,07	0,09	0,18	1487,80
221	31.07.2025 10:05:40	21,96	-0,07	0,09	0,18	1487,80
222	31.07.2025 10:05:41	21,96	-0,05	0,09	0,18	1487,80
223	31.07.2025 10:05:42	21,96	-0,05	0,09	0,18	1487,80
224	31.07.2025 10:05:43	21,96	-0,05	0,09	0,18	1487,80
225	31.07.2025 10:05:44	21,99	-0,07	0,09	0,18	1487,88
226	31.07.2025 10:05:45	21,99	-0,05	0,09	0,18	1487,89
227	31.07.2025 10:05:46	21,99	-0,05	0,09	0,18	1487,89
228	31.07.2025 10:05:47	21,99	-0,05	0,09	0,18	1487,89
229	31.07.2025 10:05:48	21,99	-0,05	0,09	0,18	1487,89
230	31.07.2025 10:05:49	22,02	-0,03	0,09	0,18	1487,98
231	31.07.2025 10:05:50	22,02	-0,05	0,09	0,18	1487,97
232	31.07.2025 10:05:51	22,02	-0,05	0,09	0,18	1487,97
233	31.07.2025 10:05:52	22,02	-0,05	0,09	0,18	1487,97
234	31.07.2025 10:05:53	22,02	-0,05	0,09	0,18	1487,97
235	31.07.2025 10:05:54	22,05	-0,03	0,08	0,16	1488,05
236	31.07.2025 10:05:55	22,05	-0,05	0,08	0,16	1488,04
237	31.07.2025 10:05:56	22,05	-0,03	0,08	0,16	1488,05
238	31.07.2025 10:05:57	22,08	-0,05	0,09	0,18	1488,15
239	31.07.2025 10:05:58	22,08	-0,03	0,09	0,18	1488,15
240	31.07.2025 10:05:59	22,08	-0,03	0,09	0,18	1488,15
241	31.07.2025 10:06:00	22,08	-0,05	0,08	0,16	1488,13
242	31.07.2025 10:06:01	22,11	-0,05	0,08	0,16	1488,22
243	31.07.2025 10:06:02	22,11	-0,03	0,08	0,16	1488,22
244	31.07.2025 10:06:03	22,11	-0,05	0,08	0,16	1488,22
245	31.07.2025 10:06:04	22,14	-0,05	0,09	0,18	1488,32
246	31.07.2025 10:06:05	22,14	-0,05	0,14	0,27	1488,36
247	31.07.2025 10:06:06	22,14	-0,05	0,15	0,29	1488,38
248	31.07.2025 10:06:07	22,14	-0,05	0,15	0,29	1488,38
249	31.07.2025 10:06:08	22,14	-0,03	0,15	0,29	1488,38
250	31.07.2025 10:06:09	22,14	-0,03	0,16	0,32	1488,40
251	31.07.2025 10:06:10	22,14	-0,03	0,14	0,27	1488,37
252	31.07.2025 10:06:11	22,14	-0,05	0,16	0,32	1488,40
253	31.07.2025 10:06:12	22,14	-0,03	0,16	0,32	1488,40
254	31.07.2025 10:06:13	22,14	-0,05	0,15	0,29	1488,38
255	31.07.2025 10:06:14	22,14	-0,03	0,16	0,32	1488,40
256	31.07.2025 10:06:15	22,14	-0,05	0,16	0,32	1488,40
257	31.07.2025 10:06:16	22,14	-0,05	0,15	0,29	1488,38
258	31.07.2025 10:06:17	22,14	-0,03	0,16	0,32	1488,40
259	31.07.2025 10:06:18	22,14	-0,03	0,15	0,29	1488,38
260	31.07.2025 10:06:19	22,14	-0,03	0,16	0,32	1488,40
261	31.07.2025 10:06:20	22,14	-0,03	0,16	0,32	1488,40
262	31.07.2025 10:06:21	22,14	-0,05	0,15	0,29	1488,38
263	31.07.2025 10:06:22	22,14	-0,05	0,15	0,29	1488,38
264	31.07.2025 10:06:23	22,14	-0,03	0,15	0,29	1488,38
265	31.07.2025 10:06:24	22,14	-0,05	0,15	0,29	1488,38
266	31.07.2025 10:06:25	22,14	-0,05	0,16	0,32	1488,40
267	31.07.2025 10:06:26	22,14	-0,05	0,16	0,32	1488,40
268	31.07.2025 10:06:27	22,14	-0,03	0,15	0,29	1488,38
269	31.07.2025 10:06:28	22,11	-0,03	0,16	0,32	1488,31
270	31.07.2025 10:06:29	22,11	-0,03	0,16	0,32	1488,31
271	31.07.2025 10:06:30	22,11	-0,05	0,15	0,29	1488,29
272	31.07.2025 10:06:31	22,11	-0,05	0,15	0,29	1488,29
273	31.07.2025 10:06:32	22,11	-0,03	0,15	0,29	1488,30
274	31.07.2025 10:06:33	22,11	-0,03	0,16	0,32	1488,31
275	31.07.2025 10:06:34	22,11	-0,05	0,16	0,32	1488,31
276	31.07.2025 10:06:35	22,11	-0,05	0,15	0,29	1488,29
277	31.07.2025 10:06:36	22,11	-0,03	0,16	0,32	1488,31
278	31.07.2025 10:06:37	22,11	-0,03	0,15	0,29	1488,30
279	31.07.2025 10:06:38	22,11	-0,03	0,15	0,29	1488,30
280	31.07.2025 10:06:39	22,11	-0,05	0,16	0,32	1488,31
281	31.07.2025 10:06:40	22,11	-0,05	0,15	0,29	1488,29
282	31.07.2025 10:06:41	22,11	-0,03	0,15	0,29	1488,30
283	31.07.2025 10:06:42	22,11	-0,03	0,15	0,29	1488,30
284	31.07.2025 10:06:43	22,11	-0,05	0,15	0,29	1488,29
285	31.07.2025 10:06:44	22,11	-0,03	0,19	0,38	1488,34
286	31.07.2025 10:06:45	22,11	-0,03	0,22	0,43	1488,38
287	31.07.2025 10:06:46	22,11	-0,05	0,15	0,29	1488,29
288	31.07.2025 10:06:47	22,11	-0,03	0,18	0,35	1488,33
289	31.07.2025 10:06:48	22,11	-0,05	0,15	0,29	1488,29
290	31.07.2025 10:06:49	22,11	-0,03	0,16	0,32	1488,31
291	31.07.2025 10:06:50	22,11	-0,03	0,15	0,29	1488,30
292	31.07.2025 10:06:51	22,11	-0,03	0,21	0,40	1488,36
293	31.07.2025 10:06:52	22,11	-0,03	0,16	0,32	1488,31
294	31.07.2025 10:06:53	22,08	-0,03	0,15	0,29	1488,21
295	31.07.2025 10:06:54	22,08	-0,03	0,15	0,29	1488,21
296	31.07.2025 10:06:55	22,08	-0,03	0,15	0,29	1488,21
297	31.07.2025 10:06:56	22,08	-0,03	0,15	0,29	1488,21
298	31.07.2025 10:06:57	22,08	-0,03	0,16	0,32	1488,23
299	31.07.2025 10:06:58	22,08	-0,03	0,15	0,29	1488,21
300	31.07.2025 10:06:59	22,08	-0,03	0,15	0,29	1488,21
301	31.07.2025 10:07:00	22,08	-0,05	0,15	0,29	1488,21
302	31.07.2025 10:07:01	22,08	-0,03	0,15	0,29	1488,21
303	31.07.2025 10:07:02	22,08	-0,03	0,18	0,35	1488,24
304	31.07.2025 10:07:03	22,08	-0,03	0,19	0,38	1488,26
305	31.07.2025 10:07:04	22,08	-0,05	0,15	0,29	1488,21
306	31.07.2025 10:07:05	22,08	-0,03	0,15	0,29	1488,21
307	31.07.2025 10:07:06	22,08	-0,03	0,18	0,35	1488,24
308	31.07.2025 10:07:07	22,08	-0,03	0,15	0,29	1488,21
309	31.07.2025 10:07:08	22,08	-0,03	0,15	0,29	1488,21
310	31.07.2025 10:07:09	22,08	-0,03	0,18	0,35	1488,24
311	31.07.2025 10:07:10	22,08	-0,05	0,15	0,29	1488,21
312	31.07.2025 10:07:11	22,08	-0,05	0,16	0,32	1488,22
313	31.07.2025 10:07:12	22,08	-0,05	0,15	0,29	1488,21
314	31.07.2025 10:07:13	22,08	-0,05	0,15	0,29	1488,21
315	31.07.2025 10:07:14	22,08	-0,05	0,15	0,29	1488,21
316	31.07.2025 10:07:15	22,08	-0,03	0,16	0,32	1488,23
317	31.07.2025 10:07:16	22,08	-0,03	0,15	0,29	1488,21
318	31.07.2025 10:07:17	22,08	-0,03	0,15	0,29	1488,21
319	31.07.2025 10:07:18	22,08	-0,05	0,15	0,29	1488,21
320	31.07.2025 10:07:19	22,08	-0,05	0,16	0,32	1488,22
321	31.07.2025 10:07:20	22,08	-0,03	0,15	0,29	1488,21
322	31.07.2025 10:07:21	22,05	-0,03	0,15	0,29	1488,12
323	31.07.2025 10:07:22	22,05	-0,07	0,15	0,29	1488,12
324	31.07.2025 10:07:23	22,05	-0,03	0,18	0,35	1488,16
325	31.07.2025 10:07:24	22,05	-0,03	0,16	0,32	1488,14
326	31.07.2025 10:07:25	22,05	-0,03	0,15	0,29	1488,12
327	31.07.2025 10:07:26	22,05	-0,03	0,16	0,32	1488,14
328	31.07.2025 10:07:27	22,05	-0,03	0,15	0,29	1488,12
329	31.07.2025 10:07:28	22,05	-0,03	0,15	0,29	1488,12
330	31.07.2025 10:07:29	22,05	-0,03	0,15	0,29	1488,12
331	31.07.2025 10:07:30	22,05	-0,05	0,15	0,29	1488,12
332	31.07.2025 10:07:31	22,05	-0,03	0,18	0,35	1488,16
333	31.07.2025 10:07:32	22,05	-0,03	0,15	0,29	1488,12
334	31.07.2025 10:07:33	22,05	-0,05	0,16	0,32	1488,14
335	31.07.2025 10:07:34	22,05	-0,05	0,15	0,29	1488,12
336	31.07.2025 10:07:35	22,05	-0,05	0,16	0,32	1488,14
337	31.07.2025 10:07:36	22,05	-0,05	0,15	0,29	1488,12
338	31.07.2025 10:07:37	22,05	-0,03	0,15	0,29	1488,12
339	31.07.2025 10:07:38	22,05	-0,05	0,15	0,29	1488,12
340	31.07.2025 10:07:39	22,05	-0,03	0,15	0,29	1488,12
341	31.07.2025 10:07:40	22,05	-0,03	0,15	0,29	1488,12
342	31.07.2025 10:07:41	22,05	-0,05	0,15	0,29	1488,12
343	31.07.2025 10:07:42	22,05	-0,03	0,15	0,29	1488,12
344	31.07.2025 10:07:43	22,05	-0,05	0,15	0,29	1488,12
345	31.07.2025 10:07:44	22,05	-0,05	0,15	0,29	1488,12
346	31.07.2025 10:07:45	22,02	-0,03	0,15	0,29	1488,04
347	31.07.2025 10:07:46	22,02	-0,03	0,15	0,29	1488,04
348	31.07.2025 10:07:47	22,02	-0,05	0,18	0,35	1488,07
349	31.07.2025 10:07:48	22,02	-0,05	0,15	0,29	1488,04
350	31.07.2025 10:07:49	22,02	-0,05	0,15	0,29	1488,04
351	31.07.2025 10:07:50	22,02	-0,03	0,15	0,29	1488,04
352	31.07.2025 10:07:51	22,02	-0,03	0,15	0,29	1488,04
353	31.07.2025 10:07:52	22,02	-0,03	0,15	0,29	1488,04
354	31.07.2025 10:07:53	22,02	-0,05	0,15	0,29	1488,04
355	31.07.2025 10:07:54	22,02	-0,03	0,15	0,29	1488,04
356	31.07.2025 10:07:55	22,02	-0,03	0,15	0,29	1488,04
357	31.07.2025 10:07:56	22,02	-0,03	0,15	0,29	1488,04
358	31.07.2025 10:07:57	22,02	-0,03	0,15	0,29	1488,04
359	31.07.2025 10:07:58	22,02	-0,03	0,15	0,29	1488,04
360	31.07.2025 10:07:59	22,02	-0,03	0,15	0,29	1488,04
361	31.07.2025 10:08:00	22,02	-0,05	0,15	0,29	1488,04
362	31.07.2025 10:08:01	22,02	-0,03	0,15	0,29	1488,04
363	31.07.2025 10:08:02	22,02	-0,03	0,16	0,32	1488,05
364	31.07.2025 10:08:03	22,02	-0,03	0,15	0,29	1488,04
365	31.07.2025 10:08:04	22,02	-0,03	0,15	0,29	1488,04
366	31.07.2025 10:08:05	21,99	-0,05	0,16	0,32	1487,97
367	31.07.2025 10:08:06	21,99	-0,05	0,16	0,32	1487,97
368	31.07.2025 10:08:07	21,99	-0,05	0,15	0,29	1487,95
369	31.07.2025 10:08:08	21,99	-0,05	0,15	0,29	1487,95
370	31.07.2025 10:08:09	21,99	-0,05	0,16	0,32	1487,97
371	31.07.2025 10:08:10	21,99	-0,05	0,15	0,29	1487,95
372	31.07.2025 10:08:11	21,99	-0,05	0,15	0,29	1487,95
373	31.07.2025 10:08:12	21,99	-0,05	0,16	0,32	1487,97
374	31.07.2025 10:08:13	21,99	-0,05	0,15	0,29	1487,95
375	31.07.2025 10:08:14	21,99	-0,05	0,15	0,29	1487,95
376	31.07.2025 10:08:15	21,99	-0,07	0,16	0,32	1487,96
377	31.07.2025 10:08:16	21,99	-0,03	0,16	0,32	1487,97
378	31.07.2025 10:08:17	21,99	-0,05	0,22	0,43	1488,03
379	31.07.2025 10:08:18	21,99	-0,05	0,18	0,35	1487,98
380	31.07.2025 10:08:19	21,99	-0,07	0,19	0,38	1487,99
381	31.07.2025 10:08:20	21,99	-0,05	0,22	0,43	1488,03
382	31.07.2025 10:08:21	21,99	-0,05	0,16	0,32	1487,97
383	31.07.2025 10:08:22	21,99	-0,05	0,19	0,38	1488,00
384	31.07.2025 10:08:23	21,99	-0,03	0,18	0,35	1487,98
385	31.07.2025 10:08:24	21,99	-0,07	0,16	0,32	1487,96
386	31.07.2025 10:08:25	21,99	-0,05	0,15	0,29	1487,95
387	31.07.2025 10:08:26	21,96	-0,05	0,16	0,32	1487,88
388	31.07.2025 10:08:27	21,96	-0,05	0,18	0,35	1487,89
389	31.07.2025 10:08:28	21,96	-0,05	0,16	0,32	1487,88
390	31.07.2025 10:08:29	21,96	-0,05	0,16	0,32	1487,88
391	31.07.2025 10:08:30	21,96	-0,05	0,15	0,29	1487,86
392	31.07.2025 10:08:31	21,96	-0,05	0,18	0,35	1487,89
393	31.07.2025 10:08:32	21,96	-0,05	0,16	0,32	1487,88
394	31.07.2025 10:08:33	21,96	-0,05	0,16	0,32	1487,88
395	31.07.2025 10:08:34	21,96	-0,05	0,16	0,32	1487,88
396	31.07.2025 10:08:35	21,96	-0,05	0,15	0,29	1487,86
397	31.07.2025 10:08:36	21,96	-0,05	0,16	0,32	1487,88
398	31.07.2025 10:08:37	21,96	-0,05	0,15	0,29	1487,86
399	31.07.2025 10:08:38	21,96	-0,05	0,15	0,29	1487,86
400	31.07.2025 10:08:39	21,96	-0,07	0,16	0,32	1487,88
401	31.07.2025 10:08:40	21,93	-0,05	0,15	0,29	1487,78
402	31.07.2025 10:08:41	21,96	-0,05	0,16	0,32	1487,88
403	31.07.2025 10:08:42	21,93	-0,05	0,15	0,29	1487,78
404	31.07.2025 10:08:43	21,93	-0,07	0,16	0,32	1487,79
405	31.07.2025 10:08:44	21,93	-0,05	0,15	0,29	1487,78
406	31.07.2025 10:08:45	21,93	-0,03	0,16	0,32	1487,80
407	31.07.2025 10:08:46	21,93	-0,05	0,15	0,29	1487,78
408	31.07.2025 10:08:47	21,93	-0,07	0,18	0,35	1487,81
409	31.07.2025 10:08:48	21,93	-0,05	0,19	0,38	1487,82
410	31.07.2025 10:08:49	21,93	-0,05	0,16	0,32	1487,79
411	31.07.2025 10:08:50	21,93	-0,05	0,16	0,32	1487,79
412	31.07.2025 10:08:51	21,93	-0,05	0,16	0,32	1487,79
413	31.07.2025 10:08:52	21,93	-0,05	0,16	0,32	1487,79
414	31.07.2025 10:08:53	21,93	-0,05	0,15	0,29	1487,78
415	31.07.2025 10:08:54	21,93	-0,05	0,16	0,32	1487,79
416	31.07.2025 10:08:55	21,93	-0,05	0,16	0,32	1487,79
417	31.07.2025 10:08:56	21,93	-0,05	0,15	0,29	1487,78
418	31.07.2025 10:08:57	21,93	-0,05	0,18	0,35	1487,81
419	31.07.2025 10:08:58	21,91	-0,05	0,15	0,29	1487,69
420	31.07.2025 10:08:59	21,91	-0,05	0,15	0,29	1487,69
421	31.07.2025 10:09:00	21,91	-0,05	0,15	0,29	1487,69
422	31.07.2025 10:09:01	21,91	-0,05	0,17	0,32	1487,71
423	31.07.2025 10:09:02	21,91	-0,05	0,15	0,29	1487,69
424	31.07.2025 10:09:03	21,91	-0,03	0,15	0,29	1487,69
425	31.07.2025 10:09:04	21,91	-0,05	0,15	0,29	1487,69
426	31.07.2025 10:09:05	21,91	-0,05	0,17	0,32	1487,71
427	31.07.2025 10:09:06	21,91	-0,05	0,15	0,29	1487,69
428	31.07.2025 10:09:07	21,91	-0,03	0,15	0,29	1487,69
429	31.07.2025 10:09:08	21,91	-0,05	0,17	0,32	1487,71
430	31.07.2025 10:09:09	21,91	-0,05	0,17	0,32	1487,71
431	31.07.2025 10:09:10	21,91	-0,05	0,15	0,29	1487,69
432	31.07.2025 10:09:11	21,91	-0,05	0,15	0,29	1487,69
433	31.07.2025 10:09:12	21,91	-0,03	0,15	0,29	1487,69
434	31.07.2025 10:09:13	21,91	-0,05	0,18	0,35	1487,72
435	31.07.2025 10:09:14	21,88	-0,05	0,15	0,29	1487,60
436	31.07.2025 10:09:15	21,88	-0,03	0,15	0,29	1487,61
437	31.07.2025 10:09:16	21,88	-0,05	0,17	0,32	1487,62
438	31.07.2025 10:09:17	21,88	-0,05	0,18	0,35	1487,64
439	31.07.2025 10:09:18	21,88	-0,05	0,15	0,29	1487,60
440	31.07.2025 10:09:19	21,88	-0,05	0,21	0,40	1487,67
441	31.07.2025 10:09:20	21,88	-0,05	0,18	0,35	1487,64
442	31.07.2025 10:09:21	21,88	-0,05	0,15	0,29	1487,60
443	31.07.2025 10:09:22	21,88	-0,05	0,18	0,35	1487,64
444	31.07.2025 10:09:23	21,88	-0,03	0,17	0,32	1487,62
445	31.07.2025 10:09:24	21,88	-0,05	0,17	0,32	1487,62
446	31.07.2025 10:09:25	21,88	-0,03	0,15	0,29	1487,61
447	31.07.2025 10:09:26	21,88	-0,05	0,17	0,32	1487,62
448	31.07.2025 10:09:27	21,88	-0,05	0,15	0,29	1487,60
449	31.07.2025 10:09:28	21,88	-0,05	0,17	0,32	1487,62
450	31.07.2025 10:09:29	21,88	-0,03	0,15	0,29	1487,61
451	31.07.2025 10:09:30	21,88	-0,05	0,17	0,32	1487,62
452	31.07.2025 10:09:31	21,88	-0,05	0,17	0,32	1487,62
453	31.07.2025 10:09:32	21,88	-0,05	0,15	0,29	1487,60
454	31.07.2025 10:09:33	21,88	-0,03	0,15	0,29	1487,61
455	31.07.2025 10:09:34	21,88	-0,05	0,17	0,32	1487,62
456	31.07.2025 10:09:35	21,85	-0,05	0,18	0,35	1487,55
457	31.07.2025 10:09:36	21,85	-0,05	0,19	0,38	1487,57
458	31.07.2025 10:09:37	21,85	-0,05	0,22	0,43	1487,60
459	31.07.2025 10:09:38	21,85	-0,05	0,19	0,38	1487,57
460	31.07.2025 10:09:39	21,85	-0,05	0,18	0,35	1487,55
461	31.07.2025 10:09:40	21,85	-0,03	0,17	0,32	1487,54
462	31.07.2025 10:09:41	21,85	-0,05	0,15	0,29	1487,52
463	31.07.2025 10:09:42	21,85	-0,05	0,17	0,32	1487,53
464	31.07.2025 10:09:43	21,85	-0,05	0,15	0,29	1487,52
465	31.07.2025 10:09:44	21,85	-0,05	0,15	0,29	1487,52
466	31.07.2025 10:09:45	21,85	-0,03	0,15	0,29	1487,52
467	31.07.2025 10:09:46	21,85	-0,05	0,15	0,29	1487,52
468	31.07.2025 10:09:47	21,85	-0,05	0,15	0,29	1487,52
469	31.07.2025 10:09:48	21,85	-0,03	0,17	0,32	1487,54
470	31.07.2025 10:09:49	21,85	-0,05	0,15	0,29	1487,52
471	31.07.2025 10:09:50	21,85	-0,03	0,17	0,32	1487,54
472	31.07.2025 10:09:51	21,85	-0,05	0,15	0,29	1487,52
473	31.07.2025 10:09:52	21,85	-0,05	0,17	0,32	1487,53
474	31.07.2025 10:09:53	21,85	-0,03	0,17	0,32	1487,54
475	31.07.2025 10:09:54	21,82	-0,03	0,15	0,29	1487,43
476	31.07.2025 10:09:55	21,82	-0,05	0,17	0,32	1487,45
477	31.07.2025 10:09:56	21,82	-0,03	0,15	0,29	1487,43
478	31.07.2025 10:09:57	21,82	-0,05	0,18	0,35	1487,46
479	31.07.2025 10:09:58	21,82	-0,05	0,17	0,32	1487,45
480	31.07.2025 10:09:59	21,82	-0,05	0,17	0,32	1487,45
481	31.07.2025 10:10:00	21,82	-0,03	0,15	0,29	1487,43
482	31.07.2025 10:10:01	21,82	-0,05	0,17	0,32	1487,45
483	31.07.2025 10:10:02	21,82	-0,05	0,18	0,35	1487,46
484	31.07.2025 10:10:03	21,82	-0,07	0,17	0,32	1487,44
485	31.07.2025 10:10:04	21,82	-0,05	0,17	0,32	1487,45
486	31.07.2025 10:10:05	21,82	-0,05	0,17	0,32	1487,45
487	31.07.2025 10:10:06	21,82	-0,03	0,15	0,29	1487,43
488	31.07.2025 10:10:07	21,82	-0,05	0,17	0,32	1487,45
489	31.07.2025 10:10:08	21,82	-0,05	0,18	0,35	1487,46
490	31.07.2025 10:10:09	21,82	-0,05	0,19	0,38	1487,48
491	31.07.2025 10:10:10	21,82	-0,05	0,17	0,32	1487,45
492	31.07.2025 10:10:11	21,82	-0,05	0,15	0,29	1487,43
493	31.07.2025 10:10:12	21,82	-0,03	0,19	0,38	1487,48
494	31.07.2025 10:10:13	21,82	-0,05	0,17	0,32	1487,45
495	31.07.2025 10:10:14	21,82	-0,05	0,17	0,32	1487,45
496	31.07.2025 10:10:15	21,79	-0,05	0,17	0,32	1487,36
497	31.07.2025 10:10:16	21,79	-0,05	0,18	0,35	1487,38
498	31.07.2025 10:10:17	21,79	-0,05	0,17	0,32	1487,36
499	31.07.2025 10:10:18	21,79	-0,03	0,15	0,29	1487,35
500	31.07.2025 10:10:19	21,79	-0,05	0,18	0,35	1487,38
501	31.07.2025 10:10:20	21,79	-0,03	0,15	0,29	1487,35
502	31.07.2025 10:10:21	21,79	-0,05	0,17	0,32	1487,36
503	31.07.2025 10:10:22	21,79	-0,05	0,22	0,43	1487,42
504	31.07.2025 10:10:23	21,79	-0,03	0,17	0,32	1487,36
505	31.07.2025 10:10:24	21,79	-0,05	0,17	0,32	1487,36
506	31.07.2025 10:10:25	21,79	-0,03	0,17	0,32	1487,36
507	31.07.2025 10:10:26	21,79	-0,05	0,17	0,32	1487,36
508	31.07.2025 10:10:27	21,79	-0,03	0,15	0,29	1487,35
509	31.07.2025 10:10:28	21,79	-0,05	0,17	0,32	1487,36
510	31.07.2025 10:10:29	21,79	-0,05	0,18	0,35	1487,38
511	31.07.2025 10:10:30	21,79	-0,05	0,17	0,32	1487,36
512	31.07.2025 10:10:31	21,79	-0,03	0,15	0,29	1487,35
513	31.07.2025 10:10:32	21,79	-0,05	0,15	0,29	1487,34
514	31.07.2025 10:10:33	21,79	-0,03	0,18	0,35	1487,38
515	31.07.2025 10:10:34	21,79	-0,05	0,17	0,32	1487,36
516	31.07.2025 10:10:35	21,79	-0,05	0,17	0,32	1487,36
517	31.07.2025 10:10:36	21,76	-0,03	0,21	0,40	1487,32
518	31.07.2025 10:10:37	21,76	-0,03	0,24	0,46	1487,36
519	31.07.2025 10:10:38	21,76	-0,05	0,24	0,46	1487,35
520	31.07.2025 10:10:39	21,76	-0,03	0,18	0,35	1487,29
521	31.07.2025 10:10:40	21,76	-0,05	0,19	0,38	1487,30
522	31.07.2025 10:10:41	21,76	-0,03	0,18	0,35	1487,29
523	31.07.2025 10:10:42	21,76	-0,03	0,17	0,32	1487,28
524	31.07.2025 10:10:43	21,76	-0,05	0,21	0,40	1487,32
525	31.07.2025 10:10:44	21,76	-0,05	0,21	0,40	1487,32
526	31.07.2025 10:10:45	21,76	-0,05	0,19	0,38	1487,30
527	31.07.2025 10:10:46	21,76	-0,05	0,18	0,35	1487,29
528	31.07.2025 10:10:47	21,76	-0,03	0,22	0,43	1487,34
529	31.07.2025 10:10:48	21,76	-0,03	0,21	0,40	1487,32
530	31.07.2025 10:10:49	21,76	-0,03	0,17	0,32	1487,28
531	31.07.2025 10:10:50	21,76	-0,05	0,21	0,40	1487,32
532	31.07.2025 10:10:51	21,73	-0,03	0,21	0,40	1487,24
533	31.07.2025 10:10:52	21,73	-0,05	0,17	0,32	1487,19
534	31.07.2025 10:10:53	21,73	-0,05	0,19	0,38	1487,22
535	31.07.2025 10:10:54	21,73	-0,03	0,17	0,32	1487,19
536	31.07.2025 10:10:55	21,73	-0,03	0,17	0,32	1487,19
537	31.07.2025 10:10:56	21,73	-0,05	0,21	0,40	1487,23
538	31.07.2025 10:10:57	21,73	-0,03	0,17	0,32	1487,19
539	31.07.2025 10:10:58	21,73	-0,05	0,18	0,35	1487,20
540	31.07.2025 10:10:59	21,73	-0,03	0,18	0,35	1487,20
541	31.07.2025 10:11:00	21,73	-0,03	0,18	0,35	1487,20
542	31.07.2025 10:11:01	21,73	-0,05	0,18	0,35	1487,20
543	31.07.2025 10:11:02	21,73	-0,03	0,17	0,32	1487,19
544	31.07.2025 10:11:03	21,73	-0,05	0,18	0,35	1487,20
545	31.07.2025 10:11:04	21,73	-0,05	0,21	0,40	1487,23
546	31.07.2025 10:11:05	21,73	-0,05	0,19	0,38	1487,22
547	31.07.2025 10:11:06	21,73	-0,05	0,24	0,46	1487,27
548	31.07.2025 10:11:07	21,73	-0,03	0,24	0,46	1487,27
549	31.07.2025 10:11:08	21,73	-0,03	0,19	0,38	1487,22
550	31.07.2025 10:11:09	21,73	-0,03	0,18	0,35	1487,20
551	31.07.2025 10:11:10	21,73	-0,03	0,22	0,43	1487,25
552	31.07.2025 10:11:11	21,73	-0,03	0,19	0,38	1487,22
553	31.07.2025 10:11:12	21,70	-0,03	0,18	0,35	1487,12
554	31.07.2025 10:11:13	21,70	-0,03	0,21	0,40	1487,15
555	31.07.2025 10:11:14	21,70	-0,03	0,18	0,35	1487,12
556	31.07.2025 10:11:15	21,70	-0,03	0,19	0,38	1487,13
557	31.07.2025 10:11:16	21,70	-0,05	0,17	0,32	1487,10
558	31.07.2025 10:11:17	21,70	-0,03	0,22	0,43	1487,17
559	31.07.2025 10:11:18	21,70	-0,03	0,17	0,32	1487,10
560	31.07.2025 10:11:19	21,70	-0,03	0,19	0,38	1487,13
561	31.07.2025 10:11:20	21,70	-0,03	0,22	0,43	1487,17
562	31.07.2025 10:11:21	21,70	-0,05	0,17	0,32	1487,10
563	31.07.2025 10:11:22	21,70	-0,05	0,17	0,32	1487,10
564	31.07.2025 10:11:23	21,70	-0,03	0,18	0,35	1487,12
565	31.07.2025 10:11:24	21,70	-0,03	0,17	0,32	1487,10
566	31.07.2025 10:11:25	21,70	-0,05	0,18	0,35	1487,12
567	31.07.2025 10:11:26	21,70	-0,05	0,15	0,29	1487,08
568	31.07.2025 10:11:27	21,67	-0,03	0,17	0,32	1487,01
569	31.07.2025 10:11:28	21,67	-0,05	0,15	0,29	1487,00
570	31.07.2025 10:11:29	21,67	-0,03	0,18	0,35	1487,03
571	31.07.2025 10:11:30	21,67	-0,03	0,21	0,40	1487,06
572	31.07.2025 10:11:31	21,67	-0,05	0,17	0,32	1487,01
573	31.07.2025 10:11:32	21,67	-0,03	0,21	0,40	1487,06
574	31.07.2025 10:11:33	21,67	-0,05	0,18	0,35	1487,03
575	31.07.2025 10:11:34	21,67	-0,03	0,18	0,35	1487,03
576	31.07.2025 10:11:35	21,67	-0,03	0,18	0,35	1487,03
577	31.07.2025 10:11:36	21,67	-0,03	0,21	0,40	1487,06
578	31.07.2025 10:11:37	21,67	-0,05	0,17	0,32	1487,01
579	31.07.2025 10:11:38	21,67	-0,03	0,22	0,43	1487,08
580	31.07.2025 10:11:39	21,67	-0,03	0,19	0,38	1487,05
581	31.07.2025 10:11:40	21,67	-0,03	0,19	0,38	1487,05
582	31.07.2025 10:11:41	21,67	-0,03	0,22	0,43	1487,08
583	31.07.2025 10:11:42	21,64	-0,03	0,21	0,40	1486,98
584	31.07.2025 10:11:43	21,64	-0,03	0,21	0,40	1486,98
585	31.07.2025 10:11:44	21,64	-0,05	0,22	0,43	1486,99
586	31.07.2025 10:11:45	21,64	-0,03	0,19	0,38	1486,96
587	31.07.2025 10:11:46	21,64	-0,03	0,21	0,40	1486,98
588	31.07.2025 10:11:47	21,64	-0,03	0,22	0,43	1486,99
589	31.07.2025 10:11:48	21,64	-0,03	0,18	0,35	1486,94
590	31.07.2025 10:11:49	21,64	-0,05	0,18	0,35	1486,94
591	31.07.2025 10:11:50	21,64	-0,03	0,22	0,43	1486,99
592	31.07.2025 10:11:51	21,64	-0,03	0,17	0,32	1486,93
593	31.07.2025 10:11:52	21,61	-0,05	0,15	0,29	1486,82
594	31.07.2025 10:11:53	21,61	-0,03	0,15	0,29	1486,82
595	31.07.2025 10:11:54	21,61	-0,05	0,15	0,29	1486,82
596	31.07.2025 10:11:55	21,61	-0,05	0,15	0,29	1486,82
597	31.07.2025 10:11:56	21,61	-0,05	0,14	0,27	1486,81
598	31.07.2025 10:11:57	21,61	-0,05	0,14	0,27	1486,81
599	31.07.2025 10:11:58	21,61	-0,07	0,15	0,29	1486,82
600	31.07.2025 10:11:59	21,58	-0,07	0,15	0,29	1486,73
601	31.07.2025 10:12:00	21,58	-0,05	0,15	0,29	1486,73
602	31.07.2025 10:12:01	21,58	-0,05	0,15	0,29	1486,73
603	31.07.2025 10:12:02	21,58	-0,05	0,15	0,29	1486,73
604	31.07.2025 10:12:03	21,58	-0,05	0,15	0,29	1486,73
605	31.07.2025 10:12:04	21,58	-0,05	0,14	0,27	1486,72
606	31.07.2025 10:12:05	21,58	-0,05	0,14	0,27	1486,72
607	31.07.2025 10:12:06	21,55	-0,07	0,14	0,27	1486,63
608	31.07.2025 10:12:07	21,55	-0,05	0,15	0,29	1486,65
609	31.07.2025 10:12:08	21,55	-0,05	0,14	0,27	1486,63
610	31.07.2025 10:12:09	21,55	-0,07	0,14	0,27	1486,63
611	31.07.2025 10:12:10	21,55	-0,05	0,14	0,27	1486,63
612	31.07.2025 10:12:11	21,55	-0,07	0,14	0,27	1486,63
613	31.07.2025 10:12:12	21,55	-0,05	0,14	0,27	1486,63
614	31.07.2025 10:12:13	21,55	-0,05	0,14	0,27	1486,63
615	31.07.2025 10:12:14	21,53	-0,05	0,14	0,27	1486,54
616	31.07.2025 10:12:15	21,53	-0,05	0,12	0,24	1486,53
617	31.07.2025 10:12:16	21,53	-0,05	0,12	0,24	1486,53
618	31.07.2025 10:12:17	21,53	-0,05	0,12	0,24	1486,53
619	31.07.2025 10:12:18	21,53	-0,07	0,12	0,24	1486,52
620	31.07.2025 10:12:19	21,53	-0,05	0,12	0,24	1486,53
621	31.07.2025 10:12:20	21,53	-0,05	0,12	0,24	1486,53
622	31.07.2025 10:12:21	21,53	-0,05	0,12	0,24	1486,53
623	31.07.2025 10:12:22	21,53	-0,03	0,12	0,24	1486,53
624	31.07.2025 10:12:23	21,53	-0,03	0,12	0,24	1486,53
625	31.07.2025 10:12:24	21,50	-0,05	0,12	0,24	1486,44
626	31.07.2025 10:12:25	21,50	-0,07	0,12	0,24	1486,44
627	31.07.2025 10:12:26	21,50	-0,05	0,12	0,24	1486,44
628	31.07.2025 10:12:27	21,50	-0,03	0,12	0,24	1486,44
629	31.07.2025 10:12:28	21,50	-0,05	0,12	0,24	1486,44
630	31.07.2025 10:12:29	21,50	-0,05	0,12	0,24	1486,44
631	31.07.2025 10:12:30	21,50	-0,05	0,12	0,24	1486,44
632	31.07.2025 10:12:31	21,50	-0,05	0,12	0,24	1486,44
633	31.07.2025 10:12:32	21,50	-0,03	0,12	0,24	1486,44
634	31.07.2025 10:12:33	21,47	-0,05	0,12	0,24	1486,35
635	31.07.2025 10:12:34	21,47	-0,05	0,12	0,24	1486,35
636	31.07.2025 10:12:35	21,47	-0,05	0,12	0,24	1486,35
637	31.07.2025 10:12:36	21,47	-0,05	0,12	0,24	1486,35
638	31.07.2025 10:12:37	21,47	-0,05	0,12	0,24	1486,35
639	31.07.2025 10:12:38	21,47	-0,05	0,12	0,24	1486,35
640	31.07.2025 10:12:39	21,47	-0,05	0,12	0,24	1486,35
641	31.07.2025 10:12:40	21,47	-0,03	0,12	0,24	1486,36
642	31.07.2025 10:12:41	21,44	-0,05	0,12	0,24	1486,26
643	31.07.2025 10:12:42	21,44	-0,05	0,12	0,24	1486,26
644	31.07.2025 10:12:43	21,44	-0,05	0,12	0,24	1486,26
645	31.07.2025 10:12:44	21,44	-0,05	0,12	0,24	1486,26
646	31.07.2025 10:12:45	21,44	-0,03	0,11	0,21	1486,25
647	31.07.2025 10:12:46	21,44	-0,03	0,12	0,24	1486,27
648	31.07.2025 10:12:47	21,44	-0,05	0,12	0,24	1486,26
649	31.07.2025 10:12:48	21,44	-0,05	0,11	0,21	1486,25
650	31.07.2025 10:12:49	21,44	-0,05	0,11	0,21	1486,25
651	31.07.2025 10:12:50	21,41	-0,05	0,11	0,21	1486,16
652	31.07.2025 10:12:51	21,41	-0,05	0,12	0,24	1486,18
653	31.07.2025 10:12:52	21,41	-0,05	0,12	0,24	1486,18
654	31.07.2025 10:12:53	21,41	-0,05	0,12	0,24	1486,18
655	31.07.2025 10:12:54	21,41	-0,05	0,12	0,24	1486,18
656	31.07.2025 10:12:55	21,41	-0,05	0,12	0,24	1486,18
657	31.07.2025 10:12:56	21,41	-0,05	0,12	0,24	1486,18
658	31.07.2025 10:12:57	21,41	-0,05	0,12	0,24	1486,18
659	31.07.2025 10:12:58	21,41	-0,05	0,12	0,24	1486,18
660	31.07.2025 10:12:59	21,38	-0,05	0,12	0,24	1486,09
661	31.07.2025 10:13:00	21,38	-0,05	0,12	0,24	1486,09
662	31.07.2025 10:13:01	21,38	-0,03	0,12	0,24	1486,09
663	31.07.2025 10:13:02	21,38	-0,03	0,12	0,24	1486,09
664	31.07.2025 10:13:03	21,38	-0,05	0,12	0,24	1486,09
665	31.07.2025 10:13:04	21,38	-0,05	0,12	0,24	1486,09
666	31.07.2025 10:13:05	21,38	-0,05	0,12	0,24	1486,09
667	31.07.2025 10:13:06	21,35	-0,05	0,17	0,32	1486,05
668	31.07.2025 10:13:07	21,35	-0,05	0,17	0,32	1486,05
669	31.07.2025 10:13:08	21,35	-0,05	0,17	0,32	1486,05
670	31.07.2025 10:13:09	21,35	-0,05	0,21	0,40	1486,10
671	31.07.2025 10:13:10	21,35	-0,05	0,31	0,60	1486,21
672	31.07.2025 10:13:11	21,35	-0,05	0,20	0,38	1486,08
673	31.07.2025 10:13:12	21,35	-0,05	0,23	0,43	1486,11
674	31.07.2025 10:13:13	21,32	-0,05	25,86	37,55	1514,77
675	31.07.2025 10:13:14	21,14	-0,15	24,48	35,62	1512,73
676	31.07.2025 10:13:15	20,88	-0,05	25,02	36,12	1512,62
677	31.07.2025 10:13:16	20,65	0,00	25,18	36,14	1512,14
678	31.07.2025 10:13:17	20,47	-0,01	24,66	35,34	1511,06
679	31.07.2025 10:13:18	20,35	-0,01	25,97	36,94	1512,21
680	31.07.2025 10:13:19	20,24	0,02	24,93	35,52	1510,71
681	31.07.2025 10:13:20	20,18	0,02	26,24	37,15	1512,03
682	31.07.2025 10:13:21	20,12	0,00	26,28	37,15	1511,90
683	31.07.2025 10:13:22	20,06	0,04	26,32	37,15	1511,78
684	31.07.2025 10:13:23	20,03	0,04	26,33	37,15	1511,72
685	31.07.2025 10:13:24	19,97	0,04	26,37	37,15	1511,59
686	31.07.2025 10:13:25	19,94	0,06	26,37	37,12	1511,51
687	31.07.2025 10:13:26	19,91	0,04	26,38	37,12	1511,44
688	31.07.2025 10:13:27	19,88	0,06	26,42	37,15	1511,40
689	31.07.2025 10:13:28	19,85	0,04	26,42	37,12	1511,31
690	31.07.2025 10:13:29	19,82	0,04	26,46	37,14	1511,27
691	31.07.2025 10:13:30	19,79	0,02	26,46	37,12	1511,18
692	31.07.2025 10:13:31	19,76	0,00	26,47	37,12	1511,11
693	31.07.2025 10:13:32	19,76	0,00	26,47	37,12	1511,11
694	31.07.2025 10:13:33	19,73	0,02	26,51	37,14	1511,08
695	31.07.2025 10:13:34	19,71	0,00	26,53	37,14	1511,01
696	31.07.2025 10:13:35	19,68	0,02	26,55	37,14	1510,95
697	31.07.2025 10:13:36	19,68	0,02	26,55	37,14	1510,95
698	31.07.2025 10:13:37	19,65	0,00	26,57	37,14	1510,88
699	31.07.2025 10:13:38	19,65	0,00	26,57	37,14	1510,88
700	31.07.2025 10:13:39	19,62	0,02	26,59	37,14	1510,82
701	31.07.2025 10:13:40	19,62	0,02	26,59	37,14	1510,82
702	31.07.2025 10:13:41	19,59	0,00	26,60	37,14	1510,76
703	31.07.2025 10:13:42	19,59	0,02	26,60	37,14	1510,76
704	31.07.2025 10:13:43	19,56	0,02	26,62	37,14	1510,69
705	31.07.2025 10:13:44	19,56	0,02	26,62	37,14	1510,69
706	31.07.2025 10:13:45	19,53	0,02	26,64	37,14	1510,63
707	31.07.2025 10:13:46	19,53	0,02	26,64	37,14	1510,63
708	31.07.2025 10:13:47	19,50	0,02	26,66	37,14	1510,57
709	31.07.2025 10:13:48	19,50	0,02	26,66	37,14	1510,57
710	31.07.2025 10:13:49	19,47	0,00	26,68	37,14	1510,50
711	31.07.2025 10:13:50	19,47	0,02	26,68	37,14	1510,50
712	31.07.2025 10:13:51	19,44	0,00	26,69	37,14	1510,43
713	31.07.2025 10:13:52	19,44	-0,01	26,69	37,14	1510,43
714	31.07.2025 10:13:53	19,44	-0,01	26,72	37,16	1510,46
715	31.07.2025 10:13:54	19,41	-0,01	26,73	37,16	1510,39
716	31.07.2025 10:13:55	19,41	-0,01	26,73	37,16	1510,39
717	31.07.2025 10:13:56	19,41	-0,01	26,71	37,14	1510,37
718	31.07.2025 10:13:57	19,38	0,00	26,73	37,13	1510,31
719	31.07.2025 10:13:58	19,38	0,02	26,73	37,13	1510,31
720	31.07.2025 10:13:59	19,38	0,00	26,73	37,13	1510,31
721	31.07.2025 10:14:00	19,35	0,02	26,75	37,13	1510,24
722	31.07.2025 10:14:01	19,35	0,04	26,75	37,13	1510,25
723	31.07.2025 10:14:02	19,35	0,06	26,75	37,13	1510,25
724	31.07.2025 10:14:03	19,32	0,06	26,77	37,13	1510,19
725	31.07.2025 10:14:04	19,32	0,09	26,77	37,13	1510,19
726	31.07.2025 10:14:05	19,32	0,09	26,77	37,13	1510,19
727	31.07.2025 10:14:06	19,29	0,11	26,79	37,13	1510,13
728	31.07.2025 10:14:07	19,29	0,11	26,79	37,13	1510,13
729	31.07.2025 10:14:08	19,29	0,09	26,79	37,13	1510,13
730	31.07.2025 10:14:09	19,26	0,13	26,80	37,13	1510,07
731	31.07.2025 10:14:10	19,26	0,13	26,80	37,13	1510,07
732	31.07.2025 10:14:11	19,26	0,11	26,80	37,13	1510,07
733	31.07.2025 10:14:12	19,23	0,13	26,82	37,13	1510,00
734	31.07.2025 10:14:13	19,23	0,13	26,82	37,13	1510,00
735	31.07.2025 10:14:14	19,23	0,13	26,82	37,13	1510,00
736	31.07.2025 10:14:15	19,23	0,15	26,82	37,13	1510,01
737	31.07.2025 10:14:16	19,23	0,15	26,82	37,13	1510,01
738	31.07.2025 10:14:17	19,20	0,15	26,86	37,16	1509,97
739	31.07.2025 10:14:18	19,20	0,15	26,86	37,16	1509,97
740	31.07.2025 10:14:19	19,20	0,16	26,86	37,16	1509,97
741	31.07.2025 10:14:20	19,20	0,16	26,86	37,16	1509,97
742	31.07.2025 10:14:21	19,20	0,16	26,86	37,16	1509,97
743	31.07.2025 10:14:22	19,20	0,18	26,86	37,16	1509,97
744	31.07.2025 10:14:23	19,17	0,18	26,88	37,16	1509,91
745	31.07.2025 10:14:24	19,17	0,18	26,86	37,13	1509,88
746	31.07.2025 10:14:25	19,17	0,20	26,86	37,13	1509,89
747	31.07.2025 10:14:26	19,17	0,22	26,88	37,16	1509,91
748	31.07.2025 10:14:27	19,17	0,22	26,86	37,13	1509,89
749	31.07.2025 10:14:28	19,14	0,22	26,88	37,13	1509,82
750	31.07.2025 10:14:29	19,14	0,22	26,88	37,13	1509,82
751	31.07.2025 10:14:30	19,14	0,23	26,88	37,13	1509,83
752	31.07.2025 10:14:31	19,14	0,27	26,88	37,13	1509,83
753	31.07.2025 10:14:32	19,14	0,25	26,90	37,16	1509,85
754	31.07.2025 10:14:33	19,14	0,27	26,88	37,13	1509,83
755	31.07.2025 10:14:34	19,11	0,27	26,92	37,16	1509,79
756	31.07.2025 10:14:35	19,11	0,29	26,90	37,13	1509,77
757	31.07.2025 10:14:36	19,11	0,29	26,90	37,13	1509,77
758	31.07.2025 10:14:37	19,11	0,32	26,90	37,13	1509,78
759	31.07.2025 10:14:38	19,11	0,32	26,90	37,13	1509,78
760	31.07.2025 10:14:39	19,09	0,30	26,89	37,10	1509,68
761	31.07.2025 10:14:40	19,09	0,34	26,91	37,13	1509,71
762	31.07.2025 10:14:41	19,09	0,34	26,91	37,13	1509,71
763	31.07.2025 10:14:42	19,09	0,36	26,91	37,13	1509,72
764	31.07.2025 10:14:43	19,09	0,37	26,85	37,05	1509,64
765	31.07.2025 10:14:44	19,06	0,39	26,85	37,02	1509,56
766	31.07.2025 10:14:45	19,03	0,43	26,93	37,10	1509,57
767	31.07.2025 10:14:46	19,03	0,44	26,93	37,10	1509,58
768	31.07.2025 10:14:47	19,06	0,48	26,89	37,07	1509,62
769	31.07.2025 10:14:48	19,03	0,48	26,91	37,07	1509,56
770	31.07.2025 10:14:49	19,03	0,50	26,84	36,99	1509,49
771	31.07.2025 10:14:50	19,00	0,52	26,84	36,97	1509,40
772	31.07.2025 10:14:51	18,97	0,53	26,86	36,96	1509,34
773	31.07.2025 10:14:52	18,94	0,57	26,94	37,04	1509,35
774	31.07.2025 10:14:53	18,94	0,60	26,90	36,99	1509,31
775	31.07.2025 10:14:54	18,94	0,60	26,75	36,80	1509,13
776	31.07.2025 10:14:55	18,91	0,62	26,77	36,80	1509,07
777	31.07.2025 10:14:56	18,88	0,64	26,76	36,78	1508,98
778	31.07.2025 10:14:57	18,82	0,67	26,80	36,77	1508,86
779	31.07.2025 10:14:58	18,79	0,68	26,80	36,75	1508,77
780	31.07.2025 10:14:59	18,76	0,70	26,69	36,59	1508,56
781	31.07.2025 10:15:00	18,73	0,72	26,62	36,48	1508,39
782	31.07.2025 10:15:01	18,64	0,71	26,52	36,29	1508,02
783	31.07.2025 10:15:02	18,55	0,72	26,45	36,12	1507,67
784	31.07.2025 10:15:03	18,43	0,79	26,48	36,07	1507,37
785	31.07.2025 10:15:04	18,34	0,80	26,42	35,93	1507,04
786	31.07.2025 10:15:05	18,25	0,83	26,41	35,85	1506,77
787	31.07.2025 10:15:06	18,17	0,88	26,47	35,85	1506,58
788	31.07.2025 10:15:07	18,08	0,91	26,50	35,82	1506,35
789	31.07.2025 10:15:08	18,02	0,96	26,56	35,85	1506,25
790	31.07.2025 10:15:09	17,96	0,99	26,62	35,87	1506,15
791	31.07.2025 10:15:10	17,93	1,03	26,64	35,87	1506,09
792	31.07.2025 10:15:11	17,90	1,04	26,66	35,87	1506,02
793	31.07.2025 10:15:12	17,87	1,06	26,68	35,87	1505,95
794	31.07.2025 10:15:13	17,81	1,08	26,72	35,87	1505,82
795	31.07.2025 10:15:14	17,78	1,07	26,73	35,87	1505,75
796	31.07.2025 10:15:15	17,78	1,09	26,73	35,87	1505,76
797	31.07.2025 10:15:16	17,75	1,09	26,75	35,87	1505,69
798	31.07.2025 10:15:17	17,72	1,09	26,77	35,87	1505,62
799	31.07.2025 10:15:18	17,69	1,10	26,79	35,86	1505,55
800	31.07.2025 10:15:19	17,69	1,10	26,79	35,86	1505,55
801	31.07.2025 10:15:20	17,66	1,10	26,81	35,86	1505,49
802	31.07.2025 10:15:21	17,66	1,10	26,79	35,84	1505,46
803	31.07.2025 10:15:22	17,63	1,10	26,81	35,84	1505,39
804	31.07.2025 10:15:23	17,60	1,12	26,85	35,86	1505,35
805	31.07.2025 10:15:24	17,57	1,10	26,87	35,86	1505,28
806	31.07.2025 10:15:25	17,57	1,08	26,87	35,86	1505,28
807	31.07.2025 10:15:26	17,54	1,08	26,89	35,86	1505,21
808	31.07.2025 10:15:27	17,54	1,10	26,86	35,83	1505,19
809	31.07.2025 10:15:28	17,51	1,10	26,86	35,81	1505,09
810	31.07.2025 10:15:29	17,48	1,11	26,86	35,78	1505,00
811	31.07.2025 10:15:30	17,45	1,13	26,81	35,70	1504,86
812	31.07.2025 10:15:31	17,39	1,13	26,83	35,67	1504,69
813	31.07.2025 10:15:32	17,30	1,12	26,79	35,56	1504,38
814	31.07.2025 10:15:33	17,24	1,15	26,74	35,45	1504,14
815	31.07.2025 10:15:34	17,12	1,15	26,75	35,37	1503,79
816	31.07.2025 10:15:35	17,00	1,18	26,74	35,26	1503,41
817	31.07.2025 10:15:36	16,88	1,19	26,77	35,20	1503,08
818	31.07.2025 10:15:37	16,79	1,24	26,81	35,18	1502,85
819	31.07.2025 10:15:38	16,70	1,23	26,82	35,12	1502,58
820	31.07.2025 10:15:39	16,61	1,25	26,86	35,09	1502,35
821	31.07.2025 10:15:40	16,52	1,24	26,92	35,09	1502,13
822	31.07.2025 10:15:41	16,46	1,26	26,89	35,01	1501,91
823	31.07.2025 10:15:42	16,37	1,27	26,90	34,95	1501,65
824	31.07.2025 10:15:43	16,34	1,29	26,92	34,95	1501,58
825	31.07.2025 10:15:44	16,31	1,28	26,94	34,95	1501,51
826	31.07.2025 10:15:45	16,25	1,28	26,96	34,92	1501,34
827	31.07.2025 10:15:46	16,19	1,30	26,97	34,89	1501,17
828	31.07.2025 10:15:47	16,13	1,29	26,99	34,87	1501,00
829	31.07.2025 10:15:48	16,07	1,29	26,98	34,81	1500,80
830	31.07.2025 10:15:49	16,01	1,30	27,00	34,78	1500,63
831	31.07.2025 10:15:50	15,94	1,32	27,02	34,75	1500,46
832	31.07.2025 10:15:51	15,91	1,32	26,99	34,70	1500,33
833	31.07.2025 10:15:52	15,85	1,32	27,01	34,67	1500,16
834	31.07.2025 10:15:53	15,79	1,35	27,00	34,62	1499,97
835	31.07.2025 10:15:54	15,73	1,34	27,02	34,59	1499,79
836	31.07.2025 10:15:55	15,67	1,36	27,04	34,56	1499,62
837	31.07.2025 10:15:56	15,58	1,37	27,05	34,50	1499,35
838	31.07.2025 10:15:57	15,49	1,35	26,95	34,32	1498,94
839	31.07.2025 10:15:58	15,40	1,35	26,89	34,18	1498,58
840	31.07.2025 10:15:59	15,28	1,36	26,90	34,10	1498,20
841	31.07.2025 10:16:00	15,15	1,35	26,84	33,93	1497,73
842	31.07.2025 10:16:01	15,00	1,36	26,83	33,80	1497,22
843	31.07.2025 10:16:02	14,88	1,37	26,86	33,74	1496,87
844	31.07.2025 10:16:03	14,76	1,42	26,92	33,71	1496,55
845	31.07.2025 10:16:04	14,67	1,43	26,91	33,63	1496,23
846	31.07.2025 10:16:05	14,54	1,45	26,92	33,54	1495,85
847	31.07.2025 10:16:06	14,45	1,44	26,91	33,46	1495,53
848	31.07.2025 10:16:07	14,36	1,45	26,92	33,40	1495,25
849	31.07.2025 10:16:08	14,27	1,47	26,89	33,29	1494,90
850	31.07.2025 10:16:09	14,14	1,50	26,93	33,24	1494,54
851	31.07.2025 10:16:10	14,02	1,51	26,96	33,18	1494,18
852	31.07.2025 10:16:11	13,86	1,52	26,99	33,10	1493,70
853	31.07.2025 10:16:12	13,74	1,51	26,96	32,96	1493,24
854	31.07.2025 10:16:13	13,59	1,54	27,01	32,90	1492,80
855	31.07.2025 10:16:14	13,43	1,59	27,12	32,90	1492,41
856	31.07.2025 10:16:15	13,34	1,58	27,04	32,74	1491,99
857	31.07.2025 10:16:16	13,15	1,59	27,07	32,63	1491,40
858	31.07.2025 10:16:17	12,99	1,64	27,15	32,60	1490,97
859	31.07.2025 10:16:18	12,87	1,66	27,26	32,62	1490,68
860	31.07.2025 10:16:19	12,78	1,66	26,91	32,16	1489,93
861	31.07.2025 10:16:20	12,59	1,67	26,89	31,99	1489,26
862	31.07.2025 10:16:21	12,40	1,69	26,97	31,94	1488,71
863	31.07.2025 10:16:22	12,21	1,74	27,07	31,91	1488,19
864	31.07.2025 10:16:23	12,05	1,78	27,29	32,01	1487,90
865	31.07.2025 10:16:24	11,92	1,79	27,32	31,95	1487,51
866	31.07.2025 10:16:25	11,83	1,81	27,39	31,95	1487,26
867	31.07.2025 10:16:26	11,73	1,82	27,18	31,65	1486,67
868	31.07.2025 10:16:27	11,54	1,74	26,50	30,79	1485,15
869	31.07.2025 10:16:28	11,22	1,78	26,56	30,62	1484,10
870	31.07.2025 10:16:29	10,90	1,85	26,61	30,43	1483,02
871	31.07.2025 10:16:30	10,68	1,88	26,64	30,29	1482,24
872	31.07.2025 10:16:31	10,45	1,90	26,67	30,15	1481,46
873	31.07.2025 10:16:32	10,23	1,91	26,40	29,71	1480,30
874	31.07.2025 10:16:33	9,93	1,93	26,43	29,52	1479,26
875	31.07.2025 10:16:34	9,67	1,97	26,56	29,46	1478,46
876	31.07.2025 10:16:35	9,47	2,03	26,62	29,37	1477,81
877	31.07.2025 10:16:36	9,31	2,04	26,71	29,34	1477,31
878	31.07.2025 10:16:37	9,14	2,07	26,80	29,31	1476,81
879	31.07.2025 10:16:38	9,01	2,09	26,90	29,31	1476,43
880	31.07.2025 10:16:39	8,91	2,12	26,97	29,30	1476,15
881	31.07.2025 10:16:40	8,81	2,14	27,04	29,30	1475,87
882	31.07.2025 10:16:41	8,71	2,15	27,06	29,25	1475,52
883	31.07.2025 10:16:42	8,61	2,16	27,14	29,24	1475,23
884	31.07.2025 10:16:43	8,51	2,19	27,27	29,29	1475,02
885	31.07.2025 10:16:44	8,45	2,23	27,32	29,29	1474,83
886	31.07.2025 10:16:45	8,38	2,22	27,37	29,29	1474,63
887	31.07.2025 10:16:46	8,31	2,25	27,47	29,34	1474,51
888	31.07.2025 10:16:47	8,25	2,29	27,49	29,31	1474,29
889	31.07.2025 10:16:48	8,21	2,30	27,55	29,34	1474,23
890	31.07.2025 10:16:49	8,11	2,30	27,49	29,20	1473,76
891	31.07.2025 10:16:50	8,01	2,31	27,48	29,12	1473,37
892	31.07.2025 10:16:51	7,91	2,34	27,47	29,04	1472,97
893	31.07.2025 10:16:52	7,81	2,35	27,35	28,85	1472,43
894	31.07.2025 10:16:53	7,67	2,38	27,40	28,79	1471,97
895	31.07.2025 10:16:54	7,54	2,43	27,50	28,79	1471,57
896	31.07.2025 10:16:55	7,40	2,44	27,61	28,78	1471,18
897	31.07.2025 10:16:56	7,33	2,45	27,66	28,78	1470,98
898	31.07.2025 10:16:57	7,23	2,48	27,71	28,75	1470,64
899	31.07.2025 10:16:58	7,16	2,50	27,76	28,75	1470,44
900	31.07.2025 10:16:59	7,09	2,51	27,79	28,72	1470,21
901	31.07.2025 10:17:00	7,02	2,56	27,84	28,72	1470,01
902	31.07.2025 10:17:01	6,96	2,56	27,89	28,72	1469,81
903	31.07.2025 10:17:02	6,89	2,59	27,92	28,69	1469,57
904	31.07.2025 10:17:03	6,82	2,60	27,97	28,69	1469,37
905	31.07.2025 10:17:04	6,75	2,62	28,03	28,69	1469,16
906	31.07.2025 10:17:05	6,68	2,65	28,08	28,69	1468,96
907	31.07.2025 10:17:06	6,65	2,66	28,11	28,68	1468,86
908	31.07.2025 10:17:07	6,58	2,70	28,13	28,66	1468,63
909	31.07.2025 10:17:08	6,54	2,71	28,16	28,65	1468,52
910	31.07.2025 10:17:09	6,47	2,73	28,22	28,65	1468,32
911	31.07.2025 10:17:10	6,44	2,76	28,24	28,65	1468,22
912	31.07.2025 10:17:11	6,37	2,79	28,30	28,65	1468,02
913	31.07.2025 10:17:12	6,33	2,81	28,30	28,62	1467,88
914	31.07.2025 10:17:13	6,26	2,82	28,33	28,59	1467,64
915	31.07.2025 10:17:14	6,23	2,85	28,35	28,59	1467,54
916	31.07.2025 10:17:15	6,16	2,89	28,38	28,57	1467,30
917	31.07.2025 10:17:16	6,12	2,90	28,41	28,56	1467,19
918	31.07.2025 10:17:17	6,05	2,93	28,46	28,56	1466,99
919	31.07.2025 10:17:18	6,02	2,95	28,49	28,56	1466,89
920	31.07.2025 10:17:19	5,98	2,98	28,49	28,53	1466,75
921	31.07.2025 10:17:20	5,95	3,00	28,52	28,53	1466,64
922	31.07.2025 10:17:21	5,88	3,03	28,55	28,50	1466,40
923	31.07.2025 10:17:22	5,84	3,06	28,58	28,50	1466,30
924	31.07.2025 10:17:23	5,81	3,08	28,57	28,48	1466,16
925	31.07.2025 10:17:24	5,74	3,09	28,60	28,45	1465,91
926	31.07.2025 10:17:25	5,70	3,11	28,60	28,42	1465,77
927	31.07.2025 10:17:26	5,63	3,14	28,63	28,39	1465,52
928	31.07.2025 10:17:27	5,56	3,15	28,69	28,39	1465,31
929	31.07.2025 10:17:28	5,53	3,19	28,72	28,39	1465,21
930	31.07.2025 10:17:29	5,49	3,20	28,72	28,36	1465,07
931	31.07.2025 10:17:30	5,46	3,22	28,74	28,36	1464,96
932	31.07.2025 10:17:31	5,42	3,25	28,77	28,36	1464,86
933	31.07.2025 10:17:32	5,35	3,25	28,80	28,33	1464,60
934	31.07.2025 10:17:33	5,31	3,30	28,86	28,36	1464,54
935	31.07.2025 10:17:34	5,28	3,32	28,92	28,38	1464,48
936	31.07.2025 10:17:35	5,24	3,35	28,89	28,33	1464,30
937	31.07.2025 10:17:36	5,21	3,35	28,77	28,19	1463,99
938	31.07.2025 10:17:37	5,10	3,38	28,77	28,11	1463,56
939	31.07.2025 10:17:38	5,03	3,41	28,80	28,08	1463,30
940	31.07.2025 10:17:39	4,96	3,44	28,83	28,05	1463,05
941	31.07.2025 10:17:40	4,89	3,47	28,89	28,05	1462,83
942	31.07.2025 10:17:41	4,85	3,49	28,89	28,02	1462,69
943	31.07.2025 10:17:42	4,82	3,52	28,92	28,02	1462,58
944	31.07.2025 10:17:43	4,78	3,54	28,92	27,99	1462,44
945	31.07.2025 10:17:44	4,71	3,57	28,98	27,99	1462,22
946	31.07.2025 10:17:45	4,67	3,60	28,98	27,97	1462,07
947	31.07.2025 10:17:46	4,64	3,62	28,95	27,91	1461,89
948	31.07.2025 10:17:47	4,56	3,65	29,01	27,91	1461,67
949	31.07.2025 10:17:48	4,49	3,66	29,04	27,88	1461,41
950	31.07.2025 10:17:49	4,45	3,71	29,04	27,85	1461,27
951	31.07.2025 10:17:50	4,38	3,74	29,07	27,82	1461,01
952	31.07.2025 10:17:51	4,35	3,78	29,10	27,82	1460,90
953	31.07.2025 10:17:52	4,31	3,79	29,13	27,82	1460,79
954	31.07.2025 10:17:53	4,27	3,77	29,16	27,82	1460,67
955	31.07.2025 10:17:54	4,24	3,81	29,19	27,82	1460,57
956	31.07.2025 10:17:55	4,20	3,82	29,22	27,82	1460,46
957	31.07.2025 10:17:56	4,16	3,82	29,25	27,82	1460,34
958	31.07.2025 10:17:57	4,16	3,84	29,25	27,82	1460,35
959	31.07.2025 10:17:58	4,13	3,85	29,25	27,79	1460,19
960	31.07.2025 10:17:59	4,09	3,83	29,29	27,79	1460,08
961	31.07.2025 10:18:00	4,06	3,87	29,29	27,76	1459,93
962	31.07.2025 10:18:01	4,02	3,88	29,29	27,74	1459,78
963	31.07.2025 10:18:02	3,98	3,88	29,29	27,71	1459,62
964	31.07.2025 10:18:03	3,95	3,88	29,26	27,65	1459,43
965	31.07.2025 10:18:04	3,87	3,91	29,32	27,65	1459,21
966	31.07.2025 10:18:05	3,84	3,94	29,32	27,62	1459,06
967	31.07.2025 10:18:06	3,80	3,96	29,35	27,62	1458,94
968	31.07.2025 10:18:07	3,76	3,97	29,38	27,62	1458,83
969	31.07.2025 10:18:08	3,73	3,99	29,42	27,62	1458,72
970	31.07.2025 10:18:09	3,69	4,02	29,42	27,59	1458,57
971	31.07.2025 10:18:10	3,69	4,04	29,42	27,59	1458,57
972	31.07.2025 10:18:11	3,65	4,06	29,45	27,59	1458,46
973	31.07.2025 10:18:12	3,62	4,07	29,48	27,59	1458,35
974	31.07.2025 10:18:13	3,58	4,11	29,48	27,56	1458,19
975	31.07.2025 10:18:14	3,58	4,12	29,48	27,56	1458,20
976	31.07.2025 10:18:15	3,54	4,14	29,51	27,56	1458,08
977	31.07.2025 10:18:16	3,50	4,17	29,55	27,56	1457,97
978	31.07.2025 10:18:17	3,50	4,17	29,55	27,56	1457,97
979	31.07.2025 10:18:18	3,47	4,19	29,58	27,56	1457,86
980	31.07.2025 10:18:19	3,47	4,22	29,58	27,56	1457,86
981	31.07.2025 10:18:20	3,43	4,24	29,61	27,56	1457,75
982	31.07.2025 10:18:21	3,39	4,25	29,64	27,56	1457,64
983	31.07.2025 10:18:22	3,39	4,25	29,64	27,56	1457,64
984	31.07.2025 10:18:23	3,36	4,27	29,68	27,56	1457,52
985	31.07.2025 10:18:24	3,36	4,29	29,68	27,56	1457,53
986	31.07.2025 10:18:25	3,32	4,28	29,71	27,56	1457,41
987	31.07.2025 10:18:26	3,32	4,28	29,71	27,56	1457,41
988	31.07.2025 10:18:27	3,32	4,28	29,71	27,56	1457,41
989	31.07.2025 10:18:28	3,28	4,30	29,74	27,56	1457,30
990	31.07.2025 10:18:29	3,28	4,30	29,71	27,53	1457,25
991	31.07.2025 10:18:30	3,25	4,28	29,71	27,50	1457,09
992	31.07.2025 10:18:31	3,25	4,32	29,71	27,50	1457,10
993	31.07.2025 10:18:32	3,21	4,30	29,78	27,53	1457,02
994	31.07.2025 10:18:33	3,21	4,31	29,78	27,53	1457,02
995	31.07.2025 10:18:34	3,17	4,31	29,84	27,55	1456,95
996	31.07.2025 10:18:35	3,17	4,31	29,84	27,55	1456,95
997	31.07.2025 10:18:36	3,17	4,31	29,81	27,53	1456,91
998	31.07.2025 10:18:37	3,17	4,31	29,81	27,53	1456,91
999	31.07.2025 10:18:38	3,17	4,31	29,81	27,53	1456,91
1000	31.07.2025 10:18:39	3,13	4,31	29,84	27,53	1456,79
1001	31.07.2025 10:18:40	3,13	4,31	29,84	27,53	1456,79
1002	31.07.2025 10:18:41	3,13	4,31	29,84	27,53	1456,79
1003	31.07.2025 10:18:42	3,10	4,33	29,84	27,50	1456,63
1004	31.07.2025 10:18:43	3,10	4,33	29,84	27,50	1456,63
1005	31.07.2025 10:18:44	3,10	4,33	29,88	27,53	1456,67
1006	31.07.2025 10:18:45	3,06	4,32	29,88	27,50	1456,51
1007	31.07.2025 10:18:46	3,06	4,32	29,88	27,50	1456,51
1008	31.07.2025 10:18:47	3,06	4,31	29,88	27,50	1456,51
1009	31.07.2025 10:18:48	3,06	4,31	29,85	27,47	1456,47
1010	31.07.2025 10:18:49	3,02	4,30	29,91	27,50	1456,39
1011	31.07.2025 10:18:50	3,02	4,32	29,91	27,50	1456,40
1012	31.07.2025 10:18:51	3,02	4,32	29,91	27,50	1456,40
1013	31.07.2025 10:18:52	2,98	4,32	29,94	27,50	1456,28
1014	31.07.2025 10:18:53	2,98	4,32	29,94	27,50	1456,28
1015	31.07.2025 10:18:54	2,98	4,30	29,98	27,52	1456,32
1016	31.07.2025 10:18:55	2,98	4,30	29,94	27,50	1456,28
1017	31.07.2025 10:18:56	2,98	4,32	29,94	27,50	1456,28
1018	31.07.2025 10:18:57	2,95	4,32	30,01	27,52	1456,20
1019	31.07.2025 10:18:58	2,95	4,30	30,01	27,52	1456,20
1020	31.07.2025 10:18:59	2,95	4,32	29,98	27,50	1456,16
1021	31.07.2025 10:19:00	2,95	4,32	29,98	27,50	1456,16
1022	31.07.2025 10:19:01	2,95	4,32	30,01	27,52	1456,20
1023	31.07.2025 10:19:02	2,95	4,30	29,98	27,50	1456,16
1024	31.07.2025 10:19:03	2,91	4,32	30,01	27,49	1456,04
1025	31.07.2025 10:19:04	2,91	4,32	30,01	27,49	1456,04
1026	31.07.2025 10:19:05	2,91	4,32	29,98	27,47	1456,00
1027	31.07.2025 10:19:06	2,87	4,31	30,05	27,49	1455,92
1028	31.07.2025 10:19:07	2,87	4,33	30,05	27,49	1455,93
1029	31.07.2025 10:19:08	2,87	4,31	30,05	27,49	1455,92
1030	31.07.2025 10:19:09	2,87	4,31	30,05	27,49	1455,92
1031	31.07.2025 10:19:10	2,87	4,33	30,05	27,49	1455,93
1032	31.07.2025 10:19:11	2,87	4,33	30,05	27,49	1455,93
1033	31.07.2025 10:19:12	2,84	4,33	30,08	27,49	1455,81
1034	31.07.2025 10:19:13	2,84	4,33	30,11	27,52	1455,85
1035	31.07.2025 10:19:14	2,84	4,33	30,08	27,49	1455,81
1036	31.07.2025 10:19:15	2,84	4,33	30,08	27,49	1455,81
1037	31.07.2025 10:19:16	2,84	4,33	30,08	27,49	1455,81
1038	31.07.2025 10:19:17	2,84	4,33	30,08	27,49	1455,81
1039	31.07.2025 10:19:18	2,84	4,35	30,08	27,49	1455,81
1040	31.07.2025 10:19:19	2,80	4,34	30,15	27,52	1455,73
1041	31.07.2025 10:19:20	2,84	4,35	30,08	27,49	1455,81
1042	31.07.2025 10:19:21	2,80	4,34	30,11	27,49	1455,69
1043	31.07.2025 10:19:22	2,80	4,34	30,11	27,49	1455,69
1044	31.07.2025 10:19:23	2,80	4,34	30,11	27,49	1455,69
1045	31.07.2025 10:19:24	2,80	4,34	30,11	27,49	1455,69
1046	31.07.2025 10:19:25	2,80	4,34	30,11	27,49	1455,69
1047	31.07.2025 10:19:26	2,80	4,34	30,11	27,49	1455,69
1048	31.07.2025 10:19:27	2,80	4,34	30,11	27,49	1455,69
1049	31.07.2025 10:19:28	2,76	4,34	30,12	27,46	1455,53
1050	31.07.2025 10:19:29	2,76	4,34	30,15	27,49	1455,57
1051	31.07.2025 10:19:30	2,76	4,34	30,18	27,52	1455,61
1052	31.07.2025 10:19:31	2,76	4,34	30,15	27,49	1455,57
1053	31.07.2025 10:19:32	2,76	4,34	30,12	27,46	1455,53
1054	31.07.2025 10:19:33	2,76	4,34	30,12	27,46	1455,53
1055	31.07.2025 10:19:34	2,76	4,34	30,12	27,46	1455,53
1056	31.07.2025 10:19:35	2,76	4,34	30,12	27,46	1455,53
1057	31.07.2025 10:19:36	2,72	4,34	30,15	27,46	1455,41
1058	31.07.2025 10:19:37	2,72	4,34	30,15	27,46	1455,41
1059	31.07.2025 10:19:38	2,72	4,34	30,15	27,46	1455,41
1060	31.07.2025 10:19:39	2,72	4,34	30,15	27,46	1455,41
1061	31.07.2025 10:19:40	2,72	4,34	30,15	27,46	1455,41
1062	31.07.2025 10:19:41	2,72	4,34	30,18	27,49	1455,45
1063	31.07.2025 10:19:42	2,72	4,32	30,15	27,46	1455,41
1064	31.07.2025 10:19:43	2,72	4,34	30,15	27,46	1455,41
1065	31.07.2025 10:19:44	2,72	4,34	30,15	27,46	1455,41
1066	31.07.2025 10:19:45	2,72	4,34	30,15	27,46	1455,41
1067	31.07.2025 10:19:46	2,72	4,34	30,18	27,49	1455,45
1068	31.07.2025 10:19:47	2,68	4,34	30,19	27,46	1455,29
1069	31.07.2025 10:19:48	2,72	4,34	30,15	27,46	1455,41
1070	31.07.2025 10:19:49	2,68	4,34	30,22	27,49	1455,34
1071	31.07.2025 10:19:50	2,68	4,34	30,22	27,49	1455,33
1072	31.07.2025 10:19:51	2,68	4,34	30,18	27,46	1455,29
1073	31.07.2025 10:19:52	2,68	4,34	30,22	27,49	1455,33
1074	31.07.2025 10:19:53	2,68	4,34	30,22	27,49	1455,33
1075	31.07.2025 10:19:54	2,68	4,34	30,22	27,49	1455,33
1076	31.07.2025 10:19:55	2,68	4,32	30,18	27,46	1455,29
1077	31.07.2025 10:19:56	2,68	4,34	30,18	27,46	1455,29
1078	31.07.2025 10:19:57	2,68	4,32	30,18	27,46	1455,29
1079	31.07.2025 10:19:58	2,68	4,34	30,18	27,46	1455,29
1080	31.07.2025 10:19:59	2,68	4,34	30,22	27,49	1455,33
1081	31.07.2025 10:20:00	2,68	4,34	30,18	27,46	1455,29
1082	31.07.2025 10:20:01	2,68	4,34	30,22	27,49	1455,33
1083	31.07.2025 10:20:02	2,68	4,32	30,18	27,46	1455,29
1084	31.07.2025 10:20:03	2,68	4,34	30,18	27,46	1455,29
1085	31.07.2025 10:20:04	2,68	4,34	30,22	27,49	1455,33
1086	31.07.2025 10:20:05	2,68	4,34	30,18	27,46	1455,29
1087	31.07.2025 10:20:06	2,65	4,34	30,25	27,49	1455,22
1088	31.07.2025 10:20:07	2,68	4,34	30,18	27,46	1455,29
1089	31.07.2025 10:20:08	2,65	4,34	30,22	27,46	1455,17
1090	31.07.2025 10:20:09	2,65	4,34	30,25	27,49	1455,22
1091	31.07.2025 10:20:10	2,65	4,34	30,25	27,49	1455,22
1092	31.07.2025 10:20:11	2,65	4,34	30,22	27,46	1455,17
1093	31.07.2025 10:20:12	2,65	4,34	30,22	27,46	1455,17
1094	31.07.2025 10:20:13	2,65	4,35	30,22	27,46	1455,18
1095	31.07.2025 10:20:14	2,65	4,34	30,22	27,46	1455,17
1096	31.07.2025 10:20:15	2,65	4,34	30,22	27,46	1455,17
1097	31.07.2025 10:20:16	2,65	4,34	30,22	27,46	1455,17
1098	31.07.2025 10:20:17	2,65	4,35	30,22	27,46	1455,18
1099	31.07.2025 10:20:18	2,65	4,34	30,22	27,46	1455,17
1100	31.07.2025 10:20:19	2,65	4,35	30,22	27,46	1455,18
1101	31.07.2025 10:20:20	2,65	4,35	30,22	27,46	1455,18
1102	31.07.2025 10:20:21	2,65	4,35	30,22	27,46	1455,18
1103	31.07.2025 10:20:22	2,65	4,34	30,22	27,46	1455,17
1104	31.07.2025 10:20:23	2,65	4,35	30,22	27,46	1455,18
1105	31.07.2025 10:20:24	2,65	4,34	30,15	27,41	1455,09
1106	31.07.2025 10:20:25	2,65	4,35	30,22	27,46	1455,18
1107	31.07.2025 10:20:26	2,65	4,35	30,25	27,49	1455,22
1108	31.07.2025 10:20:27	2,65	4,34	30,22	27,46	1455,17
1109	31.07.2025 10:20:28	2,65	4,35	30,22	27,46	1455,18
1110	31.07.2025 10:20:29	2,61	4,35	30,25	27,46	1455,06
1111	31.07.2025 10:20:30	2,65	4,34	30,22	27,46	1455,17
1112	31.07.2025 10:20:31	2,61	4,35	30,29	27,49	1455,10
1113	31.07.2025 10:20:32	2,65	4,34	30,25	27,49	1455,22
1114	31.07.2025 10:20:33	2,65	4,35	30,25	27,49	1455,22
1115	31.07.2025 10:20:34	2,65	4,35	30,22	27,46	1455,18
1116	31.07.2025 10:20:35	2,65	4,35	30,22	27,46	1455,18
1117	31.07.2025 10:20:36	2,61	4,35	30,29	27,49	1455,10
1118	31.07.2025 10:20:37	2,61	4,35	30,25	27,46	1455,06
1119	31.07.2025 10:20:38	2,61	4,35	30,29	27,49	1455,10
1120	31.07.2025 10:20:39	2,61	4,33	30,25	27,46	1455,05
1121	31.07.2025 10:20:40	2,61	4,35	30,25	27,46	1455,06
1122	31.07.2025 10:20:41	2,61	4,35	30,25	27,46	1455,06
1123	31.07.2025 10:20:42	2,61	4,35	30,25	27,46	1455,06
1124	31.07.2025 10:20:43	2,61	4,35	30,25	27,46	1455,06
1125	31.07.2025 10:20:44	2,61	4,35	30,25	27,46	1455,06
1126	31.07.2025 10:20:45	2,61	4,35	30,25	27,46	1455,06
1127	31.07.2025 10:20:46	2,61	4,37	30,25	27,46	1455,06
1128	31.07.2025 10:20:47	2,61	4,35	30,25	27,46	1455,06
1129	31.07.2025 10:20:48	2,61	4,35	30,25	27,46	1455,06
1130	31.07.2025 10:20:49	2,61	4,37	30,25	27,46	1455,06
1131	31.07.2025 10:20:50	2,61	4,35	30,25	27,46	1455,06
1132	31.07.2025 10:20:51	2,61	4,37	30,25	27,46	1455,06
1133	31.07.2025 10:20:52	2,61	4,35	30,25	27,46	1455,06
1134	31.07.2025 10:20:53	2,61	4,35	30,25	27,46	1455,06
1135	31.07.2025 10:20:54	2,61	4,35	30,25	27,46	1455,06
1136	31.07.2025 10:20:55	2,61	4,35	30,25	27,46	1455,06
1137	31.07.2025 10:20:56	2,61	4,33	30,25	27,46	1455,05
1138	31.07.2025 10:20:57	2,61	4,37	30,25	27,46	1455,06
1139	31.07.2025 10:20:58	2,61	4,33	30,25	27,46	1455,05
1140	31.07.2025 10:20:59	2,61	4,35	30,25	27,46	1455,06
1141	31.07.2025 10:21:00	2,61	4,35	30,25	27,46	1455,06
1142	31.07.2025 10:21:01	2,61	4,35	30,29	27,49	1455,10
1143	31.07.2025 10:21:02	2,61	4,35	30,29	27,49	1455,10
1144	31.07.2025 10:21:03	2,61	4,35	30,25	27,46	1455,06
1145	31.07.2025 10:21:04	2,61	4,35	30,25	27,46	1455,06
1146	31.07.2025 10:21:05	2,61	4,35	30,25	27,46	1455,06
1147	31.07.2025 10:21:06	2,61	4,37	30,25	27,46	1455,06
1148	31.07.2025 10:21:07	2,61	4,35	30,25	27,46	1455,06
1149	31.07.2025 10:21:08	2,61	4,35	30,25	27,46	1455,06
1150	31.07.2025 10:21:09	2,61	4,37	30,25	27,46	1455,06
1151	31.07.2025 10:21:10	2,61	4,37	30,25	27,46	1455,06
1152	31.07.2025 10:21:11	2,61	4,35	30,25	27,46	1455,06
1153	31.07.2025 10:21:12	2,61	4,35	30,25	27,46	1455,06
1154	31.07.2025 10:21:13	2,61	4,37	30,25	27,46	1455,06
1155	31.07.2025 10:21:14	2,61	4,35	30,25	27,46	1455,06
1156	31.07.2025 10:21:15	2,61	4,37	30,25	27,46	1455,06
1157	31.07.2025 10:21:16	2,61	4,37	30,25	27,46	1455,06
1158	31.07.2025 10:21:17	2,61	4,37	30,25	27,46	1455,06
1159	31.07.2025 10:21:18	2,61	4,37	30,25	27,46	1455,06
1160	31.07.2025 10:21:19	2,61	4,35	30,25	27,46	1455,06
1161	31.07.2025 10:21:20	2,61	4,35	30,25	27,46	1455,06
1162	31.07.2025 10:21:21	2,61	4,37	30,25	27,46	1455,06
1163	31.07.2025 10:21:22	2,61	4,37	30,25	27,46	1455,06
1164	31.07.2025 10:21:23	2,61	4,37	30,25	27,46	1455,06
1165	31.07.2025 10:21:24	2,61	4,35	30,25	27,46	1455,06
1166	31.07.2025 10:21:25	2,61	4,37	30,25	27,46	1455,06
1167	31.07.2025 10:21:26	2,61	4,35	30,25	27,46	1455,06
1168	31.07.2025 10:21:27	2,61	4,37	30,25	27,46	1455,06
1169	31.07.2025 10:21:28	2,61	4,35	30,25	27,46	1455,06
1170	31.07.2025 10:21:29	2,61	4,35	30,25	27,46	1455,06
1171	31.07.2025 10:21:30	2,61	4,35	30,25	27,46	1455,06
1172	31.07.2025 10:21:31	2,61	4,35	30,29	27,49	1455,10
1173	31.07.2025 10:21:32	2,61	4,37	30,25	27,46	1455,06
1174	31.07.2025 10:21:33	2,61	4,37	30,25	27,46	1455,06
1175	31.07.2025 10:21:34	2,61	4,35	30,25	27,46	1455,06
1176	31.07.2025 10:21:35	2,61	4,35	30,25	27,46	1455,06
1177	31.07.2025 10:21:36	2,61	4,35	30,25	27,46	1455,06
1178	31.07.2025 10:21:37	2,61	4,37	30,25	27,46	1455,06
1179	31.07.2025 10:21:38	2,61	4,37	30,25	27,46	1455,06
1180	31.07.2025 10:21:39	2,61	4,37	30,25	27,46	1455,06
1181	31.07.2025 10:21:40	2,61	4,35	30,25	27,46	1455,06
1182	31.07.2025 10:21:41	2,57	4,37	30,32	27,49	1454,98
1183	31.07.2025 10:21:42	2,61	4,35	30,29	27,49	1455,10
1184	31.07.2025 10:21:43	2,61	4,35	30,25	27,46	1455,06
1185	31.07.2025 10:21:44	2,61	4,37	30,25	27,46	1455,06
1186	31.07.2025 10:21:45	2,61	4,37	30,25	27,46	1455,06
1187	31.07.2025 10:21:46	2,61	4,35	30,25	27,46	1455,06
1188	31.07.2025 10:21:47	2,61	4,37	30,29	27,49	1455,10
1189	31.07.2025 10:21:48	2,57	4,35	30,29	27,46	1454,94
1190	31.07.2025 10:21:49	2,57	4,35	30,29	27,46	1454,94
1191	31.07.2025 10:21:50	2,61	4,37	30,25	27,46	1455,06
1192	31.07.2025 10:21:51	2,57	4,37	30,29	27,46	1454,94
1193	31.07.2025 10:21:52	2,57	4,35	30,32	27,49	1454,98
1194	31.07.2025 10:21:53	2,57	4,35	30,29	27,46	1454,94
1195	31.07.2025 10:21:54	2,61	4,35	30,25	27,46	1455,06
1196	31.07.2025 10:21:55	2,61	4,35	30,29	27,49	1455,10
1197	31.07.2025 10:21:56	2,61	4,35	30,29	27,49	1455,10
1198	31.07.2025 10:21:57	2,57	4,35	30,29	27,46	1454,94
1199	31.07.2025 10:21:58	2,57	4,35	30,29	27,46	1454,94
1200	31.07.2025 10:21:59	2,57	4,35	30,29	27,46	1454,94
1201	31.07.2025 10:22:00	2,57	4,35	30,29	27,46	1454,94
1202	31.07.2025 10:22:01	2,57	4,33	30,32	27,49	1454,98
1203	31.07.2025 10:22:02	2,57	4,35	30,32	27,49	1454,98
1204	31.07.2025 10:22:03	2,57	4,37	30,32	27,49	1454,98
1205	31.07.2025 10:22:04	2,57	4,35	30,29	27,46	1454,94
1206	31.07.2025 10:22:05	2,57	4,35	30,32	27,49	1454,98
1207	31.07.2025 10:22:06	2,57	4,35	30,32	27,49	1454,98
1208	31.07.2025 10:22:07	2,57	4,35	30,32	27,49	1454,98
1209	31.07.2025 10:22:08	2,57	4,35	30,29	27,46	1454,94
1210	31.07.2025 10:22:09	2,57	4,37	30,32	27,49	1454,98
1211	31.07.2025 10:22:10	2,57	4,35	30,29	27,46	1454,94
1212	31.07.2025 10:22:11	2,57	4,35	30,29	27,46	1454,94
1213	31.07.2025 10:22:12	2,57	4,35	30,29	27,46	1454,94
1214	31.07.2025 10:22:13	2,57	4,35	30,29	27,46	1454,94
1215	31.07.2025 10:22:14	2,57	4,35	30,32	27,49	1454,98
1216	31.07.2025 10:22:15	2,57	4,35	30,29	27,46	1454,94
1217	31.07.2025 10:22:16	2,57	4,35	30,32	27,49	1454,98
1218	31.07.2025 10:22:17	2,57	4,37	30,29	27,46	1454,94
1219	31.07.2025 10:22:18	2,57	4,35	30,29	27,46	1454,94
1220	31.07.2025 10:22:19	2,57	4,35	30,32	27,49	1454,98
1221	31.07.2025 10:22:20	2,57	4,35	30,32	27,49	1454,98
1222	31.07.2025 10:22:21	2,57	4,33	30,29	27,46	1454,93
1223	31.07.2025 10:22:22	2,57	4,35	30,29	27,46	1454,94
1224	31.07.2025 10:22:23	2,57	4,35	30,32	27,49	1454,98
1225	31.07.2025 10:22:24	2,57	4,35	30,32	27,49	1454,98
1226	31.07.2025 10:22:25	2,57	4,35	30,32	27,49	1454,98
1227	31.07.2025 10:22:26	2,57	4,35	30,29	27,46	1454,94
1228	31.07.2025 10:22:27	2,57	4,35	30,29	27,46	1454,94
1229	31.07.2025 10:22:28	2,57	4,35	30,32	27,49	1454,98
1230	31.07.2025 10:22:29	2,57	4,35	30,29	27,46	1454,94
1231	31.07.2025 10:22:30	2,57	4,35	30,32	27,49	1454,98
1232	31.07.2025 10:22:31	2,57	4,35	30,22	27,41	1454,85
1233	31.07.2025 10:22:32	2,57	4,35	30,32	27,49	1454,98
1234	31.07.2025 10:22:33	2,57	4,35	30,32	27,49	1454,98
1235	31.07.2025 10:22:34	2,57	4,33	30,29	27,46	1454,93
1236	31.07.2025 10:22:35	2,57	4,35	30,29	27,46	1454,94
1237	31.07.2025 10:22:36	2,57	4,33	30,29	27,46	1454,93
1238	31.07.2025 10:22:37	2,57	4,35	30,29	27,46	1454,94
1239	31.07.2025 10:22:38	2,57	4,35	30,32	27,49	1454,98
1240	31.07.2025 10:22:39	2,57	4,35	30,32	27,49	1454,98
1241	31.07.2025 10:22:40	2,57	4,33	30,29	27,46	1454,93
1242	31.07.2025 10:22:41	2,57	4,35	30,29	27,46	1454,94
1243	31.07.2025 10:22:42	2,57	4,35	30,32	27,49	1454,98
1244	31.07.2025 10:22:43	2,57	4,35	30,29	27,46	1454,94
1245	31.07.2025 10:22:44	2,57	4,35	30,29	27,46	1454,94
1246	31.07.2025 10:22:45	2,57	4,35	30,29	27,46	1454,94
1247	31.07.2025 10:22:46	2,57	4,35	30,29	27,46	1454,94
1248	31.07.2025 10:22:47	2,57	4,35	30,29	27,46	1454,94
1249	31.07.2025 10:22:48	2,57	4,35	30,32	27,49	1454,98
1250	31.07.2025 10:22:49	2,57	4,35	30,29	27,46	1454,94
1251	31.07.2025 10:22:50	2,57	4,35	30,32	27,49	1454,98
1252	31.07.2025 10:22:51	2,57	4,35	30,29	27,46	1454,94
1253	31.07.2025 10:22:52	2,57	4,35	30,29	27,46	1454,94
1254	31.07.2025 10:22:53	2,57	4,35	30,32	27,49	1454,98
1255	31.07.2025 10:22:54	2,57	4,35	30,29	27,46	1454,94
1256	31.07.2025 10:22:55	2,57	4,33	30,29	27,46	1454,93
1257	31.07.2025 10:22:56	2,57	4,35	30,29	27,46	1454,94
1258	31.07.2025 10:22:57	2,57	4,35	30,29	27,46	1454,94
1259	31.07.2025 10:22:58	2,57	4,35	30,29	27,46	1454,94
1260	31.07.2025 10:22:59	2,57	4,35	30,29	27,46	1454,94
1261	31.07.2025 10:23:00	2,57	4,35	30,32	27,49	1454,98
1262	31.07.2025 10:23:01	2,57	4,33	30,29	27,46	1454,93
1263	31.07.2025 10:23:02	2,57	4,35	30,32	27,49	1454,98
1264	31.07.2025 10:23:03	2,57	4,35	30,29	27,46	1454,94
1265	31.07.2025 10:23:04	2,57	4,35	30,29	27,46	1454,94
1266	31.07.2025 10:23:05	2,57	4,33	30,29	27,46	1454,93
1267	31.07.2025 10:23:06	2,57	4,33	30,29	27,46	1454,93
1268	31.07.2025 10:23:07	2,57	4,33	30,29	27,46	1454,93
1269	31.07.2025 10:23:08	2,57	4,33	30,29	27,46	1454,93
1270	31.07.2025 10:23:09	2,57	4,33	30,29	27,46	1454,93
1271	31.07.2025 10:23:10	2,57	4,35	30,32	27,49	1454,98
1272	31.07.2025 10:23:11	2,57	4,33	30,29	27,46	1454,93
1273	31.07.2025 10:23:12	2,57	4,33	30,29	27,46	1454,93
1274	31.07.2025 10:23:13	2,57	4,35	30,29	27,46	1454,94
1275	31.07.2025 10:23:14	2,57	4,35	30,29	27,46	1454,94
1276	31.07.2025 10:23:15	2,57	4,33	30,29	27,46	1454,93
1277	31.07.2025 10:23:16	2,57	4,35	30,29	27,46	1454,94
1278	31.07.2025 10:23:17	2,57	4,35	30,29	27,46	1454,94
1279	31.07.2025 10:23:18	2,57	4,35	30,29	27,46	1454,94
1280	31.07.2025 10:23:19	2,57	4,35	30,29	27,46	1454,94
1281	31.07.2025 10:23:20	2,57	4,33	30,29	27,46	1454,93
1282	31.07.2025 10:23:21	2,57	4,35	30,29	27,46	1454,94
1283	31.07.2025 10:23:22	2,57	4,35	30,29	27,46	1454,94
1284	31.07.2025 10:23:23	2,57	4,35	30,29	27,46	1454,94
1285	31.07.2025 10:23:24	2,57	4,35	30,32	27,49	1454,98
1286	31.07.2025 10:23:25	2,57	4,35	30,29	27,46	1454,94
1287	31.07.2025 10:23:26	2,57	4,35	30,29	27,46	1454,94
1288	31.07.2025 10:23:27	2,57	4,33	30,29	27,46	1454,93
1289	31.07.2025 10:23:28	2,57	4,35	30,29	27,46	1454,94
1290	31.07.2025 10:23:29	2,57	4,35	30,29	27,46	1454,94
1291	31.07.2025 10:23:30	2,57	4,35	30,29	27,46	1454,94
1292	31.07.2025 10:23:31	2,57	4,35	30,29	27,46	1454,94
1293	31.07.2025 10:23:32	2,57	4,38	30,29	27,46	1454,94
1294	31.07.2025 10:23:33	2,57	4,38	30,29	27,46	1454,94
1295	31.07.2025 10:23:34	2,57	4,40	30,29	27,46	1454,94
1296	31.07.2025 10:23:35	2,57	4,42	30,29	27,46	1454,95
1297	31.07.2025 10:23:36	2,57	4,40	30,26	27,43	1454,90
1298	31.07.2025 10:23:37	2,57	4,40	30,29	27,46	1454,94
1299	31.07.2025 10:23:38	2,57	4,40	30,29	27,46	1454,94
1300	31.07.2025 10:23:39	2,57	4,40	30,29	27,46	1454,94
1301	31.07.2025 10:23:40	2,57	4,40	30,29	27,46	1454,94
1302	31.07.2025 10:23:41	2,57	4,40	30,29	27,46	1454,94
1303	31.07.2025 10:23:42	2,57	4,40	30,29	27,46	1454,94
1304	31.07.2025 10:23:43	2,57	4,37	30,29	27,46	1454,94
1305	31.07.2025 10:23:44	2,57	4,37	30,29	27,46	1454,94
1306	31.07.2025 10:23:45	2,57	4,35	30,29	27,46	1454,94
1307	31.07.2025 10:23:46	2,57	4,31	30,29	27,46	1454,93
1308	31.07.2025 10:23:47	2,57	4,28	30,32	27,49	1454,97
1309	31.07.2025 10:23:48	2,57	4,26	30,32	27,49	1454,97
1310	31.07.2025 10:23:49	2,57	4,23	30,35	27,51	1455,00
1311	31.07.2025 10:23:50	2,61	4,21	30,42	27,59	1455,25
1312	31.07.2025 10:23:51	2,65	4,16	30,41	27,62	1455,40
1313	31.07.2025 10:23:52	2,68	4,11	30,41	27,65	1455,55
1314	31.07.2025 10:23:53	2,72	4,08	30,44	27,70	1455,75
1315	31.07.2025 10:23:54	2,76	4,06	30,47	27,76	1455,95
1316	31.07.2025 10:23:55	2,80	4,03	30,47	27,79	1456,11
1317	31.07.2025 10:23:56	2,84	3,98	30,47	27,81	1456,26
1318	31.07.2025 10:23:57	2,87	3,95	30,43	27,81	1456,37
1319	31.07.2025 10:23:58	2,91	3,91	30,40	27,82	1456,49
1320	31.07.2025 10:23:59	2,91	3,88	30,40	27,82	1456,48
1321	31.07.2025 10:24:00	2,95	3,86	30,40	27,84	1456,64
1322	31.07.2025 10:24:01	2,95	3,84	30,40	27,84	1456,63
1323	31.07.2025 10:24:02	2,98	3,83	30,37	27,84	1456,75
1324	31.07.2025 10:24:03	2,98	3,81	30,37	27,84	1456,75
1325	31.07.2025 10:24:04	2,98	3,81	30,37	27,84	1456,75
1326	31.07.2025 10:24:05	3,02	3,78	30,36	27,87	1456,90
1327	31.07.2025 10:24:06	3,02	3,76	30,33	27,85	1456,86
1328	31.07.2025 10:24:07	3,02	3,76	30,36	27,87	1456,90
1329	31.07.2025 10:24:08	3,06	3,74	30,33	27,87	1457,01
1330	31.07.2025 10:24:09	3,06	3,73	30,33	27,87	1457,01
1331	31.07.2025 10:24:10	3,06	3,74	30,33	27,87	1457,01
1332	31.07.2025 10:24:11	3,06	3,74	30,33	27,87	1457,01
1333	31.07.2025 10:24:12	3,06	3,73	30,33	27,87	1457,01
1334	31.07.2025 10:24:13	3,10	3,73	30,30	27,87	1457,13
1335	31.07.2025 10:24:14	3,10	3,71	30,30	27,87	1457,12
1336	31.07.2025 10:24:15	3,10	3,75	30,30	27,87	1457,13
1337	31.07.2025 10:24:16	3,10	3,75	30,33	27,90	1457,17
1338	31.07.2025 10:24:17	3,10	3,73	30,33	27,90	1457,17
1339	31.07.2025 10:24:18	3,13	3,73	30,26	27,87	1457,24
1340	31.07.2025 10:24:19	3,13	3,73	30,26	27,87	1457,24
1341	31.07.2025 10:24:20	3,13	3,73	30,26	27,87	1457,24
1342	31.07.2025 10:24:21	3,13	3,75	30,26	27,87	1457,25
1343	31.07.2025 10:24:22	3,13	3,75	30,26	27,87	1457,25
1344	31.07.2025 10:24:23	3,13	3,75	30,23	27,85	1457,20
1345	31.07.2025 10:24:24	3,13	3,75	30,23	27,85	1457,20
1346	31.07.2025 10:24:25	3,13	3,75	30,26	27,87	1457,25
1347	31.07.2025 10:24:26	3,13	3,77	30,26	27,87	1457,25
1348	31.07.2025 10:24:27	3,13	3,77	30,23	27,85	1457,21
1349	31.07.2025 10:24:28	3,13	3,77	30,23	27,85	1457,21
1350	31.07.2025 10:24:29	3,13	3,75	30,23	27,85	1457,20
1351	31.07.2025 10:24:30	3,13	3,77	30,23	27,85	1457,21
1352	31.07.2025 10:24:31	3,17	3,75	30,23	27,88	1457,36
1353	31.07.2025 10:24:32	3,17	3,77	30,20	27,85	1457,32
1354	31.07.2025 10:24:33	3,17	3,75	30,23	27,88	1457,36
1355	31.07.2025 10:24:34	3,17	3,75	30,23	27,88	1457,36
1356	31.07.2025 10:24:35	3,17	3,75	30,23	27,88	1457,36
1357	31.07.2025 10:24:36	3,17	3,73	30,23	27,88	1457,36
1358	31.07.2025 10:24:37	3,17	3,73	30,23	27,88	1457,36
1359	31.07.2025 10:24:38	3,17	3,72	30,23	27,88	1457,36
1360	31.07.2025 10:24:39	3,21	3,70	30,23	27,90	1457,51
1361	31.07.2025 10:24:40	3,21	3,70	30,23	27,90	1457,51
1362	31.07.2025 10:24:41	3,21	3,70	30,23	27,90	1457,51
1363	31.07.2025 10:24:42	3,21	3,70	30,23	27,90	1457,51
1364	31.07.2025 10:24:43	3,21	3,68	30,23	27,90	1457,51
1365	31.07.2025 10:24:44	3,21	3,66	30,23	27,90	1457,51
1366	31.07.2025 10:24:45	3,25	3,65	30,22	27,93	1457,66
1367	31.07.2025 10:24:46	3,25	3,65	30,23	27,93	1457,66
1368	31.07.2025 10:24:47	3,25	3,63	30,26	27,96	1457,70
1369	31.07.2025 10:24:48	3,25	3,61	30,23	27,93	1457,66
1370	31.07.2025 10:24:49	3,28	3,60	30,22	27,96	1457,81
1371	31.07.2025 10:24:50	3,28	3,58	30,22	27,96	1457,81
1372	31.07.2025 10:24:51	3,28	3,56	30,22	27,96	1457,81
1373	31.07.2025 10:24:52	3,32	3,55	30,25	28,01	1458,00
1374	31.07.2025 10:24:53	3,32	3,53	30,29	28,04	1458,04
1375	31.07.2025 10:24:54	3,36	3,51	30,25	28,04	1458,15
1376	31.07.2025 10:24:55	3,39	3,50	30,25	28,07	1458,31
1377	31.07.2025 10:24:56	3,39	3,46	30,28	28,10	1458,34
1378	31.07.2025 10:24:57	3,43	3,43	30,25	28,10	1458,45
1379	31.07.2025 10:24:58	3,47	3,43	30,22	28,10	1458,57
1380	31.07.2025 10:24:59	3,47	3,42	30,25	28,12	1458,61
1381	31.07.2025 10:25:00	3,50	3,38	30,21	28,12	1458,72
1382	31.07.2025 10:25:01	3,50	3,36	30,25	28,15	1458,76
1383	31.07.2025 10:25:02	3,54	3,35	30,31	28,23	1458,99
1384	31.07.2025 10:25:03	3,58	3,33	30,37	28,31	1459,23
1385	31.07.2025 10:25:04	3,62	3,32	30,40	28,37	1459,42
1386	31.07.2025 10:25:05	3,69	3,27	30,30	28,34	1459,60
1387	31.07.2025 10:25:06	3,73	3,25	30,30	28,37	1459,75
1388	31.07.2025 10:25:07	3,73	3,22	30,33	28,40	1459,79
1389	31.07.2025 10:25:08	3,76	3,19	30,30	28,40	1459,90
1390	31.07.2025 10:25:09	3,80	3,17	30,30	28,43	1460,05
1391	31.07.2025 10:25:10	3,84	3,15	30,27	28,43	1460,16
1392	31.07.2025 10:25:11	3,84	3,12	30,30	28,45	1460,19
1393	31.07.2025 10:25:12	3,87	3,10	30,26	28,45	1460,30
1394	31.07.2025 10:25:13	3,91	3,07	30,26	28,48	1460,45
1395	31.07.2025 10:25:14	3,95	3,05	30,23	28,48	1460,56
1396	31.07.2025 10:25:15	3,95	3,02	30,26	28,51	1460,60
1397	31.07.2025 10:25:16	3,98	3,00	30,23	28,51	1460,71
1398	31.07.2025 10:25:17	4,02	2,97	30,23	28,54	1460,85
1399	31.07.2025 10:25:18	4,02	2,94	30,26	28,57	1460,89
1400	31.07.2025 10:25:19	4,06	2,94	30,26	28,59	1461,04
1401	31.07.2025 10:25:20	4,09	2,89	30,26	28,62	1461,18
1402	31.07.2025 10:25:21	4,13	2,87	30,22	28,62	1461,29
1403	31.07.2025 10:25:22	4,16	2,84	30,22	28,65	1461,44
1404	31.07.2025 10:25:23	4,20	2,82	30,25	28,70	1461,63
1405	31.07.2025 10:25:24	4,24	2,75	30,22	28,70	1461,73
1406	31.07.2025 10:25:25	4,27	2,74	30,22	28,73	1461,88
1407	31.07.2025 10:25:26	4,31	2,70	30,22	28,76	1462,02
1408	31.07.2025 10:25:27	4,35	2,67	30,22	28,79	1462,17
1409	31.07.2025 10:25:28	4,35	2,65	30,22	28,79	1462,17
1410	31.07.2025 10:25:29	4,38	2,62	30,19	28,79	1462,27
1411	31.07.2025 10:25:30	4,42	2,59	30,18	28,82	1462,42
1412	31.07.2025 10:25:31	4,45	2,55	30,15	28,82	1462,52
1413	31.07.2025 10:25:32	4,45	2,52	30,15	28,82	1462,52
1414	31.07.2025 10:25:33	4,49	2,49	30,12	28,82	1462,62
1415	31.07.2025 10:25:34	4,49	2,45	30,12	28,82	1462,61
1416	31.07.2025 10:25:35	4,53	2,44	30,15	28,87	1462,80
1417	31.07.2025 10:25:36	4,56	2,40	30,21	28,95	1463,03
1418	31.07.2025 10:25:37	4,60	2,37	30,21	28,98	1463,17
1419	31.07.2025 10:25:38	4,64	2,35	30,21	29,01	1463,32
1420	31.07.2025 10:25:39	4,67	2,32	30,30	29,12	1463,58
1421	31.07.2025 10:25:40	4,74	2,31	30,54	29,39	1464,19
1422	31.07.2025 10:25:41	4,85	2,24	30,36	29,31	1464,38
1423	31.07.2025 10:25:42	4,92	2,21	30,36	29,36	1464,67
1424	31.07.2025 10:25:43	4,99	2,16	30,29	29,36	1464,88
1425	31.07.2025 10:25:44	5,07	2,15	30,23	29,37	1465,09
1426	31.07.2025 10:25:45	5,10	2,10	30,20	29,37	1465,19
1427	31.07.2025 10:25:46	5,14	2,06	30,11	29,32	1465,21
1428	31.07.2025 10:25:47	5,17	2,01	30,05	29,29	1465,27
1429	31.07.2025 10:25:48	5,17	1,99	30,14	29,37	1465,39
1430	31.07.2025 10:25:49	5,21	1,98	30,14	29,40	1465,53
1431	31.07.2025 10:25:50	5,24	1,93	30,08	29,37	1465,59
1432	31.07.2025 10:25:51	5,28	1,89	30,13	29,45	1465,80
1433	31.07.2025 10:25:52	5,31	1,88	30,32	29,64	1466,18
1434	31.07.2025 10:25:53	5,39	1,86	30,64	29,99	1466,89
1435	31.07.2025 10:25:54	5,53	1,87	30,82	30,26	1467,70
1436	31.07.2025 10:25:55	5,74	1,83	31,20	30,77	1469,03
1437	31.07.2025 10:25:56	6,02	1,83	31,84	31,58	1470,99
1438	31.07.2025 10:25:57	6,37	1,77	32,00	32,02	1472,57
1439	31.07.2025 10:25:58	6,72	1,70	31,87	32,19	1473,76
1440	31.07.2025 10:25:59	7,06	1,67	31,79	32,41	1475,01
1441	31.07.2025 10:26:00	7,30	1,63	31,69	32,52	1475,81
1442	31.07.2025 10:26:01	7,50	1,57	31,34	32,37	1476,15
1443	31.07.2025 10:26:02	7,67	1,50	30,94	32,14	1476,29
1444	31.07.2025 10:26:03	7,77	1,47	30,88	32,16	1476,60
1445	31.07.2025 10:26:04	7,88	1,50	31,10	32,46	1477,28
1446	31.07.2025 10:26:05	8,04	1,49	31,16	32,65	1477,99
1447	31.07.2025 10:26:06	8,21	1,48	31,07	32,71	1478,52
1448	31.07.2025 10:26:07	8,35	1,45	31,01	32,77	1478,95
1449	31.07.2025 10:26:08	8,48	1,40	30,93	32,80	1479,35
1450	31.07.2025 10:26:09	8,61	1,41	30,84	32,83	1479,74
1451	31.07.2025 10:26:10	8,75	1,38	30,76	32,86	1480,14
1452	31.07.2025 10:26:11	8,85	1,37	30,70	32,89	1480,44
1453	31.07.2025 10:26:12	8,95	1,35	30,62	32,89	1480,71
1454	31.07.2025 10:26:13	9,05	1,34	30,56	32,92	1481,01
1455	31.07.2025 10:26:14	9,14	1,35	30,54	32,98	1481,34
1456	31.07.2025 10:26:15	9,24	1,33	30,48	33,01	1481,64
1457	31.07.2025 10:26:16	9,34	1,32	30,45	33,06	1481,97
1458	31.07.2025 10:26:17	9,47	1,31	30,43	33,14	1482,43
1459	31.07.2025 10:26:18	9,57	1,30	30,48	33,28	1482,86
1460	31.07.2025 10:26:19	9,74	1,30	30,51	33,45	1483,49
1461	31.07.2025 10:26:20	9,93	1,28	30,65	33,75	1484,38
1462	31.07.2025 10:26:21	10,19	1,33	31,13	34,45	1485,93
1463	31.07.2025 10:26:22	10,58	1,34	31,42	35,07	1487,69
1464	31.07.2025 10:26:23	11,06	1,26	31,36	35,43	1489,32
1465	31.07.2025 10:26:24	11,54	1,18	31,10	35,58	1490,68
1466	31.07.2025 10:26:25	11,96	1,11	30,94	35,77	1491,92
1467	31.07.2025 10:26:26	12,37	1,04	30,72	35,90	1493,05
1468	31.07.2025 10:26:27	12,65	0,97	30,60	36,01	1493,86
1469	31.07.2025 10:26:28	12,90	0,93	30,40	36,02	1494,47
1470	31.07.2025 10:26:29	13,12	0,87	30,26	36,05	1495,02
1471	31.07.2025 10:26:30	13,31	0,86	30,12	36,05	1495,48
1472	31.07.2025 10:26:31	13,46	0,81	30,00	36,06	1495,85
1473	31.07.2025 10:26:32	13,59	0,80	29,90	36,06	1496,15
1474	31.07.2025 10:26:33	13,71	0,77	29,81	36,06	1496,44
1475	31.07.2025 10:26:34	13,83	0,76	29,69	36,04	1496,71
1476	31.07.2025 10:26:35	13,93	0,75	29,60	36,02	1496,90
1477	31.07.2025 10:26:36	14,02	0,72	29,50	35,99	1497,09
1478	31.07.2025 10:26:37	14,11	0,70	29,51	36,07	1497,40
1479	31.07.2025 10:26:38	14,24	0,71	29,54	36,21	1497,84
1480	31.07.2025 10:26:39	14,36	0,72	29,62	36,40	1498,34
1481	31.07.2025 10:26:40	14,54	0,73	29,67	36,62	1499,01
1482	31.07.2025 10:26:41	14,76	0,67	29,56	36,68	1499,56
1483	31.07.2025 10:26:42	14,91	0,64	29,50	36,74	1499,98
1484	31.07.2025 10:26:43	15,06	0,59	29,41	36,77	1500,36
1485	31.07.2025 10:26:44	15,22	0,58	29,39	36,88	1500,83
1486	31.07.2025 10:26:45	15,34	0,61	29,35	36,93	1501,17
1487	31.07.2025 10:26:46	15,49	0,52	29,17	36,86	1501,43
1488	31.07.2025 10:26:47	15,58	0,53	29,13	36,89	1501,67
1489	31.07.2025 10:26:48	15,67	0,50	29,07	36,89	1501,88
1490	31.07.2025 10:26:49	15,76	0,50	29,07	36,97	1502,17
1491	31.07.2025 10:26:50	15,85	0,49	29,12	37,11	1502,52
1492	31.07.2025 10:26:51	15,98	0,46	29,04	37,11	1502,79
1493	31.07.2025 10:26:52	16,10	0,46	28,93	37,09	1503,05
1494	31.07.2025 10:26:53	16,19	0,43	28,82	37,03	1503,19
1495	31.07.2025 10:26:54	16,25	0,41	28,84	37,12	1503,41
1496	31.07.2025 10:26:55	16,31	0,43	28,87	37,20	1503,63
1497	31.07.2025 10:26:56	16,37	0,37	28,83	37,20	1503,76
1498	31.07.2025 10:26:57	16,46	0,36	28,74	37,17	1503,94
1499	31.07.2025 10:26:58	16,55	0,34	28,68	37,18	1504,14
1500	31.07.2025 10:26:59	16,61	0,32	28,66	37,21	1504,31
1501	31.07.2025 10:27:00	16,67	0,32	28,62	37,21	1504,44
1502	31.07.2025 10:27:01	16,73	0,30	28,55	37,18	1504,55
1503	31.07.2025 10:27:02	16,79	0,30	28,51	37,18	1504,69
1504	31.07.2025 10:27:03	16,85	0,29	28,47	37,18	1504,82
1505	31.07.2025 10:27:04	16,91	0,25	28,45	37,21	1504,98
1506	31.07.2025 10:27:05	16,97	0,25	28,39	37,19	1505,09
1507	31.07.2025 10:27:06	17,03	0,22	28,35	37,19	1505,22
1508	31.07.2025 10:27:07	17,09	0,20	28,31	37,19	1505,35
1509	31.07.2025 10:27:08	17,12	0,18	28,29	37,19	1505,42
1510	31.07.2025 10:27:09	17,18	0,18	28,22	37,16	1505,53
1511	31.07.2025 10:27:10	17,24	0,13	28,18	37,17	1505,65
1512	31.07.2025 10:27:11	17,27	0,13	28,16	37,17	1505,72
1513	31.07.2025 10:27:12	17,30	0,11	28,14	37,17	1505,79
1514	31.07.2025 10:27:13	17,33	0,09	28,12	37,17	1505,85
1515	31.07.2025 10:27:14	17,39	0,09	28,08	37,17	1505,98
1516	31.07.2025 10:27:15	17,42	0,06	28,06	37,17	1506,05
1517	31.07.2025 10:27:16	17,48	0,06	28,02	37,17	1506,18
1518	31.07.2025 10:27:17	17,51	0,02	28,00	37,17	1506,24
1519	31.07.2025 10:27:18	17,57	0,00	27,96	37,17	1506,37
1520	31.07.2025 10:27:19	17,60	0,02	27,94	37,17	1506,44
1521	31.07.2025 10:27:20	17,63	-0,03	27,92	37,18	1506,50
1522	31.07.2025 10:27:21	17,66	-0,01	27,88	37,15	1506,55
1523	31.07.2025 10:27:22	17,69	-0,03	27,88	37,18	1506,64
1524	31.07.2025 10:27:23	17,75	-0,05	27,82	37,15	1506,74
1525	31.07.2025 10:27:24	17,75	-0,05	27,84	37,18	1506,77
1526	31.07.2025 10:27:25	17,78	-0,05	27,80	37,15	1506,81
1527	31.07.2025 10:27:26	17,81	-0,07	27,78	37,15	1506,87
1528	31.07.2025 10:27:27	17,84	-0,05	27,76	37,15	1506,94
1529	31.07.2025 10:27:28	17,87	-0,05	27,74	37,15	1507,01
1530	31.07.2025 10:27:29	17,90	-0,05	27,72	37,15	1507,07
1531	31.07.2025 10:27:30	17,93	-0,07	27,70	37,16	1507,14
1532	31.07.2025 10:27:31	17,96	-0,05	27,68	37,16	1507,21
1533	31.07.2025 10:27:32	17,99	-0,07	27,66	37,16	1507,27
1534	31.07.2025 10:27:33	18,02	-0,03	27,65	37,16	1507,34
1535	31.07.2025 10:27:34	18,05	-0,03	27,63	37,16	1507,41
1536	31.07.2025 10:27:35	18,05	-0,05	27,63	37,16	1507,41
1537	31.07.2025 10:27:36	18,08	-0,03	27,58	37,13	1507,45
1538	31.07.2025 10:27:37	18,11	-0,05	27,59	37,16	1507,54
1539	31.07.2025 10:27:38	18,14	-0,03	27,55	37,13	1507,58
1540	31.07.2025 10:27:39	18,17	-0,05	27,53	37,13	1507,65
1541	31.07.2025 10:27:40	18,17	-0,05	27,53	37,13	1507,65
1542	31.07.2025 10:27:41	18,20	-0,05	27,51	37,13	1507,71
1543	31.07.2025 10:27:42	18,22	-0,03	27,49	37,14	1507,78
1544	31.07.2025 10:27:43	18,22	-0,05	27,49	37,14	1507,78
1545	31.07.2025 10:27:44	18,25	-0,05	27,47	37,14	1507,85
1546	31.07.2025 10:27:45	18,25	-0,05	27,49	37,16	1507,87
1547	31.07.2025 10:27:46	18,28	-0,03	27,47	37,16	1507,94
1548	31.07.2025 10:27:47	18,28	-0,03	27,45	37,14	1507,91
1549	31.07.2025 10:27:48	18,31	-0,05	27,43	37,14	1507,98
1550	31.07.2025 10:27:49	18,31	-0,05	27,43	37,14	1507,98
1551	31.07.2025 10:27:50	18,34	-0,05	27,41	37,14	1508,04
1552	31.07.2025 10:27:51	18,37	-0,05	27,39	37,14	1508,11
1553	31.07.2025 10:27:52	18,37	-0,05	27,39	37,14	1508,11
1554	31.07.2025 10:27:53	18,40	-0,03	27,37	37,14	1508,18
1555	31.07.2025 10:27:54	18,40	-0,03	27,37	37,14	1508,18
1556	31.07.2025 10:27:55	18,40	-0,03	27,37	37,14	1508,18
1557	31.07.2025 10:27:56	18,43	-0,03	27,35	37,14	1508,24
1558	31.07.2025 10:27:57	18,43	-0,03	27,35	37,14	1508,24
1559	31.07.2025 10:27:58	18,46	-0,03	27,33	37,14	1508,31
1560	31.07.2025 10:27:59	18,46	-0,01	27,33	37,14	1508,31
1561	31.07.2025 10:28:00	18,49	-0,05	27,31	37,14	1508,37
1562	31.07.2025 10:28:01	18,49	-0,03	27,31	37,14	1508,37
1563	31.07.2025 10:28:02	18,49	-0,03	27,31	37,14	1508,37
1564	31.07.2025 10:28:03	18,52	-0,01	27,30	37,14	1508,44
1565	31.07.2025 10:28:04	18,52	-0,03	27,30	37,14	1508,44
1566	31.07.2025 10:28:05	18,55	-0,03	27,28	37,14	1508,51
1567	31.07.2025 10:28:06	18,55	-0,03	27,28	37,14	1508,51
1568	31.07.2025 10:28:07	18,55	-0,03	27,28	37,14	1508,51
1569	31.07.2025 10:28:08	18,58	-0,03	27,26	37,14	1508,57
1570	31.07.2025 10:28:09	18,58	-0,03	27,26	37,14	1508,57
1571	31.07.2025 10:28:10	18,58	-0,03	27,26	37,14	1508,57
1572	31.07.2025 10:28:11	18,61	-0,05	27,24	37,14	1508,63
1573	31.07.2025 10:28:12	18,61	-0,03	27,24	37,14	1508,64
1574	31.07.2025 10:28:13	18,61	-0,03	27,24	37,14	1508,64
1575	31.07.2025 10:28:14	18,61	-0,03	27,24	37,14	1508,64
1576	31.07.2025 10:28:15	18,64	-0,03	27,20	37,12	1508,68
1577	31.07.2025 10:28:16	18,64	-0,03	27,20	37,12	1508,68
1578	31.07.2025 10:28:17	18,64	-0,05	27,20	37,12	1508,67
1579	31.07.2025 10:28:18	18,64	-0,03	27,22	37,14	1508,70
1580	31.07.2025 10:28:19	18,67	-0,05	27,20	37,15	1508,76
1581	31.07.2025 10:28:20	18,67	-0,05	27,20	37,15	1508,77
1582	31.07.2025 10:28:21	18,67	-0,03	27,18	37,12	1508,74
1583	31.07.2025 10:28:22	18,67	-0,03	27,18	37,12	1508,74
1584	31.07.2025 10:28:23	18,67	-0,03	27,20	37,15	1508,77
1585	31.07.2025 10:28:24	18,70	-0,05	27,18	37,15	1508,83
1586	31.07.2025 10:28:25	18,70	-0,03	27,18	37,15	1508,83
1587	31.07.2025 10:28:26	18,70	-0,05	27,18	37,15	1508,83
1588	31.07.2025 10:28:27	18,70	-0,03	27,18	37,15	1508,83
1589	31.07.2025 10:28:28	18,70	-0,03	27,18	37,15	1508,83
1590	31.07.2025 10:28:29	18,73	-0,05	27,16	37,15	1508,90
1591	31.07.2025 10:28:30	18,73	-0,03	27,14	37,12	1508,87
1592	31.07.2025 10:28:31	18,73	-0,03	27,14	37,12	1508,87
1593	31.07.2025 10:28:32	18,73	-0,05	27,14	37,12	1508,87
1594	31.07.2025 10:28:33	18,73	-0,03	27,14	37,12	1508,87
1595	31.07.2025 10:28:34	18,73	-0,03	27,14	37,12	1508,87
1596	31.07.2025 10:28:35	18,73	-0,03	27,14	37,12	1508,87
1597	31.07.2025 10:28:36	18,76	-0,01	27,12	37,12	1508,94
1598	31.07.2025 10:28:37	18,76	-0,01	27,12	37,12	1508,94
1599	31.07.2025 10:28:38	18,76	-0,01	27,12	37,12	1508,94
1600	31.07.2025 10:28:39	18,76	-0,05	27,14	37,15	1508,96
1601	31.07.2025 10:28:40	18,76	-0,03	27,12	37,12	1508,94
1602	31.07.2025 10:28:41	18,76	-0,03	27,12	37,12	1508,94
1603	31.07.2025 10:28:42	18,76	-0,05	19,57	27,62	1500,27
1604	31.07.2025 10:28:43	18,76	-0,03	19,76	27,86	1500,49
1605	31.07.2025 10:28:44	18,76	-0,05	19,69	27,78	1500,41
1606	31.07.2025 10:28:45	18,76	-0,05	20,65	29,00	1501,50
1607	31.07.2025 10:28:46	18,76	-0,05	1,54	2,59	1479,57
1608	31.07.2025 10:28:47	18,76	-0,03	1,61	2,70	1479,66
1609	31.07.2025 10:28:48	18,76	-0,05	0,71	1,24	1478,62
1610	31.07.2025 10:28:49	18,76	-0,03	1,62	2,73	1479,68
1611	31.07.2025 10:28:50	18,76	-0,05	0,78	1,35	1478,70
1612	31.07.2025 10:28:51	18,76	-0,05	1,54	2,59	1479,57
1613	31.07.2025 10:28:52	18,76	-0,05	1,46	2,48	1479,49
1614	31.07.2025 10:28:53	18,73	-0,07	0,61	1,07	1478,41
1615	31.07.2025 10:28:54	18,73	-0,05	1,29	2,19	1479,19
1616	31.07.2025 10:28:55	18,73	-0,05	0,89	1,55	1478,74
1617	31.07.2025 10:28:56	18,73	-0,07	1,24	2,11	1479,13
1618	31.07.2025 10:28:57	18,73	-0,07	1,36	2,31	1479,27
1619	31.07.2025 10:28:58	18,73	-0,05	1,08	1,86	1478,96
1620	31.07.2025 10:28:59	18,70	-0,05	0,38	0,68	1478,06
1621	31.07.2025 10:29:00	18,70	-0,05	1,52	2,56	1479,36
1622	31.07.2025 10:29:01	18,70	-0,05	0,19	0,35	1477,84
1623	31.07.2025 10:29:02	18,70	-0,07	0,18	0,32	1477,82
1624	31.07.2025 10:29:03	18,70	-0,05	0,16	0,29	1477,80
1625	31.07.2025 10:29:04	18,70	-0,05	0,16	0,29	1477,80
1626	31.07.2025 10:29:05	18,70	-0,05	0,15	0,27	1477,79
1627	31.07.2025 10:29:06	18,70	-0,05	0,15	0,27	1477,79
1628	31.07.2025 10:29:07	18,70	-0,05	0,15	0,27	1477,79
1629	31.07.2025 10:29:08	18,70	-0,05	0,15	0,27	1477,79
1630	31.07.2025 10:29:09	18,70	-0,05	0,13	0,24	1477,77
1631	31.07.2025 10:29:10	18,67	-0,05	0,13	0,24	1477,67
1632	31.07.2025 10:29:11	18,67	-0,05	0,13	0,24	1477,67
1633	31.07.2025 10:29:12	18,67	-0,05	0,13	0,24	1477,67
1634	31.07.2025 10:29:13	18,67	-0,05	0,13	0,24	1477,67
1635	31.07.2025 10:29:14	18,67	-0,05	0,13	0,24	1477,67
1636	31.07.2025 10:29:15	18,67	-0,05	0,12	0,21	1477,66
1637	31.07.2025 10:29:16	18,67	-0,05	0,12	0,21	1477,66
1638	31.07.2025 10:29:17	18,67	-0,05	0,12	0,21	1477,66
1639	31.07.2025 10:29:18	18,64	-0,05	0,12	0,21	1477,56
1640	31.07.2025 10:29:19	18,64	-0,05	0,12	0,21	1477,56
1641	31.07.2025 10:29:20	18,64	-0,05	0,12	0,21	1477,56
1642	31.07.2025 10:29:21	18,64	-0,07	0,12	0,21	1477,56
1643	31.07.2025 10:29:22	18,64	-0,05	0,12	0,21	1477,56
1644	31.07.2025 10:29:23	18,64	-0,05	0,13	0,24	1477,58
1645	31.07.2025 10:29:24	18,64	-0,05	0,13	0,24	1477,58
1646	31.07.2025 10:29:25	18,64	-0,05	0,13	0,24	1477,58
1647	31.07.2025 10:29:26	18,61	-0,05	0,12	0,21	1477,46
1648	31.07.2025 10:29:27	18,61	-0,07	0,12	0,21	1477,46
1649	31.07.2025 10:29:28	18,61	-0,05	0,12	0,21	1477,46
1650	31.07.2025 10:29:29	18,61	-0,05	0,12	0,21	1477,46
1651	31.07.2025 10:29:30	18,61	-0,05	0,12	0,21	1477,46
1652	31.07.2025 10:29:31	18,61	-0,05	0,18	0,32	1477,53
1653	31.07.2025 10:29:32	18,61	-0,05	0,13	0,24	1477,48
1654	31.07.2025 10:29:33	18,61	-0,05	0,12	0,21	1477,46
1655	31.07.2025 10:29:34	18,61	-0,05	0,12	0,21	1477,46
1656	31.07.2025 10:29:35	18,58	-0,05	0,12	0,21	1477,37
1657	31.07.2025 10:29:36	18,58	-0,05	0,12	0,21	1477,37
1658	31.07.2025 10:29:37	18,58	-0,05	0,12	0,21	1477,37
1659	31.07.2025 10:29:38	18,58	-0,03	0,12	0,21	1477,37
1660	31.07.2025 10:29:39	18,58	-0,05	0,12	0,21	1477,37
1661	31.07.2025 10:29:40	18,58	-0,05	0,12	0,21	1477,37
1662	31.07.2025 10:29:41	18,58	-0,07	0,12	0,21	1477,37
1663	31.07.2025 10:29:42	18,58	-0,05	0,10	0,18	1477,35
1664	31.07.2025 10:29:43	18,58	-0,05	0,12	0,21	1477,37
1665	31.07.2025 10:29:44	18,55	-0,05	0,12	0,21	1477,27
1666	31.07.2025 10:29:45	18,55	-0,05	0,12	0,21	1477,27
1667	31.07.2025 10:29:46	18,55	-0,05	0,10	0,18	1477,26
1668	31.07.2025 10:29:47	18,55	-0,05	0,12	0,21	1477,27
1669	31.07.2025 10:29:48	18,55	-0,05	0,12	0,21	1477,27
1670	31.07.2025 10:29:49	18,55	-0,05	0,10	0,18	1477,26
1671	31.07.2025 10:29:50	18,55	-0,05	0,12	0,21	1477,27
1672	31.07.2025 10:29:51	18,55	-0,05	0,12	0,21	1477,27
1673	31.07.2025 10:29:52	18,52	-0,05	0,10	0,18	1477,16
1674	31.07.2025 10:29:53	18,52	-0,05	0,12	0,21	1477,18
1675	31.07.2025 10:29:54	18,52	-0,05	0,12	0,21	1477,18
1676	31.07.2025 10:29:55	18,52	-0,07	0,12	0,21	1477,18
1677	31.07.2025 10:29:56	18,52	-0,05	0,10	0,18	1477,16
1678	31.07.2025 10:29:57	18,52	-0,05	0,12	0,21	1477,18
1679	31.07.2025 10:29:58	18,52	-0,05	0,10	0,18	1477,16
1680	31.07.2025 10:29:59	18,52	-0,03	0,10	0,18	1477,16
1681	31.07.2025 10:30:00	18,52	-0,05	0,12	0,21	1477,18
1682	31.07.2025 10:30:01	18,52	-0,05	0,10	0,18	1477,16
1683	31.07.2025 10:30:02	18,49	-0,05	0,12	0,21	1477,08
1684	31.07.2025 10:30:03	18,49	-0,05	0,12	0,21	1477,08
1685	31.07.2025 10:30:04	18,49	-0,05	0,10	0,18	1477,06
1686	31.07.2025 10:30:05	18,49	-0,05	0,10	0,18	1477,06
1687	31.07.2025 10:30:06	18,49	-0,05	0,10	0,18	1477,06
1688	31.07.2025 10:30:07	18,49	-0,05	0,10	0,18	1477,06
1689	31.07.2025 10:30:08	18,49	-0,05	0,10	0,18	1477,06
1690	31.07.2025 10:30:09	18,49	-0,05	0,10	0,18	1477,06
1691	31.07.2025 10:30:10	18,49	-0,05	0,10	0,18	1477,06
1692	31.07.2025 10:30:11	18,49	-0,05	0,10	0,18	1477,06
1693	31.07.2025 10:30:12	18,49	-0,03	0,12	0,21	1477,09
1694	31.07.2025 10:30:13	18,46	-0,05	0,12	0,21	1476,99
1695	31.07.2025 10:30:14	18,46	-0,03	0,12	0,21	1476,99
1696	31.07.2025 10:30:15	18,46	-0,05	0,12	0,21	1476,99
1697	31.07.2025 10:30:16	18,46	-0,03	0,12	0,21	1476,99
1698	31.07.2025 10:30:17	18,46	-0,05	0,12	0,21	1476,99
1699	31.07.2025 10:30:18	18,46	-0,05	0,12	0,21	1476,99
1700	31.07.2025 10:30:19	18,46	-0,05	0,12	0,21	1476,99
1701	31.07.2025 10:30:20	18,46	-0,05	0,12	0,21	1476,99
1702	31.07.2025 10:30:21	18,43	-0,05	0,13	0,24	1476,91
1703	31.07.2025 10:30:22	18,43	-0,03	0,12	0,21	1476,89
1704	31.07.2025 10:30:23	18,43	-0,05	0,12	0,21	1476,89
1705	31.07.2025 10:30:24	18,43	-0,05	0,12	0,21	1476,89
1706	31.07.2025 10:30:25	18,43	-0,03	0,12	0,21	1476,89
1707	31.07.2025 10:30:26	18,43	-0,05	0,12	0,21	1476,89
1708	31.07.2025 10:30:27	18,43	-0,05	0,12	0,21	1476,89
1709	31.07.2025 10:30:28	18,43	-0,05	0,12	0,21	1476,89
1710	31.07.2025 10:30:29	18,40	-0,05	0,12	0,21	1476,79
1711	31.07.2025 10:30:30	18,40	-0,05	0,12	0,21	1476,79
1712	31.07.2025 10:30:31	18,40	-0,03	0,12	0,21	1476,80
1713	31.07.2025 10:30:32	18,40	-0,03	0,12	0,21	1476,80
1714	31.07.2025 10:30:33	18,40	-0,03	0,12	0,21	1476,80
1715	31.07.2025 10:30:34	18,40	-0,05	0,13	0,24	1476,81
1716	31.07.2025 10:30:35	18,40	-0,03	0,13	0,24	1476,81
1717	31.07.2025 10:30:36	18,40	-0,05	0,13	0,24	1476,81
1718	31.07.2025 10:30:37	18,40	-0,05	0,13	0,24	1476,81
1719	31.07.2025 10:30:38	18,40	-0,03	0,13	0,24	1476,81
1720	31.07.2025 10:30:39	18,40	-0,03	0,13	0,24	1476,81
1721	31.07.2025 10:30:40	18,40	-0,03	0,13	0,24	1476,81
1722	31.07.2025 10:30:41	18,40	-0,05	0,12	0,21	1476,79
1723	31.07.2025 10:30:42	18,40	-0,03	0,12	0,21	1476,80
1724	31.07.2025 10:30:43	18,37	-0,05	0,12	0,21	1476,70
1725	31.07.2025 10:30:44	18,37	-0,05	0,12	0,21	1476,70
1726	31.07.2025 10:30:45	18,37	-0,07	0,12	0,21	1476,70
1727	31.07.2025 10:30:46	18,37	-0,07	0,12	0,21	1476,70
1728	31.07.2025 10:30:47	18,37	-0,05	0,12	0,21	1476,70
1729	31.07.2025 10:30:48	18,37	-0,07	0,12	0,21	1476,70
1730	31.07.2025 10:30:49	18,37	-0,05	0,12	0,21	1476,70
1731	31.07.2025 10:30:50	18,37	-0,07	0,12	0,21	1476,70
1732	31.07.2025 10:30:51	18,37	-0,07	0,12	0,21	1476,70
1733	31.07.2025 10:30:52	18,37	-0,05	0,12	0,21	1476,70
1734	31.07.2025 10:30:53	18,37	-0,05	0,12	0,21	1476,70
1735	31.07.2025 10:30:54	18,37	-0,05	0,12	0,21	1476,70
1736	31.07.2025 10:30:55	18,37	-0,07	0,10	0,18	1476,68
1737	31.07.2025 10:30:56	18,37	-0,05	0,10	0,18	1476,68
1738	31.07.2025 10:30:57	18,37	-0,05	0,10	0,18	1476,68
1739	31.07.2025 10:30:58	18,34	-0,05	0,10	0,18	1476,58
1740	31.07.2025 10:30:59	18,34	-0,07	0,10	0,18	1476,58
1741	31.07.2025 10:31:00	18,34	-0,05	0,10	0,18	1476,58
1742	31.07.2025 10:31:01	18,34	-0,05	0,10	0,18	1476,58
1743	31.07.2025 10:31:02	18,34	-0,07	0,10	0,18	1476,58
1744	31.07.2025 10:31:03	18,34	-0,05	0,10	0,18	1476,58
1745	31.07.2025 10:31:04	18,34	-0,05	0,10	0,18	1476,58
1746	31.07.2025 10:31:05	18,34	-0,07	0,10	0,18	1476,58
1747	31.07.2025 10:31:06	18,34	-0,05	0,12	0,21	1476,60
1748	31.07.2025 10:31:07	18,34	-0,05	0,12	0,21	1476,60
1749	31.07.2025 10:31:08	18,34	-0,07	0,12	0,21	1476,60
1750	31.07.2025 10:31:09	18,34	-0,05	0,12	0,21	1476,60
1751	31.07.2025 10:31:10	18,34	-0,07	0,12	0,21	1476,60
1752	31.07.2025 10:31:11	18,34	-0,07	0,12	0,21	1476,60
1753	31.07.2025 10:31:12	18,31	-0,05	0,12	0,21	1476,51
1754	31.07.2025 10:31:13	18,31	-0,05	0,12	0,21	1476,51
1755	31.07.2025 10:31:14	18,31	-0,07	0,12	0,21	1476,50
1756	31.07.2025 10:31:15	18,31	-0,05	0,12	0,21	1476,51
1757	31.07.2025 10:31:16	18,31	-0,05	0,12	0,21	1476,51
1758	31.07.2025 10:31:17	18,31	-0,05	0,12	0,21	1476,51
1759	31.07.2025 10:31:18	18,31	-0,07	0,12	0,21	1476,50
1760	31.07.2025 10:31:19	18,31	-0,07	0,12	0,21	1476,50
1761	31.07.2025 10:31:20	18,31	-0,05	0,12	0,21	1476,51
1762	31.07.2025 10:31:21	18,31	-0,07	0,12	0,21	1476,50
1763	31.07.2025 10:31:22	18,31	-0,05	0,12	0,21	1476,51
1764	31.07.2025 10:31:23	18,31	-0,05	0,12	0,21	1476,51
1765	31.07.2025 10:31:24	18,31	-0,07	0,12	0,21	1476,50
1766	31.07.2025 10:31:25	18,31	-0,05	0,12	0,21	1476,51
1767	31.07.2025 10:31:26	18,31	-0,07	0,12	0,21	1476,50
1768	31.07.2025 10:31:27	18,31	-0,05	0,12	0,21	1476,51
1769	31.07.2025 10:31:28	18,31	-0,07	0,12	0,21	1476,50
1770	31.07.2025 10:31:29	18,28	-0,07	0,12	0,21	1476,41
1771	31.07.2025 10:31:30	18,28	-0,07	0,12	0,21	1476,41
1772	31.07.2025 10:31:31	18,28	-0,05	0,10	0,18	1476,39
1773	31.07.2025 10:31:32	18,28	-0,07	0,12	0,21	1476,41
1774	31.07.2025 10:31:33	18,28	-0,05	0,12	0,21	1476,41
1775	31.07.2025 10:31:34	18,28	-0,05	0,12	0,21	1476,41
1776	31.07.2025 10:31:35	18,28	-0,05	0,12	0,21	1476,41
1777	31.07.2025 10:31:36	18,28	-0,05	0,12	0,21	1476,41
1778	31.07.2025 10:31:37	18,28	-0,05	0,12	0,21	1476,41
1779	31.07.2025 10:31:38	18,28	-0,05	0,12	0,21	1476,41
1780	31.07.2025 10:31:39	18,28	-0,07	0,12	0,21	1476,41
1781	31.07.2025 10:31:40	18,28	-0,05	0,12	0,21	1476,41
1782	31.07.2025 10:31:41	18,28	-0,05	0,10	0,18	1476,39
1783	31.07.2025 10:31:42	18,28	-0,05	0,12	0,21	1476,41
1784	31.07.2025 10:31:43	18,28	-0,05	0,12	0,21	1476,41
1785	31.07.2025 10:31:44	18,28	-0,07	0,12	0,21	1476,41
1786	31.07.2025 10:31:45	18,28	-0,05	0,12	0,21	1476,41
1787	31.07.2025 10:31:46	18,28	-0,07	0,12	0,21	1476,41
1788	31.07.2025 10:31:47	18,28	-0,05	0,12	0,21	1476,41
1789	31.07.2025 10:31:48	18,28	-0,07	0,12	0,21	1476,41
1790	31.07.2025 10:31:49	18,28	-0,07	0,12	0,21	1476,41
1791	31.07.2025 10:31:50	18,28	-0,07	0,12	0,21	1476,41
1792	31.07.2025 10:31:51	18,28	-0,05	0,12	0,21	1476,41
1793	31.07.2025 10:31:52	18,28	-0,05	0,12	0,21	1476,41
1794	31.07.2025 10:31:53	18,28	-0,05	0,12	0,21	1476,41
1795	31.07.2025 10:31:54	18,25	-0,07	0,12	0,21	1476,31
1796	31.07.2025 10:31:55	18,25	-0,05	0,12	0,21	1476,31
1797	31.07.2025 10:31:56	18,25	-0,05	0,12	0,21	1476,31
1798	31.07.2025 10:31:57	18,25	-0,05	0,10	0,18	1476,30
1799	31.07.2025 10:31:58	18,25	-0,05	0,12	0,21	1476,31
1800	31.07.2025 10:31:59	18,25	-0,05	0,12	0,21	1476,31
1801	31.07.2025 10:32:00	18,25	-0,07	0,12	0,21	1476,31
1802	31.07.2025 10:32:01	18,25	-0,05	0,12	0,21	1476,31
1803	31.07.2025 10:32:02	18,25	-0,05	0,12	0,21	1476,31
1804	31.07.2025 10:32:03	18,25	-0,07	0,12	0,21	1476,31
1805	31.07.2025 10:32:04	18,25	-0,05	0,12	0,21	1476,31
1806	31.07.2025 10:32:05	18,25	-0,07	0,12	0,21	1476,31
1807	31.07.2025 10:32:06	18,25	-0,05	0,12	0,21	1476,31
1808	31.07.2025 10:32:07	18,25	-0,05	0,12	0,21	1476,31
1809	31.07.2025 10:32:08	18,25	-0,05	0,12	0,21	1476,31
1810	31.07.2025 10:32:09	18,25	-0,05	0,12	0,21	1476,31
1811	31.07.2025 10:32:10	18,25	-0,07	0,12	0,21	1476,31
1812	31.07.2025 10:32:11	18,25	-0,05	0,12	0,21	1476,31
1813	31.07.2025 10:32:12	18,25	-0,05	0,12	0,21	1476,31
1814	31.07.2025 10:32:13	18,25	-0,05	0,12	0,21	1476,31
1815	31.07.2025 10:32:14	18,25	-0,07	0,12	0,21	1476,31
1816	31.07.2025 10:32:15	18,25	-0,05	0,12	0,21	1476,31
1817	31.07.2025 10:32:16	18,25	-0,07	0,12	0,21	1476,31
1818	31.07.2025 10:32:17	18,25	-0,05	0,12	0,21	1476,31
1819	31.07.2025 10:32:18	18,25	-0,05	0,12	0,21	1476,31
1820	31.07.2025 10:32:19	18,25	-0,05	0,12	0,21	1476,31
1821	31.07.2025 10:32:20	18,25	-0,05	0,12	0,21	1476,31
1822	31.07.2025 10:32:21	18,25	-0,05	0,12	0,21	1476,31
1823	31.07.2025 10:32:22	18,25	-0,05	0,12	0,21	1476,31
1824	31.07.2025 10:32:23	18,25	-0,05	0,12	0,21	1476,31
1825	31.07.2025 10:32:24	18,25	-0,07	0,12	0,21	1476,31
1826	31.07.2025 10:32:25	18,25	-0,05	0,12	0,21	1476,31
1827	31.07.2025 10:32:26	18,25	-0,05	0,10	0,18	1476,30
1828	31.07.2025 10:32:27	18,25	-0,05	0,12	0,21	1476,31
1829	31.07.2025 10:32:28	18,25	-0,05	0,10	0,18	1476,30
1830	31.07.2025 10:32:29	18,25	-0,05	0,12	0,21	1476,31
1831	31.07.2025 10:32:30	18,25	-0,05	0,12	0,21	1476,31
1832	31.07.2025 10:32:31	18,25	-0,05	0,12	0,21	1476,31
1833	31.07.2025 10:32:32	18,25	-0,05	0,12	0,21	1476,31
1834	31.07.2025 10:32:33	18,25	-0,05	0,12	0,21	1476,31
1835	31.07.2025 10:32:34	18,25	-0,05	0,12	0,21	1476,31
1836	31.07.2025 10:32:35	18,22	-0,05	0,12	0,21	1476,22
1837	31.07.2025 10:32:36	18,25	-0,05	0,10	0,18	1476,30
1838	31.07.2025 10:32:37	18,25	-0,05	0,10	0,18	1476,30
1839	31.07.2025 10:32:38	18,22	-0,05	0,12	0,21	1476,22
1840	31.07.2025 10:32:39	18,25	-0,07	0,12	0,21	1476,31
1841	31.07.2025 10:32:40	18,22	-0,05	0,10	0,18	1476,20
1842	31.07.2025 10:32:41	18,22	-0,07	0,12	0,21	1476,21
1843	31.07.2025 10:32:42	18,22	-0,05	0,12	0,21	1476,22
1844	31.07.2025 10:32:43	18,22	-0,07	0,12	0,21	1476,21
1845	31.07.2025 10:32:44	18,22	-0,05	0,12	0,21	1476,22
1846	31.07.2025 10:32:45	18,22	-0,05	0,12	0,21	1476,22
1847	31.07.2025 10:32:46	18,22	-0,05	0,12	0,21	1476,22
1848	31.07.2025 10:32:47	18,22	-0,07	0,12	0,21	1476,21
1849	31.07.2025 10:32:48	18,22	-0,07	0,12	0,21	1476,21
1850	31.07.2025 10:32:49	18,22	-0,07	0,12	0,21	1476,21
1851	31.07.2025 10:32:50	18,22	-0,05	0,12	0,21	1476,22
1852	31.07.2025 10:32:51	18,22	-0,05	0,12	0,21	1476,22
1853	31.07.2025 10:32:52	18,22	-0,05	0,12	0,21	1476,22
1854	31.07.2025 10:32:53	18,22	-0,07	0,12	0,21	1476,21
1855	31.07.2025 10:32:54	18,22	-0,05	0,12	0,21	1476,22
1856	31.07.2025 10:32:55	18,22	-0,05	0,12	0,21	1476,22
1857	31.07.2025 10:32:56	18,22	-0,05	0,12	0,21	1476,22
1858	31.07.2025 10:32:57	18,22	-0,05	0,12	0,21	1476,22
1859	31.07.2025 10:32:58	18,22	-0,07	0,12	0,21	1476,21
1860	31.07.2025 10:32:59	18,22	-0,05	0,12	0,21	1476,22
1861	31.07.2025 10:33:00	18,22	-0,05	0,10	0,18	1476,20
1862	31.07.2025 10:33:01	18,22	-0,05	0,12	0,21	1476,22
1863	31.07.2025 10:33:02	18,22	-0,07	0,12	0,21	1476,21
1864	31.07.2025 10:33:03	18,22	-0,05	0,12	0,21	1476,22
1865	31.07.2025 10:33:04	18,22	-0,07	0,12	0,21	1476,21
1866	31.07.2025 10:33:05	18,22	-0,05	0,12	0,21	1476,22
1867	31.07.2025 10:33:06	18,22	-0,05	0,12	0,21	1476,22
1868	31.07.2025 10:33:07	18,22	-0,05	0,12	0,21	1476,22
1869	31.07.2025 10:33:08	18,22	-0,05	0,12	0,21	1476,22
1870	31.07.2025 10:33:09	18,22	-0,05	0,12	0,21	1476,22
1871	31.07.2025 10:33:10	18,22	-0,05	0,12	0,21	1476,22
1872	31.07.2025 10:33:11	18,22	-0,05	0,12	0,21	1476,22
1873	31.07.2025 10:33:12	18,22	-0,07	0,12	0,21	1476,21
1874	31.07.2025 10:33:13	18,22	-0,05	0,12	0,21	1476,22
1875	31.07.2025 10:33:14	18,22	-0,05	0,12	0,21	1476,22
1876	31.07.2025 10:33:15	18,22	-0,05	0,10	0,18	1476,20
1877	31.07.2025 10:33:16	18,22	-0,03	0,12	0,21	1476,22
1878	31.07.2025 10:33:17	18,22	-0,05	0,12	0,21	1476,22
1879	31.07.2025 10:33:18	18,22	-0,05	0,10	0,18	1476,20
1880	31.07.2025 10:33:19	18,22	-0,05	0,12	0,21	1476,22
1881	31.07.2025 10:33:20	18,22	-0,07	0,12	0,21	1476,21
1882	31.07.2025 10:33:21	18,22	-0,05	0,12	0,21	1476,22
1883	31.07.2025 10:33:22	18,22	-0,07	0,12	0,21	1476,21
1884	31.07.2025 10:33:23	18,22	-0,07	0,12	0,21	1476,21
1885	31.07.2025 10:33:24	18,22	-0,05	0,10	0,18	1476,20
1886	31.07.2025 10:33:25	18,22	-0,05	0,10	0,18	1476,20
1887	31.07.2025 10:33:26	18,22	-0,05	0,10	0,18	1476,20
1888	31.07.2025 10:33:27	18,22	-0,05	0,12	0,21	1476,22
1889	31.07.2025 10:33:28	18,22	-0,05	0,10	0,18	1476,20
1890	31.07.2025 10:33:29	18,22	-0,05	0,12	0,21	1476,22
1891	31.07.2025 10:33:30	18,22	-0,05	0,12	0,21	1476,22
1892	31.07.2025 10:33:31	18,22	-0,05	0,12	0,21	1476,22
1893	31.07.2025 10:33:32	18,22	-0,05	0,13	0,24	1476,23
1894	31.07.2025 10:33:33	18,22	-0,05	0,12	0,21	1476,22
1895	31.07.2025 10:33:34	18,22	-0,05	0,15	0,27	1476,25
1896	31.07.2025 10:33:35	18,22	-0,05	0,13	0,24	1476,23
1897	31.07.2025 10:33:36	18,22	-0,05	0,15	0,27	1476,25
1898	31.07.2025 10:33:37	18,20	-0,05	0,13	0,24	1476,14
1899	31.07.2025 10:33:38	18,20	-0,05	0,12	0,21	1476,12
1900	31.07.2025 10:33:39	18,20	-0,07	0,12	0,21	1476,12
1901	31.07.2025 10:33:40	18,20	-0,07	0,12	0,21	1476,12
1902	31.07.2025 10:33:41	18,20	-0,05	0,12	0,21	1476,12
1903	31.07.2025 10:33:42	18,20	-0,05	0,10	0,18	1476,10
1904	31.07.2025 10:33:43	18,20	-0,07	0,12	0,21	1476,12
1905	31.07.2025 10:33:44	18,20	-0,05	0,12	0,21	1476,12
1906	31.07.2025 10:33:45	18,20	-0,03	0,12	0,21	1476,12
1907	31.07.2025 10:33:46	18,20	-0,05	0,12	0,21	1476,12
1908	31.07.2025 10:33:47	18,20	-0,03	0,12	0,21	1476,12
1909	31.07.2025 10:33:48	18,20	-0,05	0,10	0,18	1476,10
1910	31.07.2025 10:33:49	18,20	-0,05	0,10	0,18	1476,10
1911	31.07.2025 10:33:50	18,20	-0,05	0,10	0,18	1476,10
1912	31.07.2025 10:33:51	18,20	-0,05	0,12	0,21	1476,12
1913	31.07.2025 10:33:52	18,20	-0,05	0,10	0,18	1476,10
1914	31.07.2025 10:33:53	18,20	-0,07	0,10	0,18	1476,10
1915	31.07.2025 10:33:54	18,20	-0,05	0,10	0,18	1476,10
1916	31.07.2025 10:33:55	18,20	-0,07	0,10	0,18	1476,10
1917	31.07.2025 10:33:56	18,20	-0,05	0,12	0,21	1476,12
1918	31.07.2025 10:33:57	18,20	-0,05	0,10	0,18	1476,10
1919	31.07.2025 10:33:58	18,20	-0,05	0,10	0,18	1476,10
1920	31.07.2025 10:33:59	18,20	-0,05	0,10	0,18	1476,10
1921	31.07.2025 10:34:00	18,20	-0,07	0,10	0,18	1476,10
1922	31.07.2025 10:34:01	18,20	-0,05	0,10	0,18	1476,10
1923	31.07.2025 10:34:02	18,20	-0,05	0,10	0,18	1476,10
1924	31.07.2025 10:34:03	18,20	-0,05	0,10	0,18	1476,10
1925	31.07.2025 10:34:04	18,20	-0,05	0,10	0,18	1476,10
1926	31.07.2025 10:34:05	18,20	-0,05	0,10	0,18	1476,10
1927	31.07.2025 10:34:06	18,20	-0,05	0,10	0,18	1476,10
1928	31.07.2025 10:34:07	18,20	-0,05	0,10	0,18	1476,10
1929	31.07.2025 10:34:08	18,20	-0,07	0,10	0,18	1476,10
1930	31.07.2025 10:34:09	18,20	-0,05	0,10	0,18	1476,10
1931	31.07.2025 10:34:10	18,20	-0,05	0,10	0,18	1476,10
1932	31.07.2025 10:34:11	18,20	-0,05	0,10	0,18	1476,10
1933	31.07.2025 10:34:12	18,20	-0,05	0,12	0,21	1476,12
1934	31.07.2025 10:34:13	18,20	-0,05	0,10	0,18	1476,10
1935	31.07.2025 10:34:14	18,20	-0,07	0,10	0,18	1476,10
1936	31.07.2025 10:34:15	18,20	-0,07	0,12	0,21	1476,12
1937	31.07.2025 10:34:16	18,20	-0,07	0,10	0,18	1476,10
1938	31.07.2025 10:34:17	18,20	-0,03	0,12	0,21	1476,12
1939	31.07.2025 10:34:18	18,20	-0,05	0,10	0,18	1476,10
1940	31.07.2025 10:34:19	18,20	-0,03	0,10	0,18	1476,10
1941	31.07.2025 10:34:20	18,20	-0,05	0,10	0,18	1476,10
1942	31.07.2025 10:34:21	18,20	-0,05	0,10	0,18	1476,10
1943	31.07.2025 10:34:22	18,17	-0,05	0,12	0,21	1476,02
1944	31.07.2025 10:34:23	18,20	-0,03	0,12	0,21	1476,12
1945	31.07.2025 10:34:24	18,17	-0,05	0,12	0,21	1476,02
1946	31.07.2025 10:34:25	18,17	-0,05	0,10	0,18	1476,01
1947	31.07.2025 10:34:26	18,17	-0,05	0,12	0,21	1476,02
1948	31.07.2025 10:34:27	18,17	-0,05	0,12	0,21	1476,02
1949	31.07.2025 10:34:28	18,17	-0,05	0,10	0,18	1476,01
1950	31.07.2025 10:34:29	18,17	-0,05	0,10	0,18	1476,01
1951	31.07.2025 10:34:30	18,17	-0,05	0,10	0,18	1476,01
1952	31.07.2025 10:34:31	18,17	-0,05	0,10	0,18	1476,01
1953	31.07.2025 10:34:32	18,17	-0,05	0,12	0,21	1476,02
1954	31.07.2025 10:34:33	18,17	-0,05	0,10	0,18	1476,01
1955	31.07.2025 10:34:34	18,17	-0,07	0,12	0,21	1476,02
1956	31.07.2025 10:34:35	18,17	-0,05	0,10	0,18	1476,01
1957	31.07.2025 10:34:36	18,17	-0,05	0,12	0,21	1476,02
1958	31.07.2025 10:34:37	18,17	-0,05	0,12	0,21	1476,02
1959	31.07.2025 10:34:38	18,17	-0,05	0,12	0,21	1476,02
1960	31.07.2025 10:34:39	18,17	-0,05	0,12	0,21	1476,02
1961	31.07.2025 10:34:40	18,17	-0,05	0,12	0,21	1476,02
1962	31.07.2025 10:34:41	18,17	-0,05	0,12	0,21	1476,02
1963	31.07.2025 10:34:42	18,17	-0,05	0,12	0,21	1476,02
1964	31.07.2025 10:34:43	18,17	-0,05	0,10	0,18	1476,01
1965	31.07.2025 10:34:44	18,17	-0,05	0,10	0,18	1476,01
1966	31.07.2025 10:34:45	18,17	-0,05	0,12	0,21	1476,02
1967	31.07.2025 10:34:46	18,17	-0,05	0,10	0,18	1476,01
1968	31.07.2025 10:34:47	18,17	-0,05	0,10	0,18	1476,01
1969	31.07.2025 10:34:48	18,17	-0,05	0,12	0,21	1476,02
1970	31.07.2025 10:34:49	18,17	-0,07	0,10	0,18	1476,00
1971	31.07.2025 10:34:50	18,17	-0,05	0,12	0,21	1476,02
1972	31.07.2025 10:34:51	18,17	-0,05	0,12	0,21	1476,02
1973	31.07.2025 10:34:52	18,17	-0,05	0,10	0,18	1476,01
1974	31.07.2025 10:34:53	18,17	-0,05	0,12	0,21	1476,02
1975	31.07.2025 10:34:54	18,17	-0,05	0,12	0,21	1476,02
1976	31.07.2025 10:34:55	18,17	-0,05	0,12	0,21	1476,02
1977	31.07.2025 10:34:56	18,17	-0,05	0,12	0,21	1476,02
1978	31.07.2025 10:34:57	18,17	-0,05	0,10	0,18	1476,01
1979	31.07.2025 10:34:58	18,17	-0,05	0,12	0,21	1476,02
1980	31.07.2025 10:34:59	18,14	-0,05	0,12	0,21	1475,93
1981	31.07.2025 10:35:00	18,14	-0,07	0,10	0,18	1475,91
1982	31.07.2025 10:35:01	18,14	-0,03	0,12	0,21	1475,93
1983	31.07.2025 10:35:02	18,14	-0,05	0,10	0,18	1475,91
1984	31.07.2025 10:35:03	18,14	-0,05	0,12	0,21	1475,93
1985	31.07.2025 10:35:04	18,14	-0,07	0,12	0,21	1475,92
1986	31.07.2025 10:35:05	18,14	-0,05	0,12	0,21	1475,93
1987	31.07.2025 10:35:06	18,14	-0,05	0,12	0,21	1475,93
1988	31.07.2025 10:35:07	18,14	-0,05	0,10	0,18	1475,91
1989	31.07.2025 10:35:08	18,14	-0,07	0,12	0,21	1475,92
1990	31.07.2025 10:35:09	18,14	-0,05	0,12	0,21	1475,93
1991	31.07.2025 10:35:10	18,14	-0,05	0,12	0,21	1475,93
1992	31.07.2025 10:35:11	18,14	-0,05	0,10	0,18	1475,91
1993	31.07.2025 10:35:12	18,14	-0,07	0,12	0,21	1475,92
1994	31.07.2025 10:35:13	18,14	-0,05	0,12	0,21	1475,93
1995	31.07.2025 10:35:14	18,14	-0,07	0,12	0,21	1475,92
1996	31.07.2025 10:35:15	18,14	-0,07	0,10	0,18	1475,91
1997	31.07.2025 10:35:16	18,14	-0,05	0,12	0,21	1475,93
1998	31.07.2025 10:35:17	18,14	-0,07	0,12	0,21	1475,92
1999	31.07.2025 10:35:18	18,14	-0,07	0,12	0,21	1475,92
2000	31.07.2025 10:35:19	18,14	-0,05	0,10	0,18	1475,91
2001	31.07.2025 10:35:20	18,14	-0,05	0,12	0,21	1475,93
2002	31.07.2025 10:35:21	18,14	-0,05	0,12	0,21	1475,93
2003	31.07.2025 10:35:22	18,14	-0,05	0,10	0,18	1475,91
2004	31.07.2025 10:35:23	18,14	-0,05	0,12	0,21	1475,93
2005	31.07.2025 10:35:24	18,14	-0,05	0,12	0,21	1475,93
2006	31.07.2025 10:35:25	18,14	-0,07	0,12	0,21	1475,92
2007	31.07.2025 10:35:26	18,14	-0,05	0,12	0,21	1475,93
2008	31.07.2025 10:35:27	18,14	-0,05	0,12	0,21	1475,93
2009	31.07.2025 10:35:28	18,14	-0,03	0,12	0,21	1475,93
2010	31.07.2025 10:35:29	18,14	-0,05	0,12	0,21	1475,93
2011	31.07.2025 10:35:30	18,14	-0,05	0,12	0,21	1475,93
2012	31.07.2025 10:35:31	18,14	-0,05	0,12	0,21	1475,93
2013	31.07.2025 10:35:32	18,14	-0,03	0,12	0,21	1475,93
2014	31.07.2025 10:35:33	18,14	-0,05	0,12	0,21	1475,93
2015	31.07.2025 10:35:34	18,14	-0,05	0,12	0,21	1475,93
2016	31.07.2025 10:35:35	18,14	-0,05	0,12	0,21	1475,93
2017	31.07.2025 10:35:36	18,14	-0,05	0,12	0,21	1475,93
2018	31.07.2025 10:35:37	18,14	-0,05	0,12	0,21	1475,93
2019	31.07.2025 10:35:38	18,14	-0,05	0,12	0,21	1475,93
2020	31.07.2025 10:35:39	18,14	-0,05	0,12	0,21	1475,93
2021	31.07.2025 10:35:40	18,14	-0,05	0,12	0,21	1475,93
2022	31.07.2025 10:35:41	18,14	-0,05	0,12	0,21	1475,93
2023	31.07.2025 10:35:42	18,14	-0,05	0,12	0,21	1475,93
2024	31.07.2025 10:35:43	18,14	-0,05	0,12	0,21	1475,93
2025	31.07.2025 10:35:44	18,14	-0,05	0,12	0,21	1475,93
2026	31.07.2025 10:35:45	18,14	-0,07	0,12	0,21	1475,92
2027	31.07.2025 10:35:46	18,14	-0,07	0,12	0,21	1475,92
2028	31.07.2025 10:35:47	18,14	-0,05	0,12	0,21	1475,93
2029	31.07.2025 10:35:48	18,14	-0,05	0,12	0,21	1475,93
2030	31.07.2025 10:35:49	18,14	-0,05	0,12	0,21	1475,93
2031	31.07.2025 10:35:50	18,14	-0,07	0,12	0,21	1475,92
2032	31.07.2025 10:35:51	18,14	-0,05	0,12	0,21	1475,93
2033	31.07.2025 10:35:52	18,14	-0,05	0,12	0,21	1475,93
2034	31.07.2025 10:35:53	18,14	-0,03	0,12	0,21	1475,93
2035	31.07.2025 10:35:54	18,14	-0,05	0,12	0,21	1475,93
2036	31.07.2025 10:35:55	18,14	-0,05	0,12	0,21	1475,93
2037	31.07.2025 10:35:56	18,14	-0,05	0,12	0,21	1475,93
2038	31.07.2025 10:35:57	18,14	-0,05	0,12	0,21	1475,93
2039	31.07.2025 10:35:58	18,14	-0,05	0,12	0,21	1475,93
2040	31.07.2025 10:35:59	18,14	-0,05	0,12	0,21	1475,93
2041	31.07.2025 10:36:00	18,14	-0,05	0,12	0,21	1475,93
2042	31.07.2025 10:36:01	18,14	-0,05	0,12	0,21	1475,93
2043	31.07.2025 10:36:02	18,14	-0,07	0,12	0,21	1475,92
2044	31.07.2025 10:36:03	18,14	-0,05	0,12	0,21	1475,93
2045	31.07.2025 10:36:04	18,14	-0,05	0,12	0,21	1475,93
2046	31.07.2025 10:36:05	18,14	-0,05	0,12	0,21	1475,93
2047	31.07.2025 10:36:06	18,14	-0,05	0,12	0,21	1475,93
2048	31.07.2025 10:36:07	18,14	-0,05	0,12	0,21	1475,93
2049	31.07.2025 10:36:08	18,14	-0,05	0,12	0,21	1475,93
2050	31.07.2025 10:36:09	18,14	-0,05	0,12	0,21	1475,93
2051	31.07.2025 10:36:10	18,14	-0,05	0,12	0,21	1475,93
2052	31.07.2025 10:36:11	18,14	-0,05	0,12	0,21	1475,93
2053	31.07.2025 10:36:12	18,14	-0,05	0,12	0,21	1475,93
2054	31.07.2025 10:36:13	18,14	-0,07	0,12	0,21	1475,92
2055	31.07.2025 10:36:14	18,14	-0,05	0,12	0,21	1475,93
2056	31.07.2025 10:36:15	18,14	-0,05	0,12	0,21	1475,93
2057	31.07.2025 10:36:16	18,14	-0,05	0,12	0,21	1475,93
2058	31.07.2025 10:36:17	18,14	-0,05	0,12	0,21	1475,93
2059	31.07.2025 10:36:18	18,14	-0,05	0,12	0,21	1475,93
2060	31.07.2025 10:36:19	18,14	-0,05	0,12	0,21	1475,93
2061	31.07.2025 10:36:20	18,14	-0,05	0,12	0,21	1475,93
2062	31.07.2025 10:36:21	18,14	-0,05	0,12	0,21	1475,93
2063	31.07.2025 10:36:22	18,14	-0,05	0,12	0,21	1475,93
2064	31.07.2025 10:36:23	18,14	-0,03	0,12	0,21	1475,93
2065	31.07.2025 10:36:24	18,14	-0,03	0,12	0,21	1475,93
2066	31.07.2025 10:36:25	18,14	-0,05	0,12	0,21	1475,93
2067	31.07.2025 10:36:26	18,14	-0,05	0,12	0,21	1475,93
2068	31.07.2025 10:36:27	18,14	-0,05	0,12	0,21	1475,93
2069	31.07.2025 10:36:28	18,14	-0,05	0,12	0,21	1475,93
2070	31.07.2025 10:36:29	18,14	-0,05	0,12	0,21	1475,93
2071	31.07.2025 10:36:30	18,14	-0,05	0,12	0,21	1475,93
2072	31.07.2025 10:36:31	18,14	-0,07	0,12	0,21	1475,92
2073	31.07.2025 10:36:32	18,14	-0,05	0,12	0,21	1475,93
2074	31.07.2025 10:36:33	18,14	-0,05	0,12	0,21	1475,93
2075	31.07.2025 10:36:34	18,14	-0,05	0,12	0,21	1475,93
2076	31.07.2025 10:36:35	18,14	-0,05	0,12	0,21	1475,93
2077	31.07.2025 10:36:36	18,14	-0,05	0,12	0,21	1475,93
2078	31.07.2025 10:36:37	18,14	-0,05	0,12	0,21	1475,93
2079	31.07.2025 10:36:38	18,14	-0,05	0,12	0,21	1475,93
2080	31.07.2025 10:36:39	18,14	-0,07	0,12	0,21	1475,92
2081	31.07.2025 10:36:40	18,14	-0,05	0,12	0,21	1475,93
2082	31.07.2025 10:36:41	18,14	-0,05	0,12	0,21	1475,93
2083	31.07.2025 10:36:42	18,14	-0,05	0,12	0,21	1475,93
2084	31.07.2025 10:36:43	18,14	-0,05	0,12	0,21	1475,93
2085	31.07.2025 10:36:44	18,14	-0,05	0,12	0,21	1475,93
2086	31.07.2025 10:36:45	18,14	-0,05	0,12	0,21	1475,93
2087	31.07.2025 10:36:46	18,14	-0,05	0,12	0,21	1475,93
2088	31.07.2025 10:36:47	18,14	-0,05	0,12	0,21	1475,93
2089	31.07.2025 10:36:48	18,14	-0,05	0,12	0,21	1475,93
2090	31.07.2025 10:36:49	18,14	-0,05	0,12	0,21	1475,93
2091	31.07.2025 10:36:50	18,14	-0,07	0,12	0,21	1475,92
2092	31.07.2025 10:36:51	18,14	-0,05	0,12	0,21	1475,93
2093	31.07.2025 10:36:52	18,14	-0,05	0,12	0,21	1475,93
2094	31.07.2025 10:36:53	18,14	-0,05	0,12	0,21	1475,93
2095	31.07.2025 10:36:54	18,14	-0,05	0,12	0,21	1475,93
2096	31.07.2025 10:36:55	18,14	-0,07	0,12	0,21	1475,92
2097	31.07.2025 10:36:56	18,14	-0,05	0,12	0,21	1475,93
2098	31.07.2025 10:36:57	18,14	-0,05	0,12	0,21	1475,93
2099	31.07.2025 10:36:58	18,14	-0,05	0,12	0,21	1475,93
2100	31.07.2025 10:36:59	18,14	-0,05	0,12	0,21	1475,93
2101	31.07.2025 10:37:00	18,14	-0,05	0,12	0,21	1475,93
2102	31.07.2025 10:37:01	18,14	-0,05	0,12	0,21	1475,93
2103	31.07.2025 10:37:02	18,14	-0,05	0,12	0,21	1475,93
2104	31.07.2025 10:37:03	18,14	-0,05	0,12	0,21	1475,93
2105	31.07.2025 10:37:04	18,14	-0,05	0,12	0,21	1475,93
2106	31.07.2025 10:37:05	18,14	-0,05	0,12	0,21	1475,93
2107	31.07.2025 10:37:06	18,14	-0,05	0,12	0,21	1475,93
2108	31.07.2025 10:37:07	18,14	-0,05	0,12	0,21	1475,93
2109	31.07.2025 10:37:08	18,14	-0,05	0,12	0,21	1475,93
2110	31.07.2025 10:37:09	18,14	-0,05	0,12	0,21	1475,93
2111	31.07.2025 10:37:10	18,14	-0,05	0,12	0,21	1475,93
2112	31.07.2025 10:37:11	18,14	-0,05	0,12	0,21	1475,93
2113	31.07.2025 10:37:12	18,14	-0,05	0,12	0,21	1475,93
2114	31.07.2025 10:37:13	18,14	-0,05	0,12	0,21	1475,93
2115	31.07.2025 10:37:14	18,14	-0,05	0,12	0,21	1475,93
2116	31.07.2025 10:37:15	18,14	-0,05	0,12	0,21	1475,93
2117	31.07.2025 10:37:16	18,14	-0,05	0,12	0,21	1475,93
2118	31.07.2025 10:37:17	18,14	-0,07	0,12	0,21	1475,92
2119	31.07.2025 10:37:18	18,14	-0,05	0,12	0,21	1475,93
2120	31.07.2025 10:37:19	18,14	-0,05	0,12	0,21	1475,93
2121	31.07.2025 10:37:20	18,14	-0,05	0,12	0,21	1475,93
2122	31.07.2025 10:37:21	18,14	-0,05	0,12	0,21	1475,93
2123	31.07.2025 10:37:22	18,14	-0,05	0,12	0,21	1475,93
2124	31.07.2025 10:37:23	18,14	-0,05	0,12	0,21	1475,93
2125	31.07.2025 10:37:24	18,14	-0,05	0,12	0,21	1475,93
2126	31.07.2025 10:37:25	18,14	-0,05	0,12	0,21	1475,93
2127	31.07.2025 10:37:26	18,14	-0,05	0,12	0,21	1475,93
2128	31.07.2025 10:37:27	18,14	-0,05	0,12	0,21	1475,93
2129	31.07.2025 10:37:28	18,14	-0,05	0,13	0,24	1475,94
2130	31.07.2025 10:37:29	18,14	-0,05	0,12	0,21	1475,93
2131	31.07.2025 10:37:30	18,14	-0,05	0,12	0,21	1475,93
2132	31.07.2025 10:37:31	18,14	-0,05	0,12	0,21	1475,93
2133	31.07.2025 10:37:32	18,14	-0,05	0,12	0,21	1475,93
2134	31.07.2025 10:37:33	18,14	-0,05	0,12	0,21	1475,93
2135	31.07.2025 10:37:34	18,14	-0,05	0,13	0,24	1475,94
2136	31.07.2025 10:37:35	18,14	-0,05	0,12	0,21	1475,93
2137	31.07.2025 10:37:36	18,14	-0,05	0,12	0,21	1475,93
2138	31.07.2025 10:37:37	18,14	-0,05	0,12	0,21	1475,93
2139	31.07.2025 10:37:38	18,14	-0,05	0,12	0,21	1475,93
2140	31.07.2025 10:37:39	18,14	-0,05	0,12	0,21	1475,93
2141	31.07.2025 10:37:40	18,14	-0,03	0,12	0,21	1475,93
2142	31.07.2025 10:37:41	18,14	-0,05	0,13	0,24	1475,94
2143	31.07.2025 10:37:42	18,14	-0,05	0,12	0,21	1475,93
2144	31.07.2025 10:37:43	18,14	-0,05	0,12	0,21	1475,93
2145	31.07.2025 10:37:44	18,14	-0,05	0,13	0,24	1475,94
2146	31.07.2025 10:37:45	18,14	-0,05	0,12	0,21	1475,93
2147	31.07.2025 10:37:46	18,14	-0,05	0,12	0,21	1475,93
2148	31.07.2025 10:37:47	18,14	-0,05	0,12	0,21	1475,93
2149	31.07.2025 10:37:48	18,14	-0,05	0,13	0,24	1475,94
2150	31.07.2025 10:37:49	18,14	-0,05	0,12	0,21	1475,93
2151	31.07.2025 10:37:50	18,14	-0,05	0,13	0,24	1475,94
2152	31.07.2025 10:37:51	18,14	-0,07	0,13	0,24	1475,94
2153	31.07.2025 10:37:52	18,14	-0,05	0,13	0,24	1475,94
2154	31.07.2025 10:37:53	18,14	-0,05	0,13	0,24	1475,94
2155	31.07.2025 10:37:54	18,14	-0,05	0,13	0,24	1475,94
2156	31.07.2025 10:37:55	18,14	-0,05	0,13	0,24	1475,94
2157	31.07.2025 10:37:56	18,14	-0,03	0,13	0,24	1475,95
2158	31.07.2025 10:37:57	18,14	-0,05	0,12	0,21	1475,93
2159	31.07.2025 10:37:58	18,14	-0,05	0,12	0,21	1475,93
2160	31.07.2025 10:37:59	18,14	-0,05	0,13	0,24	1475,94
2161	31.07.2025 10:38:00	18,14	-0,05	0,13	0,24	1475,94
2162	31.07.2025 10:38:01	18,14	-0,03	0,13	0,24	1475,95
2163	31.07.2025 10:38:02	18,14	-0,05	0,12	0,21	1475,93
2164	31.07.2025 10:38:03	18,14	-0,05	0,13	0,24	1475,94
2165	31.07.2025 10:38:04	18,14	-0,05	0,13	0,24	1475,94
2166	31.07.2025 10:38:05	18,14	-0,05	0,13	0,24	1475,94
2167	31.07.2025 10:38:06	18,14	-0,05	0,13	0,24	1475,94
2168	31.07.2025 10:38:07	18,14	-0,05	0,13	0,24	1475,94
2169	31.07.2025 10:38:08	18,14	-0,05	0,12	0,21	1475,93
2170	31.07.2025 10:38:09	18,14	-0,05	0,13	0,24	1475,94
2171	31.07.2025 10:38:10	18,14	-0,05	0,13	0,24	1475,94
2172	31.07.2025 10:38:11	18,14	-0,07	0,13	0,24	1475,94
2173	31.07.2025 10:38:12	18,14	-0,05	0,13	0,24	1475,94
2174	31.07.2025 10:38:13	18,14	-0,05	0,13	0,24	1475,94
2175	31.07.2025 10:38:14	18,14	-0,05	0,13	0,24	1475,94
2176	31.07.2025 10:38:15	18,14	-0,05	0,13	0,24	1475,94
2177	31.07.2025 10:38:16	18,14	-0,05	0,13	0,24	1475,94
2178	31.07.2025 10:38:17	18,14	-0,07	0,13	0,24	1475,94
2179	31.07.2025 10:38:18	18,14	-0,03	0,13	0,24	1475,95
2180	31.07.2025 10:38:19	18,14	-0,05	0,13	0,24	1475,94
2181	31.07.2025 10:38:20	18,14	-0,05	0,13	0,24	1475,94
2182	31.07.2025 10:38:21	18,14	-0,05	0,13	0,24	1475,94
2183	31.07.2025 10:38:22	18,14	-0,05	0,13	0,24	1475,94
2184	31.07.2025 10:38:23	18,14	-0,07	0,13	0,24	1475,94
2185	31.07.2025 10:38:24	18,14	-0,05	0,13	0,24	1475,94
2186	31.07.2025 10:38:25	18,14	-0,05	0,13	0,24	1475,94
2187	31.07.2025 10:38:26	18,14	-0,05	0,13	0,24	1475,94
2188	31.07.2025 10:38:27	18,14	-0,05	0,13	0,24	1475,94
2189	31.07.2025 10:38:28	18,14	-0,05	0,13	0,24	1475,94
2190	31.07.2025 10:38:29	18,14	-0,05	0,13	0,24	1475,94
2191	31.07.2025 10:38:30	18,14	-0,05	0,13	0,24	1475,94
2192	31.07.2025 10:38:31	18,14	-0,05	0,13	0,24	1475,94
2193	31.07.2025 10:38:32	18,14	-0,05	0,13	0,24	1475,94
2194	31.07.2025 10:38:33	18,14	-0,03	0,13	0,24	1475,95
2195	31.07.2025 10:38:34	18,14	-0,05	0,13	0,24	1475,94
2196	31.07.2025 10:38:35	18,14	-0,05	0,13	0,24	1475,94
2197	31.07.2025 10:38:36	18,14	-0,05	0,13	0,24	1475,94
2198	31.07.2025 10:38:37	18,14	-0,03	0,13	0,24	1475,95
2199	31.07.2025 10:38:38	18,14	-0,05	0,13	0,24	1475,94
2200	31.07.2025 10:38:39	18,14	-0,05	0,13	0,24	1475,94
2201	31.07.2025 10:38:40	18,14	-0,05	0,13	0,24	1475,94
2202	31.07.2025 10:38:41	18,14	-0,05	0,13	0,24	1475,94
2203	31.07.2025 10:38:42	18,14	-0,05	0,13	0,24	1475,94
2204	31.07.2025 10:38:43	18,14	-0,05	0,13	0,24	1475,94
2205	31.07.2025 10:38:44	18,14	-0,05	0,13	0,24	1475,94
2206	31.07.2025 10:38:45	18,14	-0,05	0,13	0,24	1475,94
2207	31.07.2025 10:38:46	18,14	-0,05	0,13	0,24	1475,94
2208	31.07.2025 10:38:47	18,14	-0,05	0,13	0,24	1475,94
2209	31.07.2025 10:38:48	18,14	-0,05	0,13	0,24	1475,94
2210	31.07.2025 10:38:49	18,14	-0,05	0,13	0,24	1475,94
2211	31.07.2025 10:38:50	18,14	-0,05	0,13	0,24	1475,94
2212	31.07.2025 10:38:51	18,14	-0,05	0,13	0,24	1475,94
2213	31.07.2025 10:38:52	18,14	-0,05	0,13	0,24	1475,94
2214	31.07.2025 10:38:53	18,14	-0,05	0,13	0,24	1475,94
2215	31.07.2025 10:38:54	18,14	-0,05	0,13	0,24	1475,94
2216	31.07.2025 10:38:55	18,14	-0,05	0,13	0,24	1475,94
2217	31.07.2025 10:38:56	18,14	-0,07	0,13	0,24	1475,94
2218	31.07.2025 10:38:57	18,14	-0,07	0,13	0,24	1475,94
2219	31.07.2025 10:38:58	18,14	-0,03	0,13	0,24	1475,95
2220	31.07.2025 10:38:59	18,14	-0,05	0,13	0,24	1475,94
2221	31.07.2025 10:39:00	18,14	-0,05	0,13	0,24	1475,94
2222	31.07.2025 10:39:01	18,14	-0,05	0,13	0,24	1475,94
2223	31.07.2025 10:39:02	18,14	-0,05	0,13	0,24	1475,94
2224	31.07.2025 10:39:03	18,14	-0,03	0,13	0,24	1475,95
2225	31.07.2025 10:39:04	18,14	-0,05	0,13	0,24	1475,94
2226	31.07.2025 10:39:05	18,14	-0,05	0,13	0,24	1475,94
2227	31.07.2025 10:39:06	18,14	-0,07	0,13	0,24	1475,94
2228	31.07.2025 10:39:07	18,14	-0,05	0,13	0,24	1475,94
2229	31.07.2025 10:39:08	18,14	-0,05	0,13	0,24	1475,94
2230	31.07.2025 10:39:09	18,14	-0,05	0,13	0,24	1475,94
2231	31.07.2025 10:39:10	18,14	-0,05	0,13	0,24	1475,94
2232	31.07.2025 10:39:11	18,14	-0,07	0,13	0,24	1475,94
2233	31.07.2025 10:39:12	18,14	-0,05	0,13	0,24	1475,94
2234	31.07.2025 10:39:13	18,14	-0,05	0,13	0,24	1475,94
2235	31.07.2025 10:39:14	18,14	-0,05	0,15	0,27	1475,96
2236	31.07.2025 10:39:15	18,14	-0,05	0,13	0,24	1475,94
2237	31.07.2025 10:39:16	18,14	-0,05	0,13	0,24	1475,94
2238	31.07.2025 10:39:17	18,14	-0,05	0,13	0,24	1475,94
2239	31.07.2025 10:39:18	18,14	-0,05	0,15	0,27	1475,96
2240	31.07.2025 10:39:19	18,14	-0,05	0,24	0,43	1476,07
2241	31.07.2025 10:39:20	18,14	-0,05	1,31	2,19	1477,30
2242	31.07.2025 10:39:21	18,14	-0,07	1,40	2,33	1477,40
2243	31.07.2025 10:39:22	18,14	-0,05	1,31	2,19	1477,30
2244	31.07.2025 10:39:23	18,14	-0,07	1,38	2,30	1477,38
2245	31.07.2025 10:39:24	18,11	-0,07	1,38	2,30	1477,28
2246	31.07.2025 10:39:25	18,14	-0,05	1,34	2,25	1477,34
2247	31.07.2025 10:39:26	18,11	-0,05	1,08	1,82	1476,94
2248	31.07.2025 10:39:27	18,11	-0,05	0,19	0,35	1475,92
2249	31.07.2025 10:39:28	18,11	-0,05	0,16	0,29	1475,88
2250	31.07.2025 10:39:29	18,11	-0,05	0,15	0,27	1475,86
2251	31.07.2025 10:39:30	18,11	-0,05	0,15	0,27	1475,86
2252	31.07.2025 10:39:31	18,11	-0,05	0,15	0,27	1475,86
2253	31.07.2025 10:39:32	18,11	-0,03	0,15	0,27	1475,87
2254	31.07.2025 10:39:33	18,11	-0,05	0,13	0,24	1475,85
2255	31.07.2025 10:39:34	18,11	-0,05	0,13	0,24	1475,85
2256	31.07.2025 10:39:35	18,11	-0,05	0,13	0,24	1475,85
2257	31.07.2025 10:39:36	18,11	-0,05	0,13	0,24	1475,85
2258	31.07.2025 10:39:37	18,11	-0,05	0,13	0,24	1475,85
2259	31.07.2025 10:39:38	18,14	-0,05	0,13	0,24	1475,94
2260	31.07.2025 10:39:39	18,11	-0,03	0,13	0,24	1475,85
2261	31.07.2025 10:39:40	18,14	-0,05	0,12	0,21	1475,93
2262	31.07.2025 10:39:41	18,14	-0,05	0,13	0,24	1475,94
2263	31.07.2025 10:39:42	18,14	-0,05	0,12	0,21	1475,93
2264	31.07.2025 10:39:43	18,14	-0,05	0,12	0,21	1475,93
2265	31.07.2025 10:39:44	18,14	-0,05	0,12	0,21	1475,93
2266	31.07.2025 10:39:45	18,14	-0,05	0,12	0,21	1475,93
2267	31.07.2025 10:39:46	18,14	-0,05	0,12	0,21	1475,93
2268	31.07.2025 10:39:47	18,14	-0,05	0,12	0,21	1475,93
2269	31.07.2025 10:39:48	18,14	-0,05	0,12	0,21	1475,93
2270	31.07.2025 10:39:49	18,14	-0,05	0,12	0,21	1475,93
2271	31.07.2025 10:39:50	18,14	-0,05	0,12	0,21	1475,93
2272	31.07.2025 10:39:51	18,14	-0,05	0,12	0,21	1475,93
2273	31.07.2025 10:39:52	18,14	-0,05	0,12	0,21	1475,93
2274	31.07.2025 10:39:53	18,14	-0,03	0,12	0,21	1475,93
2275	31.07.2025 10:39:54	18,14	-0,05	0,12	0,21	1475,93
2276	31.07.2025 10:39:55	18,14	-0,05	0,12	0,21	1475,93
2277	31.07.2025 10:39:56	18,14	-0,07	0,12	0,21	1475,92
2278	31.07.2025 10:39:57	18,14	-0,05	0,12	0,21	1475,93
2279	31.07.2025 10:39:58	18,14	-0,05	0,12	0,21	1475,93
2280	31.07.2025 10:39:59	18,14	-0,05	0,12	0,21	1475,93
2281	31.07.2025 10:40:00	18,14	-0,05	0,12	0,21	1475,93
2282	31.07.2025 10:40:01	18,14	-0,05	0,12	0,21	1475,93
2283	31.07.2025 10:40:02	18,14	-0,05	0,12	0,21	1475,93
2284	31.07.2025 10:40:03	18,14	-0,05	0,12	0,21	1475,93
2285	31.07.2025 10:40:04	18,14	-0,05	0,12	0,21	1475,93
2286	31.07.2025 10:40:05	18,14	-0,05	0,12	0,21	1475,93
2287	31.07.2025 10:40:06	18,14	-0,05	0,12	0,21	1475,93
2288	31.07.2025 10:40:07	18,14	-0,05	0,12	0,21	1475,93
2289	31.07.2025 10:40:08	18,14	-0,05	0,12	0,21	1475,93
2290	31.07.2025 10:40:09	18,14	-0,05	0,12	0,21	1475,93
2291	31.07.2025 10:40:10	18,14	-0,05	0,12	0,21	1475,93
2292	31.07.2025 10:40:11	18,14	-0,05	0,50	0,88	1476,37
2293	31.07.2025 10:40:12	18,14	-0,05	1,04	1,77	1476,99
2294	31.07.2025 10:40:13	18,14	-0,05	0,73	1,27	1476,64
2295	31.07.2025 10:40:14	18,14	-0,05	0,99	1,68	1476,93
2296	31.07.2025 10:40:15	18,14	-0,03	1,11	1,88	1477,08
2297	31.07.2025 10:40:16	18,17	-0,05	1,11	1,88	1477,17
2298	31.07.2025 10:40:17	18,14	-0,07	0,26	0,46	1476,08
2299	31.07.2025 10:40:18	18,17	-0,05	0,21	0,38	1476,13
2300	31.07.2025 10:40:19	18,14	-0,05	0,24	0,43	1476,07
2301	31.07.2025 10:40:20	18,17	-0,07	0,15	0,27	1476,06
2302	31.07.2025 10:40:21	18,17	-0,05	0,16	0,29	1476,08
2303	31.07.2025 10:40:22	18,17	-0,05	0,15	0,27	1476,06
2304	31.07.2025 10:40:23	18,17	-0,05	0,19	0,35	1476,11
2305	31.07.2025 10:40:24	18,17	-0,05	0,23	0,40	1476,15
2306	31.07.2025 10:40:25	18,17	-0,07	0,19	0,35	1476,11
2307	31.07.2025 10:40:26	18,17	-0,05	0,16	0,29	1476,08
2308	31.07.2025 10:40:27	18,17	-0,05	0,35	0,63	1476,30
2309	31.07.2025 10:40:28	18,17	-0,05	0,23	0,40	1476,15
2310	31.07.2025 10:40:29	18,17	-0,05	0,48	0,85	1476,45
2311	31.07.2025 10:40:30	18,17	-0,05	0,32	0,57	1476,26
2312	31.07.2025 10:40:31	18,17	-0,05	0,35	0,63	1476,30
2313	31.07.2025 10:40:32	18,17	-0,05	0,34	0,60	1476,28
2314	31.07.2025 10:40:33	18,17	-0,05	0,55	0,96	1476,52
2315	31.07.2025 10:40:34	18,17	-0,05	0,58	1,02	1476,56
2316	31.07.2025 10:40:35	18,17	-0,05	1,48	2,47	1477,60
2317	31.07.2025 10:40:36	18,17	-0,05	1,47	2,44	1477,58
2318	31.07.2025 10:40:37	18,17	-0,05	1,48	2,47	1477,60
2319	31.07.2025 10:40:38	18,17	-0,05	1,48	2,47	1477,60
2320	31.07.2025 10:40:39	18,17	-0,05	1,48	2,47	1477,60
2321	31.07.2025 10:40:40	18,17	-0,05	1,48	2,47	1477,60
2322	31.07.2025 10:40:41	18,17	-0,05	1,48	2,47	1477,60
2323	31.07.2025 10:40:42	18,17	-0,05	1,48	2,47	1477,60
2324	31.07.2025 10:40:43	18,17	-0,07	1,48	2,47	1477,60
2325	31.07.2025 10:40:44	18,17	-0,05	1,48	2,47	1477,60
2326	31.07.2025 10:40:45	18,17	-0,05	1,47	2,44	1477,58
2327	31.07.2025 10:40:46	18,17	-0,05	1,48	2,47	1477,60
2328	31.07.2025 10:40:47	18,17	-0,05	1,48	2,47	1477,60
2329	31.07.2025 10:40:48	18,17	-0,05	1,47	2,44	1477,58
2330	31.07.2025 10:40:49	18,17	-0,05	1,48	2,47	1477,60
2331	31.07.2025 10:40:50	18,17	-0,07	1,48	2,47	1477,60
2332	31.07.2025 10:40:51	18,17	-0,05	1,47	2,44	1477,58
2333	31.07.2025 10:40:52	18,17	-0,05	0,26	0,46	1476,18
2334	31.07.2025 10:40:53	18,17	-0,05	1,24	2,08	1477,31
2335	31.07.2025 10:40:54	18,17	-0,05	0,84	1,43	1476,85
2336	31.07.2025 10:40:55	18,17	-0,05	1,13	1,91	1477,19
2337	31.07.2025 10:40:56	18,17	-0,05	0,65	1,13	1476,64
2338	31.07.2025 10:40:57	18,17	-0,07	1,31	2,19	1477,39
2339	31.07.2025 10:40:58	18,17	-0,07	1,32	2,22	1477,41
2340	31.07.2025 10:40:59	18,17	-0,05	0,64	1,10	1476,62
2341	31.07.2025 10:41:00	18,17	-0,05	1,06	1,80	1477,11
2342	31.07.2025 10:41:01	18,20	-0,07	1,36	2,27	1477,55
2343	31.07.2025 10:41:02	18,17	-0,05	1,32	2,22	1477,41
2344	31.07.2025 10:41:03	18,20	-0,05	0,23	0,40	1476,24
2345	31.07.2025 10:41:04	18,20	-0,05	0,23	0,40	1476,24
2346	31.07.2025 10:41:05	18,20	-0,05	0,37	0,65	1476,41
2347	31.07.2025 10:41:06	18,20	-0,07	1,22	2,05	1477,38
2348	31.07.2025 10:41:07	18,22	-0,07	0,62	1,07	1476,79
2349	31.07.2025 10:41:08	18,22	-0,07	0,15	0,27	1476,25
2350	31.07.2025 10:41:09	18,28	-0,05	0,15	0,27	1476,44
2351	31.07.2025 10:41:10	18,34	-0,07	0,27	0,49	1476,78
2352	31.07.2025 10:41:11	18,37	-0,07	0,73	1,27	1477,40
2353	31.07.2025 10:41:12	18,40	-0,07	0,24	0,43	1476,93
2354	31.07.2025 10:41:13	18,43	-0,01	0,35	0,63	1477,17
2355	31.07.2025 10:41:14	18,55	-0,08	1,16	1,97	1478,46
2356	31.07.2025 10:41:15	18,61	-0,08	0,96	1,66	1478,43
