#B	Created:	02.09.2025 08:49:12
##	Version	SeaStar	9.59
#5	Field separation:	0
#2	Date & Time:	1
#6	Decimal point:	,
#7	Date def.:	dd.mm.yyyy	.
#8	Time def.:	:
##	Axis	0	Temperature(°C)	clRed	FALSE
##	Axis	1	Pressure(Bar)	clBlue	FALSE
##	Axis	2	Salinity(psu)	clGreen	FALSE
##	Axis	3	Conductivity(mS/cm)	$00FF80FF	FALSE
##	Axis	4	Sound Velocity(m/sec)	$00404080	FALSE
##	Series	0	Temp(°C)	clRed	0	Temp(°C)	2
##	Series	1	Press(Bar)	clBlue	1	Press(Bar)	2
##	Series	2	Salinity(psu)	clGreen	2	Salinity(psu)	2
##	Series	3	Conduct(mS/cm)	$00FF80FF	3	Conduct(mS/cm)	2
##	Series	4	Sound Velocity(m/sec)	$00404080	4	Velocity(m/sec)	2
##	Recorder	9	DST CTD	13525
##	Chart	9S13525DAT	
#D	Data:	2312	02.09.2025 08:10:00	02.09.2025 08:48:31
1	02.09.2025 08:10:00	22,20	-0,05	0,01	0,00	1488,40
2	02.09.2025 08:10:01	22,17	-0,05	0,02	0,02	1488,32
3	02.09.2025 08:10:02	22,17	-0,05	0,02	0,02	1488,32
4	02.09.2025 08:10:03	22,17	-0,05	0,02	0,02	1488,32
5	02.09.2025 08:10:04	22,17	-0,05	0,02	0,02	1488,32
6	02.09.2025 08:10:05	22,17	-0,05	0,02	0,02	1488,32
7	02.09.2025 08:10:06	22,17	-0,05	0,02	0,02	1488,32
8	02.09.2025 08:10:07	22,17	-0,05	0,02	0,02	1488,32
9	02.09.2025 08:10:08	22,17	-0,05	0,02	0,02	1488,32
10	02.09.2025 08:10:09	22,17	-0,05	0,01	0,00	1488,32
11	02.09.2025 08:10:10	22,17	-0,05	0,02	0,02	1488,32
12	02.09.2025 08:10:11	22,17	-0,05	0,02	0,02	1488,32
13	02.09.2025 08:10:12	22,17	-0,05	0,02	0,02	1488,32
14	02.09.2025 08:10:13	22,17	-0,05	0,02	0,02	1488,32
15	02.09.2025 08:10:14	22,17	-0,03	0,01	0,00	1488,32
16	02.09.2025 08:10:15	22,17	-0,05	0,01	0,00	1488,32
17	02.09.2025 08:10:16	22,17	-0,05	0,02	0,02	1488,32
18	02.09.2025 08:10:17	22,14	-0,05	0,01	0,00	1488,23
19	02.09.2025 08:10:18	22,14	-0,05	0,01	0,00	1488,23
20	02.09.2025 08:10:19	22,14	-0,05	0,01	0,00	1488,23
21	02.09.2025 08:10:20	22,14	-0,05	0,01	0,00	1488,23
22	02.09.2025 08:10:21	22,14	-0,05	0,01	0,00	1488,23
23	02.09.2025 08:10:22	22,14	-0,03	0,02	0,02	1488,24
24	02.09.2025 08:10:23	22,14	-0,05	0,02	0,02	1488,23
25	02.09.2025 08:10:24	22,14	-0,05	0,02	0,02	1488,23
26	02.09.2025 08:10:25	22,14	-0,05	0,02	0,02	1488,23
27	02.09.2025 08:10:26	22,14	-0,05	0,01	0,00	1488,23
28	02.09.2025 08:10:27	22,14	-0,06	0,02	0,02	1488,23
29	02.09.2025 08:10:28	22,14	-0,05	0,02	0,02	1488,23
30	02.09.2025 08:10:29	22,14	-0,05	0,01	0,00	1488,23
31	02.09.2025 08:10:30	22,14	-0,05	0,02	0,02	1488,23
32	02.09.2025 08:10:31	22,14	-0,05	0,01	0,00	1488,23
33	02.09.2025 08:10:32	22,14	-0,05	0,02	0,02	1488,23
34	02.09.2025 08:10:33	22,14	-0,05	0,01	0,00	1488,23
35	02.09.2025 08:10:34	22,14	-0,05	0,01	0,00	1488,23
36	02.09.2025 08:10:35	22,14	-0,05	0,02	0,02	1488,23
37	02.09.2025 08:10:36	22,14	-0,05	0,02	0,02	1488,23
38	02.09.2025 08:10:37	22,11	-0,05	0,01	0,00	1488,14
39	02.09.2025 08:10:38	22,14	-0,03	0,01	0,00	1488,23
40	02.09.2025 08:10:39	22,11	-0,05	0,01	0,00	1488,14
41	02.09.2025 08:10:40	22,11	-0,05	0,01	0,00	1488,14
42	02.09.2025 08:10:41	22,11	-0,03	0,01	0,00	1488,15
43	02.09.2025 08:10:42	22,11	-0,03	0,01	0,00	1488,15
44	02.09.2025 08:10:43	22,11	-0,05	0,01	0,00	1488,14
45	02.09.2025 08:10:44	22,11	-0,03	0,01	0,00	1488,15
46	02.09.2025 08:10:45	22,11	-0,05	0,01	0,00	1488,14
47	02.09.2025 08:10:46	22,11	-0,05	0,01	0,00	1488,14
48	02.09.2025 08:10:47	22,11	-0,03	0,01	0,00	1488,15
49	02.09.2025 08:10:48	22,11	-0,03	0,01	0,00	1488,15
50	02.09.2025 08:10:49	22,11	-0,05	0,01	0,00	1488,14
51	02.09.2025 08:10:50	22,11	-0,05	0,01	0,00	1488,14
52	02.09.2025 08:10:51	22,11	-0,05	0,01	0,00	1488,14
53	02.09.2025 08:10:52	22,11	-0,05	0,01	0,00	1488,14
54	02.09.2025 08:10:53	22,08	-0,06	0,01	0,00	1488,05
55	02.09.2025 08:10:54	22,08	-0,06	0,01	0,00	1488,05
56	02.09.2025 08:10:55	22,08	-0,06	0,01	0,00	1488,05
57	02.09.2025 08:10:56	22,08	-0,05	0,01	0,00	1488,06
58	02.09.2025 08:10:57	22,08	-0,05	0,01	0,00	1488,06
59	02.09.2025 08:10:58	22,08	-0,05	0,01	0,00	1488,06
60	02.09.2025 08:10:59	22,08	-0,06	0,01	0,00	1488,05
61	02.09.2025 08:11:00	22,08	-0,05	0,01	0,00	1488,06
62	02.09.2025 08:11:01	22,05	-0,06	0,01	0,00	1487,97
63	02.09.2025 08:11:02	22,05	-0,05	0,01	0,00	1487,97
64	02.09.2025 08:11:03	22,05	-0,06	0,01	0,00	1487,97
65	02.09.2025 08:11:04	22,05	-0,05	0,01	0,00	1487,97
66	02.09.2025 08:11:05	22,05	-0,06	0,01	0,00	1487,97
67	02.09.2025 08:11:06	22,05	-0,05	0,01	0,00	1487,97
68	02.09.2025 08:11:07	22,05	-0,06	0,01	0,00	1487,97
69	02.09.2025 08:11:08	22,05	-0,06	0,01	0,00	1487,97
70	02.09.2025 08:11:09	22,02	-0,06	0,01	0,00	1487,88
71	02.09.2025 08:11:10	22,02	-0,06	0,01	0,00	1487,88
72	02.09.2025 08:11:11	22,02	-0,06	0,01	0,00	1487,88
73	02.09.2025 08:11:12	22,02	-0,05	0,01	0,00	1487,88
74	02.09.2025 08:11:13	22,02	-0,06	0,02	0,02	1487,89
75	02.09.2025 08:11:14	22,02	-0,06	0,01	0,00	1487,88
76	02.09.2025 08:11:15	22,02	-0,05	0,01	0,00	1487,88
77	02.09.2025 08:11:16	22,02	-0,06	0,02	0,02	1487,89
78	02.09.2025 08:11:17	22,02	-0,06	0,01	0,00	1487,88
79	02.09.2025 08:11:18	21,99	-0,05	0,01	0,00	1487,80
80	02.09.2025 08:11:19	21,99	-0,06	0,01	0,00	1487,80
81	02.09.2025 08:11:20	21,99	-0,06	0,01	0,00	1487,80
82	02.09.2025 08:11:21	21,99	-0,06	0,01	0,00	1487,80
83	02.09.2025 08:11:22	21,99	-0,06	0,01	0,00	1487,80
84	02.09.2025 08:11:23	21,99	-0,05	0,01	0,00	1487,80
85	02.09.2025 08:11:24	21,99	-0,06	0,02	0,02	1487,80
86	02.09.2025 08:11:25	21,99	-0,06	0,01	0,00	1487,80
87	02.09.2025 08:11:26	21,99	-0,05	0,01	0,00	1487,80
88	02.09.2025 08:11:27	21,96	-0,06	0,01	0,00	1487,71
89	02.09.2025 08:11:28	21,96	-0,05	0,01	0,00	1487,71
90	02.09.2025 08:11:29	21,96	-0,06	0,02	0,02	1487,71
91	02.09.2025 08:11:30	21,96	-0,06	0,01	0,00	1487,71
92	02.09.2025 08:11:31	21,96	-0,06	0,01	0,00	1487,71
93	02.09.2025 08:11:32	21,96	-0,05	0,01	0,00	1487,71
94	02.09.2025 08:11:33	21,96	-0,05	0,01	0,00	1487,71
95	02.09.2025 08:11:34	21,96	-0,05	0,01	0,00	1487,71
96	02.09.2025 08:11:35	21,94	-0,05	0,01	0,00	1487,63
97	02.09.2025 08:11:36	21,94	-0,05	0,01	0,00	1487,63
98	02.09.2025 08:11:37	21,94	-0,06	0,01	0,00	1487,62
99	02.09.2025 08:11:38	21,94	-0,05	0,01	0,00	1487,63
100	02.09.2025 08:11:39	21,94	-0,05	0,01	0,00	1487,63
101	02.09.2025 08:11:40	21,94	-0,05	0,01	0,00	1487,63
102	02.09.2025 08:11:41	21,94	-0,05	0,01	0,00	1487,63
103	02.09.2025 08:11:42	21,94	-0,05	0,01	0,00	1487,63
104	02.09.2025 08:11:43	21,91	-0,05	0,01	0,00	1487,54
105	02.09.2025 08:11:44	21,91	-0,05	0,01	0,00	1487,54
106	02.09.2025 08:11:45	21,91	-0,05	0,01	0,00	1487,54
107	02.09.2025 08:11:46	21,91	-0,06	0,01	0,00	1487,54
108	02.09.2025 08:11:47	21,91	-0,05	0,02	0,02	1487,54
109	02.09.2025 08:11:48	21,91	-0,06	0,01	0,00	1487,54
110	02.09.2025 08:11:49	21,91	-0,05	0,01	0,00	1487,54
111	02.09.2025 08:11:50	21,91	-0,05	0,01	0,00	1487,54
112	02.09.2025 08:11:51	21,91	-0,05	0,01	0,00	1487,54
113	02.09.2025 08:11:52	21,88	-0,05	0,01	0,00	1487,45
114	02.09.2025 08:11:53	21,88	-0,05	0,01	0,00	1487,45
115	02.09.2025 08:11:54	21,88	-0,05	0,01	0,00	1487,45
116	02.09.2025 08:11:55	21,88	-0,05	0,01	0,00	1487,45
117	02.09.2025 08:11:56	21,88	-0,05	0,01	0,00	1487,45
118	02.09.2025 08:11:57	21,88	-0,05	0,01	0,00	1487,45
119	02.09.2025 08:11:58	21,88	-0,06	0,01	0,00	1487,45
120	02.09.2025 08:11:59	21,85	-0,05	0,01	0,00	1487,37
121	02.09.2025 08:12:00	21,85	-0,05	0,01	0,00	1487,37
122	02.09.2025 08:12:01	21,85	-0,05	0,01	0,00	1487,37
123	02.09.2025 08:12:02	21,85	-0,05	0,01	0,00	1487,37
124	02.09.2025 08:12:03	21,85	-0,05	0,01	0,00	1487,37
125	02.09.2025 08:12:04	21,85	-0,06	0,01	0,00	1487,36
126	02.09.2025 08:12:05	21,85	-0,05	0,01	0,00	1487,37
127	02.09.2025 08:12:06	21,85	-0,05	0,02	0,02	1487,37
128	02.09.2025 08:12:07	21,85	-0,05	0,01	0,00	1487,37
129	02.09.2025 08:12:08	21,82	-0,05	0,01	0,00	1487,28
130	02.09.2025 08:12:09	21,82	-0,05	0,01	0,00	1487,28
131	02.09.2025 08:12:10	21,82	-0,06	0,01	0,00	1487,28
132	02.09.2025 08:12:11	21,82	-0,05	0,01	0,00	1487,28
133	02.09.2025 08:12:12	21,82	-0,05	0,01	0,00	1487,28
134	02.09.2025 08:12:13	21,82	-0,06	0,01	0,00	1487,28
135	02.09.2025 08:12:14	21,82	-0,05	0,01	0,00	1487,28
136	02.09.2025 08:12:15	21,79	-0,06	0,01	0,00	1487,19
137	02.09.2025 08:12:16	21,79	-0,05	0,01	0,00	1487,19
138	02.09.2025 08:12:17	21,79	-0,05	0,01	0,00	1487,19
139	02.09.2025 08:12:18	21,79	-0,03	0,01	0,00	1487,20
140	02.09.2025 08:12:19	21,79	-0,05	0,02	0,02	1487,20
141	02.09.2025 08:12:20	21,79	-0,05	0,01	0,00	1487,19
142	02.09.2025 08:12:21	21,76	-0,06	0,01	0,00	1487,10
143	02.09.2025 08:12:22	21,76	-0,06	0,01	0,00	1487,10
144	02.09.2025 08:12:23	21,76	-0,06	0,01	0,00	1487,10
145	02.09.2025 08:12:24	21,76	-0,05	0,01	0,00	1487,11
146	02.09.2025 08:12:25	21,76	-0,05	0,01	0,00	1487,11
147	02.09.2025 08:12:26	21,76	-0,05	0,01	0,00	1487,11
148	02.09.2025 08:12:27	21,73	-0,06	0,01	0,00	1487,02
149	02.09.2025 08:12:28	21,73	-0,05	0,01	0,00	1487,02
150	02.09.2025 08:12:29	21,73	-0,06	0,01	0,00	1487,02
151	02.09.2025 08:12:30	21,73	-0,05	0,01	0,00	1487,02
152	02.09.2025 08:12:31	21,73	-0,05	0,01	0,00	1487,02
153	02.09.2025 08:12:32	21,73	-0,06	0,01	0,00	1487,02
154	02.09.2025 08:12:33	21,73	-0,05	0,01	0,00	1487,02
155	02.09.2025 08:12:34	21,70	-0,06	0,01	0,00	1486,93
156	02.09.2025 08:12:35	21,70	-0,05	0,01	0,00	1486,93
157	02.09.2025 08:12:36	21,70	-0,06	0,01	0,00	1486,93
158	02.09.2025 08:12:37	21,70	-0,06	0,01	0,00	1486,93
159	02.09.2025 08:12:38	21,70	-0,05	0,01	0,00	1486,93
160	02.09.2025 08:12:39	21,70	-0,05	0,01	0,00	1486,93
161	02.09.2025 08:12:40	21,70	-0,05	0,01	0,00	1486,93
162	02.09.2025 08:12:41	21,67	-0,05	0,01	0,00	1486,84
163	02.09.2025 08:12:42	21,67	-0,05	0,01	0,00	1486,84
164	02.09.2025 08:12:43	21,67	-0,05	0,01	0,00	1486,84
165	02.09.2025 08:12:44	21,67	-0,06	0,01	0,00	1486,84
166	02.09.2025 08:12:45	21,67	-0,05	0,01	0,00	1486,84
167	02.09.2025 08:12:46	21,67	-0,05	0,01	0,00	1486,84
168	02.09.2025 08:12:47	21,67	-0,05	0,01	0,00	1486,84
169	02.09.2025 08:12:48	21,67	-0,06	0,01	0,00	1486,84
170	02.09.2025 08:12:49	21,64	-0,06	0,01	0,00	1486,75
171	02.09.2025 08:12:50	21,64	-0,05	0,01	0,00	1486,76
172	02.09.2025 08:12:51	21,64	-0,06	0,01	0,00	1486,75
173	02.09.2025 08:12:52	21,64	-0,05	0,01	0,00	1486,76
174	02.09.2025 08:12:53	21,64	-0,06	0,01	0,00	1486,75
175	02.09.2025 08:12:54	21,64	-0,06	0,01	0,00	1486,75
176	02.09.2025 08:12:55	21,64	-0,06	0,01	0,00	1486,75
177	02.09.2025 08:12:56	21,64	-0,05	0,01	0,00	1486,76
178	02.09.2025 08:12:57	21,64	-0,05	0,01	0,00	1486,76
179	02.09.2025 08:12:58	21,61	-0,05	0,01	0,00	1486,67
180	02.09.2025 08:12:59	21,61	-0,05	0,01	0,00	1486,67
181	02.09.2025 08:13:00	21,61	-0,05	0,01	0,00	1486,67
182	02.09.2025 08:13:01	21,61	-0,05	0,01	0,00	1486,67
183	02.09.2025 08:13:02	21,61	-0,06	0,01	0,00	1486,67
184	02.09.2025 08:13:03	21,61	-0,06	0,01	0,00	1486,67
185	02.09.2025 08:13:04	21,61	-0,05	0,01	0,00	1486,67
186	02.09.2025 08:13:05	21,59	-0,05	0,01	0,00	1486,58
187	02.09.2025 08:13:06	21,59	-0,06	0,01	0,00	1486,58
188	02.09.2025 08:13:07	21,59	-0,06	0,01	0,00	1486,58
189	02.09.2025 08:13:08	21,59	-0,06	0,01	0,00	1486,58
190	02.09.2025 08:13:09	21,59	-0,05	0,01	0,00	1486,58
191	02.09.2025 08:13:10	21,59	-0,05	0,01	0,00	1486,58
192	02.09.2025 08:13:11	21,59	-0,05	0,01	0,00	1486,58
193	02.09.2025 08:13:12	21,59	-0,05	0,01	0,00	1486,58
194	02.09.2025 08:13:13	21,56	-0,05	0,01	0,00	1486,50
195	02.09.2025 08:13:14	21,56	-0,05	0,01	0,00	1486,50
196	02.09.2025 08:13:15	21,56	-0,05	0,01	0,00	1486,50
197	02.09.2025 08:13:16	21,56	-0,05	0,01	0,00	1486,50
198	02.09.2025 08:13:17	21,56	-0,05	0,01	0,00	1486,50
199	02.09.2025 08:13:18	21,56	-0,05	0,01	0,00	1486,50
200	02.09.2025 08:13:19	21,53	-0,05	0,01	0,00	1486,41
201	02.09.2025 08:13:20	21,53	-0,05	0,01	0,00	1486,41
202	02.09.2025 08:13:21	21,53	-0,05	0,01	0,00	1486,41
203	02.09.2025 08:13:22	21,53	-0,05	0,01	0,00	1486,41
204	02.09.2025 08:13:23	21,53	-0,05	0,01	0,00	1486,41
205	02.09.2025 08:13:24	21,53	-0,05	0,01	0,00	1486,41
206	02.09.2025 08:13:25	21,53	-0,05	0,01	0,00	1486,41
207	02.09.2025 08:13:26	21,50	-0,05	0,01	0,00	1486,32
208	02.09.2025 08:13:27	21,50	-0,05	0,01	0,00	1486,32
209	02.09.2025 08:13:28	21,50	-0,05	0,01	0,00	1486,32
210	02.09.2025 08:13:29	21,50	-0,05	0,01	0,00	1486,32
211	02.09.2025 08:13:30	21,50	-0,05	0,01	0,00	1486,32
212	02.09.2025 08:13:31	21,50	-0,05	0,01	0,00	1486,32
213	02.09.2025 08:13:32	21,50	-0,05	0,01	0,00	1486,32
214	02.09.2025 08:13:33	21,47	-0,05	0,01	0,00	1486,23
215	02.09.2025 08:13:34	21,47	-0,05	0,01	0,00	1486,23
216	02.09.2025 08:13:35	21,47	-0,22	16,19	24,62	1504,32
217	02.09.2025 08:13:36	21,26	-0,15	11,51	17,94	1498,51
218	02.09.2025 08:13:37	20,97	-0,03	20,44	30,13	1507,72
219	02.09.2025 08:13:38	20,65	-0,10	24,08	34,72	1510,90
220	02.09.2025 08:13:39	20,30	-0,05	26,44	37,50	1512,59
221	02.09.2025 08:13:40	20,03	0,01	26,63	37,53	1512,06
222	02.09.2025 08:13:41	19,89	-0,01	26,70	37,50	1511,71
223	02.09.2025 08:13:42	19,74	-0,03	26,81	37,52	1511,42
224	02.09.2025 08:13:43	19,62	-0,01	26,86	37,49	1511,15
225	02.09.2025 08:13:44	19,53	0,01	25,75	36,03	1509,63
226	02.09.2025 08:13:45	19,45	-0,01	26,97	37,49	1510,76
227	02.09.2025 08:13:46	19,36	-0,01	27,03	37,49	1510,57
228	02.09.2025 08:13:47	19,30	0,01	27,06	37,48	1510,45
229	02.09.2025 08:13:48	19,24	0,01	27,12	37,51	1510,35
230	02.09.2025 08:13:49	19,21	0,01	27,14	37,51	1510,28
231	02.09.2025 08:13:50	19,15	0,03	27,18	37,51	1510,16
232	02.09.2025 08:13:51	19,12	0,01	27,18	37,48	1510,06
233	02.09.2025 08:13:52	19,06	0,01	27,21	37,48	1509,93
234	02.09.2025 08:13:53	19,03	0,01	27,26	37,51	1509,90
235	02.09.2025 08:13:54	19,00	0,01	27,25	37,48	1509,81
236	02.09.2025 08:13:55	18,94	0,01	27,29	37,48	1509,68
237	02.09.2025 08:13:56	18,91	0,01	27,31	37,48	1509,61
238	02.09.2025 08:13:57	18,88	-0,01	27,35	37,51	1509,57
239	02.09.2025 08:13:58	18,85	0,01	27,37	37,50	1509,51
240	02.09.2025 08:13:59	18,83	0,01	27,39	37,50	1509,45
241	02.09.2025 08:14:00	18,80	0,01	27,39	37,48	1509,35
242	02.09.2025 08:14:01	18,77	-0,01	27,43	37,50	1509,31
243	02.09.2025 08:14:02	18,74	-0,03	27,42	37,47	1509,22
244	02.09.2025 08:14:03	18,71	-0,01	27,47	37,50	1509,18
245	02.09.2025 08:14:04	18,68	-0,01	27,49	37,50	1509,12
246	02.09.2025 08:14:05	18,65	-0,03	27,48	37,47	1509,02
247	02.09.2025 08:14:06	18,65	-0,01	27,50	37,50	1509,05
248	02.09.2025 08:14:07	18,62	-0,01	27,52	37,50	1508,99
249	02.09.2025 08:14:08	18,59	-0,01	27,54	37,50	1508,92
250	02.09.2025 08:14:09	18,56	-0,03	27,56	37,50	1508,86
251	02.09.2025 08:14:10	18,56	-0,01	27,56	37,50	1508,86
252	02.09.2025 08:14:11	18,53	-0,01	27,58	37,50	1508,79
253	02.09.2025 08:14:12	18,50	-0,01	27,60	37,50	1508,73
254	02.09.2025 08:14:13	18,50	-0,03	27,60	37,50	1508,73
255	02.09.2025 08:14:14	18,47	-0,01	27,62	37,50	1508,66
256	02.09.2025 08:14:15	18,44	-0,03	27,64	37,50	1508,60
257	02.09.2025 08:14:16	18,44	-0,01	27,64	37,50	1508,60
258	02.09.2025 08:14:17	18,41	-0,03	27,66	37,50	1508,53
259	02.09.2025 08:14:18	18,41	-0,03	27,66	37,50	1508,53
260	02.09.2025 08:14:19	18,38	-0,03	27,68	37,50	1508,46
261	02.09.2025 08:14:20	18,38	-0,03	27,68	37,50	1508,46
262	02.09.2025 08:14:21	18,35	-0,05	27,70	37,50	1508,40
263	02.09.2025 08:14:22	18,35	-0,05	27,70	37,50	1508,40
264	02.09.2025 08:14:23	18,32	-0,03	27,72	37,50	1508,33
265	02.09.2025 08:14:24	18,32	-0,03	27,72	37,50	1508,33
266	02.09.2025 08:14:25	18,29	-0,01	27,74	37,49	1508,27
267	02.09.2025 08:14:26	18,29	-0,03	27,74	37,49	1508,27
268	02.09.2025 08:14:27	18,26	-0,01	27,76	37,49	1508,21
269	02.09.2025 08:14:28	18,26	-0,03	27,76	37,49	1508,20
270	02.09.2025 08:14:29	18,26	-0,05	27,76	37,49	1508,20
271	02.09.2025 08:14:30	18,23	-0,03	27,78	37,49	1508,14
272	02.09.2025 08:14:31	18,23	-0,05	27,78	37,49	1508,13
273	02.09.2025 08:14:32	18,20	-0,05	27,80	37,49	1508,07
274	02.09.2025 08:14:33	18,20	-0,03	27,80	37,49	1508,07
275	02.09.2025 08:14:34	18,20	-0,05	27,80	37,49	1508,07
276	02.09.2025 08:14:35	18,17	-0,05	27,82	37,49	1508,00
277	02.09.2025 08:14:36	18,17	-0,05	27,77	37,44	1507,95
278	02.09.2025 08:14:37	18,17	-0,03	27,82	37,49	1508,01
279	02.09.2025 08:14:38	18,14	-0,03	27,84	37,49	1507,94
280	02.09.2025 08:14:39	18,14	-0,05	27,84	37,49	1507,94
281	02.09.2025 08:14:40	18,14	-0,05	27,84	37,49	1507,94
282	02.09.2025 08:14:41	18,11	-0,06	27,86	37,49	1507,87
283	02.09.2025 08:14:42	18,11	-0,06	27,88	37,52	1507,90
284	02.09.2025 08:14:43	18,11	-0,05	27,86	37,49	1507,87
285	02.09.2025 08:14:44	18,11	-0,06	27,86	37,49	1507,87
286	02.09.2025 08:14:45	18,08	-0,05	27,88	37,49	1507,81
287	02.09.2025 08:14:46	18,08	-0,06	27,90	37,52	1507,83
288	02.09.2025 08:14:47	18,08	-0,06	27,87	37,49	1507,80
289	02.09.2025 08:14:48	18,08	-0,05	27,90	37,52	1507,83
290	02.09.2025 08:14:49	18,08	-0,06	27,90	37,52	1507,83
291	02.09.2025 08:14:50	18,05	-0,05	27,92	37,52	1507,77
292	02.09.2025 08:14:51	18,05	-0,05	27,92	37,52	1507,77
293	02.09.2025 08:14:52	18,05	-0,05	27,89	37,49	1507,74
294	02.09.2025 08:14:53	18,05	-0,05	27,92	37,52	1507,77
295	02.09.2025 08:14:54	18,02	-0,03	27,94	37,52	1507,70
296	02.09.2025 08:14:55	18,02	-0,01	27,94	37,52	1507,71
297	02.09.2025 08:14:56	18,02	0,01	27,94	37,52	1507,71
298	02.09.2025 08:14:57	18,02	0,01	27,94	37,52	1507,71
299	02.09.2025 08:14:58	18,02	0,03	27,94	37,52	1507,71
300	02.09.2025 08:14:59	18,02	0,06	27,94	37,52	1507,72
301	02.09.2025 08:15:00	18,02	0,08	27,91	37,49	1507,70
302	02.09.2025 08:15:01	17,99	0,10	27,96	37,52	1507,66
303	02.09.2025 08:15:02	17,99	0,10	27,96	37,52	1507,66
304	02.09.2025 08:15:03	17,99	0,13	27,96	37,52	1507,66
305	02.09.2025 08:15:04	17,99	0,15	27,96	37,52	1507,67
306	02.09.2025 08:15:05	17,99	0,15	27,93	37,49	1507,64
307	02.09.2025 08:15:06	17,99	0,19	27,96	37,52	1507,67
308	02.09.2025 08:15:07	17,96	0,21	27,98	37,52	1507,61
309	02.09.2025 08:15:08	17,96	0,22	27,98	37,52	1507,61
310	02.09.2025 08:15:09	17,96	0,24	27,98	37,52	1507,62
311	02.09.2025 08:15:10	17,96	0,26	27,98	37,52	1507,62
312	02.09.2025 08:15:11	17,96	0,28	27,98	37,52	1507,62
313	02.09.2025 08:15:12	17,96	0,30	27,98	37,52	1507,62
314	02.09.2025 08:15:13	17,96	0,31	27,98	37,52	1507,63
315	02.09.2025 08:15:14	17,96	0,33	27,98	37,52	1507,63
316	02.09.2025 08:15:15	17,93	0,35	28,00	37,52	1507,57
317	02.09.2025 08:15:16	17,93	0,37	28,00	37,52	1507,57
318	02.09.2025 08:15:17	17,93	0,38	28,00	37,52	1507,57
319	02.09.2025 08:15:18	17,93	0,40	28,00	37,52	1507,58
320	02.09.2025 08:15:19	17,93	0,40	28,00	37,52	1507,58
321	02.09.2025 08:15:20	17,93	0,42	28,00	37,52	1507,58
322	02.09.2025 08:15:21	17,93	0,44	28,00	37,52	1507,58
323	02.09.2025 08:15:22	17,93	0,46	28,00	37,52	1507,58
324	02.09.2025 08:15:23	17,93	0,47	28,00	37,52	1507,59
325	02.09.2025 08:15:24	17,91	0,49	28,02	37,52	1507,52
326	02.09.2025 08:15:25	17,91	0,51	28,04	37,54	1507,55
327	02.09.2025 08:15:26	17,91	0,53	28,02	37,52	1507,53
328	02.09.2025 08:15:27	17,91	0,54	28,02	37,52	1507,53
329	02.09.2025 08:15:28	17,91	0,56	28,04	37,54	1507,56
330	02.09.2025 08:15:29	17,91	0,60	28,02	37,52	1507,54
331	02.09.2025 08:15:30	17,91	0,60	28,04	37,54	1507,57
332	02.09.2025 08:15:31	17,91	0,63	28,04	37,54	1507,57
333	02.09.2025 08:15:32	17,88	0,67	28,04	37,52	1507,49
334	02.09.2025 08:15:33	17,88	0,69	28,01	37,49	1507,46
335	02.09.2025 08:15:34	17,85	0,72	28,01	37,46	1507,37
336	02.09.2025 08:15:35	17,82	0,72	28,03	37,46	1507,31
337	02.09.2025 08:15:36	17,79	0,75	28,02	37,43	1507,22
338	02.09.2025 08:15:37	17,79	0,75	28,02	37,43	1507,22
339	02.09.2025 08:15:38	17,76	0,75	28,04	37,43	1507,15
340	02.09.2025 08:15:39	17,76	0,75	28,02	37,40	1507,13
341	02.09.2025 08:15:40	17,73	0,77	28,04	37,40	1507,06
342	02.09.2025 08:15:41	17,70	0,78	28,04	37,37	1506,97
343	02.09.2025 08:15:42	17,70	0,78	28,01	37,34	1506,94
344	02.09.2025 08:15:43	17,67	0,76	28,03	37,34	1506,87
345	02.09.2025 08:15:44	17,67	0,76	28,06	37,37	1506,90
346	02.09.2025 08:15:45	17,64	0,78	28,06	37,34	1506,81
347	02.09.2025 08:15:46	17,64	0,78	28,03	37,31	1506,78
348	02.09.2025 08:15:47	17,61	0,80	28,03	37,29	1506,69
349	02.09.2025 08:15:48	17,61	0,81	28,00	37,26	1506,67
350	02.09.2025 08:15:49	17,58	0,85	28,02	37,26	1506,61
351	02.09.2025 08:15:50	17,55	0,86	28,04	37,26	1506,54
352	02.09.2025 08:15:51	17,52	0,88	28,04	37,23	1506,45
353	02.09.2025 08:15:52	17,52	0,92	28,02	37,20	1506,43
354	02.09.2025 08:15:53	17,49	0,92	28,04	37,20	1506,36
355	02.09.2025 08:15:54	17,46	0,93	28,06	37,20	1506,30
356	02.09.2025 08:15:55	17,46	0,95	28,06	37,20	1506,30
357	02.09.2025 08:15:56	17,43	0,95	28,05	37,17	1506,21
358	02.09.2025 08:15:57	17,43	0,97	28,05	37,17	1506,21
359	02.09.2025 08:15:58	17,40	0,96	28,07	37,17	1506,14
360	02.09.2025 08:15:59	17,40	0,96	28,07	37,17	1506,14
361	02.09.2025 08:16:00	17,40	0,96	28,07	37,17	1506,14
362	02.09.2025 08:16:01	17,37	0,94	28,09	37,17	1506,07
363	02.09.2025 08:16:02	17,37	0,94	28,09	37,17	1506,07
364	02.09.2025 08:16:03	17,37	0,94	28,09	37,17	1506,07
365	02.09.2025 08:16:04	17,37	0,94	28,09	37,17	1506,07
366	02.09.2025 08:16:05	17,34	0,94	28,12	37,17	1506,00
367	02.09.2025 08:16:06	17,34	0,94	28,11	37,17	1506,00
368	02.09.2025 08:16:07	17,34	0,96	28,11	37,17	1506,01
369	02.09.2025 08:16:08	17,34	0,96	28,11	37,17	1506,01
370	02.09.2025 08:16:09	17,31	0,96	28,14	37,17	1505,94
371	02.09.2025 08:16:10	17,31	0,98	28,14	37,17	1505,94
372	02.09.2025 08:16:11	17,31	0,96	28,14	37,17	1505,94
373	02.09.2025 08:16:12	17,31	0,96	28,14	37,17	1505,94
374	02.09.2025 08:16:13	17,31	0,98	28,14	37,17	1505,94
375	02.09.2025 08:16:14	17,28	0,98	28,16	37,17	1505,87
376	02.09.2025 08:16:15	17,28	0,98	28,16	37,17	1505,87
377	02.09.2025 08:16:16	17,28	0,98	28,16	37,17	1505,87
378	02.09.2025 08:16:17	17,28	0,99	28,16	37,17	1505,88
379	02.09.2025 08:16:18	17,28	0,99	28,16	37,17	1505,88
380	02.09.2025 08:16:19	17,28	0,99	28,16	37,17	1505,88
381	02.09.2025 08:16:20	17,28	1,01	28,16	37,17	1505,88
382	02.09.2025 08:16:21	17,25	1,01	28,18	37,17	1505,81
383	02.09.2025 08:16:22	17,25	1,01	28,10	37,08	1505,73
384	02.09.2025 08:16:23	17,22	1,03	28,08	37,03	1505,61
385	02.09.2025 08:16:24	17,19	1,04	28,05	36,97	1505,49
386	02.09.2025 08:16:25	17,13	1,04	28,02	36,88	1505,27
387	02.09.2025 08:16:26	17,07	1,05	27,99	36,80	1505,05
388	02.09.2025 08:16:27	17,01	1,07	27,94	36,69	1504,81
389	02.09.2025 08:16:28	16,95	1,08	28,00	36,71	1504,70
390	02.09.2025 08:16:29	16,89	1,12	28,06	36,74	1504,60
391	02.09.2025 08:16:30	16,86	1,12	28,06	36,71	1504,50
392	02.09.2025 08:16:31	16,83	1,13	28,08	36,71	1504,44
393	02.09.2025 08:16:32	16,77	1,11	28,12	36,71	1504,30
394	02.09.2025 08:16:33	16,77	1,15	28,12	36,71	1504,30
395	02.09.2025 08:16:34	16,74	1,16	28,14	36,71	1504,24
396	02.09.2025 08:16:35	16,71	1,18	28,16	36,71	1504,17
397	02.09.2025 08:16:36	16,71	1,18	28,14	36,68	1504,14
398	02.09.2025 08:16:37	16,68	1,18	28,16	36,68	1504,07
399	02.09.2025 08:16:38	16,65	1,19	28,18	36,68	1504,01
400	02.09.2025 08:16:39	16,65	1,21	28,16	36,65	1503,98
401	02.09.2025 08:16:40	16,62	1,21	28,13	36,59	1503,86
402	02.09.2025 08:16:41	16,59	1,23	28,10	36,54	1503,73
403	02.09.2025 08:16:42	16,56	1,24	28,07	36,48	1503,61
404	02.09.2025 08:16:43	16,50	1,26	28,04	36,40	1503,39
405	02.09.2025 08:16:44	16,44	1,27	28,04	36,34	1503,20
406	02.09.2025 08:16:45	16,38	1,29	28,05	36,31	1503,03
407	02.09.2025 08:16:46	16,32	1,30	27,85	36,03	1502,61
408	02.09.2025 08:16:47	16,23	1,28	27,68	35,74	1502,12
409	02.09.2025 08:16:48	16,05	1,29	27,60	35,52	1501,47
410	02.09.2025 08:16:49	15,86	1,30	27,27	34,98	1500,50
411	02.09.2025 08:16:50	15,59	1,30	26,57	33,96	1498,81
412	02.09.2025 08:16:51	15,26	1,32	26,31	33,40	1497,43
413	02.09.2025 08:16:52	14,83	1,35	26,34	33,11	1496,08
414	02.09.2025 08:16:53	14,46	1,44	26,43	32,94	1495,00
415	02.09.2025 08:16:54	14,15	1,48	26,41	32,67	1493,97
416	02.09.2025 08:16:55	13,85	1,50	26,49	32,53	1493,04
417	02.09.2025 08:16:56	13,60	1,54	26,63	32,50	1492,38
418	02.09.2025 08:16:57	13,38	1,56	26,66	32,35	1491,68
419	02.09.2025 08:16:58	13,16	1,59	26,68	32,21	1490,96
420	02.09.2025 08:16:59	12,94	1,61	26,52	31,87	1490,03
421	02.09.2025 08:17:00	12,72	1,62	26,35	31,53	1489,08
422	02.09.2025 08:17:01	12,47	1,64	26,21	31,19	1488,05
423	02.09.2025 08:17:02	12,16	1,66	26,22	30,95	1486,96
424	02.09.2025 08:17:03	11,90	1,69	26,15	30,70	1486,00
425	02.09.2025 08:17:04	11,65	1,73	26,19	30,55	1485,15
426	02.09.2025 08:17:05	11,39	1,77	26,29	30,46	1484,37
427	02.09.2025 08:17:06	11,14	1,78	26,31	30,29	1483,48
428	02.09.2025 08:17:07	10,91	1,80	26,38	30,20	1482,77
429	02.09.2025 08:17:08	10,69	1,86	26,49	30,14	1482,09
430	02.09.2025 08:17:09	10,49	1,89	26,57	30,08	1481,49
431	02.09.2025 08:17:10	10,30	1,88	26,52	29,88	1480,71
432	02.09.2025 08:17:11	10,10	1,92	26,63	29,85	1480,14
433	02.09.2025 08:17:12	9,91	1,97	26,80	29,87	1479,63
434	02.09.2025 08:17:13	9,74	1,99	26,89	29,84	1479,14
435	02.09.2025 08:17:14	9,61	2,01	26,93	29,78	1478,71
436	02.09.2025 08:17:15	9,45	2,02	27,02	29,75	1478,21
437	02.09.2025 08:17:16	9,32	2,05	27,03	29,66	1477,73
438	02.09.2025 08:17:17	9,18	2,07	27,10	29,64	1477,33
439	02.09.2025 08:17:18	9,05	2,07	27,14	29,58	1476,88
440	02.09.2025 08:17:19	8,92	2,10	27,21	29,55	1476,47
441	02.09.2025 08:17:20	8,82	2,11	27,23	29,49	1476,12
442	02.09.2025 08:17:21	8,69	2,12	27,33	29,49	1475,74
443	02.09.2025 08:17:22	8,59	2,14	27,38	29,45	1475,42
444	02.09.2025 08:17:23	8,49	2,15	27,42	29,43	1475,10
445	02.09.2025 08:17:24	8,38	2,14	27,47	29,39	1474,77
446	02.09.2025 08:17:25	8,28	2,16	27,49	29,34	1474,41
447	02.09.2025 08:17:26	8,18	2,15	27,51	29,28	1474,04
448	02.09.2025 08:17:27	8,08	2,18	27,53	29,22	1473,68
449	02.09.2025 08:17:28	7,95	2,18	27,57	29,16	1473,22
450	02.09.2025 08:17:29	7,85	2,21	27,59	29,10	1472,85
451	02.09.2025 08:17:30	7,74	2,22	27,67	29,10	1472,56
452	02.09.2025 08:17:31	7,64	2,25	27,75	29,10	1472,27
453	02.09.2025 08:17:32	7,54	2,26	27,80	29,07	1471,93
454	02.09.2025 08:17:33	7,47	2,28	27,82	29,04	1471,70
455	02.09.2025 08:17:34	7,37	2,29	27,87	29,01	1471,36
456	02.09.2025 08:17:35	7,30	2,29	27,93	29,01	1471,16
457	02.09.2025 08:17:36	7,23	2,32	27,95	28,98	1470,93
458	02.09.2025 08:17:37	7,16	2,32	27,85	28,84	1470,54
459	02.09.2025 08:17:38	7,06	2,33	27,81	28,72	1470,08
460	02.09.2025 08:17:39	6,92	2,36	27,74	28,55	1469,45
461	02.09.2025 08:17:40	6,75	2,39	27,70	28,38	1468,71
462	02.09.2025 08:17:41	6,61	2,38	27,69	28,27	1468,14
463	02.09.2025 08:17:42	6,44	2,43	27,76	28,20	1467,55
464	02.09.2025 08:17:43	6,30	2,44	27,84	28,18	1467,09
465	02.09.2025 08:17:44	6,16	2,47	27,92	28,14	1466,63
466	02.09.2025 08:17:45	6,05	2,50	28,01	28,14	1466,32
467	02.09.2025 08:17:46	5,95	2,53	28,06	28,11	1465,97
468	02.09.2025 08:17:47	5,84	2,52	28,08	28,05	1465,57
469	02.09.2025 08:17:48	5,73	2,54	28,14	28,02	1465,21
470	02.09.2025 08:17:49	5,66	2,59	28,20	28,02	1465,00
471	02.09.2025 08:17:50	5,56	2,60	28,25	27,99	1464,64
472	02.09.2025 08:17:51	5,49	2,61	28,25	27,93	1464,35
473	02.09.2025 08:17:52	5,42	2,64	28,27	27,90	1464,09
474	02.09.2025 08:17:53	5,31	2,68	28,36	27,90	1463,77
475	02.09.2025 08:17:54	5,24	2,67	28,39	27,87	1463,51
476	02.09.2025 08:17:55	5,17	2,70	28,45	27,87	1463,30
477	02.09.2025 08:17:56	5,09	2,72	28,48	27,84	1463,04
478	02.09.2025 08:17:57	5,02	2,75	28,54	27,84	1462,83
479	02.09.2025 08:17:58	4,95	2,76	28,53	27,78	1462,53
480	02.09.2025 08:17:59	4,88	2,80	28,56	27,75	1462,27
481	02.09.2025 08:18:00	4,81	2,81	28,59	27,72	1462,01
482	02.09.2025 08:18:01	4,70	2,82	28,65	27,69	1461,64
483	02.09.2025 08:18:02	4,63	2,84	28,71	27,69	1461,42
484	02.09.2025 08:18:03	4,55	2,87	28,74	27,66	1461,16
485	02.09.2025 08:18:04	4,48	2,90	28,80	27,66	1460,94
486	02.09.2025 08:18:05	4,41	2,93	28,83	27,63	1460,68
487	02.09.2025 08:18:06	4,34	2,95	28,89	27,63	1460,45
488	02.09.2025 08:18:07	4,26	2,98	28,95	27,63	1460,23
489	02.09.2025 08:18:08	4,19	3,01	28,98	27,60	1459,97
490	02.09.2025 08:18:09	4,12	3,01	29,05	27,60	1459,74
491	02.09.2025 08:18:10	4,04	3,04	29,11	27,60	1459,52
492	02.09.2025 08:18:11	4,01	3,06	29,11	27,57	1459,36
493	02.09.2025 08:18:12	3,93	3,07	29,14	27,54	1459,09
494	02.09.2025 08:18:13	3,86	3,09	29,20	27,54	1458,87
495	02.09.2025 08:18:14	3,82	3,10	29,20	27,51	1458,71
496	02.09.2025 08:18:15	3,79	3,12	29,20	27,48	1458,56
497	02.09.2025 08:18:16	3,71	3,13	29,23	27,45	1458,28
498	02.09.2025 08:18:17	3,64	3,16	29,30	27,45	1458,06
499	02.09.2025 08:18:18	3,60	3,18	29,33	27,45	1457,95
500	02.09.2025 08:18:19	3,53	3,19	29,36	27,42	1457,67
501	02.09.2025 08:18:20	3,49	3,21	29,39	27,42	1457,56
502	02.09.2025 08:18:21	3,45	3,24	29,43	27,42	1457,45
503	02.09.2025 08:18:22	3,38	3,26	29,49	27,42	1457,22
504	02.09.2025 08:18:23	3,34	3,29	29,52	27,42	1457,11
505	02.09.2025 08:18:24	3,31	3,29	29,49	27,36	1456,90
506	02.09.2025 08:18:25	3,27	3,31	29,52	27,36	1456,79
507	02.09.2025 08:18:26	3,23	3,34	29,56	27,36	1456,67
508	02.09.2025 08:18:27	3,19	3,36	29,59	27,36	1456,56
509	02.09.2025 08:18:28	3,16	3,37	29,59	27,33	1456,40
510	02.09.2025 08:18:29	3,08	3,40	29,62	27,30	1456,13
511	02.09.2025 08:18:30	3,04	3,40	29,62	27,27	1455,96
512	02.09.2025 08:18:31	3,01	3,43	29,59	27,21	1455,76
513	02.09.2025 08:18:32	2,93	3,47	29,62	27,18	1455,48
514	02.09.2025 08:18:33	2,89	3,48	29,62	27,15	1455,32
515	02.09.2025 08:18:34	2,82	3,51	29,65	27,12	1455,04
516	02.09.2025 08:18:35	2,78	3,53	29,66	27,09	1454,88
517	02.09.2025 08:18:36	2,74	3,56	29,69	27,09	1454,77
518	02.09.2025 08:18:37	2,67	3,58	29,76	27,09	1454,53
519	02.09.2025 08:18:38	2,63	3,61	29,76	27,06	1454,37
520	02.09.2025 08:18:39	2,59	3,63	29,79	27,06	1454,25
521	02.09.2025 08:18:40	2,55	3,64	29,79	27,03	1454,09
522	02.09.2025 08:18:41	2,52	3,66	29,83	27,03	1453,97
523	02.09.2025 08:18:42	2,48	3,69	29,83	27,00	1453,81
524	02.09.2025 08:18:43	2,44	3,73	29,86	27,00	1453,70
525	02.09.2025 08:18:44	2,40	3,76	29,90	27,00	1453,58
526	02.09.2025 08:18:45	2,36	3,76	29,93	27,00	1453,46
527	02.09.2025 08:18:46	2,33	3,79	29,96	27,00	1453,34
528	02.09.2025 08:18:47	2,29	3,79	30,00	27,00	1453,22
529	02.09.2025 08:18:48	2,25	3,82	30,03	27,00	1453,10
530	02.09.2025 08:18:49	2,25	3,86	30,03	27,00	1453,11
531	02.09.2025 08:18:50	2,21	3,87	30,07	27,00	1452,99
532	02.09.2025 08:18:51	2,17	3,89	30,11	27,00	1452,87
533	02.09.2025 08:18:52	2,17	3,94	30,10	27,00	1452,88
534	02.09.2025 08:18:53	2,13	3,94	30,14	27,00	1452,76
535	02.09.2025 08:18:54	2,10	3,96	30,18	27,00	1452,63
536	02.09.2025 08:18:55	2,10	3,99	30,18	27,00	1452,64
537	02.09.2025 08:18:56	2,06	4,03	30,21	27,00	1452,52
538	02.09.2025 08:18:57	2,06	4,05	30,21	27,00	1452,53
539	02.09.2025 08:18:58	2,02	4,06	30,25	27,00	1452,41
540	02.09.2025 08:18:59	2,02	4,10	30,25	27,00	1452,41
541	02.09.2025 08:19:00	1,98	4,11	30,28	26,99	1452,29
542	02.09.2025 08:19:01	1,98	4,13	30,28	26,99	1452,29
543	02.09.2025 08:19:02	1,94	4,16	30,32	26,99	1452,18
544	02.09.2025 08:19:03	1,94	4,18	30,28	26,97	1452,13
545	02.09.2025 08:19:04	1,90	4,20	30,35	26,99	1452,06
546	02.09.2025 08:19:05	1,90	4,22	30,32	26,97	1452,01
547	02.09.2025 08:19:06	1,87	4,25	30,35	26,96	1451,90
548	02.09.2025 08:19:07	1,87	4,27	30,35	26,96	1451,90
549	02.09.2025 08:19:08	1,87	4,29	30,35	26,96	1451,90
550	02.09.2025 08:19:09	1,83	4,30	30,39	26,96	1451,78
551	02.09.2025 08:19:10	1,83	4,32	30,36	26,94	1451,74
552	02.09.2025 08:19:11	1,79	4,33	30,36	26,91	1451,57
553	02.09.2025 08:19:12	1,79	4,35	30,36	26,91	1451,57
554	02.09.2025 08:19:13	1,75	4,39	30,39	26,91	1451,45
555	02.09.2025 08:19:14	1,75	4,40	30,39	26,91	1451,46
556	02.09.2025 08:19:15	1,71	4,44	30,39	26,88	1451,29
557	02.09.2025 08:19:16	1,71	4,46	30,39	26,88	1451,29
558	02.09.2025 08:19:17	1,67	4,47	30,39	26,85	1451,13
559	02.09.2025 08:19:18	1,63	4,50	30,47	26,88	1451,05
560	02.09.2025 08:19:19	1,63	4,52	30,47	26,88	1451,06
561	02.09.2025 08:19:20	1,60	4,56	30,50	26,87	1450,94
562	02.09.2025 08:19:21	1,60	4,59	30,50	26,87	1450,94
563	02.09.2025 08:19:22	1,60	4,61	30,50	26,87	1450,94
564	02.09.2025 08:19:23	1,56	4,63	30,54	26,87	1450,82
565	02.09.2025 08:19:24	1,56	4,66	30,54	26,87	1450,83
566	02.09.2025 08:19:25	1,56	4,68	30,54	26,87	1450,83
567	02.09.2025 08:19:26	1,52	4,73	30,57	26,87	1450,71
568	02.09.2025 08:19:27	1,52	4,75	30,57	26,87	1450,72
569	02.09.2025 08:19:28	1,52	4,78	30,61	26,90	1450,77
570	02.09.2025 08:19:29	1,52	4,82	30,57	26,87	1450,73
571	02.09.2025 08:19:30	1,52	4,86	30,61	26,90	1450,78
572	02.09.2025 08:19:31	1,48	4,89	30,65	26,90	1450,66
573	02.09.2025 08:19:32	1,48	4,91	30,65	26,90	1450,66
574	02.09.2025 08:19:33	1,48	4,94	30,65	26,90	1450,67
575	02.09.2025 08:19:34	1,48	4,98	30,65	26,90	1450,67
576	02.09.2025 08:19:35	1,48	5,02	30,65	26,90	1450,68
577	02.09.2025 08:19:36	1,44	5,05	30,68	26,90	1450,56
578	02.09.2025 08:19:37	1,44	5,07	30,72	26,93	1450,61
579	02.09.2025 08:19:38	1,44	5,10	30,72	26,93	1450,61
580	02.09.2025 08:19:39	1,44	5,14	30,72	26,93	1450,62
581	02.09.2025 08:19:40	1,44	5,17	30,72	26,93	1450,63
582	02.09.2025 08:19:41	1,44	5,21	30,68	26,90	1450,58
583	02.09.2025 08:19:42	1,44	5,25	30,68	26,90	1450,59
584	02.09.2025 08:19:43	1,40	5,26	30,72	26,90	1450,47
585	02.09.2025 08:19:44	1,40	5,30	30,72	26,90	1450,47
586	02.09.2025 08:19:45	1,36	5,33	30,76	26,90	1450,35
587	02.09.2025 08:19:46	1,36	5,37	30,76	26,90	1450,36
588	02.09.2025 08:19:47	1,36	5,40	30,76	26,90	1450,36
589	02.09.2025 08:19:48	1,32	5,44	30,79	26,90	1450,24
590	02.09.2025 08:19:49	1,32	5,45	30,79	26,90	1450,25
591	02.09.2025 08:19:50	1,32	5,49	30,79	26,90	1450,25
592	02.09.2025 08:19:51	1,28	5,50	30,79	26,87	1450,08
593	02.09.2025 08:19:52	1,28	5,54	30,83	26,90	1450,13
594	02.09.2025 08:19:53	1,28	5,58	30,83	26,90	1450,14
595	02.09.2025 08:19:54	1,25	5,59	30,83	26,87	1449,97
596	02.09.2025 08:19:55	1,25	5,61	30,83	26,87	1449,97
597	02.09.2025 08:19:56	1,25	5,65	30,83	26,87	1449,98
598	02.09.2025 08:19:57	1,21	5,64	30,87	26,87	1449,85
599	02.09.2025 08:19:58	1,21	5,68	30,90	26,90	1449,90
600	02.09.2025 08:19:59	1,21	5,72	30,90	26,90	1449,91
601	02.09.2025 08:20:00	1,21	5,72	30,90	26,90	1449,91
602	02.09.2025 08:20:01	1,17	5,71	30,94	26,90	1449,78
603	02.09.2025 08:20:02	1,17	5,75	30,94	26,90	1449,79
604	02.09.2025 08:20:03	1,13	5,76	30,98	26,89	1449,66
605	02.09.2025 08:20:04	1,13	5,78	31,02	26,92	1449,71
606	02.09.2025 08:20:05	1,13	5,80	31,01	26,92	1449,72
607	02.09.2025 08:20:06	1,09	5,80	31,09	26,95	1449,64
608	02.09.2025 08:20:07	1,09	5,80	31,12	26,98	1449,68
609	02.09.2025 08:20:08	1,09	5,82	31,12	26,98	1449,69
610	02.09.2025 08:20:09	1,09	5,80	31,12	26,98	1449,68
611	02.09.2025 08:20:10	1,05	5,81	31,16	26,98	1449,56
612	02.09.2025 08:20:11	1,05	5,81	31,16	26,98	1449,56
613	02.09.2025 08:20:12	1,05	5,81	31,16	26,98	1449,56
614	02.09.2025 08:20:13	1,05	5,81	31,16	26,98	1449,56
615	02.09.2025 08:20:14	1,05	5,83	31,16	26,98	1449,56
616	02.09.2025 08:20:15	1,05	5,83	31,16	26,98	1449,56
617	02.09.2025 08:20:16	1,01	5,83	31,20	26,98	1449,44
618	02.09.2025 08:20:17	1,01	5,83	31,20	26,98	1449,44
619	02.09.2025 08:20:18	1,01	5,85	31,20	26,98	1449,44
620	02.09.2025 08:20:19	1,01	5,85	31,20	26,98	1449,44
621	02.09.2025 08:20:20	1,01	5,83	31,20	26,98	1449,44
622	02.09.2025 08:20:21	1,01	5,85	31,20	26,98	1449,44
623	02.09.2025 08:20:22	1,01	5,85	31,20	26,98	1449,44
624	02.09.2025 08:20:23	1,01	5,83	31,24	27,00	1449,48
625	02.09.2025 08:20:24	0,97	5,84	31,28	27,00	1449,36
626	02.09.2025 08:20:25	0,97	5,83	31,28	27,00	1449,36
627	02.09.2025 08:20:26	0,97	5,84	31,28	27,00	1449,36
628	02.09.2025 08:20:27	0,97	5,84	31,28	27,00	1449,36
629	02.09.2025 08:20:28	0,97	5,84	31,28	27,00	1449,36
630	02.09.2025 08:20:29	0,97	5,84	31,28	27,00	1449,36
631	02.09.2025 08:20:30	0,97	5,84	31,24	26,98	1449,31
632	02.09.2025 08:20:31	0,97	5,84	31,28	27,00	1449,36
633	02.09.2025 08:20:32	0,97	5,84	31,24	26,98	1449,31
634	02.09.2025 08:20:33	0,93	5,84	31,32	27,00	1449,23
635	02.09.2025 08:20:34	0,93	5,84	31,31	27,00	1449,23
636	02.09.2025 08:20:35	0,97	5,84	31,28	27,00	1449,36
637	02.09.2025 08:20:36	0,93	5,84	31,31	27,00	1449,23
638	02.09.2025 08:20:37	0,93	5,84	31,35	27,03	1449,28
639	02.09.2025 08:20:38	0,93	5,84	31,31	27,00	1449,23
640	02.09.2025 08:20:39	0,93	5,84	31,31	27,00	1449,23
641	02.09.2025 08:20:40	0,93	5,86	31,31	27,00	1449,24
642	02.09.2025 08:20:41	0,93	5,86	31,31	27,00	1449,24
643	02.09.2025 08:20:42	0,93	5,84	31,31	27,00	1449,23
644	02.09.2025 08:20:43	0,93	5,84	31,31	27,00	1449,23
645	02.09.2025 08:20:44	0,93	5,84	31,31	27,00	1449,23
646	02.09.2025 08:20:45	0,93	5,84	31,31	27,00	1449,23
647	02.09.2025 08:20:46	0,93	5,84	31,31	27,00	1449,23
648	02.09.2025 08:20:47	0,93	5,84	31,31	27,00	1449,23
649	02.09.2025 08:20:48	0,93	5,84	31,31	27,00	1449,23
650	02.09.2025 08:20:49	0,93	5,82	31,31	27,00	1449,23
651	02.09.2025 08:20:50	0,93	5,84	31,31	27,00	1449,23
652	02.09.2025 08:20:51	0,89	5,84	31,39	27,03	1449,15
653	02.09.2025 08:20:52	0,89	5,84	31,35	27,00	1449,11
654	02.09.2025 08:20:53	0,89	5,84	31,35	27,00	1449,11
655	02.09.2025 08:20:54	0,89	5,84	31,35	27,00	1449,11
656	02.09.2025 08:20:55	0,89	5,84	31,35	27,00	1449,11
657	02.09.2025 08:20:56	0,89	5,82	31,35	27,00	1449,10
658	02.09.2025 08:20:57	0,89	5,82	31,35	27,00	1449,10
659	02.09.2025 08:20:58	0,89	5,84	31,35	27,00	1449,11
660	02.09.2025 08:20:59	0,89	5,84	31,35	27,00	1449,11
661	02.09.2025 08:21:00	0,89	5,84	31,35	27,00	1449,11
662	02.09.2025 08:21:01	0,89	5,82	31,35	27,00	1449,10
663	02.09.2025 08:21:02	0,89	5,82	31,35	27,00	1449,10
664	02.09.2025 08:21:03	0,89	5,82	31,35	27,00	1449,10
665	02.09.2025 08:21:04	0,89	5,84	31,35	27,00	1449,11
666	02.09.2025 08:21:05	0,89	5,82	31,35	27,00	1449,10
667	02.09.2025 08:21:06	0,89	5,82	31,35	27,00	1449,10
668	02.09.2025 08:21:07	0,89	5,84	31,35	27,00	1449,11
669	02.09.2025 08:21:08	0,89	5,84	31,35	27,00	1449,11
670	02.09.2025 08:21:09	0,89	5,82	31,35	27,00	1449,10
671	02.09.2025 08:21:10	0,89	5,82	31,35	27,00	1449,10
672	02.09.2025 08:21:11	0,89	5,82	31,35	27,00	1449,10
673	02.09.2025 08:21:12	0,89	5,82	31,35	27,00	1449,10
674	02.09.2025 08:21:13	0,89	5,82	31,35	27,00	1449,10
675	02.09.2025 08:21:14	0,85	5,82	31,39	27,00	1448,97
676	02.09.2025 08:21:15	0,89	5,82	31,35	27,00	1449,10
677	02.09.2025 08:21:16	0,89	5,82	31,35	27,00	1449,10
678	02.09.2025 08:21:17	0,89	5,82	31,35	27,00	1449,10
679	02.09.2025 08:21:18	0,85	5,82	31,43	27,03	1449,02
680	02.09.2025 08:21:19	0,85	5,82	31,39	27,00	1448,97
681	02.09.2025 08:21:20	0,85	5,82	31,39	27,00	1448,97
682	02.09.2025 08:21:21	0,85	5,82	31,39	27,00	1448,97
683	02.09.2025 08:21:22	0,85	5,84	31,39	27,00	1448,98
684	02.09.2025 08:21:23	0,85	5,84	31,39	27,00	1448,98
685	02.09.2025 08:21:24	0,85	5,84	31,43	27,03	1449,03
686	02.09.2025 08:21:25	0,85	5,82	31,39	27,00	1448,97
687	02.09.2025 08:21:26	0,85	5,86	31,39	27,00	1448,98
688	02.09.2025 08:21:27	0,85	5,84	31,39	27,00	1448,98
689	02.09.2025 08:21:28	0,85	5,84	31,39	27,00	1448,98
690	02.09.2025 08:21:29	0,85	5,84	31,43	27,03	1449,03
691	02.09.2025 08:21:30	0,85	5,84	31,39	27,00	1448,98
692	02.09.2025 08:21:31	0,85	5,84	31,39	27,00	1448,98
693	02.09.2025 08:21:32	0,85	5,84	31,39	27,00	1448,98
694	02.09.2025 08:21:33	0,85	5,84	31,39	27,00	1448,98
695	02.09.2025 08:21:34	0,85	5,86	31,43	27,03	1449,03
696	02.09.2025 08:21:35	0,85	5,86	31,43	27,03	1449,03
697	02.09.2025 08:21:36	0,85	5,84	31,39	27,00	1448,98
698	02.09.2025 08:21:37	0,85	5,86	31,39	27,00	1448,98
699	02.09.2025 08:21:38	0,85	5,86	31,39	27,00	1448,98
700	02.09.2025 08:21:39	0,85	5,86	31,39	27,00	1448,98
701	02.09.2025 08:21:40	0,85	5,84	31,39	27,00	1448,98
702	02.09.2025 08:21:41	0,85	5,84	31,39	27,00	1448,98
703	02.09.2025 08:21:42	0,85	5,84	31,39	27,00	1448,98
704	02.09.2025 08:21:43	0,85	5,84	31,39	27,00	1448,98
705	02.09.2025 08:21:44	0,85	5,84	31,39	27,00	1448,98
706	02.09.2025 08:21:45	0,85	5,84	31,43	27,03	1449,03
707	02.09.2025 08:21:46	0,85	5,84	31,39	27,00	1448,98
708	02.09.2025 08:21:47	0,85	5,84	31,39	27,00	1448,98
709	02.09.2025 08:21:48	0,85	5,84	31,39	27,00	1448,98
710	02.09.2025 08:21:49	0,85	5,86	31,39	27,00	1448,98
711	02.09.2025 08:21:50	0,85	5,86	31,39	27,00	1448,98
712	02.09.2025 08:21:51	0,85	5,84	31,39	27,00	1448,98
713	02.09.2025 08:21:52	0,85	5,86	31,39	27,00	1448,98
714	02.09.2025 08:21:53	0,85	5,86	31,43	27,03	1449,03
715	02.09.2025 08:21:54	0,85	5,86	31,43	27,03	1449,03
716	02.09.2025 08:21:55	0,85	5,84	31,43	27,03	1449,03
717	02.09.2025 08:21:56	0,85	5,86	31,39	27,00	1448,98
718	02.09.2025 08:21:57	0,85	5,84	31,39	27,00	1448,98
719	02.09.2025 08:21:58	0,85	5,86	31,39	27,00	1448,98
720	02.09.2025 08:21:59	0,85	5,86	31,39	27,00	1448,98
721	02.09.2025 08:22:00	0,85	5,86	31,39	27,00	1448,98
722	02.09.2025 08:22:01	0,85	5,86	31,39	27,00	1448,98
723	02.09.2025 08:22:02	0,85	5,86	31,39	27,00	1448,98
724	02.09.2025 08:22:03	0,85	5,86	31,39	27,00	1448,98
725	02.09.2025 08:22:04	0,85	5,86	31,39	27,00	1448,98
726	02.09.2025 08:22:05	0,85	5,86	31,39	27,00	1448,98
727	02.09.2025 08:22:06	0,85	5,86	31,39	27,00	1448,98
728	02.09.2025 08:22:07	0,85	5,86	31,39	27,00	1448,98
729	02.09.2025 08:22:08	0,85	5,86	31,39	27,00	1448,98
730	02.09.2025 08:22:09	0,85	5,86	31,39	27,00	1448,98
731	02.09.2025 08:22:10	0,85	5,86	31,39	27,00	1448,98
732	02.09.2025 08:22:11	0,85	5,86	31,39	27,00	1448,98
733	02.09.2025 08:22:12	0,85	5,86	31,39	27,00	1448,98
734	02.09.2025 08:22:13	0,85	5,86	31,39	27,00	1448,98
735	02.09.2025 08:22:14	0,85	5,86	31,39	27,00	1448,98
736	02.09.2025 08:22:15	0,85	5,87	31,39	27,00	1448,98
737	02.09.2025 08:22:16	0,85	5,87	31,39	27,00	1448,98
738	02.09.2025 08:22:17	0,85	5,86	31,39	27,00	1448,98
739	02.09.2025 08:22:18	0,85	5,86	31,39	27,00	1448,98
740	02.09.2025 08:22:19	0,85	5,86	31,39	27,00	1448,98
741	02.09.2025 08:22:20	0,85	5,87	31,39	27,00	1448,98
742	02.09.2025 08:22:21	0,85	5,86	31,39	27,00	1448,98
743	02.09.2025 08:22:22	0,85	5,86	31,39	27,00	1448,98
744	02.09.2025 08:22:23	0,85	5,87	31,43	27,03	1449,03
745	02.09.2025 08:22:24	0,85	5,87	31,43	27,03	1449,03
746	02.09.2025 08:22:25	0,85	5,87	31,39	27,00	1448,98
747	02.09.2025 08:22:26	0,85	5,87	31,39	27,00	1448,98
748	02.09.2025 08:22:27	0,85	5,86	31,43	27,03	1449,03
749	02.09.2025 08:22:28	0,85	5,87	31,39	27,00	1448,98
750	02.09.2025 08:22:29	0,85	5,86	31,39	27,00	1448,98
751	02.09.2025 08:22:30	0,85	5,86	31,39	27,00	1448,98
752	02.09.2025 08:22:31	0,85	5,87	31,39	27,00	1448,98
753	02.09.2025 08:22:32	0,85	5,86	31,43	27,03	1449,03
754	02.09.2025 08:22:33	0,85	5,86	31,39	27,00	1448,98
755	02.09.2025 08:22:34	0,85	5,86	31,39	27,00	1448,98
756	02.09.2025 08:22:35	0,85	5,86	31,43	27,03	1449,03
757	02.09.2025 08:22:36	0,85	5,86	31,39	27,00	1448,98
758	02.09.2025 08:22:37	0,85	5,86	31,39	27,00	1448,98
759	02.09.2025 08:22:38	0,85	5,86	31,39	27,00	1448,98
760	02.09.2025 08:22:39	0,85	5,87	31,39	27,00	1448,98
761	02.09.2025 08:22:40	0,85	5,87	31,43	27,03	1449,03
762	02.09.2025 08:22:41	0,85	5,87	31,39	27,00	1448,98
763	02.09.2025 08:22:42	0,85	5,87	31,39	27,00	1448,98
764	02.09.2025 08:22:43	0,85	5,86	31,43	27,03	1449,03
765	02.09.2025 08:22:44	0,85	5,86	31,43	27,03	1449,03
766	02.09.2025 08:22:45	0,85	5,87	31,43	27,03	1449,03
767	02.09.2025 08:22:46	0,85	5,87	31,43	27,03	1449,03
768	02.09.2025 08:22:47	0,85	5,87	31,43	27,03	1449,03
769	02.09.2025 08:22:48	0,85	5,89	31,39	27,00	1448,99
770	02.09.2025 08:22:49	0,85	5,86	31,39	27,00	1448,98
771	02.09.2025 08:22:50	0,85	5,87	31,43	27,03	1449,03
772	02.09.2025 08:22:51	0,85	5,86	31,39	27,00	1448,98
773	02.09.2025 08:22:52	0,85	5,87	31,43	27,03	1449,03
774	02.09.2025 08:22:53	0,85	5,86	31,39	27,00	1448,98
775	02.09.2025 08:22:54	0,85	5,86	31,39	27,00	1448,98
776	02.09.2025 08:22:55	0,85	5,87	31,43	27,03	1449,03
777	02.09.2025 08:22:56	0,85	5,87	31,39	27,00	1448,98
778	02.09.2025 08:22:57	0,85	5,87	31,39	27,00	1448,98
779	02.09.2025 08:22:58	0,85	5,86	31,39	27,00	1448,98
780	02.09.2025 08:22:59	0,85	5,87	31,39	27,00	1448,98
781	02.09.2025 08:23:00	0,85	5,87	31,39	27,00	1448,98
782	02.09.2025 08:23:01	0,85	5,86	31,39	27,00	1448,98
783	02.09.2025 08:23:02	0,85	5,86	31,39	27,00	1448,98
784	02.09.2025 08:23:03	0,85	5,86	31,43	27,03	1449,03
785	02.09.2025 08:23:04	0,85	5,87	31,39	27,00	1448,98
786	02.09.2025 08:23:05	0,85	5,86	31,39	27,00	1448,98
787	02.09.2025 08:23:06	0,85	5,87	31,43	27,03	1449,03
788	02.09.2025 08:23:07	0,85	5,87	31,43	27,03	1449,03
789	02.09.2025 08:23:08	0,85	5,86	31,39	27,00	1448,98
790	02.09.2025 08:23:09	0,85	5,87	31,39	27,00	1448,98
791	02.09.2025 08:23:10	0,85	5,87	31,39	27,00	1448,98
792	02.09.2025 08:23:11	0,85	5,86	31,39	27,00	1448,98
793	02.09.2025 08:23:12	0,85	5,87	31,43	27,03	1449,03
794	02.09.2025 08:23:13	0,85	5,86	31,43	27,03	1449,03
795	02.09.2025 08:23:14	0,85	5,87	31,43	27,03	1449,03
796	02.09.2025 08:23:15	0,85	5,87	31,39	27,00	1448,98
797	02.09.2025 08:23:16	0,85	5,86	31,39	27,00	1448,98
798	02.09.2025 08:23:17	0,85	5,87	31,39	27,00	1448,98
799	02.09.2025 08:23:18	0,85	5,87	31,43	27,03	1449,03
800	02.09.2025 08:23:19	0,85	5,87	31,39	27,00	1448,98
801	02.09.2025 08:23:20	0,85	5,86	31,39	27,00	1448,98
802	02.09.2025 08:23:21	0,85	5,86	31,39	27,00	1448,98
803	02.09.2025 08:23:22	0,85	5,87	31,39	27,00	1448,98
804	02.09.2025 08:23:23	0,85	5,87	31,43	27,03	1449,03
805	02.09.2025 08:23:24	0,85	5,87	31,43	27,03	1449,03
806	02.09.2025 08:23:25	0,85	5,86	31,39	27,00	1448,98
807	02.09.2025 08:23:26	0,85	5,87	31,39	27,00	1448,98
808	02.09.2025 08:23:27	0,85	5,86	31,39	27,00	1448,98
809	02.09.2025 08:23:28	0,85	5,87	31,39	27,00	1448,98
810	02.09.2025 08:23:29	0,85	5,87	31,39	27,00	1448,98
811	02.09.2025 08:23:30	0,85	5,87	31,39	27,00	1448,98
812	02.09.2025 08:23:31	0,85	5,87	31,39	27,00	1448,98
813	02.09.2025 08:23:32	0,85	5,87	31,39	27,00	1448,98
814	02.09.2025 08:23:33	0,85	5,87	31,43	27,03	1449,03
815	02.09.2025 08:23:34	0,85	5,87	31,43	27,03	1449,03
816	02.09.2025 08:23:35	0,85	5,87	31,43	27,03	1449,03
817	02.09.2025 08:23:36	0,85	5,87	31,39	27,00	1448,98
818	02.09.2025 08:23:37	0,85	5,87	31,39	27,00	1448,98
819	02.09.2025 08:23:38	0,85	5,86	31,39	27,00	1448,98
820	02.09.2025 08:23:39	0,85	5,87	31,39	27,00	1448,98
821	02.09.2025 08:23:40	0,85	5,89	31,39	27,00	1448,99
822	02.09.2025 08:23:41	0,85	5,87	31,39	27,00	1448,98
823	02.09.2025 08:23:42	0,85	5,87	31,39	27,00	1448,98
824	02.09.2025 08:23:43	0,85	5,87	31,43	27,03	1449,03
825	02.09.2025 08:23:44	0,85	5,86	31,39	27,00	1448,98
826	02.09.2025 08:23:45	0,85	5,87	31,39	27,00	1448,98
827	02.09.2025 08:23:46	0,85	5,87	31,39	27,00	1448,98
828	02.09.2025 08:23:47	0,85	5,87	31,39	27,00	1448,98
829	02.09.2025 08:23:48	0,85	5,89	31,43	27,03	1449,03
830	02.09.2025 08:23:49	0,85	5,87	31,39	27,00	1448,98
831	02.09.2025 08:23:50	0,85	5,87	31,43	27,03	1449,03
832	02.09.2025 08:23:51	0,85	5,87	31,39	27,00	1448,98
833	02.09.2025 08:23:52	0,85	5,87	31,39	27,00	1448,98
834	02.09.2025 08:23:53	0,85	5,87	31,39	27,00	1448,98
835	02.09.2025 08:23:54	0,85	5,89	31,39	27,00	1448,99
836	02.09.2025 08:23:55	0,85	5,89	31,39	27,00	1448,99
837	02.09.2025 08:23:56	0,85	5,89	31,39	27,00	1448,99
838	02.09.2025 08:23:57	0,85	5,87	31,39	27,00	1448,98
839	02.09.2025 08:23:58	0,85	5,87	31,39	27,00	1448,98
840	02.09.2025 08:23:59	0,85	5,87	31,43	27,03	1449,03
841	02.09.2025 08:24:00	0,85	5,87	31,39	27,00	1448,98
842	02.09.2025 08:24:01	0,85	5,89	31,43	27,03	1449,03
843	02.09.2025 08:24:02	0,85	5,87	31,39	27,00	1448,98
844	02.09.2025 08:24:03	0,85	5,89	31,39	27,00	1448,99
845	02.09.2025 08:24:04	0,85	5,87	31,39	27,00	1448,98
846	02.09.2025 08:24:05	0,85	5,87	31,39	27,00	1448,98
847	02.09.2025 08:24:06	0,85	5,87	31,43	27,03	1449,03
848	02.09.2025 08:24:07	0,85	5,89	31,39	27,00	1448,99
849	02.09.2025 08:24:08	0,85	5,89	31,39	27,00	1448,99
850	02.09.2025 08:24:09	0,85	5,87	31,39	27,00	1448,98
851	02.09.2025 08:24:10	0,85	5,87	31,39	27,00	1448,98
852	02.09.2025 08:24:11	0,85	5,87	31,39	27,00	1448,98
853	02.09.2025 08:24:12	0,85	5,89	31,39	27,00	1448,99
854	02.09.2025 08:24:13	0,85	5,89	31,39	27,00	1448,99
855	02.09.2025 08:24:14	0,85	5,89	31,43	27,03	1449,03
856	02.09.2025 08:24:15	0,85	5,89	31,43	27,03	1449,03
857	02.09.2025 08:24:16	0,85	5,87	31,39	27,00	1448,98
858	02.09.2025 08:24:17	0,85	5,87	31,39	27,00	1448,98
859	02.09.2025 08:24:18	0,85	5,89	31,39	27,00	1448,99
860	02.09.2025 08:24:19	0,85	5,89	31,39	27,00	1448,99
861	02.09.2025 08:24:20	0,85	5,87	31,39	27,00	1448,98
862	02.09.2025 08:24:21	0,85	5,89	31,39	27,00	1448,99
863	02.09.2025 08:24:22	0,85	5,89	31,39	27,00	1448,99
864	02.09.2025 08:24:23	0,85	5,89	31,43	27,03	1449,03
865	02.09.2025 08:24:24	0,85	5,89	31,43	27,03	1449,03
866	02.09.2025 08:24:25	0,85	5,87	31,39	27,00	1448,98
867	02.09.2025 08:24:26	0,85	5,89	31,39	27,00	1448,99
868	02.09.2025 08:24:27	0,85	5,89	31,39	27,00	1448,99
869	02.09.2025 08:24:28	0,85	5,87	31,43	27,03	1449,03
870	02.09.2025 08:24:29	0,85	5,89	31,39	27,00	1448,99
871	02.09.2025 08:24:30	0,85	5,89	31,43	27,03	1449,03
872	02.09.2025 08:24:31	0,85	5,89	31,39	27,00	1448,99
873	02.09.2025 08:24:32	0,85	5,89	31,39	27,00	1448,99
874	02.09.2025 08:24:33	0,85	5,89	31,43	27,03	1449,03
875	02.09.2025 08:24:34	0,85	5,87	31,39	27,00	1448,98
876	02.09.2025 08:24:35	0,85	5,87	31,39	27,00	1448,98
877	02.09.2025 08:24:36	0,85	5,89	31,39	27,00	1448,99
878	02.09.2025 08:24:37	0,85	5,89	31,43	27,03	1449,03
879	02.09.2025 08:24:38	0,85	5,87	31,43	27,03	1449,03
880	02.09.2025 08:24:39	0,85	5,89	31,43	27,03	1449,03
881	02.09.2025 08:24:40	0,85	5,87	31,43	27,03	1449,03
882	02.09.2025 08:24:41	0,85	5,89	31,39	27,00	1448,99
883	02.09.2025 08:24:42	0,85	5,89	31,39	27,00	1448,99
884	02.09.2025 08:24:43	0,85	5,89	31,39	27,00	1448,99
885	02.09.2025 08:24:44	0,85	5,89	31,43	27,03	1449,03
886	02.09.2025 08:24:45	0,85	5,89	31,43	27,03	1449,03
887	02.09.2025 08:24:46	0,85	5,87	31,39	27,00	1448,98
888	02.09.2025 08:24:47	0,85	5,87	31,39	27,00	1448,98
889	02.09.2025 08:24:48	0,85	5,87	31,43	27,03	1449,03
890	02.09.2025 08:24:49	0,85	5,87	31,43	27,03	1449,03
891	02.09.2025 08:24:50	0,85	5,89	31,39	27,00	1448,99
892	02.09.2025 08:24:51	0,85	5,87	31,39	27,00	1448,98
893	02.09.2025 08:24:52	0,85	5,87	31,39	27,00	1448,98
894	02.09.2025 08:24:53	0,85	5,87	31,39	27,00	1448,98
895	02.09.2025 08:24:54	0,85	5,87	31,39	27,00	1448,98
896	02.09.2025 08:24:55	0,85	5,87	31,39	27,00	1448,98
897	02.09.2025 08:24:56	0,85	5,87	31,43	27,03	1449,03
898	02.09.2025 08:24:57	0,85	5,87	31,39	27,00	1448,98
899	02.09.2025 08:24:58	0,85	5,87	31,39	27,00	1448,98
900	02.09.2025 08:24:59	0,85	5,86	31,39	27,00	1448,98
901	02.09.2025 08:25:00	0,85	5,86	31,39	27,00	1448,98
902	02.09.2025 08:25:01	0,85	5,86	31,39	27,00	1448,98
903	02.09.2025 08:25:02	0,85	5,86	31,39	27,00	1448,98
904	02.09.2025 08:25:03	0,85	5,87	31,39	27,00	1448,98
905	02.09.2025 08:25:04	0,85	5,87	31,39	27,00	1448,98
906	02.09.2025 08:25:05	0,85	5,87	31,39	27,00	1448,98
907	02.09.2025 08:25:06	0,85	5,87	31,39	27,00	1448,98
908	02.09.2025 08:25:07	0,85	5,87	31,43	27,03	1449,03
909	02.09.2025 08:25:08	0,85	5,87	31,43	27,03	1449,03
910	02.09.2025 08:25:09	0,85	5,87	31,39	27,00	1448,98
911	02.09.2025 08:25:10	0,85	5,87	31,39	27,00	1448,98
912	02.09.2025 08:25:11	0,85	5,87	31,39	27,00	1448,98
913	02.09.2025 08:25:12	0,85	5,87	31,39	27,00	1448,98
914	02.09.2025 08:25:13	0,85	5,87	31,39	27,00	1448,98
915	02.09.2025 08:25:14	0,85	5,86	31,39	27,00	1448,98
916	02.09.2025 08:25:15	0,85	5,86	31,39	27,00	1448,98
917	02.09.2025 08:25:16	0,85	5,86	31,39	27,00	1448,98
918	02.09.2025 08:25:17	0,85	5,86	31,39	27,00	1448,98
919	02.09.2025 08:25:18	0,85	5,86	31,43	27,03	1449,03
920	02.09.2025 08:25:19	0,85	5,89	31,39	27,00	1448,99
921	02.09.2025 08:25:20	0,85	5,89	31,39	27,00	1448,99
922	02.09.2025 08:25:21	0,85	5,89	31,39	27,00	1448,99
923	02.09.2025 08:25:22	0,85	5,91	31,39	27,00	1448,99
924	02.09.2025 08:25:23	0,85	5,91	31,43	27,03	1449,04
925	02.09.2025 08:25:24	0,85	5,91	31,39	27,00	1448,99
926	02.09.2025 08:25:25	0,85	5,89	31,39	27,00	1448,99
927	02.09.2025 08:25:26	0,85	5,91	31,39	27,00	1448,99
928	02.09.2025 08:25:27	0,85	5,89	31,43	27,03	1449,03
929	02.09.2025 08:25:28	0,85	5,89	31,39	27,00	1448,99
930	02.09.2025 08:25:29	0,85	5,89	31,39	27,00	1448,99
931	02.09.2025 08:25:30	0,85	5,89	31,39	27,00	1448,99
932	02.09.2025 08:25:31	0,85	5,87	31,39	27,00	1448,98
933	02.09.2025 08:25:32	0,85	5,87	31,39	27,00	1448,98
934	02.09.2025 08:25:33	0,85	5,84	31,39	27,00	1448,98
935	02.09.2025 08:25:34	0,85	5,82	31,39	27,00	1448,97
936	02.09.2025 08:25:35	0,85	5,80	31,36	26,97	1448,92
937	02.09.2025 08:25:36	0,85	5,78	31,32	26,95	1448,87
938	02.09.2025 08:25:37	0,85	5,75	31,28	26,92	1448,82
939	02.09.2025 08:25:38	0,81	5,75	31,29	26,89	1448,64
940	02.09.2025 08:25:39	0,85	5,71	31,25	26,89	1448,77
941	02.09.2025 08:25:40	0,81	5,67	31,29	26,89	1448,63
942	02.09.2025 08:25:41	0,81	5,64	31,29	26,89	1448,63
943	02.09.2025 08:25:42	0,85	5,60	31,21	26,86	1448,70
944	02.09.2025 08:25:43	0,85	5,59	31,21	26,86	1448,70
945	02.09.2025 08:25:44	0,85	5,55	31,21	26,86	1448,69
946	02.09.2025 08:25:45	0,85	5,52	31,25	26,89	1448,74
947	02.09.2025 08:25:46	0,85	5,48	31,25	26,89	1448,73
948	02.09.2025 08:25:47	0,85	5,48	31,25	26,89	1448,73
949	02.09.2025 08:25:48	0,89	5,46	31,21	26,89	1448,86
950	02.09.2025 08:25:49	0,89	5,45	31,21	26,89	1448,85
951	02.09.2025 08:25:50	0,89	5,43	31,18	26,86	1448,80
952	02.09.2025 08:25:51	0,89	5,41	31,21	26,89	1448,85
953	02.09.2025 08:25:52	0,93	5,39	31,17	26,89	1448,97
954	02.09.2025 08:25:53	0,93	5,38	31,17	26,89	1448,97
955	02.09.2025 08:25:54	0,93	5,38	31,17	26,89	1448,97
956	02.09.2025 08:25:55	0,93	5,36	31,17	26,89	1448,97
957	02.09.2025 08:25:56	0,93	5,36	31,17	26,89	1448,97
958	02.09.2025 08:25:57	0,93	5,34	31,17	26,89	1448,96
959	02.09.2025 08:25:58	0,97	5,34	31,13	26,89	1449,09
960	02.09.2025 08:25:59	0,97	5,34	31,13	26,89	1449,09
961	02.09.2025 08:26:00	0,97	5,33	31,13	26,89	1449,09
962	02.09.2025 08:26:01	0,97	5,33	31,13	26,89	1449,09
963	02.09.2025 08:26:02	0,97	5,33	31,13	26,89	1449,09
964	02.09.2025 08:26:03	0,97	5,33	31,13	26,89	1449,09
965	02.09.2025 08:26:04	0,97	5,33	31,13	26,89	1449,09
966	02.09.2025 08:26:05	0,97	5,33	31,13	26,89	1449,09
967	02.09.2025 08:26:06	0,97	5,31	31,13	26,89	1449,09
968	02.09.2025 08:26:07	0,97	5,34	31,13	26,89	1449,09
969	02.09.2025 08:26:08	0,97	5,34	31,13	26,89	1449,09
970	02.09.2025 08:26:09	0,97	5,34	31,13	26,89	1449,09
971	02.09.2025 08:26:10	0,97	5,34	31,13	26,89	1449,09
972	02.09.2025 08:26:11	0,97	5,34	31,13	26,89	1449,09
973	02.09.2025 08:26:12	1,01	5,35	31,10	26,89	1449,22
974	02.09.2025 08:26:13	0,97	5,36	31,14	26,89	1449,09
975	02.09.2025 08:26:14	0,97	5,36	31,13	26,89	1449,09
976	02.09.2025 08:26:15	0,97	5,36	31,13	26,89	1449,09
977	02.09.2025 08:26:16	0,97	5,38	31,13	26,89	1449,10
978	02.09.2025 08:26:17	0,97	5,38	31,13	26,89	1449,10
979	02.09.2025 08:26:18	0,97	5,38	31,13	26,89	1449,10
980	02.09.2025 08:26:19	0,97	5,40	31,13	26,89	1449,10
981	02.09.2025 08:26:20	0,97	5,40	31,10	26,86	1449,05
982	02.09.2025 08:26:21	0,97	5,40	31,13	26,89	1449,10
983	02.09.2025 08:26:22	0,97	5,40	31,13	26,89	1449,10
984	02.09.2025 08:26:23	0,97	5,40	31,13	26,89	1449,10
985	02.09.2025 08:26:24	0,97	5,40	31,13	26,89	1449,10
986	02.09.2025 08:26:25	0,97	5,40	31,13	26,89	1449,10
987	02.09.2025 08:26:26	0,97	5,40	31,13	26,89	1449,10
988	02.09.2025 08:26:27	1,01	5,38	31,10	26,89	1449,22
989	02.09.2025 08:26:28	1,01	5,40	31,10	26,89	1449,23
990	02.09.2025 08:26:29	1,01	5,40	31,10	26,89	1449,23
991	02.09.2025 08:26:30	1,01	5,40	31,10	26,89	1449,23
992	02.09.2025 08:26:31	1,01	5,38	31,10	26,89	1449,22
993	02.09.2025 08:26:32	1,01	5,38	31,10	26,89	1449,22
994	02.09.2025 08:26:33	1,01	5,38	31,10	26,89	1449,22
995	02.09.2025 08:26:34	1,01	5,36	31,10	26,89	1449,22
996	02.09.2025 08:26:35	1,01	5,36	31,10	26,89	1449,22
997	02.09.2025 08:26:36	1,01	5,36	31,10	26,89	1449,22
998	02.09.2025 08:26:37	1,01	5,35	31,10	26,89	1449,22
999	02.09.2025 08:26:38	1,01	5,35	31,10	26,89	1449,22
1000	02.09.2025 08:26:39	1,01	5,35	31,10	26,89	1449,22
1001	02.09.2025 08:26:40	1,01	5,33	31,10	26,89	1449,22
1002	02.09.2025 08:26:41	1,01	5,31	31,10	26,89	1449,21
1003	02.09.2025 08:26:42	1,01	5,31	31,10	26,89	1449,21
1004	02.09.2025 08:26:43	1,01	5,29	31,10	26,89	1449,21
1005	02.09.2025 08:26:44	1,01	5,29	31,10	26,89	1449,21
1006	02.09.2025 08:26:45	1,01	5,26	31,10	26,89	1449,20
1007	02.09.2025 08:26:46	1,05	5,28	31,09	26,92	1449,38
1008	02.09.2025 08:26:47	1,05	5,26	31,09	26,92	1449,38
1009	02.09.2025 08:26:48	1,05	5,24	31,09	26,92	1449,38
1010	02.09.2025 08:26:49	1,05	5,24	31,09	26,92	1449,38
1011	02.09.2025 08:26:50	1,05	5,22	31,13	26,95	1449,42
1012	02.09.2025 08:26:51	1,05	5,22	31,13	26,95	1449,42
1013	02.09.2025 08:26:52	1,09	5,23	31,09	26,95	1449,55
1014	02.09.2025 08:26:53	1,09	5,19	31,09	26,95	1449,54
1015	02.09.2025 08:26:54	1,09	5,17	31,09	26,95	1449,54
1016	02.09.2025 08:26:55	1,13	5,16	31,09	26,98	1449,71
1017	02.09.2025 08:26:56	1,13	5,16	31,09	26,98	1449,71
1018	02.09.2025 08:26:57	1,13	5,12	31,09	26,98	1449,71
1019	02.09.2025 08:26:58	1,13	5,10	31,09	26,98	1449,70
1020	02.09.2025 08:26:59	1,17	5,09	31,05	26,98	1449,83
1021	02.09.2025 08:27:00	1,17	5,09	31,05	26,98	1449,83
1022	02.09.2025 08:27:01	1,17	5,07	31,05	26,98	1449,82
1023	02.09.2025 08:27:02	1,17	5,05	31,09	27,01	1449,87
1024	02.09.2025 08:27:03	1,17	5,07	31,09	27,01	1449,87
1025	02.09.2025 08:27:04	1,21	5,04	31,05	27,01	1449,99
1026	02.09.2025 08:27:05	1,21	5,04	31,05	27,01	1449,99
1027	02.09.2025 08:27:06	1,21	5,04	31,05	27,01	1449,99
1028	02.09.2025 08:27:07	1,21	5,00	31,05	27,01	1449,99
1029	02.09.2025 08:27:08	1,21	4,98	31,05	27,01	1449,98
1030	02.09.2025 08:27:09	1,21	4,95	31,02	26,98	1449,93
1031	02.09.2025 08:27:10	1,21	4,95	31,02	26,98	1449,93
1032	02.09.2025 08:27:11	1,21	4,93	31,02	26,98	1449,93
1033	02.09.2025 08:27:12	1,21	4,91	31,02	26,98	1449,93
1034	02.09.2025 08:27:13	1,21	4,87	31,02	26,98	1449,92
1035	02.09.2025 08:27:14	1,21	4,86	30,98	26,95	1449,87
1036	02.09.2025 08:27:15	1,21	4,84	30,98	26,95	1449,87
1037	02.09.2025 08:27:16	1,21	4,80	30,94	26,92	1449,81
1038	02.09.2025 08:27:17	1,21	4,78	30,94	26,92	1449,81
1039	02.09.2025 08:27:18	1,21	4,77	30,94	26,92	1449,81
1040	02.09.2025 08:27:19	1,21	4,75	30,94	26,92	1449,81
1041	02.09.2025 08:27:20	1,21	4,70	30,95	26,92	1449,80
1042	02.09.2025 08:27:21	1,21	4,68	30,95	26,92	1449,79
1043	02.09.2025 08:27:22	1,21	4,64	30,95	26,92	1449,79
1044	02.09.2025 08:27:23	1,21	4,61	30,95	26,92	1449,78
1045	02.09.2025 08:27:24	1,21	4,59	30,98	26,95	1449,83
1046	02.09.2025 08:27:25	1,21	4,57	30,98	26,95	1449,83
1047	02.09.2025 08:27:26	1,21	4,53	31,02	26,98	1449,87
1048	02.09.2025 08:27:27	1,25	4,52	30,98	26,98	1449,99
1049	02.09.2025 08:27:28	1,25	4,48	30,98	26,98	1449,99
1050	02.09.2025 08:27:29	1,25	4,46	30,98	26,98	1449,98
1051	02.09.2025 08:27:30	1,25	4,43	30,98	26,98	1449,98
1052	02.09.2025 08:27:31	1,25	4,41	30,98	26,98	1449,97
1053	02.09.2025 08:27:32	1,25	4,38	30,98	26,98	1449,97
1054	02.09.2025 08:27:33	1,28	4,34	30,94	26,98	1450,09
1055	02.09.2025 08:27:34	1,28	4,32	30,98	27,01	1450,13
1056	02.09.2025 08:27:35	1,28	4,29	30,98	27,01	1450,13
1057	02.09.2025 08:27:36	1,28	4,27	30,94	26,98	1450,08
1058	02.09.2025 08:27:37	1,28	4,25	30,94	26,98	1450,08
1059	02.09.2025 08:27:38	1,28	4,22	30,94	26,98	1450,07
1060	02.09.2025 08:27:39	1,28	4,18	30,98	27,01	1450,11
1061	02.09.2025 08:27:40	1,28	4,14	30,98	27,01	1450,11
1062	02.09.2025 08:27:41	1,28	4,11	30,98	27,01	1450,10
1063	02.09.2025 08:27:42	1,28	4,09	30,98	27,01	1450,10
1064	02.09.2025 08:27:43	1,32	4,06	30,94	27,01	1450,22
1065	02.09.2025 08:27:44	1,32	4,02	30,94	27,01	1450,21
1066	02.09.2025 08:27:45	1,32	4,00	30,94	27,01	1450,21
1067	02.09.2025 08:27:46	1,32	3,99	30,94	27,01	1450,21
1068	02.09.2025 08:27:47	1,32	3,95	30,98	27,04	1450,25
1069	02.09.2025 08:27:48	1,32	3,91	30,98	27,04	1450,24
1070	02.09.2025 08:27:49	1,32	3,88	30,98	27,04	1450,24
1071	02.09.2025 08:27:50	1,32	3,84	30,98	27,04	1450,23
1072	02.09.2025 08:27:51	1,36	3,83	30,98	27,07	1450,40
1073	02.09.2025 08:27:52	1,36	3,79	30,94	27,04	1450,35
1074	02.09.2025 08:27:53	1,36	3,76	30,98	27,07	1450,39
1075	02.09.2025 08:27:54	1,36	3,74	30,98	27,07	1450,39
1076	02.09.2025 08:27:55	1,36	3,72	30,98	27,07	1450,38
1077	02.09.2025 08:27:56	1,36	3,68	30,98	27,07	1450,38
1078	02.09.2025 08:27:57	1,36	3,68	30,98	27,07	1450,38
1079	02.09.2025 08:27:58	1,40	3,65	30,94	27,07	1450,50
1080	02.09.2025 08:27:59	1,40	3,60	30,94	27,07	1450,49
1081	02.09.2025 08:28:00	1,40	3,58	30,98	27,10	1450,53
1082	02.09.2025 08:28:01	1,40	3,54	30,98	27,10	1450,53
1083	02.09.2025 08:28:02	1,40	3,49	30,98	27,10	1450,52
1084	02.09.2025 08:28:03	1,40	3,47	30,94	27,07	1450,47
1085	02.09.2025 08:28:04	1,44	3,44	30,94	27,10	1450,64
1086	02.09.2025 08:28:05	1,44	3,40	30,90	27,07	1450,59
1087	02.09.2025 08:28:06	1,44	3,37	30,90	27,07	1450,58
1088	02.09.2025 08:28:07	1,44	3,33	31,05	27,18	1450,76
1089	02.09.2025 08:28:08	1,48	3,30	31,08	27,24	1450,98
1090	02.09.2025 08:28:09	1,52	3,25	31,08	27,27	1451,14
1091	02.09.2025 08:28:10	1,56	3,21	31,11	27,33	1451,35
1092	02.09.2025 08:28:11	1,60	3,16	31,11	27,35	1451,51
1093	02.09.2025 08:28:12	1,63	3,13	31,14	27,41	1451,72
1094	02.09.2025 08:28:13	1,71	3,08	31,07	27,41	1451,96
1095	02.09.2025 08:28:14	1,75	3,03	31,10	27,47	1452,17
1096	02.09.2025 08:28:15	1,79	2,99	31,13	27,53	1452,38
1097	02.09.2025 08:28:16	1,83	2,94	31,20	27,61	1452,63
1098	02.09.2025 08:28:17	1,90	2,91	31,20	27,67	1452,96
1099	02.09.2025 08:28:18	1,98	2,86	31,16	27,70	1453,25
1100	02.09.2025 08:28:19	2,06	2,83	31,15	27,76	1453,57
1101	02.09.2025 08:28:20	2,10	2,76	31,15	27,79	1453,73
1102	02.09.2025 08:28:21	2,17	2,73	31,08	27,79	1453,97
1103	02.09.2025 08:28:22	2,21	2,69	31,11	27,84	1454,17
1104	02.09.2025 08:28:23	2,29	2,63	31,04	27,84	1454,40
1105	02.09.2025 08:28:24	2,33	2,59	31,11	27,93	1454,65
1106	02.09.2025 08:28:25	2,40	2,56	31,04	27,93	1454,88
1107	02.09.2025 08:28:26	2,48	2,51	30,97	27,93	1455,12
1108	02.09.2025 08:28:27	2,52	2,48	31,00	27,99	1455,32
1109	02.09.2025 08:28:28	2,55	2,43	30,96	27,99	1455,43
1110	02.09.2025 08:28:29	2,59	2,37	30,99	28,05	1455,63
1111	02.09.2025 08:28:30	2,67	2,34	30,96	28,08	1455,91
1112	02.09.2025 08:28:31	2,71	2,29	30,99	28,13	1456,11
1113	02.09.2025 08:28:32	2,78	2,24	31,06	28,25	1456,51
1114	02.09.2025 08:28:33	2,86	2,23	31,05	28,31	1456,83
1115	02.09.2025 08:28:34	2,93	2,18	31,05	28,36	1457,15
1116	02.09.2025 08:28:35	3,01	2,13	31,18	28,53	1457,64
1117	02.09.2025 08:28:36	3,12	2,10	31,18	28,62	1458,11
1118	02.09.2025 08:28:37	3,23	2,05	31,31	28,82	1458,75
1119	02.09.2025 08:28:38	3,34	2,06	31,98	29,47	1460,11
1120	02.09.2025 08:28:39	3,60	1,98	31,63	29,39	1460,74
1121	02.09.2025 08:28:40	3,82	1,90	31,55	29,50	1461,58
1122	02.09.2025 08:28:41	3,97	1,86	31,54	29,62	1462,18
1123	02.09.2025 08:28:42	4,15	1,83	31,57	29,79	1462,98
1124	02.09.2025 08:28:43	4,34	1,79	31,60	29,96	1463,77
1125	02.09.2025 08:28:44	4,48	1,70	31,53	30,02	1464,27
1126	02.09.2025 08:28:45	4,66	1,69	31,42	30,08	1464,89
1127	02.09.2025 08:28:46	4,77	1,66	31,36	30,11	1465,25
1128	02.09.2025 08:28:47	4,92	1,65	31,25	30,14	1465,71
1129	02.09.2025 08:28:48	5,02	1,60	31,29	30,26	1466,19
1130	02.09.2025 08:28:49	5,09	1,57	31,35	30,37	1466,56
1131	02.09.2025 08:28:50	5,24	1,56	31,31	30,46	1467,10
1132	02.09.2025 08:28:51	5,38	1,53	31,21	30,49	1467,55
1133	02.09.2025 08:28:52	5,49	1,52	31,15	30,52	1467,90
1134	02.09.2025 08:28:53	5,59	1,51	31,08	30,55	1468,24
1135	02.09.2025 08:28:54	5,70	1,49	31,02	30,58	1468,59
1136	02.09.2025 08:28:55	5,77	1,50	30,99	30,61	1468,84
1137	02.09.2025 08:28:56	5,88	1,47	30,90	30,61	1469,14
1138	02.09.2025 08:28:57	5,95	1,44	30,86	30,64	1469,38
1139	02.09.2025 08:28:58	6,02	1,46	30,83	30,67	1469,62
1140	02.09.2025 08:28:59	6,09	1,42	30,89	30,78	1469,98
1141	02.09.2025 08:29:00	6,16	1,43	30,96	30,90	1470,34
1142	02.09.2025 08:29:01	6,30	1,43	31,02	31,07	1470,98
1143	02.09.2025 08:29:02	6,40	1,39	31,17	31,29	1471,59
1144	02.09.2025 08:29:03	6,58	1,43	31,60	31,83	1472,83
1145	02.09.2025 08:29:04	6,78	1,40	31,72	32,11	1473,80
1146	02.09.2025 08:29:05	7,06	1,38	31,71	32,34	1474,87
1147	02.09.2025 08:29:06	7,30	1,38	32,05	32,85	1476,23
1148	02.09.2025 08:29:07	7,61	1,37	33,18	34,17	1478,85
1149	02.09.2025 08:29:08	8,08	1,40	33,70	35,08	1481,32
1150	02.09.2025 08:29:09	8,69	1,35	33,90	35,81	1483,83
1151	02.09.2025 08:29:10	9,28	1,26	33,47	35,94	1485,50
1152	02.09.2025 08:29:11	9,78	1,14	33,16	36,09	1486,90
1153	02.09.2025 08:29:12	10,20	1,05	32,84	36,16	1488,03
1154	02.09.2025 08:29:13	10,53	1,03	32,61	36,22	1488,91
1155	02.09.2025 08:29:14	10,82	1,01	32,58	36,45	1489,91
1156	02.09.2025 08:29:15	11,11	0,97	32,44	36,57	1490,75
1157	02.09.2025 08:29:16	11,36	0,93	32,31	36,66	1491,48
1158	02.09.2025 08:29:17	11,59	0,90	32,20	36,75	1492,13
1159	02.09.2025 08:29:18	11,81	0,88	32,12	36,86	1492,80
1160	02.09.2025 08:29:19	12,03	0,85	31,93	36,87	1493,34
1161	02.09.2025 08:29:20	12,25	0,83	31,94	37,07	1494,10
1162	02.09.2025 08:29:21	12,44	0,84	31,83	37,13	1494,62
1163	02.09.2025 08:29:22	12,66	0,81	31,79	37,27	1495,31
1164	02.09.2025 08:29:23	12,88	0,77	31,63	37,30	1495,86
1165	02.09.2025 08:29:24	13,07	0,76	31,48	37,31	1496,31
1166	02.09.2025 08:29:25	13,26	0,75	31,35	37,34	1496,78
1167	02.09.2025 08:29:26	13,41	0,71	31,21	37,32	1497,11
1168	02.09.2025 08:29:27	13,54	0,69	31,11	37,32	1497,41
1169	02.09.2025 08:29:28	13,66	0,68	31,03	37,35	1497,73
1170	02.09.2025 08:29:29	13,78	0,67	30,96	37,38	1498,05
1171	02.09.2025 08:29:30	13,91	0,64	30,86	37,38	1498,34
1172	02.09.2025 08:29:31	14,03	0,61	30,77	37,39	1498,63
1173	02.09.2025 08:29:32	14,12	0,62	30,70	37,39	1498,84
1174	02.09.2025 08:29:33	14,25	0,60	30,63	37,42	1499,16
1175	02.09.2025 08:29:34	14,34	0,59	30,53	37,39	1499,35
1176	02.09.2025 08:29:35	14,43	0,58	30,46	37,39	1499,56
1177	02.09.2025 08:29:36	14,52	0,56	30,39	37,40	1499,77
1178	02.09.2025 08:29:37	14,65	0,55	30,34	37,45	1500,12
1179	02.09.2025 08:29:38	14,77	0,54	30,28	37,48	1500,43
1180	02.09.2025 08:29:39	14,89	0,51	30,18	37,49	1500,71
1181	02.09.2025 08:29:40	15,01	0,50	30,09	37,49	1500,99
1182	02.09.2025 08:29:41	15,10	0,49	30,02	37,49	1501,20
1183	02.09.2025 08:29:42	15,20	0,47	29,96	37,49	1501,41
1184	02.09.2025 08:29:43	15,29	0,46	29,91	37,52	1501,65
1185	02.09.2025 08:29:44	15,38	0,42	29,82	37,50	1501,83
1186	02.09.2025 08:29:45	15,47	0,42	29,75	37,50	1502,04
1187	02.09.2025 08:29:46	15,53	0,40	29,71	37,50	1502,17
1188	02.09.2025 08:29:47	15,59	0,38	29,66	37,50	1502,31
1189	02.09.2025 08:29:48	15,65	0,37	29,62	37,50	1502,45
1190	02.09.2025 08:29:49	15,71	0,35	29,57	37,50	1502,58
1191	02.09.2025 08:29:50	15,80	0,35	29,51	37,50	1502,79
1192	02.09.2025 08:29:51	15,86	0,33	29,46	37,51	1502,93
1193	02.09.2025 08:29:52	15,92	0,31	29,42	37,51	1503,06
1194	02.09.2025 08:29:53	15,99	0,28	29,38	37,51	1503,20
1195	02.09.2025 08:29:54	16,02	0,28	29,35	37,51	1503,26
1196	02.09.2025 08:29:55	16,08	0,28	29,31	37,51	1503,40
1197	02.09.2025 08:29:56	16,14	0,26	29,27	37,51	1503,54
1198	02.09.2025 08:29:57	16,20	0,24	29,22	37,51	1503,67
1199	02.09.2025 08:29:58	16,23	0,22	29,20	37,51	1503,74
1200	02.09.2025 08:29:59	16,29	0,21	29,13	37,49	1503,84
1201	02.09.2025 08:30:00	16,32	0,19	29,11	37,49	1503,91
1202	02.09.2025 08:30:01	16,38	0,17	29,07	37,49	1504,04
1203	02.09.2025 08:30:02	16,41	0,13	29,05	37,49	1504,11
1204	02.09.2025 08:30:03	16,44	0,13	29,03	37,49	1504,18
1205	02.09.2025 08:30:04	16,50	0,12	28,99	37,49	1504,31
1206	02.09.2025 08:30:05	16,53	0,10	28,96	37,49	1504,37
1207	02.09.2025 08:30:06	16,56	0,08	28,94	37,49	1504,44
1208	02.09.2025 08:30:07	16,62	0,06	28,90	37,49	1504,57
1209	02.09.2025 08:30:08	16,65	0,04	28,88	37,49	1504,64
1210	02.09.2025 08:30:09	16,68	0,03	28,86	37,49	1504,70
1211	02.09.2025 08:30:10	16,71	0,01	28,84	37,49	1504,77
1212	02.09.2025 08:30:11	16,74	-0,01	28,82	37,49	1504,83
1213	02.09.2025 08:30:12	16,77	-0,01	28,80	37,50	1504,90
1214	02.09.2025 08:30:13	16,83	-0,03	28,75	37,50	1505,03
1215	02.09.2025 08:30:14	16,86	-0,06	28,73	37,50	1505,10
1216	02.09.2025 08:30:15	16,89	-0,08	28,71	37,50	1505,16
1217	02.09.2025 08:30:16	16,92	-0,08	28,69	37,50	1505,23
1218	02.09.2025 08:30:17	16,95	-0,12	28,67	37,50	1505,29
1219	02.09.2025 08:30:18	16,95	-0,12	28,67	37,50	1505,29
1220	02.09.2025 08:30:19	16,98	-0,12	28,65	37,50	1505,36
1221	02.09.2025 08:30:20	17,01	-0,12	28,63	37,50	1505,43
1222	02.09.2025 08:30:21	17,04	-0,12	28,58	37,47	1505,46
1223	02.09.2025 08:30:22	17,07	-0,12	28,56	37,47	1505,53
1224	02.09.2025 08:30:23	17,10	-0,12	28,57	37,50	1505,63
1225	02.09.2025 08:30:24	17,13	-0,10	28,54	37,50	1505,70
1226	02.09.2025 08:30:25	17,16	-0,10	28,52	37,50	1505,76
1227	02.09.2025 08:30:26	17,19	-0,10	28,48	37,47	1505,80
1228	02.09.2025 08:30:27	17,19	-0,12	28,50	37,50	1505,83
1229	02.09.2025 08:30:28	17,22	-0,10	28,48	37,50	1505,90
1230	02.09.2025 08:30:29	17,25	-0,10	28,44	37,48	1505,94
1231	02.09.2025 08:30:30	17,28	-0,12	28,42	37,48	1506,00
1232	02.09.2025 08:30:31	17,28	-0,10	28,42	37,48	1506,01
1233	02.09.2025 08:30:32	17,31	-0,10	28,40	37,48	1506,07
1234	02.09.2025 08:30:33	17,34	-0,10	28,38	37,48	1506,14
1235	02.09.2025 08:30:34	17,34	-0,10	28,38	37,48	1506,14
1236	02.09.2025 08:30:35	17,37	-0,12	28,36	37,48	1506,20
1237	02.09.2025 08:30:36	17,37	-0,10	28,38	37,51	1506,23
1238	02.09.2025 08:30:37	17,40	-0,10	28,34	37,48	1506,27
1239	02.09.2025 08:30:38	17,43	-0,10	28,32	37,48	1506,34
1240	02.09.2025 08:30:39	17,43	-0,10	28,32	37,48	1506,34
1241	02.09.2025 08:30:40	17,43	-0,10	28,32	37,48	1506,34
1242	02.09.2025 08:30:41	17,46	-0,08	28,30	37,48	1506,41
1243	02.09.2025 08:30:42	17,46	-0,08	28,30	37,48	1506,41
1244	02.09.2025 08:30:43	17,49	-0,08	28,28	37,48	1506,48
1245	02.09.2025 08:30:44	17,49	-0,08	28,28	37,48	1506,48
1246	02.09.2025 08:30:45	17,52	-0,08	28,25	37,48	1506,54
1247	02.09.2025 08:30:46	17,52	-0,08	28,26	37,48	1506,54
1248	02.09.2025 08:30:47	17,55	-0,08	28,23	37,48	1506,61
1249	02.09.2025 08:30:48	17,55	-0,08	28,23	37,48	1506,61
1250	02.09.2025 08:30:49	17,58	-0,10	28,21	37,48	1506,67
1251	02.09.2025 08:30:50	17,58	-0,08	28,21	37,48	1506,68
1252	02.09.2025 08:30:51	17,58	-0,08	28,21	37,48	1506,68
1253	02.09.2025 08:30:52	17,61	-0,06	28,19	37,48	1506,75
1254	02.09.2025 08:30:53	17,61	-0,08	28,19	37,48	1506,74
1255	02.09.2025 08:30:54	17,64	-0,10	28,17	37,48	1506,81
1256	02.09.2025 08:30:55	17,64	-0,08	28,17	37,48	1506,81
1257	02.09.2025 08:30:56	17,64	-0,08	28,17	37,48	1506,81
1258	02.09.2025 08:30:57	17,67	-0,08	28,15	37,48	1506,88
1259	02.09.2025 08:30:58	17,67	-0,08	28,15	37,48	1506,88
1260	02.09.2025 08:30:59	17,67	-0,08	28,15	37,48	1506,88
1261	02.09.2025 08:31:00	17,70	-0,08	28,13	37,48	1506,94
1262	02.09.2025 08:31:01	17,70	-0,08	28,13	37,48	1506,94
1263	02.09.2025 08:31:02	17,70	-0,10	28,13	37,48	1506,94
1264	02.09.2025 08:31:03	17,73	-0,10	28,11	37,48	1507,01
1265	02.09.2025 08:31:04	17,73	-0,08	28,11	37,48	1507,01
1266	02.09.2025 08:31:05	17,73	-0,08	28,11	37,48	1507,01
1267	02.09.2025 08:31:06	17,73	-0,08	28,11	37,48	1507,01
1268	02.09.2025 08:31:07	17,76	-0,10	28,09	37,48	1507,07
1269	02.09.2025 08:31:08	17,76	-0,12	28,09	37,49	1507,07
1270	02.09.2025 08:31:09	17,76	-0,10	28,02	37,40	1506,99
1271	02.09.2025 08:31:10	17,76	-0,10	27,25	36,47	1506,10
1272	02.09.2025 08:31:11	17,79	-0,08	28,07	37,49	1507,14
1273	02.09.2025 08:31:12	17,79	-0,08	28,03	37,43	1507,09
1274	02.09.2025 08:31:13	17,79	-0,08	28,07	37,49	1507,14
1275	02.09.2025 08:31:14	17,79	-0,08	28,07	37,49	1507,14
1276	02.09.2025 08:31:15	17,79	-0,08	28,07	37,49	1507,14
1277	02.09.2025 08:31:16	17,82	-0,08	28,05	37,49	1507,21
1278	02.09.2025 08:31:17	17,82	-0,06	28,05	37,49	1507,21
1279	02.09.2025 08:31:18	17,82	-0,06	28,05	37,49	1507,21
1280	02.09.2025 08:31:19	17,82	-0,06	28,03	37,46	1507,18
1281	02.09.2025 08:31:20	17,82	-0,08	28,05	37,49	1507,21
1282	02.09.2025 08:31:21	17,85	-0,08	28,03	37,49	1507,27
1283	02.09.2025 08:31:22	17,85	-0,08	28,03	37,49	1507,27
1284	02.09.2025 08:31:23	17,85	-0,08	28,03	37,49	1507,27
1285	02.09.2025 08:31:24	17,85	-0,10	28,03	37,49	1507,27
1286	02.09.2025 08:31:25	17,85	-0,08	28,03	37,49	1507,27
1287	02.09.2025 08:31:26	17,85	-0,08	27,87	37,29	1507,08
1288	02.09.2025 08:31:27	17,85	-0,08	27,47	36,81	1506,63
1289	02.09.2025 08:31:28	17,88	-0,10	26,00	35,04	1505,00
1290	02.09.2025 08:31:29	17,88	-0,10	7,21	10,82	1483,27
1291	02.09.2025 08:31:30	17,88	-0,08	16,20	22,80	1493,67
1292	02.09.2025 08:31:31	17,88	-0,08	17,55	24,52	1495,23
1293	02.09.2025 08:31:32	17,88	-0,08	19,21	26,63	1497,15
1294	02.09.2025 08:31:33	17,88	-0,08	19,25	26,69	1497,21
1295	02.09.2025 08:31:34	17,88	-0,08	19,23	26,66	1497,18
1296	02.09.2025 08:31:35	17,88	-0,08	19,21	26,63	1497,15
1297	02.09.2025 08:31:36	17,91	-0,08	19,29	26,75	1497,33
1298	02.09.2025 08:31:37	17,91	-0,08	27,92	37,40	1507,32
1299	02.09.2025 08:31:38	17,91	-0,08	27,99	37,49	1507,41
1300	02.09.2025 08:31:39	17,91	-0,08	23,20	31,64	1501,86
1301	02.09.2025 08:31:40	17,91	-0,10	23,43	31,92	1502,13
1302	02.09.2025 08:31:41	17,93	-0,08	22,94	31,33	1501,65
1303	02.09.2025 08:31:42	17,93	-0,10	23,53	32,06	1502,33
1304	02.09.2025 08:31:43	17,93	-0,10	23,48	32,01	1502,28
1305	02.09.2025 08:31:44	17,93	-0,10	23,48	32,01	1502,28
1306	02.09.2025 08:31:45	17,93	-0,10	4,31	6,71	1480,11
1307	02.09.2025 08:31:46	17,93	-0,10	2,21	3,59	1477,68
1308	02.09.2025 08:31:47	17,93	-0,10	0,65	1,12	1475,88
1309	02.09.2025 08:31:48	17,93	-0,08	0,75	1,29	1476,00
1310	02.09.2025 08:31:49	17,93	-0,08	1,02	1,72	1476,31
1311	02.09.2025 08:31:50	17,93	-0,06	1,58	2,61	1476,96
1312	02.09.2025 08:31:51	17,91	-0,08	1,75	2,87	1477,06
1313	02.09.2025 08:31:52	17,91	-0,08	1,81	2,96	1477,12
1314	02.09.2025 08:31:53	17,91	-0,08	1,71	2,81	1477,01
1315	02.09.2025 08:31:54	17,91	-0,10	0,63	1,09	1475,76
1316	02.09.2025 08:31:55	17,91	-0,10	1,35	2,25	1476,59
1317	02.09.2025 08:31:56	17,91	-0,08	1,24	2,08	1476,47
1318	02.09.2025 08:31:57	17,91	-0,06	1,35	2,25	1476,60
1319	02.09.2025 08:31:58	17,91	-0,08	0,97	1,64	1476,15
1320	02.09.2025 08:31:59	17,88	-0,08	1,28	2,14	1476,41
1321	02.09.2025 08:32:00	17,88	-0,08	0,35	0,62	1475,34
1322	02.09.2025 08:32:01	17,88	-0,06	0,29	0,51	1475,27
1323	02.09.2025 08:32:02	17,88	-0,06	0,27	0,48	1475,25
1324	02.09.2025 08:32:03	17,88	-0,06	0,14	0,25	1475,10
1325	02.09.2025 08:32:04	17,88	-0,06	0,09	0,16	1475,04
1326	02.09.2025 08:32:05	17,88	-0,06	0,03	0,04	1474,97
1327	02.09.2025 08:32:06	17,88	-0,06	0,01	0,02	1474,95
1328	02.09.2025 08:32:07	17,88	-0,06	0,01	0,00	1474,95
1329	02.09.2025 08:32:08	17,85	-0,06	0,01	0,00	1474,85
1330	02.09.2025 08:32:09	17,85	-0,05	0,01	0,00	1474,85
1331	02.09.2025 08:32:10	17,85	-0,05	0,01	0,00	1474,85
1332	02.09.2025 08:32:11	17,85	-0,06	0,01	0,00	1474,85
1333	02.09.2025 08:32:12	17,85	-0,05	0,01	0,00	1474,85
1334	02.09.2025 08:32:13	17,85	-0,06	0,01	0,00	1474,85
1335	02.09.2025 08:32:14	17,85	-0,06	0,01	0,00	1474,85
1336	02.09.2025 08:32:15	17,85	-0,05	0,01	0,00	1474,85
1337	02.09.2025 08:32:16	17,82	-0,06	0,01	0,00	1474,75
1338	02.09.2025 08:32:17	17,82	-0,06	0,01	0,00	1474,75
1339	02.09.2025 08:32:18	17,82	-0,05	0,01	0,00	1474,75
1340	02.09.2025 08:32:19	17,82	-0,06	0,01	0,00	1474,75
1341	02.09.2025 08:32:20	17,82	-0,06	0,01	0,00	1474,75
1342	02.09.2025 08:32:21	17,82	-0,06	0,01	0,00	1474,75
1343	02.09.2025 08:32:22	17,82	-0,06	0,01	0,00	1474,75
1344	02.09.2025 08:32:23	17,82	-0,05	0,01	0,00	1474,75
1345	02.09.2025 08:32:24	17,79	-0,06	0,01	0,00	1474,65
1346	02.09.2025 08:32:25	17,79	-0,06	0,01	0,00	1474,65
1347	02.09.2025 08:32:26	17,79	-0,05	0,01	0,00	1474,66
1348	02.09.2025 08:32:27	17,79	-0,06	0,01	0,00	1474,65
1349	02.09.2025 08:32:28	17,79	-0,05	0,01	0,00	1474,66
1350	02.09.2025 08:32:29	17,79	-0,05	0,01	0,00	1474,66
1351	02.09.2025 08:32:30	17,79	-0,05	0,01	0,00	1474,66
1352	02.09.2025 08:32:31	17,79	-0,06	0,01	0,00	1474,65
1353	02.09.2025 08:32:32	17,76	-0,06	0,01	0,00	1474,56
1354	02.09.2025 08:32:33	17,76	-0,08	0,01	0,00	1474,55
1355	02.09.2025 08:32:34	17,76	-0,08	0,01	0,00	1474,55
1356	02.09.2025 08:32:35	17,76	-0,06	0,01	0,00	1474,56
1357	02.09.2025 08:32:36	17,76	-0,06	0,01	0,00	1474,56
1358	02.09.2025 08:32:37	17,76	-0,06	0,01	0,00	1474,56
1359	02.09.2025 08:32:38	17,76	-0,08	0,01	0,00	1474,55
1360	02.09.2025 08:32:39	17,76	-0,06	0,01	0,00	1474,56
1361	02.09.2025 08:32:40	17,73	-0,08	0,01	0,00	1474,45
1362	02.09.2025 08:32:41	17,73	-0,06	0,01	0,00	1474,46
1363	02.09.2025 08:32:42	17,73	-0,08	0,01	0,00	1474,45
1364	02.09.2025 08:32:43	17,73	-0,06	0,01	0,00	1474,46
1365	02.09.2025 08:32:44	17,73	-0,08	0,01	0,00	1474,45
1366	02.09.2025 08:32:45	17,73	-0,06	0,01	0,00	1474,46
1367	02.09.2025 08:32:46	17,73	-0,08	0,01	0,00	1474,45
1368	02.09.2025 08:32:47	17,73	-0,06	0,01	0,00	1474,46
1369	02.09.2025 08:32:48	17,73	-0,06	0,01	0,00	1474,46
1370	02.09.2025 08:32:49	17,73	-0,06	0,01	0,00	1474,46
1371	02.09.2025 08:32:50	17,70	-0,08	0,01	0,00	1474,36
1372	02.09.2025 08:32:51	17,70	-0,08	0,01	0,00	1474,36
1373	02.09.2025 08:32:52	17,70	-0,08	0,01	0,00	1474,36
1374	02.09.2025 08:32:53	17,70	-0,06	0,01	0,00	1474,36
1375	02.09.2025 08:32:54	17,70	-0,08	0,01	0,00	1474,36
1376	02.09.2025 08:32:55	17,70	-0,08	0,01	0,00	1474,36
1377	02.09.2025 08:32:56	17,70	-0,06	0,01	0,00	1474,36
1378	02.09.2025 08:32:57	17,70	-0,06	0,01	0,00	1474,36
1379	02.09.2025 08:32:58	17,70	-0,06	0,01	0,00	1474,36
1380	02.09.2025 08:32:59	17,70	-0,08	0,01	0,00	1474,36
1381	02.09.2025 08:33:00	17,70	-0,06	0,01	0,00	1474,36
1382	02.09.2025 08:33:01	17,67	-0,08	0,01	0,00	1474,26
1383	02.09.2025 08:33:02	17,67	-0,08	0,01	0,00	1474,26
1384	02.09.2025 08:33:03	17,67	-0,08	0,01	0,00	1474,26
1385	02.09.2025 08:33:04	17,67	-0,06	0,01	0,00	1474,26
1386	02.09.2025 08:33:05	17,67	-0,08	0,01	0,00	1474,26
1387	02.09.2025 08:33:06	17,67	-0,08	0,01	0,00	1474,26
1388	02.09.2025 08:33:07	17,67	-0,06	0,01	0,00	1474,26
1389	02.09.2025 08:33:08	17,67	-0,06	0,01	0,00	1474,26
1390	02.09.2025 08:33:09	17,67	-0,06	0,01	0,00	1474,26
1391	02.09.2025 08:33:10	17,67	-0,06	0,01	0,00	1474,26
1392	02.09.2025 08:33:11	17,67	-0,06	0,01	0,00	1474,26
1393	02.09.2025 08:33:12	17,67	-0,08	0,01	0,00	1474,26
1394	02.09.2025 08:33:13	17,67	-0,08	0,01	0,00	1474,26
1395	02.09.2025 08:33:14	17,67	-0,06	0,01	0,00	1474,26
1396	02.09.2025 08:33:15	17,67	-0,06	0,01	0,00	1474,26
1397	02.09.2025 08:33:16	17,64	-0,06	0,01	0,00	1474,16
1398	02.09.2025 08:33:17	17,64	-0,06	0,01	0,00	1474,16
1399	02.09.2025 08:33:18	17,64	-0,05	0,01	0,00	1474,17
1400	02.09.2025 08:33:19	17,64	-0,06	0,01	0,00	1474,16
1401	02.09.2025 08:33:20	17,64	-0,06	0,01	0,00	1474,16
1402	02.09.2025 08:33:21	17,64	-0,06	0,01	0,00	1474,16
1403	02.09.2025 08:33:22	17,64	-0,06	0,01	0,00	1474,16
1404	02.09.2025 08:33:23	17,64	-0,06	0,01	0,00	1474,16
1405	02.09.2025 08:33:24	17,64	-0,06	0,01	0,00	1474,16
1406	02.09.2025 08:33:25	17,64	-0,08	0,01	0,00	1474,16
1407	02.09.2025 08:33:26	17,64	-0,06	0,01	0,00	1474,16
1408	02.09.2025 08:33:27	17,64	-0,06	0,01	0,00	1474,16
1409	02.09.2025 08:33:28	17,64	-0,08	0,01	0,00	1474,16
1410	02.09.2025 08:33:29	17,64	-0,08	0,01	0,00	1474,16
1411	02.09.2025 08:33:30	17,64	-0,06	0,01	0,00	1474,16
1412	02.09.2025 08:33:31	17,64	-0,06	0,01	0,00	1474,16
1413	02.09.2025 08:33:32	17,64	-0,06	0,01	0,00	1474,16
1414	02.09.2025 08:33:33	17,61	-0,06	0,01	0,00	1474,06
1415	02.09.2025 08:33:34	17,61	-0,08	0,01	0,00	1474,06
1416	02.09.2025 08:33:35	17,61	-0,08	0,01	0,00	1474,06
1417	02.09.2025 08:33:36	17,61	-0,08	0,01	0,00	1474,06
1418	02.09.2025 08:33:37	17,61	-0,06	0,01	0,00	1474,06
1419	02.09.2025 08:33:38	17,61	-0,08	0,01	0,00	1474,06
1420	02.09.2025 08:33:39	17,61	-0,06	0,01	0,00	1474,06
1421	02.09.2025 08:33:40	17,61	-0,08	0,01	0,00	1474,06
1422	02.09.2025 08:33:41	17,61	-0,06	0,01	0,00	1474,06
1423	02.09.2025 08:33:42	17,61	-0,06	0,01	0,00	1474,06
1424	02.09.2025 08:33:43	17,61	-0,06	0,01	0,00	1474,06
1425	02.09.2025 08:33:44	17,61	-0,06	0,01	0,00	1474,06
1426	02.09.2025 08:33:45	17,61	-0,06	0,01	0,00	1474,06
1427	02.09.2025 08:33:46	17,61	-0,06	0,01	0,00	1474,06
1428	02.09.2025 08:33:47	17,61	-0,06	0,01	0,00	1474,06
1429	02.09.2025 08:33:48	17,61	-0,06	0,01	0,00	1474,06
1430	02.09.2025 08:33:49	17,61	-0,06	0,01	0,00	1474,06
1431	02.09.2025 08:33:50	17,61	-0,06	0,01	0,00	1474,06
1432	02.09.2025 08:33:51	17,61	-0,08	0,01	0,00	1474,06
1433	02.09.2025 08:33:52	17,61	-0,05	0,01	0,00	1474,07
1434	02.09.2025 08:33:53	17,61	-0,06	0,01	0,00	1474,06
1435	02.09.2025 08:33:54	17,61	-0,06	0,01	0,00	1474,06
1436	02.09.2025 08:33:55	17,61	-0,08	0,01	0,00	1474,06
1437	02.09.2025 08:33:56	17,61	-0,06	0,01	0,00	1474,06
1438	02.09.2025 08:33:57	17,61	-0,06	0,01	0,00	1474,06
1439	02.09.2025 08:33:58	17,58	-0,06	0,01	0,00	1473,97
1440	02.09.2025 08:33:59	17,58	-0,06	0,01	0,00	1473,97
1441	02.09.2025 08:34:00	17,58	-0,06	0,01	0,00	1473,97
1442	02.09.2025 08:34:01	17,58	-0,08	0,01	0,00	1473,96
1443	02.09.2025 08:34:02	17,58	-0,08	0,01	0,02	1473,97
1444	02.09.2025 08:34:03	17,58	-0,06	0,01	0,00	1473,97
1445	02.09.2025 08:34:04	17,58	-0,06	0,01	0,00	1473,97
1446	02.09.2025 08:34:05	17,58	-0,06	0,01	0,00	1473,97
1447	02.09.2025 08:34:06	17,58	-0,06	0,01	0,00	1473,97
1448	02.09.2025 08:34:07	17,58	-0,06	0,01	0,00	1473,97
1449	02.09.2025 08:34:08	17,58	-0,06	0,01	0,00	1473,97
1450	02.09.2025 08:34:09	17,58	-0,06	0,01	0,00	1473,97
1451	02.09.2025 08:34:10	17,58	-0,06	0,01	0,00	1473,97
1452	02.09.2025 08:34:11	17,58	-0,06	0,01	0,00	1473,97
1453	02.09.2025 08:34:12	17,58	-0,06	0,01	0,00	1473,97
1454	02.09.2025 08:34:13	17,58	-0,06	0,01	0,00	1473,97
1455	02.09.2025 08:34:14	17,58	-0,05	0,01	0,00	1473,97
1456	02.09.2025 08:34:15	17,58	-0,06	0,01	0,00	1473,97
1457	02.09.2025 08:34:16	17,58	-0,06	0,01	0,00	1473,97
1458	02.09.2025 08:34:17	17,58	-0,05	0,01	0,00	1473,97
1459	02.09.2025 08:34:18	17,58	-0,06	0,01	0,00	1473,97
1460	02.09.2025 08:34:19	17,58	-0,06	0,01	0,00	1473,97
1461	02.09.2025 08:34:20	17,58	-0,06	0,01	0,00	1473,97
1462	02.09.2025 08:34:21	17,58	-0,05	0,01	0,00	1473,97
1463	02.09.2025 08:34:22	17,58	-0,06	0,01	0,00	1473,97
1464	02.09.2025 08:34:23	17,58	-0,06	0,01	0,00	1473,97
1465	02.09.2025 08:34:24	17,58	-0,06	0,01	0,00	1473,97
1466	02.09.2025 08:34:25	17,58	-0,06	0,01	0,00	1473,97
1467	02.09.2025 08:34:26	17,58	-0,05	0,01	0,00	1473,97
1468	02.09.2025 08:34:27	17,58	-0,06	0,01	0,00	1473,97
1469	02.09.2025 08:34:28	17,58	-0,06	0,01	0,00	1473,97
1470	02.09.2025 08:34:29	17,58	-0,06	0,01	0,00	1473,97
1471	02.09.2025 08:34:30	17,58	-0,08	0,01	0,00	1473,96
1472	02.09.2025 08:34:31	17,58	-0,05	0,01	0,00	1473,97
1473	02.09.2025 08:34:32	17,58	-0,06	0,01	0,00	1473,97
1474	02.09.2025 08:34:33	17,58	-0,06	0,01	0,00	1473,97
1475	02.09.2025 08:34:34	17,58	-0,06	0,01	0,00	1473,97
1476	02.09.2025 08:34:35	17,58	-0,06	0,01	0,00	1473,97
1477	02.09.2025 08:34:36	17,58	-0,06	0,01	0,00	1473,97
1478	02.09.2025 08:34:37	17,58	-0,05	0,01	0,00	1473,97
1479	02.09.2025 08:34:38	17,58	-0,06	0,01	0,00	1473,97
1480	02.09.2025 08:34:39	17,58	-0,06	0,01	0,00	1473,97
1481	02.09.2025 08:34:40	17,58	-0,06	0,01	0,00	1473,97
1482	02.09.2025 08:34:41	17,58	-0,06	0,01	0,00	1473,97
1483	02.09.2025 08:34:42	17,58	-0,06	0,01	0,00	1473,97
1484	02.09.2025 08:34:43	17,58	-0,06	0,01	0,00	1473,97
1485	02.09.2025 08:34:44	17,58	-0,06	0,01	0,00	1473,97
1486	02.09.2025 08:34:45	17,58	-0,06	0,01	0,00	1473,97
1487	02.09.2025 08:34:46	17,58	-0,06	0,01	0,00	1473,97
1488	02.09.2025 08:34:47	17,58	-0,06	0,01	0,00	1473,97
1489	02.09.2025 08:34:48	17,58	-0,06	0,01	0,00	1473,97
1490	02.09.2025 08:34:49	17,58	-0,06	0,01	0,00	1473,97
1491	02.09.2025 08:34:50	17,58	-0,06	0,01	0,00	1473,97
1492	02.09.2025 08:34:51	17,58	-0,06	0,01	0,00	1473,97
1493	02.09.2025 08:34:52	17,58	-0,06	0,01	0,00	1473,97
1494	02.09.2025 08:34:53	17,58	-0,06	0,01	0,00	1473,97
1495	02.09.2025 08:34:54	17,58	-0,06	0,01	0,00	1473,97
1496	02.09.2025 08:34:55	17,58	-0,06	0,01	0,00	1473,97
1497	02.09.2025 08:34:56	17,58	-0,06	0,01	0,00	1473,97
1498	02.09.2025 08:34:57	17,58	-0,06	0,01	0,00	1473,97
1499	02.09.2025 08:34:58	17,58	-0,06	0,01	0,00	1473,97
1500	02.09.2025 08:34:59	17,58	-0,06	0,01	0,00	1473,97
1501	02.09.2025 08:35:00	17,55	-0,06	0,01	0,00	1473,87
1502	02.09.2025 08:35:01	17,58	-0,06	0,01	0,00	1473,97
1503	02.09.2025 08:35:02	17,58	-0,06	0,01	0,00	1473,97
1504	02.09.2025 08:35:03	17,58	-0,05	0,01	0,00	1473,97
1505	02.09.2025 08:35:04	17,58	-0,06	0,01	0,00	1473,97
1506	02.09.2025 08:35:05	17,55	-0,06	0,01	0,00	1473,87
1507	02.09.2025 08:35:06	17,58	-0,06	0,01	0,00	1473,97
1508	02.09.2025 08:35:07	17,58	-0,06	0,01	0,00	1473,97
1509	02.09.2025 08:35:08	17,55	-0,06	0,01	0,00	1473,87
1510	02.09.2025 08:35:09	17,58	-0,06	0,01	0,00	1473,97
1511	02.09.2025 08:35:10	17,58	-0,05	0,01	0,00	1473,97
1512	02.09.2025 08:35:11	17,58	-0,06	0,01	0,00	1473,97
1513	02.09.2025 08:35:12	17,55	-0,06	0,01	0,00	1473,87
1514	02.09.2025 08:35:13	17,58	-0,06	0,01	0,00	1473,97
1515	02.09.2025 08:35:14	17,58	-0,06	0,01	0,00	1473,97
1516	02.09.2025 08:35:15	17,58	-0,06	0,01	0,00	1473,97
1517	02.09.2025 08:35:16	17,58	-0,06	0,01	0,00	1473,97
1518	02.09.2025 08:35:17	17,58	-0,06	0,01	0,00	1473,97
1519	02.09.2025 08:35:18	17,58	-0,06	0,01	0,00	1473,97
1520	02.09.2025 08:35:19	17,58	-0,06	0,01	0,00	1473,97
1521	02.09.2025 08:35:20	17,55	-0,06	0,01	0,00	1473,87
1522	02.09.2025 08:35:21	17,58	-0,06	0,01	0,00	1473,97
1523	02.09.2025 08:35:22	17,58	-0,05	0,01	0,00	1473,97
1524	02.09.2025 08:35:23	17,58	-0,06	0,01	0,00	1473,97
1525	02.09.2025 08:35:24	17,58	-0,06	0,01	0,00	1473,97
1526	02.09.2025 08:35:25	17,58	-0,06	0,01	0,00	1473,97
1527	02.09.2025 08:35:26	17,58	-0,06	0,01	0,00	1473,97
1528	02.09.2025 08:35:27	17,58	-0,06	0,01	0,00	1473,97
1529	02.09.2025 08:35:28	17,58	-0,06	0,01	0,00	1473,97
1530	02.09.2025 08:35:29	17,55	-0,06	0,01	0,00	1473,87
1531	02.09.2025 08:35:30	17,58	-0,08	0,01	0,00	1473,96
1532	02.09.2025 08:35:31	17,55	-0,05	0,01	0,00	1473,87
1533	02.09.2025 08:35:32	17,58	-0,06	0,01	0,00	1473,97
1534	02.09.2025 08:35:33	17,58	-0,05	0,01	0,00	1473,97
1535	02.09.2025 08:35:34	17,58	-0,06	0,01	0,00	1473,97
1536	02.09.2025 08:35:35	17,58	-0,06	0,01	0,00	1473,97
1537	02.09.2025 08:35:36	17,58	-0,06	0,01	0,00	1473,97
1538	02.09.2025 08:35:37	17,58	-0,06	0,01	0,00	1473,97
1539	02.09.2025 08:35:38	17,58	-0,06	0,01	0,00	1473,97
1540	02.09.2025 08:35:39	17,58	-0,08	0,01	0,00	1473,96
1541	02.09.2025 08:35:40	17,58	-0,06	0,01	0,00	1473,97
1542	02.09.2025 08:35:41	17,58	-0,06	0,01	0,00	1473,97
1543	02.09.2025 08:35:42	17,58	-0,06	0,01	0,00	1473,97
1544	02.09.2025 08:35:43	17,58	-0,06	0,01	0,00	1473,97
1545	02.09.2025 08:35:44	17,58	-0,08	0,01	0,00	1473,96
1546	02.09.2025 08:35:45	17,58	-0,06	0,01	0,00	1473,97
1547	02.09.2025 08:35:46	17,58	-0,06	0,01	0,00	1473,97
1548	02.09.2025 08:35:47	17,58	-0,06	0,01	0,00	1473,97
1549	02.09.2025 08:35:48	17,58	-0,06	0,01	0,00	1473,97
1550	02.09.2025 08:35:49	17,58	-0,08	0,01	0,00	1473,96
1551	02.09.2025 08:35:50	17,58	-0,06	0,01	0,00	1473,97
1552	02.09.2025 08:35:51	17,58	-0,05	0,01	0,00	1473,97
1553	02.09.2025 08:35:52	17,58	-0,06	0,01	0,00	1473,97
1554	02.09.2025 08:35:53	17,58	-0,06	0,01	0,00	1473,97
1555	02.09.2025 08:35:54	17,58	-0,06	0,01	0,00	1473,97
1556	02.09.2025 08:35:55	17,58	-0,06	0,01	0,00	1473,97
1557	02.09.2025 08:35:56	17,58	-0,08	0,01	0,00	1473,96
1558	02.09.2025 08:35:57	17,58	-0,06	0,01	0,00	1473,97
1559	02.09.2025 08:35:58	17,58	-0,06	0,01	0,00	1473,97
1560	02.09.2025 08:35:59	17,58	-0,06	0,01	0,00	1473,97
1561	02.09.2025 08:36:00	17,58	-0,08	0,01	0,00	1473,96
1562	02.09.2025 08:36:01	17,58	-0,08	0,01	0,00	1473,96
1563	02.09.2025 08:36:02	17,58	-0,06	0,01	0,00	1473,97
1564	02.09.2025 08:36:03	17,58	-0,08	0,01	0,00	1473,96
1565	02.09.2025 08:36:04	17,58	-0,06	0,01	0,00	1473,97
1566	02.09.2025 08:36:05	17,58	-0,06	0,01	0,00	1473,97
1567	02.09.2025 08:36:06	17,58	-0,06	0,01	0,00	1473,97
1568	02.09.2025 08:36:07	17,58	-0,06	0,01	0,00	1473,97
1569	02.09.2025 08:36:08	17,58	-0,06	0,01	0,00	1473,97
1570	02.09.2025 08:36:09	17,58	-0,06	0,01	0,00	1473,97
1571	02.09.2025 08:36:10	17,58	-0,06	0,01	0,00	1473,97
1572	02.09.2025 08:36:11	17,58	-0,06	0,01	0,00	1473,97
1573	02.09.2025 08:36:12	17,58	-0,06	0,01	0,00	1473,97
1574	02.09.2025 08:36:13	17,58	-0,06	0,01	0,00	1473,97
1575	02.09.2025 08:36:14	17,58	-0,06	0,01	0,00	1473,97
1576	02.09.2025 08:36:15	17,58	-0,06	0,01	0,00	1473,97
1577	02.09.2025 08:36:16	17,58	-0,08	0,01	0,00	1473,96
1578	02.09.2025 08:36:17	17,58	-0,06	0,01	0,00	1473,97
1579	02.09.2025 08:36:18	17,58	-0,06	0,01	0,00	1473,97
1580	02.09.2025 08:36:19	17,58	-0,06	0,01	0,00	1473,97
1581	02.09.2025 08:36:20	17,58	-0,05	0,01	0,00	1473,97
1582	02.09.2025 08:36:21	17,58	-0,06	0,01	0,00	1473,97
1583	02.09.2025 08:36:22	17,58	-0,06	0,01	0,00	1473,97
1584	02.09.2025 08:36:23	17,58	-0,08	0,01	0,00	1473,96
1585	02.09.2025 08:36:24	17,58	-0,06	0,01	0,00	1473,97
1586	02.09.2025 08:36:25	17,58	-0,06	0,01	0,00	1473,97
1587	02.09.2025 08:36:26	17,58	-0,08	0,01	0,00	1473,96
1588	02.09.2025 08:36:27	17,58	-0,06	0,01	0,00	1473,97
1589	02.09.2025 08:36:28	17,58	-0,06	0,01	0,00	1473,97
1590	02.09.2025 08:36:29	17,58	-0,08	0,01	0,00	1473,96
1591	02.09.2025 08:36:30	17,58	-0,06	0,01	0,00	1473,97
1592	02.09.2025 08:36:31	17,58	-0,08	0,01	0,00	1473,96
1593	02.09.2025 08:36:32	17,58	-0,06	0,01	0,00	1473,97
1594	02.09.2025 08:36:33	17,58	-0,06	0,01	0,00	1473,97
1595	02.09.2025 08:36:34	17,58	-0,08	0,01	0,00	1473,96
1596	02.09.2025 08:36:35	17,58	-0,08	0,01	0,00	1473,96
1597	02.09.2025 08:36:36	17,58	-0,06	0,01	0,00	1473,97
1598	02.09.2025 08:36:37	17,58	-0,06	0,01	0,00	1473,97
1599	02.09.2025 08:36:38	17,58	-0,06	0,01	0,02	1473,97
1600	02.09.2025 08:36:39	17,58	-0,06	0,01	0,00	1473,97
1601	02.09.2025 08:36:40	17,58	-0,06	0,01	0,00	1473,97
1602	02.09.2025 08:36:41	17,58	-0,06	0,01	0,00	1473,97
1603	02.09.2025 08:36:42	17,58	-0,06	0,01	0,00	1473,97
1604	02.09.2025 08:36:43	17,58	-0,06	0,01	0,00	1473,97
1605	02.09.2025 08:36:44	17,58	-0,06	0,01	0,00	1473,97
1606	02.09.2025 08:36:45	17,58	-0,08	0,01	0,00	1473,96
1607	02.09.2025 08:36:46	17,58	-0,08	0,01	0,00	1473,96
1608	02.09.2025 08:36:47	17,58	-0,08	0,01	0,00	1473,96
1609	02.09.2025 08:36:48	17,58	-0,06	0,01	0,00	1473,97
1610	02.09.2025 08:36:49	17,58	-0,08	0,01	0,00	1473,96
1611	02.09.2025 08:36:50	17,58	-0,06	0,01	0,00	1473,97
1612	02.09.2025 08:36:51	17,61	-0,06	0,01	0,00	1474,06
1613	02.09.2025 08:36:52	17,61	-0,08	0,01	0,00	1474,06
1614	02.09.2025 08:36:53	17,61	-0,06	0,01	0,00	1474,06
1615	02.09.2025 08:36:54	17,61	-0,06	0,01	0,00	1474,06
1616	02.09.2025 08:36:55	17,61	-0,06	0,01	0,00	1474,06
1617	02.09.2025 08:36:56	17,61	-0,08	0,01	0,00	1474,06
1618	02.09.2025 08:36:57	17,61	-0,08	0,01	0,00	1474,06
1619	02.09.2025 08:36:58	17,61	-0,06	0,01	0,00	1474,06
1620	02.09.2025 08:36:59	17,61	-0,06	0,01	0,00	1474,06
1621	02.09.2025 08:37:00	17,61	-0,08	0,01	0,00	1474,06
1622	02.09.2025 08:37:01	17,61	-0,06	0,01	0,00	1474,06
1623	02.09.2025 08:37:02	17,61	-0,06	0,01	0,00	1474,06
1624	02.09.2025 08:37:03	17,61	-0,06	0,01	0,00	1474,06
1625	02.09.2025 08:37:04	17,61	-0,06	0,01	0,00	1474,06
1626	02.09.2025 08:37:05	17,61	-0,06	0,01	0,00	1474,06
1627	02.09.2025 08:37:06	17,61	-0,06	0,01	0,00	1474,06
1628	02.09.2025 08:37:07	17,61	-0,06	0,01	0,00	1474,06
1629	02.09.2025 08:37:08	17,61	-0,06	0,01	0,00	1474,06
1630	02.09.2025 08:37:09	17,61	-0,06	0,01	0,00	1474,06
1631	02.09.2025 08:37:10	17,61	-0,08	0,01	0,00	1474,06
1632	02.09.2025 08:37:11	17,61	-0,08	0,01	0,00	1474,06
1633	02.09.2025 08:37:12	17,61	-0,06	0,01	0,00	1474,06
1634	02.09.2025 08:37:13	17,61	-0,06	0,01	0,00	1474,06
1635	02.09.2025 08:37:14	17,61	-0,06	0,01	0,00	1474,06
1636	02.09.2025 08:37:15	17,61	-0,06	0,01	0,00	1474,06
1637	02.09.2025 08:37:16	17,61	-0,06	0,01	0,00	1474,06
1638	02.09.2025 08:37:17	17,61	-0,06	0,01	0,00	1474,06
1639	02.09.2025 08:37:18	17,61	-0,08	0,01	0,00	1474,06
1640	02.09.2025 08:37:19	17,61	-0,06	0,01	0,00	1474,06
1641	02.09.2025 08:37:20	17,61	-0,06	0,01	0,00	1474,06
1642	02.09.2025 08:37:21	17,61	-0,06	0,01	0,00	1474,06
1643	02.09.2025 08:37:22	17,61	-0,06	0,01	0,00	1474,06
1644	02.09.2025 08:37:23	17,61	-0,06	0,01	0,00	1474,06
1645	02.09.2025 08:37:24	17,61	-0,06	0,01	0,00	1474,06
1646	02.09.2025 08:37:25	17,61	-0,06	0,01	0,00	1474,06
1647	02.09.2025 08:37:26	17,61	-0,06	0,01	0,00	1474,06
1648	02.09.2025 08:37:27	17,61	-0,06	0,01	0,00	1474,06
1649	02.09.2025 08:37:28	17,61	-0,06	0,01	0,00	1474,06
1650	02.09.2025 08:37:29	17,61	-0,06	0,01	0,00	1474,06
1651	02.09.2025 08:37:30	17,61	-0,08	0,01	0,00	1474,06
1652	02.09.2025 08:37:31	17,61	-0,06	0,01	0,00	1474,06
1653	02.09.2025 08:37:32	17,61	-0,06	0,01	0,00	1474,06
1654	02.09.2025 08:37:33	17,61	-0,06	0,01	0,00	1474,06
1655	02.09.2025 08:37:34	17,64	-0,06	0,01	0,00	1474,16
1656	02.09.2025 08:37:35	17,61	-0,08	0,01	0,00	1474,06
1657	02.09.2025 08:37:36	17,64	-0,06	0,01	0,00	1474,16
1658	02.09.2025 08:37:37	17,61	-0,06	0,01	0,00	1474,06
1659	02.09.2025 08:37:38	17,64	-0,08	0,01	0,00	1474,16
1660	02.09.2025 08:37:39	17,64	-0,08	0,01	0,00	1474,16
1661	02.09.2025 08:37:40	17,64	-0,08	0,01	0,00	1474,16
1662	02.09.2025 08:37:41	17,64	-0,06	0,01	0,00	1474,16
1663	02.09.2025 08:37:42	17,64	-0,06	0,01	0,00	1474,16
1664	02.09.2025 08:37:43	17,64	-0,06	0,01	0,00	1474,16
1665	02.09.2025 08:37:44	17,64	-0,06	0,01	0,00	1474,16
1666	02.09.2025 08:37:45	17,64	-0,06	0,01	0,02	1474,17
1667	02.09.2025 08:37:46	17,64	-0,05	0,01	0,00	1474,17
1668	02.09.2025 08:37:47	17,64	-0,06	0,01	0,00	1474,16
1669	02.09.2025 08:37:48	17,64	-0,06	0,01	0,00	1474,16
1670	02.09.2025 08:37:49	17,64	-0,06	0,01	0,00	1474,16
1671	02.09.2025 08:37:50	17,64	-0,06	0,01	0,00	1474,16
1672	02.09.2025 08:37:51	17,64	-0,06	0,01	0,00	1474,16
1673	02.09.2025 08:37:52	17,64	-0,06	0,01	0,00	1474,16
1674	02.09.2025 08:37:53	17,64	-0,06	0,01	0,00	1474,16
1675	02.09.2025 08:37:54	17,64	-0,08	0,01	0,00	1474,16
1676	02.09.2025 08:37:55	17,64	-0,06	0,01	0,00	1474,16
1677	02.09.2025 08:37:56	17,64	-0,06	0,01	0,00	1474,16
1678	02.09.2025 08:37:57	17,64	-0,06	0,01	0,00	1474,16
1679	02.09.2025 08:37:58	17,64	-0,08	0,01	0,00	1474,16
1680	02.09.2025 08:37:59	17,64	-0,06	0,01	0,00	1474,16
1681	02.09.2025 08:38:00	17,64	-0,08	0,01	0,00	1474,16
1682	02.09.2025 08:38:01	17,64	-0,08	0,01	0,00	1474,16
1683	02.09.2025 08:38:02	17,64	-0,08	0,01	0,00	1474,16
1684	02.09.2025 08:38:03	17,64	-0,08	0,01	0,00	1474,16
1685	02.09.2025 08:38:04	17,64	-0,06	0,01	0,00	1474,16
1686	02.09.2025 08:38:05	17,64	-0,06	0,01	0,00	1474,16
1687	02.09.2025 08:38:06	17,64	-0,08	0,01	0,00	1474,16
1688	02.09.2025 08:38:07	17,64	-0,06	0,01	0,00	1474,16
1689	02.09.2025 08:38:08	17,64	-0,08	0,01	0,00	1474,16
1690	02.09.2025 08:38:09	17,64	-0,06	0,01	0,00	1474,16
1691	02.09.2025 08:38:10	17,64	-0,06	0,01	0,00	1474,16
1692	02.09.2025 08:38:11	17,64	-0,08	0,01	0,00	1474,16
1693	02.09.2025 08:38:12	17,64	-0,06	0,01	0,00	1474,16
1694	02.09.2025 08:38:13	17,64	-0,06	0,01	0,00	1474,16
1695	02.09.2025 08:38:14	17,64	-0,08	0,01	0,00	1474,16
1696	02.09.2025 08:38:15	17,64	-0,06	0,01	0,00	1474,16
1697	02.09.2025 08:38:16	17,64	-0,08	0,01	0,00	1474,16
1698	02.09.2025 08:38:17	17,64	-0,06	0,01	0,00	1474,16
1699	02.09.2025 08:38:18	17,67	-0,08	0,01	0,00	1474,26
1700	02.09.2025 08:38:19	17,67	-0,06	0,01	0,00	1474,26
1701	02.09.2025 08:38:20	17,67	-0,06	0,01	0,00	1474,26
1702	02.09.2025 08:38:21	17,67	-0,06	0,01	0,00	1474,26
1703	02.09.2025 08:38:22	17,67	-0,08	0,01	0,00	1474,26
1704	02.09.2025 08:38:23	17,67	-0,06	0,01	0,00	1474,26
1705	02.09.2025 08:38:24	17,67	-0,06	0,01	0,00	1474,26
1706	02.09.2025 08:38:25	17,67	-0,06	0,01	0,00	1474,26
1707	02.09.2025 08:38:26	17,67	-0,05	0,01	0,00	1474,26
1708	02.09.2025 08:38:27	17,67	-0,06	0,01	0,00	1474,26
1709	02.09.2025 08:38:28	17,67	-0,06	0,01	0,00	1474,26
1710	02.09.2025 08:38:29	17,67	-0,06	0,01	0,00	1474,26
1711	02.09.2025 08:38:30	17,67	-0,06	0,01	0,00	1474,26
1712	02.09.2025 08:38:31	17,67	-0,06	0,01	0,00	1474,26
1713	02.09.2025 08:38:32	17,67	-0,08	0,01	0,00	1474,26
1714	02.09.2025 08:38:33	17,67	-0,08	0,01	0,00	1474,26
1715	02.09.2025 08:38:34	17,67	-0,06	0,01	0,00	1474,26
1716	02.09.2025 08:38:35	17,67	-0,06	0,01	0,00	1474,26
1717	02.09.2025 08:38:36	17,67	-0,08	0,01	0,00	1474,26
1718	02.09.2025 08:38:37	17,67	-0,06	0,01	0,00	1474,26
1719	02.09.2025 08:38:38	17,67	-0,08	0,01	0,00	1474,26
1720	02.09.2025 08:38:39	17,67	-0,08	0,01	0,00	1474,26
1721	02.09.2025 08:38:40	17,67	-0,08	0,01	0,00	1474,26
1722	02.09.2025 08:38:41	17,67	-0,08	0,01	0,00	1474,26
1723	02.09.2025 08:38:42	17,67	-0,06	0,01	0,00	1474,26
1724	02.09.2025 08:38:43	17,67	-0,06	0,01	0,00	1474,26
1725	02.09.2025 08:38:44	17,67	-0,06	0,01	0,00	1474,26
1726	02.09.2025 08:38:45	17,67	-0,06	0,01	0,00	1474,26
1727	02.09.2025 08:38:46	17,67	-0,06	0,01	0,00	1474,26
1728	02.09.2025 08:38:47	17,67	-0,08	0,01	0,00	1474,26
1729	02.09.2025 08:38:48	17,67	-0,08	0,01	0,00	1474,26
1730	02.09.2025 08:38:49	17,67	-0,08	0,01	0,00	1474,26
1731	02.09.2025 08:38:50	17,67	-0,08	0,01	0,00	1474,26
1732	02.09.2025 08:38:51	17,67	-0,06	0,01	0,00	1474,26
1733	02.09.2025 08:38:52	17,67	-0,06	0,01	0,00	1474,26
1734	02.09.2025 08:38:53	17,67	-0,08	0,01	0,00	1474,26
1735	02.09.2025 08:38:54	17,70	-0,06	0,01	0,00	1474,36
1736	02.09.2025 08:38:55	17,67	-0,06	0,01	0,00	1474,26
1737	02.09.2025 08:38:56	17,67	-0,08	0,01	0,00	1474,26
1738	02.09.2025 08:38:57	17,70	-0,08	0,01	0,00	1474,36
1739	02.09.2025 08:38:58	17,70	-0,08	0,01	0,00	1474,36
1740	02.09.2025 08:38:59	17,70	-0,08	0,01	0,00	1474,36
1741	02.09.2025 08:39:00	17,67	-0,08	0,01	0,00	1474,26
1742	02.09.2025 08:39:01	17,70	-0,08	0,01	0,00	1474,36
1743	02.09.2025 08:39:02	17,70	-0,06	0,01	0,00	1474,36
1744	02.09.2025 08:39:03	17,70	-0,06	0,01	0,00	1474,36
1745	02.09.2025 08:39:04	17,70	-0,08	0,01	0,00	1474,36
1746	02.09.2025 08:39:05	17,70	-0,06	0,01	0,00	1474,36
1747	02.09.2025 08:39:06	17,70	-0,08	0,01	0,00	1474,36
1748	02.09.2025 08:39:07	17,70	-0,08	0,01	0,00	1474,36
1749	02.09.2025 08:39:08	17,70	-0,08	0,01	0,00	1474,36
1750	02.09.2025 08:39:09	17,70	-0,08	0,01	0,00	1474,36
1751	02.09.2025 08:39:10	17,70	-0,08	0,01	0,00	1474,36
1752	02.09.2025 08:39:11	17,70	-0,08	0,01	0,00	1474,36
1753	02.09.2025 08:39:12	17,70	-0,08	0,01	0,00	1474,36
1754	02.09.2025 08:39:13	17,70	-0,06	0,01	0,00	1474,36
1755	02.09.2025 08:39:14	17,70	-0,08	0,01	0,00	1474,36
1756	02.09.2025 08:39:15	17,70	-0,08	0,01	0,00	1474,36
1757	02.09.2025 08:39:16	17,70	-0,08	0,01	0,00	1474,36
1758	02.09.2025 08:39:17	17,70	-0,08	0,01	0,00	1474,36
1759	02.09.2025 08:39:18	17,70	-0,08	0,01	0,00	1474,36
1760	02.09.2025 08:39:19	17,70	-0,08	0,01	0,00	1474,36
1761	02.09.2025 08:39:20	17,70	-0,08	0,01	0,00	1474,36
1762	02.09.2025 08:39:21	17,70	-0,06	0,01	0,00	1474,36
1763	02.09.2025 08:39:22	17,70	-0,06	0,01	0,00	1474,36
1764	02.09.2025 08:39:23	17,70	-0,06	0,01	0,00	1474,36
1765	02.09.2025 08:39:24	17,70	-0,06	0,01	0,00	1474,36
1766	02.09.2025 08:39:25	17,70	-0,08	0,01	0,00	1474,36
1767	02.09.2025 08:39:26	17,70	-0,06	0,01	0,00	1474,36
1768	02.09.2025 08:39:27	17,70	-0,08	0,01	0,00	1474,36
1769	02.09.2025 08:39:28	17,70	-0,06	0,01	0,00	1474,36
1770	02.09.2025 08:39:29	17,70	-0,06	0,01	0,00	1474,36
1771	02.09.2025 08:39:30	17,70	-0,08	0,01	0,00	1474,36
1772	02.09.2025 08:39:31	17,73	-0,08	0,01	0,00	1474,45
1773	02.09.2025 08:39:32	17,73	-0,08	0,01	0,00	1474,45
1774	02.09.2025 08:39:33	17,73	-0,06	0,01	0,00	1474,46
1775	02.09.2025 08:39:34	17,73	-0,08	0,01	0,00	1474,45
1776	02.09.2025 08:39:35	17,73	-0,06	0,01	0,00	1474,46
1777	02.09.2025 08:39:36	17,73	-0,06	0,01	0,00	1474,46
1778	02.09.2025 08:39:37	17,73	-0,08	0,01	0,00	1474,45
1779	02.09.2025 08:39:38	17,73	-0,08	0,01	0,00	1474,45
1780	02.09.2025 08:39:39	17,73	-0,08	0,01	0,00	1474,45
1781	02.09.2025 08:39:40	17,73	-0,06	0,01	0,00	1474,46
1782	02.09.2025 08:39:41	17,73	-0,06	0,01	0,00	1474,46
1783	02.09.2025 08:39:42	17,73	-0,06	0,01	0,00	1474,46
1784	02.09.2025 08:39:43	17,73	-0,08	0,01	0,00	1474,45
1785	02.09.2025 08:39:44	17,73	-0,08	0,01	0,00	1474,45
1786	02.09.2025 08:39:45	17,73	-0,06	0,01	0,00	1474,46
1787	02.09.2025 08:39:46	17,73	-0,08	0,01	0,00	1474,45
1788	02.09.2025 08:39:47	17,73	-0,08	0,01	0,00	1474,45
1789	02.09.2025 08:39:48	17,73	-0,06	0,01	0,00	1474,46
1790	02.09.2025 08:39:49	17,73	-0,08	0,01	0,00	1474,45
1791	02.09.2025 08:39:50	17,73	-0,06	0,01	0,00	1474,46
1792	02.09.2025 08:39:51	17,73	-0,06	0,01	0,00	1474,46
1793	02.09.2025 08:39:52	17,73	-0,08	0,01	0,00	1474,45
1794	02.09.2025 08:39:53	17,73	-0,08	0,01	0,00	1474,45
1795	02.09.2025 08:39:54	17,73	-0,08	0,01	0,00	1474,45
1796	02.09.2025 08:39:55	17,73	-0,08	0,01	0,00	1474,45
1797	02.09.2025 08:39:56	17,73	-0,08	0,01	0,00	1474,45
1798	02.09.2025 08:39:57	17,73	-0,06	0,01	0,00	1474,46
1799	02.09.2025 08:39:58	17,73	-0,08	0,01	0,00	1474,45
1800	02.09.2025 08:39:59	17,73	-0,08	0,01	0,00	1474,45
1801	02.09.2025 08:40:00	17,73	-0,06	0,01	0,00	1474,46
1802	02.09.2025 08:40:01	17,73	-0,06	0,01	0,00	1474,46
1803	02.09.2025 08:40:02	17,73	-0,08	0,01	0,00	1474,45
1804	02.09.2025 08:40:03	17,73	-0,08	0,01	0,00	1474,45
1805	02.09.2025 08:40:04	17,73	-0,08	0,01	0,00	1474,45
1806	02.09.2025 08:40:05	17,73	-0,08	0,01	0,00	1474,45
1807	02.09.2025 08:40:06	17,73	-0,08	0,01	0,00	1474,45
1808	02.09.2025 08:40:07	17,73	-0,08	0,01	0,00	1474,45
1809	02.09.2025 08:40:08	17,73	-0,08	0,01	0,00	1474,45
1810	02.09.2025 08:40:09	17,73	-0,08	0,01	0,00	1474,45
1811	02.09.2025 08:40:10	17,76	-0,06	0,01	0,00	1474,56
1812	02.09.2025 08:40:11	17,76	-0,08	0,01	0,00	1474,55
1813	02.09.2025 08:40:12	17,76	-0,08	0,01	0,00	1474,55
1814	02.09.2025 08:40:13	17,76	-0,08	0,01	0,00	1474,55
1815	02.09.2025 08:40:14	17,76	-0,08	0,01	0,00	1474,55
1816	02.09.2025 08:40:15	17,76	-0,08	0,01	0,00	1474,55
1817	02.09.2025 08:40:16	17,76	-0,08	0,01	0,00	1474,55
1818	02.09.2025 08:40:17	17,76	-0,08	0,01	0,00	1474,55
1819	02.09.2025 08:40:18	17,76	-0,06	0,01	0,00	1474,56
1820	02.09.2025 08:40:19	17,76	-0,08	0,01	0,00	1474,55
1821	02.09.2025 08:40:20	17,76	-0,08	0,01	0,00	1474,55
1822	02.09.2025 08:40:21	17,76	-0,06	0,01	0,00	1474,56
1823	02.09.2025 08:40:22	17,76	-0,08	0,01	0,00	1474,55
1824	02.09.2025 08:40:23	17,76	-0,08	0,01	0,00	1474,55
1825	02.09.2025 08:40:24	17,76	-0,06	0,01	0,00	1474,56
1826	02.09.2025 08:40:25	17,76	-0,08	0,01	0,00	1474,55
1827	02.09.2025 08:40:26	17,76	-0,08	0,01	0,00	1474,55
1828	02.09.2025 08:40:27	17,76	-0,08	0,01	0,00	1474,55
1829	02.09.2025 08:40:28	17,76	-0,08	0,01	0,00	1474,55
1830	02.09.2025 08:40:29	17,76	-0,10	0,01	0,00	1474,55
1831	02.09.2025 08:40:30	17,76	-0,06	0,01	0,00	1474,56
1832	02.09.2025 08:40:31	17,76	-0,06	0,01	0,00	1474,56
1833	02.09.2025 08:40:32	17,76	-0,08	0,01	0,00	1474,55
1834	02.09.2025 08:40:33	17,76	-0,08	0,01	0,00	1474,55
1835	02.09.2025 08:40:34	17,76	-0,08	0,01	0,00	1474,55
1836	02.09.2025 08:40:35	17,76	-0,08	0,01	0,00	1474,55
1837	02.09.2025 08:40:36	17,76	-0,08	0,01	0,00	1474,55
1838	02.09.2025 08:40:37	17,76	-0,06	0,01	0,02	1474,56
1839	02.09.2025 08:40:38	17,76	-0,08	0,01	0,00	1474,55
1840	02.09.2025 08:40:39	17,76	-0,08	0,01	0,00	1474,55
1841	02.09.2025 08:40:40	17,76	-0,08	0,01	0,00	1474,55
1842	02.09.2025 08:40:41	17,76	-0,06	0,01	0,00	1474,56
1843	02.09.2025 08:40:42	17,76	-0,08	0,01	0,00	1474,55
1844	02.09.2025 08:40:43	17,79	-0,06	0,01	0,00	1474,65
1845	02.09.2025 08:40:44	17,79	-0,06	0,01	0,00	1474,65
1846	02.09.2025 08:40:45	17,79	-0,06	0,01	0,00	1474,65
1847	02.09.2025 08:40:46	17,79	-0,06	0,01	0,00	1474,65
1848	02.09.2025 08:40:47	17,79	-0,06	0,01	0,00	1474,65
1849	02.09.2025 08:40:48	17,79	-0,06	0,01	0,00	1474,65
1850	02.09.2025 08:40:49	17,79	-0,06	0,01	0,00	1474,65
1851	02.09.2025 08:40:50	17,79	-0,06	0,01	0,00	1474,65
1852	02.09.2025 08:40:51	17,79	-0,06	0,01	0,00	1474,65
1853	02.09.2025 08:40:52	17,79	-0,06	0,01	0,00	1474,65
1854	02.09.2025 08:40:53	17,79	-0,06	0,01	0,00	1474,65
1855	02.09.2025 08:40:54	17,79	-0,06	0,01	0,00	1474,65
1856	02.09.2025 08:40:55	17,79	-0,05	0,01	0,00	1474,66
1857	02.09.2025 08:40:56	17,79	-0,06	0,01	0,00	1474,65
1858	02.09.2025 08:40:57	17,79	-0,06	0,01	0,00	1474,65
1859	02.09.2025 08:40:58	17,79	-0,06	0,01	0,00	1474,65
1860	02.09.2025 08:40:59	17,79	-0,06	0,01	0,00	1474,65
1861	02.09.2025 08:41:00	17,79	-0,05	0,01	0,00	1474,66
1862	02.09.2025 08:41:01	17,79	-0,06	0,01	0,00	1474,65
1863	02.09.2025 08:41:02	17,79	-0,06	0,01	0,00	1474,65
1864	02.09.2025 08:41:03	17,79	-0,06	0,01	0,00	1474,65
1865	02.09.2025 08:41:04	17,79	-0,06	0,01	0,00	1474,65
1866	02.09.2025 08:41:05	17,79	-0,05	0,01	0,00	1474,66
1867	02.09.2025 08:41:06	17,79	-0,05	0,01	0,00	1474,66
1868	02.09.2025 08:41:07	17,79	-0,08	0,01	0,00	1474,65
1869	02.09.2025 08:41:08	17,79	-0,06	0,01	0,00	1474,65
1870	02.09.2025 08:41:09	17,79	-0,05	0,01	0,00	1474,66
1871	02.09.2025 08:41:10	17,79	-0,06	0,01	0,00	1474,65
1872	02.09.2025 08:41:11	17,79	-0,06	0,01	0,00	1474,65
1873	02.09.2025 08:41:12	17,79	-0,06	0,01	0,00	1474,65
1874	02.09.2025 08:41:13	17,79	-0,05	0,01	0,02	1474,66
1875	02.09.2025 08:41:14	17,79	-0,06	0,01	0,00	1474,65
1876	02.09.2025 08:41:15	17,82	-0,06	0,01	0,00	1474,75
1877	02.09.2025 08:41:16	17,79	-0,06	0,01	0,00	1474,65
1878	02.09.2025 08:41:17	17,82	-0,06	0,01	0,00	1474,75
1879	02.09.2025 08:41:18	17,82	-0,06	0,01	0,00	1474,75
1880	02.09.2025 08:41:19	17,82	-0,06	0,01	0,00	1474,75
1881	02.09.2025 08:41:20	17,82	-0,06	0,01	0,00	1474,75
1882	02.09.2025 08:41:21	17,82	-0,05	0,01	0,00	1474,75
1883	02.09.2025 08:41:22	17,82	-0,06	0,01	0,00	1474,75
1884	02.09.2025 08:41:23	17,82	-0,05	0,01	0,00	1474,75
1885	02.09.2025 08:41:24	17,82	-0,06	0,01	0,00	1474,75
1886	02.09.2025 08:41:25	17,82	-0,06	0,01	0,00	1474,75
1887	02.09.2025 08:41:26	17,82	-0,06	0,01	0,00	1474,75
1888	02.09.2025 08:41:27	17,82	-0,06	0,01	0,00	1474,75
1889	02.09.2025 08:41:28	17,82	-0,06	0,01	0,00	1474,75
1890	02.09.2025 08:41:29	17,82	-0,06	0,01	0,00	1474,75
1891	02.09.2025 08:41:30	17,82	-0,05	0,01	0,00	1474,75
1892	02.09.2025 08:41:31	17,82	-0,06	0,01	0,00	1474,75
1893	02.09.2025 08:41:32	17,82	-0,06	0,01	0,00	1474,75
1894	02.09.2025 08:41:33	17,82	-0,06	0,01	0,00	1474,75
1895	02.09.2025 08:41:34	17,82	-0,06	0,01	0,00	1474,75
1896	02.09.2025 08:41:35	17,82	-0,06	0,01	0,00	1474,75
1897	02.09.2025 08:41:36	17,82	-0,06	0,01	0,00	1474,75
1898	02.09.2025 08:41:37	17,82	-0,06	0,01	0,00	1474,75
1899	02.09.2025 08:41:38	17,82	-0,05	0,01	0,00	1474,75
1900	02.09.2025 08:41:39	17,82	-0,06	0,01	0,00	1474,75
1901	02.09.2025 08:41:40	17,82	-0,05	0,01	0,00	1474,75
1902	02.09.2025 08:41:41	17,82	-0,06	0,01	0,00	1474,75
1903	02.09.2025 08:41:42	17,82	-0,05	0,01	0,00	1474,75
1904	02.09.2025 08:41:43	17,82	-0,06	0,01	0,00	1474,75
1905	02.09.2025 08:41:44	17,82	-0,06	0,01	0,00	1474,75
1906	02.09.2025 08:41:45	17,82	-0,06	0,01	0,00	1474,75
1907	02.09.2025 08:41:46	17,82	-0,06	0,01	0,00	1474,75
1908	02.09.2025 08:41:47	17,85	-0,06	0,01	0,00	1474,85
1909	02.09.2025 08:41:48	17,82	-0,06	0,01	0,00	1474,75
1910	02.09.2025 08:41:49	17,82	-0,06	0,01	0,00	1474,75
1911	02.09.2025 08:41:50	17,85	-0,06	0,01	0,00	1474,85
1912	02.09.2025 08:41:51	17,85	-0,06	0,01	0,00	1474,85
1913	02.09.2025 08:41:52	17,85	-0,06	0,01	0,00	1474,85
1914	02.09.2025 08:41:53	17,85	-0,06	0,01	0,00	1474,85
1915	02.09.2025 08:41:54	17,85	-0,06	0,01	0,00	1474,85
1916	02.09.2025 08:41:55	17,85	-0,06	0,01	0,00	1474,85
1917	02.09.2025 08:41:56	17,85	-0,06	0,01	0,00	1474,85
1918	02.09.2025 08:41:57	17,85	-0,06	0,01	0,00	1474,85
1919	02.09.2025 08:41:58	17,85	-0,06	0,01	0,00	1474,85
1920	02.09.2025 08:41:59	17,85	-0,06	0,01	0,00	1474,85
1921	02.09.2025 08:42:00	17,85	-0,06	0,01	0,00	1474,85
1922	02.09.2025 08:42:01	17,85	-0,06	0,01	0,00	1474,85
1923	02.09.2025 08:42:02	17,85	-0,08	0,01	0,00	1474,85
1924	02.09.2025 08:42:03	17,85	-0,06	0,01	0,00	1474,85
1925	02.09.2025 08:42:04	17,85	-0,06	0,01	0,00	1474,85
1926	02.09.2025 08:42:05	17,85	-0,06	0,01	0,00	1474,85
1927	02.09.2025 08:42:06	17,85	-0,05	0,01	0,00	1474,85
1928	02.09.2025 08:42:07	17,85	-0,06	0,01	0,00	1474,85
1929	02.09.2025 08:42:08	17,85	-0,06	0,01	0,00	1474,85
1930	02.09.2025 08:42:09	17,85	-0,05	0,01	0,00	1474,85
1931	02.09.2025 08:42:10	17,85	-0,06	0,01	0,00	1474,85
1932	02.09.2025 08:42:11	17,85	-0,06	0,01	0,00	1474,85
1933	02.09.2025 08:42:12	17,85	-0,06	0,01	0,00	1474,85
1934	02.09.2025 08:42:13	17,85	-0,06	0,01	0,00	1474,85
1935	02.09.2025 08:42:14	17,85	-0,05	0,01	0,00	1474,85
1936	02.09.2025 08:42:15	17,85	-0,06	0,01	0,00	1474,85
1937	02.09.2025 08:42:16	17,85	-0,06	0,01	0,00	1474,85
1938	02.09.2025 08:42:17	17,85	-0,06	0,01	0,00	1474,85
1939	02.09.2025 08:42:18	17,85	-0,06	0,01	0,00	1474,85
1940	02.09.2025 08:42:19	17,85	-0,06	0,01	0,00	1474,85
1941	02.09.2025 08:42:20	17,88	-0,05	0,01	0,00	1474,95
1942	02.09.2025 08:42:21	17,88	-0,06	0,01	0,00	1474,95
1943	02.09.2025 08:42:22	17,88	-0,06	0,01	0,00	1474,95
1944	02.09.2025 08:42:23	17,88	-0,06	0,01	0,00	1474,95
1945	02.09.2025 08:42:24	17,88	-0,05	0,01	0,00	1474,95
1946	02.09.2025 08:42:25	17,88	-0,06	0,01	0,00	1474,95
1947	02.09.2025 08:42:26	17,88	-0,05	0,01	0,00	1474,95
1948	02.09.2025 08:42:27	17,88	-0,05	0,01	0,00	1474,95
1949	02.09.2025 08:42:28	17,88	-0,06	0,01	0,00	1474,95
1950	02.09.2025 08:42:29	17,88	-0,06	0,01	0,00	1474,95
1951	02.09.2025 08:42:30	17,88	-0,06	0,01	0,00	1474,95
1952	02.09.2025 08:42:31	17,88	-0,06	0,01	0,00	1474,95
1953	02.09.2025 08:42:32	17,88	-0,06	0,01	0,00	1474,95
1954	02.09.2025 08:42:33	17,88	-0,06	0,01	0,00	1474,95
1955	02.09.2025 08:42:34	17,88	-0,06	0,01	0,00	1474,95
1956	02.09.2025 08:42:35	17,88	-0,06	0,01	0,00	1474,95
1957	02.09.2025 08:42:36	17,88	-0,06	0,01	0,00	1474,95
1958	02.09.2025 08:42:37	17,88	-0,06	0,01	0,00	1474,95
1959	02.09.2025 08:42:38	17,88	-0,06	0,01	0,00	1474,95
1960	02.09.2025 08:42:39	17,88	-0,06	0,01	0,00	1474,95
1961	02.09.2025 08:42:40	17,88	-0,06	0,01	0,00	1474,95
1962	02.09.2025 08:42:41	17,88	-0,06	0,01	0,00	1474,95
1963	02.09.2025 08:42:42	17,88	-0,06	0,01	0,00	1474,95
1964	02.09.2025 08:42:43	17,88	-0,06	0,01	0,00	1474,95
1965	02.09.2025 08:42:44	17,88	-0,06	0,01	0,00	1474,95
1966	02.09.2025 08:42:45	17,88	-0,06	0,01	0,00	1474,95
1967	02.09.2025 08:42:46	17,88	-0,06	0,01	0,00	1474,95
1968	02.09.2025 08:42:47	17,88	-0,06	0,01	0,00	1474,95
1969	02.09.2025 08:42:48	17,88	-0,06	0,01	0,00	1474,95
1970	02.09.2025 08:42:49	17,88	-0,06	0,01	0,00	1474,95
1971	02.09.2025 08:42:50	17,88	-0,06	0,01	0,00	1474,95
1972	02.09.2025 08:42:51	17,88	-0,06	0,01	0,00	1474,95
1973	02.09.2025 08:42:52	17,88	-0,06	0,01	0,00	1474,95
1974	02.09.2025 08:42:53	17,88	-0,06	0,01	0,00	1474,95
1975	02.09.2025 08:42:54	17,88	-0,06	0,01	0,00	1474,95
1976	02.09.2025 08:42:55	17,88	-0,06	0,01	0,00	1474,95
1977	02.09.2025 08:42:56	17,88	-0,06	0,01	0,00	1474,95
1978	02.09.2025 08:42:57	17,88	-0,06	0,01	0,00	1474,95
1979	02.09.2025 08:42:58	17,91	-0,06	0,01	0,00	1475,05
1980	02.09.2025 08:42:59	17,91	-0,06	0,01	0,00	1475,05
1981	02.09.2025 08:43:00	17,91	-0,06	0,01	0,00	1475,05
1982	02.09.2025 08:43:01	17,91	-0,06	0,01	0,00	1475,05
1983	02.09.2025 08:43:02	17,91	-0,08	0,01	0,00	1475,04
1984	02.09.2025 08:43:03	17,91	-0,06	0,01	0,00	1475,05
1985	02.09.2025 08:43:04	17,91	-0,06	0,01	0,00	1475,05
1986	02.09.2025 08:43:05	17,91	-0,06	0,01	0,00	1475,05
1987	02.09.2025 08:43:06	17,91	-0,05	0,01	0,00	1475,05
1988	02.09.2025 08:43:07	17,91	-0,06	0,01	0,00	1475,05
1989	02.09.2025 08:43:08	17,91	-0,06	0,01	0,00	1475,05
1990	02.09.2025 08:43:09	17,91	-0,06	0,01	0,00	1475,05
1991	02.09.2025 08:43:10	17,91	-0,06	0,01	0,00	1475,05
1992	02.09.2025 08:43:11	17,91	-0,06	0,01	0,00	1475,05
1993	02.09.2025 08:43:12	17,91	-0,06	0,01	0,00	1475,05
1994	02.09.2025 08:43:13	17,91	-0,06	0,01	0,00	1475,05
1995	02.09.2025 08:43:14	17,91	-0,06	0,01	0,00	1475,05
1996	02.09.2025 08:43:15	17,91	-0,06	0,01	0,00	1475,05
1997	02.09.2025 08:43:16	17,91	-0,06	0,01	0,00	1475,05
1998	02.09.2025 08:43:17	17,91	-0,06	0,01	0,00	1475,05
1999	02.09.2025 08:43:18	17,91	-0,06	0,01	0,00	1475,05
2000	02.09.2025 08:43:19	17,91	-0,06	0,01	0,00	1475,05
2001	02.09.2025 08:43:20	17,91	-0,06	0,01	0,00	1475,05
2002	02.09.2025 08:43:21	17,91	-0,06	0,01	0,00	1475,05
2003	02.09.2025 08:43:22	17,91	-0,06	0,01	0,00	1475,05
2004	02.09.2025 08:43:23	17,91	-0,06	0,01	0,00	1475,05
2005	02.09.2025 08:43:24	17,91	-0,06	0,01	0,00	1475,05
2006	02.09.2025 08:43:25	17,91	-0,06	0,01	0,00	1475,05
2007	02.09.2025 08:43:26	17,91	-0,06	0,01	0,00	1475,05
2008	02.09.2025 08:43:27	17,91	-0,06	0,01	0,00	1475,05
2009	02.09.2025 08:43:28	17,91	-0,06	0,01	0,00	1475,05
2010	02.09.2025 08:43:29	17,91	-0,06	0,01	0,00	1475,05
2011	02.09.2025 08:43:30	17,91	-0,06	0,01	0,00	1475,05
2012	02.09.2025 08:43:31	17,91	-0,06	0,01	0,00	1475,05
2013	02.09.2025 08:43:32	17,91	-0,08	0,01	0,00	1475,04
2014	02.09.2025 08:43:33	17,91	-0,06	0,01	0,00	1475,05
2015	02.09.2025 08:43:34	17,91	-0,06	0,01	0,00	1475,05
2016	02.09.2025 08:43:35	17,91	-0,06	0,01	0,00	1475,05
2017	02.09.2025 08:43:36	17,91	-0,06	0,01	0,00	1475,05
2018	02.09.2025 08:43:37	17,91	-0,06	0,01	0,00	1475,05
2019	02.09.2025 08:43:38	17,91	-0,06	0,01	0,00	1475,05
2020	02.09.2025 08:43:39	17,91	-0,06	0,01	0,00	1475,05
2021	02.09.2025 08:43:40	17,91	-0,06	0,01	0,00	1475,05
2022	02.09.2025 08:43:41	17,91	-0,08	0,01	0,00	1475,04
2023	02.09.2025 08:43:42	17,91	-0,06	0,01	0,00	1475,05
2024	02.09.2025 08:43:43	17,91	-0,08	0,01	0,00	1475,04
2025	02.09.2025 08:43:44	17,91	-0,06	0,01	0,00	1475,05
2026	02.09.2025 08:43:45	17,91	-0,06	0,01	0,00	1475,05
2027	02.09.2025 08:43:46	17,91	-0,06	0,01	0,00	1475,05
2028	02.09.2025 08:43:47	17,91	-0,06	0,01	0,00	1475,05
2029	02.09.2025 08:43:48	17,91	-0,06	0,01	0,02	1475,05
2030	02.09.2025 08:43:49	17,91	-0,06	0,01	0,00	1475,05
2031	02.09.2025 08:43:50	17,91	-0,06	0,01	0,00	1475,05
2032	02.09.2025 08:43:51	17,93	-0,08	0,01	0,00	1475,14
2033	02.09.2025 08:43:52	17,93	-0,06	0,01	0,00	1475,14
2034	02.09.2025 08:43:53	17,93	-0,06	0,01	0,00	1475,14
2035	02.09.2025 08:43:54	17,93	-0,06	0,01	0,00	1475,14
2036	02.09.2025 08:43:55	17,93	-0,06	0,01	0,00	1475,14
2037	02.09.2025 08:43:56	17,93	-0,06	0,01	0,00	1475,14
2038	02.09.2025 08:43:57	17,93	-0,06	0,01	0,00	1475,14
2039	02.09.2025 08:43:58	17,93	-0,05	0,01	0,00	1475,15
2040	02.09.2025 08:43:59	17,93	-0,06	0,01	0,00	1475,14
2041	02.09.2025 08:44:00	17,93	-0,06	0,01	0,00	1475,14
2042	02.09.2025 08:44:01	17,93	-0,06	0,01	0,00	1475,14
2043	02.09.2025 08:44:02	17,93	-0,06	0,01	0,00	1475,14
2044	02.09.2025 08:44:03	17,93	-0,06	0,01	0,00	1475,14
2045	02.09.2025 08:44:04	17,93	-0,06	0,01	0,00	1475,14
2046	02.09.2025 08:44:05	17,93	-0,06	0,01	0,00	1475,14
2047	02.09.2025 08:44:06	17,93	-0,06	0,01	0,00	1475,14
2048	02.09.2025 08:44:07	17,93	-0,06	0,01	0,00	1475,14
2049	02.09.2025 08:44:08	17,93	-0,06	0,01	0,00	1475,14
2050	02.09.2025 08:44:09	17,93	-0,06	0,01	0,00	1475,14
2051	02.09.2025 08:44:10	17,93	-0,06	0,01	0,00	1475,14
2052	02.09.2025 08:44:11	17,93	-0,06	0,01	0,00	1475,14
2053	02.09.2025 08:44:12	17,93	-0,06	0,01	0,00	1475,14
2054	02.09.2025 08:44:13	17,93	-0,08	0,01	0,00	1475,14
2055	02.09.2025 08:44:14	17,93	-0,06	0,01	0,00	1475,14
2056	02.09.2025 08:44:15	17,93	-0,06	0,01	0,00	1475,14
2057	02.09.2025 08:44:16	17,93	-0,08	0,01	0,00	1475,14
2058	02.09.2025 08:44:17	17,93	-0,06	0,01	0,00	1475,14
2059	02.09.2025 08:44:18	17,93	-0,06	0,01	0,00	1475,14
2060	02.09.2025 08:44:19	17,93	-0,06	0,01	0,00	1475,14
2061	02.09.2025 08:44:20	17,93	-0,06	0,01	0,00	1475,14
2062	02.09.2025 08:44:21	17,93	-0,06	0,01	0,00	1475,14
2063	02.09.2025 08:44:22	17,93	-0,06	0,01	0,02	1475,15
2064	02.09.2025 08:44:23	17,93	-0,06	0,01	0,00	1475,14
2065	02.09.2025 08:44:24	17,96	-0,06	0,01	0,00	1475,24
2066	02.09.2025 08:44:25	17,96	-0,06	0,01	0,00	1475,24
2067	02.09.2025 08:44:26	17,96	-0,06	0,01	0,00	1475,24
2068	02.09.2025 08:44:27	17,96	-0,08	0,01	0,00	1475,24
2069	02.09.2025 08:44:28	17,96	-0,06	0,01	0,00	1475,24
2070	02.09.2025 08:44:29	17,96	-0,06	0,01	0,00	1475,24
2071	02.09.2025 08:44:30	17,96	-0,06	0,01	0,00	1475,24
2072	02.09.2025 08:44:31	17,96	-0,06	0,01	0,00	1475,24
2073	02.09.2025 08:44:32	17,96	-0,06	0,01	0,00	1475,24
2074	02.09.2025 08:44:33	17,96	-0,06	0,01	0,00	1475,24
2075	02.09.2025 08:44:34	17,96	-0,06	0,01	0,00	1475,24
2076	02.09.2025 08:44:35	17,96	-0,06	0,01	0,00	1475,24
2077	02.09.2025 08:44:36	17,96	-0,06	0,01	0,00	1475,24
2078	02.09.2025 08:44:37	17,96	-0,08	0,01	0,00	1475,24
2079	02.09.2025 08:44:38	17,96	-0,06	0,01	0,00	1475,24
2080	02.09.2025 08:44:39	17,96	-0,06	0,01	0,00	1475,24
2081	02.09.2025 08:44:40	17,96	-0,06	0,01	0,00	1475,24
2082	02.09.2025 08:44:41	17,96	-0,06	0,01	0,00	1475,24
2083	02.09.2025 08:44:42	17,96	-0,06	0,01	0,00	1475,24
2084	02.09.2025 08:44:43	17,96	-0,06	0,01	0,00	1475,24
2085	02.09.2025 08:44:44	17,96	-0,08	0,01	0,00	1475,24
2086	02.09.2025 08:44:45	17,96	-0,08	0,01	0,00	1475,24
2087	02.09.2025 08:44:46	17,96	-0,06	0,01	0,00	1475,24
2088	02.09.2025 08:44:47	17,96	-0,08	0,01	0,00	1475,24
2089	02.09.2025 08:44:48	17,96	-0,08	0,01	0,00	1475,24
2090	02.09.2025 08:44:49	17,96	-0,08	0,01	0,00	1475,24
2091	02.09.2025 08:44:50	17,96	-0,06	0,01	0,00	1475,24
2092	02.09.2025 08:44:51	17,96	-0,08	0,01	0,00	1475,24
2093	02.09.2025 08:44:52	17,96	-0,08	0,01	0,00	1475,24
2094	02.09.2025 08:44:53	17,96	-0,08	0,01	0,00	1475,24
2095	02.09.2025 08:44:54	17,96	-0,06	0,01	0,00	1475,24
2096	02.09.2025 08:44:55	17,96	-0,08	0,01	0,00	1475,24
2097	02.09.2025 08:44:56	17,96	-0,06	0,01	0,00	1475,24
2098	02.09.2025 08:44:57	17,96	-0,06	0,01	0,00	1475,24
2099	02.09.2025 08:44:58	17,96	-0,08	0,01	0,00	1475,24
2100	02.09.2025 08:44:59	17,99	-0,08	0,01	0,00	1475,33
2101	02.09.2025 08:45:00	17,96	-0,06	0,01	0,00	1475,24
2102	02.09.2025 08:45:01	17,99	-0,08	0,01	0,00	1475,33
2103	02.09.2025 08:45:02	17,99	-0,06	0,01	0,00	1475,34
2104	02.09.2025 08:45:03	17,99	-0,08	0,01	0,00	1475,33
2105	02.09.2025 08:45:04	17,99	-0,06	0,01	0,00	1475,34
2106	02.09.2025 08:45:05	17,99	-0,08	0,01	0,00	1475,33
2107	02.09.2025 08:45:06	17,99	-0,08	0,01	0,00	1475,33
2108	02.09.2025 08:45:07	17,99	-0,06	0,01	0,00	1475,34
2109	02.09.2025 08:45:08	17,99	-0,08	0,01	0,00	1475,33
2110	02.09.2025 08:45:09	17,99	-0,08	0,01	0,00	1475,33
2111	02.09.2025 08:45:10	17,99	-0,08	0,01	0,00	1475,33
2112	02.09.2025 08:45:11	17,99	-0,08	0,01	0,00	1475,33
2113	02.09.2025 08:45:12	17,99	-0,08	0,01	0,00	1475,33
2114	02.09.2025 08:45:13	17,99	-0,06	0,01	0,00	1475,34
2115	02.09.2025 08:45:14	17,99	-0,06	0,01	0,00	1475,34
2116	02.09.2025 08:45:15	17,99	-0,06	0,01	0,00	1475,34
2117	02.09.2025 08:45:16	17,99	-0,06	0,01	0,00	1475,34
2118	02.09.2025 08:45:17	17,99	-0,08	0,01	0,00	1475,33
2119	02.09.2025 08:45:18	17,99	-0,08	0,01	0,00	1475,33
2120	02.09.2025 08:45:19	17,99	-0,08	0,01	0,00	1475,33
2121	02.09.2025 08:45:20	17,99	-0,08	0,01	0,00	1475,33
2122	02.09.2025 08:45:21	17,99	-0,08	0,01	0,00	1475,33
2123	02.09.2025 08:45:22	17,99	-0,08	0,01	0,00	1475,33
2124	02.09.2025 08:45:23	17,99	-0,08	0,01	0,00	1475,33
2125	02.09.2025 08:45:24	17,99	-0,06	0,01	0,00	1475,34
2126	02.09.2025 08:45:25	17,99	-0,08	0,01	0,00	1475,33
2127	02.09.2025 08:45:26	17,99	-0,08	0,01	0,00	1475,33
2128	02.09.2025 08:45:27	17,99	-0,08	0,01	0,00	1475,33
2129	02.09.2025 08:45:28	17,99	-0,08	0,01	0,00	1475,33
2130	02.09.2025 08:45:29	17,99	-0,08	0,01	0,00	1475,33
2131	02.09.2025 08:45:30	17,99	-0,08	0,01	0,02	1475,34
2132	02.09.2025 08:45:31	17,99	-0,08	0,01	0,00	1475,33
2133	02.09.2025 08:45:32	17,99	-0,08	0,01	0,00	1475,33
2134	02.09.2025 08:45:33	17,99	-0,06	0,01	0,00	1475,34
2135	02.09.2025 08:45:34	17,99	-0,06	0,01	0,00	1475,34
2136	02.09.2025 08:45:35	17,99	-0,08	0,01	0,00	1475,33
2137	02.09.2025 08:45:36	17,99	-0,08	0,01	0,00	1475,33
2138	02.09.2025 08:45:37	17,99	-0,08	0,01	0,00	1475,33
2139	02.09.2025 08:45:38	17,99	-0,08	0,01	0,02	1475,34
2140	02.09.2025 08:45:39	17,99	-0,08	0,01	0,00	1475,33
2141	02.09.2025 08:45:40	17,99	-0,08	0,01	0,00	1475,33
2142	02.09.2025 08:45:41	17,99	-0,08	0,01	0,00	1475,33
2143	02.09.2025 08:45:42	17,99	-0,08	0,01	0,02	1475,34
2144	02.09.2025 08:45:43	18,02	-0,08	0,01	0,00	1475,43
2145	02.09.2025 08:45:44	18,02	-0,06	0,01	0,00	1475,43
2146	02.09.2025 08:45:45	17,99	-0,08	0,01	0,02	1475,34
2147	02.09.2025 08:45:46	18,02	-0,08	0,01	0,00	1475,43
2148	02.09.2025 08:45:47	18,02	-0,08	0,01	0,00	1475,43
2149	02.09.2025 08:45:48	18,02	-0,08	0,01	0,00	1475,43
2150	02.09.2025 08:45:49	18,02	-0,06	0,01	0,00	1475,43
2151	02.09.2025 08:45:50	18,02	-0,06	0,01	0,00	1475,43
2152	02.09.2025 08:45:51	18,02	-0,08	0,01	0,00	1475,43
2153	02.09.2025 08:45:52	18,02	-0,08	0,01	0,00	1475,43
2154	02.09.2025 08:45:53	18,02	-0,08	0,01	0,00	1475,43
2155	02.09.2025 08:45:54	18,02	-0,08	0,01	0,00	1475,43
2156	02.09.2025 08:45:55	18,02	-0,08	0,01	0,00	1475,43
2157	02.09.2025 08:45:56	18,02	-0,10	0,01	0,00	1475,43
2158	02.09.2025 08:45:57	18,02	-0,08	0,01	0,00	1475,43
2159	02.09.2025 08:45:58	18,02	-0,08	0,01	0,00	1475,43
2160	02.09.2025 08:45:59	18,02	-0,08	0,01	0,00	1475,43
2161	02.09.2025 08:46:00	18,02	-0,08	0,01	0,00	1475,43
2162	02.09.2025 08:46:01	18,02	-0,08	0,01	0,00	1475,43
2163	02.09.2025 08:46:02	18,02	-0,08	0,01	0,00	1475,43
2164	02.09.2025 08:46:03	18,02	-0,08	0,01	0,00	1475,43
2165	02.09.2025 08:46:04	18,02	-0,08	0,01	0,00	1475,43
2166	02.09.2025 08:46:05	18,02	-0,08	0,01	0,00	1475,43
2167	02.09.2025 08:46:06	18,02	-0,08	0,01	0,00	1475,43
2168	02.09.2025 08:46:07	18,02	-0,06	0,01	0,00	1475,43
2169	02.09.2025 08:46:08	18,02	-0,08	0,01	0,00	1475,43
2170	02.09.2025 08:46:09	18,02	-0,06	0,30	0,54	1475,77
2171	02.09.2025 08:46:10	18,02	-0,06	0,27	0,48	1475,73
2172	02.09.2025 08:46:11	18,02	-0,08	0,27	0,48	1475,73
2173	02.09.2025 08:46:12	18,02	-0,06	0,27	0,48	1475,73
2174	02.09.2025 08:46:13	18,02	-0,08	0,27	0,48	1475,73
2175	02.09.2025 08:46:14	18,02	-0,08	0,29	0,51	1475,75
2176	02.09.2025 08:46:15	18,05	-0,06	0,28	0,51	1475,85
2177	02.09.2025 08:46:16	18,05	-0,06	0,28	0,51	1475,85
2178	02.09.2025 08:46:17	18,05	-0,06	0,28	0,51	1475,85
2179	02.09.2025 08:46:18	18,05	-0,08	0,28	0,51	1475,85
2180	02.09.2025 08:46:19	18,05	-0,05	0,28	0,51	1475,85
2181	02.09.2025 08:46:20	18,05	-0,06	0,28	0,51	1475,85
2182	02.09.2025 08:46:21	18,05	-0,05	0,28	0,51	1475,85
2183	02.09.2025 08:46:22	18,05	-0,06	0,28	0,51	1475,85
2184	02.09.2025 08:46:23	18,05	-0,06	0,28	0,51	1475,85
2185	02.09.2025 08:46:24	18,05	-0,06	0,28	0,51	1475,85
2186	02.09.2025 08:46:25	18,05	-0,08	0,28	0,51	1475,85
2187	02.09.2025 08:46:26	18,05	-0,06	0,28	0,51	1475,85
2188	02.09.2025 08:46:27	18,05	-0,08	0,28	0,51	1475,85
2189	02.09.2025 08:46:28	18,05	-0,06	0,28	0,51	1475,85
2190	02.09.2025 08:46:29	18,05	-0,06	0,28	0,51	1475,85
2191	02.09.2025 08:46:30	18,05	-0,06	0,28	0,51	1475,85
2192	02.09.2025 08:46:31	18,05	-0,06	0,28	0,51	1475,85
2193	02.09.2025 08:46:32	18,05	-0,06	0,28	0,51	1475,85
2194	02.09.2025 08:46:33	18,05	-0,06	0,28	0,51	1475,85
2195	02.09.2025 08:46:34	18,05	-0,06	0,28	0,51	1475,85
2196	02.09.2025 08:46:35	18,05	-0,06	0,28	0,51	1475,85
2197	02.09.2025 08:46:36	18,05	-0,08	0,28	0,51	1475,85
2198	02.09.2025 08:46:37	18,05	-0,06	0,28	0,51	1475,85
2199	02.09.2025 08:46:38	18,05	-0,06	0,28	0,51	1475,85
2200	02.09.2025 08:46:39	18,05	-0,06	0,28	0,51	1475,85
2201	02.09.2025 08:46:40	18,05	-0,06	0,28	0,51	1475,85
2202	02.09.2025 08:46:41	18,05	-0,06	0,28	0,51	1475,85
2203	02.09.2025 08:46:42	18,05	-0,08	0,28	0,51	1475,85
2204	02.09.2025 08:46:43	18,05	-0,06	0,28	0,51	1475,85
2205	02.09.2025 08:46:44	18,05	-0,06	0,28	0,51	1475,85
2206	02.09.2025 08:46:45	18,05	-0,08	0,28	0,51	1475,85
2207	02.09.2025 08:46:46	18,05	-0,06	0,30	0,54	1475,87
2208	02.09.2025 08:46:47	18,05	-0,08	0,28	0,51	1475,85
2209	02.09.2025 08:46:48	18,05	-0,06	0,28	0,51	1475,85
2210	02.09.2025 08:46:49	18,05	-0,06	0,28	0,51	1475,85
2211	02.09.2025 08:46:50	18,05	-0,06	0,30	0,54	1475,87
2212	02.09.2025 08:46:51	18,05	-0,08	0,28	0,51	1475,85
2213	02.09.2025 08:46:52	18,08	-0,06	0,28	0,51	1475,95
2214	02.09.2025 08:46:53	18,08	-0,06	0,30	0,54	1475,97
2215	02.09.2025 08:46:54	18,08	-0,06	0,28	0,51	1475,95
2216	02.09.2025 08:46:55	18,08	-0,06	0,28	0,51	1475,95
2217	02.09.2025 08:46:56	18,08	-0,06	0,28	0,51	1475,95
2218	02.09.2025 08:46:57	18,08	-0,08	0,28	0,51	1475,94
2219	02.09.2025 08:46:58	18,08	-0,06	0,28	0,51	1475,95
2220	02.09.2025 08:46:59	18,08	-0,06	0,30	0,54	1475,97
2221	02.09.2025 08:47:00	18,08	-0,06	0,28	0,51	1475,95
2222	02.09.2025 08:47:01	18,08	-0,08	0,28	0,51	1475,94
2223	02.09.2025 08:47:02	18,08	-0,08	0,28	0,51	1475,94
2224	02.09.2025 08:47:03	18,08	-0,06	0,28	0,51	1475,95
2225	02.09.2025 08:47:04	18,08	-0,08	0,28	0,51	1475,94
2226	02.09.2025 08:47:05	18,08	-0,08	0,28	0,51	1475,94
2227	02.09.2025 08:47:06	18,08	-0,08	0,28	0,51	1475,94
2228	02.09.2025 08:47:07	18,08	-0,06	0,30	0,54	1475,97
2229	02.09.2025 08:47:08	18,08	-0,06	0,28	0,51	1475,95
2230	02.09.2025 08:47:09	18,08	-0,06	0,27	0,48	1475,93
2231	02.09.2025 08:47:10	18,08	-0,06	0,30	0,54	1475,97
2232	02.09.2025 08:47:11	18,08	-0,08	0,28	0,51	1475,94
2233	02.09.2025 08:47:12	18,08	-0,08	0,28	0,51	1475,94
2234	02.09.2025 08:47:13	18,08	-0,06	0,28	0,51	1475,95
2235	02.09.2025 08:47:14	18,08	-0,08	0,30	0,54	1475,96
2236	02.09.2025 08:47:15	18,08	-0,08	0,28	0,51	1475,94
2237	02.09.2025 08:47:16	18,08	-0,08	0,28	0,51	1475,94
2238	02.09.2025 08:47:17	18,08	-0,06	0,28	0,51	1475,95
2239	02.09.2025 08:47:18	18,08	-0,06	0,28	0,51	1475,95
2240	02.09.2025 08:47:19	18,08	-0,08	0,30	0,54	1475,96
2241	02.09.2025 08:47:20	18,08	-0,08	0,28	0,51	1475,94
2242	02.09.2025 08:47:21	18,08	-0,06	0,28	0,51	1475,95
2243	02.09.2025 08:47:22	18,11	-0,08	0,30	0,54	1476,06
2244	02.09.2025 08:47:23	18,08	-0,06	0,28	0,51	1475,95
2245	02.09.2025 08:47:24	18,11	-0,08	0,28	0,51	1476,04
2246	02.09.2025 08:47:25	18,11	-0,08	0,28	0,51	1476,04
2247	02.09.2025 08:47:26	18,11	-0,06	0,30	0,54	1476,06
2248	02.09.2025 08:47:27	18,11	-0,06	0,28	0,51	1476,04
2249	02.09.2025 08:47:28	18,11	-0,06	0,28	0,51	1476,04
2250	02.09.2025 08:47:29	18,11	-0,06	0,28	0,51	1476,04
2251	02.09.2025 08:47:30	18,11	-0,08	0,28	0,51	1476,04
2252	02.09.2025 08:47:31	18,11	-0,08	0,28	0,51	1476,04
2253	02.09.2025 08:47:32	18,11	-0,06	0,30	0,54	1476,06
2254	02.09.2025 08:47:33	18,11	-0,08	0,28	0,51	1476,04
2255	02.09.2025 08:47:34	18,11	-0,06	0,28	0,51	1476,04
2256	02.09.2025 08:47:35	18,11	-0,06	0,28	0,51	1476,04
2257	02.09.2025 08:47:36	18,11	-0,08	0,28	0,51	1476,04
2258	02.09.2025 08:47:37	18,11	-0,08	0,28	0,51	1476,04
2259	02.09.2025 08:47:38	18,11	-0,08	0,28	0,51	1476,04
2260	02.09.2025 08:47:39	18,11	-0,08	0,28	0,51	1476,04
2261	02.09.2025 08:47:40	18,11	-0,06	0,28	0,51	1476,04
2262	02.09.2025 08:47:41	18,11	-0,08	0,28	0,51	1476,04
2263	02.09.2025 08:47:42	18,11	-0,08	0,28	0,51	1476,04
2264	02.09.2025 08:47:43	18,11	-0,06	0,28	0,51	1476,04
2265	02.09.2025 08:47:44	18,11	-0,06	0,28	0,51	1476,04
2266	02.09.2025 08:47:45	18,14	-0,05	0,28	0,51	1476,14
2267	02.09.2025 08:47:46	18,11	-0,08	0,28	0,51	1476,04
2268	02.09.2025 08:47:47	18,11	-0,08	0,28	0,51	1476,04
2269	02.09.2025 08:47:48	18,14	-0,06	0,28	0,51	1476,14
2270	02.09.2025 08:47:49	18,14	-0,06	0,28	0,51	1476,14
2271	02.09.2025 08:47:50	18,14	-0,06	0,28	0,51	1476,14
2272	02.09.2025 08:47:51	18,14	-0,06	0,28	0,51	1476,14
2273	02.09.2025 08:47:52	18,14	-0,06	0,30	0,54	1476,16
2274	02.09.2025 08:47:53	18,14	-0,06	0,28	0,51	1476,14
2275	02.09.2025 08:47:54	18,14	-0,06	0,28	0,51	1476,14
2276	02.09.2025 08:47:55	18,14	-0,06	0,28	0,51	1476,14
2277	02.09.2025 08:47:56	18,14	-0,06	0,30	0,54	1476,16
2278	02.09.2025 08:47:57	18,14	-0,06	0,28	0,51	1476,14
2279	02.09.2025 08:47:58	18,14	-0,06	0,28	0,51	1476,14
2280	02.09.2025 08:47:59	18,14	-0,06	0,30	0,54	1476,16
2281	02.09.2025 08:48:00	18,14	-0,06	0,19	0,33	1476,03
2282	02.09.2025 08:48:01	18,14	-0,05	0,25	0,45	1476,10
2283	02.09.2025 08:48:02	18,14	-0,08	0,27	0,48	1476,12
2284	02.09.2025 08:48:03	18,14	-0,06	0,30	0,54	1476,16
2285	02.09.2025 08:48:04	18,14	-0,06	0,30	0,54	1476,16
2286	02.09.2025 08:48:05	18,14	-0,06	0,28	0,51	1476,14
2287	02.09.2025 08:48:06	18,14	-0,06	0,25	0,45	1476,10
2288	02.09.2025 08:48:07	18,14	-0,05	0,27	0,48	1476,12
2289	02.09.2025 08:48:08	18,17	-0,06	0,10	0,19	1476,03
2290	02.09.2025 08:48:09	18,17	-0,06	0,03	0,04	1475,94
2291	02.09.2025 08:48:10	18,17	-0,06	0,01	0,00	1475,92
2292	02.09.2025 08:48:11	18,17	-0,06	0,01	0,00	1475,92
2293	02.09.2025 08:48:12	18,17	-0,06	0,01	0,00	1475,92
2294	02.09.2025 08:48:13	18,17	-0,06	0,01	0,00	1475,92
2295	02.09.2025 08:48:14	18,17	-0,06	0,01	0,02	1475,93
2296	02.09.2025 08:48:15	18,17	-0,05	0,01	0,00	1475,92
2297	02.09.2025 08:48:16	18,17	-0,06	0,01	0,00	1475,92
2298	02.09.2025 08:48:17	18,20	-0,06	0,01	0,02	1476,02
2299	02.09.2025 08:48:18	18,20	-0,06	0,01	0,00	1476,02
2300	02.09.2025 08:48:19	18,23	-0,08	0,01	0,00	1476,11
2301	02.09.2025 08:48:20	18,29	-0,08	0,01	0,00	1476,30
2302	02.09.2025 08:48:21	18,32	-0,10	0,01	0,02	1476,40
2303	02.09.2025 08:48:22	18,38	-0,15	0,01	0,00	1476,58
2304	02.09.2025 08:48:23	18,53	-0,21	0,01	0,02	1477,06
2305	02.09.2025 08:48:24	18,74	-0,17	0,01	0,00	1477,73
2306	02.09.2025 08:48:25	18,85	-0,12	0,01	0,00	1478,11
2307	02.09.2025 08:48:26	18,88	-0,12	0,01	0,00	1478,21
2308	02.09.2025 08:48:27	18,91	-0,13	0,01	0,00	1478,30
2309	02.09.2025 08:48:28	19,00	-0,12	0,01	0,02	1478,59
2310	02.09.2025 08:48:29	19,03	-0,12	0,01	0,02	1478,69
2311	02.09.2025 08:48:30	19,12	-0,15	0,01	0,00	1478,96
2312	02.09.2025 08:48:31	19,21	-0,12	0,01	0,00	1479,24
