#B	Created:	30.07.2025 17:55:07
##	Version	SeaStar	9.59
#5	Field separation:	0
#2	Date & Time:	1
#6	Decimal point:	,
#7	Date def.:	dd.mm.yyyy	.
#8	Time def.:	:
##	Axis	0	Temperature(°C)	clRed	FALSE
##	Axis	1	Pressure(Bar)	clBlue	FALSE
##	Axis	2	Salinity(psu)	clGreen	FALSE
##	Axis	3	Conductivity(mS/cm)	$00FF80FF	FALSE
##	Axis	4	Sound Velocity(m/sec)	$00404080	FALSE
##	Series	0	Temp(°C)	clRed	0	Temp(°C)	2
##	Series	1	Press(Bar)	clBlue	1	Press(Bar)	2
##	Series	2	Salinity(psu)	clGreen	2	Salinity(psu)	2
##	Series	3	Conduct(mS/cm)	$00FF80FF	3	Conduct(mS/cm)	2
##	Series	4	Sound Velocity(m/sec)	$00404080	4	Velocity(m/sec)	2
##	Recorder	98	DST CTD	13526
##	Chart	98S13526DAT	
#D	Data:	2551	30.07.2025 17:12:00	30.07.2025 17:54:30
1	30.07.2025 17:12:00	23,22	-0,03	0,17	0,35	1491,55
2	30.07.2025 17:12:01	23,22	-0,05	0,17	0,35	1491,54
3	30.07.2025 17:12:02	23,22	-0,05	0,17	0,35	1491,54
4	30.07.2025 17:12:03	23,22	-0,05	0,17	0,35	1491,54
5	30.07.2025 17:12:04	23,22	-0,03	0,16	0,32	1491,53
6	30.07.2025 17:12:05	23,22	-0,05	0,17	0,35	1491,54
7	30.07.2025 17:12:06	23,22	-0,05	0,17	0,35	1491,54
8	30.07.2025 17:12:07	23,22	-0,03	0,17	0,35	1491,55
9	30.07.2025 17:12:08	23,22	-0,05	0,17	0,35	1491,54
10	30.07.2025 17:12:09	23,19	-0,03	0,17	0,35	1491,46
11	30.07.2025 17:12:10	23,22	-0,05	0,16	0,32	1491,53
12	30.07.2025 17:12:11	23,22	-0,05	0,16	0,32	1491,53
13	30.07.2025 17:12:12	23,19	-0,03	0,16	0,32	1491,45
14	30.07.2025 17:12:13	23,19	-0,03	0,16	0,32	1491,45
15	30.07.2025 17:12:14	23,19	-0,03	0,17	0,35	1491,46
16	30.07.2025 17:12:15	23,19	-0,05	0,17	0,35	1491,46
17	30.07.2025 17:12:16	23,19	-0,05	0,17	0,35	1491,46
18	30.07.2025 17:12:17	23,19	-0,05	0,17	0,35	1491,46
19	30.07.2025 17:12:18	23,19	-0,05	0,17	0,35	1491,46
20	30.07.2025 17:12:19	23,19	-0,05	0,17	0,35	1491,46
21	30.07.2025 17:12:20	23,19	-0,05	0,17	0,35	1491,46
22	30.07.2025 17:12:21	23,19	-0,05	0,17	0,35	1491,46
23	30.07.2025 17:12:22	23,19	-0,03	0,17	0,35	1491,46
24	30.07.2025 17:12:23	23,19	-0,03	0,17	0,35	1491,46
25	30.07.2025 17:12:24	23,19	-0,05	0,17	0,35	1491,46
26	30.07.2025 17:12:25	23,19	-0,03	0,17	0,35	1491,46
27	30.07.2025 17:12:26	23,16	-0,03	0,17	0,35	1491,38
28	30.07.2025 17:12:27	23,19	-0,03	0,17	0,35	1491,46
29	30.07.2025 17:12:28	23,16	-0,03	0,17	0,35	1491,38
30	30.07.2025 17:12:29	23,16	-0,05	0,17	0,35	1491,38
31	30.07.2025 17:12:30	23,16	-0,03	0,17	0,35	1491,38
32	30.07.2025 17:12:31	23,16	-0,05	0,17	0,35	1491,38
33	30.07.2025 17:12:32	23,16	-0,03	0,17	0,35	1491,38
34	30.07.2025 17:12:33	23,16	-0,05	0,17	0,35	1491,38
35	30.07.2025 17:12:34	23,16	-0,03	0,17	0,35	1491,38
36	30.07.2025 17:12:35	23,16	-0,03	0,17	0,35	1491,38
37	30.07.2025 17:12:36	23,16	-0,05	0,17	0,35	1491,38
38	30.07.2025 17:12:37	23,16	-0,05	0,17	0,35	1491,38
39	30.07.2025 17:12:38	23,16	-0,03	0,17	0,35	1491,38
40	30.07.2025 17:12:39	23,16	-0,05	0,17	0,35	1491,38
41	30.07.2025 17:12:40	23,16	-0,05	0,16	0,32	1491,36
42	30.07.2025 17:12:41	23,16	-0,05	0,17	0,35	1491,38
43	30.07.2025 17:12:42	23,16	-0,03	0,17	0,35	1491,38
44	30.07.2025 17:12:43	23,16	-0,03	0,17	0,35	1491,38
45	30.07.2025 17:12:44	23,16	-0,03	0,17	0,35	1491,38
46	30.07.2025 17:12:45	23,16	-0,03	0,17	0,35	1491,38
47	30.07.2025 17:12:46	23,16	-0,03	0,17	0,35	1491,38
48	30.07.2025 17:12:47	23,13	-0,03	0,17	0,35	1491,30
49	30.07.2025 17:12:48	23,13	-0,05	0,17	0,35	1491,29
50	30.07.2025 17:12:49	23,16	-0,03	0,17	0,35	1491,38
51	30.07.2025 17:12:50	23,13	-0,05	0,17	0,35	1491,29
52	30.07.2025 17:12:51	23,13	-0,03	0,17	0,35	1491,30
53	30.07.2025 17:12:52	23,13	-0,03	0,17	0,35	1491,30
54	30.07.2025 17:12:53	23,13	-0,05	0,17	0,35	1491,29
55	30.07.2025 17:12:54	23,13	-0,03	0,17	0,35	1491,30
56	30.07.2025 17:12:55	23,13	-0,05	0,17	0,35	1491,29
57	30.07.2025 17:12:56	23,13	-0,03	0,17	0,35	1491,30
58	30.07.2025 17:12:57	23,13	-0,03	0,17	0,35	1491,30
59	30.07.2025 17:12:58	23,13	-0,03	0,17	0,35	1491,30
60	30.07.2025 17:12:59	23,13	-0,05	0,17	0,35	1491,29
61	30.07.2025 17:13:00	23,13	-0,05	0,17	0,35	1491,29
62	30.07.2025 17:13:01	23,13	-0,03	0,17	0,35	1491,30
63	30.07.2025 17:13:02	23,10	-0,03	0,17	0,35	1491,21
64	30.07.2025 17:13:03	23,10	-0,05	0,17	0,35	1491,21
65	30.07.2025 17:13:04	23,10	-0,05	0,17	0,35	1491,21
66	30.07.2025 17:13:05	23,10	-0,03	0,17	0,35	1491,21
67	30.07.2025 17:13:06	23,10	-0,05	0,17	0,35	1491,21
68	30.07.2025 17:13:07	23,10	-0,05	0,17	0,35	1491,21
69	30.07.2025 17:13:08	23,10	-0,03	0,17	0,35	1491,21
70	30.07.2025 17:13:09	23,10	-0,05	0,17	0,35	1491,21
71	30.07.2025 17:13:10	23,10	-0,03	0,17	0,35	1491,21
72	30.07.2025 17:13:11	23,10	-0,03	0,17	0,35	1491,21
73	30.07.2025 17:13:12	23,10	-0,05	0,17	0,35	1491,21
74	30.07.2025 17:13:13	23,10	-0,05	0,17	0,35	1491,21
75	30.07.2025 17:13:14	23,10	-0,03	0,17	0,35	1491,21
76	30.07.2025 17:13:15	23,10	-0,03	0,17	0,35	1491,21
77	30.07.2025 17:13:16	23,10	-0,03	0,17	0,35	1491,21
78	30.07.2025 17:13:17	23,10	-0,05	0,17	0,35	1491,21
79	30.07.2025 17:13:18	23,10	-0,05	0,17	0,35	1491,21
80	30.07.2025 17:13:19	23,07	-0,07	0,18	0,35	1491,12
81	30.07.2025 17:13:20	23,07	-0,05	0,18	0,35	1491,12
82	30.07.2025 17:13:21	23,07	-0,05	0,18	0,35	1491,12
83	30.07.2025 17:13:22	23,07	-0,05	0,18	0,35	1491,12
84	30.07.2025 17:13:23	23,07	-0,05	0,18	0,35	1491,12
85	30.07.2025 17:13:24	23,07	-0,05	0,18	0,35	1491,12
86	30.07.2025 17:13:25	23,07	-0,05	0,18	0,35	1491,12
87	30.07.2025 17:13:26	23,07	-0,05	0,18	0,35	1491,12
88	30.07.2025 17:13:27	23,07	-0,05	0,18	0,35	1491,12
89	30.07.2025 17:13:28	23,07	-0,05	0,18	0,35	1491,12
90	30.07.2025 17:13:29	23,07	-0,07	0,19	0,38	1491,14
91	30.07.2025 17:13:30	23,07	-0,05	0,18	0,35	1491,12
92	30.07.2025 17:13:31	23,07	-0,05	0,19	0,38	1491,14
93	30.07.2025 17:13:32	23,07	-0,03	0,19	0,38	1491,14
94	30.07.2025 17:13:33	23,07	-0,05	0,18	0,35	1491,12
95	30.07.2025 17:13:34	23,07	-0,07	0,19	0,38	1491,14
96	30.07.2025 17:13:35	23,07	-0,05	0,19	0,38	1491,14
97	30.07.2025 17:13:36	23,07	-0,07	0,19	0,38	1491,14
98	30.07.2025 17:13:37	23,07	-0,05	0,19	0,38	1491,14
99	30.07.2025 17:13:38	23,07	-0,05	0,19	0,38	1491,14
100	30.07.2025 17:13:39	23,07	-0,05	0,19	0,38	1491,14
101	30.07.2025 17:13:40	23,07	-0,07	0,19	0,38	1491,14
102	30.07.2025 17:13:41	23,07	-0,05	0,19	0,38	1491,14
103	30.07.2025 17:13:42	23,07	-0,05	0,19	0,38	1491,14
104	30.07.2025 17:13:43	23,07	-0,05	0,19	0,38	1491,14
105	30.07.2025 17:13:44	23,07	-0,05	0,19	0,38	1491,14
106	30.07.2025 17:13:45	23,07	-0,05	0,19	0,38	1491,14
107	30.07.2025 17:13:46	23,07	-0,05	0,19	0,38	1491,14
108	30.07.2025 17:13:47	23,07	-0,05	0,19	0,38	1491,14
109	30.07.2025 17:13:48	23,07	-0,05	0,19	0,38	1491,14
110	30.07.2025 17:13:49	23,07	-0,05	0,19	0,38	1491,14
111	30.07.2025 17:13:50	23,07	-0,05	0,19	0,38	1491,14
112	30.07.2025 17:13:51	23,07	-0,05	0,19	0,38	1491,14
113	30.07.2025 17:13:52	23,07	-0,07	0,19	0,38	1491,14
114	30.07.2025 17:13:53	23,07	-0,05	0,19	0,38	1491,14
115	30.07.2025 17:13:54	23,07	-0,05	0,19	0,38	1491,14
116	30.07.2025 17:13:55	23,07	-0,05	0,19	0,38	1491,14
117	30.07.2025 17:13:56	23,07	-0,05	0,19	0,38	1491,14
118	30.07.2025 17:13:57	23,07	-0,05	0,19	0,38	1491,14
119	30.07.2025 17:13:58	23,07	-0,05	0,19	0,38	1491,14
120	30.07.2025 17:13:59	23,07	-0,05	0,19	0,38	1491,14
121	30.07.2025 17:14:00	23,07	-0,05	0,19	0,38	1491,14
122	30.07.2025 17:14:01	23,07	-0,03	0,19	0,38	1491,14
123	30.07.2025 17:14:02	23,07	-0,05	0,19	0,38	1491,14
124	30.07.2025 17:14:03	23,07	-0,05	0,19	0,38	1491,14
125	30.07.2025 17:14:04	23,07	-0,05	0,19	0,38	1491,14
126	30.07.2025 17:14:05	23,07	-0,05	0,19	0,38	1491,14
127	30.07.2025 17:14:06	23,07	-0,05	0,19	0,38	1491,14
128	30.07.2025 17:14:07	23,04	-0,05	0,19	0,38	1491,06
129	30.07.2025 17:14:08	23,04	-0,05	0,20	0,40	1491,07
130	30.07.2025 17:14:09	23,04	-0,05	0,20	0,40	1491,07
131	30.07.2025 17:14:10	23,04	-0,05	0,19	0,38	1491,06
132	30.07.2025 17:14:11	23,04	-0,05	0,19	0,38	1491,06
133	30.07.2025 17:14:12	23,04	-0,05	0,20	0,40	1491,07
134	30.07.2025 17:14:13	23,04	-0,05	0,20	0,40	1491,07
135	30.07.2025 17:14:14	23,04	-0,05	0,20	0,40	1491,07
136	30.07.2025 17:14:15	23,04	-0,05	0,19	0,38	1491,06
137	30.07.2025 17:14:16	23,04	-0,05	0,19	0,38	1491,06
138	30.07.2025 17:14:17	23,04	-0,05	0,19	0,38	1491,06
139	30.07.2025 17:14:18	23,04	-0,05	0,19	0,38	1491,06
140	30.07.2025 17:14:19	23,04	-0,05	0,19	0,38	1491,06
141	30.07.2025 17:14:20	23,04	-0,05	0,19	0,38	1491,06
142	30.07.2025 17:14:21	23,04	-0,07	0,19	0,38	1491,05
143	30.07.2025 17:14:22	23,04	-0,05	0,19	0,38	1491,06
144	30.07.2025 17:14:23	23,01	-0,05	0,19	0,38	1490,97
145	30.07.2025 17:14:24	23,01	-0,05	0,19	0,38	1490,97
146	30.07.2025 17:14:25	23,01	-0,05	0,19	0,38	1490,97
147	30.07.2025 17:14:26	23,01	-0,05	0,19	0,38	1490,97
148	30.07.2025 17:14:27	23,01	-0,05	0,20	0,40	1490,99
149	30.07.2025 17:14:28	23,01	-0,05	0,19	0,38	1490,97
150	30.07.2025 17:14:29	23,01	-0,05	0,19	0,38	1490,97
151	30.07.2025 17:14:30	23,01	-0,07	0,19	0,38	1490,97
152	30.07.2025 17:14:31	23,01	-0,05	0,19	0,38	1490,97
153	30.07.2025 17:14:32	23,01	-0,05	0,19	0,38	1490,97
154	30.07.2025 17:14:33	23,01	-0,05	0,20	0,40	1490,99
155	30.07.2025 17:14:34	23,01	-0,05	0,19	0,38	1490,97
156	30.07.2025 17:14:35	23,01	-0,05	0,20	0,40	1490,99
157	30.07.2025 17:14:36	23,01	-0,05	0,20	0,40	1490,99
158	30.07.2025 17:14:37	23,01	-0,05	0,19	0,38	1490,97
159	30.07.2025 17:14:38	23,01	-0,05	0,20	0,40	1490,99
160	30.07.2025 17:14:39	23,01	-0,05	0,19	0,38	1490,97
161	30.07.2025 17:14:40	22,98	-0,05	0,20	0,40	1490,90
162	30.07.2025 17:14:41	22,98	-0,05	0,20	0,40	1490,90
163	30.07.2025 17:14:42	22,98	-0,07	0,20	0,40	1490,90
164	30.07.2025 17:14:43	22,98	-0,05	0,20	0,40	1490,90
165	30.07.2025 17:14:44	22,98	-0,05	0,19	0,38	1490,89
166	30.07.2025 17:14:45	22,98	-0,05	0,20	0,40	1490,90
167	30.07.2025 17:14:46	22,98	-0,05	0,20	0,40	1490,90
168	30.07.2025 17:14:47	22,98	-0,07	0,20	0,40	1490,90
169	30.07.2025 17:14:48	22,98	-0,05	0,20	0,40	1490,90
170	30.07.2025 17:14:49	22,98	-0,05	0,20	0,40	1490,90
171	30.07.2025 17:14:50	22,98	-0,05	0,20	0,40	1490,90
172	30.07.2025 17:14:51	22,98	-0,05	0,20	0,40	1490,90
173	30.07.2025 17:14:52	22,98	-0,05	0,20	0,40	1490,90
174	30.07.2025 17:14:53	22,98	-0,05	0,20	0,40	1490,90
175	30.07.2025 17:14:54	22,98	-0,05	0,20	0,40	1490,90
176	30.07.2025 17:14:55	22,98	-0,05	0,20	0,40	1490,90
177	30.07.2025 17:14:56	22,98	-0,05	0,20	0,40	1490,90
178	30.07.2025 17:14:57	22,98	-0,03	0,20	0,40	1490,91
179	30.07.2025 17:14:58	22,95	-0,05	0,20	0,40	1490,82
180	30.07.2025 17:14:59	22,95	-0,05	0,20	0,40	1490,82
181	30.07.2025 17:15:00	22,95	-0,05	0,20	0,40	1490,82
182	30.07.2025 17:15:01	22,95	-0,05	0,20	0,40	1490,82
183	30.07.2025 17:15:02	22,95	-0,05	0,20	0,40	1490,82
184	30.07.2025 17:15:03	22,95	-0,05	0,20	0,40	1490,82
185	30.07.2025 17:15:04	22,95	-0,05	0,20	0,40	1490,82
186	30.07.2025 17:15:05	22,95	-0,05	0,20	0,40	1490,82
187	30.07.2025 17:15:06	22,95	-0,05	0,20	0,40	1490,82
188	30.07.2025 17:15:07	22,95	-0,03	0,20	0,40	1490,82
189	30.07.2025 17:15:08	22,95	-0,05	0,20	0,40	1490,82
190	30.07.2025 17:15:09	22,95	-0,03	0,20	0,40	1490,82
191	30.07.2025 17:15:10	22,95	-0,03	0,20	0,40	1490,82
192	30.07.2025 17:15:11	22,95	-0,05	0,20	0,40	1490,82
193	30.07.2025 17:15:12	22,95	-0,05	0,20	0,40	1490,82
194	30.07.2025 17:15:13	22,95	-0,05	0,20	0,40	1490,82
195	30.07.2025 17:15:14	22,95	-0,03	0,20	0,40	1490,82
196	30.07.2025 17:15:15	22,95	-0,03	0,20	0,40	1490,82
197	30.07.2025 17:15:16	22,95	-0,05	0,20	0,40	1490,82
198	30.07.2025 17:15:17	22,95	-0,05	0,20	0,40	1490,82
199	30.07.2025 17:15:18	22,93	-0,05	0,20	0,40	1490,74
200	30.07.2025 17:15:19	22,93	-0,05	0,20	0,40	1490,74
201	30.07.2025 17:15:20	22,93	-0,05	0,20	0,40	1490,74
202	30.07.2025 17:15:21	22,93	-0,03	0,20	0,40	1490,74
203	30.07.2025 17:15:22	22,93	-0,05	0,20	0,40	1490,74
204	30.07.2025 17:15:23	22,93	-0,05	0,20	0,40	1490,74
205	30.07.2025 17:15:24	22,93	-0,05	0,20	0,40	1490,74
206	30.07.2025 17:15:25	22,93	-0,03	0,20	0,40	1490,74
207	30.07.2025 17:15:26	22,93	-0,05	0,20	0,40	1490,74
208	30.07.2025 17:15:27	22,93	-0,03	0,20	0,40	1490,74
209	30.07.2025 17:15:28	22,93	-0,05	0,20	0,40	1490,74
210	30.07.2025 17:15:29	22,93	-0,03	0,20	0,40	1490,74
211	30.07.2025 17:15:30	22,93	-0,05	0,20	0,40	1490,74
212	30.07.2025 17:15:31	22,93	-0,05	0,20	0,40	1490,74
213	30.07.2025 17:15:32	22,93	-0,05	0,20	0,40	1490,74
214	30.07.2025 17:15:33	22,93	-0,05	0,20	0,40	1490,74
215	30.07.2025 17:15:34	22,93	-0,05	0,20	0,40	1490,74
216	30.07.2025 17:15:35	22,90	-0,03	0,20	0,40	1490,66
217	30.07.2025 17:15:36	22,90	-0,03	0,20	0,40	1490,66
218	30.07.2025 17:15:37	22,90	-0,05	0,20	0,40	1490,65
219	30.07.2025 17:15:38	22,90	-0,05	0,20	0,40	1490,65
220	30.07.2025 17:15:39	22,90	-0,05	0,20	0,40	1490,65
221	30.07.2025 17:15:40	22,90	-0,05	0,20	0,40	1490,65
222	30.07.2025 17:15:41	22,90	-0,03	0,20	0,40	1490,66
223	30.07.2025 17:15:42	22,90	-0,05	0,20	0,40	1490,65
224	30.07.2025 17:15:43	22,90	-0,05	0,20	0,40	1490,65
225	30.07.2025 17:15:44	22,90	-0,05	0,20	0,40	1490,65
226	30.07.2025 17:15:45	22,90	-0,05	0,20	0,40	1490,65
227	30.07.2025 17:15:46	22,90	-0,03	0,20	0,40	1490,66
228	30.07.2025 17:15:47	22,87	-0,03	0,20	0,40	1490,57
229	30.07.2025 17:15:48	22,90	-0,05	0,20	0,40	1490,65
230	30.07.2025 17:15:49	22,87	-0,05	0,20	0,40	1490,57
231	30.07.2025 17:15:50	22,87	-0,03	0,20	0,40	1490,57
232	30.07.2025 17:15:51	22,87	-0,05	0,20	0,40	1490,57
233	30.07.2025 17:15:52	22,87	-0,05	0,20	0,40	1490,57
234	30.07.2025 17:15:53	22,87	-0,05	0,20	0,40	1490,57
235	30.07.2025 17:15:54	22,87	-0,03	0,20	0,40	1490,57
236	30.07.2025 17:15:55	22,87	-0,05	0,20	0,40	1490,57
237	30.07.2025 17:15:56	22,87	-0,05	0,20	0,40	1490,57
238	30.07.2025 17:15:57	22,87	-0,05	0,20	0,40	1490,57
239	30.07.2025 17:15:58	22,87	-0,05	0,20	0,40	1490,57
240	30.07.2025 17:15:59	22,84	-0,03	0,20	0,40	1490,49
241	30.07.2025 17:16:00	22,84	-0,05	0,20	0,40	1490,48
242	30.07.2025 17:16:01	22,84	-0,05	0,20	0,40	1490,48
243	30.07.2025 17:16:02	22,84	-0,03	0,20	0,40	1490,49
244	30.07.2025 17:16:03	22,84	-0,05	0,20	0,40	1490,48
245	30.07.2025 17:16:04	22,84	-0,05	0,20	0,40	1490,48
246	30.07.2025 17:16:05	22,84	-0,03	0,20	0,40	1490,49
247	30.07.2025 17:16:06	22,84	-0,05	0,20	0,40	1490,48
248	30.07.2025 17:16:07	22,84	-0,05	0,20	0,40	1490,48
249	30.07.2025 17:16:08	22,84	-0,03	0,20	0,40	1490,49
250	30.07.2025 17:16:09	22,84	-0,03	0,20	0,40	1490,49
251	30.07.2025 17:16:10	22,84	-0,05	0,20	0,40	1490,48
252	30.07.2025 17:16:11	22,84	-0,05	0,20	0,40	1490,48
253	30.07.2025 17:16:12	22,84	-0,03	0,20	0,40	1490,49
254	30.07.2025 17:16:13	22,84	-0,05	0,20	0,40	1490,48
255	30.07.2025 17:16:14	22,81	-0,05	0,20	0,40	1490,40
256	30.07.2025 17:16:15	22,81	-0,05	0,20	0,40	1490,40
257	30.07.2025 17:16:16	22,81	-0,05	0,20	0,40	1490,40
258	30.07.2025 17:16:17	22,81	-0,05	0,20	0,40	1490,40
259	30.07.2025 17:16:18	22,81	-0,03	0,19	0,38	1490,39
260	30.07.2025 17:16:19	22,78	-0,03	0,19	0,38	1490,30
261	30.07.2025 17:16:20	22,78	-0,05	0,20	0,40	1490,32
262	30.07.2025 17:16:21	22,78	-0,03	0,20	0,40	1490,32
263	30.07.2025 17:16:22	22,78	-0,05	0,20	0,40	1490,32
264	30.07.2025 17:16:23	22,75	-0,03	0,20	0,40	1490,23
265	30.07.2025 17:16:24	22,75	-0,05	0,20	0,40	1490,23
266	30.07.2025 17:16:25	22,75	-0,03	0,19	0,38	1490,22
267	30.07.2025 17:16:26	22,75	-0,05	0,20	0,40	1490,23
268	30.07.2025 17:16:27	22,75	-0,03	0,19	0,38	1490,22
269	30.07.2025 17:16:28	22,75	-0,05	0,19	0,38	1490,22
270	30.07.2025 17:16:29	22,75	-0,05	0,19	0,38	1490,22
271	30.07.2025 17:16:30	22,75	-0,05	0,19	0,38	1490,22
272	30.07.2025 17:16:31	22,75	-0,03	0,19	0,38	1490,22
273	30.07.2025 17:16:32	22,75	-0,03	0,19	0,38	1490,22
274	30.07.2025 17:16:33	22,75	-0,03	0,19	0,38	1490,22
275	30.07.2025 17:16:34	22,75	-0,05	0,19	0,38	1490,22
276	30.07.2025 17:16:35	22,75	-0,03	0,19	0,38	1490,22
277	30.07.2025 17:16:36	22,72	-0,03	0,19	0,38	1490,13
278	30.07.2025 17:16:37	22,75	-0,03	0,19	0,38	1490,22
279	30.07.2025 17:16:38	22,72	-0,05	0,19	0,38	1490,13
280	30.07.2025 17:16:39	22,72	-0,03	0,19	0,38	1490,13
281	30.07.2025 17:16:40	22,72	-0,05	0,19	0,38	1490,13
282	30.07.2025 17:16:41	22,72	-0,03	0,18	0,35	1490,12
283	30.07.2025 17:16:42	22,72	-0,05	0,18	0,35	1490,12
284	30.07.2025 17:16:43	22,72	-0,05	0,18	0,35	1490,12
285	30.07.2025 17:16:44	22,72	-0,03	0,18	0,35	1490,12
286	30.07.2025 17:16:45	22,72	-0,03	0,18	0,35	1490,12
287	30.07.2025 17:16:46	22,72	-0,03	0,18	0,35	1490,12
288	30.07.2025 17:16:47	22,72	-0,03	0,18	0,35	1490,12
289	30.07.2025 17:16:48	22,72	-0,05	0,18	0,35	1490,12
290	30.07.2025 17:16:49	22,72	-0,03	0,18	0,35	1490,12
291	30.07.2025 17:16:50	22,75	-0,03	0,18	0,35	1490,20
292	30.07.2025 17:16:51	22,75	-0,03	0,18	0,35	1490,20
293	30.07.2025 17:16:52	22,75	-0,03	0,18	0,35	1490,20
294	30.07.2025 17:16:53	22,75	-0,03	0,18	0,35	1490,20
295	30.07.2025 17:16:54	22,75	-0,03	0,18	0,35	1490,20
296	30.07.2025 17:16:55	22,75	-0,03	0,18	0,35	1490,20
297	30.07.2025 17:16:56	22,75	-0,05	0,18	0,35	1490,20
298	30.07.2025 17:16:57	22,78	-0,03	0,18	0,35	1490,29
299	30.07.2025 17:16:58	22,75	-0,03	0,19	0,38	1490,22
300	30.07.2025 17:16:59	22,78	-0,03	0,18	0,35	1490,29
301	30.07.2025 17:17:00	22,78	-0,03	0,18	0,35	1490,29
302	30.07.2025 17:17:01	22,78	-0,03	0,18	0,35	1490,29
303	30.07.2025 17:17:02	22,78	-0,03	0,18	0,35	1490,29
304	30.07.2025 17:17:03	22,78	-0,05	0,18	0,35	1490,28
305	30.07.2025 17:17:04	22,78	-0,03	0,18	0,35	1490,29
306	30.07.2025 17:17:05	22,78	-0,03	0,19	0,38	1490,30
307	30.07.2025 17:17:06	22,78	-0,03	0,18	0,35	1490,29
308	30.07.2025 17:17:07	22,78	-0,05	0,18	0,35	1490,28
309	30.07.2025 17:17:08	22,78	-0,03	0,18	0,35	1490,29
310	30.07.2025 17:17:09	22,78	-0,05	0,18	0,35	1490,28
311	30.07.2025 17:17:10	22,78	-0,03	0,18	0,35	1490,29
312	30.07.2025 17:17:11	22,78	-0,03	0,18	0,35	1490,29
313	30.07.2025 17:17:12	22,81	-0,03	0,18	0,35	1490,37
314	30.07.2025 17:17:13	22,81	-0,03	0,18	0,35	1490,37
315	30.07.2025 17:17:14	22,81	-0,03	0,19	0,38	1490,39
316	30.07.2025 17:17:15	22,81	-0,05	0,19	0,38	1490,38
317	30.07.2025 17:17:16	22,81	-0,05	0,19	0,38	1490,38
318	30.07.2025 17:17:17	22,81	-0,03	0,19	0,38	1490,39
319	30.07.2025 17:17:18	22,81	-0,05	0,19	0,38	1490,38
320	30.07.2025 17:17:19	22,81	-0,03	0,19	0,38	1490,39
321	30.07.2025 17:17:20	22,81	-0,05	0,19	0,38	1490,38
322	30.07.2025 17:17:21	22,81	-0,05	0,19	0,38	1490,38
323	30.07.2025 17:17:22	22,81	-0,03	0,19	0,38	1490,39
324	30.07.2025 17:17:23	22,81	-0,03	0,19	0,38	1490,39
325	30.07.2025 17:17:24	22,81	-0,03	0,19	0,38	1490,39
326	30.07.2025 17:17:25	22,81	-0,05	0,19	0,38	1490,38
327	30.07.2025 17:17:26	22,81	-0,05	0,18	0,35	1490,37
328	30.07.2025 17:17:27	22,84	-0,03	0,19	0,38	1490,47
329	30.07.2025 17:17:28	22,84	-0,05	0,19	0,38	1490,47
330	30.07.2025 17:17:29	22,84	-0,05	0,19	0,38	1490,47
331	30.07.2025 17:17:30	22,84	-0,05	0,19	0,38	1490,47
332	30.07.2025 17:17:31	22,84	-0,03	0,19	0,38	1490,47
333	30.07.2025 17:17:32	22,84	-0,03	0,19	0,38	1490,47
334	30.07.2025 17:17:33	22,84	-0,03	0,19	0,38	1490,47
335	30.07.2025 17:17:34	22,84	-0,03	0,19	0,38	1490,47
336	30.07.2025 17:17:35	22,84	-0,05	0,19	0,38	1490,47
337	30.07.2025 17:17:36	22,84	-0,03	0,19	0,38	1490,47
338	30.07.2025 17:17:37	22,84	-0,03	0,19	0,38	1490,47
339	30.07.2025 17:17:38	22,84	-0,03	0,19	0,38	1490,47
340	30.07.2025 17:17:39	22,84	-0,03	0,19	0,38	1490,47
341	30.07.2025 17:17:40	22,81	-0,05	0,19	0,38	1490,38
342	30.07.2025 17:17:41	22,81	-0,03	0,19	0,38	1490,39
343	30.07.2025 17:17:42	22,81	-0,03	0,19	0,38	1490,39
344	30.07.2025 17:17:43	22,81	-0,05	0,19	0,38	1490,38
345	30.07.2025 17:17:44	22,81	-0,03	0,19	0,38	1490,39
346	30.07.2025 17:17:45	22,81	-0,03	0,19	0,38	1490,39
347	30.07.2025 17:17:46	22,81	-0,03	0,19	0,38	1490,39
348	30.07.2025 17:17:47	22,81	-0,05	0,19	0,38	1490,38
349	30.07.2025 17:17:48	22,81	-0,03	0,19	0,38	1490,39
350	30.07.2025 17:17:49	22,78	-0,05	0,19	0,38	1490,30
351	30.07.2025 17:17:50	22,78	-0,05	0,19	0,38	1490,30
352	30.07.2025 17:17:51	22,78	-0,05	0,19	0,38	1490,30
353	30.07.2025 17:17:52	22,78	-0,05	0,19	0,38	1490,30
354	30.07.2025 17:17:53	22,78	-0,03	0,19	0,38	1490,30
355	30.07.2025 17:17:54	22,78	-0,03	0,19	0,38	1490,30
356	30.07.2025 17:17:55	22,78	-0,03	0,19	0,38	1490,30
357	30.07.2025 17:17:56	22,78	-0,03	0,19	0,38	1490,30
358	30.07.2025 17:17:57	22,78	-0,03	0,19	0,38	1490,30
359	30.07.2025 17:17:58	22,78	-0,03	0,19	0,38	1490,30
360	30.07.2025 17:17:59	22,78	-0,03	0,19	0,38	1490,30
361	30.07.2025 17:18:00	22,78	-0,05	0,19	0,38	1490,30
362	30.07.2025 17:18:01	22,78	-0,03	0,19	0,38	1490,30
363	30.07.2025 17:18:02	22,78	-0,03	0,20	0,40	1490,32
364	30.07.2025 17:18:03	22,78	-0,03	0,20	0,40	1490,32
365	30.07.2025 17:18:04	22,78	-0,03	0,20	0,40	1490,32
366	30.07.2025 17:18:05	22,78	-0,03	0,20	0,40	1490,32
367	30.07.2025 17:18:06	22,75	-0,03	0,20	0,40	1490,23
368	30.07.2025 17:18:07	22,75	-0,05	0,20	0,40	1490,23
369	30.07.2025 17:18:08	22,75	-0,05	0,20	0,40	1490,23
370	30.07.2025 17:18:09	22,75	-0,05	0,20	0,40	1490,23
371	30.07.2025 17:18:10	22,75	-0,05	0,20	0,40	1490,23
372	30.07.2025 17:18:11	22,75	-0,05	0,20	0,40	1490,23
373	30.07.2025 17:18:12	22,75	-0,03	0,20	0,40	1490,23
374	30.07.2025 17:18:13	22,75	-0,05	0,20	0,40	1490,23
375	30.07.2025 17:18:14	22,75	-0,03	0,20	0,40	1490,23
376	30.07.2025 17:18:15	22,75	-0,03	0,20	0,40	1490,23
377	30.07.2025 17:18:16	22,75	-0,03	0,20	0,40	1490,23
378	30.07.2025 17:18:17	22,75	-0,03	0,20	0,40	1490,23
379	30.07.2025 17:18:18	22,75	-0,03	0,20	0,40	1490,23
380	30.07.2025 17:18:19	22,75	-0,03	0,20	0,40	1490,23
381	30.07.2025 17:18:20	22,75	-0,03	0,20	0,40	1490,23
382	30.07.2025 17:18:21	22,75	-0,03	0,20	0,40	1490,23
383	30.07.2025 17:18:22	22,75	-0,03	0,20	0,40	1490,23
384	30.07.2025 17:18:23	22,72	-0,03	0,20	0,40	1490,15
385	30.07.2025 17:18:24	22,72	-0,01	0,20	0,40	1490,15
386	30.07.2025 17:18:25	22,72	-0,05	0,20	0,40	1490,15
387	30.07.2025 17:18:26	22,72	-0,05	0,20	0,40	1490,15
388	30.07.2025 17:18:27	22,72	-0,03	0,20	0,40	1490,15
389	30.07.2025 17:18:28	22,72	-0,03	0,20	0,40	1490,15
390	30.07.2025 17:18:29	22,72	-0,05	0,20	0,40	1490,15
391	30.07.2025 17:18:30	22,72	-0,03	0,20	0,40	1490,15
392	30.07.2025 17:18:31	22,72	-0,03	0,20	0,40	1490,15
393	30.07.2025 17:18:32	22,72	-0,03	0,20	0,40	1490,15
394	30.07.2025 17:18:33	22,72	-0,03	0,20	0,40	1490,15
395	30.07.2025 17:18:34	22,72	-0,03	0,20	0,40	1490,15
396	30.07.2025 17:18:35	22,72	-0,03	0,20	0,40	1490,15
397	30.07.2025 17:18:36	22,72	-0,03	0,20	0,40	1490,15
398	30.07.2025 17:18:37	22,72	-0,03	0,20	0,40	1490,15
399	30.07.2025 17:18:38	22,72	-0,03	0,20	0,40	1490,15
400	30.07.2025 17:18:39	22,72	-0,05	0,20	0,40	1490,15
401	30.07.2025 17:18:40	22,72	-0,03	0,20	0,40	1490,15
402	30.07.2025 17:18:41	22,72	-0,03	0,20	0,40	1490,15
403	30.07.2025 17:18:42	22,72	-0,03	0,20	0,40	1490,15
404	30.07.2025 17:18:43	22,72	-0,05	0,20	0,40	1490,15
405	30.07.2025 17:18:44	22,72	-0,03	0,20	0,40	1490,15
406	30.07.2025 17:18:45	22,72	-0,03	0,20	0,40	1490,15
407	30.07.2025 17:18:46	22,72	-0,05	0,20	0,40	1490,15
408	30.07.2025 17:18:47	22,72	-0,03	0,20	0,40	1490,15
409	30.07.2025 17:18:48	22,72	-0,05	0,20	0,40	1490,15
410	30.07.2025 17:18:49	22,69	-0,05	0,20	0,40	1490,06
411	30.07.2025 17:18:50	22,69	-0,05	0,20	0,40	1490,06
412	30.07.2025 17:18:51	22,69	-0,05	0,20	0,40	1490,06
413	30.07.2025 17:18:52	22,69	-0,07	0,20	0,40	1490,06
414	30.07.2025 17:18:53	22,69	-0,07	0,20	0,40	1490,06
415	30.07.2025 17:18:54	22,69	-0,05	0,20	0,40	1490,06
416	30.07.2025 17:18:55	22,69	-0,05	0,20	0,40	1490,06
417	30.07.2025 17:18:56	22,69	-0,05	0,20	0,40	1490,06
418	30.07.2025 17:18:57	22,69	-0,05	0,22	0,43	1490,08
419	30.07.2025 17:18:58	22,69	-0,05	0,22	0,43	1490,08
420	30.07.2025 17:18:59	22,69	-0,05	0,20	0,40	1490,06
421	30.07.2025 17:19:00	22,69	-0,05	0,20	0,40	1490,06
422	30.07.2025 17:19:01	22,69	-0,05	0,20	0,40	1490,06
423	30.07.2025 17:19:02	22,69	-0,03	0,22	0,43	1490,08
424	30.07.2025 17:19:03	22,69	-0,05	0,20	0,40	1490,06
425	30.07.2025 17:19:04	22,69	-0,07	0,20	0,40	1490,06
426	30.07.2025 17:19:05	22,69	-0,05	0,22	0,43	1490,08
427	30.07.2025 17:19:06	22,69	-0,05	0,20	0,40	1490,06
428	30.07.2025 17:19:07	22,69	-0,05	0,20	0,40	1490,06
429	30.07.2025 17:19:08	22,69	-0,05	0,20	0,40	1490,06
430	30.07.2025 17:19:09	22,69	-0,07	0,22	0,43	1490,08
431	30.07.2025 17:19:10	22,69	-0,05	0,20	0,40	1490,06
432	30.07.2025 17:19:11	22,69	-0,07	0,20	0,40	1490,06
433	30.07.2025 17:19:12	22,66	-0,05	0,20	0,40	1489,98
434	30.07.2025 17:19:13	22,66	-0,05	0,22	0,43	1489,99
435	30.07.2025 17:19:14	22,66	-0,05	0,20	0,40	1489,98
436	30.07.2025 17:19:15	22,66	-0,05	0,20	0,40	1489,98
437	30.07.2025 17:19:16	22,66	-0,03	0,20	0,40	1489,98
438	30.07.2025 17:19:17	22,66	-0,05	0,20	0,40	1489,98
439	30.07.2025 17:19:18	22,66	-0,05	0,20	0,40	1489,98
440	30.07.2025 17:19:19	22,66	-0,05	0,20	0,40	1489,98
441	30.07.2025 17:19:20	22,66	-0,05	0,20	0,40	1489,98
442	30.07.2025 17:19:21	22,66	-0,05	0,20	0,40	1489,98
443	30.07.2025 17:19:22	22,66	-0,05	0,22	0,43	1489,99
444	30.07.2025 17:19:23	22,66	-0,07	0,20	0,40	1489,98
445	30.07.2025 17:19:24	22,66	-0,05	0,22	0,43	1489,99
446	30.07.2025 17:19:25	22,66	-0,07	0,20	0,40	1489,98
447	30.07.2025 17:19:26	22,66	-0,05	0,22	0,43	1489,99
448	30.07.2025 17:19:27	22,66	-0,05	0,22	0,43	1489,99
449	30.07.2025 17:19:28	22,66	-0,05	0,20	0,40	1489,98
450	30.07.2025 17:19:29	22,66	-0,05	0,22	0,43	1489,99
451	30.07.2025 17:19:30	22,66	-0,05	0,22	0,43	1489,99
452	30.07.2025 17:19:31	22,66	-0,05	0,22	0,43	1489,99
453	30.07.2025 17:19:32	22,66	-0,05	0,22	0,43	1489,99
454	30.07.2025 17:19:33	22,66	-0,05	0,22	0,43	1489,99
455	30.07.2025 17:19:34	22,66	-0,07	0,22	0,43	1489,99
456	30.07.2025 17:19:35	22,63	-0,05	0,22	0,43	1489,91
457	30.07.2025 17:19:36	22,63	-0,05	0,22	0,43	1489,91
458	30.07.2025 17:19:37	22,63	-0,05	0,20	0,40	1489,89
459	30.07.2025 17:19:38	22,63	-0,03	0,22	0,43	1489,91
460	30.07.2025 17:19:39	22,63	-0,05	0,20	0,40	1489,89
461	30.07.2025 17:19:40	22,63	-0,05	0,20	0,40	1489,89
462	30.07.2025 17:19:41	22,63	-0,05	0,22	0,43	1489,91
463	30.07.2025 17:19:42	22,63	-0,05	0,20	0,40	1489,89
464	30.07.2025 17:19:43	22,63	-0,05	0,22	0,43	1489,91
465	30.07.2025 17:19:44	22,63	-0,05	0,20	0,40	1489,89
466	30.07.2025 17:19:45	22,63	-0,05	0,20	0,40	1489,89
467	30.07.2025 17:19:46	22,63	-0,05	0,20	0,40	1489,89
468	30.07.2025 17:19:47	22,63	-0,05	0,22	0,43	1489,91
469	30.07.2025 17:19:48	22,63	-0,05	0,22	0,43	1489,91
470	30.07.2025 17:19:49	22,63	-0,05	0,20	0,40	1489,89
471	30.07.2025 17:19:50	22,63	-0,05	0,22	0,43	1489,91
472	30.07.2025 17:19:51	22,63	-0,05	0,20	0,40	1489,89
473	30.07.2025 17:19:52	22,63	-0,05	0,20	0,40	1489,89
474	30.07.2025 17:19:53	22,63	-0,05	0,20	0,40	1489,89
475	30.07.2025 17:19:54	22,61	-0,05	0,21	0,40	1489,81
476	30.07.2025 17:19:55	22,61	-0,05	0,21	0,40	1489,81
477	30.07.2025 17:19:56	22,61	-0,03	0,21	0,40	1489,81
478	30.07.2025 17:19:57	22,61	-0,05	0,21	0,40	1489,81
479	30.07.2025 17:19:58	22,61	-0,05	0,22	0,43	1489,82
480	30.07.2025 17:19:59	22,61	-0,05	0,22	0,43	1489,82
481	30.07.2025 17:20:00	22,61	-0,05	0,22	0,43	1489,82
482	30.07.2025 17:20:01	22,61	-0,05	0,22	0,43	1489,82
483	30.07.2025 17:20:02	22,61	-0,03	0,22	0,43	1489,83
484	30.07.2025 17:20:03	22,61	-0,05	0,22	0,43	1489,82
485	30.07.2025 17:20:04	22,61	-0,07	0,21	0,40	1489,81
486	30.07.2025 17:20:05	22,61	-0,07	0,22	0,43	1489,82
487	30.07.2025 17:20:06	22,58	-0,05	0,22	0,43	1489,74
488	30.07.2025 17:20:07	22,58	-0,05	0,22	0,43	1489,74
489	30.07.2025 17:20:08	22,58	-0,03	0,22	0,43	1489,74
490	30.07.2025 17:20:09	22,58	-0,03	0,21	0,40	1489,73
491	30.07.2025 17:20:10	22,58	-0,05	0,22	0,43	1489,74
492	30.07.2025 17:20:11	22,58	-0,05	0,22	0,43	1489,74
493	30.07.2025 17:20:12	22,58	-0,05	0,22	0,43	1489,74
494	30.07.2025 17:20:13	22,58	-0,07	0,21	0,40	1489,72
495	30.07.2025 17:20:14	22,58	-0,05	0,22	0,43	1489,74
496	30.07.2025 17:20:15	22,58	-0,05	0,22	0,43	1489,74
497	30.07.2025 17:20:16	22,58	-0,05	0,22	0,43	1489,74
498	30.07.2025 17:20:17	22,58	-0,05	0,22	0,43	1489,74
499	30.07.2025 17:20:18	22,58	-0,05	0,22	0,43	1489,74
500	30.07.2025 17:20:19	22,58	-0,05	0,21	0,40	1489,72
501	30.07.2025 17:20:20	22,58	-0,05	0,21	0,40	1489,72
502	30.07.2025 17:20:21	22,58	-0,07	0,22	0,43	1489,74
503	30.07.2025 17:20:22	22,58	-0,05	0,22	0,43	1489,74
504	30.07.2025 17:20:23	22,58	-0,05	0,22	0,43	1489,74
505	30.07.2025 17:20:24	22,58	-0,05	0,22	0,43	1489,74
506	30.07.2025 17:20:25	22,58	-0,05	0,22	0,43	1489,74
507	30.07.2025 17:20:26	22,55	-0,05	0,22	0,43	1489,65
508	30.07.2025 17:20:27	22,55	-0,05	0,22	0,43	1489,65
509	30.07.2025 17:20:28	22,55	-0,05	0,21	0,40	1489,64
510	30.07.2025 17:20:29	22,55	-0,05	0,22	0,43	1489,65
511	30.07.2025 17:20:30	22,55	-0,03	0,22	0,43	1489,66
512	30.07.2025 17:20:31	22,55	-0,05	0,22	0,43	1489,65
513	30.07.2025 17:20:32	22,55	-0,05	0,21	0,40	1489,64
514	30.07.2025 17:20:33	22,55	-0,05	0,21	0,40	1489,64
515	30.07.2025 17:20:34	22,55	-0,05	0,22	0,43	1489,65
516	30.07.2025 17:20:35	22,55	-0,05	0,22	0,43	1489,65
517	30.07.2025 17:20:36	22,55	-0,05	0,21	0,40	1489,64
518	30.07.2025 17:20:37	22,55	-0,05	0,21	0,40	1489,64
519	30.07.2025 17:20:38	22,55	-0,05	0,22	0,43	1489,65
520	30.07.2025 17:20:39	22,55	-0,05	0,22	0,43	1489,65
521	30.07.2025 17:20:40	22,55	-0,05	0,21	0,40	1489,64
522	30.07.2025 17:20:41	22,52	-0,05	0,21	0,40	1489,55
523	30.07.2025 17:20:42	22,52	-0,05	0,21	0,40	1489,55
524	30.07.2025 17:20:43	22,52	-0,05	0,21	0,40	1489,55
525	30.07.2025 17:20:44	22,52	-0,05	0,21	0,40	1489,55
526	30.07.2025 17:20:45	22,52	-0,05	0,21	0,40	1489,55
527	30.07.2025 17:20:46	22,52	-0,05	0,21	0,40	1489,55
528	30.07.2025 17:20:47	22,52	-0,05	0,21	0,40	1489,55
529	30.07.2025 17:20:48	22,52	-0,05	0,21	0,40	1489,55
530	30.07.2025 17:20:49	22,52	-0,05	0,21	0,40	1489,55
531	30.07.2025 17:20:50	22,52	-0,05	0,21	0,40	1489,55
532	30.07.2025 17:20:51	22,52	-0,05	0,21	0,40	1489,55
533	30.07.2025 17:20:52	22,52	-0,05	0,21	0,40	1489,55
534	30.07.2025 17:20:53	22,52	-0,05	0,21	0,40	1489,55
535	30.07.2025 17:20:54	22,52	-0,05	0,21	0,40	1489,55
536	30.07.2025 17:20:55	22,52	-0,05	0,21	0,40	1489,55
537	30.07.2025 17:20:56	22,52	-0,05	0,21	0,40	1489,55
538	30.07.2025 17:20:57	22,52	-0,05	0,22	0,43	1489,57
539	30.07.2025 17:20:58	22,52	-0,05	0,21	0,40	1489,55
540	30.07.2025 17:20:59	22,52	-0,05	0,22	0,43	1489,57
541	30.07.2025 17:21:00	22,52	-0,05	0,21	0,40	1489,55
542	30.07.2025 17:21:01	22,52	-0,03	0,22	0,43	1489,57
543	30.07.2025 17:21:02	22,49	-0,05	0,22	0,43	1489,48
544	30.07.2025 17:21:03	22,49	-0,05	0,22	0,43	1489,48
545	30.07.2025 17:21:04	22,49	-0,05	0,22	0,43	1489,48
546	30.07.2025 17:21:05	22,49	-0,05	0,21	0,40	1489,47
547	30.07.2025 17:21:06	22,49	-0,05	0,22	0,43	1489,48
548	30.07.2025 17:21:07	22,52	-0,05	0,21	0,40	1489,55
549	30.07.2025 17:21:08	22,52	-0,05	0,21	0,40	1489,55
550	30.07.2025 17:21:09	22,52	-0,05	0,21	0,40	1489,55
551	30.07.2025 17:21:10	22,52	-0,05	0,21	0,40	1489,55
552	30.07.2025 17:21:11	22,52	-0,05	0,21	0,40	1489,55
553	30.07.2025 17:21:12	22,52	-0,07	0,21	0,40	1489,55
554	30.07.2025 17:21:13	22,52	-0,05	0,21	0,40	1489,55
555	30.07.2025 17:21:14	22,52	-0,05	0,21	0,40	1489,55
556	30.07.2025 17:21:15	22,52	-0,05	0,21	0,40	1489,55
557	30.07.2025 17:21:16	22,52	-0,05	0,21	0,40	1489,55
558	30.07.2025 17:21:17	22,52	-0,05	0,21	0,40	1489,55
559	30.07.2025 17:21:18	22,52	-0,05	0,21	0,40	1489,55
560	30.07.2025 17:21:19	22,52	-0,05	0,21	0,40	1489,55
561	30.07.2025 17:21:20	22,52	-0,03	0,21	0,40	1489,56
562	30.07.2025 17:21:21	22,52	-0,05	0,21	0,40	1489,55
563	30.07.2025 17:21:22	22,52	-0,05	0,21	0,40	1489,55
564	30.07.2025 17:21:23	22,55	-0,05	0,21	0,40	1489,64
565	30.07.2025 17:21:24	22,55	-0,07	0,21	0,40	1489,64
566	30.07.2025 17:21:25	22,52	-0,05	0,21	0,40	1489,55
567	30.07.2025 17:21:26	22,52	-0,05	0,21	0,40	1489,55
568	30.07.2025 17:21:27	22,52	-0,05	0,21	0,40	1489,55
569	30.07.2025 17:21:28	22,52	-0,05	0,21	0,40	1489,55
570	30.07.2025 17:21:29	22,52	-0,05	0,21	0,40	1489,55
571	30.07.2025 17:21:30	22,52	-0,05	0,21	0,40	1489,55
572	30.07.2025 17:21:31	22,52	-0,05	0,21	0,40	1489,55
573	30.07.2025 17:21:32	22,52	-0,05	0,21	0,40	1489,55
574	30.07.2025 17:21:33	22,52	-0,05	0,21	0,40	1489,55
575	30.07.2025 17:21:34	22,52	-0,07	0,21	0,40	1489,55
576	30.07.2025 17:21:35	22,52	-0,05	0,21	0,40	1489,55
577	30.07.2025 17:21:36	22,52	-0,05	0,21	0,40	1489,55
578	30.07.2025 17:21:37	22,52	-0,05	0,21	0,40	1489,55
579	30.07.2025 17:21:38	22,52	-0,05	0,21	0,40	1489,55
580	30.07.2025 17:21:39	22,52	-0,07	0,21	0,40	1489,55
581	30.07.2025 17:21:40	22,52	-0,03	0,21	0,40	1489,56
582	30.07.2025 17:21:41	22,52	-0,05	0,21	0,40	1489,55
583	30.07.2025 17:21:42	22,52	-0,05	0,21	0,40	1489,55
584	30.07.2025 17:21:43	22,52	-0,05	0,21	0,40	1489,55
585	30.07.2025 17:21:44	22,52	-0,05	0,21	0,40	1489,55
586	30.07.2025 17:21:45	22,52	-0,05	0,21	0,40	1489,55
587	30.07.2025 17:21:46	22,52	-0,05	0,21	0,40	1489,55
588	30.07.2025 17:21:47	22,52	-0,05	0,21	0,40	1489,55
589	30.07.2025 17:21:48	22,52	-0,05	0,21	0,40	1489,55
590	30.07.2025 17:21:49	22,52	-0,05	0,19	0,38	1489,54
591	30.07.2025 17:21:50	22,52	-0,05	0,21	0,40	1489,55
592	30.07.2025 17:21:51	22,52	-0,05	0,21	0,40	1489,55
593	30.07.2025 17:21:52	22,52	-0,05	0,21	0,40	1489,55
594	30.07.2025 17:21:53	22,52	-0,03	0,21	0,40	1489,56
595	30.07.2025 17:21:54	22,52	-0,05	0,21	0,40	1489,55
596	30.07.2025 17:21:55	22,52	-0,03	0,21	0,40	1489,56
597	30.07.2025 17:21:56	22,52	-0,05	0,21	0,40	1489,55
598	30.07.2025 17:21:57	22,52	-0,03	0,21	0,40	1489,56
599	30.07.2025 17:21:58	22,52	-0,05	0,21	0,40	1489,55
600	30.07.2025 17:21:59	22,52	-0,05	0,21	0,40	1489,55
601	30.07.2025 17:22:00	22,52	-0,05	0,21	0,40	1489,55
602	30.07.2025 17:22:01	22,52	-0,05	0,21	0,40	1489,55
603	30.07.2025 17:22:02	22,52	-0,05	0,21	0,40	1489,55
604	30.07.2025 17:22:03	22,52	-0,05	0,21	0,40	1489,55
605	30.07.2025 17:22:04	22,52	-0,05	0,21	0,40	1489,55
606	30.07.2025 17:22:05	22,52	-0,05	0,21	0,40	1489,55
607	30.07.2025 17:22:06	22,52	-0,05	0,21	0,40	1489,55
608	30.07.2025 17:22:07	22,52	-0,05	0,21	0,40	1489,55
609	30.07.2025 17:22:08	22,52	-0,05	0,21	0,40	1489,55
610	30.07.2025 17:22:09	22,52	-0,05	0,21	0,40	1489,55
611	30.07.2025 17:22:10	22,52	-0,03	0,21	0,40	1489,56
612	30.07.2025 17:22:11	22,52	-0,05	0,21	0,40	1489,55
613	30.07.2025 17:22:12	22,49	-0,03	0,21	0,40	1489,47
614	30.07.2025 17:22:13	22,52	-0,05	0,21	0,40	1489,55
615	30.07.2025 17:22:14	22,52	-0,05	0,21	0,40	1489,55
616	30.07.2025 17:22:15	22,52	-0,05	0,21	0,40	1489,55
617	30.07.2025 17:22:16	22,52	-0,05	0,21	0,40	1489,55
618	30.07.2025 17:22:17	22,52	-0,05	0,21	0,40	1489,55
619	30.07.2025 17:22:18	22,52	-0,05	0,21	0,40	1489,55
620	30.07.2025 17:22:19	22,52	-0,05	0,21	0,40	1489,55
621	30.07.2025 17:22:20	22,52	-0,05	0,21	0,40	1489,55
622	30.07.2025 17:22:21	22,52	-0,05	0,21	0,40	1489,55
623	30.07.2025 17:22:22	22,52	-0,03	0,21	0,40	1489,56
624	30.07.2025 17:22:23	22,52	-0,05	0,22	0,43	1489,57
625	30.07.2025 17:22:24	22,52	-0,05	0,22	0,43	1489,57
626	30.07.2025 17:22:25	22,52	-0,05	0,21	0,40	1489,55
627	30.07.2025 17:22:26	22,52	-0,05	0,22	0,43	1489,57
628	30.07.2025 17:22:27	22,52	-0,05	0,22	0,43	1489,57
629	30.07.2025 17:22:28	22,52	-0,03	0,21	0,40	1489,56
630	30.07.2025 17:22:29	22,49	-0,05	0,22	0,43	1489,48
631	30.07.2025 17:22:30	22,49	-0,05	0,22	0,43	1489,48
632	30.07.2025 17:22:31	22,49	-0,05	0,21	0,40	1489,47
633	30.07.2025 17:22:32	22,49	-0,05	0,21	0,40	1489,47
634	30.07.2025 17:22:33	22,49	-0,05	0,21	0,40	1489,47
635	30.07.2025 17:22:34	22,49	-0,03	0,21	0,40	1489,47
636	30.07.2025 17:22:35	22,49	-0,05	0,19	0,38	1489,45
637	30.07.2025 17:22:36	22,49	-0,03	0,18	0,35	1489,44
638	30.07.2025 17:22:37	22,49	-0,05	0,18	0,35	1489,44
639	30.07.2025 17:22:38	22,49	-0,03	0,35	0,68	1489,63
640	30.07.2025 17:22:39	22,49	-0,05	0,29	0,57	1489,56
641	30.07.2025 17:22:40	22,40	-0,24	26,28	38,97	1518,13
642	30.07.2025 17:22:41	22,02	-0,10	26,30	38,70	1517,17
643	30.07.2025 17:22:42	21,73	-0,12	26,23	38,36	1516,29
644	30.07.2025 17:22:43	21,44	-0,05	26,38	38,33	1515,68
645	30.07.2025 17:22:44	21,20	-0,03	26,52	38,33	1515,20
646	30.07.2025 17:22:45	21,06	0,00	26,61	38,32	1514,90
647	30.07.2025 17:22:46	20,94	0,02	26,60	38,21	1514,57
648	30.07.2025 17:22:47	20,82	0,02	26,61	38,13	1514,25
649	30.07.2025 17:22:48	20,73	0,02	26,68	38,16	1514,09
650	30.07.2025 17:22:49	20,65	0,02	26,76	38,18	1513,93
651	30.07.2025 17:22:50	20,59	0,04	26,64	37,99	1513,64
652	30.07.2025 17:22:51	20,50	0,00	26,76	38,07	1513,52
653	30.07.2025 17:22:52	20,44	0,00	26,80	38,07	1513,40
654	30.07.2025 17:22:53	20,38	0,04	26,83	38,07	1513,28
655	30.07.2025 17:22:54	20,32	0,04	26,81	37,99	1513,08
656	30.07.2025 17:22:55	20,26	0,04	26,91	38,07	1513,03
657	30.07.2025 17:22:56	20,24	0,02	26,86	37,98	1512,89
658	30.07.2025 17:22:57	20,18	0,02	26,90	37,98	1512,77
659	30.07.2025 17:22:58	20,15	0,06	26,96	38,04	1512,76
660	30.07.2025 17:22:59	20,15	0,04	26,94	38,01	1512,73
661	30.07.2025 17:23:00	20,12	0,04	26,98	38,03	1512,69
662	30.07.2025 17:23:01	20,09	0,00	26,95	37,98	1512,58
663	30.07.2025 17:23:02	20,03	0,02	26,99	37,98	1512,46
664	30.07.2025 17:23:03	20,00	0,00	27,01	37,98	1512,39
665	30.07.2025 17:23:04	19,97	-0,01	26,94	37,87	1512,23
666	30.07.2025 17:23:05	19,91	0,02	26,98	37,87	1512,11
667	30.07.2025 17:23:06	19,88	0,02	27,02	37,90	1512,07
668	30.07.2025 17:23:07	19,82	0,00	27,05	37,89	1511,94
669	30.07.2025 17:23:08	19,79	0,02	27,16	38,00	1511,98
670	30.07.2025 17:23:09	19,79	0,02	27,16	38,00	1511,98
671	30.07.2025 17:23:10	19,79	0,00	27,09	37,92	1511,90
672	30.07.2025 17:23:11	19,76	0,00	27,11	37,92	1511,84
673	30.07.2025 17:23:12	19,73	0,02	27,19	38,00	1511,85
674	30.07.2025 17:23:13	19,71	0,02	27,25	38,05	1511,84
675	30.07.2025 17:23:14	19,71	0,02	27,19	37,97	1511,76
676	30.07.2025 17:23:15	19,68	0,02	27,23	38,00	1511,73
677	30.07.2025 17:23:16	19,68	0,02	27,29	38,08	1511,80
678	30.07.2025 17:23:17	19,68	0,02	27,10	37,84	1511,58
679	30.07.2025 17:23:18	19,65	0,00	27,16	37,89	1511,56
680	30.07.2025 17:23:19	19,62	-0,01	27,14	37,84	1511,45
681	30.07.2025 17:23:20	19,56	0,00	27,16	37,81	1511,30
682	30.07.2025 17:23:21	19,53	0,02	27,15	37,78	1511,21
683	30.07.2025 17:23:22	19,50	0,00	27,21	37,83	1511,20
684	30.07.2025 17:23:23	19,47	0,02	27,25	37,86	1511,16
685	30.07.2025 17:23:24	19,44	0,00	27,25	37,83	1511,07
686	30.07.2025 17:23:25	19,41	0,00	27,29	37,86	1511,03
687	30.07.2025 17:23:26	19,41	-0,01	27,27	37,83	1511,00
688	30.07.2025 17:23:27	19,38	0,00	27,29	37,83	1510,94
689	30.07.2025 17:23:28	19,35	0,02	27,37	37,91	1510,95
690	30.07.2025 17:23:29	19,35	0,04	27,48	38,04	1511,08
691	30.07.2025 17:23:30	19,38	0,00	27,35	37,91	1511,02
692	30.07.2025 17:23:31	19,38	-0,01	27,35	37,91	1511,01
693	30.07.2025 17:23:32	19,35	0,00	27,26	37,78	1510,83
694	30.07.2025 17:23:33	19,32	-0,03	27,20	37,67	1510,66
695	30.07.2025 17:23:34	19,26	-0,01	27,13	37,53	1510,41
696	30.07.2025 17:23:35	19,20	-0,01	27,25	37,64	1510,38
697	30.07.2025 17:23:36	19,14	0,00	27,40	37,77	1510,38
698	30.07.2025 17:23:37	19,14	0,02	27,35	37,72	1510,33
699	30.07.2025 17:23:38	19,14	0,02	27,59	38,01	1510,61
700	30.07.2025 17:23:39	19,17	0,04	27,64	38,09	1510,75
701	30.07.2025 17:23:40	19,20	0,00	27,44	37,88	1510,61
702	30.07.2025 17:23:41	19,20	0,00	27,36	37,77	1510,51
703	30.07.2025 17:23:42	19,17	0,00	27,46	37,88	1510,54
704	30.07.2025 17:23:43	19,14	0,06	27,46	37,85	1510,46
705	30.07.2025 17:23:44	19,14	0,04	27,50	37,91	1510,51
706	30.07.2025 17:23:45	19,14	0,06	27,29	37,64	1510,27
707	30.07.2025 17:23:46	19,11	0,04	27,29	37,61	1510,17
708	30.07.2025 17:23:47	19,06	0,11	27,56	37,90	1510,33
709	30.07.2025 17:23:48	19,06	0,11	27,39	37,69	1510,13
710	30.07.2025 17:23:49	19,06	0,09	27,43	37,74	1510,18
711	30.07.2025 17:23:50	19,03	0,11	27,41	37,69	1510,07
712	30.07.2025 17:23:51	19,00	0,13	27,40	37,66	1509,98
713	30.07.2025 17:23:52	18,97	0,13	27,68	37,98	1510,21
714	30.07.2025 17:23:53	19,00	0,13	27,23	37,45	1509,78
715	30.07.2025 17:23:54	18,94	0,16	27,48	37,71	1509,91
716	30.07.2025 17:23:55	18,91	0,16	27,35	37,53	1509,67
717	30.07.2025 17:23:56	18,88	0,16	27,37	37,53	1509,60
718	30.07.2025 17:23:57	18,85	0,20	27,37	37,50	1509,52
719	30.07.2025 17:23:58	18,82	0,20	27,32	37,42	1509,38
720	30.07.2025 17:23:59	18,79	0,23	27,52	37,63	1509,52
721	30.07.2025 17:24:00	18,79	0,27	27,51	37,63	1509,53
722	30.07.2025 17:24:01	18,79	0,25	27,34	37,42	1509,32
723	30.07.2025 17:24:02	18,76	0,29	27,29	37,34	1509,19
724	30.07.2025 17:24:03	18,73	0,27	27,29	37,31	1509,10
725	30.07.2025 17:24:04	18,67	0,29	27,33	37,31	1508,97
726	30.07.2025 17:24:05	18,64	0,32	27,31	37,25	1508,86
727	30.07.2025 17:24:06	18,61	0,34	27,37	37,31	1508,85
728	30.07.2025 17:24:07	18,58	0,36	27,37	37,28	1508,76
729	30.07.2025 17:24:08	18,55	0,39	27,34	37,22	1508,65
730	30.07.2025 17:24:09	18,52	0,39	27,32	37,17	1508,53
731	30.07.2025 17:24:10	18,49	0,44	27,38	37,22	1508,53
732	30.07.2025 17:24:11	18,46	0,46	27,38	37,19	1508,44
733	30.07.2025 17:24:12	18,43	0,49	27,37	37,17	1508,35
734	30.07.2025 17:24:13	18,40	0,51	27,39	37,17	1508,29
735	30.07.2025 17:24:14	18,37	0,52	27,41	37,17	1508,23
736	30.07.2025 17:24:15	18,37	0,56	27,41	37,17	1508,23
737	30.07.2025 17:24:16	18,34	0,57	27,41	37,14	1508,14
738	30.07.2025 17:24:17	18,31	0,61	27,41	37,11	1508,06
739	30.07.2025 17:24:18	18,31	0,63	27,41	37,11	1508,06
740	30.07.2025 17:24:19	18,28	0,64	27,40	37,08	1507,97
741	30.07.2025 17:24:20	18,25	0,68	27,44	37,11	1507,93
742	30.07.2025 17:24:21	18,25	0,73	27,44	37,11	1507,94
743	30.07.2025 17:24:22	18,22	0,71	27,44	37,08	1507,85
744	30.07.2025 17:24:23	18,22	0,74	27,44	37,08	1507,85
745	30.07.2025 17:24:24	18,20	0,78	27,44	37,05	1507,77
746	30.07.2025 17:24:25	18,20	0,78	27,44	37,05	1507,77
747	30.07.2025 17:24:26	18,17	0,78	27,46	37,05	1507,70
748	30.07.2025 17:24:27	18,14	0,81	27,50	37,08	1507,67
749	30.07.2025 17:24:28	18,14	0,85	27,50	37,08	1507,67
750	30.07.2025 17:24:29	18,14	0,85	27,50	37,08	1507,67
751	30.07.2025 17:24:30	18,11	0,88	27,52	37,08	1507,61
752	30.07.2025 17:24:31	18,11	0,88	27,52	37,08	1507,61
753	30.07.2025 17:24:32	18,11	0,93	27,52	37,08	1507,62
754	30.07.2025 17:24:33	18,08	0,93	27,56	37,11	1507,58
755	30.07.2025 17:24:34	18,08	0,97	27,56	37,11	1507,58
756	30.07.2025 17:24:35	18,08	1,00	27,58	37,13	1507,61
757	30.07.2025 17:24:36	18,08	1,00	27,58	37,13	1507,61
758	30.07.2025 17:24:37	18,05	1,03	27,58	37,11	1507,53
759	30.07.2025 17:24:38	18,05	1,05	27,60	37,13	1507,56
760	30.07.2025 17:24:39	18,05	1,09	27,60	37,13	1507,56
761	30.07.2025 17:24:40	18,05	1,10	27,58	37,10	1507,54
762	30.07.2025 17:24:41	18,02	1,14	27,58	37,08	1507,45
763	30.07.2025 17:24:42	18,02	1,16	27,51	37,00	1507,38
764	30.07.2025 17:24:43	17,96	1,19	27,50	36,94	1507,20
765	30.07.2025 17:24:44	17,93	1,19	27,50	36,91	1507,11
766	30.07.2025 17:24:45	17,87	1,22	27,52	36,89	1506,95
767	30.07.2025 17:24:46	17,81	1,23	27,56	36,89	1506,82
768	30.07.2025 17:24:47	17,78	1,23	27,58	36,88	1506,75
769	30.07.2025 17:24:48	17,75	1,23	27,57	36,86	1506,66
770	30.07.2025 17:24:49	17,75	1,27	27,57	36,86	1506,67
771	30.07.2025 17:24:50	17,72	1,28	27,62	36,88	1506,63
772	30.07.2025 17:24:51	17,72	1,28	27,62	36,88	1506,63
773	30.07.2025 17:24:52	17,69	1,26	27,61	36,86	1506,53
774	30.07.2025 17:24:53	17,69	1,26	27,61	36,86	1506,53
775	30.07.2025 17:24:54	17,66	1,28	27,63	36,86	1506,47
776	30.07.2025 17:24:55	17,63	1,30	27,65	36,85	1506,40
777	30.07.2025 17:24:56	17,63	1,30	27,65	36,85	1506,40
778	30.07.2025 17:24:57	17,60	1,28	27,65	36,83	1506,31
779	30.07.2025 17:24:58	17,60	1,31	27,67	36,85	1506,34
780	30.07.2025 17:24:59	17,57	1,29	27,67	36,83	1506,24
781	30.07.2025 17:25:00	17,57	1,31	27,67	36,83	1506,24
782	30.07.2025 17:25:01	17,54	1,29	27,69	36,83	1506,17
783	30.07.2025 17:25:02	17,51	1,29	27,71	36,82	1506,11
784	30.07.2025 17:25:03	17,51	1,31	27,71	36,82	1506,11
785	30.07.2025 17:25:04	17,48	1,32	27,73	36,82	1506,04
786	30.07.2025 17:25:05	17,48	1,31	27,73	36,82	1506,04
787	30.07.2025 17:25:06	17,48	1,31	27,73	36,82	1506,04
788	30.07.2025 17:25:07	17,45	1,32	27,75	36,82	1505,98
789	30.07.2025 17:25:08	17,45	1,32	27,75	36,82	1505,98
790	30.07.2025 17:25:09	17,45	1,32	27,75	36,82	1505,98
791	30.07.2025 17:25:10	17,42	1,32	27,77	36,82	1505,91
792	30.07.2025 17:25:11	17,42	1,32	27,77	36,82	1505,91
793	30.07.2025 17:25:12	17,42	1,32	27,77	36,82	1505,91
794	30.07.2025 17:25:13	17,42	1,32	27,77	36,82	1505,91
795	30.07.2025 17:25:14	17,39	1,34	27,79	36,82	1505,84
796	30.07.2025 17:25:15	17,39	1,32	27,79	36,82	1505,84
797	30.07.2025 17:25:16	17,39	1,34	27,79	36,82	1505,84
798	30.07.2025 17:25:17	17,36	1,35	27,81	36,82	1505,78
799	30.07.2025 17:25:18	17,36	1,33	27,81	36,82	1505,77
800	30.07.2025 17:25:19	17,36	1,32	27,81	36,82	1505,77
801	30.07.2025 17:25:20	17,36	1,32	27,81	36,82	1505,77
802	30.07.2025 17:25:21	17,36	1,32	27,81	36,82	1505,77
803	30.07.2025 17:25:22	17,33	1,33	27,83	36,82	1505,71
804	30.07.2025 17:25:23	17,33	1,35	27,83	36,82	1505,71
805	30.07.2025 17:25:24	17,33	1,35	27,83	36,82	1505,71
806	30.07.2025 17:25:25	17,33	1,37	27,83	36,82	1505,71
807	30.07.2025 17:25:26	17,30	1,38	27,85	36,82	1505,65
808	30.07.2025 17:25:27	17,30	1,40	27,83	36,79	1505,62
809	30.07.2025 17:25:28	17,30	1,40	27,83	36,79	1505,62
810	30.07.2025 17:25:29	17,27	1,40	27,82	36,77	1505,53
811	30.07.2025 17:25:30	17,27	1,42	27,82	36,77	1505,53
812	30.07.2025 17:25:31	17,27	1,40	27,82	36,77	1505,53
813	30.07.2025 17:25:32	17,24	1,43	27,82	36,74	1505,44
814	30.07.2025 17:25:33	17,24	1,42	27,84	36,77	1505,46
815	30.07.2025 17:25:34	17,24	1,42	27,80	36,71	1505,41
816	30.07.2025 17:25:35	17,21	1,38	27,62	36,47	1505,10
817	30.07.2025 17:25:36	17,12	1,43	27,81	36,63	1505,06
818	30.07.2025 17:25:37	17,12	1,45	27,92	36,76	1505,20
819	30.07.2025 17:25:38	17,15	1,41	27,93	36,79	1505,29
820	30.07.2025 17:25:39	17,15	1,39	27,95	36,82	1505,31
821	30.07.2025 17:25:40	17,18	1,38	27,93	36,82	1505,37
822	30.07.2025 17:25:41	17,18	1,38	27,93	36,82	1505,37
823	30.07.2025 17:25:42	17,18	1,38	27,93	36,82	1505,37
824	30.07.2025 17:25:43	17,21	1,38	27,91	36,82	1505,44
825	30.07.2025 17:25:44	17,21	1,38	27,91	36,82	1505,44
826	30.07.2025 17:25:45	17,21	1,38	27,91	36,82	1505,44
827	30.07.2025 17:25:46	17,21	1,40	27,91	36,82	1505,45
828	30.07.2025 17:25:47	17,21	1,40	27,91	36,82	1505,45
829	30.07.2025 17:25:48	17,18	1,40	27,91	36,79	1505,35
830	30.07.2025 17:25:49	17,18	1,40	27,91	36,79	1505,35
831	30.07.2025 17:25:50	17,18	1,41	27,91	36,79	1505,35
832	30.07.2025 17:25:51	17,18	1,41	27,91	36,79	1505,35
833	30.07.2025 17:25:52	17,18	1,43	27,91	36,79	1505,36
834	30.07.2025 17:25:53	17,15	1,43	27,90	36,76	1505,26
835	30.07.2025 17:25:54	17,15	1,43	27,79	36,63	1505,13
836	30.07.2025 17:25:55	17,12	1,43	27,58	36,36	1504,80
837	30.07.2025 17:25:56	17,03	1,42	27,58	36,28	1504,51
838	30.07.2025 17:25:57	16,94	1,44	27,61	36,25	1504,28
839	30.07.2025 17:25:58	16,88	1,47	27,47	36,03	1503,94
840	30.07.2025 17:25:59	16,79	1,40	27,10	35,52	1503,22
841	30.07.2025 17:26:00	16,58	1,44	27,17	35,44	1502,65
842	30.07.2025 17:26:01	16,43	1,47	27,04	35,17	1502,04
843	30.07.2025 17:26:02	16,28	1,46	26,96	34,95	1501,46
844	30.07.2025 17:26:03	16,10	1,50	26,96	34,81	1500,91
845	30.07.2025 17:26:04	15,91	1,51	26,97	34,67	1500,34
846	30.07.2025 17:26:05	15,76	1,54	27,00	34,59	1499,90
847	30.07.2025 17:26:06	15,61	1,58	27,00	34,48	1499,43
848	30.07.2025 17:26:07	15,49	1,58	26,92	34,29	1498,94
849	30.07.2025 17:26:08	15,37	1,57	26,82	34,07	1498,43
850	30.07.2025 17:26:09	15,22	1,53	26,47	33,56	1497,52
851	30.07.2025 17:26:10	14,97	1,52	26,14	32,99	1496,33
852	30.07.2025 17:26:11	14,60	1,54	26,05	32,61	1495,03
853	30.07.2025 17:26:12	14,27	1,56	25,74	32,01	1493,55
854	30.07.2025 17:26:13	13,86	1,59	25,91	31,89	1492,42
855	30.07.2025 17:26:14	13,46	1,64	26,02	31,72	1491,21
856	30.07.2025 17:26:15	13,09	1,66	25,81	31,20	1489,68
857	30.07.2025 17:26:16	12,71	1,67	25,81	30,92	1488,39
858	30.07.2025 17:26:17	12,37	1,73	25,87	30,73	1487,27
859	30.07.2025 17:26:18	12,05	1,75	25,75	30,37	1486,03
860	30.07.2025 17:26:19	11,73	1,77	25,76	30,15	1484,93
861	30.07.2025 17:26:20	11,38	1,80	25,89	30,03	1483,85
862	30.07.2025 17:26:21	11,13	1,86	26,02	29,98	1483,10
863	30.07.2025 17:26:22	10,90	1,87	26,12	29,92	1482,41
864	30.07.2025 17:26:23	10,68	1,89	26,22	29,86	1481,73
865	30.07.2025 17:26:24	10,48	1,90	26,25	29,74	1481,06
866	30.07.2025 17:26:25	10,29	1,93	26,28	29,63	1480,39
867	30.07.2025 17:26:26	10,10	1,95	26,36	29,57	1479,78
868	30.07.2025 17:26:27	9,93	1,98	26,40	29,49	1479,23
869	30.07.2025 17:26:28	9,77	1,99	26,43	29,40	1478,67
870	30.07.2025 17:26:29	9,57	2,02	26,50	29,32	1478,02
871	30.07.2025 17:26:30	9,41	2,01	26,45	29,15	1477,35
872	30.07.2025 17:26:31	9,24	2,04	26,49	29,07	1476,79
873	30.07.2025 17:26:32	9,08	2,06	26,52	28,99	1476,21
874	30.07.2025 17:26:33	8,91	2,09	26,62	28,96	1475,71
875	30.07.2025 17:26:34	8,75	2,12	26,68	28,90	1475,16
876	30.07.2025 17:26:35	8,61	2,13	26,73	28,84	1474,71
877	30.07.2025 17:26:36	8,48	2,14	26,79	28,81	1474,29
878	30.07.2025 17:26:37	8,35	2,15	26,87	28,78	1473,87
879	30.07.2025 17:26:38	8,21	2,18	26,91	28,72	1473,41
880	30.07.2025 17:26:39	8,11	2,17	26,96	28,69	1473,08
881	30.07.2025 17:26:40	7,98	2,20	26,97	28,61	1472,58
882	30.07.2025 17:26:41	7,84	2,21	26,96	28,50	1472,05
883	30.07.2025 17:26:42	7,71	2,22	27,01	28,44	1471,58
884	30.07.2025 17:26:43	7,57	2,25	27,05	28,39	1471,11
885	30.07.2025 17:26:44	7,47	2,27	27,13	28,38	1470,81
886	30.07.2025 17:26:45	7,33	2,29	27,18	28,33	1470,34
887	30.07.2025 17:26:46	7,23	2,31	27,22	28,30	1470,00
888	30.07.2025 17:26:47	7,13	2,32	27,30	28,29	1469,70
889	30.07.2025 17:26:48	7,02	2,35	27,35	28,26	1469,36
890	30.07.2025 17:26:49	6,92	2,38	27,40	28,24	1469,02
891	30.07.2025 17:26:50	6,82	2,39	27,42	28,18	1468,64
892	30.07.2025 17:26:51	6,72	2,40	27,51	28,18	1468,33
893	30.07.2025 17:26:52	6,61	2,43	27,59	28,17	1468,02
894	30.07.2025 17:26:53	6,54	2,43	27,61	28,15	1467,78
895	30.07.2025 17:26:54	6,47	2,46	27,66	28,14	1467,57
896	30.07.2025 17:26:55	6,37	2,47	27,75	28,14	1467,26
897	30.07.2025 17:26:56	6,30	2,52	27,80	28,14	1467,06
898	30.07.2025 17:26:57	6,23	2,54	27,86	28,14	1466,85
899	30.07.2025 17:26:58	6,16	2,55	27,91	28,14	1466,64
900	30.07.2025 17:26:59	6,09	2,55	27,97	28,13	1466,43
901	30.07.2025 17:27:00	6,02	2,56	28,02	28,13	1466,22
902	30.07.2025 17:27:01	5,98	2,56	28,05	28,13	1466,12
903	30.07.2025 17:27:02	5,91	2,59	28,08	28,10	1465,87
904	30.07.2025 17:27:03	5,84	2,61	28,07	28,05	1465,59
905	30.07.2025 17:27:04	5,77	2,62	28,10	28,02	1465,33
906	30.07.2025 17:27:05	5,67	2,63	28,16	27,99	1464,98
907	30.07.2025 17:27:06	5,60	2,66	28,18	27,96	1464,73
908	30.07.2025 17:27:07	5,53	2,70	28,21	27,93	1464,48
909	30.07.2025 17:27:08	5,46	2,71	28,24	27,90	1464,23
910	30.07.2025 17:27:09	5,39	2,72	28,30	27,90	1464,01
911	30.07.2025 17:27:10	5,35	2,76	28,32	27,90	1463,91
912	30.07.2025 17:27:11	5,28	2,77	28,35	27,87	1463,66
913	30.07.2025 17:27:12	5,21	2,80	28,38	27,84	1463,40
914	30.07.2025 17:27:13	5,14	2,83	28,41	27,82	1463,15
915	30.07.2025 17:27:14	5,07	2,87	28,47	27,81	1462,94
916	30.07.2025 17:27:15	4,99	2,88	28,47	27,76	1462,64
917	30.07.2025 17:27:16	4,92	2,89	28,49	27,73	1462,38
918	30.07.2025 17:27:17	4,89	2,91	28,49	27,70	1462,24
919	30.07.2025 17:27:18	4,82	2,94	28,55	27,70	1462,02
920	30.07.2025 17:27:19	4,78	2,96	28,49	27,62	1461,79
921	30.07.2025 17:27:20	4,71	2,97	28,49	27,56	1461,49
922	30.07.2025 17:27:21	4,60	3,00	28,52	27,51	1461,09
923	30.07.2025 17:27:22	4,53	3,03	28,49	27,43	1460,75
924	30.07.2025 17:27:23	4,45	3,05	28,52	27,40	1460,48
925	30.07.2025 17:27:24	4,38	3,08	28,55	27,37	1460,22
926	30.07.2025 17:27:25	4,31	3,09	28,61	27,37	1460,00
927	30.07.2025 17:27:26	4,24	3,12	28,61	27,31	1459,70
928	30.07.2025 17:27:27	4,16	3,14	28,67	27,31	1459,47
929	30.07.2025 17:27:28	4,13	3,17	28,70	27,31	1459,36
930	30.07.2025 17:27:29	4,06	3,18	28,73	27,28	1459,10
931	30.07.2025 17:27:30	4,02	3,20	28,76	27,28	1458,98
932	30.07.2025 17:27:31	3,95	3,23	28,79	27,25	1458,72
933	30.07.2025 17:27:32	3,91	3,25	28,82	27,25	1458,61
934	30.07.2025 17:27:33	3,84	3,26	28,92	27,28	1458,42
935	30.07.2025 17:27:34	3,80	3,29	28,98	27,30	1458,35
936	30.07.2025 17:27:35	3,76	3,33	29,07	27,35	1458,32
937	30.07.2025 17:27:36	3,76	3,34	29,14	27,41	1458,41
938	30.07.2025 17:27:37	3,73	3,36	29,23	27,46	1458,38
939	30.07.2025 17:27:38	3,73	3,39	29,23	27,46	1458,38
940	30.07.2025 17:27:39	3,73	3,39	29,23	27,46	1458,38
941	30.07.2025 17:27:40	3,69	3,43	29,26	27,46	1458,27
942	30.07.2025 17:27:41	3,69	3,44	29,26	27,46	1458,27
943	30.07.2025 17:27:42	3,65	3,46	29,29	27,46	1458,16
944	30.07.2025 17:27:43	3,62	3,49	29,36	27,48	1458,09
945	30.07.2025 17:27:44	3,62	3,51	29,26	27,40	1457,97
946	30.07.2025 17:27:45	3,54	3,51	29,17	27,27	1457,53
947	30.07.2025 17:27:46	3,50	3,54	29,07	27,16	1457,26
948	30.07.2025 17:27:47	3,39	3,57	29,11	27,10	1456,83
949	30.07.2025 17:27:48	3,32	3,60	29,17	27,10	1456,60
950	30.07.2025 17:27:49	3,25	3,63	29,24	27,10	1456,37
951	30.07.2025 17:27:50	3,21	3,66	29,43	27,23	1456,46
952	30.07.2025 17:27:51	3,21	3,68	29,43	27,23	1456,47
953	30.07.2025 17:27:52	3,17	3,70	29,56	27,31	1456,48
954	30.07.2025 17:27:53	3,17	3,73	29,72	27,45	1456,69
955	30.07.2025 17:27:54	3,17	3,77	29,75	27,47	1456,74
956	30.07.2025 17:27:55	3,21	3,77	29,65	27,42	1456,77
957	30.07.2025 17:27:56	3,17	3,79	29,65	27,39	1456,61
958	30.07.2025 17:27:57	3,17	3,82	29,68	27,42	1456,66
959	30.07.2025 17:27:58	3,17	3,84	29,78	27,50	1456,79
960	30.07.2025 17:27:59	3,13	3,85	29,81	27,50	1456,68
961	30.07.2025 17:28:00	3,13	3,89	29,88	27,55	1456,76
962	30.07.2025 17:28:01	3,13	3,91	29,88	27,55	1456,77
963	30.07.2025 17:28:02	3,13	3,92	29,91	27,58	1456,81
964	30.07.2025 17:28:03	3,10	3,96	29,94	27,58	1456,70
965	30.07.2025 17:28:04	3,10	3,97	29,97	27,61	1456,74
966	30.07.2025 17:28:05	3,10	4,01	30,01	27,63	1456,79
967	30.07.2025 17:28:06	3,10	4,03	30,04	27,66	1456,84
968	30.07.2025 17:28:07	3,06	4,04	30,10	27,69	1456,76
969	30.07.2025 17:28:08	3,06	4,08	30,17	27,74	1456,85
970	30.07.2025 17:28:09	3,06	4,10	30,17	27,74	1456,86
971	30.07.2025 17:28:10	3,06	4,11	30,17	27,74	1456,86
972	30.07.2025 17:28:11	3,06	4,13	30,17	27,74	1456,86
973	30.07.2025 17:28:12	3,06	4,15	30,17	27,74	1456,86
974	30.07.2025 17:28:13	3,06	4,18	30,17	27,74	1456,87
975	30.07.2025 17:28:14	3,02	4,20	30,20	27,74	1456,76
976	30.07.2025 17:28:15	3,02	4,22	30,20	27,74	1456,76
977	30.07.2025 17:28:16	3,02	4,25	30,20	27,74	1456,76
978	30.07.2025 17:28:17	2,98	4,28	30,23	27,74	1456,65
979	30.07.2025 17:28:18	2,98	4,30	30,23	27,74	1456,65
980	30.07.2025 17:28:19	2,98	4,34	30,23	27,74	1456,66
981	30.07.2025 17:28:20	2,95	4,33	30,24	27,71	1456,50
982	30.07.2025 17:28:21	2,95	4,35	30,20	27,68	1456,46
983	30.07.2025 17:28:22	2,91	4,40	30,21	27,66	1456,31
984	30.07.2025 17:28:23	2,87	4,42	30,24	27,65	1456,19
985	30.07.2025 17:28:24	2,87	4,45	30,21	27,63	1456,16
986	30.07.2025 17:28:25	2,84	4,49	30,24	27,63	1456,04
987	30.07.2025 17:28:26	2,80	4,50	30,28	27,63	1455,93
988	30.07.2025 17:28:27	2,80	4,52	30,28	27,63	1455,93
989	30.07.2025 17:28:28	2,76	4,57	30,28	27,60	1455,78
990	30.07.2025 17:28:29	2,76	4,59	30,24	27,57	1455,74
991	30.07.2025 17:28:30	2,72	4,62	30,28	27,57	1455,62
992	30.07.2025 17:28:31	2,68	4,64	30,31	27,57	1455,51
993	30.07.2025 17:28:32	2,65	4,67	30,35	27,57	1455,39
994	30.07.2025 17:28:33	2,61	4,68	30,38	27,57	1455,28
995	30.07.2025 17:28:34	2,61	4,70	30,38	27,57	1455,28
996	30.07.2025 17:28:35	2,57	4,74	30,42	27,57	1455,17
997	30.07.2025 17:28:36	2,57	4,77	30,42	27,57	1455,17
998	30.07.2025 17:28:37	2,53	4,79	30,45	27,57	1455,06
999	30.07.2025 17:28:38	2,53	4,82	30,42	27,54	1455,02
1000	30.07.2025 17:28:39	2,50	4,85	30,42	27,51	1454,86
1001	30.07.2025 17:28:40	2,46	4,89	30,46	27,51	1454,75
1002	30.07.2025 17:28:41	2,46	4,92	30,46	27,51	1454,75
1003	30.07.2025 17:28:42	2,42	4,92	30,46	27,48	1454,59
1004	30.07.2025 17:28:43	2,42	4,96	30,46	27,48	1454,59
1005	30.07.2025 17:28:44	2,38	4,95	30,49	27,48	1454,47
1006	30.07.2025 17:28:45	2,38	4,99	30,49	27,48	1454,48
1007	30.07.2025 17:28:46	2,34	4,99	30,53	27,48	1454,36
1008	30.07.2025 17:28:47	2,34	5,02	30,53	27,48	1454,37
1009	30.07.2025 17:28:48	2,34	5,02	30,53	27,48	1454,37
1010	30.07.2025 17:28:49	2,31	5,05	30,56	27,48	1454,25
1011	30.07.2025 17:28:50	2,31	5,05	30,56	27,48	1454,25
1012	30.07.2025 17:28:51	2,31	5,09	30,56	27,48	1454,26
1013	30.07.2025 17:28:52	2,27	5,10	30,60	27,48	1454,14
1014	30.07.2025 17:28:53	2,27	5,12	30,60	27,48	1454,14
1015	30.07.2025 17:28:54	2,27	5,16	30,60	27,48	1454,15
1016	30.07.2025 17:28:55	2,23	5,16	30,60	27,45	1453,98
1017	30.07.2025 17:28:56	2,23	5,19	30,60	27,45	1453,99
1018	30.07.2025 17:28:57	2,19	5,22	30,64	27,45	1453,87
1019	30.07.2025 17:28:58	2,19	5,24	30,64	27,45	1453,87
1020	30.07.2025 17:28:59	2,19	5,28	30,64	27,45	1453,88
1021	30.07.2025 17:29:00	2,15	5,29	30,67	27,45	1453,76
1022	30.07.2025 17:29:01	2,15	5,33	30,67	27,45	1453,77
1023	30.07.2025 17:29:02	2,15	5,34	30,67	27,45	1453,77
1024	30.07.2025 17:29:03	2,15	5,38	30,67	27,45	1453,77
1025	30.07.2025 17:29:04	2,12	5,41	30,71	27,45	1453,66
1026	30.07.2025 17:29:05	2,12	5,43	30,71	27,45	1453,66
1027	30.07.2025 17:29:06	2,12	5,46	30,71	27,45	1453,67
1028	30.07.2025 17:29:07	2,12	5,48	30,71	27,45	1453,67
1029	30.07.2025 17:29:08	2,12	5,52	30,71	27,45	1453,68
1030	30.07.2025 17:29:09	2,08	5,53	30,74	27,45	1453,56
1031	30.07.2025 17:29:10	2,08	5,57	30,74	27,45	1453,56
1032	30.07.2025 17:29:11	2,08	5,58	30,74	27,45	1453,56
1033	30.07.2025 17:29:12	2,08	5,62	30,74	27,45	1453,57
1034	30.07.2025 17:29:13	2,08	5,65	30,74	27,45	1453,58
1035	30.07.2025 17:29:14	2,04	5,67	30,78	27,45	1453,46
1036	30.07.2025 17:29:15	2,04	5,71	30,78	27,45	1453,46
1037	30.07.2025 17:29:16	2,04	5,72	30,74	27,42	1453,42
1038	30.07.2025 17:29:17	2,04	5,74	30,74	27,42	1453,42
1039	30.07.2025 17:29:18	2,04	5,78	30,74	27,42	1453,43
1040	30.07.2025 17:29:19	2,00	5,79	30,78	27,42	1453,31
1041	30.07.2025 17:29:20	2,00	5,83	30,81	27,45	1453,36
1042	30.07.2025 17:29:21	2,00	5,84	30,78	27,42	1453,32
1043	30.07.2025 17:29:22	2,00	5,86	30,78	27,42	1453,32
1044	30.07.2025 17:29:23	2,00	5,90	30,78	27,42	1453,33
1045	30.07.2025 17:29:24	2,00	5,91	30,78	27,42	1453,33
1046	30.07.2025 17:29:25	1,96	5,95	30,85	27,45	1453,26
1047	30.07.2025 17:29:26	1,96	5,95	30,81	27,42	1453,21
1048	30.07.2025 17:29:27	1,96	5,96	30,81	27,42	1453,22
1049	30.07.2025 17:29:28	1,96	5,98	30,81	27,42	1453,22
1050	30.07.2025 17:29:29	1,96	6,00	30,81	27,42	1453,22
1051	30.07.2025 17:29:30	1,96	6,02	30,81	27,42	1453,22
1052	30.07.2025 17:29:31	1,96	6,02	30,81	27,42	1453,22
1053	30.07.2025 17:29:32	1,96	6,03	30,81	27,42	1453,23
1054	30.07.2025 17:29:33	1,96	6,05	30,81	27,42	1453,23
1055	30.07.2025 17:29:34	1,96	6,05	30,81	27,42	1453,23
1056	30.07.2025 17:29:35	1,96	6,05	30,81	27,42	1453,23
1057	30.07.2025 17:29:36	1,93	6,07	30,88	27,45	1453,15
1058	30.07.2025 17:29:37	1,93	6,08	30,85	27,42	1453,11
1059	30.07.2025 17:29:38	1,93	6,07	30,85	27,42	1453,11
1060	30.07.2025 17:29:39	1,93	6,08	30,85	27,42	1453,11
1061	30.07.2025 17:29:40	1,93	6,08	30,85	27,42	1453,11
1062	30.07.2025 17:29:41	1,93	6,08	30,85	27,42	1453,11
1063	30.07.2025 17:29:42	1,93	6,08	30,85	27,42	1453,11
1064	30.07.2025 17:29:43	1,93	6,08	30,85	27,42	1453,11
1065	30.07.2025 17:29:44	1,93	6,10	30,88	27,45	1453,16
1066	30.07.2025 17:29:45	1,93	6,10	30,85	27,42	1453,12
1067	30.07.2025 17:29:46	1,93	6,08	30,85	27,42	1453,11
1068	30.07.2025 17:29:47	1,93	6,10	30,85	27,42	1453,12
1069	30.07.2025 17:29:48	1,93	6,10	30,85	27,42	1453,12
1070	30.07.2025 17:29:49	1,93	6,10	30,85	27,42	1453,12
1071	30.07.2025 17:29:50	1,89	6,10	30,89	27,42	1452,99
1072	30.07.2025 17:29:51	1,89	6,12	30,92	27,44	1453,04
1073	30.07.2025 17:29:52	1,89	6,10	30,89	27,42	1452,99
1074	30.07.2025 17:29:53	1,89	6,10	30,92	27,44	1453,04
1075	30.07.2025 17:29:54	1,89	6,10	30,92	27,44	1453,04
1076	30.07.2025 17:29:55	1,89	6,12	30,89	27,42	1453,00
1077	30.07.2025 17:29:56	1,89	6,10	30,92	27,44	1453,04
1078	30.07.2025 17:29:57	1,89	6,12	30,92	27,44	1453,04
1079	30.07.2025 17:29:58	1,89	6,10	30,89	27,42	1452,99
1080	30.07.2025 17:29:59	1,89	6,12	30,92	27,44	1453,04
1081	30.07.2025 17:30:00	1,89	6,10	30,92	27,44	1453,04
1082	30.07.2025 17:30:01	1,89	6,10	30,89	27,42	1452,99
1083	30.07.2025 17:30:02	1,89	6,12	30,92	27,44	1453,04
1084	30.07.2025 17:30:03	1,89	6,10	30,89	27,42	1452,99
1085	30.07.2025 17:30:04	1,89	6,12	30,89	27,42	1453,00
1086	30.07.2025 17:30:05	1,89	6,12	30,89	27,42	1453,00
1087	30.07.2025 17:30:06	1,89	6,12	30,89	27,42	1453,00
1088	30.07.2025 17:30:07	1,89	6,10	30,92	27,44	1453,04
1089	30.07.2025 17:30:08	1,89	6,12	30,92	27,44	1453,04
1090	30.07.2025 17:30:09	1,89	6,12	30,89	27,42	1453,00
1091	30.07.2025 17:30:10	1,89	6,12	30,92	27,44	1453,04
1092	30.07.2025 17:30:11	1,89	6,12	30,92	27,44	1453,04
1093	30.07.2025 17:30:12	1,85	6,12	30,92	27,42	1452,87
1094	30.07.2025 17:30:13	1,85	6,12	30,96	27,44	1452,92
1095	30.07.2025 17:30:14	1,85	6,13	30,96	27,44	1452,92
1096	30.07.2025 17:30:15	1,85	6,12	30,96	27,44	1452,92
1097	30.07.2025 17:30:16	1,85	6,12	30,96	27,44	1452,92
1098	30.07.2025 17:30:17	1,85	6,10	30,96	27,44	1452,91
1099	30.07.2025 17:30:18	1,85	6,12	30,96	27,44	1452,92
1100	30.07.2025 17:30:19	1,85	6,10	30,96	27,44	1452,91
1101	30.07.2025 17:30:20	1,85	6,10	30,96	27,44	1452,91
1102	30.07.2025 17:30:21	1,85	6,12	30,96	27,44	1452,92
1103	30.07.2025 17:30:22	1,85	6,10	30,92	27,42	1452,87
1104	30.07.2025 17:30:23	1,85	6,10	30,96	27,44	1452,91
1105	30.07.2025 17:30:24	1,85	6,10	30,96	27,44	1452,91
1106	30.07.2025 17:30:25	1,85	6,10	30,92	27,42	1452,87
1107	30.07.2025 17:30:26	1,85	6,10	30,92	27,42	1452,87
1108	30.07.2025 17:30:27	1,85	6,12	30,96	27,44	1452,92
1109	30.07.2025 17:30:28	1,85	6,10	30,96	27,44	1452,91
1110	30.07.2025 17:30:29	1,85	6,12	30,96	27,44	1452,92
1111	30.07.2025 17:30:30	1,85	6,12	30,92	27,42	1452,87
1112	30.07.2025 17:30:31	1,85	6,12	30,96	27,44	1452,92
1113	30.07.2025 17:30:32	1,85	6,12	30,96	27,44	1452,92
1114	30.07.2025 17:30:33	1,85	6,13	30,96	27,44	1452,92
1115	30.07.2025 17:30:34	1,85	6,13	30,92	27,42	1452,88
1116	30.07.2025 17:30:35	1,85	6,12	30,92	27,42	1452,87
1117	30.07.2025 17:30:36	1,85	6,13	30,96	27,44	1452,92
1118	30.07.2025 17:30:37	1,85	6,13	30,96	27,44	1452,92
1119	30.07.2025 17:30:38	1,85	6,13	30,96	27,44	1452,92
1120	30.07.2025 17:30:39	1,85	6,13	30,92	27,42	1452,88
1121	30.07.2025 17:30:40	1,85	6,12	30,96	27,44	1452,92
1122	30.07.2025 17:30:41	1,85	6,13	30,96	27,44	1452,92
1123	30.07.2025 17:30:42	1,85	6,13	30,96	27,44	1452,92
1124	30.07.2025 17:30:43	1,85	6,12	30,96	27,44	1452,92
1125	30.07.2025 17:30:44	1,85	6,12	30,96	27,44	1452,92
1126	30.07.2025 17:30:45	1,85	6,12	30,96	27,44	1452,92
1127	30.07.2025 17:30:46	1,85	6,12	30,96	27,44	1452,92
1128	30.07.2025 17:30:47	1,85	6,12	30,96	27,44	1452,92
1129	30.07.2025 17:30:48	1,85	6,12	30,96	27,44	1452,92
1130	30.07.2025 17:30:49	1,85	6,12	30,96	27,44	1452,92
1131	30.07.2025 17:30:50	1,85	6,10	30,96	27,44	1452,91
1132	30.07.2025 17:30:51	1,85	6,10	30,96	27,44	1452,91
1133	30.07.2025 17:30:52	1,85	6,10	30,96	27,44	1452,91
1134	30.07.2025 17:30:53	1,85	6,10	30,96	27,44	1452,91
1135	30.07.2025 17:30:54	1,85	6,10	30,96	27,44	1452,91
1136	30.07.2025 17:30:55	1,85	6,10	30,96	27,44	1452,91
1137	30.07.2025 17:30:56	1,85	6,10	30,96	27,44	1452,91
1138	30.07.2025 17:30:57	1,81	6,10	30,99	27,44	1452,79
1139	30.07.2025 17:30:58	1,85	6,10	30,96	27,44	1452,91
1140	30.07.2025 17:30:59	1,85	6,12	30,96	27,44	1452,92
1141	30.07.2025 17:31:00	1,81	6,08	30,99	27,44	1452,79
1142	30.07.2025 17:31:01	1,85	6,10	30,96	27,44	1452,91
1143	30.07.2025 17:31:02	1,85	6,10	30,96	27,44	1452,91
1144	30.07.2025 17:31:03	1,81	6,08	30,99	27,44	1452,79
1145	30.07.2025 17:31:04	1,85	6,08	30,96	27,44	1452,91
1146	30.07.2025 17:31:05	1,85	6,10	30,96	27,44	1452,91
1147	30.07.2025 17:31:06	1,81	6,10	30,99	27,44	1452,79
1148	30.07.2025 17:31:07	1,81	6,10	30,99	27,44	1452,79
1149	30.07.2025 17:31:08	1,85	6,08	30,96	27,44	1452,91
1150	30.07.2025 17:31:09	1,81	6,08	30,99	27,44	1452,79
1151	30.07.2025 17:31:10	1,81	6,08	30,99	27,44	1452,79
1152	30.07.2025 17:31:11	1,85	6,10	30,96	27,44	1452,91
1153	30.07.2025 17:31:12	1,81	6,08	30,99	27,44	1452,79
1154	30.07.2025 17:31:13	1,81	6,08	30,99	27,44	1452,79
1155	30.07.2025 17:31:14	1,85	6,08	30,96	27,44	1452,91
1156	30.07.2025 17:31:15	1,81	6,08	30,99	27,44	1452,79
1157	30.07.2025 17:31:16	1,81	6,08	30,99	27,44	1452,79
1158	30.07.2025 17:31:17	1,81	6,08	30,99	27,44	1452,79
1159	30.07.2025 17:31:18	1,81	6,08	30,99	27,44	1452,79
1160	30.07.2025 17:31:19	1,81	6,08	30,99	27,44	1452,79
1161	30.07.2025 17:31:20	1,81	6,08	30,99	27,44	1452,79
1162	30.07.2025 17:31:21	1,81	6,10	30,99	27,44	1452,79
1163	30.07.2025 17:31:22	1,81	6,10	30,99	27,44	1452,79
1164	30.07.2025 17:31:23	1,81	6,10	30,99	27,44	1452,79
1165	30.07.2025 17:31:24	1,81	6,10	30,96	27,42	1452,75
1166	30.07.2025 17:31:25	1,81	6,10	30,96	27,42	1452,75
1167	30.07.2025 17:31:26	1,81	6,10	30,99	27,44	1452,79
1168	30.07.2025 17:31:27	1,81	6,10	30,99	27,44	1452,79
1169	30.07.2025 17:31:28	1,81	6,08	30,99	27,44	1452,79
1170	30.07.2025 17:31:29	1,81	6,10	30,96	27,42	1452,75
1171	30.07.2025 17:31:30	1,81	6,10	30,96	27,42	1452,75
1172	30.07.2025 17:31:31	1,81	6,10	30,99	27,44	1452,79
1173	30.07.2025 17:31:32	1,81	6,08	30,99	27,44	1452,79
1174	30.07.2025 17:31:33	1,81	6,10	30,99	27,44	1452,79
1175	30.07.2025 17:31:34	1,81	6,10	30,99	27,44	1452,79
1176	30.07.2025 17:31:35	1,81	6,08	30,96	27,42	1452,75
1177	30.07.2025 17:31:36	1,81	6,10	30,99	27,44	1452,79
1178	30.07.2025 17:31:37	1,81	6,10	30,99	27,44	1452,79
1179	30.07.2025 17:31:38	1,81	6,10	30,99	27,44	1452,79
1180	30.07.2025 17:31:39	1,81	6,10	30,99	27,44	1452,79
1181	30.07.2025 17:31:40	1,81	6,10	30,99	27,44	1452,79
1182	30.07.2025 17:31:41	1,81	6,10	30,99	27,44	1452,79
1183	30.07.2025 17:31:42	1,81	6,10	30,96	27,42	1452,75
1184	30.07.2025 17:31:43	1,81	6,10	30,96	27,42	1452,75
1185	30.07.2025 17:31:44	1,81	6,10	30,99	27,44	1452,79
1186	30.07.2025 17:31:45	1,81	6,08	30,99	27,44	1452,79
1187	30.07.2025 17:31:46	1,81	6,10	30,99	27,44	1452,79
1188	30.07.2025 17:31:47	1,81	6,10	30,99	27,44	1452,79
1189	30.07.2025 17:31:48	1,81	6,10	30,99	27,44	1452,79
1190	30.07.2025 17:31:49	1,81	6,10	30,99	27,44	1452,79
1191	30.07.2025 17:31:50	1,81	6,10	30,99	27,44	1452,79
1192	30.07.2025 17:31:51	1,81	6,10	30,99	27,44	1452,79
1193	30.07.2025 17:31:52	1,81	6,10	30,99	27,44	1452,79
1194	30.07.2025 17:31:53	1,81	6,10	30,99	27,44	1452,79
1195	30.07.2025 17:31:54	1,81	6,10	30,96	27,42	1452,75
1196	30.07.2025 17:31:55	1,81	6,11	30,96	27,42	1452,75
1197	30.07.2025 17:31:56	1,81	6,10	30,99	27,44	1452,79
1198	30.07.2025 17:31:57	1,81	6,10	30,99	27,44	1452,79
1199	30.07.2025 17:31:58	1,81	6,10	30,99	27,44	1452,79
1200	30.07.2025 17:31:59	1,81	6,10	30,99	27,44	1452,79
1201	30.07.2025 17:32:00	1,81	6,10	30,99	27,44	1452,79
1202	30.07.2025 17:32:01	1,81	6,11	30,99	27,44	1452,79
1203	30.07.2025 17:32:02	1,81	6,10	30,99	27,44	1452,79
1204	30.07.2025 17:32:03	1,81	6,10	30,99	27,44	1452,79
1205	30.07.2025 17:32:04	1,81	6,10	30,99	27,44	1452,79
1206	30.07.2025 17:32:05	1,81	6,10	30,99	27,44	1452,79
1207	30.07.2025 17:32:06	1,81	6,10	30,99	27,44	1452,79
1208	30.07.2025 17:32:07	1,81	6,10	30,99	27,44	1452,79
1209	30.07.2025 17:32:08	1,81	6,10	30,99	27,44	1452,79
1210	30.07.2025 17:32:09	1,81	6,10	30,99	27,44	1452,79
1211	30.07.2025 17:32:10	1,81	6,10	30,99	27,44	1452,79
1212	30.07.2025 17:32:11	1,81	6,10	30,96	27,42	1452,75
1213	30.07.2025 17:32:12	1,81	6,10	30,99	27,44	1452,79
1214	30.07.2025 17:32:13	1,81	6,10	30,96	27,42	1452,75
1215	30.07.2025 17:32:14	1,81	6,10	30,99	27,44	1452,79
1216	30.07.2025 17:32:15	1,81	6,11	30,99	27,44	1452,79
1217	30.07.2025 17:32:16	1,81	6,10	30,99	27,44	1452,79
1218	30.07.2025 17:32:17	1,81	6,10	30,99	27,44	1452,79
1219	30.07.2025 17:32:18	1,81	6,10	30,99	27,44	1452,79
1220	30.07.2025 17:32:19	1,81	6,11	30,96	27,42	1452,75
1221	30.07.2025 17:32:20	1,81	6,10	30,99	27,44	1452,79
1222	30.07.2025 17:32:21	1,81	6,10	30,99	27,44	1452,79
1223	30.07.2025 17:32:22	1,81	6,11	30,99	27,44	1452,79
1224	30.07.2025 17:32:23	1,81	6,10	30,99	27,44	1452,79
1225	30.07.2025 17:32:24	1,81	6,10	30,99	27,44	1452,79
1226	30.07.2025 17:32:25	1,81	6,11	30,99	27,44	1452,79
1227	30.07.2025 17:32:26	1,81	6,10	30,99	27,44	1452,79
1228	30.07.2025 17:32:27	1,81	6,11	30,99	27,44	1452,79
1229	30.07.2025 17:32:28	1,81	6,11	30,99	27,44	1452,79
1230	30.07.2025 17:32:29	1,81	6,11	30,99	27,44	1452,79
1231	30.07.2025 17:32:30	1,81	6,11	30,99	27,44	1452,79
1232	30.07.2025 17:32:31	1,81	6,10	30,99	27,44	1452,79
1233	30.07.2025 17:32:32	1,81	6,11	30,99	27,44	1452,79
1234	30.07.2025 17:32:33	1,81	6,11	30,99	27,44	1452,79
1235	30.07.2025 17:32:34	1,81	6,11	30,99	27,44	1452,79
1236	30.07.2025 17:32:35	1,81	6,11	30,99	27,44	1452,79
1237	30.07.2025 17:32:36	1,81	6,11	30,99	27,44	1452,79
1238	30.07.2025 17:32:37	1,81	6,11	30,99	27,44	1452,79
1239	30.07.2025 17:32:38	1,81	6,10	30,99	27,44	1452,79
1240	30.07.2025 17:32:39	1,81	6,10	30,99	27,44	1452,79
1241	30.07.2025 17:32:40	1,81	6,11	30,99	27,44	1452,79
1242	30.07.2025 17:32:41	1,81	6,11	30,99	27,44	1452,79
1243	30.07.2025 17:32:42	1,81	6,11	30,99	27,44	1452,79
1244	30.07.2025 17:32:43	1,81	6,10	30,99	27,44	1452,79
1245	30.07.2025 17:32:44	1,81	6,10	30,99	27,44	1452,79
1246	30.07.2025 17:32:45	1,81	6,11	30,99	27,44	1452,79
1247	30.07.2025 17:32:46	1,81	6,10	30,99	27,44	1452,79
1248	30.07.2025 17:32:47	1,81	6,08	30,99	27,44	1452,79
1249	30.07.2025 17:32:48	1,81	6,10	30,99	27,44	1452,79
1250	30.07.2025 17:32:49	1,81	6,10	30,96	27,42	1452,75
1251	30.07.2025 17:32:50	1,81	6,10	30,99	27,44	1452,79
1252	30.07.2025 17:32:51	1,81	6,10	30,99	27,44	1452,79
1253	30.07.2025 17:32:52	1,81	6,11	30,99	27,44	1452,79
1254	30.07.2025 17:32:53	1,81	6,10	30,99	27,44	1452,79
1255	30.07.2025 17:32:54	1,81	6,10	30,99	27,44	1452,79
1256	30.07.2025 17:32:55	1,81	6,08	30,99	27,44	1452,79
1257	30.07.2025 17:32:56	1,81	6,10	30,99	27,44	1452,79
1258	30.07.2025 17:32:57	1,81	6,10	30,99	27,44	1452,79
1259	30.07.2025 17:32:58	1,81	6,08	30,99	27,44	1452,79
1260	30.07.2025 17:32:59	1,81	6,10	30,99	27,44	1452,79
1261	30.07.2025 17:33:00	1,81	6,10	30,99	27,44	1452,79
1262	30.07.2025 17:33:01	1,81	6,10	30,99	27,44	1452,79
1263	30.07.2025 17:33:02	1,81	6,10	30,99	27,44	1452,79
1264	30.07.2025 17:33:03	1,81	6,08	30,99	27,44	1452,79
1265	30.07.2025 17:33:04	1,81	6,08	30,99	27,44	1452,79
1266	30.07.2025 17:33:05	1,81	6,08	30,99	27,44	1452,79
1267	30.07.2025 17:33:06	1,81	6,08	30,99	27,44	1452,79
1268	30.07.2025 17:33:07	1,81	6,08	30,99	27,44	1452,79
1269	30.07.2025 17:33:08	1,81	6,08	30,99	27,44	1452,79
1270	30.07.2025 17:33:09	1,81	6,08	30,99	27,44	1452,79
1271	30.07.2025 17:33:10	1,81	6,08	30,99	27,44	1452,79
1272	30.07.2025 17:33:11	1,81	6,08	30,99	27,44	1452,79
1273	30.07.2025 17:33:12	1,81	6,10	30,99	27,44	1452,79
1274	30.07.2025 17:33:13	1,81	6,10	30,99	27,44	1452,79
1275	30.07.2025 17:33:14	1,81	6,08	30,99	27,44	1452,79
1276	30.07.2025 17:33:15	1,81	6,10	30,99	27,44	1452,79
1277	30.07.2025 17:33:16	1,81	6,08	30,99	27,44	1452,79
1278	30.07.2025 17:33:17	1,81	6,08	30,99	27,44	1452,79
1279	30.07.2025 17:33:18	1,81	6,08	30,99	27,44	1452,79
1280	30.07.2025 17:33:19	1,81	6,08	30,99	27,44	1452,79
1281	30.07.2025 17:33:20	1,81	6,08	30,99	27,44	1452,79
1282	30.07.2025 17:33:21	1,81	6,08	30,99	27,44	1452,79
1283	30.07.2025 17:33:22	1,81	6,08	30,99	27,44	1452,79
1284	30.07.2025 17:33:23	1,81	6,08	30,99	27,44	1452,79
1285	30.07.2025 17:33:24	1,81	6,08	30,99	27,44	1452,79
1286	30.07.2025 17:33:25	1,81	6,08	30,99	27,44	1452,79
1287	30.07.2025 17:33:26	1,81	6,10	30,99	27,44	1452,79
1288	30.07.2025 17:33:27	1,81	6,08	30,99	27,44	1452,79
1289	30.07.2025 17:33:28	1,81	6,08	30,99	27,44	1452,79
1290	30.07.2025 17:33:29	1,81	6,08	30,99	27,44	1452,79
1291	30.07.2025 17:33:30	1,81	6,08	30,99	27,44	1452,79
1292	30.07.2025 17:33:31	1,81	6,10	30,99	27,44	1452,79
1293	30.07.2025 17:33:32	1,81	6,06	30,99	27,44	1452,79
1294	30.07.2025 17:33:33	1,81	6,08	30,99	27,44	1452,79
1295	30.07.2025 17:33:34	1,81	6,08	30,99	27,44	1452,79
1296	30.07.2025 17:33:35	1,81	6,08	30,99	27,44	1452,79
1297	30.07.2025 17:33:36	1,81	6,08	30,99	27,44	1452,79
1298	30.07.2025 17:33:37	1,81	6,08	30,99	27,44	1452,79
1299	30.07.2025 17:33:38	1,81	6,08	30,99	27,44	1452,79
1300	30.07.2025 17:33:39	1,81	6,08	30,99	27,44	1452,79
1301	30.07.2025 17:33:40	1,81	6,08	30,99	27,44	1452,79
1302	30.07.2025 17:33:41	1,81	6,08	30,99	27,44	1452,79
1303	30.07.2025 17:33:42	1,81	6,06	30,99	27,44	1452,79
1304	30.07.2025 17:33:43	1,81	6,10	30,99	27,44	1452,79
1305	30.07.2025 17:33:44	1,81	6,08	30,99	27,44	1452,79
1306	30.07.2025 17:33:45	1,81	6,08	30,99	27,44	1452,79
1307	30.07.2025 17:33:46	1,81	6,06	30,99	27,44	1452,79
1308	30.07.2025 17:33:47	1,81	6,06	30,99	27,44	1452,79
1309	30.07.2025 17:33:48	1,81	6,08	30,99	27,44	1452,79
1310	30.07.2025 17:33:49	1,81	6,06	30,99	27,44	1452,79
1311	30.07.2025 17:33:50	1,81	6,06	30,99	27,44	1452,79
1312	30.07.2025 17:33:51	1,81	6,06	30,99	27,44	1452,79
1313	30.07.2025 17:33:52	1,81	6,06	30,99	27,44	1452,79
1314	30.07.2025 17:33:53	1,81	6,06	30,99	27,44	1452,79
1315	30.07.2025 17:33:54	1,81	6,06	30,99	27,44	1452,79
1316	30.07.2025 17:33:55	1,81	6,06	30,99	27,44	1452,79
1317	30.07.2025 17:33:56	1,81	6,06	30,99	27,44	1452,79
1318	30.07.2025 17:33:57	1,81	6,06	30,99	27,44	1452,79
1319	30.07.2025 17:33:58	1,81	6,08	30,99	27,44	1452,79
1320	30.07.2025 17:33:59	1,81	6,06	30,99	27,44	1452,79
1321	30.07.2025 17:34:00	1,81	6,06	30,99	27,44	1452,79
1322	30.07.2025 17:34:01	1,81	6,06	30,99	27,44	1452,79
1323	30.07.2025 17:34:02	1,81	6,06	30,99	27,44	1452,79
1324	30.07.2025 17:34:03	1,81	6,04	30,99	27,44	1452,78
1325	30.07.2025 17:34:04	1,81	6,04	30,99	27,44	1452,78
1326	30.07.2025 17:34:05	1,81	6,06	30,99	27,44	1452,79
1327	30.07.2025 17:34:06	1,81	6,06	30,99	27,44	1452,79
1328	30.07.2025 17:34:07	1,81	6,06	30,96	27,42	1452,74
1329	30.07.2025 17:34:08	1,81	6,06	30,96	27,42	1452,74
1330	30.07.2025 17:34:09	1,81	6,06	30,96	27,42	1452,74
1331	30.07.2025 17:34:10	1,81	6,04	30,99	27,44	1452,78
1332	30.07.2025 17:34:11	1,81	6,06	30,99	27,44	1452,79
1333	30.07.2025 17:34:12	1,81	6,06	30,99	27,44	1452,79
1334	30.07.2025 17:34:13	1,81	6,06	30,99	27,44	1452,79
1335	30.07.2025 17:34:14	1,81	6,06	30,99	27,44	1452,79
1336	30.07.2025 17:34:15	1,81	6,04	30,99	27,44	1452,78
1337	30.07.2025 17:34:16	1,81	6,04	30,99	27,44	1452,78
1338	30.07.2025 17:34:17	1,81	6,06	30,99	27,44	1452,79
1339	30.07.2025 17:34:18	1,85	6,05	30,96	27,44	1452,91
1340	30.07.2025 17:34:19	1,81	6,04	30,99	27,44	1452,78
1341	30.07.2025 17:34:20	1,81	6,04	30,96	27,42	1452,74
1342	30.07.2025 17:34:21	1,81	6,04	30,99	27,44	1452,78
1343	30.07.2025 17:34:22	1,81	6,06	30,99	27,44	1452,79
1344	30.07.2025 17:34:23	1,81	6,06	30,99	27,44	1452,79
1345	30.07.2025 17:34:24	1,81	6,06	30,99	27,44	1452,79
1346	30.07.2025 17:34:25	1,81	6,06	30,99	27,44	1452,79
1347	30.07.2025 17:34:26	1,81	6,06	30,99	27,44	1452,79
1348	30.07.2025 17:34:27	1,85	6,06	30,96	27,44	1452,91
1349	30.07.2025 17:34:28	1,81	6,08	30,99	27,44	1452,79
1350	30.07.2025 17:34:29	1,81	6,06	30,99	27,44	1452,79
1351	30.07.2025 17:34:30	1,81	6,06	30,99	27,44	1452,79
1352	30.07.2025 17:34:31	1,81	6,06	30,99	27,44	1452,79
1353	30.07.2025 17:34:32	1,81	6,06	30,99	27,44	1452,79
1354	30.07.2025 17:34:33	1,81	6,06	30,99	27,44	1452,79
1355	30.07.2025 17:34:34	1,85	6,06	30,96	27,44	1452,91
1356	30.07.2025 17:34:35	1,81	6,06	30,99	27,44	1452,79
1357	30.07.2025 17:34:36	1,85	6,06	30,96	27,44	1452,91
1358	30.07.2025 17:34:37	1,81	6,08	30,99	27,44	1452,79
1359	30.07.2025 17:34:38	1,85	6,08	30,96	27,44	1452,91
1360	30.07.2025 17:34:39	1,85	6,08	30,96	27,44	1452,91
1361	30.07.2025 17:34:40	1,85	6,08	30,96	27,44	1452,91
1362	30.07.2025 17:34:41	1,81	6,10	30,99	27,44	1452,79
1363	30.07.2025 17:34:42	1,85	6,10	30,96	27,44	1452,91
1364	30.07.2025 17:34:43	1,81	6,08	30,99	27,44	1452,79
1365	30.07.2025 17:34:44	1,85	6,10	30,96	27,44	1452,91
1366	30.07.2025 17:34:45	1,85	6,10	30,96	27,44	1452,91
1367	30.07.2025 17:34:46	1,85	6,10	30,96	27,44	1452,91
1368	30.07.2025 17:34:47	1,81	6,11	30,99	27,44	1452,80
1369	30.07.2025 17:34:48	1,81	6,10	30,99	27,44	1452,79
1370	30.07.2025 17:34:49	1,85	6,10	30,96	27,44	1452,91
1371	30.07.2025 17:34:50	1,85	6,08	30,96	27,44	1452,91
1372	30.07.2025 17:34:51	1,85	6,06	30,96	27,44	1452,91
1373	30.07.2025 17:34:52	1,85	6,05	30,96	27,44	1452,91
1374	30.07.2025 17:34:53	1,85	6,01	30,99	27,47	1452,95
1375	30.07.2025 17:34:54	1,85	5,99	30,96	27,44	1452,90
1376	30.07.2025 17:34:55	1,85	5,98	30,96	27,44	1452,90
1377	30.07.2025 17:34:56	1,85	5,92	30,99	27,47	1452,93
1378	30.07.2025 17:34:57	1,85	5,91	30,99	27,47	1452,93
1379	30.07.2025 17:34:58	1,85	5,87	30,96	27,44	1452,88
1380	30.07.2025 17:34:59	1,85	5,82	30,99	27,47	1452,92
1381	30.07.2025 17:35:00	1,85	5,78	30,99	27,47	1452,91
1382	30.07.2025 17:35:01	1,85	5,75	30,96	27,44	1452,86
1383	30.07.2025 17:35:02	1,85	5,71	30,99	27,47	1452,90
1384	30.07.2025 17:35:03	1,85	5,66	30,99	27,47	1452,89
1385	30.07.2025 17:35:04	1,85	5,64	30,96	27,44	1452,84
1386	30.07.2025 17:35:05	1,85	5,59	30,99	27,47	1452,88
1387	30.07.2025 17:35:06	1,85	5,57	30,99	27,47	1452,88
1388	30.07.2025 17:35:07	1,85	5,52	30,99	27,47	1452,87
1389	30.07.2025 17:35:08	1,85	5,50	30,99	27,47	1452,87
1390	30.07.2025 17:35:09	1,85	5,47	30,99	27,47	1452,86
1391	30.07.2025 17:35:10	1,85	5,43	30,99	27,47	1452,86
1392	30.07.2025 17:35:11	1,85	5,40	30,99	27,47	1452,85
1393	30.07.2025 17:35:12	1,85	5,36	30,99	27,47	1452,84
1394	30.07.2025 17:35:13	1,85	5,34	30,99	27,47	1452,84
1395	30.07.2025 17:35:14	1,85	5,31	30,99	27,47	1452,84
1396	30.07.2025 17:35:15	1,85	5,29	30,99	27,47	1452,83
1397	30.07.2025 17:35:16	1,85	5,27	30,99	27,47	1452,83
1398	30.07.2025 17:35:17	1,85	5,26	30,99	27,47	1452,83
1399	30.07.2025 17:35:18	1,85	5,22	31,03	27,50	1452,87
1400	30.07.2025 17:35:19	1,85	5,22	31,03	27,50	1452,87
1401	30.07.2025 17:35:20	1,89	5,21	30,99	27,50	1452,99
1402	30.07.2025 17:35:21	1,89	5,19	30,99	27,50	1452,98
1403	30.07.2025 17:35:22	1,89	5,17	30,99	27,50	1452,98
1404	30.07.2025 17:35:23	1,89	5,15	30,99	27,50	1452,98
1405	30.07.2025 17:35:24	1,89	5,14	30,99	27,50	1452,98
1406	30.07.2025 17:35:25	1,89	5,14	30,99	27,50	1452,98
1407	30.07.2025 17:35:26	1,89	5,12	30,99	27,50	1452,97
1408	30.07.2025 17:35:27	1,89	5,12	30,99	27,50	1452,97
1409	30.07.2025 17:35:28	1,89	5,10	30,99	27,50	1452,97
1410	30.07.2025 17:35:29	1,89	5,10	30,99	27,50	1452,97
1411	30.07.2025 17:35:30	1,89	5,10	30,99	27,50	1452,97
1412	30.07.2025 17:35:31	1,89	5,08	30,99	27,50	1452,97
1413	30.07.2025 17:35:32	1,89	5,07	30,99	27,50	1452,96
1414	30.07.2025 17:35:33	1,89	5,07	30,99	27,50	1452,96
1415	30.07.2025 17:35:34	1,89	5,07	30,99	27,50	1452,96
1416	30.07.2025 17:35:35	1,93	5,07	30,95	27,50	1453,09
1417	30.07.2025 17:35:36	1,93	5,07	30,95	27,50	1453,09
1418	30.07.2025 17:35:37	1,93	5,05	30,95	27,50	1453,08
1419	30.07.2025 17:35:38	1,93	5,07	30,95	27,50	1453,09
1420	30.07.2025 17:35:39	1,93	5,05	30,95	27,50	1453,08
1421	30.07.2025 17:35:40	1,93	5,05	30,99	27,53	1453,13
1422	30.07.2025 17:35:41	1,93	5,03	30,95	27,50	1453,08
1423	30.07.2025 17:35:42	1,93	5,03	30,95	27,50	1453,08
1424	30.07.2025 17:35:43	1,93	5,02	30,99	27,53	1453,12
1425	30.07.2025 17:35:44	1,93	5,03	30,95	27,50	1453,08
1426	30.07.2025 17:35:45	1,93	5,02	30,99	27,53	1453,12
1427	30.07.2025 17:35:46	1,93	5,02	30,99	27,53	1453,12
1428	30.07.2025 17:35:47	1,93	5,02	30,99	27,53	1453,12
1429	30.07.2025 17:35:48	1,93	5,00	30,99	27,53	1453,12
1430	30.07.2025 17:35:49	1,93	5,00	30,99	27,53	1453,12
1431	30.07.2025 17:35:50	1,93	4,98	30,96	27,50	1453,07
1432	30.07.2025 17:35:51	1,93	4,98	30,99	27,53	1453,12
1433	30.07.2025 17:35:52	1,93	4,98	30,99	27,53	1453,12
1434	30.07.2025 17:35:53	1,93	4,96	30,99	27,53	1453,11
1435	30.07.2025 17:35:54	1,93	4,96	30,99	27,53	1453,11
1436	30.07.2025 17:35:55	1,93	4,96	30,99	27,53	1453,11
1437	30.07.2025 17:35:56	1,96	4,97	30,95	27,53	1453,24
1438	30.07.2025 17:35:57	1,96	4,93	30,95	27,53	1453,23
1439	30.07.2025 17:35:58	1,96	4,93	30,95	27,53	1453,23
1440	30.07.2025 17:35:59	1,96	4,93	30,95	27,53	1453,23
1441	30.07.2025 17:36:00	1,96	4,93	30,95	27,53	1453,23
1442	30.07.2025 17:36:01	1,96	4,91	30,95	27,53	1453,23
1443	30.07.2025 17:36:02	1,96	4,90	30,95	27,53	1453,22
1444	30.07.2025 17:36:03	1,96	4,90	30,95	27,53	1453,22
1445	30.07.2025 17:36:04	1,96	4,88	30,95	27,53	1453,22
1446	30.07.2025 17:36:05	1,96	4,86	30,95	27,53	1453,22
1447	30.07.2025 17:36:06	1,96	4,86	30,95	27,53	1453,22
1448	30.07.2025 17:36:07	1,96	4,84	30,95	27,53	1453,22
1449	30.07.2025 17:36:08	1,96	4,83	30,95	27,53	1453,21
1450	30.07.2025 17:36:09	1,96	4,81	30,95	27,53	1453,21
1451	30.07.2025 17:36:10	1,96	4,79	30,99	27,55	1453,25
1452	30.07.2025 17:36:11	1,96	4,79	30,99	27,55	1453,25
1453	30.07.2025 17:36:12	2,00	4,76	30,95	27,55	1453,37
1454	30.07.2025 17:36:13	2,00	4,76	30,98	27,58	1453,41
1455	30.07.2025 17:36:14	2,00	4,74	30,95	27,55	1453,37
1456	30.07.2025 17:36:15	2,04	4,72	30,95	27,58	1453,53
1457	30.07.2025 17:36:16	2,04	4,72	30,95	27,58	1453,53
1458	30.07.2025 17:36:17	2,04	4,69	30,95	27,58	1453,52
1459	30.07.2025 17:36:18	2,08	4,67	30,94	27,61	1453,68
1460	30.07.2025 17:36:19	2,08	4,66	30,94	27,61	1453,68
1461	30.07.2025 17:36:20	2,12	4,64	30,94	27,64	1453,84
1462	30.07.2025 17:36:21	2,15	4,63	30,94	27,66	1454,00
1463	30.07.2025 17:36:22	2,15	4,61	30,94	27,66	1454,00
1464	30.07.2025 17:36:23	2,19	4,59	30,90	27,67	1454,12
1465	30.07.2025 17:36:24	2,23	4,56	30,90	27,69	1454,28
1466	30.07.2025 17:36:25	2,23	4,56	30,90	27,69	1454,28
1467	30.07.2025 17:36:26	2,27	4,53	30,86	27,69	1454,39
1468	30.07.2025 17:36:27	2,27	4,53	30,86	27,69	1454,39
1469	30.07.2025 17:36:28	2,27	4,51	30,86	27,69	1454,39
1470	30.07.2025 17:36:29	2,27	4,51	30,86	27,69	1454,39
1471	30.07.2025 17:36:30	2,31	4,49	30,83	27,69	1454,51
1472	30.07.2025 17:36:31	2,31	4,48	30,86	27,72	1454,55
1473	30.07.2025 17:36:32	2,31	4,46	30,86	27,72	1454,55
1474	30.07.2025 17:36:33	2,34	4,44	30,83	27,72	1454,66
1475	30.07.2025 17:36:34	2,34	4,43	30,86	27,75	1454,70
1476	30.07.2025 17:36:35	2,34	4,41	30,86	27,75	1454,70
1477	30.07.2025 17:36:36	2,38	4,37	30,82	27,75	1454,82
1478	30.07.2025 17:36:37	2,38	4,36	30,79	27,72	1454,77
1479	30.07.2025 17:36:38	2,38	4,34	30,79	27,72	1454,77
1480	30.07.2025 17:36:39	2,42	4,32	30,75	27,72	1454,88
1481	30.07.2025 17:36:40	2,42	4,29	30,76	27,72	1454,88
1482	30.07.2025 17:36:41	2,42	4,25	30,72	27,70	1454,83
1483	30.07.2025 17:36:42	2,42	4,24	30,72	27,70	1454,83
1484	30.07.2025 17:36:43	2,42	4,22	30,72	27,70	1454,82
1485	30.07.2025 17:36:44	2,42	4,18	30,72	27,70	1454,82
1486	30.07.2025 17:36:45	2,42	4,15	30,69	27,67	1454,77
1487	30.07.2025 17:36:46	2,42	4,13	30,69	27,67	1454,77
1488	30.07.2025 17:36:47	2,42	4,11	30,66	27,64	1454,72
1489	30.07.2025 17:36:48	2,42	4,08	30,66	27,64	1454,72
1490	30.07.2025 17:36:49	2,42	4,08	30,66	27,64	1454,72
1491	30.07.2025 17:36:50	2,42	4,04	30,66	27,64	1454,71
1492	30.07.2025 17:36:51	2,42	4,03	30,66	27,64	1454,71
1493	30.07.2025 17:36:52	2,46	3,99	30,66	27,67	1454,87
1494	30.07.2025 17:36:53	2,46	3,98	30,66	27,67	1454,86
1495	30.07.2025 17:36:54	2,46	3,94	30,62	27,64	1454,81
1496	30.07.2025 17:36:55	2,50	3,93	30,59	27,65	1454,93
1497	30.07.2025 17:36:56	2,50	3,87	30,59	27,65	1454,92
1498	30.07.2025 17:36:57	2,50	3,85	30,56	27,62	1454,88
1499	30.07.2025 17:36:58	2,50	3,84	30,52	27,59	1454,83
1500	30.07.2025 17:36:59	2,50	3,80	30,52	27,59	1454,83
1501	30.07.2025 17:37:00	2,50	3,78	30,52	27,59	1454,82
1502	30.07.2025 17:37:01	2,50	3,77	30,56	27,62	1454,86
1503	30.07.2025 17:37:02	2,50	3,73	30,52	27,59	1454,82
1504	30.07.2025 17:37:03	2,53	3,70	30,36	27,49	1454,76
1505	30.07.2025 17:37:04	2,50	3,66	30,33	27,43	1454,55
1506	30.07.2025 17:37:05	2,50	3,64	30,30	27,40	1454,50
1507	30.07.2025 17:37:06	2,46	3,62	30,27	27,35	1454,29
1508	30.07.2025 17:37:07	2,42	3,59	30,20	27,27	1454,04
1509	30.07.2025 17:37:08	2,42	3,55	30,24	27,30	1454,08
1510	30.07.2025 17:37:09	2,38	3,53	30,27	27,30	1453,95
1511	30.07.2025 17:37:10	2,38	3,50	30,27	27,29	1453,95
1512	30.07.2025 17:37:11	2,38	3,46	30,24	27,27	1453,90
1513	30.07.2025 17:37:12	2,38	3,45	30,21	27,24	1453,85
1514	30.07.2025 17:37:13	2,38	3,43	30,37	27,38	1454,07
1515	30.07.2025 17:37:14	2,38	3,41	30,50	27,48	1454,23
1516	30.07.2025 17:37:15	2,46	3,36	30,46	27,51	1454,51
1517	30.07.2025 17:37:16	2,50	3,35	30,43	27,51	1454,63
1518	30.07.2025 17:37:17	2,53	3,31	30,39	27,51	1454,74
1519	30.07.2025 17:37:18	2,53	3,28	30,33	27,46	1454,65
1520	30.07.2025 17:37:19	2,53	3,24	30,23	27,38	1454,52
1521	30.07.2025 17:37:20	2,53	3,24	30,17	27,33	1454,43
1522	30.07.2025 17:37:21	2,50	3,21	30,20	27,32	1454,31
1523	30.07.2025 17:37:22	2,50	3,17	30,17	27,30	1454,26
1524	30.07.2025 17:37:23	2,50	3,15	30,23	27,35	1454,34
1525	30.07.2025 17:37:24	2,50	3,14	30,23	27,35	1454,34
1526	30.07.2025 17:37:25	2,50	3,08	30,23	27,35	1454,33
1527	30.07.2025 17:37:26	2,50	3,05	30,27	27,38	1454,37
1528	30.07.2025 17:37:27	2,53	3,00	30,26	27,40	1454,52
1529	30.07.2025 17:37:28	2,53	2,98	30,46	27,57	1454,78
1530	30.07.2025 17:37:29	2,57	2,95	30,49	27,62	1454,97
1531	30.07.2025 17:37:30	2,61	2,90	30,52	27,68	1455,17
1532	30.07.2025 17:37:31	2,68	2,88	30,52	27,73	1455,49
1533	30.07.2025 17:37:32	2,76	2,83	30,51	27,79	1455,81
1534	30.07.2025 17:37:33	2,80	2,78	30,51	27,81	1455,96
1535	30.07.2025 17:37:34	2,84	2,75	30,48	27,81	1456,07
1536	30.07.2025 17:37:35	2,87	2,72	30,54	27,90	1456,31
1537	30.07.2025 17:37:36	2,91	2,68	30,57	27,95	1456,51
1538	30.07.2025 17:37:37	2,98	2,64	30,50	27,95	1456,73
1539	30.07.2025 17:37:38	3,02	2,59	30,53	28,01	1456,93
1540	30.07.2025 17:37:39	3,06	2,55	30,53	28,03	1457,08
1541	30.07.2025 17:37:40	3,10	2,50	30,53	28,06	1457,23
1542	30.07.2025 17:37:41	3,13	2,49	30,49	28,06	1457,34
1543	30.07.2025 17:37:42	3,17	2,45	30,49	28,09	1457,50
1544	30.07.2025 17:37:43	3,21	2,40	30,49	28,12	1457,64
1545	30.07.2025 17:37:44	3,25	2,37	30,49	28,15	1457,80
1546	30.07.2025 17:37:45	3,28	2,34	30,48	28,17	1457,95
1547	30.07.2025 17:37:46	3,32	2,30	30,55	28,25	1458,18
1548	30.07.2025 17:37:47	3,39	2,27	30,64	28,39	1458,61
1549	30.07.2025 17:37:48	3,47	2,24	30,76	28,55	1459,09
1550	30.07.2025 17:37:49	3,58	2,19	30,82	28,69	1459,63
1551	30.07.2025 17:37:50	3,69	2,15	30,78	28,74	1460,04
1552	30.07.2025 17:37:51	3,76	2,10	30,78	28,80	1460,34
1553	30.07.2025 17:37:52	3,87	2,05	30,74	28,86	1460,75
1554	30.07.2025 17:37:53	3,95	2,02	30,86	29,02	1461,21
1555	30.07.2025 17:37:54	4,06	1,99	30,95	29,18	1461,79
1556	30.07.2025 17:37:55	4,20	1,94	30,97	29,32	1462,42
1557	30.07.2025 17:37:56	4,31	1,93	31,15	29,56	1463,11
1558	30.07.2025 17:37:57	4,45	1,87	31,08	29,62	1463,61
1559	30.07.2025 17:37:58	4,60	1,81	31,01	29,68	1464,12
1560	30.07.2025 17:37:59	4,71	1,78	31,16	29,89	1464,75
1561	30.07.2025 17:38:00	4,89	1,80	31,43	30,27	1465,84
1562	30.07.2025 17:38:01	5,10	1,74	31,44	30,46	1466,74
1563	30.07.2025 17:38:02	5,35	1,67	31,16	30,42	1467,38
1564	30.07.2025 17:38:03	5,49	1,66	31,39	30,74	1468,25
1565	30.07.2025 17:38:04	5,67	1,72	32,17	31,57	1469,97
1566	30.07.2025 17:38:05	6,05	1,83	33,24	32,86	1472,91
1567	30.07.2025 17:38:06	6,72	1,79	33,86	34,00	1476,31
1568	30.07.2025 17:38:07	7,54	1,76	33,77	34,66	1479,38
1569	30.07.2025 17:38:08	8,31	1,73	33,71	35,30	1482,26
1570	30.07.2025 17:38:09	9,01	1,53	33,34	35,58	1484,39
1571	30.07.2025 17:38:10	9,57	1,42	32,99	35,74	1485,99
1572	30.07.2025 17:38:11	10,00	1,35	32,66	35,80	1487,12
1573	30.07.2025 17:38:12	10,32	1,31	32,54	35,97	1488,14
1574	30.07.2025 17:38:13	10,61	1,28	32,48	36,16	1489,10
1575	30.07.2025 17:38:14	10,90	1,27	32,44	36,39	1490,09
1576	30.07.2025 17:38:15	11,19	1,27	32,38	36,58	1491,03
1577	30.07.2025 17:38:16	11,48	1,26	32,30	36,75	1491,93
1578	30.07.2025 17:38:17	11,77	1,21	32,13	36,84	1492,72
1579	30.07.2025 17:38:18	12,02	1,17	31,92	36,85	1493,34
1580	30.07.2025 17:38:19	12,24	1,16	31,76	36,88	1493,90
1581	30.07.2025 17:38:20	12,40	1,15	31,61	36,86	1494,26
1582	30.07.2025 17:38:21	12,56	1,14	31,48	36,86	1494,63
1583	30.07.2025 17:38:22	12,71	1,11	31,36	36,87	1495,01
1584	30.07.2025 17:38:23	12,87	1,10	31,23	36,87	1495,39
1585	30.07.2025 17:38:24	12,99	1,11	31,13	36,87	1495,69
1586	30.07.2025 17:38:25	13,12	1,08	31,03	36,88	1495,99
1587	30.07.2025 17:38:26	13,24	1,10	30,91	36,85	1496,26
1588	30.07.2025 17:38:27	13,37	1,09	30,81	36,86	1496,56
1589	30.07.2025 17:38:28	13,46	1,08	30,74	36,86	1496,78
1590	30.07.2025 17:38:29	13,55	1,06	30,64	36,83	1496,97
1591	30.07.2025 17:38:30	13,68	1,05	30,54	36,84	1497,27
1592	30.07.2025 17:38:31	13,77	1,02	30,47	36,84	1497,48
1593	30.07.2025 17:38:32	13,86	1,01	30,43	36,87	1497,73
1594	30.07.2025 17:38:33	13,96	0,98	30,38	36,90	1497,98
1595	30.07.2025 17:38:34	14,05	0,97	30,31	36,90	1498,20
1596	30.07.2025 17:38:35	14,14	0,95	30,26	36,93	1498,44
1597	30.07.2025 17:38:36	14,27	0,96	30,17	36,93	1498,74
1598	30.07.2025 17:38:37	14,36	0,93	30,10	36,94	1498,95
1599	30.07.2025 17:38:38	14,42	0,91	30,08	36,96	1499,12
1600	30.07.2025 17:38:39	14,51	0,88	30,01	36,97	1499,34
1601	30.07.2025 17:38:40	14,60	0,87	29,94	36,97	1499,55
1602	30.07.2025 17:38:41	14,70	0,86	29,87	36,97	1499,76
1603	30.07.2025 17:38:42	14,79	0,86	29,80	36,97	1499,98
1604	30.07.2025 17:38:43	14,85	0,85	29,76	36,97	1500,12
1605	30.07.2025 17:38:44	14,91	0,83	29,71	36,98	1500,27
1606	30.07.2025 17:38:45	15,00	0,84	29,64	36,98	1500,48
1607	30.07.2025 17:38:46	15,06	0,82	29,58	36,95	1500,59
1608	30.07.2025 17:38:47	15,12	0,81	29,55	36,98	1500,76
1609	30.07.2025 17:38:48	15,19	0,81	29,51	36,98	1500,91
1610	30.07.2025 17:38:49	15,28	0,81	29,44	36,99	1501,12
1611	30.07.2025 17:38:50	15,34	0,80	29,40	36,99	1501,26
1612	30.07.2025 17:38:51	15,37	0,80	29,38	36,99	1501,33
1613	30.07.2025 17:38:52	15,46	0,79	29,31	36,99	1501,54
1614	30.07.2025 17:38:53	15,52	0,81	29,27	36,99	1501,68
1615	30.07.2025 17:38:54	15,55	0,79	29,25	36,99	1501,75
1616	30.07.2025 17:38:55	15,61	0,79	29,20	36,99	1501,89
1617	30.07.2025 17:38:56	15,67	0,78	29,16	37,00	1502,03
1618	30.07.2025 17:38:57	15,73	0,76	29,11	37,00	1502,17
1619	30.07.2025 17:38:58	15,76	0,77	29,09	37,00	1502,24
1620	30.07.2025 17:38:59	15,82	0,75	29,05	37,00	1502,38
1621	30.07.2025 17:39:00	15,85	0,77	29,01	36,97	1502,43
1622	30.07.2025 17:39:01	15,91	0,77	28,96	36,97	1502,57
1623	30.07.2025 17:39:02	15,94	0,76	28,94	36,98	1502,63
1624	30.07.2025 17:39:03	16,01	0,76	28,90	36,98	1502,77
1625	30.07.2025 17:39:04	16,04	0,76	28,90	37,00	1502,87
1626	30.07.2025 17:39:05	16,10	0,75	28,86	37,01	1503,01
1627	30.07.2025 17:39:06	16,13	0,73	28,84	37,01	1503,08
1628	30.07.2025 17:39:07	16,19	0,72	28,79	37,01	1503,21
1629	30.07.2025 17:39:08	16,22	0,70	28,77	37,01	1503,28
1630	30.07.2025 17:39:09	16,28	0,69	28,73	37,01	1503,42
1631	30.07.2025 17:39:10	16,31	0,67	28,71	37,01	1503,48
1632	30.07.2025 17:39:11	16,34	0,67	28,69	37,01	1503,55
1633	30.07.2025 17:39:12	16,34	0,65	28,69	37,01	1503,55
1634	30.07.2025 17:39:13	16,37	0,65	28,67	37,01	1503,62
1635	30.07.2025 17:39:14	16,43	0,64	28,65	37,04	1503,78
1636	30.07.2025 17:39:15	16,49	0,68	28,72	37,18	1504,06
1637	30.07.2025 17:39:16	16,58	0,63	28,57	37,07	1504,15
1638	30.07.2025 17:39:17	16,61	0,60	28,52	37,04	1504,19
1639	30.07.2025 17:39:18	16,64	0,58	28,50	37,05	1504,26
1640	30.07.2025 17:39:19	16,64	0,58	28,53	37,07	1504,28
1641	30.07.2025 17:39:20	16,67	0,58	28,55	37,13	1504,40
1642	30.07.2025 17:39:21	16,73	0,60	28,55	37,18	1504,60
1643	30.07.2025 17:39:22	16,79	0,55	28,42	37,08	1504,62
1644	30.07.2025 17:39:23	16,79	0,55	28,40	37,05	1504,59
1645	30.07.2025 17:39:24	16,82	0,55	28,40	37,08	1504,69
1646	30.07.2025 17:39:25	16,82	0,54	28,38	37,05	1504,66
1647	30.07.2025 17:39:26	16,85	0,54	28,36	37,05	1504,73
1648	30.07.2025 17:39:27	16,88	0,52	28,34	37,05	1504,79
1649	30.07.2025 17:39:28	16,91	0,52	28,34	37,08	1504,89
1650	30.07.2025 17:39:29	16,91	0,52	28,32	37,05	1504,86
1651	30.07.2025 17:39:30	16,94	0,51	28,41	37,19	1505,06
1652	30.07.2025 17:39:31	17,00	0,53	28,37	37,19	1505,20
1653	30.07.2025 17:39:32	17,03	0,46	28,24	37,05	1505,13
1654	30.07.2025 17:39:33	17,06	0,48	28,21	37,06	1505,20
1655	30.07.2025 17:39:34	17,06	0,46	28,19	37,03	1505,17
1656	30.07.2025 17:39:35	17,06	0,46	28,19	37,03	1505,17
1657	30.07.2025 17:39:36	17,06	0,46	28,21	37,06	1505,19
1658	30.07.2025 17:39:37	17,09	0,44	28,19	37,06	1505,26
1659	30.07.2025 17:39:38	17,12	0,43	28,20	37,08	1505,35
1660	30.07.2025 17:39:39	17,15	0,41	28,18	37,08	1505,41
1661	30.07.2025 17:39:40	17,15	0,41	28,20	37,11	1505,44
1662	30.07.2025 17:39:41	17,18	0,41	28,36	37,33	1505,72
1663	30.07.2025 17:39:42	17,27	0,43	28,39	37,44	1506,03
1664	30.07.2025 17:39:43	17,33	0,43	28,32	37,41	1506,14
1665	30.07.2025 17:39:44	17,39	0,34	28,06	37,14	1506,00
1666	30.07.2025 17:39:45	17,36	0,34	28,08	37,14	1505,93
1667	30.07.2025 17:39:46	17,36	0,36	28,24	37,33	1506,12
1668	30.07.2025 17:39:47	17,39	0,32	28,04	37,12	1505,97
1669	30.07.2025 17:39:48	17,39	0,32	28,06	37,14	1505,99
1670	30.07.2025 17:39:49	17,39	0,30	28,06	37,14	1505,99
1671	30.07.2025 17:39:50	17,39	0,30	28,06	37,14	1505,99
1672	30.07.2025 17:39:51	17,39	0,30	28,11	37,20	1506,04
1673	30.07.2025 17:39:52	17,45	0,29	28,07	37,20	1506,18
1674	30.07.2025 17:39:53	17,45	0,25	28,02	37,14	1506,12
1675	30.07.2025 17:39:54	17,45	0,29	28,27	37,44	1506,41
1676	30.07.2025 17:39:55	17,54	0,22	28,03	37,23	1506,39
1677	30.07.2025 17:39:56	17,54	0,18	27,96	37,15	1506,31
1678	30.07.2025 17:39:57	17,51	0,18	27,98	37,15	1506,24
1679	30.07.2025 17:39:58	17,51	0,18	28,00	37,17	1506,27
1680	30.07.2025 17:39:59	17,51	0,18	28,00	37,17	1506,27
1681	30.07.2025 17:40:00	17,54	0,18	28,14	37,36	1506,52
1682	30.07.2025 17:40:01	17,60	0,16	28,08	37,34	1506,62
1683	30.07.2025 17:40:02	17,66	0,18	28,39	37,77	1507,17
1684	30.07.2025 17:40:03	17,78	0,13	28,02	37,42	1507,09
1685	30.07.2025 17:40:04	17,81	0,11	27,96	37,37	1507,11
1686	30.07.2025 17:40:05	17,81	0,04	28,00	37,42	1507,15
1687	30.07.2025 17:40:06	17,78	0,08	28,00	37,39	1507,06
1688	30.07.2025 17:40:07	17,81	0,08	28,00	37,42	1507,15
1689	30.07.2025 17:40:08	17,81	0,04	28,07	37,50	1507,22
1690	30.07.2025 17:40:09	17,84	0,04	27,92	37,34	1507,14
1691	30.07.2025 17:40:10	17,87	0,00	27,92	37,37	1507,22
1692	30.07.2025 17:40:11	17,84	0,00	27,99	37,42	1507,21
1693	30.07.2025 17:40:12	17,87	-0,01	27,97	37,42	1507,27
1694	30.07.2025 17:40:13	17,90	-0,05	27,99	37,48	1507,38
1695	30.07.2025 17:40:14	17,90	-0,01	27,97	37,45	1507,36
1696	30.07.2025 17:40:15	17,93	-0,01	28,26	37,82	1507,79
1697	30.07.2025 17:40:16	18,02	0,00	28,15	37,77	1507,94
1698	30.07.2025 17:40:17	18,11	-0,01	28,12	37,80	1508,16
1699	30.07.2025 17:40:18	18,17	-0,03	28,08	37,80	1508,29
1700	30.07.2025 17:40:19	18,20	-0,08	27,92	37,64	1508,19
1701	30.07.2025 17:40:20	18,17	-0,05	28,01	37,72	1508,21
1702	30.07.2025 17:40:21	18,20	-0,05	27,97	37,70	1508,25
1703	30.07.2025 17:40:22	18,20	-0,03	27,97	37,70	1508,25
1704	30.07.2025 17:40:23	18,22	-0,05	28,02	37,78	1508,39
1705	30.07.2025 17:40:24	18,25	-0,07	27,82	37,56	1508,25
1706	30.07.2025 17:40:25	18,22	-0,08	27,84	37,56	1508,18
1707	30.07.2025 17:40:26	18,22	-0,05	27,86	37,59	1508,21
1708	30.07.2025 17:40:27	18,22	-0,05	27,91	37,64	1508,26
1709	30.07.2025 17:40:28	18,22	-0,03	28,04	37,81	1508,42
1710	30.07.2025 17:40:29	18,25	-0,07	28,08	37,89	1508,55
1711	30.07.2025 17:40:30	18,31	0,00	28,27	38,16	1508,95
1712	30.07.2025 17:40:31	18,43	0,00	27,92	37,84	1508,90
1713	30.07.2025 17:40:32	18,46	0,00	27,92	37,86	1509,00
1714	30.07.2025 17:40:33	18,49	-0,08	27,77	37,70	1508,89
1715	30.07.2025 17:40:34	18,46	-0,10	27,73	37,62	1508,75
1716	30.07.2025 17:40:35	18,37	-0,10	27,74	37,57	1508,51
1717	30.07.2025 17:40:36	18,34	-0,05	27,85	37,67	1508,55
1718	30.07.2025 17:40:37	18,34	-0,03	27,78	37,59	1508,48
1719	30.07.2025 17:40:38	18,34	-0,03	27,98	37,83	1508,70
1720	30.07.2025 17:40:39	18,31	-0,08	27,74	37,51	1508,33
1721	30.07.2025 17:40:40	18,28	-0,05	27,82	37,59	1508,34
1722	30.07.2025 17:40:41	18,31	-0,01	27,91	37,73	1508,54
1723	30.07.2025 17:40:42	18,37	0,04	27,92	37,78	1508,73
1724	30.07.2025 17:40:43	18,46	0,02	28,08	38,05	1509,17
1725	30.07.2025 17:40:44	18,55	-0,01	28,11	38,16	1509,46
1726	30.07.2025 17:40:45	18,61	-0,07	28,00	38,08	1509,51
1727	30.07.2025 17:40:46	18,67	-0,01	28,14	38,30	1509,85
1728	30.07.2025 17:40:47	18,73	-0,14	27,47	37,52	1509,23
1729	30.07.2025 17:40:48	18,64	-0,10	27,70	37,73	1509,24
1730	30.07.2025 17:40:49	18,55	-0,05	27,74	37,71	1509,03
1731	30.07.2025 17:40:50	18,52	0,00	27,97	37,97	1509,23
1732	30.07.2025 17:40:51	18,58	0,00	27,67	37,65	1509,05
1733	30.07.2025 17:40:52	18,58	-0,05	27,78	37,79	1509,17
1734	30.07.2025 17:40:53	18,58	-0,07	27,85	37,87	1509,24
1735	30.07.2025 17:40:54	18,61	0,00	28,09	38,19	1509,62
1736	30.07.2025 17:40:55	18,70	-0,07	27,86	37,98	1509,60
1737	30.07.2025 17:40:56	18,70	-0,07	27,86	37,98	1509,60
1738	30.07.2025 17:40:57	18,73	-0,01	28,06	38,24	1509,93
1739	30.07.2025 17:40:58	18,82	-0,03	27,61	37,76	1509,67
1740	30.07.2025 17:40:59	18,82	-0,08	16,26	23,36	1496,65
1741	30.07.2025 17:41:00	18,82	-0,07	16,35	23,47	1496,75
1742	30.07.2025 17:41:01	18,82	-0,05	16,56	23,74	1496,99
1743	30.07.2025 17:41:02	18,82	-0,05	16,53	23,72	1496,97
1744	30.07.2025 17:41:03	18,82	-0,07	16,56	23,74	1496,99
1745	30.07.2025 17:41:04	18,82	-0,05	16,58	23,77	1497,01
1746	30.07.2025 17:41:05	18,85	-0,05	16,56	23,77	1497,09
1747	30.07.2025 17:41:06	18,85	-0,05	16,54	23,74	1497,07
1748	30.07.2025 17:41:07	18,85	-0,05	16,56	23,77	1497,09
1749	30.07.2025 17:41:08	18,85	-0,07	16,56	23,77	1497,09
1750	30.07.2025 17:41:09	18,85	-0,05	16,50	23,69	1497,02
1751	30.07.2025 17:41:10	18,85	-0,05	16,56	23,77	1497,09
1752	30.07.2025 17:41:11	18,85	-0,07	16,54	23,74	1497,06
1753	30.07.2025 17:41:12	18,85	-0,05	16,17	23,25	1496,63
1754	30.07.2025 17:41:13	18,85	-0,05	9,94	14,87	1489,49
1755	30.07.2025 17:41:14	18,85	-0,05	10,08	15,07	1489,66
1756	30.07.2025 17:41:15	18,85	-0,05	7,85	11,96	1487,10
1757	30.07.2025 17:41:16	18,85	-0,03	9,71	14,56	1489,24
1758	30.07.2025 17:41:17	18,85	-0,05	7,08	10,87	1486,22
1759	30.07.2025 17:41:18	18,85	-0,05	0,66	1,16	1478,85
1760	30.07.2025 17:41:19	18,85	-0,03	0,54	0,96	1478,72
1761	30.07.2025 17:41:20	18,85	-0,05	0,64	1,13	1478,83
1762	30.07.2025 17:41:21	18,85	-0,05	0,72	1,27	1478,92
1763	30.07.2025 17:41:22	18,85	-0,05	0,30	0,54	1478,44
1764	30.07.2025 17:41:23	18,85	-0,05	0,19	0,35	1478,31
1765	30.07.2025 17:41:24	18,82	-0,05	0,18	0,32	1478,20
1766	30.07.2025 17:41:25	18,82	-0,05	0,72	1,27	1478,83
1767	30.07.2025 17:41:26	18,82	-0,05	0,25	0,46	1478,29
1768	30.07.2025 17:41:27	18,82	-0,05	0,79	1,38	1478,91
1769	30.07.2025 17:41:28	18,82	-0,05	0,25	0,46	1478,29
1770	30.07.2025 17:41:29	18,82	-0,05	0,16	0,29	1478,18
1771	30.07.2025 17:41:30	18,82	-0,05	0,15	0,27	1478,17
1772	30.07.2025 17:41:31	18,82	-0,07	0,15	0,27	1478,16
1773	30.07.2025 17:41:32	18,82	-0,05	0,13	0,24	1478,15
1774	30.07.2025 17:41:33	18,79	-0,05	0,12	0,21	1478,04
1775	30.07.2025 17:41:34	18,79	-0,05	0,12	0,21	1478,04
1776	30.07.2025 17:41:35	18,79	-0,05	0,12	0,21	1478,04
1777	30.07.2025 17:41:36	18,79	-0,05	0,12	0,21	1478,04
1778	30.07.2025 17:41:37	18,79	-0,05	0,10	0,18	1478,02
1779	30.07.2025 17:41:38	18,79	-0,05	0,10	0,18	1478,02
1780	30.07.2025 17:41:39	18,79	-0,05	0,10	0,18	1478,02
1781	30.07.2025 17:41:40	18,79	-0,05	0,10	0,18	1478,02
1782	30.07.2025 17:41:41	18,76	-0,03	0,09	0,16	1477,91
1783	30.07.2025 17:41:42	18,76	-0,05	0,09	0,16	1477,91
1784	30.07.2025 17:41:43	18,76	-0,05	0,09	0,16	1477,91
1785	30.07.2025 17:41:44	18,76	-0,05	0,09	0,16	1477,91
1786	30.07.2025 17:41:45	18,76	-0,05	0,09	0,16	1477,91
1787	30.07.2025 17:41:46	18,76	-0,05	0,09	0,16	1477,91
1788	30.07.2025 17:41:47	18,76	-0,03	0,09	0,16	1477,91
1789	30.07.2025 17:41:48	18,73	-0,07	0,09	0,16	1477,81
1790	30.07.2025 17:41:49	18,73	-0,05	0,09	0,16	1477,81
1791	30.07.2025 17:41:50	18,73	-0,05	0,09	0,16	1477,81
1792	30.07.2025 17:41:51	18,73	-0,05	0,09	0,16	1477,81
1793	30.07.2025 17:41:52	18,73	-0,05	0,07	0,13	1477,80
1794	30.07.2025 17:41:53	18,73	-0,07	0,07	0,13	1477,79
1795	30.07.2025 17:41:54	18,73	-0,07	0,07	0,13	1477,79
1796	30.07.2025 17:41:55	18,73	-0,07	0,07	0,13	1477,79
1797	30.07.2025 17:41:56	18,73	-0,05	0,07	0,13	1477,80
1798	30.07.2025 17:41:57	18,73	-0,07	0,07	0,13	1477,79
1799	30.07.2025 17:41:58	18,70	-0,07	0,07	0,13	1477,70
1800	30.07.2025 17:41:59	18,70	-0,07	0,07	0,13	1477,70
1801	30.07.2025 17:42:00	18,70	-0,07	0,07	0,13	1477,70
1802	30.07.2025 17:42:01	18,70	-0,05	0,07	0,13	1477,70
1803	30.07.2025 17:42:02	18,70	-0,07	0,07	0,13	1477,70
1804	30.07.2025 17:42:03	18,70	-0,05	0,07	0,13	1477,70
1805	30.07.2025 17:42:04	18,70	-0,07	0,07	0,13	1477,70
1806	30.07.2025 17:42:05	18,70	-0,07	0,07	0,13	1477,70
1807	30.07.2025 17:42:06	18,70	-0,07	0,07	0,13	1477,70
1808	30.07.2025 17:42:07	18,70	-0,07	0,07	0,13	1477,70
1809	30.07.2025 17:42:08	18,70	-0,05	0,07	0,13	1477,70
1810	30.07.2025 17:42:09	18,67	-0,05	0,07	0,13	1477,60
1811	30.07.2025 17:42:10	18,67	-0,05	0,07	0,13	1477,60
1812	30.07.2025 17:42:11	18,67	-0,07	0,07	0,13	1477,60
1813	30.07.2025 17:42:12	18,67	-0,05	0,07	0,13	1477,60
1814	30.07.2025 17:42:13	18,67	-0,07	0,07	0,13	1477,60
1815	30.07.2025 17:42:14	18,67	-0,05	0,07	0,13	1477,60
1816	30.07.2025 17:42:15	18,67	-0,05	0,07	0,13	1477,60
1817	30.07.2025 17:42:16	18,67	-0,05	0,07	0,13	1477,60
1818	30.07.2025 17:42:17	18,67	-0,07	0,07	0,13	1477,60
1819	30.07.2025 17:42:18	18,67	-0,07	0,07	0,13	1477,60
1820	30.07.2025 17:42:19	18,67	-0,05	0,07	0,13	1477,60
1821	30.07.2025 17:42:20	18,67	-0,07	0,07	0,13	1477,60
1822	30.07.2025 17:42:21	18,64	-0,07	0,07	0,13	1477,51
1823	30.07.2025 17:42:22	18,64	-0,07	0,07	0,13	1477,51
1824	30.07.2025 17:42:23	18,64	-0,07	0,06	0,10	1477,49
1825	30.07.2025 17:42:24	18,64	-0,05	0,07	0,13	1477,51
1826	30.07.2025 17:42:25	18,64	-0,05	0,06	0,10	1477,49
1827	30.07.2025 17:42:26	18,64	-0,05	0,06	0,10	1477,49
1828	30.07.2025 17:42:27	18,64	-0,05	0,06	0,10	1477,49
1829	30.07.2025 17:42:28	18,64	-0,05	0,06	0,10	1477,49
1830	30.07.2025 17:42:29	18,64	-0,05	0,07	0,13	1477,51
1831	30.07.2025 17:42:30	18,64	-0,07	0,06	0,10	1477,49
1832	30.07.2025 17:42:31	18,64	-0,07	0,06	0,10	1477,49
1833	30.07.2025 17:42:32	18,64	-0,07	0,07	0,13	1477,51
1834	30.07.2025 17:42:33	18,64	-0,07	0,06	0,10	1477,49
1835	30.07.2025 17:42:34	18,64	-0,05	0,07	0,13	1477,51
1836	30.07.2025 17:42:35	18,61	-0,05	0,06	0,10	1477,40
1837	30.07.2025 17:42:36	18,61	-0,05	0,06	0,10	1477,40
1838	30.07.2025 17:42:37	18,61	-0,05	0,06	0,10	1477,40
1839	30.07.2025 17:42:38	18,61	-0,07	0,06	0,10	1477,39
1840	30.07.2025 17:42:39	18,61	-0,05	0,06	0,10	1477,40
1841	30.07.2025 17:42:40	18,61	-0,05	0,06	0,10	1477,40
1842	30.07.2025 17:42:41	18,61	-0,07	0,06	0,10	1477,39
1843	30.07.2025 17:42:42	18,61	-0,05	0,06	0,10	1477,40
1844	30.07.2025 17:42:43	18,61	-0,05	0,06	0,10	1477,40
1845	30.07.2025 17:42:44	18,61	-0,05	0,06	0,10	1477,40
1846	30.07.2025 17:42:45	18,61	-0,05	0,06	0,10	1477,40
1847	30.07.2025 17:42:46	18,61	-0,07	0,06	0,10	1477,39
1848	30.07.2025 17:42:47	18,61	-0,05	0,06	0,10	1477,40
1849	30.07.2025 17:42:48	18,61	-0,05	0,06	0,10	1477,40
1850	30.07.2025 17:42:49	18,61	-0,05	0,06	0,10	1477,40
1851	30.07.2025 17:42:50	18,61	-0,05	0,06	0,10	1477,40
1852	30.07.2025 17:42:51	18,61	-0,05	0,06	0,10	1477,40
1853	30.07.2025 17:42:52	18,61	-0,05	0,06	0,10	1477,40
1854	30.07.2025 17:42:53	18,61	-0,05	0,06	0,10	1477,40
1855	30.07.2025 17:42:54	18,61	-0,05	0,07	0,13	1477,41
1856	30.07.2025 17:42:55	18,58	-0,05	0,06	0,10	1477,30
1857	30.07.2025 17:42:56	18,61	-0,05	0,06	0,10	1477,40
1858	30.07.2025 17:42:57	18,58	-0,05	0,06	0,10	1477,30
1859	30.07.2025 17:42:58	18,58	-0,05	0,06	0,10	1477,30
1860	30.07.2025 17:42:59	18,58	-0,05	0,06	0,10	1477,30
1861	30.07.2025 17:43:00	18,58	-0,07	0,06	0,10	1477,30
1862	30.07.2025 17:43:01	18,58	-0,07	0,06	0,10	1477,30
1863	30.07.2025 17:43:02	18,58	-0,05	0,06	0,10	1477,30
1864	30.07.2025 17:43:03	18,58	-0,05	0,06	0,10	1477,30
1865	30.07.2025 17:43:04	18,58	-0,05	0,06	0,10	1477,30
1866	30.07.2025 17:43:05	18,58	-0,07	0,06	0,10	1477,30
1867	30.07.2025 17:43:06	18,58	-0,05	0,06	0,10	1477,30
1868	30.07.2025 17:43:07	18,58	-0,05	0,06	0,10	1477,30
1869	30.07.2025 17:43:08	18,58	-0,07	0,06	0,10	1477,30
1870	30.07.2025 17:43:09	18,58	-0,07	0,06	0,10	1477,30
1871	30.07.2025 17:43:10	18,58	-0,05	0,07	0,13	1477,32
1872	30.07.2025 17:43:11	18,58	-0,07	0,06	0,10	1477,30
1873	30.07.2025 17:43:12	18,58	-0,05	0,06	0,10	1477,30
1874	30.07.2025 17:43:13	18,58	-0,05	0,06	0,10	1477,30
1875	30.07.2025 17:43:14	18,58	-0,05	0,06	0,10	1477,30
1876	30.07.2025 17:43:15	18,58	-0,07	0,06	0,10	1477,30
1877	30.07.2025 17:43:16	18,58	-0,07	0,06	0,10	1477,30
1878	30.07.2025 17:43:17	18,58	-0,05	0,06	0,10	1477,30
1879	30.07.2025 17:43:18	18,58	-0,07	0,06	0,10	1477,30
1880	30.07.2025 17:43:19	18,58	-0,07	0,06	0,10	1477,30
1881	30.07.2025 17:43:20	18,58	-0,05	0,06	0,10	1477,30
1882	30.07.2025 17:43:21	18,58	-0,07	0,06	0,10	1477,30
1883	30.07.2025 17:43:22	18,58	-0,05	0,06	0,10	1477,30
1884	30.07.2025 17:43:23	18,58	-0,05	0,07	0,13	1477,32
1885	30.07.2025 17:43:24	18,58	-0,05	0,06	0,10	1477,30
1886	30.07.2025 17:43:25	18,58	-0,07	0,06	0,10	1477,30
1887	30.07.2025 17:43:26	18,58	-0,07	0,06	0,10	1477,30
1888	30.07.2025 17:43:27	18,58	-0,05	0,06	0,10	1477,30
1889	30.07.2025 17:43:28	18,58	-0,05	0,06	0,10	1477,30
1890	30.07.2025 17:43:29	18,58	-0,05	0,06	0,10	1477,30
1891	30.07.2025 17:43:30	18,58	-0,07	0,06	0,10	1477,30
1892	30.07.2025 17:43:31	18,58	-0,05	0,06	0,10	1477,30
1893	30.07.2025 17:43:32	18,58	-0,07	0,06	0,10	1477,30
1894	30.07.2025 17:43:33	18,58	-0,07	0,06	0,10	1477,30
1895	30.07.2025 17:43:34	18,58	-0,05	0,06	0,10	1477,30
1896	30.07.2025 17:43:35	18,58	-0,05	0,06	0,10	1477,30
1897	30.07.2025 17:43:36	18,58	-0,05	0,06	0,10	1477,30
1898	30.07.2025 17:43:37	18,58	-0,05	0,06	0,10	1477,30
1899	30.07.2025 17:43:38	18,58	-0,05	0,06	0,10	1477,30
1900	30.07.2025 17:43:39	18,58	-0,07	0,06	0,10	1477,30
1901	30.07.2025 17:43:40	18,58	-0,05	0,06	0,10	1477,30
1902	30.07.2025 17:43:41	18,58	-0,05	0,06	0,10	1477,30
1903	30.07.2025 17:43:42	18,58	-0,05	0,06	0,10	1477,30
1904	30.07.2025 17:43:43	18,58	-0,05	0,06	0,10	1477,30
1905	30.07.2025 17:43:44	18,58	-0,05	0,06	0,10	1477,30
1906	30.07.2025 17:43:45	18,58	-0,07	0,06	0,10	1477,30
1907	30.07.2025 17:43:46	18,58	-0,05	0,06	0,10	1477,30
1908	30.07.2025 17:43:47	18,58	-0,05	0,06	0,10	1477,30
1909	30.07.2025 17:43:48	18,58	-0,07	0,06	0,10	1477,30
1910	30.07.2025 17:43:49	18,58	-0,05	0,06	0,10	1477,30
1911	30.07.2025 17:43:50	18,58	-0,05	0,06	0,10	1477,30
1912	30.07.2025 17:43:51	18,58	-0,05	0,06	0,10	1477,30
1913	30.07.2025 17:43:52	18,58	-0,05	0,06	0,10	1477,30
1914	30.07.2025 17:43:53	18,58	-0,07	0,06	0,10	1477,30
1915	30.07.2025 17:43:54	18,58	-0,07	0,06	0,10	1477,30
1916	30.07.2025 17:43:55	18,58	-0,05	0,06	0,10	1477,30
1917	30.07.2025 17:43:56	18,58	-0,07	0,06	0,10	1477,30
1918	30.07.2025 17:43:57	18,58	-0,07	0,06	0,10	1477,30
1919	30.07.2025 17:43:58	18,58	-0,05	0,06	0,10	1477,30
1920	30.07.2025 17:43:59	18,58	-0,05	0,06	0,10	1477,30
1921	30.07.2025 17:44:00	18,58	-0,07	0,06	0,10	1477,30
1922	30.07.2025 17:44:01	18,58	-0,05	0,06	0,10	1477,30
1923	30.07.2025 17:44:02	18,58	-0,05	0,06	0,10	1477,30
1924	30.07.2025 17:44:03	18,58	-0,05	0,06	0,10	1477,30
1925	30.07.2025 17:44:04	18,58	-0,03	0,06	0,10	1477,30
1926	30.07.2025 17:44:05	18,58	-0,05	0,06	0,10	1477,30
1927	30.07.2025 17:44:06	18,58	-0,05	0,06	0,10	1477,30
1928	30.07.2025 17:44:07	18,58	-0,07	0,07	0,13	1477,32
1929	30.07.2025 17:44:08	18,58	-0,05	0,06	0,10	1477,30
1930	30.07.2025 17:44:09	18,58	-0,05	0,07	0,13	1477,32
1931	30.07.2025 17:44:10	18,58	-0,05	0,06	0,10	1477,30
1932	30.07.2025 17:44:11	18,58	-0,05	0,06	0,10	1477,30
1933	30.07.2025 17:44:12	18,58	-0,05	0,07	0,13	1477,32
1934	30.07.2025 17:44:13	18,58	-0,05	0,06	0,10	1477,30
1935	30.07.2025 17:44:14	18,58	-0,05	0,06	0,10	1477,30
1936	30.07.2025 17:44:15	18,58	-0,07	0,06	0,10	1477,30
1937	30.07.2025 17:44:16	18,58	-0,05	0,06	0,10	1477,30
1938	30.07.2025 17:44:17	18,58	-0,07	0,06	0,10	1477,30
1939	30.07.2025 17:44:18	18,58	-0,05	0,06	0,10	1477,30
1940	30.07.2025 17:44:19	18,58	-0,07	0,06	0,10	1477,30
1941	30.07.2025 17:44:20	18,58	-0,05	0,06	0,10	1477,30
1942	30.07.2025 17:44:21	18,58	-0,07	0,06	0,10	1477,30
1943	30.07.2025 17:44:22	18,58	-0,05	0,06	0,10	1477,30
1944	30.07.2025 17:44:23	18,58	-0,05	0,06	0,10	1477,30
1945	30.07.2025 17:44:24	18,58	-0,05	0,06	0,10	1477,30
1946	30.07.2025 17:44:25	18,58	-0,05	0,06	0,10	1477,30
1947	30.07.2025 17:44:26	18,58	-0,05	0,06	0,10	1477,30
1948	30.07.2025 17:44:27	18,58	-0,05	0,06	0,10	1477,30
1949	30.07.2025 17:44:28	18,58	-0,05	0,06	0,10	1477,30
1950	30.07.2025 17:44:29	18,58	-0,05	0,07	0,13	1477,32
1951	30.07.2025 17:44:30	18,58	-0,05	0,07	0,13	1477,32
1952	30.07.2025 17:44:31	18,58	-0,05	0,07	0,13	1477,32
1953	30.07.2025 17:44:32	18,58	-0,07	0,06	0,10	1477,30
1954	30.07.2025 17:44:33	18,58	-0,07	0,06	0,10	1477,30
1955	30.07.2025 17:44:34	18,58	-0,05	0,07	0,13	1477,32
1956	30.07.2025 17:44:35	18,58	-0,05	0,06	0,10	1477,30
1957	30.07.2025 17:44:36	18,58	-0,05	0,06	0,10	1477,30
1958	30.07.2025 17:44:37	18,58	-0,07	0,06	0,10	1477,30
1959	30.07.2025 17:44:38	18,58	-0,05	0,06	0,10	1477,30
1960	30.07.2025 17:44:39	18,58	-0,07	0,06	0,10	1477,30
1961	30.07.2025 17:44:40	18,58	-0,05	0,06	0,10	1477,30
1962	30.07.2025 17:44:41	18,58	-0,05	0,06	0,10	1477,30
1963	30.07.2025 17:44:42	18,58	-0,05	0,07	0,13	1477,32
1964	30.07.2025 17:44:43	18,58	-0,05	0,06	0,10	1477,30
1965	30.07.2025 17:44:44	18,58	-0,07	0,06	0,10	1477,30
1966	30.07.2025 17:44:45	18,58	-0,05	0,06	0,10	1477,30
1967	30.07.2025 17:44:46	18,58	-0,05	0,06	0,10	1477,30
1968	30.07.2025 17:44:47	18,58	-0,05	0,06	0,10	1477,30
1969	30.07.2025 17:44:48	18,61	-0,05	0,06	0,10	1477,40
1970	30.07.2025 17:44:49	18,61	-0,05	0,06	0,10	1477,40
1971	30.07.2025 17:44:50	18,61	-0,07	0,06	0,10	1477,39
1972	30.07.2025 17:44:51	18,61	-0,05	0,07	0,13	1477,41
1973	30.07.2025 17:44:52	18,61	-0,05	0,06	0,10	1477,40
1974	30.07.2025 17:44:53	18,61	-0,05	0,06	0,10	1477,40
1975	30.07.2025 17:44:54	18,61	-0,05	0,06	0,10	1477,40
1976	30.07.2025 17:44:55	18,61	-0,05	0,06	0,10	1477,40
1977	30.07.2025 17:44:56	18,61	-0,05	0,06	0,10	1477,40
1978	30.07.2025 17:44:57	18,61	-0,05	0,07	0,13	1477,41
1979	30.07.2025 17:44:58	18,61	-0,05	0,06	0,10	1477,40
1980	30.07.2025 17:44:59	18,61	-0,05	0,06	0,10	1477,40
1981	30.07.2025 17:45:00	18,61	-0,05	0,06	0,10	1477,40
1982	30.07.2025 17:45:01	18,61	-0,05	0,06	0,10	1477,40
1983	30.07.2025 17:45:02	18,61	-0,05	0,06	0,10	1477,40
1984	30.07.2025 17:45:03	18,61	-0,07	0,07	0,13	1477,41
1985	30.07.2025 17:45:04	18,61	-0,07	0,06	0,10	1477,39
1986	30.07.2025 17:45:05	18,61	-0,05	0,06	0,10	1477,40
1987	30.07.2025 17:45:06	18,61	-0,05	0,06	0,10	1477,40
1988	30.07.2025 17:45:07	18,61	-0,05	0,06	0,10	1477,40
1989	30.07.2025 17:45:08	18,61	-0,05	0,06	0,10	1477,40
1990	30.07.2025 17:45:09	18,61	-0,05	0,06	0,10	1477,40
1991	30.07.2025 17:45:10	18,61	-0,05	0,06	0,10	1477,40
1992	30.07.2025 17:45:11	18,61	-0,07	0,06	0,10	1477,39
1993	30.07.2025 17:45:12	18,61	-0,05	0,06	0,10	1477,40
1994	30.07.2025 17:45:13	18,61	-0,07	0,06	0,10	1477,39
1995	30.07.2025 17:45:14	18,61	-0,05	0,06	0,10	1477,40
1996	30.07.2025 17:45:15	18,61	-0,05	0,06	0,10	1477,40
1997	30.07.2025 17:45:16	18,61	-0,05	0,06	0,10	1477,40
1998	30.07.2025 17:45:17	18,61	-0,05	0,06	0,10	1477,40
1999	30.07.2025 17:45:18	18,61	-0,07	0,06	0,10	1477,39
2000	30.07.2025 17:45:19	18,61	-0,07	0,07	0,13	1477,41
2001	30.07.2025 17:45:20	18,61	-0,05	0,07	0,13	1477,41
2002	30.07.2025 17:45:21	18,61	-0,07	0,06	0,10	1477,39
2003	30.07.2025 17:45:22	18,61	-0,05	0,06	0,10	1477,40
2004	30.07.2025 17:45:23	18,61	-0,07	0,06	0,10	1477,39
2005	30.07.2025 17:45:24	18,61	-0,05	0,06	0,10	1477,40
2006	30.07.2025 17:45:25	18,61	-0,07	0,06	0,10	1477,39
2007	30.07.2025 17:45:26	18,61	-0,05	0,06	0,10	1477,40
2008	30.07.2025 17:45:27	18,61	-0,05	0,07	0,13	1477,41
2009	30.07.2025 17:45:28	18,64	-0,05	0,06	0,10	1477,49
2010	30.07.2025 17:45:29	18,64	-0,05	0,07	0,13	1477,51
2011	30.07.2025 17:45:30	18,61	-0,05	0,06	0,10	1477,40
2012	30.07.2025 17:45:31	18,64	-0,07	0,06	0,10	1477,49
2013	30.07.2025 17:45:32	18,64	-0,05	0,06	0,10	1477,49
2014	30.07.2025 17:45:33	18,64	-0,05	0,07	0,13	1477,51
2015	30.07.2025 17:45:34	18,64	-0,07	0,06	0,10	1477,49
2016	30.07.2025 17:45:35	18,64	-0,05	0,06	0,10	1477,49
2017	30.07.2025 17:45:36	18,64	-0,07	0,07	0,13	1477,51
2018	30.07.2025 17:45:37	18,64	-0,05	0,07	0,13	1477,51
2019	30.07.2025 17:45:38	18,64	-0,05	0,07	0,13	1477,51
2020	30.07.2025 17:45:39	18,64	-0,05	0,07	0,13	1477,51
2021	30.07.2025 17:45:40	18,64	-0,05	0,07	0,13	1477,51
2022	30.07.2025 17:45:41	18,64	-0,05	0,07	0,13	1477,51
2023	30.07.2025 17:45:42	18,64	-0,07	0,07	0,13	1477,51
2024	30.07.2025 17:45:43	18,64	-0,07	0,06	0,10	1477,49
2025	30.07.2025 17:45:44	18,64	-0,07	0,07	0,13	1477,51
2026	30.07.2025 17:45:45	18,64	-0,07	0,06	0,10	1477,49
2027	30.07.2025 17:45:46	18,64	-0,05	0,07	0,13	1477,51
2028	30.07.2025 17:45:47	18,64	-0,05	0,06	0,10	1477,49
2029	30.07.2025 17:45:48	18,64	-0,05	0,06	0,10	1477,49
2030	30.07.2025 17:45:49	18,64	-0,05	0,06	0,10	1477,49
2031	30.07.2025 17:45:50	18,64	-0,05	0,06	0,10	1477,49
2032	30.07.2025 17:45:51	18,64	-0,05	0,06	0,10	1477,49
2033	30.07.2025 17:45:52	18,64	-0,05	0,07	0,13	1477,51
2034	30.07.2025 17:45:53	18,64	-0,05	0,07	0,13	1477,51
2035	30.07.2025 17:45:54	18,64	-0,07	0,07	0,13	1477,51
2036	30.07.2025 17:45:55	18,64	-0,07	0,06	0,10	1477,49
2037	30.07.2025 17:45:56	18,64	-0,05	0,07	0,13	1477,51
2038	30.07.2025 17:45:57	18,64	-0,05	0,06	0,10	1477,49
2039	30.07.2025 17:45:58	18,64	-0,05	0,07	0,13	1477,51
2040	30.07.2025 17:45:59	18,64	-0,07	0,07	0,13	1477,51
2041	30.07.2025 17:46:00	18,64	-0,05	0,07	0,13	1477,51
2042	30.07.2025 17:46:01	18,67	-0,07	0,07	0,13	1477,60
2043	30.07.2025 17:46:02	18,67	-0,05	0,06	0,10	1477,59
2044	30.07.2025 17:46:03	18,67	-0,05	0,07	0,13	1477,60
2045	30.07.2025 17:46:04	18,67	-0,05	0,07	0,13	1477,60
2046	30.07.2025 17:46:05	18,67	-0,07	0,07	0,13	1477,60
2047	30.07.2025 17:46:06	18,67	-0,05	0,07	0,13	1477,60
2048	30.07.2025 17:46:07	18,67	-0,05	0,06	0,10	1477,59
2049	30.07.2025 17:46:08	18,67	-0,05	0,07	0,13	1477,60
2050	30.07.2025 17:46:09	18,67	-0,05	0,07	0,13	1477,60
2051	30.07.2025 17:46:10	18,67	-0,05	0,07	0,13	1477,60
2052	30.07.2025 17:46:11	18,67	-0,05	0,07	0,13	1477,60
2053	30.07.2025 17:46:12	18,67	-0,07	0,07	0,13	1477,60
2054	30.07.2025 17:46:13	18,67	-0,05	0,07	0,13	1477,60
2055	30.07.2025 17:46:14	18,67	-0,05	0,07	0,13	1477,60
2056	30.07.2025 17:46:15	18,67	-0,05	0,07	0,13	1477,60
2057	30.07.2025 17:46:16	18,67	-0,05	0,07	0,13	1477,60
2058	30.07.2025 17:46:17	18,67	-0,07	0,07	0,13	1477,60
2059	30.07.2025 17:46:18	18,67	-0,05	0,07	0,13	1477,60
2060	30.07.2025 17:46:19	18,67	-0,07	0,07	0,13	1477,60
2061	30.07.2025 17:46:20	18,67	-0,05	0,07	0,13	1477,60
2062	30.07.2025 17:46:21	18,67	-0,05	0,07	0,13	1477,60
2063	30.07.2025 17:46:22	18,67	-0,05	0,07	0,13	1477,60
2064	30.07.2025 17:46:23	18,67	-0,05	0,07	0,13	1477,60
2065	30.07.2025 17:46:24	18,67	-0,07	0,07	0,13	1477,60
2066	30.07.2025 17:46:25	18,67	-0,05	0,07	0,13	1477,60
2067	30.07.2025 17:46:26	18,67	-0,05	0,06	0,10	1477,59
2068	30.07.2025 17:46:27	18,67	-0,05	0,07	0,13	1477,60
2069	30.07.2025 17:46:28	18,67	-0,05	0,07	0,13	1477,60
2070	30.07.2025 17:46:29	18,67	-0,05	0,07	0,13	1477,60
2071	30.07.2025 17:46:30	18,67	-0,05	0,07	0,13	1477,60
2072	30.07.2025 17:46:31	18,67	-0,05	0,07	0,13	1477,60
2073	30.07.2025 17:46:32	18,67	-0,07	0,07	0,13	1477,60
2074	30.07.2025 17:46:33	18,67	-0,05	0,07	0,13	1477,60
2075	30.07.2025 17:46:34	18,67	-0,05	0,07	0,13	1477,60
2076	30.07.2025 17:46:35	18,70	-0,05	0,07	0,13	1477,70
2077	30.07.2025 17:46:36	18,67	-0,07	0,07	0,13	1477,60
2078	30.07.2025 17:46:37	18,70	-0,05	0,06	0,10	1477,68
2079	30.07.2025 17:46:38	18,67	-0,05	0,07	0,13	1477,60
2080	30.07.2025 17:46:39	18,70	-0,07	0,07	0,13	1477,70
2081	30.07.2025 17:46:40	18,70	-0,05	0,07	0,13	1477,70
2082	30.07.2025 17:46:41	18,70	-0,07	0,07	0,13	1477,70
2083	30.07.2025 17:46:42	18,70	-0,07	0,07	0,13	1477,70
2084	30.07.2025 17:46:43	18,70	-0,07	0,07	0,13	1477,70
2085	30.07.2025 17:46:44	18,70	-0,05	0,07	0,13	1477,70
2086	30.07.2025 17:46:45	18,70	-0,05	0,07	0,13	1477,70
2087	30.07.2025 17:46:46	18,70	-0,05	0,07	0,13	1477,70
2088	30.07.2025 17:46:47	18,70	-0,05	0,07	0,13	1477,70
2089	30.07.2025 17:46:48	18,70	-0,07	0,07	0,13	1477,70
2090	30.07.2025 17:46:49	18,70	-0,07	0,07	0,13	1477,70
2091	30.07.2025 17:46:50	18,70	-0,07	0,07	0,13	1477,70
2092	30.07.2025 17:46:51	18,70	-0,05	0,07	0,13	1477,70
2093	30.07.2025 17:46:52	18,70	-0,05	0,07	0,13	1477,70
2094	30.07.2025 17:46:53	18,70	-0,07	0,07	0,13	1477,70
2095	30.07.2025 17:46:54	18,70	-0,05	0,07	0,13	1477,70
2096	30.07.2025 17:46:55	18,70	-0,07	0,07	0,13	1477,70
2097	30.07.2025 17:46:56	18,70	-0,05	0,07	0,13	1477,70
2098	30.07.2025 17:46:57	18,70	-0,07	0,07	0,13	1477,70
2099	30.07.2025 17:46:58	18,70	-0,07	0,07	0,13	1477,70
2100	30.07.2025 17:46:59	18,70	-0,07	0,07	0,13	1477,70
2101	30.07.2025 17:47:00	18,70	-0,07	0,07	0,13	1477,70
2102	30.07.2025 17:47:01	18,70	-0,07	0,07	0,13	1477,70
2103	30.07.2025 17:47:02	18,70	-0,05	0,07	0,13	1477,70
2104	30.07.2025 17:47:03	18,70	-0,07	0,07	0,13	1477,70
2105	30.07.2025 17:47:04	18,70	-0,07	0,07	0,13	1477,70
2106	30.07.2025 17:47:05	18,70	-0,05	0,07	0,13	1477,70
2107	30.07.2025 17:47:06	18,70	-0,07	0,07	0,13	1477,70
2108	30.07.2025 17:47:07	18,70	-0,07	0,07	0,13	1477,70
2109	30.07.2025 17:47:08	18,70	-0,07	0,07	0,13	1477,70
2110	30.07.2025 17:47:09	18,70	-0,07	0,07	0,13	1477,70
2111	30.07.2025 17:47:10	18,70	-0,07	0,07	0,13	1477,70
2112	30.07.2025 17:47:11	18,70	-0,07	0,07	0,13	1477,70
2113	30.07.2025 17:47:12	18,70	-0,07	0,07	0,13	1477,70
2114	30.07.2025 17:47:13	18,70	-0,07	0,07	0,13	1477,70
2115	30.07.2025 17:47:14	18,70	-0,05	0,07	0,13	1477,70
2116	30.07.2025 17:47:15	18,73	-0,05	0,07	0,13	1477,80
2117	30.07.2025 17:47:16	18,73	-0,05	0,07	0,13	1477,80
2118	30.07.2025 17:47:17	18,73	-0,07	0,07	0,13	1477,79
2119	30.07.2025 17:47:18	18,73	-0,07	0,07	0,13	1477,79
2120	30.07.2025 17:47:19	18,73	-0,07	0,07	0,13	1477,79
2121	30.07.2025 17:47:20	18,73	-0,07	0,07	0,13	1477,79
2122	30.07.2025 17:47:21	18,73	-0,07	0,07	0,13	1477,79
2123	30.07.2025 17:47:22	18,73	-0,05	0,07	0,13	1477,80
2124	30.07.2025 17:47:23	18,73	-0,07	0,07	0,13	1477,79
2125	30.07.2025 17:47:24	18,73	-0,05	0,07	0,13	1477,80
2126	30.07.2025 17:47:25	18,73	-0,05	0,07	0,13	1477,80
2127	30.07.2025 17:47:26	18,73	-0,05	0,07	0,13	1477,80
2128	30.07.2025 17:47:27	18,73	-0,07	0,07	0,13	1477,79
2129	30.07.2025 17:47:28	18,73	-0,07	0,07	0,13	1477,79
2130	30.07.2025 17:47:29	18,73	-0,07	0,07	0,13	1477,79
2131	30.07.2025 17:47:30	18,73	-0,05	0,07	0,13	1477,80
2132	30.07.2025 17:47:31	18,73	-0,07	0,07	0,13	1477,79
2133	30.07.2025 17:47:32	18,73	-0,07	0,07	0,13	1477,79
2134	30.07.2025 17:47:33	18,73	-0,05	0,07	0,13	1477,80
2135	30.07.2025 17:47:34	18,73	-0,05	0,07	0,13	1477,80
2136	30.07.2025 17:47:35	18,73	-0,07	0,07	0,13	1477,79
2137	30.07.2025 17:47:36	18,73	-0,07	0,07	0,13	1477,79
2138	30.07.2025 17:47:37	18,73	-0,05	0,07	0,13	1477,80
2139	30.07.2025 17:47:38	18,73	-0,05	0,07	0,13	1477,80
2140	30.07.2025 17:47:39	18,73	-0,05	0,07	0,13	1477,80
2141	30.07.2025 17:47:40	18,73	-0,07	0,07	0,13	1477,79
2142	30.07.2025 17:47:41	18,73	-0,07	0,07	0,13	1477,79
2143	30.07.2025 17:47:42	18,73	-0,07	0,07	0,13	1477,79
2144	30.07.2025 17:47:43	18,73	-0,07	0,07	0,13	1477,79
2145	30.07.2025 17:47:44	18,73	-0,05	0,07	0,13	1477,80
2146	30.07.2025 17:47:45	18,73	-0,07	0,07	0,13	1477,79
2147	30.07.2025 17:47:46	18,73	-0,07	0,07	0,13	1477,79
2148	30.07.2025 17:47:47	18,73	-0,07	0,07	0,13	1477,79
2149	30.07.2025 17:47:48	18,73	-0,07	0,07	0,13	1477,79
2150	30.07.2025 17:47:49	18,73	-0,05	0,07	0,13	1477,80
2151	30.07.2025 17:47:50	18,73	-0,07	0,07	0,13	1477,79
2152	30.07.2025 17:47:51	18,73	-0,07	0,07	0,13	1477,79
2153	30.07.2025 17:47:52	18,76	-0,05	0,07	0,13	1477,89
2154	30.07.2025 17:47:53	18,76	-0,03	0,07	0,13	1477,89
2155	30.07.2025 17:47:54	18,73	-0,07	0,07	0,13	1477,79
2156	30.07.2025 17:47:55	18,76	-0,05	0,07	0,13	1477,89
2157	30.07.2025 17:47:56	18,76	-0,05	0,07	0,13	1477,89
2158	30.07.2025 17:47:57	18,76	-0,05	0,07	0,13	1477,89
2159	30.07.2025 17:47:58	18,76	-0,03	0,07	0,13	1477,89
2160	30.07.2025 17:47:59	18,76	-0,05	0,07	0,13	1477,89
2161	30.07.2025 17:48:00	18,76	-0,05	0,07	0,13	1477,89
2162	30.07.2025 17:48:01	18,76	-0,05	0,07	0,13	1477,89
2163	30.07.2025 17:48:02	18,76	-0,03	0,07	0,13	1477,89
2164	30.07.2025 17:48:03	18,76	-0,05	0,07	0,13	1477,89
2165	30.07.2025 17:48:04	18,76	-0,05	0,07	0,13	1477,89
2166	30.07.2025 17:48:05	18,76	-0,05	0,07	0,13	1477,89
2167	30.07.2025 17:48:06	18,76	-0,05	0,07	0,13	1477,89
2168	30.07.2025 17:48:07	18,76	-0,03	0,07	0,13	1477,89
2169	30.07.2025 17:48:08	18,76	-0,03	0,07	0,13	1477,89
2170	30.07.2025 17:48:09	18,76	-0,03	0,07	0,13	1477,89
2171	30.07.2025 17:48:10	18,76	-0,05	0,07	0,13	1477,89
2172	30.07.2025 17:48:11	18,76	-0,05	0,07	0,13	1477,89
2173	30.07.2025 17:48:12	18,76	-0,05	0,07	0,13	1477,89
2174	30.07.2025 17:48:13	18,76	-0,07	0,07	0,13	1477,89
2175	30.07.2025 17:48:14	18,76	-0,05	0,07	0,13	1477,89
2176	30.07.2025 17:48:15	18,76	-0,05	0,07	0,13	1477,89
2177	30.07.2025 17:48:16	18,76	-0,05	0,07	0,13	1477,89
2178	30.07.2025 17:48:17	18,76	-0,05	0,07	0,13	1477,89
2179	30.07.2025 17:48:18	18,76	-0,05	0,07	0,13	1477,89
2180	30.07.2025 17:48:19	18,76	-0,05	0,07	0,13	1477,89
2181	30.07.2025 17:48:20	18,76	-0,05	0,07	0,13	1477,89
2182	30.07.2025 17:48:21	18,76	-0,05	0,07	0,13	1477,89
2183	30.07.2025 17:48:22	18,76	-0,03	0,07	0,13	1477,89
2184	30.07.2025 17:48:23	18,76	-0,05	0,07	0,13	1477,89
2185	30.07.2025 17:48:24	18,76	-0,05	0,07	0,13	1477,89
2186	30.07.2025 17:48:25	18,76	-0,05	0,07	0,13	1477,89
2187	30.07.2025 17:48:26	18,79	-0,05	0,07	0,13	1477,99
2188	30.07.2025 17:48:27	18,79	-0,03	0,07	0,13	1477,99
2189	30.07.2025 17:48:28	18,79	-0,05	0,07	0,13	1477,99
2190	30.07.2025 17:48:29	18,79	-0,05	0,07	0,13	1477,99
2191	30.07.2025 17:48:30	18,79	-0,05	0,07	0,13	1477,99
2192	30.07.2025 17:48:31	18,79	-0,05	0,07	0,13	1477,99
2193	30.07.2025 17:48:32	18,79	-0,05	0,07	0,13	1477,99
2194	30.07.2025 17:48:33	18,79	-0,05	0,07	0,13	1477,99
2195	30.07.2025 17:48:34	18,79	-0,05	0,07	0,13	1477,99
2196	30.07.2025 17:48:35	18,79	-0,05	0,07	0,13	1477,99
2197	30.07.2025 17:48:36	18,79	-0,05	0,07	0,13	1477,99
2198	30.07.2025 17:48:37	18,79	-0,05	0,07	0,13	1477,99
2199	30.07.2025 17:48:38	18,79	-0,05	0,07	0,13	1477,99
2200	30.07.2025 17:48:39	18,79	-0,05	0,07	0,13	1477,99
2201	30.07.2025 17:48:40	18,79	-0,03	0,07	0,13	1477,99
2202	30.07.2025 17:48:41	18,79	-0,07	0,07	0,13	1477,98
2203	30.07.2025 17:48:42	18,79	-0,05	0,07	0,13	1477,99
2204	30.07.2025 17:48:43	18,79	-0,05	0,07	0,13	1477,99
2205	30.07.2025 17:48:44	18,79	-0,05	0,07	0,13	1477,99
2206	30.07.2025 17:48:45	18,79	-0,05	0,07	0,13	1477,99
2207	30.07.2025 17:48:46	18,79	-0,05	0,07	0,13	1477,99
2208	30.07.2025 17:48:47	18,79	-0,05	0,07	0,13	1477,99
2209	30.07.2025 17:48:48	18,79	-0,05	0,07	0,13	1477,99
2210	30.07.2025 17:48:49	18,79	-0,03	0,07	0,13	1477,99
2211	30.07.2025 17:48:50	18,79	-0,05	0,07	0,13	1477,99
2212	30.07.2025 17:48:51	18,79	-0,05	0,07	0,13	1477,99
2213	30.07.2025 17:48:52	18,79	-0,07	0,07	0,13	1477,98
2214	30.07.2025 17:48:53	18,79	-0,05	0,07	0,13	1477,99
2215	30.07.2025 17:48:54	18,82	-0,05	0,07	0,13	1478,08
2216	30.07.2025 17:48:55	18,82	-0,05	0,07	0,13	1478,08
2217	30.07.2025 17:48:56	18,82	-0,05	0,07	0,13	1478,08
2218	30.07.2025 17:48:57	18,82	-0,05	0,07	0,13	1478,08
2219	30.07.2025 17:48:58	18,82	-0,05	0,07	0,13	1478,08
2220	30.07.2025 17:48:59	18,82	-0,03	0,07	0,13	1478,08
2221	30.07.2025 17:49:00	18,82	-0,05	0,07	0,13	1478,08
2222	30.07.2025 17:49:01	18,82	-0,05	0,07	0,13	1478,08
2223	30.07.2025 17:49:02	18,82	-0,05	0,07	0,13	1478,08
2224	30.07.2025 17:49:03	18,82	-0,05	0,07	0,13	1478,08
2225	30.07.2025 17:49:04	18,82	-0,05	0,07	0,13	1478,08
2226	30.07.2025 17:49:05	18,82	-0,05	0,07	0,13	1478,08
2227	30.07.2025 17:49:06	18,82	-0,05	0,07	0,13	1478,08
2228	30.07.2025 17:49:07	18,82	-0,05	0,07	0,13	1478,08
2229	30.07.2025 17:49:08	18,82	-0,05	0,07	0,13	1478,08
2230	30.07.2025 17:49:09	18,82	-0,05	0,07	0,13	1478,08
2231	30.07.2025 17:49:10	18,82	-0,05	0,07	0,13	1478,08
2232	30.07.2025 17:49:11	18,82	-0,05	0,07	0,13	1478,08
2233	30.07.2025 17:49:12	18,82	-0,05	0,07	0,13	1478,08
2234	30.07.2025 17:49:13	18,82	-0,05	0,07	0,13	1478,08
2235	30.07.2025 17:49:14	18,82	-0,05	0,07	0,13	1478,08
2236	30.07.2025 17:49:15	18,82	-0,05	0,07	0,13	1478,08
2237	30.07.2025 17:49:16	18,82	-0,05	0,07	0,13	1478,08
2238	30.07.2025 17:49:17	18,82	-0,05	0,07	0,13	1478,08
2239	30.07.2025 17:49:18	18,82	-0,05	0,07	0,13	1478,08
2240	30.07.2025 17:49:19	18,85	-0,05	0,07	0,13	1478,18
2241	30.07.2025 17:49:20	18,85	-0,03	0,07	0,13	1478,18
2242	30.07.2025 17:49:21	18,85	-0,03	0,07	0,13	1478,18
2243	30.07.2025 17:49:22	18,85	-0,05	0,07	0,13	1478,18
2244	30.07.2025 17:49:23	18,85	-0,05	0,07	0,13	1478,18
2245	30.07.2025 17:49:24	18,85	-0,05	0,07	0,13	1478,18
2246	30.07.2025 17:49:25	18,85	-0,05	0,07	0,13	1478,18
2247	30.07.2025 17:49:26	18,85	-0,05	0,07	0,13	1478,18
2248	30.07.2025 17:49:27	18,85	-0,05	0,07	0,13	1478,18
2249	30.07.2025 17:49:28	18,85	-0,05	0,07	0,13	1478,18
2250	30.07.2025 17:49:29	18,85	-0,05	0,07	0,13	1478,18
2251	30.07.2025 17:49:30	18,85	-0,05	0,07	0,13	1478,18
2252	30.07.2025 17:49:31	18,85	-0,05	0,07	0,13	1478,18
2253	30.07.2025 17:49:32	18,85	-0,05	0,07	0,13	1478,18
2254	30.07.2025 17:49:33	18,85	-0,05	0,07	0,13	1478,18
2255	30.07.2025 17:49:34	18,85	-0,05	0,07	0,13	1478,18
2256	30.07.2025 17:49:35	18,85	-0,05	0,07	0,13	1478,18
2257	30.07.2025 17:49:36	18,85	-0,05	0,07	0,13	1478,18
2258	30.07.2025 17:49:37	18,85	-0,05	0,07	0,13	1478,18
2259	30.07.2025 17:49:38	18,85	-0,05	0,07	0,13	1478,18
2260	30.07.2025 17:49:39	18,85	-0,07	0,07	0,13	1478,17
2261	30.07.2025 17:49:40	18,85	-0,05	0,07	0,13	1478,18
2262	30.07.2025 17:49:41	18,85	-0,05	0,07	0,13	1478,18
2263	30.07.2025 17:49:42	18,85	-0,05	0,07	0,13	1478,18
2264	30.07.2025 17:49:43	18,85	-0,05	0,07	0,13	1478,18
2265	30.07.2025 17:49:44	18,88	-0,05	0,07	0,13	1478,27
2266	30.07.2025 17:49:45	18,88	-0,05	0,07	0,13	1478,27
2267	30.07.2025 17:49:46	18,88	-0,05	0,07	0,13	1478,27
2268	30.07.2025 17:49:47	18,88	-0,05	0,07	0,13	1478,27
2269	30.07.2025 17:49:48	18,88	-0,05	0,07	0,13	1478,27
2270	30.07.2025 17:49:49	18,88	-0,05	0,07	0,13	1478,27
2271	30.07.2025 17:49:50	18,88	-0,07	0,07	0,13	1478,27
2272	30.07.2025 17:49:51	18,88	-0,05	0,07	0,13	1478,27
2273	30.07.2025 17:49:52	18,88	-0,05	0,07	0,13	1478,27
2274	30.07.2025 17:49:53	18,88	-0,05	0,07	0,13	1478,27
2275	30.07.2025 17:49:54	18,88	-0,05	0,07	0,13	1478,27
2276	30.07.2025 17:49:55	18,88	-0,05	0,07	0,13	1478,27
2277	30.07.2025 17:49:56	18,88	-0,05	0,07	0,13	1478,27
2278	30.07.2025 17:49:57	18,88	-0,05	0,07	0,13	1478,27
2279	30.07.2025 17:49:58	18,88	-0,05	0,07	0,13	1478,27
2280	30.07.2025 17:49:59	18,88	-0,05	0,07	0,13	1478,27
2281	30.07.2025 17:50:00	18,88	-0,03	0,07	0,13	1478,27
2282	30.07.2025 17:50:01	18,88	-0,05	0,07	0,13	1478,27
2283	30.07.2025 17:50:02	18,88	-0,05	0,07	0,13	1478,27
2284	30.07.2025 17:50:03	18,88	-0,05	0,07	0,13	1478,27
2285	30.07.2025 17:50:04	18,88	-0,05	0,07	0,13	1478,27
2286	30.07.2025 17:50:05	18,88	-0,05	0,07	0,13	1478,27
2287	30.07.2025 17:50:06	18,88	-0,05	0,07	0,13	1478,27
2288	30.07.2025 17:50:07	18,88	-0,05	0,07	0,13	1478,27
2289	30.07.2025 17:50:08	18,88	-0,05	0,07	0,13	1478,27
2290	30.07.2025 17:50:09	18,91	-0,05	0,07	0,13	1478,36
2291	30.07.2025 17:50:10	18,91	-0,05	0,07	0,13	1478,36
2292	30.07.2025 17:50:11	18,91	-0,05	0,07	0,13	1478,36
2293	30.07.2025 17:50:12	18,91	-0,07	0,07	0,13	1478,36
2294	30.07.2025 17:50:13	18,91	-0,05	0,07	0,13	1478,36
2295	30.07.2025 17:50:14	18,91	-0,05	0,07	0,13	1478,36
2296	30.07.2025 17:50:15	18,91	-0,05	0,07	0,13	1478,36
2297	30.07.2025 17:50:16	18,91	-0,07	0,07	0,13	1478,36
2298	30.07.2025 17:50:17	18,91	-0,05	0,07	0,13	1478,36
2299	30.07.2025 17:50:18	18,91	-0,07	0,07	0,13	1478,36
2300	30.07.2025 17:50:19	18,91	-0,05	0,07	0,13	1478,36
2301	30.07.2025 17:50:20	18,91	-0,05	0,07	0,13	1478,36
2302	30.07.2025 17:50:21	18,91	-0,05	0,07	0,13	1478,36
2303	30.07.2025 17:50:22	18,91	-0,05	0,07	0,13	1478,36
2304	30.07.2025 17:50:23	18,91	-0,05	0,07	0,13	1478,36
2305	30.07.2025 17:50:24	18,91	-0,05	0,07	0,13	1478,36
2306	30.07.2025 17:50:25	18,91	-0,05	0,07	0,13	1478,36
2307	30.07.2025 17:50:26	18,91	-0,05	0,07	0,13	1478,36
2308	30.07.2025 17:50:27	18,91	-0,05	0,07	0,13	1478,36
2309	30.07.2025 17:50:28	18,91	-0,05	0,07	0,13	1478,36
2310	30.07.2025 17:50:29	18,91	-0,05	0,07	0,13	1478,36
2311	30.07.2025 17:50:30	18,91	-0,07	0,07	0,13	1478,36
2312	30.07.2025 17:50:31	18,91	-0,05	0,07	0,13	1478,36
2313	30.07.2025 17:50:32	18,91	-0,05	0,07	0,13	1478,36
2314	30.07.2025 17:50:33	18,91	-0,05	0,07	0,13	1478,36
2315	30.07.2025 17:50:34	18,91	-0,05	0,07	0,13	1478,36
2316	30.07.2025 17:50:35	18,91	-0,05	0,07	0,13	1478,36
2317	30.07.2025 17:50:36	18,91	-0,03	0,07	0,13	1478,37
2318	30.07.2025 17:50:37	18,94	-0,05	0,07	0,13	1478,46
2319	30.07.2025 17:50:38	18,94	-0,05	0,07	0,13	1478,46
2320	30.07.2025 17:50:39	18,94	-0,05	0,07	0,13	1478,46
2321	30.07.2025 17:50:40	18,94	-0,05	0,07	0,13	1478,46
2322	30.07.2025 17:50:41	18,94	-0,05	0,07	0,13	1478,46
2323	30.07.2025 17:50:42	18,94	-0,05	0,07	0,13	1478,46
2324	30.07.2025 17:50:43	18,94	-0,05	0,07	0,13	1478,46
2325	30.07.2025 17:50:44	18,94	-0,05	0,07	0,13	1478,46
2326	30.07.2025 17:50:45	18,94	-0,05	0,07	0,13	1478,46
2327	30.07.2025 17:50:46	18,94	-0,05	0,07	0,13	1478,46
2328	30.07.2025 17:50:47	18,94	-0,07	0,07	0,13	1478,46
2329	30.07.2025 17:50:48	18,94	-0,05	0,07	0,13	1478,46
2330	30.07.2025 17:50:49	18,94	-0,07	0,07	0,13	1478,46
2331	30.07.2025 17:50:50	18,94	-0,05	0,07	0,13	1478,46
2332	30.07.2025 17:50:51	18,94	-0,05	0,07	0,13	1478,46
2333	30.07.2025 17:50:52	18,94	-0,05	0,07	0,13	1478,46
2334	30.07.2025 17:50:53	18,94	-0,05	0,07	0,13	1478,46
2335	30.07.2025 17:50:54	18,94	-0,05	0,07	0,13	1478,46
2336	30.07.2025 17:50:55	18,94	-0,05	0,07	0,13	1478,46
2337	30.07.2025 17:50:56	18,94	-0,07	0,07	0,13	1478,46
2338	30.07.2025 17:50:57	18,94	-0,07	0,07	0,13	1478,46
2339	30.07.2025 17:50:58	18,94	-0,05	0,07	0,13	1478,46
2340	30.07.2025 17:50:59	18,94	-0,05	0,07	0,13	1478,46
2341	30.07.2025 17:51:00	18,94	-0,05	0,07	0,13	1478,46
2342	30.07.2025 17:51:01	18,94	-0,05	0,07	0,13	1478,46
2343	30.07.2025 17:51:02	18,97	-0,05	0,07	0,13	1478,55
2344	30.07.2025 17:51:03	18,94	-0,05	0,07	0,13	1478,46
2345	30.07.2025 17:51:04	18,97	-0,05	0,07	0,13	1478,55
2346	30.07.2025 17:51:05	18,97	-0,07	0,07	0,13	1478,55
2347	30.07.2025 17:51:06	18,97	-0,05	0,09	0,16	1478,57
2348	30.07.2025 17:51:07	18,97	-0,07	0,07	0,13	1478,55
2349	30.07.2025 17:51:08	18,97	-0,05	0,07	0,13	1478,55
2350	30.07.2025 17:51:09	18,97	-0,05	0,07	0,13	1478,55
2351	30.07.2025 17:51:10	18,97	-0,05	0,07	0,13	1478,55
2352	30.07.2025 17:51:11	18,97	-0,07	0,07	0,13	1478,55
2353	30.07.2025 17:51:12	18,97	-0,05	0,07	0,13	1478,55
2354	30.07.2025 17:51:13	18,97	-0,05	0,09	0,16	1478,57
2355	30.07.2025 17:51:14	18,97	-0,05	0,09	0,16	1478,57
2356	30.07.2025 17:51:15	18,97	-0,05	0,07	0,13	1478,55
2357	30.07.2025 17:51:16	18,97	-0,05	0,09	0,16	1478,57
2358	30.07.2025 17:51:17	18,97	-0,05	0,07	0,13	1478,55
2359	30.07.2025 17:51:18	18,97	-0,05	0,09	0,16	1478,57
2360	30.07.2025 17:51:19	18,97	-0,05	0,07	0,13	1478,55
2361	30.07.2025 17:51:20	18,97	-0,05	0,07	0,13	1478,55
2362	30.07.2025 17:51:21	18,97	-0,05	0,07	0,13	1478,55
2363	30.07.2025 17:51:22	18,97	-0,07	0,07	0,13	1478,55
2364	30.07.2025 17:51:23	18,97	-0,05	0,07	0,13	1478,55
2365	30.07.2025 17:51:24	18,97	-0,05	0,07	0,13	1478,55
2366	30.07.2025 17:51:25	18,97	-0,05	0,07	0,13	1478,55
2367	30.07.2025 17:51:26	18,97	-0,05	0,07	0,13	1478,55
2368	30.07.2025 17:51:27	18,97	-0,05	0,07	0,13	1478,55
2369	30.07.2025 17:51:28	19,00	-0,05	0,09	0,16	1478,67
2370	30.07.2025 17:51:29	18,97	-0,05	0,07	0,13	1478,55
2371	30.07.2025 17:51:30	18,97	-0,03	0,07	0,13	1478,56
2372	30.07.2025 17:51:31	19,00	-0,07	0,09	0,16	1478,66
2373	30.07.2025 17:51:32	19,00	-0,05	0,07	0,13	1478,65
2374	30.07.2025 17:51:33	19,00	-0,07	0,07	0,13	1478,65
2375	30.07.2025 17:51:34	19,00	-0,05	0,07	0,13	1478,65
2376	30.07.2025 17:51:35	19,00	-0,05	0,09	0,16	1478,67
2377	30.07.2025 17:51:36	19,00	-0,07	0,07	0,13	1478,65
2378	30.07.2025 17:51:37	19,00	-0,07	0,07	0,13	1478,65
2379	30.07.2025 17:51:38	19,00	-0,07	0,07	0,13	1478,65
2380	30.07.2025 17:51:39	19,00	-0,07	0,07	0,13	1478,65
2381	30.07.2025 17:51:40	19,00	-0,07	0,07	0,13	1478,65
2382	30.07.2025 17:51:41	19,00	-0,05	0,07	0,13	1478,65
2383	30.07.2025 17:51:42	19,00	-0,05	0,07	0,13	1478,65
2384	30.07.2025 17:51:43	19,00	-0,05	0,07	0,13	1478,65
2385	30.07.2025 17:51:44	19,00	-0,05	0,07	0,13	1478,65
2386	30.07.2025 17:51:45	19,00	-0,05	0,09	0,16	1478,67
2387	30.07.2025 17:51:46	19,00	-0,05	0,07	0,13	1478,65
2388	30.07.2025 17:51:47	19,00	-0,07	0,07	0,13	1478,65
2389	30.07.2025 17:51:48	19,00	-0,07	0,07	0,13	1478,65
2390	30.07.2025 17:51:49	19,00	-0,07	0,09	0,16	1478,66
2391	30.07.2025 17:51:50	19,00	-0,07	0,09	0,16	1478,66
2392	30.07.2025 17:51:51	19,00	-0,05	0,07	0,13	1478,65
2393	30.07.2025 17:51:52	19,00	-0,05	0,07	0,13	1478,65
2394	30.07.2025 17:51:53	19,00	-0,05	0,09	0,16	1478,67
2395	30.07.2025 17:51:54	19,00	-0,07	0,07	0,13	1478,65
2396	30.07.2025 17:51:55	19,00	-0,05	0,09	0,16	1478,67
2397	30.07.2025 17:51:56	19,03	-0,07	0,09	0,16	1478,76
2398	30.07.2025 17:51:57	19,03	-0,07	0,09	0,16	1478,76
2399	30.07.2025 17:51:58	19,03	-0,07	0,09	0,16	1478,76
2400	30.07.2025 17:51:59	19,03	-0,05	0,09	0,16	1478,76
2401	30.07.2025 17:52:00	19,03	-0,05	0,09	0,16	1478,76
2402	30.07.2025 17:52:01	19,03	-0,05	0,07	0,13	1478,74
2403	30.07.2025 17:52:02	19,03	-0,05	0,09	0,16	1478,76
2404	30.07.2025 17:52:03	19,03	-0,05	0,09	0,16	1478,76
2405	30.07.2025 17:52:04	19,03	-0,05	0,07	0,13	1478,74
2406	30.07.2025 17:52:05	19,03	-0,07	0,09	0,16	1478,76
2407	30.07.2025 17:52:06	19,03	-0,05	0,07	0,13	1478,74
2408	30.07.2025 17:52:07	19,03	-0,07	0,09	0,16	1478,76
2409	30.07.2025 17:52:08	19,03	-0,07	0,09	0,16	1478,76
2410	30.07.2025 17:52:09	19,03	-0,07	0,09	0,16	1478,76
2411	30.07.2025 17:52:10	19,03	-0,07	0,09	0,16	1478,76
2412	30.07.2025 17:52:11	19,03	-0,07	0,09	0,16	1478,76
2413	30.07.2025 17:52:12	19,03	-0,05	0,09	0,16	1478,76
2414	30.07.2025 17:52:13	19,03	-0,07	0,09	0,16	1478,76
2415	30.07.2025 17:52:14	19,03	-0,05	0,09	0,16	1478,76
2416	30.07.2025 17:52:15	19,03	-0,07	0,09	0,16	1478,76
2417	30.07.2025 17:52:16	19,03	-0,05	0,09	0,16	1478,76
2418	30.07.2025 17:52:17	19,03	-0,07	0,09	0,16	1478,76
2419	30.07.2025 17:52:18	19,03	-0,07	0,09	0,16	1478,76
2420	30.07.2025 17:52:19	19,03	-0,05	0,09	0,16	1478,76
2421	30.07.2025 17:52:20	19,03	-0,07	0,09	0,16	1478,76
2422	30.07.2025 17:52:21	19,03	-0,07	0,07	0,13	1478,74
2423	30.07.2025 17:52:22	19,06	-0,05	0,09	0,16	1478,85
2424	30.07.2025 17:52:23	19,06	-0,05	0,09	0,16	1478,85
2425	30.07.2025 17:52:24	19,06	-0,07	0,09	0,16	1478,85
2426	30.07.2025 17:52:25	19,06	-0,05	0,09	0,16	1478,85
2427	30.07.2025 17:52:26	19,06	-0,05	0,09	0,16	1478,85
2428	30.07.2025 17:52:27	19,06	-0,07	0,09	0,16	1478,85
2429	30.07.2025 17:52:28	19,06	-0,05	0,09	0,16	1478,85
2430	30.07.2025 17:52:29	19,06	-0,05	0,09	0,16	1478,85
2431	30.07.2025 17:52:30	19,06	-0,07	0,09	0,16	1478,85
2432	30.07.2025 17:52:31	19,06	-0,05	0,09	0,16	1478,85
2433	30.07.2025 17:52:32	19,06	-0,05	0,09	0,16	1478,85
2434	30.07.2025 17:52:33	19,06	-0,05	0,09	0,16	1478,85
2435	30.07.2025 17:52:34	19,06	-0,07	0,09	0,16	1478,85
2436	30.07.2025 17:52:35	19,06	-0,05	0,09	0,16	1478,85
2437	30.07.2025 17:52:36	19,06	-0,07	0,09	0,16	1478,85
2438	30.07.2025 17:52:37	19,06	-0,07	0,09	0,16	1478,85
2439	30.07.2025 17:52:38	19,06	-0,07	0,09	0,16	1478,85
2440	30.07.2025 17:52:39	19,06	-0,07	0,09	0,16	1478,85
2441	30.07.2025 17:52:40	19,06	-0,07	0,09	0,16	1478,85
2442	30.07.2025 17:52:41	19,06	-0,05	0,09	0,16	1478,85
2443	30.07.2025 17:52:42	19,06	-0,07	0,09	0,16	1478,85
2444	30.07.2025 17:52:43	19,06	-0,05	0,09	0,16	1478,85
2445	30.07.2025 17:52:44	19,06	-0,07	0,09	0,16	1478,85
2446	30.07.2025 17:52:45	19,06	-0,07	0,09	0,16	1478,85
2447	30.07.2025 17:52:46	19,09	-0,07	0,09	0,16	1478,95
2448	30.07.2025 17:52:47	19,09	-0,07	0,09	0,16	1478,95
2449	30.07.2025 17:52:48	19,06	-0,07	0,09	0,16	1478,85
2450	30.07.2025 17:52:49	19,09	-0,07	0,07	0,13	1478,93
2451	30.07.2025 17:52:50	19,09	-0,07	0,07	0,13	1478,93
2452	30.07.2025 17:52:51	19,09	-0,07	0,07	0,13	1478,93
2453	30.07.2025 17:52:52	19,09	-0,07	0,09	0,16	1478,95
2454	30.07.2025 17:52:53	19,09	-0,05	0,09	0,16	1478,95
2455	30.07.2025 17:52:54	19,09	-0,07	0,09	0,16	1478,95
2456	30.07.2025 17:52:55	19,09	-0,05	0,09	0,16	1478,95
2457	30.07.2025 17:52:56	19,09	-0,07	0,09	0,16	1478,95
2458	30.07.2025 17:52:57	19,09	-0,05	0,09	0,16	1478,95
2459	30.07.2025 17:52:58	19,09	-0,07	0,09	0,16	1478,95
2460	30.07.2025 17:52:59	19,09	-0,07	0,09	0,16	1478,95
2461	30.07.2025 17:53:00	19,09	-0,07	0,09	0,16	1478,95
2462	30.07.2025 17:53:01	19,09	-0,07	0,09	0,16	1478,95
2463	30.07.2025 17:53:02	19,09	-0,07	0,09	0,16	1478,95
2464	30.07.2025 17:53:03	19,09	-0,05	0,09	0,16	1478,95
2465	30.07.2025 17:53:04	19,09	-0,07	0,09	0,16	1478,95
2466	30.07.2025 17:53:05	19,09	-0,05	0,09	0,16	1478,95
2467	30.07.2025 17:53:06	19,09	-0,07	0,09	0,16	1478,95
2468	30.07.2025 17:53:07	19,09	-0,07	0,09	0,16	1478,95
2469	30.07.2025 17:53:08	19,09	-0,07	0,09	0,16	1478,95
2470	30.07.2025 17:53:09	19,09	-0,05	0,09	0,16	1478,95
2471	30.07.2025 17:53:10	19,09	-0,05	0,09	0,16	1478,95
2472	30.07.2025 17:53:11	19,11	-0,05	0,07	0,13	1479,03
2473	30.07.2025 17:53:12	19,11	-0,05	0,07	0,13	1479,03
2474	30.07.2025 17:53:13	19,11	-0,05	0,07	0,13	1479,03
2475	30.07.2025 17:53:14	19,11	-0,05	0,09	0,16	1479,04
2476	30.07.2025 17:53:15	19,11	-0,05	0,09	0,16	1479,04
2477	30.07.2025 17:53:16	19,11	-0,05	0,09	0,16	1479,04
2478	30.07.2025 17:53:17	19,11	-0,05	0,07	0,13	1479,03
2479	30.07.2025 17:53:18	19,11	-0,03	0,07	0,13	1479,03
2480	30.07.2025 17:53:19	19,11	-0,03	0,07	0,13	1479,03
2481	30.07.2025 17:53:20	19,11	-0,05	0,09	0,16	1479,04
2482	30.07.2025 17:53:21	19,11	-0,05	0,09	0,16	1479,04
2483	30.07.2025 17:53:22	19,11	-0,05	0,09	0,16	1479,04
2484	30.07.2025 17:53:23	19,11	-0,03	0,09	0,16	1479,04
2485	30.07.2025 17:53:24	19,11	-0,05	0,09	0,16	1479,04
2486	30.07.2025 17:53:25	19,11	-0,05	0,75	1,33	1479,81
2487	30.07.2025 17:53:26	19,11	-0,05	0,33	0,60	1479,32
2488	30.07.2025 17:53:27	19,11	-0,05	0,72	1,27	1479,77
2489	30.07.2025 17:53:28	19,11	-0,05	0,36	0,65	1479,36
2490	30.07.2025 17:53:29	19,11	-0,05	0,47	0,85	1479,49
2491	30.07.2025 17:53:30	19,11	-0,07	0,38	0,68	1479,37
2492	30.07.2025 17:53:31	19,11	-0,05	0,35	0,63	1479,34
2493	30.07.2025 17:53:32	19,11	-0,05	0,70	1,24	1479,75
2494	30.07.2025 17:53:33	19,11	-0,05	0,60	1,07	1479,64
2495	30.07.2025 17:53:34	19,11	-0,05	0,49	0,88	1479,51
2496	30.07.2025 17:53:35	19,14	-0,05	0,72	1,27	1479,86
2497	30.07.2025 17:53:36	19,14	-0,03	0,22	0,40	1479,29
2498	30.07.2025 17:53:37	19,14	-0,05	0,16	0,29	1479,22
2499	30.07.2025 17:53:38	19,14	-0,05	0,24	0,43	1479,31
2500	30.07.2025 17:53:39	19,14	-0,05	0,31	0,57	1479,40
2501	30.07.2025 17:53:40	19,14	-0,05	0,22	0,40	1479,29
2502	30.07.2025 17:53:41	19,14	-0,03	0,46	0,82	1479,56
2503	30.07.2025 17:53:42	19,14	-0,03	0,31	0,57	1479,40
2504	30.07.2025 17:53:43	19,14	-0,05	0,18	0,32	1479,24
2505	30.07.2025 17:53:44	19,14	-0,05	0,62	1,10	1479,75
2506	30.07.2025 17:53:45	19,14	-0,05	0,33	0,60	1479,42
2507	30.07.2025 17:53:46	19,14	-0,05	0,41	0,74	1479,51
2508	30.07.2025 17:53:47	19,14	-0,05	0,25	0,46	1479,33
2509	30.07.2025 17:53:48	19,14	-0,03	0,36	0,65	1479,45
2510	30.07.2025 17:53:49	19,14	-0,05	0,35	0,63	1479,43
2511	30.07.2025 17:53:50	19,14	-0,05	0,54	0,96	1479,65
2512	30.07.2025 17:53:51	19,14	-0,03	0,30	0,54	1479,38
2513	30.07.2025 17:53:52	19,17	-0,03	0,27	0,49	1479,44
2514	30.07.2025 17:53:53	19,17	-0,05	0,57	1,02	1479,79
2515	30.07.2025 17:53:54	19,17	-0,05	0,52	0,93	1479,73
2516	30.07.2025 17:53:55	19,17	-0,05	0,57	1,02	1479,79
2517	30.07.2025 17:53:56	19,17	-0,05	0,27	0,49	1479,44
2518	30.07.2025 17:53:57	19,17	-0,05	0,47	0,85	1479,67
2519	30.07.2025 17:53:58	19,17	-0,03	0,35	0,63	1479,53
2520	30.07.2025 17:53:59	19,17	-0,05	0,36	0,65	1479,55
2521	30.07.2025 17:54:00	19,17	-0,05	0,30	0,54	1479,47
2522	30.07.2025 17:54:01	19,17	-0,05	0,21	0,38	1479,37
2523	30.07.2025 17:54:02	19,17	-0,05	0,74	1,30	1479,97
2524	30.07.2025 17:54:03	19,17	-0,03	0,49	0,88	1479,70
2525	30.07.2025 17:54:04	19,17	-0,05	0,72	1,27	1479,96
2526	30.07.2025 17:54:05	19,17	-0,05	0,49	0,88	1479,69
2527	30.07.2025 17:54:06	19,17	-0,05	0,67	1,19	1479,90
2528	30.07.2025 17:54:07	19,17	-0,05	0,36	0,65	1479,55
2529	30.07.2025 17:54:08	19,17	-0,05	0,11	0,21	1479,26
2530	30.07.2025 17:54:09	19,17	-0,05	0,14	0,27	1479,30
2531	30.07.2025 17:54:10	19,17	-0,05	0,10	0,18	1479,25
2532	30.07.2025 17:54:11	19,17	-0,05	0,10	0,18	1479,25
2533	30.07.2025 17:54:12	19,20	-0,05	0,09	0,16	1479,32
2534	30.07.2025 17:54:13	19,20	-0,05	0,09	0,16	1479,32
2535	30.07.2025 17:54:14	19,20	-0,07	0,10	0,18	1479,34
2536	30.07.2025 17:54:15	19,29	-0,08	0,10	0,18	1479,62
2537	30.07.2025 17:54:16	19,38	-0,08	0,14	0,27	1479,95
2538	30.07.2025 17:54:17	19,47	-0,05	0,68	1,21	1480,85
2539	30.07.2025 17:54:18	19,50	-0,15	0,60	1,07	1480,83
2540	30.07.2025 17:54:19	19,62	-0,15	0,75	1,33	1481,36
2541	30.07.2025 17:54:20	19,73	-0,17	0,61	1,10	1481,58
2542	30.07.2025 17:54:21	19,82	-0,12	0,64	1,16	1481,90
2543	30.07.2025 17:54:22	19,91	-0,15	0,20	0,38	1481,67
2544	30.07.2025 17:54:23	19,97	-0,07	0,56	1,02	1482,27
2545	30.07.2025 17:54:24	20,00	-0,08	0,32	0,60	1482,09
2546	30.07.2025 17:54:25	20,09	-0,12	0,39	0,71	1482,43
2547	30.07.2025 17:54:26	20,15	-0,12	0,17	0,32	1482,37
2548	30.07.2025 17:54:27	20,41	-0,15	0,31	0,57	1483,33
2549	30.07.2025 17:54:28	20,59	-0,15	0,63	1,16	1484,24
2550	30.07.2025 17:54:29	20,76	-0,21	0,78	1,42	1484,94
2551	30.07.2025 17:54:30	20,79	-0,21	42,51	57,88	1532,05
