#B	Created:	16.09.2025 20:02:11
##	Version	SeaStar	9.59
#5	Field separation:	0
#2	Date & Time:	1
#6	Decimal point:	,
#7	Date def.:	dd.mm.yyyy	.
#8	Time def.:	:
##	Axis	0	Temperature(°C)	clRed	FALSE
##	Axis	1	Pressure(Bar)	clBlue	FALSE
##	Axis	2	Salinity(psu)	clGreen	FALSE
##	Axis	3	Conductivity(mS/cm)	$00FF80FF	FALSE
##	Axis	4	Sound Velocity(m/sec)	$00404080	FALSE
##	Series	0	Temp(°C)	clRed	0	Temp(°C)	2
##	Series	1	Press(Bar)	clBlue	1	Press(Bar)	2
##	Series	2	Salinity(psu)	clGreen	2	Salinity(psu)	2
##	Series	3	Conduct(mS/cm)	$00FF80FF	3	Conduct(mS/cm)	2
##	Series	4	Sound Velocity(m/sec)	$00404080	4	Velocity(m/sec)	2
##	Recorder	118	DST CTD	13525
##	Chart	118S13525DAT	
#D	Data:	2784	16.09.2025 19:15:00	16.09.2025 20:01:23
1	16.09.2025 19:15:00	20,71	-0,08	0,22	0,42	1484,16
2	16.09.2025 19:15:01	20,71	-0,08	0,22	0,42	1484,16
3	16.09.2025 19:15:02	20,71	-0,08	0,22	0,42	1484,16
4	16.09.2025 19:15:03	20,71	-0,10	0,22	0,42	1484,16
5	16.09.2025 19:15:04	20,71	-0,10	0,22	0,42	1484,16
6	16.09.2025 19:15:05	20,71	-0,10	0,22	0,42	1484,16
7	16.09.2025 19:15:06	20,74	-0,08	0,22	0,42	1484,25
8	16.09.2025 19:15:07	20,74	-0,08	0,22	0,42	1484,25
9	16.09.2025 19:15:08	20,74	-0,08	0,22	0,42	1484,25
10	16.09.2025 19:15:09	20,74	-0,08	0,22	0,42	1484,25
11	16.09.2025 19:15:10	20,74	-0,08	0,22	0,42	1484,25
12	16.09.2025 19:15:11	20,74	-0,08	0,22	0,42	1484,25
13	16.09.2025 19:15:12	20,74	-0,08	0,22	0,42	1484,25
14	16.09.2025 19:15:13	20,74	-0,10	0,22	0,42	1484,25
15	16.09.2025 19:15:14	20,74	-0,08	0,22	0,42	1484,25
16	16.09.2025 19:15:15	20,74	-0,08	0,22	0,42	1484,25
17	16.09.2025 19:15:16	20,74	-0,08	0,22	0,42	1484,25
18	16.09.2025 19:15:17	20,74	-0,10	0,22	0,42	1484,25
19	16.09.2025 19:15:18	20,74	-0,08	0,22	0,42	1484,25
20	16.09.2025 19:15:19	20,74	-0,08	0,22	0,42	1484,25
21	16.09.2025 19:15:20	20,74	-0,10	0,21	0,39	1484,23
22	16.09.2025 19:15:21	20,74	-0,08	0,22	0,42	1484,25
23	16.09.2025 19:15:22	20,74	-0,08	0,22	0,42	1484,25
24	16.09.2025 19:15:23	20,74	-0,10	0,22	0,42	1484,25
25	16.09.2025 19:15:24	20,74	-0,10	0,22	0,42	1484,25
26	16.09.2025 19:15:25	20,74	-0,10	0,22	0,42	1484,25
27	16.09.2025 19:15:26	20,77	-0,08	0,22	0,42	1484,34
28	16.09.2025 19:15:27	20,77	-0,10	0,22	0,42	1484,34
29	16.09.2025 19:15:28	20,77	-0,10	0,22	0,42	1484,34
30	16.09.2025 19:15:29	20,77	-0,10	0,22	0,42	1484,34
31	16.09.2025 19:15:30	20,77	-0,08	0,22	0,42	1484,34
32	16.09.2025 19:15:31	20,77	-0,10	0,22	0,42	1484,34
33	16.09.2025 19:15:32	20,77	-0,08	0,22	0,42	1484,34
34	16.09.2025 19:15:33	20,77	-0,10	0,22	0,42	1484,34
35	16.09.2025 19:15:34	20,77	-0,08	0,21	0,39	1484,32
36	16.09.2025 19:15:35	20,74	-0,08	0,22	0,42	1484,25
37	16.09.2025 19:15:36	20,77	-0,08	0,22	0,42	1484,34
38	16.09.2025 19:15:37	20,77	-0,08	0,22	0,42	1484,34
39	16.09.2025 19:15:38	20,74	-0,08	0,22	0,42	1484,25
40	16.09.2025 19:15:39	20,74	-0,08	0,22	0,42	1484,25
41	16.09.2025 19:15:40	20,74	-0,10	0,22	0,42	1484,25
42	16.09.2025 19:15:41	20,74	-0,06	0,22	0,42	1484,25
43	16.09.2025 19:15:42	20,77	-0,10	0,22	0,42	1484,34
44	16.09.2025 19:15:43	20,74	-0,08	0,22	0,42	1484,25
45	16.09.2025 19:15:44	20,74	-0,08	0,22	0,42	1484,25
46	16.09.2025 19:15:45	20,74	-0,08	0,22	0,42	1484,25
47	16.09.2025 19:15:46	20,74	-0,08	0,22	0,42	1484,25
48	16.09.2025 19:15:47	20,74	-0,08	0,22	0,42	1484,25
49	16.09.2025 19:15:48	20,74	-0,10	0,22	0,42	1484,25
50	16.09.2025 19:15:49	20,74	-0,08	0,22	0,42	1484,25
51	16.09.2025 19:15:50	20,74	-0,08	0,22	0,42	1484,25
52	16.09.2025 19:15:51	20,74	-0,08	0,22	0,42	1484,25
53	16.09.2025 19:15:52	20,74	-0,06	0,22	0,42	1484,25
54	16.09.2025 19:15:53	20,74	-0,08	0,22	0,42	1484,25
55	16.09.2025 19:15:54	20,74	-0,08	0,22	0,42	1484,25
56	16.09.2025 19:15:55	20,74	-0,08	0,22	0,42	1484,25
57	16.09.2025 19:15:56	20,74	-0,08	0,21	0,39	1484,23
58	16.09.2025 19:15:57	20,74	-0,08	0,22	0,42	1484,25
59	16.09.2025 19:15:58	20,74	-0,08	0,22	0,42	1484,25
60	16.09.2025 19:15:59	20,74	-0,10	0,19	0,36	1484,21
61	16.09.2025 19:16:00	20,74	-0,08	0,19	0,36	1484,22
62	16.09.2025 19:16:01	20,74	-0,08	0,21	0,39	1484,23
63	16.09.2025 19:16:02	20,74	-0,08	0,21	0,39	1484,23
64	16.09.2025 19:16:03	20,74	-0,08	0,21	0,39	1484,23
65	16.09.2025 19:16:04	20,74	-0,08	0,21	0,39	1484,23
66	16.09.2025 19:16:05	20,74	-0,08	0,21	0,39	1484,23
67	16.09.2025 19:16:06	20,74	-0,08	0,21	0,39	1484,23
68	16.09.2025 19:16:07	20,74	-0,08	0,21	0,39	1484,23
69	16.09.2025 19:16:08	20,74	-0,08	0,21	0,39	1484,23
70	16.09.2025 19:16:09	20,71	-0,08	0,21	0,39	1484,14
71	16.09.2025 19:16:10	20,71	-0,08	0,21	0,39	1484,14
72	16.09.2025 19:16:11	20,71	-0,08	0,21	0,39	1484,14
73	16.09.2025 19:16:12	20,71	-0,08	0,21	0,39	1484,14
74	16.09.2025 19:16:13	20,71	-0,06	0,22	0,42	1484,16
75	16.09.2025 19:16:14	20,71	-0,08	0,21	0,39	1484,14
76	16.09.2025 19:16:15	20,71	-0,08	0,21	0,39	1484,14
77	16.09.2025 19:16:16	20,71	-0,08	0,21	0,39	1484,14
78	16.09.2025 19:16:17	20,71	-0,08	0,21	0,39	1484,14
79	16.09.2025 19:16:18	20,71	-0,08	0,21	0,39	1484,14
80	16.09.2025 19:16:19	20,71	-0,08	0,21	0,39	1484,14
81	16.09.2025 19:16:20	20,71	-0,08	0,21	0,39	1484,14
82	16.09.2025 19:16:21	20,71	-0,08	0,19	0,36	1484,13
83	16.09.2025 19:16:22	20,71	-0,08	0,21	0,39	1484,14
84	16.09.2025 19:16:23	20,71	-0,08	0,21	0,39	1484,14
85	16.09.2025 19:16:24	20,71	-0,08	0,19	0,36	1484,13
86	16.09.2025 19:16:25	20,68	-0,06	0,19	0,36	1484,04
87	16.09.2025 19:16:26	20,68	-0,08	0,19	0,36	1484,04
88	16.09.2025 19:16:27	20,68	-0,08	0,19	0,36	1484,04
89	16.09.2025 19:16:28	20,68	-0,08	0,19	0,36	1484,04
90	16.09.2025 19:16:29	20,68	-0,08	0,19	0,36	1484,04
91	16.09.2025 19:16:30	20,68	-0,08	0,22	0,42	1484,07
92	16.09.2025 19:16:31	20,68	-0,08	0,21	0,39	1484,05
93	16.09.2025 19:16:32	20,68	-0,08	0,19	0,36	1484,04
94	16.09.2025 19:16:33	20,68	-0,08	0,21	0,39	1484,05
95	16.09.2025 19:16:34	20,68	-0,08	0,21	0,39	1484,05
96	16.09.2025 19:16:35	20,65	-0,06	0,19	0,36	1483,95
97	16.09.2025 19:16:36	20,65	-0,08	0,22	0,42	1483,98
98	16.09.2025 19:16:37	20,65	-0,06	0,24	0,45	1484,00
99	16.09.2025 19:16:38	20,65	-0,08	0,22	0,42	1483,98
100	16.09.2025 19:16:39	20,65	-0,06	0,21	0,39	1483,97
101	16.09.2025 19:16:40	20,65	-0,08	0,24	0,45	1484,00
102	16.09.2025 19:16:41	20,65	-0,08	0,21	0,39	1483,96
103	16.09.2025 19:16:42	20,65	-0,08	0,19	0,36	1483,95
104	16.09.2025 19:16:43	20,62	-0,08	0,19	0,36	1483,86
105	16.09.2025 19:16:44	20,62	-0,06	0,21	0,39	1483,88
106	16.09.2025 19:16:45	20,62	-0,08	0,19	0,36	1483,86
107	16.09.2025 19:16:46	20,62	-0,08	0,19	0,36	1483,86
108	16.09.2025 19:16:47	20,62	-0,08	0,21	0,39	1483,87
109	16.09.2025 19:16:48	20,62	-0,08	0,21	0,39	1483,87
110	16.09.2025 19:16:49	20,62	-0,06	0,19	0,36	1483,86
111	16.09.2025 19:16:50	20,59	-0,08	0,21	0,39	1483,79
112	16.09.2025 19:16:51	20,59	-0,08	0,21	0,39	1483,79
113	16.09.2025 19:16:52	20,59	-0,06	0,21	0,39	1483,79
114	16.09.2025 19:16:53	20,59	-0,08	0,21	0,39	1483,79
115	16.09.2025 19:16:54	20,59	-0,08	0,19	0,36	1483,77
116	16.09.2025 19:16:55	20,59	-0,06	0,19	0,36	1483,77
117	16.09.2025 19:16:56	20,56	-0,08	0,21	0,39	1483,70
118	16.09.2025 19:16:57	20,56	-0,08	0,19	0,36	1483,68
119	16.09.2025 19:16:58	20,56	-0,08	0,19	0,36	1483,68
120	16.09.2025 19:16:59	20,56	-0,06	0,19	0,36	1483,68
121	16.09.2025 19:17:00	20,56	-0,08	0,19	0,36	1483,68
122	16.09.2025 19:17:01	20,56	-0,06	0,21	0,39	1483,70
123	16.09.2025 19:17:02	20,56	-0,08	0,19	0,36	1483,68
124	16.09.2025 19:17:03	20,56	-0,08	0,21	0,39	1483,70
125	16.09.2025 19:17:04	20,53	-0,06	0,21	0,39	1483,61
126	16.09.2025 19:17:05	20,53	-0,08	0,21	0,39	1483,61
127	16.09.2025 19:17:06	20,53	-0,08	0,21	0,39	1483,61
128	16.09.2025 19:17:07	20,53	-0,06	0,21	0,39	1483,61
129	16.09.2025 19:17:08	20,53	-0,08	0,19	0,36	1483,59
130	16.09.2025 19:17:09	20,53	-0,06	0,19	0,36	1483,59
131	16.09.2025 19:17:10	20,53	-0,06	0,21	0,39	1483,61
132	16.09.2025 19:17:11	20,53	-0,06	0,19	0,36	1483,59
133	16.09.2025 19:17:12	20,53	-0,06	0,19	0,36	1483,59
134	16.09.2025 19:17:13	20,50	-0,06	0,21	0,39	1483,52
135	16.09.2025 19:17:14	20,50	-0,06	0,21	0,39	1483,52
136	16.09.2025 19:17:15	20,50	-0,08	0,19	0,36	1483,50
137	16.09.2025 19:17:16	20,50	-0,06	0,21	0,39	1483,52
138	16.09.2025 19:17:17	20,50	-0,08	0,21	0,39	1483,52
139	16.09.2025 19:17:18	20,50	-0,06	0,21	0,39	1483,52
140	16.09.2025 19:17:19	20,47	-0,06	0,21	0,39	1483,43
141	16.09.2025 19:17:20	20,47	-0,08	0,21	0,39	1483,43
142	16.09.2025 19:17:21	20,47	-0,08	0,21	0,39	1483,43
143	16.09.2025 19:17:22	20,47	-0,08	0,21	0,39	1483,43
144	16.09.2025 19:17:23	20,47	-0,06	0,21	0,39	1483,43
145	16.09.2025 19:17:24	20,47	-0,06	0,19	0,36	1483,41
146	16.09.2025 19:17:25	20,47	-0,06	0,21	0,39	1483,43
147	16.09.2025 19:17:26	20,47	-0,08	0,22	0,42	1483,44
148	16.09.2025 19:17:27	20,44	-0,08	0,21	0,39	1483,34
149	16.09.2025 19:17:28	20,44	-0,10	0,19	0,36	1483,32
150	16.09.2025 19:17:29	20,44	-0,08	0,21	0,39	1483,34
151	16.09.2025 19:17:30	20,44	-0,08	0,21	0,39	1483,34
152	16.09.2025 19:17:31	20,44	-0,08	0,21	0,39	1483,34
153	16.09.2025 19:17:32	20,44	-0,08	0,19	0,36	1483,32
154	16.09.2025 19:17:33	20,44	-0,08	0,22	0,42	1483,35
155	16.09.2025 19:17:34	20,42	-0,08	0,22	0,42	1483,26
156	16.09.2025 19:17:35	20,42	-0,10	0,19	0,36	1483,23
157	16.09.2025 19:17:36	20,42	-0,08	0,21	0,39	1483,25
158	16.09.2025 19:17:37	20,42	-0,08	0,22	0,42	1483,26
159	16.09.2025 19:17:38	20,42	-0,08	0,21	0,39	1483,25
160	16.09.2025 19:17:39	20,42	-0,08	0,19	0,36	1483,23
161	16.09.2025 19:17:40	20,39	-0,10	0,21	0,39	1483,15
162	16.09.2025 19:17:41	20,39	-0,08	0,21	0,39	1483,16
163	16.09.2025 19:17:42	20,39	-0,08	0,21	0,39	1483,16
164	16.09.2025 19:17:43	20,39	-0,08	0,21	0,39	1483,16
165	16.09.2025 19:17:44	20,39	-0,08	0,21	0,39	1483,16
166	16.09.2025 19:17:45	20,39	-0,06	0,19	0,36	1483,14
167	16.09.2025 19:17:46	20,39	-0,08	0,21	0,39	1483,16
168	16.09.2025 19:17:47	20,36	-0,08	0,21	0,39	1483,07
169	16.09.2025 19:17:48	20,36	-0,06	0,19	0,36	1483,05
170	16.09.2025 19:17:49	20,36	-0,06	0,21	0,39	1483,07
171	16.09.2025 19:17:50	20,36	-0,08	0,22	0,42	1483,08
172	16.09.2025 19:17:51	20,36	-0,08	0,19	0,36	1483,05
173	16.09.2025 19:17:52	20,36	-0,08	0,21	0,39	1483,07
174	16.09.2025 19:17:53	20,33	-0,08	0,21	0,39	1482,98
175	16.09.2025 19:17:54	20,33	-0,08	0,21	0,39	1482,98
176	16.09.2025 19:17:55	20,33	-0,08	0,19	0,36	1482,96
177	16.09.2025 19:17:56	20,33	-0,06	0,21	0,39	1482,98
178	16.09.2025 19:17:57	20,33	-0,08	0,22	0,42	1482,99
179	16.09.2025 19:17:58	20,33	-0,08	0,21	0,39	1482,98
180	16.09.2025 19:17:59	20,33	-0,08	0,21	0,39	1482,98
181	16.09.2025 19:18:00	20,30	-0,08	0,21	0,39	1482,88
182	16.09.2025 19:18:01	20,30	-0,08	0,21	0,39	1482,88
183	16.09.2025 19:18:02	20,30	-0,08	0,21	0,39	1482,88
184	16.09.2025 19:18:03	20,30	-0,08	0,19	0,36	1482,87
185	16.09.2025 19:18:04	20,30	-0,08	0,21	0,39	1482,88
186	16.09.2025 19:18:05	20,30	-0,06	0,22	0,42	1482,91
187	16.09.2025 19:18:06	20,30	-0,08	0,19	0,36	1482,87
188	16.09.2025 19:18:07	20,27	-0,06	0,19	0,36	1482,78
189	16.09.2025 19:18:08	20,27	-0,06	0,21	0,39	1482,80
190	16.09.2025 19:18:09	20,27	-0,06	0,21	0,39	1482,80
191	16.09.2025 19:18:10	20,27	-0,08	0,19	0,36	1482,78
192	16.09.2025 19:18:11	20,24	-0,08	0,19	0,36	1482,69
193	16.09.2025 19:18:12	20,24	-0,06	0,19	0,36	1482,69
194	16.09.2025 19:18:13	20,24	-0,06	0,19	0,36	1482,69
195	16.09.2025 19:18:14	20,24	-0,08	0,19	0,36	1482,69
196	16.09.2025 19:18:15	20,24	-0,06	0,19	0,36	1482,69
197	16.09.2025 19:18:16	20,24	-0,06	0,19	0,36	1482,69
198	16.09.2025 19:18:17	20,24	-0,06	0,19	0,36	1482,69
199	16.09.2025 19:18:18	20,21	-0,08	0,21	0,39	1482,61
200	16.09.2025 19:18:19	20,21	-0,06	0,19	0,36	1482,60
201	16.09.2025 19:18:20	20,21	-0,08	0,19	0,36	1482,60
202	16.09.2025 19:18:21	20,21	-0,06	0,21	0,39	1482,62
203	16.09.2025 19:18:22	20,21	-0,06	0,19	0,36	1482,60
204	16.09.2025 19:18:23	20,21	-0,06	0,19	0,36	1482,60
205	16.09.2025 19:18:24	20,18	-0,08	0,19	0,36	1482,50
206	16.09.2025 19:18:25	20,18	-0,06	0,21	0,39	1482,52
207	16.09.2025 19:18:26	20,18	-0,06	0,19	0,36	1482,51
208	16.09.2025 19:18:27	20,18	-0,06	0,19	0,36	1482,51
209	16.09.2025 19:18:28	20,18	-0,06	0,19	0,36	1482,51
210	16.09.2025 19:18:29	20,15	-0,08	0,19	0,36	1482,41
211	16.09.2025 19:18:30	20,15	-0,06	0,19	0,36	1482,42
212	16.09.2025 19:18:31	20,15	-0,06	0,19	0,36	1482,42
213	16.09.2025 19:18:32	20,15	-0,06	0,19	0,36	1482,42
214	16.09.2025 19:18:33	20,15	-0,06	0,19	0,36	1482,42
215	16.09.2025 19:18:34	20,15	-0,06	0,19	0,36	1482,42
216	16.09.2025 19:18:35	20,15	-0,08	0,19	0,36	1482,41
217	16.09.2025 19:18:36	20,12	-0,06	0,19	0,36	1482,33
218	16.09.2025 19:18:37	20,12	-0,06	0,19	0,36	1482,33
219	16.09.2025 19:18:38	20,12	-0,06	0,19	0,36	1482,33
220	16.09.2025 19:18:39	20,12	-0,08	0,19	0,36	1482,32
221	16.09.2025 19:18:40	20,12	-0,08	0,21	0,39	1482,34
222	16.09.2025 19:18:41	20,12	-0,08	0,19	0,36	1482,32
223	16.09.2025 19:18:42	20,09	-0,10	0,18	0,33	1482,21
224	16.09.2025 19:18:43	20,09	-0,08	0,19	0,36	1482,23
225	16.09.2025 19:18:44	20,09	-0,10	0,21	0,39	1482,25
226	16.09.2025 19:18:45	20,09	-0,10	0,18	0,33	1482,21
227	16.09.2025 19:18:46	20,09	-0,08	0,18	0,33	1482,21
228	16.09.2025 19:18:47	20,09	-0,08	0,19	0,36	1482,23
229	16.09.2025 19:18:48	20,06	-0,10	0,19	0,36	1482,14
230	16.09.2025 19:18:49	20,06	-0,08	0,19	0,36	1482,14
231	16.09.2025 19:18:50	20,06	-0,08	0,18	0,33	1482,12
232	16.09.2025 19:18:51	20,06	-0,08	0,19	0,36	1482,14
233	16.09.2025 19:18:52	20,06	-0,08	0,19	0,36	1482,14
234	16.09.2025 19:18:53	20,06	-0,10	0,18	0,33	1482,12
235	16.09.2025 19:18:54	20,03	-0,08	0,19	0,36	1482,05
236	16.09.2025 19:18:55	20,03	-0,08	0,19	0,36	1482,05
237	16.09.2025 19:18:56	20,03	-0,08	0,19	0,36	1482,05
238	16.09.2025 19:18:57	20,03	-0,08	0,18	0,33	1482,03
239	16.09.2025 19:18:58	20,03	-0,08	0,18	0,33	1482,03
240	16.09.2025 19:18:59	20,03	-0,08	0,19	0,36	1482,05
241	16.09.2025 19:19:00	20,00	-0,08	0,19	0,36	1481,96
242	16.09.2025 19:19:01	20,00	-0,08	0,18	0,33	1481,94
243	16.09.2025 19:19:02	20,00	-0,08	0,19	0,36	1481,96
244	16.09.2025 19:19:03	20,00	-0,08	0,19	0,36	1481,96
245	16.09.2025 19:19:04	20,00	-0,08	0,18	0,33	1481,94
246	16.09.2025 19:19:05	20,00	-0,06	0,19	0,36	1481,96
247	16.09.2025 19:19:06	19,97	-0,08	0,19	0,36	1481,87
248	16.09.2025 19:19:07	19,97	-0,08	0,19	0,36	1481,87
249	16.09.2025 19:19:08	19,97	-0,08	0,18	0,33	1481,85
250	16.09.2025 19:19:09	19,97	-0,08	0,19	0,36	1481,87
251	16.09.2025 19:19:10	19,97	-0,08	0,19	0,36	1481,87
252	16.09.2025 19:19:11	19,97	-0,08	0,18	0,33	1481,85
253	16.09.2025 19:19:12	19,95	-0,08	0,18	0,33	1481,76
254	16.09.2025 19:19:13	19,95	-0,08	0,19	0,36	1481,78
255	16.09.2025 19:19:14	19,95	-0,08	0,19	0,36	1481,78
256	16.09.2025 19:19:15	19,95	-0,08	0,19	0,36	1481,78
257	16.09.2025 19:19:16	19,95	-0,06	0,19	0,36	1481,78
258	16.09.2025 19:19:17	19,92	-0,06	0,19	0,36	1481,69
259	16.09.2025 19:19:18	19,92	-0,06	0,19	0,36	1481,69
260	16.09.2025 19:19:19	19,92	-0,08	0,19	0,36	1481,68
261	16.09.2025 19:19:20	19,92	-0,08	0,19	0,36	1481,68
262	16.09.2025 19:19:21	19,92	-0,06	0,19	0,36	1481,69
263	16.09.2025 19:19:22	19,92	-0,08	0,19	0,36	1481,68
264	16.09.2025 19:19:23	19,89	-0,08	0,19	0,36	1481,59
265	16.09.2025 19:19:24	19,89	-0,08	0,19	0,36	1481,59
266	16.09.2025 19:19:25	19,89	-0,08	0,19	0,36	1481,59
267	16.09.2025 19:19:26	19,89	-0,06	0,19	0,36	1481,60
268	16.09.2025 19:19:27	19,89	-0,06	0,18	0,33	1481,58
269	16.09.2025 19:19:28	19,89	-0,08	0,19	0,36	1481,59
270	16.09.2025 19:19:29	19,89	-0,08	0,19	0,36	1481,59
271	16.09.2025 19:19:30	19,86	-0,06	0,18	0,33	1481,49
272	16.09.2025 19:19:31	19,86	-0,08	0,19	0,36	1481,50
273	16.09.2025 19:19:32	19,86	-0,06	0,19	0,36	1481,50
274	16.09.2025 19:19:33	19,86	-0,06	0,19	0,36	1481,50
275	16.09.2025 19:19:34	19,86	-0,06	0,18	0,33	1481,49
276	16.09.2025 19:19:35	19,83	-0,08	0,18	0,33	1481,39
277	16.09.2025 19:19:36	19,83	-0,06	0,19	0,36	1481,41
278	16.09.2025 19:19:37	19,83	-0,06	0,19	0,36	1481,41
279	16.09.2025 19:19:38	19,83	-0,08	0,18	0,33	1481,39
280	16.09.2025 19:19:39	19,83	-0,06	0,19	0,36	1481,41
281	16.09.2025 19:19:40	19,83	-0,08	0,19	0,36	1481,41
282	16.09.2025 19:19:41	19,83	-0,08	0,19	0,36	1481,41
283	16.09.2025 19:19:42	19,80	-0,06	0,19	0,36	1481,32
284	16.09.2025 19:19:43	19,80	-0,06	0,16	0,30	1481,28
285	16.09.2025 19:19:44	19,80	-0,08	0,18	0,33	1481,30
286	16.09.2025 19:19:45	19,80	-0,08	0,18	0,33	1481,30
287	16.09.2025 19:19:46	19,80	-0,06	0,16	0,30	1481,28
288	16.09.2025 19:19:47	19,80	-0,06	0,18	0,33	1481,30
289	16.09.2025 19:19:48	19,77	-0,08	0,18	0,33	1481,21
290	16.09.2025 19:19:49	19,77	-0,10	0,18	0,33	1481,20
291	16.09.2025 19:19:50	19,77	-0,08	0,18	0,33	1481,21
292	16.09.2025 19:19:51	19,77	-0,08	0,18	0,33	1481,21
293	16.09.2025 19:19:52	19,77	-0,10	0,18	0,33	1481,20
294	16.09.2025 19:19:53	19,74	-0,08	0,18	0,33	1481,12
295	16.09.2025 19:19:54	19,74	-0,08	0,18	0,33	1481,12
296	16.09.2025 19:19:55	19,74	-0,08	0,19	0,36	1481,13
297	16.09.2025 19:19:56	19,74	-0,08	0,19	0,36	1481,13
298	16.09.2025 19:19:57	19,74	-0,08	0,19	0,36	1481,13
299	16.09.2025 19:19:58	19,71	-0,06	0,18	0,33	1481,03
300	16.09.2025 19:19:59	19,71	-0,08	0,18	0,33	1481,02
301	16.09.2025 19:20:00	19,71	-0,08	0,18	0,33	1481,02
302	16.09.2025 19:20:01	19,71	-0,08	0,19	0,36	1481,04
303	16.09.2025 19:20:02	19,71	-0,08	0,19	0,36	1481,04
304	16.09.2025 19:20:03	19,68	-0,08	0,19	0,36	1480,95
305	16.09.2025 19:20:04	19,68	-0,08	0,18	0,33	1480,93
306	16.09.2025 19:20:05	19,68	-0,08	0,18	0,33	1480,93
307	16.09.2025 19:20:06	19,68	-0,08	0,18	0,33	1480,93
308	16.09.2025 19:20:07	19,68	-0,08	0,19	0,36	1480,95
309	16.09.2025 19:20:08	19,68	-0,06	0,19	0,36	1480,95
310	16.09.2025 19:20:09	19,68	-0,08	0,19	0,36	1480,95
311	16.09.2025 19:20:10	19,65	-0,10	0,19	0,36	1480,85
312	16.09.2025 19:20:11	19,65	-0,08	0,19	0,36	1480,86
313	16.09.2025 19:20:12	19,65	-0,06	0,19	0,36	1480,86
314	16.09.2025 19:20:13	19,65	-0,08	0,19	0,36	1480,86
315	16.09.2025 19:20:14	19,65	-0,08	0,18	0,33	1480,84
316	16.09.2025 19:20:15	19,65	-0,08	0,18	0,33	1480,84
317	16.09.2025 19:20:16	19,62	-0,08	0,20	0,36	1480,76
318	16.09.2025 19:20:17	19,62	-0,08	0,21	0,39	1480,78
319	16.09.2025 19:20:18	19,62	-0,08	0,20	0,36	1480,76
320	16.09.2025 19:20:19	19,62	-0,08	0,20	0,36	1480,76
321	16.09.2025 19:20:20	19,62	-0,08	0,20	0,36	1480,76
322	16.09.2025 19:20:21	19,62	-0,06	0,20	0,36	1480,77
323	16.09.2025 19:20:22	19,59	-0,08	0,20	0,36	1480,67
324	16.09.2025 19:20:23	19,59	-0,08	0,20	0,36	1480,67
325	16.09.2025 19:20:24	19,59	-0,08	0,20	0,36	1480,67
326	16.09.2025 19:20:25	19,59	-0,06	0,20	0,36	1480,68
327	16.09.2025 19:20:26	19,59	-0,08	0,20	0,36	1480,67
328	16.09.2025 19:20:27	19,59	-0,08	0,18	0,33	1480,65
329	16.09.2025 19:20:28	19,56	-0,06	0,18	0,33	1480,56
330	16.09.2025 19:20:29	19,56	-0,08	0,18	0,33	1480,56
331	16.09.2025 19:20:30	19,56	-0,06	0,18	0,33	1480,56
332	16.09.2025 19:20:31	19,56	-0,08	0,18	0,33	1480,56
333	16.09.2025 19:20:32	19,56	-0,08	0,21	0,39	1480,60
334	16.09.2025 19:20:33	19,53	-0,08	0,23	0,42	1480,52
335	16.09.2025 19:20:34	19,53	-0,08	0,31	0,56	1480,62
336	16.09.2025 19:20:35	19,53	-0,06	0,37	0,68	1480,69
337	16.09.2025 19:20:36	19,53	-0,08	0,79	1,41	1481,17
338	16.09.2025 19:20:37	19,53	-0,06	0,79	1,41	1481,17
339	16.09.2025 19:20:38	19,53	-0,08	0,88	1,55	1481,27
340	16.09.2025 19:20:39	19,50	-0,08	0,88	1,55	1481,18
341	16.09.2025 19:20:40	19,50	-0,08	0,88	1,55	1481,18
342	16.09.2025 19:20:41	19,50	-0,10	0,93	1,64	1481,23
343	16.09.2025 19:20:42	19,50	-0,10	0,92	1,61	1481,21
344	16.09.2025 19:20:43	19,50	-0,08	0,81	1,44	1481,10
345	16.09.2025 19:20:44	19,47	-0,06	0,44	0,80	1480,58
346	16.09.2025 19:20:45	19,47	-0,06	0,49	0,88	1480,64
347	16.09.2025 19:20:46	19,47	-0,06	0,59	1,06	1480,76
348	16.09.2025 19:20:47	19,47	-0,08	0,59	1,06	1480,75
349	16.09.2025 19:20:48	19,45	-0,10	0,81	1,44	1480,91
350	16.09.2025 19:20:49	19,45	-0,08	0,85	1,49	1480,95
351	16.09.2025 19:20:50	19,45	-0,10	0,63	1,12	1480,70
352	16.09.2025 19:20:51	19,45	-0,10	0,51	0,91	1480,56
353	16.09.2025 19:20:52	19,42	-0,10	0,47	0,86	1480,43
354	16.09.2025 19:20:53	19,42	-0,08	0,83	1,47	1480,84
355	16.09.2025 19:20:54	19,42	-0,10	0,88	1,55	1480,90
356	16.09.2025 19:20:55	19,42	-0,10	0,88	1,55	1480,90
357	16.09.2025 19:20:56	19,39	-0,10	0,81	1,44	1480,73
358	16.09.2025 19:20:57	19,39	-0,10	0,49	0,88	1480,36
359	16.09.2025 19:20:58	19,39	-0,08	0,51	0,91	1480,38
360	16.09.2025 19:20:59	19,39	-0,10	0,58	1,03	1480,45
361	16.09.2025 19:21:00	19,39	-0,08	0,81	1,44	1480,73
362	16.09.2025 19:21:01	19,39	-0,08	0,83	1,47	1480,75
363	16.09.2025 19:21:02	19,36	-0,08	0,87	1,52	1480,70
364	16.09.2025 19:21:03	19,36	-0,08	0,78	1,38	1480,60
365	16.09.2025 19:21:04	19,36	-0,08	0,44	0,80	1480,21
366	16.09.2025 19:21:05	19,36	-0,10	0,44	0,80	1480,21
367	16.09.2025 19:21:06	19,36	-0,08	0,49	0,88	1480,27
368	16.09.2025 19:21:07	19,36	-0,08	0,47	0,86	1480,25
369	16.09.2025 19:21:08	19,33	-0,08	0,61	1,09	1480,31
370	16.09.2025 19:21:09	19,33	-0,08	0,66	1,18	1480,37
371	16.09.2025 19:21:10	19,33	-0,08	0,42	0,77	1480,10
372	16.09.2025 19:21:11	19,33	-0,08	0,34	0,62	1480,00
373	16.09.2025 19:21:12	19,33	-0,10	0,36	0,65	1480,02
374	16.09.2025 19:21:13	19,30	-0,08	0,46	0,83	1480,04
375	16.09.2025 19:21:14	19,30	-0,08	0,66	1,18	1480,28
376	16.09.2025 19:21:15	19,30	-0,08	0,58	1,03	1480,18
377	16.09.2025 19:21:16	19,30	-0,08	0,44	0,80	1480,02
378	16.09.2025 19:21:17	19,27	-0,08	0,39	0,71	1479,87
379	16.09.2025 19:21:18	19,27	-0,08	0,36	0,65	1479,84
380	16.09.2025 19:21:19	19,27	-0,08	0,51	0,91	1480,01
381	16.09.2025 19:21:20	19,27	-0,08	0,56	1,00	1480,07
382	16.09.2025 19:21:21	19,27	-0,08	0,46	0,83	1479,95
383	16.09.2025 19:21:22	19,24	-0,08	0,43	0,77	1479,82
384	16.09.2025 19:21:23	19,24	-0,06	0,70	1,23	1480,13
385	16.09.2025 19:21:24	19,24	-0,08	0,83	1,46	1480,29
386	16.09.2025 19:21:25	19,24	-0,10	0,49	0,88	1479,89
387	16.09.2025 19:21:26	19,21	-0,08	0,56	1,00	1479,88
388	16.09.2025 19:21:27	19,18	-0,17	27,59	38,04	1510,68
389	16.09.2025 19:21:28	19,00	-0,12	27,80	38,15	1510,41
390	16.09.2025 19:21:29	18,85	-0,06	27,92	38,18	1510,13
391	16.09.2025 19:21:30	18,74	-0,05	28,02	38,21	1509,90
392	16.09.2025 19:21:31	18,68	-0,03	28,04	38,18	1509,75
393	16.09.2025 19:21:32	18,62	-0,05	28,07	38,18	1509,62
394	16.09.2025 19:21:33	18,59	-0,06	28,07	38,15	1509,52
395	16.09.2025 19:21:34	18,53	-0,06	27,31	37,16	1508,47
396	16.09.2025 19:21:35	18,50	-0,05	28,13	38,15	1509,33
397	16.09.2025 19:21:36	18,47	-0,03	28,15	38,14	1509,27
398	16.09.2025 19:21:37	18,44	-0,05	28,19	38,17	1509,23
399	16.09.2025 19:21:38	18,44	-0,05	28,17	38,14	1509,20
400	16.09.2025 19:21:39	18,41	-0,05	28,19	38,14	1509,14
401	16.09.2025 19:21:40	18,38	-0,03	28,23	38,17	1509,10
402	16.09.2025 19:21:41	18,38	-0,05	28,21	38,14	1509,07
403	16.09.2025 19:21:42	18,35	-0,03	28,25	38,17	1509,04
404	16.09.2025 19:21:43	18,35	-0,03	28,25	38,17	1509,04
405	16.09.2025 19:21:44	18,32	-0,01	28,27	38,17	1508,98
406	16.09.2025 19:21:45	18,32	-0,01	28,27	38,17	1508,98
407	16.09.2025 19:21:46	18,32	0,01	28,27	38,17	1508,98
408	16.09.2025 19:21:47	18,29	0,04	28,29	38,17	1508,92
409	16.09.2025 19:21:48	18,29	0,03	28,29	38,17	1508,92
410	16.09.2025 19:21:49	18,26	0,03	28,27	38,11	1508,80
411	16.09.2025 19:21:50	18,26	0,04	28,31	38,17	1508,85
412	16.09.2025 19:21:51	18,26	0,06	28,31	38,17	1508,86
413	16.09.2025 19:21:52	18,23	0,10	28,33	38,17	1508,80
414	16.09.2025 19:21:53	18,23	0,12	28,33	38,17	1508,80
415	16.09.2025 19:21:54	18,23	0,13	28,33	38,17	1508,80
416	16.09.2025 19:21:55	18,20	0,12	28,35	38,17	1508,74
417	16.09.2025 19:21:56	18,20	0,12	28,35	38,17	1508,74
418	16.09.2025 19:21:57	18,17	0,12	28,37	38,17	1508,67
419	16.09.2025 19:21:58	18,17	0,10	28,37	38,17	1508,67
420	16.09.2025 19:21:59	18,17	0,10	28,37	38,17	1508,67
421	16.09.2025 19:22:00	18,17	0,10	28,37	38,17	1508,67
422	16.09.2025 19:22:01	18,14	0,10	28,39	38,17	1508,60
423	16.09.2025 19:22:02	18,14	0,06	28,39	38,17	1508,60
424	16.09.2025 19:22:03	18,14	0,04	27,81	37,46	1507,93
425	16.09.2025 19:22:04	18,11	0,03	28,41	38,17	1508,53
426	16.09.2025 19:22:05	18,11	0,01	28,41	38,17	1508,52
427	16.09.2025 19:22:06	18,11	0,01	28,41	38,17	1508,52
428	16.09.2025 19:22:07	18,11	0,03	28,41	38,17	1508,53
429	16.09.2025 19:22:08	18,08	0,03	28,43	38,17	1508,46
430	16.09.2025 19:22:09	18,08	0,04	28,43	38,17	1508,46
431	16.09.2025 19:22:10	18,08	0,04	28,43	38,17	1508,46
432	16.09.2025 19:22:11	18,08	0,06	28,43	38,17	1508,47
433	16.09.2025 19:22:12	18,08	0,08	28,43	38,17	1508,47
434	16.09.2025 19:22:13	18,05	0,08	28,45	38,17	1508,41
435	16.09.2025 19:22:14	18,05	0,08	28,45	38,16	1508,41
436	16.09.2025 19:22:15	18,05	0,10	28,45	38,16	1508,41
437	16.09.2025 19:22:16	18,05	0,12	28,45	38,16	1508,41
438	16.09.2025 19:22:17	18,05	0,13	28,45	38,16	1508,41
439	16.09.2025 19:22:18	18,02	0,15	28,47	38,16	1508,35
440	16.09.2025 19:22:19	18,02	0,17	28,47	38,16	1508,35
441	16.09.2025 19:22:20	18,02	0,19	28,50	38,19	1508,38
442	16.09.2025 19:22:21	18,02	0,21	28,47	38,16	1508,36
443	16.09.2025 19:22:22	18,02	0,24	28,47	38,16	1508,37
444	16.09.2025 19:22:23	18,02	0,22	28,47	38,16	1508,36
445	16.09.2025 19:22:24	18,02	0,21	28,47	38,16	1508,36
446	16.09.2025 19:22:25	18,02	0,22	28,47	38,16	1508,36
447	16.09.2025 19:22:26	17,99	0,22	28,49	38,16	1508,30
448	16.09.2025 19:22:27	17,99	0,24	28,49	38,16	1508,30
449	16.09.2025 19:22:28	17,99	0,24	28,49	38,16	1508,30
450	16.09.2025 19:22:29	17,99	0,22	28,49	38,16	1508,30
451	16.09.2025 19:22:30	17,99	0,19	28,49	38,16	1508,29
452	16.09.2025 19:22:31	17,99	0,15	28,52	38,19	1508,31
453	16.09.2025 19:22:32	17,99	0,12	28,52	38,19	1508,31
454	16.09.2025 19:22:33	17,99	0,12	28,52	38,19	1508,31
455	16.09.2025 19:22:34	17,99	0,08	28,49	38,16	1508,28
456	16.09.2025 19:22:35	17,96	0,08	28,51	38,16	1508,21
457	16.09.2025 19:22:36	17,96	0,08	28,51	38,16	1508,21
458	16.09.2025 19:22:37	17,96	0,10	28,51	38,16	1508,21
459	16.09.2025 19:22:38	17,96	0,08	28,54	38,19	1508,24
460	16.09.2025 19:22:39	17,96	0,06	28,51	38,16	1508,21
461	16.09.2025 19:22:40	17,96	0,04	28,54	38,19	1508,23
462	16.09.2025 19:22:41	17,96	0,06	28,51	38,16	1508,21
463	16.09.2025 19:22:42	17,96	0,06	28,54	38,19	1508,23
464	16.09.2025 19:22:43	17,96	0,06	28,54	38,19	1508,23
465	16.09.2025 19:22:44	17,96	0,04	28,51	38,16	1508,20
466	16.09.2025 19:22:45	17,93	0,06	28,53	38,16	1508,14
467	16.09.2025 19:22:46	17,93	0,04	28,56	38,19	1508,17
468	16.09.2025 19:22:47	17,93	0,06	28,56	38,19	1508,17
469	16.09.2025 19:22:48	17,93	0,06	28,56	38,19	1508,17
470	16.09.2025 19:22:49	17,93	0,06	28,56	38,19	1508,17
471	16.09.2025 19:22:50	17,93	0,08	28,56	38,19	1508,17
472	16.09.2025 19:22:51	17,93	0,08	28,56	38,19	1508,17
473	16.09.2025 19:22:52	17,93	0,06	28,56	38,19	1508,17
474	16.09.2025 19:22:53	17,93	0,04	28,56	38,19	1508,17
475	16.09.2025 19:22:54	17,93	0,03	28,56	38,19	1508,16
476	16.09.2025 19:22:55	17,93	0,04	28,53	38,16	1508,14
477	16.09.2025 19:22:56	17,93	0,04	28,56	38,19	1508,17
478	16.09.2025 19:22:57	17,93	0,06	28,53	38,16	1508,14
479	16.09.2025 19:22:58	17,93	0,03	28,56	38,19	1508,16
480	16.09.2025 19:22:59	17,93	0,01	28,53	38,16	1508,13
481	16.09.2025 19:23:00	17,91	0,01	28,58	38,19	1508,09
482	16.09.2025 19:23:01	17,93	0,01	28,56	38,19	1508,16
483	16.09.2025 19:23:02	17,91	0,01	28,58	38,19	1508,09
484	16.09.2025 19:23:03	17,91	0,01	28,58	38,19	1508,09
485	16.09.2025 19:23:04	17,91	-0,01	28,58	38,19	1508,09
486	16.09.2025 19:23:05	17,91	-0,03	28,58	38,19	1508,09
487	16.09.2025 19:23:06	17,91	-0,05	28,58	38,19	1508,09
488	16.09.2025 19:23:07	17,91	-0,05	28,55	38,16	1508,06
489	16.09.2025 19:23:08	17,91	-0,03	28,55	38,16	1508,06
490	16.09.2025 19:23:09	17,91	-0,01	28,58	38,19	1508,09
491	16.09.2025 19:23:10	17,91	-0,01	28,55	38,16	1508,06
492	16.09.2025 19:23:11	17,91	-0,03	28,55	38,16	1508,06
493	16.09.2025 19:23:12	17,91	-0,03	28,55	38,16	1508,06
494	16.09.2025 19:23:13	17,91	-0,03	28,55	38,16	1508,06
495	16.09.2025 19:23:14	17,91	-0,03	28,55	38,16	1508,06
496	16.09.2025 19:23:15	17,91	-0,05	28,55	38,16	1508,06
497	16.09.2025 19:23:16	17,91	-0,03	28,55	38,16	1508,06
498	16.09.2025 19:23:17	17,91	-0,05	28,55	38,16	1508,06
499	16.09.2025 19:23:18	17,91	-0,06	28,58	38,19	1508,08
500	16.09.2025 19:23:19	17,91	-0,06	28,55	38,16	1508,06
501	16.09.2025 19:23:20	17,91	-0,08	28,55	38,16	1508,05
502	16.09.2025 19:23:21	17,91	-0,06	28,55	38,16	1508,06
503	16.09.2025 19:23:22	17,91	-0,08	28,55	38,16	1508,05
504	16.09.2025 19:23:23	17,91	-0,08	28,39	37,97	1507,86
505	16.09.2025 19:23:24	17,91	-0,08	17,56	24,55	1495,33
506	16.09.2025 19:23:25	17,91	-0,08	18,48	25,72	1496,40
507	16.09.2025 19:23:26	17,88	-0,08	18,49	25,72	1496,32
508	16.09.2025 19:23:27	17,88	-0,10	18,47	25,69	1496,29
509	16.09.2025 19:23:28	17,88	-0,08	18,47	25,69	1496,29
510	16.09.2025 19:23:29	17,88	-0,08	18,47	25,69	1496,29
511	16.09.2025 19:23:30	17,85	-0,08	18,50	25,72	1496,24
512	16.09.2025 19:23:31	17,85	-0,08	18,46	25,66	1496,19
513	16.09.2025 19:23:32	17,85	-0,08	18,34	25,52	1496,06
514	16.09.2025 19:23:33	17,85	-0,06	18,48	25,69	1496,22
515	16.09.2025 19:23:34	17,82	-0,06	18,47	25,66	1496,12
516	16.09.2025 19:23:35	17,82	-0,08	18,47	25,66	1496,11
517	16.09.2025 19:23:36	17,82	-0,08	18,45	25,63	1496,09
518	16.09.2025 19:23:37	17,79	-0,06	18,44	25,61	1495,99
519	16.09.2025 19:23:38	17,79	-0,08	18,44	25,61	1495,99
520	16.09.2025 19:23:39	17,79	-0,06	18,44	25,61	1495,99
521	16.09.2025 19:23:40	17,79	-0,08	18,42	25,58	1495,96
522	16.09.2025 19:23:41	17,79	-0,06	27,56	36,87	1506,55
523	16.09.2025 19:23:42	17,79	-0,05	28,64	38,16	1507,80
524	16.09.2025 19:23:43	17,82	-0,03	28,61	38,16	1507,87
525	16.09.2025 19:23:44	17,82	-0,08	28,22	37,68	1507,40
526	16.09.2025 19:23:45	17,85	-0,08	28,36	37,88	1507,65
527	16.09.2025 19:23:46	17,85	-0,08	8,88	13,10	1485,11
528	16.09.2025 19:23:47	17,82	-0,08	28,62	38,16	1507,86
529	16.09.2025 19:23:48	17,85	-0,08	28,59	38,16	1507,92
530	16.09.2025 19:23:49	17,85	-0,08	28,59	38,16	1507,92
531	16.09.2025 19:23:50	17,85	-0,08	28,59	38,16	1507,92
532	16.09.2025 19:23:51	17,85	-0,08	28,59	38,16	1507,92
533	16.09.2025 19:23:52	17,85	-0,05	28,59	38,16	1507,93
534	16.09.2025 19:23:53	17,88	-0,06	28,57	38,16	1507,99
535	16.09.2025 19:23:54	17,88	-0,06	28,57	38,16	1507,99
536	16.09.2025 19:23:55	17,88	-0,06	28,57	38,16	1507,99
537	16.09.2025 19:23:56	17,88	-0,05	28,57	38,16	1507,99
538	16.09.2025 19:23:57	17,88	-0,06	28,57	38,16	1507,99
539	16.09.2025 19:23:58	17,88	-0,05	28,57	38,16	1507,99
540	16.09.2025 19:23:59	17,88	-0,06	28,57	38,16	1507,99
541	16.09.2025 19:24:00	17,88	-0,06	28,57	38,16	1507,99
542	16.09.2025 19:24:01	17,88	-0,06	28,57	38,16	1507,99
543	16.09.2025 19:24:02	17,88	-0,06	28,57	38,16	1507,99
544	16.09.2025 19:24:03	17,88	-0,06	28,57	38,16	1507,99
545	16.09.2025 19:24:04	17,88	-0,05	28,57	38,16	1507,99
546	16.09.2025 19:24:05	17,88	-0,06	28,57	38,16	1507,99
547	16.09.2025 19:24:06	17,88	-0,03	28,57	38,16	1508,00
548	16.09.2025 19:24:07	17,88	-0,05	28,57	38,16	1507,99
549	16.09.2025 19:24:08	17,88	-0,06	28,57	38,16	1507,99
550	16.09.2025 19:24:09	17,88	-0,05	28,57	38,16	1507,99
551	16.09.2025 19:24:10	17,88	-0,05	28,57	38,16	1507,99
552	16.09.2025 19:24:11	17,88	-0,05	28,57	38,16	1507,99
553	16.09.2025 19:24:12	17,88	-0,05	28,57	38,16	1507,99
554	16.09.2025 19:24:13	17,88	-0,05	28,57	38,16	1507,99
555	16.09.2025 19:24:14	17,88	-0,06	28,57	38,16	1507,99
556	16.09.2025 19:24:15	17,88	-0,06	28,57	38,16	1507,99
557	16.09.2025 19:24:16	17,88	-0,05	28,57	38,16	1507,99
558	16.09.2025 19:24:17	17,88	-0,05	28,57	38,16	1507,99
559	16.09.2025 19:24:18	17,88	-0,06	28,57	38,16	1507,99
560	16.09.2025 19:24:19	17,88	-0,05	28,57	38,16	1507,99
561	16.09.2025 19:24:20	17,88	-0,05	28,57	38,16	1507,99
562	16.09.2025 19:24:21	17,88	-0,05	28,57	38,16	1507,99
563	16.09.2025 19:24:22	17,88	-0,06	28,57	38,16	1507,99
564	16.09.2025 19:24:23	17,88	-0,05	28,57	38,16	1507,99
565	16.09.2025 19:24:24	17,88	-0,05	28,57	38,16	1507,99
566	16.09.2025 19:24:25	17,88	-0,06	28,57	38,16	1507,99
567	16.09.2025 19:24:26	17,88	-0,05	28,57	38,16	1507,99
568	16.09.2025 19:24:27	17,88	-0,06	28,57	38,16	1507,99
569	16.09.2025 19:24:28	17,88	-0,05	28,57	38,16	1507,99
570	16.09.2025 19:24:29	17,88	-0,06	28,57	38,16	1507,99
571	16.09.2025 19:24:30	17,88	-0,05	28,57	38,16	1507,99
572	16.09.2025 19:24:31	17,88	-0,03	28,57	38,16	1508,00
573	16.09.2025 19:24:32	17,88	-0,01	28,57	38,16	1508,00
574	16.09.2025 19:24:33	17,88	-0,03	28,57	38,16	1508,00
575	16.09.2025 19:24:34	17,88	-0,01	28,57	38,16	1508,00
576	16.09.2025 19:24:35	17,88	0,01	28,57	38,16	1508,00
577	16.09.2025 19:24:36	17,88	0,03	28,57	38,16	1508,01
578	16.09.2025 19:24:37	17,88	0,04	28,57	38,16	1508,01
579	16.09.2025 19:24:38	17,88	0,04	28,57	38,16	1508,01
580	16.09.2025 19:24:39	17,88	0,04	28,57	38,16	1508,01
581	16.09.2025 19:24:40	17,88	0,04	28,57	38,16	1508,01
582	16.09.2025 19:24:41	17,88	0,04	28,57	38,16	1508,01
583	16.09.2025 19:24:42	17,88	0,08	28,57	38,16	1508,01
584	16.09.2025 19:24:43	17,88	0,08	28,57	38,16	1508,01
585	16.09.2025 19:24:44	17,88	0,10	28,57	38,16	1508,02
586	16.09.2025 19:24:45	17,88	0,10	28,57	38,16	1508,02
587	16.09.2025 19:24:46	17,88	0,10	28,57	38,16	1508,02
588	16.09.2025 19:24:47	17,88	0,12	28,57	38,16	1508,02
589	16.09.2025 19:24:48	17,88	0,15	28,57	38,16	1508,03
590	16.09.2025 19:24:49	17,88	0,15	28,57	38,16	1508,03
591	16.09.2025 19:24:50	17,88	0,15	28,60	38,19	1508,05
592	16.09.2025 19:24:51	17,88	0,15	28,57	38,16	1508,03
593	16.09.2025 19:24:52	17,88	0,17	28,57	38,16	1508,03
594	16.09.2025 19:24:53	17,88	0,21	28,57	38,16	1508,03
595	16.09.2025 19:24:54	17,88	0,21	28,57	38,16	1508,03
596	16.09.2025 19:24:55	17,88	0,22	28,57	38,16	1508,04
597	16.09.2025 19:24:56	17,88	0,24	28,60	38,19	1508,07
598	16.09.2025 19:24:57	17,88	0,26	28,60	38,19	1508,07
599	16.09.2025 19:24:58	17,88	0,26	28,57	38,16	1508,04
600	16.09.2025 19:24:59	17,88	0,28	28,57	38,16	1508,04
601	16.09.2025 19:25:00	17,88	0,30	28,60	38,19	1508,07
602	16.09.2025 19:25:01	17,88	0,30	28,57	38,16	1508,05
603	16.09.2025 19:25:02	17,88	0,30	28,57	38,16	1508,05
604	16.09.2025 19:25:03	17,88	0,33	28,57	38,16	1508,05
605	16.09.2025 19:25:04	17,91	0,35	28,55	38,16	1508,12
606	16.09.2025 19:25:05	17,91	0,35	28,55	38,16	1508,12
607	16.09.2025 19:25:06	17,91	0,37	28,55	38,16	1508,12
608	16.09.2025 19:25:07	17,91	0,38	28,55	38,16	1508,13
609	16.09.2025 19:25:08	17,91	0,40	28,55	38,16	1508,13
610	16.09.2025 19:25:09	17,91	0,44	28,55	38,16	1508,14
611	16.09.2025 19:25:10	17,91	0,44	28,58	38,19	1508,16
612	16.09.2025 19:25:11	17,88	0,47	28,60	38,19	1508,10
613	16.09.2025 19:25:12	17,91	0,47	28,55	38,16	1508,14
614	16.09.2025 19:25:13	17,91	0,51	28,58	38,19	1508,17
615	16.09.2025 19:25:14	17,91	0,54	28,58	38,19	1508,18
616	16.09.2025 19:25:15	17,91	0,56	28,58	38,19	1508,18
617	16.09.2025 19:25:16	17,91	0,58	28,58	38,19	1508,19
618	16.09.2025 19:25:17	17,91	0,56	28,58	38,19	1508,18
619	16.09.2025 19:25:18	17,91	0,62	28,58	38,19	1508,19
620	16.09.2025 19:25:19	17,91	0,62	28,60	38,22	1508,22
621	16.09.2025 19:25:20	17,88	0,63	28,64	38,25	1508,18
622	16.09.2025 19:25:21	17,88	0,65	28,64	38,25	1508,18
623	16.09.2025 19:25:22	17,88	0,69	28,62	38,22	1508,16
624	16.09.2025 19:25:23	17,85	0,68	28,64	38,22	1508,10
625	16.09.2025 19:25:24	17,85	0,72	28,64	38,22	1508,10
626	16.09.2025 19:25:25	17,82	0,74	28,66	38,22	1508,04
627	16.09.2025 19:25:26	17,82	0,77	28,66	38,22	1508,05
628	16.09.2025 19:25:27	17,82	0,81	28,66	38,22	1508,05
629	16.09.2025 19:25:28	17,79	0,84	28,68	38,22	1507,99
630	16.09.2025 19:25:29	17,79	0,86	28,68	38,22	1507,99
631	16.09.2025 19:25:30	17,79	0,88	28,68	38,22	1508,00
632	16.09.2025 19:25:31	17,76	0,91	28,70	38,22	1507,94
633	16.09.2025 19:25:32	17,76	0,93	28,70	38,22	1507,94
634	16.09.2025 19:25:33	17,76	0,91	28,70	38,22	1507,94
635	16.09.2025 19:25:34	17,76	0,93	28,70	38,22	1507,94
636	16.09.2025 19:25:35	17,73	0,95	28,72	38,22	1507,88
637	16.09.2025 19:25:36	17,73	0,96	28,72	38,22	1507,88
638	16.09.2025 19:25:37	17,73	0,93	28,72	38,22	1507,87
639	16.09.2025 19:25:38	17,73	0,93	28,72	38,22	1507,87
640	16.09.2025 19:25:39	17,73	0,95	28,72	38,22	1507,88
641	16.09.2025 19:25:40	17,73	0,95	28,72	38,22	1507,88
642	16.09.2025 19:25:41	17,70	0,94	28,74	38,21	1507,81
643	16.09.2025 19:25:42	17,70	0,96	28,74	38,21	1507,81
644	16.09.2025 19:25:43	17,70	0,98	28,74	38,21	1507,82
645	16.09.2025 19:25:44	17,70	1,00	28,74	38,21	1507,82
646	16.09.2025 19:25:45	17,70	1,02	28,74	38,21	1507,82
647	16.09.2025 19:25:46	17,70	1,02	28,76	38,24	1507,85
648	16.09.2025 19:25:47	17,67	1,03	28,83	38,30	1507,84
649	16.09.2025 19:25:48	17,67	1,05	28,86	38,33	1507,87
650	16.09.2025 19:25:49	17,64	1,07	28,85	38,30	1507,78
651	16.09.2025 19:25:50	17,64	1,07	28,85	38,30	1507,78
652	16.09.2025 19:25:51	17,64	1,07	28,85	38,30	1507,78
653	16.09.2025 19:25:52	17,61	1,06	28,87	38,30	1507,72
654	16.09.2025 19:25:53	17,61	1,05	28,87	38,30	1507,71
655	16.09.2025 19:25:54	17,61	1,05	28,87	38,30	1507,71
656	16.09.2025 19:25:55	17,61	1,05	28,87	38,30	1507,71
657	16.09.2025 19:25:56	17,61	1,05	28,87	38,30	1507,71
658	16.09.2025 19:25:57	17,61	1,03	28,85	38,27	1507,68
659	16.09.2025 19:25:58	17,61	1,05	28,83	38,24	1507,66
660	16.09.2025 19:25:59	17,61	1,03	28,83	38,24	1507,66
661	16.09.2025 19:26:00	17,61	1,03	28,80	38,21	1507,63
662	16.09.2025 19:26:01	17,61	1,01	28,80	38,21	1507,62
663	16.09.2025 19:26:02	17,61	1,01	28,80	38,21	1507,62
664	16.09.2025 19:26:03	17,61	1,03	28,80	38,21	1507,63
665	16.09.2025 19:26:04	17,61	1,01	28,80	38,21	1507,62
666	16.09.2025 19:26:05	17,61	1,03	28,80	38,21	1507,63
667	16.09.2025 19:26:06	17,61	1,01	28,80	38,21	1507,62
668	16.09.2025 19:26:07	17,61	1,01	28,80	38,21	1507,62
669	16.09.2025 19:26:08	17,61	0,99	28,80	38,21	1507,62
670	16.09.2025 19:26:09	17,61	0,99	28,80	38,21	1507,62
671	16.09.2025 19:26:10	17,61	0,99	28,80	38,21	1507,62
672	16.09.2025 19:26:11	17,61	0,99	28,80	38,21	1507,62
673	16.09.2025 19:26:12	17,61	0,99	28,80	38,21	1507,62
674	16.09.2025 19:26:13	17,61	0,99	28,80	38,21	1507,62
675	16.09.2025 19:26:14	17,61	0,99	28,80	38,21	1507,62
676	16.09.2025 19:26:15	17,61	0,99	28,80	38,21	1507,62
677	16.09.2025 19:26:16	17,61	0,99	28,80	38,21	1507,62
678	16.09.2025 19:26:17	17,61	1,01	28,80	38,21	1507,62
679	16.09.2025 19:26:18	17,61	1,01	28,80	38,21	1507,62
680	16.09.2025 19:26:19	17,61	1,01	28,80	38,21	1507,62
681	16.09.2025 19:26:20	17,58	1,05	28,85	38,24	1507,59
682	16.09.2025 19:26:21	17,58	1,05	28,85	38,24	1507,59
683	16.09.2025 19:26:22	17,58	1,05	28,87	38,27	1507,62
684	16.09.2025 19:26:23	17,55	1,08	28,87	38,24	1507,53
685	16.09.2025 19:26:24	17,55	1,06	28,84	38,21	1507,50
686	16.09.2025 19:26:25	17,52	1,06	28,79	38,13	1507,35
687	16.09.2025 19:26:26	17,49	1,08	28,81	38,13	1507,29
688	16.09.2025 19:26:27	17,46	1,11	28,76	38,04	1507,15
689	16.09.2025 19:26:28	17,43	1,13	28,69	37,93	1506,97
690	16.09.2025 19:26:29	17,40	1,11	28,47	37,65	1506,63
691	16.09.2025 19:26:30	17,31	1,08	28,23	37,28	1506,07
692	16.09.2025 19:26:31	17,19	1,13	28,24	37,19	1505,72
693	16.09.2025 19:26:32	17,04	1,16	28,29	37,13	1505,34
694	16.09.2025 19:26:33	16,95	1,19	28,33	37,11	1505,11
695	16.09.2025 19:26:34	16,86	1,24	28,35	37,05	1504,86
696	16.09.2025 19:26:35	16,77	1,24	28,36	36,99	1504,60
697	16.09.2025 19:26:36	16,68	1,27	28,35	36,90	1504,31
698	16.09.2025 19:26:37	16,59	1,30	28,37	36,85	1504,05
699	16.09.2025 19:26:38	16,53	1,31	28,36	36,79	1503,86
700	16.09.2025 19:26:39	16,44	1,33	28,40	36,76	1503,63
701	16.09.2025 19:26:40	16,38	1,36	28,41	36,73	1503,47
702	16.09.2025 19:26:41	16,35	1,37	28,34	36,62	1503,29
703	16.09.2025 19:26:42	16,26	1,37	28,31	36,50	1502,97
704	16.09.2025 19:26:43	16,17	1,40	28,34	36,47	1502,73
705	16.09.2025 19:26:44	16,11	1,43	28,36	36,44	1502,57
706	16.09.2025 19:26:45	16,02	1,43	28,38	36,39	1502,30
707	16.09.2025 19:26:46	15,96	1,46	28,35	36,30	1502,08
708	16.09.2025 19:26:47	15,89	1,46	28,31	36,22	1501,85
709	16.09.2025 19:26:48	15,77	1,49	28,35	36,16	1501,52
710	16.09.2025 19:26:49	15,68	1,52	28,37	36,10	1501,25
711	16.09.2025 19:26:50	15,59	1,53	28,38	36,04	1500,98
712	16.09.2025 19:26:51	15,50	1,56	28,37	35,96	1500,69
713	16.09.2025 19:26:52	15,44	1,60	28,29	35,81	1500,40
714	16.09.2025 19:26:53	15,32	1,59	28,25	35,67	1499,97
715	16.09.2025 19:26:54	15,20	1,62	28,29	35,61	1499,62
716	16.09.2025 19:26:55	15,07	1,65	28,33	35,56	1499,28
717	16.09.2025 19:26:56	14,98	1,68	28,34	35,50	1499,01
718	16.09.2025 19:26:57	14,89	1,69	28,31	35,38	1498,67
719	16.09.2025 19:26:58	14,80	1,72	28,27	35,27	1498,34
720	16.09.2025 19:26:59	14,65	1,72	28,18	35,04	1497,73
721	16.09.2025 19:27:00	14,49	1,78	28,21	34,95	1497,28
722	16.09.2025 19:27:01	14,37	1,81	28,22	34,87	1496,90
723	16.09.2025 19:27:02	14,25	1,82	28,18	34,73	1496,45
724	16.09.2025 19:27:03	14,09	1,85	28,02	34,42	1495,74
725	16.09.2025 19:27:04	13,91	1,81	27,69	33,91	1494,73
726	16.09.2025 19:27:05	13,63	1,86	27,46	33,43	1493,52
727	16.09.2025 19:27:06	13,32	1,90	27,41	33,14	1492,43
728	16.09.2025 19:27:07	13,01	1,97	27,51	32,99	1491,50
729	16.09.2025 19:27:08	12,72	2,03	27,52	32,79	1490,56
730	16.09.2025 19:27:09	12,50	2,06	27,47	32,56	1489,75
731	16.09.2025 19:27:10	12,25	2,08	27,47	32,36	1488,87
732	16.09.2025 19:27:11	12,03	2,12	27,55	32,27	1488,21
733	16.09.2025 19:27:12	11,81	2,18	27,65	32,21	1487,57
734	16.09.2025 19:27:13	11,65	2,19	27,47	31,90	1486,79
735	16.09.2025 19:27:14	11,46	2,17	26,81	31,05	1485,29
736	16.09.2025 19:27:15	11,17	2,22	26,80	30,83	1484,27
737	16.09.2025 19:27:16	10,85	2,28	26,81	30,59	1483,13
738	16.09.2025 19:27:17	10,56	2,32	26,85	30,42	1482,14
739	16.09.2025 19:27:18	10,30	2,36	26,95	30,33	1481,33
740	16.09.2025 19:27:19	10,07	2,40	27,04	30,24	1480,60
741	16.09.2025 19:27:20	9,88	2,41	26,98	30,04	1479,82
742	16.09.2025 19:27:21	9,68	2,46	27,10	30,01	1479,24
743	16.09.2025 19:27:22	9,48	2,54	27,47	30,23	1478,98
744	16.09.2025 19:27:23	9,35	2,55	27,46	30,12	1478,47
745	16.09.2025 19:27:24	9,18	2,56	27,58	30,11	1478,01
746	16.09.2025 19:27:25	9,05	2,59	27,48	29,91	1477,39
747	16.09.2025 19:27:26	8,89	2,60	27,32	29,63	1476,56
748	16.09.2025 19:27:27	8,69	2,62	27,10	29,26	1475,53
749	16.09.2025 19:27:28	8,45	2,67	27,01	29,00	1474,54
750	16.09.2025 19:27:29	8,22	2,67	27,04	28,86	1473,68
751	16.09.2025 19:27:30	7,98	2,75	27,16	28,80	1472,92
752	16.09.2025 19:27:31	7,78	2,78	27,35	28,82	1472,37
753	16.09.2025 19:27:32	7,57	2,82	27,38	28,70	1471,63
754	16.09.2025 19:27:33	7,40	2,85	27,46	28,65	1471,06
755	16.09.2025 19:27:34	7,27	2,88	27,50	28,59	1470,58
756	16.09.2025 19:27:35	7,13	2,91	27,55	28,53	1470,11
757	16.09.2025 19:27:36	6,96	2,93	27,62	28,47	1469,53
758	16.09.2025 19:27:37	6,82	2,96	27,67	28,41	1469,04
759	16.09.2025 19:27:38	6,68	2,97	27,69	28,32	1468,52
760	16.09.2025 19:27:39	6,58	3,02	27,80	28,35	1468,25
761	16.09.2025 19:27:40	6,44	3,05	27,82	28,26	1467,72
762	16.09.2025 19:27:41	6,30	3,06	28,05	28,37	1467,46
763	16.09.2025 19:27:42	6,19	3,11	28,04	28,28	1467,04
764	16.09.2025 19:27:43	6,09	3,11	27,88	28,06	1466,41
765	16.09.2025 19:27:44	5,95	3,14	28,00	28,05	1465,98
766	16.09.2025 19:27:45	5,84	3,18	28,05	28,03	1465,63
767	16.09.2025 19:27:46	5,70	3,20	28,10	27,97	1465,12
768	16.09.2025 19:27:47	5,59	3,23	28,16	27,94	1464,77
769	16.09.2025 19:27:48	5,49	3,26	28,12	27,82	1464,29
770	16.09.2025 19:27:49	5,34	3,27	28,20	27,79	1463,81
771	16.09.2025 19:27:50	5,24	3,30	28,29	27,79	1463,49
772	16.09.2025 19:27:51	5,09	3,34	28,38	27,76	1463,02
773	16.09.2025 19:27:52	5,02	3,38	28,44	27,76	1462,80
774	16.09.2025 19:27:53	4,92	3,39	28,50	27,73	1462,43
775	16.09.2025 19:27:54	4,81	3,42	28,58	27,72	1462,10
776	16.09.2025 19:27:55	4,74	3,45	28,58	27,67	1461,81
777	16.09.2025 19:27:56	4,63	3,46	28,64	27,64	1461,43
778	16.09.2025 19:27:57	4,52	3,49	28,73	27,64	1461,10
779	16.09.2025 19:27:58	4,45	3,51	28,79	27,63	1460,88
780	16.09.2025 19:27:59	4,37	3,54	28,82	27,60	1460,62
781	16.09.2025 19:28:00	4,30	3,57	28,85	27,57	1460,35
782	16.09.2025 19:28:01	4,19	3,60	28,91	27,54	1459,98
783	16.09.2025 19:28:02	4,12	3,62	28,98	27,54	1459,75
784	16.09.2025 19:28:03	4,04	3,65	29,01	27,51	1459,49
785	16.09.2025 19:28:04	3,97	3,66	29,04	27,48	1459,21
786	16.09.2025 19:28:05	3,90	3,68	29,07	27,45	1458,95
787	16.09.2025 19:28:06	3,82	3,71	29,10	27,42	1458,68
788	16.09.2025 19:28:07	3,75	3,72	29,16	27,42	1458,45
789	16.09.2025 19:28:08	3,64	3,74	29,23	27,39	1458,06
790	16.09.2025 19:28:09	3,60	3,77	29,29	27,42	1457,99
791	16.09.2025 19:28:10	3,53	3,78	29,36	27,42	1457,76
792	16.09.2025 19:28:11	3,45	3,80	29,46	27,45	1457,58
793	16.09.2025 19:28:12	3,42	3,81	29,46	27,42	1457,42
794	16.09.2025 19:28:13	3,34	3,85	29,56	27,44	1457,24
795	16.09.2025 19:28:14	3,31	3,86	29,59	27,44	1457,12
796	16.09.2025 19:28:15	3,27	3,88	29,65	27,47	1457,05
797	16.09.2025 19:28:16	3,23	3,89	29,69	27,47	1456,93
798	16.09.2025 19:28:17	3,19	3,91	29,72	27,47	1456,82
799	16.09.2025 19:28:18	3,16	3,93	29,75	27,47	1456,71
800	16.09.2025 19:28:19	3,12	3,94	29,82	27,50	1456,63
801	16.09.2025 19:28:20	3,08	3,98	29,89	27,52	1456,57
802	16.09.2025 19:28:21	3,04	3,99	29,89	27,49	1456,41
803	16.09.2025 19:28:22	3,01	4,03	29,89	27,46	1456,25
804	16.09.2025 19:28:23	2,97	4,02	29,96	27,49	1456,18
805	16.09.2025 19:28:24	2,89	4,04	30,02	27,49	1455,94
806	16.09.2025 19:28:25	2,86	4,07	30,09	27,52	1455,87
807	16.09.2025 19:28:26	2,82	4,10	30,16	27,55	1455,80
808	16.09.2025 19:28:27	2,78	4,12	30,23	27,57	1455,73
809	16.09.2025 19:28:28	2,78	4,14	30,23	27,57	1455,74
810	16.09.2025 19:28:29	2,74	4,15	30,26	27,57	1455,62
811	16.09.2025 19:28:30	2,71	4,19	30,30	27,57	1455,51
812	16.09.2025 19:28:31	2,71	4,21	30,30	27,57	1455,51
813	16.09.2025 19:28:32	2,67	4,22	30,37	27,60	1455,44
814	16.09.2025 19:28:33	2,63	4,26	30,40	27,60	1455,32
815	16.09.2025 19:28:34	2,63	4,27	30,40	27,60	1455,33
816	16.09.2025 19:28:35	2,59	4,29	30,47	27,63	1455,25
817	16.09.2025 19:28:36	2,55	4,32	30,54	27,65	1455,19
818	16.09.2025 19:28:37	2,55	4,34	30,51	27,63	1455,14
819	16.09.2025 19:28:38	2,52	4,37	30,58	27,65	1455,07
820	16.09.2025 19:28:39	2,52	4,39	30,58	27,65	1455,08
821	16.09.2025 19:28:40	2,48	4,41	30,61	27,65	1454,96
822	16.09.2025 19:28:41	2,48	4,44	30,61	27,65	1454,97
823	16.09.2025 19:28:42	2,44	4,46	30,65	27,65	1454,85
824	16.09.2025 19:28:43	2,44	4,48	30,68	27,68	1454,90
825	16.09.2025 19:28:44	2,40	4,51	30,72	27,68	1454,78
826	16.09.2025 19:28:45	2,40	4,53	30,72	27,68	1454,78
827	16.09.2025 19:28:46	2,36	4,55	30,79	27,71	1454,71
828	16.09.2025 19:28:47	2,36	4,56	30,79	27,71	1454,72
829	16.09.2025 19:28:48	2,33	4,58	30,86	27,73	1454,64
830	16.09.2025 19:28:49	2,33	4,61	30,86	27,73	1454,65
831	16.09.2025 19:28:50	2,33	4,63	30,93	27,79	1454,74
832	16.09.2025 19:28:51	2,29	4,65	31,00	27,82	1454,67
833	16.09.2025 19:28:52	2,29	4,68	31,00	27,82	1454,68
834	16.09.2025 19:28:53	2,29	4,72	31,00	27,82	1454,68
835	16.09.2025 19:28:54	2,29	4,76	31,07	27,87	1454,78
836	16.09.2025 19:28:55	2,25	4,77	31,10	27,87	1454,66
837	16.09.2025 19:28:56	2,25	4,79	31,10	27,87	1454,66
838	16.09.2025 19:28:57	2,25	4,83	31,10	27,87	1454,67
839	16.09.2025 19:28:58	2,25	4,86	31,10	27,87	1454,67
840	16.09.2025 19:28:59	2,21	4,86	31,14	27,87	1454,56
841	16.09.2025 19:29:00	2,21	4,90	31,17	27,90	1454,61
842	16.09.2025 19:29:01	2,21	4,91	31,17	27,90	1454,61
843	16.09.2025 19:29:02	2,17	4,93	31,24	27,93	1454,54
844	16.09.2025 19:29:03	2,17	4,96	31,24	27,93	1454,54
845	16.09.2025 19:29:04	2,17	4,96	31,21	27,90	1454,50
846	16.09.2025 19:29:05	2,17	5,00	31,21	27,90	1454,50
847	16.09.2025 19:29:06	2,17	5,02	31,21	27,90	1454,51
848	16.09.2025 19:29:07	2,13	5,05	31,25	27,90	1454,39
849	16.09.2025 19:29:08	2,13	5,07	31,28	27,93	1454,44
850	16.09.2025 19:29:09	2,13	5,09	31,28	27,93	1454,44
851	16.09.2025 19:29:10	2,13	5,12	31,28	27,93	1454,45
852	16.09.2025 19:29:11	2,13	5,14	31,28	27,93	1454,45
853	16.09.2025 19:29:12	2,10	5,16	31,32	27,93	1454,33
854	16.09.2025 19:29:13	2,10	5,21	31,32	27,93	1454,34
855	16.09.2025 19:29:14	2,10	5,23	31,32	27,93	1454,34
856	16.09.2025 19:29:15	2,10	5,25	31,32	27,93	1454,35
857	16.09.2025 19:29:16	2,10	5,30	31,31	27,93	1454,35
858	16.09.2025 19:29:17	2,10	5,34	31,31	27,93	1454,36
859	16.09.2025 19:29:18	2,10	5,35	31,31	27,93	1454,36
860	16.09.2025 19:29:19	2,06	5,37	31,35	27,93	1454,25
861	16.09.2025 19:29:20	2,06	5,39	31,35	27,93	1454,25
862	16.09.2025 19:29:21	2,06	5,42	31,35	27,93	1454,25
863	16.09.2025 19:29:22	2,06	5,46	31,35	27,93	1454,26
864	16.09.2025 19:29:23	2,06	5,48	31,35	27,93	1454,26
865	16.09.2025 19:29:24	2,06	5,51	31,35	27,93	1454,27
866	16.09.2025 19:29:25	2,06	5,55	31,35	27,93	1454,27
867	16.09.2025 19:29:26	2,06	5,58	31,35	27,93	1454,28
868	16.09.2025 19:29:27	2,06	5,60	31,35	27,93	1454,28
869	16.09.2025 19:29:28	2,06	5,62	31,35	27,93	1454,28
870	16.09.2025 19:29:29	2,02	5,65	31,39	27,93	1454,17
871	16.09.2025 19:29:30	2,02	5,69	31,39	27,93	1454,17
872	16.09.2025 19:29:31	2,02	5,71	31,39	27,93	1454,18
873	16.09.2025 19:29:32	2,02	5,74	31,39	27,93	1454,18
874	16.09.2025 19:29:33	2,02	5,76	31,39	27,93	1454,19
875	16.09.2025 19:29:34	2,02	5,78	31,42	27,95	1454,23
876	16.09.2025 19:29:35	2,02	5,81	31,39	27,93	1454,19
877	16.09.2025 19:29:36	2,02	5,81	31,39	27,93	1454,19
878	16.09.2025 19:29:37	1,98	5,83	31,42	27,92	1454,08
879	16.09.2025 19:29:38	1,98	5,85	31,46	27,95	1454,12
880	16.09.2025 19:29:39	1,98	5,88	31,46	27,95	1454,13
881	16.09.2025 19:29:40	1,98	5,88	31,42	27,92	1454,08
882	16.09.2025 19:29:41	1,98	5,90	31,46	27,95	1454,13
883	16.09.2025 19:29:42	1,98	5,90	31,46	27,95	1454,13
884	16.09.2025 19:29:43	1,98	5,94	31,42	27,92	1454,09
885	16.09.2025 19:29:44	1,98	5,92	31,42	27,92	1454,09
886	16.09.2025 19:29:45	1,98	5,94	31,42	27,92	1454,09
887	16.09.2025 19:29:46	1,98	5,94	31,46	27,95	1454,14
888	16.09.2025 19:29:47	1,98	5,96	31,46	27,95	1454,14
889	16.09.2025 19:29:48	1,98	5,96	31,42	27,92	1454,09
890	16.09.2025 19:29:49	1,94	5,95	31,46	27,92	1453,97
891	16.09.2025 19:29:50	1,94	5,97	31,49	27,95	1454,02
892	16.09.2025 19:29:51	1,94	5,97	31,46	27,92	1453,98
893	16.09.2025 19:29:52	1,94	5,99	31,46	27,92	1453,98
894	16.09.2025 19:29:53	1,94	5,99	31,49	27,95	1454,03
895	16.09.2025 19:29:54	1,94	5,97	31,49	27,95	1454,02
896	16.09.2025 19:29:55	1,94	5,99	31,49	27,95	1454,03
897	16.09.2025 19:29:56	1,94	5,99	31,49	27,95	1454,03
898	16.09.2025 19:29:57	1,94	6,01	31,49	27,95	1454,03
899	16.09.2025 19:29:58	1,94	5,99	31,49	27,95	1454,03
900	16.09.2025 19:29:59	1,94	5,99	31,49	27,95	1454,03
901	16.09.2025 19:30:00	1,94	6,01	31,49	27,95	1454,03
902	16.09.2025 19:30:01	1,94	6,01	31,46	27,92	1453,98
903	16.09.2025 19:30:02	1,94	6,01	31,49	27,95	1454,03
904	16.09.2025 19:30:03	1,94	6,01	31,49	27,95	1454,03
905	16.09.2025 19:30:04	1,94	6,01	31,49	27,95	1454,03
906	16.09.2025 19:30:05	1,94	6,01	31,49	27,95	1454,03
907	16.09.2025 19:30:06	1,94	6,01	31,49	27,95	1454,03
908	16.09.2025 19:30:07	1,94	6,01	31,46	27,92	1453,98
909	16.09.2025 19:30:08	1,94	6,01	31,49	27,95	1454,03
910	16.09.2025 19:30:09	1,94	6,03	31,49	27,95	1454,03
911	16.09.2025 19:30:10	1,94	6,03	31,46	27,92	1453,98
912	16.09.2025 19:30:11	1,90	6,01	31,53	27,95	1453,91
913	16.09.2025 19:30:12	1,90	6,02	31,53	27,95	1453,91
914	16.09.2025 19:30:13	1,90	6,01	31,53	27,95	1453,91
915	16.09.2025 19:30:14	1,90	6,02	31,53	27,95	1453,91
916	16.09.2025 19:30:15	1,90	6,02	31,50	27,92	1453,86
917	16.09.2025 19:30:16	1,90	6,02	31,53	27,95	1453,91
918	16.09.2025 19:30:17	1,90	6,01	31,50	27,92	1453,86
919	16.09.2025 19:30:18	1,90	6,02	31,53	27,95	1453,91
920	16.09.2025 19:30:19	1,90	6,02	31,53	27,95	1453,91
921	16.09.2025 19:30:20	1,90	6,02	31,53	27,95	1453,91
922	16.09.2025 19:30:21	1,90	6,02	31,53	27,95	1453,91
923	16.09.2025 19:30:22	1,90	6,04	31,53	27,95	1453,91
924	16.09.2025 19:30:23	1,90	6,02	31,53	27,95	1453,91
925	16.09.2025 19:30:24	1,90	6,04	31,53	27,95	1453,91
926	16.09.2025 19:30:25	1,90	6,02	31,53	27,95	1453,91
927	16.09.2025 19:30:26	1,90	6,01	31,53	27,95	1453,91
928	16.09.2025 19:30:27	1,90	6,02	31,53	27,95	1453,91
929	16.09.2025 19:30:28	1,90	6,02	31,50	27,92	1453,86
930	16.09.2025 19:30:29	1,90	6,02	31,53	27,95	1453,91
931	16.09.2025 19:30:30	1,90	6,02	31,50	27,92	1453,86
932	16.09.2025 19:30:31	1,90	6,02	31,50	27,92	1453,86
933	16.09.2025 19:30:32	1,90	6,02	31,50	27,92	1453,86
934	16.09.2025 19:30:33	1,90	6,01	31,50	27,92	1453,86
935	16.09.2025 19:30:34	1,90	6,02	31,50	27,92	1453,86
936	16.09.2025 19:30:35	1,90	6,01	31,50	27,92	1453,86
937	16.09.2025 19:30:36	1,90	6,02	31,53	27,95	1453,91
938	16.09.2025 19:30:37	1,90	6,02	31,53	27,95	1453,91
939	16.09.2025 19:30:38	1,90	6,02	31,53	27,95	1453,91
940	16.09.2025 19:30:39	1,90	6,02	31,53	27,95	1453,91
941	16.09.2025 19:30:40	1,90	6,04	31,53	27,95	1453,91
942	16.09.2025 19:30:41	1,90	6,02	31,53	27,95	1453,91
943	16.09.2025 19:30:42	1,90	6,02	31,50	27,92	1453,86
944	16.09.2025 19:30:43	1,90	6,02	31,53	27,95	1453,91
945	16.09.2025 19:30:44	1,90	6,04	31,50	27,92	1453,87
946	16.09.2025 19:30:45	1,90	6,02	31,50	27,92	1453,86
947	16.09.2025 19:30:46	1,90	6,02	31,50	27,92	1453,86
948	16.09.2025 19:30:47	1,90	6,02	31,53	27,95	1453,91
949	16.09.2025 19:30:48	1,90	6,04	31,53	27,95	1453,91
950	16.09.2025 19:30:49	1,87	6,02	31,53	27,92	1453,74
951	16.09.2025 19:30:50	1,87	6,02	31,57	27,95	1453,79
952	16.09.2025 19:30:51	1,87	6,04	31,57	27,95	1453,79
953	16.09.2025 19:30:52	1,87	6,04	31,53	27,92	1453,74
954	16.09.2025 19:30:53	1,87	6,02	31,53	27,92	1453,74
955	16.09.2025 19:30:54	1,90	6,02	31,53	27,95	1453,91
956	16.09.2025 19:30:55	1,87	6,02	31,53	27,92	1453,74
957	16.09.2025 19:30:56	1,87	6,02	31,50	27,89	1453,70
958	16.09.2025 19:30:57	1,87	6,02	31,57	27,95	1453,79
959	16.09.2025 19:30:58	1,87	6,04	31,53	27,92	1453,74
960	16.09.2025 19:30:59	1,87	6,04	31,53	27,92	1453,74
961	16.09.2025 19:31:00	1,87	6,04	31,53	27,92	1453,74
962	16.09.2025 19:31:01	1,87	6,02	31,53	27,92	1453,74
963	16.09.2025 19:31:02	1,87	6,04	31,57	27,95	1453,79
964	16.09.2025 19:31:03	1,87	6,04	31,53	27,92	1453,74
965	16.09.2025 19:31:04	1,87	6,04	31,57	27,95	1453,79
966	16.09.2025 19:31:05	1,87	6,04	31,57	27,95	1453,79
967	16.09.2025 19:31:06	1,87	6,04	31,57	27,95	1453,79
968	16.09.2025 19:31:07	1,87	6,04	31,57	27,95	1453,79
969	16.09.2025 19:31:08	1,87	6,04	31,53	27,92	1453,74
970	16.09.2025 19:31:09	1,87	6,02	31,53	27,92	1453,74
971	16.09.2025 19:31:10	1,87	6,04	31,53	27,92	1453,74
972	16.09.2025 19:31:11	1,87	6,04	31,53	27,92	1453,74
973	16.09.2025 19:31:12	1,87	6,04	31,57	27,95	1453,79
974	16.09.2025 19:31:13	1,87	6,04	31,57	27,95	1453,79
975	16.09.2025 19:31:14	1,87	6,04	31,53	27,92	1453,74
976	16.09.2025 19:31:15	1,87	6,04	31,57	27,95	1453,79
977	16.09.2025 19:31:16	1,87	6,04	31,57	27,95	1453,79
978	16.09.2025 19:31:17	1,87	6,06	31,57	27,95	1453,79
979	16.09.2025 19:31:18	1,87	6,06	31,57	27,95	1453,79
980	16.09.2025 19:31:19	1,87	6,02	31,53	27,92	1453,74
981	16.09.2025 19:31:20	1,87	6,04	31,57	27,95	1453,79
982	16.09.2025 19:31:21	1,87	6,02	31,57	27,95	1453,79
983	16.09.2025 19:31:22	1,87	6,02	31,57	27,95	1453,79
984	16.09.2025 19:31:23	1,87	6,02	31,53	27,92	1453,74
985	16.09.2025 19:31:24	1,87	6,04	31,57	27,95	1453,79
986	16.09.2025 19:31:25	1,87	6,04	31,57	27,95	1453,79
987	16.09.2025 19:31:26	1,87	6,02	31,57	27,95	1453,79
988	16.09.2025 19:31:27	1,87	6,04	31,57	27,95	1453,79
989	16.09.2025 19:31:28	1,87	6,02	31,53	27,92	1453,74
990	16.09.2025 19:31:29	1,87	6,04	31,57	27,95	1453,79
991	16.09.2025 19:31:30	1,87	6,04	31,57	27,95	1453,79
992	16.09.2025 19:31:31	1,87	6,02	31,53	27,92	1453,74
993	16.09.2025 19:31:32	1,87	6,02	31,57	27,95	1453,79
994	16.09.2025 19:31:33	1,87	6,02	31,57	27,95	1453,79
995	16.09.2025 19:31:34	1,87	6,02	31,57	27,95	1453,79
996	16.09.2025 19:31:35	1,87	6,04	31,57	27,95	1453,79
997	16.09.2025 19:31:36	1,87	6,04	31,57	27,95	1453,79
998	16.09.2025 19:31:37	1,87	6,02	31,57	27,95	1453,79
999	16.09.2025 19:31:38	1,87	6,02	31,57	27,95	1453,79
1000	16.09.2025 19:31:39	1,87	6,04	31,57	27,95	1453,79
1001	16.09.2025 19:31:40	1,87	6,04	31,57	27,95	1453,79
1002	16.09.2025 19:31:41	1,87	6,04	31,57	27,95	1453,79
1003	16.09.2025 19:31:42	1,87	6,04	31,57	27,95	1453,79
1004	16.09.2025 19:31:43	1,87	6,04	31,57	27,95	1453,79
1005	16.09.2025 19:31:44	1,87	6,06	31,57	27,95	1453,79
1006	16.09.2025 19:31:45	1,87	6,02	31,57	27,95	1453,79
1007	16.09.2025 19:31:46	1,87	6,02	31,57	27,95	1453,79
1008	16.09.2025 19:31:47	1,87	6,00	31,53	27,92	1453,74
1009	16.09.2025 19:31:48	1,87	6,02	31,57	27,95	1453,79
1010	16.09.2025 19:31:49	1,87	6,00	31,57	27,95	1453,79
1011	16.09.2025 19:31:50	1,87	6,02	31,57	27,95	1453,79
1012	16.09.2025 19:31:51	1,87	6,00	31,57	27,95	1453,79
1013	16.09.2025 19:31:52	1,87	6,02	31,57	27,95	1453,79
1014	16.09.2025 19:31:53	1,87	6,02	31,57	27,95	1453,79
1015	16.09.2025 19:31:54	1,87	6,02	31,57	27,95	1453,79
1016	16.09.2025 19:31:55	1,87	6,00	31,57	27,95	1453,79
1017	16.09.2025 19:31:56	1,87	6,02	31,57	27,95	1453,79
1018	16.09.2025 19:31:57	1,87	6,02	31,57	27,95	1453,79
1019	16.09.2025 19:31:58	1,87	6,00	31,57	27,95	1453,79
1020	16.09.2025 19:31:59	1,87	6,00	31,57	27,95	1453,79
1021	16.09.2025 19:32:00	1,87	6,02	31,57	27,95	1453,79
1022	16.09.2025 19:32:01	1,87	6,02	31,53	27,92	1453,74
1023	16.09.2025 19:32:02	1,87	6,04	31,57	27,95	1453,79
1024	16.09.2025 19:32:03	1,87	6,02	31,57	27,95	1453,79
1025	16.09.2025 19:32:04	1,87	6,02	31,57	27,95	1453,79
1026	16.09.2025 19:32:05	1,87	6,02	31,57	27,95	1453,79
1027	16.09.2025 19:32:06	1,87	6,04	31,57	27,95	1453,79
1028	16.09.2025 19:32:07	1,87	6,02	31,57	27,95	1453,79
1029	16.09.2025 19:32:08	1,87	6,02	31,57	27,95	1453,79
1030	16.09.2025 19:32:09	1,87	6,02	31,57	27,95	1453,79
1031	16.09.2025 19:32:10	1,87	6,04	31,57	27,95	1453,79
1032	16.09.2025 19:32:11	1,87	6,04	31,57	27,95	1453,79
1033	16.09.2025 19:32:12	1,87	6,04	31,57	27,95	1453,79
1034	16.09.2025 19:32:13	1,87	6,04	31,57	27,95	1453,79
1035	16.09.2025 19:32:14	1,87	6,04	31,57	27,95	1453,79
1036	16.09.2025 19:32:15	1,87	6,04	31,57	27,95	1453,79
1037	16.09.2025 19:32:16	1,87	6,06	31,57	27,95	1453,79
1038	16.09.2025 19:32:17	1,87	6,06	31,57	27,95	1453,79
1039	16.09.2025 19:32:18	1,87	6,04	31,57	27,95	1453,79
1040	16.09.2025 19:32:19	1,87	6,06	31,57	27,95	1453,79
1041	16.09.2025 19:32:20	1,87	6,04	31,57	27,95	1453,79
1042	16.09.2025 19:32:21	1,87	6,04	31,57	27,95	1453,79
1043	16.09.2025 19:32:22	1,87	6,04	31,57	27,95	1453,79
1044	16.09.2025 19:32:23	1,87	6,04	31,57	27,95	1453,79
1045	16.09.2025 19:32:24	1,87	6,04	31,57	27,95	1453,79
1046	16.09.2025 19:32:25	1,87	6,04	31,57	27,95	1453,79
1047	16.09.2025 19:32:26	1,87	6,04	31,57	27,95	1453,79
1048	16.09.2025 19:32:27	1,87	6,04	31,57	27,95	1453,79
1049	16.09.2025 19:32:28	1,87	6,04	31,57	27,95	1453,79
1050	16.09.2025 19:32:29	1,87	6,04	31,57	27,95	1453,79
1051	16.09.2025 19:32:30	1,87	6,04	31,57	27,95	1453,79
1052	16.09.2025 19:32:31	1,87	6,02	31,57	27,95	1453,79
1053	16.09.2025 19:32:32	1,87	6,04	31,53	27,92	1453,74
1054	16.09.2025 19:32:33	1,87	6,04	31,57	27,95	1453,79
1055	16.09.2025 19:32:34	1,87	6,02	31,57	27,95	1453,79
1056	16.09.2025 19:32:35	1,87	6,02	31,57	27,95	1453,79
1057	16.09.2025 19:32:36	1,87	6,04	31,57	27,95	1453,79
1058	16.09.2025 19:32:37	1,87	6,04	31,53	27,92	1453,74
1059	16.09.2025 19:32:38	1,87	6,02	31,57	27,95	1453,79
1060	16.09.2025 19:32:39	1,87	6,02	31,53	27,92	1453,74
1061	16.09.2025 19:32:40	1,87	6,02	31,57	27,95	1453,79
1062	16.09.2025 19:32:41	1,87	6,04	31,57	27,95	1453,79
1063	16.09.2025 19:32:42	1,87	6,04	31,57	27,95	1453,79
1064	16.09.2025 19:32:43	1,87	6,04	31,57	27,95	1453,79
1065	16.09.2025 19:32:44	1,87	6,04	31,57	27,95	1453,79
1066	16.09.2025 19:32:45	1,87	6,02	31,57	27,95	1453,79
1067	16.09.2025 19:32:46	1,87	6,02	31,57	27,95	1453,79
1068	16.09.2025 19:32:47	1,87	6,04	31,57	27,95	1453,79
1069	16.09.2025 19:32:48	1,87	6,04	31,57	27,95	1453,79
1070	16.09.2025 19:32:49	1,87	6,04	31,57	27,95	1453,79
1071	16.09.2025 19:32:50	1,87	6,04	31,57	27,95	1453,79
1072	16.09.2025 19:32:51	1,87	6,04	31,57	27,95	1453,79
1073	16.09.2025 19:32:52	1,87	6,04	31,57	27,95	1453,79
1074	16.09.2025 19:32:53	1,87	6,04	31,57	27,95	1453,79
1075	16.09.2025 19:32:54	1,87	6,04	31,57	27,95	1453,79
1076	16.09.2025 19:32:55	1,87	6,04	31,57	27,95	1453,79
1077	16.09.2025 19:32:56	1,87	6,04	31,57	27,95	1453,79
1078	16.09.2025 19:32:57	1,87	6,04	31,57	27,95	1453,79
1079	16.09.2025 19:32:58	1,87	6,04	31,57	27,95	1453,79
1080	16.09.2025 19:32:59	1,87	6,04	31,57	27,95	1453,79
1081	16.09.2025 19:33:00	1,87	6,04	31,57	27,95	1453,79
1082	16.09.2025 19:33:01	1,87	6,04	31,57	27,95	1453,79
1083	16.09.2025 19:33:02	1,87	6,04	31,57	27,95	1453,79
1084	16.09.2025 19:33:03	1,87	6,06	31,57	27,95	1453,79
1085	16.09.2025 19:33:04	1,87	6,04	31,57	27,95	1453,79
1086	16.09.2025 19:33:05	1,87	6,04	31,57	27,95	1453,79
1087	16.09.2025 19:33:06	1,87	6,04	31,57	27,95	1453,79
1088	16.09.2025 19:33:07	1,87	6,04	31,57	27,95	1453,79
1089	16.09.2025 19:33:08	1,87	6,04	31,57	27,95	1453,79
1090	16.09.2025 19:33:09	1,87	6,04	31,57	27,95	1453,79
1091	16.09.2025 19:33:10	1,87	6,04	31,57	27,95	1453,79
1092	16.09.2025 19:33:11	1,87	6,06	31,57	27,95	1453,79
1093	16.09.2025 19:33:12	1,87	6,04	31,57	27,95	1453,79
1094	16.09.2025 19:33:13	1,87	6,04	31,53	27,92	1453,74
1095	16.09.2025 19:33:14	1,87	6,04	31,57	27,95	1453,79
1096	16.09.2025 19:33:15	1,87	6,04	31,57	27,95	1453,79
1097	16.09.2025 19:33:16	1,87	6,04	31,57	27,95	1453,79
1098	16.09.2025 19:33:17	1,87	6,04	31,57	27,95	1453,79
1099	16.09.2025 19:33:18	1,87	6,04	31,57	27,95	1453,79
1100	16.09.2025 19:33:19	1,87	6,06	31,57	27,95	1453,79
1101	16.09.2025 19:33:20	1,87	6,04	31,57	27,95	1453,79
1102	16.09.2025 19:33:21	1,87	6,04	31,57	27,95	1453,79
1103	16.09.2025 19:33:22	1,87	6,04	31,53	27,92	1453,74
1104	16.09.2025 19:33:23	1,87	6,04	31,57	27,95	1453,79
1105	16.09.2025 19:33:24	1,87	6,04	31,57	27,95	1453,79
1106	16.09.2025 19:33:25	1,87	6,04	31,57	27,95	1453,79
1107	16.09.2025 19:33:26	1,87	6,04	31,57	27,95	1453,79
1108	16.09.2025 19:33:27	1,87	6,04	31,57	27,95	1453,79
1109	16.09.2025 19:33:28	1,87	6,06	31,57	27,95	1453,79
1110	16.09.2025 19:33:29	1,87	6,04	31,57	27,95	1453,79
1111	16.09.2025 19:33:30	1,87	6,04	31,57	27,95	1453,79
1112	16.09.2025 19:33:31	1,87	6,06	31,57	27,95	1453,79
1113	16.09.2025 19:33:32	1,87	6,04	31,53	27,92	1453,74
1114	16.09.2025 19:33:33	1,87	6,04	31,57	27,95	1453,79
1115	16.09.2025 19:33:34	1,87	6,04	31,57	27,95	1453,79
1116	16.09.2025 19:33:35	1,87	6,04	31,57	27,95	1453,79
1117	16.09.2025 19:33:36	1,87	6,04	31,57	27,95	1453,79
1118	16.09.2025 19:33:37	1,87	6,04	31,53	27,92	1453,74
1119	16.09.2025 19:33:38	1,87	6,04	31,57	27,95	1453,79
1120	16.09.2025 19:33:39	1,87	6,04	31,57	27,95	1453,79
1121	16.09.2025 19:33:40	1,87	6,04	31,57	27,95	1453,79
1122	16.09.2025 19:33:41	1,87	6,04	31,57	27,95	1453,79
1123	16.09.2025 19:33:42	1,87	6,04	31,57	27,95	1453,79
1124	16.09.2025 19:33:43	1,87	6,04	31,57	27,95	1453,79
1125	16.09.2025 19:33:44	1,87	6,04	31,57	27,95	1453,79
1126	16.09.2025 19:33:45	1,87	6,04	31,57	27,95	1453,79
1127	16.09.2025 19:33:46	1,87	6,04	31,57	27,95	1453,79
1128	16.09.2025 19:33:47	1,87	6,04	31,57	27,95	1453,79
1129	16.09.2025 19:33:48	1,87	6,04	31,57	27,95	1453,79
1130	16.09.2025 19:33:49	1,87	6,04	31,57	27,95	1453,79
1131	16.09.2025 19:33:50	1,87	6,04	31,53	27,92	1453,74
1132	16.09.2025 19:33:51	1,87	6,04	31,57	27,95	1453,79
1133	16.09.2025 19:33:52	1,87	6,04	31,57	27,95	1453,79
1134	16.09.2025 19:33:53	1,87	6,04	31,57	27,95	1453,79
1135	16.09.2025 19:33:54	1,87	6,06	31,57	27,95	1453,79
1136	16.09.2025 19:33:55	1,87	6,06	31,57	27,95	1453,79
1137	16.09.2025 19:33:56	1,87	6,06	31,57	27,95	1453,79
1138	16.09.2025 19:33:57	1,87	6,04	31,57	27,95	1453,79
1139	16.09.2025 19:33:58	1,87	6,04	31,57	27,95	1453,79
1140	16.09.2025 19:33:59	1,87	6,06	31,57	27,95	1453,79
1141	16.09.2025 19:34:00	1,87	6,04	31,57	27,95	1453,79
1142	16.09.2025 19:34:01	1,87	6,06	31,53	27,92	1453,75
1143	16.09.2025 19:34:02	1,87	6,04	31,53	27,92	1453,74
1144	16.09.2025 19:34:03	1,87	6,06	31,57	27,95	1453,79
1145	16.09.2025 19:34:04	1,87	6,04	31,57	27,95	1453,79
1146	16.09.2025 19:34:05	1,87	6,04	31,57	27,95	1453,79
1147	16.09.2025 19:34:06	1,87	6,04	31,57	27,95	1453,79
1148	16.09.2025 19:34:07	1,87	6,04	31,57	27,95	1453,79
1149	16.09.2025 19:34:08	1,87	6,04	31,57	27,95	1453,79
1150	16.09.2025 19:34:09	1,87	6,04	31,57	27,95	1453,79
1151	16.09.2025 19:34:10	1,87	6,04	31,57	27,95	1453,79
1152	16.09.2025 19:34:11	1,87	6,06	31,57	27,95	1453,79
1153	16.09.2025 19:34:12	1,87	6,04	31,57	27,95	1453,79
1154	16.09.2025 19:34:13	1,87	6,04	31,57	27,95	1453,79
1155	16.09.2025 19:34:14	1,87	6,04	31,57	27,95	1453,79
1156	16.09.2025 19:34:15	1,87	6,06	31,57	27,95	1453,79
1157	16.09.2025 19:34:16	1,87	6,06	31,57	27,95	1453,79
1158	16.09.2025 19:34:17	1,87	6,04	31,57	27,95	1453,79
1159	16.09.2025 19:34:18	1,87	6,04	31,57	27,95	1453,79
1160	16.09.2025 19:34:19	1,87	6,06	31,57	27,95	1453,79
1161	16.09.2025 19:34:20	1,87	6,04	31,57	27,95	1453,79
1162	16.09.2025 19:34:21	1,87	6,04	31,57	27,95	1453,79
1163	16.09.2025 19:34:22	1,87	6,04	31,57	27,95	1453,79
1164	16.09.2025 19:34:23	1,87	6,04	31,57	27,95	1453,79
1165	16.09.2025 19:34:24	1,87	6,04	31,53	27,92	1453,74
1166	16.09.2025 19:34:25	1,87	6,04	31,57	27,95	1453,79
1167	16.09.2025 19:34:26	1,87	6,04	31,57	27,95	1453,79
1168	16.09.2025 19:34:27	1,87	6,04	31,57	27,95	1453,79
1169	16.09.2025 19:34:28	1,87	6,04	31,57	27,95	1453,79
1170	16.09.2025 19:34:29	1,87	6,06	31,57	27,95	1453,79
1171	16.09.2025 19:34:30	1,87	6,04	31,57	27,95	1453,79
1172	16.09.2025 19:34:31	1,87	6,04	31,57	27,95	1453,79
1173	16.09.2025 19:34:32	1,87	6,04	31,57	27,95	1453,79
1174	16.09.2025 19:34:33	1,87	6,04	31,57	27,95	1453,79
1175	16.09.2025 19:34:34	1,87	6,04	31,57	27,95	1453,79
1176	16.09.2025 19:34:35	1,87	6,04	31,57	27,95	1453,79
1177	16.09.2025 19:34:36	1,87	6,04	31,53	27,92	1453,74
1178	16.09.2025 19:34:37	1,87	6,04	31,57	27,95	1453,79
1179	16.09.2025 19:34:38	1,87	6,04	31,53	27,92	1453,74
1180	16.09.2025 19:34:39	1,87	6,04	31,57	27,95	1453,79
1181	16.09.2025 19:34:40	1,87	6,04	31,57	27,95	1453,79
1182	16.09.2025 19:34:41	1,87	6,04	31,57	27,95	1453,79
1183	16.09.2025 19:34:42	1,87	6,04	31,57	27,95	1453,79
1184	16.09.2025 19:34:43	1,87	6,06	31,57	27,95	1453,79
1185	16.09.2025 19:34:44	1,87	6,04	31,57	27,95	1453,79
1186	16.09.2025 19:34:45	1,87	6,04	31,53	27,92	1453,74
1187	16.09.2025 19:34:46	1,87	6,06	31,57	27,95	1453,79
1188	16.09.2025 19:34:47	1,87	6,04	31,57	27,95	1453,79
1189	16.09.2025 19:34:48	1,87	6,06	31,57	27,95	1453,79
1190	16.09.2025 19:34:49	1,87	6,06	31,57	27,95	1453,79
1191	16.09.2025 19:34:50	1,87	6,06	31,57	27,95	1453,79
1192	16.09.2025 19:34:51	1,87	6,06	31,57	27,95	1453,79
1193	16.09.2025 19:34:52	1,87	6,06	31,57	27,95	1453,79
1194	16.09.2025 19:34:53	1,87	6,07	31,57	27,95	1453,80
1195	16.09.2025 19:34:54	1,87	6,06	31,57	27,95	1453,79
1196	16.09.2025 19:34:55	1,87	6,04	31,57	27,95	1453,79
1197	16.09.2025 19:34:56	1,87	6,06	31,57	27,95	1453,79
1198	16.09.2025 19:34:57	1,87	6,04	31,57	27,95	1453,79
1199	16.09.2025 19:34:58	1,87	6,02	31,57	27,95	1453,79
1200	16.09.2025 19:34:59	1,87	6,04	31,57	27,95	1453,79
1201	16.09.2025 19:35:00	1,87	6,00	31,57	27,95	1453,79
1202	16.09.2025 19:35:01	1,87	5,99	31,57	27,95	1453,78
1203	16.09.2025 19:35:02	1,87	6,00	31,57	27,95	1453,79
1204	16.09.2025 19:35:03	1,87	5,97	31,57	27,95	1453,78
1205	16.09.2025 19:35:04	1,87	5,95	31,57	27,95	1453,78
1206	16.09.2025 19:35:05	1,87	5,93	31,53	27,92	1453,73
1207	16.09.2025 19:35:06	1,87	5,91	31,57	27,95	1453,77
1208	16.09.2025 19:35:07	1,87	5,86	31,57	27,95	1453,76
1209	16.09.2025 19:35:08	1,87	5,84	31,57	27,95	1453,76
1210	16.09.2025 19:35:09	1,87	5,81	31,57	27,95	1453,76
1211	16.09.2025 19:35:10	1,87	5,77	31,57	27,95	1453,75
1212	16.09.2025 19:35:11	1,87	5,73	31,57	27,95	1453,74
1213	16.09.2025 19:35:12	1,87	5,70	31,57	27,95	1453,74
1214	16.09.2025 19:35:13	1,87	5,66	31,57	27,95	1453,73
1215	16.09.2025 19:35:14	1,87	5,61	31,57	27,95	1453,72
1216	16.09.2025 19:35:15	1,87	5,56	31,57	27,95	1453,72
1217	16.09.2025 19:35:16	1,87	5,52	31,57	27,95	1453,71
1218	16.09.2025 19:35:17	1,87	5,50	31,57	27,95	1453,71
1219	16.09.2025 19:35:18	1,87	5,47	31,54	27,92	1453,66
1220	16.09.2025 19:35:19	1,87	5,43	31,57	27,95	1453,70
1221	16.09.2025 19:35:20	1,87	5,39	31,57	27,95	1453,69
1222	16.09.2025 19:35:21	1,87	5,38	31,57	27,95	1453,69
1223	16.09.2025 19:35:22	1,87	5,36	31,57	27,95	1453,69
1224	16.09.2025 19:35:23	1,87	5,34	31,54	27,92	1453,64
1225	16.09.2025 19:35:24	1,87	5,32	31,57	27,95	1453,68
1226	16.09.2025 19:35:25	1,87	5,31	31,57	27,95	1453,68
1227	16.09.2025 19:35:26	1,87	5,31	31,57	27,95	1453,68
1228	16.09.2025 19:35:27	1,87	5,29	31,57	27,95	1453,67
1229	16.09.2025 19:35:28	1,87	5,27	31,57	27,95	1453,67
1230	16.09.2025 19:35:29	1,87	5,27	31,57	27,95	1453,67
1231	16.09.2025 19:35:30	1,87	5,27	31,54	27,92	1453,63
1232	16.09.2025 19:35:31	1,87	5,25	31,54	27,92	1453,62
1233	16.09.2025 19:35:32	1,87	5,25	31,54	27,92	1453,62
1234	16.09.2025 19:35:33	1,87	5,25	31,57	27,95	1453,67
1235	16.09.2025 19:35:34	1,87	5,25	31,57	27,95	1453,67
1236	16.09.2025 19:35:35	1,87	5,25	31,57	27,95	1453,67
1237	16.09.2025 19:35:36	1,87	5,27	31,57	27,95	1453,67
1238	16.09.2025 19:35:37	1,87	5,25	31,54	27,92	1453,62
1239	16.09.2025 19:35:38	1,87	5,27	31,57	27,95	1453,67
1240	16.09.2025 19:35:39	1,87	5,29	31,54	27,92	1453,63
1241	16.09.2025 19:35:40	1,87	5,29	31,57	27,95	1453,67
1242	16.09.2025 19:35:41	1,87	5,29	31,57	27,95	1453,67
1243	16.09.2025 19:35:42	1,87	5,29	31,57	27,95	1453,67
1244	16.09.2025 19:35:43	1,87	5,29	31,57	27,95	1453,67
1245	16.09.2025 19:35:44	1,87	5,31	31,57	27,95	1453,68
1246	16.09.2025 19:35:45	1,87	5,32	31,57	27,95	1453,68
1247	16.09.2025 19:35:46	1,87	5,34	31,57	27,95	1453,68
1248	16.09.2025 19:35:47	1,87	5,34	31,57	27,95	1453,68
1249	16.09.2025 19:35:48	1,87	5,34	31,57	27,95	1453,68
1250	16.09.2025 19:35:49	1,87	5,36	31,57	27,95	1453,69
1251	16.09.2025 19:35:50	1,87	5,38	31,54	27,92	1453,64
1252	16.09.2025 19:35:51	1,87	5,38	31,57	27,95	1453,69
1253	16.09.2025 19:35:52	1,87	5,38	31,57	27,95	1453,69
1254	16.09.2025 19:35:53	1,87	5,39	31,57	27,95	1453,69
1255	16.09.2025 19:35:54	1,87	5,38	31,57	27,95	1453,69
1256	16.09.2025 19:35:55	1,87	5,39	31,57	27,95	1453,69
1257	16.09.2025 19:35:56	1,87	5,39	31,57	27,95	1453,69
1258	16.09.2025 19:35:57	1,87	5,39	31,57	27,95	1453,69
1259	16.09.2025 19:35:58	1,87	5,39	31,57	27,95	1453,69
1260	16.09.2025 19:35:59	1,87	5,39	31,57	27,95	1453,69
1261	16.09.2025 19:36:00	1,87	5,39	31,57	27,95	1453,69
1262	16.09.2025 19:36:01	1,87	5,38	31,57	27,95	1453,69
1263	16.09.2025 19:36:02	1,87	5,38	31,57	27,95	1453,69
1264	16.09.2025 19:36:03	1,87	5,38	31,57	27,95	1453,69
1265	16.09.2025 19:36:04	1,87	5,38	31,57	27,95	1453,69
1266	16.09.2025 19:36:05	1,87	5,36	31,57	27,95	1453,69
1267	16.09.2025 19:36:06	1,87	5,34	31,54	27,92	1453,64
1268	16.09.2025 19:36:07	1,87	5,32	31,57	27,95	1453,68
1269	16.09.2025 19:36:08	1,87	5,31	31,57	27,95	1453,68
1270	16.09.2025 19:36:09	1,87	5,32	31,57	27,95	1453,68
1271	16.09.2025 19:36:10	1,87	5,31	31,57	27,95	1453,68
1272	16.09.2025 19:36:11	1,87	5,31	31,57	27,95	1453,68
1273	16.09.2025 19:36:12	1,87	5,29	31,57	27,95	1453,67
1274	16.09.2025 19:36:13	1,87	5,27	31,57	27,95	1453,67
1275	16.09.2025 19:36:14	1,87	5,27	31,57	27,95	1453,67
1276	16.09.2025 19:36:15	1,87	5,25	31,57	27,95	1453,67
1277	16.09.2025 19:36:16	1,87	5,23	31,57	27,95	1453,67
1278	16.09.2025 19:36:17	1,87	5,25	31,57	27,95	1453,67
1279	16.09.2025 19:36:18	1,87	5,22	31,57	27,95	1453,66
1280	16.09.2025 19:36:19	1,87	5,22	31,57	27,95	1453,66
1281	16.09.2025 19:36:20	1,87	5,20	31,57	27,95	1453,66
1282	16.09.2025 19:36:21	1,87	5,18	31,57	27,95	1453,66
1283	16.09.2025 19:36:22	1,87	5,18	31,57	27,95	1453,66
1284	16.09.2025 19:36:23	1,87	5,16	31,57	27,95	1453,66
1285	16.09.2025 19:36:24	1,87	5,16	31,57	27,95	1453,66
1286	16.09.2025 19:36:25	1,87	5,13	31,57	27,95	1453,65
1287	16.09.2025 19:36:26	1,87	5,11	31,54	27,92	1453,60
1288	16.09.2025 19:36:27	1,87	5,11	31,57	27,95	1453,65
1289	16.09.2025 19:36:28	1,87	5,09	31,57	27,95	1453,64
1290	16.09.2025 19:36:29	1,87	5,07	31,57	27,95	1453,64
1291	16.09.2025 19:36:30	1,87	5,05	31,57	27,95	1453,64
1292	16.09.2025 19:36:31	1,87	5,04	31,57	27,95	1453,64
1293	16.09.2025 19:36:32	1,87	5,02	31,54	27,92	1453,59
1294	16.09.2025 19:36:33	1,87	5,02	31,54	27,92	1453,59
1295	16.09.2025 19:36:34	1,87	5,02	31,57	27,95	1453,63
1296	16.09.2025 19:36:35	1,87	5,00	31,57	27,95	1453,63
1297	16.09.2025 19:36:36	1,87	4,98	31,58	27,95	1453,63
1298	16.09.2025 19:36:37	1,87	4,98	31,58	27,95	1453,63
1299	16.09.2025 19:36:38	1,87	4,95	31,54	27,92	1453,58
1300	16.09.2025 19:36:39	1,87	4,95	31,54	27,92	1453,58
1301	16.09.2025 19:36:40	1,87	4,91	31,58	27,95	1453,62
1302	16.09.2025 19:36:41	1,87	4,91	31,58	27,95	1453,62
1303	16.09.2025 19:36:42	1,87	4,91	31,54	27,92	1453,57
1304	16.09.2025 19:36:43	1,87	4,89	31,54	27,92	1453,57
1305	16.09.2025 19:36:44	1,87	4,88	31,51	27,89	1453,52
1306	16.09.2025 19:36:45	1,87	4,88	31,51	27,89	1453,52
1307	16.09.2025 19:36:46	1,87	4,86	31,47	27,87	1453,47
1308	16.09.2025 19:36:47	1,83	4,84	31,51	27,87	1453,35
1309	16.09.2025 19:36:48	1,83	4,82	31,47	27,84	1453,30
1310	16.09.2025 19:36:49	1,83	4,82	31,51	27,87	1453,34
1311	16.09.2025 19:36:50	1,83	4,80	31,47	27,84	1453,29
1312	16.09.2025 19:36:51	1,83	4,77	31,51	27,87	1453,33
1313	16.09.2025 19:36:52	1,83	4,77	31,47	27,84	1453,29
1314	16.09.2025 19:36:53	1,83	4,75	31,47	27,84	1453,28
1315	16.09.2025 19:36:54	1,83	4,71	31,47	27,84	1453,28
1316	16.09.2025 19:36:55	1,83	4,69	31,47	27,84	1453,28
1317	16.09.2025 19:36:56	1,83	4,68	31,47	27,84	1453,27
1318	16.09.2025 19:36:57	1,83	4,68	31,44	27,81	1453,23
1319	16.09.2025 19:36:58	1,83	4,64	31,40	27,78	1453,18
1320	16.09.2025 19:36:59	1,83	4,62	31,37	27,75	1453,13
1321	16.09.2025 19:37:00	1,83	4,61	31,37	27,75	1453,12
1322	16.09.2025 19:37:01	1,83	4,59	31,33	27,72	1453,07
1323	16.09.2025 19:37:02	1,83	4,55	31,33	27,72	1453,07
1324	16.09.2025 19:37:03	1,79	4,55	31,34	27,70	1452,90
1325	16.09.2025 19:37:04	1,79	4,51	31,34	27,70	1452,89
1326	16.09.2025 19:37:05	1,79	4,50	31,34	27,70	1452,89
1327	16.09.2025 19:37:06	1,79	4,48	31,34	27,70	1452,89
1328	16.09.2025 19:37:07	1,79	4,46	31,34	27,70	1452,89
1329	16.09.2025 19:37:08	1,79	4,44	31,30	27,67	1452,84
1330	16.09.2025 19:37:09	1,79	4,42	31,30	27,67	1452,83
1331	16.09.2025 19:37:10	1,79	4,39	31,30	27,67	1452,83
1332	16.09.2025 19:37:11	1,79	4,35	31,30	27,67	1452,82
1333	16.09.2025 19:37:12	1,79	4,33	31,30	27,67	1452,82
1334	16.09.2025 19:37:13	1,79	4,32	31,30	27,67	1452,82
1335	16.09.2025 19:37:14	1,79	4,28	31,34	27,70	1452,86
1336	16.09.2025 19:37:15	1,79	4,25	31,30	27,67	1452,81
1337	16.09.2025 19:37:16	1,79	4,23	31,34	27,70	1452,85
1338	16.09.2025 19:37:17	1,83	4,19	31,30	27,70	1452,97
1339	16.09.2025 19:37:18	1,83	4,18	31,30	27,70	1452,96
1340	16.09.2025 19:37:19	1,83	4,16	31,30	27,70	1452,96
1341	16.09.2025 19:37:20	1,83	4,12	31,23	27,64	1452,86
1342	16.09.2025 19:37:21	1,83	4,10	31,23	27,64	1452,86
1343	16.09.2025 19:37:22	1,83	4,07	31,23	27,64	1452,85
1344	16.09.2025 19:37:23	1,83	4,05	31,20	27,61	1452,81
1345	16.09.2025 19:37:24	1,83	4,03	31,16	27,58	1452,76
1346	16.09.2025 19:37:25	1,83	4,00	31,13	27,56	1452,70
1347	16.09.2025 19:37:26	1,79	3,98	31,09	27,50	1452,49
1348	16.09.2025 19:37:27	1,79	3,94	31,09	27,50	1452,48
1349	16.09.2025 19:37:28	1,79	3,91	31,09	27,50	1452,48
1350	16.09.2025 19:37:29	1,79	3,91	31,09	27,50	1452,48
1351	16.09.2025 19:37:30	1,79	3,87	31,09	27,50	1452,47
1352	16.09.2025 19:37:31	1,79	3,87	31,06	27,47	1452,42
1353	16.09.2025 19:37:32	1,75	3,81	31,10	27,47	1452,29
1354	16.09.2025 19:37:33	1,75	3,80	31,10	27,47	1452,29
1355	16.09.2025 19:37:34	1,75	3,76	31,10	27,47	1452,28
1356	16.09.2025 19:37:35	1,75	3,72	31,10	27,47	1452,28
1357	16.09.2025 19:37:36	1,75	3,71	31,10	27,47	1452,28
1358	16.09.2025 19:37:37	1,79	3,69	31,06	27,47	1452,40
1359	16.09.2025 19:37:38	1,79	3,64	31,06	27,47	1452,39
1360	16.09.2025 19:37:39	1,79	3,60	31,06	27,47	1452,38
1361	16.09.2025 19:37:40	1,79	3,57	31,10	27,50	1452,42
1362	16.09.2025 19:37:41	1,79	3,53	31,10	27,50	1452,42
1363	16.09.2025 19:37:42	1,83	3,51	31,09	27,53	1452,58
1364	16.09.2025 19:37:43	1,83	3,46	31,13	27,56	1452,62
1365	16.09.2025 19:37:44	1,87	3,44	31,13	27,58	1452,79
1366	16.09.2025 19:37:45	1,87	3,39	31,16	27,61	1452,83
1367	16.09.2025 19:37:46	1,90	3,36	31,20	27,67	1453,03
1368	16.09.2025 19:37:47	1,94	3,32	31,26	27,75	1453,29
1369	16.09.2025 19:37:48	1,98	3,27	31,26	27,78	1453,45
1370	16.09.2025 19:37:49	2,06	3,24	31,22	27,81	1453,73
1371	16.09.2025 19:37:50	2,10	3,22	31,22	27,84	1453,89
1372	16.09.2025 19:37:51	2,10	3,17	31,26	27,87	1453,93
1373	16.09.2025 19:37:52	2,17	3,12	31,18	27,87	1454,16
1374	16.09.2025 19:37:53	2,21	3,09	31,18	27,90	1454,32
1375	16.09.2025 19:37:54	2,25	3,05	31,21	27,96	1454,53
1376	16.09.2025 19:37:55	2,29	3,02	31,32	28,07	1454,83
1377	16.09.2025 19:37:56	2,33	2,95	31,31	28,10	1454,98
1378	16.09.2025 19:37:57	2,40	2,92	31,21	28,07	1455,17
1379	16.09.2025 19:37:58	2,44	2,89	31,45	28,30	1455,64
1380	16.09.2025 19:37:59	2,52	2,85	31,44	28,36	1455,96
1381	16.09.2025 19:38:00	2,59	2,79	31,10	28,13	1455,83
1382	16.09.2025 19:38:01	2,63	2,73	31,20	28,25	1456,12
1383	16.09.2025 19:38:02	2,67	2,72	31,40	28,44	1456,55
1384	16.09.2025 19:38:03	2,71	2,67	31,54	28,58	1456,88
1385	16.09.2025 19:38:04	2,82	2,64	31,53	28,67	1457,36
1386	16.09.2025 19:38:05	2,89	2,59	31,53	28,73	1457,67
1387	16.09.2025 19:38:06	3,01	2,54	31,89	29,12	1458,63
1388	16.09.2025 19:38:07	3,16	2,53	31,95	29,29	1459,35
1389	16.09.2025 19:38:08	3,31	2,47	32,11	29,55	1460,19
1390	16.09.2025 19:38:09	3,45	2,40	32,20	29,75	1460,93
1391	16.09.2025 19:38:10	3,64	2,36	32,23	29,92	1461,74
1392	16.09.2025 19:38:11	3,82	2,31	32,28	30,12	1462,59
1393	16.09.2025 19:38:12	3,97	2,25	32,27	30,24	1463,19
1394	16.09.2025 19:38:13	4,12	2,22	32,26	30,35	1463,79
1395	16.09.2025 19:38:14	4,26	2,18	31,89	30,16	1463,91
1396	16.09.2025 19:38:15	4,37	2,09	31,56	29,96	1463,93
1397	16.09.2025 19:38:16	4,45	2,06	31,43	29,91	1464,05
1398	16.09.2025 19:38:17	4,48	2,04	31,95	30,39	1464,87
1399	16.09.2025 19:38:18	4,59	2,07	32,66	31,09	1466,25
1400	16.09.2025 19:38:19	4,84	1,99	32,77	31,40	1467,42
1401	16.09.2025 19:38:20	5,09	1,95	32,85	31,69	1468,56
1402	16.09.2025 19:38:21	5,34	1,93	32,90	31,94	1469,63
1403	16.09.2025 19:38:22	5,56	1,86	33,02	32,23	1470,64
1404	16.09.2025 19:38:23	5,81	1,86	33,31	32,71	1472,01
1405	16.09.2025 19:38:24	6,05	1,82	33,49	33,08	1473,22
1406	16.09.2025 19:38:25	6,30	1,81	33,41	33,22	1474,09
1407	16.09.2025 19:38:26	6,58	1,77	33,21	33,28	1474,93
1408	16.09.2025 19:38:27	6,82	1,73	33,04	33,34	1475,66
1409	16.09.2025 19:38:28	7,03	1,72	32,91	33,41	1476,30
1410	16.09.2025 19:38:29	7,20	1,71	32,84	33,49	1476,88
1411	16.09.2025 19:38:30	7,33	1,68	32,89	33,66	1477,48
1412	16.09.2025 19:38:31	7,51	1,65	32,79	33,72	1478,01
1413	16.09.2025 19:38:32	7,68	1,64	32,73	33,81	1478,58
1414	16.09.2025 19:38:33	7,81	1,63	32,66	33,87	1479,02
1415	16.09.2025 19:38:34	7,95	1,62	32,63	33,96	1479,49
1416	16.09.2025 19:38:35	8,12	1,61	32,56	34,04	1480,05
1417	16.09.2025 19:38:36	8,28	1,58	32,56	34,19	1480,68
1418	16.09.2025 19:38:37	8,42	1,57	32,53	34,27	1481,15
1419	16.09.2025 19:38:38	8,59	1,54	32,50	34,39	1481,73
1420	16.09.2025 19:38:39	8,75	1,55	32,61	34,64	1482,50
1421	16.09.2025 19:38:40	8,92	1,53	32,69	34,87	1483,22
1422	16.09.2025 19:38:41	9,15	1,55	33,01	35,38	1484,48
1423	16.09.2025 19:38:42	9,48	1,53	33,03	35,70	1485,72
1424	16.09.2025 19:38:43	9,84	1,48	32,90	35,90	1486,88
1425	16.09.2025 19:38:44	10,17	1,44	32,76	36,05	1487,87
1426	16.09.2025 19:38:45	10,46	1,40	32,89	36,44	1489,08
1427	16.09.2025 19:38:46	10,75	1,34	32,89	36,70	1490,11
1428	16.09.2025 19:38:47	11,07	1,32	33,11	37,21	1491,51
1429	16.09.2025 19:38:48	11,43	1,31	32,97	37,39	1492,57
1430	16.09.2025 19:38:49	11,75	1,21	32,99	37,70	1493,69
1431	16.09.2025 19:38:50	12,06	1,19	33,15	38,16	1494,98
1432	16.09.2025 19:38:51	12,41	1,16	33,04	38,36	1496,03
1433	16.09.2025 19:38:52	12,72	1,10	32,85	38,45	1496,86
1434	16.09.2025 19:38:53	13,04	1,05	32,59	38,46	1497,58
1435	16.09.2025 19:38:54	13,26	1,02	32,35	38,41	1498,03
1436	16.09.2025 19:38:55	13,47	0,98	32,07	38,30	1498,40
1437	16.09.2025 19:38:56	13,66	0,95	31,89	38,28	1498,80
1438	16.09.2025 19:38:57	13,81	0,91	31,76	38,28	1499,15
1439	16.09.2025 19:38:58	13,97	0,88	31,61	38,25	1499,48
1440	16.09.2025 19:38:59	14,12	0,88	31,49	38,26	1499,84
1441	16.09.2025 19:39:00	14,25	0,86	31,39	38,26	1500,12
1442	16.09.2025 19:39:01	14,37	0,86	31,29	38,26	1500,40
1443	16.09.2025 19:39:02	14,49	0,80	31,17	38,24	1500,65
1444	16.09.2025 19:39:03	14,58	0,80	31,10	38,24	1500,86
1445	16.09.2025 19:39:04	14,71	0,77	31,03	38,27	1501,17
1446	16.09.2025 19:39:05	14,83	0,74	30,91	38,24	1501,41
1447	16.09.2025 19:39:06	14,92	0,71	30,84	38,25	1501,62
1448	16.09.2025 19:39:07	15,01	0,72	30,74	38,22	1501,80
1449	16.09.2025 19:39:08	15,14	0,69	30,65	38,22	1502,08
1450	16.09.2025 19:39:09	15,23	0,65	30,58	38,22	1502,28
1451	16.09.2025 19:39:10	15,32	0,62	30,51	38,23	1502,48
1452	16.09.2025 19:39:11	15,38	0,61	30,46	38,23	1502,62
1453	16.09.2025 19:39:12	15,47	0,60	30,37	38,20	1502,80
1454	16.09.2025 19:39:13	15,53	0,58	30,33	38,20	1502,93
1455	16.09.2025 19:39:14	15,59	0,57	30,28	38,20	1503,07
1456	16.09.2025 19:39:15	15,68	0,55	30,21	38,20	1503,27
1457	16.09.2025 19:39:16	15,74	0,52	30,17	38,21	1503,41
1458	16.09.2025 19:39:17	15,80	0,51	30,12	38,21	1503,54
1459	16.09.2025 19:39:18	15,86	0,49	30,08	38,21	1503,68
1460	16.09.2025 19:39:19	15,92	0,49	30,03	38,21	1503,81
1461	16.09.2025 19:39:20	15,99	0,46	29,99	38,21	1503,94
1462	16.09.2025 19:39:21	16,05	0,46	29,94	38,21	1504,08
1463	16.09.2025 19:39:22	16,11	0,46	29,85	38,16	1504,16
1464	16.09.2025 19:39:23	16,17	0,40	29,85	38,21	1504,34
1465	16.09.2025 19:39:24	16,23	0,38	29,81	38,21	1504,48
1466	16.09.2025 19:39:25	16,29	0,37	29,74	38,19	1504,58
1467	16.09.2025 19:39:26	16,35	0,35	29,62	38,10	1504,63
1468	16.09.2025 19:39:27	16,41	0,35	29,61	38,13	1504,79
1469	16.09.2025 19:39:28	16,44	0,35	29,63	38,19	1504,92
1470	16.09.2025 19:39:29	16,50	0,31	29,59	38,19	1505,05
1471	16.09.2025 19:39:30	16,53	0,28	29,54	38,16	1505,08
1472	16.09.2025 19:39:31	16,59	0,26	29,48	38,14	1505,18
1473	16.09.2025 19:39:32	16,62	0,22	29,50	38,19	1505,30
1474	16.09.2025 19:39:33	16,68	0,22	29,39	38,11	1505,35
1475	16.09.2025 19:39:34	16,71	0,22	29,44	38,20	1505,51
1476	16.09.2025 19:39:35	16,74	0,19	29,37	38,14	1505,51
1477	16.09.2025 19:39:36	16,80	0,17	29,33	38,14	1505,64
1478	16.09.2025 19:39:37	16,83	0,17	29,28	38,11	1505,68
1479	16.09.2025 19:39:38	16,86	0,13	29,26	38,11	1505,74
1480	16.09.2025 19:39:39	16,89	0,12	29,26	38,14	1505,83
1481	16.09.2025 19:39:40	16,95	0,12	29,24	38,17	1506,00
1482	16.09.2025 19:39:41	16,95	0,06	29,19	38,12	1505,93
1483	16.09.2025 19:39:42	17,01	0,03	29,13	38,09	1506,03
1484	16.09.2025 19:39:43	17,04	-0,01	29,13	38,12	1506,12
1485	16.09.2025 19:39:44	17,07	0,03	29,11	38,12	1506,19
1486	16.09.2025 19:39:45	17,10	-0,01	29,07	38,09	1506,23
1487	16.09.2025 19:39:46	17,13	-0,01	29,04	38,09	1506,29
1488	16.09.2025 19:39:47	17,16	-0,05	29,02	38,09	1506,35
1489	16.09.2025 19:39:48	17,19	-0,06	29,00	38,09	1506,42
1490	16.09.2025 19:39:49	17,19	-0,08	29,00	38,09	1506,42
1491	16.09.2025 19:39:50	17,22	-0,10	28,98	38,09	1506,48
1492	16.09.2025 19:39:51	17,25	-0,10	28,96	38,09	1506,54
1493	16.09.2025 19:39:52	17,28	-0,10	28,94	38,09	1506,61
1494	16.09.2025 19:39:53	17,28	-0,10	28,92	38,07	1506,58
1495	16.09.2025 19:39:54	17,31	-0,10	28,92	38,09	1506,68
1496	16.09.2025 19:39:55	17,34	-0,12	28,90	38,10	1506,74
1497	16.09.2025 19:39:56	17,34	-0,10	28,87	38,07	1506,72
1498	16.09.2025 19:39:57	17,37	-0,10	28,85	38,07	1506,78
1499	16.09.2025 19:39:58	17,40	-0,10	28,83	38,07	1506,85
1500	16.09.2025 19:39:59	17,40	-0,10	28,83	38,07	1506,85
1501	16.09.2025 19:40:00	17,43	-0,12	28,81	38,07	1506,91
1502	16.09.2025 19:40:01	17,43	-0,10	28,81	38,07	1506,92
1503	16.09.2025 19:40:02	17,46	-0,08	28,79	38,07	1506,98
1504	16.09.2025 19:40:03	17,46	-0,12	28,79	38,07	1506,98
1505	16.09.2025 19:40:04	17,49	-0,10	28,77	38,07	1507,05
1506	16.09.2025 19:40:05	17,49	-0,10	28,77	38,07	1507,05
1507	16.09.2025 19:40:06	17,52	-0,10	28,75	38,07	1507,11
1508	16.09.2025 19:40:07	17,55	-0,08	28,73	38,07	1507,18
1509	16.09.2025 19:40:08	17,55	-0,06	28,73	38,07	1507,19
1510	16.09.2025 19:40:09	17,55	-0,08	28,73	38,07	1507,18
1511	16.09.2025 19:40:10	17,58	-0,08	28,71	38,07	1507,25
1512	16.09.2025 19:40:11	17,58	-0,10	28,71	38,07	1507,25
1513	16.09.2025 19:40:12	17,61	-0,10	28,69	38,07	1507,31
1514	16.09.2025 19:40:13	17,61	-0,10	28,69	38,07	1507,31
1515	16.09.2025 19:40:14	17,64	-0,10	28,67	38,07	1507,38
1516	16.09.2025 19:40:15	17,64	-0,10	28,67	38,07	1507,38
1517	16.09.2025 19:40:16	17,64	-0,10	28,67	38,07	1507,38
1518	16.09.2025 19:40:17	17,67	-0,10	28,65	38,07	1507,44
1519	16.09.2025 19:40:18	17,67	-0,10	28,65	38,07	1507,44
1520	16.09.2025 19:40:19	17,67	-0,08	28,65	38,07	1507,45
1521	16.09.2025 19:40:20	17,70	-0,08	28,60	38,05	1507,49
1522	16.09.2025 19:40:21	17,70	-0,10	28,60	38,05	1507,48
1523	16.09.2025 19:40:22	17,70	-0,10	28,63	38,07	1507,51
1524	16.09.2025 19:40:23	17,73	-0,06	28,61	38,07	1507,58
1525	16.09.2025 19:40:24	17,73	-0,10	28,61	38,07	1507,58
1526	16.09.2025 19:40:25	17,73	-0,08	28,58	38,05	1507,55
1527	16.09.2025 19:40:26	17,76	-0,10	28,56	38,05	1507,61
1528	16.09.2025 19:40:27	17,76	-0,10	28,56	38,05	1507,61
1529	16.09.2025 19:40:28	17,76	-0,08	28,56	38,05	1507,62
1530	16.09.2025 19:40:29	17,76	-0,10	28,56	38,05	1507,61
1531	16.09.2025 19:40:30	17,79	-0,08	28,54	38,05	1507,68
1532	16.09.2025 19:40:31	17,79	-0,08	28,57	38,08	1507,71
1533	16.09.2025 19:40:32	17,79	-0,06	28,54	38,05	1507,69
1534	16.09.2025 19:40:33	17,79	-0,08	28,54	38,05	1507,68
1535	16.09.2025 19:40:34	17,82	-0,08	28,52	38,05	1507,75
1536	16.09.2025 19:40:35	17,82	-0,08	28,52	38,05	1507,75
1537	16.09.2025 19:40:36	17,82	-0,08	28,52	38,05	1507,75
1538	16.09.2025 19:40:37	17,82	-0,08	28,52	38,05	1507,75
1539	16.09.2025 19:40:38	17,85	-0,08	28,50	38,05	1507,81
1540	16.09.2025 19:40:39	17,85	-0,06	28,50	38,05	1507,82
1541	16.09.2025 19:40:40	17,85	-0,08	28,50	38,05	1507,81
1542	16.09.2025 19:40:41	17,85	-0,08	28,50	38,05	1507,81
1543	16.09.2025 19:40:42	17,85	-0,08	28,50	38,05	1507,81
1544	16.09.2025 19:40:43	17,85	-0,08	28,50	38,05	1507,81
1545	16.09.2025 19:40:44	17,88	-0,06	28,48	38,05	1507,88
1546	16.09.2025 19:40:45	17,88	-0,06	28,48	38,05	1507,88
1547	16.09.2025 19:40:46	17,88	-0,08	28,48	38,05	1507,88
1548	16.09.2025 19:40:47	17,88	-0,08	28,48	38,05	1507,88
1549	16.09.2025 19:40:48	17,88	-0,08	28,48	38,05	1507,88
1550	16.09.2025 19:40:49	17,88	-0,08	28,48	38,05	1507,88
1551	16.09.2025 19:40:50	17,91	-0,08	28,46	38,05	1507,94
1552	16.09.2025 19:40:51	17,91	-0,08	28,46	38,05	1507,94
1553	16.09.2025 19:40:52	17,91	-0,06	28,46	38,05	1507,95
1554	16.09.2025 19:40:53	17,91	-0,08	28,44	38,02	1507,92
1555	16.09.2025 19:40:54	17,91	-0,08	28,44	38,02	1507,92
1556	16.09.2025 19:40:55	17,91	-0,08	28,46	38,05	1507,94
1557	16.09.2025 19:40:56	17,91	-0,08	28,44	38,02	1507,92
1558	16.09.2025 19:40:57	17,91	-0,10	28,41	37,99	1507,89
1559	16.09.2025 19:40:58	17,91	-0,08	25,77	34,79	1504,83
1560	16.09.2025 19:40:59	17,91	-0,08	28,44	38,02	1507,92
1561	16.09.2025 19:41:00	17,93	-0,10	28,42	38,02	1507,98
1562	16.09.2025 19:41:01	17,93	-0,10	28,37	37,97	1507,93
1563	16.09.2025 19:41:02	17,93	-0,12	27,11	36,45	1506,47
1564	16.09.2025 19:41:03	17,93	-0,12	23,09	31,53	1501,82
1565	16.09.2025 19:41:04	17,93	-0,10	23,82	32,43	1502,67
1566	16.09.2025 19:41:05	17,93	-0,10	21,57	29,64	1500,07
1567	16.09.2025 19:41:06	17,93	-0,08	28,42	38,02	1507,98
1568	16.09.2025 19:41:07	17,93	-0,10	28,28	37,85	1507,82
1569	16.09.2025 19:41:08	17,93	-0,10	18,98	26,38	1497,07
1570	16.09.2025 19:41:09	17,93	-0,10	18,96	26,35	1497,04
1571	16.09.2025 19:41:10	17,93	-0,10	19,02	26,43	1497,12
1572	16.09.2025 19:41:11	17,93	-0,10	19,02	26,43	1497,12
1573	16.09.2025 19:41:12	17,93	-0,10	19,05	26,46	1497,15
1574	16.09.2025 19:41:13	17,91	-0,10	19,06	26,46	1497,07
1575	16.09.2025 19:41:14	17,91	-0,10	19,01	26,41	1497,02
1576	16.09.2025 19:41:15	17,91	-0,10	19,01	26,41	1497,02
1577	16.09.2025 19:41:16	17,91	-0,08	18,97	26,35	1496,97
1578	16.09.2025 19:41:17	17,88	-0,08	19,01	26,38	1496,92
1579	16.09.2025 19:41:18	17,88	-0,08	18,94	26,29	1496,84
1580	16.09.2025 19:41:19	17,88	-0,10	18,98	26,35	1496,89
1581	16.09.2025 19:41:20	17,88	-0,08	18,96	26,32	1496,87
1582	16.09.2025 19:41:21	17,85	-0,08	18,97	26,32	1496,79
1583	16.09.2025 19:41:22	17,85	-0,08	17,27	24,15	1494,81
1584	16.09.2025 19:41:23	17,85	-0,06	19,00	26,35	1496,82
1585	16.09.2025 19:41:24	17,82	-0,08	18,94	26,26	1496,66
1586	16.09.2025 19:41:25	17,79	-0,08	18,96	26,26	1496,59
1587	16.09.2025 19:41:26	17,79	-0,08	18,89	26,18	1496,51
1588	16.09.2025 19:41:27	17,79	-0,08	3,93	6,14	1479,19
1589	16.09.2025 19:41:28	17,76	-0,12	5,94	9,01	1481,41
1590	16.09.2025 19:41:29	17,76	-0,10	4,25	6,59	1479,46
1591	16.09.2025 19:41:30	17,73	-0,10	6,16	9,31	1481,57
1592	16.09.2025 19:41:31	17,73	-0,10	6,16	9,31	1481,57
1593	16.09.2025 19:41:32	17,73	-0,10	0,51	0,88	1475,03
1594	16.09.2025 19:41:33	17,73	-0,10	0,92	1,55	1475,50
1595	16.09.2025 19:41:34	17,73	-0,10	0,88	1,49	1475,46
1596	16.09.2025 19:41:35	17,73	-0,10	0,86	1,46	1475,44
1597	16.09.2025 19:41:36	17,73	-0,08	0,70	1,20	1475,26
1598	16.09.2025 19:41:37	17,70	-0,08	0,55	0,94	1474,98
1599	16.09.2025 19:41:38	17,70	-0,10	0,55	0,94	1474,98
1600	16.09.2025 19:41:39	17,70	-0,10	0,69	1,18	1475,14
1601	16.09.2025 19:41:40	17,70	-0,10	0,60	1,03	1475,04
1602	16.09.2025 19:41:41	17,70	-0,08	0,44	0,77	1474,86
1603	16.09.2025 19:41:42	17,70	-0,10	0,41	0,71	1474,81
1604	16.09.2025 19:41:43	17,67	-0,10	0,60	1,03	1474,94
1605	16.09.2025 19:41:44	17,67	-0,10	0,83	1,40	1475,20
1606	16.09.2025 19:41:45	17,67	-0,10	0,92	1,55	1475,31
1607	16.09.2025 19:41:46	17,67	-0,10	0,88	1,49	1475,27
1608	16.09.2025 19:41:47	17,67	-0,10	0,83	1,40	1475,20
1609	16.09.2025 19:41:48	17,67	-0,08	0,79	1,34	1475,16
1610	16.09.2025 19:41:49	17,64	-0,10	0,88	1,49	1475,17
1611	16.09.2025 19:41:50	17,64	-0,10	0,77	1,31	1475,04
1612	16.09.2025 19:41:51	17,64	-0,08	0,74	1,26	1475,00
1613	16.09.2025 19:41:52	17,64	-0,10	0,79	1,34	1475,06
1614	16.09.2025 19:41:53	17,64	-0,08	0,69	1,18	1474,95
1615	16.09.2025 19:41:54	17,64	-0,10	0,67	1,15	1474,92
1616	16.09.2025 19:41:55	17,61	-0,10	0,76	1,29	1474,92
1617	16.09.2025 19:41:56	17,61	-0,08	0,86	1,46	1475,05
1618	16.09.2025 19:41:57	17,61	-0,08	0,85	1,43	1475,03
1619	16.09.2025 19:41:58	17,61	-0,08	0,72	1,23	1474,89
1620	16.09.2025 19:41:59	17,61	-0,08	0,65	1,12	1474,81
1621	16.09.2025 19:42:00	17,61	-0,10	0,69	1,18	1474,85
1622	16.09.2025 19:42:01	17,61	-0,10	0,81	1,37	1474,99
1623	16.09.2025 19:42:02	17,61	-0,08	0,77	1,31	1474,95
1624	16.09.2025 19:42:03	17,58	-0,08	0,62	1,06	1474,67
1625	16.09.2025 19:42:04	17,58	-0,08	0,53	0,91	1474,57
1626	16.09.2025 19:42:05	17,58	-0,08	0,62	1,06	1474,67
1627	16.09.2025 19:42:06	17,58	-0,08	0,67	1,15	1474,73
1628	16.09.2025 19:42:07	17,58	-0,08	0,87	1,46	1474,96
1629	16.09.2025 19:42:08	17,58	-0,08	0,81	1,37	1474,89
1630	16.09.2025 19:42:09	17,55	-0,08	0,69	1,18	1474,65
1631	16.09.2025 19:42:10	17,55	-0,08	0,72	1,23	1474,69
1632	16.09.2025 19:42:11	17,55	-0,08	0,81	1,37	1474,79
1633	16.09.2025 19:42:12	17,55	-0,08	0,92	1,55	1474,92
1634	16.09.2025 19:42:13	17,55	-0,08	1,07	1,78	1475,09
1635	16.09.2025 19:42:14	17,55	-0,08	0,99	1,66	1475,01
1636	16.09.2025 19:42:15	17,55	-0,08	1,09	1,81	1475,11
1637	16.09.2025 19:42:16	17,55	-0,08	1,25	2,08	1475,31
1638	16.09.2025 19:42:17	17,52	-0,10	1,12	1,87	1475,06
1639	16.09.2025 19:42:18	17,52	-0,08	1,09	1,81	1475,01
1640	16.09.2025 19:42:19	17,52	-0,08	1,42	2,34	1475,41
1641	16.09.2025 19:42:20	17,52	-0,08	1,42	2,34	1475,41
1642	16.09.2025 19:42:21	17,52	-0,08	1,20	1,99	1475,14
1643	16.09.2025 19:42:22	17,52	-0,08	1,25	2,08	1475,21
1644	16.09.2025 19:42:23	17,52	-0,08	1,20	1,99	1475,14
1645	16.09.2025 19:42:24	17,52	-0,08	1,12	1,87	1475,06
1646	16.09.2025 19:42:25	17,52	-0,10	1,27	2,10	1475,23
1647	16.09.2025 19:42:26	17,49	-0,08	1,35	2,22	1475,22
1648	16.09.2025 19:42:27	17,49	-0,08	1,18	1,96	1475,02
1649	16.09.2025 19:42:28	17,49	-0,08	1,01	1,69	1474,83
1650	16.09.2025 19:42:29	17,49	-0,08	1,16	1,93	1475,00
1651	16.09.2025 19:42:30	17,49	-0,08	1,18	1,96	1475,02
1652	16.09.2025 19:42:31	17,49	-0,08	1,20	1,99	1475,05
1653	16.09.2025 19:42:32	17,49	-0,08	1,18	1,96	1475,02
1654	16.09.2025 19:42:33	17,49	-0,08	0,99	1,66	1474,81
1655	16.09.2025 19:42:34	17,49	-0,08	1,03	1,72	1474,85
1656	16.09.2025 19:42:35	17,49	-0,10	1,27	2,10	1475,13
1657	16.09.2025 19:42:36	17,46	-0,08	1,12	1,87	1474,86
1658	16.09.2025 19:42:37	17,46	-0,08	0,98	1,64	1474,69
1659	16.09.2025 19:42:38	17,46	-0,08	1,20	1,99	1474,95
1660	16.09.2025 19:42:39	17,46	-0,08	1,12	1,87	1474,86
1661	16.09.2025 19:42:40	17,46	-0,08	1,03	1,72	1474,75
1662	16.09.2025 19:42:41	17,46	-0,08	1,22	2,02	1474,97
1663	16.09.2025 19:42:42	17,46	-0,08	1,09	1,81	1474,82
1664	16.09.2025 19:42:43	17,46	-0,08	1,09	1,81	1474,82
1665	16.09.2025 19:42:44	17,46	-0,08	1,07	1,78	1474,80
1666	16.09.2025 19:42:45	17,46	-0,10	1,09	1,81	1474,82
1667	16.09.2025 19:42:46	17,43	-0,10	1,11	1,84	1474,74
1668	16.09.2025 19:42:47	17,43	-0,10	1,01	1,69	1474,63
1669	16.09.2025 19:42:48	17,43	-0,10	1,27	2,10	1474,93
1670	16.09.2025 19:42:49	17,43	-0,10	1,11	1,84	1474,74
1671	16.09.2025 19:42:50	17,43	-0,10	1,22	2,02	1474,87
1672	16.09.2025 19:42:51	17,43	-0,10	1,50	2,46	1475,20
1673	16.09.2025 19:42:52	17,43	-0,10	1,37	2,25	1475,04
1674	16.09.2025 19:42:53	17,43	-0,08	1,39	2,28	1475,07
1675	16.09.2025 19:42:54	17,43	-0,10	1,27	2,10	1474,93
1676	16.09.2025 19:42:55	17,43	-0,10	1,44	2,37	1475,13
1677	16.09.2025 19:42:56	17,43	-0,10	1,52	2,49	1475,22
1678	16.09.2025 19:42:57	17,43	-0,10	1,26	2,08	1474,91
1679	16.09.2025 19:42:58	17,43	-0,10	1,39	2,28	1475,07
1680	16.09.2025 19:42:59	17,40	-0,10	1,46	2,40	1475,06
1681	16.09.2025 19:43:00	17,40	-0,10	1,35	2,22	1474,92
1682	16.09.2025 19:43:01	17,40	-0,10	1,39	2,28	1474,97
1683	16.09.2025 19:43:02	17,40	-0,10	1,43	2,34	1475,01
1684	16.09.2025 19:43:03	17,40	-0,10	1,48	2,43	1475,08
1685	16.09.2025 19:43:04	17,40	-0,10	1,48	2,43	1475,08
1686	16.09.2025 19:43:05	17,40	-0,10	1,50	2,46	1475,10
1687	16.09.2025 19:43:06	17,40	-0,10	1,52	2,49	1475,12
1688	16.09.2025 19:43:07	17,40	-0,10	1,52	2,49	1475,12
1689	16.09.2025 19:43:08	17,40	-0,10	1,58	2,58	1475,19
1690	16.09.2025 19:43:09	17,40	-0,10	1,60	2,61	1475,21
1691	16.09.2025 19:43:10	17,40	-0,10	1,54	2,52	1475,15
1692	16.09.2025 19:43:11	17,40	-0,12	1,52	2,49	1475,12
1693	16.09.2025 19:43:12	17,40	-0,10	1,66	2,69	1475,28
1694	16.09.2025 19:43:13	17,37	-0,10	1,62	2,64	1475,14
1695	16.09.2025 19:43:14	17,37	-0,10	1,50	2,46	1475,00
1696	16.09.2025 19:43:15	17,37	-0,08	1,39	2,28	1474,87
1697	16.09.2025 19:43:16	17,37	-0,10	1,16	1,93	1474,61
1698	16.09.2025 19:43:17	17,37	-0,08	1,22	2,02	1474,68
1699	16.09.2025 19:43:18	17,37	-0,08	1,07	1,78	1474,50
1700	16.09.2025 19:43:19	17,37	-0,10	1,02	1,69	1474,44
1701	16.09.2025 19:43:20	17,37	-0,08	0,98	1,63	1474,40
1702	16.09.2025 19:43:21	17,37	-0,10	0,85	1,43	1474,25
1703	16.09.2025 19:43:22	17,37	-0,10	0,87	1,46	1474,27
1704	16.09.2025 19:43:23	17,37	-0,10	0,98	1,63	1474,39
1705	16.09.2025 19:43:24	17,37	-0,10	0,98	1,63	1474,39
1706	16.09.2025 19:43:25	17,34	-0,10	0,74	1,26	1474,02
1707	16.09.2025 19:43:26	17,34	-0,08	0,89	1,49	1474,19
1708	16.09.2025 19:43:27	17,34	-0,08	1,09	1,81	1474,43
1709	16.09.2025 19:43:28	17,34	-0,10	0,76	1,28	1474,04
1710	16.09.2025 19:43:29	17,34	-0,10	0,68	1,15	1473,94
1711	16.09.2025 19:43:30	17,34	-0,10	0,98	1,63	1474,30
1712	16.09.2025 19:43:31	17,34	-0,10	0,98	1,63	1474,30
1713	16.09.2025 19:43:32	17,34	-0,08	0,80	1,34	1474,09
1714	16.09.2025 19:43:33	17,34	-0,10	1,02	1,69	1474,34
1715	16.09.2025 19:43:34	17,34	-0,10	0,87	1,46	1474,17
1716	16.09.2025 19:43:35	17,34	-0,10	0,76	1,28	1474,04
1717	16.09.2025 19:43:36	17,34	-0,10	0,96	1,61	1474,27
1718	16.09.2025 19:43:37	17,31	-0,10	1,04	1,72	1474,26
1719	16.09.2025 19:43:38	17,31	-0,08	0,98	1,63	1474,20
1720	16.09.2025 19:43:39	17,31	-0,08	0,96	1,61	1474,18
1721	16.09.2025 19:43:40	17,31	-0,10	0,87	1,46	1474,07
1722	16.09.2025 19:43:41	17,31	-0,08	0,89	1,49	1474,09
1723	16.09.2025 19:43:42	17,31	-0,10	1,00	1,66	1474,22
1724	16.09.2025 19:43:43	17,31	-0,08	0,98	1,63	1474,20
1725	16.09.2025 19:43:44	17,31	-0,10	1,09	1,81	1474,33
1726	16.09.2025 19:43:45	17,31	-0,08	1,04	1,72	1474,26
1727	16.09.2025 19:43:46	17,31	-0,10	0,93	1,55	1474,13
1728	16.09.2025 19:43:47	17,31	-0,10	1,04	1,72	1474,26
1729	16.09.2025 19:43:48	17,31	-0,10	1,09	1,81	1474,33
1730	16.09.2025 19:43:49	17,31	-0,10	1,07	1,78	1474,30
1731	16.09.2025 19:43:50	17,28	-0,10	0,93	1,55	1474,03
1732	16.09.2025 19:43:51	17,28	-0,08	0,93	1,55	1474,04
1733	16.09.2025 19:43:52	17,28	-0,10	1,04	1,72	1474,16
1734	16.09.2025 19:43:53	17,28	-0,10	1,07	1,78	1474,21
1735	16.09.2025 19:43:54	17,28	-0,08	1,09	1,81	1474,23
1736	16.09.2025 19:43:55	17,28	-0,10	0,93	1,55	1474,03
1737	16.09.2025 19:43:56	17,28	-0,10	1,00	1,66	1474,12
1738	16.09.2025 19:43:57	17,28	-0,08	1,17	1,93	1474,32
1739	16.09.2025 19:43:58	17,28	-0,10	1,22	2,02	1474,38
1740	16.09.2025 19:43:59	17,28	-0,10	0,98	1,63	1474,10
1741	16.09.2025 19:44:00	17,28	-0,10	0,91	1,52	1474,01
1742	16.09.2025 19:44:01	17,28	-0,10	1,02	1,69	1474,14
1743	16.09.2025 19:44:02	17,25	-0,08	1,04	1,72	1474,07
1744	16.09.2025 19:44:03	17,25	-0,08	1,07	1,78	1474,11
1745	16.09.2025 19:44:04	17,25	-0,08	0,91	1,52	1473,92
1746	16.09.2025 19:44:05	17,25	-0,08	0,94	1,58	1473,96
1747	16.09.2025 19:44:06	17,25	-0,08	1,07	1,78	1474,11
1748	16.09.2025 19:44:07	17,25	-0,08	1,20	1,99	1474,26
1749	16.09.2025 19:44:08	17,25	-0,10	0,93	1,55	1473,94
1750	16.09.2025 19:44:09	17,25	-0,10	0,76	1,28	1473,75
1751	16.09.2025 19:44:10	17,25	-0,10	1,15	1,90	1474,19
1752	16.09.2025 19:44:11	17,25	-0,08	1,24	2,05	1474,31
1753	16.09.2025 19:44:12	17,25	-0,08	0,93	1,55	1473,94
1754	16.09.2025 19:44:13	17,25	-0,08	0,80	1,34	1473,79
1755	16.09.2025 19:44:14	17,25	-0,08	1,00	1,66	1474,02
1756	16.09.2025 19:44:15	17,22	-0,08	1,09	1,81	1474,03
1757	16.09.2025 19:44:16	17,22	-0,08	1,04	1,72	1473,97
1758	16.09.2025 19:44:17	17,22	-0,10	0,89	1,49	1473,79
1759	16.09.2025 19:44:18	17,22	-0,10	0,87	1,46	1473,77
1760	16.09.2025 19:44:19	17,22	-0,10	1,09	1,81	1474,03
1761	16.09.2025 19:44:20	17,22	-0,08	1,11	1,84	1474,06
1762	16.09.2025 19:44:21	17,22	-0,10	1,02	1,69	1473,94
1763	16.09.2025 19:44:22	17,22	-0,06	0,84	1,40	1473,74
1764	16.09.2025 19:44:23	17,22	-0,08	1,00	1,66	1473,93
1765	16.09.2025 19:44:24	17,22	-0,10	1,09	1,81	1474,03
1766	16.09.2025 19:44:25	17,22	-0,10	1,11	1,84	1474,05
1767	16.09.2025 19:44:26	17,22	-0,08	0,98	1,63	1473,90
1768	16.09.2025 19:44:27	17,22	-0,08	0,96	1,61	1473,88
1769	16.09.2025 19:44:28	17,22	-0,08	0,89	1,49	1473,80
1770	16.09.2025 19:44:29	17,22	-0,10	1,07	1,78	1474,01
1771	16.09.2025 19:44:30	17,22	-0,08	1,19	1,96	1474,14
1772	16.09.2025 19:44:31	17,19	-0,08	0,96	1,61	1473,78
1773	16.09.2025 19:44:32	17,19	-0,08	0,80	1,34	1473,59
1774	16.09.2025 19:44:33	17,19	-0,08	0,98	1,63	1473,81
1775	16.09.2025 19:44:34	17,19	-0,08	1,19	1,96	1474,04
1776	16.09.2025 19:44:35	17,19	-0,08	1,06	1,75	1473,89
1777	16.09.2025 19:44:36	17,19	-0,08	0,80	1,34	1473,59
1778	16.09.2025 19:44:37	17,19	-0,08	0,87	1,46	1473,68
1779	16.09.2025 19:44:38	17,19	-0,08	1,06	1,75	1473,89
1780	16.09.2025 19:44:39	17,19	-0,08	1,06	1,75	1473,89
1781	16.09.2025 19:44:40	17,19	-0,08	1,15	1,90	1474,00
1782	16.09.2025 19:44:41	17,19	-0,06	0,87	1,46	1473,68
1783	16.09.2025 19:44:42	17,19	-0,08	0,84	1,40	1473,63
1784	16.09.2025 19:44:43	17,19	-0,08	1,06	1,75	1473,89
1785	16.09.2025 19:44:44	17,19	-0,08	1,24	2,05	1474,11
1786	16.09.2025 19:44:45	17,16	-0,08	0,89	1,49	1473,60
1787	16.09.2025 19:44:46	17,16	-0,08	0,89	1,49	1473,60
1788	16.09.2025 19:44:47	17,16	-0,08	0,98	1,63	1473,71
1789	16.09.2025 19:44:48	17,16	-0,08	1,08	1,78	1473,81
1790	16.09.2025 19:44:49	17,16	-0,08	1,04	1,72	1473,77
1791	16.09.2025 19:44:50	17,16	-0,08	0,95	1,58	1473,66
1792	16.09.2025 19:44:51	17,16	-0,08	1,06	1,75	1473,79
1793	16.09.2025 19:44:52	17,16	-0,08	0,87	1,46	1473,58
1794	16.09.2025 19:44:53	17,16	-0,08	1,04	1,72	1473,77
1795	16.09.2025 19:44:54	17,16	-0,08	1,17	1,93	1473,92
1796	16.09.2025 19:44:55	17,16	-0,08	1,08	1,78	1473,81
1797	16.09.2025 19:44:56	17,16	-0,08	0,76	1,28	1473,45
1798	16.09.2025 19:44:57	17,16	-0,08	1,00	1,66	1473,73
1799	16.09.2025 19:44:58	17,16	-0,08	1,19	1,96	1473,95
1800	16.09.2025 19:44:59	17,13	-0,08	1,10	1,81	1473,74
1801	16.09.2025 19:45:00	17,13	-0,08	0,93	1,55	1473,54
1802	16.09.2025 19:45:01	17,13	-0,08	1,04	1,72	1473,67
1803	16.09.2025 19:45:02	17,13	-0,08	1,08	1,78	1473,72
1804	16.09.2025 19:45:03	17,13	-0,06	0,93	1,55	1473,55
1805	16.09.2025 19:45:04	17,13	-0,08	1,02	1,69	1473,65
1806	16.09.2025 19:45:05	17,13	-0,08	1,02	1,69	1473,65
1807	16.09.2025 19:45:06	17,13	-0,08	0,93	1,55	1473,54
1808	16.09.2025 19:45:07	17,13	-0,08	0,93	1,55	1473,54
1809	16.09.2025 19:45:08	17,13	-0,08	1,08	1,78	1473,72
1810	16.09.2025 19:45:09	17,13	-0,08	0,95	1,58	1473,56
1811	16.09.2025 19:45:10	17,13	-0,08	0,87	1,46	1473,48
1812	16.09.2025 19:45:11	17,13	-0,08	1,00	1,66	1473,63
1813	16.09.2025 19:45:12	17,13	-0,08	1,23	2,02	1473,89
1814	16.09.2025 19:45:13	17,13	-0,08	0,95	1,58	1473,56
1815	16.09.2025 19:45:14	17,13	-0,08	0,84	1,40	1473,44
1816	16.09.2025 19:45:15	17,10	-0,10	1,06	1,75	1473,59
1817	16.09.2025 19:45:16	17,10	-0,12	1,06	1,75	1473,59
1818	16.09.2025 19:45:17	17,10	-0,10	1,00	1,66	1473,53
1819	16.09.2025 19:45:18	17,10	-0,10	0,97	1,60	1473,48
1820	16.09.2025 19:45:19	17,10	-0,12	0,98	1,63	1473,50
1821	16.09.2025 19:45:20	17,10	-0,10	0,91	1,52	1473,42
1822	16.09.2025 19:45:21	17,10	-0,10	1,10	1,81	1473,64
1823	16.09.2025 19:45:22	17,10	-0,10	1,06	1,75	1473,59
1824	16.09.2025 19:45:23	17,10	-0,10	0,95	1,58	1473,46
1825	16.09.2025 19:45:24	17,10	-0,12	0,91	1,52	1473,42
1826	16.09.2025 19:45:25	17,10	-0,10	0,93	1,55	1473,44
1827	16.09.2025 19:45:26	17,10	-0,08	1,10	1,81	1473,64
1828	16.09.2025 19:45:27	17,10	-0,10	1,06	1,75	1473,59
1829	16.09.2025 19:45:28	17,10	-0,10	1,02	1,69	1473,55
1830	16.09.2025 19:45:29	17,10	-0,10	0,86	1,43	1473,36
1831	16.09.2025 19:45:30	17,10	-0,10	1,02	1,69	1473,55
1832	16.09.2025 19:45:31	17,07	-0,10	1,17	1,93	1473,62
1833	16.09.2025 19:45:32	17,07	-0,12	1,02	1,69	1473,45
1834	16.09.2025 19:45:33	17,07	-0,12	0,91	1,52	1473,32
1835	16.09.2025 19:45:34	17,07	-0,10	1,00	1,66	1473,43
1836	16.09.2025 19:45:35	17,07	-0,12	1,00	1,66	1473,43
1837	16.09.2025 19:45:36	17,07	-0,10	1,00	1,66	1473,43
1838	16.09.2025 19:45:37	17,07	-0,10	1,02	1,69	1473,45
1839	16.09.2025 19:45:38	17,07	-0,08	1,04	1,72	1473,47
1840	16.09.2025 19:45:39	17,07	-0,10	1,27	2,07	1473,73
1841	16.09.2025 19:45:40	17,07	-0,12	1,30	2,13	1473,77
1842	16.09.2025 19:45:41	17,07	-0,10	1,40	2,28	1473,89
1843	16.09.2025 19:45:42	17,07	-0,10	1,36	2,22	1473,84
1844	16.09.2025 19:45:43	17,07	-0,12	1,38	2,25	1473,86
1845	16.09.2025 19:45:44	17,07	-0,10	1,36	2,22	1473,84
1846	16.09.2025 19:45:45	17,07	-0,10	1,19	1,96	1473,65
1847	16.09.2025 19:45:46	17,04	-0,10	1,02	1,69	1473,35
1848	16.09.2025 19:45:47	17,04	-0,10	0,91	1,52	1473,22
1849	16.09.2025 19:45:48	17,04	-0,10	1,27	2,07	1473,63
1850	16.09.2025 19:45:49	17,04	-0,10	1,25	2,04	1473,61
1851	16.09.2025 19:45:50	17,04	-0,10	1,06	1,75	1473,39
1852	16.09.2025 19:45:51	17,04	-0,10	0,86	1,43	1473,16
1853	16.09.2025 19:45:52	17,04	-0,08	1,06	1,75	1473,40
1854	16.09.2025 19:45:53	17,04	-0,10	1,00	1,66	1473,33
1855	16.09.2025 19:45:54	17,04	-0,10	1,29	2,10	1473,66
1856	16.09.2025 19:45:55	17,04	-0,10	1,29	2,10	1473,66
1857	16.09.2025 19:45:56	17,04	-0,10	1,10	1,81	1473,44
1858	16.09.2025 19:45:57	17,04	-0,10	0,82	1,37	1473,11
1859	16.09.2025 19:45:58	17,01	-0,10	0,80	1,34	1472,99
1860	16.09.2025 19:45:59	17,01	-0,08	0,89	1,49	1473,10
1861	16.09.2025 19:46:00	17,01	-0,10	1,29	2,10	1473,56
1862	16.09.2025 19:46:01	17,01	-0,10	1,19	1,96	1473,45
1863	16.09.2025 19:46:02	17,01	-0,10	0,95	1,58	1473,16
1864	16.09.2025 19:46:03	17,01	-0,10	0,82	1,37	1473,01
1865	16.09.2025 19:46:04	17,01	-0,10	1,02	1,69	1473,25
1866	16.09.2025 19:46:05	17,01	-0,08	1,17	1,93	1473,43
1867	16.09.2025 19:46:06	17,01	-0,10	1,14	1,87	1473,38
1868	16.09.2025 19:46:07	17,01	-0,10	0,97	1,60	1473,19
1869	16.09.2025 19:46:08	17,01	-0,10	0,88	1,46	1473,08
1870	16.09.2025 19:46:09	17,01	-0,10	0,95	1,58	1473,16
1871	16.09.2025 19:46:10	17,01	-0,10	1,14	1,87	1473,38
1872	16.09.2025 19:46:11	16,98	-0,10	1,14	1,87	1473,28
1873	16.09.2025 19:46:12	16,98	-0,08	1,10	1,81	1473,24
1874	16.09.2025 19:46:13	16,98	-0,10	0,93	1,55	1473,04
1875	16.09.2025 19:46:14	16,98	-0,10	0,93	1,55	1473,04
1876	16.09.2025 19:46:15	16,98	-0,08	1,02	1,69	1473,15
1877	16.09.2025 19:46:16	16,98	-0,10	1,10	1,81	1473,24
1878	16.09.2025 19:46:17	16,98	-0,10	1,14	1,87	1473,28
1879	16.09.2025 19:46:18	16,98	-0,08	0,99	1,63	1473,11
1880	16.09.2025 19:46:19	16,98	-0,10	0,95	1,58	1473,07
1881	16.09.2025 19:46:20	16,98	-0,10	1,08	1,78	1473,22
1882	16.09.2025 19:46:21	16,98	-0,10	1,04	1,72	1473,17
1883	16.09.2025 19:46:22	16,98	-0,08	1,02	1,69	1473,15
1884	16.09.2025 19:46:23	16,95	-0,10	0,99	1,63	1473,01
1885	16.09.2025 19:46:24	16,95	-0,08	1,04	1,72	1473,08
1886	16.09.2025 19:46:25	16,95	-0,10	0,97	1,60	1472,99
1887	16.09.2025 19:46:26	16,95	-0,10	0,99	1,63	1473,01
1888	16.09.2025 19:46:27	16,95	-0,10	1,03	1,69	1473,05
1889	16.09.2025 19:46:28	16,95	-0,10	1,01	1,66	1473,03
1890	16.09.2025 19:46:29	16,95	-0,08	1,14	1,87	1473,19
1891	16.09.2025 19:46:30	16,95	-0,10	1,04	1,72	1473,07
1892	16.09.2025 19:46:31	16,95	-0,10	0,90	1,49	1472,90
1893	16.09.2025 19:46:32	16,95	-0,10	0,86	1,43	1472,86
1894	16.09.2025 19:46:33	16,95	-0,10	1,12	1,84	1473,16
1895	16.09.2025 19:46:34	16,95	-0,10	1,08	1,78	1473,12
1896	16.09.2025 19:46:35	16,95	-0,08	0,91	1,52	1472,93
1897	16.09.2025 19:46:36	16,95	-0,10	0,84	1,40	1472,84
1898	16.09.2025 19:46:37	16,95	-0,10	0,99	1,63	1473,01
1899	16.09.2025 19:46:38	16,92	-0,10	1,03	1,69	1472,95
1900	16.09.2025 19:46:39	16,92	-0,10	0,99	1,63	1472,91
1901	16.09.2025 19:46:40	16,92	-0,10	0,97	1,60	1472,89
1902	16.09.2025 19:46:41	16,92	-0,10	1,03	1,69	1472,95
1903	16.09.2025 19:46:42	16,92	-0,08	0,97	1,60	1472,89
1904	16.09.2025 19:46:43	16,92	-0,08	0,90	1,49	1472,80
1905	16.09.2025 19:46:44	16,92	-0,10	0,99	1,63	1472,91
1906	16.09.2025 19:46:45	16,92	-0,10	1,06	1,75	1473,00
1907	16.09.2025 19:46:46	16,92	-0,10	1,06	1,75	1473,00
1908	16.09.2025 19:46:47	16,92	-0,10	0,97	1,60	1472,89
1909	16.09.2025 19:46:48	16,92	-0,10	0,88	1,46	1472,78
1910	16.09.2025 19:46:49	16,92	-0,10	0,88	1,46	1472,78
1911	16.09.2025 19:46:50	16,92	-0,10	1,08	1,78	1473,02
1912	16.09.2025 19:46:51	16,92	-0,10	1,12	1,84	1473,06
1913	16.09.2025 19:46:52	16,92	-0,10	0,99	1,63	1472,91
1914	16.09.2025 19:46:53	16,92	-0,08	0,84	1,40	1472,74
1915	16.09.2025 19:46:54	16,92	-0,10	0,99	1,63	1472,91
1916	16.09.2025 19:46:55	16,92	-0,08	1,08	1,78	1473,02
1917	16.09.2025 19:46:56	16,92	-0,08	0,99	1,63	1472,91
1918	16.09.2025 19:46:57	16,92	-0,10	0,93	1,55	1472,84
1919	16.09.2025 19:46:58	16,92	-0,08	1,03	1,69	1472,96
1920	16.09.2025 19:46:59	16,89	-0,10	1,14	1,87	1472,98
1921	16.09.2025 19:47:00	16,89	-0,10	0,90	1,49	1472,70
1922	16.09.2025 19:47:01	16,89	-0,08	0,84	1,40	1472,64
1923	16.09.2025 19:47:02	16,89	-0,10	1,03	1,69	1472,85
1924	16.09.2025 19:47:03	16,89	-0,08	1,08	1,78	1472,92
1925	16.09.2025 19:47:04	16,89	-0,10	0,97	1,60	1472,79
1926	16.09.2025 19:47:05	16,89	-0,10	0,93	1,55	1472,74
1927	16.09.2025 19:47:06	16,89	-0,08	1,05	1,72	1472,88
1928	16.09.2025 19:47:07	16,89	-0,08	0,99	1,63	1472,81
1929	16.09.2025 19:47:08	16,89	-0,08	0,88	1,46	1472,68
1930	16.09.2025 19:47:09	16,89	-0,10	0,95	1,58	1472,77
1931	16.09.2025 19:47:10	16,89	-0,08	1,03	1,69	1472,86
1932	16.09.2025 19:47:11	16,89	-0,10	1,05	1,72	1472,87
1933	16.09.2025 19:47:12	16,89	-0,08	0,93	1,55	1472,75
1934	16.09.2025 19:47:13	16,86	-0,08	0,93	1,55	1472,65
1935	16.09.2025 19:47:14	16,86	-0,08	1,03	1,69	1472,76
1936	16.09.2025 19:47:15	16,86	-0,08	0,99	1,63	1472,71
1937	16.09.2025 19:47:16	16,86	-0,08	0,95	1,57	1472,67
1938	16.09.2025 19:47:17	16,86	-0,08	0,95	1,57	1472,67
1939	16.09.2025 19:47:18	16,86	-0,08	1,08	1,78	1472,82
1940	16.09.2025 19:47:19	16,86	-0,08	1,05	1,72	1472,78
1941	16.09.2025 19:47:20	16,86	-0,08	0,86	1,43	1472,56
1942	16.09.2025 19:47:21	16,86	-0,10	0,88	1,46	1472,58
1943	16.09.2025 19:47:22	16,86	-0,08	0,99	1,63	1472,71
1944	16.09.2025 19:47:23	16,86	-0,08	1,08	1,78	1472,82
1945	16.09.2025 19:47:24	16,86	-0,08	1,05	1,72	1472,78
1946	16.09.2025 19:47:25	16,86	-0,08	0,93	1,55	1472,65
1947	16.09.2025 19:47:26	16,86	-0,10	0,93	1,55	1472,64
1948	16.09.2025 19:47:27	16,86	-0,10	0,93	1,55	1472,64
1949	16.09.2025 19:47:28	16,86	-0,08	0,99	1,63	1472,71
1950	16.09.2025 19:47:29	16,86	-0,10	1,08	1,78	1472,82
1951	16.09.2025 19:47:30	16,86	-0,10	1,06	1,75	1472,80
1952	16.09.2025 19:47:31	16,86	-0,08	0,95	1,57	1472,67
1953	16.09.2025 19:47:32	16,86	-0,08	0,92	1,52	1472,63
1954	16.09.2025 19:47:33	16,86	-0,10	1,03	1,69	1472,75
1955	16.09.2025 19:47:34	16,83	-0,10	1,07	1,75	1472,70
1956	16.09.2025 19:47:35	16,83	-0,08	0,95	1,57	1472,57
1957	16.09.2025 19:47:36	16,83	-0,10	0,93	1,55	1472,54
1958	16.09.2025 19:47:37	16,83	-0,08	1,03	1,69	1472,66
1959	16.09.2025 19:47:38	16,83	-0,08	1,03	1,69	1472,66
1960	16.09.2025 19:47:39	16,83	-0,10	0,88	1,46	1472,48
1961	16.09.2025 19:47:40	16,83	-0,08	0,95	1,57	1472,57
1962	16.09.2025 19:47:41	16,83	-0,10	1,05	1,72	1472,68
1963	16.09.2025 19:47:42	16,83	-0,10	1,05	1,72	1472,68
1964	16.09.2025 19:47:43	16,83	-0,10	1,01	1,66	1472,63
1965	16.09.2025 19:47:44	16,83	-0,10	0,93	1,55	1472,54
1966	16.09.2025 19:47:45	16,83	-0,08	0,99	1,63	1472,61
1967	16.09.2025 19:47:46	16,83	-0,10	0,99	1,63	1472,61
1968	16.09.2025 19:47:47	16,83	-0,08	1,03	1,69	1472,66
1969	16.09.2025 19:47:48	16,83	-0,08	1,05	1,72	1472,68
1970	16.09.2025 19:47:49	16,83	-0,08	0,92	1,52	1472,53
1971	16.09.2025 19:47:50	16,83	-0,08	0,95	1,57	1472,57
1972	16.09.2025 19:47:51	16,80	-0,08	0,99	1,63	1472,51
1973	16.09.2025 19:47:52	16,80	-0,08	1,07	1,75	1472,60
1974	16.09.2025 19:47:53	16,80	-0,08	1,01	1,66	1472,53
1975	16.09.2025 19:47:54	16,80	-0,10	0,95	1,57	1472,47
1976	16.09.2025 19:47:55	16,80	-0,08	0,95	1,57	1472,47
1977	16.09.2025 19:47:56	16,80	-0,08	0,97	1,60	1472,49
1978	16.09.2025 19:47:57	16,80	-0,08	1,01	1,66	1472,53
1979	16.09.2025 19:47:58	16,80	-0,10	1,01	1,66	1472,53
1980	16.09.2025 19:47:59	16,80	-0,08	0,95	1,57	1472,47
1981	16.09.2025 19:48:00	16,80	-0,10	0,99	1,63	1472,51
1982	16.09.2025 19:48:01	16,80	-0,10	1,05	1,72	1472,58
1983	16.09.2025 19:48:02	16,80	-0,08	1,05	1,72	1472,58
1984	16.09.2025 19:48:03	16,80	-0,08	1,03	1,69	1472,56
1985	16.09.2025 19:48:04	16,80	-0,08	1,01	1,66	1472,53
1986	16.09.2025 19:48:05	16,80	-0,08	1,01	1,66	1472,53
1987	16.09.2025 19:48:06	16,80	-0,08	0,95	1,57	1472,47
1988	16.09.2025 19:48:07	16,80	-0,08	0,97	1,60	1472,49
1989	16.09.2025 19:48:08	16,80	-0,10	1,03	1,69	1472,55
1990	16.09.2025 19:48:09	16,80	-0,08	0,99	1,63	1472,51
1991	16.09.2025 19:48:10	16,77	-0,10	0,94	1,55	1472,34
1992	16.09.2025 19:48:11	16,77	-0,10	1,01	1,66	1472,43
1993	16.09.2025 19:48:12	16,77	-0,08	1,03	1,69	1472,46
1994	16.09.2025 19:48:13	16,77	-0,10	0,95	1,57	1472,37
1995	16.09.2025 19:48:14	16,77	-0,08	0,95	1,57	1472,37
1996	16.09.2025 19:48:15	16,77	-0,08	1,12	1,84	1472,57
1997	16.09.2025 19:48:16	16,77	-0,10	1,12	1,84	1472,56
1998	16.09.2025 19:48:17	16,77	-0,10	0,94	1,55	1472,34
1999	16.09.2025 19:48:18	16,77	-0,08	0,83	1,37	1472,22
2000	16.09.2025 19:48:19	16,77	-0,10	0,90	1,49	1472,30
2001	16.09.2025 19:48:20	16,77	-0,08	1,12	1,84	1472,57
2002	16.09.2025 19:48:21	16,77	-0,08	1,14	1,87	1472,59
2003	16.09.2025 19:48:22	16,77	-0,10	1,01	1,66	1472,43
2004	16.09.2025 19:48:23	16,77	-0,08	0,88	1,46	1472,28
2005	16.09.2025 19:48:24	16,77	-0,08	0,95	1,57	1472,37
2006	16.09.2025 19:48:25	16,74	-0,10	1,22	1,99	1472,57
2007	16.09.2025 19:48:26	16,77	-0,10	1,09	1,78	1472,52
2008	16.09.2025 19:48:27	16,74	-0,12	0,88	1,46	1472,18
2009	16.09.2025 19:48:28	16,74	-0,10	0,90	1,49	1472,20
2010	16.09.2025 19:48:29	16,74	-0,10	1,03	1,69	1472,35
2011	16.09.2025 19:48:30	16,74	-0,10	1,07	1,75	1472,40
2012	16.09.2025 19:48:31	16,74	-0,10	0,99	1,63	1472,31
2013	16.09.2025 19:48:32	16,74	-0,10	0,99	1,63	1472,31
2014	16.09.2025 19:48:33	16,74	-0,12	1,07	1,75	1472,39
2015	16.09.2025 19:48:34	16,74	-0,10	1,03	1,69	1472,35
2016	16.09.2025 19:48:35	16,74	-0,10	1,05	1,72	1472,38
2017	16.09.2025 19:48:36	16,71	-0,10	1,03	1,69	1472,25
2018	16.09.2025 19:48:37	16,71	-0,08	1,01	1,66	1472,23
2019	16.09.2025 19:48:38	16,71	-0,10	1,03	1,69	1472,25
2020	16.09.2025 19:48:39	16,71	-0,10	0,90	1,49	1472,10
2021	16.09.2025 19:48:40	16,71	-0,10	0,96	1,57	1472,17
2022	16.09.2025 19:48:41	16,71	-0,10	1,14	1,87	1472,38
2023	16.09.2025 19:48:42	16,68	-0,10	1,11	1,81	1472,24
2024	16.09.2025 19:48:43	16,68	-0,10	0,94	1,55	1472,04
2025	16.09.2025 19:48:44	16,68	-0,10	0,94	1,55	1472,04
2026	16.09.2025 19:48:45	16,68	-0,10	1,11	1,81	1472,24
2027	16.09.2025 19:48:46	16,68	-0,10	1,03	1,69	1472,15
2028	16.09.2025 19:48:47	16,68	-0,08	0,90	1,49	1472,00
2029	16.09.2025 19:48:48	16,68	-0,10	0,88	1,46	1471,98
2030	16.09.2025 19:48:49	16,68	-0,10	0,90	1,49	1472,00
2031	16.09.2025 19:48:50	16,68	-0,08	0,98	1,60	1472,09
2032	16.09.2025 19:48:51	16,65	-0,10	1,01	1,66	1472,03
2033	16.09.2025 19:48:52	16,65	-0,08	1,01	1,66	1472,03
2034	16.09.2025 19:48:53	16,65	-0,10	1,01	1,66	1472,03
2035	16.09.2025 19:48:54	16,65	-0,10	0,99	1,63	1472,01
2036	16.09.2025 19:48:55	16,65	-0,10	1,03	1,69	1472,05
2037	16.09.2025 19:48:56	16,65	-0,10	1,03	1,69	1472,05
2038	16.09.2025 19:48:57	16,65	-0,10	1,03	1,69	1472,05
2039	16.09.2025 19:48:58	16,65	-0,10	1,01	1,66	1472,03
2040	16.09.2025 19:48:59	16,65	-0,10	0,90	1,49	1471,90
2041	16.09.2025 19:49:00	16,65	-0,10	0,96	1,57	1471,96
2042	16.09.2025 19:49:01	16,65	-0,10	1,05	1,72	1472,07
2043	16.09.2025 19:49:02	16,65	-0,10	1,05	1,72	1472,07
2044	16.09.2025 19:49:03	16,62	-0,10	0,88	1,46	1471,78
2045	16.09.2025 19:49:04	16,62	-0,10	0,85	1,40	1471,73
2046	16.09.2025 19:49:05	16,62	-0,08	1,11	1,81	1472,04
2047	16.09.2025 19:49:06	16,62	-0,10	1,15	1,87	1472,08
2048	16.09.2025 19:49:07	16,62	-0,08	0,98	1,60	1471,89
2049	16.09.2025 19:49:08	16,62	-0,10	0,83	1,37	1471,71
2050	16.09.2025 19:49:09	16,62	-0,10	0,92	1,52	1471,82
2051	16.09.2025 19:49:10	16,62	-0,10	1,00	1,63	1471,91
2052	16.09.2025 19:49:11	16,62	-0,10	1,01	1,66	1471,93
2053	16.09.2025 19:49:12	16,62	-0,10	1,03	1,69	1471,95
2054	16.09.2025 19:49:13	16,62	-0,10	1,07	1,75	1472,00
2055	16.09.2025 19:49:14	16,62	-0,10	0,94	1,55	1471,84
2056	16.09.2025 19:49:15	16,62	-0,10	0,87	1,43	1471,76
2057	16.09.2025 19:49:16	16,62	-0,10	0,98	1,60	1471,89
2058	16.09.2025 19:49:17	16,62	-0,08	1,15	1,87	1472,09
2059	16.09.2025 19:49:18	16,62	-0,10	1,05	1,72	1471,97
2060	16.09.2025 19:49:19	16,62	-0,10	0,92	1,52	1471,82
2061	16.09.2025 19:49:20	16,62	-0,08	0,96	1,57	1471,87
2062	16.09.2025 19:49:21	16,62	-0,10	1,00	1,63	1471,91
2063	16.09.2025 19:49:22	16,62	-0,10	1,01	1,66	1471,93
2064	16.09.2025 19:49:23	16,62	-0,10	0,94	1,55	1471,84
2065	16.09.2025 19:49:24	16,59	-0,10	1,00	1,63	1471,81
2066	16.09.2025 19:49:25	16,59	-0,10	1,03	1,69	1471,85
2067	16.09.2025 19:49:26	16,59	-0,10	0,92	1,52	1471,72
2068	16.09.2025 19:49:27	16,59	-0,10	0,88	1,46	1471,68
2069	16.09.2025 19:49:28	16,59	-0,10	0,98	1,60	1471,79
2070	16.09.2025 19:49:29	16,59	-0,08	1,17	1,90	1472,01
2071	16.09.2025 19:49:30	16,59	-0,10	1,05	1,72	1471,87
2072	16.09.2025 19:49:31	16,59	-0,10	0,81	1,34	1471,59
2073	16.09.2025 19:49:32	16,59	-0,10	0,88	1,46	1471,68
2074	16.09.2025 19:49:33	16,59	-0,10	1,07	1,75	1471,89
2075	16.09.2025 19:49:34	16,59	-0,08	1,05	1,72	1471,88
2076	16.09.2025 19:49:35	16,59	-0,10	1,01	1,66	1471,83
2077	16.09.2025 19:49:36	16,59	-0,10	0,98	1,60	1471,79
2078	16.09.2025 19:49:37	16,59	-0,10	0,96	1,57	1471,76
2079	16.09.2025 19:49:38	16,59	-0,10	0,92	1,52	1471,72
2080	16.09.2025 19:49:39	16,59	-0,10	1,05	1,72	1471,87
2081	16.09.2025 19:49:40	16,59	-0,10	1,09	1,78	1471,92
2082	16.09.2025 19:49:41	16,59	-0,10	1,00	1,63	1471,81
2083	16.09.2025 19:49:42	16,59	-0,10	0,90	1,49	1471,70
2084	16.09.2025 19:49:43	16,59	-0,10	1,03	1,69	1471,85
2085	16.09.2025 19:49:44	16,59	-0,10	1,17	1,90	1472,01
2086	16.09.2025 19:49:45	16,59	-0,10	1,01	1,66	1471,83
2087	16.09.2025 19:49:46	16,59	-0,10	0,83	1,37	1471,61
2088	16.09.2025 19:49:47	16,59	-0,10	0,88	1,46	1471,68
2089	16.09.2025 19:49:48	16,59	-0,10	1,18	1,93	1472,03
2090	16.09.2025 19:49:49	16,56	-0,10	1,20	1,96	1471,95
2091	16.09.2025 19:49:50	16,56	-0,10	0,92	1,52	1471,62
2092	16.09.2025 19:49:51	16,56	-0,10	0,79	1,31	1471,47
2093	16.09.2025 19:49:52	16,56	-0,10	0,94	1,54	1471,64
2094	16.09.2025 19:49:53	16,56	-0,10	1,09	1,78	1471,82
2095	16.09.2025 19:49:54	16,56	-0,10	1,17	1,90	1471,90
2096	16.09.2025 19:49:55	16,56	-0,10	0,96	1,57	1471,66
2097	16.09.2025 19:49:56	16,56	-0,10	0,85	1,40	1471,53
2098	16.09.2025 19:49:57	16,56	-0,10	0,92	1,52	1471,62
2099	16.09.2025 19:49:58	16,56	-0,10	1,17	1,90	1471,90
2100	16.09.2025 19:49:59	16,56	-0,10	1,15	1,87	1471,88
2101	16.09.2025 19:50:00	16,56	-0,10	1,07	1,75	1471,79
2102	16.09.2025 19:50:01	16,56	-0,10	0,96	1,57	1471,66
2103	16.09.2025 19:50:02	16,56	-0,10	0,88	1,46	1471,58
2104	16.09.2025 19:50:03	16,56	-0,08	0,96	1,57	1471,67
2105	16.09.2025 19:50:04	16,56	-0,10	1,15	1,87	1471,88
2106	16.09.2025 19:50:05	16,56	-0,10	1,09	1,78	1471,82
2107	16.09.2025 19:50:06	16,56	-0,10	0,96	1,57	1471,66
2108	16.09.2025 19:50:07	16,53	-0,08	0,94	1,55	1471,54
2109	16.09.2025 19:50:08	16,53	-0,10	1,00	1,63	1471,61
2110	16.09.2025 19:50:09	16,53	-0,10	1,05	1,72	1471,67
2111	16.09.2025 19:50:10	16,53	-0,08	1,07	1,75	1471,70
2112	16.09.2025 19:50:11	16,53	-0,08	1,03	1,69	1471,65
2113	16.09.2025 19:50:12	16,53	-0,08	0,98	1,60	1471,59
2114	16.09.2025 19:50:13	16,53	-0,08	1,02	1,66	1471,63
2115	16.09.2025 19:50:14	16,53	-0,08	1,00	1,63	1471,61
2116	16.09.2025 19:50:15	16,53	-0,10	0,98	1,60	1471,58
2117	16.09.2025 19:50:16	16,53	-0,10	1,00	1,63	1471,61
2118	16.09.2025 19:50:17	16,53	-0,08	1,05	1,72	1471,67
2119	16.09.2025 19:50:18	16,53	-0,10	1,03	1,69	1471,65
2120	16.09.2025 19:50:19	16,53	-0,08	1,07	1,75	1471,70
2121	16.09.2025 19:50:20	16,53	-0,10	1,02	1,66	1471,63
2122	16.09.2025 19:50:21	16,53	-0,08	0,94	1,54	1471,54
2123	16.09.2025 19:50:22	16,53	-0,08	0,96	1,57	1471,56
2124	16.09.2025 19:50:23	16,53	-0,10	1,09	1,78	1471,72
2125	16.09.2025 19:50:24	16,53	-0,08	1,07	1,75	1471,70
2126	16.09.2025 19:50:25	16,53	-0,08	0,89	1,46	1471,48
2127	16.09.2025 19:50:26	16,50	-0,10	0,89	1,46	1471,37
2128	16.09.2025 19:50:27	16,50	-0,10	1,04	1,69	1471,55
2129	16.09.2025 19:50:28	16,50	-0,08	1,11	1,81	1471,64
2130	16.09.2025 19:50:29	16,50	-0,08	1,00	1,63	1471,51
2131	16.09.2025 19:50:30	16,50	-0,08	0,98	1,60	1471,49
2132	16.09.2025 19:50:31	16,50	-0,10	0,98	1,60	1471,48
2133	16.09.2025 19:50:32	16,50	-0,08	1,07	1,75	1471,60
2134	16.09.2025 19:50:33	16,50	-0,08	1,04	1,69	1471,55
2135	16.09.2025 19:50:34	16,50	-0,08	0,92	1,52	1471,42
2136	16.09.2025 19:50:35	16,50	-0,10	0,89	1,46	1471,37
2137	16.09.2025 19:50:36	16,50	-0,10	1,05	1,72	1471,57
2138	16.09.2025 19:50:37	16,50	-0,08	1,15	1,87	1471,68
2139	16.09.2025 19:50:38	16,50	-0,10	1,05	1,72	1471,57
2140	16.09.2025 19:50:39	16,50	-0,10	0,89	1,46	1471,37
2141	16.09.2025 19:50:40	16,50	-0,08	0,89	1,46	1471,38
2142	16.09.2025 19:50:41	16,50	-0,08	1,09	1,78	1471,62
2143	16.09.2025 19:50:42	16,50	-0,10	1,13	1,84	1471,66
2144	16.09.2025 19:50:43	16,47	-0,08	1,06	1,72	1471,47
2145	16.09.2025 19:50:44	16,50	-0,08	0,94	1,54	1471,44
2146	16.09.2025 19:50:45	16,47	-0,08	0,91	1,49	1471,30
2147	16.09.2025 19:50:46	16,47	-0,08	1,04	1,69	1471,45
2148	16.09.2025 19:50:47	16,47	-0,08	1,06	1,72	1471,47
2149	16.09.2025 19:50:48	16,47	-0,10	1,00	1,63	1471,40
2150	16.09.2025 19:50:49	16,47	-0,08	1,07	1,75	1471,49
2151	16.09.2025 19:50:50	16,47	-0,08	1,04	1,69	1471,45
2152	16.09.2025 19:50:51	16,47	-0,10	0,96	1,57	1471,36
2153	16.09.2025 19:50:52	16,47	-0,08	0,92	1,52	1471,32
2154	16.09.2025 19:50:53	16,47	-0,08	1,06	1,72	1471,47
2155	16.09.2025 19:50:54	16,47	-0,10	1,09	1,78	1471,51
2156	16.09.2025 19:50:55	16,47	-0,08	0,98	1,60	1471,38
2157	16.09.2025 19:50:56	16,47	-0,08	0,92	1,52	1471,32
2158	16.09.2025 19:50:57	16,47	-0,08	0,98	1,60	1471,38
2159	16.09.2025 19:50:58	16,47	-0,08	1,11	1,81	1471,54
2160	16.09.2025 19:50:59	16,47	-0,10	1,15	1,87	1471,58
2161	16.09.2025 19:51:00	16,47	-0,10	1,00	1,63	1471,40
2162	16.09.2025 19:51:01	16,47	-0,08	0,91	1,49	1471,30
2163	16.09.2025 19:51:02	16,47	-0,10	0,94	1,54	1471,34
2164	16.09.2025 19:51:03	16,47	-0,08	1,00	1,63	1471,41
2165	16.09.2025 19:51:04	16,47	-0,08	1,07	1,75	1471,49
2166	16.09.2025 19:51:05	16,47	-0,10	1,04	1,69	1471,45
2167	16.09.2025 19:51:06	16,47	-0,08	1,06	1,72	1471,47
2168	16.09.2025 19:51:07	16,47	-0,08	1,02	1,66	1471,43
2169	16.09.2025 19:51:08	16,47	-0,08	0,92	1,52	1471,32
2170	16.09.2025 19:51:09	16,47	-0,10	0,92	1,52	1471,32
2171	16.09.2025 19:51:10	16,47	-0,08	1,11	1,81	1471,54
2172	16.09.2025 19:51:11	16,47	-0,08	1,17	1,90	1471,61
2173	16.09.2025 19:51:12	16,47	-0,08	1,00	1,63	1471,41
2174	16.09.2025 19:51:13	16,47	-0,10	0,83	1,37	1471,21
2175	16.09.2025 19:51:14	16,47	-0,08	0,92	1,52	1471,32
2176	16.09.2025 19:51:15	16,47	-0,08	1,13	1,84	1471,56
2177	16.09.2025 19:51:16	16,47	-0,08	1,09	1,78	1471,52
2178	16.09.2025 19:51:17	16,44	-0,08	0,94	1,54	1471,24
2179	16.09.2025 19:51:18	16,44	-0,08	0,91	1,49	1471,20
2180	16.09.2025 19:51:19	16,44	-0,10	1,00	1,63	1471,30
2181	16.09.2025 19:51:20	16,44	-0,08	1,04	1,69	1471,35
2182	16.09.2025 19:51:21	16,44	-0,08	0,98	1,60	1471,28
2183	16.09.2025 19:51:22	16,44	-0,08	0,98	1,60	1471,28
2184	16.09.2025 19:51:23	16,44	-0,08	1,13	1,84	1471,46
2185	16.09.2025 19:51:24	16,44	-0,08	1,09	1,78	1471,42
2186	16.09.2025 19:51:25	16,44	-0,08	0,96	1,57	1471,26
2187	16.09.2025 19:51:26	16,44	-0,08	0,87	1,43	1471,15
2188	16.09.2025 19:51:27	16,44	-0,06	0,91	1,49	1471,20
2189	16.09.2025 19:51:28	16,44	-0,08	1,07	1,75	1471,39
2190	16.09.2025 19:51:29	16,44	-0,08	1,11	1,81	1471,44
2191	16.09.2025 19:51:30	16,44	-0,10	0,94	1,54	1471,24
2192	16.09.2025 19:51:31	16,44	-0,10	0,91	1,49	1471,19
2193	16.09.2025 19:51:32	16,44	-0,08	0,96	1,57	1471,26
2194	16.09.2025 19:51:33	16,44	-0,08	1,09	1,78	1471,42
2195	16.09.2025 19:51:34	16,44	-0,08	1,13	1,84	1471,46
2196	16.09.2025 19:51:35	16,44	-0,08	1,02	1,66	1471,33
2197	16.09.2025 19:51:36	16,44	-0,08	0,92	1,52	1471,22
2198	16.09.2025 19:51:37	16,44	-0,08	0,91	1,49	1471,20
2199	16.09.2025 19:51:38	16,44	-0,08	1,00	1,63	1471,30
2200	16.09.2025 19:51:39	16,44	-0,08	1,06	1,72	1471,37
2201	16.09.2025 19:51:40	16,44	-0,08	1,06	1,72	1471,37
2202	16.09.2025 19:51:41	16,44	-0,08	1,00	1,63	1471,30
2203	16.09.2025 19:51:42	16,44	-0,08	0,92	1,52	1471,22
2204	16.09.2025 19:51:43	16,44	-0,08	1,04	1,69	1471,35
2205	16.09.2025 19:51:44	16,41	-0,08	1,08	1,75	1471,29
2206	16.09.2025 19:51:45	16,41	-0,10	1,06	1,72	1471,27
2207	16.09.2025 19:51:46	16,41	-0,10	1,04	1,69	1471,24
2208	16.09.2025 19:51:47	16,41	-0,10	0,98	1,60	1471,18
2209	16.09.2025 19:51:48	16,41	-0,10	0,96	1,57	1471,16
2210	16.09.2025 19:51:49	16,41	-0,10	0,94	1,54	1471,13
2211	16.09.2025 19:51:50	16,41	-0,10	1,08	1,75	1471,29
2212	16.09.2025 19:51:51	16,41	-0,10	1,04	1,69	1471,24
2213	16.09.2025 19:51:52	16,41	-0,08	1,00	1,63	1471,20
2214	16.09.2025 19:51:53	16,41	-0,10	0,96	1,57	1471,16
2215	16.09.2025 19:51:54	16,41	-0,10	0,96	1,57	1471,16
2216	16.09.2025 19:51:55	16,41	-0,10	1,08	1,75	1471,29
2217	16.09.2025 19:51:56	16,41	-0,12	1,04	1,69	1471,24
2218	16.09.2025 19:51:57	16,41	-0,10	0,98	1,60	1471,18
2219	16.09.2025 19:51:58	16,41	-0,10	1,00	1,63	1471,20
2220	16.09.2025 19:51:59	16,41	-0,10	0,98	1,60	1471,18
2221	16.09.2025 19:52:00	16,41	-0,10	0,94	1,54	1471,13
2222	16.09.2025 19:52:01	16,41	-0,10	0,93	1,52	1471,11
2223	16.09.2025 19:52:02	16,41	-0,10	1,04	1,69	1471,24
2224	16.09.2025 19:52:03	16,41	-0,10	1,13	1,84	1471,36
2225	16.09.2025 19:52:04	16,41	-0,10	1,09	1,78	1471,31
2226	16.09.2025 19:52:05	16,38	-0,10	0,93	1,52	1471,01
2227	16.09.2025 19:52:06	16,38	-0,10	0,85	1,40	1470,92
2228	16.09.2025 19:52:07	16,38	-0,10	1,00	1,63	1471,10
2229	16.09.2025 19:52:08	16,38	-0,10	1,10	1,78	1471,21
2230	16.09.2025 19:52:09	16,38	-0,12	1,17	1,90	1471,30
2231	16.09.2025 19:52:10	16,38	-0,10	1,02	1,66	1471,12
2232	16.09.2025 19:52:11	16,38	-0,10	0,80	1,31	1470,86
2233	16.09.2025 19:52:12	16,38	-0,12	0,89	1,46	1470,96
2234	16.09.2025 19:52:13	16,38	-0,10	1,13	1,84	1471,25
2235	16.09.2025 19:52:14	16,38	-0,10	1,15	1,87	1471,28
2236	16.09.2025 19:52:15	16,38	-0,10	0,91	1,49	1470,99
2237	16.09.2025 19:52:16	16,38	-0,10	0,81	1,34	1470,88
2238	16.09.2025 19:52:17	16,38	-0,10	0,96	1,57	1471,06
2239	16.09.2025 19:52:18	16,35	-0,10	1,10	1,78	1471,11
2240	16.09.2025 19:52:19	16,35	-0,12	1,00	1,63	1470,99
2241	16.09.2025 19:52:20	16,35	-0,10	0,95	1,54	1470,93
2242	16.09.2025 19:52:21	16,35	-0,10	1,02	1,66	1471,02
2243	16.09.2025 19:52:22	16,35	-0,10	1,04	1,69	1471,04
2244	16.09.2025 19:52:23	16,35	-0,10	0,96	1,57	1470,95
2245	16.09.2025 19:52:24	16,35	-0,10	0,91	1,49	1470,89
2246	16.09.2025 19:52:25	16,35	-0,08	1,04	1,69	1471,04
2247	16.09.2025 19:52:26	16,35	-0,10	1,10	1,78	1471,11
2248	16.09.2025 19:52:27	16,35	-0,10	0,96	1,57	1470,95
2249	16.09.2025 19:52:28	16,35	-0,12	0,81	1,34	1470,78
2250	16.09.2025 19:52:29	16,35	-0,10	1,02	1,66	1471,02
2251	16.09.2025 19:52:30	16,35	-0,10	1,10	1,78	1471,11
2252	16.09.2025 19:52:31	16,35	-0,10	0,98	1,60	1470,98
2253	16.09.2025 19:52:32	16,35	-0,10	0,89	1,46	1470,87
2254	16.09.2025 19:52:33	16,35	-0,10	0,95	1,54	1470,93
2255	16.09.2025 19:52:34	16,35	-0,10	1,04	1,69	1471,04
2256	16.09.2025 19:52:35	16,35	-0,10	0,95	1,54	1470,93
2257	16.09.2025 19:52:36	16,35	-0,10	0,87	1,43	1470,84
2258	16.09.2025 19:52:37	16,35	-0,10	0,93	1,52	1470,91
2259	16.09.2025 19:52:38	16,35	-0,10	1,04	1,69	1471,04
2260	16.09.2025 19:52:39	16,35	-0,10	1,10	1,78	1471,11
2261	16.09.2025 19:52:40	16,35	-0,10	0,89	1,46	1470,87
2262	16.09.2025 19:52:41	16,35	-0,10	0,74	1,22	1470,69
2263	16.09.2025 19:52:42	16,32	-0,10	0,71	1,18	1470,56
2264	16.09.2025 19:52:43	16,35	-0,08	0,69	1,15	1470,64
2265	16.09.2025 19:52:44	16,32	-0,10	0,47	0,80	1470,28
2266	16.09.2025 19:52:45	16,32	-0,10	0,58	0,97	1470,40
2267	16.09.2025 19:52:46	16,32	-0,10	0,60	1,00	1470,43
2268	16.09.2025 19:52:47	16,32	-0,10	0,44	0,74	1470,23
2269	16.09.2025 19:52:48	16,32	-0,10	0,44	0,74	1470,23
2270	16.09.2025 19:52:49	16,32	-0,10	0,53	0,88	1470,34
2271	16.09.2025 19:52:50	16,32	-0,10	0,53	0,88	1470,34
2272	16.09.2025 19:52:51	16,32	-0,10	0,67	1,12	1470,51
2273	16.09.2025 19:52:52	16,32	-0,10	0,71	1,18	1470,56
2274	16.09.2025 19:52:53	16,32	-0,10	0,56	0,94	1470,38
2275	16.09.2025 19:52:54	16,32	-0,10	0,67	1,12	1470,51
2276	16.09.2025 19:52:55	16,32	-0,12	0,76	1,25	1470,61
2277	16.09.2025 19:52:56	16,32	-0,10	0,60	1,00	1470,43
2278	16.09.2025 19:52:57	16,32	-0,10	0,53	0,88	1470,34
2279	16.09.2025 19:52:58	16,32	-0,10	0,55	0,91	1470,36
2280	16.09.2025 19:52:59	16,32	-0,08	0,69	1,15	1470,54
2281	16.09.2025 19:53:00	16,32	-0,10	0,47	0,80	1470,28
2282	16.09.2025 19:53:01	16,32	-0,10	0,40	0,68	1470,19
2283	16.09.2025 19:53:02	16,32	-0,10	0,74	1,22	1470,59
2284	16.09.2025 19:53:03	16,32	-0,10	0,87	1,43	1470,74
2285	16.09.2025 19:53:04	16,32	-0,10	0,69	1,15	1470,53
2286	16.09.2025 19:53:05	16,32	-0,10	0,80	1,31	1470,66
2287	16.09.2025 19:53:06	16,32	-0,08	0,89	1,46	1470,77
2288	16.09.2025 19:53:07	16,32	-0,10	0,71	1,18	1470,56
2289	16.09.2025 19:53:08	16,32	-0,10	0,82	1,34	1470,68
2290	16.09.2025 19:53:09	16,29	-0,10	0,89	1,46	1470,66
2291	16.09.2025 19:53:10	16,29	-0,08	1,04	1,69	1470,84
2292	16.09.2025 19:53:11	16,32	-0,08	1,06	1,72	1470,97
2293	16.09.2025 19:53:12	16,29	-0,08	0,83	1,37	1470,60
2294	16.09.2025 19:53:13	16,29	-0,10	0,98	1,60	1470,77
2295	16.09.2025 19:53:14	16,29	-0,08	1,37	2,19	1471,22
2296	16.09.2025 19:53:15	16,29	-0,10	1,19	1,92	1471,02
2297	16.09.2025 19:53:16	16,29	-0,08	0,98	1,60	1470,78
2298	16.09.2025 19:53:17	16,29	-0,10	1,37	2,19	1471,22
2299	16.09.2025 19:53:18	16,29	-0,08	0,93	1,51	1470,71
2300	16.09.2025 19:53:19	16,29	-0,10	1,14	1,84	1470,95
2301	16.09.2025 19:53:20	16,29	-0,08	1,21	1,95	1471,04
2302	16.09.2025 19:53:21	16,29	-0,10	1,10	1,78	1470,91
2303	16.09.2025 19:53:22	16,29	-0,08	1,10	1,78	1470,91
2304	16.09.2025 19:53:23	16,29	-0,10	1,39	2,22	1471,24
2305	16.09.2025 19:53:24	16,29	-0,10	1,29	2,07	1471,13
2306	16.09.2025 19:53:25	16,29	-0,08	0,89	1,46	1470,67
2307	16.09.2025 19:53:26	16,29	-0,10	1,37	2,19	1471,22
2308	16.09.2025 19:53:27	16,29	-0,08	1,15	1,87	1470,98
2309	16.09.2025 19:53:28	16,29	-0,10	1,14	1,84	1470,95
2310	16.09.2025 19:53:29	16,29	-0,08	0,87	1,43	1470,64
2311	16.09.2025 19:53:30	16,29	-0,10	1,23	1,98	1471,06
2312	16.09.2025 19:53:31	16,29	-0,08	1,00	1,63	1470,80
2313	16.09.2025 19:53:32	16,29	-0,10	1,25	2,01	1471,08
2314	16.09.2025 19:53:33	16,29	-0,10	0,98	1,60	1470,77
2315	16.09.2025 19:53:34	16,29	-0,10	1,00	1,63	1470,79
2316	16.09.2025 19:53:35	16,29	-0,10	1,29	2,07	1471,13
2317	16.09.2025 19:53:36	16,29	-0,10	1,10	1,78	1470,91
2318	16.09.2025 19:53:37	16,29	-0,10	1,19	1,92	1471,02
2319	16.09.2025 19:53:38	16,29	-0,08	0,91	1,49	1470,69
2320	16.09.2025 19:53:39	16,29	-0,10	1,12	1,81	1470,93
2321	16.09.2025 19:53:40	16,29	-0,10	1,04	1,69	1470,84
2322	16.09.2025 19:53:41	16,29	-0,10	1,19	1,92	1471,02
2323	16.09.2025 19:53:42	16,29	-0,10	1,00	1,63	1470,79
2324	16.09.2025 19:53:43	16,26	-0,10	1,23	1,98	1470,96
2325	16.09.2025 19:53:44	16,26	-0,08	1,02	1,66	1470,72
2326	16.09.2025 19:53:45	16,26	-0,08	1,19	1,92	1470,92
2327	16.09.2025 19:53:46	16,26	-0,10	1,04	1,69	1470,74
2328	16.09.2025 19:53:47	16,26	-0,10	1,08	1,75	1470,78
2329	16.09.2025 19:53:48	16,26	-0,10	1,14	1,84	1470,85
2330	16.09.2025 19:53:49	16,26	-0,10	0,93	1,51	1470,60
2331	16.09.2025 19:53:50	16,26	-0,10	1,35	2,16	1471,10
2332	16.09.2025 19:53:51	16,26	-0,12	0,91	1,49	1470,58
2333	16.09.2025 19:53:52	16,26	-0,10	1,04	1,69	1470,74
2334	16.09.2025 19:53:53	16,26	-0,10	1,12	1,81	1470,83
2335	16.09.2025 19:53:54	16,26	-0,10	1,31	2,10	1471,05
2336	16.09.2025 19:53:55	16,26	-0,10	0,87	1,43	1470,54
2337	16.09.2025 19:53:56	16,26	-0,08	1,14	1,84	1470,85
2338	16.09.2025 19:53:57	16,26	-0,10	1,10	1,78	1470,80
2339	16.09.2025 19:53:58	16,26	-0,10	0,93	1,51	1470,60
2340	16.09.2025 19:53:59	16,26	-0,10	1,12	1,81	1470,83
2341	16.09.2025 19:54:00	16,26	-0,10	1,12	1,81	1470,83
2342	16.09.2025 19:54:01	16,26	-0,08	1,16	1,87	1470,87
2343	16.09.2025 19:54:02	16,26	-0,10	0,68	1,12	1470,31
2344	16.09.2025 19:54:03	16,26	-0,10	1,29	2,07	1471,03
2345	16.09.2025 19:54:04	16,26	-0,10	1,19	1,92	1470,92
2346	16.09.2025 19:54:05	16,26	-0,10	0,98	1,60	1470,67
2347	16.09.2025 19:54:06	16,26	-0,10	0,95	1,54	1470,63
2348	16.09.2025 19:54:07	16,26	-0,10	1,21	1,95	1470,94
2349	16.09.2025 19:54:08	16,26	-0,10	1,08	1,75	1470,78
2350	16.09.2025 19:54:09	16,26	-0,10	1,02	1,66	1470,71
2351	16.09.2025 19:54:10	16,26	-0,08	1,17	1,90	1470,90
2352	16.09.2025 19:54:11	16,26	-0,10	1,12	1,81	1470,83
2353	16.09.2025 19:54:12	16,26	-0,10	1,17	1,90	1470,89
2354	16.09.2025 19:54:13	16,26	-0,10	0,85	1,40	1470,52
2355	16.09.2025 19:54:14	16,26	-0,10	1,21	1,95	1470,94
2356	16.09.2025 19:54:15	16,26	-0,10	0,89	1,46	1470,56
2357	16.09.2025 19:54:16	16,23	-0,10	1,35	2,16	1470,99
2358	16.09.2025 19:54:17	16,26	-0,08	1,10	1,78	1470,81
2359	16.09.2025 19:54:18	16,23	-0,08	1,00	1,63	1470,59
2360	16.09.2025 19:54:19	16,26	-0,08	1,00	1,63	1470,70
2361	16.09.2025 19:54:20	16,23	-0,10	1,19	1,92	1470,81
2362	16.09.2025 19:54:21	16,23	-0,10	1,10	1,78	1470,70
2363	16.09.2025 19:54:22	16,23	-0,08	1,14	1,84	1470,75
2364	16.09.2025 19:54:23	16,23	-0,10	1,23	1,98	1470,86
2365	16.09.2025 19:54:24	16,23	-0,10	0,95	1,54	1470,52
2366	16.09.2025 19:54:25	16,23	-0,08	1,12	1,81	1470,73
2367	16.09.2025 19:54:26	16,23	-0,10	0,99	1,60	1470,57
2368	16.09.2025 19:54:27	16,23	-0,10	1,19	1,92	1470,81
2369	16.09.2025 19:54:28	16,23	-0,10	0,97	1,57	1470,55
2370	16.09.2025 19:54:29	16,23	-0,10	1,23	1,98	1470,86
2371	16.09.2025 19:54:30	16,23	-0,08	1,04	1,69	1470,64
2372	16.09.2025 19:54:31	16,23	-0,10	1,06	1,72	1470,66
2373	16.09.2025 19:54:32	16,23	-0,10	1,06	1,72	1470,66
2374	16.09.2025 19:54:33	16,23	-0,08	1,00	1,63	1470,59
2375	16.09.2025 19:54:34	16,23	-0,10	1,14	1,84	1470,75
2376	16.09.2025 19:54:35	16,23	-0,10	1,02	1,66	1470,61
2377	16.09.2025 19:54:36	16,23	-0,08	1,02	1,66	1470,62
2378	16.09.2025 19:54:37	16,23	-0,10	0,99	1,60	1470,57
2379	16.09.2025 19:54:38	16,23	-0,08	1,23	1,98	1470,86
2380	16.09.2025 19:54:39	16,23	-0,08	0,72	1,19	1470,26
2381	16.09.2025 19:54:40	16,23	-0,10	1,02	1,66	1470,61
2382	16.09.2025 19:54:41	16,23	-0,10	1,04	1,69	1470,64
2383	16.09.2025 19:54:42	16,23	-0,10	0,71	1,18	1470,25
2384	16.09.2025 19:54:43	16,23	-0,08	2,49	3,85	1472,33
2385	16.09.2025 19:54:44	16,23	-0,10	3,15	4,81	1473,11
2386	16.09.2025 19:54:45	16,23	-0,10	2,65	4,09	1472,52
2387	16.09.2025 19:54:46	16,23	-0,08	2,65	4,09	1472,52
2388	16.09.2025 19:54:47	16,23	-0,10	2,46	3,82	1472,31
2389	16.09.2025 19:54:48	16,20	-0,08	2,16	3,37	1471,85
2390	16.09.2025 19:54:49	16,20	-0,10	2,41	3,73	1472,13
2391	16.09.2025 19:54:50	16,20	-0,10	2,43	3,76	1472,16
2392	16.09.2025 19:54:51	16,20	-0,08	2,24	3,49	1471,94
2393	16.09.2025 19:54:52	16,20	-0,10	2,24	3,49	1471,94
2394	16.09.2025 19:54:53	16,20	-0,08	2,41	3,73	1472,14
2395	16.09.2025 19:54:54	16,20	-0,10	2,43	3,76	1472,16
2396	16.09.2025 19:54:55	16,20	-0,10	2,10	3,28	1471,78
2397	16.09.2025 19:54:56	16,20	-0,08	2,32	3,61	1472,04
2398	16.09.2025 19:54:57	16,20	-0,10	2,26	3,52	1471,97
2399	16.09.2025 19:54:58	16,20	-0,08	2,30	3,58	1472,02
2400	16.09.2025 19:54:59	16,20	-0,10	2,28	3,55	1471,99
2401	16.09.2025 19:55:00	16,20	-0,10	2,14	3,34	1471,82
2402	16.09.2025 19:55:01	16,20	-0,10	2,36	3,67	1472,08
2403	16.09.2025 19:55:02	16,20	-0,08	2,28	3,55	1471,99
2404	16.09.2025 19:55:03	16,20	-0,10	2,24	3,49	1471,94
2405	16.09.2025 19:55:04	16,20	-0,08	2,43	3,76	1472,16
2406	16.09.2025 19:55:05	16,20	-0,08	2,10	3,28	1471,78
2407	16.09.2025 19:55:06	16,20	-0,08	2,16	3,37	1471,85
2408	16.09.2025 19:55:07	16,20	-0,08	3,07	4,69	1472,91
2409	16.09.2025 19:55:08	16,17	-0,08	0,42	0,71	1469,70
2410	16.09.2025 19:55:09	16,17	-0,10	0,35	0,59	1469,62
2411	16.09.2025 19:55:10	16,17	-0,10	0,35	0,59	1469,62
2412	16.09.2025 19:55:11	16,17	-0,08	0,30	0,51	1469,56
2413	16.09.2025 19:55:12	16,17	-0,08	0,32	0,54	1469,58
2414	16.09.2025 19:55:13	16,17	-0,10	0,33	0,56	1469,60
2415	16.09.2025 19:55:14	16,17	-0,08	0,32	0,54	1469,58
2416	16.09.2025 19:55:15	16,17	-0,08	0,32	0,54	1469,58
2417	16.09.2025 19:55:16	16,17	-0,08	0,28	0,48	1469,54
2418	16.09.2025 19:55:17	16,17	-0,08	0,32	0,54	1469,58
2419	16.09.2025 19:55:18	16,17	-0,08	0,33	0,56	1469,60
2420	16.09.2025 19:55:19	16,17	-0,08	0,28	0,48	1469,54
2421	16.09.2025 19:55:20	16,17	-0,08	0,28	0,48	1469,54
2422	16.09.2025 19:55:21	16,17	-0,08	0,32	0,54	1469,58
2423	16.09.2025 19:55:22	16,17	-0,08	0,30	0,51	1469,56
2424	16.09.2025 19:55:23	16,17	-0,10	0,28	0,48	1469,53
2425	16.09.2025 19:55:24	16,17	-0,08	0,28	0,48	1469,54
2426	16.09.2025 19:55:25	16,17	-0,08	0,28	0,48	1469,54
2427	16.09.2025 19:55:26	16,17	-0,08	0,30	0,51	1469,56
2428	16.09.2025 19:55:27	16,17	-0,08	0,30	0,51	1469,56
2429	16.09.2025 19:55:28	16,17	-0,08	0,25	0,42	1469,50
2430	16.09.2025 19:55:29	16,17	-0,08	0,30	0,51	1469,56
2431	16.09.2025 19:55:30	16,17	-0,08	0,33	0,56	1469,60
2432	16.09.2025 19:55:31	16,17	-0,08	0,26	0,45	1469,52
2433	16.09.2025 19:55:32	16,17	-0,08	2,57	3,97	1472,23
2434	16.09.2025 19:55:33	16,17	-0,08	2,88	4,42	1472,59
2435	16.09.2025 19:55:34	16,17	-0,08	2,86	4,39	1472,57
2436	16.09.2025 19:55:35	16,17	-0,08	2,67	4,12	1472,35
2437	16.09.2025 19:55:36	16,17	-0,08	2,78	4,27	1472,47
2438	16.09.2025 19:55:37	16,14	-0,08	2,47	3,82	1472,01
2439	16.09.2025 19:55:38	16,14	-0,08	2,78	4,27	1472,37
2440	16.09.2025 19:55:39	16,14	-0,08	2,86	4,39	1472,47
2441	16.09.2025 19:55:40	16,14	-0,10	2,06	3,22	1471,53
2442	16.09.2025 19:55:41	16,14	-0,08	2,80	4,30	1472,39
2443	16.09.2025 19:55:42	16,14	-0,08	2,16	3,37	1471,65
2444	16.09.2025 19:55:43	16,14	-0,10	2,61	4,03	1472,17
2445	16.09.2025 19:55:44	16,14	-0,08	2,74	4,21	1472,32
2446	16.09.2025 19:55:45	16,11	-0,08	2,35	3,64	1471,76
2447	16.09.2025 19:55:46	16,11	-0,06	2,23	3,46	1471,62
2448	16.09.2025 19:55:47	16,11	-0,08	1,57	2,48	1470,84
2449	16.09.2025 19:55:48	16,11	-0,08	2,09	3,25	1471,45
2450	16.09.2025 19:55:49	16,11	-0,08	2,74	4,21	1472,22
2451	16.09.2025 19:55:50	16,11	-0,08	1,37	2,19	1470,61
2452	16.09.2025 19:55:51	16,11	-0,08	2,55	3,94	1472,00
2453	16.09.2025 19:55:52	16,08	-0,08	2,49	3,85	1471,83
2454	16.09.2025 19:55:53	16,08	-0,08	2,07	3,22	1471,33
2455	16.09.2025 19:55:54	16,08	-0,08	2,64	4,06	1472,00
2456	16.09.2025 19:55:55	16,08	-0,10	2,85	4,36	1472,24
2457	16.09.2025 19:55:56	16,08	-0,08	0,75	1,22	1469,77
2458	16.09.2025 19:55:57	16,08	-0,08	0,32	0,54	1469,27
2459	16.09.2025 19:55:58	16,08	-0,08	0,37	0,62	1469,33
2460	16.09.2025 19:55:59	16,08	-0,08	0,32	0,54	1469,27
2461	16.09.2025 19:56:00	16,08	-0,08	0,28	0,48	1469,23
2462	16.09.2025 19:56:01	16,08	-0,08	0,37	0,62	1469,33
2463	16.09.2025 19:56:02	16,08	-0,10	0,28	0,48	1469,23
2464	16.09.2025 19:56:03	16,08	-0,08	0,26	0,45	1469,21
2465	16.09.2025 19:56:04	16,08	-0,08	0,33	0,56	1469,29
2466	16.09.2025 19:56:05	16,08	-0,08	0,30	0,51	1469,25
2467	16.09.2025 19:56:06	16,08	-0,08	0,26	0,45	1469,21
2468	16.09.2025 19:56:07	16,08	-0,10	0,26	0,45	1469,20
2469	16.09.2025 19:56:08	16,08	-0,08	0,28	0,48	1469,23
2470	16.09.2025 19:56:09	16,08	-0,10	0,33	0,56	1469,29
2471	16.09.2025 19:56:10	16,05	-0,10	0,25	0,42	1469,08
2472	16.09.2025 19:56:11	16,05	-0,10	0,28	0,48	1469,12
2473	16.09.2025 19:56:12	16,05	-0,12	0,32	0,54	1469,16
2474	16.09.2025 19:56:13	16,05	-0,12	0,25	0,42	1469,08
2475	16.09.2025 19:56:14	16,05	-0,10	0,26	0,45	1469,10
2476	16.09.2025 19:56:15	16,05	-0,12	0,28	0,48	1469,12
2477	16.09.2025 19:56:16	16,05	-0,10	0,25	0,42	1469,08
2478	16.09.2025 19:56:17	16,05	-0,10	0,33	0,56	1469,18
2479	16.09.2025 19:56:18	16,05	-0,10	0,25	0,42	1469,08
2480	16.09.2025 19:56:19	16,05	-0,10	0,23	0,39	1469,06
2481	16.09.2025 19:56:20	16,05	-0,10	0,30	0,51	1469,14
2482	16.09.2025 19:56:21	16,05	-0,10	0,32	0,54	1469,16
2483	16.09.2025 19:56:22	16,05	-0,10	0,23	0,39	1469,06
2484	16.09.2025 19:56:23	16,05	-0,10	0,26	0,45	1469,10
2485	16.09.2025 19:56:24	16,05	-0,10	0,33	0,56	1469,18
2486	16.09.2025 19:56:25	16,05	-0,10	0,28	0,48	1469,12
2487	16.09.2025 19:56:26	16,05	-0,10	0,21	0,36	1469,04
2488	16.09.2025 19:56:27	16,05	-0,10	0,28	0,48	1469,12
2489	16.09.2025 19:56:28	16,05	-0,10	0,32	0,54	1469,16
2490	16.09.2025 19:56:29	16,02	-0,10	0,25	0,42	1468,98
2491	16.09.2025 19:56:30	16,02	-0,10	0,25	0,42	1468,98
2492	16.09.2025 19:56:31	16,02	-0,10	0,33	0,56	1469,08
2493	16.09.2025 19:56:32	16,02	-0,10	0,25	0,42	1468,98
2494	16.09.2025 19:56:33	16,02	-0,12	0,26	0,45	1469,00
2495	16.09.2025 19:56:34	16,02	-0,10	0,26	0,45	1469,00
2496	16.09.2025 19:56:35	16,02	-0,10	0,25	0,42	1468,98
2497	16.09.2025 19:56:36	16,02	-0,10	0,26	0,45	1469,00
2498	16.09.2025 19:56:37	16,02	-0,10	0,25	0,42	1468,98
2499	16.09.2025 19:56:38	16,02	-0,12	0,28	0,48	1469,02
2500	16.09.2025 19:56:39	16,02	-0,12	0,25	0,42	1468,97
2501	16.09.2025 19:56:40	16,02	-0,10	0,25	0,42	1468,98
2502	16.09.2025 19:56:41	16,02	-0,10	0,30	0,51	1469,04
2503	16.09.2025 19:56:42	16,02	-0,10	0,26	0,45	1469,00
2504	16.09.2025 19:56:43	16,02	-0,10	0,21	0,36	1468,94
2505	16.09.2025 19:56:44	16,02	-0,10	0,32	0,54	1469,06
2506	16.09.2025 19:56:45	16,02	-0,10	0,26	0,45	1469,00
2507	16.09.2025 19:56:46	16,02	-0,10	0,23	0,39	1468,96
2508	16.09.2025 19:56:47	16,02	-0,10	0,28	0,48	1469,02
2509	16.09.2025 19:56:48	16,02	-0,12	0,25	0,42	1468,97
2510	16.09.2025 19:56:49	16,02	-0,12	0,25	0,42	1468,97
2511	16.09.2025 19:56:50	16,02	-0,10	0,26	0,45	1469,00
2512	16.09.2025 19:56:51	15,99	-0,10	0,25	0,42	1468,87
2513	16.09.2025 19:56:52	15,99	-0,10	0,26	0,45	1468,89
2514	16.09.2025 19:56:53	15,99	-0,10	0,26	0,45	1468,89
2515	16.09.2025 19:56:54	15,99	-0,12	0,25	0,42	1468,87
2516	16.09.2025 19:56:55	15,99	-0,10	0,25	0,42	1468,87
2517	16.09.2025 19:56:56	15,99	-0,10	0,26	0,45	1468,89
2518	16.09.2025 19:56:57	15,99	-0,10	0,26	0,45	1468,89
2519	16.09.2025 19:56:58	15,99	-0,12	0,23	0,39	1468,85
2520	16.09.2025 19:56:59	15,99	-0,10	0,23	0,39	1468,85
2521	16.09.2025 19:57:00	15,99	-0,10	0,42	0,71	1469,08
2522	16.09.2025 19:57:01	15,99	-0,12	0,21	0,36	1468,83
2523	16.09.2025 19:57:02	15,99	-0,10	0,25	0,42	1468,87
2524	16.09.2025 19:57:03	15,99	-0,10	0,25	0,42	1468,87
2525	16.09.2025 19:57:04	15,99	-0,10	0,30	0,51	1468,94
2526	16.09.2025 19:57:05	15,99	-0,10	0,25	0,42	1468,87
2527	16.09.2025 19:57:06	15,99	-0,10	0,23	0,39	1468,85
2528	16.09.2025 19:57:07	15,99	-0,10	0,26	0,45	1468,89
2529	16.09.2025 19:57:08	15,99	-0,10	0,25	0,42	1468,87
2530	16.09.2025 19:57:09	15,99	-0,12	0,26	0,45	1468,89
2531	16.09.2025 19:57:10	15,99	-0,10	0,25	0,42	1468,87
2532	16.09.2025 19:57:11	15,99	-0,10	0,23	0,39	1468,85
2533	16.09.2025 19:57:12	15,99	-0,12	0,28	0,48	1468,91
2534	16.09.2025 19:57:13	15,99	-0,10	0,26	0,45	1468,89
2535	16.09.2025 19:57:14	15,99	-0,12	0,21	0,36	1468,83
2536	16.09.2025 19:57:15	15,99	-0,10	0,25	0,42	1468,87
2537	16.09.2025 19:57:16	15,99	-0,10	0,28	0,48	1468,92
2538	16.09.2025 19:57:17	15,99	-0,10	0,25	0,42	1468,87
2539	16.09.2025 19:57:18	15,99	-0,10	0,25	0,42	1468,87
2540	16.09.2025 19:57:19	15,99	-0,10	0,25	0,42	1468,87
2541	16.09.2025 19:57:20	15,99	-0,10	0,28	0,48	1468,92
2542	16.09.2025 19:57:21	15,99	-0,10	0,25	0,42	1468,87
2543	16.09.2025 19:57:22	15,99	-0,10	0,21	0,36	1468,83
2544	16.09.2025 19:57:23	15,99	-0,10	0,28	0,48	1468,92
2545	16.09.2025 19:57:24	15,99	-0,10	0,25	0,42	1468,87
2546	16.09.2025 19:57:25	15,99	-0,10	0,25	0,42	1468,87
2547	16.09.2025 19:57:26	15,96	-0,10	0,26	0,45	1468,79
2548	16.09.2025 19:57:27	15,99	-0,10	0,23	0,39	1468,85
2549	16.09.2025 19:57:28	15,96	-0,10	0,28	0,48	1468,81
2550	16.09.2025 19:57:29	15,96	-0,10	0,25	0,42	1468,77
2551	16.09.2025 19:57:30	15,96	-0,10	0,25	0,42	1468,77
2552	16.09.2025 19:57:31	15,96	-0,10	0,26	0,45	1468,79
2553	16.09.2025 19:57:32	15,96	-0,10	0,23	0,39	1468,75
2554	16.09.2025 19:57:33	15,96	-0,10	0,30	0,51	1468,83
2555	16.09.2025 19:57:34	15,96	-0,10	0,21	0,36	1468,73
2556	16.09.2025 19:57:35	15,96	-0,10	0,23	0,39	1468,75
2557	16.09.2025 19:57:36	15,96	-0,08	0,26	0,45	1468,79
2558	16.09.2025 19:57:37	15,96	-0,10	0,23	0,39	1468,75
2559	16.09.2025 19:57:38	15,96	-0,10	0,23	0,39	1468,75
2560	16.09.2025 19:57:39	15,96	-0,10	0,25	0,42	1468,77
2561	16.09.2025 19:57:40	15,96	-0,12	0,26	0,45	1468,79
2562	16.09.2025 19:57:41	15,96	-0,10	0,21	0,36	1468,73
2563	16.09.2025 19:57:42	15,96	-0,12	0,25	0,42	1468,77
2564	16.09.2025 19:57:43	15,96	-0,10	0,25	0,42	1468,77
2565	16.09.2025 19:57:44	15,96	-0,10	0,25	0,42	1468,77
2566	16.09.2025 19:57:45	15,96	-0,10	0,25	0,42	1468,77
2567	16.09.2025 19:57:46	15,96	-0,10	0,23	0,39	1468,75
2568	16.09.2025 19:57:47	15,96	-0,12	0,28	0,48	1468,81
2569	16.09.2025 19:57:48	15,96	-0,10	0,23	0,39	1468,75
2570	16.09.2025 19:57:49	15,96	-0,12	0,25	0,42	1468,77
2571	16.09.2025 19:57:50	15,96	-0,10	0,23	0,39	1468,75
2572	16.09.2025 19:57:51	15,96	-0,10	0,25	0,42	1468,77
2573	16.09.2025 19:57:52	15,96	-0,10	0,28	0,48	1468,81
2574	16.09.2025 19:57:53	15,96	-0,12	0,21	0,36	1468,73
2575	16.09.2025 19:57:54	15,96	-0,12	0,26	0,45	1468,79
2576	16.09.2025 19:57:55	15,96	-0,10	0,28	0,48	1468,81
2577	16.09.2025 19:57:56	15,96	-0,10	0,21	0,36	1468,73
2578	16.09.2025 19:57:57	15,96	-0,10	0,23	0,39	1468,75
2579	16.09.2025 19:57:58	15,96	-0,10	0,26	0,45	1468,79
2580	16.09.2025 19:57:59	15,96	-0,10	2,77	4,24	1471,74
2581	16.09.2025 19:58:00	15,96	-0,10	0,51	0,86	1469,09
2582	16.09.2025 19:58:01	15,96	-0,10	2,79	4,27	1471,76
2583	16.09.2025 19:58:02	15,96	-0,10	2,46	3,79	1471,37
2584	16.09.2025 19:58:03	15,96	-0,12	2,60	4,00	1471,54
2585	16.09.2025 19:58:04	15,96	-0,10	2,58	3,97	1471,52
2586	16.09.2025 19:58:05	15,96	-0,10	1,99	3,10	1470,82
2587	16.09.2025 19:58:06	15,96	-0,12	2,79	4,27	1471,76
2588	16.09.2025 19:58:07	15,96	-0,10	2,58	3,97	1471,52
2589	16.09.2025 19:58:08	15,96	-0,10	2,50	3,85	1471,42
2590	16.09.2025 19:58:09	15,96	-0,08	2,69	4,12	1471,64
2591	16.09.2025 19:58:10	15,96	-0,10	2,34	3,61	1471,23
2592	16.09.2025 19:58:11	15,96	-0,10	2,65	4,06	1471,59
2593	16.09.2025 19:58:12	15,96	-0,10	2,81	4,30	1471,79
2594	16.09.2025 19:58:13	15,96	-0,10	2,36	3,64	1471,25
2595	16.09.2025 19:58:14	15,96	-0,12	2,56	3,94	1471,49
2596	16.09.2025 19:58:15	15,96	-0,12	2,83	4,33	1471,81
2597	16.09.2025 19:58:16	15,96	-0,10	2,79	4,27	1471,76
2598	16.09.2025 19:58:17	15,96	-0,10	2,77	4,24	1471,74
2599	16.09.2025 19:58:18	15,96	-0,08	2,44	3,76	1471,35
2600	16.09.2025 19:58:19	15,96	-0,10	2,24	3,46	1471,11
2601	16.09.2025 19:58:20	15,96	-0,10	2,60	4,00	1471,54
2602	16.09.2025 19:58:21	15,96	-0,10	2,44	3,76	1471,35
2603	16.09.2025 19:58:22	15,96	-0,10	2,69	4,12	1471,64
2604	16.09.2025 19:58:23	15,96	-0,12	2,69	4,12	1471,64
2605	16.09.2025 19:58:24	15,96	-0,10	2,67	4,09	1471,62
2606	16.09.2025 19:58:25	15,96	-0,10	2,52	3,88	1471,45
2607	16.09.2025 19:58:26	15,96	-0,10	2,67	4,09	1471,62
2608	16.09.2025 19:58:27	15,96	-0,10	2,71	4,15	1471,67
2609	16.09.2025 19:58:28	15,96	-0,10	2,56	3,94	1471,50
2610	16.09.2025 19:58:29	15,96	-0,10	2,71	4,15	1471,67
2611	16.09.2025 19:58:30	15,96	-0,10	2,26	3,49	1471,13
2612	16.09.2025 19:58:31	15,96	-0,10	2,81	4,30	1471,79
2613	16.09.2025 19:58:32	15,96	-0,10	2,60	4,00	1471,54
2614	16.09.2025 19:58:33	15,96	-0,10	2,63	4,03	1471,57
2615	16.09.2025 19:58:34	15,96	-0,10	2,79	4,27	1471,76
2616	16.09.2025 19:58:35	15,96	-0,10	2,81	4,30	1471,79
2617	16.09.2025 19:58:36	15,96	-0,10	2,81	4,30	1471,79
2618	16.09.2025 19:58:37	15,96	-0,10	2,63	4,03	1471,57
2619	16.09.2025 19:58:38	15,96	-0,10	2,81	4,30	1471,79
2620	16.09.2025 19:58:39	15,96	-0,10	2,54	3,91	1471,47
2621	16.09.2025 19:58:40	15,96	-0,12	2,01	3,13	1470,84
2622	16.09.2025 19:58:41	15,96	-0,10	2,19	3,40	1471,06
2623	16.09.2025 19:58:42	15,96	-0,10	2,81	4,30	1471,79
2624	16.09.2025 19:58:43	15,96	-0,10	2,65	4,06	1471,59
2625	16.09.2025 19:58:44	15,96	-0,12	2,48	3,82	1471,40
2626	16.09.2025 19:58:45	15,96	-0,10	1,03	1,66	1469,69
2627	16.09.2025 19:58:46	15,96	-0,12	0,68	1,12	1469,28
2628	16.09.2025 19:58:47	15,96	-0,10	0,84	1,37	1469,47
2629	16.09.2025 19:58:48	15,96	-0,10	1,13	1,81	1469,80
2630	16.09.2025 19:58:49	15,96	-0,10	0,77	1,25	1469,38
2631	16.09.2025 19:58:50	15,96	-0,10	0,78	1,28	1469,40
2632	16.09.2025 19:58:51	15,96	-0,10	0,92	1,48	1469,56
2633	16.09.2025 19:58:52	15,96	-0,10	0,88	1,43	1469,51
2634	16.09.2025 19:58:53	15,96	-0,10	0,84	1,37	1469,47
2635	16.09.2025 19:58:54	15,96	-0,08	0,82	1,34	1469,45
2636	16.09.2025 19:58:55	15,96	-0,10	0,92	1,48	1469,56
2637	16.09.2025 19:58:56	15,96	-0,10	0,75	1,22	1469,36
2638	16.09.2025 19:58:57	15,96	-0,12	0,78	1,28	1469,40
2639	16.09.2025 19:58:58	15,96	-0,10	0,93	1,51	1469,58
2640	16.09.2025 19:58:59	15,96	-0,10	0,80	1,31	1469,42
2641	16.09.2025 19:59:00	15,96	-0,10	0,70	1,15	1469,30
2642	16.09.2025 19:59:01	15,96	-0,12	0,70	1,15	1469,30
2643	16.09.2025 19:59:02	15,96	-0,10	0,86	1,40	1469,49
2644	16.09.2025 19:59:03	15,96	-0,10	1,09	1,75	1469,76
2645	16.09.2025 19:59:04	15,96	-0,10	0,44	0,74	1469,00
2646	16.09.2025 19:59:05	15,96	-0,10	0,64	1,06	1469,24
2647	16.09.2025 19:59:06	15,96	-0,10	1,40	2,22	1470,12
2648	16.09.2025 19:59:07	15,96	-0,10	0,78	1,28	1469,40
2649	16.09.2025 19:59:08	15,96	-0,10	0,50	0,83	1469,06
2650	16.09.2025 19:59:09	15,96	-0,10	0,78	1,28	1469,40
2651	16.09.2025 19:59:10	15,96	-0,10	1,30	2,07	1470,01
2652	16.09.2025 19:59:11	15,96	-0,10	0,64	1,06	1469,24
2653	16.09.2025 19:59:12	15,96	-0,12	0,68	1,12	1469,28
2654	16.09.2025 19:59:13	15,96	-0,10	0,99	1,60	1469,65
2655	16.09.2025 19:59:14	15,96	-0,10	0,75	1,22	1469,36
2656	16.09.2025 19:59:15	15,96	-0,10	1,07	1,72	1469,74
2657	16.09.2025 19:59:16	15,96	-0,10	0,50	0,83	1469,06
2658	16.09.2025 19:59:17	15,96	-0,10	1,14	1,84	1469,83
2659	16.09.2025 19:59:18	15,96	-0,12	0,82	1,34	1469,44
2660	16.09.2025 19:59:19	15,96	-0,10	0,62	1,03	1469,22
2661	16.09.2025 19:59:20	15,96	-0,10	0,78	1,28	1469,40
2662	16.09.2025 19:59:21	15,96	-0,12	0,88	1,43	1469,51
2663	16.09.2025 19:59:22	15,96	-0,10	0,78	1,28	1469,40
2664	16.09.2025 19:59:23	15,96	-0,12	0,75	1,22	1469,36
2665	16.09.2025 19:59:24	15,96	-0,12	0,80	1,31	1469,42
2666	16.09.2025 19:59:25	15,96	-0,12	0,77	1,25	1469,38
2667	16.09.2025 19:59:26	15,96	-0,10	0,78	1,28	1469,40
2668	16.09.2025 19:59:27	15,96	-0,10	0,82	1,34	1469,45
2669	16.09.2025 19:59:28	15,96	-0,12	0,86	1,40	1469,49
2670	16.09.2025 19:59:29	15,96	-0,08	0,82	1,34	1469,45
2671	16.09.2025 19:59:30	15,96	-0,10	0,70	1,15	1469,30
2672	16.09.2025 19:59:31	15,96	-0,12	0,99	1,60	1469,64
2673	16.09.2025 19:59:32	15,96	-0,12	0,78	1,28	1469,40
2674	16.09.2025 19:59:33	15,96	-0,10	0,68	1,12	1469,28
2675	16.09.2025 19:59:34	15,96	-0,12	0,82	1,34	1469,44
2676	16.09.2025 19:59:35	15,96	-0,10	0,97	1,57	1469,62
2677	16.09.2025 19:59:36	15,96	-0,10	0,55	0,91	1469,13
2678	16.09.2025 19:59:37	15,96	-0,12	0,75	1,22	1469,36
2679	16.09.2025 19:59:38	15,96	-0,10	1,16	1,87	1469,85
2680	16.09.2025 19:59:39	15,96	-0,12	0,62	1,03	1469,21
2681	16.09.2025 19:59:40	15,96	-0,10	0,72	1,18	1469,32
2682	16.09.2025 19:59:41	15,96	-0,10	0,99	1,60	1469,65
2683	16.09.2025 19:59:42	15,96	-0,10	0,75	1,22	1469,36
2684	16.09.2025 19:59:43	15,96	-0,10	0,68	1,12	1469,28
2685	16.09.2025 19:59:44	15,96	-0,10	0,82	1,34	1469,45
2686	16.09.2025 19:59:45	15,96	-0,10	0,90	1,46	1469,54
2687	16.09.2025 19:59:46	15,96	-0,10	0,75	1,22	1469,36
2688	16.09.2025 19:59:47	15,96	-0,12	0,72	1,18	1469,32
2689	16.09.2025 19:59:48	15,96	-0,10	1,03	1,66	1469,69
2690	16.09.2025 19:59:49	15,96	-0,10	0,70	1,15	1469,30
2691	16.09.2025 19:59:50	15,99	-0,12	0,61	1,00	1469,29
2692	16.09.2025 19:59:51	15,96	-0,10	1,11	1,78	1469,78
2693	16.09.2025 19:59:52	15,99	-0,10	0,72	1,18	1469,43
2694	16.09.2025 19:59:53	15,99	-0,10	0,61	1,00	1469,30
2695	16.09.2025 19:59:54	15,99	-0,10	0,92	1,48	1469,66
2696	16.09.2025 19:59:55	15,99	-0,10	0,75	1,22	1469,46
2697	16.09.2025 19:59:56	15,99	-0,12	0,61	1,00	1469,29
2698	16.09.2025 19:59:57	15,99	-0,10	1,05	1,69	1469,82
2699	16.09.2025 19:59:58	15,99	-0,10	0,77	1,25	1469,48
2700	16.09.2025 19:59:59	15,99	-0,10	0,62	1,03	1469,32
2701	16.09.2025 20:00:00	15,99	-0,10	0,68	1,12	1469,38
2702	16.09.2025 20:00:01	15,99	-0,10	0,95	1,54	1469,70
2703	16.09.2025 20:00:02	15,99	-0,10	0,82	1,34	1469,55
2704	16.09.2025 20:00:03	15,99	-0,12	0,59	0,97	1469,27
2705	16.09.2025 20:00:04	15,99	-0,10	0,82	1,34	1469,55
2706	16.09.2025 20:00:05	15,99	-0,10	0,84	1,37	1469,57
2707	16.09.2025 20:00:06	15,99	-0,10	0,77	1,25	1469,48
2708	16.09.2025 20:00:07	15,99	-0,10	0,55	0,91	1469,23
2709	16.09.2025 20:00:08	15,99	-0,10	0,93	1,51	1469,68
2710	16.09.2025 20:00:09	15,99	-0,10	0,99	1,60	1469,75
2711	16.09.2025 20:00:10	15,99	-0,08	0,51	0,86	1469,19
2712	16.09.2025 20:00:11	15,99	-0,10	0,75	1,22	1469,46
2713	16.09.2025 20:00:12	15,99	-0,10	0,97	1,57	1469,73
2714	16.09.2025 20:00:13	15,99	-0,10	0,73	1,19	1469,44
2715	16.09.2025 20:00:14	15,99	-0,10	0,57	0,94	1469,25
2716	16.09.2025 20:00:15	15,99	-0,10	0,90	1,46	1469,64
2717	16.09.2025 20:00:16	15,99	-0,10	0,72	1,18	1469,43
2718	16.09.2025 20:00:17	15,99	-0,10	0,62	1,03	1469,32
2719	16.09.2025 20:00:18	15,99	-0,08	0,82	1,34	1469,55
2720	16.09.2025 20:00:19	15,99	-0,10	0,72	1,18	1469,43
2721	16.09.2025 20:00:20	15,99	-0,10	0,82	1,34	1469,55
2722	16.09.2025 20:00:21	15,99	-0,12	0,70	1,15	1469,40
2723	16.09.2025 20:00:22	15,99	-0,10	0,90	1,46	1469,64
2724	16.09.2025 20:00:23	15,99	-0,10	0,66	1,09	1469,36
2725	16.09.2025 20:00:24	15,99	-0,10	0,82	1,34	1469,55
2726	16.09.2025 20:00:25	15,99	-0,10	0,70	1,15	1469,41
2727	16.09.2025 20:00:26	15,99	-0,12	0,77	1,25	1469,48
2728	16.09.2025 20:00:27	15,99	-0,10	0,72	1,18	1469,43
2729	16.09.2025 20:00:28	15,99	-0,10	1,01	1,63	1469,77
2730	16.09.2025 20:00:29	15,99	-0,10	0,50	0,83	1469,17
2731	16.09.2025 20:00:30	16,02	-0,10	0,73	1,19	1469,54
2732	16.09.2025 20:00:31	15,99	-0,10	1,26	2,01	1470,07
2733	16.09.2025 20:00:32	16,02	-0,12	0,57	0,94	1469,35
2734	16.09.2025 20:00:33	16,02	-0,10	0,55	0,91	1469,34
2735	16.09.2025 20:00:34	16,02	-0,10	1,12	1,81	1470,01
2736	16.09.2025 20:00:35	16,02	-0,10	0,64	1,06	1469,44
2737	16.09.2025 20:00:36	16,02	-0,10	0,62	1,03	1469,42
2738	16.09.2025 20:00:37	16,02	-0,10	0,82	1,34	1469,65
2739	16.09.2025 20:00:38	16,02	-0,10	0,70	1,15	1469,51
2740	16.09.2025 20:00:39	16,02	-0,10	0,76	1,25	1469,59
2741	16.09.2025 20:00:40	16,02	-0,10	0,76	1,25	1469,59
2742	16.09.2025 20:00:41	16,02	-0,10	0,72	1,18	1469,53
2743	16.09.2025 20:00:42	16,02	-0,10	0,76	1,25	1469,59
2744	16.09.2025 20:00:43	16,02	-0,10	0,86	1,40	1469,70
2745	16.09.2025 20:00:44	16,02	-0,10	0,61	1,00	1469,40
2746	16.09.2025 20:00:45	16,02	-0,10	0,64	1,06	1469,44
2747	16.09.2025 20:00:46	16,02	-0,10	1,01	1,63	1469,87
2748	16.09.2025 20:00:47	16,02	-0,10	0,64	1,06	1469,44
2749	16.09.2025 20:00:48	16,02	-0,10	0,61	1,00	1469,40
2750	16.09.2025 20:00:49	16,02	-0,10	0,73	1,19	1469,54
2751	16.09.2025 20:00:50	16,02	-0,12	0,78	1,28	1469,61
2752	16.09.2025 20:00:51	16,02	-0,10	0,61	1,00	1469,40
2753	16.09.2025 20:00:52	16,02	-0,10	0,76	1,25	1469,59
2754	16.09.2025 20:00:53	16,02	-0,10	0,76	1,25	1469,59
2755	16.09.2025 20:00:54	16,02	-0,12	0,75	1,22	1469,56
2756	16.09.2025 20:00:55	16,02	-0,10	1,36	2,16	1470,28
2757	16.09.2025 20:00:56	16,02	-0,12	2,11	3,28	1471,17
2758	16.09.2025 20:00:57	16,05	-0,12	2,23	3,46	1471,41
2759	16.09.2025 20:00:58	16,05	-0,12	2,25	3,49	1471,43
2760	16.09.2025 20:00:59	16,02	-0,12	2,40	3,70	1471,50
2761	16.09.2025 20:01:00	16,05	-0,12	1,79	2,81	1470,89
2762	16.09.2025 20:01:01	16,05	-0,10	2,03	3,16	1471,18
2763	16.09.2025 20:01:02	16,05	-0,10	2,87	4,39	1472,16
2764	16.09.2025 20:01:03	16,05	-0,10	2,83	4,33	1472,11
2765	16.09.2025 20:01:04	16,05	-0,12	1,03	1,66	1470,00
2766	16.09.2025 20:01:05	16,05	-0,12	0,51	0,86	1469,39
2767	16.09.2025 20:01:06	16,05	-0,12	0,41	0,68	1469,27
2768	16.09.2025 20:01:07	16,05	-0,10	0,44	0,74	1469,31
2769	16.09.2025 20:01:08	16,05	-0,10	1,81	2,84	1470,92
2770	16.09.2025 20:01:09	16,05	-0,12	2,95	4,51	1472,26
2771	16.09.2025 20:01:10	16,08	-0,10	1,63	2,57	1470,81
2772	16.09.2025 20:01:11	16,11	-0,01	1,37	2,19	1470,62
2773	16.09.2025 20:01:12	16,26	-0,12	2,36	3,67	1472,28
2774	16.09.2025 20:01:13	16,59	-0,08	2,18	3,43	1473,19
2775	16.09.2025 20:01:14	16,86	-0,19	2,27	3,58	1474,19
2776	16.09.2025 20:01:15	17,07	-0,19	1,98	3,17	1474,55
2777	16.09.2025 20:01:16	17,16	-0,17	2,98	4,66	1476,01
2778	16.09.2025 20:01:17	17,19	-0,15	1,55	2,52	1474,45
2779	16.09.2025 20:01:18	17,22	-0,17	0,48	0,83	1473,31
2780	16.09.2025 20:01:19	17,22	-0,19	1,15	1,90	1474,08
2781	16.09.2025 20:01:20	17,31	-0,21	0,43	0,74	1473,54
2782	16.09.2025 20:01:21	17,52	-0,17	0,57	0,97	1474,40
2783	16.09.2025 20:01:22	17,58	-0,17	2,59	4,12	1476,94
2784	16.09.2025 20:01:23	17,76	-0,19	1,91	3,11	1476,74
