#B	Created:	15.07.2025 21:38:31
##	Version	SeaStar	9.59
#5	Field separation:	0
#2	Date & Time:	1
#6	Decimal point:	,
#7	Date def.:	dd.mm.yyyy	.
#8	Time def.:	:
##	Axis	0	Temperature(°C)	clRed	FALSE
##	Axis	1	Pressure(Bar)	clBlue	FALSE
##	Axis	2	Salinity(psu)	clGreen	FALSE
##	Axis	3	Conductivity(mS/cm)	$00FF80FF	FALSE
##	Axis	4	Sound Velocity(m/sec)	$00404080	FALSE
##	Series	0	Temp(°C)	clRed	0	Temp(°C)	2
##	Series	1	Press(Bar)	clBlue	1	Press(Bar)	2
##	Series	2	Salinity(psu)	clGreen	2	Salinity(psu)	2
##	Series	3	Conduct(mS/cm)	$00FF80FF	3	Conduct(mS/cm)	2
##	Series	4	Sound Velocity(m/sec)	$00404080	4	Velocity(m/sec)	2
##	Recorder	34	DST CTD	13526
##	Chart	34S13526DAT	
#D	Data:	6200	15.07.2025 19:54:00	15.07.2025 21:37:19
1	15.07.2025 19:54:00	23,48	-0,07	0,34	0,68	1492,47
2	15.07.2025 19:54:01	23,48	-0,05	0,33	0,65	1492,46
3	15.07.2025 19:54:02	23,48	-0,07	0,33	0,65	1492,46
4	15.07.2025 19:54:03	23,48	-0,07	0,34	0,68	1492,47
5	15.07.2025 19:54:04	23,48	-0,07	0,33	0,65	1492,46
6	15.07.2025 19:54:05	23,48	-0,07	0,34	0,68	1492,47
7	15.07.2025 19:54:06	23,48	-0,05	0,31	0,63	1492,44
8	15.07.2025 19:54:07	23,45	-0,07	0,34	0,68	1492,39
9	15.07.2025 19:54:08	23,45	-0,05	0,34	0,68	1492,39
10	15.07.2025 19:54:09	23,45	-0,05	0,34	0,68	1492,39
11	15.07.2025 19:54:10	23,45	-0,07	0,33	0,65	1492,38
12	15.07.2025 19:54:11	23,45	-0,07	0,34	0,68	1492,39
13	15.07.2025 19:54:12	23,45	-0,07	0,34	0,68	1492,39
14	15.07.2025 19:54:13	23,45	-0,07	0,34	0,68	1492,39
15	15.07.2025 19:54:14	23,45	-0,07	0,34	0,68	1492,39
16	15.07.2025 19:54:15	23,45	-0,07	0,33	0,65	1492,38
17	15.07.2025 19:54:16	23,45	-0,05	0,34	0,68	1492,39
18	15.07.2025 19:54:17	23,45	-0,07	0,34	0,68	1492,39
19	15.07.2025 19:54:18	23,42	-0,07	0,33	0,65	1492,29
20	15.07.2025 19:54:19	23,42	-0,07	0,34	0,68	1492,31
21	15.07.2025 19:54:20	23,42	-0,07	0,33	0,65	1492,29
22	15.07.2025 19:54:21	23,42	-0,07	0,34	0,68	1492,31
23	15.07.2025 19:54:22	23,42	-0,07	0,34	0,68	1492,31
24	15.07.2025 19:54:23	23,42	-0,07	0,33	0,65	1492,29
25	15.07.2025 19:54:24	23,42	-0,07	0,34	0,68	1492,31
26	15.07.2025 19:54:25	23,42	-0,07	0,34	0,68	1492,31
27	15.07.2025 19:54:26	23,42	-0,08	0,33	0,65	1492,29
28	15.07.2025 19:54:27	23,42	-0,08	0,34	0,68	1492,31
29	15.07.2025 19:54:28	23,42	-0,07	0,33	0,65	1492,29
30	15.07.2025 19:54:29	23,42	-0,07	0,31	0,63	1492,28
31	15.07.2025 19:54:30	23,42	-0,07	0,33	0,65	1492,29
32	15.07.2025 19:54:31	23,42	-0,08	0,34	0,68	1492,31
33	15.07.2025 19:54:32	23,39	-0,07	0,34	0,68	1492,23
34	15.07.2025 19:54:33	23,39	-0,07	0,34	0,68	1492,23
35	15.07.2025 19:54:34	23,39	-0,07	0,34	0,68	1492,23
36	15.07.2025 19:54:35	23,39	-0,07	0,34	0,68	1492,23
37	15.07.2025 19:54:36	23,39	-0,07	0,34	0,68	1492,23
38	15.07.2025 19:54:37	23,39	-0,08	0,34	0,68	1492,22
39	15.07.2025 19:54:38	23,39	-0,07	0,34	0,68	1492,23
40	15.07.2025 19:54:39	23,39	-0,08	0,34	0,68	1492,22
41	15.07.2025 19:54:40	23,39	-0,07	0,34	0,68	1492,23
42	15.07.2025 19:54:41	23,39	-0,07	0,33	0,65	1492,21
43	15.07.2025 19:54:42	23,39	-0,07	0,34	0,68	1492,23
44	15.07.2025 19:54:43	23,36	-0,07	0,33	0,65	1492,13
45	15.07.2025 19:54:44	23,36	-0,08	0,33	0,65	1492,12
46	15.07.2025 19:54:45	23,36	-0,07	0,33	0,65	1492,13
47	15.07.2025 19:54:46	23,36	-0,07	0,34	0,68	1492,14
48	15.07.2025 19:54:47	23,36	-0,07	0,34	0,68	1492,14
49	15.07.2025 19:54:48	23,36	-0,07	0,33	0,65	1492,13
50	15.07.2025 19:54:49	23,36	-0,08	0,34	0,68	1492,14
51	15.07.2025 19:54:50	23,33	-0,07	0,33	0,65	1492,04
52	15.07.2025 19:54:51	23,33	-0,07	0,33	0,65	1492,04
53	15.07.2025 19:54:52	23,33	-0,07	0,32	0,63	1492,03
54	15.07.2025 19:54:53	23,33	-0,07	0,33	0,65	1492,04
55	15.07.2025 19:54:54	23,33	-0,08	0,34	0,68	1492,06
56	15.07.2025 19:54:55	23,33	-0,05	0,34	0,68	1492,06
57	15.07.2025 19:54:56	23,33	-0,07	0,34	0,68	1492,06
58	15.07.2025 19:54:57	23,30	-0,07	0,34	0,68	1491,98
59	15.07.2025 19:54:58	23,30	-0,05	0,33	0,65	1491,96
60	15.07.2025 19:54:59	23,30	-0,07	0,32	0,63	1491,95
61	15.07.2025 19:55:00	23,30	-0,05	0,33	0,65	1491,96
62	15.07.2025 19:55:01	23,30	-0,07	0,34	0,68	1491,98
63	15.07.2025 19:55:02	23,30	-0,05	0,34	0,68	1491,98
64	15.07.2025 19:55:03	23,30	-0,07	0,34	0,68	1491,98
65	15.07.2025 19:55:04	23,30	-0,07	0,34	0,68	1491,98
66	15.07.2025 19:55:05	23,27	-0,07	0,34	0,68	1491,89
67	15.07.2025 19:55:06	23,27	-0,05	0,29	0,57	1491,83
68	15.07.2025 19:55:07	23,27	-0,07	0,30	0,60	1491,85
69	15.07.2025 19:55:08	23,27	-0,07	0,32	0,63	1491,86
70	15.07.2025 19:55:09	23,27	-0,07	0,33	0,65	1491,88
71	15.07.2025 19:55:10	23,27	-0,07	0,33	0,65	1491,88
72	15.07.2025 19:55:11	23,27	-0,07	0,33	0,65	1491,88
73	15.07.2025 19:55:12	23,25	-0,07	0,33	0,65	1491,79
74	15.07.2025 19:55:13	23,25	-0,05	0,32	0,63	1491,78
75	15.07.2025 19:55:14	23,25	-0,07	0,34	0,68	1491,81
76	15.07.2025 19:55:15	23,25	-0,05	0,33	0,65	1491,80
77	15.07.2025 19:55:16	23,25	-0,07	0,33	0,65	1491,79
78	15.07.2025 19:55:17	23,25	-0,05	0,33	0,65	1491,80
79	15.07.2025 19:55:18	23,22	-0,07	0,33	0,65	1491,71
80	15.07.2025 19:55:19	23,22	-0,07	0,32	0,63	1491,70
81	15.07.2025 19:55:20	23,22	-0,05	0,33	0,65	1491,71
82	15.07.2025 19:55:21	23,22	-0,07	0,33	0,65	1491,71
83	15.07.2025 19:55:22	23,22	-0,07	0,33	0,65	1491,71
84	15.07.2025 19:55:23	23,22	-0,07	0,33	0,65	1491,71
85	15.07.2025 19:55:24	23,22	-0,05	0,33	0,65	1491,71
86	15.07.2025 19:55:25	23,19	-0,05	0,33	0,65	1491,63
87	15.07.2025 19:55:26	23,19	-0,05	0,35	0,68	1491,65
88	15.07.2025 19:55:27	23,19	-0,05	0,33	0,65	1491,63
89	15.07.2025 19:55:28	23,19	-0,05	0,35	0,68	1491,65
90	15.07.2025 19:55:29	23,19	-0,07	0,33	0,65	1491,63
91	15.07.2025 19:55:30	23,19	-0,05	0,33	0,65	1491,63
92	15.07.2025 19:55:31	23,16	-0,05	0,32	0,63	1491,53
93	15.07.2025 19:55:32	23,16	-0,07	0,33	0,65	1491,55
94	15.07.2025 19:55:33	23,16	-0,07	0,33	0,65	1491,55
95	15.07.2025 19:55:34	23,16	-0,05	0,32	0,63	1491,53
96	15.07.2025 19:55:35	23,16	-0,05	0,33	0,65	1491,55
97	15.07.2025 19:55:36	23,16	-0,07	0,33	0,65	1491,55
98	15.07.2025 19:55:37	23,13	-0,05	0,35	0,68	1491,48
99	15.07.2025 19:55:38	23,13	-0,05	0,35	0,68	1491,48
100	15.07.2025 19:55:39	23,13	-0,07	0,33	0,65	1491,46
101	15.07.2025 19:55:40	23,13	-0,05	0,35	0,68	1491,48
102	15.07.2025 19:55:41	23,13	-0,05	0,33	0,65	1491,46
103	15.07.2025 19:55:42	23,13	-0,05	0,35	0,68	1491,48
104	15.07.2025 19:55:43	23,13	-0,07	0,33	0,65	1491,46
105	15.07.2025 19:55:44	23,10	-0,07	0,33	0,65	1491,38
106	15.07.2025 19:55:45	23,10	-0,07	0,33	0,65	1491,38
107	15.07.2025 19:55:46	23,10	-0,05	0,35	0,68	1491,40
108	15.07.2025 19:55:47	23,10	-0,05	0,35	0,68	1491,40
109	15.07.2025 19:55:48	23,10	-0,05	0,35	0,68	1491,40
110	15.07.2025 19:55:49	23,10	-0,05	0,35	0,68	1491,40
111	15.07.2025 19:55:50	23,10	-0,05	0,33	0,65	1491,38
112	15.07.2025 19:55:51	23,07	-0,07	0,33	0,65	1491,29
113	15.07.2025 19:55:52	23,07	-0,08	0,33	0,65	1491,29
114	15.07.2025 19:55:53	23,07	-0,07	0,33	0,65	1491,29
115	15.07.2025 19:55:54	23,07	-0,07	0,35	0,68	1491,31
116	15.07.2025 19:55:55	23,04	-0,08	0,35	0,68	1491,22
117	15.07.2025 19:55:56	23,04	-0,07	0,35	0,68	1491,23
118	15.07.2025 19:55:57	23,04	-0,07	0,33	0,65	1491,21
119	15.07.2025 19:55:58	23,04	-0,07	0,33	0,65	1491,21
120	15.07.2025 19:55:59	23,04	-0,07	0,33	0,65	1491,21
121	15.07.2025 19:56:00	23,04	-0,07	0,33	0,65	1491,21
122	15.07.2025 19:56:01	23,01	-0,07	0,35	0,68	1491,14
123	15.07.2025 19:56:02	23,01	-0,07	0,33	0,65	1491,13
124	15.07.2025 19:56:03	23,01	-0,07	0,33	0,65	1491,13
125	15.07.2025 19:56:04	23,01	-0,07	0,33	0,65	1491,13
126	15.07.2025 19:56:05	23,01	-0,07	0,35	0,68	1491,14
127	15.07.2025 19:56:06	22,98	-0,07	0,33	0,65	1491,04
128	15.07.2025 19:56:07	22,98	-0,07	0,35	0,68	1491,06
129	15.07.2025 19:56:08	22,98	-0,07	0,33	0,65	1491,04
130	15.07.2025 19:56:09	22,98	-0,07	0,35	0,68	1491,06
131	15.07.2025 19:56:10	22,98	-0,07	0,35	0,68	1491,06
132	15.07.2025 19:56:11	22,98	-0,07	0,32	0,63	1491,03
133	15.07.2025 19:56:12	22,95	-0,07	0,35	0,68	1490,98
134	15.07.2025 19:56:13	22,95	-0,05	0,35	0,68	1490,98
135	15.07.2025 19:56:14	22,95	-0,07	0,35	0,68	1490,98
136	15.07.2025 19:56:15	22,95	-0,07	0,33	0,65	1490,96
137	15.07.2025 19:56:16	22,95	-0,07	0,33	0,65	1490,96
138	15.07.2025 19:56:17	22,95	-0,07	0,33	0,65	1490,96
139	15.07.2025 19:56:18	22,95	-0,07	0,35	0,68	1490,98
140	15.07.2025 19:56:19	22,95	-0,08	0,35	0,68	1490,97
141	15.07.2025 19:56:20	22,93	-0,05	0,35	0,68	1490,90
142	15.07.2025 19:56:21	22,93	-0,07	0,35	0,68	1490,89
143	15.07.2025 19:56:22	22,93	-0,07	0,33	0,65	1490,88
144	15.07.2025 19:56:23	22,93	-0,07	0,35	0,68	1490,89
145	15.07.2025 19:56:24	22,93	-0,07	0,35	0,68	1490,89
146	15.07.2025 19:56:25	22,93	-0,05	0,35	0,68	1490,90
147	15.07.2025 19:56:26	22,93	-0,07	0,35	0,68	1490,89
148	15.07.2025 19:56:27	22,93	-0,07	0,33	0,65	1490,88
149	15.07.2025 19:56:28	22,90	-0,07	0,33	0,65	1490,79
150	15.07.2025 19:56:29	22,90	-0,05	0,35	0,68	1490,81
151	15.07.2025 19:56:30	22,90	-0,05	0,35	0,68	1490,81
152	15.07.2025 19:56:31	22,90	-0,05	0,33	0,65	1490,80
153	15.07.2025 19:56:32	22,90	-0,07	0,35	0,68	1490,81
154	15.07.2025 19:56:33	22,90	-0,07	0,33	0,65	1490,79
155	15.07.2025 19:56:34	22,87	-0,07	0,35	0,68	1490,72
156	15.07.2025 19:56:35	22,87	-0,05	0,35	0,68	1490,73
157	15.07.2025 19:56:36	22,87	-0,07	0,35	0,68	1490,72
158	15.07.2025 19:56:37	22,87	-0,07	0,32	0,63	1490,69
159	15.07.2025 19:56:38	22,87	-0,07	0,33	0,65	1490,71
160	15.07.2025 19:56:39	22,87	-0,07	0,35	0,68	1490,72
161	15.07.2025 19:56:40	22,87	-0,07	0,35	0,68	1490,72
162	15.07.2025 19:56:41	22,84	-0,07	0,33	0,65	1490,62
163	15.07.2025 19:56:42	22,84	-0,05	0,35	0,68	1490,64
164	15.07.2025 19:56:43	22,84	-0,07	0,35	0,68	1490,64
165	15.07.2025 19:56:44	22,84	-0,05	0,35	0,68	1490,64
166	15.07.2025 19:56:45	22,84	-0,07	0,33	0,65	1490,62
167	15.07.2025 19:56:46	22,84	-0,05	0,33	0,65	1490,63
168	15.07.2025 19:56:47	22,81	-0,05	0,33	0,65	1490,54
169	15.07.2025 19:56:48	22,81	-0,05	0,33	0,65	1490,54
170	15.07.2025 19:56:49	22,81	-0,07	0,33	0,65	1490,54
171	15.07.2025 19:56:50	22,81	-0,07	0,33	0,65	1490,54
172	15.07.2025 19:56:51	22,81	-0,07	0,35	0,68	1490,56
173	15.07.2025 19:56:52	22,81	-0,05	0,35	0,68	1490,56
174	15.07.2025 19:56:53	22,81	-0,05	0,35	0,68	1490,56
175	15.07.2025 19:56:54	22,78	-0,05	0,35	0,68	1490,48
176	15.07.2025 19:56:55	22,78	-0,07	0,35	0,68	1490,47
177	15.07.2025 19:56:56	22,78	-0,05	0,33	0,65	1490,46
178	15.07.2025 19:56:57	22,78	-0,05	0,32	0,63	1490,44
179	15.07.2025 19:56:58	22,78	-0,07	0,32	0,63	1490,44
180	15.07.2025 19:56:59	22,78	-0,07	0,33	0,65	1490,46
181	15.07.2025 19:57:00	22,75	-0,05	0,33	0,65	1490,37
182	15.07.2025 19:57:01	22,75	-0,05	0,33	0,65	1490,37
183	15.07.2025 19:57:02	22,75	-0,05	0,33	0,65	1490,37
184	15.07.2025 19:57:03	22,75	-0,07	0,35	0,68	1490,39
185	15.07.2025 19:57:04	22,75	-0,05	0,35	0,68	1490,39
186	15.07.2025 19:57:05	22,75	-0,05	0,33	0,65	1490,37
187	15.07.2025 19:57:06	22,72	-0,07	0,33	0,65	1490,29
188	15.07.2025 19:57:07	22,72	-0,05	0,32	0,63	1490,27
189	15.07.2025 19:57:08	22,72	-0,05	0,33	0,65	1490,29
190	15.07.2025 19:57:09	22,72	-0,05	0,33	0,65	1490,29
191	15.07.2025 19:57:10	22,72	-0,05	0,33	0,65	1490,29
192	15.07.2025 19:57:11	22,72	-0,07	0,33	0,65	1490,29
193	15.07.2025 19:57:12	22,69	-0,08	0,33	0,65	1490,20
194	15.07.2025 19:57:13	22,69	-0,07	0,35	0,68	1490,22
195	15.07.2025 19:57:14	22,69	-0,07	0,33	0,65	1490,20
196	15.07.2025 19:57:15	22,69	-0,07	0,33	0,65	1490,20
197	15.07.2025 19:57:16	22,69	-0,07	0,33	0,65	1490,20
198	15.07.2025 19:57:17	22,66	-0,07	0,33	0,65	1490,12
199	15.07.2025 19:57:18	22,66	-0,05	0,33	0,65	1490,12
200	15.07.2025 19:57:19	22,66	-0,07	0,33	0,65	1490,12
201	15.07.2025 19:57:20	22,66	-0,07	0,33	0,65	1490,12
202	15.07.2025 19:57:21	22,66	-0,07	0,35	0,68	1490,14
203	15.07.2025 19:57:22	22,66	-0,07	0,33	0,65	1490,12
204	15.07.2025 19:57:23	22,63	-0,07	0,33	0,65	1490,03
205	15.07.2025 19:57:24	22,63	-0,05	0,33	0,65	1490,04
206	15.07.2025 19:57:25	22,63	-0,07	0,35	0,68	1490,05
207	15.07.2025 19:57:26	22,63	-0,07	0,33	0,65	1490,03
208	15.07.2025 19:57:27	22,63	-0,07	0,33	0,65	1490,03
209	15.07.2025 19:57:28	22,63	-0,07	0,35	0,68	1490,05
210	15.07.2025 19:57:29	22,63	-0,07	0,33	0,65	1490,03
211	15.07.2025 19:57:30	22,61	-0,07	0,34	0,65	1489,95
212	15.07.2025 19:57:31	22,61	-0,07	0,32	0,63	1489,93
213	15.07.2025 19:57:32	22,61	-0,05	0,35	0,68	1489,97
214	15.07.2025 19:57:33	22,61	-0,07	0,32	0,63	1489,93
215	15.07.2025 19:57:34	22,61	-0,05	0,34	0,65	1489,95
216	15.07.2025 19:57:35	22,61	-0,07	0,34	0,65	1489,95
217	15.07.2025 19:57:36	22,58	-0,05	0,34	0,65	1489,87
218	15.07.2025 19:57:37	22,58	-0,07	0,35	0,68	1489,88
219	15.07.2025 19:57:38	22,58	-0,07	0,35	0,68	1489,88
220	15.07.2025 19:57:39	22,58	-0,07	0,35	0,68	1489,88
221	15.07.2025 19:57:40	22,58	-0,07	0,35	0,68	1489,88
222	15.07.2025 19:57:41	22,58	-0,07	0,34	0,65	1489,87
223	15.07.2025 19:57:42	22,58	-0,07	0,35	0,68	1489,88
224	15.07.2025 19:57:43	22,55	-0,07	0,34	0,65	1489,78
225	15.07.2025 19:57:44	22,55	-0,05	0,34	0,65	1489,78
226	15.07.2025 19:57:45	22,55	-0,07	0,34	0,65	1489,78
227	15.07.2025 19:57:46	22,55	-0,05	0,34	0,65	1489,78
228	15.07.2025 19:57:47	22,55	-0,07	0,34	0,65	1489,78
229	15.07.2025 19:57:48	22,52	-0,07	0,34	0,65	1489,70
230	15.07.2025 19:57:49	22,52	-0,07	0,34	0,65	1489,70
231	15.07.2025 19:57:50	22,52	-0,07	0,34	0,65	1489,70
232	15.07.2025 19:57:51	22,52	-0,05	0,34	0,65	1489,70
233	15.07.2025 19:57:52	22,52	-0,07	0,34	0,65	1489,70
234	15.07.2025 19:57:53	22,52	-0,07	0,34	0,65	1489,70
235	15.07.2025 19:57:54	22,49	-0,05	0,34	0,65	1489,61
236	15.07.2025 19:57:55	22,49	-0,05	0,34	0,65	1489,61
237	15.07.2025 19:57:56	22,49	-0,07	0,34	0,65	1489,61
238	15.07.2025 19:57:57	22,49	-0,05	0,34	0,65	1489,61
239	15.07.2025 19:57:58	22,49	-0,05	0,34	0,65	1489,61
240	15.07.2025 19:57:59	22,49	-0,05	0,34	0,65	1489,61
241	15.07.2025 19:58:00	22,49	-0,05	0,34	0,65	1489,61
242	15.07.2025 19:58:01	22,46	-0,05	0,34	0,65	1489,53
243	15.07.2025 19:58:02	22,46	-0,05	0,34	0,65	1489,53
244	15.07.2025 19:58:03	22,46	-0,07	0,32	0,63	1489,51
245	15.07.2025 19:58:04	22,46	-0,05	0,34	0,65	1489,53
246	15.07.2025 19:58:05	22,46	-0,05	0,34	0,65	1489,53
247	15.07.2025 19:58:06	22,46	-0,05	0,32	0,63	1489,51
248	15.07.2025 19:58:07	22,46	-0,05	0,31	0,60	1489,50
249	15.07.2025 19:58:08	22,43	-0,07	0,31	0,60	1489,41
250	15.07.2025 19:58:09	22,43	-0,05	0,32	0,63	1489,43
251	15.07.2025 19:58:10	22,43	-0,05	0,34	0,65	1489,44
252	15.07.2025 19:58:11	22,43	-0,05	0,34	0,65	1489,44
253	15.07.2025 19:58:12	22,43	-0,05	0,32	0,63	1489,43
254	15.07.2025 19:58:13	22,43	-0,05	0,31	0,60	1489,41
255	15.07.2025 19:58:14	22,43	-0,05	0,32	0,63	1489,43
256	15.07.2025 19:58:15	22,43	-0,05	0,34	0,65	1489,44
257	15.07.2025 19:58:16	22,40	-0,07	0,34	0,65	1489,36
258	15.07.2025 19:58:17	22,40	-0,05	0,34	0,65	1489,36
259	15.07.2025 19:58:18	22,40	-0,05	0,35	0,68	1489,38
260	15.07.2025 19:58:19	22,40	-0,07	0,35	0,68	1489,37
261	15.07.2025 19:58:20	22,40	-0,07	0,35	0,68	1489,37
262	15.07.2025 19:58:21	22,40	-0,07	0,34	0,65	1489,36
263	15.07.2025 19:58:22	22,40	-0,05	0,35	0,68	1489,38
264	15.07.2025 19:58:23	22,40	-0,05	0,34	0,65	1489,36
265	15.07.2025 19:58:24	22,40	-0,07	0,34	0,65	1489,36
266	15.07.2025 19:58:25	22,37	-0,05	0,34	0,65	1489,27
267	15.07.2025 19:58:26	22,37	-0,05	0,35	0,68	1489,29
268	15.07.2025 19:58:27	22,37	-0,07	0,35	0,68	1489,29
269	15.07.2025 19:58:28	22,37	-0,05	0,35	0,68	1489,29
270	15.07.2025 19:58:29	22,37	-0,07	0,35	0,68	1489,29
271	15.07.2025 19:58:30	22,37	-0,05	0,35	0,68	1489,29
272	15.07.2025 19:58:31	22,37	-0,05	0,32	0,63	1489,26
273	15.07.2025 19:58:32	22,37	-0,07	0,32	0,63	1489,25
274	15.07.2025 19:58:33	22,37	-0,05	0,31	0,60	1489,24
275	15.07.2025 19:58:34	22,34	-0,07	0,32	0,63	1489,17
276	15.07.2025 19:58:35	22,34	-0,08	0,34	0,65	1489,18
277	15.07.2025 19:58:36	22,34	-0,07	0,35	0,68	1489,20
278	15.07.2025 19:58:37	22,34	-0,07	0,35	0,68	1489,20
279	15.07.2025 19:58:38	22,34	-0,07	0,35	0,68	1489,20
280	15.07.2025 19:58:39	22,34	-0,07	0,34	0,65	1489,19
281	15.07.2025 19:58:40	22,34	-0,05	0,35	0,68	1489,20
282	15.07.2025 19:58:41	22,34	-0,07	0,34	0,65	1489,19
283	15.07.2025 19:58:42	22,31	-0,07	0,35	0,68	1489,12
284	15.07.2025 19:58:43	22,31	-0,07	0,34	0,65	1489,10
285	15.07.2025 19:58:44	22,31	-0,07	0,35	0,68	1489,12
286	15.07.2025 19:58:45	22,31	-0,07	0,31	0,60	1489,07
287	15.07.2025 19:58:46	22,31	-0,07	0,31	0,60	1489,07
288	15.07.2025 19:58:47	22,31	-0,07	0,32	0,63	1489,08
289	15.07.2025 19:58:48	22,31	-0,05	0,34	0,65	1489,10
290	15.07.2025 19:58:49	22,28	-0,07	0,35	0,68	1489,03
291	15.07.2025 19:58:50	22,28	-0,07	0,32	0,63	1489,00
292	15.07.2025 19:58:51	22,28	-0,05	0,35	0,68	1489,03
293	15.07.2025 19:58:52	22,28	-0,07	0,32	0,63	1489,00
294	15.07.2025 19:58:53	22,28	-0,07	0,35	0,68	1489,03
295	15.07.2025 19:58:54	22,28	-0,07	0,35	0,68	1489,03
296	15.07.2025 19:58:55	22,28	-0,07	0,34	0,65	1489,01
297	15.07.2025 19:58:56	22,28	-0,07	0,34	0,65	1489,01
298	15.07.2025 19:58:57	22,26	-0,07	0,34	0,65	1488,93
299	15.07.2025 19:58:58	22,26	-0,07	0,34	0,65	1488,93
300	15.07.2025 19:58:59	22,26	-0,07	0,34	0,65	1488,93
301	15.07.2025 19:59:00	22,26	-0,07	0,35	0,68	1488,95
302	15.07.2025 19:59:01	22,26	-0,07	0,34	0,65	1488,93
303	15.07.2025 19:59:02	22,26	-0,07	0,34	0,65	1488,93
304	15.07.2025 19:59:03	22,26	-0,07	0,34	0,65	1488,93
305	15.07.2025 19:59:04	22,23	-0,07	0,34	0,65	1488,84
306	15.07.2025 19:59:05	22,23	-0,05	0,34	0,65	1488,85
307	15.07.2025 19:59:06	22,23	-0,05	0,34	0,65	1488,85
308	15.07.2025 19:59:07	22,23	-0,05	0,34	0,65	1488,85
309	15.07.2025 19:59:08	22,23	-0,07	0,35	0,68	1488,86
310	15.07.2025 19:59:09	22,23	-0,05	0,34	0,65	1488,85
311	15.07.2025 19:59:10	22,20	-0,07	0,32	0,63	1488,74
312	15.07.2025 19:59:11	22,20	-0,07	0,34	0,65	1488,76
313	15.07.2025 19:59:12	22,20	-0,05	0,35	0,68	1488,78
314	15.07.2025 19:59:13	22,20	-0,07	0,35	0,68	1488,77
315	15.07.2025 19:59:14	22,20	-0,07	0,34	0,65	1488,76
316	15.07.2025 19:59:15	22,20	-0,07	0,32	0,63	1488,74
317	15.07.2025 19:59:16	22,17	-0,05	0,34	0,65	1488,68
318	15.07.2025 19:59:17	22,17	-0,07	0,34	0,65	1488,67
319	15.07.2025 19:59:18	22,17	-0,05	0,35	0,68	1488,69
320	15.07.2025 19:59:19	22,17	-0,07	0,35	0,68	1488,69
321	15.07.2025 19:59:20	22,17	-0,07	0,34	0,65	1488,67
322	15.07.2025 19:59:21	22,14	-0,05	0,34	0,65	1488,59
323	15.07.2025 19:59:22	22,14	-0,07	0,35	0,68	1488,60
324	15.07.2025 19:59:23	22,14	-0,07	0,34	0,65	1488,59
325	15.07.2025 19:59:24	22,14	-0,05	0,34	0,65	1488,59
326	15.07.2025 19:59:25	22,14	-0,07	0,34	0,65	1488,59
327	15.07.2025 19:59:26	22,14	-0,05	0,34	0,65	1488,59
328	15.07.2025 19:59:27	22,11	-0,07	0,35	0,68	1488,52
329	15.07.2025 19:59:28	22,11	-0,05	0,35	0,68	1488,52
330	15.07.2025 19:59:29	22,11	-0,05	0,34	0,65	1488,50
331	15.07.2025 19:59:30	22,11	-0,07	0,34	0,65	1488,50
332	15.07.2025 19:59:31	22,11	-0,07	0,35	0,68	1488,52
333	15.07.2025 19:59:32	22,08	-0,07	0,34	0,65	1488,42
334	15.07.2025 19:59:33	22,08	-0,05	0,32	0,63	1488,40
335	15.07.2025 19:59:34	22,08	-0,05	0,34	0,65	1488,42
336	15.07.2025 19:59:35	22,08	-0,07	0,34	0,65	1488,42
337	15.07.2025 19:59:36	22,08	-0,07	0,34	0,65	1488,42
338	15.07.2025 19:59:37	22,08	-0,07	0,34	0,65	1488,42
339	15.07.2025 19:59:38	22,05	-0,07	0,35	0,68	1488,35
340	15.07.2025 19:59:39	22,05	-0,07	0,34	0,65	1488,33
341	15.07.2025 19:59:40	22,05	-0,07	0,34	0,65	1488,33
342	15.07.2025 19:59:41	22,05	-0,05	0,35	0,68	1488,35
343	15.07.2025 19:59:42	22,05	-0,05	0,34	0,65	1488,33
344	15.07.2025 19:59:43	22,05	-0,05	0,34	0,65	1488,33
345	15.07.2025 19:59:44	22,02	-0,07	0,34	0,65	1488,24
346	15.07.2025 19:59:45	22,02	-0,05	0,34	0,65	1488,25
347	15.07.2025 19:59:46	22,02	-0,05	0,35	0,68	1488,26
348	15.07.2025 19:59:47	22,02	-0,05	0,34	0,65	1488,25
349	15.07.2025 19:59:48	22,02	-0,07	0,32	0,63	1488,23
350	15.07.2025 19:59:49	22,02	-0,07	0,34	0,65	1488,24
351	15.07.2025 19:59:50	21,99	-0,07	0,35	0,68	1488,17
352	15.07.2025 19:59:51	21,99	-0,08	0,34	0,65	1488,15
353	15.07.2025 19:59:52	21,99	-0,07	0,34	0,65	1488,16
354	15.07.2025 19:59:53	21,99	-0,08	0,32	0,63	1488,14
355	15.07.2025 19:59:54	21,99	-0,07	0,35	0,68	1488,17
356	15.07.2025 19:59:55	21,99	-0,08	0,34	0,65	1488,15
357	15.07.2025 19:59:56	21,99	-0,07	0,32	0,63	1488,14
358	15.07.2025 19:59:57	21,99	-0,07	0,34	0,65	1488,16
359	15.07.2025 19:59:58	21,96	-0,07	0,32	0,63	1488,05
360	15.07.2025 19:59:59	21,96	-0,07	0,35	0,68	1488,09
361	15.07.2025 20:00:00	21,96	-0,07	0,34	0,65	1488,07
362	15.07.2025 20:00:01	21,96	-0,08	0,34	0,65	1488,07
363	15.07.2025 20:00:02	21,96	-0,07	0,34	0,65	1488,07
364	15.07.2025 20:00:03	21,96	-0,07	0,34	0,65	1488,07
365	15.07.2025 20:00:04	21,93	-0,07	0,34	0,65	1487,99
366	15.07.2025 20:00:05	21,93	-0,07	0,34	0,65	1487,99
367	15.07.2025 20:00:06	21,93	-0,08	0,34	0,65	1487,98
368	15.07.2025 20:00:07	21,93	-0,07	0,33	0,63	1487,97
369	15.07.2025 20:00:08	21,93	-0,07	0,34	0,65	1487,99
370	15.07.2025 20:00:09	21,93	-0,08	0,34	0,65	1487,98
371	15.07.2025 20:00:10	21,93	-0,07	0,34	0,65	1487,99
372	15.07.2025 20:00:11	21,91	-0,07	0,34	0,65	1487,90
373	15.07.2025 20:00:12	21,91	-0,07	0,34	0,65	1487,90
374	15.07.2025 20:00:13	21,91	-0,07	0,34	0,65	1487,90
375	15.07.2025 20:00:14	21,91	-0,08	0,33	0,63	1487,88
376	15.07.2025 20:00:15	21,91	-0,07	0,34	0,65	1487,90
377	15.07.2025 20:00:16	21,91	-0,07	0,34	0,65	1487,90
378	15.07.2025 20:00:17	21,88	-0,07	0,33	0,63	1487,80
379	15.07.2025 20:00:18	21,88	-0,07	0,34	0,65	1487,81
380	15.07.2025 20:00:19	21,88	-0,07	0,31	0,60	1487,78
381	15.07.2025 20:00:20	21,88	-0,07	0,34	0,65	1487,81
382	15.07.2025 20:00:21	21,88	-0,05	0,36	0,68	1487,83
383	15.07.2025 20:00:22	21,88	-0,07	0,34	0,65	1487,81
384	15.07.2025 20:00:23	21,85	-0,07	0,31	0,60	1487,69
385	15.07.2025 20:00:24	21,85	-0,07	0,34	0,65	1487,73
386	15.07.2025 20:00:25	21,85	-0,07	0,36	0,68	1487,74
387	15.07.2025 20:00:26	21,85	-0,07	0,33	0,63	1487,71
388	15.07.2025 20:00:27	21,85	-0,07	0,34	0,65	1487,73
389	15.07.2025 20:00:28	21,85	-0,07	0,34	0,65	1487,73
390	15.07.2025 20:00:29	21,82	-0,07	0,34	0,65	1487,64
391	15.07.2025 20:00:30	21,82	-0,07	0,34	0,65	1487,64
392	15.07.2025 20:00:31	21,82	-0,07	0,34	0,65	1487,64
393	15.07.2025 20:00:32	21,82	-0,07	0,33	0,63	1487,62
394	15.07.2025 20:00:33	21,82	-0,07	0,34	0,65	1487,64
395	15.07.2025 20:00:34	21,82	-0,07	0,36	0,68	1487,66
396	15.07.2025 20:00:35	21,82	-0,07	0,36	0,68	1487,66
397	15.07.2025 20:00:36	21,79	-0,07	0,33	0,63	1487,54
398	15.07.2025 20:00:37	21,79	-0,05	0,34	0,65	1487,56
399	15.07.2025 20:00:38	21,79	-0,07	0,36	0,68	1487,57
400	15.07.2025 20:00:39	21,79	-0,05	0,34	0,65	1487,56
401	15.07.2025 20:00:40	21,79	-0,07	0,34	0,65	1487,55
402	15.07.2025 20:00:41	21,79	-0,05	0,34	0,65	1487,56
403	15.07.2025 20:00:42	21,76	-0,07	0,34	0,65	1487,47
404	15.07.2025 20:00:43	21,76	-0,07	0,36	0,68	1487,48
405	15.07.2025 20:00:44	21,76	-0,07	0,34	0,65	1487,47
406	15.07.2025 20:00:45	21,76	-0,07	0,34	0,65	1487,47
407	15.07.2025 20:00:46	21,76	-0,07	0,36	0,68	1487,48
408	15.07.2025 20:00:47	21,73	-0,07	0,33	0,63	1487,36
409	15.07.2025 20:00:48	21,73	-0,05	0,34	0,65	1487,38
410	15.07.2025 20:00:49	21,73	-0,05	0,36	0,68	1487,40
411	15.07.2025 20:00:50	21,73	-0,07	0,36	0,68	1487,40
412	15.07.2025 20:00:51	21,73	-0,05	0,31	0,60	1487,35
413	15.07.2025 20:00:52	21,73	-0,05	0,34	0,65	1487,38
414	15.07.2025 20:00:53	21,73	-0,05	0,36	0,68	1487,40
415	15.07.2025 20:00:54	21,70	-0,05	0,34	0,65	1487,30
416	15.07.2025 20:00:55	21,70	-0,07	0,34	0,65	1487,29
417	15.07.2025 20:00:56	21,70	-0,05	0,34	0,65	1487,30
418	15.07.2025 20:00:57	21,70	-0,07	0,34	0,65	1487,29
419	15.07.2025 20:00:58	21,70	-0,07	0,36	0,68	1487,31
420	15.07.2025 20:00:59	21,67	-0,05	0,33	0,63	1487,19
421	15.07.2025 20:01:00	21,67	-0,07	0,34	0,65	1487,21
422	15.07.2025 20:01:01	21,67	-0,05	0,36	0,68	1487,23
423	15.07.2025 20:01:02	21,67	-0,07	0,31	0,60	1487,17
424	15.07.2025 20:01:03	21,67	-0,07	0,34	0,65	1487,21
425	15.07.2025 20:01:04	21,67	-0,05	0,36	0,68	1487,23
426	15.07.2025 20:01:05	21,64	-0,07	0,34	0,65	1487,12
427	15.07.2025 20:01:06	21,64	-0,05	0,31	0,60	1487,09
428	15.07.2025 20:01:07	21,64	-0,05	0,34	0,65	1487,12
429	15.07.2025 20:01:08	21,64	-0,05	0,36	0,68	1487,14
430	15.07.2025 20:01:09	21,64	-0,05	0,36	0,68	1487,14
431	15.07.2025 20:01:10	21,64	-0,05	0,34	0,65	1487,12
432	15.07.2025 20:01:11	21,61	-0,08	0,33	0,63	1487,01
433	15.07.2025 20:01:12	21,61	-0,07	0,34	0,65	1487,03
434	15.07.2025 20:01:13	21,61	-0,08	0,34	0,65	1487,03
435	15.07.2025 20:01:14	21,61	-0,07	0,34	0,65	1487,03
436	15.07.2025 20:01:15	21,61	-0,07	0,34	0,65	1487,03
437	15.07.2025 20:01:16	21,61	-0,07	0,33	0,63	1487,02
438	15.07.2025 20:01:17	21,58	-0,07	0,36	0,68	1486,96
439	15.07.2025 20:01:18	21,58	-0,07	0,34	0,65	1486,94
440	15.07.2025 20:01:19	21,58	-0,07	0,33	0,63	1486,93
441	15.07.2025 20:01:20	21,58	-0,07	0,34	0,65	1486,94
442	15.07.2025 20:01:21	21,58	-0,07	0,34	0,65	1486,94
443	15.07.2025 20:01:22	21,58	-0,07	0,34	0,65	1486,94
444	15.07.2025 20:01:23	21,55	-0,08	0,34	0,65	1486,85
445	15.07.2025 20:01:24	21,55	-0,05	0,33	0,63	1486,84
446	15.07.2025 20:01:25	21,55	-0,07	0,36	0,68	1486,87
447	15.07.2025 20:01:26	21,55	-0,07	0,36	0,68	1486,87
448	15.07.2025 20:01:27	21,55	-0,07	0,34	0,65	1486,86
449	15.07.2025 20:01:28	21,55	-0,07	0,34	0,65	1486,86
450	15.07.2025 20:01:29	21,55	-0,07	0,34	0,65	1486,86
451	15.07.2025 20:01:30	21,55	-0,07	0,33	0,63	1486,84
452	15.07.2025 20:01:31	21,55	-0,07	0,33	0,63	1486,84
453	15.07.2025 20:01:32	21,53	-0,07	0,34	0,65	1486,77
454	15.07.2025 20:01:33	21,53	-0,07	0,36	0,68	1486,79
455	15.07.2025 20:01:34	21,53	-0,07	0,34	0,65	1486,77
456	15.07.2025 20:01:35	21,53	-0,07	0,31	0,60	1486,74
457	15.07.2025 20:01:36	21,53	-0,07	0,33	0,63	1486,75
458	15.07.2025 20:01:37	21,53	-0,07	0,36	0,68	1486,79
459	15.07.2025 20:01:38	21,53	-0,07	0,34	0,65	1486,77
460	15.07.2025 20:01:39	21,53	-0,05	0,30	0,57	1486,72
461	15.07.2025 20:01:40	21,50	-0,07	0,33	0,63	1486,67
462	15.07.2025 20:01:41	21,50	-0,07	0,34	0,65	1486,68
463	15.07.2025 20:01:42	21,50	-0,07	0,34	0,65	1486,68
464	15.07.2025 20:01:43	21,50	-0,07	0,33	0,63	1486,67
465	15.07.2025 20:01:44	21,50	-0,07	0,36	0,68	1486,70
466	15.07.2025 20:01:45	21,50	-0,07	0,34	0,65	1486,68
467	15.07.2025 20:01:46	21,50	-0,07	0,34	0,65	1486,68
468	15.07.2025 20:01:47	21,47	-0,07	0,34	0,65	1486,60
469	15.07.2025 20:01:48	21,47	-0,07	0,34	0,65	1486,60
470	15.07.2025 20:01:49	21,47	-0,07	0,34	0,65	1486,60
471	15.07.2025 20:01:50	21,47	-0,05	0,33	0,63	1486,58
472	15.07.2025 20:01:51	21,47	-0,07	0,34	0,65	1486,60
473	15.07.2025 20:01:52	21,47	-0,05	0,33	0,63	1486,58
474	15.07.2025 20:01:53	21,44	-0,07	0,33	0,63	1486,49
475	15.07.2025 20:01:54	21,44	-0,05	0,33	0,63	1486,49
476	15.07.2025 20:01:55	21,44	-0,07	0,34	0,65	1486,51
477	15.07.2025 20:01:56	21,44	-0,07	0,34	0,65	1486,51
478	15.07.2025 20:01:57	21,44	-0,07	0,33	0,63	1486,49
479	15.07.2025 20:01:58	21,44	-0,07	0,34	0,65	1486,51
480	15.07.2025 20:01:59	21,41	-0,07	0,33	0,63	1486,40
481	15.07.2025 20:02:00	21,41	-0,07	0,33	0,63	1486,40
482	15.07.2025 20:02:01	21,41	-0,07	0,33	0,63	1486,40
483	15.07.2025 20:02:02	21,41	-0,05	0,33	0,63	1486,41
484	15.07.2025 20:02:03	21,41	-0,07	0,34	0,65	1486,42
485	15.07.2025 20:02:04	21,38	-0,07	0,33	0,63	1486,32
486	15.07.2025 20:02:05	21,38	-0,07	0,33	0,63	1486,32
487	15.07.2025 20:02:06	21,35	-0,07	0,34	0,65	1486,25
488	15.07.2025 20:02:07	21,35	-0,07	0,33	0,63	1486,23
489	15.07.2025 20:02:08	21,35	-0,07	0,33	0,63	1486,23
490	15.07.2025 20:02:09	21,35	-0,07	0,33	0,63	1486,23
491	15.07.2025 20:02:10	21,32	-0,07	0,36	0,68	1486,17
492	15.07.2025 20:02:11	21,32	-0,07	0,33	0,63	1486,14
493	15.07.2025 20:02:12	21,32	-0,07	0,33	0,63	1486,14
494	15.07.2025 20:02:13	21,29	-0,05	0,31	0,60	1486,04
495	15.07.2025 20:02:14	21,29	-0,07	0,33	0,63	1486,05
496	15.07.2025 20:02:15	21,29	-0,05	0,34	0,65	1486,07
497	15.07.2025 20:02:16	21,29	-0,07	0,33	0,63	1486,05
498	15.07.2025 20:02:17	21,26	-0,07	0,33	0,63	1485,97
499	15.07.2025 20:02:18	21,26	-0,07	0,31	0,60	1485,95
500	15.07.2025 20:02:19	21,26	-0,08	0,33	0,63	1485,96
501	15.07.2025 20:02:20	21,26	-0,07	0,35	0,65	1485,98
502	15.07.2025 20:02:21	21,26	-0,07	0,31	0,60	1485,95
503	15.07.2025 20:02:22	21,23	-0,07	0,33	0,63	1485,88
504	15.07.2025 20:02:23	21,23	-0,08	0,33	0,63	1485,87
505	15.07.2025 20:02:24	21,23	-0,07	0,32	0,60	1485,86
506	15.07.2025 20:02:25	21,20	-0,07	0,32	0,60	1485,77
507	15.07.2025 20:02:26	21,20	-0,07	0,32	0,60	1485,77
508	15.07.2025 20:02:27	21,20	-0,07	0,33	0,63	1485,79
509	15.07.2025 20:02:28	21,20	-0,07	0,33	0,63	1485,79
510	15.07.2025 20:02:29	21,20	-0,07	0,29	0,54	1485,74
511	15.07.2025 20:02:30	21,17	-0,07	0,35	0,65	1485,72
512	15.07.2025 20:02:31	21,17	-0,07	0,33	0,63	1485,70
513	15.07.2025 20:02:32	21,17	-0,07	0,30	0,57	1485,67
514	15.07.2025 20:02:33	21,17	-0,07	0,35	0,65	1485,72
515	15.07.2025 20:02:34	21,14	-0,07	0,35	0,65	1485,63
516	15.07.2025 20:02:35	21,14	-0,07	0,32	0,60	1485,60
517	15.07.2025 20:02:36	21,14	-0,07	0,35	0,65	1485,63
518	15.07.2025 20:02:37	21,14	-0,07	0,33	0,63	1485,61
519	15.07.2025 20:02:38	21,14	-0,07	0,32	0,60	1485,60
520	15.07.2025 20:02:39	21,12	-0,07	0,30	0,57	1485,49
521	15.07.2025 20:02:40	21,12	-0,07	0,33	0,63	1485,52
522	15.07.2025 20:02:41	21,12	-0,05	0,30	0,57	1485,49
523	15.07.2025 20:02:42	21,12	-0,07	0,36	0,68	1485,56
524	15.07.2025 20:02:43	21,12	-0,07	0,35	0,65	1485,54
525	15.07.2025 20:02:44	21,09	-0,07	0,30	0,57	1485,40
526	15.07.2025 20:02:45	21,09	-0,07	0,38	0,71	1485,49
527	15.07.2025 20:02:46	21,09	-0,07	0,38	0,71	1485,49
528	15.07.2025 20:02:47	21,09	-0,07	0,38	0,71	1485,49
529	15.07.2025 20:02:48	21,09	-0,07	0,33	0,63	1485,44
530	15.07.2025 20:02:49	21,09	-0,05	0,32	0,60	1485,42
531	15.07.2025 20:02:50	21,06	-0,05	0,35	0,65	1485,37
532	15.07.2025 20:02:51	21,06	-0,07	0,32	0,60	1485,33
533	15.07.2025 20:02:52	21,06	-0,07	0,32	0,60	1485,33
534	15.07.2025 20:02:53	21,06	-0,05	0,33	0,63	1485,35
535	15.07.2025 20:02:54	21,06	-0,05	0,30	0,57	1485,32
536	15.07.2025 20:02:55	21,06	-0,07	0,32	0,60	1485,33
537	15.07.2025 20:02:56	21,06	-0,07	0,33	0,63	1485,35
538	15.07.2025 20:02:57	21,03	-0,05	0,33	0,63	1485,26
539	15.07.2025 20:02:58	21,03	-0,05	0,32	0,60	1485,25
540	15.07.2025 20:02:59	21,03	-0,07	0,33	0,63	1485,26
541	15.07.2025 20:03:00	21,03	-0,07	0,33	0,63	1485,26
542	15.07.2025 20:03:01	21,03	-0,07	0,33	0,63	1485,26
543	15.07.2025 20:03:02	21,03	-0,07	0,33	0,63	1485,26
544	15.07.2025 20:03:03	21,00	-0,07	0,32	0,60	1485,15
545	15.07.2025 20:03:04	21,00	-0,07	0,35	0,65	1485,19
546	15.07.2025 20:03:05	21,00	-0,05	0,30	0,57	1485,14
547	15.07.2025 20:03:06	21,00	-0,07	0,36	0,68	1485,20
548	15.07.2025 20:03:07	21,00	-0,05	0,33	0,63	1485,17
549	15.07.2025 20:03:08	20,97	-0,07	0,30	0,57	1485,05
550	15.07.2025 20:03:09	20,97	-0,07	0,33	0,63	1485,08
551	15.07.2025 20:03:10	20,97	-0,07	0,32	0,60	1485,06
552	15.07.2025 20:03:11	20,97	-0,07	0,30	0,57	1485,05
553	15.07.2025 20:03:12	20,97	-0,07	0,33	0,63	1485,08
554	15.07.2025 20:03:13	20,94	-0,07	0,32	0,60	1484,98
555	15.07.2025 20:03:14	20,94	-0,05	0,33	0,63	1485,00
556	15.07.2025 20:03:15	20,94	-0,07	0,33	0,63	1484,99
557	15.07.2025 20:03:16	20,94	-0,07	0,32	0,60	1484,98
558	15.07.2025 20:03:17	20,94	-0,07	0,30	0,57	1484,96
559	15.07.2025 20:03:18	20,94	-0,05	0,33	0,63	1485,00
560	15.07.2025 20:03:19	20,91	-0,07	0,32	0,60	1484,89
561	15.07.2025 20:03:20	20,91	-0,08	0,32	0,60	1484,88
562	15.07.2025 20:03:21	20,91	-0,08	0,33	0,63	1484,90
563	15.07.2025 20:03:22	20,91	-0,07	0,30	0,57	1484,87
564	15.07.2025 20:03:23	20,91	-0,07	0,35	0,65	1484,92
565	15.07.2025 20:03:24	20,91	-0,08	0,33	0,63	1484,90
566	15.07.2025 20:03:25	20,91	-0,08	0,30	0,57	1484,87
567	15.07.2025 20:03:26	20,88	-0,07	0,33	0,63	1484,82
568	15.07.2025 20:03:27	20,88	-0,08	0,32	0,60	1484,80
569	15.07.2025 20:03:28	20,88	-0,07	0,33	0,63	1484,82
570	15.07.2025 20:03:29	20,88	-0,07	0,32	0,60	1484,80
571	15.07.2025 20:03:30	20,88	-0,08	0,32	0,60	1484,80
572	15.07.2025 20:03:31	20,88	-0,07	0,32	0,60	1484,80
573	15.07.2025 20:03:32	20,85	-0,07	0,32	0,60	1484,71
574	15.07.2025 20:03:33	20,85	-0,07	0,32	0,60	1484,71
575	15.07.2025 20:03:34	20,85	-0,07	0,33	0,63	1484,73
576	15.07.2025 20:03:35	20,85	-0,07	0,32	0,60	1484,71
577	15.07.2025 20:03:36	20,85	-0,07	0,32	0,60	1484,71
578	15.07.2025 20:03:37	20,85	-0,07	0,32	0,60	1484,71
579	15.07.2025 20:03:38	20,85	-0,07	0,32	0,60	1484,71
580	15.07.2025 20:03:39	20,82	-0,07	0,32	0,60	1484,62
581	15.07.2025 20:03:40	20,82	-0,07	0,32	0,60	1484,62
582	15.07.2025 20:03:41	20,82	-0,07	0,30	0,57	1484,60
583	15.07.2025 20:03:42	20,82	-0,07	0,30	0,57	1484,60
584	15.07.2025 20:03:43	20,82	-0,07	0,30	0,57	1484,60
585	15.07.2025 20:03:44	20,79	-0,07	0,32	0,60	1484,53
586	15.07.2025 20:03:45	20,79	-0,07	0,30	0,57	1484,51
587	15.07.2025 20:03:46	20,79	-0,05	0,30	0,57	1484,52
588	15.07.2025 20:03:47	20,79	-0,07	0,29	0,54	1484,50
589	15.07.2025 20:03:48	20,79	-0,08	0,33	0,63	1484,55
590	15.07.2025 20:03:49	20,79	-0,07	0,30	0,57	1484,51
591	15.07.2025 20:03:50	20,79	-0,07	0,32	0,60	1484,53
592	15.07.2025 20:03:51	20,76	-0,07	0,32	0,60	1484,44
593	15.07.2025 20:03:52	20,76	-0,07	0,33	0,63	1484,46
594	15.07.2025 20:03:53	20,76	-0,05	0,32	0,60	1484,44
595	15.07.2025 20:03:54	20,76	-0,05	0,30	0,57	1484,43
596	15.07.2025 20:03:55	20,76	-0,07	0,30	0,57	1484,43
597	15.07.2025 20:03:56	20,76	-0,07	0,30	0,57	1484,43
598	15.07.2025 20:03:57	20,73	-0,07	0,33	0,63	1484,37
599	15.07.2025 20:03:58	20,73	-0,07	0,29	0,54	1484,32
600	15.07.2025 20:03:59	20,73	-0,07	0,33	0,63	1484,37
601	15.07.2025 20:04:00	20,73	-0,07	0,33	0,63	1484,37
602	15.07.2025 20:04:01	20,73	-0,07	0,32	0,60	1484,35
603	15.07.2025 20:04:02	20,73	-0,07	0,29	0,54	1484,32
604	15.07.2025 20:04:03	20,73	-0,05	0,32	0,60	1484,36
605	15.07.2025 20:04:04	20,71	-0,07	0,36	0,68	1484,32
606	15.07.2025 20:04:05	20,71	-0,05	0,29	0,54	1484,23
607	15.07.2025 20:04:06	20,71	-0,07	0,30	0,57	1484,25
608	15.07.2025 20:04:07	20,71	-0,05	0,32	0,60	1484,27
609	15.07.2025 20:04:08	20,71	-0,07	0,30	0,57	1484,25
610	15.07.2025 20:04:09	20,71	-0,07	0,30	0,57	1484,25
611	15.07.2025 20:04:10	20,68	-0,07	0,32	0,60	1484,17
612	15.07.2025 20:04:11	20,68	-0,05	0,29	0,54	1484,14
613	15.07.2025 20:04:12	20,68	-0,07	0,30	0,57	1484,16
614	15.07.2025 20:04:13	20,68	-0,07	0,32	0,60	1484,17
615	15.07.2025 20:04:14	20,68	-0,07	0,30	0,57	1484,16
616	15.07.2025 20:04:15	20,68	-0,05	0,29	0,54	1484,14
617	15.07.2025 20:04:16	20,68	-0,07	0,36	0,68	1484,23
618	15.07.2025 20:04:17	20,68	-0,05	0,32	0,60	1484,18
619	15.07.2025 20:04:18	20,65	-0,05	0,30	0,57	1484,07
620	15.07.2025 20:04:19	20,65	-0,07	0,37	0,68	1484,14
621	15.07.2025 20:04:20	20,65	-0,07	0,29	0,54	1484,05
622	15.07.2025 20:04:21	20,65	-0,05	0,35	0,65	1484,12
623	15.07.2025 20:04:22	20,65	-0,07	0,32	0,60	1484,08
624	15.07.2025 20:04:23	20,65	-0,05	0,30	0,57	1484,07
625	15.07.2025 20:04:24	20,62	-0,07	0,30	0,57	1483,98
626	15.07.2025 20:04:25	20,62	-0,07	0,29	0,54	1483,96
627	15.07.2025 20:04:26	20,62	-0,07	0,32	0,60	1483,99
628	15.07.2025 20:04:27	20,62	-0,07	0,30	0,57	1483,98
629	15.07.2025 20:04:28	20,62	-0,07	0,30	0,57	1483,98
630	15.07.2025 20:04:29	20,62	-0,05	0,27	0,52	1483,95
631	15.07.2025 20:04:30	20,62	-0,07	0,35	0,65	1484,03
632	15.07.2025 20:04:31	20,62	-0,07	0,30	0,57	1483,98
633	15.07.2025 20:04:32	20,62	-0,07	0,29	0,54	1483,96
634	15.07.2025 20:04:33	20,59	-0,07	0,32	0,60	1483,91
635	15.07.2025 20:04:34	20,59	-0,07	0,33	0,63	1483,92
636	15.07.2025 20:04:35	20,59	-0,07	0,29	0,54	1483,87
637	15.07.2025 20:04:36	20,59	-0,07	0,38	0,71	1483,97
638	15.07.2025 20:04:37	20,59	-0,05	0,32	0,60	1483,91
639	15.07.2025 20:04:38	20,59	-0,07	0,30	0,57	1483,89
640	15.07.2025 20:04:39	20,59	-0,07	0,30	0,57	1483,89
641	15.07.2025 20:04:40	20,59	-0,07	0,30	0,57	1483,89
642	15.07.2025 20:04:41	20,59	-0,07	0,29	0,54	1483,87
643	15.07.2025 20:04:42	20,56	-0,05	0,27	0,52	1483,77
644	15.07.2025 20:04:43	20,56	-0,07	0,38	0,71	1483,88
645	15.07.2025 20:04:44	20,56	-0,07	0,38	0,71	1483,88
646	15.07.2025 20:04:45	20,56	-0,07	0,30	0,57	1483,80
647	15.07.2025 20:04:46	20,56	-0,05	0,40	0,74	1483,91
648	15.07.2025 20:04:47	20,56	-0,07	0,38	0,71	1483,88
649	15.07.2025 20:04:48	20,56	-0,07	0,37	0,68	1483,87
650	15.07.2025 20:04:49	20,56	-0,07	0,32	0,60	1483,82
651	15.07.2025 20:04:50	20,56	-0,05	0,30	0,57	1483,80
652	15.07.2025 20:04:51	20,56	-0,07	0,32	0,60	1483,82
653	15.07.2025 20:04:52	20,53	-0,08	0,32	0,60	1483,72
654	15.07.2025 20:04:53	20,53	-0,07	0,32	0,60	1483,73
655	15.07.2025 20:04:54	20,53	-0,07	0,30	0,57	1483,71
656	15.07.2025 20:04:55	20,53	-0,07	0,34	0,63	1483,74
657	15.07.2025 20:04:56	20,53	-0,08	0,34	0,63	1483,74
658	15.07.2025 20:04:57	20,53	-0,07	0,34	0,63	1483,74
659	15.07.2025 20:04:58	20,53	-0,07	0,30	0,57	1483,71
660	15.07.2025 20:04:59	20,53	-0,08	0,35	0,65	1483,76
661	15.07.2025 20:05:00	20,50	-0,07	0,37	0,68	1483,69
662	15.07.2025 20:05:01	20,50	-0,07	0,32	0,60	1483,64
663	15.07.2025 20:05:02	20,50	-0,07	0,34	0,63	1483,65
664	15.07.2025 20:05:03	20,50	-0,07	0,34	0,63	1483,65
665	15.07.2025 20:05:04	20,50	-0,07	0,32	0,60	1483,64
666	15.07.2025 20:05:05	20,50	-0,07	0,32	0,60	1483,64
667	15.07.2025 20:05:06	20,50	-0,07	0,31	0,57	1483,62
668	15.07.2025 20:05:07	20,50	-0,07	0,32	0,60	1483,64
669	15.07.2025 20:05:08	20,50	-0,07	0,32	0,60	1483,64
670	15.07.2025 20:05:09	20,47	-0,07	0,29	0,54	1483,51
671	15.07.2025 20:05:10	20,47	-0,07	0,31	0,57	1483,53
672	15.07.2025 20:05:11	20,47	-0,07	0,34	0,63	1483,56
673	15.07.2025 20:05:12	20,47	-0,07	0,31	0,57	1483,53
674	15.07.2025 20:05:13	20,47	-0,07	0,40	0,74	1483,63
675	15.07.2025 20:05:14	20,47	-0,07	0,38	0,71	1483,62
676	15.07.2025 20:05:15	20,47	-0,07	0,29	0,54	1483,51
677	15.07.2025 20:05:16	20,47	-0,07	0,41	0,77	1483,65
678	15.07.2025 20:05:17	20,44	-0,07	0,37	0,68	1483,51
679	15.07.2025 20:05:18	20,44	-0,07	0,37	0,68	1483,51
680	15.07.2025 20:05:19	20,44	-0,07	0,38	0,71	1483,53
681	15.07.2025 20:05:20	20,44	-0,08	0,38	0,71	1483,52
682	15.07.2025 20:05:21	20,44	-0,07	0,35	0,65	1483,49
683	15.07.2025 20:05:22	20,44	-0,07	0,32	0,60	1483,46
684	15.07.2025 20:05:23	20,44	-0,07	0,31	0,57	1483,44
685	15.07.2025 20:05:24	20,41	-0,07	0,31	0,57	1483,35
686	15.07.2025 20:05:25	20,41	-0,07	0,29	0,54	1483,33
687	15.07.2025 20:05:26	20,41	-0,07	0,35	0,65	1483,40
688	15.07.2025 20:05:27	20,41	-0,07	0,35	0,65	1483,40
689	15.07.2025 20:05:28	20,41	-0,07	0,31	0,57	1483,35
690	15.07.2025 20:05:29	20,41	-0,07	0,29	0,54	1483,33
691	15.07.2025 20:05:30	20,41	-0,07	0,31	0,57	1483,35
692	15.07.2025 20:05:31	20,41	-0,07	0,31	0,57	1483,35
693	15.07.2025 20:05:32	20,41	-0,07	0,34	0,63	1483,38
694	15.07.2025 20:05:33	20,38	-0,07	0,29	0,54	1483,24
695	15.07.2025 20:05:34	20,38	-0,07	0,29	0,54	1483,24
696	15.07.2025 20:05:35	20,38	-0,08	0,32	0,60	1483,27
697	15.07.2025 20:05:36	20,38	-0,07	0,32	0,60	1483,28
698	15.07.2025 20:05:37	20,38	-0,07	0,29	0,54	1483,24
699	15.07.2025 20:05:38	20,38	-0,07	0,32	0,60	1483,28
700	15.07.2025 20:05:39	20,38	-0,07	0,34	0,63	1483,29
701	15.07.2025 20:05:40	20,35	-0,07	0,31	0,57	1483,17
702	15.07.2025 20:05:41	20,35	-0,07	0,28	0,52	1483,13
703	15.07.2025 20:05:42	20,35	-0,07	0,32	0,60	1483,18
704	15.07.2025 20:05:43	20,35	-0,08	0,35	0,65	1483,22
705	15.07.2025 20:05:44	20,35	-0,08	0,31	0,57	1483,16
706	15.07.2025 20:05:45	20,35	-0,07	0,29	0,54	1483,15
707	15.07.2025 20:05:46	20,35	-0,05	0,32	0,60	1483,19
708	15.07.2025 20:05:47	20,32	-0,07	0,31	0,57	1483,08
709	15.07.2025 20:05:48	20,32	-0,07	0,31	0,57	1483,08
710	15.07.2025 20:05:49	20,32	-0,07	0,31	0,57	1483,08
711	15.07.2025 20:05:50	20,32	-0,07	0,28	0,52	1483,04
712	15.07.2025 20:05:51	20,32	-0,07	0,32	0,60	1483,09
713	15.07.2025 20:05:52	20,32	-0,07	0,34	0,63	1483,11
714	15.07.2025 20:05:53	20,32	-0,07	0,29	0,54	1483,06
715	15.07.2025 20:05:54	20,32	-0,07	0,32	0,60	1483,09
716	15.07.2025 20:05:55	20,32	-0,07	0,34	0,63	1483,11
717	15.07.2025 20:05:56	20,29	-0,05	0,31	0,57	1482,99
718	15.07.2025 20:05:57	20,29	-0,07	0,29	0,54	1482,97
719	15.07.2025 20:05:58	20,29	-0,07	0,32	0,60	1483,00
720	15.07.2025 20:05:59	20,29	-0,07	0,31	0,57	1482,99
721	15.07.2025 20:06:00	20,29	-0,07	0,31	0,57	1482,99
722	15.07.2025 20:06:01	20,29	-0,05	0,32	0,60	1483,01
723	15.07.2025 20:06:02	20,29	-0,07	0,31	0,57	1482,99
724	15.07.2025 20:06:03	20,29	-0,07	0,31	0,57	1482,99
725	15.07.2025 20:06:04	20,26	-0,07	0,32	0,60	1482,91
726	15.07.2025 20:06:05	20,26	-0,07	0,32	0,60	1482,91
727	15.07.2025 20:06:06	20,26	-0,05	0,29	0,54	1482,88
728	15.07.2025 20:06:07	20,26	-0,07	0,32	0,60	1482,91
729	15.07.2025 20:06:08	20,26	-0,05	0,31	0,57	1482,90
730	15.07.2025 20:06:09	20,26	-0,07	0,32	0,60	1482,91
731	15.07.2025 20:06:10	20,26	-0,07	0,32	0,60	1482,91
732	15.07.2025 20:06:11	20,26	-0,05	0,31	0,57	1482,90
733	15.07.2025 20:06:12	20,24	-0,05	0,28	0,52	1482,77
734	15.07.2025 20:06:13	20,24	-0,07	0,40	0,74	1482,91
735	15.07.2025 20:06:14	20,24	-0,07	0,35	0,65	1482,86
736	15.07.2025 20:06:15	20,24	-0,07	0,28	0,52	1482,77
737	15.07.2025 20:06:16	20,24	-0,07	0,42	0,77	1482,93
738	15.07.2025 20:06:17	20,24	-0,07	0,38	0,71	1482,89
739	15.07.2025 20:06:18	20,24	-0,07	0,37	0,68	1482,88
740	15.07.2025 20:06:19	20,24	-0,07	0,34	0,63	1482,84
741	15.07.2025 20:06:20	20,24	-0,05	0,34	0,63	1482,84
742	15.07.2025 20:06:21	20,21	-0,05	0,34	0,63	1482,75
743	15.07.2025 20:06:22	20,21	-0,05	0,32	0,60	1482,74
744	15.07.2025 20:06:23	20,21	-0,07	0,34	0,63	1482,75
745	15.07.2025 20:06:24	20,21	-0,07	0,32	0,60	1482,73
746	15.07.2025 20:06:25	20,21	-0,07	0,32	0,60	1482,73
747	15.07.2025 20:06:26	20,21	-0,07	0,34	0,63	1482,75
748	15.07.2025 20:06:27	20,21	-0,07	0,35	0,65	1482,77
749	15.07.2025 20:06:28	20,21	-0,05	0,32	0,60	1482,74
750	15.07.2025 20:06:29	20,18	-0,08	0,29	0,54	1482,60
751	15.07.2025 20:06:30	20,18	-0,07	0,38	0,71	1482,71
752	15.07.2025 20:06:31	20,18	-0,07	0,40	0,74	1482,73
753	15.07.2025 20:06:32	20,18	-0,08	0,35	0,65	1482,67
754	15.07.2025 20:06:33	20,18	-0,08	0,34	0,63	1482,66
755	15.07.2025 20:06:34	20,18	-0,07	0,32	0,60	1482,64
756	15.07.2025 20:06:35	20,18	-0,08	0,35	0,65	1482,67
757	15.07.2025 20:06:36	20,18	-0,07	0,31	0,57	1482,62
758	15.07.2025 20:06:37	20,18	-0,07	0,35	0,65	1482,68
759	15.07.2025 20:06:38	20,18	-0,08	0,32	0,60	1482,64
760	15.07.2025 20:06:39	20,15	-0,08	0,32	0,60	1482,55
761	15.07.2025 20:06:40	20,15	-0,07	0,34	0,63	1482,57
762	15.07.2025 20:06:41	20,15	-0,07	0,34	0,63	1482,57
763	15.07.2025 20:06:42	20,15	-0,08	0,35	0,65	1482,58
764	15.07.2025 20:06:43	20,15	-0,07	0,34	0,63	1482,57
765	15.07.2025 20:06:44	20,15	-0,07	0,34	0,63	1482,57
766	15.07.2025 20:06:45	20,15	-0,08	0,32	0,60	1482,55
767	15.07.2025 20:06:46	20,15	-0,08	0,32	0,60	1482,55
768	15.07.2025 20:06:47	20,15	-0,08	0,37	0,68	1482,60
769	15.07.2025 20:06:48	20,15	-0,07	0,31	0,57	1482,53
770	15.07.2025 20:06:49	20,15	-0,07	0,38	0,71	1482,62
771	15.07.2025 20:06:50	20,12	-0,07	0,35	0,65	1482,49
772	15.07.2025 20:06:51	20,12	-0,07	0,32	0,60	1482,46
773	15.07.2025 20:06:52	20,12	-0,07	0,31	0,57	1482,44
774	15.07.2025 20:06:53	20,12	-0,07	0,34	0,63	1482,48
775	15.07.2025 20:06:54	20,12	-0,08	0,35	0,65	1482,49
776	15.07.2025 20:06:55	20,12	-0,07	0,32	0,60	1482,46
777	15.07.2025 20:06:56	20,12	-0,07	0,39	0,71	1482,53
778	15.07.2025 20:06:57	20,12	-0,08	0,34	0,63	1482,47
779	15.07.2025 20:06:58	20,12	-0,08	0,35	0,65	1482,49
780	15.07.2025 20:06:59	20,12	-0,07	0,32	0,60	1482,46
781	15.07.2025 20:07:00	20,12	-0,08	0,34	0,63	1482,47
782	15.07.2025 20:07:01	20,09	-0,07	0,34	0,63	1482,39
783	15.07.2025 20:07:02	20,09	-0,07	0,35	0,65	1482,40
784	15.07.2025 20:07:03	20,09	-0,07	0,32	0,60	1482,37
785	15.07.2025 20:07:04	20,09	-0,08	0,32	0,60	1482,37
786	15.07.2025 20:07:05	20,09	-0,07	0,35	0,65	1482,40
787	15.07.2025 20:07:06	20,09	-0,07	0,32	0,60	1482,37
788	15.07.2025 20:07:07	20,09	-0,07	0,35	0,65	1482,40
789	15.07.2025 20:07:08	20,09	-0,07	0,34	0,63	1482,39
790	15.07.2025 20:07:09	20,06	-0,07	0,35	0,65	1482,31
791	15.07.2025 20:07:10	20,06	-0,07	0,34	0,63	1482,30
792	15.07.2025 20:07:11	20,06	-0,07	0,35	0,65	1482,31
793	15.07.2025 20:07:12	20,06	-0,07	0,31	0,57	1482,26
794	15.07.2025 20:07:13	20,06	-0,07	0,37	0,68	1482,33
795	15.07.2025 20:07:14	20,06	-0,07	0,34	0,63	1482,30
796	15.07.2025 20:07:15	20,06	-0,07	0,34	0,63	1482,30
797	15.07.2025 20:07:16	20,06	-0,07	0,31	0,57	1482,26
798	15.07.2025 20:07:17	20,06	-0,07	0,35	0,65	1482,31
799	15.07.2025 20:07:18	20,03	-0,07	0,32	0,60	1482,19
800	15.07.2025 20:07:19	20,03	-0,07	0,29	0,54	1482,15
801	15.07.2025 20:07:20	20,03	-0,07	0,37	0,68	1482,24
802	15.07.2025 20:07:21	20,03	-0,07	0,32	0,60	1482,19
803	15.07.2025 20:07:22	20,03	-0,05	0,32	0,60	1482,19
804	15.07.2025 20:07:23	20,03	-0,05	0,35	0,65	1482,22
805	15.07.2025 20:07:24	20,03	-0,05	0,32	0,60	1482,19
806	15.07.2025 20:07:25	20,03	-0,07	0,34	0,63	1482,20
807	15.07.2025 20:07:26	20,00	-0,07	0,32	0,60	1482,10
808	15.07.2025 20:07:27	20,00	-0,07	0,35	0,65	1482,13
809	15.07.2025 20:07:28	20,00	-0,07	0,32	0,60	1482,10
810	15.07.2025 20:07:29	20,00	-0,07	0,35	0,65	1482,13
811	15.07.2025 20:07:30	20,00	-0,07	0,32	0,60	1482,10
812	15.07.2025 20:07:31	20,00	-0,07	0,32	0,60	1482,10
813	15.07.2025 20:07:32	20,00	-0,07	0,32	0,60	1482,10
814	15.07.2025 20:07:33	20,00	-0,07	0,35	0,65	1482,13
815	15.07.2025 20:07:34	20,00	-0,07	0,31	0,57	1482,08
816	15.07.2025 20:07:35	20,00	-0,08	0,43	0,79	1482,22
817	15.07.2025 20:07:36	19,97	-0,07	0,32	0,60	1482,00
818	15.07.2025 20:07:37	19,97	-0,07	0,32	0,60	1482,00
819	15.07.2025 20:07:38	19,97	-0,07	0,34	0,63	1482,02
820	15.07.2025 20:07:39	19,97	-0,07	0,36	0,65	1482,04
821	15.07.2025 20:07:40	19,97	-0,05	0,36	0,65	1482,04
822	15.07.2025 20:07:41	19,97	-0,07	0,31	0,57	1481,99
823	15.07.2025 20:07:42	19,97	-0,07	0,34	0,63	1482,02
824	15.07.2025 20:07:43	19,97	-0,07	0,36	0,65	1482,04
825	15.07.2025 20:07:44	19,97	-0,05	0,32	0,60	1482,01
826	15.07.2025 20:07:45	19,97	-0,07	0,31	0,57	1481,99
827	15.07.2025 20:07:46	19,94	-0,07	0,36	0,65	1481,95
828	15.07.2025 20:07:47	19,94	-0,07	0,34	0,63	1481,93
829	15.07.2025 20:07:48	19,94	-0,05	0,32	0,60	1481,92
830	15.07.2025 20:07:49	19,94	-0,07	0,36	0,65	1481,95
831	15.07.2025 20:07:50	19,94	-0,07	0,32	0,60	1481,91
832	15.07.2025 20:07:51	19,94	-0,05	0,36	0,65	1481,95
833	15.07.2025 20:07:52	19,94	-0,07	0,42	0,77	1482,02
834	15.07.2025 20:07:53	19,94	-0,05	0,40	0,74	1482,00
835	15.07.2025 20:07:54	19,94	-0,07	0,31	0,57	1481,89
836	15.07.2025 20:07:55	19,94	-0,07	0,43	0,79	1482,04
837	15.07.2025 20:07:56	19,91	-0,05	0,37	0,68	1481,88
838	15.07.2025 20:07:57	19,91	-0,05	0,36	0,65	1481,86
839	15.07.2025 20:07:58	19,91	-0,07	0,29	0,54	1481,79
840	15.07.2025 20:07:59	19,91	-0,07	0,39	0,71	1481,89
841	15.07.2025 20:08:00	19,91	-0,07	0,36	0,65	1481,86
842	15.07.2025 20:08:01	19,91	-0,05	0,31	0,57	1481,81
843	15.07.2025 20:08:02	19,91	-0,07	0,40	0,74	1481,91
844	15.07.2025 20:08:03	19,91	-0,05	0,36	0,65	1481,86
845	15.07.2025 20:08:04	19,91	-0,07	0,34	0,63	1481,84
846	15.07.2025 20:08:05	19,88	-0,07	0,32	0,60	1481,73
847	15.07.2025 20:08:06	19,88	-0,07	0,36	0,65	1481,76
848	15.07.2025 20:08:07	19,88	-0,05	0,34	0,63	1481,75
849	15.07.2025 20:08:08	19,88	-0,05	0,34	0,63	1481,75
850	15.07.2025 20:08:09	19,88	-0,05	0,36	0,65	1481,77
851	15.07.2025 20:08:10	19,88	-0,07	0,34	0,63	1481,75
852	15.07.2025 20:08:11	19,88	-0,07	0,34	0,63	1481,75
853	15.07.2025 20:08:12	19,88	-0,07	0,32	0,60	1481,73
854	15.07.2025 20:08:13	19,88	-0,07	0,31	0,57	1481,71
855	15.07.2025 20:08:14	19,88	-0,05	0,45	0,82	1481,87
856	15.07.2025 20:08:15	19,85	-0,07	0,39	0,71	1481,71
857	15.07.2025 20:08:16	19,85	-0,07	0,39	0,71	1481,71
858	15.07.2025 20:08:17	19,85	-0,05	0,42	0,77	1481,75
859	15.07.2025 20:08:18	19,85	-0,07	0,42	0,77	1481,74
860	15.07.2025 20:08:19	19,85	-0,07	0,42	0,77	1481,74
861	15.07.2025 20:08:20	19,85	-0,05	0,42	0,77	1481,75
862	15.07.2025 20:08:21	19,85	-0,07	0,42	0,77	1481,74
863	15.07.2025 20:08:22	19,85	-0,07	0,40	0,74	1481,73
864	15.07.2025 20:08:23	19,85	-0,05	0,39	0,71	1481,71
865	15.07.2025 20:08:24	19,85	-0,05	0,40	0,74	1481,73
866	15.07.2025 20:08:25	19,85	-0,05	0,36	0,65	1481,68
867	15.07.2025 20:08:26	19,82	-0,08	0,37	0,68	1481,60
868	15.07.2025 20:08:27	19,82	-0,07	0,36	0,65	1481,58
869	15.07.2025 20:08:28	19,82	-0,07	0,37	0,68	1481,60
870	15.07.2025 20:08:29	19,82	-0,08	0,39	0,71	1481,61
871	15.07.2025 20:08:30	19,82	-0,07	0,34	0,63	1481,56
872	15.07.2025 20:08:31	19,82	-0,07	0,37	0,68	1481,60
873	15.07.2025 20:08:32	19,82	-0,07	0,36	0,65	1481,58
874	15.07.2025 20:08:33	19,82	-0,07	0,37	0,68	1481,60
875	15.07.2025 20:08:34	19,82	-0,07	0,36	0,65	1481,58
876	15.07.2025 20:08:35	19,82	-0,07	0,36	0,65	1481,58
877	15.07.2025 20:08:36	19,82	-0,08	0,37	0,68	1481,60
878	15.07.2025 20:08:37	19,79	-0,07	0,34	0,63	1481,47
879	15.07.2025 20:08:38	19,79	-0,07	0,34	0,63	1481,47
880	15.07.2025 20:08:39	19,79	-0,07	0,42	0,77	1481,56
881	15.07.2025 20:08:40	19,79	-0,08	0,36	0,65	1481,49
882	15.07.2025 20:08:41	19,79	-0,07	0,36	0,65	1481,49
883	15.07.2025 20:08:42	19,79	-0,07	0,36	0,65	1481,49
884	15.07.2025 20:08:43	19,79	-0,07	0,37	0,68	1481,51
885	15.07.2025 20:08:44	19,79	-0,07	0,36	0,65	1481,49
886	15.07.2025 20:08:45	19,79	-0,08	0,36	0,65	1481,49
887	15.07.2025 20:08:46	19,79	-0,07	0,37	0,68	1481,51
888	15.07.2025 20:08:47	19,76	-0,08	0,36	0,65	1481,39
889	15.07.2025 20:08:48	19,79	-0,07	0,34	0,63	1481,47
890	15.07.2025 20:08:49	19,76	-0,08	0,37	0,68	1481,41
891	15.07.2025 20:08:50	19,76	-0,07	0,36	0,65	1481,40
892	15.07.2025 20:08:51	19,76	-0,08	0,33	0,60	1481,36
893	15.07.2025 20:08:52	19,76	-0,07	0,37	0,68	1481,42
894	15.07.2025 20:08:53	19,76	-0,07	0,36	0,65	1481,40
895	15.07.2025 20:08:54	19,76	-0,07	0,36	0,65	1481,40
896	15.07.2025 20:08:55	19,76	-0,07	0,36	0,65	1481,40
897	15.07.2025 20:08:56	19,76	-0,07	0,39	0,71	1481,43
898	15.07.2025 20:08:57	19,76	-0,07	0,36	0,65	1481,40
899	15.07.2025 20:08:58	19,76	-0,08	0,36	0,65	1481,39
900	15.07.2025 20:08:59	19,73	-0,07	0,36	0,65	1481,31
901	15.07.2025 20:09:00	19,73	-0,08	0,34	0,63	1481,29
902	15.07.2025 20:09:01	19,73	-0,07	0,36	0,65	1481,31
903	15.07.2025 20:09:02	19,73	-0,07	0,36	0,65	1481,31
904	15.07.2025 20:09:03	19,73	-0,07	0,36	0,65	1481,31
905	15.07.2025 20:09:04	19,73	-0,07	0,36	0,65	1481,31
906	15.07.2025 20:09:05	19,73	-0,07	0,36	0,65	1481,31
907	15.07.2025 20:09:06	19,73	-0,07	0,39	0,71	1481,34
908	15.07.2025 20:09:07	19,73	-0,07	0,34	0,63	1481,29
909	15.07.2025 20:09:08	19,71	-0,07	0,33	0,60	1481,18
910	15.07.2025 20:09:09	19,71	-0,07	0,45	0,82	1481,32
911	15.07.2025 20:09:10	19,71	-0,07	0,42	0,77	1481,29
912	15.07.2025 20:09:11	19,71	-0,08	0,40	0,74	1481,26
913	15.07.2025 20:09:12	19,71	-0,07	0,37	0,68	1481,23
914	15.07.2025 20:09:13	19,71	-0,07	0,39	0,71	1481,25
915	15.07.2025 20:09:14	19,71	-0,07	0,39	0,71	1481,25
916	15.07.2025 20:09:15	19,71	-0,07	0,37	0,68	1481,23
917	15.07.2025 20:09:16	19,71	-0,07	0,37	0,68	1481,23
918	15.07.2025 20:09:17	19,71	-0,08	0,37	0,68	1481,23
919	15.07.2025 20:09:18	19,71	-0,07	0,37	0,68	1481,23
920	15.07.2025 20:09:19	19,71	-0,08	0,34	0,63	1481,19
921	15.07.2025 20:09:20	19,68	-0,08	0,44	0,79	1481,21
922	15.07.2025 20:09:21	19,68	-0,07	0,37	0,68	1481,14
923	15.07.2025 20:09:22	19,68	-0,07	0,36	0,65	1481,12
924	15.07.2025 20:09:23	19,68	-0,07	0,42	0,77	1481,19
925	15.07.2025 20:09:24	19,68	-0,07	0,40	0,74	1481,18
926	15.07.2025 20:09:25	19,68	-0,07	0,40	0,74	1481,18
927	15.07.2025 20:09:26	19,68	-0,08	0,40	0,74	1481,17
928	15.07.2025 20:09:27	19,68	-0,07	0,39	0,71	1481,16
929	15.07.2025 20:09:28	19,68	-0,05	0,45	0,82	1481,23
930	15.07.2025 20:09:29	19,68	-0,07	0,42	0,77	1481,19
931	15.07.2025 20:09:30	19,68	-0,07	0,42	0,77	1481,19
932	15.07.2025 20:09:31	19,68	-0,07	0,40	0,74	1481,18
933	15.07.2025 20:09:32	19,68	-0,05	0,39	0,71	1481,16
934	15.07.2025 20:09:33	19,68	-0,07	0,39	0,71	1481,16
935	15.07.2025 20:09:34	19,68	-0,08	0,42	0,77	1481,19
936	15.07.2025 20:09:35	19,65	-0,07	0,41	0,74	1481,08
937	15.07.2025 20:09:36	19,65	-0,08	0,39	0,71	1481,06
938	15.07.2025 20:09:37	19,65	-0,07	0,39	0,71	1481,07
939	15.07.2025 20:09:38	19,65	-0,07	0,41	0,74	1481,08
940	15.07.2025 20:09:39	19,65	-0,07	0,39	0,71	1481,07
941	15.07.2025 20:09:40	19,65	-0,07	0,39	0,71	1481,07
942	15.07.2025 20:09:41	19,65	-0,07	0,42	0,77	1481,10
943	15.07.2025 20:09:42	19,65	-0,07	0,39	0,71	1481,07
944	15.07.2025 20:09:43	19,65	-0,07	0,39	0,71	1481,07
945	15.07.2025 20:09:44	19,65	-0,07	0,41	0,74	1481,08
946	15.07.2025 20:09:45	19,65	-0,07	0,41	0,74	1481,08
947	15.07.2025 20:09:46	19,65	-0,07	0,39	0,71	1481,07
948	15.07.2025 20:09:47	19,65	-0,07	0,41	0,74	1481,08
949	15.07.2025 20:09:48	19,65	-0,07	0,41	0,74	1481,08
950	15.07.2025 20:09:49	19,65	-0,07	0,42	0,77	1481,10
951	15.07.2025 20:09:50	19,62	-0,07	0,37	0,68	1480,95
952	15.07.2025 20:09:51	19,62	-0,07	0,42	0,77	1481,01
953	15.07.2025 20:09:52	19,62	-0,05	0,39	0,71	1480,98
954	15.07.2025 20:09:53	19,62	-0,07	0,41	0,74	1480,99
955	15.07.2025 20:09:54	19,62	-0,05	0,39	0,71	1480,98
956	15.07.2025 20:09:55	19,62	-0,07	0,39	0,71	1480,97
957	15.07.2025 20:09:56	19,62	-0,07	0,42	0,77	1481,01
958	15.07.2025 20:09:57	19,62	-0,07	0,41	0,74	1480,99
959	15.07.2025 20:09:58	19,62	-0,07	0,39	0,71	1480,97
960	15.07.2025 20:09:59	19,62	-0,07	0,47	0,85	1481,06
961	15.07.2025 20:10:00	19,62	-0,05	0,47	0,85	1481,07
962	15.07.2025 20:10:01	19,59	-0,07	0,45	0,82	1480,95
963	15.07.2025 20:10:02	19,59	-0,07	0,42	0,77	1480,92
964	15.07.2025 20:10:03	19,59	-0,07	0,45	0,82	1480,95
965	15.07.2025 20:10:04	19,59	-0,07	0,42	0,77	1480,92
966	15.07.2025 20:10:05	19,59	-0,07	0,44	0,79	1480,93
967	15.07.2025 20:10:06	19,59	-0,07	0,41	0,74	1480,90
968	15.07.2025 20:10:07	19,59	-0,08	0,52	0,93	1481,02
969	15.07.2025 20:10:08	19,59	-0,07	0,47	0,85	1480,97
970	15.07.2025 20:10:09	19,59	-0,07	0,47	0,85	1480,97
971	15.07.2025 20:10:10	19,59	-0,05	0,45	0,82	1480,96
972	15.07.2025 20:10:11	19,59	-0,07	0,44	0,79	1480,93
973	15.07.2025 20:10:12	19,59	-0,07	0,44	0,79	1480,93
974	15.07.2025 20:10:13	19,59	-0,05	0,44	0,79	1480,94
975	15.07.2025 20:10:14	19,59	-0,07	0,45	0,82	1480,95
976	15.07.2025 20:10:15	19,56	-0,05	0,44	0,79	1480,85
977	15.07.2025 20:10:16	19,59	-0,05	0,42	0,77	1480,92
978	15.07.2025 20:10:17	19,56	-0,07	0,49	0,88	1480,90
979	15.07.2025 20:10:18	19,56	-0,07	0,85	1,50	1481,31
980	15.07.2025 20:10:19	19,56	-0,07	0,88	1,55	1481,35
981	15.07.2025 20:10:20	19,56	-0,05	1,00	1,75	1481,48
982	15.07.2025 20:10:21	19,53	-0,07	1,01	1,78	1481,41
983	15.07.2025 20:10:22	19,53	-0,07	0,90	1,58	1481,27
984	15.07.2025 20:10:23	19,53	-0,05	0,86	1,52	1481,24
985	15.07.2025 20:10:24	19,53	-0,07	0,91	1,61	1481,29
986	15.07.2025 20:10:25	19,53	-0,07	0,88	1,55	1481,25
987	15.07.2025 20:10:26	19,53	-0,05	0,90	1,58	1481,28
988	15.07.2025 20:10:27	19,53	-0,05	0,90	1,58	1481,28
989	15.07.2025 20:10:28	19,53	-0,07	0,90	1,58	1481,27
990	15.07.2025 20:10:29	19,53	-0,05	0,90	1,58	1481,28
991	15.07.2025 20:10:30	19,53	-0,05	0,90	1,58	1481,28
992	15.07.2025 20:10:31	19,53	-0,05	0,90	1,58	1481,28
993	15.07.2025 20:10:32	19,50	-0,05	0,90	1,58	1481,18
994	15.07.2025 20:10:33	19,50	-0,05	0,88	1,55	1481,16
995	15.07.2025 20:10:34	19,50	-0,05	0,91	1,61	1481,20
996	15.07.2025 20:10:35	19,50	-0,05	0,88	1,55	1481,16
997	15.07.2025 20:10:36	19,50	-0,05	0,86	1,52	1481,15
998	15.07.2025 20:10:37	19,50	-0,05	0,95	1,66	1481,24
999	15.07.2025 20:10:38	19,50	-0,05	0,90	1,58	1481,18
1000	15.07.2025 20:10:39	19,50	-0,05	0,88	1,55	1481,16
1001	15.07.2025 20:10:40	19,50	-0,05	0,90	1,58	1481,18
1002	15.07.2025 20:10:41	19,50	-0,07	0,88	1,55	1481,16
1003	15.07.2025 20:10:42	19,50	-0,07	0,88	1,55	1481,16
1004	15.07.2025 20:10:43	19,50	-0,05	0,93	1,64	1481,22
1005	15.07.2025 20:10:44	19,50	-0,05	0,86	1,52	1481,15
1006	15.07.2025 20:10:45	19,50	-0,05	0,91	1,61	1481,20
1007	15.07.2025 20:10:46	19,47	-0,07	0,90	1,58	1481,09
1008	15.07.2025 20:10:47	19,47	-0,05	0,90	1,58	1481,09
1009	15.07.2025 20:10:48	19,47	-0,07	0,86	1,52	1481,05
1010	15.07.2025 20:10:49	19,47	-0,05	0,88	1,55	1481,07
1011	15.07.2025 20:10:50	19,47	-0,05	0,91	1,61	1481,11
1012	15.07.2025 20:10:51	19,47	-0,05	0,90	1,58	1481,09
1013	15.07.2025 20:10:52	19,47	-0,05	0,93	1,64	1481,13
1014	15.07.2025 20:10:53	19,47	-0,05	0,93	1,64	1481,13
1015	15.07.2025 20:10:54	19,47	-0,05	1,05	1,83	1481,26
1016	15.07.2025 20:10:55	19,44	-0,07	1,00	1,75	1481,11
1017	15.07.2025 20:10:56	19,44	-0,07	1,02	1,78	1481,13
1018	15.07.2025 20:10:57	19,44	-0,08	0,97	1,69	1481,07
1019	15.07.2025 20:10:58	19,44	-0,07	1,05	1,83	1481,17
1020	15.07.2025 20:10:59	19,44	-0,07	0,98	1,72	1481,09
1021	15.07.2025 20:11:00	19,44	-0,08	1,02	1,78	1481,13
1022	15.07.2025 20:11:01	19,44	-0,07	0,98	1,72	1481,09
1023	15.07.2025 20:11:02	19,44	-0,07	0,98	1,72	1481,09
1024	15.07.2025 20:11:03	19,44	-0,08	0,98	1,72	1481,09
1025	15.07.2025 20:11:04	19,44	-0,07	1,02	1,78	1481,13
1026	15.07.2025 20:11:05	19,44	-0,07	0,98	1,72	1481,09
1027	15.07.2025 20:11:06	19,44	-0,07	1,00	1,75	1481,11
1028	15.07.2025 20:11:07	19,44	-0,07	1,02	1,78	1481,13
1029	15.07.2025 20:11:08	19,44	-0,07	1,00	1,75	1481,11
1030	15.07.2025 20:11:09	19,41	-0,08	1,02	1,78	1481,04
1031	15.07.2025 20:11:10	19,41	-0,07	0,98	1,72	1481,00
1032	15.07.2025 20:11:11	19,41	-0,07	0,98	1,72	1481,00
1033	15.07.2025 20:11:12	19,41	-0,08	1,00	1,75	1481,02
1034	15.07.2025 20:11:13	19,41	-0,07	1,00	1,75	1481,02
1035	15.07.2025 20:11:14	19,41	-0,07	0,98	1,72	1481,00
1036	15.07.2025 20:11:15	19,41	-0,07	0,98	1,72	1481,00
1037	15.07.2025 20:11:16	19,41	-0,07	0,98	1,72	1481,00
1038	15.07.2025 20:11:17	19,41	-0,07	0,98	1,72	1481,00
1039	15.07.2025 20:11:18	19,41	-0,07	0,98	1,72	1481,00
1040	15.07.2025 20:11:19	19,41	-0,08	0,97	1,69	1480,98
1041	15.07.2025 20:11:20	19,41	-0,08	0,97	1,69	1480,98
1042	15.07.2025 20:11:21	19,41	-0,08	1,00	1,75	1481,02
1043	15.07.2025 20:11:22	19,41	-0,07	1,00	1,75	1481,02
1044	15.07.2025 20:11:23	19,38	-0,07	0,98	1,72	1480,91
1045	15.07.2025 20:11:24	19,38	-0,07	1,00	1,75	1480,93
1046	15.07.2025 20:11:25	19,38	-0,07	1,02	1,77	1480,95
1047	15.07.2025 20:11:26	19,38	-0,07	0,97	1,69	1480,89
1048	15.07.2025 20:11:27	19,38	-0,08	0,98	1,72	1480,90
1049	15.07.2025 20:11:28	19,38	-0,07	0,98	1,72	1480,91
1050	15.07.2025 20:11:29	19,38	-0,07	1,00	1,75	1480,93
1051	15.07.2025 20:11:30	19,38	-0,07	0,98	1,72	1480,91
1052	15.07.2025 20:11:31	19,38	-0,07	0,98	1,72	1480,91
1053	15.07.2025 20:11:32	19,38	-0,07	0,98	1,72	1480,91
1054	15.07.2025 20:11:33	19,38	-0,08	1,00	1,75	1480,92
1055	15.07.2025 20:11:34	19,35	-0,08	1,00	1,75	1480,83
1056	15.07.2025 20:11:35	19,35	-0,07	0,97	1,69	1480,80
1057	15.07.2025 20:11:36	19,35	-0,08	1,07	1,86	1480,91
1058	15.07.2025 20:11:37	19,35	-0,07	0,97	1,69	1480,80
1059	15.07.2025 20:11:38	19,35	-0,07	0,98	1,72	1480,82
1060	15.07.2025 20:11:39	19,35	-0,07	0,98	1,72	1480,82
1061	15.07.2025 20:11:40	19,35	-0,07	1,05	1,83	1480,89
1062	15.07.2025 20:11:41	19,35	-0,07	0,97	1,69	1480,80
1063	15.07.2025 20:11:42	19,35	-0,08	0,95	1,66	1480,77
1064	15.07.2025 20:11:43	19,35	-0,07	1,05	1,83	1480,89
1065	15.07.2025 20:11:44	19,35	-0,07	1,05	1,83	1480,89
1066	15.07.2025 20:11:45	19,35	-0,07	1,03	1,80	1480,87
1067	15.07.2025 20:11:46	19,35	-0,07	1,03	1,80	1480,87
1068	15.07.2025 20:11:47	19,35	-0,07	1,05	1,83	1480,89
1069	15.07.2025 20:11:48	19,32	-0,05	1,07	1,86	1480,82
1070	15.07.2025 20:11:49	19,32	-0,07	1,07	1,86	1480,82
1071	15.07.2025 20:11:50	19,32	-0,08	1,05	1,83	1480,80
1072	15.07.2025 20:11:51	19,32	-0,07	1,07	1,86	1480,82
1073	15.07.2025 20:11:52	19,32	-0,07	1,07	1,86	1480,82
1074	15.07.2025 20:11:53	19,32	-0,07	1,04	1,80	1480,78
1075	15.07.2025 20:11:54	19,32	-0,07	1,10	1,91	1480,86
1076	15.07.2025 20:11:55	19,32	-0,07	1,09	1,89	1480,84
1077	15.07.2025 20:11:56	19,32	-0,07	1,09	1,89	1480,84
1078	15.07.2025 20:11:57	19,32	-0,07	1,09	1,89	1480,84
1079	15.07.2025 20:11:58	19,32	-0,07	1,05	1,83	1480,80
1080	15.07.2025 20:11:59	19,32	-0,07	1,14	1,97	1480,90
1081	15.07.2025 20:12:00	19,32	-0,07	1,09	1,89	1480,84
1082	15.07.2025 20:12:01	19,32	-0,07	1,09	1,89	1480,84
1083	15.07.2025 20:12:02	19,32	-0,08	1,10	1,91	1480,86
1084	15.07.2025 20:12:03	19,29	-0,07	1,09	1,89	1480,75
1085	15.07.2025 20:12:04	19,29	-0,07	1,10	1,91	1480,77
1086	15.07.2025 20:12:05	19,29	-0,07	1,10	1,91	1480,77
1087	15.07.2025 20:12:06	19,29	-0,07	1,09	1,89	1480,75
1088	15.07.2025 20:12:07	19,29	-0,07	1,10	1,91	1480,77
1089	15.07.2025 20:12:08	19,29	-0,07	1,10	1,91	1480,77
1090	15.07.2025 20:12:09	19,29	-0,07	1,09	1,89	1480,75
1091	15.07.2025 20:12:10	19,29	-0,07	1,09	1,89	1480,75
1092	15.07.2025 20:12:11	19,29	-0,07	1,09	1,89	1480,75
1093	15.07.2025 20:12:12	19,29	-0,07	1,09	1,89	1480,75
1094	15.07.2025 20:12:13	19,29	-0,07	1,09	1,89	1480,75
1095	15.07.2025 20:12:14	19,29	-0,07	1,09	1,89	1480,75
1096	15.07.2025 20:12:15	19,29	-0,07	1,09	1,89	1480,75
1097	15.07.2025 20:12:16	19,29	-0,07	1,07	1,86	1480,73
1098	15.07.2025 20:12:17	19,29	-0,07	1,10	1,91	1480,77
1099	15.07.2025 20:12:18	19,29	-0,07	1,07	1,86	1480,73
1100	15.07.2025 20:12:19	19,26	-0,07	1,05	1,83	1480,61
1101	15.07.2025 20:12:20	19,26	-0,07	1,05	1,83	1480,61
1102	15.07.2025 20:12:21	19,26	-0,05	1,09	1,89	1480,66
1103	15.07.2025 20:12:22	19,26	-0,07	1,07	1,86	1480,63
1104	15.07.2025 20:12:23	19,26	-0,07	1,04	1,80	1480,60
1105	15.07.2025 20:12:24	19,26	-0,07	1,09	1,89	1480,65
1106	15.07.2025 20:12:25	19,26	-0,07	1,07	1,86	1480,63
1107	15.07.2025 20:12:26	19,26	-0,07	1,09	1,89	1480,65
1108	15.07.2025 20:12:27	19,26	-0,07	1,07	1,86	1480,63
1109	15.07.2025 20:12:28	19,26	-0,07	1,04	1,80	1480,60
1110	15.07.2025 20:12:29	19,26	-0,07	1,09	1,89	1480,65
1111	15.07.2025 20:12:30	19,26	-0,05	1,02	1,77	1480,58
1112	15.07.2025 20:12:31	19,26	-0,05	1,07	1,86	1480,64
1113	15.07.2025 20:12:32	19,26	-0,05	1,05	1,83	1480,62
1114	15.07.2025 20:12:33	19,26	-0,07	1,07	1,86	1480,63
1115	15.07.2025 20:12:34	19,23	-0,07	1,04	1,80	1480,50
1116	15.07.2025 20:12:35	19,23	-0,07	1,07	1,86	1480,54
1117	15.07.2025 20:12:36	19,23	-0,07	1,09	1,89	1480,56
1118	15.07.2025 20:12:37	19,23	-0,07	1,04	1,80	1480,50
1119	15.07.2025 20:12:38	19,23	-0,07	1,12	1,94	1480,60
1120	15.07.2025 20:12:39	19,23	-0,07	1,09	1,89	1480,56
1121	15.07.2025 20:12:40	19,23	-0,07	1,09	1,89	1480,56
1122	15.07.2025 20:12:41	19,23	-0,07	1,07	1,86	1480,54
1123	15.07.2025 20:12:42	19,23	-0,07	1,04	1,80	1480,50
1124	15.07.2025 20:12:43	19,23	-0,07	1,07	1,86	1480,54
1125	15.07.2025 20:12:44	19,23	-0,07	1,04	1,80	1480,50
1126	15.07.2025 20:12:45	19,23	-0,07	1,04	1,80	1480,50
1127	15.07.2025 20:12:46	19,23	-0,07	1,04	1,80	1480,50
1128	15.07.2025 20:12:47	19,23	-0,07	1,05	1,83	1480,52
1129	15.07.2025 20:12:48	19,23	-0,07	1,11	1,91	1480,58
1130	15.07.2025 20:12:49	19,20	-0,07	1,07	1,86	1480,45
1131	15.07.2025 20:12:50	19,20	-0,07	1,11	1,91	1480,49
1132	15.07.2025 20:12:51	19,20	-0,07	1,07	1,86	1480,45
1133	15.07.2025 20:12:52	19,20	-0,05	1,09	1,89	1480,47
1134	15.07.2025 20:12:53	19,20	-0,07	1,09	1,89	1480,47
1135	15.07.2025 20:12:54	19,20	-0,07	1,09	1,89	1480,47
1136	15.07.2025 20:12:55	19,20	-0,07	1,09	1,89	1480,47
1137	15.07.2025 20:12:56	19,20	-0,07	1,09	1,89	1480,47
1138	15.07.2025 20:12:57	19,20	-0,07	1,07	1,86	1480,45
1139	15.07.2025 20:12:58	19,20	-0,07	1,07	1,86	1480,45
1140	15.07.2025 20:12:59	19,20	-0,07	1,12	1,94	1480,51
1141	15.07.2025 20:13:00	19,20	-0,07	1,11	1,91	1480,49
1142	15.07.2025 20:13:01	19,20	-0,07	1,09	1,89	1480,47
1143	15.07.2025 20:13:02	19,20	-0,07	1,12	1,94	1480,51
1144	15.07.2025 20:13:03	19,20	-0,07	1,09	1,89	1480,47
1145	15.07.2025 20:13:04	19,20	-0,07	1,11	1,91	1480,49
1146	15.07.2025 20:13:05	19,20	-0,05	1,09	1,89	1480,47
1147	15.07.2025 20:13:06	19,20	-0,07	1,05	1,83	1480,43
1148	15.07.2025 20:13:07	19,20	-0,07	1,11	1,91	1480,49
1149	15.07.2025 20:13:08	19,17	-0,05	1,12	1,94	1480,42
1150	15.07.2025 20:13:09	19,17	-0,07	1,06	1,83	1480,34
1151	15.07.2025 20:13:10	19,17	-0,07	1,11	1,91	1480,39
1152	15.07.2025 20:13:11	19,17	-0,05	1,12	1,94	1480,42
1153	15.07.2025 20:13:12	19,17	-0,05	1,09	1,89	1480,38
1154	15.07.2025 20:13:13	19,17	-0,07	1,09	1,89	1480,38
1155	15.07.2025 20:13:14	19,17	-0,07	1,07	1,86	1480,36
1156	15.07.2025 20:13:15	19,17	-0,07	1,09	1,89	1480,38
1157	15.07.2025 20:13:16	19,17	-0,07	1,07	1,86	1480,36
1158	15.07.2025 20:13:17	19,17	-0,05	1,07	1,86	1480,36
1159	15.07.2025 20:13:18	19,17	-0,07	1,09	1,89	1480,38
1160	15.07.2025 20:13:19	19,17	-0,07	1,09	1,89	1480,38
1161	15.07.2025 20:13:20	19,17	-0,07	1,11	1,91	1480,39
1162	15.07.2025 20:13:21	19,17	-0,07	1,09	1,89	1480,38
1163	15.07.2025 20:13:22	19,17	-0,05	1,07	1,86	1480,36
1164	15.07.2025 20:13:23	19,17	-0,07	1,12	1,94	1480,41
1165	15.07.2025 20:13:24	19,17	-0,05	1,09	1,89	1480,38
1166	15.07.2025 20:13:25	19,17	-0,08	1,07	1,86	1480,35
1167	15.07.2025 20:13:26	19,17	-0,07	1,09	1,89	1480,38
1168	15.07.2025 20:13:27	19,17	-0,07	1,09	1,89	1480,38
1169	15.07.2025 20:13:28	19,14	-0,05	1,07	1,86	1480,27
1170	15.07.2025 20:13:29	19,14	-0,07	1,09	1,89	1480,28
1171	15.07.2025 20:13:30	19,14	-0,07	1,07	1,86	1480,26
1172	15.07.2025 20:13:31	19,14	-0,07	1,07	1,86	1480,26
1173	15.07.2025 20:13:32	19,14	-0,05	1,09	1,89	1480,29
1174	15.07.2025 20:13:33	19,14	-0,05	1,07	1,86	1480,27
1175	15.07.2025 20:13:34	19,14	-0,05	1,07	1,86	1480,27
1176	15.07.2025 20:13:35	19,14	-0,07	1,09	1,89	1480,28
1177	15.07.2025 20:13:36	19,14	-0,05	1,07	1,86	1480,27
1178	15.07.2025 20:13:37	19,14	-0,05	1,09	1,89	1480,29
1179	15.07.2025 20:13:38	19,14	-0,05	1,11	1,91	1480,30
1180	15.07.2025 20:13:39	19,14	-0,07	1,11	1,91	1480,30
1181	15.07.2025 20:13:40	19,14	-0,05	1,11	1,91	1480,30
1182	15.07.2025 20:13:41	19,14	-0,07	1,09	1,89	1480,28
1183	15.07.2025 20:13:42	19,14	-0,05	1,11	1,91	1480,30
1184	15.07.2025 20:13:43	19,14	-0,07	1,09	1,89	1480,28
1185	15.07.2025 20:13:44	19,14	-0,05	1,09	1,89	1480,29
1186	15.07.2025 20:13:45	19,14	-0,05	1,09	1,89	1480,29
1187	15.07.2025 20:13:46	19,14	-0,07	1,11	1,91	1480,30
1188	15.07.2025 20:13:47	19,11	-0,05	1,09	1,89	1480,19
1189	15.07.2025 20:13:48	19,11	-0,07	1,09	1,89	1480,19
1190	15.07.2025 20:13:49	19,11	-0,05	1,09	1,89	1480,19
1191	15.07.2025 20:13:50	19,11	-0,05	1,09	1,89	1480,19
1192	15.07.2025 20:13:51	19,11	-0,05	1,09	1,89	1480,19
1193	15.07.2025 20:13:52	19,11	-0,07	1,09	1,89	1480,19
1194	15.07.2025 20:13:53	19,11	-0,05	1,07	1,86	1480,17
1195	15.07.2025 20:13:54	19,11	-0,05	1,07	1,86	1480,17
1196	15.07.2025 20:13:55	19,11	-0,05	1,07	1,86	1480,17
1197	15.07.2025 20:13:56	19,11	-0,05	1,11	1,91	1480,21
1198	15.07.2025 20:13:57	19,11	-0,05	1,09	1,89	1480,19
1199	15.07.2025 20:13:58	19,11	-0,05	1,09	1,89	1480,19
1200	15.07.2025 20:13:59	19,11	-0,05	1,13	1,94	1480,23
1201	15.07.2025 20:14:00	19,11	-0,05	1,11	1,91	1480,21
1202	15.07.2025 20:14:01	19,11	-0,07	1,11	1,91	1480,21
1203	15.07.2025 20:14:02	19,11	-0,07	1,09	1,89	1480,19
1204	15.07.2025 20:14:03	19,11	-0,07	1,09	1,89	1480,19
1205	15.07.2025 20:14:04	19,09	-0,08	1,09	1,89	1480,09
1206	15.07.2025 20:14:05	19,09	-0,08	1,09	1,89	1480,09
1207	15.07.2025 20:14:06	19,09	-0,08	1,13	1,94	1480,13
1208	15.07.2025 20:14:07	19,09	-0,08	1,07	1,86	1480,07
1209	15.07.2025 20:14:08	19,09	-0,08	1,13	1,94	1480,13
1210	15.07.2025 20:14:09	19,09	-0,07	1,02	1,77	1480,02
1211	15.07.2025 20:14:10	19,09	-0,08	1,04	1,80	1480,03
1212	15.07.2025 20:14:11	19,09	-0,08	1,01	1,75	1480,00
1213	15.07.2025 20:14:12	19,09	-0,07	1,04	1,80	1480,04
1214	15.07.2025 20:14:13	19,09	-0,07	1,04	1,80	1480,04
1215	15.07.2025 20:14:14	19,09	-0,07	1,04	1,80	1480,04
1216	15.07.2025 20:14:15	19,09	-0,07	1,04	1,80	1480,04
1217	15.07.2025 20:14:16	19,09	-0,07	1,04	1,80	1480,04
1218	15.07.2025 20:14:17	19,09	-0,07	1,04	1,80	1480,04
1219	15.07.2025 20:14:18	19,09	-0,07	1,06	1,83	1480,06
1220	15.07.2025 20:14:19	19,09	-0,07	1,02	1,77	1480,02
1221	15.07.2025 20:14:20	19,09	-0,07	1,04	1,80	1480,04
1222	15.07.2025 20:14:21	19,06	-0,07	1,08	1,86	1479,98
1223	15.07.2025 20:14:22	19,06	-0,08	1,02	1,77	1479,92
1224	15.07.2025 20:14:23	19,06	-0,07	1,06	1,83	1479,96
1225	15.07.2025 20:14:24	19,06	-0,07	1,06	1,83	1479,96
1226	15.07.2025 20:14:25	19,06	-0,07	1,09	1,89	1480,00
1227	15.07.2025 20:14:26	19,06	-0,07	1,02	1,77	1479,92
1228	15.07.2025 20:14:27	19,06	-0,07	1,02	1,77	1479,92
1229	15.07.2025 20:14:28	19,06	-0,07	1,04	1,80	1479,94
1230	15.07.2025 20:14:29	19,06	-0,08	1,02	1,77	1479,92
1231	15.07.2025 20:14:30	19,06	-0,08	1,04	1,80	1479,94
1232	15.07.2025 20:14:31	19,06	-0,08	1,04	1,80	1479,94
1233	15.07.2025 20:14:32	19,06	-0,07	1,02	1,77	1479,92
1234	15.07.2025 20:14:33	19,06	-0,08	1,02	1,77	1479,92
1235	15.07.2025 20:14:34	19,06	-0,07	1,02	1,77	1479,92
1236	15.07.2025 20:14:35	19,06	-0,07	1,04	1,80	1479,94
1237	15.07.2025 20:14:36	19,06	-0,07	1,02	1,77	1479,92
1238	15.07.2025 20:14:37	19,06	-0,08	1,02	1,77	1479,92
1239	15.07.2025 20:14:38	19,06	-0,07	1,04	1,80	1479,94
1240	15.07.2025 20:14:39	19,06	-0,08	1,02	1,77	1479,92
1241	15.07.2025 20:14:40	19,06	-0,07	1,04	1,80	1479,94
1242	15.07.2025 20:14:41	19,06	-0,08	1,02	1,77	1479,92
1243	15.07.2025 20:14:42	19,06	-0,07	1,02	1,77	1479,92
1244	15.07.2025 20:14:43	19,03	-0,08	1,02	1,77	1479,83
1245	15.07.2025 20:14:44	19,03	-0,08	1,04	1,80	1479,85
1246	15.07.2025 20:14:45	19,03	-0,07	1,04	1,80	1479,85
1247	15.07.2025 20:14:46	19,03	-0,07	1,06	1,83	1479,87
1248	15.07.2025 20:14:47	19,03	-0,08	1,02	1,77	1479,83
1249	15.07.2025 20:14:48	19,03	-0,07	1,04	1,80	1479,85
1250	15.07.2025 20:14:49	19,03	-0,07	1,04	1,80	1479,85
1251	15.07.2025 20:14:50	19,03	-0,08	1,04	1,80	1479,85
1252	15.07.2025 20:14:51	19,03	-0,08	1,04	1,80	1479,85
1253	15.07.2025 20:14:52	19,03	-0,07	1,04	1,80	1479,85
1254	15.07.2025 20:14:53	19,03	-0,08	1,13	1,94	1479,95
1255	15.07.2025 20:14:54	19,03	-0,07	1,11	1,91	1479,93
1256	15.07.2025 20:14:55	19,03	-0,05	1,11	1,91	1479,93
1257	15.07.2025 20:14:56	19,03	-0,07	1,11	1,91	1479,93
1258	15.07.2025 20:14:57	19,03	-0,07	1,11	1,91	1479,93
1259	15.07.2025 20:14:58	19,03	-0,07	1,11	1,91	1479,93
1260	15.07.2025 20:14:59	19,03	-0,07	1,09	1,89	1479,91
1261	15.07.2025 20:15:00	19,03	-0,07	1,11	1,91	1479,93
1262	15.07.2025 20:15:01	19,03	-0,07	1,09	1,89	1479,91
1263	15.07.2025 20:15:02	19,00	-0,07	1,09	1,89	1479,82
1264	15.07.2025 20:15:03	19,03	-0,08	1,09	1,88	1479,91
1265	15.07.2025 20:15:04	19,00	-0,07	1,09	1,89	1479,82
1266	15.07.2025 20:15:05	19,00	-0,07	1,09	1,89	1479,82
1267	15.07.2025 20:15:06	19,00	-0,07	1,09	1,89	1479,82
1268	15.07.2025 20:15:07	19,00	-0,07	1,09	1,89	1479,82
1269	15.07.2025 20:15:08	19,00	-0,07	1,08	1,86	1479,80
1270	15.07.2025 20:15:09	19,00	-0,07	1,11	1,91	1479,84
1271	15.07.2025 20:15:10	19,00	-0,07	1,09	1,89	1479,82
1272	15.07.2025 20:15:11	19,00	-0,08	1,09	1,89	1479,81
1273	15.07.2025 20:15:12	19,00	-0,07	1,09	1,89	1479,82
1274	15.07.2025 20:15:13	19,00	-0,07	1,09	1,89	1479,82
1275	15.07.2025 20:15:14	19,00	-0,07	1,11	1,91	1479,84
1276	15.07.2025 20:15:15	19,00	-0,07	1,08	1,86	1479,80
1277	15.07.2025 20:15:16	19,00	-0,07	1,08	1,86	1479,80
1278	15.07.2025 20:15:17	19,00	-0,07	1,09	1,89	1479,82
1279	15.07.2025 20:15:18	19,00	-0,08	1,11	1,91	1479,83
1280	15.07.2025 20:15:19	19,00	-0,07	1,13	1,94	1479,86
1281	15.07.2025 20:15:20	19,00	-0,07	1,09	1,89	1479,82
1282	15.07.2025 20:15:21	19,00	-0,07	1,09	1,89	1479,82
1283	15.07.2025 20:15:22	18,97	-0,08	1,11	1,91	1479,74
1284	15.07.2025 20:15:23	19,00	-0,08	1,11	1,91	1479,83
1285	15.07.2025 20:15:24	18,97	-0,07	1,11	1,91	1479,74
1286	15.07.2025 20:15:25	18,97	-0,07	1,13	1,94	1479,76
1287	15.07.2025 20:15:26	18,97	-0,07	1,11	1,91	1479,74
1288	15.07.2025 20:15:27	18,97	-0,07	1,11	1,91	1479,74
1289	15.07.2025 20:15:28	18,97	-0,07	1,11	1,91	1479,74
1290	15.07.2025 20:15:29	18,97	-0,07	1,11	1,91	1479,74
1291	15.07.2025 20:15:30	18,97	-0,07	1,11	1,91	1479,74
1292	15.07.2025 20:15:31	18,97	-0,07	1,11	1,91	1479,74
1293	15.07.2025 20:15:32	18,97	-0,07	1,09	1,88	1479,72
1294	15.07.2025 20:15:33	18,97	-0,07	1,11	1,91	1479,74
1295	15.07.2025 20:15:34	18,97	-0,07	1,09	1,88	1479,72
1296	15.07.2025 20:15:35	18,97	-0,07	1,11	1,91	1479,74
1297	15.07.2025 20:15:36	18,97	-0,07	1,11	1,91	1479,74
1298	15.07.2025 20:15:37	18,97	-0,07	1,09	1,88	1479,72
1299	15.07.2025 20:15:38	18,97	-0,07	1,11	1,91	1479,74
1300	15.07.2025 20:15:39	18,97	-0,07	1,09	1,88	1479,72
1301	15.07.2025 20:15:40	18,97	-0,07	1,09	1,88	1479,72
1302	15.07.2025 20:15:41	18,97	-0,07	1,09	1,88	1479,72
1303	15.07.2025 20:15:42	18,97	-0,07	1,11	1,91	1479,74
1304	15.07.2025 20:15:43	18,94	-0,07	1,10	1,89	1479,63
1305	15.07.2025 20:15:44	18,97	-0,07	1,09	1,88	1479,72
1306	15.07.2025 20:15:45	18,97	-0,07	1,09	1,88	1479,72
1307	15.07.2025 20:15:46	18,94	-0,07	1,09	1,88	1479,63
1308	15.07.2025 20:15:47	18,94	-0,07	1,08	1,86	1479,61
1309	15.07.2025 20:15:48	18,94	-0,07	1,09	1,88	1479,63
1310	15.07.2025 20:15:49	18,94	-0,07	1,09	1,88	1479,63
1311	15.07.2025 20:15:50	18,94	-0,05	1,09	1,88	1479,63
1312	15.07.2025 20:15:51	18,94	-0,07	1,09	1,88	1479,63
1313	15.07.2025 20:15:52	18,94	-0,07	1,11	1,91	1479,65
1314	15.07.2025 20:15:53	18,94	-0,05	1,11	1,91	1479,65
1315	15.07.2025 20:15:54	18,94	-0,07	1,09	1,88	1479,63
1316	15.07.2025 20:15:55	18,94	-0,05	1,11	1,91	1479,65
1317	15.07.2025 20:15:56	18,94	-0,07	1,09	1,88	1479,63
1318	15.07.2025 20:15:57	18,94	-0,07	1,09	1,88	1479,63
1319	15.07.2025 20:15:58	18,94	-0,05	1,11	1,91	1479,65
1320	15.07.2025 20:15:59	18,94	-0,05	1,11	1,91	1479,65
1321	15.07.2025 20:16:00	18,94	-0,05	1,09	1,88	1479,63
1322	15.07.2025 20:16:01	18,94	-0,07	1,11	1,91	1479,65
1323	15.07.2025 20:16:02	18,94	-0,07	1,11	1,91	1479,65
1324	15.07.2025 20:16:03	18,94	-0,07	1,09	1,88	1479,63
1325	15.07.2025 20:16:04	18,94	-0,07	1,09	1,88	1479,63
1326	15.07.2025 20:16:05	18,94	-0,07	1,09	1,88	1479,63
1327	15.07.2025 20:16:06	18,94	-0,07	1,09	1,88	1479,63
1328	15.07.2025 20:16:07	18,94	-0,07	1,09	1,88	1479,63
1329	15.07.2025 20:16:08	18,91	-0,07	1,10	1,88	1479,54
1330	15.07.2025 20:16:09	18,91	-0,07	1,11	1,91	1479,56
1331	15.07.2025 20:16:10	18,91	-0,07	1,10	1,88	1479,54
1332	15.07.2025 20:16:11	18,91	-0,07	1,10	1,88	1479,54
1333	15.07.2025 20:16:12	18,91	-0,07	1,11	1,91	1479,56
1334	15.07.2025 20:16:13	18,91	-0,07	1,10	1,88	1479,54
1335	15.07.2025 20:16:14	18,91	-0,05	1,10	1,88	1479,54
1336	15.07.2025 20:16:15	18,91	-0,07	1,10	1,88	1479,54
1337	15.07.2025 20:16:16	18,91	-0,07	1,10	1,88	1479,54
1338	15.07.2025 20:16:17	18,91	-0,07	1,11	1,91	1479,56
1339	15.07.2025 20:16:18	18,91	-0,07	1,10	1,88	1479,54
1340	15.07.2025 20:16:19	18,91	-0,07	1,10	1,88	1479,54
1341	15.07.2025 20:16:20	18,91	-0,07	1,11	1,91	1479,56
1342	15.07.2025 20:16:21	18,91	-0,07	1,10	1,88	1479,54
1343	15.07.2025 20:16:22	18,91	-0,07	1,10	1,88	1479,54
1344	15.07.2025 20:16:23	18,91	-0,07	1,10	1,88	1479,54
1345	15.07.2025 20:16:24	18,91	-0,07	1,08	1,86	1479,52
1346	15.07.2025 20:16:25	18,91	-0,07	1,10	1,88	1479,54
1347	15.07.2025 20:16:26	18,91	-0,07	1,10	1,88	1479,54
1348	15.07.2025 20:16:27	18,91	-0,05	1,11	1,91	1479,56
1349	15.07.2025 20:16:28	18,91	-0,05	1,10	1,88	1479,54
1350	15.07.2025 20:16:29	18,91	-0,07	1,10	1,88	1479,54
1351	15.07.2025 20:16:30	18,91	-0,05	1,11	1,91	1479,56
1352	15.07.2025 20:16:31	18,91	-0,07	1,10	1,88	1479,54
1353	15.07.2025 20:16:32	18,91	-0,07	1,10	1,88	1479,54
1354	15.07.2025 20:16:33	18,91	-0,07	1,11	1,91	1479,56
1355	15.07.2025 20:16:34	18,91	-0,07	1,06	1,83	1479,50
1356	15.07.2025 20:16:35	18,88	-0,07	1,08	1,86	1479,42
1357	15.07.2025 20:16:36	18,88	-0,07	1,10	1,88	1479,44
1358	15.07.2025 20:16:37	18,88	-0,07	1,11	1,91	1479,46
1359	15.07.2025 20:16:38	18,88	-0,07	1,08	1,86	1479,42
1360	15.07.2025 20:16:39	18,88	-0,05	1,10	1,88	1479,45
1361	15.07.2025 20:16:40	18,88	-0,07	1,11	1,91	1479,46
1362	15.07.2025 20:16:41	18,88	-0,07	1,13	1,94	1479,48
1363	15.07.2025 20:16:42	18,88	-0,05	1,13	1,94	1479,48
1364	15.07.2025 20:16:43	18,88	-0,07	1,11	1,91	1479,46
1365	15.07.2025 20:16:44	18,88	-0,07	1,13	1,94	1479,48
1366	15.07.2025 20:16:45	18,88	-0,07	1,13	1,94	1479,48
1367	15.07.2025 20:16:46	18,88	-0,07	1,13	1,94	1479,48
1368	15.07.2025 20:16:47	18,88	-0,07	1,11	1,91	1479,46
1369	15.07.2025 20:16:48	18,88	-0,05	1,13	1,94	1479,48
1370	15.07.2025 20:16:49	18,88	-0,07	1,13	1,94	1479,48
1371	15.07.2025 20:16:50	18,88	-0,07	1,11	1,91	1479,46
1372	15.07.2025 20:16:51	18,88	-0,07	1,11	1,91	1479,46
1373	15.07.2025 20:16:52	18,88	-0,07	1,10	1,88	1479,44
1374	15.07.2025 20:16:53	18,88	-0,07	1,11	1,91	1479,46
1375	15.07.2025 20:16:54	18,88	-0,05	1,11	1,91	1479,46
1376	15.07.2025 20:16:55	18,88	-0,07	1,11	1,91	1479,46
1377	15.07.2025 20:16:56	18,88	-0,07	1,10	1,88	1479,44
1378	15.07.2025 20:16:57	18,88	-0,07	1,11	1,91	1479,46
1379	15.07.2025 20:16:58	18,85	-0,07	1,11	1,91	1479,37
1380	15.07.2025 20:16:59	18,85	-0,05	1,10	1,88	1479,35
1381	15.07.2025 20:17:00	18,85	-0,07	1,10	1,88	1479,35
1382	15.07.2025 20:17:01	18,85	-0,05	1,08	1,86	1479,33
1383	15.07.2025 20:17:02	18,85	-0,05	1,08	1,86	1479,33
1384	15.07.2025 20:17:03	18,85	-0,05	1,15	1,97	1479,41
1385	15.07.2025 20:17:04	18,85	-0,07	1,11	1,91	1479,37
1386	15.07.2025 20:17:05	18,85	-0,07	1,10	1,88	1479,35
1387	15.07.2025 20:17:06	18,85	-0,05	1,15	1,97	1479,41
1388	15.07.2025 20:17:07	18,85	-0,05	1,10	1,88	1479,35
1389	15.07.2025 20:17:08	18,85	-0,07	1,10	1,88	1479,35
1390	15.07.2025 20:17:09	18,85	-0,05	1,11	1,91	1479,37
1391	15.07.2025 20:17:10	18,85	-0,05	1,10	1,88	1479,35
1392	15.07.2025 20:17:11	18,85	-0,07	1,15	1,97	1479,41
1393	15.07.2025 20:17:12	18,85	-0,05	1,13	1,94	1479,39
1394	15.07.2025 20:17:13	18,85	-0,07	1,11	1,91	1479,37
1395	15.07.2025 20:17:14	18,85	-0,07	1,11	1,91	1479,37
1396	15.07.2025 20:17:15	18,85	-0,07	1,13	1,94	1479,39
1397	15.07.2025 20:17:16	18,85	-0,07	1,08	1,86	1479,33
1398	15.07.2025 20:17:17	18,85	-0,05	1,11	1,91	1479,37
1399	15.07.2025 20:17:18	18,85	-0,05	1,10	1,88	1479,35
1400	15.07.2025 20:17:19	18,85	-0,05	1,10	1,88	1479,35
1401	15.07.2025 20:17:20	18,85	-0,07	1,10	1,88	1479,35
1402	15.07.2025 20:17:21	18,85	-0,05	1,11	1,91	1479,37
1403	15.07.2025 20:17:22	18,85	-0,05	1,11	1,91	1479,37
1404	15.07.2025 20:17:23	18,82	-0,05	1,10	1,88	1479,26
1405	15.07.2025 20:17:24	18,82	-0,07	1,10	1,88	1479,25
1406	15.07.2025 20:17:25	18,82	-0,07	1,10	1,88	1479,25
1407	15.07.2025 20:17:26	18,82	-0,05	1,10	1,88	1479,26
1408	15.07.2025 20:17:27	18,82	-0,05	1,11	1,91	1479,28
1409	15.07.2025 20:17:28	18,82	-0,05	1,10	1,88	1479,26
1410	15.07.2025 20:17:29	18,82	-0,07	1,11	1,91	1479,27
1411	15.07.2025 20:17:30	18,82	-0,07	1,10	1,88	1479,25
1412	15.07.2025 20:17:31	18,82	-0,07	1,10	1,88	1479,25
1413	15.07.2025 20:17:32	18,82	-0,07	1,10	1,88	1479,25
1414	15.07.2025 20:17:33	18,82	-0,05	1,10	1,88	1479,26
1415	15.07.2025 20:17:34	18,82	-0,07	1,10	1,88	1479,25
1416	15.07.2025 20:17:35	18,82	-0,05	1,10	1,88	1479,26
1417	15.07.2025 20:17:36	18,82	-0,07	1,11	1,91	1479,27
1418	15.07.2025 20:17:37	18,82	-0,07	1,08	1,86	1479,23
1419	15.07.2025 20:17:38	18,82	-0,05	1,10	1,88	1479,26
1420	15.07.2025 20:17:39	18,82	-0,07	1,08	1,86	1479,23
1421	15.07.2025 20:17:40	18,82	-0,05	1,11	1,91	1479,28
1422	15.07.2025 20:17:41	18,82	-0,07	1,10	1,88	1479,25
1423	15.07.2025 20:17:42	18,82	-0,05	1,10	1,88	1479,26
1424	15.07.2025 20:17:43	18,82	-0,05	1,10	1,88	1479,26
1425	15.07.2025 20:17:44	18,82	-0,05	1,10	1,88	1479,26
1426	15.07.2025 20:17:45	18,82	-0,05	1,10	1,88	1479,26
1427	15.07.2025 20:17:46	18,82	-0,07	1,10	1,88	1479,25
1428	15.07.2025 20:17:47	18,82	-0,07	1,10	1,88	1479,25
1429	15.07.2025 20:17:48	18,82	-0,05	1,10	1,88	1479,26
1430	15.07.2025 20:17:49	18,82	-0,07	1,10	1,88	1479,25
1431	15.07.2025 20:17:50	18,82	-0,07	1,10	1,88	1479,25
1432	15.07.2025 20:17:51	18,79	-0,07	1,08	1,86	1479,14
1433	15.07.2025 20:17:52	18,79	-0,05	1,12	1,91	1479,18
1434	15.07.2025 20:17:53	18,79	-0,07	1,10	1,88	1479,16
1435	15.07.2025 20:17:54	18,79	-0,07	1,10	1,88	1479,16
1436	15.07.2025 20:17:55	18,79	-0,07	1,10	1,88	1479,16
1437	15.07.2025 20:17:56	18,79	-0,07	1,12	1,91	1479,18
1438	15.07.2025 20:17:57	18,79	-0,05	1,12	1,91	1479,18
1439	15.07.2025 20:17:58	18,79	-0,05	1,10	1,88	1479,16
1440	15.07.2025 20:17:59	18,79	-0,05	1,10	1,88	1479,16
1441	15.07.2025 20:18:00	18,79	-0,05	1,10	1,88	1479,16
1442	15.07.2025 20:18:01	18,79	-0,05	1,10	1,88	1479,16
1443	15.07.2025 20:18:02	18,79	-0,07	1,10	1,88	1479,16
1444	15.07.2025 20:18:03	18,79	-0,05	1,08	1,86	1479,14
1445	15.07.2025 20:18:04	18,79	-0,07	1,06	1,83	1479,12
1446	15.07.2025 20:18:05	18,79	-0,05	1,10	1,88	1479,16
1447	15.07.2025 20:18:06	18,79	-0,07	1,08	1,86	1479,14
1448	15.07.2025 20:18:07	18,79	-0,05	1,10	1,88	1479,16
1449	15.07.2025 20:18:08	18,79	-0,07	1,10	1,88	1479,16
1450	15.07.2025 20:18:09	18,79	-0,07	1,08	1,86	1479,14
1451	15.07.2025 20:18:10	18,79	-0,05	1,10	1,88	1479,16
1452	15.07.2025 20:18:11	18,79	-0,07	1,10	1,88	1479,16
1453	15.07.2025 20:18:12	18,79	-0,07	1,10	1,88	1479,16
1454	15.07.2025 20:18:13	18,79	-0,07	1,10	1,88	1479,16
1455	15.07.2025 20:18:14	18,79	-0,07	1,10	1,88	1479,16
1456	15.07.2025 20:18:15	18,79	-0,07	1,10	1,88	1479,16
1457	15.07.2025 20:18:16	18,79	-0,05	1,10	1,88	1479,16
1458	15.07.2025 20:18:17	18,79	-0,07	1,10	1,88	1479,16
1459	15.07.2025 20:18:18	18,79	-0,07	1,08	1,86	1479,14
1460	15.07.2025 20:18:19	18,79	-0,05	1,10	1,88	1479,16
1461	15.07.2025 20:18:20	18,79	-0,07	1,10	1,88	1479,16
1462	15.07.2025 20:18:21	18,79	-0,05	1,10	1,88	1479,16
1463	15.07.2025 20:18:22	18,79	-0,05	1,10	1,88	1479,16
1464	15.07.2025 20:18:23	18,76	-0,07	1,12	1,91	1479,09
1465	15.07.2025 20:18:24	18,76	-0,07	1,10	1,88	1479,07
1466	15.07.2025 20:18:25	18,76	-0,07	1,10	1,88	1479,07
1467	15.07.2025 20:18:26	18,76	-0,07	1,01	1,74	1478,97
1468	15.07.2025 20:18:27	18,76	-0,05	1,08	1,86	1479,05
1469	15.07.2025 20:18:28	18,76	-0,05	1,08	1,86	1479,05
1470	15.07.2025 20:18:29	18,76	-0,05	1,08	1,86	1479,05
1471	15.07.2025 20:18:30	18,76	-0,07	1,08	1,86	1479,05
1472	15.07.2025 20:18:31	18,76	-0,05	1,08	1,86	1479,05
1473	15.07.2025 20:18:32	18,76	-0,07	1,10	1,88	1479,07
1474	15.07.2025 20:18:33	18,76	-0,07	1,10	1,88	1479,07
1475	15.07.2025 20:18:34	18,76	-0,05	1,10	1,88	1479,07
1476	15.07.2025 20:18:35	18,76	-0,07	1,08	1,86	1479,05
1477	15.07.2025 20:18:36	18,76	-0,05	1,10	1,88	1479,07
1478	15.07.2025 20:18:37	18,76	-0,07	1,08	1,86	1479,05
1479	15.07.2025 20:18:38	18,76	-0,07	1,08	1,86	1479,05
1480	15.07.2025 20:18:39	18,76	-0,05	1,10	1,88	1479,07
1481	15.07.2025 20:18:40	18,76	-0,07	1,10	1,88	1479,07
1482	15.07.2025 20:18:41	18,76	-0,07	1,06	1,83	1479,03
1483	15.07.2025 20:18:42	18,76	-0,05	1,10	1,88	1479,07
1484	15.07.2025 20:18:43	18,76	-0,07	1,08	1,86	1479,05
1485	15.07.2025 20:18:44	18,76	-0,05	1,10	1,88	1479,07
1486	15.07.2025 20:18:45	18,76	-0,07	1,08	1,86	1479,05
1487	15.07.2025 20:18:46	18,76	-0,05	1,10	1,88	1479,07
1488	15.07.2025 20:18:47	18,76	-0,05	1,10	1,88	1479,07
1489	15.07.2025 20:18:48	18,73	-0,07	1,10	1,88	1478,97
1490	15.07.2025 20:18:49	18,76	-0,05	1,10	1,88	1479,07
1491	15.07.2025 20:18:50	18,76	-0,07	1,10	1,88	1479,07
1492	15.07.2025 20:18:51	18,73	-0,08	1,10	1,88	1478,97
1493	15.07.2025 20:18:52	18,73	-0,08	1,10	1,88	1478,97
1494	15.07.2025 20:18:53	18,76	-0,07	1,10	1,88	1479,07
1495	15.07.2025 20:18:54	18,73	-0,07	1,10	1,88	1478,97
1496	15.07.2025 20:18:55	18,76	-0,05	1,10	1,88	1479,07
1497	15.07.2025 20:18:56	18,73	-0,07	1,10	1,88	1478,97
1498	15.07.2025 20:18:57	18,73	-0,08	1,10	1,88	1478,97
1499	15.07.2025 20:18:58	18,76	-0,05	1,10	1,88	1479,07
1500	15.07.2025 20:18:59	18,73	-0,07	1,10	1,88	1478,97
1501	15.07.2025 20:19:00	18,73	-0,07	1,10	1,88	1478,97
1502	15.07.2025 20:19:01	18,73	-0,07	1,08	1,86	1478,95
1503	15.07.2025 20:19:02	18,73	-0,08	1,10	1,88	1478,97
1504	15.07.2025 20:19:03	18,73	-0,07	1,10	1,88	1478,97
1505	15.07.2025 20:19:04	18,73	-0,07	1,10	1,88	1478,97
1506	15.07.2025 20:19:05	18,73	-0,07	1,10	1,88	1478,97
1507	15.07.2025 20:19:06	18,73	-0,07	1,10	1,88	1478,97
1508	15.07.2025 20:19:07	18,73	-0,07	1,10	1,88	1478,97
1509	15.07.2025 20:19:08	18,73	-0,08	1,10	1,88	1478,97
1510	15.07.2025 20:19:09	18,73	-0,07	1,10	1,88	1478,97
1511	15.07.2025 20:19:10	18,73	-0,08	1,10	1,88	1478,97
1512	15.07.2025 20:19:11	18,73	-0,07	1,10	1,88	1478,97
1513	15.07.2025 20:19:12	18,73	-0,08	1,10	1,88	1478,97
1514	15.07.2025 20:19:13	18,73	-0,08	1,10	1,88	1478,97
1515	15.07.2025 20:19:14	18,73	-0,07	1,10	1,88	1478,97
1516	15.07.2025 20:19:15	18,73	-0,08	1,10	1,88	1478,97
1517	15.07.2025 20:19:16	18,73	-0,07	1,10	1,88	1478,97
1518	15.07.2025 20:19:17	18,73	-0,07	1,10	1,88	1478,97
1519	15.07.2025 20:19:18	18,73	-0,07	1,10	1,88	1478,97
1520	15.07.2025 20:19:19	18,73	-0,07	1,08	1,86	1478,95
1521	15.07.2025 20:19:20	18,73	-0,07	1,10	1,88	1478,97
1522	15.07.2025 20:19:21	18,73	-0,07	1,10	1,88	1478,97
1523	15.07.2025 20:19:22	18,73	-0,07	1,08	1,86	1478,95
1524	15.07.2025 20:19:23	18,73	-0,08	1,10	1,88	1478,97
1525	15.07.2025 20:19:24	18,73	-0,08	1,10	1,88	1478,97
1526	15.07.2025 20:19:25	18,73	-0,08	1,08	1,86	1478,95
1527	15.07.2025 20:19:26	18,73	-0,08	1,08	1,86	1478,95
1528	15.07.2025 20:19:27	18,73	-0,07	1,10	1,88	1478,97
1529	15.07.2025 20:19:28	18,73	-0,08	1,10	1,88	1478,97
1530	15.07.2025 20:19:29	18,73	-0,07	1,10	1,88	1478,97
1531	15.07.2025 20:19:30	18,73	-0,07	1,10	1,88	1478,97
1532	15.07.2025 20:19:31	18,73	-0,07	1,10	1,88	1478,97
1533	15.07.2025 20:19:32	18,73	-0,07	1,10	1,88	1478,97
1534	15.07.2025 20:19:33	18,73	-0,07	1,10	1,88	1478,97
1535	15.07.2025 20:19:34	18,73	-0,07	1,10	1,88	1478,97
1536	15.07.2025 20:19:35	18,73	-0,07	1,10	1,88	1478,97
1537	15.07.2025 20:19:36	18,73	-0,07	1,10	1,88	1478,97
1538	15.07.2025 20:19:37	18,73	-0,08	1,10	1,88	1478,97
1539	15.07.2025 20:19:38	18,73	-0,07	1,10	1,88	1478,97
1540	15.07.2025 20:19:39	18,73	-0,07	1,10	1,88	1478,97
1541	15.07.2025 20:19:40	18,73	-0,07	1,08	1,86	1478,95
1542	15.07.2025 20:19:41	18,73	-0,08	1,10	1,88	1478,97
1543	15.07.2025 20:19:42	18,73	-0,07	1,10	1,88	1478,97
1544	15.07.2025 20:19:43	18,73	-0,07	1,10	1,88	1478,97
1545	15.07.2025 20:19:44	18,73	-0,07	1,10	1,88	1478,97
1546	15.07.2025 20:19:45	18,73	-0,07	1,10	1,88	1478,97
1547	15.07.2025 20:19:46	18,73	-0,07	1,10	1,88	1478,97
1548	15.07.2025 20:19:47	18,73	-0,07	1,10	1,88	1478,97
1549	15.07.2025 20:19:48	18,73	-0,08	1,10	1,88	1478,97
1550	15.07.2025 20:19:49	18,73	-0,08	1,10	1,88	1478,97
1551	15.07.2025 20:19:50	18,73	-0,07	1,10	1,88	1478,97
1552	15.07.2025 20:19:51	18,73	-0,07	1,10	1,88	1478,97
1553	15.07.2025 20:19:52	18,73	-0,07	1,10	1,88	1478,97
1554	15.07.2025 20:19:53	18,73	-0,07	1,10	1,88	1478,97
1555	15.07.2025 20:19:54	18,73	-0,07	1,10	1,88	1478,97
1556	15.07.2025 20:19:55	18,73	-0,07	1,10	1,88	1478,97
1557	15.07.2025 20:19:56	18,73	-0,07	1,10	1,88	1478,97
1558	15.07.2025 20:19:57	18,73	-0,07	1,12	1,91	1478,99
1559	15.07.2025 20:19:58	18,73	-0,07	1,12	1,91	1478,99
1560	15.07.2025 20:19:59	18,73	-0,07	1,05	1,80	1478,91
1561	15.07.2025 20:20:00	18,73	-0,07	1,10	1,88	1478,97
1562	15.07.2025 20:20:01	18,73	-0,07	1,12	1,91	1478,99
1563	15.07.2025 20:20:02	18,73	-0,07	1,13	1,94	1479,01
1564	15.07.2025 20:20:03	18,73	-0,08	1,12	1,91	1478,99
1565	15.07.2025 20:20:04	18,73	-0,07	1,13	1,94	1479,01
1566	15.07.2025 20:20:05	18,73	-0,07	0,56	0,99	1478,35
1567	15.07.2025 20:20:06	18,73	-0,07	0,56	0,99	1478,35
1568	15.07.2025 20:20:07	18,70	-0,08	0,51	0,91	1478,20
1569	15.07.2025 20:20:08	18,70	-0,08	0,58	1,02	1478,28
1570	15.07.2025 20:20:09	18,70	-0,07	0,54	0,96	1478,24
1571	15.07.2025 20:20:10	18,70	-0,07	0,89	1,55	1478,64
1572	15.07.2025 20:20:11	18,70	-0,07	1,03	1,77	1478,80
1573	15.07.2025 20:20:12	18,70	-0,07	1,00	1,72	1478,76
1574	15.07.2025 20:20:13	18,70	-0,07	22,68	31,53	1503,65
1575	15.07.2025 20:20:14	18,61	-0,19	16,76	23,90	1496,57
1576	15.07.2025 20:20:15	18,43	-0,07	16,88	23,96	1496,18
1577	15.07.2025 20:20:16	18,34	-0,05	16,95	24,01	1496,00
1578	15.07.2025 20:20:17	18,28	-0,05	17,00	24,04	1495,86
1579	15.07.2025 20:20:18	18,28	-0,05	16,95	23,98	1495,82
1580	15.07.2025 20:20:19	18,25	-0,03	29,63	39,76	1510,34
1581	15.07.2025 20:20:20	18,17	-0,12	29,70	39,76	1510,14
1582	15.07.2025 20:20:21	17,99	-0,05	29,80	39,73	1509,74
1583	15.07.2025 20:20:22	17,87	-0,03	29,86	39,70	1509,46
1584	15.07.2025 20:20:23	17,78	-0,03	29,90	39,67	1509,24
1585	15.07.2025 20:20:24	17,72	-0,01	29,92	39,64	1509,09
1586	15.07.2025 20:20:25	17,66	0,00	29,97	39,64	1508,96
1587	15.07.2025 20:20:26	17,60	0,00	30,01	39,64	1508,84
1588	15.07.2025 20:20:27	17,57	0,02	30,03	39,64	1508,77
1589	15.07.2025 20:20:28	17,51	0,00	30,07	39,63	1508,64
1590	15.07.2025 20:20:29	17,48	0,02	30,09	39,63	1508,58
1591	15.07.2025 20:20:30	17,45	0,02	30,12	39,63	1508,51
1592	15.07.2025 20:20:31	17,42	0,02	30,11	39,61	1508,42
1593	15.07.2025 20:20:32	17,39	0,02	30,14	39,61	1508,36
1594	15.07.2025 20:20:33	17,36	0,04	30,18	39,63	1508,32
1595	15.07.2025 20:20:34	17,33	0,02	30,18	39,60	1508,23
1596	15.07.2025 20:20:35	17,30	0,02	30,20	39,60	1508,16
1597	15.07.2025 20:20:36	17,30	0,04	30,20	39,60	1508,17
1598	15.07.2025 20:20:37	17,27	0,02	30,22	39,60	1508,10
1599	15.07.2025 20:20:38	17,27	0,02	30,22	39,60	1508,10
1600	15.07.2025 20:20:39	17,24	0,02	30,24	39,60	1508,03
1601	15.07.2025 20:20:40	17,24	0,00	30,24	39,60	1508,03
1602	15.07.2025 20:20:41	17,21	0,02	30,27	39,60	1507,97
1603	15.07.2025 20:20:42	17,21	0,00	30,29	39,63	1507,99
1604	15.07.2025 20:20:43	17,18	0,02	30,31	39,63	1507,93
1605	15.07.2025 20:20:44	17,18	0,00	30,29	39,60	1507,90
1606	15.07.2025 20:20:45	17,15	0,00	30,33	39,63	1507,86
1607	15.07.2025 20:20:46	17,15	0,00	30,33	39,63	1507,86
1608	15.07.2025 20:20:47	17,12	0,00	30,36	39,63	1507,80
1609	15.07.2025 20:20:48	17,12	0,00	30,33	39,60	1507,77
1610	15.07.2025 20:20:49	17,12	0,02	30,35	39,63	1507,80
1611	15.07.2025 20:20:50	17,09	0,02	30,38	39,62	1507,73
1612	15.07.2025 20:20:51	17,09	0,02	30,35	39,60	1507,71
1613	15.07.2025 20:20:52	17,09	0,00	30,38	39,62	1507,73
1614	15.07.2025 20:20:53	17,06	0,02	30,40	39,62	1507,67
1615	15.07.2025 20:20:54	17,06	0,00	30,38	39,60	1507,64
1616	15.07.2025 20:20:55	17,03	0,00	30,42	39,62	1507,60
1617	15.07.2025 20:20:56	17,03	0,02	30,42	39,62	1507,60
1618	15.07.2025 20:20:57	17,03	0,02	30,40	39,60	1507,57
1619	15.07.2025 20:20:58	17,00	0,00	30,44	39,62	1507,53
1620	15.07.2025 20:20:59	17,00	0,00	30,42	39,60	1507,51
1621	15.07.2025 20:21:00	17,00	0,00	30,42	39,60	1507,51
1622	15.07.2025 20:21:01	16,97	0,02	30,46	39,62	1507,47
1623	15.07.2025 20:21:02	16,97	0,02	30,44	39,59	1507,44
1624	15.07.2025 20:21:03	16,97	0,02	30,46	39,62	1507,47
1625	15.07.2025 20:21:04	16,94	0,02	30,49	39,62	1507,40
1626	15.07.2025 20:21:05	16,94	0,02	30,49	39,62	1507,40
1627	15.07.2025 20:21:06	16,94	0,04	30,49	39,62	1507,41
1628	15.07.2025 20:21:07	16,94	0,04	30,49	39,62	1507,41
1629	15.07.2025 20:21:08	16,91	0,02	30,51	39,62	1507,34
1630	15.07.2025 20:21:09	16,91	0,04	30,53	39,65	1507,37
1631	15.07.2025 20:21:10	16,91	0,04	30,51	39,62	1507,34
1632	15.07.2025 20:21:11	16,91	0,06	30,51	39,62	1507,34
1633	15.07.2025 20:21:12	16,91	0,06	30,51	39,62	1507,34
1634	15.07.2025 20:21:13	16,88	0,09	30,53	39,62	1507,28
1635	15.07.2025 20:21:14	16,88	0,11	30,55	39,65	1507,31
1636	15.07.2025 20:21:15	16,88	0,11	30,53	39,62	1507,29
1637	15.07.2025 20:21:16	16,88	0,11	30,53	39,62	1507,29
1638	15.07.2025 20:21:17	16,88	0,15	30,53	39,62	1507,29
1639	15.07.2025 20:21:18	16,85	0,16	30,53	39,59	1507,20
1640	15.07.2025 20:21:19	16,85	0,16	30,53	39,59	1507,20
1641	15.07.2025 20:21:20	16,85	0,16	30,53	39,59	1507,20
1642	15.07.2025 20:21:21	16,82	0,16	30,53	39,56	1507,11
1643	15.07.2025 20:21:22	16,82	0,18	30,55	39,59	1507,14
1644	15.07.2025 20:21:23	16,82	0,20	30,51	39,54	1507,09
1645	15.07.2025 20:21:24	16,82	0,20	30,53	39,56	1507,12
1646	15.07.2025 20:21:25	16,79	0,23	30,55	39,56	1507,06
1647	15.07.2025 20:21:26	16,79	0,25	30,57	39,59	1507,08
1648	15.07.2025 20:21:27	16,79	0,27	30,55	39,56	1507,06
1649	15.07.2025 20:21:28	16,79	0,27	30,55	39,56	1507,06
1650	15.07.2025 20:21:29	16,79	0,27	30,55	39,56	1507,06
1651	15.07.2025 20:21:30	16,76	0,29	30,55	39,54	1506,97
1652	15.07.2025 20:21:31	16,76	0,34	30,55	39,54	1506,98
1653	15.07.2025 20:21:32	16,76	0,34	30,55	39,54	1506,98
1654	15.07.2025 20:21:33	16,73	0,36	30,55	39,51	1506,89
1655	15.07.2025 20:21:34	16,73	0,36	30,55	39,51	1506,89
1656	15.07.2025 20:21:35	16,73	0,39	30,57	39,54	1506,92
1657	15.07.2025 20:21:36	16,73	0,41	30,55	39,51	1506,90
1658	15.07.2025 20:21:37	16,70	0,43	30,53	39,45	1506,78
1659	15.07.2025 20:21:38	16,70	0,46	30,55	39,48	1506,81
1660	15.07.2025 20:21:39	16,70	0,48	30,57	39,51	1506,84
1661	15.07.2025 20:21:40	16,67	0,49	30,55	39,45	1506,72
1662	15.07.2025 20:21:41	16,67	0,51	30,57	39,48	1506,75
1663	15.07.2025 20:21:42	16,67	0,53	30,55	39,45	1506,73
1664	15.07.2025 20:21:43	16,67	0,55	30,50	39,40	1506,68
1665	15.07.2025 20:21:44	16,64	0,58	30,55	39,43	1506,64
1666	15.07.2025 20:21:45	16,64	0,60	30,55	39,43	1506,65
1667	15.07.2025 20:21:46	16,64	0,60	30,55	39,43	1506,65
1668	15.07.2025 20:21:47	16,61	0,65	30,48	39,32	1506,48
1669	15.07.2025 20:21:48	16,61	0,65	30,41	39,24	1506,40
1670	15.07.2025 20:21:49	16,58	0,70	30,45	39,26	1506,37
1671	15.07.2025 20:21:50	16,55	0,72	30,47	39,26	1506,30
1672	15.07.2025 20:21:51	16,55	0,72	30,47	39,26	1506,30
1673	15.07.2025 20:21:52	16,52	0,73	30,50	39,26	1506,24
1674	15.07.2025 20:21:53	16,52	0,77	30,47	39,24	1506,22
1675	15.07.2025 20:21:54	16,49	0,78	30,45	39,18	1506,10
1676	15.07.2025 20:21:55	16,49	0,80	30,45	39,18	1506,10
1677	15.07.2025 20:21:56	16,46	0,82	30,47	39,18	1506,04
1678	15.07.2025 20:21:57	16,46	0,85	30,49	39,21	1506,07
1679	15.07.2025 20:21:58	16,46	0,87	30,42	39,13	1505,99
1680	15.07.2025 20:21:59	16,43	0,89	30,42	39,10	1505,90
1681	15.07.2025 20:22:00	16,43	0,89	30,42	39,10	1505,90
1682	15.07.2025 20:22:01	16,40	0,90	30,47	39,13	1505,87
1683	15.07.2025 20:22:02	16,40	0,92	30,35	38,99	1505,73
1684	15.07.2025 20:22:03	16,37	0,92	30,35	38,97	1505,64
1685	15.07.2025 20:22:04	16,34	0,93	30,30	38,88	1505,49
1686	15.07.2025 20:22:05	16,34	0,92	30,03	38,56	1505,16
1687	15.07.2025 20:22:06	16,31	0,92	29,47	37,89	1504,42
1688	15.07.2025 20:22:07	16,19	0,91	29,30	37,60	1503,84
1689	15.07.2025 20:22:08	16,01	0,92	29,06	37,16	1502,99
1690	15.07.2025 20:22:09	15,82	0,91	29,00	36,95	1502,35
1691	15.07.2025 20:22:10	15,61	1,00	28,71	36,43	1501,35
1692	15.07.2025 20:22:11	15,43	0,98	28,77	36,35	1500,83
1693	15.07.2025 20:22:12	15,25	1,04	28,61	36,02	1500,08
1694	15.07.2025 20:22:13	15,06	1,07	28,70	35,97	1499,59
1695	15.07.2025 20:22:14	14,88	1,09	28,57	35,67	1498,85
1696	15.07.2025 20:22:15	14,73	1,09	28,51	35,48	1498,28
1697	15.07.2025 20:22:16	14,51	1,13	28,59	35,39	1497,69
1698	15.07.2025 20:22:17	14,36	1,16	28,65	35,33	1497,26
1699	15.07.2025 20:22:18	14,27	1,17	28,69	35,30	1497,01
1700	15.07.2025 20:22:19	14,14	1,20	28,66	35,17	1496,57
1701	15.07.2025 20:22:20	13,99	1,23	28,75	35,14	1496,17
1702	15.07.2025 20:22:21	13,86	1,24	28,81	35,11	1495,84
1703	15.07.2025 20:22:22	13,74	1,23	28,88	35,08	1495,50
1704	15.07.2025 20:22:23	13,65	1,24	28,90	35,02	1495,22
1705	15.07.2025 20:22:24	13,55	1,24	28,92	34,96	1494,93
1706	15.07.2025 20:22:25	13,46	1,25	29,08	35,07	1494,82
1707	15.07.2025 20:22:26	13,40	1,25	28,96	34,88	1494,46
1708	15.07.2025 20:22:27	13,34	1,23	28,93	34,80	1494,21
1709	15.07.2025 20:22:28	13,24	1,24	29,00	34,80	1493,98
1710	15.07.2025 20:22:29	13,18	1,24	29,04	34,79	1493,83
1711	15.07.2025 20:22:30	13,12	1,24	29,11	34,82	1493,70
1712	15.07.2025 20:22:31	13,06	1,25	29,26	34,93	1493,67
1713	15.07.2025 20:22:32	13,03	1,23	29,33	34,98	1493,65
1714	15.07.2025 20:22:33	12,99	1,25	29,31	34,92	1493,51
1715	15.07.2025 20:22:34	12,99	1,25	29,23	34,84	1493,42
1716	15.07.2025 20:22:35	12,93	1,25	29,25	34,82	1493,24
1717	15.07.2025 20:22:36	12,90	1,24	29,20	34,73	1493,07
1718	15.07.2025 20:22:37	12,81	1,28	29,15	34,60	1492,69
1719	15.07.2025 20:22:38	12,71	1,29	29,22	34,60	1492,45
1720	15.07.2025 20:22:39	12,65	1,30	29,27	34,59	1492,30
1721	15.07.2025 20:22:40	12,59	1,32	29,31	34,59	1492,14
1722	15.07.2025 20:22:41	12,52	1,31	29,34	34,56	1491,96
1723	15.07.2025 20:22:42	12,49	1,31	29,31	34,51	1491,81
1724	15.07.2025 20:22:43	12,43	1,31	29,31	34,45	1491,59
1725	15.07.2025 20:22:44	12,37	1,32	29,23	34,32	1491,28
1726	15.07.2025 20:22:45	12,30	1,32	29,25	34,29	1491,09
1727	15.07.2025 20:22:46	12,24	1,32	29,27	34,26	1490,90
1728	15.07.2025 20:22:47	12,18	1,35	29,29	34,23	1490,72
1729	15.07.2025 20:22:48	12,11	1,35	29,34	34,23	1490,55
1730	15.07.2025 20:22:49	12,05	1,34	29,39	34,23	1490,39
1731	15.07.2025 20:22:50	12,02	1,34	29,41	34,23	1490,31
1732	15.07.2025 20:22:51	11,96	1,34	29,46	34,23	1490,15
1733	15.07.2025 20:22:52	11,92	1,37	29,51	34,25	1490,11
1734	15.07.2025 20:22:53	11,89	1,34	29,54	34,25	1490,02
1735	15.07.2025 20:22:54	11,86	1,37	29,59	34,28	1489,97
1736	15.07.2025 20:22:55	11,83	1,37	29,66	34,33	1489,96
1737	15.07.2025 20:22:56	11,83	1,39	29,79	34,47	1490,11
1738	15.07.2025 20:22:57	11,83	1,39	29,92	34,60	1490,27
1739	15.07.2025 20:22:58	11,86	1,37	29,89	34,60	1490,35
1740	15.07.2025 20:22:59	11,86	1,37	29,94	34,65	1490,41
1741	15.07.2025 20:23:00	11,86	1,37	29,92	34,63	1490,38
1742	15.07.2025 20:23:01	11,86	1,35	29,87	34,57	1490,31
1743	15.07.2025 20:23:02	11,86	1,35	29,79	34,49	1490,22
1744	15.07.2025 20:23:03	11,80	1,35	29,79	34,44	1490,00
1745	15.07.2025 20:23:04	11,77	1,33	29,71	34,33	1489,79
1746	15.07.2025 20:23:05	11,70	1,36	29,73	34,30	1489,60
1747	15.07.2025 20:23:06	11,67	1,36	29,73	34,27	1489,49
1748	15.07.2025 20:23:07	11,61	1,39	29,76	34,25	1489,30
1749	15.07.2025 20:23:08	11,58	1,37	29,76	34,22	1489,18
1750	15.07.2025 20:23:09	11,54	1,39	29,78	34,22	1489,10
1751	15.07.2025 20:23:10	11,51	1,39	29,78	34,19	1488,99
1752	15.07.2025 20:23:11	11,45	1,39	29,78	34,13	1488,76
1753	15.07.2025 20:23:12	11,42	1,40	29,78	34,11	1488,65
1754	15.07.2025 20:23:13	11,38	1,42	29,80	34,11	1488,57
1755	15.07.2025 20:23:14	11,35	1,42	29,75	34,03	1488,39
1756	15.07.2025 20:23:15	11,32	1,41	29,57	33,81	1488,06
1757	15.07.2025 20:23:16	11,22	1,43	29,56	33,73	1487,72
1758	15.07.2025 20:23:17	11,13	1,48	29,59	33,67	1487,41
1759	15.07.2025 20:23:18	11,06	1,47	29,63	33,67	1487,24
1760	15.07.2025 20:23:19	11,00	1,49	29,61	33,59	1486,98
1761	15.07.2025 20:23:20	10,94	1,48	29,58	33,51	1486,72
1762	15.07.2025 20:23:21	10,87	1,52	29,60	33,48	1486,52
1763	15.07.2025 20:23:22	10,81	1,51	29,63	33,45	1486,32
1764	15.07.2025 20:23:23	10,74	1,53	29,62	33,39	1486,09
1765	15.07.2025 20:23:24	10,68	1,54	29,62	33,34	1485,86
1766	15.07.2025 20:23:25	10,61	1,56	29,67	33,34	1485,69
1767	15.07.2025 20:23:26	10,55	1,57	29,72	33,34	1485,52
1768	15.07.2025 20:23:27	10,48	1,60	29,77	33,33	1485,36
1769	15.07.2025 20:23:28	10,45	1,60	29,80	33,33	1485,27
1770	15.07.2025 20:23:29	10,42	1,64	29,82	33,33	1485,19
1771	15.07.2025 20:23:30	10,39	1,63	29,85	33,33	1485,11
1772	15.07.2025 20:23:31	10,36	1,65	29,85	33,30	1484,99
1773	15.07.2025 20:23:32	10,32	1,67	29,88	33,30	1484,91
1774	15.07.2025 20:23:33	10,29	1,68	29,90	33,30	1484,82
1775	15.07.2025 20:23:34	10,26	1,70	29,90	33,27	1484,71
1776	15.07.2025 20:23:35	10,23	1,71	29,87	33,22	1484,56
1777	15.07.2025 20:23:36	10,19	1,73	29,87	33,19	1484,44
1778	15.07.2025 20:23:37	10,16	1,76	29,87	33,17	1484,33
1779	15.07.2025 20:23:38	10,10	1,76	29,90	33,14	1484,12
1780	15.07.2025 20:23:39	10,06	1,79	29,95	33,16	1484,07
1781	15.07.2025 20:23:40	10,00	1,81	30,03	33,19	1483,94
1782	15.07.2025 20:23:41	9,97	1,82	30,03	33,16	1483,82
1783	15.07.2025 20:23:42	9,93	1,84	30,08	33,19	1483,77
1784	15.07.2025 20:23:43	9,90	1,87	30,11	33,18	1483,69
1785	15.07.2025 20:23:44	9,87	1,89	30,19	33,24	1483,67
1786	15.07.2025 20:23:45	9,83	1,91	30,40	33,42	1483,82
1787	15.07.2025 20:23:46	9,80	1,92	30,40	33,40	1483,70
1788	15.07.2025 20:23:47	9,80	1,94	30,27	33,26	1483,53
1789	15.07.2025 20:23:48	9,77	1,94	30,08	33,05	1483,18
1790	15.07.2025 20:23:49	9,67	1,95	30,02	32,91	1482,75
1791	15.07.2025 20:23:50	9,61	1,98	29,94	32,78	1482,41
1792	15.07.2025 20:23:51	9,47	1,98	29,80	32,53	1481,76
1793	15.07.2025 20:23:52	9,34	2,02	29,77	32,39	1481,24
1794	15.07.2025 20:23:53	9,21	2,05	29,82	32,34	1480,82
1795	15.07.2025 20:23:54	9,11	2,08	29,82	32,25	1480,45
1796	15.07.2025 20:23:55	8,98	2,11	29,85	32,17	1479,99
1797	15.07.2025 20:23:56	8,91	2,12	29,76	32,04	1479,64
1798	15.07.2025 20:23:57	8,78	2,14	29,65	31,82	1479,00
1799	15.07.2025 20:23:58	8,68	2,15	29,48	31,57	1478,41
1800	15.07.2025 20:23:59	8,51	2,18	29,40	31,36	1477,68
1801	15.07.2025 20:24:00	8,35	2,20	29,11	30,95	1476,69
1802	15.07.2025 20:24:01	8,18	2,21	28,88	30,60	1475,77
1803	15.07.2025 20:24:02	7,98	2,26	28,82	30,38	1474,92
1804	15.07.2025 20:24:03	7,74	2,30	28,87	30,24	1474,07
1805	15.07.2025 20:24:04	7,54	2,34	28,92	30,13	1473,35
1806	15.07.2025 20:24:05	7,37	2,38	28,91	29,99	1472,69
1807	15.07.2025 20:24:06	7,20	2,38	28,85	29,80	1471,94
1808	15.07.2025 20:24:07	7,02	2,42	28,87	29,69	1471,30
1809	15.07.2025 20:24:08	6,85	2,46	28,78	29,47	1470,51
1810	15.07.2025 20:24:09	6,68	2,47	28,72	29,28	1469,75
1811	15.07.2025 20:24:10	6,51	2,52	28,68	29,11	1469,02
1812	15.07.2025 20:24:11	6,33	2,54	28,65	28,95	1468,29
1813	15.07.2025 20:24:12	6,12	2,57	28,64	28,78	1467,44
1814	15.07.2025 20:24:13	5,98	2,60	28,64	28,67	1466,88
1815	15.07.2025 20:24:14	5,77	2,64	28,61	28,47	1465,98
1816	15.07.2025 20:24:15	5,60	2,66	28,63	28,36	1465,31
1817	15.07.2025 20:24:16	5,46	2,69	28,66	28,28	1464,76
1818	15.07.2025 20:24:17	5,28	2,74	28,81	28,28	1464,23
1819	15.07.2025 20:24:18	5,14	2,76	28,89	28,24	1463,76
1820	15.07.2025 20:24:19	5,03	2,79	28,92	28,19	1463,36
1821	15.07.2025 20:24:20	4,92	2,82	28,98	28,16	1463,00
1822	15.07.2025 20:24:21	4,82	2,84	29,01	28,10	1462,60
1823	15.07.2025 20:24:22	4,71	2,88	29,07	28,07	1462,23
1824	15.07.2025 20:24:23	4,64	2,90	29,01	27,97	1461,85
1825	15.07.2025 20:24:24	4,53	2,93	28,98	27,85	1461,37
1826	15.07.2025 20:24:25	4,38	2,94	29,04	27,80	1460,84
1827	15.07.2025 20:24:26	4,31	2,99	29,04	27,74	1460,54
1828	15.07.2025 20:24:27	4,20	3,02	29,10	27,71	1460,17
1829	15.07.2025 20:24:28	4,09	3,04	29,17	27,68	1459,79
1830	15.07.2025 20:24:29	3,98	3,06	29,26	27,68	1459,46
1831	15.07.2025 20:24:30	3,91	3,09	29,29	27,65	1459,19
1832	15.07.2025 20:24:31	3,80	3,10	29,36	27,62	1458,81
1833	15.07.2025 20:24:32	3,76	3,13	29,39	27,62	1458,70
1834	15.07.2025 20:24:33	3,69	3,16	29,42	27,59	1458,44
1835	15.07.2025 20:24:34	3,62	3,20	29,48	27,59	1458,21
1836	15.07.2025 20:24:35	3,54	3,21	29,52	27,56	1457,94
1837	15.07.2025 20:24:36	3,47	3,24	29,55	27,53	1457,67
1838	15.07.2025 20:24:37	3,43	3,26	29,58	27,53	1457,56
1839	15.07.2025 20:24:38	3,36	3,29	29,59	27,48	1457,25
1840	15.07.2025 20:24:39	3,28	3,30	29,62	27,45	1456,98
1841	15.07.2025 20:24:40	3,21	3,33	29,65	27,42	1456,70
1842	15.07.2025 20:24:41	3,13	3,36	29,69	27,39	1456,43
1843	15.07.2025 20:24:42	3,10	3,40	29,75	27,42	1456,36
1844	15.07.2025 20:24:43	3,02	3,41	29,79	27,39	1456,09
1845	15.07.2025 20:24:44	2,98	3,43	29,79	27,36	1455,93
1846	15.07.2025 20:24:45	2,91	3,46	29,86	27,36	1455,70
1847	15.07.2025 20:24:46	2,87	3,49	29,89	27,36	1455,58
1848	15.07.2025 20:24:47	2,80	3,52	29,93	27,33	1455,31
1849	15.07.2025 20:24:48	2,76	3,55	29,96	27,33	1455,19
1850	15.07.2025 20:24:49	2,68	3,57	30,00	27,30	1454,92
1851	15.07.2025 20:24:50	2,65	3,58	30,03	27,30	1454,80
1852	15.07.2025 20:24:51	2,61	3,62	30,03	27,27	1454,64
1853	15.07.2025 20:24:52	2,57	3,65	30,06	27,27	1454,53
1854	15.07.2025 20:24:53	2,53	3,66	30,07	27,25	1454,37
1855	15.07.2025 20:24:54	2,46	3,70	30,13	27,24	1454,13
1856	15.07.2025 20:24:55	2,42	3,71	30,14	27,22	1453,97
1857	15.07.2025 20:24:56	2,38	3,74	30,17	27,21	1453,86
1858	15.07.2025 20:24:57	2,34	3,78	30,21	27,21	1453,74
1859	15.07.2025 20:24:58	2,31	3,79	30,21	27,19	1453,58
1860	15.07.2025 20:24:59	2,23	3,82	30,25	27,16	1453,30
1861	15.07.2025 20:25:00	2,19	3,84	30,25	27,13	1453,14
1862	15.07.2025 20:25:01	2,15	3,87	30,25	27,10	1452,98
1863	15.07.2025 20:25:02	2,12	3,90	30,28	27,10	1452,86
1864	15.07.2025 20:25:03	2,04	3,94	30,29	27,05	1452,53
1865	15.07.2025 20:25:04	2,00	3,97	30,32	27,05	1452,42
1866	15.07.2025 20:25:05	1,96	4,00	30,33	27,02	1452,26
1867	15.07.2025 20:25:06	1,93	4,02	30,33	26,99	1452,09
1868	15.07.2025 20:25:07	1,89	4,01	30,40	27,02	1452,01
1869	15.07.2025 20:25:08	1,85	4,05	30,40	26,99	1451,85
1870	15.07.2025 20:25:09	1,81	4,06	30,40	26,96	1451,69
1871	15.07.2025 20:25:10	1,77	4,10	30,44	26,96	1451,57
1872	15.07.2025 20:25:11	1,73	4,11	30,44	26,93	1451,40
1873	15.07.2025 20:25:12	1,70	4,13	30,48	26,93	1451,28
1874	15.07.2025 20:25:13	1,66	4,16	30,48	26,90	1451,12
1875	15.07.2025 20:25:14	1,62	4,18	30,52	26,90	1450,99
1876	15.07.2025 20:25:15	1,58	4,19	30,55	26,90	1450,87
1877	15.07.2025 20:25:16	1,54	4,21	30,56	26,87	1450,71
1878	15.07.2025 20:25:17	1,50	4,26	30,59	26,87	1450,59
1879	15.07.2025 20:25:18	1,46	4,27	30,63	26,87	1450,47
1880	15.07.2025 20:25:19	1,42	4,29	30,67	26,87	1450,35
1881	15.07.2025 20:25:20	1,39	4,32	30,67	26,84	1450,18
1882	15.07.2025 20:25:21	1,39	4,34	30,67	26,84	1450,18
1883	15.07.2025 20:25:22	1,35	4,37	30,71	26,84	1450,06
1884	15.07.2025 20:25:23	1,31	4,39	30,71	26,82	1449,90
1885	15.07.2025 20:25:24	1,31	4,44	30,71	26,82	1449,90
1886	15.07.2025 20:25:25	1,27	4,44	30,75	26,82	1449,78
1887	15.07.2025 20:25:26	1,23	4,47	30,78	26,81	1449,66
1888	15.07.2025 20:25:27	1,23	4,49	30,75	26,79	1449,61
1889	15.07.2025 20:25:28	1,19	4,52	30,79	26,79	1449,49
1890	15.07.2025 20:25:29	1,15	4,53	30,79	26,76	1449,32
1891	15.07.2025 20:25:30	1,11	4,55	30,83	26,76	1449,20
1892	15.07.2025 20:25:31	1,11	4,59	30,83	26,76	1449,21
1893	15.07.2025 20:25:32	1,07	4,60	30,86	26,76	1449,08
1894	15.07.2025 20:25:33	1,04	4,63	30,87	26,73	1448,91
1895	15.07.2025 20:25:34	1,04	4,67	30,87	26,73	1448,92
1896	15.07.2025 20:25:35	1,00	4,68	30,91	26,73	1448,80
1897	15.07.2025 20:25:36	0,96	4,72	30,91	26,70	1448,63
1898	15.07.2025 20:25:37	0,96	4,73	30,87	26,67	1448,58
1899	15.07.2025 20:25:38	0,92	4,77	30,91	26,67	1448,46
1900	15.07.2025 20:25:39	0,88	4,80	30,95	26,67	1448,34
1901	15.07.2025 20:25:40	0,88	4,80	30,95	26,67	1448,34
1902	15.07.2025 20:25:41	0,84	4,85	30,99	26,67	1448,22
1903	15.07.2025 20:25:42	0,80	4,87	30,99	26,64	1448,05
1904	15.07.2025 20:25:43	0,80	4,90	30,99	26,64	1448,05
1905	15.07.2025 20:25:44	0,76	4,92	31,03	26,64	1447,93
1906	15.07.2025 20:25:45	0,76	4,97	31,03	26,64	1447,94
1907	15.07.2025 20:25:46	0,72	4,98	31,07	26,64	1447,81
1908	15.07.2025 20:25:47	0,72	5,00	31,00	26,59	1447,72
1909	15.07.2025 20:25:48	0,68	5,03	31,07	26,61	1447,64
1910	15.07.2025 20:25:49	0,68	5,05	31,04	26,59	1447,60
1911	15.07.2025 20:25:50	0,64	5,10	31,11	26,61	1447,53
1912	15.07.2025 20:25:51	0,64	5,12	31,08	26,59	1447,48
1913	15.07.2025 20:25:52	0,60	5,15	31,11	26,59	1447,36
1914	15.07.2025 20:25:53	0,60	5,17	31,11	26,59	1447,36
1915	15.07.2025 20:25:54	0,56	5,20	31,15	26,59	1447,24
1916	15.07.2025 20:25:55	0,56	5,24	31,15	26,59	1447,24
1917	15.07.2025 20:25:56	0,52	5,27	31,19	26,58	1447,12
1918	15.07.2025 20:25:57	0,52	5,31	31,23	26,61	1447,17
1919	15.07.2025 20:25:58	0,52	5,32	31,23	26,61	1447,17
1920	15.07.2025 20:25:59	0,48	5,36	31,23	26,58	1447,00
1921	15.07.2025 20:26:00	0,48	5,37	31,26	26,61	1447,05
1922	15.07.2025 20:26:01	0,44	5,41	31,30	26,61	1446,93
1923	15.07.2025 20:26:02	0,44	5,44	31,30	26,61	1446,93
1924	15.07.2025 20:26:03	0,44	5,46	31,34	26,64	1446,98
1925	15.07.2025 20:26:04	0,44	5,49	31,30	26,61	1446,94
1926	15.07.2025 20:26:05	0,40	5,53	31,34	26,61	1446,82
1927	15.07.2025 20:26:06	0,40	5,56	31,38	26,64	1446,87
1928	15.07.2025 20:26:07	0,40	5,60	31,38	26,64	1446,87
1929	15.07.2025 20:26:08	0,40	5,63	31,34	26,61	1446,83
1930	15.07.2025 20:26:09	0,36	5,65	31,38	26,61	1446,71
1931	15.07.2025 20:26:10	0,36	5,68	31,42	26,64	1446,76
1932	15.07.2025 20:26:11	0,36	5,73	31,42	26,64	1446,77
1933	15.07.2025 20:26:12	0,32	5,73	31,46	26,63	1446,64
1934	15.07.2025 20:26:13	0,32	5,77	31,42	26,61	1446,60
1935	15.07.2025 20:26:14	0,32	5,80	31,38	26,58	1446,55
1936	15.07.2025 20:26:15	0,28	5,83	31,43	26,58	1446,43
1937	15.07.2025 20:26:16	0,28	5,87	31,42	26,58	1446,43
1938	15.07.2025 20:26:17	0,25	5,90	31,46	26,58	1446,31
1939	15.07.2025 20:26:18	0,25	5,94	31,46	26,58	1446,31
1940	15.07.2025 20:26:19	0,25	5,95	31,46	26,58	1446,32
1941	15.07.2025 20:26:20	0,25	5,99	31,50	26,61	1446,37
1942	15.07.2025 20:26:21	0,21	6,02	31,57	26,63	1446,29
1943	15.07.2025 20:26:22	0,21	6,04	31,61	26,66	1446,34
1944	15.07.2025 20:26:23	0,21	6,06	31,61	26,66	1446,34
1945	15.07.2025 20:26:24	0,21	6,09	31,57	26,63	1446,30
1946	15.07.2025 20:26:25	0,21	6,13	31,61	26,66	1446,35
1947	15.07.2025 20:26:26	0,21	6,15	31,68	26,71	1446,45
1948	15.07.2025 20:26:27	0,21	6,18	31,68	26,71	1446,46
1949	15.07.2025 20:26:28	0,21	6,22	31,71	26,74	1446,51
1950	15.07.2025 20:26:29	0,21	6,23	31,75	26,77	1446,56
1951	15.07.2025 20:26:30	0,21	6,27	31,78	26,79	1446,61
1952	15.07.2025 20:26:31	0,21	6,29	31,82	26,82	1446,66
1953	15.07.2025 20:26:32	0,25	6,32	31,78	26,82	1446,80
1954	15.07.2025 20:26:33	0,25	6,34	31,78	26,82	1446,80
1955	15.07.2025 20:26:34	0,25	6,38	31,78	26,82	1446,80
1956	15.07.2025 20:26:35	0,25	6,39	31,74	26,79	1446,76
1957	15.07.2025 20:26:36	0,25	6,43	31,71	26,77	1446,72
1958	15.07.2025 20:26:37	0,21	6,44	31,75	26,77	1446,59
1959	15.07.2025 20:26:38	0,21	6,46	31,75	26,77	1446,59
1960	15.07.2025 20:26:39	0,21	6,50	31,75	26,77	1446,60
1961	15.07.2025 20:26:40	0,21	6,53	31,75	26,77	1446,60
1962	15.07.2025 20:26:41	0,21	6,57	31,78	26,79	1446,66
1963	15.07.2025 20:26:42	0,17	6,58	31,86	26,82	1446,58
1964	15.07.2025 20:26:43	0,17	6,62	31,86	26,82	1446,58
1965	15.07.2025 20:26:44	0,17	6,63	31,86	26,82	1446,58
1966	15.07.2025 20:26:45	0,17	6,67	31,85	26,82	1446,59
1967	15.07.2025 20:26:46	0,17	6,70	31,85	26,82	1446,59
1968	15.07.2025 20:26:47	0,17	6,72	31,82	26,79	1446,55
1969	15.07.2025 20:26:48	0,17	6,76	31,82	26,79	1446,56
1970	15.07.2025 20:26:49	0,17	6,77	31,82	26,79	1446,56
1971	15.07.2025 20:26:50	0,17	6,81	31,82	26,79	1446,56
1972	15.07.2025 20:26:51	0,13	6,82	31,93	26,85	1446,53
1973	15.07.2025 20:26:52	0,13	6,86	31,89	26,82	1446,49
1974	15.07.2025 20:26:53	0,13	6,88	31,93	26,85	1446,54
1975	15.07.2025 20:26:54	0,13	6,89	31,93	26,85	1446,54
1976	15.07.2025 20:26:55	0,13	6,93	31,89	26,82	1446,50
1977	15.07.2025 20:26:56	0,13	6,93	31,86	26,79	1446,45
1978	15.07.2025 20:26:57	0,13	6,95	31,82	26,76	1446,41
1979	15.07.2025 20:26:58	0,13	7,00	31,86	26,79	1446,46
1980	15.07.2025 20:26:59	0,09	7,01	31,93	26,82	1446,38
1981	15.07.2025 20:27:00	0,09	7,03	31,90	26,79	1446,34
1982	15.07.2025 20:27:01	0,09	7,05	31,90	26,79	1446,34
1983	15.07.2025 20:27:02	0,09	7,08	31,90	26,79	1446,35
1984	15.07.2025 20:27:03	0,09	7,10	31,90	26,79	1446,35
1985	15.07.2025 20:27:04	0,09	7,14	31,90	26,79	1446,35
1986	15.07.2025 20:27:05	0,09	7,15	31,90	26,79	1446,36
1987	15.07.2025 20:27:06	0,09	7,17	31,90	26,79	1446,36
1988	15.07.2025 20:27:07	0,09	7,21	31,90	26,79	1446,36
1989	15.07.2025 20:27:08	0,05	7,24	31,94	26,79	1446,24
1990	15.07.2025 20:27:09	0,05	7,26	31,90	26,76	1446,20
1991	15.07.2025 20:27:10	0,05	7,27	31,94	26,79	1446,25
1992	15.07.2025 20:27:11	0,05	7,31	31,90	26,76	1446,20
1993	15.07.2025 20:27:12	0,05	7,33	31,94	26,79	1446,25
1994	15.07.2025 20:27:13	0,05	7,36	31,94	26,79	1446,26
1995	15.07.2025 20:27:14	0,05	7,38	31,94	26,79	1446,26
1996	15.07.2025 20:27:15	0,05	7,41	31,94	26,79	1446,27
1997	15.07.2025 20:27:16	0,05	7,43	31,97	26,82	1446,32
1998	15.07.2025 20:27:17	0,05	7,47	32,04	26,87	1446,42
1999	15.07.2025 20:27:18	0,05	7,48	32,08	26,90	1446,47
2000	15.07.2025 20:27:19	0,05	7,50	32,08	26,90	1446,47
2001	15.07.2025 20:27:20	0,05	7,54	32,08	26,90	1446,47
2002	15.07.2025 20:27:21	0,09	7,56	32,07	26,92	1446,65
2003	15.07.2025 20:27:22	0,09	7,57	32,07	26,92	1446,66
2004	15.07.2025 20:27:23	0,09	7,61	32,07	26,92	1446,66
2005	15.07.2025 20:27:24	0,09	7,64	32,11	26,95	1446,72
2006	15.07.2025 20:27:25	0,09	7,64	32,14	26,98	1446,76
2007	15.07.2025 20:27:26	0,09	7,68	32,18	27,01	1446,81
2008	15.07.2025 20:27:27	0,09	7,71	32,18	27,01	1446,82
2009	15.07.2025 20:27:28	0,09	7,73	32,18	27,01	1446,82
2010	15.07.2025 20:27:29	0,13	7,77	32,13	27,01	1446,96
2011	15.07.2025 20:27:30	0,13	7,79	32,13	27,01	1446,96
2012	15.07.2025 20:27:31	0,13	7,80	32,17	27,03	1447,01
2013	15.07.2025 20:27:32	0,13	7,84	32,17	27,03	1447,02
2014	15.07.2025 20:27:33	0,13	7,84	32,24	27,09	1447,11
2015	15.07.2025 20:27:34	0,13	7,87	32,24	27,09	1447,12
2016	15.07.2025 20:27:35	0,17	7,91	32,27	27,14	1447,34
2017	15.07.2025 20:27:36	0,17	7,93	32,27	27,14	1447,35
2018	15.07.2025 20:27:37	0,17	7,96	32,27	27,14	1447,35
2019	15.07.2025 20:27:38	0,21	7,98	32,23	27,14	1447,48
2020	15.07.2025 20:27:39	0,21	8,02	32,26	27,17	1447,54
2021	15.07.2025 20:27:40	0,21	8,04	32,26	27,17	1447,54
2022	15.07.2025 20:27:41	0,21	8,05	32,23	27,14	1447,50
2023	15.07.2025 20:27:42	0,21	8,07	32,19	27,11	1447,45
2024	15.07.2025 20:27:43	0,21	8,11	32,19	27,11	1447,46
2025	15.07.2025 20:27:44	0,21	8,16	32,16	27,09	1447,42
2026	15.07.2025 20:27:45	0,21	8,16	32,16	27,09	1447,42
2027	15.07.2025 20:27:46	0,21	8,19	32,19	27,11	1447,47
2028	15.07.2025 20:27:47	0,17	8,23	32,20	27,09	1447,30
2029	15.07.2025 20:27:48	0,21	8,25	32,16	27,09	1447,43
2030	15.07.2025 20:27:49	0,17	8,26	32,16	27,06	1447,26
2031	15.07.2025 20:27:50	0,17	8,28	32,13	27,03	1447,21
2032	15.07.2025 20:27:51	0,17	8,30	32,09	27,01	1447,17
2033	15.07.2025 20:27:52	0,17	8,33	32,13	27,03	1447,22
2034	15.07.2025 20:27:53	0,17	8,37	32,16	27,06	1447,27
2035	15.07.2025 20:27:54	0,17	8,38	32,16	27,06	1447,28
2036	15.07.2025 20:27:55	0,17	8,40	32,34	27,19	1447,51
2037	15.07.2025 20:27:56	0,17	8,44	32,41	27,25	1447,61
2038	15.07.2025 20:27:57	0,21	8,44	32,36	27,25	1447,74
2039	15.07.2025 20:27:58	0,21	8,46	32,40	27,28	1447,79
2040	15.07.2025 20:27:59	0,25	8,49	32,36	27,28	1447,93
2041	15.07.2025 20:28:00	0,28	8,51	32,35	27,30	1448,10
2042	15.07.2025 20:28:01	0,28	8,53	32,39	27,33	1448,15
2043	15.07.2025 20:28:02	0,28	8,55	32,32	27,28	1448,06
2044	15.07.2025 20:28:03	0,28	8,58	32,32	27,28	1448,07
2045	15.07.2025 20:28:04	0,28	8,60	32,35	27,30	1448,12
2046	15.07.2025 20:28:05	0,32	8,60	32,31	27,30	1448,25
2047	15.07.2025 20:28:06	0,32	8,64	32,31	27,30	1448,25
2048	15.07.2025 20:28:07	0,32	8,67	32,31	27,30	1448,26
2049	15.07.2025 20:28:08	0,32	8,69	32,31	27,30	1448,26
2050	15.07.2025 20:28:09	0,32	8,71	32,31	27,30	1448,26
2051	15.07.2025 20:28:10	0,32	8,73	32,31	27,30	1448,27
2052	15.07.2025 20:28:11	0,32	8,76	32,31	27,30	1448,27
2053	15.07.2025 20:28:12	0,32	8,78	32,31	27,30	1448,27
2054	15.07.2025 20:28:13	0,32	8,81	32,27	27,28	1448,23
2055	15.07.2025 20:28:14	0,32	8,83	32,27	27,28	1448,23
2056	15.07.2025 20:28:15	0,32	8,85	32,24	27,25	1448,19
2057	15.07.2025 20:28:16	0,32	8,88	32,24	27,25	1448,20
2058	15.07.2025 20:28:17	0,32	8,90	32,27	27,28	1448,25
2059	15.07.2025 20:28:18	0,32	8,94	32,31	27,30	1448,30
2060	15.07.2025 20:28:19	0,32	8,95	32,31	27,30	1448,30
2061	15.07.2025 20:28:20	0,32	8,97	32,34	27,33	1448,35
2062	15.07.2025 20:28:21	0,32	8,99	32,34	27,33	1448,35
2063	15.07.2025 20:28:22	0,32	9,02	32,41	27,38	1448,45
2064	15.07.2025 20:28:23	0,32	9,04	32,45	27,41	1448,50
2065	15.07.2025 20:28:24	0,36	9,08	32,37	27,39	1448,59
2066	15.07.2025 20:28:25	0,36	9,10	32,37	27,39	1448,59
2067	15.07.2025 20:28:26	0,36	9,11	32,34	27,36	1448,55
2068	15.07.2025 20:28:27	0,36	9,17	32,34	27,36	1448,55
2069	15.07.2025 20:28:28	0,36	9,18	32,34	27,36	1448,56
2070	15.07.2025 20:28:29	0,36	9,20	32,34	27,36	1448,56
2071	15.07.2025 20:28:30	0,36	9,22	32,34	27,36	1448,56
2072	15.07.2025 20:28:31	0,36	9,25	32,34	27,36	1448,57
2073	15.07.2025 20:28:32	0,36	9,29	32,34	27,36	1448,57
2074	15.07.2025 20:28:33	0,36	9,32	32,37	27,39	1448,63
2075	15.07.2025 20:28:34	0,36	9,34	32,37	27,39	1448,63
2076	15.07.2025 20:28:35	0,36	9,36	32,41	27,41	1448,68
2077	15.07.2025 20:28:36	0,40	9,40	32,40	27,44	1448,86
2078	15.07.2025 20:28:37	0,40	9,43	32,43	27,47	1448,91
2079	15.07.2025 20:28:38	0,40	9,47	32,43	27,47	1448,91
2080	15.07.2025 20:28:39	0,40	9,48	32,43	27,47	1448,92
2081	15.07.2025 20:28:40	0,44	9,52	32,39	27,47	1449,05
2082	15.07.2025 20:28:41	0,44	9,54	32,39	27,47	1449,05
2083	15.07.2025 20:28:42	0,44	9,56	32,46	27,52	1449,15
2084	15.07.2025 20:28:43	0,44	9,57	32,50	27,55	1449,20
2085	15.07.2025 20:28:44	0,44	9,59	32,53	27,57	1449,25
2086	15.07.2025 20:28:45	0,48	9,63	32,52	27,60	1449,43
2087	15.07.2025 20:28:46	0,48	9,65	32,56	27,63	1449,48
2088	15.07.2025 20:28:47	0,52	9,67	32,59	27,68	1449,70
2089	15.07.2025 20:28:48	0,52	9,68	32,69	27,76	1449,84
2090	15.07.2025 20:28:49	0,56	9,72	32,72	27,82	1450,06
2091	15.07.2025 20:28:50	0,60	9,74	32,75	27,87	1450,28
2092	15.07.2025 20:28:51	0,60	9,76	32,82	27,93	1450,38
2093	15.07.2025 20:28:52	0,64	9,78	32,88	28,01	1450,65
2094	15.07.2025 20:28:53	0,68	9,80	32,91	28,06	1450,87
2095	15.07.2025 20:28:54	0,72	9,82	32,87	28,06	1450,99
2096	15.07.2025 20:28:55	0,76	9,84	32,86	28,09	1451,17
2097	15.07.2025 20:28:56	0,80	9,86	32,89	28,14	1451,39
2098	15.07.2025 20:28:57	0,80	9,89	32,92	28,17	1451,44
2099	15.07.2025 20:28:58	0,84	9,91	32,92	28,20	1451,61
2100	15.07.2025 20:28:59	0,88	9,93	32,88	28,20	1451,74
2101	15.07.2025 20:29:00	0,88	9,97	32,95	28,25	1451,83
2102	15.07.2025 20:29:01	0,92	9,99	32,90	28,25	1451,96
2103	15.07.2025 20:29:02	0,96	10,02	32,86	28,25	1452,09
2104	15.07.2025 20:29:03	0,96	10,04	32,86	28,25	1452,09
2105	15.07.2025 20:29:04	1,00	10,06	32,82	28,25	1452,22
2106	15.07.2025 20:29:05	1,00	10,09	32,82	28,25	1452,22
2107	15.07.2025 20:29:06	1,00	10,09	32,86	28,28	1452,27
2108	15.07.2025 20:29:07	1,04	10,13	32,82	28,28	1452,40
2109	15.07.2025 20:29:08	1,04	10,15	32,82	28,28	1452,40
2110	15.07.2025 20:29:09	1,04	10,18	32,89	28,34	1452,50
2111	15.07.2025 20:29:10	1,07	10,22	32,85	28,34	1452,63
2112	15.07.2025 20:29:11	1,07	10,24	32,88	28,36	1452,67
2113	15.07.2025 20:29:12	1,11	10,26	32,94	28,44	1452,94
2114	15.07.2025 20:29:13	1,11	10,29	33,01	28,50	1453,03
2115	15.07.2025 20:29:14	1,15	10,31	33,04	28,55	1453,25
2116	15.07.2025 20:29:15	1,19	10,33	33,13	28,66	1453,55
2117	15.07.2025 20:29:16	1,23	10,37	33,09	28,66	1453,68
2118	15.07.2025 20:29:17	1,27	10,39	33,12	28,71	1453,89
2119	15.07.2025 20:29:18	1,31	10,41	33,15	28,77	1454,11
2120	15.07.2025 20:29:19	1,35	10,45	33,18	28,82	1454,32
2121	15.07.2025 20:29:20	1,35	10,46	33,21	28,85	1454,37
2122	15.07.2025 20:29:21	1,39	10,50	33,20	28,88	1454,54
2123	15.07.2025 20:29:22	1,42	10,52	33,23	28,93	1454,76
2124	15.07.2025 20:29:23	1,46	10,54	33,26	28,99	1454,97
2125	15.07.2025 20:29:24	1,50	10,58	33,22	28,99	1455,09
2126	15.07.2025 20:29:25	1,54	10,62	33,21	29,01	1455,26
2127	15.07.2025 20:29:26	1,54	10,62	33,25	29,04	1455,31
2128	15.07.2025 20:29:27	1,58	10,65	33,21	29,04	1455,43
2129	15.07.2025 20:29:28	1,62	10,69	33,20	29,07	1455,60
2130	15.07.2025 20:29:29	1,62	10,71	33,20	29,07	1455,61
2131	15.07.2025 20:29:30	1,66	10,74	33,19	29,10	1455,78
2132	15.07.2025 20:29:31	1,70	10,75	33,15	29,10	1455,89
2133	15.07.2025 20:29:32	1,70	10,78	33,15	29,10	1455,90
2134	15.07.2025 20:29:33	1,73	10,82	33,15	29,13	1456,07
2135	15.07.2025 20:29:34	1,73	10,84	33,18	29,15	1456,12
2136	15.07.2025 20:29:35	1,77	10,86	33,14	29,15	1456,24
2137	15.07.2025 20:29:36	1,77	10,89	33,14	29,15	1456,24
2138	15.07.2025 20:29:37	1,77	10,93	33,14	29,15	1456,25
2139	15.07.2025 20:29:38	1,81	10,96	33,14	29,18	1456,42
2140	15.07.2025 20:29:39	1,81	10,98	33,14	29,18	1456,42
2141	15.07.2025 20:29:40	1,85	11,00	33,10	29,18	1456,54
2142	15.07.2025 20:29:41	1,85	11,02	33,20	29,26	1456,67
2143	15.07.2025 20:29:42	1,89	11,05	33,16	29,26	1456,80
2144	15.07.2025 20:29:43	1,89	11,09	33,19	29,29	1456,85
2145	15.07.2025 20:29:44	1,93	11,11	33,19	29,32	1457,01
2146	15.07.2025 20:29:45	1,93	11,13	33,19	29,32	1457,01
2147	15.07.2025 20:29:46	1,96	11,16	33,15	29,32	1457,14
2148	15.07.2025 20:29:47	1,96	11,18	33,15	29,32	1457,14
2149	15.07.2025 20:29:48	1,96	11,22	33,15	29,32	1457,15
2150	15.07.2025 20:29:49	1,96	11,23	33,15	29,32	1457,15
2151	15.07.2025 20:29:50	2,00	11,27	33,11	29,32	1457,27
2152	15.07.2025 20:29:51	2,00	11,31	33,14	29,35	1457,32
2153	15.07.2025 20:29:52	2,00	11,32	33,14	29,35	1457,32
2154	15.07.2025 20:29:53	2,04	11,36	33,13	29,37	1457,49
2155	15.07.2025 20:29:54	2,04	11,38	33,17	29,40	1457,54
2156	15.07.2025 20:29:55	2,04	11,41	33,20	29,43	1457,59
2157	15.07.2025 20:29:56	2,08	11,43	33,19	29,45	1457,75
2158	15.07.2025 20:29:57	2,08	11,45	33,23	29,48	1457,80
2159	15.07.2025 20:29:58	2,12	11,49	33,22	29,51	1457,96
2160	15.07.2025 20:29:59	2,12	11,50	33,22	29,51	1457,96
2161	15.07.2025 20:30:00	2,15	11,52	33,22	29,54	1458,13
2162	15.07.2025 20:30:01	2,19	11,56	33,18	29,54	1458,25
2163	15.07.2025 20:30:02	2,19	11,56	33,14	29,51	1458,21
2164	15.07.2025 20:30:03	2,19	11,60	33,18	29,54	1458,25
2165	15.07.2025 20:30:04	2,23	11,63	33,14	29,54	1458,38
2166	15.07.2025 20:30:05	2,23	11,67	33,17	29,56	1458,42
2167	15.07.2025 20:30:06	2,23	11,70	33,27	29,64	1458,56
2168	15.07.2025 20:30:07	2,27	11,72	33,26	29,67	1458,72
2169	15.07.2025 20:30:08	2,31	11,74	33,26	29,70	1458,88
2170	15.07.2025 20:30:09	2,31	11,76	33,29	29,73	1458,93
2171	15.07.2025 20:30:10	2,34	11,80	33,25	29,73	1459,05
2172	15.07.2025 20:30:11	2,34	11,81	33,29	29,75	1459,10
2173	15.07.2025 20:30:12	2,38	11,85	33,25	29,75	1459,22
2174	15.07.2025 20:30:13	2,42	11,87	33,24	29,78	1459,38
2175	15.07.2025 20:30:14	2,42	11,91	33,27	29,81	1459,43
2176	15.07.2025 20:30:15	2,46	11,93	33,27	29,84	1459,59
2177	15.07.2025 20:30:16	2,46	11,94	33,27	29,84	1459,59
2178	15.07.2025 20:30:17	2,50	11,96	33,26	29,86	1459,75
2179	15.07.2025 20:30:18	2,50	12,00	33,26	29,86	1459,76
2180	15.07.2025 20:30:19	2,53	12,03	33,26	29,89	1459,92
2181	15.07.2025 20:30:20	2,53	12,05	33,29	29,92	1459,97
2182	15.07.2025 20:30:21	2,53	12,09	33,29	29,92	1459,97
2183	15.07.2025 20:30:22	2,57	12,11	33,28	29,95	1460,13
2184	15.07.2025 20:30:23	2,57	12,12	33,28	29,95	1460,13
2185	15.07.2025 20:30:24	2,57	12,16	33,32	29,97	1460,18
2186	15.07.2025 20:30:25	2,61	12,18	33,34	30,03	1460,38
2187	15.07.2025 20:30:26	2,65	12,22	33,34	30,05	1460,55
2188	15.07.2025 20:30:27	2,65	12,23	33,34	30,05	1460,55
2189	15.07.2025 20:30:28	2,68	12,25	33,37	30,11	1460,75
2190	15.07.2025 20:30:29	2,68	12,27	33,37	30,11	1460,75
2191	15.07.2025 20:30:30	2,72	12,29	33,36	30,14	1460,91
2192	15.07.2025 20:30:31	2,72	12,32	33,36	30,14	1460,92
2193	15.07.2025 20:30:32	2,76	12,34	33,32	30,14	1461,03
2194	15.07.2025 20:30:33	2,76	12,38	33,35	30,16	1461,08
2195	15.07.2025 20:30:34	2,76	12,40	33,35	30,16	1461,08
2196	15.07.2025 20:30:35	2,80	12,43	33,32	30,16	1461,20
2197	15.07.2025 20:30:36	2,80	12,45	33,32	30,16	1461,21
2198	15.07.2025 20:30:37	2,80	12,49	33,35	30,19	1461,25
2199	15.07.2025 20:30:38	2,84	12,51	33,34	30,22	1461,41
2200	15.07.2025 20:30:39	2,84	12,52	33,38	30,25	1461,46
2201	15.07.2025 20:30:40	2,87	12,53	33,37	30,27	1461,61
2202	15.07.2025 20:30:41	2,87	12,56	33,37	30,27	1461,62
2203	15.07.2025 20:30:42	2,91	12,56	33,33	30,27	1461,73
2204	15.07.2025 20:30:43	2,91	12,60	33,33	30,27	1461,74
2205	15.07.2025 20:30:44	2,95	12,62	33,33	30,30	1461,89
2206	15.07.2025 20:30:45	2,95	12,63	33,33	30,30	1461,90
2207	15.07.2025 20:30:46	2,95	12,65	33,33	30,30	1461,90
2208	15.07.2025 20:30:47	2,98	12,67	33,35	30,36	1462,10
2209	15.07.2025 20:30:48	2,98	12,69	33,35	30,36	1462,10
2210	15.07.2025 20:30:49	2,98	12,71	33,35	30,36	1462,10
2211	15.07.2025 20:30:50	3,02	12,73	33,35	30,38	1462,26
2212	15.07.2025 20:30:51	3,02	12,74	33,35	30,38	1462,26
2213	15.07.2025 20:30:52	3,02	12,76	33,38	30,41	1462,31
2214	15.07.2025 20:30:53	3,06	12,80	33,34	30,41	1462,42
2215	15.07.2025 20:30:54	3,06	12,80	33,34	30,41	1462,42
2216	15.07.2025 20:30:55	3,10	12,82	33,34	30,44	1462,58
2217	15.07.2025 20:30:56	3,10	12,85	33,37	30,46	1462,63
2218	15.07.2025 20:30:57	3,10	12,85	33,40	30,49	1462,67
2219	15.07.2025 20:30:58	3,13	12,89	33,36	30,49	1462,79
2220	15.07.2025 20:30:59	3,13	12,89	33,40	30,52	1462,83
2221	15.07.2025 20:31:00	3,13	12,92	33,40	30,52	1462,83
2222	15.07.2025 20:31:01	3,17	12,94	33,36	30,52	1462,95
2223	15.07.2025 20:31:02	3,17	12,94	33,39	30,55	1462,99
2224	15.07.2025 20:31:03	3,17	12,98	33,42	30,57	1463,04
2225	15.07.2025 20:31:04	3,21	13,00	33,42	30,60	1463,19
2226	15.07.2025 20:31:05	3,21	13,02	33,42	30,60	1463,20
2227	15.07.2025 20:31:06	3,25	13,03	33,41	30,63	1463,35
2228	15.07.2025 20:31:07	3,25	13,05	33,45	30,66	1463,40
2229	15.07.2025 20:31:08	3,28	13,05	33,44	30,68	1463,55
2230	15.07.2025 20:31:09	3,28	13,09	33,44	30,68	1463,55
2231	15.07.2025 20:31:10	3,32	13,11	33,44	30,71	1463,71
2232	15.07.2025 20:31:11	3,32	13,13	33,43	30,71	1463,71
2233	15.07.2025 20:31:12	3,36	13,15	33,43	30,74	1463,87
2234	15.07.2025 20:31:13	3,36	13,16	33,43	30,74	1463,87
2235	15.07.2025 20:31:14	3,36	13,18	33,49	30,79	1463,95
2236	15.07.2025 20:31:15	3,39	13,20	33,46	30,79	1464,07
2237	15.07.2025 20:31:16	3,39	13,22	33,49	30,82	1464,11
2238	15.07.2025 20:31:17	3,43	13,24	33,48	30,85	1464,26
2239	15.07.2025 20:31:18	3,43	13,25	33,52	30,87	1464,31
2240	15.07.2025 20:31:19	3,47	13,27	33,48	30,87	1464,42
2241	15.07.2025 20:31:20	3,47	13,31	33,51	30,90	1464,47
2242	15.07.2025 20:31:21	3,50	13,33	33,50	30,93	1464,62
2243	15.07.2025 20:31:22	3,50	13,35	33,57	30,98	1464,71
2244	15.07.2025 20:31:23	3,54	13,35	33,56	31,01	1464,86
2245	15.07.2025 20:31:24	3,54	13,37	33,56	31,01	1464,86
2246	15.07.2025 20:31:25	3,58	13,40	33,56	31,04	1465,02
2247	15.07.2025 20:31:26	3,58	13,42	33,59	31,06	1465,06
2248	15.07.2025 20:31:27	3,62	13,42	33,55	31,06	1465,17
2249	15.07.2025 20:31:28	3,62	13,44	33,59	31,09	1465,21
2250	15.07.2025 20:31:29	3,65	13,46	33,58	31,12	1465,37
2251	15.07.2025 20:31:30	3,65	13,49	33,61	31,15	1465,41
2252	15.07.2025 20:31:31	3,69	13,51	33,57	31,15	1465,52
2253	15.07.2025 20:31:32	3,69	13,53	33,61	31,17	1465,57
2254	15.07.2025 20:31:33	3,73	13,55	33,60	31,20	1465,72
2255	15.07.2025 20:31:34	3,73	13,57	33,60	31,20	1465,72
2256	15.07.2025 20:31:35	3,73	13,59	33,57	31,17	1465,68
2257	15.07.2025 20:31:36	3,76	13,62	33,56	31,20	1465,84
2258	15.07.2025 20:31:37	3,76	13,64	33,56	31,20	1465,84
2259	15.07.2025 20:31:38	3,76	13,66	33,60	31,23	1465,88
2260	15.07.2025 20:31:39	3,76	13,67	33,56	31,20	1465,85
2261	15.07.2025 20:31:40	3,80	13,68	33,56	31,23	1465,99
2262	15.07.2025 20:31:41	3,80	13,69	33,56	31,23	1466,00
2263	15.07.2025 20:31:42	3,80	13,71	33,56	31,23	1466,00
2264	15.07.2025 20:31:43	3,84	13,71	33,55	31,26	1466,15
2265	15.07.2025 20:31:44	3,84	13,75	33,55	31,26	1466,15
2266	15.07.2025 20:31:45	3,84	13,77	33,55	31,26	1466,16
2267	15.07.2025 20:31:46	3,84	13,78	33,55	31,26	1466,16
2268	15.07.2025 20:31:47	3,87	13,80	33,52	31,26	1466,27
2269	15.07.2025 20:31:48	3,87	13,82	33,55	31,28	1466,31
2270	15.07.2025 20:31:49	3,87	13,84	33,55	31,28	1466,32
2271	15.07.2025 20:31:50	3,91	13,86	33,51	31,29	1466,43
2272	15.07.2025 20:31:51	3,91	13,87	33,54	31,31	1466,47
2273	15.07.2025 20:31:52	3,91	13,89	33,54	31,31	1466,47
2274	15.07.2025 20:31:53	3,91	13,91	33,54	31,31	1466,47
2275	15.07.2025 20:31:54	3,95	13,93	33,51	31,31	1466,58
2276	15.07.2025 20:31:55	3,95	13,95	33,54	31,34	1466,63
2277	15.07.2025 20:31:56	3,95	13,96	33,54	31,34	1466,63
2278	15.07.2025 20:31:57	3,95	14,00	33,54	31,34	1466,64
2279	15.07.2025 20:31:58	3,98	14,00	33,50	31,34	1466,74
2280	15.07.2025 20:31:59	3,98	14,04	33,50	31,34	1466,75
2281	15.07.2025 20:32:00	3,98	14,05	33,53	31,37	1466,79
2282	15.07.2025 20:32:01	3,98	14,07	33,53	31,37	1466,79
2283	15.07.2025 20:32:02	4,02	14,09	33,53	31,39	1466,94
2284	15.07.2025 20:32:03	4,02	14,11	33,56	31,42	1466,99
2285	15.07.2025 20:32:04	4,02	14,13	33,59	31,45	1467,03
2286	15.07.2025 20:32:05	4,06	14,14	33,59	31,48	1467,18
2287	15.07.2025 20:32:06	4,06	14,16	33,62	31,50	1467,23
2288	15.07.2025 20:32:07	4,09	14,20	33,61	31,53	1467,38
2289	15.07.2025 20:32:08	4,09	14,20	33,61	31,53	1467,38
2290	15.07.2025 20:32:09	4,09	14,23	33,64	31,56	1467,42
2291	15.07.2025 20:32:10	4,13	14,24	33,61	31,56	1467,53
2292	15.07.2025 20:32:11	4,13	14,25	33,61	31,56	1467,53
2293	15.07.2025 20:32:12	4,13	14,29	33,64	31,58	1467,58
2294	15.07.2025 20:32:13	4,16	14,31	33,60	31,58	1467,69
2295	15.07.2025 20:32:14	4,16	14,33	33,63	31,61	1467,73
2296	15.07.2025 20:32:15	4,16	14,36	33,67	31,64	1467,78
2297	15.07.2025 20:32:16	4,20	14,40	33,66	31,67	1467,93
2298	15.07.2025 20:32:17	4,20	14,40	33,66	31,67	1467,93
2299	15.07.2025 20:32:18	4,24	14,42	33,66	31,69	1468,08
2300	15.07.2025 20:32:19	4,24	14,43	33,66	31,69	1468,08
2301	15.07.2025 20:32:20	4,24	14,45	33,66	31,69	1468,08
2302	15.07.2025 20:32:21	4,27	14,49	33,65	31,72	1468,23
2303	15.07.2025 20:32:22	4,27	14,49	33,68	31,75	1468,27
2304	15.07.2025 20:32:23	4,27	14,52	33,68	31,75	1468,28
2305	15.07.2025 20:32:24	4,31	14,54	33,68	31,78	1468,43
2306	15.07.2025 20:32:25	4,31	14,56	33,68	31,78	1468,43
2307	15.07.2025 20:32:26	4,31	14,60	33,68	31,78	1468,44
2308	15.07.2025 20:32:27	4,35	14,61	33,67	31,80	1468,58
2309	15.07.2025 20:32:28	4,35	14,63	33,67	31,80	1468,59
2310	15.07.2025 20:32:29	4,35	14,67	33,70	31,83	1468,63
2311	15.07.2025 20:32:30	4,38	14,67	33,70	31,86	1468,78
2312	15.07.2025 20:32:31	4,38	14,70	33,73	31,88	1468,82
2313	15.07.2025 20:32:32	4,38	14,72	33,76	31,91	1468,87
2314	15.07.2025 20:32:33	4,42	14,76	33,76	31,94	1469,01
2315	15.07.2025 20:32:34	4,42	14,76	33,76	31,94	1469,02
2316	15.07.2025 20:32:35	4,45	14,78	33,78	31,99	1469,20
2317	15.07.2025 20:32:36	4,45	14,81	33,78	31,99	1469,21
2318	15.07.2025 20:32:37	4,49	14,83	33,78	32,02	1469,35
2319	15.07.2025 20:32:38	4,49	14,87	33,84	32,07	1469,44
2320	15.07.2025 20:32:39	4,53	14,89	33,80	32,07	1469,55
2321	15.07.2025 20:32:40	4,53	14,90	33,83	32,10	1469,59
2322	15.07.2025 20:32:41	4,56	14,91	33,80	32,10	1469,69
2323	15.07.2025 20:32:42	4,56	14,94	33,80	32,10	1469,70
2324	15.07.2025 20:32:43	4,56	14,96	33,80	32,10	1469,70
2325	15.07.2025 20:32:44	4,60	14,98	33,76	32,10	1469,81
2326	15.07.2025 20:32:45	4,60	14,99	33,76	32,10	1469,81
2327	15.07.2025 20:32:46	4,60	15,01	33,76	32,10	1469,81
2328	15.07.2025 20:32:47	4,60	15,03	33,76	32,10	1469,82
2329	15.07.2025 20:32:48	4,64	15,05	33,73	32,10	1469,92
2330	15.07.2025 20:32:49	4,64	15,08	33,73	32,10	1469,93
2331	15.07.2025 20:32:50	4,64	15,10	33,73	32,10	1469,93
2332	15.07.2025 20:32:51	4,64	15,12	33,73	32,10	1469,93
2333	15.07.2025 20:32:52	4,64	15,14	33,73	32,10	1469,94
2334	15.07.2025 20:32:53	4,67	15,16	33,69	32,10	1470,04
2335	15.07.2025 20:32:54	4,67	15,19	33,69	32,10	1470,05
2336	15.07.2025 20:32:55	4,67	15,21	33,72	32,13	1470,09
2337	15.07.2025 20:32:56	4,67	15,23	33,72	32,13	1470,09
2338	15.07.2025 20:32:57	4,67	15,24	33,72	32,13	1470,09
2339	15.07.2025 20:32:58	4,67	15,26	33,75	32,16	1470,14
2340	15.07.2025 20:32:59	4,71	15,28	33,75	32,19	1470,28
2341	15.07.2025 20:33:00	4,71	15,30	33,78	32,21	1470,33
2342	15.07.2025 20:33:01	4,71	15,32	33,78	32,21	1470,33
2343	15.07.2025 20:33:02	4,74	15,35	33,74	32,21	1470,44
2344	15.07.2025 20:33:03	4,74	15,37	33,77	32,24	1470,48
2345	15.07.2025 20:33:04	4,74	15,39	33,77	32,24	1470,48
2346	15.07.2025 20:33:05	4,78	15,41	33,77	32,27	1470,63
2347	15.07.2025 20:33:06	4,78	15,44	33,77	32,27	1470,63
2348	15.07.2025 20:33:07	4,78	15,46	33,80	32,29	1470,67
2349	15.07.2025 20:33:08	4,82	15,46	33,76	32,29	1470,78
2350	15.07.2025 20:33:09	4,82	15,48	33,80	32,32	1470,82
2351	15.07.2025 20:33:10	4,82	15,51	33,79	32,32	1470,83
2352	15.07.2025 20:33:11	4,82	15,53	33,79	32,32	1470,83
2353	15.07.2025 20:33:12	4,85	15,57	33,76	32,32	1470,94
2354	15.07.2025 20:33:13	4,85	15,59	33,76	32,32	1470,94
2355	15.07.2025 20:33:14	4,85	15,60	33,76	32,32	1470,94
2356	15.07.2025 20:33:15	4,85	15,62	33,79	32,35	1470,98
2357	15.07.2025 20:33:16	4,89	15,64	33,82	32,40	1471,17
2358	15.07.2025 20:33:17	4,89	15,66	33,85	32,43	1471,21
2359	15.07.2025 20:33:18	4,89	15,67	33,85	32,43	1471,21
2360	15.07.2025 20:33:19	4,92	15,71	33,81	32,43	1471,32
2361	15.07.2025 20:33:20	4,92	15,73	33,81	32,43	1471,32
2362	15.07.2025 20:33:21	4,92	15,75	33,81	32,43	1471,33
2363	15.07.2025 20:33:22	4,92	15,76	33,78	32,40	1471,29
2364	15.07.2025 20:33:23	4,92	15,78	33,78	32,40	1471,29
2365	15.07.2025 20:33:24	4,92	15,80	33,78	32,40	1471,29
2366	15.07.2025 20:33:25	4,92	15,83	33,81	32,43	1471,34
2367	15.07.2025 20:33:26	4,92	15,85	33,81	32,43	1471,34
2368	15.07.2025 20:33:27	4,92	15,87	33,81	32,43	1471,34
2369	15.07.2025 20:33:28	4,96	15,91	33,81	32,46	1471,49
2370	15.07.2025 20:33:29	4,96	15,92	33,81	32,46	1471,49
2371	15.07.2025 20:33:30	4,96	15,94	33,81	32,46	1471,50
2372	15.07.2025 20:33:31	4,96	15,98	33,84	32,49	1471,54
2373	15.07.2025 20:33:32	4,99	16,00	33,80	32,49	1471,65
2374	15.07.2025 20:33:33	4,99	16,00	33,83	32,51	1471,69
2375	15.07.2025 20:33:34	4,99	16,03	33,83	32,51	1471,69
2376	15.07.2025 20:33:35	4,99	16,05	33,83	32,51	1471,69
2377	15.07.2025 20:33:36	5,03	16,08	33,80	32,51	1471,80
2378	15.07.2025 20:33:37	5,03	16,10	33,83	32,54	1471,84
2379	15.07.2025 20:33:38	5,03	16,12	33,83	32,54	1471,85
2380	15.07.2025 20:33:39	5,03	16,14	33,86	32,57	1471,89
2381	15.07.2025 20:33:40	5,07	16,17	33,82	32,57	1471,99
2382	15.07.2025 20:33:41	5,07	16,17	33,82	32,57	1471,99
2383	15.07.2025 20:33:42	5,07	16,21	33,85	32,59	1472,04
2384	15.07.2025 20:33:43	5,07	16,24	33,85	32,59	1472,04
2385	15.07.2025 20:33:44	5,07	16,26	33,85	32,59	1472,05
2386	15.07.2025 20:33:45	5,10	16,26	33,85	32,62	1472,19
2387	15.07.2025 20:33:46	5,10	16,28	33,85	32,62	1472,19
2388	15.07.2025 20:33:47	5,10	16,32	33,85	32,62	1472,20
2389	15.07.2025 20:33:48	5,10	16,33	33,85	32,62	1472,20
2390	15.07.2025 20:33:49	5,10	16,35	33,85	32,62	1472,20
2391	15.07.2025 20:33:50	5,14	16,37	33,81	32,62	1472,30
2392	15.07.2025 20:33:51	5,14	16,40	33,81	32,62	1472,31
2393	15.07.2025 20:33:52	5,14	16,40	33,84	32,65	1472,35
2394	15.07.2025 20:33:53	5,14	16,42	33,84	32,65	1472,35
2395	15.07.2025 20:33:54	5,14	16,44	33,84	32,65	1472,35
2396	15.07.2025 20:33:55	5,14	16,46	33,84	32,65	1472,36
2397	15.07.2025 20:33:56	5,17	16,48	33,84	32,68	1472,50
2398	15.07.2025 20:33:57	5,17	16,51	33,84	32,68	1472,51
2399	15.07.2025 20:33:58	5,17	16,53	33,87	32,70	1472,55
2400	15.07.2025 20:33:59	5,17	16,53	33,87	32,70	1472,55
2401	15.07.2025 20:34:00	5,17	16,56	33,87	32,70	1472,55
2402	15.07.2025 20:34:01	5,21	16,58	33,83	32,70	1472,66
2403	15.07.2025 20:34:02	5,21	16,60	33,83	32,71	1472,66
2404	15.07.2025 20:34:03	5,21	16,62	33,86	32,73	1472,70
2405	15.07.2025 20:34:04	5,21	16,65	33,86	32,73	1472,71
2406	15.07.2025 20:34:05	5,21	16,67	33,86	32,73	1472,71
2407	15.07.2025 20:34:06	5,24	16,69	33,86	32,76	1472,85
2408	15.07.2025 20:34:07	5,24	16,71	33,86	32,76	1472,85
2409	15.07.2025 20:34:08	5,24	16,73	33,89	32,79	1472,90
2410	15.07.2025 20:34:09	5,24	16,74	33,89	32,79	1472,90
2411	15.07.2025 20:34:10	5,28	16,76	33,85	32,79	1473,00
2412	15.07.2025 20:34:11	5,28	16,80	33,88	32,81	1473,05
2413	15.07.2025 20:34:12	5,28	16,81	33,88	32,81	1473,05
2414	15.07.2025 20:34:13	5,28	16,81	33,88	32,81	1473,05
2415	15.07.2025 20:34:14	5,28	16,83	33,92	32,84	1473,09
2416	15.07.2025 20:34:15	5,31	16,89	33,88	32,84	1473,20
2417	15.07.2025 20:34:16	5,31	16,89	33,88	32,84	1473,20
2418	15.07.2025 20:34:17	5,31	16,90	33,91	32,87	1473,24
2419	15.07.2025 20:34:18	5,31	16,92	33,94	32,89	1473,28
2420	15.07.2025 20:34:19	5,35	16,94	33,91	32,90	1473,38
2421	15.07.2025 20:34:20	5,35	16,96	33,94	32,92	1473,43
2422	15.07.2025 20:34:21	5,35	16,99	33,94	32,92	1473,43
2423	15.07.2025 20:34:22	5,35	17,01	33,94	32,92	1473,43
2424	15.07.2025 20:34:23	5,39	17,01	33,93	32,95	1473,57
2425	15.07.2025 20:34:24	5,39	17,05	33,96	32,98	1473,62
2426	15.07.2025 20:34:25	5,39	17,07	33,99	33,00	1473,66
2427	15.07.2025 20:34:26	5,42	17,08	33,96	33,00	1473,76
2428	15.07.2025 20:34:27	5,42	17,12	33,99	33,03	1473,81
2429	15.07.2025 20:34:28	5,42	17,12	33,99	33,03	1473,81
2430	15.07.2025 20:34:29	5,46	17,16	33,98	33,06	1473,95
2431	15.07.2025 20:34:30	5,46	17,17	33,98	33,06	1473,95
2432	15.07.2025 20:34:31	5,46	17,19	34,01	33,08	1473,99
2433	15.07.2025 20:34:32	5,46	17,21	34,01	33,08	1474,00
2434	15.07.2025 20:34:33	5,49	17,23	33,98	33,09	1474,10
2435	15.07.2025 20:34:34	5,49	17,26	34,01	33,11	1474,14
2436	15.07.2025 20:34:35	5,49	17,28	34,01	33,11	1474,15
2437	15.07.2025 20:34:36	5,49	17,30	34,01	33,11	1474,15
2438	15.07.2025 20:34:37	5,49	17,33	34,04	33,14	1474,19
2439	15.07.2025 20:34:38	5,53	17,33	34,00	33,14	1474,29
2440	15.07.2025 20:34:39	5,53	17,37	34,00	33,14	1474,30
2441	15.07.2025 20:34:40	5,53	17,39	33,97	33,11	1474,26
2442	15.07.2025 20:34:41	5,53	17,40	33,97	33,11	1474,26
2443	15.07.2025 20:34:42	5,53	17,44	33,97	33,11	1474,27
2444	15.07.2025 20:34:43	5,53	17,44	33,97	33,11	1474,27
2445	15.07.2025 20:34:44	5,56	17,46	33,97	33,14	1474,41
2446	15.07.2025 20:34:45	5,56	17,49	33,97	33,14	1474,41
2447	15.07.2025 20:34:46	5,56	17,49	33,97	33,14	1474,41
2448	15.07.2025 20:34:47	5,56	17,53	33,97	33,14	1474,42
2449	15.07.2025 20:34:48	5,56	17,55	33,97	33,14	1474,42
2450	15.07.2025 20:34:49	5,56	17,56	34,00	33,17	1474,46
2451	15.07.2025 20:34:50	5,56	17,58	34,00	33,17	1474,47
2452	15.07.2025 20:34:51	5,60	17,62	33,96	33,17	1474,57
2453	15.07.2025 20:34:52	5,60	17,62	33,99	33,20	1474,61
2454	15.07.2025 20:34:53	5,60	17,65	33,99	33,20	1474,62
2455	15.07.2025 20:34:54	5,60	17,67	33,99	33,20	1474,62
2456	15.07.2025 20:34:55	5,60	17,69	33,99	33,20	1474,62
2457	15.07.2025 20:34:56	5,60	17,71	33,99	33,20	1474,62
2458	15.07.2025 20:34:57	5,63	17,74	33,99	33,22	1474,77
2459	15.07.2025 20:34:58	5,63	17,74	33,99	33,22	1474,77
2460	15.07.2025 20:34:59	5,63	17,74	33,99	33,22	1474,77
2461	15.07.2025 20:35:00	5,63	17,78	33,99	33,22	1474,77
2462	15.07.2025 20:35:01	5,63	17,78	33,99	33,22	1474,77
2463	15.07.2025 20:35:02	5,63	17,81	34,02	33,25	1474,82
2464	15.07.2025 20:35:03	5,67	17,83	33,98	33,25	1474,92
2465	15.07.2025 20:35:04	5,67	17,85	33,98	33,25	1474,92
2466	15.07.2025 20:35:05	5,67	17,87	33,98	33,25	1474,92
2467	15.07.2025 20:35:06	5,67	17,88	33,98	33,25	1474,92
2468	15.07.2025 20:35:07	5,67	17,90	34,01	33,28	1474,97
2469	15.07.2025 20:35:08	5,67	17,92	34,01	33,28	1474,97
2470	15.07.2025 20:35:09	5,70	17,94	33,98	33,28	1475,07
2471	15.07.2025 20:35:10	5,70	17,96	33,98	33,28	1475,07
2472	15.07.2025 20:35:11	5,70	17,99	34,01	33,30	1475,12
2473	15.07.2025 20:35:12	5,70	18,01	34,04	33,33	1475,16
2474	15.07.2025 20:35:13	5,70	18,03	34,04	33,33	1475,16
2475	15.07.2025 20:35:14	5,70	18,04	34,04	33,33	1475,16
2476	15.07.2025 20:35:15	5,74	18,06	34,00	33,33	1475,26
2477	15.07.2025 20:35:16	5,74	18,06	34,01	33,33	1475,26
2478	15.07.2025 20:35:17	5,74	18,10	34,01	33,33	1475,27
2479	15.07.2025 20:35:18	5,74	18,12	34,01	33,33	1475,27
2480	15.07.2025 20:35:19	5,74	18,13	34,04	33,36	1475,31
2481	15.07.2025 20:35:20	5,74	18,15	34,04	33,36	1475,32
2482	15.07.2025 20:35:21	5,77	18,17	34,00	33,36	1475,42
2483	15.07.2025 20:35:22	5,77	18,20	34,00	33,36	1475,42
2484	15.07.2025 20:35:23	5,77	18,20	34,00	33,36	1475,42
2485	15.07.2025 20:35:24	5,77	18,22	34,00	33,36	1475,42
2486	15.07.2025 20:35:25	5,77	18,26	34,00	33,36	1475,43
2487	15.07.2025 20:35:26	5,77	18,27	34,03	33,39	1475,47
2488	15.07.2025 20:35:27	5,77	18,29	34,03	33,39	1475,47
2489	15.07.2025 20:35:28	5,77	18,29	34,03	33,39	1475,47
2490	15.07.2025 20:35:29	5,81	18,33	34,00	33,39	1475,58
2491	15.07.2025 20:35:30	5,81	18,35	34,00	33,39	1475,58
2492	15.07.2025 20:35:31	5,81	18,36	34,00	33,39	1475,58
2493	15.07.2025 20:35:32	5,81	18,40	34,00	33,39	1475,59
2494	15.07.2025 20:35:33	5,81	18,40	34,00	33,39	1475,59
2495	15.07.2025 20:35:34	5,81	18,42	34,03	33,41	1475,63
2496	15.07.2025 20:35:35	5,81	18,43	34,03	33,41	1475,63
2497	15.07.2025 20:35:36	5,81	18,45	34,03	33,41	1475,63
2498	15.07.2025 20:35:37	5,81	18,49	34,02	33,41	1475,64
2499	15.07.2025 20:35:38	5,84	18,49	34,02	33,44	1475,78
2500	15.07.2025 20:35:39	5,84	18,52	34,02	33,44	1475,78
2501	15.07.2025 20:35:40	5,84	18,54	34,02	33,44	1475,78
2502	15.07.2025 20:35:41	5,84	18,56	34,05	33,47	1475,82
2503	15.07.2025 20:35:42	5,84	18,59	34,05	33,47	1475,83
2504	15.07.2025 20:35:43	5,84	18,59	34,05	33,47	1475,83
2505	15.07.2025 20:35:44	5,88	18,61	34,02	33,47	1475,93
2506	15.07.2025 20:35:45	5,88	18,65	34,05	33,50	1475,97
2507	15.07.2025 20:35:46	5,88	18,67	34,08	33,52	1476,02
2508	15.07.2025 20:35:47	5,88	18,70	34,08	33,52	1476,02
2509	15.07.2025 20:35:48	5,88	18,70	34,08	33,52	1476,02
2510	15.07.2025 20:35:49	5,91	18,74	34,04	33,52	1476,12
2511	15.07.2025 20:35:50	5,91	18,74	34,04	33,52	1476,12
2512	15.07.2025 20:35:51	5,91	18,77	34,04	33,52	1476,13
2513	15.07.2025 20:35:52	5,91	18,77	34,07	33,55	1476,17
2514	15.07.2025 20:35:53	5,91	18,81	34,07	33,55	1476,17
2515	15.07.2025 20:35:54	5,91	18,82	34,07	33,55	1476,18
2516	15.07.2025 20:35:55	5,91	18,84	34,07	33,55	1476,18
2517	15.07.2025 20:35:56	5,95	18,86	34,04	33,55	1476,28
2518	15.07.2025 20:35:57	5,95	18,90	34,04	33,55	1476,28
2519	15.07.2025 20:35:58	5,95	18,91	34,04	33,55	1476,29
2520	15.07.2025 20:35:59	5,95	18,93	34,04	33,55	1476,29
2521	15.07.2025 20:36:00	5,95	18,95	34,04	33,55	1476,29
2522	15.07.2025 20:36:01	5,95	18,98	34,04	33,55	1476,30
2523	15.07.2025 20:36:02	5,95	18,98	34,07	33,58	1476,33
2524	15.07.2025 20:36:03	5,95	18,98	34,07	33,58	1476,33
2525	15.07.2025 20:36:04	5,95	19,00	34,04	33,55	1476,30
2526	15.07.2025 20:36:05	5,95	19,02	34,07	33,58	1476,34
2527	15.07.2025 20:36:06	5,98	19,04	34,03	33,58	1476,44
2528	15.07.2025 20:36:07	5,98	19,06	34,03	33,58	1476,44
2529	15.07.2025 20:36:08	5,98	19,07	34,03	33,58	1476,45
2530	15.07.2025 20:36:09	5,98	19,09	34,03	33,58	1476,45
2531	15.07.2025 20:36:10	5,98	19,09	34,06	33,61	1476,49
2532	15.07.2025 20:36:11	5,98	19,13	34,06	33,61	1476,49
2533	15.07.2025 20:36:12	5,98	19,14	34,06	33,61	1476,49
2534	15.07.2025 20:36:13	5,98	19,16	34,06	33,61	1476,50
2535	15.07.2025 20:36:14	5,98	19,18	34,06	33,61	1476,50
2536	15.07.2025 20:36:15	6,02	19,20	34,03	33,61	1476,60
2537	15.07.2025 20:36:16	6,02	19,20	34,03	33,61	1476,60
2538	15.07.2025 20:36:17	6,02	19,23	34,06	33,63	1476,64
2539	15.07.2025 20:36:18	6,02	19,23	34,06	33,63	1476,64
2540	15.07.2025 20:36:19	6,02	19,25	34,06	33,63	1476,65
2541	15.07.2025 20:36:20	6,02	19,27	34,06	33,63	1476,65
2542	15.07.2025 20:36:21	6,02	19,30	34,06	33,63	1476,65
2543	15.07.2025 20:36:22	6,02	19,30	34,09	33,66	1476,69
2544	15.07.2025 20:36:23	6,02	19,32	34,06	33,63	1476,66
2545	15.07.2025 20:36:24	6,02	19,34	34,09	33,66	1476,70
2546	15.07.2025 20:36:25	6,02	19,37	34,09	33,66	1476,70
2547	15.07.2025 20:36:26	6,02	19,39	34,09	33,66	1476,71
2548	15.07.2025 20:36:27	6,02	19,39	34,09	33,66	1476,71
2549	15.07.2025 20:36:28	6,05	19,43	34,08	33,69	1476,85
2550	15.07.2025 20:36:29	6,05	19,44	34,08	33,69	1476,85
2551	15.07.2025 20:36:30	6,05	19,46	34,08	33,69	1476,85
2552	15.07.2025 20:36:31	6,05	19,48	34,08	33,69	1476,85
2553	15.07.2025 20:36:32	6,05	19,50	34,08	33,69	1476,86
2554	15.07.2025 20:36:33	6,05	19,53	34,11	33,71	1476,90
2555	15.07.2025 20:36:34	6,05	19,53	34,11	33,71	1476,90
2556	15.07.2025 20:36:35	6,05	19,57	34,11	33,71	1476,91
2557	15.07.2025 20:36:36	6,05	19,58	34,11	33,71	1476,91
2558	15.07.2025 20:36:37	6,05	19,60	34,11	33,71	1476,91
2559	15.07.2025 20:36:38	6,05	19,62	34,11	33,71	1476,91
2560	15.07.2025 20:36:39	6,05	19,64	34,11	33,71	1476,92
2561	15.07.2025 20:36:40	6,09	19,64	34,08	33,72	1477,01
2562	15.07.2025 20:36:41	6,09	19,66	34,08	33,72	1477,02
2563	15.07.2025 20:36:42	6,09	19,69	34,08	33,72	1477,02
2564	15.07.2025 20:36:43	6,09	19,71	34,08	33,72	1477,02
2565	15.07.2025 20:36:44	6,09	19,73	34,08	33,72	1477,03
2566	15.07.2025 20:36:45	6,09	19,76	34,11	33,74	1477,07
2567	15.07.2025 20:36:46	6,09	19,76	34,08	33,72	1477,03
2568	15.07.2025 20:36:47	6,09	19,80	34,11	33,74	1477,08
2569	15.07.2025 20:36:48	6,09	19,81	34,11	33,74	1477,08
2570	15.07.2025 20:36:49	6,09	19,83	34,08	33,72	1477,04
2571	15.07.2025 20:36:50	6,09	19,85	34,11	33,74	1477,08
2572	15.07.2025 20:36:51	6,09	19,87	34,11	33,74	1477,09
2573	15.07.2025 20:36:52	6,09	19,88	34,10	33,74	1477,09
2574	15.07.2025 20:36:53	6,09	19,92	34,10	33,74	1477,09
2575	15.07.2025 20:36:54	6,12	19,94	34,07	33,74	1477,19
2576	15.07.2025 20:36:55	6,12	19,96	34,07	33,74	1477,20
2577	15.07.2025 20:36:56	6,12	19,97	34,10	33,77	1477,24
2578	15.07.2025 20:36:57	6,12	20,01	34,13	33,80	1477,28
2579	15.07.2025 20:36:58	6,12	20,01	34,13	33,80	1477,28
2580	15.07.2025 20:36:59	6,12	20,04	34,16	33,82	1477,32
2581	15.07.2025 20:37:00	6,12	20,06	34,19	33,85	1477,37
2582	15.07.2025 20:37:01	6,16	20,08	34,16	33,85	1477,46
2583	15.07.2025 20:37:02	6,16	20,11	34,16	33,85	1477,47
2584	15.07.2025 20:37:03	6,16	20,11	34,16	33,85	1477,47
2585	15.07.2025 20:37:04	6,16	20,13	34,16	33,85	1477,47
2586	15.07.2025 20:37:05	6,16	20,13	34,16	33,85	1477,47
2587	15.07.2025 20:37:06	6,16	20,17	34,16	33,85	1477,48
2588	15.07.2025 20:37:07	6,19	20,19	34,12	33,85	1477,58
2589	15.07.2025 20:37:08	6,19	20,22	34,12	33,85	1477,58
2590	15.07.2025 20:37:09	6,19	20,24	34,12	33,85	1477,58
2591	15.07.2025 20:37:10	6,19	20,26	34,12	33,85	1477,59
2592	15.07.2025 20:37:11	6,19	20,29	34,12	33,85	1477,59
2593	15.07.2025 20:37:12	6,19	20,29	34,12	33,85	1477,59
2594	15.07.2025 20:37:13	6,19	20,31	34,12	33,85	1477,59
2595	15.07.2025 20:37:14	6,19	20,33	34,12	33,85	1477,60
2596	15.07.2025 20:37:15	6,19	20,33	34,12	33,85	1477,60
2597	15.07.2025 20:37:16	6,19	20,33	34,15	33,88	1477,64
2598	15.07.2025 20:37:17	6,19	20,34	34,15	33,88	1477,64
2599	15.07.2025 20:37:18	6,19	20,36	34,15	33,88	1477,64
2600	15.07.2025 20:37:19	6,19	20,36	34,15	33,88	1477,64
2601	15.07.2025 20:37:20	6,19	20,38	34,15	33,88	1477,64
2602	15.07.2025 20:37:21	6,23	20,40	34,15	33,91	1477,78
2603	15.07.2025 20:37:22	6,23	20,42	34,15	33,91	1477,78
2604	15.07.2025 20:37:23	6,23	20,43	34,15	33,91	1477,79
2605	15.07.2025 20:37:24	6,23	20,43	34,15	33,91	1477,79
2606	15.07.2025 20:37:25	6,23	20,45	34,15	33,91	1477,79
2607	15.07.2025 20:37:26	6,23	20,47	34,15	33,91	1477,79
2608	15.07.2025 20:37:27	6,23	20,49	34,15	33,91	1477,79
2609	15.07.2025 20:37:28	6,23	20,50	34,15	33,91	1477,80
2610	15.07.2025 20:37:29	6,23	20,52	34,15	33,91	1477,80
2611	15.07.2025 20:37:30	6,23	20,54	34,15	33,91	1477,80
2612	15.07.2025 20:37:31	6,23	20,56	34,15	33,91	1477,80
2613	15.07.2025 20:37:32	6,26	20,56	34,14	33,93	1477,94
2614	15.07.2025 20:37:33	6,26	20,58	34,14	33,93	1477,94
2615	15.07.2025 20:37:34	6,26	20,59	34,14	33,93	1477,94
2616	15.07.2025 20:37:35	6,26	20,61	34,17	33,96	1477,98
2617	15.07.2025 20:37:36	6,26	20,65	34,17	33,96	1477,99
2618	15.07.2025 20:37:37	6,26	20,66	34,17	33,96	1477,99
2619	15.07.2025 20:37:38	6,26	20,66	34,17	33,96	1477,99
2620	15.07.2025 20:37:39	6,26	20,68	34,20	33,99	1478,03
2621	15.07.2025 20:37:40	6,26	20,68	34,20	33,99	1478,03
2622	15.07.2025 20:37:41	6,30	20,72	34,17	33,99	1478,13
2623	15.07.2025 20:37:42	6,30	20,73	34,17	33,99	1478,14
2624	15.07.2025 20:37:43	6,30	20,75	34,17	33,99	1478,14
2625	15.07.2025 20:37:44	6,30	20,77	34,17	33,99	1478,14
2626	15.07.2025 20:37:45	6,30	20,77	34,17	33,99	1478,14
2627	15.07.2025 20:37:46	6,30	20,80	34,17	33,99	1478,15
2628	15.07.2025 20:37:47	6,30	20,80	34,17	33,99	1478,15
2629	15.07.2025 20:37:48	6,30	20,84	34,19	34,01	1478,19
2630	15.07.2025 20:37:49	6,30	20,86	34,19	34,01	1478,19
2631	15.07.2025 20:37:50	6,30	20,87	34,19	34,01	1478,20
2632	15.07.2025 20:37:51	6,30	20,89	34,19	34,01	1478,20
2633	15.07.2025 20:37:52	6,33	20,89	34,16	34,01	1478,29
2634	15.07.2025 20:37:53	6,33	20,91	34,16	34,01	1478,30
2635	15.07.2025 20:37:54	6,33	20,95	34,16	34,01	1478,30
2636	15.07.2025 20:37:55	6,33	20,96	34,16	34,01	1478,30
2637	15.07.2025 20:37:56	6,33	20,96	34,16	34,01	1478,30
2638	15.07.2025 20:37:57	6,33	21,00	34,19	34,04	1478,35
2639	15.07.2025 20:37:58	6,33	21,02	34,19	34,04	1478,35
2640	15.07.2025 20:37:59	6,33	21,02	34,19	34,04	1478,35
2641	15.07.2025 20:38:00	6,33	21,03	34,19	34,04	1478,35
2642	15.07.2025 20:38:01	6,33	21,05	34,19	34,04	1478,36
2643	15.07.2025 20:38:02	6,33	21,09	34,19	34,04	1478,36
2644	15.07.2025 20:38:03	6,33	21,09	34,22	34,07	1478,40
2645	15.07.2025 20:38:04	6,37	21,11	34,16	34,04	1478,46
2646	15.07.2025 20:38:05	6,37	21,12	34,16	34,04	1478,46
2647	15.07.2025 20:38:06	6,37	21,14	34,19	34,07	1478,50
2648	15.07.2025 20:38:07	6,37	21,16	34,19	34,07	1478,51
2649	15.07.2025 20:38:08	6,37	21,18	34,19	34,07	1478,51
2650	15.07.2025 20:38:09	6,37	21,18	34,19	34,07	1478,51
2651	15.07.2025 20:38:10	6,37	21,21	34,19	34,07	1478,51
2652	15.07.2025 20:38:11	6,37	21,21	34,19	34,07	1478,51
2653	15.07.2025 20:38:12	6,37	21,25	34,18	34,07	1478,52
2654	15.07.2025 20:38:13	6,37	21,25	34,21	34,10	1478,56
2655	15.07.2025 20:38:14	6,37	21,26	34,21	34,10	1478,56
2656	15.07.2025 20:38:15	6,37	21,28	34,21	34,10	1478,56
2657	15.07.2025 20:38:16	6,37	21,30	34,21	34,10	1478,56
2658	15.07.2025 20:38:17	6,40	21,32	34,21	34,12	1478,70
2659	15.07.2025 20:38:18	6,40	21,34	34,21	34,12	1478,70
2660	15.07.2025 20:38:19	6,40	21,35	34,21	34,12	1478,71
2661	15.07.2025 20:38:20	6,40	21,37	34,21	34,12	1478,71
2662	15.07.2025 20:38:21	6,40	21,39	34,21	34,12	1478,71
2663	15.07.2025 20:38:22	6,40	21,39	34,21	34,12	1478,71
2664	15.07.2025 20:38:23	6,40	21,41	34,21	34,12	1478,71
2665	15.07.2025 20:38:24	6,40	21,44	34,21	34,12	1478,72
2666	15.07.2025 20:38:25	6,40	21,46	34,21	34,12	1478,72
2667	15.07.2025 20:38:26	6,40	21,48	34,21	34,12	1478,72
2668	15.07.2025 20:38:27	6,40	21,48	34,21	34,12	1478,72
2669	15.07.2025 20:38:28	6,40	21,51	34,24	34,15	1478,77
2670	15.07.2025 20:38:29	6,44	21,53	34,20	34,15	1478,86
2671	15.07.2025 20:38:30	6,40	21,55	34,24	34,15	1478,77
2672	15.07.2025 20:38:31	6,44	21,56	34,20	34,15	1478,87
2673	15.07.2025 20:38:32	6,44	21,58	34,20	34,15	1478,87
2674	15.07.2025 20:38:33	6,44	21,60	34,20	34,15	1478,88
2675	15.07.2025 20:38:34	6,44	21,60	34,20	34,15	1478,88
2676	15.07.2025 20:38:35	6,44	21,63	34,20	34,15	1478,88
2677	15.07.2025 20:38:36	6,44	21,65	34,20	34,15	1478,88
2678	15.07.2025 20:38:37	6,44	21,69	34,20	34,15	1478,89
2679	15.07.2025 20:38:38	6,44	21,69	34,23	34,18	1478,93
2680	15.07.2025 20:38:39	6,44	21,72	34,23	34,18	1478,93
2681	15.07.2025 20:38:40	6,44	21,72	34,23	34,18	1478,93
2682	15.07.2025 20:38:41	6,44	21,76	34,23	34,18	1478,94
2683	15.07.2025 20:38:42	6,44	21,77	34,23	34,18	1478,94
2684	15.07.2025 20:38:43	6,44	21,79	34,23	34,18	1478,94
2685	15.07.2025 20:38:44	6,44	21,81	34,23	34,18	1478,95
2686	15.07.2025 20:38:45	6,44	21,83	34,23	34,18	1478,95
2687	15.07.2025 20:38:46	6,44	21,84	34,23	34,18	1478,95
2688	15.07.2025 20:38:47	6,47	21,86	34,23	34,20	1479,09
2689	15.07.2025 20:38:48	6,47	21,88	34,23	34,21	1479,09
2690	15.07.2025 20:38:49	6,47	21,90	34,23	34,21	1479,09
2691	15.07.2025 20:38:50	6,47	21,93	34,23	34,21	1479,10
2692	15.07.2025 20:38:51	6,47	21,95	34,23	34,21	1479,10
2693	15.07.2025 20:38:52	6,47	21,95	34,23	34,21	1479,10
2694	15.07.2025 20:38:53	6,47	21,99	34,23	34,21	1479,11
2695	15.07.2025 20:38:54	6,47	22,00	34,23	34,21	1479,11
2696	15.07.2025 20:38:55	6,47	22,02	34,23	34,21	1479,11
2697	15.07.2025 20:38:56	6,47	22,04	34,23	34,21	1479,11
2698	15.07.2025 20:38:57	6,47	22,07	34,23	34,21	1479,12
2699	15.07.2025 20:38:58	6,47	22,07	34,23	34,21	1479,12
2700	15.07.2025 20:38:59	6,47	22,09	34,23	34,21	1479,12
2701	15.07.2025 20:39:00	6,47	22,13	34,23	34,21	1479,13
2702	15.07.2025 20:39:01	6,47	22,13	34,23	34,21	1479,13
2703	15.07.2025 20:39:02	6,47	22,14	34,26	34,23	1479,17
2704	15.07.2025 20:39:03	6,47	22,18	34,26	34,23	1479,17
2705	15.07.2025 20:39:04	6,47	22,20	34,26	34,23	1479,18
2706	15.07.2025 20:39:05	6,47	22,21	34,26	34,23	1479,18
2707	15.07.2025 20:39:06	6,47	22,23	34,26	34,23	1479,18
2708	15.07.2025 20:39:07	6,47	22,25	34,26	34,23	1479,18
2709	15.07.2025 20:39:08	6,47	22,28	34,26	34,23	1479,19
2710	15.07.2025 20:39:09	6,51	22,29	34,22	34,23	1479,28
2711	15.07.2025 20:39:10	6,47	22,30	34,26	34,23	1479,19
2712	15.07.2025 20:39:11	6,51	22,30	34,22	34,23	1479,29
2713	15.07.2025 20:39:12	6,51	22,34	34,22	34,23	1479,29
2714	15.07.2025 20:39:13	6,51	22,36	34,22	34,23	1479,30
2715	15.07.2025 20:39:14	6,51	22,37	34,22	34,23	1479,30
2716	15.07.2025 20:39:15	6,51	22,39	34,22	34,23	1479,30
2717	15.07.2025 20:39:16	6,51	22,41	34,22	34,23	1479,30
2718	15.07.2025 20:39:17	6,51	22,43	34,22	34,23	1479,31
2719	15.07.2025 20:39:18	6,51	22,43	34,22	34,23	1479,31
2720	15.07.2025 20:39:19	6,51	22,46	34,22	34,23	1479,31
2721	15.07.2025 20:39:20	6,51	22,48	34,22	34,23	1479,31
2722	15.07.2025 20:39:21	6,51	22,50	34,22	34,23	1479,32
2723	15.07.2025 20:39:22	6,51	22,51	34,22	34,23	1479,32
2724	15.07.2025 20:39:23	6,51	22,53	34,22	34,23	1479,32
2725	15.07.2025 20:39:24	6,51	22,53	34,22	34,23	1479,32
2726	15.07.2025 20:39:25	6,51	22,55	34,22	34,23	1479,33
2727	15.07.2025 20:39:26	6,51	22,57	34,22	34,23	1479,33
2728	15.07.2025 20:39:27	6,51	22,60	34,22	34,23	1479,33
2729	15.07.2025 20:39:28	6,51	22,62	34,22	34,23	1479,34
2730	15.07.2025 20:39:29	6,51	22,64	34,25	34,26	1479,38
2731	15.07.2025 20:39:30	6,51	22,64	34,22	34,23	1479,34
2732	15.07.2025 20:39:31	6,51	22,65	34,25	34,26	1479,38
2733	15.07.2025 20:39:32	6,51	22,69	34,25	34,26	1479,38
2734	15.07.2025 20:39:33	6,51	22,69	34,25	34,26	1479,38
2735	15.07.2025 20:39:34	6,51	22,71	34,25	34,26	1479,39
2736	15.07.2025 20:39:35	6,51	22,72	34,25	34,26	1479,39
2737	15.07.2025 20:39:36	6,51	22,74	34,25	34,26	1479,39
2738	15.07.2025 20:39:37	6,51	22,76	34,25	34,26	1479,40
2739	15.07.2025 20:39:38	6,51	22,78	34,28	34,29	1479,44
2740	15.07.2025 20:39:39	6,51	22,81	34,28	34,29	1479,44
2741	15.07.2025 20:39:40	6,51	22,83	34,28	34,29	1479,44
2742	15.07.2025 20:39:41	6,51	22,83	34,25	34,26	1479,41
2743	15.07.2025 20:39:42	6,51	22,86	34,28	34,29	1479,45
2744	15.07.2025 20:39:43	6,54	22,87	34,25	34,29	1479,54
2745	15.07.2025 20:39:44	6,54	22,88	34,25	34,29	1479,55
2746	15.07.2025 20:39:45	6,54	22,90	34,25	34,29	1479,55
2747	15.07.2025 20:39:46	6,54	22,92	34,25	34,29	1479,55
2748	15.07.2025 20:39:47	6,54	22,94	34,25	34,29	1479,55
2749	15.07.2025 20:39:48	6,54	22,95	34,25	34,29	1479,56
2750	15.07.2025 20:39:49	6,54	22,97	34,25	34,29	1479,56
2751	15.07.2025 20:39:50	6,54	22,99	34,25	34,29	1479,56
2752	15.07.2025 20:39:51	6,54	22,99	34,25	34,29	1479,56
2753	15.07.2025 20:39:52	6,54	23,01	34,24	34,29	1479,57
2754	15.07.2025 20:39:53	6,54	23,02	34,24	34,29	1479,57
2755	15.07.2025 20:39:54	6,54	23,04	34,24	34,29	1479,57
2756	15.07.2025 20:39:55	6,54	23,04	34,24	34,29	1479,57
2757	15.07.2025 20:39:56	6,54	23,06	34,27	34,31	1479,61
2758	15.07.2025 20:39:57	6,54	23,06	34,27	34,31	1479,61
2759	15.07.2025 20:39:58	6,54	23,09	34,27	34,31	1479,62
2760	15.07.2025 20:39:59	6,54	23,11	34,27	34,31	1479,62
2761	15.07.2025 20:40:00	6,54	23,13	34,27	34,31	1479,62
2762	15.07.2025 20:40:01	6,54	23,13	34,27	34,31	1479,62
2763	15.07.2025 20:40:02	6,54	23,15	34,27	34,31	1479,63
2764	15.07.2025 20:40:03	6,54	23,16	34,27	34,31	1479,63
2765	15.07.2025 20:40:04	6,54	23,18	34,27	34,31	1479,63
2766	15.07.2025 20:40:05	6,54	23,20	34,27	34,31	1479,63
2767	15.07.2025 20:40:06	6,54	23,22	34,27	34,31	1479,64
2768	15.07.2025 20:40:07	6,54	23,22	34,27	34,31	1479,64
2769	15.07.2025 20:40:08	6,54	23,23	34,30	34,34	1479,68
2770	15.07.2025 20:40:09	6,54	23,27	34,30	34,34	1479,68
2771	15.07.2025 20:40:10	6,58	23,29	34,27	34,34	1479,78
2772	15.07.2025 20:40:11	6,54	23,29	34,30	34,34	1479,69
2773	15.07.2025 20:40:12	6,58	23,31	34,27	34,34	1479,78
2774	15.07.2025 20:40:13	6,58	23,34	34,27	34,34	1479,79
2775	15.07.2025 20:40:14	6,58	23,34	34,27	34,34	1479,79
2776	15.07.2025 20:40:15	6,58	23,36	34,27	34,34	1479,79
2777	15.07.2025 20:40:16	6,58	23,36	34,27	34,34	1479,79
2778	15.07.2025 20:40:17	6,58	23,38	34,27	34,34	1479,79
2779	15.07.2025 20:40:18	6,58	23,39	34,27	34,34	1479,80
2780	15.07.2025 20:40:19	6,58	23,41	34,27	34,34	1479,80
2781	15.07.2025 20:40:20	6,58	23,43	34,27	34,34	1479,80
2782	15.07.2025 20:40:21	6,58	23,45	34,27	34,34	1479,80
2783	15.07.2025 20:40:22	6,58	23,46	34,27	34,34	1479,81
2784	15.07.2025 20:40:23	6,58	23,48	34,27	34,34	1479,81
2785	15.07.2025 20:40:24	6,58	23,48	34,27	34,34	1479,81
2786	15.07.2025 20:40:25	6,58	23,50	34,27	34,34	1479,81
2787	15.07.2025 20:40:26	6,58	23,52	34,27	34,34	1479,81
2788	15.07.2025 20:40:27	6,58	23,53	34,27	34,34	1479,82
2789	15.07.2025 20:40:28	6,58	23,55	34,27	34,34	1479,82
2790	15.07.2025 20:40:29	6,58	23,57	34,27	34,34	1479,82
2791	15.07.2025 20:40:30	6,58	23,57	34,27	34,34	1479,82
2792	15.07.2025 20:40:31	6,58	23,59	34,27	34,34	1479,83
2793	15.07.2025 20:40:32	6,58	23,60	34,30	34,37	1479,87
2794	15.07.2025 20:40:33	6,58	23,62	34,30	34,37	1479,87
2795	15.07.2025 20:40:34	6,58	23,64	34,27	34,34	1479,83
2796	15.07.2025 20:40:35	6,58	23,66	34,30	34,37	1479,87
2797	15.07.2025 20:40:36	6,58	23,67	34,27	34,34	1479,84
2798	15.07.2025 20:40:37	6,58	23,69	34,30	34,37	1479,88
2799	15.07.2025 20:40:38	6,58	23,71	34,30	34,37	1479,88
2800	15.07.2025 20:40:39	6,58	23,73	34,30	34,37	1479,88
2801	15.07.2025 20:40:40	6,58	23,74	34,30	34,37	1479,89
2802	15.07.2025 20:40:41	6,58	23,76	34,30	34,37	1479,89
2803	15.07.2025 20:40:42	6,58	23,78	34,30	34,37	1479,89
2804	15.07.2025 20:40:43	6,58	23,78	34,30	34,37	1479,89
2805	15.07.2025 20:40:44	6,58	23,80	34,30	34,37	1479,90
2806	15.07.2025 20:40:45	6,58	23,81	34,30	34,37	1479,90
2807	15.07.2025 20:40:46	6,58	23,83	34,30	34,37	1479,90
2808	15.07.2025 20:40:47	6,58	23,85	34,27	34,34	1479,87
2809	15.07.2025 20:40:48	6,58	23,87	34,30	34,37	1479,91
2810	15.07.2025 20:40:49	6,58	23,88	34,30	34,37	1479,91
2811	15.07.2025 20:40:50	6,58	23,90	34,30	34,37	1479,91
2812	15.07.2025 20:40:51	6,58	23,92	34,30	34,37	1479,91
2813	15.07.2025 20:40:52	6,58	23,94	34,30	34,37	1479,92
2814	15.07.2025 20:40:53	6,58	23,95	34,30	34,37	1479,92
2815	15.07.2025 20:40:54	6,58	23,97	34,32	34,39	1479,96
2816	15.07.2025 20:40:55	6,58	23,99	34,32	34,39	1479,96
2817	15.07.2025 20:40:56	6,58	24,01	34,32	34,39	1479,97
2818	15.07.2025 20:40:57	6,58	24,01	34,32	34,39	1479,97
2819	15.07.2025 20:40:58	6,58	24,02	34,32	34,39	1479,97
2820	15.07.2025 20:40:59	6,58	24,04	34,29	34,37	1479,93
2821	15.07.2025 20:41:00	6,58	24,06	34,32	34,39	1479,97
2822	15.07.2025 20:41:01	6,58	24,08	34,32	34,39	1479,98
2823	15.07.2025 20:41:02	6,58	24,09	34,32	34,39	1479,98
2824	15.07.2025 20:41:03	6,58	24,11	34,29	34,37	1479,95
2825	15.07.2025 20:41:04	6,58	24,13	34,32	34,39	1479,99
2826	15.07.2025 20:41:05	6,58	24,13	34,32	34,39	1479,99
2827	15.07.2025 20:41:06	6,58	24,15	34,32	34,39	1479,99
2828	15.07.2025 20:41:07	6,58	24,16	34,32	34,39	1479,99
2829	15.07.2025 20:41:08	6,58	24,16	34,32	34,39	1479,99
2830	15.07.2025 20:41:09	6,58	24,18	34,32	34,39	1479,99
2831	15.07.2025 20:41:10	6,58	24,20	34,32	34,39	1480,00
2832	15.07.2025 20:41:11	6,58	24,22	34,32	34,39	1480,00
2833	15.07.2025 20:41:12	6,58	24,20	34,32	34,39	1480,00
2834	15.07.2025 20:41:13	6,58	24,23	34,32	34,39	1480,00
2835	15.07.2025 20:41:14	6,58	24,25	34,35	34,42	1480,04
2836	15.07.2025 20:41:15	6,58	24,27	34,32	34,39	1480,01
2837	15.07.2025 20:41:16	6,58	24,27	34,35	34,42	1480,04
2838	15.07.2025 20:41:17	6,61	24,29	34,29	34,40	1480,10
2839	15.07.2025 20:41:18	6,58	24,29	34,32	34,39	1480,01
2840	15.07.2025 20:41:19	6,58	24,30	34,35	34,42	1480,05
2841	15.07.2025 20:41:20	6,61	24,32	34,29	34,40	1480,11
2842	15.07.2025 20:41:21	6,61	24,34	34,29	34,40	1480,11
2843	15.07.2025 20:41:22	6,61	24,36	34,32	34,42	1480,15
2844	15.07.2025 20:41:23	6,58	24,37	34,35	34,42	1480,06
2845	15.07.2025 20:41:24	6,61	24,39	34,32	34,42	1480,16
2846	15.07.2025 20:41:25	6,61	24,39	34,32	34,42	1480,16
2847	15.07.2025 20:41:26	6,61	24,39	34,32	34,42	1480,16
2848	15.07.2025 20:41:27	6,61	24,43	34,32	34,42	1480,16
2849	15.07.2025 20:41:28	6,61	24,43	34,32	34,42	1480,16
2850	15.07.2025 20:41:29	6,61	24,45	34,29	34,40	1480,13
2851	15.07.2025 20:41:30	6,61	24,46	34,32	34,42	1480,17
2852	15.07.2025 20:41:31	6,61	24,46	34,32	34,42	1480,17
2853	15.07.2025 20:41:32	6,61	24,48	34,32	34,42	1480,17
2854	15.07.2025 20:41:33	6,61	24,52	34,29	34,40	1480,14
2855	15.07.2025 20:41:34	6,61	24,50	34,32	34,42	1480,17
2856	15.07.2025 20:41:35	6,61	24,52	34,32	34,42	1480,18
2857	15.07.2025 20:41:36	6,61	24,55	34,32	34,42	1480,18
2858	15.07.2025 20:41:37	6,61	24,55	34,32	34,42	1480,18
2859	15.07.2025 20:41:38	6,61	24,57	34,32	34,42	1480,18
2860	15.07.2025 20:41:39	6,61	24,59	34,32	34,42	1480,19
2861	15.07.2025 20:41:40	6,61	24,60	34,32	34,42	1480,19
2862	15.07.2025 20:41:41	6,61	24,60	34,32	34,42	1480,19
2863	15.07.2025 20:41:42	6,61	24,62	34,32	34,42	1480,19
2864	15.07.2025 20:41:43	6,61	24,66	34,29	34,40	1480,16
2865	15.07.2025 20:41:44	6,61	24,66	34,32	34,42	1480,20
2866	15.07.2025 20:41:45	6,61	24,67	34,32	34,42	1480,20
2867	15.07.2025 20:41:46	6,61	24,69	34,32	34,42	1480,20
2868	15.07.2025 20:41:47	6,61	24,69	34,32	34,42	1480,20
2869	15.07.2025 20:41:48	6,61	24,71	34,32	34,42	1480,21
2870	15.07.2025 20:41:49	6,61	24,74	34,32	34,42	1480,21
2871	15.07.2025 20:41:50	6,61	24,74	34,32	34,42	1480,21
2872	15.07.2025 20:41:51	6,61	24,76	34,32	34,42	1480,22
2873	15.07.2025 20:41:52	6,61	24,78	34,32	34,42	1480,22
2874	15.07.2025 20:41:53	6,61	24,80	34,32	34,42	1480,22
2875	15.07.2025 20:41:54	6,61	24,81	34,32	34,42	1480,22
2876	15.07.2025 20:41:55	6,61	24,83	34,32	34,42	1480,23
2877	15.07.2025 20:41:56	6,61	24,85	34,32	34,42	1480,23
2878	15.07.2025 20:41:57	6,61	24,85	34,32	34,42	1480,23
2879	15.07.2025 20:41:58	6,61	24,87	34,32	34,42	1480,23
2880	15.07.2025 20:41:59	6,61	24,88	34,32	34,42	1480,23
2881	15.07.2025 20:42:00	6,61	24,90	34,32	34,42	1480,24
2882	15.07.2025 20:42:01	6,61	24,92	34,32	34,42	1480,24
2883	15.07.2025 20:42:02	6,61	24,94	34,32	34,42	1480,24
2884	15.07.2025 20:42:03	6,61	24,95	34,32	34,42	1480,25
2885	15.07.2025 20:42:04	6,61	24,97	34,32	34,42	1480,25
2886	15.07.2025 20:42:05	6,61	24,97	34,32	34,42	1480,25
2887	15.07.2025 20:42:06	6,61	25,01	34,32	34,42	1480,25
2888	15.07.2025 20:42:07	6,61	25,02	34,32	34,42	1480,26
2889	15.07.2025 20:42:08	6,61	25,02	34,32	34,42	1480,26
2890	15.07.2025 20:42:09	6,61	25,06	34,32	34,42	1480,26
2891	15.07.2025 20:42:10	6,61	25,08	34,34	34,45	1480,30
2892	15.07.2025 20:42:11	6,61	25,08	34,32	34,42	1480,26
2893	15.07.2025 20:42:12	6,61	25,09	34,32	34,42	1480,27
2894	15.07.2025 20:42:13	6,61	25,11	34,32	34,42	1480,27
2895	15.07.2025 20:42:14	6,61	25,15	34,34	34,45	1480,31
2896	15.07.2025 20:42:15	6,61	25,15	34,34	34,45	1480,31
2897	15.07.2025 20:42:16	6,61	25,16	34,31	34,42	1480,28
2898	15.07.2025 20:42:17	6,61	25,18	34,31	34,42	1480,28
2899	15.07.2025 20:42:18	6,61	25,20	34,31	34,42	1480,28
2900	15.07.2025 20:42:19	6,61	25,22	34,34	34,45	1480,32
2901	15.07.2025 20:42:20	6,61	25,25	34,34	34,45	1480,33
2902	15.07.2025 20:42:21	6,61	25,25	34,34	34,45	1480,33
2903	15.07.2025 20:42:22	6,61	25,27	34,34	34,45	1480,33
2904	15.07.2025 20:42:23	6,61	25,29	34,34	34,45	1480,33
2905	15.07.2025 20:42:24	6,61	25,30	34,34	34,45	1480,34
2906	15.07.2025 20:42:25	6,61	25,30	34,34	34,45	1480,34
2907	15.07.2025 20:42:26	6,61	25,34	34,34	34,45	1480,34
2908	15.07.2025 20:42:27	6,61	25,36	34,34	34,45	1480,35
2909	15.07.2025 20:42:28	6,61	25,37	34,34	34,45	1480,35
2910	15.07.2025 20:42:29	6,61	25,39	34,34	34,45	1480,35
2911	15.07.2025 20:42:30	6,61	25,41	34,34	34,45	1480,35
2912	15.07.2025 20:42:31	6,61	25,44	34,34	34,45	1480,36
2913	15.07.2025 20:42:32	6,61	25,44	34,34	34,45	1480,36
2914	15.07.2025 20:42:33	6,61	25,46	34,34	34,45	1480,36
2915	15.07.2025 20:42:34	6,61	25,46	34,34	34,45	1480,36
2916	15.07.2025 20:42:35	6,61	25,50	34,34	34,45	1480,37
2917	15.07.2025 20:42:36	6,61	25,50	34,34	34,45	1480,37
2918	15.07.2025 20:42:37	6,61	25,51	34,34	34,45	1480,37
2919	15.07.2025 20:42:38	6,61	25,55	34,34	34,45	1480,38
2920	15.07.2025 20:42:39	6,61	25,55	34,34	34,45	1480,38
2921	15.07.2025 20:42:40	6,61	25,57	34,34	34,45	1480,38
2922	15.07.2025 20:42:41	6,61	25,58	34,34	34,45	1480,38
2923	15.07.2025 20:42:42	6,61	25,60	34,34	34,45	1480,38
2924	15.07.2025 20:42:43	6,61	25,62	34,34	34,45	1480,39
2925	15.07.2025 20:42:44	6,61	25,64	34,34	34,45	1480,39
2926	15.07.2025 20:42:45	6,61	25,65	34,34	34,45	1480,39
2927	15.07.2025 20:42:46	6,61	25,65	34,34	34,45	1480,39
2928	15.07.2025 20:42:47	6,61	25,69	34,34	34,45	1480,40
2929	15.07.2025 20:42:48	6,61	25,71	34,34	34,45	1480,40
2930	15.07.2025 20:42:49	6,61	25,72	34,34	34,45	1480,40
2931	15.07.2025 20:42:50	6,61	25,72	34,34	34,45	1480,40
2932	15.07.2025 20:42:51	6,61	25,74	34,34	34,45	1480,41
2933	15.07.2025 20:42:52	6,61	25,76	34,34	34,45	1480,41
2934	15.07.2025 20:42:53	6,61	25,78	34,34	34,45	1480,41
2935	15.07.2025 20:42:54	6,61	25,81	34,34	34,45	1480,42
2936	15.07.2025 20:42:55	6,61	25,79	34,34	34,45	1480,41
2937	15.07.2025 20:42:56	6,61	25,83	34,34	34,45	1480,42
2938	15.07.2025 20:42:57	6,61	25,85	34,34	34,45	1480,42
2939	15.07.2025 20:42:58	6,61	25,85	34,34	34,45	1480,42
2940	15.07.2025 20:42:59	6,61	25,86	34,34	34,45	1480,43
2941	15.07.2025 20:43:00	6,61	25,88	34,34	34,45	1480,43
2942	15.07.2025 20:43:01	6,61	25,88	34,34	34,45	1480,43
2943	15.07.2025 20:43:02	6,61	25,92	34,34	34,45	1480,43
2944	15.07.2025 20:43:03	6,61	25,93	34,34	34,45	1480,44
2945	15.07.2025 20:43:04	6,61	25,95	34,34	34,45	1480,44
2946	15.07.2025 20:43:05	6,61	25,95	34,34	34,45	1480,44
2947	15.07.2025 20:43:06	6,61	25,99	34,34	34,45	1480,44
2948	15.07.2025 20:43:07	6,61	25,99	34,34	34,45	1480,44
2949	15.07.2025 20:43:08	6,61	26,00	34,34	34,45	1480,45
2950	15.07.2025 20:43:09	6,61	26,04	34,34	34,45	1480,45
2951	15.07.2025 20:43:10	6,61	26,04	34,34	34,45	1480,45
2952	15.07.2025 20:43:11	6,61	26,06	34,34	34,45	1480,46
2953	15.07.2025 20:43:12	6,61	26,09	34,34	34,45	1480,46
2954	15.07.2025 20:43:13	6,61	26,09	34,34	34,45	1480,46
2955	15.07.2025 20:43:14	6,61	26,11	34,34	34,45	1480,46
2956	15.07.2025 20:43:15	6,61	26,11	34,34	34,45	1480,46
2957	15.07.2025 20:43:16	6,58	26,14	34,37	34,45	1480,38
2958	15.07.2025 20:43:17	6,58	26,16	34,37	34,45	1480,38
2959	15.07.2025 20:43:18	6,61	26,18	34,34	34,45	1480,47
2960	15.07.2025 20:43:19	6,58	26,18	34,34	34,42	1480,34
2961	15.07.2025 20:43:20	6,58	26,21	34,37	34,45	1480,39
2962	15.07.2025 20:43:21	6,58	26,23	34,34	34,42	1480,35
2963	15.07.2025 20:43:22	6,58	26,25	34,37	34,45	1480,39
2964	15.07.2025 20:43:23	6,58	26,27	34,37	34,45	1480,39
2965	15.07.2025 20:43:24	6,58	26,28	34,37	34,45	1480,40
2966	15.07.2025 20:43:25	6,58	26,28	34,37	34,45	1480,40
2967	15.07.2025 20:43:26	6,58	26,32	34,37	34,45	1480,40
2968	15.07.2025 20:43:27	6,58	26,32	34,37	34,45	1480,40
2969	15.07.2025 20:43:28	6,58	26,34	34,37	34,45	1480,41
2970	15.07.2025 20:43:29	6,58	26,37	34,37	34,45	1480,41
2971	15.07.2025 20:43:30	6,58	26,37	34,37	34,45	1480,41
2972	15.07.2025 20:43:31	6,58	26,39	34,37	34,45	1480,41
2973	15.07.2025 20:43:32	6,58	26,41	34,37	34,45	1480,42
2974	15.07.2025 20:43:33	6,58	26,42	34,37	34,45	1480,42
2975	15.07.2025 20:43:34	6,58	26,44	34,37	34,45	1480,42
2976	15.07.2025 20:43:35	6,58	26,46	34,37	34,45	1480,43
2977	15.07.2025 20:43:36	6,58	26,46	34,37	34,45	1480,43
2978	15.07.2025 20:43:37	6,58	26,49	34,37	34,45	1480,43
2979	15.07.2025 20:43:38	6,58	26,51	34,37	34,45	1480,43
2980	15.07.2025 20:43:39	6,58	26,53	34,37	34,45	1480,44
2981	15.07.2025 20:43:40	6,58	26,55	34,37	34,45	1480,44
2982	15.07.2025 20:43:41	6,58	26,56	34,37	34,45	1480,44
2983	15.07.2025 20:43:42	6,58	26,56	34,37	34,45	1480,44
2984	15.07.2025 20:43:43	6,58	26,60	34,37	34,45	1480,45
2985	15.07.2025 20:43:44	6,58	26,62	34,37	34,45	1480,45
2986	15.07.2025 20:43:45	6,58	26,63	34,37	34,45	1480,45
2987	15.07.2025 20:43:46	6,58	26,63	34,37	34,45	1480,45
2988	15.07.2025 20:43:47	6,58	26,67	34,37	34,45	1480,46
2989	15.07.2025 20:43:48	6,58	26,69	34,37	34,45	1480,46
2990	15.07.2025 20:43:49	6,58	26,70	34,37	34,45	1480,46
2991	15.07.2025 20:43:50	6,58	26,72	34,37	34,45	1480,47
2992	15.07.2025 20:43:51	6,58	26,74	34,37	34,45	1480,47
2993	15.07.2025 20:43:52	6,58	26,77	34,37	34,45	1480,47
2994	15.07.2025 20:43:53	6,58	26,79	34,37	34,45	1480,48
2995	15.07.2025 20:43:54	6,58	26,79	34,37	34,45	1480,48
2996	15.07.2025 20:43:55	6,58	26,79	34,37	34,45	1480,48
2997	15.07.2025 20:43:56	6,58	26,83	34,37	34,45	1480,48
2998	15.07.2025 20:43:57	6,58	26,84	34,37	34,45	1480,49
2999	15.07.2025 20:43:58	6,58	26,84	34,37	34,45	1480,49
3000	15.07.2025 20:43:59	6,58	26,88	34,37	34,45	1480,49
3001	15.07.2025 20:44:00	6,58	26,88	34,37	34,45	1480,49
3002	15.07.2025 20:44:01	6,58	26,88	34,37	34,45	1480,49
3003	15.07.2025 20:44:02	6,58	26,91	34,37	34,45	1480,50
3004	15.07.2025 20:44:03	6,58	26,91	34,37	34,45	1480,50
3005	15.07.2025 20:44:04	6,58	26,93	34,37	34,45	1480,50
3006	15.07.2025 20:44:05	6,58	26,93	34,37	34,45	1480,50
3007	15.07.2025 20:44:06	6,58	26,95	34,37	34,45	1480,50
3008	15.07.2025 20:44:07	6,58	26,97	34,37	34,45	1480,50
3009	15.07.2025 20:44:08	6,58	26,98	34,37	34,45	1480,51
3010	15.07.2025 20:44:09	6,58	26,98	34,37	34,45	1480,51
3011	15.07.2025 20:44:10	6,58	27,00	34,37	34,45	1480,51
3012	15.07.2025 20:44:11	6,58	27,02	34,37	34,45	1480,51
3013	15.07.2025 20:44:12	6,58	27,04	34,37	34,45	1480,52
3014	15.07.2025 20:44:13	6,58	27,05	34,37	34,45	1480,52
3015	15.07.2025 20:44:14	6,58	27,05	34,37	34,45	1480,52
3016	15.07.2025 20:44:15	6,58	27,07	34,37	34,45	1480,52
3017	15.07.2025 20:44:16	6,58	27,09	34,37	34,45	1480,52
3018	15.07.2025 20:44:17	6,58	27,11	34,37	34,45	1480,53
3019	15.07.2025 20:44:18	6,58	27,12	34,37	34,45	1480,53
3020	15.07.2025 20:44:19	6,58	27,12	34,37	34,45	1480,53
3021	15.07.2025 20:44:20	6,58	27,14	34,37	34,45	1480,53
3022	15.07.2025 20:44:21	6,58	27,16	34,37	34,45	1480,53
3023	15.07.2025 20:44:22	6,58	27,18	34,37	34,45	1480,54
3024	15.07.2025 20:44:23	6,58	27,18	34,37	34,45	1480,54
3025	15.07.2025 20:44:24	6,58	27,19	34,37	34,45	1480,54
3026	15.07.2025 20:44:25	6,58	27,21	34,37	34,45	1480,54
3027	15.07.2025 20:44:26	6,58	27,23	34,37	34,45	1480,55
3028	15.07.2025 20:44:27	6,58	27,26	34,37	34,45	1480,55
3029	15.07.2025 20:44:28	6,58	27,26	34,37	34,45	1480,55
3030	15.07.2025 20:44:29	6,58	27,26	34,37	34,45	1480,55
3031	15.07.2025 20:44:30	6,58	27,28	34,37	34,45	1480,55
3032	15.07.2025 20:44:31	6,58	27,30	34,37	34,45	1480,56
3033	15.07.2025 20:44:32	6,58	27,32	34,37	34,45	1480,56
3034	15.07.2025 20:44:33	6,58	27,35	34,37	34,45	1480,57
3035	15.07.2025 20:44:34	6,58	27,33	34,37	34,45	1480,56
3036	15.07.2025 20:44:35	6,58	27,35	34,37	34,45	1480,57
3037	15.07.2025 20:44:36	6,58	27,37	34,37	34,45	1480,57
3038	15.07.2025 20:44:37	6,58	27,40	34,37	34,45	1480,57
3039	15.07.2025 20:44:38	6,58	27,40	34,37	34,45	1480,57
3040	15.07.2025 20:44:39	6,58	27,42	34,37	34,45	1480,58
3041	15.07.2025 20:44:40	6,58	27,44	34,37	34,45	1480,58
3042	15.07.2025 20:44:41	6,58	27,48	34,37	34,45	1480,58
3043	15.07.2025 20:44:42	6,54	27,47	34,40	34,45	1480,49
3044	15.07.2025 20:44:43	6,58	27,48	34,37	34,45	1480,58
3045	15.07.2025 20:44:44	6,54	27,51	34,40	34,45	1480,50
3046	15.07.2025 20:44:45	6,58	27,51	34,37	34,45	1480,59
3047	15.07.2025 20:44:46	6,58	27,53	34,37	34,45	1480,59
3048	15.07.2025 20:44:47	6,54	27,54	34,40	34,45	1480,50
3049	15.07.2025 20:44:48	6,58	27,55	34,37	34,45	1480,60
3050	15.07.2025 20:44:49	6,58	27,58	34,37	34,45	1480,60
3051	15.07.2025 20:44:50	6,58	27,60	34,37	34,45	1480,60
3052	15.07.2025 20:44:51	6,54	27,61	34,40	34,45	1480,51
3053	15.07.2025 20:44:52	6,54	27,63	34,40	34,45	1480,52
3054	15.07.2025 20:44:53	6,58	27,63	34,37	34,45	1480,61
3055	15.07.2025 20:44:54	6,54	27,65	34,40	34,45	1480,52
3056	15.07.2025 20:44:55	6,54	27,67	34,40	34,45	1480,52
3057	15.07.2025 20:44:56	6,58	27,67	34,37	34,45	1480,61
3058	15.07.2025 20:44:57	6,54	27,70	34,40	34,45	1480,53
3059	15.07.2025 20:44:58	6,54	27,70	34,40	34,45	1480,53
3060	15.07.2025 20:44:59	6,54	27,74	34,40	34,45	1480,53
3061	15.07.2025 20:45:00	6,54	27,74	34,40	34,45	1480,53
3062	15.07.2025 20:45:01	6,54	27,75	34,40	34,45	1480,53
3063	15.07.2025 20:45:02	6,54	27,77	34,40	34,45	1480,54
3064	15.07.2025 20:45:03	6,54	27,79	34,40	34,45	1480,54
3065	15.07.2025 20:45:04	6,54	27,82	34,40	34,45	1480,55
3066	15.07.2025 20:45:05	6,54	27,82	34,40	34,45	1480,55
3067	15.07.2025 20:45:06	6,54	27,84	34,40	34,45	1480,55
3068	15.07.2025 20:45:07	6,54	27,84	34,40	34,45	1480,55
3069	15.07.2025 20:45:08	6,54	27,88	34,40	34,45	1480,55
3070	15.07.2025 20:45:09	6,54	27,89	34,40	34,45	1480,56
3071	15.07.2025 20:45:10	6,54	27,91	34,40	34,45	1480,56
3072	15.07.2025 20:45:11	6,54	27,93	34,40	34,45	1480,56
3073	15.07.2025 20:45:12	6,54	27,93	34,40	34,45	1480,56
3074	15.07.2025 20:45:13	6,54	27,96	34,37	34,42	1480,53
3075	15.07.2025 20:45:14	6,54	27,96	34,40	34,45	1480,57
3076	15.07.2025 20:45:15	6,54	27,98	34,40	34,45	1480,57
3077	15.07.2025 20:45:16	6,54	28,02	34,40	34,45	1480,58
3078	15.07.2025 20:45:17	6,54	28,02	34,37	34,42	1480,54
3079	15.07.2025 20:45:18	6,54	28,03	34,37	34,42	1480,54
3080	15.07.2025 20:45:19	6,54	28,05	34,40	34,45	1480,58
3081	15.07.2025 20:45:20	6,54	28,07	34,40	34,45	1480,58
3082	15.07.2025 20:45:21	6,54	28,07	34,40	34,45	1480,58
3083	15.07.2025 20:45:22	6,54	28,10	34,40	34,45	1480,59
3084	15.07.2025 20:45:23	6,54	28,10	34,37	34,42	1480,55
3085	15.07.2025 20:45:24	6,54	28,14	34,37	34,42	1480,56
3086	15.07.2025 20:45:25	6,54	28,14	34,40	34,45	1480,59
3087	15.07.2025 20:45:26	6,54	28,16	34,40	34,45	1480,60
3088	15.07.2025 20:45:27	6,54	28,17	34,40	34,45	1480,60
3089	15.07.2025 20:45:28	6,54	28,23	34,40	34,45	1480,61
3090	15.07.2025 20:45:29	6,54	28,21	34,40	34,45	1480,61
3091	15.07.2025 20:45:30	6,54	28,24	34,37	34,42	1480,57
3092	15.07.2025 20:45:31	6,54	28,28	34,37	34,42	1480,58
3093	15.07.2025 20:45:32	6,54	28,28	34,40	34,45	1480,62
3094	15.07.2025 20:45:33	6,54	28,31	34,40	34,45	1480,62
3095	15.07.2025 20:45:34	6,51	28,31	34,43	34,45	1480,53
3096	15.07.2025 20:45:35	6,51	28,31	34,43	34,45	1480,53
3097	15.07.2025 20:45:36	6,51	28,33	34,43	34,45	1480,53
3098	15.07.2025 20:45:37	6,51	28,35	34,43	34,45	1480,53
3099	15.07.2025 20:45:38	6,51	28,37	34,43	34,45	1480,54
3100	15.07.2025 20:45:39	6,51	28,37	34,40	34,42	1480,50
3101	15.07.2025 20:45:40	6,51	28,38	34,40	34,42	1480,50
3102	15.07.2025 20:45:41	6,51	28,40	34,43	34,45	1480,54
3103	15.07.2025 20:45:42	6,51	28,40	34,40	34,42	1480,50
3104	15.07.2025 20:45:43	6,51	28,42	34,40	34,42	1480,51
3105	15.07.2025 20:45:44	6,51	28,45	34,40	34,42	1480,51
3106	15.07.2025 20:45:45	6,51	28,47	34,40	34,42	1480,52
3107	15.07.2025 20:45:46	6,51	28,49	34,40	34,42	1480,52
3108	15.07.2025 20:45:47	6,51	28,52	34,43	34,45	1480,56
3109	15.07.2025 20:45:48	6,51	28,54	34,40	34,42	1480,53
3110	15.07.2025 20:45:49	6,51	28,56	34,40	34,42	1480,53
3111	15.07.2025 20:45:50	6,51	28,59	34,43	34,45	1480,57
3112	15.07.2025 20:45:51	6,51	28,61	34,40	34,42	1480,54
3113	15.07.2025 20:45:52	6,51	28,65	34,43	34,45	1480,58
3114	15.07.2025 20:45:53	6,51	28,68	34,43	34,45	1480,59
3115	15.07.2025 20:45:54	6,51	28,70	34,40	34,42	1480,55
3116	15.07.2025 20:45:55	6,51	28,73	34,43	34,45	1480,59
3117	15.07.2025 20:45:56	6,51	28,77	34,40	34,42	1480,56
3118	15.07.2025 20:45:57	6,51	28,80	34,43	34,45	1480,61
3119	15.07.2025 20:45:58	6,51	28,82	34,43	34,45	1480,61
3120	15.07.2025 20:45:59	6,51	28,86	34,40	34,42	1480,58
3121	15.07.2025 20:46:00	6,51	28,89	34,43	34,45	1480,62
3122	15.07.2025 20:46:01	6,51	28,93	34,43	34,45	1480,62
3123	15.07.2025 20:46:02	6,51	28,96	34,40	34,42	1480,59
3124	15.07.2025 20:46:03	6,51	28,98	34,40	34,42	1480,60
3125	15.07.2025 20:46:04	6,51	29,03	34,40	34,42	1480,60
3126	15.07.2025 20:46:05	6,51	29,05	34,43	34,45	1480,64
3127	15.07.2025 20:46:06	6,51	29,10	34,40	34,42	1480,61
3128	15.07.2025 20:46:07	6,51	29,14	34,43	34,45	1480,66
3129	15.07.2025 20:46:08	6,51	29,17	34,43	34,45	1480,66
3130	15.07.2025 20:46:09	6,51	29,19	34,40	34,42	1480,63
3131	15.07.2025 20:46:10	6,51	29,22	34,40	34,42	1480,63
3132	15.07.2025 20:46:11	6,51	29,28	34,40	34,42	1480,64
3133	15.07.2025 20:46:12	6,51	29,31	34,39	34,42	1480,65
3134	15.07.2025 20:46:13	6,51	29,35	34,39	34,42	1480,65
3135	15.07.2025 20:46:14	6,51	29,38	34,42	34,45	1480,70
3136	15.07.2025 20:46:15	6,51	29,40	34,39	34,42	1480,66
3137	15.07.2025 20:46:16	6,51	29,45	34,39	34,42	1480,67
3138	15.07.2025 20:46:17	6,51	29,50	34,39	34,42	1480,68
3139	15.07.2025 20:46:18	6,51	29,52	34,39	34,42	1480,68
3140	15.07.2025 20:46:19	6,51	29,57	34,39	34,42	1480,69
3141	15.07.2025 20:46:20	6,51	29,59	34,39	34,42	1480,69
3142	15.07.2025 20:46:21	6,47	29,63	34,46	34,44	1480,64
3143	15.07.2025 20:46:22	6,47	29,66	34,46	34,44	1480,65
3144	15.07.2025 20:46:23	6,47	29,71	34,43	34,42	1480,62
3145	15.07.2025 20:46:24	6,47	29,73	34,43	34,42	1480,62
3146	15.07.2025 20:46:25	6,47	29,78	34,43	34,42	1480,63
3147	15.07.2025 20:46:26	6,47	29,80	34,43	34,42	1480,63
3148	15.07.2025 20:46:27	6,47	29,84	34,46	34,44	1480,67
3149	15.07.2025 20:46:28	6,47	29,87	34,43	34,42	1480,64
3150	15.07.2025 20:46:29	6,47	29,91	34,43	34,42	1480,65
3151	15.07.2025 20:46:30	6,47	29,96	34,43	34,42	1480,66
3152	15.07.2025 20:46:31	6,47	29,99	34,43	34,42	1480,66
3153	15.07.2025 20:46:32	6,47	30,01	34,43	34,42	1480,66
3154	15.07.2025 20:46:33	6,47	30,06	34,42	34,42	1480,67
3155	15.07.2025 20:46:34	6,47	30,10	34,42	34,42	1480,68
3156	15.07.2025 20:46:35	6,47	30,13	34,42	34,42	1480,68
3157	15.07.2025 20:46:36	6,47	30,17	34,42	34,42	1480,69
3158	15.07.2025 20:46:37	6,47	30,20	34,42	34,42	1480,69
3159	15.07.2025 20:46:38	6,47	30,26	34,42	34,42	1480,70
3160	15.07.2025 20:46:39	6,47	30,29	34,42	34,42	1480,71
3161	15.07.2025 20:46:40	6,47	30,34	34,42	34,42	1480,72
3162	15.07.2025 20:46:41	6,47	30,36	34,42	34,42	1480,72
3163	15.07.2025 20:46:42	6,47	30,40	34,42	34,42	1480,72
3164	15.07.2025 20:46:43	6,47	30,45	34,42	34,42	1480,73
3165	15.07.2025 20:46:44	6,44	30,48	34,46	34,42	1480,64
3166	15.07.2025 20:46:45	6,44	30,52	34,46	34,42	1480,65
3167	15.07.2025 20:46:46	6,44	30,57	34,46	34,42	1480,66
3168	15.07.2025 20:46:47	6,44	30,60	34,46	34,42	1480,66
3169	15.07.2025 20:46:48	6,44	30,64	34,46	34,42	1480,67
3170	15.07.2025 20:46:49	6,44	30,67	34,46	34,42	1480,67
3171	15.07.2025 20:46:50	6,44	30,73	34,46	34,42	1480,68
3172	15.07.2025 20:46:51	6,44	30,76	34,46	34,42	1480,69
3173	15.07.2025 20:46:52	6,44	30,78	34,46	34,42	1480,69
3174	15.07.2025 20:46:53	6,44	30,83	34,45	34,42	1480,70
3175	15.07.2025 20:46:54	6,44	30,87	34,45	34,42	1480,70
3176	15.07.2025 20:46:55	6,44	30,92	34,45	34,42	1480,71
3177	15.07.2025 20:46:56	6,44	30,97	34,45	34,42	1480,72
3178	15.07.2025 20:46:57	6,44	30,99	34,45	34,42	1480,72
3179	15.07.2025 20:46:58	6,44	31,03	34,45	34,42	1480,73
3180	15.07.2025 20:46:59	6,44	31,08	34,45	34,42	1480,74
3181	15.07.2025 20:47:00	6,44	31,11	34,45	34,42	1480,74
3182	15.07.2025 20:47:01	6,44	31,15	34,45	34,42	1480,75
3183	15.07.2025 20:47:02	6,44	31,20	34,45	34,42	1480,76
3184	15.07.2025 20:47:03	6,44	31,24	34,45	34,42	1480,76
3185	15.07.2025 20:47:04	6,44	31,27	34,45	34,42	1480,77
3186	15.07.2025 20:47:05	6,44	31,29	34,45	34,42	1480,77
3187	15.07.2025 20:47:06	6,44	31,34	34,45	34,42	1480,78
3188	15.07.2025 20:47:07	6,44	31,39	34,45	34,42	1480,79
3189	15.07.2025 20:47:08	6,44	31,43	34,45	34,42	1480,79
3190	15.07.2025 20:47:09	6,40	31,48	34,49	34,42	1480,71
3191	15.07.2025 20:47:10	6,40	31,50	34,49	34,42	1480,71
3192	15.07.2025 20:47:11	6,40	31,53	34,49	34,42	1480,71
3193	15.07.2025 20:47:12	6,40	31,58	34,49	34,42	1480,72
3194	15.07.2025 20:47:13	6,40	31,64	34,48	34,42	1480,73
3195	15.07.2025 20:47:14	6,40	31,65	34,48	34,42	1480,73
3196	15.07.2025 20:47:15	6,40	31,71	34,45	34,39	1480,70
3197	15.07.2025 20:47:16	6,40	31,76	34,45	34,39	1480,71
3198	15.07.2025 20:47:17	6,40	31,79	34,48	34,42	1480,76
3199	15.07.2025 20:47:18	6,40	31,81	34,45	34,39	1480,72
3200	15.07.2025 20:47:19	6,40	31,86	34,48	34,42	1480,77
3201	15.07.2025 20:47:20	6,40	31,92	34,45	34,39	1480,74
3202	15.07.2025 20:47:21	6,40	31,97	34,45	34,39	1480,74
3203	15.07.2025 20:47:22	6,40	32,00	34,42	34,36	1480,71
3204	15.07.2025 20:47:23	6,40	32,04	34,42	34,36	1480,72
3205	15.07.2025 20:47:24	6,37	32,09	34,46	34,36	1480,63
3206	15.07.2025 20:47:25	6,37	32,14	34,46	34,36	1480,64
3207	15.07.2025 20:47:26	6,37	32,16	34,46	34,36	1480,64
3208	15.07.2025 20:47:27	6,37	32,23	34,46	34,36	1480,65
3209	15.07.2025 20:47:28	6,37	32,28	34,46	34,36	1480,66
3210	15.07.2025 20:47:29	6,37	32,32	34,46	34,36	1480,67
3211	15.07.2025 20:47:30	6,37	32,35	34,46	34,36	1480,67
3212	15.07.2025 20:47:31	6,37	32,39	34,46	34,36	1480,68
3213	15.07.2025 20:47:32	6,37	32,44	34,46	34,36	1480,69
3214	15.07.2025 20:47:33	6,37	32,48	34,46	34,36	1480,69
3215	15.07.2025 20:47:34	6,37	32,51	34,46	34,36	1480,70
3216	15.07.2025 20:47:35	6,37	32,56	34,45	34,36	1480,71
3217	15.07.2025 20:47:36	6,37	32,60	34,45	34,36	1480,71
3218	15.07.2025 20:47:37	6,37	32,65	34,45	34,36	1480,72
3219	15.07.2025 20:47:38	6,37	32,69	34,45	34,36	1480,73
3220	15.07.2025 20:47:39	6,37	32,74	34,45	34,36	1480,73
3221	15.07.2025 20:47:40	6,37	32,77	34,45	34,36	1480,74
3222	15.07.2025 20:47:41	6,33	32,82	34,49	34,36	1480,65
3223	15.07.2025 20:47:42	6,33	32,86	34,49	34,36	1480,66
3224	15.07.2025 20:47:43	6,33	32,89	34,49	34,36	1480,66
3225	15.07.2025 20:47:44	6,33	32,95	34,49	34,36	1480,67
3226	15.07.2025 20:47:45	6,33	32,98	34,49	34,36	1480,68
3227	15.07.2025 20:47:46	6,33	33,02	34,49	34,36	1480,68
3228	15.07.2025 20:47:47	6,33	33,05	34,49	34,36	1480,69
3229	15.07.2025 20:47:48	6,33	33,11	34,49	34,36	1480,70
3230	15.07.2025 20:47:49	6,33	33,14	34,49	34,36	1480,70
3231	15.07.2025 20:47:50	6,33	33,18	34,49	34,36	1480,71
3232	15.07.2025 20:47:51	6,33	33,25	34,49	34,36	1480,72
3233	15.07.2025 20:47:52	6,33	33,26	34,49	34,36	1480,72
3234	15.07.2025 20:47:53	6,33	33,30	34,49	34,36	1480,73
3235	15.07.2025 20:47:54	6,33	33,35	34,48	34,36	1480,74
3236	15.07.2025 20:47:55	6,33	33,40	34,48	34,36	1480,74
3237	15.07.2025 20:47:56	6,33	33,42	34,48	34,36	1480,75
3238	15.07.2025 20:47:57	6,33	33,47	34,48	34,36	1480,75
3239	15.07.2025 20:47:58	6,33	33,51	34,45	34,33	1480,72
3240	15.07.2025 20:47:59	6,33	33,56	34,48	34,36	1480,77
3241	15.07.2025 20:48:00	6,33	33,60	34,48	34,36	1480,77
3242	15.07.2025 20:48:01	6,33	33,63	34,48	34,36	1480,78
3243	15.07.2025 20:48:02	6,33	33,68	34,48	34,36	1480,79
3244	15.07.2025 20:48:03	6,33	33,72	34,48	34,36	1480,79
3245	15.07.2025 20:48:04	6,33	33,77	34,48	34,36	1480,80
3246	15.07.2025 20:48:05	6,33	33,81	34,48	34,36	1480,81
3247	15.07.2025 20:48:06	6,33	33,84	34,48	34,36	1480,81
3248	15.07.2025 20:48:07	6,33	33,89	34,48	34,36	1480,82
3249	15.07.2025 20:48:08	6,30	33,94	34,52	34,36	1480,73
3250	15.07.2025 20:48:09	6,33	33,96	34,48	34,36	1480,83
3251	15.07.2025 20:48:10	6,33	34,02	34,48	34,36	1480,84
3252	15.07.2025 20:48:11	6,30	34,07	34,52	34,36	1480,75
3253	15.07.2025 20:48:12	6,30	34,10	34,52	34,36	1480,76
3254	15.07.2025 20:48:13	6,30	34,15	34,51	34,36	1480,77
3255	15.07.2025 20:48:14	6,30	34,19	34,51	34,36	1480,77
3256	15.07.2025 20:48:15	6,30	34,24	34,48	34,33	1480,74
3257	15.07.2025 20:48:16	6,30	34,28	34,48	34,33	1480,75
3258	15.07.2025 20:48:17	6,30	34,33	34,48	34,33	1480,76
3259	15.07.2025 20:48:18	6,30	34,36	34,48	34,33	1480,76
3260	15.07.2025 20:48:19	6,30	34,40	34,48	34,33	1480,77
3261	15.07.2025 20:48:20	6,30	34,47	34,48	34,33	1480,78
3262	15.07.2025 20:48:21	6,30	34,50	34,48	34,33	1480,78
3263	15.07.2025 20:48:22	6,30	34,54	34,48	34,33	1480,79
3264	15.07.2025 20:48:23	6,30	34,59	34,48	34,33	1480,80
3265	15.07.2025 20:48:24	6,26	34,63	34,52	34,33	1480,71
3266	15.07.2025 20:48:25	6,26	34,68	34,52	34,33	1480,72
3267	15.07.2025 20:48:26	6,26	34,75	34,52	34,33	1480,73
3268	15.07.2025 20:48:27	6,26	34,78	34,52	34,33	1480,73
3269	15.07.2025 20:48:28	6,26	34,80	34,52	34,33	1480,74
3270	15.07.2025 20:48:29	6,26	34,85	34,49	34,31	1480,71
3271	15.07.2025 20:48:30	6,26	34,89	34,49	34,31	1480,71
3272	15.07.2025 20:48:31	6,26	34,94	34,49	34,31	1480,72
3273	15.07.2025 20:48:32	6,26	34,98	34,49	34,31	1480,73
3274	15.07.2025 20:48:33	6,26	35,05	34,48	34,31	1480,74
3275	15.07.2025 20:48:34	6,26	35,08	34,48	34,31	1480,74
3276	15.07.2025 20:48:35	6,26	35,13	34,48	34,31	1480,75
3277	15.07.2025 20:48:36	6,26	35,15	34,48	34,31	1480,75
3278	15.07.2025 20:48:37	6,26	35,22	34,48	34,31	1480,76
3279	15.07.2025 20:48:38	6,26	35,27	34,48	34,31	1480,77
3280	15.07.2025 20:48:39	6,26	35,31	34,48	34,31	1480,78
3281	15.07.2025 20:48:40	6,26	35,34	34,48	34,31	1480,78
3282	15.07.2025 20:48:41	6,23	35,38	34,52	34,30	1480,69
3283	15.07.2025 20:48:42	6,23	35,43	34,49	34,28	1480,66
3284	15.07.2025 20:48:43	6,23	35,48	34,52	34,30	1480,71
3285	15.07.2025 20:48:44	6,23	35,52	34,49	34,28	1480,68
3286	15.07.2025 20:48:45	6,23	35,55	34,49	34,28	1480,68
3287	15.07.2025 20:48:46	6,23	35,60	34,49	34,28	1480,69
3288	15.07.2025 20:48:47	6,23	35,66	34,49	34,28	1480,70
3289	15.07.2025 20:48:48	6,23	35,69	34,49	34,28	1480,71
3290	15.07.2025 20:48:49	6,23	35,74	34,49	34,28	1480,71
3291	15.07.2025 20:48:50	6,23	35,78	34,49	34,28	1480,72
3292	15.07.2025 20:48:51	6,23	35,83	34,49	34,28	1480,73
3293	15.07.2025 20:48:52	6,23	35,87	34,49	34,28	1480,73
3294	15.07.2025 20:48:53	6,23	35,90	34,49	34,28	1480,74
3295	15.07.2025 20:48:54	6,23	35,96	34,48	34,28	1480,75
3296	15.07.2025 20:48:55	6,19	36,01	34,52	34,28	1480,66
3297	15.07.2025 20:48:56	6,19	36,02	34,52	34,28	1480,66
3298	15.07.2025 20:48:57	6,19	36,08	34,52	34,28	1480,67
3299	15.07.2025 20:48:58	6,19	36,11	34,49	34,25	1480,64
3300	15.07.2025 20:48:59	6,19	36,18	34,49	34,25	1480,65
3301	15.07.2025 20:49:00	6,19	36,22	34,49	34,25	1480,66
3302	15.07.2025 20:49:01	6,19	36,25	34,49	34,25	1480,66
3303	15.07.2025 20:49:02	6,19	36,29	34,49	34,25	1480,67
3304	15.07.2025 20:49:03	6,19	36,34	34,49	34,25	1480,67
3305	15.07.2025 20:49:04	6,19	36,37	34,49	34,25	1480,68
3306	15.07.2025 20:49:05	6,19	36,43	34,49	34,25	1480,69
3307	15.07.2025 20:49:06	6,19	36,46	34,49	34,25	1480,69
3308	15.07.2025 20:49:07	6,16	36,49	34,52	34,25	1480,60
3309	15.07.2025 20:49:08	6,16	36,55	34,52	34,25	1480,61
3310	15.07.2025 20:49:09	6,16	36,58	34,52	34,25	1480,62
3311	15.07.2025 20:49:10	6,16	36,62	34,52	34,25	1480,62
3312	15.07.2025 20:49:11	6,16	36,65	34,52	34,25	1480,63
3313	15.07.2025 20:49:12	6,16	36,69	34,52	34,25	1480,63
3314	15.07.2025 20:49:13	6,16	36,74	34,52	34,25	1480,64
3315	15.07.2025 20:49:14	6,16	36,77	34,52	34,25	1480,65
3316	15.07.2025 20:49:15	6,16	36,81	34,52	34,25	1480,65
3317	15.07.2025 20:49:16	6,16	36,86	34,52	34,25	1480,66
3318	15.07.2025 20:49:17	6,16	36,90	34,52	34,25	1480,67
3319	15.07.2025 20:49:18	6,16	36,93	34,49	34,22	1480,63
3320	15.07.2025 20:49:19	6,16	36,97	34,52	34,25	1480,68
3321	15.07.2025 20:49:20	6,16	37,02	34,49	34,22	1480,65
3322	15.07.2025 20:49:21	6,16	37,05	34,49	34,22	1480,65
3323	15.07.2025 20:49:22	6,16	37,09	34,49	34,22	1480,66
3324	15.07.2025 20:49:23	6,16	37,09	34,49	34,22	1480,66
3325	15.07.2025 20:49:24	6,16	37,14	34,49	34,22	1480,67
3326	15.07.2025 20:49:25	6,16	37,19	34,49	34,22	1480,68
3327	15.07.2025 20:49:26	6,12	37,21	34,52	34,22	1480,58
3328	15.07.2025 20:49:27	6,12	37,26	34,52	34,22	1480,59
3329	15.07.2025 20:49:28	6,12	37,28	34,52	34,22	1480,59
3330	15.07.2025 20:49:29	6,12	37,32	34,52	34,22	1480,60
3331	15.07.2025 20:49:30	6,12	37,33	34,49	34,19	1480,56
3332	15.07.2025 20:49:31	6,12	37,37	34,49	34,19	1480,57
3333	15.07.2025 20:49:32	6,12	37,40	34,49	34,19	1480,58
3334	15.07.2025 20:49:33	6,12	37,42	34,49	34,19	1480,58
3335	15.07.2025 20:49:34	6,12	37,44	34,49	34,19	1480,58
3336	15.07.2025 20:49:35	6,12	37,46	34,49	34,19	1480,58
3337	15.07.2025 20:49:36	6,12	37,49	34,49	34,19	1480,59
3338	15.07.2025 20:49:37	6,12	37,53	34,49	34,19	1480,59
3339	15.07.2025 20:49:38	6,12	37,54	34,52	34,22	1480,64
3340	15.07.2025 20:49:39	6,12	37,56	34,52	34,22	1480,64
3341	15.07.2025 20:49:40	6,12	37,58	34,52	34,22	1480,64
3342	15.07.2025 20:49:41	6,12	37,60	34,49	34,19	1480,61
3343	15.07.2025 20:49:42	6,12	37,61	34,52	34,22	1480,65
3344	15.07.2025 20:49:43	6,12	37,61	34,52	34,22	1480,65
3345	15.07.2025 20:49:44	6,12	37,63	34,49	34,19	1480,61
3346	15.07.2025 20:49:45	6,12	37,65	34,52	34,22	1480,65
3347	15.07.2025 20:49:46	6,09	37,66	34,52	34,19	1480,52
3348	15.07.2025 20:49:47	6,09	37,66	34,52	34,19	1480,52
3349	15.07.2025 20:49:48	6,09	37,66	34,55	34,22	1480,56
3350	15.07.2025 20:49:49	6,09	37,68	34,55	34,22	1480,56
3351	15.07.2025 20:49:50	6,09	37,70	34,55	34,22	1480,56
3352	15.07.2025 20:49:51	6,09	37,68	34,55	34,22	1480,56
3353	15.07.2025 20:49:52	6,09	37,70	34,52	34,19	1480,53
3354	15.07.2025 20:49:53	6,09	37,70	34,55	34,22	1480,56
3355	15.07.2025 20:49:54	6,09	37,72	34,55	34,22	1480,57
3356	15.07.2025 20:49:55	6,09	37,72	34,52	34,19	1480,53
3357	15.07.2025 20:49:56	6,09	37,72	34,55	34,22	1480,57
3358	15.07.2025 20:49:57	6,09	37,72	34,55	34,22	1480,57
3359	15.07.2025 20:49:58	6,09	37,72	34,55	34,22	1480,57
3360	15.07.2025 20:49:59	6,09	37,73	34,52	34,19	1480,53
3361	15.07.2025 20:50:00	6,09	37,73	34,52	34,19	1480,53
3362	15.07.2025 20:50:01	6,09	37,75	34,55	34,22	1480,57
3363	15.07.2025 20:50:02	6,09	37,73	34,55	34,22	1480,57
3364	15.07.2025 20:50:03	6,09	37,75	34,55	34,22	1480,57
3365	15.07.2025 20:50:04	6,09	37,75	34,55	34,22	1480,57
3366	15.07.2025 20:50:05	6,09	37,75	34,52	34,19	1480,53
3367	15.07.2025 20:50:06	6,09	37,73	34,52	34,19	1480,53
3368	15.07.2025 20:50:07	6,09	37,77	34,55	34,22	1480,58
3369	15.07.2025 20:50:08	6,09	37,73	34,55	34,22	1480,57
3370	15.07.2025 20:50:09	6,09	37,75	34,55	34,22	1480,57
3371	15.07.2025 20:50:10	6,09	37,75	34,55	34,22	1480,57
3372	15.07.2025 20:50:11	6,09	37,77	34,52	34,19	1480,54
3373	15.07.2025 20:50:12	6,09	37,75	34,52	34,19	1480,53
3374	15.07.2025 20:50:13	6,09	37,77	34,52	34,19	1480,54
3375	15.07.2025 20:50:14	6,09	37,75	34,55	34,22	1480,57
3376	15.07.2025 20:50:15	6,09	37,75	34,55	34,22	1480,57
3377	15.07.2025 20:50:16	6,09	37,75	34,52	34,19	1480,53
3378	15.07.2025 20:50:17	6,09	37,75	34,52	34,19	1480,53
3379	15.07.2025 20:50:18	6,09	37,75	34,55	34,22	1480,57
3380	15.07.2025 20:50:19	6,09	37,75	34,55	34,22	1480,57
3381	15.07.2025 20:50:20	6,09	37,73	34,55	34,22	1480,57
3382	15.07.2025 20:50:21	6,09	37,73	34,55	34,22	1480,57
3383	15.07.2025 20:50:22	6,09	37,75	34,55	34,22	1480,57
3384	15.07.2025 20:50:23	6,09	37,75	34,55	34,22	1480,57
3385	15.07.2025 20:50:24	6,09	37,75	34,52	34,19	1480,53
3386	15.07.2025 20:50:25	6,09	37,75	34,55	34,22	1480,57
3387	15.07.2025 20:50:26	6,09	37,75	34,52	34,19	1480,53
3388	15.07.2025 20:50:27	6,09	37,75	34,55	34,22	1480,57
3389	15.07.2025 20:50:28	6,09	37,75	34,55	34,22	1480,57
3390	15.07.2025 20:50:29	6,09	37,75	34,52	34,19	1480,53
3391	15.07.2025 20:50:30	6,09	37,75	34,52	34,19	1480,53
3392	15.07.2025 20:50:31	6,09	37,73	34,52	34,19	1480,53
3393	15.07.2025 20:50:32	6,09	37,75	34,52	34,19	1480,53
3394	15.07.2025 20:50:33	6,09	37,75	34,52	34,19	1480,53
3395	15.07.2025 20:50:34	6,09	37,75	34,52	34,19	1480,53
3396	15.07.2025 20:50:35	6,09	37,75	34,55	34,22	1480,57
3397	15.07.2025 20:50:36	6,09	37,75	34,52	34,19	1480,53
3398	15.07.2025 20:50:37	6,09	37,75	34,49	34,17	1480,50
3399	15.07.2025 20:50:38	6,09	37,75	34,52	34,19	1480,53
3400	15.07.2025 20:50:39	6,09	37,75	34,52	34,19	1480,53
3401	15.07.2025 20:50:40	6,09	37,75	34,49	34,17	1480,50
3402	15.07.2025 20:50:41	6,09	37,75	34,52	34,19	1480,53
3403	15.07.2025 20:50:42	6,09	37,73	34,49	34,17	1480,49
3404	15.07.2025 20:50:43	6,09	37,75	34,52	34,19	1480,53
3405	15.07.2025 20:50:44	6,09	37,72	34,52	34,19	1480,53
3406	15.07.2025 20:50:45	6,09	37,72	34,52	34,19	1480,53
3407	15.07.2025 20:50:46	6,09	37,73	34,52	34,19	1480,53
3408	15.07.2025 20:50:47	6,09	37,73	34,52	34,19	1480,53
3409	15.07.2025 20:50:48	6,09	37,73	34,52	34,19	1480,53
3410	15.07.2025 20:50:49	6,09	37,73	34,52	34,19	1480,53
3411	15.07.2025 20:50:50	6,09	37,73	34,52	34,19	1480,53
3412	15.07.2025 20:50:51	6,09	37,75	34,52	34,19	1480,53
3413	15.07.2025 20:50:52	6,09	37,73	34,55	34,22	1480,57
3414	15.07.2025 20:50:53	6,09	37,73	34,55	34,22	1480,57
3415	15.07.2025 20:50:54	6,09	37,73	34,52	34,19	1480,53
3416	15.07.2025 20:50:55	6,09	37,73	34,52	34,19	1480,53
3417	15.07.2025 20:50:56	6,09	37,75	34,52	34,19	1480,53
3418	15.07.2025 20:50:57	6,09	37,73	34,52	34,19	1480,53
3419	15.07.2025 20:50:58	6,09	37,73	34,52	34,19	1480,53
3420	15.07.2025 20:50:59	6,09	37,75	34,52	34,19	1480,53
3421	15.07.2025 20:51:00	6,09	37,73	34,52	34,19	1480,53
3422	15.07.2025 20:51:01	6,09	37,73	34,55	34,22	1480,57
3423	15.07.2025 20:51:02	6,09	37,73	34,55	34,22	1480,57
3424	15.07.2025 20:51:03	6,05	37,75	34,56	34,19	1480,44
3425	15.07.2025 20:51:04	6,09	37,75	34,52	34,19	1480,53
3426	15.07.2025 20:51:05	6,05	37,73	34,56	34,19	1480,44
3427	15.07.2025 20:51:06	6,09	37,72	34,52	34,19	1480,53
3428	15.07.2025 20:51:07	6,09	37,75	34,52	34,19	1480,53
3429	15.07.2025 20:51:08	6,09	37,75	34,49	34,17	1480,50
3430	15.07.2025 20:51:09	6,09	37,75	34,55	34,22	1480,57
3431	15.07.2025 20:51:10	6,09	37,73	34,55	34,22	1480,57
3432	15.07.2025 20:51:11	6,05	37,73	34,56	34,19	1480,44
3433	15.07.2025 20:51:12	6,09	37,75	34,52	34,19	1480,53
3434	15.07.2025 20:51:13	6,09	37,75	34,52	34,19	1480,53
3435	15.07.2025 20:51:14	6,09	37,73	34,55	34,22	1480,57
3436	15.07.2025 20:51:15	6,05	37,75	34,56	34,19	1480,44
3437	15.07.2025 20:51:16	6,05	37,77	34,56	34,19	1480,44
3438	15.07.2025 20:51:17	6,09	37,75	34,52	34,19	1480,53
3439	15.07.2025 20:51:18	6,05	37,73	34,56	34,19	1480,44
3440	15.07.2025 20:51:19	6,09	37,73	34,52	34,19	1480,53
3441	15.07.2025 20:51:20	6,09	37,75	34,52	34,19	1480,53
3442	15.07.2025 20:51:21	6,09	37,77	34,52	34,19	1480,54
3443	15.07.2025 20:51:22	6,05	37,75	34,56	34,19	1480,44
3444	15.07.2025 20:51:23	6,05	37,73	34,56	34,19	1480,44
3445	15.07.2025 20:51:24	6,05	37,73	34,56	34,19	1480,44
3446	15.07.2025 20:51:25	6,05	37,75	34,56	34,19	1480,44
3447	15.07.2025 20:51:26	6,05	37,77	34,56	34,19	1480,44
3448	15.07.2025 20:51:27	6,09	37,75	34,52	34,19	1480,53
3449	15.07.2025 20:51:28	6,09	37,77	34,52	34,19	1480,54
3450	15.07.2025 20:51:29	6,09	37,75	34,52	34,19	1480,53
3451	15.07.2025 20:51:30	6,05	37,77	34,56	34,19	1480,44
3452	15.07.2025 20:51:31	6,05	37,77	34,56	34,19	1480,44
3453	15.07.2025 20:51:32	6,09	37,77	34,52	34,19	1480,54
3454	15.07.2025 20:51:33	6,05	37,77	34,56	34,19	1480,44
3455	15.07.2025 20:51:34	6,05	37,77	34,56	34,19	1480,44
3456	15.07.2025 20:51:35	6,05	37,77	34,56	34,19	1480,44
3457	15.07.2025 20:51:36	6,05	37,75	34,56	34,19	1480,44
3458	15.07.2025 20:51:37	6,05	37,77	34,56	34,19	1480,44
3459	15.07.2025 20:51:38	6,05	37,77	34,59	34,22	1480,48
3460	15.07.2025 20:51:39	6,05	37,77	34,56	34,19	1480,44
3461	15.07.2025 20:51:40	6,09	37,77	34,55	34,22	1480,58
3462	15.07.2025 20:51:41	6,05	37,77	34,59	34,22	1480,48
3463	15.07.2025 20:51:42	6,05	37,77	34,56	34,19	1480,44
3464	15.07.2025 20:51:43	6,05	37,77	34,56	34,19	1480,44
3465	15.07.2025 20:51:44	6,05	37,77	34,59	34,22	1480,48
3466	15.07.2025 20:51:45	6,05	37,77	34,56	34,19	1480,44
3467	15.07.2025 20:51:46	6,05	37,77	34,56	34,19	1480,44
3468	15.07.2025 20:51:47	6,05	37,75	34,56	34,19	1480,44
3469	15.07.2025 20:51:48	6,05	37,75	34,56	34,19	1480,44
3470	15.07.2025 20:51:49	6,05	37,75	34,56	34,19	1480,44
3471	15.07.2025 20:51:50	6,05	37,77	34,56	34,19	1480,44
3472	15.07.2025 20:51:51	6,05	37,77	34,56	34,19	1480,44
3473	15.07.2025 20:51:52	6,05	37,77	34,56	34,19	1480,44
3474	15.07.2025 20:51:53	6,05	37,77	34,59	34,22	1480,48
3475	15.07.2025 20:51:54	6,05	37,77	34,59	34,22	1480,48
3476	15.07.2025 20:51:55	6,05	37,77	34,56	34,19	1480,44
3477	15.07.2025 20:51:56	6,05	37,77	34,59	34,22	1480,48
3478	15.07.2025 20:51:57	6,05	37,77	34,59	34,22	1480,48
3479	15.07.2025 20:51:58	6,05	37,77	34,56	34,19	1480,44
3480	15.07.2025 20:51:59	6,05	37,77	34,56	34,19	1480,44
3481	15.07.2025 20:52:00	6,05	37,77	34,56	34,19	1480,44
3482	15.07.2025 20:52:01	6,05	37,77	34,56	34,19	1480,44
3483	15.07.2025 20:52:02	6,05	37,77	34,59	34,22	1480,48
3484	15.07.2025 20:52:03	6,05	37,77	34,59	34,22	1480,48
3485	15.07.2025 20:52:04	6,05	37,78	34,59	34,22	1480,48
3486	15.07.2025 20:52:05	6,05	37,77	34,53	34,17	1480,40
3487	15.07.2025 20:52:06	6,05	37,77	34,56	34,19	1480,44
3488	15.07.2025 20:52:07	6,05	37,77	34,56	34,19	1480,44
3489	15.07.2025 20:52:08	6,05	37,78	34,56	34,19	1480,44
3490	15.07.2025 20:52:09	6,05	37,77	34,56	34,19	1480,44
3491	15.07.2025 20:52:10	6,05	37,77	34,56	34,19	1480,44
3492	15.07.2025 20:52:11	6,05	37,77	34,56	34,19	1480,44
3493	15.07.2025 20:52:12	6,05	37,78	34,56	34,19	1480,44
3494	15.07.2025 20:52:13	6,05	37,78	34,59	34,22	1480,48
3495	15.07.2025 20:52:14	6,05	37,78	34,56	34,19	1480,44
3496	15.07.2025 20:52:15	6,05	37,78	34,56	34,19	1480,44
3497	15.07.2025 20:52:16	6,05	37,78	34,56	34,19	1480,44
3498	15.07.2025 20:52:17	6,05	37,78	34,56	34,19	1480,44
3499	15.07.2025 20:52:18	6,05	37,78	34,56	34,19	1480,44
3500	15.07.2025 20:52:19	6,05	37,78	34,56	34,19	1480,44
3501	15.07.2025 20:52:20	6,05	37,78	34,56	34,19	1480,44
3502	15.07.2025 20:52:21	6,05	37,77	34,56	34,19	1480,44
3503	15.07.2025 20:52:22	6,05	37,77	34,59	34,22	1480,48
3504	15.07.2025 20:52:23	6,05	37,78	34,59	34,22	1480,48
3505	15.07.2025 20:52:24	6,05	37,78	34,56	34,19	1480,44
3506	15.07.2025 20:52:25	6,05	37,78	34,56	34,19	1480,44
3507	15.07.2025 20:52:26	6,05	37,77	34,56	34,19	1480,44
3508	15.07.2025 20:52:27	6,05	37,78	34,56	34,19	1480,44
3509	15.07.2025 20:52:28	6,05	37,78	34,56	34,19	1480,44
3510	15.07.2025 20:52:29	6,05	37,78	34,59	34,22	1480,48
3511	15.07.2025 20:52:30	6,05	37,78	34,56	34,19	1480,44
3512	15.07.2025 20:52:31	6,05	37,78	34,56	34,19	1480,44
3513	15.07.2025 20:52:32	6,05	37,78	34,56	34,19	1480,44
3514	15.07.2025 20:52:33	6,05	37,77	34,56	34,19	1480,44
3515	15.07.2025 20:52:34	6,05	37,77	34,56	34,19	1480,44
3516	15.07.2025 20:52:35	6,05	37,77	34,59	34,22	1480,48
3517	15.07.2025 20:52:36	6,05	37,78	34,56	34,19	1480,44
3518	15.07.2025 20:52:37	6,05	37,78	34,56	34,19	1480,44
3519	15.07.2025 20:52:38	6,05	37,77	34,56	34,19	1480,44
3520	15.07.2025 20:52:39	6,05	37,77	34,56	34,19	1480,44
3521	15.07.2025 20:52:40	6,05	37,78	34,56	34,19	1480,44
3522	15.07.2025 20:52:41	6,05	37,78	34,56	34,19	1480,44
3523	15.07.2025 20:52:42	6,05	37,78	34,56	34,19	1480,44
3524	15.07.2025 20:52:43	6,05	37,78	34,56	34,19	1480,44
3525	15.07.2025 20:52:44	6,05	37,78	34,59	34,22	1480,48
3526	15.07.2025 20:52:45	6,05	37,78	34,56	34,19	1480,44
3527	15.07.2025 20:52:46	6,05	37,78	34,56	34,19	1480,44
3528	15.07.2025 20:52:47	6,05	37,80	34,56	34,19	1480,45
3529	15.07.2025 20:52:48	6,05	37,78	34,56	34,19	1480,44
3530	15.07.2025 20:52:49	6,05	37,78	34,56	34,19	1480,44
3531	15.07.2025 20:52:50	6,05	37,77	34,56	34,19	1480,44
3532	15.07.2025 20:52:51	6,05	37,78	34,56	34,19	1480,44
3533	15.07.2025 20:52:52	6,05	37,78	34,56	34,19	1480,44
3534	15.07.2025 20:52:53	6,05	37,80	34,56	34,19	1480,45
3535	15.07.2025 20:52:54	6,05	37,78	34,56	34,19	1480,44
3536	15.07.2025 20:52:55	6,05	37,78	34,56	34,19	1480,44
3537	15.07.2025 20:52:56	6,05	37,80	34,56	34,19	1480,45
3538	15.07.2025 20:52:57	6,05	37,80	34,56	34,19	1480,45
3539	15.07.2025 20:52:58	6,05	37,80	34,56	34,19	1480,45
3540	15.07.2025 20:52:59	6,05	37,80	34,56	34,19	1480,45
3541	15.07.2025 20:53:00	6,05	37,80	34,56	34,19	1480,45
3542	15.07.2025 20:53:01	6,05	37,80	34,56	34,19	1480,45
3543	15.07.2025 20:53:02	6,05	37,80	34,56	34,19	1480,45
3544	15.07.2025 20:53:03	6,05	37,80	34,56	34,19	1480,45
3545	15.07.2025 20:53:04	6,05	37,80	34,56	34,19	1480,45
3546	15.07.2025 20:53:05	6,05	37,80	34,56	34,19	1480,45
3547	15.07.2025 20:53:06	6,05	37,80	34,56	34,19	1480,45
3548	15.07.2025 20:53:07	6,05	37,80	34,56	34,19	1480,45
3549	15.07.2025 20:53:08	6,05	37,80	34,56	34,19	1480,45
3550	15.07.2025 20:53:09	6,05	37,80	34,56	34,19	1480,45
3551	15.07.2025 20:53:10	6,05	37,82	34,59	34,22	1480,49
3552	15.07.2025 20:53:11	6,05	37,80	34,56	34,19	1480,45
3553	15.07.2025 20:53:12	6,05	37,80	34,56	34,19	1480,45
3554	15.07.2025 20:53:13	6,05	37,80	34,56	34,19	1480,45
3555	15.07.2025 20:53:14	6,05	37,80	34,56	34,19	1480,45
3556	15.07.2025 20:53:15	6,05	37,78	34,56	34,19	1480,44
3557	15.07.2025 20:53:16	6,05	37,82	34,56	34,19	1480,45
3558	15.07.2025 20:53:17	6,05	37,80	34,56	34,19	1480,45
3559	15.07.2025 20:53:18	6,05	37,80	34,56	34,19	1480,45
3560	15.07.2025 20:53:19	6,05	37,80	34,56	34,19	1480,45
3561	15.07.2025 20:53:20	6,05	37,82	34,56	34,19	1480,45
3562	15.07.2025 20:53:21	6,05	37,82	34,59	34,22	1480,49
3563	15.07.2025 20:53:22	6,05	37,80	34,56	34,19	1480,45
3564	15.07.2025 20:53:23	6,05	37,80	34,56	34,19	1480,45
3565	15.07.2025 20:53:24	6,05	37,80	34,56	34,19	1480,45
3566	15.07.2025 20:53:25	6,05	37,80	34,56	34,19	1480,45
3567	15.07.2025 20:53:26	6,05	37,80	34,56	34,19	1480,45
3568	15.07.2025 20:53:27	6,05	37,82	34,56	34,19	1480,45
3569	15.07.2025 20:53:28	6,05	37,80	34,56	34,19	1480,45
3570	15.07.2025 20:53:29	6,05	37,80	34,59	34,22	1480,49
3571	15.07.2025 20:53:30	6,05	37,82	34,56	34,19	1480,45
3572	15.07.2025 20:53:31	6,05	37,82	34,53	34,17	1480,41
3573	15.07.2025 20:53:32	6,05	37,82	34,56	34,19	1480,45
3574	15.07.2025 20:53:33	6,05	37,80	34,56	34,19	1480,45
3575	15.07.2025 20:53:34	6,05	37,80	34,56	34,19	1480,45
3576	15.07.2025 20:53:35	6,05	37,80	34,56	34,19	1480,45
3577	15.07.2025 20:53:36	6,05	37,82	34,56	34,19	1480,45
3578	15.07.2025 20:53:37	6,05	37,82	34,56	34,19	1480,45
3579	15.07.2025 20:53:38	6,05	37,80	34,56	34,19	1480,45
3580	15.07.2025 20:53:39	6,05	37,82	34,56	34,19	1480,45
3581	15.07.2025 20:53:40	6,05	37,82	34,56	34,19	1480,45
3582	15.07.2025 20:53:41	6,05	37,82	34,56	34,19	1480,45
3583	15.07.2025 20:53:42	6,05	37,82	34,56	34,19	1480,45
3584	15.07.2025 20:53:43	6,05	37,82	34,56	34,19	1480,45
3585	15.07.2025 20:53:44	6,05	37,82	34,56	34,19	1480,45
3586	15.07.2025 20:53:45	6,05	37,82	34,56	34,19	1480,45
3587	15.07.2025 20:53:46	6,05	37,84	34,56	34,19	1480,45
3588	15.07.2025 20:53:47	6,05	37,82	34,56	34,19	1480,45
3589	15.07.2025 20:53:48	6,05	37,84	34,56	34,19	1480,45
3590	15.07.2025 20:53:49	6,05	37,82	34,56	34,19	1480,45
3591	15.07.2025 20:53:50	6,05	37,82	34,56	34,19	1480,45
3592	15.07.2025 20:53:51	6,05	37,84	34,56	34,19	1480,45
3593	15.07.2025 20:53:52	6,05	37,82	34,56	34,19	1480,45
3594	15.07.2025 20:53:53	6,05	37,84	34,56	34,19	1480,45
3595	15.07.2025 20:53:54	6,05	37,84	34,56	34,19	1480,45
3596	15.07.2025 20:53:55	6,05	37,82	34,59	34,22	1480,49
3597	15.07.2025 20:53:56	6,05	37,82	34,56	34,19	1480,45
3598	15.07.2025 20:53:57	6,05	37,84	34,56	34,19	1480,45
3599	15.07.2025 20:53:58	6,05	37,82	34,56	34,19	1480,45
3600	15.07.2025 20:53:59	6,05	37,84	34,56	34,19	1480,45
3601	15.07.2025 20:54:00	6,05	37,82	34,56	34,19	1480,45
3602	15.07.2025 20:54:01	6,05	37,84	34,56	34,19	1480,45
3603	15.07.2025 20:54:02	6,05	37,85	34,56	34,19	1480,46
3604	15.07.2025 20:54:03	6,05	37,84	34,56	34,19	1480,45
3605	15.07.2025 20:54:04	6,05	37,82	34,53	34,17	1480,41
3606	15.07.2025 20:54:05	6,05	37,84	34,56	34,19	1480,45
3607	15.07.2025 20:54:06	6,05	37,84	34,56	34,19	1480,45
3608	15.07.2025 20:54:07	6,05	37,84	34,56	34,19	1480,45
3609	15.07.2025 20:54:08	6,05	37,82	34,56	34,19	1480,45
3610	15.07.2025 20:54:09	6,05	37,84	34,56	34,19	1480,45
3611	15.07.2025 20:54:10	6,05	37,84	34,56	34,19	1480,45
3612	15.07.2025 20:54:11	6,05	37,84	34,56	34,19	1480,45
3613	15.07.2025 20:54:12	6,05	37,84	34,56	34,19	1480,45
3614	15.07.2025 20:54:13	6,05	37,84	34,59	34,22	1480,49
3615	15.07.2025 20:54:14	6,05	37,84	34,56	34,19	1480,45
3616	15.07.2025 20:54:15	6,05	37,82	34,56	34,19	1480,45
3617	15.07.2025 20:54:16	6,05	37,84	34,56	34,19	1480,45
3618	15.07.2025 20:54:17	6,05	37,84	34,56	34,19	1480,45
3619	15.07.2025 20:54:18	6,05	37,84	34,56	34,19	1480,45
3620	15.07.2025 20:54:19	6,05	37,82	34,56	34,19	1480,45
3621	15.07.2025 20:54:20	6,05	37,82	34,56	34,19	1480,45
3622	15.07.2025 20:54:21	6,05	37,82	34,56	34,19	1480,45
3623	15.07.2025 20:54:22	6,05	37,82	34,56	34,19	1480,45
3624	15.07.2025 20:54:23	6,05	37,82	34,56	34,19	1480,45
3625	15.07.2025 20:54:24	6,05	37,80	34,56	34,19	1480,45
3626	15.07.2025 20:54:25	6,05	37,80	34,53	34,17	1480,41
3627	15.07.2025 20:54:26	6,05	37,80	34,53	34,17	1480,41
3628	15.07.2025 20:54:27	6,05	37,80	34,56	34,19	1480,45
3629	15.07.2025 20:54:28	6,05	37,78	34,56	34,19	1480,44
3630	15.07.2025 20:54:29	6,05	37,78	34,53	34,17	1480,41
3631	15.07.2025 20:54:30	6,05	37,78	34,50	34,14	1480,37
3632	15.07.2025 20:54:31	6,05	37,77	34,56	34,19	1480,44
3633	15.07.2025 20:54:32	6,05	37,77	34,56	34,19	1480,44
3634	15.07.2025 20:54:33	6,05	37,77	34,56	34,19	1480,44
3635	15.07.2025 20:54:34	6,05	37,75	34,56	34,19	1480,44
3636	15.07.2025 20:54:35	6,05	37,75	34,56	34,19	1480,44
3637	15.07.2025 20:54:36	6,05	37,75	34,56	34,19	1480,44
3638	15.07.2025 20:54:37	6,05	37,73	34,56	34,19	1480,44
3639	15.07.2025 20:54:38	6,05	37,75	34,56	34,19	1480,44
3640	15.07.2025 20:54:39	6,05	37,73	34,56	34,19	1480,44
3641	15.07.2025 20:54:40	6,05	37,73	34,56	34,19	1480,44
3642	15.07.2025 20:54:41	6,05	37,73	34,56	34,19	1480,44
3643	15.07.2025 20:54:42	6,05	37,73	34,56	34,19	1480,44
3644	15.07.2025 20:54:43	6,05	37,73	34,56	34,19	1480,44
3645	15.07.2025 20:54:44	6,05	37,71	34,59	34,22	1480,47
3646	15.07.2025 20:54:45	6,05	37,71	34,56	34,19	1480,43
3647	15.07.2025 20:54:46	6,05	37,71	34,56	34,19	1480,43
3648	15.07.2025 20:54:47	6,05	37,70	34,56	34,19	1480,43
3649	15.07.2025 20:54:48	6,05	37,70	34,56	34,19	1480,43
3650	15.07.2025 20:54:49	6,05	37,68	34,56	34,19	1480,43
3651	15.07.2025 20:54:50	6,05	37,70	34,56	34,19	1480,43
3652	15.07.2025 20:54:51	6,05	37,68	34,56	34,19	1480,43
3653	15.07.2025 20:54:52	6,05	37,66	34,56	34,19	1480,43
3654	15.07.2025 20:54:53	6,05	37,64	34,56	34,19	1480,42
3655	15.07.2025 20:54:54	6,05	37,66	34,56	34,19	1480,43
3656	15.07.2025 20:54:55	6,05	37,64	34,56	34,19	1480,42
3657	15.07.2025 20:54:56	6,05	37,63	34,56	34,19	1480,42
3658	15.07.2025 20:54:57	6,05	37,63	34,56	34,19	1480,42
3659	15.07.2025 20:54:58	6,05	37,63	34,56	34,19	1480,42
3660	15.07.2025 20:54:59	6,05	37,59	34,59	34,22	1480,45
3661	15.07.2025 20:55:00	6,05	37,59	34,56	34,19	1480,41
3662	15.07.2025 20:55:01	6,05	37,57	34,56	34,19	1480,41
3663	15.07.2025 20:55:02	6,05	37,56	34,56	34,19	1480,41
3664	15.07.2025 20:55:03	6,05	37,54	34,56	34,19	1480,41
3665	15.07.2025 20:55:04	6,05	37,54	34,56	34,19	1480,41
3666	15.07.2025 20:55:05	6,05	37,52	34,59	34,22	1480,44
3667	15.07.2025 20:55:06	6,05	37,50	34,56	34,19	1480,40
3668	15.07.2025 20:55:07	6,05	37,50	34,59	34,22	1480,44
3669	15.07.2025 20:55:08	6,05	37,47	34,59	34,22	1480,43
3670	15.07.2025 20:55:09	6,05	37,45	34,59	34,22	1480,43
3671	15.07.2025 20:55:10	6,05	37,45	34,56	34,19	1480,39
3672	15.07.2025 20:55:11	6,05	37,43	34,59	34,22	1480,43
3673	15.07.2025 20:55:12	6,05	37,42	34,59	34,22	1480,43
3674	15.07.2025 20:55:13	6,05	37,42	34,59	34,22	1480,43
3675	15.07.2025 20:55:14	6,05	37,38	34,59	34,22	1480,42
3676	15.07.2025 20:55:15	6,05	37,36	34,56	34,19	1480,38
3677	15.07.2025 20:55:16	6,05	37,36	34,59	34,22	1480,42
3678	15.07.2025 20:55:17	6,05	37,35	34,59	34,22	1480,41
3679	15.07.2025 20:55:18	6,05	37,31	34,59	34,22	1480,41
3680	15.07.2025 20:55:19	6,05	37,31	34,59	34,22	1480,41
3681	15.07.2025 20:55:20	6,09	37,30	34,56	34,22	1480,50
3682	15.07.2025 20:55:21	6,09	37,28	34,56	34,22	1480,50
3683	15.07.2025 20:55:22	6,09	37,26	34,56	34,22	1480,50
3684	15.07.2025 20:55:23	6,09	37,23	34,56	34,22	1480,49
3685	15.07.2025 20:55:24	6,09	37,21	34,56	34,22	1480,49
3686	15.07.2025 20:55:25	6,09	37,21	34,56	34,22	1480,49
3687	15.07.2025 20:55:26	6,09	37,17	34,56	34,22	1480,48
3688	15.07.2025 20:55:27	6,09	37,16	34,56	34,22	1480,48
3689	15.07.2025 20:55:28	6,09	37,14	34,59	34,25	1480,52
3690	15.07.2025 20:55:29	6,09	37,10	34,56	34,22	1480,47
3691	15.07.2025 20:55:30	6,09	37,10	34,56	34,22	1480,47
3692	15.07.2025 20:55:31	6,09	37,07	34,59	34,25	1480,50
3693	15.07.2025 20:55:32	6,09	37,05	34,59	34,25	1480,50
3694	15.07.2025 20:55:33	6,09	37,02	34,56	34,22	1480,46
3695	15.07.2025 20:55:34	6,09	36,98	34,59	34,25	1480,49
3696	15.07.2025 20:55:35	6,09	36,98	34,56	34,22	1480,45
3697	15.07.2025 20:55:36	6,09	36,96	34,56	34,22	1480,45
3698	15.07.2025 20:55:37	6,09	36,93	34,56	34,22	1480,44
3699	15.07.2025 20:55:38	6,09	36,91	34,59	34,25	1480,48
3700	15.07.2025 20:55:39	6,09	36,88	34,59	34,25	1480,47
3701	15.07.2025 20:55:40	6,09	36,84	34,59	34,25	1480,47
3702	15.07.2025 20:55:41	6,09	36,84	34,59	34,25	1480,47
3703	15.07.2025 20:55:42	6,09	36,82	34,59	34,25	1480,47
3704	15.07.2025 20:55:43	6,09	36,79	34,59	34,25	1480,46
3705	15.07.2025 20:55:44	6,09	36,75	34,59	34,25	1480,45
3706	15.07.2025 20:55:45	6,09	36,74	34,59	34,25	1480,45
3707	15.07.2025 20:55:46	6,09	36,70	34,59	34,25	1480,45
3708	15.07.2025 20:55:47	6,09	36,68	34,59	34,25	1480,44
3709	15.07.2025 20:55:48	6,09	36,67	34,59	34,25	1480,44
3710	15.07.2025 20:55:49	6,09	36,63	34,59	34,25	1480,44
3711	15.07.2025 20:55:50	6,09	36,60	34,59	34,25	1480,43
3712	15.07.2025 20:55:51	6,09	36,60	34,59	34,25	1480,43
3713	15.07.2025 20:55:52	6,09	36,56	34,59	34,25	1480,42
3714	15.07.2025 20:55:53	6,09	36,53	34,59	34,25	1480,42
3715	15.07.2025 20:55:54	6,09	36,49	34,59	34,25	1480,41
3716	15.07.2025 20:55:55	6,12	36,48	34,58	34,27	1480,54
3717	15.07.2025 20:55:56	6,12	36,44	34,58	34,27	1480,54
3718	15.07.2025 20:55:57	6,12	36,41	34,59	34,27	1480,53
3719	15.07.2025 20:55:58	6,12	36,39	34,59	34,27	1480,53
3720	15.07.2025 20:55:59	6,12	36,37	34,59	34,27	1480,53
3721	15.07.2025 20:56:00	6,12	36,32	34,59	34,27	1480,52
3722	15.07.2025 20:56:01	6,12	36,30	34,59	34,27	1480,52
3723	15.07.2025 20:56:02	6,12	36,28	34,59	34,27	1480,51
3724	15.07.2025 20:56:03	6,12	36,25	34,59	34,27	1480,51
3725	15.07.2025 20:56:04	6,12	36,21	34,59	34,27	1480,50
3726	15.07.2025 20:56:05	6,12	36,20	34,59	34,27	1480,50
3727	15.07.2025 20:56:06	6,12	36,16	34,59	34,27	1480,49
3728	15.07.2025 20:56:07	6,12	36,11	34,62	34,30	1480,52
3729	15.07.2025 20:56:08	6,12	36,09	34,59	34,27	1480,48
3730	15.07.2025 20:56:09	6,12	36,07	34,59	34,27	1480,48
3731	15.07.2025 20:56:10	6,12	36,04	34,59	34,27	1480,48
3732	15.07.2025 20:56:11	6,12	36,02	34,59	34,27	1480,47
3733	15.07.2025 20:56:12	6,16	35,99	34,55	34,28	1480,56
3734	15.07.2025 20:56:13	6,16	35,93	34,55	34,28	1480,55
3735	15.07.2025 20:56:14	6,16	35,93	34,58	34,30	1480,59
3736	15.07.2025 20:56:15	6,16	35,90	34,58	34,30	1480,59
3737	15.07.2025 20:56:16	6,16	35,88	34,58	34,30	1480,58
3738	15.07.2025 20:56:17	6,16	35,86	34,58	34,30	1480,58
3739	15.07.2025 20:56:18	6,16	35,85	34,58	34,30	1480,58
3740	15.07.2025 20:56:19	6,16	35,83	34,58	34,30	1480,58
3741	15.07.2025 20:56:20	6,16	35,83	34,58	34,30	1480,58
3742	15.07.2025 20:56:21	6,16	35,81	34,58	34,30	1480,57
3743	15.07.2025 20:56:22	6,16	35,79	34,58	34,30	1480,57
3744	15.07.2025 20:56:23	6,16	35,76	34,58	34,30	1480,56
3745	15.07.2025 20:56:24	6,16	35,74	34,58	34,30	1480,56
3746	15.07.2025 20:56:25	6,16	35,74	34,58	34,30	1480,56
3747	15.07.2025 20:56:26	6,16	35,71	34,58	34,30	1480,56
3748	15.07.2025 20:56:27	6,16	35,71	34,58	34,30	1480,56
3749	15.07.2025 20:56:28	6,16	35,69	34,58	34,30	1480,55
3750	15.07.2025 20:56:29	6,16	35,67	34,58	34,30	1480,55
3751	15.07.2025 20:56:30	6,16	35,65	34,58	34,30	1480,55
3752	15.07.2025 20:56:31	6,16	35,64	34,58	34,30	1480,55
3753	15.07.2025 20:56:32	6,16	35,64	34,58	34,30	1480,55
3754	15.07.2025 20:56:33	6,16	35,62	34,58	34,30	1480,54
3755	15.07.2025 20:56:34	6,16	35,60	34,58	34,30	1480,54
3756	15.07.2025 20:56:35	6,16	35,58	34,58	34,30	1480,54
3757	15.07.2025 20:56:36	6,16	35,58	34,58	34,30	1480,54
3758	15.07.2025 20:56:37	6,16	35,55	34,58	34,30	1480,53
3759	15.07.2025 20:56:38	6,16	35,55	34,58	34,30	1480,53
3760	15.07.2025 20:56:39	6,16	35,53	34,58	34,30	1480,53
3761	15.07.2025 20:56:40	6,16	35,51	34,59	34,30	1480,53
3762	15.07.2025 20:56:41	6,16	35,51	34,59	34,30	1480,53
3763	15.07.2025 20:56:42	6,16	35,48	34,59	34,30	1480,52
3764	15.07.2025 20:56:43	6,16	35,48	34,59	34,30	1480,52
3765	15.07.2025 20:56:44	6,16	35,46	34,59	34,30	1480,52
3766	15.07.2025 20:56:45	6,19	35,46	34,55	34,30	1480,61
3767	15.07.2025 20:56:46	6,19	35,45	34,55	34,30	1480,61
3768	15.07.2025 20:56:47	6,16	35,44	34,59	34,30	1480,52
3769	15.07.2025 20:56:48	6,16	35,43	34,59	34,30	1480,51
3770	15.07.2025 20:56:49	6,19	35,41	34,55	34,30	1480,60
3771	15.07.2025 20:56:50	6,19	35,41	34,55	34,30	1480,60
3772	15.07.2025 20:56:51	6,16	35,39	34,59	34,30	1480,51
3773	15.07.2025 20:56:52	6,19	35,39	34,55	34,30	1480,60
3774	15.07.2025 20:56:53	6,19	35,36	34,55	34,30	1480,60
3775	15.07.2025 20:56:54	6,19	35,36	34,55	34,30	1480,60
3776	15.07.2025 20:56:55	6,19	35,34	34,55	34,30	1480,59
3777	15.07.2025 20:56:56	6,19	35,32	34,55	34,30	1480,59
3778	15.07.2025 20:56:57	6,19	35,31	34,55	34,30	1480,59
3779	15.07.2025 20:56:58	6,19	35,31	34,55	34,30	1480,59
3780	15.07.2025 20:56:59	6,19	35,29	34,55	34,30	1480,59
3781	15.07.2025 20:57:00	6,19	35,27	34,55	34,30	1480,58
3782	15.07.2025 20:57:01	6,19	35,24	34,55	34,30	1480,58
3783	15.07.2025 20:57:02	6,19	35,22	34,58	34,33	1480,61
3784	15.07.2025 20:57:03	6,19	35,22	34,58	34,33	1480,61
3785	15.07.2025 20:57:04	6,19	35,22	34,55	34,30	1480,57
3786	15.07.2025 20:57:05	6,19	35,18	34,58	34,33	1480,61
3787	15.07.2025 20:57:06	6,19	35,18	34,55	34,30	1480,57
3788	15.07.2025 20:57:07	6,19	35,17	34,58	34,33	1480,60
3789	15.07.2025 20:57:08	6,19	35,17	34,58	34,33	1480,60
3790	15.07.2025 20:57:09	6,19	35,13	34,58	34,33	1480,60
3791	15.07.2025 20:57:10	6,19	35,11	34,58	34,33	1480,60
3792	15.07.2025 20:57:11	6,19	35,11	34,58	34,33	1480,60
3793	15.07.2025 20:57:12	6,19	35,08	34,58	34,33	1480,59
3794	15.07.2025 20:57:13	6,19	35,06	34,58	34,33	1480,59
3795	15.07.2025 20:57:14	6,19	35,06	34,58	34,33	1480,59
3796	15.07.2025 20:57:15	6,19	35,04	34,58	34,33	1480,59
3797	15.07.2025 20:57:16	6,19	35,01	34,58	34,33	1480,58
3798	15.07.2025 20:57:17	6,23	35,01	34,55	34,33	1480,67
3799	15.07.2025 20:57:18	6,23	34,97	34,55	34,33	1480,67
3800	15.07.2025 20:57:19	6,23	34,96	34,55	34,33	1480,67
3801	15.07.2025 20:57:20	6,23	34,96	34,55	34,33	1480,67
3802	15.07.2025 20:57:21	6,23	34,94	34,55	34,33	1480,66
3803	15.07.2025 20:57:22	6,23	34,90	34,55	34,33	1480,66
3804	15.07.2025 20:57:23	6,23	34,90	34,55	34,33	1480,66
3805	15.07.2025 20:57:24	6,23	34,89	34,55	34,33	1480,66
3806	15.07.2025 20:57:25	6,23	34,87	34,55	34,33	1480,65
3807	15.07.2025 20:57:26	6,23	34,85	34,55	34,33	1480,65
3808	15.07.2025 20:57:27	6,23	34,83	34,55	34,33	1480,65
3809	15.07.2025 20:57:28	6,23	34,82	34,55	34,33	1480,64
3810	15.07.2025 20:57:29	6,23	34,80	34,55	34,33	1480,64
3811	15.07.2025 20:57:30	6,23	34,78	34,55	34,33	1480,64
3812	15.07.2025 20:57:31	6,23	34,76	34,55	34,33	1480,64
3813	15.07.2025 20:57:32	6,23	34,75	34,55	34,33	1480,63
3814	15.07.2025 20:57:33	6,23	34,71	34,55	34,33	1480,63
3815	15.07.2025 20:57:34	6,23	34,69	34,55	34,33	1480,63
3816	15.07.2025 20:57:35	6,23	34,68	34,55	34,33	1480,62
3817	15.07.2025 20:57:36	6,23	34,64	34,55	34,33	1480,62
3818	15.07.2025 20:57:37	6,23	34,62	34,55	34,33	1480,61
3819	15.07.2025 20:57:38	6,23	34,62	34,55	34,33	1480,61
3820	15.07.2025 20:57:39	6,23	34,61	34,55	34,33	1480,61
3821	15.07.2025 20:57:40	6,23	34,57	34,58	34,36	1480,64
3822	15.07.2025 20:57:41	6,23	34,55	34,55	34,33	1480,60
3823	15.07.2025 20:57:42	6,23	34,54	34,55	34,33	1480,60
3824	15.07.2025 20:57:43	6,23	34,54	34,55	34,33	1480,60
3825	15.07.2025 20:57:44	6,23	34,50	34,55	34,33	1480,59
3826	15.07.2025 20:57:45	6,23	34,48	34,55	34,33	1480,59
3827	15.07.2025 20:57:46	6,23	34,47	34,55	34,33	1480,59
3828	15.07.2025 20:57:47	6,23	34,45	34,55	34,33	1480,59
3829	15.07.2025 20:57:48	6,23	34,41	34,55	34,33	1480,58
3830	15.07.2025 20:57:49	6,23	34,40	34,58	34,36	1480,62
3831	15.07.2025 20:57:50	6,23	34,38	34,58	34,36	1480,61
3832	15.07.2025 20:57:51	6,23	34,36	34,58	34,36	1480,61
3833	15.07.2025 20:57:52	6,23	34,34	34,58	34,36	1480,61
3834	15.07.2025 20:57:53	6,23	34,31	34,58	34,36	1480,60
3835	15.07.2025 20:57:54	6,26	34,31	34,55	34,36	1480,70
3836	15.07.2025 20:57:55	6,23	34,27	34,58	34,36	1480,60
3837	15.07.2025 20:57:56	6,26	34,26	34,55	34,36	1480,69
3838	15.07.2025 20:57:57	6,26	34,24	34,55	34,36	1480,69
3839	15.07.2025 20:57:58	6,26	34,22	34,55	34,36	1480,68
3840	15.07.2025 20:57:59	6,26	34,21	34,55	34,36	1480,68
3841	15.07.2025 20:58:00	6,26	34,17	34,55	34,36	1480,68
3842	15.07.2025 20:58:01	6,26	34,15	34,55	34,36	1480,67
3843	15.07.2025 20:58:02	6,26	34,14	34,55	34,36	1480,67
3844	15.07.2025 20:58:03	6,26	34,12	34,55	34,36	1480,67
3845	15.07.2025 20:58:04	6,26	34,10	34,55	34,36	1480,66
3846	15.07.2025 20:58:05	6,26	34,08	34,55	34,36	1480,66
3847	15.07.2025 20:58:06	6,26	34,03	34,55	34,36	1480,65
3848	15.07.2025 20:58:07	6,26	34,03	34,55	34,36	1480,65
3849	15.07.2025 20:58:08	6,26	34,01	34,55	34,36	1480,65
3850	15.07.2025 20:58:09	6,26	34,00	34,55	34,36	1480,65
3851	15.07.2025 20:58:10	6,26	33,96	34,55	34,36	1480,64
3852	15.07.2025 20:58:11	6,26	33,94	34,55	34,36	1480,64
3853	15.07.2025 20:58:12	6,26	33,92	34,55	34,36	1480,64
3854	15.07.2025 20:58:13	6,26	33,89	34,55	34,36	1480,63
3855	15.07.2025 20:58:14	6,26	33,87	34,55	34,36	1480,63
3856	15.07.2025 20:58:15	6,26	33,85	34,55	34,36	1480,63
3857	15.07.2025 20:58:16	6,26	33,84	34,55	34,36	1480,62
3858	15.07.2025 20:58:17	6,26	33,82	34,55	34,36	1480,62
3859	15.07.2025 20:58:18	6,26	33,78	34,55	34,36	1480,61
3860	15.07.2025 20:58:19	6,26	33,77	34,55	34,36	1480,61
3861	15.07.2025 20:58:20	6,26	33,73	34,55	34,36	1480,61
3862	15.07.2025 20:58:21	6,26	33,73	34,55	34,36	1480,61
3863	15.07.2025 20:58:22	6,26	33,71	34,55	34,36	1480,60
3864	15.07.2025 20:58:23	6,26	33,70	34,55	34,36	1480,60
3865	15.07.2025 20:58:24	6,26	33,66	34,55	34,36	1480,60
3866	15.07.2025 20:58:25	6,26	33,64	34,55	34,36	1480,59
3867	15.07.2025 20:58:26	6,26	33,64	34,55	34,36	1480,59
3868	15.07.2025 20:58:27	6,26	33,61	34,55	34,36	1480,59
3869	15.07.2025 20:58:28	6,26	33,61	34,55	34,36	1480,59
3870	15.07.2025 20:58:29	6,26	33,59	34,55	34,36	1480,58
3871	15.07.2025 20:58:30	6,26	33,57	34,55	34,36	1480,58
3872	15.07.2025 20:58:31	6,26	33,56	34,55	34,36	1480,58
3873	15.07.2025 20:58:32	6,26	33,54	34,55	34,36	1480,58
3874	15.07.2025 20:58:33	6,26	33,52	34,55	34,36	1480,57
3875	15.07.2025 20:58:34	6,26	33,50	34,55	34,36	1480,57
3876	15.07.2025 20:58:35	6,26	33,47	34,55	34,36	1480,57
3877	15.07.2025 20:58:36	6,26	33,47	34,55	34,36	1480,57
3878	15.07.2025 20:58:37	6,26	33,45	34,55	34,36	1480,56
3879	15.07.2025 20:58:38	6,26	33,43	34,58	34,39	1480,60
3880	15.07.2025 20:58:39	6,26	33,40	34,58	34,39	1480,59
3881	15.07.2025 20:58:40	6,26	33,40	34,58	34,39	1480,59
3882	15.07.2025 20:58:41	6,26	33,36	34,55	34,36	1480,55
3883	15.07.2025 20:58:42	6,26	33,35	34,55	34,36	1480,55
3884	15.07.2025 20:58:43	6,26	33,33	34,55	34,36	1480,54
3885	15.07.2025 20:58:44	6,26	33,31	34,55	34,36	1480,54
3886	15.07.2025 20:58:45	6,26	33,28	34,55	34,36	1480,54
3887	15.07.2025 20:58:46	6,26	33,26	34,58	34,39	1480,57
3888	15.07.2025 20:58:47	6,30	33,24	34,52	34,36	1480,62
3889	15.07.2025 20:58:48	6,26	33,22	34,55	34,36	1480,53
3890	15.07.2025 20:58:49	6,26	33,19	34,55	34,36	1480,52
3891	15.07.2025 20:58:50	6,26	33,15	34,55	34,36	1480,52
3892	15.07.2025 20:58:51	6,30	33,14	34,52	34,36	1480,61
3893	15.07.2025 20:58:52	6,30	33,12	34,52	34,36	1480,61
3894	15.07.2025 20:58:53	6,30	33,10	34,52	34,36	1480,60
3895	15.07.2025 20:58:54	6,30	33,07	34,52	34,36	1480,60
3896	15.07.2025 20:58:55	6,30	33,03	34,52	34,36	1480,59
3897	15.07.2025 20:58:56	6,30	33,00	34,52	34,36	1480,59
3898	15.07.2025 20:58:57	6,30	32,98	34,52	34,36	1480,58
3899	15.07.2025 20:58:58	6,30	32,95	34,52	34,36	1480,58
3900	15.07.2025 20:58:59	6,30	32,95	34,52	34,36	1480,58
3901	15.07.2025 20:59:00	6,30	32,89	34,52	34,36	1480,57
3902	15.07.2025 20:59:01	6,30	32,88	34,52	34,36	1480,57
3903	15.07.2025 20:59:02	6,30	32,86	34,55	34,39	1480,60
3904	15.07.2025 20:59:03	6,30	32,82	34,55	34,39	1480,60
3905	15.07.2025 20:59:04	6,30	32,81	34,52	34,36	1480,56
3906	15.07.2025 20:59:05	6,30	32,77	34,55	34,39	1480,59
3907	15.07.2025 20:59:06	6,30	32,75	34,55	34,39	1480,59
3908	15.07.2025 20:59:07	6,30	32,72	34,55	34,39	1480,58
3909	15.07.2025 20:59:08	6,30	32,68	34,55	34,39	1480,57
3910	15.07.2025 20:59:09	6,30	32,68	34,55	34,39	1480,57
3911	15.07.2025 20:59:10	6,30	32,65	34,55	34,39	1480,57
3912	15.07.2025 20:59:11	6,30	32,61	34,55	34,39	1480,56
3913	15.07.2025 20:59:12	6,30	32,58	34,55	34,39	1480,56
3914	15.07.2025 20:59:13	6,30	32,56	34,55	34,39	1480,56
3915	15.07.2025 20:59:14	6,30	32,53	34,52	34,36	1480,51
3916	15.07.2025 20:59:15	6,30	32,49	34,52	34,36	1480,51
3917	15.07.2025 20:59:16	6,30	32,47	34,52	34,36	1480,50
3918	15.07.2025 20:59:17	6,30	32,47	34,52	34,36	1480,50
3919	15.07.2025 20:59:18	6,30	32,44	34,52	34,36	1480,50
3920	15.07.2025 20:59:19	6,30	32,40	34,52	34,36	1480,49
3921	15.07.2025 20:59:20	6,30	32,39	34,52	34,36	1480,49
3922	15.07.2025 20:59:21	6,30	32,33	34,52	34,36	1480,48
3923	15.07.2025 20:59:22	6,30	32,33	34,52	34,36	1480,48
3924	15.07.2025 20:59:23	6,30	32,30	34,52	34,36	1480,48
3925	15.07.2025 20:59:24	6,30	32,28	34,52	34,36	1480,47
3926	15.07.2025 20:59:25	6,30	32,24	34,52	34,36	1480,47
3927	15.07.2025 20:59:26	6,30	32,23	34,52	34,36	1480,47
3928	15.07.2025 20:59:27	6,30	32,21	34,52	34,36	1480,46
3929	15.07.2025 20:59:28	6,30	32,17	34,49	34,33	1480,42
3930	15.07.2025 20:59:29	6,30	32,16	34,50	34,33	1480,42
3931	15.07.2025 20:59:30	6,30	32,14	34,50	34,33	1480,41
3932	15.07.2025 20:59:31	6,30	32,10	34,50	34,33	1480,41
3933	15.07.2025 20:59:32	6,30	32,09	34,53	34,36	1480,44
3934	15.07.2025 20:59:33	6,30	32,05	34,50	34,33	1480,40
3935	15.07.2025 20:59:34	6,30	32,05	34,53	34,36	1480,44
3936	15.07.2025 20:59:35	6,30	32,00	34,53	34,36	1480,43
3937	15.07.2025 20:59:36	6,30	31,98	34,56	34,39	1480,46
3938	15.07.2025 20:59:37	6,30	31,96	34,56	34,39	1480,46
3939	15.07.2025 20:59:38	6,30	31,95	34,56	34,39	1480,46
3940	15.07.2025 20:59:39	6,30	31,91	34,56	34,39	1480,45
3941	15.07.2025 20:59:40	6,30	31,88	34,56	34,39	1480,45
3942	15.07.2025 20:59:41	6,30	31,88	34,56	34,39	1480,45
3943	15.07.2025 20:59:42	6,33	31,84	34,52	34,39	1480,54
3944	15.07.2025 20:59:43	6,33	31,81	34,52	34,39	1480,53
3945	15.07.2025 20:59:44	6,33	31,79	34,52	34,39	1480,53
3946	15.07.2025 20:59:45	6,33	31,77	34,52	34,39	1480,53
3947	15.07.2025 20:59:46	6,33	31,74	34,52	34,39	1480,52
3948	15.07.2025 20:59:47	6,33	31,72	34,52	34,39	1480,52
3949	15.07.2025 20:59:48	6,33	31,70	34,49	34,36	1480,48
3950	15.07.2025 20:59:49	6,33	31,69	34,52	34,39	1480,51
3951	15.07.2025 20:59:50	6,33	31,67	34,52	34,39	1480,51
3952	15.07.2025 20:59:51	6,33	31,63	34,52	34,39	1480,50
3953	15.07.2025 20:59:52	6,33	31,62	34,52	34,39	1480,50
3954	15.07.2025 20:59:53	6,33	31,60	34,52	34,39	1480,50
3955	15.07.2025 20:59:54	6,33	31,56	34,52	34,39	1480,49
3956	15.07.2025 20:59:55	6,33	31,55	34,52	34,39	1480,49
3957	15.07.2025 20:59:56	6,33	31,51	34,52	34,39	1480,48
3958	15.07.2025 20:59:57	6,33	31,49	34,52	34,39	1480,48
3959	15.07.2025 20:59:58	6,33	31,46	34,52	34,39	1480,48
3960	15.07.2025 20:59:59	6,33	31,46	34,52	34,39	1480,48
3961	15.07.2025 21:00:00	6,33	31,44	34,52	34,39	1480,47
3962	15.07.2025 21:00:01	6,33	31,41	34,52	34,39	1480,47
3963	15.07.2025 21:00:02	6,33	31,39	34,52	34,39	1480,47
3964	15.07.2025 21:00:03	6,33	31,34	34,52	34,39	1480,46
3965	15.07.2025 21:00:04	6,33	31,35	34,52	34,39	1480,46
3966	15.07.2025 21:00:05	6,33	31,32	34,52	34,39	1480,45
3967	15.07.2025 21:00:06	6,33	31,28	34,52	34,39	1480,45
3968	15.07.2025 21:00:07	6,33	31,25	34,52	34,39	1480,44
3969	15.07.2025 21:00:08	6,33	31,25	34,52	34,39	1480,44
3970	15.07.2025 21:00:09	6,33	31,21	34,53	34,39	1480,44
3971	15.07.2025 21:00:10	6,33	31,20	34,53	34,39	1480,44
3972	15.07.2025 21:00:11	6,33	31,18	34,53	34,39	1480,43
3973	15.07.2025 21:00:12	6,33	31,16	34,53	34,39	1480,43
3974	15.07.2025 21:00:13	6,33	31,14	34,53	34,39	1480,43
3975	15.07.2025 21:00:14	6,33	31,11	34,53	34,39	1480,42
3976	15.07.2025 21:00:15	6,33	31,09	34,53	34,39	1480,42
3977	15.07.2025 21:00:16	6,33	31,07	34,53	34,39	1480,42
3978	15.07.2025 21:00:17	6,33	31,04	34,53	34,39	1480,41
3979	15.07.2025 21:00:18	6,33	31,00	34,53	34,39	1480,41
3980	15.07.2025 21:00:19	6,33	30,99	34,53	34,39	1480,40
3981	15.07.2025 21:00:20	6,33	30,97	34,53	34,39	1480,40
3982	15.07.2025 21:00:21	6,33	30,95	34,53	34,39	1480,40
3983	15.07.2025 21:00:22	6,33	30,90	34,53	34,39	1480,39
3984	15.07.2025 21:00:23	6,33	30,90	34,53	34,39	1480,39
3985	15.07.2025 21:00:24	6,33	30,84	34,53	34,39	1480,38
3986	15.07.2025 21:00:25	6,33	30,84	34,53	34,39	1480,38
3987	15.07.2025 21:00:26	6,33	30,81	34,53	34,39	1480,38
3988	15.07.2025 21:00:27	6,33	30,79	34,53	34,39	1480,37
3989	15.07.2025 21:00:28	6,33	30,74	34,53	34,39	1480,36
3990	15.07.2025 21:00:29	6,33	30,72	34,53	34,39	1480,36
3991	15.07.2025 21:00:30	6,37	30,69	34,49	34,39	1480,45
3992	15.07.2025 21:00:31	6,37	30,69	34,49	34,39	1480,45
3993	15.07.2025 21:00:32	6,37	30,65	34,52	34,41	1480,48
3994	15.07.2025 21:00:33	6,37	30,62	34,49	34,39	1480,44
3995	15.07.2025 21:00:34	6,37	30,58	34,52	34,41	1480,47
3996	15.07.2025 21:00:35	6,37	30,57	34,49	34,39	1480,43
3997	15.07.2025 21:00:36	6,37	30,55	34,52	34,41	1480,47
3998	15.07.2025 21:00:37	6,37	30,51	34,52	34,41	1480,46
3999	15.07.2025 21:00:38	6,37	30,50	34,52	34,41	1480,46
4000	15.07.2025 21:00:39	6,37	30,44	34,52	34,41	1480,45
4001	15.07.2025 21:00:40	6,37	30,44	34,52	34,41	1480,45
4002	15.07.2025 21:00:41	6,37	30,41	34,50	34,39	1480,41
4003	15.07.2025 21:00:42	6,37	30,37	34,52	34,41	1480,44
4004	15.07.2025 21:00:43	6,37	30,34	34,53	34,41	1480,43
4005	15.07.2025 21:00:44	6,37	30,32	34,53	34,41	1480,43
4006	15.07.2025 21:00:45	6,37	30,30	34,53	34,41	1480,43
4007	15.07.2025 21:00:46	6,37	30,27	34,50	34,39	1480,38
4008	15.07.2025 21:00:47	6,37	30,23	34,50	34,39	1480,38
4009	15.07.2025 21:00:48	6,37	30,22	34,53	34,41	1480,41
4010	15.07.2025 21:00:49	6,37	30,20	34,53	34,41	1480,41
4011	15.07.2025 21:00:50	6,37	30,16	34,53	34,41	1480,41
4012	15.07.2025 21:00:51	6,37	30,13	34,53	34,41	1480,40
4013	15.07.2025 21:00:52	6,37	30,11	34,53	34,41	1480,40
4014	15.07.2025 21:00:53	6,37	30,08	34,53	34,41	1480,39
4015	15.07.2025 21:00:54	6,37	30,04	34,53	34,41	1480,39
4016	15.07.2025 21:00:55	6,37	30,02	34,53	34,41	1480,38
4017	15.07.2025 21:00:56	6,40	30,01	34,49	34,42	1480,48
4018	15.07.2025 21:00:57	6,40	29,97	34,49	34,42	1480,47
4019	15.07.2025 21:00:58	6,40	29,94	34,49	34,42	1480,46
4020	15.07.2025 21:00:59	6,40	29,92	34,49	34,42	1480,46
4021	15.07.2025 21:01:00	6,40	29,90	34,49	34,42	1480,46
4022	15.07.2025 21:01:01	6,40	29,87	34,49	34,42	1480,45
4023	15.07.2025 21:01:02	6,40	29,85	34,52	34,44	1480,49
4024	15.07.2025 21:01:03	6,40	29,81	34,49	34,42	1480,45
4025	15.07.2025 21:01:04	6,40	29,80	34,49	34,42	1480,44
4026	15.07.2025 21:01:05	6,40	29,78	34,49	34,42	1480,44
4027	15.07.2025 21:01:06	6,40	29,76	34,49	34,42	1480,44
4028	15.07.2025 21:01:07	6,40	29,74	34,49	34,42	1480,43
4029	15.07.2025 21:01:08	6,40	29,71	34,52	34,44	1480,47
4030	15.07.2025 21:01:09	6,40	29,69	34,49	34,42	1480,43
4031	15.07.2025 21:01:10	6,40	29,67	34,49	34,42	1480,42
4032	15.07.2025 21:01:11	6,40	29,66	34,49	34,42	1480,42
4033	15.07.2025 21:01:12	6,40	29,64	34,49	34,42	1480,42
4034	15.07.2025 21:01:13	6,40	29,60	34,52	34,44	1480,45
4035	15.07.2025 21:01:14	6,40	29,59	34,52	34,44	1480,45
4036	15.07.2025 21:01:15	6,40	29,57	34,52	34,44	1480,44
4037	15.07.2025 21:01:16	6,40	29,53	34,50	34,42	1480,40
4038	15.07.2025 21:01:17	6,40	29,50	34,53	34,44	1480,43
4039	15.07.2025 21:01:18	6,40	29,50	34,53	34,44	1480,43
4040	15.07.2025 21:01:19	6,40	29,46	34,53	34,44	1480,43
4041	15.07.2025 21:01:20	6,44	29,45	34,49	34,44	1480,52
4042	15.07.2025 21:01:21	6,44	29,41	34,49	34,44	1480,51
4043	15.07.2025 21:01:22	6,44	29,40	34,49	34,44	1480,51
4044	15.07.2025 21:01:23	6,44	29,38	34,49	34,44	1480,51
4045	15.07.2025 21:01:24	6,44	29,34	34,49	34,44	1480,50
4046	15.07.2025 21:01:25	6,44	29,31	34,49	34,44	1480,50
4047	15.07.2025 21:01:26	6,44	29,27	34,49	34,44	1480,49
4048	15.07.2025 21:01:27	6,44	29,26	34,49	34,44	1480,49
4049	15.07.2025 21:01:28	6,44	29,26	34,49	34,44	1480,49
4050	15.07.2025 21:01:29	6,44	29,22	34,49	34,44	1480,48
4051	15.07.2025 21:01:30	6,44	29,20	34,49	34,44	1480,48
4052	15.07.2025 21:01:31	6,44	29,17	34,49	34,44	1480,48
4053	15.07.2025 21:01:32	6,44	29,17	34,49	34,44	1480,48
4054	15.07.2025 21:01:33	6,44	29,13	34,49	34,44	1480,47
4055	15.07.2025 21:01:34	6,44	29,10	34,46	34,42	1480,43
4056	15.07.2025 21:01:35	6,44	29,08	34,49	34,44	1480,46
4057	15.07.2025 21:01:36	6,44	29,05	34,49	34,44	1480,46
4058	15.07.2025 21:01:37	6,44	29,01	34,49	34,44	1480,45
4059	15.07.2025 21:01:38	6,44	28,99	34,49	34,44	1480,45
4060	15.07.2025 21:01:39	6,44	28,96	34,49	34,44	1480,44
4061	15.07.2025 21:01:40	6,44	28,94	34,49	34,44	1480,44
4062	15.07.2025 21:01:41	6,44	28,91	34,49	34,44	1480,43
4063	15.07.2025 21:01:42	6,44	28,89	34,49	34,44	1480,43
4064	15.07.2025 21:01:43	6,44	28,85	34,49	34,44	1480,43
4065	15.07.2025 21:01:44	6,44	28,82	34,49	34,44	1480,42
4066	15.07.2025 21:01:45	6,44	28,80	34,49	34,44	1480,42
4067	15.07.2025 21:01:46	6,44	28,75	34,49	34,44	1480,41
4068	15.07.2025 21:01:47	6,44	28,73	34,49	34,44	1480,41
4069	15.07.2025 21:01:48	6,47	28,70	34,46	34,44	1480,50
4070	15.07.2025 21:01:49	6,47	28,68	34,46	34,44	1480,49
4071	15.07.2025 21:01:50	6,47	28,66	34,46	34,44	1480,49
4072	15.07.2025 21:01:51	6,47	28,63	34,46	34,44	1480,48
4073	15.07.2025 21:01:52	6,47	28,59	34,46	34,44	1480,48
4074	15.07.2025 21:01:53	6,47	28,57	34,46	34,44	1480,48
4075	15.07.2025 21:01:54	6,47	28,54	34,46	34,44	1480,47
4076	15.07.2025 21:01:55	6,47	28,52	34,46	34,44	1480,47
4077	15.07.2025 21:01:56	6,47	28,47	34,46	34,44	1480,46
4078	15.07.2025 21:01:57	6,47	28,47	34,46	34,44	1480,46
4079	15.07.2025 21:01:58	6,47	28,42	34,46	34,44	1480,45
4080	15.07.2025 21:01:59	6,47	28,40	34,46	34,44	1480,45
4081	15.07.2025 21:02:00	6,47	28,38	34,46	34,44	1480,45
4082	15.07.2025 21:02:01	6,47	28,35	34,46	34,44	1480,44
4083	15.07.2025 21:02:02	6,47	28,31	34,46	34,44	1480,43
4084	15.07.2025 21:02:03	6,47	28,28	34,46	34,44	1480,43
4085	15.07.2025 21:02:04	6,47	28,28	34,46	34,44	1480,43
4086	15.07.2025 21:02:05	6,47	28,24	34,46	34,44	1480,42
4087	15.07.2025 21:02:06	6,47	28,21	34,46	34,44	1480,42
4088	15.07.2025 21:02:07	6,47	28,17	34,46	34,44	1480,41
4089	15.07.2025 21:02:08	6,47	28,15	34,46	34,44	1480,41
4090	15.07.2025 21:02:09	6,47	28,14	34,46	34,44	1480,41
4091	15.07.2025 21:02:10	6,47	28,10	34,46	34,44	1480,40
4092	15.07.2025 21:02:11	6,47	28,07	34,46	34,44	1480,40
4093	15.07.2025 21:02:12	6,47	28,05	34,46	34,44	1480,39
4094	15.07.2025 21:02:13	6,47	28,01	34,46	34,44	1480,39
4095	15.07.2025 21:02:14	6,47	28,00	34,46	34,44	1480,39
4096	15.07.2025 21:02:15	6,47	27,96	34,46	34,44	1480,38
4097	15.07.2025 21:02:16	6,47	27,94	34,47	34,44	1480,38
4098	15.07.2025 21:02:17	6,47	27,93	34,47	34,44	1480,37
4099	15.07.2025 21:02:18	6,47	27,89	34,47	34,44	1480,37
4100	15.07.2025 21:02:19	6,47	27,84	34,47	34,44	1480,36
4101	15.07.2025 21:02:20	6,51	27,82	34,43	34,45	1480,45
4102	15.07.2025 21:02:21	6,47	27,79	34,47	34,44	1480,35
4103	15.07.2025 21:02:22	6,47	27,77	34,47	34,44	1480,35
4104	15.07.2025 21:02:23	6,47	27,73	34,47	34,44	1480,34
4105	15.07.2025 21:02:24	6,51	27,72	34,43	34,45	1480,44
4106	15.07.2025 21:02:25	6,51	27,70	34,43	34,45	1480,43
4107	15.07.2025 21:02:26	6,51	27,66	34,43	34,45	1480,43
4108	15.07.2025 21:02:27	6,51	27,63	34,43	34,45	1480,42
4109	15.07.2025 21:02:28	6,51	27,61	34,43	34,45	1480,42
4110	15.07.2025 21:02:29	6,51	27,59	34,43	34,45	1480,42
4111	15.07.2025 21:02:30	6,51	27,56	34,43	34,45	1480,41
4112	15.07.2025 21:02:31	6,51	27,52	34,43	34,45	1480,41
4113	15.07.2025 21:02:32	6,51	27,49	34,43	34,45	1480,40
4114	15.07.2025 21:02:33	6,51	27,47	34,43	34,45	1480,40
4115	15.07.2025 21:02:34	6,51	27,45	34,43	34,45	1480,39
4116	15.07.2025 21:02:35	6,51	27,42	34,43	34,45	1480,39
4117	15.07.2025 21:02:36	6,51	27,40	34,43	34,45	1480,39
4118	15.07.2025 21:02:37	6,51	27,37	34,43	34,45	1480,38
4119	15.07.2025 21:02:38	6,51	27,33	34,43	34,45	1480,37
4120	15.07.2025 21:02:39	6,51	27,30	34,43	34,45	1480,37
4121	15.07.2025 21:02:40	6,51	27,28	34,43	34,45	1480,37
4122	15.07.2025 21:02:41	6,51	27,26	34,43	34,45	1480,36
4123	15.07.2025 21:02:42	6,51	27,23	34,43	34,45	1480,36
4124	15.07.2025 21:02:43	6,51	27,19	34,44	34,45	1480,35
4125	15.07.2025 21:02:44	6,51	27,17	34,44	34,45	1480,35
4126	15.07.2025 21:02:45	6,51	27,14	34,44	34,45	1480,34
4127	15.07.2025 21:02:46	6,51	27,12	34,44	34,45	1480,34
4128	15.07.2025 21:02:47	6,51	27,10	34,44	34,45	1480,34
4129	15.07.2025 21:02:48	6,51	27,07	34,44	34,45	1480,33
4130	15.07.2025 21:02:49	6,51	27,03	34,44	34,45	1480,33
4131	15.07.2025 21:02:50	6,51	27,02	34,44	34,45	1480,33
4132	15.07.2025 21:02:51	6,51	27,00	34,44	34,45	1480,32
4133	15.07.2025 21:02:52	6,51	26,96	34,44	34,45	1480,32
4134	15.07.2025 21:02:53	6,51	26,93	34,44	34,45	1480,31
4135	15.07.2025 21:02:54	6,51	26,91	34,44	34,45	1480,31
4136	15.07.2025 21:02:55	6,54	26,88	34,40	34,45	1480,40
4137	15.07.2025 21:02:56	6,54	26,84	34,40	34,45	1480,39
4138	15.07.2025 21:02:57	6,54	26,83	34,40	34,45	1480,39
4139	15.07.2025 21:02:58	6,54	26,79	34,40	34,45	1480,38
4140	15.07.2025 21:02:59	6,54	26,75	34,40	34,45	1480,38
4141	15.07.2025 21:03:00	6,54	26,74	34,40	34,45	1480,38
4142	15.07.2025 21:03:01	6,54	26,70	34,40	34,45	1480,37
4143	15.07.2025 21:03:02	6,54	26,67	34,40	34,45	1480,36
4144	15.07.2025 21:03:03	6,54	26,65	34,40	34,45	1480,36
4145	15.07.2025 21:03:04	6,54	26,61	34,40	34,45	1480,36
4146	15.07.2025 21:03:05	6,54	26,60	34,40	34,45	1480,35
4147	15.07.2025 21:03:06	6,54	26,56	34,40	34,45	1480,35
4148	15.07.2025 21:03:07	6,54	26,53	34,40	34,45	1480,34
4149	15.07.2025 21:03:08	6,54	26,49	34,40	34,45	1480,34
4150	15.07.2025 21:03:09	6,54	26,47	34,40	34,45	1480,33
4151	15.07.2025 21:03:10	6,54	26,44	34,41	34,45	1480,33
4152	15.07.2025 21:03:11	6,54	26,40	34,43	34,47	1480,36
4153	15.07.2025 21:03:12	6,54	26,37	34,41	34,45	1480,32
4154	15.07.2025 21:03:13	6,54	26,35	34,44	34,47	1480,35
4155	15.07.2025 21:03:14	6,54	26,32	34,44	34,47	1480,35
4156	15.07.2025 21:03:15	6,54	26,28	34,44	34,47	1480,34
4157	15.07.2025 21:03:16	6,58	26,25	34,40	34,47	1480,43
4158	15.07.2025 21:03:17	6,58	26,21	34,37	34,45	1480,39
4159	15.07.2025 21:03:18	6,58	26,18	34,40	34,47	1480,42
4160	15.07.2025 21:03:19	6,58	26,14	34,40	34,47	1480,41
4161	15.07.2025 21:03:20	6,58	26,13	34,40	34,47	1480,41
4162	15.07.2025 21:03:21	6,58	26,11	34,40	34,47	1480,41
4163	15.07.2025 21:03:22	6,58	26,07	34,37	34,45	1480,36
4164	15.07.2025 21:03:23	6,58	26,06	34,40	34,47	1480,40
4165	15.07.2025 21:03:24	6,58	26,02	34,37	34,45	1480,36
4166	15.07.2025 21:03:25	6,58	25,99	34,40	34,47	1480,39
4167	15.07.2025 21:03:26	6,58	25,95	34,37	34,45	1480,35
4168	15.07.2025 21:03:27	6,58	25,93	34,37	34,45	1480,34
4169	15.07.2025 21:03:28	6,58	25,90	34,37	34,45	1480,34
4170	15.07.2025 21:03:29	6,58	25,86	34,34	34,42	1480,29
4171	15.07.2025 21:03:30	6,58	25,85	34,32	34,39	1480,25
4172	15.07.2025 21:03:31	6,54	25,81	34,38	34,42	1480,19
4173	15.07.2025 21:03:32	6,54	25,77	34,35	34,39	1480,15
4174	15.07.2025 21:03:33	6,54	25,76	34,35	34,39	1480,15
4175	15.07.2025 21:03:34	6,54	25,74	34,35	34,39	1480,14
4176	15.07.2025 21:03:35	6,54	25,70	34,35	34,39	1480,14
4177	15.07.2025 21:03:36	6,54	25,67	34,35	34,39	1480,13
4178	15.07.2025 21:03:37	6,54	25,65	34,35	34,39	1480,13
4179	15.07.2025 21:03:38	6,54	25,62	34,35	34,39	1480,12
4180	15.07.2025 21:03:39	6,54	25,60	34,35	34,39	1480,12
4181	15.07.2025 21:03:40	6,54	25,58	34,35	34,39	1480,12
4182	15.07.2025 21:03:41	6,54	25,56	34,35	34,39	1480,12
4183	15.07.2025 21:03:42	6,54	25,53	34,35	34,39	1480,11
4184	15.07.2025 21:03:43	6,54	25,49	34,35	34,39	1480,11
4185	15.07.2025 21:03:44	6,54	25,49	34,35	34,39	1480,11
4186	15.07.2025 21:03:45	6,54	25,46	34,35	34,39	1480,10
4187	15.07.2025 21:03:46	6,54	25,42	34,35	34,39	1480,09
4188	15.07.2025 21:03:47	6,54	25,39	34,38	34,42	1480,13
4189	15.07.2025 21:03:48	6,54	25,39	34,35	34,39	1480,09
4190	15.07.2025 21:03:49	6,54	25,35	34,35	34,39	1480,08
4191	15.07.2025 21:03:50	6,54	25,32	34,35	34,39	1480,08
4192	15.07.2025 21:03:51	6,54	25,28	34,35	34,39	1480,07
4193	15.07.2025 21:03:52	6,54	25,25	34,35	34,39	1480,07
4194	15.07.2025 21:03:53	6,54	25,23	34,32	34,37	1480,03
4195	15.07.2025 21:03:54	6,54	25,20	34,35	34,39	1480,06
4196	15.07.2025 21:03:55	6,54	25,18	34,32	34,37	1480,02
4197	15.07.2025 21:03:56	6,54	25,14	34,32	34,37	1480,01
4198	15.07.2025 21:03:57	6,54	25,13	34,35	34,39	1480,05
4199	15.07.2025 21:03:58	6,54	25,11	34,35	34,39	1480,05
4200	15.07.2025 21:03:59	6,54	25,07	34,35	34,39	1480,04
4201	15.07.2025 21:04:00	6,54	25,04	34,35	34,39	1480,03
4202	15.07.2025 21:04:01	6,54	25,02	34,35	34,39	1480,03
4203	15.07.2025 21:04:02	6,54	24,99	34,32	34,37	1479,99
4204	15.07.2025 21:04:03	6,54	24,97	34,32	34,37	1479,99
4205	15.07.2025 21:04:04	6,54	24,93	34,32	34,37	1479,98
4206	15.07.2025 21:04:05	6,54	24,90	34,32	34,37	1479,97
4207	15.07.2025 21:04:06	6,54	24,88	34,32	34,37	1479,97
4208	15.07.2025 21:04:07	6,54	24,85	34,32	34,37	1479,97
4209	15.07.2025 21:04:08	6,54	24,81	34,32	34,37	1479,96
4210	15.07.2025 21:04:09	6,54	24,78	34,32	34,37	1479,96
4211	15.07.2025 21:04:10	6,54	24,76	34,30	34,34	1479,92
4212	15.07.2025 21:04:11	6,54	24,72	34,30	34,34	1479,91
4213	15.07.2025 21:04:12	6,54	24,67	34,33	34,37	1479,94
4214	15.07.2025 21:04:13	6,54	24,65	34,33	34,37	1479,94
4215	15.07.2025 21:04:14	6,54	24,62	34,30	34,34	1479,89
4216	15.07.2025 21:04:15	6,54	24,58	34,30	34,34	1479,89
4217	15.07.2025 21:04:16	6,54	24,55	34,30	34,34	1479,88
4218	15.07.2025 21:04:17	6,54	24,53	34,30	34,34	1479,88
4219	15.07.2025 21:04:18	6,54	24,49	34,30	34,34	1479,87
4220	15.07.2025 21:04:19	6,54	24,46	34,30	34,34	1479,87
4221	15.07.2025 21:04:20	6,54	24,42	34,27	34,31	1479,83
4222	15.07.2025 21:04:21	6,54	24,39	34,27	34,31	1479,82
4223	15.07.2025 21:04:22	6,54	24,37	34,27	34,31	1479,82
4224	15.07.2025 21:04:23	6,54	24,34	34,27	34,31	1479,81
4225	15.07.2025 21:04:24	6,54	24,30	34,27	34,31	1479,81
4226	15.07.2025 21:04:25	6,54	24,28	34,24	34,29	1479,77
4227	15.07.2025 21:04:26	6,51	24,25	34,27	34,29	1479,67
4228	15.07.2025 21:04:27	6,51	24,20	34,27	34,29	1479,66
4229	15.07.2025 21:04:28	6,51	24,18	34,27	34,29	1479,66
4230	15.07.2025 21:04:29	6,51	24,16	34,27	34,29	1479,65
4231	15.07.2025 21:04:30	6,51	24,13	34,27	34,29	1479,65
4232	15.07.2025 21:04:31	6,51	24,11	34,27	34,29	1479,64
4233	15.07.2025 21:04:32	6,51	24,07	34,27	34,29	1479,64
4234	15.07.2025 21:04:33	6,51	24,04	34,27	34,29	1479,63
4235	15.07.2025 21:04:34	6,51	24,00	34,27	34,29	1479,63
4236	15.07.2025 21:04:35	6,51	23,95	34,27	34,29	1479,62
4237	15.07.2025 21:04:36	6,51	23,95	34,27	34,29	1479,62
4238	15.07.2025 21:04:37	6,51	23,93	34,27	34,29	1479,62
4239	15.07.2025 21:04:38	6,51	23,88	34,27	34,29	1479,61
4240	15.07.2025 21:04:39	6,51	23,84	34,27	34,29	1479,60
4241	15.07.2025 21:04:40	6,51	23,83	34,30	34,31	1479,64
4242	15.07.2025 21:04:41	6,51	23,79	34,33	34,34	1479,67
4243	15.07.2025 21:04:42	6,54	23,76	34,33	34,37	1479,80
4244	15.07.2025 21:04:43	6,54	23,72	34,30	34,34	1479,75
4245	15.07.2025 21:04:44	6,54	23,71	34,30	34,34	1479,75
4246	15.07.2025 21:04:45	6,54	23,67	34,30	34,34	1479,75
4247	15.07.2025 21:04:46	6,54	23,65	34,30	34,34	1479,74
4248	15.07.2025 21:04:47	6,54	23,62	34,30	34,34	1479,74
4249	15.07.2025 21:04:48	6,54	23,58	34,33	34,37	1479,77
4250	15.07.2025 21:04:49	6,54	23,55	34,33	34,37	1479,76
4251	15.07.2025 21:04:50	6,54	23,51	34,33	34,37	1479,76
4252	15.07.2025 21:04:51	6,54	23,50	34,33	34,37	1479,76
4253	15.07.2025 21:04:52	6,54	23,46	34,33	34,37	1479,75
4254	15.07.2025 21:04:53	6,54	23,44	34,30	34,34	1479,71
4255	15.07.2025 21:04:54	6,54	23,41	34,30	34,34	1479,70
4256	15.07.2025 21:04:55	6,54	23,37	34,33	34,37	1479,74
4257	15.07.2025 21:04:56	6,54	23,36	34,30	34,34	1479,70
4258	15.07.2025 21:04:57	6,54	23,34	34,30	34,34	1479,69
4259	15.07.2025 21:04:58	6,58	23,31	34,27	34,34	1479,78
4260	15.07.2025 21:04:59	6,58	23,29	34,27	34,34	1479,78
4261	15.07.2025 21:05:00	6,54	23,23	34,33	34,37	1479,71
4262	15.07.2025 21:05:01	6,58	23,20	34,27	34,34	1479,76
4263	15.07.2025 21:05:02	6,58	23,20	34,27	34,34	1479,76
4264	15.07.2025 21:05:03	6,54	23,15	34,27	34,31	1479,63
4265	15.07.2025 21:05:04	6,54	23,13	34,27	34,31	1479,62
4266	15.07.2025 21:05:05	6,54	23,11	34,27	34,31	1479,62
4267	15.07.2025 21:05:06	6,54	23,06	34,27	34,31	1479,61
4268	15.07.2025 21:05:07	6,54	23,04	34,27	34,31	1479,61
4269	15.07.2025 21:05:08	6,54	23,02	34,27	34,31	1479,61
4270	15.07.2025 21:05:09	6,54	22,99	34,27	34,31	1479,60
4271	15.07.2025 21:05:10	6,54	22,95	34,27	34,31	1479,60
4272	15.07.2025 21:05:11	6,54	22,92	34,27	34,31	1479,59
4273	15.07.2025 21:05:12	6,54	22,90	34,28	34,31	1479,59
4274	15.07.2025 21:05:13	6,54	22,87	34,28	34,31	1479,58
4275	15.07.2025 21:05:14	6,54	22,85	34,28	34,31	1479,58
4276	15.07.2025 21:05:15	6,54	22,83	34,28	34,31	1479,58
4277	15.07.2025 21:05:16	6,58	22,80	34,24	34,31	1479,66
4278	15.07.2025 21:05:17	6,54	22,78	34,28	34,31	1479,57
4279	15.07.2025 21:05:18	6,54	22,74	34,28	34,31	1479,56
4280	15.07.2025 21:05:19	6,54	22,73	34,25	34,29	1479,52
4281	15.07.2025 21:05:20	6,54	22,69	34,28	34,31	1479,55
4282	15.07.2025 21:05:21	6,58	22,67	34,24	34,31	1479,64
4283	15.07.2025 21:05:22	6,58	22,64	34,21	34,29	1479,60
4284	15.07.2025 21:05:23	6,58	22,62	34,21	34,29	1479,60
4285	15.07.2025 21:05:24	6,54	22,60	34,25	34,29	1479,50
4286	15.07.2025 21:05:25	6,54	22,55	34,25	34,29	1479,49
4287	15.07.2025 21:05:26	6,54	22,53	34,25	34,29	1479,49
4288	15.07.2025 21:05:27	6,54	22,52	34,25	34,29	1479,49
4289	15.07.2025 21:05:28	6,54	22,46	34,25	34,29	1479,48
4290	15.07.2025 21:05:29	6,54	22,46	34,28	34,31	1479,52
4291	15.07.2025 21:05:30	6,54	22,43	34,25	34,29	1479,48
4292	15.07.2025 21:05:31	6,54	22,39	34,22	34,26	1479,43
4293	15.07.2025 21:05:32	6,54	22,38	34,19	34,23	1479,39
4294	15.07.2025 21:05:33	6,54	22,34	34,19	34,23	1479,39
4295	15.07.2025 21:05:34	6,54	22,32	34,19	34,23	1479,38
4296	15.07.2025 21:05:35	6,54	22,29	34,19	34,23	1479,38
4297	15.07.2025 21:05:36	6,54	22,25	34,16	34,21	1479,34
4298	15.07.2025 21:05:37	6,54	22,22	34,16	34,21	1479,33
4299	15.07.2025 21:05:38	6,54	22,20	34,16	34,21	1479,33
4300	15.07.2025 21:05:39	6,51	22,15	34,19	34,21	1479,23
4301	15.07.2025 21:05:40	6,51	22,13	34,19	34,21	1479,22
4302	15.07.2025 21:05:41	6,51	22,09	34,19	34,21	1479,22
4303	15.07.2025 21:05:42	6,51	22,06	34,17	34,18	1479,17
4304	15.07.2025 21:05:43	6,51	22,04	34,17	34,18	1479,17
4305	15.07.2025 21:05:44	6,51	22,01	34,14	34,15	1479,13
4306	15.07.2025 21:05:45	6,51	21,99	34,17	34,18	1479,16
4307	15.07.2025 21:05:46	6,51	21,95	34,17	34,18	1479,16
4308	15.07.2025 21:05:47	6,51	21,94	34,14	34,15	1479,12
4309	15.07.2025 21:05:48	6,51	21,88	34,14	34,15	1479,11
4310	15.07.2025 21:05:49	6,51	21,87	34,17	34,18	1479,14
4311	15.07.2025 21:05:50	6,51	21,85	34,17	34,18	1479,14
4312	15.07.2025 21:05:51	6,51	21,81	34,17	34,18	1479,14
4313	15.07.2025 21:05:52	6,51	21,80	34,14	34,15	1479,09
4314	15.07.2025 21:05:53	6,51	21,74	34,14	34,15	1479,09
4315	15.07.2025 21:05:54	6,51	21,74	34,14	34,15	1479,09
4316	15.07.2025 21:05:55	6,51	21,69	34,14	34,15	1479,08
4317	15.07.2025 21:05:56	6,51	21,67	34,14	34,15	1479,08
4318	15.07.2025 21:05:57	6,51	21,64	34,14	34,15	1479,07
4319	15.07.2025 21:05:58	6,51	21,62	34,14	34,15	1479,07
4320	15.07.2025 21:05:59	6,51	21,59	34,14	34,15	1479,06
4321	15.07.2025 21:06:00	6,47	21,55	34,14	34,13	1478,92
4322	15.07.2025 21:06:01	6,47	21,51	34,17	34,15	1478,96
4323	15.07.2025 21:06:02	6,47	21,50	34,14	34,13	1478,92
4324	15.07.2025 21:06:03	6,47	21,44	34,14	34,13	1478,91
4325	15.07.2025 21:06:04	6,47	21,43	34,14	34,13	1478,91
4326	15.07.2025 21:06:05	6,47	21,41	34,14	34,13	1478,90
4327	15.07.2025 21:06:06	6,47	21,37	34,14	34,13	1478,90
4328	15.07.2025 21:06:07	6,47	21,34	34,14	34,13	1478,89
4329	15.07.2025 21:06:08	6,47	21,30	34,11	34,10	1478,85
4330	15.07.2025 21:06:09	6,47	21,29	34,11	34,10	1478,85
4331	15.07.2025 21:06:10	6,47	21,27	34,11	34,10	1478,84
4332	15.07.2025 21:06:11	6,47	21,22	34,11	34,10	1478,83
4333	15.07.2025 21:06:12	6,47	21,18	34,08	34,07	1478,79
4334	15.07.2025 21:06:13	6,47	21,16	34,08	34,07	1478,79
4335	15.07.2025 21:06:14	6,47	21,16	34,11	34,10	1478,83
4336	15.07.2025 21:06:15	6,47	21,11	34,08	34,07	1478,78
4337	15.07.2025 21:06:16	6,44	21,07	34,12	34,07	1478,68
4338	15.07.2025 21:06:17	6,44	21,06	34,12	34,07	1478,68
4339	15.07.2025 21:06:18	6,44	21,02	34,12	34,07	1478,67
4340	15.07.2025 21:06:19	6,44	20,99	34,12	34,07	1478,67
4341	15.07.2025 21:06:20	6,44	20,95	34,12	34,07	1478,66
4342	15.07.2025 21:06:21	6,44	20,93	34,12	34,07	1478,66
4343	15.07.2025 21:06:22	6,44	20,90	34,12	34,07	1478,65
4344	15.07.2025 21:06:23	6,44	20,88	34,12	34,07	1478,65
4345	15.07.2025 21:06:24	6,44	20,86	34,12	34,07	1478,65
4346	15.07.2025 21:06:25	6,44	20,83	34,09	34,04	1478,60
4347	15.07.2025 21:06:26	6,44	20,79	34,09	34,04	1478,60
4348	15.07.2025 21:06:27	6,44	20,76	34,09	34,04	1478,59
4349	15.07.2025 21:06:28	6,44	20,74	34,09	34,04	1478,59
4350	15.07.2025 21:06:29	6,44	20,71	34,06	34,02	1478,55
4351	15.07.2025 21:06:30	6,44	20,67	34,06	34,02	1478,54
4352	15.07.2025 21:06:31	6,44	20,65	34,06	34,02	1478,54
4353	15.07.2025 21:06:32	6,40	20,63	34,07	33,99	1478,40
4354	15.07.2025 21:06:33	6,40	20,62	34,10	34,02	1478,44
4355	15.07.2025 21:06:34	6,40	20,58	34,10	34,02	1478,43
4356	15.07.2025 21:06:35	6,40	20,55	34,07	33,99	1478,39
4357	15.07.2025 21:06:36	6,40	20,53	34,07	33,99	1478,39
4358	15.07.2025 21:06:37	6,40	20,51	34,04	33,96	1478,35
4359	15.07.2025 21:06:38	6,40	20,48	34,04	33,96	1478,34
4360	15.07.2025 21:06:39	6,40	20,44	34,04	33,96	1478,34
4361	15.07.2025 21:06:40	6,40	20,41	34,04	33,96	1478,33
4362	15.07.2025 21:06:41	6,37	20,39	34,04	33,94	1478,20
4363	15.07.2025 21:06:42	6,37	20,35	34,04	33,94	1478,19
4364	15.07.2025 21:06:43	6,37	20,34	34,04	33,94	1478,19
4365	15.07.2025 21:06:44	6,37	20,28	34,01	33,91	1478,14
4366	15.07.2025 21:06:45	6,37	20,27	34,01	33,91	1478,14
4367	15.07.2025 21:06:46	6,37	20,23	33,98	33,88	1478,10
4368	15.07.2025 21:06:47	6,37	20,21	34,01	33,91	1478,13
4369	15.07.2025 21:06:48	6,33	20,19	34,05	33,91	1478,03
4370	15.07.2025 21:06:49	6,33	20,16	34,02	33,88	1477,99
4371	15.07.2025 21:06:50	6,33	20,12	34,02	33,88	1477,98
4372	15.07.2025 21:06:51	6,33	20,09	34,02	33,88	1477,98
4373	15.07.2025 21:06:52	6,33	20,05	34,02	33,88	1477,97
4374	15.07.2025 21:06:53	6,33	20,04	34,02	33,88	1477,97
4375	15.07.2025 21:06:54	6,33	20,00	33,99	33,86	1477,93
4376	15.07.2025 21:06:55	6,33	19,97	33,99	33,86	1477,92
4377	15.07.2025 21:06:56	6,33	19,93	33,96	33,83	1477,88
4378	15.07.2025 21:06:57	6,30	19,91	33,99	33,83	1477,78
4379	15.07.2025 21:06:58	6,30	19,88	33,96	33,80	1477,74
4380	15.07.2025 21:06:59	6,30	19,86	33,96	33,80	1477,73
4381	15.07.2025 21:07:00	6,30	19,81	33,96	33,80	1477,73
4382	15.07.2025 21:07:01	6,30	19,79	33,96	33,80	1477,72
4383	15.07.2025 21:07:02	6,30	19,75	33,96	33,80	1477,72
4384	15.07.2025 21:07:03	6,30	19,74	33,93	33,77	1477,68
4385	15.07.2025 21:07:04	6,26	19,70	34,00	33,80	1477,61
4386	15.07.2025 21:07:05	6,26	19,68	33,97	33,77	1477,57
4387	15.07.2025 21:07:06	6,26	19,63	33,97	33,77	1477,57
4388	15.07.2025 21:07:07	6,26	19,61	33,97	33,77	1477,56
4389	15.07.2025 21:07:08	6,26	19,59	33,94	33,75	1477,52
4390	15.07.2025 21:07:09	6,26	19,54	33,91	33,72	1477,48
4391	15.07.2025 21:07:10	6,26	19,51	33,91	33,72	1477,47
4392	15.07.2025 21:07:11	6,23	19,51	33,94	33,72	1477,37
4393	15.07.2025 21:07:12	6,23	19,49	33,94	33,72	1477,37
4394	15.07.2025 21:07:13	6,23	19,45	33,94	33,72	1477,37
4395	15.07.2025 21:07:14	6,23	19,42	33,94	33,72	1477,36
4396	15.07.2025 21:07:15	6,23	19,40	33,91	33,69	1477,32
4397	15.07.2025 21:07:16	6,23	19,37	33,91	33,69	1477,31
4398	15.07.2025 21:07:17	6,23	19,33	33,91	33,69	1477,31
4399	15.07.2025 21:07:18	6,23	19,30	33,91	33,69	1477,30
4400	15.07.2025 21:07:19	6,19	19,28	33,92	33,67	1477,17
4401	15.07.2025 21:07:20	6,19	19,24	33,92	33,67	1477,16
4402	15.07.2025 21:07:21	6,19	19,22	33,89	33,64	1477,12
4403	15.07.2025 21:07:22	6,19	19,19	33,89	33,64	1477,12
4404	15.07.2025 21:07:23	6,19	19,17	33,89	33,64	1477,11
4405	15.07.2025 21:07:24	6,16	19,13	33,92	33,64	1477,01
4406	15.07.2025 21:07:25	6,16	19,08	33,92	33,64	1477,00
4407	15.07.2025 21:07:26	6,16	19,06	33,89	33,61	1476,96
4408	15.07.2025 21:07:27	6,16	19,03	33,89	33,61	1476,96
4409	15.07.2025 21:07:28	6,16	19,01	33,89	33,61	1476,95
4410	15.07.2025 21:07:29	6,16	18,98	33,86	33,58	1476,91
4411	15.07.2025 21:07:30	6,16	18,94	33,83	33,56	1476,87
4412	15.07.2025 21:07:31	6,12	18,92	33,87	33,56	1476,77
4413	15.07.2025 21:07:32	6,12	18,90	33,84	33,53	1476,73
4414	15.07.2025 21:07:33	6,12	18,85	33,84	33,53	1476,72
4415	15.07.2025 21:07:34	6,12	18,83	33,81	33,50	1476,68
4416	15.07.2025 21:07:35	6,09	18,82	33,84	33,50	1476,58
4417	15.07.2025 21:07:36	6,09	18,80	33,81	33,48	1476,54
4418	15.07.2025 21:07:37	6,09	18,75	33,81	33,48	1476,53
4419	15.07.2025 21:07:38	6,09	18,73	33,81	33,48	1476,53
4420	15.07.2025 21:07:39	6,05	18,71	33,85	33,48	1476,43
4421	15.07.2025 21:07:40	6,05	18,69	33,85	33,47	1476,43
4422	15.07.2025 21:07:41	6,05	18,66	33,79	33,42	1476,34
4423	15.07.2025 21:07:42	6,05	18,62	33,79	33,42	1476,34
4424	15.07.2025 21:07:43	6,05	18,60	33,79	33,42	1476,34
4425	15.07.2025 21:07:44	6,05	18,57	33,79	33,42	1476,33
4426	15.07.2025 21:07:45	6,02	18,55	33,82	33,42	1476,23
4427	15.07.2025 21:07:46	6,02	18,51	33,82	33,42	1476,22
4428	15.07.2025 21:07:47	6,02	18,48	33,82	33,42	1476,22
4429	15.07.2025 21:07:48	6,02	18,44	33,79	33,39	1476,18
4430	15.07.2025 21:07:49	6,02	18,43	33,79	33,39	1476,17
4431	15.07.2025 21:07:50	6,02	18,41	33,79	33,39	1476,17
4432	15.07.2025 21:07:51	6,02	18,37	33,79	33,39	1476,16
4433	15.07.2025 21:07:52	6,02	18,34	33,82	33,42	1476,20
4434	15.07.2025 21:07:53	6,02	18,32	33,79	33,39	1476,16
4435	15.07.2025 21:07:54	6,02	18,27	33,79	33,39	1476,15
4436	15.07.2025 21:07:55	6,02	18,23	33,76	33,37	1476,10
4437	15.07.2025 21:07:56	6,02	18,22	33,76	33,37	1476,10
4438	15.07.2025 21:07:57	5,98	18,18	33,77	33,34	1475,96
4439	15.07.2025 21:07:58	5,98	18,16	33,77	33,34	1475,96
4440	15.07.2025 21:07:59	5,98	18,11	33,77	33,34	1475,95
4441	15.07.2025 21:08:00	5,98	18,11	33,74	33,31	1475,91
4442	15.07.2025 21:08:01	5,98	18,06	33,71	33,29	1475,87
4443	15.07.2025 21:08:02	5,95	18,04	33,71	33,26	1475,73
4444	15.07.2025 21:08:03	5,95	18,00	33,71	33,26	1475,72
4445	15.07.2025 21:08:04	5,91	17,97	33,72	33,23	1475,58
4446	15.07.2025 21:08:05	5,91	17,93	33,69	33,20	1475,54
4447	15.07.2025 21:08:06	5,91	17,90	33,69	33,20	1475,53
4448	15.07.2025 21:08:07	5,91	17,86	33,66	33,18	1475,49
4449	15.07.2025 21:08:08	5,88	17,84	33,66	33,15	1475,35
4450	15.07.2025 21:08:09	5,88	17,81	33,66	33,15	1475,34
4451	15.07.2025 21:08:10	5,88	17,77	33,63	33,12	1475,30
4452	15.07.2025 21:08:11	5,84	17,75	33,66	33,12	1475,20
4453	15.07.2025 21:08:12	5,84	17,72	33,66	33,12	1475,19
4454	15.07.2025 21:08:13	5,84	17,70	33,63	33,10	1475,15
4455	15.07.2025 21:08:14	5,81	17,66	33,67	33,10	1475,05
4456	15.07.2025 21:08:15	5,81	17,65	33,64	33,07	1475,01
4457	15.07.2025 21:08:16	5,81	17,59	33,64	33,07	1475,00
4458	15.07.2025 21:08:17	5,81	17,58	33,64	33,07	1475,00
4459	15.07.2025 21:08:18	5,77	17,54	33,67	33,07	1474,89
4460	15.07.2025 21:08:19	5,77	17,50	33,64	33,04	1474,85
4461	15.07.2025 21:08:20	5,77	17,49	33,61	33,01	1474,81
4462	15.07.2025 21:08:21	5,77	17,45	33,61	33,01	1474,80
4463	15.07.2025 21:08:22	5,74	17,42	33,65	33,01	1474,70
4464	15.07.2025 21:08:23	5,74	17,40	33,62	32,99	1474,66
4465	15.07.2025 21:08:24	5,74	17,36	33,62	32,99	1474,65
4466	15.07.2025 21:08:25	5,74	17,35	33,59	32,96	1474,61
4467	15.07.2025 21:08:26	5,70	17,31	33,56	32,91	1474,43
4468	15.07.2025 21:08:27	5,70	17,29	33,56	32,91	1474,43
4469	15.07.2025 21:08:28	5,67	17,24	33,57	32,88	1474,28
4470	15.07.2025 21:08:29	5,67	17,22	33,57	32,88	1474,28
4471	15.07.2025 21:08:30	5,67	17,20	33,57	32,88	1474,28
4472	15.07.2025 21:08:31	5,63	17,16	33,60	32,88	1474,17
4473	15.07.2025 21:08:32	5,63	17,15	33,60	32,88	1474,17
4474	15.07.2025 21:08:33	5,63	17,11	33,57	32,85	1474,13
4475	15.07.2025 21:08:34	5,63	17,06	33,54	32,82	1474,08
4476	15.07.2025 21:08:35	5,63	17,04	33,57	32,85	1474,11
4477	15.07.2025 21:08:36	5,60	17,02	33,57	32,82	1473,97
4478	15.07.2025 21:08:37	5,60	16,99	33,57	32,82	1473,97
4479	15.07.2025 21:08:38	5,60	16,95	33,57	32,82	1473,96
4480	15.07.2025 21:08:39	5,60	16,92	33,57	32,82	1473,96
4481	15.07.2025 21:08:40	5,56	16,90	33,61	32,82	1473,86
4482	15.07.2025 21:08:41	5,60	16,87	33,57	32,82	1473,95
4483	15.07.2025 21:08:42	5,56	16,85	33,61	32,82	1473,85
4484	15.07.2025 21:08:43	5,56	16,81	33,64	32,85	1473,88
4485	15.07.2025 21:08:44	5,56	16,78	33,61	32,82	1473,84
4486	15.07.2025 21:08:45	5,56	16,76	33,64	32,85	1473,87
4487	15.07.2025 21:08:46	5,56	16,72	33,58	32,80	1473,79
4488	15.07.2025 21:08:47	5,56	16,69	33,55	32,77	1473,75
4489	15.07.2025 21:08:48	5,56	16,67	33,52	32,74	1473,70
4490	15.07.2025 21:08:49	5,53	16,65	33,52	32,71	1473,56
4491	15.07.2025 21:08:50	5,53	16,62	33,49	32,69	1473,52
4492	15.07.2025 21:08:51	5,49	16,58	33,53	32,69	1473,41
4493	15.07.2025 21:08:52	5,49	16,55	33,53	32,69	1473,41
4494	15.07.2025 21:08:53	5,49	16,53	33,50	32,66	1473,37
4495	15.07.2025 21:08:54	5,49	16,49	33,50	32,66	1473,36
4496	15.07.2025 21:08:55	5,46	16,47	33,53	32,66	1473,26
4497	15.07.2025 21:08:56	5,46	16,44	33,50	32,63	1473,21
4498	15.07.2025 21:08:57	5,46	16,42	33,50	32,63	1473,21
4499	15.07.2025 21:08:58	5,46	16,39	33,47	32,61	1473,17
4500	15.07.2025 21:08:59	5,42	16,37	33,48	32,58	1473,03
4501	15.07.2025 21:09:00	5,42	16,35	33,45	32,55	1472,98
4502	15.07.2025 21:09:01	5,42	16,31	33,42	32,52	1472,94
4503	15.07.2025 21:09:02	5,39	16,29	33,45	32,52	1472,84
4504	15.07.2025 21:09:03	5,39	16,28	33,45	32,52	1472,83
4505	15.07.2025 21:09:04	5,39	16,24	33,42	32,50	1472,79
4506	15.07.2025 21:09:05	5,35	16,21	33,45	32,50	1472,68
4507	15.07.2025 21:09:06	5,35	16,17	33,42	32,47	1472,64
4508	15.07.2025 21:09:07	5,35	16,14	33,42	32,47	1472,63
4509	15.07.2025 21:09:08	5,35	16,10	33,42	32,47	1472,63
4510	15.07.2025 21:09:09	5,31	16,06	33,43	32,44	1472,48
4511	15.07.2025 21:09:10	5,31	16,05	33,43	32,44	1472,48
4512	15.07.2025 21:09:11	5,31	16,01	33,37	32,39	1472,40
4513	15.07.2025 21:09:12	5,28	15,97	33,40	32,39	1472,29
4514	15.07.2025 21:09:13	5,28	15,96	33,40	32,39	1472,29
4515	15.07.2025 21:09:14	5,28	15,90	33,34	32,33	1472,20
4516	15.07.2025 21:09:15	5,24	15,89	33,38	32,33	1472,10
4517	15.07.2025 21:09:16	5,24	15,83	33,38	32,33	1472,09
4518	15.07.2025 21:09:17	5,21	15,81	33,41	32,33	1471,99
4519	15.07.2025 21:09:18	5,21	15,78	33,41	32,33	1471,98
4520	15.07.2025 21:09:19	5,21	15,74	33,41	32,33	1471,98
4521	15.07.2025 21:09:20	5,21	15,73	33,38	32,31	1471,93
4522	15.07.2025 21:09:21	5,21	15,67	33,35	32,28	1471,89
4523	15.07.2025 21:09:22	5,17	15,65	33,38	32,28	1471,78
4524	15.07.2025 21:09:23	5,17	15,62	33,38	32,28	1471,78
4525	15.07.2025 21:09:24	5,17	15,58	33,35	32,25	1471,73
4526	15.07.2025 21:09:25	5,17	15,55	33,35	32,25	1471,73
4527	15.07.2025 21:09:26	5,14	15,49	33,39	32,25	1471,62
4528	15.07.2025 21:09:27	5,14	15,48	33,39	32,25	1471,61
4529	15.07.2025 21:09:28	5,14	15,44	33,36	32,22	1471,57
4530	15.07.2025 21:09:29	5,14	15,41	33,33	32,20	1471,52
4531	15.07.2025 21:09:30	5,10	15,39	33,36	32,20	1471,42
4532	15.07.2025 21:09:31	5,10	15,34	33,33	32,17	1471,37
4533	15.07.2025 21:09:32	5,10	15,30	33,33	32,17	1471,37
4534	15.07.2025 21:09:33	5,07	15,26	33,31	32,12	1471,18
4535	15.07.2025 21:09:34	5,07	15,23	33,25	32,06	1471,10
4536	15.07.2025 21:09:35	5,03	15,19	33,25	32,04	1470,95
4537	15.07.2025 21:09:36	5,03	15,17	33,25	32,03	1470,95
4538	15.07.2025 21:09:37	4,99	15,14	33,28	32,03	1470,84
4539	15.07.2025 21:09:38	4,99	15,10	33,28	32,03	1470,83
4540	15.07.2025 21:09:39	4,99	15,07	33,25	32,01	1470,79
4541	15.07.2025 21:09:40	4,96	15,03	33,26	31,98	1470,64
4542	15.07.2025 21:09:41	4,96	15,00	33,23	31,95	1470,60
4543	15.07.2025 21:09:42	4,92	14,96	33,23	31,93	1470,45
4544	15.07.2025 21:09:43	4,92	14,94	33,20	31,90	1470,41
4545	15.07.2025 21:09:44	4,92	14,89	33,20	31,90	1470,40
4546	15.07.2025 21:09:45	4,89	14,85	33,21	31,87	1470,25
4547	15.07.2025 21:09:46	4,89	14,82	33,21	31,87	1470,25
4548	15.07.2025 21:09:47	4,89	14,78	33,17	31,84	1470,20
4549	15.07.2025 21:09:48	4,89	14,76	33,17	31,84	1470,20
4550	15.07.2025 21:09:49	4,85	14,73	33,18	31,82	1470,05
4551	15.07.2025 21:09:50	4,85	14,69	33,18	31,82	1470,04
4552	15.07.2025 21:09:51	4,85	14,66	33,18	31,82	1470,04
4553	15.07.2025 21:09:52	4,82	14,64	33,18	31,79	1469,89
4554	15.07.2025 21:09:53	4,82	14,60	33,18	31,79	1469,89
4555	15.07.2025 21:09:54	4,82	14,59	33,15	31,76	1469,85
4556	15.07.2025 21:09:55	4,78	14,57	33,16	31,74	1469,70
4557	15.07.2025 21:09:56	4,78	14,55	33,16	31,73	1469,70
4558	15.07.2025 21:09:57	4,78	14,53	33,16	31,73	1469,69
4559	15.07.2025 21:09:58	4,78	14,51	33,13	31,71	1469,65
4560	15.07.2025 21:09:59	4,74	14,48	33,16	31,71	1469,54
4561	15.07.2025 21:10:00	4,74	14,46	33,16	31,71	1469,54
4562	15.07.2025 21:10:01	4,74	14,46	33,16	31,71	1469,54
4563	15.07.2025 21:10:02	4,71	14,42	33,16	31,68	1469,39
4564	15.07.2025 21:10:03	4,71	14,39	33,17	31,68	1469,39
4565	15.07.2025 21:10:04	4,71	14,35	33,13	31,65	1469,34
4566	15.07.2025 21:10:05	4,67	14,32	33,14	31,63	1469,19
4567	15.07.2025 21:10:06	4,67	14,28	33,11	31,60	1469,15
4568	15.07.2025 21:10:07	4,67	14,25	33,11	31,60	1469,14
4569	15.07.2025 21:10:08	4,64	14,23	33,11	31,57	1468,99
4570	15.07.2025 21:10:09	4,64	14,17	33,05	31,52	1468,90
4571	15.07.2025 21:10:10	4,60	14,15	33,05	31,49	1468,76
4572	15.07.2025 21:10:11	4,60	14,12	33,02	31,46	1468,71
4573	15.07.2025 21:10:12	4,56	14,08	33,03	31,44	1468,56
4574	15.07.2025 21:10:13	4,56	14,05	33,03	31,44	1468,56
4575	15.07.2025 21:10:14	4,53	14,03	33,03	31,41	1468,41
4576	15.07.2025 21:10:15	4,53	14,01	33,00	31,38	1468,37
4577	15.07.2025 21:10:16	4,49	13,97	33,04	31,38	1468,26
4578	15.07.2025 21:10:17	4,49	13,94	32,97	31,33	1468,17
4579	15.07.2025 21:10:18	4,45	13,90	33,01	31,33	1468,06
4580	15.07.2025 21:10:19	4,45	13,89	33,01	31,33	1468,06
4581	15.07.2025 21:10:20	4,45	13,85	32,98	31,30	1468,01
4582	15.07.2025 21:10:21	4,42	13,81	32,95	31,25	1467,82
4583	15.07.2025 21:10:22	4,42	13,80	32,95	31,25	1467,82
4584	15.07.2025 21:10:23	4,38	13,78	32,96	31,22	1467,67
4585	15.07.2025 21:10:24	4,38	13,74	32,92	31,19	1467,62
4586	15.07.2025 21:10:25	4,35	13,72	32,96	31,19	1467,51
4587	15.07.2025 21:10:26	4,35	13,70	32,96	31,19	1467,51
4588	15.07.2025 21:10:27	4,35	13,69	32,93	31,16	1467,47
4589	15.07.2025 21:10:28	4,31	13,67	32,96	31,16	1467,36
4590	15.07.2025 21:10:29	4,31	13,65	32,93	31,14	1467,32
4591	15.07.2025 21:10:30	4,31	13,62	32,90	31,11	1467,27
4592	15.07.2025 21:10:31	4,27	13,61	32,94	31,11	1467,17
4593	15.07.2025 21:10:32	4,27	13,58	32,91	31,08	1467,12
4594	15.07.2025 21:10:33	4,27	13,56	32,91	31,08	1467,12
4595	15.07.2025 21:10:34	4,24	13,52	32,94	31,08	1467,00
4596	15.07.2025 21:10:35	4,24	13,51	32,91	31,05	1466,96
4597	15.07.2025 21:10:36	4,24	13,47	32,91	31,05	1466,96
4598	15.07.2025 21:10:37	4,20	13,43	32,91	31,03	1466,80
4599	15.07.2025 21:10:38	4,20	13,42	32,91	31,03	1466,80
4600	15.07.2025 21:10:39	4,20	13,40	32,91	31,03	1466,80
4601	15.07.2025 21:10:40	4,16	13,36	32,92	31,00	1466,64
4602	15.07.2025 21:10:41	4,16	13,35	32,92	31,00	1466,64
4603	15.07.2025 21:10:42	4,16	13,31	32,89	30,97	1466,60
4604	15.07.2025 21:10:43	4,13	13,27	32,89	30,95	1466,44
4605	15.07.2025 21:10:44	4,13	13,26	32,89	30,94	1466,44
4606	15.07.2025 21:10:45	4,09	13,22	32,93	30,94	1466,33
4607	15.07.2025 21:10:46	4,09	13,22	32,90	30,92	1466,29
4608	15.07.2025 21:10:47	4,09	13,17	32,90	30,92	1466,28
4609	15.07.2025 21:10:48	4,06	13,16	32,93	30,92	1466,17
4610	15.07.2025 21:10:49	4,06	13,15	32,90	30,89	1466,13
4611	15.07.2025 21:10:50	4,06	13,09	32,90	30,89	1466,12
4612	15.07.2025 21:10:51	4,06	13,08	32,90	30,89	1466,12
4613	15.07.2025 21:10:52	4,02	13,04	32,94	30,89	1466,00
4614	15.07.2025 21:10:53	4,02	13,02	32,90	30,86	1465,96
4615	15.07.2025 21:10:54	4,02	13,02	32,90	30,86	1465,96
4616	15.07.2025 21:10:55	4,02	13,01	32,91	30,86	1465,96
4617	15.07.2025 21:10:56	3,98	12,99	32,94	30,86	1465,85
4618	15.07.2025 21:10:57	3,98	12,97	32,94	30,86	1465,85
4619	15.07.2025 21:10:58	3,98	12,95	32,94	30,86	1465,84
4620	15.07.2025 21:10:59	3,98	12,92	32,91	30,83	1465,80
4621	15.07.2025 21:11:00	3,98	12,92	32,91	30,83	1465,80
4622	15.07.2025 21:11:01	3,95	12,88	32,95	30,83	1465,68
4623	15.07.2025 21:11:02	3,95	12,86	32,95	30,83	1465,68
4624	15.07.2025 21:11:03	3,95	12,84	32,95	30,83	1465,68
4625	15.07.2025 21:11:04	3,95	12,83	32,91	30,81	1465,63
4626	15.07.2025 21:11:05	3,91	12,79	32,95	30,81	1465,52
4627	15.07.2025 21:11:06	3,91	12,79	32,95	30,81	1465,52
4628	15.07.2025 21:11:07	3,91	12,79	32,92	30,78	1465,48
4629	15.07.2025 21:11:08	3,91	12,77	32,92	30,78	1465,48
4630	15.07.2025 21:11:09	3,87	12,75	32,95	30,78	1465,37
4631	15.07.2025 21:11:10	3,87	12,75	32,92	30,75	1465,33
4632	15.07.2025 21:11:11	3,87	12,70	32,92	30,75	1465,32
4633	15.07.2025 21:11:12	3,87	12,70	32,89	30,72	1465,28
4634	15.07.2025 21:11:13	3,84	12,68	32,93	30,72	1465,17
4635	15.07.2025 21:11:14	3,84	12,68	32,90	30,70	1465,12
4636	15.07.2025 21:11:15	3,84	12,65	32,86	30,67	1465,08
4637	15.07.2025 21:11:16	3,80	12,63	32,90	30,67	1464,97
4638	15.07.2025 21:11:17	3,80	12,61	32,87	30,64	1464,92
4639	15.07.2025 21:11:18	3,80	12,56	32,87	30,64	1464,91
4640	15.07.2025 21:11:19	3,76	12,54	32,87	30,62	1464,76
4641	15.07.2025 21:11:20	3,76	12,50	32,87	30,62	1464,76
4642	15.07.2025 21:11:21	3,76	12,50	32,87	30,62	1464,76
4643	15.07.2025 21:11:22	3,76	12,48	32,84	30,59	1464,71
4644	15.07.2025 21:11:23	3,76	12,45	32,84	30,59	1464,71
4645	15.07.2025 21:11:24	3,73	12,43	32,88	30,59	1464,60
4646	15.07.2025 21:11:25	3,73	12,41	32,85	30,56	1464,55
4647	15.07.2025 21:11:26	3,73	12,39	32,85	30,56	1464,55
4648	15.07.2025 21:11:27	3,73	12,38	32,81	30,53	1464,50
4649	15.07.2025 21:11:28	3,69	12,36	32,82	30,51	1464,35
4650	15.07.2025 21:11:29	3,69	12,32	32,82	30,51	1464,35
4651	15.07.2025 21:11:30	3,69	12,31	32,82	30,51	1464,34
4652	15.07.2025 21:11:31	3,65	12,29	32,79	30,45	1464,15
4653	15.07.2025 21:11:32	3,65	12,27	32,73	30,40	1464,06
4654	15.07.2025 21:11:33	3,62	12,25	32,73	30,37	1463,91
4655	15.07.2025 21:11:34	3,62	12,23	32,73	30,37	1463,91
4656	15.07.2025 21:11:35	3,58	12,21	32,74	30,34	1463,75
4657	15.07.2025 21:11:36	3,58	12,18	32,71	30,32	1463,71
4658	15.07.2025 21:11:37	3,54	12,18	32,74	30,32	1463,60
4659	15.07.2025 21:11:38	3,54	12,18	32,71	30,29	1463,55
4660	15.07.2025 21:11:39	3,54	12,14	32,68	30,26	1463,51
4661	15.07.2025 21:11:40	3,50	12,14	32,71	30,26	1463,40
4662	15.07.2025 21:11:41	3,50	12,12	32,71	30,26	1463,39
4663	15.07.2025 21:11:42	3,50	12,12	32,71	30,26	1463,39
4664	15.07.2025 21:11:43	3,47	12,12	32,75	30,26	1463,28
4665	15.07.2025 21:11:44	3,47	12,08	32,75	30,26	1463,28
4666	15.07.2025 21:11:45	3,47	12,07	32,72	30,23	1463,23
4667	15.07.2025 21:11:46	3,43	12,06	32,75	30,23	1463,12
4668	15.07.2025 21:11:47	3,43	12,05	32,79	30,26	1463,16
4669	15.07.2025 21:11:48	3,43	12,05	32,75	30,23	1463,12
4670	15.07.2025 21:11:49	3,43	12,03	32,75	30,23	1463,12
4671	15.07.2025 21:11:50	3,43	12,01	32,75	30,23	1463,12
4672	15.07.2025 21:11:51	3,43	12,01	32,75	30,23	1463,12
4673	15.07.2025 21:11:52	3,39	11,99	32,76	30,21	1462,96
4674	15.07.2025 21:11:53	3,39	11,99	32,76	30,21	1462,96
4675	15.07.2025 21:11:54	3,39	11,96	32,76	30,21	1462,95
4676	15.07.2025 21:11:55	3,39	11,96	32,76	30,21	1462,95
4677	15.07.2025 21:11:56	3,36	11,96	32,80	30,20	1462,84
4678	15.07.2025 21:11:57	3,36	11,96	32,76	30,18	1462,80
4679	15.07.2025 21:11:58	3,36	11,97	32,76	30,18	1462,80
4680	15.07.2025 21:11:59	3,36	11,96	32,76	30,18	1462,80
4681	15.07.2025 21:12:00	3,36	11,94	32,73	30,15	1462,76
4682	15.07.2025 21:12:01	3,32	11,95	32,77	30,15	1462,65
4683	15.07.2025 21:12:02	3,32	11,95	32,77	30,15	1462,65
4684	15.07.2025 21:12:03	3,32	11,92	32,74	30,12	1462,60
4685	15.07.2025 21:12:04	3,32	11,92	32,70	30,10	1462,56
4686	15.07.2025 21:12:05	3,28	11,92	32,74	30,10	1462,45
4687	15.07.2025 21:12:06	3,28	11,90	32,71	30,07	1462,40
4688	15.07.2025 21:12:07	3,28	11,88	32,74	30,10	1462,44
4689	15.07.2025 21:12:08	3,28	11,88	32,71	30,07	1462,40
4690	15.07.2025 21:12:09	3,25	11,86	32,75	30,07	1462,29
4691	15.07.2025 21:12:10	3,25	11,86	32,74	30,07	1462,29
4692	15.07.2025 21:12:11	3,25	11,84	32,71	30,04	1462,24
4693	15.07.2025 21:12:12	3,21	11,83	32,72	30,01	1462,09
4694	15.07.2025 21:12:13	3,21	11,81	32,72	30,01	1462,08
4695	15.07.2025 21:12:14	3,21	11,79	32,72	30,01	1462,08
4696	15.07.2025 21:12:15	3,21	11,79	32,72	30,01	1462,08
4697	15.07.2025 21:12:16	3,17	11,77	32,75	30,01	1461,97
4698	15.07.2025 21:12:17	3,17	11,75	32,75	30,01	1461,96
4699	15.07.2025 21:12:18	3,17	11,74	32,75	30,01	1461,96
4700	15.07.2025 21:12:19	3,17	11,72	32,75	30,01	1461,96
4701	15.07.2025 21:12:20	3,17	11,70	32,75	30,01	1461,96
4702	15.07.2025 21:12:21	3,17	11,70	32,75	30,01	1461,96
4703	15.07.2025 21:12:22	3,17	11,68	32,75	30,01	1461,95
4704	15.07.2025 21:12:23	3,17	11,67	32,75	30,01	1461,95
4705	15.07.2025 21:12:24	3,17	11,63	32,75	30,01	1461,94
4706	15.07.2025 21:12:25	3,17	11,61	32,75	30,01	1461,94
4707	15.07.2025 21:12:26	3,17	11,63	32,75	30,01	1461,94
4708	15.07.2025 21:12:27	3,17	11,60	32,79	30,04	1461,98
4709	15.07.2025 21:12:28	3,17	11,58	32,76	30,01	1461,94
4710	15.07.2025 21:12:29	3,13	11,56	32,79	30,01	1461,82
4711	15.07.2025 21:12:30	3,13	11,54	32,82	30,04	1461,86
4712	15.07.2025 21:12:31	3,13	11,52	32,79	30,01	1461,82
4713	15.07.2025 21:12:32	3,13	11,51	32,79	30,01	1461,81
4714	15.07.2025 21:12:33	3,13	11,51	32,79	30,01	1461,81
4715	15.07.2025 21:12:34	3,13	11,47	32,79	30,01	1461,81
4716	15.07.2025 21:12:35	3,13	11,47	32,79	30,01	1461,81
4717	15.07.2025 21:12:36	3,13	11,44	32,79	30,01	1461,80
4718	15.07.2025 21:12:37	3,13	11,44	32,79	30,01	1461,80
4719	15.07.2025 21:12:38	3,13	11,40	32,76	29,99	1461,75
4720	15.07.2025 21:12:39	3,13	11,40	32,73	29,96	1461,71
4721	15.07.2025 21:12:40	3,13	11,37	32,73	29,96	1461,71
4722	15.07.2025 21:12:41	3,10	11,36	32,77	29,96	1461,60
4723	15.07.2025 21:12:42	3,10	11,35	32,70	29,91	1461,51
4724	15.07.2025 21:12:43	3,10	11,33	32,64	29,85	1461,42
4725	15.07.2025 21:12:44	3,06	11,31	32,64	29,82	1461,26
4726	15.07.2025 21:12:45	3,06	11,29	32,58	29,77	1461,18
4727	15.07.2025 21:12:46	3,02	11,27	32,52	29,69	1460,93
4728	15.07.2025 21:12:47	2,98	11,25	32,55	29,69	1460,82
4729	15.07.2025 21:12:48	2,98	11,25	32,55	29,69	1460,82
4730	15.07.2025 21:12:49	2,95	11,23	32,56	29,66	1460,66
4731	15.07.2025 21:12:50	2,95	11,22	32,56	29,66	1460,66
4732	15.07.2025 21:12:51	2,95	11,20	32,52	29,63	1460,61
4733	15.07.2025 21:12:52	2,91	11,18	32,50	29,58	1460,41
4734	15.07.2025 21:12:53	2,87	11,16	32,50	29,55	1460,25
4735	15.07.2025 21:12:54	2,87	11,14	32,47	29,53	1460,21
4736	15.07.2025 21:12:55	2,84	11,14	32,51	29,53	1460,09
4737	15.07.2025 21:12:56	2,84	11,12	32,41	29,45	1459,96
4738	15.07.2025 21:12:57	2,80	11,10	32,45	29,44	1459,85
4739	15.07.2025 21:12:58	2,80	11,09	32,41	29,42	1459,80
4740	15.07.2025 21:12:59	2,76	11,08	32,42	29,39	1459,64
4741	15.07.2025 21:13:00	2,72	11,05	32,42	29,36	1459,48
4742	15.07.2025 21:13:01	2,72	11,03	32,32	29,28	1459,35
4743	15.07.2025 21:13:02	2,68	11,01	32,36	29,28	1459,23
4744	15.07.2025 21:13:03	2,65	10,99	32,37	29,25	1459,07
4745	15.07.2025 21:13:04	2,65	10,99	32,37	29,25	1459,07
4746	15.07.2025 21:13:05	2,61	10,95	32,40	29,25	1458,95
4747	15.07.2025 21:13:06	2,61	10,97	32,37	29,23	1458,91
4748	15.07.2025 21:13:07	2,61	10,92	32,34	29,20	1458,86
4749	15.07.2025 21:13:08	2,57	10,92	32,34	29,17	1458,70
4750	15.07.2025 21:13:09	2,57	10,90	32,34	29,17	1458,70
4751	15.07.2025 21:13:10	2,53	10,88	32,38	29,17	1458,58
4752	15.07.2025 21:13:11	2,53	10,86	32,41	29,20	1458,62
4753	15.07.2025 21:13:12	2,53	10,84	32,38	29,17	1458,57
4754	15.07.2025 21:13:13	2,53	10,83	32,38	29,17	1458,57
4755	15.07.2025 21:13:14	2,53	10,83	32,38	29,17	1458,57
4756	15.07.2025 21:13:15	2,50	10,79	32,35	29,12	1458,36
4757	15.07.2025 21:13:16	2,50	10,77	32,35	29,12	1458,36
4758	15.07.2025 21:13:17	2,50	10,74	32,32	29,09	1458,31
4759	15.07.2025 21:13:18	2,46	10,74	32,36	29,09	1458,19
4760	15.07.2025 21:13:19	2,46	10,70	32,32	29,06	1458,15
4761	15.07.2025 21:13:20	2,46	10,70	32,32	29,06	1458,15
4762	15.07.2025 21:13:21	2,42	10,66	32,36	29,06	1458,03
4763	15.07.2025 21:13:22	2,42	10,66	32,36	29,06	1458,02
4764	15.07.2025 21:13:23	2,42	10,63	32,36	29,06	1458,02
4765	15.07.2025 21:13:24	2,38	10,61	32,37	29,03	1457,86
4766	15.07.2025 21:13:25	2,38	10,59	32,37	29,03	1457,85
4767	15.07.2025 21:13:26	2,38	10,57	32,37	29,03	1457,85
4768	15.07.2025 21:13:27	2,38	10,56	32,37	29,03	1457,85
4769	15.07.2025 21:13:28	2,34	10,54	32,40	29,03	1457,73
4770	15.07.2025 21:13:29	2,34	10,54	32,40	29,03	1457,73
4771	15.07.2025 21:13:30	2,34	10,50	32,37	29,01	1457,68
4772	15.07.2025 21:13:31	2,34	10,47	32,34	28,98	1457,63
4773	15.07.2025 21:13:32	2,31	10,46	32,34	28,95	1457,47
4774	15.07.2025 21:13:33	2,31	10,45	32,31	28,93	1457,42
4775	15.07.2025 21:13:34	2,27	10,43	32,31	28,90	1457,26
4776	15.07.2025 21:13:35	2,27	10,39	32,22	28,82	1457,13
4777	15.07.2025 21:13:36	2,23	10,37	32,15	28,74	1456,87
4778	15.07.2025 21:13:37	2,19	10,35	32,13	28,68	1456,67
4779	15.07.2025 21:13:38	2,15	10,35	32,16	28,68	1456,55
4780	15.07.2025 21:13:39	2,12	10,35	32,17	28,65	1456,39
4781	15.07.2025 21:13:40	2,12	10,31	32,13	28,63	1456,34
4782	15.07.2025 21:13:41	2,08	10,31	32,17	28,63	1456,22
4783	15.07.2025 21:13:42	2,08	10,29	32,17	28,63	1456,22
4784	15.07.2025 21:13:43	2,04	10,28	32,21	28,63	1456,10
4785	15.07.2025 21:13:44	2,04	10,28	32,21	28,63	1456,09
4786	15.07.2025 21:13:45	2,04	10,24	32,21	28,63	1456,09
4787	15.07.2025 21:13:46	2,00	10,24	32,21	28,60	1455,93
4788	15.07.2025 21:13:47	2,00	10,22	32,21	28,60	1455,92
4789	15.07.2025 21:13:48	2,00	10,19	32,18	28,57	1455,87
4790	15.07.2025 21:13:49	1,96	10,18	32,22	28,57	1455,76
4791	15.07.2025 21:13:50	1,96	10,17	32,15	28,52	1455,66
4792	15.07.2025 21:13:51	1,93	10,16	32,19	28,52	1455,55
4793	15.07.2025 21:13:52	1,93	10,15	32,16	28,49	1455,50
4794	15.07.2025 21:13:53	1,93	10,13	32,12	28,46	1455,45
4795	15.07.2025 21:13:54	1,89	10,13	32,16	28,46	1455,33
4796	15.07.2025 21:13:55	1,89	10,11	32,16	28,46	1455,33
4797	15.07.2025 21:13:56	1,89	10,07	32,16	28,46	1455,32
4798	15.07.2025 21:13:57	1,85	10,07	32,20	28,46	1455,21
4799	15.07.2025 21:13:58	1,85	10,05	32,20	28,46	1455,20
4800	15.07.2025 21:13:59	1,85	10,05	32,20	28,46	1455,20
4801	15.07.2025 21:14:00	1,85	10,04	32,20	28,46	1455,20
4802	15.07.2025 21:14:01	1,81	10,02	32,24	28,46	1455,08
4803	15.07.2025 21:14:02	1,81	10,02	32,24	28,46	1455,08
4804	15.07.2025 21:14:03	1,81	10,02	32,24	28,46	1455,08
4805	15.07.2025 21:14:04	1,81	10,00	32,24	28,46	1455,07
4806	15.07.2025 21:14:05	1,77	9,96	32,28	28,46	1454,95
4807	15.07.2025 21:14:06	1,77	9,96	32,24	28,43	1454,90
4808	15.07.2025 21:14:07	1,77	9,96	32,24	28,43	1454,90
4809	15.07.2025 21:14:08	1,77	9,98	32,28	28,46	1454,95
4810	15.07.2025 21:14:09	1,77	9,95	32,28	28,46	1454,95
4811	15.07.2025 21:14:10	1,77	9,95	32,28	28,46	1454,95
4812	15.07.2025 21:14:11	1,77	9,95	32,28	28,46	1454,95
4813	15.07.2025 21:14:12	1,73	9,93	32,32	28,46	1454,82
4814	15.07.2025 21:14:13	1,73	9,89	32,32	28,46	1454,82
4815	15.07.2025 21:14:14	1,73	9,87	32,32	28,46	1454,81
4816	15.07.2025 21:14:15	1,73	9,86	32,25	28,40	1454,72
4817	15.07.2025 21:14:16	1,73	9,86	32,18	28,35	1454,63
4818	15.07.2025 21:14:17	1,70	9,84	32,15	28,30	1454,42
4819	15.07.2025 21:14:18	1,66	9,80	32,13	28,24	1454,21
4820	15.07.2025 21:14:19	1,66	9,78	31,99	28,14	1454,03
4821	15.07.2025 21:14:20	1,58	9,78	32,00	28,08	1453,69
4822	15.07.2025 21:14:21	1,54	9,76	32,04	28,08	1453,57
4823	15.07.2025 21:14:22	1,54	9,74	32,01	28,05	1453,52
4824	15.07.2025 21:14:23	1,50	9,72	31,98	28,00	1453,31
4825	15.07.2025 21:14:24	1,46	9,68	31,98	27,97	1453,14
4826	15.07.2025 21:14:25	1,42	9,66	32,02	27,97	1453,01
4827	15.07.2025 21:14:26	1,42	9,65	32,02	27,97	1453,01
4828	15.07.2025 21:14:27	1,39	9,63	32,03	27,94	1452,84
4829	15.07.2025 21:14:28	1,39	9,59	31,96	27,89	1452,74
4830	15.07.2025 21:14:29	1,35	9,55	31,96	27,86	1452,57
4831	15.07.2025 21:14:30	1,35	9,55	31,89	27,81	1452,48
4832	15.07.2025 21:14:31	1,31	9,53	31,93	27,81	1452,35
4833	15.07.2025 21:14:32	1,31	9,50	31,87	27,75	1452,26
4834	15.07.2025 21:14:33	1,27	9,46	31,87	27,73	1452,09
4835	15.07.2025 21:14:34	1,23	9,46	31,91	27,72	1451,96
4836	15.07.2025 21:14:35	1,23	9,44	31,88	27,70	1451,91
4837	15.07.2025 21:14:36	1,19	9,39	31,81	27,62	1451,65
4838	15.07.2025 21:14:37	1,15	9,39	31,85	27,62	1451,52
4839	15.07.2025 21:14:38	1,11	9,35	31,89	27,62	1451,39
4840	15.07.2025 21:14:39	1,11	9,35	31,89	27,62	1451,39
4841	15.07.2025 21:14:40	1,11	9,31	31,86	27,59	1451,34
4842	15.07.2025 21:14:41	1,07	9,29	31,83	27,53	1451,12
4843	15.07.2025 21:14:42	1,04	9,27	31,80	27,48	1450,90
4844	15.07.2025 21:14:43	1,00	9,24	31,80	27,45	1450,73
4845	15.07.2025 21:14:44	1,00	9,22	31,77	27,43	1450,68
4846	15.07.2025 21:14:45	0,96	9,20	31,81	27,43	1450,55
4847	15.07.2025 21:14:46	0,92	9,16	31,74	27,34	1450,28
4848	15.07.2025 21:14:47	0,88	9,14	31,72	27,29	1450,06
4849	15.07.2025 21:14:48	0,84	9,11	31,69	27,23	1449,84
4850	15.07.2025 21:14:49	0,80	9,10	31,69	27,21	1449,67
4851	15.07.2025 21:14:50	0,76	9,07	31,73	27,21	1449,53
4852	15.07.2025 21:14:51	0,76	9,05	31,70	27,18	1449,49
4853	15.07.2025 21:14:52	0,72	9,03	31,63	27,10	1449,22
4854	15.07.2025 21:14:53	0,68	8,99	31,64	27,07	1449,04
4855	15.07.2025 21:14:54	0,68	8,99	31,60	27,04	1448,99
4856	15.07.2025 21:14:55	0,64	8,94	31,61	27,02	1448,81
4857	15.07.2025 21:14:56	0,60	8,92	31,65	27,02	1448,68
4858	15.07.2025 21:14:57	0,56	8,90	31,69	27,02	1448,55
4859	15.07.2025 21:14:58	0,56	8,88	31,69	27,01	1448,55
4860	15.07.2025 21:14:59	0,52	8,86	31,73	27,01	1448,42
4861	15.07.2025 21:15:00	0,52	8,83	31,73	27,01	1448,41
4862	15.07.2025 21:15:01	0,52	8,79	31,73	27,01	1448,40
4863	15.07.2025 21:15:02	0,48	8,77	31,77	27,01	1448,27
4864	15.07.2025 21:15:03	0,48	8,75	31,73	26,99	1448,22
4865	15.07.2025 21:15:04	0,44	8,72	31,63	26,88	1447,90
4866	15.07.2025 21:15:05	0,44	8,68	31,49	26,77	1447,71
4867	15.07.2025 21:15:06	0,36	8,68	31,57	26,77	1447,45
4868	15.07.2025 21:15:07	0,32	8,66	31,61	26,77	1447,32
4869	15.07.2025 21:15:08	0,28	8,62	31,58	26,71	1447,09
4870	15.07.2025 21:15:09	0,25	8,60	31,55	26,66	1446,87
4871	15.07.2025 21:15:10	0,25	8,58	31,52	26,63	1446,82
4872	15.07.2025 21:15:11	0,21	8,54	31,52	26,61	1446,64
4873	15.07.2025 21:15:12	0,17	8,52	31,56	26,60	1446,50
4874	15.07.2025 21:15:13	0,13	8,49	31,57	26,58	1446,32
4875	15.07.2025 21:15:14	0,13	8,45	31,53	26,55	1446,27
4876	15.07.2025 21:15:15	0,09	8,43	31,54	26,52	1446,09
4877	15.07.2025 21:15:16	0,05	8,41	31,58	26,52	1445,95
4878	15.07.2025 21:15:17	0,05	8,38	31,58	26,52	1445,94
4879	15.07.2025 21:15:18	0,05	8,34	31,55	26,49	1445,89
4880	15.07.2025 21:15:19	0,01	8,32	31,55	26,47	1445,71
4881	15.07.2025 21:15:20	-0,04	8,30	31,59	26,47	1445,58
4882	15.07.2025 21:15:21	-0,04	8,27	31,63	26,49	1445,62
4883	15.07.2025 21:15:22	-0,04	8,23	31,63	26,49	1445,61
4884	15.07.2025 21:15:23	-0,04	8,21	31,56	26,44	1445,51
4885	15.07.2025 21:15:24	-0,08	8,18	31,70	26,52	1445,52
4886	15.07.2025 21:15:25	-0,08	8,16	31,63	26,47	1445,42
4887	15.07.2025 21:15:26	-0,08	8,13	31,63	26,47	1445,42
4888	15.07.2025 21:15:27	-0,12	8,11	31,67	26,47	1445,28
4889	15.07.2025 21:15:28	-0,12	8,07	31,67	26,46	1445,28
4890	15.07.2025 21:15:29	-0,12	8,04	31,67	26,46	1445,27
4891	15.07.2025 21:15:30	-0,12	8,02	31,67	26,46	1445,27
4892	15.07.2025 21:15:31	-0,16	7,98	31,72	26,46	1445,13
4893	15.07.2025 21:15:32	-0,16	7,95	31,82	26,54	1445,27
4894	15.07.2025 21:15:33	-0,16	7,93	31,93	26,63	1445,41
4895	15.07.2025 21:15:34	-0,12	7,90	31,89	26,63	1445,53
4896	15.07.2025 21:15:35	-0,12	7,86	31,89	26,63	1445,53
4897	15.07.2025 21:15:36	-0,08	7,84	31,85	26,63	1445,66
4898	15.07.2025 21:15:37	-0,08	7,81	31,85	26,63	1445,65
4899	15.07.2025 21:15:38	-0,08	7,79	31,85	26,63	1445,65
4900	15.07.2025 21:15:39	-0,12	7,75	31,82	26,57	1445,42
4901	15.07.2025 21:15:40	-0,12	7,72	31,85	26,60	1445,46
4902	15.07.2025 21:15:41	-0,12	7,70	31,92	26,65	1445,55
4903	15.07.2025 21:15:42	-0,12	7,68	31,89	26,63	1445,50
4904	15.07.2025 21:15:43	-0,12	7,65	31,82	26,57	1445,40
4905	15.07.2025 21:15:44	-0,12	7,61	31,68	26,46	1445,21
4906	15.07.2025 21:15:45	-0,16	7,58	31,72	26,46	1445,07
4907	15.07.2025 21:15:46	-0,20	7,54	31,76	26,46	1444,93
4908	15.07.2025 21:15:47	-0,20	7,52	31,58	26,33	1444,69
4909	15.07.2025 21:15:48	-0,24	7,49	31,55	26,27	1444,46
4910	15.07.2025 21:15:49	-0,28	7,45	31,52	26,22	1444,22
4911	15.07.2025 21:15:50	-0,36	7,43	31,50	26,14	1443,81
4912	15.07.2025 21:15:51	-0,40	7,41	31,50	26,11	1443,62
4913	15.07.2025 21:15:52	-0,44	7,40	31,54	26,11	1443,49
4914	15.07.2025 21:15:53	-0,48	7,35	31,55	26,08	1443,30
4915	15.07.2025 21:15:54	-0,48	7,33	31,55	26,08	1443,29
4916	15.07.2025 21:15:55	-0,52	7,31	31,66	26,14	1443,25
4917	15.07.2025 21:15:56	-0,52	7,29	31,77	26,22	1443,39
4918	15.07.2025 21:15:57	-0,48	7,28	31,76	26,24	1443,57
4919	15.07.2025 21:15:58	-0,48	7,23	31,80	26,27	1443,61
4920	15.07.2025 21:15:59	-0,48	7,21	31,80	26,27	1443,61
4921	15.07.2025 21:16:00	-0,48	7,17	31,76	26,24	1443,56
4922	15.07.2025 21:16:01	-0,48	7,14	31,73	26,22	1443,50
4923	15.07.2025 21:16:02	-0,48	7,12	31,73	26,22	1443,50
4924	15.07.2025 21:16:03	-0,48	7,09	31,73	26,22	1443,50
4925	15.07.2025 21:16:04	-0,48	7,05	31,69	26,19	1443,44
4926	15.07.2025 21:16:05	-0,52	7,03	31,74	26,19	1443,31
4927	15.07.2025 21:16:06	-0,52	7,00	31,70	26,16	1443,25
4928	15.07.2025 21:16:07	-0,52	6,98	31,74	26,19	1443,30
4929	15.07.2025 21:16:08	-0,52	6,94	31,70	26,16	1443,24
4930	15.07.2025 21:16:09	-0,56	6,89	31,67	26,11	1443,01
4931	15.07.2025 21:16:10	-0,56	6,85	31,67	26,11	1443,00
4932	15.07.2025 21:16:11	-0,56	6,84	31,71	26,13	1443,04
4933	15.07.2025 21:16:12	-0,56	6,82	31,71	26,13	1443,04
4934	15.07.2025 21:16:13	-0,56	6,78	31,74	26,16	1443,08
4935	15.07.2025 21:16:14	-0,56	6,73	31,71	26,13	1443,03
4936	15.07.2025 21:16:15	-0,56	6,71	31,71	26,13	1443,03
4937	15.07.2025 21:16:16	-0,60	6,66	31,79	26,16	1442,93
4938	15.07.2025 21:16:17	-0,60	6,62	31,79	26,16	1442,93
4939	15.07.2025 21:16:18	-0,60	6,59	31,79	26,16	1442,92
4940	15.07.2025 21:16:19	-0,60	6,55	31,75	26,13	1442,87
4941	15.07.2025 21:16:20	-0,60	6,52	31,75	26,13	1442,86
4942	15.07.2025 21:16:21	-0,60	6,48	31,75	26,13	1442,86
4943	15.07.2025 21:16:22	-0,60	6,45	31,75	26,13	1442,85
4944	15.07.2025 21:16:23	-0,60	6,43	31,72	26,11	1442,80
4945	15.07.2025 21:16:24	-0,60	6,38	31,68	26,08	1442,74
4946	15.07.2025 21:16:25	-0,60	6,34	31,68	26,08	1442,74
4947	15.07.2025 21:16:26	-0,64	6,31	31,76	26,11	1442,64
4948	15.07.2025 21:16:27	-0,64	6,29	31,79	26,13	1442,69
4949	15.07.2025 21:16:28	-0,64	6,23	31,83	26,16	1442,73
4950	15.07.2025 21:16:29	-0,60	6,20	31,79	26,16	1442,86
4951	15.07.2025 21:16:30	-0,60	6,17	31,82	26,19	1442,90
4952	15.07.2025 21:16:31	-0,60	6,15	31,86	26,21	1442,95
4953	15.07.2025 21:16:32	-0,60	6,10	31,82	26,19	1442,89
4954	15.07.2025 21:16:33	-0,60	6,06	31,82	26,19	1442,89
4955	15.07.2025 21:16:34	-0,60	6,01	31,79	26,16	1442,83
4956	15.07.2025 21:16:35	-0,60	5,99	31,79	26,16	1442,83
4957	15.07.2025 21:16:36	-0,60	5,96	31,79	26,16	1442,82
4958	15.07.2025 21:16:37	-0,60	5,92	31,97	26,29	1443,06
4959	15.07.2025 21:16:38	-0,56	5,91	31,96	26,32	1443,24
4960	15.07.2025 21:16:39	-0,52	5,86	31,96	26,35	1443,41
4961	15.07.2025 21:16:40	-0,52	5,82	31,99	26,38	1443,46
4962	15.07.2025 21:16:41	-0,48	5,79	31,99	26,40	1443,63
4963	15.07.2025 21:16:42	-0,48	5,75	32,06	26,46	1443,72
4964	15.07.2025 21:16:43	-0,44	5,74	32,05	26,49	1443,90
4965	15.07.2025 21:16:44	-0,40	5,71	32,01	26,49	1444,03
4966	15.07.2025 21:16:45	-0,40	5,67	32,05	26,51	1444,07
4967	15.07.2025 21:16:46	-0,36	5,64	32,04	26,54	1444,25
4968	15.07.2025 21:16:47	-0,36	5,60	32,04	26,54	1444,24
4969	15.07.2025 21:16:48	-0,32	5,57	31,93	26,49	1444,28
4970	15.07.2025 21:16:49	-0,32	5,55	31,93	26,49	1444,27
4971	15.07.2025 21:16:50	-0,32	5,52	32,00	26,54	1444,36
4972	15.07.2025 21:16:51	-0,32	5,48	32,00	26,54	1444,36
4973	15.07.2025 21:16:52	-0,32	5,47	31,93	26,49	1444,26
4974	15.07.2025 21:16:53	-0,32	5,45	31,89	26,46	1444,21
4975	15.07.2025 21:16:54	-0,32	5,41	31,86	26,43	1444,16
4976	15.07.2025 21:16:55	-0,32	5,40	31,82	26,41	1444,11
4977	15.07.2025 21:16:56	-0,32	5,36	31,79	26,38	1444,05
4978	15.07.2025 21:16:57	-0,36	5,34	31,83	26,38	1443,92
4979	15.07.2025 21:16:58	-0,36	5,32	31,79	26,35	1443,87
4980	15.07.2025 21:16:59	-0,36	5,27	31,83	26,38	1443,91
4981	15.07.2025 21:17:00	-0,36	5,27	31,83	26,38	1443,91
4982	15.07.2025 21:17:01	-0,36	5,24	31,83	26,38	1443,90
4983	15.07.2025 21:17:02	-0,36	5,20	31,87	26,41	1443,94
4984	15.07.2025 21:17:03	-0,32	5,17	31,82	26,41	1444,07
4985	15.07.2025 21:17:04	-0,32	5,15	31,86	26,43	1444,12
4986	15.07.2025 21:17:05	-0,32	5,13	31,93	26,49	1444,21
4987	15.07.2025 21:17:06	-0,28	5,10	31,96	26,54	1444,43
4988	15.07.2025 21:17:07	-0,24	5,05	31,92	26,54	1444,55
4989	15.07.2025 21:17:08	-0,24	5,02	31,92	26,54	1444,55
4990	15.07.2025 21:17:09	-0,20	5,00	31,91	26,57	1444,73
4991	15.07.2025 21:17:10	-0,20	4,97	31,95	26,60	1444,77
4992	15.07.2025 21:17:11	-0,16	4,95	31,94	26,62	1444,95
4993	15.07.2025 21:17:12	-0,16	4,90	32,05	26,71	1445,08
4994	15.07.2025 21:17:13	-0,12	4,88	32,04	26,73	1445,26
4995	15.07.2025 21:17:14	-0,08	4,83	32,00	26,73	1445,38
4996	15.07.2025 21:17:15	-0,04	4,80	31,96	26,73	1445,51
4997	15.07.2025 21:17:16	-0,04	4,76	32,00	26,76	1445,55
4998	15.07.2025 21:17:17	0,01	4,73	31,96	26,76	1445,67
4999	15.07.2025 21:17:18	0,01	4,71	31,99	26,79	1445,72
5000	15.07.2025 21:17:19	0,05	4,68	32,02	26,84	1445,94
5001	15.07.2025 21:17:20	0,05	4,65	32,13	26,92	1446,07
5002	15.07.2025 21:17:21	0,09	4,61	32,23	27,03	1446,39
5003	15.07.2025 21:17:22	0,13	4,58	32,22	27,06	1446,56
5004	15.07.2025 21:17:23	0,21	4,57	32,25	27,14	1446,95
5005	15.07.2025 21:17:24	0,25	4,52	32,28	27,20	1447,17
5006	15.07.2025 21:17:25	0,28	4,49	32,23	27,20	1447,29
5007	15.07.2025 21:17:26	0,32	4,43	32,23	27,22	1447,46
5008	15.07.2025 21:17:27	0,36	4,42	32,22	27,25	1447,63
5009	15.07.2025 21:17:28	0,40	4,39	32,18	27,25	1447,76
5010	15.07.2025 21:17:29	0,44	4,34	32,18	27,28	1447,92
5011	15.07.2025 21:17:30	0,44	4,32	32,21	27,31	1447,97
5012	15.07.2025 21:17:31	0,48	4,29	32,21	27,33	1448,14
5013	15.07.2025 21:17:32	0,52	4,25	32,20	27,36	1448,30
5014	15.07.2025 21:17:33	0,56	4,22	32,16	27,36	1448,43
5015	15.07.2025 21:17:34	0,60	4,17	32,12	27,36	1448,55
5016	15.07.2025 21:17:35	0,60	4,14	32,12	27,36	1448,54
5017	15.07.2025 21:17:36	0,64	4,10	32,12	27,39	1448,71
5018	15.07.2025 21:17:37	0,64	4,07	32,15	27,42	1448,75
5019	15.07.2025 21:17:38	0,68	4,03	32,15	27,45	1448,92
5020	15.07.2025 21:17:39	0,68	3,98	32,15	27,45	1448,91
5021	15.07.2025 21:17:40	0,72	3,97	32,14	27,47	1449,08
5022	15.07.2025 21:17:41	0,72	3,93	32,18	27,50	1449,12
5023	15.07.2025 21:17:42	0,76	3,88	32,21	27,55	1449,33
5024	15.07.2025 21:17:43	0,80	3,85	32,20	27,58	1449,49
5025	15.07.2025 21:17:44	0,84	3,80	32,16	27,58	1449,61
5026	15.07.2025 21:17:45	0,88	3,77	32,12	27,58	1449,73
5027	15.07.2025 21:17:46	0,88	3,73	32,12	27,58	1449,73
5028	15.07.2025 21:17:47	0,92	3,68	32,08	27,58	1449,84
5029	15.07.2025 21:17:48	0,92	3,66	32,12	27,61	1449,89
5030	15.07.2025 21:17:49	0,96	3,63	32,11	27,64	1450,05
5031	15.07.2025 21:17:50	0,96	3,59	32,11	27,64	1450,05
5032	15.07.2025 21:17:51	1,00	3,56	32,11	27,67	1450,21
5033	15.07.2025 21:17:52	1,00	3,53	32,11	27,67	1450,21
5034	15.07.2025 21:17:53	1,04	3,49	32,10	27,69	1450,37
5035	15.07.2025 21:17:54	1,04	3,46	32,10	27,69	1450,37
5036	15.07.2025 21:17:55	1,07	3,43	32,10	27,72	1450,53
5037	15.07.2025 21:17:56	1,07	3,37	32,10	27,72	1450,52
5038	15.07.2025 21:17:57	1,11	3,36	32,13	27,78	1450,73
5039	15.07.2025 21:17:58	1,15	3,33	32,12	27,80	1450,90
5040	15.07.2025 21:17:59	1,19	3,27	32,12	27,83	1451,06
5041	15.07.2025 21:18:00	1,23	3,24	32,11	27,86	1451,22
5042	15.07.2025 21:18:01	1,23	3,21	32,11	27,86	1451,22
5043	15.07.2025 21:18:02	1,27	3,16	32,07	27,86	1451,33
5044	15.07.2025 21:18:03	1,31	3,12	32,07	27,89	1451,49
5045	15.07.2025 21:18:04	1,31	3,11	32,07	27,89	1451,49
5046	15.07.2025 21:18:05	1,35	3,07	32,10	27,94	1451,70
5047	15.07.2025 21:18:06	1,35	3,04	32,13	27,97	1451,74
5048	15.07.2025 21:18:07	1,39	3,00	32,16	28,02	1451,95
5049	15.07.2025 21:18:08	1,42	2,97	32,16	28,05	1452,11
5050	15.07.2025 21:18:09	1,46	2,92	32,15	28,08	1452,27
5051	15.07.2025 21:18:10	1,50	2,89	32,15	28,11	1452,43
5052	15.07.2025 21:18:11	1,54	2,86	32,18	28,16	1452,63
5053	15.07.2025 21:18:12	1,58	2,82	32,17	28,19	1452,80
5054	15.07.2025 21:18:13	1,62	2,77	32,17	28,21	1452,95
5055	15.07.2025 21:18:14	1,66	2,74	32,16	28,24	1453,11
5056	15.07.2025 21:18:15	1,70	2,71	32,19	28,30	1453,32
5057	15.07.2025 21:18:16	1,73	2,67	32,22	28,35	1453,52
5058	15.07.2025 21:18:17	1,77	2,62	32,25	28,40	1453,72
5059	15.07.2025 21:18:18	1,81	2,59	32,28	28,46	1453,93
5060	15.07.2025 21:18:19	1,85	2,56	32,31	28,51	1454,13
5061	15.07.2025 21:18:20	1,93	2,51	32,30	28,57	1454,45
5062	15.07.2025 21:18:21	1,96	2,46	32,29	28,60	1454,60
5063	15.07.2025 21:18:22	2,00	2,44	32,32	28,65	1454,81
5064	15.07.2025 21:18:23	2,04	2,39	32,32	28,68	1454,96
5065	15.07.2025 21:18:24	2,12	2,34	32,34	28,76	1455,32
5066	15.07.2025 21:18:25	2,15	2,31	32,37	28,81	1455,52
5067	15.07.2025 21:18:26	2,23	2,28	32,30	28,82	1455,75
5068	15.07.2025 21:18:27	2,27	2,25	32,42	28,95	1456,08
5069	15.07.2025 21:18:28	2,34	2,20	32,55	29,11	1456,57
5070	15.07.2025 21:18:29	2,46	2,15	32,60	29,25	1457,12
5071	15.07.2025 21:18:30	2,53	2,14	32,66	29,36	1457,52
5072	15.07.2025 21:18:31	2,65	2,13	32,61	29,41	1457,95
5073	15.07.2025 21:18:32	2,72	2,11	32,63	29,50	1458,31
5074	15.07.2025 21:18:33	2,80	2,12	32,69	29,60	1458,70
5075	15.07.2025 21:18:34	2,91	2,09	32,71	29,71	1459,21
5076	15.07.2025 21:18:35	2,98	2,06	32,83	29,87	1459,69
5077	15.07.2025 21:18:36	3,10	2,03	32,88	30,01	1460,23
5078	15.07.2025 21:18:37	3,21	2,00	32,93	30,15	1460,77
5079	15.07.2025 21:18:38	3,32	1,97	32,92	30,23	1461,22
5080	15.07.2025 21:18:39	3,43	1,94	32,87	30,29	1461,63
5081	15.07.2025 21:18:40	3,54	1,95	32,79	30,32	1462,01
5082	15.07.2025 21:18:41	3,62	1,93	32,75	30,34	1462,26
5083	15.07.2025 21:18:42	3,69	1,92	32,68	30,35	1462,48
5084	15.07.2025 21:18:43	3,73	1,90	32,68	30,37	1462,63
5085	15.07.2025 21:18:44	3,76	1,90	32,61	30,35	1462,70
5086	15.07.2025 21:18:45	3,80	1,91	32,61	30,38	1462,85
5087	15.07.2025 21:18:46	3,84	1,89	32,57	30,38	1462,95
5088	15.07.2025 21:18:47	3,91	1,89	32,50	30,38	1463,17
5089	15.07.2025 21:18:48	3,95	1,90	32,47	30,38	1463,28
5090	15.07.2025 21:18:49	3,95	1,88	32,50	30,41	1463,32
5091	15.07.2025 21:18:50	4,02	1,90	32,40	30,38	1463,50
5092	15.07.2025 21:18:51	4,02	1,90	32,43	30,41	1463,54
5093	15.07.2025 21:18:52	4,06	1,88	32,39	30,41	1463,64
5094	15.07.2025 21:18:53	4,09	1,89	32,33	30,38	1463,71
5095	15.07.2025 21:18:54	4,13	1,91	32,29	30,38	1463,82
5096	15.07.2025 21:18:55	4,16	1,89	32,29	30,41	1463,97
5097	15.07.2025 21:18:56	4,20	1,87	32,29	30,44	1464,11
5098	15.07.2025 21:18:57	4,24	1,86	32,28	30,47	1464,26
5099	15.07.2025 21:18:58	4,27	1,84	32,31	30,52	1464,44
5100	15.07.2025 21:18:59	4,31	1,81	32,31	30,55	1464,58
5101	15.07.2025 21:19:00	4,35	1,79	32,58	30,82	1465,09
5102	15.07.2025 21:19:01	4,45	1,80	32,91	31,19	1465,97
5103	15.07.2025 21:19:02	4,60	1,75	33,18	31,54	1466,91
5104	15.07.2025 21:19:03	4,82	1,75	33,31	31,84	1467,96
5105	15.07.2025 21:19:04	5,03	1,72	33,29	32,01	1468,81
5106	15.07.2025 21:19:05	5,21	1,66	33,30	32,17	1469,54
5107	15.07.2025 21:19:06	5,42	1,60	33,16	32,23	1470,22
5108	15.07.2025 21:19:07	5,53	1,56	33,20	32,37	1470,70
5109	15.07.2025 21:19:08	5,70	1,53	33,13	32,45	1471,31
5110	15.07.2025 21:19:09	5,84	1,50	33,11	32,56	1471,86
5111	15.07.2025 21:19:10	5,95	1,47	33,14	32,67	1472,30
5112	15.07.2025 21:19:11	6,05	1,44	33,12	32,76	1472,70
5113	15.07.2025 21:19:12	6,19	1,43	33,05	32,81	1473,17
5114	15.07.2025 21:19:13	6,30	1,40	32,98	32,84	1473,49
5115	15.07.2025 21:19:14	6,40	1,39	32,95	32,90	1473,85
5116	15.07.2025 21:19:15	6,51	1,36	32,88	32,93	1474,17
5117	15.07.2025 21:19:16	6,61	1,33	32,84	32,99	1474,53
5118	15.07.2025 21:19:17	6,72	1,30	32,80	33,04	1474,89
5119	15.07.2025 21:19:18	6,85	1,25	32,77	33,13	1475,37
5120	15.07.2025 21:19:19	6,96	1,22	32,76	33,21	1475,76
5121	15.07.2025 21:19:20	7,09	1,19	32,75	33,32	1476,28
5122	15.07.2025 21:19:21	7,20	1,16	32,77	33,43	1476,70
5123	15.07.2025 21:19:22	7,30	1,13	32,79	33,54	1477,12
5124	15.07.2025 21:19:23	7,43	1,11	32,78	33,65	1477,63
5125	15.07.2025 21:19:24	7,54	1,08	32,72	33,68	1477,94
5126	15.07.2025 21:19:25	7,67	1,06	32,65	33,73	1478,38
5127	15.07.2025 21:19:26	7,74	1,03	32,68	33,82	1478,67
5128	15.07.2025 21:19:27	7,84	1,02	32,70	33,93	1479,08
5129	15.07.2025 21:19:28	7,98	0,99	32,69	34,04	1479,58
5130	15.07.2025 21:19:29	8,11	1,00	32,74	34,20	1480,16
5131	15.07.2025 21:19:30	8,25	0,97	32,65	34,23	1480,55
5132	15.07.2025 21:19:31	8,35	0,94	32,84	34,50	1481,16
5133	15.07.2025 21:19:32	8,51	0,98	33,28	35,07	1482,35
5134	15.07.2025 21:19:33	8,78	0,91	33,42	35,44	1483,52
5135	15.07.2025 21:19:34	9,05	0,90	33,49	35,75	1484,59
5136	15.07.2025 21:19:35	9,31	0,86	33,75	36,23	1485,87
5137	15.07.2025 21:19:36	9,61	0,88	34,19	36,94	1487,51
5138	15.07.2025 21:19:37	10,00	0,84	34,89	37,98	1489,80
5139	15.07.2025 21:19:38	10,48	0,90	35,41	38,96	1492,19
5140	15.07.2025 21:19:39	11,06	0,75	35,19	39,29	1493,94
5141	15.07.2025 21:19:40	11,54	0,65	34,60	39,15	1494,87
5142	15.07.2025 21:19:41	11,83	0,53	34,16	38,97	1495,30
5143	15.07.2025 21:19:42	12,02	0,48	34,04	39,03	1495,80
5144	15.07.2025 21:19:43	12,15	0,49	34,19	39,30	1496,41
5145	15.07.2025 21:19:44	12,34	0,48	34,10	39,39	1496,95
5146	15.07.2025 21:19:45	12,52	0,43	33,91	39,37	1497,35
5147	15.07.2025 21:19:46	12,68	0,41	33,80	39,40	1497,74
5148	15.07.2025 21:19:47	12,81	0,37	33,69	39,40	1498,03
5149	15.07.2025 21:19:48	12,93	0,37	33,58	39,41	1498,32
5150	15.07.2025 21:19:49	13,06	0,34	33,47	39,41	1498,60
5151	15.07.2025 21:19:50	13,15	0,32	33,39	39,41	1498,82
5152	15.07.2025 21:19:51	13,24	0,30	33,31	39,41	1499,03
5153	15.07.2025 21:19:52	13,37	0,29	33,21	39,42	1499,31
5154	15.07.2025 21:19:53	13,43	0,29	33,15	39,42	1499,45
5155	15.07.2025 21:19:54	13,52	0,25	33,08	39,42	1499,66
5156	15.07.2025 21:19:55	13,62	0,25	32,97	39,40	1499,85
5157	15.07.2025 21:19:56	13,68	0,22	32,92	39,40	1499,98
5158	15.07.2025 21:19:57	13,77	0,20	32,84	39,40	1500,19
5159	15.07.2025 21:19:58	13,83	0,18	32,79	39,41	1500,33
5160	15.07.2025 21:19:59	13,90	0,16	32,74	39,41	1500,47
5161	15.07.2025 21:20:00	13,99	0,15	32,64	39,38	1500,65
5162	15.07.2025 21:20:01	14,05	0,15	32,59	39,38	1500,79
5163	15.07.2025 21:20:02	14,11	0,13	32,54	39,39	1500,93
5164	15.07.2025 21:20:03	14,17	0,11	32,49	39,39	1501,07
5165	15.07.2025 21:20:04	14,24	0,08	32,44	39,39	1501,20
5166	15.07.2025 21:20:05	14,30	0,04	32,39	39,39	1501,34
5167	15.07.2025 21:20:06	14,36	0,06	32,34	39,39	1501,48
5168	15.07.2025 21:20:07	14,39	0,06	32,29	39,37	1501,52
5169	15.07.2025 21:20:08	14,45	0,04	32,26	39,40	1501,69
5170	15.07.2025 21:20:09	14,51	0,02	32,19	39,37	1501,80
5171	15.07.2025 21:20:10	14,57	0,00	32,14	39,37	1501,93
5172	15.07.2025 21:20:11	14,60	-0,01	32,12	39,37	1502,00
5173	15.07.2025 21:20:12	14,67	-0,03	32,07	39,38	1502,14
5174	15.07.2025 21:20:13	14,73	-0,03	32,02	39,38	1502,27
5175	15.07.2025 21:20:14	14,76	-0,05	31,99	39,38	1502,34
5176	15.07.2025 21:20:15	14,82	-0,07	31,94	39,38	1502,48
5177	15.07.2025 21:20:16	14,85	-0,07	31,90	39,35	1502,52
5178	15.07.2025 21:20:17	14,88	-0,08	31,87	39,35	1502,58
5179	15.07.2025 21:20:18	14,94	-0,08	31,82	39,36	1502,72
5180	15.07.2025 21:20:19	14,97	-0,08	31,80	39,36	1502,79
5181	15.07.2025 21:20:20	15,00	-0,08	31,78	39,36	1502,86
5182	15.07.2025 21:20:21	15,06	-0,10	31,73	39,36	1502,99
5183	15.07.2025 21:20:22	15,09	-0,07	31,70	39,36	1503,07
5184	15.07.2025 21:20:23	15,12	-0,08	31,68	39,36	1503,14
5185	15.07.2025 21:20:24	15,19	-0,08	31,63	39,36	1503,27
5186	15.07.2025 21:20:25	15,22	-0,08	31,61	39,36	1503,34
5187	15.07.2025 21:20:26	15,25	-0,08	31,58	39,36	1503,41
5188	15.07.2025 21:20:27	15,28	-0,10	31,54	39,34	1503,45
5189	15.07.2025 21:20:28	15,31	-0,10	31,54	39,37	1503,54
5190	15.07.2025 21:20:29	15,34	-0,08	31,49	39,34	1503,59
5191	15.07.2025 21:20:30	15,37	-0,10	31,47	39,34	1503,65
5192	15.07.2025 21:20:31	15,40	-0,08	31,44	39,34	1503,72
5193	15.07.2025 21:20:32	15,43	-0,08	31,42	39,34	1503,79
5194	15.07.2025 21:20:33	15,46	-0,07	31,39	39,34	1503,86
5195	15.07.2025 21:20:34	15,49	-0,07	31,37	39,34	1503,93
5196	15.07.2025 21:20:35	15,52	-0,07	31,35	39,34	1504,00
5197	15.07.2025 21:20:36	15,55	-0,07	31,32	39,35	1504,07
5198	15.07.2025 21:20:37	15,55	-0,07	31,32	39,35	1504,07
5199	15.07.2025 21:20:38	15,58	-0,07	31,30	39,35	1504,14
5200	15.07.2025 21:20:39	15,61	-0,05	31,28	39,35	1504,21
5201	15.07.2025 21:20:40	15,64	-0,05	31,23	39,32	1504,25
5202	15.07.2025 21:20:41	15,67	-0,07	31,23	39,35	1504,34
5203	15.07.2025 21:20:42	15,67	-0,07	31,23	39,35	1504,34
5204	15.07.2025 21:20:43	15,70	-0,07	31,18	39,32	1504,38
5205	15.07.2025 21:20:44	15,73	-0,07	31,16	39,32	1504,45
5206	15.07.2025 21:20:45	15,76	-0,05	31,14	39,32	1504,52
5207	15.07.2025 21:20:46	15,76	-0,07	31,14	39,32	1504,52
5208	15.07.2025 21:20:47	15,79	-0,07	31,11	39,32	1504,58
5209	15.07.2025 21:20:48	15,82	-0,05	31,09	39,33	1504,65
5210	15.07.2025 21:20:49	15,82	-0,05	31,09	39,33	1504,65
5211	15.07.2025 21:20:50	15,85	-0,07	31,07	39,33	1504,72
5212	15.07.2025 21:20:51	15,85	-0,03	31,07	39,33	1504,72
5213	15.07.2025 21:20:52	15,88	-0,03	31,04	39,33	1504,79
5214	15.07.2025 21:20:53	15,88	-0,05	31,04	39,33	1504,79
5215	15.07.2025 21:20:54	15,91	-0,05	31,02	39,33	1504,86
5216	15.07.2025 21:20:55	15,91	-0,03	31,02	39,33	1504,86
5217	15.07.2025 21:20:56	15,94	-0,05	31,00	39,33	1504,92
5218	15.07.2025 21:20:57	15,98	-0,03	30,98	39,33	1504,99
5219	15.07.2025 21:20:58	15,98	-0,03	30,98	39,33	1505,00
5220	15.07.2025 21:20:59	15,98	-0,05	30,98	39,33	1504,99
5221	15.07.2025 21:21:00	16,01	-0,03	30,95	39,33	1505,06
5222	15.07.2025 21:21:01	16,04	-0,05	30,93	39,33	1505,13
5223	15.07.2025 21:21:02	16,04	-0,05	30,93	39,33	1505,13
5224	15.07.2025 21:21:03	16,04	-0,05	30,93	39,33	1505,13
5225	15.07.2025 21:21:04	16,07	-0,05	30,91	39,33	1505,19
5226	15.07.2025 21:21:05	16,07	-0,05	30,91	39,33	1505,19
5227	15.07.2025 21:21:06	16,10	-0,05	30,88	39,33	1505,26
5228	15.07.2025 21:21:07	16,10	-0,05	30,88	39,33	1505,26
5229	15.07.2025 21:21:08	16,13	-0,05	30,86	39,33	1505,33
5230	15.07.2025 21:21:09	16,13	-0,05	30,86	39,33	1505,33
5231	15.07.2025 21:21:10	16,13	-0,05	30,84	39,31	1505,30
5232	15.07.2025 21:21:11	16,16	-0,07	30,56	39,01	1505,06
5233	15.07.2025 21:21:12	16,16	-0,07	30,82	39,31	1505,37
5234	15.07.2025 21:21:13	16,16	-0,07	30,84	39,33	1505,39
5235	15.07.2025 21:21:14	16,19	-0,05	30,51	38,99	1505,11
5236	15.07.2025 21:21:15	16,19	-0,07	18,31	24,55	1490,78
5237	15.07.2025 21:21:16	16,19	-0,07	29,79	38,16	1504,26
5238	15.07.2025 21:21:17	16,22	-0,07	28,15	36,29	1502,43
5239	15.07.2025 21:21:18	16,22	-0,05	30,37	38,85	1505,04
5240	15.07.2025 21:21:19	16,22	-0,05	30,79	39,34	1505,53
5241	15.07.2025 21:21:20	16,22	-0,05	30,79	39,34	1505,53
5242	15.07.2025 21:21:21	16,25	-0,05	30,61	39,15	1505,41
5243	15.07.2025 21:21:22	16,25	-0,05	30,75	39,31	1505,57
5244	15.07.2025 21:21:23	16,25	-0,05	30,75	39,31	1505,57
5245	15.07.2025 21:21:24	16,25	-0,05	30,75	39,31	1505,57
5246	15.07.2025 21:21:25	16,28	-0,03	30,72	39,31	1505,64
5247	15.07.2025 21:21:26	16,28	-0,05	30,70	39,28	1505,61
5248	15.07.2025 21:21:27	16,28	-0,05	30,68	39,26	1505,58
5249	15.07.2025 21:21:28	16,28	-0,03	30,72	39,31	1505,64
5250	15.07.2025 21:21:29	16,28	-0,05	30,75	39,34	1505,66
5251	15.07.2025 21:21:30	16,31	-0,03	30,73	39,34	1505,73
5252	15.07.2025 21:21:31	16,31	-0,05	30,21	38,75	1505,13
5253	15.07.2025 21:21:32	16,31	-0,05	29,47	37,89	1504,26
5254	15.07.2025 21:21:33	16,31	-0,07	25,60	33,37	1499,71
5255	15.07.2025 21:21:34	16,31	-0,05	30,68	39,28	1505,68
5256	15.07.2025 21:21:35	16,31	-0,05	30,56	39,15	1505,54
5257	15.07.2025 21:21:36	16,31	-0,05	30,70	39,31	1505,70
5258	15.07.2025 21:21:37	16,31	-0,05	30,73	39,34	1505,73
5259	15.07.2025 21:21:38	16,34	-0,03	30,70	39,34	1505,80
5260	15.07.2025 21:21:39	16,34	-0,07	27,89	36,08	1502,49
5261	15.07.2025 21:21:40	16,34	-0,05	23,49	30,89	1497,34
5262	15.07.2025 21:21:41	16,34	-0,05	10,76	15,13	1482,42
5263	15.07.2025 21:21:42	16,34	-0,05	10,94	15,35	1482,62
5264	15.07.2025 21:21:43	16,34	-0,07	9,87	13,96	1481,37
5265	15.07.2025 21:21:44	16,34	-0,07	9,63	13,65	1481,09
5266	15.07.2025 21:21:45	16,34	-0,05	9,59	13,59	1481,04
5267	15.07.2025 21:21:46	16,34	-0,05	1,60	2,55	1471,68
5268	15.07.2025 21:21:47	16,34	-0,07	1,92	3,03	1472,05
5269	15.07.2025 21:21:48	16,34	-0,07	1,94	3,06	1472,07
5270	15.07.2025 21:21:49	16,34	-0,05	1,62	2,58	1471,70
5271	15.07.2025 21:21:50	16,34	-0,05	2,15	3,37	1472,32
5272	15.07.2025 21:21:51	16,34	-0,07	2,06	3,23	1472,21
5273	15.07.2025 21:21:52	16,34	-0,07	2,19	3,43	1472,36
5274	15.07.2025 21:21:53	16,34	-0,07	1,75	2,77	1471,85
5275	15.07.2025 21:21:54	16,34	-0,07	2,17	3,40	1472,34
5276	15.07.2025 21:21:55	16,34	-0,07	2,19	3,43	1472,36
5277	15.07.2025 21:21:56	16,34	-0,05	0,76	1,26	1470,69
5278	15.07.2025 21:21:57	16,34	-0,07	1,18	1,90	1471,17
5279	15.07.2025 21:21:58	16,34	-0,07	2,11	3,31	1472,27
5280	15.07.2025 21:21:59	16,34	-0,05	2,11	3,31	1472,28
5281	15.07.2025 21:22:00	16,34	-0,05	2,09	3,28	1472,25
5282	15.07.2025 21:22:01	16,34	-0,07	2,06	3,23	1472,21
5283	15.07.2025 21:22:02	16,34	-0,05	1,98	3,11	1472,12
5284	15.07.2025 21:22:03	16,34	-0,05	1,98	3,11	1472,12
5285	15.07.2025 21:22:04	16,34	-0,05	2,02	3,17	1472,16
5286	15.07.2025 21:22:05	16,34	-0,05	2,02	3,17	1472,16
5287	15.07.2025 21:22:06	16,34	-0,05	2,00	3,14	1472,14
5288	15.07.2025 21:22:07	16,34	-0,05	2,00	3,14	1472,14
5289	15.07.2025 21:22:08	16,34	-0,05	2,02	3,17	1472,16
5290	15.07.2025 21:22:09	16,34	-0,05	2,04	3,20	1472,19
5291	15.07.2025 21:22:10	16,34	-0,05	2,04	3,20	1472,19
5292	15.07.2025 21:22:11	16,34	-0,05	2,06	3,23	1472,21
5293	15.07.2025 21:22:12	16,31	-0,07	2,06	3,23	1472,11
5294	15.07.2025 21:22:13	16,31	-0,05	2,04	3,20	1472,09
5295	15.07.2025 21:22:14	16,31	-0,05	2,04	3,20	1472,09
5296	15.07.2025 21:22:15	16,31	-0,05	2,06	3,23	1472,11
5297	15.07.2025 21:22:16	16,31	-0,05	2,06	3,23	1472,11
5298	15.07.2025 21:22:17	16,31	-0,05	2,06	3,23	1472,11
5299	15.07.2025 21:22:18	16,31	-0,05	2,02	3,17	1472,06
5300	15.07.2025 21:22:19	16,31	-0,05	2,00	3,14	1472,04
5301	15.07.2025 21:22:20	16,31	-0,05	2,02	3,17	1472,06
5302	15.07.2025 21:22:21	16,31	-0,05	2,04	3,20	1472,09
5303	15.07.2025 21:22:22	16,31	-0,05	2,02	3,17	1472,06
5304	15.07.2025 21:22:23	16,31	-0,05	1,98	3,11	1472,02
5305	15.07.2025 21:22:24	16,31	-0,05	2,00	3,14	1472,04
5306	15.07.2025 21:22:25	16,28	-0,05	2,06	3,23	1472,01
5307	15.07.2025 21:22:26	16,28	-0,03	2,04	3,20	1471,99
5308	15.07.2025 21:22:27	16,28	-0,05	2,06	3,23	1472,01
5309	15.07.2025 21:22:28	16,28	-0,05	2,04	3,20	1471,99
5310	15.07.2025 21:22:29	16,28	-0,03	1,98	3,11	1471,92
5311	15.07.2025 21:22:30	16,28	-0,03	1,96	3,09	1471,90
5312	15.07.2025 21:22:31	16,28	-0,05	2,00	3,14	1471,94
5313	15.07.2025 21:22:32	16,28	-0,05	2,00	3,14	1471,94
5314	15.07.2025 21:22:33	16,25	-0,05	1,98	3,11	1471,82
5315	15.07.2025 21:22:34	16,25	-0,03	1,98	3,11	1471,82
5316	15.07.2025 21:22:35	16,25	-0,03	1,93	3,03	1471,75
5317	15.07.2025 21:22:36	16,25	-0,05	1,89	2,97	1471,71
5318	15.07.2025 21:22:37	16,25	-0,03	1,93	3,03	1471,75
5319	15.07.2025 21:22:38	16,25	-0,05	1,96	3,09	1471,79
5320	15.07.2025 21:22:39	16,25	-0,05	1,95	3,06	1471,77
5321	15.07.2025 21:22:40	16,25	-0,03	1,89	2,97	1471,71
5322	15.07.2025 21:22:41	16,25	-0,05	1,89	2,97	1471,71
5323	15.07.2025 21:22:42	16,25	-0,05	1,93	3,03	1471,75
5324	15.07.2025 21:22:43	16,22	-0,05	1,97	3,09	1471,69
5325	15.07.2025 21:22:44	16,22	-0,03	1,91	3,00	1471,63
5326	15.07.2025 21:22:45	16,22	-0,05	1,85	2,92	1471,56
5327	15.07.2025 21:22:46	16,22	-0,03	1,79	2,83	1471,50
5328	15.07.2025 21:22:47	16,22	-0,05	1,87	2,94	1471,58
5329	15.07.2025 21:22:48	16,22	-0,05	1,89	2,97	1471,60
5330	15.07.2025 21:22:49	16,22	-0,05	1,81	2,86	1471,51
5331	15.07.2025 21:22:50	16,22	-0,05	1,76	2,77	1471,45
5332	15.07.2025 21:22:51	16,22	-0,05	1,81	2,86	1471,51
5333	15.07.2025 21:22:52	16,22	-0,05	1,83	2,89	1471,54
5334	15.07.2025 21:22:53	16,22	-0,05	1,89	2,97	1471,60
5335	15.07.2025 21:22:54	16,22	-0,05	1,93	3,03	1471,65
5336	15.07.2025 21:22:55	16,22	-0,05	1,95	3,06	1471,67
5337	15.07.2025 21:22:56	16,22	-0,03	1,91	3,00	1471,63
5338	15.07.2025 21:22:57	16,19	-0,05	1,93	3,03	1471,55
5339	15.07.2025 21:22:58	16,19	-0,05	1,93	3,03	1471,55
5340	15.07.2025 21:22:59	16,19	-0,03	1,93	3,03	1471,55
5341	15.07.2025 21:23:00	16,19	-0,05	1,93	3,03	1471,55
5342	15.07.2025 21:23:01	16,19	-0,05	1,93	3,03	1471,55
5343	15.07.2025 21:23:02	16,19	-0,03	1,93	3,03	1471,55
5344	15.07.2025 21:23:03	16,19	-0,05	1,95	3,06	1471,57
5345	15.07.2025 21:23:04	16,19	-0,05	1,95	3,06	1471,57
5346	15.07.2025 21:23:05	16,19	-0,05	1,95	3,06	1471,57
5347	15.07.2025 21:23:06	16,19	-0,05	1,95	3,06	1471,57
5348	15.07.2025 21:23:07	16,19	-0,03	2,01	3,14	1471,64
5349	15.07.2025 21:23:08	16,19	-0,03	1,95	3,06	1471,57
5350	15.07.2025 21:23:09	16,19	-0,03	1,97	3,08	1471,60
5351	15.07.2025 21:23:10	16,19	-0,05	1,97	3,08	1471,59
5352	15.07.2025 21:23:11	16,19	-0,03	1,95	3,06	1471,57
5353	15.07.2025 21:23:12	16,19	-0,05	1,95	3,06	1471,57
5354	15.07.2025 21:23:13	16,19	-0,03	1,97	3,08	1471,60
5355	15.07.2025 21:23:14	16,19	-0,03	1,97	3,08	1471,60
5356	15.07.2025 21:23:15	16,19	-0,03	1,97	3,08	1471,60
5357	15.07.2025 21:23:16	16,19	-0,05	1,95	3,06	1471,57
5358	15.07.2025 21:23:17	16,19	-0,05	1,93	3,03	1471,55
5359	15.07.2025 21:23:18	16,19	-0,05	1,95	3,06	1471,57
5360	15.07.2025 21:23:19	16,19	-0,03	1,99	3,11	1471,62
5361	15.07.2025 21:23:20	16,19	-0,05	1,97	3,08	1471,59
5362	15.07.2025 21:23:21	16,19	-0,03	1,95	3,06	1471,57
5363	15.07.2025 21:23:22	16,16	-0,05	1,95	3,06	1471,47
5364	15.07.2025 21:23:23	16,16	-0,05	1,95	3,06	1471,47
5365	15.07.2025 21:23:24	16,16	-0,05	1,95	3,06	1471,47
5366	15.07.2025 21:23:25	16,16	-0,05	1,95	3,06	1471,47
5367	15.07.2025 21:23:26	16,16	-0,05	1,99	3,11	1471,51
5368	15.07.2025 21:23:27	16,16	-0,07	1,99	3,11	1471,51
5369	15.07.2025 21:23:28	16,16	-0,07	1,97	3,08	1471,49
5370	15.07.2025 21:23:29	16,16	-0,05	1,93	3,03	1471,45
5371	15.07.2025 21:23:30	16,16	-0,05	1,95	3,06	1471,47
5372	15.07.2025 21:23:31	16,16	-0,07	1,95	3,06	1471,47
5373	15.07.2025 21:23:32	16,16	-0,07	1,99	3,11	1471,51
5374	15.07.2025 21:23:33	16,16	-0,05	1,99	3,11	1471,51
5375	15.07.2025 21:23:34	16,16	-0,07	1,99	3,11	1471,51
5376	15.07.2025 21:23:35	16,16	-0,05	1,95	3,06	1471,47
5377	15.07.2025 21:23:36	16,16	-0,05	1,93	3,03	1471,45
5378	15.07.2025 21:23:37	16,16	-0,07	1,93	3,03	1471,44
5379	15.07.2025 21:23:38	16,16	-0,07	1,97	3,08	1471,49
5380	15.07.2025 21:23:39	16,16	-0,07	1,99	3,11	1471,51
5381	15.07.2025 21:23:40	16,16	-0,05	1,95	3,06	1471,47
5382	15.07.2025 21:23:41	16,16	-0,05	1,95	3,06	1471,47
5383	15.07.2025 21:23:42	16,16	-0,07	1,97	3,08	1471,49
5384	15.07.2025 21:23:43	16,16	-0,07	1,99	3,11	1471,51
5385	15.07.2025 21:23:44	16,16	-0,05	1,99	3,11	1471,51
5386	15.07.2025 21:23:45	16,16	-0,05	1,97	3,08	1471,49
5387	15.07.2025 21:23:46	16,16	-0,05	1,93	3,03	1471,45
5388	15.07.2025 21:23:47	16,16	-0,05	1,91	3,00	1471,42
5389	15.07.2025 21:23:48	16,19	-0,03	1,91	3,00	1471,53
5390	15.07.2025 21:23:49	16,19	-0,03	1,93	3,03	1471,55
5391	15.07.2025 21:23:50	16,19	-0,03	1,89	2,97	1471,51
5392	15.07.2025 21:23:51	16,16	-0,05	1,84	2,89	1471,33
5393	15.07.2025 21:23:52	16,16	-0,07	1,85	2,91	1471,35
5394	15.07.2025 21:23:53	16,16	-0,05	1,87	2,94	1471,38
5395	15.07.2025 21:23:54	16,19	-0,03	1,87	2,94	1471,48
5396	15.07.2025 21:23:55	16,16	-0,05	1,85	2,92	1471,36
5397	15.07.2025 21:23:56	16,16	-0,07	1,82	2,86	1471,31
5398	15.07.2025 21:23:57	16,19	-0,05	1,85	2,91	1471,46
5399	15.07.2025 21:23:58	16,19	-0,03	1,87	2,94	1471,48
5400	15.07.2025 21:23:59	16,16	-0,05	1,89	2,97	1471,40
5401	15.07.2025 21:24:00	16,19	-0,03	1,93	3,03	1471,55
5402	15.07.2025 21:24:01	16,19	-0,03	1,91	3,00	1471,53
5403	15.07.2025 21:24:02	16,19	-0,03	1,87	2,94	1471,48
5404	15.07.2025 21:24:03	16,19	-0,05	1,87	2,94	1471,48
5405	15.07.2025 21:24:04	16,19	-0,05	1,91	3,00	1471,53
5406	15.07.2025 21:24:05	16,19	-0,03	1,91	3,00	1471,53
5407	15.07.2025 21:24:06	16,19	-0,05	1,91	3,00	1471,53
5408	15.07.2025 21:24:07	16,19	-0,07	1,87	2,94	1471,48
5409	15.07.2025 21:24:08	16,19	-0,03	1,85	2,91	1471,46
5410	15.07.2025 21:24:09	16,19	-0,03	1,83	2,89	1471,44
5411	15.07.2025 21:24:10	16,19	-0,05	1,85	2,91	1471,46
5412	15.07.2025 21:24:11	16,19	-0,05	1,83	2,89	1471,44
5413	15.07.2025 21:24:12	16,19	-0,03	1,91	3,00	1471,53
5414	15.07.2025 21:24:13	16,19	-0,05	1,89	2,97	1471,50
5415	15.07.2025 21:24:14	16,19	-0,05	1,91	3,00	1471,53
5416	15.07.2025 21:24:15	16,19	-0,05	1,93	3,03	1471,55
5417	15.07.2025 21:24:16	16,19	-0,05	1,93	3,03	1471,55
5418	15.07.2025 21:24:17	16,19	-0,03	1,91	3,00	1471,53
5419	15.07.2025 21:24:18	16,19	-0,05	1,87	2,94	1471,48
5420	15.07.2025 21:24:19	16,19	-0,03	1,85	2,91	1471,46
5421	15.07.2025 21:24:20	16,19	-0,03	1,83	2,89	1471,44
5422	15.07.2025 21:24:21	16,19	-0,05	1,87	2,94	1471,48
5423	15.07.2025 21:24:22	16,19	-0,05	1,87	2,94	1471,48
5424	15.07.2025 21:24:23	16,19	-0,05	1,81	2,86	1471,41
5425	15.07.2025 21:24:24	16,19	-0,05	1,87	2,94	1471,48
5426	15.07.2025 21:24:25	16,19	-0,05	1,78	2,80	1471,37
5427	15.07.2025 21:24:26	16,19	-0,05	1,93	3,03	1471,55
5428	15.07.2025 21:24:27	16,19	-0,03	1,81	2,86	1471,42
5429	15.07.2025 21:24:28	16,19	-0,05	1,93	3,03	1471,55
5430	15.07.2025 21:24:29	16,19	-0,03	1,83	2,89	1471,44
5431	15.07.2025 21:24:30	16,19	-0,05	1,95	3,06	1471,57
5432	15.07.2025 21:24:31	16,19	-0,05	1,80	2,83	1471,39
5433	15.07.2025 21:24:32	16,19	-0,03	1,95	3,06	1471,57
5434	15.07.2025 21:24:33	16,19	-0,05	1,80	2,83	1471,39
5435	15.07.2025 21:24:34	16,19	-0,05	1,89	2,97	1471,50
5436	15.07.2025 21:24:35	16,19	-0,05	1,89	2,97	1471,50
5437	15.07.2025 21:24:36	16,19	-0,03	1,93	3,03	1471,55
5438	15.07.2025 21:24:37	16,19	-0,03	1,97	3,08	1471,60
5439	15.07.2025 21:24:38	16,22	-0,03	1,87	2,94	1471,58
5440	15.07.2025 21:24:39	16,22	-0,05	1,89	2,97	1471,60
5441	15.07.2025 21:24:40	16,19	-0,03	1,97	3,08	1471,60
5442	15.07.2025 21:24:41	16,22	-0,05	1,91	3,00	1471,63
5443	15.07.2025 21:24:42	16,22	-0,05	1,89	2,97	1471,60
5444	15.07.2025 21:24:43	16,22	-0,05	1,97	3,09	1471,69
5445	15.07.2025 21:24:44	16,22	-0,05	1,79	2,83	1471,49
5446	15.07.2025 21:24:45	16,22	-0,05	1,97	3,09	1471,69
5447	15.07.2025 21:24:46	16,22	-0,05	1,83	2,89	1471,54
5448	15.07.2025 21:24:47	16,22	-0,05	1,91	3,00	1471,63
5449	15.07.2025 21:24:48	16,22	-0,05	1,87	2,94	1471,58
5450	15.07.2025 21:24:49	16,22	-0,05	1,97	3,09	1471,69
5451	15.07.2025 21:24:50	16,22	-0,05	1,89	2,97	1471,60
5452	15.07.2025 21:24:51	16,22	-0,05	1,83	2,89	1471,54
5453	15.07.2025 21:24:52	16,22	-0,05	1,91	3,00	1471,63
5454	15.07.2025 21:24:53	16,22	-0,05	1,89	2,97	1471,60
5455	15.07.2025 21:24:54	16,22	-0,05	1,93	3,03	1471,65
5456	15.07.2025 21:24:55	16,22	-0,05	1,87	2,94	1471,58
5457	15.07.2025 21:24:56	16,22	-0,05	1,91	3,00	1471,63
5458	15.07.2025 21:24:57	16,22	-0,03	1,81	2,86	1471,52
5459	15.07.2025 21:24:58	16,22	-0,05	1,97	3,09	1471,69
5460	15.07.2025 21:24:59	16,22	-0,05	1,81	2,86	1471,51
5461	15.07.2025 21:25:00	16,22	-0,05	1,91	3,00	1471,63
5462	15.07.2025 21:25:01	16,22	-0,05	1,95	3,06	1471,67
5463	15.07.2025 21:25:02	16,22	-0,05	1,91	3,00	1471,63
5464	15.07.2025 21:25:03	16,22	-0,05	1,91	3,00	1471,63
5465	15.07.2025 21:25:04	16,25	-0,03	1,85	2,92	1471,66
5466	15.07.2025 21:25:05	16,25	-0,05	1,91	3,00	1471,73
5467	15.07.2025 21:25:06	16,25	-0,05	1,77	2,80	1471,57
5468	15.07.2025 21:25:07	16,25	-0,05	1,87	2,94	1471,68
5469	15.07.2025 21:25:08	16,25	-0,05	1,74	2,75	1471,53
5470	15.07.2025 21:25:09	16,25	-0,05	1,91	3,00	1471,73
5471	15.07.2025 21:25:10	16,25	-0,03	1,79	2,83	1471,60
5472	15.07.2025 21:25:11	16,25	-0,05	1,98	3,11	1471,82
5473	15.07.2025 21:25:12	16,25	-0,05	1,93	3,03	1471,75
5474	15.07.2025 21:25:13	16,25	-0,05	1,87	2,94	1471,68
5475	15.07.2025 21:25:14	16,25	-0,05	1,98	3,11	1471,82
5476	15.07.2025 21:25:15	16,25	-0,05	1,93	3,03	1471,75
5477	15.07.2025 21:25:16	16,25	-0,05	1,98	3,11	1471,82
5478	15.07.2025 21:25:17	16,25	-0,05	1,74	2,75	1471,53
5479	15.07.2025 21:25:18	16,25	-0,05	1,87	2,94	1471,68
5480	15.07.2025 21:25:19	16,25	-0,05	1,77	2,80	1471,57
5481	15.07.2025 21:25:20	16,25	-0,05	1,93	3,03	1471,75
5482	15.07.2025 21:25:21	16,25	-0,03	1,89	2,97	1471,71
5483	15.07.2025 21:25:22	16,25	-0,05	1,93	3,03	1471,75
5484	15.07.2025 21:25:23	16,28	-0,05	1,91	3,00	1471,83
5485	15.07.2025 21:25:24	16,28	-0,05	1,89	2,97	1471,81
5486	15.07.2025 21:25:25	16,28	-0,05	1,91	3,00	1471,83
5487	15.07.2025 21:25:26	16,28	-0,05	1,79	2,83	1471,69
5488	15.07.2025 21:25:27	16,28	-0,05	1,93	3,03	1471,85
5489	15.07.2025 21:25:28	16,28	-0,05	1,81	2,86	1471,72
5490	15.07.2025 21:25:29	16,28	-0,05	1,93	3,03	1471,85
5491	15.07.2025 21:25:30	16,28	-0,05	1,79	2,83	1471,69
5492	15.07.2025 21:25:31	16,28	-0,05	1,93	3,03	1471,85
5493	15.07.2025 21:25:32	16,28	-0,05	1,91	3,00	1471,83
5494	15.07.2025 21:25:33	16,28	-0,07	1,93	3,03	1471,85
5495	15.07.2025 21:25:34	16,28	-0,05	1,87	2,94	1471,78
5496	15.07.2025 21:25:35	16,28	-0,05	1,81	2,86	1471,72
5497	15.07.2025 21:25:36	16,28	-0,05	1,87	2,94	1471,78
5498	15.07.2025 21:25:37	16,28	-0,05	1,77	2,80	1471,67
5499	15.07.2025 21:25:38	16,28	-0,05	1,87	2,94	1471,78
5500	15.07.2025 21:25:39	16,28	-0,05	1,75	2,77	1471,65
5501	15.07.2025 21:25:40	16,31	-0,05	1,96	3,09	1472,00
5502	15.07.2025 21:25:41	16,31	-0,05	1,79	2,83	1471,80
5503	15.07.2025 21:25:42	16,31	-0,05	1,92	3,03	1471,95
5504	15.07.2025 21:25:43	16,31	-0,05	1,94	3,06	1471,97
5505	15.07.2025 21:25:44	16,31	-0,05	1,85	2,92	1471,86
5506	15.07.2025 21:25:45	16,31	-0,05	1,89	2,97	1471,91
5507	15.07.2025 21:25:46	16,31	-0,05	1,83	2,89	1471,84
5508	15.07.2025 21:25:47	16,31	-0,05	2,00	3,14	1472,04
5509	15.07.2025 21:25:48	16,31	-0,05	1,85	2,92	1471,86
5510	15.07.2025 21:25:49	16,31	-0,05	1,94	3,06	1471,97
5511	15.07.2025 21:25:50	16,31	-0,05	1,83	2,89	1471,84
5512	15.07.2025 21:25:51	16,31	-0,07	1,96	3,09	1471,99
5513	15.07.2025 21:25:52	16,31	-0,05	1,92	3,03	1471,95
5514	15.07.2025 21:25:53	16,31	-0,05	1,90	3,00	1471,93
5515	15.07.2025 21:25:54	16,31	-0,07	1,98	3,11	1472,02
5516	15.07.2025 21:25:55	16,31	-0,05	1,85	2,92	1471,86
5517	15.07.2025 21:25:56	16,31	-0,07	1,92	3,03	1471,95
5518	15.07.2025 21:25:57	16,31	-0,07	1,85	2,92	1471,86
5519	15.07.2025 21:25:58	16,31	-0,05	1,94	3,06	1471,97
5520	15.07.2025 21:25:59	16,31	-0,05	1,73	2,75	1471,73
5521	15.07.2025 21:26:00	16,31	-0,05	1,83	2,89	1471,84
5522	15.07.2025 21:26:01	16,31	-0,05	1,83	2,89	1471,84
5523	15.07.2025 21:26:02	16,31	-0,05	1,90	3,00	1471,93
5524	15.07.2025 21:26:03	16,31	-0,05	1,98	3,11	1472,02
5525	15.07.2025 21:26:04	16,31	-0,05	1,81	2,86	1471,82
5526	15.07.2025 21:26:05	16,34	-0,05	1,85	2,92	1471,96
5527	15.07.2025 21:26:06	16,34	-0,05	1,85	2,92	1471,96
5528	15.07.2025 21:26:07	16,34	-0,05	1,94	3,06	1472,07
5529	15.07.2025 21:26:08	16,34	-0,05	1,75	2,77	1471,85
5530	15.07.2025 21:26:09	16,34	-0,05	1,94	3,06	1472,07
5531	15.07.2025 21:26:10	16,34	-0,05	1,87	2,94	1471,99
5532	15.07.2025 21:26:11	16,34	-0,05	1,98	3,11	1472,12
5533	15.07.2025 21:26:12	16,34	-0,05	1,94	3,06	1472,07
5534	15.07.2025 21:26:13	16,34	-0,05	1,90	3,00	1472,03
5535	15.07.2025 21:26:14	16,34	-0,05	1,85	2,92	1471,96
5536	15.07.2025 21:26:15	16,34	-0,05	1,79	2,83	1471,90
5537	15.07.2025 21:26:16	16,34	-0,05	1,90	3,00	1472,03
5538	15.07.2025 21:26:17	16,34	-0,05	1,81	2,86	1471,92
5539	15.07.2025 21:26:18	16,34	-0,05	1,85	2,92	1471,96
5540	15.07.2025 21:26:19	16,34	-0,05	1,75	2,77	1471,85
5541	15.07.2025 21:26:20	16,34	-0,05	1,90	3,00	1472,03
5542	15.07.2025 21:26:21	16,34	-0,05	1,85	2,92	1471,96
5543	15.07.2025 21:26:22	16,34	-0,05	1,87	2,94	1471,99
5544	15.07.2025 21:26:23	16,34	-0,05	1,90	3,00	1472,03
5545	15.07.2025 21:26:24	16,34	-0,05	1,85	2,92	1471,96
5546	15.07.2025 21:26:25	16,34	-0,05	1,94	3,06	1472,07
5547	15.07.2025 21:26:26	16,34	-0,05	1,81	2,86	1471,92
5548	15.07.2025 21:26:27	16,34	-0,05	1,90	3,00	1472,03
5549	15.07.2025 21:26:28	16,34	-0,05	1,79	2,83	1471,90
5550	15.07.2025 21:26:29	16,34	-0,05	1,87	2,94	1471,99
5551	15.07.2025 21:26:30	16,34	-0,05	1,87	2,94	1471,99
5552	15.07.2025 21:26:31	16,34	-0,05	1,98	3,11	1472,12
5553	15.07.2025 21:26:32	16,34	-0,05	1,83	2,89	1471,94
5554	15.07.2025 21:26:33	16,34	-0,05	1,85	2,92	1471,96
5555	15.07.2025 21:26:34	16,34	-0,05	1,92	3,03	1472,05
5556	15.07.2025 21:26:35	16,34	-0,05	1,77	2,80	1471,87
5557	15.07.2025 21:26:36	16,34	-0,05	1,90	3,00	1472,03
5558	15.07.2025 21:26:37	16,34	-0,07	1,73	2,75	1471,83
5559	15.07.2025 21:26:38	16,34	-0,07	1,90	3,00	1472,03
5560	15.07.2025 21:26:39	16,34	-0,05	1,83	2,89	1471,94
5561	15.07.2025 21:26:40	16,34	-0,07	1,90	3,00	1472,03
5562	15.07.2025 21:26:41	16,34	-0,07	1,79	2,83	1471,89
5563	15.07.2025 21:26:42	16,34	-0,05	1,77	2,80	1471,87
5564	15.07.2025 21:26:43	16,34	-0,05	1,90	3,00	1472,03
5565	15.07.2025 21:26:44	16,37	-0,05	1,85	2,92	1472,06
5566	15.07.2025 21:26:45	16,37	-0,07	1,90	3,00	1472,13
5567	15.07.2025 21:26:46	16,37	-0,05	1,83	2,89	1472,04
5568	15.07.2025 21:26:47	16,37	-0,05	1,98	3,11	1472,22
5569	15.07.2025 21:26:48	16,37	-0,07	1,79	2,83	1471,99
5570	15.07.2025 21:26:49	16,37	-0,05	2,00	3,14	1472,24
5571	15.07.2025 21:26:50	16,37	-0,05	1,83	2,89	1472,04
5572	15.07.2025 21:26:51	16,37	-0,05	1,90	3,00	1472,13
5573	15.07.2025 21:26:52	16,37	-0,05	1,90	3,00	1472,13
5574	15.07.2025 21:26:53	16,37	-0,05	1,86	2,94	1472,09
5575	15.07.2025 21:26:54	16,37	-0,05	1,81	2,86	1472,02
5576	15.07.2025 21:26:55	16,37	-0,07	1,77	2,80	1471,97
5577	15.07.2025 21:26:56	16,37	-0,05	1,90	3,00	1472,13
5578	15.07.2025 21:26:57	16,40	-0,05	1,77	2,80	1472,08
5579	15.07.2025 21:26:58	16,37	-0,07	1,90	3,00	1472,13
5580	15.07.2025 21:26:59	16,40	-0,07	1,79	2,83	1472,09
5581	15.07.2025 21:27:00	16,40	-0,05	1,96	3,09	1472,30
5582	15.07.2025 21:27:01	16,40	-0,05	1,82	2,89	1472,14
5583	15.07.2025 21:27:02	16,40	-0,07	1,84	2,92	1472,16
5584	15.07.2025 21:27:03	16,40	-0,07	1,84	2,92	1472,16
5585	15.07.2025 21:27:04	16,40	-0,07	1,77	2,80	1472,07
5586	15.07.2025 21:27:05	16,40	-0,07	1,92	3,03	1472,25
5587	15.07.2025 21:27:06	16,40	-0,07	1,79	2,83	1472,10
5588	15.07.2025 21:27:07	16,40	-0,05	1,86	2,94	1472,19
5589	15.07.2025 21:27:08	16,40	-0,07	1,79	2,83	1472,10
5590	15.07.2025 21:27:09	16,40	-0,05	1,94	3,06	1472,28
5591	15.07.2025 21:27:10	16,40	-0,05	1,79	2,83	1472,10
5592	15.07.2025 21:27:11	16,43	-0,05	1,80	2,86	1472,22
5593	15.07.2025 21:27:12	16,43	-0,05	1,84	2,92	1472,26
5594	15.07.2025 21:27:13	16,43	-0,07	1,92	3,03	1472,35
5595	15.07.2025 21:27:14	16,43	-0,05	1,92	3,03	1472,35
5596	15.07.2025 21:27:15	16,43	-0,05	1,80	2,86	1472,22
5597	15.07.2025 21:27:16	16,43	-0,05	1,94	3,06	1472,38
5598	15.07.2025 21:27:17	16,43	-0,07	1,79	2,83	1472,20
5599	15.07.2025 21:27:18	16,43	-0,05	1,92	3,03	1472,35
5600	15.07.2025 21:27:19	16,43	-0,05	1,71	2,72	1472,11
5601	15.07.2025 21:27:20	16,43	-0,07	1,92	3,03	1472,35
5602	15.07.2025 21:27:21	16,43	-0,05	1,86	2,94	1472,29
5603	15.07.2025 21:27:22	16,43	-0,07	1,79	2,83	1472,20
5604	15.07.2025 21:27:23	16,46	-0,05	1,84	2,92	1472,36
5605	15.07.2025 21:27:24	16,46	-0,05	1,86	2,94	1472,39
5606	15.07.2025 21:27:25	16,46	-0,05	1,96	3,09	1472,50
5607	15.07.2025 21:27:26	16,46	-0,05	1,78	2,83	1472,30
5608	15.07.2025 21:27:27	16,46	-0,07	1,97	3,11	1472,52
5609	15.07.2025 21:27:28	16,46	-0,07	1,84	2,92	1472,36
5610	15.07.2025 21:27:29	16,46	-0,07	1,96	3,09	1472,50
5611	15.07.2025 21:27:30	16,46	-0,07	1,77	2,80	1472,27
5612	15.07.2025 21:27:31	16,46	-0,07	1,84	2,92	1472,36
5613	15.07.2025 21:27:32	16,46	-0,07	1,78	2,83	1472,30
5614	15.07.2025 21:27:33	16,46	-0,05	1,88	2,97	1472,41
5615	15.07.2025 21:27:34	16,46	-0,05	1,88	2,97	1472,41
5616	15.07.2025 21:27:35	16,46	-0,07	1,84	2,92	1472,36
5617	15.07.2025 21:27:36	16,46	-0,07	1,82	2,89	1472,34
5618	15.07.2025 21:27:37	16,46	-0,05	1,82	2,89	1472,34
5619	15.07.2025 21:27:38	16,49	-0,07	1,90	3,00	1472,53
5620	15.07.2025 21:27:39	16,49	-0,07	1,76	2,80	1472,37
5621	15.07.2025 21:27:40	16,49	-0,07	1,99	3,14	1472,64
5622	15.07.2025 21:27:41	16,49	-0,07	1,82	2,89	1472,44
5623	15.07.2025 21:27:42	16,49	-0,07	1,93	3,06	1472,57
5624	15.07.2025 21:27:43	16,49	-0,07	1,86	2,94	1472,48
5625	15.07.2025 21:27:44	16,49	-0,07	1,84	2,92	1472,46
5626	15.07.2025 21:27:45	16,49	-0,07	1,82	2,89	1472,44
5627	15.07.2025 21:27:46	16,49	-0,05	1,84	2,92	1472,47
5628	15.07.2025 21:27:47	16,49	-0,05	1,90	3,00	1472,53
5629	15.07.2025 21:27:48	16,49	-0,07	1,80	2,86	1472,42
5630	15.07.2025 21:27:49	16,49	-0,07	1,90	3,00	1472,53
5631	15.07.2025 21:27:50	16,52	-0,05	1,74	2,77	1472,46
5632	15.07.2025 21:27:51	16,52	-0,07	1,90	3,00	1472,63
5633	15.07.2025 21:27:52	16,52	-0,07	1,86	2,94	1472,59
5634	15.07.2025 21:27:53	16,52	-0,07	1,84	2,92	1472,56
5635	15.07.2025 21:27:54	16,52	-0,07	1,80	2,86	1472,52
5636	15.07.2025 21:27:55	16,52	-0,07	1,76	2,80	1472,47
5637	15.07.2025 21:27:56	16,52	-0,07	1,86	2,94	1472,59
5638	15.07.2025 21:27:57	16,52	-0,07	1,84	2,92	1472,56
5639	15.07.2025 21:27:58	16,52	-0,07	1,91	3,03	1472,65
5640	15.07.2025 21:27:59	16,52	-0,07	1,82	2,89	1472,54
5641	15.07.2025 21:28:00	16,52	-0,07	1,95	3,09	1472,70
5642	15.07.2025 21:28:01	16,52	-0,07	1,84	2,92	1472,56
5643	15.07.2025 21:28:02	16,52	-0,07	1,90	3,00	1472,63
5644	15.07.2025 21:28:03	16,52	-0,07	1,84	2,92	1472,56
5645	15.07.2025 21:28:04	16,55	-0,07	1,88	2,97	1472,71
5646	15.07.2025 21:28:05	16,55	-0,07	1,82	2,89	1472,64
5647	15.07.2025 21:28:06	16,55	-0,07	1,88	2,97	1472,71
5648	15.07.2025 21:28:07	16,55	-0,05	1,86	2,94	1472,69
5649	15.07.2025 21:28:08	16,55	-0,07	1,71	2,72	1472,51
5650	15.07.2025 21:28:09	16,55	-0,08	1,86	2,94	1472,68
5651	15.07.2025 21:28:10	16,55	-0,07	1,67	2,66	1472,46
5652	15.07.2025 21:28:11	16,55	-0,07	1,86	2,94	1472,69
5653	15.07.2025 21:28:12	16,55	-0,07	1,82	2,89	1472,64
5654	15.07.2025 21:28:13	16,55	-0,07	1,82	2,89	1472,64
5655	15.07.2025 21:28:14	16,55	-0,07	1,82	2,89	1472,64
5656	15.07.2025 21:28:15	16,55	-0,07	1,88	2,97	1472,71
5657	15.07.2025 21:28:16	16,58	-0,05	1,84	2,92	1472,77
5658	15.07.2025 21:28:17	16,58	-0,05	1,76	2,80	1472,68
5659	15.07.2025 21:28:18	16,58	-0,03	1,89	3,00	1472,84
5660	15.07.2025 21:28:19	16,58	-0,05	1,80	2,86	1472,72
5661	15.07.2025 21:28:20	16,58	-0,05	1,93	3,06	1472,88
5662	15.07.2025 21:28:21	16,58	-0,05	1,67	2,66	1472,57
5663	15.07.2025 21:28:22	16,58	-0,03	1,84	2,92	1472,77
5664	15.07.2025 21:28:23	16,58	-0,05	1,84	2,92	1472,77
5665	15.07.2025 21:28:24	16,58	-0,05	1,91	3,03	1472,85
5666	15.07.2025 21:28:25	16,58	-0,05	1,86	2,95	1472,79
5667	15.07.2025 21:28:26	16,58	-0,05	1,84	2,92	1472,77
5668	15.07.2025 21:28:27	16,58	-0,05	1,86	2,95	1472,79
5669	15.07.2025 21:28:28	16,58	-0,07	1,74	2,78	1472,65
5670	15.07.2025 21:28:29	16,58	-0,05	1,87	2,97	1472,81
5671	15.07.2025 21:28:30	16,58	-0,05	1,74	2,78	1472,66
5672	15.07.2025 21:28:31	16,61	-0,05	1,89	3,00	1472,93
5673	15.07.2025 21:28:32	16,61	-0,05	1,76	2,80	1472,78
5674	15.07.2025 21:28:33	16,61	-0,05	1,89	3,00	1472,93
5675	15.07.2025 21:28:34	16,61	-0,05	1,83	2,92	1472,87
5676	15.07.2025 21:28:35	16,61	-0,07	1,99	3,14	1473,04
5677	15.07.2025 21:28:36	16,61	-0,05	1,87	2,97	1472,91
5678	15.07.2025 21:28:37	16,61	-0,05	1,87	2,97	1472,91
5679	15.07.2025 21:28:38	16,61	-0,05	1,76	2,80	1472,78
5680	15.07.2025 21:28:39	16,61	-0,05	1,72	2,75	1472,73
5681	15.07.2025 21:28:40	16,61	-0,05	1,89	3,00	1472,93
5682	15.07.2025 21:28:41	16,61	-0,05	1,72	2,75	1472,73
5683	15.07.2025 21:28:42	16,61	-0,05	1,83	2,92	1472,87
5684	15.07.2025 21:28:43	16,61	-0,05	1,76	2,80	1472,78
5685	15.07.2025 21:28:44	16,61	-0,05	1,89	3,00	1472,93
5686	15.07.2025 21:28:45	16,61	-0,05	1,83	2,92	1472,87
5687	15.07.2025 21:28:46	16,61	-0,05	1,89	3,00	1472,93
5688	15.07.2025 21:28:47	16,64	-0,05	1,93	3,06	1473,08
5689	15.07.2025 21:28:48	16,64	-0,05	1,74	2,78	1472,86
5690	15.07.2025 21:28:49	16,64	-0,05	1,89	3,00	1473,03
5691	15.07.2025 21:28:50	16,64	-0,05	1,76	2,80	1472,88
5692	15.07.2025 21:28:51	16,64	-0,05	1,89	3,00	1473,03
5693	15.07.2025 21:28:52	16,64	-0,05	1,81	2,89	1472,94
5694	15.07.2025 21:28:53	16,64	-0,05	1,95	3,09	1473,10
5695	15.07.2025 21:28:54	16,64	-0,05	1,83	2,92	1472,97
5696	15.07.2025 21:28:55	16,64	-0,05	1,85	2,95	1472,99
5697	15.07.2025 21:28:56	16,64	-0,05	1,80	2,86	1472,92
5698	15.07.2025 21:28:57	16,64	-0,05	1,80	2,86	1472,92
5699	15.07.2025 21:28:58	16,64	-0,07	1,81	2,89	1472,94
5700	15.07.2025 21:28:59	16,64	-0,05	1,72	2,75	1472,83
5701	15.07.2025 21:29:00	16,67	-0,05	1,93	3,06	1473,18
5702	15.07.2025 21:29:01	16,64	-0,03	1,82	2,89	1472,95
5703	15.07.2025 21:29:02	16,67	-0,05	1,91	3,03	1473,15
5704	15.07.2025 21:29:03	16,67	-0,05	1,79	2,86	1473,02
5705	15.07.2025 21:29:04	16,67	-0,05	1,79	2,86	1473,02
5706	15.07.2025 21:29:05	16,67	-0,05	1,89	3,00	1473,13
5707	15.07.2025 21:29:06	16,67	-0,05	1,83	2,92	1473,07
5708	15.07.2025 21:29:07	16,67	-0,05	1,95	3,09	1473,20
5709	15.07.2025 21:29:08	16,67	-0,05	1,76	2,80	1472,98
5710	15.07.2025 21:29:09	16,67	-0,05	1,83	2,92	1473,07
5711	15.07.2025 21:29:10	16,67	-0,05	1,74	2,78	1472,96
5712	15.07.2025 21:29:11	16,67	-0,07	1,83	2,92	1473,06
5713	15.07.2025 21:29:12	16,67	-0,05	1,83	2,92	1473,07
5714	15.07.2025 21:29:13	16,67	-0,07	1,79	2,86	1473,02
5715	15.07.2025 21:29:14	16,67	-0,05	1,93	3,06	1473,18
5716	15.07.2025 21:29:15	16,67	-0,05	1,81	2,89	1473,04
5717	15.07.2025 21:29:16	16,70	-0,05	1,87	2,97	1473,21
5718	15.07.2025 21:29:17	16,70	-0,05	1,79	2,86	1473,12
5719	15.07.2025 21:29:18	16,70	-0,07	1,93	3,06	1473,27
5720	15.07.2025 21:29:19	16,70	-0,05	1,77	2,83	1473,10
5721	15.07.2025 21:29:20	16,70	-0,05	1,93	3,06	1473,28
5722	15.07.2025 21:29:21	16,70	-0,07	1,72	2,75	1473,03
5723	15.07.2025 21:29:22	16,70	-0,05	1,81	2,89	1473,14
5724	15.07.2025 21:29:23	16,70	-0,05	1,83	2,92	1473,17
5725	15.07.2025 21:29:24	16,70	-0,03	1,77	2,83	1473,10
5726	15.07.2025 21:29:25	16,70	-0,05	1,91	3,03	1473,25
5727	15.07.2025 21:29:26	16,70	-0,05	1,77	2,83	1473,10
5728	15.07.2025 21:29:27	16,70	-0,05	1,91	3,03	1473,25
5729	15.07.2025 21:29:28	16,70	-0,05	1,76	2,80	1473,08
5730	15.07.2025 21:29:29	16,70	-0,05	1,94	3,09	1473,30
5731	15.07.2025 21:29:30	16,70	-0,05	1,85	2,95	1473,19
5732	15.07.2025 21:29:31	16,70	-0,07	1,81	2,89	1473,14
5733	15.07.2025 21:29:32	16,73	-0,05	1,83	2,92	1473,26
5734	15.07.2025 21:29:33	16,73	-0,07	1,75	2,80	1473,17
5735	15.07.2025 21:29:34	16,73	-0,05	1,89	3,00	1473,33
5736	15.07.2025 21:29:35	16,73	-0,05	1,79	2,86	1473,22
5737	15.07.2025 21:29:36	16,73	-0,07	1,96	3,12	1473,42
5738	15.07.2025 21:29:37	16,73	-0,05	1,75	2,80	1473,18
5739	15.07.2025 21:29:38	16,73	-0,05	1,91	3,03	1473,35
5740	15.07.2025 21:29:39	16,73	-0,05	1,74	2,78	1473,15
5741	15.07.2025 21:29:40	16,73	-0,05	1,79	2,86	1473,22
5742	15.07.2025 21:29:41	16,73	-0,05	1,85	2,95	1473,29
5743	15.07.2025 21:29:42	16,73	-0,07	1,83	2,92	1473,26
5744	15.07.2025 21:29:43	16,73	-0,07	1,91	3,03	1473,35
5745	15.07.2025 21:29:44	16,73	-0,05	1,74	2,78	1473,15
5746	15.07.2025 21:29:45	16,73	-0,05	1,91	3,03	1473,35
5747	15.07.2025 21:29:46	16,73	-0,05	1,77	2,83	1473,20
5748	15.07.2025 21:29:47	16,76	-0,07	1,88	3,00	1473,43
5749	15.07.2025 21:29:48	16,76	-0,05	1,85	2,95	1473,39
5750	15.07.2025 21:29:49	16,76	-0,05	1,87	2,97	1473,41
5751	15.07.2025 21:29:50	16,76	-0,07	1,89	3,00	1473,43
5752	15.07.2025 21:29:51	16,76	-0,07	1,79	2,86	1473,32
5753	15.07.2025 21:29:52	16,76	-0,05	1,92	3,06	1473,47
5754	15.07.2025 21:29:53	16,76	-0,05	1,70	2,72	1473,21
5755	15.07.2025 21:29:54	16,76	-0,05	1,89	3,00	1473,43
5756	15.07.2025 21:29:55	16,76	-0,05	1,73	2,78	1473,25
5757	15.07.2025 21:29:56	16,76	-0,05	1,96	3,12	1473,52
5758	15.07.2025 21:29:57	16,76	-0,07	1,75	2,80	1473,27
5759	15.07.2025 21:29:58	16,76	-0,07	1,83	2,92	1473,36
5760	15.07.2025 21:29:59	16,76	-0,05	1,83	2,92	1473,36
5761	15.07.2025 21:30:00	16,76	-0,05	1,75	2,80	1473,28
5762	15.07.2025 21:30:01	16,79	-0,05	1,92	3,06	1473,57
5763	15.07.2025 21:30:02	16,79	-0,07	1,77	2,83	1473,39
5764	15.07.2025 21:30:03	16,76	-0,05	1,98	3,14	1473,54
5765	15.07.2025 21:30:04	16,79	-0,07	1,88	3,00	1473,53
5766	15.07.2025 21:30:05	16,79	-0,07	1,85	2,95	1473,48
5767	15.07.2025 21:30:06	16,79	-0,05	1,73	2,78	1473,35
5768	15.07.2025 21:30:07	16,79	-0,05	1,90	3,03	1473,55
5769	15.07.2025 21:30:08	16,79	-0,05	1,90	3,03	1473,55
5770	15.07.2025 21:30:09	16,79	-0,05	1,77	2,83	1473,40
5771	15.07.2025 21:30:10	16,79	-0,05	1,85	2,95	1473,49
5772	15.07.2025 21:30:11	16,79	-0,05	1,83	2,92	1473,46
5773	15.07.2025 21:30:12	16,79	-0,07	1,96	3,12	1473,61
5774	15.07.2025 21:30:13	16,79	-0,05	1,77	2,83	1473,40
5775	15.07.2025 21:30:14	16,79	-0,07	1,87	2,97	1473,50
5776	15.07.2025 21:30:15	16,79	-0,05	1,77	2,83	1473,40
5777	15.07.2025 21:30:16	16,79	-0,05	1,83	2,92	1473,46
5778	15.07.2025 21:30:17	16,79	-0,05	1,87	2,97	1473,51
5779	15.07.2025 21:30:18	16,79	-0,07	1,81	2,89	1473,44
5780	15.07.2025 21:30:19	16,79	-0,07	1,90	3,03	1473,55
5781	15.07.2025 21:30:20	16,82	-0,05	1,79	2,86	1473,52
5782	15.07.2025 21:30:21	16,82	-0,07	1,90	3,03	1473,65
5783	15.07.2025 21:30:22	16,82	-0,07	1,77	2,83	1473,49
5784	15.07.2025 21:30:23	16,82	-0,05	1,88	3,00	1473,63
5785	15.07.2025 21:30:24	16,82	-0,07	1,73	2,78	1473,45
5786	15.07.2025 21:30:25	16,82	-0,07	1,77	2,83	1473,49
5787	15.07.2025 21:30:26	16,82	-0,05	1,94	3,09	1473,69
5788	15.07.2025 21:30:27	16,82	-0,07	1,75	2,80	1473,47
5789	15.07.2025 21:30:28	16,82	-0,07	1,86	2,97	1473,60
5790	15.07.2025 21:30:29	16,82	-0,05	1,77	2,83	1473,50
5791	15.07.2025 21:30:30	16,82	-0,05	1,92	3,06	1473,67
5792	15.07.2025 21:30:31	16,82	-0,07	1,71	2,75	1473,43
5793	15.07.2025 21:30:32	16,82	-0,07	1,53	2,47	1473,21
5794	15.07.2025 21:30:33	16,82	-0,07	1,90	3,03	1473,65
5795	15.07.2025 21:30:34	16,82	-0,05	1,16	1,90	1472,79
5796	15.07.2025 21:30:35	16,82	-0,05	1,45	2,35	1473,13
5797	15.07.2025 21:30:36	16,82	-0,07	1,70	2,72	1473,41
5798	15.07.2025 21:30:37	16,82	-0,05	1,60	2,58	1473,30
5799	15.07.2025 21:30:38	16,82	-0,07	1,29	2,10	1472,93
5800	15.07.2025 21:30:39	16,82	-0,07	1,45	2,35	1473,13
5801	15.07.2025 21:30:40	16,85	-0,05	1,44	2,32	1473,21
5802	15.07.2025 21:30:41	16,85	-0,05	1,49	2,41	1473,27
5803	15.07.2025 21:30:42	16,85	-0,07	1,45	2,35	1473,23
5804	15.07.2025 21:30:43	16,85	-0,07	1,45	2,35	1473,23
5805	15.07.2025 21:30:44	16,85	-0,07	1,53	2,47	1473,31
5806	15.07.2025 21:30:45	16,85	-0,07	1,42	2,30	1473,18
5807	15.07.2025 21:30:46	16,85	-0,07	1,42	2,30	1473,18
5808	15.07.2025 21:30:47	16,85	-0,07	1,53	2,47	1473,31
5809	15.07.2025 21:30:48	16,85	-0,07	1,44	2,32	1473,20
5810	15.07.2025 21:30:49	16,85	-0,07	1,44	2,32	1473,20
5811	15.07.2025 21:30:50	16,85	-0,07	1,45	2,35	1473,23
5812	15.07.2025 21:30:51	16,85	-0,07	1,49	2,41	1473,27
5813	15.07.2025 21:30:52	16,85	-0,07	1,38	2,24	1473,14
5814	15.07.2025 21:30:53	16,85	-0,07	1,45	2,35	1473,23
5815	15.07.2025 21:30:54	16,85	-0,07	1,40	2,27	1473,16
5816	15.07.2025 21:30:55	16,85	-0,07	1,42	2,30	1473,18
5817	15.07.2025 21:30:56	16,85	-0,07	1,47	2,38	1473,25
5818	15.07.2025 21:30:57	16,88	-0,05	1,47	2,38	1473,35
5819	15.07.2025 21:30:58	16,88	-0,05	1,49	2,41	1473,37
5820	15.07.2025 21:30:59	16,88	-0,05	1,43	2,32	1473,31
5821	15.07.2025 21:31:00	16,88	-0,05	1,42	2,30	1473,28
5822	15.07.2025 21:31:01	16,88	-0,05	1,40	2,27	1473,26
5823	15.07.2025 21:31:02	16,88	-0,07	1,36	2,21	1473,22
5824	15.07.2025 21:31:03	16,88	-0,07	1,42	2,30	1473,28
5825	15.07.2025 21:31:04	16,88	-0,05	1,47	2,38	1473,35
5826	15.07.2025 21:31:05	16,88	-0,07	1,43	2,32	1473,30
5827	15.07.2025 21:31:06	16,88	-0,07	1,45	2,35	1473,32
5828	15.07.2025 21:31:07	16,88	-0,07	1,51	2,44	1473,39
5829	15.07.2025 21:31:08	16,88	-0,07	1,42	2,30	1473,28
5830	15.07.2025 21:31:09	16,88	-0,05	1,40	2,27	1473,26
5831	15.07.2025 21:31:10	16,88	-0,07	1,36	2,21	1473,22
5832	15.07.2025 21:31:11	16,88	-0,05	1,45	2,35	1473,33
5833	15.07.2025 21:31:12	16,88	-0,05	1,43	2,32	1473,31
5834	15.07.2025 21:31:13	16,91	-0,07	1,41	2,30	1473,38
5835	15.07.2025 21:31:14	16,91	-0,07	1,45	2,35	1473,42
5836	15.07.2025 21:31:15	16,91	-0,07	1,41	2,30	1473,38
5837	15.07.2025 21:31:16	16,91	-0,07	1,41	2,30	1473,38
5838	15.07.2025 21:31:17	16,91	-0,07	1,43	2,32	1473,40
5839	15.07.2025 21:31:18	16,91	-0,07	1,45	2,35	1473,42
5840	15.07.2025 21:31:19	16,91	-0,07	1,34	2,18	1473,30
5841	15.07.2025 21:31:20	16,91	-0,05	1,43	2,32	1473,41
5842	15.07.2025 21:31:21	16,91	-0,05	1,41	2,30	1473,38
5843	15.07.2025 21:31:22	16,91	-0,07	1,47	2,38	1473,45
5844	15.07.2025 21:31:23	16,91	-0,07	1,40	2,27	1473,36
5845	15.07.2025 21:31:24	16,91	-0,07	1,41	2,30	1473,38
5846	15.07.2025 21:31:25	16,91	-0,07	1,51	2,44	1473,49
5847	15.07.2025 21:31:26	16,91	-0,07	1,45	2,35	1473,42
5848	15.07.2025 21:31:27	16,91	-0,07	1,45	2,35	1473,42
5849	15.07.2025 21:31:28	16,91	-0,07	1,40	2,27	1473,36
5850	15.07.2025 21:31:29	16,91	-0,07	1,38	2,24	1473,34
5851	15.07.2025 21:31:30	16,91	-0,07	1,41	2,30	1473,38
5852	15.07.2025 21:31:31	16,94	-0,05	1,40	2,27	1473,46
5853	15.07.2025 21:31:32	16,94	-0,05	1,47	2,38	1473,55
5854	15.07.2025 21:31:33	16,94	-0,05	1,41	2,30	1473,48
5855	15.07.2025 21:31:34	16,94	-0,05	1,36	2,21	1473,42
5856	15.07.2025 21:31:35	16,94	-0,05	1,40	2,27	1473,46
5857	15.07.2025 21:31:36	16,94	-0,05	1,40	2,27	1473,46
5858	15.07.2025 21:31:37	16,94	-0,05	1,30	2,13	1473,36
5859	15.07.2025 21:31:38	16,94	-0,03	1,41	2,30	1473,49
5860	15.07.2025 21:31:39	16,94	-0,03	1,41	2,30	1473,49
5861	15.07.2025 21:31:40	16,94	-0,03	1,43	2,32	1473,51
5862	15.07.2025 21:31:41	16,94	-0,05	1,40	2,27	1473,46
5863	15.07.2025 21:31:42	16,94	-0,03	2,07	3,29	1474,25
5864	15.07.2025 21:31:43	16,94	-0,05	2,31	3,66	1474,53
5865	15.07.2025 21:31:44	16,94	-0,05	2,20	3,49	1474,40
5866	15.07.2025 21:31:45	16,94	-0,05	2,29	3,63	1474,51
5867	15.07.2025 21:31:46	16,94	-0,03	2,31	3,66	1474,54
5868	15.07.2025 21:31:47	16,94	-0,03	2,33	3,69	1474,56
5869	15.07.2025 21:31:48	16,94	-0,05	2,33	3,69	1474,55
5870	15.07.2025 21:31:49	16,94	-0,05	2,29	3,63	1474,51
5871	15.07.2025 21:31:50	16,97	-0,05	2,33	3,69	1474,65
5872	15.07.2025 21:31:51	16,97	-0,05	2,31	3,66	1474,63
5873	15.07.2025 21:31:52	16,97	-0,05	2,29	3,63	1474,61
5874	15.07.2025 21:31:53	16,97	-0,05	2,29	3,63	1474,61
5875	15.07.2025 21:31:54	16,97	-0,05	1,47	2,38	1473,65
5876	15.07.2025 21:31:55	16,97	-0,07	1,50	2,44	1473,69
5877	15.07.2025 21:31:56	16,97	-0,05	1,45	2,35	1473,63
5878	15.07.2025 21:31:57	16,97	-0,05	1,38	2,24	1473,54
5879	15.07.2025 21:31:58	16,97	-0,05	1,43	2,33	1473,60
5880	15.07.2025 21:31:59	16,97	-0,07	1,39	2,27	1473,56
5881	15.07.2025 21:32:00	16,97	-0,05	1,29	2,10	1473,43
5882	15.07.2025 21:32:01	16,97	-0,07	1,41	2,30	1473,58
5883	15.07.2025 21:32:02	16,97	-0,07	1,39	2,27	1473,56
5884	15.07.2025 21:32:03	16,97	-0,07	1,38	2,24	1473,54
5885	15.07.2025 21:32:04	16,97	-0,07	1,39	2,27	1473,56
5886	15.07.2025 21:32:05	16,97	-0,07	1,43	2,33	1473,60
5887	15.07.2025 21:32:06	16,97	-0,05	1,36	2,21	1473,52
5888	15.07.2025 21:32:07	16,97	-0,07	1,43	2,33	1473,60
5889	15.07.2025 21:32:08	16,97	-0,07	1,38	2,24	1473,54
5890	15.07.2025 21:32:09	16,97	-0,05	1,38	2,24	1473,54
5891	15.07.2025 21:32:10	16,97	-0,05	1,45	2,35	1473,63
5892	15.07.2025 21:32:11	16,97	-0,05	1,38	2,24	1473,54
5893	15.07.2025 21:32:12	16,97	-0,07	1,36	2,21	1473,52
5894	15.07.2025 21:32:13	16,97	-0,07	1,45	2,35	1473,62
5895	15.07.2025 21:32:14	16,97	-0,05	1,34	2,18	1473,50
5896	15.07.2025 21:32:15	16,97	-0,05	1,41	2,30	1473,58
5897	15.07.2025 21:32:16	16,97	-0,07	1,38	2,24	1473,54
5898	15.07.2025 21:32:17	16,97	-0,05	1,41	2,30	1473,58
5899	15.07.2025 21:32:18	16,97	-0,05	1,39	2,27	1473,56
5900	15.07.2025 21:32:19	16,97	-0,07	1,45	2,35	1473,62
5901	15.07.2025 21:32:20	16,97	-0,07	1,47	2,38	1473,64
5902	15.07.2025 21:32:21	16,97	-0,05	1,36	2,21	1473,52
5903	15.07.2025 21:32:22	16,97	-0,05	1,36	2,21	1473,52
5904	15.07.2025 21:32:23	16,97	-0,05	1,45	2,35	1473,63
5905	15.07.2025 21:32:24	16,97	-0,07	1,45	2,35	1473,62
5906	15.07.2025 21:32:25	16,97	-0,07	1,43	2,33	1473,60
5907	15.07.2025 21:32:26	16,97	-0,07	1,38	2,24	1473,54
5908	15.07.2025 21:32:27	16,97	-0,07	1,36	2,21	1473,52
5909	15.07.2025 21:32:28	17,00	-0,07	1,50	2,44	1473,79
5910	15.07.2025 21:32:29	16,97	-0,05	1,40	2,27	1473,56
5911	15.07.2025 21:32:30	17,00	-0,07	1,39	2,27	1473,66
5912	15.07.2025 21:32:31	17,00	-0,05	1,47	2,38	1473,75
5913	15.07.2025 21:32:32	17,00	-0,05	1,49	2,41	1473,77
5914	15.07.2025 21:32:33	17,00	-0,07	1,39	2,27	1473,66
5915	15.07.2025 21:32:34	16,97	-0,07	1,45	2,35	1473,62
5916	15.07.2025 21:32:35	16,97	-0,07	1,49	2,41	1473,67
5917	15.07.2025 21:32:36	17,00	-0,05	1,36	2,21	1473,62
5918	15.07.2025 21:32:37	17,00	-0,05	1,38	2,24	1473,64
5919	15.07.2025 21:32:38	17,00	-0,05	1,49	2,41	1473,77
5920	15.07.2025 21:32:39	17,00	-0,05	1,45	2,35	1473,72
5921	15.07.2025 21:32:40	17,00	-0,07	1,39	2,27	1473,66
5922	15.07.2025 21:32:41	17,00	-0,05	1,47	2,38	1473,75
5923	15.07.2025 21:32:42	17,00	-0,07	1,47	2,38	1473,74
5924	15.07.2025 21:32:43	17,00	-0,07	1,38	2,24	1473,64
5925	15.07.2025 21:32:44	17,00	-0,05	1,38	2,24	1473,64
5926	15.07.2025 21:32:45	17,00	-0,05	1,54	2,49	1473,83
5927	15.07.2025 21:32:46	17,00	-0,07	1,43	2,33	1473,70
5928	15.07.2025 21:32:47	17,00	-0,07	1,36	2,21	1473,62
5929	15.07.2025 21:32:48	17,00	-0,07	1,36	2,21	1473,62
5930	15.07.2025 21:32:49	17,00	-0,05	1,45	2,35	1473,72
5931	15.07.2025 21:32:50	17,00	-0,05	1,50	2,44	1473,79
5932	15.07.2025 21:32:51	17,00	-0,05	1,30	2,13	1473,55
5933	15.07.2025 21:32:52	17,00	-0,07	1,36	2,21	1473,62
5934	15.07.2025 21:32:53	17,00	-0,05	1,52	2,47	1473,81
5935	15.07.2025 21:32:54	17,00	-0,07	1,50	2,44	1473,79
5936	15.07.2025 21:32:55	17,00	-0,07	1,34	2,18	1473,59
5937	15.07.2025 21:32:56	17,00	-0,07	1,39	2,27	1473,66
5938	15.07.2025 21:32:57	17,00	-0,05	1,45	2,35	1473,72
5939	15.07.2025 21:32:58	17,00	-0,07	1,47	2,38	1473,74
5940	15.07.2025 21:32:59	17,00	-0,05	1,34	2,18	1473,60
5941	15.07.2025 21:33:00	17,00	-0,07	1,47	2,38	1473,74
5942	15.07.2025 21:33:01	17,00	-0,07	1,50	2,44	1473,79
5943	15.07.2025 21:33:02	17,00	-0,07	1,39	2,27	1473,66
5944	15.07.2025 21:33:03	17,00	-0,07	1,38	2,24	1473,64
5945	15.07.2025 21:33:04	17,00	-0,07	1,49	2,41	1473,76
5946	15.07.2025 21:33:05	17,00	-0,07	1,41	2,30	1473,68
5947	15.07.2025 21:33:06	17,00	-0,05	1,39	2,27	1473,66
5948	15.07.2025 21:33:07	17,00	-0,05	1,45	2,35	1473,72
5949	15.07.2025 21:33:08	17,00	-0,07	1,45	2,35	1473,72
5950	15.07.2025 21:33:09	17,00	-0,05	1,41	2,30	1473,68
5951	15.07.2025 21:33:10	17,00	-0,07	1,39	2,27	1473,66
5952	15.07.2025 21:33:11	17,00	-0,05	1,43	2,33	1473,70
5953	15.07.2025 21:33:12	17,00	-0,07	1,47	2,38	1473,74
5954	15.07.2025 21:33:13	17,00	-0,05	1,30	2,13	1473,55
5955	15.07.2025 21:33:14	17,03	-0,07	1,52	2,47	1473,91
5956	15.07.2025 21:33:15	17,00	-0,07	1,43	2,33	1473,70
5957	15.07.2025 21:33:16	17,00	-0,05	1,43	2,33	1473,70
5958	15.07.2025 21:33:17	17,03	-0,07	1,43	2,32	1473,80
5959	15.07.2025 21:33:18	17,03	-0,07	1,41	2,30	1473,78
5960	15.07.2025 21:33:19	17,03	-0,05	1,41	2,30	1473,78
5961	15.07.2025 21:33:20	17,03	-0,05	1,43	2,33	1473,80
5962	15.07.2025 21:33:21	17,03	-0,07	1,43	2,33	1473,80
5963	15.07.2025 21:33:22	17,03	-0,05	1,39	2,27	1473,76
5964	15.07.2025 21:33:23	17,03	-0,07	1,45	2,35	1473,82
5965	15.07.2025 21:33:24	17,03	-0,05	1,48	2,41	1473,87
5966	15.07.2025 21:33:25	17,03	-0,07	1,37	2,24	1473,74
5967	15.07.2025 21:33:26	17,03	-0,07	1,52	2,47	1473,91
5968	15.07.2025 21:33:27	17,03	-0,07	0,98	1,62	1473,27
5969	15.07.2025 21:33:28	17,03	-0,07	0,98	1,62	1473,27
5970	15.07.2025 21:33:29	17,03	-0,07	0,80	1,34	1473,07
5971	15.07.2025 21:33:30	17,03	-0,05	0,58	0,99	1472,82
5972	15.07.2025 21:33:31	17,03	-0,07	0,87	1,46	1473,15
5973	15.07.2025 21:33:32	17,03	-0,07	1,10	1,82	1473,42
5974	15.07.2025 21:33:33	17,03	-0,07	1,03	1,71	1473,34
5975	15.07.2025 21:33:34	17,03	-0,05	0,79	1,32	1473,05
5976	15.07.2025 21:33:35	17,03	-0,05	1,00	1,65	1473,30
5977	15.07.2025 21:33:36	17,03	-0,05	1,07	1,76	1473,38
5978	15.07.2025 21:33:37	17,06	-0,07	1,25	2,04	1473,69
5979	15.07.2025 21:33:38	17,03	-0,07	1,00	1,65	1473,30
5980	15.07.2025 21:33:39	17,06	-0,07	1,16	1,90	1473,58
5981	15.07.2025 21:33:40	17,06	-0,05	0,98	1,62	1473,38
5982	15.07.2025 21:33:41	17,06	-0,05	1,09	1,79	1473,50
5983	15.07.2025 21:33:42	17,06	-0,07	1,16	1,90	1473,58
5984	15.07.2025 21:33:43	17,06	-0,07	1,14	1,88	1473,56
5985	15.07.2025 21:33:44	17,06	-0,07	1,16	1,90	1473,58
5986	15.07.2025 21:33:45	17,06	-0,07	1,17	1,93	1473,60
5987	15.07.2025 21:33:46	17,06	-0,07	1,21	1,99	1473,64
5988	15.07.2025 21:33:47	17,06	-0,05	1,19	1,96	1473,63
5989	15.07.2025 21:33:48	17,06	-0,07	1,07	1,76	1473,48
5990	15.07.2025 21:33:49	17,06	-0,07	1,19	1,96	1473,62
5991	15.07.2025 21:33:50	17,06	-0,07	1,17	1,93	1473,60
5992	15.07.2025 21:33:51	17,06	-0,07	1,17	1,93	1473,60
5993	15.07.2025 21:33:52	17,06	-0,07	1,17	1,93	1473,60
5994	15.07.2025 21:33:53	17,06	-0,07	1,17	1,93	1473,60
5995	15.07.2025 21:33:54	17,06	-0,07	1,16	1,90	1473,58
5996	15.07.2025 21:33:55	17,06	-0,07	1,16	1,90	1473,58
5997	15.07.2025 21:33:56	17,06	-0,07	1,21	1,99	1473,64
5998	15.07.2025 21:33:57	17,06	-0,07	1,21	1,99	1473,64
5999	15.07.2025 21:33:58	17,06	-0,07	1,16	1,90	1473,58
6000	15.07.2025 21:33:59	17,06	-0,07	1,19	1,96	1473,62
6001	15.07.2025 21:34:00	17,06	-0,07	1,14	1,88	1473,56
6002	15.07.2025 21:34:01	17,09	-0,07	1,16	1,90	1473,68
6003	15.07.2025 21:34:02	17,09	-0,07	1,21	1,99	1473,74
6004	15.07.2025 21:34:03	17,06	-0,07	1,18	1,93	1473,60
6005	15.07.2025 21:34:04	17,09	-0,07	1,16	1,90	1473,68
6006	15.07.2025 21:34:05	17,09	-0,07	1,16	1,90	1473,68
6007	15.07.2025 21:34:06	17,09	-0,07	1,21	1,99	1473,74
6008	15.07.2025 21:34:07	17,09	-0,07	1,17	1,93	1473,70
6009	15.07.2025 21:34:08	17,09	-0,07	1,17	1,93	1473,70
6010	15.07.2025 21:34:09	17,09	-0,07	1,16	1,90	1473,68
6011	15.07.2025 21:34:10	17,09	-0,07	1,26	2,07	1473,81
6012	15.07.2025 21:34:11	17,09	-0,07	1,25	2,04	1473,79
6013	15.07.2025 21:34:12	17,09	-0,07	1,14	1,88	1473,66
6014	15.07.2025 21:34:13	17,09	-0,07	1,17	1,93	1473,70
6015	15.07.2025 21:34:14	17,09	-0,07	1,25	2,04	1473,79
6016	15.07.2025 21:34:15	17,09	-0,07	1,23	2,02	1473,76
6017	15.07.2025 21:34:16	17,09	-0,07	1,23	2,02	1473,76
6018	15.07.2025 21:34:17	17,09	-0,07	1,23	2,02	1473,76
6019	15.07.2025 21:34:18	17,09	-0,07	1,25	2,04	1473,79
6020	15.07.2025 21:34:19	17,09	-0,07	1,26	2,07	1473,81
6021	15.07.2025 21:34:20	17,09	-0,05	1,21	1,99	1473,75
6022	15.07.2025 21:34:21	17,09	-0,07	1,23	2,02	1473,76
6023	15.07.2025 21:34:22	17,09	-0,07	1,26	2,07	1473,81
6024	15.07.2025 21:34:23	17,09	-0,07	1,21	1,99	1473,74
6025	15.07.2025 21:34:24	17,09	-0,07	1,21	1,99	1473,74
6026	15.07.2025 21:34:25	17,09	-0,07	1,21	1,99	1473,74
6027	15.07.2025 21:34:26	17,09	-0,07	1,19	1,96	1473,72
6028	15.07.2025 21:34:27	17,09	-0,05	1,19	1,96	1473,73
6029	15.07.2025 21:34:28	17,09	-0,07	1,25	2,04	1473,79
6030	15.07.2025 21:34:29	17,12	-0,07	1,25	2,04	1473,88
6031	15.07.2025 21:34:30	17,12	-0,07	1,25	2,04	1473,88
6032	15.07.2025 21:34:31	17,12	-0,07	1,25	2,04	1473,88
6033	15.07.2025 21:34:32	17,12	-0,07	1,21	1,99	1473,84
6034	15.07.2025 21:34:33	17,12	-0,07	1,21	1,99	1473,84
6035	15.07.2025 21:34:34	17,12	-0,07	1,26	2,07	1473,91
6036	15.07.2025 21:34:35	17,12	-0,07	1,26	2,07	1473,91
6037	15.07.2025 21:34:36	17,12	-0,07	1,23	2,02	1473,86
6038	15.07.2025 21:34:37	17,12	-0,07	1,28	2,10	1473,93
6039	15.07.2025 21:34:38	17,12	-0,07	1,26	2,07	1473,91
6040	15.07.2025 21:34:39	17,12	-0,07	1,25	2,04	1473,88
6041	15.07.2025 21:34:40	17,12	-0,07	1,21	1,99	1473,84
6042	15.07.2025 21:34:41	17,12	-0,07	1,19	1,96	1473,82
6043	15.07.2025 21:34:42	17,12	-0,07	1,23	2,02	1473,86
6044	15.07.2025 21:34:43	17,12	-0,07	1,23	2,02	1473,86
6045	15.07.2025 21:34:44	17,12	-0,07	1,03	1,71	1473,63
6046	15.07.2025 21:34:45	17,12	-0,07	1,19	1,96	1473,82
6047	15.07.2025 21:34:46	17,12	-0,07	1,23	2,02	1473,86
6048	15.07.2025 21:34:47	17,12	-0,07	1,10	1,82	1473,72
6049	15.07.2025 21:34:48	17,12	-0,07	1,10	1,82	1473,72
6050	15.07.2025 21:34:49	17,12	-0,08	1,19	1,96	1473,82
6051	15.07.2025 21:34:50	17,12	-0,07	1,19	1,96	1473,82
6052	15.07.2025 21:34:51	17,12	-0,08	1,26	2,07	1473,90
6053	15.07.2025 21:34:52	17,12	-0,07	1,25	2,04	1473,88
6054	15.07.2025 21:34:53	17,12	-0,07	1,14	1,88	1473,76
6055	15.07.2025 21:34:54	17,15	-0,07	1,17	1,93	1473,90
6056	15.07.2025 21:34:55	17,12	-0,07	1,16	1,90	1473,78
6057	15.07.2025 21:34:56	17,15	-0,08	1,10	1,82	1473,81
6058	15.07.2025 21:34:57	17,15	-0,07	1,15	1,90	1473,88
6059	15.07.2025 21:34:58	17,15	-0,07	1,19	1,96	1473,92
6060	15.07.2025 21:34:59	17,15	-0,07	1,05	1,74	1473,75
6061	15.07.2025 21:35:00	17,15	-0,08	0,28	0,49	1472,86
6062	15.07.2025 21:35:01	17,15	-0,07	1,46	2,38	1474,24
6063	15.07.2025 21:35:02	17,15	-0,07	1,43	2,33	1474,19
6064	15.07.2025 21:35:03	17,15	-0,07	0,40	0,68	1473,00
6065	15.07.2025 21:35:04	17,15	-0,07	0,38	0,65	1472,98
6066	15.07.2025 21:35:05	17,15	-0,07	0,33	0,57	1472,92
6067	15.07.2025 21:35:06	17,15	-0,07	0,25	0,43	1472,82
6068	15.07.2025 21:35:07	17,15	-0,07	0,33	0,57	1472,92
6069	15.07.2025 21:35:08	17,15	-0,07	0,25	0,43	1472,82
6070	15.07.2025 21:35:09	17,15	-0,07	0,25	0,43	1472,82
6071	15.07.2025 21:35:10	17,15	-0,08	0,25	0,43	1472,82
6072	15.07.2025 21:35:11	17,15	-0,07	0,28	0,49	1472,86
6073	15.07.2025 21:35:12	17,15	-0,07	0,22	0,38	1472,79
6074	15.07.2025 21:35:13	17,15	-0,07	0,20	0,35	1472,77
6075	15.07.2025 21:35:14	17,15	-0,07	0,25	0,43	1472,82
6076	15.07.2025 21:35:15	17,18	-0,07	0,23	0,40	1472,90
6077	15.07.2025 21:35:16	17,18	-0,07	0,18	0,32	1472,85
6078	15.07.2025 21:35:17	17,18	-0,07	0,20	0,35	1472,87
6079	15.07.2025 21:35:18	17,18	-0,07	0,21	0,38	1472,88
6080	15.07.2025 21:35:19	17,18	-0,07	0,18	0,32	1472,85
6081	15.07.2025 21:35:20	17,18	-0,05	0,18	0,32	1472,85
6082	15.07.2025 21:35:21	17,18	-0,07	0,17	0,29	1472,83
6083	15.07.2025 21:35:22	17,18	-0,07	0,15	0,27	1472,81
6084	15.07.2025 21:35:23	17,18	-0,07	0,15	0,27	1472,81
6085	15.07.2025 21:35:24	17,18	-0,08	0,14	0,24	1472,79
6086	15.07.2025 21:35:25	17,18	-0,07	0,10	0,18	1472,76
6087	15.07.2025 21:35:26	17,18	-0,07	0,09	0,16	1472,74
6088	15.07.2025 21:35:27	17,18	-0,08	0,07	0,13	1472,72
6089	15.07.2025 21:35:28	17,18	-0,08	0,03	0,05	1472,67
6090	15.07.2025 21:35:29	17,18	-0,07	0,01	0,00	1472,65
6091	15.07.2025 21:35:30	17,18	-0,07	0,01	0,00	1472,65
6092	15.07.2025 21:35:31	17,18	-0,07	0,01	0,00	1472,65
6093	15.07.2025 21:35:32	17,18	-0,07	0,01	0,00	1472,65
6094	15.07.2025 21:35:33	17,18	-0,07	0,01	0,00	1472,65
6095	15.07.2025 21:35:34	17,18	-0,07	0,01	0,00	1472,65
6096	15.07.2025 21:35:35	17,18	-0,07	0,01	0,00	1472,65
6097	15.07.2025 21:35:36	17,18	-0,07	0,01	0,00	1472,65
6098	15.07.2025 21:35:37	17,18	-0,08	0,01	0,00	1472,64
6099	15.07.2025 21:35:38	17,18	-0,07	0,01	0,00	1472,65
6100	15.07.2025 21:35:39	17,21	-0,07	0,01	0,00	1472,75
6101	15.07.2025 21:35:40	17,21	-0,07	0,01	0,00	1472,75
6102	15.07.2025 21:35:41	17,21	-0,07	0,01	0,00	1472,75
6103	15.07.2025 21:35:42	17,21	-0,07	0,01	0,00	1472,75
6104	15.07.2025 21:35:43	17,21	-0,07	0,01	0,00	1472,75
6105	15.07.2025 21:35:44	17,21	-0,07	0,01	0,00	1472,75
6106	15.07.2025 21:35:45	17,21	-0,07	0,01	0,00	1472,75
6107	15.07.2025 21:35:46	17,21	-0,08	0,01	0,00	1472,74
6108	15.07.2025 21:35:47	17,21	-0,05	0,01	0,00	1472,75
6109	15.07.2025 21:35:48	17,21	-0,08	0,01	0,00	1472,74
6110	15.07.2025 21:35:49	17,21	-0,05	0,01	0,00	1472,75
6111	15.07.2025 21:35:50	17,21	-0,07	0,01	0,00	1472,75
6112	15.07.2025 21:35:51	17,21	-0,07	0,01	0,00	1472,75
6113	15.07.2025 21:35:52	17,21	-0,07	0,01	0,00	1472,75
6114	15.07.2025 21:35:53	17,21	-0,07	0,01	0,00	1472,75
6115	15.07.2025 21:35:54	17,21	-0,07	0,01	0,00	1472,75
6116	15.07.2025 21:35:55	17,21	-0,07	0,01	0,00	1472,75
6117	15.07.2025 21:35:56	17,21	-0,05	0,01	0,00	1472,75
6118	15.07.2025 21:35:57	17,21	-0,07	0,01	0,00	1472,75
6119	15.07.2025 21:35:58	17,21	-0,07	0,01	0,00	1472,75
6120	15.07.2025 21:35:59	17,21	-0,08	0,01	0,00	1472,74
6121	15.07.2025 21:36:00	17,24	-0,07	0,01	0,00	1472,85
6122	15.07.2025 21:36:01	17,24	-0,07	0,01	0,00	1472,85
6123	15.07.2025 21:36:02	17,24	-0,07	0,01	0,00	1472,85
6124	15.07.2025 21:36:03	17,24	-0,08	0,01	0,00	1472,84
6125	15.07.2025 21:36:04	17,24	-0,07	0,01	0,00	1472,85
6126	15.07.2025 21:36:05	17,24	-0,07	0,01	0,00	1472,85
6127	15.07.2025 21:36:06	17,24	-0,05	0,01	0,00	1472,85
6128	15.07.2025 21:36:07	17,24	-0,08	0,01	0,00	1472,84
6129	15.07.2025 21:36:08	17,24	-0,07	0,01	0,00	1472,85
6130	15.07.2025 21:36:09	17,24	-0,07	0,01	0,00	1472,85
6131	15.07.2025 21:36:10	17,24	-0,05	0,01	0,00	1472,85
6132	15.07.2025 21:36:11	17,24	-0,07	0,01	0,00	1472,85
6133	15.07.2025 21:36:12	17,24	-0,07	0,01	0,00	1472,85
6134	15.07.2025 21:36:13	17,24	-0,07	0,01	0,00	1472,85
6135	15.07.2025 21:36:14	17,24	-0,07	0,01	0,00	1472,85
6136	15.07.2025 21:36:15	17,24	-0,07	0,01	0,00	1472,85
6137	15.07.2025 21:36:16	17,24	-0,07	0,01	0,00	1472,85
6138	15.07.2025 21:36:17	17,24	-0,07	0,01	0,00	1472,85
6139	15.07.2025 21:36:18	17,24	-0,07	0,01	0,00	1472,85
6140	15.07.2025 21:36:19	17,24	-0,08	0,01	0,00	1472,84
6141	15.07.2025 21:36:20	17,24	-0,07	0,01	0,00	1472,85
6142	15.07.2025 21:36:21	17,27	-0,07	0,01	0,00	1472,95
6143	15.07.2025 21:36:22	17,27	-0,07	0,01	0,00	1472,95
6144	15.07.2025 21:36:23	17,27	-0,07	0,01	0,00	1472,95
6145	15.07.2025 21:36:24	17,27	-0,07	0,01	0,00	1472,95
6146	15.07.2025 21:36:25	17,27	-0,07	0,01	0,00	1472,95
6147	15.07.2025 21:36:26	17,27	-0,07	0,01	0,00	1472,95
6148	15.07.2025 21:36:27	17,27	-0,08	0,01	0,00	1472,94
6149	15.07.2025 21:36:28	17,27	-0,08	0,01	0,00	1472,94
6150	15.07.2025 21:36:29	17,27	-0,07	0,01	0,00	1472,95
6151	15.07.2025 21:36:30	17,27	-0,07	0,01	0,00	1472,95
6152	15.07.2025 21:36:31	17,27	-0,07	0,01	0,00	1472,95
6153	15.07.2025 21:36:32	17,27	-0,08	0,01	0,00	1472,94
6154	15.07.2025 21:36:33	17,27	-0,07	0,01	0,00	1472,95
6155	15.07.2025 21:36:34	17,27	-0,08	0,01	0,00	1472,94
6156	15.07.2025 21:36:35	17,27	-0,05	0,01	0,00	1472,95
6157	15.07.2025 21:36:36	17,27	-0,07	0,01	0,00	1472,95
6158	15.07.2025 21:36:37	17,27	-0,08	0,01	0,00	1472,94
6159	15.07.2025 21:36:38	17,27	-0,07	0,01	0,00	1472,95
6160	15.07.2025 21:36:39	17,27	-0,07	0,01	0,00	1472,95
6161	15.07.2025 21:36:40	17,27	-0,07	0,01	0,00	1472,95
6162	15.07.2025 21:36:41	17,27	-0,07	0,01	0,00	1472,95
6163	15.07.2025 21:36:42	17,27	-0,08	0,01	0,00	1472,94
6164	15.07.2025 21:36:43	17,30	-0,05	0,01	0,00	1473,05
6165	15.07.2025 21:36:44	17,30	-0,07	0,01	0,00	1473,04
6166	15.07.2025 21:36:45	17,30	-0,05	0,01	0,00	1473,05
6167	15.07.2025 21:36:46	17,30	-0,05	0,01	0,00	1473,05
6168	15.07.2025 21:36:47	17,30	-0,07	0,01	0,00	1473,04
6169	15.07.2025 21:36:48	17,30	-0,07	0,01	0,00	1473,04
6170	15.07.2025 21:36:49	17,30	-0,05	0,01	0,00	1473,05
6171	15.07.2025 21:36:50	17,30	-0,05	0,01	0,00	1473,05
6172	15.07.2025 21:36:51	17,30	-0,05	0,01	0,00	1473,05
6173	15.07.2025 21:36:52	17,30	-0,05	0,01	0,00	1473,05
6174	15.07.2025 21:36:53	17,30	-0,07	0,01	0,00	1473,04
6175	15.07.2025 21:36:54	17,30	-0,07	0,06	0,10	1473,10
6176	15.07.2025 21:36:55	17,30	-0,05	0,01	0,00	1473,05
6177	15.07.2025 21:36:56	17,30	-0,07	0,01	0,00	1473,04
6178	15.07.2025 21:36:57	17,30	-0,05	0,01	0,00	1473,05
6179	15.07.2025 21:36:58	17,30	-0,07	0,01	0,00	1473,04
6180	15.07.2025 21:36:59	17,33	-0,05	0,01	0,00	1473,15
6181	15.07.2025 21:37:00	17,36	-0,07	0,01	0,00	1473,24
6182	15.07.2025 21:37:01	17,39	-0,07	0,01	0,00	1473,34
6183	15.07.2025 21:37:02	17,42	-0,07	0,01	0,00	1473,44
6184	15.07.2025 21:37:03	17,45	-0,07	0,01	0,00	1473,54
6185	15.07.2025 21:37:04	17,48	-0,08	0,04	0,07	1473,68
6186	15.07.2025 21:37:05	17,57	-0,08	0,01	0,00	1473,94
6187	15.07.2025 21:37:06	17,81	-0,08	0,01	0,00	1474,72
6188	15.07.2025 21:37:07	17,93	-0,29	0,01	0,00	1475,08
6189	15.07.2025 21:37:08	18,05	-0,24	0,01	0,00	1475,48
6190	15.07.2025 21:37:09	18,20	-0,19	0,01	0,00	1475,97
6191	15.07.2025 21:37:10	18,43	-0,15	0,01	0,00	1476,75
6192	15.07.2025 21:37:11	18,49	-0,12	0,01	0,00	1476,95
6193	15.07.2025 21:37:12	18,55	-0,12	0,01	0,00	1477,14
6194	15.07.2025 21:37:13	18,58	-0,12	0,01	0,00	1477,24
6195	15.07.2025 21:37:14	18,73	-0,22	0,04	0,07	1477,73
6196	15.07.2025 21:37:15	18,94	-0,29	0,04	0,07	1478,39
6197	15.07.2025 21:37:16	19,06	-0,26	0,04	0,07	1478,77
6198	15.07.2025 21:37:17	19,14	-0,24	0,04	0,07	1479,06
6199	15.07.2025 21:37:18	19,17	-0,22	0,04	0,07	1479,15
6200	15.07.2025 21:37:19	19,23	-0,24	0,04	0,07	1479,34
