#B	Created:	11.07.2025 08:26:05
##	Version	SeaStar	9.59
#5	Field separation:	0
#2	Date & Time:	1
#6	Decimal point:	,
#7	Date def.:	dd.mm.yyyy	.
#8	Time def.:	:
##	Axis	0	Temperature(°C)	clRed	FALSE
##	Axis	1	Pressure(Bar)	clBlue	FALSE
##	Axis	2	Salinity(psu)	clGreen	FALSE
##	Axis	3	Conductivity(mS/cm)	$00FF80FF	FALSE
##	Axis	4	Sound Velocity(m/sec)	$00404080	FALSE
##	Series	0	Temp(°C)	clRed	0	Temp(°C)	2
##	Series	1	Press(Bar)	clBlue	1	Press(Bar)	2
##	Series	2	Salinity(psu)	clGreen	2	Salinity(psu)	2
##	Series	3	Conduct(mS/cm)	$00FF80FF	3	Conduct(mS/cm)	2
##	Series	4	Sound Velocity(m/sec)	$00404080	4	Velocity(m/sec)	2
##	Recorder	21	DST CTD	13526
##	Chart	21S13526DAT	
#D	Data:	2306	11.07.2025 07:47:00	11.07.2025 08:25:25
1	11.07.2025 07:47:00	21,14	-0,05	1,15	2,07	1486,53
2	11.07.2025 07:47:01	21,17	-0,07	1,14	2,07	1486,62
3	11.07.2025 07:47:02	21,17	-0,05	1,15	2,07	1486,62
4	11.07.2025 07:47:03	21,17	-0,07	1,15	2,07	1486,62
5	11.07.2025 07:47:04	21,17	-0,07	1,15	2,07	1486,62
6	11.07.2025 07:47:05	21,17	-0,07	1,15	2,07	1486,62
7	11.07.2025 07:47:06	21,17	-0,05	1,15	2,07	1486,62
8	11.07.2025 07:47:07	21,17	-0,07	1,15	2,07	1486,62
9	11.07.2025 07:47:08	21,17	-0,05	1,15	2,07	1486,62
10	11.07.2025 07:47:09	21,17	-0,07	1,15	2,07	1486,62
11	11.07.2025 07:47:10	21,17	-0,07	1,15	2,07	1486,62
12	11.07.2025 07:47:11	21,17	-0,07	1,15	2,07	1486,62
13	11.07.2025 07:47:12	21,17	-0,07	1,15	2,07	1486,62
14	11.07.2025 07:47:13	21,17	-0,07	1,15	2,07	1486,62
15	11.07.2025 07:47:14	21,17	-0,07	1,15	2,07	1486,62
16	11.07.2025 07:47:15	21,17	-0,07	1,15	2,07	1486,62
17	11.07.2025 07:47:16	21,17	-0,05	1,15	2,07	1486,62
18	11.07.2025 07:47:17	21,17	-0,07	1,15	2,07	1486,62
19	11.07.2025 07:47:18	21,17	-0,07	1,15	2,07	1486,62
20	11.07.2025 07:47:19	21,17	-0,07	1,15	2,07	1486,62
21	11.07.2025 07:47:20	21,17	-0,07	1,15	2,07	1486,62
22	11.07.2025 07:47:21	21,17	-0,07	1,15	2,07	1486,62
23	11.07.2025 07:47:22	21,17	-0,07	1,15	2,07	1486,62
24	11.07.2025 07:47:23	21,17	-0,07	1,15	2,07	1486,62
25	11.07.2025 07:47:24	21,17	-0,05	1,15	2,07	1486,62
26	11.07.2025 07:47:25	21,17	-0,07	1,15	2,07	1486,62
27	11.07.2025 07:47:26	21,14	-0,07	1,15	2,07	1486,53
28	11.07.2025 07:47:27	21,14	-0,05	1,15	2,07	1486,53
29	11.07.2025 07:47:28	21,14	-0,05	1,15	2,07	1486,53
30	11.07.2025 07:47:29	21,14	-0,07	1,15	2,07	1486,53
31	11.07.2025 07:47:30	21,14	-0,05	1,15	2,07	1486,53
32	11.07.2025 07:47:31	21,14	-0,07	1,15	2,07	1486,53
33	11.07.2025 07:47:32	21,14	-0,07	1,15	2,07	1486,53
34	11.07.2025 07:47:33	21,14	-0,05	1,15	2,07	1486,53
35	11.07.2025 07:47:34	21,14	-0,07	1,15	2,07	1486,53
36	11.07.2025 07:47:35	21,14	-0,07	1,15	2,07	1486,53
37	11.07.2025 07:47:36	21,14	-0,07	1,15	2,07	1486,53
38	11.07.2025 07:47:37	21,14	-0,07	1,15	2,07	1486,53
39	11.07.2025 07:47:38	21,14	-0,07	1,15	2,07	1486,53
40	11.07.2025 07:47:39	21,14	-0,05	1,15	2,07	1486,53
41	11.07.2025 07:47:40	21,14	-0,07	1,15	2,07	1486,53
42	11.07.2025 07:47:41	21,14	-0,07	1,15	2,07	1486,53
43	11.07.2025 07:47:42	21,14	-0,07	1,15	2,07	1486,53
44	11.07.2025 07:47:43	21,14	-0,07	1,15	2,07	1486,53
45	11.07.2025 07:47:44	21,14	-0,05	1,15	2,07	1486,53
46	11.07.2025 07:47:45	21,14	-0,05	1,15	2,07	1486,53
47	11.07.2025 07:47:46	21,14	-0,07	1,15	2,07	1486,53
48	11.07.2025 07:47:47	21,14	-0,05	1,15	2,07	1486,53
49	11.07.2025 07:47:48	21,14	-0,07	1,15	2,07	1486,53
50	11.07.2025 07:47:49	21,14	-0,07	1,15	2,07	1486,53
51	11.07.2025 07:47:50	21,14	-0,07	1,15	2,07	1486,53
52	11.07.2025 07:47:51	21,14	-0,05	1,15	2,07	1486,53
53	11.07.2025 07:47:52	21,14	-0,07	1,15	2,07	1486,53
54	11.07.2025 07:47:53	21,14	-0,07	1,15	2,07	1486,53
55	11.07.2025 07:47:54	21,14	-0,05	1,15	2,07	1486,53
56	11.07.2025 07:47:55	21,14	-0,07	1,15	2,07	1486,53
57	11.07.2025 07:47:56	21,14	-0,05	1,15	2,07	1486,53
58	11.07.2025 07:47:57	21,14	-0,05	1,15	2,07	1486,53
59	11.07.2025 07:47:58	21,14	-0,07	1,15	2,07	1486,53
60	11.07.2025 07:47:59	21,14	-0,07	1,15	2,07	1486,53
61	11.07.2025 07:48:00	21,12	-0,05	1,15	2,07	1486,44
62	11.07.2025 07:48:01	21,12	-0,07	1,15	2,07	1486,44
63	11.07.2025 07:48:02	21,12	-0,05	1,15	2,07	1486,44
64	11.07.2025 07:48:03	21,12	-0,05	1,15	2,07	1486,44
65	11.07.2025 07:48:04	21,12	-0,05	1,15	2,07	1486,44
66	11.07.2025 07:48:05	21,12	-0,05	1,15	2,07	1486,44
67	11.07.2025 07:48:06	21,12	-0,05	1,15	2,07	1486,44
68	11.07.2025 07:48:07	21,12	-0,05	1,15	2,07	1486,44
69	11.07.2025 07:48:08	21,12	-0,07	1,15	2,07	1486,44
70	11.07.2025 07:48:09	21,12	-0,07	1,15	2,07	1486,44
71	11.07.2025 07:48:10	21,12	-0,07	1,15	2,07	1486,44
72	11.07.2025 07:48:11	21,12	-0,07	1,15	2,07	1486,44
73	11.07.2025 07:48:12	21,12	-0,07	1,15	2,07	1486,44
74	11.07.2025 07:48:13	21,12	-0,07	1,15	2,07	1486,44
75	11.07.2025 07:48:14	21,12	-0,05	1,15	2,07	1486,44
76	11.07.2025 07:48:15	21,12	-0,05	1,15	2,07	1486,44
77	11.07.2025 07:48:16	21,12	-0,05	1,15	2,07	1486,44
78	11.07.2025 07:48:17	21,12	-0,07	1,15	2,07	1486,44
79	11.07.2025 07:48:18	21,12	-0,05	1,15	2,07	1486,44
80	11.07.2025 07:48:19	21,12	-0,05	1,15	2,07	1486,44
81	11.07.2025 07:48:20	21,12	-0,07	1,15	2,07	1486,44
82	11.07.2025 07:48:21	21,12	-0,05	1,15	2,07	1486,44
83	11.07.2025 07:48:22	21,09	-0,07	1,15	2,07	1486,35
84	11.07.2025 07:48:23	21,09	-0,05	1,15	2,07	1486,36
85	11.07.2025 07:48:24	21,09	-0,07	1,15	2,07	1486,35
86	11.07.2025 07:48:25	21,09	-0,07	1,15	2,07	1486,35
87	11.07.2025 07:48:26	21,09	-0,05	1,15	2,07	1486,36
88	11.07.2025 07:48:27	21,09	-0,05	1,13	2,04	1486,34
89	11.07.2025 07:48:28	21,09	-0,05	1,15	2,07	1486,36
90	11.07.2025 07:48:29	21,09	-0,05	1,15	2,07	1486,36
91	11.07.2025 07:48:30	21,09	-0,05	1,13	2,04	1486,34
92	11.07.2025 07:48:31	21,09	-0,07	1,15	2,07	1486,35
93	11.07.2025 07:48:32	21,09	-0,07	1,15	2,07	1486,35
94	11.07.2025 07:48:33	21,09	-0,05	1,15	2,07	1486,36
95	11.07.2025 07:48:34	21,09	-0,05	1,15	2,07	1486,36
96	11.07.2025 07:48:35	21,09	-0,05	1,15	2,07	1486,36
97	11.07.2025 07:48:36	21,09	-0,05	1,15	2,07	1486,36
98	11.07.2025 07:48:37	21,09	-0,05	1,15	2,07	1486,36
99	11.07.2025 07:48:38	21,09	-0,05	1,15	2,07	1486,36
100	11.07.2025 07:48:39	21,09	-0,05	1,13	2,04	1486,34
101	11.07.2025 07:48:40	21,06	-0,05	1,15	2,07	1486,27
102	11.07.2025 07:48:41	21,06	-0,05	1,15	2,07	1486,27
103	11.07.2025 07:48:42	21,06	-0,07	1,15	2,07	1486,27
104	11.07.2025 07:48:43	21,06	-0,05	1,15	2,07	1486,27
105	11.07.2025 07:48:44	21,06	-0,05	1,15	2,07	1486,27
106	11.07.2025 07:48:45	21,06	-0,05	1,15	2,07	1486,27
107	11.07.2025 07:48:46	21,06	-0,05	1,15	2,07	1486,27
108	11.07.2025 07:48:47	21,06	-0,05	1,15	2,07	1486,27
109	11.07.2025 07:48:48	21,06	-0,05	1,15	2,07	1486,27
110	11.07.2025 07:48:49	21,06	-0,05	1,15	2,07	1486,27
111	11.07.2025 07:48:50	21,06	-0,07	1,15	2,07	1486,27
112	11.07.2025 07:48:51	21,06	-0,05	1,15	2,07	1486,27
113	11.07.2025 07:48:52	21,06	-0,05	1,15	2,07	1486,27
114	11.07.2025 07:48:53	21,06	-0,07	1,15	2,07	1486,27
115	11.07.2025 07:48:54	21,03	-0,05	1,15	2,07	1486,18
116	11.07.2025 07:48:55	21,03	-0,05	1,15	2,07	1486,18
117	11.07.2025 07:48:56	21,03	-0,05	1,15	2,07	1486,18
118	11.07.2025 07:48:57	21,03	-0,05	1,15	2,07	1486,18
119	11.07.2025 07:48:58	21,03	-0,05	1,15	2,07	1486,18
120	11.07.2025 07:48:59	21,03	-0,05	1,15	2,07	1486,18
121	11.07.2025 07:49:00	21,03	-0,05	1,15	2,07	1486,18
122	11.07.2025 07:49:01	21,03	-0,05	1,15	2,07	1486,18
123	11.07.2025 07:49:02	21,03	-0,05	1,15	2,07	1486,18
124	11.07.2025 07:49:03	21,03	-0,05	1,15	2,07	1486,18
125	11.07.2025 07:49:04	21,03	-0,05	1,15	2,07	1486,18
126	11.07.2025 07:49:05	21,03	-0,05	1,13	2,04	1486,16
127	11.07.2025 07:49:06	21,03	-0,05	1,15	2,07	1486,18
128	11.07.2025 07:49:07	21,03	-0,05	1,08	1,95	1486,11
129	11.07.2025 07:49:08	21,00	-0,05	1,10	1,98	1486,04
130	11.07.2025 07:49:09	21,00	-0,05	1,10	1,98	1486,04
131	11.07.2025 07:49:10	21,00	-0,05	1,12	2,01	1486,06
132	11.07.2025 07:49:11	21,00	-0,05	1,15	2,07	1486,09
133	11.07.2025 07:49:12	20,97	-0,05	1,10	1,98	1485,95
134	11.07.2025 07:49:13	20,97	-0,05	1,07	1,92	1485,91
135	11.07.2025 07:49:14	20,97	-0,05	1,10	1,98	1485,95
136	11.07.2025 07:49:15	20,97	-0,05	1,08	1,95	1485,93
137	11.07.2025 07:49:16	20,97	-0,05	1,08	1,95	1485,93
138	11.07.2025 07:49:17	20,97	-0,03	1,08	1,95	1485,93
139	11.07.2025 07:49:18	20,94	-0,07	1,08	1,95	1485,84
140	11.07.2025 07:49:19	20,94	-0,05	1,08	1,95	1485,84
141	11.07.2025 07:49:20	20,94	-0,05	1,22	2,18	1485,99
142	11.07.2025 07:49:21	20,94	-0,05	1,13	2,04	1485,90
143	11.07.2025 07:49:22	20,94	-0,03	1,13	2,04	1485,90
144	11.07.2025 07:49:23	20,94	-0,05	1,17	2,09	1485,94
145	11.07.2025 07:49:24	20,94	-0,05	0,92	1,67	1485,66
146	11.07.2025 07:49:25	20,94	-0,05	0,63	1,16	1485,33
147	11.07.2025 07:49:26	20,91	-0,07	0,36	0,68	1484,94
148	11.07.2025 07:49:27	20,91	-0,07	0,56	1,05	1485,17
149	11.07.2025 07:49:28	20,91	-0,07	0,86	1,56	1485,50
150	11.07.2025 07:49:29	20,91	-0,07	1,05	1,90	1485,71
151	11.07.2025 07:49:30	20,91	-0,07	0,94	1,70	1485,59
152	11.07.2025 07:49:31	20,91	-0,07	1,04	1,87	1485,70
153	11.07.2025 07:49:32	20,91	-0,07	0,99	1,78	1485,64
154	11.07.2025 07:49:33	20,91	-0,07	0,92	1,67	1485,57
155	11.07.2025 07:49:34	20,91	-0,07	1,05	1,90	1485,71
156	11.07.2025 07:49:35	20,91	-0,05	1,02	1,84	1485,68
157	11.07.2025 07:49:36	20,88	-0,07	0,46	0,85	1484,95
158	11.07.2025 07:49:37	20,88	-0,05	0,14	0,27	1484,60
159	11.07.2025 07:49:38	20,88	-0,07	0,08	0,16	1484,53
160	11.07.2025 07:49:39	20,88	-0,07	0,04	0,07	1484,49
161	11.07.2025 07:49:40	20,88	-0,05	0,02	0,02	1484,46
162	11.07.2025 07:49:41	20,88	-0,07	0,02	0,02	1484,46
163	11.07.2025 07:49:42	20,88	-0,07	0,02	0,02	1484,46
164	11.07.2025 07:49:43	20,88	-0,07	0,02	0,02	1484,46
165	11.07.2025 07:49:44	20,88	-0,07	0,02	0,02	1484,46
166	11.07.2025 07:49:45	20,88	-0,05	0,02	0,02	1484,46
167	11.07.2025 07:49:46	20,85	-0,05	0,02	0,02	1484,37
168	11.07.2025 07:49:47	20,85	-0,07	0,02	0,02	1484,37
169	11.07.2025 07:49:48	20,85	-0,07	0,02	0,02	1484,37
170	11.07.2025 07:49:49	20,85	-0,07	0,02	0,02	1484,37
171	11.07.2025 07:49:50	20,85	-0,07	0,02	0,02	1484,37
172	11.07.2025 07:49:51	20,85	-0,07	23,83	34,54	1511,18
173	11.07.2025 07:49:52	20,65	-0,22	26,94	38,42	1514,10
174	11.07.2025 07:49:53	20,12	-0,17	28,10	39,46	1513,93
175	11.07.2025 07:49:54	19,65	-0,10	28,40	39,44	1512,96
176	11.07.2025 07:49:55	19,29	-0,05	28,66	39,47	1512,25
177	11.07.2025 07:49:56	19,09	0,00	28,82	39,48	1511,84
178	11.07.2025 07:49:57	18,97	0,02	3,60	5,79	1482,60
179	11.07.2025 07:49:58	18,85	0,04	3,39	5,48	1482,00
180	11.07.2025 07:49:59	18,79	0,04	3,72	5,97	1482,19
181	11.07.2025 07:50:00	18,76	0,04	27,32	37,36	1509,17
182	11.07.2025 07:50:01	18,61	-0,03	26,59	36,34	1507,89
183	11.07.2025 07:50:02	18,46	0,04	28,94	39,10	1510,16
184	11.07.2025 07:50:03	18,37	0,02	29,02	39,12	1510,00
185	11.07.2025 07:50:04	18,28	0,02	29,06	39,09	1509,78
186	11.07.2025 07:50:05	18,22	0,02	28,86	38,80	1509,37
187	11.07.2025 07:50:06	18,14	0,06	29,12	39,03	1509,41
188	11.07.2025 07:50:07	18,08	0,06	29,14	39,01	1509,26
189	11.07.2025 07:50:08	18,02	0,04	28,40	38,07	1508,23
190	11.07.2025 07:50:09	17,96	0,02	18,13	25,32	1496,18
191	11.07.2025 07:50:10	17,93	0,06	29,28	39,06	1508,98
192	11.07.2025 07:50:11	17,90	0,06	29,35	39,11	1508,97
193	11.07.2025 07:50:12	17,87	0,02	29,37	39,11	1508,90
194	11.07.2025 07:50:13	17,84	0,06	29,52	39,27	1509,00
195	11.07.2025 07:50:14	17,84	0,00	29,59	39,35	1509,07
196	11.07.2025 07:50:15	17,84	0,06	29,52	39,27	1509,00
197	11.07.2025 07:50:16	17,84	0,06	29,55	39,29	1509,02
198	11.07.2025 07:50:17	17,81	-0,01	29,34	39,03	1508,69
199	11.07.2025 07:50:18	17,75	0,04	29,59	39,27	1508,80
200	11.07.2025 07:50:19	17,72	-0,03	29,03	38,57	1508,05
201	11.07.2025 07:50:20	17,66	0,02	26,24	35,17	1504,65
202	11.07.2025 07:50:21	17,63	-0,03	29,58	39,16	1508,42
203	11.07.2025 07:50:22	17,60	0,00	29,60	39,16	1508,37
204	11.07.2025 07:50:23	17,57	0,02	29,65	39,18	1508,33
205	11.07.2025 07:50:24	17,57	0,04	29,51	39,02	1508,17
206	11.07.2025 07:50:25	17,51	0,02	29,31	38,73	1507,75
207	11.07.2025 07:50:26	17,45	0,04	29,69	39,13	1508,02
208	11.07.2025 07:50:27	17,42	0,06	29,62	39,02	1507,85
209	11.07.2025 07:50:28	17,39	0,02	29,62	38,99	1507,75
210	11.07.2025 07:50:29	17,36	0,04	29,50	38,83	1507,53
211	11.07.2025 07:50:30	17,33	0,02	29,59	38,91	1507,54
212	11.07.2025 07:50:31	17,27	0,04	29,61	38,88	1507,39
213	11.07.2025 07:50:32	17,24	0,04	29,70	38,96	1507,40
214	11.07.2025 07:50:33	17,24	0,04	29,77	39,04	1507,48
215	11.07.2025 07:50:34	17,21	0,02	29,77	39,01	1507,39
216	11.07.2025 07:50:35	17,21	0,02	29,72	38,96	1507,33
217	11.07.2025 07:50:36	17,18	0,02	29,83	39,07	1507,37
218	11.07.2025 07:50:37	17,18	0,04	29,81	39,04	1507,35
219	11.07.2025 07:50:38	17,15	0,04	29,85	39,06	1507,31
220	11.07.2025 07:50:39	17,15	0,04	29,83	39,04	1507,28
221	11.07.2025 07:50:40	17,12	0,04	29,90	39,09	1507,27
222	11.07.2025 07:50:41	17,12	0,02	29,88	39,06	1507,24
223	11.07.2025 07:50:42	17,12	0,04	29,85	39,04	1507,22
224	11.07.2025 07:50:43	17,09	0,06	29,85	39,01	1507,13
225	11.07.2025 07:50:44	17,09	0,06	29,85	39,01	1507,13
226	11.07.2025 07:50:45	17,06	0,09	29,87	39,01	1507,07
227	11.07.2025 07:50:46	17,06	0,13	29,85	38,98	1507,05
228	11.07.2025 07:50:47	17,03	0,13	29,85	38,95	1506,95
229	11.07.2025 07:50:48	17,03	0,16	29,76	38,85	1506,85
230	11.07.2025 07:50:49	17,00	0,20	29,62	38,66	1506,61
231	11.07.2025 07:50:50	16,94	0,22	29,62	38,60	1506,42
232	11.07.2025 07:50:51	16,88	0,22	29,59	38,52	1506,21
233	11.07.2025 07:50:52	16,82	0,25	29,38	38,23	1505,79
234	11.07.2025 07:50:53	16,73	0,27	29,38	38,15	1505,51
235	11.07.2025 07:50:54	16,64	0,29	29,05	37,69	1504,85
236	11.07.2025 07:50:55	16,49	0,29	28,98	37,47	1504,30
237	11.07.2025 07:50:56	16,34	0,37	29,24	37,65	1504,15
238	11.07.2025 07:50:57	16,31	0,39	28,96	37,31	1503,74
239	11.07.2025 07:50:58	16,16	0,41	28,95	37,17	1503,26
240	11.07.2025 07:50:59	16,04	0,44	28,95	37,06	1502,88
241	11.07.2025 07:51:00	15,91	0,51	29,24	37,30	1502,85
242	11.07.2025 07:51:01	15,85	0,51	29,08	37,05	1502,47
243	11.07.2025 07:51:02	15,76	0,54	29,00	36,89	1502,10
244	11.07.2025 07:51:03	15,67	0,57	29,02	36,84	1501,84
245	11.07.2025 07:51:04	15,58	0,58	29,04	36,78	1501,57
246	11.07.2025 07:51:05	15,49	0,61	29,08	36,75	1501,33
247	11.07.2025 07:51:06	15,43	0,66	29,19	36,83	1501,28
248	11.07.2025 07:51:07	15,37	0,69	29,24	36,83	1501,15
249	11.07.2025 07:51:08	15,34	0,69	28,98	36,51	1500,74
250	11.07.2025 07:51:09	15,25	0,71	29,21	36,69	1500,72
251	11.07.2025 07:51:10	15,19	0,76	29,30	36,74	1500,64
252	11.07.2025 07:51:11	15,15	0,79	29,34	36,77	1500,61
253	11.07.2025 07:51:12	15,12	0,79	29,15	36,53	1500,28
254	11.07.2025 07:51:13	15,09	0,82	28,68	35,97	1499,63
255	11.07.2025 07:51:14	14,97	0,76	28,19	35,32	1498,65
256	11.07.2025 07:51:15	14,76	0,81	28,27	35,24	1498,06
257	11.07.2025 07:51:16	14,54	0,85	28,28	35,07	1497,37
258	11.07.2025 07:51:17	14,39	0,93	28,29	34,96	1496,90
259	11.07.2025 07:51:18	14,20	0,96	28,42	34,95	1496,45
260	11.07.2025 07:51:19	14,05	1,00	28,41	34,82	1495,94
261	11.07.2025 07:51:20	13,90	1,05	28,45	34,73	1495,48
262	11.07.2025 07:51:21	13,77	1,08	28,47	34,65	1495,09
263	11.07.2025 07:51:22	13,62	1,12	28,48	34,54	1494,59
264	11.07.2025 07:51:23	13,49	1,17	28,52	34,48	1494,24
265	11.07.2025 07:51:24	13,37	1,18	28,49	34,34	1493,78
266	11.07.2025 07:51:25	13,24	1,19	28,33	34,07	1493,17
267	11.07.2025 07:51:26	13,09	1,27	28,27	33,88	1492,58
268	11.07.2025 07:51:27	12,93	1,26	28,14	33,61	1491,89
269	11.07.2025 07:51:28	12,74	1,32	28,15	33,47	1491,27
270	11.07.2025 07:51:29	12,56	1,35	28,13	33,31	1490,61
271	11.07.2025 07:51:30	12,37	1,41	28,12	33,14	1489,95
272	11.07.2025 07:51:31	12,18	1,44	28,05	32,92	1489,22
273	11.07.2025 07:51:32	12,02	1,48	27,89	32,62	1488,48
274	11.07.2025 07:51:33	11,83	1,49	27,83	32,41	1487,74
275	11.07.2025 07:51:34	11,61	1,55	27,83	32,24	1486,97
276	11.07.2025 07:51:35	11,38	1,63	27,87	32,10	1486,24
277	11.07.2025 07:51:36	11,22	1,69	27,93	32,04	1485,76
278	11.07.2025 07:51:37	11,03	1,72	27,94	31,91	1485,09
279	11.07.2025 07:51:38	10,90	1,75	27,88	31,74	1484,56
280	11.07.2025 07:51:39	10,74	1,76	27,82	31,55	1483,90
281	11.07.2025 07:51:40	10,55	1,82	27,80	31,38	1483,19
282	11.07.2025 07:51:41	10,42	1,85	27,69	31,17	1482,59
283	11.07.2025 07:51:42	10,26	1,91	27,70	31,05	1482,02
284	11.07.2025 07:51:43	10,03	1,93	27,71	30,89	1481,21
285	11.07.2025 07:51:44	9,83	1,98	27,64	30,67	1480,41
286	11.07.2025 07:51:45	9,67	2,04	27,66	30,56	1479,83
287	11.07.2025 07:51:46	9,51	2,07	27,64	30,42	1479,21
288	11.07.2025 07:51:47	9,34	2,13	27,82	30,47	1478,83
289	11.07.2025 07:51:48	9,18	2,17	27,75	30,28	1478,13
290	11.07.2025 07:51:49	9,01	2,18	27,50	29,90	1477,20
291	11.07.2025 07:51:50	8,81	2,24	27,59	29,84	1476,57
292	11.07.2025 07:51:51	8,65	2,29	27,66	29,78	1476,04
293	11.07.2025 07:51:52	8,45	2,33	27,76	29,72	1475,40
294	11.07.2025 07:51:53	8,28	2,39	27,83	29,67	1474,86
295	11.07.2025 07:51:54	8,18	2,42	27,85	29,61	1474,50
296	11.07.2025 07:51:55	8,01	2,47	27,93	29,55	1473,96
297	11.07.2025 07:51:56	7,88	2,48	27,80	29,33	1473,28
298	11.07.2025 07:51:57	7,71	2,52	27,79	29,19	1472,62
299	11.07.2025 07:51:58	7,57	2,55	27,84	29,14	1472,16
300	11.07.2025 07:51:59	7,43	2,58	27,92	29,11	1471,73
301	11.07.2025 07:52:00	7,30	2,63	27,97	29,05	1471,26
302	11.07.2025 07:52:01	7,16	2,65	28,16	29,13	1470,98
303	11.07.2025 07:52:02	7,06	2,67	28,27	29,15	1470,71
304	11.07.2025 07:52:03	6,96	2,68	28,30	29,10	1470,34
305	11.07.2025 07:52:04	6,85	2,67	28,32	29,04	1469,96
306	11.07.2025 07:52:05	6,75	2,69	28,37	29,01	1469,62
307	11.07.2025 07:52:06	6,65	2,72	28,37	28,93	1469,20
308	11.07.2025 07:52:07	6,54	2,73	28,45	28,92	1468,90
309	11.07.2025 07:52:08	6,44	2,74	28,54	28,92	1468,59
310	11.07.2025 07:52:09	6,30	2,75	28,65	28,92	1468,18
311	11.07.2025 07:52:10	6,26	2,72	28,71	28,94	1468,11
312	11.07.2025 07:52:11	6,16	2,68	28,85	28,99	1467,86
313	11.07.2025 07:52:12	6,09	2,64	28,91	28,99	1467,65
314	11.07.2025 07:52:13	6,02	2,60	29,03	29,04	1467,51
315	11.07.2025 07:52:14	5,98	2,54	29,08	29,07	1467,43
316	11.07.2025 07:52:15	5,91	2,51	29,26	29,18	1467,37
317	11.07.2025 07:52:16	5,88	2,49	29,59	29,44	1467,64
318	11.07.2025 07:52:17	5,91	2,43	29,65	29,52	1467,85
319	11.07.2025 07:52:18	5,95	2,37	29,68	29,58	1468,02
320	11.07.2025 07:52:19	5,95	2,31	29,74	29,63	1468,09
321	11.07.2025 07:52:20	5,95	2,28	29,77	29,66	1468,12
322	11.07.2025 07:52:21	5,95	2,23	29,83	29,71	1468,19
323	11.07.2025 07:52:22	5,95	2,17	29,88	29,76	1468,26
324	11.07.2025 07:52:23	5,95	2,12	30,03	29,90	1468,44
325	11.07.2025 07:52:24	5,98	2,12	30,27	30,14	1468,88
326	11.07.2025 07:52:25	6,02	2,07	30,45	30,33	1469,24
327	11.07.2025 07:52:26	6,09	2,02	30,45	30,38	1469,51
328	11.07.2025 07:52:27	6,16	1,96	30,44	30,44	1469,78
329	11.07.2025 07:52:28	6,19	1,92	30,47	30,49	1469,95
330	11.07.2025 07:52:29	6,23	1,89	30,56	30,60	1470,20
331	11.07.2025 07:52:30	6,26	1,87	30,65	30,71	1470,45
332	11.07.2025 07:52:31	6,33	1,84	30,68	30,79	1470,76
333	11.07.2025 07:52:32	6,37	1,83	30,82	30,95	1471,08
334	11.07.2025 07:52:33	6,44	1,81	30,79	30,98	1471,31
335	11.07.2025 07:52:34	6,47	1,78	30,97	31,17	1471,67
336	11.07.2025 07:52:35	6,54	1,76	31,08	31,33	1472,09
337	11.07.2025 07:52:36	6,61	1,73	31,05	31,36	1472,32
338	11.07.2025 07:52:37	6,68	1,72	31,02	31,39	1472,55
339	11.07.2025 07:52:38	6,75	1,70	30,96	31,39	1472,75
340	11.07.2025 07:52:39	6,78	1,69	30,96	31,42	1472,88
341	11.07.2025 07:52:40	6,78	1,67	30,96	31,42	1472,87
342	11.07.2025 07:52:41	6,82	1,67	30,93	31,42	1472,97
343	11.07.2025 07:52:42	6,82	1,67	30,93	31,42	1472,97
344	11.07.2025 07:52:43	6,85	1,67	30,90	31,42	1473,07
345	11.07.2025 07:52:44	6,85	1,67	30,87	31,39	1473,03
346	11.07.2025 07:52:45	6,85	1,67	30,87	31,39	1473,03
347	11.07.2025 07:52:46	6,85	1,66	30,81	31,34	1472,96
348	11.07.2025 07:52:47	6,82	1,67	30,78	31,28	1472,79
349	11.07.2025 07:52:48	6,82	1,67	30,73	31,23	1472,71
350	11.07.2025 07:52:49	6,78	1,67	30,61	31,10	1472,43
351	11.07.2025 07:52:50	6,75	1,69	30,61	31,07	1472,30
352	11.07.2025 07:52:51	6,68	1,68	30,64	31,04	1472,06
353	11.07.2025 07:52:52	6,65	1,70	30,64	31,01	1471,93
354	11.07.2025 07:52:53	6,61	1,71	30,67	31,01	1471,83
355	11.07.2025 07:52:54	6,61	1,73	30,67	31,01	1471,84
356	11.07.2025 07:52:55	6,58	1,75	30,70	31,01	1471,74
357	11.07.2025 07:52:56	6,58	1,75	30,70	31,01	1471,74
358	11.07.2025 07:52:57	6,54	1,75	30,73	31,01	1471,64
359	11.07.2025 07:52:58	6,54	1,78	30,70	30,98	1471,61
360	11.07.2025 07:52:59	6,54	1,80	30,70	30,98	1471,61
361	11.07.2025 07:53:00	6,51	1,80	30,73	30,98	1471,51
362	11.07.2025 07:53:01	6,51	1,81	30,73	30,98	1471,51
363	11.07.2025 07:53:02	6,51	1,81	30,64	30,90	1471,40
364	11.07.2025 07:53:03	6,47	1,81	30,59	30,82	1471,19
365	11.07.2025 07:53:04	6,44	1,85	30,59	30,79	1471,06
366	11.07.2025 07:53:05	6,40	1,86	30,59	30,77	1470,92
367	11.07.2025 07:53:06	6,37	1,86	30,56	30,71	1470,75
368	11.07.2025 07:53:07	6,33	1,89	30,56	30,68	1470,62
369	11.07.2025 07:53:08	6,30	1,91	30,53	30,63	1470,44
370	11.07.2025 07:53:09	6,26	1,93	30,53	30,60	1470,31
371	11.07.2025 07:53:10	6,23	1,94	30,53	30,57	1470,17
372	11.07.2025 07:53:11	6,19	1,96	30,53	30,55	1470,04
373	11.07.2025 07:53:12	6,16	1,97	30,56	30,55	1469,94
374	11.07.2025 07:53:13	6,12	1,99	30,56	30,52	1469,80
375	11.07.2025 07:53:14	6,09	2,00	30,56	30,49	1469,66
376	11.07.2025 07:53:15	6,05	2,04	30,54	30,44	1469,49
377	11.07.2025 07:53:16	6,02	2,04	30,45	30,33	1469,24
378	11.07.2025 07:53:17	5,98	2,07	30,39	30,25	1469,03
379	11.07.2025 07:53:18	5,95	2,07	30,27	30,11	1468,73
380	11.07.2025 07:53:19	5,88	2,08	30,21	30,00	1468,38
381	11.07.2025 07:53:20	5,77	2,11	30,21	29,92	1467,96
382	11.07.2025 07:53:21	5,70	2,13	30,16	29,81	1467,60
383	11.07.2025 07:53:22	5,63	2,16	30,16	29,76	1467,32
384	11.07.2025 07:53:23	5,53	2,17	30,22	29,73	1466,97
385	11.07.2025 07:53:24	5,49	2,20	30,22	29,70	1466,83
386	11.07.2025 07:53:25	5,42	2,22	30,28	29,70	1466,63
387	11.07.2025 07:53:26	5,39	2,23	30,25	29,64	1466,45
388	11.07.2025 07:53:27	5,35	2,27	30,25	29,62	1466,31
389	11.07.2025 07:53:28	5,28	2,30	30,31	29,61	1466,10
390	11.07.2025 07:53:29	5,24	2,31	30,32	29,59	1465,96
391	11.07.2025 07:53:30	5,21	2,33	30,35	29,58	1465,86
392	11.07.2025 07:53:31	5,17	2,36	30,38	29,58	1465,76
393	11.07.2025 07:53:32	5,14	2,38	30,29	29,48	1465,50
394	11.07.2025 07:53:33	5,10	2,39	30,14	29,32	1465,16
395	11.07.2025 07:53:34	5,03	2,41	30,11	29,23	1464,83
396	11.07.2025 07:53:35	4,96	2,44	30,17	29,23	1464,62
397	11.07.2025 07:53:36	4,89	2,47	30,20	29,20	1464,37
398	11.07.2025 07:53:37	4,85	2,50	30,11	29,09	1464,11
399	11.07.2025 07:53:38	4,78	2,52	30,08	29,01	1463,78
400	11.07.2025 07:53:39	4,71	2,55	30,12	28,98	1463,53
401	11.07.2025 07:53:40	4,60	2,56	30,18	28,95	1463,16
402	11.07.2025 07:53:41	4,56	2,61	30,18	28,93	1463,02
403	11.07.2025 07:53:42	4,49	2,64	30,24	28,92	1462,80
404	11.07.2025 07:53:43	4,45	2,66	30,28	28,92	1462,70
405	11.07.2025 07:53:44	4,42	2,69	30,31	28,92	1462,59
406	11.07.2025 07:53:45	4,38	2,71	30,28	28,87	1462,41
407	11.07.2025 07:53:46	4,35	2,78	30,28	28,84	1462,27
408	11.07.2025 07:53:47	4,31	2,81	30,28	28,81	1462,12
409	11.07.2025 07:53:48	4,24	2,82	30,31	28,78	1461,86
410	11.07.2025 07:53:49	4,20	2,84	30,32	28,76	1461,71
411	11.07.2025 07:53:50	4,16	2,86	30,32	28,73	1461,56
412	11.07.2025 07:53:51	4,13	2,87	30,35	28,73	1461,46
413	11.07.2025 07:53:52	4,09	2,90	30,32	28,67	1461,27
414	11.07.2025 07:53:53	4,02	2,94	30,32	28,62	1460,97
415	11.07.2025 07:53:54	3,98	2,95	30,32	28,59	1460,82
416	11.07.2025 07:53:55	3,95	2,98	30,36	28,59	1460,71
417	11.07.2025 07:53:56	3,87	3,02	30,39	28,56	1460,45
418	11.07.2025 07:53:57	3,84	3,05	30,42	28,56	1460,35
419	11.07.2025 07:53:58	3,84	3,07	30,39	28,53	1460,31
420	11.07.2025 07:53:59	3,80	3,12	30,39	28,51	1460,16
421	11.07.2025 07:54:00	3,76	3,13	30,33	28,43	1459,93
422	11.07.2025 07:54:01	3,69	3,15	30,37	28,40	1459,66
423	11.07.2025 07:54:02	3,65	3,18	30,30	28,32	1459,43
424	11.07.2025 07:54:03	3,58	3,23	30,31	28,26	1459,13
425	11.07.2025 07:54:04	3,50	3,26	30,34	28,23	1458,86
426	11.07.2025 07:54:05	3,43	3,27	30,38	28,20	1458,60
427	11.07.2025 07:54:06	3,39	3,29	30,35	28,15	1458,40
428	11.07.2025 07:54:07	3,32	3,30	30,42	28,15	1458,17
429	11.07.2025 07:54:08	3,28	3,34	30,42	28,12	1458,02
430	11.07.2025 07:54:09	3,25	3,35	30,45	28,12	1457,91
431	11.07.2025 07:54:10	3,21	3,37	30,45	28,09	1457,75
432	11.07.2025 07:54:11	3,17	3,40	30,36	27,98	1457,48
433	11.07.2025 07:54:12	3,10	3,43	30,36	27,93	1457,16
434	11.07.2025 07:54:13	3,06	3,46	30,36	27,90	1457,01
435	11.07.2025 07:54:14	2,98	3,48	30,40	27,87	1456,74
436	11.07.2025 07:54:15	2,95	3,51	30,40	27,84	1456,58
437	11.07.2025 07:54:16	2,87	3,52	30,44	27,82	1456,31
438	11.07.2025 07:54:17	2,84	3,56	30,50	27,84	1456,24
439	11.07.2025 07:54:18	2,80	3,59	30,47	27,79	1456,04
440	11.07.2025 07:54:19	2,76	3,62	30,54	27,81	1455,97
441	11.07.2025 07:54:20	2,72	3,62	30,54	27,78	1455,81
442	11.07.2025 07:54:21	2,68	3,65	30,58	27,78	1455,70
443	11.07.2025 07:54:22	2,65	3,69	30,58	27,76	1455,54
444	11.07.2025 07:54:23	2,61	3,70	30,52	27,68	1455,30
445	11.07.2025 07:54:24	2,57	3,72	30,45	27,59	1455,05
446	11.07.2025 07:54:25	2,50	3,75	30,49	27,57	1454,78
447	11.07.2025 07:54:26	2,46	3,78	30,49	27,54	1454,62
448	11.07.2025 07:54:27	2,38	3,80	30,57	27,54	1454,38
449	11.07.2025 07:54:28	2,34	3,81	30,60	27,54	1454,26
450	11.07.2025 07:54:29	2,31	3,84	30,64	27,53	1454,15
451	11.07.2025 07:54:30	2,27	3,88	30,64	27,51	1453,99
452	11.07.2025 07:54:31	2,23	3,88	30,67	27,51	1453,87
453	11.07.2025 07:54:32	2,23	3,91	30,71	27,53	1453,92
454	11.07.2025 07:54:33	2,19	3,93	30,71	27,51	1453,76
455	11.07.2025 07:54:34	2,15	3,94	30,71	27,48	1453,59
456	11.07.2025 07:54:35	2,12	3,96	30,71	27,45	1453,43
457	11.07.2025 07:54:36	2,08	3,99	30,72	27,42	1453,27
458	11.07.2025 07:54:37	2,04	4,02	30,75	27,42	1453,16
459	11.07.2025 07:54:38	2,00	4,04	30,75	27,39	1452,99
460	11.07.2025 07:54:39	2,00	4,06	30,72	27,37	1452,95
461	11.07.2025 07:54:40	1,96	4,09	30,72	27,34	1452,79
462	11.07.2025 07:54:41	1,93	4,10	30,73	27,31	1452,63
463	11.07.2025 07:54:42	1,89	4,14	30,76	27,31	1452,51
464	11.07.2025 07:54:43	1,85	4,15	30,80	27,31	1452,39
465	11.07.2025 07:54:44	1,81	4,17	30,80	27,28	1452,23
466	11.07.2025 07:54:45	1,77	4,18	30,87	27,31	1452,15
467	11.07.2025 07:54:46	1,77	4,22	30,84	27,28	1452,11
468	11.07.2025 07:54:47	1,73	4,23	30,88	27,28	1451,99
469	11.07.2025 07:54:48	1,70	4,27	30,91	27,28	1451,88
470	11.07.2025 07:54:49	1,66	4,28	30,92	27,25	1451,71
471	11.07.2025 07:54:50	1,66	4,32	30,95	27,28	1451,76
472	11.07.2025 07:54:51	1,62	4,33	30,95	27,25	1451,60
473	11.07.2025 07:54:52	1,62	4,35	30,95	27,25	1451,60
474	11.07.2025 07:54:53	1,58	4,38	31,02	27,28	1451,53
475	11.07.2025 07:54:54	1,58	4,38	31,02	27,28	1451,52
476	11.07.2025 07:54:55	1,54	4,42	31,03	27,25	1451,36
477	11.07.2025 07:54:56	1,54	4,43	31,03	27,25	1451,36
478	11.07.2025 07:54:57	1,50	4,47	31,06	27,25	1451,25
479	11.07.2025 07:54:58	1,50	4,47	31,06	27,25	1451,25
480	11.07.2025 07:54:59	1,50	4,50	31,06	27,25	1451,25
481	11.07.2025 07:55:00	1,46	4,52	31,10	27,25	1451,13
482	11.07.2025 07:55:01	1,46	4,55	31,10	27,25	1451,14
483	11.07.2025 07:55:02	1,42	4,59	31,14	27,25	1451,02
484	11.07.2025 07:55:03	1,42	4,62	31,14	27,25	1451,02
485	11.07.2025 07:55:04	1,39	4,62	31,17	27,25	1450,90
486	11.07.2025 07:55:05	1,39	4,65	31,14	27,22	1450,86
487	11.07.2025 07:55:06	1,39	4,67	31,17	27,25	1450,91
488	11.07.2025 07:55:07	1,35	4,70	31,18	27,22	1450,74
489	11.07.2025 07:55:08	1,35	4,72	31,18	27,22	1450,74
490	11.07.2025 07:55:09	1,35	4,74	31,18	27,22	1450,75
491	11.07.2025 07:55:10	1,31	4,77	31,21	27,22	1450,63
492	11.07.2025 07:55:11	1,31	4,79	31,25	27,24	1450,67
493	11.07.2025 07:55:12	1,31	4,82	31,25	27,24	1450,68
494	11.07.2025 07:55:13	1,31	4,84	31,21	27,22	1450,64
495	11.07.2025 07:55:14	1,27	4,87	31,25	27,22	1450,52
496	11.07.2025 07:55:15	1,27	4,91	31,29	27,24	1450,57
497	11.07.2025 07:55:16	1,27	4,93	31,28	27,24	1450,57
498	11.07.2025 07:55:17	1,27	4,94	31,28	27,24	1450,57
499	11.07.2025 07:55:18	1,27	4,98	31,28	27,24	1450,58
500	11.07.2025 07:55:19	1,23	4,99	31,32	27,24	1450,46
501	11.07.2025 07:55:20	1,23	5,03	31,32	27,24	1450,46
502	11.07.2025 07:55:21	1,23	5,05	31,29	27,22	1450,42
503	11.07.2025 07:55:22	1,23	5,06	31,32	27,24	1450,47
504	11.07.2025 07:55:23	1,19	5,12	31,36	27,24	1450,35
505	11.07.2025 07:55:24	1,19	5,13	31,36	27,24	1450,35
506	11.07.2025 07:55:25	1,19	5,15	31,36	27,24	1450,36
507	11.07.2025 07:55:26	1,19	5,17	31,36	27,24	1450,36
508	11.07.2025 07:55:27	1,19	5,20	31,36	27,24	1450,36
509	11.07.2025 07:55:28	1,15	5,24	31,40	27,24	1450,24
510	11.07.2025 07:55:29	1,15	5,25	31,40	27,24	1450,25
511	11.07.2025 07:55:30	1,15	5,29	31,40	27,24	1450,25
512	11.07.2025 07:55:31	1,15	5,31	31,40	27,24	1450,26
513	11.07.2025 07:55:32	1,15	5,32	31,40	27,24	1450,26
514	11.07.2025 07:55:33	1,11	5,36	31,44	27,24	1450,14
515	11.07.2025 07:55:34	1,11	5,39	31,43	27,24	1450,14
516	11.07.2025 07:55:35	1,11	5,41	31,43	27,24	1450,15
517	11.07.2025 07:55:36	1,11	5,44	31,43	27,24	1450,15
518	11.07.2025 07:55:37	1,11	5,48	31,43	27,24	1450,16
519	11.07.2025 07:55:38	1,11	5,50	31,43	27,24	1450,16
520	11.07.2025 07:55:39	1,07	5,51	31,47	27,24	1450,04
521	11.07.2025 07:55:40	1,07	5,56	31,47	27,24	1450,05
522	11.07.2025 07:55:41	1,07	5,56	31,47	27,24	1450,05
523	11.07.2025 07:55:42	1,07	5,62	31,47	27,24	1450,05
524	11.07.2025 07:55:43	1,07	5,63	31,47	27,24	1450,06
525	11.07.2025 07:55:44	1,07	5,67	31,47	27,24	1450,06
526	11.07.2025 07:55:45	1,04	5,68	31,51	27,24	1449,94
527	11.07.2025 07:55:46	1,04	5,70	31,51	27,24	1449,94
528	11.07.2025 07:55:47	1,04	5,74	31,51	27,24	1449,95
529	11.07.2025 07:55:48	1,04	5,77	31,51	27,24	1449,95
530	11.07.2025 07:55:49	1,04	5,79	31,48	27,21	1449,91
531	11.07.2025 07:55:50	1,04	5,82	31,51	27,24	1449,96
532	11.07.2025 07:55:51	1,00	5,86	31,55	27,24	1449,84
533	11.07.2025 07:55:52	1,00	5,88	31,55	27,24	1449,84
534	11.07.2025 07:55:53	1,00	5,89	31,55	27,24	1449,85
535	11.07.2025 07:55:54	1,00	5,91	31,55	27,24	1449,85
536	11.07.2025 07:55:55	1,00	5,95	31,55	27,24	1449,85
537	11.07.2025 07:55:56	1,00	5,98	31,55	27,24	1449,86
538	11.07.2025 07:55:57	1,00	6,00	31,58	27,26	1449,91
539	11.07.2025 07:55:58	0,96	6,03	31,62	27,26	1449,79
540	11.07.2025 07:55:59	0,96	6,05	31,62	27,26	1449,79
541	11.07.2025 07:56:00	0,96	6,07	31,62	27,26	1449,79
542	11.07.2025 07:56:01	0,96	6,10	31,65	27,29	1449,84
543	11.07.2025 07:56:02	0,96	6,12	31,65	27,29	1449,85
544	11.07.2025 07:56:03	0,96	6,14	31,65	27,29	1449,85
545	11.07.2025 07:56:04	0,96	6,17	31,65	27,29	1449,85
546	11.07.2025 07:56:05	0,96	6,19	31,65	27,29	1449,86
547	11.07.2025 07:56:06	0,96	6,22	31,69	27,32	1449,91
548	11.07.2025 07:56:07	0,96	6,26	31,65	27,29	1449,87
549	11.07.2025 07:56:08	0,96	6,28	31,65	27,29	1449,87
550	11.07.2025 07:56:09	0,96	6,29	31,65	27,29	1449,87
551	11.07.2025 07:56:10	0,96	6,31	31,69	27,32	1449,92
552	11.07.2025 07:56:11	0,92	6,33	31,73	27,32	1449,80
553	11.07.2025 07:56:12	0,92	6,36	31,73	27,32	1449,80
554	11.07.2025 07:56:13	0,92	6,40	31,73	27,32	1449,81
555	11.07.2025 07:56:14	0,92	6,41	31,76	27,34	1449,86
556	11.07.2025 07:56:15	0,92	6,43	31,76	27,34	1449,86
557	11.07.2025 07:56:16	0,92	6,47	31,79	27,37	1449,91
558	11.07.2025 07:56:17	0,92	6,50	31,79	27,37	1449,92
559	11.07.2025 07:56:18	0,92	6,54	31,79	27,37	1449,92
560	11.07.2025 07:56:19	0,92	6,57	31,83	27,40	1449,97
561	11.07.2025 07:56:20	0,92	6,61	31,83	27,40	1449,98
562	11.07.2025 07:56:21	0,92	6,62	31,86	27,42	1450,03
563	11.07.2025 07:56:22	0,92	6,66	31,83	27,40	1449,99
564	11.07.2025 07:56:23	0,92	6,69	31,79	27,37	1449,95
565	11.07.2025 07:56:24	0,92	6,71	31,79	27,37	1449,95
566	11.07.2025 07:56:25	0,88	6,71	31,83	27,37	1449,82
567	11.07.2025 07:56:26	0,88	6,71	31,83	27,37	1449,82
568	11.07.2025 07:56:27	0,88	6,74	31,83	27,37	1449,83
569	11.07.2025 07:56:28	0,88	6,76	31,83	27,37	1449,83
570	11.07.2025 07:56:29	0,88	6,78	31,83	27,37	1449,83
571	11.07.2025 07:56:30	0,88	6,81	31,83	27,37	1449,84
572	11.07.2025 07:56:31	0,88	6,83	31,80	27,34	1449,80
573	11.07.2025 07:56:32	0,88	6,85	31,83	27,37	1449,84
574	11.07.2025 07:56:33	0,84	6,88	31,80	27,32	1449,63
575	11.07.2025 07:56:34	0,84	6,88	31,73	27,26	1449,54
576	11.07.2025 07:56:35	0,80	6,92	31,74	27,23	1449,37
577	11.07.2025 07:56:36	0,80	6,95	31,74	27,23	1449,38
578	11.07.2025 07:56:37	0,76	6,97	31,78	27,23	1449,26
579	11.07.2025 07:56:38	0,76	7,00	31,78	27,23	1449,26
580	11.07.2025 07:56:39	0,76	7,02	31,88	27,31	1449,40
581	11.07.2025 07:56:40	0,76	7,05	31,88	27,31	1449,41
582	11.07.2025 07:56:41	0,76	7,07	31,88	27,31	1449,41
583	11.07.2025 07:56:42	0,76	7,09	31,91	27,34	1449,46
584	11.07.2025 07:56:43	0,76	7,12	31,98	27,39	1449,55
585	11.07.2025 07:56:44	0,76	7,14	32,02	27,42	1449,60
586	11.07.2025 07:56:45	0,76	7,18	32,02	27,42	1449,61
587	11.07.2025 07:56:46	0,76	7,18	32,05	27,45	1449,65
588	11.07.2025 07:56:47	0,76	7,21	32,05	27,45	1449,66
589	11.07.2025 07:56:48	0,76	7,23	32,05	27,45	1449,66
590	11.07.2025 07:56:49	0,76	7,25	32,08	27,47	1449,71
591	11.07.2025 07:56:50	0,76	7,28	32,08	27,47	1449,72
592	11.07.2025 07:56:51	0,76	7,30	32,12	27,50	1449,76
593	11.07.2025 07:56:52	0,80	7,34	32,18	27,58	1450,03
594	11.07.2025 07:56:53	0,80	7,35	32,18	27,58	1450,04
595	11.07.2025 07:56:54	0,80	7,37	32,22	27,61	1450,09
596	11.07.2025 07:56:55	0,80	7,41	32,25	27,64	1450,14
597	11.07.2025 07:56:56	0,84	7,43	32,31	27,72	1450,40
598	11.07.2025 07:56:57	0,84	7,46	32,31	27,72	1450,41
599	11.07.2025 07:56:58	0,88	7,48	32,31	27,74	1450,58
600	11.07.2025 07:56:59	0,88	7,50	32,38	27,80	1450,68
601	11.07.2025 07:57:00	0,88	7,53	32,41	27,82	1450,73
602	11.07.2025 07:57:01	0,92	7,55	32,37	27,82	1450,85
603	11.07.2025 07:57:02	0,92	7,59	32,40	27,85	1450,91
604	11.07.2025 07:57:03	0,96	7,61	32,40	27,88	1451,08
605	11.07.2025 07:57:04	0,96	7,64	32,40	27,88	1451,08
606	11.07.2025 07:57:05	0,96	7,66	32,40	27,88	1451,09
607	11.07.2025 07:57:06	0,96	7,68	32,40	27,88	1451,09
608	11.07.2025 07:57:07	1,00	7,71	32,36	27,88	1451,22
609	11.07.2025 07:57:08	1,00	7,75	32,39	27,91	1451,27
610	11.07.2025 07:57:09	1,00	7,77	32,39	27,91	1451,27
611	11.07.2025 07:57:10	1,00	7,78	32,39	27,91	1451,28
612	11.07.2025 07:57:11	1,00	7,82	32,39	27,91	1451,28
613	11.07.2025 07:57:12	1,04	7,84	32,35	27,91	1451,41
614	11.07.2025 07:57:13	1,04	7,86	32,39	27,93	1451,46
615	11.07.2025 07:57:14	1,04	7,89	32,39	27,93	1451,46
616	11.07.2025 07:57:15	1,04	7,91	32,35	27,91	1451,42
617	11.07.2025 07:57:16	1,04	7,93	32,39	27,93	1451,47
618	11.07.2025 07:57:17	1,04	7,96	32,39	27,93	1451,47
619	11.07.2025 07:57:18	1,04	8,00	32,39	27,93	1451,48
620	11.07.2025 07:57:19	1,04	8,05	32,39	27,93	1451,49
621	11.07.2025 07:57:20	1,07	8,07	32,38	27,96	1451,66
622	11.07.2025 07:57:21	1,07	8,10	32,35	27,94	1451,62
623	11.07.2025 07:57:22	1,07	8,12	32,38	27,96	1451,67
624	11.07.2025 07:57:23	1,07	8,12	32,38	27,96	1451,67
625	11.07.2025 07:57:24	1,07	8,14	32,35	27,94	1451,62
626	11.07.2025 07:57:25	1,07	8,16	32,38	27,96	1451,67
627	11.07.2025 07:57:26	1,07	8,16	32,38	27,96	1451,67
628	11.07.2025 07:57:27	1,07	8,17	32,34	27,94	1451,63
629	11.07.2025 07:57:28	1,07	8,17	32,34	27,94	1451,63
630	11.07.2025 07:57:29	1,07	8,19	32,34	27,94	1451,63
631	11.07.2025 07:57:30	1,07	8,21	32,38	27,96	1451,68
632	11.07.2025 07:57:31	1,07	8,19	32,38	27,96	1451,68
633	11.07.2025 07:57:32	1,07	8,21	32,38	27,96	1451,68
634	11.07.2025 07:57:33	1,11	8,21	32,30	27,94	1451,76
635	11.07.2025 07:57:34	1,11	8,23	32,34	27,96	1451,81
636	11.07.2025 07:57:35	1,07	8,23	32,35	27,94	1451,64
637	11.07.2025 07:57:36	1,07	8,24	32,31	27,91	1451,59
638	11.07.2025 07:57:37	1,07	8,24	32,31	27,91	1451,59
639	11.07.2025 07:57:38	1,07	8,26	32,34	27,94	1451,64
640	11.07.2025 07:57:39	1,11	8,26	32,34	27,96	1451,81
641	11.07.2025 07:57:40	1,11	8,28	32,30	27,94	1451,77
642	11.07.2025 07:57:41	1,11	8,30	32,34	27,96	1451,82
643	11.07.2025 07:57:42	1,11	8,30	32,30	27,94	1451,77
644	11.07.2025 07:57:43	1,11	8,33	32,30	27,94	1451,78
645	11.07.2025 07:57:44	1,11	8,35	32,30	27,94	1451,78
646	11.07.2025 07:57:45	1,11	8,35	32,30	27,94	1451,78
647	11.07.2025 07:57:46	1,11	8,37	32,34	27,96	1451,83
648	11.07.2025 07:57:47	1,11	8,37	32,34	27,96	1451,83
649	11.07.2025 07:57:48	1,11	8,40	32,34	27,96	1451,83
650	11.07.2025 07:57:49	1,11	8,42	32,34	27,96	1451,84
651	11.07.2025 07:57:50	1,11	8,42	32,34	27,96	1451,84
652	11.07.2025 07:57:51	1,11	8,44	32,34	27,96	1451,84
653	11.07.2025 07:57:52	1,11	8,46	32,34	27,96	1451,84
654	11.07.2025 07:57:53	1,11	8,46	32,34	27,96	1451,84
655	11.07.2025 07:57:54	1,11	8,47	32,34	27,96	1451,84
656	11.07.2025 07:57:55	1,11	8,49	32,34	27,96	1451,85
657	11.07.2025 07:57:56	1,11	8,51	32,30	27,94	1451,80
658	11.07.2025 07:57:57	1,11	8,51	32,30	27,94	1451,80
659	11.07.2025 07:57:58	1,11	8,53	32,34	27,96	1451,85
660	11.07.2025 07:57:59	1,11	8,53	32,34	27,96	1451,85
661	11.07.2025 07:58:00	1,11	8,54	32,34	27,96	1451,85
662	11.07.2025 07:58:01	1,11	8,54	32,34	27,96	1451,85
663	11.07.2025 07:58:02	1,11	8,56	32,34	27,96	1451,86
664	11.07.2025 07:58:03	1,11	8,54	32,34	27,96	1451,85
665	11.07.2025 07:58:04	1,15	8,56	32,30	27,96	1451,98
666	11.07.2025 07:58:05	1,15	8,56	32,30	27,96	1451,98
667	11.07.2025 07:58:06	1,15	8,56	32,30	27,96	1451,98
668	11.07.2025 07:58:07	1,15	8,56	32,30	27,96	1451,98
669	11.07.2025 07:58:08	1,15	8,56	32,30	27,96	1451,98
670	11.07.2025 07:58:09	1,15	8,56	32,30	27,96	1451,98
671	11.07.2025 07:58:10	1,15	8,56	32,30	27,96	1451,98
672	11.07.2025 07:58:11	1,15	8,58	32,30	27,96	1451,98
673	11.07.2025 07:58:12	1,15	8,56	32,30	27,96	1451,98
674	11.07.2025 07:58:13	1,15	8,56	32,30	27,96	1451,98
675	11.07.2025 07:58:14	1,15	8,58	32,30	27,96	1451,98
676	11.07.2025 07:58:15	1,15	8,56	32,30	27,96	1451,98
677	11.07.2025 07:58:16	1,15	8,58	32,30	27,96	1451,98
678	11.07.2025 07:58:17	1,15	8,58	32,30	27,96	1451,98
679	11.07.2025 07:58:18	1,15	8,58	32,30	27,96	1451,98
680	11.07.2025 07:58:19	1,15	8,58	32,30	27,96	1451,98
681	11.07.2025 07:58:20	1,15	8,60	32,30	27,96	1451,99
682	11.07.2025 07:58:21	1,15	8,58	32,30	27,96	1451,98
683	11.07.2025 07:58:22	1,15	8,58	32,30	27,96	1451,98
684	11.07.2025 07:58:23	1,15	8,60	32,30	27,96	1451,99
685	11.07.2025 07:58:24	1,15	8,58	32,30	27,96	1451,98
686	11.07.2025 07:58:25	1,15	8,60	32,30	27,96	1451,99
687	11.07.2025 07:58:26	1,15	8,58	32,30	27,96	1451,98
688	11.07.2025 07:58:27	1,15	8,60	32,30	27,96	1451,99
689	11.07.2025 07:58:28	1,15	8,60	32,30	27,96	1451,99
690	11.07.2025 07:58:29	1,15	8,58	32,30	27,96	1451,98
691	11.07.2025 07:58:30	1,15	8,60	32,30	27,96	1451,99
692	11.07.2025 07:58:31	1,15	8,60	32,30	27,96	1451,99
693	11.07.2025 07:58:32	1,15	8,60	32,30	27,96	1451,99
694	11.07.2025 07:58:33	1,15	8,60	32,30	27,96	1451,99
695	11.07.2025 07:58:34	1,15	8,60	32,30	27,96	1451,99
696	11.07.2025 07:58:35	1,15	8,60	32,30	27,96	1451,99
697	11.07.2025 07:58:36	1,15	8,62	32,30	27,96	1451,99
698	11.07.2025 07:58:37	1,15	8,60	32,30	27,96	1451,99
699	11.07.2025 07:58:38	1,15	8,60	32,30	27,96	1451,99
700	11.07.2025 07:58:39	1,15	8,60	32,30	27,96	1451,99
701	11.07.2025 07:58:40	1,15	8,58	32,30	27,96	1451,98
702	11.07.2025 07:58:41	1,15	8,60	32,30	27,96	1451,99
703	11.07.2025 07:58:42	1,15	8,60	32,30	27,96	1451,99
704	11.07.2025 07:58:43	1,15	8,60	32,30	27,96	1451,99
705	11.07.2025 07:58:44	1,15	8,60	32,30	27,96	1451,99
706	11.07.2025 07:58:45	1,15	8,60	32,30	27,96	1451,99
707	11.07.2025 07:58:46	1,15	8,60	32,30	27,96	1451,99
708	11.07.2025 07:58:47	1,15	8,60	32,30	27,96	1451,99
709	11.07.2025 07:58:48	1,15	8,60	32,30	27,96	1451,99
710	11.07.2025 07:58:49	1,15	8,60	32,30	27,96	1451,99
711	11.07.2025 07:58:50	1,15	8,60	32,30	27,96	1451,99
712	11.07.2025 07:58:51	1,15	8,60	32,30	27,96	1451,99
713	11.07.2025 07:58:52	1,15	8,60	32,30	27,96	1451,99
714	11.07.2025 07:58:53	1,15	8,60	32,30	27,96	1451,99
715	11.07.2025 07:58:54	1,15	8,60	32,30	27,96	1451,99
716	11.07.2025 07:58:55	1,15	8,60	32,30	27,96	1451,99
717	11.07.2025 07:58:56	1,15	8,60	32,30	27,96	1451,99
718	11.07.2025 07:58:57	1,15	8,60	32,30	27,96	1451,99
719	11.07.2025 07:58:58	1,15	8,62	32,30	27,96	1451,99
720	11.07.2025 07:58:59	1,15	8,60	32,30	27,96	1451,99
721	11.07.2025 07:59:00	1,15	8,60	32,30	27,96	1451,99
722	11.07.2025 07:59:01	1,15	8,60	32,30	27,96	1451,99
723	11.07.2025 07:59:02	1,15	8,60	32,30	27,96	1451,99
724	11.07.2025 07:59:03	1,15	8,60	32,30	27,96	1451,99
725	11.07.2025 07:59:04	1,15	8,60	32,30	27,96	1451,99
726	11.07.2025 07:59:05	1,15	8,60	32,23	27,91	1451,90
727	11.07.2025 07:59:06	1,15	8,60	32,30	27,96	1451,99
728	11.07.2025 07:59:07	1,15	8,58	32,30	27,96	1451,98
729	11.07.2025 07:59:08	1,15	8,60	32,30	27,96	1451,99
730	11.07.2025 07:59:09	1,15	8,60	32,30	27,96	1451,99
731	11.07.2025 07:59:10	1,15	8,60	32,30	27,96	1451,99
732	11.07.2025 07:59:11	1,15	8,60	32,30	27,96	1451,99
733	11.07.2025 07:59:12	1,15	8,60	32,30	27,96	1451,99
734	11.07.2025 07:59:13	1,15	8,60	32,30	27,96	1451,99
735	11.07.2025 07:59:14	1,15	8,60	32,30	27,96	1451,99
736	11.07.2025 07:59:15	1,15	8,60	32,30	27,96	1451,99
737	11.07.2025 07:59:16	1,15	8,60	32,30	27,96	1451,99
738	11.07.2025 07:59:17	1,15	8,60	32,30	27,96	1451,99
739	11.07.2025 07:59:18	1,15	8,60	32,30	27,96	1451,99
740	11.07.2025 07:59:19	1,15	8,58	32,30	27,96	1451,98
741	11.07.2025 07:59:20	1,15	8,58	32,30	27,96	1451,98
742	11.07.2025 07:59:21	1,15	8,58	32,30	27,96	1451,98
743	11.07.2025 07:59:22	1,15	8,60	32,30	27,96	1451,99
744	11.07.2025 07:59:23	1,15	8,60	32,30	27,96	1451,99
745	11.07.2025 07:59:24	1,15	8,60	32,30	27,96	1451,99
746	11.07.2025 07:59:25	1,15	8,60	32,30	27,96	1451,99
747	11.07.2025 07:59:26	1,15	8,60	32,30	27,96	1451,99
748	11.07.2025 07:59:27	1,15	8,60	32,30	27,96	1451,99
749	11.07.2025 07:59:28	1,15	8,60	32,30	27,96	1451,99
750	11.07.2025 07:59:29	1,15	8,60	32,30	27,96	1451,99
751	11.07.2025 07:59:30	1,15	8,60	32,30	27,96	1451,99
752	11.07.2025 07:59:31	1,15	8,60	32,30	27,96	1451,99
753	11.07.2025 07:59:32	1,15	8,58	32,30	27,96	1451,98
754	11.07.2025 07:59:33	1,15	8,60	32,30	27,96	1451,99
755	11.07.2025 07:59:34	1,15	8,58	32,30	27,96	1451,98
756	11.07.2025 07:59:35	1,15	8,60	32,30	27,96	1451,99
757	11.07.2025 07:59:36	1,15	8,58	32,30	27,96	1451,98
758	11.07.2025 07:59:37	1,15	8,60	32,30	27,96	1451,99
759	11.07.2025 07:59:38	1,15	8,60	32,30	27,96	1451,99
760	11.07.2025 07:59:39	1,15	8,60	32,30	27,96	1451,99
761	11.07.2025 07:59:40	1,15	8,58	32,30	27,96	1451,98
762	11.07.2025 07:59:41	1,15	8,58	32,30	27,96	1451,98
763	11.07.2025 07:59:42	1,15	8,60	32,30	27,96	1451,99
764	11.07.2025 07:59:43	1,15	8,60	32,26	27,94	1451,94
765	11.07.2025 07:59:44	1,15	8,58	32,30	27,96	1451,98
766	11.07.2025 07:59:45	1,15	8,60	32,26	27,94	1451,94
767	11.07.2025 07:59:46	1,15	8,60	32,30	27,96	1451,99
768	11.07.2025 07:59:47	1,15	8,58	32,26	27,94	1451,94
769	11.07.2025 07:59:48	1,15	8,60	32,30	27,96	1451,99
770	11.07.2025 07:59:49	1,15	8,58	32,30	27,96	1451,98
771	11.07.2025 07:59:50	1,15	8,58	32,30	27,96	1451,98
772	11.07.2025 07:59:51	1,15	8,60	32,30	27,96	1451,99
773	11.07.2025 07:59:52	1,15	8,58	32,30	27,96	1451,98
774	11.07.2025 07:59:53	1,15	8,56	32,30	27,96	1451,98
775	11.07.2025 07:59:54	1,15	8,58	32,30	27,96	1451,98
776	11.07.2025 07:59:55	1,15	8,60	32,30	27,96	1451,99
777	11.07.2025 07:59:56	1,15	8,58	32,30	27,96	1451,98
778	11.07.2025 07:59:57	1,15	8,58	32,30	27,96	1451,98
779	11.07.2025 07:59:58	1,15	8,60	32,30	27,96	1451,99
780	11.07.2025 07:59:59	1,15	8,58	32,30	27,96	1451,98
781	11.07.2025 08:00:00	1,15	8,58	32,33	27,99	1452,03
782	11.07.2025 08:00:01	1,15	8,60	32,33	27,99	1452,03
783	11.07.2025 08:00:02	1,15	8,60	32,33	27,99	1452,03
784	11.07.2025 08:00:03	1,19	8,62	32,29	27,99	1452,16
785	11.07.2025 08:00:04	1,19	8,60	32,29	27,99	1452,16
786	11.07.2025 08:00:05	1,19	8,60	32,29	27,99	1452,16
787	11.07.2025 08:00:06	1,19	8,60	32,29	27,99	1452,16
788	11.07.2025 08:00:07	1,19	8,60	32,29	27,99	1452,16
789	11.07.2025 08:00:08	1,19	8,60	32,26	27,96	1452,11
790	11.07.2025 08:00:09	1,19	8,60	32,29	27,99	1452,16
791	11.07.2025 08:00:10	1,19	8,60	32,29	27,99	1452,16
792	11.07.2025 08:00:11	1,19	8,60	32,26	27,96	1452,11
793	11.07.2025 08:00:12	1,19	8,62	32,26	27,96	1452,11
794	11.07.2025 08:00:13	1,19	8,60	32,29	27,99	1452,16
795	11.07.2025 08:00:14	1,19	8,60	32,29	27,99	1452,16
796	11.07.2025 08:00:15	1,19	8,62	32,29	27,99	1452,16
797	11.07.2025 08:00:16	1,19	8,60	32,29	27,99	1452,16
798	11.07.2025 08:00:17	1,19	8,60	32,29	27,99	1452,16
799	11.07.2025 08:00:18	1,19	8,62	32,29	27,99	1452,16
800	11.07.2025 08:00:19	1,19	8,62	32,26	27,96	1452,11
801	11.07.2025 08:00:20	1,19	8,64	32,26	27,96	1452,12
802	11.07.2025 08:00:21	1,19	8,62	32,26	27,96	1452,11
803	11.07.2025 08:00:22	1,19	8,62	32,26	27,96	1452,11
804	11.07.2025 08:00:23	1,19	8,62	32,29	27,99	1452,16
805	11.07.2025 08:00:24	1,19	8,64	32,26	27,96	1452,12
806	11.07.2025 08:00:25	1,19	8,62	32,29	27,99	1452,16
807	11.07.2025 08:00:26	1,19	8,62	32,29	27,99	1452,16
808	11.07.2025 08:00:27	1,19	8,62	32,26	27,96	1452,11
809	11.07.2025 08:00:28	1,19	8,64	32,29	27,99	1452,16
810	11.07.2025 08:00:29	1,19	8,62	32,26	27,96	1452,11
811	11.07.2025 08:00:30	1,19	8,62	32,26	27,96	1452,11
812	11.07.2025 08:00:31	1,19	8,62	32,29	27,99	1452,16
813	11.07.2025 08:00:32	1,19	8,60	32,26	27,96	1452,11
814	11.07.2025 08:00:33	1,19	8,62	32,26	27,96	1452,11
815	11.07.2025 08:00:34	1,19	8,62	32,26	27,96	1452,11
816	11.07.2025 08:00:35	1,19	8,62	32,29	27,99	1452,16
817	11.07.2025 08:00:36	1,19	8,62	32,26	27,96	1452,11
818	11.07.2025 08:00:37	1,19	8,62	32,26	27,96	1452,11
819	11.07.2025 08:00:38	1,19	8,62	32,26	27,96	1452,11
820	11.07.2025 08:00:39	1,19	8,62	32,26	27,96	1452,11
821	11.07.2025 08:00:40	1,19	8,62	32,26	27,96	1452,11
822	11.07.2025 08:00:41	1,19	8,62	32,26	27,96	1452,11
823	11.07.2025 08:00:42	1,19	8,62	32,26	27,96	1452,11
824	11.07.2025 08:00:43	1,19	8,64	32,26	27,96	1452,12
825	11.07.2025 08:00:44	1,19	8,60	32,26	27,96	1452,11
826	11.07.2025 08:00:45	1,19	8,62	32,26	27,96	1452,11
827	11.07.2025 08:00:46	1,19	8,62	32,26	27,96	1452,11
828	11.07.2025 08:00:47	1,19	8,62	32,26	27,96	1452,11
829	11.07.2025 08:00:48	1,19	8,62	32,26	27,96	1452,11
830	11.07.2025 08:00:49	1,19	8,62	32,26	27,96	1452,11
831	11.07.2025 08:00:50	1,19	8,60	32,26	27,96	1452,11
832	11.07.2025 08:00:51	1,19	8,62	32,26	27,96	1452,11
833	11.07.2025 08:00:52	1,19	8,62	32,26	27,96	1452,11
834	11.07.2025 08:00:53	1,15	8,63	32,30	27,96	1451,99
835	11.07.2025 08:00:54	1,15	8,62	32,30	27,96	1451,99
836	11.07.2025 08:00:55	1,15	8,62	32,30	27,96	1451,99
837	11.07.2025 08:00:56	1,19	8,60	32,26	27,96	1452,11
838	11.07.2025 08:00:57	1,19	8,62	32,26	27,96	1452,11
839	11.07.2025 08:00:58	1,19	8,62	32,26	27,96	1452,11
840	11.07.2025 08:00:59	1,19	8,64	32,26	27,96	1452,12
841	11.07.2025 08:01:00	1,15	8,62	32,30	27,96	1451,99
842	11.07.2025 08:01:01	1,15	8,62	32,30	27,96	1451,99
843	11.07.2025 08:01:02	1,15	8,63	32,30	27,96	1451,99
844	11.07.2025 08:01:03	1,15	8,62	32,30	27,96	1451,99
845	11.07.2025 08:01:04	1,15	8,63	32,30	27,96	1451,99
846	11.07.2025 08:01:05	1,15	8,62	32,30	27,96	1451,99
847	11.07.2025 08:01:06	1,15	8,62	32,30	27,96	1451,99
848	11.07.2025 08:01:07	1,15	8,63	32,30	27,96	1451,99
849	11.07.2025 08:01:08	1,15	8,62	32,30	27,96	1451,99
850	11.07.2025 08:01:09	1,15	8,63	32,30	27,96	1451,99
851	11.07.2025 08:01:10	1,15	8,62	32,30	27,96	1451,99
852	11.07.2025 08:01:11	1,15	8,63	32,30	27,96	1451,99
853	11.07.2025 08:01:12	1,15	8,63	32,30	27,96	1451,99
854	11.07.2025 08:01:13	1,15	8,63	32,30	27,96	1451,99
855	11.07.2025 08:01:14	1,15	8,63	32,30	27,96	1451,99
856	11.07.2025 08:01:15	1,15	8,63	32,30	27,96	1451,99
857	11.07.2025 08:01:16	1,19	8,64	32,29	27,99	1452,16
858	11.07.2025 08:01:17	1,19	8,62	32,29	27,99	1452,16
859	11.07.2025 08:01:18	1,19	8,64	32,26	27,96	1452,12
860	11.07.2025 08:01:19	1,15	8,63	32,30	27,96	1451,99
861	11.07.2025 08:01:20	1,15	8,65	32,30	27,96	1451,99
862	11.07.2025 08:01:21	1,15	8,63	32,30	27,96	1451,99
863	11.07.2025 08:01:22	1,19	8,64	32,26	27,96	1452,12
864	11.07.2025 08:01:23	1,15	8,62	32,33	27,99	1452,04
865	11.07.2025 08:01:24	1,15	8,63	32,30	27,96	1451,99
866	11.07.2025 08:01:25	1,15	8,63	32,30	27,96	1451,99
867	11.07.2025 08:01:26	1,15	8,63	32,33	27,99	1452,04
868	11.07.2025 08:01:27	1,19	8,64	32,29	27,99	1452,16
869	11.07.2025 08:01:28	1,19	8,64	32,26	27,96	1452,12
870	11.07.2025 08:01:29	1,19	8,64	32,29	27,99	1452,16
871	11.07.2025 08:01:30	1,19	8,62	32,29	27,99	1452,16
872	11.07.2025 08:01:31	1,19	8,64	32,29	27,99	1452,16
873	11.07.2025 08:01:32	1,15	8,63	32,33	27,99	1452,04
874	11.07.2025 08:01:33	1,19	8,62	32,29	27,99	1452,16
875	11.07.2025 08:01:34	1,19	8,64	32,29	27,99	1452,16
876	11.07.2025 08:01:35	1,19	8,64	32,26	27,96	1452,12
877	11.07.2025 08:01:36	1,19	8,64	32,26	27,96	1452,12
878	11.07.2025 08:01:37	1,19	8,64	32,29	27,99	1452,16
879	11.07.2025 08:01:38	1,19	8,64	32,29	27,99	1452,16
880	11.07.2025 08:01:39	1,19	8,64	32,29	27,99	1452,16
881	11.07.2025 08:01:40	1,15	8,63	32,33	27,99	1452,04
882	11.07.2025 08:01:41	1,19	8,64	32,26	27,96	1452,11
883	11.07.2025 08:01:42	1,19	8,64	32,26	27,96	1452,12
884	11.07.2025 08:01:43	1,19	8,64	32,26	27,96	1452,12
885	11.07.2025 08:01:44	1,19	8,65	32,29	27,99	1452,16
886	11.07.2025 08:01:45	1,15	8,65	32,30	27,96	1452,00
887	11.07.2025 08:01:46	1,19	8,65	32,29	27,99	1452,16
888	11.07.2025 08:01:47	1,15	8,65	32,33	27,99	1452,04
889	11.07.2025 08:01:48	1,19	8,65	32,26	27,96	1452,12
890	11.07.2025 08:01:49	1,19	8,65	32,26	27,96	1452,12
891	11.07.2025 08:01:50	1,15	8,63	32,33	27,99	1452,04
892	11.07.2025 08:01:51	1,19	8,64	32,29	27,99	1452,16
893	11.07.2025 08:01:52	1,19	8,65	32,26	27,96	1452,12
894	11.07.2025 08:01:53	1,19	8,65	32,29	27,99	1452,16
895	11.07.2025 08:01:54	1,19	8,65	32,29	27,99	1452,16
896	11.07.2025 08:01:55	1,19	8,65	32,29	27,99	1452,16
897	11.07.2025 08:01:56	1,15	8,65	32,33	27,99	1452,04
898	11.07.2025 08:01:57	1,19	8,65	32,29	27,99	1452,16
899	11.07.2025 08:01:58	1,19	8,67	32,26	27,96	1452,12
900	11.07.2025 08:01:59	1,15	8,65	32,33	27,99	1452,04
901	11.07.2025 08:02:00	1,15	8,65	32,30	27,96	1451,99
902	11.07.2025 08:02:01	1,19	8,67	32,26	27,96	1452,12
903	11.07.2025 08:02:02	1,15	8,67	32,30	27,96	1452,00
904	11.07.2025 08:02:03	1,19	8,65	32,29	27,99	1452,16
905	11.07.2025 08:02:04	1,15	8,67	32,33	27,99	1452,04
906	11.07.2025 08:02:05	1,15	8,65	32,33	27,99	1452,04
907	11.07.2025 08:02:06	1,19	8,65	32,26	27,96	1452,12
908	11.07.2025 08:02:07	1,19	8,67	32,26	27,96	1452,12
909	11.07.2025 08:02:08	1,15	8,65	32,30	27,96	1451,99
910	11.07.2025 08:02:09	1,19	8,67	32,29	27,99	1452,17
911	11.07.2025 08:02:10	1,15	8,67	32,33	27,99	1452,04
912	11.07.2025 08:02:11	1,19	8,65	32,29	27,99	1452,16
913	11.07.2025 08:02:12	1,15	8,67	32,33	27,99	1452,04
914	11.07.2025 08:02:13	1,19	8,65	32,29	27,99	1452,16
915	11.07.2025 08:02:14	1,19	8,67	32,29	27,99	1452,17
916	11.07.2025 08:02:15	1,19	8,67	32,29	27,99	1452,17
917	11.07.2025 08:02:16	1,19	8,65	32,26	27,96	1452,12
918	11.07.2025 08:02:17	1,19	8,65	32,29	27,99	1452,16
919	11.07.2025 08:02:18	1,15	8,65	32,30	27,96	1451,99
920	11.07.2025 08:02:19	1,15	8,65	32,33	27,99	1452,04
921	11.07.2025 08:02:20	1,19	8,67	32,26	27,96	1452,12
922	11.07.2025 08:02:21	1,19	8,65	32,29	27,99	1452,16
923	11.07.2025 08:02:22	1,15	8,65	32,30	27,96	1451,99
924	11.07.2025 08:02:23	1,19	8,64	32,29	27,99	1452,16
925	11.07.2025 08:02:24	1,15	8,65	32,33	27,99	1452,04
926	11.07.2025 08:02:25	1,15	8,65	32,30	27,96	1451,99
927	11.07.2025 08:02:26	1,15	8,65	32,33	27,99	1452,04
928	11.07.2025 08:02:27	1,19	8,65	32,29	27,99	1452,16
929	11.07.2025 08:02:28	1,19	8,65	32,29	27,99	1452,16
930	11.07.2025 08:02:29	1,15	8,65	32,33	27,99	1452,04
931	11.07.2025 08:02:30	1,19	8,65	32,29	27,99	1452,16
932	11.07.2025 08:02:31	1,19	8,65	32,29	27,99	1452,16
933	11.07.2025 08:02:32	1,19	8,64	32,29	27,99	1452,16
934	11.07.2025 08:02:33	1,19	8,65	32,29	27,99	1452,16
935	11.07.2025 08:02:34	1,19	8,65	32,29	27,99	1452,16
936	11.07.2025 08:02:35	1,19	8,64	32,29	27,99	1452,16
937	11.07.2025 08:02:36	1,19	8,65	32,29	27,99	1452,16
938	11.07.2025 08:02:37	1,19	8,65	32,29	27,99	1452,16
939	11.07.2025 08:02:38	1,19	8,64	32,29	27,99	1452,16
940	11.07.2025 08:02:39	1,19	8,65	32,29	27,99	1452,16
941	11.07.2025 08:02:40	1,19	8,64	32,29	27,99	1452,16
942	11.07.2025 08:02:41	1,19	8,65	32,29	27,99	1452,16
943	11.07.2025 08:02:42	1,19	8,65	32,29	27,99	1452,16
944	11.07.2025 08:02:43	1,19	8,65	32,29	27,99	1452,16
945	11.07.2025 08:02:44	1,19	8,64	32,29	27,99	1452,16
946	11.07.2025 08:02:45	1,19	8,65	32,29	27,99	1452,16
947	11.07.2025 08:02:46	1,19	8,64	32,29	27,99	1452,16
948	11.07.2025 08:02:47	1,19	8,64	32,29	27,99	1452,16
949	11.07.2025 08:02:48	1,19	8,65	32,29	27,99	1452,16
950	11.07.2025 08:02:49	1,19	8,64	32,29	27,99	1452,16
951	11.07.2025 08:02:50	1,19	8,64	32,29	27,99	1452,16
952	11.07.2025 08:02:51	1,19	8,64	32,29	27,99	1452,16
953	11.07.2025 08:02:52	1,19	8,64	32,29	27,99	1452,16
954	11.07.2025 08:02:53	1,19	8,64	32,29	27,99	1452,16
955	11.07.2025 08:02:54	1,19	8,65	32,29	27,99	1452,16
956	11.07.2025 08:02:55	1,19	8,65	32,29	27,99	1452,16
957	11.07.2025 08:02:56	1,19	8,65	32,29	27,99	1452,16
958	11.07.2025 08:02:57	1,19	8,65	32,29	27,99	1452,16
959	11.07.2025 08:02:58	1,19	8,65	32,29	27,99	1452,16
960	11.07.2025 08:02:59	1,19	8,65	32,29	27,99	1452,16
961	11.07.2025 08:03:00	1,19	8,65	32,29	27,99	1452,16
962	11.07.2025 08:03:01	1,19	8,67	32,29	27,99	1452,17
963	11.07.2025 08:03:02	1,19	8,65	32,29	27,99	1452,16
964	11.07.2025 08:03:03	1,19	8,65	32,29	27,99	1452,16
965	11.07.2025 08:03:04	1,19	8,67	32,29	27,99	1452,17
966	11.07.2025 08:03:05	1,19	8,69	32,29	27,99	1452,17
967	11.07.2025 08:03:06	1,19	8,69	32,29	27,99	1452,17
968	11.07.2025 08:03:07	1,19	8,71	32,29	27,99	1452,17
969	11.07.2025 08:03:08	1,19	8,71	32,29	27,99	1452,17
970	11.07.2025 08:03:09	1,19	8,71	32,29	27,99	1452,17
971	11.07.2025 08:03:10	1,19	8,71	32,29	27,99	1452,17
972	11.07.2025 08:03:11	1,19	8,72	32,29	27,99	1452,17
973	11.07.2025 08:03:12	1,19	8,71	32,29	27,99	1452,17
974	11.07.2025 08:03:13	1,15	8,72	32,33	27,99	1452,05
975	11.07.2025 08:03:14	1,19	8,72	32,29	27,99	1452,17
976	11.07.2025 08:03:15	1,19	8,72	32,26	27,96	1452,13
977	11.07.2025 08:03:16	1,19	8,71	32,29	27,99	1452,17
978	11.07.2025 08:03:17	1,19	8,72	32,29	27,99	1452,17
979	11.07.2025 08:03:18	1,19	8,72	32,29	27,99	1452,17
980	11.07.2025 08:03:19	1,19	8,71	32,29	27,99	1452,17
981	11.07.2025 08:03:20	1,19	8,72	32,29	27,99	1452,17
982	11.07.2025 08:03:21	1,19	8,71	32,29	27,99	1452,17
983	11.07.2025 08:03:22	1,19	8,69	32,26	27,96	1452,12
984	11.07.2025 08:03:23	1,19	8,69	32,29	27,99	1452,17
985	11.07.2025 08:03:24	1,19	8,67	32,29	27,99	1452,17
986	11.07.2025 08:03:25	1,19	8,64	32,29	27,99	1452,16
987	11.07.2025 08:03:26	1,19	8,62	32,29	27,99	1452,16
988	11.07.2025 08:03:27	1,19	8,60	32,29	27,99	1452,16
989	11.07.2025 08:03:28	1,19	8,58	32,29	27,99	1452,15
990	11.07.2025 08:03:29	1,19	8,55	32,29	27,99	1452,15
991	11.07.2025 08:03:30	1,19	8,53	32,29	27,99	1452,14
992	11.07.2025 08:03:31	1,19	8,50	32,29	27,99	1452,14
993	11.07.2025 08:03:32	1,19	8,48	32,29	27,99	1452,14
994	11.07.2025 08:03:33	1,19	8,43	32,26	27,96	1452,08
995	11.07.2025 08:03:34	1,19	8,37	32,29	27,99	1452,12
996	11.07.2025 08:03:35	1,19	8,36	32,29	27,99	1452,12
997	11.07.2025 08:03:36	1,19	8,32	32,29	27,99	1452,11
998	11.07.2025 08:03:37	1,19	8,29	32,29	27,99	1452,11
999	11.07.2025 08:03:38	1,19	8,23	32,29	27,99	1452,10
1000	11.07.2025 08:03:39	1,19	8,20	32,29	27,99	1452,09
1001	11.07.2025 08:03:40	1,19	8,16	32,26	27,96	1452,04
1002	11.07.2025 08:03:41	1,19	8,13	32,30	27,99	1452,08
1003	11.07.2025 08:03:42	1,15	8,09	32,30	27,96	1451,91
1004	11.07.2025 08:03:43	1,15	8,04	32,30	27,96	1451,90
1005	11.07.2025 08:03:44	1,15	8,00	32,30	27,96	1451,89
1006	11.07.2025 08:03:45	1,15	7,99	32,30	27,96	1451,89
1007	11.07.2025 08:03:46	1,15	7,95	32,30	27,96	1451,89
1008	11.07.2025 08:03:47	1,15	7,90	32,27	27,94	1451,83
1009	11.07.2025 08:03:48	1,15	7,86	32,27	27,94	1451,83
1010	11.07.2025 08:03:49	1,15	7,85	32,27	27,94	1451,82
1011	11.07.2025 08:03:50	1,15	7,79	32,27	27,94	1451,82
1012	11.07.2025 08:03:51	1,15	7,76	32,23	27,91	1451,77
1013	11.07.2025 08:03:52	1,15	7,72	32,27	27,94	1451,81
1014	11.07.2025 08:03:53	1,15	7,69	32,23	27,91	1451,75
1015	11.07.2025 08:03:54	1,15	7,67	32,23	27,91	1451,75
1016	11.07.2025 08:03:55	1,15	7,65	32,20	27,88	1451,70
1017	11.07.2025 08:03:56	1,15	7,62	32,20	27,88	1451,70
1018	11.07.2025 08:03:57	1,11	7,60	32,17	27,83	1451,48
1019	11.07.2025 08:03:58	1,11	7,56	32,14	27,80	1451,43
1020	11.07.2025 08:03:59	1,11	7,53	32,14	27,80	1451,43
1021	11.07.2025 08:04:00	1,11	7,49	32,14	27,80	1451,42
1022	11.07.2025 08:04:01	1,07	7,46	32,18	27,80	1451,29
1023	11.07.2025 08:04:02	1,07	7,44	32,14	27,77	1451,24
1024	11.07.2025 08:04:03	1,07	7,40	32,11	27,75	1451,19
1025	11.07.2025 08:04:04	1,07	7,37	32,08	27,72	1451,14
1026	11.07.2025 08:04:05	1,04	7,33	32,08	27,69	1450,97
1027	11.07.2025 08:04:06	1,04	7,30	32,05	27,67	1450,91
1028	11.07.2025 08:04:07	1,04	7,26	32,05	27,67	1450,91
1029	11.07.2025 08:04:08	1,04	7,23	32,05	27,67	1450,90
1030	11.07.2025 08:04:09	1,00	7,21	32,05	27,64	1450,73
1031	11.07.2025 08:04:10	1,00	7,17	31,98	27,59	1450,63
1032	11.07.2025 08:04:11	1,00	7,14	31,71	27,37	1450,27
1033	11.07.2025 08:04:12	0,92	7,11	31,79	27,37	1450,01
1034	11.07.2025 08:04:13	0,88	7,09	31,69	27,26	1449,70
1035	11.07.2025 08:04:14	0,88	7,08	31,76	27,32	1449,79
1036	11.07.2025 08:04:15	0,84	7,06	31,73	27,26	1449,57
1037	11.07.2025 08:04:16	0,84	7,02	31,77	27,29	1449,61
1038	11.07.2025 08:04:17	0,84	6,99	31,77	27,29	1449,60
1039	11.07.2025 08:04:18	0,84	6,97	31,77	27,29	1449,60
1040	11.07.2025 08:04:19	0,80	6,95	31,84	27,31	1449,52
1041	11.07.2025 08:04:20	0,80	6,92	31,84	27,31	1449,51
1042	11.07.2025 08:04:21	0,80	6,90	31,87	27,34	1449,55
1043	11.07.2025 08:04:22	0,84	6,86	31,87	27,37	1449,72
1044	11.07.2025 08:04:23	0,84	6,85	31,87	27,37	1449,72
1045	11.07.2025 08:04:24	0,84	6,83	31,87	27,37	1449,71
1046	11.07.2025 08:04:25	0,84	6,81	31,87	27,37	1449,71
1047	11.07.2025 08:04:26	0,84	6,78	31,90	27,40	1449,75
1048	11.07.2025 08:04:27	0,84	6,76	31,90	27,40	1449,75
1049	11.07.2025 08:04:28	0,84	6,76	31,90	27,40	1449,75
1050	11.07.2025 08:04:29	0,84	6,74	31,94	27,42	1449,79
1051	11.07.2025 08:04:30	0,84	6,72	31,94	27,42	1449,79
1052	11.07.2025 08:04:31	0,88	6,73	31,90	27,42	1449,92
1053	11.07.2025 08:04:32	0,88	6,67	31,87	27,40	1449,86
1054	11.07.2025 08:04:33	0,88	6,67	31,87	27,40	1449,86
1055	11.07.2025 08:04:34	0,84	6,65	31,90	27,40	1449,73
1056	11.07.2025 08:04:35	0,84	6,64	31,91	27,40	1449,73
1057	11.07.2025 08:04:36	0,84	6,62	31,91	27,40	1449,73
1058	11.07.2025 08:04:37	0,84	6,58	31,91	27,40	1449,72
1059	11.07.2025 08:04:38	0,84	6,57	31,94	27,42	1449,77
1060	11.07.2025 08:04:39	0,84	6,55	31,91	27,40	1449,72
1061	11.07.2025 08:04:40	0,84	6,53	31,94	27,42	1449,76
1062	11.07.2025 08:04:41	0,84	6,51	31,94	27,42	1449,76
1063	11.07.2025 08:04:42	0,84	6,50	31,91	27,40	1449,71
1064	11.07.2025 08:04:43	0,84	6,51	31,91	27,40	1449,71
1065	11.07.2025 08:04:44	0,84	6,50	31,91	27,40	1449,71
1066	11.07.2025 08:04:45	0,84	6,46	31,87	27,37	1449,66
1067	11.07.2025 08:04:46	0,84	6,46	31,87	27,37	1449,66
1068	11.07.2025 08:04:47	0,84	6,43	31,84	27,34	1449,61
1069	11.07.2025 08:04:48	0,84	6,39	31,84	27,34	1449,60
1070	11.07.2025 08:04:49	0,84	6,37	31,84	27,34	1449,60
1071	11.07.2025 08:04:50	0,84	6,37	31,84	27,34	1449,60
1072	11.07.2025 08:04:51	0,84	6,34	31,84	27,34	1449,59
1073	11.07.2025 08:04:52	0,84	6,32	31,84	27,34	1449,59
1074	11.07.2025 08:04:53	0,84	6,30	31,84	27,34	1449,59
1075	11.07.2025 08:04:54	0,84	6,27	31,84	27,34	1449,58
1076	11.07.2025 08:04:55	0,84	6,25	31,84	27,34	1449,58
1077	11.07.2025 08:04:56	0,84	6,25	31,84	27,34	1449,58
1078	11.07.2025 08:04:57	0,84	6,22	31,84	27,34	1449,57
1079	11.07.2025 08:04:58	0,84	6,20	31,84	27,34	1449,57
1080	11.07.2025 08:04:59	0,84	6,18	31,84	27,34	1449,57
1081	11.07.2025 08:05:00	0,84	6,16	31,84	27,34	1449,57
1082	11.07.2025 08:05:01	0,84	6,15	31,84	27,34	1449,56
1083	11.07.2025 08:05:02	0,84	6,13	31,84	27,34	1449,56
1084	11.07.2025 08:05:03	0,84	6,09	31,84	27,34	1449,56
1085	11.07.2025 08:05:04	0,84	6,09	31,84	27,34	1449,56
1086	11.07.2025 08:05:05	0,84	6,08	31,81	27,31	1449,51
1087	11.07.2025 08:05:06	0,84	6,06	31,81	27,31	1449,50
1088	11.07.2025 08:05:07	0,84	6,04	31,81	27,31	1449,50
1089	11.07.2025 08:05:08	0,84	6,02	31,81	27,31	1449,50
1090	11.07.2025 08:05:09	0,84	6,01	31,81	27,31	1449,50
1091	11.07.2025 08:05:10	0,84	5,99	31,81	27,31	1449,49
1092	11.07.2025 08:05:11	0,84	5,97	31,81	27,31	1449,49
1093	11.07.2025 08:05:12	0,84	5,97	31,77	27,29	1449,44
1094	11.07.2025 08:05:13	0,84	5,95	31,77	27,29	1449,44
1095	11.07.2025 08:05:14	0,84	5,94	31,77	27,29	1449,44
1096	11.07.2025 08:05:15	0,84	5,94	31,77	27,29	1449,44
1097	11.07.2025 08:05:16	0,84	5,94	31,77	27,29	1449,44
1098	11.07.2025 08:05:17	0,84	5,92	31,77	27,29	1449,44
1099	11.07.2025 08:05:18	0,84	5,90	31,74	27,26	1449,39
1100	11.07.2025 08:05:19	0,84	5,90	31,74	27,26	1449,39
1101	11.07.2025 08:05:20	0,84	5,88	31,74	27,26	1449,39
1102	11.07.2025 08:05:21	0,84	5,87	31,74	27,26	1449,38
1103	11.07.2025 08:05:22	0,84	5,85	31,74	27,26	1449,38
1104	11.07.2025 08:05:23	0,84	5,85	31,74	27,26	1449,38
1105	11.07.2025 08:05:24	0,84	5,83	31,74	27,26	1449,38
1106	11.07.2025 08:05:25	0,84	5,83	31,74	27,26	1449,38
1107	11.07.2025 08:05:26	0,80	5,81	31,74	27,23	1449,20
1108	11.07.2025 08:05:27	0,84	5,80	31,70	27,23	1449,33
1109	11.07.2025 08:05:28	0,84	5,78	31,70	27,23	1449,32
1110	11.07.2025 08:05:29	0,80	5,76	31,74	27,23	1449,20
1111	11.07.2025 08:05:30	0,80	5,76	31,74	27,23	1449,19
1112	11.07.2025 08:05:31	0,80	5,74	31,74	27,23	1449,19
1113	11.07.2025 08:05:32	0,80	5,72	31,74	27,23	1449,19
1114	11.07.2025 08:05:33	0,80	5,72	31,74	27,23	1449,19
1115	11.07.2025 08:05:34	0,80	5,72	31,74	27,23	1449,19
1116	11.07.2025 08:05:35	0,84	5,71	31,70	27,23	1449,31
1117	11.07.2025 08:05:36	0,80	5,69	31,74	27,23	1449,18
1118	11.07.2025 08:05:37	0,84	5,67	31,70	27,23	1449,31
1119	11.07.2025 08:05:38	0,84	5,66	31,70	27,23	1449,30
1120	11.07.2025 08:05:39	0,84	5,64	31,70	27,23	1449,30
1121	11.07.2025 08:05:40	0,84	5,62	31,70	27,23	1449,30
1122	11.07.2025 08:05:41	0,84	5,59	31,70	27,23	1449,29
1123	11.07.2025 08:05:42	0,84	5,59	31,74	27,26	1449,34
1124	11.07.2025 08:05:43	0,84	5,55	31,71	27,23	1449,29
1125	11.07.2025 08:05:44	0,84	5,53	31,71	27,23	1449,29
1126	11.07.2025 08:05:45	0,84	5,52	31,71	27,23	1449,28
1127	11.07.2025 08:05:46	0,84	5,50	31,71	27,23	1449,28
1128	11.07.2025 08:05:47	0,80	5,46	31,75	27,23	1449,15
1129	11.07.2025 08:05:48	0,84	5,45	31,71	27,23	1449,27
1130	11.07.2025 08:05:49	0,84	5,43	31,71	27,23	1449,27
1131	11.07.2025 08:05:50	0,84	5,41	31,74	27,26	1449,31
1132	11.07.2025 08:05:51	0,84	5,38	31,74	27,26	1449,31
1133	11.07.2025 08:05:52	0,84	5,36	31,77	27,29	1449,35
1134	11.07.2025 08:05:53	0,88	5,34	31,74	27,29	1449,47
1135	11.07.2025 08:05:54	0,88	5,31	31,77	27,32	1449,51
1136	11.07.2025 08:05:55	0,88	5,29	31,77	27,32	1449,51
1137	11.07.2025 08:05:56	0,88	5,27	31,74	27,29	1449,46
1138	11.07.2025 08:05:57	0,88	5,24	31,74	27,29	1449,46
1139	11.07.2025 08:05:58	0,88	5,22	31,74	27,29	1449,45
1140	11.07.2025 08:05:59	0,88	5,20	31,74	27,29	1449,45
1141	11.07.2025 08:06:00	0,88	5,17	31,74	27,29	1449,45
1142	11.07.2025 08:06:01	0,88	5,15	31,74	27,29	1449,44
1143	11.07.2025 08:06:02	0,88	5,13	31,74	27,29	1449,44
1144	11.07.2025 08:06:03	0,88	5,10	31,74	27,29	1449,44
1145	11.07.2025 08:06:04	0,92	5,08	31,70	27,29	1449,56
1146	11.07.2025 08:06:05	0,92	5,06	31,70	27,29	1449,56
1147	11.07.2025 08:06:06	0,88	5,03	31,74	27,29	1449,42
1148	11.07.2025 08:06:07	0,88	5,01	31,70	27,26	1449,38
1149	11.07.2025 08:06:08	0,88	4,99	31,70	27,26	1449,37
1150	11.07.2025 08:06:09	0,88	4,96	31,70	27,26	1449,37
1151	11.07.2025 08:06:10	0,88	4,94	31,70	27,26	1449,37
1152	11.07.2025 08:06:11	0,92	4,92	31,70	27,29	1449,53
1153	11.07.2025 08:06:12	0,92	4,89	31,73	27,32	1449,57
1154	11.07.2025 08:06:13	0,92	4,87	31,73	27,32	1449,57
1155	11.07.2025 08:06:14	0,92	4,85	31,73	27,32	1449,57
1156	11.07.2025 08:06:15	0,92	4,82	31,73	27,32	1449,56
1157	11.07.2025 08:06:16	0,96	4,79	31,73	27,34	1449,73
1158	11.07.2025 08:06:17	0,96	4,77	31,76	27,37	1449,77
1159	11.07.2025 08:06:18	0,96	4,73	31,73	27,34	1449,72
1160	11.07.2025 08:06:19	0,96	4,72	31,73	27,34	1449,72
1161	11.07.2025 08:06:20	1,00	4,68	31,69	27,34	1449,84
1162	11.07.2025 08:06:21	1,00	4,67	31,69	27,34	1449,84
1163	11.07.2025 08:06:22	1,00	4,65	31,73	27,37	1449,88
1164	11.07.2025 08:06:23	1,00	4,61	31,73	27,37	1449,87
1165	11.07.2025 08:06:24	1,00	4,60	31,73	27,37	1449,87
1166	11.07.2025 08:06:25	1,00	4,56	31,69	27,34	1449,82
1167	11.07.2025 08:06:26	1,00	4,53	31,69	27,34	1449,82
1168	11.07.2025 08:06:27	1,00	4,49	31,69	27,34	1449,81
1169	11.07.2025 08:06:28	1,00	4,46	31,69	27,34	1449,80
1170	11.07.2025 08:06:29	1,00	4,42	31,69	27,34	1449,80
1171	11.07.2025 08:06:30	1,04	4,41	31,72	27,40	1450,01
1172	11.07.2025 08:06:31	1,04	4,37	31,76	27,43	1450,05
1173	11.07.2025 08:06:32	1,04	4,34	31,76	27,43	1450,05
1174	11.07.2025 08:06:33	1,07	4,30	31,75	27,45	1450,21
1175	11.07.2025 08:06:34	1,07	4,27	31,79	27,48	1450,25
1176	11.07.2025 08:06:35	1,11	4,23	31,78	27,51	1450,42
1177	11.07.2025 08:06:36	1,11	4,20	31,78	27,51	1450,41
1178	11.07.2025 08:06:37	1,15	4,17	31,74	27,51	1450,53
1179	11.07.2025 08:06:38	1,15	4,13	31,74	27,51	1450,53
1180	11.07.2025 08:06:39	1,15	4,10	31,74	27,51	1450,52
1181	11.07.2025 08:06:40	1,15	4,06	31,74	27,51	1450,52
1182	11.07.2025 08:06:41	1,15	4,03	31,74	27,51	1450,51
1183	11.07.2025 08:06:42	1,19	3,99	31,71	27,51	1450,63
1184	11.07.2025 08:06:43	1,19	3,96	31,74	27,54	1450,67
1185	11.07.2025 08:06:44	1,19	3,92	31,74	27,54	1450,66
1186	11.07.2025 08:06:45	1,19	3,89	31,74	27,54	1450,66
1187	11.07.2025 08:06:46	1,23	3,87	31,74	27,56	1450,82
1188	11.07.2025 08:06:47	1,23	3,84	31,77	27,59	1450,86
1189	11.07.2025 08:06:48	1,27	3,79	31,77	27,62	1451,03
1190	11.07.2025 08:06:49	1,27	3,77	31,77	27,62	1451,02
1191	11.07.2025 08:06:50	1,31	3,74	31,73	27,62	1451,14
1192	11.07.2025 08:06:51	1,31	3,68	31,76	27,65	1451,18
1193	11.07.2025 08:06:52	1,31	3,67	31,76	27,65	1451,17
1194	11.07.2025 08:06:53	1,31	3,63	31,76	27,65	1451,17
1195	11.07.2025 08:06:54	1,35	3,58	31,72	27,65	1451,29
1196	11.07.2025 08:06:55	1,35	3,55	31,72	27,65	1451,28
1197	11.07.2025 08:06:56	1,35	3,53	31,72	27,65	1451,28
1198	11.07.2025 08:06:57	1,35	3,49	31,76	27,67	1451,32
1199	11.07.2025 08:06:58	1,35	3,46	31,72	27,65	1451,27
1200	11.07.2025 08:06:59	1,39	3,41	31,72	27,67	1451,43
1201	11.07.2025 08:07:00	1,39	3,37	31,75	27,70	1451,47
1202	11.07.2025 08:07:01	1,39	3,36	31,82	27,75	1451,55
1203	11.07.2025 08:07:02	1,42	3,34	31,85	27,81	1451,76
1204	11.07.2025 08:07:03	1,46	3,29	31,88	27,86	1451,97
1205	11.07.2025 08:07:04	1,50	3,26	31,91	27,92	1452,17
1206	11.07.2025 08:07:05	1,58	3,21	31,87	27,95	1452,45
1207	11.07.2025 08:07:06	1,62	3,19	31,86	27,97	1452,62
1208	11.07.2025 08:07:07	1,66	3,18	32,06	28,16	1453,05
1209	11.07.2025 08:07:08	1,73	3,15	32,19	28,32	1453,55
1210	11.07.2025 08:07:09	1,85	3,08	32,10	28,35	1453,94
1211	11.07.2025 08:07:10	1,93	3,05	32,06	28,38	1454,22
1212	11.07.2025 08:07:11	1,96	3,02	32,06	28,41	1454,38
1213	11.07.2025 08:07:12	2,00	2,95	32,02	28,41	1454,49
1214	11.07.2025 08:07:13	2,04	2,92	31,98	28,41	1454,60
1215	11.07.2025 08:07:14	2,08	2,87	31,95	28,41	1454,71
1216	11.07.2025 08:07:15	2,12	2,85	31,94	28,44	1454,87
1217	11.07.2025 08:07:16	2,12	2,80	31,94	28,44	1454,87
1218	11.07.2025 08:07:17	2,15	2,78	31,91	28,44	1454,98
1219	11.07.2025 08:07:18	2,19	2,73	31,87	28,44	1455,09
1220	11.07.2025 08:07:19	2,19	2,70	31,90	28,47	1455,13
1221	11.07.2025 08:07:20	2,23	2,65	31,87	28,47	1455,24
1222	11.07.2025 08:07:21	2,27	2,61	31,86	28,50	1455,40
1223	11.07.2025 08:07:22	2,27	2,56	32,03	28,63	1455,61
1224	11.07.2025 08:07:23	2,34	2,53	31,82	28,52	1455,66
1225	11.07.2025 08:07:24	2,34	2,48	31,82	28,53	1455,66
1226	11.07.2025 08:07:25	2,38	2,45	32,11	28,79	1456,20
1227	11.07.2025 08:07:26	2,46	2,47	32,63	29,28	1457,21
1228	11.07.2025 08:07:27	2,65	2,39	32,47	29,30	1457,82
1229	11.07.2025 08:07:28	2,80	2,33	32,39	29,36	1458,35
1230	11.07.2025 08:07:29	2,91	2,30	32,48	29,53	1458,94
1231	11.07.2025 08:07:30	3,02	2,25	32,43	29,58	1459,36
1232	11.07.2025 08:07:31	3,13	2,21	32,36	29,61	1459,73
1233	11.07.2025 08:07:32	3,21	2,16	32,35	29,67	1460,04
1234	11.07.2025 08:07:33	3,28	2,13	32,31	29,70	1460,30
1235	11.07.2025 08:07:34	3,36	2,09	32,53	29,94	1460,89
1236	11.07.2025 08:07:35	3,47	2,08	32,48	29,99	1461,31
1237	11.07.2025 08:07:36	3,58	2,04	32,47	30,08	1461,76
1238	11.07.2025 08:07:37	3,65	1,99	32,46	30,13	1462,05
1239	11.07.2025 08:07:38	3,73	1,94	32,43	30,16	1462,30
1240	11.07.2025 08:07:39	3,80	1,92	32,48	30,27	1462,68
1241	11.07.2025 08:07:40	3,91	1,89	32,47	30,35	1463,13
1242	11.07.2025 08:07:41	3,98	1,86	32,71	30,62	1463,75
1243	11.07.2025 08:07:42	4,09	1,83	32,70	30,70	1464,19
1244	11.07.2025 08:07:43	4,24	1,79	32,69	30,81	1464,77
1245	11.07.2025 08:07:44	4,35	1,76	32,68	30,90	1465,21
1246	11.07.2025 08:07:45	4,45	1,75	32,79	31,09	1465,80
1247	11.07.2025 08:07:46	4,56	1,72	32,81	31,20	1466,28
1248	11.07.2025 08:07:47	4,67	1,69	32,80	31,28	1466,70
1249	11.07.2025 08:07:48	4,78	1,68	32,82	31,39	1467,17
1250	11.07.2025 08:07:49	4,89	1,68	32,93	31,58	1467,76
1251	11.07.2025 08:07:50	4,99	1,67	32,74	31,50	1467,95
1252	11.07.2025 08:07:51	5,07	1,66	32,49	31,34	1467,92
1253	11.07.2025 08:07:52	5,14	1,64	32,33	31,27	1468,00
1254	11.07.2025 08:07:53	5,17	1,68	32,11	31,11	1467,88
1255	11.07.2025 08:07:54	5,17	1,66	31,96	30,97	1467,68
1256	11.07.2025 08:07:55	5,17	1,66	31,84	30,87	1467,52
1257	11.07.2025 08:07:56	5,14	1,69	31,87	30,87	1467,42
1258	11.07.2025 08:07:57	5,14	1,71	31,90	30,89	1467,47
1259	11.07.2025 08:07:58	5,14	1,71	31,87	30,87	1467,43
1260	11.07.2025 08:07:59	5,14	1,69	31,81	30,81	1467,35
1261	11.07.2025 08:08:00	5,14	1,71	31,78	30,78	1467,31
1262	11.07.2025 08:08:01	5,14	1,73	31,75	30,76	1467,27
1263	11.07.2025 08:08:02	5,14	1,75	31,69	30,70	1467,20
1264	11.07.2025 08:08:03	5,14	1,76	31,63	30,65	1467,12
1265	11.07.2025 08:08:04	5,14	1,78	31,57	30,60	1467,05
1266	11.07.2025 08:08:05	5,10	1,80	31,33	30,36	1466,59
1267	11.07.2025 08:08:06	5,07	1,81	31,30	30,30	1466,41
1268	11.07.2025 08:08:07	5,03	1,86	31,21	30,20	1466,16
1269	11.07.2025 08:08:08	4,99	1,90	31,21	30,17	1466,02
1270	11.07.2025 08:08:09	4,92	1,93	31,24	30,14	1465,77
1271	11.07.2025 08:08:10	4,92	1,98	31,21	30,11	1465,74
1272	11.07.2025 08:08:11	4,89	2,00	31,15	30,03	1465,52
1273	11.07.2025 08:08:12	4,85	2,01	31,18	30,03	1465,41
1274	11.07.2025 08:08:13	4,85	2,05	31,18	30,03	1465,42
1275	11.07.2025 08:08:14	4,82	2,03	31,22	30,03	1465,31
1276	11.07.2025 08:08:15	4,82	1,99	31,28	30,08	1465,38
1277	11.07.2025 08:08:16	4,82	1,96	31,34	30,14	1465,46
1278	11.07.2025 08:08:17	4,82	1,91	31,34	30,14	1465,45
1279	11.07.2025 08:08:18	4,85	1,86	31,61	30,40	1465,94
1280	11.07.2025 08:08:19	4,89	1,82	31,80	30,59	1466,32
1281	11.07.2025 08:08:20	4,99	1,76	31,88	30,75	1466,86
1282	11.07.2025 08:08:21	5,10	1,74	32,94	31,77	1468,66
1283	11.07.2025 08:08:22	5,35	1,76	33,31	32,31	1470,16
1284	11.07.2025 08:08:23	5,70	1,65	33,18	32,50	1471,41
1285	11.07.2025 08:08:24	6,02	1,55	33,10	32,70	1472,55
1286	11.07.2025 08:08:25	6,23	1,47	33,02	32,81	1473,27
1287	11.07.2025 08:08:26	6,44	1,39	32,91	32,90	1473,95
1288	11.07.2025 08:08:27	6,61	1,33	32,90	33,04	1474,61
1289	11.07.2025 08:08:28	6,78	1,30	33,36	33,60	1475,86
1290	11.07.2025 08:08:29	7,02	1,26	33,36	33,82	1476,80
1291	11.07.2025 08:08:30	7,26	1,18	33,34	34,02	1477,70
1292	11.07.2025 08:08:31	7,47	1,14	33,21	34,07	1478,31
1293	11.07.2025 08:08:32	7,67	1,10	33,17	34,21	1479,04
1294	11.07.2025 08:08:33	7,84	1,09	33,24	34,43	1479,77
1295	11.07.2025 08:08:34	8,01	1,05	33,26	34,60	1480,43
1296	11.07.2025 08:08:35	8,21	1,00	33,10	34,63	1480,99
1297	11.07.2025 08:08:36	8,38	0,98	33,12	34,79	1481,64
1298	11.07.2025 08:08:37	8,55	0,93	33,02	34,85	1482,15
1299	11.07.2025 08:08:38	8,71	0,89	32,90	34,88	1482,61
1300	11.07.2025 08:08:39	8,85	0,84	32,84	34,94	1483,02
1301	11.07.2025 08:08:40	8,98	0,78	32,91	35,13	1483,60
1302	11.07.2025 08:08:41	9,11	0,80	33,12	35,45	1484,36
1303	11.07.2025 08:08:42	9,34	0,74	32,95	35,49	1484,98
1304	11.07.2025 08:08:43	9,51	0,64	32,53	35,23	1485,05
1305	11.07.2025 08:08:44	9,57	0,59	32,50	35,26	1485,25
1306	11.07.2025 08:08:45	9,64	0,61	32,66	35,47	1485,69
1307	11.07.2025 08:08:46	9,77	0,60	33,09	36,01	1486,70
1308	11.07.2025 08:08:47	10,00	0,58	33,15	36,28	1487,61
1309	11.07.2025 08:08:48	10,32	0,46	32,84	36,26	1488,37
1310	11.07.2025 08:08:49	10,45	0,41	32,62	36,16	1488,56
1311	11.07.2025 08:08:50	10,55	0,39	32,67	36,30	1488,97
1312	11.07.2025 08:08:51	10,78	0,63	34,15	37,98	1491,63
1313	11.07.2025 08:08:52	11,22	0,37	33,44	37,68	1492,29
1314	11.07.2025 08:08:53	11,51	0,36	33,71	38,22	1493,62
1315	11.07.2025 08:08:54	11,73	0,13	33,31	38,01	1493,87
1316	11.07.2025 08:08:55	11,86	0,32	33,04	37,85	1494,01
1317	11.07.2025 08:08:56	12,05	0,20	33,39	38,39	1495,08
1318	11.07.2025 08:08:57	12,27	0,20	32,46	37,63	1494,70
1319	11.07.2025 08:08:58	12,34	0,22	33,25	38,51	1495,88
1320	11.07.2025 08:08:59	12,49	0,09	32,81	38,19	1495,86
1321	11.07.2025 08:09:00	12,59	0,09	32,76	38,22	1496,12
1322	11.07.2025 08:09:01	12,65	0,02	32,65	38,17	1496,19
1323	11.07.2025 08:09:02	12,74	0,08	33,26	38,89	1497,25
1324	11.07.2025 08:09:03	12,96	0,04	33,22	39,06	1497,94
1325	11.07.2025 08:09:04	13,18	-0,03	32,11	38,08	1497,32
1326	11.07.2025 08:09:05	13,21	-0,01	32,71	38,75	1498,15
1327	11.07.2025 08:09:06	13,34	-0,03	32,81	38,96	1498,68
1328	11.07.2025 08:09:07	13,49	0,00	32,85	39,15	1499,25
1329	11.07.2025 08:09:08	13,68	-0,01	32,97	39,45	1500,01
1330	11.07.2025 08:09:09	13,83	-0,12	32,77	39,38	1500,25
1331	11.07.2025 08:09:10	13,96	-0,10	32,49	39,20	1500,34
1332	11.07.2025 08:09:11	14,02	-0,08	32,57	39,33	1500,63
1333	11.07.2025 08:09:12	14,11	-0,08	32,64	39,49	1501,02
1334	11.07.2025 08:09:13	14,24	-0,10	32,54	39,50	1501,29
1335	11.07.2025 08:09:14	14,36	-0,10	32,44	39,50	1501,57
1336	11.07.2025 08:09:15	14,42	-0,14	32,26	39,37	1501,56
1337	11.07.2025 08:09:16	14,45	-0,15	31,95	39,05	1501,28
1338	11.07.2025 08:09:17	14,45	-0,10	31,87	38,97	1501,20
1339	11.07.2025 08:09:18	14,42	-0,10	32,07	39,15	1501,33
1340	11.07.2025 08:09:19	14,48	-0,07	32,09	39,24	1501,57
1341	11.07.2025 08:09:20	14,57	-0,07	32,02	39,24	1501,78
1342	11.07.2025 08:09:21	14,67	-0,08	32,09	39,40	1502,16
1343	11.07.2025 08:09:22	14,76	-0,05	32,07	39,46	1502,43
1344	11.07.2025 08:09:23	14,85	-0,08	31,78	39,22	1502,37
1345	11.07.2025 08:09:24	14,88	-0,07	31,97	39,46	1502,70
1346	11.07.2025 08:09:25	14,94	-0,08	31,70	39,22	1502,58
1347	11.07.2025 08:09:26	15,00	-0,07	31,87	39,46	1502,98
1348	11.07.2025 08:09:27	15,06	-0,10	31,63	39,25	1502,88
1349	11.07.2025 08:09:28	15,06	-0,08	31,58	39,20	1502,83
1350	11.07.2025 08:09:29	15,09	-0,08	31,56	39,20	1502,90
1351	11.07.2025 08:09:30	15,12	-0,05	31,63	39,31	1503,08
1352	11.07.2025 08:09:31	15,19	-0,03	31,58	39,31	1503,22
1353	11.07.2025 08:09:32	15,25	-0,10	31,63	39,42	1503,46
1354	11.07.2025 08:09:33	15,28	-0,05	31,66	39,47	1503,60
1355	11.07.2025 08:09:34	15,37	-0,08	31,42	39,29	1503,60
1356	11.07.2025 08:09:35	15,37	-0,08	31,51	39,39	1503,71
1357	11.07.2025 08:09:36	15,43	-0,10	31,09	38,97	1503,40
1358	11.07.2025 08:09:37	15,40	-0,07	31,37	39,26	1503,64
1359	11.07.2025 08:09:38	15,43	-0,08	31,30	39,21	1503,65
1360	11.07.2025 08:09:39	15,43	-0,05	31,54	39,48	1503,94
1361	11.07.2025 08:09:40	15,52	-0,03	31,49	39,50	1504,17
1362	11.07.2025 08:09:41	15,61	-0,05	31,44	39,53	1504,40
1363	11.07.2025 08:09:42	15,67	-0,05	31,37	39,51	1504,51
1364	11.07.2025 08:09:43	15,70	-0,07	31,35	39,51	1504,57
1365	11.07.2025 08:09:44	15,76	-0,07	31,28	39,48	1504,68
1366	11.07.2025 08:09:45	15,79	-0,07	31,26	39,48	1504,75
1367	11.07.2025 08:09:46	15,82	-0,03	31,14	39,38	1504,71
1368	11.07.2025 08:09:47	15,82	-0,05	31,18	39,43	1504,77
1369	11.07.2025 08:09:48	15,85	-0,05	30,86	39,09	1504,47
1370	11.07.2025 08:09:49	15,85	-0,03	31,11	39,38	1504,78
1371	11.07.2025 08:09:50	15,85	-0,01	31,11	39,38	1504,78
1372	11.07.2025 08:09:51	15,88	-0,03	31,11	39,41	1504,88
1373	11.07.2025 08:09:52	15,94	-0,03	31,09	39,44	1505,04
1374	11.07.2025 08:09:53	15,98	-0,03	31,14	39,52	1505,19
1375	11.07.2025 08:09:54	16,01	-0,05	31,02	39,41	1505,14
1376	11.07.2025 08:09:55	16,04	-0,05	31,07	39,49	1505,29
1377	11.07.2025 08:09:56	16,07	-0,03	31,05	39,49	1505,36
1378	11.07.2025 08:09:57	16,10	-0,05	31,00	39,47	1505,40
1379	11.07.2025 08:09:58	16,13	-0,05	30,98	39,47	1505,47
1380	11.07.2025 08:09:59	16,13	-0,05	31,02	39,52	1505,52
1381	11.07.2025 08:10:00	16,16	-0,05	31,00	39,52	1505,59
1382	11.07.2025 08:10:01	16,19	-0,01	31,00	39,55	1505,69
1383	11.07.2025 08:10:02	16,22	-0,03	30,98	39,55	1505,75
1384	11.07.2025 08:10:03	16,25	-0,03	30,84	39,42	1505,68
1385	11.07.2025 08:10:04	16,28	-0,03	30,86	39,47	1505,80
1386	11.07.2025 08:10:05	16,28	-0,03	30,91	39,52	1505,86
1387	11.07.2025 08:10:06	16,31	-0,03	30,89	39,52	1505,92
1388	11.07.2025 08:10:07	16,31	-0,03	30,86	39,50	1505,90
1389	11.07.2025 08:10:08	16,31	-0,03	30,86	39,50	1505,90
1390	11.07.2025 08:10:09	16,34	-0,03	30,82	39,47	1505,94
1391	11.07.2025 08:10:10	16,34	-0,03	30,87	39,53	1505,99
1392	11.07.2025 08:10:11	16,34	-0,03	30,87	39,53	1505,99
1393	11.07.2025 08:10:12	16,34	-0,03	30,87	39,53	1505,99
1394	11.07.2025 08:10:13	16,37	-0,05	30,84	39,53	1506,06
1395	11.07.2025 08:10:14	16,37	-0,05	30,84	39,53	1506,06
1396	11.07.2025 08:10:15	16,40	-0,03	30,80	39,50	1506,10
1397	11.07.2025 08:10:16	16,40	-0,03	30,82	39,53	1506,12
1398	11.07.2025 08:10:17	16,43	-0,07	30,70	39,42	1506,08
1399	11.07.2025 08:10:18	16,43	-0,05	30,75	39,47	1506,13
1400	11.07.2025 08:10:19	16,40	-0,01	30,80	39,50	1506,10
1401	11.07.2025 08:10:20	16,43	-0,03	30,77	39,50	1506,16
1402	11.07.2025 08:10:21	16,46	-0,03	30,75	39,50	1506,23
1403	11.07.2025 08:10:22	16,46	-0,03	30,75	39,50	1506,23
1404	11.07.2025 08:10:23	16,49	-0,05	30,75	39,53	1506,32
1405	11.07.2025 08:10:24	16,49	-0,05	30,73	39,50	1506,29
1406	11.07.2025 08:10:25	16,52	-0,05	30,73	39,53	1506,39
1407	11.07.2025 08:10:26	16,52	-0,05	30,71	39,50	1506,36
1408	11.07.2025 08:10:27	16,55	-0,07	30,66	39,48	1506,40
1409	11.07.2025 08:10:28	16,55	-0,07	30,59	39,40	1506,32
1410	11.07.2025 08:10:29	16,58	-0,05	23,49	31,06	1498,10
1411	11.07.2025 08:10:30	16,58	-0,05	25,07	32,94	1499,95
1412	11.07.2025 08:10:31	16,58	-0,05	24,89	32,73	1499,74
1413	11.07.2025 08:10:32	16,58	-0,07	3,06	4,71	1474,19
1414	11.07.2025 08:10:33	16,58	-0,05	0,25	0,43	1470,91
1415	11.07.2025 08:10:34	16,58	-0,07	0,30	0,52	1470,97
1416	11.07.2025 08:10:35	16,58	-0,05	0,44	0,74	1471,13
1417	11.07.2025 08:10:36	16,58	-0,07	0,44	0,74	1471,12
1418	11.07.2025 08:10:37	16,61	-0,07	0,45	0,77	1471,25
1419	11.07.2025 08:10:38	16,58	-0,07	0,45	0,77	1471,14
1420	11.07.2025 08:10:39	16,58	-0,05	0,56	0,93	1471,27
1421	11.07.2025 08:10:40	16,58	-0,07	0,56	0,93	1471,26
1422	11.07.2025 08:10:41	16,58	-0,05	0,61	1,02	1471,33
1423	11.07.2025 08:10:42	16,58	-0,05	0,62	1,05	1471,35
1424	11.07.2025 08:10:43	16,58	-0,05	0,33	0,57	1471,01
1425	11.07.2025 08:10:44	16,58	-0,05	0,15	0,27	1470,80
1426	11.07.2025 08:10:45	16,58	-0,05	0,14	0,24	1470,78
1427	11.07.2025 08:10:46	16,58	-0,07	0,12	0,21	1470,76
1428	11.07.2025 08:10:47	16,55	-0,07	0,11	0,18	1470,64
1429	11.07.2025 08:10:48	16,55	-0,07	0,11	0,18	1470,64
1430	11.07.2025 08:10:49	16,55	-0,07	0,09	0,16	1470,62
1431	11.07.2025 08:10:50	16,55	-0,07	0,09	0,16	1470,62
1432	11.07.2025 08:10:51	16,55	-0,07	0,09	0,16	1470,62
1433	11.07.2025 08:10:52	16,55	-0,07	0,07	0,13	1470,60
1434	11.07.2025 08:10:53	16,55	-0,05	0,07	0,13	1470,60
1435	11.07.2025 08:10:54	16,52	-0,05	0,07	0,13	1470,50
1436	11.07.2025 08:10:55	16,52	-0,07	0,06	0,10	1470,48
1437	11.07.2025 08:10:56	16,52	-0,07	0,06	0,10	1470,48
1438	11.07.2025 08:10:57	16,52	-0,05	0,06	0,10	1470,48
1439	11.07.2025 08:10:58	16,52	-0,05	0,04	0,07	1470,46
1440	11.07.2025 08:10:59	16,52	-0,05	0,03	0,05	1470,45
1441	11.07.2025 08:11:00	16,52	-0,07	0,01	0,00	1470,42
1442	11.07.2025 08:11:01	16,49	-0,05	0,01	0,00	1470,32
1443	11.07.2025 08:11:02	16,49	-0,05	0,01	0,00	1470,32
1444	11.07.2025 08:11:03	16,49	-0,05	0,01	0,00	1470,32
1445	11.07.2025 08:11:04	16,49	-0,05	0,01	0,00	1470,32
1446	11.07.2025 08:11:05	16,49	-0,05	0,01	0,00	1470,32
1447	11.07.2025 08:11:06	16,49	-0,07	0,01	0,00	1470,32
1448	11.07.2025 08:11:07	16,49	-0,07	0,01	0,00	1470,32
1449	11.07.2025 08:11:08	16,46	-0,07	0,01	0,00	1470,22
1450	11.07.2025 08:11:09	16,46	-0,07	0,01	0,00	1470,22
1451	11.07.2025 08:11:10	16,46	-0,07	0,01	0,00	1470,22
1452	11.07.2025 08:11:11	16,46	-0,07	0,01	0,00	1470,22
1453	11.07.2025 08:11:12	16,46	-0,05	0,01	0,00	1470,22
1454	11.07.2025 08:11:13	16,46	-0,05	0,01	0,00	1470,22
1455	11.07.2025 08:11:14	16,43	-0,07	0,01	0,00	1470,11
1456	11.07.2025 08:11:15	16,43	-0,05	0,01	0,00	1470,12
1457	11.07.2025 08:11:16	16,43	-0,05	0,01	0,00	1470,12
1458	11.07.2025 08:11:17	16,43	-0,05	0,01	0,00	1470,12
1459	11.07.2025 08:11:18	16,43	-0,05	0,01	0,00	1470,12
1460	11.07.2025 08:11:19	16,43	-0,05	0,01	0,00	1470,12
1461	11.07.2025 08:11:20	16,40	-0,05	0,01	0,00	1470,01
1462	11.07.2025 08:11:21	16,40	-0,07	0,01	0,00	1470,01
1463	11.07.2025 08:11:22	16,40	-0,05	0,01	0,00	1470,01
1464	11.07.2025 08:11:23	16,40	-0,07	0,01	0,00	1470,01
1465	11.07.2025 08:11:24	16,40	-0,05	0,01	0,00	1470,01
1466	11.07.2025 08:11:25	16,37	-0,05	0,01	0,00	1469,91
1467	11.07.2025 08:11:26	16,37	-0,05	0,01	0,00	1469,91
1468	11.07.2025 08:11:27	16,37	-0,07	0,01	0,00	1469,91
1469	11.07.2025 08:11:28	16,37	-0,05	0,01	0,00	1469,91
1470	11.07.2025 08:11:29	16,37	-0,03	0,01	0,00	1469,91
1471	11.07.2025 08:11:30	16,37	-0,05	0,01	0,00	1469,91
1472	11.07.2025 08:11:31	16,37	-0,05	0,01	0,00	1469,91
1473	11.07.2025 08:11:32	16,34	-0,05	0,01	0,00	1469,81
1474	11.07.2025 08:11:33	16,34	-0,05	0,01	0,00	1469,81
1475	11.07.2025 08:11:34	16,34	-0,05	0,01	0,00	1469,81
1476	11.07.2025 08:11:35	16,34	-0,05	0,01	0,00	1469,81
1477	11.07.2025 08:11:36	16,34	-0,05	0,01	0,00	1469,81
1478	11.07.2025 08:11:37	16,34	-0,05	0,01	0,00	1469,81
1479	11.07.2025 08:11:38	16,34	-0,05	0,01	0,00	1469,81
1480	11.07.2025 08:11:39	16,34	-0,05	0,01	0,00	1469,81
1481	11.07.2025 08:11:40	16,34	-0,05	0,01	0,00	1469,81
1482	11.07.2025 08:11:41	16,34	-0,05	0,01	0,00	1469,81
1483	11.07.2025 08:11:42	16,34	-0,05	0,01	0,00	1469,81
1484	11.07.2025 08:11:43	16,34	-0,05	0,01	0,00	1469,81
1485	11.07.2025 08:11:44	16,34	-0,05	0,01	0,00	1469,81
1486	11.07.2025 08:11:45	16,34	-0,05	0,01	0,00	1469,81
1487	11.07.2025 08:11:46	16,34	-0,05	0,01	0,00	1469,81
1488	11.07.2025 08:11:47	16,34	-0,05	0,01	0,00	1469,81
1489	11.07.2025 08:11:48	16,34	-0,05	0,01	0,00	1469,81
1490	11.07.2025 08:11:49	16,34	-0,03	0,01	0,00	1469,81
1491	11.07.2025 08:11:50	16,34	-0,05	0,01	0,00	1469,81
1492	11.07.2025 08:11:51	16,34	-0,05	0,01	0,00	1469,81
1493	11.07.2025 08:11:52	16,34	-0,05	0,01	0,00	1469,81
1494	11.07.2025 08:11:53	16,31	-0,05	0,01	0,00	1469,71
1495	11.07.2025 08:11:54	16,31	-0,03	0,01	0,00	1469,71
1496	11.07.2025 08:11:55	16,31	-0,07	0,01	0,00	1469,70
1497	11.07.2025 08:11:56	16,31	-0,05	0,01	0,00	1469,71
1498	11.07.2025 08:11:57	16,31	-0,05	0,01	0,00	1469,71
1499	11.07.2025 08:11:58	16,31	-0,05	0,01	0,00	1469,71
1500	11.07.2025 08:11:59	16,31	-0,03	0,01	0,00	1469,71
1501	11.07.2025 08:12:00	16,31	-0,05	0,01	0,00	1469,71
1502	11.07.2025 08:12:01	16,31	-0,05	0,01	0,00	1469,71
1503	11.07.2025 08:12:02	16,31	-0,05	0,01	0,00	1469,71
1504	11.07.2025 08:12:03	16,31	-0,05	0,01	0,00	1469,71
1505	11.07.2025 08:12:04	16,31	-0,05	0,01	0,00	1469,71
1506	11.07.2025 08:12:05	16,31	-0,05	0,01	0,00	1469,71
1507	11.07.2025 08:12:06	16,31	-0,05	0,01	0,00	1469,71
1508	11.07.2025 08:12:07	16,31	-0,05	0,01	0,00	1469,71
1509	11.07.2025 08:12:08	16,31	-0,03	0,01	0,00	1469,71
1510	11.07.2025 08:12:09	16,31	-0,05	0,01	0,00	1469,71
1511	11.07.2025 08:12:10	16,28	-0,05	0,01	0,00	1469,60
1512	11.07.2025 08:12:11	16,28	-0,05	0,01	0,00	1469,60
1513	11.07.2025 08:12:12	16,28	-0,05	0,01	0,00	1469,60
1514	11.07.2025 08:12:13	16,28	-0,03	0,01	0,00	1469,61
1515	11.07.2025 08:12:14	16,28	-0,05	0,01	0,00	1469,60
1516	11.07.2025 08:12:15	16,28	-0,07	0,01	0,00	1469,60
1517	11.07.2025 08:12:16	16,28	-0,05	0,01	0,00	1469,60
1518	11.07.2025 08:12:17	16,28	-0,05	0,01	0,00	1469,60
1519	11.07.2025 08:12:18	16,28	-0,05	0,01	0,00	1469,60
1520	11.07.2025 08:12:19	16,28	-0,03	0,01	0,00	1469,61
1521	11.07.2025 08:12:20	16,28	-0,05	0,01	0,00	1469,60
1522	11.07.2025 08:12:21	16,28	-0,05	0,01	0,00	1469,60
1523	11.07.2025 08:12:22	16,28	-0,05	0,01	0,00	1469,60
1524	11.07.2025 08:12:23	16,25	-0,05	0,01	0,00	1469,50
1525	11.07.2025 08:12:24	16,25	-0,05	0,01	0,00	1469,50
1526	11.07.2025 08:12:25	16,25	-0,05	0,01	0,00	1469,50
1527	11.07.2025 08:12:26	16,25	-0,05	0,01	0,00	1469,50
1528	11.07.2025 08:12:27	16,25	-0,05	0,01	0,00	1469,50
1529	11.07.2025 08:12:28	16,25	-0,05	0,01	0,00	1469,50
1530	11.07.2025 08:12:29	16,25	-0,05	0,01	0,00	1469,50
1531	11.07.2025 08:12:30	16,25	-0,05	0,01	0,00	1469,50
1532	11.07.2025 08:12:31	16,25	-0,05	0,01	0,00	1469,50
1533	11.07.2025 08:12:32	16,25	-0,05	0,01	0,00	1469,50
1534	11.07.2025 08:12:33	16,25	-0,05	0,01	0,00	1469,50
1535	11.07.2025 08:12:34	16,25	-0,05	0,01	0,00	1469,50
1536	11.07.2025 08:12:35	16,25	-0,07	0,01	0,00	1469,50
1537	11.07.2025 08:12:36	16,25	-0,05	0,01	0,00	1469,50
1538	11.07.2025 08:12:37	16,25	-0,03	0,01	0,00	1469,50
1539	11.07.2025 08:12:38	16,25	-0,05	0,01	0,00	1469,50
1540	11.07.2025 08:12:39	16,25	-0,05	0,01	0,00	1469,50
1541	11.07.2025 08:12:40	16,25	-0,03	0,01	0,00	1469,50
1542	11.07.2025 08:12:41	16,25	-0,05	0,01	0,00	1469,50
1543	11.07.2025 08:12:42	16,25	-0,05	0,01	0,00	1469,50
1544	11.07.2025 08:12:43	16,22	-0,05	0,01	0,00	1469,40
1545	11.07.2025 08:12:44	16,22	-0,05	0,01	0,00	1469,40
1546	11.07.2025 08:12:45	16,22	-0,05	0,01	0,00	1469,40
1547	11.07.2025 08:12:46	16,22	-0,05	0,01	0,00	1469,40
1548	11.07.2025 08:12:47	16,22	-0,05	0,01	0,00	1469,40
1549	11.07.2025 08:12:48	16,22	-0,03	0,01	0,00	1469,40
1550	11.07.2025 08:12:49	16,22	-0,03	0,01	0,00	1469,40
1551	11.07.2025 08:12:50	16,22	-0,05	0,01	0,00	1469,40
1552	11.07.2025 08:12:51	16,22	-0,03	0,01	0,00	1469,40
1553	11.07.2025 08:12:52	16,22	-0,05	0,01	0,00	1469,40
1554	11.07.2025 08:12:53	16,22	-0,05	0,01	0,00	1469,40
1555	11.07.2025 08:12:54	16,22	-0,05	0,01	0,00	1469,40
1556	11.07.2025 08:12:55	16,22	-0,05	0,01	0,00	1469,40
1557	11.07.2025 08:12:56	16,22	-0,05	0,01	0,00	1469,40
1558	11.07.2025 08:12:57	16,22	-0,05	0,01	0,00	1469,40
1559	11.07.2025 08:12:58	16,22	-0,05	0,01	0,00	1469,40
1560	11.07.2025 08:12:59	16,22	-0,05	0,01	0,00	1469,40
1561	11.07.2025 08:13:00	16,22	-0,05	0,01	0,00	1469,40
1562	11.07.2025 08:13:01	16,22	-0,03	0,01	0,00	1469,40
1563	11.07.2025 08:13:02	16,22	-0,05	0,01	0,00	1469,40
1564	11.07.2025 08:13:03	16,22	-0,05	0,01	0,00	1469,40
1565	11.07.2025 08:13:04	16,22	-0,03	0,01	0,00	1469,40
1566	11.07.2025 08:13:05	16,22	-0,05	0,01	0,00	1469,40
1567	11.07.2025 08:13:06	16,22	-0,05	0,01	0,00	1469,40
1568	11.07.2025 08:13:07	16,22	-0,05	0,01	0,00	1469,40
1569	11.07.2025 08:13:08	16,22	-0,03	0,01	0,00	1469,40
1570	11.07.2025 08:13:09	16,22	-0,05	0,01	0,00	1469,40
1571	11.07.2025 08:13:10	16,22	-0,05	0,01	0,00	1469,40
1572	11.07.2025 08:13:11	16,22	-0,03	0,01	0,00	1469,40
1573	11.07.2025 08:13:12	16,22	-0,03	0,01	0,00	1469,40
1574	11.07.2025 08:13:13	16,22	-0,05	0,01	0,00	1469,40
1575	11.07.2025 08:13:14	16,22	-0,05	0,01	0,00	1469,40
1576	11.07.2025 08:13:15	16,22	-0,05	0,01	0,00	1469,40
1577	11.07.2025 08:13:16	16,22	-0,03	0,01	0,00	1469,40
1578	11.07.2025 08:13:17	16,22	-0,05	0,01	0,00	1469,40
1579	11.07.2025 08:13:18	16,22	-0,05	0,01	0,00	1469,40
1580	11.07.2025 08:13:19	16,22	-0,05	0,01	0,00	1469,40
1581	11.07.2025 08:13:20	16,22	-0,05	0,01	0,00	1469,40
1582	11.07.2025 08:13:21	16,22	-0,03	0,01	0,00	1469,40
1583	11.07.2025 08:13:22	16,22	-0,05	0,01	0,00	1469,40
1584	11.07.2025 08:13:23	16,22	-0,05	0,01	0,00	1469,40
1585	11.07.2025 08:13:24	16,22	-0,05	0,01	0,00	1469,40
1586	11.07.2025 08:13:25	16,22	-0,05	0,01	0,00	1469,40
1587	11.07.2025 08:13:26	16,19	-0,05	0,01	0,00	1469,29
1588	11.07.2025 08:13:27	16,19	-0,05	0,01	0,00	1469,29
1589	11.07.2025 08:13:28	16,19	-0,05	0,01	0,00	1469,29
1590	11.07.2025 08:13:29	16,22	-0,05	0,01	0,00	1469,40
1591	11.07.2025 08:13:30	16,19	-0,03	0,01	0,00	1469,30
1592	11.07.2025 08:13:31	16,19	-0,05	0,01	0,00	1469,29
1593	11.07.2025 08:13:32	16,22	-0,05	0,01	0,00	1469,40
1594	11.07.2025 08:13:33	16,22	-0,05	0,01	0,00	1469,40
1595	11.07.2025 08:13:34	16,22	-0,05	0,01	0,00	1469,40
1596	11.07.2025 08:13:35	16,19	-0,05	0,01	0,00	1469,29
1597	11.07.2025 08:13:36	16,19	-0,03	0,01	0,00	1469,30
1598	11.07.2025 08:13:37	16,19	-0,05	0,01	0,00	1469,29
1599	11.07.2025 08:13:38	16,19	-0,05	0,01	0,00	1469,29
1600	11.07.2025 08:13:39	16,19	-0,05	0,01	0,00	1469,29
1601	11.07.2025 08:13:40	16,19	-0,03	0,01	0,00	1469,30
1602	11.07.2025 08:13:41	16,19	-0,03	0,01	0,00	1469,30
1603	11.07.2025 08:13:42	16,19	-0,05	0,01	0,00	1469,29
1604	11.07.2025 08:13:43	16,19	-0,05	0,01	0,00	1469,29
1605	11.07.2025 08:13:44	16,19	-0,03	0,01	0,00	1469,30
1606	11.07.2025 08:13:45	16,19	-0,05	0,01	0,00	1469,29
1607	11.07.2025 08:13:46	16,19	-0,03	0,01	0,00	1469,30
1608	11.07.2025 08:13:47	16,19	-0,03	0,01	0,00	1469,30
1609	11.07.2025 08:13:48	16,19	-0,03	0,01	0,00	1469,30
1610	11.07.2025 08:13:49	16,22	-0,03	0,01	0,00	1469,40
1611	11.07.2025 08:13:50	16,19	-0,03	0,01	0,00	1469,30
1612	11.07.2025 08:13:51	16,19	-0,05	0,01	0,00	1469,29
1613	11.07.2025 08:13:52	16,19	-0,05	0,01	0,00	1469,29
1614	11.07.2025 08:13:53	16,22	-0,05	0,01	0,00	1469,40
1615	11.07.2025 08:13:54	16,19	-0,05	0,01	0,00	1469,29
1616	11.07.2025 08:13:55	16,22	-0,07	0,01	0,00	1469,39
1617	11.07.2025 08:13:56	16,19	-0,05	0,01	0,00	1469,29
1618	11.07.2025 08:13:57	16,19	-0,05	0,01	0,00	1469,29
1619	11.07.2025 08:13:58	16,22	-0,05	0,01	0,00	1469,40
1620	11.07.2025 08:13:59	16,22	-0,05	0,01	0,00	1469,40
1621	11.07.2025 08:14:00	16,22	-0,05	0,01	0,00	1469,40
1622	11.07.2025 08:14:01	16,22	-0,05	0,01	0,00	1469,40
1623	11.07.2025 08:14:02	16,22	-0,05	0,01	0,00	1469,40
1624	11.07.2025 08:14:03	16,22	-0,05	0,01	0,00	1469,40
1625	11.07.2025 08:14:04	16,22	-0,03	0,01	0,00	1469,40
1626	11.07.2025 08:14:05	16,22	-0,05	0,01	0,00	1469,40
1627	11.07.2025 08:14:06	16,22	-0,05	0,01	0,00	1469,40
1628	11.07.2025 08:14:07	16,22	-0,03	0,01	0,00	1469,40
1629	11.07.2025 08:14:08	16,22	-0,05	0,01	0,00	1469,40
1630	11.07.2025 08:14:09	16,22	-0,05	0,01	0,00	1469,40
1631	11.07.2025 08:14:10	16,22	-0,05	0,01	0,00	1469,40
1632	11.07.2025 08:14:11	16,22	-0,05	0,01	0,00	1469,40
1633	11.07.2025 08:14:12	16,22	-0,05	0,01	0,00	1469,40
1634	11.07.2025 08:14:13	16,22	-0,05	0,01	0,00	1469,40
1635	11.07.2025 08:14:14	16,22	-0,05	0,01	0,00	1469,40
1636	11.07.2025 08:14:15	16,22	-0,05	0,01	0,00	1469,40
1637	11.07.2025 08:14:16	16,22	-0,05	0,01	0,00	1469,40
1638	11.07.2025 08:14:17	16,22	-0,05	0,01	0,00	1469,40
1639	11.07.2025 08:14:18	16,22	-0,03	0,01	0,00	1469,40
1640	11.07.2025 08:14:19	16,22	-0,05	0,01	0,00	1469,40
1641	11.07.2025 08:14:20	16,22	-0,05	0,01	0,00	1469,40
1642	11.07.2025 08:14:21	16,22	-0,05	0,01	0,00	1469,40
1643	11.07.2025 08:14:22	16,22	-0,05	0,01	0,00	1469,40
1644	11.07.2025 08:14:23	16,22	-0,05	0,01	0,00	1469,40
1645	11.07.2025 08:14:24	16,22	-0,05	0,01	0,00	1469,40
1646	11.07.2025 08:14:25	16,22	-0,05	0,01	0,00	1469,40
1647	11.07.2025 08:14:26	16,22	-0,05	0,01	0,00	1469,40
1648	11.07.2025 08:14:27	16,22	-0,03	0,01	0,00	1469,40
1649	11.07.2025 08:14:28	16,22	-0,05	0,01	0,00	1469,40
1650	11.07.2025 08:14:29	16,22	-0,05	0,01	0,00	1469,40
1651	11.07.2025 08:14:30	16,22	-0,05	0,01	0,00	1469,40
1652	11.07.2025 08:14:31	16,22	-0,05	0,01	0,00	1469,40
1653	11.07.2025 08:14:32	16,22	-0,05	0,01	0,00	1469,40
1654	11.07.2025 08:14:33	16,22	-0,05	0,01	0,00	1469,40
1655	11.07.2025 08:14:34	16,22	-0,05	0,01	0,00	1469,40
1656	11.07.2025 08:14:35	16,22	-0,03	0,01	0,00	1469,40
1657	11.07.2025 08:14:36	16,22	-0,05	0,01	0,00	1469,40
1658	11.07.2025 08:14:37	16,22	-0,03	0,01	0,00	1469,40
1659	11.07.2025 08:14:38	16,22	-0,05	0,01	0,00	1469,40
1660	11.07.2025 08:14:39	16,22	-0,05	0,01	0,00	1469,40
1661	11.07.2025 08:14:40	16,22	-0,05	0,01	0,00	1469,40
1662	11.07.2025 08:14:41	16,22	-0,05	0,01	0,00	1469,40
1663	11.07.2025 08:14:42	16,22	-0,05	0,01	0,00	1469,40
1664	11.07.2025 08:14:43	16,22	-0,03	0,01	0,00	1469,40
1665	11.07.2025 08:14:44	16,22	-0,07	0,01	0,00	1469,39
1666	11.07.2025 08:14:45	16,22	-0,05	0,01	0,00	1469,40
1667	11.07.2025 08:14:46	16,22	-0,03	0,01	0,00	1469,40
1668	11.07.2025 08:14:47	16,22	-0,05	0,01	0,00	1469,40
1669	11.07.2025 08:14:48	16,22	-0,05	0,01	0,00	1469,40
1670	11.07.2025 08:14:49	16,22	-0,05	0,01	0,00	1469,40
1671	11.07.2025 08:14:50	16,22	-0,05	0,01	0,00	1469,40
1672	11.07.2025 08:14:51	16,22	-0,05	0,01	0,00	1469,40
1673	11.07.2025 08:14:52	16,25	-0,05	0,01	0,00	1469,50
1674	11.07.2025 08:14:53	16,25	-0,05	0,01	0,00	1469,50
1675	11.07.2025 08:14:54	16,22	-0,05	0,01	0,00	1469,40
1676	11.07.2025 08:14:55	16,25	-0,05	0,01	0,00	1469,50
1677	11.07.2025 08:14:56	16,22	-0,03	0,01	0,00	1469,40
1678	11.07.2025 08:14:57	16,25	-0,05	0,01	0,00	1469,50
1679	11.07.2025 08:14:58	16,25	-0,05	0,01	0,00	1469,50
1680	11.07.2025 08:14:59	16,25	-0,05	0,01	0,00	1469,50
1681	11.07.2025 08:15:00	16,25	-0,05	0,01	0,00	1469,50
1682	11.07.2025 08:15:01	16,25	-0,05	0,01	0,00	1469,50
1683	11.07.2025 08:15:02	16,25	-0,05	0,01	0,00	1469,50
1684	11.07.2025 08:15:03	16,25	-0,05	0,01	0,00	1469,50
1685	11.07.2025 08:15:04	16,25	-0,05	0,01	0,00	1469,50
1686	11.07.2025 08:15:05	16,25	-0,05	0,01	0,00	1469,50
1687	11.07.2025 08:15:06	16,25	-0,05	0,01	0,00	1469,50
1688	11.07.2025 08:15:07	16,25	-0,05	0,01	0,00	1469,50
1689	11.07.2025 08:15:08	16,25	-0,05	0,01	0,00	1469,50
1690	11.07.2025 08:15:09	16,25	-0,05	0,01	0,00	1469,50
1691	11.07.2025 08:15:10	16,25	-0,05	0,01	0,00	1469,50
1692	11.07.2025 08:15:11	16,25	-0,03	0,01	0,00	1469,50
1693	11.07.2025 08:15:12	16,25	-0,05	0,01	0,00	1469,50
1694	11.07.2025 08:15:13	16,25	-0,07	0,01	0,00	1469,50
1695	11.07.2025 08:15:14	16,25	-0,05	0,01	0,00	1469,50
1696	11.07.2025 08:15:15	16,25	-0,05	0,01	0,00	1469,50
1697	11.07.2025 08:15:16	16,25	-0,05	0,01	0,00	1469,50
1698	11.07.2025 08:15:17	16,25	-0,05	0,01	0,00	1469,50
1699	11.07.2025 08:15:18	16,25	-0,05	0,01	0,00	1469,50
1700	11.07.2025 08:15:19	16,25	-0,05	0,01	0,00	1469,50
1701	11.07.2025 08:15:20	16,25	-0,07	0,01	0,00	1469,50
1702	11.07.2025 08:15:21	16,25	-0,03	0,01	0,00	1469,50
1703	11.07.2025 08:15:22	16,25	-0,05	0,01	0,00	1469,50
1704	11.07.2025 08:15:23	16,25	-0,05	0,01	0,00	1469,50
1705	11.07.2025 08:15:24	16,25	-0,05	0,01	0,00	1469,50
1706	11.07.2025 08:15:25	16,25	-0,05	0,01	0,00	1469,50
1707	11.07.2025 08:15:26	16,28	-0,07	0,01	0,00	1469,60
1708	11.07.2025 08:15:27	16,28	-0,05	0,01	0,00	1469,60
1709	11.07.2025 08:15:28	16,28	-0,05	0,01	0,00	1469,60
1710	11.07.2025 08:15:29	16,28	-0,05	0,01	0,00	1469,60
1711	11.07.2025 08:15:30	16,28	-0,05	0,01	0,00	1469,60
1712	11.07.2025 08:15:31	16,28	-0,05	0,01	0,00	1469,60
1713	11.07.2025 08:15:32	16,28	-0,05	0,01	0,00	1469,60
1714	11.07.2025 08:15:33	16,28	-0,03	0,01	0,00	1469,61
1715	11.07.2025 08:15:34	16,28	-0,07	0,01	0,00	1469,60
1716	11.07.2025 08:15:35	16,28	-0,07	0,01	0,00	1469,60
1717	11.07.2025 08:15:36	16,28	-0,05	0,01	0,00	1469,60
1718	11.07.2025 08:15:37	16,28	-0,07	0,01	0,00	1469,60
1719	11.07.2025 08:15:38	16,28	-0,05	0,01	0,00	1469,60
1720	11.07.2025 08:15:39	16,28	-0,05	0,01	0,00	1469,60
1721	11.07.2025 08:15:40	16,28	-0,05	0,01	0,00	1469,60
1722	11.07.2025 08:15:41	16,28	-0,05	0,01	0,00	1469,60
1723	11.07.2025 08:15:42	16,28	-0,05	0,01	0,00	1469,60
1724	11.07.2025 08:15:43	16,28	-0,05	0,01	0,00	1469,60
1725	11.07.2025 08:15:44	16,28	-0,05	0,01	0,00	1469,60
1726	11.07.2025 08:15:45	16,28	-0,03	0,01	0,00	1469,61
1727	11.07.2025 08:15:46	16,28	-0,05	0,01	0,00	1469,60
1728	11.07.2025 08:15:47	16,28	-0,05	0,01	0,00	1469,60
1729	11.07.2025 08:15:48	16,28	-0,07	0,01	0,00	1469,60
1730	11.07.2025 08:15:49	16,28	-0,05	0,01	0,00	1469,60
1731	11.07.2025 08:15:50	16,28	-0,03	0,01	0,00	1469,61
1732	11.07.2025 08:15:51	16,28	-0,05	0,01	0,00	1469,60
1733	11.07.2025 08:15:52	16,28	-0,05	0,01	0,00	1469,60
1734	11.07.2025 08:15:53	16,28	-0,05	0,01	0,00	1469,60
1735	11.07.2025 08:15:54	16,28	-0,05	0,01	0,00	1469,60
1736	11.07.2025 08:15:55	16,31	-0,05	0,01	0,00	1469,71
1737	11.07.2025 08:15:56	16,28	-0,05	0,01	0,00	1469,60
1738	11.07.2025 08:15:57	16,31	-0,05	0,01	0,00	1469,71
1739	11.07.2025 08:15:58	16,31	-0,05	0,01	0,00	1469,71
1740	11.07.2025 08:15:59	16,31	-0,07	0,01	0,00	1469,70
1741	11.07.2025 08:16:00	16,31	-0,07	0,01	0,00	1469,70
1742	11.07.2025 08:16:01	16,31	-0,05	0,01	0,00	1469,71
1743	11.07.2025 08:16:02	16,31	-0,05	0,01	0,00	1469,71
1744	11.07.2025 08:16:03	16,31	-0,05	0,01	0,00	1469,71
1745	11.07.2025 08:16:04	16,31	-0,05	0,01	0,00	1469,71
1746	11.07.2025 08:16:05	16,31	-0,05	0,01	0,00	1469,71
1747	11.07.2025 08:16:06	16,31	-0,05	0,01	0,00	1469,71
1748	11.07.2025 08:16:07	16,31	-0,05	0,01	0,00	1469,71
1749	11.07.2025 08:16:08	16,31	-0,05	0,01	0,00	1469,71
1750	11.07.2025 08:16:09	16,31	-0,05	0,01	0,00	1469,71
1751	11.07.2025 08:16:10	16,31	-0,05	0,01	0,00	1469,71
1752	11.07.2025 08:16:11	16,31	-0,05	0,01	0,00	1469,71
1753	11.07.2025 08:16:12	16,31	-0,07	0,01	0,00	1469,70
1754	11.07.2025 08:16:13	16,31	-0,07	0,01	0,00	1469,70
1755	11.07.2025 08:16:14	16,31	-0,07	0,01	0,00	1469,70
1756	11.07.2025 08:16:15	16,31	-0,07	0,01	0,00	1469,70
1757	11.07.2025 08:16:16	16,31	-0,05	0,01	0,00	1469,71
1758	11.07.2025 08:16:17	16,31	-0,05	0,01	0,00	1469,71
1759	11.07.2025 08:16:18	16,31	-0,07	0,01	0,00	1469,70
1760	11.07.2025 08:16:19	16,31	-0,07	0,01	0,00	1469,70
1761	11.07.2025 08:16:20	16,31	-0,05	0,01	0,00	1469,71
1762	11.07.2025 08:16:21	16,31	-0,05	0,01	0,00	1469,71
1763	11.07.2025 08:16:22	16,31	-0,07	0,01	0,00	1469,70
1764	11.07.2025 08:16:23	16,31	-0,05	0,01	0,00	1469,71
1765	11.07.2025 08:16:24	16,31	-0,05	0,01	0,00	1469,71
1766	11.07.2025 08:16:25	16,31	-0,05	0,01	0,00	1469,71
1767	11.07.2025 08:16:26	16,31	-0,07	0,01	0,00	1469,70
1768	11.07.2025 08:16:27	16,31	-0,05	0,01	0,00	1469,71
1769	11.07.2025 08:16:28	16,31	-0,05	0,01	0,00	1469,71
1770	11.07.2025 08:16:29	16,31	-0,07	0,01	0,00	1469,70
1771	11.07.2025 08:16:30	16,31	-0,07	0,01	0,00	1469,70
1772	11.07.2025 08:16:31	16,31	-0,05	0,01	0,00	1469,71
1773	11.07.2025 08:16:32	16,34	-0,05	0,01	0,00	1469,81
1774	11.07.2025 08:16:33	16,31	-0,05	0,01	0,00	1469,71
1775	11.07.2025 08:16:34	16,31	-0,05	0,01	0,00	1469,71
1776	11.07.2025 08:16:35	16,34	-0,05	0,01	0,00	1469,81
1777	11.07.2025 08:16:36	16,34	-0,07	0,01	0,00	1469,81
1778	11.07.2025 08:16:37	16,34	-0,05	0,01	0,00	1469,81
1779	11.07.2025 08:16:38	16,34	-0,05	0,01	0,00	1469,81
1780	11.07.2025 08:16:39	16,34	-0,05	0,01	0,00	1469,81
1781	11.07.2025 08:16:40	16,34	-0,05	0,01	0,00	1469,81
1782	11.07.2025 08:16:41	16,34	-0,05	0,01	0,00	1469,81
1783	11.07.2025 08:16:42	16,34	-0,05	0,01	0,00	1469,81
1784	11.07.2025 08:16:43	16,34	-0,05	0,01	0,00	1469,81
1785	11.07.2025 08:16:44	16,34	-0,05	0,01	0,00	1469,81
1786	11.07.2025 08:16:45	16,34	-0,05	0,01	0,00	1469,81
1787	11.07.2025 08:16:46	16,34	-0,05	0,01	0,00	1469,81
1788	11.07.2025 08:16:47	16,34	-0,05	0,01	0,00	1469,81
1789	11.07.2025 08:16:48	16,34	-0,07	0,01	0,00	1469,81
1790	11.07.2025 08:16:49	16,34	-0,05	0,01	0,00	1469,81
1791	11.07.2025 08:16:50	16,34	-0,05	0,01	0,00	1469,81
1792	11.07.2025 08:16:51	16,34	-0,05	0,01	0,00	1469,81
1793	11.07.2025 08:16:52	16,34	-0,05	0,01	0,00	1469,81
1794	11.07.2025 08:16:53	16,34	-0,05	0,01	0,00	1469,81
1795	11.07.2025 08:16:54	16,34	-0,05	0,01	0,00	1469,81
1796	11.07.2025 08:16:55	16,34	-0,05	0,01	0,00	1469,81
1797	11.07.2025 08:16:56	16,34	-0,05	0,01	0,00	1469,81
1798	11.07.2025 08:16:57	16,34	-0,05	0,01	0,00	1469,81
1799	11.07.2025 08:16:58	16,34	-0,05	0,01	0,00	1469,81
1800	11.07.2025 08:16:59	16,34	-0,05	0,01	0,00	1469,81
1801	11.07.2025 08:17:00	16,34	-0,05	0,01	0,00	1469,81
1802	11.07.2025 08:17:01	16,34	-0,05	0,01	0,00	1469,81
1803	11.07.2025 08:17:02	16,34	-0,05	0,01	0,00	1469,81
1804	11.07.2025 08:17:03	16,34	-0,05	0,01	0,00	1469,81
1805	11.07.2025 08:17:04	16,34	-0,05	0,01	0,00	1469,81
1806	11.07.2025 08:17:05	16,34	-0,05	0,01	0,00	1469,81
1807	11.07.2025 08:17:06	16,34	-0,07	0,01	0,00	1469,81
1808	11.07.2025 08:17:07	16,34	-0,05	0,01	0,00	1469,81
1809	11.07.2025 08:17:08	16,34	-0,05	0,01	0,00	1469,81
1810	11.07.2025 08:17:09	16,34	-0,05	0,01	0,00	1469,81
1811	11.07.2025 08:17:10	16,34	-0,05	0,01	0,00	1469,81
1812	11.07.2025 08:17:11	16,34	-0,05	0,01	0,00	1469,81
1813	11.07.2025 08:17:12	16,34	-0,05	0,01	0,00	1469,81
1814	11.07.2025 08:17:13	16,34	-0,05	0,01	0,00	1469,81
1815	11.07.2025 08:17:14	16,34	-0,05	0,01	0,00	1469,81
1816	11.07.2025 08:17:15	16,34	-0,05	0,01	0,00	1469,81
1817	11.07.2025 08:17:16	16,34	-0,07	0,01	0,00	1469,81
1818	11.07.2025 08:17:17	16,34	-0,07	0,01	0,00	1469,81
1819	11.07.2025 08:17:18	16,34	-0,05	0,01	0,00	1469,81
1820	11.07.2025 08:17:19	16,34	-0,07	0,01	0,00	1469,81
1821	11.07.2025 08:17:20	16,34	-0,05	0,01	0,00	1469,81
1822	11.07.2025 08:17:21	16,34	-0,07	0,01	0,00	1469,81
1823	11.07.2025 08:17:22	16,34	-0,05	0,01	0,00	1469,81
1824	11.07.2025 08:17:23	16,34	-0,05	0,01	0,00	1469,81
1825	11.07.2025 08:17:24	16,34	-0,05	0,01	0,00	1469,81
1826	11.07.2025 08:17:25	16,34	-0,05	0,01	0,00	1469,81
1827	11.07.2025 08:17:26	16,34	-0,05	0,01	0,00	1469,81
1828	11.07.2025 08:17:27	16,34	-0,07	0,01	0,00	1469,81
1829	11.07.2025 08:17:28	16,34	-0,07	0,01	0,00	1469,81
1830	11.07.2025 08:17:29	16,34	-0,05	0,01	0,00	1469,81
1831	11.07.2025 08:17:30	16,34	-0,05	0,01	0,00	1469,81
1832	11.07.2025 08:17:31	16,34	-0,05	0,01	0,00	1469,81
1833	11.07.2025 08:17:32	16,34	-0,07	0,01	0,00	1469,81
1834	11.07.2025 08:17:33	16,34	-0,05	0,01	0,00	1469,81
1835	11.07.2025 08:17:34	16,37	-0,07	0,01	0,00	1469,91
1836	11.07.2025 08:17:35	16,37	-0,05	0,01	0,00	1469,91
1837	11.07.2025 08:17:36	16,34	-0,05	0,01	0,00	1469,81
1838	11.07.2025 08:17:37	16,37	-0,05	0,01	0,00	1469,91
1839	11.07.2025 08:17:38	16,37	-0,05	0,01	0,00	1469,91
1840	11.07.2025 08:17:39	16,37	-0,07	0,01	0,00	1469,91
1841	11.07.2025 08:17:40	16,37	-0,05	0,01	0,00	1469,91
1842	11.07.2025 08:17:41	16,37	-0,07	0,01	0,00	1469,91
1843	11.07.2025 08:17:42	16,37	-0,07	0,01	0,00	1469,91
1844	11.07.2025 08:17:43	16,37	-0,07	0,01	0,00	1469,91
1845	11.07.2025 08:17:44	16,37	-0,07	0,01	0,00	1469,91
1846	11.07.2025 08:17:45	16,37	-0,05	0,01	0,00	1469,91
1847	11.07.2025 08:17:46	16,37	-0,05	0,01	0,00	1469,91
1848	11.07.2025 08:17:47	16,37	-0,05	0,01	0,00	1469,91
1849	11.07.2025 08:17:48	16,37	-0,05	0,01	0,00	1469,91
1850	11.07.2025 08:17:49	16,37	-0,05	0,01	0,00	1469,91
1851	11.07.2025 08:17:50	16,37	-0,05	0,01	0,00	1469,91
1852	11.07.2025 08:17:51	16,37	-0,05	0,01	0,00	1469,91
1853	11.07.2025 08:17:52	16,37	-0,05	0,01	0,00	1469,91
1854	11.07.2025 08:17:53	16,37	-0,05	0,01	0,00	1469,91
1855	11.07.2025 08:17:54	16,37	-0,05	0,01	0,00	1469,91
1856	11.07.2025 08:17:55	16,37	-0,07	0,01	0,00	1469,91
1857	11.07.2025 08:17:56	16,37	-0,05	0,01	0,00	1469,91
1858	11.07.2025 08:17:57	16,40	-0,05	0,01	0,00	1470,01
1859	11.07.2025 08:17:58	16,40	-0,07	0,01	0,00	1470,01
1860	11.07.2025 08:17:59	16,40	-0,07	0,01	0,00	1470,01
1861	11.07.2025 08:18:00	16,40	-0,07	0,01	0,00	1470,01
1862	11.07.2025 08:18:01	16,40	-0,07	0,01	0,00	1470,01
1863	11.07.2025 08:18:02	16,40	-0,07	0,01	0,00	1470,01
1864	11.07.2025 08:18:03	16,40	-0,05	0,01	0,00	1470,01
1865	11.07.2025 08:18:04	16,40	-0,05	0,01	0,00	1470,01
1866	11.07.2025 08:18:05	16,40	-0,07	0,01	0,00	1470,01
1867	11.07.2025 08:18:06	16,40	-0,07	0,01	0,00	1470,01
1868	11.07.2025 08:18:07	16,40	-0,05	0,01	0,00	1470,01
1869	11.07.2025 08:18:08	16,40	-0,07	0,01	0,00	1470,01
1870	11.07.2025 08:18:09	16,40	-0,07	0,01	0,00	1470,01
1871	11.07.2025 08:18:10	16,40	-0,05	0,01	0,00	1470,01
1872	11.07.2025 08:18:11	16,40	-0,05	0,01	0,00	1470,01
1873	11.07.2025 08:18:12	16,40	-0,07	0,01	0,00	1470,01
1874	11.07.2025 08:18:13	16,40	-0,07	0,01	0,00	1470,01
1875	11.07.2025 08:18:14	16,40	-0,07	0,01	0,00	1470,01
1876	11.07.2025 08:18:15	16,40	-0,07	0,01	0,00	1470,01
1877	11.07.2025 08:18:16	16,40	-0,07	0,01	0,00	1470,01
1878	11.07.2025 08:18:17	16,43	-0,05	0,01	0,00	1470,12
1879	11.07.2025 08:18:18	16,43	-0,05	0,01	0,00	1470,12
1880	11.07.2025 08:18:19	16,43	-0,07	0,01	0,00	1470,11
1881	11.07.2025 08:18:20	16,43	-0,05	0,01	0,00	1470,12
1882	11.07.2025 08:18:21	16,43	-0,05	0,01	0,00	1470,12
1883	11.07.2025 08:18:22	16,43	-0,07	0,01	0,00	1470,11
1884	11.07.2025 08:18:23	16,43	-0,07	0,01	0,00	1470,11
1885	11.07.2025 08:18:24	16,43	-0,07	0,01	0,00	1470,11
1886	11.07.2025 08:18:25	16,43	-0,05	0,01	0,00	1470,12
1887	11.07.2025 08:18:26	16,43	-0,05	0,01	0,00	1470,12
1888	11.07.2025 08:18:27	16,43	-0,05	0,01	0,00	1470,12
1889	11.07.2025 08:18:28	16,43	-0,05	0,01	0,00	1470,12
1890	11.07.2025 08:18:29	16,43	-0,07	0,01	0,00	1470,11
1891	11.07.2025 08:18:30	16,43	-0,05	0,01	0,00	1470,12
1892	11.07.2025 08:18:31	16,43	-0,07	0,01	0,00	1470,11
1893	11.07.2025 08:18:32	16,43	-0,07	0,01	0,00	1470,11
1894	11.07.2025 08:18:33	16,43	-0,05	0,01	0,00	1470,12
1895	11.07.2025 08:18:34	16,43	-0,07	0,01	0,00	1470,11
1896	11.07.2025 08:18:35	16,43	-0,05	0,01	0,00	1470,12
1897	11.07.2025 08:18:36	16,46	-0,07	0,01	0,00	1470,22
1898	11.07.2025 08:18:37	16,46	-0,05	0,01	0,00	1470,22
1899	11.07.2025 08:18:38	16,46	-0,07	0,01	0,00	1470,22
1900	11.07.2025 08:18:39	16,46	-0,07	0,01	0,00	1470,22
1901	11.07.2025 08:18:40	16,46	-0,07	0,01	0,00	1470,22
1902	11.07.2025 08:18:41	16,46	-0,07	0,01	0,00	1470,22
1903	11.07.2025 08:18:42	16,46	-0,07	0,01	0,00	1470,22
1904	11.07.2025 08:18:43	16,46	-0,05	0,01	0,00	1470,22
1905	11.07.2025 08:18:44	16,46	-0,05	0,01	0,00	1470,22
1906	11.07.2025 08:18:45	16,46	-0,07	0,01	0,00	1470,22
1907	11.07.2025 08:18:46	16,46	-0,05	0,01	0,00	1470,22
1908	11.07.2025 08:18:47	16,46	-0,07	0,01	0,00	1470,22
1909	11.07.2025 08:18:48	16,46	-0,05	0,01	0,00	1470,22
1910	11.07.2025 08:18:49	16,46	-0,07	0,01	0,00	1470,22
1911	11.07.2025 08:18:50	16,46	-0,07	0,01	0,00	1470,22
1912	11.07.2025 08:18:51	16,46	-0,07	0,01	0,00	1470,22
1913	11.07.2025 08:18:52	16,46	-0,05	0,01	0,00	1470,22
1914	11.07.2025 08:18:53	16,46	-0,07	0,01	0,00	1470,22
1915	11.07.2025 08:18:54	16,46	-0,05	0,01	0,00	1470,22
1916	11.07.2025 08:18:55	16,46	-0,05	0,01	0,00	1470,22
1917	11.07.2025 08:18:56	16,46	-0,05	0,01	0,00	1470,22
1918	11.07.2025 08:18:57	16,46	-0,05	0,01	0,00	1470,22
1919	11.07.2025 08:18:58	16,46	-0,05	0,01	0,00	1470,22
1920	11.07.2025 08:18:59	16,49	-0,07	0,01	0,00	1470,32
1921	11.07.2025 08:19:00	16,49	-0,07	0,01	0,00	1470,32
1922	11.07.2025 08:19:01	16,49	-0,05	0,01	0,00	1470,32
1923	11.07.2025 08:19:02	16,49	-0,07	0,01	0,00	1470,32
1924	11.07.2025 08:19:03	16,49	-0,07	0,01	0,00	1470,32
1925	11.07.2025 08:19:04	16,49	-0,05	0,01	0,00	1470,32
1926	11.07.2025 08:19:05	16,49	-0,07	0,01	0,00	1470,32
1927	11.07.2025 08:19:06	16,49	-0,07	0,01	0,00	1470,32
1928	11.07.2025 08:19:07	16,49	-0,07	0,01	0,00	1470,32
1929	11.07.2025 08:19:08	16,49	-0,07	0,01	0,00	1470,32
1930	11.07.2025 08:19:09	16,49	-0,05	0,01	0,00	1470,32
1931	11.07.2025 08:19:10	16,49	-0,07	0,01	0,00	1470,32
1932	11.07.2025 08:19:11	16,49	-0,07	0,01	0,00	1470,32
1933	11.07.2025 08:19:12	16,49	-0,07	0,01	0,00	1470,32
1934	11.07.2025 08:19:13	16,49	-0,07	0,01	0,00	1470,32
1935	11.07.2025 08:19:14	16,49	-0,07	0,01	0,00	1470,32
1936	11.07.2025 08:19:15	16,49	-0,07	0,01	0,00	1470,32
1937	11.07.2025 08:19:16	16,49	-0,07	0,01	0,00	1470,32
1938	11.07.2025 08:19:17	16,49	-0,07	0,01	0,00	1470,32
1939	11.07.2025 08:19:18	16,49	-0,05	0,01	0,00	1470,32
1940	11.07.2025 08:19:19	16,49	-0,07	0,01	0,00	1470,32
1941	11.07.2025 08:19:20	16,49	-0,07	0,01	0,00	1470,32
1942	11.07.2025 08:19:21	16,52	-0,07	0,01	0,00	1470,42
1943	11.07.2025 08:19:22	16,52	-0,07	0,01	0,00	1470,42
1944	11.07.2025 08:19:23	16,52	-0,07	0,01	0,00	1470,42
1945	11.07.2025 08:19:24	16,52	-0,07	0,01	0,00	1470,42
1946	11.07.2025 08:19:25	16,52	-0,07	0,01	0,00	1470,42
1947	11.07.2025 08:19:26	16,52	-0,07	0,01	0,00	1470,42
1948	11.07.2025 08:19:27	16,52	-0,07	0,01	0,00	1470,42
1949	11.07.2025 08:19:28	16,52	-0,07	0,01	0,00	1470,42
1950	11.07.2025 08:19:29	16,52	-0,07	0,01	0,00	1470,42
1951	11.07.2025 08:19:30	16,52	-0,07	0,01	0,00	1470,42
1952	11.07.2025 08:19:31	16,52	-0,07	0,01	0,00	1470,42
1953	11.07.2025 08:19:32	16,52	-0,07	0,01	0,00	1470,42
1954	11.07.2025 08:19:33	16,52	-0,07	0,01	0,00	1470,42
1955	11.07.2025 08:19:34	16,52	-0,07	0,01	0,00	1470,42
1956	11.07.2025 08:19:35	16,52	-0,07	0,01	0,00	1470,42
1957	11.07.2025 08:19:36	16,52	-0,07	0,01	0,00	1470,42
1958	11.07.2025 08:19:37	16,52	-0,05	0,01	0,00	1470,42
1959	11.07.2025 08:19:38	16,52	-0,07	0,01	0,00	1470,42
1960	11.07.2025 08:19:39	16,52	-0,07	0,01	0,00	1470,42
1961	11.07.2025 08:19:40	16,52	-0,05	0,01	0,00	1470,42
1962	11.07.2025 08:19:41	16,52	-0,07	0,01	0,00	1470,42
1963	11.07.2025 08:19:42	16,52	-0,07	0,01	0,00	1470,42
1964	11.07.2025 08:19:43	16,52	-0,07	0,01	0,00	1470,42
1965	11.07.2025 08:19:44	16,52	-0,07	0,01	0,00	1470,42
1966	11.07.2025 08:19:45	16,55	-0,07	0,01	0,00	1470,52
1967	11.07.2025 08:19:46	16,55	-0,07	0,01	0,00	1470,52
1968	11.07.2025 08:19:47	16,55	-0,07	0,01	0,00	1470,52
1969	11.07.2025 08:19:48	16,55	-0,07	0,01	0,00	1470,52
1970	11.07.2025 08:19:49	16,55	-0,05	0,01	0,00	1470,53
1971	11.07.2025 08:19:50	16,55	-0,07	0,01	0,00	1470,52
1972	11.07.2025 08:19:51	16,55	-0,07	0,01	0,00	1470,52
1973	11.07.2025 08:19:52	16,55	-0,07	0,01	0,00	1470,52
1974	11.07.2025 08:19:53	16,55	-0,07	0,01	0,00	1470,52
1975	11.07.2025 08:19:54	16,55	-0,07	0,01	0,00	1470,52
1976	11.07.2025 08:19:55	16,55	-0,05	0,01	0,00	1470,53
1977	11.07.2025 08:19:56	16,55	-0,07	0,01	0,00	1470,52
1978	11.07.2025 08:19:57	16,55	-0,07	0,01	0,00	1470,52
1979	11.07.2025 08:19:58	16,55	-0,07	0,01	0,00	1470,52
1980	11.07.2025 08:19:59	16,55	-0,07	0,01	0,00	1470,52
1981	11.07.2025 08:20:00	16,55	-0,05	0,01	0,00	1470,53
1982	11.07.2025 08:20:01	16,55	-0,07	0,01	0,00	1470,52
1983	11.07.2025 08:20:02	16,55	-0,05	0,01	0,00	1470,53
1984	11.07.2025 08:20:03	16,55	-0,07	0,01	0,00	1470,52
1985	11.07.2025 08:20:04	16,55	-0,07	0,01	0,00	1470,52
1986	11.07.2025 08:20:05	16,55	-0,07	0,01	0,00	1470,52
1987	11.07.2025 08:20:06	16,55	-0,05	0,01	0,00	1470,53
1988	11.07.2025 08:20:07	16,58	-0,07	0,01	0,00	1470,62
1989	11.07.2025 08:20:08	16,58	-0,05	0,01	0,00	1470,63
1990	11.07.2025 08:20:09	16,58	-0,05	0,01	0,00	1470,63
1991	11.07.2025 08:20:10	16,58	-0,05	0,01	0,00	1470,63
1992	11.07.2025 08:20:11	16,58	-0,05	0,01	0,00	1470,63
1993	11.07.2025 08:20:12	16,58	-0,05	0,01	0,00	1470,63
1994	11.07.2025 08:20:13	16,58	-0,05	0,01	0,00	1470,63
1995	11.07.2025 08:20:14	16,58	-0,05	0,01	0,00	1470,63
1996	11.07.2025 08:20:15	16,58	-0,03	0,01	0,00	1470,63
1997	11.07.2025 08:20:16	16,58	-0,05	0,01	0,00	1470,63
1998	11.07.2025 08:20:17	16,58	-0,05	0,01	0,00	1470,63
1999	11.07.2025 08:20:18	16,58	-0,05	0,01	0,00	1470,63
2000	11.07.2025 08:20:19	16,58	-0,05	0,01	0,00	1470,63
2001	11.07.2025 08:20:20	16,58	-0,05	0,01	0,00	1470,63
2002	11.07.2025 08:20:21	16,58	-0,05	0,01	0,00	1470,63
2003	11.07.2025 08:20:22	16,58	-0,05	0,01	0,00	1470,63
2004	11.07.2025 08:20:23	16,58	-0,05	0,01	0,00	1470,63
2005	11.07.2025 08:20:24	16,58	-0,05	0,01	0,00	1470,63
2006	11.07.2025 08:20:25	16,58	-0,05	0,01	0,00	1470,63
2007	11.07.2025 08:20:26	16,58	-0,05	0,01	0,00	1470,63
2008	11.07.2025 08:20:27	16,58	-0,05	0,01	0,00	1470,63
2009	11.07.2025 08:20:28	16,58	-0,05	0,01	0,00	1470,63
2010	11.07.2025 08:20:29	16,58	-0,05	0,01	0,00	1470,63
2011	11.07.2025 08:20:30	16,58	-0,03	0,01	0,00	1470,63
2012	11.07.2025 08:20:31	16,61	-0,03	0,01	0,00	1470,73
2013	11.07.2025 08:20:32	16,61	-0,05	0,01	0,00	1470,73
2014	11.07.2025 08:20:33	16,61	-0,05	0,01	0,00	1470,73
2015	11.07.2025 08:20:34	16,61	-0,03	0,01	0,00	1470,73
2016	11.07.2025 08:20:35	16,61	-0,05	0,01	0,00	1470,73
2017	11.07.2025 08:20:36	16,61	-0,05	0,01	0,00	1470,73
2018	11.07.2025 08:20:37	16,61	-0,05	0,01	0,00	1470,73
2019	11.07.2025 08:20:38	16,61	-0,05	0,01	0,00	1470,73
2020	11.07.2025 08:20:39	16,61	-0,05	0,01	0,00	1470,73
2021	11.07.2025 08:20:40	16,61	-0,07	0,01	0,00	1470,73
2022	11.07.2025 08:20:41	16,61	-0,05	0,01	0,00	1470,73
2023	11.07.2025 08:20:42	16,61	-0,05	0,01	0,00	1470,73
2024	11.07.2025 08:20:43	16,61	-0,05	0,01	0,00	1470,73
2025	11.07.2025 08:20:44	16,61	-0,05	0,01	0,00	1470,73
2026	11.07.2025 08:20:45	16,61	-0,05	0,01	0,00	1470,73
2027	11.07.2025 08:20:46	16,61	-0,05	0,01	0,00	1470,73
2028	11.07.2025 08:20:47	16,61	-0,05	0,01	0,00	1470,73
2029	11.07.2025 08:20:48	16,61	-0,07	0,01	0,00	1470,73
2030	11.07.2025 08:20:49	16,61	-0,05	0,01	0,00	1470,73
2031	11.07.2025 08:20:50	16,61	-0,05	0,01	0,00	1470,73
2032	11.07.2025 08:20:51	16,61	-0,05	0,01	0,00	1470,73
2033	11.07.2025 08:20:52	16,61	-0,05	0,01	0,00	1470,73
2034	11.07.2025 08:20:53	16,61	-0,05	0,01	0,00	1470,73
2035	11.07.2025 08:20:54	16,61	-0,05	0,01	0,00	1470,73
2036	11.07.2025 08:20:55	16,64	-0,05	0,01	0,00	1470,83
2037	11.07.2025 08:20:56	16,61	-0,05	0,01	0,00	1470,73
2038	11.07.2025 08:20:57	16,64	-0,05	0,01	0,00	1470,83
2039	11.07.2025 08:20:58	16,64	-0,05	0,01	0,00	1470,83
2040	11.07.2025 08:20:59	16,64	-0,05	0,01	0,00	1470,83
2041	11.07.2025 08:21:00	16,64	-0,05	0,01	0,00	1470,83
2042	11.07.2025 08:21:01	16,64	-0,03	0,01	0,00	1470,83
2043	11.07.2025 08:21:02	16,64	-0,05	0,01	0,00	1470,83
2044	11.07.2025 08:21:03	16,64	-0,05	0,01	0,00	1470,83
2045	11.07.2025 08:21:04	16,64	-0,05	0,01	0,00	1470,83
2046	11.07.2025 08:21:05	16,64	-0,05	0,01	0,00	1470,83
2047	11.07.2025 08:21:06	16,64	-0,03	0,01	0,00	1470,83
2048	11.07.2025 08:21:07	16,64	-0,05	0,01	0,00	1470,83
2049	11.07.2025 08:21:08	16,64	-0,05	0,01	0,00	1470,83
2050	11.07.2025 08:21:09	16,64	-0,05	0,01	0,00	1470,83
2051	11.07.2025 08:21:10	16,64	-0,05	0,01	0,00	1470,83
2052	11.07.2025 08:21:11	16,64	-0,07	0,01	0,00	1470,83
2053	11.07.2025 08:21:12	16,64	-0,05	0,01	0,00	1470,83
2054	11.07.2025 08:21:13	16,64	-0,05	0,01	0,00	1470,83
2055	11.07.2025 08:21:14	16,64	-0,05	0,01	0,00	1470,83
2056	11.07.2025 08:21:15	16,64	-0,05	0,01	0,00	1470,83
2057	11.07.2025 08:21:16	16,64	-0,05	0,01	0,00	1470,83
2058	11.07.2025 08:21:17	16,64	-0,03	0,01	0,00	1470,83
2059	11.07.2025 08:21:18	16,64	-0,05	0,01	0,00	1470,83
2060	11.07.2025 08:21:19	16,64	-0,05	0,01	0,00	1470,83
2061	11.07.2025 08:21:20	16,67	-0,05	0,01	0,00	1470,93
2062	11.07.2025 08:21:21	16,64	-0,05	0,01	0,00	1470,83
2063	11.07.2025 08:21:22	16,64	-0,05	0,01	0,00	1470,83
2064	11.07.2025 08:21:23	16,64	-0,05	0,01	0,00	1470,83
2065	11.07.2025 08:21:24	16,67	-0,07	0,01	0,00	1470,93
2066	11.07.2025 08:21:25	16,67	-0,05	0,01	0,00	1470,93
2067	11.07.2025 08:21:26	16,67	-0,05	0,01	0,00	1470,93
2068	11.07.2025 08:21:27	16,67	-0,05	0,01	0,00	1470,93
2069	11.07.2025 08:21:28	16,67	-0,07	0,01	0,00	1470,93
2070	11.07.2025 08:21:29	16,67	-0,05	0,01	0,00	1470,93
2071	11.07.2025 08:21:30	16,67	-0,05	0,01	0,00	1470,93
2072	11.07.2025 08:21:31	16,67	-0,05	0,01	0,00	1470,93
2073	11.07.2025 08:21:32	16,67	-0,03	0,01	0,00	1470,94
2074	11.07.2025 08:21:33	16,67	-0,05	0,01	0,00	1470,93
2075	11.07.2025 08:21:34	16,67	-0,05	0,01	0,00	1470,93
2076	11.07.2025 08:21:35	16,67	-0,05	0,01	0,00	1470,93
2077	11.07.2025 08:21:36	16,67	-0,05	0,01	0,00	1470,93
2078	11.07.2025 08:21:37	16,67	-0,05	0,01	0,00	1470,93
2079	11.07.2025 08:21:38	16,67	-0,05	0,01	0,00	1470,93
2080	11.07.2025 08:21:39	16,67	-0,05	0,01	0,00	1470,93
2081	11.07.2025 08:21:40	16,67	-0,05	0,01	0,00	1470,93
2082	11.07.2025 08:21:41	16,67	-0,03	0,01	0,00	1470,94
2083	11.07.2025 08:21:42	16,67	-0,05	0,01	0,00	1470,93
2084	11.07.2025 08:21:43	16,67	-0,05	0,01	0,00	1470,93
2085	11.07.2025 08:21:44	16,67	-0,05	0,01	0,00	1470,93
2086	11.07.2025 08:21:45	16,67	-0,05	0,01	0,00	1470,93
2087	11.07.2025 08:21:46	16,67	-0,05	0,01	0,00	1470,93
2088	11.07.2025 08:21:47	16,67	-0,05	0,01	0,00	1470,93
2089	11.07.2025 08:21:48	16,70	-0,05	0,01	0,00	1471,03
2090	11.07.2025 08:21:49	16,70	-0,05	0,01	0,00	1471,03
2091	11.07.2025 08:21:50	16,70	-0,05	0,01	0,00	1471,03
2092	11.07.2025 08:21:51	16,70	-0,07	0,01	0,00	1471,03
2093	11.07.2025 08:21:52	16,70	-0,07	0,01	0,00	1471,03
2094	11.07.2025 08:21:53	16,70	-0,05	0,01	0,00	1471,03
2095	11.07.2025 08:21:54	16,70	-0,05	0,01	0,00	1471,03
2096	11.07.2025 08:21:55	16,70	-0,05	0,01	0,00	1471,03
2097	11.07.2025 08:21:56	16,70	-0,05	0,01	0,00	1471,03
2098	11.07.2025 08:21:57	16,70	-0,05	0,01	0,00	1471,03
2099	11.07.2025 08:21:58	16,70	-0,05	0,01	0,00	1471,03
2100	11.07.2025 08:21:59	16,70	-0,07	0,01	0,00	1471,03
2101	11.07.2025 08:22:00	16,70	-0,05	0,01	0,00	1471,03
2102	11.07.2025 08:22:01	16,70	-0,05	0,01	0,00	1471,03
2103	11.07.2025 08:22:02	16,70	-0,05	0,01	0,00	1471,03
2104	11.07.2025 08:22:03	16,70	-0,07	0,01	0,00	1471,03
2105	11.07.2025 08:22:04	16,70	-0,05	0,01	0,00	1471,03
2106	11.07.2025 08:22:05	16,70	-0,05	0,01	0,00	1471,03
2107	11.07.2025 08:22:06	16,70	-0,05	0,01	0,00	1471,03
2108	11.07.2025 08:22:07	16,70	-0,07	0,01	0,00	1471,03
2109	11.07.2025 08:22:08	16,70	-0,05	0,01	0,00	1471,03
2110	11.07.2025 08:22:09	16,70	-0,05	0,01	0,00	1471,03
2111	11.07.2025 08:22:10	16,70	-0,05	0,01	0,00	1471,03
2112	11.07.2025 08:22:11	16,70	-0,05	0,01	0,00	1471,03
2113	11.07.2025 08:22:12	16,70	-0,05	0,01	0,00	1471,03
2114	11.07.2025 08:22:13	16,70	-0,05	0,01	0,00	1471,03
2115	11.07.2025 08:22:14	16,70	-0,05	0,01	0,00	1471,03
2116	11.07.2025 08:22:15	16,70	-0,05	0,01	0,00	1471,03
2117	11.07.2025 08:22:16	16,70	-0,05	0,01	0,00	1471,03
2118	11.07.2025 08:22:17	16,70	-0,05	0,01	0,00	1471,03
2119	11.07.2025 08:22:18	16,70	-0,05	0,01	0,00	1471,03
2120	11.07.2025 08:22:19	16,70	-0,05	0,01	0,00	1471,03
2121	11.07.2025 08:22:20	16,70	-0,05	0,01	0,00	1471,03
2122	11.07.2025 08:22:21	16,70	-0,05	0,01	0,00	1471,03
2123	11.07.2025 08:22:22	16,70	-0,05	0,01	0,00	1471,03
2124	11.07.2025 08:22:23	16,70	-0,05	0,01	0,00	1471,03
2125	11.07.2025 08:22:24	16,73	-0,05	0,01	0,00	1471,14
2126	11.07.2025 08:22:25	16,73	-0,05	0,01	0,00	1471,14
2127	11.07.2025 08:22:26	16,70	-0,05	0,01	0,00	1471,03
2128	11.07.2025 08:22:27	16,70	-0,05	0,01	0,00	1471,03
2129	11.07.2025 08:22:28	16,73	-0,05	0,01	0,00	1471,14
2130	11.07.2025 08:22:29	16,73	-0,05	0,01	0,00	1471,14
2131	11.07.2025 08:22:30	16,73	-0,05	0,01	0,00	1471,14
2132	11.07.2025 08:22:31	16,73	-0,05	0,01	0,00	1471,14
2133	11.07.2025 08:22:32	16,73	-0,05	0,01	0,00	1471,14
2134	11.07.2025 08:22:33	16,73	-0,05	0,01	0,00	1471,14
2135	11.07.2025 08:22:34	16,73	-0,05	0,01	0,00	1471,14
2136	11.07.2025 08:22:35	16,73	-0,05	0,01	0,00	1471,14
2137	11.07.2025 08:22:36	16,73	-0,07	0,01	0,00	1471,13
2138	11.07.2025 08:22:37	16,73	-0,05	0,01	0,00	1471,14
2139	11.07.2025 08:22:38	16,73	-0,07	0,01	0,00	1471,13
2140	11.07.2025 08:22:39	16,73	-0,05	0,01	0,00	1471,14
2141	11.07.2025 08:22:40	16,73	-0,05	0,01	0,00	1471,14
2142	11.07.2025 08:22:41	16,73	-0,05	0,01	0,00	1471,14
2143	11.07.2025 08:22:42	16,73	-0,05	0,01	0,00	1471,14
2144	11.07.2025 08:22:43	16,73	-0,05	0,01	0,00	1471,14
2145	11.07.2025 08:22:44	16,76	-0,05	0,01	0,00	1471,24
2146	11.07.2025 08:22:45	16,76	-0,05	0,01	0,00	1471,24
2147	11.07.2025 08:22:46	16,76	-0,05	0,01	0,00	1471,24
2148	11.07.2025 08:22:47	16,76	-0,03	0,01	0,00	1471,24
2149	11.07.2025 08:22:48	16,76	-0,05	0,01	0,00	1471,24
2150	11.07.2025 08:22:49	16,76	-0,05	0,01	0,00	1471,24
2151	11.07.2025 08:22:50	16,76	-0,05	0,01	0,00	1471,24
2152	11.07.2025 08:22:51	16,76	-0,03	0,01	0,00	1471,24
2153	11.07.2025 08:22:52	16,76	-0,05	0,01	0,00	1471,24
2154	11.07.2025 08:22:53	16,79	-0,05	0,01	0,00	1471,34
2155	11.07.2025 08:22:54	16,76	-0,05	0,01	0,00	1471,24
2156	11.07.2025 08:22:55	16,79	-0,05	0,01	0,00	1471,34
2157	11.07.2025 08:22:56	16,79	-0,05	0,01	0,00	1471,34
2158	11.07.2025 08:22:57	16,76	-0,05	0,01	0,00	1471,24
2159	11.07.2025 08:22:58	16,79	-0,07	0,01	0,00	1471,34
2160	11.07.2025 08:22:59	16,79	-0,05	0,01	0,00	1471,34
2161	11.07.2025 08:23:00	16,79	-0,07	0,01	0,00	1471,34
2162	11.07.2025 08:23:01	16,79	-0,05	0,01	0,00	1471,34
2163	11.07.2025 08:23:02	16,79	-0,05	0,01	0,00	1471,34
2164	11.07.2025 08:23:03	16,79	-0,05	0,01	0,00	1471,34
2165	11.07.2025 08:23:04	16,79	-0,05	0,01	0,00	1471,34
2166	11.07.2025 08:23:05	16,79	-0,05	0,01	0,00	1471,34
2167	11.07.2025 08:23:06	16,79	-0,07	0,01	0,00	1471,34
2168	11.07.2025 08:23:07	16,79	-0,05	0,01	0,00	1471,34
2169	11.07.2025 08:23:08	16,79	-0,07	0,01	0,00	1471,34
2170	11.07.2025 08:23:09	16,79	-0,05	0,01	0,00	1471,34
2171	11.07.2025 08:23:10	16,79	-0,05	0,01	0,00	1471,34
2172	11.07.2025 08:23:11	16,79	-0,05	0,01	0,00	1471,34
2173	11.07.2025 08:23:12	16,79	-0,07	0,01	0,00	1471,34
2174	11.07.2025 08:23:13	16,79	-0,05	0,01	0,00	1471,34
2175	11.07.2025 08:23:14	16,79	-0,05	0,01	0,00	1471,34
2176	11.07.2025 08:23:15	16,79	-0,07	0,01	0,00	1471,34
2177	11.07.2025 08:23:16	16,79	-0,05	0,01	0,00	1471,34
2178	11.07.2025 08:23:17	16,79	-0,07	0,01	0,00	1471,34
2179	11.07.2025 08:23:18	16,79	-0,07	0,01	0,00	1471,34
2180	11.07.2025 08:23:19	16,79	-0,05	0,01	0,00	1471,34
2181	11.07.2025 08:23:20	16,79	-0,05	0,01	0,00	1471,34
2182	11.07.2025 08:23:21	16,79	-0,05	0,01	0,00	1471,34
2183	11.07.2025 08:23:22	16,79	-0,05	0,01	0,00	1471,34
2184	11.07.2025 08:23:23	16,79	-0,07	0,01	0,00	1471,34
2185	11.07.2025 08:23:24	16,79	-0,05	0,01	0,00	1471,34
2186	11.07.2025 08:23:25	16,79	-0,05	0,01	0,00	1471,34
2187	11.07.2025 08:23:26	16,79	-0,07	0,01	0,00	1471,34
2188	11.07.2025 08:23:27	16,79	-0,05	0,01	0,00	1471,34
2189	11.07.2025 08:23:28	16,79	-0,07	0,01	0,00	1471,34
2190	11.07.2025 08:23:29	16,79	-0,07	0,01	0,00	1471,34
2191	11.07.2025 08:23:30	16,79	-0,05	0,01	0,00	1471,34
2192	11.07.2025 08:23:31	16,79	-0,07	0,01	0,00	1471,34
2193	11.07.2025 08:23:32	16,79	-0,05	0,01	0,00	1471,34
2194	11.07.2025 08:23:33	16,79	-0,05	0,01	0,00	1471,34
2195	11.07.2025 08:23:34	16,79	-0,05	0,01	0,00	1471,34
2196	11.07.2025 08:23:35	16,79	-0,07	0,01	0,00	1471,34
2197	11.07.2025 08:23:36	16,79	-0,07	0,01	0,00	1471,34
2198	11.07.2025 08:23:37	16,79	-0,05	0,01	0,00	1471,34
2199	11.07.2025 08:23:38	16,79	-0,05	0,01	0,00	1471,34
2200	11.07.2025 08:23:39	16,79	-0,07	0,01	0,00	1471,34
2201	11.07.2025 08:23:40	16,82	-0,05	0,01	0,00	1471,44
2202	11.07.2025 08:23:41	16,79	-0,05	0,01	0,00	1471,34
2203	11.07.2025 08:23:42	16,79	-0,05	0,01	0,00	1471,34
2204	11.07.2025 08:23:43	16,82	-0,05	0,01	0,00	1471,44
2205	11.07.2025 08:23:44	16,82	-0,05	0,01	0,00	1471,44
2206	11.07.2025 08:23:45	16,82	-0,05	0,01	0,00	1471,44
2207	11.07.2025 08:23:46	16,82	-0,07	0,01	0,00	1471,44
2208	11.07.2025 08:23:47	16,82	-0,07	0,01	0,00	1471,44
2209	11.07.2025 08:23:48	16,82	-0,07	0,01	0,00	1471,44
2210	11.07.2025 08:23:49	16,82	-0,05	0,01	0,00	1471,44
2211	11.07.2025 08:23:50	16,82	-0,07	0,01	0,00	1471,44
2212	11.07.2025 08:23:51	16,82	-0,05	0,01	0,00	1471,44
2213	11.07.2025 08:23:52	16,82	-0,05	0,01	0,00	1471,44
2214	11.07.2025 08:23:53	16,82	-0,05	0,01	0,00	1471,44
2215	11.07.2025 08:23:54	16,82	-0,05	0,01	0,00	1471,44
2216	11.07.2025 08:23:55	16,82	-0,07	0,01	0,00	1471,44
2217	11.07.2025 08:23:56	16,82	-0,07	0,01	0,00	1471,44
2218	11.07.2025 08:23:57	16,82	-0,07	0,01	0,00	1471,44
2219	11.07.2025 08:23:58	16,82	-0,05	0,01	0,00	1471,44
2220	11.07.2025 08:23:59	16,82	-0,05	0,01	0,00	1471,44
2221	11.07.2025 08:24:00	16,82	-0,07	0,01	0,00	1471,44
2222	11.07.2025 08:24:01	16,82	-0,07	0,01	0,00	1471,44
2223	11.07.2025 08:24:02	16,82	-0,07	0,01	0,00	1471,44
2224	11.07.2025 08:24:03	16,82	-0,05	0,01	0,00	1471,44
2225	11.07.2025 08:24:04	16,82	-0,05	0,01	0,00	1471,44
2226	11.07.2025 08:24:05	16,82	-0,05	0,01	0,00	1471,44
2227	11.07.2025 08:24:06	16,82	-0,07	0,01	0,00	1471,44
2228	11.07.2025 08:24:07	16,82	-0,05	0,01	0,00	1471,44
2229	11.07.2025 08:24:08	16,82	-0,05	0,01	0,00	1471,44
2230	11.07.2025 08:24:09	16,82	-0,07	0,01	0,00	1471,44
2231	11.07.2025 08:24:10	16,82	-0,07	0,01	0,00	1471,44
2232	11.07.2025 08:24:11	16,82	-0,07	0,01	0,00	1471,44
2233	11.07.2025 08:24:12	16,82	-0,07	0,01	0,00	1471,44
2234	11.07.2025 08:24:13	16,82	-0,05	0,01	0,00	1471,44
2235	11.07.2025 08:24:14	16,82	-0,05	0,01	0,00	1471,44
2236	11.07.2025 08:24:15	16,82	-0,07	0,01	0,00	1471,44
2237	11.07.2025 08:24:16	16,82	-0,07	0,01	0,00	1471,44
2238	11.07.2025 08:24:17	16,82	-0,07	0,01	0,00	1471,44
2239	11.07.2025 08:24:18	16,85	-0,05	0,01	0,00	1471,54
2240	11.07.2025 08:24:19	16,85	-0,07	0,01	0,00	1471,54
2241	11.07.2025 08:24:20	16,85	-0,05	0,01	0,00	1471,54
2242	11.07.2025 08:24:21	16,85	-0,07	0,01	0,00	1471,54
2243	11.07.2025 08:24:22	16,85	-0,05	0,01	0,00	1471,54
2244	11.07.2025 08:24:23	16,85	-0,05	0,01	0,00	1471,54
2245	11.07.2025 08:24:24	16,85	-0,05	0,01	0,00	1471,54
2246	11.07.2025 08:24:25	16,85	-0,05	0,01	0,00	1471,54
2247	11.07.2025 08:24:26	16,85	-0,07	0,01	0,00	1471,54
2248	11.07.2025 08:24:27	16,85	-0,05	0,01	0,00	1471,54
2249	11.07.2025 08:24:28	16,85	-0,07	0,01	0,00	1471,54
2250	11.07.2025 08:24:29	16,85	-0,07	0,01	0,00	1471,54
2251	11.07.2025 08:24:30	16,85	-0,07	0,01	0,00	1471,54
2252	11.07.2025 08:24:31	16,85	-0,07	0,01	0,00	1471,54
2253	11.07.2025 08:24:32	16,85	-0,07	0,01	0,00	1471,54
2254	11.07.2025 08:24:33	16,85	-0,07	0,01	0,00	1471,54
2255	11.07.2025 08:24:34	16,85	-0,07	0,01	0,00	1471,54
2256	11.07.2025 08:24:35	16,85	-0,07	0,01	0,00	1471,54
2257	11.07.2025 08:24:36	16,85	-0,05	0,01	0,00	1471,54
2258	11.07.2025 08:24:37	16,85	-0,07	0,01	0,00	1471,54
2259	11.07.2025 08:24:38	16,85	-0,07	0,01	0,00	1471,54
2260	11.07.2025 08:24:39	16,85	-0,07	0,01	0,00	1471,54
2261	11.07.2025 08:24:40	16,85	-0,07	0,01	0,00	1471,54
2262	11.07.2025 08:24:41	16,88	-0,07	0,01	0,00	1471,64
2263	11.07.2025 08:24:42	16,88	-0,05	0,01	0,00	1471,64
2264	11.07.2025 08:24:43	16,88	-0,07	0,01	0,00	1471,64
2265	11.07.2025 08:24:44	16,88	-0,07	0,01	0,00	1471,64
2266	11.07.2025 08:24:45	16,88	-0,07	0,01	0,00	1471,64
2267	11.07.2025 08:24:46	16,88	-0,07	0,01	0,00	1471,64
2268	11.07.2025 08:24:47	16,88	-0,07	0,01	0,00	1471,64
2269	11.07.2025 08:24:48	16,88	-0,07	0,01	0,00	1471,64
2270	11.07.2025 08:24:49	16,88	-0,07	0,01	0,00	1471,64
2271	11.07.2025 08:24:50	16,88	-0,07	0,01	0,00	1471,64
2272	11.07.2025 08:24:51	16,88	-0,05	0,01	0,00	1471,64
2273	11.07.2025 08:24:52	16,88	-0,07	0,01	0,00	1471,64
2274	11.07.2025 08:24:53	16,88	-0,05	0,01	0,00	1471,64
2275	11.07.2025 08:24:54	16,88	-0,07	0,01	0,00	1471,64
2276	11.07.2025 08:24:55	16,88	-0,07	0,01	0,00	1471,64
2277	11.07.2025 08:24:56	16,88	-0,07	0,01	0,00	1471,64
2278	11.07.2025 08:24:57	16,88	-0,07	0,01	0,00	1471,64
2279	11.07.2025 08:24:58	16,88	-0,07	0,01	0,00	1471,64
2280	11.07.2025 08:24:59	16,91	-0,05	0,01	0,00	1471,74
2281	11.07.2025 08:25:00	16,91	-0,07	0,01	0,00	1471,74
2282	11.07.2025 08:25:01	16,91	-0,07	0,01	0,00	1471,74
2283	11.07.2025 08:25:02	16,91	-0,07	0,01	0,00	1471,74
2284	11.07.2025 08:25:03	16,91	-0,05	0,01	0,00	1471,74
2285	11.07.2025 08:25:04	16,91	-0,05	0,01	0,00	1471,74
2286	11.07.2025 08:25:05	16,91	-0,07	0,01	0,00	1471,74
2287	11.07.2025 08:25:06	16,91	-0,05	0,01	0,00	1471,74
2288	11.07.2025 08:25:07	16,91	-0,07	0,01	0,00	1471,74
2289	11.07.2025 08:25:08	16,94	-0,05	0,01	0,00	1471,84
2290	11.07.2025 08:25:09	16,94	-0,05	0,01	0,00	1471,84
2291	11.07.2025 08:25:10	16,97	-0,05	0,01	0,00	1471,95
2292	11.07.2025 08:25:11	17,00	-0,05	0,01	0,00	1472,05
2293	11.07.2025 08:25:12	17,00	-0,05	0,01	0,00	1472,05
2294	11.07.2025 08:25:13	17,03	-0,07	0,01	0,00	1472,14
2295	11.07.2025 08:25:14	17,06	-0,07	0,01	0,00	1472,24
2296	11.07.2025 08:25:15	17,12	-0,08	0,01	0,00	1472,44
2297	11.07.2025 08:25:16	17,21	-0,12	0,01	0,00	1472,74
2298	11.07.2025 08:25:17	17,27	-0,26	0,01	0,00	1472,91
2299	11.07.2025 08:25:18	17,48	-0,21	0,01	0,00	1473,62
2300	11.07.2025 08:25:19	17,72	-0,17	0,01	0,00	1474,41
2301	11.07.2025 08:25:20	17,99	-0,19	0,01	0,00	1475,29
2302	11.07.2025 08:25:21	18,17	-0,14	0,01	0,00	1475,88
2303	11.07.2025 08:25:22	18,25	-0,14	0,01	0,00	1476,17
2304	11.07.2025 08:25:23	18,34	-0,14	0,01	0,00	1476,46
2305	11.07.2025 08:25:24	18,43	-0,12	0,01	0,00	1476,76
2306	11.07.2025 08:25:25	18,49	-0,15	0,01	0,00	1476,94
