#B	Created:	10.07.2025 07:39:36
##	Version	SeaStar	9.59
#5	Field separation:	0
#2	Date & Time:	1
#6	Decimal point:	,
#7	Date def.:	dd.mm.yyyy	.
#8	Time def.:	:
##	Axis	0	Temperature(°C)	clRed	FALSE
##	Axis	1	Pressure(Bar)	clBlue	FALSE
##	Axis	2	Salinity(psu)	clGreen	FALSE
##	Axis	3	Conductivity(mS/cm)	$00FF80FF	FALSE
##	Axis	4	Sound Velocity(m/sec)	$00404080	FALSE
##	Series	0	Temp(°C)	clRed	0	Temp(°C)	2
##	Series	1	Press(Bar)	clBlue	1	Press(Bar)	2
##	Series	2	Salinity(psu)	clGreen	2	Salinity(psu)	2
##	Series	3	Conduct(mS/cm)	$00FF80FF	3	Conduct(mS/cm)	2
##	Series	4	Sound Velocity(m/sec)	$00404080	4	Velocity(m/sec)	2
##	Recorder	8	DST CTD	13526
##	Chart	8S13526DAT	
#D	Data:	3108	10.07.2025 06:47:00	10.07.2025 07:38:47
1	10.07.2025 06:47:00	23,07	-0,07	0,02	0,02	1490,95
2	10.07.2025 06:47:01	23,07	-0,05	0,02	0,02	1490,95
3	10.07.2025 06:47:02	23,07	-0,07	0,02	0,02	1490,95
4	10.07.2025 06:47:03	23,07	-0,05	0,02	0,02	1490,95
5	10.07.2025 06:47:04	23,07	-0,05	0,02	0,02	1490,95
6	10.07.2025 06:47:05	23,07	-0,07	0,02	0,02	1490,95
7	10.07.2025 06:47:06	23,07	-0,05	0,02	0,02	1490,95
8	10.07.2025 06:47:07	23,07	-0,05	0,01	0,00	1490,94
9	10.07.2025 06:47:08	23,07	-0,07	0,02	0,02	1490,95
10	10.07.2025 06:47:09	23,07	-0,05	0,02	0,02	1490,95
11	10.07.2025 06:47:10	23,07	-0,05	0,02	0,02	1490,95
12	10.07.2025 06:47:11	23,07	-0,07	0,02	0,02	1490,95
13	10.07.2025 06:47:12	23,07	-0,05	0,01	0,00	1490,94
14	10.07.2025 06:47:13	23,07	-0,07	0,02	0,02	1490,95
15	10.07.2025 06:47:14	23,07	-0,05	0,02	0,02	1490,95
16	10.07.2025 06:47:15	23,07	-0,07	0,02	0,02	1490,95
17	10.07.2025 06:47:16	23,07	-0,05	0,02	0,02	1490,95
18	10.07.2025 06:47:17	23,04	-0,05	0,02	0,02	1490,87
19	10.07.2025 06:47:18	23,04	-0,07	0,02	0,02	1490,86
20	10.07.2025 06:47:19	23,04	-0,05	0,02	0,02	1490,87
21	10.07.2025 06:47:20	23,04	-0,07	0,02	0,02	1490,86
22	10.07.2025 06:47:21	23,04	-0,07	0,02	0,02	1490,86
23	10.07.2025 06:47:22	23,04	-0,05	0,02	0,02	1490,87
24	10.07.2025 06:47:23	23,04	-0,07	0,02	0,02	1490,86
25	10.07.2025 06:47:24	23,04	-0,05	0,02	0,02	1490,87
26	10.07.2025 06:47:25	23,04	-0,07	0,02	0,02	1490,86
27	10.07.2025 06:47:26	23,04	-0,05	0,02	0,02	1490,87
28	10.07.2025 06:47:27	23,04	-0,07	0,02	0,02	1490,86
29	10.07.2025 06:47:28	23,04	-0,07	0,02	0,02	1490,86
30	10.07.2025 06:47:29	23,04	-0,05	0,02	0,02	1490,87
31	10.07.2025 06:47:30	23,04	-0,07	0,02	0,02	1490,86
32	10.07.2025 06:47:31	23,04	-0,05	0,02	0,02	1490,87
33	10.07.2025 06:47:32	23,01	-0,05	0,02	0,02	1490,78
34	10.07.2025 06:47:33	23,01	-0,05	0,02	0,02	1490,78
35	10.07.2025 06:47:34	23,01	-0,05	0,02	0,02	1490,78
36	10.07.2025 06:47:35	23,01	-0,07	0,02	0,02	1490,78
37	10.07.2025 06:47:36	23,01	-0,07	0,02	0,02	1490,78
38	10.07.2025 06:47:37	23,01	-0,07	0,02	0,02	1490,78
39	10.07.2025 06:47:38	23,01	-0,07	0,02	0,02	1490,78
40	10.07.2025 06:47:39	23,01	-0,07	0,02	0,02	1490,78
41	10.07.2025 06:47:40	23,01	-0,05	0,02	0,02	1490,78
42	10.07.2025 06:47:41	23,01	-0,05	0,02	0,02	1490,78
43	10.07.2025 06:47:42	23,01	-0,07	0,02	0,02	1490,78
44	10.07.2025 06:47:43	23,01	-0,07	0,02	0,02	1490,78
45	10.07.2025 06:47:44	23,01	-0,05	0,02	0,02	1490,78
46	10.07.2025 06:47:45	23,01	-0,07	0,02	0,02	1490,78
47	10.07.2025 06:47:46	22,98	-0,07	0,02	0,02	1490,70
48	10.07.2025 06:47:47	22,98	-0,07	0,01	0,00	1490,69
49	10.07.2025 06:47:48	22,98	-0,05	0,02	0,02	1490,70
50	10.07.2025 06:47:49	22,98	-0,07	0,02	0,02	1490,70
51	10.07.2025 06:47:50	22,98	-0,07	0,02	0,02	1490,70
52	10.07.2025 06:47:51	22,98	-0,05	0,02	0,02	1490,70
53	10.07.2025 06:47:52	22,98	-0,05	0,02	0,02	1490,70
54	10.07.2025 06:47:53	22,98	-0,07	0,02	0,02	1490,70
55	10.07.2025 06:47:54	22,98	-0,07	0,02	0,02	1490,70
56	10.07.2025 06:47:55	22,98	-0,07	0,02	0,02	1490,70
57	10.07.2025 06:47:56	22,98	-0,05	0,02	0,02	1490,70
58	10.07.2025 06:47:57	22,95	-0,05	0,02	0,02	1490,61
59	10.07.2025 06:47:58	22,98	-0,05	0,02	0,02	1490,70
60	10.07.2025 06:47:59	22,95	-0,07	0,02	0,02	1490,61
61	10.07.2025 06:48:00	22,95	-0,05	0,02	0,02	1490,61
62	10.07.2025 06:48:01	22,95	-0,07	0,02	0,02	1490,61
63	10.07.2025 06:48:02	22,95	-0,07	0,02	0,02	1490,61
64	10.07.2025 06:48:03	22,95	-0,05	0,02	0,02	1490,61
65	10.07.2025 06:48:04	22,95	-0,05	0,02	0,02	1490,61
66	10.07.2025 06:48:05	22,95	-0,05	0,02	0,02	1490,61
67	10.07.2025 06:48:06	22,95	-0,05	0,02	0,02	1490,61
68	10.07.2025 06:48:07	22,95	-0,05	0,02	0,02	1490,61
69	10.07.2025 06:48:08	22,95	-0,05	0,02	0,02	1490,61
70	10.07.2025 06:48:09	22,95	-0,05	0,02	0,02	1490,61
71	10.07.2025 06:48:10	22,95	-0,05	0,02	0,02	1490,61
72	10.07.2025 06:48:11	22,95	-0,05	0,02	0,02	1490,61
73	10.07.2025 06:48:12	22,95	-0,05	0,02	0,02	1490,61
74	10.07.2025 06:48:13	22,93	-0,05	0,02	0,02	1490,53
75	10.07.2025 06:48:14	22,93	-0,05	0,02	0,02	1490,53
76	10.07.2025 06:48:15	22,93	-0,05	0,02	0,02	1490,53
77	10.07.2025 06:48:16	22,93	-0,05	0,02	0,02	1490,53
78	10.07.2025 06:48:17	22,93	-0,05	0,02	0,02	1490,53
79	10.07.2025 06:48:18	22,93	-0,05	0,02	0,02	1490,53
80	10.07.2025 06:48:19	22,93	-0,05	0,02	0,02	1490,53
81	10.07.2025 06:48:20	22,93	-0,05	0,02	0,02	1490,53
82	10.07.2025 06:48:21	22,93	-0,05	0,02	0,02	1490,53
83	10.07.2025 06:48:22	22,93	-0,05	0,02	0,02	1490,53
84	10.07.2025 06:48:23	22,93	-0,05	0,02	0,02	1490,53
85	10.07.2025 06:48:24	22,93	-0,07	0,02	0,02	1490,53
86	10.07.2025 06:48:25	22,90	-0,05	0,02	0,02	1490,45
87	10.07.2025 06:48:26	22,90	-0,05	0,02	0,02	1490,45
88	10.07.2025 06:48:27	22,90	-0,05	0,02	0,02	1490,45
89	10.07.2025 06:48:28	22,90	-0,05	0,02	0,02	1490,45
90	10.07.2025 06:48:29	22,90	-0,05	0,02	0,02	1490,45
91	10.07.2025 06:48:30	22,90	-0,05	0,02	0,02	1490,45
92	10.07.2025 06:48:31	22,90	-0,05	0,02	0,02	1490,45
93	10.07.2025 06:48:32	22,90	-0,05	0,02	0,02	1490,45
94	10.07.2025 06:48:33	22,90	-0,05	0,02	0,02	1490,45
95	10.07.2025 06:48:34	22,90	-0,03	0,02	0,02	1490,45
96	10.07.2025 06:48:35	22,87	-0,05	0,02	0,02	1490,36
97	10.07.2025 06:48:36	22,87	-0,03	0,02	0,02	1490,36
98	10.07.2025 06:48:37	22,87	-0,03	0,02	0,02	1490,36
99	10.07.2025 06:48:38	22,87	-0,03	0,01	0,00	1490,36
100	10.07.2025 06:48:39	22,87	-0,05	0,02	0,02	1490,36
101	10.07.2025 06:48:40	22,87	-0,05	0,02	0,02	1490,36
102	10.07.2025 06:48:41	22,87	-0,03	0,02	0,02	1490,36
103	10.07.2025 06:48:42	22,84	-0,03	0,02	0,02	1490,28
104	10.07.2025 06:48:43	22,84	-0,05	0,01	0,00	1490,27
105	10.07.2025 06:48:44	22,84	-0,05	0,02	0,02	1490,28
106	10.07.2025 06:48:45	22,84	-0,03	0,02	0,02	1490,28
107	10.07.2025 06:48:46	22,84	-0,03	0,02	0,02	1490,28
108	10.07.2025 06:48:47	22,84	-0,05	0,02	0,02	1490,28
109	10.07.2025 06:48:48	22,84	-0,03	0,02	0,02	1490,28
110	10.07.2025 06:48:49	22,84	-0,03	0,02	0,02	1490,28
111	10.07.2025 06:48:50	22,84	-0,05	0,02	0,02	1490,28
112	10.07.2025 06:48:51	22,84	-0,03	0,02	0,02	1490,28
113	10.07.2025 06:48:52	22,84	-0,05	0,02	0,02	1490,28
114	10.07.2025 06:48:53	22,81	-0,05	0,02	0,02	1490,19
115	10.07.2025 06:48:54	22,81	-0,05	0,02	0,02	1490,19
116	10.07.2025 06:48:55	22,81	-0,03	0,02	0,02	1490,20
117	10.07.2025 06:48:56	22,81	-0,05	0,02	0,02	1490,19
118	10.07.2025 06:48:57	22,81	-0,05	0,02	0,02	1490,19
119	10.07.2025 06:48:58	22,81	-0,05	0,02	0,02	1490,19
120	10.07.2025 06:48:59	22,81	-0,05	0,02	0,02	1490,19
121	10.07.2025 06:49:00	22,78	-0,05	0,02	0,02	1490,11
122	10.07.2025 06:49:01	22,78	-0,05	0,02	0,02	1490,11
123	10.07.2025 06:49:02	22,78	-0,03	0,02	0,02	1490,11
124	10.07.2025 06:49:03	22,78	-0,05	0,02	0,02	1490,11
125	10.07.2025 06:49:04	22,78	-0,03	0,02	0,02	1490,11
126	10.07.2025 06:49:05	22,78	-0,03	0,02	0,02	1490,11
127	10.07.2025 06:49:06	22,78	-0,05	0,02	0,02	1490,11
128	10.07.2025 06:49:07	22,78	-0,05	0,02	0,02	1490,11
129	10.07.2025 06:49:08	22,78	-0,03	0,02	0,02	1490,11
130	10.07.2025 06:49:09	22,78	-0,05	0,02	0,02	1490,11
131	10.07.2025 06:49:10	22,75	-0,05	0,02	0,02	1490,02
132	10.07.2025 06:49:11	22,75	-0,05	0,02	0,02	1490,02
133	10.07.2025 06:49:12	22,75	-0,05	0,02	0,02	1490,02
134	10.07.2025 06:49:13	22,75	-0,05	0,02	0,02	1490,02
135	10.07.2025 06:49:14	22,75	-0,05	0,02	0,02	1490,02
136	10.07.2025 06:49:15	22,75	-0,03	0,02	0,02	1490,03
137	10.07.2025 06:49:16	22,75	-0,05	0,02	0,02	1490,02
138	10.07.2025 06:49:17	22,75	-0,03	0,02	0,02	1490,03
139	10.07.2025 06:49:18	22,72	-0,03	0,02	0,02	1489,94
140	10.07.2025 06:49:19	22,75	-0,03	0,02	0,02	1490,03
141	10.07.2025 06:49:20	22,72	-0,03	0,02	0,02	1489,94
142	10.07.2025 06:49:21	22,72	-0,03	0,02	0,02	1489,94
143	10.07.2025 06:49:22	22,72	-0,03	0,02	0,02	1489,94
144	10.07.2025 06:49:23	22,72	-0,03	0,01	0,00	1489,94
145	10.07.2025 06:49:24	22,72	-0,05	0,02	0,02	1489,94
146	10.07.2025 06:49:25	22,72	-0,05	0,02	0,02	1489,94
147	10.07.2025 06:49:26	22,72	-0,03	0,02	0,02	1489,94
148	10.07.2025 06:49:27	22,72	-0,03	0,02	0,02	1489,94
149	10.07.2025 06:49:28	22,72	-0,05	0,02	0,02	1489,94
150	10.07.2025 06:49:29	22,69	-0,05	0,01	0,00	1489,85
151	10.07.2025 06:49:30	22,69	-0,05	0,02	0,02	1489,85
152	10.07.2025 06:49:31	22,69	-0,07	0,02	0,02	1489,85
153	10.07.2025 06:49:32	22,69	-0,07	0,02	0,02	1489,85
154	10.07.2025 06:49:33	22,69	-0,05	0,02	0,02	1489,85
155	10.07.2025 06:49:34	22,69	-0,07	0,02	0,02	1489,85
156	10.07.2025 06:49:35	22,69	-0,07	0,02	0,02	1489,85
157	10.07.2025 06:49:36	22,69	-0,05	0,02	0,02	1489,85
158	10.07.2025 06:49:37	22,69	-0,07	0,02	0,02	1489,85
159	10.07.2025 06:49:38	22,66	-0,05	0,02	0,02	1489,77
160	10.07.2025 06:49:39	22,66	-0,07	0,02	0,02	1489,77
161	10.07.2025 06:49:40	22,66	-0,07	0,02	0,02	1489,77
162	10.07.2025 06:49:41	22,66	-0,05	0,02	0,02	1489,77
163	10.07.2025 06:49:42	22,66	-0,05	0,02	0,02	1489,77
164	10.07.2025 06:49:43	22,66	-0,07	0,02	0,02	1489,77
165	10.07.2025 06:49:44	22,66	-0,05	0,02	0,02	1489,77
166	10.07.2025 06:49:45	22,66	-0,05	0,02	0,02	1489,77
167	10.07.2025 06:49:46	22,63	-0,07	0,02	0,02	1489,68
168	10.07.2025 06:49:47	22,63	-0,05	0,02	0,02	1489,68
169	10.07.2025 06:49:48	22,63	-0,05	0,02	0,02	1489,68
170	10.07.2025 06:49:49	22,63	-0,05	0,02	0,02	1489,68
171	10.07.2025 06:49:50	22,63	-0,07	0,02	0,02	1489,68
172	10.07.2025 06:49:51	22,63	-0,05	0,02	0,02	1489,68
173	10.07.2025 06:49:52	22,63	-0,05	0,02	0,02	1489,68
174	10.07.2025 06:49:53	22,63	-0,05	0,02	0,02	1489,68
175	10.07.2025 06:49:54	22,63	-0,05	0,02	0,02	1489,68
176	10.07.2025 06:49:55	22,61	-0,05	0,01	0,00	1489,59
177	10.07.2025 06:49:56	22,61	-0,05	0,02	0,02	1489,60
178	10.07.2025 06:49:57	22,61	-0,05	0,02	0,02	1489,60
179	10.07.2025 06:49:58	22,61	-0,05	0,02	0,02	1489,60
180	10.07.2025 06:49:59	22,61	-0,05	0,02	0,02	1489,60
181	10.07.2025 06:50:00	22,61	-0,05	0,02	0,02	1489,60
182	10.07.2025 06:50:01	22,61	-0,05	0,02	0,02	1489,60
183	10.07.2025 06:50:02	22,61	-0,07	0,02	0,02	1489,60
184	10.07.2025 06:50:03	22,58	-0,07	0,02	0,02	1489,51
185	10.07.2025 06:50:04	22,58	-0,05	0,02	0,02	1489,51
186	10.07.2025 06:50:05	22,58	-0,05	0,02	0,02	1489,51
187	10.07.2025 06:50:06	22,58	-0,05	0,01	0,00	1489,51
188	10.07.2025 06:50:07	22,58	-0,05	0,02	0,02	1489,51
189	10.07.2025 06:50:08	22,58	-0,05	0,02	0,02	1489,51
190	10.07.2025 06:50:09	22,58	-0,05	0,02	0,02	1489,51
191	10.07.2025 06:50:10	22,58	-0,05	0,01	0,00	1489,51
192	10.07.2025 06:50:11	22,55	-0,05	0,02	0,02	1489,43
193	10.07.2025 06:50:12	22,55	-0,05	0,02	0,02	1489,43
194	10.07.2025 06:50:13	22,55	-0,05	0,02	0,02	1489,43
195	10.07.2025 06:50:14	22,55	-0,05	0,02	0,02	1489,43
196	10.07.2025 06:50:15	22,55	-0,05	0,02	0,02	1489,43
197	10.07.2025 06:50:16	22,55	-0,05	0,02	0,02	1489,43
198	10.07.2025 06:50:17	22,55	-0,05	0,02	0,02	1489,43
199	10.07.2025 06:50:18	22,55	-0,05	0,02	0,02	1489,43
200	10.07.2025 06:50:19	22,55	-0,05	0,02	0,02	1489,43
201	10.07.2025 06:50:20	22,52	-0,05	0,02	0,02	1489,34
202	10.07.2025 06:50:21	22,52	-0,05	0,02	0,02	1489,34
203	10.07.2025 06:50:22	22,52	-0,05	0,02	0,02	1489,34
204	10.07.2025 06:50:23	22,52	-0,05	0,02	0,02	1489,34
205	10.07.2025 06:50:24	22,52	-0,05	0,02	0,02	1489,34
206	10.07.2025 06:50:25	22,52	-0,05	0,02	0,02	1489,34
207	10.07.2025 06:50:26	22,52	-0,05	0,02	0,02	1489,34
208	10.07.2025 06:50:27	22,52	-0,05	0,02	0,02	1489,34
209	10.07.2025 06:50:28	22,49	-0,05	0,02	0,02	1489,26
210	10.07.2025 06:50:29	22,49	-0,05	0,02	0,02	1489,26
211	10.07.2025 06:50:30	22,49	-0,05	0,02	0,02	1489,26
212	10.07.2025 06:50:31	22,49	-0,05	0,02	0,02	1489,26
213	10.07.2025 06:50:32	22,49	-0,05	0,02	0,02	1489,26
214	10.07.2025 06:50:33	22,49	-0,05	0,02	0,02	1489,26
215	10.07.2025 06:50:34	22,49	-0,03	0,02	0,02	1489,26
216	10.07.2025 06:50:35	22,49	-0,05	0,02	0,02	1489,26
217	10.07.2025 06:50:36	22,49	-0,03	0,02	0,02	1489,26
218	10.07.2025 06:50:37	22,46	-0,05	0,02	0,02	1489,17
219	10.07.2025 06:50:38	22,46	-0,05	0,02	0,02	1489,17
220	10.07.2025 06:50:39	22,46	-0,05	0,02	0,02	1489,17
221	10.07.2025 06:50:40	22,46	-0,03	0,01	0,00	1489,17
222	10.07.2025 06:50:41	22,46	-0,05	0,02	0,02	1489,17
223	10.07.2025 06:50:42	22,46	-0,05	0,02	0,02	1489,17
224	10.07.2025 06:50:43	22,46	-0,05	0,02	0,02	1489,17
225	10.07.2025 06:50:44	22,46	-0,05	0,02	0,02	1489,17
226	10.07.2025 06:50:45	22,43	-0,03	0,02	0,02	1489,09
227	10.07.2025 06:50:46	22,43	-0,03	0,02	0,02	1489,09
228	10.07.2025 06:50:47	22,43	-0,03	0,02	0,02	1489,09
229	10.07.2025 06:50:48	22,43	-0,05	0,02	0,02	1489,09
230	10.07.2025 06:50:49	22,43	-0,05	0,02	0,02	1489,09
231	10.07.2025 06:50:50	22,43	-0,05	0,01	0,00	1489,08
232	10.07.2025 06:50:51	22,43	-0,03	0,02	0,02	1489,09
233	10.07.2025 06:50:52	22,43	-0,05	0,02	0,02	1489,09
234	10.07.2025 06:50:53	22,43	-0,03	0,02	0,02	1489,09
235	10.07.2025 06:50:54	22,40	-0,05	0,02	0,02	1489,00
236	10.07.2025 06:50:55	22,40	-0,05	0,02	0,02	1489,00
237	10.07.2025 06:50:56	22,40	-0,05	0,02	0,02	1489,00
238	10.07.2025 06:50:57	22,40	-0,03	0,02	0,02	1489,01
239	10.07.2025 06:50:58	22,40	-0,05	0,02	0,02	1489,00
240	10.07.2025 06:50:59	22,40	-0,05	0,01	0,00	1489,00
241	10.07.2025 06:51:00	22,40	-0,05	0,02	0,02	1489,00
242	10.07.2025 06:51:01	22,37	-0,03	0,02	0,02	1488,92
243	10.07.2025 06:51:02	22,37	-0,03	0,02	0,02	1488,92
244	10.07.2025 06:51:03	22,37	-0,03	0,02	0,02	1488,92
245	10.07.2025 06:51:04	22,37	-0,03	0,02	0,02	1488,92
246	10.07.2025 06:51:05	22,37	-0,03	0,02	0,02	1488,92
247	10.07.2025 06:51:06	22,37	-0,03	0,02	0,02	1488,92
248	10.07.2025 06:51:07	22,37	-0,05	0,02	0,02	1488,92
249	10.07.2025 06:51:08	22,37	-0,03	0,02	0,02	1488,92
250	10.07.2025 06:51:09	22,37	-0,05	0,02	0,02	1488,92
251	10.07.2025 06:51:10	22,34	-0,07	0,02	0,02	1488,83
252	10.07.2025 06:51:11	22,34	-0,05	0,02	0,02	1488,83
253	10.07.2025 06:51:12	22,34	-0,07	0,02	0,02	1488,83
254	10.07.2025 06:51:13	22,34	-0,07	0,02	0,02	1488,83
255	10.07.2025 06:51:14	22,34	-0,05	0,02	0,02	1488,83
256	10.07.2025 06:51:15	22,34	-0,05	0,02	0,02	1488,83
257	10.07.2025 06:51:16	22,34	-0,05	0,02	0,02	1488,83
258	10.07.2025 06:51:17	22,31	-0,05	0,02	0,02	1488,75
259	10.07.2025 06:51:18	22,31	-0,05	0,02	0,02	1488,75
260	10.07.2025 06:51:19	22,31	-0,05	0,02	0,02	1488,75
261	10.07.2025 06:51:20	22,31	-0,07	0,02	0,02	1488,74
262	10.07.2025 06:51:21	22,31	-0,05	0,02	0,02	1488,75
263	10.07.2025 06:51:22	22,31	-0,05	0,02	0,02	1488,75
264	10.07.2025 06:51:23	22,31	-0,05	0,02	0,02	1488,75
265	10.07.2025 06:51:24	22,31	-0,05	0,01	0,00	1488,74
266	10.07.2025 06:51:25	22,31	-0,05	0,02	0,02	1488,75
267	10.07.2025 06:51:26	22,28	-0,07	0,02	0,02	1488,66
268	10.07.2025 06:51:27	22,28	-0,07	0,02	0,02	1488,66
269	10.07.2025 06:51:28	22,28	-0,05	0,02	0,02	1488,66
270	10.07.2025 06:51:29	22,28	-0,05	0,02	0,02	1488,66
271	10.07.2025 06:51:30	22,28	-0,05	0,02	0,02	1488,66
272	10.07.2025 06:51:31	22,28	-0,05	0,02	0,02	1488,66
273	10.07.2025 06:51:32	22,28	-0,05	0,01	0,00	1488,66
274	10.07.2025 06:51:33	22,28	-0,05	0,02	0,02	1488,66
275	10.07.2025 06:51:34	22,26	-0,07	0,02	0,02	1488,57
276	10.07.2025 06:51:35	22,26	-0,07	0,02	0,02	1488,57
277	10.07.2025 06:51:36	22,26	-0,05	0,02	0,02	1488,58
278	10.07.2025 06:51:37	22,26	-0,07	0,02	0,02	1488,57
279	10.07.2025 06:51:38	22,26	-0,05	0,02	0,02	1488,58
280	10.07.2025 06:51:39	22,26	-0,07	0,02	0,02	1488,57
281	10.07.2025 06:51:40	22,26	-0,05	0,02	0,02	1488,58
282	10.07.2025 06:51:41	22,23	-0,03	0,02	0,02	1488,49
283	10.07.2025 06:51:42	22,23	-0,05	0,02	0,02	1488,49
284	10.07.2025 06:51:43	22,23	-0,05	0,01	0,00	1488,48
285	10.07.2025 06:51:44	22,23	-0,05	0,02	0,02	1488,49
286	10.07.2025 06:51:45	22,23	-0,05	0,02	0,02	1488,49
287	10.07.2025 06:51:46	22,23	-0,05	0,02	0,02	1488,49
288	10.07.2025 06:51:47	22,23	-0,03	0,02	0,02	1488,49
289	10.07.2025 06:51:48	22,23	-0,05	0,02	0,02	1488,49
290	10.07.2025 06:51:49	22,20	-0,05	0,02	0,02	1488,40
291	10.07.2025 06:51:50	22,20	-0,05	0,02	0,02	1488,40
292	10.07.2025 06:51:51	22,20	-0,05	0,02	0,02	1488,40
293	10.07.2025 06:51:52	22,20	-0,05	0,02	0,02	1488,40
294	10.07.2025 06:51:53	22,20	-0,05	0,02	0,02	1488,40
295	10.07.2025 06:51:54	22,20	-0,05	0,02	0,02	1488,40
296	10.07.2025 06:51:55	22,20	-0,05	0,02	0,02	1488,40
297	10.07.2025 06:51:56	22,17	-0,05	0,02	0,02	1488,32
298	10.07.2025 06:51:57	22,17	-0,05	0,02	0,02	1488,32
299	10.07.2025 06:51:58	22,17	-0,03	0,02	0,02	1488,32
300	10.07.2025 06:51:59	22,17	-0,03	0,02	0,02	1488,32
301	10.07.2025 06:52:00	22,17	-0,05	0,02	0,02	1488,32
302	10.07.2025 06:52:01	22,17	-0,05	0,02	0,02	1488,32
303	10.07.2025 06:52:02	22,17	-0,05	0,02	0,02	1488,32
304	10.07.2025 06:52:03	22,17	-0,05	0,02	0,02	1488,32
305	10.07.2025 06:52:04	22,14	-0,05	0,02	0,02	1488,23
306	10.07.2025 06:52:05	22,14	-0,05	0,02	0,02	1488,23
307	10.07.2025 06:52:06	22,14	-0,05	0,02	0,02	1488,23
308	10.07.2025 06:52:07	22,14	-0,07	0,02	0,02	1488,23
309	10.07.2025 06:52:08	22,14	-0,05	0,02	0,02	1488,23
310	10.07.2025 06:52:09	22,14	-0,05	0,02	0,02	1488,23
311	10.07.2025 06:52:10	22,14	-0,03	0,02	0,02	1488,23
312	10.07.2025 06:52:11	22,14	-0,05	0,02	0,02	1488,23
313	10.07.2025 06:52:12	22,14	-0,03	0,02	0,02	1488,23
314	10.07.2025 06:52:13	22,11	-0,05	0,02	0,02	1488,15
315	10.07.2025 06:52:14	22,11	-0,05	0,02	0,02	1488,15
316	10.07.2025 06:52:15	22,11	-0,05	0,02	0,02	1488,15
317	10.07.2025 06:52:16	22,11	-0,05	0,02	0,02	1488,15
318	10.07.2025 06:52:17	22,11	-0,05	0,02	0,02	1488,15
319	10.07.2025 06:52:18	22,11	-0,05	0,02	0,02	1488,15
320	10.07.2025 06:52:19	22,11	-0,05	0,02	0,02	1488,15
321	10.07.2025 06:52:20	22,11	-0,05	0,02	0,02	1488,15
322	10.07.2025 06:52:21	22,11	-0,05	0,02	0,02	1488,15
323	10.07.2025 06:52:22	22,11	-0,05	0,02	0,02	1488,15
324	10.07.2025 06:52:23	22,11	-0,05	0,02	0,02	1488,15
325	10.07.2025 06:52:24	22,11	-0,03	0,02	0,02	1488,15
326	10.07.2025 06:52:25	22,11	-0,05	0,02	0,02	1488,15
327	10.07.2025 06:52:26	22,11	-0,03	0,02	0,02	1488,15
328	10.07.2025 06:52:27	22,11	-0,05	0,02	0,02	1488,15
329	10.07.2025 06:52:28	22,11	-0,05	0,02	0,02	1488,15
330	10.07.2025 06:52:29	22,11	-0,03	0,02	0,02	1488,15
331	10.07.2025 06:52:30	22,11	-0,05	0,02	0,02	1488,15
332	10.07.2025 06:52:31	22,11	-0,03	0,02	0,02	1488,15
333	10.07.2025 06:52:32	22,14	-0,05	0,02	0,02	1488,23
334	10.07.2025 06:52:33	22,14	-0,03	0,02	0,02	1488,23
335	10.07.2025 06:52:34	22,14	-0,03	0,02	0,02	1488,23
336	10.07.2025 06:52:35	22,14	-0,05	0,02	0,02	1488,23
337	10.07.2025 06:52:36	22,14	-0,03	0,02	0,02	1488,23
338	10.07.2025 06:52:37	22,14	-0,05	0,02	0,02	1488,23
339	10.07.2025 06:52:38	22,14	-0,05	0,02	0,02	1488,23
340	10.07.2025 06:52:39	22,14	-0,03	0,02	0,02	1488,23
341	10.07.2025 06:52:40	22,17	-0,05	0,02	0,02	1488,32
342	10.07.2025 06:52:41	22,17	-0,03	0,02	0,02	1488,32
343	10.07.2025 06:52:42	22,17	-0,05	0,02	0,02	1488,32
344	10.07.2025 06:52:43	22,17	-0,05	0,02	0,02	1488,32
345	10.07.2025 06:52:44	22,17	-0,05	0,02	0,02	1488,32
346	10.07.2025 06:52:45	22,17	-0,05	0,02	0,02	1488,32
347	10.07.2025 06:52:46	22,17	-0,03	0,02	0,02	1488,32
348	10.07.2025 06:52:47	22,17	-0,05	0,02	0,02	1488,32
349	10.07.2025 06:52:48	22,20	-0,05	0,02	0,02	1488,40
350	10.07.2025 06:52:49	22,20	-0,05	0,02	0,02	1488,40
351	10.07.2025 06:52:50	22,20	-0,05	0,02	0,02	1488,40
352	10.07.2025 06:52:51	22,20	-0,05	0,02	0,02	1488,40
353	10.07.2025 06:52:52	22,20	-0,03	0,02	0,02	1488,41
354	10.07.2025 06:52:53	22,20	-0,05	0,02	0,02	1488,40
355	10.07.2025 06:52:54	22,20	-0,03	0,02	0,02	1488,41
356	10.07.2025 06:52:55	22,20	-0,05	0,02	0,02	1488,40
357	10.07.2025 06:52:56	22,20	-0,05	0,02	0,02	1488,40
358	10.07.2025 06:52:57	22,20	-0,05	0,02	0,02	1488,40
359	10.07.2025 06:52:58	22,20	-0,05	0,02	0,02	1488,40
360	10.07.2025 06:52:59	22,20	-0,05	0,02	0,02	1488,40
361	10.07.2025 06:53:00	22,20	-0,03	0,01	0,00	1488,40
362	10.07.2025 06:53:01	22,20	-0,05	0,01	0,00	1488,40
363	10.07.2025 06:53:02	22,20	-0,05	0,02	0,02	1488,40
364	10.07.2025 06:53:03	22,20	-0,05	0,02	0,02	1488,40
365	10.07.2025 06:53:04	22,20	-0,05	0,02	0,02	1488,40
366	10.07.2025 06:53:05	22,20	-0,05	0,02	0,02	1488,40
367	10.07.2025 06:53:06	22,17	-0,05	0,02	0,02	1488,32
368	10.07.2025 06:53:07	22,17	-0,05	0,02	0,02	1488,32
369	10.07.2025 06:53:08	22,17	-0,03	0,02	0,02	1488,32
370	10.07.2025 06:53:09	22,17	-0,05	0,02	0,02	1488,32
371	10.07.2025 06:53:10	22,17	-0,05	0,02	0,02	1488,32
372	10.07.2025 06:53:11	22,17	-0,05	0,02	0,02	1488,32
373	10.07.2025 06:53:12	22,17	-0,05	0,02	0,02	1488,32
374	10.07.2025 06:53:13	22,17	-0,05	0,02	0,02	1488,32
375	10.07.2025 06:53:14	22,14	-0,05	0,02	0,02	1488,23
376	10.07.2025 06:53:15	22,14	-0,05	0,02	0,02	1488,23
377	10.07.2025 06:53:16	22,14	-0,05	0,02	0,02	1488,23
378	10.07.2025 06:53:17	22,14	-0,05	0,02	0,02	1488,23
379	10.07.2025 06:53:18	22,14	-0,03	0,02	0,02	1488,23
380	10.07.2025 06:53:19	22,14	-0,05	0,02	0,02	1488,23
381	10.07.2025 06:53:20	22,14	-0,05	0,02	0,02	1488,23
382	10.07.2025 06:53:21	22,11	-0,05	0,02	0,02	1488,15
383	10.07.2025 06:53:22	22,11	-0,05	0,02	0,02	1488,15
384	10.07.2025 06:53:23	22,11	-0,05	0,02	0,02	1488,15
385	10.07.2025 06:53:24	22,11	-0,05	0,01	0,00	1488,14
386	10.07.2025 06:53:25	22,11	-0,03	0,02	0,02	1488,15
387	10.07.2025 06:53:26	22,11	-0,05	0,02	0,02	1488,15
388	10.07.2025 06:53:27	22,11	-0,03	0,02	0,02	1488,15
389	10.07.2025 06:53:28	22,08	-0,03	0,02	0,02	1488,06
390	10.07.2025 06:53:29	22,08	-0,05	0,02	0,02	1488,06
391	10.07.2025 06:53:30	22,08	-0,05	0,02	0,02	1488,06
392	10.07.2025 06:53:31	22,08	-0,05	0,02	0,02	1488,06
393	10.07.2025 06:53:32	22,08	-0,05	0,02	0,02	1488,06
394	10.07.2025 06:53:33	22,08	-0,03	0,02	0,02	1488,06
395	10.07.2025 06:53:34	22,08	-0,03	0,02	0,02	1488,06
396	10.07.2025 06:53:35	22,08	-0,03	0,02	0,02	1488,06
397	10.07.2025 06:53:36	22,05	-0,03	0,02	0,02	1487,98
398	10.07.2025 06:53:37	22,05	-0,03	0,02	0,02	1487,98
399	10.07.2025 06:53:38	22,05	-0,05	0,02	0,02	1487,97
400	10.07.2025 06:53:39	22,05	-0,03	0,02	0,02	1487,98
401	10.07.2025 06:53:40	22,05	-0,05	0,02	0,02	1487,97
402	10.07.2025 06:53:41	22,05	-0,03	0,02	0,02	1487,98
403	10.07.2025 06:53:42	22,02	-0,03	0,02	0,02	1487,89
404	10.07.2025 06:53:43	22,02	-0,05	0,02	0,02	1487,89
405	10.07.2025 06:53:44	22,02	-0,03	0,02	0,02	1487,89
406	10.07.2025 06:53:45	22,02	-0,05	0,02	0,02	1487,89
407	10.07.2025 06:53:46	22,02	-0,03	0,02	0,02	1487,89
408	10.07.2025 06:53:47	22,02	-0,05	0,02	0,02	1487,89
409	10.07.2025 06:53:48	22,02	-0,03	0,02	0,02	1487,89
410	10.07.2025 06:53:49	22,02	-0,03	0,02	0,02	1487,89
411	10.07.2025 06:53:50	22,02	-0,03	0,02	0,02	1487,89
412	10.07.2025 06:53:51	21,99	-0,05	0,02	0,02	1487,80
413	10.07.2025 06:53:52	21,99	-0,05	0,02	0,02	1487,80
414	10.07.2025 06:53:53	21,99	-0,07	0,02	0,02	1487,80
415	10.07.2025 06:53:54	21,99	-0,07	0,02	0,02	1487,80
416	10.07.2025 06:53:55	21,99	-0,05	0,02	0,02	1487,80
417	10.07.2025 06:53:56	21,99	-0,07	0,02	0,02	1487,80
418	10.07.2025 06:53:57	21,99	-0,05	0,02	0,02	1487,80
419	10.07.2025 06:53:58	21,99	-0,05	0,02	0,02	1487,80
420	10.07.2025 06:53:59	21,96	-0,05	0,01	0,00	1487,71
421	10.07.2025 06:54:00	21,96	-0,05	0,02	0,02	1487,71
422	10.07.2025 06:54:01	21,96	-0,05	0,02	0,02	1487,71
423	10.07.2025 06:54:02	21,96	-0,05	0,02	0,02	1487,71
424	10.07.2025 06:54:03	21,96	-0,05	0,02	0,02	1487,71
425	10.07.2025 06:54:04	21,96	-0,05	0,02	0,02	1487,71
426	10.07.2025 06:54:05	21,96	-0,05	0,02	0,02	1487,71
427	10.07.2025 06:54:06	21,93	-0,07	0,02	0,02	1487,62
428	10.07.2025 06:54:07	21,93	-0,05	0,02	0,02	1487,63
429	10.07.2025 06:54:08	21,93	-0,05	0,02	0,02	1487,63
430	10.07.2025 06:54:09	21,93	-0,05	0,01	0,00	1487,62
431	10.07.2025 06:54:10	21,93	-0,05	0,02	0,02	1487,63
432	10.07.2025 06:54:11	21,93	-0,05	0,02	0,02	1487,63
433	10.07.2025 06:54:12	21,93	-0,05	0,02	0,02	1487,63
434	10.07.2025 06:54:13	21,93	-0,05	0,02	0,02	1487,63
435	10.07.2025 06:54:14	21,91	-0,07	0,02	0,02	1487,54
436	10.07.2025 06:54:15	21,91	-0,05	0,02	0,02	1487,54
437	10.07.2025 06:54:16	21,91	-0,05	0,02	0,02	1487,54
438	10.07.2025 06:54:17	21,91	-0,05	0,02	0,02	1487,54
439	10.07.2025 06:54:18	21,91	-0,07	0,02	0,02	1487,54
440	10.07.2025 06:54:19	21,91	-0,05	0,02	0,02	1487,54
441	10.07.2025 06:54:20	21,91	-0,05	0,02	0,02	1487,54
442	10.07.2025 06:54:21	21,88	-0,05	0,02	0,02	1487,45
443	10.07.2025 06:54:22	21,88	-0,05	0,02	0,02	1487,45
444	10.07.2025 06:54:23	21,88	-0,05	0,02	0,02	1487,45
445	10.07.2025 06:54:24	21,88	-0,05	0,02	0,02	1487,45
446	10.07.2025 06:54:25	21,88	-0,07	0,02	0,02	1487,45
447	10.07.2025 06:54:26	21,88	-0,05	0,02	0,02	1487,45
448	10.07.2025 06:54:27	21,88	-0,05	0,02	0,02	1487,45
449	10.07.2025 06:54:28	21,85	-0,05	0,02	0,02	1487,37
450	10.07.2025 06:54:29	21,85	-0,05	0,02	0,02	1487,37
451	10.07.2025 06:54:30	21,85	-0,05	0,02	0,02	1487,37
452	10.07.2025 06:54:31	21,85	-0,05	0,02	0,02	1487,37
453	10.07.2025 06:54:32	21,85	-0,05	0,02	0,02	1487,37
454	10.07.2025 06:54:33	21,85	-0,05	0,02	0,02	1487,37
455	10.07.2025 06:54:34	21,85	-0,05	0,02	0,02	1487,37
456	10.07.2025 06:54:35	21,85	-0,05	0,02	0,02	1487,37
457	10.07.2025 06:54:36	21,85	-0,05	0,01	0,00	1487,36
458	10.07.2025 06:54:37	21,82	-0,05	0,02	0,02	1487,28
459	10.07.2025 06:54:38	21,82	-0,05	0,02	0,02	1487,28
460	10.07.2025 06:54:39	21,82	-0,05	0,02	0,02	1487,28
461	10.07.2025 06:54:40	21,82	-0,05	0,02	0,02	1487,28
462	10.07.2025 06:54:41	21,82	-0,05	0,02	0,02	1487,28
463	10.07.2025 06:54:42	21,82	-0,03	0,02	0,02	1487,28
464	10.07.2025 06:54:43	21,79	-0,03	0,02	0,02	1487,20
465	10.07.2025 06:54:44	21,79	-0,05	0,02	0,02	1487,19
466	10.07.2025 06:54:45	21,79	-0,05	0,02	0,02	1487,19
467	10.07.2025 06:54:46	21,79	-0,05	0,02	0,02	1487,19
468	10.07.2025 06:54:47	21,79	-0,05	0,02	0,02	1487,19
469	10.07.2025 06:54:48	21,79	-0,05	0,02	0,02	1487,19
470	10.07.2025 06:54:49	21,79	-0,03	0,02	0,02	1487,20
471	10.07.2025 06:54:50	21,79	-0,05	0,02	0,02	1487,19
472	10.07.2025 06:54:51	21,76	-0,05	0,02	0,02	1487,11
473	10.07.2025 06:54:52	21,76	-0,05	0,02	0,02	1487,11
474	10.07.2025 06:54:53	21,76	-0,05	0,02	0,02	1487,11
475	10.07.2025 06:54:54	21,76	-0,05	0,02	0,02	1487,11
476	10.07.2025 06:54:55	21,76	-0,05	0,02	0,02	1487,11
477	10.07.2025 06:54:56	21,76	-0,03	0,02	0,02	1487,11
478	10.07.2025 06:54:57	21,76	-0,05	0,02	0,02	1487,11
479	10.07.2025 06:54:58	21,76	-0,05	0,02	0,02	1487,11
480	10.07.2025 06:54:59	21,73	-0,05	0,02	0,02	1487,02
481	10.07.2025 06:55:00	21,73	-0,05	0,02	0,02	1487,02
482	10.07.2025 06:55:01	21,73	-0,05	0,02	0,02	1487,02
483	10.07.2025 06:55:02	21,73	-0,05	0,02	0,02	1487,02
484	10.07.2025 06:55:03	21,73	-0,05	0,02	0,02	1487,02
485	10.07.2025 06:55:04	21,73	-0,05	0,02	0,02	1487,02
486	10.07.2025 06:55:05	21,73	-0,05	0,02	0,02	1487,02
487	10.07.2025 06:55:06	21,70	-0,05	0,02	0,02	1486,93
488	10.07.2025 06:55:07	21,70	-0,03	0,02	0,02	1486,93
489	10.07.2025 06:55:08	21,70	-0,05	0,02	0,02	1486,93
490	10.07.2025 06:55:09	21,70	-0,05	0,02	0,02	1486,93
491	10.07.2025 06:55:10	21,70	-0,05	0,02	0,02	1486,93
492	10.07.2025 06:55:11	21,67	-0,05	0,02	0,02	1486,84
493	10.07.2025 06:55:12	21,70	-0,05	0,02	0,02	1486,93
494	10.07.2025 06:55:13	21,67	-0,05	0,02	0,02	1486,84
495	10.07.2025 06:55:14	21,67	-0,05	0,02	0,02	1486,84
496	10.07.2025 06:55:15	21,67	-0,03	0,02	0,02	1486,85
497	10.07.2025 06:55:16	21,67	-0,03	0,02	0,02	1486,85
498	10.07.2025 06:55:17	21,67	-0,05	0,02	0,02	1486,84
499	10.07.2025 06:55:18	21,67	-0,05	0,02	0,02	1486,84
500	10.07.2025 06:55:19	21,64	-0,05	0,02	0,02	1486,76
501	10.07.2025 06:55:20	21,64	-0,03	0,02	0,02	1486,76
502	10.07.2025 06:55:21	21,64	-0,03	0,02	0,02	1486,76
503	10.07.2025 06:55:22	21,64	-0,05	0,02	0,02	1486,76
504	10.07.2025 06:55:23	21,64	-0,03	0,02	0,02	1486,76
505	10.07.2025 06:55:24	21,64	-0,05	0,02	0,02	1486,76
506	10.07.2025 06:55:25	21,64	-0,03	0,02	0,02	1486,76
507	10.07.2025 06:55:26	21,64	-0,03	0,02	0,02	1486,76
508	10.07.2025 06:55:27	21,61	-0,07	0,02	0,02	1486,67
509	10.07.2025 06:55:28	21,61	-0,07	0,02	0,02	1486,67
510	10.07.2025 06:55:29	21,61	-0,05	0,02	0,02	1486,67
511	10.07.2025 06:55:30	21,61	-0,05	0,02	0,02	1486,67
512	10.07.2025 06:55:31	21,61	-0,05	0,01	0,00	1486,66
513	10.07.2025 06:55:32	21,61	-0,07	0,02	0,02	1486,67
514	10.07.2025 06:55:33	21,61	-0,05	0,02	0,02	1486,67
515	10.07.2025 06:55:34	21,61	-0,05	0,02	0,02	1486,67
516	10.07.2025 06:55:35	21,58	-0,07	0,02	0,02	1486,58
517	10.07.2025 06:55:36	21,58	-0,05	0,02	0,02	1486,58
518	10.07.2025 06:55:37	21,58	-0,07	0,02	0,02	1486,58
519	10.07.2025 06:55:38	21,58	-0,07	0,02	0,02	1486,58
520	10.07.2025 06:55:39	21,58	-0,07	0,02	0,02	1486,58
521	10.07.2025 06:55:40	21,58	-0,05	0,02	0,02	1486,58
522	10.07.2025 06:55:41	21,58	-0,07	0,02	0,02	1486,58
523	10.07.2025 06:55:42	21,55	-0,05	0,02	0,02	1486,50
524	10.07.2025 06:55:43	21,55	-0,05	0,02	0,02	1486,50
525	10.07.2025 06:55:44	21,55	-0,05	0,02	0,02	1486,50
526	10.07.2025 06:55:45	21,55	-0,05	0,02	0,02	1486,50
527	10.07.2025 06:55:46	21,55	-0,07	0,02	0,02	1486,49
528	10.07.2025 06:55:47	21,55	-0,05	0,02	0,02	1486,50
529	10.07.2025 06:55:48	21,55	-0,05	0,02	0,02	1486,50
530	10.07.2025 06:55:49	21,55	-0,03	0,02	0,02	1486,50
531	10.07.2025 06:55:50	21,55	-0,05	0,01	0,00	1486,49
532	10.07.2025 06:55:51	21,53	-0,05	0,02	0,02	1486,41
533	10.07.2025 06:55:52	21,53	-0,05	0,02	0,02	1486,41
534	10.07.2025 06:55:53	21,53	-0,05	0,02	0,02	1486,41
535	10.07.2025 06:55:54	21,53	-0,05	0,02	0,02	1486,41
536	10.07.2025 06:55:55	21,53	-0,05	0,02	0,02	1486,41
537	10.07.2025 06:55:56	21,53	-0,05	0,02	0,02	1486,41
538	10.07.2025 06:55:57	21,53	-0,07	0,02	0,02	1486,40
539	10.07.2025 06:55:58	21,53	-0,05	0,02	0,02	1486,41
540	10.07.2025 06:55:59	21,53	-0,05	0,02	0,02	1486,41
541	10.07.2025 06:56:00	21,50	-0,05	0,02	0,02	1486,32
542	10.07.2025 06:56:01	21,50	-0,05	0,02	0,02	1486,32
543	10.07.2025 06:56:02	21,50	-0,05	0,02	0,02	1486,32
544	10.07.2025 06:56:03	21,50	-0,05	0,01	0,00	1486,31
545	10.07.2025 06:56:04	21,50	-0,05	0,02	0,02	1486,32
546	10.07.2025 06:56:05	21,50	-0,05	0,02	0,02	1486,32
547	10.07.2025 06:56:06	21,50	-0,05	0,02	0,02	1486,32
548	10.07.2025 06:56:07	21,47	-0,05	0,02	0,02	1486,23
549	10.07.2025 06:56:08	21,47	-0,05	0,02	0,02	1486,23
550	10.07.2025 06:56:09	21,47	-0,05	0,02	0,02	1486,23
551	10.07.2025 06:56:10	21,47	-0,05	0,02	0,02	1486,23
552	10.07.2025 06:56:11	21,47	-0,07	0,02	0,02	1486,23
553	10.07.2025 06:56:12	21,47	-0,05	0,02	0,02	1486,23
554	10.07.2025 06:56:13	21,47	-0,05	0,02	0,02	1486,23
555	10.07.2025 06:56:14	21,47	-0,05	0,02	0,02	1486,23
556	10.07.2025 06:56:15	21,44	-0,05	0,02	0,02	1486,14
557	10.07.2025 06:56:16	21,44	-0,05	0,01	0,00	1486,14
558	10.07.2025 06:56:17	21,44	-0,05	0,01	0,00	1486,14
559	10.07.2025 06:56:18	21,44	-0,05	0,02	0,02	1486,14
560	10.07.2025 06:56:19	21,44	-0,05	0,02	0,02	1486,14
561	10.07.2025 06:56:20	21,44	-0,05	0,02	0,02	1486,14
562	10.07.2025 06:56:21	21,44	-0,05	0,02	0,02	1486,14
563	10.07.2025 06:56:22	21,44	-0,05	0,02	0,02	1486,14
564	10.07.2025 06:56:23	21,41	-0,05	0,02	0,02	1486,06
565	10.07.2025 06:56:24	21,41	-0,05	0,01	0,00	1486,05
566	10.07.2025 06:56:25	21,41	-0,05	0,02	0,02	1486,06
567	10.07.2025 06:56:26	21,41	-0,05	0,02	0,02	1486,06
568	10.07.2025 06:56:27	21,41	-0,05	0,02	0,02	1486,06
569	10.07.2025 06:56:28	21,41	-0,05	0,02	0,02	1486,06
570	10.07.2025 06:56:29	21,41	-0,05	0,02	0,02	1486,06
571	10.07.2025 06:56:30	21,38	-0,05	0,02	0,02	1485,97
572	10.07.2025 06:56:31	21,38	-0,05	0,02	0,02	1485,97
573	10.07.2025 06:56:32	21,38	-0,05	0,02	0,02	1485,97
574	10.07.2025 06:56:33	21,38	-0,05	0,02	0,02	1485,97
575	10.07.2025 06:56:34	21,38	-0,05	0,02	0,02	1485,97
576	10.07.2025 06:56:35	21,38	-0,05	0,02	0,02	1485,97
577	10.07.2025 06:56:36	21,38	-0,05	0,02	0,02	1485,97
578	10.07.2025 06:56:37	21,35	-0,05	0,02	0,02	1485,88
579	10.07.2025 06:56:38	21,35	-0,05	0,02	0,02	1485,88
580	10.07.2025 06:56:39	21,35	-0,05	0,02	0,02	1485,88
581	10.07.2025 06:56:40	21,35	-0,05	0,02	0,02	1485,88
582	10.07.2025 06:56:41	21,35	-0,05	0,02	0,02	1485,88
583	10.07.2025 06:56:42	21,35	-0,05	0,02	0,02	1485,88
584	10.07.2025 06:56:43	21,35	-0,05	0,02	0,02	1485,88
585	10.07.2025 06:56:44	21,32	-0,03	0,02	0,02	1485,80
586	10.07.2025 06:56:45	21,32	-0,05	0,02	0,02	1485,79
587	10.07.2025 06:56:46	21,32	-0,05	0,02	0,02	1485,79
588	10.07.2025 06:56:47	21,32	-0,05	0,02	0,02	1485,79
589	10.07.2025 06:56:48	21,32	-0,05	0,02	0,02	1485,79
590	10.07.2025 06:56:49	21,32	-0,03	0,02	0,02	1485,80
591	10.07.2025 06:56:50	21,32	-0,05	0,02	0,02	1485,79
592	10.07.2025 06:56:51	21,29	-0,03	0,02	0,02	1485,71
593	10.07.2025 06:56:52	21,29	-0,03	0,02	0,02	1485,71
594	10.07.2025 06:56:53	21,29	-0,05	0,02	0,02	1485,70
595	10.07.2025 06:56:54	21,29	-0,05	0,02	0,02	1485,70
596	10.07.2025 06:56:55	21,29	-0,05	0,02	0,02	1485,70
597	10.07.2025 06:56:56	21,29	-0,03	0,02	0,02	1485,71
598	10.07.2025 06:56:57	21,29	-0,03	0,02	0,02	1485,71
599	10.07.2025 06:56:58	21,26	-0,07	0,02	0,02	1485,61
600	10.07.2025 06:56:59	21,29	-0,05	0,02	0,02	1485,70
601	10.07.2025 06:57:00	21,26	-0,07	0,02	0,02	1485,61
602	10.07.2025 06:57:01	21,26	-0,08	0,02	0,02	1485,61
603	10.07.2025 06:57:02	21,26	-0,05	0,02	0,02	1485,62
604	10.07.2025 06:57:03	21,26	-0,05	0,02	0,02	1485,62
605	10.07.2025 06:57:04	21,26	-0,05	0,02	0,02	1485,62
606	10.07.2025 06:57:05	21,26	-0,05	0,02	0,02	1485,62
607	10.07.2025 06:57:06	21,26	-0,05	0,02	0,02	1485,62
608	10.07.2025 06:57:07	21,26	-0,05	0,02	0,02	1485,62
609	10.07.2025 06:57:08	21,26	-0,07	0,02	0,02	1485,61
610	10.07.2025 06:57:09	21,23	-0,07	0,02	0,02	1485,52
611	10.07.2025 06:57:10	21,23	-0,05	0,02	0,02	1485,53
612	10.07.2025 06:57:11	21,23	-0,05	0,02	0,02	1485,53
613	10.07.2025 06:57:12	21,23	-0,07	0,02	0,02	1485,52
614	10.07.2025 06:57:13	21,23	-0,07	0,02	0,02	1485,52
615	10.07.2025 06:57:14	21,23	-0,07	0,02	0,02	1485,52
616	10.07.2025 06:57:15	21,23	-0,05	0,02	0,02	1485,53
617	10.07.2025 06:57:16	21,23	-0,05	0,02	0,02	1485,53
618	10.07.2025 06:57:17	21,23	-0,05	0,02	0,02	1485,53
619	10.07.2025 06:57:18	21,20	-0,05	0,02	0,02	1485,44
620	10.07.2025 06:57:19	21,20	-0,05	0,02	0,02	1485,44
621	10.07.2025 06:57:20	21,20	-0,07	0,02	0,02	1485,44
622	10.07.2025 06:57:21	21,20	-0,05	0,02	0,02	1485,44
623	10.07.2025 06:57:22	21,20	-0,05	0,02	0,02	1485,44
624	10.07.2025 06:57:23	21,20	-0,05	0,02	0,02	1485,44
625	10.07.2025 06:57:24	21,20	-0,05	0,02	0,02	1485,44
626	10.07.2025 06:57:25	21,17	-0,05	0,02	0,02	1485,35
627	10.07.2025 06:57:26	21,12	-0,72	27,42	39,42	1515,86
628	10.07.2025 06:57:27	20,29	-0,38	27,12	38,37	1513,29
629	10.07.2025 06:57:28	19,53	-0,17	27,45	38,16	1511,52
630	10.07.2025 06:57:29	18,97	-0,03	27,73	38,04	1510,24
631	10.07.2025 06:57:30	18,55	0,06	28,00	38,03	1509,35
632	10.07.2025 06:57:31	18,28	0,09	27,87	37,65	1508,42
633	10.07.2025 06:57:32	18,08	0,09	27,63	37,19	1507,52
634	10.07.2025 06:57:33	17,90	0,11	28,41	37,99	1507,90
635	10.07.2025 06:57:34	17,78	0,11	28,47	37,96	1507,61
636	10.07.2025 06:57:35	17,66	0,09	28,55	37,95	1507,34
637	10.07.2025 06:57:36	17,57	0,06	28,61	37,95	1507,14
638	10.07.2025 06:57:37	17,48	0,08	28,67	37,95	1506,94
639	10.07.2025 06:57:38	17,39	0,06	28,71	37,92	1506,71
640	10.07.2025 06:57:39	17,30	0,06	28,82	37,97	1506,56
641	10.07.2025 06:57:40	17,24	0,06	28,70	37,78	1506,25
642	10.07.2025 06:57:41	17,18	0,06	28,88	37,94	1506,27
643	10.07.2025 06:57:42	17,12	0,06	28,95	37,97	1506,16
644	10.07.2025 06:57:43	17,06	0,06	28,99	37,97	1506,03
645	10.07.2025 06:57:44	17,00	0,06	29,03	37,96	1505,89
646	10.07.2025 06:57:45	16,94	0,04	29,07	37,96	1505,76
647	10.07.2025 06:57:46	16,88	0,04	29,11	37,96	1505,62
648	10.07.2025 06:57:47	16,82	0,04	29,18	37,99	1505,51
649	10.07.2025 06:57:48	16,79	0,04	29,18	37,96	1505,42
650	10.07.2025 06:57:49	16,73	0,06	29,24	37,98	1505,31
651	10.07.2025 06:57:50	16,70	0,06	29,26	37,98	1505,25
652	10.07.2025 06:57:51	16,64	0,06	29,31	37,98	1505,11
653	10.07.2025 06:57:52	16,61	0,06	29,33	37,98	1505,04
654	10.07.2025 06:57:53	16,55	0,06	29,37	37,98	1504,91
655	10.07.2025 06:57:54	16,52	0,04	29,39	37,98	1504,84
656	10.07.2025 06:57:55	16,49	0,04	29,41	37,98	1504,77
657	10.07.2025 06:57:56	16,43	0,06	29,46	37,98	1504,63
658	10.07.2025 06:57:57	16,40	0,02	29,48	37,98	1504,56
659	10.07.2025 06:57:58	16,37	0,04	29,52	38,00	1504,52
660	10.07.2025 06:57:59	16,34	0,06	29,54	38,00	1504,46
661	10.07.2025 06:58:00	16,34	0,04	29,54	38,00	1504,45
662	10.07.2025 06:58:01	16,31	0,06	29,57	38,00	1504,39
663	10.07.2025 06:58:02	16,31	0,04	29,57	38,00	1504,39
664	10.07.2025 06:58:03	16,28	0,04	29,59	38,00	1504,32
665	10.07.2025 06:58:04	16,25	0,04	29,61	38,00	1504,25
666	10.07.2025 06:58:05	16,22	0,04	29,63	38,00	1504,18
667	10.07.2025 06:58:06	16,19	0,04	29,68	38,02	1504,14
668	10.07.2025 06:58:07	16,16	0,02	29,68	38,00	1504,04
669	10.07.2025 06:58:08	16,13	0,02	29,70	38,00	1503,97
670	10.07.2025 06:58:09	16,10	0,02	29,72	38,00	1503,90
671	10.07.2025 06:58:10	16,07	0,04	29,76	38,02	1503,87
672	10.07.2025 06:58:11	16,04	0,02	29,79	38,02	1503,79
673	10.07.2025 06:58:12	16,01	0,04	29,81	38,02	1503,73
674	10.07.2025 06:58:13	15,98	0,02	29,83	38,02	1503,66
675	10.07.2025 06:58:14	15,98	0,04	29,83	38,02	1503,66
676	10.07.2025 06:58:15	15,94	0,04	29,85	38,02	1503,59
677	10.07.2025 06:58:16	15,91	0,02	29,87	38,02	1503,52
678	10.07.2025 06:58:17	15,91	0,06	29,87	38,02	1503,52
679	10.07.2025 06:58:18	15,88	0,08	29,90	38,02	1503,46
680	10.07.2025 06:58:19	15,85	0,08	29,92	38,02	1503,39
681	10.07.2025 06:58:20	15,85	0,09	29,92	38,02	1503,39
682	10.07.2025 06:58:21	15,85	0,11	29,94	38,04	1503,42
683	10.07.2025 06:58:22	15,82	0,13	29,96	38,04	1503,36
684	10.07.2025 06:58:23	15,82	0,15	29,96	38,04	1503,36
685	10.07.2025 06:58:24	15,79	0,15	30,01	38,07	1503,32
686	10.07.2025 06:58:25	15,79	0,16	30,01	38,07	1503,32
687	10.07.2025 06:58:26	15,79	0,18	30,01	38,07	1503,32
688	10.07.2025 06:58:27	15,76	0,20	30,03	38,07	1503,26
689	10.07.2025 06:58:28	15,76	0,22	30,03	38,07	1503,26
690	10.07.2025 06:58:29	15,76	0,27	30,03	38,07	1503,27
691	10.07.2025 06:58:30	15,73	0,29	30,05	38,07	1503,20
692	10.07.2025 06:58:31	15,73	0,32	30,05	38,07	1503,21
693	10.07.2025 06:58:32	15,73	0,34	30,08	38,09	1503,24
694	10.07.2025 06:58:33	15,70	0,36	30,08	38,07	1503,14
695	10.07.2025 06:58:34	15,70	0,37	30,08	38,07	1503,15
696	10.07.2025 06:58:35	15,67	0,41	30,10	38,07	1503,08
697	10.07.2025 06:58:36	15,64	0,44	30,07	38,01	1502,96
698	10.07.2025 06:58:37	15,64	0,46	29,96	37,88	1502,83
699	10.07.2025 06:58:38	15,58	0,49	29,91	37,77	1502,58
700	10.07.2025 06:58:39	15,55	0,51	29,79	37,61	1502,35
701	10.07.2025 06:58:40	15,49	0,52	29,71	37,47	1502,07
702	10.07.2025 06:58:41	15,40	0,56	29,66	37,34	1501,73
703	10.07.2025 06:58:42	15,34	0,59	29,59	37,20	1501,45
704	10.07.2025 06:58:43	15,25	0,62	29,59	37,12	1501,16
705	10.07.2025 06:58:44	15,19	0,65	29,58	37,06	1500,96
706	10.07.2025 06:58:45	15,12	0,70	29,56	36,98	1500,75
707	10.07.2025 06:58:46	15,03	0,73	29,55	36,90	1500,45
708	10.07.2025 06:58:47	14,94	0,74	29,50	36,76	1500,10
709	10.07.2025 06:58:48	14,88	0,78	29,47	36,68	1499,87
710	10.07.2025 06:58:49	14,79	0,81	29,33	36,44	1499,41
711	10.07.2025 06:58:50	14,70	0,84	29,51	36,57	1499,34
712	10.07.2025 06:58:51	14,60	0,89	29,60	36,60	1499,15
713	10.07.2025 06:58:52	14,54	0,92	29,34	36,25	1498,64
714	10.07.2025 06:58:53	14,45	0,93	29,33	36,16	1498,34
715	10.07.2025 06:58:54	14,36	0,98	29,37	36,13	1498,09
716	10.07.2025 06:58:55	14,30	1,03	29,40	36,11	1497,93
717	10.07.2025 06:58:56	14,20	1,06	29,41	36,05	1497,65
718	10.07.2025 06:58:57	14,14	1,08	29,39	35,97	1497,42
719	10.07.2025 06:58:58	14,05	1,12	29,33	35,83	1497,06
720	10.07.2025 06:58:59	13,96	1,14	29,21	35,62	1496,60
721	10.07.2025 06:59:00	13,86	1,18	29,40	35,75	1496,53
722	10.07.2025 06:59:01	13,80	1,25	29,54	35,85	1496,51
723	10.07.2025 06:59:02	13,74	1,28	29,54	35,80	1496,31
724	10.07.2025 06:59:03	13,71	1,32	29,56	35,80	1496,24
725	10.07.2025 06:59:04	13,68	1,33	29,54	35,74	1496,10
726	10.07.2025 06:59:05	13,62	1,38	29,31	35,45	1495,64
727	10.07.2025 06:59:06	13,55	1,38	29,19	35,26	1495,28
728	10.07.2025 06:59:07	13,40	1,43	29,23	35,18	1494,82
729	10.07.2025 06:59:08	13,31	1,47	29,22	35,09	1494,50
730	10.07.2025 06:59:09	13,18	1,50	29,24	35,01	1494,11
731	10.07.2025 06:59:10	13,09	1,57	29,26	34,95	1493,83
732	10.07.2025 06:59:11	12,99	1,62	29,26	34,87	1493,51
733	10.07.2025 06:59:12	12,90	1,63	29,13	34,65	1493,04
734	10.07.2025 06:59:13	12,78	1,66	28,92	34,33	1492,37
735	10.07.2025 06:59:14	12,62	1,69	28,96	34,25	1491,89
736	10.07.2025 06:59:15	12,46	1,75	29,28	34,46	1491,74
737	10.07.2025 06:59:16	12,37	1,85	29,28	34,37	1491,43
738	10.07.2025 06:59:17	12,30	1,85	29,02	34,05	1490,90
739	10.07.2025 06:59:18	12,21	1,86	28,81	33,75	1490,32
740	10.07.2025 06:59:19	12,02	1,90	28,62	33,40	1489,44
741	10.07.2025 06:59:20	11,86	1,93	28,36	33,00	1488,57
742	10.07.2025 06:59:21	11,61	1,97	27,83	32,24	1487,04
743	10.07.2025 06:59:22	11,35	2,03	27,78	31,99	1486,09
744	10.07.2025 06:59:23	11,06	2,07	27,82	31,80	1485,11
745	10.07.2025 06:59:24	10,81	2,13	27,79	31,58	1484,17
746	10.07.2025 06:59:25	10,55	2,19	27,91	31,49	1483,38
747	10.07.2025 06:59:26	10,32	2,23	27,94	31,35	1482,61
748	10.07.2025 06:59:27	10,13	2,27	28,03	31,29	1482,02
749	10.07.2025 06:59:28	9,93	2,31	28,21	31,31	1481,52
750	10.07.2025 06:59:29	9,80	2,38	28,25	31,26	1481,11
751	10.07.2025 06:59:30	9,67	2,41	28,24	31,15	1480,62
752	10.07.2025 06:59:31	9,54	2,42	28,29	31,09	1480,19
753	10.07.2025 06:59:32	9,41	2,41	28,28	30,98	1479,69
754	10.07.2025 06:59:33	9,28	2,48	28,38	30,98	1479,34
755	10.07.2025 06:59:34	9,18	2,49	28,46	30,97	1479,06
756	10.07.2025 06:59:35	9,08	2,52	28,56	31,00	1478,83
757	10.07.2025 06:59:36	8,98	2,53	28,58	30,94	1478,48
758	10.07.2025 06:59:37	8,88	2,56	28,52	30,80	1478,04
759	10.07.2025 06:59:38	8,78	2,59	28,66	30,86	1477,83
760	10.07.2025 06:59:39	8,68	2,66	28,60	30,72	1477,39
761	10.07.2025 06:59:40	8,58	2,65	28,65	30,69	1477,07
762	10.07.2025 06:59:41	8,48	2,68	28,42	30,39	1476,42
763	10.07.2025 06:59:42	8,35	2,68	28,33	30,20	1475,79
764	10.07.2025 06:59:43	8,21	2,72	28,35	30,12	1475,31
765	10.07.2025 06:59:44	8,08	2,75	28,43	30,09	1474,90
766	10.07.2025 06:59:45	7,94	2,76	28,54	30,08	1474,51
767	10.07.2025 06:59:46	7,84	2,81	28,59	30,05	1474,19
768	10.07.2025 06:59:47	7,74	2,82	28,67	30,05	1473,90
769	10.07.2025 06:59:48	7,64	2,87	28,75	30,05	1473,62
770	10.07.2025 06:59:49	7,54	2,90	28,77	29,99	1473,26
771	10.07.2025 06:59:50	7,47	2,91	28,83	29,99	1473,06
772	10.07.2025 06:59:51	7,37	2,91	28,88	29,96	1472,73
773	10.07.2025 06:59:52	7,30	2,94	28,94	29,96	1472,54
774	10.07.2025 06:59:53	7,20	2,94	28,99	29,93	1472,21
775	10.07.2025 06:59:54	7,13	2,92	29,10	29,98	1472,08
776	10.07.2025 06:59:55	7,06	2,89	29,16	29,98	1471,87
777	10.07.2025 06:59:56	6,99	2,91	29,22	29,98	1471,68
778	10.07.2025 06:59:57	6,96	2,87	29,22	29,95	1471,53
779	10.07.2025 06:59:58	6,89	2,87	29,30	29,98	1471,37
780	10.07.2025 06:59:59	6,82	2,87	29,36	29,98	1471,17
781	10.07.2025 07:00:00	6,75	2,86	29,41	29,97	1470,97
782	10.07.2025 07:00:01	6,72	2,81	29,47	30,00	1470,90
783	10.07.2025 07:00:02	6,68	2,77	29,50	30,00	1470,79
784	10.07.2025 07:00:03	6,61	2,72	29,65	30,08	1470,69
785	10.07.2025 07:00:04	6,61	2,68	29,73	30,16	1470,80
786	10.07.2025 07:00:05	6,61	2,64	30,17	30,56	1471,35
787	10.07.2025 07:00:06	6,65	2,59	30,40	30,80	1471,77
788	10.07.2025 07:00:07	6,72	2,54	30,40	30,85	1472,04
789	10.07.2025 07:00:08	6,82	2,44	30,34	30,88	1472,36
790	10.07.2025 07:00:09	6,85	2,41	30,52	31,07	1472,71
791	10.07.2025 07:00:10	6,92	2,34	30,55	31,15	1473,00
792	10.07.2025 07:00:11	6,96	2,29	30,63	31,26	1473,24
793	10.07.2025 07:00:12	7,02	2,24	30,78	31,45	1473,68
794	10.07.2025 07:00:13	7,09	2,21	30,83	31,56	1474,02
795	10.07.2025 07:00:14	7,16	2,18	31,03	31,80	1474,54
796	10.07.2025 07:00:15	7,30	2,13	31,63	32,47	1475,82
797	10.07.2025 07:00:16	7,47	2,11	31,94	32,90	1476,87
798	10.07.2025 07:00:17	7,74	2,07	31,96	33,15	1477,93
799	10.07.2025 07:00:18	7,98	2,03	32,18	33,56	1479,10
800	10.07.2025 07:00:19	8,21	1,97	32,16	33,75	1479,97
801	10.07.2025 07:00:20	8,38	1,92	32,13	33,86	1480,56
802	10.07.2025 07:00:21	8,58	1,86	32,01	33,92	1481,15
803	10.07.2025 07:00:22	8,71	1,83	32,03	34,06	1481,68
804	10.07.2025 07:00:23	8,81	1,79	32,00	34,11	1482,01
805	10.07.2025 07:00:24	8,91	1,76	31,97	34,17	1482,34
806	10.07.2025 07:00:25	9,01	1,73	31,91	34,20	1482,63
807	10.07.2025 07:00:26	9,08	1,71	31,94	34,28	1482,90
808	10.07.2025 07:00:27	9,14	1,70	31,96	34,36	1483,18
809	10.07.2025 07:00:28	9,24	1,67	32,01	34,50	1483,61
810	10.07.2025 07:00:29	9,31	1,65	32,07	34,61	1483,91
811	10.07.2025 07:00:30	9,41	1,64	32,09	34,72	1484,30
812	10.07.2025 07:00:31	9,51	1,63	32,14	34,85	1484,73
813	10.07.2025 07:00:32	9,64	1,60	32,06	34,89	1485,10
814	10.07.2025 07:00:33	9,74	1,59	32,00	34,91	1485,38
815	10.07.2025 07:00:34	9,80	1,57	32,00	34,97	1485,62
816	10.07.2025 07:00:35	9,87	1,56	31,94	34,97	1485,79
817	10.07.2025 07:00:36	9,93	1,56	31,94	35,03	1486,02
818	10.07.2025 07:00:37	10,00	1,55	31,88	35,03	1486,19
819	10.07.2025 07:00:38	10,03	1,55	31,85	35,03	1486,27
820	10.07.2025 07:00:39	10,10	1,57	31,80	35,03	1486,44
821	10.07.2025 07:00:40	10,13	1,57	31,77	35,03	1486,53
822	10.07.2025 07:00:41	10,16	1,57	31,74	35,03	1486,61
823	10.07.2025 07:00:42	10,19	1,57	31,72	35,03	1486,69
824	10.07.2025 07:00:43	10,23	1,59	31,66	35,01	1486,75
825	10.07.2025 07:00:44	10,26	1,59	31,63	35,01	1486,83
826	10.07.2025 07:00:45	10,29	1,59	31,61	35,01	1486,92
827	10.07.2025 07:00:46	10,29	1,63	31,58	34,98	1486,89
828	10.07.2025 07:00:47	10,32	1,61	31,53	34,96	1486,94
829	10.07.2025 07:00:48	10,32	1,63	31,50	34,93	1486,91
830	10.07.2025 07:00:49	10,32	1,63	31,45	34,88	1486,84
831	10.07.2025 07:00:50	10,36	1,65	31,39	34,85	1486,89
832	10.07.2025 07:00:51	10,32	1,65	31,26	34,69	1486,61
833	10.07.2025 07:00:52	10,32	1,67	31,21	34,64	1486,55
834	10.07.2025 07:00:53	10,29	1,68	31,21	34,61	1486,43
835	10.07.2025 07:00:54	10,26	1,70	31,15	34,53	1486,25
836	10.07.2025 07:00:55	10,26	1,72	31,05	34,42	1486,12
837	10.07.2025 07:00:56	10,23	1,71	30,99	34,34	1485,94
838	10.07.2025 07:00:57	10,16	1,73	31,02	34,31	1485,74
839	10.07.2025 07:00:58	10,13	1,74	31,05	34,31	1485,66
840	10.07.2025 07:00:59	10,13	1,78	31,02	34,29	1485,63
841	10.07.2025 07:01:00	10,10	1,78	31,05	34,28	1485,55
842	10.07.2025 07:01:01	10,10	1,81	31,05	34,28	1485,55
843	10.07.2025 07:01:02	10,06	1,83	31,07	34,28	1485,47
844	10.07.2025 07:01:03	10,06	1,83	31,07	34,28	1485,47
845	10.07.2025 07:01:04	10,06	1,83	31,07	34,28	1485,47
846	10.07.2025 07:01:05	10,06	1,83	31,07	34,28	1485,47
847	10.07.2025 07:01:06	10,06	1,83	31,07	34,28	1485,47
848	10.07.2025 07:01:07	10,06	1,85	31,07	34,28	1485,47
849	10.07.2025 07:01:08	10,06	1,86	31,07	34,28	1485,48
850	10.07.2025 07:01:09	10,06	1,86	31,02	34,23	1485,41
851	10.07.2025 07:01:10	10,06	1,88	30,97	34,18	1485,35
852	10.07.2025 07:01:11	10,06	1,88	30,94	34,15	1485,31
853	10.07.2025 07:01:12	10,03	1,92	30,97	34,15	1485,23
854	10.07.2025 07:01:13	10,03	1,92	30,94	34,12	1485,20
855	10.07.2025 07:01:14	10,03	1,95	30,91	34,10	1485,17
856	10.07.2025 07:01:15	10,00	1,97	30,91	34,07	1485,06
857	10.07.2025 07:01:16	10,00	1,98	30,86	34,01	1484,99
858	10.07.2025 07:01:17	9,97	1,98	30,86	33,99	1484,87
859	10.07.2025 07:01:18	9,97	2,02	30,86	33,99	1484,88
860	10.07.2025 07:01:19	9,93	2,03	30,86	33,96	1484,76
861	10.07.2025 07:01:20	9,93	2,05	30,86	33,96	1484,76
862	10.07.2025 07:01:21	9,90	2,08	30,86	33,93	1484,65
863	10.07.2025 07:01:22	9,90	2,08	30,80	33,88	1484,58
864	10.07.2025 07:01:23	9,87	2,10	30,72	33,77	1484,37
865	10.07.2025 07:01:24	9,83	2,12	30,72	33,74	1484,25
866	10.07.2025 07:01:25	9,80	2,13	30,70	33,69	1484,10
867	10.07.2025 07:01:26	9,77	2,17	30,67	33,63	1483,95
868	10.07.2025 07:01:27	9,74	2,18	30,62	33,55	1483,77
869	10.07.2025 07:01:28	9,70	2,20	30,43	33,34	1483,41
870	10.07.2025 07:01:29	9,64	2,19	30,02	32,88	1482,67
871	10.07.2025 07:01:30	9,47	2,22	29,88	32,61	1481,90
872	10.07.2025 07:01:31	9,34	2,22	29,55	32,18	1481,00
873	10.07.2025 07:01:32	9,14	2,22	29,49	31,96	1480,19
874	10.07.2025 07:01:33	8,95	2,28	29,60	31,90	1479,59
875	10.07.2025 07:01:34	8,78	2,33	29,76	31,92	1479,17
876	10.07.2025 07:01:35	8,68	2,34	29,59	31,68	1478,58
877	10.07.2025 07:01:36	8,55	2,35	29,42	31,41	1477,87
878	10.07.2025 07:01:37	8,38	2,36	29,31	31,17	1477,09
879	10.07.2025 07:01:38	8,21	2,42	29,50	31,21	1476,70
880	10.07.2025 07:01:39	8,11	2,45	29,50	31,13	1476,32
881	10.07.2025 07:01:40	7,98	2,47	29,55	31,07	1475,87
882	10.07.2025 07:01:41	7,88	2,50	29,60	31,05	1475,55
883	10.07.2025 07:01:42	7,81	2,53	29,63	31,02	1475,33
884	10.07.2025 07:01:43	7,71	2,56	29,66	30,96	1474,98
885	10.07.2025 07:01:44	7,67	2,57	29,57	30,85	1474,74
886	10.07.2025 07:01:45	7,57	2,60	29,66	30,85	1474,46
887	10.07.2025 07:01:46	7,50	2,64	29,74	30,88	1474,30
888	10.07.2025 07:01:47	7,43	2,65	29,77	30,85	1474,08
889	10.07.2025 07:01:48	7,37	2,68	29,82	30,84	1473,89
890	10.07.2025 07:01:49	7,33	2,70	29,77	30,76	1473,68
891	10.07.2025 07:01:50	7,26	2,71	29,71	30,65	1473,35
892	10.07.2025 07:01:51	7,20	2,73	29,71	30,60	1473,08
893	10.07.2025 07:01:52	7,13	2,76	29,74	30,57	1472,85
894	10.07.2025 07:01:53	7,06	2,79	29,74	30,52	1472,59
895	10.07.2025 07:01:54	6,99	2,80	29,71	30,43	1472,28
896	10.07.2025 07:01:55	6,92	2,84	29,68	30,35	1471,98
897	10.07.2025 07:01:56	6,82	2,85	29,59	30,19	1471,46
898	10.07.2025 07:01:57	6,75	2,86	29,59	30,13	1471,19
899	10.07.2025 07:01:58	6,65	2,87	29,65	30,10	1470,85
900	10.07.2025 07:01:59	6,58	2,92	29,73	30,13	1470,70
901	10.07.2025 07:02:00	6,51	2,94	29,76	30,10	1470,46
902	10.07.2025 07:02:01	6,44	2,93	29,41	29,72	1469,74
903	10.07.2025 07:02:02	6,33	2,95	29,35	29,59	1469,25
904	10.07.2025 07:02:03	6,19	2,99	29,47	29,58	1468,84
905	10.07.2025 07:02:04	6,09	3,01	29,58	29,61	1468,57
906	10.07.2025 07:02:05	6,02	3,04	29,50	29,47	1468,18
907	10.07.2025 07:02:06	5,91	3,03	29,47	29,36	1467,72
908	10.07.2025 07:02:07	5,77	3,08	29,47	29,25	1467,16
909	10.07.2025 07:02:08	5,67	3,11	29,55	29,25	1466,85
910	10.07.2025 07:02:09	5,53	3,13	29,56	29,14	1466,28
911	10.07.2025 07:02:10	5,46	3,17	29,46	29,00	1465,88
912	10.07.2025 07:02:11	5,35	3,18	29,56	29,00	1465,56
913	10.07.2025 07:02:12	5,24	3,21	29,53	28,89	1465,09
914	10.07.2025 07:02:13	5,14	3,22	29,89	29,13	1465,12
915	10.07.2025 07:02:14	5,07	3,27	29,95	29,13	1464,91
916	10.07.2025 07:02:15	5,03	3,29	29,95	29,10	1464,77
917	10.07.2025 07:02:16	4,96	3,32	29,98	29,07	1464,52
918	10.07.2025 07:02:17	4,92	3,33	29,92	28,99	1464,30
919	10.07.2025 07:02:18	4,85	3,33	29,95	28,96	1464,04
920	10.07.2025 07:02:19	4,78	3,34	29,77	28,75	1463,51
921	10.07.2025 07:02:20	4,67	3,37	29,87	28,74	1463,19
922	10.07.2025 07:02:21	4,56	3,40	29,84	28,63	1462,71
923	10.07.2025 07:02:22	4,45	3,45	29,99	28,68	1462,46
924	10.07.2025 07:02:23	4,38	3,45	30,00	28,63	1462,16
925	10.07.2025 07:02:24	4,35	3,48	30,06	28,65	1462,09
926	10.07.2025 07:02:25	4,27	3,51	30,19	28,71	1461,96
927	10.07.2025 07:02:26	4,24	3,53	30,09	28,60	1461,69
928	10.07.2025 07:02:27	4,16	3,54	30,16	28,60	1461,47
929	10.07.2025 07:02:28	4,13	3,57	30,19	28,59	1461,36
930	10.07.2025 07:02:29	4,09	3,61	30,22	28,59	1461,26
931	10.07.2025 07:02:30	4,02	3,62	30,26	28,57	1460,99
932	10.07.2025 07:02:31	3,98	3,64	30,29	28,56	1460,89
933	10.07.2025 07:02:32	3,95	3,67	30,38	28,62	1460,86
934	10.07.2025 07:02:33	3,91	3,68	30,39	28,59	1460,71
935	10.07.2025 07:02:34	3,87	3,72	30,42	28,59	1460,60
936	10.07.2025 07:02:35	3,84	3,73	30,45	28,59	1460,49
937	10.07.2025 07:02:36	3,80	3,77	30,52	28,61	1460,43
938	10.07.2025 07:02:37	3,76	3,78	30,55	28,61	1460,32
939	10.07.2025 07:02:38	3,76	3,80	30,52	28,59	1460,28
940	10.07.2025 07:02:39	3,73	3,81	30,61	28,64	1460,25
941	10.07.2025 07:02:40	3,73	3,85	30,61	28,64	1460,25
942	10.07.2025 07:02:41	3,69	3,87	30,68	28,66	1460,19
943	10.07.2025 07:02:42	3,69	3,88	30,65	28,64	1460,15
944	10.07.2025 07:02:43	3,65	3,92	30,68	28,64	1460,04
945	10.07.2025 07:02:44	3,62	3,93	30,71	28,64	1459,93
946	10.07.2025 07:02:45	3,62	3,95	30,71	28,64	1459,93
947	10.07.2025 07:02:46	3,58	3,96	30,75	28,63	1459,82
948	10.07.2025 07:02:47	3,54	3,98	30,78	28,63	1459,71
949	10.07.2025 07:02:48	3,54	4,02	30,81	28,66	1459,76
950	10.07.2025 07:02:49	3,50	4,03	30,82	28,63	1459,61
951	10.07.2025 07:02:50	3,50	4,05	30,81	28,63	1459,61
952	10.07.2025 07:02:51	3,47	4,06	30,85	28,63	1459,50
953	10.07.2025 07:02:52	3,43	4,08	30,91	28,66	1459,43
954	10.07.2025 07:02:53	3,43	4,11	30,91	28,66	1459,43
955	10.07.2025 07:02:54	3,39	4,13	30,95	28,66	1459,32
956	10.07.2025 07:02:55	3,39	4,15	30,95	28,66	1459,32
957	10.07.2025 07:02:56	3,36	4,16	30,98	28,66	1459,21
958	10.07.2025 07:02:57	3,36	4,18	30,95	28,63	1459,17
959	10.07.2025 07:02:58	3,32	4,20	31,02	28,66	1459,10
960	10.07.2025 07:02:59	3,32	4,23	30,98	28,63	1459,07
961	10.07.2025 07:03:00	3,28	4,21	31,02	28,63	1458,95
962	10.07.2025 07:03:01	3,28	4,25	31,02	28,63	1458,96
963	10.07.2025 07:03:02	3,25	4,26	31,02	28,60	1458,80
964	10.07.2025 07:03:03	3,25	4,28	31,02	28,60	1458,80
965	10.07.2025 07:03:04	3,21	4,31	31,06	28,60	1458,70
966	10.07.2025 07:03:05	3,17	4,33	31,06	28,57	1458,54
967	10.07.2025 07:03:06	3,17	4,35	31,06	28,57	1458,54
968	10.07.2025 07:03:07	3,13	4,38	31,06	28,54	1458,39
969	10.07.2025 07:03:08	3,13	4,38	31,06	28,54	1458,39
970	10.07.2025 07:03:09	3,10	4,41	31,10	28,54	1458,28
971	10.07.2025 07:03:10	3,10	4,41	31,10	28,54	1458,28
972	10.07.2025 07:03:11	3,06	4,45	31,13	28,54	1458,17
973	10.07.2025 07:03:12	3,02	4,48	31,13	28,51	1458,02
974	10.07.2025 07:03:13	3,02	4,50	31,16	28,54	1458,07
975	10.07.2025 07:03:14	2,98	4,51	31,17	28,51	1457,91
976	10.07.2025 07:03:15	2,98	4,55	31,20	28,54	1457,96
977	10.07.2025 07:03:16	2,95	4,56	31,04	28,38	1457,59
978	10.07.2025 07:03:17	2,91	4,58	31,08	28,38	1457,48
979	10.07.2025 07:03:18	2,87	4,61	31,18	28,43	1457,45
980	10.07.2025 07:03:19	2,87	4,63	31,11	28,38	1457,37
981	10.07.2025 07:03:20	2,84	4,64	31,15	28,38	1457,26
982	10.07.2025 07:03:21	2,80	4,68	31,12	28,32	1457,06
983	10.07.2025 07:03:22	2,76	4,69	31,22	28,37	1457,03
984	10.07.2025 07:03:23	2,76	4,75	31,22	28,37	1457,04
985	10.07.2025 07:03:24	2,76	4,75	31,18	28,35	1457,00
986	10.07.2025 07:03:25	2,72	4,76	31,22	28,35	1456,88
987	10.07.2025 07:03:26	2,72	4,78	31,19	28,32	1456,84
988	10.07.2025 07:03:27	2,68	4,81	31,22	28,32	1456,73
989	10.07.2025 07:03:28	2,65	4,83	31,26	28,32	1456,62
990	10.07.2025 07:03:29	2,65	4,84	31,26	28,32	1456,62
991	10.07.2025 07:03:30	2,61	4,90	31,29	28,32	1456,51
992	10.07.2025 07:03:31	2,61	4,91	31,23	28,26	1456,43
993	10.07.2025 07:03:32	2,57	4,93	31,30	28,29	1456,35
994	10.07.2025 07:03:33	2,57	4,95	31,26	28,26	1456,31
995	10.07.2025 07:03:34	2,57	4,96	31,23	28,24	1456,27
996	10.07.2025 07:03:35	2,53	4,98	31,27	28,24	1456,16
997	10.07.2025 07:03:36	2,50	5,01	31,30	28,23	1456,05
998	10.07.2025 07:03:37	2,50	5,01	31,30	28,23	1456,05
999	10.07.2025 07:03:38	2,46	5,06	31,34	28,23	1455,94
1000	10.07.2025 07:03:39	2,46	5,08	31,34	28,23	1455,94
1001	10.07.2025 07:03:40	2,46	5,11	31,34	28,23	1455,94
1002	10.07.2025 07:03:41	2,42	5,13	31,37	28,23	1455,83
1003	10.07.2025 07:03:42	2,42	5,15	31,37	28,23	1455,83
1004	10.07.2025 07:03:43	2,42	5,18	31,37	28,23	1455,84
1005	10.07.2025 07:03:44	2,38	5,20	31,41	28,23	1455,72
1006	10.07.2025 07:03:45	2,38	5,23	31,41	28,23	1455,73
1007	10.07.2025 07:03:46	2,38	5,23	31,41	28,23	1455,73
1008	10.07.2025 07:03:47	2,34	5,27	31,41	28,20	1455,57
1009	10.07.2025 07:03:48	2,34	5,28	31,41	28,20	1455,57
1010	10.07.2025 07:03:49	2,34	5,32	31,41	28,20	1455,58
1011	10.07.2025 07:03:50	2,31	5,33	31,45	28,20	1455,46
1012	10.07.2025 07:03:51	2,31	5,35	31,45	28,20	1455,46
1013	10.07.2025 07:03:52	2,31	5,39	31,45	28,20	1455,47
1014	10.07.2025 07:03:53	2,31	5,40	31,48	28,23	1455,52
1015	10.07.2025 07:03:54	2,27	5,44	31,52	28,23	1455,40
1016	10.07.2025 07:03:55	2,27	5,46	31,52	28,23	1455,40
1017	10.07.2025 07:03:56	2,27	5,47	31,52	28,23	1455,41
1018	10.07.2025 07:03:57	2,27	5,51	31,52	28,23	1455,41
1019	10.07.2025 07:03:58	2,27	5,53	31,48	28,20	1455,37
1020	10.07.2025 07:03:59	2,23	5,54	31,49	28,18	1455,21
1021	10.07.2025 07:04:00	2,23	5,58	31,45	28,15	1455,17
1022	10.07.2025 07:04:01	2,19	5,59	31,49	28,15	1455,06
1023	10.07.2025 07:04:02	2,19	5,61	31,52	28,17	1455,10
1024	10.07.2025 07:04:03	2,19	5,64	31,52	28,17	1455,11
1025	10.07.2025 07:04:04	2,15	5,68	31,56	28,17	1455,00
1026	10.07.2025 07:04:05	2,15	5,68	31,56	28,17	1455,00
1027	10.07.2025 07:04:06	2,15	5,71	31,56	28,17	1455,00
1028	10.07.2025 07:04:07	2,15	5,73	31,53	28,15	1454,96
1029	10.07.2025 07:04:08	2,12	5,74	31,56	28,15	1454,84
1030	10.07.2025 07:04:09	2,12	5,76	31,56	28,15	1454,85
1031	10.07.2025 07:04:10	2,12	5,80	31,56	28,15	1454,85
1032	10.07.2025 07:04:11	2,12	5,81	31,60	28,17	1454,90
1033	10.07.2025 07:04:12	2,12	5,83	31,63	28,20	1454,94
1034	10.07.2025 07:04:13	2,12	5,87	31,63	28,20	1454,95
1035	10.07.2025 07:04:14	2,12	5,88	31,63	28,20	1454,95
1036	10.07.2025 07:04:15	2,12	5,92	31,63	28,20	1454,96
1037	10.07.2025 07:04:16	2,12	5,94	31,63	28,20	1454,96
1038	10.07.2025 07:04:17	2,12	5,97	31,63	28,20	1454,97
1039	10.07.2025 07:04:18	2,12	5,99	31,63	28,20	1454,97
1040	10.07.2025 07:04:19	2,12	6,02	31,63	28,20	1454,97
1041	10.07.2025 07:04:20	2,08	6,04	31,66	28,20	1454,86
1042	10.07.2025 07:04:21	2,08	6,08	31,66	28,20	1454,86
1043	10.07.2025 07:04:22	2,08	6,09	31,63	28,17	1454,82
1044	10.07.2025 07:04:23	2,08	6,13	31,63	28,17	1454,83
1045	10.07.2025 07:04:24	2,08	6,15	31,63	28,17	1454,83
1046	10.07.2025 07:04:25	2,04	6,16	31,67	28,17	1454,71
1047	10.07.2025 07:04:26	2,04	6,18	31,67	28,17	1454,72
1048	10.07.2025 07:04:27	2,04	6,21	31,67	28,17	1454,72
1049	10.07.2025 07:04:28	2,04	6,23	31,70	28,20	1454,77
1050	10.07.2025 07:04:29	2,04	6,27	31,67	28,17	1454,73
1051	10.07.2025 07:04:30	2,04	6,28	31,70	28,20	1454,78
1052	10.07.2025 07:04:31	2,04	6,32	31,70	28,20	1454,78
1053	10.07.2025 07:04:32	2,04	6,34	31,70	28,20	1454,78
1054	10.07.2025 07:04:33	2,04	6,35	31,70	28,20	1454,79
1055	10.07.2025 07:04:34	2,04	6,37	31,67	28,17	1454,75
1056	10.07.2025 07:04:35	2,00	6,40	31,70	28,17	1454,63
1057	10.07.2025 07:04:36	2,00	6,42	31,67	28,14	1454,59
1058	10.07.2025 07:04:37	2,00	6,46	31,67	28,14	1454,59
1059	10.07.2025 07:04:38	2,00	6,47	31,67	28,14	1454,60
1060	10.07.2025 07:04:39	2,00	6,51	31,67	28,14	1454,60
1061	10.07.2025 07:04:40	1,96	6,52	31,71	28,14	1454,49
1062	10.07.2025 07:04:41	1,96	6,56	31,71	28,14	1454,49
1063	10.07.2025 07:04:42	1,96	6,58	31,67	28,12	1454,45
1064	10.07.2025 07:04:43	1,96	6,59	31,67	28,12	1454,45
1065	10.07.2025 07:04:44	1,96	6,65	31,64	28,09	1454,42
1066	10.07.2025 07:04:45	1,93	6,66	31,68	28,09	1454,30
1067	10.07.2025 07:04:46	1,93	6,68	31,64	28,06	1454,26
1068	10.07.2025 07:04:47	1,93	6,72	31,64	28,06	1454,26
1069	10.07.2025 07:04:48	1,89	6,71	31,68	28,06	1454,14
1070	10.07.2025 07:04:49	1,89	6,75	31,68	28,06	1454,15
1071	10.07.2025 07:04:50	1,89	6,78	31,75	28,11	1454,24
1072	10.07.2025 07:04:51	1,89	6,80	31,71	28,09	1454,20
1073	10.07.2025 07:04:52	1,89	6,84	31,71	28,09	1454,21
1074	10.07.2025 07:04:53	1,89	6,84	31,75	28,11	1454,25
1075	10.07.2025 07:04:54	1,89	6,87	31,71	28,09	1454,21
1076	10.07.2025 07:04:55	1,89	6,89	31,71	28,09	1454,21
1077	10.07.2025 07:04:56	1,89	6,92	31,71	28,09	1454,22
1078	10.07.2025 07:04:57	1,89	6,96	31,75	28,11	1454,27
1079	10.07.2025 07:04:58	1,89	6,98	31,71	28,09	1454,23
1080	10.07.2025 07:04:59	1,89	6,99	31,71	28,09	1454,23
1081	10.07.2025 07:05:00	1,85	7,03	31,75	28,09	1454,11
1082	10.07.2025 07:05:01	1,85	7,04	31,75	28,09	1454,12
1083	10.07.2025 07:05:02	1,85	7,08	31,72	28,06	1454,08
1084	10.07.2025 07:05:03	1,85	7,10	31,75	28,09	1454,13
1085	10.07.2025 07:05:04	1,85	7,11	31,72	28,06	1454,08
1086	10.07.2025 07:05:05	1,85	7,13	31,72	28,06	1454,09
1087	10.07.2025 07:05:06	1,85	7,17	31,82	28,14	1454,22
1088	10.07.2025 07:05:07	1,85	7,18	31,82	28,14	1454,23
1089	10.07.2025 07:05:08	1,85	7,20	31,82	28,14	1454,23
1090	10.07.2025 07:05:09	1,85	7,24	31,78	28,11	1454,19
1091	10.07.2025 07:05:10	1,85	7,25	31,82	28,14	1454,24
1092	10.07.2025 07:05:11	1,85	7,27	31,78	28,11	1454,20
1093	10.07.2025 07:05:12	1,85	7,31	31,78	28,11	1454,20
1094	10.07.2025 07:05:13	1,85	7,34	31,78	28,11	1454,21
1095	10.07.2025 07:05:14	1,85	7,36	31,82	28,14	1454,25
1096	10.07.2025 07:05:15	1,85	7,38	31,82	28,14	1454,26
1097	10.07.2025 07:05:16	1,85	7,41	31,78	28,11	1454,22
1098	10.07.2025 07:05:17	1,85	7,41	31,81	28,14	1454,26
1099	10.07.2025 07:05:18	1,85	7,43	31,81	28,14	1454,27
1100	10.07.2025 07:05:19	1,85	7,46	31,81	28,14	1454,27
1101	10.07.2025 07:05:20	1,85	7,50	31,78	28,11	1454,23
1102	10.07.2025 07:05:21	1,85	7,52	31,78	28,11	1454,24
1103	10.07.2025 07:05:22	1,85	7,53	31,75	28,09	1454,19
1104	10.07.2025 07:05:23	1,81	7,57	31,79	28,09	1454,08
1105	10.07.2025 07:05:24	1,81	7,58	31,78	28,09	1454,08
1106	10.07.2025 07:05:25	1,81	7,60	31,78	28,09	1454,08
1107	10.07.2025 07:05:26	1,81	7,62	31,78	28,09	1454,09
1108	10.07.2025 07:05:27	1,81	7,64	31,78	28,09	1454,09
1109	10.07.2025 07:05:28	1,81	7,67	31,78	28,09	1454,09
1110	10.07.2025 07:05:29	1,81	7,69	31,78	28,09	1454,10
1111	10.07.2025 07:05:30	1,81	7,71	31,78	28,09	1454,10
1112	10.07.2025 07:05:31	1,77	7,72	31,82	28,08	1453,98
1113	10.07.2025 07:05:32	1,77	7,74	31,82	28,08	1453,98
1114	10.07.2025 07:05:33	1,77	7,77	31,82	28,08	1453,99
1115	10.07.2025 07:05:34	1,77	7,79	31,79	28,06	1453,95
1116	10.07.2025 07:05:35	1,77	7,83	31,79	28,06	1453,95
1117	10.07.2025 07:05:36	1,77	7,83	31,79	28,06	1453,95
1118	10.07.2025 07:05:37	1,77	7,84	31,82	28,08	1454,00
1119	10.07.2025 07:05:38	1,77	7,84	31,82	28,08	1454,00
1120	10.07.2025 07:05:39	1,77	7,86	31,82	28,08	1454,00
1121	10.07.2025 07:05:40	1,77	7,86	31,82	28,08	1454,00
1122	10.07.2025 07:05:41	1,77	7,88	31,82	28,08	1454,01
1123	10.07.2025 07:05:42	1,77	7,90	31,79	28,06	1453,96
1124	10.07.2025 07:05:43	1,73	7,93	31,83	28,06	1453,85
1125	10.07.2025 07:05:44	1,73	7,93	31,82	28,06	1453,85
1126	10.07.2025 07:05:45	1,73	7,95	31,82	28,06	1453,85
1127	10.07.2025 07:05:46	1,73	7,97	31,82	28,06	1453,85
1128	10.07.2025 07:05:47	1,73	8,00	31,82	28,06	1453,86
1129	10.07.2025 07:05:48	1,73	8,00	31,82	28,06	1453,86
1130	10.07.2025 07:05:49	1,73	8,02	31,79	28,03	1453,82
1131	10.07.2025 07:05:50	1,70	8,05	31,86	28,06	1453,75
1132	10.07.2025 07:05:51	1,70	8,05	31,86	28,06	1453,75
1133	10.07.2025 07:05:52	1,70	8,09	31,83	28,03	1453,71
1134	10.07.2025 07:05:53	1,70	8,10	31,86	28,06	1453,75
1135	10.07.2025 07:05:54	1,70	8,14	31,86	28,06	1453,76
1136	10.07.2025 07:05:55	1,70	8,16	31,86	28,06	1453,76
1137	10.07.2025 07:05:56	1,70	8,19	31,86	28,06	1453,77
1138	10.07.2025 07:05:57	1,70	8,21	31,86	28,06	1453,77
1139	10.07.2025 07:05:58	1,66	8,24	31,87	28,03	1453,61
1140	10.07.2025 07:05:59	1,70	8,24	31,83	28,03	1453,73
1141	10.07.2025 07:06:00	1,66	8,28	31,90	28,06	1453,66
1142	10.07.2025 07:06:01	1,66	8,31	31,90	28,06	1453,67
1143	10.07.2025 07:06:02	1,66	8,33	31,90	28,06	1453,67
1144	10.07.2025 07:06:03	1,66	8,35	31,90	28,06	1453,67
1145	10.07.2025 07:06:04	1,66	8,38	31,90	28,06	1453,68
1146	10.07.2025 07:06:05	1,66	8,42	31,90	28,06	1453,68
1147	10.07.2025 07:06:06	1,66	8,45	31,90	28,06	1453,69
1148	10.07.2025 07:06:07	1,66	8,49	31,90	28,06	1453,69
1149	10.07.2025 07:06:08	1,66	8,50	31,90	28,06	1453,70
1150	10.07.2025 07:06:09	1,66	8,52	31,90	28,06	1453,70
1151	10.07.2025 07:06:10	1,66	8,56	31,90	28,06	1453,70
1152	10.07.2025 07:06:11	1,66	8,59	31,90	28,06	1453,71
1153	10.07.2025 07:06:12	1,66	8,63	31,86	28,03	1453,67
1154	10.07.2025 07:06:13	1,66	8,64	31,90	28,06	1453,72
1155	10.07.2025 07:06:14	1,66	8,66	31,90	28,06	1453,72
1156	10.07.2025 07:06:15	1,62	8,69	31,94	28,05	1453,60
1157	10.07.2025 07:06:16	1,62	8,71	31,93	28,05	1453,61
1158	10.07.2025 07:06:17	1,62	8,75	31,93	28,05	1453,61
1159	10.07.2025 07:06:18	1,62	8,78	31,93	28,05	1453,62
1160	10.07.2025 07:06:19	1,62	8,80	31,97	28,08	1453,66
1161	10.07.2025 07:06:20	1,62	8,83	31,93	28,05	1453,63
1162	10.07.2025 07:06:21	1,62	8,85	31,97	28,08	1453,67
1163	10.07.2025 07:06:22	1,62	8,87	31,90	28,03	1453,59
1164	10.07.2025 07:06:23	1,62	8,90	31,90	28,03	1453,59
1165	10.07.2025 07:06:24	1,62	8,94	31,90	28,03	1453,60
1166	10.07.2025 07:06:25	1,62	8,96	31,90	28,03	1453,60
1167	10.07.2025 07:06:26	1,62	8,97	31,90	28,03	1453,60
1168	10.07.2025 07:06:27	1,62	9,01	31,90	28,03	1453,61
1169	10.07.2025 07:06:28	1,62	9,03	31,90	28,03	1453,61
1170	10.07.2025 07:06:29	1,62	9,06	31,90	28,03	1453,62
1171	10.07.2025 07:06:30	1,62	9,10	31,90	28,03	1453,62
1172	10.07.2025 07:06:31	1,62	9,11	31,90	28,03	1453,62
1173	10.07.2025 07:06:32	1,62	9,15	31,90	28,03	1453,63
1174	10.07.2025 07:06:33	1,62	9,18	31,90	28,03	1453,64
1175	10.07.2025 07:06:34	1,62	9,22	31,90	28,03	1453,64
1176	10.07.2025 07:06:35	1,62	9,24	31,90	28,03	1453,64
1177	10.07.2025 07:06:36	1,62	9,27	31,93	28,05	1453,69
1178	10.07.2025 07:06:37	1,62	9,31	31,90	28,03	1453,65
1179	10.07.2025 07:06:38	1,62	9,34	31,93	28,05	1453,70
1180	10.07.2025 07:06:39	1,62	9,38	31,90	28,03	1453,67
1181	10.07.2025 07:06:40	1,58	9,41	31,94	28,03	1453,55
1182	10.07.2025 07:06:41	1,58	9,43	31,93	28,03	1453,55
1183	10.07.2025 07:06:42	1,58	9,46	31,97	28,05	1453,60
1184	10.07.2025 07:06:43	1,58	9,48	31,97	28,05	1453,60
1185	10.07.2025 07:06:44	1,58	9,53	31,97	28,05	1453,61
1186	10.07.2025 07:06:45	1,62	9,55	31,93	28,05	1453,74
1187	10.07.2025 07:06:46	1,62	9,60	31,93	28,05	1453,74
1188	10.07.2025 07:06:47	1,62	9,62	31,93	28,05	1453,75
1189	10.07.2025 07:06:48	1,62	9,64	31,93	28,05	1453,75
1190	10.07.2025 07:06:49	1,62	9,67	31,93	28,05	1453,76
1191	10.07.2025 07:06:50	1,62	9,71	31,93	28,05	1453,76
1192	10.07.2025 07:06:51	1,62	9,73	31,93	28,05	1453,76
1193	10.07.2025 07:06:52	1,62	9,76	31,93	28,05	1453,77
1194	10.07.2025 07:06:53	1,62	9,78	31,93	28,05	1453,77
1195	10.07.2025 07:06:54	1,62	9,81	31,93	28,05	1453,78
1196	10.07.2025 07:06:55	1,62	9,83	31,93	28,05	1453,78
1197	10.07.2025 07:06:56	1,62	9,87	31,93	28,05	1453,79
1198	10.07.2025 07:06:57	1,62	9,88	31,93	28,05	1453,79
1199	10.07.2025 07:06:58	1,62	9,92	31,93	28,05	1453,79
1200	10.07.2025 07:06:59	1,62	9,94	31,93	28,05	1453,80
1201	10.07.2025 07:07:00	1,62	9,95	31,93	28,05	1453,80
1202	10.07.2025 07:07:01	1,62	10,01	31,93	28,05	1453,81
1203	10.07.2025 07:07:02	1,62	10,02	31,93	28,05	1453,81
1204	10.07.2025 07:07:03	1,62	10,06	31,93	28,05	1453,82
1205	10.07.2025 07:07:04	1,58	10,09	31,96	28,05	1453,70
1206	10.07.2025 07:07:05	1,58	10,11	31,93	28,03	1453,66
1207	10.07.2025 07:07:06	1,58	10,13	31,93	28,03	1453,66
1208	10.07.2025 07:07:07	1,58	10,16	31,93	28,03	1453,67
1209	10.07.2025 07:07:08	1,58	10,18	31,93	28,03	1453,67
1210	10.07.2025 07:07:09	1,58	10,22	31,96	28,05	1453,72
1211	10.07.2025 07:07:10	1,58	10,23	31,93	28,03	1453,68
1212	10.07.2025 07:07:11	1,58	10,25	31,93	28,03	1453,68
1213	10.07.2025 07:07:12	1,58	10,29	31,96	28,05	1453,73
1214	10.07.2025 07:07:13	1,58	10,32	32,00	28,08	1453,78
1215	10.07.2025 07:07:14	1,58	10,34	32,00	28,08	1453,78
1216	10.07.2025 07:07:15	1,58	10,37	31,96	28,05	1453,74
1217	10.07.2025 07:07:16	1,58	10,39	32,00	28,08	1453,79
1218	10.07.2025 07:07:17	1,58	10,43	32,00	28,08	1453,80
1219	10.07.2025 07:07:18	1,58	10,44	32,00	28,08	1453,80
1220	10.07.2025 07:07:19	1,58	10,46	32,00	28,08	1453,80
1221	10.07.2025 07:07:20	1,58	10,50	32,00	28,08	1453,81
1222	10.07.2025 07:07:21	1,58	10,50	31,96	28,05	1453,76
1223	10.07.2025 07:07:22	1,58	10,55	31,96	28,05	1453,77
1224	10.07.2025 07:07:23	1,58	10,57	32,00	28,08	1453,82
1225	10.07.2025 07:07:24	1,58	10,58	32,00	28,08	1453,82
1226	10.07.2025 07:07:25	1,58	10,62	32,00	28,08	1453,83
1227	10.07.2025 07:07:26	1,58	10,64	32,00	28,08	1453,83
1228	10.07.2025 07:07:27	1,58	10,65	32,00	28,08	1453,83
1229	10.07.2025 07:07:28	1,58	10,69	32,00	28,08	1453,84
1230	10.07.2025 07:07:29	1,58	10,72	32,00	28,08	1453,84
1231	10.07.2025 07:07:30	1,58	10,74	32,00	28,08	1453,84
1232	10.07.2025 07:07:31	1,58	10,76	31,99	28,08	1453,85
1233	10.07.2025 07:07:32	1,58	10,78	31,99	28,08	1453,85
1234	10.07.2025 07:07:33	1,58	10,81	31,99	28,08	1453,85
1235	10.07.2025 07:07:34	1,54	10,83	32,10	28,13	1453,82
1236	10.07.2025 07:07:35	1,54	10,86	32,07	28,11	1453,79
1237	10.07.2025 07:07:36	1,54	10,88	32,07	28,11	1453,79
1238	10.07.2025 07:07:37	1,54	10,91	32,07	28,11	1453,79
1239	10.07.2025 07:07:38	1,54	10,93	32,03	28,08	1453,75
1240	10.07.2025 07:07:39	1,54	10,95	32,03	28,08	1453,75
1241	10.07.2025 07:07:40	1,54	10,98	32,03	28,08	1453,76
1242	10.07.2025 07:07:41	1,54	11,02	32,00	28,05	1453,72
1243	10.07.2025 07:07:42	1,50	11,03	32,00	28,02	1453,56
1244	10.07.2025 07:07:43	1,50	11,07	32,00	28,02	1453,56
1245	10.07.2025 07:07:44	1,50	11,10	32,04	28,05	1453,61
1246	10.07.2025 07:07:45	1,50	11,12	32,04	28,05	1453,62
1247	10.07.2025 07:07:46	1,50	11,14	32,04	28,05	1453,62
1248	10.07.2025 07:07:47	1,50	11,17	32,04	28,05	1453,62
1249	10.07.2025 07:07:48	1,50	11,19	32,10	28,11	1453,72
1250	10.07.2025 07:07:49	1,50	11,23	32,10	28,11	1453,72
1251	10.07.2025 07:07:50	1,50	11,24	32,10	28,11	1453,72
1252	10.07.2025 07:07:51	1,50	11,26	32,07	28,08	1453,68
1253	10.07.2025 07:07:52	1,50	11,30	32,10	28,11	1453,73
1254	10.07.2025 07:07:53	1,50	11,33	32,17	28,16	1453,83
1255	10.07.2025 07:07:54	1,50	11,35	32,17	28,16	1453,83
1256	10.07.2025 07:07:55	1,50	11,37	32,17	28,16	1453,83
1257	10.07.2025 07:07:56	1,54	11,40	32,20	28,21	1454,05
1258	10.07.2025 07:07:57	1,54	11,42	32,16	28,19	1454,01
1259	10.07.2025 07:07:58	1,54	11,46	32,20	28,21	1454,06
1260	10.07.2025 07:07:59	1,54	11,49	32,20	28,21	1454,06
1261	10.07.2025 07:08:00	1,54	11,53	32,20	28,21	1454,07
1262	10.07.2025 07:08:01	1,54	11,54	32,20	28,21	1454,07
1263	10.07.2025 07:08:02	1,54	11,60	32,20	28,21	1454,08
1264	10.07.2025 07:08:03	1,54	11,63	32,20	28,21	1454,08
1265	10.07.2025 07:08:04	1,54	11,65	32,20	28,21	1454,09
1266	10.07.2025 07:08:05	1,54	11,67	32,23	28,24	1454,13
1267	10.07.2025 07:08:06	1,54	11,67	32,20	28,21	1454,09
1268	10.07.2025 07:08:07	1,54	11,68	32,20	28,21	1454,09
1269	10.07.2025 07:08:08	1,54	11,70	32,20	28,21	1454,09
1270	10.07.2025 07:08:09	1,54	11,70	32,20	28,21	1454,09
1271	10.07.2025 07:08:10	1,54	11,70	32,20	28,21	1454,09
1272	10.07.2025 07:08:11	1,54	11,72	32,20	28,21	1454,10
1273	10.07.2025 07:08:12	1,58	11,74	32,16	28,21	1454,22
1274	10.07.2025 07:08:13	1,54	11,75	32,20	28,21	1454,10
1275	10.07.2025 07:08:14	1,54	11,75	32,16	28,19	1454,06
1276	10.07.2025 07:08:15	1,54	11,77	32,16	28,19	1454,06
1277	10.07.2025 07:08:16	1,54	11,79	32,20	28,21	1454,11
1278	10.07.2025 07:08:17	1,54	11,79	32,20	28,21	1454,11
1279	10.07.2025 07:08:18	1,54	11,82	32,23	28,24	1454,16
1280	10.07.2025 07:08:19	1,54	11,84	32,23	28,24	1454,16
1281	10.07.2025 07:08:20	1,54	11,86	32,26	28,27	1454,21
1282	10.07.2025 07:08:21	1,58	11,88	32,19	28,24	1454,29
1283	10.07.2025 07:08:22	1,58	11,90	32,19	28,24	1454,29
1284	10.07.2025 07:08:23	1,58	11,93	32,19	28,24	1454,30
1285	10.07.2025 07:08:24	1,58	11,95	32,19	28,24	1454,30
1286	10.07.2025 07:08:25	1,58	11,98	32,19	28,24	1454,30
1287	10.07.2025 07:08:26	1,58	12,00	32,19	28,24	1454,31
1288	10.07.2025 07:08:27	1,58	12,02	32,19	28,24	1454,31
1289	10.07.2025 07:08:28	1,58	12,07	32,19	28,24	1454,32
1290	10.07.2025 07:08:29	1,58	12,09	32,22	28,27	1454,36
1291	10.07.2025 07:08:30	1,58	12,12	32,22	28,27	1454,37
1292	10.07.2025 07:08:31	1,58	12,14	32,26	28,29	1454,42
1293	10.07.2025 07:08:32	1,58	12,19	32,26	28,29	1454,43
1294	10.07.2025 07:08:33	1,58	12,21	32,26	28,29	1454,43
1295	10.07.2025 07:08:34	1,58	12,26	32,29	28,32	1454,48
1296	10.07.2025 07:08:35	1,58	12,30	32,32	28,35	1454,53
1297	10.07.2025 07:08:36	1,58	12,33	32,32	28,35	1454,54
1298	10.07.2025 07:08:37	1,62	12,37	32,32	28,37	1454,71
1299	10.07.2025 07:08:38	1,62	12,40	32,35	28,40	1454,76
1300	10.07.2025 07:08:39	1,62	12,42	32,32	28,38	1454,72
1301	10.07.2025 07:08:40	1,62	12,46	32,38	28,43	1454,81
1302	10.07.2025 07:08:41	1,62	12,51	32,38	28,43	1454,82
1303	10.07.2025 07:08:42	1,62	12,54	32,35	28,40	1454,78
1304	10.07.2025 07:08:43	1,62	12,58	32,35	28,40	1454,78
1305	10.07.2025 07:08:44	1,62	12,61	32,35	28,40	1454,79
1306	10.07.2025 07:08:45	1,62	12,63	32,35	28,40	1454,79
1307	10.07.2025 07:08:46	1,66	12,69	32,28	28,38	1454,88
1308	10.07.2025 07:08:47	1,66	12,72	32,34	28,43	1454,97
1309	10.07.2025 07:08:48	1,66	12,76	32,34	28,43	1454,98
1310	10.07.2025 07:08:49	1,66	12,79	32,38	28,46	1455,03
1311	10.07.2025 07:08:50	1,66	12,83	32,41	28,48	1455,08
1312	10.07.2025 07:08:51	1,66	12,84	32,41	28,48	1455,08
1313	10.07.2025 07:08:52	1,66	12,90	32,38	28,46	1455,04
1314	10.07.2025 07:08:53	1,66	12,91	32,41	28,48	1455,09
1315	10.07.2025 07:08:54	1,66	12,95	32,41	28,48	1455,10
1316	10.07.2025 07:08:55	1,66	12,98	32,41	28,48	1455,10
1317	10.07.2025 07:08:56	1,70	13,02	32,40	28,51	1455,27
1318	10.07.2025 07:08:57	1,70	13,06	32,40	28,51	1455,28
1319	10.07.2025 07:08:58	1,70	13,09	32,40	28,51	1455,28
1320	10.07.2025 07:08:59	1,70	13,13	32,40	28,51	1455,29
1321	10.07.2025 07:09:00	1,70	13,16	32,40	28,51	1455,29
1322	10.07.2025 07:09:01	1,70	13,21	32,40	28,51	1455,30
1323	10.07.2025 07:09:02	1,70	13,23	32,44	28,54	1455,35
1324	10.07.2025 07:09:03	1,70	13,28	32,50	28,59	1455,44
1325	10.07.2025 07:09:04	1,70	13,30	32,50	28,59	1455,45
1326	10.07.2025 07:09:05	1,73	13,34	32,46	28,59	1455,57
1327	10.07.2025 07:09:06	1,73	13,37	32,46	28,59	1455,58
1328	10.07.2025 07:09:07	1,73	13,41	32,50	28,62	1455,63
1329	10.07.2025 07:09:08	1,73	13,44	32,50	28,62	1455,63
1330	10.07.2025 07:09:09	1,73	13,48	32,56	28,67	1455,73
1331	10.07.2025 07:09:10	1,73	13,51	32,60	28,70	1455,78
1332	10.07.2025 07:09:11	1,77	13,53	32,52	28,67	1455,85
1333	10.07.2025 07:09:12	1,77	13,57	32,66	28,78	1456,04
1334	10.07.2025 07:09:13	1,77	13,60	32,66	28,78	1456,04
1335	10.07.2025 07:09:14	1,81	13,64	32,52	28,70	1456,04
1336	10.07.2025 07:09:15	1,81	13,66	32,69	28,83	1456,26
1337	10.07.2025 07:09:16	1,81	13,68	32,69	28,83	1456,26
1338	10.07.2025 07:09:17	1,85	13,73	32,71	28,89	1456,48
1339	10.07.2025 07:09:18	1,85	13,75	32,71	28,89	1456,48
1340	10.07.2025 07:09:19	1,85	13,77	32,78	28,94	1456,57
1341	10.07.2025 07:09:20	1,89	13,80	32,68	28,89	1456,61
1342	10.07.2025 07:09:21	1,89	13,80	32,71	28,92	1456,65
1343	10.07.2025 07:09:22	1,89	13,85	32,71	28,92	1456,66
1344	10.07.2025 07:09:23	1,89	13,87	32,71	28,92	1456,66
1345	10.07.2025 07:09:24	1,93	13,89	32,70	28,94	1456,83
1346	10.07.2025 07:09:25	1,93	13,91	32,70	28,94	1456,83
1347	10.07.2025 07:09:26	1,93	13,93	32,70	28,94	1456,83
1348	10.07.2025 07:09:27	1,93	13,93	32,74	28,97	1456,88
1349	10.07.2025 07:09:28	1,93	13,94	32,70	28,94	1456,84
1350	10.07.2025 07:09:29	1,93	13,96	32,74	28,97	1456,88
1351	10.07.2025 07:09:30	1,96	13,98	32,70	28,97	1457,00
1352	10.07.2025 07:09:31	1,96	14,00	32,66	28,94	1456,96
1353	10.07.2025 07:09:32	1,96	14,00	32,70	28,97	1457,01
1354	10.07.2025 07:09:33	1,96	14,02	32,66	28,94	1456,96
1355	10.07.2025 07:09:34	1,96	14,03	32,66	28,94	1456,97
1356	10.07.2025 07:09:35	1,96	14,03	32,66	28,94	1456,97
1357	10.07.2025 07:09:36	1,96	14,03	32,66	28,94	1456,97
1358	10.07.2025 07:09:37	1,96	14,05	32,66	28,94	1456,97
1359	10.07.2025 07:09:38	1,96	14,05	32,70	28,97	1457,01
1360	10.07.2025 07:09:39	1,96	14,05	32,70	28,97	1457,01
1361	10.07.2025 07:09:40	1,96	14,05	32,70	28,97	1457,01
1362	10.07.2025 07:09:41	1,96	14,05	32,66	28,94	1456,97
1363	10.07.2025 07:09:42	2,00	14,05	32,63	28,94	1457,09
1364	10.07.2025 07:09:43	2,00	14,07	32,63	28,94	1457,09
1365	10.07.2025 07:09:44	2,00	14,07	32,66	28,97	1457,14
1366	10.07.2025 07:09:45	2,00	14,07	32,63	28,94	1457,09
1367	10.07.2025 07:09:46	2,00	14,07	32,63	28,94	1457,09
1368	10.07.2025 07:09:47	2,00	14,07	32,63	28,94	1457,09
1369	10.07.2025 07:09:48	2,00	14,07	32,63	28,94	1457,09
1370	10.07.2025 07:09:49	2,00	14,07	32,63	28,94	1457,09
1371	10.07.2025 07:09:50	2,00	14,07	32,63	28,94	1457,09
1372	10.07.2025 07:09:51	2,00	14,09	32,63	28,94	1457,09
1373	10.07.2025 07:09:52	2,00	14,07	32,63	28,94	1457,09
1374	10.07.2025 07:09:53	2,00	14,09	32,63	28,94	1457,09
1375	10.07.2025 07:09:54	2,00	14,09	32,63	28,94	1457,09
1376	10.07.2025 07:09:55	2,00	14,09	32,63	28,94	1457,09
1377	10.07.2025 07:09:56	2,00	14,09	32,63	28,94	1457,09
1378	10.07.2025 07:09:57	2,00	14,09	32,63	28,94	1457,09
1379	10.07.2025 07:09:58	2,00	14,11	32,63	28,94	1457,10
1380	10.07.2025 07:09:59	2,00	14,11	32,63	28,94	1457,10
1381	10.07.2025 07:10:00	2,00	14,12	32,63	28,94	1457,10
1382	10.07.2025 07:10:01	2,04	14,11	32,59	28,95	1457,21
1383	10.07.2025 07:10:02	2,04	14,11	32,59	28,95	1457,22
1384	10.07.2025 07:10:03	2,04	14,11	32,59	28,95	1457,22
1385	10.07.2025 07:10:04	2,04	14,11	32,59	28,95	1457,22
1386	10.07.2025 07:10:05	2,04	14,11	32,59	28,95	1457,22
1387	10.07.2025 07:10:06	2,04	14,11	32,59	28,95	1457,22
1388	10.07.2025 07:10:07	2,04	14,11	32,59	28,95	1457,22
1389	10.07.2025 07:10:08	2,04	14,11	32,59	28,95	1457,22
1390	10.07.2025 07:10:09	2,04	14,11	32,59	28,95	1457,22
1391	10.07.2025 07:10:10	2,04	14,11	32,59	28,95	1457,22
1392	10.07.2025 07:10:11	2,04	14,11	32,59	28,95	1457,22
1393	10.07.2025 07:10:12	2,04	14,09	32,59	28,95	1457,21
1394	10.07.2025 07:10:13	2,04	14,09	32,59	28,95	1457,21
1395	10.07.2025 07:10:14	2,04	14,09	32,59	28,95	1457,21
1396	10.07.2025 07:10:15	2,04	14,07	32,55	28,92	1457,17
1397	10.07.2025 07:10:16	2,04	14,09	32,59	28,95	1457,21
1398	10.07.2025 07:10:17	2,04	14,09	32,55	28,92	1457,17
1399	10.07.2025 07:10:18	2,04	14,09	32,59	28,95	1457,21
1400	10.07.2025 07:10:19	2,04	14,09	32,59	28,95	1457,21
1401	10.07.2025 07:10:20	2,04	14,09	32,59	28,95	1457,21
1402	10.07.2025 07:10:21	2,04	14,07	32,59	28,95	1457,21
1403	10.07.2025 07:10:22	2,04	14,09	32,59	28,95	1457,21
1404	10.07.2025 07:10:23	2,04	14,09	32,59	28,95	1457,21
1405	10.07.2025 07:10:24	2,04	14,09	32,59	28,95	1457,21
1406	10.07.2025 07:10:25	2,04	14,09	32,59	28,95	1457,21
1407	10.07.2025 07:10:26	2,04	14,07	32,59	28,95	1457,21
1408	10.07.2025 07:10:27	2,04	14,09	32,59	28,95	1457,21
1409	10.07.2025 07:10:28	2,04	14,07	32,59	28,95	1457,21
1410	10.07.2025 07:10:29	2,04	14,09	32,59	28,95	1457,21
1411	10.07.2025 07:10:30	2,04	14,09	32,59	28,95	1457,21
1412	10.07.2025 07:10:31	2,04	14,09	32,59	28,95	1457,21
1413	10.07.2025 07:10:32	2,04	14,09	32,59	28,95	1457,21
1414	10.07.2025 07:10:33	2,04	14,09	32,59	28,95	1457,21
1415	10.07.2025 07:10:34	2,04	14,09	32,59	28,95	1457,21
1416	10.07.2025 07:10:35	2,04	14,09	32,59	28,95	1457,21
1417	10.07.2025 07:10:36	2,04	14,09	32,59	28,95	1457,21
1418	10.07.2025 07:10:37	2,04	14,09	32,59	28,95	1457,21
1419	10.07.2025 07:10:38	2,04	14,09	32,59	28,95	1457,21
1420	10.07.2025 07:10:39	2,08	14,09	32,55	28,95	1457,33
1421	10.07.2025 07:10:40	2,04	14,09	32,59	28,95	1457,21
1422	10.07.2025 07:10:41	2,08	14,09	32,55	28,95	1457,33
1423	10.07.2025 07:10:42	2,08	14,09	32,55	28,95	1457,33
1424	10.07.2025 07:10:43	2,08	14,11	32,55	28,95	1457,33
1425	10.07.2025 07:10:44	2,08	14,11	32,52	28,92	1457,29
1426	10.07.2025 07:10:45	2,08	14,09	32,55	28,95	1457,33
1427	10.07.2025 07:10:46	2,08	14,09	32,52	28,92	1457,29
1428	10.07.2025 07:10:47	2,08	14,09	32,55	28,95	1457,33
1429	10.07.2025 07:10:48	2,08	14,09	32,55	28,95	1457,33
1430	10.07.2025 07:10:49	2,08	14,09	32,55	28,95	1457,33
1431	10.07.2025 07:10:50	2,08	14,09	32,55	28,95	1457,33
1432	10.07.2025 07:10:51	2,08	14,09	32,55	28,95	1457,33
1433	10.07.2025 07:10:52	2,08	14,09	32,55	28,95	1457,33
1434	10.07.2025 07:10:53	2,08	14,11	32,52	28,92	1457,29
1435	10.07.2025 07:10:54	2,08	14,09	32,55	28,95	1457,33
1436	10.07.2025 07:10:55	2,08	14,09	32,55	28,95	1457,33
1437	10.07.2025 07:10:56	2,08	14,11	32,55	28,95	1457,33
1438	10.07.2025 07:10:57	2,08	14,11	32,55	28,95	1457,33
1439	10.07.2025 07:10:58	2,08	14,09	32,55	28,95	1457,33
1440	10.07.2025 07:10:59	2,08	14,09	32,52	28,92	1457,29
1441	10.07.2025 07:11:00	2,08	14,11	32,55	28,95	1457,33
1442	10.07.2025 07:11:01	2,08	14,11	32,55	28,95	1457,33
1443	10.07.2025 07:11:02	2,08	14,09	32,55	28,95	1457,33
1444	10.07.2025 07:11:03	2,08	14,11	32,55	28,95	1457,33
1445	10.07.2025 07:11:04	2,08	14,11	32,55	28,95	1457,33
1446	10.07.2025 07:11:05	2,08	14,11	32,55	28,95	1457,33
1447	10.07.2025 07:11:06	2,08	14,13	32,55	28,95	1457,34
1448	10.07.2025 07:11:07	2,08	14,11	32,55	28,95	1457,33
1449	10.07.2025 07:11:08	2,08	14,11	32,55	28,95	1457,33
1450	10.07.2025 07:11:09	2,08	14,13	32,58	28,97	1457,38
1451	10.07.2025 07:11:10	2,08	14,11	32,55	28,95	1457,33
1452	10.07.2025 07:11:11	2,08	14,11	32,55	28,95	1457,33
1453	10.07.2025 07:11:12	2,08	14,11	32,58	28,97	1457,38
1454	10.07.2025 07:11:13	2,08	14,13	32,55	28,95	1457,34
1455	10.07.2025 07:11:14	2,08	14,13	32,58	28,97	1457,38
1456	10.07.2025 07:11:15	2,08	14,11	32,58	28,97	1457,38
1457	10.07.2025 07:11:16	2,08	14,13	32,55	28,95	1457,34
1458	10.07.2025 07:11:17	2,08	14,13	32,55	28,95	1457,34
1459	10.07.2025 07:11:18	2,08	14,13	32,55	28,95	1457,34
1460	10.07.2025 07:11:19	2,08	14,13	32,55	28,95	1457,34
1461	10.07.2025 07:11:20	2,08	14,11	32,58	28,97	1457,38
1462	10.07.2025 07:11:21	2,08	14,13	32,55	28,95	1457,34
1463	10.07.2025 07:11:22	2,08	14,11	32,55	28,95	1457,33
1464	10.07.2025 07:11:23	2,08	14,11	32,55	28,95	1457,33
1465	10.07.2025 07:11:24	2,08	14,11	32,55	28,95	1457,33
1466	10.07.2025 07:11:25	2,08	14,11	32,55	28,95	1457,33
1467	10.07.2025 07:11:26	2,08	14,11	32,55	28,95	1457,33
1468	10.07.2025 07:11:27	2,08	14,11	32,58	28,97	1457,38
1469	10.07.2025 07:11:28	2,08	14,13	32,58	28,97	1457,38
1470	10.07.2025 07:11:29	2,08	14,15	32,58	28,97	1457,38
1471	10.07.2025 07:11:30	2,08	14,13	32,58	28,97	1457,38
1472	10.07.2025 07:11:31	2,08	14,13	32,55	28,95	1457,34
1473	10.07.2025 07:11:32	2,08	14,13	32,58	28,97	1457,38
1474	10.07.2025 07:11:33	2,08	14,13	32,58	28,97	1457,38
1475	10.07.2025 07:11:34	2,08	14,11	32,58	28,97	1457,38
1476	10.07.2025 07:11:35	2,08	14,13	32,58	28,97	1457,38
1477	10.07.2025 07:11:36	2,08	14,11	32,58	28,97	1457,38
1478	10.07.2025 07:11:37	2,08	14,13	32,58	28,97	1457,38
1479	10.07.2025 07:11:38	2,08	14,13	32,58	28,97	1457,38
1480	10.07.2025 07:11:39	2,08	14,15	32,58	28,97	1457,38
1481	10.07.2025 07:11:40	2,08	14,13	32,58	28,97	1457,38
1482	10.07.2025 07:11:41	2,12	14,13	32,54	28,97	1457,50
1483	10.07.2025 07:11:42	2,12	14,13	32,54	28,97	1457,50
1484	10.07.2025 07:11:43	2,12	14,13	32,54	28,97	1457,50
1485	10.07.2025 07:11:44	2,12	14,13	32,54	28,97	1457,50
1486	10.07.2025 07:11:45	2,12	14,13	32,54	28,97	1457,50
1487	10.07.2025 07:11:46	2,12	14,11	32,54	28,97	1457,49
1488	10.07.2025 07:11:47	2,12	14,13	32,54	28,97	1457,50
1489	10.07.2025 07:11:48	2,12	14,13	32,54	28,97	1457,50
1490	10.07.2025 07:11:49	2,12	14,13	32,54	28,97	1457,50
1491	10.07.2025 07:11:50	2,12	14,11	32,54	28,97	1457,49
1492	10.07.2025 07:11:51	2,12	14,11	32,54	28,97	1457,49
1493	10.07.2025 07:11:52	2,12	14,13	32,54	28,97	1457,50
1494	10.07.2025 07:11:53	2,12	14,13	32,54	28,97	1457,50
1495	10.07.2025 07:11:54	2,12	14,11	32,54	28,97	1457,49
1496	10.07.2025 07:11:55	2,12	14,13	32,54	28,97	1457,50
1497	10.07.2025 07:11:56	2,12	14,11	32,54	28,97	1457,49
1498	10.07.2025 07:11:57	2,12	14,15	32,54	28,97	1457,50
1499	10.07.2025 07:11:58	2,12	14,13	32,54	28,97	1457,50
1500	10.07.2025 07:11:59	2,12	14,13	32,54	28,97	1457,50
1501	10.07.2025 07:12:00	2,12	14,13	32,54	28,97	1457,50
1502	10.07.2025 07:12:01	2,12	14,15	32,54	28,97	1457,50
1503	10.07.2025 07:12:02	2,12	14,13	32,54	28,97	1457,50
1504	10.07.2025 07:12:03	2,12	14,13	32,54	28,97	1457,50
1505	10.07.2025 07:12:04	2,12	14,13	32,54	28,97	1457,50
1506	10.07.2025 07:12:05	2,12	14,11	32,54	28,97	1457,49
1507	10.07.2025 07:12:06	2,12	14,11	32,54	28,97	1457,49
1508	10.07.2025 07:12:07	2,12	14,13	32,54	28,97	1457,50
1509	10.07.2025 07:12:08	2,12	14,13	32,54	28,97	1457,50
1510	10.07.2025 07:12:09	2,12	14,13	32,54	28,97	1457,50
1511	10.07.2025 07:12:10	2,12	14,13	32,54	28,97	1457,50
1512	10.07.2025 07:12:11	2,12	14,13	32,54	28,97	1457,50
1513	10.07.2025 07:12:12	2,12	14,13	32,54	28,97	1457,50
1514	10.07.2025 07:12:13	2,12	14,13	32,54	28,97	1457,50
1515	10.07.2025 07:12:14	2,12	14,13	32,54	28,97	1457,50
1516	10.07.2025 07:12:15	2,12	14,13	32,54	28,97	1457,50
1517	10.07.2025 07:12:16	2,12	14,13	32,54	28,97	1457,50
1518	10.07.2025 07:12:17	2,12	14,13	32,54	28,97	1457,50
1519	10.07.2025 07:12:18	2,12	14,13	32,54	28,97	1457,50
1520	10.07.2025 07:12:19	2,12	14,13	32,54	28,97	1457,50
1521	10.07.2025 07:12:20	2,12	14,13	32,54	28,97	1457,50
1522	10.07.2025 07:12:21	2,12	14,13	32,51	28,95	1457,45
1523	10.07.2025 07:12:22	2,12	14,13	32,54	28,97	1457,50
1524	10.07.2025 07:12:23	2,12	14,15	32,54	28,97	1457,50
1525	10.07.2025 07:12:24	2,12	14,13	32,51	28,95	1457,45
1526	10.07.2025 07:12:25	2,12	14,13	32,54	28,97	1457,50
1527	10.07.2025 07:12:26	2,12	14,13	32,54	28,97	1457,50
1528	10.07.2025 07:12:27	2,12	14,13	32,54	28,97	1457,50
1529	10.07.2025 07:12:28	2,12	14,13	32,54	28,97	1457,50
1530	10.07.2025 07:12:29	2,12	14,13	32,54	28,97	1457,50
1531	10.07.2025 07:12:30	2,12	14,13	32,54	28,97	1457,50
1532	10.07.2025 07:12:31	2,12	14,13	32,54	28,97	1457,50
1533	10.07.2025 07:12:32	2,12	14,13	32,54	28,97	1457,50
1534	10.07.2025 07:12:33	2,12	14,13	32,54	28,97	1457,50
1535	10.07.2025 07:12:34	2,12	14,15	32,54	28,97	1457,50
1536	10.07.2025 07:12:35	2,12	14,13	32,54	28,97	1457,50
1537	10.07.2025 07:12:36	2,12	14,15	32,54	28,97	1457,50
1538	10.07.2025 07:12:37	2,12	14,15	32,54	28,97	1457,50
1539	10.07.2025 07:12:38	2,12	14,15	32,51	28,95	1457,46
1540	10.07.2025 07:12:39	2,12	14,15	32,54	28,97	1457,50
1541	10.07.2025 07:12:40	2,12	14,15	32,54	28,97	1457,50
1542	10.07.2025 07:12:41	2,12	14,15	32,54	28,97	1457,50
1543	10.07.2025 07:12:42	2,12	14,15	32,54	28,97	1457,50
1544	10.07.2025 07:12:43	2,12	14,15	32,54	28,97	1457,50
1545	10.07.2025 07:12:44	2,12	14,15	32,54	28,97	1457,50
1546	10.07.2025 07:12:45	2,12	14,15	32,54	28,97	1457,50
1547	10.07.2025 07:12:46	2,12	14,15	32,54	28,97	1457,50
1548	10.07.2025 07:12:47	2,12	14,15	32,54	28,97	1457,50
1549	10.07.2025 07:12:48	2,12	14,16	32,54	28,97	1457,50
1550	10.07.2025 07:12:49	2,12	14,15	32,54	28,97	1457,50
1551	10.07.2025 07:12:50	2,12	14,16	32,54	28,97	1457,50
1552	10.07.2025 07:12:51	2,12	14,16	32,54	28,97	1457,50
1553	10.07.2025 07:12:52	2,12	14,16	32,54	28,97	1457,50
1554	10.07.2025 07:12:53	2,12	14,16	32,54	28,97	1457,50
1555	10.07.2025 07:12:54	2,12	14,16	32,54	28,97	1457,50
1556	10.07.2025 07:12:55	2,12	14,16	32,54	28,97	1457,50
1557	10.07.2025 07:12:56	2,12	14,18	32,54	28,97	1457,51
1558	10.07.2025 07:12:57	2,12	14,16	32,54	28,97	1457,50
1559	10.07.2025 07:12:58	2,12	14,16	32,51	28,95	1457,46
1560	10.07.2025 07:12:59	2,12	14,18	32,54	28,97	1457,51
1561	10.07.2025 07:13:00	2,12	14,16	32,54	28,97	1457,50
1562	10.07.2025 07:13:01	2,12	14,16	32,51	28,95	1457,46
1563	10.07.2025 07:13:02	2,12	14,18	32,51	28,95	1457,46
1564	10.07.2025 07:13:03	2,12	14,18	32,54	28,97	1457,51
1565	10.07.2025 07:13:04	2,12	14,18	32,54	28,97	1457,51
1566	10.07.2025 07:13:05	2,12	14,18	32,51	28,95	1457,46
1567	10.07.2025 07:13:06	2,12	14,18	32,51	28,95	1457,46
1568	10.07.2025 07:13:07	2,12	14,18	32,51	28,95	1457,46
1569	10.07.2025 07:13:08	2,12	14,18	32,51	28,95	1457,46
1570	10.07.2025 07:13:09	2,12	14,18	32,54	28,97	1457,51
1571	10.07.2025 07:13:10	2,12	14,18	32,54	28,97	1457,51
1572	10.07.2025 07:13:11	2,12	14,20	32,54	28,97	1457,51
1573	10.07.2025 07:13:12	2,12	14,20	32,54	28,97	1457,51
1574	10.07.2025 07:13:13	2,12	14,18	32,51	28,95	1457,46
1575	10.07.2025 07:13:14	2,12	14,18	32,54	28,97	1457,51
1576	10.07.2025 07:13:15	2,12	14,18	32,54	28,97	1457,51
1577	10.07.2025 07:13:16	2,12	14,18	32,54	28,97	1457,51
1578	10.07.2025 07:13:17	2,12	14,18	32,54	28,97	1457,51
1579	10.07.2025 07:13:18	2,12	14,20	32,54	28,97	1457,51
1580	10.07.2025 07:13:19	2,12	14,20	32,51	28,95	1457,46
1581	10.07.2025 07:13:20	2,12	14,20	32,54	28,97	1457,51
1582	10.07.2025 07:13:21	2,12	14,18	32,54	28,97	1457,51
1583	10.07.2025 07:13:22	2,12	14,18	32,54	28,97	1457,51
1584	10.07.2025 07:13:23	2,12	14,20	32,54	28,97	1457,51
1585	10.07.2025 07:13:24	2,12	14,20	32,54	28,97	1457,51
1586	10.07.2025 07:13:25	2,12	14,20	32,54	28,97	1457,51
1587	10.07.2025 07:13:26	2,12	14,20	32,54	28,97	1457,51
1588	10.07.2025 07:13:27	2,12	14,22	32,54	28,97	1457,51
1589	10.07.2025 07:13:28	2,12	14,22	32,54	28,97	1457,51
1590	10.07.2025 07:13:29	2,12	14,22	32,54	28,97	1457,51
1591	10.07.2025 07:13:30	2,12	14,20	32,54	28,97	1457,51
1592	10.07.2025 07:13:31	2,12	14,22	32,54	28,97	1457,51
1593	10.07.2025 07:13:32	2,12	14,22	32,54	28,97	1457,51
1594	10.07.2025 07:13:33	2,12	14,22	32,54	28,97	1457,51
1595	10.07.2025 07:13:34	2,12	14,22	32,54	28,97	1457,51
1596	10.07.2025 07:13:35	2,12	14,23	32,54	28,97	1457,51
1597	10.07.2025 07:13:36	2,12	14,23	32,54	28,97	1457,51
1598	10.07.2025 07:13:37	2,12	14,23	32,54	28,97	1457,51
1599	10.07.2025 07:13:38	2,12	14,22	32,54	28,97	1457,51
1600	10.07.2025 07:13:39	2,12	14,22	32,54	28,97	1457,51
1601	10.07.2025 07:13:40	2,12	14,23	32,54	28,97	1457,51
1602	10.07.2025 07:13:41	2,12	14,23	32,54	28,97	1457,51
1603	10.07.2025 07:13:42	2,12	14,22	32,54	28,97	1457,51
1604	10.07.2025 07:13:43	2,12	14,23	32,54	28,97	1457,51
1605	10.07.2025 07:13:44	2,12	14,23	32,54	28,97	1457,51
1606	10.07.2025 07:13:45	2,12	14,23	32,54	28,97	1457,51
1607	10.07.2025 07:13:46	2,12	14,22	32,54	28,97	1457,51
1608	10.07.2025 07:13:47	2,12	14,23	32,54	28,97	1457,51
1609	10.07.2025 07:13:48	2,12	14,22	32,54	28,97	1457,51
1610	10.07.2025 07:13:49	2,12	14,23	32,54	28,97	1457,51
1611	10.07.2025 07:13:50	2,12	14,23	32,54	28,97	1457,51
1612	10.07.2025 07:13:51	2,12	14,22	32,58	29,00	1457,55
1613	10.07.2025 07:13:52	2,12	14,22	32,58	29,00	1457,55
1614	10.07.2025 07:13:53	2,12	14,22	32,58	29,00	1457,55
1615	10.07.2025 07:13:54	2,12	14,23	32,54	28,97	1457,51
1616	10.07.2025 07:13:55	2,12	14,25	32,54	28,97	1457,52
1617	10.07.2025 07:13:56	2,12	14,23	32,54	28,97	1457,51
1618	10.07.2025 07:13:57	2,12	14,25	32,54	28,97	1457,52
1619	10.07.2025 07:13:58	2,12	14,25	32,54	28,97	1457,52
1620	10.07.2025 07:13:59	2,12	14,25	32,54	28,97	1457,52
1621	10.07.2025 07:14:00	2,12	14,25	32,54	28,97	1457,52
1622	10.07.2025 07:14:01	2,12	14,25	32,54	28,97	1457,52
1623	10.07.2025 07:14:02	2,12	14,25	32,54	28,97	1457,52
1624	10.07.2025 07:14:03	2,12	14,27	32,54	28,97	1457,52
1625	10.07.2025 07:14:04	2,12	14,25	32,54	28,97	1457,52
1626	10.07.2025 07:14:05	2,12	14,25	32,54	28,97	1457,52
1627	10.07.2025 07:14:06	2,12	14,25	32,54	28,97	1457,52
1628	10.07.2025 07:14:07	2,12	14,25	32,54	28,97	1457,52
1629	10.07.2025 07:14:08	2,12	14,25	32,54	28,97	1457,52
1630	10.07.2025 07:14:09	2,12	14,25	32,54	28,97	1457,52
1631	10.07.2025 07:14:10	2,12	14,25	32,54	28,97	1457,52
1632	10.07.2025 07:14:11	2,12	14,25	32,54	28,97	1457,52
1633	10.07.2025 07:14:12	2,12	14,25	32,54	28,97	1457,52
1634	10.07.2025 07:14:13	2,12	14,25	32,54	28,97	1457,52
1635	10.07.2025 07:14:14	2,12	14,25	32,54	28,97	1457,52
1636	10.07.2025 07:14:15	2,12	14,25	32,54	28,97	1457,52
1637	10.07.2025 07:14:16	2,12	14,25	32,54	28,97	1457,52
1638	10.07.2025 07:14:17	2,12	14,25	32,58	29,00	1457,56
1639	10.07.2025 07:14:18	2,12	14,27	32,54	28,97	1457,52
1640	10.07.2025 07:14:19	2,12	14,27	32,54	28,97	1457,52
1641	10.07.2025 07:14:20	2,12	14,25	32,54	28,97	1457,52
1642	10.07.2025 07:14:21	2,12	14,27	32,58	29,00	1457,56
1643	10.07.2025 07:14:22	2,12	14,25	32,54	28,97	1457,52
1644	10.07.2025 07:14:23	2,12	14,25	32,51	28,95	1457,47
1645	10.07.2025 07:14:24	2,12	14,25	32,58	29,00	1457,56
1646	10.07.2025 07:14:25	2,12	14,27	32,54	28,97	1457,52
1647	10.07.2025 07:14:26	2,12	14,27	32,54	28,97	1457,52
1648	10.07.2025 07:14:27	2,12	14,27	32,54	28,97	1457,52
1649	10.07.2025 07:14:28	2,12	14,27	32,58	29,00	1457,56
1650	10.07.2025 07:14:29	2,12	14,25	32,54	28,97	1457,52
1651	10.07.2025 07:14:30	2,12	14,27	32,58	29,00	1457,56
1652	10.07.2025 07:14:31	2,12	14,27	32,58	29,00	1457,56
1653	10.07.2025 07:14:32	2,12	14,27	32,54	28,97	1457,52
1654	10.07.2025 07:14:33	2,12	14,27	32,54	28,97	1457,52
1655	10.07.2025 07:14:34	2,12	14,27	32,54	28,97	1457,52
1656	10.07.2025 07:14:35	2,12	14,29	32,54	28,97	1457,52
1657	10.07.2025 07:14:36	2,12	14,29	32,58	29,00	1457,57
1658	10.07.2025 07:14:37	2,12	14,29	32,54	28,97	1457,52
1659	10.07.2025 07:14:38	2,12	14,29	32,54	28,97	1457,52
1660	10.07.2025 07:14:39	2,12	14,29	32,54	28,97	1457,52
1661	10.07.2025 07:14:40	2,12	14,29	32,54	28,97	1457,52
1662	10.07.2025 07:14:41	2,12	14,29	32,54	28,97	1457,52
1663	10.07.2025 07:14:42	2,12	14,29	32,54	28,97	1457,52
1664	10.07.2025 07:14:43	2,12	14,29	32,54	28,97	1457,52
1665	10.07.2025 07:14:44	2,12	14,30	32,54	28,97	1457,52
1666	10.07.2025 07:14:45	2,12	14,29	32,54	28,97	1457,52
1667	10.07.2025 07:14:46	2,12	14,29	32,54	28,97	1457,52
1668	10.07.2025 07:14:47	2,12	14,29	32,54	28,97	1457,52
1669	10.07.2025 07:14:48	2,12	14,27	32,54	28,97	1457,52
1670	10.07.2025 07:14:49	2,12	14,29	32,54	28,97	1457,52
1671	10.07.2025 07:14:50	2,12	14,29	32,54	28,97	1457,52
1672	10.07.2025 07:14:51	2,12	14,29	32,54	28,97	1457,52
1673	10.07.2025 07:14:52	2,12	14,29	32,54	28,97	1457,52
1674	10.07.2025 07:14:53	2,12	14,30	32,54	28,97	1457,52
1675	10.07.2025 07:14:54	2,12	14,30	32,54	28,97	1457,52
1676	10.07.2025 07:14:55	2,12	14,30	32,54	28,97	1457,52
1677	10.07.2025 07:14:56	2,12	14,29	32,54	28,97	1457,52
1678	10.07.2025 07:14:57	2,12	14,30	32,54	28,97	1457,52
1679	10.07.2025 07:14:58	2,12	14,30	32,58	29,00	1457,57
1680	10.07.2025 07:14:59	2,12	14,32	32,54	28,97	1457,53
1681	10.07.2025 07:15:00	2,12	14,32	32,54	28,97	1457,53
1682	10.07.2025 07:15:01	2,12	14,34	32,54	28,97	1457,53
1683	10.07.2025 07:15:02	2,12	14,34	32,58	29,00	1457,57
1684	10.07.2025 07:15:03	2,12	14,36	32,54	28,97	1457,53
1685	10.07.2025 07:15:04	2,12	14,36	32,54	28,97	1457,53
1686	10.07.2025 07:15:05	2,12	14,36	32,54	28,97	1457,53
1687	10.07.2025 07:15:06	2,12	14,37	32,54	28,97	1457,54
1688	10.07.2025 07:15:07	2,12	14,37	32,58	29,00	1457,58
1689	10.07.2025 07:15:08	2,12	14,39	32,54	28,97	1457,54
1690	10.07.2025 07:15:09	2,12	14,39	32,54	28,97	1457,54
1691	10.07.2025 07:15:10	2,12	14,39	32,54	28,97	1457,54
1692	10.07.2025 07:15:11	2,12	14,41	32,58	29,00	1457,58
1693	10.07.2025 07:15:12	2,12	14,43	32,54	28,97	1457,54
1694	10.07.2025 07:15:13	2,12	14,41	32,58	29,00	1457,58
1695	10.07.2025 07:15:14	2,12	14,43	32,54	28,97	1457,54
1696	10.07.2025 07:15:15	2,12	14,43	32,54	28,97	1457,54
1697	10.07.2025 07:15:16	2,12	14,41	32,54	28,97	1457,54
1698	10.07.2025 07:15:17	2,12	14,43	32,54	28,97	1457,54
1699	10.07.2025 07:15:18	2,12	14,44	32,54	28,97	1457,55
1700	10.07.2025 07:15:19	2,12	14,43	32,54	28,97	1457,54
1701	10.07.2025 07:15:20	2,12	14,43	32,54	28,97	1457,54
1702	10.07.2025 07:15:21	2,12	14,43	32,58	29,00	1457,59
1703	10.07.2025 07:15:22	2,12	14,43	32,54	28,97	1457,54
1704	10.07.2025 07:15:23	2,12	14,43	32,54	28,97	1457,54
1705	10.07.2025 07:15:24	2,12	14,41	32,54	28,97	1457,54
1706	10.07.2025 07:15:25	2,12	14,39	32,54	28,97	1457,54
1707	10.07.2025 07:15:26	2,12	14,41	32,58	29,00	1457,58
1708	10.07.2025 07:15:27	2,12	14,39	32,54	28,97	1457,54
1709	10.07.2025 07:15:28	2,12	14,37	32,51	28,95	1457,49
1710	10.07.2025 07:15:29	2,12	14,37	32,54	28,97	1457,54
1711	10.07.2025 07:15:30	2,12	14,34	32,54	28,97	1457,53
1712	10.07.2025 07:15:31	2,12	14,32	32,54	28,97	1457,53
1713	10.07.2025 07:15:32	2,12	14,30	32,54	28,97	1457,52
1714	10.07.2025 07:15:33	2,12	14,29	32,54	28,97	1457,52
1715	10.07.2025 07:15:34	2,12	14,27	32,51	28,95	1457,48
1716	10.07.2025 07:15:35	2,12	14,25	32,51	28,95	1457,47
1717	10.07.2025 07:15:36	2,12	14,22	32,54	28,97	1457,51
1718	10.07.2025 07:15:37	2,12	14,20	32,54	28,97	1457,51
1719	10.07.2025 07:15:38	2,12	14,18	32,51	28,95	1457,46
1720	10.07.2025 07:15:39	2,12	14,16	32,54	28,97	1457,50
1721	10.07.2025 07:15:40	2,12	14,15	32,51	28,95	1457,46
1722	10.07.2025 07:15:41	2,12	14,13	32,51	28,95	1457,45
1723	10.07.2025 07:15:42	2,12	14,09	32,48	28,92	1457,40
1724	10.07.2025 07:15:43	2,12	14,08	32,45	28,89	1457,36
1725	10.07.2025 07:15:44	2,08	14,06	32,45	28,87	1457,19
1726	10.07.2025 07:15:45	2,08	14,04	32,45	28,87	1457,19
1727	10.07.2025 07:15:46	2,08	14,02	32,42	28,84	1457,14
1728	10.07.2025 07:15:47	2,08	13,97	32,42	28,84	1457,14
1729	10.07.2025 07:15:48	2,08	13,95	32,42	28,84	1457,13
1730	10.07.2025 07:15:49	2,04	13,93	32,46	28,84	1457,01
1731	10.07.2025 07:15:50	2,04	13,90	32,46	28,84	1457,01
1732	10.07.2025 07:15:51	2,04	13,90	32,42	28,81	1456,96
1733	10.07.2025 07:15:52	2,04	13,86	32,36	28,76	1456,87
1734	10.07.2025 07:15:53	2,04	13,85	32,36	28,76	1456,87
1735	10.07.2025 07:15:54	2,04	13,81	32,36	28,76	1456,86
1736	10.07.2025 07:15:55	2,00	13,77	32,40	28,76	1456,74
1737	10.07.2025 07:15:56	2,00	13,76	32,39	28,76	1456,74
1738	10.07.2025 07:15:57	2,00	13,74	32,39	28,76	1456,73
1739	10.07.2025 07:15:58	2,00	13,70	32,36	28,73	1456,68
1740	10.07.2025 07:15:59	2,00	13,67	32,30	28,68	1456,59
1741	10.07.2025 07:16:00	2,00	13,65	32,30	28,68	1456,59
1742	10.07.2025 07:16:01	1,96	13,61	32,30	28,65	1456,42
1743	10.07.2025 07:16:02	1,96	13,60	32,37	28,70	1456,50
1744	10.07.2025 07:16:03	1,96	13,56	32,37	28,70	1456,50
1745	10.07.2025 07:16:04	1,96	13,53	32,37	28,70	1456,49
1746	10.07.2025 07:16:05	1,96	13,51	32,33	28,68	1456,45
1747	10.07.2025 07:16:06	1,96	13,49	32,33	28,68	1456,44
1748	10.07.2025 07:16:07	1,96	13,46	32,27	28,62	1456,35
1749	10.07.2025 07:16:08	1,96	13,40	32,04	28,44	1456,04
1750	10.07.2025 07:16:09	1,93	13,38	32,11	28,46	1455,96
1751	10.07.2025 07:16:10	1,89	13,36	32,11	28,43	1455,79
1752	10.07.2025 07:16:11	1,89	13,35	32,11	28,43	1455,79
1753	10.07.2025 07:16:12	1,89	13,31	32,11	28,43	1455,78
1754	10.07.2025 07:16:13	1,85	13,28	32,12	28,41	1455,61
1755	10.07.2025 07:16:14	1,85	13,26	32,12	28,41	1455,61
1756	10.07.2025 07:16:15	1,85	13,22	32,12	28,41	1455,61
1757	10.07.2025 07:16:16	1,81	13,20	32,15	28,41	1455,48
1758	10.07.2025 07:16:17	1,81	13,17	32,19	28,43	1455,52
1759	10.07.2025 07:16:18	1,81	13,15	32,19	28,43	1455,52
1760	10.07.2025 07:16:19	1,81	13,12	32,19	28,43	1455,51
1761	10.07.2025 07:16:20	1,81	13,10	32,19	28,43	1455,51
1762	10.07.2025 07:16:21	1,81	13,06	32,16	28,41	1455,46
1763	10.07.2025 07:16:22	1,81	13,03	32,16	28,41	1455,46
1764	10.07.2025 07:16:23	1,81	13,01	32,16	28,41	1455,45
1765	10.07.2025 07:16:24	1,81	12,99	32,16	28,41	1455,45
1766	10.07.2025 07:16:25	1,77	12,96	32,19	28,41	1455,32
1767	10.07.2025 07:16:26	1,77	12,92	32,19	28,41	1455,32
1768	10.07.2025 07:16:27	1,77	12,90	32,16	28,38	1455,27
1769	10.07.2025 07:16:28	1,77	12,87	32,19	28,41	1455,31
1770	10.07.2025 07:16:29	1,77	12,83	32,20	28,41	1455,30
1771	10.07.2025 07:16:30	1,77	12,82	32,20	28,41	1455,30
1772	10.07.2025 07:16:31	1,77	12,80	32,20	28,41	1455,30
1773	10.07.2025 07:16:32	1,77	12,78	32,20	28,41	1455,30
1774	10.07.2025 07:16:33	1,77	12,75	32,20	28,41	1455,29
1775	10.07.2025 07:16:34	1,77	12,73	32,16	28,38	1455,24
1776	10.07.2025 07:16:35	1,77	12,69	32,20	28,41	1455,28
1777	10.07.2025 07:16:36	1,73	12,69	32,20	28,38	1455,12
1778	10.07.2025 07:16:37	1,73	12,66	32,20	28,38	1455,11
1779	10.07.2025 07:16:38	1,73	12,62	32,20	28,38	1455,11
1780	10.07.2025 07:16:39	1,73	12,60	32,17	28,35	1455,06
1781	10.07.2025 07:16:40	1,73	12,59	32,17	28,35	1455,06
1782	10.07.2025 07:16:41	1,73	12,55	32,10	28,30	1454,96
1783	10.07.2025 07:16:42	1,70	12,55	32,14	28,30	1454,84
1784	10.07.2025 07:16:43	1,70	12,51	32,14	28,30	1454,84
1785	10.07.2025 07:16:44	1,70	12,50	32,14	28,30	1454,83
1786	10.07.2025 07:16:45	1,70	12,46	32,14	28,30	1454,83
1787	10.07.2025 07:16:46	1,70	12,46	32,14	28,30	1454,83
1788	10.07.2025 07:16:47	1,66	12,44	32,18	28,30	1454,71
1789	10.07.2025 07:16:48	1,66	12,42	32,14	28,27	1454,66
1790	10.07.2025 07:16:49	1,66	12,39	32,14	28,27	1454,65
1791	10.07.2025 07:16:50	1,66	12,39	32,14	28,27	1454,65
1792	10.07.2025 07:16:51	1,66	12,35	32,11	28,24	1454,60
1793	10.07.2025 07:16:52	1,66	12,35	32,14	28,27	1454,65
1794	10.07.2025 07:16:53	1,66	12,34	32,14	28,27	1454,65
1795	10.07.2025 07:16:54	1,66	12,30	32,15	28,27	1454,64
1796	10.07.2025 07:16:55	1,66	12,28	32,08	28,22	1454,55
1797	10.07.2025 07:16:56	1,62	12,26	32,12	28,21	1454,42
1798	10.07.2025 07:16:57	1,62	12,25	32,12	28,21	1454,42
1799	10.07.2025 07:16:58	1,62	12,23	32,08	28,19	1454,37
1800	10.07.2025 07:16:59	1,62	12,23	32,08	28,19	1454,37
1801	10.07.2025 07:17:00	1,62	12,21	32,15	28,24	1454,46
1802	10.07.2025 07:17:01	1,62	12,19	32,12	28,21	1454,41
1803	10.07.2025 07:17:02	1,62	12,18	32,15	28,24	1454,46
1804	10.07.2025 07:17:03	1,62	12,16	32,12	28,21	1454,41
1805	10.07.2025 07:17:04	1,62	12,14	32,12	28,21	1454,41
1806	10.07.2025 07:17:05	1,62	12,12	32,08	28,19	1454,36
1807	10.07.2025 07:17:06	1,58	12,11	32,12	28,19	1454,23
1808	10.07.2025 07:17:07	1,58	12,07	32,12	28,19	1454,23
1809	10.07.2025 07:17:08	1,58	12,07	32,12	28,19	1454,23
1810	10.07.2025 07:17:09	1,58	12,05	32,12	28,19	1454,23
1811	10.07.2025 07:17:10	1,58	12,04	32,09	28,16	1454,18
1812	10.07.2025 07:17:11	1,58	12,02	32,06	28,13	1454,13
1813	10.07.2025 07:17:12	1,54	12,02	32,13	28,16	1454,05
1814	10.07.2025 07:17:13	1,54	12,02	32,09	28,13	1454,01
1815	10.07.2025 07:17:14	1,54	11,98	32,09	28,13	1454,00
1816	10.07.2025 07:17:15	1,54	11,96	32,06	28,11	1453,96
1817	10.07.2025 07:17:16	1,54	11,96	32,06	28,11	1453,96
1818	10.07.2025 07:17:17	1,54	11,93	32,06	28,11	1453,95
1819	10.07.2025 07:17:18	1,54	11,93	32,06	28,11	1453,95
1820	10.07.2025 07:17:19	1,54	11,91	32,03	28,08	1453,90
1821	10.07.2025 07:17:20	1,50	11,91	32,07	28,08	1453,78
1822	10.07.2025 07:17:21	1,50	11,89	32,07	28,08	1453,78
1823	10.07.2025 07:17:22	1,50	11,86	32,07	28,08	1453,77
1824	10.07.2025 07:17:23	1,50	11,87	32,07	28,08	1453,78
1825	10.07.2025 07:17:24	1,50	11,82	32,03	28,05	1453,72
1826	10.07.2025 07:17:25	1,50	11,82	32,03	28,05	1453,72
1827	10.07.2025 07:17:26	1,50	11,80	32,03	28,05	1453,72
1828	10.07.2025 07:17:27	1,50	11,79	32,07	28,08	1453,76
1829	10.07.2025 07:17:28	1,50	11,75	32,07	28,08	1453,76
1830	10.07.2025 07:17:29	1,50	11,73	32,03	28,05	1453,71
1831	10.07.2025 07:17:30	1,46	11,71	32,07	28,05	1453,59
1832	10.07.2025 07:17:31	1,46	11,70	32,04	28,02	1453,54
1833	10.07.2025 07:17:32	1,46	11,68	32,04	28,02	1453,54
1834	10.07.2025 07:17:33	1,46	11,66	32,07	28,05	1453,58
1835	10.07.2025 07:17:34	1,46	11,64	32,04	28,02	1453,53
1836	10.07.2025 07:17:35	1,46	11,63	31,97	27,97	1453,44
1837	10.07.2025 07:17:36	1,46	11,61	32,04	28,02	1453,52
1838	10.07.2025 07:17:37	1,46	11,57	32,00	28,00	1453,47
1839	10.07.2025 07:17:38	1,42	11,55	32,04	28,00	1453,35
1840	10.07.2025 07:17:39	1,42	11,54	32,04	28,00	1453,35
1841	10.07.2025 07:17:40	1,42	11,52	32,04	28,00	1453,34
1842	10.07.2025 07:17:41	1,42	11,50	32,01	27,97	1453,30
1843	10.07.2025 07:17:42	1,42	11,47	32,04	28,00	1453,34
1844	10.07.2025 07:17:43	1,42	11,45	32,01	27,97	1453,29
1845	10.07.2025 07:17:44	1,42	11,43	32,04	28,00	1453,33
1846	10.07.2025 07:17:45	1,42	11,41	31,98	27,94	1453,24
1847	10.07.2025 07:17:46	1,39	11,39	32,05	27,97	1453,16
1848	10.07.2025 07:17:47	1,39	11,38	32,01	27,94	1453,11
1849	10.07.2025 07:17:48	1,39	11,36	32,02	27,94	1453,11
1850	10.07.2025 07:17:49	1,39	11,32	31,98	27,92	1453,06
1851	10.07.2025 07:17:50	1,39	11,31	31,98	27,92	1453,05
1852	10.07.2025 07:17:51	1,39	11,31	31,98	27,92	1453,05
1853	10.07.2025 07:17:52	1,39	11,27	31,98	27,92	1453,05
1854	10.07.2025 07:17:53	1,35	11,27	32,02	27,92	1452,93
1855	10.07.2025 07:17:54	1,35	11,23	32,02	27,91	1452,92
1856	10.07.2025 07:17:55	1,35	11,20	32,02	27,91	1452,91
1857	10.07.2025 07:17:56	1,35	11,20	32,02	27,91	1452,91
1858	10.07.2025 07:17:57	1,35	11,18	32,02	27,91	1452,91
1859	10.07.2025 07:17:58	1,35	11,15	32,02	27,91	1452,91
1860	10.07.2025 07:17:59	1,35	11,13	32,02	27,91	1452,90
1861	10.07.2025 07:18:00	1,35	11,11	32,02	27,91	1452,90
1862	10.07.2025 07:18:01	1,35	11,08	32,02	27,91	1452,90
1863	10.07.2025 07:18:02	1,35	11,06	31,99	27,89	1452,85
1864	10.07.2025 07:18:03	1,35	11,02	32,02	27,91	1452,89
1865	10.07.2025 07:18:04	1,35	11,02	32,02	27,91	1452,89
1866	10.07.2025 07:18:05	1,35	10,99	31,99	27,89	1452,84
1867	10.07.2025 07:18:06	1,35	10,97	31,99	27,89	1452,83
1868	10.07.2025 07:18:07	1,35	10,95	31,99	27,89	1452,83
1869	10.07.2025 07:18:08	1,35	10,94	31,99	27,89	1452,83
1870	10.07.2025 07:18:09	1,31	10,92	31,99	27,86	1452,66
1871	10.07.2025 07:18:10	1,31	10,92	31,99	27,86	1452,66
1872	10.07.2025 07:18:11	1,31	10,88	31,96	27,83	1452,61
1873	10.07.2025 07:18:12	1,31	10,87	31,99	27,86	1452,65
1874	10.07.2025 07:18:13	1,31	10,87	31,99	27,86	1452,65
1875	10.07.2025 07:18:14	1,31	10,83	32,03	27,89	1452,69
1876	10.07.2025 07:18:15	1,31	10,80	31,99	27,86	1452,64
1877	10.07.2025 07:18:16	1,31	10,80	31,99	27,86	1452,64
1878	10.07.2025 07:18:17	1,31	10,74	31,99	27,86	1452,63
1879	10.07.2025 07:18:18	1,31	10,74	31,96	27,83	1452,59
1880	10.07.2025 07:18:19	1,31	10,71	31,99	27,86	1452,63
1881	10.07.2025 07:18:20	1,31	10,69	31,93	27,81	1452,53
1882	10.07.2025 07:18:21	1,31	10,66	31,96	27,83	1452,57
1883	10.07.2025 07:18:22	1,27	10,64	32,00	27,83	1452,45
1884	10.07.2025 07:18:23	1,27	10,60	32,00	27,83	1452,44
1885	10.07.2025 07:18:24	1,27	10,60	32,03	27,86	1452,49
1886	10.07.2025 07:18:25	1,27	10,57	32,00	27,83	1452,44
1887	10.07.2025 07:18:26	1,27	10,53	32,00	27,83	1452,43
1888	10.07.2025 07:18:27	1,27	10,50	32,00	27,83	1452,42
1889	10.07.2025 07:18:28	1,27	10,48	31,97	27,81	1452,38
1890	10.07.2025 07:18:29	1,27	10,46	31,97	27,81	1452,37
1891	10.07.2025 07:18:30	1,27	10,43	32,00	27,83	1452,41
1892	10.07.2025 07:18:31	1,27	10,39	32,00	27,83	1452,41
1893	10.07.2025 07:18:32	1,27	10,37	32,00	27,83	1452,41
1894	10.07.2025 07:18:33	1,27	10,36	32,03	27,86	1452,45
1895	10.07.2025 07:18:34	1,27	10,32	32,04	27,86	1452,44
1896	10.07.2025 07:18:35	1,27	10,30	32,04	27,86	1452,44
1897	10.07.2025 07:18:36	1,27	10,27	32,04	27,86	1452,43
1898	10.07.2025 07:18:37	1,31	10,25	32,00	27,86	1452,55
1899	10.07.2025 07:18:38	1,31	10,22	32,00	27,86	1452,55
1900	10.07.2025 07:18:39	1,31	10,20	32,03	27,89	1452,59
1901	10.07.2025 07:18:40	1,31	10,16	32,03	27,89	1452,59
1902	10.07.2025 07:18:41	1,31	10,13	32,03	27,89	1452,58
1903	10.07.2025 07:18:42	1,31	10,09	32,03	27,89	1452,58
1904	10.07.2025 07:18:43	1,31	10,08	32,07	27,91	1452,62
1905	10.07.2025 07:18:44	1,31	10,04	32,07	27,91	1452,61
1906	10.07.2025 07:18:45	1,31	10,02	32,03	27,89	1452,56
1907	10.07.2025 07:18:46	1,31	9,99	32,07	27,91	1452,60
1908	10.07.2025 07:18:47	1,31	9,97	32,07	27,91	1452,60
1909	10.07.2025 07:18:48	1,31	9,94	32,07	27,91	1452,60
1910	10.07.2025 07:18:49	1,31	9,90	32,03	27,89	1452,55
1911	10.07.2025 07:18:50	1,31	9,88	32,03	27,89	1452,54
1912	10.07.2025 07:18:51	1,31	9,85	32,07	27,91	1452,58
1913	10.07.2025 07:18:52	1,31	9,83	32,03	27,89	1452,53
1914	10.07.2025 07:18:53	1,31	9,80	32,07	27,91	1452,57
1915	10.07.2025 07:18:54	1,31	9,76	32,03	27,89	1452,52
1916	10.07.2025 07:18:55	1,31	9,74	32,07	27,91	1452,57
1917	10.07.2025 07:18:56	1,31	9,71	32,07	27,91	1452,56
1918	10.07.2025 07:18:57	1,35	9,68	32,03	27,91	1452,68
1919	10.07.2025 07:18:58	1,35	9,66	32,03	27,91	1452,68
1920	10.07.2025 07:18:59	1,35	9,62	32,06	27,94	1452,72
1921	10.07.2025 07:19:00	1,35	9,59	32,06	27,94	1452,71
1922	10.07.2025 07:19:01	1,35	9,57	32,03	27,91	1452,66
1923	10.07.2025 07:19:02	1,35	9,54	32,06	27,94	1452,70
1924	10.07.2025 07:19:03	1,35	9,50	32,06	27,94	1452,70
1925	10.07.2025 07:19:04	1,35	9,47	32,06	27,94	1452,69
1926	10.07.2025 07:19:05	1,35	9,45	32,06	27,94	1452,69
1927	10.07.2025 07:19:06	1,35	9,41	32,06	27,94	1452,68
1928	10.07.2025 07:19:07	1,35	9,38	32,03	27,91	1452,63
1929	10.07.2025 07:19:08	1,35	9,36	32,06	27,94	1452,67
1930	10.07.2025 07:19:09	1,35	9,33	32,06	27,94	1452,67
1931	10.07.2025 07:19:10	1,35	9,29	32,07	27,94	1452,66
1932	10.07.2025 07:19:11	1,35	9,26	32,07	27,94	1452,66
1933	10.07.2025 07:19:12	1,35	9,24	32,03	27,91	1452,61
1934	10.07.2025 07:19:13	1,35	9,19	32,07	27,94	1452,65
1935	10.07.2025 07:19:14	1,35	9,17	32,03	27,91	1452,60
1936	10.07.2025 07:19:15	1,35	9,13	32,07	27,94	1452,64
1937	10.07.2025 07:19:16	1,35	9,10	32,07	27,94	1452,63
1938	10.07.2025 07:19:17	1,35	9,08	32,03	27,91	1452,59
1939	10.07.2025 07:19:18	1,35	9,05	32,03	27,91	1452,58
1940	10.07.2025 07:19:19	1,35	9,03	32,03	27,91	1452,58
1941	10.07.2025 07:19:20	1,39	8,98	32,03	27,94	1452,74
1942	10.07.2025 07:19:21	1,35	8,94	32,07	27,94	1452,61
1943	10.07.2025 07:19:22	1,39	8,91	32,03	27,94	1452,73
1944	10.07.2025 07:19:23	1,39	8,89	32,03	27,94	1452,72
1945	10.07.2025 07:19:24	1,39	8,86	32,03	27,94	1452,72
1946	10.07.2025 07:19:25	1,39	8,80	32,06	27,97	1452,76
1947	10.07.2025 07:19:26	1,39	8,79	32,06	27,97	1452,75
1948	10.07.2025 07:19:27	1,39	8,75	32,06	27,97	1452,75
1949	10.07.2025 07:19:28	1,39	8,70	32,03	27,94	1452,69
1950	10.07.2025 07:19:29	1,39	8,68	32,03	27,94	1452,69
1951	10.07.2025 07:19:30	1,39	8,65	32,03	27,94	1452,69
1952	10.07.2025 07:19:31	1,39	8,59	32,06	27,97	1452,72
1953	10.07.2025 07:19:32	1,39	8,56	32,06	27,97	1452,72
1954	10.07.2025 07:19:33	1,42	8,53	32,03	27,97	1452,83
1955	10.07.2025 07:19:34	1,42	8,51	32,03	27,97	1452,83
1956	10.07.2025 07:19:35	1,42	8,46	32,03	27,97	1452,82
1957	10.07.2025 07:19:36	1,42	8,44	32,03	27,97	1452,82
1958	10.07.2025 07:19:37	1,42	8,40	32,03	27,97	1452,82
1959	10.07.2025 07:19:38	1,42	8,35	32,03	27,97	1452,81
1960	10.07.2025 07:19:39	1,42	8,32	32,06	28,00	1452,85
1961	10.07.2025 07:19:40	1,42	8,28	32,06	28,00	1452,84
1962	10.07.2025 07:19:41	1,46	8,25	32,02	28,00	1452,96
1963	10.07.2025 07:19:42	1,46	8,21	32,06	28,02	1453,00
1964	10.07.2025 07:19:43	1,46	8,18	32,09	28,05	1453,04
1965	10.07.2025 07:19:44	1,50	8,15	32,05	28,05	1453,15
1966	10.07.2025 07:19:45	1,50	8,11	32,09	28,08	1453,19
1967	10.07.2025 07:19:46	1,50	8,06	32,09	28,08	1453,18
1968	10.07.2025 07:19:47	1,54	8,01	32,05	28,08	1453,30
1969	10.07.2025 07:19:48	1,54	7,99	32,05	28,08	1453,30
1970	10.07.2025 07:19:49	1,54	7,94	32,05	28,08	1453,29
1971	10.07.2025 07:19:50	1,54	7,90	32,05	28,08	1453,28
1972	10.07.2025 07:19:51	1,54	7,87	32,05	28,08	1453,28
1973	10.07.2025 07:19:52	1,58	7,83	32,01	28,08	1453,39
1974	10.07.2025 07:19:53	1,58	7,80	32,01	28,08	1453,39
1975	10.07.2025 07:19:54	1,58	7,76	32,01	28,08	1453,38
1976	10.07.2025 07:19:55	1,58	7,75	32,01	28,08	1453,38
1977	10.07.2025 07:19:56	1,58	7,71	32,05	28,11	1453,42
1978	10.07.2025 07:19:57	1,58	7,68	32,01	28,08	1453,37
1979	10.07.2025 07:19:58	1,58	7,64	32,01	28,08	1453,36
1980	10.07.2025 07:19:59	1,58	7,61	32,01	28,08	1453,36
1981	10.07.2025 07:20:00	1,58	7,57	32,01	28,08	1453,35
1982	10.07.2025 07:20:01	1,62	7,54	31,97	28,08	1453,47
1983	10.07.2025 07:20:02	1,62	7,52	32,04	28,13	1453,56
1984	10.07.2025 07:20:03	1,62	7,50	32,04	28,13	1453,55
1985	10.07.2025 07:20:04	1,62	7,47	32,01	28,11	1453,50
1986	10.07.2025 07:20:05	1,62	7,45	31,97	28,08	1453,46
1987	10.07.2025 07:20:06	1,62	7,40	32,01	28,11	1453,49
1988	10.07.2025 07:20:07	1,62	7,36	31,98	28,08	1453,44
1989	10.07.2025 07:20:08	1,62	7,33	31,98	28,08	1453,44
1990	10.07.2025 07:20:09	1,62	7,28	31,98	28,08	1453,43
1991	10.07.2025 07:20:10	1,62	7,28	32,01	28,11	1453,47
1992	10.07.2025 07:20:11	1,62	7,24	31,98	28,08	1453,42
1993	10.07.2025 07:20:12	1,62	7,21	32,01	28,11	1453,46
1994	10.07.2025 07:20:13	1,62	7,17	32,01	28,11	1453,46
1995	10.07.2025 07:20:14	1,66	7,16	31,97	28,11	1453,58
1996	10.07.2025 07:20:15	1,66	7,12	31,97	28,11	1453,57
1997	10.07.2025 07:20:16	1,66	7,09	31,97	28,11	1453,56
1998	10.07.2025 07:20:17	1,66	7,05	31,94	28,08	1453,51
1999	10.07.2025 07:20:18	1,66	7,00	31,97	28,11	1453,55
2000	10.07.2025 07:20:19	1,66	6,98	31,97	28,11	1453,55
2001	10.07.2025 07:20:20	1,66	6,93	32,01	28,14	1453,58
2002	10.07.2025 07:20:21	1,66	6,89	31,97	28,11	1453,53
2003	10.07.2025 07:20:22	1,66	6,86	32,01	28,14	1453,57
2004	10.07.2025 07:20:23	1,66	6,82	32,04	28,16	1453,61
2005	10.07.2025 07:20:24	1,70	6,77	31,97	28,14	1453,68
2006	10.07.2025 07:20:25	1,70	6,76	32,00	28,16	1453,72
2007	10.07.2025 07:20:26	1,70	6,72	32,00	28,16	1453,72
2008	10.07.2025 07:20:27	1,70	6,70	32,00	28,16	1453,71
2009	10.07.2025 07:20:28	1,73	6,65	31,93	28,14	1453,78
2010	10.07.2025 07:20:29	1,73	6,65	31,97	28,16	1453,83
2011	10.07.2025 07:20:30	1,73	6,60	31,97	28,16	1453,82
2012	10.07.2025 07:20:31	1,73	6,56	31,97	28,16	1453,81
2013	10.07.2025 07:20:32	1,73	6,53	31,97	28,16	1453,81
2014	10.07.2025 07:20:33	1,73	6,49	31,97	28,16	1453,80
2015	10.07.2025 07:20:34	1,73	6,44	31,97	28,16	1453,80
2016	10.07.2025 07:20:35	1,73	6,42	31,97	28,16	1453,79
2017	10.07.2025 07:20:36	1,73	6,37	31,97	28,16	1453,78
2018	10.07.2025 07:20:37	1,73	6,35	31,97	28,16	1453,78
2019	10.07.2025 07:20:38	1,73	6,30	31,97	28,16	1453,77
2020	10.07.2025 07:20:39	1,77	6,27	31,93	28,16	1453,89
2021	10.07.2025 07:20:40	1,77	6,23	31,93	28,16	1453,88
2022	10.07.2025 07:20:41	1,77	6,20	31,93	28,16	1453,88
2023	10.07.2025 07:20:42	1,77	6,16	31,93	28,16	1453,87
2024	10.07.2025 07:20:43	1,77	6,15	31,93	28,16	1453,87
2025	10.07.2025 07:20:44	1,77	6,11	31,93	28,16	1453,86
2026	10.07.2025 07:20:45	1,77	6,06	31,93	28,16	1453,86
2027	10.07.2025 07:20:46	1,77	6,04	31,93	28,16	1453,85
2028	10.07.2025 07:20:47	1,77	6,01	31,93	28,16	1453,85
2029	10.07.2025 07:20:48	1,77	5,97	31,93	28,16	1453,84
2030	10.07.2025 07:20:49	1,77	5,94	31,93	28,16	1453,84
2031	10.07.2025 07:20:50	1,77	5,90	31,93	28,16	1453,83
2032	10.07.2025 07:20:51	1,77	5,87	31,93	28,16	1453,83
2033	10.07.2025 07:20:52	1,77	5,85	31,93	28,16	1453,82
2034	10.07.2025 07:20:53	1,77	5,81	31,93	28,16	1453,82
2035	10.07.2025 07:20:54	1,81	5,80	31,93	28,19	1453,98
2036	10.07.2025 07:20:55	1,81	5,76	31,93	28,19	1453,97
2037	10.07.2025 07:20:56	1,81	5,75	31,96	28,22	1454,02
2038	10.07.2025 07:20:57	1,81	5,71	31,96	28,22	1454,01
2039	10.07.2025 07:20:58	1,81	5,68	31,96	28,22	1454,01
2040	10.07.2025 07:20:59	1,81	5,68	31,96	28,22	1454,01
2041	10.07.2025 07:21:00	1,85	5,64	31,92	28,22	1454,12
2042	10.07.2025 07:21:01	1,85	5,59	31,92	28,22	1454,11
2043	10.07.2025 07:21:02	1,85	5,55	31,92	28,22	1454,11
2044	10.07.2025 07:21:03	1,85	5,52	31,93	28,22	1454,10
2045	10.07.2025 07:21:04	1,85	5,48	31,93	28,22	1454,10
2046	10.07.2025 07:21:05	1,85	5,45	31,93	28,22	1454,09
2047	10.07.2025 07:21:06	1,85	5,41	31,96	28,25	1454,13
2048	10.07.2025 07:21:07	1,89	5,36	31,92	28,25	1454,24
2049	10.07.2025 07:21:08	1,89	5,35	31,96	28,27	1454,28
2050	10.07.2025 07:21:09	1,89	5,29	31,96	28,27	1454,27
2051	10.07.2025 07:21:10	1,89	5,26	31,99	28,30	1454,31
2052	10.07.2025 07:21:11	1,93	5,23	31,95	28,30	1454,43
2053	10.07.2025 07:21:12	1,93	5,17	31,95	28,30	1454,42
2054	10.07.2025 07:21:13	1,93	5,17	31,98	28,33	1454,46
2055	10.07.2025 07:21:14	1,96	5,14	31,95	28,33	1454,58
2056	10.07.2025 07:21:15	1,96	5,11	31,95	28,33	1454,57
2057	10.07.2025 07:21:16	1,96	5,07	31,95	28,33	1454,57
2058	10.07.2025 07:21:17	1,96	5,05	31,91	28,30	1454,52
2059	10.07.2025 07:21:18	1,96	5,02	31,95	28,33	1454,56
2060	10.07.2025 07:21:19	1,96	4,97	31,98	28,36	1454,59
2061	10.07.2025 07:21:20	2,00	4,95	32,01	28,41	1454,80
2062	10.07.2025 07:21:21	2,04	4,92	32,01	28,44	1454,96
2063	10.07.2025 07:21:22	2,08	4,88	31,97	28,44	1455,07
2064	10.07.2025 07:21:23	2,08	4,85	32,04	28,49	1455,15
2065	10.07.2025 07:21:24	2,12	4,82	32,10	28,57	1455,40
2066	10.07.2025 07:21:25	2,15	4,78	32,13	28,63	1455,60
2067	10.07.2025 07:21:26	2,23	4,77	32,38	28,90	1456,27
2068	10.07.2025 07:21:27	2,31	4,72	32,37	28,95	1456,58
2069	10.07.2025 07:21:28	2,42	4,69	32,36	29,03	1457,05
2070	10.07.2025 07:21:29	2,50	4,64	32,35	29,09	1457,36
2071	10.07.2025 07:21:30	2,53	4,61	32,31	29,09	1457,48
2072	10.07.2025 07:21:31	2,57	4,58	32,28	29,09	1457,59
2073	10.07.2025 07:21:32	2,61	4,54	32,27	29,12	1457,74
2074	10.07.2025 07:21:33	2,65	4,51	32,30	29,17	1457,94
2075	10.07.2025 07:21:34	2,68	4,46	32,27	29,17	1458,04
2076	10.07.2025 07:21:35	2,72	4,45	32,26	29,20	1458,20
2077	10.07.2025 07:21:36	2,76	4,39	32,23	29,20	1458,31
2078	10.07.2025 07:21:37	2,80	4,34	32,19	29,20	1458,41
2079	10.07.2025 07:21:38	2,80	4,33	32,19	29,20	1458,41
2080	10.07.2025 07:21:39	2,84	4,29	32,15	29,20	1458,52
2081	10.07.2025 07:21:40	2,84	4,26	32,19	29,23	1458,56
2082	10.07.2025 07:21:41	2,87	4,24	32,18	29,26	1458,71
2083	10.07.2025 07:21:42	2,91	4,19	32,15	29,26	1458,82
2084	10.07.2025 07:21:43	2,95	4,18	32,11	29,26	1458,93
2085	10.07.2025 07:21:44	2,95	4,14	32,11	29,26	1458,92
2086	10.07.2025 07:21:45	2,98	4,11	32,04	29,23	1458,99
2087	10.07.2025 07:21:46	2,98	4,07	32,01	29,21	1458,94
2088	10.07.2025 07:21:47	2,98	4,06	32,01	29,21	1458,94
2089	10.07.2025 07:21:48	3,02	4,01	31,91	29,16	1458,96
2090	10.07.2025 07:21:49	3,02	3,95	31,81	29,08	1458,82
2091	10.07.2025 07:21:50	2,98	3,93	31,91	29,13	1458,79
2092	10.07.2025 07:21:51	3,02	3,90	31,88	29,13	1458,90
2093	10.07.2025 07:21:52	3,02	3,87	31,91	29,16	1458,94
2094	10.07.2025 07:21:53	3,06	3,83	31,91	29,18	1459,09
2095	10.07.2025 07:21:54	3,06	3,81	31,94	29,21	1459,13
2096	10.07.2025 07:21:55	3,10	3,80	32,00	29,29	1459,37
2097	10.07.2025 07:21:56	3,17	3,75	31,86	29,24	1459,50
2098	10.07.2025 07:21:57	3,17	3,72	31,96	29,32	1459,62
2099	10.07.2025 07:21:58	3,21	3,70	31,86	29,27	1459,65
2100	10.07.2025 07:21:59	3,25	3,68	31,95	29,37	1459,93
2101	10.07.2025 07:22:00	3,28	3,65	31,89	29,35	1459,99
2102	10.07.2025 07:22:01	3,32	3,58	31,79	29,30	1460,01
2103	10.07.2025 07:22:02	3,32	3,57	32,01	29,48	1460,30
2104	10.07.2025 07:22:03	3,39	3,55	32,07	29,59	1460,69
2105	10.07.2025 07:22:04	3,47	3,50	32,12	29,70	1461,07
2106	10.07.2025 07:22:05	3,54	3,47	32,28	29,89	1461,58
2107	10.07.2025 07:22:06	3,65	3,43	32,23	29,95	1461,99
2108	10.07.2025 07:22:07	3,73	3,39	32,20	29,97	1462,24
2109	10.07.2025 07:22:08	3,80	3,33	32,13	29,98	1462,45
2110	10.07.2025 07:22:09	3,84	3,28	32,09	29,98	1462,55
2111	10.07.2025 07:22:10	3,91	3,25	32,02	29,98	1462,77
2112	10.07.2025 07:22:11	3,95	3,21	31,99	29,98	1462,87
2113	10.07.2025 07:22:12	3,95	3,18	32,02	30,01	1462,91
2114	10.07.2025 07:22:13	3,98	3,14	31,98	30,01	1463,01
2115	10.07.2025 07:22:14	4,02	3,11	31,92	29,98	1463,07
2116	10.07.2025 07:22:15	4,06	3,10	31,88	29,98	1463,18
2117	10.07.2025 07:22:16	4,06	3,08	31,88	29,98	1463,18
2118	10.07.2025 07:22:17	4,06	3,06	31,92	30,01	1463,21
2119	10.07.2025 07:22:18	4,09	3,03	31,88	30,01	1463,32
2120	10.07.2025 07:22:19	4,13	2,99	31,88	30,04	1463,46
2121	10.07.2025 07:22:20	4,16	2,98	31,88	30,07	1463,61
2122	10.07.2025 07:22:21	4,16	2,94	31,94	30,12	1463,68
2123	10.07.2025 07:22:22	4,20	2,91	31,90	30,12	1463,79
2124	10.07.2025 07:22:23	4,24	2,89	31,90	30,15	1463,93
2125	10.07.2025 07:22:24	4,27	2,86	31,87	30,15	1464,03
2126	10.07.2025 07:22:25	4,31	2,85	31,86	30,18	1464,18
2127	10.07.2025 07:22:26	4,35	2,81	31,83	30,18	1464,28
2128	10.07.2025 07:22:27	4,35	2,79	31,92	30,26	1464,40
2129	10.07.2025 07:22:28	4,38	2,74	31,89	30,26	1464,50
2130	10.07.2025 07:22:29	4,42	2,73	31,86	30,26	1464,60
2131	10.07.2025 07:22:30	4,45	2,71	31,79	30,23	1464,67
2132	10.07.2025 07:22:31	4,49	2,70	31,82	30,29	1464,85
2133	10.07.2025 07:22:32	4,53	2,68	31,85	30,34	1465,04
2134	10.07.2025 07:22:33	4,53	2,66	31,88	30,37	1465,08
2135	10.07.2025 07:22:34	4,60	2,63	31,81	30,37	1465,28
2136	10.07.2025 07:22:35	4,64	2,62	31,81	30,40	1465,43
2137	10.07.2025 07:22:36	4,64	2,60	31,81	30,40	1465,42
2138	10.07.2025 07:22:37	4,67	2,57	31,78	30,40	1465,52
2139	10.07.2025 07:22:38	4,71	2,55	31,71	30,37	1465,59
2140	10.07.2025 07:22:39	4,71	2,53	31,74	30,40	1465,63
2141	10.07.2025 07:22:40	4,74	2,50	31,68	30,37	1465,69
2142	10.07.2025 07:22:41	4,74	2,48	31,68	30,37	1465,68
2143	10.07.2025 07:22:42	4,74	2,48	31,65	30,35	1465,64
2144	10.07.2025 07:22:43	4,78	2,47	31,59	30,32	1465,71
2145	10.07.2025 07:22:44	4,78	2,45	31,59	30,32	1465,71
2146	10.07.2025 07:22:45	4,78	2,45	31,62	30,35	1465,74
2147	10.07.2025 07:22:46	4,78	2,43	31,62	30,35	1465,74
2148	10.07.2025 07:22:47	4,82	2,41	31,55	30,32	1465,81
2149	10.07.2025 07:22:48	4,82	2,40	31,52	30,30	1465,76
2150	10.07.2025 07:22:49	4,82	2,38	31,43	30,22	1465,64
2151	10.07.2025 07:22:50	4,82	2,34	31,46	30,24	1465,68
2152	10.07.2025 07:22:51	4,82	2,34	31,49	30,27	1465,72
2153	10.07.2025 07:22:52	4,82	2,31	31,52	30,30	1465,75
2154	10.07.2025 07:22:53	4,85	2,28	31,52	30,32	1465,89
2155	10.07.2025 07:22:54	4,89	2,26	31,55	30,38	1466,07
2156	10.07.2025 07:22:55	4,89	2,24	31,55	30,38	1466,07
2157	10.07.2025 07:22:56	4,92	2,21	31,55	30,41	1466,21
2158	10.07.2025 07:22:57	4,92	2,19	31,67	30,51	1466,36
2159	10.07.2025 07:22:58	4,96	2,16	31,70	30,57	1466,54
2160	10.07.2025 07:22:59	5,03	2,14	31,72	30,65	1466,87
2161	10.07.2025 07:23:00	5,07	2,11	31,78	30,73	1467,08
2162	10.07.2025 07:23:01	5,14	2,10	31,78	30,78	1467,37
2163	10.07.2025 07:23:02	5,17	2,08	31,93	30,95	1467,71
2164	10.07.2025 07:23:03	5,24	2,07	32,04	31,11	1468,14
2165	10.07.2025 07:23:04	5,35	2,02	32,07	31,22	1468,60
2166	10.07.2025 07:23:05	5,46	2,01	32,12	31,35	1469,10
2167	10.07.2025 07:23:06	5,53	1,98	32,18	31,46	1469,45
2168	10.07.2025 07:23:07	5,63	1,95	32,26	31,62	1469,98
2169	10.07.2025 07:23:08	5,74	1,93	32,55	31,97	1470,78
2170	10.07.2025 07:23:09	5,91	1,91	32,60	32,16	1471,54
2171	10.07.2025 07:23:10	6,05	1,86	32,53	32,22	1472,01
2172	10.07.2025 07:23:11	6,16	1,82	32,40	32,20	1472,26
2173	10.07.2025 07:23:12	6,26	1,79	32,22	32,12	1472,43
2174	10.07.2025 07:23:13	6,30	1,79	32,54	32,44	1472,98
2175	10.07.2025 07:23:14	6,44	1,78	32,79	32,79	1473,86
2176	10.07.2025 07:23:15	6,61	1,73	32,69	32,85	1474,41
2177	10.07.2025 07:23:16	6,72	1,68	32,69	32,93	1474,80
2178	10.07.2025 07:23:17	6,85	1,66	32,82	33,18	1475,51
2179	10.07.2025 07:23:18	6,99	1,65	32,78	33,26	1476,00
2180	10.07.2025 07:23:19	7,13	1,62	32,74	33,35	1476,48
2181	10.07.2025 07:23:20	7,23	1,57	32,79	33,48	1476,93
2182	10.07.2025 07:23:21	7,37	1,56	32,75	33,57	1477,41
2183	10.07.2025 07:23:22	7,47	1,55	32,66	33,57	1477,69
2184	10.07.2025 07:23:23	7,57	1,52	32,57	33,57	1477,96
2185	10.07.2025 07:23:24	7,64	1,50	32,57	33,63	1478,21
2186	10.07.2025 07:23:25	7,71	1,49	32,50	33,63	1478,39
2187	10.07.2025 07:23:26	7,74	1,47	32,50	33,66	1478,52
2188	10.07.2025 07:23:27	7,81	1,46	32,50	33,71	1478,77
2189	10.07.2025 07:23:28	7,88	1,46	32,44	33,71	1478,95
2190	10.07.2025 07:23:29	7,91	1,46	32,35	33,66	1478,97
2191	10.07.2025 07:23:30	7,94	1,46	32,29	33,64	1479,03
2192	10.07.2025 07:23:31	7,98	1,48	32,23	33,61	1479,09
2193	10.07.2025 07:23:32	8,01	1,50	32,20	33,61	1479,18
2194	10.07.2025 07:23:33	8,04	1,52	32,15	33,59	1479,24
2195	10.07.2025 07:23:34	8,08	1,54	32,09	33,56	1479,30
2196	10.07.2025 07:23:35	8,08	1,56	32,06	33,53	1479,27
2197	10.07.2025 07:23:36	8,11	1,58	32,03	33,53	1479,36
2198	10.07.2025 07:23:37	8,15	1,56	32,00	33,54	1479,45
2199	10.07.2025 07:23:38	8,15	1,56	31,97	33,51	1479,41
2200	10.07.2025 07:23:39	8,18	1,56	31,97	33,54	1479,54
2201	10.07.2025 07:23:40	8,21	1,56	31,91	33,51	1479,59
2202	10.07.2025 07:23:41	8,21	1,58	31,91	33,51	1479,60
2203	10.07.2025 07:23:42	8,21	1,60	31,88	33,48	1479,56
2204	10.07.2025 07:23:43	8,25	1,62	31,83	33,46	1479,62
2205	10.07.2025 07:23:44	8,25	1,62	31,74	33,38	1479,52
2206	10.07.2025 07:23:45	8,25	1,64	31,60	33,25	1479,34
2207	10.07.2025 07:23:46	8,21	1,67	31,57	33,19	1479,19
2208	10.07.2025 07:23:47	8,21	1,69	31,43	33,06	1479,01
2209	10.07.2025 07:23:48	8,18	1,70	31,32	32,92	1478,75
2210	10.07.2025 07:23:49	8,11	1,75	31,30	32,84	1478,47
2211	10.07.2025 07:23:50	8,08	1,77	31,32	32,84	1478,38
2212	10.07.2025 07:23:51	8,04	1,80	31,30	32,79	1478,22
2213	10.07.2025 07:23:52	8,01	1,82	31,33	32,79	1478,13
2214	10.07.2025 07:23:53	8,01	1,85	31,24	32,71	1478,03
2215	10.07.2025 07:23:54	7,98	1,87	31,13	32,57	1477,76
2216	10.07.2025 07:23:55	7,91	1,88	30,88	32,28	1477,19
2217	10.07.2025 07:23:56	7,84	1,88	30,85	32,19	1476,89
2218	10.07.2025 07:23:57	7,74	1,95	30,96	32,22	1476,66
2219	10.07.2025 07:23:58	7,71	2,00	31,05	32,27	1476,64
2220	10.07.2025 07:23:59	7,67	2,01	30,96	32,16	1476,41
2221	10.07.2025 07:24:00	7,64	2,03	30,94	32,11	1476,24
2222	10.07.2025 07:24:01	7,60	2,04	30,91	32,05	1476,08
2223	10.07.2025 07:24:02	7,57	2,10	30,85	31,97	1475,88
2224	10.07.2025 07:24:03	7,50	2,11	30,63	31,70	1475,34
2225	10.07.2025 07:24:04	7,43	2,11	30,48	31,51	1474,89
2226	10.07.2025 07:24:05	7,33	2,14	30,40	31,35	1474,39
2227	10.07.2025 07:24:06	7,23	2,17	30,37	31,24	1473,96
2228	10.07.2025 07:24:07	7,13	2,21	30,40	31,19	1473,61
2229	10.07.2025 07:24:08	7,06	2,21	30,05	30,81	1472,90
2230	10.07.2025 07:24:09	6,92	2,24	30,08	30,73	1472,40
2231	10.07.2025 07:24:10	6,78	2,27	30,08	30,62	1471,86
2232	10.07.2025 07:24:11	6,68	2,31	30,11	30,56	1471,50
2233	10.07.2025 07:24:12	6,61	2,35	30,14	30,53	1471,26
2234	10.07.2025 07:24:13	6,54	2,38	30,17	30,50	1471,03
2235	10.07.2025 07:24:14	6,47	2,41	30,17	30,45	1470,76
2236	10.07.2025 07:24:15	6,40	2,42	30,17	30,39	1470,49
2237	10.07.2025 07:24:16	6,33	2,42	30,20	30,36	1470,25
2238	10.07.2025 07:24:17	6,30	2,45	30,32	30,44	1470,27
2239	10.07.2025 07:24:18	6,26	2,42	30,41	30,49	1470,23
2240	10.07.2025 07:24:19	6,26	2,40	30,62	30,68	1470,49
2241	10.07.2025 07:24:20	6,26	2,38	31,12	31,14	1471,13
2242	10.07.2025 07:24:21	6,40	2,32	31,52	31,62	1472,19
2243	10.07.2025 07:24:22	6,58	2,27	31,90	32,10	1473,35
2244	10.07.2025 07:24:23	6,78	2,16	31,77	32,16	1473,99
2245	10.07.2025 07:24:24	6,99	2,07	31,82	32,38	1474,85
2246	10.07.2025 07:24:25	7,13	2,02	31,96	32,63	1475,55
2247	10.07.2025 07:24:26	7,30	1,96	32,12	32,92	1476,41
2248	10.07.2025 07:24:27	7,47	1,90	32,26	33,19	1477,23
2249	10.07.2025 07:24:28	7,64	1,82	32,31	33,39	1477,94
2250	10.07.2025 07:24:29	7,81	1,72	32,30	33,52	1478,56
2251	10.07.2025 07:24:30	7,98	1,68	32,55	33,90	1479,51
2252	10.07.2025 07:24:31	8,18	1,62	32,53	34,07	1480,25
2253	10.07.2025 07:24:32	8,31	1,55	32,61	34,26	1480,85
2254	10.07.2025 07:24:33	8,48	1,51	32,71	34,50	1481,60
2255	10.07.2025 07:24:34	8,65	1,43	32,73	34,67	1482,24
2256	10.07.2025 07:24:35	8,78	1,38	32,78	34,83	1482,79
2257	10.07.2025 07:24:36	8,95	1,32	32,75	34,94	1483,36
2258	10.07.2025 07:24:37	9,08	1,31	33,04	35,35	1484,22
2259	10.07.2025 07:24:38	9,28	1,28	33,14	35,62	1485,07
2260	10.07.2025 07:24:39	9,47	1,22	33,05	35,70	1485,67
2261	10.07.2025 07:24:40	9,64	1,16	32,98	35,79	1486,18
2262	10.07.2025 07:24:41	9,77	1,13	32,89	35,82	1486,54
2263	10.07.2025 07:24:42	9,90	1,08	32,83	35,88	1486,94
2264	10.07.2025 07:24:43	10,00	1,07	32,80	35,93	1487,25
2265	10.07.2025 07:24:44	10,10	1,06	32,77	35,99	1487,56
2266	10.07.2025 07:24:45	10,19	1,03	32,77	36,07	1487,90
2267	10.07.2025 07:24:46	10,29	1,01	32,79	36,18	1488,28
2268	10.07.2025 07:24:47	10,39	1,00	32,89	36,37	1488,75
2269	10.07.2025 07:24:48	10,52	0,99	32,83	36,43	1489,14
2270	10.07.2025 07:24:49	10,65	0,96	32,75	36,46	1489,49
2271	10.07.2025 07:24:50	10,74	0,95	32,72	36,52	1489,80
2272	10.07.2025 07:24:51	10,81	0,93	32,71	36,57	1490,02
2273	10.07.2025 07:24:52	10,90	0,92	32,68	36,63	1490,32
2274	10.07.2025 07:24:53	11,00	0,91	32,63	36,66	1490,59
2275	10.07.2025 07:24:54	11,06	0,89	32,60	36,69	1490,78
2276	10.07.2025 07:24:55	11,16	0,90	32,52	36,69	1491,02
2277	10.07.2025 07:24:56	11,22	0,90	32,46	36,69	1491,18
2278	10.07.2025 07:24:57	11,29	0,89	32,43	36,72	1491,37
2279	10.07.2025 07:24:58	11,32	0,89	32,43	36,75	1491,48
2280	10.07.2025 07:24:59	11,38	0,87	32,38	36,75	1491,63
2281	10.07.2025 07:25:00	11,42	0,88	32,40	36,80	1491,78
2282	10.07.2025 07:25:01	11,48	0,88	32,40	36,86	1492,00
2283	10.07.2025 07:25:02	11,58	0,85	32,35	36,89	1492,26
2284	10.07.2025 07:25:03	11,64	0,83	32,34	36,94	1492,48
2285	10.07.2025 07:25:04	11,70	0,85	32,45	37,10	1492,83
2286	10.07.2025 07:25:05	11,80	0,84	32,47	37,21	1493,18
2287	10.07.2025 07:25:06	11,89	0,81	32,47	37,30	1493,50
2288	10.07.2025 07:25:07	12,02	0,75	32,46	37,41	1493,93
2289	10.07.2025 07:25:08	12,11	0,72	32,41	37,44	1494,18
2290	10.07.2025 07:25:09	12,21	0,67	32,38	37,49	1494,46
2291	10.07.2025 07:25:10	12,30	0,64	32,33	37,52	1494,72
2292	10.07.2025 07:25:11	12,37	0,59	32,30	37,55	1494,89
2293	10.07.2025 07:25:12	12,43	0,54	32,27	37,58	1495,07
2294	10.07.2025 07:25:13	12,49	0,52	32,30	37,66	1495,31
2295	10.07.2025 07:25:14	12,56	0,51	32,25	37,66	1495,46
2296	10.07.2025 07:25:15	12,62	0,46	31,94	37,40	1495,29
2297	10.07.2025 07:25:16	12,65	0,43	31,81	37,29	1495,24
2298	10.07.2025 07:25:17	12,68	0,41	31,76	37,27	1495,28
2299	10.07.2025 07:25:18	12,68	0,41	31,76	37,27	1495,28
2300	10.07.2025 07:25:19	12,71	0,39	31,76	37,29	1495,39
2301	10.07.2025 07:25:20	12,71	0,36	31,64	37,16	1495,23
2302	10.07.2025 07:25:21	12,74	0,32	31,51	37,05	1495,18
2303	10.07.2025 07:25:22	12,74	0,32	31,59	37,13	1495,27
2304	10.07.2025 07:25:23	12,78	0,32	31,71	37,29	1495,53
2305	10.07.2025 07:25:24	12,84	0,29	31,69	37,32	1495,70
2306	10.07.2025 07:25:25	12,90	0,37	32,16	37,88	1496,50
2307	10.07.2025 07:25:26	13,09	0,32	32,14	38,02	1497,09
2308	10.07.2025 07:25:27	13,24	0,27	32,03	38,05	1497,48
2309	10.07.2025 07:25:28	13,37	0,22	31,88	38,01	1497,71
2310	10.07.2025 07:25:29	13,43	0,13	31,61	37,77	1497,57
2311	10.07.2025 07:25:30	13,40	0,11	31,58	37,71	1497,44
2312	10.07.2025 07:25:31	13,37	0,06	31,54	37,63	1497,26
2313	10.07.2025 07:25:32	13,37	0,16	31,91	38,03	1497,73
2314	10.07.2025 07:25:33	13,49	0,11	31,81	38,03	1498,01
2315	10.07.2025 07:25:34	13,59	0,04	31,73	38,04	1498,22
2316	10.07.2025 07:25:35	13,65	0,06	31,68	38,04	1498,37
2317	10.07.2025 07:25:36	13,71	0,02	31,56	37,96	1498,42
2318	10.07.2025 07:25:37	13,74	-0,03	31,51	37,93	1498,46
2319	10.07.2025 07:25:38	13,74	0,00	31,63	38,07	1498,61
2320	10.07.2025 07:25:39	13,80	-0,03	31,58	38,07	1498,75
2321	10.07.2025 07:25:40	13,86	-0,05	31,53	38,07	1498,89
2322	10.07.2025 07:25:41	13,90	-0,07	31,51	38,07	1498,96
2323	10.07.2025 07:25:42	13,93	-0,08	31,49	38,07	1499,03
2324	10.07.2025 07:25:43	13,96	-0,08	31,44	38,05	1499,07
2325	10.07.2025 07:25:44	13,99	-0,07	31,44	38,08	1499,18
2326	10.07.2025 07:25:45	14,02	-0,07	31,41	38,08	1499,25
2327	10.07.2025 07:25:46	14,05	-0,07	31,39	38,08	1499,32
2328	10.07.2025 07:25:47	14,08	-0,07	31,36	38,08	1499,39
2329	10.07.2025 07:25:48	14,11	-0,05	31,34	38,08	1499,47
2330	10.07.2025 07:25:49	14,14	-0,05	31,29	38,05	1499,51
2331	10.07.2025 07:25:50	14,14	-0,05	31,17	37,92	1499,36
2332	10.07.2025 07:25:51	14,14	-0,07	31,24	38,00	1499,45
2333	10.07.2025 07:25:52	14,17	-0,07	31,24	38,03	1499,55
2334	10.07.2025 07:25:53	14,20	-0,05	31,24	38,05	1499,65
2335	10.07.2025 07:25:54	14,24	-0,07	31,22	38,06	1499,72
2336	10.07.2025 07:25:55	14,24	-0,05	31,22	38,06	1499,73
2337	10.07.2025 07:25:56	14,27	-0,07	31,19	38,06	1499,79
2338	10.07.2025 07:25:57	14,30	-0,07	31,17	38,06	1499,87
2339	10.07.2025 07:25:58	14,30	-0,07	31,14	38,03	1499,84
2340	10.07.2025 07:25:59	14,33	-0,07	31,07	37,98	1499,85
2341	10.07.2025 07:26:00	14,33	-0,07	31,10	38,00	1499,88
2342	10.07.2025 07:26:01	14,36	-0,05	31,10	38,03	1499,98
2343	10.07.2025 07:26:02	14,36	-0,03	31,12	38,06	1500,01
2344	10.07.2025 07:26:03	14,36	-0,05	31,07	38,00	1499,95
2345	10.07.2025 07:26:04	14,36	-0,08	31,02	37,95	1499,89
2346	10.07.2025 07:26:05	14,36	-0,03	31,10	38,03	1499,99
2347	10.07.2025 07:26:06	14,39	-0,03	31,10	38,06	1500,09
2348	10.07.2025 07:26:07	14,42	-0,05	31,07	38,06	1500,15
2349	10.07.2025 07:26:08	14,45	-0,05	31,05	38,06	1500,23
2350	10.07.2025 07:26:09	14,45	-0,03	31,05	38,06	1500,23
2351	10.07.2025 07:26:10	14,48	-0,05	31,03	38,06	1500,30
2352	10.07.2025 07:26:11	14,48	-0,03	31,03	38,06	1500,30
2353	10.07.2025 07:26:12	14,51	-0,03	31,00	38,06	1500,37
2354	10.07.2025 07:26:13	14,51	-0,03	31,00	38,06	1500,37
2355	10.07.2025 07:26:14	14,54	-0,05	30,95	38,04	1500,41
2356	10.07.2025 07:26:15	14,54	-0,03	30,98	38,06	1500,44
2357	10.07.2025 07:26:16	14,54	-0,05	30,98	38,06	1500,44
2358	10.07.2025 07:26:17	14,57	-0,05	30,95	38,06	1500,51
2359	10.07.2025 07:26:18	14,57	-0,05	30,95	38,06	1500,51
2360	10.07.2025 07:26:19	14,60	-0,05	30,93	38,06	1500,58
2361	10.07.2025 07:26:20	14,60	-0,05	30,93	38,06	1500,58
2362	10.07.2025 07:26:21	14,60	-0,05	30,93	38,06	1500,58
2363	10.07.2025 07:26:22	14,63	-0,05	30,91	38,07	1500,65
2364	10.07.2025 07:26:23	14,63	-0,05	30,86	38,01	1500,60
2365	10.07.2025 07:26:24	14,63	-0,03	30,88	38,04	1500,63
2366	10.07.2025 07:26:25	14,63	-0,05	30,91	38,07	1500,65
2367	10.07.2025 07:26:26	14,67	-0,05	30,88	38,07	1500,72
2368	10.07.2025 07:26:27	14,67	-0,05	30,86	38,04	1500,70
2369	10.07.2025 07:26:28	14,67	-0,05	30,88	38,07	1500,72
2370	10.07.2025 07:26:29	14,70	-0,05	30,86	38,07	1500,79
2371	10.07.2025 07:26:30	14,70	-0,05	30,86	38,07	1500,80
2372	10.07.2025 07:26:31	14,70	-0,05	30,86	38,07	1500,80
2373	10.07.2025 07:26:32	14,73	-0,05	30,84	38,07	1500,87
2374	10.07.2025 07:26:33	14,73	-0,05	30,84	38,07	1500,87
2375	10.07.2025 07:26:34	14,73	-0,03	30,84	38,07	1500,87
2376	10.07.2025 07:26:35	14,73	-0,03	30,81	38,04	1500,84
2377	10.07.2025 07:26:36	14,76	-0,05	30,81	38,07	1500,94
2378	10.07.2025 07:26:37	14,76	-0,05	30,69	37,94	1500,79
2379	10.07.2025 07:26:38	14,76	-0,05	30,81	38,07	1500,94
2380	10.07.2025 07:26:39	14,76	-0,05	30,81	38,07	1500,94
2381	10.07.2025 07:26:40	14,79	-0,05	30,79	38,07	1501,01
2382	10.07.2025 07:26:41	14,79	-0,03	30,79	38,07	1501,01
2383	10.07.2025 07:26:42	14,79	-0,03	30,79	38,07	1501,01
2384	10.07.2025 07:26:43	14,79	-0,03	30,79	38,07	1501,01
2385	10.07.2025 07:26:44	14,79	-0,03	30,81	38,10	1501,04
2386	10.07.2025 07:26:45	14,82	-0,05	30,77	38,07	1501,08
2387	10.07.2025 07:26:46	14,82	-0,05	30,77	38,07	1501,08
2388	10.07.2025 07:26:47	14,82	-0,03	30,77	38,07	1501,08
2389	10.07.2025 07:26:48	14,82	-0,05	30,77	38,07	1501,08
2390	10.07.2025 07:26:49	14,82	-0,07	30,77	38,07	1501,08
2391	10.07.2025 07:26:50	14,82	-0,05	30,79	38,10	1501,11
2392	10.07.2025 07:26:51	14,85	-0,07	9,62	13,18	1476,06
2393	10.07.2025 07:26:52	14,85	-0,07	10,71	14,54	1477,35
2394	10.07.2025 07:26:53	14,85	-0,07	10,66	14,49	1477,30
2395	10.07.2025 07:26:54	14,85	-0,05	10,62	14,43	1477,24
2396	10.07.2025 07:26:55	14,85	-0,07	10,73	14,57	1477,38
2397	10.07.2025 07:26:56	14,85	-0,05	10,59	14,40	1477,22
2398	10.07.2025 07:26:57	14,85	-0,07	1,45	2,23	1466,35
2399	10.07.2025 07:26:58	14,88	-0,07	2,37	3,56	1467,55
2400	10.07.2025 07:26:59	14,88	-0,07	2,57	3,85	1467,79
2401	10.07.2025 07:27:00	14,88	-0,05	2,55	3,82	1467,77
2402	10.07.2025 07:27:01	14,88	-0,07	2,65	3,96	1467,89
2403	10.07.2025 07:27:02	14,88	-0,07	2,61	3,90	1467,84
2404	10.07.2025 07:27:03	14,88	-0,05	0,45	0,74	1465,28
2405	10.07.2025 07:27:04	14,88	-0,07	1,12	1,76	1466,07
2406	10.07.2025 07:27:05	14,88	-0,05	1,22	1,90	1466,18
2407	10.07.2025 07:27:06	14,88	-0,05	1,16	1,81	1466,12
2408	10.07.2025 07:27:07	14,88	-0,07	1,29	2,01	1466,27
2409	10.07.2025 07:27:08	14,88	-0,07	1,14	1,78	1466,09
2410	10.07.2025 07:27:09	14,88	-0,05	1,27	1,98	1466,25
2411	10.07.2025 07:27:10	14,88	-0,07	1,25	1,95	1466,23
2412	10.07.2025 07:27:11	14,88	-0,07	0,84	1,34	1465,74
2413	10.07.2025 07:27:12	14,88	-0,05	1,25	1,95	1466,23
2414	10.07.2025 07:27:13	14,88	-0,05	1,14	1,78	1466,10
2415	10.07.2025 07:27:14	14,88	-0,05	1,22	1,90	1466,18
2416	10.07.2025 07:27:15	14,88	-0,05	0,08	0,13	1464,83
2417	10.07.2025 07:27:16	14,88	-0,05	0,01	0,00	1464,75
2418	10.07.2025 07:27:17	14,88	-0,07	0,01	0,00	1464,75
2419	10.07.2025 07:27:18	14,88	-0,05	0,01	0,00	1464,75
2420	10.07.2025 07:27:19	14,88	-0,07	0,01	0,00	1464,75
2421	10.07.2025 07:27:20	14,88	-0,07	0,01	0,00	1464,75
2422	10.07.2025 07:27:21	14,88	-0,05	0,01	0,00	1464,75
2423	10.07.2025 07:27:22	14,88	-0,05	0,01	0,00	1464,75
2424	10.07.2025 07:27:23	14,85	-0,07	0,01	0,00	1464,64
2425	10.07.2025 07:27:24	14,85	-0,05	0,01	0,00	1464,64
2426	10.07.2025 07:27:25	14,85	-0,07	0,01	0,00	1464,64
2427	10.07.2025 07:27:26	14,85	-0,05	0,01	0,00	1464,64
2428	10.07.2025 07:27:27	14,85	-0,05	0,01	0,00	1464,64
2429	10.07.2025 07:27:28	14,85	-0,07	0,01	0,00	1464,64
2430	10.07.2025 07:27:29	14,85	-0,07	0,01	0,00	1464,64
2431	10.07.2025 07:27:30	14,85	-0,05	0,01	0,00	1464,64
2432	10.07.2025 07:27:31	14,85	-0,07	0,01	0,00	1464,64
2433	10.07.2025 07:27:32	14,85	-0,05	0,01	0,00	1464,64
2434	10.07.2025 07:27:33	14,85	-0,07	0,01	0,00	1464,64
2435	10.07.2025 07:27:34	14,85	-0,07	0,01	0,00	1464,64
2436	10.07.2025 07:27:35	14,85	-0,05	0,01	0,00	1464,64
2437	10.07.2025 07:27:36	14,85	-0,07	0,01	0,00	1464,64
2438	10.07.2025 07:27:37	14,85	-0,07	0,01	0,00	1464,64
2439	10.07.2025 07:27:38	14,85	-0,05	0,01	0,00	1464,64
2440	10.07.2025 07:27:39	14,85	-0,05	0,01	0,00	1464,64
2441	10.07.2025 07:27:40	14,82	-0,05	0,01	0,00	1464,53
2442	10.07.2025 07:27:41	14,82	-0,05	0,01	0,00	1464,53
2443	10.07.2025 07:27:42	14,82	-0,05	0,01	0,00	1464,53
2444	10.07.2025 07:27:43	14,82	-0,05	0,01	0,00	1464,53
2445	10.07.2025 07:27:44	14,82	-0,07	0,01	0,00	1464,53
2446	10.07.2025 07:27:45	14,82	-0,05	0,01	0,00	1464,53
2447	10.07.2025 07:27:46	14,82	-0,05	0,01	0,00	1464,53
2448	10.07.2025 07:27:47	14,82	-0,05	0,01	0,00	1464,53
2449	10.07.2025 07:27:48	14,82	-0,07	0,01	0,00	1464,53
2450	10.07.2025 07:27:49	14,82	-0,07	0,01	0,00	1464,53
2451	10.07.2025 07:27:50	14,82	-0,07	0,01	0,00	1464,53
2452	10.07.2025 07:27:51	14,82	-0,07	0,01	0,00	1464,53
2453	10.07.2025 07:27:52	14,82	-0,05	0,01	0,00	1464,53
2454	10.07.2025 07:27:53	14,82	-0,05	0,01	0,00	1464,53
2455	10.07.2025 07:27:54	14,82	-0,05	0,01	0,00	1464,53
2456	10.07.2025 07:27:55	14,79	-0,07	0,01	0,00	1464,42
2457	10.07.2025 07:27:56	14,79	-0,07	0,01	0,00	1464,42
2458	10.07.2025 07:27:57	14,79	-0,05	0,01	0,00	1464,43
2459	10.07.2025 07:27:58	14,79	-0,07	0,01	0,00	1464,42
2460	10.07.2025 07:27:59	14,79	-0,05	0,01	0,00	1464,43
2461	10.07.2025 07:28:00	14,79	-0,07	0,01	0,00	1464,42
2462	10.07.2025 07:28:01	14,79	-0,05	0,01	0,00	1464,43
2463	10.07.2025 07:28:02	14,79	-0,07	0,01	0,00	1464,42
2464	10.07.2025 07:28:03	14,79	-0,07	0,01	0,00	1464,42
2465	10.07.2025 07:28:04	14,79	-0,07	0,01	0,00	1464,42
2466	10.07.2025 07:28:05	14,79	-0,05	0,01	0,00	1464,43
2467	10.07.2025 07:28:06	14,79	-0,07	0,01	0,00	1464,42
2468	10.07.2025 07:28:07	14,79	-0,05	0,01	0,00	1464,43
2469	10.07.2025 07:28:08	14,79	-0,05	0,01	0,00	1464,43
2470	10.07.2025 07:28:09	14,79	-0,05	0,01	0,00	1464,43
2471	10.07.2025 07:28:10	14,79	-0,07	0,01	0,00	1464,42
2472	10.07.2025 07:28:11	14,79	-0,05	0,01	0,00	1464,43
2473	10.07.2025 07:28:12	14,79	-0,05	0,01	0,00	1464,43
2474	10.07.2025 07:28:13	14,79	-0,07	0,01	0,00	1464,42
2475	10.07.2025 07:28:14	14,79	-0,05	0,01	0,00	1464,43
2476	10.07.2025 07:28:15	14,79	-0,05	0,01	0,00	1464,43
2477	10.07.2025 07:28:16	14,79	-0,07	0,01	0,00	1464,42
2478	10.07.2025 07:28:17	14,79	-0,05	0,01	0,00	1464,43
2479	10.07.2025 07:28:18	14,79	-0,07	0,01	0,00	1464,42
2480	10.07.2025 07:28:19	14,79	-0,05	0,01	0,00	1464,43
2481	10.07.2025 07:28:20	14,79	-0,05	0,01	0,00	1464,43
2482	10.07.2025 07:28:21	14,79	-0,05	0,01	0,00	1464,43
2483	10.07.2025 07:28:22	14,79	-0,07	0,01	0,00	1464,42
2484	10.07.2025 07:28:23	14,79	-0,05	0,01	0,00	1464,43
2485	10.07.2025 07:28:24	14,79	-0,05	0,01	0,00	1464,43
2486	10.07.2025 07:28:25	14,79	-0,05	0,01	0,00	1464,43
2487	10.07.2025 07:28:26	14,79	-0,05	0,01	0,00	1464,43
2488	10.07.2025 07:28:27	14,79	-0,05	0,01	0,00	1464,43
2489	10.07.2025 07:28:28	14,79	-0,05	0,01	0,00	1464,43
2490	10.07.2025 07:28:29	14,79	-0,07	0,01	0,00	1464,42
2491	10.07.2025 07:28:30	14,79	-0,05	0,01	0,00	1464,43
2492	10.07.2025 07:28:31	14,79	-0,05	0,01	0,00	1464,43
2493	10.07.2025 07:28:32	14,76	-0,05	0,01	0,00	1464,32
2494	10.07.2025 07:28:33	14,79	-0,05	0,01	0,00	1464,43
2495	10.07.2025 07:28:34	14,79	-0,07	0,01	0,00	1464,42
2496	10.07.2025 07:28:35	14,76	-0,05	0,01	0,00	1464,32
2497	10.07.2025 07:28:36	14,79	-0,05	0,01	0,00	1464,43
2498	10.07.2025 07:28:37	14,79	-0,05	0,01	0,00	1464,43
2499	10.07.2025 07:28:38	14,76	-0,05	0,01	0,00	1464,32
2500	10.07.2025 07:28:39	14,76	-0,07	0,01	0,00	1464,32
2501	10.07.2025 07:28:40	14,76	-0,05	0,01	0,00	1464,32
2502	10.07.2025 07:28:41	14,76	-0,07	0,01	0,00	1464,32
2503	10.07.2025 07:28:42	14,76	-0,07	0,01	0,00	1464,32
2504	10.07.2025 07:28:43	14,76	-0,07	0,01	0,00	1464,32
2505	10.07.2025 07:28:44	14,76	-0,05	0,01	0,00	1464,32
2506	10.07.2025 07:28:45	14,76	-0,05	0,01	0,00	1464,32
2507	10.07.2025 07:28:46	14,79	-0,05	0,01	0,00	1464,43
2508	10.07.2025 07:28:47	14,76	-0,05	0,01	0,00	1464,32
2509	10.07.2025 07:28:48	14,76	-0,05	0,01	0,00	1464,32
2510	10.07.2025 07:28:49	14,76	-0,05	0,01	0,00	1464,32
2511	10.07.2025 07:28:50	14,76	-0,05	0,01	0,00	1464,32
2512	10.07.2025 07:28:51	14,76	-0,07	0,01	0,00	1464,32
2513	10.07.2025 07:28:52	14,76	-0,05	0,01	0,00	1464,32
2514	10.07.2025 07:28:53	14,79	-0,05	0,01	0,00	1464,43
2515	10.07.2025 07:28:54	14,79	-0,07	0,01	0,00	1464,42
2516	10.07.2025 07:28:55	14,79	-0,07	0,01	0,00	1464,42
2517	10.07.2025 07:28:56	14,79	-0,07	0,01	0,00	1464,42
2518	10.07.2025 07:28:57	14,79	-0,05	0,01	0,00	1464,43
2519	10.07.2025 07:28:58	14,79	-0,07	0,01	0,00	1464,42
2520	10.07.2025 07:28:59	14,79	-0,05	0,01	0,00	1464,43
2521	10.07.2025 07:29:00	14,79	-0,05	0,01	0,00	1464,43
2522	10.07.2025 07:29:01	14,79	-0,07	0,01	0,00	1464,42
2523	10.07.2025 07:29:02	14,79	-0,05	0,01	0,00	1464,43
2524	10.07.2025 07:29:03	14,79	-0,07	0,01	0,00	1464,42
2525	10.07.2025 07:29:04	14,79	-0,07	0,01	0,00	1464,42
2526	10.07.2025 07:29:05	14,79	-0,05	0,01	0,00	1464,43
2527	10.07.2025 07:29:06	14,79	-0,07	0,01	0,00	1464,42
2528	10.07.2025 07:29:07	14,79	-0,05	0,01	0,00	1464,43
2529	10.07.2025 07:29:08	14,79	-0,05	0,01	0,00	1464,43
2530	10.07.2025 07:29:09	14,79	-0,07	0,01	0,00	1464,42
2531	10.07.2025 07:29:10	14,79	-0,05	0,01	0,00	1464,43
2532	10.07.2025 07:29:11	14,79	-0,05	0,01	0,00	1464,43
2533	10.07.2025 07:29:12	14,79	-0,07	0,01	0,00	1464,42
2534	10.07.2025 07:29:13	14,79	-0,05	0,01	0,00	1464,43
2535	10.07.2025 07:29:14	14,79	-0,07	0,01	0,00	1464,42
2536	10.07.2025 07:29:15	14,79	-0,07	0,01	0,00	1464,42
2537	10.07.2025 07:29:16	14,79	-0,07	0,01	0,00	1464,42
2538	10.07.2025 07:29:17	14,79	-0,07	0,01	0,00	1464,42
2539	10.07.2025 07:29:18	14,79	-0,05	0,01	0,00	1464,43
2540	10.07.2025 07:29:19	14,79	-0,05	0,01	0,00	1464,43
2541	10.07.2025 07:29:20	14,79	-0,07	0,01	0,00	1464,42
2542	10.07.2025 07:29:21	14,79	-0,05	0,01	0,00	1464,43
2543	10.07.2025 07:29:22	14,79	-0,07	0,01	0,00	1464,42
2544	10.07.2025 07:29:23	14,79	-0,07	0,01	0,00	1464,42
2545	10.07.2025 07:29:24	14,79	-0,07	0,01	0,00	1464,42
2546	10.07.2025 07:29:25	14,79	-0,05	0,01	0,00	1464,43
2547	10.07.2025 07:29:26	14,79	-0,05	0,01	0,00	1464,43
2548	10.07.2025 07:29:27	14,79	-0,05	0,01	0,00	1464,43
2549	10.07.2025 07:29:28	14,79	-0,05	0,01	0,00	1464,43
2550	10.07.2025 07:29:29	14,79	-0,05	0,01	0,00	1464,43
2551	10.07.2025 07:29:30	14,79	-0,07	0,01	0,00	1464,42
2552	10.07.2025 07:29:31	14,79	-0,05	0,01	0,00	1464,43
2553	10.07.2025 07:29:32	14,82	-0,07	0,01	0,00	1464,53
2554	10.07.2025 07:29:33	14,79	-0,05	0,01	0,00	1464,43
2555	10.07.2025 07:29:34	14,82	-0,05	0,01	0,00	1464,53
2556	10.07.2025 07:29:35	14,82	-0,05	0,01	0,00	1464,53
2557	10.07.2025 07:29:36	14,82	-0,05	0,01	0,00	1464,53
2558	10.07.2025 07:29:37	14,82	-0,07	0,01	0,00	1464,53
2559	10.07.2025 07:29:38	14,82	-0,05	0,01	0,00	1464,53
2560	10.07.2025 07:29:39	14,82	-0,05	0,01	0,00	1464,53
2561	10.07.2025 07:29:40	14,82	-0,07	0,01	0,00	1464,53
2562	10.07.2025 07:29:41	14,82	-0,05	0,01	0,00	1464,53
2563	10.07.2025 07:29:42	14,82	-0,07	0,01	0,00	1464,53
2564	10.07.2025 07:29:43	14,82	-0,05	0,01	0,00	1464,53
2565	10.07.2025 07:29:44	14,82	-0,05	0,01	0,00	1464,53
2566	10.07.2025 07:29:45	14,82	-0,05	0,01	0,00	1464,53
2567	10.07.2025 07:29:46	14,82	-0,05	0,01	0,00	1464,53
2568	10.07.2025 07:29:47	14,82	-0,05	0,01	0,00	1464,53
2569	10.07.2025 07:29:48	14,82	-0,05	0,01	0,00	1464,53
2570	10.07.2025 07:29:49	14,82	-0,05	0,01	0,00	1464,53
2571	10.07.2025 07:29:50	14,82	-0,07	0,01	0,00	1464,53
2572	10.07.2025 07:29:51	14,82	-0,05	0,01	0,00	1464,53
2573	10.07.2025 07:29:52	14,82	-0,05	0,01	0,00	1464,53
2574	10.07.2025 07:29:53	14,82	-0,05	0,01	0,00	1464,53
2575	10.07.2025 07:29:54	14,82	-0,05	0,01	0,00	1464,53
2576	10.07.2025 07:29:55	14,82	-0,05	0,01	0,00	1464,53
2577	10.07.2025 07:29:56	14,82	-0,05	0,01	0,00	1464,53
2578	10.07.2025 07:29:57	14,85	-0,05	0,01	0,00	1464,64
2579	10.07.2025 07:29:58	14,85	-0,05	0,01	0,00	1464,64
2580	10.07.2025 07:29:59	14,85	-0,07	0,01	0,00	1464,64
2581	10.07.2025 07:30:00	14,85	-0,05	0,01	0,00	1464,64
2582	10.07.2025 07:30:01	14,85	-0,05	0,01	0,00	1464,64
2583	10.07.2025 07:30:02	14,85	-0,05	0,01	0,00	1464,64
2584	10.07.2025 07:30:03	14,85	-0,07	0,01	0,00	1464,64
2585	10.07.2025 07:30:04	14,85	-0,05	0,01	0,00	1464,64
2586	10.07.2025 07:30:05	14,85	-0,05	0,01	0,00	1464,64
2587	10.07.2025 07:30:06	14,85	-0,07	0,01	0,00	1464,64
2588	10.07.2025 07:30:07	14,85	-0,07	0,01	0,00	1464,64
2589	10.07.2025 07:30:08	14,85	-0,07	0,01	0,00	1464,64
2590	10.07.2025 07:30:09	14,85	-0,05	0,01	0,00	1464,64
2591	10.07.2025 07:30:10	14,85	-0,05	0,01	0,00	1464,64
2592	10.07.2025 07:30:11	14,85	-0,07	0,01	0,00	1464,64
2593	10.07.2025 07:30:12	14,85	-0,07	0,01	0,00	1464,64
2594	10.07.2025 07:30:13	14,85	-0,07	0,01	0,00	1464,64
2595	10.07.2025 07:30:14	14,85	-0,05	0,01	0,00	1464,64
2596	10.07.2025 07:30:15	14,85	-0,07	0,01	0,00	1464,64
2597	10.07.2025 07:30:16	14,85	-0,05	0,01	0,00	1464,64
2598	10.07.2025 07:30:17	14,88	-0,05	0,01	0,00	1464,75
2599	10.07.2025 07:30:18	14,88	-0,07	0,01	0,00	1464,75
2600	10.07.2025 07:30:19	14,88	-0,07	0,01	0,00	1464,75
2601	10.07.2025 07:30:20	14,88	-0,05	0,01	0,00	1464,75
2602	10.07.2025 07:30:21	14,88	-0,05	0,01	0,00	1464,75
2603	10.07.2025 07:30:22	14,88	-0,07	0,01	0,00	1464,75
2604	10.07.2025 07:30:23	14,88	-0,07	0,01	0,00	1464,75
2605	10.07.2025 07:30:24	14,88	-0,05	0,01	0,00	1464,75
2606	10.07.2025 07:30:25	14,88	-0,05	0,01	0,00	1464,75
2607	10.07.2025 07:30:26	14,88	-0,07	0,01	0,00	1464,75
2608	10.07.2025 07:30:27	14,88	-0,05	0,01	0,00	1464,75
2609	10.07.2025 07:30:28	14,88	-0,05	0,01	0,00	1464,75
2610	10.07.2025 07:30:29	14,88	-0,07	0,01	0,00	1464,75
2611	10.07.2025 07:30:30	14,88	-0,07	0,01	0,00	1464,75
2612	10.07.2025 07:30:31	14,88	-0,07	0,01	0,00	1464,75
2613	10.07.2025 07:30:32	14,88	-0,07	0,01	0,00	1464,75
2614	10.07.2025 07:30:33	14,88	-0,07	0,01	0,00	1464,75
2615	10.07.2025 07:30:34	14,88	-0,07	0,01	0,00	1464,75
2616	10.07.2025 07:30:35	14,88	-0,07	0,01	0,00	1464,75
2617	10.07.2025 07:30:36	14,91	-0,07	0,01	0,00	1464,86
2618	10.07.2025 07:30:37	14,91	-0,05	0,01	0,00	1464,86
2619	10.07.2025 07:30:38	14,91	-0,07	0,01	0,00	1464,86
2620	10.07.2025 07:30:39	14,91	-0,07	0,01	0,00	1464,86
2621	10.07.2025 07:30:40	14,91	-0,05	0,01	0,00	1464,86
2622	10.07.2025 07:30:41	14,91	-0,07	0,01	0,00	1464,86
2623	10.07.2025 07:30:42	14,91	-0,05	0,01	0,00	1464,86
2624	10.07.2025 07:30:43	14,91	-0,07	0,01	0,00	1464,86
2625	10.07.2025 07:30:44	14,91	-0,07	0,01	0,00	1464,86
2626	10.07.2025 07:30:45	14,91	-0,05	0,01	0,00	1464,86
2627	10.07.2025 07:30:46	14,91	-0,05	0,01	0,00	1464,86
2628	10.07.2025 07:30:47	14,91	-0,07	0,01	0,00	1464,86
2629	10.07.2025 07:30:48	14,91	-0,07	0,01	0,00	1464,86
2630	10.07.2025 07:30:49	14,91	-0,07	0,01	0,00	1464,86
2631	10.07.2025 07:30:50	14,91	-0,05	0,01	0,00	1464,86
2632	10.07.2025 07:30:51	14,91	-0,07	0,01	0,00	1464,86
2633	10.07.2025 07:30:52	14,94	-0,07	0,01	0,00	1464,96
2634	10.07.2025 07:30:53	14,94	-0,07	0,01	0,00	1464,96
2635	10.07.2025 07:30:54	14,94	-0,07	0,01	0,00	1464,96
2636	10.07.2025 07:30:55	14,94	-0,05	0,01	0,00	1464,97
2637	10.07.2025 07:30:56	14,94	-0,07	0,01	0,00	1464,96
2638	10.07.2025 07:30:57	14,94	-0,08	0,01	0,00	1464,96
2639	10.07.2025 07:30:58	14,94	-0,07	0,01	0,00	1464,96
2640	10.07.2025 07:30:59	14,94	-0,07	0,01	0,00	1464,96
2641	10.07.2025 07:31:00	14,94	-0,07	0,01	0,00	1464,96
2642	10.07.2025 07:31:01	14,94	-0,07	0,01	0,00	1464,96
2643	10.07.2025 07:31:02	14,94	-0,05	0,01	0,00	1464,97
2644	10.07.2025 07:31:03	14,94	-0,07	0,01	0,00	1464,96
2645	10.07.2025 07:31:04	14,94	-0,07	0,01	0,00	1464,96
2646	10.07.2025 07:31:05	14,94	-0,07	0,01	0,00	1464,96
2647	10.07.2025 07:31:06	14,94	-0,07	0,01	0,00	1464,96
2648	10.07.2025 07:31:07	14,97	-0,07	0,01	0,00	1465,07
2649	10.07.2025 07:31:08	14,97	-0,07	0,01	0,00	1465,07
2650	10.07.2025 07:31:09	14,97	-0,07	0,01	0,00	1465,07
2651	10.07.2025 07:31:10	14,97	-0,07	0,01	0,00	1465,07
2652	10.07.2025 07:31:11	14,97	-0,07	0,01	0,00	1465,07
2653	10.07.2025 07:31:12	14,97	-0,07	0,01	0,00	1465,07
2654	10.07.2025 07:31:13	14,97	-0,07	0,01	0,00	1465,07
2655	10.07.2025 07:31:14	14,97	-0,07	0,01	0,00	1465,07
2656	10.07.2025 07:31:15	14,97	-0,07	0,01	0,00	1465,07
2657	10.07.2025 07:31:16	14,97	-0,07	0,01	0,00	1465,07
2658	10.07.2025 07:31:17	14,97	-0,07	0,01	0,00	1465,07
2659	10.07.2025 07:31:18	14,97	-0,07	0,01	0,00	1465,07
2660	10.07.2025 07:31:19	14,97	-0,07	0,01	0,00	1465,07
2661	10.07.2025 07:31:20	14,97	-0,07	0,01	0,00	1465,07
2662	10.07.2025 07:31:21	14,97	-0,07	0,01	0,00	1465,07
2663	10.07.2025 07:31:22	14,97	-0,07	0,01	0,00	1465,07
2664	10.07.2025 07:31:23	14,97	-0,07	0,01	0,00	1465,07
2665	10.07.2025 07:31:24	14,97	-0,07	0,01	0,00	1465,07
2666	10.07.2025 07:31:25	15,00	-0,07	0,01	0,00	1465,18
2667	10.07.2025 07:31:26	15,00	-0,07	0,01	0,00	1465,18
2668	10.07.2025 07:31:27	15,00	-0,07	0,01	0,00	1465,18
2669	10.07.2025 07:31:28	15,00	-0,07	0,01	0,00	1465,18
2670	10.07.2025 07:31:29	15,00	-0,07	0,01	0,00	1465,18
2671	10.07.2025 07:31:30	15,00	-0,07	0,01	0,00	1465,18
2672	10.07.2025 07:31:31	15,00	-0,05	0,01	0,00	1465,18
2673	10.07.2025 07:31:32	15,00	-0,07	0,01	0,00	1465,18
2674	10.07.2025 07:31:33	15,00	-0,07	0,01	0,00	1465,18
2675	10.07.2025 07:31:34	15,00	-0,08	0,01	0,00	1465,18
2676	10.07.2025 07:31:35	15,00	-0,07	0,01	0,00	1465,18
2677	10.07.2025 07:31:36	15,00	-0,07	0,01	0,00	1465,18
2678	10.07.2025 07:31:37	15,00	-0,07	0,01	0,00	1465,18
2679	10.07.2025 07:31:38	15,00	-0,07	0,01	0,00	1465,18
2680	10.07.2025 07:31:39	15,03	-0,07	0,01	0,00	1465,29
2681	10.07.2025 07:31:40	15,03	-0,07	0,01	0,00	1465,29
2682	10.07.2025 07:31:41	15,03	-0,07	0,01	0,00	1465,29
2683	10.07.2025 07:31:42	15,03	-0,08	0,01	0,00	1465,28
2684	10.07.2025 07:31:43	15,03	-0,08	0,01	0,00	1465,28
2685	10.07.2025 07:31:44	15,03	-0,07	0,01	0,00	1465,29
2686	10.07.2025 07:31:45	15,03	-0,07	0,01	0,00	1465,29
2687	10.07.2025 07:31:46	15,03	-0,07	0,01	0,00	1465,29
2688	10.07.2025 07:31:47	15,03	-0,07	0,01	0,00	1465,29
2689	10.07.2025 07:31:48	15,03	-0,07	0,01	0,00	1465,29
2690	10.07.2025 07:31:49	15,06	-0,08	0,01	0,00	1465,39
2691	10.07.2025 07:31:50	15,06	-0,07	0,01	0,00	1465,39
2692	10.07.2025 07:31:51	15,06	-0,07	0,01	0,00	1465,39
2693	10.07.2025 07:31:52	15,06	-0,08	0,01	0,00	1465,39
2694	10.07.2025 07:31:53	15,06	-0,08	0,01	0,00	1465,39
2695	10.07.2025 07:31:54	15,06	-0,07	0,01	0,00	1465,39
2696	10.07.2025 07:31:55	15,06	-0,07	0,01	0,00	1465,39
2697	10.07.2025 07:31:56	15,06	-0,08	0,01	0,00	1465,39
2698	10.07.2025 07:31:57	15,06	-0,07	0,01	0,00	1465,39
2699	10.07.2025 07:31:58	15,06	-0,07	0,01	0,00	1465,39
2700	10.07.2025 07:31:59	15,06	-0,07	0,01	0,00	1465,39
2701	10.07.2025 07:32:00	15,06	-0,08	0,01	0,00	1465,39
2702	10.07.2025 07:32:01	15,06	-0,07	0,01	0,00	1465,39
2703	10.07.2025 07:32:02	15,09	-0,05	0,01	0,00	1465,50
2704	10.07.2025 07:32:03	15,09	-0,05	0,01	0,00	1465,50
2705	10.07.2025 07:32:04	15,09	-0,05	0,01	0,00	1465,50
2706	10.07.2025 07:32:05	15,09	-0,05	0,01	0,00	1465,50
2707	10.07.2025 07:32:06	15,09	-0,07	0,01	0,00	1465,50
2708	10.07.2025 07:32:07	15,09	-0,05	0,01	0,00	1465,50
2709	10.07.2025 07:32:08	15,09	-0,05	0,01	0,00	1465,50
2710	10.07.2025 07:32:09	15,09	-0,07	0,01	0,00	1465,50
2711	10.07.2025 07:32:10	15,09	-0,05	0,01	0,00	1465,50
2712	10.07.2025 07:32:11	15,09	-0,05	0,01	0,00	1465,50
2713	10.07.2025 07:32:12	15,09	-0,05	0,01	0,00	1465,50
2714	10.07.2025 07:32:13	15,09	-0,05	0,01	0,00	1465,50
2715	10.07.2025 07:32:14	15,09	-0,05	0,01	0,00	1465,50
2716	10.07.2025 07:32:15	15,12	-0,05	0,01	0,00	1465,61
2717	10.07.2025 07:32:16	15,12	-0,07	0,01	0,00	1465,61
2718	10.07.2025 07:32:17	15,12	-0,05	0,01	0,00	1465,61
2719	10.07.2025 07:32:18	15,12	-0,05	0,01	0,00	1465,61
2720	10.07.2025 07:32:19	15,12	-0,05	0,01	0,00	1465,61
2721	10.07.2025 07:32:20	15,12	-0,07	0,01	0,00	1465,61
2722	10.07.2025 07:32:21	15,12	-0,07	0,01	0,00	1465,61
2723	10.07.2025 07:32:22	15,12	-0,07	0,01	0,00	1465,61
2724	10.07.2025 07:32:23	15,12	-0,05	0,01	0,00	1465,61
2725	10.07.2025 07:32:24	15,12	-0,07	0,01	0,00	1465,61
2726	10.07.2025 07:32:25	15,12	-0,07	0,01	0,00	1465,61
2727	10.07.2025 07:32:26	15,12	-0,07	0,01	0,00	1465,61
2728	10.07.2025 07:32:27	15,12	-0,07	0,01	0,00	1465,61
2729	10.07.2025 07:32:28	15,12	-0,07	0,01	0,00	1465,61
2730	10.07.2025 07:32:29	15,12	-0,07	0,01	0,00	1465,61
2731	10.07.2025 07:32:30	15,15	-0,05	0,01	0,00	1465,72
2732	10.07.2025 07:32:31	15,15	-0,07	0,01	0,00	1465,72
2733	10.07.2025 07:32:32	15,15	-0,07	0,01	0,00	1465,72
2734	10.07.2025 07:32:33	15,15	-0,07	0,01	0,00	1465,72
2735	10.07.2025 07:32:34	15,15	-0,07	0,01	0,00	1465,72
2736	10.07.2025 07:32:35	15,15	-0,05	0,01	0,00	1465,72
2737	10.07.2025 07:32:36	15,15	-0,07	0,01	0,00	1465,72
2738	10.07.2025 07:32:37	15,15	-0,07	0,01	0,00	1465,72
2739	10.07.2025 07:32:38	15,15	-0,07	0,01	0,00	1465,72
2740	10.07.2025 07:32:39	15,15	-0,05	0,01	0,00	1465,72
2741	10.07.2025 07:32:40	15,15	-0,07	0,01	0,00	1465,72
2742	10.07.2025 07:32:41	15,15	-0,07	0,01	0,00	1465,72
2743	10.07.2025 07:32:42	15,15	-0,07	0,01	0,00	1465,72
2744	10.07.2025 07:32:43	15,19	-0,07	0,01	0,00	1465,82
2745	10.07.2025 07:32:44	15,19	-0,07	0,01	0,00	1465,82
2746	10.07.2025 07:32:45	15,19	-0,05	0,01	0,00	1465,83
2747	10.07.2025 07:32:46	15,19	-0,05	0,01	0,00	1465,83
2748	10.07.2025 07:32:47	15,19	-0,07	0,01	0,00	1465,82
2749	10.07.2025 07:32:48	15,19	-0,07	0,01	0,00	1465,82
2750	10.07.2025 07:32:49	15,19	-0,05	0,01	0,00	1465,83
2751	10.07.2025 07:32:50	15,19	-0,05	0,01	0,00	1465,83
2752	10.07.2025 07:32:51	15,19	-0,07	0,01	0,00	1465,82
2753	10.07.2025 07:32:52	15,19	-0,07	0,01	0,00	1465,82
2754	10.07.2025 07:32:53	15,19	-0,07	0,01	0,00	1465,82
2755	10.07.2025 07:32:54	15,19	-0,05	0,01	0,00	1465,83
2756	10.07.2025 07:32:55	15,19	-0,05	0,01	0,00	1465,83
2757	10.07.2025 07:32:56	15,19	-0,07	0,01	0,00	1465,82
2758	10.07.2025 07:32:57	15,22	-0,07	0,01	0,00	1465,93
2759	10.07.2025 07:32:58	15,22	-0,05	0,01	0,00	1465,93
2760	10.07.2025 07:32:59	15,22	-0,07	0,01	0,00	1465,93
2761	10.07.2025 07:33:00	15,22	-0,07	0,01	0,00	1465,93
2762	10.07.2025 07:33:01	15,22	-0,07	0,01	0,00	1465,93
2763	10.07.2025 07:33:02	15,22	-0,07	0,01	0,00	1465,93
2764	10.07.2025 07:33:03	15,22	-0,05	0,01	0,00	1465,93
2765	10.07.2025 07:33:04	15,22	-0,07	0,01	0,00	1465,93
2766	10.07.2025 07:33:05	15,22	-0,05	0,01	0,00	1465,93
2767	10.07.2025 07:33:06	15,22	-0,07	0,01	0,00	1465,93
2768	10.07.2025 07:33:07	15,22	-0,07	0,01	0,00	1465,93
2769	10.07.2025 07:33:08	15,22	-0,07	0,01	0,00	1465,93
2770	10.07.2025 07:33:09	15,22	-0,07	0,01	0,00	1465,93
2771	10.07.2025 07:33:10	15,22	-0,07	0,01	0,00	1465,93
2772	10.07.2025 07:33:11	15,22	-0,05	0,01	0,00	1465,93
2773	10.07.2025 07:33:12	15,25	-0,07	0,01	0,00	1466,04
2774	10.07.2025 07:33:13	15,25	-0,07	0,01	0,00	1466,04
2775	10.07.2025 07:33:14	15,25	-0,07	0,01	0,00	1466,04
2776	10.07.2025 07:33:15	15,25	-0,05	0,01	0,00	1466,04
2777	10.07.2025 07:33:16	15,25	-0,07	0,01	0,00	1466,04
2778	10.07.2025 07:33:17	15,25	-0,05	0,01	0,00	1466,04
2779	10.07.2025 07:33:18	15,25	-0,07	0,01	0,00	1466,04
2780	10.07.2025 07:33:19	15,25	-0,07	0,01	0,00	1466,04
2781	10.07.2025 07:33:20	15,25	-0,07	0,01	0,00	1466,04
2782	10.07.2025 07:33:21	15,25	-0,07	0,01	0,00	1466,04
2783	10.07.2025 07:33:22	15,25	-0,07	0,01	0,00	1466,04
2784	10.07.2025 07:33:23	15,25	-0,07	0,01	0,00	1466,04
2785	10.07.2025 07:33:24	15,25	-0,07	0,01	0,00	1466,04
2786	10.07.2025 07:33:25	15,25	-0,07	0,01	0,00	1466,04
2787	10.07.2025 07:33:26	15,25	-0,07	0,01	0,00	1466,04
2788	10.07.2025 07:33:27	15,28	-0,05	0,01	0,00	1466,15
2789	10.07.2025 07:33:28	15,28	-0,07	0,01	0,00	1466,14
2790	10.07.2025 07:33:29	15,28	-0,07	0,01	0,00	1466,14
2791	10.07.2025 07:33:30	15,28	-0,05	0,01	0,00	1466,15
2792	10.07.2025 07:33:31	15,28	-0,07	0,01	0,00	1466,14
2793	10.07.2025 07:33:32	15,28	-0,07	0,01	0,00	1466,14
2794	10.07.2025 07:33:33	15,28	-0,07	0,01	0,00	1466,14
2795	10.07.2025 07:33:34	15,28	-0,07	0,01	0,00	1466,14
2796	10.07.2025 07:33:35	15,28	-0,07	0,01	0,00	1466,14
2797	10.07.2025 07:33:36	15,28	-0,07	0,01	0,00	1466,14
2798	10.07.2025 07:33:37	15,28	-0,05	0,01	0,00	1466,15
2799	10.07.2025 07:33:38	15,28	-0,07	0,01	0,00	1466,14
2800	10.07.2025 07:33:39	15,28	-0,05	0,01	0,00	1466,15
2801	10.07.2025 07:33:40	15,28	-0,07	0,01	0,00	1466,14
2802	10.07.2025 07:33:41	15,28	-0,07	0,01	0,00	1466,14
2803	10.07.2025 07:33:42	15,28	-0,07	0,01	0,00	1466,14
2804	10.07.2025 07:33:43	15,31	-0,07	0,01	0,00	1466,25
2805	10.07.2025 07:33:44	15,31	-0,07	0,01	0,00	1466,25
2806	10.07.2025 07:33:45	15,31	-0,07	0,01	0,00	1466,25
2807	10.07.2025 07:33:46	15,31	-0,07	0,01	0,00	1466,25
2808	10.07.2025 07:33:47	15,31	-0,05	0,01	0,00	1466,25
2809	10.07.2025 07:33:48	15,31	-0,07	0,01	0,00	1466,25
2810	10.07.2025 07:33:49	15,31	-0,05	0,01	0,00	1466,25
2811	10.07.2025 07:33:50	15,31	-0,07	0,01	0,00	1466,25
2812	10.07.2025 07:33:51	15,31	-0,07	0,01	0,00	1466,25
2813	10.07.2025 07:33:52	15,31	-0,07	0,01	0,00	1466,25
2814	10.07.2025 07:33:53	15,31	-0,05	0,01	0,00	1466,25
2815	10.07.2025 07:33:54	15,31	-0,08	0,01	0,00	1466,25
2816	10.07.2025 07:33:55	15,31	-0,07	0,01	0,00	1466,25
2817	10.07.2025 07:33:56	15,31	-0,07	0,01	0,00	1466,25
2818	10.07.2025 07:33:57	15,31	-0,07	0,01	0,00	1466,25
2819	10.07.2025 07:33:58	15,31	-0,07	0,01	0,00	1466,25
2820	10.07.2025 07:33:59	15,31	-0,07	0,01	0,00	1466,25
2821	10.07.2025 07:34:00	15,34	-0,07	0,01	0,00	1466,36
2822	10.07.2025 07:34:01	15,34	-0,07	0,01	0,00	1466,36
2823	10.07.2025 07:34:02	15,34	-0,08	0,01	0,00	1466,35
2824	10.07.2025 07:34:03	15,34	-0,07	0,01	0,00	1466,36
2825	10.07.2025 07:34:04	15,34	-0,07	0,01	0,00	1466,36
2826	10.07.2025 07:34:05	15,34	-0,07	0,01	0,00	1466,36
2827	10.07.2025 07:34:06	15,34	-0,07	0,01	0,00	1466,36
2828	10.07.2025 07:34:07	15,34	-0,05	0,01	0,00	1466,36
2829	10.07.2025 07:34:08	15,34	-0,07	0,01	0,00	1466,36
2830	10.07.2025 07:34:09	15,34	-0,05	0,01	0,00	1466,36
2831	10.07.2025 07:34:10	15,34	-0,05	0,01	0,00	1466,36
2832	10.07.2025 07:34:11	15,34	-0,07	0,01	0,00	1466,36
2833	10.07.2025 07:34:12	15,34	-0,05	0,01	0,00	1466,36
2834	10.07.2025 07:34:13	15,34	-0,07	0,01	0,00	1466,36
2835	10.07.2025 07:34:14	15,34	-0,05	0,01	0,00	1466,36
2836	10.07.2025 07:34:15	15,34	-0,07	0,01	0,00	1466,36
2837	10.07.2025 07:34:16	15,34	-0,07	0,01	0,00	1466,36
2838	10.07.2025 07:34:17	15,34	-0,07	0,01	0,00	1466,36
2839	10.07.2025 07:34:18	15,34	-0,05	0,01	0,00	1466,36
2840	10.07.2025 07:34:19	15,37	-0,07	0,01	0,00	1466,46
2841	10.07.2025 07:34:20	15,37	-0,05	0,01	0,00	1466,46
2842	10.07.2025 07:34:21	15,37	-0,07	0,01	0,00	1466,46
2843	10.07.2025 07:34:22	15,37	-0,05	0,01	0,00	1466,46
2844	10.07.2025 07:34:23	15,37	-0,07	0,01	0,00	1466,46
2845	10.07.2025 07:34:24	15,37	-0,07	0,01	0,00	1466,46
2846	10.07.2025 07:34:25	15,37	-0,07	0,01	0,00	1466,46
2847	10.07.2025 07:34:26	15,37	-0,07	0,01	0,00	1466,46
2848	10.07.2025 07:34:27	15,37	-0,07	0,01	0,00	1466,46
2849	10.07.2025 07:34:28	15,37	-0,07	0,01	0,00	1466,46
2850	10.07.2025 07:34:29	15,37	-0,07	0,01	0,00	1466,46
2851	10.07.2025 07:34:30	15,37	-0,07	0,01	0,00	1466,46
2852	10.07.2025 07:34:31	15,37	-0,07	0,01	0,00	1466,46
2853	10.07.2025 07:34:32	15,37	-0,07	0,01	0,00	1466,46
2854	10.07.2025 07:34:33	15,37	-0,07	0,01	0,00	1466,46
2855	10.07.2025 07:34:34	15,37	-0,07	0,01	0,00	1466,46
2856	10.07.2025 07:34:35	15,37	-0,07	0,01	0,00	1466,46
2857	10.07.2025 07:34:36	15,37	-0,08	0,01	0,00	1466,46
2858	10.07.2025 07:34:37	15,40	-0,07	0,01	0,00	1466,57
2859	10.07.2025 07:34:38	15,40	-0,07	0,01	0,00	1466,57
2860	10.07.2025 07:34:39	15,40	-0,07	0,01	0,00	1466,57
2861	10.07.2025 07:34:40	15,40	-0,07	0,01	0,00	1466,57
2862	10.07.2025 07:34:41	15,40	-0,07	0,01	0,00	1466,57
2863	10.07.2025 07:34:42	15,40	-0,07	0,01	0,00	1466,57
2864	10.07.2025 07:34:43	15,40	-0,07	0,01	0,00	1466,57
2865	10.07.2025 07:34:44	15,40	-0,07	0,01	0,00	1466,57
2866	10.07.2025 07:34:45	15,40	-0,07	0,01	0,00	1466,57
2867	10.07.2025 07:34:46	15,40	-0,07	0,01	0,00	1466,57
2868	10.07.2025 07:34:47	15,40	-0,07	0,01	0,00	1466,57
2869	10.07.2025 07:34:48	15,40	-0,07	0,01	0,00	1466,57
2870	10.07.2025 07:34:49	15,40	-0,07	0,01	0,00	1466,57
2871	10.07.2025 07:34:50	15,40	-0,07	0,01	0,00	1466,57
2872	10.07.2025 07:34:51	15,40	-0,07	0,01	0,00	1466,57
2873	10.07.2025 07:34:52	15,40	-0,07	0,01	0,00	1466,57
2874	10.07.2025 07:34:53	15,40	-0,07	0,01	0,00	1466,57
2875	10.07.2025 07:34:54	15,43	-0,07	0,01	0,00	1466,67
2876	10.07.2025 07:34:55	15,43	-0,07	0,01	0,00	1466,67
2877	10.07.2025 07:34:56	15,43	-0,07	0,01	0,00	1466,67
2878	10.07.2025 07:34:57	15,43	-0,08	0,01	0,00	1466,67
2879	10.07.2025 07:34:58	15,43	-0,07	0,01	0,00	1466,67
2880	10.07.2025 07:34:59	15,43	-0,07	0,01	0,00	1466,67
2881	10.07.2025 07:35:00	15,43	-0,08	0,01	0,00	1466,67
2882	10.07.2025 07:35:01	15,43	-0,07	0,01	0,00	1466,67
2883	10.07.2025 07:35:02	15,43	-0,07	0,01	0,00	1466,67
2884	10.07.2025 07:35:03	15,43	-0,07	0,01	0,00	1466,67
2885	10.07.2025 07:35:04	15,46	-0,05	0,01	0,00	1466,78
2886	10.07.2025 07:35:05	15,46	-0,05	0,01	0,00	1466,78
2887	10.07.2025 07:35:06	15,46	-0,03	0,01	0,00	1466,79
2888	10.07.2025 07:35:07	15,46	-0,05	0,01	0,00	1466,78
2889	10.07.2025 07:35:08	15,46	-0,07	0,01	0,00	1466,78
2890	10.07.2025 07:35:09	15,46	-0,05	0,01	0,00	1466,78
2891	10.07.2025 07:35:10	15,46	-0,05	0,01	0,00	1466,78
2892	10.07.2025 07:35:11	15,46	-0,05	0,01	0,00	1466,78
2893	10.07.2025 07:35:12	15,49	-0,05	0,01	0,00	1466,89
2894	10.07.2025 07:35:13	15,49	-0,05	0,01	0,00	1466,89
2895	10.07.2025 07:35:14	15,49	-0,05	0,01	0,00	1466,89
2896	10.07.2025 07:35:15	15,49	-0,05	0,01	0,00	1466,89
2897	10.07.2025 07:35:16	15,49	-0,05	0,01	0,00	1466,89
2898	10.07.2025 07:35:17	15,49	-0,05	0,01	0,00	1466,89
2899	10.07.2025 07:35:18	15,52	-0,05	0,01	0,00	1466,99
2900	10.07.2025 07:35:19	15,52	-0,05	0,01	0,00	1466,99
2901	10.07.2025 07:35:20	15,52	-0,07	0,01	0,00	1466,99
2902	10.07.2025 07:35:21	15,52	-0,07	0,01	0,00	1466,99
2903	10.07.2025 07:35:22	15,52	-0,05	0,01	0,00	1466,99
2904	10.07.2025 07:35:23	15,52	-0,05	0,01	0,00	1466,99
2905	10.07.2025 07:35:24	15,52	-0,07	0,01	0,00	1466,99
2906	10.07.2025 07:35:25	15,52	-0,07	0,01	0,00	1466,99
2907	10.07.2025 07:35:26	15,52	-0,05	0,01	0,00	1466,99
2908	10.07.2025 07:35:27	15,52	-0,07	0,01	0,00	1466,99
2909	10.07.2025 07:35:28	15,52	-0,07	0,01	0,00	1466,99
2910	10.07.2025 07:35:29	15,52	-0,05	0,01	0,00	1466,99
2911	10.07.2025 07:35:30	15,52	-0,05	0,01	0,00	1466,99
2912	10.07.2025 07:35:31	15,52	-0,07	0,01	0,00	1466,99
2913	10.07.2025 07:35:32	15,52	-0,07	0,01	0,00	1466,99
2914	10.07.2025 07:35:33	15,52	-0,05	0,01	0,00	1466,99
2915	10.07.2025 07:35:34	15,52	-0,07	0,01	0,00	1466,99
2916	10.07.2025 07:35:35	15,55	-0,07	0,01	0,00	1467,10
2917	10.07.2025 07:35:36	15,55	-0,05	0,01	0,00	1467,10
2918	10.07.2025 07:35:37	15,55	-0,07	0,01	0,00	1467,10
2919	10.07.2025 07:35:38	15,55	-0,07	0,01	0,00	1467,10
2920	10.07.2025 07:35:39	15,55	-0,07	0,01	0,00	1467,10
2921	10.07.2025 07:35:40	15,55	-0,07	0,01	0,00	1467,10
2922	10.07.2025 07:35:41	15,55	-0,07	0,01	0,00	1467,10
2923	10.07.2025 07:35:42	15,55	-0,05	0,01	0,00	1467,10
2924	10.07.2025 07:35:43	15,55	-0,07	0,01	0,00	1467,10
2925	10.07.2025 07:35:44	15,55	-0,07	0,01	0,00	1467,10
2926	10.07.2025 07:35:45	15,55	-0,05	0,01	0,00	1467,10
2927	10.07.2025 07:35:46	15,55	-0,07	0,01	0,00	1467,10
2928	10.07.2025 07:35:47	15,55	-0,05	0,01	0,00	1467,10
2929	10.07.2025 07:35:48	15,55	-0,05	0,01	0,00	1467,10
2930	10.07.2025 07:35:49	15,55	-0,07	0,01	0,00	1467,10
2931	10.07.2025 07:35:50	15,55	-0,05	0,01	0,00	1467,10
2932	10.07.2025 07:35:51	15,55	-0,07	0,01	0,00	1467,10
2933	10.07.2025 07:35:52	15,55	-0,07	0,01	0,00	1467,10
2934	10.07.2025 07:35:53	15,55	-0,05	0,01	0,00	1467,10
2935	10.07.2025 07:35:54	15,55	-0,05	0,01	0,00	1467,10
2936	10.07.2025 07:35:55	15,58	-0,07	0,01	0,00	1467,20
2937	10.07.2025 07:35:56	15,58	-0,05	0,01	0,00	1467,21
2938	10.07.2025 07:35:57	15,58	-0,05	0,01	0,00	1467,21
2939	10.07.2025 07:35:58	15,58	-0,05	0,01	0,00	1467,21
2940	10.07.2025 07:35:59	15,58	-0,07	0,01	0,00	1467,20
2941	10.07.2025 07:36:00	15,58	-0,07	0,01	0,00	1467,20
2942	10.07.2025 07:36:01	15,58	-0,07	0,01	0,00	1467,20
2943	10.07.2025 07:36:02	15,58	-0,05	0,01	0,00	1467,21
2944	10.07.2025 07:36:03	15,58	-0,05	0,01	0,00	1467,21
2945	10.07.2025 07:36:04	15,58	-0,07	0,01	0,00	1467,20
2946	10.07.2025 07:36:05	15,58	-0,05	0,01	0,00	1467,21
2947	10.07.2025 07:36:06	15,58	-0,07	0,01	0,00	1467,20
2948	10.07.2025 07:36:07	15,58	-0,05	0,01	0,00	1467,21
2949	10.07.2025 07:36:08	15,58	-0,07	0,01	0,00	1467,20
2950	10.07.2025 07:36:09	15,61	-0,05	0,01	0,00	1467,31
2951	10.07.2025 07:36:10	15,61	-0,07	0,01	0,00	1467,31
2952	10.07.2025 07:36:11	15,61	-0,07	0,01	0,00	1467,31
2953	10.07.2025 07:36:12	15,61	-0,07	0,01	0,00	1467,31
2954	10.07.2025 07:36:13	15,61	-0,07	0,01	0,00	1467,31
2955	10.07.2025 07:36:14	15,61	-0,08	0,01	0,00	1467,30
2956	10.07.2025 07:36:15	15,61	-0,07	0,01	0,00	1467,31
2957	10.07.2025 07:36:16	15,61	-0,05	0,01	0,00	1467,31
2958	10.07.2025 07:36:17	15,61	-0,05	0,01	0,00	1467,31
2959	10.07.2025 07:36:18	15,61	-0,07	0,01	0,00	1467,31
2960	10.07.2025 07:36:19	15,61	-0,07	0,01	0,00	1467,31
2961	10.07.2025 07:36:20	15,61	-0,05	0,01	0,00	1467,31
2962	10.07.2025 07:36:21	15,61	-0,07	0,01	0,00	1467,31
2963	10.07.2025 07:36:22	15,61	-0,05	0,01	0,00	1467,31
2964	10.07.2025 07:36:23	15,64	-0,07	0,01	0,00	1467,41
2965	10.07.2025 07:36:24	15,64	-0,07	0,01	0,00	1467,41
2966	10.07.2025 07:36:25	15,64	-0,07	0,01	0,00	1467,41
2967	10.07.2025 07:36:26	15,64	-0,05	0,01	0,00	1467,42
2968	10.07.2025 07:36:27	15,64	-0,07	0,01	0,00	1467,41
2969	10.07.2025 07:36:28	15,64	-0,07	0,01	0,00	1467,41
2970	10.07.2025 07:36:29	15,64	-0,07	0,01	0,00	1467,41
2971	10.07.2025 07:36:30	15,64	-0,07	0,01	0,00	1467,41
2972	10.07.2025 07:36:31	15,64	-0,07	0,01	0,00	1467,41
2973	10.07.2025 07:36:32	15,64	-0,07	0,01	0,00	1467,41
2974	10.07.2025 07:36:33	15,64	-0,07	0,01	0,00	1467,41
2975	10.07.2025 07:36:34	15,64	-0,07	0,01	0,00	1467,41
2976	10.07.2025 07:36:35	15,64	-0,07	0,01	0,00	1467,41
2977	10.07.2025 07:36:36	15,64	-0,07	0,01	0,00	1467,41
2978	10.07.2025 07:36:37	15,67	-0,07	0,01	0,00	1467,52
2979	10.07.2025 07:36:38	15,67	-0,07	0,01	0,00	1467,52
2980	10.07.2025 07:36:39	15,67	-0,07	0,01	0,00	1467,52
2981	10.07.2025 07:36:40	15,67	-0,07	0,01	0,00	1467,52
2982	10.07.2025 07:36:41	15,67	-0,08	0,01	0,00	1467,52
2983	10.07.2025 07:36:42	15,67	-0,07	0,01	0,00	1467,52
2984	10.07.2025 07:36:43	15,67	-0,07	0,01	0,00	1467,52
2985	10.07.2025 07:36:44	15,67	-0,08	0,01	0,00	1467,52
2986	10.07.2025 07:36:45	15,67	-0,07	0,01	0,00	1467,52
2987	10.07.2025 07:36:46	15,67	-0,07	0,01	0,00	1467,52
2988	10.07.2025 07:36:47	15,67	-0,07	0,01	0,00	1467,52
2989	10.07.2025 07:36:48	15,67	-0,05	0,01	0,00	1467,52
2990	10.07.2025 07:36:49	15,67	-0,07	0,01	0,00	1467,52
2991	10.07.2025 07:36:50	15,67	-0,07	0,01	0,00	1467,52
2992	10.07.2025 07:36:51	15,70	-0,07	0,01	0,00	1467,62
2993	10.07.2025 07:36:52	15,70	-0,07	0,01	0,00	1467,62
2994	10.07.2025 07:36:53	15,70	-0,07	0,01	0,00	1467,62
2995	10.07.2025 07:36:54	15,70	-0,07	0,01	0,00	1467,62
2996	10.07.2025 07:36:55	15,70	-0,07	0,01	0,00	1467,62
2997	10.07.2025 07:36:56	15,70	-0,07	0,01	0,00	1467,62
2998	10.07.2025 07:36:57	15,70	-0,07	0,01	0,00	1467,62
2999	10.07.2025 07:36:58	15,70	-0,05	0,01	0,00	1467,63
3000	10.07.2025 07:36:59	15,70	-0,07	0,01	0,00	1467,62
3001	10.07.2025 07:37:00	15,70	-0,07	0,01	0,00	1467,62
3002	10.07.2025 07:37:01	15,70	-0,08	0,01	0,00	1467,62
3003	10.07.2025 07:37:02	15,70	-0,07	0,01	0,00	1467,62
3004	10.07.2025 07:37:03	15,70	-0,07	0,01	0,00	1467,62
3005	10.07.2025 07:37:04	15,73	-0,07	0,01	0,00	1467,73
3006	10.07.2025 07:37:05	15,73	-0,07	0,01	0,00	1467,73
3007	10.07.2025 07:37:06	15,73	-0,07	0,01	0,00	1467,73
3008	10.07.2025 07:37:07	15,73	-0,07	0,01	0,00	1467,73
3009	10.07.2025 07:37:08	15,73	-0,07	0,01	0,00	1467,73
3010	10.07.2025 07:37:09	15,73	-0,07	0,01	0,00	1467,73
3011	10.07.2025 07:37:10	15,73	-0,07	0,01	0,00	1467,73
3012	10.07.2025 07:37:11	15,73	-0,07	0,01	0,00	1467,73
3013	10.07.2025 07:37:12	15,73	-0,08	0,01	0,00	1467,73
3014	10.07.2025 07:37:13	15,73	-0,07	0,01	0,00	1467,73
3015	10.07.2025 07:37:14	15,73	-0,08	0,01	0,00	1467,73
3016	10.07.2025 07:37:15	15,73	-0,07	0,01	0,00	1467,73
3017	10.07.2025 07:37:16	15,73	-0,08	0,01	0,00	1467,73
3018	10.07.2025 07:37:17	15,76	-0,08	0,01	0,00	1467,83
3019	10.07.2025 07:37:18	15,76	-0,07	0,01	0,00	1467,83
3020	10.07.2025 07:37:19	15,76	-0,07	0,01	0,00	1467,83
3021	10.07.2025 07:37:20	15,76	-0,07	0,01	0,00	1467,83
3022	10.07.2025 07:37:21	15,76	-0,08	0,01	0,00	1467,83
3023	10.07.2025 07:37:22	15,76	-0,07	0,01	0,00	1467,83
3024	10.07.2025 07:37:23	15,76	-0,07	0,01	0,00	1467,83
3025	10.07.2025 07:37:24	15,76	-0,08	0,01	0,00	1467,83
3026	10.07.2025 07:37:25	15,76	-0,07	0,01	0,00	1467,83
3027	10.07.2025 07:37:26	15,76	-0,08	0,01	0,00	1467,83
3028	10.07.2025 07:37:27	15,76	-0,07	0,01	0,00	1467,83
3029	10.07.2025 07:37:28	15,76	-0,07	0,01	0,00	1467,83
3030	10.07.2025 07:37:29	15,79	-0,08	0,01	0,00	1467,93
3031	10.07.2025 07:37:30	15,76	-0,07	0,01	0,00	1467,83
3032	10.07.2025 07:37:31	15,79	-0,08	0,01	0,00	1467,93
3033	10.07.2025 07:37:32	15,79	-0,07	0,01	0,00	1467,94
3034	10.07.2025 07:37:33	15,79	-0,08	0,01	0,00	1467,93
3035	10.07.2025 07:37:34	15,79	-0,08	0,01	0,00	1467,93
3036	10.07.2025 07:37:35	15,79	-0,07	0,01	0,00	1467,94
3037	10.07.2025 07:37:36	15,79	-0,07	0,01	0,00	1467,94
3038	10.07.2025 07:37:37	15,79	-0,07	0,01	0,00	1467,94
3039	10.07.2025 07:37:38	15,79	-0,08	0,01	0,00	1467,93
3040	10.07.2025 07:37:39	15,79	-0,07	0,01	0,00	1467,94
3041	10.07.2025 07:37:40	15,79	-0,08	0,01	0,00	1467,93
3042	10.07.2025 07:37:41	15,79	-0,07	0,01	0,00	1467,94
3043	10.07.2025 07:37:42	15,82	-0,05	0,01	0,00	1468,05
3044	10.07.2025 07:37:43	15,79	-0,07	0,01	0,00	1467,94
3045	10.07.2025 07:37:44	15,82	-0,05	0,01	0,00	1468,05
3046	10.07.2025 07:37:45	15,82	-0,07	0,01	0,00	1468,04
3047	10.07.2025 07:37:46	15,82	-0,05	0,01	0,00	1468,05
3048	10.07.2025 07:37:47	15,82	-0,05	0,01	0,00	1468,05
3049	10.07.2025 07:37:48	15,82	-0,05	0,01	0,00	1468,05
3050	10.07.2025 07:37:49	15,82	-0,05	0,01	0,00	1468,05
3051	10.07.2025 07:37:50	15,82	-0,07	0,01	0,00	1468,04
3052	10.07.2025 07:37:51	15,82	-0,08	0,01	0,00	1468,04
3053	10.07.2025 07:37:52	15,82	-0,05	0,01	0,00	1468,05
3054	10.07.2025 07:37:53	15,82	-0,07	0,01	0,00	1468,04
3055	10.07.2025 07:37:54	15,82	-0,07	0,01	0,00	1468,04
3056	10.07.2025 07:37:55	15,82	-0,07	0,01	0,00	1468,04
3057	10.07.2025 07:37:56	15,82	-0,07	0,01	0,00	1468,04
3058	10.07.2025 07:37:57	15,85	-0,07	0,01	0,00	1468,15
3059	10.07.2025 07:37:58	15,85	-0,07	0,01	0,00	1468,15
3060	10.07.2025 07:37:59	15,85	-0,05	0,01	0,00	1468,15
3061	10.07.2025 07:38:00	15,85	-0,07	0,01	0,00	1468,15
3062	10.07.2025 07:38:01	15,85	-0,05	0,01	0,00	1468,15
3063	10.07.2025 07:38:02	15,85	-0,05	0,01	0,00	1468,15
3064	10.07.2025 07:38:03	15,85	-0,05	0,01	0,00	1468,15
3065	10.07.2025 07:38:04	15,85	-0,05	0,01	0,00	1468,15
3066	10.07.2025 07:38:05	15,85	-0,07	0,01	0,00	1468,15
3067	10.07.2025 07:38:06	15,85	-0,05	0,01	0,00	1468,15
3068	10.07.2025 07:38:07	15,85	-0,05	0,01	0,00	1468,15
3069	10.07.2025 07:38:08	15,85	-0,05	0,01	0,00	1468,15
3070	10.07.2025 07:38:09	15,85	-0,05	0,01	0,00	1468,15
3071	10.07.2025 07:38:10	15,85	-0,05	0,01	0,00	1468,15
3072	10.07.2025 07:38:11	15,88	-0,07	0,01	0,00	1468,25
3073	10.07.2025 07:38:12	15,88	-0,05	0,01	0,00	1468,25
3074	10.07.2025 07:38:13	15,88	-0,05	0,01	0,00	1468,25
3075	10.07.2025 07:38:14	15,88	-0,07	0,01	0,00	1468,25
3076	10.07.2025 07:38:15	15,88	-0,05	0,01	0,00	1468,25
3077	10.07.2025 07:38:16	15,88	-0,05	0,01	0,00	1468,25
3078	10.07.2025 07:38:17	15,88	-0,05	0,01	0,00	1468,25
3079	10.07.2025 07:38:18	15,88	-0,05	0,01	0,00	1468,25
3080	10.07.2025 07:38:19	15,91	-0,07	0,01	0,00	1468,36
3081	10.07.2025 07:38:20	15,91	-0,05	0,01	0,00	1468,36
3082	10.07.2025 07:38:21	15,91	-0,07	0,01	0,00	1468,36
3083	10.07.2025 07:38:22	15,91	-0,07	0,01	0,00	1468,36
3084	10.07.2025 07:38:23	15,91	-0,07	0,01	0,00	1468,36
3085	10.07.2025 07:38:24	15,94	-0,07	0,01	0,00	1468,46
3086	10.07.2025 07:38:25	15,98	-0,07	0,01	0,00	1468,56
3087	10.07.2025 07:38:26	16,01	-0,05	0,01	0,00	1468,67
3088	10.07.2025 07:38:27	16,04	-0,03	0,01	0,00	1468,78
3089	10.07.2025 07:38:28	16,19	-0,12	0,01	0,00	1469,28
3090	10.07.2025 07:38:29	16,34	-0,19	0,01	0,00	1469,79
3091	10.07.2025 07:38:30	16,49	-0,19	0,01	0,00	1470,30
3092	10.07.2025 07:38:31	16,70	-0,15	0,01	0,00	1471,02
3093	10.07.2025 07:38:32	16,79	-0,12	0,01	0,00	1471,33
3094	10.07.2025 07:38:33	16,82	-0,12	0,01	0,00	1471,43
3095	10.07.2025 07:38:34	16,94	-0,08	0,01	0,00	1471,84
3096	10.07.2025 07:38:35	17,15	-0,14	0,01	0,00	1472,53
3097	10.07.2025 07:38:36	17,27	-0,14	0,01	0,00	1472,93
3098	10.07.2025 07:38:37	17,36	-0,14	0,01	0,00	1473,23
3099	10.07.2025 07:38:38	17,45	-0,14	0,01	0,00	1473,53
3100	10.07.2025 07:38:39	17,54	-0,14	0,01	0,00	1473,83
3101	10.07.2025 07:38:40	17,60	-0,14	0,01	0,00	1474,03
3102	10.07.2025 07:38:41	17,66	-0,12	0,01	0,00	1474,23
3103	10.07.2025 07:38:42	17,84	-0,15	0,04	0,07	1474,85
3104	10.07.2025 07:38:43	18,08	-0,26	0,04	0,07	1475,61
3105	10.07.2025 07:38:44	18,17	-0,26	0,04	0,07	1475,90
3106	10.07.2025 07:38:45	18,22	-0,26	0,04	0,07	1476,10
3107	10.07.2025 07:38:46	18,31	-0,26	0,04	0,07	1476,39
3108	10.07.2025 07:38:47	18,37	-0,28	0,04	0,07	1476,58
